v 0 -0.1 -0.0119807340074342
v 0 -0.1 0.012
v 3.26572e-19 -0.08922927111563 -0.0117552348586952
v 3.26572e-19 -0.0842152921325556 0.0116318935009257
v 3.26572e-19 -0.0822977284104108 -0.0116770637878603
v 3.26572e-19 -0.0684900201587019 -0.0118909463105617
v 0.000263254180756907 -0.0677962335734019 0.012
v 7.49544982803273e-05 -0.0614003692357092 -0.012
v 0.000297161152165232 -0.0590062915026643 0.012
v 3.26572e-19 -0.0537734 -0.012
v 3.26572e-19 -0.0531688290045171 0.012
v 0.00033011543583791 -0.0472841236312372 -0.012
v 3.26572e-19 -0.0398915 -0.012
v 3.26572e-19 -0.0299046027206859 -0.012
v 0.000161981433521301 -0.0303427697555238 0.012
v 0.000280868986379456 -0.0223707622841174 -0.012
v 0.000364281970295893 -0.0197402541967479 0.012
v 3.26572e-19 -0.0183685543934885 -0.012
v 3.26572e-19 -0.0152411111364501 -0.0118878560019273
v 0.000204793487425327 -0.0104529176035839 -0.012
v 3.26572e-19 -0.00583987071419032 0.0116898004130155
v 0.000380041437009674 -0.00413094809270868 -0.012
v -1.24683249835833e-18 0.008 -0.0116856610117436
v 3.26572e-19 0.00785579017153506 0.012
v 0.00160070412888407 -0.0515336703584851 -0.00354855367805198
v 0.00150296348993274 -0.0496832962781305 -0.000298440083857967
v 0.00151344032287736 -0.0102593139453066 -0.00866116472221039
v 0.00163945924670858 -0.0860276354252425 0.00783686299165597
v 0.00151726140842067 -0.0864229885636529 0.00618396184825456
v 0.00167231 -0.0843386360512999 0.00766457026601879
v 0.00160779254317055 -0.0835554875833001 0.00891092456947312
v 0.00160304895000347 -0.0225498016407972 0.00044117718565872
v 0.00160418199352299 -0.0510665504278918 0.0089431383166415
v 0.00166817142672987 -0.0157871207061883 -0.00983312281936781
v 0.00169581109113968 -0.087592113994449 -0.0116327270410513
v 0.001560900529598 0.00173361462296258 -0.00850175650295554
v 0.00165039030489998 0.000975758369822558 0.00902624307726779
v 0.00173784 -0.0140485658195455 -0.00785515483365989
v 0.0017203040143189 -0.0518756212647005 -0.00148895135756192
v 0.00173288218171311 -0.0863591216532326 -0.012
v 0.00156878710925375 -0.0171659066246078 -0.010374676850979
v 0.00182199925859668 0.00260054824315061 0.0081807
v 0.00169154713204978 -0.0477223954080857 -0.000586509596597797
v 0.00195216991925831 0.00302836944746269 0.000195378304502276
v 0.00209732789473694 -0.053928579740649 0.00758501370960059
v 0.0015370042758451 -0.0164893840774953 -0.012
v 0.00176090789591765 -0.0526717504783659 -0.00471735094668959
v 0.00197964033823866 -0.0504293242389963 0.000201678400764166
v 0.00208021888560719 0.000124906508477438 -0.00759389469692651
v 0.00188293506725591 -0.0160053230232616 -0.00829420340423679
v 0.0014020546190824 -0.0527533041977746 -0.012
v 0.00192265199495764 -0.0501177063818339 -0.00162212494840121
v 0.00185495938739472 -0.0236615383655619 -0.000763188498562599
v 0.00199259950381193 -0.0866053782473806 0.00775989552449894
v 0.00228503 -0.0510234 -0.00461599432415959
v 0.00220770777901441 0.00286898876088978 -0.00922804366080203
v 0.00249909749001871 -0.0170116614221804 -0.0088717927471992
v 0.00827708172347849 -0.0761947751827162 -0.000593760177746045
v 0.00242977532764343 -0.00182442435007382 0.00949683134200028
v 0.00227757572148737 -0.0860254648773029 0.00402843660699071
v 0.0021807 -0.0879225415592486 0.00497835260306654
v 0.00240788965684569 -0.051005026369077 -0.012
v 0.00242212272941563 -0.0149655348192426 -0.00974565817887734
v 0.00275479787309541 -0.0178226107792143 -0.0104655085664747
v 0.00271491747262279 -0.0139851868648602 -0.00752336991719268
v 0.00252260679835078 -0.0484785457383038 0.000973692587544742
v 0.00213030384495539 -0.0854187853213947 0.00638847694162217
v 0.00253077467973904 -0.0185462789491233 -0.012
v 0.00254225067974008 0.00191717884176513 0.000997260032364047
v 0.00260802030090076 -0.0828448550511995 0.00750585189182946
v 0.00273486346419201 -0.0627191200736963 0.00947146505035329
v 0.0025813394212735 -0.0879955613893312 -0.012
v 0.00239188 -0.0853815739856029 0.00888390923945195
v 0.0025976935523218 0.00411191034622333 -0.00853867479828323
v 0.00831383238257224 -0.0727476703808497 0.000166927395823078
v 0.00271651875935349 -0.0465561413941987 -0.000976235843350277
v 0.0025200336704699 0.0032219748308244 -0.00767231
v 0.00264505224965715 0.00306441677443374 -0.00092533584004486
v 0.00277547742034937 0.00425013328988654 -0.000321816486233901
v 0.00251405298255125 -0.0170659093815636 0.000999073871205362
v 0.00289162669536063 -0.0352790434229777 0.00758026251820538
v 0.00271671587951728 0.00393865202777473 0.00910517
v 0.0028011024913302 -0.0513436518933158 -0.000349093602752028
v 0.00276250499002813 0.00244630042682186 0.00949853
v 0.00286002216505658 -0.0528380206632552 -0.00306557321655446
v 0.0034527639793701 0.00460528406127798 0.0078123
v 0.00288620037996988 -0.0860789697011312 -0.012
v 0.0343822035292289 -0.00721339182850606 0.00732304152398442
v 0.0138940897827754 -0.0685544759893791 0.000315229206849219
v 0.00314079151697505 -0.0531401687744323 -0.012
v 0.00274973727653191 -0.0385934785579066 -0.000967260571518911
v 0.00298724950790453 -0.0161281006800205 -0.011828125
v 0.00317223753489763 -0.0425975185968147 0.000739342090307007
v 0.00366222670994723 0.00293549051383275 -0.00932769
v 0.00326550561986867 -0.086803433867908 0.00715642814955449
v 0.0123947695002167 -0.070522936550185 -0.00202216281150113
v 0.00310517 -0.051169237483873 -0.00355681923396672
v 0.00326216 -0.0149970418627864 -0.00937123515159306
v 0.00304765791928233 -0.0158408053283128 -0.00813962940600664
v 0.00304265063907428 -0.0492935697658433 -0.00111573649570466
v 0.00334886006674668 -0.0875260050484756 0.00323220489477953
v 0.00474895695117101 0.00562664107261426 0.000297717268588503
v 0.00344770781722363 0.00144609910295047 0.0089106238532792
v 0.00346433022004818 -0.0846261301082515 0.00843688063396135
v 0.00337780281526043 -0.0169362040260306 -0.00964444546186422
v 0.00334520098900524 -0.0514679117839428 -0.012
v 3.26572e-19 -0.0804755981235624 -0.00510975813848333
v 0.00342670871624624 -0.0140872990379559 -0.00812952720921169
v 0.0034453643228814 -0.0863979297523754 0.00589855104269233
v 0.0034962556484859 -0.0599589597029463 0.00857879229368822
v 0.00387449891482305 -0.0171603479395095 -0.012
v 0.00348617916475835 -0.0492323890887434 -2.44632141839614e-05
v 0.00349303305158896 -0.0871047001148606 -0.012
v 0.00349156217492643 -0.0335292935458766 -0.00012225822170464
v 0.00349853 -0.0516026751466414 -0.00232847012730468
v 0.00339774224627897 0.00243783774328082 -0.00768540545102019
v 0.012041710718513 -0.0807087477946765 0.00644065491961744
v 0.0032996648240276 0.00057196536460298 0.00790008857911174
v 0.0301691675975875 -0.0307046159203166 -0.00703747548161729
v 0.00345314147584097 0.00107070155131009 0.000312868092890372
v 0.00404014244524523 0.00466246584347687 -0.000907116163905033
v 0.00370434295712731 0.00211131217908896 -0.00864776708182895
v 0.00459416800608997 0.00457276334534047 0.000998533
v 0.00419650375950584 0.00535104282588773 -0.00813471293996169
v 0.00616297150958827 -0.0704820736929947 0.000672309593788965
v 0.00401701062804165 0.00481866500912412 -0.00932769
v 0.0049880181983519 0.00464040088467037 -0.00750147
v 0.005 -0.077 -0.012
v 0.00480953704408435 -0.0773630406032712 0.012
v 0.005 -0.0727429 -0.012
v 0.005 -0.0727429 0.012
v 0.005 -0.0692571 -0.012
v 0.0049920803493707 -0.0697338882293814 0.012
v 0.005 -0.0666746 -0.012
v 0.005 -0.0671567610338736 0.0117935400934964
v 0.005 -0.0633254 0.012
v 0.005 -0.0632538499999997 -0.012
v 0.005 -0.0606091 -0.012
v 0.00470236532974619 -0.0606082128319575 0.012
v 0.005 -0.0573909 -0.012
v 0.005 -0.0573909 0.012
v 0.005 -0.0549197260507946 -0.0117335555450172
v 0.00496437894389102 -0.0545154607391456 0.012
v 0.005 -0.0514532 -0.012
v 0.005 -0.0514532 0.012
v 0.00466314182407327 -0.0486951211174695 -0.012
v 0.005 -0.0484881 0.012
v 0.005 -0.0455119 -0.012
v 0.00513735985900111 -0.045612630294254 0.0116364375047609
v 0.005 -0.0424334 -0.012
v 0.005 -0.0424334 0.012
v 0.00538299856485883 -0.0398168244931525 0.0118153458787011
v 0.00536496371027692 -0.0365924468148526 -0.0117065953202489
v 0.005 -0.0363832 0.012
v 0.005 -0.0336168 -0.012
v 0.0049647266716616 -0.0331292115028171 0.012
v 0.00526534484070293 -0.030469003499565 -0.0116290310601038
v 0.00469821082662131 -0.0304502853820836 0.012
v 0.00469354285686893 -0.0275973431285368 -0.012
v 0.005 -0.0276619 0.012
v 0.005 -0.0242985 -0.012
v 0.005 -0.0242985 0.012
v 0.005 -0.0217015 -0.012
v 0.00483171032621672 -0.0220479985205983 0.012
v 0.005 -0.0182649 -0.012
v 0.005 -0.0183079740857416 0.0117767463221073
v 0.00538941617742927 -0.0158649053924764 -0.012
v 0.00487730811001867 -0.015466672572281 0.012
v 0.005 -0.0122379 -0.012
v 0.005 -0.0126316034199932 0.012
v 0.005 -0.00938023047698746 -0.0116907211416549
v 0.005 -0.00621789 -0.012
v 0.00482219714751146 -0.0062067696703531 0.012
v 0.00500147 -0.0915349079562205 -0.012
v 0.0148666901016217 -0.0662051069379233 0.00127045871479457
v 0.0129356861387856 -0.0610011875706337 -0.000466823987869383
v 0.0140249840603123 -0.0254318501895165 -0.00106385450822202
v 0.00861687130596217 -0.0668458037623498 0.00174901556719773
v 0.0104345944678165 -0.0686150439837584 -0.00736454708716739
v 0.00198445 -0.0861431 -0.0012196427486256
v 0.0116874822852895 -0.056892343444478 -0.0119435938736676
v 0.0101506777991902 -0.0746825027247327 -0.0030980552172365
v 0.0140774272870569 -0.0551448845019405 -0.00106667861789663
v 0.00517597202612559 -0.0920552775601473 -0.000361812352745301
v 0.00539460584880034 -0.0906932884555466 -0.0118213865757106
v 0.00519959379864218 -0.0953946508024229 -0.012
v 0.0053171284285051 0.00446245211250518 -0.00943960572129801
v 0.00428970375511123 0.00526295765944078 0.00908707125347923
v 0.00482255865385733 0.00372827032645034 -0.000607775856945307
v 0.00521707598468199 0.00440939287931257 0.00943499097075829
v 0.00522246 -0.00981845 0.012
v 0.0051862162018477 -0.0909097240482794 0.000528952914523113
v 0.0258157238530262 -0.0176891173831688 0.000217822299509163
v 0.00930382739458881 -0.0676691722294704 -0.012
v 0.0142977025447644 -0.0121175159114604 -0.00306778711828091
v 0.0122711644861477 -0.0737517381850845 -0.0078396974688306
v 0.00460627941602451 0.00332738821946792 -0.008584819873257
v 0.00528468364522752 -0.0914954791562493 0.00338850519766661
v 0.00851835597841039 -0.0729630969323744 -0.00706008873608642
v 0.0359440229207452 -0.00370987740212066 0.00703943092558501
v 0.0166947579325062 -0.0640585195053125 0.00185027006611276
v 0.0124933101709203 -0.0472786538232667 0.00848077987283646
v 0.00769385055926822 -0.0166330474976899 0.00735887635775217
v 0.00613751000358219 0.00562839169766397 -0.00926216
v 0.00566695999640477 0.00399384179324293 0.000456244064246707
v 0.0134256169538942 -0.0781321209619359 -0.00156534414412245
v 0.0329401828812718 -0.0123185499497117 0.00885769477693048
v 0.0117494923673889 -0.0179849287830931 0.00797406279029585
v 0.0115995367168769 -0.0244293279295513 -0.00374297872218061
v 0.00559912824492715 -0.0927178341943153 -0.012
v 0.00528413043507905 0.00545892612544238 0.0077231195548198
v 0.0242878602300717 -0.005 -0.000517582435568327
v 0.0110757349929279 -0.0137770722873077 0.00803121230052381
v 0.00947232898590972 -0.0133708804201348 0.0017623890088149
v 0.0123987370122862 0.00544020570590642 0.00733463389480043
v 0.00574691861134918 -0.090427422383484 0.00262557054106838
v 0.005 -0.0733005039883031 0.00635642182633969
v 0.0160958190566693 -0.0194337051369716 -0.00268073493796019
v 0.00733793137898862 0.00594765 -0.0081807
v 3.26572e-19 -0.0546243639321133 0.0012325378607304
v 0.0176473945913711 -0.0812859136380836 9.66678952730466e-05
v 0.008874575 -0.060852175 -0.012
v 0.00635229584743527 0.00537425977753912 -0.000923489616910119
v 0.0328538323297307 -0.0127666203071205 0.00351382025111742
v 0.0128523642976524 -0.0743175760071617 0.00648486417264571
v 0.00563072151485175 0.000328473061658485 -0.012
v 0.00605537565582207 -0.000455437749232572 0.012
v 0.00620244177425338 0.00087081003391107 0.012
v 0.00635524275041752 -0.00113634346384847 -0.0116673555930288
v 0.00608442467563726 -0.0904937028363553 -0.0020451670619625
v 0.010620900224226 -0.062412220924411 0.0118399308186618
v 0.00668506968560903 0.00474792881280962 0.00753304686844248
v 0.0114884437107339 -0.059824059493934 -0.00880919503949729
v 0.00609132719495973 -0.0924841496942814 9.20257127976908e-05
v 0.00782120967030465 0.00516178 0.000986827
v 0.00863199134768189 0.00596945043952385 -0.000240790317003722
v 0.0127493498067244 -0.0511947540310608 0.00433023438679487
v 0.0145625486493998 -0.0146603896637755 0.012
v 0.00658425732877159 0.00193395705828104 -0.012
v 0.00691124545486545 -0.0916651680574565 0.00508897115160688
v 0.00664837363544801 -0.00179247433524561 0.012
v 0.00664617240186955 -0.0922504730477274 -0.012
v 0.00673870038405889 -0.0908170360218511 -0.012
v 0.00662187061230977 -0.0900935257524657 0.0067499905061835
v 0.00678266 -0.0711348 -0.012
v 0.00682701546441874 -0.0909269400155152 0.000527089366257781
v 0.00680861775627129 -0.0920753942798211 -0.000525949349191394
v 0.0180940917480003 -0.00605174465749076 -0.00103833537417209
v 0.00728456413857227 -0.0895183211907724 0.00506458139554661
v 0.00897393198061581 -0.0609409588978146 -0.00554799205156429
v 0.0196773537775247 -0.0781905320356469 -0.00256490857382575
v 0.00710522514855448 -0.0915325823828118 0.00251883236910048
v 0.00752806210311032 -0.0535093514448813 0.0118400218487661
v 0.00757487941226806 -0.0883729498681189 0.00713676933816908
v 0.00717727 -0.0654446 0.012
v 0.00810080234697207 -0.0601609635012541 0.0118658703996874
v 0.0073902038462562 0.00190330677376412 0.012
v 0.007562550709836 -0.0019511552056973 -0.012
v 0.0195300938161443 -0.00873644056619627 -0.00846412935033607
v 0.00805453667239622 0.00199704416481463 -0.012
v 0.00837906125130652 -0.0925114411936365 0.012
v 0.0076542989898534 -0.0800081859934422 -0.0117408045728462
v 0.00835773329858608 -0.0900993094327017 0.00752214353901275
v 0.00828002724387529 -0.0761978935207896 0.0116054285455997
v 0.00849636027818195 -0.00193479982596051 0.012
v 0.00873700697504528 -0.0877114073650602 0.00705043572627103
v 0.0096622442807875 -0.0741680288176726 0.0119852954520709
v 0.00926950622559348 0.00154194036153768 0.0118865020784355
v 0.00931319003171556 -0.0015048336083216 -0.012
v 0.00927250637193291 0.00153939191853988 -0.011676380098225
v 0.0100196135324992 -0.0710232006742985 -0.012
v 0.00958245 -0.0711348 0.012
v 0.00958935363775331 -0.00139528491623677 0.012
v 0.0097219876362346 -0.0861369569228252 0.0086630716469447
v 0.00999707 -9.30053234934099e-05 -0.012
v 0.00999707 0 0.012
v 0.0102990504798321 -0.0302761414350736 -0.012
v 0.00930015474853806 -0.0297833468365254 0.012
v 0.010386393932752 -0.0881195538164901 0.00871463265452282
v 0.0104714509056626 -0.0831121464958318 -0.012
v 0.0100280429091853 -0.082698454896006 0.0119483027859909
v 0.0113047685070379 -0.0565811060215097 0.0118408861362773
v 0.0105195308268424 -0.0858250294036986 0.00769417162825587
v 0.021420002206349 -0.00662823399639365 0.00111292840269717
v 0.0340700779319554 -0.00825979164414058 0.00307326825058211
v 0.00856395521459811 -0.0923248667248247 -0.0117390181676435
v 0.0203696539003661 -0.037920452790979 0.00255512143416867
v 0.0149598 -0.0763688 -0.00704520568025132
v 0.0187600803685868 -0.0371263929508325 0.00869917469708984
v 0.0153488464657514 -0.0217145154885838 -0.00304089199591276
v 0.00264624404426682 -0.00450543728609954 -0.0011051415903215
v 3.26572e-19 -0.0562102583501315 0.00735255530281512
v 0.00340319107269329 -0.00793466713871041 0.000428735961528635
v 0.0109337395686017 -0.0899336638845643 -0.012
v 0.0113448365311779 -0.0865720531828528 0.00763114680497473
v 0.00788131625650231 -0.0290833742526334 -0.0046005527507199
v 0.0111225546285909 -0.0861450753863573 0.00949516040815316
v 0.0241794547652724 -0.0689531631964996 -0.00392139289561898
v 0.0243435382112527 -0.068557741293716 0.00495520253577957
v 0.0289632022526811 0.00422899867849382 -0.012
v 0.005 -0.0185229375498672 -0.00829384292370649
v 0.0119980849266439 -0.086535709706873 0.00869870817697076
v 0.0181547567444614 -0.005 -0.00833129706996651
v 8.66967251976145e-06 -0.0883185205219986 0.012
v 0.0120263 -0.005 0.012
v 0.01216185 -0.08055045 -0.012
v 0.0120455436527078 -0.0807037086454951 0.0119646140090379
v 0.0128743751776329 -0.0850207184023458 0.0091603741856535
v 0.0121818802222033 -0.0847595078164535 0.00750077591754592
v 0.0126182031327314 -0.0510985657550138 -0.0117148660189136
v 0.013205712111944 -0.0647213001345907 -0.012
v 0.0129645914178042 -0.0677241206144168 -0.012
v 0.0127641412548939 -0.0708824562937529 -0.012
v 0.0134670201563933 -0.0715665978978467 0.012
v 0.0131701779076022 -0.0848482795153935 0.00801490587547081
v 0.0207050923927397 -0.0354097485670754 -0.0118807988985815
v 0.0135923883571073 -0.0682849549123354 0.0116540181982599
v 0.0136694 -0.0783889 -0.012
v 0.0132707425165219 -0.0783320053459075 0.012
v 0.0143022463467394 -0.00463877245888088 -0.012
v 0.0132982685114593 -0.0612960549022755 -0.0119304013205125
v 0.0143240879229408 -0.0657203688672785 0.012
v 0.0143348860629908 -0.0805124249716729 0.00789278762450048
v 0.0153654101892385 -0.0794754668707865 0.00935587652080816
v 0.0149191458194447 -0.0626143688924031 0.012
v 0.014933579701004 -0.0595325682064316 0.012
v 0.0148653961657945 -0.0762769635827718 0.011824229653601
v 0.0146887273753956 -0.0761049542665591 -0.0117154055149255
v 0.0155006148946705 -0.0260417800496468 -0.012
v 0.0170304629538961 -0.0266741219093769 0.0116279840411219
v 0.0158322434996669 -0.0839873331522812 0.0116349757090612
v 0.0162092 -0.0742357 -0.012
v 0.0162669887704945 -0.0741267360331146 0.0117223644075041
v 0.0172929112118902 -0.0504647160457215 -0.0116309190525346
v 0.0164670190458706 -0.0470583187928759 -0.012
v 0.01698045 -0.0611973 -0.012
v 0.0175994601904181 -0.0788121280459161 0.00862731838139879
v 0.0175094 -0.0717841 -0.012
v 0.0177465481670541 -0.0717035945225163 0.012
v 0.0171122600505303 -0.0820823334615381 -0.00532932951554793
v 0.018257166294487 -0.0801403859732828 -0.012
v 0.0180718827013808 -0.0765423203499625 0.00754367170664067
v 0.0194720936772976 -0.0134283622495989 -0.012
v 0.0186772147581701 -0.0693073098411559 -0.0117134376317844
v 0.0185849 -0.0695268 0.012
v 0.0197281913442575 -0.0563125758633136 0.012
v 0.019303496988135 -0.0756557769956034 0.00887766222270435
v 0.0187293550767464 -0.0746245104741557 0.00949557
v 0.0198275305127169 -0.0779109663375319 0.011590690832012
v 0.0198168 -0.0665978 0.012
v 0.0199985719918116 -0.0422159411631454 -0.0116257909842237
v 0.0202459980440195 -0.0730614429285346 0.00932725696103905
v 0.0208020587780975 -0.016241086388919 -0.012
v 0.0206903 -0.0642146 0.012
v 0.0207391 -0.0640577 -0.012
v 0.00861763507728535 -0.0810999677747395 -0.00825728658674529
v 0.005 -0.0691123519539925 -0.00288371344437244
v 0.02113505 -0.0235108125 -0.012
v 0.0199387096173693 -0.0304731610159214 0.012
v 0.0284100203787527 -0.00610704973001379 0.000715658396857931
v 0.0216908663005726 -0.0212987163400315 -0.0117529516715153
v 0.0213337 -0.005 -0.012
v 0.0195168124169175 0.00774872434470154 -0.012
v 0.0221227880109884 -0.0654490220529553 0.00779339064120905
v 0.0214534184272899 -0.0605539382326631 -0.0116701077222516
v 0.0216823011122507 -0.0610243411023724 0.0117335605070514
v 0.00152110800388702 -0.00990380112988112 0.000203134257663345
v 0.0211159110429345 -0.0500956232340601 0.0117430396012567
v 0.0215409751928178 -0.045866712175963 0.0116346692683424
v 0.0215179296576541 -0.0430870013840427 0.012
v 0.0212221005989943 -0.038340984058714 0.0116433550496792
v 0.005 -0.0732255547268786 -0.00343223046799551
v 0.0219227864655945 0.008 0.012
v 0.0222424026449742 -0.000952450413825276 0.0116982487998878
v 0.0220903237329866 0.000586803469750883 0.012
v 0.0221077024487996 0.000638416243707694 -0.012
v 0.0219698056801809 -0.0239215044409472 0.0116692364208467
v 0.0223058705481349 -0.00921757581204956 -0.0119796204837475
v 0.0223371836212528 -0.00111003907414267 -0.012
v 0.0223339282486187 -0.0731639640082628 -0.012
v 0.0224933214777298 -0.0578332392170559 -0.012
v 0.0224036 -0.0582746 0.012
v 0.0229603563744537 -0.0676146303564169 0.00800341684533855
v 0.0227048751287566 -0.0632616992679352 0.00899437083005773
v 0.0213424760515906 -0.035724171352597 0.0116394510804882
v 0.0213639442187696 -0.0211897479679901 0.0118238555954742
v 0.0213785357813773 -0.0139112907834284 0.0116069983582289
v 0.0231936100661731 -0.00693566389742997 0.011733538769291
v 0.0232059 -0.0543279 0.012
v 0.0234100553338405 -0.0169017821132246 0.0119934254412381
v 0.0232486865831377 0.00185040389912683 0.012
v 0.0234279946791765 -0.0617038478392171 -0.00722095054427329
v 0.0156367121711011 0.00595354395106851 -0.000298075638147059
v 0.00747550218976919 -0.0657348776377235 -0.00185633174511153
v 0.00158175552521982 -0.0790117282955979 0.00889350110496625
v 0.0197664442905735 -0.0563406310377338 -0.00890675319457114
v 0.0158403997625865 -0.0670749783851255 -0.00937932290168373
v 3.26572e-19 -0.0485769994850577 0.0118214243884626
v 0.005 -0.04868501301567 -0.00759964935961894
v 0.0236226779769646 -0.0597590438978286 0.00884254
v 0.0236527836182275 -0.00196679748237104 -0.0116088986750091
v 0.0232839384933563 0.00206498433874555 -0.012
v 0.0232639053759093 -0.060984369345191 -0.0116525686633923
v 0.023494994687373 -0.0599633038194304 -0.00349749769858913
v 0.0233906155194354 -0.0610454853702892 -0.00500923946473011
v 0.024437454551637 -0.0071512682907583 -0.012
v 0.021713081213494 -0.00911482417864163 0.000535397826368464
v 0.012428813150134 -0.0378759255686146 -0.012
v 0.0236009 -0.0517192 -0.012
v 0.0239740777034792 -0.0519097594774028 0.012
v 0.0236210258477822 -0.0603737734287656 -0.00902352750767993
v 0.0078316587868238 -0.0930637862026992 -0.00375838818152395
v 0.0203523502610128 -0.0280471725948252 -0.00704727815027522
v 0.0180411977391374 -0.013065856369533 0.000302827724787852
v 0.0183372164692005 -0.06930552990274 0.00852915124731277
v 0.005 -0.0331781290694735 -0.00701374894831003
v 0.00958527000091572 -0.0261937496648737 0.00466420933903672
v 0.0198168 -0.0665978 -0.00750553902238205
v 0.00936272180065328 -0.032490376825211 -0.00323044687625875
v 0.011380993233851 0.00597662 -0.00021497
v 0.019696834997908 -0.0491684694385116 -0.012
v 0.0241389336287128 -0.0630321659365245 0.00762562933787097
v 0.0240116 -0.0472832 -0.012
v 0.0239850119383679 -0.0477054809788632 0.0117075217450217
v 0.0240684396598532 -0.0572312236079401 -0.00106263373353255
v 0.0243138494863507 -0.059020406774192 -0.00381061755233341
v 0.0131724376788117 -0.0316936653392653 0.00892545913301695
v 0.00807453763614111 -0.054155777499617 -0.012
v 0.0244269274422086 -0.062132777429782 -0.00881619812179281
v 0.0241798 -0.0446132 -0.012
v 0.0245609211505759 -0.0444676436294546 0.012
v 0.0241894350297005 -0.0621466504456269 -0.012
v 0.0222708488418704 -0.0288401592877196 0.0118018027677606
v 0.0113738788340655 0.008 -0.00954969405638474
v 0.0244813273982337 -0.0589926148124806 -0.000961413529426416
v 0.0261262264168243 -0.00744397940591518 0.000529915647294285
v 0.0187179547517851 -0.0692104452894079 -0.00135417074569665
v 0.0244739 -0.0399452 -0.00770367193241905
v 0.0243066540032036 -0.0618642657281392 -0.00537613831283754
v 0.0243583 -0.0398882 0.012
v 0.0245172554078825 -0.00210810558913835 0.012
v 0.0239965326428434 -0.06087088856575 -0.00327966034613919
v 0.0242800118544358 -0.0599734070332567 -0.012
v 0.00509162906023266 -0.0606909552301865 -0.00697352652182486
v 0.0244739 -0.0399452 -0.012
v 0.02450205 -0.0095982425 0.012
v 0.0149598 -0.0763688 -0.00297058479497632
v 0.0179448955349667 -0.0367242506503838 -0.012
v 0.0244959361274119 -0.0633983140621812 0.00890215839086015
v 0.0246374 -0.0373497 -0.012
v 0.0249095079111589 -0.0370741134134702 0.012
v 0.0211282048007101 -0.0283678624737469 0.00661903289517838
v 0.0245810377027058 -0.0561273909705687 0.0002555806527955
v 0.005 -0.0305563141984231 -0.00795771198283649
v 0.0163421083633846 -0.0401195806157983 -0.0119999999999515
v 0.0243167484944531 -0.0424390965131986 0.00851950182042915
v 0.0251480870627245 0.00163437814808993 0.0117835317580387
v 0.0247937799879966 -0.0541906891299513 -0.000415642217455409
v 0.011463179348377 -0.00733817453470452 0.00788450935216132
v 0.0105789271828064 -0.0559907512321068 -0.00310051822389024
v 0.00916151389841679 -0.0260185005913008 0.012
v 0.0126863887631773 -0.0577048376265156 0.00631977236071444
v 0.005 -0.0692571 -0.00768565830307776
v 0.00917771623677549 -0.0673916896433196 -0.00387517991670301
v 0.0250066748664638 -0.0539955471852426 0.0090909332260656
v 3.26572e-19 -0.0180814827140282 0.000727199040116687
v 0.0249403 -0.0325405 -0.012
v 0.0249223802717229 -0.0328250148802575 0.0118234257850374
v 3.26572e-19 -0.0642410913315357 -0.00838012231223328
v 0.0245768572405864 -0.0601859114319809 -0.00718632508465579
v 0.00896518943663053 -0.0170568275637761 0.00418872529941653
v 0.0250997 -0.0300094 -0.012
v 0.00803331749411695 -0.0353558772705983 0.00065344359993298
v 0.015445655 -0.019216975 0.012
v 0.0174916749550413 -0.0717682671871073 0.00126524599124291
v 0.005 -0.0217015 -0.0072586156785448
v 0.023822183722904 -0.0692201755654124 -0.012
v 0.0171716637357708 -0.0405951406308084 -0.00223737585540565
v 0.0251496621869792 -0.00163331001695473 -0.0119999999999941
v 0.0252679271734845 -0.0508430134045813 -0.000307011420194652
v 0.0330768971052871 -0.0117667997460966 -0.000950020719952583
v 0.00383806311971838 -0.082589087056988 -0.012
v 0.00259921976227692 0.008 -0.00831970708439147
v 0.0252445284112969 -0.0612405213660835 -0.00871870612960423
v 0.0217112099767235 -0.0312057393014819 0.00820577590819926
v 0.0252497889888273 -0.0564836766579999 -0.00163162067521597
v 0.0252057055516184 -0.0613650565265752 -0.00592787013840311
v 0.0254609312815975 -0.0617859916035259 -0.012
v 0.00753269131018669 -0.0412212722104409 0.00462690843111387
v 0.018337701621077 -0.0482805334522394 0.012
v 0.0086111446458323 -0.057483849203342 -0.00497496204392272
v 0.0352273763038598 -0.00506410762230888 -0.00778178349815467
v 0.025281025044383 -0.0514132350675386 0.00796616077816256
v 0.0260612085893045 0.00141856015410448 -0.012
v 0.0251039387753803 -0.0597641155938022 -0.00458609502942451
v 0.0187925205609679 -0.00617280553756936 0.00495293684675168
v 0.0111107461458811 -0.0628498417014219 -0.00851594207958607
v 0.0288317802352917 -0.0498771142225283 -0.0117889666209505
v 0.00752276626904477 -0.0798591274171275 0.00272437065213207
v 0.0253890152606422 -0.0254175309354939 0.012
v 0.0255201207355719 -0.0557379803018961 0.000750314825700729
v 0.0252689860321623 -0.0603446024055888 -0.00279571450997683
v 0.0256405532757863 -0.0523580632308868 0.000912797278118408
v 0.025567 -0.0225908 -0.012
v 0.0257433935812308 -0.0226089094688551 0.012
v 0.0116150320631031 -0.0762249944593232 0.0057466217900139
v 0.0126263592763298 -0.0879276008460111 -0.00460591808281288
v 0.0256889640430423 -0.0573312236188337 0.00767618758610737
v 0.00878252161136558 -0.0703562119959875 0.00747979029781145
v 0.0261637293440983 0.00774569976449313 -0.012
v 0.0255152169670208 -0.0599755534386777 0.0087988974708806
v 0.0256728832309598 -0.0494188860097899 0.000713243125238694
v 0.0258491878032181 -0.0575126491324646 -0.000280473883374127
v 0.0257695640127527 -0.000931279267797553 0.012
v 0.025800862626611 -0.0644521880522393 0.0117062613508169
v 0.0258362454903595 -0.0526369842851378 -0.000986622289345962
v 0.0257741935619869 -0.0578100270770492 -0.00187349052443577
v 0.0261624728036242 0.008 0.012
v 0.0257847522737366 -0.0441577710770674 -0.000370170251471949
v 0.0193281344397998 -0.0418315368972974 -0.00722722951503095
v 0.0261512232733522 -0.0534516542933583 0.00754438348232491
v 0.0134922739394949 -0.0649772878236206 -0.00873013506929442
v 2.87276476468258e-19 -0.0958423375861606 -0.0047892120343682
v 0.0261646003150067 0.00076233943884517 0.012
v 0.0259912 -0.01507985 0.012
v 0.0259606755207866 -0.000469427629821092 -0.012
v 0.0260976 -0.00987481 -0.012
v 0.026111 -0.01531905 -0.012
v 0.0170836772168101 -0.0222003972895996 -0.012
v 0.0165748090115516 -0.0540000965758148 0.00335504941692041
v 0.0262746814163204 -0.0495754115413897 -0.000995634390873536
v 0.0176453414153534 -0.0547851504859489 -0.00461121562182857
v 0.0265169 -0.0075117 0.0116067630792071
v 0.026375725 -0.0098864025 0.012
v 0.0267218193480065 -0.0487477668308947 0.00754482336494609
v 0.0264305776653696 -0.00749673625697927 -0.012
v 0.0263306954911604 -0.0547439857680146 -0.000780527719299984
v 0.026436875 -0.005 -0.012
v 0.0271041261330998 -0.0403076620824435 0.012
v 0.0266837125427996 -0.0541941775542298 0.00037987640703964
v 0.0265976 -0.005 0.012
v 0.0182402136676268 -0.0155920583983867 -0.00683955524550587
v 0.00902677860160153 -0.0196071595338672 -0.0119963511986326
v 0.0269690691315384 -0.060599701522426 -0.0116649331430375
v 0.0270393702206419 -0.0510984052734751 0.00801846818988607
v 0.0272162179850373 -0.0507767114363853 -0.000168978609880727
v 0.0265989424351316 -0.0333550491721506 -0.000607618044027545
v 0.0271322763456555 -0.0506499936234868 0.008911479218384
v 0.0269566833066399 -0.0593980544332212 0.012
v 0.0272877349602049 -0.0469315926766728 -0.00066362890941491
v 0.0273110624786784 -0.0188737830498865 -0.0112349086691376
v 0.027324711979235 -0.0189497029074671 -0.0101890159300624
v 0.0274171513227772 -0.0487989899956693 0.0083954631569417
v 0.0274572142643586 -0.017416121978452 -0.0092515055332591
v 0.02738424855167 -0.0393063800811971 -0.000930325413945506
v 0.0274515290391001 -0.020003794234526 -0.012
v 0.0278717868832098 -0.0196534096479886 0.00942336270669789
v 0.0278181257207688 -0.0162903683098321 0.000761584735108175
v 0.0277050892182362 -0.0132177948270308 -0.00820213246215369
v 0.0276517074944609 -0.0183007127834944 -0.012
v 0.0275858 -0.0181641 -0.0085492
v 0.0277628398625578 -0.0178495761057274 -0.0102599304533308
v 0.028263534209633 -0.0195289557558388 -0.00949915997408897
v 0.0282805131070915 -0.0278894826590972 0.000838539255438424
v 0.0279876673081428 -0.0547015376149124 -0.012
v 0.0284670172927967 -0.0528877281618565 0.0116698175705018
v 0.0286371606394082 -0.00138952643398774 0.00911668176038524
v 0.0286923786327949 -0.00111032758088628 -0.0078889867361395
v 0.0285140924437302 -0.00189954467464404 0.000515564301764261
v 0.0286454832280148 -0.00532725617672215 -0.00935859947371847
v 0.0286837813902587 -0.0162736298590297 -0.00753324242605995
v 0.0286313 -0.00135577 -0.000605174
v 0.028824369860671 -0.000873448964157069 0.00781319705131419
v 0.0287615779784051 -0.0181841730154485 -0.0118125244218253
v 0.0290236694889637 -0.018211550713605 -0.00841577826007042
v 0.0289434601935956 -0.0181114889590369 -0.0106142648090155
v 0.0292480832146187 -0.0192214900741361 -0.0104553577376288
v 0.029145040977674 0.000300158723969586 0.00875225855734133
v 0.0292280411955576 2.27714921091515e-05 -0.0091676225747218
v 0.0292564304619603 -0.0174777589233063 -0.00940724632231654
v 0.0295366946150975 -0.00191243519386321 0.00751376477724313
v 0.0292841592243157 -0.0191865329469339 -0.0119504623612975
v 0.0294325246254042 -0.00478625056195841 -0.00753029342573418
v 0.0294960854393195 -0.0156488776898781 -0.00833640989456888
v 0.0294518998837818 -0.00164735477320929 0.000998533
v 0.030002301996157 0.00093333698446111 -0.000629051773393064
v 0.029525579254185 -0.00669505320739567 -0.00939074677136945
v 0.0297441165044984 -0.0019432717955851 0.00942744432977942
v 0.0297548413401809 -0.00165458352296762 -0.0075663551299142
v 0.0297284133417806 0.000993829053506827 -0.00852092364471653
v 0.0300970908090762 -0.0315957728245931 -0.012
v 0.0302999123696288 0.000881557390711694 0.00766729918982307
v 0.0301513939700893 0.000436935603769076 -0.00754719996132149
v 0.030387962902309 -0.00025702797823245 -0.00943328637803333
v 0.0302172391005559 -0.00272155341041937 -0.000444553626798567
v 0.0305353416718087 -0.00120297150577628 0.00841895565387586
v 0.0304718121506424 -0.00137634543217988 -0.00855307833954531
v 0.0306986782649587 -0.0259845562932996 0.0118569705830911
v 0.0303543749714255 -0.00145126314921237 0.000419889
v 0.0302649638577011 0.00051878537312952 0.00945637281679287
v 0.0314900807270003 0.00180786854534074 0.000411176025009063
v 0.0311229267300455 0.00133188725611322 -0.00932628087492965
v 0.0315518360448013 0.000635389961848076 -0.000970209130534305
v 0.0310937229928784 -0.000223200217281134 -0.00791363797235111
v 0.0317710570958595 0.0019439912133371 0.00858914611367439
v 0.0318684193605219 -4.53159668223026e-05 0.00829796394415499
v 0.033314789637898 0.00156115 0.00767231
v 0.0316535299561144 -0.000136337514153977 -5.73737795229119e-06
v 0.0317519775088444 0.000311109622704522 0.00929541862204801
v 0.0322345394333402 -1.59609351503872e-06 -0.00839188
v 0.0320029775575106 0.000706366914973182 0.000964001706303435
v 0.0313208348955897 -0.0186568192380672 -0.012
v 0.0323723 0.00191737520126762 -0.00810479370497779
v 0.0328624109373077 0.000652928053252769 -0.00943676256350208
v 0.0328502918095252 0.00179606 -0.000605174
v 0.0321997273699709 0.000515080001976049 0.00762080739591177
v 0.0343859701337598 0.00032307936682496 0.000734217290766795
v 0.0326078675032477 -0.0140430374142538 0.012
v 0.0324322190578725 -0.0130304101181547 -0.012
v 0.0340726712236297 -0.0082506346355413 0.0116865330005486
v 0.0346684 -0.00648359500000002 -0.012
v 0.0361954089061095 -0.00331870297691145 0.0118156767915574
v 0.0358039529126886 -0.00320661255567869 -0.012
v 0.0379967375175758 -0.00168257126472137 -0.0117843022255893
v 0.0379964 -0.002 0.00968566550706746
v 0.037873249593558 -0.00200560311633907 -0.0039188683813641
v 0.0377240125975115 0.00293557523825403 -0.012
v 0.038 0.0025180926206346 0.0116461796192245
v 0.038 4.47832088021413e-06 0.00841677655277065
v 0.038 0.000162537644061153 -0.000544209043788436
v 0.038 0.000204386695094452 -0.00910577479979664
v 0.038 0.000211587841669779 -0.00788574691798615
v 0.038 0.000382575500078688 0.000784964064219494
v 0.038 0.00075964286618311 0.00946953915594673
v 0.038 0.000948406003901904 0.00750147
v 0.038 0.000998389932016251 -0.00750147
v 0.038 0.00182516958983799 0.0043745212393992
v 0.038 0.00124835115902058 -0.00946776365819937
v 0.038 0.00142570530149334 -0.000903250989697823
v 0.0375891581109436 0.00171845595192875 0.00919480789237228
v 0.038 0.00171404472643849 0.000698985693998354
v 0.0379998594818041 0.00222174512515913 -0.00816247404258824
v 0.038 0.00192343835085341 0.0081200105766553
v 0.038 0.00226212963063192 -0.000234868299558971
v 0.038 0.0040052268122733 0.00859643736228481
v 0.0376775863462872 0.00403978060447631 -0.00877403368881649
v 0.038 0.00371575436865743 0.000334619909515316
v 0.038 0.00420908510896007 -0.00788873638118883
v 0.038 0.00410127207860412 -0.000436585255908187
v 0.038 0.0044739412035548 0.00765117372297447
v 0.0379998091471288 0.00476782459462361 -0.00978589069753433
v 0.038 0.00456486960635572 0.0093989086333672
v 0.038 0.00484957044858479 0.00141218244449391
v 0.038 0.00521275322486413 -0.00752439133971477
v 0.038 0.00521465564662643 -0.000975188357668809
v 0.038 0.00544693769487684 0.00728456437307635
v 0.0378830722162023 0.00540838124525115 0.00941128559253516
v 0.038 0.00597550337712154 0.00871899130703866
v 0.038 0.00611676727673005 -0.000148296303224946
v 0.0379999716112328 0.00610921125142838 -0.00858588454687283
v 0.038 0.00524312732371183 0.00435494545742216
v 0.0379999669530627 0.00791738265673184 -0.0118087592009964
v 0.037607893646996 0.008 0.00103034811513609
v 0.038 0.00795517504317015 0.012
v 0.0267286269176889 -0.0284841154459719 0.00874102744255563
v 0.014049297397598 -0.0415714745635235 0.012
v 0.00820537459852216 -0.0130499213586175 0.00552472153572796
v 0.005 -0.0273076026251318 -0.00781165048080792
v 3.26572e-19 -0.0473331844596366 0.00474113429697968
v 0.00891691302710782 -0.0233205050834337 0.00747393405160033
v 0.0178069022026471 -0.0437258308863356 -0.00216515812298176
v 0.0135673115480422 -0.0345646351663156 0.00643743322747737
v 0.00339074671207453 -0.00206632649133759 -0.012
v 0.0140668200706513 -0.0280461283178395 0.00118719483661186
v 0.00834393795049795 -0.0319877766203892 0.00044169351846746
v 0.0179349110770135 -0.0619736024171656 0.00977887228072952
v 3.26572e-19 -0.0926608618155288 -0.00289032145766085
v 3.26572e-19 -0.0784875807179766 -0.00845626548865588
v 0.0153003955939086 0.008 -0.00943373229349345
v 0.0163865692699291 -0.0429115042960429 -0.00614739454492909
v 0.00510640309034394 -0.0956778041073637 0.00437240595163441
v 0.005 -0.042755286528415 -0.00741118479821438
v 0.0104249076646531 -0.0686056155503571 0.012
v 0.021350454916069 -0.0163799939852447 -0.0047683726210746
v 0.0070285731279308 -0.0686490551201207 0.00951224991018187
v 0.0175094 -0.0717841 -0.00695304755165504
v 0.0285616551291567 -0.0237260895899858 0.00767256390834305
v 0.0172571017872854 -0.0754790771629607 0.00822684
v 0.0168366206196832 -0.0472998226783467 0.00745690333799199
v 0.0297656648860582 -0.0349508873931357 -0.0118796841135017
v 0.0222715353760234 -0.0240220895181243 0.00147050704649183
v 0.0168702737139392 -0.0642012733257998 -0.00799651647843
v 0.0147512324157487 -0.0419739228496202 -0.000921148097401056
v 0.0187033079734791 -0.0585371915697613 0.0101568961657698
v 0.0256457832621717 -0.0482421092779418 -0.000586830411437273
v 0.0105178269909052 -0.0330602289141725 0.00348034825920341
v 0.0130629198235607 -0.0514247014128178 -0.000579877231056811
v 0.0156634641367269 0.008 0.00867714467637908
v 0.0170877295906815 -0.0336251859473435 0.012
v 0.0195189031466317 -0.0519190966787992 0.00769182342401958
v 0.0153466695570231 -0.0354424447220145 0.012
v 0.00878070278779486 -0.0357843935385994 -0.0119999999999838
v 0.012974502143465 -0.0447765624546357 -0.00302678034396114
v 0.0213610440642335 -0.0429970686393915 0.00335115987815251
v 0.0186679794988499 -0.055535089054918 0.00858633540864713
v 0.0249332272583286 -0.0326527952434662 -0.00786796152885797
v 0.0267927737120501 -0.005 0.00165915223269361
v 0.0204167047796656 -0.076814180109676 0.00120354962287406
v 0.014463386291385 -0.0524517189529844 0.00802793715549545
v 0.0177460067601368 -0.00599141461919039 -0.0120000000000001
v 0.0185961616689374 -0.0554824249413747 -0.00102800528037808
v 3.26572e-19 -0.0550905517697255 -0.00745182780278969
v 0.0114134310476795 -0.0243524039441344 0.00333828391542584
v 0.0101064016249148 -0.0429027251318828 -0.012
v 3.26572e-19 -0.0745987824802215 -0.00195569416526551
v 0.0155861880421563 0.00476104453947101 0.012
v 0.0219188271186399 -0.0312915553865468 -0.00128181232121326
v 0.0228905435129196 -0.0167701548082356 0.00271798885416059
v 0.00837568165207383 -0.0168603268807198 -0.00957620545009109
v 3.26572e-19 -0.0157025148153063 -0.00276688065255055
v 3.26572e-19 -0.0222402294613659 0.00790387533941841
v 0.005 -0.0274350863905605 0.00304280303421988
v 0.005 -0.0367532564632863 0.00806207277872983
v 0.00641164876179869 -0.0785998582108255 -0.00804159134574393
v 0.005 -0.0332759524506746 -0.00276143290702682
v 0.017245063246016 -0.0128641580675152 0.00871045570037485
v 0.0132079900083853 0.00786461500552746 -0.012
v 0.0090658034851339 -0.0296677315213897 -0.000202432740417112
v 0.00841200125407684 -0.00195618138351496 0.00668877536422128
v 0.0088513356714667 -0.00180902337420383 -0.00542318518553677
v 0.0095755710337732 -0.00122735295267435 0.00562444004544162
v 3.26572e-19 -0.0433072350016754 0.0023675595536816
v 0.00519816924213918 -0.00981229596281113 0.00767380695854057
v 0.00528123781504069 -0.0730391398652575 -0.00731006466356043
v 0.0149956018616113 -0.0850455447577 0.00927924028440235
v 0.0128294232507479 -0.0142213370434753 -0.00191083536882263
v 3.26572e-19 -0.0689076879556103 -0.000359361638467426
v 0.00397779551357315 -0.0966330876024057 0.0086983232288439
v 0.0165416508981918 -0.0471070834526598 -0.00737771477690333
v 0.0230573286779629 -0.0645145762711642 0.00968518499960564
v 0.0108698620026547 -0.0397486009505126 -0.0056847103238755
v 0.0207025900349322 -0.0137400776742447 -0.0049354641697928
v 0.015999661881509 -0.0194016533352547 0.00420153937088543
v 0.0252029984101167 -0.0568970460846427 0.00949976
v 0.0268171983447119 -0.0548120991267313 0.00882903670672826
v 0.0242225732767223 -0.0439339473472636 0.00104285279712472
v 0.023924649565087 -0.0444669069475256 -0.00225674980358817
v 0.00347387740121908 -0.0872206096946367 -0.00223310512240288
v 0.0177545649994066 -0.057841455478702 -0.00329151311408426
v 0.00812602535209674 -0.0805428279156151 0.00794381667022765
v 0.0025360068002278 0.000289484503411861 -0.00124398550730673
v 0.00927008186973671 -0.0360649454175685 -0.00394384742008726
v 3.26572e-19 -0.0290156491977114 -0.00739714905525168
v 0.0276786626287346 -0.05717929702212 -0.00800736695065637
v 0.00907016619185076 -0.0706361828320861 0.00309444329876077
v 0.0225451871447065 -0.0728517589049404 -0.000806294179582806
v 0.0290279856119012 -0.0114050831811168 -0.000967042407946019
v 0.005 -0.0215089944610553 0.000194998006928152
v 0.00321255951111237 -0.00426389904215128 -0.00779885951111237
v 0.0151797210435164 -0.0216581403478388 0.00148727125936385
v 0.0190500285951988 -0.0229482428650663 -0.00820986095289184
v 0.00535247840104814 -0.0365852885382486 0.00395317285643912
v 0.00271976807095936 -0.0435269125378864 -0.000975427781097606
v 0.0103176988100468 -0.0748584494165593 0.00282469458945348
v 0.0153636931387096 0.00449696080047266 -0.012
v 3.26572e-19 -0.0736478504014256 0.00273165667767014
v 0.0146135634662464 -0.0458474209383508 0.00201889361440947
v 0.00973945673251161 -0.0134385522098283 -0.012
v 0.0194824719325733 -0.0663258666332653 -0.00426340229514611
v 0.00998523541722792 -0.090890749675145 0.00869888392121204
v 0.0182416537264981 -0.0581986542047758 -0.00801723514073885
v 0.0120951173657488 -0.0311621941583149 -0.00667494994129331
v 0.0160575577516528 -0.012563321047368 0.012
v 0.000393475627394843 -0.0134281505587715 0.012
v 0.0300436811183779 -0.00497184354648658 -0.012
v 0.0112302501014985 -0.0661747691703634 -0.00504743544218481
v 0.0118688875640055 -0.0180247286181979 -0.00628869190248782
v 0.0242566422881323 -0.0682615447046907 0.012
v 0.00950357806158575 -0.0677088599689085 0.00783313871984067
v 0.0235563319883637 -0.00194941833773794 0.00323191209282328
v 0.0130032918470081 -0.0316102188360867 0.012
v 0.0201833209634566 -0.0494863107552731 -0.00816222378445596
v 0.0173879764260598 -0.0476600218983789 -0.0030054653348645
v 0.013924583672996 -0.0144987744453118 0.00333105984707587
v 0.0103178870574881 -0.0523877395599653 0.012
v 0.0232059 -0.0543279 0.00295393562376675
v 0.0232059 -0.0543279 0.00039055171735794
v 0.0171067269509106 -0.00831638980379758 -0.00476303088524819
v 0.0198750424845134 -0.005 0.00863836846369395
v 0.0182688093719042 -0.0342078583579055 -0.00691951069091726
v 0.0203070928533371 -0.0524340321706262 0.00396916664931328
v 0.00855894014849347 -0.0194512133828312 0.00896931285858889
v 0.0122497543711352 -0.070381789314749 0.00882307047522411
v 0.00921035 -0.00159219 0.00032615260868046
v 0.00682443373097896 -0.0920545568041806 -0.00459425785457613
v 0.0050759483745067 -0.0911083891588979 -0.00452367270524206
v 0.00543799724200461 -0.0923145541823947 -0.00596333900588973
v 0.0067617248268153 -0.0908412560335191 -0.00492843574854314
v 0.00589124753449479 -0.0904951028399195 -0.00531540522948384
v 0.018743075935966 -0.0299789855672122 -0.012
v 0.0130554118686895 -0.0410016467576386 0.00905137007711285
v 3.26572e-19 -0.0634797288425306 -6.94468801312768e-05
v 2.94943427673523e-19 -0.0964902278949248 -0.00907795584726071
v 0.0243227326014262 -0.0686079302965269 -0.00875494217615561
v 0.03157274396654 -0.0194143376408356 0.00336624939152042
v 0.0119165797748954 -0.0271573601102715 0.00821945486167656
v 3.26572e-19 -0.079013534020944 -0.000694177628384123
v 0.0168335196485284 -0.0501646445304289 0.00889353504599382
v 0.005 -0.0201684751701386 0.00919064164362663
v 0.00538096977195968 -0.060949432731763 0.000518485430743633
v 0.0221560241587908 -0.0433752448734164 -0.00880025297168052
v 0.0221852956510117 -0.0388161662616429 -0.00884649003074861
v 0.019651013774493 -0.0669919779807694 0.00127735999299594
v 0.0223909584598029 -0.00679653467539314 0.00492114238809576
v 0.00349752499917252 0.00321343371631457 0.00753679852356536
v 0.000378878798845368 -0.0165842023777597 0.012
v 0.0120809324392002 -0.0806570483843773 -0.00596068516284825
v 0.010649331540428 -0.078693543598033 0.00956226912561993
v 0.0158017036844717 -0.078094362010436 0.00891978552504414
v 0.0163801274735261 -0.0151208402543783 -0.00100385422079628
v 0.0156867371815364 0.008 -0.00296486330907778
v 2.51377426514447e-19 -0.072423388926285 0.012
v 5.80022539282188e-05 -0.023150671117233 0.012
v 0.005 -0.0424334 -0.00383889413861589
v 0.00881603632130376 -0.0512865285024805 -0.00788798150882786
v 0.0120488189595479 -0.0735354389975607 -0.00319126861834476
v 0.0102606089336534 -0.0523458944828836 -0.00162751231933675
v 0.0128566903101652 -0.05424968413522 -0.00658237905038623
v 0.0136753194637199 0.008 0.00495872920740708
v 0.0110728081099071 -0.0529414755316016 0.0039972920409264
v 0.00687426796427335 -0.0224762042992466 0.00953165216911144
v 0.0290877755418288 -0.0064301936021255 -0.000998406289169827
v 0.0261597282461265 -0.0632687015094667 0.00753547468215564
v 0.00264239200545783 -0.0169376248753551 0.012
v 0.0124879730170128 -0.0444586892147807 -0.00760584457939449
v 0.0160310312393291 -0.0331038964598685 -0.0116994532534577
v 0.0191439566986673 -0.0373157864977416 -0.00815804997675186
v 3.26572e-19 -0.0248801068463853 -0.000891215888953422
v 3.26572e-19 -0.0283351245934511 -0.00251060863061763
v 3.26572e-19 -0.0169600645759399 0.00470677204168186
v 3.26572e-19 -0.0247002737780431 0.00951587929122516
v 0.015667025 -0.066920125 -0.012
v 3.26572e-19 -0.0213724002677701 -0.00178820604056647
v 0.00739113012017563 -0.0190619433733919 0.00532928737824765
v 0.00759196946287851 -0.0191097570155352 0.012
v 0.010462761805788 -0.0524940979093845 0.00807018086913501
v 4.39500494878451e-19 -0.00947078986209725 0.0118903565802974
v 0.020082784394572 -0.0063964502984049 -0.00737625457616714
v 0.00512604754012699 -0.0456043328456764 -0.00619108084645957
v 0.00997572038219068 -0.000304532219457624 -0.0016561203207037
v 2.77105307452595e-19 0.0078475327854811 0.00382317801323008
v 0.00944184837515157 -0.0487692391577298 -0.00798721426362971
v 3.26572e-19 0.00413110762225082 -0.0044535112587641
v 0.00961315528315608 -0.0552052465216164 0.00882577153796712
v 3.26572e-19 -0.00178796557160784 0.0119462729627479
v 0.0105913434490368 0.0051473478068686 -0.012
v 3.26572e-19 -0.0221551031706772 0.0103569964525329
v 0.00711992758770777 -0.0251747389236309 0.0061434427648069
v 0.0321948242593049 0.008 -0.0116833245194017
v 3.26572e-19 -0.0562963265679052 -0.00275635947851973
v 3.26572e-19 -0.0592105011183715 0.00240103562072165
v 3.26572e-19 -0.0682911197752433 -0.00536590368535272
v 0.00514638595963545 -0.0183136953198785 0.00922220807236432
v 0.00163847342688698 -0.0380082094984145 -0.000505528487875972
v 0.0327334964700163 -0.0133910393838847 -0.00553561634580046
v 0.00703989713536355 -0.0251416595874185 0.00352288123041099
v 0.0133222971494583 -0.0582220042970329 -0.00674108126726482
v 0.0277806910470094 -0.0338482257034403 -0.000907983703586761
v 0.0379964 -0.002 -0.00778420811537774
v 0.0121736646151623 -0.0736569626488702 0.000185534107802839
v 3.26572e-19 -0.0142408618881412 0.00484822661735791
v 0.0330940318360505 -0.00326560419670181 -0.012
v 3.26572e-19 -0.0744234062666371 0.00933357904328772
v 0.00865816665917848 -0.0448233846461788 0.00108574520790073
v 0.0295783143969285 -0.0144164672662664 -0.000126404100268892
v 0.0329342302058414 0.00118017378157835 -0.012
v 0.0169471158462035 -0.0152644944326849 -0.0119981141657102
v 0.00924172822914125 -0.0772108769795215 0.00489681760040765
v 0.0162092 -0.0742357 -0.00588067817596356
v 0.00782958984489083 -0.0505631176619093 0.0089625246644382
v 0.00685345189435203 -0.0224676002473347 0.00578890057184095
v 0.0185851786923547 0.00228727671256219 0.012
v 0.0113474941472967 -0.0307933695928924 0.00430509451868849
v 0.005 -0.0276619 -0.00308955861886382
v 0 -0.1 -0.00667970396883461
v 0.0153339920429834 -0.0846338899677904 -0.000998039212206495
v 0.00964767550052818 0.008 0.0098133121533035
v 0.0123555554220852 -0.0509059627996446 -0.00524498200726912
v 0.0124397233279679 -0.0247766064563036 -0.00934839947322571
v 0.0251209810460096 -0.0666844279767635 0.00821804173279762
v 0.0148701692727288 -0.0694264440115049 0.00697455453772441
v 0.00619031348481794 -0.00105621737293286 0.00458332230706777
v 0.0325980098482446 0.008 0.0116458941904525
v 0.010798179250506 0.008 -0.00624633789208387
v 0.0293559037942206 -0.0419744177782953 -0.00890433705897669
v 0.0296689931849416 -0.00990505009847203 0.0091020374231695
v 0.0191867457835837 -0.0417504584373741 0.00650708090351212
v 3.26572e-19 -0.0519136499554841 -0.00839781110096499
v 0.0259923253762182 -0.0638207734490693 -0.00742009661885097
v 0.00255930198609369 -0.0251356104957737 0.012
v 0.0192786799311977 -0.0158551327795567 0.0035757474586848
v 0.0110991178095712 -0.0268194749877992 -0.008194954585615
v 0.0256996728757653 -0.0647856499205757 -0.0118635006473715
v 0.00845886144278215 -0.0924309159679121 -0.00173084310827142
v 0.00715624176259421 -0.0563005342787831 -0.0088404398961838
v 0.0379248571387957 -0.00200308651246592 0.0068106864662694
v 0.0227720964342371 -0.00157724136329521 -0.00801247143955458
v 0.00499999911301207 -0.0242984996333819 0.00479499207252186
v 0.0209885236724379 -0.0757496993643768 -0.0045084839079487
v 0.00245541538317374 -0.028240234694806 0.000998174854428394
v 0.0169509007067739 -0.0640512513084585 -0.0118700801032204
v 0.00236617845285056 -0.0245304545225046 0.000990636248020695
v 0.0130787401534303 0.008 -0.00787864402472954
v 0.00290996562036981 -0.0382252341330801 0.000911844378348649
v 0.00248841291143002 -0.00973875675887877 0.000998854505227863
v 0.0190317686136386 -0.0444280980798123 0.00985450461513123
v 0.005 -0.0138028638540939 0.0100228569962617
v 0.00300070217516773 -0.032566325481946 0.000865252603964872
v 0.0350230790640799 0.00526013044736701 -0.012
v 0.00191503409994547 -0.0374953875949549 0.00106532328736807
v 0.00298564125167605 -0.0205113949207358 0.012
v 0.0025 -0.0725831444631425 0.012
v 0.00641441472408822 -0.0283596901534758 0.00966399739427943
v 0.00177667495457073 -0.0679786089725349 0.00781123272991394
v 0.00685971704844019 0.00400651550800675 0.00861211777571469
v 0.005 -0.0276619 0.00918638362003655
v 0.0189215371715623 0.0052774903148415 0.012
v 0.0229065469532348 0.0042032020106272 0.00910412589916751
v 0.029435677431548 -0.0120957479163748 0.012
v 0.00268214098514795 -0.0190025770983739 0.012
v 0.00535120556054033 -0.0397960456521102 0.00796720931332751
v 0.00500000004394912 -0.0217014998936722 0.00957414106352436
v 0.0124716099590295 -0.0247897867645689 0.00858930394181683
v 0.0335264289793567 0.00503634551925108 0.00949853
v 0.0312262950383841 0.00400094190053378 0.00851737854704994
v 0.038 0.00422398446147273 -0.00476411228497601
v 0.0164362171441669 -0.0830884622381922 -0.00963313938349752
v 0.00893742850986581 -0.0609083524035139 0.00033785754852666
v 0.0113148581915899 -0.0334534250058894 0.00925228350805862
v 0.0108810473914495 -0.0593300912632693 0.00791715984456617
v 0.0118831080457833 -0.0765073558369928 0.000427417896952157
v 0.0277779458988434 -0.028541642040507 0.00949608150686464
v 0.0112161760116525 -0.0817964104088707 0.0100715708637063
v 0.0121272800263368 0.008 0.00885757527985254
v 3.26572e-19 -0.0199802298709542 0.00961355197813048
v 0.0203820743660769 -0.0496161668698717 -0.00378363894258474
v 0.00698790659254092 -0.0883714777305444 0.012
v 0.0116384146578608 -0.0179477396119434 0.012
v 0.00750593840371121 0.00782081433325612 0.00971298171738246
v 3.26572e-19 -0.00727945011884199 -0.00896409394700434
v 0.0165983678604987 -0.0333837761812425 0.00335405128285707
v 0.0186973370574881 -0.0585326895599653 0.012
v 0.0207954914091668 -0.0761090288128206 0.0102241923086877
v 0.0227722620810008 0.008 -0.003159007944644
v 0.023820495704804 -0.0471736343350598 -0.00777628503374245
v 0.0249343939666575 -0.0326342711969326 0.0082073446807935
v 0.0204036534579535 -0.00888785699756904 -0.00233485554901952
v 0.008509256865378 -0.070090237371048 -0.00648254170184376
v 0.0165979123602178 -0.0828478178069446 0.00966413970831861
v 0.00264083212711894 -0.0317920484906642 0.00751031631101825
v 0.0173767779789112 -0.000785216384091596 -0.012
v 0.0220143219549907 -0.0433716015156446 0.0083869230849267
v 0.00892977047990802 -0.0733964727788925 0.00768708696653367
v 0.0147290136835416 -0.00546846681388265 -0.00603799312952872
v 0.00539577253415088 -0.0517750932558607 -0.00768705140242468
v 0.005 -0.0242985 0.00960780186409878
v 0.0118644547070097 -0.066741327674238 0.00544233682558548
v 0.0169277076846501 -0.0152595589552965 0.00161709338715297
v 0.00698259471831526 -0.0161764234361736 0.00336157942776456
v 0.00841141198075201 -0.0480135944735485 0.00198877366115263
v 0.00646828002765783 0.00120499112651679 0.00166691190151383
v 0.0131861654554299 -0.0712932278362555 0.00409123166920117
v 0.0181547311856683 -0.0621523817252035 0.012
v 0.0145212952247883 -0.0821841338215478 0.00973518888338243
v 0.0152603470166425 0.000350066629020502 0.012
v 0.0210399719339843 -0.038263632152868 -0.000823044416146019
v 0.0084853050513727 -0.0924042304994468 -0.00682067079797715
v 0.0182957047072259 -0.0156061143000606 0.00698886943970272
v 0.0358547299762647 -0.00384882296143169 -0.00139780365793984
v 0.0194240053250872 0.008 -0.000938642905834548
v 0.00755526427583612 -0.0378482248662248 -0.00366838853016516
v 0.00358244164769095 -0.0863134509420577 -0.00653216987405237
v 0.0238837444894234 -0.0019425670536763 -0.000454617546643284
v 0.00673968772571909 -0.0710895367196115 -0.00466053743710952
v 0.0223373241591419 -0.0582259901293153 0.000371979290947778
v 0.023756001959859 -0.0605503135929634 0.0077079
v 0.00510074529489367 -0.0606628495682247 0.00825155579720191
v 0.0144778995490437 -0.0856752852704695 -0.00371174341926043
v 0.0379964 -0.002 -0.000212045412978742
v 0.0217091135202736 -0.00667835423838078 -0.0120000000000002
v 0.0237995878768927 -0.00704070235123756 -0.00917723386950164
v 0.00721378961144378 -0.047135325959952 -0.00955669973037305
v 0.0180378608805111 -0.0509514366171323 -0.00570879531095513
v 0.0302368400203984 -0.00824316935141337 0.012
v 0.0134329539228708 -0.0649242968370032 -0.00374370814294513
v 0.015173147843561 -0.0664788834548605 0.00499409988549604
v 0.0078942117627862 -0.0166998364898604 -0.00649630813564634
v 0.00832317157261958 -0.0727574872404771 -0.0119865112131184
v 3.26572e-19 -0.0165026442235416 0.00767320273116217
v 0.00755673721362297 -0.0503630271682282 0.00644471745907978
v 0.0136465023316262 -0.0615793086514218 -0.00527770195050732
v 0.0141950522751243 -0.0620254562671955 0.00653859946061479
v 0.0293615119192588 -0.000447914718402581 -0.012
v 0.024228944861929 -0.017109213241173 0.00870320117828421
v 0.0152273231008907 -0.025928818988063 -0.00675317043263755
v 0.0154628595305774 -0.0260261753221481 0.00564959862999298
v 3.26572e-19 0.00368330612061332 -0.0003060471824138
v 0.00832066781992075 -0.00679347256233955 -0.00481422002162034
v 0.0230300326867181 -0.0217450946671157 0.00527426070647811
v 0.00828554674975851 0.008 -0.00927990339206628
v 3.26572e-19 -0.0337491049851423 -0.00650892674823464
v 0.0191265576254894 -0.0275405096606432 -0.00408818856433336
v 3.26572e-19 -0.0321242529622588 0.0085568441697105
v 0.0219637839890525 -0.0140595527523044 -0.000482398866357947
v 0.00782450037850432 -0.0802011039826739 0.012
v 0.019618488045941 -0.023137729348647 0.00786102595104323
v 0.0215132070829274 -0.0605977914567053 -0.000971189786403369
v 3.26572e-19 -0.0474957933441747 0.00790040273787103
v 0.0152702440923222 0.00430456954535115 0.000716655876421354
v 0.0289040863558178 -0.0118236355452903 -0.012
v 0.0180211867667778 -0.0773001624187529 0.00928244124087053
v 0.0311269969622614 -0.0225903733753609 -0.00373823642418139
v 0.0352479708206366 0.00599198063575512 0.00862128941036333
v 0.0213479935038307 -0.062099485404949 -0.00414794696108276
v 0.0329597489661248 0.00597295346148829 0.00872817434804718
v 0.0128936454880369 0.008 -0.00599739123337751
v 0.00681353551140588 -0.093928614465443 -0.0119478445862144
v 0.00162703879533018 -0.0689864028728066 0.00898641795826885
v 0.00860214854659314 -0.0765371911567496 0.00857699671570369
v 0.0270420142928963 -0.0440136221399228 -0.000947091639697025
v 0.0290922958990436 -0.0155545129811935 0.012
v 3.26572e-19 -0.000696246419862015 -0.0116080788630435
v 3.26572e-19 -0.00686092762091443 -0.00560631604336509
v 0.001804705100836 -0.0984724496569172 -0.00399918236925784
v 0.000386557093944775 -0.0261906523490335 -0.012
v 0.0223988549379596 -0.005 0.012
v 0.0238350156505751 -0.005 0.00845262581590603
v 0.0121258953876434 -0.0246468903868841 -0.00665227011493329
v 0.0174414392391129 -0.081592429621823 0.0119711896217864
v 0.0270976455977135 -0.0260183326884135 -0.000651849626293312
v 0.0140812470629615 0.008 0.00117310727360007
v 0.00918668148007569 -0.0579519500872153 -0.00877745195433617
v 0.026637824994665 -0.0302502156632625 -0.000314259740638824
v 0.0226708114850078 -0.0390556986375976 0.00223131484481375
v 0.00676009914041864 -0.0589632634044145 -0.00921734374893569
v 0.0143339661426447 -0.059044821722239 -0.0119717969368338
v 0.0261144337850165 -0.0378568500935612 -0.0001081174751519
v 0.0161910690876664 0.00495361257210376 -0.000998533
v 0.0179267424898193 -0.0130368553324634 0.00425568746737395
v 0.0102621061075166 0.0047156508442564 -0.00945788351316581
v 0.0152575689756291 -0.0394977284137161 -0.00669606375957312
v 3.26572e-19 -0.0176735679928593 0.00271821051178205
v 0.00307452200049362 -0.0973976427508589 -0.000146291676318352
v 0.0108768999898809 -0.0202238666632936 0.000563777380138292
v 0.0122239230828973 -0.0737058817913859 0.0119121148268005
v 0.0152625498874764 -0.005 0.0074185517733393
v 0.0169486350175608 -0.0642649957233162 0.00772849560746957
v 0.00859536462759789 -0.00684108668726972 -0.00162518349093565
v 4.39500494878451e-19 -0.0210011266364416 0.006107033436264
v 0.0306426652282691 -0.0264284284226837 -0.00440440369594667
v 0.0213918802948165 -0.0310737481394478 -0.00399061378398272
v 0.0100006564645831 -0.0301289337366224 0.00859579579797749
v 0.0341849899766001 0.00106488653862191 0.012
v 0.0260394 -0.0150921 0.00839118644639289
v 0.00982511521232303 -0.0391496065730057 0.00797476782577438
v 0.00821497647916186 -0.0130523534452916 0.0090996953562588
v 0.005 -0.0393209750534595 -0.005995116486676
v 0.0186097537960159 0.00267697082947965 -0.012
v 0.038 0.008 0.00797327924662706
v 0.0176977466377582 -0.0269499314826115 -0.00926190379861824
v 0.0220504226205232 -0.0239483790286256 0.00479253530749037
v 0.0189014441372033 -0.0586825003327403 -0.012
v 0.00151710744822075 -0.00442427366362689 -0.000177720188087338
v 0.00415151507684838 -0.0964860469285767 -0.0041159725145114
v 0.0226516875524042 0.00117156740263758 0.00614999108304774
v 0.0015109768960338 0.00113634860636168 -7.06882977749475e-05
v 0.00793922493152309 -0.0291119430327388 0.0080150729585318
v 0.0293392153993891 -0.0145049014003287 -0.0091519549120304
v 0.000303789137514677 -0.0997428648032189 0.00587891021306136
v 0.00542125855141305 0.008 -0.00882865461054421
v 0.0241945060942053 -0.0443796326214449 -0.00609076701258624
v 0.0366564859479417 -0.00273582045733296 -0.00876302755584235
v 0.0271191605735092 -0.0599748059270293 -0.00170721794439093
v 0.0259638456789642 0.008 -0.00328312518474324
v 0.0285992621385406 -0.00259630569310343 -0.00918535285126936
v 0.00460938317778935 0.00425126947974023 -0.012
v 0.005 -0.0629372112361781 0.0096124600334271
v 0.015541588919425 -0.0843813749959247 0.00716769898249183
v 0.00995862936599898 -0.0364597189513986 0.00876447576689183
v 0.0244082330262843 -0.0400415439730222 0.00835863436058504
v 0.005 -0.0748038274158992 0.00933508057941398
v 3.26572e-19 -0.0130560052723 -0.00958644637456623
v 0.0162795705476118 -0.0832907879155399 0.00612599125065179
v 0.0276068055701126 -0.0162825344131586 -0.00800521037267606
v 3.26572e-19 -0.0639427257802717 0.00613402052535899
v 3.26572e-19 -0.0714301343107371 0.00673067994174358
v 0.00156725382170479 -0.0570006522347468 0.00885945626300487
v 0.00857531855548081 -0.0169268728518269 -0.012
v 0.0130795776193107 -0.0819608391540992 0.00848765740742058
v 0.0186410227416553 -0.0798071360559792 0.0118167124990709
v 3.26572e-19 0.00760037109760895 -0.00803136416998726
v 3.26572e-19 -0.0388667670712603 0.00772582012162294
v 0.0257802442698755 -0.0202547604164449 0.00234439963084437
v 0.00758136050212948 -0.0441198838284345 0.00775924179563095
v 0.00290968850573906 -0.0729506517848897 0.00941183278310628
v 0.0145266916809265 -0.0486574570991506 -0.012
v 0.0233652964101744 -0.014414608617998 -0.00862396151410347
v 3.26572e-19 -0.0729420937270425 0.00801143746995068
v 0.0296601742302365 -0.0371450831238206 -0.00431024559862462
v 0.0238046201488402 -0.0145259155691903 0.00850203980870737
v 0.005 -0.0393057094753524 0.000426646906752529
v 0.000317051897110412 -0.0927221406852798 0.012
v 0.00665429778891014 -0.0188163325963034 0.00773449302582607
v 0.0312720439791177 -0.0224115136704521 0.0119284852915455
v 0.00346636136717613 -0.0176431143388923 0.0089985952320276
v 0.0307641379355139 -0.0254658248501335 -0.00782171681305528
v 0.0205016197733884 -0.0353093591407609 0.00353411775459593
v 0.00338243909663505 -0.0011729986680754 -0.00784401605836491
v 0.0015710306503492 -0.0244737749378659 0.000368259094374838
v 0.0231871629177281 -0.0168452851992154 -0.0018089464785122
v 0.023395655704202 0.008 0.000357234726815925
v 0.0283672187055714 0.008 -0.000217295035060317
v 0.0258245377585389 0.008 0.00225150724069808
v 0.0052321429044675 -0.0183422809681558 0.00614149148808815
v 0.0304727056786396 -0.0278992521793034 0.0037314585783096
v 0.00689881149845741 -0.0747429996749711 0.00907289983513572
v 0.012867352215305 0.00208870834332104 -0.012
v 0.00261155699099623 -0.0592958131760846 0.0094846800547605
v 0.0202655157517139 -0.0423689708354478 -0.00362809766922233
v 0.0149017031909073 -0.0763122967216954 0.00900530593614662
v 0.00541212222572294 -0.0839849378818448 0.012
v 3.26572e-19 -0.0572122141699635 -0.0116396377110391
v 3.26572e-19 -0.0167198072046652 0.00991536101377948
v 3.26572e-19 -0.0192966029412925 0.00244790561211401
v 0.00680205638174586 0.00599713391098565 5.28803205021828e-05
v 0.00286241104248705 -0.0382037989873871 0.012
v 0.0086423415814058 0.00445605391632138 0.00766193539977302
v 0.0228476534988887 -0.0242141451448987 0.0078833675124301
v 0.00675787364998906 -0.0941472748837888 0.00897764252028561
v 0.038 0.0014856841434313 -0.00491214085589752
v 0.0360719985110498 0.000176740984455317 -0.000565157358022604
v 0.00512841943275713 -0.0456060721956488 0.00598749771813563
v 0.0267658256999579 -0.0515956748958143 0.000895238739143643
v 0.00516619888539875 -0.0514530763880394 0.00356343002359262
v 0.00680457369677828 -0.0920807502920634 -0.00837684908306264
v 0.0247336234000589 -0.0670293047581096 0.000356812056518972
v 0.0220029 -7.51114707977879e-05 0.00902168568884825
v 0.0155930314018662 -0.0805936487211692 0.0096985178787279
v 0.0147812818814875 -0.0853062147755339 -0.012
v 0.0272095843378678 -0.0378760408280372 0.0094946340117121
v 0.0294118288602896 -0.0255248108771617 -0.012
v 3.26572e-19 -0.0446827994114294 -0.00517865814052944
v 0.0292247280403149 -0.0440571133017307 0.00592387045032242
v 0.022277495873392 -0.0166148632278123 0.0063186306260214
v 0.00300950718668737 -0.0861398972963104 -0.000599684261652968
v 0.00245254654660596 -0.0192871648713515 0.000998287601490389
v 0.0111791803599258 -0.033386494660106 -0.00656700096352281
v 0.0175094 -0.0717841 -0.00277335884175573
v 0.0163767604316025 -0.0739197554113855 0.000764423958416542
v 0.0126782401466698 -0.0607918008849426 0.00950806795473032
v 0.0128496477426688 -0.0837685672410572 0.00949694513743068
v 0.0220439507374435 -0.00673638539758759 0.00857379412604659
v 0.0116995428374948 -0.03364319987963 0.0119799211200684
v 3.26572e-19 -0.0434680735559471 -0.012
v 0.00453930052263859 -0.0925961451656189 0.012
v 0.00905226070715842 -0.025973438606819 0.00853782043353789
v 0.00507097623626823 -0.0911191615778433 -0.00660351547722443
v 0.00410460533807242 0.00295551031750403 0.000726752048305377
v 0.01781394086376 -0.0618752224827531 0.00572694069526943
v 0.0288768517000406 -0.0495051576468715 0.00970957643517922
v 3.26572e-19 -0.0457846475476575 -0.00826755348138384
v 0.0224122591864122 0.00121134363644142 -0.00169710825998002
v 0.0139402642784419 -0.0587246393665334 0.000585301495193206
v 0.0177369905651309 0.008 -0.00508548241078124
v 3.26572e-19 -0.0310439903058949 0.00299542288455548
v 3.26572e-19 -0.0165810667943976 -0.0081533713186526
v 3.26572e-19 -0.0378439931565117 -0.00784068954085361
v 0.0203377835381198 -0.05245406337404 -0.00148539692984938
v 0.00670249831741779 0.008 0.000138659308019552
v 0.0291444789982858 -0.0129856755167379 0.00761666166616293
v 0.0055761649035044 -0.0923946108134989 -0.0081442535532823
v 0.00183155196629568 -0.0726622974744206 0.00929854265542243
v 0.0282984628645594 -0.0312961072523363 0.00786834150950752
v 0.0283131366155178 -0.0283905175021676 0.00770580188728033
v 0.0274523432082277 -0.0439825904522717 0.00781246886985361
v 0.0290058066315384 -0.0196603858292157 0.0078395970346922
v 0.0193654303186889 -0.0753551049398388 0.0079577404017754
v 0.0284012364569528 -0.0330001441441241 0.00832787129237346
v 0.0241797455858011 -0.0446131688010751 0.00844751334167114
v 0.0209244562745753 -0.0089781293225634 0.0035410675961965
v 0.0184668256933987 -0.0772482466713532 0.00867181773798802
v 0.0012535269560148 -0.0359270253734749 0.000193303079437095
v 0.00238326010647503 -0.0440740469261865 0.00099284380964477
v 0.00228503 -0.0879766 0.00134905525212249
v 0.0298224287344748 -0.00778096227401475 0.00792738751938739
v 0.00150521149647604 -0.000807786070659296 9.71506391079771e-05
v 0.0198975695245706 -0.0492996389836976 0.00948624355262395
v 0.00155081517642572 -0.0262658510677728 0.000312191606296932
v 0.00244785228882435 -0.000791821429851877 0.000998586644939543
v 0.0125681163287005 0.0027005618302189 0.012
v 0.0233287367660032 -0.071003138142135 0.00264973642972817
v 3.26572e-19 -0.0232263395460489 0.0044891075302575
v 0.0202155762375904 -0.005 0.00376961068237105
v 0.0307049747121248 -0.0259748804801756 0.00109600083756273
v 0.0177859842834308 -0.0649460248506762 0.0101807555991333
v 0.0208993301913552 -0.0137898993877559 0.007447082027904
v 0.010672725354918 -0.00362781510284865 -0.012
v 0.0103243063366501 -0.0783511823731169 -0.00293326948367961
v 0.0196608601292368 -0.0782212362475354 -0.00752904409284449
v 3.26572e-19 -0.022767418884361 -0.00464473337828371
v 3.26572e-19 -0.0404416646288211 -0.000189033922154932
v 0.0150043957127046 -0.0595901024314648 -0.00915394243520852
v 0.0161009872287376 -0.0399813133982706 0.012
v 0.00761688921852587 -0.0191371964061753 -0.00473518703707209
v 0.0333828238022387 0.00178190903649274 0.000545145124081367
v 0.0112609448589163 -0.0242893766348924 0.012
v 0.00264651914447682 -0.0823715558640996 0.012
v 0.00348346377569385 -0.0168061029194633 0.000176531028209312
v 0.0115599626277976 0.00586148276908776 -0.00900683126792321
v 3.26572e-19 -0.0371436023590247 0.00185817929785207
v 0.00678849164737628 -0.0920873559249952 -0.00657619306268308
v 3.26572e-19 0.0004706151107676 -0.00416817688918042
v 0.0254009260554842 -0.0252284886767229 0.00221849497457129
v 0.00502015960842308 0.00397152262301978 0.00752310843422124
v 0.005 -0.0199582910691756 0.00543348388942716
v 0.023397995526286 -0.00203424133615171 0.00628176480374489
v 0.0336028174959358 -0.00990970640787622 -0.0117105889858527
v 0.0147876339049012 -0.005 0.000825062776522006
v 0.0170949870776353 -0.0786630576713884 0.012
v 0.00822380581714535 -0.0230340182279616 0.000823386849668262
v 0.00791408595454943 -0.0538233253732677 -0.00362224988145601
v 0.0196054513921693 -0.0591987842166571 0.00590956855098935
v 0.00800389097533782 -0.056989977238703 0.00749701627905973
v 0.0361929850668799 0.000352827433451824 0.000759590677493145
v 0.005 -0.0487503173823593 0.000307552235601181
v 0.0240868066731205 -0.005 -0.00418894559348324
v 0.00775247552243195 -0.0316959883893086 0.0038631122549926
v 0.0200295514135478 -0.066339627616917 -0.0117401602064407
v 0.03079511085841 -0.000628252284433029 0.00753453069975974
v 0.0229100914830632 0.00167383047445226 -0.0085105228915343
v 0.0218517267687437 -0.0359753991159477 -0.00688158694872329
v 0.0025632956600397 -0.0795988471810973 0.012
v 0.00664609844723532 -0.0922505420610154 -0.0100299827082033
v 0.0173803366505069 -0.0294157185897909 -0.00223031317997403
v 0.0277560823915192 -0.022214167127342 0.000940372630810295
v 0.016085192948969 -0.0604691994960135 0.00855682325943733
v 0.0362151254726289 0.00125169294539055 -0.000949610327633181
v 3.26572e-19 -0.0784609447252517 0.00269156092433701
v 0.00792786115308077 0.00567719584883198 -0.00922493
v 0.00812042720101869 -0.0760297560080231 -0.0079005653959775
v 0.00575432362918496 -0.0905210301486968 -0.0101676546503943
v 0.012226342969919 -0.0804654931933337 0.000378153560771858
v 3.26572e-19 -0.0318698060009777 -0.00921362133604719
v 0.005 -0.0320454777529675 0.00561411264693621
v 0.0109134536451776 -0.0899541352044455 -0.00735252699076568
v 0.0222106694473063 -0.0462506510682499 -0.00919444629101382
v 0.0260086508053027 -0.0151403943499236 -0.00438433734855715
v 3.26572e-19 -0.0733466355465459 0.00651441163992194
v 0.0274102061289927 -0.0585205920205539 0.00327493908897869
v 0.000122682413220998 0.0049446659433781 0.00986132451915383
v 0.033520348318565 0.000459662274565911 0.00935719907465812
v 0.0203288372649244 0.008 -0.00464777304563335
v 0.0084498445924115 -0.0231274484174186 0.00382136578344922
v 0.0102952908860888 0.00585317373034319 0.012
v 0.0200772115374088 -0.0565685254236164 0.00430706884487243
v 0.0288814808054629 -0.0147406680743779 -0.012
v 0.00803483605586978 -0.050713630469831 0.00383317524793782
v 0.00201849116003922 -0.018601925908265 -0.00087068972328481
v 0.0228560813762994 -0.0242169419700623 -0.0089557877713317
v 3.26572e-19 -0.0857245249065171 -0.011597066472471
v 0.0208625069209136 -0.0381635996066129 -0.00482920355731938
v 0.0266427823808985 -0.0616756486280092 0.00111178530292039
v 0.00503406014889549 -0.0912324224379468 -0.0103235040230083
v 0.00531099270239535 -0.0773524561079911 0.00380771976853808
v 0.0189458544671707 -0.0793534667674442 0.0105816808886861
v 0.0182517389986072 0.008 0.0119479951944662
v 3.26572e-19 -0.070503275409087 0.00822243272275126
v 0.0311412410465611 -0.0224774975039344 0.00380823343568791
v 0.0186278308806696 -0.00642105522868662 0.012
v 0.00679053765695927 -0.0908790884518307 -0.00689718293312084
v 0.00407986163540965 0.008 -0.00598581764511063
v 0.0287025600154003 -0.0497784819179405 0.012
v 0.0232772545971904 -0.00938594897506575 0.00890776964552723
v 0.00667889198549239 -0.0649595142328032 -0.00649677582660269
v 0.00708721529628952 -0.0470425223601136 0.00840698366058787
v 0.0138457365661953 -0.0835162066684706 0.00887504737942662
v 0.00752617327229589 -0.0378315431036896 0.00989416896436958
v 0.0142929074673416 -0.0773759460838733 0.00763258338180529
v 0.0129998210777587 -0.0276048813779106 -0.012
v 0.0216416792439385 -0.0311769995922179 -0.00818304128879417
v 0.0134765676202377 -0.0278021566959691 0.012
v 0.0201530934612591 -0.0305617534383135 0.00293878955097404
v 0.0169194534881638 -0.0292252197404751 0.00698086099877825
v 0.0249261545166573 -0.0327650904869325 -0.00373592305771594
v 0.016806997049359 -0.0291787376297346 -0.00834212410535098
v 0.0233105554202602 -0.0145871827170034 -0.012
v 0.0343875725399012 0.00101810900397073 -0.000998533
v 0.005 -0.0202597653774982 0.0117414121376823
v 0.00669215400613398 -0.0499259260669558 -0.00543947974768951
v 0.0293403898472109 -0.0174825539022118 -0.000323483224048332
v 0.00514638600358457 -0.0200319952135506 0.00679634913588868
v 0.0211470117865203 -0.0571691809553529 0.00718696240036824
v 0.0306942477626309 0.00599635240524129 6.72993682111076e-05
v 0.0151399832256407 -0.0789786470890551 0.00822715701154207
v 0.0344744089812865 0.00596437752876746 -0.000259059800090903
v 0.0233762158780993 0.00597908386184909 0.0001999433959796
v 0.0302114402035099 -0.000788037017796546 -0.00085217902053384
v 0.0130220879299948 0.00437290731454654 -0.00773237657579232
v 0.00692753530714161 -0.0911158662708616 -0.0103315318947474
v 0.0137306753397728 -0.0824244163230698 0.012
v 0.005 -0.0449629010235692 0.008525904303462
v 0.0225008439186189 -0.00145063963187069 -0.000797470612718748
v 0.00845688914936353 -0.0355987281589988 0.00864553571991909
v 0.00815072241910034 -0.0927418417537824 0.00142266502167273
v 0.00252701454502156 -0.0209424581678845 0.00099918993032923
v 0.0114084896034055 -0.0400574128975078 -0.000613051479812362
v 0.00150101307067406 -0.0744860341072222 0.00846268867599092
v 0.0339585323129678 0.000131113360092076 -0.000492927790292823
v 0.00217470237152059 -0.0706729455022428 0.012
v 0.0307732562888471 -0.000254320570851883 0.000976902045984054
v 3.26572e-19 -0.053269476102427 0.00453698557835273
v 0.0287771550846994 -0.0237211846476298 0.000629615966444869
v 0.0131096806237484 -0.0873396406619241 0.00942491996809683
v 0.029148694663313 -0.0452638807016018 0.00256466049300453
v 0.0339869318120695 -0.0085533836617093 -0.0051079346314101
v 0.0228134468657732 0.008 0.00302507495342106
v 0.0036824046667987 0.00282272458410773 0.00019474208770937
v 0.0145596686403113 -0.0855758081908994 -0.00747717634900515
v 0.0282280618578905 -0.0255605586739044 0.00943879348564544
v 0.0137939442048373 -0.0865072866603189 0.00656423161416603
v 0.005 -0.0763747690284576 -0.00617494277066951
v 0.000148580576082616 -0.0560875602535907 0.012
v 0.00342154378839425 0.00158261433954823 -0.012
v 0.0090482398695807 0.008 -0.00185521527941321
v 0.038 0.008 -0.00858587679738951
v 0.0249820015234425 0.0049313780451522 0.012
v 0.0108267443458422 -0.0849709221324977 0.00887759372726496
v 0.0110633982265227 0.00551199201551479 -0.00768272016774623
v 0.022051969095511 -3.60086550522561e-05 -0.00419132264950774
v 0.00312657251722391 -0.0057950149548784 -0.000778241577329338
v 0.00579607822566952 -0.0905107189805746 -0.00697963234634633
v 3.26572e-19 -0.0579251251973616 0.00934523923480067
v 0.0201681701746257 -0.0279710439771601 -0.0117706371645989
v 0.0190465073133122 -0.0275074227339109 0.00106275060828759
v 0.00288335749217176 -0.00627305492802524 0.000923101594256984
v 0.0147160128661355 -0.0692887303741027 -0.0068869723815348
v 0.021238806845836 -0.0624506247580204 0.00126301957245139
v 0.0303566310285658 -0.0291586190096773 -0.00343371403305343
v 0.005 -0.0155033546745436 -0.00577379880414472
v 0.005 -0.026244107800996 0.00918096540130258
v 3.26572e-19 -0.0891867403805725 -0.00324861387467115
v 0.0298729286334013 -0.00427817089792964 0.000761069487384527
v 0.0228184455815546 0.00522299180454448 -0.012
v 0.0288178587748136 0.008 0.0092395765439062
v 0.0321776863901488 0.00247417058690401 0.012
v 0.0068206430789285 -0.0065334682105602 0.00033737314842044
v 0.0226446733041022 -0.0241464793538303 -0.00221895475521181
v 0.0172101293699239 -0.0406172009056297 0.0021361892780809
v 3.26572e-19 -0.054615206802449 0.00952836560065274
v 0.0113703801414176 0.0039778695663157 0.00877023232763136
v 0.00829585014689485 -0.0234413840053153 0.012
v 0.00889564105797074 -0.0259087023235519 5.17155387414342e-05
v 0.00667317709137749 0.00473247 0.00946355
v 0.00461691838182312 -0.0960921168057562 0.012
v 0.0243535500063041 -0.041855194491811 -0.00381042534340868
v 0.0245544770713696 0.00587305144872207 -0.00898501226370754
v 0.0297450273077051 -0.0359486834699044 0.00489121835902331
v 0.0233178491997726 0.00441217105435724 -0.00930743883865464
v 3.26572e-19 -0.0873725881773019 0.0025079427164576
v 0.0274478544407668 0.008 -0.00854680868963884
v 0.0345484855125898 0.008 -0.00953829391022651
v 0.0251736499933508 0.00164632901380357 -0.0101089759755676
v 0.00629895958328859 0.00413260304679419 -0.00798445
v 0.00773179328029318 -0.050491422166429 -0.0117706455986598
v 0.01000126 -0.0237687 -0.012
v 0.00858337965084648 -0.0106698793918395 0.012
v 0.00748751052459339 -0.00193032189825407 0.000354908671435986
v 0.0199514811846951 -0.0207189189368544 0.00215561445889799
v 0.0258780637664883 -0.0176532461929742 -0.00268907197492705
v 0.0332120111124875 0.0019941 0.00860812
v 0.0194276251465219 -0.0733897168418254 0.012
v 0.00797198314549891 -0.0229299306001032 -0.00287063873397578
v 0.00907215645731595 0.008 0.0044532292867215
v 0.027680494987016 -0.0282334365576725 -0.012
v 0.0304479807597236 0.00112122776093875 0.00859610125377202
v 0.00934122885075472 -0.0890755196606962 0.012
v 0.0110986040312747 -0.0860708819304288 -0.012
v 0.0255531178720687 -0.0652690455388593 0.00452839506790905
v 3.26572e-19 -0.0506364120333174 -0.0117516717649525
v 8.43706597770169e-05 -0.0805447416309881 0.012
v 0.0332296694410253 -0.0114119141322731 -0.00998074070359359
v 0.00518497640048146 -0.0260714566937155 0.00520628318492055
v 0.0348691385253675 -0.00597170954622813 -0.00447679550626694
v 0.0318178112910409 0.00125688132833106 0.00755025063341642
v 3.26572e-19 0.00516077705623624 0.00189925049927854
v 0.0235787080251228 0.0055530712878069 -0.00736887982723981
v 0.0128391806238719 -0.0876687057874532 -0.00988123691760647
v 0.00903041077590719 -0.0918541967325816 -0.00917731388350604
v 3.26572e-19 -0.0567274899831119 0.00455564574672116
v 0.0176618503458622 -0.0365846094775473 -0.00107378303295077
v 3.26572e-19 -0.0316237741295832 -0.000879234038714774
v 0.0247893045854383 -0.0349378824619024 0.00201043306485236
v 0.0278054752209406 -0.0362643121762161 -0.000803644881435639
v 3.26572e-19 -0.0945420562579459 -0.0116775538586249
v 3.26572e-19 -0.058659719217067 -0.00785003534139657
v 0.00686160107866503 -0.0224709686067385 -0.00949116611523117
v 0.0327704216876987 0.000629828 -0.000928977
v 0.0321326232477634 -0.0165091343215142 0.00327563447027593
v 0.00416223021178667 0.00242802762552052 -0.00025967300278361
v 0.0158408020956887 -0.0534618108846667 -0.00844647394244031
v 0.005 -0.0630131854198216 -0.00663386250522767
v 0.0148437665198761 -0.0215461555066254 -0.00726337235933932
v 0.017051595418989 0.008 -3.7351484425175e-05
v 0.0330510593475587 4.24476767648678e-05 0.000283770263505131
v 0.00220073338151633 -0.0860467506400285 -0.00405809282419424
v 0.00790123750592471 -0.0192319791686416 -0.00110530045270276
v 0.0156820287771065 -0.0793098874790871 0.00756063436535642
v 0.0238729294500649 -0.005 0.00454565088701578
v 0.0289968114469696 -0.0476751941711082 0.00494172091911008
v 0.0334846939939122 -0.010326815865117 0.00557460609738132
v 0.0124558836521489 0.00483822 -0.00948683
v 0.0164706487199 0.00456173028976445 -0.00939745605653393
v 0.00892719858496102 -0.00176880211279755 -0.00891149034136237
v 0.0274930079394701 -0.0361669513193311 0.00745396776718804
v 3.26572e-19 -0.0310959802710499 -0.00455263312351946
v 0.00830434402844856 0.00384054036404864 0.00864505672785991
v 0.00297218034559573 -0.0733945697048595 0.00761995557847918
v 0.0206108032980675 0.00462986 -0.00942898
v 0.025700755340315 -0.0204677658146794 -0.0027028825526893
v 0.0238366850299123 -0.0496134716016161 -0.00262479528249746
v 0.0219900968564602 -0.0239282687387946 -0.00563461798828087
v 0.0190450553497969 -0.0792058296365212 0.00398572902732844
v 0.0265216981957629 -0.0128283555705818 -0.012
v 0.0189902436143688 -0.0416378066991353 0.012
v 0.00929402996275019 0.00534002788210387 -0.000915851433425003
v 3.26572e-19 -0.0115216592003424 0.00498968119303396
v 0.0147875442224352 -0.081869625558098 0.00757054803151257
v 0.0252718082184921 -0.0272777832768205 -0.00938321134491827
v 0.03342425036634 0.000241383655074211 0.00785066676619483
v 0.00674519163949154 -0.0710953340667728 0.00932359053791681
v 0.0142219984019946 0.00567221746644301 -0.00776135676824
v 0.0114159013925987 -0.0502168984703374 0.012
v 0.0288224702430519 -0.0207374121561533 0.000772755663614028
v 0.0114036967976907 -0.0843200919530634 0.00801903930108942
v 0.0117494627121651 0.00424407744188721 0.00817428485677194
v 0.0232480903378087 -0.0711974742187282 0.00929311142614631
v 0.00704595586793836 -0.093856587134613 -0.00953474373378568
v 0.0155161891633537 -0.0819798804765599 0.00844536244256896
v 0.005 -0.0185572700856533 -0.00501068530612732
v 0.0222419209515311 -0.0288281912109952 -0.00156860089886519
v 0.0117460560885147 -0.0848776438364544 0.00946397825380864
v 0.0289793121886489 -0.0232134035994611 -0.000325018127470195
v 0.00999707 -1.3789025500413e-05 0.00238843221020708
v 0.028562804772136 -0.0520969590016657 -0.00707456241274347
v 0.0279386574981174 -0.0279067887141605 0.012
v 0.0183194486633732 -0.0696141590283028 0.00282170741942828
v 0.0031372757067598 0.00410321598130544 0.000814614670936813
v 0.00902578875263957 -0.0132577578518507 -0.00412900342000563
v 0.00509532770769152 -0.0063864411199022 0.00515620755220174
v 0.0261373228918765 -0.048928141677082 0.012
v 0.00701035995468228 -0.0313298771568627 0.00979773477361276
v 0.00806766904258146 -0.0291753099041677 -0.00849207986292155
v 0.0357152670134963 0.008 0.00962739090719933
v 0.0285697719875452 -0.0520396060662726 0.0025605931091567
v 0.0194225864540799 -0.0590646653201996 0.00808470303890682
v 0.0193555534617075 -0.005 -0.00302254326250307
v 0.00334554360328105 -0.00242285120457931 0.012
v 0.00187730830705167 -0.00541751133435607 -0.00771827948845106
v 0.0297936896787839 -0.0353470222574516 -0.0017834571933278
v 3.26572e-19 -0.0669861262021693 0.0091631031497782
v 0.0166128463033433 -0.0639919038420537 -0.00213086105297221
v 0.011857162978554 0.008 -0.00293019638249844
v 0.00222607938856609 -0.00504867607227585 0.000961587636662837
v 0.0220382922012585 -0.00673540456389705 -0.00333973330045823
v 0.0022791798811641 -0.0116670379452345 -0.00958809440948884
v 0.00172270378637294 -0.0407690424144957 0.000652899790037777
v 0.0182557789662531 -0.0653281597526563 0.00354212586440938
v 3.26572e-19 -0.00570161937383788 0.00481012360214037
v 0.00526444072037139 -0.0917237022357258 -0.00733476162425681
v 0.00283146430228241 -0.0629016248677664 0.00755681710313951
v 3.26572e-19 -0.0215186399641851 0.00121983640993165
v 0.005 -0.0201467775509634 -0.0059307128388876
v 0.00280498080574168 -0.0597662291346485 0.0075479521790862
v 0.00168142294621119 -0.0587757126031714 0.00792612685524152
v 0.0117198434268278 -0.0763354059662588 0.00909004091857464
v 0.013714204594209 -0.0783187591438611 0.00651945255047161
v 0.0094856009204807 0.00408127414837348 0.012
v 3.26572e-19 -0.0776533963428154 0.00888834581584086
v 0.00328861838185821 -0.0107376455206245 -0.00788688557872698
v 0.0113241789600399 -0.063040479986852 0.00847542194147665
v 0.0221058318843275 -0.0580562026260933 -0.00874231733438009
v 0.0142548807993371 -0.0145824481855648 0.00943527081870732
v 0.00752961412721962 -0.0289098648295551 0.00459029514200767
v 0.0283725254485223 -0.0201466895077278 -0.000988438260889095
v 0.009123789395288 -0.00165087581055904 0.00352827520988705
v 0.0085136983754158 -0.0637479907069631 0.00664331468316549
v 0.0108610543866857 -0.0723793315057697 0.00924596406777127
v 0.0229989494702958 -0.0363938592851069 0.00978778970372081
v 0.00195888491415927 -0.0756951851727604 0.00766031829572493
v 0.0026639094971072 -0.0751732586607776 0.012
v 0.00870897882779107 -0.0856761844408624 0.012
v 0.00278530627115734 -0.0329144736760877 -0.000957560874688924
v 0.01366939742173 -0.0783889040362394 -0.00678028177538537
v 0.0136693922651899 -0.0783889121087181 0.0036591546738439
v 0.0333253761397504 -0.0108893879404429 0.0117267457467054
v 0.0236133231795532 -0.0516082521506256 -0.00503605672192283
v 0.0146747242849532 -0.0214898080949844 0.00758070492304278
v 0.00258329679670431 -0.022471207155452 0.012
v 0.0152505498268312 -0.0665480311463159 0.00857168472310119
v 0.0129436097562895 -0.0837875454088001 0.00750062719232275
v 0.0255352545009755 -0.0174401381724141 -0.00939729268464095
v 0.0273931400767795 -0.0586059278708397 -0.00311515130005716
v 0.0261542890098408 -0.013268169426077 0.00941764206518821
v 0.0181081295033688 -0.0806002202540062 0.00953007311866369
v 0.0332376751815862 0.000724396493843256 0.000960840527313545
v 0.0259839185239328 -0.0179948783155 0.0102766365467521
v 3.26572e-19 -0.0036066629937454 -0.00868534976930406
v 0.0172125774689798 -0.005 0.012
v 0.0174064350005574 -0.077863695452151 0.00943464
v 0.0025 -0.00830823226047049 -0.012
v 0.0249481085276291 -0.029923503860012 0.00534505364094513
v 0.005 -0.0454209851503403 -0.00275278854207291
v 0.00845545358242118 0.00484186595799302 0.00947757856448701
v 0.0123287410697912 -0.0831783754152145 0.00786868496089317
v 0.00205442407955735 -0.0654453149227703 0.012
v 3.26572e-19 -0.0878455387251687 -0.00634831339986548
v 0.005 -0.075101040129611 0.00405468301225417
v 0.0263613727506042 -0.00998037117119946 -0.00456323317406373
v 0.0050363586366594 -0.0912219322303294 -0.00840083809771353
v 0.0327674500865915 0.00480058414712168 -0.0118416622597008
v 0.0237500744927731 -0.00706081516452556 0.000820721805474381
v 0.0249019995696354 0.00197106415025813 -0.00693227282547029
v 0.00797282123776494 -0.0723884640751068 0.00399313452693826
v 0.00757252616957309 -0.0441141030963451 0.0035521058836966
v 0.00762247125549966 -0.0166092552868466 0.00094790362212083
v 0.0224573475306076 -0.005 -0.00686880202435432
v 0.0130669577801594 -0.0873916352245363 -0.00147842250952007
v 0.00674552835890399 -0.0908242054238166 -0.00880596009410929
v 0.0259945979579461 -7.29615135780733e-05 -0.00536757731039476
v 0.00709625856788127 -0.0251649557043472 0.00953019429195515
v 3.26572e-19 -0.0200056363825155 -0.00853206533434533
v 0.0130614500351938 -0.074521088265525 0.0029186369503475
v 0.0018800465106539 -0.041548933391831 -0.000783791367735393
v 0.0350789174334751 -0.00543673328446416 0.00953458794724022
v 3.26572e-19 -0.0335062780559409 0.00207573898389579
v 0.00187870505814672 -0.0274833810039872 -0.000783066303345139
v 0.0209262638124743 -0.0750034967516527 0.012
v 0.00579276323270334 -0.0924670677970588 -0.00316377211686967
v 0.0222667280470562 0.00492520194956341 0.0119479951944662
v 3.26572e-19 -0.0201316539039742 0.00409623779289893
v 0.00447776101826598 -0.0807219683932876 0.012
v 3.26572e-19 -0.0373065834544972 -0.000442319801266194
v 0.0346657175113123 3.23029209347715e-06 0.00843979530670424
v 0.0118173375798459 -0.00197895265157879 -0.012
v 3.26572e-19 -0.0914672025646799 0.00313095837427013
v 0.0353845968620545 0.00173182034487187 0.000680799927809541
v 0.0285049467909269 -0.0140203031338824 0.00949335423716461
v 3.26572e-19 -0.0621338563760886 -0.00488569455900449
v 0.0103860310430069 -0.0828901377741489 -0.00689685792777114
v 0.0265755229753745 -0.0437869738819581 0.00751433964259151
v 0.0274633223266276 -0.0395029023791677 0.00747107687371488
v 0.0281335901538253 -0.0258535760389759 0.00753697725859942
v 0.0063583913874727 -0.0945503661380715 -0.00612544208170012
v 0.0164272720021373 -0.0805691487932003 0.00874643343881132
v 3.26572e-19 -0.0850822167398671 0.00235814090029941
v 0.0297058706559704 -0.00998583973291056 -0.00795845794638723
v 0.0270057109039777 -0.0604788734197766 -0.00583213845293101
v 0.0138380869164995 -0.054969348470002 0.00798213213803273
v 0.0303937314133623 -0.0284010903069268 -0.00150569163760696
v 0.0119434357579057 -0.0887583051411998 0.00677372747090453
v 3.26572e-19 -0.0679340654763392 0.00344012187196257
v 0.0284334643745431 -0.0531644641393496 -0.000598989829486041
v 0.0110040128876492 -0.056336472182178 -0.00738684988052163
v 0.0278666675843288 -0.0562398776515873 -0.00404257922067176
v 3.26572e-19 -0.00759153340445015 -0.0116704355430159
v 0.0050167556215054 -0.0574058684330094 -0.00711299363463886
v 0.00335014122330816 0.00103983328484085 0.012
v 0.0280065147784963 -0.055541084537423 0.00496572739390192
v 3.26572e-19 -0.02498370056622 -0.00810478554450269
v 0.00173786457925996 -0.0613401438329454 0.012
v 0.005 -0.03187164996326 0.00025112812202371
v 0.0277183763957536 -0.0569807546681541 0.00793225996967289
v 0.0337002013856666 -0.00956583937824184 -0.00796148140718717
v 0.0192816718082118 -0.0786909342768629 0.00850607284268269
v 3.26572e-19 -0.0263867901199945 0.0117947794942731
v 0.0261874870074662 -0.0127411890023378 0.00693086954413417
v 0.0117420919466714 -0.0634138174040249 0.00400023675482249
v 0.0355595066168612 0.000651014325433105 0.00943611781571214
v 0.0077743272073431 -0.0254452247749678 -0.00372268584736298
v 0.005 -0.0363832 -0.00695905777173285
v 0.0248756849833103 -0.0602152188435449 0.00759317095927462
v 3.26572e-19 -0.0343575291029712 -0.000674372740072203
v 0.0273358562918817 -0.0352059744212026 0.012
v 0.0231336757006723 -0.0546831880994098 0.00631323282990103
v 0.0323446358136189 -0.0154088916903764 -0.00312030996262464
v 3.26572e-19 -0.0286795348281412 0.000917014482926817
v 0.0147060894384169 -0.0727726465941324 0.00933406263750489
v 0.0225320151987819 -0.0092567750345888 -0.00690638279392872
v 3.26572e-19 -0.0278709454345438 0.00633968024567713
v 0.0203786163172433 -0.00888351689588473 0.00956774752994965
v 0.0282186573036721 -0.0358849548676857 0.00832153869085021
v 0.00521141067784093 -0.0379923216915651 -0.00102679284764207
v 0.0211603200864877 -0.0624149710993951 0.00609836613405302
v 0.00981374362523135 -0.0649093676507597 -0.0119999999999999
v 3.26572e-19 -0.0313827731826206 0.00568375041903693
v 0.00928188831248641 -0.0644342391653999 0.00176964649010272
v 0.0090887033899348 -0.0638510844023657 0.012
v 0.0348430187837871 4.16850450399105e-05 -0.00882674497301343
v 0.00537814606615113 -0.0609469102232013 -0.00346614073291655
v 0.00535904050001154 -0.0609298425973822 0.0049461457710631
v 0.0216260110374979 -0.0606805298464532 -0.00853162278812408
v 0.0262640339787736 -0.0115257964502757 0.0102031870869119
v 0.00515530782920576 -0.0337058418877159 0.00558065309950454
v 0.0327479337540292 0.000857496419973044 -0.00751107088241981
v 0.0149454736523096 -0.0763912276619415 0.000596131264719137
v 0.00626800207882482 0.000995025991330904 0.00766889226813281
v 0.00829768082840719 -0.0445878631788378 -0.00789319915560462
v 0.0212003163061867 -0.068749688143913 0.012
v 0.00767603113104382 -0.0191569103770146 0.00225920544287668
v 0.0287031768354918 -0.0284651248495881 -1.9508658371941e-11
v 0.00270636134920237 -0.0694048379958476 0.00752172754042783
v 0.0295237815938855 -0.0393102296584979 0.00959898417456705
v 0.0197619540343569 -0.0448467391944126 0.00713093219778328
v 0.0347666710132749 0.00185682 0.00901555
v 0.0130242610176433 -0.00760876214111952 0.00366979122184855
v 0.0179454633064849 0.005726 -0.0091877
v 0.0157879841412278 -0.0702463620855963 0.00969082407589421
v 0.0232628774260615 -0.005 0.00226919702560166
v 0.005 -0.042386362973651 0.00700281304474636
v 0.00697049849961053 -0.0748185106710981 0.0028824440902072
v 3.26572e-19 -0.0474982402027757 0.00147492511309657
v 0.0173692794773116 -0.0575589119926446 0.00245900749446914
v 0.00969136748765452 0.00106255643589432 0.00835833162394806
v 0.0206007419850162 -0.0425611473097737 0.00933775274930667
v 0.0336235608960683 -0.00134420449964675 0.012
v 0.0294929294955435 -0.0133056538289282 -0.00795236259587984
v 0.00522553997257483 -0.0243917234213804 -0.00830182990272431
v 0.0312788295328917 0.00590758 -0.00808011
v 0.0335048476837117 0.00564739 -0.00926216
v 0.032522183856276 0.008 0.0018454381894143
v 0.0214134722427738 0.0059169651388599 -0.00906642084206625
v 0.038 0.00292999705813316 -0.00282031985605459
v 0.00722022405622431 -0.0936807475241171 -0.000387865752287362
v 0.0126827146386734 0.00573364968508341 -0.00782130739777335
v 0.0169981299982007 -0.0197344579775268 -0.0117173945998138
v 0.0258443489205396 0.00376544183580606 -0.012
v 0.0277539662309146 0.00594725141021705 -0.00762519130358795
v 0.0290144295460744 -0.00501690175848523 0.00751325957526728
v 0.00152823135238757 -0.0539213727019176 0.00873255589513401
v 0.0029781193985927 -0.0458182245790592 0.000876776334933471
v 0.00228503 -0.0879766 -0.00557901494142233
v 0.0284276508277673 -0.0133665877509794 -0.00750263606318032
v 0.0326036981337406 -0.0140645589606354 -0.00850876030941217
v 0.0299126192931804 -0.0318168107187786 0.012
v 0.026712719757172 -0.061445026583363 0.009685143819719
v 3.26572e-19 -0.0852363694708992 -0.00469699652922784
v 0.0158263796769816 -0.0564274585316259 -0.0117701126438599
v 0.013619894507894 0.00598710201364394 -0.000151042280829385
v 0.0379994987865795 0.000455203076726729 -0.00268876418694228
v 0.0217589 -0.060778 0.00431317167882584
v 0.0296203026574902 0.008 0.00249689343119439
v 0.00267432157360406 -0.0977363831712005 -0.00722363397603607
v 0.0188690092301567 -0.0794678323665171 0.00710547915232627
v 0.0314150934835262 -0.0203073802949673 -0.00154333675802251
v 0.0295975305558252 -0.0111672855199349 0.00790996110011565
v 3.26572e-19 -0.0779940687839254 0.00574952376904177
v 0.0296904097886651 -0.0189927125657986 0.012
v 0.0220543467706058 -0.0360753851262648 0.00568221838820402
v 0.0280585752643896 -0.0228380953942965 -0.012
v 0.0274884244934234 -0.0439188685924258 0.012
v 0.0237933067372263 -0.0145230456590539 0.0015125443450195
v 0.0137085867594805 -0.0413761363075382 0.00400819940464729
v 0.0225738100335962 -0.0683475108035847 0.00914252769469846
v 0.0082838398494234 0.00415165269154117 0.000528108013755464
v 0.0265126178403749 0.00599383968413558 0.00010995056680533
v 0.00204409674760282 -0.00780508018879844 -0.00757653086659659
v 0.0298906868886701 -0.0341477494392395 -0.00495813542220296
v 3.26572e-19 -0.0135169599652634 -0.00730478564973202
v 3.26572e-19 -0.0192006039895823 -0.00486701063173572
v 0.005 -0.0272957734163657 -0.00038981879852254
v 3.26572e-19 -0.0291205417859566 0.00923131460777848
v 3.26572e-19 -0.0101357590198957 0.000522591556019833
v 0.0266508128795962 -0.00538566876689809 0.00905209851193354
v 0.00228079803385641 -0.0552627442419992 -0.012
v 0.0238282829530114 -0.0070456711565781 0.00309777448059281
v 0.0230842017187418 0.0078550259260908 -0.012
v 0.0352241024078399 0.008 0.00366781231359059
v 0.0295246818367159 0.0079363152988596 0.0118229470952263
v 0.0266487425473399 -0.0371649020887968 0.000805309656088311
v 0.024919015504432 -0.0568150332854156 -0.012
v 3.26572e-19 -0.0679243293709729 0.00630780545933475
v 0.0279243665370065 -0.0245553321173657 0.012
v 0.0193231174617411 0.00404151560980629 -0.000280283235840859
v 0.0165379382062203 -0.0788575479105409 0.00948815709907262
v 0.0323397555861599 -0.0154343184167657 0.00905509661501271
v 0.0239908318547281 -0.04221589521844 0.00244655623257078
v 0.030828090707467 -0.0249590347393935 -0.00145850556619562
v 0.031764315895546 -0.0184202467819097 -0.00456369556059794
v 0.0239243154141401 0.00199589720931416 -0.00389159336410598
v 0.026282575437112 -0.0628635349715849 0.00495615035196524
v 0.0171892675554856 -0.0819677265346956 0.00414254727031691
v 0.00216769148327986 0.0078475327854811 0.00555715861411214
v 0.00312682350774421 -0.0760122602972536 0.00938539937047167
v 0.0234911987057265 -0.0515999663134627 0.00692544155369479
v 0.0290671873421276 -0.0465584458568957 -0.0067673550343401
v 0.0353513826306004 0.000741144123695306 -0.0094654666546217
v 0.0350350390970888 0.00161121100885044 -0.00771036682030127
v 0.00785385457365166 -0.0476047154413385 -0.00131230744589613
v 0.0228359210864596 -0.036460959992339 0.0021740064993032
v 0.0296012130157899 -0.038080705221777 -0.00111519984137863
v 0.0296905494370795 -0.036663076180458 0.00172419750011627
v 3.26572e-19 -0.0414964893994086 -0.00727158138751488
v 0.025929004656941 -0.0411642291864382 0.000235706470619636
v 0.0314977131436504 -0.00341104523415244 0.012
v 0.000306550583016208 -0.0354503404013556 -0.012
v 0.00218655397796809 -0.0865300991579647 0.012
v 3.26572e-19 -0.0695764165074369 0.00971418550375894
v 0.0051959794762166 -0.0217825055689385 0.00708747006216268
v 0.005 -0.0182649 0.00355561038405451
v 0.00981952669533773 -0.000823326200391813 0.00854015146867628
v 0.00574805547945937 0.008 -0.0022896479327165
v 0.0238408162148116 -0.00948363869601982 0.00233986831506837
v 0.00154304370617532 -0.0164620842305669 0.00028774222962123
v 0.0015921377633416 -0.0146175628882648 -0.000418159996059441
v 0.0327779569466657 -0.0131603508772448 0.00648452603377709
v 0.0349804235901978 0.00462380849398519 -0.00956911863717316
v 0.0295735634335459 -0.0385198682169404 0.00646313389131416
v 0.0173695585195209 -0.0545829014096813 -0.0117183044855154
v 3.26572e-19 -0.0343431745832768 -0.00904946637019313
v 3.26572e-19 -0.0264134891076451 0.00241373841222593
v 0.00259274673539508 -0.0978054302814654 -0.0119308210331815
v 0.0075750751878077 0.00447239393009102 -0.012
v 0.0286750213544583 -0.0077102541498403 0.00960245563390335
v 0.0271137074734224 -0.0600021143734488 -0.00902246960503121
v 0.00507162991460874 -0.09570723725794 -0.00898471057222115
v 0.00170699963040858 -0.0130712369527469 0.000608544642215159
v 3.26572e-19 0.00130010817774261 0.00746870302834947
v 0.00676606338445591 -0.0528895996556332 -0.0100441729202162
v 0.0352007080744773 0.00193601208663063 -0.000348433865820482
v 0.0262467332640544 -0.00990065970415594 0.00150960021159361
v 0.00669215400613398 -0.0497290130512858 -0.00983983038807058
v 0.00501217543669911 -0.0695177670197337 0.00899992176941357
v 0.0236874865698313 -0.0144962349356065 -0.00262543575716764
v 0.00675411046632546 -0.0467982413527722 0.00441804739583351
v 0.00815487022643456 -0.00676473423892311 0.00780952204444332
v 0.0304057787659343 -0.0283056217453995 -0.00972402836624472
v 0.0215240724893191 -0.0164239601061625 0.00946303933693252
v 3.26572e-19 -0.086622603388199 0.0104397407175245
v 0.0152152277736861 -0.0697346975725051 0.00392122578396461
v 0.00213370648874432 -0.0137343246987684 -0.012
v 0.0278804984697233 -0.013060071332462 0.000614175705624024
v 0.0188125600909577 0.0059791397524874 -0.000199602530078119
v 0.0322667593969034 -0.0158129562858052 -0.00982542312417585
v 0.00347647875445524 -0.0369506922392444 -0.00021033677705476
v 0.00349476197943178 -0.00325209025333581 9.89877221000468e-05
v 0.008417887077145 -0.0573266795748813 0.00167219274523781
v 0.025567 -0.0225908 -0.00883969976749168
v 0.00989035387141574 -0.000644109838205823 -0.00918401827129746
v 0.0217194669980134 -0.0432025551734672 0.00568665741547126
v 0.005 -0.0549357633467031 -0.00868848161334743
v 0.00504810093138204 -0.0485233737632107 0.00758386294900909
v 0.00515767606838976 -0.0909522188086671 -0.00228806658685242
v 0.00595623668798839 -0.0907231306219799 0.012
v 0.0279564922260697 -0.00882429561940656 -0.000203076316302359
v 0.0353687209056734 0.000761478147403357 0.0075300568065785
v 0.0238536363749109 -0.0494620840068749 0.00785544015446465
v 0.024791955411158 -0.034895794805741 0.00996806416347671
v 0.0295435490569076 -0.0389961811210942 0.0038016766710322
v 0.00339216044571325 -0.0303900357312262 0.000450970900890681
v 0.0217735322562124 -0.0460000403711647 0.00900121319701414
v 0.00255626899472018 -0.0023129966004964 0.00750164314351281
v 0.0220029 0.000108278 -0.00770355079672683
v 0.0173619751589458 -0.0716524134553632 0.00918014289493978
v 0.0158544872227121 -0.0839542286099819 0.00194939193338683
v 0.00182784735039528 -0.00422343776354555 0.00776116964111683
v 0.0253994936472268 -0.025251223153812 -0.00911210083929088
v 3.26572e-19 -0.0102060664320697 0.00266676488897081
v 0.00196402856268493 -0.0497773022152148 0.00765628407198202
v 0.0336445382607609 -0.00976238792636016 0.00872078706405572
v 0.0148520435323111 -0.0808759831197563 0.012
v 3.26572e-19 -0.0472430031309058 -0.00492813717294955
v 0.0200002768632491 -0.0594883271023879 -0.0100086175703694
v 0.0034980383027048 -0.0401476788048036 5.88813857050399e-05
v 0.0278689341754886 -0.0192402138549269 0.000872915752356292
v 3.26572e-19 -0.012193947280778 -0.00185751758561773
v 3.26572e-19 -0.00286747077304838 -0.00204045646393089
v 0.00869832801011435 -0.0881866575079956 -0.012
v 0.00710720439462381 -0.0749625088596517 0.00607166001097247
v 0.0200266627798916 -0.056531479099101 -0.012
v 0.0370868168937659 -0.000550599901780832 0.012
v 0.029493123538089 -0.039796495765292 0.00121892954970265
v 0.0310868989094425 -0.0106505461484608 -0.012
v 0.0303056487790696 -0.0289006835060391 0.0119284852915455
v 0.0362061485466457 0.000129591612633379 -0.012
v 3.26572e-19 -0.0189671322388432 0.0074170423741363
v 3.26572e-19 -0.0432075469489404 0.00772988661755432
v 3.26572e-19 -0.0138374193818613 0.00766245092179308
v 0.00689734549975572 -0.00654676330007579 0.00507077717476174
v 0.00321241602621689 -0.093140166855288 -0.012
v 0.0283116462714495 -0.00408712004205474 -0.000384728624831484
v 0.0228413302206198 0.00162720174335781 0.00905012481232522
v 0.022950339742598 -0.0317179185936737 0.00155604953383778
v 0.00988014403154717 0.00400080395639949 0.00851483340715233
v 0.00499999822602414 -0.0242984992667638 0.00733436841566103
v 0.00904567101393275 -0.038702710979564 -0.0119999999999827
v 3.26572e-19 -0.0520696432206018 -0.00229778743398947
v 0.0300463913389018 -0.00323841036469428 -0.009326236713955
v 3.26572e-19 -0.0512576870734959 0.00144512150589462
v 0.0278709478521503 -0.0560970063997975 0.012
v 0.0109081779008386 0.008 0.00659636906834123
v 0.005 -0.0424334 -0.0011879970248215
v 0.00599522318353239 -0.090489437324912 -0.00830178554431626
v 0.00288591236012709 -0.0386208530539865 0.00757804961590181
v 0.00635509875333157 -0.0433187222975954 0.00479852100707982
v 0.00119851959729795 -0.0517418470754992 -0.012
v 0.00137726396007674 -0.0330132814077295 0.000114459207160335
v 0.0284532693370477 -0.00891522385609152 0.000878458373199182
v 0.0209923074862385 -0.0382276223468706 0.0087034112790498
v 0.0111251464624181 -0.0762606770578875 0.012
v 0.034742263009277 0.00777072698581235 -0.012
v 0.0250973636808891 -0.0275429716801562 0.000393891324329105
v 0.00906334387400835 0.008 -0.00734529787970283
v 0.0124030626920832 0.00566310583476129 0.012
v 0.0278679971503697 -0.0263899123612781 -0.000998621523190701
v 0.00150122035410762 -0.00735296951940565 -0.00846243861390293
v 0.00883707929939768 -0.048595147065135 -0.012
v 0.0282676393373657 -0.0542363100825896 0.00143646116452739
v 0.00376287907982985 -0.0887229992925729 0.012
v 0.00517446072476823 -0.0771977208711828 0.00874323802821231
v 0.0315744058080358 -0.0194057406589254 0.00929571042668196
v 0.005 -0.045128155322345 0.00322827948623251
v 0.0253968858754827 0.00142930357056151 0.00465986764774087
v 0.00340560865255267 -0.0538907262116499 0.00892185366953035
v 0.00551295568689488 -0.0923611300422312 -0.00993345798523222
v 0.0138912645649934 -0.0863888908902175 0.0118218399960881
v 0.0292703544512675 -0.0433325345036039 -0.00519167050577798
v 0.00335773826071475 -0.00176825140860148 0.00901399648367379
v 0.00312896276629438 -0.00882014602981229 0.00772361704984656
v 0.0315563490826314 -0.0194994140187367 0.000497602838631082
v 0.00607674998911591 -0.0880797547815847 -0.012
v 0.0230613862667582 -0.0217555454182149 0.00218588202113674
v 0.00345946838735885 -0.0350063842860296 0.00877909194465725
v 0.0208752418237543 0.00575230829637277 0.000656723223738576
v 0.0218244432038183 -0.0359619397904508 0.00806686227598484
v 0.00326355499020202 -0.0862327588573142 -0.00367539092654394
v 0.00318489973366655 -0.00770352424054414 -0.00777219630740089
v 0.0295172638303992 -0.0394129390701339 -0.00664814710300324
v 0.00516363523954392 -0.00980354681066572 0.00480091877812805
v 0.0265102747248911 -0.0352116880873068 0.000641845504026445
v 0.0247863337501257 -0.0349850509702727 0.00597520288825465
v 3.26572e-19 -0.0476867699948285 -0.00247661264655555
v 0.0292391840543379 -0.0438277781043919 0.00881549544062057
v 0.0192656503123317 0.000111844461834399 0.012
v 0.0184788710823399 -0.069432078203814 0.00560518369048143
v 0.0325044678228084 -0.0145795472369799 0.00144955329889691
v 0.0029630563433096 -0.0414352230424324 -0.000884911269251777
v 0.00222402128957819 -0.00705695332455913 -0.000960953784673584
v 0.024786015429583 -0.0349900289367788 -0.00186876566018444
v 0.038 0.00511293550187044 0.0119219777854153
v 0.00150597299283313 -0.0869044493736643 -0.0055404115123763
v 0.008 0.002 0.00726403025381242
v 0.0261438239400761 -0.00744702903086516 -0.00702004921406505
v 0.0254821983640452 -0.0225625285190481 0.00549542153891295
v 0.005 -0.0303381 0.00592763850876541
v 3.26572e-19 -0.0245854479729624 0.0068446115463047
v 0.013125921925213 -0.0873199004531652 0.00236956083262136
v 0.0103285496010898 -0.0783556558651187 0.0118478929726228
v 0.00349420871249272 -0.0520938780055158 -0.00883551401639901
v 0.00344822051881522 -0.00192476386597522 0.00804895545403383
v 0.0206970074475424 -0.0641930344565698 -0.0076491659617905
v 0.0239590553811904 -0.0070683439621774 -0.00584736693260925
v 0.0206967022442645 -0.0641940145174418 0.00885120466575529
v 0.0128933162767611 -0.0876028472976242 -0.012
v 0.00920514872968632 -0.0015957163243055 -0.00250081139527375
v 0.0277486930290307 -0.0251567363615343 0.000986434665443878
v 0.0206903 -0.0642146 -0.00167921317551924
v 0.0279052587904636 -0.0206652060671786 0.012
v 0.00342924856980757 -0.0570285513074489 0.00881595462380784
v 0.0207076227395184 -0.0641589335438413 0.0034842057511356
v 0.0144386413198495 0.00414314 -0.000515554
v 0.0174485190612612 -0.0615780296786226 -0.000323073926972008
v 0.0187923323340887 -0.0344661172706448 0.00737681548535524
v 0.0293330056828364 -0.0166381720136671 0.0080392443867317
v 0.0255997618249115 -0.0226875216413899 -0.00321362437949007
v 0.0314227777806161 -0.0202464868242411 -0.00784867677334504
v 0.0349250719300303 -0.00559251328548862 0.00470256918735586
v 0.0353269993423008 0.00199997 -0.0085
v 0.00144542589075282 -0.0479271243024305 0.00882080992119995
v 0.0287088676460264 -0.0140297929670792 -0.000993315331801053
v 0.005 -0.0686769772996543 0.00177385607217705
v 0.00518680700962418 -0.0122909215700787 0.00621316922799599
v 0.0242766319609654 -0.0570679304740591 0.00897145458096617
v 0.0285685440393276 0.00546841 0.000883512
v 0.00265489694844788 -0.0144255771996459 0.000987487348501936
v 0.0171416478690612 0.00546841 0.000883512
v 0.0128297689144488 -0.0381058117215159 3.25926735932677e-05
v 0.0273585680181666 -0.0581978711473156 -0.012
v 0.0241027402504655 -0.00712194402329497 -0.00151703222192261
v 0.012624935918778 -0.0879293314588591 -0.00726440336416348
v 0.00541648546392229 -0.0305435662325484 -0.00498855231756016
v 0.0161958366523341 -0.0780615128630328 0.0077079
v 0.0260650019223929 -0.014685776752637 0.00177441539831893
v 0.00199088338261609 -0.0305445500383835 -0.000860119418188346
v 0.0121502970114892 -0.0805656888512535 0.00901817989861313
v 0.0251251151397301 0.00164995598337052 0.00788051541075096
v 0.00618862058000253 -0.00392636387425679 0.012
v 0.028532358381081 -0.0523482849053421 -0.00303285137940663
v 0.00347510183422087 -0.0867849496940355 -0.00990343676979899
v 0.0252769765741702 0.00153556943247325 0.00112209939824472
v 0.00225019438652643 -0.0304526263137566 0.000966319483261771
v 0.0252516709022242 -0.0276090208565787 0.00716965729118731
v 0.0153601429208366 0.00523991634742774 -0.00753037107960395
v 0.0229290036020342 -0.0167798803200604 -0.00766887540546984
v 0.0028193 -0.0860523 -0.00892342954092672
v 0.0308958484252763 -0.0244220925512226 0.00944548436607143
v 0.00322078513219563 -0.0513089246762097 -0.00644453987062395
v 3.26572e-19 -0.0346518896226777 0.0091445998415961
v 0.0273382539011476 -0.0185598850396788 0.000170264318185215
v 0.024792600861054 -0.0298824719302598 -0.000660429507604307
v 0.005 -0.00801766240981817 0.0101264838509994
v 0.00243530307145702 -0.0904817124134676 -0.012
v 0.00292459122300391 -0.0748610318976006 0.00759475220193125
v 0.0352554852694089 0.000166303497878084 -0.00780219594252368
v 0.00273593782425439 -0.0529707917941057 -0.00777916005140387
v 0.0211671851391636 -0.0710002237836583 0.00934482507817519
v 0.0252481878906954 0.00156001627331622 -0.00199741601545958
v 0.0278768531045598 -0.00980094895658864 0.00855666421766953
v 0.00303887162049134 -0.0491593174661178 0.00765823727798505
v 0.0232573245680052 -0.0543072901482989 -0.00751320468072469
v 0.005 -0.0730978636553034 0.00184625032541439
v 3.26572e-19 -0.0105626868985598 -0.00668187608299726
v 0.00349472488718589 -0.00552835355543901 0.00010092713922943
v 3.26572e-19 0.00072846269603763 -0.000123854315725189
v 3.26572e-19 -0.00271324541180335 -0.00606091298209656
v 3.26572e-19 -0.00380316039341656 0.00194291672643735
v 3.26572e-19 -0.00730690558441349 0.00263916367450506
v 3.26572e-19 -0.012146454684072 0.00173541884774696
v 3.26572e-19 -0.00796811410623922 -0.0015903197693635
v 3.26572e-19 -0.00428842801776661 0.00740424477216313
v 0.00350795086889978 -0.046511626633759 -0.000234461957535963
v 0.0106550730754024 -0.0902148529681265 0.000962199663283832
v 0.0301108356067337 -0.00525441199696957 -0.000320208139576585
v 0.00527772474323171 -0.0397480198063333 -0.00226488667873019
v 0.0296911167632944 -0.0076382719049508 -0.00776613873975657
v 3.26572e-19 -0.0147560498758435 -3.04037130175634e-05
v 3.26572e-19 0.00539445801761149 -0.00169247291008359
v 0.0146280550682405 0.00537014 0.00942898
v 0.0135708272392298 -0.0825884708414142 0.00752922297619355
v 0.0283556949502849 -0.0131476153735827 -0.00945088923873264
v 3.26572e-19 -0.0878408570476627 -0.000215158439928277
v 3.26572e-19 -0.0344587456050702 0.00626991984535177
v 3.25916325872826e-19 0.00195386013996434 -0.00971520058726892
v 0.0267872103697887 -0.0391181160902868 0.000968773808150177
v 0.005 -0.00792823274228964 -0.010074442109008
v 0.0266121001122399 -0.0438018836853163 0.00115847266154283
v 0.0295148998774497 -0.0394506208714719 -0.00324287507147005
v 0.0274136998168879 -0.0214504594043657 0.00918611688347934
v 0.0253727274982745 -0.0299334710288802 0.012
v 0.0099411818408969 -0.0364497039232005 -0.007745649176326
v 0.0293463376791019 -0.0421265886165909 0.00282675053855096
v 0.035426824970807 0.00780292563813467 0.012
v 0.00181568749830112 -0.0565270361889881 0.00767649373895459
v 0.00901786881921801 0.00425429379051483 -0.0078355037875419
v 0.0281385509782601 -0.0548813112889167 0.00961220754017292
v 0.0358297751873198 0.008 -0.00768974626813466
v 0.0228931608327124 -0.0663654422475895 -0.012
v 0.0290941736010891 -0.0258359136284579 0.00846320089692923
v 3.26572e-19 -0.0598481184916873 0.0057443975980682
v 0.0253754 0.00145199 -0.00392854572111893
v 0.00336048097926797 -0.0875066854375481 -0.00465864491928673
v 0.0285647485760705 -0.0299548988972113 0.00879270908998256
v 0.0273252457243369 -0.0340620214220434 0.0097493429786317
v 0.0304068191435738 -0.028297377331857 -0.012
v 0.0286829629224527 -0.00772862945928564 -0.00755428369926732
v 2.44929e-19 -0.09193345 -0.012
v 0.00151649699535198 -0.0189703642688932 0.000176692863144407
v 0.00238785164269776 -0.00461422216496764 0.00949232348666444
v 0.0203951997235145 -0.0208668327836168 0.0081389747801456
v 0.0206942407767416 -0.0642019297567469 0.00610280582377987
v 0.00823772700089689 -0.0168143410317609 -0.00262652623757154
v 0.0111676702079174 -0.0177909886780393 0.000347703494146131
v 0.00698658707028701 -0.0913260860614269 -0.00262502324468349
v 3.26572e-19 0.00211879959202301 0.00246608036971755
v 0.00695776855077037 -0.00170616995028797 0.00606329803199987
v 0.0262048374502712 -0.0124660349846201 -0.00240302591277644
v 3.26572e-19 -0.0256488097551471 -0.00487578093704158
v 0.00280849498768389 -0.0654682048569988 0.00945096851836635
v 0.0277058743120449 -0.0142344785489317 -0.000454596664182261
v 0.0292896253970293 -0.0430267178291769 0.000699811869831288
v 0.0320219749084538 -0.0157796237376106 -0.012
v 0.00285222526628477 -0.0111094389734759 -0.012
v 0.00938531873114496 0.00143666729002477 0.00302761553195817
v 0.0261662076558663 -0.0573938262827045 0.00881396708880443
v 0.005 -0.0156558548911445 0.00539991386212231
v 0.00150798961031438 -0.0871141138487913 2.41947616638396e-05
v 0.0266308673071076 -0.0314996723004125 0.00897638178944204
v 3.26572e-19 -0.0186821768645329 -0.00199680727280993
v 0.0256858490768897 -0.0207043584051543 0.00374169841701651
v 0.0102638227941636 0.0059655660563736 -0.00824522130346764
v 0.0288341338096254 -0.000328812601132998 0.012
v 0.0279183647456442 -0.0385691955931772 0.000523437153509052
v 0.0244470849446709 -0.0403707382266537 0.00212495795992766
v 0.00349213608739034 -0.0624947095482712 0.00861628194729241
v 0.00152242895415167 -0.0517961608482031 -0.00639965362228297
v 0.0262042343721681 -0.0124753960633651 0.00408440641480538
v 0.00500000085114599 -0.0439256118129978 0.00411366237355531
v 0.005 -0.0727429 0.00936495285815169
v 0.00567883493145523 -0.00331708601192634 -0.012
v 0.0216798889543839 -0.0459463473127051 0.00176811671418105
v 0.00349192851905621 -0.0327414536320258 0.00837699406386194
v 0.0147793717679784 -0.0351625917239945 -0.00559595756252592
v 0.0247994947130117 -0.00721401930118073 0.00997288496298688
v 0.0140151574728684 0.0059959255802549 0.00842482486982253
v 0.0244739 -0.0399452 -0.00340416215331696
v 0.0308137880976408 -0.0250723749590015 0.00565736573501464
v 0.0209359895912317 -0.067955281285884 0.00882404591450084
v 0.0228921272827932 -0.0629427492855146 0.00787671130031421
v 0.0213384689930103 -0.0383983973105964 0.00604902070514401
v 0.00510293997791677 -0.0919282538778832 -0.00329066739677393
v 0.0178848053732969 -0.036694595738082 0.00411643289098008
v 0.0293328368570021 -0.00454403542197306 0.012
v 0.0149289001959664 -0.0764171731355612 0.00626150104079284
v 3.26572e-19 -0.0337091845263458 -0.00346942880461387
v 0.005 -0.0200515245999216 -0.00133857899353618
v 0.005 -0.0334797398238398 -0.000194206629794032
v 0.0124766286351902 -0.0839882013131292 0.012
v 0.00181844362781864 -0.052731218324368 -0.00733896856158077
v 0.018100923944278 -0.0760906185605223 0.012
v 0.0261918308388889 -0.0126720597578752 0.0119471637605086
v 0.027934443238433 -0.0415242099304059 0.00886501974962465
v 0.00260757676205625 -0.0356000951616438 -0.000989573081065594
v 0.0288745583254305 -0.0202780353698741 0.0092538484270491
v 0.00788090865293157 -0.041448747840575 -0.00837254127417308
v 0.0289207789332351 -0.0142369388266443 0.000944268004556858
v 0.0260025186088808 -0.0466669517338734 0.000832325892748806
v 0.02585914762759 -0.0179535984809447 0.00788803177073543
v 3.26572e-19 -0.0638658 0.012
v 0.0277554810449138 -0.0567954356320404 0.000336612146564504
v 0.00773849674106142 -0.0630554866527535 -0.00665553367115715
v 0.00816212897865676 -0.0634339278148616 -0.00273744055206098
v 0.00152864042055146 0.000149690508883739 0.012
v 0.00863120888733252 -0.00189736198484054 0.0090380219389477
v 0.0220729 -0.000535057 0.00575753351904969
v 0.00790939492226741 -0.0255010529031685 -0.00793787857824738
v 0.038 0.008 -0.00258587679738951
v 3.26572e-19 -0.0914878062332412 -0.00790704748600882
v 0.0252420300243802 -0.0277504080807658 -0.00225969599757483
v 0.0327693189472044 -0.00563772154300311 0.012
v 0.0095098716911096 -0.0913704074080084 -0.000270730369209569
v 0.00338351 -0.0874684 0.000234382887349989
v 0.0298006914137914 0.008 -0.00539103833368427
v 3.26572e-19 -0.068991978923537 0.00804298819301534
v 0.0379984411693032 -0.000399888737345708 0.00548881749248413
v 0.0345000217768028 0.008 -0.00277999594754422
v 3.26572e-19 -0.0129722872604705 -0.012
v 0.00348325124462762 -0.013113919651866 0.00891605370447772
v 0.0309843751659118 0.008 -0.00881604987804442
v 0.00349879477858937 -0.0678697948929585 0.00845561177743447
v 3.26572e-19 -0.0720203820429304 0.00924098155494157
v 0.00870799646882531 -0.0544690448256392 0.00140348375230973
v 0.00344872635715301 -0.0516003719307582 0.00881322956335383
v 0.0337790217172635 0.008 -0.00663072942312509
v 0.0355131044883502 0.00161666153850741 -0.00928548963899779
v 0.0021804409458132 -0.0769908164888621 0.00944745243566595
v 0.00324979474654295 -0.0312439872954857 -0.000661171411023614
v 0.0311262759004049 0.008 -0.00214951916865895
v 0.0210542649635724 -0.0678739713574339 0.00782827618802097
v 0.00504738818152814 -0.0276852785790676 0.0072620330339222
v 0.0139031299761217 -0.0812535309770087 0.00916647442340271
v 0.0349680027628326 -0.00571956693444269 0.012
v 0.00766700482266289 -0.00445077727635918 -0.012
v 0.0257377757603594 -0.0198801302503221 0.0116710958684722
v 0.0269954738216551 -0.0247888016934089 0.000350372692095604
v 0.0111826870329225 -0.0896824664531064 -0.00960449136629401
v 0.0265366154579837 -0.0461180811651616 0.00750268565243362
v 0.00211888714404702 -0.0860769415699743 0.00139190578598958
v 0.0309149599401773 0.00494586 0.00949853
v 0.00657306318843166 -0.0923070419438802 -0.00222376009738421
v 3.26572e-19 -0.0416515916875526 0.00533020069800836
v 0.0015038436339912 -0.0075583083606168 7.56351129691199e-05
v 0.0264055915775071 -0.0356340306163918 -0.000534896214339075
v 3.26572e-19 0.000425942842733772 -0.00744813086941758
v 0.0297544175694058 -0.0113885776428171 0.000214160127906819
v 0.00148185790340145 -0.0199192263791874 -0.012
v 0.0287312621431936 -0.0221208175820533 0.00772415964481126
v 0.0228094794979437 -0.0016056029720431 0.00901557841597642
v 3.26572e-19 -0.0360390628442159 -0.00216340453152622
v 0.0034855884288474 -0.0727853107915114 0.00833175191286905
v 0.023062875587563 -0.00201612447238896 -0.00413777291236092
v 0.005 -0.0423393259473021 0.00200562608949272
v 0.0357323520085887 0.00588632180727191 -0.00804001617672774
v 0.0273727228985263 -0.0463663095100896 0.00789483938959457
v 0.026373058916805 -0.0625651011902728 -0.00984599647854997
v 0.00776624855583426 -0.00198540868037638 0.00345881638978003
v 0.0269081185719635 -0.0259579412221225 0.00818498748866207
v 0.023615089410244 0.008 -0.00707982912041862
v 0.0272097989661334 -0.0241945869305542 0.0091493794459457
v 0.005 -0.0423628444604766 0.00450421956711954
v 0.0314348260353677 0.00414314 0.000515554
v 0.0263740788426341 -0.0340585796801185 0.00827419480271295
v 0.0275081414586409 -0.0315799566081897 0.00962434242859261
v 0.0242623679012348 -0.00955670923117124 0.000133191551571876
v 3.26572e-19 -0.03587323759512 -0.00476833210593051
v 0.0257329219105356 -0.0201538128488346 -9.2302625619458e-05
v 3.26572e-19 -0.0243076208265139 0.00185711324209144
v 0.0230432210901684 -0.0317563099699037 0.00557031557091072
v 0.027578638522353 -0.0187455247102583 -0.000680410238558647
v 0.0207902791133951 -0.00895487171298848 0.012
v 0.0265169 -0.0075117 -0.00156888059750333
v 0.00349027972227435 -0.0248760066425574 0.000136457451927746
v 0.0285207893708423 -0.0114147205652045 0.00946706054420811
v 0.00865078555555788 -0.0258074951299083 -0.012
v 0.00579139291615964 -0.095098010228092 0.000909247790980455
v 0.00178540355015803 -0.043614184163934 0.0078013958282502
v 0.0378363503059191 -0.0020109510198516 0.00329191867246411
v 0.00274916434355429 -0.0439373840303289 0.00753216475022936
v 0.0261199124747643 -0.0391148194319863 0.0089138226433993
v 0.0234536272865697 -0.066234717015724 0.00902321627562444
v 0.00170611755190783 -0.0599222310481802 0.00910632868976181
v 0.0283720452943816 -0.0336769516584317 6.15387845974466e-05
v 0.0169708159279378 -0.078732994232506 0.00759214465128312
v 0.0338382972212273 0.00180106897861572 -0.00909778183898057
v 0.0255688136193705 -0.0465978428185096 -0.000468406810537087
v 0.0332932444632325 0.00400320514353915 0.00844086346084419
v 0.0286922501024183 -0.0510287679394664 0.000273471692935068
v 0.0283443663505838 -0.00774904504055132 -0.00944574412192828
v 0.0258630462123661 -0.0177900649507792 0.002654524555973
v 0.00171348016456303 -0.0128207504741627 -0.000617080153449293
v 0.0263742466391984 -0.0511014740570952 0.00752407163201582
v 0.00287696981028006 -0.0529247100468016 -0.00523309634104834
v 0.00687447813091073 -0.0901939886056456 0.00275397015680407
v 0.0247327438775276 -0.0298577306798603 -0.00765821611452894
v 0.0286938623590354 -0.00897154943333043 -0.000970852455352333
v 0.00999493166697179 -0.0908809611450528 -0.00430743580795703
v 0.0264304511797183 -0.0360498667368572 0.00784534838791022
v 0.0135525138700676 0.00529261226561319 0.000955098882476906
v 0.00643856959567711 -0.0850804111638441 -0.012
v 3.26572e-19 -0.0149259491115841 0.00249770072076822
v 0.0355861603184362 0.00516365360675931 -0.007516214038806
v 0.00900763646506126 0.00595140084356947 0.00880579204316179
v 0.0280177555037444 -0.0181722244753174 0.012
v 0.00801669514140419 0.00199909513939485 0.00162090381136772
v 0.0152009534211508 0.00435261 0.00926216
v 0.0177430744576823 -0.0618175948340543 -0.00532054757064165
v 0.0246189981930108 -0.0593423232314169 0.00949557
v 0.0173570698110602 -0.0720713271121403 0.00380318621433939
v 0.0193998629068716 -0.0721759118121335 0.0092792415207668
v 0.00602635 -0.000323564 0.00638947770991696
v 0.0240354946666827 -0.0478379598221973 0.00540216649222897
v 0.0246662470289292 -0.0368916903218018 0.00206042707543713
v 0.00259112542224731 -0.00210797639134384 -0.00117456354881411
v 0.00347887170901622 -0.0521979336493551 -0.00562839706446242
v 0.00197183959654804 -0.0126796935414997 -0.0092235869203001
v 0.0025 -0.051 -0.00855785056969064
v 0.00332458022426618 -0.00816283675831148 0.00906128520545044
v 0.0074930183728385 -0.00193185103488227 -0.00955923368751644
v 0.0033691794921304 -0.0378306693791266 0.00899375859816033
v 0.027528381032976 -0.0467364974514702 0.00872174780409606
v 0.0221761536536381 0.005227804628012 -0.00097229408968099
v 0.0016064564838324 -0.0312562073673924 0.00805243737887936
v 0.0028899532449958 -0.0706026133150909 0.0096900799476668
v 0.0297719457287298 0.00536504418863687 0.012
v 0.00222056795910629 -0.00244853415888849 -0.00754010544620842
v 3.26572e-19 -0.0405536537545308 -0.00335136721573793
v 0.0264020323341376 -0.0418536329015298 -0.000888010129675153
v 0.0352864723137355 0.00179606 0.00789483
v 0.00160551245905603 -0.0340598137212737 0.00805411361447936
v 0.00134040979479631 -0.0277590468641057 0.0088144441395654
v 0.0100412536850514 0.00543862003322852 0.00730914730462146
v 0.0216819055346857 0.004274 0.000687699
v 0.0017782366158722 -0.0813069929265722 0.00780992334177822
v 0.0266996552410143 -0.0414599998878015 0.0010636232348465
v 0.0249306405978885 -0.0326938641354722 0.00221398125585002
v 0.0271855341772499 -0.0266427477680068 0.00927599947577151
v 0.00203763626862525 -0.00946757140396949 0.00761349054233698
v 0.0267691835721011 0.00403305366599641 0.000249808554392045
v 0.0273641476104515 -0.0275763970254797 0.00758051123700949
v 0.0311382240126573 -0.02250140569795 -0.00920783098895761
v 0.0184277538417401 0.00536797 0.00757647
v 0.0277176910678577 -0.0344367639577322 0.000919715302436493
v 0.00183526612531278 -0.0862544928464264 -0.00797716053489482
v 0.00202690135107445 -0.00735482625681753 0.00761914066809219
v 0.0102283813903064 0.00549588272304093 0.000866982469731476
v 0.0288415667226953 -0.0100891842805554 0.00750169712331988
v 0.0162096183223797 -0.0742349112296984 0.00638716842275784
v 0.00207861558416401 -0.0115986388905298 0.00759448812854331
v 0.0187440605931752 -0.0691483753085395 -0.00733182989605059
v 0.0285864476866465 -0.0258298135455607 0.000695130294666657
v 0.0287590186570194 -0.00352613420692998 0.000858349197839539
v 0.00199682017686609 -0.0223544946394966 0.00763693308432674
v 0.00348810011392983 -0.0148809402215869 0.000147898147852276
v 0.0295915656933144 -0.010353651663586 -0.00929226098600851
v 0.00331056321460457 -0.0094088597928293 -0.00908445895088878
v 0.00130832130057712 -0.0451258687251676 0.00874526088620536
v 0.00191428682206211 -0.045838266184235 0.00768993010965978
v 0.00339817010910277 -0.00401886213835246 -0.0089386823648491
v 0.00136518064662935 -0.0143526536506249 0.00886785045108012
v 0.0262453967599108 -0.00749333947474543 0.00258272153173145
v 0.00150028668994391 -0.038722579987006 0.00848944122886869
v 0.0337089237356574 -0.00347050917293499 0.012
v 0.00156332036879982 -0.0362199500381579 0.00884859935188275
v 0.00188007891105691 -0.0412816938404087 0.00771603474948884
v 0.0234654977471511 -0.0658140212302177 0.00780905232809945
v 0.00314081822569488 -0.0357228318125893 0.000766300620156541
v 0.0106554618201182 -0.0201131929271764 0.012
v 0.0129023410380001 -0.0208990136793334 -0.012
v 0.00955917609488497 -0.0197846253649617 -0.00825689507365271
v 0.00228228301642786 -0.00612003378915809 -0.00946381745333796
v 0.0216400292915457 -0.0694293169938733 0.00754632264623957
v 0.0104196379298079 -0.0200714459766026 0.00392013201042917
v 0.005 -0.0182649 -0.00296998251960794
v 0.00531789558705344 -0.0183708651956845 0.00068449528288942
v 0.0134180551427623 0.0044876971428123 0.00764289762328322
v 0.0297655983503874 -0.0356943432434154 -0.00773978329146537
v 0.00212915326490241 -0.0073273114310785 0.000928427185206025
v 0.0246288180154494 0.00189802523893155 0.00979113575723225
v 0.00242808699670616 -0.0510058739827575 -0.00632077286956483
v 0.0302404366451544 -0.0298236238784313 0.00636691631905648
v 0.0293971106459702 -0.0413207678542947 0.00560703946310696
v 0.0257399913518434 -0.0440827070645749 0.0081408178315902
v 0.00348405948847093 0.000183290502002033 -0.00867009274449717
v 0.029346115832716 -0.0421298864958018 -0.00201171519092259
v 0.00316839454134201 -0.011095448503427 0.00775797488489488
v 0.0300586716868427 -0.0320707865806408 -0.00221278003763105
v 0.00278015420952519 -0.0879147969137649 -0.00978804986245957
v 0.0300349044387335 -0.0323646446684618 0.00543310559790962
v 0.0299355796721794 -0.0335926953808832 0.00141133605771409
v 0.0300454680990603 -0.0322340356467622 0.00863950878398064
v 0.0294986029268795 -0.011974025243488 -0.00915135839565056
v 0.0297650255733539 -0.0357014250546142 0.0083600930392151
v 0.029143582603283 -0.00867217810035281 -0.00947988982212438
v 0.029385418879382 -0.0415064553169282 0.00770915553904721
v 0.00842984624706428 0.00204680916429161 -0.00551933375876305
v 0.00234901714573175 -0.053412228911628 0.00948763580186793
v 0.00595842440097318 -0.0904306272197739 0.000426585038625461
v 0.0302251986282962 -0.0300119309138873 0.00164366522949803
v 0.0248370174408895 -0.0603413533826767 -0.00973029770164165
v 0.00351337101088943 -0.0416364307908759 -0.000257429810020916
v 0.0070569297675512 0.008 -0.00524356711401831
v 0.00682367734314311 0.00444583107890313 0.012
v 0.00743265761298465 0.00514023529044339 -0.00751082818374385
v 0.0299673979744141 -0.00807110199809055 -0.00869185291686481
v 0.00236336001009592 -0.0349634938378611 0.000989857436939985
v 0.0038809511794408 -0.0896614706629158 -0.012
v 0.0273618393240942 -0.0417842316311118 -0.000866892126299158
v 0.0234470197332668 -0.0617298437178207 -0.0098777632921814
v 0.0359151601162168 0.00577967545868635 -0.00912449789405929
v 0.00327233836646151 -0.0770740757899869 0.00786582715419099
v 0.00493782879514769 0.00287071617462466 0.012
v 0.0302612852271423 -0.00335061738980847 -0.00829229721879802
v 0.0280116693980525 -0.029991311308805 0.0009134939203813
v 0.005 -0.051288628506517 -0.0101216609594189
v 0.00314954880387126 -0.0874235578943834 0.00486115930227573
v 0.00304910598029918 -0.00541177723527674 0.00766490917186836
v 0.0379985636094387 -0.000403485471394486 -0.00624055761889269
v 0.0221926018967099 -0.0696229970364836 0.00802056426477253
v 0.00181161196226942 -0.0814909877449413 0.00922531196226942
v 0.0271873925051228 -0.0418025293023744 0.00755514959469796
v 0.0095083507994791 0.00405235 -0.000319302
v 0.0360020332062006 0.00541185718109307 0.00742932759542468
v 0.0030451256096107 -0.0285663626796985 0.00766204272857897
v 0.0240253660428874 -0.044524653746887 0.00276319702000566
v 0.00208095875426026 -0.0196897787836054 0.00759324793114701
v 3.26572e-19 -0.04924210601085 -0.00878022828687269
v 0.00199961027515553 -0.0175855163144944 0.00763535160691082
v 0.00181722138572637 -0.0155392117450349 0.00777096225776582
v 0.00211238309827478 -0.0260795431332042 0.00757858453859554
v 0.0172923750127301 -0.0223623583375767 0.012
v 0.0137689728532711 -0.0386442954294069 0.00722972314163507
v 0.00877382231968272 -0.0357804304320651 0.00571408794692735
v 0.0201734639500899 -0.0423161824629538 0.000434615614045296
v 0.00356567249344241 -0.0822904703249179 0.00824264550317523
v 0.00271890200389934 -0.0681178439008995 0.00947548876472554
v 0.00349040890727621 -0.0702861209691666 0.00863091127977065
v 0.005 -0.0692571 0.00599984353882714
v 0.00521877115537426 -0.063538336306691 0.0056821057471345
v 0.0034658131888034 -0.0651365786041522 0.00875821186744584
v 0.00239407171924883 -0.0795893957595057 0.009494318244674
v 3.26572e-19 -0.0102280563104014 0.0102118227500904
v 0.00198445 -0.0528569 -0.0100650112497257
v 0.0289809667610328 -0.0203875485159874 -0.012
v 0.0311065546978473 -0.0227523661269574 -0.012
v 0.0320628628079513 -0.0168711073269093 -0.000198130147947371
v 0.00157588286784607 -0.0516193871363697 -0.00942611925041963
v 0.00264535663346447 -0.0513215282423143 0.00948859547841775
v 0.00282665432491409 -0.0329554120637316 0.00944425380435019
v 0.00288860812460066 -0.0396738532265769 0.00942085681821571
v 0.00241712440374009 -0.0558352986615589 0.0094959817729718
v 0.00330650018522872 -0.0266726442788776 0.00909068139410256
v 0.00243493035666898 -0.0340694939918514 0.012
v 0.00337833552593283 -0.0192285918869554 0.00897579834582998
v 0.00214437909284355 -0.0229890597729758 0.00943431185411859
v 0.00342448426583238 -0.0490768985636566 0.00887982196563749
v 0.00232981722823494 -0.0122700287321901 0.00948521705960291
v 0.00335866423328173 -0.0105270477938563 0.00901216082130817
v 0.0208404187151511 -0.0454650345605561 -0.00138792571880998
v 0.0155635726833956 -0.0124382031562554 -0.00809481656777744
v 0.0238567954507963 0.00444765722666284 0.000833012116339723
v 0.0251295760829023 0.00556119 0.000827689
v 0.0313313432755515 0.00519272324440571 0.000980015974940599
v 0.0264407009921139 0.00492419472321352 0.00099617687095817
v 0.027959869219047 -0.010715086770703 0.000516205271839082
v 0.0279444091113297 -0.0114879939016973 -0.00056461779648152
v 0.0290392977863615 0.00412534615618059 0.000481992326715628
v 0.0173103064971565 -0.00835167659231672 0.00721885472215618
v 0.0171663722364932 -0.00832672813882246 0.00175810878719664
v 0.0282156141582733 -0.0361239804016242 0.000108117555192543
v 0.0270181990544488 -0.047590769331826 0.000853754362539288
v 0.0203666352369345 -0.0719050804977621 0.00751536908632448
v 0.00733480481560574 -0.00188471317138362 -0.006610352786936
v 0.0244069372192429 0.008 0.00739878978334867
v 0.0270428273180651 0.00404798273465455 0.00819642788379326
v 3.26572e-19 0.00321267088988652 0.00531671456095873
v 3.26572e-19 0.00266801162534424 -0.00230135032081724
v 3.26572e-19 0.0043319083520325 -0.00791642165718151
v 3.25260651745651e-19 0.00342060519425761 -0.012
v 0.0252441816968351 -0.0511692589707859 0.00891814009944802
v 0.0280418040561268 -0.0234413045775572 -0.000999174292857049
v 0.0045242625784601 0.00328486844660978 0.00828620083593228
v 0.00763820815572878 -0.0565050572494293 0.012
v 0.0111010896577876 -0.0595090717900248 0.011946486203879
v 0.00499999823575651 -0.0545467985650863 0.00800779708832301
v 0.005 -0.0545468 0.00450868728630325
v 0.005 -0.0548676667283881 -0.00073896216934944
v 0.0108904530827594 -0.0593377300341971 0.00430118921538984
v 0.0036991986645248 0.00474763383861651 0.012
v 0.0235544629761682 -0.0602960603902077 -0.0060137747688192
v 0.0360212600023894 -0.00358969154005711 -0.00561859333957522
v 0.034412043319685 -0.00713730079782545 -0.00154843123640584
v 0.024914054070089 -0.032957211542186 0.00470859520317415
v 0.0246554228890011 -0.0370635472176168 0.00793612832695342
v 0.0245721110980507 -0.0323882858033487 -0.000180299276819049
v 0.00878092040791354 -0.0574988467749828 -0.012
v 0.005 -0.0545468 -0.00553137700586006
v 0.00159935142530859 -0.00564297288773441 -0.00893331752020449
v 0.00249688510458708 0.000155720830641955 -0.0094986127393586
v 0.00952558982269951 -0.0488306528651539 -0.00426153358541005
v 0.00981670446316762 -0.0490441478203043 0.0066969176699814
v 0.005326957665105 -0.0457516637222505 0.000789669454916606
v 0.0289516307867595 0.00246766053975989 0.012
v 0.030951102961103 0.0001856098327702 0.012
v 0.0342644747748511 0.00402944849902315 0.012
v 0.0252136398571555 -0.0540862752987713 0.0076938274309813
v 0.0221775893569976 -0.0675239327332266 0.00750487023131603
v 0.0205947568095531 -0.0738797771432731 0.00825884135333834
v 0.0215422065633196 -0.0714306372628391 0.00834857279034367
v 0.00344036830096498 -0.0440828297228717 -0.000336693098045737
v 0.0158697491544948 -0.0809236681150494 0.00764061759592557
v 3.26572e-19 -0.0393359297586763 0.00384419465866876
v 0.0332463447713672 0.00516178 -0.00751317
v 0.00942763657571684 0.00529107667471456 -0.00754438303328021
v 0.0181527883528341 0.00506627694677972 -0.00753356366423313
v 0.0255433541798715 0.00531251036692845 -0.00755160418852662
v 0.0297807607708909 0.00516289335750146 -0.00751341509657337
v 0.0217051059522968 0.00500200792244934 -0.00750147
v 0.0207522445903175 0.00546841 0.00761649
v 0.0253921797848882 -0.0253673051680836 -0.0116382648500583
v 0.0264890561929822 -0.0187046647454422 -0.012
v 0.00894701488324128 -0.0322852893323693 0.012
v 0.00922165547907553 -0.032420784082739 -0.0117021359248964
v 0.00808409408357646 -0.0318595869354855 -0.00712655316380272
v 0.0130821670548659 -0.0343253037788581 -0.012
v 0.00837887672851501 -0.0320050130901124 0.00683681241423463
v 0.005 -0.0303381 0.0023255001502075
v 0.00529574772374479 -0.0304840022603342 -0.00152743082830154
v 0.005 -0.0303381 0.0085806383349325
v 0.0126855598171313 -0.0341296438630177 0.000629214715560846
v 0.00791602306468587 0.0019954485308829 0.00446570740431101
v 0.00833222899492356 0.00216745364876411 -0.00333194088201438
v 0.00850402249845529 0.00193267257387369 -0.00787605392375709
v 0.00154079580440726 -0.0303705520499409 0.000281204414757784
v 0.00173473735765067 -0.0473182041757071 0.000643338984422956
v 0.0176087931029745 -0.0577345490280162 0.00730406769768527
v 0.0216130174334569 -0.0606710086549489 0.00871252651697045
v 0.015589362428108 -0.0562182727301024 0.012
v 0.0217589241912543 -0.0607779670108477 -0.0056548912809994
v 0.00366493660233404 -0.012383469712057 -0.000237031222546206
v 0.00343974229583939 -0.0273042222523336 0.000340125484706944
v 0.00346072498549653 -0.0224435924662952 0.000274839659300153
v 0.00294590875706213 -0.021723843857285 -0.000894671262341589
v 0.00899697080764017 -0.0386748043695445 0.00366886721575677
v 0.017662151066181 -0.0436428482809368 0.012
v 0.0103453220239457 -0.0394478576272364 0.012
v 0.0188201364033484 -0.0443067207252993 -0.0119999999999613
v 0.0204097388946126 -0.0452181021364998 -0.00638889258202765
v 0.016321636337384 -0.0428742862922529 0.00822158580153877
v 0.0236679476037227 -0.0470861740604846 0.00200426456388142
v 0.0191572360959387 -0.0445000273785438 0.00285564980052263
v 0.0237772128090609 -0.047148818988823 -0.0038340161321653
v 0.00817748369653648 -0.0382049656277163 -0.00101152421438279
v 0.0201988522800166 -0.0699451347263786 0.00793956901298391
v 0.0220029 0.000105446378702535 -0.000837175184790052
v 0.0275258188596605 -0.03329019821069 0.00750902354938855
v 0.0279992897696898 -0.0214523724499833 0.00751168308227228
v 0.0286191906675161 -0.00789336662682701 0.00757336912456795
v 0.0274290304439326 -0.0236330851384881 0.00768217853919366
v 0.0284681898088767 -0.0157464706754187 0.00750185236266071
v 0.0263525550540231 -0.0384702641170743 0.00780579422548845
v 0.00337519670844544 -0.00559415834408888 0.00898121137672313
v 0.00343577969571858 -0.0219596993867547 0.00885018426657025
v 0.00237921605046353 -0.00822217198856844 0.00949144829192625
v 0.002464226031532 -0.0365527961533797 0.00949887077947597
v 0.00247559562566253 -0.0475962586741032 0.0094992944846024
v 0.00262730770554433 -0.0433292502201411 0.00949135665101354
v 0.00315494916785686 -0.0246228199680515 0.00925515265228851
v 0.00376966283684491 -0.0447891505931451 0.00882216542455353
v 0.0268406811731152 -0.047222737326586 0.00944775347161585
v 0.0282330427666901 -0.0389390572564133 0.00883210696228248
v 0.0266816707228286 -0.0447546768375496 0.00949980781003492
v 0.0264635438064773 -0.0417824626301083 0.00941647674954746
v 0.0290603526593398 -0.0173005025991056 0.00925519154889491
v 0.0261964249713063 -0.0535552945037522 0.00943619934646484
v 0.026649520503976 -0.00540660366555107 -0.00156934346751028
v 0.0296824453271495 -0.0367917625330736 0.0116744868101675
v 0.0198168 -0.0665978 0.00527318929561664
v 0.0198062669888664 -0.0666228435827668 0.00882084267001111
v 0.00641836429924939 0.00121937531962913 -0.00572641638722521
v 0.00603263934398919 0.000352138698782089 0.00407173028465087
v 0.00617798981509975 0.000817958252276702 -0.00188518656553304
v 0.00680251264326867 0.00160091053341893 0.00558249185668072
v 0.0136694 -0.0783889 0.00902124203574113
v 0.0148971854732971 -0.0763078883626566 0.00381009604425724
v 0.005 -0.0667258677904882 -0.00759737480532998
v 0.005 -0.0666746 0.00045237617916054
v 0.0069596933740778 -0.0685820129313057 -0.012
v 0.00792160463682766 -0.069518262451566 -0.00216858740543757
v 0.0050332677238428 -0.06670698021187 0.00690450790760418
v 0.005 -0.0154224728524667 -0.00887927254121642
v 0.005 -0.0154466660526291 -0.00184742839132111
v 0.0218901897618626 -0.0213651631031733 -0.00257992147598459
v 0.0272462984524801 -0.0216339749468117 -0.000465591957422264
v 0.0226148724761395 -0.0216067212486218 -0.00780623199218411
v 0.00608835529755292 -0.0948228417806737 -0.0017848982829229
v 0.028315338521273 -0.00477907164382211 -0.00785454693524725
v 0.0282078962788176 -0.0102335892065851 -0.00746371594974631
v 0.0113987071711361 -0.0203978023903787 -0.00314385547982241
v 0.0190344985951049 -0.0229430661983683 -0.00311320603646585
v 0.0187247129128334 -0.0228398043042778 0.0044232987232205
v 0.0244563012856239 -0.0402244806360116 0.00547571854740008
v 0.0244458190299208 -0.0403908275052786 -0.000399511134533221
v 0.0281301066801972 -0.00704339539652774 -0.000395793194181175
v 0.00797677935667414 0.00481788439926391 -0.00948235328335569
v 0.0263595101893241 0.00473247 -0.00946355
v 0.0329097098463461 0.00406613266277296 -0.00814610059774564
v 0.0139209784255163 0.00405825964314594 -0.00883413531330297
v 0.0320697636230884 0.00446199899955399 -0.00934164138990196
v 0.0257234835984938 -0.0201069901555922 0.00847889188696791
v 0.0257258496484158 -0.0200693252781833 -0.00898109478690781
v 0.025910368571706 -0.0178910125183896 0.00509122681243683
v 0.025650119968045 -0.0226185083145003 -0.000402427550748079
v 0.00947077425551612 0.00572542966587609 -0.00918824022489335
v 0.0288734708454523 0.00568655233998298 -0.00922506512867151
v 0.00866270971519654 -0.00685275969147841 0.0117296037605789
v 0.0122543509844946 -0.00747531114363775 -0.00167828696861012
v 0.00902827551171572 -0.00691612459213042 0.00259249566381931
v 0.0224310888742399 -0.0730641638864123 -0.00612123670780467
v 0.00539367516254626 -0.0577425855110025 0.00856344183584016
v 0.00521286265522898 -0.0575810582936794 0.00441409146796161
v 0.00832028490819394 -0.0603570405765812 0.00592430739405328
v 0.00611555357241807 -0.0924129126457028 0.0022477105201549
v 0.0295946745050637 -0.00826277313983563 0.000781928577537116
v 0.0319380990401686 -0.0175184667106908 -0.00812322729933305
v 0.014855095919366 -0.0460052389591791 0.0118008010026564
v 0.0104430565301258 -0.0431227172491724 0.0119333138177053
v 0.0115301086138431 -0.0438329131129556 0.00691506756264017
v 0.0202763644374276 -0.0495471107575818 0.00567609266740213
v 0.00980978820813556 -0.0427089641825691 0.00110825560349288
v 0.0262120145913157 -0.050892904747094 0.00949951769319967
v 3.26572e-19 -0.0826706578385706 0.00225126358404205
v 3.26572e-19 -0.0814241344944547 0.00538705501537151
v 3.26572e-19 -0.0741086771792019 -0.00552478284762376
v 3.26572e-19 -0.0753198092343357 0.00708807480723745
v 3.26572e-19 -0.0754863388067734 -0.0116574209285749
v 0.00339541757974741 -0.00657940605687115 -0.00894440685212529
v 0.00319385722234164 -0.0115885552186778 -0.00921984277765836
v 0.0033767130747124 -0.00224564206277007 -0.00897878202807014
v 0.0115146222707548 0.00515144742669776 0.00948795310579372
v 0.0203347280823458 0.0048887696696843 0.00949232452931351
v 0.0257424927722608 0.00443672865777786 0.00932610774529215
v 0.0275383010334427 0.00534782408250021 0.00943649838288634
v 0.0233906168873418 0.00526753 0.00946355
v 0.0190149939090856 0.00594765 0.0088193
v 0.0305545894319751 0.00607244070245899 0.00919951540126118
v 0.00985795 0.000740276 -0.00765462496814305
v 0.0097341136649142 0.000991509486511777 -0.00326227273514993
v 0.00950389892789151 0.00131632923285587 0.00530014972184195
v 0.00944226875930856 0.00138139433562657 0.000365326184834522
v 0.0111434364123152 -0.0371390074707321 0.0118148635868563
v 0.00539870291567619 -0.0338453864172539 0.00841051298544424
v 0.00670966978987123 -0.0345969967243983 -0.00749838199292131
v 0.00525079730603567 -0.033760588408335 0.0023568315938951
v 0.0167664582385666 0.00402338 -0.00828503
v 0.0147073440857844 0.004274 -0.0078123
v 0.0307122286194312 0.00409242 -0.00808011
v 0.0270003822625825 0.00401430560664303 -0.00834037240469133
v 0.0238165100662748 -0.0497936484087854 0.000676855502540171
v 0.0278328774143481 -0.0414337941691257 0.000323839557882229
v 0.0287686351953922 -0.0266918250645362 -0.000295917151375072
v 0.00824456719487891 -0.0478912512037123 0.011843323562723
v 0.0152600932326345 -0.0530359746433208 0.0116853617858355
v 0.0226509305291944 -0.0722674640416061 0.012
v 0.0220157874522553 -0.0738372877074932 0.00665738452992475
v 0.0235923429693829 -0.0703679086982897 0.00704151806948824
v 0.00646625791866279 -0.00128237592993641 0.00838900127361362
v 0.00623298 -0.000936817 -0.0042583414950684
v 0.0171431695529965 -0.0767643467781337 0.00939194
v 0.021977483212521 -0.0663759531342157 0.00935295
v 0.00223266116776887 0.000694480734689751 0.00753640246265717
v 0.00188408461525357 -0.0616212146210242 0.00771254550223701
v 0.00196020762252732 -0.0653671945241941 0.00765920357456369
v 0.00193551871329383 -0.0740313038156718 0.00767612575034966
v 0.00195966903417759 -0.037390860449559 0.00765897831667484
v 0.00208777994477668 -0.0282870748433873 0.00758992597328681
v 2.70864362563089e-19 -0.0951275511243041 0.000989764732174036
v 0 -0.1 -0.000861196473350244
v 0.005 -0.0152960193085712 0.00253443355611258
v 0.0205757607136605 -0.076518081102838 0.00722086711644352
v 0.021894605890436 -0.074062878921871 0.0039246561857414
v 0.0218567899716331 -0.0741332785998966 0.0093607744296798
v 0.0290542778248884 -0.0173977247709286 0.000755160930462147
v 0.0243251850287439 -0.00197040927532187 -0.00878941384357732
v 0.0213482868022669 0.00401449364565476 -0.000160773889946186
v 0.0357318867168712 0.00420391 -0.000605174
v 0.0175130361846201 0.00407017934669871 -0.000364058688205215
v 0.00173784 -0.0876474 -0.00832983449362563
v 0.00239188 -0.0879941 -0.00189335934987252
v 0.00770659004215436 0.00197562658248521 -0.00074611640742382
v 0.00764406142493561 0.00196537387894124 -0.00938055882896407
v 0.00227412674169912 -0.0114065245682103 -0.00752614374232161
v 0.0237862887437594 0.00198841491247391 -0.000823676004498994
v 0.0233291795240981 0.00188247305492895 0.00657607440686958
v 0.0224503655718364 0.00126145455060711 0.00132859046485395
v 0.0225128465966016 0.00133399221569979 -0.00504850756349316
v 0.024 0.002 0.00346229703527354
v 0.0231508767013699 -0.0545985723827787 -0.00210793935223091
v 0.0224686702540221 -0.0579545043106705 0.0097362467045559
v 0.0223566944037172 -0.0585053395199417 -0.00543672897471651
v 0.0224388646208742 -0.0581011251412139 0.0060925627401468
v 0.0280619083212861 -0.00745748278843078 -0.00822010326410405
v 0.00181475752446804 -0.0334031098759665 -0.00072772217858162
v 0.00156965747694949 -0.044424015561052 0.000366428025613503
v 0.0263383258088121 -0.046265989010903 -0.000968779419169894
v 0.0276986638253961 -0.0293694856119177 -0.000997806138260346
v 0.0108507567282844 -0.0900173992493244 -0.00201298045699932
v 0.0291659944271875 -0.0204562257267737 -0.000278020523350795
v 0.00501515967359016 0.008 0.00317631770511511
v 0.00382774934742911 0.008 0.00854170021534103
v 0.0101985594382063 0.008 0.000823359301568637
v 0.00805780437210937 0.008 0.00742596343476493
v 0.0190872937353646 0.008 0.00252596991201588
v 0.0179986846347672 0.008 0.00650759114980091
v 0.0210788279619699 0.008 0.00764857177291375
v 0.0147331628850341 0.00783674962285151 0.012
v 0.0191891148468593 0.008 -0.0078695918525452
v 0.00330918810837967 0.008 0.0117673661025319
v 0.00716951316905461 0.00762389493043756 0.012
v 0.0109311924705817 0.00792893136100645 0.012
v 0.00813995597904434 -0.0354170258859325 0.0115769834929108
v 0.0241842197671006 -0.0445430036989905 0.00552715575393155
v 0.0221571016062941 -0.000772892316512599 0.00168497769793567
v 0.0029980758012317 -0.0518622677866487 0.00763326118376803
v 0.00348171064599495 -0.0408819063247403 0.00868844977860223
v 0.00348640997294647 -0.0297426722844919 0.0086585859284765
v 0.00346274531110719 -0.0038655672672422 0.00823474487137128
v 0.00284648344975406 -0.0159796766881671 0.0075627383189602
v 0.00314343306427566 -0.0133219454775553 0.00773480795479034
v 0.00360509233283783 -0.0156821537555004 0.0088247099394389
v 0.0379999325343685 0.00771647166416188 -0.00555714660972792
v 0.0117592064256897 -0.0114744150377833 0.012
v 0.0213623730633508 -0.0139072087285303 0.0033466495861007
v 0.0145064486398882 -0.012170387179362 0.00518187726533212
v 0.00896139706048456 -0.0107656512525876 0.00536562761929415
v 0.00898606236978772 -0.0107718953249846 0.00942684408038682
v 0.00261166805383725 0.000447016930527441 0.00949228667653151
v 3.26572e-19 -0.0380457314424772 -0.00379995014881648
v 0.00768377035781658 0.00543703436055063 0.00728366071444248
v 0.00648164052555839 0.00595057254670345 0.00880531021200009
v 0.0161032630931628 0.00526753 0.00753645
v 0.0292069268312911 0.0056603128103077 0.00775008058587344
v 0.0165626353978636 0.0059859542974615 0.00834195749336536
v 0.0235788521909503 0.00599551309075406 0.00858278577264008
v 0.0266474076390326 0.00599893841820368 0.00848041327238603
v 0.0312019875034522 0.00424328285966854 -0.000651532185820316
v 0.00783386097660693 0.00441336989084292 -0.00080835009010747
v 0.0268760758948973 0.00445411281128973 -0.000836896251936048
v 0.0114476440272478 0.004274 -0.000687699
v 0.0258675341265769 -0.044845612688693 0.00909702744616139
v 0.0241126302624595 -0.0616119043482441 0.00949873
v 3.26572e-19 -0.0851138132532594 0.00512817868719791
v 0.000168741319554034 -0.0771820332619761 0.012
v 3.26572e-19 -0.0815330678240628 0.00837536553262008
v 0.0232653982670102 -0.0514999953996203 0.00984754616621554
v 0.0236108215697873 -0.0516305933091281 0.00386345260989453
v 0.0232980435480568 -0.0515213246360518 -0.00105231252452508
v 0.00885208348894516 -0.0107379584687816 -0.012
v 0.0139872457884357 -0.0120388645509874 -0.012
v 0.00999153427816678 -0.0110266194641109 -0.00590606670774817
v 0.00502976111719815 -0.00976962994680072 -0.00878923486129881
v 0.00530140667242995 -0.00983845105393397 0.00143948312627437
v 0.00508537744163151 -0.00978372028234447 -0.00278909197538392
v 0.0101482519265032 -0.0110663212860609 0.000306952896851011
v 0.0140513524115122 0.00585724436268465 -0.00901482507621424
v 0.0159062190430287 0.00597995266697683 -0.00830535508370287
v 0.00519622917943913 -0.0516127987951726 0.00719295034205424
v 2.64412305939436e-19 -0.0942019831708119 0.00652388737515587
v 0.00993156194453069 -0.000514784818804968 -0.00585578901600886
v 0.00998192326853771 -7.49915776468935e-05 0.00592346651939688
v 0.0282800750769676 0.00443881 -0.00767231
v 0.0354043964271664 0.00419628520204546 -0.00790607460083406
v 0.0112823279594283 0.0045715193374642 -0.0075980145041773
v 0.00333586874222472 -0.0864523970490587 0.00197931618605227
v 0.00306846287265863 -0.015372660083544 -0.000822164181517933
v 0.00297803517694697 -0.00900495694529765 -0.000878069507604553
v 0.0085365033903213 -0.0543295651054663 -0.00843325911349557
v 0.00797751916044056 -0.0538749155174031 0.00595367084555209
v 0.00518704257875392 -0.0516053061547739 -0.00415970289706751
v 0.00538061592810951 -0.0517627658032277 -3.50079432801841e-05
v 0.0361976078717333 0.00412719464657084 0.00898547640952222
v 0.0130229671014484 0.00407212801127416 0.00886894986658516
v 0.0210090967521719 0.004 0.0085
v 0.0177844056311435 0.00409242 0.00891989
v 0.0285284764304899 -0.0312299229152392 1.49600140023505e-05
v 0.018389777778109 -0.0733835980604259 0.00836298
v 0.00209558305569691 -0.0327602064492771 0.000914231368603522
v 0.0291639516743325 -0.0450223265694238 -0.0116455096448899
v 0.0295336218889443 -0.0391532705089093 -0.0117398148097406
v 0.0291138053839306 -0.0458178812548264 -3.63056427921489e-05
v 0.0290472308756945 -0.0468747104109404 0.0076525144172608
v 0.0288963332185832 -0.0492702315100496 -0.00242441086432017
v 0.028709479065833 -0.0508865685959752 0.00603883939589099
v 0.0289237784783626 -0.0488346687208066 0.00156064754151482
v 0.0291467747578042 -0.0452945576097339 -0.00277049037748708
v 0.0284994602074402 -0.052619951819485 0.00811175146983902
v 0.00152209396999576 -0.00205017631818199 -0.00870774356982536
v 0.0113720111316173 0.0059979645240003 0.00853755557424709
v 0.0254977732637625 0.00567798592878227 0.00923317929961674
v 0.0166581953270826 0.00564739 0.00926216
v 0.0301227062110641 -0.0058080067814702 -0.00839394406855296
v 0.0102592374023686 -0.0829604751284713 -0.00147477773127785
v 0.0102904820956092 -0.0830160235369063 0.0082457148305054
v 0.00184792476261391 -0.0745339363973226 0.00936865202689163
v 0.0283632007554724 -0.0128208258546061 0.00755504471105293
v 0.025595540049682 -0.0490003902720615 0.00908147832180115
v 0.00332955286580184 0.008 -0.00109982584790392
v 0.0155316670002539 0.008 -0.00618438017349616
v 0.00398934750191884 0.008 -0.0119285382072632
v 0.00812420082960062 0.00782026234853715 -0.012
v 0.000130225454895196 0.008 3.45284114058701e-06
v 3.26572e-19 0.0076950655709622 0.00772264903830766
v 0.000309395506092598 0.008 -0.00488759874991216
v 0.0255226113911945 -0.00129655296223234 0.00492069147920676
v 0.025904750813063 0.000601431497742746 0.00940447765308679
v 0.0259971 -7.04876483753758e-05 0.001825025423016
v 0.0259971 2.71683329276455e-06 -0.00202522378524721
v 0.00159180587611612 -0.00254223600405653 0.00891841494990506
v 0.00162958158695253 -0.0417357109188509 0.00899156712603911
v 0.00150558197907821 -0.0244081578907268 0.00839854907440963
v 0.0240309602501629 0.00420391 -0.00789483
v 0.0253954069692884 0.004274 -0.0078123
v 0.021440385486791 0.00405235 -0.0081807
v 0.0246373906392772 -0.037349696485273 -0.00346543497803169
v 0.0208978699192857 -0.0355048433369779 -0.0006841745228821
v 0.0246373913963176 -0.037349697264994 -0.0003229524316772
v 0.0164936956516433 -0.0333321421394449 -0.00192135745024249
v 0.00310047466624993 -0.0562012296125367 0.0077009256671911
v 0.00286169594583616 -0.0672260834504717 0.00756894328410586
v 0.0225867619024302 0.0056274977786477 0.00772271775794413
v 0.033916673410052 0.00556119 0.00767231
v 0.00193677094942367 -0.0203686063397878 -0.000825531654106145
v 0.00202057198675168 -0.0104442176418344 -0.000877281640185018
v 0.0246571322056759 -0.037036408076803 -0.00686986478699314
v 0.0246373991547757 -0.0373497017132665 0.00447853465779432
v 0.00214955671420546 -0.0167063549254359 -0.000936172248413804
v 0.0258607270479877 -0.0179281559477312 -0.00587443194400108
v 0.00332620590395461 -0.0790549345628857 0.00906325552354672
v 0.00312552468673795 -0.0801509017199768 0.00772113158049879
v 0.00349867496936547 -0.0747160362586457 0.00852784772038489
v 3.26572e-19 -0.000597109243675577 0.00946835995437928
v 3.26572e-19 0.00239827825264528 0.0116813900415562
v 3.26572e-19 -0.00103629588571611 0.00454423731365134
v 0.005 -0.0392523942504102 0.00372584129464344
v 0.00810514582318079 -0.0415952594122862 -0.00311913313634288
v 0.0118282547334823 -0.0271208523353521 -0.00422091643582637
v 0.005 -0.0244466449800457 0.0021428855843837
v 0.0260667004708237 -0.0635755723719092 -0.00350190717984373
v 3.26572e-19 -0.0886156090802077 0.00570893076519357
v 3.26572e-19 -0.0860667550581126 0.00839285930915447
v 3.26572e-19 -0.0841745103927567 -0.00797458548538274
v 3.26572e-19 -0.0902370399286378 0.00057604150434741
v 3.26572e-19 -0.0875878239503094 -0.00961512000084906
v 3.26572e-19 -0.0850913929391269 -0.000935999571355871
v 0.0293343229439209 -0.0423177171114724 0.011730719628389
v 0.0289835420757474 -0.0463325876667124 0.012
v 0.0235234976568875 -0.0442369024908355 0.000175843743971466
v 0.0270996489267918 -0.0365863907893681 -0.000995277040129158
v 0.00150280669088915 -0.0870664044110053 0.002668829264821
v 0.0289124420213594 0.00446408197474785 0.00934289458752345
v 0.0172338498369912 0.0049242044980383 0.00949617614109112
v 0.00499334966791713 -0.00611025303297539 -0.00260882612153204
v 0.0111467433632274 -0.0137950618054197 -0.00876538847650241
v 0.0141142580097689 -0.014546825819558 -0.00694900003325935
v 0.00770072266090034 -0.0129220772831683 -0.00856208640249149
v 0.005 -0.0126203298335835 -0.00865630030415451
v 0.005 -0.0124576654590397 -0.00483720662794932
v 0.00757220548886038 -0.0128895198751531 -0.000720752975777337
v 0.005 -0.0122379 0.000253638295949992
v 0.00532757480791336 -0.0123208849156143 0.00343085992405375
v 0.0266119653879069 -0.0309721458094226 0.00761361707386291
v 0.0228730683970629 0.00435261 -0.000762162
v 0.0246912068457797 0.00569166218559618 -0.000720225353822057
v 0.00181260815534538 -0.0785697828387381 0.00777381475156397
v 0.00150152865098878 -0.0729767406560138 0.00844800173886767
v 0.00150009000959428 -0.0760526038121887 0.00850331504723431
v 0.00178456759070127 -0.070302468799922 0.00780295833770617
v 0.0270570992701974 0.0050329351529194 0.00750147
v 0.0254471325148287 0.00568668200213084 0.0077750576883178
v 0.0313468395829925 0.00554777413427793 0.00766423850156709
v 0.0266717866192649 -0.00505268102346359 0.0062909341638099
v 0.00526502412302757 -0.00626382752584913 -0.00785870799337865
v 0.00942878378602781 -0.00669943624178632 -0.012
v 0.0155368376434116 -0.00804427563645772 -0.012
v 0.011250665042742 -0.00730133887135189 -0.00765430279045835
v 0.005 -0.00625991505490666 0.00232364975468911
v 0.00536615154877103 -0.00628135628391492 0.00784611665673392
v 0.0146602771198211 -0.0831720364229183 0.00839451128907804
v 0.0354206047890209 -0.00409233968406632 0.00238286526110888
v 0.00603405667766181 0.000358578143474313 -0.00921076315081683
v 0.00623036818388267 0.00125492281419912 0.0103444993058128
v 0.00622022808796823 -0.000909254330445011 -0.00786712338999893
v 0.0247258505654982 -0.00186054854209573 0.00802207282809891
v 0.0256167159196285 -0.0011732361408978 0.010358855110665
v 0.0254376591166952 -0.00138625206630742 -0.00975917413819966
v 0.0187592101606727 -0.020321484269353 -0.0077596488385231
v 0.00213623703291257 -0.00836854107122634 -0.00943053064010033
v 0.00239823758110453 -0.00384362669762561 -0.00949383071225103
v 0.0337297778150316 0.008 0.00709585665627862
v 0.0172205551189696 -0.0819211626413179 0.00740672859230694
v 0.0258843626899028 -0.000661981863109097 0.00807379951023394
v 0.0259902405787499 -0.000171386434326663 -0.00856935947314581
v 0.0326708222199162 0.00140144430699412 0.00941447683892314
v 0.0113320518849532 0.00424068658159313 0.000648475289712843
v 0.0339096159055686 0.00418719163043255 0.000580518737853625
v 0.0263637659074028 -0.0366146005656712 0.00906525138179078
v 0.037901797443929 0.008 0.00500447879083766
v 0.0252720575113522 -0.00153974661361853 0.00108777578446812
v 0.0250727352448418 -0.00168547609959165 -0.00223001146480547
v 0.0251373085078223 -0.00164168735563299 -0.005831784509551
v 0.0349746303396998 0.00546841 0.000883512
v 0.0227802127653401 0.00526753 0.00096355
v 0.00802107035239425 0.00199885800716768 0.010057454370062
v 0.0105636767003808 -0.0864264217757336 0.012
v 0.0119069803121435 -0.0888026393486629 0.0117209652087695
v 0.0247929673183441 -0.0298826200731063 -0.00341194851064745
v 0.0249633717707661 -0.029953055240613 0.00219933579506633
v 0.00537406150290097 -0.0577250633460612 -0.00164409331531207
v 0.00327070690080081 -0.0199017205019032 0.00786437743296781
v 0.00328205735239073 -0.0174963267798694 0.0078778073745031
v 0.00330754120613913 0.00202134688651089 -0.000762162
v 0.00250298932770673 -0.0138256748720865 -0.0011142244734691
v 0.00325217431172359 -0.0183705684743933 -0.000657775313425955
v 0.0253908732802581 -0.0253873362409011 0.00983375799251357
v 0.0251039826514943 -0.0299646839326108 0.00859901778645143
v 0.027635843710176 -0.0441093626043985 0.00889793253696681
v 0.0311788174519949 -0.0221797269053353 0.00715322386902906
v 0.0320407524612618 -0.0169859017769466 0.00653787224897373
v 0.0318635352534198 -0.0179054912941559 0.012
v 0.0259705025364223 0.000338091524744836 0.00583884714281933
v 0.00291989 -0.0879076 -0.00758107336107781
v 0.005 -0.0153678277081879 0.00804571399252337
v 0.00542282135568185 -0.0366256186828355 0.000818961785854249
v 0.0265092469086004 -0.005 -0.00588533063900181
v 0.0262977534583055 -0.00747371266259303 0.00779471865268821
v 0.0263236052201491 -0.00747819546679797 0.00485977420684987
v 0.024764136524421 0.004 9.48676900924816e-20
v 0.0192072161832704 0.00436982622247966 0.00077524932494692
v 0.0261961832792987 -0.0126035194342075 -0.00507571478444178
v 0.0262885073125534 -0.00990790113626953 -0.00129213937279259
v 0.025549403681778 -0.0227565349682795 -0.00602482120823207
v 0.025567 -0.0225908 0.00262758068920632
v 0.00308241478057327 -0.0288386313255384 -0.000812216252347763
v 0.0029918363062914 -0.024967991517573 -0.00087021089818352
v 0.00343633442916959 -0.019582443528387 0.000349374466450593
v 0.0188626870022715 -0.0157497478562998 0.012
v 0.0110667118910031 -0.0463969453113566 -0.0117092615056524
v 0.00898994837897867 -0.0450401401047194 -0.00326859451769615
v 0.00768261203230877 -0.00197169495185821 -0.00236242961424902
v 0.0280966648916951 0.00599818480298417 0.00853349131422385
v 0.0218607663982433 0.00593466574767765 0.00885189510709022
v 0.00615513478309555 -0.000768558155002561 0.000851742278882774
v 0.0280971852447726 -0.0157232205011324 -0.00941353159089754
v 0.005 -0.0217015 -0.00353403500306215
v 0.00866683445555792 -0.0232171383566785 -0.00647718912664563
v 0.005 -0.0213890804962721 0.00374968260809859
v 0.00824845943487535 -0.0926432228894375 0.00544755876796938
v 0.010620931623097 -0.0902493032485855 0.00380331165364525
v 0.00331519930984081 -0.0245541808067185 0.00792221368164887
v 0.0030490015628663 -0.0214327063810385 0.00766451997565316
v 0.00294359494143584 -0.0419609422792579 0.00760417964427784
v 0.00299485925112504 -0.0461306129508604 0.00763144274803739
v 3.26572e-19 -0.0890610936223142 0.00892784642510079
v 0.00261321979746275 -0.071955587107175 0.00747388574580592
v 0.00186864030235208 -0.0452892400685933 -0.000773957595079241
v 0.0295081941607978 0.008 0.00593843516561133
v 0.00507521400750255 -0.0770852419884665 -0.000179952950633526
v 0.00518833355347905 -0.0772134433083223 0.00656473578959103
v 0.00791253608792914 -0.0803008592840175 -0.0038951906169975
v 0.00607654756763914 -0.0899582929062784 0.00485031601766858
v 3.26572e-19 -0.0507541633437032 -0.00491745624726213
v 3.26572e-19 -0.0515760820823623 0.00753147128803481
v 3.26572e-19 -0.0430517569652418 -0.00247538228058251
v 3.26572e-19 -0.0491623746553735 -0.00104960770003414
v 3.26572e-19 -0.0459423861939022 -0.00112566482105972
v 0.026199930636696 -0.0125441611066553 -0.00920494028382919
v 0.0308769733432401 -0.0255992922844374 -0.0112801389892455
v 0.0305341913419835 -0.0272880235764856 0.00729021612399286
v 0.0311407929677465 -0.0224810482612595 0.000751196591545733
v 0.0239947430673281 -0.0475509277542005 0.00907006674197817
v 0.0222795504521694 -0.0462901622488794 0.00594976148324074
v 0.0240116022560322 -0.0472832012934542 -0.00011120250779046
v 0.0253893978127069 -0.0254114592578789 0.00566648171611077
v 0.025302147003632 -0.0250323187736149 -0.00167045625362425
v 0.0252838469926583 -0.0270867097933634 -0.00566416493311901
v 0.0276779076639322 -0.0180927992418878 0.00744580147004561
v 0.0215041611233684 0.00584940013519121 -0.00797344863280955
v 0.0198753329984208 0.00599099439063116 -0.00837269573281621
v 0.0340093765766245 0.00599115559155932 -0.00837367885605669
v 3.26572e-19 -0.0601016239530705 0.00820848707371562
v 0 -0.0438979950915228 0.012
v 0.000345770361737119 -0.0409214708855938 0.012
v 0.000306161928253741 -0.0368571641449112 0.012
v 0.0276282791777552 -0.0164012914411659 -0.000554147240430161
v 0.00150862879043581 -0.0871199975837553 -0.00303732403746404
v 0.0262438649233642 -0.0398844938860571 -0.000674877278302286
v 0.0249734548368952 -0.0249227578889888 -0.00636982444853762
v 0.0109460329417471 -0.0137442142546998 0.012
v 0.00517586184498875 -0.0122824512903118 0.00858177198264391
v 0.020051674972371 -0.0160509577058351 4.63989871382471e-05
v 0.0281711108248337 -0.022275692469293 0.00949631945647682
v 0.0286739095051428 -0.00436858423640378 0.00933908749050585
v 0.0270540776078916 -0.0603000430299247 0.00607710340026128
v 0.0069350312924436 -0.0747811333161115 -0.012
v 0.020238223562748 -0.0701569295351261 0.00958885792552232
v 0.00317360299240724 -0.0847938633213783 0.00721924930206087
v 0.0231952445173324 -0.0543803167935237 0.00931196477159179
v 0.005 -0.0242985 -0.00569872160583617
v 0.005 -0.0242985 -0.00266544614090647
v 0.0165686137408598 -0.0768598111129094 0.00805897502555347
v 0.0189972833618372 -0.0739120787631772 0.00752391756410083
v 0.0102987 -0.0830052 0.00433760287261472
v 0.026429963357321 -0.005 -0.00923192989561041
v 0.0265216592128937 -0.00743585048875363 -0.00379832175333502
v 0.0263814028181361 -0.00748821193033498 -0.00976106607895022
v 0.0172914174139753 -0.0715893880821215 0.00660195508356015
v 0.0140302353263912 -0.0415605378122596 -0.0117615472252217
v 0.00504891107304821 -0.0364112424764385 -0.00242537076755777
v 0.005 -0.0632880581827402 -0.00121437656126736
v 0.0151206015822061 -0.0848934830303275 0.00457255622061957
v 0.00152452169497083 -0.0063375958339232 0.00871956123853608
v 0.00155198571065802 -0.0183774934083867 0.00881715933661102
v 0.00154040015934809 -0.0621312336327082 0.00878039161946232
v 0.0015234171658137 -0.0212295299431819 0.008713337608665
v 0.00150946043835884 -0.0101534124897475 0.00863128354190887
v 0.0015744389538686 -0.000703518907066471 0.00812516829803463
v 0.00216384893853174 -0.0272402250358953 0.00944094939836899
v 0.001790708751363 -0.0341306181402468 0.00920437227917286
v 0.0027557344206058 -0.0178513825934629 0.00946648318536305
v 0.00239388245270205 -0.0203711563141419 0.00949325614231831
v 0.00216724363632274 -0.0313297114812578 0.00944216814972911
v 0.00192923330655408 -0.0391115194714854 0.00932034852342387
v 0.00234890113888928 -0.0157203814144553 0.00948828507128738
v 0.00185856693192055 -0.0709248036859688 0.00926556929816535
v 0.00165287681798354 -0.0664385187250303 0.00902945033876701
v 0.005 -0.0488911757856339 0.00363312052223485
v 0.005 -0.04888192603134 -0.00319929871923787
v 0.0103125120130413 -0.0523839568851326 -0.012
v 0.0100161837543239 -0.0457106324514147 0.00478289591234478
v 0.0134302211856338 -0.0479411176608222 -0.0067406987052191
v 0.0118362794054264 -0.0468997550312759 0.000369094423850644
v 0.0100383342442637 -0.0456757402598819 0.012
v 0.0189476494639168 -0.051545885771729 0.0119435087573642
v 0.0148163297773293 -0.0488467504093772 0.011891952256205
v 0.0350610246987757 0.00405710584145314 -0.00883123885929053
v 0.00838981091827649 0.00410046144620295 -0.00893505649731416
v 0.00675193372673221 0.00410073655417115 -0.00893557536222422
v 0.0111557883772547 0.00402338 -0.00871497
v 0.0253148468979046 0.00403525597375992 -0.0087577390832714
v 0.033315387049747 0.00505414 -0.000998533
v 0.0288628987660965 0.00541167257188592 -0.00090976179311292
v 0.0200049082410715 0.00483822 -0.000986827
v 0.0131361341493636 0.00524622880942243 -0.000968238679083443
v 0.0218891646532192 0.00594664839141627 -0.000321816320005293
v 0.0236263649729853 0.00419092211964652 0.00791398375740133
v 0.0293038466803856 0.00402338 0.00828503
v 0.0208113489604786 0.00435261 0.00773784
v 0.0305643798383774 0.00457306895011608 0.00759729749097611
v 0.032612144942432 0.00451362083528239 0.00762730093742765
v 0.0184315482275392 0.00438721824220083 0.00771153050914825
v 0.0285315002377448 0.00456254447788839 0.00760216721471879
v 0.0157166553149348 0.00426046337116167 0.00782823919215333
v 0.0352162039734181 0.00436716251186686 0.0077267770521736
v 0.0119963449637805 -0.0835224730678097 0.00893391473442087
v 0.0198356100069132 -0.0492591466941447 0.000942859432876392
v 0.0244939872950437 -0.0570308259056062 0.00768816071806884
v 0.0227449224505328 -0.00929367973189394 0.0060433950639101
v 0.0238090162795429 -0.00947812661345644 -0.00288988422517702
v 0.0256153826408825 -0.0488103215529269 0.00790659486419654
v 0.0258761927473953 -0.0418566238306001 0.00819984802948753
v 0.0256037899562916 -0.0463087902985497 0.00808178763369288
v 0.0251946408840405 -0.0224666615497273 0.00852969492015499
v 0.0266341471959886 -0.0324429436700266 0.000576821486371697
v 0.0272243194724983 -0.0270062484281676 0.000823218575035805
v 0.02903184008338 -0.0108384652974629 0.00097355209334168
v 0.0259617256225958 -0.0150724016686962 -0.00787198260838252
v 0.0260555759880096 -0.015208387031151 -0.000896692088731781
v 0.0260394 -0.0150921 0.0050062561188633
v 0.0261758928771376 -0.00988838105424676 0.0082477917611048
v 0.0262913922586834 -0.00988288743553721 0.00472274771560192
v 0.0293263536661916 -0.0034974888127605 -0.000998488619241493
v 0.0272511690502722 -0.0211296683333221 0.00808515738919504
v 0.0272971671635926 -0.0190999969741286 0.00862585631476968
v 0.0280845430002097 -0.0065453600102413 0.00861043578434893
v 0.0283369784663365 -0.00326746598303831 0.0081809684010552
v 0.0275937200098417 -0.0146180287488721 0.00828612752789863
v 0.0278144651538092 -0.0169951659386586 0.00929290811367306
v 0.027707992442156 -0.0125362033729922 0.00861332843533905
v 0.0273721960869492 -0.0369100444266117 0.000979101675182663
v 0.0278547600206772 -0.0317448243283375 0.000932431558369805
v 0.0276705073354772 -0.0448126947968473 -6.41242521667133e-05
v 0.0301468039325033 -0.00436034694943452 0.00812917163928185
v 0.0296334753936182 -0.0136235113727548 0.00856563728473233
v 0.0290571055231446 -0.0222714569739133 0.00876027782166673
v 0.02937395158518 0.000418780133577736 0.000515554
v 0.0270147881853476 -0.0295045938807868 0.000783231928144271
v 0.0262150165600605 -0.0123043353968731 0.00041270689410081
v 0.00500068443482672 -0.0395668925293217 -0.0120007002267716
v 0.00849365871694703 -0.0168996497654465 0.0116381290749601
v 0.0118949447678777 -0.0180331754586562 -0.0119993423264519
v 0.0263576455012084 -0.0100395623423989 -0.00781753637399816
v 0.0293608819160055 -0.0084472603911513 -0.012
v 0.0280432494731529 -0.0101708339043805 -0.0095328887701381
v 0.0159672965547713 -0.00811888806958787 0.0119966092740061
v 0.0297827485858224 -0.00601521236390481 0.00924288411837618
v 0.00910323050736379 -0.0893588263781692 0.00672996164377438
v 0.0298842397965185 -0.00872930204595771 -0.000339912414763848
v 0.0230410531684573 -0.0541578767438957 -0.0122292441166053
v 0.0155851746681138 -0.0493490473079858 0.00424019896940966
v 0.0151720596600807 -0.0490791334268249 -0.00113324749425067
v 0.0199058158017147 0.00400869605024444 -0.00837458365475926
v 0.0290538762928939 0.00428486055678967 -0.00919798720339091
v 0.00872581031117152 -0.0877620810420917 0.00905845062899978
v 0.0285059866356836 -0.0172435656786085 -0.000993305646096918
v 0.0105235893904712 0.00443580488377442 0.00752926971354387
v 0.00789248048508627 -0.0506092371337507 0.000886159139004708
v 3.26572e-19 -0.00888603981683153 0.00693320830010047
v 0.00271546332270152 -0.0822115847236051 0.00947649732633735
v 0.0257802894432182 -0.0174979388881787 0.012
v 0.0259183231465758 -0.0174999922827359 -0.0115818619210042
f 1 885 803
f 1 803 1404
f 1 1662 885
f 1 1404 1731
f 1 1731 1662
f 2 1079 738
f 2 738 1364
f 2 2605 1079
f 2 1364 1112
f 2 1112 2605
f 3 40 35
f 3 35 72
f 3 1270 40
f 3 72 1921
f 3 2690 1270
f 3 1921 1975
f 3 1975 2046
f 3 2046 2690
f 4 304 1716
f 4 1748 304
f 4 1217 1390
f 4 1716 1217
f 4 1390 2591
f 4 2687 1748
f 4 2591 2687
f 5 482 40
f 5 40 1270
f 5 107 678
f 5 2688 107
f 5 128 482
f 5 2473 128
f 5 678 2473
f 5 1270 2688
f 6 8 137
f 6 469 8
f 6 132 130
f 6 130 2473
f 6 134 132
f 6 137 134
f 6 862 469
f 6 2471 862
f 6 2473 2471
f 7 133 135
f 7 1319 133
f 7 135 1525
f 7 822 1319
f 7 1717 822
f 7 1470 1717
f 7 2037 1470
f 7 1525 2037
f 8 138 137
f 8 140 138
f 8 1132 140
f 8 469 1405
f 8 1405 1132
f 9 139 141
f 9 1580 139
f 9 141 1332
f 9 1332 1342
f 9 1342 2827
f 9 2037 1580
f 9 2827 2037
f 10 51 90
f 10 1815 51
f 10 90 1684
f 10 712 898
f 10 1132 712
f 10 898 1389
f 10 1684 1132
f 10 1389 1815
f 11 143 145
f 11 1332 143
f 11 145 398
f 11 398 2809
f 11 1359 1332
f 11 2809 1359
f 12 146 62
f 12 62 1389
f 12 148 146
f 12 1164 148
f 12 1171 1164
f 12 2264 1171
f 12 1389 2264
f 13 150 1164
f 13 2935 150
f 13 1715 153
f 13 153 2935
f 13 1164 1712
f 13 1712 1177
f 13 1177 1715
f 14 157 155
f 14 155 1715
f 14 159 157
f 14 1035 159
f 14 753 1035
f 14 1253 753
f 14 1715 1253
f 15 158 160
f 15 2290 158
f 15 160 900
f 15 900 1585
f 15 1681 1013
f 15 1013 1917
f 15 1585 1681
f 15 1917 2830
f 15 2830 2290
f 16 1541 18
f 16 18 2084
f 16 163 161
f 16 161 1035
f 16 2084 163
f 16 1035 1579
f 16 1579 1541
f 17 834 816
f 17 816 1133
f 17 857 823
f 17 823 1508
f 17 930 834
f 17 945 857
f 17 921 930
f 17 1508 921
f 17 1133 945
f 18 19 46
f 18 1176 19
f 18 46 68
f 18 68 2084
f 18 1541 1176
f 19 92 46
f 19 1750 92
f 19 1176 1092
f 19 1092 2055
f 19 2055 1750
f 20 950 1575
f 20 1931 950
f 20 1092 1931
f 20 2055 1092
f 20 1575 1520
f 20 1520 1991
f 20 1991 1750
f 20 1750 2055
f 21 847 173
f 21 173 1467
f 21 2279 847
f 21 1467 855
f 21 855 1939
f 21 1939 2954
f 21 2954 2279
f 22 673 172
f 22 172 1520
f 22 1032 673
f 22 950 1517
f 22 1575 950
f 22 1517 1032
f 22 1520 1575
f 23 1101 483
f 23 483 2646
f 23 2315 1101
f 23 2316 2315
f 23 2646 2316
f 24 2649 1260
f 24 1260 2679
f 24 2326 2555
f 24 2679 2326
f 24 2555 2547
f 24 2547 2649
f 25 39 47
f 25 52 39
f 25 47 2004
f 25 55 52
f 25 2004 55
f 26 48 39
f 26 39 52
f 26 52 43
f 26 43 2372
f 26 66 48
f 26 2372 66
f 27 38 2153
f 27 2529 38
f 27 2153 1475
f 27 1475 2734
f 27 1825 1676
f 27 1676 2529
f 27 2734 1825
f 28 29 30
f 28 54 29
f 28 30 31
f 28 31 73
f 28 73 54
f 29 67 30
f 29 54 61
f 29 60 67
f 29 2696 60
f 29 61 2696
f 30 2171 31
f 30 67 70
f 30 70 2171
f 31 2955 73
f 31 2171 2257
f 31 2257 2955
f 32 1119 53
f 32 53 2669
f 32 912 1119
f 32 1315 912
f 32 1976 1315
f 32 2669 1976
f 33 1649 45
f 33 45 1778
f 33 2234 1649
f 33 1778 1888
f 33 1888 2403
f 33 2285 2234
f 33 2403 2285
f 34 38 50
f 34 2153 38
f 34 41 46
f 34 50 41
f 34 46 92
f 34 92 63
f 34 63 2153
f 35 40 2525
f 35 2225 72
f 35 2525 2225
f 36 77 49
f 36 49 2634
f 36 56 74
f 36 2336 56
f 36 74 77
f 36 2634 2336
f 37 42 82
f 37 2863 42
f 37 2574 59
f 37 59 2655
f 37 82 84
f 37 84 2574
f 37 2655 2863
f 38 65 50
f 38 2529 65
f 39 85 47
f 39 48 83
f 39 83 85
f 40 482 87
f 40 87 2181
f 40 2181 2525
f 41 68 46
f 41 50 57
f 41 57 64
f 41 64 68
f 42 86 82
f 42 815 86
f 42 2508 815
f 42 2863 2508
f 43 52 76
f 43 76 2802
f 43 2541 2372
f 43 2802 2541
f 44 69 1076
f 44 1457 69
f 44 78 79
f 44 1076 78
f 44 79 1457
f 45 1649 1097
f 45 1097 1962
f 45 2561 1778
f 45 1962 2665
f 45 2665 2561
f 47 85 2130
f 47 1924 2027
f 47 2130 1924
f 47 2027 2004
f 48 66 83
f 49 77 116
f 49 116 1118
f 49 1118 2163
f 49 2163 2634
f 50 99 57
f 50 65 99
f 51 2280 90
f 51 1815 2280
f 52 55 97
f 52 100 76
f 52 97 100
f 53 1119 1198
f 53 1198 1546
f 53 1546 2781
f 53 2380 2669
f 53 2781 2380
f 54 95 61
f 54 73 95
f 55 1916 97
f 55 2217 1916
f 55 2004 2217
f 56 126 74
f 56 94 126
f 56 2336 94
f 57 105 64
f 57 99 105
f 58 372 1250
f 58 1930 372
f 58 1252 878
f 58 878 1630
f 58 1250 1208
f 58 1208 1252
f 58 1630 1930
f 59 1837 2399
f 59 2574 1837
f 59 2399 1977
f 59 1977 2655
f 60 2843 67
f 60 2611 109
f 60 109 2843
f 60 2076 2611
f 60 2696 2076
f 61 95 2253
f 61 101 1194
f 61 2253 101
f 61 1194 2696
f 62 146 106
f 62 106 2154
f 62 1815 1389
f 62 2284 1815
f 62 2154 2284
f 63 92 98
f 63 98 2475
f 63 1475 2153
f 63 2475 1475
f 64 111 68
f 64 105 111
f 65 108 99
f 65 1489 108
f 65 2529 1489
f 66 112 83
f 66 1650 112
f 66 2372 1650
f 67 2843 70
f 68 111 165
f 68 165 163
f 68 163 2084
f 69 120 1199
f 69 1327 120
f 69 1196 1076
f 69 1168 1327
f 69 1457 1168
f 69 1199 1196
f 70 2676 2171
f 70 2272 2676
f 70 2843 2272
f 71 1128 110
f 71 110 2003
f 71 2119 1128
f 71 2277 1987
f 71 1987 2872
f 71 2003 2277
f 71 2860 2119
f 71 2872 2860
f 72 2225 113
f 72 113 2244
f 72 2244 1921
f 73 104 95
f 73 2955 104
f 74 124 77
f 74 126 124
f 75 984 125
f 75 125 1533
f 75 764 182
f 75 182 984
f 75 1533 764
f 76 100 112
f 76 112 1940
f 76 2347 763
f 76 763 2802
f 76 1940 2347
f 77 127 116
f 77 124 127
f 78 121 79
f 78 189 121
f 78 2758 189
f 78 1076 751
f 78 751 2758
f 79 121 102
f 79 102 1457
f 80 1156 1976
f 80 2782 1156
f 80 1894 1218
f 80 1218 2782
f 80 1723 1894
f 80 1976 1723
f 81 2010 960
f 81 960 2167
f 81 1813 2157
f 81 2512 1813
f 81 1842 2010
f 81 2157 1842
f 81 2167 2512
f 82 190 84
f 82 86 188
f 82 188 190
f 83 115 85
f 83 112 115
f 84 2319 103
f 84 103 2574
f 84 190 2319
f 85 115 2152
f 85 2152 2130
f 86 211 188
f 86 815 211
f 87 113 1908
f 87 2137 113
f 87 482 2137
f 87 1908 1914
f 87 1914 2181
f 88 200 1544
f 88 1886 200
f 88 1420 285
f 88 285 1886
f 88 1544 620
f 88 620 1779
f 88 1779 1420
f 89 1158 475
f 89 475 1749
f 89 776 1346
f 89 1606 776
f 89 967 1606
f 89 1749 967
f 89 1346 1158
f 90 106 144
f 90 1868 106
f 90 144 142
f 90 142 1684
f 90 1924 1868
f 90 2280 1924
f 91 864 1543
f 91 2031 864
f 91 1543 1856
f 91 1783 1754
f 91 1754 2031
f 91 1856 1783
f 92 105 98
f 92 111 105
f 92 167 111
f 92 1750 167
f 93 1476 914
f 93 914 1783
f 93 1193 1476
f 93 1650 1193
f 93 2347 1650
f 93 1783 2238
f 93 2238 2347
f 94 122 197
f 94 2336 122
f 94 187 126
f 94 197 187
f 95 104 109
f 95 109 2253
f 96 464 178
f 96 178 972
f 96 179 464
f 96 879 179
f 96 1159 879
f 96 972 1159
f 97 115 100
f 97 2152 115
f 97 1916 2152
f 98 105 108
f 98 108 2475
f 99 108 105
f 100 115 112
f 101 2253 109
f 101 109 2611
f 101 2050 1194
f 101 2611 2050
f 102 121 223
f 102 235 123
f 102 123 1457
f 102 223 1135
f 102 1135 235
f 103 118 1837
f 103 2319 118
f 103 1837 2574
f 104 2843 109
f 104 2272 2843
f 104 2955 2272
f 106 146 144
f 106 1868 2154
f 107 2471 678
f 107 807 715
f 107 715 2471
f 107 2691 807
f 107 2688 1656
f 107 1656 2691
f 108 1489 2475
f 110 1128 1878
f 110 1483 1480
f 110 1480 2003
f 110 2665 1483
f 110 1878 2665
f 111 167 165
f 112 1650 1940
f 113 2137 1840
f 113 1840 2244
f 113 2225 1908
f 114 918 1769
f 114 2204 918
f 114 1502 2031
f 114 2065 1502
f 114 2031 1754
f 114 1754 2204
f 114 1769 2065
f 116 197 122
f 116 122 2221
f 116 127 1373
f 116 1373 197
f 116 2221 1118
f 117 818 878
f 117 1904 818
f 117 878 1252
f 117 1252 2849
f 117 2640 1904
f 117 2849 2640
f 118 2319 815
f 118 815 2508
f 118 1771 1869
f 118 2508 1771
f 118 1869 1837
f 119 591 1746
f 119 2214 591
f 119 1116 1060
f 119 1060 1348
f 119 1746 1116
f 119 1348 2224
f 119 1677 2214
f 119 2224 1677
f 120 751 1755
f 120 2758 751
f 120 1755 1199
f 120 1327 1409
f 120 1409 2758
f 121 189 223
f 122 2336 2221
f 123 235 205
f 123 205 1168
f 123 1168 1457
f 124 126 204
f 124 219 127
f 124 204 219
f 125 984 357
f 125 357 1890
f 125 2275 1533
f 125 1890 2275
f 126 187 204
f 127 219 2241
f 127 2241 1373
f 128 130 1331
f 128 2473 130
f 128 262 482
f 128 724 262
f 128 1331 724
f 129 1091 131
f 129 131 1500
f 129 1551 1015
f 129 1015 1829
f 129 1829 1091
f 129 1242 1551
f 129 2590 1242
f 129 1500 2590
f 130 132 245
f 130 245 2841
f 130 1250 734
f 130 734 1331
f 130 2841 1250
f 131 267 133
f 131 133 1319
f 131 264 267
f 131 1126 264
f 131 1319 922
f 131 922 1500
f 131 1091 2007
f 131 2007 1126
f 132 134 2423
f 132 463 245
f 132 2423 463
f 133 1742 135
f 133 267 1440
f 133 1440 1742
f 134 137 2425
f 134 2425 2423
f 135 255 136
f 135 136 1525
f 135 272 255
f 135 685 272
f 135 2427 685
f 135 1742 2427
f 136 1087 139
f 136 139 1580
f 136 255 1087
f 136 2037 1525
f 136 1580 2037
f 137 138 1411
f 137 1284 194
f 137 194 2425
f 137 1411 1284
f 138 140 222
f 138 222 1604
f 138 444 1411
f 138 2039 444
f 138 1604 2039
f 139 256 141
f 139 1607 256
f 139 1087 987
f 139 987 1607
f 140 1684 142
f 140 142 1760
f 140 1045 222
f 140 1576 1045
f 140 1132 1684
f 140 1760 1576
f 141 143 1332
f 141 2457 143
f 141 256 2457
f 142 144 428
f 142 428 2333
f 142 905 1760
f 142 2333 905
f 143 253 145
f 143 2320 253
f 143 2322 2320
f 143 2457 2322
f 144 146 2252
f 144 1738 428
f 144 2252 1738
f 145 147 398
f 145 1761 147
f 145 253 2604
f 145 2604 1761
f 146 148 1826
f 146 1741 399
f 146 399 2252
f 146 1374 1741
f 146 1826 1374
f 147 149 398
f 147 2499 149
f 147 880 785
f 147 785 2499
f 147 1761 880
f 148 150 682
f 148 1164 150
f 148 682 849
f 148 849 992
f 148 992 1826
f 149 1311 151
f 149 151 2828
f 149 2828 398
f 149 1285 1311
f 149 2499 1285
f 150 1617 682
f 150 714 2784
f 150 2935 714
f 150 2784 1617
f 151 2464 152
f 151 152 2829
f 151 1629 1104
f 151 1104 2879
f 151 1311 1629
f 151 2879 2464
f 151 2829 2828
f 152 723 154
f 152 154 1136
f 152 931 723
f 152 2464 931
f 152 1136 2829
f 153 155 702
f 153 1715 155
f 153 702 408
f 153 408 1805
f 153 1805 1590
f 153 1590 2935
f 154 156 2290
f 154 2558 156
f 154 723 1287
f 154 2830 1136
f 154 1287 2383
f 154 2290 2830
f 154 2383 2558
f 155 157 454
f 155 454 416
f 155 416 2490
f 155 2490 702
f 156 158 2290
f 156 2366 158
f 156 2489 2366
f 156 2558 2489
f 157 159 277
f 157 277 2360
f 157 2361 454
f 157 2360 2361
f 158 278 160
f 158 2359 278
f 158 1461 2359
f 158 2366 1461
f 159 161 668
f 159 1035 161
f 159 1462 277
f 159 668 1462
f 160 162 900
f 160 1350 162
f 160 278 923
f 160 923 926
f 160 926 1350
f 161 163 1375
f 161 1637 668
f 161 1375 2112
f 161 2044 1637
f 161 2112 2044
f 162 1361 164
f 162 164 1508
f 162 461 1361
f 162 1540 461
f 162 1508 900
f 162 1350 966
f 162 966 1540
f 163 165 301
f 163 301 476
f 163 476 1406
f 163 1406 1375
f 164 831 932
f 164 1361 831
f 164 1298 921
f 164 921 1508
f 164 932 1298
f 165 167 1098
f 165 543 301
f 165 1098 543
f 166 168 834
f 166 2936 168
f 166 809 863
f 166 1298 809
f 166 834 930
f 166 863 845
f 166 845 2936
f 166 930 921
f 166 921 1298
f 167 1750 169
f 167 169 2703
f 167 719 1098
f 167 2428 719
f 167 2703 2428
f 168 170 774
f 168 917 170
f 168 774 834
f 168 2769 917
f 168 2936 2769
f 169 1991 171
f 169 171 2595
f 169 2595 768
f 169 768 2702
f 169 1750 1991
f 169 2702 2703
f 170 191 774
f 170 1376 191
f 170 917 2836
f 170 1066 2835
f 170 2836 1066
f 170 2835 1376
f 171 1520 172
f 171 172 1954
f 171 1991 1520
f 171 1954 2598
f 171 2598 2595
f 172 673 2008
f 172 2719 1954
f 172 2008 2071
f 172 2071 2720
f 172 2720 2719
f 173 847 191
f 173 191 1920
f 173 1906 1467
f 173 2453 1906
f 173 1920 2724
f 173 2724 2453
f 174 185 1273
f 174 2244 185
f 174 210 1799
f 174 1834 210
f 174 1273 1834
f 174 1799 1921
f 174 1921 2244
f 175 437 995
f 175 1456 437
f 175 995 938
f 175 938 1587
f 175 996 1456
f 175 1587 996
f 176 201 1002
f 176 1471 201
f 176 491 1001
f 176 1756 491
f 176 1001 1471
f 176 1002 2325
f 176 2325 1756
f 177 1005 209
f 177 209 1230
f 177 713 1006
f 177 1230 713
f 177 1012 1005
f 177 1006 1344
f 177 1344 1012
f 178 464 394
f 178 394 2856
f 178 779 972
f 178 2276 779
f 178 2856 2276
f 179 313 194
f 179 194 1284
f 179 879 313
f 179 1284 464
f 180 1415 1155
f 180 1155 2076
f 180 2832 1415
f 180 2076 1995
f 180 1995 2832
f 181 1046 321
f 181 321 2333
f 181 2333 428
f 181 428 2614
f 181 867 1212
f 181 1573 867
f 181 1212 1046
f 181 2614 1573
f 182 199 984
f 182 1503 199
f 182 941 206
f 182 206 1503
f 182 764 941
f 183 828 749
f 183 749 1632
f 183 827 828
f 183 830 827
f 183 1632 830
f 184 192 198
f 184 1762 192
f 184 198 2460
f 184 234 1548
f 184 2460 234
f 184 1548 2019
f 184 2019 1762
f 185 243 1251
f 185 1840 243
f 185 1251 1273
f 185 2244 1840
f 186 210 1027
f 186 1799 210
f 186 1027 1735
f 186 1731 1404
f 186 1404 1799
f 186 1735 1731
f 187 197 2884
f 187 2442 204
f 187 2884 2442
f 188 2577 190
f 188 211 2577
f 189 1168 205
f 189 205 2584
f 189 2584 223
f 189 1327 1168
f 189 1409 1327
f 189 2758 1409
f 190 1363 925
f 190 925 2319
f 190 2577 1363
f 191 733 1920
f 191 2573 733
f 191 847 774
f 191 1376 2573
f 192 216 198
f 192 2235 216
f 192 1762 230
f 192 230 2235
f 193 718 1120
f 193 2127 718
f 193 2104 1103
f 193 1103 2127
f 193 1120 1379
f 193 1379 1429
f 193 1429 2104
f 194 313 271
f 194 271 2425
f 195 414 742
f 195 2571 414
f 195 742 2297
f 195 2297 2597
f 195 2601 2571
f 195 2597 2601
f 196 271 328
f 196 958 271
f 196 328 288
f 196 288 447
f 196 447 826
f 196 826 958
f 197 1373 2884
f 198 216 2807
f 198 244 240
f 198 240 2460
f 198 2807 244
f 199 245 984
f 199 998 245
f 199 1503 998
f 200 625 622
f 200 622 1544
f 200 906 625
f 200 2115 906
f 200 1886 2726
f 200 2726 2115
f 201 1471 813
f 201 813 1477
f 201 1477 1002
f 202 808 2881
f 202 2946 808
f 202 2879 2876
f 202 2876 2946
f 202 2881 2879
f 203 208 471
f 203 2936 208
f 203 471 969
f 203 969 1994
f 203 1994 2769
f 203 2769 2936
f 204 1249 219
f 204 2442 1249
f 205 235 1674
f 205 1674 2584
f 206 447 1503
f 206 1615 447
f 206 941 1504
f 206 1504 1615
f 207 1505 618
f 207 618 1695
f 207 1725 1420
f 207 1420 1779
f 207 1779 1505
f 207 1695 1725
f 208 743 471
f 208 474 743
f 208 948 474
f 208 2936 948
f 209 1005 1038
f 209 1038 2792
f 209 1382 1230
f 209 2792 1382
f 210 242 1027
f 210 1834 242
f 211 1224 232
f 211 232 2576
f 211 815 1224
f 211 2576 2577
f 212 707 1628
f 212 2413 707
f 212 1466 1236
f 212 1236 2413
f 212 1628 1466
f 213 667 784
f 213 1066 667
f 213 784 1492
f 213 2835 1066
f 213 1492 2835
f 214 784 667
f 214 667 2707
f 214 736 784
f 214 2705 736
f 214 2707 2705
f 215 1445 2213
f 215 2952 1445
f 215 2578 2013
f 215 2013 2635
f 215 2635 2169
f 215 2169 2952
f 215 2213 2578
f 216 246 2131
f 216 2235 246
f 216 2131 249
f 216 249 2807
f 217 2007 1091
f 217 1091 2805
f 217 1788 1126
f 217 1126 2007
f 217 1527 1930
f 217 2805 1527
f 217 1630 1788
f 217 1930 1630
f 218 743 1378
f 218 1981 743
f 218 777 1981
f 218 2733 777
f 218 1378 2430
f 218 2430 2733
f 219 1249 2451
f 219 1999 2351
f 219 2451 1999
f 219 2351 2241
f 220 860 861
f 220 1806 860
f 220 861 1399
f 220 1399 1321
f 220 1321 1808
f 220 1808 1806
f 221 340 251
f 221 251 708
f 221 886 340
f 221 708 1432
f 221 1774 886
f 221 1432 1701
f 221 1701 1774
f 222 250 497
f 222 1045 250
f 222 497 311
f 222 311 1604
f 223 236 1135
f 223 1435 236
f 223 2584 1435
f 224 481 285
f 224 285 1420
f 224 1855 481
f 224 1408 1855
f 224 2765 1408
f 224 1420 1725
f 224 1725 2765
f 225 509 755
f 225 1497 509
f 225 755 1542
f 225 1130 1055
f 225 1055 1497
f 225 2022 1130
f 225 1542 2422
f 225 2422 2022
f 226 229 673
f 226 2727 229
f 226 1333 239
f 226 239 2528
f 226 673 1333
f 226 2528 2727
f 227 228 1577
f 227 2728 228
f 227 1467 241
f 227 241 2504
f 227 1577 1467
f 227 2504 2728
f 228 257 2249
f 228 2750 257
f 228 2249 1577
f 228 2728 2750
f 229 258 2008
f 229 2156 258
f 229 2008 673
f 229 2729 2156
f 229 2727 2729
f 230 1982 246
f 230 246 2235
f 230 796 799
f 230 1762 796
f 230 799 798
f 230 798 1982
f 231 1490 256
f 231 256 1607
f 231 322 1490
f 231 1607 322
f 232 925 1137
f 232 1224 925
f 232 1137 2576
f 233 321 1001
f 233 2333 321
f 233 1001 491
f 233 491 1042
f 233 1042 2333
f 234 252 247
f 234 247 2078
f 234 2460 252
f 234 2078 1548
f 235 1135 236
f 235 236 2183
f 235 2741 1674
f 235 2183 2741
f 236 1435 420
f 236 420 2183
f 237 530 697
f 237 709 530
f 237 697 970
f 237 2338 709
f 237 970 2338
f 238 2783 773
f 238 773 2835
f 238 1492 2783
f 238 2835 1492
f 239 1086 260
f 239 260 2528
f 239 1333 1086
f 240 244 263
f 240 252 2460
f 240 2943 252
f 240 263 2943
f 241 1906 265
f 241 265 2504
f 241 1467 1906
f 242 243 286
f 242 1309 243
f 242 286 1027
f 242 1243 1309
f 242 1834 1243
f 243 1787 286
f 243 1309 1251
f 243 1840 1787
f 244 2807 254
f 244 254 2950
f 244 2950 263
f 245 463 984
f 245 998 2841
f 246 247 252
f 246 1982 247
f 246 252 2131
f 247 1982 2078
f 248 496 284
f 248 284 1474
f 248 1228 496
f 248 848 964
f 248 1474 848
f 248 964 1228
f 249 2131 252
f 249 252 2943
f 249 266 254
f 249 254 2807
f 249 2943 266
f 250 995 497
f 250 938 995
f 250 2755 938
f 250 1045 1576
f 250 1576 2755
f 251 340 1209
f 251 756 708
f 251 909 756
f 251 1209 909
f 253 282 854
f 253 2320 282
f 253 854 2615
f 253 2615 2604
f 254 266 274
f 254 274 2950
f 255 272 683
f 255 683 779
f 255 779 1087
f 256 1490 2459
f 256 2459 2457
f 257 268 1487
f 257 2750 268
f 257 1487 2240
f 257 2240 2249
f 258 269 1207
f 258 1423 269
f 258 1207 2071
f 258 2156 1423
f 258 2071 2008
f 259 378 1598
f 259 2721 378
f 259 1598 788
f 259 788 2721
f 260 1732 270
f 260 270 2528
f 260 1086 1732
f 261 1139 770
f 261 770 2752
f 261 1386 947
f 261 947 1763
f 261 1364 1139
f 261 1165 1364
f 261 1763 1165
f 261 2752 1386
f 262 356 280
f 262 280 2137
f 262 724 356
f 262 2137 482
f 263 279 2943
f 263 2950 279
f 264 1819 267
f 264 1029 818
f 264 818 1867
f 264 1126 1029
f 264 1867 1819
f 265 305 273
f 265 273 2042
f 265 2453 305
f 265 1906 2453
f 265 2042 2504
f 266 283 274
f 266 2943 283
f 267 963 1440
f 267 1485 963
f 267 1819 1485
f 268 276 1200
f 268 1633 276
f 268 1200 1487
f 268 2750 1633
f 269 275 1554
f 269 1758 275
f 269 1554 1207
f 269 1423 1758
f 270 1127 275
f 270 275 2484
f 270 856 1127
f 270 1732 856
f 270 2484 2370
f 270 2370 2528
f 271 313 328
f 271 958 2425
f 272 314 683
f 272 1055 314
f 272 685 509
f 272 509 1497
f 272 1497 1055
f 273 305 276
f 273 276 1720
f 273 1720 2042
f 274 283 1337
f 274 1337 297
f 274 297 2950
f 275 1127 1554
f 275 1758 2484
f 276 305 975
f 276 975 1200
f 276 1633 1720
f 277 772 836
f 277 1462 772
f 277 836 2362
f 277 2362 2360
f 278 781 427
f 278 427 1062
f 278 2359 781
f 278 1077 923
f 278 1062 1077
f 279 302 295
f 279 295 2943
f 279 297 302
f 279 2950 297
f 280 306 1149
f 280 1559 306
f 280 356 1559
f 280 1149 1387
f 280 1387 2137
f 281 307 943
f 281 2026 307
f 281 750 1015
f 281 2640 750
f 281 943 2640
f 281 1015 1131
f 281 1131 1501
f 281 1501 2751
f 281 2751 2026
f 282 326 462
f 282 2321 326
f 282 462 854
f 282 2320 2321
f 283 295 309
f 283 2943 295
f 283 309 1444
f 283 1444 1337
f 284 496 814
f 284 814 1685
f 284 1898 1474
f 284 1685 1531
f 284 1531 1898
f 285 481 2329
f 285 2726 1886
f 285 2329 2726
f 286 294 1398
f 286 1787 294
f 286 1447 1027
f 286 1398 1447
f 287 976 1044
f 287 1400 976
f 287 1044 2018
f 287 2020 1400
f 287 2018 2020
f 288 328 1503
f 288 1503 447
f 289 371 701
f 289 1818 371
f 289 701 672
f 289 672 2020
f 289 2018 1818
f 289 2020 2018
f 290 760 2436
f 290 2437 760
f 290 2436 1412
f 290 1412 2437
f 291 1073 1857
f 291 2151 1073
f 291 1340 1755
f 291 1857 1340
f 291 1755 2151
f 292 1321 1399
f 292 2809 1321
f 292 1342 1332
f 292 1332 1359
f 292 2827 1342
f 292 1359 2809
f 292 1399 1968
f 292 1968 2827
f 293 915 1345
f 293 2377 915
f 293 1932 1340
f 293 1340 2613
f 293 1345 1932
f 293 2613 2377
f 294 1787 1387
f 294 1387 1873
f 294 1873 1397
f 294 1397 2074
f 294 2074 1398
f 295 302 309
f 296 668 884
f 296 1462 668
f 296 728 772
f 296 884 728
f 296 772 1462
f 297 308 302
f 297 1451 308
f 297 1337 1451
f 298 1146 756
f 298 756 2456
f 298 804 899
f 298 2456 804
f 298 899 2685
f 298 2685 1146
f 299 1388 890
f 299 890 2503
f 299 1201 1146
f 299 1146 1388
f 299 2503 1201
f 300 1003 494
f 300 494 1646
f 300 510 859
f 300 1646 510
f 300 859 1530
f 300 876 1003
f 300 1530 876
f 301 1482 476
f 301 543 2207
f 301 1214 1449
f 301 2207 1214
f 301 1449 1482
f 302 308 315
f 302 315 309
f 303 320 362
f 303 964 320
f 303 362 1536
f 303 1466 964
f 303 1536 1466
f 304 1112 1828
f 304 2800 1112
f 304 1828 1716
f 304 1748 2800
f 305 1518 975
f 305 1279 1056
f 305 1056 1518
f 305 2941 1279
f 305 2453 2941
f 306 318 341
f 306 2841 318
f 306 341 1149
f 306 817 1250
f 306 1559 817
f 306 1250 2841
f 307 1780 319
f 307 319 1867
f 307 1867 818
f 307 818 1904
f 307 1904 943
f 307 1310 1780
f 307 2026 1310
f 308 1286 315
f 308 1161 1286
f 308 1451 1161
f 309 315 1510
f 309 1524 1444
f 309 1510 1524
f 310 852 888
f 310 1826 852
f 310 888 1410
f 310 1410 1728
f 310 1728 1657
f 310 1657 2875
f 310 2875 1826
f 311 842 312
f 311 312 1604
f 311 522 397
f 311 397 842
f 311 497 522
f 312 344 338
f 312 338 1346
f 312 842 344
f 312 1346 776
f 312 776 1604
f 313 332 328
f 313 879 332
f 314 327 333
f 314 1055 327
f 314 333 1597
f 314 793 683
f 314 1597 793
f 315 1286 2725
f 315 2725 1510
f 316 445 448
f 316 450 445
f 316 448 836
f 316 2671 450
f 316 836 790
f 316 790 1241
f 316 1241 2671
f 317 345 322
f 317 322 1607
f 317 339 345
f 317 1627 339
f 317 967 891
f 317 891 1627
f 317 1607 967
f 318 328 341
f 318 1503 328
f 318 998 1503
f 318 2841 998
f 319 327 1130
f 319 1229 327
f 319 1130 2421
f 319 1780 1229
f 319 1485 1819
f 319 2421 1485
f 319 1819 1867
f 320 961 362
f 320 964 710
f 320 710 2721
f 320 1554 961
f 320 1207 1554
f 320 2720 1207
f 320 2721 2720
f 321 336 911
f 321 1046 336
f 321 911 692
f 321 692 1001
f 322 345 1509
f 322 1509 1490
f 323 1304 324
f 323 324 2069
f 323 1099 1948
f 323 2069 1099
f 323 1417 1304
f 323 2348 1417
f 323 1948 1437
f 323 1437 2348
f 324 1304 819
f 324 819 1694
f 324 1694 1148
f 324 1148 2069
f 325 973 326
f 325 326 2321
f 325 350 973
f 325 1205 350
f 325 1002 1057
f 325 1160 1002
f 325 1057 1205
f 325 2321 1160
f 326 1246 462
f 326 973 676
f 326 676 1246
f 327 2028 333
f 327 1055 1130
f 327 1229 2028
f 328 332 341
f 329 800 1289
f 329 1343 800
f 329 889 1005
f 329 1375 889
f 329 1005 1070
f 329 1070 1343
f 329 1289 1375
f 330 359 433
f 330 1291 359
f 330 433 452
f 330 452 1006
f 330 1006 933
f 330 933 1216
f 330 1216 1291
f 331 735 959
f 331 1835 735
f 331 959 1039
f 331 1039 1780
f 331 1780 1310
f 331 1310 2026
f 331 2026 1835
f 332 338 380
f 332 879 338
f 332 380 341
f 333 1381 339
f 333 339 1773
f 333 2028 1381
f 333 2185 1597
f 333 1773 2185
f 334 335 421
f 334 1106 335
f 334 421 409
f 334 409 2945
f 334 1929 993
f 334 993 2877
f 334 2877 1106
f 334 2945 1929
f 335 782 421
f 335 714 835
f 335 2784 714
f 335 739 782
f 335 835 739
f 335 1106 2784
f 336 355 911
f 336 1870 355
f 336 1046 1212
f 336 1212 2144
f 336 2144 1870
f 337 1191 342
f 337 342 2121
f 337 1021 1191
f 337 1519 1021
f 337 1694 1519
f 337 1564 1694
f 337 2121 1564
f 338 344 380
f 338 879 686
f 338 686 1346
f 339 2501 345
f 339 1381 2501
f 339 1627 1773
f 340 937 341
f 340 341 1209
f 340 886 988
f 340 1328 937
f 340 988 1328
f 341 380 1209
f 341 937 1149
f 342 347 1187
f 342 1191 347
f 342 2623 688
f 342 688 2847
f 342 1187 2848
f 342 1901 2121
f 342 2847 1901
f 342 2848 2623
f 343 353 877
f 343 1296 353
f 343 742 1107
f 343 2297 742
f 343 877 2596
f 343 1107 1296
f 343 2596 2297
f 344 477 380
f 344 842 397
f 344 397 2187
f 344 1238 477
f 344 2187 1238
f 345 1618 350
f 345 350 2416
f 345 415 1509
f 345 2416 415
f 345 2501 1618
f 346 366 382
f 346 952 366
f 346 382 2536
f 346 705 2500
f 346 2536 705
f 346 2375 952
f 346 2500 2375
f 347 348 352
f 347 2506 348
f 347 352 2345
f 347 1191 1021
f 347 1021 2506
f 347 2345 1187
f 348 2147 352
f 348 2506 688
f 348 688 2623
f 348 2623 2147
f 349 953 1547
f 349 1584 953
f 349 1229 1100
f 349 1100 1275
f 349 2028 1229
f 349 1275 1584
f 349 1547 2028
f 350 778 354
f 350 354 973
f 350 1618 778
f 350 1205 2416
f 351 430 423
f 351 423 2384
f 351 811 430
f 351 455 1051
f 351 2854 455
f 351 520 811
f 351 1051 520
f 351 2384 2854
f 352 1925 2346
f 352 2842 1925
f 352 2147 2842
f 352 2346 2345
f 353 542 877
f 353 1913 542
f 353 1296 2957
f 353 1511 1913
f 353 2957 1511
f 354 515 366
f 354 366 1872
f 354 778 515
f 354 676 973
f 354 1872 676
f 355 365 432
f 355 1870 365
f 355 432 903
f 355 903 1966
f 355 1238 911
f 355 1966 1238
f 356 724 2806
f 356 2806 1559
f 357 984 463
f 357 463 2423
f 357 2424 1890
f 357 2423 2424
f 358 361 504
f 358 1645 361
f 358 504 2357
f 358 761 529
f 358 529 1645
f 358 1269 761
f 358 2357 1269
f 359 468 433
f 359 485 468
f 359 1293 485
f 359 1291 1293
f 360 2189 1352
f 360 1352 2461
f 360 1817 1764
f 360 1764 2441
f 360 1800 2189
f 360 2441 1800
f 360 2461 1817
f 361 2432 504
f 361 1645 2733
f 361 2733 2432
f 362 379 401
f 362 961 379
f 362 401 538
f 362 538 2850
f 362 2850 1536
f 363 727 679
f 363 679 2554
f 363 765 727
f 363 1068 765
f 363 1353 1068
f 363 1686 1353
f 363 2096 1686
f 363 2554 2096
f 364 2017 384
f 364 384 2507
f 364 422 2017
f 364 2203 422
f 364 2016 2067
f 364 2507 2016
f 364 2067 2344
f 364 2344 2203
f 365 381 443
f 365 1072 381
f 365 403 432
f 365 443 403
f 365 1782 1072
f 365 1611 1782
f 365 1870 1611
f 366 549 382
f 366 515 549
f 366 952 694
f 366 694 2374
f 366 2374 1872
f 367 915 1736
f 367 2080 915
f 367 1736 2670
f 367 2670 2080
f 368 410 2592
f 368 2880 410
f 368 1197 490
f 368 490 2880
f 368 2592 1197
f 369 431 370
f 369 370 2382
f 369 424 431
f 369 2817 424
f 369 916 1770
f 369 2382 916
f 369 1770 2817
f 370 431 1189
f 370 1189 962
f 370 962 1634
f 370 1634 1434
f 370 1434 2382
f 371 451 385
f 371 385 701
f 371 440 451
f 371 1090 440
f 371 1818 1090
f 372 734 1250
f 372 1331 734
f 372 2804 1331
f 372 1930 2804
f 373 1336 518
f 373 518 2311
f 373 1276 927
f 373 927 1549
f 373 2552 1276
f 373 1549 1336
f 373 2311 2552
f 374 1147 375
f 374 375 1853
f 374 1036 441
f 374 441 2086
f 374 1853 1036
f 374 2086 1147
f 375 391 882
f 375 1801 391
f 375 882 1853
f 375 1147 1801
f 376 379 961
f 376 1772 379
f 376 402 1240
f 376 1353 402
f 376 961 1068
f 376 1068 1353
f 376 1240 1772
f 377 505 386
f 377 386 2268
f 377 500 505
f 377 2761 500
f 377 1016 1138
f 377 2268 1016
f 377 1138 2761
f 378 406 527
f 378 990 406
f 378 527 1598
f 378 2721 990
f 379 2521 401
f 379 1772 907
f 379 907 2521
f 380 477 804
f 380 804 2456
f 380 2456 1209
f 381 396 1491
f 381 1789 396
f 381 1690 443
f 381 1072 1789
f 381 1491 1929
f 381 2945 1690
f 381 1929 2945
f 382 549 389
f 382 389 2844
f 382 2844 2536
f 383 1673 2118
f 383 2256 1673
f 383 2118 2203
f 383 2203 2344
f 383 2209 2256
f 383 2344 2209
f 384 2017 400
f 384 400 2588
f 384 740 2507
f 384 2588 740
f 385 451 1498
f 385 699 701
f 385 1882 699
f 385 1498 1844
f 385 1844 1882
f 386 1978 474
f 386 474 2268
f 386 505 2909
f 386 2909 1978
f 387 390 525
f 387 2783 390
f 387 525 1110
f 387 726 773
f 387 1206 726
f 387 773 2783
f 387 1110 1206
f 388 446 533
f 388 2108 446
f 388 533 2012
f 388 1162 1279
f 388 2012 1162
f 388 1279 2108
f 389 566 410
f 389 410 2880
f 389 549 1809
f 389 1809 566
f 389 2880 2844
f 390 2956 525
f 390 1004 1516
f 390 1747 1004
f 390 1516 2956
f 390 2783 1747
f 391 457 1336
f 391 2216 457
f 391 927 882
f 391 1549 927
f 391 1336 1549
f 391 1801 2216
f 392 405 439
f 392 2327 405
f 392 2246 411
f 392 411 2327
f 392 439 429
f 392 429 2246
f 393 1048 1752
f 393 2890 1048
f 393 2136 1658
f 393 1658 2890
f 393 1752 1895
f 393 1895 2136
f 394 464 1284
f 394 1284 2856
f 395 2064 2278
f 395 2713 2064
f 395 2257 2171
f 395 2171 2711
f 395 2278 2257
f 395 2711 2713
f 396 1410 532
f 396 532 2537
f 396 1728 1410
f 396 2537 1491
f 396 1789 1728
f 397 522 995
f 397 995 2187
f 398 1018 2809
f 398 2828 1018
f 399 825 1299
f 399 1741 825
f 399 965 2252
f 399 2616 965
f 399 1299 2874
f 399 2874 2616
f 400 1892 744
f 400 744 2145
f 400 2017 986
f 400 986 2903
f 400 2903 1892
f 400 2145 2588
f 401 479 538
f 401 2732 479
f 401 2521 2732
f 402 494 1372
f 402 1646 494
f 402 1532 1240
f 402 1353 1646
f 402 1372 1532
f 403 443 411
f 403 411 2246
f 403 2246 432
f 404 442 405
f 404 405 2327
f 404 426 425
f 404 425 435
f 404 2327 426
f 404 435 442
f 405 442 439
f 406 536 527
f 406 2852 536
f 406 990 991
f 406 991 2852
f 407 2306 957
f 407 957 2905
f 407 1722 1190
f 407 1190 2306
f 407 2102 1722
f 407 2905 2102
f 408 1051 455
f 408 455 2854
f 408 702 1959
f 408 1959 1051
f 408 2854 1805
f 409 421 782
f 409 423 498
f 409 955 423
f 409 498 565
f 409 565 2945
f 409 782 1506
f 409 1506 955
f 410 1460 424
f 410 424 2592
f 410 566 1282
f 410 1282 1460
f 411 443 2237
f 411 2237 470
f 411 470 2327
f 412 2134 904
f 412 904 2433
f 412 1563 977
f 412 977 2134
f 412 2433 1563
f 413 1005 1012
f 413 1070 1005
f 413 1012 2753
f 413 1343 1070
f 413 2132 1343
f 413 2753 2132
f 414 1014 742
f 414 2570 1014
f 414 1049 2570
f 414 2571 1049
f 415 1854 1509
f 415 2416 1854
f 416 454 1900
f 416 1900 725
f 416 725 2490
f 417 674 806
f 417 1362 674
f 417 806 1166
f 417 858 866
f 417 1166 858
f 417 866 1362
f 418 769 692
f 418 692 1238
f 418 2187 769
f 418 1238 2187
f 419 675 2365
f 419 2367 675
f 419 1157 2011
f 419 2361 1157
f 419 1900 2361
f 419 2365 1900
f 419 2011 2367
f 420 1435 2890
f 420 1658 2136
f 420 2890 1658
f 420 2136 2183
f 422 449 511
f 422 2203 449
f 422 511 1591
f 422 1591 986
f 422 986 2017
f 423 430 2625
f 423 2625 498
f 423 955 1256
f 423 1256 2384
f 424 2693 431
f 424 1460 2693
f 424 2817 2592
f 425 426 486
f 425 453 435
f 425 458 453
f 425 486 458
f 426 470 495
f 426 2327 470
f 426 495 486
f 427 781 699
f 427 699 1882
f 427 951 883
f 427 883 1062
f 427 1882 951
f 428 1738 2614
f 429 488 432
f 429 432 2246
f 429 439 487
f 429 487 484
f 429 484 488
f 430 438 445
f 430 1081 438
f 430 445 2625
f 430 811 1081
f 431 440 456
f 431 539 440
f 431 456 1189
f 431 1670 539
f 431 2693 1670
f 432 488 903
f 433 2762 452
f 433 468 1958
f 433 1958 2762
f 434 679 727
f 434 913 679
f 434 727 2647
f 434 894 913
f 434 1822 894
f 434 1010 1822
f 434 2647 1010
f 435 502 442
f 435 453 501
f 435 501 513
f 435 513 502
f 436 2198 707
f 436 707 2413
f 436 1531 1685
f 436 1898 1531
f 436 1685 2198
f 436 2109 1898
f 436 2413 2109
f 437 813 769
f 437 769 2187
f 437 1456 813
f 437 2187 995
f 438 812 445
f 438 1271 812
f 438 1081 1365
f 438 2014 1271
f 438 1365 2014
f 439 442 502
f 439 502 487
f 440 539 451
f 440 1090 456
f 441 541 514
f 441 514 2731
f 441 1036 541
f 441 2730 2086
f 441 2731 2730
f 443 544 488
f 443 488 2237
f 443 1690 544
f 444 1609 1411
f 444 2039 1609
f 445 812 448
f 445 450 2626
f 445 2626 2625
f 446 534 533
f 446 2916 534
f 446 1600 1283
f 446 1283 2916
f 446 2108 1600
f 447 870 826
f 447 1615 870
f 448 812 837
f 448 2362 836
f 448 837 2011
f 448 2011 2362
f 449 2588 511
f 449 2118 740
f 449 740 2588
f 449 2203 2118
f 450 467 690
f 450 706 467
f 450 690 2626
f 450 2671 706
f 451 1593 468
f 451 468 1767
f 451 539 1593
f 451 2331 1498
f 451 1767 2331
f 452 1344 1006
f 452 2754 1344
f 452 1521 2754
f 452 2762 1521
f 453 458 503
f 453 503 501
f 454 2361 1900
f 456 1090 2439
f 456 2559 1189
f 456 2439 2559
f 457 524 2340
f 457 2652 524
f 457 2340 1336
f 457 2216 2652
f 458 480 503
f 458 516 480
f 458 486 516
f 459 1625 2305
f 459 2455 1625
f 459 2453 1745
f 459 1745 2455
f 459 2305 2941
f 459 2941 2453
f 460 1173 867
f 460 867 1573
f 460 2060 1173
f 460 1231 2060
f 460 2614 1231
f 460 1573 2614
f 461 1166 806
f 461 806 1291
f 461 1540 1166
f 461 1291 1216
f 461 1216 1361
f 462 2615 854
f 462 1169 1173
f 462 1246 1169
f 462 1173 2060
f 462 2060 2615
f 465 493 2317
f 465 2343 493
f 465 744 1892
f 465 2412 744
f 465 1892 2903
f 465 2317 2468
f 465 2903 2343
f 465 2468 2412
f 466 1945 720
f 466 720 1997
f 466 843 1481
f 466 1997 843
f 466 1134 1052
f 466 1052 2138
f 466 1481 1134
f 466 2138 1945
f 467 472 591
f 467 800 472
f 467 591 690
f 467 706 1290
f 467 1290 800
f 468 485 956
f 468 956 1767
f 468 1593 1654
f 468 1654 1958
f 469 862 1558
f 469 1558 1405
f 470 484 487
f 470 2237 484
f 470 487 495
f 471 743 1981
f 471 1535 969
f 471 1981 1535
f 472 1384 591
f 472 800 1343
f 472 1343 2132
f 472 2357 1384
f 472 2132 1438
f 472 1438 2357
f 473 752 725
f 473 725 2025
f 473 1896 752
f 473 2270 1896
f 473 2025 2491
f 473 2491 2270
f 474 1978 743
f 474 948 2205
f 474 2205 2268
f 475 1158 1159
f 475 1159 2146
f 475 2146 1749
f 476 2792 1406
f 476 1482 2791
f 476 2791 2792
f 477 903 804
f 477 1966 903
f 477 1238 1966
f 478 1129 1051
f 478 1051 1896
f 478 2271 1129
f 478 1896 1358
f 478 1358 2271
f 479 526 538
f 479 2732 526
f 480 512 503
f 480 695 512
f 480 516 531
f 480 531 695
f 481 865 1325
f 481 1595 865
f 481 1325 2329
f 481 2283 1595
f 481 1855 2283
f 483 1281 1080
f 483 1080 2646
f 483 1101 2650
f 483 2650 1281
f 484 2237 488
f 485 2106 956
f 485 1293 1292
f 485 1292 2106
f 486 495 517
f 486 537 516
f 486 517 537
f 487 502 495
f 488 544 903
f 489 931 2465
f 489 2681 931
f 489 2467 1111
f 489 1111 2681
f 489 2465 2467
f 490 1197 689
f 490 689 2463
f 490 2463 2881
f 490 2881 2880
f 491 905 1042
f 491 2334 905
f 491 1756 2324
f 491 2324 2334
f 492 621 623
f 492 1583 621
f 492 623 1082
f 492 1082 2328
f 492 1393 1325
f 492 1325 1583
f 492 2328 1393
f 493 521 2129
f 493 2343 521
f 493 2129 535
f 493 535 2906
f 493 2643 2317
f 493 2906 2643
f 494 1003 526
f 494 526 2739
f 494 2739 1372
f 495 502 517
f 496 1162 814
f 496 1228 1056
f 496 1056 1279
f 496 1279 1162
f 497 995 522
f 498 1454 565
f 498 1705 1454
f 498 2625 1705
f 499 2805 750
f 499 750 2849
f 499 2804 1274
f 499 1274 2805
f 499 2639 2806
f 499 2849 2639
f 499 2806 2804
f 500 1692 505
f 500 1455 1692
f 500 1958 1455
f 500 2761 1958
f 501 503 540
f 501 540 513
f 502 513 517
f 503 512 1143
f 503 1143 540
f 504 556 1669
f 504 2358 556
f 504 1669 2357
f 504 2432 1757
f 504 1757 2448
f 504 2957 2358
f 504 2448 2957
f 505 1692 1877
f 505 1877 2072
f 505 2072 2447
f 505 2447 2909
f 506 764 963
f 506 1504 764
f 506 963 1485
f 506 1485 1486
f 506 1486 1504
f 507 1328 988
f 507 988 1537
f 507 1255 1899
f 507 2134 1255
f 507 1899 1328
f 507 1537 2544
f 507 2544 2134
f 508 1591 511
f 508 511 1993
f 508 745 521
f 508 521 2343
f 508 1993 745
f 508 986 1591
f 508 2903 986
f 508 2343 2903
f 509 685 2427
f 509 2427 755
f 510 2057 859
f 510 1646 1353
f 510 1353 1686
f 510 1370 2057
f 510 2096 1370
f 510 1686 2096
f 511 744 1993
f 511 2145 744
f 511 2588 2145
f 512 695 2035
f 512 2308 1143
f 512 2035 2308
f 513 537 517
f 513 540 537
f 514 2000 524
f 514 524 2731
f 514 541 2021
f 514 2021 2000
f 515 1655 549
f 515 778 890
f 515 890 833
f 515 833 1655
f 516 546 531
f 516 537 546
f 518 1336 2162
f 518 1688 1354
f 518 1354 2311
f 518 2162 1688
f 519 1030 2165
f 519 2542 1030
f 519 1713 1955
f 519 2165 1713
f 519 1955 2035
f 519 2035 2123
f 519 2123 2542
f 520 1129 811
f 520 1051 1129
f 521 745 545
f 521 545 2129
f 523 677 2046
f 523 2514 677
f 523 803 885
f 523 2046 803
f 523 885 2515
f 523 2515 2514
f 524 2000 2340
f 524 2652 2731
f 525 1031 2029
f 525 2956 1031
f 525 1064 1110
f 525 1513 1064
f 525 2029 1513
f 526 1003 538
f 526 2732 2739
f 527 536 2939
f 527 1020 1433
f 527 2939 1020
f 527 1433 2813
f 527 2938 1598
f 527 2813 2938
f 528 574 560
f 528 560 2358
f 528 1266 574
f 528 1296 1107
f 528 1107 2913
f 528 1433 1266
f 528 2957 1296
f 528 2813 1433
f 528 2358 2957
f 528 2913 2813
f 529 761 1412
f 529 1412 2206
f 529 2206 1645
f 530 711 697
f 530 709 705
f 530 705 1265
f 530 1265 711
f 531 546 550
f 531 550 2542
f 531 2542 695
f 532 697 711
f 532 888 697
f 532 711 2537
f 532 1410 888
f 533 534 994
f 533 541 1683
f 533 2021 541
f 533 994 2021
f 533 1683 2772
f 533 2772 2012
f 534 929 994
f 534 2029 929
f 534 1612 2029
f 534 2916 1612
f 535 545 553
f 535 2129 545
f 535 553 2092
f 535 2092 2075
f 535 2075 2908
f 535 2908 2906
f 536 538 775
f 536 2852 538
f 536 775 2939
f 537 540 546
f 538 1003 775
f 538 2852 2850
f 539 2414 1593
f 539 1670 2692
f 539 2692 2414
f 540 1143 546
f 541 1036 1037
f 541 1037 1683
f 542 684 820
f 542 1913 684
f 542 820 736
f 542 736 2701
f 542 2701 877
f 543 1098 2937
f 543 2206 2207
f 543 2937 2206
f 544 2093 903
f 544 1690 1897
f 544 1897 1734
f 544 1734 2093
f 545 548 553
f 545 745 548
f 546 2308 550
f 546 1143 2308
f 547 868 2543
f 547 2695 868
f 547 2543 1043
f 547 1043 2910
f 547 1849 2081
f 547 2910 1849
f 547 2081 2695
f 548 2407 553
f 548 745 2412
f 548 2468 2407
f 548 2412 2468
f 549 1655 1582
f 549 1582 1809
f 550 2308 2928
f 550 2928 2542
f 551 552 556
f 551 562 552
f 551 556 2358
f 551 560 562
f 551 2358 560
f 552 554 561
f 552 562 554
f 552 563 556
f 552 561 563
f 553 2158 2092
f 553 2407 2158
f 554 1094 561
f 554 562 2790
f 554 2790 1094
f 555 2307 1403
f 555 1403 2695
f 555 2001 2307
f 555 2497 2001
f 555 2165 2245
f 555 2833 2165
f 555 2245 2497
f 555 2695 2833
f 556 563 2281
f 556 2281 1669
f 557 2838 1957
f 557 1957 2919
f 557 2411 2032
f 557 2032 2838
f 557 2924 2411
f 557 2919 2920
f 557 2920 2924
f 558 1988 1751
f 558 1751 2034
f 558 1784 1918
f 558 2520 1784
f 558 1918 2831
f 558 2831 1988
f 558 2034 2520
f 559 571 1094
f 559 1652 571
f 559 1094 2790
f 559 2435 1652
f 559 2790 1949
f 559 1949 2940
f 559 2940 2435
f 560 574 562
f 561 575 563
f 561 571 575
f 561 1094 571
f 562 574 576
f 562 576 2790
f 563 575 577
f 563 577 2281
f 564 2498 1620
f 564 1620 2622
f 564 1875 2188
f 564 2911 1875
f 564 2188 2498
f 564 2622 2251
f 564 2251 2933
f 564 2933 2911
f 565 1454 754
f 565 754 1897
f 565 1897 1690
f 565 1690 2945
f 566 1170 1282
f 566 2633 1170
f 566 1809 1964
f 566 1964 2633
f 567 573 578
f 567 2922 573
f 567 578 600
f 567 600 588
f 567 588 2839
f 567 2839 2922
f 568 579 590
f 568 1085 579
f 568 589 583
f 568 583 2434
f 568 593 589
f 568 590 593
f 568 2434 1085
f 569 1800 572
f 569 572 2932
f 569 585 2189
f 569 2932 585
f 569 2189 1800
f 570 587 1807
f 570 2126 587
f 570 1807 1085
f 570 1085 2434
f 570 2539 2126
f 570 2434 2539
f 571 584 575
f 571 1636 584
f 571 1652 1636
f 572 1307 586
f 572 586 2932
f 572 2918 1307
f 572 1800 2918
f 573 592 578
f 573 581 1239
f 573 2922 581
f 573 1239 592
f 574 582 576
f 574 612 582
f 574 1990 612
f 574 1266 1990
f 575 580 577
f 575 584 580
f 576 577 580
f 576 582 577
f 576 580 2790
f 577 582 2281
f 578 592 1385
f 578 1385 600
f 579 602 590
f 579 594 602
f 579 1085 594
f 580 584 1078
f 580 1078 2790
f 581 596 1239
f 581 2929 596
f 581 2922 1648
f 581 1648 2929
f 582 612 2281
f 583 589 2250
f 583 1944 1974
f 583 2638 1944
f 583 1974 2539
f 583 2250 2638
f 583 2539 2434
f 584 1636 1078
f 585 1320 599
f 585 599 1352
f 585 2932 1320
f 585 1352 2189
f 586 615 601
f 586 601 2932
f 586 603 615
f 586 1307 603
f 587 2638 1807
f 587 2126 2231
f 587 2231 2242
f 587 2242 2638
f 588 609 596
f 588 596 2929
f 588 600 609
f 588 2942 2839
f 588 2929 2942
f 589 593 604
f 589 604 597
f 589 597 2250
f 590 613 593
f 590 602 613
f 591 2214 690
f 591 1384 1973
f 591 1973 1746
f 592 605 1385
f 592 1394 605
f 592 1239 616
f 592 616 1394
f 593 1614 604
f 593 613 1614
f 594 597 614
f 594 1807 597
f 594 614 602
f 594 1085 1807
f 595 599 1307
f 595 1352 599
f 595 1307 2918
f 595 1942 1352
f 595 2918 1942
f 596 609 606
f 596 606 1239
f 597 604 610
f 597 610 614
f 597 1807 2250
f 598 1114 1692
f 598 1915 1114
f 598 1692 1455
f 598 1455 1793
f 598 1793 2815
f 598 2815 1915
f 599 608 1307
f 599 1320 608
f 600 1385 605
f 600 605 2740
f 600 2740 609
f 601 1215 611
f 601 611 2932
f 601 615 1215
f 602 2122 613
f 602 614 2122
f 603 1307 608
f 603 608 1407
f 603 1407 615
f 604 1614 610
f 605 607 1380
f 605 1394 607
f 605 1380 2740
f 606 609 1261
f 606 616 1239
f 606 1439 616
f 606 1261 1439
f 607 1394 616
f 607 616 1439
f 607 1624 1380
f 607 1439 1765
f 607 2166 1624
f 607 1765 2166
f 608 1320 611
f 608 611 1414
f 608 1414 1407
f 609 2740 1261
f 610 1608 614
f 610 1923 1608
f 610 1614 1923
f 611 1215 1515
f 611 1320 2932
f 611 1515 1414
f 612 1990 1753
f 612 1753 2462
f 612 1885 2178
f 612 2462 1885
f 612 2178 2282
f 612 2282 2281
f 613 1707 1614
f 613 1887 1707
f 613 2122 1887
f 614 1608 1706
f 614 1706 2122
f 615 1739 1215
f 615 1407 1297
f 615 1297 1739
f 617 1234 1141
f 617 1141 1318
f 617 1515 1215
f 617 1215 1556
f 617 1556 1234
f 617 1318 1414
f 617 1414 1515
f 618 929 1031
f 618 1505 929
f 618 1031 2766
f 618 2766 1695
f 619 1266 1020
f 619 1020 1792
f 619 1227 1391
f 619 1792 1227
f 619 1990 1266
f 619 1391 1653
f 619 1653 1753
f 619 1753 1990
f 620 994 1505
f 620 2048 994
f 620 1505 1779
f 620 1544 2070
f 620 2070 2048
f 621 872 623
f 621 775 872
f 621 2939 775
f 621 1583 1227
f 621 1227 2939
f 622 625 1790
f 622 2070 1544
f 622 1790 1635
f 622 1635 2200
f 622 2200 2070
f 623 624 1082
f 623 1794 624
f 623 872 876
f 623 876 1794
f 624 627 638
f 624 1794 627
f 624 638 631
f 624 631 869
f 624 869 1082
f 625 629 634
f 625 906 629
f 625 634 1790
f 626 630 989
f 626 1659 630
f 626 869 2255
f 626 2328 869
f 626 989 979
f 626 979 2328
f 626 1140 1659
f 626 2255 1140
f 627 651 638
f 627 662 651
f 627 919 662
f 627 876 919
f 627 1794 876
f 628 634 640
f 628 1790 634
f 628 640 645
f 628 645 652
f 628 652 1859
f 628 1063 1790
f 628 2342 1063
f 628 1859 2342
f 629 1588 634
f 629 635 1765
f 629 2053 635
f 629 906 2053
f 629 1553 1588
f 629 1765 1553
f 630 633 989
f 630 1234 633
f 630 639 1141
f 630 1659 639
f 630 1141 1234
f 631 632 869
f 631 1923 632
f 631 638 1706
f 631 1706 1608
f 631 1608 1923
f 632 1923 636
f 632 636 2255
f 632 2255 869
f 633 641 637
f 633 637 2115
f 633 1234 641
f 633 2115 989
f 634 1588 640
f 635 637 643
f 635 2053 637
f 635 643 1765
f 636 642 1140
f 636 1707 642
f 636 1140 2255
f 636 1923 1707
f 637 641 653
f 637 650 643
f 637 661 650
f 637 653 661
f 637 2053 2115
f 638 646 642
f 638 642 1887
f 638 651 646
f 638 2063 1706
f 638 1887 2063
f 639 649 644
f 639 644 1739
f 639 655 649
f 639 1642 655
f 639 1247 1141
f 639 1739 1247
f 639 1659 1642
f 640 643 645
f 640 1624 643
f 640 1588 1624
f 641 644 647
f 641 1556 644
f 641 647 653
f 641 1234 1556
f 642 646 648
f 642 648 1140
f 642 1707 1887
f 643 650 645
f 643 1624 2166
f 643 2166 1765
f 644 649 647
f 644 1556 1739
f 645 650 2618
f 645 2618 652
f 646 2609 648
f 646 651 2882
f 646 2882 2609
f 647 649 2523
f 647 2742 653
f 647 2523 2742
f 648 654 936
f 648 2609 654
f 648 936 1140
f 649 655 2523
f 650 661 656
f 650 656 2900
f 650 2900 2618
f 651 662 660
f 651 660 2247
f 651 2247 1726
f 651 1726 2882
f 652 657 1859
f 652 2618 657
f 653 659 663
f 653 2748 659
f 653 663 661
f 653 2742 2748
f 654 2091 660
f 654 660 2568
f 654 2568 936
f 654 2139 2091
f 654 2609 2139
f 655 659 1305
f 655 2045 659
f 655 1642 936
f 655 936 2045
f 655 1305 2887
f 655 2887 2523
f 656 1069 658
f 656 658 2260
f 656 661 2744
f 656 2744 1069
f 656 2260 2900
f 657 658 664
f 657 1023 658
f 657 664 1859
f 657 934 1023
f 657 2618 934
f 658 1069 664
f 658 1023 2260
f 659 2045 663
f 659 2748 1305
f 660 662 1335
f 660 1335 2568
f 660 2091 2247
f 661 663 2744
f 662 919 1820
f 662 1371 1335
f 662 1820 1371
f 663 1640 1687
f 663 2054 1640
f 663 1687 2744
f 663 2045 2054
f 664 1069 1463
f 664 1463 1961
f 664 1961 1859
f 665 942 1996
f 665 2174 942
f 665 1996 2708
f 665 2095 2174
f 665 2177 2095
f 665 2708 2177
f 666 2383 801
f 666 801 2386
f 666 2382 1213
f 666 1213 2383
f 666 2386 2382
f 667 1066 1891
f 667 1891 2707
f 668 2845 884
f 668 1637 2845
f 669 732 1631
f 669 2079 732
f 669 1018 1796
f 669 2809 1018
f 669 1808 1321
f 669 1321 2809
f 669 1631 1808
f 669 1796 2079
f 670 933 713
f 670 713 1263
f 670 831 1361
f 670 1718 831
f 670 1263 881
f 670 881 1718
f 670 1216 933
f 670 1361 1216
f 671 693 680
f 671 680 2385
f 671 2388 693
f 671 2385 2296
f 671 2296 2388
f 672 2363 696
f 672 696 2367
f 672 701 939
f 672 939 2363
f 672 2367 2020
f 673 1032 1333
f 674 1293 806
f 674 1244 1292
f 674 2683 1244
f 674 1292 1293
f 674 1362 2683
f 675 696 1237
f 675 2367 696
f 675 1237 2364
f 675 2364 2365
f 676 1169 1246
f 676 1872 1169
f 677 1351 2046
f 677 2689 1351
f 677 2514 2689
f 678 2471 2473
f 679 913 2645
f 679 2645 2554
f 680 693 741
f 680 741 2854
f 680 2384 2385
f 680 2854 2384
f 681 738 1079
f 681 1139 738
f 681 1079 1053
f 681 1053 2113
f 681 2794 1139
f 681 2113 1314
f 681 1314 2794
f 682 824 849
f 682 1617 824
f 683 793 779
f 684 2837 820
f 684 2674 1120
f 684 1120 2837
f 684 1913 2674
f 686 879 1158
f 686 1158 1346
f 687 1562 1967
f 687 2396 1562
f 687 1967 2931
f 687 2085 2394
f 687 2931 2085
f 687 2394 2396
f 688 2506 2847
f 689 767 2465
f 689 2466 767
f 689 1197 2466
f 689 2465 2463
f 690 2214 2626
f 691 760 2437
f 691 2438 760
f 691 1071 2438
f 691 2820 1071
f 691 1223 2820
f 691 2821 1223
f 691 2437 1357
f 691 1357 2821
f 692 769 1471
f 692 911 1238
f 692 1471 1001
f 693 1316 741
f 693 1672 1316
f 693 2388 1672
f 694 952 2375
f 694 2373 1465
f 694 1465 2374
f 694 2375 2373
f 695 2123 2035
f 695 2542 2123
f 696 2363 1237
f 697 888 2337
f 697 1708 970
f 697 2337 1708
f 698 829 944
f 698 2551 829
f 698 944 2553
f 698 1276 2551
f 698 2553 1276
f 699 781 701
f 700 791 1594
f 700 2946 791
f 700 2880 808
f 700 808 2946
f 700 1594 2844
f 700 2844 2880
f 701 781 1163
f 701 1163 939
f 702 2490 1959
f 703 783 739
f 703 739 835
f 703 767 783
f 703 2467 767
f 703 835 2682
f 703 2682 2467
f 704 1358 897
f 704 897 1759
f 704 2271 1358
f 704 1759 2559
f 704 2559 2262
f 704 2262 2694
f 704 2694 2271
f 705 709 2500
f 705 1302 1265
f 705 2536 1302
f 706 1294 1290
f 706 2671 1294
f 707 1418 1628
f 707 2718 1418
f 707 2198 2773
f 707 2773 2718
f 708 756 2518
f 708 2518 1432
f 709 2338 1442
f 709 1442 2500
f 710 964 848
f 710 848 990
f 710 990 2721
f 711 1265 985
f 711 985 2537
f 712 1405 860
f 712 860 1806
f 712 2808 898
f 712 1132 1405
f 712 1806 2808
f 713 933 1006
f 713 1230 1263
f 714 2033 835
f 714 2935 2033
f 715 766 737
f 715 737 862
f 715 807 766
f 715 862 2471
f 716 882 927
f 716 975 882
f 716 927 2553
f 716 1200 975
f 716 1823 1200
f 716 2553 1823
f 717 1244 1061
f 717 1061 1294
f 717 1292 1244
f 717 1802 1292
f 717 1294 2332
f 717 2332 1802
f 718 1154 901
f 718 901 2837
f 718 2837 1120
f 718 2449 1154
f 718 2127 2449
f 719 997 777
f 719 777 2937
f 719 2428 997
f 719 2937 1098
f 720 1678 1176
f 720 1176 1679
f 720 1785 1678
f 720 1679 1997
f 720 1945 1785
f 721 841 857
f 721 1865 841
f 721 857 945
f 721 945 1795
f 721 1059 1202
f 721 1795 1059
f 721 1202 1865
f 722 1493 728
f 722 728 1680
f 722 1392 2068
f 722 2684 1392
f 722 2068 1493
f 722 1680 2684
f 723 762 2381
f 723 2681 762
f 723 931 2681
f 723 1065 1287
f 723 2381 1065
f 724 1331 2806
f 725 752 2490
f 725 1581 2025
f 725 2365 1581
f 725 1900 2365
f 726 2569 773
f 726 1206 1049
f 726 1049 2571
f 726 2571 2569
f 727 765 856
f 727 856 2647
f 728 2664 772
f 728 1493 883
f 728 883 2664
f 728 884 1680
f 729 731 1495
f 729 1720 731
f 729 1495 2094
f 729 2042 1720
f 729 2094 1984
f 729 1984 2504
f 729 2504 2042
f 730 1423 2310
f 730 2606 1423
f 730 1874 2606
f 730 2786 1874
f 730 2310 2786
f 731 1453 1495
f 731 2607 1453
f 731 1720 2607
f 732 2349 1211
f 732 1211 2810
f 732 2812 1631
f 732 2079 2349
f 732 2810 2812
f 733 2572 1848
f 733 1848 2724
f 733 2724 1920
f 733 2573 2572
f 735 1088 959
f 735 1330 1088
f 735 1323 1330
f 735 1835 1323
f 736 820 784
f 736 1458 2701
f 736 2705 1458
f 737 766 1571
f 737 802 862
f 737 1571 802
f 738 1139 1364
f 739 783 782
f 740 2118 1673
f 740 1673 2507
f 741 981 1590
f 741 2390 981
f 741 1316 2390
f 741 1590 1805
f 741 1805 2854
f 742 1014 1743
f 742 1257 1107
f 742 1743 1257
f 743 1978 1378
f 744 745 1993
f 744 2412 745
f 746 2440 747
f 746 747 2694
f 746 2262 1696
f 746 1696 2440
f 746 2694 2262
f 747 1081 1129
f 747 1365 1081
f 747 1129 2694
f 747 2440 1365
f 748 1155 1845
f 748 2050 1155
f 748 1845 1970
f 748 1970 2526
f 748 2526 2050
f 749 828 771
f 749 771 2376
f 749 1017 1632
f 749 2376 1017
f 750 1829 1015
f 750 2805 1829
f 750 2640 2849
f 751 1076 1196
f 751 1196 2151
f 751 2151 1755
f 752 1896 1051
f 752 1051 1959
f 752 1959 2490
f 753 1425 839
f 753 839 1986
f 753 1579 1035
f 753 1253 1425
f 753 1986 1579
f 754 1454 1574
f 754 1574 1567
f 754 1567 1734
f 754 1734 1897
f 755 870 1542
f 755 2426 870
f 755 2424 2426
f 755 2427 2424
f 756 909 2456
f 756 1146 1201
f 756 1201 2518
f 757 1889 875
f 757 875 2083
f 757 2303 1889
f 757 2083 2944
f 757 2133 2303
f 757 2944 2133
f 758 1230 1382
f 758 2793 1230
f 758 1382 2791
f 758 2024 2212
f 758 2791 2024
f 758 2212 2793
f 759 2163 1118
f 759 1118 2476
f 759 1846 1468
f 759 1468 2163
f 759 2474 1846
f 759 2196 2474
f 759 2476 2196
f 760 2210 1054
f 760 1054 2436
f 760 1507 2210
f 760 2438 1507
f 761 1269 1431
f 761 2437 1412
f 761 1431 2437
f 762 2770 2381
f 762 2681 2770
f 763 1856 1543
f 763 1543 2802
f 763 2347 1856
f 764 1504 941
f 764 1533 963
f 765 1127 856
f 765 1068 961
f 765 961 1127
f 766 807 1248
f 766 1258 1096
f 766 1096 1571
f 766 1248 1666
f 766 2472 1258
f 766 1666 2472
f 767 2902 783
f 767 2467 2465
f 767 2466 2902
f 768 2596 877
f 768 877 2700
f 768 2595 2596
f 768 2700 2702
f 769 813 1471
f 770 1139 2794
f 770 1570 1323
f 770 1323 2752
f 770 2795 1570
f 770 2794 2795
f 771 828 1657
f 771 1657 1072
f 771 1072 1782
f 771 1782 1611
f 771 1611 2376
f 772 790 836
f 772 2664 790
f 773 2569 2835
f 774 816 834
f 774 1133 816
f 774 847 2279
f 774 1797 1133
f 774 2279 1797
f 775 1003 872
f 776 2039 1604
f 776 1606 2040
f 776 2040 2039
f 777 997 1980
f 777 2733 1645
f 777 1645 2937
f 777 1980 1981
f 778 1446 890
f 778 2501 1446
f 778 1618 2501
f 779 793 972
f 779 2276 1087
f 780 983 2560
f 780 2745 983
f 780 2043 1226
f 780 1226 2651
f 780 2560 2043
f 780 2651 2745
f 781 2359 1163
f 782 783 946
f 782 946 1506
f 783 2902 946
f 784 820 968
f 784 968 901
f 784 901 978
f 784 978 1492
f 785 880 846
f 785 846 1568
f 785 1442 2499
f 785 2500 1442
f 785 1568 2375
f 785 2375 2500
f 786 791 787
f 786 787 985
f 786 1594 791
f 786 985 2538
f 786 2538 1594
f 787 791 1178
f 787 2535 985
f 787 1178 2535
f 788 1598 957
f 788 957 2306
f 788 2306 2454
f 788 2454 2722
f 788 2722 2721
f 789 1037 1036
f 789 1036 1518
f 789 1203 1037
f 789 1056 1203
f 789 1518 1056
f 790 2662 1241
f 790 2664 2662
f 791 2946 1178
f 792 1113 844
f 792 844 2210
f 792 845 863
f 792 2205 845
f 792 863 1113
f 792 1507 2205
f 792 2210 1507
f 793 1597 972
f 794 1453 850
f 794 850 1874
f 794 1377 2094
f 794 2786 1377
f 794 1495 1453
f 794 2094 1495
f 794 1874 2786
f 795 1221 797
f 795 797 1548
f 795 798 1221
f 795 1982 798
f 795 1548 2078
f 795 2078 1982
f 796 797 1167
f 796 2019 797
f 796 1167 799
f 796 1762 2019
f 797 1145 1181
f 797 1221 1145
f 797 1479 1167
f 797 1181 1479
f 797 2019 1548
f 798 799 1280
f 798 1280 1221
f 799 1167 1341
f 799 1341 1280
f 800 1295 1289
f 800 1290 1295
f 801 1065 1672
f 801 2383 1065
f 801 1672 2386
f 802 861 860
f 802 860 1558
f 802 1095 861
f 802 1558 862
f 802 1571 1095
f 803 2046 1404
f 804 903 899
f 805 2764 1278
f 805 1278 2816
f 805 2283 1408
f 805 1408 2765
f 805 1839 2283
f 805 2816 1839
f 805 2765 2764
f 806 1293 1291
f 807 2469 1248
f 807 2691 2469
f 808 2880 2881
f 809 1301 863
f 809 1298 932
f 809 932 1718
f 809 1718 1301
f 810 1606 1610
f 810 2040 1606
f 810 1609 2040
f 810 2856 1609
f 810 1610 2276
f 810 2276 2856
f 811 1129 1081
f 812 1271 837
f 813 1456 2415
f 813 2415 1477
f 814 1162 2772
f 814 2773 1685
f 814 2772 2773
f 815 2319 1224
f 817 1208 1250
f 817 1252 1208
f 817 2639 1252
f 817 1559 2639
f 818 1029 878
f 819 1304 1901
f 819 2506 1694
f 819 1901 2847
f 819 2847 2506
f 820 2837 968
f 821 980 1174
f 821 1413 980
f 821 1041 1413
f 821 1472 1041
f 821 1174 2645
f 821 2645 1472
f 822 2059 873
f 822 873 2590
f 822 922 1319
f 822 1500 922
f 822 2590 1500
f 822 1717 2059
f 823 857 841
f 823 841 1585
f 823 900 1508
f 823 1585 900
f 824 1522 849
f 824 1811 1522
f 824 1617 2785
f 824 2785 1811
f 825 828 827
f 825 827 1299
f 825 2875 828
f 825 1741 1374
f 825 1374 2875
f 826 870 2426
f 826 2426 958
f 827 830 2953
f 827 2874 1299
f 827 2953 2874
f 828 2875 1657
f 829 1810 944
f 829 1041 2548
f 829 2550 1041
f 829 1383 1810
f 829 2548 1383
f 829 2551 2550
f 830 846 880
f 830 1568 846
f 830 880 1000
f 830 1000 1267
f 830 1267 2953
f 830 1632 1568
f 831 1718 932
f 832 1800 2441
f 832 2918 1800
f 832 1942 2918
f 832 2944 1942
f 832 2441 2133
f 832 2133 2944
f 833 890 1388
f 833 1388 1700
f 833 2840 1655
f 833 1700 2840
f 835 2033 2682
f 837 1271 2011
f 838 839 1596
f 838 1986 839
f 838 843 1210
f 838 1481 843
f 838 1210 1986
f 838 2105 1481
f 838 1596 1730
f 838 1730 2105
f 839 1425 1401
f 839 1401 1596
f 840 1797 871
f 840 871 2138
f 840 1795 999
f 840 999 1797
f 840 1052 1550
f 840 2138 1052
f 840 1550 1795
f 841 1681 1585
f 841 1599 1681
f 841 1865 1599
f 843 1679 1210
f 843 1997 1679
f 844 1113 1124
f 844 1124 1719
f 844 1719 1619
f 844 1619 2210
f 845 2205 2936
f 848 991 990
f 848 1871 991
f 848 1474 1871
f 849 852 992
f 849 2337 852
f 849 1522 1708
f 849 1708 2337
f 850 1453 2487
f 850 2606 1874
f 850 2487 2485
f 850 2485 2606
f 851 1395 2313
f 851 2648 1395
f 851 1702 2546
f 851 2649 1702
f 851 2313 2649
f 851 2546 2648
f 852 2337 888
f 852 1826 992
f 853 1222 2314
f 853 2315 1222
f 853 2314 1946
f 853 1946 2650
f 853 2650 2315
f 855 1467 2041
f 855 2678 1939
f 855 2041 2679
f 855 2679 2678
f 856 1732 2647
f 858 908 866
f 858 1804 908
f 858 1166 1540
f 858 1540 1804
f 859 919 1530
f 859 1820 919
f 859 1371 1820
f 859 2057 1371
f 860 1405 1558
f 861 1095 1968
f 861 1968 1399
f 863 1124 1113
f 863 1301 1124
f 864 1192 920
f 864 920 1476
f 864 2031 1192
f 864 1476 1543
f 865 1583 1325
f 865 1653 1583
f 865 1595 1698
f 865 2462 1653
f 865 1698 2462
f 866 908 2684
f 866 2684 1362
f 867 1173 1881
f 867 2144 1212
f 867 1881 2144
f 868 1403 2307
f 868 2695 1403
f 868 2307 2120
f 868 2120 2622
f 868 2622 2543
f 869 2328 1082
f 870 1615 1542
f 871 1797 1436
f 871 1436 2138
f 872 1003 876
f 873 2059 1108
f 873 1108 2472
f 873 2472 1488
f 873 1488 2590
f 874 1534 2090
f 874 2876 1534
f 874 2090 1811
f 874 1811 2785
f 874 2785 2878
f 874 2878 2876
f 875 1300 2520
f 875 2951 1300
f 875 1889 2951
f 875 2034 2083
f 875 2520 2034
f 876 1530 919
f 877 2701 2700
f 878 1029 1788
f 878 1788 1630
f 879 1159 1158
f 880 1761 1000
f 881 1263 2793
f 881 2793 1718
f 882 975 1853
f 883 951 2664
f 883 1077 1062
f 883 1493 1077
f 884 2846 1680
f 884 2845 2846
f 885 1662 1034
f 885 1034 2515
f 886 1537 988
f 886 1866 1537
f 886 1774 1866
f 887 944 2549
f 887 2557 944
f 887 2549 949
f 887 949 2556
f 887 2556 2557
f 889 1038 1005
f 889 2792 1038
f 889 1375 2792
f 890 1446 2503
f 891 967 1749
f 891 2853 1627
f 891 1749 2853
f 892 1984 2094
f 892 2148 1984
f 892 2094 2789
f 892 2418 2148
f 892 2789 2418
f 893 1354 1688
f 893 2736 1354
f 893 1961 1463
f 893 1463 2736
f 893 1688 2162
f 893 2342 1961
f 893 2162 2342
f 894 1026 913
f 894 1472 1026
f 894 2239 1472
f 894 1822 2239
f 895 1836 1705
f 895 1705 2625
f 895 1847 1836
f 895 2626 1847
f 895 2625 2626
f 896 1195 1665
f 896 2942 1195
f 896 1665 2930
f 896 2111 1733
f 896 1733 2942
f 896 2930 2111
f 897 1634 962
f 897 962 1759
f 897 1213 1434
f 897 2269 1213
f 897 1358 2269
f 897 1434 1634
f 898 2264 1389
f 898 2808 2264
f 899 903 2093
f 899 1734 1567
f 899 1567 2685
f 899 2093 1734
f 901 968 2837
f 901 1154 978
f 902 1289 1295
f 902 2112 1289
f 902 1295 2683
f 902 2044 2112
f 902 2683 2044
f 904 1314 1643
f 904 2049 1314
f 904 1643 2433
f 904 2544 2049
f 904 2134 2544
f 905 2333 1042
f 905 2334 1760
f 906 2115 2053
f 907 1772 2089
f 907 2089 2521
f 908 1804 1392
f 908 1392 2684
f 909 1209 2456
f 910 1198 912
f 910 912 2378
f 910 2371 1198
f 910 1769 1910
f 910 2378 1769
f 910 1910 2371
f 912 1198 1119
f 912 1315 2379
f 912 2110 2378
f 912 2379 2110
f 913 1026 2645
f 914 1476 920
f 914 920 2204
f 914 1754 1783
f 914 2204 1754
f 915 2215 1345
f 915 1894 1736
f 915 2377 1894
f 915 2080 2215
f 916 1623 1770
f 916 2386 1623
f 916 2382 2386
f 917 2769 2836
f 918 1910 1769
f 918 2624 1910
f 918 2204 2243
f 918 2243 2624
f 920 1192 2243
f 920 2243 2204
f 923 2068 926
f 923 1077 2068
f 924 1028 2714
f 924 2872 1028
f 924 1621 2666
f 924 2714 1621
f 924 2666 2510
f 924 2510 2872
f 925 1426 1137
f 925 1224 2319
f 925 1363 1523
f 925 1523 1426
f 926 2068 1350
f 927 1276 2553
f 928 2478 2481
f 928 2620 2478
f 928 2481 2479
f 928 2479 2892
f 928 2892 2620
f 929 1505 994
f 929 2029 1031
f 931 2464 2465
f 934 935 2077
f 934 2124 935
f 934 1025 1023
f 934 2483 1025
f 934 2077 2483
f 934 2618 2124
f 935 2697 2077
f 935 2124 2896
f 935 2893 2697
f 935 2895 2893
f 935 2896 2895
f 936 1642 1140
f 936 2568 2045
f 937 1328 1149
f 938 2459 1587
f 938 2458 2459
f 938 2755 2458
f 939 1163 2359
f 939 2359 2363
f 940 1002 1160
f 940 2325 1002
f 940 1160 2321
f 940 2321 1233
f 940 1233 2325
f 942 1329 1967
f 942 2174 1329
f 942 1967 1971
f 942 1971 2101
f 942 2101 1996
f 943 1904 2640
f 944 1810 2549
f 944 2557 2553
f 945 1133 1795
f 946 2594 1506
f 946 2902 2594
f 947 1501 1131
f 947 1131 1828
f 947 1386 2751
f 947 2751 1501
f 947 1828 1763
f 948 2936 2205
f 949 2549 2547
f 949 2547 2556
f 950 1033 1517
f 950 1931 1033
f 951 1882 1117
f 951 1117 2662
f 951 2662 2664
f 953 2519 1547
f 953 1584 2517
f 953 2517 2519
f 954 980 1121
f 954 1262 980
f 954 1121 1084
f 954 1084 2096
f 954 2096 1262
f 955 2385 1256
f 955 1506 2389
f 955 2389 2385
f 956 2331 1767
f 956 2330 1850
f 956 1850 2331
f 956 2106 2330
f 957 1598 2905
f 958 2423 2425
f 958 2426 2423
f 959 1514 1039
f 959 1088 2737
f 959 2737 1514
f 960 2010 2563
f 960 2160 2167
f 960 2261 2160
f 960 2563 2261
f 961 1554 1127
f 962 1189 2559
f 962 2559 1759
f 963 2275 1440
f 963 1533 2275
f 964 1466 1228
f 965 1231 2614
f 965 2616 1231
f 965 1738 2252
f 965 2614 1738
f 966 1350 1804
f 966 1804 1540
f 967 1496 1606
f 967 1607 1496
f 969 1535 2516
f 969 2516 1994
f 970 1708 2339
f 970 1744 2338
f 970 2339 1744
f 971 2142 2368
f 971 2527 2142
f 971 2368 2420
f 971 2420 2418
f 971 2418 2789
f 971 2419 2527
f 971 2789 2419
f 972 2185 1159
f 972 1597 2185
f 974 1161 1099
f 974 1099 2069
f 974 1148 1564
f 974 2069 1148
f 974 1286 1161
f 974 2725 1286
f 974 1564 1448
f 974 1448 2725
f 975 1518 1853
f 976 2440 1044
f 976 1400 1271
f 976 1271 2014
f 976 2014 2440
f 977 1398 1255
f 977 1255 2134
f 977 1447 1398
f 977 1563 1447
f 978 1154 1747
f 978 2783 1492
f 978 1747 2783
f 979 989 2726
f 979 1393 2328
f 979 2329 1393
f 979 2726 2329
f 980 2550 1121
f 980 1262 1174
f 980 1413 2550
f 981 2855 1590
f 981 2390 2855
f 982 1845 1415
f 982 1415 2181
f 982 1970 1845
f 982 1914 1908
f 982 1908 2768
f 982 2181 1914
f 982 2768 1970
f 983 2089 1312
f 983 1312 2560
f 983 2746 2089
f 983 2745 2746
f 985 1265 2538
f 985 2535 2537
f 987 1087 2276
f 987 1496 1607
f 987 1610 1496
f 987 2276 1610
f 989 2115 2726
f 991 1871 1862
f 991 1862 2852
f 993 1929 1178
f 993 1178 2947
f 993 2947 2877
f 994 2048 2021
f 996 1854 1456
f 996 1490 1509
f 996 1587 1490
f 996 1509 1854
f 997 1349 1980
f 997 2428 1349
f 999 1795 1133
f 999 1133 1797
f 1000 2873 1267
f 1000 1761 2873
f 1002 1477 1057
f 1004 1747 1154
f 1004 1154 2449
f 1004 2036 1516
f 1004 2449 2036
f 1007 1395 1946
f 1007 1983 1395
f 1007 1933 1983
f 1007 2314 1933
f 1007 1946 2314
f 1008 2454 1058
f 1008 1058 2699
f 1008 2722 2454
f 1008 2699 2719
f 1008 2719 2722
f 1009 1841 1378
f 1009 1378 1978
f 1009 2779 1841
f 1009 1863 2779
f 1009 2909 1863
f 1009 1978 2909
f 1010 1080 1822
f 1010 2647 1080
f 1011 1729 1177
f 1011 1177 2103
f 1011 1425 1253
f 1011 1253 1729
f 1011 2023 1425
f 1011 2103 2023
f 1012 1344 1450
f 1012 1450 2753
f 1013 1599 1605
f 1013 1681 1599
f 1013 1605 1951
f 1013 1951 1917
f 1014 2570 1671
f 1014 1671 2914
f 1014 2914 1743
f 1015 1551 1131
f 1016 1071 1138
f 1016 2438 1071
f 1016 2268 1507
f 1016 1507 2438
f 1017 1024 1876
f 1017 2376 1024
f 1017 1347 1660
f 1017 1876 1347
f 1017 1660 1632
f 1018 2828 1796
f 1019 2524 1880
f 1019 1880 2741
f 1019 2136 1895
f 1019 1895 2775
f 1019 2741 2136
f 1019 2775 2524
f 1020 1266 1433
f 1020 2939 1792
f 1021 1519 2506
f 1022 1060 1116
f 1022 1697 1060
f 1022 1116 2178
f 1022 1698 1664
f 1022 1664 2816
f 1022 2816 1697
f 1022 1885 1698
f 1022 2178 1885
f 1023 1025 2668
f 1023 2668 2260
f 1024 1870 1876
f 1024 2376 1870
f 1025 2483 2717
f 1025 2717 2668
f 1026 1472 2645
f 1027 1447 1735
f 1028 2273 2871
f 1028 2872 2273
f 1028 2871 2714
f 1029 1126 1788
f 1030 2245 2165
f 1030 2497 2245
f 1030 2928 2497
f 1030 2542 2928
f 1031 2141 1667
f 1031 1667 2766
f 1031 2956 2141
f 1032 2316 1333
f 1032 1517 2082
f 1032 2082 1952
f 1032 1952 2316
f 1033 1934 1517
f 1033 1786 1934
f 1033 1938 1786
f 1033 1931 1938
f 1034 1074 1053
f 1034 1053 2515
f 1034 1662 1074
f 1036 1853 1518
f 1037 1203 1418
f 1037 1418 2718
f 1037 2718 1683
f 1039 1100 1229
f 1039 1514 1100
f 1039 1229 1780
f 1040 1043 2543
f 1040 2933 1043
f 1040 1824 2318
f 1040 2543 1824
f 1040 2431 2073
f 1040 2073 2911
f 1040 2318 2431
f 1040 2911 2933
f 1041 2550 1413
f 1041 1472 2548
f 1043 2933 2910
f 1044 2002 2439
f 1044 2440 2002
f 1044 2439 2018
f 1047 1849 1689
f 1047 1689 1953
f 1047 1953 1713
f 1047 1713 2833
f 1047 2081 1849
f 1047 2695 2081
f 1047 2833 2695
f 1048 2889 1752
f 1048 1880 2524
f 1048 2890 1880
f 1048 2524 2889
f 1049 1206 2570
f 1050 1421 1219
f 1050 1219 2451
f 1050 2885 1421
f 1050 2451 2442
f 1050 2442 2883
f 1050 2883 2885
f 1052 1134 1550
f 1053 1074 2433
f 1053 1079 2515
f 1053 2433 2113
f 1054 1619 1416
f 1054 1416 2436
f 1054 2210 1619
f 1056 1228 1203
f 1057 2416 1205
f 1057 1477 2415
f 1057 2415 2416
f 1058 2455 1356
f 1058 1356 2699
f 1058 2454 2455
f 1059 1550 1202
f 1059 1795 1550
f 1060 1569 1348
f 1060 1697 1569
f 1061 1244 1295
f 1061 1290 1294
f 1061 1295 1290
f 1063 1355 2341
f 1063 2342 1355
f 1063 1635 1790
f 1063 2341 1635
f 1064 2915 1110
f 1064 1513 1586
f 1064 1586 2915
f 1065 2383 1287
f 1065 2381 1672
f 1066 2836 1891
f 1067 1590 2855
f 1067 2935 1590
f 1067 1943 2682
f 1067 2855 1943
f 1067 2682 2033
f 1067 2033 2935
f 1069 2736 1463
f 1069 2744 2736
f 1071 2820 1138
f 1072 1657 1789
f 1073 1196 1199
f 1073 2151 1196
f 1073 1199 1473
f 1073 1473 2080
f 1073 2080 1857
f 1074 1662 1563
f 1074 1563 2433
f 1075 1801 1147
f 1075 1147 2043
f 1075 2531 1801
f 1075 2043 2532
f 1075 2534 2531
f 1075 2532 2534
f 1077 1493 2068
f 1078 1636 2229
f 1078 2229 1949
f 1078 1949 2790
f 1079 2514 2515
f 1079 2605 2514
f 1080 1281 2239
f 1080 2239 1822
f 1080 2647 2646
f 1083 2038 1272
f 1083 1272 2685
f 1083 1567 1512
f 1083 1512 2038
f 1083 2685 1567
f 1084 1121 1122
f 1084 1122 2051
f 1084 2051 2096
f 1086 1333 2316
f 1086 2646 1732
f 1086 2316 2646
f 1088 1093 2737
f 1088 2857 1093
f 1088 1330 2857
f 1089 2270 1313
f 1089 1313 2558
f 1089 2269 2270
f 1089 2488 2269
f 1089 2558 2488
f 1090 1818 2018
f 1090 2018 2439
f 1091 1829 2805
f 1092 1176 1678
f 1092 1678 1931
f 1093 1701 2737
f 1093 2857 1701
f 1095 1691 1470
f 1095 1470 2037
f 1095 1571 1691
f 1095 2827 1968
f 1095 2037 2827
f 1096 1258 1108
f 1096 1108 2059
f 1096 1277 2052
f 1096 2059 1277
f 1096 1691 1571
f 1096 2052 1691
f 1097 1128 2119
f 1097 2288 1128
f 1097 1484 1962
f 1097 2119 1484
f 1097 1649 2288
f 1099 1161 2901
f 1099 1524 1948
f 1099 2901 1524
f 1100 1514 1275
f 1101 2315 2650
f 1102 2079 1796
f 1102 1796 2829
f 1102 1917 1951
f 1102 2830 1917
f 1102 1951 2349
f 1102 2349 2079
f 1102 2829 2830
f 1103 1998 2449
f 1103 2779 1998
f 1103 2104 2450
f 1103 2449 2127
f 1103 2450 2779
f 1104 1814 1534
f 1104 1534 2876
f 1104 1629 1814
f 1104 2876 2879
f 1105 2641 1182
f 1105 1182 2871
f 1105 1703 2641
f 1105 2677 1703
f 1105 2274 2088
f 1105 2088 2677
f 1105 2161 2274
f 1105 2871 2161
f 1106 2877 2784
f 1107 1257 2913
f 1108 1258 2472
f 1109 1677 1469
f 1109 1469 1710
f 1109 2214 1677
f 1109 1710 1956
f 1109 1956 1847
f 1109 1847 2214
f 1110 2915 1206
f 1111 1943 1602
f 1111 1602 2770
f 1111 2682 1943
f 1111 2467 2682
f 1111 2770 2681
f 1112 1364 1165
f 1112 1165 1828
f 1112 2800 2605
f 1114 1667 1877
f 1114 2766 1667
f 1114 1877 1692
f 1114 2764 1830
f 1114 1830 2766
f 1114 1915 2764
f 1115 2757 2291
f 1115 2291 2866
f 1115 2567 2757
f 1115 2866 2567
f 1116 1746 2814
f 1116 2814 2178
f 1117 1882 1668
f 1117 1668 2672
f 1117 1709 2662
f 1117 2672 1709
f 1118 2221 2476
f 1120 2674 1379
f 1121 1123 1122
f 1121 1326 1123
f 1121 2550 1326
f 1122 1123 1661
f 1122 1661 1640
f 1122 1640 2066
f 1122 2066 2051
f 1123 1326 2311
f 1123 2803 1661
f 1123 2311 2803
f 1124 1301 1225
f 1124 1225 1719
f 1125 1204 2015
f 1125 2236 1204
f 1125 2015 2815
f 1125 2218 2226
f 1125 2815 2218
f 1125 2226 2236
f 1128 2288 1878
f 1129 2271 2694
f 1130 2022 1288
f 1130 1288 2421
f 1131 1551 1217
f 1131 1217 1716
f 1131 1716 1828
f 1134 1481 1550
f 1136 2830 2829
f 1137 1426 1803
f 1137 1803 2952
f 1137 2169 2576
f 1137 2952 2169
f 1138 2820 2761
f 1140 1642 1659
f 1141 1247 1297
f 1141 1297 1318
f 1142 1311 1285
f 1142 1285 1744
f 1142 1629 1311
f 1142 2006 1629
f 1142 1744 1831
f 1142 1831 2006
f 1144 2615 2060
f 1144 2060 2617
f 1144 2604 2615
f 1144 2873 2604
f 1144 2617 2873
f 1145 1834 1181
f 1145 1221 1280
f 1145 1309 1243
f 1145 1243 1834
f 1145 1280 1538
f 1145 1538 1309
f 1146 1272 1388
f 1146 2685 1272
f 1147 2086 2043
f 1148 1694 1564
f 1149 1328 1397
f 1149 1873 1387
f 1149 1397 1873
f 1150 1972 1601
f 1150 1601 2408
f 1150 2743 1972
f 1150 2410 2117
f 1150 2117 2743
f 1150 2408 2410
f 1151 1973 1384
f 1151 1384 2357
f 1151 1669 2282
f 1151 2357 1669
f 1151 2814 1973
f 1151 2282 2814
f 1152 1712 1171
f 1152 1171 1781
f 1152 2810 1712
f 1152 1781 2812
f 1152 2812 2810
f 1153 1419 1324
f 1153 1324 1960
f 1153 2628 1419
f 1153 2232 1852
f 1153 1852 2628
f 1153 1960 2219
f 1153 2219 2232
f 1155 1415 1845
f 1155 2050 2611
f 1155 2611 2076
f 1156 1315 1976
f 1156 2782 1315
f 1157 2362 2011
f 1157 2361 2360
f 1157 2360 2362
f 1159 2185 2146
f 1161 1451 2901
f 1162 2012 2772
f 1164 1171 1712
f 1165 1763 1828
f 1167 1529 1341
f 1167 1479 1529
f 1169 1881 1173
f 1169 1872 1979
f 1169 1879 1881
f 1169 1979 1879
f 1170 2693 1282
f 1170 2630 2628
f 1170 2628 2693
f 1170 2633 2630
f 1171 2264 1781
f 1172 2392 1339
f 1172 1339 2533
f 1172 2532 2392
f 1172 2530 2532
f 1172 2533 2530
f 1174 1262 2554
f 1174 2554 2645
f 1175 1401 1545
f 1175 1596 1401
f 1175 1545 1951
f 1175 1599 1596
f 1175 1605 1599
f 1175 1951 1605
f 1176 1541 1679
f 1177 1712 2575
f 1177 1729 1715
f 1177 2575 2103
f 1178 1929 2535
f 1178 2946 2947
f 1179 1334 1721
f 1179 2548 1334
f 1179 1721 2644
f 1179 2546 2548
f 1179 2644 2546
f 1180 1665 2184
f 1180 2930 1665
f 1180 2184 2642
f 1180 2642 2397
f 1180 2397 2930
f 1181 1529 1479
f 1181 1834 1529
f 1182 2641 2712
f 1182 2712 2871
f 1183 1971 1184
f 1183 1184 2708
f 1183 1188 1971
f 1183 2393 1188
f 1183 2708 2393
f 1184 1967 1562
f 1184 1562 2177
f 1184 1971 1967
f 1184 2177 2708
f 1185 1560 2075
f 1185 2258 1560
f 1185 2030 2258
f 1185 2763 2030
f 1185 2075 2092
f 1185 2092 2763
f 1186 1883 2397
f 1186 2411 1883
f 1186 2032 2411
f 1186 2931 2032
f 1186 2394 2085
f 1186 2085 2931
f 1186 2823 2394
f 1186 2397 2823
f 1187 2345 2848
f 1188 1601 1972
f 1188 2393 1601
f 1188 2101 1971
f 1188 1972 2101
f 1190 1722 2904
f 1190 2305 2306
f 1190 2904 2305
f 1192 2540 1816
f 1192 1816 2624
f 1192 2031 2540
f 1192 2624 2243
f 1193 2541 1476
f 1193 1650 2372
f 1193 2372 2541
f 1194 2526 1995
f 1194 1995 2696
f 1194 2050 2526
f 1195 1648 2395
f 1195 2929 1648
f 1195 2184 1665
f 1195 2395 2184
f 1195 2942 2929
f 1197 2592 2466
f 1198 2371 1546
f 1199 1755 1473
f 1200 1823 1487
f 1201 2503 2518
f 1202 1550 1481
f 1202 1481 2105
f 1202 1730 1599
f 1202 1599 1865
f 1202 2105 1730
f 1203 1228 1466
f 1203 1628 1418
f 1203 1466 1628
f 1204 1278 2015
f 1204 2816 1278
f 1204 1569 1697
f 1204 2236 1569
f 1204 1697 2816
f 1206 2915 2570
f 1207 2720 2071
f 1210 1541 1579
f 1210 1679 1541
f 1210 1579 1986
f 1211 1220 1552
f 1211 2349 1220
f 1211 1552 2575
f 1211 2575 2164
f 1211 2164 2810
f 1213 2382 1434
f 1213 2269 2488
f 1213 2488 2383
f 1214 1416 2211
f 1214 2436 1416
f 1214 2211 1449
f 1214 2207 2436
f 1215 1739 1556
f 1217 1242 1390
f 1217 1551 1242
f 1218 1894 2191
f 1218 2191 2612
f 1218 2612 2760
f 1218 2760 2782
f 1219 1644 1338
f 1219 1338 1999
f 1219 1421 2602
f 1219 2602 1644
f 1219 1999 2451
f 1220 1545 1592
f 1220 1951 1545
f 1220 1592 1552
f 1220 2349 1951
f 1222 1786 1933
f 1222 1934 1786
f 1222 1933 2314
f 1222 2082 1934
f 1222 2315 2082
f 1223 1821 2754
f 1223 2821 1821
f 1223 2754 2820
f 1225 1301 1718
f 1225 1718 2793
f 1225 2793 1719
f 1226 2043 2086
f 1226 2086 2730
f 1226 2730 2651
f 1227 1583 1391
f 1227 1792 2939
f 1230 2793 1263
f 1231 2617 2060
f 1231 2616 2617
f 1232 1465 2373
f 1232 2374 1465
f 1232 1632 1660
f 1232 2373 1632
f 1232 1660 2374
f 1233 2323 1756
f 1233 1756 2325
f 1233 2321 2320
f 1233 2320 2322
f 1233 2322 2323
f 1235 2873 2617
f 1235 2617 2874
f 1235 2953 2873
f 1235 2874 2953
f 1236 1466 1536
f 1236 1536 2771
f 1236 2771 2413
f 1237 2363 1864
f 1237 1864 2364
f 1240 1532 2533
f 1240 2533 1772
f 1241 2662 2661
f 1241 2661 2671
f 1242 2590 1390
f 1244 2683 1295
f 1245 1443 1322
f 1245 1322 1875
f 1245 1784 1443
f 1245 2431 1784
f 1245 1875 2073
f 1245 2073 2431
f 1247 1739 1297
f 1248 2470 1666
f 1248 2469 2470
f 1249 2442 2451
f 1251 1529 1273
f 1251 1309 1538
f 1251 1812 1529
f 1251 1538 1812
f 1252 2639 2849
f 1253 1715 1729
f 1254 2489 1613
f 1254 1613 2491
f 1254 2364 1864
f 1254 1864 2366
f 1254 2491 2364
f 1254 2366 2489
f 1255 1397 1899
f 1255 2074 1397
f 1255 1398 2074
f 1256 2385 2384
f 1257 1743 2914
f 1257 1985 2776
f 1257 2914 1985
f 1257 2776 2913
f 1259 1272 2038
f 1259 2840 1272
f 1259 2038 1578
f 1259 1578 2840
f 1260 2313 1737
f 1260 1737 2679
f 1260 2649 2313
f 1261 1553 1439
f 1261 1588 1553
f 1261 2740 1588
f 1262 2096 2554
f 1264 1487 1823
f 1264 2556 1487
f 1264 1823 2557
f 1264 2557 2556
f 1265 1302 2538
f 1267 2873 2953
f 1268 1976 2669
f 1268 2673 1976
f 1268 2669 2760
f 1268 2760 2673
f 1269 2834 1431
f 1269 2357 1776
f 1269 1776 2834
f 1270 2690 2688
f 1271 1400 2011
f 1272 1700 1388
f 1272 2840 1700
f 1273 1529 1834
f 1274 2804 1527
f 1274 1527 2805
f 1275 1514 1584
f 1276 2552 2551
f 1277 1717 2052
f 1277 2059 1717
f 1278 2764 2015
f 1279 2941 2108
f 1280 1341 1812
f 1280 1812 1538
f 1281 1721 2239
f 1281 2644 1721
f 1281 2650 2644
f 1282 2693 1460
f 1283 1600 2904
f 1283 2904 2916
f 1284 1411 2856
f 1285 2338 1744
f 1285 2499 2338
f 1288 2022 1486
f 1288 1486 2421
f 1289 2112 1375
f 1292 1802 2106
f 1294 1858 2332
f 1294 2661 1858
f 1294 2671 2661
f 1297 1407 1318
f 1300 2545 2520
f 1300 2951 2545
f 1302 2536 2538
f 1303 1305 2748
f 1303 2887 1305
f 1303 1893 1675
f 1303 1675 2888
f 1303 2300 1893
f 1303 2748 2300
f 1303 2888 2887
f 1304 1417 1901
f 1306 1675 2299
f 1306 2710 1675
f 1306 2749 1843
f 1306 1843 2891
f 1306 2299 2749
f 1306 2891 2710
f 1308 1644 2493
f 1308 2610 1644
f 1308 2493 2445
f 1308 2445 2885
f 1308 2885 2610
f 1312 2089 1339
f 1312 1339 2392
f 1312 2392 2560
f 1313 2270 1613
f 1313 1613 2489
f 1313 2489 2558
f 1314 2113 1643
f 1314 2049 1941
f 1314 1941 2795
f 1314 2795 2794
f 1315 2782 2379
f 1316 1672 2381
f 1316 2381 2390
f 1317 2511 2712
f 1317 2713 2511
f 1317 2712 2641
f 1317 2641 2713
f 1318 1407 1414
f 1322 1443 2545
f 1322 1452 2498
f 1322 2545 1452
f 1322 2188 1875
f 1322 2498 2188
f 1323 1570 1330
f 1323 1835 2752
f 1324 1419 2631
f 1324 1989 1960
f 1324 2627 1989
f 1324 2631 2627
f 1325 1393 2329
f 1326 2552 2311
f 1326 2550 2552
f 1328 1899 1397
f 1329 2838 1967
f 1329 2174 2097
f 1329 2097 2838
f 1330 1570 1866
f 1330 1866 2857
f 1331 2804 2806
f 1334 1472 2239
f 1334 2548 1472
f 1334 2239 1721
f 1335 1371 1965
f 1335 1965 2568
f 1336 2340 2162
f 1337 1444 2901
f 1337 2901 1451
f 1338 1644 2610
f 1338 2351 1999
f 1338 2610 2351
f 1339 2089 1772
f 1339 1772 2533
f 1340 1932 1755
f 1340 1857 2613
f 1341 1529 1812
f 1344 2754 1450
f 1345 1473 1755
f 1345 2215 1473
f 1345 1755 1932
f 1347 1879 1660
f 1347 1876 1879
f 1348 1569 2224
f 1349 2429 1980
f 1349 2428 2703
f 1349 2704 2429
f 1349 2703 2704
f 1350 2068 1804
f 1351 1656 1526
f 1351 1526 2046
f 1351 2691 1656
f 1351 2689 1950
f 1351 1950 2691
f 1352 1942 2461
f 1354 2803 2311
f 1354 2736 2803
f 1355 2162 2340
f 1355 2342 2162
f 1355 2340 2341
f 1356 2455 2723
f 1356 2723 2699
f 1357 2437 1431
f 1357 1431 2834
f 1357 2834 2821
f 1358 1896 2269
f 1360 2619 1445
f 1360 1445 2952
f 1360 1803 2477
f 1360 2952 1803
f 1360 2477 2619
f 1362 1589 2683
f 1362 2846 1589
f 1362 2684 2846
f 1363 2577 1523
f 1365 2440 2014
f 1366 1641 1368
f 1366 1368 2443
f 1366 2353 1396
f 1366 1396 2824
f 1366 2824 1641
f 1366 1647 2353
f 1366 2452 1647
f 1366 2443 2452
f 1367 1768 1711
f 1367 1711 2227
f 1367 1727 1768
f 1367 2230 1727
f 1367 2227 2226
f 1367 2226 2230
f 1368 1641 1428
f 1368 1428 2660
f 1368 2886 2443
f 1368 2660 2658
f 1368 2658 2886
f 1369 1555 2686
f 1369 2689 1555
f 1369 2589 1565
f 1369 1565 2691
f 1369 1950 2689
f 1369 2691 1950
f 1369 2686 2589
f 1370 2051 2057
f 1370 2096 2051
f 1371 2062 1965
f 1371 2057 2062
f 1372 2739 1532
f 1373 2241 1963
f 1373 1963 2883
f 1373 2883 2884
f 1374 1826 2875
f 1375 1406 2792
f 1376 2569 2573
f 1376 2835 2569
f 1377 2789 2094
f 1377 2786 2789
f 1378 1841 2430
f 1379 2674 1429
f 1380 1624 2740
f 1381 2028 1547
f 1381 1547 2501
f 1382 2792 2791
f 1383 2549 1810
f 1383 2548 2546
f 1383 2546 2549
f 1386 2752 2751
f 1387 1787 2137
f 1390 2590 1488
f 1390 1488 2591
f 1391 1583 1653
f 1392 1804 2068
f 1395 2648 1946
f 1395 1983 2313
f 1396 2353 2658
f 1396 2658 2355
f 1396 2355 2824
f 1400 2367 2011
f 1400 2020 2367
f 1401 1425 2023
f 1401 1592 1545
f 1401 2023 1592
f 1402 1850 2330
f 1402 2672 1850
f 1402 2332 1858
f 1402 1858 2663
f 1402 2663 2150
f 1402 2150 2672
f 1402 2330 2173
f 1402 2173 2332
f 1404 1975 1799
f 1404 2046 1975
f 1408 2283 1855
f 1411 1609 2856
f 1412 2207 2206
f 1412 2436 2207
f 1415 1860 2181
f 1415 2832 1860
f 1416 1619 2212
f 1416 2212 2211
f 1417 2121 1901
f 1417 2348 2121
f 1419 2628 2630
f 1419 2630 2631
f 1421 2445 1422
f 1421 1422 2602
f 1421 2885 2445
f 1422 1428 1626
f 1422 2948 1428
f 1422 1626 2602
f 1422 2445 2492
f 1422 2492 2948
f 1423 2606 1758
f 1423 2156 2310
f 1424 2398 1561
f 1424 1561 2408
f 1424 1601 2393
f 1424 2408 1601
f 1424 2100 2135
f 1424 2393 2100
f 1424 2135 2398
f 1426 1523 1803
f 1427 2511 1922
f 1427 1922 2677
f 1427 2677 2088
f 1427 2088 2801
f 1427 2801 2511
f 1428 1641 1626
f 1428 2948 2660
f 1429 1884 2450
f 1429 2778 1884
f 1429 2450 2104
f 1429 2674 2778
f 1430 2389 1506
f 1430 1506 2594
f 1430 2819 2389
f 1430 2594 2496
f 1430 2496 2819
f 1432 2517 1663
f 1432 1663 2737
f 1432 2737 1701
f 1432 2518 2517
f 1435 2584 2259
f 1435 2259 2586
f 1435 2586 2890
f 1436 1936 1777
f 1436 1777 1937
f 1436 1797 2954
f 1436 2954 1936
f 1436 1937 2138
f 1437 1448 2348
f 1437 2725 1448
f 1437 1948 2725
f 1438 1776 2357
f 1438 2822 1776
f 1438 2132 2822
f 1439 1553 1765
f 1440 2275 1742
f 1441 2493 1644
f 1441 1644 2602
f 1441 1912 2493
f 1441 2603 1912
f 1441 2602 2603
f 1442 2338 2499
f 1443 1784 2520
f 1443 2520 2545
f 1444 1524 2901
f 1445 2619 2213
f 1446 2501 2519
f 1446 2502 2503
f 1446 2519 2502
f 1447 1563 1735
f 1448 1564 2348
f 1449 2791 1482
f 1449 2211 2791
f 1450 1919 2753
f 1450 2754 1919
f 1452 2318 2498
f 1452 2545 2318
f 1453 2486 1992
f 1453 1992 2487
f 1453 2607 2486
f 1454 1907 1574
f 1454 1705 2629
f 1454 2629 1907
f 1455 1654 1793
f 1455 1958 1654
f 1456 1854 2415
f 1458 2700 2701
f 1458 2702 2700
f 1458 2704 2702
f 1458 2705 2704
f 1459 2723 1798
f 1459 1798 2724
f 1459 1848 2723
f 1459 2724 1848
f 1461 2363 2359
f 1461 2366 2363
f 1464 1827 1572
f 1464 1572 2125
f 1464 1578 1827
f 1464 2630 1578
f 1464 2125 2631
f 1464 2631 2630
f 1467 1577 2041
f 1468 1676 1825
f 1468 1846 1676
f 1468 1825 2335
f 1468 2634 2163
f 1468 2335 2634
f 1469 1677 2224
f 1469 1711 1710
f 1469 2227 1711
f 1469 2224 2227
f 1470 1691 2052
f 1470 2052 1717
f 1473 2215 2080
f 1474 2851 1871
f 1474 1898 2851
f 1475 2475 2734
f 1476 2541 1543
f 1478 1935 1936
f 1478 2680 1935
f 1478 1936 2954
f 1478 1939 2680
f 1478 2954 1939
f 1480 1483 2509
f 1480 2277 2003
f 1480 2666 2277
f 1480 2509 2510
f 1480 2510 2666
f 1483 1484 2509
f 1483 2665 1484
f 1484 2665 1962
f 1484 2119 2860
f 1484 2860 2509
f 1485 2421 1486
f 1486 2022 1504
f 1487 2556 2240
f 1488 2472 1666
f 1488 1666 2591
f 1489 1846 2474
f 1489 2529 1846
f 1489 2474 2193
f 1489 2193 2475
f 1490 1587 2459
f 1491 2537 1929
f 1494 2107 2431
f 1494 2951 2107
f 1494 2431 2318
f 1494 2318 2545
f 1494 2545 2951
f 1496 1610 1606
f 1498 2331 1844
f 1499 2248 1922
f 1499 1922 2511
f 1499 2711 2248
f 1499 2511 2713
f 1499 2713 2711
f 1502 2065 1903
f 1502 1903 2540
f 1502 2540 2031
f 1504 2422 1615
f 1504 2022 2422
f 1507 2268 2205
f 1510 1948 1524
f 1510 2725 1948
f 1511 2674 1913
f 1511 2448 2674
f 1511 2957 2448
f 1512 1567 1574
f 1512 1574 2038
f 1513 2916 1586
f 1513 2029 1612
f 1513 1612 2916
f 1514 1663 1584
f 1514 2737 1663
f 1516 2036 2447
f 1516 2447 2072
f 1516 2072 2956
f 1517 1934 2082
f 1519 1694 2506
f 1521 2762 1911
f 1521 1911 2820
f 1521 2820 2754
f 1522 2339 1708
f 1522 1811 2339
f 1523 2477 1803
f 1523 2140 2477
f 1523 2577 2140
f 1526 1656 2688
f 1526 2690 2046
f 1526 2688 2690
f 1527 2804 1930
f 1528 2905 1598
f 1528 1598 2938
f 1528 2776 1985
f 1528 1985 2777
f 1528 2938 2776
f 1528 2777 2905
f 1532 1539 1969
f 1532 2739 1539
f 1532 1969 1699
f 1532 1699 2533
f 1534 1814 2090
f 1535 1981 1980
f 1535 1980 2429
f 1535 2429 2516
f 1536 2850 2771
f 1537 1866 1941
f 1537 1941 2544
f 1539 2654 1969
f 1539 2747 2654
f 1539 2739 2747
f 1542 1615 2422
f 1543 2541 2802
f 1546 2371 1903
f 1546 1903 2780
f 1546 2780 2781
f 1547 2519 2501
f 1552 1592 2087
f 1552 2087 2575
f 1555 2514 2605
f 1555 2689 2514
f 1555 2605 2686
f 1557 2925 2111
f 1557 2111 2930
f 1557 2411 2924
f 1557 2930 2411
f 1557 2924 2923
f 1557 2923 2925
f 1559 2806 2639
f 1560 2908 2075
f 1560 2907 2220
f 1560 2220 2908
f 1560 2258 2907
f 1561 2258 2030
f 1561 2030 2408
f 1561 2907 2258
f 1561 2398 2907
f 1562 2095 2177
f 1562 2396 2095
f 1563 1662 1735
f 1564 2121 2348
f 1565 2589 2469
f 1565 2469 2691
f 1566 2229 1636
f 1566 1636 2435
f 1566 1944 2242
f 1566 2435 1944
f 1566 2192 2229
f 1566 2242 2192
f 1568 1632 2373
f 1568 2373 2375
f 1569 2236 2224
f 1570 2795 1866
f 1572 1574 1907
f 1572 2038 1574
f 1572 1827 2038
f 1572 1907 2629
f 1572 2629 2125
f 1576 1760 2334
f 1576 2334 2755
f 1577 2679 2041
f 1577 2249 2326
f 1577 2326 2679
f 1578 2633 1582
f 1578 1582 2840
f 1578 2038 1827
f 1578 2630 2633
f 1581 2491 2025
f 1581 2365 2364
f 1581 2364 2491
f 1582 1655 2840
f 1582 1964 1809
f 1582 2633 1964
f 1584 1663 2517
f 1586 2005 2915
f 1586 2917 2005
f 1586 2916 2917
f 1588 2740 1624
f 1589 2044 2683
f 1589 2845 2044
f 1589 2846 2845
f 1592 2023 2087
f 1593 2414 1654
f 1594 2538 2536
f 1594 2536 2844
f 1595 2283 1698
f 1596 1599 1730
f 1600 2108 2941
f 1600 2305 2904
f 1600 2941 2305
f 1602 1943 2855
f 1602 2855 2770
f 1603 1660 1879
f 1603 2374 1660
f 1603 1979 1872
f 1603 1872 2374
f 1603 1879 1979
f 1609 2039 2040
f 1611 1870 2376
f 1613 2270 2491
f 1614 1707 1923
f 1616 2420 1861
f 1616 1861 2750
f 1616 2148 2418
f 1616 2504 2148
f 1616 2418 2420
f 1616 2728 2504
f 1616 2750 2728
f 1617 2784 2877
f 1617 2877 2785
f 1619 1719 2212
f 1620 2498 2543
f 1620 2543 2622
f 1621 2274 2666
f 1621 2801 2274
f 1621 2714 2801
f 1622 1727 2230
f 1622 2232 1727
f 1622 2230 2414
f 1622 2692 2232
f 1622 2414 2692
f 1623 2818 1770
f 1623 2386 2388
f 1623 2388 2818
f 1625 2306 2305
f 1625 2454 2306
f 1625 2455 2454
f 1626 1641 2825
f 1626 2603 2602
f 1626 2825 2603
f 1627 2853 1773
f 1629 2098 1814
f 1629 2006 2098
f 1631 2811 1808
f 1631 2812 2811
f 1633 2607 1720
f 1633 1861 2486
f 1633 2750 1861
f 1633 2486 2607
f 1635 1714 2200
f 1635 2341 1714
f 1636 1652 2435
f 1637 2044 2845
f 1638 2452 1639
f 1638 1639 2826
f 1638 2354 1647
f 1638 1647 2452
f 1638 2350 2354
f 1638 2826 2350
f 1639 1726 2247
f 1639 2446 1726
f 1639 2247 2826
f 1639 2452 2446
f 1640 1661 2803
f 1640 2736 1687
f 1640 2054 2066
f 1640 2803 2736
f 1641 2824 2825
f 1643 2113 2433
f 1645 2206 2937
f 1647 2608 2353
f 1647 2354 2608
f 1648 2921 2395
f 1648 2922 2921
f 1649 2234 2288
f 1650 2347 1940
f 1651 2525 1860
f 1651 1860 2832
f 1651 2526 1970
f 1651 1970 2768
f 1651 2768 2525
f 1651 2832 2526
f 1653 2462 1753
f 1654 2228 1793
f 1654 2230 2228
f 1654 2414 2230
f 1657 1728 1789
f 1662 1731 1735
f 1664 1698 2283
f 1664 2283 1839
f 1664 1839 2816
f 1666 2470 2591
f 1667 2141 1877
f 1668 1882 1844
f 1668 1844 2331
f 1668 2331 2672
f 1669 2281 2282
f 1670 2693 2692
f 1671 1902 2914
f 1671 2915 1902
f 1671 2570 2915
f 1672 2388 2386
f 1673 2346 1925
f 1673 1925 2842
f 1673 2256 2346
f 1673 2842 2507
f 1674 2259 2584
f 1674 2741 2259
f 1675 1893 2301
f 1675 2301 2299
f 1675 2710 2888
f 1676 1846 2529
f 1678 1785 1931
f 1680 2846 2684
f 1682 1777 1936
f 1682 1937 1777
f 1682 1785 1937
f 1682 1938 1785
f 1682 1936 1938
f 1683 2718 2772
f 1685 2773 2198
f 1687 2736 2744
f 1689 1849 2926
f 1689 2926 1953
f 1693 2775 2522
f 1693 2522 2889
f 1693 2524 2775
f 1693 2889 2524
f 1695 2765 1725
f 1695 1830 2765
f 1695 2766 1830
f 1696 2439 2002
f 1696 2002 2440
f 1696 2262 2559
f 1696 2559 2439
f 1698 1885 2462
f 1699 1969 1926
f 1699 1926 2530
f 1699 2530 2533
f 1701 2857 1774
f 1702 2547 2546
f 1702 2649 2547
f 1703 2064 2641
f 1703 2675 2064
f 1703 2248 2675
f 1703 2677 2248
f 1704 1766 2149
f 1704 2592 1766
f 1704 2149 2593
f 1704 2466 2592
f 1704 2593 2466
f 1705 1836 2632
f 1705 2632 2629
f 1706 2063 2122
f 1709 2150 2663
f 1709 2672 2150
f 1709 2663 2662
f 1710 1711 1791
f 1710 1791 2222
f 1710 2222 1956
f 1711 1768 1791
f 1712 2164 2575
f 1712 2810 2164
f 1713 1953 2172
f 1713 2172 1955
f 1713 2165 2833
f 1714 2000 2021
f 1714 2341 2000
f 1714 2021 2048
f 1714 2048 2200
f 1719 2793 2212
f 1722 2102 1740
f 1722 1740 2917
f 1722 2917 2904
f 1723 1724 1736
f 1723 2673 1724
f 1723 1736 1894
f 1723 1976 2673
f 1724 2128 1736
f 1724 2759 2128
f 1724 2673 2759
f 1726 2446 2882
f 1727 2219 1768
f 1727 2232 2219
f 1732 2646 2647
f 1733 2111 1927
f 1733 1927 2921
f 1733 2921 2839
f 1733 2839 2942
f 1736 2128 2670
f 1737 2313 2680
f 1737 2678 2679
f 1737 2680 2678
f 1740 2005 2917
f 1740 2934 2005
f 1740 2102 2777
f 1740 2777 2934
f 1742 2275 2427
f 1744 2339 1831
f 1745 1798 2455
f 1745 2724 1798
f 1745 2453 2724
f 1746 1973 2814
f 1748 2687 2800
f 1749 2146 2853
f 1751 1988 2303
f 1751 2912 2034
f 1751 2303 2302
f 1751 2302 2912
f 1752 1843 1895
f 1752 2891 1843
f 1752 2889 2891
f 1756 2323 2324
f 1757 2432 2778
f 1757 2778 2448
f 1758 2606 2484
f 1761 2604 2873
f 1764 1817 2302
f 1764 2303 2133
f 1764 2133 2441
f 1764 2302 2303
f 1766 2817 2149
f 1766 2592 2817
f 1768 1960 1791
f 1768 2219 1960
f 1769 2780 2065
f 1769 2378 2780
f 1770 2818 2817
f 1771 1775 2254
f 1771 2863 1775
f 1771 2564 1869
f 1771 2254 2564
f 1771 2508 2863
f 1773 2853 2185
f 1774 2857 1866
f 1775 2182 2254
f 1775 2858 2182
f 1775 2655 2858
f 1775 2863 2655
f 1776 2822 2834
f 1778 2195 1888
f 1778 2561 1928
f 1778 1928 2799
f 1778 2799 2195
f 1781 2808 1851
f 1781 1851 2812
f 1781 2264 2808
f 1783 1856 2238
f 1784 2431 1918
f 1785 1938 1931
f 1785 1945 1937
f 1786 1935 1933
f 1786 1938 1935
f 1787 1840 2137
f 1791 1960 1989
f 1791 1989 2222
f 1793 2228 2218
f 1793 2218 2815
f 1796 2828 2829
f 1797 2279 2954
f 1798 2723 2455
f 1799 1975 1921
f 1801 1905 2216
f 1801 2531 1905
f 1802 2330 2106
f 1802 2173 2330
f 1802 2332 2173
f 1806 1808 2811
f 1806 2811 2808
f 1807 2638 2250
f 1811 2090 2339
f 1813 2562 2157
f 1813 2512 2202
f 1813 2202 2798
f 1813 2798 2562
f 1814 2098 2090
f 1815 2284 2280
f 1816 2540 2371
f 1816 2371 2624
f 1817 2912 2302
f 1817 2461 2912
f 1821 2047 1919
f 1821 1919 2754
f 1821 2821 2047
f 1823 2553 2557
f 1824 2498 2318
f 1824 2543 2498
f 1825 2734 2335
f 1830 2764 2765
f 1831 2090 2006
f 1831 2339 2090
f 1832 1905 2531
f 1832 2767 1905
f 1832 2534 1909
f 1832 1909 2653
f 1832 2531 2534
f 1832 2653 2767
f 1833 1878 2288
f 1833 2665 1878
f 1833 2285 2061
f 1833 2061 2561
f 1833 2234 2285
f 1833 2288 2234
f 1833 2561 2665
f 1835 2026 2751
f 1835 2751 2752
f 1836 1847 2222
f 1836 2222 2632
f 1837 1869 2564
f 1837 2564 2399
f 1838 2295 2155
f 1838 2155 2399
f 1838 2182 2175
f 1838 2175 2186
f 1838 2254 2182
f 1838 2186 2223
f 1838 2223 2295
f 1838 2399 2254
f 1841 2450 2430
f 1841 2779 2450
f 1842 2286 2010
f 1842 2157 2402
f 1842 2402 2286
f 1843 2775 1895
f 1843 2749 2170
f 1843 2170 2775
f 1847 1956 2222
f 1847 2626 2214
f 1848 2572 2601
f 1848 2601 2599
f 1848 2599 2723
f 1849 2910 2180
f 1849 2180 2926
f 1850 2672 2331
f 1851 2808 2811
f 1851 2811 2812
f 1852 2232 2692
f 1852 2693 2628
f 1852 2692 2693
f 1854 2416 2415
f 1856 2347 2238
f 1857 2080 2670
f 1857 2670 2613
f 1858 2661 2663
f 1859 1961 2342
f 1860 2525 2181
f 1861 2420 2368
f 1861 2368 2486
f 1862 1871 2851
f 1862 2771 2850
f 1862 2851 2771
f 1862 2850 2852
f 1863 2449 1998
f 1863 1998 2779
f 1863 2447 2449
f 1863 2909 2447
f 1864 2363 2366
f 1866 2795 1941
f 1868 2152 1916
f 1868 1916 2154
f 1868 1924 2152
f 1870 2144 1876
f 1875 2911 2073
f 1876 1881 1879
f 1876 2144 1881
f 1877 2956 2072
f 1877 2141 2956
f 1880 2586 2741
f 1880 2890 2586
f 1883 2930 2397
f 1883 2411 2930
f 1884 2430 2450
f 1884 2778 2430
f 1887 2122 2063
f 1888 2195 2194
f 1888 2194 2403
f 1889 2303 1988
f 1889 1988 2831
f 1889 2831 2951
f 1890 2427 2275
f 1890 2424 2427
f 1891 1994 2707
f 1891 2769 1994
f 1891 2836 2769
f 1893 2300 2304
f 1893 2304 2301
f 1894 2377 2191
f 1896 2270 2269
f 1898 2109 2851
f 1902 2915 2005
f 1902 2005 2934
f 1902 2934 2914
f 1903 2065 2780
f 1903 2371 2540
f 1905 2652 2216
f 1905 2767 2652
f 1908 2225 2768
f 1909 2530 1926
f 1909 1926 2654
f 1909 2534 2530
f 1909 2654 2653
f 1910 2624 2371
f 1911 2762 2761
f 1911 2761 2820
f 1912 2352 2493
f 1912 2603 2352
f 1915 2015 2764
f 1915 2815 2015
f 1916 2217 2154
f 1918 2431 2107
f 1918 2107 2831
f 1919 2047 2753
f 1922 2248 2677
f 1924 2280 2027
f 1924 2130 2152
f 1926 1969 2654
f 1927 2111 2925
f 1927 2184 2395
f 1927 2642 2184
f 1927 2395 2921
f 1927 2925 2642
f 1928 2561 2293
f 1928 2293 2799
f 1929 2537 2535
f 1933 1935 2680
f 1933 2680 1983
f 1935 1938 1936
f 1937 1945 2138
f 1939 2678 2680
f 1941 2049 2544
f 1942 2944 2461
f 1944 2435 1974
f 1944 2638 2242
f 1946 2648 2650
f 1947 2477 2013
f 1947 2013 2637
f 1947 2143 2619
f 1947 2698 2143
f 1947 2619 2477
f 1947 2637 2698
f 1949 2229 2940
f 1952 2082 2315
f 1952 2315 2316
f 1953 2001 2497
f 1953 2926 2001
f 1953 2497 2172
f 1954 2719 2598
f 1955 2308 2035
f 1955 2172 2497
f 1955 2928 2308
f 1955 2497 2928
f 1957 2838 2097
f 1957 2097 2919
f 1958 2761 2762
f 1963 2241 2351
f 1963 2351 2610
f 1963 2610 2885
f 1963 2885 2883
f 1965 2062 2568
f 1967 2838 2931
f 1972 2100 1996
f 1972 1996 2101
f 1972 2743 2100
f 1974 2435 2539
f 1977 2399 2401
f 1977 2401 2858
f 1977 2858 2655
f 1983 2680 2313
f 1984 2148 2504
f 1985 2934 2777
f 1985 2914 2934
f 1987 2277 2273
f 1987 2273 2872
f 1989 2627 2222
f 1992 2368 2142
f 1992 2142 2487
f 1992 2486 2368
f 1994 2516 2707
f 1995 2076 2696
f 1995 2526 2832
f 1996 2100 2708
f 2000 2341 2340
f 2001 2926 2307
f 2004 2027 2284
f 2004 2154 2217
f 2004 2284 2154
f 2006 2090 2098
f 2009 2388 2296
f 2009 2296 2819
f 2009 2387 2818
f 2009 2819 2387
f 2009 2818 2388
f 2010 2286 2563
f 2013 2477 2635
f 2013 2578 2580
f 2013 2580 2637
f 2016 2391 2067
f 2016 2842 2391
f 2016 2507 2842
f 2023 2103 2087
f 2024 2211 2212
f 2024 2791 2211
f 2027 2280 2284
f 2030 2410 2408
f 2030 2763 2410
f 2032 2931 2838
f 2034 2912 2083
f 2036 2449 2447
f 2043 2560 2532
f 2045 2568 2054
f 2047 2822 2753
f 2047 2821 2822
f 2048 2070 2200
f 2051 2054 2062
f 2051 2066 2054
f 2051 2062 2057
f 2054 2568 2062
f 2056 2294 2295
f 2056 2567 2294
f 2056 2295 2566
f 2056 2566 2567
f 2058 2274 2273
f 2058 2273 2277
f 2058 2666 2274
f 2058 2277 2666
f 2061 2285 2293
f 2061 2293 2561
f 2064 2675 2278
f 2064 2713 2641
f 2067 2391 2344
f 2077 2697 2483
f 2083 2912 2461
f 2083 2461 2944
f 2087 2103 2575
f 2088 2274 2801
f 2089 2747 2521
f 2089 2746 2747
f 2091 2139 2350
f 2091 2826 2247
f 2091 2350 2826
f 2092 2158 2763
f 2095 2097 2174
f 2095 2396 2097
f 2097 2396 2919
f 2099 2304 2300
f 2099 2300 2742
f 2099 2583 2304
f 2099 2742 2583
f 2100 2743 2135
f 2100 2393 2708
f 2102 2905 2777
f 2107 2951 2831
f 2109 2413 2851
f 2110 2781 2378
f 2110 2379 2781
f 2114 2195 2116
f 2114 2116 2202
f 2114 2194 2195
f 2114 2656 2194
f 2114 2202 2656
f 2116 2195 2799
f 2116 2798 2202
f 2116 2406 2798
f 2116 2799 2406
f 2117 2398 2743
f 2117 2907 2398
f 2117 2410 2907
f 2120 2307 2180
f 2120 2180 2927
f 2120 2927 2622
f 2124 2618 2900
f 2124 2900 2896
f 2125 2629 2631
f 2126 2940 2231
f 2126 2539 2940
f 2128 2759 2670
f 2132 2753 2822
f 2135 2743 2398
f 2136 2741 2183
f 2139 2609 2350
f 2140 2576 2169
f 2140 2169 2635
f 2140 2635 2477
f 2140 2577 2576
f 2142 2527 2487
f 2143 2899 2619
f 2143 2698 2621
f 2143 2621 2899
f 2146 2185 2853
f 2147 2623 2391
f 2147 2391 2842
f 2149 2387 2593
f 2149 2818 2387
f 2149 2817 2818
f 2155 2295 2401
f 2155 2401 2399
f 2156 2729 2310
f 2157 2287 2402
f 2157 2562 2287
f 2158 2407 2763
f 2159 2709 2710
f 2159 2889 2709
f 2159 2710 2891
f 2159 2891 2889
f 2160 2865 2167
f 2160 2513 2168
f 2160 2168 2864
f 2160 2261 2513
f 2160 2864 2868
f 2160 2868 2865
f 2161 2273 2274
f 2161 2871 2273
f 2167 2201 2512
f 2167 2865 2201
f 2168 2513 2267
f 2168 2267 2657
f 2168 2657 2864
f 2170 2749 2298
f 2170 2298 2774
f 2170 2774 2522
f 2170 2522 2775
f 2171 2676 2711
f 2175 2182 2862
f 2175 2862 2186
f 2176 2301 2304
f 2176 2774 2301
f 2176 2304 2585
f 2176 2585 2774
f 2178 2814 2282
f 2179 2356 2482
f 2179 2897 2356
f 2179 2482 2578
f 2179 2578 2897
f 2180 2307 2926
f 2180 2910 2927
f 2182 2858 2862
f 2186 2197 2266
f 2186 2862 2197
f 2186 2566 2223
f 2186 2266 2566
f 2190 2797 2263
f 2190 2263 2861
f 2190 2657 2267
f 2190 2267 2796
f 2190 2861 2657
f 2190 2796 2797
f 2191 2377 2612
f 2192 2940 2229
f 2192 2242 2231
f 2192 2231 2940
f 2193 2474 2734
f 2193 2734 2475
f 2194 2404 2403
f 2194 2656 2404
f 2196 2735 2474
f 2196 2476 2735
f 2197 2859 2266
f 2197 2862 2294
f 2197 2294 2870
f 2197 2870 2859
f 2199 2201 2402
f 2199 2512 2201
f 2199 2202 2512
f 2199 2656 2202
f 2199 2402 2869
f 2199 2869 2656
f 2201 2865 2402
f 2208 2335 2734
f 2208 2735 2335
f 2208 2734 2474
f 2208 2474 2735
f 2209 2346 2256
f 2209 2309 2346
f 2209 2391 2309
f 2209 2344 2391
f 2213 2899 2578
f 2213 2619 2899
f 2218 2228 2226
f 2220 2907 2587
f 2220 2587 2908
f 2221 2336 2476
f 2222 2627 2632
f 2223 2566 2295
f 2224 2236 2227
f 2225 2525 2768
f 2226 2227 2236
f 2226 2228 2230
f 2233 2369 2417
f 2233 2485 2369
f 2233 2417 2370
f 2233 2370 2484
f 2233 2484 2485
f 2240 2326 2249
f 2240 2556 2326
f 2248 2676 2675
f 2248 2711 2676
f 2251 2622 2927
f 2251 2927 2933
f 2254 2399 2564
f 2257 2278 2955
f 2259 2741 2586
f 2260 2668 2900
f 2261 2267 2513
f 2261 2796 2267
f 2261 2563 2289
f 2261 2289 2796
f 2263 2757 2265
f 2263 2265 2859
f 2263 2756 2757
f 2263 2797 2756
f 2263 2859 2861
f 2265 2565 2266
f 2265 2266 2859
f 2265 2757 2565
f 2266 2565 2566
f 2272 2675 2676
f 2272 2955 2675
f 2278 2675 2955
f 2285 2403 2293
f 2286 2402 2865
f 2286 2868 2563
f 2286 2865 2868
f 2287 2869 2402
f 2287 2562 2404
f 2287 2404 2656
f 2287 2656 2869
f 2289 2405 2796
f 2289 2864 2405
f 2289 2563 2864
f 2291 2756 2400
f 2291 2400 2867
f 2291 2757 2756
f 2291 2867 2866
f 2292 2400 2405
f 2292 2867 2400
f 2292 2405 2864
f 2292 2657 2861
f 2292 2864 2657
f 2292 2861 2867
f 2293 2403 2406
f 2293 2406 2799
f 2294 2401 2295
f 2294 2862 2401
f 2294 2567 2870
f 2296 2385 2389
f 2296 2389 2819
f 2297 2596 2597
f 2298 2299 2301
f 2298 2749 2299
f 2298 2301 2774
f 2300 2748 2742
f 2304 2583 2585
f 2309 2345 2346
f 2309 2848 2345
f 2309 2391 2623
f 2309 2623 2848
f 2310 2729 2505
f 2310 2505 2786
f 2312 2479 2697
f 2312 2892 2479
f 2312 2697 2893
f 2312 2715 2892
f 2312 2898 2715
f 2312 2893 2898
f 2317 2643 2468
f 2322 2458 2323
f 2322 2457 2458
f 2323 2458 2324
f 2324 2755 2334
f 2324 2458 2755
f 2326 2556 2555
f 2335 2735 2634
f 2336 2735 2476
f 2336 2634 2735
f 2350 2494 2354
f 2350 2444 2494
f 2350 2609 2444
f 2352 2355 2660
f 2352 2824 2355
f 2352 2492 2493
f 2352 2948 2492
f 2352 2603 2825
f 2352 2660 2948
f 2352 2825 2824
f 2353 2608 2495
f 2353 2495 2659
f 2353 2659 2658
f 2354 2494 2608
f 2355 2658 2660
f 2356 2788 2482
f 2356 2667 2788
f 2356 2892 2667
f 2356 2894 2892
f 2356 2897 2894
f 2369 2419 2417
f 2369 2527 2419
f 2369 2485 2527
f 2370 2417 2528
f 2377 2759 2612
f 2377 2613 2670
f 2377 2670 2759
f 2378 2781 2780
f 2379 2380 2781
f 2379 2782 2380
f 2380 2760 2669
f 2380 2782 2760
f 2381 2770 2390
f 2383 2488 2558
f 2387 2496 2593
f 2387 2819 2496
f 2390 2770 2855
f 2392 2532 2560
f 2394 2919 2396
f 2394 2823 2919
f 2397 2642 2923
f 2397 2923 2823
f 2400 2796 2405
f 2400 2756 2797
f 2400 2797 2796
f 2401 2862 2858
f 2403 2404 2406
f 2404 2562 2406
f 2406 2562 2798
f 2407 2587 2409
f 2407 2409 2763
f 2407 2468 2643
f 2407 2643 2587
f 2409 2587 2410
f 2409 2410 2763
f 2410 2587 2907
f 2413 2771 2851
f 2417 2419 2505
f 2417 2505 2729
f 2417 2727 2528
f 2417 2729 2727
f 2419 2789 2505
f 2423 2426 2424
f 2429 2706 2516
f 2429 2704 2706
f 2430 2432 2733
f 2430 2778 2432
f 2435 2940 2539
f 2442 2884 2883
f 2443 2949 2452
f 2443 2886 2495
f 2443 2495 2949
f 2444 2446 2494
f 2444 2882 2446
f 2444 2609 2882
f 2445 2493 2492
f 2446 2452 2949
f 2446 2949 2494
f 2448 2778 2674
f 2457 2459 2458
f 2463 2465 2464
f 2463 2464 2879
f 2463 2879 2881
f 2466 2593 2902
f 2469 2589 2470
f 2470 2589 2591
f 2478 2788 2481
f 2478 2698 2482
f 2478 2482 2788
f 2478 2620 2621
f 2478 2621 2698
f 2479 2636 2480
f 2479 2480 2697
f 2479 2481 2636
f 2480 2483 2697
f 2480 2787 2483
f 2480 2636 2582
f 2480 2582 2787
f 2481 2581 2636
f 2481 2788 2581
f 2482 2580 2578
f 2482 2637 2580
f 2482 2698 2637
f 2483 2579 2717
f 2483 2787 2579
f 2484 2606 2485
f 2485 2487 2527
f 2494 2949 2608
f 2495 2608 2949
f 2495 2886 2659
f 2496 2594 2593
f 2502 2518 2503
f 2502 2517 2518
f 2502 2519 2517
f 2505 2789 2786
f 2509 2860 2510
f 2510 2860 2872
f 2511 2801 2712
f 2516 2706 2707
f 2521 2747 2732
f 2522 2774 2709
f 2522 2709 2889
f 2523 2583 2742
f 2523 2887 2583
f 2530 2534 2532
f 2546 2547 2549
f 2546 2644 2648
f 2547 2555 2556
f 2550 2551 2552
f 2563 2868 2864
f 2565 2567 2566
f 2565 2757 2567
f 2567 2866 2870
f 2569 2571 2573
f 2571 2572 2573
f 2571 2601 2572
f 2578 2899 2897
f 2579 2787 2715
f 2579 2715 2898
f 2579 2895 2717
f 2579 2898 2895
f 2581 2716 2636
f 2581 2667 2716
f 2581 2788 2667
f 2582 2636 2716
f 2582 2716 2715
f 2582 2715 2787
f 2583 2888 2585
f 2583 2887 2888
f 2585 2710 2709
f 2585 2709 2774
f 2585 2888 2710
f 2587 2643 2908
f 2589 2687 2591
f 2589 2686 2687
f 2593 2594 2902
f 2595 2597 2596
f 2595 2598 2597
f 2597 2598 2600
f 2597 2600 2601
f 2598 2719 2600
f 2599 2601 2600
f 2599 2600 2699
f 2599 2699 2723
f 2600 2719 2699
f 2605 2800 2686
f 2612 2759 2673
f 2612 2673 2760
f 2616 2874 2617
f 2620 2897 2621
f 2620 2892 2894
f 2620 2894 2897
f 2621 2897 2899
f 2627 2631 2629
f 2627 2629 2632
f 2642 2925 2923
f 2643 2906 2908
f 2644 2650 2648
f 2651 2653 2745
f 2651 2767 2653
f 2651 2730 2738
f 2651 2738 2767
f 2652 2738 2731
f 2652 2767 2738
f 2653 2654 2745
f 2654 2746 2745
f 2654 2747 2746
f 2658 2659 2886
f 2661 2662 2663
f 2667 2892 2716
f 2668 2717 2896
f 2668 2896 2900
f 2686 2800 2687
f 2702 2704 2703
f 2704 2705 2706
f 2705 2707 2706
f 2712 2801 2714
f 2712 2714 2871
f 2715 2716 2892
f 2717 2895 2896
f 2718 2773 2772
f 2719 2720 2722
f 2720 2721 2722
f 2730 2731 2738
f 2732 2747 2739
f 2776 2813 2913
f 2776 2938 2813
f 2785 2877 2878
f 2821 2834 2822
f 2823 2920 2919
f 2823 2924 2920
f 2823 2923 2924
f 2839 2921 2922
f 2859 2867 2861
f 2859 2866 2867
f 2859 2870 2866
f 2876 2878 2946
f 2877 2947 2878
f 2878 2947 2946
f 2893 2895 2898
f 2904 2917 2916
f 2910 2933 2927
