0 970 2571 8196
0 2166 2664 1166
0 7941 524 790
0 1009 1491 720
0 2998 8190 2697
0 8293 281 1185
0 7937 298 7936
0 8241 7968 7967
0 8294 520 8179
0 282 1013 2676
0 1251 281 8293
0 478 2455 1075
0 8181 479 1788
0 979 479 8173
0 614 478 8201
0 1233 483 4029
0 8202 2873 2184
0 5473 7960 3325
0 1251 8178 281
0 3541 7971 2517
0 2439 1166 7957
0 7947 3767 614
0 614 8200 3197
0 520 1574 8185
0 660 1694 8176
0 7962 2511 2231
0 638 8183 3143
0 980 7943 2006
0 662 7969 4124
0 1166 2664 680
0 1171 8298 755
0 638 8188 2652
0 720 2618 8208
0 1009 8186 1491
0 281 8178 1574
0 1130 3451 7950
0 3519 7935 7934
0 7957 680 738
0 7957 738 1596
0 8188 4962 4079
0 1062 1373 8189
0 7945 747 1031
0 3976 483 1233
0 899 1442 8201
0 754 7945 974
0 754 747 7945
0 868 980 7937
0 908 8194 971
0 3915 2045 1242
0 4124 7969 3191
0 8303 7965 7954
0 784 587 286
0 1493 2451 3075
0 8191 2123 3049
0 285 7971 639
0 3915 8246 2045
0 2933 2628 282
0 8209 1713 919
0 1457 8176 1694
0 7940 855 1452
0 7943 1024 2092
0 1723 850 7930
0 1883 8301 840
0 8301 1175 840
0 1550 7932 7933
0 119 784 1224
0 4029 1135 1233
0 1092 825 1163
0 3380 8195 826
0 8183 2820 1016
0 551 1826 1117
0 2060 7954 829
0 8244 1542 1833
0 2238 944 8186
0 973 7935 2005
0 7936 840 7937
0 840 868 7937
0 825 2451 1135
0 55 8209 887
0 2075 1420 1071
0 566 8299 1276
0 285 1410 7971
0 566 1276 8300
0 1003 2628 2933
0 2285 7934 339
0 1009 1559 8186
0 8292 1197 2069
0 1197 1251 2069
0 7946 2385 2628
0 1032 2439 7957
0 7937 937 298
0 7937 905 937
0 8203 499 3668
0 532 8194 908
0 471 735 1104
0 1723 510 7928
0 1991 1104 8192
0 7941 509 524
0 2628 2385 1013
0 1676 1954 8197
0 7928 1171 850
0 7950 1006 1130
0 479 8174 8173
0 1855 7948 1974
0 7931 2221 1550
0 7931 1550 1519
0 7944 4119 1146
0 8207 1230 8180
0 1031 1549 7952
0 2820 1062 1016
0 1049 7945 1993
0 7945 1049 974
0 1075 2455 1043
0 1432 8205 8204
0 7940 1049 855
0 564 8204 3668
0 1025 1052 7948
0 1420 7934 1071
0 8299 566 668
0 1855 8302 829
0 2766 1758 1181
0 4247 1758 7933
0 1199 2064 1
0 3099 8195 3380
0 483 961 972
0 7948 1086 1025
0 829 1086 7948
0 1574 801 8185
0 2599 1092 892
0 8180 2127 8207
0 1250 8290 8289
0 7963 3654 1110
0 8187 892 1369
0 1702 660 8176
0 4118 8184 2280
0 7956 2166 1130
0 7956 2664 2166
0 7970 1802 3808
0 860 8207 720
0 551 1117 1134
0 4413 660 3888
0 3519 1420 972
0 8208 887 8209
0 2446 7943 980
0 1122 7965 7971
0 2831 1129 8175
0 4136 8182 1129
0 2618 37 887
0 1134 1117 0
0 1233 1135 7930
0 7970 662 2343
0 7926 1138 1386
0 8297 1138 1835
0 1711 0 1117
0 8243 8244 7972
0 7967 933 1596
0 7935 2766 2872
0 8301 3469 1175
0 1230 2064 8180
0 860 720 8208
0 2830 1014 7958
0 1369 1163 2075
0 3668 499 564
0 1175 3469 2187
0 3672 1738 3469
0 921 1197 8292
0 7968 2761 1916
0 8188 2356 4962
0 8177 921 1725
0 1993 2171 7946
0 7946 2171 1031
0 1546 7938 636
0 4114 1617 7969
0 1438 891 8200
0 7950 1465 1006
0 932 7966 680
0 932 1833 7966
0 7964 1432 588
0 7941 3386 3099
0 7937 980 905
0 1138 7928 1386
0 296 519 2018
0 8194 8191 630
0 8194 2123 8191
0 8180 2064 2894
0 524 1003 2933
0 1392 1871 7940
0 504 2622 8243
0 504 8243 7972
0 1883 566 8300
0 1004 2092 1465
0 510 2451 1493
0 1032 7958 3656
0 937 7938 7932
0 1519 1550 7933
0 1826 464 1117
0 1826 1602 1653
0 2123 8194 55
0 1853 516 4784
0 1233 7931 1519
0 2018 826 296
0 8192 296 826
0 1392 7939 1871
0 974 1871 7939
0 2450 8291 8175
0 1175 2187 868
0 55 887 37
0 7964 2240 119
0 7964 119 8206
0 2385 7953 1013
0 1954 1676 1438
0 7931 7930 7929
0 850 7929 7930
0 8181 8174 479
0 8174 8181 1015
0 2221 7929 1066
0 7929 566 1066
0 892 2288 957
0 1484 2288 892
0 1252 8291 8290
0 662 7970 3808
0 2652 8188 1373
0 4079 1373 8188
0 7940 1452 1392
0 1559 3223 8185
0 1835 1138 7926
0 1826 1653 464
0 2208 2933 869
0 980 2006 905
0 8298 1138 8297
0 1386 510 1493
0 639 7971 7965
0 8187 1484 892
0 2288 8182 957
0 7944 974 7939
0 482 7944 7939
0 3837 7939 1392
0 4 2017 1240
0 1005 7953 1165
0 1400 8196 2619
0 970 8196 2726
0 483 972 1420
0 2187 7942 868
0 3469 1738 2187
0 551 1602 1826
0 2184 1654 8202
0 8296 1602 551
0 7972 8244 1833
0 7955 1692 1996
0 8193 970 2726
0 8186 801 2057
0 1991 8195 970
0 2575 1442 8200
0 1493 3075 979
0 7968 1916 933
0 1062 893 1016
0 7955 2271 1367
0 7952 1549 1032
0 1110 1802 7970
0 7963 1110 7970
0 2096 1129 1033
0 1033 1694 2096
0 668 566 7929
0 2933 282 869
0 144 921 8292
0 7967 1596 1544
0 1135 2451 7930
0 510 7930 2451
0 1452 7935 2872
0 1452 2265 7935
0 8197 1400 1676
0 892 957 2599
0 3085 8176 1457
0 2123 55 3049
0 973 3099 339
0 3049 55 37
0 2622 7974 8243
0 1465 7949 1006
0 2092 7949 1465
0 2450 8175 660
0 826 8195 8192
0 1991 8192 8195
0 1009 3223 1559
0 895 8184 8178
0 2280 8184 895
0 8177 4149 895
0 1049 7940 974
0 1871 974 7940
0 1484 8182 2288
0 8182 1484 1010
0 2006 636 905
0 1491 2618 720
0 8291 1252 8175
0 2831 8175 1252
0 1788 803 8181
0 3654 588 2511
0 2511 588 2231
0 471 1104 2026
0 2517 7971 1410
0 1738 1855 1974
0 8198 485 2208
0 485 8198 8
0 1233 1519 3976
0 979 8173 7927
0 7963 588 3654
0 506 575 1122
0 482 636 2006
0 2551 2798 2045
0 4247 7933 1546
0 3837 1546 7939
0 7951 1032 1549
0 7938 1546 3516
0 519 1745 1071
0 1071 2285 519
0 1559 8185 801
0 1154 3053 36
0 1680 8173 1250
0 1544 1048 8245
0 1680 1250 8289
0 8289 2828 1680
0 1251 895 8178
0 8288 1711 464
0 1146 1012 754
0 566 7936 1066
0 1653 7927 1680
0 8173 1680 7927
0 3053 499 8203
0 3223 720 2127
0 8298 1171 7928
0 1165 2151 7961
0 1627 1617 7968
0 1627 7968 8241
0 8174 2831 1252
0 932 1658 7972
0 7952 2385 7946
0 7946 1031 7952
0 575 7954 1122
0 1122 7954 7965
0 485 2571 970
0 8195 485 970
0 485 3386 790
0 2208 485 790
0 8177 1725 1016
0 464 1653 1680
0 504 7972 1658
0 3221 2676 1005
0 2676 7953 1005
0 11 8191 2109
0 1676 2619 891
0 7952 1119 2385
0 1119 7953 2385
0 1692 1006 7949
0 8199 1154 36
0 1171 755 8299
0 1713 55 532
0 8209 55 1713
0 7928 850 1723
0 1725 8176 3085
0 790 2933 2208
0 532 908 51
0 7943 2092 1004
0 660 1702 3888
0 144 1702 921
0 8199 1438 1442
0 891 8 8198
0 2746 891 8198
0 119 4288 2055
0 119 2055 784
0 2005 3099 973
0 8186 944 1491
0 972 961 1758
0 4047 2755 1602
0 7928 510 1386
0 2746 3197 8200
0 516 8197 1954
0 720 8207 2127
0 1788 479 979
0 979 3075 1788
0 1033 8183 1457
0 3191 3799 8242
0 1676 891 1438
0 1802 7961 3934
0 1110 7961 1802
0 1071 7934 2285
0 2551 889 2798
0 2798 889 2343
0 282 2676 3221
0 1432 299 588
0 588 299 2231
0 1833 1542 7966
0 1484 8187 1010
0 1010 8187 2356
0 8193 2726 971
0 803 825 1092
0 803 2451 825
0 3672 8302 1855
0 3672 1855 1738
0 7968 933 7967
0 516 1954 8199
0 1185 520 8294
0 937 905 7938
0 849 2646 1014
0 2343 889 7970
0 1916 7960 5473
0 1916 849 933
0 4288 889 2055
0 784 2055 587
0 2280 893 8190
0 8197 908 971
0 869 1598 8198
0 2746 8198 1598
0 1224 784 286
0 1954 1438 8199
0 8294 8179 1199
0 471 2026 11
0 11 2026 630
0 8177 1251 1197
0 855 1993 1003
0 1003 1993 7946
0 1996 1025 575
0 1062 8189 1998
0 1016 893 4149
0 8177 1016 4149
0 2005 7935 2265
0 36 131 516
0 8199 36 516
0 1052 1974 7948
0 1024 1974 1052
0 944 2109 8191
0 803 1092 2599
0 8197 516 1853
0 8197 1853 908
0 908 1853 4784
0 638 3143 1010
0 55 8194 532
0 8190 2998 2046
0 2057 801 8184
0 8184 500 2057
0 2746 8200 891
0 893 2280 895
0 510 1723 7930
0 1574 8178 801
0 298 937 7932
0 7936 566 1883
0 8173 8174 1250
0 11 2109 500
0 944 2238 2109
0 1104 735 8192
0 2060 829 8302
0 636 482 7939
0 8174 1015 2831
0 1015 8181 957
0 8189 735 4305
0 8188 638 2356
0 8196 1400 2726
0 3519 7934 1420
0 2161 2581 506
0 2622 2161 7974
0 1165 1007 2151
0 5200 7959 2151
0 2171 7945 1031
0 298 7932 1066
0 7936 298 1066
0 8183 638 2820
0 1230 1 2064
0 4047 979 7927
0 4047 3771 979
0 1993 7945 2171
0 2221 1066 7932
0 8246 2055 2551
0 1974 1024 2446
0 2057 500 2238
0 2240 889 4288
0 524 2933 790
0 3451 543 844
0 4182 1092 1163
0 51 908 4784
0 2646 7953 1014
0 1452 509 2265
0 8246 2551 2045
0 2271 1996 506
0 2271 506 2581
0 7951 2439 1032
0 2356 638 1010
0 7947 5160 3119
0 8185 2341 4679
0 662 4124 2045
0 282 1598 869
0 7972 1833 932
0 2341 8180 2894
0 8180 2341 3223
0 2343 662 2045
0 2045 2798 2343
0 1024 7943 2446
0 8187 1369 1071
0 8187 1071 1745
0 1745 2356 8187
0 7968 1617 2761
0 8190 2046 3514
0 1146 7950 844
0 8199 1442 1154
0 7963 7970 889
0 7963 889 2240
0 7947 3119 3767
0 2005 509 7941
0 3221 7947 5767
0 1119 1014 7953
0 1550 2221 7932
0 1367 3330 7956
0 1658 3330 1367
0 933 2830 7958
0 51 1654 2184
0 3053 1154 499
0 119 1224 8206
0 2571 8 8196
0 485 8 2571
0 1199 8179 4471
0 2575 8200 614
0 1653 2755 7927
0 1367 2581 504
0 499 899 564
0 8181 803 2599
0 3325 7960 6627
0 970 1104 1991
0 961 1519 7933
0 1758 961 7933
0 1007 2646 3325
0 2265 509 2005
0 1491 37 2618
0 3139 2017 4
0 3139 4 1654
0 2581 2161 2622
0 2628 1013 282
0 1154 899 499
0 3656 1014 1119
0 1014 3656 7958
0 8208 2618 887
0 2055 889 2551
0 1062 2652 1373
0 2664 932 680
0 7956 3330 2664
0 1075 2231 3048
0 1071 1369 2075
0 1738 1974 7942
0 4305 2697 8189
0 1998 8189 2697
0 1181 3837 1392
0 3048 299 564
0 2761 7960 1916
0 2761 4114 7960
0 972 1758 2766
0 7935 3519 2766
0 1998 8190 893
0 1883 8300 8301
0 1163 483 2075
0 4029 483 1163
0 1653 1602 2755
0 7926 1602 1835
0 7926 4047 1602
0 543 1166 2439
0 2820 638 1062
0 1075 3048 8201
0 3048 899 8201
0 933 849 2830
0 849 1014 2830
0 1015 1129 2831
0 2856 1713 532
0 8202 2856 2873
0 1033 3143 8183
0 919 1713 2856
0 2872 2766 1181
0 2873 2856 532
0 131 2017 3139
0 131 36 2017
0 7942 1974 2446
0 2894 4471 8179
0 4679 2894 8179
0 3221 1005 5160
0 7927 2755 4047
0 2322 1654 4
0 7952 1032 3656
0 299 3048 2231
0 735 3344 8192
0 471 2998 2697
0 506 1996 575
0 1146 1004 2986
0 7955 3014 1006
0 668 1171 8299
0 7930 7931 1233
0 299 8204 564
0 1432 8204 299
0 3075 803 1788
0 1016 3085 1457
0 1725 3085 1016
0 1181 1546 3837
0 3119 2455 478
0 3119 1005 2455
0 3325 2646 849
0 520 281 1574
0 1185 281 520
0 8242 3799 1627
0 1025 7949 1052
0 3221 5767 1598
0 282 3221 1598
0 1010 3143 8182
0 504 2581 2622
0 2045 3191 1242
0 1242 3191 8242
0 614 3197 7947
0 2455 1165 7961
0 747 7951 1031
0 1617 3799 7969
0 7926 3771 4047
0 1009 720 3223
0 7926 1386 3771
0 630 8191 11
0 1855 829 7948
0 844 1012 1146
0 7950 2986 1465
0 2075 483 1420
0 1165 2455 1005
0 660 4413 2450
0 8303 7954 2060
0 1369 4182 1163
0 1541 6627 4114
0 339 3380 826
0 3099 3380 339
0 638 2652 1062
0 1692 1025 1996
0 2046 471 11
0 11 500 2046
0 485 8195 3386
0 738 680 7966
0 738 7966 1596
0 296 8189 1373
0 296 3344 8189
0 840 1175 868
0 2187 1738 7942
0 2166 543 1130
0 1130 3014 7956
0 7952 3656 1119
0 1549 1031 7951
0 1016 1457 8183
0 8174 1252 1250
0 1250 1252 8290
0 3670 8205 7964
0 1711 1117 464
0 2184 532 51
0 2873 532 2184
0 639 7965 8303
0 1130 1006 3014
0 2746 5767 3197
0 3514 2046 500
0 8184 3514 500
0 3516 1546 7933
0 3516 7933 7932
0 2455 7961 1043
0 520 8185 4679
0 3386 8195 3099
0 7957 1166 680
0 850 668 7929
0 7943 1004 4119
0 1086 7954 1025
0 8177 1197 921
0 1146 2986 7950
0 8241 7967 8245
0 2998 471 2046
0 7973 2517 1410
0 2018 519 339
0 2761 1617 4114
0 1007 7953 2646
0 5767 2746 1598
0 8298 7928 1138
0 1251 8177 895
0 971 630 8193
0 1546 636 7939
0 1442 1438 8200
0 973 7934 7935
0 8186 1559 801
0 2026 1104 8193
0 3767 3119 478
0 3767 478 614
0 3771 1386 1493
0 3771 1493 979
0 4136 957 8182
0 7944 754 974
0 482 2006 7943
0 7967 1544 8245
0 3191 7969 3799
0 1146 754 7944
0 2238 500 2109
0 7969 662 1541
0 7969 1541 4114
0 7941 3099 2005
0 3888 1702 144
0 7943 4119 482
0 4119 7944 482
0 8202 919 2856
0 1013 7953 2676
0 3048 564 899
0 3075 2451 803
0 3808 3934 7959
0 2151 7959 3934
0 1541 3808 7959
0 1541 7959 6627
0 7938 905 636
0 961 483 3976
0 3976 1519 961
0 1012 7951 747
0 844 7951 1012
0 944 3049 1491
0 944 8191 3049
0 1452 2872 1392
0 131 3139 1654
0 1163 825 4029
0 7955 1006 1692
0 1627 8241 8242
0 2057 2238 8186
0 971 8194 630
0 2599 957 8181
0 8 2619 8196
0 8 891 2619
0 971 1400 8197
0 971 2726 1400
0 3325 6627 5200
0 5200 6627 7959
0 1835 1602 8296
0 296 1373 4079
0 519 296 4079
0 543 2166 1166
0 1024 7949 2092
0 7955 1996 2271
0 2161 7973 7974
0 7931 7929 2221
0 2450 4413 8291
0 1676 1400 2619
0 8184 4118 3514
0 4119 1004 1146
0 2045 4124 3191
0 1015 4136 1129
0 1015 957 4136
0 1003 524 855
0 1003 7946 2628
0 4149 893 895
0 801 8178 8184
0 892 1092 4182
0 131 4784 516
0 4784 131 51
0 2026 8193 630
0 1491 3049 37
0 7950 3451 844
0 3519 972 2766
0 1181 4247 1546
0 587 2055 8246
0 5767 7947 3197
0 754 1012 747
0 4305 735 471
0 471 2697 4305
0 7934 973 339
0 1240 36 3053
0 855 1049 1993
0 1154 1442 899
0 339 826 2018
0 2894 2064 4471
0 1199 4471 2064
0 339 519 2285
0 1596 933 7958
0 2439 7951 844
0 829 7954 1086
0 543 2439 844
0 855 524 509
0 7949 1025 1692
0 2271 2581 1367
0 1452 855 509
0 1062 1998 893
0 3799 1617 1627
0 1369 892 4182
0 1043 7961 7962
0 7962 7961 1110
0 5200 1007 3325
0 7942 2446 980
0 7942 980 868
0 520 4679 8179
0 8182 1033 1129
0 1033 8182 3143
0 7966 1542 1048
0 7966 1048 1544
0 7955 1367 3014
0 1033 1457 1694
0 1702 8176 921
0 921 8176 1725
0 1367 504 1658
0 1544 1596 7966
0 519 4962 1745
0 8201 478 1075
0 2017 36 1240
0 519 4079 4962
0 7962 2231 1075
0 1075 1043 7962
0 970 8193 1104
0 662 3808 1541
0 2828 8288 1680
0 7936 1883 840
0 3223 2341 8185
0 51 131 1654
0 1024 1052 7949
0 2664 3330 932
0 3330 1658 932
0 5160 1005 3119
0 2161 2517 7973
0 1007 5200 2151
0 1004 1465 2986
0 7953 1007 1165
0 3541 2517 2161
0 8288 464 1680
0 2096 1694 8175
0 1392 2872 1181
0 119 2240 4288
0 1916 5473 849
0 5473 3325 849
0 8180 3223 2127
0 506 1122 3541
0 506 3541 2161
0 543 3451 1130
0 660 8175 1694
0 850 1171 668
0 575 1025 7954
0 735 8189 3344
0 4962 2356 1745
0 1802 3934 3808
0 3654 7962 1110
0 3014 1367 7956
0 3541 1122 7971
0 3654 2511 7962
0 4679 2341 2894
0 7941 790 3386
0 4029 825 1135
0 4247 1181 1758
0 3221 5160 7947
0 8175 1129 2096
0 4114 6627 7960
0 1654 2322 8202
0 1240 3053 8203
0 2151 3934 7961
0 7938 3516 7932
0 7957 1596 7958
0 7957 7958 1032
0 7963 2240 7964
0 4118 2280 8190
0 8201 2575 614
0 8201 1442 2575
0 1998 2697 8190
0 296 8192 3344
0 2208 869 8198
0 7963 7964 588
0 7964 8205 1432
0 8206 3670 7964
0 3514 4118 8190
0 1251 8293 2069
0 8297 1835 8296
1 4654 6155 6966
1 3794 8076 5756
1 8148 10 8481
1 6491 8254 8461
1 6165 8310 2795
1 8260 53 68
1 8597 6853 6671
1 848 4780 7902
1 6181 6494 3631
1 6595 8517 6973
1 6073 8499 7520
1 5710 6 26
1 2128 7835 246
1 66 34 59
1 8469 7081 7730
1 5431 180 163
1 186 161 8541
1 5172 5769 4303
1 7577 8615 2376
1 44 32 53
1 5333 3636 8130
1 8467 13 8492
1 8630 8495 856
1 7451 7 15
1 120 134 5087
1 138 160 5174
1 8070 136 7093
1 8225 8480 7071
1 7889 8335 8333
1 7492 5220 2946
1 8619 7385 3790
1 7675 7312 132
1 166 141 8058
1 8322 6736 6958
1 4681 6421 5952
1 4514 8148 7871
1 277 8219 7479
1 2363 260 7682
1 5662 8452 8488
1 13 20 8492
1 250 218 228
1 8621 8251 4871
1 41 8307 49
1 178 8527 152
1 272 251 283
1 6966 7680 2829
1 6082 8258 6200
1 8062 6109 4680
1 7343 6679 8629
1 5896 8629 615
1 35 31 46
1 7343 8629 6414
1 7284 5292 4745
1 6343 7837 2624
1 90 85 145
1 41 30 622
1 49 8307 59
1 6384 8128 6437
1 90 145 114
1 5777 1261 4785
1 6104 717 7842
1 35 58 67
1 6651 7983 745
1 8340 6068 8133
1 863 7799 8094
1 983 863 8094
1 8310 6165 8458
1 3815 8161 8160
1 8363 7517 4376
1 6204 1880 7004
1 7977 72 93
1 7182 1483 909
1 6921 52 67
1 1261 5777 5517
1 6921 42 52
1 7391 6421 8462
1 7815 5319 6651
1 7482 5606 6825
1 4002 248 2363
1 272 7682 260
1 278 1063 269
1 3968 5076 7705
1 7856 6264 5390
1 3631 4763 6527
1 6479 2401 7325
1 2896 917 7903
1 8129 5417 8055
1 7601 4737 6344
1 7194 7723 6166
1 7468 6081 7219
1 900 1471 6081
1 2048 2532 1938
1 5606 7482 5506
1 8323 7632 4600
1 8058 3881 8057
1 1464 2105 2918
1 7922 4563 2868
1 7683 6025 8551
1 7781 6522 1309
1 4507 7727 7774
1 8392 4189 7774
1 2566 7690 4928
1 8565 8629 5896
1 5669 717 7225
1 5669 8586 6535
1 7633 7990 7376
1 2474 4880 7741
1 7812 6596 8233
1 1474 7509 228
1 1474 228 8265
1 8514 128 104
1 8083 2186 8379
1 7001 3742 4171
1 1235 2710 5240
1 5213 4542 4008
1 31 21 8148
1 4743 7918 5918
1 7841 4927 7788
1 7143 7132 5019
1 4803 6600 1217
1 7484 8268 6408
1 7917 8078 8067
1 1485 6052 1523
1 6962 8345 7285
1 1449 7464 8397
1 6783 3985 5252
1 6783 7266 7833
1 8345 6182 7860
1 7136 7424 7428
1 7673 89 117
1 3600 4445 3885
1 4445 7628 7818
1 7780 7631 1308
1 8568 6820 1572
1 7694 8333 8335
1 6905 2946 8339
1 6982 8335 6827
1 8608 6725 8508
1 2114 8138 1955
1 827 3171 3365
1 2103 5290 3171
1 7882 111 92
1 92 111 7698
1 7660 8227 7882
1 6693 2150 6382
1 7029 7559 7837
1 1023 4766 925
1 1023 8142 4766
1 1893 7523 7488
1 856 8495 2114
1 5366 8571 3777
1 1428 6399 7349
1 2107 5232 8143
1 8253 184 203
1 8096 2840 707
1 6479 7325 6546
1 3858 6347 7861
1 5170 8583 8595
1 2114 8140 3017
1 172 7762 189
1 1173 7125 7872
1 8495 8140 2114
1 6112 8623 65
1 8564 2146 8589
1 8564 4862 2146
1 246 257 2128
1 4475 4166 4763
1 1511 8141 6478
1 8276 8307 6504
1 1648 6504 622
1 8083 7648 2186
1 856 2189 2102
1 2102 2189 8509
1 7649 6500 2191
1 278 279 1407
1 523 7925 6103
1 7283 1249 7224
1 5177 7891 7209
1 7218 7242 6093
1 1249 6769 7224
1 6217 7566 8543
1 1648 8276 6504
1 4862 4894 8262
1 8082 4862 8262
1 218 227 8265
1 827 5030 2896
1 7738 4265 7309
1 7439 4161 8305
1 3255 898 8593
1 8265 3116 7718
1 3723 7736 2458
1 6958 7786 8324
1 8374 7858 5096
1 6763 5055 101
1 5981 101 7569
1 4876 7484 7740
1 7897 8169 674
1 4591 8567 928
1 2503 1631 5181
1 8128 6384 3844
1 6078 2532 2048
1 1873 1173 4449
1 1938 6929 1774
1 5216 7837 7559
1 3636 7289 7813
1 3063 4917 2162
1 8052 2429 671
1 247 8132 259
1 5096 7858 1619
1 8052 8247 2429
1 1063 278 1407
1 6096 976 2454
1 725 4586 8265
1 6082 986 8258
1 3538 7619 7911
1 7632 6535 4600
1 1801 5980 2467
1 6693 1382 1064
1 6682 1064 1382
1 227 238 725
1 725 8265 227
1 6028 8088 8258
1 1074 8390 7124
1 146 170 135
1 3783 8600 7257
1 7334 178 197
1 8457 66 59
1 149 145 164
1 7703 5559 1257
1 7977 2079 72
1 8080 8560 8325
1 192 210 4717
1 5858 7198 8347
1 6896 109 85
1 1948 3622 7852
1 6844 7563 7900
1 6028 1217 6066
1 6921 67 562
1 8147 179 208
1 2964 4421 5717
1 1510 5938 8282
1 6826 1510 5529
1 248 4002 241
1 581 2555 8395
1 1529 5450 3235
1 8533 5419 3996
1 7666 1312 4703
1 4873 8338 7227
1 8270 2052 4873
1 3631 2729 5698
1 1192 3418 8464
1 1192 4719 3418
1 903 6329 1523
1 7726 5862 3695
1 658 7458 5945
1 7709 7630 7237
1 7237 7630 2643
1 6648 7877 7812
1 7894 4913 8305
1 6682 1382 8387
1 4598 5503 6960
1 6839 2070 7725
1 5443 1022 6770
1 8376 6770 4230
1 7212 6137 8169
1 14 5263 8139
1 2474 7741 7221
1 8379 7463 7784
1 5535 1277 8569
1 8457 7827 6745
1 7921 2692 8588
1 6558 2384 8579
1 7001 4171 2707
1 4262 2707 6961
1 560 67 58
1 562 67 560
1 7728 2520 7641
1 7725 7728 7641
1 7887 6457 7795
1 8357 4766 1639
1 7136 7143 4677
1 7067 2731 7915
1 2624 7837 739
1 7887 7795 7889
1 1744 4262 6961
1 5816 7828 6041
1 5008 2309 2752
1 3109 8282 2757
1 7225 4387 2757
1 560 58 46
1 7161 6322 3440
1 1771 7421 4676
1 4894 2345 8262
1 2780 7697 8477
1 8169 6137 8469
1 3365 3171 5290
1 56 3365 43
1 1407 279 8545
1 8545 279 266
1 218 8265 228
1 6217 3507 8542
1 162 1221 7133
1 7795 2793 7987
1 8268 5139 7823
1 1407 1077 1063
1 5976 1077 1407
1 8350 7195 5792
1 7482 6825 2823
1 3996 5330 5213
1 8512 8509 4230
1 2474 8141 4880
1 248 260 2363
1 4027 5943 7680
1 5846 8075 6468
1 5101 3173 3346
1 1817 6482 8399
1 256 268 8564
1 21 10 8148
1 5952 5810 7975
1 8140 7742 7739
1 8271 7739 7742
1 6895 90 4830
1 6763 4830 90
1 5476 8096 707
1 1078 2868 7786
1 7922 2868 1078
1 7827 7828 5816
1 224 219 8616
1 7578 7870 1964
1 4983 8524 4380
1 7236 8483 3659
1 6801 2896 7903
1 6723 7984 7685
1 1464 2918 1783
1 7801 1783 2918
1 2920 6801 7903
1 2920 8092 2103
1 8539 6773 7548
1 7604 8463 7002
1 3968 1247 5076
1 8631 704 8589
1 8151 711 6570
1 6028 8258 1217
1 3365 8623 827
1 3076 8356 6828
1 7080 8608 6828
1 5055 6763 4954
1 2967 8095 5793
1 8324 6871 8321
1 6720 2624 739
1 7274 7722 7421
1 7902 8093 6818
1 2384 4071 2987
1 2987 4071 5806
1 7252 6366 6853
1 8218 6937 8220
1 7484 8270 8268
1 3724 7387 7396
1 8256 707 5919
1 2456 3017 7739
1 2456 8138 3017
1 5420 7816 1775
1 5449 7816 5420
1 6374 7584 8398
1 6922 2048 6204
1 8608 3027 6357
1 8138 7323 7802
1 8260 7078 4870
1 3881 123 103
1 2147 2324 7517
1 3439 7868 7831
1 703 2704 7433
1 8391 8538 6930
1 3063 7585 1972
1 1972 4917 3063
1 8351 3064 2675
1 7862 3064 3093
1 7883 1744 173
1 7741 5393 5606
1 23 5181 14
1 5181 5263 14
1 6412 2203 3536
1 8131 4607 928
1 4607 8132 4591
1 2291 7426 5469
1 5790 1948 7735
1 8567 6820 928
1 247 236 3359
1 5677 2611 3083
1 3567 4733 674
1 5945 5508 8492
1 1483 3106 909
1 4586 8135 3116
1 8089 163 129
1 7682 272 283
1 3262 5507 6230
1 8124 3313 4733
1 8498 7689 8506
1 7051 8498 8506
1 7836 1076 6622
1 8359 787 5494
1 6600 4437 787
1 8456 5303 7370
1 8094 8095 2780
1 4369 672 4455
1 7256 8502 7727
1 3886 8152 6780
1 7717 7883 8553
1 3169 7879 7917
1 7409 7879 3169
1 6603 7742 8140
1 2141 6288 7057
1 2632 7387 3724
1 4362 3657 3024
1 3657 8318 3024
1 7105 8273 7302
1 3905 5292 3187
1 7284 3187 5292
1 6591 8576 7712
1 8260 6689 8513
1 4223 5252 953
1 8260 68 62
1 7475 3882 6157
1 3882 2335 8635
1 2742 4710 8625
1 7811 3209 617
1 8582 7982 8581
1 560 3824 6014
1 5061 3824 560
1 2913 8337 6918
1 7316 7891 2283
1 6001 7447 7781
1 7890 4691 6540
1 7990 7516 4836
1 7342 6479 6640
1 6640 6230 7342
1 3742 7001 1371
1 8377 7822 7155
1 6170 2941 7513
1 6645 5535 6858
1 8389 3256 8547
1 7989 8547 3256
1 3262 8166 5507
1 7685 1727 2019
1 7839 2019 4396
1 4739 3858 8375
1 7145 7305 4960
1 6889 7779 8459
1 7897 674 4733
1 8219 275 8217
1 8132 8217 275
1 5569 8611 4346
1 1264 5365 7806
1 4362 5945 3657
1 3288 8391 1076
1 7836 3288 1076
1 4780 6691 7902
1 8618 3870 5898
1 8388 6011 3532
1 7445 3532 8547
1 8586 5331 7923
1 7065 5622 6339
1 8151 6570 5622
1 8456 5443 923
1 8636 3535 4264
1 4349 8357 7253
1 3068 8630 6634
1 8150 7206 7537
1 2829 4654 6966
1 7762 8529 1804
1 3102 7541 1841
1 2721 8533 3336
1 3337 8118 4269
1 4101 7712 8384
1 42 6921 871
1 8126 2795 4955
1 7818 3885 4445
1 8550 7837 5216
1 253 6308 4991
1 3151 4002 7200
1 7499 6212 8556
1 6015 1893 3617
1 581 6956 6191
1 8145 1464 1783
1 1483 1485 7843
1 4785 5341 8089
1 7643 42 871
1 7802 2411 1955
1 7551 7840 5755
1 6588 6282 7862
1 2566 2048 6922
1 7906 8233 7341
1 5570 5177 6429
1 2742 7712 4101
1 8536 2742 4101
1 8156 4105 4909
1 5931 2632 5665
1 5162 239 7509
1 6007 7181 5670
1 7701 7544 7491
1 5006 5933 8477
1 8247 7847 7848
1 8519 839 6372
1 7779 8519 6372
1 230 222 4969
1 8388 4152 5901
1 3231 7369 7480
1 3824 5061 4153
1 1168 4153 7871
1 241 4002 8616
1 4170 8490 8171
1 6542 5601 5727
1 7774 7773 8392
1 7773 1953 8392
1 4179 2762 8496
1 8338 4179 8496
1 230 4969 249
1 7096 7823 5514
1 5232 4128 8143
1 7024 7976 6936
1 5250 4021 4246
1 746 4021 5953
1 4211 8393 3322
1 4211 3322 7691
1 898 3255 6004
1 3724 7396 620
1 7732 8211 3726
1 3822 8351 2675
1 4201 7065 6339
1 4201 5465 7065
1 7226 6283 7148
1 4216 8497 2483
1 2483 7740 4216
1 3567 7736 5790
1 2146 8631 8589
1 2146 8082 8631
1 884 3475 8361
1 8490 8470 8170
1 4371 8490 8170
1 7133 3742 8537
1 8075 3475 884
1 5507 7118 6230
1 7649 5884 7692
1 7726 7692 5884
1 7691 3322 2124
1 8363 128 151
1 7855 6329 6243
1 2586 7643 2555
1 7643 2586 3388
1 4159 1633 4235
1 6946 6666 8087
1 5964 7986 2289
1 3617 1893 926
1 2890 1284 5853
1 1428 3337 2014
1 5853 1284 8342
1 8118 3337 1428
1 8387 1382 7211
1 4258 2336 4955
1 1076 7525 7626
1 257 1063 2128
1 8351 3382 6542
1 7731 7848 6240
1 7848 6062 6240
1 4198 7856 5602
1 8332 8635 3535
1 8332 3535 7693
1 5602 4983 4198
1 228 7509 239
1 7557 7901 7658
1 2566 6078 2048
1 2566 7689 6078
1 89 7672 117
1 8356 7481 7102
1 7805 945 3826
1 8397 3826 945
1 6539 3818 7794
1 85 90 6895
1 7850 7732 3726
1 2429 8471 671
1 1801 7654 2768
1 7859 8064 8375
1 8375 8064 8341
1 4367 6542 5727
1 8479 2454 4257
1 6096 2454 8479
1 4240 1464 8145
1 8145 6097 4240
1 6056 6435 473
1 2586 8505 6038
1 7736 3567 674
1 8146 187 7814
1 8091 7286 976
1 3373 6252 3583
1 3373 3583 5901
1 160 138 8528
1 8569 5896 5745
1 6311 8381 8587
1 3636 7387 2632
1 3478 4002 3151
1 1247 3968 5605
1 5333 7387 3636
1 8457 59 8307
1 1063 1077 5571
1 2643 7602 4251
1 8160 6425 7819
1 8619 8618 3198
1 8512 1022 7078
1 6717 5615 5228
1 7021 8315 7307
1 4369 5615 6717
1 8334 8331 4691
1 8389 8571 3256
1 7989 3256 8571
1 2941 4042 8572
1 4480 8572 4042
1 5181 1631 7742
1 2704 1523 906
1 4912 2987 7687
1 6640 6668 6230
1 4063 8387 8575
1 4166 224 8616
1 5933 2780 8477
1 7687 2987 5806
1 7629 6923 1078
1 6671 6004 780
1 8172 2349 6281
1 5790 631 3622
1 170 8597 778
1 6284 3484 8556
1 8569 5745 8062
1 8349 4699 8053
1 8075 7831 7913
1 6450 8363 4376
1 3118 6124 7902
1 1900 7318 8539
1 8078 5756 8076
1 4591 8132 247
1 247 3359 4591
1 7975 7033 7915
1 8562 8596 7388
1 7030 6704 8368
1 6475 8591 903
1 3600 5325 6471
1 3600 6471 6580
1 2503 4870 922
1 7911 6519 7667
1 4758 4781 8576
1 4781 7712 8576
1 6589 6713 8372
1 6920 7777 7598
1 2967 7666 4703
1 8060 7680 4776
1 5943 4776 7680
1 3440 6322 1064
1 7426 2291 3346
1 7839 1718 2019
1 1168 3824 4153
1 8598 3558 7594
1 6571 3636 7813
1 5467 8486 7594
1 4470 1147 2102
1 8513 1147 4470
1 1371 8387 4480
1 6915 8393 883
1 6915 7004 8393
1 5396 3144 7526
1 7087 5396 7526
1 8351 7863 3064
1 3064 7863 7700
1 8320 5674 5577
1 4504 6826 8589
1 1953 1915 8392
1 7027 7679 6822
1 149 4954 114
1 7859 3858 7861
1 8375 3858 7859
1 2162 4917 8393
1 3322 8393 4917
1 8226 7368 8154
1 8154 7368 7769
1 8139 3068 6127
1 4937 8513 8512
1 5116 5507 8166
1 8220 7498 8218
1 7718 7509 1474
1 4733 3313 5485
1 7801 2918 7397
1 8091 2920 7903
1 8267 7523 6543
1 7523 8267 5732
1 8353 8572 4063
1 8572 8387 4063
1 7901 2967 7658
1 7901 8095 2967
1 3708 8604 7358
1 993 3708 7531
1 8483 5406 6258
1 7858 3877 1619
1 5535 8569 8062
1 8492 5508 8471
1 6540 7796 7890
1 7785 156 163
1 6709 7855 7845
1 7922 4535 1248
1 1948 2557 8248
1 8212 7733 2430
1 631 7736 3723
1 4551 7536 8121
1 5254 7405 8229
1 5443 4103 8271
1 8346 3877 8348
1 246 725 238
1 725 246 7835
1 5659 4428 1823
1 6281 6066 1255
1 5476 7052 6227
1 7678 3708 5038
1 3737 8340 7490
1 7136 7132 7143
1 3569 7019 8591
1 780 8584 204
1 780 204 6281
1 8485 5633 8489
1 8612 8379 2186
1 7845 7855 6552
1 1394 3751 1775
1 7562 6314 7404
1 3751 5420 1775
1 7845 6552 5581
1 8364 7524 5721
1 7869 7524 7874
1 4577 7298 2611
1 7298 4577 8585
1 3583 8388 5901
1 3583 1354 8388
1 8571 8389 6294
1 5791 6294 8389
1 4960 4404 6844
1 6380 8314 4338
1 7146 8361 8055
1 3173 5101 7384
1 7375 8391 3288
1 7836 6220 3288
1 3036 3794 7910
1 3794 3036 8076
1 7549 7838 7562
1 2483 3772 2762
1 6937 8218 8347
1 123 3881 8058
1 4961 236 223
1 4961 3359 236
1 8341 6602 8375
1 6200 8258 8088
1 7597 1354 7664
1 6698 7021 7702
1 2429 3398 8471
1 6037 4635 5779
1 4635 6998 5779
1 8336 8166 3262
1 5631 3822 8216
1 615 8629 6679
1 463 180 5431
1 8579 6683 3775
1 8579 3775 6413
1 8370 3487 2370
1 3475 8077 8361
1 7449 5720 1338
1 5181 7742 5263
1 7004 2162 8393
1 5560 6590 1257
1 6707 8465 6145
1 6145 8213 6707
1 3536 1074 7124
1 8497 4224 3772
1 1771 4676 1770
1 4676 7722 1770
1 1639 4766 8142
1 6720 739 2989
1 4246 4021 1718
1 5631 7131 3822
1 1394 1775 252
1 252 4475 1394
1 3939 4763 6494
1 6494 3921 3939
1 8317 7113 8320
1 5050 7984 4652
1 5804 8354 6864
1 2458 7894 6768
1 2458 7736 4705
1 7529 7241 4663
1 4903 2162 7004
1 7718 1474 8265
1 122 8086 7662
1 6338 5379 1254
1 5471 6584 2105
1 7851 7733 5377
1 581 6191 2555
1 4677 7143 2291
1 7425 4677 2291
1 6717 5228 4276
1 95 5955 121
1 5709 95 121
1 6109 4479 4739
1 6602 6109 4739
1 179 5717 208
1 5101 3346 2291
1 8359 5607 787
1 7809 5607 8359
1 3863 1893 7488
1 7648 7624 2692
1 7800 8141 5316
1 46 58 35
1 62 5710 50
1 50 5710 40
1 5710 62 68
1 40 5710 26
1 52 42 35
1 7601 6560 3187
1 35 42 27
1 7197 1735 4586
1 52 35 67
1 1022 922 7078
1 3882 6458 6157
1 6458 3882 8635
1 3418 1915 1953
1 4654 3886 6780
1 2829 8367 3886
1 7140 715 5531
1 7590 8090 6419
1 8536 4101 7716
1 6533 8536 7716
1 5519 69 104
1 104 6450 5519
1 1248 6709 7845
1 3135 7242 7924
1 7924 7242 7921
1 2345 7842 7632
1 2345 7632 8262
1 57 45 34
1 8337 5904 7348
1 7348 5904 1625
1 3176 2757 5938
1 2757 3176 7225
1 66 57 34
1 1915 1964 7002
1 1915 7002 8394
1 8257 7645 2586
1 7645 8505 2586
1 8590 909 7494
1 2520 8392 8394
1 8392 1915 8394
1 1769 4888 7421
1 1394 4763 3939
1 3939 3921 3751
1 8150 7537 8487
1 167 153 139
1 5443 8456 4103
1 7370 4103 8456
1 7639 6446 7885
1 6446 7028 7885
1 3024 8318 5615
1 4271 5615 8318
1 6081 1471 7844
1 7231 8056 6863
1 7324 8061 8161
1 7826 5215 4235
1 6103 7724 4804
1 1221 162 196
1 3996 4737 5330
1 3305 7305 8519
1 5403 6326 7022
1 7305 3305 4960
1 3921 5420 3751
1 6290 2642 8396
1 4511 8096 2650
1 6449 1973 5220
1 4511 2840 8096
1 224 4475 233
1 4589 7848 7847
1 5471 8511 7096
1 4983 8606 4198
1 739 4071 2989
1 2989 6462 6006
1 746 1718 4021
1 8386 4878 7838
1 4878 7562 7838
1 8545 4024 5976
1 8461 7361 8154
1 8349 4092 5700
1 7362 8154 7361
1 4540 2689 4026
1 7980 733 6750
1 236 247 5231
1 8336 3943 5432
1 8336 5432 8163
1 6314 7562 8552
1 4455 672 671
1 8052 671 672
1 2941 8570 4042
1 4053 4650 4224
1 8366 5435 5490
1 6383 7918 4418
1 1881 5937 1308
1 5467 3695 8486
1 146 135 134
1 6863 7146 7150
1 5101 4865 5395
1 2291 4865 5101
1 6624 7814 8605
1 6624 8605 8525
1 4563 7922 7610
1 7986 4758 2289
1 4758 7986 4781
1 1823 4565 2890
1 6432 4157 7866
1 224 4166 4475
1 8456 7287 5303
1 5898 6533 8551
1 7683 8551 6533
1 6777 1625 4134
1 7743 7821 7292
1 268 4135 8564
1 4135 268 4894
1 8132 275 259
1 3135 7844 7242
1 3135 7219 7844
1 7920 7865 3778
1 7811 6636 3209
1 7904 3209 6636
1 4903 3971 2162
1 6268 2701 4904
1 4000 4904 2701
1 4230 6770 1022
1 8060 3750 7680
1 4159 4162 1633
1 4427 4162 5212
1 8060 5297 3750
1 4171 1221 196
1 7384 8129 3173
1 3173 8129 3346
1 4745 5695 8532
1 7985 2283 989
1 6067 4863 5879
1 6860 5286 5560
1 30 41 34
1 41 49 34
1 19 30 34
1 34 491 19
1 8066 8067 8078
1 8067 8066 5843
1 7989 8354 5864
1 1084 4932 103
1 4186 4717 210
1 4650 2107 4224
1 210 6879 4186
1 8497 4053 4224
1 8260 8513 4937
1 8260 4937 7078
1 7225 717 4387
1 8392 2520 4189
1 8603 2793 6457
1 7728 4189 2520
1 69 7695 4192
1 69 4192 1295
1 6408 8268 7823
1 7854 7123 6443
1 7711 4948 2023
1 7711 8573 4948
1 1801 1264 5980
1 7595 8084 1182
1 7136 7425 7424
1 7424 7425 7881
1 6077 192 4717
1 8386 8552 4878
1 883 8393 4211
1 883 4211 7691
1 8485 6045 8365
1 7709 7237 8053
1 1061 5164 7908
1 4153 4514 7871
1 8530 134 120
1 4598 6960 8310
1 8261 8507 4976
1 4217 8273 8274
1 8068 7426 4219
1 7426 8129 4219
1 5540 7722 8558
1 3905 3932 3908
1 7436 6918 7738
1 1283 4565 2822
1 585 7002 8463
1 6290 7002 585
1 8331 7551 7360
1 5705 7275 8477
1 4243 6004 3255
1 3255 8264 4243
1 6902 6076 2913
1 4153 5061 4514
1 8149 7871 6373
1 7675 173 7763
1 4246 7694 5250
1 33 6384 22
1 5432 4992 3908
1 3908 4992 5355
1 5053 5436 8376
1 2189 5436 5053
1 8066 8076 7864
1 8321 6871 8065
1 8503 4037 5105
1 2620 4746 5688
1 8345 7860 6937
1 6326 5403 1274
1 1619 5172 4303
1 3877 5172 1619
1 38 8371 54
1 883 7690 2566
1 4297 8143 8142
1 4297 2107 8143
1 4635 7371 6998
1 5432 3943 4992
1 6909 1244 4183
1 6104 6909 4183
1 7730 6941 8469
1 6815 848 1310
1 6122 7094 8090
1 7900 7563 4344
1 4156 2302 4329
1 5008 5755 3818
1 3818 2309 5008
1 6135 4331 6497
1 4541 6497 4331
1 8063 6985 8568
1 5019 5135 7810
1 5961 7810 5135
1 4479 3858 4739
1 7841 6535 8586
1 5630 6870 5659
1 8587 4346 7224
1 4346 7283 7224
1 7741 3231 7480
1 1511 3231 7741
1 7170 7566 8534
1 1479 2611 5581
1 7851 4357 7733
1 4357 5503 7850
1 8524 1235 4380
1 8500 7691 4358
1 8500 4358 8452
1 6870 6444 5659
1 1264 1801 5365
1 7906 7341 7913
1 5154 1841 6130
1 1841 5154 7771
1 4376 7517 2324
1 6450 4376 2324
1 8248 4383 7735
1 8125 7735 4383
1 7656 234 222
1 7206 8084 6045
1 8266 4396 5262
1 5469 7426 4418
1 4421 208 5717
1 3881 5014 8057
1 7894 4427 5212
1 5659 6444 4428
1 1821 2822 4428
1 4617 5212 4711
1 4711 5212 8313
1 6031 3439 884
1 787 4437 5494
1 7056 6331 7460
1 8056 6031 884
1 7231 8362 6031
1 8362 7864 6031
1 7698 7701 7339
1 7736 674 4705
1 4719 2126 7578
1 6929 4449 1774
1 7146 5417 7150
1 8636 8266 7693
1 7693 8266 5262
1 172 160 8528
1 7762 172 8528
1 4455 4362 3024
1 4455 671 4362
1 3176 6338 7923
1 8553 6755 6170
1 7825 6140 8343
1 7632 7842 6535
1 5194 6698 7352
1 6308 256 4991
1 8623 8118 5879
1 4719 1192 473
1 7260 7171 7489
1 8311 5201 1423
1 7851 1423 5201
1 139 6376 167
1 7688 4128 6398
1 1428 2014 6399
1 1632 6399 2014
1 5936 7705 8359
1 5936 3968 7705
1 4785 1261 1552
1 8131 7700 5108
1 5108 7700 7863
1 7384 5101 5395
1 2712 6527 5483
1 8364 8489 5633
1 6373 8148 5986
1 6229 8223 4509
1 7200 4201 3151
1 5571 2128 1063
1 8325 4521 7787
1 8381 6311 4521
1 8455 7204 4349
1 2620 5771 3881
1 7204 4766 4349
1 8523 7778 8522
1 7801 7397 2762
1 8063 5853 5267
1 8063 5267 5788
1 8136 5911 1763
1 5592 5476 5099
1 8532 6551 4538
1 1735 7197 4543
1 6025 7838 8551
1 7561 8551 7838
1 8565 1814 6374
1 7771 5601 4550
1 1510 4504 704
1 8633 7573 8065
1 7890 6991 8330
1 8579 8580 8603
1 8579 7715 8580
1 4563 7627 2868
1 7627 4563 4148
1 4428 2822 4565
1 7131 4550 3382
1 5019 5395 7143
1 7810 5395 5019
1 5019 7391 8462
1 7132 7391 5019
1 6550 7808 5494
1 8278 8276 8308
1 8128 3844 6438
1 4437 6550 5494
1 717 5669 7842
1 8586 7225 5331
1 7225 3176 5331
1 8053 7237 8369
1 8131 5108 4607
1 5998 5485 8215
1 5485 8316 8215
1 6820 7806 6130
1 5365 6130 7806
1 3989 6824 682
1 6436 1192 6163
1 1192 8085 6163
1 5688 4746 100
1 4339 8531 4898
1 8371 63 54
1 7479 6152 7575
1 7479 8219 6152
1 8491 7518 7088
1 1023 7823 6097
1 7823 1023 6408
1 8172 6281 1255
1 1255 787 8172
1 7417 3885 7818
1 1257 7807 6860
1 253 4991 226
1 8536 3870 6621
1 4223 6447 6767
1 271 2989 6006
1 8570 213 185
1 6587 5732 2946
1 7202 986 185
1 213 7202 185
1 4224 1783 7801
1 7860 2934 4092
1 2269 6540 7214
1 6540 2269 7796
1 8349 7860 4092
1 2032 5519 6450
1 4230 5053 8376
1 1274 7856 5390
1 8316 7896 7472
1 7980 6106 71
1 96 71 7824
1 96 7980 71
1 6968 3844 8231
1 7706 778 7809
1 7809 778 5607
1 1804 1787 4757
1 189 212 6879
1 7804 1843 5493
1 6675 7804 5493
1 4680 6109 6602
1 4145 4291 8277
1 4680 6602 5535
1 4681 5952 7975
1 5431 163 8089
1 7884 7246 4669
1 4691 7797 6540
1 8331 7797 4691
1 7001 3440 1064
1 56 65 3365
1 2967 4703 7658
1 4703 7532 7658
1 6684 7392 8524
1 2710 7392 6684
1 7582 7053 5461
1 8513 6689 1147
1 4710 6621 8548
1 2742 8536 4710
1 4617 4711 5230
1 8503 6724 3388
1 5769 6817 5234
1 6817 5769 8346
1 102 7185 143
1 4387 3109 2757
1 7865 7915 7033
1 7052 5476 5592
1 5437 6155 4654
1 8491 8125 4383
1 8135 4586 1777
1 45 7458 29
1 7458 6041 7828
1 7846 179 8147
1 5762 6661 7516
1 7516 7990 5762
1 153 7498 5478
1 153 5478 183
1 7869 1880 5265
1 4586 3116 8265
1 7042 8619 3790
1 1356 5791 8389
1 7883 173 8617
1 2936 2105 7059
1 7059 2105 6584
1 189 4757 212
1 8324 8321 3287
1 4540 1532 2689
1 5505 5116 4488
1 4488 7679 5505
1 276 6188 4894
1 276 280 6188
1 7979 986 6082
1 5721 7319 8364
1 4740 3116 8135
1 7516 7718 4740
1 7199 6432 7866
1 7460 83 110
1 6384 6437 22
1 8147 8222 4300
1 1804 6675 5493
1 1511 6478 5527
1 6478 6850 5527
1 5759 7260 5304
1 5540 7478 8557
1 989 4758 8576
1 8318 7827 6370
1 6288 1763 7057
1 3027 8508 2104
1 1955 2189 856
1 2429 8247 3398
1 2729 2712 5799
1 6079 7893 953
1 7893 6079 8087
1 7801 2762 3772
1 8159 4832 3932
1 7990 4836 7376
1 4836 8559 2023
1 5503 4598 7850
1 2410 6780 1370
1 1370 6780 8152
1 5975 7024 6936
1 7910 7024 5975
1 6202 7681 7582
1 6261 7842 2345
1 185 986 7979
1 5980 231 7653
1 4551 6367 7536
1 4842 7794 3818
1 4842 6827 8335
1 8083 8561 8562
1 8251 5832 6691
1 8474 5832 8251
1 4849 5943 4000
1 8584 6004 4243
1 7788 4927 4521
1 94 5592 5099
1 70 5592 94
1 6834 8371 3487
1 6845 983 8230
1 7221 7741 5606
1 3176 5938 7296
1 8621 4871 6845
1 4871 863 983
1 4276 6934 6717
1 8253 6872 8315
1 6122 4027 3847
1 5390 7334 197
1 4049 7377 7400
1 2735 5390 197
1 2735 197 4445
1 2052 8338 4873
1 4876 2483 2052
1 8270 4876 2052
1 8277 4291 4235
1 4291 7826 4235
1 2483 8338 2052
1 7108 708 4511
1 8338 2483 4179
1 4976 1973 6449
1 5654 1632 2014
1 6188 2345 4894
1 3230 5277 7130
1 7805 5807 945
1 7805 3737 7588
1 123 130 8476
1 8476 130 7882
1 8531 8255 4898
1 273 4969 258
1 271 4969 284
1 4969 273 284
1 249 271 262
1 138 5174 108
1 6527 4763 3111
1 8161 4905 7581
1 8630 856 2102
1 5209 113 87
1 7834 113 5209
1 4909 7447 7767
1 4909 7767 7355
1 7212 8169 7897
1 7779 4863 8459
1 6670 7235 1243
1 5696 7096 5514
1 8579 2384 4912
1 6075 3118 6818
1 8077 8068 4920
1 8068 4219 4920
1 5937 6075 7665
1 5503 4357 5201
1 1529 7035 704
1 5490 5435 8372
1 4928 8506 7689
1 8065 4874 5874
1 6495 6707 7474
1 6574 4445 3600
1 4939 8557 3989
1 497 7729 7730
1 856 2114 1955
1 623 7730 7729
1 65 8623 3365
1 268 276 4894
1 8463 6758 585
1 7416 8146 5560
1 4809 7487 8231
1 8462 6421 4681
1 5014 1532 8057
1 111 130 7544
1 4776 4488 8060
1 1511 5527 7323
1 1511 7323 3231
1 7829 6331 5835
1 5629 7280 5792
1 2102 1147 6634
1 8630 2102 6634
1 7909 5682 7831
1 5534 7800 5316
1 7030 8162 6704
1 4967 1770 3989
1 245 258 4969
1 6818 3118 7902
1 245 4969 234
1 6767 5639 4223
1 6325 4917 7773
1 7773 4917 1972
1 8590 7182 909
1 216 7892 4848
1 3750 8163 4979
1 463 5828 180
1 4982 50 40
1 6689 50 4982
1 16 24 39
1 5877 3387 8484
1 4991 244 237
1 4991 256 244
1 2946 8267 8339
1 6703 8249 7732
1 70 86 7052
1 6413 6681 7526
1 699 900 1462
1 7355 8225 6047
1 8280 2557 5455
1 8225 5987 8480
1 8122 6037 8123
1 8123 8521 8122
1 8089 5341 463
1 5877 1164 7158
1 1246 5299 7218
1 8376 4957 6770
1 6770 4957 5443
1 8255 708 6279
1 8255 6279 4898
1 682 6824 5725
1 8358 1776 4967
1 8505 5925 8503
1 8503 6038 8505
1 103 5020 3881
1 165 187 5739
1 165 5739 8158
1 8310 6960 2795
1 7913 6468 8075
1 5263 7742 8139
1 7559 1496 7364
1 7559 7029 1496
1 5031 7520 8499
1 8343 5251 4156
1 8362 7231 6283
1 6450 104 8363
1 6182 2934 7860
1 3440 6876 7161
1 6511 7646 7773
1 4746 91 79
1 8553 174 202
1 7808 202 174
1 233 4475 252
1 3310 7873 5406
1 6942 5406 7873
1 7687 5979 5050
1 5050 7715 7687
1 5125 6876 4262
1 5054 1817 5891
1 7663 7729 497
1 5055 139 101
1 6376 5055 4954
1 7709 8053 4699
1 7709 4699 7560
1 4663 6540 2272
1 6540 7797 2272
1 8308 6062 7547
1 2291 5469 7425
1 2032 2802 5519
1 4666 6484 3530
1 6283 5059 7148
1 5059 7247 7148
1 6849 8479 7696
1 256 6308 268
1 6308 276 268
1 3881 5771 5014
1 5014 7600 4959
1 5073 191 209
1 2636 5073 6564
1 2620 2802 4746
1 5154 5365 3251
1 1775 261 252
1 5159 7326 4191
1 7915 7865 5085
1 1485 1249 5086
1 1249 7283 5086
1 4258 8311 2336
1 5503 8311 4258
1 6634 4982 40
1 4863 7074 5030
1 8374 5096 4479
1 4479 5096 2924
1 4186 6879 212
1 7431 3140 7401
1 6217 4005 3507
1 993 7794 5038
1 7195 8350 2924
1 7708 615 6679
1 5164 6596 7905
1 6902 6918 7436
1 5224 5745 615
1 5115 7804 8566
1 1843 7804 5115
1 5961 4681 2731
1 2403 7702 6688
1 1744 5125 4262
1 7717 5125 1744
1 8128 6438 7428
1 8118 6067 5879
1 5100 28 15
1 8160 7819 7442
1 2349 780 6281
1 6097 8142 1023
1 6079 3263 8087
1 32 5181 23
1 8623 6112 4269
1 64 5836 63
1 275 277 5231
1 3078 7291 8544
1 2793 7795 6457
1 7197 4586 725
1 5387 1814 8565
1 5896 5387 8565
1 8248 5538 7851
1 4496 7851 5538
1 7851 4496 1423
1 5116 8164 5749
1 7027 8164 5116
1 7924 4577 2611
1 8148 4514 31
1 4514 46 31
1 3337 4269 6320
1 4269 48 6320
1 5251 8313 4156
1 7219 6081 7844
1 7894 8305 4427
1 1633 4427 8305
1 6334 5755 7840
1 5452 1269 6688
1 6602 4739 8375
1 5725 6824 4835
1 6752 2182 5579
1 6104 7842 6261
1 7711 2023 4835
1 5825 5185 976
1 7542 80 105
1 5379 7843 1254
1 3106 7843 5379
1 5477 209 169
1 169 209 191
1 6077 167 6376
1 4948 8573 7633
1 4224 2107 5978
1 6014 1168 1873
1 8075 884 3439
1 7781 4105 7616
1 1064 1371 7001
1 6737 2927 8496
1 7528 4861 2269
1 3639 5159 7325
1 2032 5822 4746
1 2802 2032 4746
1 4861 7528 8382
1 8364 7319 5643
1 5437 2410 8532
1 7598 7777 6844
1 135 778 7706
1 6343 3311 1496
1 4617 5230 631
1 7029 6343 1496
1 6789 5277 3230
1 7649 2191 5884
1 7726 5884 2191
1 6076 5232 7415
1 8482 8149 6373
1 2283 5177 989
1 2283 7891 5177
1 4449 1173 1774
1 7212 7474 661
1 5898 8551 3198
1 5503 5201 8311
1 4615 5251 8312
1 7091 1532 4540
1 188 4540 207
1 188 207 7669
1 5192 6934 8319
1 5192 4371 6717
1 8229 8621 5254
1 6704 8162 7023
1 175 193 8615
1 175 8615 6604
1 6783 6804 3985
1 6783 6782 6804
1 7609 5964 2289
1 7175 216 7699
1 3662 5643 6502
1 6804 198 216
1 7699 216 198
1 6804 216 4848
1 1147 4982 6634
1 3535 8635 4264
1 5215 7826 7829
1 8337 4134 5904
1 5904 4134 1625
1 8636 4264 7887
1 6132 6750 733
1 6132 733 6200
1 2032 7793 5822
1 6879 7350 189
1 8533 6135 3336
1 8533 6862 6135
1 4848 3263 3985
1 4271 4270 5228
1 4162 5741 8313
1 8126 8317 5280
1 5280 8317 7471
1 7437 6621 3870
1 7437 3870 8618
1 5004 8475 6849
1 3365 5290 43
1 1508 225 237
1 1508 6664 6826
1 5671 6818 8093
1 6670 2964 5299
1 5061 46 4514
1 5061 560 46
1 999 8598 3387
1 6561 7914 5463
1 4849 7723 7679
1 1061 7908 6719
1 6719 7867 1061
1 89 3551 7672
1 7802 3891 2411
1 8089 129 105
1 5313 7776 7697
1 7901 7557 5313
1 8216 5630 5631
1 4356 7042 6429
1 8471 3398 7731
1 6893 7720 3230
1 5322 8258 986
1 986 4803 5322
1 2467 7653 6173
1 255 6173 7653
1 7899 6901 4871
1 8477 6007 5705
1 231 5231 243
1 4719 6435 2126
1 6435 4719 473
1 8528 138 7803
1 7778 8120 4551
1 80 5777 4785
1 5330 2410 1370
1 5777 80 7453
1 5330 4737 2410
1 7832 6583 7914
1 898 6004 6671
1 6671 3252 898
1 2150 7161 7130
1 7897 4733 8465
1 7142 8590 7494
1 8560 8590 7142
1 8377 5471 5696
1 5534 5316 2927
1 7859 6588 8064
1 8560 6043 6476
1 8159 8367 4832
1 8214 96 7824
1 7980 96 733
1 80 4785 105
1 8089 105 4785
1 6157 6681 3775
1 7861 5797 5909
1 4737 5419 6344
1 3996 5419 4737
1 2103 3171 6801
1 827 6801 3171
1 179 7785 5717
1 7800 2597 5544
1 199 176 6053
1 6053 2636 6564
1 6282 6588 7859
1 1735 7707 5351
1 6541 137 109
1 1735 5351 1777
1 2675 7862 2314
1 3263 4848 6983
1 6124 848 7902
1 8460 8153 5362
1 3135 7924 5677
1 5762 7990 6190
1 8355 5366 1900
1 1900 5366 3777
1 8398 7584 5234
1 5054 6482 1817
1 5220 6587 2946
1 7154 5333 7138
1 33 47 6115
1 3844 6384 6115
1 8558 7274 7351
1 8558 7722 7274
1 6555 7495 4342
1 6817 6695 5234
1 7641 2642 5376
1 5376 7692 7641
1 8212 5377 7733
1 5341 8088 6028
1 3639 6155 5695
1 7895 7472 7896
1 7896 8125 7895
1 8458 8309 5999
1 2269 7986 5964
1 5999 8309 5856
1 1775 7816 261
1 1423 7151 8311
1 5391 7783 7769
1 1308 5937 7665
1 1881 7447 6001
1 1881 6001 5937
1 8165 6460 8157
1 8158 8165 8157
1 242 249 5396
1 5405 7658 8515
1 3310 5406 8483
1 17 25 5337
1 25 5836 5337
1 8316 7472 8215
1 6736 1078 7786
1 8365 7874 5633
1 7766 3415 7780
1 733 7979 6082
1 1254 7843 7283
1 4346 1254 7283
1 7396 4985 620
1 6279 6796 8540
1 5822 7793 116
1 91 5822 116
1 1763 5911 7057
1 7803 138 7431
1 138 3140 7431
1 4710 8536 6621
1 4037 8503 6988
1 2410 5437 6780
1 7979 127 154
1 3235 5379 7615
1 8057 1532 7091
1 7891 7316 7669
1 54 63 5836
1 7819 5461 7817
1 7540 7337 6872
1 214 6591 5912
1 8569 1277 5387
1 5174 7350 6248
1 5174 137 6541
1 7722 5540 4939
1 619 5445 5975
1 203 184 989
1 6927 203 989
1 7913 5164 6468
1 5393 7102 7481
1 6584 5471 8144
1 8377 8144 5471
1 7886 5147 7772
1 5912 2742 8625
1 8456 923 5691
1 8456 5691 7287
1 4615 5455 7852
1 4615 8312 5455
1 2104 5544 3027
1 6729 3968 7704
1 6729 5605 3968
1 7907 5463 4875
1 2303 3885 6744
1 3885 2303 5325
1 7267 5671 8093
1 6839 5467 2070
1 7923 6036 6811
1 5178 7815 6702
1 7150 5417 7877
1 8055 5417 7146
1 4741 5656 6444
1 147 5252 4223
1 7266 6783 5252
1 6043 8081 6476
1 6043 7142 8081
1 6826 6664 6646
1 6967 744 6044
1 4144 4927 7841
1 5577 7472 7411
1 7460 110 8472
1 7882 130 111
1 7503 6729 7704
1 168 7544 130
1 7359 8508 6725
1 6048 6907 7573
1 6907 6048 7592
1 123 1084 103
1 5560 5286 7416
1 6399 5484 7349
1 523 6103 5531
1 6056 715 6435
1 5531 715 6056
1 5674 8215 7472
1 204 5828 6281
1 5951 4511 2650
1 6466 8525 5951
1 7643 3388 27
1 8164 5926 5749
1 5749 5926 4638
1 43 5290 28
1 8583 8590 8560
1 8334 4691 7890
1 1787 1804 5493
1 5527 6850 6070
1 6133 7802 6070
1 1069 1382 6693
1 3157 4535 7304
1 47 33 5836
1 7267 8093 8493
1 7696 7777 6920
1 4979 8367 2829
1 5465 5449 5420
1 5739 187 7270
1 7425 5469 8069
1 35 9 10
1 184 7985 989
1 8529 7762 8528
1 7823 5139 5514
1 8528 181 8529
1 3337 6814 2014
1 225 4991 237
1 2014 6814 6358
1 5518 4542 5213
1 1901 105 129
1 1901 7570 7542
1 1901 7542 105
1 5020 5519 2802
1 3212 6902 7436
1 2712 4004 6098
1 6472 3971 4903
1 29 7458 658
1 1160 7158 7570
1 5485 3313 8316
1 5115 7464 1843
1 1508 5529 7853
1 6826 5529 1508
1 6106 6729 83
1 83 71 6106
1 8600 3783 6685
1 5504 7582 7681
1 5518 5504 7681
1 6668 8336 3262
1 8622 5515 6212
1 7800 5544 2104
1 5508 671 8471
1 4362 671 5508
1 4766 8357 4349
1 7135 623 7729
1 7713 8382 8385
1 7528 8385 8382
1 5337 5836 33
1 5556 8083 8562
1 33 22 5337
1 7516 7174 4836
1 7516 4740 7174
1 3822 2675 8216
1 4591 3359 8567
1 8155 7374 7606
1 7660 7605 8227
1 89 6684 3551
1 7449 1338 6094
1 8587 5569 4346
1 5570 2289 4758
1 6850 6133 6070
1 6850 3891 6133
1 7140 5531 7725
1 7822 5696 5514
1 183 5478 7699
1 54 5836 38
1 6826 6646 8589
1 8589 6646 8564
1 8320 5577 8317
1 6752 5579 2170
1 8472 497 669
1 8472 669 7460
1 8094 2780 5933
1 7785 8263 5580
1 463 6028 6066
1 5341 6028 463
1 704 4504 8589
1 3939 3751 1394
1 6959 7155 7822
1 1770 4967 6412
1 1776 6412 4967
1 5961 8462 4681
1 463 6066 5828
1 6220 1077 3288
1 7063 8281 7235
1 4404 7665 7598
1 2597 6584 8144
1 6242 5579 1073
1 1360 6242 1073
1 7256 7727 4507
1 5609 196 162
1 6190 7633 8573
1 5717 5580 750
1 7379 5580 8263
1 6190 8573 7075
1 8552 7562 4878
1 6436 6163 8487
1 6166 4000 2701
1 6166 4849 4000
1 5624 3685 6209
1 6169 7780 1308
1 1308 4404 6169
1 7800 5534 2597
1 2126 4975 7870
1 6343 2624 273
1 258 6343 273
1 4598 5999 5856
1 8224 7461 7349
1 8515 8521 8523
1 5633 7524 8364
1 147 5639 6589
1 5639 147 4223
1 2114 3017 8138
1 70 7052 5592
1 7887 8333 8636
1 2689 7533 5073
1 4959 7533 2689
1 7920 5085 7865
1 5607 778 2349
1 5771 7600 5014
1 6196 7856 7281
1 6164 7442 7495
1 5877 8484 6917
1 156 179 7846
1 7863 4367 6875
1 745 7815 6651
1 7905 617 3209
1 8489 3662 5662
1 7911 7667 5665
1 7900 7145 4960
1 7225 8586 5669
1 7842 5669 6535
1 8537 4042 8570
1 8534 7566 6217
1 3310 8483 7236
1 4939 1770 7722
1 4939 3989 1770
1 4992 3943 5355
1 5677 7924 2611
1 6395 1900 8539
1 6213 3900 7621
1 6946 8274 8400
1 6089 8400 8274
1 7442 3900 6213
1 1310 6124 3118
1 8075 3439 7831
1 7902 6691 8093
1 6820 8568 928
1 6985 928 8568
1 2712 5483 4004
1 8081 8323 6476
1 6476 8323 4600
1 8463 7570 6758
1 3600 6580 2376
1 4745 7326 5695
1 6347 8350 7861
1 8134 6521 7343
1 4135 4862 8564
1 4862 4135 4894
1 8533 2721 5419
1 2721 2397 5419
1 97 6234 7636
1 5709 121 8221
1 141 168 130
1 1471 5678 7844
1 2255 6681 6157
1 2255 6157 1497
1 7384 5395 7811
1 6636 7811 5395
1 7740 2483 4876
1 8580 7534 2793
1 848 5720 4780
1 8463 1160 7570
1 6862 3996 4008
1 3996 5213 4008
1 6752 1769 7421
1 5696 5471 7096
1 7475 3775 6683
1 6157 3775 7475
1 6763 90 114
1 1277 1817 6965
1 5700 8348 7857
1 5700 5746 8348
1 2458 4705 8469
1 2411 3891 7359
1 8351 3822 3382
1 5443 922 1022
1 87 8306 7135
1 8306 87 6997
1 6937 4251 5731
1 4251 7602 5731
1 2757 8282 5938
1 5710 68 53
1 1312 7666 6260
1 6367 7605 7536
1 5391 1312 6260
1 6684 73 5734
1 8627 7288 8529
1 6106 5605 6729
1 5322 4803 1217
1 8623 4269 8118
1 8342 1284 8341
1 3530 7514 8383
1 5535 6602 6858
1 3536 2203 1074
1 5797 5748 5909
1 6870 5748 5797
1 6202 7582 5461
1 7848 7731 3398
1 7659 4157 7912
1 7743 6812 8261
1 25 38 5836
1 7770 1823 5738
1 5738 1823 2890
1 5116 5749 5507
1 4156 5741 8213
1 3971 1182 2162
1 8591 6207 3287
1 7669 3136 7891
1 8126 4955 6141
1 6141 7113 8126
1 5774 8562 5080
1 5774 8326 8562
1 8078 7459 5756
1 7914 7459 7832
1 65 56 5100
1 1999 6555 2303
1 5605 6750 1247
1 6698 7702 7352
1 7778 4551 8121
1 3068 6634 6127
1 1247 6750 1261
1 8478 5713 7255
1 7278 7337 6063
1 5770 8558 7477
1 7697 7181 6007
1 4271 5228 5615
1 5559 5466 7807
1 5466 8314 7807
1 3024 5615 4455
1 270 7816 5449
1 5803 1360 5791
1 5793 7799 7666
1 8094 7799 5793
1 5577 7411 7898
1 7783 8517 8254
1 5390 2735 6326
1 7783 8254 6491
1 4888 7639 7885
1 8360 3140 108
1 2729 5799 2701
1 5799 6166 2701
1 5800 8540 6796
1 5800 177 201
1 6320 48 39
1 1356 5803 5791
1 205 207 4026
1 5827 2482 7511
1 7505 5804 3890
1 5804 7505 7028
1 7125 1168 7872
1 1168 7871 7872
1 7629 8587 6923
1 6613 8550 5806
1 5337 22 12
1 5952 4809 5810
1 2954 679 5810
1 5299 1246 7235
1 7521 7983 6651
1 7342 6230 5311
1 5392 6932 6334
1 1639 8143 8378
1 7827 5816 6745
1 1823 4428 4565
1 6617 7419 6011
1 707 2840 5919
1 8155 5779 7374
1 8120 7393 5779
1 5631 7770 5819
1 6872 5310 8315
1 7614 8344 4150
1 5822 91 4746
1 5825 5713 5185
1 8224 5825 976
1 2721 4342 2397
1 8354 7504 5827
1 6338 1254 7923
1 1254 6036 7923
1 3538 6102 6455
1 5981 6455 101
1 7653 231 243
1 5769 5634 4303
1 8355 7642 7478
1 5834 7396 7387
1 7387 7154 5834
1 3870 8536 6533
1 74 95 6143
1 611 6401 6115
1 2023 5725 4835
1 7444 8575 8622
1 5843 7149 7409
1 8067 5843 7409
1 136 8617 132
1 1955 2411 2189
1 6358 6814 24
1 5654 6358 24
1 6636 7810 6544
1 7867 5846 1061
1 5846 7867 8077
1 2147 2636 6053
1 3398 8247 7848
1 6169 4960 3305
1 5937 6001 1309
1 4356 3136 6032
1 5639 6767 6843
1 5720 848 1311
1 5858 4757 1787
1 7282 8330 7798
1 6320 39 6814
1 6808 7618 6443
1 7382 7087 990
1 6585 7832 7917
1 4650 2913 7415
1 3722 4026 2636
1 7812 5860 5398
1 5417 5398 5860
1 155 137 6248
1 5174 6248 137
1 6953 6381 2395
1 6381 4342 6428
1 5862 6894 3695
1 6032 8548 6621
1 5864 7988 8547
1 7912 7153 7294
1 5688 100 5771
1 5771 100 124
1 1999 3815 6164
1 3608 25 4049
1 3487 38 3608
1 3778 8370 2370
1 5874 8588 7624
1 5874 7624 8326
1 6398 4128 6076
1 6902 6398 6076
1 3157 1523 6329
1 5178 6702 4021
1 4021 6702 5953
1 4863 5030 5879
1 7126 5054 5891
1 6850 2104 3891
1 2104 8508 3891
1 47 5836 64
1 4496 8280 5411
1 7311 5452 6688
1 4183 4387 717
1 8318 6370 4271
1 4271 6370 4150
1 7419 1356 8389
1 6808 6443 7123
1 2191 70 94
1 222 234 4969
1 5290 5894 28
1 5894 8494 28
1 94 5862 2191
1 4589 7847 7512
1 5507 5749 4638
1 3870 6533 5898
1 6933 6436 8487
1 6933 473 6436
1 5903 176 142
1 5903 142 7793
1 2840 8255 5919
1 6381 6428 2395
1 7589 2395 6428
1 917 7145 6673
1 7319 3310 7236
1 8164 5420 5926
1 5926 5420 3921
1 2742 5912 6591
1 7664 1069 6382
1 5484 5825 8224
1 5192 8319 7471
1 7911 5665 7412
1 6383 7867 5918
1 983 5933 5703
1 7092 7867 6719
1 8398 5624 6209
1 6719 7908 6490
1 7704 3968 5936
1 5139 7332 8269
1 7216 6490 7908
1 5511 2124 7646
1 7639 3965 6446
1 3965 7028 6446
1 4027 6966 3847
1 8493 5832 8480
1 5307 7873 7427
1 5943 4027 6573
1 1999 2303 7613
1 247 259 5231
1 275 5231 259
1 8563 5774 5080
1 7600 5771 124
1 6227 4539 2650
1 7356 8229 7405
1 8600 107 8527
1 8600 8527 8535
1 903 1523 2704
1 703 903 2704
1 5220 6534 6587
1 6587 6534 3212
1 8487 7537 3602
1 5937 1309 6075
1 194 8218 7498
1 8226 6657 8230
1 7906 5682 5445
1 5953 6702 745
1 163 180 8263
1 1407 8545 5976
1 8263 7785 163
1 3484 6789 3230
1 7884 4669 6789
1 6763 114 4954
1 8549 744 5319
1 5319 7521 6651
1 5918 7867 7092
1 8473 8227 5670
1 3551 6684 8524
1 8227 6931 5670
1 5311 2402 7342
1 6029 7181 6788
1 5105 5986 8481
1 8148 8481 5986
1 149 164 6077
1 149 6077 4954
1 8352 5515 5901
1 5515 8352 6618
1 1774 7321 5307
1 7321 7873 5307
1 5515 8575 7454
1 8575 5515 8622
1 8632 7573 8633
1 2053 5031 8482
1 6959 2823 7481
1 6825 7481 2823
1 75 98 708
1 7513 2941 8572
1 38 25 3608
1 6937 5731 8220
1 5869 5405 7668
1 4224 5978 1783
1 8145 1783 5978
1 226 220 3101
1 2182 1771 6412
1 2182 6752 1771
1 226 3101 7622
1 5979 7685 5050
1 7685 5979 1727
1 3636 6571 8130
1 5980 1264 7430
1 5609 7834 6767
1 6767 7530 5609
1 4150 8278 8308
1 8631 8082 7407
1 8493 5987 7267
1 5396 6006 3144
1 7677 8275 4204
1 7922 7572 4535
1 8096 6227 2650
1 5100 56 43
1 3723 4617 631
1 223 236 5231
1 562 560 6014
1 3724 620 5463
1 7067 4157 7659
1 8256 5099 707
1 898 3252 1471
1 6808 8632 5996
1 7005 6808 5996
1 2620 5688 5771
1 7063 1471 3252
1 3850 5485 5998
1 5998 2302 3850
1 8272 7675 8400
1 7646 6511 5511
1 6025 7683 7684
1 473 1192 6436
1 8368 515 4175
1 4175 515 4005
1 5710 23 14
1 7057 5911 5304
1 7682 4201 7200
1 6311 7787 4521
1 6726 8147 7345
1 6188 6261 2345
1 8598 715 3558
1 2070 3558 715
1 2735 4445 6574
1 7386 7183 151
1 7089 7821 6819
1 7089 6819 4976
1 6819 7821 7743
1 8122 7368 6037
1 4976 6449 8510
1 6037 7368 4635
1 7154 7138 7149
1 1821 5656 5054
1 7138 7409 7149
1 5333 6655 7138
1 6015 7652 6543
1 6658 8598 4975
1 7458 45 6041
1 7197 7835 5571
1 3757 5490 7302
1 4264 2335 6457
1 1823 5516 5659
1 7916 4049 7400
1 7916 3608 4049
1 7884 6284 8554
1 4669 6288 7025
1 611 6601 6401
1 8308 8276 6062
1 7583 6497 4005
1 7035 1529 5938
1 8569 5387 5896
1 6031 7868 3439
1 7590 4904 8090
1 2454 976 4257
1 4981 266 5162
1 4981 8545 266
1 8139 6127 6
1 6 6127 26
1 8551 7561 3198
1 6076 4128 5232
1 7798 3198 7561
1 6339 3478 3151
1 7616 3299 6522
1 6815 8119 7782
1 7782 8119 8460
1 8094 5933 983
1 2586 6038 3388
1 8503 3388 6038
1 7800 6478 8141
1 7023 3645 6704
1 6047 6253 8156
1 6047 8225 7071
1 5201 4357 7851
1 7978 8272 6089
1 4049 25 17
1 8616 6686 6906
1 7724 7728 4804
1 7715 4912 7687
1 3551 6063 7672
1 7030 7324 3815
1 6096 8479 8223
1 1801 2768 3251
1 5365 1801 3251
1 8511 6097 7096
1 1485 1483 6052
1 1483 906 6052
1 6053 5903 2324
1 107 8600 6685
1 77 107 6685
1 6367 6931 8227
1 5531 6056 523
1 7368 7371 4635
1 715 8598 6658
1 7676 6946 8087
1 5671 7775 6818
1 7775 6075 6818
1 8374 4479 6109
1 7034 6067 8118
1 8269 4873 7482
1 4873 7227 7482
1 5955 95 7813
1 6571 7813 95
1 5769 5234 7258
1 8499 6073 8504
1 7645 8504 6073
1 7266 8366 7833
1 8490 2430 8211
1 4663 7214 6540
1 1309 3118 6075
1 8386 6121 6044
1 7979 154 185
1 7175 200 216
1 5828 204 180
1 180 204 8584
1 8563 7110 8632
1 6131 7711 4835
1 6131 6395 7711
1 6132 6200 8088
1 74 6234 97
1 4834 7904 6544
1 7570 1901 6758
1 1901 6924 6758
1 7511 4381 5827
1 611 64 63
1 7218 6093 1246
1 8486 8484 3387
1 6595 7666 6094
1 7799 6094 7666
1 8304 6880 7400
1 8128 6880 8304
1 4913 7894 6941
1 5748 8216 2314
1 5630 8216 5748
1 6102 101 6455
1 7656 222 7104
1 147 6589 5435
1 5678 7063 1246
1 8372 5435 6589
1 271 284 2989
1 7550 6166 5799
1 6053 176 5903
1 7278 4983 5602
1 5602 7337 7278
1 5290 2103 5894
1 7288 4199 7804
1 7288 6675 8529
1 6967 7713 8385
1 4666 3530 7529
1 8383 7529 3530
1 48 6112 61
1 7342 2402 6419
1 5031 2053 7520
1 7481 8356 6959
1 5406 8149 6258
1 7872 8149 5406
1 7782 7264 8461
1 8461 8254 7782
1 4959 7564 7533
1 4834 6544 7294
1 7595 6397 7625
1 8399 6482 5629
1 6458 1497 6157
1 3900 7442 7819
1 7784 8561 8083
1 8379 7784 8083
1 6511 8502 5511
1 1478 3135 5677
1 2141 6011 6798
1 8388 6798 6011
1 5147 8553 6170
1 7865 7033 4727
1 4488 5116 8166
1 7713 6967 6121
1 8328 7021 6698
1 5240 2710 7352
1 5194 7352 2710
1 7559 8332 5216
1 7511 8352 4381
1 4381 8352 7988
1 4820 6967 8383
1 3685 2934 1449
1 3685 7390 6209
1 3685 1449 8397
1 6374 8398 6209
1 7645 2532 6078
1 212 194 4717
1 7370 2456 7739
1 7623 5858 8347
1 6425 8160 7581
1 4155 5082 6141
1 2920 2103 6801
1 7852 7446 1948
1 6194 7811 617
1 1496 1497 7364
1 1901 143 7185
1 5806 4071 6613
1 5304 7260 6617
1 6145 8465 3850
1 3850 8213 6145
1 5445 7909 5975
1 5975 7909 7910
1 7192 5559 7345
1 6670 7040 4421
1 5931 6149 2632
1 6149 7813 7289
1 1022 8512 4230
1 4496 5411 7151
1 4556 7084 1478
1 6152 4367 5727
1 8397 945 7390
1 1483 7843 3106
1 7371 8226 5703
1 8622 6212 7499
1 8556 6212 6284
1 6956 1936 2532
1 5832 8493 8093
1 6691 5832 8093
1 8124 4733 3567
1 7455 1269 3783
1 7081 669 497
1 6137 669 7081
1 6217 8543 7583
1 4005 6217 7583
1 7474 5835 661
1 6622 7626 7707
1 1776 7626 2203
1 7707 7626 1776
1 7147 4300 6227
1 6431 7919 8360
1 174 8617 8070
1 8071 8223 7408
1 88 118 8510
1 88 8510 6449
1 8542 8534 6217
1 1255 6600 787
1 6519 7911 7619
1 4803 4437 6600
1 5700 7857 4699
1 8166 5297 8060
1 8336 8163 5297
1 7905 7066 7908
1 3017 8140 7739
1 7731 6240 622
1 6240 1648 622
1 2934 6182 1449
1 6242 2170 5579
1 6370 8278 4150
1 2555 6191 2586
1 7084 4556 8592
1 4148 6249 7298
1 6249 7196 7298
1 1354 6252 7664
1 5228 7373 8458
1 5185 8091 976
1 6343 7591 3311
1 6343 258 7591
1 2611 7298 5581
1 7828 8318 3657
1 245 234 7657
1 242 230 249
1 4985 6265 620
1 4026 2689 2636
1 7532 7546 8521
1 5531 4804 7725
1 5852 2503 5181
1 922 5443 8271
1 6450 7793 2032
1 104 1295 8514
1 69 1295 104
1 6905 7492 2946
1 7477 7505 3890
1 4475 4763 1394
1 7861 5909 6282
1 7861 6282 7859
1 1077 6220 5571
1 7197 5571 6220
1 7146 6863 8056
1 6863 7150 5059
1 8539 8390 6773
1 5337 5 17
1 6792 7163 6288
1 221 4961 223
1 3287 7450 8591
1 4961 7430 1264
1 5624 5746 6529
1 5099 5476 707
1 5310 6872 7337
1 8224 976 6943
1 2182 3536 1073
1 1073 5579 2182
1 8465 4733 5485
1 7620 4133 3078
1 8059 4133 7620
1 7472 7895 7411
1 7685 2019 6723
1 4871 6901 863
1 4496 2557 8280
1 57 5816 45
1 5816 6041 45
1 4955 2795 4258
1 6243 7019 3569
1 7922 1078 7572
1 5006 7371 5703
1 623 7135 8306
1 7349 7461 8072
1 4027 7680 6966
1 6590 6280 7703
1 6280 8222 7703
1 243 265 255
1 5698 6181 3631
1 3794 7976 7024
1 7508 585 6924
1 5945 4362 5508
1 220 225 1508
1 7853 220 1508
1 8145 8142 6097
1 8149 8482 6258
1 5031 6258 8482
1 923 7080 6324
1 3093 5788 8064
1 6307 6170 6755
1 7202 6784 4437
1 7850 7733 4357
1 5569 8381 4927
1 7571 6849 8475
1 8470 672 8170
1 8222 6280 4539
1 273 6720 284
1 7621 6560 6344
1 273 2624 6720
1 5250 6982 7553
1 7317 8228 6877
1 8480 8474 8228
1 5230 7852 3622
1 5297 8163 3750
1 6284 6212 8554
1 3532 7419 8389
1 3532 8389 8547
1 8571 6294 3777
1 5791 3777 6294
1 277 265 5231
1 7507 8324 6207
1 7678 6297 8578
1 7678 994 6297
1 1217 8258 5322
1 8221 7833 5709
1 8155 6367 4551
1 7605 6367 8227
1 212 4717 4186
1 5858 7623 4757
1 6373 7871 8148
1 6373 5986 8482
1 3093 7700 5788
1 4101 8384 7716
1 6791 7876 7154
1 7154 7876 5834
1 6310 2474 5506
1 2927 2474 6310
1 2150 5277 6382
1 7629 6311 8587
1 6311 7629 7787
1 7341 8233 6596
1 5164 7341 6596
1 1880 6204 5265
1 6438 6968 7391
1 7455 3783 4380
1 6502 5643 7236
1 7769 7368 8122
1 7808 7704 6316
1 5494 7808 6316
1 8604 7981 7358
1 7983 6392 7611
1 8272 8400 6089
1 1915 7578 1964
1 2126 7870 7578
1 7831 3036 7909
1 6395 8539 7548
1 7682 5449 4201
1 7831 7868 3036
1 7386 151 117
1 7161 2150 6322
1 6322 2150 1064
1 3322 4917 6325
1 7436 7738 7309
1 2650 4539 6466
1 2650 6466 5951
1 7484 6408 925
1 6324 5691 923
1 6412 1771 1770
1 2019 1718 6723
1 6976 8156 6253
1 153 8221 139
1 6968 8231 7487
1 6001 7781 1309
1 7354 619 7394
1 6648 7354 7394
1 5529 1510 8282
1 2924 8350 6347
1 7793 142 116
1 6307 2941 6170
1 4803 7202 4437
1 7977 7978 2079
1 8372 6713 8074
1 7978 8074 2079
1 5105 4037 5986
1 5279 6434 7238
1 6357 8144 8377
1 6401 6601 2954
1 8544 201 177
1 7853 3109 3101
1 7715 4652 8580
1 8252 4652 7984
1 3750 2829 7680
1 8627 7175 7288
1 4669 7246 6288
1 7721 5759 5911
1 6366 161 186
1 7887 4264 6457
1 6640 6479 5355
1 7779 6372 4863
1 139 5055 6376
1 5096 1619 2924
1 8505 6073 5925
1 8575 3373 7454
1 7211 3373 8575
1 7647 8566 7804
1 6384 33 6115
1 7864 7868 6031
1 2203 6412 1776
1 8547 7988 7445
1 8507 1973 4976
1 155 6248 190
1 7621 3900 6560
1 1277 6965 7119
1 5054 7519 6482
1 3971 7874 6397
1 6397 7874 8365
1 7904 6636 6544
1 8216 2675 2314
1 3890 7989 8571
1 5366 6632 8571
1 7705 7809 8359
1 6585 3538 6405
1 6405 3538 7911
1 6029 5670 7181
1 6498 7857 8348
1 6498 7708 7857
1 1631 2503 922
1 922 4870 7078
1 2079 5209 87
1 3847 6966 6155
1 3659 8498 6502
1 6504 41 622
1 3144 6413 7526
1 6343 7029 7837
1 6896 85 6895
1 8619 7798 7385
1 6789 4669 7025
1 8124 7896 3313
1 3639 7326 5159
1 7326 3639 5695
1 3212 7688 6902
1 8470 6465 7734
1 7732 7734 6465
1 8398 6695 5624
1 5105 6724 8503
1 5105 9 18
1 7812 6194 6596
1 744 8549 7167
1 3891 8508 7359
1 6425 6202 5461
1 7819 6425 5461
1 5476 6227 8096
1 190 6248 6879
1 8365 5633 8485
1 8215 5674 7825
1 6102 3538 6431
1 4743 2973 6432
1 6280 8526 4539
1 8478 5654 7451
1 3850 6735 8213
1 7391 7132 6438
1 2141 6792 6288
1 8511 2105 1464
1 2712 2729 6527
1 4053 8497 4216
1 4216 4134 8337
1 7632 8323 8262
1 8082 8262 8323
1 6444 5656 1821
1 5398 7384 6194
1 6896 6541 109
1 2146 4862 8082
1 8337 7348 6918
1 7798 8619 3198
1 6560 7817 3187
1 7379 8263 6452
1 8313 5741 4156
1 8085 7106 7206
1 8215 4329 2302
1 725 7835 7197
1 4144 6811 8611
1 6811 4144 7841
1 4192 7695 7635
1 8384 7712 4781
1 6460 8059 3645
1 6462 4071 2384
1 4539 8526 6466
1 7806 8567 3359
1 7806 3359 4961
1 8224 6943 5590
1 8162 3815 1999
1 6468 5164 1061
1 4219 8055 4920
1 6471 5325 2395
1 7696 6920 5004
1 7188 7650 8072
1 703 8594 6475
1 744 8552 6044
1 7330 4542 4905
1 8126 8319 6799
1 2795 8126 6799
1 4842 3818 6827
1 3818 7553 6827
1 8532 4538 4745
1 4745 4538 7284
1 7531 3530 6484
1 6719 6490 7092
1 4834 2973 6490
1 6645 5891 5535
1 8154 7769 6491
1 7783 6491 7769
1 161 7252 146
1 6580 8534 7577
1 661 669 6137
1 7869 7427 5721
1 5307 7427 7869
1 62 50 6689
1 3083 2611 1479
1 7387 5333 7154
1 8153 7483 6976
1 6924 7185 6500
1 7645 6078 8504
1 8560 6476 8325
1 6590 8526 6280
1 6590 7703 1257
1 6927 8576 6591
1 6366 7252 161
1 161 146 8530
1 7893 6266 6447
1 8343 4156 4329
1 5819 7770 7277
1 7403 5100 15
1 15 7 7403
1 2147 6053 2324
1 8139 7742 6603
1 8495 8139 6603
1 253 226 240
1 5139 924 5514
1 924 5139 8269
1 1064 6682 1371
1 76 77 5452
1 76 6015 77
1 7740 7484 6777
1 6777 4134 7740
1 8354 5804 7504
1 1552 6132 8088
1 1552 1261 6132
1 8166 8336 5297
1 4865 7143 5395
1 7919 6585 7879
1 6622 1076 7626
1 7781 7447 4105
1 5931 6519 5981
1 5953 745 7714
1 6528 7721 5911
1 4148 4563 6249
1 4092 2934 6529
1 8455 4349 7253
1 6684 5734 2710
1 8469 6137 7081
1 133 8127 113
1 7683 6533 7716
1 5220 1973 6534
1 39 5100 7403
1 2398 1478 3083
1 4556 1478 2398
1 3885 5325 3600
1 7810 6636 5395
1 7657 234 7656
1 2309 3818 6539
1 993 2309 6539
1 7375 8546 8391
1 6283 7226 8362
1 5705 6998 7275
1 7795 994 7888
1 5355 3943 6640
1 256 8564 244
1 2079 87 72
1 1619 7195 2924
1 7495 6555 6164
1 8064 8342 8341
1 6546 5159 4191
1 6546 4191 5355
1 6646 244 8564
1 6220 7836 4543
1 4437 6784 6550
1 8171 4371 5192
1 2410 4737 6551
1 7854 1479 6552
1 7136 7428 7132
1 3093 3064 7700
1 6724 27 3388
1 18 27 6724
1 3144 2384 6558
1 3144 6558 6413
1 7858 6498 3877
1 6561 7976 3794
1 5756 6561 3794
1 6053 6564 199
1 6882 4741 5797
1 6882 7861 8350
1 7805 7588 5807
1 4979 8163 4832
1 7775 7665 6075
1 5417 5860 7877
1 4004 3478 6570
1 7531 6392 3530
1 6590 8146 8526
1 5560 8146 6590
1 5403 7307 1274
1 7021 7307 5403
1 1063 257 269
1 1371 6682 8387
1 6408 1023 925
1 1244 3109 4387
1 8135 1777 7186
1 2384 2987 4912
1 7793 6450 2324
1 5943 6573 4000
1 5333 8130 6655
1 2735 6574 2376
1 8511 1464 4240
1 4240 6097 8511
1 8260 62 6689
1 7247 6649 7876
1 7598 7665 7775
1 173 195 7763
1 1064 2150 6693
1 5631 5819 7131
1 6405 7911 6583
1 7911 7412 6583
1 5534 7059 6584
1 6585 7917 7879
1 2309 5699 2752
1 7701 8328 6698
1 2936 2927 6737
1 6588 3093 8064
1 4863 6067 8459
1 4191 3908 5355
1 5465 8164 7065
1 8164 5465 5420
1 7812 8233 6648
1 5856 7849 6703
1 7881 4791 7920
1 3750 4979 2829
1 8139 8495 3068
1 8495 8630 3068
1 8090 2401 6419
1 7924 7921 6706
1 8616 6906 4166
1 1338 6595 6094
1 2752 2272 7797
1 6600 1255 1217
1 611 63 6601
1 150 6604 177
1 1529 7238 6434
1 1631 8271 7742
1 1572 6130 1841
1 69 5519 5020
1 5756 7914 6561
1 7837 6613 739
1 986 7202 4803
1 6307 8570 2941
1 7572 1249 4535
1 3847 6155 3639
1 6769 1249 7572
1 5307 5265 1774
1 1938 1774 5265
1 8372 8074 7302
1 8320 7113 5082
1 8095 5313 2780
1 7675 132 8617
1 6212 6618 8554
1 7010 7984 6723
1 6723 1718 746
1 5105 18 6724
1 8541 7055 186
1 8526 6624 8525
1 6132 1261 6750
1 7123 7592 6808
1 8355 1900 6697
1 8355 6697 7642
1 6768 4617 3723
1 3722 2147 7517
1 8357 1639 3865
1 3865 1639 8378
1 8494 15 28
1 7766 6630 7779
1 8519 7779 6630
1 7627 6871 2868
1 6632 3890 8571
1 6632 7477 3890
1 5177 5570 4758
1 5177 4758 989
1 2070 5467 3558
1 6155 5437 8532
1 5695 6155 8532
1 5292 3908 7179
1 192 6077 164
1 8531 6380 4338
1 6960 5503 4258
1 6900 8162 7613
1 8457 6745 66
1 6745 57 66
1 6564 5073 209
1 6519 6455 5981
1 900 898 1471
1 180 8584 8263
1 16 39 7403
1 2822 6645 1283
1 7126 5891 6645
1 1478 5677 3083
1 7274 4888 7885
1 2503 5852 4870
1 5534 6584 2597
1 3346 8129 7426
1 7248 7150 7877
1 6649 4985 7876
1 6649 6265 4985
1 6901 7799 863
1 8304 12 6437
1 8304 6437 8128
1 7247 7876 7148
1 5709 8366 7820
1 7226 7148 7880
1 4216 7740 4134
1 4763 3631 6494
1 7342 6419 6479
1 9 5105 8481
1 2324 5903 7793
1 7825 6996 6140
1 7567 5411 6140
1 6181 4638 6494
1 7401 7138 6655
1 6585 7919 3538
1 6014 581 562
1 7362 6657 8154
1 6658 2126 6435
1 715 6658 6435
1 8272 93 112
1 112 7312 8272
1 6769 6923 7224
1 1471 7063 5678
1 2124 3322 6325
1 5762 7509 6661
1 7718 6661 7509
1 6777 7484 925
1 2291 7143 4865
1 8075 5846 3475
1 4276 6799 6934
1 1508 237 6664
1 6664 237 6646
1 744 6967 4820
1 4931 7394 7247
1 7394 6649 7247
1 6522 1310 3118
1 6522 3299 1310
1 6946 7763 6666
1 6666 7763 7893
1 6344 6560 7601
1 7319 7427 7873
1 7319 7873 3310
1 6670 4421 2964
1 91 116 5477
1 5477 116 142
1 7721 7638 5759
1 4171 196 217
1 6447 217 7530
1 7145 7900 6673
1 8091 6673 7515
1 5777 7453 5517
1 5827 4381 8354
1 5559 7192 5466
1 7040 6670 1243
1 7022 8329 5403
1 7288 7804 6675
1 6681 990 7526
1 6165 6799 4276
1 2255 990 6681
1 277 7479 265
1 6686 4002 3478
1 8616 4002 6686
1 6230 7118 5311
1 6265 8232 6936
1 8232 5975 6936
1 6745 5816 57
1 6812 7743 3617
1 7065 7243 5622
1 3487 8371 38
1 7204 6777 925
1 8139 6 14
1 8136 6756 2482
1 7277 5738 3102
1 7806 6820 8567
1 8398 5234 6695
1 2729 3631 6527
1 6191 8257 2586
1 2103 8092 8494
1 8123 7393 8120
1 6768 7894 5212
1 7763 8400 7675
1 6697 1900 6395
1 6697 6395 6131
1 1497 3455 2255
1 8248 8212 4383
1 2370 3608 7916
1 8304 5 12
1 8304 7400 7377
1 6207 8324 3287
1 8159 7053 8367
1 8617 136 8070
1 7407 8082 7331
1 8126 5280 8319
1 1880 6472 4903
1 7854 6443 1479
1 6685 5452 77
1 5477 79 91
1 1948 8248 7735
1 6104 4183 717
1 3063 1182 7585
1 7778 8523 8123
1 2162 1182 3063
1 6573 4027 6122
1 1938 6204 2048
1 5265 6204 1938
1 5762 4981 5162
1 6324 7102 5691
1 8356 7102 7586
1 2079 6713 5209
1 6767 6447 7530
1 4157 7153 7912
1 7595 7625 8084
1 7153 4157 6432
1 2335 6683 8603
1 2335 8603 6457
1 3101 220 7853
1 2335 4264 8635
1 8496 6310 5506
1 7638 7721 7639
1 2989 284 6720
1 4265 3863 7488
1 8533 3996 6862
1 43 28 5100
1 8069 5469 4418
1 4396 2019 1727
1 7391 6968 6421
1 8464 1972 7875
1 6036 8611 6811
1 7321 6942 7873
1 7703 6726 5559
1 8222 6726 7703
1 6927 6591 214
1 214 203 6927
1 214 8253 203
1 1639 8142 8143
1 3985 3263 6805
1 8324 7786 6871
1 2868 6871 7786
1 5516 5631 5630
1 3778 4727 8370
1 2840 708 8255
1 6875 5108 7863
1 7578 1915 3418
1 8454 3662 7051
1 6502 7051 3662
1 3850 2302 6735
1 4156 6735 2302
1 8322 7629 6736
1 7629 1078 6736
1 6585 6405 7832
1 2762 6737 8496
1 2936 6737 2762
1 6066 1217 1255
1 7439 623 8306
1 8306 6997 8277
1 8086 7311 7737
1 220 4991 225
1 6618 8352 7511
1 4874 8585 8588
1 7431 8130 97
1 97 7803 7431
1 5559 7807 1257
1 1873 7125 1173
1 5909 2314 6282
1 744 7167 8552
1 6166 7723 4849
1 7683 7716 7684
1 994 7795 7987
1 5674 8320 6996
1 8215 2302 5998
1 8553 202 6755
1 7600 7564 4959
1 3418 4719 7578
1 5316 8141 2474
1 746 7010 6723
1 7982 7010 746
1 6127 6634 26
1 6634 40 26
1 4479 6347 3858
1 5006 5703 5933
1 7355 7109 6229
1 7109 7355 7767
1 2126 6658 4975
1 8157 6460 6900
1 7449 6094 6901
1 7690 7691 8500
1 7691 7690 883
1 4617 6768 5212
1 5076 1247 5517
1 7307 8315 7281
1 7182 8590 8583
1 4396 1727 5262
1 8455 3863 4265
1 8455 7253 3863
1 5232 2107 7415
1 6535 7841 4600
1 8212 7518 8491
1 8390 1074 6773
1 1236 7011 6773
1 5911 5759 5304
1 71 6331 7824
1 6907 3287 8321
1 7450 6907 6289
1 4785 1552 5341
1 4479 2924 6347
1 240 7622 253
1 8170 672 4369
1 7658 7532 8515
1 6922 6915 883
1 6922 7004 6915
1 183 198 6782
1 6788 7635 7695
1 8633 5874 8326
1 2735 2376 193
1 4607 4591 928
1 7597 7664 6792
1 8491 7895 8125
1 4037 7418 5986
1 7418 8482 5986
1 8271 4103 7739
1 7739 4103 7370
1 2141 6798 7597
1 8388 1354 6798
1 1936 1873 6929
1 6931 7374 5705
1 5178 5250 6932
1 5250 7553 6932
1 3824 1168 6014
1 4891 523 6933
1 5192 6717 6934
1 6799 8319 6934
1 6935 8340 8133
1 6935 8133 7630
1 7676 6983 4204
1 6936 7976 620
1 5390 6326 1274
1 6782 6783 7833
1 6725 6810 4957
1 4957 6810 923
1 8153 7462 5362
1 7735 8125 8124
1 8125 7896 8124
1 7923 6811 8586
1 5310 7281 8315
1 4300 8222 4539
1 1310 8119 6815
1 3455 7104 2255
1 277 275 8219
1 5174 6541 7363
1 7363 6541 6896
1 7027 6822 5622
1 8151 5622 6822
1 8368 4175 7366
1 3989 8557 6824
1 6504 8307 41
1 8217 4607 5108
1 6448 8577 8382
1 6825 5393 7481
1 6982 6827 7553
1 6324 7080 6828
1 6182 8345 6962
1 7773 1972 1953
1 623 6941 7730
1 623 4913 6941
1 5951 7108 4511
1 75 6449 5220
1 88 6449 75
1 679 2954 6834
1 679 6834 8370
1 7715 5050 4652
1 4404 4960 6169
1 3305 7780 6169
1 7682 283 5449
1 8069 7918 7199
1 8479 4257 6840
1 4511 708 2840
1 8071 6096 8223
1 7161 6893 7130
1 6498 5224 7708
1 7030 8368 7366
1 7783 5391 6973
1 3905 3908 5292
1 165 7814 187
1 6767 7834 6843
1 7834 5209 6843
1 6845 4871 983
1 8230 5254 6845
1 6689 4982 1147
1 8509 4470 2102
1 8513 4470 8509
1 210 190 6879
1 7728 4507 4189
1 5790 3622 1948
1 6688 1269 2403
1 5004 6849 7696
1 8625 4710 8548
1 8059 8165 7270
1 7397 2918 2105
1 2105 2936 7397
1 5436 6725 8376
1 4204 6983 7892
1 6959 8356 7155
1 6645 6858 1283
1 6858 6602 1283
1 8131 928 6985
1 7425 7136 4677
1 7530 196 5609
1 7199 7918 4743
1 4743 6432 7199
1 6725 7080 6810
1 2103 8494 5894
1 5700 6529 5746
1 8337 4053 4216
1 7510 6917 8484
1 7453 8466 5517
1 1164 5877 6917
1 5804 6864 3890
1 6864 7989 3890
1 3106 5379 3235
1 3708 993 5038
1 7275 6998 7371
1 214 6872 8253
1 4780 7899 6691
1 176 5477 142
1 7330 4905 4541
1 5403 8329 7021
1 8329 7702 7021
1 8486 3387 7594
1 6671 6853 3252
1 3440 4262 6876
1 6877 8228 8474
1 5162 254 239
1 5031 3659 8483
1 8394 7002 8396
1 990 2255 7104
1 6880 7428 7543
1 8128 7428 6880
1 4763 4166 3111
1 6014 1873 1936
1 1936 581 6014
1 5038 7794 994
1 7794 7888 994
1 1817 1277 5891
1 5792 4741 6882
1 8350 5792 6882
1 5139 8268 7332
1 7332 8268 8270
1 6808 7005 7618
1 6268 6419 2402
1 8344 7655 4270
1 1529 6434 5450
1 7395 8252 7010
1 7431 6655 8130
1 8094 5793 8095
1 5341 1552 8088
1 7534 7987 2793
1 205 4026 3722
1 5852 44 4870
1 4638 3921 6494
1 5926 3921 4638
1 999 5877 1160
1 1283 1284 4565
1 8341 1284 1283
1 5286 7485 7416
1 5800 5286 4339
1 5162 7509 5762
1 7766 7779 6889
1 6889 8072 7650
1 5734 5194 2710
1 7878 7881 7920
1 4217 8274 7676
1 6671 780 8597
1 2349 8597 780
1 6891 4338 8541
1 5331 3176 7923
1 5050 7685 7984
1 1753 7720 6893
1 7161 1753 6893
1 5527 6070 7323
1 7052 7147 6227
1 7147 86 102
1 6894 120 5087
1 6789 7025 5277
1 5862 120 6894
1 8565 945 5807
1 8346 5172 3877
1 4741 6870 5797
1 8248 7851 5377
1 7489 7171 2170
1 2186 2692 8612
1 7390 3685 8397
1 8092 5185 5713
1 6929 1873 4449
1 6902 7688 6398
1 7034 1428 7349
1 8493 8480 5987
1 7541 7254 8568
1 3932 4832 5432
1 5938 1529 7296
1 7267 5987 8475
1 7267 8475 5004
1 4421 206 208
1 5405 8515 7501
1 7525 1076 1236
1 8563 8326 5774
1 8326 5556 8562
1 160 7350 5174
1 237 244 6646
1 6052 906 1523
1 125 6905 8339
1 125 98 6905
1 5483 3111 6906
1 7549 7562 7038
1 7549 7038 8334
1 7622 1244 6909
1 6104 7502 6909
1 21 35 10
1 8341 1283 6602
1 10 9 8481
1 1164 6917 78
1 4162 8313 5212
1 7572 6923 6769
1 7572 1078 6923
1 5671 6920 7775
1 4565 1284 2890
1 7147 102 143
1 8530 120 8256
1 2411 7359 5436
1 8118 1428 7034
1 7897 6495 7212
1 6495 7897 8465
1 7488 7523 5732
1 8454 7051 8506
1 1572 6820 6130
1 6839 7726 5467
1 2147 3722 2636
1 906 1483 7182
1 8574 8545 4981
1 5100 61 65
1 5877 999 3387
1 2829 3886 4654
1 133 127 8127
1 127 133 154
1 990 7104 7382
1 7975 5810 7033
1 2954 5810 4809
1 1753 5125 7719
1 8390 8539 6940
1 6941 2458 8469
1 1771 6752 7421
1 6942 1173 7872
1 7872 5406 6942
1 2913 4053 8337
1 2913 4650 4053
1 6112 65 61
1 110 136 8472
1 7704 7093 7503
1 6265 6936 620
1 6943 976 6096
1 6943 6096 5590
1 5624 7473 5746
1 6817 7473 6695
1 7661 3455 1497
1 1496 7661 1497
1 7634 5493 1843
1 6962 7634 6117
1 6117 7634 1843
1 3140 138 108
1 7455 5240 1269
1 3136 7669 6032
1 207 4540 4026
1 1309 6522 3118
1 2303 6953 5325
1 6953 2395 5325
1 1619 4303 7195
1 93 7729 112
1 6955 2964 8380
1 8322 6958 8079
1 924 6959 7822
1 7324 8161 3815
1 6960 4258 2795
1 1744 6961 195
1 1485 5086 7843
1 153 167 7498
1 4339 6860 6380
1 6941 7894 2458
1 1817 8399 6965
1 5607 8172 787
1 6956 581 1936
1 6438 3844 6968
1 6713 2079 8074
1 7663 497 8472
1 6357 3076 8608
1 4175 6497 4541
1 4175 4541 8061
1 6331 71 7460
1 5455 7446 7852
1 8550 5216 1732
1 8219 6875 6152
1 7805 3826 5115
1 8397 7464 3826
1 6965 8399 7258
1 8563 8632 8633
1 2053 6988 5925
1 7104 222 230
1 3455 7656 7104
1 6316 5936 8359
1 5494 6316 8359
1 4848 7892 6983
1 7694 7839 6994
1 8333 7694 6994
1 8320 5082 6996
1 4155 6996 5082
1 6997 8127 4145
1 4556 5996 8592
1 7401 7879 7409
1 7138 7401 7409
1 3337 6320 6814
1 39 24 6814
1 5803 2170 6242
1 7002 1964 7604
1 7627 4148 8585
1 8585 4148 7298
1 2456 7323 8138
1 3231 7323 2456
1 5310 7337 6196
1 7437 4356 6032
1 4356 7437 8618
1 5835 6331 7056
1 6875 4367 6152
1 7291 3078 4133
1 8260 4870 53
1 4870 44 53
1 6452 4243 8264
1 6140 5411 7398
1 3965 7504 7028
1 5996 4556 7005
1 7005 4556 2398
1 5443 4957 923
1 7688 4330 4128
1 7714 745 7009
1 7009 7981 7714
1 5518 7681 4542
1 4418 7426 8068
1 8233 7354 6648
1 917 6673 7903
1 8091 7903 6673
1 2927 5316 2474
1 903 8591 7019
1 8629 8565 5807
1 2532 6929 1938
1 5807 6414 8629
1 2336 6141 4955
1 2336 8311 4155
1 3905 5428 3932
1 5365 5154 6130
1 5154 3251 7771
1 562 8395 6921
1 5846 6468 1061
1 562 581 8395
1 3794 7024 7910
1 5732 8267 2946
1 6261 280 264
1 6574 3600 2376
1 280 6261 6188
1 122 99 8086
1 4975 8598 999
1 679 4727 7033
1 5674 6996 7825
1 7035 1510 704
1 1510 7035 5938
1 5059 7248 4931
1 1880 4903 7004
1 6482 7519 5629
1 79 5477 100
1 7040 206 4421
1 8618 7042 4356
1 8371 6601 63
1 2483 2762 4179
1 827 2896 6801
1 5267 5853 8342
1 5267 8342 5788
1 7698 7339 5734
1 7485 5286 5800
1 86 7147 7052
1 7056 669 661
1 1221 4171 3742
1 3943 8336 6668
1 6640 3943 6668
1 3187 7817 3905
1 8066 7880 5843
1 8085 7875 7106
1 2896 839 917
1 2896 5030 7074
1 8270 7484 4876
1 5745 5896 615
1 8453 8501 5511
1 2643 4251 7237
1 7176 2643 8133
1 6940 1360 1073
1 7318 6940 8539
1 7454 5901 5515
1 5978 2107 4297
1 7066 7216 7908
1 7066 3209 7904
1 4157 7067 7866
1 7404 7551 8331
1 6252 3373 1382
1 6252 1382 1069
1 5544 2597 8144
1 5085 7067 7915
1 5085 7866 7067
1 8631 7238 704
1 4863 6372 7074
1 2896 7074 839
1 7676 8087 6983
1 3263 6983 8087
1 8391 7075 8538
1 4880 1511 7741
1 4880 8141 1511
1 1360 5803 6242
1 2458 6768 3723
1 5085 4791 7866
1 262 271 6006
1 262 6006 249
1 5797 7861 6882
1 7081 497 7730
1 8069 7199 4791
1 4791 7199 7866
1 8134 7343 6414
1 7451 15 8494
1 165 8158 152
1 5560 1257 6860
1 7084 7468 1478
1 7085 7084 8592
1 7084 1462 7468
1 699 1462 7085
1 1462 7084 7085
1 242 5396 7087
1 8491 7088 7895
1 7088 7898 7411
1 199 5477 176
1 7254 3102 5853
1 6082 6200 733
1 84 8360 108
1 84 7363 6896
1 8261 3865 8507
1 6570 3478 6339
1 2336 4155 6141
1 7820 8366 5490
1 8057 7091 166
1 166 7091 188
1 7092 2973 4743
1 7094 3639 7325
1 1735 1777 4586
1 8490 4170 2430
1 94 120 5862
1 94 8256 120
1 8376 6725 4957
1 3772 4224 7801
1 4235 1633 4161
1 4161 1633 8305
1 4985 7396 5834
1 5691 7102 7480
1 8537 4480 4042
1 5832 8474 8480
1 4904 6122 8090
1 7063 7235 1246
1 5951 8525 7538
1 8074 7978 7105
1 7978 6089 7105
1 8315 7021 8328
1 7106 8084 7206
1 7728 7725 4804
1 6484 5699 2309
1 993 7531 6484
1 2053 5925 7520
1 75 708 7108
1 5951 7538 7108
1 4598 5856 6703
1 249 6006 5396
1 7110 5080 8592
1 8563 5080 7110
1 2675 3064 7862
1 8317 8126 7113
1 175 7662 8086
1 8252 7534 4652
1 2927 2936 7059
1 5534 2927 7059
1 2721 7589 4342
1 5698 2729 2402
1 5507 4638 7118
1 7118 6181 5311
1 7179 4745 5292
1 3157 6709 4535
1 3569 6289 7123
1 7854 3569 7123
1 221 223 5231
1 1873 1168 7125
1 2822 7126 6645
1 1821 7126 2822
1 2795 6799 6165
1 6472 7874 3971
1 5351 1776 8358
1 5351 7707 1776
1 7663 8472 136
1 112 7663 132
1 8346 5769 5172
1 2150 7130 5277
1 3844 6115 8231
1 7664 6252 1069
1 6991 7796 7609
1 2105 8511 5471
1 5806 8550 7686
1 6497 4175 4005
1 6895 82 84
1 6844 7777 7563
1 7557 7658 5405
1 5869 7557 5405
1 1880 7869 6472
1 8475 4509 7571
1 7135 93 72
1 93 7135 7729
1 2768 5727 5601
1 7001 2707 3440
1 4262 3440 2707
1 2070 715 7140
1 2070 7140 7725
1 8065 5874 8633
1 5279 7142 6434
1 8560 7142 6043
1 6649 8232 6265
1 917 839 7145
1 6444 1821 4428
1 6782 198 6804
1 7840 7551 6314
1 4339 8540 5800
1 4404 1308 7665
1 8454 5662 3662
1 8452 5662 8454
1 2973 7153 6432
1 6412 3536 2182
1 8377 7155 3076
1 7155 8356 3076
1 2289 5570 3790
1 3102 2890 5853
1 2890 3102 5738
1 125 6279 98
1 8156 4909 6047
1 7855 6243 7854
1 5877 7158 1160
1 8212 2430 4170
1 8502 7256 7159
1 6112 48 4269
1 8091 8092 2920
1 8092 8091 5185
1 6062 1648 6240
1 7246 6756 1763
1 1311 7782 8254
1 7720 3484 3230
1 6314 7167 8549
1 6763 101 82
1 101 6102 82
1 2395 2730 7170
1 6471 7170 6580
1 2532 1936 6929
1 1160 7604 7173
1 999 1160 7173
1 7325 5159 6546
1 264 280 6308
1 7606 7374 6931
1 7179 3908 4191
1 4550 6542 3382
1 6264 7856 4198
1 4198 8606 6264
1 906 7182 5170
1 7153 2973 4834
1 8281 6853 6366
1 7184 7394 4931
1 7131 3382 3822
1 682 8559 7186
1 1084 5670 6029
1 6 5710 14
1 6339 5622 6570
1 4746 79 100
1 5606 5393 6825
1 7253 926 3863
1 8071 6568 7188
1 5590 8071 7188
1 3863 926 1893
1 5996 7110 8592
1 7124 8390 6940
1 5770 7477 8355
1 206 7192 208
1 7192 7055 5466
1 8151 7194 711
1 711 7194 6098
1 6249 1248 7196
1 8213 4159 5215
1 8213 5215 6707
1 5019 8462 5135
1 5961 5135 8462
1 8215 7825 4329
1 3536 7124 1073
1 5515 6618 6212
1 7708 6679 7343
1 7343 6521 7708
1 7285 8345 7198
1 8345 6937 7198
1 7200 4002 2363
1 2363 7682 7200
1 4740 7718 3116
1 2395 7170 6471
1 3742 1371 8537
1 1371 4480 8537
1 2191 5862 7726
1 7602 7175 7699
1 925 4766 7204
1 5504 7053 7582
1 7412 7907 4875
1 7033 5810 679
1 7171 5759 7638
1 2620 5020 2802
1 4975 7173 7870
1 7627 8585 4874
1 2411 5436 2189
1 5177 7209 6429
1 4356 6429 7209
1 5918 7092 4743
1 7377 17 5
1 4049 17 7377
1 7542 7570 1164
1 6443 7618 3083
1 5463 7914 4875
1 7211 1382 3373
1 3645 515 8368
1 7216 7904 4834
1 4834 6490 7216
1 194 6077 4717
1 167 6077 194
1 6077 6376 4954
1 7348 7738 6918
1 8485 5662 8488
1 3135 1478 7219
1 7159 7925 4891
1 2474 7221 5506
1 5506 7221 5606
1 7094 7325 2401
1 3783 1269 5452
1 5230 4711 4615
1 8591 6475 6207
1 7573 6907 8321
1 2636 2689 5073
1 6670 5299 7235
1 8062 5745 7527
1 4727 3778 7865
1 8377 3076 6357
1 7227 5506 7482
1 8496 5506 7227
1 7641 2520 2642
1 2520 8396 2642
1 7803 7636 7677
1 744 4820 7521
1 6613 4071 739
1 6876 1753 7161
1 8056 7231 6031
1 7055 8314 5466
1 8541 8314 7055
1 6438 7132 7428
1 4155 8311 7151
1 4155 7151 5411
1 6906 3111 4166
1 7641 7692 6839
1 2964 6955 5299
1 4703 1312 7532
1 5215 7829 6707
1 5804 7028 7504
1 6194 617 6596
1 7319 7236 5643
1 1529 704 7238
1 7506 8557 7478
1 6527 3111 5483
1 523 473 6933
1 7671 7022 193
1 8086 8327 7671
1 7671 8327 7022
1 7243 7027 5622
1 7243 8164 7027
1 4521 4927 8381
1 7246 1763 6288
1 5535 5891 1277
1 7248 7184 4931
1 5020 2620 3881
1 4338 6891 8256
1 5178 6932 5392
1 8086 99 7311
1 7252 170 146
1 3109 1244 3101
1 5008 2752 7360
1 7253 8357 926
1 8063 7254 5853
1 98 6279 708
1 6617 7260 7489
1 7255 5713 5825
1 1632 7255 5825
1 1360 3777 5791
1 3757 2926 6143
1 7724 7256 4507
1 7724 7925 7256
1 7385 7798 8330
1 1269 5240 2403
1 7621 2397 7495
1 3783 7257 4380
1 7257 8606 4380
1 5470 7258 5234
1 5759 7171 7260
1 8355 6632 5366
1 7477 6632 8355
1 4913 7439 8305
1 7512 7849 5856
1 8309 7512 5856
1 6552 1479 5581
1 5449 5465 4201
1 5477 169 124
1 7430 221 231
1 5980 7430 231
1 7186 1777 8358
1 682 7186 8358
1 271 249 4969
1 8460 5362 7264
1 7832 7459 7917
1 8281 6366 1243
1 5435 8366 7266
1 5004 5671 7267
1 7663 112 7729
1 197 178 7628
1 178 8158 7628
1 8611 1254 4346
1 1823 7770 5516
1 7184 7877 6648
1 3532 6011 7419
1 6104 6261 7502
1 7726 3695 5467
1 8577 7986 4861
1 4861 7986 2269
1 7679 7273 6822
1 7679 7723 7273
1 4888 7274 7421
1 7275 5006 8477
1 6780 5437 4654
1 7708 5224 615
1 7011 6395 7548
1 6773 7011 7548
1 7278 8524 4983
1 7621 6344 2397
1 5080 7388 8592
1 7388 7085 8592
1 2964 5717 8380
1 5717 750 8380
1 924 7822 5514
1 7280 4741 5792
1 7280 5656 4741
1 6758 6924 585
1 8542 3078 8544
1 7281 7856 1274
1 6096 8071 5590
1 7549 8330 7282
1 7284 4538 2399
1 8531 4338 5919
1 5858 7285 7198
1 7286 4257 976
1 7286 4344 4257
1 7287 7480 7369
1 7287 5691 7480
1 4199 7288 4744
1 3636 2632 7289
1 6149 7289 2632
1 4201 6339 3151
1 211 201 7291
1 7291 201 8544
1 4663 7528 7214
1 4663 7241 7528
1 7292 7821 107
1 7231 6863 6283
1 8498 8504 7689
1 6078 7689 8504
1 7174 4740 8135
1 7479 6173 255
1 6906 6686 4004
1 4004 5483 6906
1 7294 7153 4834
1 7615 7296 3235
1 7296 1529 3235
1 7510 5087 106
1 7777 6840 7563
1 3157 6329 6709
1 5240 7352 2403
1 7027 5116 5505
1 5505 7679 7027
1 4276 8458 6165
1 126 140 152
1 7738 7348 4265
1 8455 4265 1625
1 8155 4551 8120
1 7302 8273 3757
1 1249 1485 7304
1 7304 1485 1523
1 7145 839 7305
1 8498 3659 7306
1 7306 8504 8498
1 7921 7242 7313
1 2934 3685 6529
1 7310 3109 7853
1 7853 5529 7310
1 280 276 6308
1 4598 8310 5999
1 87 113 6997
1 76 7311 99
1 8343 4329 7825
1 112 132 7312
1 7313 7218 8612
1 7313 7242 7218
1 6624 8146 7814
1 1900 3777 7318
1 1360 6940 7318
1 1360 7318 3777
1 6252 1354 3583
1 7142 7494 6434
1 7405 7361 7462
1 166 7316 2283
1 7316 166 188
1 7317 6976 6253
1 6253 8228 7317
1 5700 4092 6529
1 5601 3251 2768
1 5391 8122 1312
1 6068 7176 8133
1 4199 4744 7176
1 1774 1173 7321
1 2967 5793 7666
1 7613 2303 6744
1 7322 7529 4663
1 7322 4663 2272
1 5125 1753 6876
1 8248 2557 5538
1 4496 5538 2557
1 8276 1648 6062
1 7030 8061 7324
1 5310 6196 7281
1 1787 5493 7634
1 5311 5698 2402
1 4538 4737 2399
1 6551 4737 4538
1 7523 6015 6543
1 8062 8374 6109
1 1192 7875 8085
1 7875 1192 8464
1 7329 7981 8604
1 7329 7714 7981
1 8323 8081 7331
1 7559 7364 8332
1 8269 7332 4873
1 7333 7711 6395
1 7333 6395 7011
1 5286 6860 4339
1 3724 5463 7907
1 7907 2632 3724
1 7471 8317 7338
1 8168 7471 7338
1 4991 220 226
1 7339 7701 6698
1 7339 5194 5734
1 5965 3671 3602
1 8488 3671 5965
1 8059 7270 4133
1 5961 7340 7810
1 7912 7340 7659
1 4004 6570 711
1 6290 5376 2642
1 7341 5164 7913
1 77 7292 107
1 6997 113 8127
1 7394 7184 6648
1 7344 8474 8251
1 1449 6182 6962
1 6141 5082 7113
1 8147 208 7345
1 7192 7345 208
1 5478 7498 8220
1 6431 3538 7919
1 5570 6429 3790
1 7042 3790 6429
1 5215 4159 4235
1 160 172 7350
1 1632 5654 8478
1 7388 699 7085
1 7351 7274 7885
1 7505 7351 7885
1 7806 4961 1264
1 3708 7358 7531
1 5436 7359 6725
1 7976 6561 5463
1 6583 4875 7914
1 8593 900 699
1 699 8596 8593
1 7360 7551 5008
1 7479 7575 6173
1 7226 7880 8066
1 5174 7363 108
1 7407 8081 5279
1 7407 7331 8081
1 7473 8346 5746
1 5746 8346 8348
1 7030 7366 8061
1 7366 4175 8061
1 6657 8226 8154
1 7094 3847 3639
1 7844 5678 1246
1 7844 1246 6093
1 5874 4874 8588
1 7287 7369 5303
1 5303 2456 7370
1 1632 5484 6399
1 5387 1277 7119
1 8120 5779 8155
1 7405 7362 7361
1 4000 6573 4904
1 2370 3487 3608
1 8509 5053 4230
1 2189 5053 8509
1 7624 5556 8326
1 7648 5556 7624
1 7109 8073 6229
1 8071 7408 8073
1 5228 4270 7373
1 7655 7373 4270
1 5976 7375 1077
1 5976 8546 7375
1 4948 7376 2023
1 7376 4836 2023
1 6283 6863 5059
1 8304 7377 5
1 5405 7501 7668
1 135 170 778
1 8267 7640 8339
1 6230 6668 3262
1 750 5580 7379
1 750 7379 6452
1 6845 5254 8621
1 84 6896 6895
1 7622 3101 1244
1 230 242 7382
1 7382 7104 230
1 5379 6338 7615
1 924 2823 6959
1 6931 6007 5670
1 5231 265 243
1 5590 7188 8072
1 6996 7567 6140
1 5965 7206 6045
1 5965 7537 7206
1 8488 5965 6045
1 7429 4509 8225
1 5 5337 12
1 7704 5936 6316
1 6796 150 177
1 125 150 6796
1 5224 7527 5745
1 7368 8226 7371
1 7182 8583 5170
1 7875 7585 7106
1 7106 1182 8084
1 1955 8138 7802
1 5943 4849 4776
1 4849 7679 4776
1 8334 7404 8331
1 5633 7874 7524
1 7385 8330 6991
1 213 8570 6307
1 8562 7388 5080
1 211 7270 187
1 7390 945 6209
1 6805 5252 3985
1 6264 7334 5390
1 189 7762 1804
1 1804 4757 189
1 7824 4291 8214
1 6815 7782 1311
1 1311 848 6815
1 7392 1235 8524
1 2710 1235 7392
1 7393 6037 5779
1 8123 6037 7393
1 5860 7812 7877
1 8063 8373 6985
1 2780 5313 7697
1 7436 5732 6587
1 7436 7309 5732
1 1973 8507 4330
1 7982 7395 7010
1 7395 7982 8582
1 7280 5629 7519
1 255 7653 243
1 7397 2936 2762
1 7884 6789 3484
1 7884 3484 6284
1 8386 7684 6121
1 7713 6121 7684
1 6534 1973 4330
1 7544 168 7491
1 6190 7990 7633
1 16 7403 7
1 8277 4161 7439
1 8306 8277 7439
1 8129 5398 5417
1 4681 7975 2731
1 7038 7562 7404
1 6194 7384 7811
1 4543 7197 6220
1 5398 6194 7812
1 631 5230 3622
1 6383 4418 8068
1 6383 5918 7918
1 7407 5279 7238
1 7408 8223 6229
1 7408 6229 8073
1 7192 206 7055
1 4300 7147 8147
1 7412 4875 6583
1 1423 4496 7151
1 3602 3671 7414
1 7414 3671 8501
1 8635 8332 6458
1 6458 8332 7364
1 7900 4344 7286
1 6744 3885 7417
1 4037 6988 7418
1 2053 8482 7418
1 6617 7489 7419
1 7796 2269 5964
1 8165 5739 7270
1 4303 5629 7195
1 8531 4339 6380
1 4170 8171 8168
1 7550 7194 6166
1 7488 5732 7309
1 3775 6681 6413
1 5531 6103 4804
1 214 5912 182
1 6932 7553 6334
1 7319 5721 7427
1 7525 2203 7626
1 7533 169 191
1 6229 4509 7429
1 7429 7355 6229
1 4961 221 7430
1 8256 94 5099
1 3783 5452 6685
1 8360 7401 3140
1 7186 7174 8135
1 6032 6621 7437
1 1841 7277 3102
1 74 6143 6234
1 8130 74 97
1 84 108 7363
1 6374 6209 945
1 945 8565 6374
1 7066 7904 7216
1 88 75 7538
1 7538 75 7108
1 7829 7474 6707
1 8074 7105 7302
1 8267 6543 7652
1 186 7440 6366
1 682 5725 8559
1 6834 3487 8370
1 16 5654 24
1 1236 8538 7011
1 7505 7477 7351
1 2643 7630 8133
1 6243 903 7019
1 4004 6686 3478
1 7444 7499 8353
1 5864 8354 4381
1 5864 4381 7988
1 5674 7472 5577
1 8363 151 171
1 7183 171 151
1 3617 7743 7292
1 6015 3617 7292
1 8134 7490 6935
1 8134 6414 7490
1 8388 3532 7445
1 8388 7445 4152
1 6495 7474 7212
1 7446 2557 1948
1 5455 2557 7446
1 7352 7702 2403
1 1881 7767 7447
1 183 6782 8221
1 5720 7449 4780
1 7449 7899 4780
1 5634 5629 4303
1 5629 5634 8399
1 6502 7236 3659
1 150 175 6604
1 3569 7450 6289
1 6434 7494 5450
1 5450 3106 3235
1 7326 4745 7179
1 7444 8353 4063
1 2410 6551 8532
1 78 8466 7453
1 253 7622 6909
1 7454 3373 5901
1 4650 7415 2107
1 5303 7369 3231
1 2456 5303 3231
1 3778 2370 7916
1 1235 7455 4380
1 953 5252 6805
1 6076 7415 2913
1 83 6729 7503
1 2954 4809 6401
1 7698 5734 73
1 7536 7605 73
1 7809 7705 7706
1 7854 6243 3569
1 7914 5756 7459
1 5705 6007 6931
1 7636 7803 97
1 7921 7313 2692
1 6693 6382 1069
1 6843 5209 6713
1 7326 7179 4191
1 1633 4162 4427
1 7981 7009 7611
1 8224 5590 7461
1 7461 5590 8072
1 7495 2397 4342
1 4358 7691 2124
1 8632 7110 5996
1 32 5710 53
1 2927 6310 8496
1 733 96 7587
1 127 96 8214
1 7462 7361 5362
1 8380 750 7463
1 8455 6777 7204
1 8455 1625 6777
1 7339 6698 5194
1 5835 7056 661
1 7464 6117 1843
1 5484 1632 5825
1 8259 7821 7089
1 4666 2272 5699
1 7787 7629 7465
1 7465 6352 7787
1 7651 2467 6173
1 7651 6173 7575
1 2768 7575 5727
1 7477 8558 7351
1 1462 6081 7468
1 6930 8538 1236
1 1236 1076 6930
1 4162 4159 5741
1 5741 4159 8213
1 48 61 5100
1 7533 191 5073
1 8489 5643 3662
1 8364 5643 8489
1 6895 4830 82
1 6763 82 4830
1 82 6102 6431
1 1235 5240 7455
1 4356 7209 3136
1 7788 4521 8325
1 7815 5178 5392
1 8385 7529 8383
1 76 5452 7311
1 7473 5624 6695
1 118 8525 8605
1 8525 118 88
1 7174 8559 4836
1 6862 4008 4331
1 900 6081 1462
1 5470 1814 7119
1 5387 7119 1814
1 7896 8316 3313
1 5602 7856 6196
1 177 6604 8544
1 5909 5748 2314
1 2335 3882 7475
1 8355 7478 5770
1 906 5170 7433
1 7479 255 265
1 7214 7528 2269
1 8281 7063 3252
1 3251 5601 7771
1 5699 2272 2752
1 4344 7563 4257
1 7563 6840 4257
1 32 44 5852
1 32 5852 5181
1 213 6755 202
1 213 202 6784
1 6784 202 6550
1 6571 74 8130
1 7527 8374 8062
1 7834 133 113
1 253 7502 264
1 7502 6261 264
1 8527 178 7334
1 7485 201 211
1 201 7485 5800
1 7133 8570 185
1 5609 162 133
1 6920 5671 5004
1 5952 6421 7487
1 6968 7487 6421
1 2170 1356 7489
1 7404 6314 7551
1 110 7093 136
1 8271 1631 922
1 7491 168 184
1 75 5220 7492
1 75 7492 98
1 6344 5419 2397
1 1821 5054 7126
1 7593 171 7183
1 8081 7142 5279
1 8079 8594 7493
1 4776 7679 4488
1 7025 6382 5277
1 5311 6181 5698
1 5450 7494 909
1 7890 8330 7496
1 7549 7496 8330
1 194 7498 167
1 7500 5087 8484
1 162 154 133
1 8523 7501 8515
1 7502 253 6909
1 7503 7093 110
1 780 6004 8584
1 8537 8570 7133
1 8079 7507 6207
1 8079 6958 7507
1 7772 7513 7499
1 7916 7878 3778
1 7878 7916 8054
1 3336 6135 8543
1 7583 8543 6135
1 4959 1532 5014
1 4959 2689 1532
1 7642 6131 7506
1 7642 7506 7478
1 6290 585 7508
1 7508 7649 6290
1 78 7510 106
1 5477 199 209
1 7669 207 205
1 8309 7655 7512
1 8354 7989 6864
1 1295 8516 8514
1 8516 8518 8514
1 3144 6462 2384
1 6006 6462 3144
1 77 6015 7292
1 4666 5699 6484
1 7305 839 8519
1 6958 6736 7786
1 6788 5869 7635
1 7668 7635 5869
1 5115 3826 7464
1 5250 5178 4021
1 3530 6392 7514
1 7983 7514 6392
1 4615 4711 5251
1 7515 6673 7900
1 7900 7286 7515
1 7468 7219 1478
1 953 6805 6079
1 8309 8458 7655
1 7518 4170 8168
1 8212 4170 7518
1 6484 2309 993
1 8452 4358 3671
1 8488 8452 3671
1 5054 5656 7519
1 7385 6991 3790
1 7304 4535 1249
1 6073 7520 5925
1 5319 744 7521
1 7631 7767 1881
1 7670 7767 7631
1 8274 7105 6089
1 122 150 7522
1 7522 150 125
1 7118 4638 6181
1 7869 5721 7524
1 6357 3027 8144
1 2203 7525 1074
1 1074 7525 1236
1 8574 5762 6190
1 7821 126 107
1 8259 126 7821
1 7602 4744 7175
1 1310 848 6124
1 7273 7723 7194
1 7040 1243 7440
1 6366 7440 1243
1 7858 7527 5224
1 187 8146 7416
1 7849 8249 6703
1 4550 5601 6542
1 4727 679 8370
1 7530 217 196
1 5654 16 7
1 1074 1236 6773
1 8458 5999 8310
1 7130 6893 3230
1 194 212 7623
1 3645 7620 515
1 3645 8059 7620
1 7416 7485 211
1 4152 7988 5901
1 8352 5901 7988
1 124 169 148
1 7832 6405 6583
1 6988 2053 7418
1 100 5477 124
1 7536 7673 8121
1 5544 8144 3027
1 7537 5965 3602
1 3818 5755 7553
1 7553 5755 6334
1 174 8070 7808
1 7538 8525 88
1 7602 2643 7176
1 205 3722 7517
1 205 8548 6032
1 1777 5351 8358
1 6131 4835 7506
1 6047 7071 6253
1 7600 124 148
1 3036 7910 7909
1 214 182 7540
1 182 6063 7540
1 4705 674 8169
1 2989 4071 6462
1 5411 8280 7398
1 7541 1572 1841
1 1572 7541 8568
1 6243 6329 903
1 7543 7916 7400
1 7545 4820 8383
1 7521 4820 7545
1 3336 8543 2730
1 8373 7700 8131
1 7532 1312 7546
1 8122 7546 1312
1 7547 6062 7558
1 8279 7547 4589
1 8218 194 8347
1 194 7623 8347
1 2712 7550 5799
1 2712 6098 7550
1 7612 5170 8595
1 7433 5170 7612
1 8518 8522 8121
1 8518 8516 8522
1 1248 7845 7196
1 7298 7845 5581
1 6266 217 6447
1 217 6266 7763
1 7536 89 7673
1 7840 6314 8549
1 143 163 156
1 163 143 129
1 213 6307 6755
1 213 6784 7202
1 6476 4600 7788
1 7445 7988 4152
1 8152 5518 1370
1 7528 7241 8385
1 7741 7480 5393
1 5393 7480 7102
1 2926 7556 7636
1 7556 8275 7636
1 7776 7557 5869
1 6905 98 7492
1 7547 7558 4589
1 4589 7558 7848
1 7025 6288 7163
1 7676 4204 4217
1 6329 7855 6709
1 7541 3102 7254
1 5682 7913 7831
1 240 226 7622
1 8134 7560 6521
1 7560 4699 6521
1 5490 3757 7820
1 6143 7820 3757
1 7237 4251 8369
1 7983 7545 7514
1 4975 999 7173
1 6965 5470 7119
1 7774 6511 7773
1 6511 7774 7727
1 6382 7025 7163
1 5979 7603 1727
1 8072 7034 7349
1 8072 8459 7034
1 6568 3415 7766
1 7564 148 169
1 148 7564 7600
1 8273 7565 7556
1 7565 8273 4217
1 619 7354 5445
1 214 7540 6872
1 7493 7608 6352
1 6352 7608 8595
1 8325 6476 7788
1 188 7091 4540
1 211 187 7416
1 6290 7649 5376
1 7170 2730 7566
1 2730 8543 7566
1 4155 5411 7567
1 6996 4155 7567
1 7569 101 139
1 121 7569 139
1 1732 7686 8550
1 8160 8161 7581
1 6281 5828 6066
1 7571 4509 8223
1 8223 6849 7571
1 7573 8321 8065
1 6564 209 199
1 6098 7194 7550
1 6068 8566 7647
1 5216 7693 7576
1 1732 5216 7576
1 8534 8542 7577
1 7713 6448 8382
1 7684 6448 7713
1 8586 6811 7841
1 7580 7714 7329
1 6812 3865 8261
1 6425 7581 6202
1 7581 7681 6202
1 1274 7307 7281
1 661 6137 7212
1 8594 8079 6207
1 7575 6152 5727
1 7148 7876 6791
1 7148 6791 7880
1 5654 2014 6358
1 5540 8557 4939
1 7382 242 7087
1 7893 6447 953
1 8479 6840 7696
1 6443 3083 1479
1 1356 2170 5803
1 7584 5470 5234
1 7584 1814 5470
1 7585 1182 7106
1 7495 6213 7621
1 8152 3886 5504
1 7586 7102 6324
1 6324 6828 7586
1 7587 96 127
1 127 7979 7587
1 2399 3187 7284
1 7490 6414 7588
1 7588 6414 5807
1 7589 6428 4342
1 2730 2395 7589
1 7088 7518 8168
1 8600 8535 7257
1 7350 172 189
1 2729 2701 6268
1 6268 2402 2729
1 6268 7590 6419
1 6268 4904 7590
1 7701 7698 111
1 111 7544 7701
1 4183 1244 4387
1 6047 4909 7355
1 2141 6617 6011
1 7057 5304 6617
1 7591 245 7657
1 7591 258 245
1 5607 2349 8172
1 6907 7592 6289
1 7042 8618 8619
1 5467 7594 3558
1 3971 7595 1182
1 3971 6397 7595
1 6094 7799 6901
1 205 7517 171
1 7593 8548 205
1 205 171 7593
1 7173 7604 7870
1 6998 7374 5779
1 5705 7374 6998
1 7273 8151 6822
1 7273 7194 8151
1 5739 8165 8158
1 6431 84 82
1 515 7620 3507
1 6920 7598 7775
1 2141 7597 6792
1 7176 4744 7602
1 3305 6630 7780
1 6828 8608 3076
1 6726 7345 5559
1 6967 6044 6121
1 7364 1497 6458
1 1077 7375 3288
1 4235 4161 8277
1 4913 623 7439
1 5717 7785 5580
1 5450 909 3106
1 6260 7666 6973
1 5391 6260 6973
1 4223 953 6447
1 4891 8487 3602
1 3602 8453 4891
1 6844 4404 7598
1 8263 8584 6452
1 7892 181 7677
1 7892 216 200
1 200 181 7892
1 4898 6279 8540
1 5654 7 7451
1 2399 4737 7601
1 7817 3900 7819
1 7817 6560 3900
1 102 86 7185
1 7870 7604 1964
1 7602 7699 8220
1 6032 7669 205
1 1732 7644 7603
1 92 7660 7882
1 92 7698 73
1 92 73 7605
1 7605 7660 92
1 3659 5031 7306
1 7055 206 186
1 7440 186 206
1 7800 2104 6850
1 7800 6850 6478
1 8155 7606 6367
1 6367 7606 6931
1 7607 8516 1295
1 7607 1295 4192
1 703 7608 8594
1 6684 89 73
1 73 89 7536
1 7609 2289 3790
1 4563 7610 6249
1 7610 1248 6249
1 7531 7611 6392
1 7092 6490 2973
1 7433 7612 703
1 6918 6902 2913
1 6900 7613 6744
1 8153 6976 7317
1 8308 7614 4150
1 7317 6877 7356
1 6880 7543 7400
1 1972 8464 1953
1 7412 5665 7907
1 4909 4105 7447
1 3176 7296 7615
1 7615 6338 3176
1 7672 7386 117
1 8156 7616 4105
1 6812 3617 926
1 6460 3645 7023
1 80 7542 1164
1 7618 2398 3083
1 2141 7057 6617
1 7533 7564 169
1 3336 7589 2721
1 3538 6455 7619
1 6519 7619 6455
1 211 7291 4133
1 211 4133 7270
1 2335 7475 6683
1 8632 6048 7573
1 6048 8632 7592
1 80 1164 78
1 7453 80 78
1 7623 212 4757
1 7309 4265 7488
1 87 7135 72
1 7302 5490 8372
1 7150 7248 5059
1 523 6056 473
1 121 5955 7569
1 1338 8517 6595
1 7278 6063 3551
1 6460 7023 6900
1 6045 8084 7625
1 6580 7577 2376
1 7628 4445 197
1 2399 7601 3187
1 7581 4905 7681
1 147 7266 5252
1 206 7040 7440
1 6935 7630 7709
1 7580 746 5953
1 103 69 5020
1 69 4932 7695
1 69 103 4932
1 3985 6804 4848
1 7631 1881 1308
1 1173 6942 7321
1 5952 7487 4809
1 175 7671 193
1 8558 7478 5540
1 78 6917 7510
1 7442 6213 7495
1 4948 7633 7376
1 5639 6843 6589
1 7841 7788 4600
1 7721 6528 3965
1 6962 1787 7634
1 7491 184 8253
1 7796 5964 7609
1 6372 839 7074
1 7511 2482 6618
1 1769 7638 4888
1 4192 7635 7668
1 7171 7638 1769
1 7638 7639 4888
1 5602 6196 7337
1 7640 122 8339
1 122 7640 99
1 202 7808 6550
1 7362 7405 5254
1 7982 7329 8581
1 4550 7131 5819
1 6164 6555 1999
1 6962 7285 1787
1 7285 5858 1787
1 6103 7925 7724
1 3287 6907 7450
1 4199 7176 6068
1 7560 6935 7709
1 5455 7398 8280
1 6279 125 6796
1 6070 7802 7323
1 6133 3891 7802
1 7642 6697 6131
1 7056 7460 669
1 147 5435 7266
1 7644 1727 7603
1 5262 1727 7644
1 5059 4931 7247
1 6122 3847 7094
1 6657 7362 5254
1 7768 3299 7616
1 5800 6796 177
1 2124 6325 7646
1 8501 2124 5511
1 7643 27 42
1 7185 86 6500
1 7650 6568 7766
1 7188 6568 7650
1 5392 6334 7840
1 7980 5605 6106
1 182 7183 7386
1 4199 7647 7804
1 6068 7647 4199
1 2186 7648 2692
1 6500 70 2191
1 6805 3263 6079
1 7493 6352 7465
1 7405 7462 7356
1 7655 4589 7512
1 4589 7655 8279
1 83 7503 110
1 6889 7650 7766
1 2023 8559 5725
1 70 6500 86
1 6555 6953 2303
1 8157 6900 6744
1 7417 8157 6744
1 253 264 6308
1 7766 7780 6630
1 7663 136 132
1 2768 7654 7651
1 2768 7651 7575
1 8520 7673 117
1 7531 7358 7611
1 5470 6965 7258
1 6953 6555 6381
1 6555 4342 6381
1 8485 8488 6045
1 8597 170 6853
1 6853 170 7252
1 7088 7411 7895
1 76 99 7652
1 8267 7652 7640
1 7669 7316 188
1 5961 2731 7659
1 7659 7340 5961
1 5980 7653 2467
1 1801 2467 7654
1 7654 2467 7651
1 5569 4927 4144
1 6756 8554 2482
1 6618 2482 8554
1 2482 8555 8136
1 5827 8555 2482
1 221 5231 231
1 7549 7282 7838
1 7557 7776 5313
1 4744 7288 7175
1 7768 7483 3299
1 1221 3742 7133
1 7123 6289 7592
1 3540 7656 3455
1 6143 95 7820
1 5518 5213 1370
1 8279 7614 7547
1 7483 7768 6976
1 3695 6894 5087
1 5087 7500 3695
1 7124 6940 1073
1 7433 2704 906
1 4171 217 2707
1 6961 2707 217
1 7659 2731 7067
1 2731 7975 7915
1 6709 1248 4535
1 3311 3540 7661
1 7784 750 8264
1 7463 750 7784
1 122 7662 150
1 175 150 7662
1 1084 6029 4932
1 924 8269 2823
1 7482 2823 8269
1 7506 6824 8557
1 4835 6824 7506
1 7256 7925 7159
1 7489 1356 7419
1 6834 2954 8371
1 8371 2954 6601
1 39 48 5100
1 5630 5748 6870
1 6234 2926 7636
1 6143 2926 6234
1 3757 8273 2926
1 2926 8273 7556
1 5710 32 23
1 95 5709 7820
1 7618 7005 2398
1 6140 7398 8343
1 74 6571 95
1 7348 1625 4265
1 8608 8508 3027
1 7704 7808 7093
1 182 8625 7183
1 182 5912 8625
1 7386 6063 182
1 6029 6788 7695
1 6029 7695 4932
1 8583 6352 8595
1 8583 8080 6352
1 6015 76 7652
1 7667 6519 5931
1 7667 5931 5665
1 703 6475 903
1 6991 7609 3790
1 5213 5330 1370
1 7133 185 154
1 3311 7657 3540
1 1496 3311 7661
1 162 7133 154
1 6704 3645 8368
1 3252 6853 8281
1 7913 5682 7906
1 5682 7909 5445
1 6437 12 22
1 7640 7652 99
1 7483 8119 3299
1 1310 3299 8119
1 7616 6522 7781
1 7591 7657 3311
1 7597 6798 1354
1 47 64 611
1 611 6115 47
1 7175 8627 200
1 8225 4509 8475
1 8225 8475 5987
1 1449 6962 6117
1 1449 6117 7464
1 7721 3965 7639
1 7594 3387 8598
1 3415 7670 7631
1 8073 7670 3415
1 8086 7671 175
1 7344 8229 6877
1 1338 5720 1311
1 1893 6015 7523
1 3507 3078 8542
1 7620 3078 3507
1 515 3507 4005
1 7661 3540 3455
1 7657 7656 3540
1 7278 3551 8524
1 8623 5030 827
1 7849 7847 8249
1 6401 8231 6115
1 8231 6401 4809
1 6164 3815 8160
1 8160 7442 6164
1 7109 7767 7670
1 6374 1814 7584
1 703 7612 7608
1 5624 6529 3685
1 8518 8121 7673
1 8582 8578 7534
1 8582 7534 8252
1 7181 7776 6788
1 4960 6844 7900
1 3737 7490 7588
1 8566 8340 3737
1 8566 3737 7805
1 195 173 1744
1 7678 8604 3708
1 4666 7529 7322
1 8578 8582 8581
1 7678 8581 8604
1 4979 4832 8367
1 5979 7687 7603
1 6688 7737 7311
1 6688 7702 7737
1 7705 5076 8466
1 5076 5517 8466
1 7807 8314 6380
1 7836 6622 7707
1 4699 7857 6521
1 7858 5224 6498
1 239 250 228
1 6591 7712 2742
1 7714 7580 5953
1 7009 745 7983
1 7983 7611 7009
1 7684 7716 6448
1 8387 8572 4480
1 6862 4331 6135
1 711 6098 4004
1 8210 7731 8250
1 6264 8606 8535
1 8527 7334 8535
1 8328 7491 8253
1 6097 7823 7096
1 246 250 257
1 219 224 251
1 219 251 241
1 270 251 261
1 260 251 272
1 251 270 283
1 251 252 261
1 233 251 224
1 233 252 251
1 251 260 248
1 5516 7770 5631
1 7770 5738 7277
1 6946 8400 7763
1 7677 4204 7892
1 7771 4550 5819
1 7478 8558 5770
1 6528 8555 3965
1 7885 7028 7505
1 8559 7174 7186
1 8136 8555 6528
1 871 6921 8395
1 7668 8516 7607
1 8515 7532 8521
1 8523 8522 7501
1 8514 8518 8520
1 8123 8523 8521
1 8121 8522 7778
1 8083 5556 7648
1 7147 7846 8147
1 7147 143 7846
1 7985 166 2283
1 993 6539 7794
1 7977 8272 7978
1 7805 5115 8566
1 181 8627 8529
1 8062 4680 5535
1 6479 6546 5355
1 6419 2401 6479
1 6380 6860 7807
1 7394 8232 6649
1 8315 8328 8253
1 3932 5432 3908
1 5428 8159 3932
1 7817 5428 3905
1 270 261 7816
1 8357 3865 6812
1 8513 8509 8512
1 140 126 8259
1 6331 7829 7824
1 7827 8318 7828
1 7338 8317 7898
1 7829 5835 7474
1 7920 4791 5085
1 8221 121 139
1 6843 6713 6589
1 7834 5609 133
1 2128 5571 7835
1 6792 7664 7163
1 7171 6752 2170
1 7707 4543 7836
1 7163 7664 6382
1 8266 7839 4396
1 7576 7693 5262
1 8380 7463 8379
1 8282 3109 7310
1 7844 6093 7242
1 5086 7283 7843
1 7196 7845 7298
1 6466 8526 8525
1 7850 6703 7732
1 7847 8247 8249
1 8250 7731 622
1 6552 7855 7854
1 4338 8256 5919
1 6726 8222 8147
1 6782 7833 8221
1 8221 153 183
1 5478 8220 7699
1 7340 6544 7810
1 7543 7428 8054
1 3475 5846 8077
1 8067 3169 7917
1 7869 5265 5307
1 8485 8489 5662
1 7158 1164 7570
1 7869 7874 6472
1 7877 7184 7248
1 5398 8129 7384
1 4219 8129 8055
1 7879 7401 8360
1 8478 7451 8494
1 8230 6657 5254
1 141 7985 168
1 8230 5703 8226
1 8230 983 5703
1 8555 5827 7504
1 8555 7504 3965
1 7718 7516 6661
1 7360 2752 7797
1 7890 7796 6991
1 7558 6062 7848
1 4615 7852 5230
1 4598 6703 7850
1 7512 7847 7849
1 7449 6901 7899
1 7777 7696 6840
1 7901 5313 8095
1 7515 7286 8091
1 5981 5955 5931
1 7912 6544 7340
1 7569 5955 5981
1 5931 5955 6149
1 7908 5164 7905
1 7905 3209 7066
1 620 7976 5463
1 2632 7907 5665
1 3778 7878 7920
1 5955 7813 6149
1 8360 84 6431
1 7864 8076 7868
1 5569 4144 8611
1 6036 1254 8611
1 7922 1248 7610
1 7692 7726 6839
1 7690 8506 4928
1 6988 8503 5925
1 8500 8452 8454
1 4358 2124 8501
1 4891 6933 8487
1 248 241 251
1 523 4891 7925
1 7294 6544 7912
1 8307 8278 8457
1 7826 7824 7829
1 8274 6946 7676
1 7980 6750 5605
1 7987 7534 8578
1 746 7580 7982
1 7521 7545 7983
1 7545 8383 7514
1 8385 7241 7529
1 8387 7211 8575
1 149 114 145
1 210 145 190
1 8210 19 491
1 8210 8250 19
1 5731 7602 8220
1 3877 6498 8348
1 183 7699 198
1 3093 6588 7862
1 6791 7149 7880
1 7880 7149 5843
1 8360 7919 7879
1 8054 7916 7543
1 8054 7428 7424
1 8054 7424 7878
1 8367 7053 5504
1 3886 8367 5504
1 4488 8166 8060
1 8373 8063 5788
1 7858 8374 7527
1 7857 7708 6521
1 4380 8606 4983
1 8069 4418 7918
1 8362 7226 8066
1 8056 8361 7146
1 8154 6491 8461
1 141 166 7985
1 5362 7361 8461
1 8077 7867 6383
1 8077 6383 8068
1 6706 8588 8585
1 7785 179 156
1 7625 6397 8365
1 6163 8085 8150
1 8149 7872 7871
1 143 1901 129
1 8087 6666 7893
1 7170 8534 6580
1 8542 8544 8615
1 6691 7899 8251
1 7697 7776 7181
1 145 210 192
1 145 192 164
1 109 145 85
1 155 145 137
1 145 155 190
1 145 109 137
1 8460 7483 8153
1 8466 7706 7705
1 8466 106 7706
1 8210 8468 8471
1 6495 8465 6707
1 8467 491 13
1 34 20 13
1 7587 7979 733
1 8127 127 8214
1 4276 5228 8458
1 8457 6370 7827
1 7154 7149 6791
1 7876 4985 5834
1 7490 8340 6935
1 7884 8554 6756
1 7720 8556 3484
1 2483 8497 3772
1 4330 8507 4128
1 8380 8379 8612
1 8085 7206 8150
1 5504 5518 8152
1 4542 7330 4008
1 4542 7681 4905
1 8161 8061 4905
1 4541 4008 7330
1 4541 4331 4008
1 4541 4905 8061
1 6568 8073 3415
1 8073 7109 7670
1 8071 8073 6568
1 8153 7317 7356
1 7462 8153 7356
1 8459 8072 6889
1 8156 7768 7616
1 6976 7768 8156
1 7628 8158 7818
1 6900 7023 8162
1 7053 8167 5461
1 7818 8157 7417
1 4832 8163 5432
1 8159 8167 7053
1 7817 5461 5428
1 8162 7030 3815
1 8467 8492 8468
1 49 59 34
1 3602 7414 8453
1 8249 8052 7734
1 8470 8211 6465
1 3726 8211 7733
1 8124 3567 5790
1 4156 8213 6735
1 4150 4270 4271
1 4291 7824 7826
1 7195 5629 5792
1 5634 5769 8399
1 7280 7519 5656
1 4741 6444 6870
1 5769 7258 8399
1 6817 8346 7473
1 8369 4251 6937
1 5700 4699 8349
1 8217 8132 4607
1 8217 5108 6875
1 8526 8146 6624
1 8225 7355 7429
1 5484 8224 7349
1 217 7763 195
1 217 195 6961
1 6266 7893 7763
1 3036 7868 8076
1 8232 619 5975
1 7354 7906 5445
1 7906 7354 8233
1 617 7905 6596
1 8576 6927 989
1 93 8272 7977
1 7736 631 5790
1 7732 6465 8211
1 7734 7732 8249
1 8052 8249 8247
1 7850 3726 7733
1 19 8250 30
1 8250 622 30
1 8252 7984 7010
1 8580 2793 8603
1 7678 8578 8581
1 7358 7981 7611
1 8577 4781 7986
1 8579 8603 6683
1 7526 990 7087
1 2376 8615 193
1 7668 7501 8516
1 8517 1311 8254
1 5879 5030 8623
1 2532 8257 6956
1 8396 2520 8394
1 2555 7643 871
1 6924 7649 7508
1 2532 7645 8257
1 871 8395 2555
1 883 2566 6922
1 4507 7774 4189
1 6924 6500 7649
1 6325 7773 7646
1 7883 8617 174
1 7093 7808 8070
1 140 165 152
1 6819 8261 4976
1 4937 8512 7078
1 8325 7787 6352
1 6452 8584 4243
1 8080 8325 6352
1 7465 7629 8322
1 8219 8217 6875
1 5125 7717 7719
1 173 7675 8617
1 1769 6752 7171
1 1753 7719 7720
1 7421 7722 4676
1 682 8358 3989
1 7565 8275 7556
1 3157 7304 1523
1 7401 6655 7431
1 7655 8458 7373
1 7614 8308 7547
1 5455 8312 7398
1 4711 8313 5251
1 8307 8276 8278
1 8312 5251 8343
1 8214 4291 4145
1 8277 6997 4145
1 6955 7218 5299
1 2735 193 7022
1 2735 7022 6326
1 8327 8329 7022
1 6717 4371 4369
1 7471 8171 5192
1 8317 5577 7898
1 7493 8594 7608
1 8322 7493 7465
1 8329 8327 7737
1 7702 8329 7737
1 5449 283 270
1 7613 8162 1999
1 5428 5461 8167
1 5428 8167 8159
1 3212 7436 6587
1 5788 8342 8064
1 8279 7655 8344
1 7614 8279 8344
1 4270 4150 8344
1 2314 7862 6282
1 7860 8349 8369
1 8573 7711 7333
1 8353 7499 7513
1 7586 6828 8356
1 6810 7080 923
1 8357 6812 926
1 1735 4543 7707
1 778 8597 2349
1 7425 8069 7881
1 7459 8078 7917
1 8077 4920 8361
1 8069 4791 7881
1 8056 884 8361
1 4920 8055 8361
1 7424 7881 7878
1 8066 8078 8076
1 7864 8362 8066
1 7409 3169 8067
1 6163 8150 8487
1 8486 7500 8484
1 7500 8486 3695
1 5709 7833 8366
1 8165 8059 6460
1 7065 8164 7243
1 7863 8351 4367
1 8349 8053 8369
1 8369 6937 7860
1 8134 6935 7560
1 7700 8373 5788
1 6985 8373 8131
1 3865 8378 8507
1 5696 7822 8377
1 8259 7089 8510
1 8145 4297 8142
1 7839 4246 1718
1 8386 6025 7684
1 8538 7075 8573
1 4024 8546 5976
1 6956 8257 6191
1 1901 7185 6924
1 6922 6204 7004
1 8396 7002 6290
1 5819 7277 7771
1 5516 5630 5659
1 7771 7277 1841
1 4204 8275 4217
1 8275 7565 4217
1 7675 8272 7312
1 8274 8273 7105
1 7159 4891 8453
1 7332 8270 4873
1 7398 8312 8343
1 8457 8278 6370
1 3415 7631 7780
1 8460 8119 7483
1 7782 8460 7264
1 7264 5362 8461
1 7034 8459 6067
1 8232 7394 619
1 1160 8463 7604
1 7875 1972 7585
1 8464 3418 1953
1 7460 71 83
1 7458 7828 5945
1 8319 5280 7471
1 658 20 29
1 8465 5485 3850
1 4455 5615 4369
1 7198 6937 8347
1 4367 8351 6542
1 106 8466 78
1 8621 7344 8251
1 135 7706 106
1 135 106 5087
1 8494 5713 8478
1 8476 1084 123
1 6534 7688 3212
1 8453 5511 8502
1 8454 8506 8500
1 7501 8522 8516
1 8518 7673 8520
1 6264 8535 7334
1 6573 6122 4904
1 278 250 279
1 7717 8553 5147
1 8583 8560 8080
1 7989 5864 8547
1 8353 7513 8572
1 7329 8604 8581
1 6558 8579 6413
1 6297 7987 8578
1 8596 8561 4522
1 6475 8594 6207
1 8596 699 7388
1 8631 7407 7238
1 8562 8561 8596
1 4522 8264 3255
1 135 5087 134
1 35 21 31
1 9 35 18
1 35 27 18
1 8484 5087 7510
1 6045 7625 8365
1 8527 107 126
1 126 152 8527
1 7257 8535 8606
1 104 128 8363
1 8520 151 128
1 7815 5392 8549
1 8625 7593 7183
1 1732 7603 7686
1 5262 7644 1732
1 6314 8552 7167
1 7837 8550 6613
1 7840 8549 5392
1 6702 7815 745
1 1732 7576 5262
1 6025 8386 7838
1 8549 5319 7815
1 6044 8552 8386
1 7603 7687 7686
1 7687 5806 7686
1 8577 8384 4781
1 7678 5038 994
1 6297 994 7987
1 4666 7322 2272
1 4652 7534 8580
1 8579 4912 7715
1 8384 6448 7716
1 7982 7580 7329
1 8383 6967 8385
1 8577 4861 8382
1 8252 7395 8582
1 8384 8577 6448
1 165 8605 7814
1 7540 6063 7337
1 178 152 8158
1 8158 8157 7818
1 128 8514 8520
1 6063 7386 7672
1 117 151 8520
1 4128 8378 8143
1 4128 8507 8378
1 118 8259 8510
1 8605 140 118
1 8261 6819 7743
1 8145 5978 4297
1 8510 7089 4976
1 6725 8608 7080
1 8259 118 140
1 7313 8612 2692
1 7218 6955 8612
1 2692 7624 8588
1 6923 8587 7224
1 7924 6706 8585
1 7645 6073 8505
1 8499 8504 7306
1 6706 7921 8588
1 4577 7924 8585
1 8065 7627 4874
1 8612 6955 8380
1 7627 8065 6871
1 8587 8381 5569
1 7577 8542 8615
1 7583 6135 6497
1 219 241 8616
1 6891 8530 8256
1 6604 8615 8544
1 8086 7737 8327
1 8090 7094 2401
1 2730 7589 3336
1 34 13 491
1 7731 8210 8471
1 20 34 29
1 8467 8210 491
1 8468 8492 8471
1 34 45 29
1 3657 5945 7828
1 658 5945 8492
1 8171 7471 8168
1 8168 7898 7088
1 8168 7338 7898
1 8467 8468 8210
1 8492 20 658
1 8170 4369 4371
1 8491 4383 8212
1 8124 5790 7735
1 8490 8211 8470
1 8469 4705 8169
1 4371 8171 8490
1 672 7734 8052
1 672 8470 7734
1 8212 8248 5377
1 8211 2430 7733
1 143 156 7846
1 6227 4300 4539
1 140 8605 165
1 122 7522 8339
1 8339 7522 125
1 8531 5919 8255
1 7890 7496 8334
1 8333 7887 7889
1 7282 7561 7838
1 6994 7839 8266
1 3136 7209 7891
1 8618 5898 3198
1 8333 6994 8266
1 7551 5755 5008
1 8331 7360 7797
1 7888 7794 4842
1 8391 8546 7075
1 8546 6190 7075
1 6930 1076 8391
1 8574 4981 5762
1 250 278 269
1 269 257 250
1 4145 8127 8214
1 1632 8478 7255
1 8223 8479 6849
1 1084 8473 5670
1 1084 8476 8473
1 7697 6007 8477
1 123 141 130
1 123 8058 141
1 5713 8494 8092
1 8251 7899 4871
1 7882 8227 8473
1 7882 8473 8476
1 8229 7344 8621
1 8229 7356 6877
1 8474 7344 6877
1 7071 8228 6253
1 7275 7371 5006
1 168 7985 184
1 166 8058 8057
1 7491 8328 7701
1 7071 8480 8228
1 5869 6788 7776
1 8553 7883 174
1 7886 7772 7499
1 218 250 227
1 5147 6170 7772
1 250 246 238
1 227 250 238
1 7719 7717 5147
1 250 239 254
1 7886 8556 7720
1 7886 7499 8556
1 7883 7717 1744
1 7886 7719 5147
1 8358 4967 3989
1 8136 6528 5911
1 1763 6756 8136
1 7884 6756 7246
1 7886 7720 7719
1 266 279 250
1 8622 7499 7444
1 6170 7513 7772
1 8575 7444 4063
1 7011 8538 8573
1 8574 4024 8545
1 8573 7333 7011
1 8574 6190 8546
1 254 5162 266
1 8546 4024 8574
1 266 250 254
1 8517 1338 1311
1 7783 6973 8517
1 7668 7607 4192
1 6973 7666 6595
1 8123 8120 7778
1 8519 6630 3305
1 8122 5391 7769
1 8122 8521 7546
1 171 7517 8363
1 7593 8625 8548
1 1243 7235 8281
1 161 8530 8541
1 4339 4898 8540
1 134 8530 146
1 8530 6891 8541
1 8314 8541 4338
1 7641 6839 7725
1 7727 8502 6511
1 4507 7728 7724
1 2566 4928 7689
1 7649 7692 5376
1 7690 8500 8506
1 6502 8498 7051
1 7306 5031 8499
1 8502 7159 8453
1 4358 8501 3671
1 8453 7414 8501
1 5031 8483 6258
1 8063 8568 7254
1 1804 8529 6675
1 8340 8566 6068
1 200 8627 181
1 6534 4330 7688
1 8495 6603 8140
1 8496 7227 8338
1 4522 8561 8264
1 4522 3255 8593
1 7784 8264 8561
1 463 5431 8089
1 8323 7331 8082
1 8079 7493 8322
1 750 6452 8264
1 8633 8326 8563
1 7507 6958 8324
1 7038 7404 8334
1 3535 8636 7693
1 7798 7561 7282
1 5250 7694 6982
1 7694 8335 6982
1 7889 7795 7888
1 8636 8333 8266
1 7549 8334 7496
1 7839 7694 4246
1 8332 7693 5216
1 8335 7889 7888
1 7888 4842 8335
1 7592 8632 6808
1 7612 8595 7608
1 1510 6826 4504
1 7310 5529 8282
1 3569 8591 7450
1 5517 1247 1261
1 898 900 8593
1 4522 8593 8596
1 8528 7677 181
1 6879 6248 7350
1 7636 8275 7677
1 7677 8528 7803
2 325 1067 8013
2 557 7992 1660
2 1448 8433 8437
2 8025 2097 2722
2 2534 8438 5663
2 8402 1716 511
2 2173 1020 8401
2 8010 1162 1127
2 8426 8427 3095
2 8431 877 8430
2 4094 1404 8401
2 8445 605 1404
2 517 1317 8451
2 1083 3 2279
2 1027 8015 2487
2 1649 8417 3768
2 1030 2760 729
2 3414 1902 8412
2 7993 1111 8045
2 890 8021 549
2 8022 1313 549
2 964 1860 2696
2 1072 498 2076
2 8425 1153 2841
2 8426 3677 8427
2 8429 4326 8420
2 1597 8406 2361
2 4398 8039 632
2 627 8046 1321
2 1127 3946 966
2 1111 901 8045
2 8412 1902 2262
2 1950 1899 8441
2 700 1029 4301
2 3664 1594 700
2 1655 1201 8403
2 498 8410 3746
2 729 4301 1029
2 1030 729 2323
2 4408 294 2273
2 866 1331 8416
2 890 2609 8021
2 8426 2463 3677
2 7993 7999 1660
2 8410 8406 3746
2 1121 4618 1305
2 8009 3285 4312
2 8010 8019 968
2 1443 8112 4801
2 597 3883 3366
2 8430 788 1605
2 4283 1605 788
2 7995 3448 4451
2 675 8448 1331
2 1494 8449 1331
2 2749 2544 8414
2 1408 517 8451
2 1408 8451 1363
2 1030 3402 8040
2 591 8447 1300
2 2723 8428 4326
2 294 4408 7992
2 462 1225 1396
2 7993 627 1321
2 2523 7996 2331
2 274 1950 1229
2 1229 1950 8440
2 8449 8450 606
2 584 232 1142
2 584 632 232
2 3247 4995 8439
2 1121 2206 8024
2 569 4326 2337
2 2148 1128 8435
2 2297 1282 1080
2 1080 1282 604
2 2278 1716 8019
2 462 1363 1225
2 1376 3470 1403
2 1376 4311 3470
2 7998 1663 2525
2 1512 8026 1065
2 7991 2297 1080
2 232 632 8034
2 1080 1047 7991
2 1667 2839 8041
2 2297 2273 1282
2 8043 8044 7991
2 1660 7992 1111
2 7995 1661 3448
2 1067 325 8005
2 8412 2576 2444
2 8414 513 2749
2 8032 8035 8039
2 1298 8029 1089
2 8403 2090 1258
2 8029 550 215
2 3446 596 8111
2 1081 596 3446
2 1019 605 8445
2 2278 8019 1020
2 4618 1121 8024
2 2839 3461 1153
2 2524 1662 7996
2 1030 2323 8036
2 8449 606 1331
2 1331 606 8416
2 3446 8111 1018
2 8110 930 325
2 8446 605 1019
2 8434 876 835
2 877 1748 8442
2 8431 1748 877
2 8431 462 1748
2 1363 8451 1225
2 2468 8430 877
2 8027 4812 3032
2 2241 8419 1155
2 513 1155 8419
2 8424 8414 2544
2 8109 984 1475
2 2206 1089 8024
2 2706 8425 1091
2 2706 1091 8434
2 2841 1091 8425
2 2133 3739 1091
2 4844 8428 1095
2 8046 8047 2526
2 1142 1649 584
2 8418 1649 1142
2 1067 2202 981
2 8412 2262 2576
2 8116 700 1131
2 3664 700 8116
2 1832 8439 4995
2 7993 1660 1111
2 8117 8041 640
2 1079 1258 918
2 1396 1225 288
2 1748 1396 8442
2 8050 1083 7998
2 969 1512 1065
2 1114 3289 8018
2 1065 1214 8035
2 8019 8010 4212
2 962 1660 7999
2 962 557 1660
2 8015 1143 2724
2 8021 1121 1143
2 8015 1027 1314
2 3057 517 1408
2 8436 1128 2870
2 517 8450 1317
2 8015 3873 1143
2 2851 8432 1505
2 2570 1127 966
2 1231 2 1047
2 8050 2525 8049
2 294 557 8006
2 982 1153 3461
2 1404 2249 8401
2 1409 8043 1047
2 8429 8420 2851
2 1505 8432 788
2 8047 1187 2523
2 1232 2279 3
2 8402 511 1201
2 1475 648 8005
2 4309 8000 964
2 964 8000 3447
2 8427 3677 1046
2 8006 4409 294
2 1793 1978 3739
2 3739 1978 8434
2 8002 1942 1662
2 1667 2036 1131
2 984 604 1475
2 1047 8043 7991
2 8027 1298 324
2 8021 1298 1121
2 2226 597 8113
2 1413 597 2226
2 8014 1665 2756
2 8049 7997 2524
2 1070 2249 605
2 1070 8401 2249
2 8429 1229 2337
2 2138 8038 3768
2 2138 5123 8038
2 8037 8032 1848
2 462 1396 1748
2 469 465 8411
2 1505 788 8430
2 8117 2036 1667
2 2047 2209 1045
2 2209 2239 1045
2 550 293 215
2 293 1665 215
2 1282 2273 604
2 2232 1827 969
2 2232 969 3366
2 1026 4451 3448
2 8000 4451 1026
2 8008 3448 965
2 8008 965 4312
2 8001 2950 1942
2 8001 1942 541
2 517 1406 8450
2 4683 2300 8422
2 1404 605 2249
2 2097 8025 1413
2 1413 8025 3883
2 1942 2950 1662
2 7992 7991 8044
2 8044 2668 7992
2 8032 1028 1472
2 1472 1065 8032
2 570 640 8041
2 8445 595 3471
2 1391 8023 8022
2 8044 901 2668
2 1111 7992 2668
2 2273 2297 4408
2 8448 1494 1331
2 1072 8410 498
2 1011 8410 1072
2 8025 2722 1827
2 8037 1030 8036
2 1827 293 550
2 1664 8023 1391
2 2874 1665 8014
2 3448 1661 965
2 3664 8115 1594
2 1391 1042 8016
2 1664 1391 8016
2 4311 1008 8443
2 1564 1045 513
2 2239 513 1045
2 8112 1413 2226
2 965 8001 8009
2 541 8009 8001
2 1443 1413 8112
2 596 1413 1443
2 2273 294 4409
2 2772 896 8020
2 2380 2772 8020
2 3946 8002 966
2 1942 8002 541
2 8019 8018 968
2 8018 2277 968
2 2076 498 2391
2 2076 465 2583
2 2760 8040 982
2 2133 982 8040
2 1027 1068 1314
2 2290 3164 966
2 3032 8033 8035
2 969 1827 1512
2 1667 157 2839
2 8012 1403 595
2 4328 8439 3282
2 8012 916 8004
2 1599 1313 8022
2 965 8009 4312
2 8417 8418 2463
2 584 1649 3768
2 1079 8447 3681
2 1079 918 8447
2 1472 1028 3224
2 969 1065 1472
2 3297 2583 465
2 8015 2724 1305
2 3946 1162 541
2 606 4683 3542
2 606 3542 8416
2 1515 569 1229
2 8413 8409 1011
2 2839 1153 8042
2 7993 4309 7999
2 632 8039 8033
2 8033 8039 8035
2 8003 1663 2629
2 648 4409 8005
2 8004 1376 1403
2 8004 4311 1376
2 648 2273 4409
2 2241 8420 4326
2 8444 1403 3470
2 2300 1406 3057
2 469 2576 866
2 2475 8033 951
2 8022 1597 3294
2 1716 8404 3887
2 8402 1717 8404
2 8014 981 2607
2 8418 1045 1564
2 8418 1564 1046
2 8415 465 469
2 8415 3297 465
2 2444 469 8411
2 1391 549 1042
2 8441 1899 1582
2 1313 890 549
2 1599 890 1313
2 2745 8017 1664
2 1664 8017 3289
2 8115 1414 1594
2 8402 8404 1716
2 2756 1665 3244
2 1663 2290 7997
2 3681 591 2295
2 2629 1663 7998
2 7998 1008 2629
2 2851 8420 1329
2 967 1068 8008
2 967 8008 4312
2 1899 877 1582
2 1582 877 8442
2 1661 8001 965
2 8001 1661 2950
2 1030 8040 2760
2 835 4327 8437
2 2331 7996 1661
2 7995 2331 1661
2 968 2277 8009
2 1162 968 8009
2 8018 8017 2277
2 1008 7998 2279
2 1083 2279 7998
2 966 8002 2290
2 1414 8030 3660
2 1079 3681 4098
2 1142 2047 1045
2 8443 1008 1232
2 459 2696 1860
2 459 2600 2696
2 3471 595 1403
2 1594 1029 700
2 541 1162 8009
2 8006 2607 4409
2 2391 8411 465
2 2076 2391 465
2 8036 1028 8037
2 501 8410 8409
2 498 8411 2391
2 2414 1717 8407
2 8037 1848 3548
2 8117 1667 8041
2 1793 3739 8423
2 8411 498 2418
2 8431 1363 462
2 8410 501 8406
2 2361 8406 501
2 7992 4408 7991
2 2414 8405 3779
2 8405 2414 8407
2 8004 916 2570
2 8425 1128 1153
2 8427 8428 4844
2 8427 1046 8428
2 3224 3660 8031
2 1717 2414 8404
2 2524 8048 1849
2 2722 556 293
2 7995 2523 2331
2 2239 8413 2749
2 8027 324 4812
2 1860 896 4675
2 8034 1044 232
2 2297 7991 4408
2 8419 1046 1564
2 1068 2745 8016
2 2849 1029 1594
2 2849 2323 1029
2 3542 4683 8422
2 1414 2074 2849
2 2 1409 1047
2 8436 2870 8433
2 8436 8433 1448
2 591 1300 8448
2 1298 8021 2609
2 8409 1044 1600
2 2300 3057 1605
2 7994 8000 4309
2 8000 7994 4451
2 215 8024 1089
2 2253 8024 215
2 675 591 8448
2 1902 591 675
2 8027 3032 1214
2 8028 2541 890
2 2607 981 4409
2 4328 569 1515
2 3350 2541 8028
2 1044 8413 2047
2 1827 8026 1512
2 5023 3825 8008
2 3825 1026 8008
2 3447 8000 1026
2 1403 8444 3471
2 2277 3285 8009
2 876 4327 835
2 1008 2279 1232
2 3289 8017 8018
2 2090 511 1070
2 2468 877 1899
2 274 1899 1950
2 8040 3402 5123
2 8037 3548 3402
2 2097 556 2722
2 1403 8012 8004
2 8042 2148 570
2 1515 8440 4328
2 3402 3548 8038
2 3681 8447 591
2 1067 8005 2202
2 4196 572 3651
2 2277 967 3285
2 1070 1258 2090
2 2047 8413 2209
2 2148 8042 1128
2 8028 890 1599
2 3560 4988 1127
2 8011 4988 3560
2 8030 8031 3660
2 3294 1599 8022
2 3294 2361 1599
2 1655 8407 1717
2 8108 1231 1080
2 1080 1231 1047
2 8026 1214 1065
2 3236 788 8432
2 4409 981 2202
2 1081 556 596
2 3548 1848 8038
2 8117 8116 2036
2 513 2239 2749
2 8039 4398 8038
2 1848 8039 8038
2 3393 8020 2253
2 4451 2526 7995
2 7994 2526 4451
2 511 1716 2278
2 3297 8424 2583
2 8421 4283 788
2 8045 627 7993
2 459 4184 962
2 4184 8006 962
2 2323 729 1029
2 8450 1406 606
2 1663 3164 2290
2 1663 8003 3164
2 8403 2686 2090
2 4309 1321 7994
2 8047 2523 7995
2 2524 7997 1662
2 2525 7997 8049
2 8046 2526 7994
2 8041 8042 570
2 8023 1664 1114
2 7999 4309 964
2 1008 4311 8003
2 3308 8007 3997
2 1298 2206 1121
2 8440 1515 1229
2 2262 1331 866
2 4409 2202 8005
2 8013 1067 2756
2 8109 1475 930
2 2970 1414 8115
2 2600 7999 964
2 2696 2600 964
2 952 3414 8412
2 2583 2544 1072
2 3461 2839 2760
2 8417 2463 1793
2 1414 2849 1594
2 274 2468 1899
2 2475 3350 8028
2 5320 2487 8007
2 8007 2487 3997
2 2273 648 604
2 1475 604 648
2 2295 591 1902
2 2418 1054 8411
2 1054 952 8411
2 3825 8007 1026
2 3095 8427 572
2 8427 4844 572
2 8435 1411 2148
2 1095 569 3282
2 1095 8428 2723
2 876 2534 4327
2 876 4196 2534
2 8434 835 8433
2 951 4812 2541
2 2749 1072 2544
2 8424 2544 2583
2 1081 3446 1259
2 1259 3446 1018
2 469 866 3931
2 8403 1258 1079
2 8415 3638 8421
2 7997 2525 1663
2 8433 835 8437
2 8429 2337 4326
2 1020 8019 4212
2 1600 1044 8034
2 8432 2851 1329
2 1072 2076 2583
2 4365 1054 8407
2 1505 8430 274
2 274 8430 2468
2 916 3560 1127
2 324 2609 890
2 8405 8407 1656
2 8422 2300 8421
2 3638 8422 8421
2 8421 3236 3297
2 2576 469 2444
2 1793 8426 1978
2 2300 1605 4283
2 1201 2686 8403
2 2534 3651 8438
2 3931 866 8416
2 1111 2668 901
2 3931 3638 8415
2 3294 1597 2361
2 1067 981 2756
2 1042 1314 8016
2 1564 513 8419
2 2686 511 2090
2 215 1089 8029
2 2706 8433 8425
2 2074 8036 2323
2 2722 293 1827
2 569 2723 4326
2 1095 2723 569
2 2724 1143 1121
2 2724 1121 1305
2 1114 8404 8023
2 3887 8404 1114
2 4675 896 2772
2 1656 1054 2418
2 8014 2253 2874
2 8014 3393 2253
2 8435 1128 8436
2 2950 7996 1662
2 8418 1142 1045
2 982 1091 2841
2 2841 1153 982
2 2290 8002 7997
2 8429 2851 1505
2 1600 501 8409
2 1142 232 2047
2 2870 1128 8425
2 2870 8425 8433
2 8406 8405 1656
2 8406 1656 3746
2 215 1665 2874
2 8401 1020 8011
2 8401 8011 4094
2 2444 952 8412
2 3414 8408 1902
2 1054 1656 8407
2 2133 1091 982
2 1832 3282 8439
2 5023 1068 1027
2 1072 2749 1011
2 2380 4184 2772
2 2950 1661 7996
2 2262 866 2576
2 8030 1414 2970
2 1155 1329 8420
2 1329 8424 3236
2 3297 3236 8424
2 3931 8422 3638
2 8422 3931 3542
2 1229 569 2337
2 1406 517 3057
2 1717 1201 1655
2 8421 788 3236
2 3244 1665 293
2 8426 3095 876
2 876 3095 4196
2 3447 1026 8007
2 3308 3447 8007
2 1214 3032 8035
2 3740 8408 952
2 916 8011 3560
2 3057 3598 1605
2 1717 8402 1201
2 3681 8408 4098
2 324 890 2541
2 4812 324 2541
2 8029 1298 8027
2 8036 2074 3660
2 8111 596 1443
2 1162 3946 1127
2 8034 8033 2475
2 951 8033 3032
2 1472 3224 969
2 5282 8013 3244
2 8012 8011 916
2 918 1258 8446
2 1258 605 8446
2 3285 967 4312
2 8411 952 2444
2 572 1095 1832
2 572 1832 3651
2 2839 157 2760
2 964 3308 1860
2 2874 2253 215
2 1259 8013 5282
2 8414 8424 1329
2 951 2541 3350
2 2475 951 3350
2 8025 1827 2232
2 8025 2232 3366
2 1656 2418 3746
2 930 1475 325
2 1070 2173 8401
2 1070 511 2173
2 1046 8419 8428
2 550 8029 8026
2 1027 2487 5320
2 3414 952 8408
2 967 2745 1068
2 3057 1408 3598
2 2097 1413 596
2 8019 1716 8018
2 2463 8426 1793
2 1080 604 8108
2 984 8108 604
2 8113 597 8030
2 1605 3598 8430
2 2414 3779 8404
2 8016 2745 1664
2 2206 1298 1089
2 8003 8004 2570
2 5282 556 1081
2 556 5282 3244
2 572 4844 1095
2 3825 5320 8007
2 3297 8415 8421
2 2629 1008 8003
2 1411 570 2148
2 4365 1655 3740
2 1655 8403 3740
2 2525 8050 7998
2 3598 8431 8430
2 325 8013 1259
2 287 570 1411
2 1011 8409 8410
2 1259 1018 8110
2 8110 325 1259
2 962 2600 459
2 640 570 287
2 4930 501 1600
2 501 4930 2361
2 2173 2278 1020
2 324 1298 2609
2 1978 8426 8434
2 1091 3739 8434
2 8429 274 1229
2 8429 1505 274
2 2756 981 8014
2 556 2097 596
2 2036 8116 1131
2 8114 8030 2970
2 8006 2380 2607
2 916 1127 2570
2 3873 1042 1143
2 3873 1314 1042
2 1305 3879 8020
2 2253 8020 3879
2 597 3366 8031
2 8031 8030 597
2 8018 3887 1114
2 1716 3887 8018
2 1070 605 1258
2 8021 1143 1042
2 549 8021 1042
2 8407 1655 4365
2 3997 2487 896
2 8014 2607 2380
2 8413 1011 2749
2 541 8002 3946
2 8426 876 8434
2 8420 2241 1155
2 1860 3997 896
2 4328 3282 569
2 7993 1321 4309
2 3779 8405 1597
2 3677 8418 1046
2 8012 595 4094
2 4094 8011 8012
2 1079 4098 8403
2 3740 8403 4098
2 3164 2570 966
2 8022 549 1391
2 8413 2239 2209
2 2463 8418 3677
2 2074 1414 3660
2 8421 2300 4283
2 8022 8023 1597
2 1128 8042 1153
2 8419 2241 4326
2 4326 8428 8419
2 4184 459 2772
2 3461 2760 982
2 3779 8023 8404
2 4196 3095 572
2 1475 8005 325
2 1020 4212 8011
2 4812 951 3032
2 632 8033 8034
2 8431 1408 1363
2 1028 3660 3224
2 1131 4301 157
2 729 157 4301
2 3740 4098 8408
2 8037 3402 1030
2 1321 8046 7994
2 294 7992 557
2 952 1054 4365
2 3681 2295 8408
2 8038 4398 3768
2 1201 511 2686
2 2133 8423 3739
2 2133 8040 8423
2 511 2278 2173
2 952 4365 3740
2 584 4398 632
2 584 3768 4398
2 1827 550 8026
2 8016 1314 1068
2 1187 8048 2523
2 2262 1902 675
2 1597 8023 3779
2 1413 3883 597
2 8027 1214 8026
2 8027 8026 8029
2 8028 4930 1600
2 1305 4618 3879
2 2262 675 1331
2 459 4675 2772
2 4683 1406 2300
2 606 1406 4683
2 8014 2380 3393
2 3598 1408 8431
2 2487 8015 1305
2 896 2487 1305
2 556 3244 293
2 4094 595 1404
2 1095 3282 1832
2 1667 1131 157
2 3883 8025 3366
2 3746 2418 498
2 700 4301 1131
2 2361 4930 1599
2 962 7999 2600
2 8423 8040 5123
2 8423 2138 3768
2 4988 8010 1127
2 4212 8010 4988
2 3247 8438 4995
2 3651 4995 8438
2 1027 5320 5023
2 2475 8028 1600
2 8034 2475 1600
2 5123 3402 8038
2 8423 5123 2138
2 2756 3244 8013
2 1044 2047 232
2 729 2760 157
2 459 1860 4675
2 969 3224 3366
2 3366 3224 8031
2 7996 8048 2524
2 7996 2523 8048
2 1664 3289 1114
2 3164 8003 2570
2 964 3447 3308
2 3308 3997 1860
2 8010 968 1162
2 2534 5663 4327
2 8028 1599 4930
2 2534 4196 3651
2 8414 1329 1155
2 8414 1155 513
2 3931 8416 3542
2 1832 4995 3651
2 5320 3825 5023
2 8015 1314 3873
2 2849 2074 2323
2 2380 8006 4184
2 8415 469 3931
2 8417 1793 8423
2 8408 2295 1902
2 5282 1081 1259
2 8440 1950 8441
2 8417 1649 8418
2 8443 3470 4311
2 967 8017 2745
2 2524 1849 8049
2 896 1305 8020
2 8008 1026 3448
2 8008 1068 5023
2 8017 967 2277
2 8041 2839 8042
2 8035 8032 1065
2 1848 8032 8039
2 8032 8037 1028
2 8036 3660 1028
2 3393 2380 8020
2 8006 557 962
2 4618 8024 3879
2 2253 3879 8024
2 2526 8047 7995
2 3768 8417 8423
2 8011 4212 4988
2 595 8445 1404
2 8409 8413 1044
2 8113 8030 8114
2 8114 2970 8115
2 1662 7997 8002
2 1329 3236 8432
2 8434 8433 2706
2 4311 8004 8003
2 8406 1597 8405
