0 24614 34092 5324
0 30386 34116 3364
0 3837 34090 24612
0 4411 33953 24489
0 12169 5392 5390
0 24598 24601 299
0 27569 3697 3307
0 3201 18099 9400
0 2111 26223 1328
0 19801 33692 5281
0 22410 4852 28201
0 13117 27085 307
0 5234 19221 5239
0 17679 23026 6732
0 26311 24393 24394
0 17488 17452 34738
0 24706 24707 23510
0 5360 381 5359
0 291 17830 9439
0 33860 19266 388
0 366 5152 9397
0 30983 5121 19792
0 19221 23537 5239
0 4571 12822 22329
0 5035 20090 30996
0 30996 19788 5035
0 4571 31666 12822
0 5968 24620 24623
0 5408 26186 24265
0 30673 24984 12074
0 4089 2500 15692
0 24703 24704 30175
0 822 8664 19239
0 33865 8664 822
0 24245 24250 931
0 931 24448 24245
0 12822 26946 24345
0 24792 24146 27497
0 8670 24820 677
0 677 25127 8670
0 24435 17122 5927
0 24187 24313 28423
0 20979 1193 7282
0 13278 7701 768
0 4647 24250 621
0 5121 30379 19792
0 4880 19342 24187
0 19145 21286 5328
0 5325 5328 21286
0 24819 28580 24557
0 22615 620 6549
0 19800 7039 18874
0 19800 18874 3315
0 28710 2217 5058
0 9267 9812 34753
0 28533 4550 20552
0 34365 7008 4906
0 7213 7008 34365
0 1134 19798 5159
0 26346 1134 5159
0 21308 33222 10984
0 603 20001 6699
0 603 11322 20001
0 6096 16641 16179
0 24275 28053 978
0 27783 11698 622
0 11698 28554 622
0 5501 5499 30220
0 5183 26184 19822
0 5325 24614 5324
0 1256 17319 2940
0 18715 1256 2940
0 35253 14824 28604
0 10154 754 28506
0 22646 19343 811
0 811 11176 25180
0 6250 20308 1577
0 30175 26503 24703
0 1739 21983 4010
0 20772 916 645
0 34094 18101 24480
0 34705 27021 4945
0 26233 20496 5080
0 19823 34109 5165
0 18717 24449 19781
0 24749 5475 5029
0 952 171 16827
0 24149 171 952
0 21532 5761 4742
0 3884 33208 24116
0 17619 13170 13678
0 4246 24222 1072
0 4246 1072 15246
0 15246 1072 22501
0 32359 17662 24375
0 7997 24283 24985
0 5075 13075 19364
0 5386 33860 13533
0 2225 23956 24678
0 2225 24678 24037
0 7607 21334 3798
0 5561 8226 25221
0 19431 1253 19085
0 7273 1860 23524
0 19785 3307 3697
0 23861 15465 1257
0 35331 4815 29227
0 10510 17189 24674
0 978 28053 1645
0 20536 6213 3768
0 27832 30677 5234
0 13550 4958 4953
0 24586 1356 24687
0 34839 7031 19240
0 5423 26486 32397
0 30610 21403 5495
0 5100 12482 5104
0 5225 30888 19795
0 25221 5375 24111
0 22641 14832 1570
0 30633 19152 1577
0 9278 1577 19152
0 26703 1871 24312
0 10861 7977 5969
0 29257 7130 11518
0 2499 30376 5997
0 7413 26486 5423
0 15322 20237 12352
0 20237 15322 35358
0 12996 22442 5351
0 4111 13076 12792
0 19238 13076 4111
0 5316 1745 5314
0 31698 1745 5316
0 5196 5452 1978
0 24088 2764 17662
0 13810 23956 2225
0 9805 4885 10361
0 13399 3201 29122
0 13399 29122 21084
0 5522 13346 23366
0 24346 24767 28482
0 4550 10956 20552
0 14805 2099 5110
0 30454 5110 2099
0 17892 5171 5167
0 4268 5312 5265
0 14217 24782 11088
0 29897 24403 17829
0 10593 29591 25346
0 5496 32973 5515
0 23447 2359 1978
0 12345 28185 5326
0 5326 16444 12345
0 18272 2031 25293
0 26294 2237 6705
0 2237 27547 6705
0 24731 22646 29418
0 2771 25333 24558
0 2771 25497 25333
0 14463 9734 35295
0 19955 5993 8399
0 5468 21334 29241
0 20531 22183 2443
0 4829 26309 6015
0 251 2183 3446
0 12025 2188 251
0 11090 24766 2188
0 5402 5399 19248
0 24310 1871 26703
0 5075 28606 2217
0 24984 5299 12074
0 22329 12822 24345
0 19441 7054 11808
0 7054 28141 11808
0 24823 26940 24354
0 10933 19007 2338
0 8182 2338 19007
0 7140 17189 222
0 26946 12822 27645
0 18189 2664 5429
0 2664 19364 5429
0 6407 5420 21534
0 26280 24278 8571
0 18678 3364 2437
0 18678 2437 11335
0 19822 19436 3187
0 11321 18694 16864
0 3884 12200 33914
0 20922 2523 3651
0 20922 22968 2523
0 14896 24202 8474
0 13810 2537 25127
0 5265 28603 2772
0 5265 2772 17963
0 33224 2541 11598
0 4932 19429 13191
0 5305 22304 32519
0 10391 32973 6174
0 5324 34092 27557
0 4896 24396 26281
0 5079 26233 5080
0 31357 7037 2656
0 5419 31139 15455
0 24277 15683 8571
0 30841 4999 17647
0 4999 29536 17647
0 26503 2693 24088
0 24088 2693 4963
0 4987 4992 6549
0 2710 5282 5283
0 2710 12165 5282
0 17619 34983 13688
0 17619 13678 34983
0 18874 434 33691
0 26232 4942 27576
0 14797 6068 19788
0 4445 5279 19800
0 17319 18706 2940
0 18706 17319 10485
0 5312 27614 35263
0 18717 14847 24449
0 24461 30443 27885
0 4921 2775 22000
0 2775 21636 13550
0 3418 3328 2723
0 24662 7935 4861
0 20453 3470 2781
0 9421 2698 17602
0 24317 29411 12919
0 5361 5359 381
0 35358 26498 24706
0 26498 31558 24706
0 5008 22363 4921
0 25184 5111 24556
0 23238 27646 0
0 27646 23238 11952
0 25099 2885 24598
0 5449 21957 27776
0 5161 11681 20027
0 5161 26307 11681
0 12200 3884 24116
0 5003 4999 4998
0 4953 4958 3094
0 27783 622 2911
0 11038 27783 2911
0 28204 3165 4647
0 11343 4941 26255
0 20749 24499 24503
0 16826 5462 32817
0 18677 3309 2941
0 24278 24280 7997
0 20366 6997 28054
0 24278 7997 24277
0 14811 22547 30323
0 4815 16185 24430
0 9623 32160 3023
0 15041 27808 27643
0 27643 27808 6743
0 6383 26992 3055
0 20309 24217 19153
0 24705 20327 32360
0 30706 14756 6281
0 15486 26223 2111
0 35258 19957 2111
0 15524 25166 3165
0 1034 19180 11700
0 25539 1034 11700
0 24592 8878 24578
0 14832 2236 19962
0 2236 14832 22641
0 3768 34793 15652
0 1745 18947 5314
0 7273 1316 1860
0 8214 31394 30258
0 31394 8214 30259
0 3426 222 17189
0 7500 7037 13278
0 25569 24062 24274
0 5285 16121 6882
0 16121 5295 6882
0 22392 5168 34983
0 22392 34983 13567
0 5353 28119 27209
0 24238 18904 12823
0 26302 5198 25383
0 5414 26763 27164
0 5312 4268 5362
0 22411 17393 32399
0 24210 24283 25349
0 24705 4219 20327
0 4880 24347 19342
0 5419 15455 25515
0 16532 10465 3776
0 19860 3776 15017
0 6476 30770 20696
0 11321 2939 18694
0 27551 2939 11321
0 27629 21334 5468
0 24704 24703 32359
0 21253 24704 32359
0 24705 32360 21253
0 15355 2885 22057
0 22615 5108 26334
0 21272 10502 29451
0 12177 33199 3830
0 5353 27209 28165
0 5190 34090 3837
0 5239 11998 3837
0 20309 13597 24217
0 24707 24706 24665
0 28604 7224 35253
0 28123 23920 24489
0 3958 4856 19145
0 19145 4856 21286
0 3777 5341 32912
0 12221 3893 20594
0 24665 32369 24707
0 19786 4996 34104
0 3922 21016 12475
0 24695 5547 21703
0 5547 4036 21703
0 5193 3963 12816
0 18715 2940 6545
0 4967 4112 34881
0 24362 30252 33162
0 4112 16451 22926
0 24701 24700 27763
0 5319 17233 23159
0 18270 2848 5996
0 6926 4885 13346
0 18270 5610 2848
0 6437 18138 3992
0 16141 3821 4167
0 8664 16141 4167
0 26210 24660 25166
0 24664 26210 6862
0 26972 35295 5460
0 19782 4015 11829
0 2537 24458 25127
0 24317 16539 29411
0 18872 34650 33692
0 5283 34650 18872
0 2879 22661 6555
0 22661 25568 6555
0 35351 24701 6788
0 6788 24701 28442
0 10502 14451 33222
0 5318 22252 3753
0 29432 5518 32770
0 23956 24680 15363
0 7213 33538 7008
0 31720 31481 8679
0 23159 5318 5319
0 23159 34905 5318
0 30834 16595 20979
0 24712 21532 28123
0 22393 11867 13175
0 4830 24116 12207
0 19084 18894 4969
0 23482 4581 29591
0 2698 17170 35166
0 2567 19109 4218
0 4891 23366 23044
0 23044 4889 4891
0 24985 11599 4361
0 6699 20001 4266
0 6699 4266 27560
0 5251 5490 4268
0 12721 9610 32446
0 5282 19247 27548
0 2220 19068 27089
0 24683 31292 4303
0 32747 4361 11599
0 24177 24427 12721
0 5162 5972 26262
0 31563 28485 7273
0 19799 5279 4445
0 15131 24687 26497
0 26497 25100 15131
0 17170 4244 32975
0 32021 4244 17170
0 32971 24431 3821
0 29227 4933 19428
0 5022 34877 19431
0 22386 19433 18579
0 19822 5355 19436
0 22393 19436 5355
0 4995 34115 19442
0 4709 5952 26183
0 19795 3311 4267
0 4267 3311 26297
0 3958 16437 7977
0 5379 30267 23527
0 23527 30267 12198
0 4709 1654 5952
0 6900 7495 12352
0 29649 28162 7863
0 5135 366 13278
0 29591 4581 25346
0 15363 24680 6362
0 4932 3422 4936
0 4932 19155 3422
0 15455 31139 4987
0 27597 4758 7224
0 13810 2225 2537
0 14542 3055 26962
0 12814 3052 19084
0 24518 30444 23450
0 6362 23450 30444
0 5281 5282 27548
0 24586 8878 24592
0 1860 1316 15165
0 1860 15165 23524
0 34104 4996 26283
0 841 6950 29370
0 26332 4765 3408
0 14842 4765 26332
0 4996 19786 14038
0 25263 34728 5492
0 12627 18878 8394
0 7045 9935 32513
0 7045 32513 9805
0 28533 5359 4550
0 4816 3090 24085
0 6265 4413 3410
0 5341 5338 24447
0 9671 4474 24756
0 31003 4974 19782
0 30994 5033 19787
0 30380 19787 5033
0 30383 18677 5077
0 5117 19794 30980
0 8403 19798 1134
0 30382 19802 5279
0 8395 19800 12008
0 26223 15486 12008
0 34094 24480 18693
0 26335 3408 6023
0 34535 33538 14321
0 19820 13254 5116
0 7742 22437 6685
0 14834 5349 19803
0 14834 20181 5349
0 4993 19785 6183
0 5111 24296 24556
0 6152 33484 26272
0 18957 5207 13255
0 24120 5207 18957
0 5449 22276 3706
0 4917 3326 19819
0 18670 24373 15301
0 24393 30384 18678
0 19147 4974 31003
0 12942 24303 20182
0 5037 32971 24429
0 3051 31002 20090
0 5451 24663 4806
0 30389 5332 20180
0 24303 24698 20182
0 18904 26947 1737
0 20760 8018 23591
0 1921 20760 23591
0 6446 27085 4755
0 22968 5419 2523
0 29418 31696 24731
0 5184 5355 3329
0 16539 8096 29411
0 24359 28201 4852
0 5382 10028 15391
0 5389 21169 14818
0 26256 24110 4919
0 24610 24620 31145
0 23861 2450 28206
0 5398 5178 21340
0 1645 28053 6996
0 5489 18873 2988
0 19595 5489 2988
0 7041 28119 18873
0 24328 24228 790
0 31357 5075 19364
0 20027 35258 27583
0 27583 3330 20027
0 5353 18325 18873
0 26333 14829 4286
0 4852 22475 5656
0 14463 4852 5656
0 26440 20978 24500
0 24660 27758 931
0 24660 931 25166
0 13469 7605 29555
0 24752 1257 24751
0 26972 5474 35295
0 22502 24275 12024
0 3090 19248 24085
0 677 24820 13810
0 13810 25127 677
0 2599 17661 16532
0 7975 24757 24670
0 11944 24670 28581
0 13367 9860 20082
0 6025 19961 8403
0 24461 25345 16292
0 21266 32369 14433
0 15020 1738 22015
0 4621 31096 11998
0 31096 34466 11998
0 13745 17808 4936
0 12154 2710 5283
0 33726 5927 16525
0 16525 5927 17122
0 12169 34524 12188
0 11951 26259 24177
0 33729 19818 24480
0 32545 24753 31395
0 11951 10926 26259
0 17317 7769 6540
0 6710 7769 18714
0 13572 5008 13775
0 28486 5438 16956
0 10235 28486 16956
0 5184 3329 13339
0 20594 26317 26522
0 5009 15652 5512
0 18722 1331 6078
0 18722 6078 9078
0 20344 24708 29555
0 6691 3511 20574
0 28686 24771 24347
0 5995 19799 5629
0 23428 16929 4557
0 28119 5353 18873
0 20957 5404 33171
0 5101 28285 29639
0 20784 24219 11645
0 6068 5035 19788
0 16956 5239 24612
0 6540 17319 1256
0 18715 6540 1256
0 28138 1333 6151
0 4571 24322 23937
0 4993 6183 27572
0 16551 35007 4840
0 26947 27645 13877
0 22369 19147 7956
0 25293 2031 1811
0 3364 34116 2437
0 24503 24502 24025
0 13695 13568 5084
0 34839 1777 30607
0 32572 20861 24788
0 24472 24461 16292
0 32446 3363 27216
0 6385 2240 20101
0 8411 6385 20101
0 24269 29072 22642
0 6250 1577 9278
0 1258 10593 21952
0 24478 7125 1258
0 5022 19085 3052
0 5022 19431 19085
0 6876 5799 11698
0 4355 27178 11028
0 22015 4953 15020
0 13772 3777 32912
0 10114 11436 33162
0 13772 11648 3777
0 11998 5190 3837
0 4755 27085 13117
0 5437 17963 27832
0 22425 4196 32515
0 5745 9400 18099
0 635 6566 18271
0 30384 8410 18678
0 18678 8410 3364
0 7054 11835 28141
0 6455 6287 4911
0 6434 24219 24776
0 24219 32601 24776
0 6996 20367 3446
0 24745 20237 24437
0 10035 14794 2227
0 10035 2227 16266
0 22501 24221 6437
0 30480 18138 8517
0 18138 30572 8517
0 30454 24961 24623
0 16228 5736 24676
0 16228 17829 5736
0 15217 48 5577
0 48 4951 5577
0 28603 5265 5312
0 30982 5994 3310
0 5351 25084 13180
0 5079 6822 14815
0 5629 19799 4445
0 5629 4445 8395
0 5998 13339 19434
0 5998 11867 5184
0 1677 2500 4089
0 1739 304 12832
0 5736 20834 24676
0 5736 17829 20834
0 20969 7055 3672
0 5451 4806 5458
0 29072 24660 22642
0 5547 24695 26564
0 17963 6833 5434
0 6833 21826 5434
0 841 5475 6950
0 5475 24494 6950
0 22539 5131 23157
0 5319 26964 35212
0 7031 3596 20774
0 10861 5969 5458
0 5772 48 29380
0 26483 5458 5969
0 26503 24702 2693
0 27811 20005 6828
0 20005 27811 11423
0 1253 34876 30221
0 22097 32817 17018
0 27516 24681 24680
0 7125 10593 1258
0 29257 4822 7130
0 4822 23352 7130
0 12683 20772 6738
0 12683 24340 20772
0 34101 1325 7855
0 20573 26725 3511
0 6129 7192 10608
0 24653 33538 7213
0 29897 29449 24403
0 14842 2241 27178
0 28394 21181 7591
0 2241 14842 26332
0 5512 5511 5009
0 1257 15465 24345
0 5116 14786 26260
0 9295 9981 32572
0 24665 24706 31558
0 7280 3058 8670
0 7280 19109 962
0 4822 15414 5104
0 6026 7281 26349
0 7281 14828 26349
0 11343 23885 4941
0 24712 26488 21532
0 24202 35278 8474
0 8474 35278 30443
0 6476 13597 30770
0 7089 26294 6705
0 27596 7089 6705
0 2879 23354 4526
0 4808 24429 7113
0 5322 24523 19226
0 32971 16141 24429
0 5361 12982 13749
0 12982 20440 13749
0 7956 19147 31002
0 15879 9736 34738
0 20861 32427 24788
0 7401 19536 28116
0 28118 19536 7401
0 24579 28101 11999
0 2879 6555 5748
0 6555 25568 5748
0 16527 3325 19818
0 11003 16527 19818
0 24310 34147 27811
0 24149 952 35293
0 5995 3313 13528
0 13528 3313 26344
0 23044 23366 3596
0 7591 21181 11322
0 21181 34101 11322
0 17111 24646 11560
0 26259 24427 24177
0 7495 4219 15322
0 6742 31480 6476
0 20367 2499 24282
0 5318 34905 22252
0 11104 4411 23920
0 8748 18099 4411
0 12307 10926 24178
0 23482 12307 24178
0 13399 21181 28394
0 30702 17118 5507
0 5995 13528 19799
0 1961 19786 11328
0 11473 18047 33732
0 24322 24250 24245
0 28506 24239 22772
0 19265 5383 23525
0 19265 5385 5383
0 24178 4581 23482
0 7658 2786 34795
0 6309 24679 22583
0 10940 621 7815
0 10940 4647 621
0 4136 2450 23861
0 7362 440 32841
0 7362 22412 440
0 5058 2217 5481
0 6430 27071 32397
0 6430 6407 27071
0 24303 24223 29922
0 6566 24523 5322
0 25332 5640 5721
0 4974 19147 24546
0 26486 6430 32397
0 24546 30757 4974
0 26935 16532 3776
0 26486 6407 6430
0 11473 34209 18047
0 30370 8397 6017
0 30370 6017 18959
0 3958 7977 7781
0 7781 32912 4856
0 32397 27071 5039
0 12841 7055 20969
0 2937 12725 13449
0 17475 6876 27783
0 5325 26505 24614
0 10839 18271 24077
0 29772 16539 26538
0 10510 3426 17189
0 4276 22583 3426
0 5000 34361 6899
0 6434 11961 24219
0 18229 1737 31666
0 24752 23861 1257
0 26369 3026 18999
0 2338 28647 7901
0 19006 10933 7901
0 5383 11533 23525
0 12177 33860 26515
0 6922 3016 18272
0 26703 4413 6265
0 7935 13700 16955
0 13700 7935 2359
0 8018 29897 17829
0 25345 25640 5788
0 25345 5788 2045
0 24620 5968 24691
0 8097 19818 3325
0 24359 5359 10270
0 22304 5305 28202
0 22400 28202 5305
0 5082 34524 5081
0 24273 24274 20156
0 3315 18874 7970
0 13695 13175 11867
0 7970 18874 33691
0 19432 28285 5101
0 4927 4923 4929
0 2772 28603 9181
0 2772 9181 17963
0 35351 6788 21966
0 21966 6788 28442
0 5471 24456 12345
0 5471 12345 25299
0 5408 29085 26186
0 29085 5409 26186
0 21703 34915 26186
0 3363 26323 13367
0 2220 14756 30706
0 19260 3672 11835
0 1240 8115 23921
0 5361 4550 5359
0 34793 24389 5006
0 7867 29536 29640
0 3330 7061 19823
0 7061 11338 19823
0 17626 20510 26725
0 24077 31744 19254
0 20573 5394 26725
0 2848 10839 26225
0 573 7605 6267
0 7605 573 29555
0 6017 25383 3016
0 28311 4929 4923
0 20091 3367 7772
0 7772 3367 26314
0 7140 24419 17189
0 8397 19476 6017
0 34800 24481 25641
0 9897 27809 6827
0 32694 5314 27494
0 2499 5997 10516
0 10516 5997 15683
0 22481 19226 4729
0 4729 19226 24523
0 21703 5409 24695
0 6549 4992 5108
0 8280 19248 12165
0 8280 12165 12154
0 4945 25222 15367
0 4884 6926 13346
0 24336 6926 4884
0 7815 621 4571
0 26258 19791 3310
0 7835 7500 10938
0 24212 916 8690
0 5283 18872 7848
0 7848 18872 2988
0 27203 28075 6532
0 12982 5009 20440
0 5516 34394 25296
0 5199 24670 7871
0 5398 32443 22428
0 5279 19802 19800
0 19802 7039 19800
0 18925 32775 5104
0 5104 12482 18925
0 5286 20723 22402
0 7149 20452 28293
0 24680 23450 6362
0 3329 7629 5952
0 26321 14818 5117
0 23886 7073 24749
0 5124 5121 5131
0 23886 9078 7073
0 24556 13612 25100
0 15217 5577 9232
0 6705 27547 26281
0 27547 20495 26281
0 4999 30841 4998
0 25515 15455 24713
0 24713 15455 29739
0 1327 18695 8604
0 1327 8604 26266
0 27495 29224 7599
0 5286 17179 32399
0 12200 5375 21636
0 5375 12200 24111
0 19084 4969 23929
0 5425 5423 32397
0 34535 20601 6287
0 35212 26964 4841
0 17122 4117 16525
0 5039 5035 5043
0 18271 5322 24077
0 24120 5205 5207
0 19068 5506 28548
0 5319 5318 26964
0 24461 27885 25640
0 31480 24217 6476
0 18271 6566 5322
0 22442 25084 5351
0 34837 35295 5474
0 33776 4233 9534
0 5359 24359 5360
0 4808 25538 24429
0 5328 5327 19145
0 29601 5457 16437
0 16874 28185 5328
0 5328 28185 5327
0 13469 29555 24708
0 5311 14824 26357
0 1240 7087 8115
0 4855 7087 1240
0 22426 29648 4933
0 15355 26443 2885
0 25101 28162 4923
0 34793 20531 24389
0 5996 2848 26225
0 13182 3185 19432
0 26706 7605 29236
0 12475 10091 24646
0 1316 24646 10091
0 24277 8571 24278
0 12627 11651 18325
0 5943 24705 21253
0 12307 24481 30738
0 18189 7701 2664
0 4296 6025 26346
0 12135 5178 5398
0 7318 4861 5350
0 7318 30242 4861
0 5417 17066 4979
0 5417 4979 31139
0 16998 8416 5442
0 24341 20328 2993
0 18677 2941 11334
0 20156 24062 4803
0 20922 24540 30757
0 27627 3798 27207
0 4915 26231 4916
0 26258 14786 5116
0 24273 30376 15289
0 26259 19817 24427
0 26281 20495 4896
0 20025 30380 5033
0 33223 21310 8460
0 20594 3893 26317
0 5110 22702 26320
0 26320 14805 5110
0 27613 30382 5279
0 5481 5484 22763
0 22763 29495 5481
0 5312 35263 27597
0 24312 31481 4413
0 24312 30632 31481
0 24393 22645 30384
0 5362 30381 14835
0 5362 5490 30381
0 26346 8403 1134
0 4941 26349 4943
0 22762 30383 5077
0 4873 8296 14403
0 34876 10576 30221
0 4195 20696 22423
0 5075 2217 28710
0 4932 3184 19429
0 28731 5470 31743
0 24667 28673 24666
0 30379 8400 5994
0 17860 5511 28350
0 23391 3470 27808
0 13791 9912 20210
0 24478 16292 25345
0 5332 32202 5338
0 13622 34974 1921
0 13612 6257 18424
0 19815 3324 11423
0 33865 822 34839
0 34856 25297 5517
0 10391 32972 34395
0 32973 13100 11581
0 4809 23613 5513
0 2780 5613 17808
0 3310 5994 26258
0 22501 24781 24221
0 9982 35205 10790
0 4996 26514 26283
0 27216 3363 13367
0 6016 4763 26321
0 5135 768 18189
0 768 7701 18189
0 4927 33914 25101
0 9642 8416 16448
0 32202 9642 16448
0 1830 22679 34327
0 13700 26581 16955
0 9374 25184 24556
0 24558 9374 24556
0 5290 5295 5296
0 12238 31668 8478
0 5089 13872 5096
0 19436 8666 3187
0 18422 24701 32340
0 32377 23975 22702
0 28204 4647 10940
0 22016 23929 4969
0 26169 24601 24034
0 35258 11681 19957
0 5299 22351 11599
0 25298 13102 5470
0 13102 31743 5470
0 1738 33915 34669
0 4941 4943 4942
0 35260 7281 6026
0 13278 366 9397
0 12345 5614 25299
0 18069 26738 4831
0 9610 24426 20158
0 6503 9421 27165
0 27165 9421 31698
0 8735 11320 27551
0 1325 8735 27551
0 24508 30589 24513
0 17945 15414 19433
0 6732 27207 8751
0 3409 30242 7318
0 8772 4932 4936
0 8772 4936 4935
0 20723 22412 22402
0 24546 21534 9674
0 9674 21534 28465
0 34535 14321 12221
0 16179 32504 28647
0 3777 11648 5341
0 17317 2721 7769
0 7769 2721 18714
0 28052 2188 24766
0 28310 4911 11919
0 24312 29603 19152
0 17662 2764 5729
0 1570 28606 2656
0 2783 19006 24413
0 27179 4992 3407
0 4873 7732 8296
0 26763 3753 9925
0 18706 27217 2940
0 4943 8876 12725
0 18706 24358 27217
0 2443 22183 172
0 24389 2443 172
0 17233 5319 16277
0 24362 24370 30252
0 17319 1125 11102
0 17319 11102 10485
0 8517 19261 14163
0 13469 29236 7605
0 5111 9232 24296
0 9782 11038 21423
0 4969 18894 27095
0 20026 17945 13176
0 5995 5629 8395
0 24546 9674 22968
0 31666 13877 12822
0 8139 1373 3069
0 8139 3069 11424
0 28511 33171 5404
0 14621 6692 27594
0 20210 1965 9839
0 20210 9839 8788
0 24415 9840 24408
0 6503 27164 5412
0 9869 19818 30738
0 27205 5351 23162
0 34703 27217 24358
0 9918 32160 15727
0 20463 8208 28075
0 10774 6152 26272
0 7824 29739 27541
0 34876 18998 10576
0 24447 5338 7895
0 6899 34361 11755
0 23592 29451 4668
0 21272 29451 23592
0 18505 20573 3511
0 2236 26354 19962
0 19962 26354 8409
0 5417 28465 17066
0 10027 16531 11006
0 28726 10027 11006
0 30702 5507 5506
0 33914 2775 4921
0 28119 7041 12997
0 5326 27557 28270
0 9888 5207 10075
0 35351 29922 24701
0 27571 8876 4943
0 20496 23360 5080
0 26549 24197 24685
0 28604 14824 5311
0 31096 1562 34466
0 31096 19219 1562
0 20495 27602 4896
0 34115 4995 26335
0 35258 1328 27583
0 5431 5432 30180
0 12627 5353 18878
0 3028 19006 2783
0 6016 5054 19959
0 19860 2721 17317
0 20025 5033 8205
0 3069 1373 15459
0 26172 9672 10114
0 26172 10114 10485
0 5079 5080 5081
0 16451 4967 29643
0 26497 2771 24558
0 17619 19332 13170
0 19332 17619 5285
0 20180 34301 8201
0 4996 19439 4997
0 6147 24612 34090
0 20344 32371 24708
0 13650 2723 5124
0 2723 19821 5124
0 30672 22424 4195
0 11423 1373 20005
0 11423 27805 1373
0 19785 4993 4995
0 4995 4993 20179
0 30983 8906 23536
0 24358 30225 34703
0 24451 26345 22646
0 5159 5161 19796
0 5161 5159 19798
0 222 1258 7140
0 24380 1258 222
0 23534 11992 24640
0 24117 8291 14837
0 10394 19594 1329
0 11335 19594 10394
0 24497 10396 3023
0 24497 24503 10396
0 19593 27982 1327
0 1327 27982 18695
0 1329 27984 18718
0 19594 27984 1329
0 2943 6267 26706
0 2943 26706 9078
0 24749 5029 23886
0 291 9439 21184
0 291 21184 24350
0 18158 24961 34086
0 25221 30267 5375
0 5375 30267 4958
0 35295 9534 5460
0 16534 17660 10467
0 4815 32972 16185
0 26311 24394 14813
0 14813 24394 26294
0 22423 20696 8745
0 12035 24535 31007
0 20366 28054 24765
0 10603 20497 4915
0 12397 8298 5501
0 10515 19820 8408
0 26345 9043 14848
0 19536 434 28113
0 28115 434 19536
0 434 28115 19595
0 19790 3310 8905
0 4112 15978 34881
0 3023 24499 9623
0 5475 28616 5029
0 27596 6705 22307
0 5403 20463 27203
0 9734 5656 33776
0 30436 24354 26940
0 33953 28394 24484
0 10969 28293 20452
0 24218 21016 3922
0 6292 26240 3328
0 28305 7867 29640
0 29536 5005 33916
0 6532 28075 12154
0 16444 5614 12345
0 26231 6690 13860
0 13860 6690 27575
0 17118 28347 5507
0 24472 24678 15363
0 25637 12993 1771
0 17807 5517 25297
0 1125 17319 6710
0 20574 34527 5082
0 11944 7975 24670
0 30381 5490 32203
0 11599 32592 15665
0 2820 18101 11320
0 2820 11320 29122
0 34728 14759 5492
0 23447 1978 5452
0 5311 5152 28604
0 24610 24623 24620
0 32377 24623 24610
0 26184 27088 34451
0 20773 18424 24690
0 24623 24961 5968
0 34116 6954 19594
0 21245 3922 12475
0 26321 5054 6016
0 24221 24781 24779
0 34753 24782 24214
0 9610 8875 24426
0 24427 8875 9610
0 24513 30211 24508
0 10406 5420 17416
0 4218 20980 2567
0 14756 5183 26736
0 14756 26736 6281
0 12397 5502 8298
0 21333 21332 12955
0 7997 24280 27763
0 5504 5520 307
0 24506 22559 24200
0 22647 1965 9912
0 9912 1965 20210
0 28148 11015 22425
0 2223 19955 26239
0 26239 19955 8399
0 32160 34438 15727
0 12553 7975 11944
0 34438 12553 11944
0 17963 9181 6833
0 4941 26232 26255
0 4942 26232 4941
0 24451 24383 27619
0 4244 24236 32975
0 32021 24236 4244
0 26962 32817 5462
0 12025 11090 2188
0 32592 11090 12025
0 9043 27619 14848
0 22097 17018 5317
0 4840 5317 17018
0 23526 30270 4945
0 23526 12198 30270
0 21826 28477 5434
0 28726 24375 10027
0 21253 24375 28726
0 3409 7318 20181
0 5761 21266 23919
0 6024 22645 11176
0 29613 35362 24289
0 12200 24116 24111
0 28145 22385 4172
0 3778 18902 21568
0 21568 18902 23593
0 26329 3316 11300
0 5972 5164 26262
0 8777 35362 21966
0 21966 28442 8777
0 24448 31668 24245
0 4833 24003 4899
0 3055 17018 26962
0 5217 35319 1739
0 14542 26991 6383
0 29240 21333 5466
0 4024 7860 22015
0 23352 3026 4796
0 35258 2111 1328
0 8935 34290 4893
0 8935 4893 14912
0 30307 5198 14794
0 30224 1714 19007
0 30224 19007 10933
0 22393 5355 5184
0 5265 28697 4268
0 5372 4927 4929
0 33208 4927 5372
0 11007 11895 20158
0 18692 5159 19796
0 18692 19796 6951
0 9935 34327 22679
0 33222 21309 3792
0 10258 12996 5351
0 27205 10258 5351
0 5997 20204 26280
0 15363 6362 24460
0 11323 11562 6704
0 11323 5162 11562
0 24211 10266 22424
0 6744 11952 26947
0 34394 5515 11581
0 24403 29449 27538
0 5199 7871 24669
0 11423 3324 27805
0 16848 10875 22481
0 5078 5077 18677
0 11681 5995 19957
0 7224 9181 28603
0 11682 8402 30380
0 3201 9400 2820
0 5745 2820 9400
0 11686 19803 3316
0 14834 19803 11686
0 29593 23483 24413
0 24413 24419 29593
0 5152 5158 32489
0 11002 18097 23919
0 23919 18097 4742
0 30609 5494 21119
0 14233 4958 13550
0 14233 13550 21636
0 4923 28162 29649
0 5420 10406 17066
0 5349 28117 19803
0 14843 20206 26334
0 931 24250 25166
0 24768 20308 6250
0 3165 25166 24250
0 27560 3306 6699
0 26333 20179 4993
0 8413 20179 26333
0 6549 620 4987
0 620 27541 4987
0 24311 14812 16537
0 24311 26310 14812
0 5081 34524 19260
0 33222 3778 10502
0 5484 5481 2217
0 5058 17416 7413
0 24435 25227 28727
0 22329 15465 28206
0 22329 28206 4571
0 22016 15978 22926
0 9534 4233 5460
0 34728 19239 14759
0 22393 5184 11867
0 1965 13790 26702
0 25180 13790 1965
0 35246 15733 11698
0 24586 24687 24688
0 29408 2233 16536
0 5748 25568 33163
0 28294 20453 2781
0 33480 5295 5402
0 28294 2781 7149
0 22968 5417 5419
0 6287 11919 4911
0 30396 32429 12832
0 3188 28138 19439
0 28138 11808 19439
0 32021 1639 34915
0 13806 6437 3992
0 13806 3992 24220
0 10603 13025 20497
0 26339 6022 10603
0 9623 24499 8670
0 5341 34301 5332
0 20180 5332 34301
0 24672 16228 24676
0 4732 9365 6026
0 20091 8411 11983
0 6693 27556 7713
0 30859 32413 5124
0 19662 2500 1677
0 24662 4861 30242
0 4889 34290 4891
0 13170 5305 13678
0 9181 21826 6833
0 13170 22400 5305
0 28673 24362 24666
0 32513 9935 22679
0 24534 12035 19784
0 7228 9749 7824
0 28616 9749 7228
0 5922 26964 5318
0 3821 21403 30610
0 5350 26581 13562
0 11651 12627 8394
0 27541 29739 15455
0 27216 13367 1714
0 23591 3592 17830
0 17830 13622 23591
0 7722 29411 8096
0 19860 17317 24372
0 19820 5116 26260
0 18138 6437 24215
0 12154 33480 8280
0 2239 26325 14834
0 2239 14834 26329
0 11739 34356 12081
0 4892 15041 27643
0 4892 27810 15041
0 5078 18677 11334
0 5078 11334 26292
0 23929 22016 34495
0 19960 2239 26329
0 2224 26291 30374
0 22539 28477 30859
0 5432 30859 28477
0 20205 26325 2239
0 2241 26332 30388
0 20206 2241 30388
0 8416 20407 5442
0 12871 12995 27085
0 33484 19265 26272
0 31449 2410 31400
0 5091 28145 5089
0 6742 22424 24223
0 4929 28311 34356
0 14165 10936 24296
0 24502 24497 32979
0 6068 14797 6292
0 12553 4474 9671
0 12553 9671 7975
0 24214 9406 12238
0 9671 24756 7975
0 18442 25569 24274
0 24062 25569 17316
0 5082 5080 23360
0 4932 35331 3184
0 35331 19428 3184
0 23861 28206 15465
0 8400 26240 19956
0 24383 24451 24391
0 3364 26355 30386
0 24362 23090 24666
0 10393 32975 32571
0 6996 2499 20367
0 6692 3090 4816
0 6692 4816 19249
0 13568 22385 5084
0 24427 9610 12721
0 34663 22661 24259
0 8412 20180 3409
0 26325 8412 3409
0 30738 10926 12307
0 32503 34619 24759
0 19819 26256 4919
0 19819 8399 26256
0 19821 2723 3328
0 3407 6508 27179
0 3407 20178 6508
0 34663 24269 24257
0 645 916 20328
0 5349 5350 13562
0 5164 12162 18505
0 9406 11088 12823
0 16551 5414 26620
0 5414 27164 26620
0 12823 11088 24238
0 8748 4411 11104
0 33727 8748 11104
0 20979 16595 1193
0 23526 4945 26282
0 9365 26350 6026
0 3309 34107 2941
0 27809 34290 8935
0 27809 8935 14912
0 22501 1072 32239
0 22184 4089 15692
0 26355 2242 27618
0 21393 10608 33335
0 19999 4199 14621
0 3257 26334 5108
0 23490 3418 13650
0 10933 2338 7901
0 30707 18069 4831
0 30707 22291 17859
0 24672 15644 32504
0 34425 24187 24218
0 6855 3651 2523
0 24187 28423 24218
0 17830 3592 3919
0 19476 2227 14794
0 19476 14794 26302
0 4709 26185 1654
0 28606 5075 31357
0 21605 11755 34361
0 5314 18947 9773
0 27494 5314 9773
0 15218 24557 32501
0 26256 25223 24110
0 34365 4906 7045
0 8666 13567 3187
0 28143 12177 3830
0 7113 24429 16141
0 28111 434 18874
0 28115 28118 7041
0 1737 26947 13877
0 5314 5317 5316
0 5317 5314 32694
0 9839 1965 26702
0 15464 24232 28207
0 24232 15464 32544
0 16266 5115 32607
0 24703 26503 24088
0 26245 4830 25223
0 24317 28423 26538
0 20749 24503 24025
0 26342 11343 6689
0 24459 23122 27539
0 3188 10023 19442
0 5215 29085 5205
0 5162 19823 5972
0 752 19790 30978
0 19793 752 30978
0 752 30981 19790
0 30981 752 23535
0 31030 752 19793
0 3511 6275 20574
0 12765 20158 3363
0 12765 9610 20158
0 2656 28606 31357
0 24037 24459 24458
0 25079 24459 24037
0 12161 2262 24148
0 5442 25499 16998
0 23885 4732 6026
0 28402 12808 9958
0 12808 28403 9958
0 787 31000 20087
0 19865 31000 787
0 787 31043 20088
0 19866 31043 787
0 31045 19865 787
0 787 20088 31045
0 787 20087 31004
0 31004 19866 787
0 48 5772 4951
0 3257 27179 14843
0 12919 15165 24317
0 6455 11015 7008
0 28148 1034 34588
0 9674 28465 5417
0 26280 14804 18580
0 5216 12847 29718
0 11038 22475 22410
0 17830 3919 9439
0 4856 3958 7781
0 6648 11672 27497
0 11672 17540 27497
0 34535 12221 20601
0 10539 10984 33223
0 10984 21310 33223
0 7280 962 3058
0 14835 20205 2239
0 2499 10516 24282
0 14835 2239 19960
0 12553 20978 20981
0 28310 11919 12081
0 5943 21253 7420
0 21253 28726 7420
0 4765 26341 6023
0 14842 26341 4765
0 13034 23062 30307
0 3016 18957 18272
0 14813 26294 7089
0 27596 14813 7089
0 6846 22539 8700
0 22539 23157 8700
0 24419 24413 24415
0 8097 10926 30738
0 7054 28142 19260
0 27642 20453 1
0 1 20453 28294
0 24202 30442 13002
0 4136 15464 2450
0 2450 15464 22330
0 17807 27096 5497
0 12711 28403 5497
0 3312 30464 6004
0 24508 22559 24506
0 20087 8944 31001
0 5614 13010 25298
0 5614 25306 13010
0 2031 34905 1811
0 28486 10235 5442
0 18999 30690 5503
0 13567 34983 13678
0 19959 13067 2232
0 11842 26341 5078
0 26292 11842 5078
0 28710 13075 5075
0 5152 32489 28604
0 5283 7848 28127
0 28127 7848 2988
0 30211 11999 8291
0 30267 25221 8226
0 7701 19364 2664
0 26522 3518 20594
0 3518 20601 20594
0 3081 23536 30880
0 5520 13110 26487
0 21172 8409 30383
0 23536 11995 30880
0 5281 34650 5282
0 32544 34133 24232
0 13117 26487 26183
0 13117 307 26487
0 19254 31744 9454
0 12475 15165 10091
0 1316 10091 15165
0 2600 8096 16539
0 2600 29408 8096
0 5473 5457 29601
0 14114 21568 29451
0 10368 24200 14896
0 30227 48 31447
0 24273 28053 32436
0 4765 6023 3408
0 13185 10393 18948
0 35166 10393 13185
0 30631 24217 31480
0 32237 24222 34408
0 10133 19595 18872
0 32975 24236 32571
0 10133 18872 33692
0 25345 2045 10593
0 7125 25345 10593
0 11473 28727 34209
0 8411 7772 26314
0 24345 26946 23239
0 10779 5094 5089
0 9982 10790 20573
0 10790 5394 20573
0 31292 24681 4303
0 4856 5444 21286
0 4856 24447 5444
0 26763 5922 3753
0 24197 11999 24513
0 26549 11999 24197
0 4584 5429 24240
0 4584 24240 14393
0 13254 19791 5116
0 28311 4923 29649
0 4268 28697 5251
0 24220 24259 18441
0 26354 3309 8409
0 32659 4796 26369
0 24341 1727 20328
0 7140 21952 29593
0 29593 24419 7140
0 4884 1810 24336
0 29640 13186 10779
0 10023 3307 19442
0 21703 24633 34915
0 32397 32159 5425
0 1328 26223 14779
0 11739 20601 3518
0 24702 35362 8777
0 25099 22057 2885
0 30607 1777 13076
0 9672 22642 24664
0 15540 9672 24664
0 10075 5205 29085
0 4911 11015 6455
0 13360 5199 24669
0 24668 5199 13360
0 24670 13362 12706
0 23122 24459 25079
0 23122 25079 6309
0 5167 4176 13175
0 13175 4176 22393
0 5484 14832 26351
0 14832 5484 28606
0 18893 28400 27097
0 15414 4822 29257
0 19795 4267 8397
0 8397 4267 26297
0 12832 22580 30396
0 10969 34729 5513
0 6004 30464 20027
0 2937 13449 1715
0 10609 2238 19961
0 27612 2238 10609
0 29922 10266 24211
0 12808 7208 28403
0 26257 8818 5993
0 26483 7977 5457
0 27088 14756 6446
0 6446 14756 28547
0 26339 24449 14847
0 20784 11645 10079
0 10079 11645 32643
0 24708 32371 21266
0 5761 24708 21266
0 15414 5100 5104
0 15524 3165 9054
0 29418 22646 10409
0 5386 13533 5000
0 5003 13533 5016
0 13538 24222 4246
0 22502 13538 4246
0 30389 32202 5332
0 26310 6018 6716
0 9672 24269 22642
0 13034 24610 24182
0 13034 32607 24610
0 27497 17540 24792
0 17540 29225 24792
0 21966 35362 29613
0 27555 1331 20497
0 5463 26991 13522
0 1331 26342 20497
0 24296 13612 24556
0 13620 5058 5481
0 29495 13620 5481
0 24200 4833 4899
0 3418 2723 13650
0 24218 3922 21245
0 1098 440 34469
0 29601 21797 5473
0 25178 9912 13791
0 24268 24259 24220
0 13688 34983 5168
0 5168 6454 13688
0 24220 29443 24268
0 18271 18958 635
0 10605 10538 12207
0 10605 12207 24116
0 25127 24458 19109
0 6721 27614 26330
0 12365 18678 11335
0 12365 11335 26294
0 3325 8118 19817
0 26259 3325 19817
0 32183 24331 24454
0 27496 4851 24149
0 27496 24149 35293
0 8280 5402 19248
0 24215 24779 4637
0 24210 15364 24283
0 26538 16539 24317
0 2599 19586 16531
0 11176 22645 13790
0 10576 32659 6040
0 5382 15391 32644
0 5382 32644 24239
0 1737 23938 12823
0 5362 27614 5312
0 27614 5362 26330
0 4906 7008 11015
0 29647 28312 4196
0 11734 20449 4893
0 32160 24500 34438
0 24336 4885 6926
0 8402 3308 19787
0 26291 3308 8402
0 31744 24077 5322
0 1577 20308 14142
0 31666 1737 13877
0 26228 15017 10465
0 10114 9672 11436
0 9888 26604 5412
0 24669 24758 32502
0 5423 5425 13075
0 19238 4111 4893
0 34588 1034 25539
0 4906 28148 34588
0 24413 19006 9840
0 2450 22330 10940
0 5216 9266 12847
0 13533 388 5016
0 4993 27572 26333
0 27572 14829 26333
0 299 5772 15219
0 19956 2224 14349
0 26240 2224 19956
0 24236 21982 32571
0 26483 5969 7977
0 32436 24275 23354
0 5039 27071 3051
0 30633 1577 14142
0 20497 26231 4915
0 34147 19815 11423
0 19155 13745 3422
0 6689 26231 4384
0 34467 1562 24613
0 18718 3305 19780
0 3305 5999 19780
0 5327 28185 10040
0 16537 14812 10295
0 8517 14163 27739
0 14899 12993 14166
0 14166 30442 14899
0 16537 10295 6006
0 2940 27217 6545
0 6691 20574 23360
0 23360 20574 5082
0 17111 24328 24646
0 24447 4856 5341
0 5325 16874 5328
0 22926 29643 7860
0 4474 28504 24756
0 11681 26307 5995
0 26763 9925 9888
0 1253 12604 3185
0 12604 29656 3185
0 33162 30252 18706
0 34149 11425 19342
0 26604 12816 5412
0 6503 5412 12816
0 26302 14794 5198
0 5353 12627 18325
0 32399 17393 5286
0 19586 33730 6345
0 12720 30225 19007
0 30225 8182 19007
0 16266 2227 5389
0 16526 11937 19817
0 26297 2227 19476
0 32694 22097 5317
0 6025 8403 26346
0 26183 26185 4709
0 1098 3503 32841
0 3672 28143 11835
0 5135 13278 768
0 23886 9365 4732
0 23886 26350 9365
0 14349 30374 19958
0 6954 18717 19781
0 34116 18717 6954
0 2937 27576 12725
0 34408 12024 34477
0 4899 14899 30442
0 4899 24201 14899
0 25521 5729 16531
0 4927 25101 4923
0 4815 4935 32972
0 14038 19439 4996
0 31504 13185 2062
0 24245 31668 18229
0 24245 18229 23937
0 24610 31145 24182
0 1771 12993 2939
0 4992 27179 5108
0 27179 3257 5108
0 11770 2236 28422
0 2236 11770 26354
0 28165 6732 23026
0 1356 26549 20711
0 14823 5159 18692
0 5159 14823 26346
0 10467 24278 18580
0 27085 5504 307
0 19260 12169 20969
0 24373 18670 27210
0 18714 1125 6710
0 18714 33163 1125
0 33726 16525 11002
0 33726 11002 23919
0 25178 22647 9912
0 4806 10861 5458
0 22559 4833 24200
0 5167 13175 17636
0 1333 11348 27578
0 11348 1333 28138
0 2231 20204 26228
0 4176 13567 8666
0 32476 26467 24197
0 33480 5402 8280
0 24631 2541 33224
0 24182 23062 13034
0 11829 4015 603
0 28603 5312 27597
0 22642 26210 24664
0 3798 21332 21333
0 16221 3069 2581
0 15692 34837 22184
0 10266 24223 22424
0 5322 19226 10875
0 10875 31744 5322
0 6454 1425 1437
0 1437 17619 6454
0 11734 4893 12792
0 28725 1242 16533
0 28725 16533 11007
0 25499 16929 23428
0 3410 9434 20182
0 10603 6022 13025
0 22616 23408 7228
0 19428 35331 29227
0 26367 19087 2120
0 5761 23919 4742
0 25178 13791 24698
0 17018 32817 26962
0 33728 6308 4855
0 24765 32237 34408
0 16194 11909 6691
0 5577 4951 9232
0 19781 30463 3305
0 22926 16451 29643
0 8172 19087 26367
0 19155 13191 34881
0 20497 4384 26231
0 28402 9958 27096
0 27627 21332 3798
0 15364 24985 24283
0 5299 11599 24985
0 30980 19791 5117
0 31720 12942 9434
0 8875 19817 11937
0 24558 24556 25100
0 9869 24480 19818
0 28697 5438 29796
0 26334 3257 14843
0 29085 5215 5409
0 23062 5409 5215
0 8410 30377 26355
0 25568 11102 1125
0 25568 1125 33163
0 24227 30480 8517
0 11006 16531 19586
0 24631 24762 2541
0 11835 3830 28141
0 7997 24985 24277
0 10839 24077 5321
0 26266 6704 23360
0 20496 26266 23360
0 29718 9573 24763
0 9925 13255 5207
0 6725 27619 6900
0 6900 27619 24383
0 2943 9078 6078
0 9642 18427 15027
0 7031 34839 3089
0 32442 5165 19249
0 5360 14463 13071
0 26345 24451 9043
0 4916 13860 14795
0 29418 24289 31696
0 18999 17745 15396
0 20978 12553 24500
0 34438 24500 12553
0 27811 6828 29603
0 6828 9278 29603
0 2062 35165 27495
0 3674 20979 7282
0 3674 7282 20981
0 24678 24679 25079
0 7087 16527 8115
0 4855 16527 7087
0 24641 24613 1324
0 33691 19595 10133
0 14460 18894 19084
0 13613 31744 10875
0 588 23861 6129
0 4136 23861 588
0 434 19595 33691
0 4584 14393 26624
0 10295 14812 13273
0 5108 22615 6549
0 21308 3778 33222
0 15122 4915 4916
0 20452 11734 10969
0 24688 24687 15131
0 15131 25100 24688
0 28686 24347 4880
0 13067 26313 2232
0 22580 24763 30396
0 13278 9397 10938
0 20774 11700 4808
0 11700 25538 4808
0 27808 3470 20453
0 6950 24494 30549
0 2241 14649 27178
0 17636 17452 12828
0 32912 5341 4856
0 25499 5444 7895
0 25499 7895 16998
0 1258 21952 7140
0 26319 20101 13057
0 24562 13057 14837
0 4969 15978 22016
0 19006 7901 9840
0 14823 11770 28422
0 11770 14823 26354
0 28116 12996 10258
0 8416 27543 20407
0 6453 28402 27096
0 24375 25521 16531
0 24375 16531 10027
0 19155 34881 3068
0 32973 11581 5515
0 5193 1639 17170
0 15302 25298 5470
0 5193 17170 2698
0 11007 16533 11895
0 16533 14051 11895
0 28727 7420 34209
0 14038 3188 19439
0 434 28111 28113
0 7855 20001 34101
0 34751 34290 27809
0 9897 24212 27809
0 1570 2656 7037
0 19816 3324 6006
0 3324 19816 27805
0 3311 30375 26297
0 20998 24370 28673
0 24210 5299 15364
0 5299 24985 15364
0 15367 25222 4944
0 15633 5285 6882
0 24546 22968 20922
0 20922 30757 24546
0 1544 6345 33731
0 1328 14779 19999
0 29122 11320 8735
0 21181 21084 34101
0 10023 1961 3307
0 34106 1326 26275
0 34451 13117 5952
0 5952 13117 26183
0 34108 19593 1327
0 34108 1327 27554
0 27547 10394 1329
0 24613 34111 1324
0 26342 1331 18722
0 8208 33480 28075
0 5295 33480 8208
0 33334 4136 21393
0 10154 1727 33281
0 15246 22501 13806
0 13806 22501 6437
0 28673 24370 24362
0 29123 24540 20922
0 3651 29123 20922
0 3309 30385 34107
0 12008 19800 3315
0 26223 12008 3315
0 33208 10538 10605
0 33208 10605 24116
0 26340 24452 23356
0 6822 5079 28142
0 5079 5081 28142
0 10603 4915 24449
0 26339 10603 24449
0 4526 4246 15246
0 7956 3051 27071
0 20005 1373 8139
0 26272 3093 26513
0 13572 22363 5008
0 14349 2224 30374
0 14542 6383 3055
0 32456 5495 21403
0 6721 26330 6020
0 5471 25299 15304
0 15604 222 22583
0 24146 4851 27496
0 24146 27496 12161
0 366 5135 5152
0 5434 28477 22539
0 27810 6827 15041
0 5613 13101 17808
0 29772 24313 19816
0 3706 21957 5449
0 20601 11739 6287
0 20531 2443 24389
0 1034 32515 19180
0 635 1811 24523
0 5123 24523 1811
0 6287 11739 11919
0 5998 5184 13339
0 30834 24761 16595
0 27975 6948 4188
0 5196 27634 30241
0 7130 23352 11518
0 2943 27158 6267
0 23884 18721 2943
0 18721 27158 2943
0 12832 304 22580
0 21393 33335 24753
0 10195 32772 8001
0 4896 26317 4898
0 26183 26487 32773
0 11007 20158 24426
0 3016 25383 18957
0 25383 24120 18957
0 5432 5431 32413
0 5432 32413 30859
0 26185 18925 12482
0 26185 3010 18925
0 4218 19109 24453
0 24458 24453 19109
0 3753 22252 9925
0 7824 27542 29739
0 9773 18947 14219
0 27494 9773 14219
0 24695 5409 23062
0 3958 19145 16437
0 19145 5327 16437
0 19790 8906 30982
0 33916 12841 13186
0 7055 12841 33916
0 5496 32456 6174
0 4296 7835 10938
0 34650 5283 5282
0 304 29380 24721
0 24721 22580 304
0 4884 5522 8690
0 6685 23122 4276
0 16532 26935 33730
0 25101 33914 4921
0 20087 31005 8947
0 3363 20158 3362
0 24223 24303 12942
0 26964 5414 4841
0 16551 4841 5414
0 6948 27974 4188
0 4188 27974 12059
0 5321 24077 5323
0 30633 3438 19153
0 1771 2939 18693
0 34093 18693 2939
0 2188 28052 251
0 28348 2786 30701
0 19792 30379 5994
0 4927 33208 3884
0 30225 6096 16179
0 31742 34972 5465
0 4286 26334 6021
0 22615 26334 4286
0 26763 5414 5922
0 34425 24218 17588
0 6006 10295 2600
0 13568 3186 4172
0 19260 20969 3672
0 28141 3830 4997
0 8748 5745 18099
0 23921 5745 8748
0 3052 26367 19084
0 34524 12169 19260
0 12413 27095 19156
0 15978 12413 19156
0 24745 24452 20237
0 6702 20002 14129
0 11645 24219 17588
0 24178 33650 4581
0 17588 24219 11961
0 28428 2235 22616
0 5423 28710 7413
0 5423 13075 28710
0 18902 22437 23593
0 18902 24454 22437
0 30444 8474 6362
0 4951 10936 14165
0 9232 4951 14165
0 16537 19815 24311
0 2236 22641 28422
0 18325 11651 28128
0 23534 24640 1562
0 3328 19178 6292
0 20101 2240 24117
0 4015 24540 603
0 16621 24643 24614
0 19247 19248 3090
0 24282 15665 20367
0 13367 20082 1714
0 27101 17808 13745
0 20772 4358 34598
0 2721 19860 4803
0 26228 4803 15017
0 32476 24197 24513
0 24396 4897 29410
0 29410 4897 31168
0 5198 30307 5215
0 9406 14217 11088
0 9406 24214 14217
0 15301 24373 26323
0 19861 15301 26323
0 24594 24759 24762
0 20090 31002 19865
0 4974 4015 19782
0 4974 24540 4015
0 2631 16704 10241
0 24518 24506 30444
0 30772 18101 2820
0 291 27906 17830
0 5721 24685 26467
0 26467 12239 5721
0 4571 28206 7815
0 15978 4969 12413
0 12942 6742 24223
0 27906 24350 25044
0 24480 18101 33729
0 24201 12035 17099
0 24201 24535 12035
0 19956 14349 14786
0 26351 19962 6027
0 26351 14832 19962
0 28115 7041 5489
0 26624 32159 5043
0 10875 16848 33617
0 12720 34703 30225
0 16855 3409 20181
0 14834 16855 20181
0 32442 10860 12162
0 26514 6152 10774
0 5326 28185 16874
0 5324 5326 16874
0 3664 6532 9726
0 6022 27555 13025
0 11344 27555 6022
0 10391 6174 24431
0 5282 12165 19247
0 21532 23920 28123
0 4742 23920 21532
0 7935 16955 4861
0 5350 4861 16955
0 7658 17860 2786
0 3830 33199 4997
0 7040 21595 28117
0 22426 9936 4196
0 1830 34327 3071
0 30465 4995 19442
0 20092 24535 14836
0 24535 20092 31007
0 33220 4919 24110
0 31395 25081 9223
0 5077 5078 26341
0 6648 12161 24148
0 27497 12161 6648
0 33539 4898 3893
0 4969 27095 12413
0 4893 4111 12792
0 3326 8399 19819
0 3326 26239 8399
0 4919 26524 4917
0 4917 19819 4919
0 24534 17099 12035
0 17099 24534 18694
0 24721 30227 5216
0 26172 11102 24257
0 11102 25568 24257
0 12239 25332 5721
0 22616 14830 23408
0 13791 26704 24698
0 33726 14433 32369
0 29257 11518 13182
0 28442 24701 18422
0 24345 15465 22329
0 2775 13550 22000
0 2783 33650 3028
0 4891 5522 23366
0 5522 4891 30448
0 9918 7352 24497
0 30180 5432 5158
0 28477 5158 5432
0 5444 25499 23428
0 28533 7091 10270
0 34469 7091 28533
0 31002 17323 8944
0 34837 13071 14463
0 27569 11328 34103
0 1961 11328 27569
0 13810 27516 23956
0 27583 1328 19999
0 27583 19999 11338
0 28547 2220 27089
0 307 5520 26487
0 35166 32975 10393
0 30444 14896 8474
0 10368 14896 30444
0 24578 8486 7732
0 8486 8296 7732
0 6257 26686 24690
0 27607 14841 2238
0 2238 14841 26344
0 17179 5296 12030
0 4889 19238 4893
0 4893 34290 4889
0 24763 22580 29718
0 19585 4855 1240
0 24331 22437 24454
0 790 24228 21245
0 30221 10576 6040
0 10790 35205 12828
0 3329 5952 1654
0 1654 26185 20026
0 3422 13745 4936
0 4855 6308 8118
0 15017 3776 10465
0 5503 30690 32772
0 20463 28075 27203
0 2241 22764 14649
0 14649 22764 11028
0 27096 12711 5497
0 9958 12711 27096
0 12721 30224 3028
0 3768 15652 12982
0 20536 3768 12982
0 10593 2045 29591
0 12995 5504 27085
0 1737 12823 18904
0 12995 28546 5504
0 15217 9266 31447
0 24721 5216 29718
0 2989 18878 17679
0 24238 27647 18904
0 12223 31563 21068
0 27209 12997 6538
0 18097 23921 8748
0 18097 1240 23921
0 24275 978 12024
0 2997 12808 28402
0 5429 19364 24240
0 7041 28118 12997
0 13273 27577 2233
0 19261 4637 9812
0 5610 3016 6922
0 6922 25293 5610
0 20206 8413 6021
0 3307 1961 27569
0 3362 26323 3363
0 29227 4815 24430
0 29227 24430 21337
0 24768 34148 16221
0 24558 25100 26497
0 27613 5279 14841
0 14841 5279 19799
0 4647 3165 24250
0 5972 5165 5164
0 2764 17660 16534
0 26497 25497 2771
0 19439 11808 4997
0 11808 28141 4997
0 5101 29257 13182
0 13182 19432 5101
0 32183 20980 4218
0 28206 2450 10940
0 19780 5999 3326
0 3407 10406 20178
0 14843 6508 22764
0 5207 5205 10075
0 3028 30224 19006
0 19006 30224 10933
0 7871 24670 12706
0 17818 9927 29382
0 24557 24668 32501
0 4944 18691 12726
0 11648 27634 8201
0 27607 6721 14841
0 14218 17539 14964
0 14218 14964 24789
0 17661 10465 16532
0 24703 24088 32359
0 24088 17662 32359
0 26223 3315 19801
0 14779 26223 19801
0 19342 24347 15459
0 5239 23537 11998
0 3470 20449 20452
0 20452 20449 11734
0 27843 6862 24823
0 24431 6174 21403
0 24350 27906 291
0 17830 27906 13622
0 5152 5135 30180
0 5152 30180 5158
0 6704 6691 23360
0 34729 25263 4809
0 4979 4992 4987
0 23483 4581 2783
0 24641 1324 34091
0 24396 4898 4897
0 12365 24394 18678
0 7863 4158 19428
0 19428 4158 3184
0 18947 1584 31504
0 14219 18947 31504
0 32545 21393 24753
0 13237 952 16827
0 13237 16827 32819
0 19442 28138 3188
0 11348 28138 19442
0 8097 3325 10926
0 10926 3325 26259
0 5745 30772 2820
0 20204 2231 14804
0 1121 14804 2231
0 13877 27645 12822
0 27554 1327 20496
0 1327 26266 20496
0 24200 4899 14896
0 14896 4899 30442
0 4831 22304 28222
0 23524 15165 12919
0 12919 29411 23524
0 1978 2359 7935
0 8670 3058 9623
0 4917 19780 3326
0 4963 28442 18422
0 4963 24702 28442
0 19796 30464 3312
0 14815 6151 1333
0 15289 30376 2499
0 6996 15289 2499
0 21332 13180 12955
0 19782 11829 6699
0 603 6699 11829
0 3306 31001 19782
0 26763 9888 5412
0 23366 13346 1830
0 24435 11473 17122
0 24273 20156 30376
0 2241 14843 22764
0 14843 2241 20206
0 9958 28403 12711
0 5361 20536 12982
0 4834 16277 26991
0 26991 16277 35212
0 12475 24646 790
0 30714 18693 24480
0 17945 3186 19434
0 26319 13057 24562
0 13176 17945 19434
0 3089 4889 23044
0 19238 4889 3089
0 9749 27542 7824
0 27205 28116 10258
0 28118 27205 6538
0 21272 24760 14451
0 21272 24450 24760
0 30677 3081 19221
0 19221 3081 30880
0 24643 11315 34092
0 588 6129 10608
0 1325 29122 8735
0 16121 5402 5295
0 21957 27629 27776
0 30701 28350 7183
0 1329 18718 26285
0 26285 18718 11345
0 21286 5444 32435
0 4557 10235 24612
0 7073 26706 24749
0 7073 9078 26706
0 27165 31698 5316
0 24419 24674 17189
0 34535 6287 6455
0 7008 34535 6455
0 4268 5490 5362
0 17661 1121 2231
0 19801 7970 33692
0 17661 2231 10465
0 5115 23975 32377
0 30386 14847 18717
0 28145 10779 5089
0 19178 6068 6292
0 8905 3310 19791
0 5360 4852 14463
0 1738 4188 22015
0 1777 19239 34728
0 22926 7860 4024
0 18959 6017 3016
0 5610 18959 3016
0 1921 34132 20760
0 28128 20957 3664
0 19152 29603 9278
0 25306 19254 13102
0 15304 25298 15302
0 8947 19784 31007
0 18678 24394 24393
0 27594 19249 5165
0 2781 3470 20452
0 7149 2781 20452
0 6876 11698 27783
0 8410 26355 3364
0 23356 24452 24745
0 24745 18721 23356
0 24676 24674 30206
0 5054 10515 8408
0 34103 11328 12729
0 13057 20101 14837
0 20002 27569 1326
0 14795 27575 2223
0 14795 2223 26239
0 1562 24640 24613
0 5390 13872 5094
0 5089 5094 13872
0 13533 33860 388
0 3409 20180 8201
0 30242 3409 8201
0 32519 19437 5305
0 13169 19437 32519
0 12814 23929 12059
0 24820 24499 26187
0 26225 10839 5321
0 12025 251 20367
0 21332 5351 13180
0 26184 5952 7629
0 19822 7629 3329
0 5039 20090 5035
0 18579 29257 5101
0 7839 29613 24289
0 13191 19155 4932
0 5475 841 28616
0 3187 13567 19437
0 26172 24269 9672
0 15978 19156 34881
0 33728 4855 19585
0 14805 8296 2099
0 24212 34751 27809
0 22252 2031 13255
0 25539 32514 3071
0 3071 32514 20774
0 18904 27647 26947
0 6407 21534 22369
0 4906 11015 28148
0 33208 5372 17073
0 33208 17073 10538
0 19436 18578 8666
0 6699 3306 19782
0 24679 24678 15608
0 13185 18948 2062
0 11320 34094 34093
0 4855 8118 16527
0 19536 28113 7040
0 28116 19536 7040
0 15665 12025 20367
0 25180 1965 22647
0 10409 25180 22647
0 17317 18670 24372
0 24372 18670 26935
0 4296 26357 6025
0 26310 3361 6018
0 11518 23352 18998
0 11279 27207 6732
0 13806 18441 4526
0 26231 6689 6690
0 8291 28101 14837
0 2943 6078 23884
0 299 24601 5772
0 5772 24601 4951
0 19816 6006 2600
0 1830 3071 3596
0 13695 11867 5998
0 13695 5998 19434
0 4355 6027 22762
0 22762 27178 4355
0 25221 24111 26245
0 3089 23044 7031
0 23044 3596 7031
0 24430 16185 5037
0 22402 22412 4185
0 19437 13567 13678
0 19961 6025 26357
0 26369 18999 15396
0 26369 15396 5502
0 16955 26581 5350
0 5464 26584 18836
0 19860 24372 3776
0 5361 10956 4550
0 9860 18715 6545
0 9860 24373 18715
0 13399 21084 21181
0 5497 5517 17807
0 24592 5542 24562
0 24227 8517 27739
0 27097 7208 12808
0 30480 24220 3992
0 5721 5640 25497
0 25333 25497 5640
0 20440 17860 7658
0 22475 4852 22410
0 24711 30549 24712
0 28123 24711 24712
0 11960 5466 26582
0 6996 3446 1645
0 24451 24731 24391
0 5295 8208 5296
0 26582 5466 12955
0 21333 12955 5466
0 27829 27832 5234
0 17818 32501 9927
0 30994 20091 11983
0 18099 13399 33953
0 18099 3201 13399
0 4233 22663 5460
0 14355 24749 26706
0 26706 29236 14355
0 33732 2812 4117
0 10035 16266 32607
0 4413 31481 3410
0 28293 10969 5513
0 4474 20981 28504
0 12553 20981 4474
0 3410 20182 26704
0 12705 9927 32501
0 24227 29443 30480
0 15633 22402 4185
0 1242 1544 16533
0 17963 5434 27832
0 27832 5434 6846
0 5171 5446 5167
0 26340 11344 6022
0 9925 22252 13255
0 22330 7095 10940
0 10940 7095 28204
0 6702 14129 27571
0 24228 27635 32643
0 5115 16266 23975
0 28117 12996 7040
0 19437 13678 5305
0 3089 13076 19238
0 3089 30607 13076
0 10465 2231 26228
0 26488 24708 5761
0 26488 5761 21532
0 24667 21611 20998
0 14542 15782 13522
0 4806 24663 13772
0 32694 27494 14915
0 17602 2698 18947
0 30480 3992 18138
0 8024 4953 7860
0 22015 7860 4953
0 9840 7901 24408
0 4936 9369 34395
0 26367 2120 14460
0 5164 18505 16194
0 16194 18505 11909
0 18958 1811 635
0 25293 1811 18958
0 27618 6722 26339
0 14847 27618 26339
0 2879 4526 18441
0 18441 22661 2879
0 6742 6476 20696
0 22424 6742 20696
0 28165 27209 11279
0 7722 9330 29411
0 6540 7769 6710
0 24494 24749 14355
0 14355 29236 24494
0 33726 24665 24435
0 24665 33726 32369
0 4276 3426 10510
0 22442 28117 5349
0 27495 14218 29224
0 3919 3592 16228
0 13749 7658 34795
0 13749 20440 7658
0 23391 20449 3470
0 10399 32979 24497
0 14779 4199 19999
0 12832 32429 21983
0 24358 24356 30225
0 28686 4880 11961
0 19429 13775 4967
0 19429 13572 13775
0 4526 15246 13806
0 33860 5386 26515
0 1326 27569 34103
0 5748 18442 2879
0 19428 4933 29648
0 4808 33865 19240
0 18325 3664 9726
0 19961 2238 26344
0 19961 26344 8403
0 25637 13002 14166
0 24761 30834 33223
0 25079 24679 6309
0 5321 5323 27556
0 28222 7092 12006
0 12162 9982 9429
0 12162 9429 18505
0 11473 24435 28727
0 16448 16998 5338
0 4112 4967 16451
0 14051 3362 11895
0 23007 20921 6855
0 14051 33731 3362
0 4921 22000 5008
0 26226 34091 1324
0 13067 19959 5054
0 26275 1326 34103
0 5167 5446 4176
0 18836 26584 13700
0 15486 8395 12008
0 4809 25263 5492
0 4809 5492 23613
0 14841 19799 13528
0 16525 4117 19585
0 11002 16525 19585
0 4963 18422 17660
0 13346 4885 22679
0 32571 9981 9295
0 7956 31002 3051
0 22501 32239 24781
0 11345 19780 4917
0 11345 4917 26318
0 4873 24578 7732
0 5100 20026 12482
0 17945 20026 5100
0 5285 15633 19332
0 15122 4916 19781
0 19781 4916 30463
0 19343 26345 6024
0 3328 3418 19178
0 26624 19178 3418
0 15219 5772 29380
0 4897 4898 33539
0 11345 18718 19780
0 10984 3792 21310
0 16526 24426 11937
0 24590 24586 24592
0 15464 4136 33334
0 31668 9406 23938
0 12238 9406 31668
0 35293 952 13237
0 32819 35293 13237
0 16531 5729 33131
0 3919 24672 21611
0 24328 790 24646
0 3311 30979 30375
0 24408 32504 15644
0 24408 15644 30206
0 32435 5325 21286
0 20773 8486 24578
0 34086 8486 20773
0 26935 3776 24372
0 10940 7815 28206
0 1745 17602 18947
0 10523 26303 26522
0 10523 6160 26303
0 18229 31666 23937
0 5033 30994 11983
0 5077 26341 14842
0 5077 14842 22762
0 19085 8172 3052
0 8172 26367 3052
0 10516 15683 24282
0 2062 18948 35165
0 29226 31504 2062
0 8407 26228 20204
0 4822 29887 23352
0 10510 24674 20834
0 6882 22402 15633
0 25081 2075 34974
0 20440 5511 17860
0 5009 5511 20440
0 4266 11321 16864
0 25178 29613 7839
0 34876 1253 3185
0 34876 3185 13182
0 23535 31096 4621
0 23535 19219 31096
0 19662 1677 20531
0 978 1645 28055
0 31168 4897 21068
0 21068 4897 33539
0 978 28055 12024
0 8408 13067 5054
0 25044 24350 24354
0 34132 2075 31394
0 3407 4979 17066
0 31608 9232 25184
0 23929 12814 19084
0 27758 29072 29443
0 20978 3674 20981
0 30833 3674 20978
0 20204 14804 26280
0 30609 18104 5494
0 13806 24220 18441
0 9369 4936 13101
0 26349 27571 4943
0 27021 26282 4945
0 5444 23428 32435
0 17073 5372 26523
0 17073 26523 10538
0 22000 8024 7860
0 31145 26564 24182
0 4199 27548 14621
0 752 19219 23535
0 26258 5994 19956
0 21016 24317 24734
0 28423 24317 21016
0 11336 18270 5996
0 11336 34095 18270
0 1739 35319 304
0 9833 34669 18518
0 17122 33732 4117
0 14841 13528 26344
0 30323 24109 2232
0 5442 10235 4557
0 30321 24117 2240
0 24681 31292 24518
0 9397 5152 5311
0 24362 11436 15540
0 7781 7977 10861
0 24120 5198 5215
0 13339 3329 1654
0 13176 13339 1654
0 5193 2698 3963
0 33691 10133 33692
0 5999 20024 3326
0 8409 18677 30383
0 19087 18893 2120
0 8409 3309 18677
0 33731 19861 3362
0 19861 26323 3362
0 28165 23026 18878
0 20367 251 3446
0 24754 17350 31395
0 24754 30258 17350
0 8947 31005 19784
0 11848 9369 13101
0 1072 24222 9678
0 12721 32446 27216
0 26704 20210 6265
0 26704 13791 20210
0 29443 24227 27758
0 16277 5319 35212
0 7352 10399 24497
0 30714 9869 24481
0 18505 3511 11909
0 10778 29649 7863
0 28222 12006 20555
0 28222 20555 4831
0 18047 11006 1242
0 11006 19586 1242
0 6948 11755 21605
0 10361 11560 9805
0 26487 13110 32773
0 14258 34132 31394
0 5516 25296 13103
0 1325 27551 7855
0 1324 34111 27553
0 24282 15683 32747
0 5183 14756 27088
0 27494 29226 6648
0 14219 29226 27494
0 34095 5225 18270
0 4668 8018 20760
0 3778 21568 14114
0 10502 3778 14114
0 3010 10195 18925
0 2848 18958 18271
0 5225 18959 18270
0 15391 24219 20784
0 4010 5217 1739
0 4010 21982 5217
0 6446 4755 34451
0 34451 27088 6446
0 32668 11651 8394
0 20494 5321 27556
0 12177 26515 6152
0 33199 12177 6152
0 12871 7323 28546
0 17807 25297 2780
0 31400 2410 25184
0 35246 5799 17290
0 2989 2218 8394
0 14757 5506 19068
0 19068 2220 26739
0 17539 18948 9295
0 14786 14349 19958
0 18099 33953 4411
0 2223 27575 27561
0 2224 14797 26291
0 23428 26505 32435
0 26313 14811 2232
0 2233 27577 27596
0 27611 1333 27578
0 32972 4935 34395
0 7722 31168 9330
0 2235 27617 27573
0 27612 27607 2238
0 33171 17876 17586
0 10075 5408 26604
0 26355 27618 14847
0 27615 2242 14848
0 30387 14848 2242
0 34149 1373 27805
0 5999 30463 20024
0 15728 30175 24378
0 34798 25637 14900
0 24779 24215 24221
0 1253 30221 19085
0 4893 20449 14912
0 3893 4898 26317
0 30609 21119 14759
0 30609 14759 19239
0 9805 28485 24653
0 9805 11560 28485
0 18670 15301 19861
0 13076 1777 25263
0 3068 13745 19155
0 3068 27101 13745
0 6129 24752 7192
0 3307 30465 19442
0 11003 30772 8115
0 26183 32773 3010
0 26183 3010 26185
0 18670 17317 27210
0 27645 11952 6353
0 23238 6353 11952
0 3325 16527 8118
0 2223 14785 19955
0 2223 27561 14785
0 22646 26345 19343
0 5039 5043 32159
0 5039 32159 32397
0 34408 24222 13538
0 33865 34839 19240
0 18999 5503 17745
0 4557 24612 6147
0 10235 16956 24612
0 4979 4987 31139
0 12169 5390 20969
0 5656 22475 33776
0 14463 5656 9734
0 20552 3464 3503
0 34941 3464 20552
0 8296 14805 24109
0 5375 4958 14233
0 5375 14233 21636
0 6023 26341 6720
0 30384 20602 8410
0 20602 21174 8410
0 27516 24680 23956
0 24623 5110 30454
0 30572 24215 19261
0 24322 24245 23937
0 19153 3438 20309
0 11425 24187 19342
0 1356 24590 24579
0 15041 27644 23391
0 15041 23391 27808
0 2693 24702 4963
0 4584 23490 5429
0 4584 3418 23490
0 27538 6685 4276
0 6183 11327 27572
0 27572 11327 6702
0 4755 13117 34451
0 31446 22230 24631
0 22230 29382 24631
0 24706 23510 35358
0 6828 27812 9278
0 34905 5123 1811
0 24669 12705 13360
0 24668 13360 12705
0 16240 20978 26440
0 20685 3361 20157
0 26702 3361 20685
0 17323 31003 8944
0 13749 34941 10956
0 10956 34941 20552
0 16534 10467 14804
0 18422 24280 17660
0 5183 19822 3187
0 24280 33130 17660
0 5183 3187 13169
0 34588 9935 7045
0 11645 21245 24228
0 7413 17416 26486
0 28580 24668 24557
0 4822 5104 29887
0 19957 15486 2111
0 19957 8395 15486
0 11651 20957 28128
0 20179 3408 26335
0 4995 20179 26335
0 1356 20711 24687
0 20711 31628 24687
0 33224 31446 24631
0 24722 21982 24236
0 13102 19254 9454
0 27758 24660 29072
0 2698 1584 18947
0 21173 24452 26340
0 29772 2600 16539
0 24449 4915 15122
0 11436 9672 15540
0 21826 5158 28477
0 27829 5438 5437
0 5464 13576 26584
0 27516 13810 24820
0 5033 11983 26309
0 19821 5121 5124
0 5121 19821 30379
0 32841 440 1098
0 29639 22386 5101
0 13367 26323 9860
0 22184 34837 5474
0 34101 21084 1325
0 21952 25346 29593
0 25346 23483 29593
0 28697 17963 5437
0 28127 12154 5283
0 16534 5729 2764
0 20773 24688 18424
0 8878 24688 20773
0 20101 24117 14837
0 14785 6700 18691
0 14785 27561 6700
0 22772 24239 32644
0 17945 19433 3186
0 32489 7224 28604
0 10502 21272 14451
0 5325 5324 16874
0 2218 30368 8394
0 26686 18158 24690
0 26498 24705 5943
0 18959 5610 18270
0 6020 8401 30382
0 34687 24691 26443
0 24390 34793 5006
0 15652 34793 24390
0 24672 24676 15644
0 15363 24460 24472
0 26344 3313 8403
0 12024 28055 34477
0 18442 32436 23354
0 18442 23354 2879
0 28053 24273 6996
0 15017 4803 19860
0 20998 16641 24356
0 24356 16641 6096
0 31720 9434 31481
0 4885 32513 22679
0 9805 32513 4885
0 30386 18717 34116
0 33915 1738 15020
0 29772 19816 2600
0 5183 27088 26184
0 30549 24494 13469
0 29383 2410 22230
0 2410 31449 22230
0 33865 4808 7113
0 6446 12871 27085
0 6446 28547 12871
0 12475 790 21245
0 21245 11645 17588
0 8698 30672 4195
0 24690 18158 34086
0 6213 15691 2500
0 2500 15691 15692
0 1373 34149 15459
0 5437 5438 28697
0 24506 24200 10368
0 24506 10368 30444
0 11983 8411 26309
0 26309 8411 6015
0 17679 6732 27629
0 24484 28394 20921
0 22539 30859 5131
0 19240 20774 4808
0 34839 19239 1777
0 12035 31007 19784
0 30633 14142 3438
0 14142 20308 3438
0 4933 21337 25536
0 4933 29227 21337
0 14848 27619 21171
0 21171 27619 6725
0 24345 23239 24751
0 4833 30321 14836
0 22057 5547 15355
0 20998 21611 16641
0 24215 4637 19261
0 5205 24120 5215
0 22481 4729 17233
0 17233 19225 22481
0 26523 5372 20595
0 5372 34356 20595
0 4951 26169 10936
0 8876 11326 12725
0 29382 9927 24594
0 5082 5081 5080
0 27617 27572 6702
0 14829 27572 27617
0 6725 27620 14846
0 6725 14846 27615
0 11967 7228 620
0 8018 3592 23591
0 30375 14818 21169
0 8474 30443 6362
0 27216 1714 30224
0 12721 27216 30224
0 24282 32747 15665
0 6738 14475 32644
0 14475 22772 32644
0 24702 15671 35362
0 26318 10523 6014
0 10523 26522 6014
0 3511 6691 11909
0 6996 24273 15289
0 23408 28616 7228
0 8399 5993 26256
0 20024 26239 3326
0 20024 14795 26239
0 27812 34148 24768
0 19793 30978 8905
0 30979 19793 8905
0 15322 4219 26498
0 4219 24705 26498
0 20834 24674 24676
0 15847 17721 28511
0 34437 28581 5199
0 4829 24108 12718
0 4829 12718 30323
0 24558 25333 17211
0 27974 5022 12059
0 12059 5022 12814
0 15782 26962 5462
0 22386 18579 5101
0 11425 24313 24187
0 29408 13273 2233
0 24535 24003 14836
0 24373 27210 18715
0 5372 4929 34356
0 18427 8412 15027
0 18427 30389 8412
0 5035 19178 5043
0 19178 5035 6068
0 27578 11348 6720
0 11348 26335 6720
0 24435 5927 33726
0 14451 21309 33222
0 1253 19431 12604
0 23920 4411 24489
0 23886 5029 26350
0 6828 11424 27812
0 6828 20005 11424
0 23482 24481 12307
0 24481 23482 25641
0 34395 4935 4936
0 17350 30258 31394
0 19959 2232 14805
0 22641 7037 7500
0 22641 1570 7037
0 8946 20090 19865
0 2812 11007 16526
0 32504 16641 24672
0 16179 16641 32504
0 19797 6004 3330
0 10502 14114 29451
0 14779 19801 5281
0 5281 4199 14779
0 14806 22307 29410
0 4916 14795 20024
0 5389 2227 21169
0 24273 32436 24274
0 19955 26257 5993
0 14785 26257 19955
0 5100 15414 17945
0 6027 19962 21172
0 2233 27596 14806
0 2233 14806 16536
0 14812 27577 13273
0 14846 21173 26340
0 27620 21173 14846
0 20602 6024 21174
0 6024 30387 21174
0 27618 14846 6722
0 14846 26340 6722
0 24451 27619 9043
0 16266 4763 23975
0 16266 5389 4763
0 24713 23007 6855
0 5287 5402 16121
0 5465 28731 31742
0 8679 30631 31720
0 27829 16956 5438
0 3306 31005 31001
0 24540 11322 603
0 29123 11322 24540
0 3089 34839 30607
0 4944 14785 18691
0 17539 9295 14964
0 14964 9295 32572
0 14785 4944 26257
0 28465 5420 17066
0 1771 18693 12992
0 28055 20366 34477
0 21423 22410 4189
0 21423 11038 22410
0 15322 12352 7495
0 3821 30610 4167
0 5431 18189 23490
0 18189 5429 23490
0 3184 13572 19429
0 4158 13572 3184
0 18878 5353 28165
0 18578 4176 8666
0 22393 4176 18578
0 26303 20595 3518
0 20595 11739 3518
0 10467 18580 14804
0 14451 24760 21309
0 33953 13399 28394
0 32971 3821 16141
0 24431 21403 3821
0 27634 30242 8201
0 27634 24662 30242
0 13025 27555 20497
0 24820 8670 24499
0 24678 25079 24037
0 24148 2262 14915
0 14915 2262 35369
0 2183 6997 20366
0 3446 2183 20366
0 16240 962 2567
0 2567 30833 16240
0 841 27542 28616
0 25184 9232 5111
0 31628 24685 5721
0 15652 24390 5512
0 5503 32772 5519
0 24003 24535 24201
0 22425 28308 4196
0 22762 14842 27178
0 20772 34598 6738
0 19171 15459 24347
0 19171 24347 16222
0 18722 4732 11343
0 11343 4732 23885
0 19786 1961 10023
0 19786 10023 3188
0 19266 7055 388
0 22015 4188 4024
0 4188 34495 4024
0 15608 24472 24478
0 18272 13255 2031
0 26538 28423 24313
0 23090 15540 24664
0 26549 31628 20711
0 30979 8905 19794
0 19794 8905 30980
0 14815 19441 6151
0 752 31030 19219
0 33692 34650 5281
0 30227 29380 48
0 21703 26186 5409
0 26346 14823 34462
0 10938 26357 4296
0 9397 26357 10938
0 24177 12721 3028
0 13772 24663 30241
0 2786 17860 30701
0 26467 24685 24197
0 21966 29613 35351
0 24408 28647 32504
0 27975 4188 1738
0 14756 2220 28547
0 10938 7500 13278
0 17186 6724 5398
0 5171 35205 6724
0 19087 8172 6040
0 30221 6040 8172
0 19797 3330 8130
0 17860 28350 30701
0 19821 3328 15520
0 15520 3328 26240
0 24578 8878 20773
0 20723 440 22412
0 5454 19225 4834
0 5326 28270 16444
0 5207 9888 9925
0 24283 27763 25349
0 4136 588 21393
0 21393 588 10608
0 5434 22539 6846
0 16531 33131 2599
0 14461 5499 28400
0 16536 7722 8096
0 10295 29408 2600
0 8791 10381 20980
0 16551 26992 4841
0 32435 26505 5325
0 3768 19662 34793
0 23885 26349 4941
0 3010 29432 10195
0 29432 32770 10195
0 5390 12841 20969
0 2721 17316 18714
0 18714 17316 10486
0 9429 20573 18505
0 5016 388 33916
0 5005 5016 33916
0 7863 19428 29648
0 24499 20749 26187
0 11002 19585 1240
0 1240 18097 11002
0 30376 8407 5997
0 24108 4873 14403
0 24667 24666 21184
0 21184 24666 25279
0 33730 26935 6345
0 11038 2911 22475
0 6001 8402 11682
0 8018 17829 3592
0 33617 32729 5455
0 13775 29643 4967
0 17416 20178 10406
0 28485 11560 7273
0 7273 11560 1316
0 11895 3362 20158
0 16533 33731 14051
0 16641 21611 24672
0 24453 32183 4218
0 26272 19265 23525
0 26272 23525 3093
0 4614 12198 23526
0 3093 4614 23526
0 24711 16793 29370
0 841 16793 27542
0 15847 9782 21423
0 20463 12030 5296
0 5084 15879 34738
0 5361 13749 10956
0 14822 6720 26341
0 14822 26341 11842
0 7040 28114 21595
0 13620 20178 5058
0 17416 5058 20178
0 17211 15218 9374
0 14218 18948 17539
0 11090 28482 24766
0 18877 2989 21957
0 18877 21957 3706
0 8397 26297 19476
0 28112 11300 3316
0 4816 22428 10860
0 34365 7045 9805
0 4999 5003 5016
0 8875 11937 24426
0 16824 1771 12992
0 16824 25637 1771
0 4999 5005 29536
0 5084 22385 5091
0 24662 5196 1978
0 19248 5399 24085
0 33860 12177 19266
0 6213 2500 3768
0 3768 2500 19662
0 5356 28511 5404
0 5357 5356 5404
0 21272 23592 24450
0 35212 4841 6383
0 5379 23527 17381
0 26992 6383 4841
0 4189 22401 22411
0 20957 27203 3664
0 29418 22647 7839
0 15633 4185 19332
0 19821 15520 8400
0 8400 15520 26240
0 16929 5442 4557
0 25499 5442 16929
0 5171 17892 12828
0 35205 5171 12828
0 24666 23090 27843
0 5392 12169 12188
0 24375 17662 25521
0 6732 8751 27629
0 33915 15020 15830
0 30267 5379 4958
0 28145 4172 7858
0 15830 15020 4953
0 4953 3094 15830
0 19784 31005 3306
0 33727 18097 8748
0 16277 4834 19225
0 5356 15847 28511
0 5356 9782 15847
0 30211 8291 14408
0 14408 8291 24117
0 26467 34930 12239
0 5332 5338 5341
0 22411 20723 17393
0 5399 21354 24085
0 21354 12135 24085
0 30368 5404 32668
0 5357 5404 30368
0 11560 24646 1316
0 26307 3313 5995
0 28348 30701 17118
0 20510 28443 26725
0 26725 28443 6275
0 5091 9736 15879
0 5084 5091 15879
0 24295 25099 24598
0 17144 5422 4950
0 1072 9678 32239
0 27644 20449 23391
0 27644 14912 20449
0 30706 6281 26738
0 14393 5425 32159
0 12871 28546 12995
0 5392 12188 28443
0 33775 32399 9825
0 9734 33776 9534
0 20327 24378 30182
0 24378 20327 29050
0 6876 4845 5799
0 32668 5404 20957
0 5390 5094 12841
0 15921 5403 27203
0 27635 6738 32643
0 30385 18692 34107
0 17619 1437 5285
0 5287 5285 1437
0 17161 5178 12135
0 5178 5168 21340
0 5096 17422 9736
0 5398 21340 17186
0 5286 5296 17179
0 30206 24674 24415
0 5171 6724 17186
0 17186 21340 5171
0 9736 20510 15962
0 20510 17626 15962
0 5446 22392 4176
0 17381 18518 33915
0 24310 19815 34147
0 5392 17422 5096
0 5091 5089 5096
0 30368 4845 5357
0 27635 12683 6738
0 24340 27635 24328
0 24328 27635 24228
0 17316 2721 4803
0 5394 10790 12828
0 20510 17422 28443
0 32443 9982 12162
0 8208 20463 5296
0 10860 32443 12162
0 25081 17350 2075
0 17350 31394 2075
0 5403 12030 20463
0 30370 18959 5225
0 10361 17111 11560
0 5084 34738 17452
0 5164 16194 26262
0 26262 16194 6691
0 8700 3081 30677
0 3094 5379 33915
0 15830 3094 33915
0 17290 18877 3706
0 15733 28554 11698
0 3706 22276 35246
0 26515 5386 19265
0 33484 26515 19265
0 35007 21874 5316
0 5316 21874 26620
0 11645 24228 32643
0 12135 5398 22428
0 6006 3324 16537
0 15733 35246 5450
0 21423 4189 33775
0 10361 24336 17111
0 5398 6724 32443
0 5167 17636 17892
0 22392 21340 5168
0 17393 20723 5286
0 32443 6724 9982
0 5392 13872 5390
0 24674 24419 24415
0 16121 5285 5287
0 18518 17381 11533
0 24085 22428 4816
0 24085 12135 22428
0 5403 15921 33171
0 24562 14837 28101
0 32399 12030 9825
0 5084 17452 17636
0 6147 34090 16621
0 14321 12223 12221
0 12221 12223 33539
0 4884 31299 1810
0 24340 1810 31299
0 5356 17475 27783
0 5356 27783 9782
0 5357 6876 17475
0 5356 5357 17475
0 29226 2062 17540
0 2062 27495 17540
0 5385 5000 6899
0 5394 12828 17488
0 5003 4998 5000
0 34361 5000 4998
0 21423 17721 15847
0 5399 5287 1425
0 1425 21354 5399
0 5385 5386 5000
0 5385 6899 9833
0 6160 26523 26303
0 1437 1425 5287
0 24336 10361 4885
0 5392 5096 13872
0 23593 22437 7742
0 5234 30677 19221
0 5386 5385 19265
0 17422 20510 9736
0 9736 15962 34738
0 30368 32668 8394
0 24663 5451 29447
0 13688 6454 17619
0 17586 9825 12030
0 1810 24328 17111
0 29656 17647 3185
0 21354 17101 17161
0 21354 17161 12135
0 5394 17626 26725
0 17626 5394 17488
0 25520 1121 17661
0 25520 16534 1121
0 5402 5287 5399
0 34738 17626 17488
0 15962 17626 34738
0 33131 17661 2599
0 17161 17101 5178
0 1810 17111 24336
0 24676 30206 15644
0 20092 14836 26314
0 21423 33775 17721
0 24713 32382 23007
0 16793 32382 24713
0 21568 23593 10455
0 29451 21568 10455
0 5383 9833 11533
0 27975 1738 34669
0 17721 33775 9825
0 26522 26303 3518
0 20957 15921 27203
0 15921 20957 33171
0 5265 17963 28697
0 18518 34669 33915
0 7858 4172 22386
0 5403 33171 17586
0 5403 17586 12030
0 32643 6738 10079
0 24295 4950 25099
0 5379 17381 33915
0 6454 17101 21354
0 22087 4892 24770
0 22087 27810 4892
0 27101 2780 17808
0 6503 12816 3963
0 28511 17721 9825
0 33171 28511 17876
0 5799 4845 18040
0 23007 28698 24484
0 17876 9825 17586
0 17876 28511 9825
0 28698 24489 24484
0 5286 6882 5290
0 24692 24691 5968
0 22276 5450 35246
0 5091 5096 9736
0 9429 9982 20573
0 5385 9833 5383
0 31299 4884 8690
0 12377 31299 8690
0 24111 24116 4830
0 6002 26233 26261
0 24695 23062 24182
0 24961 24692 5968
0 26703 20157 24310
0 26703 8788 20157
0 5000 13533 5003
0 7031 20774 19240
0 3094 4958 5379
0 28115 19536 28118
0 11327 3697 27569
0 6183 19785 11327
0 19785 3697 11327
0 18040 4845 2218
0 5799 18040 17290
0 24453 24331 32183
0 1645 3446 28055
0 5171 21340 5446
0 17452 17488 12828
0 26739 2220 18069
0 2220 30706 18069
0 22411 32399 33775
0 24461 25640 25345
0 14408 30321 4833
0 22559 14408 4833
0 5357 4845 6876
0 24489 33953 24484
0 4167 30610 18104
0 6476 24217 13597
0 26309 4829 22547
0 22547 4829 30323
0 23524 4035 7273
0 5290 5296 5286
0 30387 2242 30377
0 24717 29613 25178
0 24698 24717 25178
0 18877 2218 2989
0 15733 5450 22663
0 20555 22291 4831
0 30707 4831 22291
0 15464 33334 32544
0 5168 5178 17101
0 18229 23938 1737
0 3672 19266 28143
0 19266 12177 28143
0 23162 6538 27205
0 30707 28348 8707
0 24984 22351 5299
0 24218 28423 21016
0 15604 24679 24380
0 27758 24227 24448
0 27758 24448 931
0 19156 7579 3068
0 6738 34598 14475
0 18441 24259 22661
0 8906 30981 11995
0 22702 4763 6016
0 18422 32340 24280
0 13469 24708 26488
0 27885 34798 34799
0 34798 14900 34799
0 11327 27569 20002
0 18998 32659 10576
0 5079 26261 26233
0 2235 27573 22616
0 27573 14830 22616
0 4581 23483 25346
0 4758 27612 7224
0 7224 27612 35253
0 9918 15727 7352
0 811 6024 11176
0 19343 6024 811
0 27576 4942 12725
0 18691 2937 1715
0 18691 6700 2937
0 10154 33281 754
0 12993 18694 2939
0 18695 6951 3312
0 18718 6954 3305
0 5788 25641 2045
0 25641 5788 27886
0 1356 24586 24590
0 24687 31628 26497
0 6434 28686 11961
0 26240 14797 2224
0 1921 2075 34132
0 22547 14811 8205
0 1325 21084 29122
0 27539 23122 6685
0 27101 19154 2780
0 7579 19154 27101
0 14129 20002 11326
0 12352 20237 24452
0 27620 12352 24452
0 10079 6738 32644
0 24461 24460 30443
0 19595 2988 18872
0 3315 7970 19801
0 2120 18893 2997
0 2997 18893 27097
0 18894 14460 2997
0 18894 2997 28402
0 4944 25222 26257
0 18902 3778 21308
0 4036 5547 22057
0 8906 11995 23536
0 2698 35166 1584
0 2359 23447 5464
0 2359 5464 18836
0 5610 18958 2848
0 14163 19261 9267
0 4911 28310 28308
0 11015 4911 28308
0 5349 20181 5350
0 2120 2997 14460
0 26291 19788 3308
0 26291 14797 19788
0 13101 4936 17808
0 23352 4796 18998
0 18104 23088 5494
0 26935 18670 19861
0 3592 17829 16228
0 5729 25520 33131
0 15978 4112 22926
0 27516 26187 24681
0 32644 20784 10079
0 22369 24546 19147
0 3051 20090 5039
0 30632 24312 19152
0 3069 19171 2581
0 3069 15459 19171
0 19180 34326 5735
0 1639 32021 17170
0 25306 5323 19254
0 4997 33199 26514
0 33199 6152 26514
0 32729 28638 5455
0 19219 23534 1562
0 23157 19220 3081
0 23157 5131 19220
0 19220 23536 3081
0 23524 29411 9330
0 26505 6147 16621
0 13170 4185 22400
0 9223 32545 31395
0 19260 11835 7054
0 14163 9267 24214
0 6021 8413 26333
0 5168 17101 6454
0 23525 23527 4614
0 23937 31666 4571
0 13169 3187 19437
0 7273 4035 31563
0 24383 29050 7495
0 6900 24383 7495
0 31395 24753 24754
0 24692 24034 24691
0 24731 15728 24391
0 29050 24391 24378
0 33729 18101 11003
0 1242 19586 1544
0 20494 26225 5321
0 20998 24356 24370
0 17859 2786 28348
0 27615 27618 2242
0 14846 27618 27615
0 34795 2786 17859
0 23162 5351 21332
0 18325 28128 3664
0 4668 29897 8018
0 5513 34729 4809
0 19431 29656 12604
0 5729 25521 17662
0 5117 10515 26321
0 10515 5117 13254
0 24034 24601 26443
0 29647 28310 7162
0 24025 24683 4303
0 26187 24025 4303
0 35369 35293 32819
0 15691 6213 381
0 27516 24820 26187
0 11939 3327 6001
0 27205 7401 28116
0 28118 7401 27205
0 4117 33728 19585
0 5360 15691 381
0 15691 5360 13071
0 2941 34107 19593
0 2437 34116 19594
0 10270 5359 28533
0 32428 4010 32570
0 6689 26255 6690
0 24427 19817 8875
0 6700 27576 2937
0 34881 19156 3068
0 6308 19817 8118
0 4944 34705 15367
0 5022 27974 34877
0 34877 27974 13187
0 30841 21605 4998
0 16534 14804 1121
0 3201 2820 29122
0 12006 7362 32841
0 12006 22412 7362
0 9839 20685 8788
0 6954 19781 3305
0 24534 19784 27560
0 30993 19787 3308
0 30995 3308 19788
0 26258 5116 19791
0 19792 5994 30982
0 3311 19793 30979
0 31031 19793 3311
0 19795 31031 3311
0 19796 5161 30464
0 6951 19796 3312
0 3312 6004 19797
0 18695 3312 19797
0 5161 19798 26307
0 28112 19802 11300
0 28114 3316 19803
0 26329 11686 3316
0 19820 3327 8408
0 3330 27583 7061
0 5162 8130 19823
0 6018 3361 26322
0 26702 26322 3361
0 3367 31044 19866
0 31006 3367 19866
0 8400 19956 5994
0 26330 19960 6020
0 4266 20001 11321
0 3327 11939 26313
0 6004 20027 3330
0 5518 5519 32770
0 20087 31001 31005
0 20088 30993 3308
0 20088 3308 30995
0 3367 20091 31044
0 20092 3367 31006
0 20156 24274 24062
0 20156 4803 35257
0 24311 20157 26310
0 4979 3407 4992
0 8413 3408 20179
0 26325 3409 16855
0 8407 20204 5997
0 26334 20206 6021
0 25127 7280 8670
0 25127 19109 7280
0 4919 33220 26524
0 2183 28052 6997
0 251 28052 2183
0 28055 3446 20366
0 27543 5251 20407
0 3464 34999 20555
0 3503 3464 20555
0 10195 8001 32775
0 1324 27553 20494
0 26226 1324 20494
0 27547 1329 20495
0 1329 26285 20495
0 17422 5392 28443
0 26513 3093 23526
0 1098 20552 3503
0 10269 3503 20555
0 21605 34361 4998
0 20723 22401 440
0 23592 4668 20760
0 27763 24700 25349
0 17829 24403 20834
0 7858 10779 28145
0 2523 5419 25515
0 9726 6532 28127
0 11835 28143 3830
0 2581 19171 16222
0 9330 21068 4035
0 4035 21068 31563
0 15608 24478 24380
0 24354 24350 21184
0 29085 5408 10075
0 23523 33538 24653
0 21245 17588 24218
0 20555 12006 10269
0 35331 4932 8772
0 35331 8772 4935
0 21266 24707 32369
0 19154 17807 2780
0 7607 3798 21333
0 21337 5037 5735
0 24711 29370 30549
0 13469 26488 24712
0 17660 33130 10467
0 24578 4873 24592
0 13187 6948 21605
0 34495 12059 23929
0 3919 16228 24672
0 5471 21797 24456
0 32489 5158 21826
0 12239 24025 24502
0 20980 30833 2567
0 4010 21983 32570
0 22000 13550 8024
0 27555 23884 1331
0 22016 22926 4024
0 4024 34495 22016
0 17636 13175 13695
0 4816 10860 19249
0 13469 24494 29236
0 5349 13562 22442
0 12221 20594 20601
0 22304 4831 26738
0 9936 32515 4196
0 4172 19433 22386
0 22393 18578 19436
0 4185 7092 22400
0 4189 7091 22401
0 5286 22402 6882
0 4189 22410 7091
0 22423 8698 4195
0 22425 11015 28308
0 22425 32515 1034
0 20026 13176 1654
0 23354 4246 4526
0 22424 20696 4195
0 23366 1830 3596
0 1098 34469 28533
0 24391 29050 24383
0 28554 15733 22663
0 4286 6021 26333
0 20091 7772 8411
0 26346 34462 4296
0 22641 7500 7835
0 24303 24717 24698
0 7839 22647 25178
0 15219 29380 304
0 13346 22679 1830
0 4185 22412 7092
0 24472 24460 24461
0 2599 16532 33730
0 22763 5484 26351
0 22764 6508 11028
0 5216 30227 9266
0 26184 7629 19822
0 26686 24034 24692
0 29443 24220 30480
0 18722 9078 4732
0 23007 24711 28698
0 9897 6827 2993
0 34800 30714 24481
0 18691 1715 34100
0 23157 3081 8700
0 4729 5123 23159
0 6353 23238 4499
0 26486 5420 6407
0 34663 24268 24269
0 2232 24109 14805
0 14403 8296 24109
0 14811 30323 2232
0 5788 34799 27886
0 20082 9860 6545
0 4967 34881 13191
0 621 24250 24322
0 11961 4880 34425
0 4584 26624 3418
0 32413 13650 5124
0 32841 3503 10269
0 24437 20237 23510
0 4557 6147 26505
0 28485 23523 24653
0 3093 23525 4614
0 5490 5251 27543
0 11995 23535 4621
0 30880 4621 23537
0 8478 24448 27739
0 28697 29796 5251
0 23593 7742 10455
0 10381 20979 3674
0 17233 16277 19225
0 17233 4729 23159
0 9078 23886 4732
0 2848 18271 10839
0 4742 33727 23920
0 9406 12823 23938
0 15363 24678 23956
0 22702 23975 4763
0 4763 14818 26321
0 4899 24003 24201
0 8777 28442 24702
0 26187 20749 24025
0 22481 10875 19226
0 32592 12025 15665
0 18047 1242 28725
0 26686 26169 24034
0 4951 24601 26169
0 24458 2537 24037
0 4796 3026 26369
0 18998 4796 32659
0 32427 20861 9847
0 2045 25641 29591
0 24062 17316 4803
0 32429 9847 21983
0 24108 4829 26319
0 25223 4830 24110
0 4830 12207 24110
0 14836 24003 4833
0 25383 5198 24120
0 6648 24148 27494
0 28486 29796 5438
0 10926 11951 24178
0 32819 10241 35369
0 24240 5425 14393
0 13075 5425 24240
0 9232 14165 24296
0 26703 24312 4413
0 27089 28548 7323
0 24359 4852 5360
0 24478 1258 24380
0 23007 32382 24711
0 5735 5037 24429
0 21337 24430 5037
0 24227 27739 24448
0 24456 21797 10040
0 23159 5123 34905
0 28580 24819 10399
0 32572 24788 24789
0 24759 24594 32503
0 24500 32160 9623
0 34477 20366 24765
0 32436 28053 24275
0 19816 24313 11425
0 34466 1562 34467
0 34090 24643 16621
0 22426 4933 25536
0 24534 27560 16864
0 5190 34467 24641
0 5190 24641 11996
0 24643 11996 11315
0 24212 9897 20328
0 5196 24662 27634
0 24663 5196 30241
0 34437 5199 24668
0 28581 24670 5199
0 24508 24506 30589
0 28101 24579 24590
0 26172 24257 24269
0 33775 4189 22411
0 33538 34535 7008
0 24722 5217 21982
0 15165 12475 24734
0 24558 17211 9374
0 34915 24633 32021
0 24497 24502 24503
0 10396 24499 3023
0 5193 24265 34915
0 29922 24211 24700
0 6862 9054 24823
0 35351 24717 24303
0 24278 33130 24280
0 21534 24546 22369
0 6040 30220 19087
0 24620 24691 31145
0 24683 32476 31292
0 31292 30589 24518
0 4763 5389 14818
0 11533 17381 23527
0 3185 17647 30842
0 3185 30842 19432
0 20182 24698 26704
0 24745 24437 573
0 24494 5475 24749
0 24786 24767 24984
0 24786 30673 22423
0 34408 34477 24765
0 16222 24347 24771
0 28686 24776 24771
0 24768 6250 27812
0 1727 24341 33281
0 30252 24370 24356
0 24340 12377 20772
0 12377 24340 31299
0 24653 7213 34365
0 25044 24232 34133
0 30436 25044 24354
0 12377 8690 916
0 30880 11995 4621
0 34915 1639 5193
0 29443 29072 24268
0 22502 23354 24275
0 6275 12188 20574
0 6275 28443 12188
0 31394 25080 14258
0 25080 30259 24755
0 26581 6191 25084
0 4927 3884 33914
0 5422 17144 28084
0 5422 25099 4950
0 22057 25099 5422
0 4921 22363 25101
0 11533 23527 23525
0 4614 23527 12198
0 10241 32817 22097
0 3410 26704 6265
0 6827 27810 2993
0 24341 2993 27810
0 621 24322 4571
0 29370 6950 30549
0 28162 4158 7863
0 35369 2262 35293
0 25222 5561 8818
0 4945 30270 25222
0 5993 25223 26256
0 1777 34728 25263
0 35351 24303 29922
0 25279 24823 24354
0 21184 25279 24354
0 30714 24480 9869
0 5610 25293 18958
0 18272 18957 13255
0 2780 25297 5613
0 25299 5614 25298
0 24819 25333 5640
0 24700 24211 25349
0 8416 9642 27543
0 25293 6922 18272
0 32021 24633 28084
0 31628 5721 25497
0 24745 27158 18721
0 20407 28486 5442
0 5729 16534 25520
0 25536 21337 5735
0 34326 25536 5735
0 5735 24429 25538
0 19180 5735 25538
0 32399 17179 12030
0 5748 10486 25569
0 18442 5748 25569
0 14433 23919 21266
0 24177 3028 33650
0 22615 11967 620
0 34798 13002 25637
0 24202 13002 34798
0 34327 25539 3071
0 6017 19476 26302
0 23524 9330 4035
0 6015 20101 26319
0 6721 6020 27613
0 6023 6720 26335
0 26261 6703 6002
0 6703 26292 6002
0 6704 26262 6691
0 35319 4950 24295
0 30672 24210 25349
0 10936 26169 6257
0 20181 7318 5350
0 4358 22772 34598
0 30182 24378 30175
0 22642 24660 26210
0 8791 30834 10381
0 6693 11315 26226
0 35257 4803 26228
0 8818 5561 26245
0 5561 25221 26245
0 26255 26232 6690
0 6001 3327 26260
0 26260 19958 6001
0 26266 11323 6704
0 1715 26275 34100
0 13449 26275 1715
0 34105 6000 26282
0 26283 10774 6000
0 27022 26283 6000
0 26285 11345 6714
0 26285 6714 27602
0 3305 30463 5999
0 6001 11682 20025
0 26292 11334 6002
0 26294 11335 2237
0 6017 26302 25383
0 26322 24393 26311
0 6716 6018 26311
0 8408 3327 26313
0 27602 26317 4896
0 27602 6714 6014
0 27602 6014 26317
0 6714 26318 6014
0 26320 22702 6016
0 6016 19959 26320
0 26321 10515 5054
0 6018 26322 26311
0 26332 3408 8413
0 6722 6022 26339
0 26342 18722 11343
0 6024 26345 30387
0 23885 6026 26349
0 4355 26351 6027
0 26354 30385 3309
0 6040 12397 30220
0 26369 5502 12397
0 24601 24598 26443
0 26440 962 16240
0 26440 3058 962
0 6899 11755 9833
0 26467 24683 34930
0 24683 26467 32476
0 17416 5420 26486
0 26505 16621 24614
0 5338 16998 7895
0 10774 26513 6000
0 6000 26513 26282
0 6152 26515 33484
0 6855 25515 24713
0 24313 29772 26538
0 6855 20921 3651
0 26549 24579 11999
0 26564 24691 34687
0 26564 31145 24691
0 23510 24707 20344
0 8797 30841 17647
0 5408 12816 26604
0 26620 27165 5316
0 35007 16551 21874
0 573 20344 29555
0 4944 12726 34705
0 13612 24296 6257
0 6257 26169 26686
0 11700 19180 25538
0 27158 573 6267
0 24745 573 27158
0 3511 26725 6275
0 13169 6281 26736
0 3664 27203 6532
0 17118 30701 7183
0 21595 19803 28117
0 6345 26935 19861
0 18138 24215 30572
0 26946 6353 4499
0 27647 6744 26947
0 34365 9805 24653
0 6383 26991 35212
0 28204 7095 9054
0 12726 6404 27021
0 12725 11326 13449
0 12729 11328 27022
0 26275 12729 6404
0 4742 18097 33727
0 27089 7323 12871
0 27095 6453 7579
0 6453 27096 19154
0 7579 27101 3068
0 23122 6309 22583
0 27164 6503 27165
0 13772 30241 11648
0 22057 5422 28084
0 1978 7935 24662
0 6532 12154 28127
0 24088 4963 2764
0 27627 6538 23162
0 27209 6538 11279
0 27210 6540 18715
0 27210 17317 6540
0 22763 26351 4355
0 35295 9734 9534
0 6454 21354 1425
0 11562 26262 6704
0 6437 24221 24215
0 6648 29226 11672
0 24259 24268 34663
0 22437 27539 6685
0 11335 27547 2237
0 27548 19247 6692
0 14621 27548 6692
0 12165 19248 19247
0 27551 34093 2939
0 27553 11336 5996
0 27553 5996 26225
0 11334 27554 6002
0 26342 6689 4384
0 11343 26255 6689
0 6690 26232 14796
0 6693 26226 27556
0 27557 11315 6693
0 15683 5997 26280
0 4266 16864 27560
0 27561 27576 6700
0 26261 27611 6703
0 14129 11326 27571
0 35260 27573 7281
0 14795 13860 27575
0 6690 14796 27575
0 14812 6716 27577
0 6692 19249 27594
0 11345 26318 6714
0 26310 6716 14812
0 14833 6721 27607
0 6703 27611 26292
0 27614 6721 14833
0 21171 6725 27615
0 27617 6702 27571
0 26350 35260 6026
0 6725 6900 27620
0 28165 11279 6732
0 6743 27808 27642
0 27645 6353 26946
0 6744 27646 11952
0 8679 30633 19153
0 24701 27763 32340
0 22442 13562 25084
0 32202 16448 5338
0 5490 27543 32203
0 7977 16437 5457
0 2911 622 33776
0 573 24437 20344
0 1871 29603 24312
0 4176 22392 13567
0 27829 5437 27832
0 5234 5239 27829
0 22385 13568 4172
0 6862 15524 9054
0 27843 24664 6862
0 28162 22363 4158
0 4158 22363 13572
0 27885 35278 34798
0 6900 12352 27620
0 27906 11363 13622
0 11755 34669 9833
0 19593 6951 27982
0 27982 6951 18695
0 2941 19593 11334
0 27984 6954 18718
0 19594 6954 27984
0 2437 19594 11335
0 11323 18695 19797
0 31507 4834 5463
0 30454 8296 8486
0 6407 7956 27071
0 6407 22369 7956
0 28204 9054 3165
0 32694 14915 15730
0 3055 26992 17018
0 27207 3798 21334
0 4815 35331 4935
0 7039 28111 18874
0 28111 7039 12998
0 12998 7039 28112
0 7039 19802 28112
0 28113 12998 7040
0 12998 28114 7040
0 21595 28114 19803
0 28116 7040 12996
0 30180 18189 5431
0 28127 2988 7048
0 18873 18325 7048
0 34356 11739 20595
0 28148 22425 1034
0 21957 17679 27629
0 10406 3407 17066
0 22401 7091 34469
0 10270 7091 28201
0 22400 7092 28202
0 20723 22411 22401
0 12006 7092 22412
0 28207 26940 7095
0 22330 28207 7095
0 28222 28202 7092
0 27556 5323 7713
0 6693 7713 28270
0 28270 27557 6693
0 28285 7867 28305
0 26946 4499 23239
0 29640 10779 28305
0 5943 7420 25227
0 4196 28312 22426
0 28308 29647 4196
0 7162 28311 10778
0 7162 12081 28311
0 2885 26443 24598
0 24295 24598 299
0 3464 34795 34999
0 6948 27975 11755
0 27974 6948 13187
0 17118 7183 28347
0 8707 28348 17118
0 27097 28400 7208
0 32519 26738 6281
0 16448 8416 16998
0 34462 28422 4296
0 31698 17602 1745
0 3963 2698 9421
0 15027 32203 9642
0 31720 31480 6742
0 20981 7282 28504
0 9267 34753 24214
0 1098 28533 20552
0 622 28554 33776
0 22291 20555 17859
0 24506 24518 30589
0 15727 11944 28581
0 620 7228 7824
0 4358 645 1727
0 10154 4358 1727
0 440 22401 34469
0 24456 10040 12345
0 8182 16179 28647
0 30225 24356 6096
0 28698 28123 24489
0 7420 28726 34209
0 25227 7420 28727
0 34105 27022 6000
0 8905 19791 30980
0 26280 18580 24278
0 20327 7495 29050
0 33728 16526 6308
0 27805 11425 34149
0 7591 11322 29123
0 34915 24265 26186
0 19156 27095 7579
0 19154 27096 17807
0 29495 20178 13620
0 34839 822 19239
0 8664 30609 19239
0 7607 21333 29240
0 29241 21334 7607
0 34149 19342 15459
0 10035 32607 13034
0 27495 7599 29225
0 18948 10393 9295
0 24212 20328 916
0 26523 20595 26303
0 26318 26524 10523
0 15218 32501 17818
0 16444 28270 7713
0 16536 29410 7722
0 7839 24289 29418
0 635 24523 6566
0 32773 29432 3010
0 4668 29451 10455
0 4668 10455 29897
0 7742 27538 29449
0 10455 7742 29449
0 31608 15217 9232
0 24722 4950 5217
0 5217 4950 35319
0 12828 17892 17636
0 27543 9642 32203
0 16437 5327 29601
0 5327 10040 29601
0 4303 24681 26187
0 20327 4219 7495
0 7858 22386 29639
0 22000 7860 29643
0 7162 10778 29647
0 19432 7867 28285
0 8797 17647 29656
0 19431 8797 29656
0 12942 20182 9434
0 18424 25100 13612
0 11533 9833 18518
0 5251 29796 20407
0 23921 30772 5745
0 33732 28725 2812
0 16551 4840 26992
0 5788 25640 34799
0 29887 5104 32775
0 8703 29887 8001
0 30690 8703 8001
0 30690 8001 32772
0 13623 23592 20760
0 24108 24592 4873
0 12718 24108 14403
0 24508 30211 14408
0 24508 14408 22559
0 14806 29410 16536
0 10295 13273 29408
0 29408 16536 8096
0 6308 16526 19817
0 30175 24704 30182
0 15728 31696 30175
0 5135 18189 30180
0 27538 4276 10510
0 30220 14461 19087
0 26367 14460 19084
0 19085 30221 8172
0 20407 29796 28486
0 10035 13034 30307
0 12200 21636 33914
0 30267 8226 12198
0 30270 8226 5561
0 12198 8226 30270
0 26283 26514 10774
0 26282 26513 23526
0 30454 2099 8296
0 31357 7701 7037
0 12832 21983 1739
0 30370 19795 8397
0 19960 26329 8401
0 19959 14805 26320
0 14834 11686 26329
0 30374 26291 8402
0 19958 30374 8402
0 8408 26313 13067
0 26258 19956 14786
0 26260 14786 19958
0 30375 21169 26297
0 4445 19800 8395
0 8402 19787 30380
0 20025 11682 30380
0 20205 8412 26325
0 26313 11939 14811
0 14835 19960 26330
0 8411 26314 6385
0 8401 19802 30382
0 22762 21172 30383
0 30384 22645 20602
0 14823 18692 30385
0 26354 14823 30385
0 14824 19961 26357
0 30387 26345 14848
0 30388 26332 8413
0 20206 30388 8413
0 14834 26325 16855
0 8412 30389 20180
0 30206 24415 24408
0 16185 24431 32971
0 24431 16185 10391
0 9439 21611 24667
0 30448 34751 24212
0 3327 19820 26260
0 8130 3330 19823
0 27560 19784 3306
0 32446 12765 3363
0 26310 20157 3361
0 30270 5561 25222
0 34598 22772 14475
0 2812 16526 33728
0 15692 13071 34837
0 2812 33728 4117
0 26184 34451 5952
0 4806 13772 10861
0 8517 30572 19261
0 33865 16141 8664
0 8664 18104 30609
0 30610 23088 18104
0 30610 5495 23088
0 30631 19153 24217
0 30632 8679 31481
0 30673 8698 22423
0 26257 25222 8818
0 27832 6846 30677
0 6846 8700 30677
0 24219 10028 32601
0 29887 8703 23352
0 8703 30690 18999
0 6078 1331 23884
0 18721 23884 11344
0 8707 17118 30702
0 30702 14757 8707
0 30707 17859 28348
0 8707 26739 30707
0 12992 18693 30714
0 30757 24540 4974
0 19586 2599 33730
0 30771 24786 22423
0 20696 30770 8745
0 18101 30772 11003
0 7701 13278 7037
0 4829 6015 26319
0 13790 26322 26702
0 9839 26702 20685
0 30833 10381 3674
0 30835 8791 20980
0 10539 8791 30835
0 30842 17647 7867
0 30842 7867 19432
0 34877 8797 19431
0 13187 8797 34877
0 34663 24257 25568
0 8818 26245 25223
0 8907 30888 11992
0 30888 8907 19795
0 30978 19790 8905
0 30981 8906 19790
0 8906 30983 19792
0 8945 19787 30993
0 20088 8945 30993
0 8945 30994 19787
0 20091 30994 8945
0 8946 30995 19788
0 20088 30995 8946
0 30996 20090 8946
0 8946 19788 30996
0 31000 8944 20087
0 19865 8944 31000
0 31002 8944 19865
0 31002 19147 17323
0 8944 31003 19782
0 31004 20087 8947
0 8947 19866 31004
0 8947 31006 19866
0 20092 31006 8947
0 31030 8907 23534
0 8907 31030 19793
0 8907 19793 31031
0 19795 8907 31031
0 31043 8945 20088
0 19866 8945 31043
0 31044 8945 19866
0 31044 20091 8945
0 8946 19865 31045
0 31045 20088 8946
0 29410 31168 7722
0 34356 28311 12081
0 26940 24823 9054
0 10936 6257 24296
0 30633 8679 19152
0 30632 19152 8679
0 27812 6250 9278
0 14542 26962 15782
0 22000 13775 5008
0 7055 19266 3672
0 28616 27542 9749
0 9223 14257 32544
0 32544 33334 9223
0 30252 24358 18706
0 15218 31400 9374
0 33224 9266 31446
0 9266 29383 31446
0 30227 31447 9266
0 31449 15218 17818
0 31449 17818 29382
0 26584 6191 26581
0 16827 2631 32819
0 15524 26210 25166
0 11338 27594 34109
0 1584 35166 31504
0 10393 32571 9295
0 8571 15683 26280
0 5454 4834 31507
0 12942 31720 6742
0 19586 6345 1544
0 5799 35246 11698
0 24289 35362 31696
0 29922 24223 10266
0 5110 24623 32377
0 24665 31558 24435
0 9330 31168 21068
0 31563 12223 23523
0 33130 24278 10467
0 4036 28084 24633
0 21703 4036 24633
0 26763 5412 27164
0 35358 23510 20237
0 27843 24823 25279
0 26549 24685 31628
0 19225 5454 28638
0 19180 9936 34326
0 19225 32729 22481
0 7975 24756 24757
0 15671 31696 35362
0 12816 24265 5193
0 27164 27165 26620
0 7224 32489 9181
0 22437 24331 27539
0 26497 31628 25497
0 3410 31481 9434
0 9439 3919 21611
0 24212 8690 30448
0 31742 9454 13613
0 31742 31743 9454
0 13613 9454 31744
0 5995 8395 19957
0 20205 30381 15027
0 5079 14815 26261
0 14833 27612 4758
0 22616 7228 11967
0 24362 15540 23090
0 6213 20536 381
0 22183 20531 1677
0 15730 14915 35369
0 16526 11007 24426
0 9267 19261 9812
0 27829 5239 16956
0 9421 17602 31698
0 27629 8751 21334
0 8751 27207 21334
0 5463 4834 26991
0 2217 28606 5484
0 13076 25263 12792
0 12792 25263 34729
0 30389 9642 32202
0 24222 32237 9678
0 3058 26440 9623
0 24358 30252 24356
0 32607 5115 24610
0 4358 20772 645
0 7579 6453 19154
0 32340 27763 24280
0 19441 6822 28142
0 21253 32359 24375
0 32360 20327 24704
0 32360 24704 21253
0 20344 24707 32371
0 32371 24707 21266
0 5110 32377 22702
0 24711 32382 16793
0 5299 24210 12074
0 24274 32436 18442
0 14757 26739 8707
0 5496 6174 32973
0 5165 32442 5164
0 32442 12162 5164
0 26323 24373 9860
0 11739 12081 11919
0 33776 28554 4233
0 22663 4233 28554
0 32476 24513 30589
0 7824 27541 620
0 22475 2911 33776
0 19109 2567 962
0 9888 10075 26604
0 12705 32502 9927
0 9927 32502 32503
0 22426 25536 9936
0 32514 11700 20774
0 32519 6281 13169
0 33334 21393 32545
0 34999 17859 20555
0 32570 9847 20861
0 32570 21983 9847
0 32571 21982 9981
0 9981 20861 32572
0 30307 14794 10035
0 21797 29601 10040
0 12345 10040 28185
0 27095 28402 6453
0 29072 24269 24268
0 12239 34930 24025
0 12841 5094 13186
0 25306 7713 5323
0 11648 8201 34301
0 28162 25101 22363
0 8115 16527 11003
0 8115 30772 23921
0 33727 11104 23920
0 28145 5091 22385
0 222 3426 22583
0 645 20328 1727
0 32747 11599 15665
0 32770 5519 32772
0 32770 32772 10195
0 13110 29432 32773
0 18925 10195 32775
0 16826 32817 10241
0 10270 28201 24359
0 12720 20082 27217
0 12154 12165 2710
0 4581 33650 2783
0 20082 6545 27217
0 31563 23523 28485
0 5043 19178 26624
0 8698 12074 24210
0 30672 8698 24210
0 10861 32912 7781
0 13772 32912 10861
0 25539 11700 32514
0 16240 30833 20978
0 30834 20979 10381
0 20980 10381 30833
0 30835 20980 32183
0 16185 32971 5037
0 32972 10391 16185
0 10391 13100 32973
0 16704 16826 10241
0 25332 32979 10399
0 24502 32979 25332
0 17211 25333 24819
0 12993 17099 18694
0 25180 11176 13790
0 6508 20178 29495
0 29897 10455 29449
0 26549 1356 24579
0 25520 17661 33131
0 2764 4963 17660
0 7413 28710 5058
0 7162 28310 12081
0 18877 18040 2218
0 18706 10485 33162
0 10114 33162 10485
0 5748 33163 10486
0 17316 25569 10486
0 24403 27538 10510
0 24403 10510 20834
0 5016 5005 4999
0 33220 10538 6160
0 12207 10538 33220
0 33223 8791 10539
0 12847 9266 33224
0 30835 33225 10539
0 33914 21636 2775
0 9181 32489 21826
0 24341 24770 33281
0 13623 34132 14258
0 29591 25641 23482
0 5522 30448 8690
0 26309 22547 8205
0 23490 13650 32413
0 5117 19791 13254
0 19147 31003 17323
0 31007 20092 8947
0 8664 4167 18104
0 10774 26272 26513
0 28310 29647 28308
0 10778 28311 29649
0 28312 29648 22426
0 29647 10778 28312
0 29639 28285 28305
0 29536 33916 29640
0 5082 34527 34524
0 34527 12188 34524
0 11326 34106 13449
0 11328 34104 27022
0 14321 33538 12223
0 11598 9573 29718
0 34941 34795 3464
0 11939 6001 20025
0 10860 32442 19249
0 32443 10860 22428
0 5465 34972 33617
0 16848 32729 33617
0 34972 10875 33617
0 35165 14218 27495
0 24640 11992 11336
0 24481 9869 30738
0 7901 28647 24408
0 15464 28207 22330
0 7041 18873 5489
0 19595 28115 5489
0 7970 33691 33692
0 21184 9439 24667
0 27763 24283 7997
0 4036 22057 28084
0 24448 8478 31668
0 33225 18902 21308
0 11003 19818 33729
0 6345 19861 33731
0 17122 11473 33732
0 3367 20092 26314
0 20025 14811 11939
0 30979 19794 30375
0 19794 14818 30375
0 25080 31394 30259
0 5341 11648 34301
0 11028 29495 22763
0 27178 14649 11028
0 27783 11038 9782
0 24667 20998 28673
0 7352 28580 10399
0 26340 6022 6722
0 24310 27811 1871
0 2537 2225 24037
0 34972 13613 10875
0 34972 31742 13613
0 31742 28731 31743
0 2410 31608 25184
0 20921 28394 7591
0 26584 26582 6191
0 2359 18836 13700
0 7048 2988 18873
0 11327 20002 6702
0 24449 15122 19781
0 26307 19798 3313
0 12996 28117 22442
0 19815 16537 3324
0 19785 30465 3307
0 27551 11321 7855
0 30386 26355 14847
0 22580 24721 29718
0 15219 24295 299
0 29383 22230 31446
0 11279 27627 27207
0 27627 23162 21332
0 5190 11996 34090
0 24394 12365 26294
0 11996 34091 11315
0 4199 5281 27548
0 27551 11320 34093
0 11320 18101 34094
0 16864 18694 24534
0 11323 19797 5162
0 11562 5162 26262
0 11992 34095 11336
0 26226 20494 27556
0 34100 6404 12726
0 34100 26275 6404
0 27571 11326 8876
0 19786 34104 11328
0 6404 34105 27021
0 12729 34105 6404
0 20002 34106 11326
0 20002 1326 34106
0 34107 18692 6951
0 34107 6951 19593
0 8604 18695 11323
0 8604 11323 26266
0 11334 19593 34108
0 11334 34108 27554
0 27583 11338 7061
0 19823 11338 34109
0 19999 14621 11338
0 11338 14621 27594
0 27555 11344 23884
0 26285 27602 20495
0 11681 35258 20027
0 11344 23356 18721
0 26340 23356 11344
0 34115 11348 19442
0 11335 10394 27547
0 11998 34466 5190
0 5190 34466 34467
0 1921 34974 2075
0 13622 11363 34974
0 11363 34133 14257
0 27906 34133 11363
0 11999 28101 8291
0 24590 24562 28101
0 27635 24340 12683
0 24340 24328 1810
0 32729 19225 28638
0 34147 11423 27811
0 20005 8139 11424
0 27812 11424 34148
0 19816 11425 27805
0 30381 20205 14835
0 34092 11315 27557
0 6292 14797 26240
0 34209 11006 18047
0 34209 28726 11006
0 2812 28725 11007
0 33732 18047 28725
0 34148 11424 16221
0 34588 25539 9935
0 5324 27557 5326
0 6882 5295 5290
0 30443 24460 6362
0 23352 8703 3026
0 8703 18999 3026
0 11518 18998 34876
0 13182 11518 34876
0 9897 2993 20328
0 25227 24435 31558
0 26172 10485 11102
0 33162 11436 24362
0 18714 10486 33163
0 33223 30834 8791
0 24985 4361 24277
0 32747 24277 4361
0 5081 19260 28142
0 9936 25536 34326
0 32644 15391 20784
0 30241 27634 11648
0 18325 9726 7048
0 7048 9726 28127
0 27886 14900 12992
0 26992 4840 17018
0 9935 25539 34327
0 24767 24346 24984
0 24500 9623 26440
0 32160 24497 3023
0 14843 27179 6508
0 10969 11734 34729
0 30841 8797 13187
0 30841 13187 21605
0 27886 12992 34800
0 34800 25641 27886
0 8182 30225 16179
0 8182 28647 2338
0 5640 10399 24819
0 10399 5640 25332
0 24819 24557 17211
0 11848 13101 34394
0 28138 6151 11808
0 6151 19441 11808
0 5316 5317 35007
0 5516 5515 34394
0 11848 11581 13100
0 34394 11581 11848
0 11848 13100 34395
0 34395 9369 11848
0 11734 12792 34729
0 12024 34408 22502
0 33223 8460 24761
0 33222 3792 10984
0 10539 21308 10984
0 33225 21308 10539
0 12377 916 20772
0 26947 11952 27645
0 23090 24664 27843
0 6434 24776 28686
0 15727 34437 7352
0 7352 34437 28580
0 34438 11944 15727
0 24178 11951 33650
0 34425 17588 11961
0 5468 27776 27629
0 28428 22616 11967
0 4286 14829 28428
0 28422 22641 7835
0 14823 28422 34462
0 1570 14832 28606
0 5123 4729 24523
0 30981 23535 11995
0 24640 34111 24613
0 24641 34091 11996
0 31030 23534 19219
0 30983 23536 19220
0 24614 24643 34092
0 19221 30880 23537
0 34467 24613 24641
0 34090 11996 24643
0 5239 3837 24612
0 30211 24513 11999
0 32428 32570 20861
0 9981 32428 20861
0 32841 10269 12006
0 24586 24688 8878
0 29536 7867 17647
0 7858 28305 10779
0 29639 28305 7858
0 4188 12059 34495
0 28312 10778 7863
0 28312 7863 29648
0 12161 27496 2262
0 27494 24148 14915
0 24146 12161 27497
0 6724 35205 9982
0 19247 3090 6692
0 24731 24451 22646
0 12207 33220 24110
0 12221 33539 3893
0 5431 23490 32413
0 23523 12223 33538
0 21068 33539 12223
0 27739 24214 12238
0 14433 33726 23919
0 15608 24678 24472
0 21874 16551 26620
0 13550 4953 8024
0 13775 22000 29643
0 30454 8486 24961
0 24453 24459 24331
0 24453 24458 24459
0 16444 7713 5614
0 7713 25306 5614
0 24454 30835 32183
0 30835 24454 33225
0 7742 6685 27538
0 12397 5501 30220
0 32659 26369 12397
0 19068 28548 27089
0 14217 24214 24782
0 5084 17636 13695
0 24690 34086 20773
0 22351 24346 32592
0 24346 28482 32592
0 32502 24758 34619
0 14166 12993 25637
0 20026 26185 12482
0 32515 9936 19180
0 6174 32456 21403
0 9223 25081 14257
0 4997 26514 4996
0 24472 16292 24478
0 6540 6710 17319
0 5033 26309 8205
0 24108 26319 5542
0 5225 19795 30370
0 25100 18424 24688
0 14830 28616 23408
0 32446 9610 12765
0 15355 34687 26443
0 26564 34687 15355
0 11028 6508 29495
0 24497 32160 9918
0 24668 12705 32501
0 12705 24669 32502
0 7871 12706 24669
0 24670 24757 13362
0 3963 9421 6503
0 1714 12720 19007
0 12720 27217 34703
0 18691 34100 12726
0 12729 27022 34105
0 13449 34106 26275
0 27022 34104 26283
0 12726 27021 34705
0 26275 34103 12729
0 27021 34105 26282
0 15217 29383 9266
0 12847 33224 11598
0 12847 11598 29718
0 35319 15219 304
0 22230 31449 29382
0 24722 24236 17144
0 24722 17144 4950
0 33225 24454 18902
0 24721 29380 30227
0 30379 19821 8400
0 6001 19958 8402
0 18894 28402 27095
0 5022 3052 12814
0 11088 24782 24238
0 18229 31668 23938
0 28547 27089 12871
0 19364 13075 24240
0 30448 4891 34751
0 34751 4891 34290
0 29383 31608 2410
0 24755 24760 24450
0 8679 19153 30631
0 20574 12188 34527
0 6822 19441 14815
0 30631 31480 31720
0 34930 24683 24025
0 25084 12955 13180
0 13562 26581 25084
0 35246 17290 3706
0 24713 29739 16793
0 12982 15652 5009
0 14900 16824 12992
0 14899 17099 12993
0 24731 31696 15728
0 12997 28118 6538
0 27209 28119 12997
0 28113 28111 12998
0 12998 28112 3316
0 12998 3316 28114
0 5542 26319 24562
0 24415 24413 9840
0 5408 24265 12816
0 5115 32377 24610
0 33220 6160 26524
0 2989 17679 21957
0 17679 18878 23026
0 24211 30672 25349
0 26498 25227 31558
0 30771 22423 8745
0 10241 22097 15730
0 32819 2631 10241
0 34394 13101 25296
0 25299 25298 15304
0 25296 5613 13103
0 13103 5613 25297
0 25296 13101 5613
0 13010 13102 25298
0 13010 25306 13102
0 13103 25297 34856
0 24391 15728 24378
0 24663 5452 5196
0 24663 29447 5452
0 12992 30714 34800
0 27541 15455 4987
0 32476 30589 31292
0 19332 4185 13170
0 32519 22304 26738
0 5355 19822 3329
0 5446 21340 22392
0 13176 19434 13339
0 15367 34705 4945
0 13186 5094 10779
0 4880 24187 34425
0 13191 19429 4967
0 24331 24459 27539
0 11951 24177 33650
0 29640 33916 13186
0 24704 20327 30182
0 13110 5518 29432
0 24232 25044 30436
0 26940 9054 7095
0 33334 32545 9223
0 24447 7895 5444
0 32021 28084 17144
0 22252 34905 2031
0 34663 25568 22661
0 13002 30442 14166
0 27739 12238 8478
0 35166 13185 31504
0 3596 3071 20774
0 5522 4884 13346
0 17290 18040 18877
0 23450 24681 24518
0 5922 5414 26964
0 24108 5542 24592
0 7591 29123 3651
0 26245 24111 4830
0 8818 25223 5993
0 13749 34795 34941
0 24984 30673 24786
0 5131 30859 5124
0 13102 9454 31743
0 5323 24077 19254
0 23062 5215 30307
0 22968 9674 5417
0 6191 26582 12955
0 25084 6191 12955
0 13576 11960 26582
0 6257 24690 18424
0 16793 841 29370
0 29887 32775 8001
0 25044 34133 27906
0 11363 14257 34974
0 13623 24450 23592
0 13623 14258 24450
0 24594 24762 24631
0 13700 26584 26581
0 24592 24562 24590
0 388 7055 33916
0 12725 4942 4943
0 19815 24310 24311
0 24311 24310 20157
0 24396 4896 4898
0 19820 10515 13254
0 5972 19823 5165
0 4276 23122 22583
0 4172 3186 19433
0 13568 13695 19434
0 13568 19434 3186
0 26584 13576 26582
0 11651 32668 20957
0 4917 26524 26318
0 34999 34795 17859
0 30381 32203 15027
0 28222 22304 28202
0 21982 32428 9981
0 21982 4010 32428
0 5465 33617 5455
0 35007 5317 4840
0 6265 20210 8788
0 6265 8788 26703
0 22646 811 10409
0 10409 811 25180
0 8788 20685 20157
0 10409 22647 29418
0 13790 24393 26322
0 22645 24393 13790
0 22502 4246 23354
0 27975 34669 11755
0 14542 13522 26991
0 10538 26523 6160
0 10154 28506 22772
0 10154 22772 4358
0 27553 26225 20494
0 4916 26231 13860
0 5162 19797 8130
0 6014 26522 26317
0 19786 3188 14038
0 30463 4916 20024
0 30464 5161 20027
0 30465 19785 4995
0 21174 30387 8410
0 8410 30387 30377
0 27594 5165 34109
0 27554 20496 26233
0 5362 14835 26330
0 30377 2242 26355
0 34111 11336 27553
0 9397 5311 26357
0 10593 25346 21952
0 24478 25345 7125
0 30436 26940 28207
0 35165 18948 14218
0 14219 31504 29226
0 27495 29225 17540
0 14964 32572 24789
0 14218 24789 29224
0 29226 17540 11672
0 34111 24640 11336
0 11992 30888 34095
0 32544 14257 34133
0 14258 25080 24450
0 25081 34974 14257
0 17350 25081 31395
0 24669 12706 24758
0 26686 24692 18158
0 18158 24692 24961
0 35166 17170 32975
0 24711 28123 28698
0 24680 24681 23450
0 13622 1921 23591
0 34132 13623 20760
0 26524 6160 10523
0 8907 11992 23534
0 4621 11998 23537
0 5419 5417 31139
0 14393 32159 26624
0 30323 14403 24109
0 27811 29603 1871
0 14408 24117 30321
0 4355 11028 22763
0 15604 22583 24679
0 7045 4906 34588
0 19441 28142 7054
0 25080 24755 24450
0 19087 14461 18893
0 30220 5499 14461
0 34837 14463 35295
0 24232 30436 28207
0 27739 14163 24214
0 2262 27496 35293
0 30672 24211 22424
0 5420 28465 21534
0 34093 34094 18693
0 20156 8407 30376
0 30738 19818 8097
0 11322 34101 20001
0 6002 27554 26233
0 5131 5121 19220
0 5121 30983 19220
0 13169 26736 5183
0 19790 30982 3310
0 30982 8906 19792
0 20001 7855 11321
0 11315 34091 26226
0 27597 14833 4758
0 27597 7224 28603
0 31001 8944 19782
0 5318 3753 5922
0 14757 19068 26739
0 5506 14757 30702
0 18069 30706 26738
0 26739 18069 30707
0 22307 26281 24396
0 22307 24396 29410
0 26232 27576 14796
0 12718 14403 30323
0 22307 6705 26281
0 27596 22307 14806
0 35253 27612 14824
0 14833 27607 27612
0 9642 30389 18427
0 15027 8412 20205
0 8401 11300 19802
0 26329 11300 8401
0 27575 14796 27561
0 27561 14796 27576
0 20025 8205 14811
0 14824 10609 19961
0 27612 10609 14824
0 27578 6720 14822
0 20156 35257 8407
0 8407 35257 26228
0 4286 11967 22615
0 4286 28428 11967
0 26297 21169 2227
0 19794 5117 14818
0 11348 34115 26335
0 26292 14822 11842
0 14828 27571 26349
0 27573 14828 7281
0 14830 5029 28616
0 5029 14830 26350
0 14830 27573 35260
0 26350 14830 35260
0 2235 14829 27617
0 14829 2235 28428
0 14815 1333 27611
0 27611 27578 14822
0 27573 27617 14828
0 27617 27571 14828
0 26314 14836 2240
0 30321 2240 14836
0 21171 27615 14848
0 6716 14813 27577
0 6716 26311 14813
0 8403 3313 19798
0 21172 19962 8409
0 6027 21172 22762
0 8411 20101 6015
0 4296 28422 7835
0 26261 14815 27611
0 26292 27611 14822
0 27577 14813 27596
0 6020 19960 8401
0 6020 30382 27613
0 35263 27614 14833
0 35263 14833 27597
0 6721 27613 14841
0 27620 24452 21173
0 26314 2240 6385
0 22645 6024 20602
0 7605 26706 6267
0 27642 27808 20453
0 14896 30442 24202
0 27885 34799 25640
0 35278 24202 34798
0 14900 25637 16824
0 24201 17099 14899
0 30443 35278 27885
0 34799 14900 27886
0 34793 19662 20531
0 5361 381 20536
0 15041 6827 27644
0 22502 34408 13538
0 32503 24594 9927
0 10391 34395 13100
0 35351 29613 24717
0 6827 14912 27644
0 6827 27809 14912
0 1714 20082 12720
0 24752 6129 23861
0 24695 24182 26564
0 4557 26505 23428
0 16848 22481 32729
0 30368 2218 4845
0 28075 33480 12154
0 12475 21016 24734
0 24734 24317 15165
0 24594 24631 29382
0 24380 222 15604
0 24341 22087 24770
0 24341 27810 22087
0 48 15217 31447
0 15217 31608 29383
0 15219 35319 24295
0 15218 31449 31400
0 24557 15218 17211
0 9374 31400 25184
0 30888 5225 34095
0 16793 29739 27542
0 22410 28201 7091
0 16533 1544 33731
0 24984 24346 22351
0 24437 23510 20344
0 2989 8394 18878
0 23007 24484 20921
0 15355 5547 26564
0 24236 32021 17144
0 24700 24701 29922
0 24219 15391 10028
0 25515 6855 2523
0 20921 7591 3651
0 2997 27097 12808
0 18893 14461 28400
0 15414 18579 19433
0 15414 29257 18579
0 7701 31357 19364
0 16221 11424 3069
0 24751 1257 24345
0 23483 2783 24413
0 6862 26210 15524
0 8698 30673 12074
0 11279 6538 27627
0 6040 32659 12397
0 24691 24034 26443
0 24380 24679 15608
0 22351 32592 11599
0 32592 28482 11090
0 15683 24277 32747
0 15671 26503 30175
0 15671 24702 26503
0 31696 15671 30175
0 20497 26342 4384
0 15692 15691 13071
0 22183 1677 4089
0 10396 24503 24499
0 33865 7113 16141
0 24712 30549 13469
0 28580 34437 24668
0 15727 28581 34437
0 15730 22097 32694
0 35369 10241 15730
0 26498 5943 25227
0 15322 26498 35358
0 24666 27843 25279
0 34086 24961 8486
0 24502 25332 12239
0 32503 32502 34619
1 10458 12783 12272
1 33097 33043 18496
1 17531 33111 18591
1 33902 34615 159
1 16051 6097 35373
1 8254 451 12233
1 21702 16961 21985
1 30147 13743 33993
1 11288 8258 34536
1 24008 21668 21767
1 21373 33401 34333
1 24007 27824 21666
1 13758 6664 156
1 860 437 34017
1 167 154 170
1 35378 33069 16281
1 451 33203 33911
1 33395 13858 2826
1 156 4318 1230
1 20705 681 33449
1 10029 33449 681
1 1497 21280 8254
1 318 17103 16080
1 16568 1565 8263
1 4323 1717 17103
1 16072 17103 1717
1 9086 13738 27901
1 1267 4316 6656
1 1890 6652 6656
1 8274 10029 1972
1 10029 33977 1972
1 33230 33228 33360
1 26179 13864 1702
1 2036 12245 8259
1 33196 12245 2036
1 21370 4518 33403
1 20705 17439 28692
1 151 154 160
1 163 154 159
1 20499 6664 13758
1 8259 12245 12666
1 15917 33194 25420
1 33927 33926 21328
1 21448 34615 8271
1 27901 33993 9086
1 21656 13743 30157
1 21767 20325 30571
1 8601 21385 30571
1 1497 8254 33975
1 21662 27814 452
1 3303 21167 33206
1 6663 156 6664
1 33993 13743 9086
1 33118 33060 759
1 15758 32657 11633
1 32660 21660 21737
1 12362 4404 8274
1 33975 33993 21394
1 10410 24054 35329
1 6656 35300 21697
1 32719 1108 17088
1 20705 1108 681
1 16314 9691 18140
1 22186 33454 4192
1 34068 22186 4192
1 33927 4481 12250
1 10194 27819 13857
1 33976 10194 13857
1 8274 4404 10029
1 27819 13853 6683
1 33393 675 4610
1 12026 33064 33060
1 28692 5410 34898
1 28584 1972 33977
1 21280 3784 33205
1 21670 17537 30144
1 6885 33054 33096
1 11603 5882 33184
1 16080 16072 12245
1 30172 27825 5410
1 21316 2036 8259
1 33120 12620 5647
1 5647 33906 33120
1 33976 33991 1565
1 33757 13933 13926
1 33757 13926 32660
1 34017 33053 860
1 33053 4318 860
1 33444 33400 44
1 27901 13738 30181
1 33045 17453 34020
1 6834 4323 20400
1 27825 30172 31314
1 18393 27814 12883
1 33980 33454 21462
1 26188 12304 17853
1 21697 1890 6656
1 24031 21651 22610
1 35300 6656 12026
1 6656 4316 12026
1 12371 21159 33185
1 21153 12272 12371
1 154 138 144
1 12368 8274 8273
1 13907 13847 7694
1 7694 13847 21660
1 8308 18092 1850
1 451 33911 12233
1 13864 7490 33983
1 10458 12272 21153
1 21338 8267 16953
1 11447 33911 33203
1 8308 1850 12636
1 8252 21275 21159
1 6663 3181 4318
1 7823 8271 21365
1 33985 29054 21265
1 16143 33062 17424
1 27 15282 21647
1 17544 20432 34306
1 33085 17424 33062
1 13853 13094 6683
1 13853 27819 10194
1 33976 13853 10194
1 9086 13743 23985
1 8034 8248 33232
1 29265 10410 13773
1 8251 12783 10458
1 8251 10458 21153
1 21662 452 22121
1 33978 10328 13864
1 27909 13738 17154
1 33979 13643 30144
1 18077 32909 20342
1 24055 20432 17351
1 12529 6097 24054
1 23985 21656 6669
1 28583 33449 10029
1 8270 28583 10029
1 12647 33083 1700
1 13847 21657 9139
1 21657 20391 9139
1 10410 35329 13773
1 33113 17150 18732
1 21471 8259 21419
1 21448 33396 170
1 12272 12783 9063
1 33929 17406 12362
1 35372 17998 6644
1 12272 9063 26625
1 33981 26625 9063
1 28435 28430 13933
1 12647 33061 33083
1 13847 9139 21660
1 9139 20391 21660
1 8274 1972 28584
1 35299 8289 16877
1 21419 13946 21471
1 21471 8261 8260
1 12371 8289 21159
1 11603 2070 33908
1 29265 24054 10410
1 21418 11288 8257
1 27241 1267 35190
1 156 1230 33096
1 33978 8245 8244
1 8244 26616 33978
1 12341 12343 33930
1 8034 33232 34332
1 25420 33194 34564
1 33207 17855 16064
1 26622 8256 21167
1 13406 12883 13946
1 33386 21265 11633
1 13085 21697 24031
1 33064 12026 4316
1 16953 8268 21338
1 21338 8268 12359
1 4316 7943 33064
1 1702 13864 10328
1 6028 21397 26622
1 21670 18151 29847
1 21418 5957 22175
1 12220 8244 8245
1 44 23 36
1 8245 8034 33233
1 33124 18289 33062
1 44 33400 42
1 33102 33124 18535
1 33061 12647 12026
1 21662 6678 28030
1 12666 12245 8258
1 22175 12666 8258
1 17869 29847 4312
1 13646 1702 33444
1 21321 33194 21316
1 13965 7628 7337
1 21373 8249 29112
1 3784 8294 2829
1 17069 29264 16568
1 21448 8271 7823
1 33396 21448 7823
1 33386 12401 30147
1 30157 30147 12401
1 437 860 33059
1 5647 12620 34826
1 6669 29557 23985
1 33386 11633 12401
1 30157 12401 11633
1 23384 18257 14903
1 33976 1565 13853
1 33906 33189 33120
1 33189 33906 33226
1 13094 31211 6683
1 16645 6652 18977
1 437 32763 33182
1 21471 16725 8261
1 13965 16725 21471
1 21418 28435 33445
1 17011 12301 35280
1 8271 12301 17011
1 4327 33065 17828
1 33041 17998 35375
1 138 154 131
1 12620 33064 7943
1 318 33040 8556
1 23982 21656 32657
1 21656 30157 32657
1 3170 22186 22610
1 21670 17375 17537
1 21418 8258 11288
1 140 21392 21394
1 318 8556 17103
1 27905 24008 21385
1 6885 33096 13370
1 20560 6834 20400
1 13926 13933 28430
1 163 21448 170
1 12341 21316 8260
1 21321 34564 33194
1 12529 24054 28030
1 12324 21275 15912
1 12260 33214 16084
1 8263 33926 12250
1 21280 1497 8294
1 4312 17577 17869
1 21321 12341 33930
1 33191 12250 4481
1 16080 12245 33196
1 8231 8294 33975
1 8231 33975 21394
1 16314 33069 33087
1 12314 7930 21375
1 7930 12314 33230
1 33096 33053 13370
1 20401 28081 12529
1 12529 35373 6097
1 17828 32783 20416
1 21668 20423 13575
1 4610 18220 34306
1 4610 34306 18537
1 21419 22175 13406
1 34536 8258 12245
1 12233 16150 8254
1 21386 8254 16150
1 33111 33184 33185
1 14346 21385 8601
1 27824 17723 21666
1 16640 33757 32660
1 32660 21737 16640
1 34826 33906 5647
1 16051 35373 33040
1 33386 33975 21388
1 156 33096 13758
1 15040 21697 35300
1 20416 32783 24055
1 33063 33085 33062
1 27814 24054 27801
1 21153 33908 34433
1 21436 8268 16953
1 27814 28030 24054
1 35299 8252 8289
1 12883 27814 27801
1 6664 21656 23982
1 163 170 154
1 20257 33203 21280
1 33203 20257 33126
1 33064 12620 33120
1 17154 23985 29557
1 16064 33094 33039
1 21697 34069 1890
1 33101 33063 33062
1 33189 33226 21264
1 12359 8269 17517
1 34 23 42
1 20499 17742 6664
1 21656 6664 17742
1 33395 14673 13858
1 20432 13858 14673
1 14083 21385 13643
1 33979 14083 13643
1 21462 8251 8250
1 7490 26179 20722
1 32719 30194 1108
1 33930 6498 33183
1 33395 34306 14673
1 20432 14673 34306
1 15717 28505 33447
1 8269 28505 15717
1 33905 33124 33102
1 16317 16028 4599
1 12543 12589 17957
1 16143 18535 33062
1 2829 8294 8231
1 8262 33990 17069
1 21462 22186 12783
1 8251 21462 12783
1 11447 33182 33911
1 11447 34017 33182
1 26616 34 42
1 33053 1230 4318
1 10857 24036 32657
1 32657 24036 21654
1 16317 13647 20722
1 13647 16317 4599
1 27241 33080 33057
1 12647 15040 12026
1 13760 33757 16640
1 16640 21737 13760
1 8262 8263 12250
1 8262 16568 8263
1 5882 21153 12371
1 1565 33991 17472
1 33391 21436 2826
1 11447 6885 13370
1 28430 26622 21397
1 7490 4518 33983
1 21436 23499 2826
1 28584 33389 21365
1 26188 28584 21365
1 28505 21436 33448
1 28505 8268 21436
1 13646 17538 26179
1 20401 12529 28030
1 21328 16876 16000
1 21328 16000 33181
1 452 13760 22121
1 13760 452 9729
1 34019 15102 12443
1 8271 12304 26188
1 36 27 27865
1 15770 23499 8267
1 4323 6834 33042
1 8556 28081 17103
1 21370 8248 33983
1 33983 4518 21370
1 12258 8308 15770
1 12258 15770 8267
1 21436 16953 8267
1 33129 33207 33201
1 7337 7628 17069
1 17069 33990 7337
1 12260 16098 12359
1 16309 17299 21737
1 35190 1267 6652
1 21737 12522 16309
1 34332 33232 33905
1 17103 16072 16080
1 9063 12783 3170
1 13094 7628 13773
1 13094 13773 11950
1 21657 21773 20391
1 8244 12220 33212
1 28 33212 20
1 33212 15 20
1 8270 8269 28583
1 12360 8269 8270
1 33045 34020 33068
1 8267 23499 21436
1 20499 16063 6669
1 21338 33218 33192
1 33194 33196 21316
1 8262 17069 16568
1 12343 8261 17084
1 17084 8261 33990
1 6697 17088 28692
1 17088 20705 28692
1 20391 17923 21660
1 318 33194 15917
1 318 15917 33040
1 33929 17785 33214
1 318 16080 33196
1 35190 6652 20355
1 16645 20355 6652
1 8274 28584 8273
1 13793 17131 17878
1 24007 21666 6696
1 34826 33057 33101
1 33360 34826 33101
1 33391 13858 17168
1 28435 21418 8257
1 17723 17461 21666
1 13858 24055 17461
1 20342 35381 18332
1 7965 20342 18332
1 21670 29847 17375
1 21666 32783 12543
1 12543 32783 12589
1 20722 26179 16028
1 28635 33206 16064
1 21647 27865 27
1 12304 17011 14903
1 8271 17011 12304
1 35190 33080 27241
1 33979 7823 21365
1 12250 6498 8262
1 17406 12360 8270
1 12522 7979 16346
1 8268 8269 12359
1 33040 25420 15999
1 27865 33444 44
1 21392 8231 21394
1 12522 12520 7979
1 33188 12362 33657
1 26622 21167 6028
1 17284 27909 17154
1 16008 18605 16333
1 35374 16008 17798
1 17439 30172 5410
1 4323 6678 20400
1 17299 13760 21737
1 33115 34021 33070
1 34021 33115 33183
1 19115 18910 33121
1 14346 13643 21385
1 20325 21767 21668
1 17878 17351 20432
1 17351 17878 24978
1 15999 16051 33040
1 17375 29847 151
1 17375 151 160
1 21338 17139 8267
1 17577 17663 131
1 17139 12258 8267
1 12260 1851 16098
1 33044 33042 6834
1 33129 33042 33044
1 21748 18077 7718
1 17424 33085 16458
1 6097 7983 10248
1 10248 35329 6097
1 33201 34536 12245
1 33201 12245 16072
1 28425 13847 13907
1 20705 33449 17439
1 16568 29264 13853
1 23384 14903 35280
1 33192 17453 33123
1 12520 12522 6676
1 12889 25143 18165
1 12343 17084 8262
1 8262 17084 33990
1 18165 18488 12889
1 17088 1108 20705
1 21666 17461 32783
1 20342 7965 7718
1 7983 6097 16051
1 4328 6696 12543
1 33115 33070 33088
1 7490 20599 4518
1 27867 13647 13014
1 21690 13014 13647
1 8308 23499 15770
1 32909 17581 20342
1 26179 7490 13864
1 18042 12301 33902
1 33054 28190 16063
1 33123 18433 12258
1 18160 33192 33123
1 17139 33192 18160
1 18195 33087 18605
1 8248 33230 33232
1 33186 33232 33230
1 7718 7965 8577
1 17517 12260 12359
1 20325 21668 13575
1 17537 160 30144
1 17537 17375 160
1 18220 17544 34306
1 13793 17878 17544
1 21668 6697 20423
1 21668 32719 6697
1 4320 21773 21719
1 13738 9086 23985
1 33068 18633 4328
1 33090 7965 18332
1 21748 1049 18077
1 9691 34898 18488
1 16237 16085 33188
1 16237 18605 16085
1 17581 35381 20342
1 7628 13094 29264
1 151 17869 145
1 17069 7628 29264
1 1851 33068 34020
1 1851 34020 33218
1 20406 20404 12464
1 8273 28584 26188
1 16268 17851 17798
1 151 145 154
1 154 145 136
1 17577 131 136
1 17439 5410 28692
1 16028 16317 20722
1 13853 1565 16568
1 7983 16051 15999
1 13965 13773 7628
1 13646 26179 1702
1 26179 17538 16028
1 20599 7490 20722
1 4380 33093 33066
1 17663 23115 23384
1 33113 34023 33066
1 33114 33927 17761
1 17705 33081 19124
1 21670 8601 18151
1 18257 15950 14903
1 18633 25143 6696
1 11374 18496 28190
1 7943 1267 27241
1 16309 16346 35376
1 17998 31592 35375
1 131 154 136
1 33041 33119 15950
1 13858 17461 17723
1 4599 16028 20351
1 12304 14903 17732
1 16008 16333 17798
1 33116 17798 16333
1 33214 35378 16084
1 131 17663 138
1 29557 16018 18502
1 4327 34023 33065
1 16309 12522 16346
1 18209 34025 16268
1 33188 33929 12362
1 33094 35376 16346
1 35371 18781 34018
1 35376 33094 33044
1 17723 27824 17168
1 21265 21386 15912
1 16414 33086 3019
1 12543 17957 4328
1 16414 1851 33086
1 16018 18496 33043
1 16018 33043 17121
1 33090 18332 33047
1 21719 21657 17284
1 21657 27909 17284
1 16098 1851 33218
1 12359 16098 33218
1 12464 20404 18163
1 28583 33447 17776
1 30172 17776 33447
1 16084 33086 1851
1 35378 17785 33069
1 17785 35378 33214
1 16018 18620 28190
1 4599 16143 17424
1 16085 18605 33087
1 18633 33068 16414
1 1851 16414 33068
1 33095 18563 4314
1 16458 4315 21686
1 16458 33085 4315
1 7979 10255 33039
1 33902 159 154
1 144 33902 154
1 4329 33087 18195
1 33092 35380 8577
1 33086 16281 18140
1 16281 16314 18140
1 16268 7944 17851
1 20423 18195 35374
1 35374 18195 16008
1 18732 18949 12636
1 4380 17431 35380
1 4380 35380 33093
1 12464 33091 17707
1 17707 20406 12464
1 20391 17897 23973
1 8270 4404 17406
1 26188 17853 8273
1 17853 12368 8273
1 6683 20406 17581
1 6696 25143 12889
1 12304 33195 17853
1 33218 21338 12359
1 33123 33045 34829
1 20415 17131 21748
1 5410 27825 25191
1 17869 136 145
1 17461 24055 32783
1 18222 10981 6697
1 16143 18771 18535
1 20391 21773 17897
1 24007 27825 18143
1 18620 16018 29557
1 12520 23973 10255
1 33097 17877 33925
1 17770 33097 33925
1 18289 33186 33101
1 20401 28030 6678
1 17577 23115 17663
1 24007 18143 27824
1 18620 6669 16063
1 4329 9691 16314
1 34898 9691 18222
1 6658 33471 16352
1 27819 32909 18077
1 20560 20400 22121
1 144 138 18042
1 20325 13575 7944
1 33068 4328 17957
1 12260 16084 1851
1 15 33212 6003
1 18257 23384 17989
1 6644 15950 17989
1 18195 18605 16008
1 33116 33188 33235
1 33657 33235 33188
1 17424 16458 21686
1 8601 20324 18151
1 6696 21666 12543
1 33116 16237 33188
1 21719 17284 17154
1 12258 18092 8308
1 4315 33085 33080
1 8601 31592 20324
1 21265 15758 11633
1 16028 18380 20351
1 16028 17538 18380
1 10248 7983 28495
1 17869 17577 136
1 33981 9063 3170
1 18143 31314 27824
1 33070 28495 33088
1 32909 6683 17581
1 20351 18771 4599
1 12258 18160 33123
1 17139 18160 12258
1 18163 20404 18259
1 20560 22121 17299
1 18140 9691 18165
1 18151 20324 4312
1 17663 18042 138
1 33115 33088 25420
1 21265 33386 21386
1 21388 21386 33386
1 12589 17828 34829
1 6658 23974 16204
1 18163 10248 28495
1 28692 18222 6697
1 33926 17472 21328
1 18915 17538 13646
1 33926 33927 12250
1 17538 18915 3018
1 16309 20560 17299
1 21773 4320 17897
1 25143 18633 3019
1 21719 17121 4320
1 18077 20342 7718
1 12520 10255 7979
1 33205 11374 18255
1 28190 18255 11374
1 15950 18257 17989
1 18259 11950 10248
1 18488 34898 25191
1 32929 30181 13847
1 33047 35381 33091
1 16000 18651 33181
1 17923 12520 6676
1 7983 15999 33088
1 35378 33086 16084
1 18289 33101 33062
1 21737 6676 12522
1 26625 27793 16877
1 10857 32657 15758
1 17998 20324 31592
1 16064 17855 33094
1 12589 32783 17828
1 33095 33056 33099
1 20560 16309 35376
1 17851 7944 13575
1 33929 16085 17785
1 33080 35190 4315
1 27825 24007 18343
1 10981 4329 18195
1 21660 6676 21737
1 10 23 15
1 23 20 15
1 19115 33121 3303
1 20324 35372 4312
1 16085 33929 33188
1 3018 4314 18380
1 4327 24978 4380
1 15999 25420 33088
1 12360 17406 33214
1 18042 33902 144
1 33093 17150 33113
1 18380 4314 18563
1 33184 33111 17531
1 18163 18259 10248
1 20423 10981 18195
1 20423 6697 10981
1 18433 33123 33065
1 33985 35299 33387
1 33985 8252 35299
1 16282 21651 6657
1 16282 22610 21651
1 12889 18343 6696
1 33045 33123 17453
1 16018 28190 18496
1 35376 6834 20560
1 12889 18488 25191
1 33047 33091 33114
1 17154 18502 21719
1 18535 33124 33062
1 20432 24055 13858
1 15950 17732 14903
1 2829 8231 21392
1 18620 29557 6669
1 12368 33195 33235
1 33195 34025 33235
1 33089 33097 17770
1 4327 17828 20416
1 4327 20416 24978
1 17923 23973 12520
1 15987 21391 8295
1 32929 21391 15987
1 10857 30170 13708
1 18502 17121 21719
1 34021 33091 33055
1 12220 8245 33233
1 5262 20351 18563
1 17998 33041 6644
1 13575 20423 35374
1 15236 33111 33185
1 17431 17878 17131
1 8375 21432 33393
1 17761 33090 33047
1 17798 18209 16268
1 151 29847 17869
1 17785 16085 33087
1 33121 18910 22117
1 17957 33045 33068
1 30181 27909 13847
1 21657 13847 27909
1 18923 12277 21167
1 33111 15236 33084
1 9691 18488 18165
1 17828 33065 34829
1 14011 13857 16217
1 18140 3019 33086
1 33976 13857 14011
1 33976 14011 33991
1 18633 16414 3019
1 34068 4192 13085
1 24036 16961 21033
1 33047 18332 35381
1 35376 33044 6834
1 33185 33184 12371
1 140 30181 32929
1 32929 21392 140
1 33105 7944 16268
1 4599 21686 13647
1 18163 28495 33070
1 33116 18605 16237
1 35374 17798 17851
1 17761 33927 34018
1 9691 10981 18222
1 9691 4329 10981
1 21686 20355 21690
1 4315 20355 21686
1 33069 16314 16281
1 33105 34025 33041
1 12636 17089 8375
1 18771 16143 4599
1 23974 13686 6804
1 35372 6644 17989
1 18771 20351 5262
1 33105 35375 7944
1 16645 21690 20355
1 1700 6657 12647
1 12647 6657 15040
1 33105 33041 35375
1 4312 17989 23115
1 33089 4320 33043
1 35375 20325 7944
1 4599 17424 21686
1 18535 5262 33095
1 13857 27819 1049
1 18077 1049 27819
1 18380 18563 20351
1 17837 8307 16876
1 16877 8289 26625
1 33056 17705 33099
1 34021 33055 33070
1 10 12 23
1 5262 18563 33095
1 18633 6696 4328
1 15236 34019 33084
1 4329 16314 33087
1 18535 18771 5262
1 35380 20415 8577
1 13847 28425 32929
1 28425 21391 32929
1 23 12 18
1 12443 16352 33084
1 6804 3170 22610
1 16282 6804 22610
1 33113 1850 33928
1 11374 33197 33097
1 13646 33444 27865
1 13646 27865 18915
1 18963 16093 12443
1 1049 21748 13793
1 1049 13793 16217
1 33926 8263 17472
1 18433 33928 12258
1 33184 17531 11603
1 6658 16204 33471
1 4610 675 18220
1 6657 33471 16204
1 11603 17531 6117
1 1700 33471 6657
1 34023 33113 33928
1 33387 30170 10857
1 33908 21153 5882
1 12566 20386 21702
1 21702 15102 12566
1 12443 33084 34019
1 21328 18607 33927
1 16217 675 33393
1 12371 33184 5882
1 12636 8375 18994
1 4320 34699 17897
1 31578 33187 18865
1 7904 18865 33187
1 18496 11374 33097
1 18537 3757 18994
1 16217 13793 675
1 33097 33089 33043
1 18776 15987 8295
1 6652 1267 6656
1 33925 17877 21287
1 17877 26973 21287
1 21328 17472 8264
1 21328 8264 16876
1 8264 17837 16876
1 17705 33193 33099
1 33925 21287 12277
1 33925 12277 18923
1 14011 21432 33991
1 21432 8264 33991
1 18915 17075 3018
1 17075 17386 3018
1 17089 8307 8375
1 17089 18949 8307
1 6028 21167 12277
1 12277 21397 6028
1 33097 33197 17877
1 7965 35371 8577
1 7965 18781 35371
1 20415 17431 17131
1 35380 17431 20415
1 33206 19115 3303
1 4314 17386 33056
1 33393 21432 14011
1 18651 17150 35371
1 35371 17150 33092
1 12566 15102 33059
1 21748 7718 20415
1 7718 8577 20415
1 8295 12277 21287
1 21985 18246 18963
1 23974 6804 16282
1 35380 33092 33093
1 33093 33092 17150
1 27865 44 36
1 35371 33092 8577
1 33056 33081 17705
1 17386 33081 33056
1 34699 22117 17897
1 17531 18591 6117
1 17985 27793 26625
1 13686 27793 17985
1 16204 23974 6657
1 23974 16282 6657
1 16961 21702 21033
1 20386 21033 21702
1 10328 33978 33400
1 35371 33181 18651
1 6261 30170 18560
1 1565 17472 8263
1 21670 14346 8601
1 21670 13643 14346
1 5 31578 18865
1 8375 33393 4610
1 21985 18709 18246
1 16093 16352 12443
1 18709 21985 13708
1 675 13793 18220
1 16217 13857 1049
1 13682 16093 18246
1 18963 15102 21702
1 13738 23985 17154
1 32929 15987 21392
1 17472 33991 8264
1 33471 6117 18591
1 34014 15 6003
1 10 15 34014
1 27 18 15282
1 8308 12636 3757
1 1700 33083 6117
1 33981 6804 13686
1 8375 17837 21432
1 8375 8307 17837
1 18776 26973 2829
1 18994 8375 4610
1 17837 8264 21432
1 21647 15282 15703
1 15703 15282 7904
1 18537 18994 4610
1 18915 15703 17075
1 16877 27793 18560
1 15282 18955 7904
1 5 34014 31578
1 23974 6658 15603
1 13686 23974 15603
1 33181 34018 18607
1 21328 33181 18607
1 18865 7904 18955
1 18955 15282 18
1 10 34014 5
1 21985 16961 13708
1 13793 17544 18220
1 13708 24036 10857
1 18651 12255 17150
1 3303 18923 21167
1 18732 17150 12255
1 16093 6658 16352
1 1850 18732 12636
1 2829 21392 18776
1 17761 18781 33090
1 7965 33090 18781
1 17877 33197 26973
1 33121 17770 18849
1 12443 15102 18963
1 18246 16093 18963
1 4314 33056 33095
1 33121 18849 3303
1 18849 33925 18923
1 6261 18560 27793
1 28635 10255 18910
1 18910 10255 22117
1 21647 15703 18915
1 18915 27865 21647
1 18849 18923 3303
1 17761 34018 18781
1 16000 12255 18651
1 18732 12255 18949
1 18949 12255 8307
1 18 12 18955
1 18709 13682 18246
1 6261 13682 18709
1 14011 16217 33393
1 12636 18994 3757
1 17538 3018 18380
1 15703 17386 17075
1 18776 8295 21287
1 5 18865 12
1 18865 18955 12
1 12636 18949 17089
1 21397 12277 21391
1 8295 21391 12277
1 15703 19102 17386
1 33081 17386 19102
1 15603 6658 13682
1 13682 6658 16093
1 18776 21392 15987
1 30170 18709 13708
1 22117 23973 17897
1 15703 7904 19102
1 33081 19102 19119
1 30170 6261 18709
1 13682 6261 13686
1 28635 18910 19115
1 28635 19115 33206
1 13686 6261 27793
1 7904 33187 19119
1 19119 19102 7904
1 4320 17121 33043
1 17705 19124 31578
1 31578 19124 33187
1 21287 26973 18776
1 16000 8307 12255
1 16876 8307 16000
1 13686 15603 13682
1 17386 4314 3018
1 19124 33081 19119
1 32654 6652 1890
1 8251 12322 8250
1 8260 21316 8259
1 21471 8260 8259
1 28081 4323 17103
1 12341 8261 12343
1 35373 8556 33040
1 33903 33233 34332
1 3784 21280 8294
1 21391 28425 21397
1 31592 20325 35375
1 6683 20404 20406
1 20499 6669 17742
1 21033 20386 3181
1 12464 33055 33091
1 5957 33445 18393
1 21651 15040 6657
1 33903 33193 33233
1 33230 33360 33186
1 33928 1850 18092
1 33928 18092 12258
1 2826 23499 33395
1 12242 8257 11288
1 12242 8256 8257
1 12241 21167 8256
1 8256 12242 12241
1 12343 6498 33930
1 21159 32763 33185
1 17406 33929 33214
1 8249 21264 33226
1 21275 32763 21159
1 12233 12324 16150
1 33229 21264 12322
1 21159 8289 8252
1 33975 8294 1497
1 21167 12241 33206
1 20722 13647 27867
1 17011 35280 14903
1 21321 33930 34564
1 16064 12241 12242
1 33196 2036 21316
1 8254 21280 451
1 4318 3181 20386
1 17431 24978 17878
1 20416 24055 24978
1 21656 17742 6669
1 6652 32654 18977
1 4192 33454 34069
1 30181 140 27901
1 8249 8250 21264
1 33980 8250 8249
1 8289 12272 26625
1 7337 33990 13965
1 15912 21386 12324
1 8252 33985 15912
1 22175 8259 12666
1 8270 10029 4404
1 9729 33445 13933
1 13014 30169 20599
1 22610 34068 24031
1 24031 21697 29448
1 34069 21697 13085
1 28505 8269 8268
1 17989 23384 23115
1 8262 6498 12343
1 452 27814 18393
1 31314 30172 33447
1 21265 29054 15758
1 33978 33983 8034
1 31211 11950 18259
1 6697 32719 17088
1 28583 15717 33447
1 28583 17776 33449
1 1890 34069 32654
1 13743 21656 23985
1 15040 29448 21697
1 25191 18343 12889
1 21660 17923 6676
1 33391 2826 13858
1 24008 21767 21385
1 12883 13406 18393
1 30157 11633 32657
1 21265 15912 33985
1 33993 27901 140
1 29847 18151 4312
1 12233 33911 33182
1 33116 33235 18209
1 17785 33087 33069
1 33980 21462 8250
1 8261 12341 8260
1 34016 33059 34019
1 759 33060 33120
1 11603 33908 5882
1 21365 8271 26188
1 35280 12301 18042
1 32444 33182 32763
1 12233 32444 12324
1 33120 33060 33064
1 33360 33906 34826
1 8269 15717 28583
1 21375 21373 12314
1 27905 14083 33450
1 33978 8034 8245
1 30170 33387 18560
1 6663 21654 21033
1 21385 21767 30571
1 13406 5957 18393
1 2070 33083 33061
1 10248 11950 35329
1 4312 23115 17577
1 8308 3757 23499
1 13965 27801 29265
1 4323 33042 1717
1 27814 21662 28030
1 33981 17985 26625
1 13743 30147 30157
1 13907 7694 32660
1 30546 18977 32654
1 30546 13014 18977
1 13946 12883 27801
1 27905 30194 24008
1 30194 32719 24008
1 33182 32444 12233
1 3170 12783 22186
1 2070 6117 33083
1 33444 10328 33400
1 12322 21264 8250
1 35378 16281 33086
1 33191 33183 6498
1 33191 6498 12250
1 26973 3784 2829
1 12314 33228 33230
1 33980 8249 34333
1 18393 9729 452
1 9729 18393 33445
1 33395 3757 18537
1 21662 22121 6678
1 21365 33450 33979
1 7979 33039 33094
1 33979 33396 7823
1 33448 21436 33391
1 14083 33979 33450
1 34023 18433 33065
1 33197 3784 26973
1 11288 34536 12242
1 12026 15040 35300
1 21654 24036 21033
1 13647 21686 21690
1 33207 12242 33201
1 23982 32657 21654
1 34433 33908 33229
1 21651 29448 15040
1 33235 34025 18209
1 8034 33983 8248
1 8248 7930 33230
1 29112 8249 33226
1 33396 167 170
1 167 33396 30144
1 17723 17168 13858
1 1108 33977 681
1 17439 33449 30172
1 21985 18963 21702
1 13686 17985 33981
1 32654 34069 33453
1 33389 30194 27905
1 22610 22186 34068
1 13014 30546 30169
1 1108 30194 33977
1 30171 33448 33391
1 9729 13933 33757
1 33453 30546 32654
1 33454 33453 34069
1 30169 30546 33456
1 32763 21275 32444
1 21388 33975 8254
1 33981 3170 6804
1 26622 8257 8256
1 30571 20325 31592
1 23384 35280 18042
1 21657 21719 21773
1 27 23 18
1 23 28 20
1 20324 17998 35372
1 8252 15912 21275
1 33192 34020 17453
1 20499 33096 33054
1 31314 30171 27824
1 33448 30171 31314
1 13094 13853 29264
1 34019 15236 34016
1 10857 29054 33387
1 33978 26616 33400
1 33757 13760 9729
1 21690 18977 13014
1 16645 18977 21690
1 27825 31314 18143
1 22121 13760 17299
1 12362 8274 33657
1 33189 21264 33229
1 30181 13738 27909
1 30571 31592 8601
1 18140 18165 25143
1 36 23 27
1 15917 25420 33040
1 4380 24978 17431
1 8258 21418 22175
1 33983 33978 13864
1 21321 21316 12341
1 12464 33070 33055
1 140 21394 33993
1 13793 21748 17131
1 24055 17351 24978
1 32719 21668 24008
1 35371 34018 33181
1 16961 24036 13708
1 27819 6683 32909
1 32660 7694 21660
1 24054 29265 27801
1 33053 33096 1230
1 33928 18433 34023
1 23499 3757 33395
1 20391 23973 17923
1 21462 33454 22186
1 33985 33387 29054
1 18343 24007 6696
1 20599 27867 13014
1 4318 12566 860
1 12589 34829 33045
1 33060 33118 33061
1 28190 18620 16063
1 13965 29265 13773
1 33401 21373 34895
1 33041 34025 33119
1 33119 33195 17732
1 33094 17855 33044
1 33233 8034 34332
1 6663 23982 21654
1 33205 20257 21280
1 33218 34020 33192
1 34016 33185 32763
1 10029 681 33977
1 33657 8274 12368
1 13965 21471 13946
1 25143 3019 18140
1 33400 26616 42
1 33450 33389 27905
1 10 5 12
1 20599 20722 27867
1 8248 21370 7930
1 13085 4192 34069
1 33206 12241 16064
1 33205 3784 33197
1 34021 33183 33191
1 33233 33193 12220
1 16064 12242 33207
1 33191 4481 34021
1 12360 17517 8269
1 8244 28 26616
1 28 8244 33212
1 12360 33214 12260
1 12314 29112 33228
1 21153 34433 8251
1 4404 12362 17406
1 34615 33902 12301
1 12314 21373 29112
1 12360 12260 17517
1 12368 33235 33657
1 12304 17732 33195
1 33980 33401 33453
1 28435 13933 33445
1 5957 21418 33445
1 5957 13406 22175
1 21419 13406 13946
1 21397 28425 28430
1 33403 4518 20599
1 33977 33389 28584
1 33403 30169 34895
1 13907 13926 28430
1 34 26616 28
1 167 160 154
1 23 34 28
1 30147 33975 33386
1 30147 33993 33975
1 21375 21370 33403
1 21375 33403 34895
1 33980 34333 33401
1 21375 7930 21370
1 22175 21419 8259
1 16725 33990 8261
1 28425 13907 28430
1 35299 16877 33387
1 13907 32660 13926
1 33977 30194 33389
1 33450 21365 33389
1 10857 15758 29054
1 30546 33453 33456
1 33396 33979 30144
1 33189 33229 33118
1 33229 33908 33118
1 33903 33905 33102
1 6885 33203 33126
1 20257 33205 33126
1 18289 33124 33905
1 33905 33186 18289
1 6885 33126 33054
1 33908 2070 33118
1 33205 18255 33126
1 7943 27241 12620
1 33903 34332 33905
1 22117 10255 23973
1 17707 33091 35381
1 34699 33121 22117
1 1700 6117 33471
1 11374 33205 33197
1 33091 34021 33114
1 33195 33119 34025
1 33201 12242 34536
1 4318 156 6663
1 3181 6663 21033
1 20400 6678 22121
1 33113 18732 1850
1 4481 33927 33114
1 21373 34333 8249
1 34433 12322 8251
1 34433 33229 12322
1 33186 33360 33101
1 17853 33195 12368
1 21651 24031 29448
1 33099 33102 33095
1 11950 13773 35329
1 4318 20386 12566
1 33448 33447 28505
1 16352 33471 33084
1 8271 34615 12301
1 18259 20404 31211
1 15950 33119 17732
1 17544 17878 20432
1 33444 1702 10328
1 33391 17168 30171
1 30171 17168 27824
1 18537 34306 33395
1 12371 12272 8289
1 21448 159 34615
1 17154 29557 18502
1 318 33196 33194
1 23 44 42
1 33228 33906 33360
1 27801 13965 13946
1 21670 30144 13643
1 33456 33453 33401
1 33456 33401 34895
1 30169 33456 34895
1 21373 21375 34895
1 31211 20404 6683
1 13094 11950 31211
1 24054 6097 35329
1 33448 31314 33447
1 33063 33080 33085
1 30172 33449 17776
1 14083 27905 21385
1 21338 33192 17139
1 15102 34019 33059
1 33057 33080 33063
1 33403 20599 30169
1 34898 5410 25191
1 6003 33212 12220
1 21386 21388 8254
1 33193 6003 12220
1 16877 18560 33387
1 8257 26622 28435
1 33906 33228 33226
1 34068 13085 24031
1 28692 34898 18222
1 27825 18343 25191
1 21448 163 159
1 2070 11603 6117
1 33186 33905 33232
1 33099 33193 33903
1 33453 33454 33980
1 34014 6003 33193
1 29112 33226 33228
1 13965 33990 16725
1 34018 33927 18607
1 28435 26622 28430
1 21386 16150 12324
1 6664 23982 6663
1 160 167 30144
1 4327 33066 34023
1 34699 4320 33089
1 860 12566 33059
1 21275 12324 32444
1 21280 33203 451
1 33930 33183 34564
1 33084 18591 33111
1 33053 34017 11447
1 33095 33102 18535
1 13758 33096 20499
1 33113 33066 33093
1 35372 17989 4312
1 11447 13370 33053
1 19124 19119 33187
1 12589 33045 17957
1 33471 18591 33084
1 16072 1717 33042
1 18849 17770 33925
1 33189 33118 759
1 33066 4327 4380
1 35374 17851 13575
1 7943 4316 1267
1 12026 33060 33061
1 35373 12529 28081
1 33126 28190 33054
1 16346 7979 33094
1 20499 33054 16063
1 28081 20401 4323
1 17705 34014 33193
1 33039 28635 16064
1 7983 33088 28495
1 35373 28081 8556
1 4323 20401 6678
1 35381 20406 17707
1 35381 17581 20406
1 20355 4315 35190
1 33042 33129 16072
1 33123 34829 33065
1 33203 6885 11447
1 17798 33116 18209
1 33044 17855 33129
1 33189 759 33120
1 17705 31578 34014
1 12464 18163 33070
1 16268 34025 33105
1 17770 33121 34699
1 6644 33041 15950
1 437 33059 34016
1 33129 33201 16072
1 28190 33126 18255
1 33101 33057 33063
1 33207 33129 17855
1 4481 33114 34021
1 33185 34016 15236
1 33061 33118 2070
1 33102 33099 33903
1 33115 25420 34564
1 437 34016 32763
1 28635 33039 10255
1 33047 33114 17761
1 437 33182 34017
1 33115 34564 33183
1 33116 16333 18605
1 16018 17121 18502
1 34826 27241 33057
1 12620 27241 34826
1 17663 23384 18042
1 33089 17770 34699
2 40 957 9978
2 20995 2712 8992
2 25608 33300 17709
2 33271 12142 25601
2 34036 10373 34035
2 13438 4345 3745
2 22635 33273 270
2 32346 31618 11665
2 310 5595 22619
2 22619 34894 310
2 20600 33951 33
2 12210 14159 270
2 14159 22635 270
2 17709 33300 14290
2 2282 17754 796
2 2282 796 21961
2 611 17468 18934
2 611 18934 22669
2 24009 627 33036
2 627 24009 28602
2 23351 22669 22609
2 23350 33262 3756
2 3933 26941 10471
2 22081 659 658
2 989 662 4810
2 4020 989 2612
2 25311 33430 750
2 796 2281 22652
2 25610 23351 28805
2 844 2677 888
2 14290 22669 19112
2 28367 33933 20329
2 22361 4209 14148
2 627 33140 33036
2 28246 4579 34029
2 2694 23119 15532
2 27108 23587 33266
2 9861 1029 8774
2 1029 21070 8774
2 1029 9861 34457
2 2431 4217 9627
2 22619 5595 7229
2 1641 21997 13408
2 13408 33033 1641
2 26437 33423 3034
2 22691 3034 33423
2 146 34280 133
2 10407 2603 19783
2 2427 11445 33343
2 25639 12210 2127
2 33354 18934 29421
2 5946 2603 656
2 133 34280 134
2 162 16659 23347
2 34280 143 134
2 16858 169 166
2 33034 9344 2575
2 2609 2575 9344
2 33366 2590 9870
2 2195 2427 659
2 659 2427 33343
2 2431 31184 862
2 19783 2603 3745
2 4345 19783 3745
2 2773 2464 7289
2 9338 33138 33022
2 9338 33022 33408
2 22450 13450 22361
2 33133 6451 21440
2 33134 8993 9359
2 21347 3110 14159
2 14159 3110 3034
2 31716 3925 20821
2 7229 5595 13088
2 28724 25560 12191
2 2677 2678 888
2 13387 28246 33136
2 13387 25615 28246
2 33413 33329 5593
2 33034 2575 32821
2 2609 32821 2575
2 14159 3034 22691
2 19530 31448 3621
2 19530 3621 33941
2 666 2162 8949
2 14116 3756 31522
2 31516 17468 21770
2 33931 20256 30212
2 30212 14139 33931
2 10789 2614 3808
2 2614 4667 3808
2 4032 3627 2658
2 33132 3627 4032
2 13376 13431 13368
2 664 862 8949
2 13408 3925 29754
2 33299 22666 14167
2 33020 4056 27233
2 4070 33428 19597
2 30647 4105 3866
2 30647 20786 4105
2 9891 4217 664
2 655 2601 4352
2 3745 2603 4352
2 7086 14 21
2 33 7086 21
2 14159 12210 21347
2 853 4020 3866
2 3629 13386 23461
2 19341 20675 9850
2 853 4523 662
2 35356 9627 9184
2 33260 23351 22609
2 16670 854 2117
2 12175 24115 4608
2 2612 21400 2683
2 3609 22954 3726
2 33933 8563 4810
2 24595 4810 8563
2 844 2675 2677
2 3627 2660 2658
2 29421 2145 20618
2 26491 2612 2683
2 2127 12210 270
2 24595 4669 21400
2 24595 8563 4669
2 22673 4579 33259
2 28246 33259 4579
2 19040 28211 824
2 34735 33440 2305
2 9410 8949 862
2 3745 4352 2601
2 5618 9913 33950
2 8949 2162 664
2 14119 33428 4070
2 24115 33018 24032
2 957 667 20770
2 33345 655 5946
2 34916 23362 3756
2 40 868 667
2 957 40 667
2 868 2245 667
2 657 24139 8775
2 661 9874 29364
2 21400 2612 24595
2 2125 22496 25145
2 31471 2748 31496
2 122 25585 20786
2 28805 6451 33133
2 655 4352 5946
2 2197 32471 8832
2 34031 14140 6245
2 34031 6245 20821
2 3832 10407 7165
2 25145 2632 17005
2 2563 23991 13431
2 32710 8992 26941
2 2712 26941 8992
2 33330 7371 9891
2 7371 9627 9891
2 30214 16749 34039
2 31581 16749 30214
2 31581 33413 14153
2 11445 2702 322
2 10471 11658 7798
2 11658 10471 2624
2 34883 122 33135
2 866 666 8949
2 7798 666 866
2 34030 12175 33266
2 7908 33432 30461
2 21 25199 20600
2 662 4523 9879
2 34867 14406 19103
2 9862 25163 25147
2 10789 3808 2694
2 854 16442 13881
2 14135 14131 25456
2 657 33332 33350
2 35356 9184 13439
2 33933 25456 8533
2 29421 17468 2145
2 2748 33336 19592
2 4105 24032 3866
2 2634 7066 9850
2 25604 14414 25648
2 3621 34457 33941
2 19040 9861 8774
2 9008 8784 8962
2 8784 33375 8962
2 4608 24115 28664
2 14153 33413 9700
2 34030 23587 14139
2 34030 33266 23587
2 10407 2604 7165
2 34037 33285 6897
2 33260 22609 22611
2 12187 34867 23386
2 27233 28723 23386
2 34039 16242 33264
2 19598 9580 29364
2 19598 29364 13088
2 34033 1607 14147
2 14147 1607 33414
2 34036 21347 10373
2 10461 22676 31549
2 33031 10526 25518
2 2773 7289 642
2 31549 5595 310
2 2601 15201 3745
2 14135 30209 11821
2 14119 31618 33428
2 33437 5595 31549
2 22496 2125 5618
2 33179 21347 12210
2 28664 33177 25586
2 28664 25586 27108
2 2702 20623 322
2 322 20623 9790
2 2197 9870 660
2 28602 34894 17887
2 9580 19598 4135
2 32710 33160 33157
2 33157 26177 33179
2 25601 14167 33271
2 31607 31516 14116
2 22611 642 7289
2 25651 11550 4345
2 11550 19783 4345
2 9891 9627 4217
2 664 20655 9891
2 23461 25655 33152
2 34036 9700 5593
2 25562 13392 11670
2 34029 25562 11670
2 25639 2127 33026
2 19341 9850 22496
2 25610 28805 33133
2 2245 868 2713
2 2703 33138 9338
2 2703 9338 33408
2 2694 3808 23119
2 11658 2624 40
2 20995 8992 13465
2 33264 12191 19103
2 22450 11193 33330
2 33437 19597 10869
2 4135 10869 19597
2 29754 28522 13408
2 9359 19005 33140
2 19040 25163 9861
2 25163 33346 9861
2 19724 32821 10277
2 33269 25585 122
2 34035 14153 9700
2 33374 19116 21918
2 676 34030 16681
2 4020 2612 3866
2 676 33174 15460
2 5593 9700 33413
2 13189 16242 33265
2 13189 33175 16242
2 17005 2632 150
2 13408 21997 12179
2 33434 33948 15748
2 34883 25561 33267
2 34883 33180 25561
2 33408 862 2703
2 12187 28723 31716
2 13410 31716 28723
2 34883 33267 33268
2 661 888 847
2 33354 33350 33332
2 29421 33350 33354
2 8774 21070 31300
2 20667 957 13997
2 20239 20667 13997
2 26177 25579 10373
2 2662 14138 32615
2 2675 12561 9030
2 33036 9030 12561
2 33135 8993 33134
2 34883 33135 33134
2 3609 2601 22954
2 25610 33132 14228
2 4032 19783 11550
2 150 2632 143
2 667 2245 9850
2 25145 22496 7066
2 2689 33023 32488
2 13881 33018 33023
2 4056 33020 9450
2 2670 9344 33031
2 9008 2713 20995
2 9055 33021 8976
2 1467 32856 660
2 660 32856 2609
2 19772 8962 8436
2 28522 9055 2697
2 7798 866 10471
2 664 4217 2431
2 22696 17809 33269
2 14131 17809 22696
2 13450 22450 33330
2 20623 33366 32346
2 862 664 2431
2 19598 13088 5595
2 4810 20329 33933
2 19116 2157 21918
2 18237 33935 33950
2 2624 10471 26941
2 33443 12556 19604
2 627 28602 25561
2 3866 2612 26491
2 179 9110 25192
2 22450 14147 33414
2 19772 2637 29322
2 2601 655 25147
2 33135 30647 26491
2 30647 33135 122
2 34883 33134 33180
2 33134 9359 33140
2 24595 989 4810
2 2703 31184 9450
2 10407 19783 2658
2 659 28193 33332
2 33265 16242 34039
2 11665 28476 7289
2 33340 20618 2145
2 33 21 20600
2 2632 134 143
2 2637 35294 2632
2 22103 16681 30212
2 14148 14406 22361
2 8775 2658 2660
2 2675 9030 2677
2 14138 8775 32615
2 847 2678 2681
2 850 847 2681
2 8832 2670 25518
2 20329 662 9879
2 12556 33338 19604
2 12556 33410 33338
2 2702 660 20623
2 2697 8976 13439
2 28680 33260 33258
2 25615 18067 33259
2 16749 14153 33265
2 2202 8832 10429
2 8832 25518 10429
2 660 9870 2590
2 660 2590 20623
2 847 888 2678
2 21347 33179 26177
2 13088 9874 14398
2 12175 4608 33266
2 32346 7289 9790
2 32346 11665 7289
2 8976 9450 35356
2 15820 2801 33948
2 26491 30647 3866
2 33443 33410 12556
2 30647 122 20786
2 31581 14153 16749
2 13382 25604 25608
2 22635 22691 33410
2 33177 24032 4105
2 25560 19103 12191
2 8832 2202 2197
2 7798 15931 666
2 13450 4209 22361
2 4209 13450 33330
2 2703 9450 33020
2 11445 6580 2702
2 34033 13148 12187
2 34033 14147 13148
2 658 657 8775
2 33269 17809 14135
2 33269 14135 33270
2 17471 2563 13431
2 2642 2563 17471
2 33300 33262 23350
2 28636 33272 33282
2 22609 22669 18934
2 33299 13376 33282
2 13376 28636 33282
2 9008 33026 8784
2 3629 23461 33152
2 28274 8436 8960
2 22081 838 2195
2 13148 34867 12187
2 13148 14147 34867
2 10277 6580 2195
2 17887 34894 22619
2 33408 866 9410
2 8949 9410 866
2 25560 27233 23386
2 25560 33020 27233
2 9580 4135 2202
2 661 32122 844
2 31467 33433 25456
2 8533 25456 33433
2 656 33340 33336
2 33340 19592 33336
2 33033 13452 33174
2 17709 19112 25610
2 2464 9790 7289
2 25604 13382 14414
2 13438 14414 13382
2 33148 25601 13379
2 20652 30767 179
2 25147 824 22954
2 33177 4105 20786
2 22673 34029 4579
2 2127 8784 33026
2 20667 15931 9978
2 11658 9978 15931
2 868 2624 2712
2 12175 34030 676
2 32710 33025 33160
2 8992 33157 13465
2 3933 33025 32710
2 33375 33165 8962
2 24115 24032 33177
2 33180 33140 627
2 14116 21770 23350
2 33366 9870 19597
2 853 13862 2684
2 2684 13862 24032
2 28193 2773 31532
2 661 847 6748
2 2202 4135 9870
2 2197 2202 9870
2 33027 3745 15201
2 26491 8993 33135
2 2683 8993 26491
2 31607 19592 33429
2 19229 22666 31448
2 31448 34735 19229
2 8976 33021 4056
2 9450 8976 4056
2 2245 2713 2634
2 4669 25187 21400
2 4669 8563 25187
2 11658 15931 7798
2 14228 17709 25610
2 23362 12142 33271
2 25585 33270 11821
2 10373 21347 26177
2 13376 13368 28636
2 18934 17468 29421
2 661 844 888
2 23351 19112 22669
2 3726 824 2642
2 2197 660 2609
2 2609 32471 2197
2 2121 859 15872
2 33275 34894 28602
2 35356 31184 2431
2 33413 7908 33329
2 25199 21070 1029
2 25199 1029 34457
2 33174 33023 15460
2 14398 9874 33339
2 29483 14398 33339
2 33931 15748 2801
2 15748 33931 14139
2 20357 11665 31618
2 8775 14138 22081
2 2702 1467 660
2 30461 666 15931
2 8774 10540 19040
2 10540 28211 19040
2 2601 3598 15201
2 33027 15201 3598
2 2624 868 40
2 20935 4209 33364
2 4209 20935 14148
2 33033 4667 13452
2 8563 33933 8533
2 2281 3621 14744
2 2281 14744 22652
2 28724 12191 16242
2 34894 33275 10461
2 2125 25145 17005
2 14398 7229 13088
2 2712 2713 868
2 2713 2712 20995
2 14916 12187 31716
2 14916 34033 12187
2 23392 23587 27108
2 31556 23587 23392
2 22622 23392 11821
2 11821 23392 25586
2 34031 16681 22103
2 34031 12179 16681
2 20357 18067 25095
2 9850 20675 667
2 2702 6580 1467
2 11445 2195 6580
2 676 15460 12175
2 12175 15460 33169
2 19005 9030 33140
2 19005 2677 9030
2 43 33 33951
2 34883 33268 33269
2 989 24595 2612
2 2689 7753 2219
2 7086 9 14
2 14744 3621 31448
2 14744 31448 22652
2 2614 9110 7753
2 9110 2614 34146
2 2195 11445 2427
2 9 4 28377
2 15174 33443 33949
2 12142 25604 25648
2 12142 25648 13379
2 33443 15174 33421
2 13997 957 20770
2 22696 33268 21873
2 2689 13881 33023
2 39 7086 43
2 39 26 7086
2 33951 34457 3621
2 2642 17471 3726
2 28522 15532 23119
2 15594 9159 6142
2 662 4020 853
2 2694 2697 2121
2 2697 859 2121
2 33432 7908 33413
2 8962 33165 8960
2 662 989 4020
2 15460 33023 33169
2 28684 17458 3996
2 17458 18111 3996
2 28684 18145 17458
2 9580 2202 10429
2 8775 2604 2658
2 31655 14139 23587
2 28522 2697 15532
2 14140 25311 750
2 15594 6142 179
2 19112 23351 25610
2 21770 14116 31516
2 28099 27949 18991
2 13439 663 859
2 33330 32163 7371
2 683 15544 34037
2 18067 33258 25095
2 15544 816 8960
2 859 2697 13439
2 10540 8774 31300
2 31655 15748 14139
2 31655 33434 15748
2 16872 11 4
2 20821 14916 31716
2 20821 34033 14916
2 133 28274 16549
2 32163 21918 663
2 4608 27108 33266
2 2697 9055 8976
2 25147 25163 19040
2 816 16549 8960
2 43 7086 33
2 34036 34035 9700
2 5618 33949 19341
2 15095 18145 28684
2 15748 33948 2801
2 4 9 7086
2 33272 21961 796
2 21251 21961 33272
2 10471 866 3933
2 31532 642 22611
2 2694 15532 2697
2 32163 663 9184
2 15872 859 663
2 8960 8436 8962
2 16696 150 161
2 22652 33272 796
2 21251 3996 21961
2 18145 4 11
2 854 2684 16442
2 2684 33018 16442
2 34037 6897 2284
2 683 34037 2284
2 683 816 15544
2 11193 22450 16573
2 33414 16573 22450
2 2773 33343 2464
2 2684 854 16670
2 8563 8533 20823
2 853 16670 4523
2 2282 26 39
2 25561 17887 33267
2 33267 17887 22619
2 9359 2677 19005
2 13439 9184 663
2 33408 9410 862
2 2689 32488 4667
2 2614 2689 4667
2 15095 28377 4
2 15095 4 18145
2 33935 18237 2284
2 161 16858 166
2 161 34280 16858
2 18566 26 2282
2 169 162 18991
2 16594 9913 16696
2 31233 20540 15820
2 13881 2219 854
2 2117 2150 4523
2 6142 20540 179
2 20540 9110 179
2 9913 16594 18550
2 8960 16549 28274
2 161 166 16594
2 18550 16594 166
2 20839 33374 33430
2 6245 14140 1607
2 2121 10789 2694
2 16 11 16872
2 16659 162 16858
2 17005 150 16696
2 146 133 16549
2 20540 2801 15820
2 2117 854 2219
2 17458 11 16
2 20540 31233 9110
2 21918 15872 663
2 3925 13408 20821
2 32163 16573 33374
2 16242 12191 33264
2 16549 148 146
2 34039 16749 33265
2 161 16594 16696
2 2219 9110 31233
2 2219 7753 9110
2 2195 659 22081
2 12187 23386 28723
2 17754 43 33951
2 16659 146 148
2 39 17754 2282
2 2117 4523 16670
2 27949 28099 18237
2 10789 12054 25192
2 20652 25192 12054
2 2689 2219 13881
2 33374 20839 19116
2 28377 14 9
2 39 43 17754
2 18586 2284 28099
2 4070 31549 14119
2 14140 750 1607
2 21961 18566 2282
2 33331 9879 18137
2 33948 2150 15820
2 18145 11 17458
2 33430 18148 20839
2 20839 18148 12054
2 33437 10869 19598
2 4135 19598 10869
2 2464 322 9790
2 7086 16872 4
2 20655 19603 33364
2 34735 2305 19229
2 18237 28099 2284
2 33331 18137 33434
2 33414 750 33374
2 18550 18991 27949
2 2121 12054 10789
2 21918 2157 15872
2 166 169 18991
2 2125 17005 9913
2 17005 16696 9913
2 33932 33331 33434
2 9913 5618 2125
2 2684 16670 853
2 33935 2284 6897
2 4523 18137 9879
2 2150 33948 18137
2 816 683 18526
2 3996 18111 21961
2 21961 18111 18566
2 166 18991 18550
2 33330 9891 22098
2 22098 4209 33330
2 12054 18148 20652
2 18566 18111 26
2 18991 18586 28099
2 11193 16573 32163
2 16549 816 148
2 18526 18724 23347
2 26 16 16872
2 27949 18237 33950
2 9913 27949 33950
2 162 169 16858
2 30214 14148 20935
2 17754 2281 796
2 23347 148 18526
2 2284 18586 683
2 18586 23347 18724
2 18526 683 18724
2 18586 18724 683
2 2121 2157 12054
2 34280 16659 16858
2 162 18586 18991
2 16 26 18111
2 2157 2121 15872
2 2150 18137 4523
2 23347 16659 148
2 750 33430 33374
2 148 816 18526
2 16 18111 17458
2 2117 31233 2150
2 26 16872 7086
2 2219 31233 2117
2 15820 2150 31233
2 20839 2157 19116
2 22609 18934 31624
2 28602 17887 25561
2 25655 33258 18067
2 30461 33432 20664
2 3832 33340 656
2 32855 2195 838
2 2632 8420 2637
2 16242 33175 28724
2 2603 3832 656
2 5595 33437 19598
2 20823 20639 8563
2 25187 8563 20639
2 20655 33364 22098
2 3933 32710 26941
2 3726 22954 824
2 25187 850 21400
2 2563 28377 23991
2 33259 28246 25615
2 9790 20623 32346
2 2689 2614 7753
2 33160 25579 26177
2 33157 33160 26177
2 19603 20655 2162
2 18148 30767 20652
2 3627 21440 2660
2 19724 3629 32821
2 20239 13997 20770
2 15931 20667 30461
2 20995 13465 33026
2 33345 33347 655
2 33031 9344 33136
2 33136 13392 33031
2 9008 19772 2634
2 658 659 33332
2 28685 21251 13368
2 33174 676 21997
2 33338 33423 26437
2 33152 25655 13387
2 658 8775 22081
2 33180 33134 33140
2 20675 19341 33949
2 2670 8832 32471
2 32163 9184 9627
2 13410 29754 31716
2 33428 31618 32346
2 33027 13438 3745
2 847 850 25187
2 655 9862 25147
2 3808 4667 23119
2 34894 10461 31549
2 3756 23362 31522
2 23991 15095 28684
2 28643 33299 14167
2 14147 22361 34867
2 23293 20786 25585
2 33262 25608 25604
2 33262 33300 25608
2 310 34894 31549
2 9862 33347 20603
2 19592 33340 33429
2 33275 34029 10461
2 33282 22666 33299
2 22666 33282 22652
2 18067 25615 25655
2 16442 33018 13881
2 33018 2684 24032
2 23991 28377 15095
2 13408 28522 33033
2 21440 33178 33830
2 33830 2662 21440
2 33429 33340 2145
2 14406 33264 19103
2 34033 6245 1607
2 11550 33132 4032
2 23587 31556 31655
2 23392 22622 31556
2 14139 30212 34030
2 30209 25456 33933
2 134 28274 133
2 28274 35294 2637
2 33336 33345 656
2 13410 9055 29754
2 33175 33025 33022
2 14228 33132 25651
2 25518 2670 33031
2 11445 322 33343
2 31556 33286 33932
2 2662 838 14138
2 2601 3609 3598
2 9861 33346 33941
2 33366 20623 2590
2 12142 13379 25601
2 2675 25518 12561
2 33285 33410 33421
2 33269 122 34883
2 22619 7229 31553
2 9344 33034 33136
2 13387 33034 33152
2 658 33332 657
2 25199 34457 20600
2 9862 655 33347
2 13382 25651 4345
2 4209 22098 33364
2 7229 29483 31553
2 25579 13189 33265
2 33033 23119 4667
2 33331 28367 20329
2 33286 28367 33932
2 26437 34036 5593
2 33931 6142 20256
2 22103 30212 9159
2 23293 11821 25586
2 2662 33830 19724
2 19724 33830 3629
2 19724 838 2662
2 33286 22622 30209
2 20639 20823 33339
2 5946 4352 2603
2 29051 24139 20618
2 10277 1467 6580
2 21 21070 25199
2 34146 10789 25192
2 34146 2614 10789
2 22676 34029 22673
2 2675 844 10429
2 11670 13392 28246
2 28680 13386 33178
2 28602 25562 33275
2 22676 10461 34029
2 33299 28643 13376
2 29483 7229 14398
2 25615 13387 25655
2 21873 33268 33267
2 22622 11821 30209
2 2662 32615 21440
2 30209 28367 33286
2 30461 20667 33329
2 2624 26941 2712
2 866 33408 3933
2 33950 15174 33949
2 2642 10540 2563
2 2281 33951 3621
2 20239 5593 33329
2 24139 7165 2604
2 9850 7066 22496
2 25311 15594 30767
2 9580 10429 844
2 9359 2678 2677
2 7165 29051 3832
2 22496 5618 19341
2 19724 32855 838
2 20655 664 2162
2 33437 31549 4070
2 13382 25608 25651
2 9913 18550 27949
2 2642 28211 10540
2 19604 33338 20673
2 853 3866 13862
2 33433 29483 33339
2 25311 22103 9159
2 13410 28723 27233
2 35356 9450 31184
2 2642 824 28211
2 19040 824 25147
2 9159 30212 20256
2 19229 14167 22666
2 28685 13368 13431
2 7289 28476 22611
2 9978 957 20667
2 30461 33329 7908
2 28522 23119 33033
2 33180 627 25561
2 14140 22103 25311
2 2157 20839 12054
2 28680 25655 13386
2 25648 33027 13379
2 13368 21251 28636
2 33259 18067 20357
2 33373 20603 33347
2 8420 25145 7066
2 27108 4608 28664
2 33175 33160 33025
2 25651 17709 14228
2 33174 13452 33023
2 13438 25648 14414
2 33272 28636 21251
2 30212 16681 34030
2 24009 25562 28602
2 34037 33375 33273
2 28680 28805 33260
2 34029 11670 28246
2 28680 33258 25655
2 33169 33018 24115
2 19772 8436 2637
2 33331 33932 28367
2 30209 33933 28367
2 33031 13392 25562
2 29364 32122 661
2 2801 20540 6142
2 3925 31716 29754
2 20652 179 25192
2 2563 31300 28377
2 25586 23392 27108
2 25651 33132 11550
2 33177 20786 25586
2 25311 9159 15594
2 25562 10526 33031
2 2637 8420 29322
2 22619 21873 33267
2 32471 9344 2670
2 33375 34037 33165
2 22081 14138 838
2 2634 2713 9008
2 34037 15544 33165
2 28274 134 35294
2 33408 33022 3933
2 3933 33022 33025
2 657 20618 24139
2 657 33350 20618
2 2703 862 31184
2 2127 33375 8784
2 32122 9580 844
2 20239 33338 26437
2 31300 21070 14
2 31300 14 28377
2 33430 30767 18148
2 22692 23362 33271
2 33136 33034 13387
2 2632 35294 134
2 22609 31624 22611
2 2681 2678 8993
2 2678 9359 8993
2 28476 25095 22611
2 19530 19535 31448
2 32615 8775 2660
2 31522 31607 14116
2 31522 23362 31496
2 30767 33430 25311
2 31581 20935 33432
2 23350 21770 14290
2 13379 33027 3598
2 12179 21997 16681
2 28684 28685 23991
2 33133 21440 3627
2 33178 21440 6451
2 31522 2748 31607
2 14147 22450 22361
2 31496 2305 31471
2 19229 22692 14167
2 19229 2305 22692
2 11658 40 9978
2 33286 31556 22622
2 22669 21770 611
2 21770 17468 611
2 33285 22635 33410
2 14 21070 21
2 28805 33178 6451
2 33345 2748 33347
2 19772 9008 8962
2 25639 33179 12210
2 10277 32856 1467
2 2195 32855 10277
2 33023 13452 32488
2 33165 15544 8960
2 33259 20357 22673
2 33036 25518 10526
2 14148 33264 14406
2 19724 10277 32855
2 2609 32856 32821
2 32821 32856 10277
2 28193 33354 33332
2 13452 4667 32488
2 25579 33175 13189
2 33026 9008 20995
2 13465 33179 25639
2 25639 33026 13465
2 13376 28643 33148
2 33174 21997 1641
2 20239 33329 20667
2 13410 33021 9055
2 29754 9055 28522
2 13410 27233 33021
2 33140 9030 33036
2 33036 12561 25518
2 31448 19535 34735
2 33152 32821 3629
2 31532 22611 31624
2 22676 31618 14119
2 34036 26437 3034
2 25562 33036 10526
2 3598 3600 13379
2 13386 3629 33830
2 33132 33133 3627
2 33147 33148 3600
2 25560 33138 33020
2 33175 33022 33138
2 33169 33023 33018
2 17471 33147 3600
2 33160 33175 25579
2 28664 24115 33177
2 33272 22652 33282
2 33300 23350 14290
2 22611 25095 33258
2 22696 33269 33268
2 14153 34035 33265
2 32163 33374 21918
2 33440 34735 19535
2 33437 4070 19597
2 13438 33027 25648
2 7165 24139 29051
2 2604 8775 24139
2 32615 2660 21440
2 20357 25095 11665
2 23386 19103 25560
2 661 6748 9874
2 28193 33343 2773
2 29364 9580 32122
2 10540 31300 2563
2 33830 33178 13386
2 13379 3600 33148
2 13382 4345 13438
2 13465 33157 33179
2 13439 8976 35356
2 8436 28274 2637
2 3598 3609 3600
2 33157 8992 32710
2 33147 17471 13431
2 33147 13431 13376
2 28684 3996 21251
2 33148 33147 13376
2 28724 33175 33138
2 33133 33132 25610
2 33414 33374 16573
2 33932 33434 31655
2 33338 33410 33423
2 642 31532 2773
2 31553 29483 31467
2 33423 33410 22691
2 31581 33432 33413
2 29483 33433 31467
2 2748 33345 33336
2 2748 31522 31496
2 25456 14131 31467
2 31532 31624 18934
2 31556 33932 31655
2 19530 33941 33346
2 33373 33347 2748
2 33373 33440 20603
2 19535 33346 20603
2 33433 33339 20823
2 33346 19535 19530
2 18137 33948 33434
2 33354 31532 18934
2 15174 33950 33421
2 33443 33421 33410
2 33432 20935 19603
2 33366 33428 32346
2 20675 19604 20673
2 20675 20673 667
2 20664 33432 19603
2 20770 33338 20239
2 20770 20673 33338
2 662 20329 4810
2 9862 33346 25163
2 9862 20603 33346
2 33354 28193 31532
2 2145 17468 33429
2 19592 31607 2748
2 33366 19597 33428
2 2127 270 33273
2 22611 33258 33260
2 3756 33262 34916
2 25579 33265 34035
2 33271 14167 22692
2 22635 33285 33273
2 22676 14119 31549
2 22676 22673 31618
2 22692 31496 23362
2 21347 34036 3110
2 3110 34036 3034
2 22696 31467 14131
2 33951 2281 17754
2 28805 23351 33260
2 33262 25604 34916
2 28643 25601 33148
2 25601 28643 14167
2 12179 20821 13408
2 12179 34031 20821
2 25562 34029 33275
2 22696 21873 31553
2 22696 31553 31467
2 22692 2305 31496
2 22691 22635 14159
2 25147 22954 2601
2 35356 2431 9627
2 34916 12142 23362
2 161 150 34280
2 22666 22652 31448
2 19535 20603 33440
2 22098 9891 20655
2 19603 20935 33364
2 33343 322 2464
2 6245 34033 20821
2 28685 13431 23991
2 28685 28684 21251
2 28476 11665 25095
2 21873 22619 31553
2 6748 847 25187
2 33169 24115 12175
2 33373 31471 33440
2 11821 33270 14135
2 750 33414 1607
2 34457 9861 33941
2 34916 25604 12142
2 33950 33935 33421
2 31618 22673 20357
2 659 33343 28193
2 34457 33951 20600
2 25586 20786 23293
2 14290 19112 17709
2 25585 33269 33270
2 33345 5946 656
2 25192 9110 34146
2 30209 14135 25456
2 5593 20239 26437
2 17468 31516 33429
2 143 34280 150
2 13392 33136 28246
2 14140 34031 22103
2 22361 14406 34867
2 14290 21770 22669
2 31471 2305 33440
2 23386 34867 19103
2 2609 9344 32471
2 4056 33021 27233
2 34035 10373 25579
2 16681 21997 676
2 2603 10407 3832
2 33949 5618 33950
2 29051 33340 3832
2 667 20673 20770
2 14116 23350 3756
2 2675 10429 25518
2 179 30767 15594
2 20664 2162 666
2 25585 11821 23293
2 29051 20618 33340
2 28805 28680 33178
2 14131 14135 17809
2 33429 31516 31607
2 33433 20823 8533
2 1641 33033 33174
2 20664 666 30461
2 33935 33285 33421
2 8420 7066 29322
2 29322 7066 2634
2 19772 29322 2634
2 33331 20329 9879
2 33285 34037 33273
2 6142 33931 2801
2 24009 33036 25562
2 19603 2162 20664
2 2681 8993 2683
2 850 2681 2683
2 21400 850 2683
2 33373 2748 31471
2 33020 33138 2703
2 28724 33138 25560
2 2127 33273 33375
2 34039 14148 30214
2 32163 9627 7371
2 14148 34039 33264
2 4135 19597 9870
2 33339 9874 20639
2 19604 33949 33443
2 20675 33949 19604
2 2658 19783 4032
2 33935 6897 33285
2 17709 25651 25608
2 20618 33350 29421
2 10407 2658 2604
2 8420 2632 25145
2 23461 13386 25655
2 6748 20639 9874
2 25187 20639 6748
2 29364 9874 13088
2 13862 3866 24032
2 16659 34280 146
2 9159 20256 6142
2 33152 33034 32821
2 3726 17471 3609
2 17471 3600 3609
2 33330 11193 32163
2 2245 2634 9850
2 30214 20935 31581
2 18586 162 23347
3 22432 708 710
3 1690 15116 26698
3 1697 703 25111
3 164 15308 168
3 10162 20951 703
3 33325 20967 691
3 7698 968 758
3 5766 5021 16653
3 18739 18489 18052
3 14777 14778 1734
3 1696 25111 16617
3 168 15308 165
3 17249 135 130
3 2919 20956 8519
3 32806 8630 33317
3 8496 703 533
3 533 27156 8496
3 21185 14862 5527
3 1351 5773 32737
3 1358 34000 1682
3 18562 8925 6955
3 1319 34000 1358
3 14575 41 38
3 604 1696 16617
3 33257 604 16617
3 137 130 30238
3 33960 2906 951
3 951 2906 32859
3 15048 22432 8567
3 7252 7057 5925
3 1041 16319 758
3 561 33242 10292
3 561 8535 33242
3 27225 1709 12593
3 846 996 27794
3 27218 1689 909
3 909 14953 27218
3 8519 29082 2919
3 38 2895 14575
3 17198 14601 780
3 808 33380 968
3 30165 31324 33467
3 28351 707 33376
3 8496 16617 703
3 1842 33318 15332
3 710 165 157
3 7077 5769 22128
3 30758 32857 32793
3 2890 33470 2214
3 15776 14766 236
3 1339 1834 1643
3 32782 8476 515
3 164 34013 158
3 2051 10196 25009
3 20931 2051 2029
3 12918 4182 2930
3 1734 14778 1697
3 32906 2400 14776
3 2755 21465 10169
3 8469 27190 698
3 15091 32806 33317
3 3935 8539 27156
3 1285 27927 34819
3 20951 3935 27156
3 1341 1370 32991
3 2067 34805 33326
3 1033 14698 33961
3 1039 27980 2920
3 4469 17873 2023
3 1041 758 968
3 533 703 20951
3 20951 27156 533
3 10151 6995 19384
3 5628 6995 9529
3 10245 10284 10287
3 34878 3514 5551
3 33973 15654 25322
3 678 15418 32551
3 31520 678 1374
3 951 11861 33960
3 8544 8541 33307
3 158 155 164
3 687 2755 34561
3 1341 32991 30726
3 2051 33316 10209
3 1023 3869 9524
3 22128 9524 3869
3 8504 8539 3935
3 20951 8504 3935
3 33994 7856 21465
3 7856 33994 33077
3 30669 33381 1031
3 30691 15325 17873
3 8535 8551 18010
3 20958 8521 28314
3 7856 33077 11723
3 4512 33319 13740
3 24750 1685 11855
3 5021 4469 14776
3 4469 25078 14776
3 10287 32822 10245
3 21353 31352 2895
3 2214 33470 2895
3 2895 33311 2214
3 32854 8642 33324
3 4832 16819 22099
3 8404 26589 5336
3 26589 16520 2890
3 1031 14698 1033
3 6381 17755 5889
3 16319 22574 1018
3 1018 16520 16319
3 1003 1039 2920
3 33470 705 14575
3 6443 2067 689
3 14685 15654 33973
3 14701 33961 14754
3 32600 8404 5336
3 32818 17013 33318
3 5769 6199 22128
3 6199 9524 22128
3 4512 13740 25078
3 14935 5611 8567
3 1023 9529 3869
3 32822 10287 5934
3 6088 704 10284
3 20956 704 6088
3 32313 5387 5865
3 5865 5387 31279
3 16078 6403 33315
3 20931 33315 6403
3 1339 1643 2221
3 1643 25011 2221
3 9644 6502 5766
3 27225 12593 1374
3 12593 1703 1374
3 28063 16258 16032
3 6639 1701 1370
3 15457 13510 16348
3 2023 4512 25078
3 20967 4512 2023
3 14777 17613 18571
3 6955 6927 22528
3 9588 22528 6927
3 21465 7856 10169
3 27239 5546 27927
3 8476 33252 701
3 33247 15091 33317
3 1341 10921 1370
3 10921 1341 14963
3 5833 5839 5638
3 5833 5638 34868
3 32792 22196 12918
3 1355 236 10186
3 1302 236 1355
3 8404 33241 17410
3 14415 4832 25123
3 18410 1842 33324
3 32859 33314 27769
3 7698 758 16520
3 701 1685 1688
3 10186 14227 31527
3 12918 22196 8443
3 17 21465 21353
3 32851 25087 34003
3 30151 8801 14601
3 16617 8496 34400
3 30151 12136 8801
3 24991 8801 12136
3 2019 25074 6443
3 2891 808 968
3 236 14227 10186
3 9486 1041 33380
3 1041 968 33380
3 8586 2084 698
3 11855 2084 8586
3 1701 10284 704
3 12815 149 157
3 142 149 12815
3 30165 33467 30530
3 1351 21192 15080
3 18581 29249 30533
3 18562 5870 8925
3 9519 27080 11785
3 8925 34755 6955
3 27769 33310 11861
3 24181 27794 996
3 33257 16617 34400
3 5845 17569 14953
3 5755 5753 1287
3 32857 33315 8461
3 8647 8535 2873
3 2873 8535 33244
3 5752 1285 5753
3 8159 29771 29465
3 1358 25093 8159
3 10186 10182 1355
3 27190 10389 11861
3 22727 1834 1339
3 1339 18562 22727
3 6276 5833 7141
3 22048 7415 26178
3 1689 27218 1690
3 1689 1690 26698
3 26178 7415 15630
3 22522 32313 5865
3 32313 22031 5870
3 22337 10642 5977
3 5633 5977 10642
3 25076 2019 10294
3 30699 780 14601
3 18508 14766 15776
3 17343 1319 9079
3 1358 9079 1319
3 34914 13215 16296
3 27190 8469 10389
3 14698 515 14754
3 1339 2221 31279
3 21353 29 24
3 11450 33319 31722
3 11450 32850 13740
3 689 688 2019
3 909 1689 34001
3 34000 25055 1682
3 27490 1682 25055
3 33244 8535 561
3 14954 9581 27992
3 5865 9581 14954
3 5845 5839 32307
3 22551 5889 6033
3 22551 6381 5889
3 5977 5812 22156
3 22156 22337 5977
3 22323 5812 16805
3 5546 33014 27927
3 5773 6175 5925
3 10921 5889 15904
3 32850 11450 31722
3 2895 38 29
3 22374 9803 7389
3 7389 9803 22038
3 34755 8925 5870
3 1685 701 2084
3 5812 22323 22156
3 1643 1834 1696
3 22323 16805 33861
3 22432 3735 8567
3 7111 31319 22302
3 5755 7252 9613
3 33996 7057 1287
3 5808 8477 4439
3 9609 5752 5753
3 33312 5808 4439
3 17343 9079 29465
3 1358 29465 9079
3 2084 701 33252
3 719 9929 28325
3 719 25071 9929
3 27769 11861 32859
3 11861 951 32859
3 5638 14953 909
3 25123 4832 17738
3 137 142 12815
3 38 22 29
3 8647 8551 8535
3 27225 33076 1709
3 27506 8488 16178
3 2895 31352 33311
3 2906 32793 8461
3 33077 1351 11723
3 9929 11785 28325
3 9929 25071 11785
3 21192 33994 7
3 1678 10196 33079
3 26698 15116 5808
3 28314 14737 29082
3 29082 14737 9182
3 5546 16653 2400
3 10140 10182 10186
3 1319 5812 5977
3 30165 32019 32318
3 5802 14769 13785
3 236 10599 14227
3 14766 10599 236
3 6297 22480 14701
3 2221 25011 15451
3 1360 11855 25055
3 1643 1696 4333
3 1351 33996 11723
3 1351 32737 33996
3 697 10213 27769
3 9581 31279 27992
3 5865 31279 9581
3 22574 14281 7252
3 14281 22574 16319
3 2022 25078 13740
3 15626 18508 17959
3 15626 14766 18508
3 707 2873 2872
3 34001 1688 1685
3 28351 708 9485
3 34013 155 158
3 33244 561 10292
3 25010 1682 10213
3 25086 25076 10294
3 688 10294 2019
3 1699 1697 32991
3 10162 1697 1699
3 32313 30683 30699
3 14601 24991 30699
3 24991 34755 30699
3 10389 33381 18455
3 30669 18455 33381
3 27927 33014 34819
3 5336 26589 2890
3 34499 11666 14234
3 22156 9564 11666
3 32318 31319 26078
3 16819 14415 31568
3 25093 34969 29771
3 32906 25078 2022
3 9485 15048 21931
3 9485 708 15048
3 8159 29465 1358
3 17136 17763 17796
3 8504 2919 8539
3 4439 6297 14754
3 16653 14776 2400
3 25055 8586 698
3 11855 8586 25055
3 21192 33077 33994
3 2082 33315 20931
3 34005 17873 5021
3 5021 17873 4469
3 14768 5801 23949
3 17198 8544 14601
3 32787 17198 780
3 32787 8541 17198
3 17198 8541 8544
3 9518 6502 9644
3 34868 34001 24750
3 24750 34001 1685
3 2214 33311 2890
3 25011 4333 20948
3 33469 11785 27080
3 12588 31722 33469
3 31722 12588 32850
3 13785 14769 1678
3 16139 34013 25310
3 26135 34499 12073
3 2067 2022 13740
3 34805 2067 13740
3 15578 33244 33472
3 33320 15578 28063
3 25795 33961 14701
3 9531 9687 17690
3 3014 9564 30530
3 33314 2082 697
3 33996 32737 7057
3 10292 1703 12593
3 8469 33252 8476
3 25396 33079 14768
3 33001 15418 678
3 21353 2895 29
3 10599 34003 14227
3 14766 34003 10599
3 1319 22505 34000
3 1699 704 18036
3 18036 704 20951
3 8535 18010 33242
3 7698 16520 26589
3 1319 5977 22505
3 21943 5765 27239
3 5765 21943 9644
3 14272 28314 29082
3 25795 14389 31699
3 9644 21943 9516
3 16319 16520 758
3 1699 1701 704
3 8544 30151 14601
3 1285 34819 32993
3 34819 25076 32993
3 25078 32906 14776
3 1678 14769 29771
3 16520 2802 2890
3 16520 1018 2802
3 4333 1696 604
3 34805 32850 32879
3 33472 10292 1709
3 33320 2872 15578
3 29394 710 708
3 2022 2067 6443
3 8 21192 7
3 10245 28314 14272
3 19346 21943 9486
3 33380 19346 9486
3 33467 3014 30530
3 3014 33467 2906
3 32793 2906 33467
3 5628 33466 20433
3 24181 22528 9588
3 14234 11666 9564
3 14234 9564 33960
3 1319 17343 5812
3 2873 33244 2872
3 4872 8443 33316
3 5802 7111 14769
3 34914 16296 14737
3 17410 2891 32808
3 2891 33245 33326
3 689 33326 33245
3 10144 693 33255
3 10209 10196 2051
3 33320 34013 16139
3 34499 14234 33960
3 34499 26135 11666
3 33470 14168 705
3 14168 31909 705
3 22505 1360 34000
3 18581 5904 3690
3 28413 10209 33316
3 8519 14272 29082
3 10245 14272 8519
3 20941 701 10262
3 14769 29465 29771
3 32851 34003 33079
3 33079 34003 14768
3 14935 8567 3735
3 24659 17503 33759
3 5808 15457 8477
3 18010 8551 8521
3 18010 8521 33242
3 17 33994 21465
3 4872 33316 16078
3 1031 33381 14698
3 1033 25795 22567
3 17898 15811 33466
3 1003 2920 8647
3 5527 13 19
3 34767 16135 20989
3 33958 33380 808
3 2919 33468 33383
3 32881 1023 33959
3 707 2872 33376
3 32857 8461 32793
3 2890 2802 33470
3 9529 32777 22128
3 7042 6199 5769
3 5769 34005 7042
3 18052 32137 18739
3 22128 3869 9529
3 1678 25009 10196
3 6639 10287 10284
3 11861 10389 10453
3 1351 15080 5773
3 16078 33316 6403
3 1039 15630 32129
3 20958 28314 10245
3 14227 10144 31527
3 32822 20958 10245
3 1358 25010 25093
3 10245 6088 10284
3 26178 1003 9485
3 14894 33076 11660
3 1709 33076 14894
3 33472 1709 14894
3 27190 11861 33310
3 701 33312 8476
3 515 8476 33312
3 18581 27225 32551
3 5551 1352 30691
3 10356 20958 32822
3 25012 10356 32822
3 8551 34914 14737
3 14737 8521 8551
3 6033 7389 22038
3 33318 17013 14244
3 18562 6955 34240
3 7678 17569 5845
3 17959 9687 7557
3 1018 33470 2802
3 16805 17343 17329
3 14769 7111 17329
3 18508 6889 17959
3 5765 5766 16653
3 1287 7057 5755
3 1699 18036 10162
3 7529 7077 22128
3 32879 808 2891
3 33326 32879 2891
3 693 10144 10209
3 10144 32851 10209
3 996 1038 21531
3 26698 5808 20941
3 14953 14954 27218
3 17569 14954 14953
3 1033 22567 30735
3 32307 30735 22567
3 33247 18186 15091
3 25123 16436 1355
3 21931 3690 5904
3 33255 33248 31527
3 33324 33248 33255
3 8544 33307 18911
3 25795 14701 14389
3 33319 29217 31722
3 29217 14655 31722
3 34001 1689 1688
3 10262 1688 1689
3 710 16774 22432
3 25795 1033 33961
3 34878 28184 3514
3 25111 703 16617
3 30691 1352 15325
3 15332 33318 14244
3 14244 15967 15332
3 2067 33326 689
3 16653 5021 14776
3 8560 21246 33076
3 11660 33076 21246
3 10356 33242 20958
3 17262 6639 1370
3 15904 17262 1370
3 9529 6995 10151
3 10151 22577 9529
3 21931 15048 8567
3 20967 33319 4512
3 14963 5889 10921
3 130 137 12815
3 1703 10292 10356
3 10292 33242 10356
3 32782 33381 10389
3 22432 16774 3735
3 1038 33468 25839
3 9597 1038 25839
3 15332 15967 10140
3 34005 5766 7042
3 2221 15432 31279
3 15578 2872 33244
3 996 33383 1038
3 15451 15432 2221
3 9600 15602 13215
3 13215 15602 9182
3 8642 18410 33324
3 18410 8642 33973
3 16258 33472 11660
3 28063 33472 16258
3 17227 15626 7557
3 17227 14766 15626
3 719 1023 9524
3 719 33959 1023
3 17763 14886 5948
3 31520 33001 678
3 33001 31520 25012
3 33759 2356 15610
3 25086 10294 22178
3 14886 1302 1355
3 12918 4872 2356
3 8443 22196 693
3 12918 8443 4872
3 33001 17262 27223
3 33001 5934 17262
3 20433 33466 32818
3 1302 15776 236
3 1302 17136 18508
3 18508 15776 1302
3 697 25010 10213
3 8404 7698 26589
3 15811 32818 33466
3 4872 15610 2356
3 693 28413 8443
3 5865 14954 17569
3 5865 17569 7678
3 1039 26178 15630
3 15653 18410 20433
3 6088 10245 8519
3 25839 15602 26173
3 34767 20989 16656
3 10155 16656 13510
3 34767 10155 16815
3 33472 14894 11660
3 25123 10140 15967
3 15331 16258 11660
3 16774 149 3735
3 157 149 16774
3 17217 20967 2023
3 33320 16032 17348
3 6219 17796 19384
3 33466 5628 25503
3 9529 25503 5628
3 2872 16139 25310
3 33320 16139 2872
3 32787 16178 8541
3 5769 5551 30691
3 17503 2356 33759
3 32782 8469 8476
3 25093 2082 32262
3 32129 27980 1039
3 25503 17898 33466
3 25503 9529 1023
3 16296 13215 9182
3 16296 9182 14737
3 6443 689 2019
3 22480 27506 16169
3 27506 22480 18085
3 15811 32881 8639
3 6219 19384 17896
3 2051 25009 2029
3 28063 15578 33472
3 32818 33318 15653
3 20433 25322 5628
3 5628 25322 30542
3 17419 16493 10139
3 2082 20931 32262
3 15235 24750 1360
3 22099 24976 4832
3 13510 15457 10155
3 34767 27992 15432
3 34767 15432 15451
3 16135 25011 20989
3 16135 15451 25011
3 678 32551 1374
3 16169 33970 22480
3 5904 32551 18091
3 34767 16656 10155
3 26173 9600 32137
3 6889 17136 6219
3 15308 12815 165
3 12815 157 165
3 6246 5802 5801
3 5801 5802 23949
3 2023 17873 17217
3 7557 18641 17227
3 710 157 16774
3 14766 14768 34003
3 14766 17227 14768
3 1024 17048 14924
3 14935 3735 18224
3 16032 16332 147
3 30238 130 15331
3 16815 1366 27992
3 17343 16805 5812
3 25123 15967 14415
3 16861 20433 18410
3 20433 16861 25322
3 1024 9531 15654
3 14924 9531 1024
3 17755 16902 15904
3 27223 16902 18052
3 20967 29217 33319
3 33759 15610 11024
3 24659 18462 17503
3 6033 18571 7389
3 5904 18581 32551
3 15602 9600 26173
3 14963 6033 5889
3 34878 7077 7529
3 14768 17227 5801
3 1024 2930 17048
3 2025 691 17217
3 10186 31527 10140
3 10140 31527 33248
3 691 17419 33317
3 25087 10144 14227
3 5948 28184 7529
3 16815 1690 1366
3 30699 30683 780
3 1352 22099 16493
3 15116 15457 5808
3 16819 10139 22099
3 22577 17796 5948
3 30 41 705
3 1033 30735 1031
3 130 12815 17249
3 32129 15630 9829
3 4872 14688 15610
3 15610 14688 11024
3 2019 25076 25074
3 6443 25074 2022
3 5765 16653 5546
3 2930 4182 17048
3 34914 2920 27980
3 17348 155 34013
3 26057 1027 18462
3 1027 26057 17048
3 32129 18739 9600
3 16751 30542 25322
3 18410 15653 1842
3 24976 22099 1352
3 5551 24976 1352
3 6381 32137 18052
3 6381 18052 17755
3 17419 691 2025
3 18224 149 142
3 18224 3735 149
3 11024 26078 33759
3 9531 17896 16751
3 9600 13215 32129
3 17262 16902 27223
3 16169 27506 32787
3 22337 7141 10642
3 7141 22337 6276
3 1690 10155 15116
3 1690 16815 10155
3 15325 17217 17873
3 16493 2025 15325
3 25074 32906 2022
3 32906 25074 33014
3 33376 708 28351
3 135 16332 15331
3 31568 14415 14244
3 15811 8639 17013
3 17755 18052 16902
3 19 21185 5527
3 7077 5551 5769
3 18641 18462 27948
3 135 147 16332
3 14575 705 41
3 15654 16751 25322
3 18508 17136 6889
3 15904 16902 17262
3 1643 4333 25011
3 15630 7415 9829
3 33317 33325 691
3 33307 18583 20948
3 22178 33241 10019
3 25123 17738 16436
3 17738 3514 16436
3 7389 17613 22374
3 17136 1302 17763
3 1302 14886 17763
3 17738 4832 24976
3 780 33970 32787
3 5839 5845 5638
3 14924 26057 9687
3 7557 9687 26057
3 18091 9829 7415
3 5895 9829 18091
3 7141 15235 5633
3 15235 7141 5833
3 18091 7415 5904
3 15654 9531 16751
3 8639 32881 15091
3 18186 8639 15091
3 5752 27927 1285
3 15116 10155 15457
3 5765 5546 27239
3 5527 15080 21192
3 4439 8477 6297
3 8477 18085 6297
3 32787 33970 16169
3 34767 15451 16135
3 14389 33970 31699
3 33970 14389 22480
3 16751 17896 30542
3 17898 1023 32881
3 25503 1023 17898
3 18180 168 29394
3 164 168 18180
3 17013 31568 14244
3 16348 8488 27506
3 13510 8488 16348
3 17048 26057 14924
3 18462 1027 17503
3 15432 27992 31279
3 1287 32993 33996
3 1285 1287 5753
3 147 17249 155
3 6889 9687 17959
3 18583 19011 20948
3 33469 19331 33958
3 17796 6219 17136
3 5895 18091 15418
3 164 155 15308
3 18085 22480 6297
3 4832 14415 16819
3 14685 1024 15654
3 18180 34013 164
3 8639 18186 31568
3 15904 1370 10921
3 20989 33246 16656
3 142 137 18224
3 15626 17959 7557
3 18186 18266 31568
3 17348 16032 147
3 147 155 17348
3 18641 5801 17227
3 27948 5801 18641
3 15325 2025 17217
3 137 30238 18224
3 4182 2356 17503
3 15418 18489 5895
3 2025 16493 17419
3 15331 16332 16258
3 16032 16258 16332
3 24659 27948 18462
3 17690 9687 6889
3 6889 6219 17690
3 18911 33257 8495
3 18826 33257 18911
3 18091 32551 15418
3 5934 10287 17262
3 17796 17763 5948
3 18583 20989 19011
3 5638 909 34001
3 135 15331 130
3 604 18273 4333
3 33257 18273 604
3 32881 15811 17898
3 19123 33246 8488
3 27223 15418 33001
3 27223 18489 15418
3 33246 20989 18583
3 17419 33247 33317
3 5895 18739 9829
3 691 20967 17217
3 9531 17690 17896
3 1842 15332 33248
3 32881 32806 15091
3 33959 32806 32881
3 5895 18489 18739
3 27156 846 12136
3 18085 16348 27506
3 19123 8488 13510
3 18641 7557 26057
3 32129 13215 27980
3 18726 6246 5801
3 16819 18266 10139
3 9829 18739 32129
3 1352 16493 15325
3 4182 17503 1027
3 8488 33246 17795
3 24659 18726 27948
3 18826 20948 18273
3 15653 33318 1842
3 15457 16348 8477
3 18641 26057 18462
3 8544 18911 8495
3 18076 18726 24659
3 33759 18076 24659
3 17419 10139 33247
3 18266 33247 10139
3 32818 15811 17013
3 17048 4182 1027
3 155 12815 15308
3 17249 12815 155
3 18076 6246 18726
3 20948 18826 18911
3 20948 18911 33307
3 17795 33246 18583
3 8639 31568 17013
3 31568 18266 16819
3 17896 17690 6219
3 6995 5628 30542
3 19384 6995 30542
3 20948 19011 25011
3 16178 8488 8541
3 8541 8488 17795
3 18085 8477 16348
3 17896 19384 30542
3 147 135 17249
3 19123 13510 16656
3 9531 14924 9687
3 32806 28325 8630
3 10019 34561 12509
3 19011 20989 25011
3 2919 29082 33468
3 21185 9455 14862
3 13 21192 8
3 13 5527 21192
3 18581 30533 27225
3 33995 34561 10169
3 719 9524 25071
3 30238 15331 21246
3 33314 8461 33315
3 25055 698 27490
3 33317 8630 33325
3 697 2082 25093
3 25093 25010 697
3 2084 11855 1685
3 21931 22048 9485
3 7111 5802 6246
3 7042 5766 22124
3 2755 687 31352
3 33996 32993 24505
3 32851 10144 25087
3 1690 27218 1366
3 1360 22505 5633
3 26138 5833 6276
3 10262 701 1688
3 34561 2755 10169
3 32857 16078 33315
3 14688 16078 30758
3 4182 12918 2356
3 6033 22038 22551
3 22156 11666 26135
3 7856 11723 10169
3 22038 9597 22551
3 22727 1734 1834
3 22522 30683 32313
3 9644 5766 5765
3 6199 22124 9519
3 9586 22038 9803
3 7678 22567 32543
3 9574 26138 30669
3 9613 5753 5755
3 9524 6199 25071
3 9518 9644 9516
3 9486 32345 1041
3 22031 30699 34755
3 30699 22031 32313
3 12073 18455 30669
3 26078 6246 18076
3 22156 26135 22337
3 5752 9609 21943
3 14862 6175 5773
3 6955 34755 6927
3 30726 18571 6033
3 22048 5904 7415
3 32345 9613 7252
3 9613 9609 5753
3 5948 14886 28184
3 8495 30151 8544
3 34400 30151 8495
3 33257 34400 8495
3 29082 9182 33468
3 14886 16436 28184
3 5766 34005 5021
3 5845 14953 5638
3 13785 25396 23949
3 5802 13785 23949
3 9485 1003 28351
3 996 9586 24181
3 2919 8504 20956
3 33470 14575 2895
3 7077 34878 5551
3 2906 8461 32859
3 11785 31722 14655
3 5773 15080 14862
3 29217 33325 8630
3 31520 1703 10356
3 14698 33381 32782
3 20931 6403 33316
3 30758 31324 14688
3 1697 14778 32991
3 8159 25093 29771
3 17 21353 24
3 34003 25087 14227
3 33255 32854 33324
3 693 32854 33255
3 20951 704 8504
3 1339 5870 18562
3 32879 12588 33469
3 20948 4333 18273
3 32851 10196 10209
3 22574 7252 5925
3 25012 31520 10356
3 34000 1360 25055
3 32822 5934 25012
3 10292 12593 1709
3 33001 25012 5934
3 20956 8504 704
3 27080 9518 19331
3 10284 1701 6639
3 33241 8404 10019
3 25396 13785 1678
3 27980 13215 34914
3 1038 9597 21531
3 34969 25093 32262
3 32543 25795 31699
3 33759 26078 18076
3 13740 33319 11450
3 1039 1003 26178
3 14768 23949 25396
3 22522 32543 31699
3 18224 30238 14935
3 24181 9588 27794
3 21943 27239 5752
3 1366 27218 14954
3 30758 32793 33467
3 25076 25086 32993
3 25396 1678 33079
3 32262 20931 2029
3 33861 22302 32019
3 22 19 13
3 8 22 13
3 4439 14754 515
3 1339 31279 5870
3 30151 8101 12136
3 22124 9518 9519
3 29217 8630 14655
3 18186 33247 18266
3 14862 15080 5527
3 31909 6175 14862
3 693 10209 28413
3 22 30 19
3 17410 32808 7698
3 33312 4439 515
3 33310 698 27190
3 14688 4872 16078
3 996 21531 9586
3 33958 19331 33380
3 17329 29465 14769
3 8469 32782 10389
3 22374 6955 22528
3 22727 17613 14777
3 24991 9588 34755
3 1834 1734 1696
3 1689 26698 10262
3 32019 30530 9564
3 15602 25839 9182
3 8567 5611 29249
3 33469 27080 19331
3 6502 22124 5766
3 27225 30533 33076
3 33076 30533 8560
3 1370 1701 1699
3 25310 29394 33376
3 11855 1360 24750
3 32879 33958 808
3 27156 8101 8496
3 17755 15904 5889
3 25310 18180 29394
3 165 29394 168
3 22178 12509 25086
3 11861 10453 33960
3 22124 6502 9518
3 33973 16861 18410
3 16861 33973 25322
3 33320 28063 16032
3 1038 33383 33468
3 25839 33468 9182
3 33311 31352 687
3 22 7 17
3 8560 30238 21246
3 30238 8560 14935
3 18581 3690 29249
3 21931 8567 3690
3 17329 17343 29465
3 27156 996 846
3 26173 32137 6381
3 5769 30691 34005
3 18571 30726 14778
3 1041 32345 16319
3 24991 14601 8801
3 30165 30530 32019
3 780 30683 33970
3 14954 27992 1366
3 19331 9518 9516
3 30669 32291 12073
3 32291 26135 12073
3 26138 32291 30669
3 24181 9803 22528
3 22574 31909 1018
3 5551 3514 24976
3 14701 22480 14389
3 28351 1003 707
3 29249 3690 8567
3 7111 6246 31319
3 31319 6246 26078
3 11024 32318 26078
3 20967 33325 29217
3 17613 7389 18571
3 846 27794 12136
3 28314 8521 14737
3 30 22 41
3 8496 8101 30151
3 1031 30735 9574
3 32808 968 7698
3 33310 10213 27490
3 22038 21531 9597
3 2400 32906 33014
3 22337 26135 32291
3 9588 24991 27794
3 5833 9574 5839
3 19384 22577 10151
3 22551 25839 26173
3 5839 9574 32307
3 8647 707 1003
3 687 32600 33311
3 14963 1341 30726
3 24750 15235 34868
3 34001 34868 5638
3 32600 5336 33311
3 25009 32262 2029
3 30726 32991 14778
3 32551 27225 1374
3 9803 22374 22528
3 32777 7529 22128
3 32307 22567 5845
3 31909 14862 9455
3 9564 22156 22323
3 22574 6175 31909
3 9516 21943 19346
3 9486 9609 9613
3 5865 32543 22522
3 10294 33241 22178
3 34005 30691 17873
3 33246 19123 16656
3 33861 32019 9564
3 22551 26173 6381
3 22048 26178 9485
3 6276 22337 32291
3 6276 32291 26138
3 9574 5833 26138
3 32019 22302 32318
3 20931 33316 2051
3 21943 9609 9486
3 9486 9613 32345
3 5925 32737 5773
3 1697 10162 703
3 10213 33310 27769
3 22577 32777 9529
3 22577 7529 32777
3 5633 10642 7141
3 5633 22505 5977
3 27948 18726 5801
3 10196 32851 33079
3 22 8 7
3 2082 33314 33315
3 9519 9518 27080
3 25071 6199 9519
3 8642 32854 32792
3 32787 27506 16178
3 14685 8642 32792
3 33472 33244 10292
3 34767 16815 27992
3 2920 8551 8647
3 5611 8560 30533
3 2920 34914 8551
3 688 689 33245
3 14655 28325 11785
3 14698 32782 515
3 2930 14685 32792
3 8461 33314 32859
3 33252 8469 698
3 12073 34499 18455
3 33320 17348 34013
3 33995 10169 11723
3 32313 5870 5387
3 27156 12136 8101
3 17 24 22
3 20941 33312 701
3 1285 32993 1287
3 32792 12918 2930
3 8496 30151 34400
3 17410 33241 33245
3 1734 1697 25111
3 12509 33995 25086
3 8539 33383 996
3 33383 8539 2919
3 33959 28325 32806
3 33961 14698 14754
3 33960 3014 2906
3 14685 2930 1024
3 34240 17613 22727
3 11024 31324 30165
3 32318 11024 30165
3 7678 32543 5865
3 20956 6088 8519
3 12588 32879 32850
3 33470 1018 14168
3 33380 19331 9516
3 33380 9516 19346
3 32808 2891 968
3 33958 32879 33469
3 165 710 29394
3 705 31909 9455
3 33960 9564 3014
3 33467 31324 30758
3 25310 34013 18180
3 1031 9574 30669
3 33973 8642 14685
3 17 7 33994
3 27223 18052 18489
3 688 33245 33241
3 21246 15331 11660
3 15235 1360 5633
3 18571 14778 14777
3 24505 25086 33995
3 1370 1699 32991
3 1355 16436 14886
3 22 38 41
3 698 2084 33252
3 688 33241 10294
3 2890 33311 5336
3 5752 27239 27927
3 26698 20941 10262
3 18562 34240 22727
3 34240 6955 17613
3 22302 31319 32318
3 1018 31909 14168
3 32854 22196 32792
3 25074 25076 34819
3 9586 9803 24181
3 5546 2400 33014
3 25310 33376 2872
3 8560 5611 14935
3 16805 17329 33861
3 697 27769 33314
3 10140 25123 10182
3 29394 708 33376
3 34499 33960 10453
3 10389 18455 10453
3 34499 10453 18455
3 17613 6955 22374
3 14281 32345 7252
3 32345 14281 16319
3 14777 1734 22727
3 25074 34819 33014
3 1678 29771 25009
3 33324 1842 33248
3 33257 18826 18273
3 32818 15653 20433
3 1374 1703 31520
3 31699 33970 30683
3 9455 19 30
3 8539 996 27156
3 21192 1351 33077
3 13740 32850 34805
3 31699 30683 22522
3 34868 15235 5833
3 32600 34561 10019
3 1734 25111 1696
3 5611 30533 29249
3 7042 22124 6199
3 9455 21185 19
3 9455 30 705
3 8541 17795 33307
3 25795 32543 22567
3 25086 24505 32993
3 33996 24505 11723
3 25078 4469 2023
3 9588 6927 34755
3 11785 25071 9519
3 33995 12509 34561
3 9574 30735 32307
3 22323 33861 9564
3 17796 22577 19384
3 707 8647 2873
3 8404 32600 10019
3 21353 2755 31352
3 3514 28184 16436
3 10182 25123 1355
3 18739 32137 9600
3 11785 33469 31722
3 24991 12136 27794
3 10019 12509 22178
3 5845 22567 7678
3 5387 5870 31279
3 698 33310 27490
3 32879 33326 34805
3 34969 25009 29771
3 25009 34969 32262
3 8443 28413 33316
3 15332 10140 33248
3 2891 17410 33245
3 22048 21931 5904
3 14415 15967 14244
3 5870 22031 34755
3 10213 1682 27490
3 1358 1682 25010
3 20958 33242 8521
3 16493 22099 10139
3 33307 17795 18583
3 7698 8404 17410
3 15048 708 22432
3 22551 9597 25839
3 6297 14701 14754
3 24976 3514 17738
3 29 22 24
3 32600 687 34561
3 6639 17262 10287
3 17329 22302 33861
3 17329 7111 22302
3 22574 5925 6175
3 14688 31324 11024
3 33255 31527 10144
3 8630 28325 14655
3 30726 6033 14963
3 22196 32854 693
3 21531 22038 9586
3 32857 30758 16078
3 33959 719 28325
3 22577 5948 7529
3 28184 34878 7529
3 5925 7057 32737
3 7057 7252 5755
3 21465 2755 21353
3 24505 33995 11723
3 20941 5808 33312
3 10162 18036 20951
4 115 123 128
4 13306 4800 9995
4 13026 21446 11592
4 27768 5691 18935
4 21464 6907 16101
4 2011 1030 33777
4 28319 17061 26954
4 33755 8429 1937
4 110 34558 104
4 6606 13162 16513
4 11898 13128 13000
4 16321 28182 16161
4 34804 21446 13026
4 302 564 644
4 530 22017 321
4 22017 646 321
4 115 118 123
4 10872 476 16229
4 530 33693 1937
4 3287 16608 31691
4 30810 18990 27275
4 29233 7738 12945
4 33734 542 33765
4 1953 1948 1916
4 636 33681 26147
4 1030 120 33777
4 5176 4157 7738
4 29230 558 25359
4 487 489 26587
4 22231 1144 492
4 1144 33689 492
4 18993 11608 17944
4 10970 646 10897
4 20889 10892 6606
4 10884 10924 638
4 27879 29311 3279
4 16587 646 1518
4 2536 28157 1549
4 10885 10924 10884
4 1853 13041 13455
4 19046 1853 12114
4 1518 12370 34885
4 4205 30195 6939
4 10018 18825 18830
4 7929 3758 33754
4 33754 17061 33779
4 18896 19290 2536
4 18896 2536 1549
4 2757 648 17177
4 17177 19039 2757
4 15779 10034 3270
4 644 10896 2907
4 2972 6395 33786
4 2972 4292 6395
4 1904 1030 2011
4 113 120 1904
4 33681 10917 556
4 12370 26531 34885
4 3270 10034 11958
4 11958 10987 3270
4 33761 16608 17535
4 10912 476 10872
4 4641 27355 33746
4 19274 11923 19075
4 19274 19075 18936
4 33746 27355 4630
4 33761 3359 7889
4 15729 5695 3758
4 33750 6573 18935
4 24637 33681 519
4 18655 15825 23498
4 28344 1922 33735
4 18079 13258 24671
4 17462 30329 33898
4 30811 10002 12031
4 33750 18935 5691
4 22069 3273 33736
4 106 111 115
4 111 118 115
4 104 101 115
4 127 124 115
4 115 101 106
4 119 114 115
4 124 119 115
4 114 110 115
4 110 104 115
4 19039 21127 2757
4 6395 33756 12565
4 558 1922 25359
4 27284 29363 33785
4 646 22017 1518
4 643 2925 10892
4 2925 13162 6606
4 24068 885 11032
4 10939 647 10900
4 10939 26601 647
4 15098 24107 17177
4 27768 18930 5691
4 26147 33681 24637
4 33826 33677 639
4 123 118 30329
4 3286 10810 33745
4 33769 33745 10810
4 16229 12945 632
4 16229 632 24080
4 10951 33733 33738
4 10634 31099 16608
4 564 4198 23546
4 23546 4198 3280
4 16513 10986 20889
4 33782 18956 31191
4 1948 516 1916
4 3274 33900 33736
4 21831 30156 18993
4 12110 19009 13549
4 7601 5187 33682
4 33784 33741 13325
4 107 6907 112
4 6907 21464 112
4 32928 18533 28690
4 643 10894 644
4 13541 10013 19290
4 18825 13541 19290
4 21876 649 572
4 10087 6395 12565
4 28291 1947 4157
4 10892 2925 6606
4 31090 33774 1947
4 1929 5632 27879
4 16067 25121 27735
4 33777 120 126
4 30329 17462 123
4 4113 2008 26181
4 650 6389 103
4 6389 6907 103
4 15856 26531 16620
4 3758 5695 26954
4 119 124 9994
4 1904 2011 28319
4 650 16101 6389
4 16101 6907 6389
4 2274 16513 13162
4 4205 8543 1937
4 8543 4205 4292
4 33779 2011 28057
4 638 10924 558
4 911 7058 10896
4 4630 33735 3164
4 125 28057 129
4 4265 25358 5655
4 2008 33741 33742
4 33755 8543 4292
4 19235 29363 27284
4 4630 4623 33735
4 19235 13549 25128
4 19235 10668 13549
4 10668 31580 13549
4 492 106 22231
4 630 14975 10948
4 11478 9308 892
4 634 34804 33682
4 634 10954 34804
4 103 9569 102
4 102 9569 105
4 32275 2925 643
4 7330 33765 542
4 1948 18552 516
4 10885 639 10924
4 107 9569 103
4 10087 12565 28216
4 8429 33755 27275
4 10882 19137 17889
4 647 15232 10970
4 33754 4771 7929
4 33715 885 17521
4 9308 17858 892
4 34885 10896 9719
4 28696 884 10783
4 3286 3359 10810
4 33769 10810 29466
4 643 10892 10894
4 18552 13258 18079
4 31191 11087 33782
4 1953 33782 11087
4 881 24076 33714
4 28344 7330 4265
4 18627 649 648
4 125 4800 28057
4 24168 33708 891
4 24637 519 3273
4 630 33678 8550
4 630 8550 14975
4 8494 5600 30467
4 20710 8494 30467
4 5679 16620 12370
4 11592 636 9699
4 9699 636 26147
4 13420 13325 4300
4 103 6907 107
4 17219 17931 11067
4 17931 17219 15497
4 5514 8529 9994
4 4800 125 9995
4 554 33682 24638
4 18956 4744 18082
4 110 114 34558
4 33741 1943 13325
4 13064 7600 637
4 637 7600 29229
4 16229 29773 10872
4 106 492 111
4 24076 10948 14975
4 897 11047 10882
4 28319 2011 17061
4 9569 108 105
4 33750 5691 18930
4 124 5514 9994
4 637 29229 556
4 11043 896 17126
4 19235 11993 10668
4 12788 10111 30812
4 12945 7738 29215
4 10392 16101 10943
4 16101 10392 925
4 18629 27138 18628
4 31099 8429 27275
4 3164 33735 3275
4 9998 27469 28279
4 15232 647 321
4 18666 10900 32908
4 8429 31099 10634
4 3287 8429 10634
4 18825 10018 13541
4 19046 32454 1853
4 4107 519 556
4 10038 30529 33713
4 30529 10038 18990
4 18630 10392 10943
4 10392 18630 925
4 28319 489 1904
4 18630 20654 25368
4 14225 17521 24068
4 14225 24068 10872
4 32908 1111 922
4 9308 11478 11592
4 16608 31099 18857
4 4623 4630 27326
4 10900 647 10970
4 12904 13325 13420
4 4186 1922 33677
4 11588 10954 634
4 28688 15936 13306
4 10002 884 12031
4 33855 908 18655
4 119 17219 114
4 114 17219 34558
4 26579 8509 28282
4 8509 26579 6805
4 14975 8550 10868
4 8550 22231 10868
4 25358 556 29229
4 881 33714 9997
4 33693 26601 30195
4 644 2907 26531
4 7058 10989 10896
4 27389 15852 30813
4 10668 11993 31580
4 101 104 10868
4 3280 28551 23546
4 33717 10013 13541
4 15517 525 21831
4 119 9994 17219
4 26531 4198 302
4 34558 10868 104
4 33693 530 26601
4 3359 15856 1933
4 11608 13119 31651
4 24183 11608 31651
4 11588 634 10912
4 11592 9699 13026
4 649 18628 27138
4 11592 11478 636
4 4645 34494 20710
4 10884 638 10882
4 10872 14141 10912
4 10872 24068 14141
4 24168 891 34682
4 24068 17521 885
4 33722 28688 13306
4 10896 644 10894
4 911 10896 10894
4 643 564 32275
4 33826 639 9785
4 23889 10897 16587
4 7058 27735 18429
4 7330 19966 28677
4 4623 28677 19966
4 35279 15779 11718
4 6573 18079 24671
4 18935 6573 24671
4 18628 649 18627
4 10948 631 630
4 631 30445 632
4 13128 27990 26473
4 17944 11608 10888
4 28282 20654 18630
4 24183 902 24113
4 902 27990 24113
4 27236 30495 8529
4 18627 648 2757
4 33784 13325 12904
4 128 123 17462
4 17462 18876 128
4 10943 650 26587
4 27469 30495 27236
4 31122 27469 27236
4 28157 19290 19288
4 16587 34885 9719
4 8117 2274 13162
4 33678 549 28181
4 549 33678 630
4 31497 30802 28133
4 6939 6395 4292
4 28688 25368 13455
4 21876 572 4113
4 572 1943 4113
4 10939 10900 24107
4 32830 919 11993
4 18628 919 32830
4 33785 12565 33756
4 11891 885 33715
4 12860 19235 19021
4 30810 30529 18990
4 19075 11923 11922
4 26473 10024 30858
4 12110 33711 922
4 8103 5600 32760
4 12788 30812 27882
4 3273 3274 33736
4 4107 3274 3273
4 13154 11958 10034
4 12014 9997 9998
4 18630 25368 925
4 24089 34682 891
4 8509 27191 27138
4 12031 19051 30811
4 10896 34885 2907
4 28057 2011 33777
4 31122 33753 27469
4 10912 21793 476
4 10783 24080 28696
4 4157 550 29215
4 8509 27138 18629
4 105 108 487
4 27191 8509 6805
4 26531 302 644
4 20889 15779 10987
4 13258 1948 24671
4 18552 1948 13258
4 26540 489 26954
4 10939 24107 15098
4 32275 27878 8117
4 18533 12349 28690
4 10897 18660 10970
4 13306 27693 20260
4 9569 107 112
4 11025 24080 30445
4 28257 30813 15701
4 1904 489 487
4 11032 24168 10954
4 554 634 33682
4 302 4198 564
4 27695 10020 32928
4 632 30445 24080
4 28371 27502 13077
4 9997 15497 30495
4 33738 33733 4645
4 19009 25128 13549
4 7330 28344 19966
4 33772 31497 5632
4 12110 13549 33711
4 15098 30195 10939
4 10964 641 28182
4 26529 2274 8117
4 120 129 126
4 24080 29773 16229
4 33756 26181 2008
4 321 647 26601
4 3287 10634 16608
4 924 20654 18629
4 14141 24081 10912
4 14141 24068 24081
4 18666 922 33711
4 10943 16101 650
4 648 649 21876
4 9785 639 10886
4 893 13077 11931
4 893 11931 891
4 8529 15497 9994
4 24089 9308 11592
4 16321 17870 32976
4 15856 16620 1933
4 16608 18857 17535
4 11051 28682 24621
4 5632 29311 27879
4 29311 5632 33768
4 27768 22300 32559
4 12014 9998 19051
4 28503 3275 4186
4 28503 4186 32760
4 11891 19274 24095
4 24095 33708 11891
4 4198 26531 15856
4 476 12945 16229
4 25359 5655 29230
4 20654 28282 18629
4 8509 18629 28282
4 25418 22017 530
4 530 3287 25418
4 33779 17061 2011
4 10912 634 21793
4 634 554 21793
4 11042 12349 24457
4 18858 18990 10038
4 7665 8117 27878
4 35279 30802 10034
4 15779 35279 10034
4 32939 637 15668
4 24457 32939 15668
4 33733 10951 15378
4 21577 31167 18183
4 29466 21577 27424
4 4213 572 27191
4 27138 27191 572
4 9997 30495 9998
4 18858 30815 18857
4 18956 28157 27502
4 9569 113 108
4 12961 637 32939
4 11032 10954 24081
4 10954 11588 24081
4 18839 28257 13128
4 18839 34494 28257
4 6459 17203 15517
4 530 321 26601
4 28238 32454 18972
4 17177 648 15098
4 648 30243 15098
4 15232 646 10970
4 646 15232 321
4 102 487 650
4 27389 4645 33733
4 4645 27389 28257
4 11899 33716 11898
4 24099 33716 11899
4 5695 26540 26954
4 26540 5695 6805
4 33747 8494 20710
4 27324 27695 18905
4 27324 18905 33734
4 29311 27389 33733
4 33761 18500 28275
4 12904 17163 33784
4 4259 28295 4744
4 16587 1518 34885
4 7330 542 4265
4 542 25358 4265
4 33733 15378 3279
4 1933 7889 3359
4 18939 11087 31191
4 25368 924 13455
4 20654 924 25368
4 33768 27389 29311
4 27389 33768 31530
4 18660 17385 33713
4 17385 12845 33713
4 562 6459 15517
4 16161 562 15517
4 9308 24089 17858
4 27324 22227 30294
4 27324 28677 22227
4 6459 21091 3279
4 21091 6459 562
4 11922 8503 884
4 33715 11922 11923
4 12349 32939 24457
4 24457 15668 10917
4 21876 30243 648
4 3279 21091 27879
4 7665 23546 1929
4 1904 120 1030
4 18935 24671 18954
4 33713 12845 10038
4 641 26529 562
4 556 15668 637
4 28257 15701 13128
4 15701 13000 13128
4 30156 525 5600
4 5600 525 30467
4 32976 28182 16321
4 911 10894 10987
4 12788 897 10111
4 27191 5695 15729
4 6805 5695 27191
4 24168 21446 10954
4 18622 30815 12845
4 12945 476 29233
4 1947 1910 4157
4 4157 1910 550
4 10018 28690 33717
4 28690 11042 33717
4 487 108 113
4 18935 19075 22300
4 22300 19075 32559
4 33855 19298 15929
4 28133 15929 19298
4 28688 13041 15936
4 27693 15936 13041
4 10882 638 16981
4 549 630 631
4 4300 4213 15729
4 27191 15729 4213
4 17862 16067 27735
4 16067 11958 13154
4 1943 4213 13325
4 1943 572 4213
4 33761 29466 3359
4 33761 28275 29466
4 3279 15378 6459
4 10111 13227 30812
4 7665 1929 27879
4 10989 9719 10896
4 10964 10986 16513
4 4623 22227 28677
4 10888 11608 35234
4 11899 13000 10032
4 6459 10951 17203
4 33755 2972 33786
4 33755 4292 2972
4 12788 22061 33703
4 30294 13227 10020
4 4300 13325 4213
4 13420 27312 12904
4 12349 11042 28690
4 10930 16321 16161
4 30812 13227 30294
4 19137 10882 16981
4 17126 12961 11043
4 12114 15975 19046
4 10111 897 17889
4 15975 12114 19037
4 16161 21831 10930
4 16161 15517 21831
4 15852 19298 10032
4 908 11718 10986
4 19298 27762 10032
4 28275 31167 21577
4 11043 32939 12349
4 19037 12114 29885
4 10986 10964 15825
4 35279 11718 908
4 10882 17889 897
4 27695 27324 16854
4 27695 16854 10020
4 12961 17621 13064
4 21091 562 26529
4 17862 27735 911
4 911 27735 7058
4 10930 17944 10888
4 19039 18666 33711
4 18666 19039 24107
4 27284 33785 33784
4 33712 23889 16967
4 28182 32976 10964
4 15825 10964 32976
4 4300 15729 3758
4 10989 11902 16967
4 10951 30467 525
4 34804 10954 21446
4 16981 30312 17621
4 12904 27312 17163
4 17201 10036 11902
4 17203 525 15517
4 17203 10951 525
4 22017 25418 5679
4 16967 11902 18859
4 16967 18859 33712
4 33855 15929 35279
4 30813 15852 10032
4 18614 4300 3758
4 27524 17535 18857
4 10964 16513 2274
4 15576 13227 17889
4 10890 10036 17201
4 16161 28182 641
4 637 12961 13064
4 35234 24113 24099
4 32976 23498 15825
4 33745 33772 28551
4 516 18552 21793
4 924 17684 13455
4 17684 1853 13455
4 9719 16967 16587
4 29466 10810 3359
4 30243 4113 26181
4 11718 20889 10986
4 11718 15779 20889
4 896 10020 15576
4 11931 19288 10013
4 10888 16321 10930
4 10888 24099 16321
4 33855 27762 19298
4 18655 27762 33855
4 19137 15576 17889
4 23498 32976 17731
4 11958 16067 17862
4 16321 24099 17870
4 24099 11899 17870
4 15576 19137 17126
4 19137 17621 17126
4 10032 27762 17731
4 32976 11899 17731
4 4771 22884 15975
4 22884 19046 15975
4 641 562 16161
4 27524 10036 10890
4 18500 27524 10890
4 13420 4300 18614
4 11032 24081 24068
4 21831 17944 10930
4 33855 35279 908
4 19137 16981 17621
4 10002 11922 884
4 28238 18972 18981
4 33779 28238 18981
4 27312 13420 16545
4 16545 13420 18614
4 10013 33717 33720
4 24099 24113 33716
4 11931 17858 891
4 10912 24081 11588
4 12961 17126 17621
4 10890 31167 28275
4 27656 16067 13154
4 14975 10868 11067
4 18183 25121 27656
4 27424 18183 27656
4 31167 17201 25121
4 556 519 33681
4 10888 35234 24099
4 17126 896 15576
4 18429 10989 7058
4 19021 28225 27691
4 17163 27691 28225
4 11899 10032 17731
4 27524 32131 10036
4 16981 638 30312
4 7929 4771 18614
4 15852 31530 19298
4 17385 23889 33712
4 32454 13041 1853
4 10989 16967 9719
4 18429 11902 10989
4 4771 15975 16545
4 16513 20889 6606
4 18429 25121 17201
4 33761 17535 18500
4 18500 17535 27524
4 631 10948 30445
4 11025 30445 10948
4 27691 19037 29885
4 11043 18533 896
4 28275 18500 10890
4 18981 4771 33754
4 2274 26529 641
4 11043 12349 18533
4 27656 25121 16067
4 27312 27691 17163
4 18981 18972 22884
4 27236 8529 5514
4 16545 18614 4771
4 27524 18857 18622
4 18935 18954 19075
4 18896 18825 19290
4 2536 19290 28157
4 19021 27691 12860
4 908 10986 15825
4 27502 19288 13077
4 12110 30810 19009
4 15576 10020 13227
4 24028 26473 30858
4 17201 11902 18429
4 27695 10018 18830
4 10890 17201 31167
4 18622 12845 32131
4 19140 30858 22061
4 30858 10024 22061
4 28133 30802 35279
4 30814 10034 30802
4 18820 32531 19274
4 19274 18936 18939
4 27524 18622 32131
4 12961 32939 11043
4 33720 11931 10013
4 11902 10036 18859
4 16854 27324 30294
4 23498 27762 18655
4 4771 18981 22884
4 10020 896 32928
4 32928 896 18533
4 31167 25121 18183
4 21577 18183 27424
4 18972 19046 22884
4 7929 18614 3758
4 10964 2274 641
4 908 15825 18655
4 10036 32131 18859
4 27693 28238 25292
4 26954 17061 33754
4 33736 1549 18082
4 10970 10991 10900
4 18792 11067 33714
4 18792 14975 11067
4 27138 572 649
4 18552 5176 29233
4 18935 22300 27768
4 32559 11922 10002
4 31122 27236 18876
4 11891 11923 19274
4 19966 28344 33735
4 11931 13077 19288
4 27275 27277 30810
4 31580 919 21127
4 33693 4205 1937
4 30243 26181 6939
4 6939 26181 6395
4 24089 891 17858
4 32454 19046 18972
4 22069 28295 3273
4 1916 554 24638
4 24080 11025 28696
4 16620 5679 1933
4 18552 18079 5176
4 13026 7601 33682
4 22061 10024 28682
4 924 32830 33852
4 11051 10885 10884
4 33677 558 10924
4 11958 17862 911
4 26587 650 487
4 26587 489 26540
4 18993 8103 13119
4 30156 8103 18993
4 564 643 644
4 556 10917 15668
4 10943 26587 26540
4 636 10917 33681
4 26579 18630 10943
4 10917 636 11478
4 18628 18627 919
4 8503 11922 17521
4 13026 26147 7601
4 11993 12860 29885
4 29885 32830 11993
4 11931 33720 17858
4 4744 33782 4259
4 32908 922 18666
4 33785 33742 33784
4 17521 14225 29773
4 925 28688 33722
4 27312 15975 19037
4 10991 10970 18660
4 19039 17177 24107
4 33711 21127 19039
4 10987 10894 10892
4 1947 28291 33750
4 25128 19009 29363
4 1933 31691 7889
4 2757 21127 18627
4 27355 4641 24028
4 27277 28216 19009
4 1947 33774 1910
4 632 12945 29215
4 24095 19274 32531
4 13077 893 24095
4 24168 11032 33708
4 4052 1883 30329
4 4205 33693 30195
4 12014 19051 12031
4 121 112 9995
4 27469 33749 33774
4 32760 4186 33677
4 32760 33677 33826
4 18954 24671 33899
4 5679 25418 1933
4 27277 19009 30810
4 11478 24457 10917
4 11067 10868 34558
4 11047 10884 10882
4 11051 10884 11047
4 28157 19288 27502
4 18082 28157 18956
4 4259 24638 5187
4 28295 24637 3273
4 4744 28295 22069
4 12110 922 30529
4 18954 18936 19075
4 31691 16608 7889
4 10897 23889 18660
4 9995 112 21464
4 30813 13000 15701
4 19075 11922 32559
4 18956 33782 4744
4 10948 24076 11025
4 10885 24621 10886
4 10885 11051 24621
4 28344 4265 25359
4 8103 30156 5600
4 33779 28057 25292
4 20260 25292 28057
4 25359 4265 5655
4 28295 5187 24637
4 13026 9699 26147
4 33749 33753 3323
4 18839 13128 26473
4 26540 26579 10943
4 476 21793 29233
4 10924 639 33677
4 33756 6395 26181
4 33786 6395 10087
4 30812 30294 22227
4 4052 492 33689
4 34682 24089 11592
4 12565 29363 28216
4 19140 32329 28252
4 125 129 121
4 18082 4744 22069
4 28057 33777 129
4 4630 27355 28252
4 31497 28133 33768
4 22227 4623 27326
4 30812 27326 27882
4 18622 18857 30815
4 33770 33772 33745
4 28238 27693 32454
4 28273 27656 30814
4 19037 27691 27312
4 23546 28551 1929
4 28551 5632 1929
4 23546 7665 27878
4 12788 27882 19140
4 27882 27326 19140
4 33714 24076 18792
4 9995 21464 33722
4 24621 902 24183
4 18079 6573 33750
4 27469 33753 33749
4 891 33708 893
4 24095 893 33708
4 27355 24028 28252
4 34364 30802 33772
4 3274 33734 33900
4 19021 27284 28225
4 28225 27284 33784
4 31099 27275 18858
4 18930 19051 27668
4 28057 4800 20260
4 18820 18939 31191
4 19235 27284 19021
4 4630 28252 32329
4 24028 30858 28252
4 31099 18858 18857
4 34364 30814 30802
4 27326 30812 22227
4 22061 28682 33703
4 28273 27424 27656
4 17163 28225 33784
4 27878 564 23546
4 18990 18858 27275
4 26147 5187 7601
4 28291 5176 18079
4 489 28319 26954
4 19009 28216 29363
4 28289 4142 1910
4 1883 4052 3323
4 4052 28181 3323
4 4107 3273 519
4 2008 4113 1943
4 4259 5187 28295
4 25418 3287 31691
4 4205 6939 4292
4 11051 33703 28682
4 3274 542 33734
4 33734 33765 27324
4 8494 32760 5600
4 4157 29215 7738
4 5632 31497 33768
4 7665 27879 21091
4 25358 7600 5655
4 892 11042 11478
4 27693 13306 15936
4 27693 13041 32454
4 15378 10951 6459
4 121 129 112
4 30813 10032 13000
4 17731 27762 23498
4 902 28682 10024
4 885 33708 11032
4 892 33720 33717
4 10783 884 29773
4 8494 28503 32760
4 11922 33715 17521
4 11891 33708 885
4 1111 30529 922
4 29885 12860 27691
4 33772 30802 31497
4 32760 33826 8103
4 21091 8117 7665
4 21091 26529 8117
4 5679 12370 22017
4 9214 6939 30195
4 18839 26473 24028
4 1853 33852 12114
4 27990 13128 11898
4 26147 24637 5187
4 31090 1947 33750
4 17385 18660 23889
4 27990 10024 26473
4 15497 9997 33714
4 30814 13154 10034
4 27735 25121 18429
4 24621 28682 902
4 30243 6939 9214
4 9998 30495 27469
4 25358 29229 7600
4 30811 27768 10002
4 19274 18939 18820
4 19051 18930 30811
4 28696 12014 12031
4 18830 18825 18896
4 27656 13154 30814
4 17462 33898 18876
4 3275 33746 3164
4 33713 10991 18660
4 18905 18896 33900
4 33774 28289 1910
4 11993 919 31580
4 8503 29773 884
4 16545 15975 27312
4 33770 33745 33769
4 33852 29885 12114
4 11051 11047 33703
4 4623 19966 33735
4 25358 3274 4107
4 13000 11899 11898
4 31182 33774 18930
4 27277 27275 33786
4 33899 33792 18936
4 18939 18936 33792
4 1883 3323 33753
4 28275 21577 29466
4 27424 33770 33769
4 33899 1948 33792
4 27326 32329 19140
4 19140 28252 30858
4 18930 33774 31090
4 1549 28157 18082
4 31651 13119 10886
4 24183 31651 10886
4 27695 18830 18905
4 18830 18896 18905
4 33786 28216 27277
4 33786 10087 28216
4 33753 31122 18876
4 33747 28503 8494
4 35234 11608 24183
4 4052 30329 111
4 2008 33742 33756
4 33785 33756 33742
4 112 129 9569
4 4630 32329 27326
4 34558 17219 11067
4 15098 30243 9214
4 28273 30814 34364
4 31530 33768 28133
4 31530 28133 19298
4 10991 33713 1111
4 28279 31182 27668
4 24095 32531 13077
4 33826 9785 8103
4 27768 32559 10002
4 919 18627 21127
4 2907 34885 26531
4 29885 33852 32830
4 33682 5187 24638
4 18630 26579 28282
4 924 33852 17684
4 11025 881 28696
4 28696 881 12014
4 4142 28289 3323
4 33678 28181 33689
4 22061 12788 19140
4 31580 21127 33711
4 11958 911 10987
4 1953 1916 24638
4 25418 31691 1933
4 27695 32928 10018
4 16101 925 21464
4 28371 13077 18820
4 7600 29230 5655
4 19235 25128 29363
4 18839 4641 34494
4 4641 18839 24028
4 925 25368 28688
4 33785 29363 12565
4 21446 24168 34682
4 33722 13306 9995
4 21831 525 30156
4 3274 25358 542
4 27768 30811 18930
4 18820 13077 32531
4 2925 32275 13162
4 35234 24183 24113
4 13064 30312 7600
4 22231 33678 1144
4 33678 33689 1144
4 18629 32830 924
4 925 33722 21464
4 12788 33703 897
4 18082 22069 33736
4 33736 33900 18896
4 18939 33792 11087
4 33741 33784 33742
4 34494 4641 33747
4 22231 8550 33678
4 1953 11087 33792
4 21793 554 516
4 4107 556 25358
4 21831 18993 17944
4 30329 118 111
4 102 105 487
4 550 631 632
4 631 550 549
4 558 29230 638
4 33677 1922 558
4 530 1937 3287
4 1916 516 554
4 4142 550 1910
4 4142 28181 549
4 550 4142 549
4 881 9997 12014
4 9994 15497 17219
4 11993 19235 12860
4 30529 30810 12110
4 125 121 9995
4 33852 1853 17684
4 11047 897 33703
4 892 33717 11042
4 18859 32131 33712
4 11891 33715 11923
4 33717 13541 10018
4 3270 10987 15779
4 10900 10991 32908
4 15497 33714 17931
4 18954 33899 18936
4 33898 1883 33753
4 15856 3359 3286
4 8429 3287 1937
4 3275 33735 1922
4 28289 33774 33749
4 33745 28551 3280
4 33749 3323 28289
4 10951 20710 30467
4 3758 26954 33754
4 3286 4198 15856
4 33741 2008 1943
4 4198 3286 3280
4 3280 3286 33745
4 1953 24638 4259
4 18905 33900 33734
4 129 33777 126
4 1549 33736 18896
4 18876 127 128
4 28371 31191 27502
4 27389 30813 28257
4 18876 124 127
4 31191 18956 27502
4 31182 18930 27668
4 33792 1948 1953
4 1922 4186 3275
4 27389 31530 15852
4 4630 3164 33746
4 24671 1948 33899
4 24113 27990 33716
4 20260 27693 25292
4 17521 29773 8503
4 31090 33750 18930
4 8117 13162 32275
4 33755 1937 8543
4 113 129 120
4 10939 30195 26601
4 29773 24080 10783
4 24621 24183 10886
4 5514 124 18876
4 28273 34364 33772
4 8103 9785 13119
4 18981 33754 33779
4 26579 26540 6805
4 27878 32275 564
4 27668 9998 28279
4 19051 9998 27668
4 27324 33765 28677
4 28257 34494 4645
4 1883 33898 30329
4 28181 4142 3323
4 31580 33711 13549
4 902 10024 27990
4 29230 30312 638
4 10885 10886 639
4 13119 9785 10886
4 12031 884 28696
4 550 632 29215
4 33770 27424 28273
4 31182 28279 27469
4 21446 34682 11592
4 18552 29233 21793
4 17385 33712 12845
4 20710 33738 4645
4 10111 17889 13227
4 30195 15098 9214
4 31191 28371 18820
4 13306 20260 4800
4 28291 18079 33750
4 8529 30495 15497
4 11608 18993 13119
4 5176 7738 29233
4 17621 30312 13064
4 16854 30294 10020
4 32908 10991 1111
4 106 101 22231
4 10868 22231 101
4 29466 27424 33769
4 3279 29311 33733
4 5176 28291 4157
4 28273 33772 33770
4 10897 646 16587
4 27236 5514 18876
4 29773 14225 10872
4 25292 28238 33779
4 13041 28688 13455
4 16967 23889 16587
4 11042 24457 11478
4 28344 25359 1922
4 18629 18628 32830
4 32928 28690 10018
4 24107 10900 18666
4 33747 4641 33746
4 28503 33746 3275
4 103 102 650
4 9569 129 113
4 11025 24076 881
4 33713 30529 1111
4 33716 27990 11898
4 28551 33772 5632
4 20710 34494 33747
4 4259 33782 1953
4 16608 33761 7889
4 28181 4052 33689
4 33714 11067 17931
4 7600 30312 29230
4 34804 13026 33682
4 33765 7330 28677
4 26531 12370 16620
4 33746 28503 33747
4 28133 35279 15929
4 17858 33720 892
4 1518 22017 12370
4 33898 33753 18876
4 10951 33738 20710
4 10038 12845 30815
4 20889 10987 10892
4 27275 33755 33786
4 18792 24076 14975
4 32131 12845 33712
4 113 1904 487
4 10038 30815 18858
4 21876 4113 30243
4 115 128 127
4 19290 10013 19288
4 111 492 4052
4 33774 31182 27469
4 17870 11899 32976
5 8538 25494 20093
5 33668 26212 33666
5 2970 22203 7414
5 9943 14254 217
5 14254 18476 217
5 17076 4051 8727
5 29170 19948 20017
5 1233 23585 12667
5 88 93 1421
5 28646 8674 30626
5 19948 15025 11458
5 20139 7189 3157
5 85 95 91
5 18476 4228 217
5 33863 16690 33869
5 33518 19954 10820
5 85 99 100
5 85 100 95
5 18423 23940 3106
5 85 92 99
5 24795 25428 25335
5 19948 16741 15025
5 24974 5562 6473
5 30395 20250 3097
5 18254 257 34362
5 3981 35327 33752
5 29289 25534 7709
5 16257 257 18254
5 11574 4263 760
5 27922 16180 33630
5 29388 30475 7709
5 16577 8016 33751
5 6438 8009 27537
5 7832 1457 22204
5 1457 7832 2967
5 33751 8016 6530
5 1421 30503 1430
5 24824 1226 3461
5 6820 19412 985
5 985 27251 6820
5 728 33858 33869
5 26484 3073 3104
5 9943 217 24216
5 30326 9438 1323
5 1365 29142 2387
5 2387 2358 1365
5 2396 23585 1233
5 14501 1587 1233
5 2970 3104 1812
5 7838 27251 985
5 12417 2396 1587
5 2966 30696 7536
5 11420 1751 2966
5 1226 22204 3461
5 1457 33637 22204
5 33864 2079 6482
5 28100 21672 4006
5 25341 29362 25494
5 12395 2383 19990
5 2399 20017 12737
5 2317 77 72
5 2317 72 29104
5 13016 4096 22203
5 2361 6599 25342
5 2387 2544 12404
5 16702 12404 2544
5 26482 26517 33672
5 7842 3106 1465
5 15870 28167 6457
5 3104 12651 26484
5 3067 28192 3079
5 27251 3067 3079
5 4747 30466 30469
5 1789 3157 100
5 7536 11420 2966
5 1691 4263 4173
5 2352 14468 2350
5 13016 6163 3461
5 3556 90 81
5 3097 3567 30395
5 3567 3097 16360
5 2390 20046 2301
5 3705 6462 8161
5 4030 3705 8161
5 24795 20250 30395
5 3659 6163 10080
5 6163 3659 3461
5 15627 16123 21442
5 6482 33876 3971
5 3971 33876 33820
5 21549 14643 20055
5 23585 14643 21549
5 2962 18575 8538
5 18575 25494 8538
5 24324 3970 33621
5 3970 24324 16714
5 12677 24824 3659
5 24006 3991 26504
5 2397 3991 24006
5 33659 26444 4127
5 19954 2350 4173
5 1691 4173 2350
5 10820 4330 11574
5 12703 26517 2383
5 26444 12713 4127
5 83 85 91
5 12737 19948 9653
5 15309 34008 7885
5 3106 30466 4747
5 3106 4747 18423
5 15636 33870 4006
5 3970 8771 33621
5 6482 2079 20141
5 12680 14442 27750
5 26212 25580 1691
5 3157 95 100
5 4972 30718 20136
5 8661 4972 8155
5 7536 1292 27731
5 20000 13199 32300
5 4747 30469 18423
5 27978 17255 18223
5 30503 1421 15627
5 30503 15627 21442
5 728 6599 2361
5 5778 33612 16556
5 12651 26316 2358
5 26518 20269 14254
5 5756 8538 20093
5 92 85 90
5 29320 16768 17494
5 3073 17294 7821
5 17294 3073 6042
5 3097 9158 33640
5 6163 31723 25508
5 1587 2396 1233
5 14501 1233 12667
5 2380 2352 2350
5 14468 2352 12640
5 6457 24970 25522
5 30395 24812 24795
5 35339 7838 24915
5 19932 29142 1365
5 19932 1365 2358
5 33622 18486 12896
5 7189 95 3157
5 16577 16427 12404
5 16726 7309 23039
5 6582 7346 3973
5 26546 14501 26477
5 12984 21450 4972
5 7509 27725 7885
5 18964 35339 19043
5 10820 19954 4330
5 27537 17970 33862
5 27537 8009 17970
5 16628 21324 16053
5 24006 3801 21549
5 15870 33874 28167
5 93 1043 1421
5 2396 21452 20055
5 13199 15369 27954
5 3079 18423 30469
5 3109 17912 33662
5 25451 25388 24818
5 12404 8597 16577
5 89 21324 7367
5 7832 8807 2967
5 26504 33646 33665
5 3097 1792 9158
5 33751 16706 16577
5 12395 24001 33869
5 12421 29156 16733
5 29156 8659 16733
5 16257 29172 33820
5 33876 16257 33820
5 825 29286 14283
5 5693 6473 23039
5 23039 6473 6468
5 21442 16123 9818
5 9818 98 94
5 7832 25379 8807
5 7832 24808 25379
5 25494 18575 25341
5 25530 7842 7845
5 4757 4754 27954
5 34763 3981 3988
5 24001 29286 16635
5 22204 1226 7832
5 24824 7832 1226
5 2387 29142 2544
5 16706 16427 16577
5 12390 2377 2376
5 5778 12390 33612
5 12633 14254 19952
5 29174 12633 19952
5 8597 8016 16577
5 12892 29174 19952
5 12892 33823 29174
5 26518 12689 14459
5 17402 8155 33822
5 24262 33869 10137
5 10102 4750 2301
5 4228 12680 24216
5 9653 19948 12673
5 33641 9653 12673
5 19990 14283 29286
5 6582 8002 7346
5 33661 1421 1430
5 12651 2970 7414
5 74 73 15025
5 14231 77 2317
5 7878 30696 2966
5 25363 34951 25475
5 16556 33612 8002
5 29156 33613 9039
5 33630 9039 33613
5 11458 15025 73
5 12673 11458 73
5 25530 7845 25474
5 2372 24216 12680
5 4173 4263 4330
5 33669 2962 9290
5 2962 8538 9290
5 29156 9039 8659
5 8659 9039 33630
5 25342 24850 12743
5 25342 6438 24850
5 2970 1812 31688
5 20127 20122 29371
5 35339 2974 7838
5 8538 5756 29445
5 8538 29445 12189
5 12737 18960 2399
5 30395 29445 24812
5 2390 2301 4750
5 2350 14468 12104
5 26212 12104 14468
5 9331 3107 14531
5 26504 9331 14531
5 7893 30458 30466
5 33649 88 19281
5 33664 27283 30475
5 2361 25388 3997
5 825 16772 29286
5 29170 20017 29222
5 9748 29416 25363
5 13016 3461 4096
5 2376 14254 12633
5 29174 2376 12633
5 20093 25428 24812
5 2350 12104 1691
5 24812 5756 20093
5 16706 12406 16427
5 7842 25530 25523
5 25523 25530 25468
5 3105 6438 27537
5 18254 2076 16257
5 7367 21324 16628
5 9818 7367 16628
5 12743 1292 8705
5 20046 10103 16714
5 33874 16714 10103
5 1801 24807 24806
5 25409 19660 15864
5 27283 33664 14531
5 24006 14531 33664
5 33615 16554 29132
5 8009 16554 33615
5 6530 6617 33751
5 18467 14238 24960
5 4330 4263 11574
5 2372 29172 32235
5 7842 25523 7893
5 32300 16349 12703
5 24816 7877 1292
5 20046 24198 10103
5 33874 10103 24198
5 33752 20098 1323
5 12394 17649 33615
5 33537 33868 10820
5 15373 24809 1792
5 24970 19412 25522
5 16632 6649 28478
5 8727 4051 29348
5 20121 24824 12677
5 6447 20121 12677
5 16349 22598 33637
5 24324 18029 16714
5 1691 25580 4263
5 1421 19281 88
5 6530 20122 6617
5 16690 29111 12395
5 7893 25523 30458
5 217 4228 24216
5 18029 10102 2301
5 74 15025 33632
5 25342 6598 6438
5 3107 29289 27283
5 3107 27283 14531
5 31724 18575 30400
5 25442 32189 34567
5 30626 1812 28646
5 94 89 9818
5 12417 16715 16723
5 6462 16723 16715
5 33823 8002 33612
5 12390 33537 2377
5 29132 18978 33615
5 20084 34362 30150
5 8771 15870 6457
5 8771 33874 15870
5 12984 8661 16737
5 1789 99 92
5 4173 4330 19954
5 2387 12404 34387
5 27725 18430 11832
5 24262 10137 8009
5 24262 8009 6598
5 2301 20046 18029
5 19374 33658 14459
5 6457 25522 15864
5 33668 2965 2995
5 6438 6598 8009
5 32188 33658 19374
5 33868 33537 12390
5 33621 15864 8161
5 3567 12189 30395
5 9818 89 7367
5 31715 30626 20127
5 29371 31715 20127
5 3104 3073 28646
5 16349 33637 12703
5 25409 30458 25523
5 12703 33637 26517
5 12421 30505 29156
5 25534 19601 7709
5 19601 29388 7709
5 1801 2995 2965
5 16360 33669 12189
5 33669 16360 4228
5 7509 2381 27725
5 6468 29192 16726
5 6447 12677 10080
5 74 33632 80
5 84 80 33632
5 20000 29181 13199
5 20000 29111 29181
5 12511 6589 32189
5 2387 3850 2358
5 2358 3850 26484
5 16733 12984 16737
5 8659 21450 12984
5 3801 24006 33664
5 2965 33668 33666
5 34388 16427 12406
5 27954 15369 4757
5 16695 33616 34777
5 18476 20269 34010
5 25334 14487 27765
5 1465 24094 23025
5 2377 760 12689
5 16486 8161 6462
5 1430 3109 33662
5 24807 24845 24806
5 25534 5562 24974
5 16556 6582 35327
5 21884 16556 35327
5 30150 257 33876
5 19932 16501 29142
5 34567 6589 17863
5 16715 29117 16622
5 14459 12689 19374
5 24970 24915 19412
5 20008 21549 14763
5 29192 20008 14763
5 3079 5415 18423
5 19601 24974 25474
5 19660 4030 8161
5 34387 16427 34388
5 21442 9818 14238
5 9818 16628 14238
5 16715 12417 29117
5 12417 19940 29117
5 2966 33672 2967
5 33672 2966 1751
5 33872 27922 33613
5 7346 8002 17157
5 14763 21549 20055
5 17142 18564 29320
5 21549 20008 30505
5 24006 21549 30505
5 2377 11574 760
5 16949 16801 30326
5 30326 1323 16949
5 34362 29362 17157
5 24795 1792 20250
5 20250 1792 3097
5 20269 18476 14254
5 31715 1812 30626
5 3984 33862 8770
5 20093 20084 29857
5 16554 16619 29132
5 30150 33876 6482
5 14643 2396 20055
5 23585 2396 14643
5 7845 7842 1465
5 2665 16997 20587
5 16723 6462 7309
5 23039 7309 6462
5 33666 14468 12640
5 3991 27771 26504
5 20093 29857 25428
5 7877 27731 1292
5 1451 34010 33658
5 2376 26518 14254
5 26444 17916 17255
5 27765 14487 19936
5 6530 8016 26506
5 16950 33611 29222
5 33659 4127 28192
5 33669 9290 12189
5 9290 8538 12189
5 18254 33823 2076
5 15980 33752 1323
5 15369 13199 21700
5 29181 21700 13199
5 21013 8016 8597
5 26506 8016 21013
5 34008 15493 12640
5 19940 1587 14501
5 12743 24850 1292
5 20093 25494 20084
5 19948 29170 16741
5 18423 5415 26546
5 25460 31715 29371
5 29371 26506 25460
5 6473 5562 16180
5 12713 4750 28192
5 2390 4750 12713
5 25341 7346 29362
5 25508 20587 10080
5 26517 26482 2383
5 30303 14487 6042
5 34387 14487 30303
5 1792 13614 6902
5 2076 12892 16257
5 16257 12892 29172
5 3461 22204 4096
5 20122 20127 16343
5 6462 16715 16486
5 16427 34387 12404
5 3105 24845 6438
5 6438 24845 24850
5 33874 24198 33620
5 33874 33620 28167
5 33537 11574 2377
5 1800 24815 31724
5 2396 12417 21452
5 16723 21452 12417
5 14501 12667 26477
5 33660 26477 12667
5 33821 21013 8597
5 8123 26506 33821
5 19374 760 4263
5 4263 33673 19374
5 12511 19190 34763
5 16522 12391 33518
5 34008 27731 2965
5 2965 27731 7877
5 6589 34763 3988
5 27251 7838 2974
5 2974 3067 27251
5 10102 29117 19940
5 19940 26546 10102
5 1801 2965 7877
5 6902 13614 16412
5 16216 78 83
5 33818 16212 16216
5 26482 825 14283
5 26482 11420 825
5 33820 2372 2371
5 30469 27251 3079
5 30469 6820 27251
5 16393 8044 4023
5 1801 7877 24807
5 8807 7878 2967
5 12395 29111 2383
5 29185 33866 24198
5 24198 33866 33620
5 20141 2079 18996
5 25530 24974 5693
5 32300 13199 27954
5 20098 15254 24815
5 3971 33820 33819
5 33868 21884 3981
5 27765 12713 26444
5 20004 12713 27765
5 26316 23948 2358
5 19932 2358 23948
5 19936 14487 34388
5 17076 33822 17162
5 825 11420 15309
5 11420 27731 15309
5 24845 25442 24806
5 25442 24845 29287
5 20143 29348 17234
5 73 79 12673
5 16743 35184 12058
5 2398 20058 35184
5 12511 34763 6589
5 24795 15373 1792
5 24795 25335 15373
5 16395 12421 2398
5 18430 18978 29132
5 33868 19190 10820
5 19190 33868 34763
5 12673 19948 11458
5 33611 29170 29222
5 33665 2985 3107
5 33869 24001 10137
5 29174 27743 2376
5 29115 29185 20004
5 26444 33659 17916
5 16702 2544 29142
5 16709 29115 12406
5 12394 16081 16686
5 29193 33872 33613
5 29156 29193 33613
5 27743 29174 33612
5 26444 17255 25334
5 25334 27765 26444
5 16678 16686 12391
5 16622 29117 18029
5 2371 29493 12385
5 12385 33820 2371
5 15493 33666 12640
5 2965 33666 15493
5 33665 3107 9331
5 12058 5565 24482
5 17313 15369 21700
5 15548 4006 6447
5 16845 14231 2317
5 26504 33665 9331
5 30466 8425 6820
5 33871 8770 33862
5 26189 9158 16829
5 6902 16829 9158
5 33862 16678 33871
5 15627 1421 1043
5 16845 27714 14236
5 33870 15636 21700
5 34008 2965 15493
5 16709 34483 33866
5 34483 8044 33866
5 33659 3067 2974
5 31724 24815 15254
5 33630 4041 17209
5 8659 33630 17209
5 20793 15548 16997
5 29222 2399 20016
5 91 559 83
5 29857 20141 25428
5 29857 6482 20141
5 8009 10137 16554
5 2352 2381 7509
5 27922 6468 6473
5 20098 33752 3973
5 20098 3973 15254
5 6482 29857 30150
5 17137 17162 16768
5 33630 16180 4041
5 2985 25475 29289
5 25475 2985 9748
5 21884 5778 16556
5 29181 33870 21700
5 4757 23948 4754
5 23948 27988 4754
5 12391 16081 2380
5 24482 5565 6649
5 1043 98 16123
5 16123 98 9818
5 20046 2390 35247
5 35247 2390 20004
5 33751 6617 34483
5 12677 3659 10080
5 1043 16123 15627
5 16081 15816 2380
5 16212 78 16216
5 2399 18960 17333
5 559 16216 83
5 18960 1089 17333
5 2985 7898 9748
5 7898 2985 15881
5 33620 4025 28167
5 28167 4025 29374
5 25363 4041 16180
5 16180 34951 25363
5 2317 27714 16845
5 12384 27714 2317
5 17019 33875 20793
5 559 10088 16216
5 7898 15881 1469
5 15881 33665 1469
5 16081 12394 15816
5 12394 2381 15816
5 29362 20084 25494
5 15369 12398 4757
5 2397 12421 16395
5 27771 2397 16395
5 10080 16997 6447
5 16801 16401 30326
5 1453 16401 1800
5 24915 32214 25513
5 2381 2352 15816
5 17495 559 20139
5 559 17495 10088
5 825 15309 7885
5 16741 33610 16495
5 4047 16495 33610
5 14231 3556 77
5 81 77 3556
5 16628 16053 4047
5 4047 16053 16495
5 20139 3157 12367
5 12384 33614 16056
5 12384 16056 27714
5 27978 18223 30627
5 3988 3981 15980
5 33862 17970 17649
5 16635 16619 24001
5 10137 24001 16619
5 12511 32189 8770
5 12511 8770 33871
5 16625 16743 12058
5 8661 8155 17402
5 1469 24482 16632
5 16635 29286 16772
5 11832 16619 16635
5 33875 15548 20793
5 985 24915 7838
5 16522 16678 12391
5 33871 16678 16522
5 15816 2352 2380
5 8727 29348 4047
5 22598 22204 33637
5 20058 34460 16737
5 27161 25580 33674
5 22025 28478 18779
5 28478 6649 18779
5 27725 16772 7885
5 1792 6902 9158
5 2398 35184 16743
5 2398 16743 2367
5 825 7885 16772
5 33640 9158 26189
5 33818 16216 10088
5 29320 17137 16768
5 18867 31673 9438
5 27771 33646 26504
5 1800 16401 16801
5 1800 16801 24815
5 1424 26420 14236
5 33866 8044 16393
5 7898 16807 9748
5 16807 29416 9748
5 26189 16829 16683
5 6902 1424 16829
5 17076 8727 33611
5 16845 26420 14231
5 12640 7885 34008
5 7509 7885 12640
5 25475 9748 25363
5 23948 4757 19932
5 33665 24482 1469
5 20098 24815 16949
5 16949 1323 20098
5 16632 24482 6649
5 16738 33822 16950
5 16738 15559 17402
5 3988 15980 1323
5 15858 16412 34007
5 16053 21324 16495
5 32381 1628 1789
5 1469 16632 7899
5 15559 16737 8661
5 29170 17033 33610
5 17033 8727 33610
5 3848 17034 16738
5 16738 17034 15559
5 33862 16686 16678
5 4041 29347 21450
5 82 88 33649
5 16695 19052 12499
5 16997 15548 6447
5 16695 12499 33616
5 16393 4023 18909
5 27725 11832 16772
5 33875 17313 21700
5 17162 4051 17076
5 17137 4051 17162
5 29348 15160 4047
5 4972 20136 8155
5 35321 17206 14236
5 4041 21450 17209
5 8659 17209 21450
5 29416 30718 29347
5 16738 17402 33822
5 11832 29132 16619
5 11832 18430 29132
5 17921 24960 7900
5 20143 17234 6787
5 4051 17137 17234
5 16709 16706 34483
5 16949 24815 16801
5 1801 23558 2995
5 24806 23558 1801
5 35321 29493 2371
5 25266 17912 25489
5 17333 20016 2399
5 16683 16829 1424
5 1424 17206 16683
5 15636 4006 15548
5 29289 3107 2985
5 1089 5565 12058
5 1089 12058 12044
5 2079 33622 18996
5 2974 18964 3007
5 16738 20016 3848
5 20016 16950 29222
5 6902 16412 1424
5 27067 34567 18979
5 16056 33614 29493
5 16056 29493 27714
5 24809 13614 1792
5 12417 1587 19940
5 32381 1789 92
5 30508 22754 4028
5 20016 16738 16950
5 22754 33673 4028
5 30718 20142 20136
5 15160 16628 4047
5 4023 8044 17741
5 12410 17780 6617
5 7900 17912 3109
5 15183 19094 30513
5 15183 30513 19043
5 30718 21450 29347
5 15858 33643 17913
5 26420 17913 14231
5 7899 22025 20142
5 28478 22025 7899
5 92 90 17598
5 8661 12984 4972
5 12896 24809 18996
5 12394 16686 17649
5 33862 17649 16686
5 29419 18309 15183
5 1493 6787 16840
5 1493 16840 25489
5 16723 20055 21452
5 27161 2995 23558
5 3848 20016 12044
5 26482 1751 11420
5 31724 25341 18575
5 17313 19052 12398
5 17780 17741 6617
5 34483 6617 17741
5 17598 33643 32381
5 3556 33643 17598
5 34460 16733 16737
5 25334 17294 6042
5 18960 5565 1089
5 2387 30303 3850
5 3850 30303 26484
5 24809 12896 12367
5 24809 12367 13614
5 17494 16768 20136
5 35321 14236 27714
5 7189 20139 559
5 17294 27978 7821
5 14238 15160 24960
5 33818 10088 18486
5 12499 17019 20793
5 17019 12499 19052
5 78 16212 76
5 22754 30508 18867
5 22025 17494 20142
5 33643 34007 32381
5 32381 34007 1628
5 1424 15858 26420
5 15858 1424 16412
5 17162 33822 8155
5 6649 16088 5340
5 16088 25489 5340
5 17863 6589 3988
5 6617 16343 12410
5 17780 29419 4023
5 4023 17741 17780
5 18564 17137 29320
5 76 16212 29104
5 1453 32188 16401
5 24806 25442 17905
5 23558 24806 17905
5 33643 15858 34007
5 17913 33643 3556
5 17913 3556 14231
5 33873 18486 33622
5 18895 33873 33622
5 5340 16840 18564
5 16635 16772 11832
5 2974 17916 33659
5 15160 29348 20143
5 34483 17741 8044
5 18430 2381 12394
5 17970 33615 17649
5 18964 30513 3007
5 19094 30627 18600
5 17034 3848 12044
5 2985 33665 15881
5 5565 18960 33663
5 7536 30696 8705
5 559 91 7189
5 14238 16628 15160
5 16625 2367 16743
5 34567 17863 18979
5 28192 3067 33659
5 24482 16625 12058
5 28167 29374 6457
5 25442 34567 17905
5 1628 12367 3157
5 12367 1628 13614
5 7189 91 95
5 1430 17921 3109
5 6787 17234 17137
5 18223 17255 17916
5 18223 18600 30627
5 24960 16642 7900
5 16501 19052 16695
5 19932 12398 16501
5 12398 19932 4757
5 8674 18555 25512
5 18309 8674 30627
5 25266 25489 33663
5 18960 25266 33663
5 33875 17019 19052
5 16950 33822 33611
5 33611 33822 17076
5 16683 17206 26189
5 29419 15183 18909
5 15559 20058 16737
5 16695 34777 29142
5 16088 6649 33663
5 25489 16088 33663
5 17921 7900 3109
5 16768 17162 8155
5 33622 12896 18996
5 9438 17863 3988
5 8659 12984 16733
5 3556 17598 90
5 12743 24818 25388
5 25342 12743 25388
5 17333 1089 12044
5 33866 16393 33620
5 16393 4025 33620
5 21442 14238 18467
5 21442 18467 17921
5 25460 8123 2665
5 33875 15636 15548
5 18486 17495 12896
5 1424 14236 17206
5 92 17598 32381
5 1628 3157 1789
5 1493 16642 6787
5 16642 20143 6787
5 20793 16997 2665
5 29142 16501 16695
5 8674 18309 18555
5 18309 12410 18555
5 17494 20136 20142
5 29416 20142 30718
5 6787 17137 18564
5 17142 5340 18564
5 18567 23558 27067
5 18567 27161 23558
5 35184 20058 17034
5 12398 15369 17313
5 17402 15559 8661
5 16840 5340 25489
5 3007 17916 2974
5 20058 2398 34460
5 3007 30513 18600
5 18223 3007 18600
5 12384 29104 34565
5 4025 16393 18909
5 18909 25513 4025
5 18309 17780 12410
5 29419 17780 18309
5 34565 33818 33873
5 12410 16343 18555
5 35184 17034 12044
5 35184 12044 12058
5 33614 34565 33873
5 33614 12384 34565
5 15636 33875 21700
5 9438 18979 17863
5 18567 4028 27161
5 18779 6649 5340
5 16412 13614 1628
5 10137 16619 16554
5 35339 18964 2974
5 22754 18867 30326
5 27725 2381 18430
5 29416 29347 25363
5 18895 33622 33864
5 16401 32188 22754
5 33864 33622 2079
5 29419 18909 4023
5 16807 7899 20142
5 18223 17916 3007
5 18895 29751 33614
5 3988 1323 9438
5 18978 12394 33615
5 18430 12394 18978
5 31673 18979 9438
5 33875 19052 17313
5 1469 7899 7898
5 7898 7899 16807
5 18909 15183 25513
5 7900 16642 1493
5 7900 1493 17912
5 18486 10088 17495
5 16501 12398 19052
5 18779 5340 17142
5 18964 19043 30513
5 18979 30508 18567
5 18979 18567 27067
5 19043 25513 15183
5 20142 29416 16807
5 18600 30513 19094
5 30326 18867 9438
5 19094 15183 18309
5 26420 15858 17913
5 16840 6787 18564
5 14531 24006 26504
5 26518 34010 20269
5 29287 3105 27537
5 14501 26546 19940
5 29111 20000 2383
5 27771 16395 2398
5 12421 16733 34460
5 12391 2380 19954
5 2372 27750 2371
5 15980 3981 33752
5 24816 24845 24807
5 12406 19936 34388
5 24808 20120 25379
5 24824 20121 20120
5 22204 33671 4096
5 2967 7878 2966
5 33872 29193 29192
5 24824 20120 24808
5 24812 25428 24795
5 23039 6462 3705
5 4030 23039 3705
5 24818 25379 25451
5 89 84 21324
5 33669 18476 29976
5 21324 84 33632
5 24809 25335 18996
5 33868 3981 34763
5 20120 20121 21672
5 6447 21672 20121
5 985 19412 24915
5 25379 20120 25451
5 24845 24816 24850
5 24094 12667 23585
5 12680 16360 14442
5 16360 33640 14442
5 12667 24094 33660
5 4228 16360 12680
5 7309 16726 16723
5 33671 22598 4754
5 28478 7899 16632
5 30395 12189 29445
5 25451 3997 25388
5 34362 20084 29362
5 16709 33866 29185
5 18029 29117 10102
5 33646 24482 33665
5 6530 29371 20122
5 29192 14763 20055
5 2665 8123 33628
5 16401 22754 30326
5 29174 33823 33612
5 33869 24262 728
5 6473 5693 24974
5 3106 23940 33660
5 22598 16349 4754
5 6447 4006 21672
5 4028 33673 25580
5 15309 27731 34008
5 13016 31723 6163
5 1465 33660 24094
5 3073 26484 6042
5 5415 3079 28192
5 31688 1812 31715
5 25428 20141 25335
5 86 93 88
5 35321 24748 17206
5 26546 4750 10102
5 12737 20017 19948
5 30627 8674 27978
5 26366 33662 25266
5 2361 25342 25388
5 33669 4228 18476
5 5415 4750 26546
5 26316 27988 23948
5 25266 33662 17912
5 26366 25266 18960
5 20120 21672 3997
5 30627 19094 18309
5 34951 29289 25475
5 25523 25468 29413
5 25474 24974 25530
5 82 86 88
5 6457 29374 24970
5 25409 30749 30458
5 20143 24960 15160
5 4263 25580 33673
5 29413 19660 25409
5 12737 33641 26366
5 79 86 82
5 26484 12651 2358
5 24262 6599 728
5 33672 1751 26482
5 34010 14459 33658
5 26518 14459 34010
5 6598 25342 6599
5 26212 14468 33666
5 23025 29388 7845
5 4127 12713 28192
5 26482 14283 2383
5 16349 27954 4754
5 33672 26517 33637
5 19374 12689 760
5 26212 1691 12104
5 3997 25451 20120
5 25341 3973 7346
5 25442 29287 32189
5 25512 30626 8674
5 20141 18996 25335
5 23558 17905 27067
5 20587 25508 25460
5 25409 15864 30749
5 12385 29493 33819
5 26477 23940 18423
5 20000 32300 12703
5 26506 8123 25460
5 27743 12390 2376
5 14254 9943 19952
5 29362 7346 17157
5 20000 12703 2383
5 2377 12689 2376
5 19990 2383 14283
5 2367 27771 2398
5 6649 5565 33663
5 2380 2350 19954
5 14236 26420 16845
5 12384 2317 29104
5 24748 26189 17206
5 24748 27750 14442
5 12713 20004 2390
5 2397 27771 3991
5 2372 12680 27750
5 2371 27750 24748
5 19936 20004 27765
5 33820 29172 2372
5 17294 17255 27978
5 33864 33819 29751
5 29976 2962 33669
5 16690 28166 29111
5 21549 3801 23585
5 5415 28192 4750
5 16642 24960 20143
5 23025 33664 30475
5 23025 24094 33664
5 33674 26212 33668
5 33858 3997 21672
5 27714 29493 35321
5 12892 2076 33823
5 3984 29287 27537
5 25534 24974 19601
5 20017 2399 29222
5 35247 29185 20046
5 20055 16726 29192
5 12421 2397 30505
5 12651 3104 2970
5 24824 24808 7832
5 33819 29493 29751
5 22025 18779 17142
5 85 83 78
5 728 2361 33858
5 20136 16768 8155
5 29413 25468 4030
5 29413 4030 19660
5 4051 17234 29348
5 15864 19660 8161
5 84 86 80
5 86 84 89
5 25363 29347 4041
5 26506 21013 33821
5 25468 5693 23039
5 10080 6163 25508
5 32189 6589 34567
5 5756 24812 29445
5 8771 6457 15864
5 25474 29388 19601
5 94 86 89
5 31724 15254 25341
5 7878 24818 30696
5 20084 30150 29857
5 31723 31688 31715
5 12896 20139 12367
5 25508 31723 25460
5 29193 20008 29192
5 86 74 80
5 32189 3984 8770
5 33646 16625 24482
5 14487 25334 6042
5 27988 26316 7414
5 18867 30508 31673
5 33612 12390 27743
5 4028 25580 27161
5 33640 26189 14442
5 34362 257 30150
5 18467 24960 17921
5 6820 8425 19412
5 3104 28646 1812
5 8674 28646 7821
5 99 1789 100
5 1800 31724 30400
5 8807 25379 7878
5 3106 7842 7893
5 30458 8425 30466
5 7893 30466 3106
5 25513 19043 35339
5 16081 12391 16686
5 33621 8161 16486
5 14442 26189 24748
5 8425 30749 25522
5 30749 15864 25522
5 33628 8123 33821
5 3801 24094 23585
5 14487 34387 34388
5 27988 33671 4754
5 30458 30749 8425
5 12743 8705 30696
5 7536 8705 1292
5 25512 16343 20127
5 20122 16343 6617
5 29287 24845 3105
5 12499 20793 2665
5 3801 33664 24094
5 24818 12743 30696
5 18575 2962 30400
5 29976 1451 2962
5 2387 34387 30303
5 15373 25335 24809
5 18423 26546 26477
5 16714 18029 20046
5 33752 6582 3973
5 27537 33862 3984
5 30303 6042 26484
5 13016 22203 2970
5 29287 3984 32189
5 25379 24818 7878
5 32235 29172 12892
5 12892 9943 32235
5 7877 24816 24807
5 30466 6820 30469
5 27954 16349 32300
5 24850 24816 1292
5 22025 17142 29320
5 24324 16715 16622
5 86 73 74
5 16741 16495 33632
5 30505 2397 24006
5 33751 34483 16706
5 98 86 94
5 27731 11420 7536
5 10080 20587 16997
5 23039 4030 25468
5 27067 17905 34567
5 31673 30508 18979
5 33537 10820 11574
5 16412 1628 34007
5 8002 33823 18254
5 27922 6473 16180
5 29388 23025 30475
5 29751 29493 33614
5 22025 29320 17494
5 8771 15864 33621
5 24915 24970 32214
5 12390 5778 33868
5 24262 6598 6599
5 25460 31723 31715
5 25534 34951 16180
5 7414 4096 33671
5 19190 33518 10820
5 13016 2970 31688
5 12189 3567 16360
5 34565 29104 16212
5 33858 21672 28100
5 24001 12395 19990
5 33864 29751 18895
5 16741 29170 33610
5 33821 8597 16702
5 33630 33613 27922
5 33674 25580 26212
5 12651 7414 26316
5 34010 1451 29976
5 2371 24748 35321
5 33869 33858 33863
5 28166 33863 28100
5 33863 33858 28100
5 76 29104 72
5 33819 33820 12385
5 12404 16702 8597
5 29170 33611 17033
5 34777 16702 29142
5 29156 30505 29193
5 4006 33870 28100
5 6468 16726 23039
5 12499 2665 33628
5 33628 33616 12499
5 33873 33818 18486
5 33614 33873 18895
5 29115 16709 29185
5 16709 12406 16706
5 19190 16522 33518
5 16723 16726 20055
5 20046 29185 24198
5 21884 35327 3981
5 4047 33610 8727
5 6582 16556 8002
5 33628 33821 33616
5 6482 3971 33864
5 33611 8727 17033
5 6468 27922 33872
5 34362 17157 18254
5 33874 3970 16714
5 33641 33649 33661
5 33821 16702 33616
5 6468 33872 29192
5 16486 16715 24324
5 33616 16702 34777
5 1453 1451 33658
5 21884 33868 5778
5 28166 16690 33863
5 33869 16690 12395
5 28100 33870 28166
5 19190 33871 16522
5 33864 3971 33819
5 15025 16741 33632
5 29374 32214 24970
5 1453 33658 32188
5 32188 33673 22754
5 2995 27161 33674
5 23940 26477 33660
5 12673 33649 33641
5 33671 27988 7414
5 3097 33640 16360
5 1457 33672 33637
5 33662 33641 33661
5 33641 33662 26366
5 79 82 33649
5 12737 26366 18960
5 33646 2367 16625
5 2367 33646 27771
5 33661 1430 33662
5 1453 1800 1451
5 3106 33660 1465
5 93 86 1043
5 85 77 81
5 85 81 90
5 79 33649 12673
5 33641 12737 9653
5 27283 7709 30475
5 1451 30400 2962
5 1451 1800 30400
5 1465 23025 7845
5 8425 25522 19412
5 24216 32235 9943
5 12892 19952 9943
5 2352 7509 12640
5 17912 1493 25489
5 8002 18254 17157
5 25474 7845 29388
5 29286 24001 19990
5 12421 34460 2398
5 34951 25534 29289
5 12044 20016 17333
5 3073 7821 28646
5 27283 29289 7709
5 29181 28166 33870
5 72 85 76
5 25513 32214 4025
5 76 85 78
5 1421 33661 19281
5 3659 24824 3461
5 16486 24324 33621
5 86 98 1043
5 1457 2967 33672
5 21450 30718 4972
5 30503 21442 17921
5 34565 16212 33818
5 86 79 73
5 12896 17495 20139
5 18555 16343 25512
5 12511 33871 19190
5 15254 3973 25341
5 33874 8771 3970
5 33671 22204 22598
5 8674 7821 27978
5 30505 20008 29193
5 21324 33632 16495
5 25530 5693 25468
5 29374 4025 32214
5 25334 17255 17294
5 17970 8009 33615
5 25523 29413 25409
5 19374 33673 32188
5 16257 33876 257
5 5562 25534 16180
5 4096 7414 22203
5 25460 2665 20587
5 19281 33661 33649
5 1430 30503 17921
5 24324 16622 18029
5 30508 4028 18567
5 85 72 77
5 25512 20127 30626
5 20004 29185 35247
5 20004 19936 12406
5 29115 20004 12406
5 31688 31723 13016
5 12689 26518 2376
5 2995 33674 33668
5 24216 2372 32235
5 29371 6530 26506
5 35327 6582 33752
5 33518 12391 19954
5 33858 2361 3997
5 24915 25513 35339
5 29976 18476 34010
5 17034 20058 15559
5 29111 28166 29181
6 1623 27953 16804
6 116 33839 11472
6 10488 33839 116
6 26955 397 26958
6 245 6551 13492
6 58 50 11140
6 4430 33842 4116
6 226 12128 34229
6 26823 34621 33474
6 33505 6795 4491
6 3200 32133 16381
6 11318 23216 16970
6 1165 26955 26958
6 13492 3467 3466
6 357 2321 1583
6 33804 27946 16336
6 27956 33512 33837
6 396 762 27005
6 396 27005 23749
6 15101 14740 396
6 4556 15471 34555
6 28199 3372 3477
6 23853 11164 11307
6 33848 3504 3574
6 19310 33848 3574
6 19427 8603 13532
6 52 12066 1063
6 21221 360 33527
6 26843 396 23749
6 20253 1158 27965
6 19329 3524 10010
6 3139 11286 11289
6 3161 33483 26728
6 33483 26928 26728
6 13651 17012 1547
6 17012 17775 1547
6 1576 35182 365
6 346 27951 1623
6 11369 2056 22497
6 11369 21291 2056
6 13492 13571 3467
6 27955 33847 21158
6 13563 70 68
6 13560 28056 3379
6 1363 57 30410
6 31387 23944 4536
6 33845 30516 4549
6 4441 15499 27160
6 3462 19329 28033
6 28033 19329 31172
6 1583 2321 33489
6 18989 30927 33550
6 2303 6768 27960
6 53 49 15453
6 7333 24261 4441
6 6795 23924 1126
6 30936 33595 2651
6 33595 13470 2651
6 11499 30674 1139
6 2856 26761 365
6 3377 19310 3574
6 33505 3030 33838
6 33505 4491 3030
6 33583 3371 20916
6 3371 33583 8026
6 3114 13526 3521
6 1576 365 3113
6 1529 11251 28537
6 21158 4060 30460
6 30460 19323 3405
6 3113 11145 1576
6 16198 27073 3878
6 29154 16198 3878
6 4060 19323 30460
6 27956 19323 4060
6 4430 4116 22130
6 26729 3962 23890
6 3962 26729 33498
6 4446 10808 32136
6 226 6551 245
6 33845 33514 13548
6 18038 21646 13589
6 3504 21646 33574
6 33837 33505 4305
6 23874 35301 1149
6 49 53 56
6 33117 10808 1165
6 3466 3467 3550
6 1147 20274 32896
6 6795 4489 23924
6 766 1154 3521
6 33887 22497 1095
6 761 4430 1141
6 11472 3373 116
6 3373 11472 33585
6 1137 6934 1158
6 6797 8095 33504
6 19310 8095 6797
6 26769 27007 1126
6 20916 19304 3557
6 35301 6813 1149
6 5678 33527 360
6 16990 11337 28093
6 3112 30367 11251
6 3112 365 30565
6 1063 3111 46
6 3121 26724 33478
6 6057 26958 33477
6 6057 15775 26958
6 33513 6066 20274
6 13519 6066 33513
6 30975 14117 17129
6 27956 6229 33512
6 21027 3557 3477
6 13507 19302 19337
6 3550 1375 19300
6 33810 5678 19318
6 30936 2651 33802
6 3467 3552 3550
6 33550 3550 3552
6 6774 6797 33504
6 23947 25109 15838
6 23890 23947 15838
6 3379 28056 21099
6 28591 15471 15473
6 16381 33489 2321
6 33797 16381 2321
6 33848 9487 3504
6 19302 3474 3554
6 3369 4305 3370
6 12592 19337 3554
6 19304 3477 3557
6 11329 356 11333
6 26833 26829 27959
6 245 6660 13488
6 13488 6660 3466
6 6795 1126 4491
6 8026 33583 33548
6 6813 13596 33506
6 17775 3540 13523
6 33388 1095 27484
6 27484 1095 16405
6 24261 3114 4536
6 4536 23944 24261
6 27030 34432 27029
6 49 32629 15453
6 1137 26787 6934
6 245 13492 6660
6 6660 13492 3466
6 32642 8373 13589
6 33844 15101 10488
6 33844 14740 15101
6 21028 33560 21027
6 7118 34229 4556
6 34229 7118 17357
6 33597 21791 15096
6 8852 3379 13558
6 33514 8852 13558
6 3554 3474 33597
6 13789 4491 27007
6 1165 4446 15706
6 33810 33527 5678
6 27960 33842 2303
6 34555 7118 4556
6 7118 34555 17357
6 9487 13589 3504
6 13589 9487 32642
6 4478 31517 12554
6 354 14117 30975
6 33842 11499 4116
6 19310 19320 8095
6 8904 33509 4478
6 4478 15463 8904
6 12128 6752 15619
6 3152 21454 1558
6 27160 15499 24744
6 3149 11296 11295
6 8904 15463 4489
6 355 11318 9235
6 13589 21646 3504
6 21548 16817 349
6 767 27160 10654
6 8603 19427 13470
6 767 10654 15838
6 16022 15265 32629
6 13589 8373 18038
6 21028 3372 3373
6 30674 6934 1139
6 15619 26775 34229
6 3521 16982 3114
6 765 15823 27484
6 33843 33117 6763
6 764 1149 6813
6 67 64 60
6 27073 33885 3878
6 226 34229 17357
6 33805 3540 5701
6 5701 30975 17129
6 6774 33848 6797
6 25109 32642 6774
6 33837 3369 19323
6 16496 30248 2056
6 1375 17758 21799
6 3139 33492 31610
6 33474 33492 3139
6 3369 3522 19323
6 355 21698 11168
6 13563 68 15348
6 33842 31518 11499
6 3578 13558 14108
6 33577 3578 14108
6 26958 33117 1165
6 3526 3462 19300
6 16306 8211 11295
6 6229 33847 4489
6 30302 70 13563
6 33839 20274 6066
6 35182 1126 23924
6 20196 25109 23947
6 20196 8373 25109
6 64 33510 33500
6 767 33504 4441
6 26928 26937 23944
6 33513 20274 33506
6 764 33506 20274
6 3178 35298 21607
6 3178 21607 33494
6 13036 13519 3374
6 13036 3374 33804
6 16990 31058 357
6 357 11337 16990
6 1558 13188 16347
6 13188 33541 16347
6 26944 13377 23894
6 1149 26872 23874
6 33156 23874 26872
6 33840 116 3373
6 226 245 12128
6 23890 26944 23947
6 32629 31517 15453
6 10488 116 33844
6 22130 11499 1139
6 3200 20315 21511
6 16294 11286 35318
6 27917 22182 1529
6 3030 13789 34432
6 32133 21511 3178
6 23216 390 3161
6 32136 33514 33845
6 1158 30674 27965
6 13470 19427 33841
6 19427 1951 33841
6 21326 27913 33573
6 27913 33527 33573
6 3127 11267 33889
6 22109 15208 3134
6 26883 1150 35301
6 10808 16248 32136
6 14108 13558 3379
6 33577 14108 3379
6 18184 33519 29730
6 14125 7687 22182
6 14125 27950 7687
6 355 30936 12196
6 33802 12196 30936
6 3111 1063 18194
6 33487 3111 18194
6 20153 20196 6778
6 26833 27959 26726
6 3578 33609 21646
6 3578 21646 18038
6 26958 397 33477
6 3152 1558 3153
6 3153 11307 33482
6 3153 1558 23853
6 17129 11164 23853
6 32133 29437 16381
6 1114 1107 15513
6 26977 15473 15471
6 15473 26977 1076
6 26761 30565 365
6 33841 1951 7333
6 15463 12554 26761
6 4478 12554 15463
6 22497 26922 1095
6 18196 1623 16804
6 1558 21454 13188
6 3377 33802 19320
6 11140 50 33487
6 21326 19386 19389
6 30936 9235 16970
6 30410 57 63
6 33526 3200 33797
6 3200 16381 33797
6 33498 11329 11333
6 11329 33498 26729
6 19386 3436 1893
6 22130 1141 4430
6 26727 24953 11296
6 13377 1114 23894
6 2056 30248 22497
6 8095 33841 33504
6 20315 18616 19318
6 18616 20315 21100
6 27965 31518 27998
6 31518 27965 30674
6 3161 21588 23216
6 33550 3552 18989
6 30401 15356 3375
6 357 33609 33577
6 3578 33577 33609
6 28033 31172 34432
6 27005 761 1141
6 12128 245 6752
6 16970 23216 21588
6 9235 11318 16970
6 360 35298 5678
6 13560 3380 28056
6 1893 16248 33501
6 29201 11292 11289
6 15101 396 32896
6 365 3112 3113
6 14117 354 11164
6 33564 16294 30929
6 1068 15741 27029
6 1147 26981 26872
6 33475 26872 26981
6 15706 26955 1165
6 27955 33508 33509
6 33513 13579 13519
6 3369 33837 4305
6 13563 15348 33508
6 4116 11499 22130
6 55 60 64
6 1079 34621 1139
6 13582 3540 17775
6 12066 52 20244
6 52 55 20244
6 33513 33506 13596
6 1063 12066 35004
6 3565 13523 3540
6 33805 3565 3540
6 17129 23853 1558
6 15163 26928 31387
6 26928 15163 26728
6 27005 762 761
6 27960 3477 19304
6 26944 3962 33498
6 11472 13036 33804
6 11472 13519 13036
6 33504 7333 4441
6 3370 27951 3369
6 3466 19300 13488
6 18504 31517 32629
6 17129 16347 5701
6 3540 27052 5701
6 6832 12066 20244
6 21326 69 27913
6 21326 71 69
6 3436 21100 3380
6 3436 3380 1893
6 13651 1547 6813
6 13558 3578 19375
6 33511 28591 20253
6 33807 354 30975
6 13560 3379 8852
6 26922 22497 26728
6 3376 33581 33578
6 33348 13574 31518
6 26776 26977 4556
6 26977 26776 26723
6 14740 762 396
6 33844 762 14740
6 16306 11295 11296
6 1593 27953 3546
6 3371 3474 27998
6 33803 3474 3371
6 15706 4446 4549
6 4446 33845 4549
6 26787 33490 1078
6 33486 11318 11168
6 357 33797 2321
6 357 33577 33797
6 21535 33560 352
6 13651 35301 1150
6 13532 8603 15523
6 8603 33581 15523
6 26719 1576 11145
6 3554 33597 33596
6 33597 15096 33596
6 26761 23924 15463
6 2856 23924 26761
6 33585 11472 33587
6 26829 26833 1141
6 13563 27955 21158
6 13563 21158 30302
6 34229 26775 26776
6 26776 26775 33481
6 349 15096 22247
6 26775 15619 23378
6 17193 3552 3467
6 1107 15706 15513
6 19375 3578 18038
6 15741 1068 23908
6 16623 15741 23908
6 6772 30401 17012
6 6772 17012 765
6 16990 356 30239
6 21588 16496 33540
6 11295 1555 3149
6 30936 26687 33595
6 16970 26687 30936
6 26922 15163 31387
6 15163 26922 26728
6 13560 21784 3380
6 21784 13560 16248
6 13574 3371 27998
6 13574 27998 31518
6 33507 34555 28591
6 28591 34555 15471
6 16306 352 30327
6 19300 1375 15428
6 10010 31172 19329
6 1095 26922 1154
6 10010 3524 3370
6 33838 10010 3370
6 16496 2056 21291
6 1583 33489 3172
6 11267 17187 348
6 26776 33481 23909
6 765 13651 15823
6 765 17012 13651
6 15356 6772 13530
6 19320 33802 13470
6 26719 13055 1576
6 12592 33596 18989
6 18196 16804 20524
6 6752 245 15429
6 15429 245 13488
6 15208 31610 17149
6 22039 3405 27950
6 22039 27950 27917
6 3161 26728 15434
6 3161 15434 21588
6 18650 35306 3120
6 33500 20244 55
6 348 33550 16817
6 348 16817 11267
6 4491 13789 3030
6 16804 27953 2052
6 29452 16703 23304
6 19329 3546 3524
6 27953 3524 3546
6 26724 23926 23378
6 3474 15404 33597
6 15404 33546 33597
6 5678 35298 19318
6 15264 49 62
6 28537 11251 21528
6 28537 21528 8276
6 26769 23304 15738
6 15738 15498 27007
6 27007 15498 13789
6 30961 1593 3526
6 33596 15096 349
6 15473 26787 1137
6 1076 26787 15473
6 354 16496 21291
6 33885 1114 13377
6 3172 13377 33496
6 30961 19300 15428
6 15738 23304 16703
6 19300 3466 3550
6 15208 35318 31610
6 3524 1623 27951
6 33540 27926 33578
6 16496 27926 33540
6 15208 17247 35318
6 17775 13523 13596
6 27160 24744 26942
6 15473 1137 20253
6 22247 21791 16249
6 27941 16274 23345
6 33583 33547 17247
6 21799 15428 1375
6 34432 13789 27029
6 13055 35182 1576
6 16405 1095 1154
6 1154 766 16405
6 15348 68 62
6 16773 350 33548
6 17247 15208 16773
6 26769 1126 13055
6 13055 1126 35182
6 26769 13055 26719
6 24632 16022 16094
6 26922 31387 1154
6 15208 22109 16773
6 16094 16022 47
6 16094 47 3207
6 16795 4536 3114
6 16795 31387 4536
6 21528 11251 18066
6 350 16607 33546
6 15738 1068 27029
6 21791 22247 15096
6 16249 11153 23345
6 3526 3546 3462
6 21799 30961 15428
6 13579 3374 13519
6 33548 33546 33803
6 350 33546 33548
6 62 49 56
6 1064 12554 31517
6 3114 24261 1951
6 16982 16795 3114
6 1154 31387 16795
6 6551 13571 13492
6 13532 15523 3376
6 15738 27007 26769
6 23378 15619 16623
6 17149 25050 3134
6 6763 33117 15775
6 3521 1154 16982
6 1154 16795 16982
6 24632 16094 3207
6 33581 26687 33540
6 26687 21588 33540
6 11133 1064 24632
6 26977 33488 1076
6 346 18196 11145
6 3436 19386 21326
6 18866 18196 29452
6 3474 33803 15404
6 33803 33546 15404
6 11145 18390 26719
6 56 32809 62
6 62 32809 15348
6 15356 13530 3568
6 45 16022 32629
6 1064 26761 12554
6 30565 26761 1064
6 23345 33490 17900
6 10808 33843 33501
6 16607 16249 21791
6 15356 3568 3375
6 17187 11149 348
6 11133 30565 1064
6 51 47 15264
6 3120 33478 16703
6 1068 16703 33478
6 16623 23908 23378
6 2052 1593 18775
6 10257 33481 23926
6 23926 33481 26775
6 11153 3133 23345
6 27953 1593 2052
6 34754 13532 3376
6 51 57 3207
6 3207 1363 11141
6 17420 347 30961
6 33807 3375 3568
6 3133 3134 18261
6 27941 29489 16274
6 22247 16274 29489
6 22944 16294 35318
6 33547 16294 22944
6 47 16022 45
6 765 766 6772
6 766 765 27484
6 15523 33581 3376
6 33550 348 1375
6 17193 3467 13571
6 33848 6774 32642
6 29452 18738 16703
6 346 1623 18196
6 22182 11145 3113
6 6768 4430 761
6 4430 6768 2303
6 55 64 33500
6 26724 3121 3122
6 15738 27029 15498
6 15498 27029 13789
6 1375 348 17758
6 3133 18261 33490
6 26724 3122 23926
6 18738 3120 16703
6 6832 33846 6763
6 6832 6763 15775
6 18632 3568 13530
6 18066 11251 11133
6 24632 15265 16022
6 3207 57 1363
6 11149 27989 21799
6 10257 27989 11149
6 27989 18748 17420
6 17900 27941 23345
6 26787 27941 17900
6 27926 354 33807
6 33578 27926 33807
6 18196 18866 11145
6 11145 18866 18390
6 34754 13530 33515
6 34754 18632 13530
6 3568 18632 33578
6 3521 13526 17934
6 13526 13532 17934
6 24632 1064 15265
6 15265 1064 18504
6 27951 3522 3369
6 15738 16703 1068
6 20153 8373 20196
6 3127 11149 17187
6 27951 7687 27950
6 21528 18066 11141
6 11141 18066 11133
6 23926 26775 23378
6 3122 10257 23926
6 51 3207 47
6 3375 33807 30975
6 10257 11149 3127
6 33481 10257 3127
6 766 33515 16809
6 766 16809 6772
6 18650 2052 35306
6 31517 32809 15453
6 3120 35306 18235
6 18748 3122 11148
6 3122 3121 11148
6 20196 23947 1162
6 35306 2052 18775
6 3134 25050 18261
6 1079 18261 25050
6 4478 32809 31517
6 33508 32809 4478
6 11153 22109 3133
6 13530 6772 16809
6 11133 24632 11141
6 47 49 15264
6 1064 31517 18504
6 15208 17149 3134
6 22109 3134 3133
6 27989 10257 3122
6 16773 22109 350
6 26769 18390 23304
6 3521 17934 33515
6 766 3521 33515
6 11149 17758 348
6 34754 3376 18632
6 33807 3568 33578
6 11141 24632 3207
6 18261 1079 1078
6 20524 18650 18738
6 16804 18650 20524
6 11153 16249 16607
6 18748 347 17420
6 347 18748 11148
6 18738 18650 3120
6 18775 347 11148
6 32629 49 45
6 3120 18235 33478
6 16804 2052 18650
6 20524 18738 29452
6 18196 20524 29452
6 13532 34754 17934
6 17934 34754 33515
6 22247 16249 16274
6 350 11153 16607
6 30961 21799 17420
6 18775 1593 347
6 18235 18775 11148
6 3121 33478 18235
6 3377 19320 19310
6 3372 28199 33840
6 22109 11153 350
6 26726 1085 26833
6 18038 8373 20153
6 20315 33526 33576
6 3127 17187 11267
6 33507 18184 17357
6 6832 33502 33846
6 20253 27965 33511
6 33500 33510 33502
6 6768 761 762
6 4430 2303 33842
6 28033 33503 13488
6 19386 33517 33510
6 19389 19386 33510
6 33837 33512 33505
6 33506 764 6813
6 1547 17775 13596
6 33510 33517 33502
6 33514 13560 8852
6 3462 3546 19329
6 13526 3114 1951
6 3436 21326 33573
6 8211 16336 11295
6 21326 19389 71
6 23749 26833 1085
6 11140 21344 58
6 27950 3522 27951
6 33559 33560 33585
6 3546 3526 1593
6 3522 3405 19323
6 27917 14125 22182
6 21344 11140 21515
6 3462 13488 19300
6 21344 61 58
6 61 60 58
6 27052 30401 3375
6 3139 35318 11286
6 18235 35306 18775
6 11164 21291 11369
6 18866 29452 18390
6 29431 19326 21548
6 23345 3133 33490
6 33482 11307 11369
6 18235 11148 3121
6 30936 355 9235
6 4305 33505 33838
6 33838 3030 31172
6 10654 27160 26942
6 15434 26728 30248
6 16496 21588 30248
6 19304 13574 33348
6 31058 33155 33609
6 61 65 60
6 33507 17357 34555
6 33502 6832 33500
6 33846 33501 6763
6 6763 33501 33843
6 26955 27073 16198
6 16607 21791 33546
6 16990 11333 356
6 26769 26719 18390
6 16347 17129 1558
6 26724 23378 23908
6 33520 33575 33574
6 29730 17193 13571
6 35004 15775 6057
6 21698 355 33521
6 11289 27959 3139
6 11292 352 16306
6 21698 356 11329
6 16773 33548 17247
6 21784 1893 3380
6 33844 116 33840
6 22182 346 11145
6 11149 21799 17758
6 4551 1114 15513
6 26787 1078 6934
6 1079 6934 1078
6 1063 46 52
6 15619 6752 16623
6 12128 15619 34229
6 26937 15499 23944
6 23894 1162 23947
6 23924 4489 15463
6 1141 26823 26829
6 4549 4551 15513
6 6752 15429 33503
6 3153 23853 11307
6 360 21607 35298
6 69 60 65
6 13558 20153 13548
6 21028 3373 33585
6 19337 12592 17193
6 11318 390 23216
6 13188 21454 21430
6 27951 346 7687
6 7687 346 22182
6 1137 1158 20253
6 13548 30516 33845
6 13548 20153 30516
6 11292 21535 352
6 11289 11292 26726
6 34911 33575 33520
6 29154 3878 33885
6 397 16198 29437
6 4491 1126 27007
6 33564 33560 21535
6 11289 26726 27959
6 60 69 71
6 23749 27005 26833
6 26843 32896 396
6 26843 23749 1085
6 26726 11292 24953
6 1076 33488 27941
6 33482 21652 3153
6 33474 3139 27959
6 33477 397 33494
6 33887 1093 33482
6 33478 26724 23908
6 1068 33478 23908
6 33503 15429 13488
6 23894 23947 26944
6 26823 33474 26829
6 33887 1095 33388
6 26958 15775 33117
6 1114 4551 1162
6 1162 23894 1114
6 10808 33117 33843
6 20196 1162 4551
6 11329 26729 11370
6 390 11318 33486
6 15499 4441 24261
6 13571 18184 29730
6 33520 33574 30239
6 1529 3113 3112
6 29201 21535 11292
6 15775 12066 6832
6 33608 8595 30460
6 30327 33587 8211
6 27913 21221 33527
6 33550 30927 16817
6 33498 11333 28093
6 16990 28093 11333
6 27917 27950 14125
6 27917 28537 33608
6 18194 1063 35004
6 33512 6229 4489
6 19389 33510 67
6 11370 11168 11329
6 33511 33507 28591
6 6795 33505 33512
6 27052 3540 13582
6 3565 3374 13579
6 16274 16249 23345
6 33487 21607 21515
6 29437 32133 3178
6 19304 20916 13574
6 8276 21528 30410
6 53 15453 56
6 33889 26723 23909
6 16294 21535 11286
6 33891 33156 3150
6 21528 1363 30410
6 33535 28537 8276
6 11295 16336 1555
6 3373 3372 33840
6 27989 17420 21799
6 19337 19302 3554
6 27946 21430 16336
6 1555 16336 21430
6 27073 1107 33885
6 11472 33839 13519
6 33892 24744 26937
6 29201 11289 11286
6 24953 1085 26726
6 17149 33492 25050
6 18504 32629 15265
6 27989 3122 18748
6 11296 11292 16306
6 1529 22182 3113
6 11168 21698 11329
6 21430 21454 1555
6 19326 33889 11267
6 60 50 58
6 16248 10808 33501
6 26776 23909 26723
6 33845 4446 32136
6 60 71 67
6 33839 10488 20274
6 3111 33487 50
6 26944 33498 33496
6 29431 33488 26723
6 33496 13377 26944
6 18194 35004 33477
6 21698 33521 33520
6 27917 1529 28537
6 21588 26687 16970
6 21535 29201 11286
6 2651 13470 33802
6 33541 33805 5701
6 1593 30961 347
6 26833 27005 1141
6 3161 390 33483
6 1079 1139 6934
6 33808 33581 8603
6 33838 31172 10010
6 1529 3112 11251
6 32642 25109 8373
6 3574 3504 33575
6 11141 1363 21528
6 13470 33595 8603
6 17247 22944 35318
6 30674 11499 31518
6 33535 8595 33608
6 6774 15838 25109
6 60 3111 50
6 352 33560 33559
6 30327 33585 33587
6 33156 33891 23874
6 33810 33573 33527
6 33509 33508 4478
6 3557 30929 33547
6 16347 33541 5701
6 33892 33483 390
6 30327 352 33559
6 18616 33810 19318
6 33575 3504 33574
6 33526 20315 3200
6 3574 33575 34911
6 13582 17012 30401
6 30327 8211 16306
6 33581 33540 33578
6 33808 26687 33581
6 3574 34911 3377
6 18632 3376 33578
6 21607 360 21515
6 1583 3172 11337
6 11337 357 1583
6 15473 20253 28591
6 26843 26981 32896
6 6768 762 33840
6 15741 27030 27029
6 30302 21158 8595
6 3153 21652 33891
6 21548 29489 29431
6 20153 13558 19375
6 16496 354 27926
6 11318 355 11168
6 27960 33348 33842
6 3200 21511 32133
6 33535 30302 8595
6 33348 31518 33842
6 15823 1150 1093
6 360 21344 21515
6 21344 360 21221
6 27946 33589 33541
6 4556 34229 26776
6 33804 33587 11472
6 27073 15706 1107
6 27951 3370 3524
6 7333 33504 33841
6 31058 30239 33574
6 27960 6768 28199
6 3557 33547 33583
6 11164 354 21291
6 16381 29437 29154
6 33589 3374 3565
6 33838 3370 4305
6 26729 29285 11370
6 34432 31172 3030
6 21548 22247 29489
6 349 22247 21548
6 33889 29431 26723
6 17129 14117 11164
6 20274 1147 764
6 764 1147 1149
6 33574 21646 33155
6 33155 31058 33574
6 28537 33535 33608
6 57 15264 63
6 33503 34432 6754
6 3524 27953 1623
6 30565 30367 3112
6 1093 33388 15823
6 33887 33388 1093
6 3111 60 46
6 16623 6754 15741
6 6752 6754 16623
6 18038 20153 19375
6 23890 15838 10654
6 26942 23890 10654
6 26955 16198 397
6 33577 3379 21099
6 26883 33891 21652
6 34621 33492 33474
6 26823 22130 34621
6 33892 390 33486
6 19326 29431 33889
6 33475 33156 26872
6 4489 33509 8904
6 29730 19337 17193
6 13507 33519 33511
6 33507 33519 18184
6 33587 16336 8211
6 13530 16809 33515
6 30401 6772 15356
6 16990 30239 31058
6 3375 30975 27052
6 355 12196 33521
6 27914 63 66
6 21430 27946 33541
6 33587 33804 16336
6 33810 18616 21100
6 33487 18194 33494
6 28056 21100 33576
6 33810 21100 33573
6 30927 18989 33596
6 32896 26981 1147
6 3149 3150 33475
6 21027 30929 3557
6 33589 27946 33804
6 34911 33520 33521
6 33802 33521 12196
6 33583 17247 33548
6 33564 21027 33560
6 21027 33564 30929
6 1375 3550 33550
6 30302 27914 70
6 66 70 27914
6 28199 6768 33840
6 21100 28056 3380
6 21430 33541 13188
6 21027 3477 3372
6 3565 13579 13523
6 21100 3436 33573
6 21028 33585 33560
6 33595 26687 33808
6 3377 34911 33802
6 5701 27052 30975
6 67 33510 64
6 21099 33526 33577
6 28056 33576 21099
6 33803 8026 33548
6 33589 3565 33805
6 33589 33805 33541
6 17193 18989 3552
6 21028 21027 3372
6 33589 33804 3374
6 33520 356 21698
6 3522 27950 3405
6 33608 3405 22039
6 27914 8276 30410
6 33608 22039 27917
6 63 27914 30410
6 16294 33547 30929
6 33547 22944 17247
6 16294 33564 21535
6 33597 33546 21791
6 30927 33596 349
6 3405 33608 30460
6 33507 33511 33519
6 60 55 52
6 15264 68 70
6 33503 6754 6752
6 33847 33509 4489
6 13507 27965 27998
6 19337 29730 33519
6 13507 3474 19302
6 33519 13507 19337
6 33500 6832 20244
6 13519 33839 6066
6 28199 3477 27960
6 13582 17775 17012
6 27955 13563 33508
6 10488 15101 20274
6 33846 33517 33501
6 30674 1158 6934
6 767 6774 33504
6 13507 33511 27965
6 47 45 49
6 33847 27955 33509
6 13526 19427 13532
6 19427 13526 1951
6 28033 34432 33503
6 13558 13548 33514
6 19389 67 71
6 35004 6057 33477
6 26977 26723 33488
6 3172 33489 33885
6 33885 33489 29154
6 30248 26728 22497
6 29431 29489 33488
6 29489 27941 33488
6 11370 29285 33486
6 3172 33496 11337
6 3149 33475 26727
6 33486 29285 33892
6 26981 26727 33475
6 3172 33885 13377
6 33891 3152 3153
6 33494 397 3178
6 33494 18194 33477
6 16381 29154 33489
6 24953 11292 11296
6 26727 11296 3149
6 11370 33486 11168
6 15434 30248 21588
6 33492 34621 25050
6 34621 1079 25050
6 17900 33490 26787
6 33490 18261 1078
6 26843 24953 26727
6 26883 34264 33891
6 26883 33482 1093
6 4556 26977 15471
6 26955 15706 27073
6 26883 35301 34264
6 1093 1150 26883
6 35182 2856 365
6 26942 26729 23890
6 26928 33483 26937
6 33483 33892 26937
6 11133 30367 30565
6 33891 3150 3152
6 11133 11251 30367
6 26729 26942 29285
6 63 15264 66
6 33844 33840 762
6 16817 21548 19326
6 30927 349 16817
6 29452 23304 18390
6 33577 33526 33797
6 21099 33576 33526
6 34264 23874 33891
6 26944 23890 3962
6 26942 24744 29285
6 21158 33847 27956
6 26883 21652 33482
6 26843 26727 26981
6 26787 1076 27941
6 3554 33596 12592
6 31610 33492 17149
6 3127 33889 23909
6 33481 3127 23909
6 33501 33517 1893
6 27959 26829 33474
6 32896 20274 15101
6 27052 13582 30401
6 13507 27998 3474
6 3178 397 29437
6 26928 23944 31387
6 33583 20916 3557
6 4551 4549 6778
6 13470 33841 19320
6 356 33520 30239
6 18184 6551 17357
6 20153 6778 30516
6 34621 22130 1139
6 21100 20315 33576
6 17193 12592 18989
6 28093 33496 33498
6 15348 32809 33508
6 32809 56 15453
6 33517 19386 1893
6 8603 33595 33808
6 30961 3526 19300
6 3152 3150 21454
6 33802 34911 33521
6 21607 33487 33494
6 27160 767 4441
6 26843 1085 24953
6 27030 6754 34432
6 15741 6754 27030
6 15499 26937 24744
6 33846 33502 33517
6 29285 24744 33892
6 35318 3139 31610
6 15264 70 66
6 3462 28033 13488
6 11369 22497 33887
6 16248 33514 32136
6 11307 11164 11369
6 33887 33482 11369
6 6797 33848 19310
6 21158 30460 8595
6 21646 33609 33155
6 15823 33388 27484
6 6778 4549 30516
6 16248 13560 33514
6 46 60 52
6 1893 21784 16248
6 21221 65 61
6 35004 12066 15775
6 21221 61 21344
6 15264 62 68
6 21515 11140 33487
6 13651 6813 35301
6 1547 13596 6813
6 6551 18184 13571
6 17357 6551 226
6 33512 4489 6795
6 21221 27913 65
6 27914 30302 33535
6 27914 33535 8276
6 32642 9487 33848
6 34264 35301 23874
6 33803 3371 8026
6 69 65 27913
6 16405 766 27484
6 31058 33609 357
6 27956 4060 21158
6 6778 20196 4551
6 51 15264 57
6 26823 1141 22130
6 26872 1149 1147
6 3150 1555 21454
6 1951 24261 7333
6 13523 13579 33513
6 33475 3150 33156
6 21511 20315 19318
6 19323 27956 33837
6 8095 19320 33841
6 27956 33847 6229
6 15706 4549 15513
6 19318 35298 21511
6 3178 21511 35298
6 29437 16198 29154
6 33885 1107 1114
6 20916 3371 13574
6 33513 13596 13523
6 13651 1150 15823
6 3149 1555 3150
6 19304 33348 27960
6 30327 33559 33585
6 11337 33496 28093
6 4446 1165 10808
6 767 15838 6774
6 35182 23924 2856
6 19326 11267 16817
6 15499 24261 23944
