0 8894 11799 6537
0 3592 17052 984
0 10750 18258 18266
0 10750 18266 8153
0 17055 3592 13389
0 1482 7225 15380
0 2528 10556 2427
0 18266 16594 8153
0 13093 17471 13079
0 13652 8846 8427
0 15629 11999 8558
0 16805 453 8863
0 8809 8806 8808
0 16541 8655 8290
0 11460 18085 7307
0 17021 8427 16550
0 14533 8663 9750
0 14998 8734 15450
0 15450 8734 2807
0 8808 8806 6905
0 2765 477 6894
0 4814 489 11555
0 12943 3767 8522
0 12708 489 8937
0 8639 8901 8553
0 7985 968 3463
0 3463 968 7983
0 8879 16110 13653
0 551 8747 1045
0 16313 3459 7947
0 8543 8531 763
0 8543 763 10556
0 813 10558 8421
0 813 8676 10558
0 9820 8753 7893
0 1522 12904 394
0 12904 6910 394
0 11315 771 15577
0 771 11315 2673
0 789 8922 7495
0 6909 789 7495
0 12743 11143 10794
0 927 7891 16316
0 603 2281 13222
0 13208 2281 603
0 7585 13011 10936
0 8186 3011 13089
0 1251 9604 13326
0 7983 3462 926
0 1803 6777 7128
0 5940 12905 15367
0 984 17052 1872
0 13389 984 1872
0 12967 11247 7654
0 7135 798 360
0 8620 2576 12844
0 7984 8655 16541
0 2078 18256 12379
0 8609 1027 1026
0 12936 12935 16557
0 8982 924 14772
0 2966 8804 2519
0 940 1044 8830
0 2575 8469 6971
0 1315 15607 10754
0 12935 11085 16557
0 13243 3148 1315
0 8865 8863 5943
0 16602 13539 8563
0 1319 998 1011
0 17729 1861 1011
0 12905 6847 15367
0 12069 842 8395
0 9748 8609 8507
0 5666 8663 9142
0 8536 8545 13222
0 12459 489 4814
0 12740 10931 18116
0 16973 12425 5518
0 8553 13208 603
0 5223 1164 6196
0 8531 8543 1267
0 17416 8531 1267
0 11017 12917 1170
0 11281 8727 15166
0 11736 15198 8523
0 8518 8523 15198
0 713 2937 1318
0 394 12933 16556
0 5936 12832 15375
0 13389 3592 984
0 5262 18067 13080
0 13025 14964 12601
0 16805 2996 8666
0 5952 6702 8890
0 2971 15632 3470
0 11671 10434 8793
0 8842 10934 4961
0 8666 8867 15990
0 10022 13094 17201
0 12800 15942 6014
0 4970 6088 13252
0 7226 2774 1517
0 968 16540 7983
0 10028 118 15782
0 26 10028 18
0 6702 3467 16551
0 11252 8739 8602
0 16106 8515 8514
0 8727 12001 6878
0 15439 8957 6893
0 8469 14013 8516
0 15439 8516 8957
0 18259 17055 13389
0 18267 8745 6954
0 5950 15383 8908
0 8894 6537 10650
0 11354 13252 6088
0 3113 6878 629
0 13312 12835 7190
0 16322 3362 7893
0 395 12894 2661
0 4814 6856 1734
0 10484 1734 7495
0 17316 7128 4092
0 12753 17489 12012
0 12003 12682 8735
0 8739 8735 8602
0 4688 6954 8745
0 12379 1724 1919
0 6733 8814 8748
0 10931 1044 940
0 17182 1044 10931
0 3362 16321 7891
0 6733 2848 8814
0 11999 16314 8558
0 17290 13087 5324
0 13082 2338 13081
0 12842 16117 16983
0 5942 6249 7736
0 6249 17143 7736
0 13575 2672 8464
0 17887 16716 17886
0 6005 1407 1929
0 12887 13310 15934
0 15745 8795 12609
0 14870 958 7952
0 6287 8814 2848
0 15231 13017 12826
0 8859 5951 12878
0 1648 8507 10661
0 10396 8563 11793
0 15601 12834 12832
0 8453 8450 8584
0 11803 8785 8786
0 8854 11993 8856
0 8865 11975 18074
0 8727 16543 12001
0 16108 12000 8650
0 12834 15601 9612
0 8687 12017 8689
0 8650 12005 6903
0 14512 12004 1684
0 1872 8954 8120
0 859 7771 1728
0 11750 14589 2338
0 2578 11719 5605
0 2281 13208 1905
0 13010 16114 16115
0 12828 5932 12827
0 13653 16726 8879
0 18264 16731 12380
0 1675 11985 1650
0 6285 12785 11595
0 3530 8160 4771
0 7950 955 16493
0 2957 1251 9603
0 518 18257 343
0 5170 8395 12770
0 13041 13040 15271
0 1861 1319 1011
0 9870 2470 14992
0 9870 14992 5054
0 12731 8830 2212
0 2213 5037 15139
0 6554 5037 2213
0 6904 8674 2254
0 6904 2254 6035
0 9329 7604 2068
0 12680 813 8421
0 8523 8518 17723
0 990 17429 2269
0 4267 990 2269
0 12790 1929 12792
0 8563 13539 15212
0 12499 6734 5947
0 12763 3856 6048
0 8966 17360 7656
0 8630 8395 842
0 13285 8735 12682
0 1407 12188 4602
0 26 182 10028
0 18259 13389 8121
0 5639 4801 13474
0 12788 4801 5639
0 13571 11793 11430
0 6903 2029 8650
0 12270 2029 6903
0 2496 18263 7604
0 18218 8870 8868
0 12971 8186 6393
0 3061 2541 16552
0 8725 14772 924
0 8662 14998 15450
0 7654 8932 6687
0 12903 8932 7654
0 4165 2575 6890
0 13574 2575 4165
0 2576 13243 12844
0 12745 16824 12746
0 3843 7587 8795
0 3843 8795 15745
0 4317 8884 13210
0 8932 16325 5948
0 6270 13044 8620
0 7891 16318 3360
0 7303 12694 16986
0 4132 7539 10605
0 12800 6105 15851
0 859 1728 6157
0 2672 6890 8464
0 4165 6890 2672
0 17021 16565 15880
0 2456 16855 8424
0 15599 2955 16001
0 2691 7213 2761
0 15357 2691 2761
0 12854 13017 12010
0 6285 15374 12785
0 8814 14596 6734
0 5757 3708 6365
0 15144 2266 8702
0 8702 2266 14935
0 16805 8863 2996
0 8863 8865 2996
0 16318 16493 3360
0 2659 1507 2964
0 7986 3464 16544
0 14870 2833 958
0 3242 16172 2814
0 12723 6904 6035
0 9748 6903 12005
0 17730 13086 17929
0 15229 8442 8989
0 3664 2661 5566
0 8791 15614 18116
0 5208 8842 8843
0 3986 8753 10804
0 8783 8753 3986
0 10934 8842 12747
0 8674 6904 15501
0 12832 5874 15375
0 15365 12933 6910
0 8783 3986 8085
0 12887 12885 13310
0 288 11281 2752
0 13074 14328 5518
0 15338 5934 8894
0 16685 8895 15338
0 8290 1269 1685
0 4801 12788 2786
0 2078 13652 8427
0 2078 12379 13652
0 5952 12312 6702
0 2786 12788 5354
0 8066 16324 8749
0 14595 118 87
0 4448 15754 12838
0 12483 14753 1739
0 1739 15239 12483
0 12013 4651 4353
0 3242 17039 16184
0 796 2822 15063
0 13013 2616 5929
0 4093 12766 5658
0 12409 12766 4093
0 7893 3362 16320
0 763 8531 17429
0 11552 441 13574
0 11552 13574 4165
0 3943 3113 629
0 3943 15166 3113
0 3944 958 6434
0 12667 6885 2664
0 6885 8536 2664
0 8731 8733 7787
0 2826 343 18257
0 5947 6734 8749
0 590 12933 11970
0 11635 3271 9167
0 3271 9153 10912
0 1889 3460 16539
0 14596 8814 6287
0 17056 8610 8963
0 15166 8727 6878
0 6393 3471 12971
0 6885 8545 8536
0 3594 16726 2480
0 6878 11994 5009
0 6287 2848 1319
0 15790 15791 3061
0 8410 14982 8945
0 12936 15634 15008
0 4353 17489 12761
0 3231 14166 15577
0 5571 15986 3179
0 3464 7984 16544
0 3464 16545 7984
0 2996 8865 8666
0 8982 14935 924
0 8611 8965 16555
0 15139 15137 2566
0 7190 12835 15754
0 11969 12931 15599
0 11969 6881 12931
0 8450 4604 7723
0 14780 15440 6361
0 16983 16117 2814
0 11801 17744 46
0 12963 6856 3096
0 16541 8290 1685
0 7163 17134 12698
0 2427 10556 990
0 2958 7213 2691
0 16318 7950 16493
0 8739 17633 8735
0 2966 4936 8804
0 15112 46 15241
0 15243 46 17744
0 7218 7890 8690
0 10396 2692 8597
0 12425 13023 4331
0 12425 4331 5929
0 8844 8696 16321
0 3238 590 11970
0 182 5966 453
0 4909 15356 12786
0 7213 12832 5936
0 1482 15380 12880
0 12835 13312 12841
0 15386 12848 5871
0 12848 15386 8509
0 15393 16734 229
0 16718 10931 12740
0 1045 2977 4956
0 3364 1787 5935
0 7986 16546 3464
0 8954 1872 6833
0 18254 14590 14591
0 11376 1785 12809
0 12945 15137 12946
0 16543 7985 3463
0 4084 3558 6985
0 4084 14934 3558
0 8997 16321 3362
0 14934 12766 12409
0 453 5965 1318
0 3238 1500 15011
0 6954 1749 18267
0 4225 1039 8609
0 12844 1315 10754
0 11985 8890 15564
0 7501 17888 3676
0 3944 15246 7952
0 12694 15016 16986
0 12745 15515 5054
0 16833 12891 7520
0 590 16556 12933
0 83 16406 15559
0 15559 11798 83
0 83 10652 16585
0 8753 16322 7893
0 15577 8513 11315
0 87 14594 16178
0 118 14594 87
0 14595 87 15583
0 15588 8518 16730
0 15078 17886 8081
0 15754 12835 12838
0 9611 8857 15203
0 15610 12828 11995
0 8931 12898 8930
0 17563 16117 12842
0 3645 3362 16322
0 4470 5647 11085
0 5647 4470 6689
0 968 7984 16540
0 16544 7984 968
0 15684 12756 11594
0 9741 15684 12761
0 1787 8937 5935
0 16550 8427 8846
0 12971 6894 15721
0 3011 5324 13087
0 1858 4096 13312
0 12796 12795 6048
0 8446 14864 15602
0 10412 4166 1480
0 859 1859 7771
0 1450 1682 10650
0 15431 13256 13255
0 3360 7949 16317
0 3360 16493 7949
0 8832 12743 6163
0 16694 15774 12885
0 8832 6163 3366
0 12878 12880 15933
0 4314 15888 8806
0 13053 13249 13054
0 6361 7369 6365
0 7984 16541 3462
0 18116 15614 12740
0 15265 2692 1649
0 13063 12425 5929
0 8745 18066 4688
0 8781 9142 8391
0 12904 15933 12880
0 12678 16716 3589
0 12678 3589 4979
0 18063 5840 8949
0 3856 4602 6048
0 3856 8555 4602
0 13013 13014 18166
0 5354 9417 12790
0 8756 16815 15991
0 12017 15873 8689
0 2549 15112 4750
0 7226 1517 6905
0 15244 15246 3944
0 7634 8854 13326
0 5285 3238 1669
0 4604 8630 7723
0 5840 5010 8471
0 7128 6777 4092
0 8732 8733 8731
0 6879 7209 4909
0 16109 8846 13652
0 1905 11552 4921
0 1905 4921 13575
0 16184 13434 12796
0 12828 15610 15357
0 18254 18256 2078
0 12967 6687 17622
0 12936 17771 12935
0 12723 6088 4970
0 4970 14237 12723
0 4247 3125 5566
0 3125 15886 5566
0 13477 11430 8558
0 11801 358 15113
0 7892 16323 927
0 629 6878 5009
0 3460 7950 16539
0 3460 955 7950
0 10615 8471 5010
0 2946 16730 15611
0 15986 3870 3616
0 3616 3870 8510
0 15611 16730 4810
0 2966 4317 4936
0 8890 16551 15564
0 11555 3096 4814
0 12736 10680 17956
0 15188 18 3054
0 11376 12795 1584
0 14589 12708 11165
0 8700 8844 8997
0 14943 9117 11049
0 12903 16325 8932
0 14943 11049 11958
0 16107 5759 3234
0 16545 15691 15210
0 8085 3986 10804
0 955 16349 7949
0 17490 4353 8555
0 13615 13014 8522
0 3767 13615 8522
0 15016 12736 5183
0 1267 8543 8639
0 771 3231 15577
0 15579 3231 771
0 2281 5223 13222
0 2281 1164 5223
0 1859 14326 6125
0 7951 11281 6434
0 12766 14934 4084
0 3766 9153 2033
0 10795 12766 4084
0 3238 15011 590
0 12955 18067 5262
0 11165 12955 5262
0 6904 8515 2673
0 8515 15579 2673
0 16937 1651 5283
0 1651 11803 5283
0 394 6910 12933
0 4005 4995 11416
0 8963 8610 16554
0 3462 16541 1685
0 12905 8682 6847
0 8682 3616 6847
0 13477 8558 16538
0 16542 7983 8650
0 16542 8650 12000
0 16545 8655 7984
0 8662 15210 15691
0 7587 2337 8795
0 8896 437 5182
0 15110 2549 11806
0 4132 2814 15459
0 26 16596 182
0 15986 12851 3870
0 3870 12851 8510
0 3123 16939 18253
0 5934 11799 8894
0 9744 4351 4545
0 12252 8933 15218
0 4604 11568 12770
0 6702 16551 8890
0 8160 8966 4771
0 8122 16658 13051
0 17039 460 13434
0 460 16176 13434
0 1155 2496 9329
0 2496 7604 9329
0 4113 7323 13028
0 1512 8646 11018
0 1512 12907 8646
0 17773 8620 12844
0 4635 3459 8901
0 4635 16537 3459
0 16805 3180 5502
0 5502 3180 15989
0 1728 8186 13089
0 8948 8954 7295
0 8015 8948 7295
0 5009 11994 8722
0 4143 8723 8722
0 17052 15602 8443
0 17489 9741 12761
0 13208 8553 8546
0 7417 15561 4431
0 12848 15561 7417
0 8884 3604 12509
0 15393 229 16757
0 12808 11143 1529
0 8522 7319 12943
0 8749 7892 3361
0 12756 12753 12483
0 12483 12753 14753
0 12753 12012 14753
0 12756 9741 12753
0 13026 17201 15463
0 5567 8639 8553
0 8553 603 5567
0 2576 8620 13044
0 8889 15790 12312
0 8997 15994 8700
0 2012 8722 11994
0 3514 17773 8023
0 16316 3360 4752
0 2958 15610 11995
0 3530 4771 8152
0 4771 8966 8152
0 12809 11141 12763
0 6299 5055 18256
0 16002 11994 1679
0 14589 11750 12708
0 15246 8791 7952
0 8937 489 12459
0 3011 15722 5324
0 6894 15722 3011
0 5646 11234 13245
0 2427 8676 7136
0 16937 5283 8786
0 16313 13576 8546
0 2480 13653 1724
0 8830 17183 940
0 629 5009 8724
0 1850 13285 4886
0 8809 6733 4314
0 6733 15888 4314
0 5807 6098 15195
0 4331 13023 7616
0 4331 7616 5929
0 12742 16998 16718
0 7892 16319 3361
0 8390 16904 9152
0 8945 9152 8410
0 5758 16035 2964
0 13434 17037 12796
0 12747 1720 5741
0 13028 4957 4125
0 8602 8735 13285
0 12269 8619 16107
0 12848 7417 17570
0 7136 8676 15641
0 17136 13025 11776
0 14974 5640 13048
0 359 3944 288
0 6110 4017 17201
0 12698 17134 17095
0 16548 3465 7985
0 12763 6048 11376
0 7985 3465 16547
0 13013 18166 17471
0 8919 8920 8922
0 7892 3363 16323
0 16324 3363 7892
0 16824 12745 14992
0 14992 4445 16824
0 8558 16314 7948
0 8558 7948 16538
0 4887 15440 13092
0 7608 4887 13092
0 4602 8555 11709
0 5605 8781 2578
0 2659 1900 6352
0 18262 16733 13286
0 12740 12742 16718
0 7893 16320 927
0 16323 7893 927
0 15386 5871 5948
0 5966 5943 8863
0 5874 6915 9416
0 5905 12940 7285
0 16939 3123 16565
0 17182 8832 1044
0 15168 8756 15991
0 8784 15168 10616
0 15880 14590 8427
0 1850 4886 1771
0 4886 12682 1771
0 6088 8184 13254
0 15821 12225 8911
0 12225 15821 8930
0 12680 7436 813
0 12887 15934 11088
0 5647 12887 11088
0 13575 8464 8405
0 2928 7390 8510
0 6035 2254 6088
0 12723 6035 6088
0 17316 12024 12842
0 6270 8620 3514
0 1648 16014 12270
0 14594 118 1318
0 1318 118 10028
0 15394 5565 2779
0 16548 8727 7951
0 15722 4995 5324
0 12844 10754 6090
0 6090 10754 2965
0 13066 859 6157
0 18218 8868 8895
0 3231 8398 14166
0 3514 3664 11775
0 14533 8290 8655
0 6763 12912 1170
0 17956 5183 12736
0 11016 8284 12826
0 7041 17359 8947
0 17365 12743 10794
0 5873 12947 14966
0 12736 12694 17388
0 12694 8988 17388
0 13065 12425 13063
0 4931 5947 15366
0 10137 16111 7209
0 10137 7209 6879
0 15632 11595 12785
0 15592 12946 6680
0 87 8085 10804
0 15195 6098 8723
0 6872 8523 2269
0 10680 9870 5054
0 17956 10680 5054
0 15144 8721 2266
0 3896 17094 5640
0 1170 15988 12907
0 12828 15357 5932
0 8791 15246 15614
0 15601 2958 9612
0 1057 2018 15083
0 1720 12747 8842
0 6393 8186 7771
0 7771 3471 6393
0 13014 7616 4555
0 17773 3514 8620
0 1749 3364 12573
0 16594 1749 12573
0 3589 14541 14540
0 16558 3475 6680
0 6788 8867 8666
0 12379 1919 13652
0 13504 9526 8500
0 12343 10784 13504
0 14589 13076 6437
0 8748 12499 8747
0 3473 12876 15768
0 8748 8747 551
0 8401 14864 8584
0 1500 3238 16114
0 9744 12953 4351
0 763 17429 10556
0 1858 13310 4096
0 12899 17622 12898
0 11247 12967 14000
0 2822 15051 6279
0 926 3462 12005
0 12005 3462 1685
0 8527 12905 16112
0 17650 5946 8690
0 796 11719 15051
0 15884 3125 4247
0 17563 12842 12024
0 17416 603 13222
0 1858 13311 8859
0 83 4431 16406
0 16585 4431 83
0 6299 10179 5055
0 15609 8879 16758
0 16178 8085 87
0 12743 17365 6163
0 5951 12002 12878
0 11709 12761 7393
0 8804 8710 15867
0 2970 2012 11994
0 2970 11994 16002
0 5170 14745 8955
0 6915 1858 13312
0 16492 7947 955
0 955 7947 16349
0 6777 12893 14512
0 12875 12876 3473
0 12875 3473 7225
0 13539 1900 2659
0 4794 1900 13539
0 10661 8507 3861
0 3861 8507 8609
0 1734 6856 8931
0 14364 14030 18258
0 3592 15611 4810
0 12917 6763 1170
0 15374 6879 12785
0 2770 15386 7219
0 16035 13574 441
0 343 2826 15392
0 5518 13214 13074
0 10556 17429 990
0 6279 1141 8392
0 15195 8723 4143
0 14590 18254 2078
0 15139 2566 2419
0 15599 12931 17647
0 6270 11775 13045
0 8464 15438 14745
0 6954 18067 12955
0 12955 12544 6954
0 17654 15592 7319
0 4225 1269 1039
0 3123 18253 14591
0 5871 6941 5948
0 5871 8913 6941
0 15218 5948 6941
0 12698 11559 8962
0 11559 4247 8962
0 12904 12880 6910
0 2659 2964 9769
0 8962 4247 12894
0 8631 15631 17063
0 6971 15439 4315
0 2833 16549 3465
0 13026 15463 13025
0 13026 13025 12601
0 7985 16547 968
0 18255 18253 16939
0 16819 7585 4887
0 6434 11281 288
0 2786 5354 12790
0 6880 7225 1482
0 12013 1529 17491
0 17723 4267 2269
0 10804 8753 9820
0 17301 17367 4084
0 8596 14937 8586
0 5946 7218 8690
0 5725 2234 5932
0 18265 5565 15394
0 8696 7032 16539
0 13575 2281 1905
0 2771 1251 13326
0 14883 14512 12893
0 8696 8844 7032
0 4084 17367 10795
0 16113 10080 3237
0 15238 11596 358
0 358 15372 15113
0 360 8687 17743
0 733 2975 15660
0 13043 2576 13044
0 16805 5502 5965
0 4906 16326 2470
0 9870 4906 2470
0 9416 6915 7190
0 16493 955 7949
0 8781 8391 2578
0 14937 8567 10545
0 5757 2955 15600
0 11993 1672 15867
0 15267 10661 3861
0 15267 3861 6286
0 12848 17570 8913
0 11709 4801 12792
0 4602 11709 12792
0 7585 16115 15440
0 9788 8786 8785
0 8909 8911 12252
0 15560 1650 10652
0 11799 1650 15560
0 7301 1803 7128
0 17389 12733 16326
0 12997 1803 7301
0 12912 15988 1170
0 5054 2898 17956
0 6777 14512 4092
0 15327 12775 8253
0 15459 6005 1929
0 6788 8788 5934
0 4166 17365 10794
0 4166 10794 1480
0 1407 4602 12792
0 8450 11568 4604
0 13210 8884 12509
0 17430 16717 8421
0 8732 14870 6891
0 13521 5940 3365
0 13521 3365 16325
0 11416 4995 12964
0 7390 1014 8510
0 7390 16406 407
0 15684 13474 7393
0 8294 13538 1900
0 12151 8466 17932
0 7390 407 1014
0 12786 7216 15632
0 8646 16112 3237
0 6680 12943 7319
0 12945 12947 5873
0 10615 5010 6352
0 1900 10615 6352
0 15373 13521 12903
0 12763 8555 3856
0 12784 7781 646
0 6914 7781 12784
0 6903 9748 8507
0 6903 8507 1648
0 3465 16549 7986
0 2814 4132 10605
0 13311 12834 5951
0 12899 8931 6856
0 12899 12898 8931
0 4351 12953 13224
0 2958 11995 1680
0 9612 2958 1680
0 4646 9142 5742
0 12810 5658 12805
0 5658 12766 12805
0 15459 1929 12790
0 3944 6434 288
0 12809 1785 2686
0 12409 4093 12802
0 8546 8553 8901
0 16113 6894 12971
0 2765 6894 16113
0 12917 11017 6302
0 395 2661 12004
0 5944 9744 12931
0 8830 16352 2212
0 6286 8411 8409
0 13013 17471 2616
0 17471 13093 2616
0 15144 5503 5905
0 1749 6661 18267
0 4165 2672 4921
0 2338 8330 12956
0 13082 8330 2338
0 3789 16973 5518
0 16313 5764 13576
0 5764 16313 3358
0 16802 151 15428
0 17919 8739 18061
0 6868 15229 8989
0 15722 12964 4995
0 8804 8888 8710
0 2937 981 16178
0 6833 1872 17052
0 11038 5875 9604
0 7878 16698 11996
0 87 10804 15583
0 8756 8783 16815
0 11088 3149 1522
0 4749 15238 2549
0 4749 2549 15110
0 8563 11430 11793
0 15356 5936 12786
0 8696 7950 16318
0 16539 7950 8696
0 12842 7128 17316
0 5942 7736 8724
0 16111 10137 12784
0 7951 8727 11281
0 2833 7951 958
0 8804 4936 8888
0 4936 8889 8888
0 16805 15990 3180
0 16805 8666 15990
0 12822 10556 2528
0 8469 8516 15439
0 12851 15986 17304
0 8111 12429 12803
0 2761 15356 4909
0 13011 18141 15010
0 15144 5905 8721
0 5503 12940 5905
0 13045 15053 6270
0 17919 17633 8739
0 14963 12945 5873
0 15138 7163 12698
0 4005 17929 4995
0 2337 3466 7226
0 7587 17021 3466
0 7587 3466 2337
0 13310 12885 4096
0 4096 12885 14748
0 2661 12894 5566
0 17489 12753 9741
0 12573 5935 8920
0 3364 5935 12573
0 1905 13208 13576
0 4906 17389 16326
0 8955 14745 8956
0 14745 15438 8956
0 13074 13094 10022
0 11247 11416 12964
0 4801 2786 12792
0 1315 3148 15607
0 1039 5605 1027
0 6132 798 7135
0 11975 8865 5943
0 16820 18141 16819
0 16820 3945 18141
0 3048 1803 15774
0 4956 15888 551
0 4956 551 1045
0 12380 2480 1724
0 10179 12380 1724
0 16855 6856 12963
0 16805 5965 453
0 8536 6196 8453
0 8453 6196 8450
0 11559 14974 13048
0 14937 4794 8586
0 16602 8586 4794
0 7891 8696 16318
0 12887 8741 12891
0 8914 3467 6702
0 17388 4906 10680
0 17388 4196 4906
0 8854 8853 6091
0 6091 8853 11972
0 3473 15358 2766
0 16731 3594 2480
0 9748 12005 1685
0 8896 229 437
0 1889 16539 7032
0 8923 8153 8920
0 8923 10750 8153
0 14590 15880 3123
0 3123 14591 14590
0 6163 4445 2470
0 8409 12268 11790
0 8409 11790 10661
0 5639 13474 15642
0 13014 13013 7616
0 11992 8846 16109
0 8846 11992 6906
0 9604 1251 15203
0 15242 4754 2675
0 5883 8387 15078
0 3471 1512 11018
0 1859 1512 3471
0 6265 8948 8403
0 14868 12875 16698
0 7949 16537 16317
0 9612 12002 5951
0 8399 8671 8442
0 2769 15366 3361
0 5764 441 11552
0 441 5764 15661
0 1681 16460 15663
0 12894 4247 5566
0 8894 16685 15338
0 6125 11017 1512
0 6302 11017 6125
0 8416 18063 8953
0 8914 16552 3467
0 5947 8749 15366
0 12790 9417 7539
0 9417 4448 7539
0 12875 7225 6880
0 3363 7893 16323
0 3363 9820 7893
0 6733 1319 2848
0 8809 1319 6733
0 15515 2898 5054
0 2929 16551 16585
0 7213 15601 12832
0 13312 7190 6915
0 18171 12805 1785
0 1507 8466 15127
0 5758 1507 15127
0 3235 1672 11992
0 3463 7983 16542
0 11709 7393 4801
0 395 14883 2419
0 8015 8443 8401
0 8416 14357 5840
0 12891 16694 12885
0 15366 8749 3361
0 3662 6554 7755
0 16833 3662 7755
0 8854 6091 11993
0 11993 6091 11972
0 2419 2566 15138
0 15604 16001 5757
0 12887 5647 8741
0 5647 6689 8741
0 2281 13575 1164
0 4445 4166 16824
0 11970 15365 6881
0 18067 18066 8127
0 11970 12933 15365
0 11376 12809 12763
0 8788 6788 8666
0 6909 16553 8919
0 5808 16551 3467
0 18171 1785 11376
0 18261 6167 7501
0 7736 629 8724
0 8724 5009 8722
0 8865 18074 8788
0 14935 5807 924
0 14935 9005 5807
0 15008 3767 12936
0 1803 12997 15774
0 8724 8723 5942
0 5943 8857 9611
0 13571 13477 1889
0 13571 11430 13477
0 16110 1672 3235
0 12834 9612 5951
0 4751 1620 11594
0 8727 7985 16543
0 8727 16548 7985
0 8702 4492 12873
0 6425 6265 8403
0 9788 5969 10773
0 15327 8867 8868
0 6879 15374 2767
0 4096 14748 12841
0 12844 6090 17773
0 2528 2427 7136
0 3664 11324 2661
0 1669 16001 15604
0 2767 15371 6879
0 8442 14656 8670
0 13252 6925 14237
0 14237 13051 8183
0 16658 8183 13051
0 13243 1315 12844
0 2566 12945 14963
0 4092 12024 17316
0 9750 8663 5666
0 16176 3851 17037
0 13010 16115 7585
0 14863 8663 16737
0 8860 5875 17729
0 15633 15378 12788
0 3238 11970 1669
0 3061 6908 2541
0 2427 990 10558
0 4267 10558 990
0 4092 1684 12024
0 16836 12024 1684
0 7295 8954 6833
0 8015 7295 6833
0 14533 8667 16737
0 12792 2786 12790
0 6106 460 17039
0 8911 8909 10623
0 151 16802 6110
0 8988 12694 7303
0 8988 7303 5200
0 1184 4448 9417
0 8512 8513 15577
0 15378 5354 12788
0 4100 16107 3234
0 1859 859 14326
0 9608 8857 5966
0 6167 1850 1771
0 3475 17771 12943
0 7880 3179 15988
0 16321 8696 7891
0 8409 15267 6286
0 13575 8405 1164
0 17570 2541 8913
0 17136 14964 13025
0 8121 13389 13388
0 13058 15436 6985
0 15768 4244 5944
0 4351 13224 13028
0 14883 395 12004
0 14512 14883 12004
0 7787 16546 8731
0 3896 5640 14974
0 8442 15229 14656
0 8919 8922 789
0 11596 6285 358
0 358 6285 15372
0 14364 8923 15811
0 2826 14364 15811
0 15188 3054 6287
0 13224 7811 6763
0 3485 9608 16596
0 12786 5936 7216
0 13093 13063 2616
0 2977 2526 12003
0 2977 12003 17633
0 16316 7891 3360
0 4956 5315 15888
0 6925 13051 14237
0 8518 8081 12678
0 16553 8923 8919
0 15811 8923 16553
0 7219 5948 16325
0 12678 17723 8518
0 12756 15684 9741
0 7135 8693 6132
0 8809 4314 8806
0 15440 16115 7369
0 10558 8676 2427
0 17094 13050 5640
0 13057 13054 9793
0 15016 13256 15431
0 16986 15016 15431
0 18255 16939 9329
0 9329 2068 18255
0 3361 16319 7890
0 3361 7890 7218
0 15053 13044 6270
0 8932 8933 8934
0 8933 8932 5948
0 12846 13115 6927
0 2971 15683 15632
0 15683 11595 15632
0 12667 2664 8453
0 2664 8536 8453
0 15010 10936 13011
0 16545 8667 8655
0 15210 8667 16545
0 5346 8531 6885
0 6872 8531 5346
0 12784 10137 6879
0 7723 6425 8403
0 8595 8586 8580
0 12894 395 8962
0 8673 14656 8513
0 15644 1732 6536
0 12808 1480 10794
0 2284 2939 8066
0 5183 2898 13248
0 11559 15884 4247
0 11559 13048 15884
0 7209 2761 4909
0 7786 15210 8662
0 15203 8857 11038
0 3843 15745 1699
0 1039 1269 5666
0 1039 5666 8781
0 6909 7495 8929
0 8931 8929 7495
0 7128 12842 16983
0 3804 7128 16983
0 8646 3237 10080
0 343 16759 518
0 1675 2957 11985
0 5808 3467 16552
0 5315 8806 15888
0 8806 5315 6905
0 2673 11315 15229
0 15243 12486 46
0 11996 1680 3472
0 8732 8731 16549
0 8732 16549 14870
0 8646 12907 8527
0 16594 18266 6661
0 5874 9416 15375
0 9149 13133 12847
0 9612 1680 12002
0 6680 3475 12943
0 453 5966 8863
0 15195 8725 924
0 7781 4562 646
0 6914 5741 7781
0 8741 6689 12891
0 7520 12891 6689
0 5055 10179 12379
0 15438 6893 8956
0 4315 6893 15438
0 10255 929 8567
0 8596 10255 14937
0 17563 12024 4423
0 9149 6927 13133
0 6909 2773 16553
0 16983 2814 10605
0 6734 8066 8749
0 437 3468 5182
0 5182 3468 7227
0 13976 15429 13050
0 12822 8543 10556
0 12859 17304 11660
0 2965 460 6106
0 10754 460 2965
0 10650 1682 3560
0 13089 6157 1728
0 4545 13028 15014
0 4545 4351 13028
0 8693 16537 4635
0 4635 8901 8693
0 17182 3823 12011
0 17490 8555 12763
0 6833 17052 8443
0 15641 8676 16315
0 3149 12904 1522
0 12269 10528 8632
0 11736 5346 8446
0 8446 5346 12667
0 11143 12743 12011
0 7218 15385 2769
0 15381 5952 8890
0 8523 6872 11736
0 15083 8674 6868
0 8674 15501 6868
0 18141 13011 16819
0 5334 1675 1650
0 12862 12859 12362
0 16313 8546 3459
0 15371 12784 6879
0 12931 6881 15358
0 7501 3676 18261
0 12903 6886 15373
0 2337 6905 8795
0 13080 13076 11165
0 16111 5725 3236
0 5966 8857 5943
0 7163 2566 14963
0 10623 8908 15383
0 15380 6910 12880
0 12834 13311 6915
0 8442 8671 12432
0 13947 8870 12816
0 12069 8395 5170
0 12816 8870 18218
0 8896 5950 2932
0 12805 12766 10795
0 2686 12808 1529
0 17143 4754 3941
0 6985 13057 9793
0 1269 9748 1685
0 13504 13591 11117
0 1522 394 3474
0 4445 14992 2470
0 13287 1850 6167
0 5566 15886 13045
0 11775 5566 13045
0 3470 2768 15378
0 3470 15378 15633
0 6105 12800 17038
0 13286 13285 1850
0 13286 3593 13285
0 3108 13243 6165
0 1889 13477 3460
0 1929 1407 12792
0 16001 2955 5757
0 8811 998 7114
0 11801 46 15112
0 7539 4132 15459
0 17388 15644 4196
0 9769 11430 15212
0 2771 9603 1251
0 7032 1649 1889
0 8989 8442 12432
0 1482 12878 6880
0 12002 6880 12878
0 10824 8632 8969
0 8869 5514 3180
0 18261 13287 6167
0 1749 16594 6661
0 12796 6048 12188
0 9925 2929 10652
0 8519 15564 2929
0 17364 8469 2575
0 16317 16537 8690
0 5037 12946 15137
0 12828 16699 11995
0 16699 3472 11995
0 15989 8818 5965
0 713 5965 8818
0 8814 6734 12499
0 3234 15643 16108
0 2975 733 7136
0 2528 7136 733
0 1584 12795 3851
0 3851 12795 17037
0 12956 11750 2338
0 12956 12963 11750
0 6361 15440 7369
0 2456 14000 12967
0 12936 3767 12943
0 11252 15745 12609
0 7163 14963 2462
0 12742 14753 16998
0 16998 14753 12012
0 8894 10650 16685
0 7892 927 16319
0 12459 4814 10484
0 12736 17388 10680
0 7209 3236 2761
0 6361 6365 1024
0 1024 6365 3708
0 7216 2768 3470
0 2769 3361 7218
0 3365 2770 7219
0 7225 3473 2766
0 2975 7136 15641
0 7227 2773 15383
0 12379 10179 1724
0 5054 14992 12745
0 12785 12786 15632
0 8657 17434 8908
0 17304 12859 8534
0 5808 7417 4431
0 9925 8519 2929
0 1650 11985 8519
0 8403 8948 8015
0 8611 11719 8965
0 2456 12967 12899
0 8523 17723 2269
0 4166 10412 16824
0 4604 12770 8395
0 4604 8395 8630
0 7585 15440 4887
0 11795 8700 15144
0 11795 15144 8702
0 2972 3474 16556
0 8934 6687 8932
0 14937 10255 8567
0 1675 9611 2957
0 1675 11975 9611
0 796 8965 11719
0 12964 477 6886
0 2213 14883 12893
0 8901 3459 8546
0 1584 12810 18171
0 359 15242 12486
0 10795 1480 11140
0 12955 8937 1787
0 16319 927 7890
0 460 15607 16176
0 5874 12834 6915
0 12832 12834 5874
0 6914 2767 15370
0 6914 15371 2767
0 6908 15791 8909
0 7654 11247 6886
0 14934 13039 13058
0 8937 12955 12708
0 12708 12955 11165
0 12544 1749 6954
0 7771 1859 3471
0 12947 15592 17654
0 15372 11595 1620
0 6285 11595 15372
0 8791 18116 6891
0 8785 17143 6249
0 15051 2578 8391
0 15241 15242 2675
0 3843 16565 7587
0 13287 13286 1850
0 11140 1480 12808
0 6847 1014 16781
0 6847 16781 2770
0 11315 8513 14656
0 8023 1684 11324
0 11324 1684 12004
0 2018 5200 4186
0 11270 12432 8671
0 7501 12680 8421
0 14540 17888 7501
0 15774 14748 12885
0 11985 2957 9603
0 11985 9603 8890
0 8919 789 6909
0 3096 6856 4814
0 12151 14013 8466
0 8682 15988 3179
0 8682 8527 15988
0 15459 12790 7539
0 8931 8930 8929
0 13312 4096 12841
0 13052 15016 5183
0 4555 8522 13014
0 6554 12893 15776
0 6554 2213 12893
0 8083 2937 713
0 16317 4752 3360
0 2338 14589 13081
0 6132 8543 798
0 798 8543 12822
0 7603 13287 18261
0 13078 16819 7608
0 7210 12905 5940
0 16112 12905 7210
0 1057 1732 2018
0 12963 12956 8424
0 8424 12705 14000
0 8879 11973 16110
0 8908 17434 5950
0 4754 17143 15235
0 17143 8785 15235
0 1164 8405 6196
0 7654 6886 12903
0 8398 7656 8400
0 8966 7656 8152
0 8962 15138 12698
0 8962 2419 15138
0 12946 16558 6680
0 13052 13256 15016
0 14780 6361 13072
0 8868 6788 15338
0 6788 5934 15338
0 10442 15231 12826
0 713 8818 8083
0 12851 17304 17610
0 8584 12667 8453
0 17650 8693 4755
0 6985 12746 17301
0 8527 12907 15988
0 15579 8515 16106
0 8693 17650 16537
0 8844 8700 11795
0 8844 11795 7032
0 6132 8693 8901
0 13311 1858 6915
0 8840 13963 3271
0 5929 7616 13013
0 17429 6872 2269
0 6894 12964 15722
0 477 12964 6894
0 15583 9820 2939
0 8896 5182 7227
0 3366 2470 16326
0 6163 2470 3366
0 13092 15440 14780
0 15791 8657 8909
0 8869 8872 9220
0 9220 8872 13963
0 8531 6872 17429
0 5514 8869 9220
0 8401 7723 8403
0 7436 8676 813
0 16315 8676 7436
0 7778 8392 14166
0 3468 3085 15811
0 8671 7786 14997
0 8662 15691 7787
0 4317 2966 8884
0 2966 15609 8884
0 4470 11714 6689
0 6717 7634 8860
0 14166 8392 8512
0 16172 3242 16184
0 10680 4906 9870
0 3021 13023 14246
0 15821 6907 8929
0 8929 6907 15368
0 8734 2212 9377
0 2807 8734 9377
0 6687 8934 15820
0 8555 4353 12761
0 8888 12312 5952
0 8888 8889 12312
0 15642 1620 15683
0 7878 11996 3472
0 3472 17347 7878
0 8391 9142 4646
0 1141 8391 4646
0 13041 3108 6165
0 745 7778 8947
0 15063 745 8947
0 3662 16831 6554
0 6554 16831 5037
0 2965 6106 17563
0 15888 6733 8748
0 17183 8732 6891
0 17610 12854 12010
0 15188 6287 1319
0 1838 2932 17434
0 17143 3941 7736
0 15942 5658 6014
0 7948 16492 955
0 958 7951 6434
0 14512 1684 4092
0 7163 2462 3930
0 3930 2462 14964
0 17563 6106 16117
0 12312 8914 6702
0 10794 11143 12808
0 8732 12731 8733
0 8023 16836 1684
0 18166 13615 5542
0 7226 6905 2337
0 8127 13080 18067
0 3823 1683 12011
0 16904 8410 9152
0 12017 1681 15873
0 8632 10528 8969
0 8083 981 2937
0 8083 3181 981
0 4646 8512 1141
0 8757 15168 15961
0 1141 8512 8392
0 17729 5875 11038
0 3061 15791 6908
0 12967 17622 12899
0 15177 5514 8840
0 5514 13963 8840
0 6717 8854 7634
0 8853 8854 6717
0 8120 0 13388
0 8121 13388 0
0 1 16646 8122
0 18066 150 8127
0 16549 8731 7986
0 8731 16546 7986
0 1838 4936 13210
0 8284 12816 10442
0 1026 1027 8610
0 11430 9769 8558
0 16657 8152 8514
0 8152 7656 8514
0 8153 12573 8920
0 8160 16646 1
0 5944 4244 9744
0 15790 3061 8914
0 12312 15790 8914
0 1650 9925 10652
0 1650 8519 9925
0 395 2419 8962
0 12723 8183 17667
0 16657 8514 8183
0 6537 10652 83
0 12971 15721 8186
0 8184 12239 13254
0 5325 12239 8184
0 4186 8674 15083
0 8674 4186 18000
0 15358 5944 12931
0 2822 6279 15063
0 12486 15241 46
0 8733 8734 14998
0 8619 15631 16107
0 7746 6763 12917
0 12917 4113 7746
0 12945 12946 15592
0 2826 18257 14030
0 6717 8860 8811
0 3475 7520 16832
0 3662 7520 3475
0 929 12343 13504
0 15939 8889 4936
0 7634 5875 8860
0 6914 12784 15371
0 15599 17647 4545
0 7811 12915 6763
0 12953 12915 7811
0 12999 5646 3708
0 15373 477 2765
0 5646 12983 3708
0 10028 15782 18
0 5969 6249 5942
0 15097 5969 5942
0 3594 16760 5297
0 12997 12841 14748
0 1648 12270 6903
0 14312 3181 8083
0 14312 8083 15485
0 13537 5840 8471
0 8519 11985 15564
0 8611 16555 3469
0 17054 8611 3469
0 2029 16108 8650
0 14590 2078 8427
0 6906 15387 8846
0 3236 5725 5932
0 8673 8670 14656
0 15939 1838 17434
0 8657 15939 17434
0 4979 4267 17723
0 8509 1014 407
0 16781 1014 8509
0 12747 5741 6914
0 15370 12747 6914
0 12905 8527 8682
0 18074 5334 5934
0 6890 15438 8464
0 14744 12983 17309
0 4754 15235 2675
0 13538 10615 1900
0 9748 1269 4225
0 13040 17318 15271
0 14864 8446 12667
0 16820 16819 13078
0 8867 15327 8869
0 15327 8253 8869
0 1699 1155 9329
0 1045 8851 2977
0 1027 17054 8610
0 7880 12912 4758
0 1027 5605 8611
0 17622 15820 12898
0 489 11750 11555
0 17416 8545 6885
0 4814 1734 10484
0 16184 12796 6005
0 12375 8500 9904
0 9526 9904 8500
0 4909 10595 6879
0 8611 17054 1027
0 12862 16628 7157
0 13172 7157 16628
0 8788 18074 5934
0 15229 11315 14656
0 6365 7369 5757
0 12822 2528 733
0 2946 15078 15588
0 15078 8081 15588
0 2018 4186 15083
0 18066 8745 150
0 8909 8657 8908
0 8837 8689 15873
0 1039 8781 5605
0 12786 10595 4909
0 3021 17654 4555
0 3485 8857 9608
0 1710 12269 4100
0 17054 3469 8610
0 8442 8670 8399
0 8411 2468 14982
0 8830 1044 16352
0 16352 1044 8831
0 1044 3366 8831
0 8689 8837 4931
0 2254 8674 8184
0 3463 12000 1679
0 12001 3463 1679
0 4001 3181 14312
0 4961 15015 9117
0 8631 14251 2970
0 14863 5742 8663
0 5742 9142 8663
0 6352 8466 1507
0 6352 17932 8466
0 14251 14772 8725
0 8421 16717 14540
0 1699 15745 11252
0 12876 14868 12296
0 11996 12875 6880
0 11996 16698 12875
0 2970 14251 2012
0 6891 7952 8791
0 2018 1732 8988
0 5932 2234 13674
0 5932 13674 12827
0 14870 16549 2833
0 12731 8732 17183
0 16111 18002 5725
0 8856 4910 2771
0 8856 8710 4910
0 16929 12703 9642
0 10642 9642 12703
0 8811 6913 6717
0 12747 15370 15110
0 15790 15939 8657
0 1024 3708 12983
0 15888 8748 551
0 4936 4317 13210
0 182 453 1318
0 4315 15439 6893
0 13224 4113 13028
0 360 798 733
0 9117 14943 8843
0 8670 8673 5312
0 7634 9604 5875
0 2575 6971 6890
0 5757 15600 3708
0 3708 15600 12999
0 11008 5913 8928
0 5913 10941 8928
0 13010 10936 1500
0 8853 6913 15376
0 15177 9979 8829
0 11016 12816 8284
0 15177 8840 9979
0 8721 5905 7285
0 17021 7587 16565
0 1839 8721 7285
0 12847 4153 12827
0 12847 12827 13674
0 11644 9149 12847
0 12846 6927 9149
0 8945 8390 9152
0 8392 745 6279
0 8842 4961 8843
0 8619 8632 17063
0 13224 6763 7746
0 4545 2955 15599
0 6302 5913 7323
0 7539 12838 10605
0 7539 4448 12838
0 12912 12915 4758
0 6763 12915 12912
0 7114 8808 6913
0 6913 8808 1517
0 9388 8471 13538
0 8471 10615 13538
0 3420 8513 8512
0 8721 14935 2266
0 12828 12827 16699
0 14966 12947 14246
0 1838 15939 4936
0 1710 2315 12269
0 12269 2315 10528
0 8471 12302 13537
0 8952 8949 11311
0 18002 646 11383
0 15115 8784 9074
0 15115 15839 8784
0 12915 7059 4758
0 8968 10824 9223
0 8968 9223 8596
0 8914 3061 16552
0 8809 998 1319
0 12847 10455 4153
0 11972 8853 6906
0 10079 9388 12210
0 9388 8567 12210
0 11995 3472 1680
0 9416 1184 2768
0 9416 15754 1184
0 9402 12775 7537
0 16565 3123 15880
0 3271 8375 9167
0 15385 8687 8689
0 2012 14251 8725
0 15577 14166 8512
0 8811 7114 6913
0 15376 1517 2774
0 16734 437 229
0 3271 13963 8375
0 16554 8610 3469
0 10820 16904 8390
0 8015 6833 8443
0 14667 12876 12296
0 12876 14667 15768
0 15015 9074 9117
0 15063 6279 745
0 8096 15385 5946
0 5283 11803 8786
0 14097 16937 8786
0 15051 8391 6279
0 8723 6098 15097
0 8884 16758 3604
0 8786 4101 14097
0 1720 9153 3766
0 1720 5208 9153
0 6717 6913 8853
0 6014 5658 12810
0 2765 7210 16171
0 16982 12838 12841
0 10605 12838 16982
0 8721 9005 14935
0 12010 1450 10651
0 13096 9642 10550
0 13963 8872 8375
0 8389 8390 12508
0 5285 1669 15604
0 2033 11635 9167
0 1739 15245 15239
0 10266 8952 9532
0 8952 11311 9532
0 15015 4961 3760
0 14097 4101 12311
0 929 8969 12343
0 8969 929 10255
0 6196 8405 11568
0 15880 8427 17021
0 8700 15994 15144
0 8563 15212 11430
0 8375 8872 9167
0 10507 9167 8872
0 12931 9744 17647
0 13538 8567 9388
0 8567 13538 8294
0 8783 8756 15995
0 8290 9750 1269
0 14312 11958 12419
0 16349 7947 3459
0 15115 9074 14097
0 15015 14097 9074
0 9433 3570 3571
0 15168 8784 15961
0 9377 2212 17188
0 12731 2212 8734
0 3571 11724 16700
0 11724 5580 16700
0 10396 8597 8580
0 8919 8923 8920
0 2975 15641 5766
0 6286 17056 8963
0 9793 13054 13249
0 9793 12745 12746
0 8969 8596 9223
0 8947 7778 7041
0 8963 14981 6286
0 16904 8500 12375
0 4423 6090 2965
0 9005 8721 1839
0 7157 12854 8534
0 12775 8870 7537
0 8870 12775 15327
0 8773 13133 11016
0 8958 8416 8953
0 16990 8958 8516
0 9138 5208 8843
0 8516 8958 15761
0 9663 11383 12804
0 12804 11392 9663
0 9433 13172 12296
0 16628 12296 13172
0 518 16759 11225
0 7059 12915 15710
0 8853 15376 6906
0 8969 10528 12343
0 998 8809 7114
0 8580 8597 14755
0 8595 8580 14755
0 2826 15811 3085
0 8975 8597 17027
0 17063 8632 10824
0 8567 8294 10545
0 10545 8294 1900
0 15768 14667 10115
0 8952 12508 14712
0 13474 4801 7393
0 14097 12311 15115
0 17063 15631 8619
0 17395 16929 7770
0 7770 16929 14326
0 6361 14744 13072
0 8596 8969 10255
0 15610 2958 2691
0 8477 10079 12210
0 8409 12375 12268
0 1710 9904 2315
0 11252 8602 1155
0 8602 3593 1155
0 8929 8930 15821
0 16973 14246 13023
0 14966 14246 16973
0 4143 8722 8725
0 10079 8471 9388
0 5361 16904 10820
0 13504 8500 8880
0 13504 8880 13591
0 14097 15015 16937
0 15373 5940 13521
0 7880 5571 3179
0 15246 15244 2679
0 5969 9788 6249
0 6098 8792 15097
0 4646 5742 8293
0 11803 15235 8785
0 8792 1839 7285
0 16758 16726 5297
0 5646 12999 11234
0 6905 12609 8795
0 5312 16737 8667
0 10550 10965 12704
0 13026 16972 10022
0 16700 6470 10746
0 8555 12761 11709
0 1861 15188 1319
0 8928 10941 13245
0 6125 12974 5913
0 6125 14326 12974
0 8846 15387 16550
0 6890 4315 15438
0 8477 9919 11827
0 16700 10746 7307
0 6971 4315 6890
0 18141 3945 5644
0 8464 14745 8405
0 8792 5969 15097
0 12311 15839 15115
0 8975 11060 14755
0 13115 7537 13947
0 13115 9402 7537
0 8689 2769 15385
0 8689 4931 2769
0 15203 1251 2957
0 8723 8724 8722
0 8784 10428 9074
0 12848 8509 15561
0 7285 10434 8792
0 12945 2566 15137
0 10642 12704 10965
0 6907 10623 15383
0 7285 12940 3163
0 7952 958 3944
0 8023 11324 3664
0 3514 8023 3664
0 8671 8399 7786
0 10455 6470 4153
0 13172 18085 7157
0 17027 12873 4492
0 3163 10494 7285
0 7285 10494 10434
0 3941 288 2752
0 15614 1739 12742
0 8650 926 12005
0 12903 13521 16325
0 17743 8687 8096
0 8687 15385 8096
0 6270 3514 11775
0 8646 10080 11018
0 5969 10434 11671
0 14667 13195 10115
0 13195 14667 16628
0 8997 3362 3645
0 2939 9820 3363
0 12862 7157 12859
0 8753 8783 8972
0 4794 10545 1900
0 6425 842 6265
0 8630 842 6425
0 1011 998 8860
0 17027 8982 9407
0 8982 14772 9407
0 12269 8632 8619
0 18002 2234 5725
0 16002 1679 15643
0 10616 15168 4001
0 4001 11049 10616
0 7986 16544 968
0 16547 7986 968
0 16602 10396 8580
0 8563 10396 16602
0 10623 8909 8908
0 3473 15768 5944
0 16545 3464 15691
0 11660 17304 5571
0 5571 17304 15986
0 8895 3560 10442
0 10746 12826 7307
0 12226 10820 8390
0 8843 14943 9138
0 8793 4101 10773
0 4101 8793 12311
0 7746 4113 13224
0 10651 15563 12851
0 17610 10651 12851
0 5741 4562 7781
0 7537 8870 13947
0 7322 13245 10941
0 4153 16699 12827
0 8515 17667 8514
0 10773 11671 8793
0 8477 4007 9919
0 12225 8934 8933
0 12343 2315 10784
0 1672 11972 11992
0 2234 12846 13674
0 11392 12846 2234
0 8631 2970 15631
0 7770 13066 17395
0 4143 8725 15195
0 15387 2774 3466
0 13072 14744 15116
0 15768 10115 4244
0 12509 16757 229
0 8389 13537 11827
0 14712 8390 8945
0 12343 10528 2315
0 4001 14312 12419
0 6361 1024 14744
0 15839 3163 15961
0 11644 13674 12846
0 12508 8390 14712
0 12953 9744 4244
0 12953 4244 15710
0 929 12210 8567
0 15710 10115 13195
0 646 18002 16111
0 1450 2928 10651
0 7322 10941 12974
0 5913 12974 10941
0 8409 10661 15267
0 11644 12847 13674
0 4758 7059 6759
0 16406 15561 407
0 10550 9642 10965
0 8911 10623 6907
0 4007 5361 12226
0 5361 10820 12226
0 7323 5913 11008
0 796 15051 2822
0 12847 13133 8773
0 7723 8630 6425
0 11993 11972 1672
0 9407 8975 17027
0 14218 12775 9402
0 13049 8477 12210
0 11827 13537 12302
0 14364 18258 10750
0 14364 10750 8923
0 10754 15607 460
0 12803 12429 12476
0 13098 10824 8968
0 10773 4101 9788
0 8975 14755 8597
0 12862 12362 11334
0 11117 13049 12210
0 13446 8793 10494
0 17367 1480 10795
0 7880 6759 5571
0 6759 7880 4758
0 8450 7723 8584
0 15236 15111 1651
0 6927 13947 13133
0 10974 8975 9407
0 13330 14218 12804
0 12804 14218 11726
0 9919 12226 11827
0 4125 11234 12999
0 5741 11160 4562
0 5741 1720 11160
0 8595 14755 8968
0 11060 8968 14755
0 15051 11719 2578
0 8389 12226 8390
0 3049 1858 8859
0 10974 9407 14772
0 11827 12226 8389
0 10931 940 18116
0 12747 11806 10934
0 15620 1500 10936
0 16983 10605 3804
0 9919 4007 12226
0 11311 8949 5840
0 8747 8837 8851
0 17755 8975 10974
0 16460 1681 12017
0 11334 6759 7059
0 11383 12803 13330
0 11383 646 12803
0 12917 6302 7323
0 4113 12917 7323
0 17755 10974 14251
0 8975 17755 11060
0 10616 11049 10428
0 3474 394 16556
0 11085 1522 3474
0 11085 11088 1522
0 8389 10266 9532
0 8389 9532 13537
0 8631 17755 14251
0 1785 12805 11140
0 11141 2686 1529
0 12013 11141 1529
0 8872 8253 12775
0 8710 8856 15867
0 1681 15663 12003
0 4751 2676 15113
0 8865 8788 8666
0 5312 8667 7786
0 998 8811 8860
0 13248 2898 13053
0 6759 11660 5571
0 11215 8330 13082
0 2033 9153 11635
0 9153 3271 11635
0 7059 15710 13195
0 11644 12846 9149
0 12859 11660 12362
0 10773 5969 11671
0 11247 12964 6886
0 1699 11252 1155
0 5312 8673 14863
0 16737 5312 14863
0 17183 18116 940
0 2967 11270 2807
0 6279 8391 1141
0 3571 3570 11724
0 11726 9402 13115
0 12992 11726 13115
0 8733 14998 7787
0 15579 771 2673
0 8670 5312 7786
0 8399 8670 7786
0 15710 4244 10115
0 15015 3760 16937
0 3571 13172 9433
0 12362 6759 11334
0 9788 8785 6249
0 17309 10550 12704
0 17309 13096 10550
0 7323 4957 13028
0 7323 11008 4957
0 1584 18171 11376
0 8477 8471 10079
0 8595 8596 8586
0 8909 12252 6908
0 12705 4005 11416
0 14772 14251 10974
0 13115 13947 6927
0 10616 10428 8784
0 12999 15014 4125
0 15600 15014 12999
0 4153 5580 16699
0 11008 8928 13245
0 14312 8829 11958
0 4794 14937 10545
0 2315 9904 9526
0 2315 9526 10784
0 12854 18085 13017
0 17364 15127 8469
0 13576 11552 1905
0 9642 7322 12974
0 12974 16929 9642
0 12698 17095 11559
0 3570 5580 11724
0 16700 5580 6470
0 8840 3271 10912
0 16602 8580 8586
0 16117 3242 2814
0 15642 11594 1620
0 15683 1620 11595
0 4749 2767 11596
0 8982 4492 14935
0 17743 8096 5946
0 4755 17743 5946
0 12847 8773 10455
0 11165 5262 13080
0 4957 11234 4125
0 9329 3843 1699
0 9532 11311 13537
0 5646 13096 12983
0 8842 5208 1720
0 17063 11060 12295
0 11827 12302 8477
0 8471 8477 12302
0 17368 11016 12826
0 13446 15839 12311
0 8446 2961 11736
0 13947 12816 13133
0 13065 13214 17657
0 9223 10824 8969
0 3930 11776 3896
0 17094 13976 13050
0 12362 11660 6759
0 1648 10661 11790
0 2692 11793 1649
0 1889 1649 11793
0 7032 11795 1649
0 1450 11798 2928
0 10650 11798 1450
0 5334 1650 11799
0 15238 358 11801
0 1651 15111 11803
0 733 15660 360
0 3571 16700 10908
0 13133 12816 11016
0 12419 11958 11049
0 4001 12419 11049
0 6470 5580 4153
0 12429 2033 9167
0 15790 8889 15939
0 8757 3163 12940
0 10595 12785 6879
0 14218 9402 11726
0 12476 9167 10507
0 12476 12429 9167
0 11383 13330 12804
0 7157 8534 12859
0 10934 1651 3760
0 12508 10266 8389
0 9138 9979 8840
0 8840 10912 9138
0 1720 3766 11160
0 10908 7307 10031
0 10031 7307 18085
0 8829 14312 15485
0 8757 12940 17737
0 13504 11117 929
0 11117 12210 929
0 646 8111 12803
0 4646 8293 3420
0 4646 3420 8512
0 1669 11969 16001
0 1669 11970 11969
0 16114 3238 5285
0 15195 924 5807
0 1672 11973 2519
0 11975 1675 5334
0 17368 12826 10746
0 11993 15867 8856
0 12001 1679 11994
0 1680 11996 12002
0 441 15661 11999
0 16035 441 11999
0 15643 1679 12000
0 2661 11324 12004
0 12012 4651 1683
0 13446 3163 15839
0 12891 16833 16694
0 9117 8843 4961
0 11160 3766 4562
0 4562 3766 2033
0 8416 12151 14357
0 3163 13446 10494
0 1269 9750 5666
0 17416 1267 8639
0 3664 5566 11775
0 15839 15961 8784
0 15375 2768 7216
0 3108 15851 3148
0 16990 8516 14013
0 17610 8534 12854
0 12854 7157 18085
0 10642 10965 9642
0 13591 8880 4007
0 4007 8880 5361
0 8880 8500 5361
0 5361 8500 16904
0 4562 8111 646
0 4562 2033 8111
0 8631 17063 12295
0 8793 13446 12311
0 9153 5208 9138
0 10912 9153 9138
0 17347 5580 3570
0 12268 1710 16014
0 12268 9904 1710
0 12270 4100 3234
0 12270 3234 16108
0 8952 10266 12508
0 7059 13195 11334
0 8596 8595 8968
0 2767 15374 11596
0 11568 8405 12770
0 8409 12829 12375
0 1724 13653 1919
0 16726 13653 2480
0 12992 12846 11392
0 13039 14934 12409
0 8988 1732 15644
0 6098 1839 8792
0 4007 8477 13049
0 18002 11383 9663
0 13098 8968 11060
0 9074 10428 9117
0 8922 5935 12459
0 10484 7495 8922
0 8982 17027 4492
0 17063 13098 11060
0 15244 359 12486
0 15614 15245 1739
0 5969 8792 10434
0 14868 3570 9433
0 8293 14863 3420
0 8747 12499 5947
0 7307 12826 11460
0 1045 8747 8851
0 1749 12544 3364
0 14943 11958 8829
0 14943 8829 9979
0 14943 9979 9138
0 6098 5807 1839
0 9005 1839 5807
0 17743 7135 360
0 12601 17664 1760
0 13026 12601 16972
0 1760 14966 16973
0 3789 1760 16973
0 11252 12609 8739
0 18061 8739 12609
0 3571 10908 10031
0 3571 10031 13172
0 8631 12295 17755
0 13096 5646 7322
0 7322 5646 13245
0 14745 12770 8405
0 14868 9433 12296
0 16315 7436 12680
0 6167 1771 12680
0 12682 3359 1771
0 9663 11392 18002
0 11392 2234 18002
0 12804 12992 11392
0 15239 4756 2676
0 8673 8513 3420
0 3420 14863 8673
0 14218 10507 8872
0 13096 7322 9642
0 12803 12476 10507
0 12803 10507 14218
0 14667 12296 16628
0 12826 13017 11460
0 12803 14218 13330
0 8710 13073 4910
0 15097 5942 8723
0 15265 12873 2692
0 8111 2033 12429
0 8972 3182 3645
0 13576 13208 8546
0 1838 13210 2932
0 8682 3179 3616
0 3108 3148 13243
0 13043 6165 13243
0 12694 12736 15016
0 12745 13249 15515
0 9793 13249 12745
0 6196 13222 5223
0 10455 8773 17368
0 8773 11016 17368
0 4886 13285 12682
0 6125 5913 6302
0 2946 15586 5883
0 1861 13318 15188
0 1861 4730 13318
0 11117 4007 13049
0 13591 4007 11117
0 8120 13388 1872
0 13389 1872 13388
0 6132 8639 8543
0 12459 10484 8922
0 16731 2480 12380
0 8411 14982 8410
0 11793 13571 1889
0 10022 14328 13074
0 17368 6470 10455
0 10746 6470 17368
0 12804 11726 12992
0 17755 12295 11060
0 13574 17364 2575
0 2477 13615 15008
0 5542 13615 2477
0 13086 17730 11215
0 8421 14540 7501
0 13096 17309 12983
0 14218 8872 12775
0 11334 13195 12862
0 10031 18085 13172
0 12880 12878 1482
0 12483 15240 12756
0 17771 12936 12943
0 6788 8868 8867
0 17148 17318 13040
0 16113 3237 2765
0 6048 12795 11376
0 15367 2770 3365
0 17490 12763 11141
0 15614 12742 12740
0 8401 8584 7723
0 12862 13195 16628
0 13115 12846 12992
0 12963 3096 11555
0 11776 13025 13976
0 13025 12363 13976
0 12225 15820 8934
0 8469 15127 14013
0 2541 6908 8913
0 8989 1057 15083
0 2018 8988 5200
0 12953 7811 13224
0 8509 407 15561
0 8514 7656 16106
0 12459 5935 8937
0 12955 1787 12544
0 12848 8913 5871
0 7654 6687 12967
0 12723 17667 8515
0 11750 12963 11555
0 12898 15820 8930
0 12826 8284 10442
0 11594 12756 15240
0 12731 8734 8733
0 15370 2767 4749
0 4751 15372 1620
0 12723 14237 8183
0 17654 14246 12947
0 17063 10824 13098
0 2254 8184 6088
0 14364 2826 14030
0 15485 8083 8818
0 3789 5518 14328
0 17667 8183 8514
0 17055 15611 3592
0 14357 5010 5840
0 14357 17932 5010
0 2770 8509 15386
0 3236 15357 2761
0 15501 2673 6868
0 2761 7213 15356
0 6881 15365 2766
0 15634 2972 5179
0 8933 5948 15218
0 2768 1184 15378
0 14883 15139 2419
0 15588 8081 8518
0 12802 4093 17148
0 12069 5170 8955
0 8401 8403 8015
0 8655 8667 14533
0 13065 17657 12425
0 3589 17887 14541
0 6132 8901 8639
0 15782 118 14595
0 2284 14595 2939
0 14596 3054 2284
0 3885 6554 15776
0 1760 17664 14966
0 3468 15811 16553
0 1739 14753 12742
0 8814 12499 8748
0 8687 15660 12017
0 11141 12809 2686
0 12188 6048 4602
0 16646 3530 8122
0 8122 3530 16658
0 14864 8401 8443
0 8856 13326 8854
0 7114 8809 8808
0 26 18 13318
0 5965 713 1318
0 26 13318 17728
0 8424 12956 8330
0 8522 4555 7319
0 2462 14963 5873
0 5666 9142 8781
0 8411 14981 2468
0 15450 14997 8662
0 14997 7786 8662
0 7787 14998 8662
0 12747 15110 11806
0 15008 5179 2477
0 15010 5542 2477
0 5179 2972 15011
0 4545 15014 2955
0 12252 8911 12225
0 15436 13057 6985
0 11795 8702 15265
0 12997 16982 12841
0 2966 2519 11973
0 5883 15078 2946
0 3593 16733 1155
0 1155 16733 2496
0 15011 1500 15620
0 15660 8687 360
0 14981 8411 6286
0 15111 4750 2675
0 15111 2675 15235
0 10651 2928 15563
0 7501 6167 12680
0 15116 17309 12704
0 7770 14326 859
0 15127 8466 14013
0 17021 16550 3466
0 14883 2213 15139
0 3560 1682 15231
0 1682 12010 15231
0 12873 15265 8702
0 2692 10396 11793
0 5346 6885 12667
0 3113 15166 6878
0 11281 15166 3943
0 8818 15989 15177
0 6125 1512 1859
0 8518 15198 16730
0 17183 6891 18116
0 2659 6352 1507
0 15212 13539 2659
0 15212 2659 9769
0 15218 6941 8913
0 6908 15218 8913
0 15203 11038 9604
0 11806 15236 1651
0 6868 2673 15229
0 2549 4750 15236
0 11806 2549 15236
0 2549 15238 15112
0 15113 2676 17744
0 4756 17744 2676
0 15239 2676 15240
0 4751 15240 2676
0 4750 15241 2675
0 2679 15244 15243
0 2679 15243 4756
0 2679 4756 15245
0 15246 2679 15245
0 12805 10795 11140
0 2686 11140 12808
0 12013 4353 17490
0 7778 14166 7041
0 8851 2526 2977
0 15338 8895 8868
0 13318 18 15188
0 14533 16737 8663
0 15357 15610 2691
0 2766 15365 6910
0 4931 15366 2769
0 15367 6847 2770
0 15368 6907 2773
0 15368 2773 6909
0 2765 16171 15373
0 15373 6886 477
0 15375 9416 2768
0 15376 6913 1517
0 15376 2774 6906
0 8856 2771 13326
0 7225 2766 15380
0 2766 6910 15380
0 4910 15381 2771
0 2771 15381 9603
0 6907 15383 2773
0 13326 9604 7634
0 6847 3616 1014
0 3616 8510 1014
0 6906 2774 15387
0 2955 15014 15600
0 15392 2826 3085
0 2779 15393 16732
0 15394 2779 16760
0 15851 15271 12800
0 15271 15942 12800
0 14596 2284 8066
0 12878 15933 8859
0 3049 15933 3149
0 3635 15428 2800
0 2801 15431 13255
0 5200 2801 18000
0 18000 2801 5325
0 6985 9793 12746
0 10022 17201 13026
0 11085 3474 16557
0 3021 7616 13023
0 2807 11270 15450
0 15451 2967 2807
0 2807 17188 15451
0 8667 15210 7786
0 2814 16172 15459
0 15463 12363 13025
0 15463 4017 3635
0 8818 15177 15485
0 10028 182 1318
0 8611 5605 11719
0 1649 11795 15265
0 15515 13053 2898
0 2898 5183 17956
0 11247 14000 11416
0 1672 2519 15867
0 3475 16832 17771
0 16558 3662 3475
0 12784 646 16111
0 12375 9904 12268
0 11270 14997 15450
0 1681 12003 2526
0 1681 2526 15873
0 8293 5742 14863
0 17347 3472 16699
0 2928 11798 15559
0 6537 15560 10652
0 11799 15560 6537
0 16585 10652 2929
0 6537 11798 10650
0 2928 8510 15563
0 15564 16551 2929
0 8972 15995 3182
0 17434 2932 5950
0 14594 2937 16178
0 3054 15782 2284
0 2284 15782 14595
0 14595 15583 2939
0 8066 2939 16324
0 2939 3363 16324
0 15586 2946 15611
0 2946 15588 16730
0 16831 12946 5037
0 3231 15579 16106
0 4810 2961 15602
0 7369 15604 5757
0 16115 15604 7369
0 3148 6105 15607
0 9611 15203 2957
0 1507 5758 2964
0 2966 11973 15609
0 2519 8804 15867
0 6536 2967 15451
0 2477 15620 15010
0 5179 15620 2477
0 16730 15198 2961
0 2964 16035 15629
0 9769 2964 15629
0 2967 12432 11270
0 15631 2970 5759
0 2971 3470 15633
0 15633 5639 2971
0 2972 16556 15011
0 12936 16557 15634
0 2972 16557 3474
0 15634 16557 2972
0 3465 16548 7951
0 5759 15643 3234
0 4196 15644 6536
0 17563 4423 2965
0 15661 5764 3358
0 15663 3359 12682
0 14870 7952 6891
0 8837 15873 8851
0 1184 9417 15378
0 5639 15683 2971
0 15691 3464 7787
0 8290 14533 9750
0 12269 16107 4100
0 1710 4100 16014
0 11790 16014 1648
0 12268 16014 11790
0 16585 5808 4431
0 12873 17027 8597
0 15721 6894 3011
0 15721 3011 8186
0 13089 3011 13087
0 6286 3861 17056
0 3760 1651 16937
0 13537 11311 5840
0 8446 15602 2961
0 11736 2961 15198
0 1184 15754 4448
0 8516 15761 8957
0 12796 12188 6005
0 6005 12188 1407
0 12946 16831 16558
0 16831 3662 16558
0 11714 12935 16832
0 3662 16833 7520
0 8859 15933 3049
0 3049 3149 15934
0 2937 14594 1318
0 15774 12997 14748
0 7041 4163 17359
0 437 3085 3468
0 13010 7585 10936
0 17622 6687 15820
0 8400 4163 7041
0 15592 6680 7319
0 12708 11750 489
0 5759 16002 15643
0 15851 6105 3148
0 12904 3149 15933
0 15934 3149 11088
0 4093 5658 15942
0 17318 4093 15942
0 3896 11776 17094
0 8757 15961 3163
0 3616 3179 15986
0 5965 5502 15989
0 5514 15989 3180
0 8869 3180 15990
0 4001 15991 3181
0 15991 981 3181
0 5503 15994 3182
0 3645 3182 15994
0 5759 2970 16002
0 8837 13137 4931
0 16106 8398 3231
0 3235 16109 1919
0 3235 11992 16109
0 16110 3235 13653
0 16110 11973 1672
0 16111 3236 7209
0 3236 5932 15357
0 3237 16112 7210
0 16117 6106 3242
0 2958 15601 7213
0 12544 1787 3364
0 6906 11992 11972
0 15356 7213 5936
0 16171 7210 5940
0 16171 5940 15373
0 16172 16184 6005
0 16172 6005 15459
0 11970 6881 11969
0 16176 6105 3851
0 16176 17037 13434
0 981 8085 16178
0 3358 16313 7947
0 16314 3358 7948
0 15661 3358 16314
0 5766 16315 3359
0 3359 16315 1771
0 3365 7219 16325
0 5940 15367 3365
0 8831 3366 16326
0 16537 7949 3459
0 16349 3459 7949
0 7948 955 3460
0 2212 16352 17188
0 17188 16352 8831
0 16406 7390 2928
0 3358 7947 16492
0 7948 3358 16492
0 16538 7948 3460
0 16540 3462 7983
0 16540 7984 3462
0 7983 926 8650
0 3463 16542 12000
0 16543 3463 12001
0 7787 3464 16546
0 3465 7986 16547
0 15632 7216 3470
0 3473 5944 15358
0 8609 1026 3861
0 3861 1026 8610
0 11085 5647 11088
0 5936 15375 7216
0 5946 15385 7218
0 7219 15386 5948
0 6878 12001 11994
0 12002 11996 6880
0 8153 16594 12573
0 9608 5966 16596
0 17729 11038 3485
0 4730 17729 3485
0 18074 11975 5334
0 16646 8160 3530
0 3530 8152 16657
0 3530 16657 8183
0 3530 8183 16658
0 16685 10650 3560
0 8895 16685 3560
0 3560 15231 10442
0 16694 3885 3048
0 16694 3048 15774
0 14868 16698 3570
0 10908 16700 7307
0 6881 2766 15358
0 8832 12011 12743
0 3589 16716 17887
0 4979 3589 16717
0 3592 4810 17052
0 16726 3594 5297
0 16730 2961 4810
0 15611 17055 18260
0 18263 16733 18262
0 16732 3604 5297
0 16732 16757 3604
0 16733 3593 13286
0 343 15392 16734
0 15392 3085 437
0 5297 3604 16758
0 2779 16759 15393
0 16731 16760 3594
0 8646 8527 16112
0 12363 15429 13976
0 2770 16781 8509
0 3635 16802 15428
0 4017 16802 3635
0 15463 3635 12363
0 12010 13017 15231
0 5952 13073 8888
0 8710 8888 13073
0 3645 16322 8972
0 8844 16321 8997
0 16815 981 15991
0 16815 8085 981
0 16832 7520 6689
0 8023 4423 16836
0 4423 12024 16836
0 17095 3896 14974
0 1651 10934 11806
0 12899 16855 2456
0 12899 6856 16855
0 15782 3054 18
0 15485 15177 8829
0 16109 13652 1919
0 8783 15995 8972
0 8410 16904 12829
0 8398 7041 14166
0 5947 13137 8747
0 8747 13137 8837
0 6537 83 11798
0 12010 1682 1450
0 2779 16732 16760
0 15392 437 16734
0 2462 5873 17664
0 17664 5873 14966
0 17395 12703 16929
0 12887 12891 12885
0 3054 14596 6287
0 4688 18067 6954
0 4961 10934 3760
0 16757 12509 3604
0 15583 10804 9820
0 5565 16759 2779
0 16759 5565 11225
0 16759 343 16734
0 16972 1760 3789
0 16972 3789 14328
0 8783 8085 16815
0 13318 4730 17728
0 15451 17188 12733
0 16986 2801 5200
0 16986 15431 2801
0 8416 8958 16990
0 8416 16990 12151
0 16998 12012 1683
0 1683 3823 16998
0 16998 3823 16718
0 13066 7770 859
0 16939 16565 3843
0 8597 2692 12873
0 16939 3843 9329
0 2932 12509 8896
0 17037 12795 12796
0 17038 1584 3851
0 6105 17038 3851
0 6106 17039 3242
0 16184 17039 13434
0 3593 8602 13285
0 3861 8610 17056
0 10179 6299 12380
0 7603 13286 13287
0 16694 16833 3885
0 12705 17730 4005
0 4084 6985 17301
0 3558 13058 6985
0 17095 3930 3896
0 17188 8831 12733
0 3941 3943 7736
0 4754 17145 3941
0 12829 8411 8410
0 17134 3930 17095
0 17134 7163 3930
0 3930 17136 11776
0 3930 14964 17136
0 3943 629 7736
0 17145 359 288
0 3941 2752 3943
0 3941 17145 288
0 2752 11281 3943
0 17471 3945 13079
0 5758 15127 17364
0 13574 5758 17364
0 17416 8639 5567
0 16718 3823 10931
0 12011 17491 11143
0 3021 4555 7616
0 10931 3823 17182
0 4001 15168 15991
0 14864 12667 8584
0 17201 4017 15463
0 6110 17201 13094
0 16802 4017 6110
0 13043 13243 2576
0 15776 12893 6777
0 17737 5503 3182
0 17737 3182 15995
0 17289 4063 4995
0 3804 7301 7128
0 17148 4093 17318
0 15501 6904 2673
0 16014 4100 12270
0 9788 4101 8786
0 1771 16315 12680
0 2807 9377 17188
0 7755 6554 3885
0 16106 7656 8398
0 17728 4730 3485
0 26 17728 16596
0 16596 17728 3485
0 1861 17729 4730
0 17360 8400 7656
0 8400 17360 4163
0 17347 3570 16698
0 4921 2672 13575
0 5764 11552 13576
0 4445 17365 4166
0 12810 1584 17038
0 10412 17367 17301
0 15378 9417 5354
0 4906 4196 17389
0 4196 6536 17389
0 1732 2967 6536
0 1732 12432 2967
0 14964 2462 17664
0 3885 15776 3048
0 16760 16732 5297
0 16759 16734 15393
0 14744 1024 12983
0 8184 8674 18000
0 8184 18000 5325
0 17430 10558 4267
0 5285 15604 16115
0 16114 5285 16115
0 11969 15599 16001
0 9769 15629 8558
0 10784 9526 13504
0 8469 15439 6971
0 12010 10651 17610
0 12829 16904 12375
0 17471 5644 3945
0 3767 15008 13615
0 4755 8693 7135
0 17489 4353 4651
0 4651 17491 1683
0 13653 3235 1919
0 16758 8879 16726
0 13474 15684 15642
0 12786 12785 10595
0 17773 4423 8023
0 4423 17773 6090
0 5808 17570 7417
0 4957 13245 11234
0 4125 15014 13028
0 14868 12876 12875
0 17365 4445 6163
0 9416 7190 15754
0 13073 5952 4910
0 13252 14237 4970
0 12239 17605 13254
0 2975 5766 16460
0 15660 2975 16460
0 15821 8911 6907
0 8702 14935 4492
0 15710 12915 12953
0 13137 5947 4931
0 17647 9744 4545
0 17650 8690 16537
0 7319 4555 17654
0 12270 16108 2029
0 5518 12425 17657
0 13214 5518 17657
0 1057 12432 1732
0 13079 3945 16820
0 6908 12252 15218
0 8756 8757 15995
0 8756 15168 8757
0 15138 2566 7163
0 11008 13245 4957
0 14864 8443 15602
0 18166 5542 5644
0 4651 12013 17491
0 12013 17490 11141
0 8869 15990 8867
0 6352 5010 17932
0 13023 12425 16973
0 2541 17570 16552
0 12225 8930 15820
0 11017 12907 1512
0 17730 12705 8330
0 14589 6437 13081
0 5567 603 17416
0 8997 3645 15994
0 15110 15370 4749
0 15236 4750 15111
0 15111 15235 11803
0 4749 11596 15238
0 4750 15112 15241
0 15113 15372 4751
0 4751 11594 15240
0 15374 6285 11596
0 15112 15238 11801
0 11801 15113 17744
0 15242 17145 4754
0 359 15244 3944
0 4755 7135 17743
0 4755 5946 17650
0 15243 17744 4756
0 15245 4756 15239
0 15239 15240 12483
0 12486 15242 15241
0 15244 12486 15243
0 15614 15246 15245
0 14589 11165 13076
0 16990 14013 12151
0 15609 16758 8884
0 8421 10558 17430
0 17052 4810 15602
0 16832 12935 17771
0 8722 2012 8725
0 8989 15083 6868
0 8922 8920 5935
0 16819 4887 7608
0 13011 7585 16819
0 12810 12805 18171
0 17183 8830 12731
0 5934 5334 11799
0 4910 5952 15381
0 12822 733 798
0 1734 8931 7495
0 12912 7880 15988
0 17094 11776 13976
0 8929 15368 6909
0 1044 8832 3366
0 7227 15383 5950
0 3468 16553 2773
0 3468 2773 7227
0 8896 7227 5950
0 13210 12509 2932
0 15609 11973 8879
0 4956 17919 5315
0 15684 7393 12761
0 2977 17633 17919
0 2977 17919 4956
0 8872 8869 8253
0 1517 8808 6905
0 3466 2774 7226
0 5315 12609 6905
0 12003 8735 17633
0 8851 15873 2526
0 4979 16717 17430
0 12678 4979 17723
0 8081 16716 12678
0 12829 8409 8411
0 8081 17886 16716
0 15790 8657 15791
0 18264 12380 6299
0 16731 18264 18265
0 16731 18265 15394
0 18262 13286 7603
0 16733 18263 2496
0 18260 15586 15611
0 15586 18260 5883
0 17730 17929 4005
0 4063 5324 4995
0 6734 14596 8066
0 16833 7755 3885
0 11416 14000 12705
0 14000 2456 8424
0 14326 16929 12974
0 13039 12409 12802
0 15515 13249 13053
0 12945 15592 12947
0 16596 5966 182
0 3237 7210 2765
0 15607 6105 16176
0 13310 1858 3049
0 15934 13310 3049
0 5179 15011 15620
0 15010 15620 10936
0 15634 5179 15008
0 15011 16556 590
0 13052 5183 13248
0 2686 1785 11140
0 17737 12940 5503
0 15994 5503 15144
0 7303 16986 5200
0 18000 4186 5200
0 6872 5346 11736
0 8832 17182 12011
0 12810 17038 6014
0 6014 17038 12800
0 15116 14744 17309
0 12907 11017 1170
0 3558 14934 13058
0 16602 4794 13539
0 16732 15393 16757
0 15394 16760 16731
0 8831 16326 12733
0 17491 1529 11143
0 1683 17491 12011
0 12997 3804 16982
0 12997 7301 3804
0 17919 18061 5315
0 5315 18061 12609
0 4688 18066 18067
0 5325 2801 13255
0 5325 13255 17605
0 5325 17605 12239
0 12851 15563 8510
0 17430 4267 4979
0 17304 8534 17610
0 16035 5758 13574
0 11018 16113 12971
0 927 16316 7890
0 16320 7891 927
0 13010 1500 16114
0 15631 5759 16107
0 16316 4752 7890
0 16317 7890 4752
0 3362 7891 16320
0 16406 2928 15559
0 3465 7951 2833
0 11018 10080 16113
0 8972 16322 8753
0 13477 16538 3460
0 15242 359 17145
0 4921 11552 4165
0 8690 7890 16317
0 8749 16324 7892
0 10494 8793 10434
0 15989 5514 15177
0 5514 9220 13963
0 10428 11049 9117
0 16972 14328 10022
0 17289 4995 17929
0 4063 17290 5324
0 8398 8400 7041
0 11354 6088 13254
0 18166 13014 13615
0 18141 5542 15010
0 5644 5542 18141
0 8392 7778 745
0 5170 12770 14745
0 3108 15271 15851
0 3108 13041 15271
0 16699 5580 17347
0 17347 16698 7878
0 12252 12225 8933
0 16972 12601 1760
0 8609 1039 1027
0 9748 4225 8609
0 12363 3635 2800
0 12363 2800 15429
0 17289 17929 13086
0 6196 11568 8450
0 12788 5639 15633
0 15684 11594 15642
0 5639 15642 15683
0 17729 1011 8860
0 17095 14974 11559
0 18166 5644 17471
0 12935 4470 11085
0 4470 12935 11714
0 15271 17318 15942
0 3466 16550 15387
0 1728 7771 8186
0 13311 5951 8859
0 12509 229 8896
0 11038 8857 3485
0 15381 8890 9603
0 13222 6196 8536
0 8545 17416 13222
0 11460 13017 18085
0 12705 8424 8330
0 10412 1480 17367
0 15663 5766 3359
0 17416 6885 8531
0 12838 12835 12841
0 14541 17888 14540
0 16717 3589 14540
0 11975 5943 9611
0 16035 11999 15629
0 15643 12000 16108
0 16460 5766 15663
0 15641 16315 5766
0 11999 15661 16314
0 15663 12682 12003
0 15660 16460 12017
0 17388 8988 15644
0 6536 15451 12733
0 17389 6536 12733
0 12816 18218 10442
0 10442 18218 8895
0 10605 16982 3804
0 16855 12963 8424
0 2616 13063 5929
0 5808 16552 17570
0 16551 5808 16585
0 4431 15561 16406
0 1803 15776 6777
0 15776 1803 3048
0 1057 8989 12432
0 12379 18256 5055
0 5037 15137 15139
0 18063 8416 5840
0 14357 12151 17932
0 11270 8671 14997
0 4651 12012 17489
0 8757 17737 15995
0 11215 17730 8330
0 3021 14246 17654
0 10412 12746 16824
0 12746 10412 17301
0 15327 8868 8870
0 12601 14964 17664
0 12723 8515 6904
0 3471 11018 12971
0 8387 17886 15078
0 16832 6689 11714
0 18259 18260 17055
1 5486 5493 530
1 18609 18329 18330
1 140 125 132
1 16048 9333 14301
1 18338 18143 671
1 18012 113 115
1 121 115 132
1 18610 16048 271
1 18339 271 14301
1 524 1882 5446
1 16624 486 18337
1 18697 486 12653
1 134 132 124
1 18290 18289 16503
1 16511 16457 125
1 8243 4239 989
1 13749 15766 532
1 18144 1207 18339
1 18339 1207 271
1 115 113 132
1 14504 16595 14433
1 141 18358 145
1 18014 18338 671
1 15766 7451 17982
1 113 124 132
1 748 18291 1721
1 18357 748 1721
1 132 125 121
1 16074 15932 2545
1 2545 18019 8652
1 17 30 3262
1 2404 1857 16074
1 9333 18083 14301
1 9333 5460 18083
1 2997 18350 1618
1 16075 7384 2404
1 11122 16075 2404
1 1855 3267 14758
1 13765 1855 14758
1 13737 15897 5525
1 16457 16464 13665
1 18700 12452 2989
1 2989 14082 18285
1 1863 7384 17022
1 16075 17022 7384
1 1918 14762 534
1 16073 5495 18152
1 15911 15881 17022
1 3935 4239 18282
1 13717 12178 525
1 989 4239 3935
1 8244 9714 13663
1 18325 11446 18128
1 18323 4251 11122
1 8279 5483 2433
1 16039 3879 15938
1 17981 1875 3879
1 16051 5475 14250
1 18281 140 148
1 113 18012 124
1 2433 1896 5475
1 18134 19124 7864
1 18134 12448 19124
1 11488 18618 18645
1 9714 17984 4807
1 14511 18292 8162
1 18292 19125 8162
1 12061 11477 18622
1 18647 18622 18334
1 18355 11484 19220
1 18337 18620 11407
1 18012 16037 7181
1 16074 1857 15932
1 16073 5501 5495
1 16047 5459 18242
1 18245 13376 4807
1 15881 15905 1863
1 13739 5217 10394
1 5217 9369 5484
1 18328 18619 5849
1 16039 5849 18619
1 13663 989 3935
1 124 7181 18126
1 7266 18328 18620
1 18131 18328 7266
1 18728 15895 18693
1 18330 18352 7625
1 15022 18729 7434
1 15900 532 533
1 18736 10217 18143
1 5495 532 17982
1 671 17487 18613
1 7625 18352 10067
1 5475 8279 2433
1 5475 18243 8279
1 15881 15911 121
1 15900 13749 532
1 16595 13749 15900
1 10217 671 18143
1 18012 15911 16075
1 18243 18612 18611
1 1857 13775 537
1 13170 10148 15862
1 15931 1855 10029
1 13630 9344 18354
1 16920 18698 18355
1 7423 18733 19123
1 18733 7423 15506
1 746 14441 18363
1 746 18290 14441
1 7423 18735 15506
1 18736 11349 18130
1 16675 13331 19125
1 18245 4807 9236
1 13663 18282 16382
1 11484 18322 18646
1 18241 15938 17972
1 9746 9001 17984
1 8754 16599 8459
1 17976 5493 5486
1 16041 16045 15915
1 18331 18170 18339
1 5486 11586 16053
1 121 16457 15881
1 1863 1857 7384
1 17192 1875 8263
1 11122 11438 18323
1 18621 18645 18618
1 11866 18730 15895
1 671 18130 17487
1 5495 5501 533
1 16052 18614 7325
1 7325 5484 16052
1 14412 16437 11696
1 16048 5460 9333
1 19220 16920 18355
1 2545 15932 3267
1 14511 8162 18291
1 16065 17982 16058
1 15766 9145 7451
1 16058 7451 5493
1 18128 15895 16624
1 12522 5473 8659
1 7864 14424 18134
1 11034 18353 11446
1 14250 15868 10806
1 18623 11034 11446
1 16051 14250 16050
1 1904 16597 10394
1 17979 1855 15931
1 17979 15931 16692
1 18170 7625 14416
1 18331 7625 18170
1 18609 7627 18329
1 16047 7627 18609
1 14416 10067 16438
1 18354 9344 9730
1 18622 9730 18334
1 4251 18326 11122
1 18360 18326 4251
1 18361 11729 11480
1 1855 17979 3267
1 16048 5462 10739
1 9236 17984 18246
1 9236 18246 18157
1 14416 16438 7780
1 7780 16438 13717
1 15897 1896 2433
1 14424 7864 18278
1 16456 13765 12921
1 12921 13765 14758
1 18734 16920 7912
1 16920 18347 7912
1 18133 18332 11468
1 18619 18338 18014
1 9714 8244 17984
1 11477 18615 2997
1 2997 1618 11477
1 11477 18614 18615
1 13331 8162 19125
1 16053 18622 17976
1 16456 18699 14393
1 121 125 16457
1 18246 4 18157
1 4 12 18157
1 16 9746 18274
1 18729 36 40
1 11438 9162 18323
1 11729 14431 18351
1 16050 14250 11561
1 15931 10029 534
1 9256 5446 16046
1 11554 18336 18357
1 17192 8263 521
1 8263 17981 12219
1 7384 1857 2404
1 11438 8652 11554
1 8652 11438 16074
1 18083 5460 5459
1 5459 5460 10106
1 1784 8243 989
1 18358 18695 145
1 2545 8652 16074
1 1856 2545 17979
1 3262 30 15528
1 14511 12198 16433
1 18291 12198 14511
1 4789 18356 11489
1 8244 7434 9746
1 18243 5475 16051
1 18360 4251 18323
1 14137 8459 14483
1 14483 8459 16478
1 40 18274 18729
1 9162 11438 11554
1 11554 16675 9162
1 16433 12921 14758
1 18729 15022 11509
1 18694 18729 11509
1 18019 1856 11715
1 18014 8577 16045
1 671 8577 18014
1 15528 18694 18127
1 10967 16509 14513
1 10967 14513 18696
1 5217 5484 11586
1 18130 671 10217
1 10394 16597 8535
1 14428 8535 16597
1 14428 16597 11877
1 5462 8659 1893
1 14301 18083 8668
1 18331 14301 8668
1 8459 8675 16478
1 18128 11446 8720
1 18693 18128 8720
1 521 12219 15915
1 13936 8 24
1 8 16 24
1 14416 8754 18170
1 16065 16058 18016
1 18609 8823 16047
1 16047 8823 5459
1 18242 525 524
1 18361 18647 18334
1 18357 16675 11554
1 16675 18357 1721
1 537 15932 1857
1 13775 12288 14511
1 12288 18292 14511
1 524 13135 16513
1 11509 15022 15902
1 11509 15902 18127
1 11480 18015 18647
1 17 13936 30
1 12 13936 17
1 13936 4 8
1 5525 17457 9369
1 18245 9236 11704
1 9256 18242 5446
1 15766 17982 532
1 18011 11743 18013
1 5493 9318 16058
1 18161 16058 9318
1 16466 9319 1940
1 10630 13709 15506
1 10630 15862 10148
1 18335 11715 1856
1 18335 18356 11715
1 16382 15022 7434
1 3262 11394 12
1 530 9438 1904
1 16049 16050 5473
1 16050 16049 18617
1 8652 18019 11554
1 18332 11470 18612
1 8227 1940 5421
1 989 9714 4807
1 18354 9730 11477
1 18622 11477 9730
1 12 4 13936
1 11696 16437 9770
1 13714 9770 16437
1 8244 13663 7434
1 7434 13663 16382
1 18339 18170 11103
1 16382 18728 15022
1 16050 18617 19223
1 16048 14301 271
1 16039 17981 3879
1 11484 18018 19220
1 10067 11696 16438
1 7627 18616 18329
1 16041 18014 16045
1 13170 13709 10148
1 10630 10148 13709
1 13739 9369 5217
1 18736 18130 10217
1 5217 11586 1904
1 1904 11586 5486
1 13739 10394 8535
1 18323 9162 16675
1 11668 13746 16449
1 11668 9438 13746
1 5486 530 1904
1 1894 5473 10806
1 14473 10630 18735
1 9319 8243 12388
1 11866 4239 10687
1 18275 18730 11866
1 9746 8 9001
1 8 18246 9001
1 12 11394 18157
1 11122 2404 11438
1 18737 11777 18697
1 14473 11777 18737
1 5501 17983 14762
1 3267 15932 14758
1 11561 14250 10806
1 11349 18736 14369
1 10898 16513 16437
1 18291 8162 1721
1 18291 748 18699
1 18362 14420 12452
1 1893 16478 8675
1 10067 18352 11696
1 11445 18353 11034
1 18623 11445 11034
1 10394 5217 1904
1 18126 7181 16037
1 18339 11103 18144
1 11103 14419 18144
1 1618 14426 13226
1 1893 10739 5462
1 14231 10106 7153
1 11488 18322 18363
1 18322 11488 18645
1 18011 13376 18158
1 3262 11445 11394
1 15544 15546 11326
1 15546 17487 11326
1 15544 18130 11349
1 15544 11349 14369
1 7153 5460 10739
1 18322 11484 18355
1 14420 14483 11424
1 18361 18334 9344
1 13746 530 9145
1 18013 18327 18337
1 11439 18020 17972
1 17972 5421 11439
1 16597 1904 9438
1 18330 18331 18609
1 14371 15093 15544
1 14371 14412 15093
1 18734 18351 14431
1 18734 14431 18288
1 18347 11480 18351
1 718 18359 18360
1 24 18274 40
1 748 13166 18356
1 16050 11561 5473
1 5473 11561 10806
1 11586 5484 16053
1 8263 12219 521
1 12941 15889 13993
1 15889 12941 9009
1 19125 18360 18323
1 1893 7153 10739
1 11705 16045 18613
1 16045 11705 12314
1 12 17 3262
1 11729 18351 11480
1 11704 9236 18157
1 18011 11398 11743
1 18325 11743 11398
1 8 9746 16
1 16675 1721 13331
1 1721 8162 13331
1 14416 7625 10067
1 12590 18347 18016
1 11922 15862 1940
1 14428 18279 8535
1 14473 11982 15862
1 14473 18275 11982
1 17972 8227 5421
1 18296 1894 15330
1 1894 10806 15330
1 12014 15544 14369
1 17983 534 14762
1 14758 15932 537
1 18614 11477 12061
1 11715 13166 18336
1 16053 18614 12061
1 18736 9009 14369
1 8227 15938 1940
1 14431 11729 18732
1 12178 13714 525
1 13717 525 10106
1 10106 525 5459
1 9009 12941 14369
1 15546 18329 17487
1 18616 17487 18329
1 12219 16041 15915
1 15547 13630 11877
1 1894 8659 5473
1 15047 14897 1882
1 521 15915 17591
1 14897 521 17591
1 18012 7181 124
1 13714 524 525
1 16039 18241 18620
1 19123 18129 12622
1 18328 12622 18129
1 15938 3879 13170
1 36 13936 40
1 13936 24 40
1 18289 746 14435
1 11866 15895 18282
1 11866 18282 4239
1 16599 7780 14231
1 11407 18013 18337
1 9145 530 5493
1 18143 18733 18736
1 8659 16478 1893
1 4 18246 8
1 9145 5493 7451
1 3879 1875 13170
1 5525 5483 17457
1 9714 989 13663
1 5462 12522 8659
1 16049 12522 5462
1 18011 14059 13376
1 1896 16481 15868
1 16058 18015 12590
1 16624 15895 18730
1 13170 15862 11922
1 11398 18011 18158
1 18131 16705 12622
1 18276 18736 18733
1 12653 486 16624
1 16624 18730 12653
1 18177 18020 18244
1 18361 11480 18647
1 8244 9746 17984
1 18331 18330 7625
1 12448 18134 18133
1 18332 18133 18134
1 1940 15862 11982
1 8675 16599 14231
1 14153 18285 18277
1 14153 2989 18285
1 13739 18279 13494
1 13494 18279 18287
1 15889 17192 521
1 14483 11341 14137
1 8754 14419 11103
1 13746 13627 16449
1 14231 7153 1893
1 1940 9319 5421
1 11696 4994 14412
1 11341 14420 8078
1 1875 13709 13170
1 18732 12991 14431
1 12991 16449 14431
1 14059 1784 13376
1 13376 13429 4807
1 18241 18020 11407
1 11480 18347 12590
1 18340 18362 11468
1 18623 11446 11398
1 18158 18623 11398
1 16049 5473 12522
1 9344 18334 9730
1 18144 8078 1207
1 524 13714 13135
1 13714 16437 13135
1 15889 521 14897
1 19223 16051 16050
1 4994 15546 15093
1 15093 14412 4994
1 1618 13226 11477
1 18275 18737 18730
1 18329 15546 4994
1 13376 1784 13429
1 11704 18157 11394
1 1893 8675 14231
1 11394 11445 18623
1 18623 11704 11394
1 18296 16478 1894
1 16513 15047 1882
1 15931 534 17983
1 16705 18735 12622
1 12198 16456 16433
1 18291 16456 12198
1 10687 4239 8243
1 16597 9438 11668
1 9236 4807 17984
1 11480 12590 18015
1 1894 16478 8659
1 15938 11922 1940
1 18177 18013 18020
1 18020 18013 11407
1 13226 14426 14428
1 17976 18622 18161
1 15547 11877 14514
1 989 4807 13429
1 989 13429 1784
1 12314 5446 1882
1 14897 12314 1882
1 18244 18020 11439
1 11439 5421 18244
1 18277 18285 15330
1 13714 12178 9770
1 14059 12388 1784
1 12388 8243 1784
1 14431 13627 14501
1 13630 14428 11877
1 18354 14428 13630
1 15547 9344 13630
1 18735 7423 12622
1 9145 17009 13746
1 12653 18737 18697
1 8754 7780 16599
1 11424 14483 16478
1 18296 11424 16478
1 10106 14231 13717
1 7780 13717 14231
1 9319 12388 5421
1 13627 13746 17009
1 18277 18278 19124
1 8754 8459 14419
1 12941 13993 15047
1 13993 14897 15047
1 15047 18293 12941
1 14416 7780 8754
1 11777 16705 18697
1 15093 15546 15544
1 12452 14420 14082
1 14420 11424 14082
1 2989 12452 14082
1 8243 9319 16466
1 16466 10687 8243
1 14371 10898 14412
1 14419 8459 14137
1 14137 11341 14419
1 18700 2989 14153
1 5421 12388 18244
1 14514 11877 16597
1 11668 14514 16597
1 11668 16449 14514
1 14250 5475 15868
1 12941 12014 14369
1 14483 14420 11341
1 13749 16595 14504
1 16481 18278 18277
1 12178 13717 16438
1 13135 16437 16513
1 18731 14424 18286
1 18276 17192 15889
1 18276 15889 9009
1 18281 16464 140
1 18281 14513 16464
1 132 141 145
1 148 132 145
1 7864 19124 18278
1 18284 18276 18733
1 12448 18700 19124
1 15902 15022 18728
1 16692 18024 18618
1 18158 18245 11704
1 16456 12921 16433
1 8668 18083 18609
1 18735 16705 11777
1 18327 18128 16624
1 18011 18244 14059
1 18285 18296 15330
1 16045 17591 15915
1 18352 4994 11696
1 7325 18614 16053
1 4789 18348 18356
1 15900 533 14762
1 16692 18618 19224
1 15931 18024 16692
1 15547 14514 18732
1 18700 14153 19124
1 5486 16053 17976
1 18732 14514 12991
1 18362 12452 18700
1 18348 14441 14393
1 16530 14762 1918
1 18013 18177 18011
1 18354 13226 14428
1 15766 17009 9145
1 16481 1896 15897
1 12941 18293 12014
1 530 13746 9438
1 524 16513 1882
1 18275 11866 16466
1 14897 17591 12314
1 18242 5459 525
1 1896 15868 5475
1 5460 7153 10106
1 18295 15897 13737
1 15881 13665 15905
1 16675 19125 18323
1 18286 18287 18731
1 18293 16513 10898
1 16457 16511 16464
1 125 140 16511
1 18331 18339 14301
1 14431 16449 13627
1 18615 18333 2997
1 18355 746 18322
1 18288 14431 14501
1 18019 11715 18336
1 16456 14393 16506
1 16433 14758 537
1 537 13775 16433
1 14513 18283 16464
1 16531 17568 18280
1 16531 10029 17568
1 16513 18293 15047
1 16503 18289 16595
1 18294 18295 18286
1 18287 18286 18295
1 16509 12288 13775
1 18276 9009 18736
1 16506 13765 16456
1 16530 18290 16503
1 18296 18285 11424
1 16464 16511 140
1 14473 15862 10630
1 15900 16503 16595
1 14762 16530 16503
1 10029 16531 1918
1 15905 13775 1863
1 1918 16531 16530
1 13765 10029 1855
1 18283 15905 13665
1 9001 18246 17984
1 15900 14762 16503
1 15881 16457 13665
1 2404 16074 11438
1 15881 1863 17022
1 13936 36 30
1 18127 18353 11445
1 14433 16595 14435
1 18019 2545 1856
1 18143 11455 18129
1 16047 16046 18616
1 1875 17192 13709
1 18276 18284 17192
1 12622 7423 19123
1 16920 19220 18347
1 15868 16481 15330
1 18014 16041 18619
1 17568 10029 13765
1 17568 13765 16506
1 18280 17568 16506
1 16433 13775 14511
1 5484 17457 16052
1 15544 11326 18130
1 1940 11982 16466
1 17457 5484 9369
1 16052 17457 5483
1 11866 10687 16466
1 13663 3935 18282
1 18274 24 16
1 18734 7912 18351
1 11489 18356 18335
1 18127 15902 18353
1 10029 1918 534
1 15911 115 121
1 18731 14426 1618
1 15330 10806 15868
1 18734 14433 18698
1 9746 7434 18274
1 18241 11407 18620
1 13737 13739 13494
1 11470 18349 18333
1 16065 18152 5495
1 36 15528 30
1 15528 36 18694
1 18694 36 18729
1 14501 13627 17009
1 17981 16041 12219
1 18244 12388 14059
1 18337 7266 18620
1 15895 18728 18282
1 8279 18243 5483
1 15766 13749 17009
1 5525 9369 13737
1 16041 16039 18619
1 8577 18613 16045
1 18024 15931 17983
1 17972 15938 8227
1 18144 14419 11341
1 15889 14897 13993
1 11326 17487 18130
1 18024 18247 18621
1 16052 18615 18614
1 16045 12314 17591
1 18325 18013 11743
1 18621 18618 18024
1 18325 11398 11446
1 16052 18611 18615
1 18333 18611 11470
1 11470 18611 18612
1 18730 18737 12653
1 11777 14473 18735
1 18284 18733 15506
1 15902 18693 18353
1 5483 5525 2433
1 14428 14426 18279
1 5446 18242 524
1 14393 14441 18280
1 10630 15506 18735
1 5495 533 532
1 134 18358 141
1 11341 8078 18144
1 18732 11729 18361
1 14435 18355 18698
1 533 5501 14762
1 18694 11509 18127
1 15911 18012 115
1 18247 17983 5501
1 15938 13170 11922
1 16047 18616 7627
1 18612 18243 16051
1 18612 16051 19223
1 15897 2433 5525
1 18322 18645 18646
1 1863 13775 1857
1 1875 17981 8263
1 16053 5484 7325
1 12314 16046 5446
1 9369 13739 13737
1 17979 2545 3267
1 16058 12590 18016
1 18336 13166 18357
1 11715 18356 13166
1 18621 18247 16073
1 16073 18247 5501
1 8078 18340 1207
1 18134 11470 18332
1 18024 17983 18247
1 18728 18693 15902
1 5493 17976 9318
1 17022 16075 15911
1 13376 18245 18158
1 14426 18731 18287
1 18292 18696 19125
1 15506 13709 18284
1 18282 18728 16382
1 11696 9770 16438
1 18293 10898 14371
1 14514 16449 12991
1 14424 18278 18294
1 14424 18294 18286
1 12014 18293 14371
1 16506 14393 18280
1 19124 14153 18277
1 16456 18291 18699
1 13737 13494 18295
1 18295 13494 18287
1 8459 16599 8675
1 18294 16481 15897
1 16481 18294 18278
1 16531 18290 16530
1 13739 8535 18279
1 15897 18295 18294
1 16509 18283 14513
1 16509 15905 18283
1 13775 15905 16509
1 12178 16438 9770
1 16531 18280 18290
1 18277 15330 16481
1 13665 16464 18283
1 18131 7266 18337
1 18012 16075 16037
1 18332 18612 19223
1 18133 18362 18700
1 18017 16065 18016
1 18152 18017 18018
1 18333 18350 2997
1 18699 748 18356
1 13226 18354 11477
1 18361 9344 15547
1 11554 18019 18336
1 18011 18177 18244
1 18018 18017 19220
1 8720 11446 18353
1 18325 18128 18327
1 18329 4994 18352
1 16624 18337 18327
1 15547 18732 18361
1 19125 18696 18360
1 18348 4789 18363
1 18170 8754 11103
1 18699 18356 18348
1 14420 18362 8078
1 748 18357 13166
1 18693 15895 18128
1 18330 18329 18352
1 18349 18350 18333
1 18363 4789 11489
1 11470 18134 18349
1 18134 14424 18349
1 18693 8720 18353
1 18362 18340 8078
1 18143 18338 11455
1 18133 11468 18362
1 18129 11455 18328
1 486 18131 18337
1 16075 11122 16037
1 18131 18697 16705
1 18161 18622 18647
1 18609 18083 8823
1 18350 18731 1618
1 18700 12448 18133
1 16046 11705 18613
1 16049 16048 18610
1 14473 18737 18275
1 18350 14424 18731
1 18616 16046 18613
1 16053 12061 18622
1 16065 18017 18152
1 16920 18734 18698
1 18733 18143 19123
1 148 145 18695
1 148 18695 18281
1 18281 718 14513
1 14513 718 18696
1 18281 18695 718
1 7434 18729 18274
1 148 140 132
1 18360 18696 718
1 14441 18290 18280
1 18289 14435 16595
1 14433 14435 18698
1 14082 11424 18285
1 14393 18699 18348
1 18279 14426 18287
1 13749 14504 18288
1 18326 18360 18359
1 18358 18326 18359
1 18290 746 18289
1 14433 18734 18288
1 14504 14433 18288
1 718 18358 18359
1 18358 718 18695
1 15528 18127 11445
1 19123 18143 18129
1 18328 18131 12622
1 18697 18131 486
1 18292 10967 18696
1 10898 16437 14412
1 10967 18292 16509
1 18292 12288 16509
1 14371 15544 12014
1 13749 18288 14501
1 17009 13749 14501
1 18284 13709 17192
1 11982 18275 16466
1 14435 746 18355
1 7912 18347 18351
1 18322 746 18363
1 15528 11445 3262
1 18326 18358 18126
1 18350 18349 14424
1 18358 134 18126
1 14441 18348 18363
1 11484 18646 18018
1 11468 19223 18617
1 18610 271 18340
1 1207 18340 271
1 18621 16073 18646
1 18621 18646 18645
1 16073 18018 18646
1 11455 18338 18619
1 18340 11468 18617
1 18328 5849 18620
1 11455 18619 18328
1 18333 18615 18611
1 18326 16037 11122
1 18331 8668 18609
1 17487 18616 18613
1 18610 18340 18617
1 132 134 141
1 18017 18016 18347
1 18017 18347 19220
1 671 18613 8577
1 19224 11489 18335
1 18618 11488 19224
1 11488 11489 19224
1 11488 18363 11489
1 18327 18013 18325
1 16037 18326 18126
1 18161 9318 17976
1 16048 16049 5462
1 19223 11468 18332
1 17981 16039 16041
1 16058 17982 7451
1 16039 18620 5849
1 17979 19224 1856
1 18610 18617 16049
1 19224 17979 16692
1 18018 16073 18152
1 18161 18647 18015
1 19224 18335 1856
1 11705 16046 12314
1 16047 18242 9256
1 18020 18241 17972
1 16052 18243 18611
1 18015 16058 18161
1 16046 16047 9256
1 11704 18623 18158
1 16039 15938 18241
1 16052 5483 18243
1 8823 18083 5459
1 10739 5460 16048
1 16065 5495 17982
1 124 18126 134
2 131 138 127
2 127 116 131
2 16715 11905 15531
2 131 142 144
2 16932 10518 18269
2 11240 2922 1074
2 1504 14050 6114
2 18723 19070 1794
2 17346 13003 6351
2 18215 565 18311
2 18563 18581 19231
2 18005 4235 12538
2 105 18027 1074
2 4147 17953 18105
2 12112 18076 18714
2 16960 16959 8088
2 8007 11195 11706
2 18703 18719 19064
2 21 37 32
2 16959 18534 1654
2 18707 1654 18702
2 21 29 37
2 15 21 32
2 131 116 114
2 131 114 123
2 128 131 123
2 142 131 128
2 16960 8088 976
2 4235 18005 18724
2 18724 15568 4235
2 6080 11722 17634
2 1794 15581 18723
2 1794 10363 15581
2 18533 701 1794
2 3006 1473 1475
2 705 19071 2492
2 19071 18710 2492
2 17073 15587 2053
2 18531 2053 15587
2 37 29 19075
2 2960 18574 3043
2 19068 12060 18528
2 7464 16877 1516
2 698 19065 697
2 10538 12856 3019
2 696 3074 9808
2 12651 5893 6094
2 700 17733 18273
2 5956 10914 16763
2 18367 17993 18716
2 17944 18709 19070
2 18532 4147 18105
2 10327 11706 1473
2 1456 14060 12473
2 12107 17957 6007
2 11918 16877 1514
2 13392 1467 11941
2 19242 18576 18570
2 4215 5800 18215
2 2945 14296 18580
2 11821 1481 11814
2 5829 11770 12305
2 18535 6456 18716
2 11059 12774 15836
2 11905 6114 17943
2 5716 11770 13190
2 7343 16961 16960
2 123 14060 12581
2 6348 5794 5685
2 6535 6348 5685
2 3093 18027 13113
2 18724 7251 15568
2 18527 19063 11591
2 7382 16949 10831
2 705 2492 10105
2 13183 685 15580
2 19067 144 147
2 18220 18271 681
2 18532 697 19065
2 17963 11593 18718
2 11725 1497 9985
2 1452 5794 6348
2 13304 18076 6456
2 1052 18570 18576
2 18586 3100 3093
2 11725 6092 1497
2 11821 16663 1481
2 12538 7913 18005
2 1514 16877 7464
2 1516 18558 7464
2 19065 18719 18725
2 11905 7927 15531
2 5923 17940 11918
2 12651 12559 17964
2 5903 17964 17944
2 18370 10759 17938
2 11821 17938 10759
2 17953 11725 17963
2 11706 8805 18004
2 11830 6061 7960
2 18709 18533 19070
2 19063 18370 11591
2 142 5963 147
2 18010 12074 17936
2 11529 12074 5794
2 11706 18004 8007
2 13117 18529 691
2 3057 687 12168
2 18568 967 14296
2 32 5999 15
2 2960 16961 7343
2 4202 1456 12473
2 17461 19229 14083
2 966 14238 2943
2 18173 5705 13524
2 18553 8873 18571
2 4202 13390 18574
2 19074 704 10105
2 17943 19070 11723
2 7927 17940 5923
2 18569 7813 969
2 17733 969 7813
2 18162 19238 1464
2 18576 18566 18225
2 18164 11863 18175
2 11839 2956 18588
2 8067 15555 687
2 18722 15555 8067
2 16959 705 8088
2 144 8115 16923
2 8115 144 19067
2 18313 14296 11116
2 18710 19071 18707
2 8444 15569 18718
2 11953 11706 10327
2 15581 18216 704
2 695 8444 18531
2 11600 11611 17461
2 11814 17938 11821
2 6290 5829 17993
2 8628 15580 18726
2 19073 6314 4235
2 19072 10857 13570
2 18706 18005 7960
2 1654 18534 18702
2 690 18068 18528
2 17733 7813 18273
2 18704 8760 18710
2 2492 18710 8760
2 18566 18555 18225
2 976 8873 10292
2 18553 13604 8873
2 6061 18369 7960
2 15187 6092 17953
2 7976 11918 17940
2 18704 7976 17940
2 18271 18220 4215
2 6142 9137 7978
2 18530 694 18531
2 18215 13001 565
2 18089 565 13001
2 7976 18710 18062
2 15187 17953 4147
2 13512 693 966
2 1794 19070 18533
2 7130 11059 3019
2 17938 18715 18370
2 10736 681 15580
2 12538 6314 5876
2 6535 14106 6348
2 18578 10844 19227
2 696 11170 15569
2 5776 9723 16763
2 5798 7392 11567
2 7978 9137 18702
2 13329 10105 704
2 10755 15578 13505
2 18584 18562 9672
2 9715 15568 18530
2 9715 4235 15568
2 7392 18713 17999
2 19069 17999 18713
2 7960 7913 11830
2 17986 18711 18089
2 697 1037 12856
2 1481 8490 9018
2 18577 18555 18559
2 8115 15574 16923
2 15574 8115 19067
2 18270 18576 18225
2 5685 5794 11910
2 12152 5685 11910
2 700 18533 19064
2 18220 5800 4215
2 11706 11195 1473
2 1516 6142 9723
2 18073 16932 12139
2 5876 7913 12538
2 5876 11720 7913
2 18068 10871 10953
2 18270 1052 18576
2 9723 7978 16763
2 966 693 11618
2 11600 12107 11611
2 7854 12107 11600
2 2960 7343 4875
2 19063 18527 11618
2 693 19063 11618
2 19229 18164 14083
2 15578 18001 18717
2 17943 6114 17944
2 19070 17943 17944
2 6456 689 13304
2 11738 13306 5705
2 17346 10112 18065
2 6350 10112 17346
2 1514 18558 18559
2 17658 17937 5798
2 11623 18720 17937
2 6092 11725 17953
2 11567 7392 13458
2 18719 17576 19064
2 18215 12554 4215
2 11593 2053 18718
2 18078 11591 18715
2 5776 1516 9723
2 698 697 12856
2 15 19226 21
2 18583 12614 9975
2 403 11830 11720
2 7913 11720 11830
2 1472 10327 9725
2 11706 15536 8805
2 8805 15536 18714
2 18529 10871 691
2 18273 12272 700
2 11821 10759 17277
2 17093 11821 17277
2 10105 2483 705
2 8067 687 7515
2 5893 10511 6094
2 8490 1481 3008
2 8490 3008 3991
2 18569 969 10538
2 10538 19237 18569
2 11077 11567 18164
2 567 3043 127
2 11558 9808 1037
2 17924 3063 10566
2 5794 1452 11529
2 15587 4235 9715
2 15578 105 18001
2 6036 1472 13190
2 13117 691 3287
2 6080 17073 11593
2 1483 17277 11830
2 5776 10156 18553
2 18553 10156 13604
2 18312 18579 14256
2 4171 14256 3015
2 17093 9975 16663
2 17658 11077 5687
2 5685 10655 6535
2 8490 3991 1475
2 3006 10566 3063
2 10846 6007 11738
2 2922 2998 11573
2 15 11529 1452
2 7978 9723 6142
2 18535 8067 7515
2 9018 8490 1475
2 15580 19069 10736
2 18270 13329 704
2 13329 18270 18225
2 685 10755 3841
2 18027 3093 3100
2 18370 6061 10759
2 681 12101 3092
2 6351 12305 1468
2 10417 18529 13117
2 10417 18527 18078
2 5705 10846 11738
2 681 18271 12101
2 1037 9808 9265
2 12168 687 686
2 12168 686 3058
2 1460 11611 12107
2 11755 18577 18559
2 4171 3015 14102
2 9018 1475 1499
2 10831 3029 565
2 10542 18581 18563
2 105 18090 18001
2 3006 19231 1473
2 10518 105 18269
2 10518 18090 105
2 18530 15587 9715
2 689 6456 18535
2 18533 18709 19064
2 18535 7515 689
2 10871 17924 3064
2 14275 1467 6728
2 3063 10542 18563
2 2922 11573 18269
2 10904 5795 12152
2 7946 10904 12152
2 7130 9265 14126
2 7515 687 3057
2 9411 1000 1456
2 18560 9411 1456
2 9018 11814 1481
2 6566 14252 14313
2 17999 19069 8628
2 18068 10953 18087
2 18578 3032 10844
2 4235 6314 12538
2 10837 14252 6566
2 3092 3093 685
2 11755 10293 2483
2 9985 14126 18168
2 18533 12272 701
2 18062 9137 6142
2 403 12813 1483
2 14238 966 1017
2 10736 19069 18220
2 3100 9672 1074
2 9411 10914 1000
2 1010 10542 3063
2 17957 18717 18001
2 18531 8444 2053
2 18573 18564 11732
2 2447 18564 18573
2 11094 567 15574
2 1017 13117 3287
2 18583 1017 3287
2 18272 13304 12516
2 18272 16936 13304
2 18531 694 11116
2 14313 10779 6566
2 696 9808 11558
2 14050 6566 10779
2 13329 2483 10105
2 2483 13329 18577
2 19231 9725 10327
2 7251 18724 18706
2 2922 11240 13524
2 3058 13188 11573
2 18558 11755 18559
2 18105 15569 11170
2 3092 18557 3093
2 6778 2447 18573
2 4875 18554 7149
2 19237 10538 11059
2 10844 13401 19227
2 10844 3032 13401
2 5744 6728 1467
2 18273 18572 14313
2 18582 3116 12516
2 11240 18562 13524
2 13524 18562 18173
2 3043 567 2960
2 14060 123 12473
2 1048 14313 14252
2 5762 12651 5903
2 18568 11250 967
2 11529 15 5999
2 10896 2447 5716
2 18564 2447 10896
2 1048 5990 14313
2 18312 16941 11952
2 5956 1000 10914
2 5903 18209 5762
2 5963 11268 19067
2 1074 18027 3100
2 13645 18168 14126
2 1475 3991 3006
2 12516 2976 18582
2 18087 19068 18068
2 19229 12823 18557
2 18370 18369 6061
2 18027 10755 13113
2 18027 15578 10755
2 19231 10327 1473
2 13272 18569 19237
2 13272 19237 5762
2 9985 1497 14126
2 18313 18580 14296
2 18311 565 3029
2 18311 3029 18552
2 6728 5744 2999
2 13401 3032 644
2 3019 1037 9265
2 7130 3019 9265
2 3064 10566 3991
2 3008 3064 3991
2 18566 18576 19242
2 966 11618 1017
2 5716 13190 6792
2 12516 3116 18272
2 18311 18552 18556
2 11611 1460 1457
2 9265 13645 14126
2 7149 10914 9411
2 14102 3015 14260
2 12101 14241 18587
2 14313 18572 10779
2 16663 9975 12614
2 5773 16715 15531
2 2943 19232 11483
2 3058 11573 18565
2 3058 686 13188
2 19242 12155 16715
2 689 7515 11732
2 689 11732 2976
2 2447 6778 14033
2 18173 1460 10846
2 18209 13272 5762
2 687 15555 686
2 1464 17658 5687
2 1497 7130 14126
2 403 1483 11830
2 17924 10566 3064
2 18582 6792 11185
2 5903 12651 17964
2 13512 2943 11483
2 18581 11309 9725
2 3116 11309 18581
2 18567 3058 18565
2 1488 14260 3015
2 1488 3015 14223
2 3032 10831 16949
2 6314 19073 17073
2 7852 17957 12107
2 18569 13272 13300
2 18573 11732 3057
2 13524 13306 2998
2 1472 11185 6792
2 18532 11170 11558
2 1475 1473 11195
2 3116 18581 10542
2 14160 15 1452
2 18564 6792 18582
2 18527 11591 18078
2 1472 11953 10327
2 1048 1052 12645
2 16715 12155 11905
2 10904 11623 17937
2 11623 7946 17986
2 5705 13306 13524
2 19231 18581 9725
2 18168 13645 18575
2 5744 1468 6778
2 18557 18587 19229
2 3092 18587 18557
2 10655 19238 18556
2 10511 6092 15187
2 19236 18209 14050
2 13392 10112 6350
2 18579 3015 14256
2 2483 18577 11755
2 12155 10837 6566
2 1504 12155 6566
2 13401 6 14189
2 9725 11309 11185
2 17943 11723 18701
2 18723 18701 11723
2 11195 1499 1475
2 3287 691 3064
2 3008 3287 3064
2 11593 17073 2053
2 11863 14241 18175
2 16715 18566 19242
2 18561 12813 403
2 2976 12516 689
2 12516 13304 689
2 10566 3006 3991
2 3019 12856 1037
2 5773 15531 5923
2 18527 10417 13117
2 7852 12107 7854
2 1514 2310 11918
2 5773 5923 2310
2 13713 14241 11839
2 18164 19229 11863
2 18587 11863 19229
2 5795 17937 17658
2 12074 11910 5794
2 11923 15581 704
2 15581 11923 18727
2 695 15569 8444
2 17999 12547 7854
2 11953 1472 6036
2 6036 15536 11953
2 13190 1472 6792
2 19068 18087 17950
2 1794 701 10363
2 10363 12645 18216
2 12060 18714 18528
2 18004 18714 12060
2 2999 5744 6778
2 18716 17960 12075
2 18535 18716 12075
2 19232 2943 19233
2 18367 18076 12112
2 18367 12112 15536
2 7946 11910 18010
2 6350 6351 5744
2 5923 11918 2310
2 18073 12139 15555
2 15555 12139 686
2 3092 685 13183
2 12337 3074 11250
2 11732 18564 2976
2 18311 18556 12655
2 23 11 644
2 7976 16877 11918
2 12910 6114 14050
2 2956 11839 18271
2 18533 700 12272
2 18713 7392 5798
2 19076 13001 5800
2 10292 7343 16960
2 10292 13604 7343
2 6535 10655 18552
2 2960 567 11094
2 8088 705 976
2 10293 976 705
2 13726 18313 694
2 10112 18073 18065
2 18720 18220 19069
2 18720 19069 18713
2 5903 14050 18209
2 12471 19068 17950
2 8007 12471 17950
2 5990 701 12272
2 12272 18273 5990
2 3092 12101 18587
2 11952 15568 7251
2 11623 10904 7946
2 9808 13645 9265
2 1017 16938 13117
2 16681 11722 6080
2 16681 6080 11873
2 12547 7852 7854
2 12547 18726 7852
2 2956 12554 12655
2 967 695 11116
2 12651 6094 12559
2 18703 12559 6094
2 11738 11941 13306
2 18068 19068 18528
2 12155 1504 6114
2 12645 1052 18216
2 2310 1514 18559
2 12626 11250 3074
2 12626 15569 695
2 10363 701 12645
2 13001 18215 5800
2 5762 5893 12651
2 7981 11814 1499
2 8007 7981 1499
2 5963 12316 11268
2 11722 16681 5743
2 10953 10871 18529
2 12581 1456 1000
2 17576 17733 700
2 19064 17576 700
2 693 11952 7251
2 17277 10759 6061
2 5956 15043 12316
2 15043 5956 7978
2 7981 17938 11814
2 1497 6092 12774
2 37 17931 32
2 698 12856 969
2 13306 11941 1467
2 14050 5903 12910
2 5903 17944 12910
2 12316 12581 1000
2 12152 13029 5685
2 18005 7913 7960
2 10871 18068 17924
2 18569 13300 7813
2 7149 16763 10914
2 15836 12774 10511
2 18722 13003 17346
2 7927 5923 15531
2 19238 13029 1464
2 7382 10831 565
2 11170 696 11558
2 14238 19233 2943
2 1462 18586 12823
2 690 17924 18068
2 690 1010 17924
2 16936 18272 13167
2 3093 13113 685
2 13113 10755 685
2 18555 2310 18559
2 6290 18367 6036
2 1048 12645 701
2 11567 11077 17658
2 18175 5687 11077
2 11738 10857 11941
2 18527 13117 16938
2 1010 690 13167
2 15562 13167 690
2 5956 12316 1000
2 3092 13183 681
2 19072 7900 10857
2 10112 7900 19072
2 19238 14214 12655
2 686 16932 13188
2 11573 13188 18269
2 128 123 12581
2 708 12337 18568
2 695 967 11250
2 13167 18272 1010
2 8007 1499 11195
2 1452 14106 19227
2 14106 1452 6348
2 10032 11600 17461
2 1037 697 11558
2 12774 7130 1497
2 11873 6080 17963
2 12774 6092 10511
2 13306 14275 2998
2 1490 11873 11725
2 18583 3287 13991
2 18078 10953 18529
2 12626 695 11250
2 1490 9985 18168
2 15836 10511 5893
2 6036 13190 11770
2 18573 18585 6778
2 18565 11573 2998
2 3043 13390 116
2 12614 18583 13991
2 11814 9018 1499
2 11059 10538 3019
2 10871 3064 691
2 10755 13505 3841
2 13505 18726 3841
2 3032 16949 644
2 3032 3029 10831
2 13458 7392 10032
2 11738 6007 10857
2 1460 1462 1457
2 18313 11116 694
2 3074 696 12626
2 19072 18090 18073
2 18162 1464 5687
2 19226 6 21
2 13570 6007 17957
2 13570 17957 18368
2 11732 7515 3057
2 7813 13300 18273
2 13505 15578 18717
2 7960 18369 18706
2 19242 18570 14252
2 13392 6350 5744
2 12554 18311 12655
2 12554 18215 18311
2 10292 8873 13604
2 16932 18090 10518
2 10846 1460 12107
2 12107 6007 10846
2 13570 10857 6007
2 10032 7392 11600
2 2447 14033 5716
2 11821 17093 16663
2 5795 13029 12152
2 1464 13029 5795
2 6728 18565 14275
2 1010 18272 10542
2 14260 1488 11314
2 12473 114 4202
2 976 18571 8873
2 18571 976 10293
2 18571 10293 11755
2 5744 6351 1468
2 3029 3032 18578
2 14033 12305 5716
2 4875 18560 18574
2 18567 18565 6728
2 7900 10112 13392
2 5773 18566 16715
2 18175 14241 13713
2 18530 13726 694
2 1467 13392 5744
2 9808 3074 13645
2 18575 13645 3074
2 1452 19227 14189
2 12614 13991 3008
2 8628 19069 15580
2 14223 18561 403
2 1490 708 16681
2 11314 5876 11722
2 5963 142 12581
2 3287 3008 13991
2 13401 14189 19227
2 5685 13029 10655
2 10655 13029 19238
2 13604 18554 4875
2 116 4202 114
2 4202 116 13390
2 18216 1052 18270
2 17937 5795 10904
2 4875 7343 13604
2 1468 12305 14033
2 13433 15836 5893
2 15836 13433 19237
2 5776 18554 10156
2 10156 18554 13604
2 708 18568 2945
2 11720 14223 403
2 6061 11830 17277
2 18552 10655 18556
2 11770 5716 12305
2 5776 16763 7149
2 15562 16936 13167
2 16681 11873 1490
2 13512 11952 693
2 18312 11952 13512
2 18584 9672 3100
2 12554 2956 4215
2 18560 7149 9411
2 11309 18582 11185
2 12581 14060 1456
2 13982 5687 18175
2 6036 11770 6290
2 5762 13433 5893
2 18162 13982 18588
2 10032 17461 14083
2 1457 17461 11611
2 11770 5829 6290
2 1452 14189 14160
2 1490 14110 708
2 18575 708 14110
2 14033 6778 1468
2 11529 5999 12074
2 5999 17936 12074
2 16877 18062 6142
2 11941 10857 7900
2 17963 11725 11873
2 1488 11720 5876
2 1488 5876 11314
2 18574 18560 4202
2 5829 12305 6351
2 19238 12655 18556
2 17999 7854 7392
2 7392 7854 11600
2 19226 15 14160
2 14160 14189 19226
2 1483 19232 17093
2 565 16854 7382
2 13713 18588 13982
2 14275 18565 2998
2 19236 13272 18209
2 18563 19231 3006
2 29 23 566
2 1460 14066 1462
2 11567 17658 5798
2 6 19226 14189
2 7149 18554 5776
2 18578 19227 14106
2 10293 705 2483
2 10538 969 12856
2 1457 12823 17461
2 11839 18588 13713
2 12168 3058 18567
2 18173 10846 5705
2 2976 18564 18582
2 966 2943 13512
2 1504 6566 14050
2 14066 18173 18562
2 1048 14252 18570
2 4171 13726 14256
2 13726 16941 14256
2 14102 18313 4171
2 6792 10896 5716
2 16663 12614 1481
2 12614 3008 1481
2 9672 11240 1074
2 17277 1483 17093
2 13306 1467 14275
2 6778 18585 2999
2 11240 9672 18562
2 13433 5762 19237
2 11077 18164 18175
2 6 11 21
2 14296 967 11116
2 3093 18557 18586
2 7900 13392 11941
2 11725 9985 1490
2 18579 11483 18561
2 12813 18561 11483
2 3029 18578 18552
2 11059 7130 12774
2 3100 18586 18584
2 18568 14296 2945
2 16961 2960 11094
2 3063 18563 3006
2 11483 18312 13512
2 14241 12101 11839
2 19236 18572 13272
2 1457 1462 12823
2 18173 14066 1460
2 1490 18168 14110
2 5990 18273 14313
2 1048 701 5990
2 10779 18572 19236
2 17658 1464 5795
2 2945 5743 708
2 12823 18586 18557
2 18583 9975 19233
2 18567 6728 2999
2 18175 13713 13982
2 11720 1488 14223
2 18562 1462 14066
2 708 5743 16681
2 17986 7946 18010
2 18069 7251 18706
2 11567 13458 18164
2 18313 13726 4171
2 18076 18716 6456
2 12112 18714 15536
2 681 13183 15580
2 18367 18716 18076
2 11910 12074 18010
2 12581 142 128
2 18725 15187 4147
2 18704 19074 8760
2 18272 3116 10542
2 1514 7464 18558
2 14256 16941 18312
2 11953 15536 11706
2 11722 5876 6314
2 4875 7149 18560
2 566 7382 15550
2 693 7251 19063
2 15587 18530 18531
2 17963 18718 18105
2 708 18575 12337
2 11314 11722 5743
2 147 5963 19067
2 5800 18220 19076
2 18004 8805 18714
2 17999 8628 18726
2 18713 17937 18720
2 11905 12155 6114
2 16877 6142 1516
2 12910 17944 6114
2 10032 14083 18164
2 18164 13458 10032
2 18580 14102 14260
2 18578 14106 6535
2 6314 17073 17634
2 11910 7946 12152
2 18069 18370 19063
2 567 16923 15574
2 565 18089 16854
2 16923 127 138
2 105 1074 18269
2 16961 18534 16959
2 16959 16960 16961
2 15574 16961 11094
2 566 23 644
2 13188 16932 18269
2 18090 16932 18073
2 18553 18571 18558
2 17964 18709 17944
2 16923 138 144
2 15043 11268 12316
2 12823 19229 17461
2 698 17576 19065
2 11722 6314 17634
2 18723 11723 19070
2 7927 11905 17943
2 18534 18708 18702
2 23 29 21
2 21 11 23
2 18528 15562 690
2 1017 11618 16938
2 16938 11618 18527
2 18531 11116 695
2 18216 18270 704
2 17733 698 969
2 17576 698 17733
2 12316 5963 12581
2 7382 16854 15550
2 16949 566 644
2 18711 16854 18089
2 3043 18574 13390
2 16959 19071 705
2 17938 7981 17950
2 15550 18711 19075
2 6351 13003 17960
2 18089 19076 17986
2 17950 7981 8007
2 17993 17960 18716
2 17960 17993 5829
2 17931 19075 18721
2 7976 18062 16877
2 19063 7251 18069
2 18720 11623 17986
2 18575 14110 18168
2 3063 17924 1010
2 18715 11591 18370
2 12075 17960 18722
2 6094 10511 15187
2 9137 18062 18707
2 18719 18703 18712
2 566 16949 7382
2 18709 17964 18703
2 15562 18528 18714
2 6080 17634 17073
2 18722 17960 13003
2 6094 18712 18703
2 19075 17931 37
2 18723 15581 18727
2 105 15578 18027
2 19237 11059 15836
2 10837 19242 14252
2 18587 14241 11863
2 18568 12337 11250
2 18553 18558 1516
2 19073 4235 15587
2 18577 13329 18225
2 17346 6351 6350
2 18269 1074 2922
2 19074 18704 18705
2 18004 12060 19068
2 2956 18271 4215
2 16923 567 127
2 2960 4875 18574
2 14238 1017 18583
2 11 6 13401
2 18558 18571 11755
2 13272 18572 13300
2 18555 5773 2310
2 142 147 144
2 18579 18561 3015
2 6535 18552 18578
2 18588 12655 14214
2 18704 17940 18705
2 18010 17936 18721
2 19074 18705 18727
2 17940 18701 18705
2 18535 12075 18722
2 18065 18722 17346
2 19075 18711 18721
2 18010 18721 18711
2 18010 18711 17986
2 685 3841 15580
2 15581 10363 18216
2 10736 18220 681
2 18532 11558 697
2 15568 11952 16941
2 15568 16941 18530
2 18530 16941 13726
2 10105 2492 19074
2 696 15569 12626
2 18076 13304 16936
2 16936 15562 18076
2 19074 11923 704
2 18529 10417 18078
2 12139 16932 686
2 19075 566 15550
2 123 114 12473
2 18162 18588 14214
2 1052 1048 18570
2 2956 12655 18588
2 1462 18584 18586
2 18580 18313 14102
2 14238 18583 19233
2 5773 18555 18566
2 18585 18567 2999
2 18577 18225 18555
2 19072 18073 10112
2 18005 18706 18724
2 18707 19071 1654
2 18712 18725 18719
2 18087 18715 17950
2 18727 18705 18701
2 9137 18707 18702
2 18717 17957 7852
2 18723 18727 18701
2 2492 8760 19074
2 15562 18714 18076
2 15574 18708 18534
2 15550 16854 18711
2 17963 18105 17953
2 18712 15187 18725
2 17957 18001 18368
2 15569 18105 18718
2 144 138 131
2 18703 17964 12559
2 18708 11268 15043
2 7978 18708 15043
2 7978 18702 18708
2 17960 5829 6351
2 17940 7927 18701
2 17936 5999 17931
2 18532 18725 4147
2 18105 11170 18532
2 19071 16959 1654
2 18719 19065 17576
2 11268 18708 19067
2 11923 19074 18727
2 18722 8067 18535
2 19076 18089 13001
2 19067 18708 15574
2 18712 6094 15187
2 5798 17937 18713
2 17936 17931 18721
2 18367 6290 17993
2 6036 18367 15536
2 32 17931 5999
2 15587 17073 19073
2 18710 18707 18062
2 18004 19068 12471
2 10953 18078 18087
2 18701 7927 17943
2 17963 6080 11593
2 5956 16763 7978
2 8007 18004 12471
2 3841 18726 15580
2 7852 18726 18717
2 17999 18726 12547
2 7976 18704 18710
2 17938 17950 18715
2 18369 18370 18069
2 18726 13505 18717
2 19072 13570 18368
2 18073 15555 18065
2 18532 19065 18725
2 19072 18368 18090
2 18220 18720 19076
2 18722 18065 15555
2 18087 18078 18715
2 18090 18368 18001
2 18703 19064 18709
2 8444 18718 2053
2 16961 15574 18534
2 18369 18069 18706
2 19075 29 566
2 17986 19076 18720
2 3116 18582 11309
2 18579 18312 11483
2 18585 12168 18567
2 2922 13524 2998
2 18564 10896 6792
2 18273 13300 18572
2 3043 116 127
2 3057 12168 18585
2 1462 18562 18584
2 19233 9975 17093
2 1472 9725 11185
2 18162 5687 13982
2 976 10292 16960
2 13401 644 11
2 4202 18560 1456
2 14050 10779 19236
2 14223 3015 18561
2 12155 19242 10837
2 14214 19238 18162
2 18575 3074 12337
2 17093 19232 19233
2 5776 18553 1516
2 11839 12101 18271
2 19232 12813 11483
2 19232 1483 12813
2 3057 18585 18573
3 13643 295 12339
3 19054 18688 13621
3 2442 18205 13354
3 13527 13632 9164
3 9941 77 11435
3 146 129 143
3 129 130 137
3 13639 12293 13642
3 18657 11855 19056
3 126 129 139
3 18630 2521 2986
3 19154 17189 2505
3 15947 7565 9813
3 15973 723 13244
3 19115 335 14509
3 539 18676 17048
3 13624 539 17048
3 77 2014 18589
3 19157 4085 794
3 15947 18118 12468
3 9941 8342 13565
3 8342 18597 13565
3 1603 15461 3040
3 3487 1594 18628
3 1594 15678 18628
3 129 137 143
3 18626 15968 3553
3 139 15955 126
3 15678 18589 2014
3 13354 18549 2442
3 10530 2604 18524
3 13635 2604 10530
3 2527 18629 2262
3 129 146 139
3 18638 10800 18550
3 8280 18540 1134
3 8289 3683 8379
3 3683 8289 14315
3 18605 18633 9659
3 18200 18183 18184
3 14951 13527 18681
3 18633 10634 2627
3 18687 9733 13647
3 293 14 27
3 70 14 293
3 15630 18626 3553
3 3553 15968 17293
3 117 122 129
3 17426 10151 4926
3 15647 18548 15048
3 17444 1136 5074
3 17447 5970 2631
3 9988 9930 4085
3 13438 9988 4085
3 1603 15743 15461
3 18631 17137 15670
3 18191 13425 18197
3 12549 18654 17292
3 143 137 18668
3 18200 18640 18183
3 18672 13469 11663
3 2544 3040 15461
3 15630 3553 4601
3 18544 8858 4601
3 5970 17447 2634
3 19147 295 13643
3 18668 137 18656
3 2525 15647 15648
3 15648 2527 2525
3 6058 18662 13469
3 17298 3040 6488
3 18522 15968 5162
3 16034 18655 16022
3 18687 13647 11402
3 2631 13975 17447
3 13632 10077 5626
3 18184 5626 10077
3 15091 18591 9191
3 13549 18118 10450
3 18595 5597 18540
3 1134 18540 5597
3 7306 9988 13438
3 13438 18677 7306
3 19117 740 19116
3 18212 18608 8342
3 15670 18601 6709
3 8281 12240 117
3 18547 19097 7483
3 10002 18666 10009
3 15743 9259 18549
3 18681 13527 17586
3 6977 5973 18685
3 6977 18674 5973
3 18179 18662 6058
3 15082 18179 6058
3 17426 11435 10151
3 13635 10151 8336
3 8336 10151 8333
3 10009 18670 6973
3 10748 18601 18537
3 13491 8660 13612
3 13612 8660 18660
3 18190 18205 2655
3 13340 18194 11053
3 8228 18627 18654
3 6977 18679 6973
3 6973 18670 6977
3 6977 18670 18675
3 547 18670 2663
3 6709 9259 15670
3 2442 18549 9259
3 18212 11435 17426
3 8280 19097 18540
3 8280 9292 7483
3 15669 2555 1799
3 18681 9849 7162
3 9849 15674 7162
3 18678 13635 6950
3 13528 6950 8336
3 10077 8336 8333
3 18185 10077 8333
3 12183 18664 17446
3 13975 18664 17447
3 18672 18690 10075
3 19057 18663 17425
3 17331 122 12240
3 18632 8374 15037
3 7914 18548 15081
3 11881 18639 17425
3 18635 7914 15081
3 18598 17910 12837
3 15091 9191 18598
3 18548 15647 15723
3 1134 9277 5074
3 9659 2627 9969
3 2627 9659 18633
3 2525 18523 9445
3 2634 2635 18635
3 19054 18659 18665
3 18677 13438 19152
3 19117 18677 19152
3 18526 13668 9269
3 14509 18589 15678
3 19115 14509 15678
3 19060 2627 8324
3 18689 13453 15488
3 18633 7483 10634
3 2635 18665 18659
3 18633 18605 7483
3 13528 8336 10077
3 8324 18181 10068
3 3040 740 19152
3 18683 13527 17048
3 2502 18602 2505
3 13024 19153 12874
3 15670 9259 15743
3 15670 15743 18631
3 15023 8374 13425
3 15488 11458 10125
3 7162 18678 18681
3 12659 18680 17293
3 18680 11046 15487
3 17298 1603 3040
3 5074 9277 8358
3 15100 18195 18205
3 18641 9900 18193
3 9930 18197 794
3 13491 8777 13655
3 19097 18602 2502
3 12281 10151 13635
3 13635 10530 12281
3 15091 10919 18640
3 10087 12339 19055
3 8858 18604 18542
3 13527 9164 15497
3 19156 18525 18651
3 1594 3487 18524
3 10162 10087 19055
3 2652 10087 10162
3 17292 18692 12549
3 1136 1134 5074
3 15743 14975 15461
3 15743 18549 14975
3 1136 18181 9292
3 70 9277 19095
3 2621 5074 8358
3 18591 15091 18640
3 2621 8358 18669
3 8358 70 293
3 18526 8296 18648
3 18659 18179 2635
3 18179 18635 2635
3 3487 18628 12468
3 18525 18682 16021
3 13354 8367 15037
3 15037 18549 13354
3 19094 14289 8281
3 9981 12874 17020
3 18526 9269 8616
3 8358 9277 70
3 18598 10800 17910
3 15669 9813 10841
3 18524 3487 7044
3 18179 15082 7914
3 15974 2535 18683
3 18686 19151 18687
3 18686 18687 13559
3 8280 1134 1136
3 2014 13565 8404
3 2630 17446 9293
3 18181 1136 13309
3 18181 13309 10068
3 18118 13727 10530
3 9293 15075 11656
3 13587 18596 18545
3 18596 13587 18650
3 8342 9941 18212
3 8280 1136 9292
3 14096 18182 8598
3 8598 18591 14096
3 19156 8694 295
3 17285 18649 8616
3 15678 2014 8404
3 15678 8404 18628
3 8354 2652 18195
3 3683 9659 8379
3 18687 19151 17298
3 9078 12446 13450
3 8404 15666 18628
3 1799 16021 9813
3 18682 19147 12293
3 13642 12293 19147
3 18190 2657 8367
3 10841 18597 11133
3 18626 5162 15968
3 15657 18182 2535
3 4085 9930 794
3 18629 15460 723
3 15630 18596 18626
3 15630 18542 18596
3 14131 19056 19157
3 19056 5375 19157
3 14131 18197 18196
3 18632 18196 18197
3 18631 1603 19151
3 8367 18657 18196
3 18196 18632 8367
3 723 15460 15652
3 18550 15652 15460
3 18194 10153 11053
3 8598 18182 15657
3 15657 18591 8598
3 13565 18597 8404
3 18666 8413 2663
3 8413 18199 2663
3 10450 15947 16021
3 18118 15947 10450
3 8349 18537 12023
3 18181 10634 9292
3 10634 7483 9292
3 8694 17137 11294
3 18672 11663 13507
3 15669 1799 9813
3 18686 11294 19151
3 18667 11835 11053
3 11402 13559 18687
3 18660 12183 17446
3 18550 10800 15652
3 13549 10450 12293
3 12293 10450 16021
3 10634 18181 8324
3 13015 18187 18603
3 10841 15666 18597
3 13491 13655 8660
3 8660 12183 18660
3 18643 2638 13616
3 18650 18626 18596
3 18686 19055 295
3 8694 18686 295
3 13642 13643 19058
3 19147 13643 13642
3 18671 2621 9980
3 18183 10919 11881
3 18183 18640 10919
3 18601 15758 18537
3 18537 15758 2555
3 10087 19058 13643
3 10087 18187 19058
3 19150 2262 15973
3 8344 11053 2649
3 9733 19056 13647
3 13647 19056 11855
3 15772 10881 9191
3 19148 18685 5973
3 18541 15669 10841
3 15657 9191 18591
3 13024 12874 13668
3 6058 13469 18643
3 18634 11267 18193
3 18634 12780 11267
3 12281 4926 10151
3 19114 18648 8296
3 18686 8694 11294
3 18636 11819 5970
3 15652 10881 14338
3 18598 10881 15652
3 13340 8340 11928
3 143 18668 19144
3 18667 11053 10153
3 2649 18187 13015
3 19059 13559 11402
3 12521 13491 18522
3 12446 9078 9981
3 9078 10068 9981
3 11435 8333 10151
3 18638 13548 13616
3 10841 9813 7565
3 18644 14261 2631
3 10634 8324 2627
3 12892 17189 13450
3 19150 12387 18690
3 9293 11656 18604
3 8324 10068 9078
3 19156 295 19147
3 15075 18542 11656
3 18638 13171 17910
3 11663 13621 13507
3 18662 13621 11663
3 9980 9269 13668
3 18672 13507 18690
3 740 3040 2544
3 13642 11835 18667
3 18667 13639 13642
3 5597 18595 19114
3 17189 12350 13450
3 19154 12350 17189
3 15034 11133 11928
3 8342 11133 18597
3 18660 17446 2630
3 13551 9980 13668
3 6488 19157 5375
3 12240 122 117
3 2631 11819 18644
3 11819 2631 5970
3 18541 12023 15669
3 2555 15669 12023
3 2657 13647 11855
3 9969 2627 11880
3 11928 11133 8342
3 77 9941 2014
3 18521 16022 8228
3 18192 18673 9900
3 18641 18192 9900
3 18541 10841 11133
3 13244 17299 15973
3 12780 18604 8858
3 12129 17048 18676
3 15974 12129 18676
3 12837 17910 18639
3 8826 6917 9445
3 480 9207 19093
3 18669 27 33
3 15056 18591 18640
3 18118 10530 7044
3 10087 13643 12339
3 9207 480 9
3 15460 15648 18592
3 12387 17299 18690
3 15973 17299 12387
3 10681 17292 10604
3 18680 17292 10681
3 17020 12446 9981
3 18525 2555 18651
3 18624 12458 18595
3 18624 18648 12458
3 19116 740 2544
3 7565 15666 10841
3 8349 10748 18537
3 18606 11267 12780
3 7483 19097 8280
3 12458 19114 18595
3 1603 17298 19151
3 10889 10568 17293
3 15968 10889 17293
3 18636 10782 11819
3 2649 13015 8344
3 15670 17137 18651
3 19146 8616 9269
3 15082 6058 15084
3 11046 10568 13612
3 19153 18648 12679
3 12679 18648 18624
3 39 1579 33
3 19098 18594 15709
3 480 10194 9
3 70 9 14
3 10782 15075 18644
3 18598 12837 15091
3 15091 12837 18639
3 794 18197 14131
3 13466 12023 15034
3 17020 12892 12446
3 12892 17020 19153
3 18603 8354 10748
3 5375 9733 17298
3 12446 12892 13450
3 10075 539 13624
3 13015 8340 8344
3 18193 9900 12543
3 12543 9900 18673
3 13450 12350 19060
3 17189 12892 13111
3 13111 18653 17189
3 8349 13466 13015
3 13466 8340 13015
3 9981 13551 12874
3 13639 13549 12293
3 18193 2630 18634
3 3487 12468 7044
3 10919 18639 11881
3 2649 19058 18187
3 11656 18542 18604
3 2531 17299 13244
3 2531 13244 14338
3 18526 13024 13668
3 13309 1136 17444
3 13309 17444 13407
3 10125 18665 2634
3 9207 9 70
3 17296 5162 18650
3 18544 18606 12780
3 18634 18604 12780
3 14267 18538 18599
3 14951 13533 13632
3 18638 17910 10800
3 11402 13647 2657
3 13435 15974 18676
3 15974 13435 2531
3 18603 2652 8354
3 18650 13587 15636
3 15636 13587 18545
3 12281 13452 10153
3 13639 13452 13727
3 13527 14951 13632
3 18599 18625 18627
3 2638 18643 13469
3 18672 2638 13469
3 8289 18637 14267
3 18551 15039 18543
3 13469 18662 11663
3 1799 2555 18525
3 18680 12659 11046
3 18590 15621 10604
3 2521 6917 14138
3 18638 18550 13548
3 9980 13551 18671
3 8349 12023 13466
3 18692 18680 15487
3 9941 13565 2014
3 19146 1579 39
3 16022 18627 8228
3 18660 12543 13612
3 12543 18660 18193
3 15034 11928 8340
3 14138 13453 9583
3 14096 15659 15674
3 8344 13340 11053
3 5375 19056 9733
3 15973 12387 19150
3 13694 4926 10153
3 18194 13694 10153
3 15947 13940 7565
3 12468 13940 15947
3 12521 5162 17296
3 17296 8777 12521
3 15037 8367 18632
3 13940 15666 7565
3 8826 11458 6917
3 18205 18195 2655
3 14261 17446 13975
3 17446 18664 13975
3 18194 18608 18212
3 18631 15743 1603
3 12521 18522 5162
3 10568 12659 17293
3 12659 10568 11046
3 10681 10604 15621
3 17285 13561 18649
3 18212 17426 13694
3 13879 14002 18650
3 13727 12281 10530
3 13727 13452 12281
3 2525 2521 19118
3 14338 723 15652
3 13244 723 14338
3 13507 19150 18690
3 18664 13655 12806
3 18657 19056 18196
3 19093 13568 480
3 11458 13617 10125
3 18665 10125 13617
3 2521 9445 6917
3 2521 2525 9445
3 12350 11880 19060
3 14096 15674 18182
3 15075 10782 18545
3 19157 794 14131
3 8344 8340 13340
3 11835 2649 11053
3 18664 12806 13104
3 15772 15974 2531
3 18608 13340 11928
3 13309 13407 10068
3 293 27 18669
3 18539 13763 18590
3 8616 8296 18526
3 1579 18669 33
3 18657 2657 11855
3 13616 13548 18643
3 18669 8358 293
3 9981 10068 13407
3 17293 10681 15621
3 18680 10681 17293
3 10194 33 27
3 39 33 10194
3 2638 19057 13616
3 539 17299 18676
3 8660 13655 12183
3 14338 10881 2531
3 13 13497 19
3 8777 13491 12521
3 14 10194 27
3 18521 8228 18654
3 12549 18521 18654
3 2621 18669 9980
3 9980 18669 9983
3 13453 18689 9583
3 13497 13568 19093
3 13497 13561 19
3 13568 13 480
3 13497 13 13568
3 13578 18596 18542
3 15075 13578 18542
3 9 10194 14
3 13453 6917 11458
3 15039 17378 8333
3 13655 18689 12806
3 8777 18689 13655
3 28 39 10194
3 18523 2525 2527
3 10125 13104 15488
3 13104 10125 17447
3 18672 10075 2638
3 17296 18689 8777
3 18666 18192 8413
3 18630 2986 13879
3 18630 13879 15636
3 13655 18664 12183
3 18526 18648 13024
3 13104 12806 15488
3 9983 18669 1579
3 17285 8616 19146
3 18544 13763 18539
3 18544 4601 13763
3 4601 15621 14234
3 2986 9583 14002
3 17432 15497 9164
3 18539 12715 18538
3 18664 13104 17447
3 19114 8296 18649
3 18649 19093 19114
3 13 28 10194
3 19 28 13
3 8858 15630 4601
3 9983 19146 9269
3 19146 9983 1579
3 14002 18689 17296
3 14002 9583 18689
3 18544 12780 8858
3 2521 14138 2986
3 2986 14138 9583
3 3553 15621 4601
3 3553 17293 15621
3 2986 14002 13879
3 18625 12715 18590
3 18590 10604 18625
3 480 13 10194
3 13763 4601 14234
3 9980 9983 9269
3 10075 18663 2638
3 19057 2638 18663
3 39 28 17285
3 9293 17446 14261
3 8826 18691 13617
3 10782 18546 18545
3 15636 18545 18546
3 9293 18604 18634
3 9293 18634 2630
3 18644 15075 9293
3 9293 14261 18644
3 14138 6917 13453
3 2631 14261 13975
3 13453 11458 15488
3 19 13561 28
3 13561 17285 28
3 11294 18631 19151
3 2621 17444 5074
3 14315 18602 18547
3 15048 15082 15084
3 18548 7914 15082
3 18605 14315 18547
3 740 19117 19152
3 18212 13694 18194
3 10748 15100 18601
3 18692 15487 10002
3 18118 13549 13727
3 2527 2262 17297
3 14096 18593 15659
3 14509 18543 18589
3 10748 8349 18603
3 19115 15678 1594
3 6488 5375 17298
3 8354 15100 10748
3 19148 2505 18652
3 18551 14509 18593
3 18199 18538 14267
3 7483 18605 18547
3 12240 15023 13425
3 15023 12240 8281
3 13466 15034 8340
3 8349 13015 18603
3 19207 10782 18636
3 18649 13497 19093
3 18673 15487 12543
3 12543 15487 11046
3 18629 15648 15460
3 19095 5597 19114
3 17910 13171 18639
3 19059 2655 10162
3 18671 13407 17444
3 19149 5973 18674
3 12281 10153 4926
3 13452 18667 10153
3 18608 11928 8342
3 130 129 122
3 18674 18675 547
3 9207 19095 19093
3 18624 2502 18653
3 18592 15648 15647
3 14267 18594 8289
3 8332 15039 18551
3 18607 18538 18199
3 3683 18605 9659
3 15659 18593 14509
3 18594 18627 15709
3 18545 18596 13578
3 18624 18595 2502
3 15657 2535 15772
3 15709 18627 16022
3 10881 15772 2531
3 18630 19118 2521
3 18626 18650 5162
3 18595 18540 2502
3 8281 14289 15023
3 17586 18683 16020
3 17586 13527 18683
3 19153 17020 12874
3 19156 18651 8694
3 15973 18629 723
3 2604 13635 18678
3 12339 295 19055
3 539 10075 18690
3 19149 11880 12350
3 18630 15636 18600
3 18654 18625 10604
3 13111 12892 19153
3 19115 1594 18524
3 14975 2544 15461
3 18522 13491 10568
3 18681 17586 9849
3 14234 15621 18590
3 11294 17137 18631
3 18668 18658 9930
3 18551 18543 14509
3 19153 12679 18653
3 335 7162 15674
3 335 15674 15659
3 18678 7162 19115
3 2657 18657 8367
3 18656 137 130
3 18182 16020 2535
3 8332 8329 15039
3 14315 8289 19098
3 18686 13559 19055
3 18195 15100 8354
3 143 19144 146
3 15100 18205 2442
3 18651 17137 8694
3 12468 18628 13940
3 13624 17048 15497
3 12806 18689 15488
3 13528 13533 18678
3 19097 2502 18540
3 13763 14234 18590
3 15034 18541 11133
3 547 8379 9969
3 13491 13612 10568
3 8329 15056 18200
3 16034 18685 19148
3 18685 16034 17282
3 8826 18523 18691
3 16022 18521 17282
3 18677 19117 14734
3 19059 11402 2657
3 13438 4085 19157
3 18184 10077 18185
3 18675 18670 547
3 19144 139 146
3 18684 139 19144
3 15084 18550 18592
3 11880 2627 19060
3 19058 2649 11835
3 2634 17447 10125
3 9981 13407 18671
3 19060 8324 9078
3 18656 18658 18668
3 2657 2655 19059
3 17426 4926 13694
3 13632 5626 17432
3 18594 19098 8289
3 18658 18197 9930
3 8374 18536 15037
3 14975 15037 18536
3 15973 2262 18629
3 18592 18550 15460
3 17331 12240 18191
3 17331 18191 18656
3 18536 14289 19116
3 9259 6709 15100
3 13171 18638 19057
3 18593 18591 15056
3 17378 15039 8329
3 8332 18551 18593
3 15769 18655 2511
3 14267 18599 18594
3 2525 15723 15647
3 15630 8858 18542
3 8404 18597 15666
3 19094 8281 19089
3 8379 9659 9969
3 13612 12543 11046
3 17292 18654 10604
3 15023 14289 18536
3 13528 18678 6950
3 8826 13617 11458
3 8826 9445 18523
3 19150 17297 2262
3 18190 13354 18205
3 19089 8281 117
3 18673 18666 10002
3 15772 2535 15974
3 11881 13624 15497
3 18546 18600 15636
3 13551 9981 18671
3 18183 18661 17432
3 18636 5970 2634
3 18195 2652 10162
3 2511 18602 15769
3 14096 18591 18593
3 1134 19095 9277
3 18629 2527 15648
3 19095 19114 19093
3 18665 13617 19054
3 2442 9259 15100
3 13879 18650 15636
3 7162 335 19115
3 17586 15674 9849
3 18650 14002 17296
3 10782 19207 18546
3 11267 18641 18193
3 18642 18607 18199
3 18544 18539 18606
3 15487 18673 10002
3 8379 547 18637
3 2663 18637 547
3 12458 18648 19114
3 18191 18658 18656
3 18184 17432 5626
3 18187 2652 18603
3 18195 10162 2655
3 12468 18118 7044
3 18670 18666 2663
3 17297 18523 2527
3 18652 18655 16034
3 18682 19156 19147
3 18681 18678 13533
3 18692 18521 12549
3 17282 16034 16022
3 18592 15048 15084
3 15048 18548 15082
3 6709 18601 15100
3 18543 15039 18589
3 18599 18538 12715
3 19098 15769 14315
3 2555 12023 18537
3 2555 15758 18651
3 19095 9207 70
3 18191 12240 13425
3 18635 15081 18636
3 18628 15666 13940
3 13548 18550 19206
3 18641 18606 18607
3 19206 6058 18643
3 6058 19206 15084
3 2505 18602 2511
3 17425 13624 11881
3 13624 17425 18663
3 6977 18675 18674
3 13507 18688 19150
3 15955 139 18684
3 39 17285 19146
3 18692 10002 10009
3 18692 17040 18521
3 17282 18679 18685
3 19054 18691 18688
3 18183 17432 18184
3 13559 19059 10162
3 13639 18667 13452
3 18659 19054 13621
3 15497 17432 18661
3 15497 18661 11881
3 13528 10077 13632
3 13624 18663 10075
3 13642 19058 11835
3 13632 17432 9164
3 10009 18666 18670
3 9969 11880 18674
3 18674 11880 19149
3 6950 13635 8336
3 12874 13551 13668
3 13533 13528 13632
3 13450 19060 9078
3 18192 18666 18673
3 18665 2635 2634
3 19144 18668 9988
3 18668 9930 9988
3 18659 13621 18662
3 19056 14131 18196
3 2621 18671 17444
3 2657 18190 2655
3 18183 11881 18661
3 18179 18659 18662
3 18660 2630 18193
3 5973 19149 19148
3 18185 8333 17378
3 18658 18191 18197
3 2652 18187 10087
3 13559 10162 19055
3 15758 18601 15670
3 18598 9191 10881
3 18599 18627 18594
3 18625 18599 12715
3 15081 18548 18600
3 12023 18541 15034
3 15075 18545 13578
3 15647 15048 18592
3 2544 14975 18536
3 2544 18536 19116
3 14975 18549 15037
3 18600 19118 18630
3 13497 18649 13561
3 18547 18602 19097
3 19094 14734 19117
3 18653 12679 18624
3 8374 18632 13425
3 8374 15023 18536
3 15056 18640 18200
3 15056 8332 18593
3 15084 19206 18550
3 19095 1134 5597
3 10800 18598 15652
3 8329 8332 15056
3 18600 18546 19207
3 16034 19148 18652
3 8616 18649 8296
3 15955 14734 126
3 2502 2505 18653
3 18627 18625 18654
3 15723 2525 19118
3 15723 19118 18600
3 18182 15674 17586
3 18652 2505 2511
3 16022 18655 15709
3 19089 126 14734
3 19094 19089 14734
3 19094 19116 14289
3 15657 15772 9191
3 9813 16021 15947
3 1799 18525 16021
3 2511 18655 18652
3 14734 15955 18677
3 18600 18548 15723
3 15769 18602 14315
3 14509 335 15659
3 15670 18651 15758
3 19098 15709 15769
3 18655 15769 15709
3 19117 19116 19094
3 15955 18684 18677
3 18684 19144 18677
3 16021 18682 12293
3 18524 18678 19115
3 18524 2604 18678
3 19144 9988 7306
3 19156 18682 18525
3 17298 9733 18687
3 6488 19152 19157
3 7306 18677 19144
3 539 18690 17299
3 17292 18680 18692
3 18683 17048 12129
3 18522 10568 10889
3 117 129 19089
3 129 126 19089
3 18685 18679 6977
3 19154 2505 19148
3 19148 19149 19154
3 18521 17040 18679
3 18679 17282 18521
3 13549 13639 13727
3 19054 13617 18691
3 13527 15497 17048
3 14951 18681 13533
3 10009 6973 17040
3 6973 18679 17040
3 6488 3040 19152
3 13438 19157 19152
3 17299 13435 18676
3 15974 18683 12129
3 18692 10009 17040
3 17297 19150 18688
3 13507 13621 18688
3 19154 19149 12350
3 17189 18653 2505
3 19153 18653 13111
3 18524 7044 10530
3 18523 17297 18688
3 18688 18691 18523
3 13024 18648 19153
3 15968 18522 10889
3 18683 2535 16020
3 13435 17299 2531
3 17586 16020 18182
3 18606 18641 11267
3 18642 18641 18607
3 2663 18199 18637
3 14267 18637 18199
3 18192 18199 8413
3 18184 17378 8329
3 11819 10782 18644
3 2634 18635 18636
3 19206 18643 13548
3 8329 18200 18184
3 19057 18638 13616
3 17425 18639 13171
3 15039 8333 11435
3 18606 18539 18607
3 9941 11435 18212
3 18637 8289 8379
3 18179 7914 18635
3 18197 13425 18632
3 130 122 17331
3 18642 18199 18192
3 18192 18641 18642
3 18194 13340 18608
3 18605 3683 14315
3 18607 18539 18538
3 18539 18590 12715
3 13354 18190 8367
3 18184 18185 17378
3 77 18589 15039
3 130 17331 18656
3 17425 13171 19057
3 18674 547 9969
3 18639 10919 15091
3 77 15039 11435
3 19207 15081 18600
3 19207 18636 15081
4 3244 11044 10259
4 4045 12377 19000
4 9516 8176 9521
4 3191 18957 18970
4 95 102 341
4 100 92 97
4 14122 12361 1359
4 8207 3229 390
4 390 8059 1373
4 1781 2516 7572
4 19037 110 2016
4 15405 9240 18314
4 760 481 1414
4 1414 481 18968
4 8396 7572 777
4 365 17988 11073
4 17310 19049 9548
4 9508 17349 688
4 7406 8396 18993
4 104 100 97
4 10959 19051 7455
4 17899 18994 18997
4 9605 9482 1342
4 19029 9605 1342
4 9605 8092 15073
4 10201 18960 777
4 19047 15149 14291
4 11226 19007 4192
4 2016 110 111
4 8235 19021 353
4 18959 16791 11915
4 11629 19160 18999
4 18981 17900 18980
4 19161 19000 12377
4 18983 18982 18974
4 1359 1406 10497
4 9473 2104 6701
4 390 3229 3167
4 1433 3211 5373
4 19011 5003 19050
4 15018 13968 1334
4 8119 2407 3227
4 1653 18990 1289
4 19002 1325 18998
4 10445 18969 11966
4 6430 7749 1334
4 344 7749 6430
4 4227 19174 19003
4 8223 17349 9508
4 17778 17072 9586
4 18992 18955 19134
4 8057 9548 17328
4 17373 8223 9508
4 8214 17373 8167
4 19160 16911 8207
4 2016 104 8029
4 1283 12336 18991
4 2016 8029 8156
4 13251 19044 19024
4 10950 18981 1640
4 10036 15406 10357
4 18320 8165 9492
4 8073 17312 17994
4 8166 8165 15406
4 18997 8235 353
4 17340 9562 9412
4 19216 17768 9521
4 1781 6430 2516
4 351 19019 4293
4 777 2516 14786
4 3211 1433 3191
4 4137 11316 19023
4 344 19011 7749
4 19012 4681 19029
4 10477 18314 9240
4 17286 1659 7406
4 3206 1390 3247
4 351 4293 19021
4 4716 19021 4293
4 18318 5373 8079
4 8214 8167 17628
4 8167 15406 17628
4 18318 11418 15395
4 8198 15426 3232
4 18318 15395 8935
4 15426 12501 17314
4 92 1340 97
4 1340 92 18973
4 18314 1343 15404
4 5373 3211 8079
4 13496 18993 10790
4 8176 5507 10600
4 19051 7265 8092
4 8092 15404 15073
4 19008 14151 19048
4 18979 19020 13264
4 12336 365 18991
4 6928 18996 19135
4 19026 19034 17768
4 13622 18981 10950
4 18994 351 18997
4 4227 18993 13496
4 5003 19029 5991
4 19029 1342 5991
4 1322 18989 18998
4 3874 1659 17286
4 18976 11915 17407
4 15405 8092 7265
4 18997 351 8235
4 1344 18962 96
4 19012 19029 5003
4 19033 5688 19017
4 350 19017 5688
4 19033 19019 5688
4 350 5688 19019
4 9517 688 17349
4 9517 9516 19032
4 9482 9605 15073
4 15395 9473 6701
4 19020 12635 17769
4 9586 6832 17778
4 6832 19014 17778
4 8233 18319 5507
4 351 19021 8235
4 18969 1330 10790
4 95 1333 91
4 4082 13264 19020
4 8092 9605 7601
4 18320 9492 9455
4 19031 9455 9492
4 3244 10259 16895
4 19029 4681 7601
4 14159 18985 14311
4 19023 11965 6986
4 18978 7481 18973
4 12443 3207 1419
4 98 109 10208
4 3232 10445 12009
4 11915 16791 9133
4 10557 9133 16791
4 8068 4255 12443
4 7030 8065 9401
4 9566 8065 7030
4 19019 19033 6172
4 10379 1364 1410
4 11708 1722 19013
4 7601 4681 19051
4 19005 688 4723
4 4048 12179 19026
4 4048 19026 1640
4 1406 1359 11466
4 1322 18998 18958
4 19042 9566 7030
4 14121 19008 19048
4 18318 1428 1427
4 18958 1427 1428
4 12469 17799 3960
4 15073 15404 1338
4 4045 19015 4048
4 15404 1343 1344
4 17909 1419 18956
4 19029 7601 9605
4 2516 6430 13968
4 19034 12179 19032
4 18315 104 97
4 1340 18315 97
4 8237 11912 19216
4 351 18995 5274
4 8092 7601 19051
4 106 109 98
4 3206 1448 9401
4 18977 9766 18965
4 7406 1659 8396
4 15404 8092 18314
4 1334 13968 6430
4 7459 95 341
4 7459 1333 95
4 10383 9824 1412
4 13644 1646 19006
4 688 19021 4716
4 9508 688 4716
4 1403 10036 18965
4 12336 364 19018
4 16911 3229 8207
4 102 108 12469
4 341 102 12469
4 1403 15406 10036
4 96 1338 1344
4 8077 17928 19001
4 19043 9412 11207
4 777 7572 2516
4 3209 18964 7945
4 19174 19013 17779
4 13618 9566 19218
4 9562 9566 13618
4 1289 14317 11878
4 18980 17900 19161
4 12592 19041 13483
4 18992 14028 8077
4 17899 10569 18950
4 10569 1406 18950
4 1428 18963 18958
4 18963 1322 18958
4 18950 17898 10613
4 17898 18994 10613
4 94 7749 98
4 8491 3208 10082
4 1366 8780 5507
4 9007 19005 353
4 19005 9007 688
4 3209 7945 11789
4 16784 18967 12218
4 19000 353 8297
4 353 19005 8297
4 8173 12361 18319
4 7030 9401 1448
4 15149 17769 9267
4 19047 14291 14191
4 17319 107 112
4 17369 8166 17370
4 4681 3874 8034
4 17373 8214 8223
4 8212 8166 15406
4 18955 18992 11312
4 14317 11312 18992
4 4048 18980 4045
4 8027 8029 18315
4 8164 9586 17280
4 17280 9586 8079
4 17994 1393 18317
4 8065 8185 15904
4 15904 8185 15418
4 18319 12361 14122
4 11710 7030 1448
4 93 10208 96
4 13385 8177 18321
4 8059 11844 17310
4 17899 19000 10020
4 17899 10020 18952
4 8176 8233 5507
4 17340 3167 15418
4 9555 11845 19043
4 19010 14317 14043
4 1433 5373 1427
4 19028 10011 4109
4 18982 4109 10011
4 12469 108 17799
4 17994 8068 1393
4 6264 10882 19009
4 3960 13682 348
4 1659 7572 8396
4 5507 18319 1366
4 19048 17323 17403
4 13503 8068 17994
4 1359 8223 11466
4 19031 10429 9455
4 7749 19011 98
4 4048 19015 12179
4 12179 19015 19032
4 1366 18319 10497
4 18963 8491 1426
4 19009 13941 19171
4 8057 17328 760
4 19027 19006 1646
4 14860 19006 19027
4 16823 13480 1366
4 1643 19008 10638
4 365 8560 19016
4 19039 19016 8560
4 4137 17488 13644
4 10638 19008 14121
4 10024 17846 19049
4 8237 12276 1364
4 4121 10011 10024
4 13941 10757 19171
4 19028 17846 10024
4 16797 18317 1393
4 4255 9463 10757
4 18950 1406 3194
4 18319 8233 8173
4 17370 8166 8212
4 19048 17337 17323
4 19171 19052 6264
4 19045 12972 19046
4 11845 17340 19043
4 19004 4207 8828
4 1659 3874 7572
4 4121 10024 19027
4 19035 19027 10024
4 10445 18960 12009
4 8935 15395 3208
4 1428 8935 3208
4 1406 11466 1357
4 344 6430 17074
4 96 18962 93
4 8780 10600 5507
4 14086 8780 4124
4 13264 9121 18979
4 8185 8065 9562
4 19023 6986 4137
4 8059 9555 11844
4 18978 18987 9249
4 348 9249 18987
4 14177 11629 18999
4 11629 17902 16911
4 9431 19040 9288
4 17561 13599 15149
4 7945 1321 1426
4 3191 1433 18957
4 16911 17902 9353
4 1321 9360 18989
4 9353 17902 18961
4 18989 9360 4192
4 2013 9482 15073
4 11844 9555 19214
4 1722 1300 14201
4 4088 13599 17561
4 1289 11878 1653
4 19010 1653 11878
4 18951 9766 17898
4 9766 18995 17898
4 10433 3191 16799
4 15395 6701 3208
4 19000 8297 4045
4 19026 12179 19034
4 4723 9517 19032
4 4048 1640 18981
4 3208 6701 9579
4 4716 4293 6172
4 1393 17909 16797
4 2013 15073 1338
4 9121 155 18979
4 18990 1321 18964
4 1330 18969 18970
4 1426 10082 3168
4 8057 8059 17310
4 8057 1373 8059
4 1393 12443 17909
4 481 12218 18968
4 104 111 100
4 17312 10157 19041
4 10208 93 19133
4 6172 17369 17370
4 3211 3191 10433
4 16895 10557 3246
4 17902 17488 10422
4 11686 18321 16668
4 18321 11686 10383
4 10497 18319 14122
4 18314 10477 1343
4 19042 7030 11710
4 18959 18991 11073
4 18998 1715 19002
4 3247 1390 16791
4 1390 10557 16791
4 1265 1299 18970
4 17901 18982 12321
4 17349 8223 12361
4 1334 18962 15018
4 13385 18321 10383
4 10353 18316 1340
4 19049 17310 19035
4 4045 18980 12377
4 19161 12377 18980
4 1428 3208 8491
4 8068 12443 1393
4 9517 4723 688
4 5003 19011 344
4 103 96 10208
4 18969 10790 11966
4 19035 14860 19027
4 17901 12321 19160
4 10259 17407 16895
4 1448 4255 17311
4 3213 12972 8164
4 12972 19045 8164
4 17312 19041 12592
4 16823 18952 19161
4 18979 10950 1640
4 9664 7265 10959
4 19002 1715 4207
4 1373 1414 8207
4 3158 10357 15406
4 15406 8165 3158
4 17337 12184 2407
4 1265 18988 13522
4 3244 3167 11044
4 341 3960 348
4 18987 341 348
4 9664 11093 8198
4 9664 10955 11093
4 8065 9566 9562
4 10497 16823 1366
4 17799 110 19037
4 110 17799 108
4 18959 11073 19001
4 18989 1322 1321
4 1653 1860 11226
4 1653 11226 18990
4 18986 13998 18976
4 9555 390 3167
4 9353 18961 11044
4 4121 12321 18982
4 19160 12321 18999
4 18955 11312 1289
4 14317 1289 11312
4 13644 19006 11316
4 19006 4773 11316
4 17403 9548 19049
4 9548 17403 17328
4 4227 7406 18993
4 18977 12456 13228
4 4109 18982 18983
4 18318 8079 11418
4 8079 9473 11418
4 18986 4137 6986
4 17310 14860 19035
4 18978 1070 7481
4 10353 7481 1070
4 19020 11449 17768
4 19015 19005 4723
4 1448 3207 4255
4 18985 2990 13573
4 18968 18974 17901
4 3167 3229 11044
4 7455 8034 17286
4 12008 10082 9579
4 10429 3960 17799
4 3232 10201 9240
4 15405 3232 9240
4 17994 17312 13290
4 17312 12592 13290
4 16895 3246 3244
4 3244 3246 15418
4 8491 10082 1426
4 3211 3213 8164
4 3213 3211 10433
4 19043 11207 4773
4 19214 19006 14860
4 18963 1428 8491
4 3168 11789 1426
4 11789 7945 1426
4 14043 19052 12592
4 4082 17769 15149
4 1364 14086 1410
4 4255 3207 12443
4 3167 11845 9555
4 17846 17403 19049
4 19035 10024 19049
4 1433 18972 18957
4 18982 10011 4121
4 8237 13194 11912
4 9267 11912 8177
4 12985 19135 18996
4 19214 4773 19006
4 17777 1715 9235
4 18989 9235 1715
4 10445 11966 18960
4 18960 11966 10
4 11915 18976 1283
4 19017 19031 19033
4 19044 17130 12008
4 3232 12009 10201
4 12009 18960 10201
4 12059 19027 1646
4 7749 94 19133
4 1373 760 1414
4 8057 760 1373
4 1643 13980 19008
4 19019 5274 350
4 10 18993 8396
4 12184 8177 2407
4 19047 14191 12184
4 18974 12218 18967
4 1334 7749 19133
4 19133 18962 1334
4 2407 13385 3227
4 3227 13385 10383
4 10353 1340 7481
4 12276 19216 9521
4 103 10208 107
4 17337 2407 8119
4 12276 9521 8176
4 10259 11044 18961
4 16784 481 760
4 1289 18964 18955
4 16797 18955 18964
4 6264 14317 10882
4 11708 19013 19174
4 18949 14086 4124
4 19174 19046 10955
4 10433 16799 12453
4 3213 10433 12453
4 17778 19022 19004
4 15426 3213 12453
4 8034 3874 17286
4 10357 1070 12456
4 11093 12501 8198
4 4293 19019 6172
4 365 12336 19018
4 98 19011 106
4 9664 7455 19038
4 9664 10959 7455
4 13347 18985 13677
4 12839 8828 17777
4 17777 19040 12839
4 1330 13496 10790
4 1330 1300 13496
4 10379 11686 16668
4 19038 7455 17286
4 16911 9353 3229
4 12625 155 9121
4 18979 11449 19020
4 4137 12634 17488
4 10422 17488 12634
4 19020 17768 12635
4 12635 17768 19216
4 12642 1325 1297
4 18954 1325 12642
4 8073 12665 17130
4 1373 8207 390
4 17311 19036 11710
4 13290 12592 19052
4 17902 10422 18961
4 4207 1715 8828
4 18960 10 777
4 10 8396 777
4 19004 9431 2104
4 6701 2104 9431
4 13599 4082 15149
4 19044 12008 9288
4 9267 17769 12830
4 9267 12830 11912
4 12839 9431 19004
4 9586 17779 6832
4 17779 19014 6832
4 17349 12361 8173
4 9766 18951 18965
4 19218 19018 12868
4 12868 19018 364
4 18953 155 12625
4 112 107 109
4 10208 109 107
4 19028 10638 14121
4 14121 17403 17846
4 12361 8223 1359
4 10497 14122 1359
4 11073 18991 365
4 18977 12985 18996
4 13228 12985 18977
4 10082 3208 9579
4 18968 17901 13055
4 1414 18968 13055
4 18971 3247 16791
4 16791 18959 18971
4 18978 19135 684
4 684 19135 12985
4 7265 9664 8198
4 18956 19134 18955
4 17909 18956 18955
4 1366 4124 8780
4 3213 15426 17314
4 14121 19048 17403
4 14276 13677 18985
4 371 12217 10351
4 14061 13681 19050
4 1265 18970 18957
4 4227 11708 19174
4 13194 8177 11912
4 18321 8177 13194
4 11966 10790 10
4 684 13228 1070
4 13228 12456 1070
4 4109 10638 19028
4 17561 14286 19030
4 4082 9121 13264
4 8073 10157 17312
4 9555 19043 19214
4 19214 19043 4773
4 19160 8207 1414
4 13281 17777 9235
4 19024 13515 13281
4 3229 9353 11044
4 18993 10 10790
4 3168 3209 11789
4 3168 12665 3209
4 17778 19014 19022
4 19022 19014 3982
4 18974 18967 13347
4 18974 13347 18983
4 3168 10082 12008
4 12453 16799 10445
4 16799 18969 10445
4 19218 12868 13618
4 19003 19038 17286
4 7406 19003 17286
4 4137 13644 11316
4 11710 19036 19039
4 2407 8177 13385
4 18978 9249 19135
4 348 19135 9249
4 18988 14125 371
4 348 19017 6928
4 6928 19135 348
4 18956 1419 18971
4 19218 19042 19039
4 9288 19040 13515
4 10157 13251 19041
4 1640 11449 18979
4 14086 2015 1410
4 18977 18995 9766
4 13442 18988 1265
4 19039 8560 19018
4 17314 12972 3213
4 13503 13290 19052
4 13515 17777 13281
4 13515 19040 17777
4 13480 4124 1366
4 18949 4124 13480
4 13483 19041 1860
4 13483 1860 1653
4 17779 19013 12217
4 19010 11878 14317
4 4227 13496 1300
4 365 19018 8560
4 9463 8068 13503
4 13503 19052 9463
4 1297 1325 19002
4 6928 19017 350
4 350 18996 6928
4 13682 19173 19017
4 19017 19173 19031
4 16784 12218 481
4 1342 9482 19050
4 5991 1342 19050
4 1265 13522 1299
4 18966 18953 12625
4 13281 9235 4192
4 364 1283 13184
4 8119 17328 17323
4 10955 19038 19003
4 1299 10351 1722
4 3206 3207 1448
4 3206 3247 3207
4 4773 11207 19023
4 8780 1364 10600
4 1364 8780 14086
4 15405 7265 8198
4 1297 4207 3982
4 19022 3982 4207
4 18984 4082 13599
4 18971 13608 17928
4 19001 17928 13608
4 11965 13184 6986
4 11965 19025 364
4 19016 17988 365
4 19217 13618 19025
4 17988 19001 11073
4 1860 19007 11226
4 17900 13622 18949
4 13622 17900 18981
4 13184 13998 18986
4 684 1070 18978
4 98 10208 94
4 3227 1412 16784
4 16784 1412 18967
4 13666 1412 9824
4 1412 13666 2990
4 19042 19218 9566
4 1299 13522 10351
4 19002 4207 1297
4 13347 13677 18983
4 1643 18983 13677
4 106 13681 109
4 106 19011 13681
4 18975 17407 18961
4 3247 18971 1419
4 3247 1419 3207
4 18966 11686 10379
4 9824 10383 18966
4 18966 10383 11686
4 4121 12059 12321
4 14028 17928 8077
4 5274 18995 350
4 9360 11226 4192
4 13522 371 10351
4 14176 17337 19048
4 684 12985 13228
4 17130 12665 3168
4 1265 18957 13442
4 4121 19027 12059
4 15426 8198 12501
4 17311 13941 19036
4 13486 19036 13941
4 13480 16823 17900
4 4255 8068 9463
4 9288 12008 9579
4 1283 364 12336
4 2015 155 18953
4 19016 19039 19036
4 13998 1283 18976
4 13184 1283 13998
4 13573 2990 19159
4 13644 17488 1646
4 8073 17130 10157
4 11710 19039 19042
4 2015 18949 13622
4 18949 2015 14086
4 17928 14028 18956
4 1722 14201 1299
4 13618 12868 19025
4 10950 155 13622
4 14043 14317 6264
4 6264 19052 14043
4 12972 17314 19046
4 18999 12059 1646
4 112 109 14061
4 17319 112 14061
4 3874 17074 1781
4 11965 364 13184
4 18986 18976 18975
4 17407 18975 18976
4 19007 13281 4192
4 14061 109 13681
4 14311 18985 13573
4 17905 1297 14125
4 12276 8176 1364
4 8176 10600 1364
4 19014 371 3982
4 371 14125 3982
4 19010 12592 13483
4 19008 17561 14151
4 14151 17561 19030
4 14043 12592 19010
4 14276 18985 14159
4 1643 14159 13980
4 19047 14176 19030
4 1646 17488 14177
4 17902 11629 14177
4 14177 17488 17902
4 1860 19041 13251
4 13666 19159 2990
4 18985 18967 2990
4 1412 2990 18967
4 14191 9267 8177
4 14191 8177 12184
4 18970 1299 14201
4 19218 19039 19018
4 9824 18966 12625
4 17994 13290 13503
4 19024 19007 1860
4 19024 1860 13251
4 367 8077 17988
4 13486 367 17988
4 19217 11965 19023
4 8077 367 18992
4 18992 367 10882
4 4227 1722 11708
4 4227 1300 1722
4 9431 9288 9579
4 9431 9579 6701
4 19009 10882 367
4 1643 10638 4109
4 18983 1643 4109
4 17846 19028 14121
4 17314 10955 19046
4 1643 14276 14159
4 1643 13677 14276
4 17561 15149 14286
4 15149 19047 14286
4 14291 15149 9267
4 14291 9267 14191
4 18984 13599 4088
4 4088 13573 18984
4 19009 13486 13941
4 367 13486 19009
4 17311 10757 13941
4 13347 18967 18985
4 14159 4088 13980
4 4088 17561 13980
4 14159 14311 4088
4 4088 14311 13573
4 14176 14151 19030
4 10757 9463 19171
4 9463 19052 19171
4 19047 17337 14176
4 19047 12184 17337
4 18992 10882 14317
4 12059 18999 12321
4 19034 9521 17768
4 1344 1338 15404
4 14786 1343 10477
4 2516 3610 14786
4 2516 15018 3610
4 10020 19000 19161
4 19016 13486 17988
4 8119 16784 760
4 8119 3227 16784
4 1333 18978 18973
4 8237 19216 12276
4 3227 10383 1412
4 19160 11629 16911
4 10959 7265 19051
4 344 19012 5003
4 14286 19047 19030
4 17628 1403 3194
4 1403 17628 15406
4 3874 1781 7572
4 94 10208 19133
4 11466 8223 8214
4 18315 1340 8027
4 17280 3211 8164
4 3167 17340 11845
4 8156 18320 9455
4 18321 13194 8237
4 17337 8119 17323
4 17994 18317 8073
4 8027 18316 8156
4 17779 12217 19014
4 8214 17628 1357
4 96 103 1338
4 15018 2516 13968
4 353 19000 18997
4 13184 18986 6986
4 1357 17628 3194
4 3610 15018 1343
4 19159 13666 9824
4 16668 8237 1364
4 11915 1283 18991
4 14125 1297 3982
4 1646 14177 18999
4 10497 1406 18952
4 19012 3874 4681
4 10011 19028 10024
4 8079 17072 9473
4 8828 1715 17777
4 19004 8828 12839
4 10353 10357 3158
4 10036 10357 18965
4 17905 14125 18988
4 18953 18966 1410
4 1410 2015 18953
4 9824 12625 19159
4 17905 12642 1297
4 8065 15904 1390
4 17899 18952 10569
4 18949 13480 17900
4 8079 3211 17280
4 12443 1419 17909
4 19040 9431 12839
4 17340 15418 8185
4 18994 18995 351
4 17349 8173 9517
4 15904 3246 10557
4 17373 9508 4716
4 18959 11915 18991
4 8073 18317 12665
4 19023 11316 4773
4 4255 10757 17311
4 17311 11710 1448
4 4227 19003 7406
4 11093 17314 12501
4 11418 9473 15395
4 9548 8057 17310
4 8079 9586 17072
4 8164 19045 9586
4 8233 8176 9516
4 8156 9455 2016
4 4137 18986 12634
4 10422 12634 18986
4 14786 10477 9240
4 18977 18965 12456
4 1321 18990 9360
4 18971 18959 13608
4 3206 9401 8065
4 10201 14786 9240
4 14860 17310 19214
4 8165 8166 17369
4 9473 17778 2104
4 2013 103 107
4 1338 103 2013
4 4082 18984 9121
4 19159 9121 18984
4 19004 2104 17778
4 19024 19044 13515
4 2015 13622 155
4 17074 3874 19012
4 1357 3194 1406
4 10353 3158 18316
4 18320 3158 8165
4 18986 18975 10422
4 19037 2016 9455
4 10429 17799 19037
4 19036 13486 19016
4 10020 19161 18952
4 10157 19044 13251
4 13980 17561 19008
4 19034 19032 9516
4 353 19021 9007
4 1640 19026 11449
4 4045 19005 19015
4 4082 19020 17769
4 108 102 100
4 95 91 100
4 100 91 92
4 102 95 100
4 19033 17369 6172
4 17319 2013 107
4 1322 18963 1321
4 18964 1289 18990
4 1330 14201 1300
4 17310 11844 19214
4 12217 19013 10351
4 19001 13608 18959
4 13682 19017 348
4 18970 14201 1330
4 18954 17905 18972
4 1325 18958 18998
4 19159 18984 13573
4 10613 18994 17899
4 17899 18950 10613
4 18952 1406 10569
4 18974 18968 12218
4 18994 17898 18995
4 1426 1321 18963
4 11915 16895 17407
4 18977 18996 18995
4 10429 19037 9455
4 18982 17901 18974
4 12008 17130 3168
4 1340 18973 7481
4 3610 1343 14786
4 3191 18970 16799
4 19173 3960 10429
4 8119 760 17328
4 19159 12625 9121
4 18979 155 10950
4 13055 17901 19160
4 8185 9562 17340
4 18978 1333 18987
4 8059 390 9555
4 1390 15904 10557
4 341 12469 3960
4 18318 1427 5373
4 17769 12635 19216
4 11449 19026 17768
4 10379 16668 1364
4 17898 18950 18951
4 17779 19046 19174
4 9288 13515 19044
4 19133 93 18962
4 4207 19004 19022
4 18987 7459 341
4 8198 3232 15405
4 10445 3232 15426
4 14028 18992 19134
4 19025 12868 364
4 18315 8029 104
4 18316 18320 8156
4 12665 18317 3209
4 8027 8156 8029
4 1428 18318 8935
4 3244 15418 3167
4 15418 3246 15904
4 15426 12453 10445
4 18316 3158 18320
4 8065 1390 3206
4 3209 18317 16797
4 1340 18316 8027
4 8212 15406 8167
4 8214 1357 11466
4 15405 18314 8092
4 18321 8237 16668
4 12830 17769 19216
4 19031 17369 19033
4 10351 19013 1722
4 371 19014 12217
4 3194 18951 18950
4 1403 18965 18951
4 18972 1433 1427
4 10497 18952 16823
4 18966 10379 1410
4 10357 10353 1070
4 10357 12456 18965
4 18997 19000 17899
4 18987 1333 7459
4 9007 19021 688
4 19015 4723 19032
4 5003 5991 19050
4 11207 9412 19217
4 17370 4716 6172
4 9516 9521 19034
4 1715 18998 18989
4 9360 18990 11226
4 18988 371 13522
4 18989 4192 9235
4 6430 1781 17074
4 1321 7945 18964
4 17905 18988 13442
4 18956 18971 17928
4 10422 18975 18961
4 13442 18957 18972
4 1333 18973 92
4 8297 19005 4045
4 4048 18981 18980
4 8077 19001 17988
4 1427 18954 18972
4 17909 18955 16797
4 16797 18964 3209
4 15018 18962 1344
4 10259 18961 17407
4 11915 9133 16895
4 10557 16895 9133
4 1427 18958 18954
4 19003 19174 10955
4 91 1333 92
4 18951 3194 1403
4 10201 777 14786
4 15018 1344 1343
4 18969 16799 18970
4 18954 12642 17905
4 18958 1325 18954
4 14028 19134 18956
4 18972 17905 13442
4 17900 16823 19161
4 1414 13055 19160
4 19050 9482 17319
4 19010 13483 1653
4 8034 19051 4681
4 19048 14151 14176
4 108 100 110
4 19009 19171 6264
4 8034 7455 19051
4 350 18995 18996
4 19012 344 17074
4 19019 351 5274
4 19031 19173 10429
4 19045 19046 17779
4 100 111 110
4 19038 10955 9664
4 11207 19217 19023
4 104 2016 111
4 13681 19011 19050
4 17778 9473 17072
4 9516 8173 8233
4 12830 19216 11912
4 19217 19025 11965
4 8167 17370 8212
4 17370 8167 17373
4 9492 17369 19031
4 9516 9517 8173
4 19044 10157 17130
4 9562 19217 9412
4 9562 13618 19217
4 19043 17340 9412
4 17779 9586 19045
4 11093 10955 17314
4 17323 17328 17403
4 17369 9492 8165
4 4716 17370 17373
4 17319 9482 2013
4 3960 19173 13682
4 19024 13281 19007
4 17319 14061 19050
5 18945 2333 2102
5 18228 89 18888
5 18303 14916 18308
5 11205 14919 2835
5 7235 18904 18902
5 14900 18042 11579
5 13260 14940 18813
5 19183 120 18031
5 19106 14936 10403
5 18894 18889 4594
5 18834 11545 2835
5 15118 9444 14553
5 10799 18860 9444
5 8350 447 18854
5 447 2482 18854
5 12638 88 19101
5 12259 491 1147
5 18239 19209 12039
5 15021 18825 13263
5 10548 13411 14187
5 13365 18825 15021
5 18843 917 2788
5 917 18035 11816
5 15021 13112 13365
5 18889 9802 8556
5 4594 18889 8556
5 90 2102 88
5 18843 12292 917
5 18908 8246 5847
5 18846 8246 18872
5 7543 2095 18887
5 13974 15118 14553
5 13974 11683 15118
5 6958 12259 1147
5 16810 11934 10548
5 19208 75 85
5 18873 7102 14052
5 75 19208 68
5 10548 18817 16810
5 5277 19108 9817
5 12548 4594 18933
5 9867 4594 18911
5 14958 19108 8458
5 19197 19208 3797
5 18228 18908 5847
5 18228 5847 85
5 14959 6010 18821
5 69 7847 75
5 65 75 68
5 75 89 85
5 7098 18303 19142
5 19179 18836 18838
5 19193 12292 12773
5 18841 1572 18842
5 13589 18846 18872
5 12632 11813 18878
5 19109 2369 18939
5 19142 2147 4989
5 13307 18866 18881
5 88 2102 2333
5 491 12259 6010
5 18910 9307 18240
5 18893 18240 9307
5 11037 18896 18934
5 12244 18046 19196
5 14064 13455 19179
5 18899 18853 18875
5 18835 2872 18842
5 11037 18934 447
5 18850 18009 19196
5 18936 18946 2482
5 12104 7296 2788
5 3779 18850 3787
5 6958 1147 18887
5 2836 7342 12461
5 18839 11916 18845
5 8369 18227 5
5 12791 10972 14204
5 11266 18939 19142
5 6547 14088 18833
5 7188 18863 19109
5 18911 13542 14213
5 1567 4817 18916
5 18916 4817 18238
5 10119 18932 13602
5 18922 9670 8140
5 12207 18905 18877
5 3779 18920 18910
5 18847 13542 18874
5 6994 13412 8449
5 18920 4606 11068
5 18881 18943 11578
5 18848 13675 18901
5 14215 13239 18928
5 13411 18879 18932
5 14019 6336 18826
5 12728 14919 13123
5 12728 7330 6994
5 16307 12241 19188
5 14927 7454 9645
5 2757 18853 18841
5 18841 18820 2757
5 85 3797 19208
5 19211 5572 1571
5 18838 1571 5572
5 12104 2788 6336
5 18873 18933 10549
5 18812 14245 18823
5 3787 18925 18920
5 2107 18887 2095
5 8440 13196 18918
5 5847 3797 85
5 82 75 7847
5 11927 5921 8449
5 5921 6994 8449
5 18304 19104 18868
5 18943 18921 18223
5 2107 82 7847
5 18893 18860 10799
5 12244 18813 14940
5 14878 18826 12676
5 18009 18825 12236
5 69 12259 7847
5 69 9217 12259
5 18812 18823 66
5 18829 14926 14092
5 2788 18060 6336
5 2482 5277 18854
5 8350 18854 14948
5 7544 14948 8905
5 19179 7544 8905
5 9217 6010 12259
5 19176 6010 9217
5 12676 18826 6336
5 6336 18060 12676
5 14958 8458 1147
5 18934 2482 447
5 18864 18309 14927
5 3782 18870 18912
5 19197 3797 8246
5 18873 12632 7102
5 18843 7102 12632
5 19208 19197 68
5 18857 18300 10523
5 19110 18857 10523
5 18817 7413 16810
5 18877 18919 12207
5 18818 8055 18033
5 18847 18843 7296
5 16196 12189 18880
5 18880 13485 16196
5 12259 6958 7847
5 18884 18881 7575
5 14919 5111 7575
5 18847 7296 12104
5 16188 18824 6741
5 18907 18927 10147
5 18302 11202 4918
5 18302 18310 11202
5 13016 7170 18055
5 18832 3787 18850
5 18842 2872 10921
5 9994 18814 19192
5 19179 18819 7544
5 18868 18884 5111
5 18302 8363 12526
5 18820 19178 7371
5 17436 18850 3779
5 18304 18868 18299
5 67 71 19180
5 17436 3779 18910
5 5160 447 8350
5 14927 9645 18862
5 5 7543 18887
5 18830 15098 12047
5 67 18812 66
5 18835 13068 2872
5 17436 18910 18919
5 18815 19176 19194
5 9315 2757 18828
5 11927 18834 5921
5 12632 11179 19193
5 19182 18035 18822
5 14913 7370 7371
5 14926 18829 14986
5 13485 18880 18906
5 18906 12228 13485
5 15844 17436 18877
5 18302 4918 8363
5 15844 18850 17436
5 18009 18850 15844
5 18885 9802 18869
5 18031 120 8759
5 8759 18301 18031
5 14983 9660 18307
5 8246 3797 5847
5 6051 18301 4923
5 6051 18310 18031
5 9817 14948 18854
5 18895 10899 4598
5 18909 4598 10899
5 18887 1147 8369
5 2095 18228 2107
5 8018 18944 18884
5 8018 18884 18868
5 18009 12236 18813
5 18910 11068 9307
5 18893 9307 11068
5 2420 8363 4918
5 18924 13168 4563
5 9444 18860 14940
5 8070 18239 18913
5 13569 19212 11444
5 90 84 18900
5 14983 14913 9660
5 18916 18238 8140
5 18898 18893 11068
5 14983 7370 14913
5 14959 18821 8180
5 18839 8180 18821
5 10866 11444 19212
5 2420 14140 8363
5 16188 14172 14271
5 18841 18853 14057
5 18240 18893 18892
5 18893 15118 18892
5 10686 18860 18859
5 18898 18859 18860
5 10057 7188 18049
5 18863 7188 10057
5 8658 18901 17352
5 8658 18236 18901
5 7370 8378 18828
5 279 1147 8458
5 1147 279 18227
5 13237 14939 15021
5 15020 12047 18811
5 18811 12047 2316
5 4565 13461 13168
5 12526 14913 18302
5 14983 17623 14524
5 18046 12244 10686
5 18818 8339 18837
5 18918 18870 8348
5 8369 1147 18227
5 8370 18855 7189
5 4989 18855 8370
5 5244 18038 10505
5 18038 14936 10505
5 31 18813 12236
5 79 90 12638
5 11927 7235 18834
5 2067 14939 13237
5 8991 19195 14878
5 14936 8991 14878
5 18227 8440 5
5 7330 8448 13412
5 15416 18305 8448
5 4598 18224 18895
5 10972 2271 8378
5 15118 10799 9444
5 18893 10799 15118
5 18821 6010 8480
5 18821 8480 18815
5 18940 8484 2110
5 8484 18915 2110
5 18943 18884 18944
5 18921 18943 18944
5 12104 14019 13352
5 9315 18828 2271
5 2271 18828 8378
5 14880 19195 8991
5 14936 14880 8991
5 76 18298 71
5 18931 13288 16752
5 18933 8556 4591
5 18835 2836 13068
5 18848 18901 17483
5 19104 18298 76
5 11754 8648 18941
5 11754 18923 8648
5 18924 4565 13168
5 18875 9315 2271
5 16196 18849 14235
5 11202 6051 4918
5 11202 18310 6051
5 8759 10921 2872
5 2872 18301 8759
5 9444 14940 13260
5 18307 9660 17435
5 12080 18877 18851
5 8861 18940 18890
5 2271 18848 18875
5 2420 4563 14140
5 18850 19196 18832
5 71 12638 76
5 18913 14057 18914
5 18929 18913 18914
5 18816 13693 19195
5 18227 279 8967
5 4607 18227 8967
5 13461 4565 18935
5 12080 13263 15844
5 19210 12496 18844
5 76 12638 19101
5 2279 10548 14187
5 15118 11683 18892
5 19196 18046 18819
5 18832 19196 18819
5 18891 11712 19107
5 4600 11712 18891
5 18890 9384 18862
5 9384 14927 18862
5 14880 14936 2067
5 2067 14936 18038
5 14294 17352 14329
5 11179 12632 18878
5 18948 4566 2057
5 18900 84 12054
5 18922 18903 9670
5 18827 10903 14244
5 2147 19142 18939
5 18945 18897 2333
5 14213 9867 18911
5 4533 18894 9867
5 18055 7170 9891
5 18851 18876 13693
5 12054 79 73
5 12054 73 18823
5 9994 7454 18814
5 9645 7454 9994
5 15844 18877 12080
5 10039 18865 10414
5 18894 10039 18297
5 5300 11578 18947
5 18881 11578 13307
5 18922 10119 18903
5 4579 10119 18922
5 12187 4600 18919
5 18892 4600 12187
5 8070 4566 18948
5 10147 18927 18904
5 11927 10147 18904
5 4600 18905 12207
5 12080 2830 13263
5 18932 10267 4577
5 10267 2147 4577
5 18900 10866 2102
5 10039 10414 18297
5 2102 90 18900
5 18223 11754 18947
5 18886 13461 18935
5 1567 5635 4817
5 13412 12029 8449
5 7413 16600 16810
5 18836 3782 1571
5 3782 18836 2316
5 2271 10972 18848
5 14553 13260 31
5 9444 13260 14553
5 10702 18879 11934
5 10702 18903 14029
5 19211 3787 5572
5 18838 5572 3787
5 10972 13675 18848
5 9660 14913 12073
5 18946 5277 2482
5 4565 17483 18901
5 7454 14927 18033
5 13221 9817 18811
5 18297 10414 19105
5 4577 11212 18932
5 18895 4533 10899
5 18909 10899 4533
5 7296 18843 2788
5 18842 10921 120
5 8759 120 10921
5 18925 18226 4606
5 18226 18896 4606
5 12638 71 67
5 14088 14878 19195
5 18833 14088 19195
5 18859 18896 11037
5 18859 11037 447
5 66 18823 73
5 18893 18898 18860
5 9867 18894 4594
5 18840 18821 18815
5 18862 2430 11112
5 18942 11112 2430
5 5313 12526 14140
5 14244 14329 12791
5 13414 3782 2316
5 8055 18818 18837
5 19182 18309 7196
5 13981 11179 18878
5 7596 18299 11205
5 11212 18928 14187
5 4577 18928 11212
5 11220 5300 18947
5 11927 18904 7235
5 18886 12073 13461
5 19109 18939 11266
5 19109 11266 18303
5 11068 18910 18920
5 10549 18878 11813
5 2110 18926 11313
5 2110 11313 18938
5 3776 18915 5635
5 18851 18877 18876
5 18905 18876 18877
5 18907 18852 8479
5 13693 18876 18844
5 18912 4607 18917
5 11347 18917 4607
5 14295 11444 18900
5 2369 18883 13288
5 10996 2369 13288
5 12548 14052 18874
5 18873 12548 18933
5 10702 11934 18831
5 11683 11712 18892
5 14553 31 13112
5 13974 13112 14939
5 18238 4817 8484
5 19196 18009 18813
5 7235 18902 1532
5 8861 18890 11112
5 11543 18305 15416
5 7596 11205 11545
5 18223 11578 18943
5 19086 7543 5
5 18837 5635 11711
5 5277 279 19108
5 31 13260 18813
5 15021 13263 13237
5 18942 4582 8140
5 11590 18944 19087
5 14878 12676 10403
5 18304 18298 19104
5 14926 7413 18817
5 18939 4574 4577
5 4577 4574 18928
5 18899 18875 17483
5 13237 13263 2830
5 10549 11813 18873
5 11816 14933 2788
5 14933 11816 7201
5 8055 18814 7454
5 12236 18825 13365
5 18906 14215 10996
5 4574 10996 14215
5 11927 4226 10147
5 8055 18837 11711
5 18869 9802 18861
5 18869 18861 7201
5 18906 10996 12228
5 2830 13693 18816
5 18851 13693 2830
5 18303 11987 14916
5 7413 14916 11987
5 18852 8449 12029
5 18239 12039 18913
5 12047 15098 13414
5 4262 13352 12496
5 4226 11927 8449
5 18223 18921 18904
5 18848 17483 18875
5 90 88 12638
5 1532 18902 12142
5 18902 19087 12142
5 18301 18300 18857
5 12632 18873 11813
5 14939 2067 7221
5 12728 13123 7330
5 14939 7221 13974
5 11205 2835 11545
5 18054 16600 7413
5 19193 18822 12292
5 12039 1572 18913
5 18889 18861 9802
5 8339 19193 11179
5 3776 18837 8339
5 12054 84 79
5 12638 67 66
5 18830 13180 15098
5 18918 12405 5
5 19179 13455 18836
5 13068 12461 2872
5 18300 2872 12461
5 14880 2067 13237
5 13693 18844 18833
5 18907 8479 16940
5 13675 17352 18901
5 18852 12029 18835
5 4533 12513 18894
5 18894 12513 10039
5 917 11816 2788
5 18945 18944 18897
5 18945 19087 18944
5 18897 18868 19104
5 18911 4594 12548
5 11545 14149 7596
5 12405 8348 18871
5 18882 4582 18942
5 19209 8479 16258
5 18852 18835 16258
5 12670 18829 16196
5 14553 13112 13974
5 2279 18817 10548
5 13974 7221 11683
5 14204 13779 14524
5 4262 12496 18909
5 19177 12670 18827
5 18881 18866 7575
5 18033 19182 13545
5 18033 13545 18818
5 18822 18035 917
5 12292 18822 917
5 2835 14919 12728
5 6994 2835 12728
5 14064 13221 18811
5 18839 18840 11916
5 18824 11579 7596
5 18824 7596 14149
5 18937 4989 2147
5 12773 12292 18843
5 12632 12773 18843
5 8556 9802 4591
5 8648 18239 18941
5 8648 18923 18239
5 10686 12244 14940
5 7330 13123 15416
5 19195 14880 18816
5 10549 18933 4591
5 6994 7330 13412
5 18931 12228 10996
5 16258 1572 12039
5 11220 11754 18941
5 14187 13411 11212
5 8448 7342 13412
5 8448 18305 7342
5 13168 5313 14140
5 16600 7170 13016
5 2836 12461 13068
5 13365 31 12236
5 5 8440 18918
5 13112 31 13365
5 14926 18308 14916
5 18866 13123 14919
5 8055 7454 18033
5 10414 18865 19106
5 18827 14265 13144
5 14524 17623 13144
5 7370 14204 8378
5 16307 18814 11711
5 15098 13180 18870
5 18912 13196 4607
5 18870 13196 18912
5 5300 18305 11543
5 5300 11543 13307
5 14948 9817 13221
5 8905 14948 13221
5 1567 11711 5635
5 14204 10972 8378
5 13239 14187 18928
5 8055 11711 18814
5 7193 9645 9994
5 18871 11916 18846
5 7098 8370 7189
5 18937 18922 4582
5 12073 5313 13461
5 18304 18299 18042
5 12496 6547 18844
5 5921 2835 6994
5 18864 7196 18309
5 13412 2836 12029
5 7196 7201 18035
5 16188 14094 19212
5 18864 18869 7196
5 13307 11578 5300
5 10548 18879 13411
5 9315 18853 2757
5 12047 13414 2316
5 7189 18855 9891
5 7170 7189 9891
5 18811 2316 13455
5 13455 2316 18836
5 18831 16600 13016
5 18883 2369 19109
5 19109 18863 18883
5 13485 18849 16196
5 5160 18046 10686
5 16188 19212 13569
5 8440 4607 13196
5 5277 9817 18854
5 18818 13545 8339
5 13553 1532 6741
5 6741 11545 13553
5 8140 9670 18916
5 13569 14172 16188
5 18858 18862 7193
5 9645 7193 18862
5 13589 19086 18871
5 4533 4262 18909
5 10119 13602 18903
5 18903 13602 14029
5 6741 1532 14094
5 18238 8484 8861
5 13288 18931 10996
5 4533 9867 14213
5 4533 14213 4262
5 19188 19192 16307
5 2218 11444 14295
5 2218 13569 11444
5 18867 9971 18883
5 18055 9994 19192
5 18842 1572 16258
5 18829 14092 12189
5 18858 7193 9891
5 14204 7370 13779
5 7370 14983 13779
5 18300 7342 10821
5 18856 18300 10821
5 11711 1567 16307
5 1567 12241 16307
5 18300 18301 2872
5 18866 15416 13123
5 7235 1532 13553
5 16664 5160 8350
5 18814 16307 19192
5 18940 18938 19141
5 18940 19141 18890
5 13545 19193 8339
5 18871 18846 13589
5 18926 13981 18878
5 18223 16940 11754
5 5736 18812 14900
5 491 14958 1147
5 18915 13981 2110
5 4579 18922 18937
5 13485 12228 18849
5 13542 13352 4262
5 8479 18852 16258
5 4817 18915 8484
5 14019 18826 6547
5 14019 6547 13352
5 10702 14029 18879
5 18307 10057 18049
5 17623 18307 18049
5 18886 9971 17435
5 10866 18900 11444
5 5635 18837 3776
5 10523 18300 18856
5 19110 10523 18856
5 12548 18873 14052
5 7596 11579 18042
5 18299 7596 18042
5 7330 15416 8448
5 8905 13221 14064
5 19179 8905 14064
5 14220 18931 16752
5 13602 18879 14029
5 4582 18882 18937
5 18811 13455 14064
5 12496 13352 6547
5 18824 14212 11579
5 12104 6336 14019
5 18307 18867 10057
5 5300 11220 18856
5 5300 18856 18305
5 18885 18938 4591
5 11313 4591 18938
5 18826 14878 14088
5 2279 14092 18817
5 14092 14926 18817
5 14094 12142 19212
5 14094 1532 12142
5 13542 12104 13352
5 14212 5736 14900
5 14212 14900 11579
5 14298 12593 18931
5 6741 14149 11545
5 18889 18297 18861
5 8479 18923 16940
5 14986 18829 12670
5 2430 18862 18858
5 19188 9670 18903
5 10057 14170 18863
5 18883 18863 14170
5 13569 2218 14172
5 8339 11179 3776
5 9971 18867 17435
5 13239 18880 14187
5 18880 2279 14187
5 18303 7188 19109
5 14092 2279 12189
5 14235 18827 12670
5 16752 18883 9971
5 13288 18883 16752
5 16188 14271 14212
5 14213 13542 4262
5 18906 13239 14215
5 14052 7102 18847
5 14220 18236 8658
5 18236 14220 16752
5 17352 13675 14329
5 5635 18915 4817
5 14235 18849 10903
5 18827 14235 10903
5 18845 8348 18870
5 13180 18845 18870
5 16752 9971 18935
5 18812 5736 14245
5 3776 11179 13981
5 6741 14094 16188
5 18845 18871 8348
5 18871 18845 11916
5 14265 14524 13144
5 14265 14244 14524
5 18236 16752 18935
5 7188 18303 18308
5 4591 11313 10549
5 5736 14172 2218
5 5736 2218 14245
5 14245 2218 18823
5 17435 9660 12073
5 18886 17435 12073
5 18054 7189 7170
5 7098 7189 18054
5 16196 14235 12670
5 14271 14172 5736
5 14271 5736 14212
5 16600 18054 7170
5 14295 18900 12054
5 2218 12054 18823
5 14524 14244 12791
5 18307 17435 18867
5 14294 14329 10903
5 2218 14295 12054
5 14298 18931 8658
5 17352 14298 8658
5 17352 14294 14298
5 6547 18826 14088
5 18931 14220 8658
5 18931 12593 12228
5 10903 14329 14244
5 6547 18833 18844
5 14329 10972 12791
5 13675 10972 14329
5 12593 10903 18849
5 12593 14294 10903
5 12228 12593 18849
5 14294 12593 14298
5 19101 88 2333
5 19104 76 2333
5 19194 68 19197
5 16258 18835 18842
5 2107 6958 18887
5 13779 14983 14524
5 7098 18054 11987
5 18303 7098 11987
5 18852 4226 8449
5 18879 10548 11934
5 2107 18228 18888
5 18857 4923 18301
5 18882 18855 4989
5 7221 19107 11683
5 4563 13168 14140
5 18300 12461 7342
5 18851 2830 12080
5 8369 5 18887
5 14933 19105 18060
5 7193 9994 18055
5 14927 18309 18033
5 18813 12244 19196
5 18847 12104 13542
5 14057 18913 1572
5 18839 18845 13180
5 5111 14919 18299
5 12791 14204 14524
5 18914 18899 18930
5 18223 18927 16940
5 4918 6051 4923
5 2095 19086 18908
5 19141 18938 18885
5 18876 18905 18909
5 18905 4600 4598
5 18921 18902 18904
5 18942 8140 18238
5 13411 18932 11212
5 8140 4582 18922
5 5160 18859 447
5 4533 18895 12513
5 18042 14900 18298
5 18304 18042 18298
5 18947 11754 11220
5 10821 7342 18305
5 1567 18916 12241
5 89 75 82
5 8967 279 18946
5 16188 14212 18824
5 18864 18890 19141
5 18825 15844 13263
5 13693 18833 19195
5 19197 8246 18846
5 18226 18934 18896
5 18226 18936 18934
5 18841 14057 1572
5 16664 8350 14948
5 16664 14948 7544
5 10414 19106 19105
5 3782 15098 18870
5 19108 279 8458
5 7196 18035 19182
5 19188 10702 18831
5 18935 9971 18886
5 4918 2057 2420
5 4973 19110 18948
5 6051 18031 18301
5 13981 18926 2110
5 18862 11112 18890
5 18060 19105 19106
5 18227 4607 8440
5 12189 2279 18880
5 18875 18853 9315
5 18913 18929 8070
5 19178 19183 18310
5 15098 3782 13414
5 11347 18946 18936
5 18055 9891 7193
5 4563 17362 18930
5 17362 4563 2420
5 2147 18939 4577
5 14878 10403 14936
5 18827 14244 14265
5 18858 18882 2430
5 11266 19142 18303
5 4918 4923 2057
5 18921 11590 18902
5 18226 18925 19211
5 12142 19087 19212
5 4607 8967 18946
5 18831 19192 19188
5 18822 19193 13545
5 18885 4591 9802
5 4565 18924 17483
5 18811 19108 15020
5 18933 4594 8556
5 18914 18930 17362
5 19176 9217 69
5 19210 18844 18876
5 19183 18820 120
5 18898 11068 4606
5 18924 4563 18930
5 18930 18899 18924
5 18895 18865 10039
5 18870 18918 13196
5 18238 8861 18942
5 16810 18831 11934
5 73 79 66
5 66 79 12638
5 18856 10821 18305
5 6741 18824 14149
5 120 18820 18841
5 18914 14057 18853
5 18907 4226 18852
5 18917 11347 18226
5 18223 18947 11578
5 10057 18867 14170
5 2107 7847 6958
5 14926 14916 7413
5 18908 18872 8246
5 19210 18876 18909
5 19209 18923 8479
5 11754 16940 18923
5 18894 18297 18889
5 7413 11987 18054
5 19178 18310 18306
5 18302 14913 18306
5 18310 19183 18031
5 14959 491 6010
5 8480 6010 19176
5 7221 2067 18038
5 7371 18306 14913
5 14983 18307 17623
5 7188 18308 18049
5 18060 2788 14933
5 18046 5160 16664
5 18046 16664 7544
5 11205 18299 14919
5 13112 15021 14939
5 279 5277 18946
5 18874 14052 18847
5 18060 10403 12676
5 18882 18942 2430
5 18911 12548 18874
5 18936 18226 11347
5 19142 8370 7098
5 4989 8370 19142
5 14933 18861 18297
5 7544 18819 18046
5 4606 18920 18925
5 18901 18236 4565
5 2095 18908 18228
5 18929 18914 17362
5 13461 5313 13168
5 18948 2057 4973
5 4566 18929 17362
5 18941 18948 19110
5 18937 18882 4989
5 18890 18864 9384
5 82 18888 89
5 18941 19110 11220
5 4574 18939 2369
5 18942 8861 11112
5 4565 18236 18935
5 18944 11590 18921
5 18907 16940 18927
5 4598 18909 18905
5 11313 18926 10549
5 18884 7575 5111
5 12073 14913 12526
5 5244 10505 19106
5 18864 14927 9384
5 18298 19180 71
5 11816 18035 7201
5 18310 18302 18306
5 18298 14900 19180
5 19178 18306 7371
5 14986 18049 18308
5 14986 18308 14926
5 18881 18884 18943
5 19104 2333 18897
5 5160 10686 18859
5 5111 18299 18868
5 18828 7371 7370
5 18827 13144 19177
5 18055 19192 13016
5 18820 19183 19178
5 13545 19182 18822
5 65 68 19194
5 18858 9891 18855
5 18860 10686 14940
5 18866 11543 15416
5 5244 19107 18038
5 18869 7201 7196
5 18883 14170 18867
5 4579 18932 10119
5 4600 12207 18919
5 18899 17483 18924
5 18240 12187 18919
5 18910 18240 18919
5 19209 18239 18923
5 18902 11590 19087
5 18223 18904 18927
5 1571 18917 19211
5 18874 13542 18911
5 18909 12496 19210
5 18946 11347 4607
5 85 89 18228
5 4574 14215 18928
5 4579 18937 2147
5 18916 9670 12241
5 4973 18857 19110
5 14140 12526 8363
5 13307 11543 18866
5 5313 12073 12526
5 11683 19107 11712
5 5244 19106 18865
5 18891 19107 5244
5 90 79 84
5 4923 18857 4973
5 14933 7201 18861
5 19106 10403 18060
5 18297 19105 14933
5 10505 14936 19106
5 19107 7221 18038
5 18858 18855 18882
5 10996 4574 2369
5 18897 18944 8018
5 76 19101 2333
5 14919 7575 18866
5 18239 18948 18941
5 4606 18896 18898
5 10866 18945 2102
5 12513 18895 10039
5 2482 18934 18936
5 18885 18869 19141
5 4923 4973 2057
5 18895 5244 18865
5 18940 2110 18938
5 18224 18891 5244
5 5244 18895 18224
5 18859 18898 18896
5 82 2107 18888
5 18897 8018 18868
5 19087 18945 10866
5 8070 18929 4566
5 18239 8070 18948
5 18891 4598 4600
5 4600 18892 11712
5 4598 18891 18224
5 2057 17362 2420
5 18892 12187 18240
5 2057 4566 17362
5 8484 18940 8861
5 11220 19110 18856
5 18932 4579 10267
5 10866 19212 19087
5 4579 2147 10267
5 19141 18869 18864
5 14959 8180 18830
5 18834 2835 5921
5 8480 19176 18815
5 18828 18820 7371
5 18840 18846 11916
5 18846 18840 19197
5 3787 18832 18838
5 19176 69 65
5 19197 18815 19194
5 18825 18009 15844
5 13553 11545 18834
5 18829 12189 16196
5 18840 18839 18821
5 12632 19193 12773
5 67 19180 18812
5 19177 18049 14986
5 2836 13412 7342
5 18830 15020 14959
5 13144 17623 19177
5 19182 18033 18309
5 19177 17623 18049
5 9817 19108 18811
5 14959 15020 14958
5 19180 14900 18812
5 491 14959 14958
5 1571 18838 18836
5 18838 18819 19179
5 18830 18839 13180
5 12047 15020 18830
5 18819 18838 18832
5 15020 19108 14958
5 18815 19197 18840
5 75 65 69
5 18842 120 18841
5 18816 14880 13237
5 18816 13237 2830
5 18831 13016 19192
5 18834 7235 13553
5 19176 65 19194
5 16600 18831 16810
5 19177 14986 12670
5 18839 18830 8180
5 18820 18828 2757
5 2836 18835 12029
5 19086 12405 18871
5 18918 8348 12405
5 18908 13589 18872
5 18912 18917 3782
5 18917 1571 3782
5 18908 19086 13589
5 3779 3787 18920
5 19188 18903 10702
5 13602 18932 18879
5 18906 18880 13239
5 18925 3787 19211
5 4226 18907 10147
5 18877 17436 18919
5 18926 18878 10549
5 16258 12039 19209
5 18899 18914 18853
5 18915 3776 13981
5 19211 18917 18226
5 12405 19086 5
5 19086 2095 7543
5 19188 12241 9670
5 18843 18847 7102
6 12116 9221 19131
6 2803 64 61
6 14650 2037 7
6 14552 7 2037
6 9862 14556 14635
6 14036 10307 13325
6 18793 2042 17747
6 5023 17548 9181
6 12539 18122 16170
6 18782 12382 18767
6 707 15775 17892
6 17890 707 17892
6 14662 6072 2037
6 17642 14566 14567
6 16092 18773 18766
6 13962 16141 58
6 9839 9707 1465
6 18775 1465 9707
6 15183 14839 18757
6 11248 4365 18794
6 18344 18346 18771
6 18781 18776 1797
6 18781 1797 12437
6 44 42 9701
6 3816 6054 2803
6 14637 3816 2803
6 10597 15826 12519
6 18738 14626 2037
6 2042 13105 17747
6 1132 18806 12372
6 14637 2803 13353
6 14578 9321 14552
6 9321 14578 17636
6 8327 2572 19132
6 4644 18110 10812
6 13955 3425 11442
6 18772 57 53
6 13179 18776 9709
6 18750 14680 9872
6 19170 8008 18342
6 17757 17763 11491
6 14577 12148 3458
6 13200 17765 16169
6 14652 14653 18741
6 15183 15773 10984
6 19170 17890 8008
6 8525 14643 18756
6 14650 7 18740
6 14650 14662 2037
6 9749 6262 18120
6 18366 9281 14080
6 10984 12437 6347
6 11560 11748 18786
6 18808 18786 11748
6 19082 19169 4320
6 18345 4365 4320
6 18787 18809 9251
6 9749 17757 9424
6 14648 19169 8394
6 6206 14559 9332
6 15826 10951 19129
6 17758 19162 11074
6 1146 14662 11248
6 18781 18784 18365
6 9337 19083 12153
6 18793 17763 12032
6 18112 18770 13315
6 60 64 18791
6 7513 18740 14552
6 9722 4644 10812
6 18740 7 14552
6 17895 15773 19083
6 19186 1389 13572
6 9814 5034 9839
6 9842 14633 13833
6 9419 5069 9759
6 17756 14081 5069
6 9197 14633 14562
6 18792 6729 13972
6 17891 11297 17759
6 10277 14644 4277
6 14552 9321 7513
6 12438 18123 9821
6 18793 17747 7274
6 14567 17643 17642
6 19166 19083 9337
6 6347 15775 10984
6 16092 6202 7346
6 18790 18791 6054
6 18745 5839 12376
6 18804 5618 59
6 59 5618 14636
6 5714 9219 18207
6 5714 18207 14641
6 12360 9885 17606
6 18753 15183 6413
6 9197 18753 6413
6 11491 18770 8761
6 17764 7003 18120
6 18787 10597 18809
6 6054 5886 18801
6 3816 5886 6054
6 14636 19130 18751
6 6262 9749 17636
6 5886 17123 18801
6 3816 17123 5886
6 16092 18766 6202
6 18114 18122 7346
6 17674 13962 17542
6 10788 10963 18112
6 14680 17548 6169
6 7774 1966 19132
6 9199 14633 14670
6 18345 12032 17763
6 1146 14652 6072
6 17761 12320 18783
6 13962 12320 9876
6 16101 18771 6262
6 16101 6262 17653
6 9846 6510 9280
6 9846 9710 6510
6 11701 17643 10812
6 18791 18341 60
6 7346 6202 18114
6 8335 6206 9332
6 9915 6553 15028
6 6553 9915 9866
6 9295 17014 9219
6 17014 14536 18207
6 17760 18780 10123
6 13200 16169 17682
6 16099 13957 11135
6 17757 9743 9424
6 9280 13833 14633
6 9280 14633 9199
6 18792 13994 6729
6 6729 902 18122
6 9749 18120 17757
6 17894 18772 9276
6 17894 57 18772
6 17760 4644 18780
6 4644 17760 18110
6 12211 18798 1966
6 10063 6929 18807
6 9295 4904 17014
6 18770 18112 10963
6 1143 1975 6929
6 18796 6929 11262
6 18365 18776 18781
6 14015 9132 17540
6 59 14636 54
6 15815 12279 13240
6 14567 15770 17643
6 18346 18794 7003
6 18346 7003 17764
6 17648 9424 9743
6 14578 14552 14626
6 14626 17653 14578
6 3425 1966 11442
6 18784 19166 18775
6 13650 15434 14648
6 16706 9885 10849
6 19132 18756 7774
6 14641 18755 5714
6 10354 8798 18748
6 8798 11954 14564
6 18738 2037 6072
6 14579 5093 17681
6 12116 19131 18755
6 19169 12032 18345
6 14562 9842 9839
6 4904 14536 17014
6 14783 18807 12497
6 17892 18782 4991
6 14557 11510 18763
6 19132 1966 10895
6 13970 7491 18745
6 9278 13970 14548
6 18342 8008 17765
6 5032 15538 17390
6 17123 3816 10826
6 7513 9321 14549
6 11491 7274 18770
6 15183 10984 14839
6 16092 9821 18123
6 8252 18801 17123
6 19170 18785 707
6 10724 18810 12283
6 18123 18773 16092
6 16092 15538 9821
6 10277 18800 14065
6 18791 64 6054
6 4277 14644 7694
6 59 63 18804
6 17648 9743 13690
6 14643 1966 7774
6 4365 19082 4320
6 13937 16102 7809
6 6855 18810 10724
6 52 50 43
6 3816 14637 8944
6 18750 8944 14139
6 4365 11248 14650
6 8335 13937 7809
6 5093 7809 17681
6 6054 64 2803
6 9232 18762 8987
6 17390 15538 13815
6 18810 9951 12279
6 8008 17890 17765
6 18787 9251 11836
6 12320 17761 9281
6 12320 9281 9876
6 17653 17681 9810
6 16101 17653 9810
6 7491 14263 18745
6 1465 9814 9839
6 14646 18745 8987
6 48 18772 53
6 9707 9709 18365
6 5023 13801 17548
6 1657 10788 18112
6 19129 14640 18207
6 18207 14536 19129
6 18743 9199 18757
6 14839 18743 18757
6 9796 14641 1132
6 18755 14641 9796
6 9872 14680 10084
6 17230 9872 5032
6 10887 18761 9872
6 3816 18761 10826
6 5093 18741 6206
6 9899 18789 15795
6 14840 9899 15795
6 13833 13179 9709
6 9839 9842 9707
6 18780 19165 11665
6 17230 10887 9872
6 13904 18364 5069
6 9915 17682 9866
6 18806 18799 12372
6 8252 6855 18766
6 9872 10084 5032
6 10091 18780 9722
6 16081 12438 13801
6 14579 17653 14626
6 9868 9726 9722
6 9726 10819 18764
6 12335 13904 5069
6 8327 7694 18758
6 5093 8335 7809
6 10307 1821 9221
6 10307 9221 18739
6 19186 18806 11058
6 11058 18806 10181
6 10091 18764 10181
6 18764 10091 9722
6 8394 18754 14648
6 10597 18213 18809
6 6169 9821 5032
6 10084 6169 5032
6 15843 10277 1995
6 12211 9704 18798
6 16099 9768 9720
6 19186 18799 18806
6 19186 13572 18799
6 18761 3816 8944
6 18761 8944 18750
6 11836 13475 14640
6 19082 14650 18740
6 19082 4365 14650
6 19132 10895 4277
6 17891 9028 12491
6 8570 18779 18769
6 10091 10181 19165
6 14577 3458 14549
6 18739 12273 8525
6 8525 13325 18739
6 14598 10887 16962
6 10887 17230 16962
6 17589 9210 14566
6 9722 10812 9868
6 15770 14567 14536
6 19129 14566 12421
6 19129 14567 14566
6 10951 14640 19129
6 10951 18787 14640
6 18110 9774 11701
6 843 18342 11074
6 17762 13315 17747
6 11135 17700 9768
6 16099 11135 9768
6 19186 10819 1389
6 8798 9203 18748
6 9203 8798 14564
6 9868 4904 9295
6 9181 18749 5023
6 18751 19130 14516
6 5093 6206 8335
6 12360 10849 9885
6 12320 13962 58
6 11058 10181 18764
6 17757 11491 9743
6 9709 9842 13833
6 13475 11836 11519
6 11519 11836 10123
6 17700 13364 9768
6 10819 11058 18764
6 9276 18775 11904
6 2572 9222 19132
6 17606 9885 9266
6 16124 9276 18772
6 6855 8252 17123
6 14641 11655 1132
6 18805 1132 11655
6 11665 11519 10123
6 18804 9337 12153
6 18804 17894 9337
6 9774 17643 11701
6 14783 10063 18807
6 12238 18778 13984
6 17636 9749 9424
6 11735 2042 15434
6 13950 18802 14018
6 9251 10123 11836
6 12320 58 18783
6 8335 9332 13937
6 1657 14574 10788
6 9704 18777 18798
6 58 18777 9704
6 9781 16169 17765
6 17890 9781 17765
6 17636 9424 9321
6 9951 17123 14598
6 6855 17123 9951
6 9224 11251 12360
6 14557 11251 11510
6 14653 1143 10063
6 18802 1970 2042
6 9839 5034 10098
6 9195 10098 5034
6 15843 1995 11560
6 11560 1995 11748
6 17588 17682 11954
6 9248 18747 9862
6 17758 11297 19162
6 9248 10354 18747
6 9278 10410 7491
6 4644 9722 18780
6 18788 15775 707
6 18788 14866 15775
6 17758 11074 13379
6 16170 17748 13815
6 13815 17748 5096
6 14830 19130 14636
6 13356 14574 1657
6 1657 18364 13904
6 14783 14865 14653
6 18744 14653 14865
6 9704 18783 58
6 10123 12491 17760
6 14549 18740 7513
6 12519 18759 15823
6 1991 12519 15823
6 10849 9419 9759
6 10856 18798 18777
6 18798 10856 4277
6 17760 12491 9028
6 10895 1966 18798
6 14577 12310 12148
6 19186 11058 10819
6 10788 17750 10963
6 18770 10963 8761
6 5630 14012 18779
6 18114 6855 10724
6 14570 9868 9295
6 17540 9726 9868
6 14015 14570 9221
6 18805 11519 19165
6 18804 12153 5618
6 18213 11297 13297
6 11442 18799 13955
6 18213 1991 13996
6 14570 14015 17540
6 14866 18743 14839
6 14866 14839 15775
6 13353 12779 14637
6 9862 13967 14556
6 58 11158 18777
6 18778 5630 2155
6 61 56 13353
6 13353 2803 61
6 5023 12779 49
6 9866 17588 13691
6 15538 9696 13815
6 18780 10091 19165
6 18114 6202 6855
6 12360 11251 10849
6 11735 15434 5839
6 18802 11735 5839
6 18805 10181 18806
6 16169 9710 9846
6 9710 16169 18767
6 11262 1975 18795
6 11262 18795 18344
6 10063 1143 6929
6 11560 14645 18742
6 18364 1657 12949
6 5618 12153 14636
6 13475 11519 18805
6 10410 10788 14574
6 13801 12438 17548
6 13572 14080 17761
6 17761 13955 13572
6 14601 18803 11539
6 11539 18803 12283
6 13105 17762 17747
6 14018 18762 14645
6 14018 14645 18786
6 18792 12497 13994
6 18792 18803 12497
6 9280 9199 11502
6 18743 11502 9199
6 14139 8944 14637
6 14139 14637 18749
6 12437 10984 18797
6 11510 11251 9224
6 12519 1991 10597
6 14601 11539 15815
6 15815 11539 10850
6 12283 18810 10850
6 18213 13996 19162
6 6169 12438 9821
6 13904 13356 1657
6 13904 9305 13356
6 11637 9321 17648
6 14549 9321 11637
6 19166 9337 11904
6 18366 1389 9726
6 17759 9720 9028
6 18774 12628 18113
6 11158 58 16141
6 13297 11297 17891
6 18809 13297 17891
6 18774 18113 16102
6 18783 12211 3425
6 18783 9704 12211
6 15028 6553 13379
6 18783 3425 13955
6 15826 12421 18759
6 18759 12421 9210
6 14018 18802 14646
6 14636 12153 14830
6 52 12779 13353
6 56 52 13353
6 9227 9305 12335
6 13904 12335 9305
6 9280 9203 14564
6 13379 11074 15028
6 13957 16099 13379
6 11904 9337 17894
6 16141 9266 11907
6 1821 9876 9132
6 14577 17648 13690
6 15826 10597 18787
6 17606 9222 2572
6 7346 9696 15538
6 18799 11442 10175
6 8798 9248 11954
6 9248 17588 11954
6 9796 1132 12372
6 16706 9759 18765
6 16102 13937 17748
6 16170 16102 17748
6 18767 16169 9781
6 14642 18739 12116
6 12238 16706 18765
6 18765 18778 12238
6 12148 9278 14548
6 3425 12211 1966
6 4904 13472 15770
6 9846 9280 14564
6 13690 9743 8761
6 13690 8761 17750
6 15815 10850 12279
6 18810 12279 10850
6 14567 19129 14536
6 12283 18803 18792
6 13572 13955 18799
6 12310 9278 12148
6 12310 17750 9278
6 7809 16102 11083
6 12376 13650 14648
6 14648 14548 12376
6 19082 18740 12389
6 14549 12389 18740
6 9251 12491 10123
6 18739 9221 12116
6 12421 14566 9210
6 14844 14866 18788
6 14632 17542 9876
6 17542 13962 9876
6 18754 3458 14173
6 12148 14548 14173
6 18764 9722 9726
6 12279 9951 14598
6 9696 18122 12539
6 9696 12539 13815
6 9276 11904 17894
6 17766 16102 902
6 18792 13972 12283
6 11442 14643 12273
6 17589 14067 14556
6 17700 14067 17589
6 9419 12335 5069
6 11954 17682 14564
6 10724 13972 18114
6 13972 6729 18114
6 12628 11262 18344
6 18793 7274 17763
6 14641 13475 11655
6 9266 9885 11907
6 17750 8761 10963
6 11262 6929 1975
6 9846 14564 11478
6 11478 16169 9846
6 18752 14830 1125
6 17891 17759 9028
6 9224 12360 17606
6 12153 1125 14830
6 17606 2572 9224
6 10724 12283 13972
6 2042 1970 13105
6 12949 1657 18112
6 17762 12949 18112
6 4277 10895 18798
6 16099 17759 17758
6 11297 17758 17759
6 14598 18761 10887
6 11442 12273 10175
6 14646 8987 18762
6 18749 9181 14139
6 11478 14564 17682
6 18802 5839 14646
6 9224 18758 11510
6 9227 18742 14093
6 14840 18748 14844
6 14840 10354 18748
6 17895 18781 18797
6 18797 15773 17895
6 16141 11907 11158
6 17766 13134 16102
6 13966 18763 11510
6 18113 11083 16102
6 1995 14065 2155
6 9915 17765 13200
6 9915 13200 17682
6 1970 13950 19163
6 14601 13212 18803
6 13212 14601 14865
6 16706 10849 9759
6 13240 12279 14598
6 13240 14598 16962
6 18786 13950 14018
6 5630 8570 18808
6 8570 5630 18779
6 18784 18775 18365
6 18775 9707 18365
6 14632 9876 14036
6 18745 14646 5839
6 17682 16169 11478
6 8525 14632 13325
6 17588 9866 17682
6 9232 13356 9305
6 13364 17642 9768
6 13364 17589 17642
6 12273 14643 8525
6 12116 18755 9796
6 12153 19083 1125
6 11539 12283 10850
6 9224 2572 8327
6 9224 8327 18758
6 16102 16170 902
6 12273 18739 14642
6 10277 14065 1995
6 9248 9862 13691
6 9248 13691 17588
6 11135 6553 9866
6 13583 17700 11135
6 1821 14015 9221
6 14081 9759 5069
6 9759 14081 18765
6 15773 15816 1125
6 10175 14642 12372
6 12372 14642 9796
6 9866 13583 11135
6 9866 14635 13583
6 13212 14783 12497
6 18759 9210 14679
6 5839 15434 13650
6 12376 5839 13650
6 14577 13690 12310
6 9866 13691 14635
6 18743 18748 9203
6 9281 18366 9876
6 9132 9876 18366
6 9248 8798 10354
6 9210 14556 14679
6 18775 19166 11904
6 10597 1991 18213
6 18796 11262 12628
6 6729 17766 902
6 18768 16706 12238
6 11510 18758 13966
6 13957 6553 11135
6 6553 13957 13379
6 14632 14036 13325
6 14644 13966 18758
6 12376 14548 13970
6 13984 18800 15502
6 12238 13984 15502
6 14642 12116 9796
6 13994 12497 9735
6 9735 17766 13994
6 13996 1991 843
6 13996 843 19162
6 5630 18778 14012
6 14012 18778 18765
6 12389 14549 3458
6 1821 9132 14015
6 14840 18747 10354
6 9232 8987 13356
6 14036 9876 1821
6 14036 1821 10307
6 12273 14642 10175
6 10856 18800 4277
6 4277 18800 10277
6 18778 2155 14065
6 18366 14080 1389
6 13572 1389 14080
6 17756 18779 14081
6 18768 12238 15502
6 14081 14012 18765
6 9232 14093 18762
6 9227 14093 9232
6 1970 19163 13105
6 12148 14173 3458
6 1991 15823 18789
6 843 1991 18789
6 15823 15795 18789
6 13967 15795 14679
6 8987 18745 14263
6 14645 14093 18742
6 14080 9281 17761
6 14679 14556 13967
6 17759 16099 9720
6 14183 11560 18742
6 14648 14173 14548
6 9862 14635 13691
6 18778 14065 13984
6 12372 18799 10175
6 13950 1970 18802
6 15843 11560 14183
6 9735 18807 18796
6 9735 18796 13134
6 14206 14557 14278
6 9227 12335 14206
6 13994 17766 6729
6 10856 18777 15502
6 18768 15502 18777
6 1995 2155 5630
6 14183 14557 18763
6 9726 1389 10819
6 19083 19166 17895
6 11748 5630 18808
6 1995 5630 11748
6 10410 14574 14263
6 8987 14263 14574
6 9278 10788 10410
6 9278 17750 10788
6 18739 13325 10307
6 14206 14278 9227
6 18742 9227 14278
6 9278 7491 13970
6 7491 10410 14263
6 9810 17681 11083
6 8570 19163 18808
6 13950 18808 19163
6 18113 9810 11083
6 14183 14278 14557
6 18213 19162 11297
6 15826 18759 12519
6 17540 9132 18366
6 9774 18110 9720
6 11701 10812 18110
6 9842 9709 9707
6 17642 9720 9768
6 6347 18782 17892
6 14670 14633 9197
6 18794 19168 7003
6 18122 9696 7346
6 9181 14680 18750
6 14516 19130 14585
6 18744 18741 14653
6 12497 18807 9735
6 9222 17606 17542
6 17589 14556 9210
6 17240 5096 18746
6 14139 9181 18750
6 17390 17230 5032
6 13690 17750 12310
6 9814 14585 5034
6 14577 11637 17648
6 19082 12389 18754
6 13475 14641 14640
6 14645 18762 14093
6 14583 14557 14206
6 9280 11502 9203
6 14556 14067 14635
6 14549 11637 14577
6 18742 14278 14183
6 9872 18761 18750
6 10812 13472 9868
6 9839 10098 14562
6 18120 7003 18343
6 41 43 13801
6 8394 19169 19082
6 5023 18749 12779
6 5096 17390 13815
6 18801 8252 18766
6 18780 11665 10123
6 15538 5032 9821
6 2042 18793 15434
6 9332 14559 5096
6 6855 9951 18810
6 18738 14652 18741
6 17123 10826 14598
6 16141 17674 9266
6 18751 14516 47
6 18776 13179 12382
6 9195 9197 14562
6 13212 12497 18803
6 14783 13212 14865
6 12437 18797 18781
6 4277 7694 19132
6 11158 18768 18777
6 41 5023 49
6 14579 18738 5093
6 14559 18746 5096
6 18760 17240 18746
6 1146 19164 1975
6 18795 1975 19164
6 9726 17540 18366
6 17643 13472 10812
6 16081 18123 12438
6 17762 18364 12949
6 6413 15183 18757
6 18345 4320 19169
6 19083 15773 1125
6 12382 9710 18767
6 18343 17757 18120
6 18112 13315 17762
6 17754 55 18341
6 50 55 17754
6 9195 5034 19130
6 18756 14643 7774
6 11248 14662 14650
6 14585 42 47
6 16092 7346 15538
6 15815 13240 16962
6 10826 18761 14598
6 18207 9219 17014
6 19131 14570 9219
6 18755 19131 9219
6 14680 6169 10084
6 17890 18767 9781
6 14646 18762 14018
6 52 60 55
6 50 52 55
6 18751 47 54
6 14585 9701 42
6 14585 47 14516
6 14585 19130 5034
6 18771 17764 6262
6 56 61 52
6 61 64 52
6 18782 18776 12382
6 18343 17763 17757
6 6347 12437 18782
6 18744 14865 18746
6 9743 11491 8761
6 14865 18760 18746
6 9197 18757 14670
6 9197 6413 18757
6 13801 43 16081
6 18751 54 14636
6 14830 18752 19130
6 15843 18763 14644
6 18747 14840 15795
6 12779 18749 14637
6 41 52 43
6 52 64 60
6 41 49 52
6 14626 18738 14579
6 18756 14632 8525
6 17240 18760 16962
6 15770 13472 17643
6 9899 19170 18789
6 2037 14626 14552
6 17240 16962 17230
6 19169 18793 12032
6 12539 16170 13815
6 18770 17747 13315
6 18770 7274 17747
6 9195 14562 10098
6 15775 6347 17892
6 15028 18342 17765
6 6510 13833 9280
6 15816 15183 18753
6 18805 19165 10181
6 9915 15028 17765
6 49 12779 52
6 14679 15823 18759
6 15843 14183 18763
6 18738 6072 14652
6 9814 9701 14585
6 4904 15770 14536
6 9305 9227 9232
6 17748 9332 5096
6 14632 9222 17542
6 9295 9219 14570
6 14206 12335 14583
6 17700 17589 13364
6 14583 12335 9419
6 18800 10856 15502
6 15434 19169 14648
6 14644 18763 13966
6 17390 5096 17240
6 9424 17648 9321
6 14562 14633 9842
6 17890 19170 707
6 17540 9868 14570
6 9774 9720 17642
6 9774 17642 17643
6 16124 9814 1465
6 17674 16141 13962
6 13955 17761 18783
6 12376 13970 18745
6 13833 9710 13179
6 17674 17542 17606
6 17606 9266 17674
6 6262 17636 14578
6 17653 6262 14578
6 17653 14579 17681
6 17548 12438 6169
6 9332 17748 13937
6 51 63 59
6 18766 18790 18801
6 17754 18341 18773
6 16962 18760 15815
6 17890 17892 4991
6 51 48 53
6 16124 18775 9276
6 51 59 54
6 51 42 44
6 51 54 47
6 42 51 47
6 17754 18773 18123
6 17764 18120 6262
6 19166 18784 17895
6 6054 18801 18790
6 18345 19168 4365
6 18346 17764 18771
6 18774 18796 12628
6 18769 18779 17756
6 14081 18779 14012
6 14653 14652 1143
6 11251 14583 10849
6 14583 9419 10849
6 16101 18113 18771
6 18113 18344 18771
6 14680 9181 17548
6 18802 2042 11735
6 18364 17762 18769
6 16099 17758 13379
6 51 53 57
6 6855 6202 18766
6 12382 13179 9710
6 19164 11248 18794
6 19164 1146 11248
6 6510 9710 13833
6 13583 14635 17700
6 14067 17700 14635
6 17589 14566 17642
6 9868 13472 4904
6 12628 18344 18113
6 18122 902 16170
6 48 16124 18772
6 18747 15795 13967
6 7809 11083 17681
6 17890 4991 18767
6 4991 18782 18767
6 18774 13134 18796
6 13984 14065 18800
6 17756 5069 18364
6 18769 17756 18364
6 18365 9709 18776
6 1143 1146 1975
6 15773 18797 10984
6 19132 7694 8327
6 7694 14644 18758
6 18123 16081 17754
6 16081 50 17754
6 18786 14645 11560
6 18785 18788 707
6 18346 18795 19164
6 19165 11519 11665
6 9899 18785 19170
6 15843 14644 10277
6 15816 18752 1125
6 1966 14643 11442
6 18809 18213 13297
6 18806 1132 18805
6 19164 18794 18346
6 17894 18804 63
6 14653 10063 14783
6 14652 1146 1143
6 14641 18207 14640
6 1146 6072 14662
6 10984 15775 14839
6 15816 15773 15183
6 18785 14844 18788
6 19170 843 18789
6 14648 18754 14173
6 14844 18748 14866
6 14866 18748 18743
6 15816 18753 18752
6 14601 18760 14865
6 5023 41 13801
6 17230 17390 17240
6 9221 14570 19131
6 13356 8987 14574
6 6206 18741 18744
6 6206 18744 14559
6 14557 14583 11251
6 18756 9222 14632
6 9862 18747 13967
6 15826 19129 12421
6 5093 18738 18741
6 19082 18754 8394
6 15826 18787 10951
6 18787 11836 14640
6 14679 15795 15823
6 14840 18785 9899
6 18785 14840 14844
6 18743 9203 11502
6 18754 12389 3458
6 18755 9219 5714
6 14559 18744 18746
6 18757 9199 14670
6 18756 19132 9222
6 9197 9195 18753
6 18752 9195 19130
6 18752 18753 9195
6 14601 15815 18760
6 4365 19168 18794
6 18796 18807 6929
6 15434 18793 19169
6 843 19170 18342
6 843 11074 19162
6 17891 9251 18809
6 18805 11655 13475
6 18791 18790 18341
6 18341 55 60
6 9028 18110 17760
6 18781 17895 18784
6 17891 12491 9251
6 18769 17762 19163
6 19168 18345 18343
6 18341 18790 18773
6 18795 18346 18344
6 18345 17763 18343
6 19163 17762 13105
6 9735 13134 17766
6 18790 18766 18773
6 18786 18808 13950
6 11491 17763 7274
6 18782 1797 18776
6 11907 18768 11158
6 57 63 51
6 9701 16124 44
6 9701 9814 16124
6 9028 9720 18110
6 11907 9885 16706
6 16124 48 44
6 11907 16706 18768
6 50 16081 43
6 48 51 44
6 18114 6729 18122
6 13134 18774 16102
6 1797 18782 12437
6 18343 7003 19168
6 11074 18342 15028
6 18775 16124 1465
6 18113 16101 9810
6 57 17894 63
6 19163 8570 18769
