1 15293 12908 883
1 4515 15731 10742
1 15857 1790 3451
1 15476 8472 4467
1 8752 11231 1496
1 15091 1658 11260
1 10742 15731 16636
1 7425 805 1636
1 1763 12130 18458
1 6926 7601 12130
1 3406 16486 4504
1 10072 6374 15692
1 1784 11639 18456
1 12394 1784 18456
1 1563 17146 1588
1 11965 18460 15713
1 14276 3672 10817
1 12024 16995 1834
1 15377 12335 6417
1 15838 13930 1807
1 14326 15648 10443
1 14686 15696 14036
1 789 148 1566
1 16497 15935 10876
1 1101 14212 3617
1 7422 1172 16376
1 13774 1499 895
1 895 1844 6588
1 1555 1055 9809
1 1717 13683 11639
1 475 12648 8262
1 475 7937 8745
1 10746 3174 6376
1 11807 9513 504
1 247 3539 2509
1 1717 14999 941
1 1687 16473 13272
1 1800 1801 8350
1 5544 4504 6949
1 12334 17516 3046
1 15811 13403 1856
1 1791 15093 17472
1 1586 1563 1588
1 1563 1586 13208
1 10963 15636 15090
1 13316 1500 11696
1 15214 1791 13454
1 12349 17512 2395
1 9068 15645 11263
1 12349 2395 5629
1 16425 15655 13407
1 3108 3036 13313
1 3108 13313 9565
1 15616 9937 13600
1 1717 941 8148
1 11639 3079 1717
1 1777 16735 12555
1 1742 1739 1044
1 1742 1044 14881
1 5171 1172 13668
1 12129 1555 805
1 15740 14000 12119
1 8356 261 7590
1 1791 15214 14042
1 3036 6953 13313
1 4685 3566 3300
1 522 261 8356
1 1663 3539 3123
1 5202 10611 1496
1 1205 1744 10881
1 5202 1496 12021
1 11260 1659 15113
1 1810 1792 1801
1 10611 1501 15286
1 4368 7720 16103
1 6961 17513 17524
1 4902 1817 8624
1 1674 7591 12913
1 1764 1763 18458
1 12340 15835 16419
1 12336 15382 14354
1 3748 17422 1920
1 14235 7613 3649
1 9790 13759 15624
1 16506 4063 14593
1 6588 1258 261
1 1844 1258 6588
1 14787 1826 16777
1 7441 1912 1792
1 1588 17146 7422
1 7422 17146 14526
1 1834 9524 12556
1 17266 1758 11837
1 1671 10852 2360
1 17146 1380 7907
1 4306 16304 15092
1 13446 5153 1504
1 1600 9546 11527
1 17076 7718 1818
1 13177 1578 2516
1 14881 1439 979
1 1439 13454 979
1 1163 14550 1442
1 11695 16421 1834
1 1608 9378 1606
1 3121 2900 5081
1 2577 6992 12547
1 2461 12342 15865
1 15372 12021 12547
1 11695 1834 16995
1 1615 10145 1611
1 13420 16423 15395
1 7502 1611 14548
1 1614 7502 14548
1 1559 4344 11183
1 10219 4344 1559
1 1563 13208 1380
1 2136 17723 6490
1 1496 10611 12023
1 14242 17803 16419
1 14242 17582 17803
1 1873 1872 15619
1 1726 14185 12709
1 4548 15619 14666
1 1899 13445 5988
1 1899 12892 13445
1 15093 1791 10391
1 7966 17586 16503
1 12841 17586 7966
1 8169 1838 813
1 6614 13692 10956
1 7720 1699 16103
1 18323 1899 5988
1 12127 1862 72
1 72 1862 8324
1 15785 17077 13456
1 11186 13456 6858
1 15811 1856 13543
1 5716 1739 1742
1 11260 1658 1659
1 15714 18454 15715
1 17076 1818 15792
1 12999 6575 3333
1 5110 9924 1155
1 1155 9924 1497
1 7856 5471 296
1 4211 6579 11084
1 11599 17517 5088
1 5088 17517 8669
1 11350 10880 15574
1 15574 15272 11350
1 1564 1567 13697
1 13697 1567 1557
1 4544 15606 1578
1 13177 4544 1578
1 1850 8005 14402
1 1850 1867 8005
1 4655 15857 1545
1 8324 12139 2378
1 11084 6579 15380
1 1910 9897 1494
1 1664 3539 1663
1 12564 11837 2191
1 15789 2181 9600
1 11809 2181 15789
1 11011 9790 15624
1 1701 1687 13272
1 4339 4637 10872
1 2473 12160 3566
1 3649 14236 16815
1 1914 14403 1794
1 1794 1793 1914
1 11858 789 1704
1 6967 11858 1704
1 1101 3617 7054
1 11334 16762 15582
1 13668 9378 5171
1 1908 1910 1600
1 13522 12570 15615
1 5599 1640 1648
1 11824 14592 5048
1 1820 4902 13691
1 15842 6966 15841
1 10335 946 9513
1 1622 14546 11331
1 72 8324 2294
1 1817 1820 17723
1 12557 3770 2581
1 14268 4902 8624
1 15693 4467 8472
1 15693 15477 4467
1 7590 3451 6496
1 13208 1586 3940
1 3940 1586 7507
1 1600 1910 1494
1 16575 5360 11009
1 5950 18285 4729
1 1653 9510 14579
1 8741 3799 2488
1 8968 3036 3108
1 17438 6062 16506
1 16499 1904 6061
1 2191 1817 2136
1 2191 2136 11838
1 9783 11372 15399
1 4094 11372 9783
1 15286 16994 5467
1 1305 16757 9790
1 14598 10219 15849
1 13999 3497 2669
1 11013 2669 3497
1 2671 14415 3757
1 13313 6953 16994
1 11350 15272 1927
1 247 2509 2803
1 2803 2509 13438
1 15696 2392 14036
1 14036 2392 6534
1 3123 3539 4658
1 4658 4565 3123
1 7845 2723 6339
1 18456 13683 1777
1 7907 1380 2853
1 4338 12118 18459
1 15612 14263 10666
1 16404 1550 12684
1 1570 15020 14947
1 2181 11807 504
1 4658 3539 247
1 13438 3539 1664
1 1908 1600 17114
1 15020 1570 13706
1 1575 13437 11985
1 8986 16804 1908
1 17076 5533 7718
1 17077 3837 5533
1 1044 12072 6186
1 15800 5731 2813
1 1642 14862 13908
1 2212 17417 17514
1 3893 15624 13759
1 4186 1300 2853
1 13653 1540 1546
1 3150 13470 12999
1 14787 16777 10852
1 6589 12555 2580
1 12555 7102 2580
1 2872 4369 1439
1 559 17473 13300
1 15760 4339 8463
1 17510 10796 12337
1 1777 12110 16735
1 1850 12993 14896
1 11987 13706 1570
1 17146 1563 1380
1 3287 10880 2671
1 9844 2625 5088
1 15905 8203 4697
1 16104 1674 12913
1 5629 1558 12349
1 1558 15612 12349
1 7809 8980 12172
1 4548 10511 12445
1 12445 10511 2517
1 15092 9201 18211
1 1666 1883 11236
1 1763 1772 17043
1 15696 17847 2392
1 1772 1764 16532
1 15259 1495 3489
1 1763 1764 1772
1 13312 1522 1531
1 7591 1674 16594
1 11180 14947 4197
1 13447 12103 1845
1 1696 12067 16473
1 11451 15698 13666
1 2017 5507 12649
1 5552 9522 12700
1 12448 1163 1640
1 1540 3100 1546
1 3100 16539 1546
1 18454 15714 14019
1 12999 13470 6575
1 17267 18465 12623
1 17277 1758 14312
1 4367 10881 6873
1 13834 1920 13543
1 12908 15744 15452
1 6062 0 9085
1 11529 9543 3735
1 15616 15263 16591
1 3121 8477 2900
1 3174 7590 6376
1 1527 1522 10222
1 1527 10222 4366
1 5576 6968 3707
1 3201 3707 6968
1 7907 12648 475
1 1806 12442 15838
1 6898 16497 1378
1 17463 15400 16295
1 9937 15616 9844
1 1883 1666 12548
1 8441 15914 295
1 14498 8194 15628
1 13815 8194 14498
1 6971 3748 14403
1 3748 13340 14403
1 5110 1155 12335
1 16466 5110 12335
1 4685 3300 15670
1 11480 15615 9585
1 15038 15636 10963
1 11397 17043 1772
1 12999 3333 1591
1 16508 10879 4068
1 15939 4068 10879
1 14620 12471 3337
1 15732 3337 12471
1 13397 13398 5876
1 16465 5110 9925
1 1463 3451 7590
1 1487 3260 3035
1 3035 3260 8527
1 15619 4548 12445
1 14787 3489 1826
1 8479 5070 11678
1 11583 10878 4267
1 15937 10878 15576
1 14701 14923 1784
1 1519 1516 8527
1 1739 14998 13828
1 3124 1822 13170
1 1822 3124 15258
1 5123 14000 15292
1 16091 3560 5597
1 17520 17523 10217
1 17520 10217 11726
1 14555 13705 1556
1 1674 16104 15211
1 12547 6992 15372
1 10746 3635 3174
1 1463 7590 3174
1 13500 11236 1883
1 13500 5282 11236
1 4808 16104 7460
1 15729 4275 8463
1 8350 1801 7176
1 7176 1207 8350
1 5629 11789 10584
1 15935 4066 10876
1 3687 4975 13477
1 2095 3635 10746
1 2095 1545 1463
1 10210 12278 9565
1 10210 9565 13313
1 1908 11410 1910
1 14618 4576 3925
1 3707 1873 12445
1 15803 16643 15802
1 12983 17591 4637
1 8356 6496 12394
1 13231 1614 3867
1 15606 7802 3737
1 9565 15384 15385
1 9565 12278 15384
1 14620 15737 13642
1 13700 14895 14276
1 3295 13700 4211
1 12069 15395 8594
1 12071 15092 1737
1 1264 5122 5894
1 5122 8710 5894
1 1653 8782 15734
1 1534 1535 12139
1 15803 15802 15808
1 13540 1622 9887
1 15763 11921 12474
1 16797 7918 4962
1 11639 1784 14923
1 17077 5533 13456
1 1653 14579 8782
1 14463 15661 13259
1 13250 1495 15259
1 5164 16575 16272
1 13270 8149 11478
1 1228 1691 738
1 7516 11527 738
1 15589 1500 13316
1 11021 1642 12448
1 1642 13908 12448
1 261 1258 7590
1 7053 5171 9378
1 12342 15817 15865
1 3893 11982 15624
1 13399 6685 15636
1 3108 9565 15385
1 13479 15737 13127
1 15653 11544 13523
1 4998 15817 2576
1 15817 4998 7587
1 1791 17472 13454
1 1744 14312 3697
1 14938 15576 11583
1 6478 1588 4088
1 13908 18285 5950
1 15695 5547 9543
1 15878 7465 10444
1 15693 15878 10444
1 5357 17522 12369
1 5048 15722 8539
1 13250 11231 8752
1 1791 15861 10391
1 14242 15835 15834
1 4165 6115 12179
1 4165 15778 6115
1 7054 3617 8980
1 10210 1501 12278
1 6613 13300 1800
1 12127 5852 1862
1 1862 5852 8324
1 15853 15023 16499
1 15647 8385 14326
1 15377 6417 15380
1 3574 11183 2516
1 3574 2516 12442
1 5195 15451 11808
1 5123 5997 11013
1 782 15833 10589
1 4340 14265 3665
1 8527 9916 1519
1 2298 14471 11965
1 13440 4947 1845
1 11183 13177 2516
1 10822 15740 14265
1 16463 1498 9924
1 1498 14577 9924
1 12818 15468 18235
1 3635 1463 3174
1 4566 1726 3326
1 2095 1463 3635
1 6961 17524 9092
1 1719 18210 14185
1 7531 9258 15691
1 8005 1867 14665
1 1575 3527 4022
1 17518 17519 9585
1 12090 1671 2360
1 12090 2360 2579
1 12554 12090 2579
1 16535 7855 3320
1 16533 7855 16535
1 3737 2516 15606
1 16295 15400 6992
1 15857 1463 1545
1 9298 2017 14947
1 1442 14550 9897
1 151 4501 1691
1 1691 4501 2015
1 2294 1636 13865
1 16390 17584 17593
1 12072 1739 13828
1 13815 14498 3837
1 3837 14498 7718
1 2370 824 16635
1 14943 17585 4836
1 18454 18453 7525
1 15652 10686 13867
1 1758 17277 14267
1 9917 17273 10726
1 10726 17273 1354
1 16301 4998 4284
1 1660 1662 1664
1 15645 1704 11263
1 11807 15744 9513
1 1228 2935 3735
1 10243 15663 4603
1 5230 10243 4603
1 12618 13932 15758
1 2803 7053 247
1 12554 11838 1822
1 1661 5544 6949
1 10682 5544 1661
1 1380 4186 2853
1 3107 14778 5790
1 3107 5790 13399
1 3770 1566 2581
1 3295 14895 13700
1 15842 16169 9808
1 14163 13941 9600
1 15654 18181 14034
1 18233 14020 15669
1 1550 12851 12684
1 8463 10872 15729
1 6060 9086 14325
1 3770 10443 4466
1 14546 13470 4536
1 14020 7606 3509
1 7606 14021 3509
1 3837 7718 5533
1 72 4040 10686
1 10686 4040 13867
1 4515 17167 1576
1 13757 4785 6027
1 15213 4369 2872
1 1564 3209 1356
1 1687 1696 16473
1 15803 14373 15796
1 13941 15789 9600
1 15822 1912 17259
1 4190 11583 3123
1 8968 12812 15386
1 11822 3893 13759
1 11822 11982 3893
1 2392 17847 6534
1 10243 14036 6534
1 3867 14548 5092
1 3867 5092 12088
1 15594 15781 946
1 9543 11529 15732
1 2294 8324 1636
1 14265 15740 14618
1 16376 1172 1615
1 3287 13689 15572
1 15693 10444 15477
1 11921 15761 12422
1 12422 15761 1104
1 11332 12100 1677
1 1662 14314 12622
1 17847 15696 15700
1 15697 17847 15700
1 14546 4536 3867
1 12851 14048 12684
1 1575 4022 13437
1 8986 3997 16804
1 6196 16627 9094
1 1873 15843 1872
1 15851 6152 10630
1 11331 17068 11431
1 11965 14471 18460
1 6588 261 12560
1 1540 13690 3100
1 1557 1567 14415
1 15838 1807 1806
1 5291 15667 13093
1 15624 14462 11011
1 1499 2488 14336
1 9042 11845 10441
1 9094 5202 15743
1 8307 13419 5153
1 8307 5153 3799
1 1701 3392 1918
1 7053 10145 5171
1 9924 12444 1497
1 15843 1873 10630
1 15691 5197 18242
1 9258 5197 15691
1 12700 1489 4738
1 14548 1611 12095
1 1704 789 4466
1 14163 9600 15781
1 7937 8262 1581
1 6898 1378 3035
1 1378 13312 3035
1 15764 15761 15765
1 7543 7473 17853
1 12570 9844 15615
1 11480 10683 4322
1 14463 13600 3231
1 11350 13697 1557
1 1535 18452 2286
1 4738 1489 10331
1 7543 15726 18234
1 7543 17853 15726
1 14000 3497 4338
1 2317 3264 12023
1 14943 4836 6950
1 11022 13273 1782
1 5599 11022 1782
1 4630 15236 15814
1 12076 1764 13206
1 14667 13994 1806
1 4729 1653 15734
1 12369 7848 5357
1 9808 3495 4888
1 6966 9808 4888
1 13209 11987 12649
1 1822 12090 12554
1 1822 15258 12090
1 3566 12160 3300
1 15743 12021 15372
1 15623 15645 9068
1 10305 1558 8322
1 782 10589 15606
1 15606 10589 7802
1 12160 15613 3300
1 1663 4267 1660
1 15210 1662 1660
1 9585 16428 17518
1 15023 4274 6968
1 15023 6968 17019
1 5533 17076 12617
1 1642 11021 13270
1 6061 5471 7856
1 1792 1912 7176
1 7176 1912 1742
1 4186 12650 13209
1 16428 8669 17518
1 3687 15583 14382
1 1586 13469 7507
1 6835 13543 3198
1 17473 6835 3198
1 4729 6762 9203
1 11231 18235 4462
1 15212 12623 18465
1 3406 10609 13866
1 12141 15212 18465
1 3187 11868 11746
1 1522 1527 1531
1 16304 1157 9201
1 1497 17223 13699
1 9201 1157 12709
1 15835 12340 14972
1 8981 14212 1101
1 8981 15760 14212
1 16473 2371 5116
1 7838 3837 17077
1 5547 7845 6339
1 12692 15575 16300
1 15618 14665 1867
1 13900 6950 17584
1 11824 15376 13968
1 15658 13601 15655
1 15491 15912 4703
1 13177 15836 13606
1 9546 1600 1494
1 1494 5552 9546
1 1779 14465 11009
1 15795 1658 16685
1 5731 15816 2813
1 3497 14000 5123
1 3497 5123 11013
1 8994 3320 13663
1 17433 15025 15730
1 5523 1701 13272
1 1491 12692 4190
1 1491 4190 4565
1 15785 7953 7838
1 6807 15844 7689
1 2136 1817 17723
1 18459 4576 12119
1 12119 4576 14618
1 4697 9291 15903
1 813 2717 3134
1 10881 1744 6873
1 16428 5088 8669
1 6967 9074 11858
1 12442 2516 3737
1 16539 14948 1546
1 11726 15623 1574
1 6079 11726 1574
1 10875 16496 15847
1 5767 8194 13815
1 16405 3257 5070
1 15717 7473 7543
1 4308 10391 1545
1 12081 4308 1545
1 2181 504 9600
1 9600 504 15781
1 11032 15450 15756
1 1309 2370 5814
1 4980 6961 9092
1 6961 4980 15038
1 13866 12109 15654
1 15734 8782 4607
1 18323 12892 1899
1 12892 18323 16377
1 12140 1674 15211
1 15213 18211 9252
1 655 15213 2872
1 14922 4179 5639
1 15730 4382 15476
1 14700 14922 5639
1 8741 13774 11696
1 14546 12088 11331
1 15744 15293 14422
1 15744 11807 15452
1 11824 13968 4211
1 1496 11231 13535
1 16486 15653 13523
1 15497 17438 1516
1 1793 1810 1914
1 16404 8479 1550
1 10220 14593 4065
1 9791 5291 1305
1 10223 14597 15578
1 10760 15731 15543
1 11012 16572 5360
1 3799 5153 2717
1 14929 15833 782
1 2801 16781 12908
1 15688 15685 15668
1 15669 15668 15685
1 8594 15375 12270
1 5630 1872 15843
1 15669 15672 18294
1 15733 9522 1494
1 7602 13500 1883
1 12818 7602 1883
1 2286 12684 1535
1 13690 3757 3100
1 5767 15817 8194
1 15817 12342 8194
1 5207 1611 14485
1 15814 13440 1845
1 1611 5207 12095
1 976 15037 8325
1 2212 3338 6182
1 2212 6182 6027
1 10872 4637 17591
1 8472 10874 15693
1 15717 15716 15721
1 4205 1850 14402
1 5243 8083 16815
1 5717 9882 12172
1 6544 14293 3686
1 17853 9882 5717
1 1717 3079 10052
1 9190 15816 14164
1 14295 1606 9378
1 15399 15491 8441
1 12553 6831 18465
1 6831 7535 18465
1 15713 18453 14018
1 13540 5380 1622
1 9203 9510 1653
1 14814 9783 15392
1 4808 16102 1699
1 17076 15792 12617
1 13968 6354 6579
1 5781 2488 1499
1 2900 8477 11383
1 6961 15038 4283
1 10584 6961 4283
1 1044 1739 12072
1 1844 1838 6376
1 1581 13117 18189
1 14294 9510 1659
1 15734 4607 14550
1 13774 5781 1499
1 15259 4395 13250
1 12556 8667 1834
1 7925 8262 1356
1 10391 15861 4655
1 1653 4729 9203
1 11007 1806 13994
1 7544 8169 813
1 10682 1661 10666
1 14701 1790 6364
1 1790 15857 6364
1 4366 3257 1527
1 14268 8624 4307
1 1845 7544 13447
1 7544 1845 8169
1 1044 6186 14881
1 2461 12340 12339
1 1742 14881 1207
1 12340 2461 18228
1 7809 9882 15756
1 8624 1817 2191
1 16591 15263 9291
1 10873 4890 17593
1 15717 6581 12907
1 12907 6581 16780
1 7605 14017 13294
1 13294 14017 15666
1 6834 6613 6128
1 9042 10441 8251
1 1800 17953 1801
1 1996 11498 3065
1 11479 11498 1996
1 9916 14778 1519
1 9916 5790 14778
1 12548 15468 1883
1 5048 8539 15376
1 13316 16993 3036
1 3902 6888 15695
1 14265 10333 10822
1 15292 10822 10333
1 1763 17043 6926
1 14171 10500 17594
1 14171 17803 10500
1 5834 12993 3672
1 16304 9201 15092
1 16376 1614 13231
1 6589 18456 12555
1 14579 3686 14293
1 15936 10877 15580
1 17584 11101 13900
1 6762 4566 3326
1 2017 1570 14947
1 11865 17522 11291
1 11865 11291 6027
1 15668 16477 13411
1 15670 15642 16476
1 655 1737 15213
1 17853 7473 9882
1 7473 15756 9882
1 1662 12622 16102
1 9298 1567 5507
1 18216 1720 14922
1 12118 9242 15713
1 9242 18453 15713
1 18453 18454 14018
1 15695 12351 7845
1 1772 16532 8666
1 10872 8463 4339
1 14948 7409 1546
1 11678 1546 7409
1 13170 6490 3177
1 7422 13668 1172
1 16637 14686 752
1 15666 16575 11009
1 15382 12336 16465
1 6888 7834 7433
1 9522 1489 12700
1 6835 15236 4630
1 15623 13887 15645
1 1354 12009 9916
1 12555 16735 7102
1 11383 8968 15386
1 11527 17114 1600
1 15821 17803 14171
1 2308 13704 13435
1 17803 15821 7595
1 13250 1875 11231
1 15023 17019 1904
1 16732 1772 8666
1 16732 11397 1772
1 5110 16463 9924
1 3065 10683 11480
1 15717 15721 6581
1 15721 15715 16780
1 6376 7590 1258
1 15666 14017 16575
1 16647 16685 1658
1 11387 15758 7054
1 15941 10881 15578
1 1615 1614 16376
1 7395 10956 5282
1 13700 11824 4211
1 1896 11824 13700
1 7054 13932 1101
1 11591 16883 15759
1 5378 15791 4890
1 17463 14814 15392
1 1996 4537 7162
1 3123 4267 1663
1 6376 1258 1844
1 1264 1581 8262
1 1055 17166 9809
1 9809 17166 12128
1 12003 10872 17591
1 12001 10873 17593
1 17589 12007 10874
1 1581 5894 13117
1 15623 10217 12370
1 15623 11726 10217
1 15904 4697 8203
1 6900 17517 15904
1 655 2872 14881
1 2378 14048 3512
1 4381 10072 15692
1 1157 15113 3326
1 8645 11921 10331
1 1566 3770 4466
1 17268 12564 2191
1 7591 5207 14485
1 11696 1500 8741
1 1500 14416 8741
1 12692 13005 15575
1 3997 3336 14710
1 2366 12104 13403
1 18295 15716 14021
1 4066 10222 16507
1 1558 4283 8322
1 8322 4283 15186
1 5070 16404 16403
1 16403 8251 5070
1 12335 1497 13699
1 1696 1677 17044
1 6926 5511 7601
1 13930 1793 1794
1 2577 16295 6992
1 15728 11286 9097
1 738 9546 2935
1 13456 5533 5608
1 11332 1687 1701
1 5360 16572 1779
1 6496 1784 12394
1 1608 4565 4658
1 14555 1555 12129
1 3512 14555 12129
1 15846 17582 14242
1 3177 7395 13500
1 15497 1519 12337
1 14268 4307 10877
1 6762 4729 18285
1 1442 7773 1648
1 9076 8479 7409
1 3527 11530 1576
1 4022 3527 1576
1 7425 1636 8324
1 8324 2378 7425
1 15861 1791 14042
1 12335 13699 6417
1 6873 1744 3697
1 8203 6900 15904
1 12557 10443 3770
1 16421 5080 12560
1 5080 6588 12560
1 18459 12118 12117
1 13666 18459 12117
1 4998 2576 13950
1 13663 3489 1495
1 1615 1611 7502
1 1614 1615 7502
1 12983 17592 17591
1 1691 7516 738
1 1691 2015 7516
1 3667 5273 12552
1 16735 5273 3667
1 1264 5894 1581
1 15761 8645 7675
1 15661 14463 3231
1 18454 14019 14018
1 11809 15451 2181
1 8350 1207 979
1 18456 11639 13683
1 15613 13757 16758
1 4962 18294 15672
1 12444 17223 1497
1 4888 3495 14008
1 5630 4888 14008
1 4581 5120 9074
1 4581 15670 5120
1 2509 3539 13438
1 11758 3508 7432
1 6589 12394 18456
1 1801 1792 7176
1 15293 883 5997
1 6061 6301 5471
1 7027 8194 4792
1 7027 4792 16069
1 9074 15691 11858
1 15865 15817 7587
1 13815 7838 15820
1 13815 15820 15813
1 12351 5206 7845
1 7845 5206 16636
1 1758 17266 14312
1 11260 1157 16304
1 1912 5716 1742
1 13865 9809 1309
1 14235 3649 8083
1 1908 17114 8986
1 1491 1606 6876
1 1491 6876 7461
1 18242 15692 12060
1 2612 13933 16882
1 14275 14895 3295
1 4947 4308 12081
1 4369 15214 1439
1 6055 9097 17433
1 13502 6614 9753
1 13502 9753 3177
1 11808 4451 5195
1 5195 4451 15452
1 4536 13231 3867
1 4536 3150 13231
1 1918 14545 11332
1 11332 1701 1918
1 1516 17438 16506
1 14382 15583 9944
1 3997 14710 16804
1 15764 12179 14266
1 7538 16594 1674
1 12140 7538 1674
1 13540 3336 3997
1 6575 13540 3997
1 14929 11969 15830
1 12110 1777 13683
1 7855 1826 3320
1 16533 1826 7855
1 1779 13261 14465
1 2017 9298 5507
1 13865 1309 10609
1 10609 1309 5814
1 2370 16635 12109
1 13829 2358 16645
1 11965 14018 7605
1 11230 3124 13170
1 11230 13170 7602
1 14000 15740 15292
1 10052 14999 1717
1 16403 12684 2286
1 16404 12684 16403
1 7773 1442 9897
1 10879 4067 15939
1 16169 1559 11183
1 4322 10683 13522
1 16487 1914 17953
1 895 1499 1844
1 13300 6037 1800
1 475 8262 7937
1 9092 17524 13398
1 9524 16421 12560
1 4366 15825 3257
1 7925 1356 3209
1 10072 15726 17432
1 12067 1696 17151
1 17417 11291 17514
1 6060 17586 9086
1 1810 7441 1792
1 11837 8624 2191
1 805 1555 9809
1 1737 655 6186
1 1737 6186 12071
1 14999 10052 4244
1 14701 6364 5639
1 3310 2015 11530
1 13999 16780 15715
1 5716 15844 1739
1 12984 17589 10874
1 4382 12984 10874
1 6037 16487 1800
1 16487 17953 1800
1 15842 15841 16505
1 16405 1531 1527
1 8251 1531 16405
1 3451 1790 6496
1 5243 6655 15795
1 2379 12140 4368
1 17068 11331 3392
1 17068 3392 13273
1 15628 8194 7027
1 8527 3260 9916
1 11431 9887 1622
1 11331 11431 1622
1 15667 13411 15642
1 6186 655 14881
1 15580 10221 14595
1 7395 5282 13500
1 11012 1305 16572
1 11012 9791 1305
1 14545 5092 2365
1 3649 15594 14236
1 4462 18235 15468
1 16377 12270 5048
1 13447 7544 813
1 12334 14326 3702
1 4368 16103 15212
1 12141 4368 15212
1 12118 15713 18460
1 1719 14922 14700
1 5122 16479 16375
1 17602 14325 1
1 2365 16594 12100
1 1527 3257 16405
1 13313 16994 1501
1 4466 789 1566
1 12908 15293 15744
1 12095 7591 2365
1 2365 7591 16594
1 1742 1207 7176
1 4344 15836 13177
1 8325 1534 5852
1 1534 12139 5852
1 151 11530 4501
1 14896 1867 1850
1 2671 1557 14415
1 10880 1557 2671
1 10630 1873 3201
1 10630 3201 4274
1 2976 3940 13207
1 15092 18211 1737
1 11583 15576 10878
1 11921 8645 15761
1 3502 4962 8443
1 8465 13828 3387
1 16645 8465 3387
1 15113 9203 3326
1 8477 1500 11383
1 8477 8307 14416
1 11498 15612 10666
1 15843 10630 6152
1 11808 15450 4451
1 11808 11185 15450
1 14046 10072 4381
1 16506 6062 4063
1 6062 9085 4063
1 13692 1880 10956
1 1491 4565 1606
1 1163 1442 1640
1 1857 11808 15451
1 1640 1782 11021
1 15647 16503 8385
1 17764 15808 4932
1 13399 5790 6685
1 12009 6685 5790
1 4274 14219 15851
1 14526 17146 8745
1 4366 4067 10879
1 15629 15628 16760
1 8594 6859 15375
1 4194 17248 14943
1 9897 15733 1494
1 15577 10878 15937
1 7671 0 6062
1 11529 3735 13127
1 16465 9925 15382
1 17522 11865 12369
1 12024 7526 8994
1 12892 6184 12104
1 14266 4340 3665
1 1744 1205 10221
1 13469 1588 6478
1 1586 1588 13469
1 15715 15721 15714
1 1228 738 2935
1 8798 3687 14382
1 16102 1664 1662
1 1996 17519 4537
1 15647 14326 10443
1 15728 9817 11286
1 11286 9817 5277
1 6544 15765 7675
1 6061 14354 6301
1 8594 15395 6859
1 11530 3527 3310
1 17166 10742 11452
1 12560 261 522
1 16420 522 17762
1 17764 13950 15800
1 504 9513 15781
1 946 15781 9513
1 13259 15657 16811
1 13560 15657 13259
1 1820 6614 13502
1 15672 15669 15685
1 1501 16994 15286
1 2371 12110 13269
1 12110 2371 2640
1 4179 3079 14923
1 5206 824 7798
1 16637 824 5206
1 1487 13312 1531
1 17803 17582 10500
1 15000 11478 8149
1 18452 1535 1534
1 813 1838 14336
1 15822 6807 1912
1 15789 15785 11809
1 6807 15822 15040
1 15734 14550 5950
1 17034 1356 960
1 12070 1658 15091
1 4548 15618 10511
1 1838 1844 1499
1 1499 14336 1838
1 3527 1575 3310
1 3310 1575 7904
1 72 2294 4040
1 10874 8472 4382
1 6544 8645 14293
1 14618 3925 12473
1 10630 4274 15851
1 2581 1566 10444
1 10444 1566 148
1 3336 13540 9887
1 12618 2612 16882
1 17449 3046 6079
1 4857 13994 17897
1 10145 1615 5171
1 1591 7904 13210
1 7867 7904 1591
1 4267 10878 1660
1 8385 3702 14326
1 3702 8385 6060
1 14354 15382 17608
1 559 15236 17473
1 2935 12700 8617
1 2935 8617 13127
1 12076 17849 1764
1 1758 14267 4307
1 1758 4307 8624
1 13436 1556 13705
1 15842 9808 6966
1 15726 17853 15728
1 1622 13470 14546
1 1622 5380 13470
1 4367 14314 1662
1 15844 6807 15040
1 1640 11021 12448
1 2395 11789 5629
1 17589 12984 17590
1 14212 15026 5277
1 11013 5997 883
1 2640 2371 12067
1 12649 11987 1570
1 2395 17512 11789
1 12648 960 1356
1 13313 1501 10210
1 10726 1354 11845
1 6079 3046 12848
1 5533 12617 5608
1 16993 2116 13315
1 3697 8051 17265
1 4659 14929 4544
1 14403 13960 1794
1 6966 5630 15843
1 15645 15673 17898
1 15645 17898 1704
1 14403 1914 16487
1 5608 12617 2612
1 13436 5637 9777
1 1556 13436 9777
1 8472 15476 4382
1 17449 9068 15648
1 1574 9068 17449
1 17513 6961 10584
1 1575 13207 7904
1 1726 15649 1720
1 3231 13600 9937
1 12110 13683 8148
1 4065 15935 16497
1 12556 16420 2580
1 1606 4565 1608
1 11332 1696 1687
1 11332 1677 1696
1 14354 17608 6301
1 15272 15571 1927
1 8168 12141 18465
1 13456 2612 12618
1 6858 13456 12618
1 12548 4462 15468
1 13690 3287 2671
1 13960 1807 13930
1 14019 16797 4962
1 14592 1896 12892
1 1896 6184 12892
1 12060 15692 6374
1 3124 11230 15258
1 15672 8443 4962
1 2580 16734 12556
1 8005 13340 3748
1 8005 3748 14402
1 11837 1758 8624
1 15525 3187 13522
1 15525 13522 10683
1 1699 12622 2614
1 13690 2671 3757
1 16169 11183 4857
1 17965 15820 7953
1 1726 12709 3326
1 11964 5766 2298
1 1494 9522 5552
1 5766 14471 2298
1 3735 9543 1228
1 789 16400 148
1 3584 13941 14163
1 7123 13941 3584
1 13210 7507 10840
1 7507 12999 10840
1 6888 7433 12351
1 12119 14000 4338
1 12119 4338 18459
1 14485 1611 10145
1 11479 17995 17512
1 6079 1574 17449
1 3107 13398 13397
1 3123 11583 4267
1 1615 1172 5171
1 11009 5360 1779
1 1822 6490 13170
1 15661 3231 13601
1 15877 15759 10873
1 15785 11186 11809
1 9076 1550 8479
1 15022 1550 9076
1 8477 14416 1500
1 9524 522 16420
1 9524 12560 522
1 5834 3672 14895
1 7465 15878 17588
1 7465 17588 15934
1 1498 10194 17019
1 5048 14592 16377
1 5140 6841 16777
1 17463 15392 15400
1 16734 1030 16535
1 3672 1856 10817
1 13834 1856 3672
1 13207 1575 11985
1 2900 16422 5081
1 16422 2900 11383
1 14548 3867 1614
1 14700 14035 1719
1 12648 1356 8262
1 17764 6591 4284
1 12024 1834 7526
1 7465 15934 17587
1 12336 1498 16463
1 12336 14353 1498
1 1354 3260 11845
1 1487 11845 3260
1 15672 15685 10846
1 4205 1920 13834
1 14313 12623 2614
1 14814 4094 9783
1 1578 15606 2516
1 15525 6949 3187
1 8782 1489 4607
1 3177 10956 7395
1 15796 16643 15803
1 8356 7590 6496
1 11185 7809 15756
1 15450 11185 15756
1 15615 9844 16427
1 5629 4283 1558
1 10584 4283 5629
1 14265 14618 12473
1 3406 13866 16486
1 2669 5304 16780
1 6184 1896 10817
1 14019 15714 16797
1 17723 1820 13502
1 17077 15785 7838
1 7053 2803 14485
1 15091 16304 4306
1 8666 5140 1030
1 5140 16533 1030
1 3264 2317 8994
1 1764 18458 13206
1 12100 7538 1677
1 7531 15691 8164
1 3209 5122 1264
1 14263 15652 10682
1 3663 15652 14263
1 1540 10879 16508
1 13454 17472 6128
1 16272 14017 3502
1 10441 11845 1531
1 12023 15286 2317
1 10611 15286 12023
1 17953 1810 1801
1 4566 6762 18285
1 1875 11230 12818
1 13445 12892 12104
1 13867 4040 3406
1 15713 14018 11965
1 12700 4738 8617
1 752 16635 824
1 7906 14942 1818
1 17259 1912 7441
1 4932 3949 14998
1 10726 11845 9042
1 18452 10726 9042
1 1504 18323 10506
1 8217 14163 15781
1 12139 1535 14048
1 11865 15613 12160
1 11865 12160 12369
1 1779 16572 11011
1 16572 9790 11011
1 6655 6544 14294
1 6544 7675 8645
1 15213 1737 18211
1 15292 4411 5997
1 6876 1606 14295
1 15669 14020 18201
1 15669 18201 15668
1 17898 6967 1704
1 13294 11965 7605
1 2298 11965 13294
1 16572 1305 9790
1 15717 18202 15716
1 15717 7543 18202
1 6079 12848 17515
1 8813 1920 17422
1 14665 6246 3958
1 6966 4888 5630
1 1920 14402 3748
1 15673 4581 9074
1 6967 15673 9074
1 1763 6926 12130
1 13170 13500 7602
1 13170 3177 13500
1 9543 6339 1228
1 16542 7802 10589
1 4500 18218 3902
1 12009 5790 9916
1 1659 15795 14294
1 5207 7591 12095
1 7473 12907 11032
1 18465 17267 12553
1 16593 17044 1677
1 1498 14353 10194
1 14548 12095 5092
1 14929 15830 15833
1 8741 2488 5781
1 2286 9042 16403
1 10666 14263 10682
1 5230 14034 10243
1 15732 3902 15695
1 15652 12127 72
1 3663 12127 15652
1 5507 960 17147
1 5507 17147 12649
1 4857 11183 3574
1 4857 3574 12442
1 1264 7925 3209
1 5164 16272 10846
1 15652 72 10686
1 15579 1205 10881
1 4998 13950 4284
1 2116 13774 5080
1 13774 895 5080
1 1677 7538 16593
1 2379 16593 7538
1 13697 3209 1564
1 1927 3209 13697
1 2317 5467 12024
1 15729 15025 4275
1 5894 8710 13117
1 4305 15090 12009
1 4305 12009 17273
1 2095 10746 8169
1 8169 10746 1838
1 17603 12334 3702
1 1574 15623 9068
1 17516 12334 17603
1 14862 1642 11598
1 15000 11598 1642
1 18298 1489 8782
1 10879 15825 4366
1 1807 13960 1808
1 13960 13340 1808
1 14814 1666 11236
1 14242 16504 15846
1 15672 10846 8443
1 10331 1489 18298
1 3201 1873 3707
1 12103 2366 4630
1 15814 12103 4630
1 14035 9252 7539
1 3511 9252 14035
1 15642 13093 15667
1 13210 10840 1591
1 10840 12999 1591
1 15258 4069 12090
1 15763 10331 11921
1 3310 7867 11024
1 11024 7867 13729
1 13691 11334 12776
1 16103 2614 12623
1 6807 7689 1912
1 1912 7689 5716
1 10856 1720 11598
1 10856 10052 1720
1 1264 8262 7925
1 8667 7526 1834
1 12270 15375 15722
1 6834 15093 4308
1 14550 4607 9897
1 13419 1504 5153
1 16103 1699 2614
1 3289 6614 1820
1 10444 148 15477
1 15628 15629 18371
1 17147 960 12648
1 14185 1726 1720
1 18216 14185 1720
1 4902 1820 1817
1 6079 17515 11726
1 8862 13757 3338
1 15615 4322 13522
1 1661 6949 15525
1 4094 9390 14812
1 18280 16499 7856
1 15813 15816 5731
1 15816 15813 15820
1 10194 1904 17019
1 13653 1546 11678
1 8741 5781 13774
1 12907 7473 15717
1 5092 12095 2365
1 15841 15850 15933
1 11084 15380 6417
1 4283 15038 11568
1 4283 11568 15186
1 1663 1660 1664
1 13207 3940 13210
1 13207 13210 7904
1 12104 6184 10817
1 3310 11024 2015
1 2015 11024 13729
1 15857 4655 6364
1 4857 11007 13994
1 2317 15286 5467
1 1309 8144 2370
1 15803 15808 9190
1 8144 12128 2370
1 6496 1790 1784
1 1104 3665 12422
1 1496 12023 8752
1 15764 14266 1104
1 17265 14313 2614
1 13093 15613 16758
1 1442 1648 1640
1 6128 6613 1800
1 1800 8350 6128
1 9809 8144 1309
1 1555 1556 1055
1 1055 1556 17166
1 15583 3687 13477
1 17166 1556 9777
1 6490 13502 3177
1 16804 14710 11410
1 14422 10335 9513
1 1850 4205 12993
1 7867 1591 8986
1 6655 5243 15765
1 14895 3672 14276
1 11591 15759 8981
1 16519 15760 8981
1 12335 15377 16466
1 13865 805 9809
1 7613 14163 8217
1 7613 8217 15594
1 15732 11529 3337
1 12776 15582 16284
1 8148 941 13269
1 12112 941 8149
1 4244 8149 941
1 14008 1872 5630
1 3270 13668 14526
1 6339 10760 1691
1 1691 10760 151
1 3198 8813 17422
1 13543 1920 8813
1 1664 16102 4808
1 14021 15716 18202
1 18210 12709 14185
1 12650 13207 11985
1 17592 15877 12001
1 15877 10873 12001
1 15579 10881 15941
1 15813 15817 5767
1 4607 9522 15733
1 16486 13866 15653
1 752 14686 11758
1 11599 15616 16591
1 15695 7845 5547
1 7845 16636 2723
1 17521 8203 15905
1 17472 6834 6128
1 5195 15452 11807
1 14710 5599 1648
1 15836 4344 10875
1 1608 7053 9378
1 247 7053 1608
1 15785 13456 11186
1 15688 9791 16573
1 15222 15730 15025
1 14212 15760 15026
1 16427 5088 16428
1 15476 17433 15730
1 12617 15792 16884
1 8710 15570 16091
1 8710 16375 15570
1 12179 10335 1520
1 9068 10793 15648
1 10443 15648 10793
1 4040 2294 13865
1 4040 13865 10609
1 8385 16503 6060
1 3287 15940 10880
1 1640 5599 1782
1 8322 15186 976
1 8322 976 3663
1 15726 10072 14046
1 13447 813 3134
1 12110 2640 5273
1 14545 12100 11332
1 9068 11263 10793
1 11263 1704 10793
1 14881 2872 1439
1 4867 14555 3512
1 12128 17166 11452
1 10511 15618 1867
1 1867 17224 10511
1 13469 12999 7507
1 13469 3150 12999
1 14862 18285 13908
1 17114 13729 7867
1 2379 7538 12140
1 14236 15594 6115
1 15594 946 6115
1 3287 15572 15940
1 9809 12128 8144
1 9753 6614 10956
1 9753 10956 3177
1 9097 15025 17433
1 11260 15113 1157
1 16505 15841 15933
1 1557 10880 11350
1 13601 3231 2585
1 13407 13601 2585
1 3121 8307 8477
1 3121 13419 8307
1 13691 4902 1811
1 5380 13540 6575
1 151 1576 11530
1 15543 1576 151
1 13700 14276 1896
1 3508 14036 10243
1 15668 18201 16477
1 9817 5717 12172
1 4040 10609 3406
1 11334 15582 12776
1 11678 7409 8479
1 4069 10852 1671
1 12090 4069 1671
1 1927 7999 3209
1 16479 7999 1927
1 15860 3511 14035
1 1794 13960 13930
1 16684 14236 15778
1 2801 12908 4451
1 2801 4451 11032
1 16403 9042 8251
1 4094 11236 9390
1 12070 2358 13829
1 15722 15375 8539
1 14469 15654 14034
1 15822 17259 16322
1 15822 16322 13038
1 4947 12081 1845
1 15728 17432 15726
1 9510 14294 3686
1 4867 15021 14555
1 1504 12069 8594
1 14485 10145 7053
1 8617 4738 15763
1 4340 1520 10333
1 4411 10333 1520
1 2365 12100 14545
1 13865 1636 805
1 9844 15616 2625
1 15616 11599 2625
1 8645 18298 14293
1 15936 16510 10877
1 8980 11387 7054
1 11185 11387 8980
1 8325 15089 1534
1 13663 3320 1826
1 16734 16535 8667
1 1356 17034 1564
1 17034 1567 1564
1 13117 16091 4799
1 979 13454 8350
1 8350 13454 6128
1 15663 5766 15657
1 15663 6534 5766
1 15571 16479 1927
1 12967 16479 15571
1 11186 1857 15451
1 6858 1857 11186
1 16804 11410 1908
1 5123 15292 5997
1 11762 13250 8752
1 17517 11599 15904
1 6544 6655 15765
1 6655 14294 15795
1 1784 1790 14701
1 1880 8798 15912
1 8798 1880 13692
1 3134 14973 17397
1 8752 3264 11762
1 15616 13600 15263
1 14471 15697 18460
1 13270 11478 1642
1 15000 1642 11478
1 17520 11726 17515
1 15833 16301 13038
1 8527 1516 16285
1 2191 11838 17268
1 1581 18189 13667
1 7123 15789 13941
1 12071 6186 12072
1 3257 11678 5070
1 12442 1806 11007
1 4857 12442 11007
1 14236 6115 15778
1 1101 3449 8981
1 13999 2669 16780
1 4369 9252 3511
1 10219 15842 16505
1 15089 9917 18452
1 15581 11334 16510
1 5360 5164 11012
1 5164 16573 11012
1 1811 4902 14268
1 1811 14268 10877
1 15830 16301 15833
1 1163 5950 14550
1 8745 1581 13667
1 8745 7937 1581
1 11410 7773 1910
1 14415 11180 5142
1 12557 7966 16503
1 12474 11921 12422
1 14373 3584 14163
1 1834 16421 9524
1 14325 9086 1
1 1534 15089 18452
1 15636 9092 13399
1 15842 1559 16169
1 10219 1559 15842
1 17432 15728 6055
1 9097 6055 15728
1 1777 12555 18456
1 3006 16811 5323
1 15803 9190 14373
1 15619 1872 14008
1 3497 13999 9242
1 15248 3509 9258
1 15623 12370 13887
1 9291 14462 15624
1 15903 9291 15624
1 12993 13834 3672
1 1808 8005 3958
1 1808 13340 8005
1 4785 11865 6027
1 10746 6376 1838
1 15468 12818 1883
1 6478 16376 13231
1 8164 15691 9074
1 5120 8164 9074
1 10666 1661 11711
1 11711 1661 10683
1 1818 8031 7906
1 18271 7798 824
1 1873 15619 12445
1 1487 1531 11845
1 15744 14422 9513
1 7441 1810 1793
1 3187 11746 13522
1 10441 1531 8251
1 752 11758 7432
1 1495 13250 11762
1 11762 3264 1495
1 15615 11480 4322
1 11185 8980 7809
1 9390 5282 14812
1 12024 5467 16995
1 4607 1489 9522
1 15800 2813 15808
1 2813 15816 9190
1 9094 15743 15372
1 16285 6898 3035
1 15763 4738 10331
1 15657 11964 16811
1 14666 14008 3495
1 11868 2585 11746
1 11544 2585 11868
1 4792 2461 12339
1 4792 12339 16069
1 15728 5717 9817
1 13038 15040 15822
1 1910 7773 9897
1 13340 13960 14403
1 10391 4655 1545
1 12370 3566 4685
1 13887 12370 4685
1 17521 11982 11890
1 16466 15377 9925
1 2585 9937 12570
1 3231 9937 2585
1 15914 9944 295
1 4194 14943 6950
1 7433 14686 16637
1 16532 17849 5140
1 12081 1545 2095
1 5637 7599 9777
1 15778 15765 16684
1 3198 6037 13300
1 17473 3198 13300
1 14881 979 1207
1 3687 8798 4975
1 752 7432 16635
1 15670 3300 15642
1 3300 13093 15642
1 6115 946 10335
1 12009 15636 6685
1 4630 2366 13403
1 10879 1540 15825
1 1875 12818 18235
1 11231 1875 18235
1 10219 16505 15849
1 1516 10220 16285
1 14267 1744 10221
1 6591 4932 16240
1 1205 15579 10221
1 1660 10223 15210
1 2473 7848 12369
1 14034 3508 10243
1 13691 3289 1820
1 17034 960 5507
1 13470 3150 4536
1 12257 12913 2803
1 12257 7460 12913
1 6182 13757 6027
1 6182 3338 13757
1 9258 4381 5197
1 6589 17762 12394
1 15688 15667 9791
1 13438 4808 7460
1 14666 3495 15617
1 12069 13420 15395
1 13419 3121 13420
1 5323 13294 13260
1 13260 13294 15666
1 4658 247 1608
1 4466 10443 10793
1 2517 10511 16170
1 16702 1501 10611
1 10666 11711 3065
1 3665 2530 12422
1 2530 3665 12473
1 3065 11711 10683
1 1661 15525 10683
1 17147 1300 12649
1 13209 12649 1300
1 1704 4466 10793
1 15700 15696 7834
1 14667 1807 1808
1 13403 10817 1856
1 14710 9887 5599
1 16505 15933 15849
1 15759 16883 10873
1 15834 15836 10875
1 16504 10875 15846
1 13312 10876 1522
1 10876 4066 16507
1 976 10963 15037
1 15186 10963 976
1 15796 7613 14235
1 11011 13261 1779
1 1782 13836 11021
1 12907 2801 11032
1 7689 15844 5716
1 15661 13560 13259
1 13699 3295 6417
1 6417 3295 11084
1 16503 17586 6060
1 11180 4197 5142
1 1857 11185 11808
1 15758 11185 1857
1 9390 11236 5282
1 11331 12088 1918
1 1811 11334 13691
1 7999 5122 3209
1 12650 2308 13209
1 14812 1880 11372
1 11286 5277 4275
1 11383 1500 15589
1 1648 7773 11410
1 15700 11451 15697
1 11372 1880 15912
1 1996 7162 11479
1 1996 3065 11480
1 2015 13729 11527
1 7516 2015 11527
1 11529 13127 15737
1 14710 1648 11410
1 10331 18298 8645
1 14620 3337 15737
1 4576 11657 3925
1 16272 3502 8443
1 11696 2116 16993
1 11180 1567 9298
1 14415 1567 11180
1 14938 14152 15576
1 2212 11822 3338
1 11824 1896 14592
1 7131 3387 15802
1 11890 11822 2212
1 11890 2212 17514
1 1662 15210 4367
1 11964 2298 5323
1 11982 15903 15624
1 11985 13704 2308
1 12650 11985 2308
1 2308 13435 11987
1 13209 2308 11987
1 4395 11230 1875
1 13250 4395 1875
1 17590 15879 12003
1 12007 17588 15878
1 17273 12009 1354
1 18228 2461 11969
1 3129 17167 5637
1 8072 12060 4467
1 1504 13419 12069
1 4306 2358 12070
1 12071 2358 4306
1 12071 12072 2358
1 2358 12072 16645
1 12076 13206 2360
1 14546 3867 12088
1 16594 7538 12100
1 14973 2366 12103
1 13445 12104 2366
1 3015 12112 16472
1 976 8325 12127
1 3663 976 12127
1 2370 12128 18271
1 2379 4368 12141
1 12172 3617 5277
1 12088 14545 1918
1 15615 16427 9585
1 18323 12270 16377
1 12278 1501 16702
1 12334 15648 14326
1 15648 12334 17449
1 12021 1496 13535
1 1155 1497 12335
1 12337 1519 14778
1 12369 12160 2473
1 2473 3566 12370
1 12370 10217 2473
1 14373 14163 7613
1 6831 13206 7535
1 5576 12445 2517
1 12473 3925 2530
1 12474 12422 2530
1 15732 4500 3902
1 13445 2366 14973
1 14018 3502 14017
1 12130 16593 2379
1 12547 13535 2577
1 2577 4462 12548
1 7102 3667 12552
1 2579 6831 12553
1 12553 6113 2579
1 2579 17268 12554
1 2581 16495 12557
1 10444 7465 2581
1 5782 17266 12564
1 14469 5230 15655
1 17422 3748 6971
1 2612 12617 13933
1 3006 5323 13260
1 7907 2853 17147
1 4186 2976 12650
1 12684 14048 1535
1 2640 12067 6057
1 1491 16090 12692
1 5814 2370 12109
1 15813 5767 13815
1 17267 5782 6113
1 6113 5782 12564
1 13691 12776 3289
1 5153 13446 2717
1 3134 2717 13446
1 12812 3108 15385
1 17265 2614 12622
1 12913 14485 2803
1 15791 16390 4890
1 16375 12967 15570
1 15729 15879 15222
1 7131 13829 16645
1 13117 4799 7461
1 9076 4197 4273
1 9546 5552 2935
1 15089 4305 9917
1 5523 13272 3015
1 5277 3617 14212
1 13689 16508 4068
1 15572 13689 14594
1 13438 12257 2803
1 2976 13207 12650
1 13208 2976 4186
1 2853 1300 17147
1 16427 9844 5088
1 5937 13259 3006
1 3791 5937 13261
1 6364 4655 14702
1 6364 15860 5639
1 13836 3015 13270
1 3015 16472 13270
1 5639 4179 14923
1 12179 6115 10335
1 15860 14702 3511
1 13312 1487 3035
1 13316 11696 16993
1 8968 13316 3036
1 16240 14998 15844
1 15698 11451 14504
1 3150 6478 13231
1 11498 10666 3065
1 13968 15376 6354
1 2576 15813 5731
1 1504 10506 13446
1 13397 14778 3107
1 13399 13398 3107
1 8968 3108 12812
1 11544 13407 2585
1 13411 16476 15642
1 4565 4190 3123
1 13435 5259 3302
1 13435 3302 13706
1 3129 13436 5259
1 3129 5637 13436
1 13437 1576 17167
1 559 15810 13440
1 15236 559 13440
1 13446 5988 3134
1 3134 17397 13447
1 5608 2612 13456
1 3150 13469 6478
1 13477 16284 15582
1 13642 15737 13479
1 6949 13523 3187
1 13523 11544 3187
1 2577 13535 4462
1 6834 13300 6613
1 752 824 16637
1 13815 3837 7838
1 13560 15661 13601
1 15853 16499 18280
1 14787 15259 3489
1 4069 4395 15259
1 12570 9937 9844
1 14972 13606 15835
1 1550 14556 12851
1 12851 4867 3512
1 3925 13642 2530
1 15825 1540 13653
1 3264 13663 1495
1 3264 8994 13663
1 12023 3264 8752
1 18459 13666 4576
1 13667 6876 3270
1 3270 14295 13668
1 1717 8148 13683
1 13690 1540 16508
1 3287 13690 13689
1 3289 13692 6614
1 3289 4975 13692
1 3129 5259 13704
1 13437 3129 13704
1 15021 3302 13705
1 5259 13705 3302
1 14557 13706 3302
1 3310 7904 7867
1 8167 9201 12709
1 6762 3326 9203
1 15636 4980 9092
1 11696 13774 2116
1 12552 5273 16732
1 5142 4197 14948
1 8324 5852 12139
1 16647 13829 5208
1 7131 5208 13829
1 12349 11498 11479
1 3392 1701 5523
1 13836 5523 3015
1 3406 4504 13867
1 13887 4685 4581
1 11982 11822 11890
1 14942 4194 13900
1 4194 6950 13900
1 5552 12700 2935
1 16495 17587 12841
1 1793 13930 16353
1 13932 16882 3449
1 13933 5378 7197
1 13933 16884 5378
1 1556 1555 14555
1 1659 1658 15795
1 17146 475 8745
1 14557 3302 15021
1 11544 11868 3187
1 15617 3495 13994
1 17897 13994 3495
1 14018 14019 3502
1 14020 3509 15248
1 18234 18202 7543
1 7432 3508 14034
1 14042 4369 3511
1 14702 14042 3511
1 18234 14046 3509
1 3509 14021 18234
1 14922 10052 4179
1 16300 15575 14152
1 14164 7123 3584
1 14171 5710 15821
1 12172 8980 3617
1 1520 4340 12179
1 13867 4504 5544
1 14263 8322 3663
1 8325 5852 12127
1 14266 3665 1104
1 4166 5834 14275
1 17514 15030 11890
1 8782 14579 14293
1 6876 14295 3270
1 12851 3512 14048
1 3697 14312 8051
1 8051 5782 14313
1 5782 17267 14313
1 15649 11598 1720
1 14336 3799 2717
1 9924 17118 12444
1 3925 11657 14620
1 14577 5576 2517
1 14353 14354 6061
1 15843 6152 14767
1 14373 14164 3584
1 4703 14382 9944
1 18271 824 2370
1 15629 5710 13576
1 14416 8307 3799
1 14416 3799 8741
1 14422 4411 1520
1 14422 1520 10335
1 7834 14686 7433
1 14462 3791 13261
1 9291 3791 14462
1 3791 14463 5937
1 13600 14463 3791
1 14465 5937 3006
1 14465 3006 13260
1 5710 16760 15821
1 15629 16760 5710
1 15653 15654 14469
1 2488 3799 14336
1 13704 5259 13435
1 15698 14504 4500
1 14526 13667 3270
1 2317 12024 8994
1 14556 6155 4867
1 14577 2517 17118
1 16377 14592 12892
1 10220 16506 14593
1 14594 13689 4068
1 10221 15579 14595
1 4066 14596 10222
1 10223 15577 14597
1 15847 10219 14598
1 3925 14620 13642
1 8005 14665 3958
1 6246 4548 14666
1 1808 3958 14667
1 12130 12141 8168
1 3333 6575 3997
1 3333 3997 8986
1 8463 4275 15026
1 6966 15843 14767
1 10609 12109 13866
1 15258 4395 4069
1 4069 14787 10852
1 4069 15259 14787
1 10852 6841 12076
1 14263 10305 8322
1 4094 14812 11372
1 14814 11236 4094
1 7432 18181 16635
1 13867 5544 10682
1 3940 7507 13210
1 18285 14862 4566
1 15649 1726 4566
1 4566 14862 15649
1 13273 13836 1782
1 16400 11858 18242
1 13699 14275 3295
1 17224 1867 14896
1 4166 14896 5834
1 8194 12342 4792
1 5937 14463 13259
1 13208 4186 1380
1 4190 14938 11583
1 14947 4273 4197
1 4197 9076 14948
1 6581 15721 16780
1 12907 5304 2801
1 4544 13606 14972
1 14972 4659 4544
1 5988 14973 3134
1 10506 18323 5988
1 5202 12021 15743
1 14999 4244 941
1 4244 15000 8149
1 4244 11598 15000
1 2625 11599 5088
1 6155 15021 4867
1 15022 4273 6155
1 4273 15022 9076
1 15852 4274 15023
1 11286 4275 15025
1 5277 15026 4275
1 15612 1558 10305
1 15037 4305 8325
1 15037 10963 4305
1 16301 4284 15040
1 15844 15040 17222
1 16285 10220 6898
1 1378 10876 13312
1 8325 4305 15089
1 10963 15090 4305
1 12070 15091 4306
1 12071 4306 15092
1 4307 14267 10221
1 4308 15093 10391
1 15810 4308 4947
1 12081 2095 8169
1 15700 7834 18218
1 7834 6888 18218
1 4338 9242 12118
1 16519 12983 4339
1 15760 16519 4339
1 4340 10333 14265
1 14266 12179 4340
1 13999 7525 9242
1 12117 12118 18460
1 15210 10223 4367
1 15211 7720 4368
1 12140 15211 4368
1 4369 15213 9252
1 15214 4369 14042
1 1439 15214 13454
1 15222 12984 4382
1 15730 15222 4382
1 1699 7720 4808
1 16102 12622 1699
1 7531 15248 9258
1 14020 15248 7531
1 3502 14019 4962
1 15258 11230 4395
1 15263 3791 9291
1 15263 13600 3791
1 4411 15292 10333
1 15293 4411 14422
1 12130 2379 12141
1 11964 5323 16811
1 12908 15452 4451
1 12818 11230 7602
1 13535 11231 4462
1 12547 12021 13535
1 6060 14325 3702
1 5378 4890 16883
1 15477 8072 4467
1 8798 14382 4703
1 15912 8798 4703
1 9897 4607 15733
1 14504 18218 4500
1 4504 16486 6949
1 1516 16506 10220
1 11527 9546 738
1 15543 15731 4515
1 4515 1576 15543
1 15629 17248 7906
1 15090 15636 12009
1 8968 15589 13316
1 8710 5122 16375
1 15654 12109 18181
1 15612 10305 14263
1 12129 805 7425
1 7613 15594 3649
1 4481 7671 6062
1 4544 782 15606
1 4544 14929 782
1 13177 13606 4544
1 6246 15617 3958
1 3958 15617 14667
1 15618 4548 6246
1 4576 13666 11657
1 11451 13666 12117
1 4685 15670 4581
1 15384 12278 16627
1 13887 4581 15673
1 16627 5202 9094
1 15386 16422 11383
1 6155 4273 14557
1 5950 4729 15734
1 4659 18228 11969
1 15816 17965 14164
1 3392 5523 13273
1 15810 6834 4308
1 15811 6835 4630
1 4630 13403 15811
1 13403 12104 10817
1 9543 5547 6339
1 6966 14767 15841
1 6246 14666 15617
1 13930 15838 16323
1 14666 15619 14008
1 1463 15857 3451
1 5639 15860 14700
1 4655 15861 14702
1 14972 12340 4659
1 15865 7587 11969
1 13005 17134 15575
1 14596 4067 10222
1 10874 15878 15693
1 13407 15655 13601
1 13522 11746 12570
1 15905 4697 15903
1 15904 11599 4697
1 12442 3737 15838
1 15778 15764 15765
1 10846 15685 16573
1 15688 16573 15685
1 4088 7422 16376
1 11372 15912 15491
1 8441 4703 15914
1 4703 9944 15914
1 16425 14469 15655
1 4603 15663 15658
1 3337 11529 15737
1 10875 15938 15846
1 15732 12471 4500
1 15763 12474 13479
1 13093 3300 15613
1 13479 8617 15763
1 17222 16240 15844
1 16496 10219 15847
1 15852 15023 15853
1 3757 14415 5142
1 15816 15820 17965
1 15669 18294 18233
1 7606 18294 7918
1 883 12908 16781
1 15663 13560 15658
1 10956 14812 5282
1 15657 13560 15663
1 18460 15697 12117
1 3737 7802 15838
1 8463 15026 15760
1 15792 11101 15791
1 15792 15791 16884
1 12339 12340 7595
1 15721 15716 16797
1 7461 4799 16090
1 4799 16091 5597
1 16104 4808 7720
1 7907 475 17146
1 16169 4857 9808
1 16170 5718 12444
1 14556 4867 12851
1 16883 4890 10873
1 13208 3940 2976
1 14998 3949 3387
1 4932 15808 3949
1 15800 15808 17764
1 3949 15808 15802
1 10846 16272 8443
1 13692 4975 8798
1 13477 4975 16284
1 8527 16285 3035
1 12548 16295 2577
1 7473 11032 15756
1 12692 16300 4190
1 4190 16300 14938
1 11260 16304 15091
1 15113 1659 9510
1 12103 15814 1845
1 5009 16323 7802
1 16479 12967 16375
1 16390 15791 11101
1 18242 8072 16400
1 13259 16811 3006
1 8251 16405 5070
1 16777 1826 16533
1 11101 15792 14942
1 2580 16420 6589
1 11695 5080 16421
1 5080 895 6588
1 13420 5081 16423
1 13419 13420 12069
1 15653 14469 16425
1 15653 16425 11544
1 16427 16428 9585
1 12088 5092 14545
1 12336 16463 5110
1 16472 12112 8149
1 5116 13269 12112
1 5116 2371 13269
1 15670 16476 5120
1 16477 5120 16476
1 16477 8164 5120
1 16479 5122 7999
1 6971 16487 6037
1 16090 4799 13005
1 4799 5597 13005
1 7465 16495 2581
1 10875 4344 16496
1 4344 10219 16496
1 1378 16497 10876
1 10222 4067 4366
1 16499 6061 7856
1 15834 10875 16504
1 10876 16507 1522
1 15759 16519 8981
1 16532 5140 8666
1 16777 16533 5140
1 16535 7526 8667
1 3757 5142 16539
1 16539 5142 14948
1 5009 7802 16542
1 14620 11657 12471
1 15652 13867 10682
1 12474 13642 13479
1 16575 5164 5360
1 4697 16591 9291
1 11599 16591 4697
1 12139 14048 2378
1 5718 17224 4166
1 4166 17224 14896
1 11809 11186 15451
1 14526 13668 7422
1 16627 12278 5202
1 15384 16627 6196
1 5206 7798 16636
1 16643 5208 7131
1 16645 3387 7131
1 16645 12072 8465
1 8083 16647 5208
1 14469 14034 5230
1 5230 4603 15658
1 5243 16815 16684
1 16684 15765 5243
1 8148 13269 12110
1 15020 4273 14947
1 5291 8862 1305
1 5202 16702 10611
1 12278 16702 5202
1 13435 13706 11987
1 6287 3702 14325
1 5273 11397 16732
1 7102 16734 2580
1 12556 16734 8667
1 16735 3667 7102
1 16735 12110 5273
1 9817 12172 5277
1 9882 7809 12172
1 9097 11286 15025
1 14814 17463 1666
1 16757 8862 3338
1 5291 16758 8862
1 14235 8083 5208
1 14235 5208 16643
1 15628 16069 16760
1 11334 15581 16762
1 18233 18294 7606
1 16532 1764 17849
1 12907 16780 5304
1 2801 5304 16781
1 16797 15716 18295
1 16353 16323 5009
1 3100 3757 16539
1 1807 14667 1806
1 16685 8083 5243
1 16573 9791 11012
1 15700 14504 11451
1 3449 16882 7197
1 7197 5378 16883
1 16884 15791 5378
1 17449 12334 3046
1 15700 18218 14504
1 4273 15020 14557
1 10742 7599 4515
1 9076 7409 14948
1 12552 8666 1030
1 12776 4975 3289
1 12776 16284 4975
1 16301 15040 13038
1 1030 16533 16535
1 3036 16993 6953
1 6953 5467 16994
1 7675 15765 15761
1 18233 7606 14020
1 1498 17019 14577
1 5576 17019 6968
1 16322 7589 5009
1 15833 13038 16542
1 5507 1567 17034
1 1570 2017 12649
1 7589 16353 5009
1 6057 5511 17043
1 6926 17043 5511
1 1696 17044 17151
1 7601 5511 17044
1 15879 10872 12003
1 10874 12007 15878
1 4194 7906 17248
1 13273 5523 13836
1 11022 17068 13273
1 11431 17068 11022
1 11021 13836 13270
1 13397 5876 17510
1 15834 13606 15836
1 7718 14498 8031
1 15764 1104 15761
1 4244 10856 11598
1 4244 10052 10856
1 11858 15691 18242
1 15647 12557 16503
1 7867 8986 17114
1 15629 13576 17248
1 14171 17594 13576
1 5576 3707 12445
1 14577 17118 9924
1 14577 17019 5576
1 16091 15570 3560
1 13005 5597 17134
1 5599 9887 11022
1 3121 5081 13420
1 4998 16301 7587
1 17151 5511 6057
1 17151 17044 5511
1 2136 6490 11838
1 10584 11789 17513
1 9777 7599 17166
1 5637 17167 7599
1 5639 14923 14701
1 7197 16883 11591
1 7197 11591 8981
1 16882 13932 12618
1 15399 11372 15491
1 15491 4703 8441
1 17472 15093 6834
1 13438 7460 12257
1 4211 11084 3295
1 12622 14314 17265
1 5710 14171 13576
1 17222 4284 6591
1 15040 4284 17222
1 12444 5718 17223
1 10511 5718 16170
1 17224 5718 10511
1 14498 15628 18371
1 10072 6055 6374
1 10072 17432 6055
1 17259 7441 7589
1 17266 5782 8051
1 6113 17268 2579
1 12337 14778 13397
1 9917 4305 17273
1 4186 13209 1300
1 17847 5766 6534
1 17847 15697 14471
1 17277 1744 14267
1 16575 14017 16272
1 10846 16573 5164
1 16472 8149 13270
1 16473 5116 13272
1 13828 14998 3387
1 14275 5834 14895
1 17223 14275 13699
1 7425 2378 12129
1 14702 15861 14042
1 2378 3512 12129
1 13398 17323 5876
1 9092 13398 13399
1 8217 15781 15594
1 7197 8981 3449
1 2813 9190 15808
1 13261 5937 14465
1 14465 13260 11009
1 14462 13261 11011
1 17512 12349 11479
1 9298 14947 11180
1 5048 15376 11824
1 12448 13908 1163
1 13908 5950 1163
1 10243 6534 15663
1 5988 13445 14973
1 17397 12103 13447
1 17397 14973 12103
1 16240 4932 14998
1 2576 15817 15813
1 11013 5304 2669
1 13757 15613 4785
1 15613 11865 4785
1 2212 6027 17417
1 6027 11291 17417
1 12109 16635 18181
1 12128 11452 18271
1 13690 16508 13689
1 17422 6971 6037
1 3198 17422 6037
1 17259 7589 16322
1 15647 10443 12557
1 6374 6055 17433
1 11397 6057 17043
1 12067 17151 6057
1 5273 2640 11397
1 4194 14942 7906
1 6062 17438 4481
1 2181 5195 11807
1 2181 15451 5195
1 2576 5731 13950
1 17267 6113 12553
1 6113 12564 17268
1 17266 11837 12564
1 17268 11838 12554
1 15764 4165 12179
1 15764 15778 4165
1 4211 13968 6579
1 12270 15722 5048
1 11013 16781 5304
1 16465 12336 5110
1 9925 5110 16466
1 14557 15020 13706
1 15021 13705 14555
1 6155 14557 15021
1 14556 15022 6155
1 12552 16732 8666
1 3079 4179 10052
1 9887 11431 11022
1 9790 3338 13759
1 16757 3338 9790
1 8862 16758 13757
1 15667 5291 9791
1 17847 14471 5766
1 7461 6876 18189
1 14667 15617 13994
1 17764 4932 6591
1 13950 5731 15800
1 17521 15905 11982
1 15030 17521 11890
1 17510 12337 13397
1 17524 17323 13398
1 13470 5380 6575
1 6287 14325 17602
1 15825 13653 3257
1 3257 13653 11678
1 16404 5070 8479
1 14353 12336 14354
1 14314 3697 17265
1 6873 3697 14314
1 11822 13759 3338
1 1228 6339 1691
1 2723 10760 6339
1 4659 11969 14929
1 15802 16643 7131
1 12070 16647 1658
1 13411 15667 15688
1 14700 15860 14035
1 5116 12112 3015
1 6374 17433 15476
1 5718 4166 17223
1 17223 4166 14275
1 17585 14943 13576
1 17584 16390 11101
1 10875 15847 15938
1 13576 17594 17585
1 17114 11527 13729
1 11032 4451 15450
1 4274 15852 14219
1 16069 12339 15821
1 12339 7595 15821
1 12342 2461 4792
1 18371 7906 8031
1 4481 17438 15497
1 12337 4481 15497
1 151 10760 15543
1 13543 8813 3198
1 2360 10852 12076
1 13315 5467 6953
1 13315 16995 5467
1 13560 13601 15658
1 6490 17723 13502
1 16390 17593 4890
1 4205 13834 12993
1 1920 4205 14402
1 6544 3686 14294
1 13663 1826 3489
1 3336 9887 14710
1 12072 13828 8465
1 10956 1880 14812
1 16420 17762 6589
1 12556 9524 16420
1 13887 15673 15645
1 15618 6246 14665
1 14353 6061 1904
1 10223 16509 15577
1 15795 16685 5243
1 16430 14767 6152
1 16425 13407 11544
1 14938 16300 14152
1 9510 9203 15113
1 15698 4500 12471
1 4022 1576 13437
1 2579 2360 6831
1 2360 13206 6831
1 6834 559 13300
1 559 6834 15810
1 17473 15236 6835
1 13440 15810 4947
1 6835 15811 13543
1 15236 13440 15814
1 10852 16777 6841
1 5140 17849 6841
1 12076 6841 17849
1 12112 13269 941
1 16815 14236 16684
1 15830 7587 16301
1 1519 15497 1516
1 17853 5717 15728
1 15758 1857 6858
1 14314 4367 6873
1 14295 9378 13668
1 18189 6876 13667
1 17603 3702 6287
1 13446 10506 5988
1 3046 17516 12848
1 11452 10742 7798
1 14896 12993 5834
1 16486 13523 6949
1 11101 14942 13900
1 16993 13315 6953
1 13315 11695 16995
1 4980 15636 15038
1 16419 15835 14242
1 16419 17803 7595
1 9808 4857 17897
1 3495 9808 17897
1 17898 15673 6967
1 4274 3201 6968
1 14403 16487 6971
1 16323 15838 7802
1 16542 10589 15833
1 16322 5009 16542
1 2640 6057 11397
1 11350 1927 13697
1 13950 17764 4284
1 17463 16295 12548
1 13666 15698 11657
1 11657 15698 12471
1 5997 4411 15293
1 15740 10822 15292
1 15714 15721 16797
1 1739 15844 14998
1 11009 13260 15666
1 1101 13932 3449
1 12913 7591 14485
1 11013 883 16781
1 5197 15692 18242
1 13437 17167 3129
1 1856 13834 13543
1 1810 17953 1914
1 7102 12552 1030
1 7102 1030 16734
1 7123 7953 15789
1 17965 7123 14164
1 12070 13829 16647
1 16498 15578 10881
1 4367 16498 10881
1 8782 14293 18298
1 9510 3686 14579
1 11479 7162 17995
1 9585 17519 1996
1 11480 9585 1996
1 5766 11964 15657
1 16882 13933 7197
1 13933 12617 16884
1 15877 12983 16519
1 15879 12984 15222
1 14767 15850 15841
1 8994 7526 3320
1 18181 7432 14034
1 11758 14686 14036
1 11451 12117 15697
1 12119 14618 15740
1 7123 17965 7953
1 15695 9543 15732
1 2116 11695 13315
1 2116 5080 11695
1 813 14336 2717
1 11746 2585 12570
1 4339 12983 4637
1 2517 12444 17118
1 2517 16170 12444
1 16535 3320 7526
1 11568 15038 10963
1 11568 10963 15186
1 14526 8745 13667
1 13127 8617 13479
1 15695 6888 12351
1 3509 14046 4381
1 2530 13642 12474
1 11498 12349 15612
1 7461 16090 1491
1 18189 13117 7461
1 13117 8710 16091
1 16495 7966 12557
1 7465 17587 16495
1 8968 11383 15589
1 3387 3949 15802
1 1591 3333 8986
1 4338 3497 9242
1 9242 7525 18453
1 18454 7525 15715
1 13999 15715 7525
1 7531 8164 18201
1 18201 14020 7531
1 5230 15658 15655
1 13206 18458 7535
1 7535 18458 8168
1 12130 7601 16593
1 1719 14035 18210
1 7539 8167 18210
1 7539 18211 8167
1 9252 18211 7539
1 14035 7539 18210
1 3509 4381 9258
1 11838 6490 1822
1 7535 8168 18465
1 15877 16519 15759
1 12983 15877 17592
1 12984 15879 17590
1 1719 18216 14922
1 10609 5814 12109
1 10880 15940 15574
1 10220 4065 16497
1 10220 16497 6898
1 10221 15580 10877
1 10221 10877 4307
1 10223 15578 16498
1 4367 10223 16498
1 1305 8862 16757
1 1719 14185 18216
1 12340 18228 4659
1 11969 7587 15830
1 7589 7441 16353
1 13930 16323 16353
1 12340 16419 7595
1 17166 7599 10742
1 7599 17167 4515
1 16593 7601 17044
1 4501 11530 2015
1 7606 18295 14021
1 7606 7918 18295
1 12473 3665 14265
1 15796 14373 7613
1 14373 9190 14164
1 10217 17523 2473
1 2473 17523 7848
1 15729 15222 15025
1 1720 10052 14922
1 11639 14923 3079
1 11985 13437 13704
1 5259 13436 13705
1 15628 7027 16069
1 15211 16104 7720
1 16103 12623 15212
1 15879 15729 10872
1 4344 13177 11183
1 789 11858 16400
1 16430 15850 14767
1 15851 16430 6152
1 6858 12618 15758
1 11452 7798 18271
1 10742 16636 7798
1 16322 16542 13038
1 5197 4381 15692
1 15577 16509 10878
1 15581 16510 15936
1 1522 16507 10222
1 10223 1660 16509
1 16509 1660 10878
1 1811 10877 16510
1 16510 11334 1811
1 11758 14036 3508
1 18218 6888 3902
1 7834 15696 14686
1 15668 13411 15688
1 15820 7838 7953
1 12351 7433 5206
1 7433 16637 5206
1 16636 15731 2723
1 2723 15731 10760
1 15023 1904 16499
1 13606 15834 15835
1 14862 11598 15649
1 15785 15789 7953
1 1918 3392 11331
1 15654 15653 13866
1 18371 15629 7906
1 1818 14942 15792
1 14943 17248 13576
1 15796 14235 16643
1 7907 17147 12648
1 6478 4088 16376
1 1588 7422 4088
1 11185 15758 11387
1 7054 15758 13932
1 4962 7918 18294
1 16797 18295 7918
1 7441 1793 16353
1 522 8356 17762
1 8356 12394 17762
1 16495 12841 7966
1 1504 8594 18323
1 16090 13005 12692
1 1666 17463 12548
1 14242 15834 16504
1 17222 6591 16240
1 7718 8031 1818
1 14498 18371 8031
1 8051 14313 17265
1 17267 12623 14313
1 14312 17266 8051
1 5291 13093 16758
1 16400 8072 148
1 148 8072 15477
1 4467 12060 6374
1 4467 6374 15476
1 18242 12060 8072
1 16647 8083 16685
1 3649 16815 8083
1 16760 16069 15821
1 5323 2298 13294
1 3735 2935 13127
1 10796 7671 4481
1 10796 4481 12337
1 1744 17277 14312
1 8594 12270 18323
1 6364 14702 15860
1 12067 2371 16473
1 13272 5116 3015
1 15022 14556 1550
1 10194 14353 1904
1 1354 9916 3260
1 14018 14017 7605
1 2286 18452 9042
1 18452 9917 10726
1 1664 4808 13438
1 18201 8164 16477
1 14021 18202 18234
1 13411 16477 16476
1 18458 12130 8168
1 1157 3326 12709
1 8167 12709 18210
1 18211 9201 8167
1 1845 12081 8169
1 7460 16104 12913
1 14046 18234 15726
1 11982 15905 15903
1 11969 2461 15865
1 1896 14276 10817
2 18174 1601 2326
2 4511 8868 38
2 14454 8 11305
2 12374 11060 10644
2 4511 38 3675
2 2355 2346 2345
2 4271 800 802
2 10027 658 2459
2 61 52 1673
2 65 3171 74
2 10548 4402 4688
2 16611 14318 6111
2 18245 17363 17361
2 17178 2871 6018
2 371 373 200
2 9655 11581 11874
2 63 11116 18199
2 18297 7212 8456
2 267 251 17251
2 10707 5461 18507
2 5253 13787 13329
2 16655 8003 3760
2 511 12183 1605
2 11497 2549 1692
2 3870 12389 14438
2 10834 8758 8244
2 10404 14631 10437
2 16799 2352 518
2 18481 19 10594
2 9240 10543 4886
2 61 36 52
2 1216 796 5188
2 12545 5058 9386
2 17902 17909 10949
2 10785 4277 10787
2 14107 17908 14366
2 10594 4979 11784
2 11111 41 27
2 206 221 17975
2 177 204 4120
2 177 8786 204
2 2276 5701 17052
2 10332 18174 8674
2 9213 5856 10563
2 18129 266 252
2 10355 11418 3110
2 10550 18408 300
2 3622 10550 300
2 14130 4519 17652
2 18519 250 4602
2 10595 7901 17194
2 17799 69 61
2 17867 3077 195
2 3077 17302 195
2 8852 17452 10947
2 6110 17817 6036
2 1272 427 7865
2 12503 10785 10787
2 206 3825 3822
2 11433 9226 4271
2 380 9312 14073
2 12863 5325 380
2 581 11857 17772
2 7241 2674 5078
2 12837 3525 4006
2 4311 835 2391
2 12807 17468 365
2 615 15735 592
2 465 12 3641
2 485 15530 9850
2 485 9850 9277
2 656 12374 525
2 10769 656 4168
2 10278 12502 10400
2 3529 16789 3526
2 10091 9237 2783
2 16917 4641 18163
2 18402 3835 378
2 11293 11292 17780
2 10461 3568 1930
2 4362 5778 5820
2 18455 8694 7215
2 200 147 209
2 15887 997 13217
2 10546 6727 2843
2 87 116 3347
2 1976 4161 10640
2 2626 11398 1930
2 616 597 7155
2 18377 4204 18466
2 15530 17747 8892
2 7240 7578 259
2 16962 4082 3525
2 1472 8424 15459
2 15422 110 88
2 2699 13413 13404
2 6870 12259 7929
2 18420 10665 17442
2 13233 18308 18305
2 18411 8429 15459
2 212 5150 187
2 14209 8739 10401
2 11708 948 1340
2 5076 170 150
2 12461 117 12460
2 17355 2529 17909
2 18361 5662 16998
2 1320 9707 18175
2 7456 18391 739
2 18278 7456 739
2 3171 3675 74
2 3760 2327 4076
2 14080 2521 5837
2 4363 5764 18332
2 90 14553 14759
2 8795 11352 12893
2 18481 10594 18250
2 18175 1319 1320
2 8450 8244 16520
2 1995 10356 3859
2 16576 9226 11177
2 8337 8003 16655
2 16789 13929 3526
2 180 154 17292
2 14080 5837 4360
2 156 133 11439
2 529 6739 11202
2 17835 2661 16467
2 240 228 700
2 17339 10356 1995
2 498 9451 10917
2 498 12378 9478
2 9409 15406 16
2 8796 8795 8861
2 10390 511 1605
2 16453 10741 964
2 14209 277 266
2 5438 13452 12680
2 5375 1027 8529
2 1027 4364 8529
2 2350 14343 10533
2 237 249 12155
2 8857 237 12155
2 18490 1285 10481
2 1610 255 268
2 10555 1610 268
2 12087 4142 18290
2 12087 13092 4142
2 14126 9801 12837
2 10797 1099 18306
2 17882 17308 677
2 17634 14238 8240
2 3101 278 289
2 12414 3101 12937
2 77 11618 92
2 77 92 18373
2 17028 18378 18382
2 15961 15962 2018
2 783 16567 4287
2 783 18435 16567
2 2020 16019 7879
2 219 1212 1136
2 1212 219 11250
2 3383 812 11284
2 18383 16862 467
2 14155 10905 10325
2 11406 9391 9689
2 17950 2439 826
2 1099 12644 5424
2 283 16360 18442
2 1106 3878 16611
2 9648 16967 13673
2 860 2145 13372
2 9226 11433 16577
2 7921 18362 12259
2 234 4862 2882
2 18406 502 10603
2 502 17623 10551
2 3768 14096 1111
2 13077 13319 3768
2 7149 612 614
2 5737 9293 529
2 3529 18289 16790
2 4360 3070 4280
2 17941 12845 16460
2 11968 11558 5154
2 11968 5154 10360
2 17071 18443 993
2 17082 17071 993
2 1195 243 255
2 5251 243 1195
2 14380 15424 15406
2 15424 14380 13649
2 17194 12807 365
2 17284 1216 17272
2 14461 9223 5881
2 1221 2167 5424
2 860 410 10460
2 11312 5863 6038
2 18316 18324 18325
2 10635 8841 10712
2 165 182 1340
2 16824 7785 17420
2 6156 7614 1126
2 1126 622 205
2 4541 3186 17650
2 847 4671 8649
2 1012 11908 5064
2 17305 10043 3759
2 10550 264 245
2 531 9329 1367
2 610 17420 11910
2 3176 14096 83
2 1372 7814 17431
2 7814 1372 17278
2 10249 11993 12435
2 18481 9157 19
2 2529 10553 17907
2 704 17562 14446
2 17015 6033 18381
2 1631 10477 1259
2 225 207 2931
2 1524 143 13675
2 1066 10419 10407
2 2646 2309 14221
2 12807 17194 1391
2 9764 5856 9213
2 5856 9764 1708
2 1395 9310 531
2 531 16355 1395
2 948 107 130
2 6112 10288 17817
2 260 268 255
2 3178 17652 1111
2 5722 1601 10464
2 697 5173 13827
2 378 18279 3875
2 610 11910 17145
2 18498 1444 862
2 1610 1195 255
2 267 17251 2270
2 528 3049 1505
2 14454 1508 12806
2 1508 11305 17462
2 228 239 776
2 1539 17385 15871
2 1539 10494 17385
2 722 3599 1221
2 11669 17450 17858
2 1102 3959 6716
2 16561 1639 16563
2 4964 2466 1731
2 1668 18062 3835
2 225 11104 207
2 13787 1785 11433
2 11738 16157 1631
2 11433 1785 16577
2 4835 10322 9
2 10322 9096 9
2 2837 1995 3859
2 1673 9802 17799
2 713 1374 7723
2 233 4869 235
2 4204 7947 10169
2 207 16947 181
2 163 181 16947
2 857 2837 3859
2 1840 202 178
2 178 934 1840
2 1692 2549 12035
2 213 9720 182
2 4072 15256 2468
2 14669 4164 1946
2 14797 11026 8555
2 12150 4118 4117
2 1079 18396 5723
2 13111 1969 10842
2 4550 4525 7323
2 211 17831 189
2 2529 11028 10553
2 18364 531 1367
2 3463 16032 196
2 8633 11292 1049
2 15735 7155 18422
2 7609 3768 1111
2 61 1673 17799
2 1102 10764 1840
2 13580 14568 8133
2 6157 6156 5554
2 1276 17344 10348
2 2931 14489 3568
2 248 8898 258
2 9293 5737 11702
2 16886 11563 66
2 187 1190 5076
2 4076 9096 2106
2 2106 8623 4076
2 222 15611 16340
2 9237 4864 13026
2 8529 195 10379
2 722 1221 5424
2 14997 17274 17713
2 14077 697 7785
2 11111 14473 11117
2 17373 16501 964
2 16453 964 16501
2 2167 13152 5424
2 4964 2093 2310
2 2310 2093 2296
2 11993 2098 11946
2 11946 2098 12374
2 13590 6173 1261
2 5269 13845 12234
2 18504 8429 1473
2 4520 4517 3176
2 4517 4520 4469
2 18435 11165 7061
2 11429 4373 4372
2 12057 111 91
2 15068 111 12057
2 7124 2239 10769
2 2239 11060 10769
2 12087 12086 2277
2 11463 13633 7741
2 11170 1389 1388
2 6088 2931 10461
2 9024 8957 17286
2 4287 16567 11405
2 610 17145 519
2 10461 2931 3568
2 11419 211 222
2 700 5253 13329
2 700 776 5253
2 6855 4325 4328
2 17831 211 11419
2 14964 5 11660
2 11164 215 12503
2 167 11204 198
2 8439 7326 4528
2 16418 10326 4188
2 18177 189 17831
2 18278 16321 16853
2 12948 6097 3381
2 2201 8420 3525
2 12503 215 220
2 6323 8187 5348
2 9978 11415 16596
2 6038 5862 8
2 13310 11285 9223
2 14126 14475 11843
2 8306 410 2149
2 9727 18505 8826
2 14568 5348 10385
2 3875 18279 2253
2 4251 2524 2271
2 81 11477 18367
2 16957 18353 15967
2 14228 4676 197
2 10552 11616 4399
2 157 17412 519
2 519 17145 157
2 6415 14886 13439
2 6415 13439 4859
2 204 18287 4141
2 204 4141 18167
2 2561 2283 10277
2 12572 2607 12583
2 14165 10534 3363
2 1195 16264 5251
2 2711 8633 9935
2 65 55 37
2 2326 1601 12937
2 12937 5485 2326
2 3330 13567 2883
2 7932 8568 10947
2 6427 231 12893
2 12434 17308 8554
2 11073 4641 9906
2 847 835 2425
2 12644 722 5424
2 3760 4076 8623
2 10286 5863 16641
2 2833 8970 9923
2 12234 1774 4181
2 857 862 2837
2 1214 5201 15548
2 697 13777 5173
2 776 700 228
2 17339 1444 4976
2 123 11035 934
2 13570 126 4936
2 7814 17284 10447
2 12893 237 8857
2 2882 10489 234
2 7316 16824 17420
2 16453 16999 2710
2 6792 6944 11252
2 3034 14631 10404
2 1623 3034 10404
2 6593 13649 11738
2 13649 6593 16133
2 15967 4705 6013
2 8418 18257 11708
2 3002 18444 17157
2 54 45 28
2 11629 16008 99
2 16008 12456 99
2 5621 1999 15299
2 2362 2348 3044
2 525 259 4168
2 1257 608 12685
2 18466 4204 10169
2 610 7316 17420
2 518 7316 610
2 11421 13586 13588
2 13586 13590 13588
2 12904 3148 18338
2 11039 1788 11035
2 12180 3475 13146
2 1321 10327 13421
2 5219 11282 1218
2 2795 3859 10356
2 3859 2795 18399
2 11284 812 4769
2 7609 11308 13077
2 17950 7789 533
2 11111 3631 820
2 14473 11111 820
2 6173 13586 3016
2 4525 3016 13586
2 8240 9935 15252
2 14912 790 796
2 5188 796 790
2 10322 12682 1632
2 18129 252 2944
2 2944 252 238
2 8796 3932 11352
2 11352 3932 1605
2 18375 5691 5375
2 17753 11557 6244
2 10484 81 112
2 16866 16343 17997
2 9636 2843 6727
2 10027 18511 658
2 18389 11579 18392
2 6087 13567 3330
2 6087 3330 17811
2 3959 1788 8418
2 18414 10773 3437
2 12079 4109 8696
2 11996 11946 8872
2 18449 8872 11946
2 10774 5621 15299
2 2201 7524 9802
2 16157 3471 1631
2 18337 3494 135
2 3833 6111 8424
2 1472 3833 8424
2 11739 3606 1137
2 17128 7614 6156
2 15961 5 11
2 958 5252 8927
2 6070 8418 11708
2 2020 14989 2019
2 2022 16267 2061
2 16267 11642 2061
2 2020 11669 14989
2 2022 2061 11640
2 18406 18405 16802
2 17412 215 11164
2 10029 14615 3052
2 14615 10029 14807
2 11618 3636 12705
2 957 958 126
2 4864 13101 13973
2 5399 2467 16657
2 9756 7859 3573
2 194 3573 2783
2 2125 2126 18419
2 1267 14492 14534
2 18412 14288 2111
2 16663 18412 2111
2 31 13014 43
2 1444 2837 862
2 3330 10284 17811
2 10652 5536 16675
2 17453 8303 17447
2 76 11039 100
2 17097 9859 3602
2 9859 1372 3602
2 17229 13271 3736
2 14797 8555 18199
2 7524 9801 1617
2 12837 9801 7524
2 3759 5086 17305
2 1319 410 1320
2 9161 10166 9048
2 1946 4164 9382
2 1524 179 143
2 10326 194 4181
2 17635 3675 3171
2 188 4311 160
2 1102 11106 3959
2 9894 18390 5655
2 9894 5655 12429
2 3622 300 17247
2 11418 15948 3110
2 10284 3330 2883
2 13439 9779 18490
2 1212 8566 1136
2 8566 1212 11250
2 11421 7292 13586
2 11358 11421 7282
2 4320 16856 17761
2 5150 5173 1190
2 1137 13066 425
2 13335 1623 10404
2 3044 18437 2362
2 11165 11405 7061
2 4739 13404 2297
2 11557 17753 9153
2 2657 2607 10327
2 2524 8053 2271
2 2561 207 181
2 16036 6682 16987
2 716 1379 11182
2 11182 12752 716
2 18167 4141 12843
2 18167 12843 11073
2 11356 9055 1136
2 14753 18392 11579
2 3631 15406 820
2 2710 10741 16453
2 847 2425 1985
2 2333 18139 3572
2 12399 81 11839
2 76 81 12399
2 4277 1190 13777
2 12049 18135 13066
2 17286 73 97
2 616 2346 2348
2 16611 7467 16613
2 519 2342 518
2 519 518 610
2 18 30 721
2 4835 18 721
2 3401 2883 14175
2 8420 13014 3525
2 12087 4117 8598
2 14807 14810 14615
2 17314 6157 658
2 2459 658 6157
2 105 121 2391
2 104 2390 127
2 4986 8011 5536
2 14243 4142 9595
2 2390 10774 4320
2 2425 10774 15299
2 1988 88 110
2 3959 8418 6070
2 2167 8868 9746
2 14134 17899 5356
2 10282 1946 9382
2 1257 12685 5424
2 12685 1099 5424
2 3383 11284 12948
2 2502 12467 1933
2 2502 2430 12467
2 3312 11298 11302
2 11302 11298 18518
2 10764 12035 4694
2 289 287 16967
2 14903 8868 4511
2 14924 15611 211
2 3416 11097 116
2 5400 16657 5407
2 11618 77 3636
2 77 11041 3636
2 2296 2297 14488
2 2646 4669 2642
2 2626 3568 10277
2 17272 1216 5188
2 981 957 17759
2 44 30 37
2 5554 2764 2772
2 5554 2772 17100
2 4372 4373 10166
2 15590 10122 10170
2 4855 4487 13433
2 4487 14288 13433
2 4246 2268 2267
2 2561 2284 2283
2 8821 15276 15755
2 4304 2425 835
2 16 15406 3631
2 11111 27 3631
2 12807 18341 10315
2 2700 4739 2657
2 13631 15423 10634
2 13037 4109 8018
2 241 857 229
2 11060 12374 656
2 44 37 55
2 12150 4117 2277
2 18439 18520 2355
2 4597 6243 16667
2 1267 14534 3742
2 4168 10641 17959
2 12087 2277 4117
2 1139 18135 9290
2 9999 8970 2833
2 13673 9904 2789
2 8898 2789 271
2 13168 13649 14380
2 8306 10464 10332
2 1200 1222 5119
2 373 172 200
2 10035 17751 8999
2 18504 17732 11322
2 8019 8310 17751
2 17899 4280 3070
2 16044 11900 6682
2 11575 16317 17997
2 10692 18447 4178
2 8674 18174 9707
2 7947 7979 10169
2 17922 5072 2260
2 5072 10922 2260
2 11356 1136 3464
2 109 4399 17126
2 109 83 4399
2 739 18391 11590
2 739 11590 16314
2 14669 12948 3249
2 8566 8557 6724
2 6724 1136 8566
2 245 264 263
2 13824 173 621
2 17202 797 802
2 7155 12950 616
2 3240 2888 3814
2 2330 3814 2888
2 9764 3713 1708
2 2309 5024 14221
2 49 32 2327
2 2327 8003 49
2 4979 465 3641
2 11097 187 150
2 18384 18393 18391
2 11590 18391 18393
2 17431 617 17097
2 616 12950 2346
2 2977 2344 2345
2 530 17109 17113
2 18374 4252 3877
2 4252 9820 3877
2 17925 2267 2265
2 4550 14554 4525
2 9599 8818 4394
2 17879 5086 3058
2 4006 3525 1260
2 260 287 289
2 6944 6792 11541
2 16023 7013 101
2 82 101 7013
2 3646 12234 4876
2 74 3675 38
2 14134 18357 12495
2 17772 1617 581
2 109 621 4520
2 17652 3178 14130
2 12428 12429 10696
2 16246 10696 18346
2 2459 17100 2772
2 5253 776 11432
2 172 4155 17065
2 4155 172 373
2 68 62 17922
2 238 262 231
2 17126 658 13824
2 8836 1140 9103
2 4778 13650 18335
2 13567 6026 9317
2 118 18518 13847
2 15874 18385 13813
2 8 5862 11305
2 8065 195 17876
2 18330 8065 17876
2 103 125 17128
2 6036 9695 6110
2 8836 9599 4394
2 8836 15755 9599
2 273 264 1066
2 7471 1066 10407
2 300 18408 10603
2 17247 300 10603
2 10224 10275 18351
2 17305 12495 18357
2 12926 4006 1260
2 16853 10921 16861
2 8439 4528 4550
2 235 13102 248
2 5076 150 187
2 11360 13146 3475
2 1066 264 10550
2 17395 4964 5030
2 4329 1358 14446
2 17960 14446 1358
2 8116 12479 4569
2 4569 8121 8116
2 13570 4936 6983
2 13787 5104 3048
2 10787 15279 4278
2 7306 5684 12019
2 2772 4144 4141
2 3572 136 2333
2 3572 157 136
2 17452 9734 16969
2 1951 13665 16317
2 3048 13033 6849
2 13388 122 2665
2 8684 8009 3758
2 184 157 3572
2 18439 795 18437
2 10764 4694 225
2 225 4694 11104
2 12837 4006 12926
2 17635 8337 4511
2 17635 8003 8337
2 43 8420 52
2 8746 130 107
2 8581 2624 18250
2 9083 5720 8376
2 7782 7149 5703
2 17269 7782 5703
2 7341 96 82
2 5720 9083 7607
2 2330 14634 3814
2 11714 10548 4688
2 17373 11714 4688
2 17700 16501 17373
2 11784 4979 3641
2 4705 2019 11633
2 263 273 281
2 263 264 273
2 3347 9942 4012
2 3641 3248 11784
2 1012 12690 11908
2 17158 5777 6678
2 1708 4782 5856
2 8592 8534 4782
2 12642 8865 427
2 615 592 614
2 17971 10688 10638
2 8598 4117 3807
2 11477 11600 10026
2 1381 717 4597
2 3813 12925 4118
2 11250 11717 1854
2 6258 11026 5545
2 9746 7161 5275
2 16615 4819 14490
2 4819 4669 14490
2 13824 621 17126
2 3052 14615 18364
2 14466 7696 7685
2 7685 7696 16437
2 18537 7375 1001
2 857 3859 12882
2 10594 465 4979
2 18402 1131 18405
2 11132 16064 15493
2 17204 44 55
2 4853 1963 3110
2 4853 3110 3105
2 11541 180 197
2 2283 180 11541
2 23 15962 11
2 4876 12234 166
2 3825 206 171
2 16859 2026 10275
2 10692 18445 18447
2 8115 91 8109
2 91 10011 8109
2 14534 14492 14554
2 67 5910 50
2 11308 13271 5924
2 5375 17880 1027
2 11284 7901 10595
2 17732 5024 8760
2 18164 1985 1999
2 17292 154 127
2 12167 15269 16774
2 7635 7140 1733
2 7635 14233 7140
2 1318 16345 17850
2 409 1319 17850
2 16853 16357 18278
2 8864 10406 3465
2 17761 16856 3945
2 7240 11992 18461
2 2646 14221 4726
2 3421 14233 2601
2 10533 1607 13659
2 173 13824 658
2 9994 1336 8456
2 244 11174 1332
2 1332 11996 244
2 12577 4957 3002
2 4142 13092 12735
2 65 37 64
2 3529 16790 16789
2 11618 2192 1770
2 11618 12705 2192
2 2944 6427 10580
2 10580 6427 12893
2 17286 13388 17285
2 14 7 28
2 12577 2626 7931
2 3034 12601 14631
2 15786 13484 4009
2 3996 3745 3364
2 3494 4012 9942
2 3437 10773 18419
2 3437 18419 2126
2 7241 18139 2674
2 17109 9433 9427
2 17109 9427 17113
2 2121 6140 724
2 724 6140 1389
2 268 278 12414
2 18128 11177 1708
2 5668 17751 8310
2 8310 10163 5668
2 1365 4588 3088
2 210 10290 222
2 10290 210 10289
2 4073 191 164
2 9587 4073 4072
2 8793 11415 11418
2 15276 6216 17700
2 18416 17700 6216
2 17278 1218 14067
2 8623 5684 11134
2 717 18490 6243
2 4597 717 6243
2 4694 12035 11104
2 5072 17922 10043
2 155 2665 122
2 17883 12495 17305
2 18493 13457 10748
2 17917 11121 5293
2 8337 5684 7306
2 5399 112 2462
2 5720 7607 12159
2 18385 18384 18355
2 16557 18436 17192
2 5784 2348 2362
2 5784 16108 2348
2 112 5399 10484
2 18359 5086 3759
2 7963 7747 6593
2 7747 15439 6593
2 9850 8440 9277
2 18177 155 156
2 17205 5201 17206
2 8516 26 17
2 6678 1618 10390
2 16082 8112 9605
2 16259 7757 15531
2 17354 15520 15531
2 12087 8598 8551
2 11110 17822 15431
2 13067 13037 8018
2 59 68 2260
2 17922 2260 68
2 11702 5730 9293
2 9802 1617 17772
2 10290 11621 222
2 2561 14489 207
2 13733 5737 9427
2 14903 7282 7161
2 74 55 65
2 17949 7789 6489
2 12689 12654 1261
2 13400 206 3822
2 8913 3945 11445
2 8306 5722 10464
2 5722 8306 2661
2 180 14228 197
2 14180 1381 4333
2 10549 10163 13569
2 4331 17563 4332
2 4332 17563 8689
2 17917 5293 17353
2 15656 11177 18128
2 4331 14718 17563
2 1985 2425 15299
2 10707 8694 5461
2 62 51 18376
2 10502 9169 6258
2 12050 18135 9456
2 17161 15886 18133
2 6033 17012 18381
2 17012 6033 17707
2 6038 10286 5862
2 3081 107 77
2 18313 18321 18326
2 11843 6049 17801
2 8758 17452 14724
2 6884 12259 6870
2 17920 5678 8397
2 5678 18381 13371
2 4332 1381 11182
2 4110 12079 8551
2 10327 2607 12572
2 10327 12572 13421
2 17356 17451 17903
2 17285 13388 15466
2 2607 13603 4965
2 4964 2310 14119
2 4964 17395 2093
2 18338 3148 17207
2 2521 18496 6884
2 1365 3088 3087
2 2276 2274 5701
2 2276 4253 2274
2 7685 18511 14466
2 3049 14611 6739
2 2267 17028 2265
2 9433 17109 9329
2 11888 11439 10257
2 7979 18329 18331
2 721 30 44
2 2795 10356 6852
2 11026 14797 5545
2 18495 18489 15597
2 165 18489 18495
2 13326 1125 5356
2 12689 1261 7865
2 16082 2276 14070
2 14501 10278 9643
2 10218 9643 10278
2 5485 471 9842
2 13879 8009 17639
2 17028 18382 2265
2 8337 7306 14903
2 164 886 5408
2 9219 7326 4531
2 7326 17644 4531
2 17949 533 7789
2 6088 4209 2931
2 3088 4588 4641
2 3088 3416 3087
2 11298 3313 11292
2 7932 10834 1951
2 9222 16888 7932
2 212 10560 227
2 13675 143 120
2 16860 16895 1969
2 16860 16297 16895
2 13388 2665 15466
2 3088 16917 3416
2 9518 13472 13080
2 7471 281 273
2 11445 3945 5266
2 16615 17604 4819
2 17604 4669 4819
2 278 260 289
2 9665 5451 11573
2 365 14126 12926
2 10322 1632 9096
2 14103 1140 8836
2 15275 8818 9599
2 3186 3807 12925
2 12925 3807 4117
2 6944 221 11252
2 7013 7341 82
2 4109 12079 4110
2 129 110 7741
2 13233 13037 13284
2 276 267 1503
2 10559 1503 12037
2 1261 12654 608
2 4470 7464 7048
2 11993 11946 11996
2 11993 11996 1332
2 16987 6740 219
2 4311 188 11445
2 17899 17863 4280
2 10952 127 2462
2 163 2462 154
2 13612 15445 1905
2 263 283 272
2 656 525 4168
2 135 139 150
2 8008 12546 2137
2 16027 2225 2231
2 13033 5104 5219
2 5219 5104 4271
2 6513 17306 6018
2 11595 10474 11735
2 7724 11735 10474
2 7191 2344 2354
2 7124 1293 18415
2 1524 4372 179
2 14066 1733 7140
2 1582 5821 17404
2 5821 10158 10467
2 11541 10277 2283
2 170 135 150
2 10546 2817 6727
2 9636 6727 2817
2 12790 7155 597
2 9694 18188 1316
2 10522 5645 16444
2 14454 11305 1508
2 3887 7841 8429
2 18325 17870 17871
2 17871 17870 17882
2 4854 10624 182
2 14568 105 78
2 105 4671 78
2 4856 13433 10710
2 13827 5150 212
2 212 227 13827
2 1970 11405 5980
2 2352 1970 5980
2 18334 17207 3148
2 7901 1391 17194
2 7901 4769 1391
2 13115 18415 1293
2 18517 18468 4210
2 17052 18468 18517
2 10769 11060 656
2 18435 18436 2354
2 10688 4860 4161
2 4178 8023 10773
2 11459 10692 10773
2 13326 4246 7285
2 4246 2267 7285
2 18317 7515 12356
2 537 4242 5072
2 13974 9389 4886
2 9648 12937 3101
2 13570 10163 126
2 5485 12937 471
2 13173 13928 13541
2 3518 202 16790
2 2012 142 132
2 7789 6039 18164
2 98 142 2012
2 3002 9107 12577
2 410 10332 1320
2 2462 127 154
2 7979 18331 6428
2 6428 10169 7979
2 13675 96 7341
2 5408 4073 164
2 283 18442 272
2 10448 4144 10560
2 272 18442 18498
2 6070 11708 6716
2 153 176 12751
2 180 2284 154
2 154 2284 163
2 12843 4141 4144
2 11097 150 139
2 7282 14903 7306
2 18490 9779 6243
2 3049 10404 14647
2 115 2274 886
2 957 981 958
2 3634 173 7707
2 173 3634 621
2 3634 160 621
2 9820 4252 2273
2 17876 18329 18330
2 167 198 16568
2 85 5348 78
2 85 6323 5348
2 78 4671 85
2 826 85 4671
2 10 4076 22
2 981 16097 958
2 16097 15457 958
2 7467 3878 16619
2 1601 10555 12414
2 2568 2626 12577
2 858 10326 16418
2 128 17950 16032
2 2439 17950 128
2 1444 18498 18442
2 18430 2253 8347
2 11429 1524 13675
2 16619 2678 7467
2 3959 6070 6716
2 8581 11784 3248
2 5407 16657 2468
2 9752 17947 17459
2 17947 9752 2033
2 697 5117 13777
2 14077 5117 697
2 8967 17065 4155
2 17635 4511 3675
2 1617 9801 11843
2 14997 790 5201
2 17659 4109 4110
2 8047 4109 17659
2 16166 18390 9888
2 11986 18486 10157
2 1079 5723 14759
2 7726 13631 9658
2 17959 4861 10769
2 4861 18492 10769
2 2532 2529 17355
2 18494 17709 16023
2 13475 9701 3274
2 6923 13475 3274
2 11996 4916 1335
2 8872 4916 11996
2 1623 3630 3034
2 108 1585 17946
2 1190 765 5076
2 1692 10764 1102
2 10922 5662 2260
2 17835 15907 5251
2 2342 16799 518
2 1970 16799 2342
2 183 746 5236
2 9024 17286 18397
2 9277 8440 3110
2 5251 6936 243
2 8543 16944 8626
2 6157 14374 6156
2 746 142 166
2 4881 13973 13101
2 6244 11557 14658
2 14658 14796 6244
2 129 11698 18526
2 129 18526 17948
2 13319 13077 12057
2 13188 12680 15048
2 11708 9720 6716
2 11621 11419 222
2 17128 6156 14374
2 1505 6739 529
2 6740 216 219
2 11250 219 216
2 3081 8746 107
2 100 11035 123
2 9688 8471 1315
2 130 165 948
2 3176 109 4520
2 11164 2342 17412
2 7192 1601 5722
2 16396 9935 1049
2 123 18526 11698
2 10202 13736 4362
2 4362 18328 5764
2 9272 10613 15256
2 18389 15873 7383
2 9648 3101 16967
2 2018 16957 14867
2 15309 74 15710
2 7404 18355 18384
2 7404 18356 18355
2 74 38 15710
2 10637 17974 17971
2 616 2348 16108
2 11146 6541 11142
2 1218 11282 14067
2 8892 9237 10091
2 13592 8215 7213
2 11907 6034 2868
2 1099 12685 18306
2 6508 10356 17071
2 2944 238 6427
2 6428 18331 7978
2 8347 2253 18279
2 13236 17283 9296
2 9296 17283 3383
2 2088 5517 8717
2 13026 12234 2783
2 18518 90 14759
2 857 12882 229
2 16657 1533 2468
2 16027 17949 12047
2 18517 4210 7962
2 4210 18316 7962
2 17616 17344 1276
2 17272 5188 17713
2 13868 7067 13974
2 13974 7067 13516
2 8018 4109 8047
2 5331 13475 6923
2 1381 14180 717
2 11198 724 1389
2 14615 14810 10961
2 1400 6853 6855
2 16824 11136 7785
2 14077 7785 11136
2 11618 1770 10613
2 10613 1770 5407
2 6852 10356 6508
2 14 16671 7
2 5808 8293 17862
2 1216 797 796
2 18324 17870 18325
2 10 9096 4076
2 4614 68 28
2 206 13400 221
2 8927 5252 13509
2 189 18177 156
2 18468 5701 115
2 532 9310 1395
2 532 1395 16355
2 14568 78 5348
2 12168 9299 15871
2 2260 5662 59
2 16774 10586 17702
2 7323 8439 4550
2 8047 8439 7323
2 18377 7515 4204
2 4204 7515 7947
2 2283 2284 180
2 11700 13633 7726
2 17082 3835 6852
2 10122 281 10170
2 958 15457 5252
2 5252 15457 15907
2 5980 11405 11165
2 2352 5980 11165
2 5820 10567 4361
2 15309 1221 3599
2 15309 2167 1221
2 6036 10288 1130
2 2349 5784 2362
2 2349 16108 5784
2 18438 18424 18127
2 9433 11773 13735
2 7753 13735 11773
2 131 15068 128
2 8836 4394 14103
2 4360 4280 14080
2 2521 18327 18496
2 10332 8674 1320
2 1320 8674 9707
2 597 617 17431
2 17431 12791 597
2 9187 9300 12162
2 6173 3016 14554
2 4525 14554 3016
2 2353 7905 2354
2 4144 2772 10560
2 5903 13226 18347
2 18313 9059 7962
2 4835 721 3599
2 246 10489 2088
2 157 184 17412
2 18389 7383 16168
2 2665 194 15466
2 1905 6541 13006
2 14718 7723 1374
2 13415 4726 2296
2 11312 6038 8
2 25 4614 15
2 23 34 18348
2 5117 4278 15279
2 6244 14796 17753
2 11272 725 9500
2 5881 9223 11285
2 621 121 4520
2 4520 121 13580
2 8245 10842 16895
2 17450 10842 8245
2 528 10404 3049
2 11497 1692 9720
2 6716 9720 1692
2 9059 18313 12356
2 5855 17813 6087
2 5046 18245 17361
2 4861 18417 18492
2 12237 4188 4181
2 10326 4181 4188
2 17256 16618 16802
2 13603 5030 8347
2 4965 13603 18443
2 5855 5854 11320
2 5854 17811 17934
2 7858 3167 16857
2 7858 18175 3167
2 18250 2624 18340
2 14374 4227 17128
2 1102 6716 1692
2 16264 2661 17835
2 16264 5722 2661
2 10344 8927 13509
2 10344 13509 9750
2 621 109 17126
2 136 157 622
2 9222 16309 14393
2 9223 14132 13310
2 18420 18493 10748
2 11421 11358 7292
2 17639 7292 11358
2 12642 12828 6860
2 6860 14243 9595
2 11284 4769 7901
2 1272 12828 427
2 2019 4705 17970
2 10563 9532 12037
2 18471 92 113
2 253 263 272
2 263 293 283
2 18199 11116 11117
2 18129 2944 12183
2 7931 2626 12483
2 7931 12483 4957
2 981 17759 15788
2 5863 10286 6038
2 2145 860 409
2 9859 12018 936
2 6097 10595 2624
2 2624 10595 18340
2 2352 2353 10628
2 16089 16064 16163
2 16163 16064 17353
2 10299 12694 1510
2 5535 11104 2147
2 172 147 200
2 11773 11795 7755
2 18502 18429 1471
2 14488 13415 2296
2 17901 11117 17356
2 7997 18212 14825
2 11041 107 18257
2 4164 14669 3249
2 8018 8017 8684
2 16568 4373 11429
2 10845 17831 11419
2 9410 11595 9716
2 527 10533 10466
2 4782 10735 5856
2 4855 4854 13465
2 14468 9618 10794
2 10552 8121 4569
2 9555 1595 12048
2 12048 1618 9555
2 6970 17947 17453
2 6097 2624 3381
2 7609 4118 12075
2 87 7008 3087
2 4528 14554 4550
2 14656 14658 16355
2 11298 11292 8633
2 2026 16195 7029
2 17447 7029 16195
2 1126 205 2764
2 2764 205 227
2 17113 9427 5737
2 6012 17772 6008
2 13319 91 14096
2 83 14096 91
2 7859 3105 9850
2 209 147 179
2 9263 77 18373
2 9263 3081 77
2 17015 18342 6511
2 7978 6511 18342
2 9465 11558 9698
2 11557 9153 11595
2 8310 17759 957
2 9842 17759 8310
2 2267 2268 17028
2 10555 268 12414
2 4173 27 41
2 5535 1533 16657
2 7092 12601 3034
2 17901 12601 7092
2 18205 14807 14630
2 11773 7755 7753
2 11910 227 205
2 18329 7947 18330
2 8133 14568 1251
2 4469 8133 1251
2 149 124 147
2 1582 17404 10144
2 6033 17015 6511
2 8347 18279 18443
2 4936 126 8927
2 4936 8927 10344
2 13603 8347 18443
2 2273 17052 18380
2 18262 9144 5904
2 14468 16125 95
2 93 95 16125
2 6007 4540 15779
2 6007 15779 11751
2 10163 957 126
2 958 8927 126
2 7921 6884 18496
2 83 91 8115
2 13491 104 17916
2 13491 10553 104
2 2342 519 17412
2 238 252 262
2 207 14489 2931
2 207 11104 16947
2 4173 6 16
2 4076 32 22
2 1260 4082 18340
2 11356 3918 10199
2 3918 13065 10199
2 5764 10202 4362
2 10921 16903 1977
2 1977 16861 10921
2 2895 2868 6034
2 7947 18317 18330
2 18317 7947 7515
2 18133 15886 1140
2 528 10477 13335
2 17314 14374 6157
2 13465 10469 14288
2 7240 1331 8228
2 8018 8684 13067
2 11910 13827 227
2 2764 227 10560
2 7213 8215 9039
2 10259 16460 12845
2 17901 7092 14797
2 7707 16468 3634
2 12863 13736 10202
2 15980 18349 18355
2 18349 18385 18355
2 17880 4363 4364
2 116 3087 3416
2 11121 17903 2781
2 8019 10035 3167
2 9695 6036 2895
2 8306 10332 410
2 187 10448 212
2 187 16242 10448
2 18349 15980 16021
2 11182 1381 12752
2 12620 13453 1185
2 14658 14656 14813
2 9801 14126 11843
2 8529 7262 5375
2 713 6779 1374
2 1374 6779 4328
2 14823 7997 10437
2 7723 1379 716
2 6779 713 15599
2 17070 6792 11252
2 3842 16782 18403
2 216 18510 11250
2 8053 4219 18379
2 2271 8053 18379
2 18326 18317 18313
2 12075 13271 11308
2 18322 18315 106
2 7978 8225 18332
2 18496 18318 4357
2 10404 10437 14647
2 5240 13973 4881
2 13577 7065 7068
2 860 10460 409
2 1319 409 10460
2 17896 8434 17871
2 18326 17871 8434
2 3464 1136 6724
2 2353 520 10628
2 15431 2781 17451
2 4869 233 6936
2 230 17962 4862
2 242 17962 230
2 17920 8397 9552
2 14165 10570 13236
2 5154 11558 9465
2 8670 18146 14433
2 14433 14438 8670
2 14560 4541 4519
2 13580 105 14568
2 55 74 17204
2 74 15309 17204
2 8186 9561 4246
2 7464 1251 1510
2 130 8746 18322
2 13453 12620 12987
2 8456 1336 18297
2 6541 11146 17908
2 8017 8047 7323
2 5645 10522 12048
2 8420 1673 52
2 8420 9802 1673
2 12035 2549 2147
2 11992 15891 18461
2 847 6039 4671
2 3249 1937 4164
2 8116 1365 7008
2 7008 1365 3087
2 5294 4881 13974
2 7068 7067 13868
2 2346 2355 18520
2 16861 16359 8728
2 2019 16019 2020
2 6983 4936 10344
2 12685 12654 18308
2 2362 18437 15773
2 10170 281 7471
2 1639 15773 18437
2 3959 11035 1788
2 11073 9906 18195
2 11073 18195 18167
2 2192 12705 2501
2 16418 2674 858
2 17285 858 17856
2 11563 5904 16203
2 592 7149 614
2 273 1066 7471
2 1257 6177 13590
2 12155 249 256
2 18494 106 75
2 14454 11312 8
2 131 4120 18195
2 18464 13682 18379
2 10385 1251 14568
2 4957 12483 6792
2 17070 4957 6792
2 18467 18517 9059
2 18467 9059 12356
2 4287 1222 15548
2 65 64 3171
2 17634 8240 7434
2 7962 18316 18321
2 7962 18321 18313
2 16360 293 10122
2 293 16360 283
2 9683 7690 10583
2 4076 2327 32
2 12229 18146 8132
2 10594 8581 18250
2 18152 8132 18146
2 8116 4227 12479
2 7814 14067 17284
2 17650 17652 4519
2 3813 17652 17650
2 8793 11418 10355
2 1143 18130 7775
2 18130 17164 7775
2 10733 17831 10845
2 9756 10733 10845
2 11141 5046 11135
2 14133 9487 11888
2 592 15735 18422
2 244 11996 1335
2 18402 18288 1131
2 18288 18402 14677
2 5451 2817 11573
2 5339 18472 14073
2 6944 11541 197
2 11661 2018 14867
2 8516 17 14964
2 2601 7635 1733
2 2601 14233 7635
2 18337 9393 14238
2 8336 8534 11432
2 17639 11358 7282
2 4517 4469 4470
2 12751 134 153
2 11888 9487 12751
2 18534 18537 18353
2 13631 10909 15423
2 17971 17974 4858
2 1139 9290 18133
2 10449 10499 17896
2 18133 9290 12050
2 9433 13735 9427
2 4209 225 2931
2 1251 7464 4470
2 4525 17640 7323
2 3758 8009 12019
2 7143 7782 7783
2 18184 94 6777
2 1505 9293 528
2 13813 18385 18349
2 2344 520 2353
2 16640 13413 17256
2 16640 17256 16626
2 9157 16962 13014
2 9157 18481 16962
2 14703 16558 12168
2 16309 9222 1951
2 206 1032 2225
2 5662 10922 16998
2 5904 18387 16203
2 11579 18389 11575
2 8551 8598 3807
2 17012 17707 11476
2 2106 9096 1632
2 13004 14155 9362
2 17763 11305 5862
2 6094 17763 5862
2 5862 10286 6094
2 9300 10581 12162
2 13452 15048 12680
2 31 9157 13014
2 17160 12196 8597
2 1001 7375 7383
2 18364 14615 14657
2 14657 14615 10961
2 103 17128 4227
2 17453 17447 16195
2 17542 18387 5904
2 4964 1731 8347
2 8347 1731 18430
2 1143 7775 12191
2 14066 700 13329
2 14119 14221 5024
2 14119 5024 17732
2 4602 240 276
2 4320 4304 16856
2 4304 4320 2425
2 18473 4243 18370
2 7747 16163 15439
2 17826 15439 16163
2 18287 10027 2459
2 3887 3875 7841
2 14446 14718 4329
2 1473 7841 3875
2 10797 12644 1099
2 13832 16168 7383
2 3817 8597 17165
2 15597 4540 13531
2 18495 15597 13531
2 18335 18338 4778
2 9555 1618 6678
2 934 178 18526
2 17028 2268 15547
2 10598 14921 11089
2 12620 1185 8187
2 10448 10560 212
2 2020 7879 15993
2 18354 15993 7879
2 15886 18130 1140
2 1381 4332 4333
2 1533 5535 2147
2 1200 11136 17716
2 18415 13115 2125
2 8623 11134 3760
2 3760 11134 16655
2 9923 15530 485
2 8126 13149 15492
2 9923 8626 16944
2 2833 9923 16944
2 10797 18487 1632
2 1632 12644 10797
2 16888 8568 7932
2 2276 17052 14070
2 17650 4519 4541
2 17278 13033 1218
2 9389 17747 4886
2 10286 2330 7655
2 5461 8694 18455
2 4726 2310 2296
2 16396 15252 9935
2 5863 11312 11333
2 2022 16021 16267
2 17780 8373 11293
2 7696 16464 16437
2 14630 10029 11202
2 10029 18366 11202
2 18436 7191 2354
2 14912 796 795
2 7685 173 18511
2 12893 8857 8795
2 9222 7932 1951
2 8019 17751 10035
2 3718 9295 7940
2 8214 13434 7942
2 10470 12641 7942
2 374 9683 10583
2 18335 12904 18338
2 15439 15431 16053
2 4726 14221 2310
2 9850 8892 7859
2 3573 7859 2783
2 10549 17751 5668
2 10416 5979 12196
2 13735 7753 16089
2 3813 4118 7609
2 3813 7609 11764
2 11320 5854 14475
2 6039 826 4671
2 17856 858 2674
2 17251 700 14066
2 2462 163 2467
2 11293 11285 13310
2 234 230 4862
2 13271 12987 5924
2 693 9364 16345
2 8450 16520 8245
2 8450 8245 1958
2 83 8115 4399
2 17615 2700 9829
2 9237 17747 13101
2 140 199 17614
2 16774 15276 8821
2 8003 17635 49
2 1510 1251 10385
2 17251 251 240
2 1316 8008 2137
2 12888 13675 6777
2 7807 18422 7155
2 12790 7807 7155
2 12790 17727 7807
2 18447 10646 4178
2 14390 11937 114
2 7614 622 1126
2 17128 622 7614
2 18504 1472 15459
2 18504 11322 1472
2 18188 1315 8008
2 12155 9187 12162
2 225 4209 16790
2 4178 10772 8023
2 8023 10772 18419
2 13611 4009 14941
2 13415 4669 4726
2 226 18287 204
2 7785 11910 17420
2 16675 5536 8011
2 957 10163 8310
2 17813 5855 17763
2 8967 4155 373
2 9410 7724 10474
2 9658 9410 7726
2 18331 18329 4364
2 16264 1195 1610
2 14656 16355 14657
2 17959 10769 4168
2 15466 194 10326
2 2977 520 2344
2 13593 7464 12694
2 7464 13593 14560
2 17206 790 14912
2 3126 16991 3156
2 8017 8018 8047
2 1400 6855 9969
2 1400 9969 2111
2 12646 6323 85
2 8529 17876 195
2 18410 3878 18403
2 18410 16619 3878
2 4528 14534 14554
2 713 7723 716
2 713 716 10470
2 17753 14796 14542
2 17867 195 8065
2 18330 17867 8065
2 12183 1618 8739
2 8739 1618 12048
2 3464 3918 11356
2 8592 1708 16577
2 8796 14703 1743
2 8796 8861 14703
2 11439 189 156
2 7785 13827 11910
2 2529 17907 17909
2 17395 4739 2297
2 1032 18433 11900
2 8116 7008 79
2 79 4227 8116
2 1362 7238 15891
2 12020 15891 7238
2 18518 14759 5723
2 5723 13847 18518
2 17659 8439 8047
2 7978 9899 6511
2 4862 10692 11459
2 17644 17659 3796
2 15422 11463 110
2 18462 10922 4242
2 11170 1388 10708
2 11170 10708 12435
2 17326 4185 4188
2 4185 5078 4188
2 2783 7859 10091
2 3383 3401 14175
2 8116 8121 1365
2 14542 10949 14604
2 14604 10949 2910
2 16774 17282 12167
2 3002 4957 18444
2 8115 8121 10552
2 4912 7066 10329
2 7066 4912 13990
2 7066 13372 8100
2 2145 8100 13372
2 11787 11652 11398
2 170 12461 12460
2 14433 12467 14438
2 17811 11843 17934
2 18328 18332 5764
2 142 98 1933
2 8115 8109 8121
2 259 10249 7240
2 10249 1331 7240
2 18331 4364 4363
2 13033 936 6849
2 936 12018 6849
2 90 117 14553
2 14553 117 12461
2 12434 8112 4252
2 8529 4364 17876
2 18329 17876 4364
2 18129 14209 266
2 10834 7932 10947
2 8758 10834 10947
2 1963 11621 8928
2 12888 11429 13675
2 11174 4342 11175
2 8967 373 371
2 8818 8864 8832
2 14835 112 18367
2 14134 18370 18357
2 4676 17975 221
2 18335 14137 14135
2 8832 1139 4394
2 9417 113 5408
2 17644 3807 3186
2 3186 9236 17644
2 467 9057 10169
2 966 13130 10546
2 966 4898 13130
2 9829 10327 1321
2 9636 2817 5451
2 5904 16164 5274
2 16164 5904 16327
2 13796 9019 2871
2 18383 467 9058
2 7609 12075 11308
2 13777 5117 15279
2 7697 16464 7696
2 14466 13065 374
2 13650 18333 18335
2 14137 18335 18333
2 4739 2700 2699
2 16520 17858 8245
2 12162 12163 12155
2 112 14835 10952
2 11359 9103 1143
2 9862 17927 13475
2 9701 13475 17927
2 4881 13101 9389
2 216 6740 11445
2 10 9 9096
2 9665 18188 9694
2 9665 9694 5451
2 11907 2868 14634
2 1367 9329 17109
2 12019 8009 13879
2 155 194 2665
2 12641 8214 7942
2 12641 10712 8214
2 10583 7697 7696
2 8967 9609 17900
2 10641 4168 7578
2 4168 259 7578
2 7978 18331 8225
2 4363 8225 18331
2 1770 10484 5400
2 1770 2192 10484
2 7240 8228 1329
2 14748 1329 8228
2 9107 8230 12502
2 8230 3002 17157
2 17961 4854 4855
2 17385 8247 15871
2 2026 18154 11629
2 10275 2026 11629
2 12904 12806 3148
2 12904 14454 12806
2 18287 2772 4141
2 1340 182 9720
2 8999 8126 2847
2 17424 9859 17097
2 1111 14096 3176
2 18504 1473 18431
2 6860 12695 14243
2 4886 13147 13868
2 13147 4886 10543
2 1725 4954 4977
2 8230 4959 12502
2 5545 7092 3034
2 8286 11477 81
2 76 9401 8286
2 1126 2764 5554
2 9684 9620 12959
2 6039 847 1985
2 1668 18406 18062
2 103 4227 79
2 14796 14658 16281
2 16281 8565 14796
2 18297 13536 7212
2 3630 5545 3034
2 10837 8793 14395
2 9235 8336 11432
2 13736 18472 3073
2 3073 18472 5358
2 1473 8429 7841
2 8355 7067 13375
2 2883 3401 1946
2 4251 2273 2524
2 4210 75 18315
2 3240 3814 14634
2 3240 14634 13484
2 8397 9561 9552
2 245 12991 10550
2 17880 10202 4363
2 5924 13077 11308
2 9923 485 9277
2 17941 8755 9678
2 2549 11497 12034
2 13329 13787 3048
2 17896 17867 8434
2 18326 8434 17867
2 1601 12414 12937
2 18317 18326 18330
2 18409 18403 18404
2 9850 3105 8440
2 8440 3105 3110
2 18326 17867 18330
2 4164 1937 7622
2 3249 3381 1937
2 220 5470 203
2 203 5470 16457
2 220 203 10785
2 16979 3105 7859
2 11097 139 116
2 1362 4333 4332
2 17344 10299 5438
2 1510 8187 1185
2 16667 8987 716
2 2847 3156 16991
2 12163 5720 12159
2 16859 12027 2026
2 12027 16195 2026
2 294 284 11238
2 10909 15422 2532
2 2521 17863 5808
2 12893 231 237
2 3807 3796 8551
2 18461 15891 8317
2 18461 8317 1976
2 18314 6870 7984
2 7929 7984 6870
2 13974 4886 13868
2 1503 267 2270
2 1381 4597 12752
2 11292 11293 1049
2 113 92 10613
2 9272 113 10613
2 8673 8455 9709
2 4602 280 18519
2 75 106 18315
2 26 8540 39
2 10306 15960 12980
2 15948 8543 9277
2 15948 1312 8543
2 14466 374 7696
2 12434 8554 9263
2 17882 9263 8554
2 8555 70 18199
2 5438 10299 10408
2 1017 8557 1890
2 6724 8557 1017
2 2678 11652 11787
2 3240 9684 2888
2 12183 2944 10580
2 250 9235 239
2 250 8336 9235
2 14366 17908 8565
2 8568 1629 10947
2 16888 1629 8568
2 425 13066 18135
2 8832 4394 8818
2 12191 10302 13146
2 10224 18351 8583
2 725 11664 11175
2 1582 1595 10158
2 7978 18332 9899
2 8303 11581 1977
2 13097 8534 8592
2 12888 16568 11429
2 9057 467 16862
2 8543 8626 9277
2 9923 9277 8626
2 13659 1607 3262
2 8832 3465 425
2 3768 7609 13077
2 1631 3471 3630
2 3796 17659 4110
2 6140 1385 1389
2 1385 6140 2121
2 8376 7691 11810
2 4835 3599 9459
2 9459 722 12682
2 262 252 266
2 9935 8240 14238
2 1938 1902 9531
2 13146 11360 1143
2 16340 199 9662
2 4332 8689 1362
2 3878 1106 3833
2 2646 2642 2309
2 9969 6855 15599
2 2018 13226 16957
2 3758 15840 8627
2 17703 10642 8726
2 12049 11166 9168
2 11166 12049 13066
2 7237 1357 8398
2 3753 7237 8398
2 8821 17282 16774
2 17443 17444 10842
2 10604 12980 8755
2 11968 2033 11558
2 11558 2033 17440
2 8760 5024 5058
2 5058 11322 8760
2 2624 8581 3381
2 3646 1774 12234
2 13026 5269 12234
2 7282 7306 13879
2 1708 8592 4782
2 18466 10169 9057
2 1977 16903 8303
2 18188 8008 1316
2 13465 9342 10469
2 7077 16357 8728
2 11292 3313 17780
2 47 39 8817
2 47 8817 16886
2 14066 13329 6849
2 14066 6849 1733
2 11322 8826 1472
2 11322 5058 8826
2 2125 11664 725
2 17012 2268 13371
2 3640 10494 10467
2 3640 10467 17160
2 15462 1332 11174
2 15462 11174 11198
2 11993 1332 12435
2 17281 1316 2137
2 1933 12467 14433
2 5545 14797 7092
2 202 10764 225
2 1840 10764 202
2 3646 1933 14433
2 1139 425 18135
2 12163 8795 8857
2 17158 9391 5979
2 5979 9391 11406
2 12735 8865 12642
2 5730 7963 10477
2 5855 11320 11305
2 11320 17462 11305
2 3753 11979 18448
2 16852 11581 8878
2 16852 8878 12880
2 5821 10494 17404
2 10494 5821 10467
2 12163 8857 12155
2 4669 13154 2642
2 17604 13154 4669
2 8011 1388 1385
2 8660 11557 17110
2 8893 3918 3464
2 3918 8893 3923
2 2871 1938 13796
2 16452 17939 12052
2 1854 12052 17939
2 7066 8100 16588
2 2145 16588 8100
2 4251 8690 9602
2 4251 2271 8690
2 5325 5691 15264
2 8911 18414 2126
2 8911 2126 727
2 4778 4009 13650
2 8826 5058 9727
2 5058 12545 9727
2 18229 5046 11141
2 16916 10406 8864
2 10586 4396 8926
2 10604 10586 8926
2 12791 12790 597
2 1963 8928 2068
2 12050 9456 16999
2 8728 16357 16861
2 2088 8717 275
2 7607 9083 9299
2 11238 275 8717
2 8957 73 17286
2 9055 11356 8786
2 8660 17110 9318
2 2137 12546 16589
2 13363 2137 16589
2 11117 14473 17356
2 4372 1524 11429
2 1357 1358 4328
2 132 746 12419
2 8516 8540 26
2 18447 8985 8872
2 8987 10470 716
2 9462 8987 14886
2 11573 2817 9999
2 10290 17839 13361
2 12490 9002 16305
2 6860 8591 12695
2 10546 2843 10547
2 502 10551 10603
2 17880 5375 17301
2 18486 17960 7215
2 9238 8753 12167
2 12167 8753 4396
2 9710 17939 11488
2 12828 1272 9039
2 10277 3568 14489
2 10638 8317 10637
2 17971 10638 10637
2 3401 3383 14669
2 9694 9636 5451
2 6541 14107 13006
2 17700 4688 4402
2 4688 17700 17373
2 9437 17703 17385
2 13236 14175 14165
2 2924 14165 14175
2 8689 7238 1362
2 18337 90 9393
2 12479 4227 14374
2 18342 6428 7978
2 2068 8928 13361
2 7008 87 79
2 7726 13633 13631
2 5655 18390 18394
2 9734 17452 8852
2 966 13990 4898
2 15492 13149 13990
2 2088 10489 727
2 13457 10737 4161
2 4161 10737 10640
2 8817 39 8540
2 13765 99 12456
2 10708 1388 4986
2 2120 8011 1385
2 12051 9874 17941
2 9694 1317 9699
2 8581 3248 3381
2 9662 199 159
2 9342 9132 10469
2 7238 17563 11986
2 11853 7238 11986
2 9731 9999 2833
2 12180 17165 9538
2 1977 11581 16852
2 9144 16327 5904
2 16305 16327 9144
2 14209 9192 277
2 13465 4854 4852
2 10710 13434 8841
2 12806 17462 12803
2 18334 12806 12803
2 288 277 9192
2 16588 10329 7066
2 9153 17753 9677
2 3745 3996 9155
2 9157 31 19
2 183 12419 746
2 1605 10580 11352
2 12183 10580 1605
2 99 18351 10275
2 11992 1329 11977
2 1329 14101 11977
2 12053 12049 9168
2 12054 17161 12050
2 18133 12050 17161
2 9392 9562 9169
2 2843 3156 2847
2 17385 10494 11816
2 11415 10258 11418
2 17568 167 164
2 14475 14127 11320
2 256 269 9187
2 16453 12905 12054
2 9055 8786 177
2 14180 4333 15771
2 12053 9456 12049
2 9478 12378 15423
2 1607 9213 3262
2 2018 11661 9429
2 4528 7326 9219
2 9219 14534 4528
2 17401 16460 10259
2 1335 4916 9614
2 11238 8717 5517
2 9235 776 239
2 17644 9236 4531
2 14959 4531 9236
2 4886 17747 9240
2 10543 9240 15530
2 5408 113 9272
2 4073 5408 9272
2 10837 14395 9274
2 10011 4588 8120
2 7143 11849 612
2 7690 8803 10583
2 3383 14175 9296
2 9299 9083 17404
2 9187 269 9300
2 269 10581 9300
2 18490 10565 13439
2 4858 13439 10565
2 7467 2678 16613
2 13370 10324 10924
2 10924 10324 7064
2 4011 14941 9676
2 10598 16779 10848
2 16305 9144 18262
2 8865 7865 427
2 8865 12689 7865
2 9552 14073 9312
2 14604 9677 14542
2 12890 13113 16925
2 9969 15599 2111
2 10402 1321 1548
2 9393 2711 14238
2 9317 6026 7631
2 9317 7631 9490
2 11843 17811 6049
2 2568 12577 9107
2 1312 8471 9688
2 1312 9688 8543
2 11908 9453 15252
2 10569 11829 2710
2 17614 95 93
2 15970 12027 9347
2 15970 9347 13217
2 14748 4986 1387
2 13113 9238 11360
2 9538 17165 8597
2 9238 11359 11360
2 9353 13640 18334
2 9353 18334 12803
2 5678 10237 18383
2 1548 1321 10419
2 213 224 12034
2 14924 189 11439
2 14924 211 189
2 10843 208 192
2 192 208 9342
2 208 10843 9964
2 9362 14155 1938
2 9048 8967 371
2 2145 9364 16588
2 20 8673 3641
2 14132 12899 1012
2 9562 13 24
2 11628 16008 11629
2 2532 15422 2529
2 9386 5024 2309
2 9386 5058 5024
2 9684 12959 7631
2 527 2350 10533
2 9058 467 18342
2 372 17900 9609
2 41 53 4173
2 238 231 6427
2 425 3465 1137
2 7404 7456 9525
2 14604 2910 9063
2 9409 6 13168
2 9561 8397 13371
2 4253 113 9417
2 9417 2274 4253
2 4916 8872 8985
2 2018 9429 11660
2 17943 11660 9429
2 3606 1017 13066
2 11272 5517 727
2 166 142 1933
2 966 10546 10547
2 16452 12052 13641
2 4854 182 165
2 105 8649 4671
2 2391 8649 105
2 4854 165 4852
2 11986 704 18486
2 1143 12191 13146
2 91 111 10011
2 7371 1286 18283
2 10604 8755 16460
2 7371 18283 18394
2 2532 17355 9451
2 18341 4769 9455
2 17283 9455 4769
2 9081 4784 12899
2 13611 4784 9081
2 677 17308 10449
2 10402 9829 1321
2 10470 8987 9462
2 12641 10470 9462
2 8690 2271 17927
2 10224 18350 16859
2 13465 4852 9342
2 11562 2147 2549
2 18374 9796 4252
2 11563 16886 12490
2 15960 11816 12980
2 11816 9900 12980
2 9451 9478 2532
2 12163 12162 5720
2 18326 18321 18325
2 18325 17871 18326
2 6258 9619 11026
2 7690 8788 8803
2 14133 134 9487
2 9487 134 12751
2 13310 16396 1049
2 10812 10635 10046
2 10635 10712 10046
2 142 746 132
2 2924 9490 14165
2 9317 9490 2924
2 1938 4013 1902
2 14591 1902 10531
2 12020 7238 11853
2 18508 12020 11853
2 6249 16345 1318
2 4173 16 27
2 3742 7213 1267
2 14604 9063 18368
2 5266 4304 4311
2 17782 7757 7758
2 9329 531 12943
2 12161 6663 8773
2 1389 1385 1388
2 11702 7963 5730
2 11874 17947 9655
2 4249 18375 3274
2 7215 8694 9514
2 9932 10624 17961
2 13928 4908 13541
2 10324 4908 13928
2 2120 9518 13080
2 93 14390 114
2 1315 12546 8008
2 93 16125 14390
2 9114 8879 13113
2 16925 13113 8879
2 7404 9525 13765
2 9437 15960 17703
2 13640 10599 13428
2 2709 9161 371
2 4372 9161 2709
2 9451 17355 10917
2 2502 98 73
2 18368 1955 9677
2 11106 11035 3959
2 511 1618 12183
2 1357 1355 8398
2 9655 17947 2033
2 18466 16862 9173
2 10235 9173 16862
2 17850 3126 1318
2 8852 1629 2322
2 8241 8852 2322
2 2871 17178 9362
2 14132 1012 5064
2 10169 18342 467
2 13310 14132 5064
2 18342 10169 6428
2 6663 11370 12168
2 15423 10909 2532
2 63 4173 53
2 97 5655 18394
2 8788 17705 8803
2 9974 79 87
2 10503 13004 9974
2 1318 1317 6249
2 11717 12052 1854
2 13370 10304 10324
2 9699 1317 1318
2 17158 10390 9391
2 17158 6678 10390
2 11477 10026 18368
2 9514 8694 9221
2 9221 8694 10710
2 11293 13310 1049
2 6036 2331 2895
2 2331 3227 2895
2 79 7668 103
2 16233 10535 10614
2 17160 10416 12196
2 8589 18540 15887
2 5294 10377 9175
2 10396 10377 14395
2 13826 16876 9589
2 16886 10311 12490
2 9595 4142 12735
2 6489 7789 18164
2 8826 18505 18503
2 12959 3745 3363
2 3363 3745 13428
2 3250 10736 7625
2 18333 9081 12899
2 16568 198 9308
2 9426 17157 18502
2 13590 608 1257
2 9066 8893 3464
2 18283 102 133
2 12751 14924 11439
2 11439 11888 12751
2 18374 3877 10782
2 3877 4251 9602
2 2502 73 8957
2 10275 11629 99
2 18426 3945 14049
2 18426 14049 18433
2 9604 159 140
2 7212 274 282
2 10736 48 7625
2 42 48 10736
2 7607 9299 12168
2 8456 7212 282
2 17046 18382 18362
2 16359 7077 8728
2 10379 195 17302
2 1548 10419 3622
2 18426 17761 3945
2 9066 3464 11739
2 8286 81 76
2 6511 12402 6033
2 6511 6871 12402
2 17281 1317 1316
2 17562 704 11986
2 2772 2764 10560
2 33 9619 9169
2 9684 3240 9620
2 10469 1400 2111
2 3745 9620 3240
2 14813 14656 14657
2 14813 14657 10961
2 3176 4517 3178
2 3178 1111 3176
2 9530 3248 3250
2 10604 12016 10586
2 16460 12016 10604
2 9161 9048 371
2 16999 9456 12053
2 17281 2137 17721
2 6249 1317 17281
2 12843 10448 18163
2 7622 9631 6008
2 7622 9530 9631
2 3274 18375 6923
2 10379 6923 18375
2 3753 18507 18455
2 14133 9618 14468
2 3167 10035 16857
2 16991 7858 16857
2 10218 2642 9643
2 9651 3250 3248
2 8673 9709 9651
2 17806 18508 10046
2 9899 6871 6511
2 9649 13826 9589
2 1954 2020 15993
2 2020 1954 11669
2 9391 10390 9689
2 4011 9295 4823
2 6 9562 13168
2 12680 10348 5438
2 6 13 9562
2 16891 9655 2033
2 9658 13631 7724
2 7724 9410 9658
2 9710 9168 17939
2 17157 9426 8230
2 4602 239 240
2 10635 9221 8841
2 4372 10166 9161
2 8286 9401 11600
2 2331 6036 1130
2 108 9698 1585
2 2331 1130 13796
2 1933 4876 166
2 4876 1933 3646
2 5678 17920 10237
2 1938 9531 13796
2 17308 9796 18374
2 8323 8471 1312
2 9674 4912 7064
2 4898 4912 9674
2 9132 10292 6853
2 4011 9676 3227
2 17247 10603 10551
2 9677 17753 14542
2 9678 8755 13139
2 13326 7285 17925
2 12155 256 9187
2 17925 1125 13326
2 8186 9552 9561
2 9437 11816 15960
2 8186 4246 13326
2 7655 2888 9684
2 56 70 8555
2 7456 16357 7077
2 9689 10390 1605
2 9689 1605 3932
2 7456 7077 18395
2 12180 9538 10188
2 9538 12196 3306
2 11908 16396 5064
2 9695 6034 6110
2 6034 9695 2895
2 9518 4861 13472
2 4861 10737 13472
2 9465 9698 89
2 4253 17921 9605
2 10640 10641 7578
2 4355 17870 18324
2 4249 9701 13682
2 9169 10502 9392
2 10173 9710 11488
2 132 12419 11937
2 3753 8398 11979
2 132 11937 108
2 9490 10534 14165
2 17703 8726 12161
2 17305 537 10043
2 4011 4784 13611
2 4959 18505 9727
2 17412 184 215
2 184 7241 215
2 9874 17164 17163
2 17163 12845 9874
2 7371 10492 1286
2 14126 12837 12926
2 12837 2201 3525
2 12053 3637 2710
2 9514 9221 10635
2 10664 9514 10635
2 268 260 278
2 1999 5621 1988
2 9604 11937 12419
2 2269 10237 2178
2 9643 2642 14501
2 2642 13154 14501
2 380 5325 9312
2 16396 11908 15252
2 6 9409 16
2 8803 17705 11089
2 10235 6403 18464
2 6403 4249 18464
2 7381 18350 10224
2 7381 10224 8583
2 9238 12890 8753
2 110 11463 7741
2 2143 6249 17281
2 17440 9752 17459
2 9752 17440 2033
2 9500 725 11175
2 9581 9500 11175
2 9502 7064 4912
2 12890 9238 13113
2 9410 9716 9718
2 9602 9862 18358
2 57 16886 66
2 10249 12435 1331
2 5737 529 17113
2 8241 9734 8852
2 17904 10949 14542
2 17904 17902 10949
2 9619 6258 9169
2 697 13827 7785
2 9602 8690 9862
2 10947 1629 8852
2 18495 4852 165
2 11986 10157 11853
2 14886 16667 9779
2 13439 14886 9779
2 10306 10642 15960
2 4252 8112 16082
2 166 5236 746
2 725 11272 9786
2 2126 725 9786
2 9786 11272 727
2 9609 8967 12715
2 9789 3465 8790
2 17145 11910 205
2 17308 12434 9796
2 9796 12434 4252
2 13 6 4173
2 532 8660 9318
2 9630 693 6249
2 13947 693 9630
2 18486 7215 9514
2 11142 15445 10562
2 1937 3248 9530
2 10180 8726 10587
2 16478 8803 11089
2 13531 372 10843
2 8336 9832 10735
2 10237 17920 2178
2 4251 9820 2273
2 17900 13531 4540
2 13531 17900 372
2 1130 10288 9019
2 9530 3250 9631
2 266 277 262
2 14671 8864 8818
2 8597 12196 9538
2 18519 9832 250
2 8336 250 9832
2 3227 9676 9275
2 8753 12890 4396
2 1200 1214 1222
2 1200 17269 1214
2 3464 6724 11739
2 14395 8793 2068
2 56 8555 9557
2 294 8456 282
2 9353 18248 9703
2 3711 2868 2895
2 17160 17158 10416
2 10416 17158 5979
2 4854 17961 10624
2 14180 1387 720
2 17634 7434 4790
2 14127 9851 11320
2 12803 9851 14127
2 17207 13428 9155
2 3745 9155 13428
2 1385 2121 8811
2 1385 8811 2120
2 89 14390 9564
2 86 89 9564
2 27 16 3631
2 18448 224 213
2 17943 9967 14964
2 17943 14964 11660
2 12191 9874 12051
2 15445 9875 10562
2 98 18346 9590
2 10218 10400 12545
2 9779 16667 6243
2 17 5 14964
2 231 262 237
2 18464 4249 13682
2 18341 9455 18248
2 9353 18341 18248
2 9532 280 290
2 9604 140 114
2 9888 9988 18388
2 7077 7468 8583
2 5325 17301 5691
2 16359 7468 7077
2 18177 9756 155
2 6771 9500 9581
2 10462 16221 9581
2 8673 9651 3641
2 12863 10202 17880
2 2331 13796 9531
2 9531 7940 2331
2 17207 13640 13428
2 18334 13640 17207
2 224 10838 191
2 224 191 9587
2 8376 5720 7691
2 10144 8376 11810
2 9899 18332 6871
2 86 9564 10794
2 11816 3640 9900
2 10845 3105 16979
2 9169 24 33
2 9562 24 9169
2 1315 9819 9688
2 10581 7691 12162
2 10408 1185 13453
2 10299 1185 10408
2 4986 1388 8011
2 18508 11853 10812
2 18328 4361 6871
2 10581 269 286
2 10835 10311 9967
2 7695 10581 286
2 9587 191 4073
2 4823 1012 4784
2 9275 14941 3711
2 9676 14941 9275
2 7758 11799 10362
2 12690 10689 9453
2 12191 12051 10302
2 18174 5485 13749
2 4242 10922 5072
2 1503 7140 10770
2 20 36 29
2 9636 9699 3156
2 3126 3156 9699
2 7371 16166 10492
2 16166 7371 18390
2 11370 14703 12168
2 9967 10311 8540
2 2843 9636 3156
2 10180 12890 8726
2 16185 2524 2273
2 1272 1267 9039
2 9648 9842 471
2 9175 10377 10396
2 4333 1362 14101
2 8910 10166 4373
2 139 9942 116
2 135 9942 139
2 9590 12429 73
2 10735 9832 17307
2 8788 7690 10918
2 7690 16664 10918
2 372 9609 12715
2 10563 12037 10770
2 520 612 11849
2 10026 1955 18368
2 8247 12168 15871
2 1285 720 10665
2 10665 720 17442
2 12948 11284 6097
2 9968 4325 6853
2 1355 4325 9968
2 18153 11619 17946
2 12054 16999 16453
2 16999 12054 12050
2 9401 9971 11600
2 17344 5438 10348
2 79 9974 7668
2 9648 13673 9842
2 14921 3637 10173
2 9410 9971 7726
2 4954 4976 15590
2 1387 4986 5536
2 9978 8323 1312
2 4835 9 18
2 13363 16589 13369
2 7693 10581 7695
2 18352 9988 9894
2 294 9994 8456
2 294 11238 9994
2 9935 8633 1049
2 9456 18135 12049
2 8455 29 42
2 372 12715 9964
2 14165 3363 10570
2 73 98 9590
2 10017 159 9604
2 10017 9662 159
2 11418 10258 15948
2 17721 10304 13370
2 3932 1743 6714
2 11406 3932 6714
2 10736 9709 8455
2 9554 15264 5691
2 2178 15264 9554
2 9674 13173 4898
2 10257 102 11888
2 102 9618 11888
2 13370 2143 17721
2 17281 17721 2143
2 385 8788 16916
2 8591 8215 10885
2 12695 8591 4844
2 10570 18172 13236
2 4881 9175 5240
2 96 120 147
2 147 120 143
2 16604 8355 13375
2 18493 13472 10737
2 13457 18493 10737
2 11497 213 12034
2 8240 15252 8681
2 9651 3248 3641
2 10038 17015 18381
2 5678 10038 18381
2 18448 10624 9932
2 13567 2924 2883
2 8355 14849 13516
2 9153 9677 1955
2 9619 46 9557
2 286 262 288
2 2126 9786 727
2 4173 63 70
2 9832 18519 17307
2 99 13765 18351
2 5154 10815 1286
2 5154 9465 10815
2 5655 97 73
2 18538 18351 13765
2 10011 111 9906
2 10157 10664 11853
2 11920 8019 3167
2 10178 16876 13826
2 10812 11853 10664
2 3637 10569 2710
2 20 29 8673
2 9614 16221 10462
2 18248 17283 9660
2 13236 9660 17283
2 9532 17307 280
2 18519 280 17307
2 11968 10360 16329
2 7984 4361 10567
2 8529 10379 7262
2 2322 1629 9002
2 16305 9002 1629
2 11799 9318 10362
2 9453 14591 8681
2 18510 11717 11250
2 18400 3836 3822
2 3836 18427 3822
2 3887 3541 18288
2 8187 1510 10385
2 11908 12690 9453
2 10689 9531 1902
2 10569 3637 14921
2 10299 13593 12694
2 8583 7468 7381
2 56 9557 46
2 108 89 9698
2 8811 2121 18417
2 18538 9679 8583
2 7077 8583 9679
2 9002 10311 10835
2 117 90 18337
2 8826 18503 1472
2 3833 1472 18503
2 2847 10547 2843
2 2322 9002 10835
2 2145 16345 9364
2 198 223 9308
2 1582 10144 11810
2 10306 10587 10642
2 8597 13139 9900
2 10158 1595 6678
2 2135 10757 8323
2 16779 15275 11714
2 16221 6771 9581
2 9698 11558 1585
2 16166 9649 9589
2 7468 16359 10614
2 10921 16853 12946
2 16166 9888 9649
2 10614 12880 16233
2 9353 9703 13640
2 13640 9703 10599
2 9709 3250 9651
2 16233 12880 10178
2 16233 10178 10714
2 7693 10734 7691
2 7693 7691 10581
2 4396 10180 10587
2 4396 12890 10180
2 9971 9410 9718
2 2143 10924 9630
2 3718 7940 9531
2 9631 7625 6008
2 9631 3250 7625
2 9614 9435 16221
2 9435 9614 13536
2 1595 1582 5645
2 5645 1582 16444
2 10734 16444 7691
2 3306 3475 10188
2 10918 8790 10406
2 10188 9538 3306
2 9362 1938 2871
2 2269 6403 10235
2 2269 2178 6403
2 2012 11619 18346
2 17946 11619 2012
2 4361 7984 12402
2 12828 8591 6860
2 12828 8215 8591
2 7434 8681 10531
2 8240 8681 7434
2 2270 14066 7140
2 3471 10502 3630
2 213 11497 9720
2 10365 14137 18333
2 9295 3227 7940
2 9083 10144 17404
2 7940 3227 2331
2 9718 9716 10026
2 12828 9039 8215
2 48 42 36
2 10736 3250 9709
2 9978 2135 8323
2 10447 12791 7814
2 10188 3475 12180
2 18507 3753 9932
2 6415 12641 14886
2 18297 1336 10212
2 271 9904 287
2 16891 2033 9664
2 9664 2033 11968
2 11142 6541 1905
2 16576 18424 18438
2 18445 10225 18450
2 8893 9066 3924
2 1595 9555 6678
2 9678 13139 3817
2 9976 9678 3817
2 9967 8540 8516
2 10563 10770 3262
2 14233 3262 10770
2 16576 4271 9226
2 10583 8803 7697
2 5821 1582 10158
2 2269 10235 16862
2 10304 4908 10324
2 9875 13722 12378
2 13722 10634 12378
2 9820 4251 3877
2 10396 2068 13361
2 1623 10477 1631
2 11738 1631 1259
2 9435 18297 10212
2 13361 9175 10396
2 13536 10225 7212
2 10555 16264 1610
2 9453 8681 15252
2 10257 11439 133
2 133 102 10257
2 10258 1312 15948
2 3494 9942 135
2 7622 1937 9530
2 7695 288 9192
2 9554 18375 6403
2 11694 9875 13612
2 2352 10628 518
2 8726 12890 16925
2 18333 13650 9081
2 11204 10292 198
2 11562 9587 4072
2 14748 10708 4986
2 9971 9401 7726
2 10302 12180 13146
2 8773 8247 12161
2 8773 12168 8247
2 4959 8230 9426
2 10604 10306 12980
2 10604 10587 10306
2 8355 16596 14849
2 14461 11333 14459
2 1276 10348 4844
2 10312 17568 164
2 10815 18283 1286
2 10315 18341 12803
2 12803 14127 10315
2 13335 10477 1623
2 16916 14671 385
2 10664 10635 10812
2 3002 8230 9107
2 8773 6663 12168
2 122 133 155
2 3529 3526 18409
2 9362 17178 13004
2 277 288 262
2 10467 10158 6678
2 17015 9058 18342
2 12680 4844 10348
2 17780 6112 8373
2 8597 9900 3640
2 8673 29 8455
2 1963 10355 3110
2 2068 10355 1963
2 13631 13633 10909
2 9063 2910 14835
2 10360 5154 1286
2 10360 10492 16329
2 16478 10173 11488
2 13592 14959 14559
2 14559 17616 13592
2 10362 9318 11694
2 14461 10365 14132
2 9556 4844 12680
2 12545 9386 2309
2 11979 10312 10838
2 3637 9710 10173
2 7724 13722 11735
2 3641 12 20
2 9557 8555 11026
2 13612 1905 7758
2 10553 80 104
2 80 5621 104
2 10555 1601 7192
2 7192 16264 10555
2 8841 9221 10710
2 15771 1387 14180
2 10390 1618 511
2 4328 6779 6855
2 3713 1607 10533
2 15275 10548 11714
2 12502 4959 10400
2 12034 9587 11562
2 16916 10918 10406
2 13139 8755 12980
2 15275 9599 10548
2 3306 12196 9914
2 9914 3478 3306
2 374 3923 9683
2 2568 10278 11787
2 9107 12502 10278
2 17110 11557 11595
2 721 17204 3599
2 10565 10481 4858
2 10481 4860 4858
2 9664 11968 16329
2 5913 16233 10714
2 5913 10535 16233
2 10499 10449 18374
2 9132 1400 10469
2 1335 10462 4342
2 9614 10462 1335
2 12715 8910 9964
2 12715 9048 10166
2 12715 10166 8910
2 4782 8534 10735
2 9964 8910 223
2 9964 223 208
2 208 223 9132
2 18129 8739 14209
2 18367 11477 18368
2 13974 13516 5294
2 6403 18375 4249
2 9619 9557 11026
2 9453 10689 14591
2 4823 4784 4011
2 17395 12611 4739
2 10170 2605 15590
2 1933 98 2502
2 11595 9410 10474
2 10548 9599 4402
2 13787 13097 1785
2 385 17705 8788
2 11739 9789 9066
2 9066 9789 8790
2 11170 12435 1332
2 10562 9875 12378
2 10562 12378 498
2 16305 18262 12490
2 1595 5645 12048
2 10360 1286 10492
2 9764 9213 1607
2 2468 1533 4072
2 1533 11562 4072
2 1585 18153 17946
2 180 17292 14228
2 17327 10675 6714
2 9701 4249 3274
2 16292 11829 10848
2 10848 11714 16292
2 9213 10563 3262
2 16568 9308 4373
2 8910 4373 9308
2 4013 1938 14155
2 3465 9789 1137
2 87 10503 9974
2 87 3347 10503
2 13611 14941 4011
2 17207 9155 3996
2 3475 10508 9114
2 9114 10508 8879
2 9342 4852 192
2 18495 192 4852
2 12075 4118 12150
2 10614 16359 12880
2 16852 12880 16359
2 10073 15887 13217
2 16891 11581 9655
2 13310 5064 16396
2 2568 9107 10278
2 11406 6714 9914
2 17110 11595 11735
2 498 9478 9451
2 10531 1902 4013
2 11196 1336 11238
2 9063 18367 18368
2 6415 4859 18310
2 12483 11541 6792
2 10534 12959 3363
2 7631 12959 10534
2 10664 10157 18486
2 9502 10329 13947
2 10535 7381 7468
2 13592 10885 8215
2 9619 33 46
2 9455 17283 18248
2 5399 5400 10484
2 12034 224 9587
2 3347 116 9942
2 276 1503 10559
2 276 10559 285
2 10794 9618 102
2 86 10794 102
2 10736 8455 42
2 10562 498 10917
2 16588 13947 10329
2 9364 13947 16588
2 4790 10325 4012
2 5820 18314 10567
2 18314 7984 10567
2 7631 10534 9490
2 7213 9039 1267
2 12695 4844 9556
2 10848 11829 10569
2 3363 18172 10570
2 8878 11581 16891
2 12053 2710 16999
2 10462 9581 11175
2 10794 16125 14468
2 677 10449 17896
2 17871 677 17896
2 7061 16567 18435
2 8690 17927 9862
2 12191 7775 9874
2 5294 14849 10377
2 10377 14849 9274
2 63 53 11116
2 290 285 10582
2 9532 290 10582
2 13531 10843 192
2 6771 11272 9500
2 11735 13722 11694
2 17110 11735 11694
2 10585 2309 2642
2 12545 2309 10585
2 9862 13475 5331
2 9564 14390 16125
2 3306 3478 3475
2 2135 16604 10757
2 10634 15423 12378
2 2012 18346 98
2 2120 8811 18417
2 9683 3924 7690
2 9566 11196 11272
2 11196 5517 11272
2 11370 6663 8879
2 9862 5331 18358
2 42 29 36
2 24 4173 33
2 10614 10535 7468
2 4860 13457 4161
2 17442 13080 10618
2 17721 13363 10304
2 12402 7984 17707
2 9602 18358 10499
2 208 9132 9342
2 18466 9173 18464
2 10235 18464 9173
2 11415 9978 10258
2 13722 7724 10634
2 14135 14454 12904
2 2068 8793 10355
2 10599 3363 13428
2 3363 10599 18172
2 10642 10587 8726
2 4013 7434 10531
2 12545 10400 9727
2 16589 12546 10757
2 12546 8471 8323
2 10652 17442 720
2 6026 6087 17813
2 17703 12161 8247
2 6094 6026 17813
2 3478 17327 10508
2 10508 17327 8879
2 10462 11175 4342
2 12642 427 12828
2 6860 9595 12642
2 5854 17934 14475
2 10073 18350 7381
2 10026 9716 1955
2 18420 1285 10665
2 13611 9081 13650
2 7668 17776 17777
2 15710 8868 2167
2 9914 10675 3478
2 17327 3478 10675
2 10838 10312 191
2 17778 6034 11907
2 2330 10286 11907
2 3637 12053 9168
2 3637 9168 9710
2 7691 5720 12162
2 7655 9684 7631
2 7625 48 60
2 6012 7625 60
2 2135 9978 16596
2 9964 10843 372
2 285 290 4602
2 280 4602 290
2 11405 16567 7061
2 9589 9664 16329
2 12546 1315 8471
2 3923 8893 10694
2 9024 18397 1079
2 9683 3923 10694
2 7693 9192 10522
2 11406 9689 3932
2 9556 12680 13188
2 9435 10212 16221
2 9888 9894 9988
2 11857 10282 9382
2 16478 7697 8803
2 18486 9514 10664
2 2143 9630 6249
2 10312 164 191
2 10714 8589 5913
2 12690 3718 10689
2 385 15275 16779
2 385 14671 15275
2 10582 285 10559
2 16664 3924 9066
2 615 614 2977
2 10748 4860 10481
2 14243 18299 18290
2 12695 18299 14243
2 10734 7693 10522
2 9308 223 8910
2 223 10292 9132
2 223 198 10292
2 10535 10073 7381
2 10815 9465 86
2 16925 12161 8726
2 46 4173 56
2 2710 11829 10741
2 13569 13570 4914
2 8926 4396 10587
2 10604 8926 10587
2 10712 18310 10046
2 1285 18420 10748
2 108 11937 14390
2 108 14390 89
2 10562 10917 11142
2 10489 18414 8911
2 17441 8244 8758
2 7067 8355 13516
2 4011 3227 9295
2 9967 8516 14964
2 9976 3817 17165
2 18383 2269 16862
2 10237 2269 18383
2 9602 10499 10782
2 10782 3877 9602
2 17373 964 10789
2 10741 11829 10789
2 10789 11829 16292
2 1276 4844 10885
2 10885 4844 8591
2 10694 8893 3924
2 10325 4013 14155
2 9295 3718 4823
2 9153 1955 11595
2 9932 3753 18448
2 18248 9660 18172
2 13236 18172 9660
2 86 9465 89
2 9564 16125 10794
2 9914 5979 11406
2 9718 10026 11600
2 3478 10508 3475
2 9734 8241 16969
2 1905 15445 11142
2 12402 6871 4361
2 13369 13375 7068
2 8681 14591 10531
2 10046 18508 10812
2 10741 10789 964
2 18297 9435 13536
2 13633 11463 10909
2 10757 12546 8323
2 86 102 10815
2 102 18283 10815
2 520 2977 612
2 4790 4013 10325
2 7434 4013 4790
2 10258 9978 1312
2 9083 8376 10144
2 10582 10559 12037
2 9532 10582 12037
2 8397 5678 13371
2 10212 9566 16221
2 9566 6771 16221
2 11415 9274 16596
2 14921 10173 11089
2 17071 17082 6508
2 10563 17307 9532
2 16166 9589 16329
2 10598 11089 17705
2 10598 17705 16779
2 13457 4860 10748
2 13329 3048 6849
2 7064 9502 10924
2 8241 2322 10835
2 17943 8241 10835
2 4908 10304 13369
2 1336 11196 9566
2 1336 9566 10212
2 11415 8793 10837
2 11415 10837 9274
2 10714 10178 13826
2 10838 18448 11979
2 2068 10396 14395
2 6714 10675 9914
2 17920 15264 2178
2 3227 9275 2895
2 8817 8540 10311
2 8817 10311 16886
2 286 288 7695
2 6156 1126 5554
2 1387 10652 720
2 13472 10618 13080
2 269 262 286
2 10782 10499 18374
2 5236 10290 10289
2 12051 9976 10869
2 10302 12051 10869
2 9703 18248 10599
2 13 4173 24
2 224 18448 10838
2 17065 8967 17900
2 13592 1276 10885
2 15309 15710 2167
2 13375 7067 7068
2 4012 10905 3347
2 10289 210 183
2 10289 183 5236
2 5913 10073 10535
2 9716 11595 1955
2 8878 10178 12880
2 10278 10400 10218
2 17373 10789 16292
2 11979 1353 10312
2 9914 12196 5979
2 4173 70 56
2 6403 2178 9554
2 10377 9274 14395
2 13370 10924 2143
2 3347 10905 13004
2 9502 13947 10924
2 2120 13080 16675
2 9630 10924 13947
2 9971 9718 11600
2 10325 10905 4012
2 10598 10848 10569
2 33 4173 46
2 9649 18388 13826
2 8589 13826 18388
2 8790 10918 16664
2 4823 3718 12690
2 1285 10748 10481
2 7695 9192 7693
2 16779 11714 10848
2 9727 10400 4959
2 9888 18388 9649
2 9531 10689 3718
2 2012 132 17946
2 108 17946 132
2 16944 9731 2833
2 1293 18492 2121
2 8418 11041 18257
2 3636 11041 12705
2 17202 17211 797
2 13169 2817 10546
2 8310 8019 9842
2 13101 17747 9389
2 8898 271 258
2 13169 9999 2817
2 10787 4278 11405
2 8999 10549 8126
2 13181 11175 11664
2 118 11302 18518
2 934 11035 11106
2 8760 11322 17732
2 2568 11787 11398
2 6936 5251 15907
2 17385 17703 8247
2 18422 7890 12772
2 7890 14527 12772
2 18538 18395 9679
2 11432 776 9235
2 2353 2352 11165
2 15422 11028 2529
2 246 265 234
2 11166 1890 1854
2 2781 17903 17451
2 18507 9932 17961
2 11398 11652 1930
2 1321 13421 10407
2 242 254 18446
2 1017 1890 11166
2 17907 13491 17916
2 10644 11060 10772
2 2700 10327 9829
2 4860 10688 17971
2 4860 17971 4858
2 11405 1970 2077
2 2661 9750 16467
2 4855 4856 17961
2 17284 11282 1216
2 11282 797 1216
2 4861 17959 10737
2 17962 10692 4862
2 16876 16891 9664
2 16876 9664 9589
2 11562 1533 2147
2 2883 2924 14175
2 17202 16561 16563
2 4277 10785 203
2 4470 7048 4519
2 8543 9688 16944
2 1958 8245 16895
2 10834 8244 8450
2 15422 10909 11463
2 13102 4869 16097
2 11652 2086 1930
2 18175 9707 3167
2 2077 1970 12503
2 10787 2077 12503
2 10842 1969 16895
2 1930 6088 10461
2 18438 800 16576
2 5400 5407 1770
2 11419 11621 1963
2 220 10785 12503
2 82 147 101
2 96 147 82
2 2273 18380 16185
2 18467 16185 18380
2 10834 8450 1951
2 16023 101 124
2 124 6007 16023
2 8187 10385 5348
2 18163 16242 3416
2 18163 10448 16242
2 11117 11116 11111
2 1708 11177 16577
2 3313 11298 3312
2 11874 8303 17453
2 8303 11874 11581
2 5722 16264 7192
2 12694 7464 1510
2 12943 9310 13876
2 11600 11477 8286
2 1353 17568 10312
2 11170 15462 11198
2 3262 3421 13659
2 1977 16852 16861
2 2192 11839 10484
2 5104 11433 4271
2 12113 11647 10797
2 5703 7149 14527
2 2125 13115 11664
2 17126 11616 658
2 14461 5881 11333
2 11293 8373 11285
2 1970 11164 12503
2 18427 13400 3822
2 9293 1505 529
2 5855 11305 17763
2 156 155 133
2 17907 10553 13491
2 16675 13080 17442
2 12752 4597 16667
2 15590 4976 16360
2 7306 12019 13879
2 14647 14611 3049
2 11359 1143 11360
2 11028 80 10553
2 8786 13065 204
2 3465 8832 8864
2 7921 16352 18363
2 14101 1362 11977
2 16536 11359 9238
2 8795 8796 11352
2 2231 1032 11900
2 11900 16044 2231
2 14441 3126 17850
2 14441 17850 1319
2 12948 3381 3249
2 17634 18337 14238
2 17126 4399 11616
2 17817 10288 6036
2 12419 10017 9604
2 18504 18431 17732
2 7456 18278 16357
2 11628 2073 17945
2 11629 2073 11628
2 10218 10585 2642
2 12545 10585 10218
2 2330 11907 14634
2 11629 18154 2073
2 17300 6013 11633
2 12027 2024 6970
2 15970 2024 12027
2 16657 5400 5399
2 11628 16267 16008
2 11628 11642 16267
2 18153 1585 17440
2 16088 11702 13733
2 7747 11702 16088
2 11694 13722 9875
2 8244 17858 16520
2 15309 3599 17204
2 13710 9310 9449
2 2783 218 194
2 194 218 4181
2 9401 11700 7726
2 17163 17940 12845
2 12943 11795 9329
2 11773 9433 9329
2 13710 9449 11799
2 9318 17110 11694
2 11773 9329 11795
2 13733 11702 5737
2 16444 11810 7691
2 7707 16437 16468
2 16437 16464 16452
2 5902 50 5910
2 16468 16437 13641
2 7707 173 7685
2 11714 17373 16292
2 17404 1539 15871
2 12016 17401 10586
2 15960 10642 17703
2 1272 14492 1267
2 18363 16352 4199
2 7668 17306 17776
2 12035 2147 11104
2 17839 9175 13361
2 11647 12113 8627
2 15422 88 11028
2 11333 11312 14459
2 12018 2601 1733
2 693 16345 6249
2 597 616 16108
2 5240 15480 15826
2 8398 1355 11979
2 12435 10708 1331
2 13073 8623 18487
2 275 11238 284
2 5078 2674 16418
2 2607 12611 13603
2 12893 11352 10580
2 10011 8120 8109
2 10869 9976 17165
2 17097 3602 17431
2 6936 15457 4869
2 7942 13434 18413
2 1365 8120 4588
2 11405 2077 10787
2 17950 16044 16036
2 12186 17940 17163
2 17940 12905 17938
2 17941 16460 8755
2 18305 12654 12689
2 17307 5856 10735
2 12161 16925 6663
2 14823 14631 12601
2 8861 16558 14703
2 114 140 93
2 374 10583 7696
2 385 16779 17705
2 15276 17702 6216
2 16774 17702 15276
2 16774 15269 10586
2 196 219 1136
2 18130 1141 1140
2 13765 12456 18356
2 18449 10644 10646
2 4954 15590 2605
2 17997 16317 13665
2 18324 18322 4355
2 18324 18315 18322
2 1141 18130 1143
2 10299 1510 1185
2 18496 18327 18318
2 11563 12490 18262
2 11738 1259 7963
2 3541 16800 16640
2 115 886 12888
2 12888 6777 115
2 11660 5 15961
2 8879 6663 16925
2 10484 11839 81
2 724 1293 2121
2 6871 18332 18328
2 12715 8967 9048
2 2120 16675 8011
2 4363 18332 8225
2 1692 12035 10764
2 6012 6008 7625
2 11041 8418 12705
2 5777 10467 6678
2 12456 16008 15980
2 8898 981 15788
2 13115 1293 724
2 18348 18347 15962
2 11795 13876 7755
2 2022 15993 16021
2 14559 13040 4541
2 11111 11116 53
2 11111 53 41
2 622 125 136
2 12772 14527 7149
2 18481 4082 16962
2 7161 7282 5275
2 948 165 1340
2 9382 4164 7622
2 13097 11432 8534
2 17772 17799 9802
2 13421 2605 18236
2 2709 209 179
2 12899 10365 18333
2 8769 12946 13111
2 12925 4117 4118
2 886 164 167
2 17920 9552 15264
2 18394 122 97
2 1259 10477 7963
2 15597 18489 15779
2 13876 11795 12943
2 15735 615 12950
2 2346 12950 615
2 162 128 16032
2 6097 11284 10595
2 5424 13152 6177
2 18537 15967 18353
2 8684 3758 12113
2 3240 3364 3745
2 3745 12959 9620
2 15826 4864 13973
2 530 3052 18364
2 18299 12695 9556
2 722 12644 12682
2 9459 3599 722
2 1969 13111 12946
2 16452 16464 16478
2 3421 2601 17424
2 9859 17424 2601
2 13115 724 11664
2 3186 13040 9236
2 76 12399 11039
2 9694 9699 9636
2 5806 16671 18318
2 7890 18422 7807
2 5358 18472 5339
2 7814 12791 17431
2 7149 16426 612
2 9750 2661 8306
2 13065 3923 374
2 2430 14552 12467
2 12047 18164 1988
2 10917 11146 11142
2 153 134 17614
2 13673 17759 9842
2 3875 14677 18402
2 17902 11146 10917
2 17925 2265 4243
2 2847 8126 10547
2 5535 16657 2467
2 3817 13139 8597
2 12980 9900 13139
2 11419 1963 10845
2 12087 18290 12086
2 17882 8554 17308
2 115 6777 94
2 10035 8999 16857
2 4790 18337 17634
2 17822 11110 14473
2 7191 18522 2355
2 3148 12806 18334
2 11174 11175 13181
2 16641 17778 11907
2 12752 16667 716
2 608 12654 12685
2 17943 10835 9967
2 17161 12054 17940
2 18347 13226 15962
2 18350 10073 13217
2 8892 17747 9237
2 12705 8418 1788
2 15873 1001 7383
2 3110 15948 9277
2 12642 9595 12735
2 1725 10356 17339
2 13271 18302 12987
2 12685 18308 18306
2 13213 2349 2362
2 7375 13832 7383
2 13102 981 8898
2 18361 54 5662
2 54 18361 45
2 15599 6855 6779
2 2502 8957 2430
2 10603 13308 18406
2 18399 18406 13308
2 2501 12705 1788
2 15970 13217 997
2 13073 8627 15840
2 13319 12057 91
2 13319 14096 3768
2 4209 6088 16790
2 12150 13188 15048
2 5104 13033 3048
2 200 209 371
2 15122 18308 13284
2 15122 18306 18308
2 2024 11662 17459
2 9561 13371 2268
2 13167 961 13147
2 14532 13169 962
2 272 18498 253
2 18289 18400 3818
2 10286 7655 6094
2 7655 7631 6026
2 1017 11166 13066
2 2088 257 246
2 2501 12399 11839
2 2501 11839 2192
2 13102 8898 248
2 13102 16097 981
2 1317 9694 1316
2 10549 13569 13149
2 12490 10311 9002
2 13569 10163 13570
2 13147 15748 13167
2 13541 16952 14532
2 13541 962 13130
2 13130 13173 13541
2 14404 9999 13169
2 13130 13169 10546
2 10549 13149 8126
2 5668 10163 10549
2 13169 13130 962
2 10845 1963 4853
2 12689 12735 18309
2 16852 16359 16861
2 13452 10408 3137
2 17113 529 18366
2 18366 530 17113
2 9561 2268 4246
2 5924 12987 18292
2 13509 5252 16467
2 5046 17361 13566
2 11977 1362 15891
2 17046 18462 13746
2 8557 8566 1890
2 17776 17306 6513
2 17424 10466 3421
2 11562 2549 12034
2 12937 9648 471
2 1905 13006 17782
2 6087 6026 13567
2 12018 1733 6849
2 9459 10322 4835
2 40 25 18359
2 18373 92 18471
2 13673 15788 17759
2 17046 13746 2265
2 18139 2333 15290
2 7 15 28
2 1623 1631 3630
2 502 18406 16802
2 12399 1788 11039
2 13363 17721 2137
2 16437 16452 13641
2 17071 18441 18443
2 18397 17286 17285
2 13378 2674 15290
2 13404 14632 14488
2 129 17948 110
2 18236 7471 10407
2 2678 11787 13409
2 12611 2607 2657
2 16340 15611 217
2 15611 201 217
2 18236 10170 7471
2 13404 13413 14632
2 18164 1999 1988
2 10594 11784 8581
2 14461 14459 14137
2 13947 9364 693
2 13097 8592 16577
2 188 216 11445
2 5188 790 14997
2 13067 8684 12113
2 7757 16259 13876
2 18419 18415 2125
2 4243 2265 13746
2 183 13748 12419
2 183 210 13748
2 18133 1140 14103
2 11164 1970 2342
2 8769 16903 10921
2 17447 8303 17446
2 17446 16903 8769
2 14438 12389 18152
2 18426 18433 4676
2 11843 17801 1617
2 7241 184 18139
2 13787 11432 13097
2 812 17283 4769
2 15779 106 11751
2 16023 11751 18494
2 4614 25 40
2 7155 15735 12950
2 11616 17314 658
2 12419 9662 10017
2 7066 13990 4914
2 13928 13173 9674
2 13577 13868 13147
2 15874 18354 15873
2 4864 5269 13026
2 13570 6983 4914
2 10327 2700 2657
2 15457 6936 15907
2 13102 235 4869
2 13748 9662 12419
2 12234 13845 166
2 13130 4898 13173
2 10522 14209 10401
2 17178 17306 7668
2 34 23 35
2 50 34 35
2 961 13577 13147
2 13092 12087 8551
2 16164 7375 5274
2 13452 3137 18302
2 13847 13378 15290
2 13588 6177 9746
2 4469 13580 8133
2 14492 6173 14554
2 3742 13592 7213
2 14559 13593 17616
2 7048 14560 4519
2 6177 13588 13590
2 2088 275 257
2 13588 5275 11421
2 13586 6173 13590
2 10550 12991 18408
2 3996 15786 4778
2 17700 4402 15276
2 5331 6923 17302
2 5375 7262 18375
2 5119 4287 4278
2 13876 9310 13710
2 371 209 2709
2 17356 14473 11110
2 2022 1954 15993
2 7758 7757 11799
2 13633 11700 7741
2 7757 13876 13710
2 265 257 275
2 246 257 265
2 3240 13484 3364
2 11700 11698 7741
2 123 11698 11700
2 2439 85 826
2 7758 10362 13612
2 17442 10618 18420
2 12751 176 14924
2 104 5621 10774
2 7757 13710 11799
2 2711 9935 14238
2 7241 4185 215
2 18223 17354 13006
2 12018 9859 2601
2 2273 4252 14070
2 13673 2789 15788
2 9392 13168 9562
2 765 1190 4277
2 11298 8633 2711
2 13777 15279 4277
2 802 800 17202
2 17205 15548 5201
2 13787 11433 5104
2 85 2439 12646
2 4278 5117 5119
2 16789 6088 2086
2 18340 4082 18250
2 12946 16853 16321
2 5219 4271 802
2 802 11282 5219
2 15771 4333 14101
2 18133 14103 1139
2 4394 1139 14103
2 11476 17707 7984
2 4470 14130 4517
2 9618 14133 11888
2 17563 7238 8689
2 17780 6513 6018
2 14671 8818 15275
2 4402 9599 15755
2 12180 10302 17165
2 1999 1985 15299
2 5902 18348 34
2 23 11 35
2 3630 6258 5545
2 3167 9707 13749
2 11937 9604 114
2 18383 9058 17015
2 18335 14135 12904
2 10774 2425 4320
2 13665 1951 8450
2 14228 17292 16458
2 4881 9389 13974
2 6983 13372 7066
2 166 13845 5236
2 7143 7316 11849
2 16267 16021 15980
2 7974 28 18361
2 1548 3622 17247
2 4864 13845 5269
2 13868 13577 7068
2 4914 13990 13149
2 5030 12611 17395
2 15466 10326 858
2 7655 2330 2888
2 18199 70 63
2 17441 17226 11633
2 9605 12434 18373
2 14130 3178 4517
2 245 236 12991
2 1743 11370 17327
2 14133 119 134
2 9552 8186 14073
2 14119 2310 14221
2 16969 17943 11661
2 187 5150 1190
2 17274 14527 7890
2 9019 6018 2871
2 14318 16611 14798
2 11097 16242 187
2 5173 13777 1190
2 4009 13484 3710
2 2883 1946 10284
2 17269 1200 17716
2 17614 93 140
2 16604 16589 10757
2 3713 10533 14343
2 17300 14867 6013
2 17300 11661 14867
2 9764 1607 3713
2 1508 17462 12806
2 365 17468 14126
2 3875 2253 18430
2 17614 176 153
2 201 17614 217
2 199 140 159
2 17441 8758 14724
2 14724 17226 17441
2 14380 9409 13168
2 278 3101 12414
2 3710 13484 14634
2 3710 14634 3711
2 14404 961 13167
2 13167 8970 14404
2 17305 18370 537
2 3918 3923 13065
2 18473 18370 14134
2 14823 10437 14631
2 18370 17305 18357
2 14468 95 119
2 6018 10288 17780
2 10288 6018 9019
2 677 17871 17882
2 17882 3081 9263
2 3525 4082 1260
2 4864 15826 13845
2 15840 12019 5684
2 251 267 240
2 1937 3381 3248
2 134 119 17614
2 13566 16064 11132
2 13566 17361 17353
2 4614 40 51
2 18299 9556 13188
2 13847 15290 118
2 17269 5703 14527
2 13271 12075 3736
2 18486 704 17960
2 14552 14438 12467
2 1079 14553 3870
2 3870 14553 12389
2 12646 12625 18301
2 17128 125 622
2 18302 13271 17229
2 2568 11398 2626
2 7048 7464 14560
2 249 262 256
2 256 262 269
2 15068 12625 128
2 9842 8019 5485
2 18492 18417 2121
2 18324 18316 18315
2 1012 12899 4784
2 8132 18152 14428
2 14428 18152 12461
2 18152 12389 12461
2 16457 8132 14428
2 5903 18353 13226
2 14343 2350 18127
2 14428 12461 170
2 8420 2201 9802
2 14461 14132 9223
2 14135 14459 11312
2 18349 16021 15993
2 13536 9614 4916
2 4669 13415 14490
2 276 240 267
2 17901 17356 17051
2 13847 18480 13378
2 17858 14989 11669
2 3875 3887 14677
2 18288 14677 3887
2 16920 16027 12047
2 16027 16920 110
2 11787 10278 14501
2 8450 1958 13665
2 16157 9392 3471
2 7963 6593 11738
2 13421 2606 2605
2 2606 13421 12572
2 18236 10407 13421
2 17927 2271 13682
2 18236 2605 10170
2 16027 2231 17949
2 16957 15967 6013
2 13404 14488 2297
2 13409 11787 14501
2 13409 14501 13154
2 28 68 59
2 62 68 4614
2 51 62 4614
2 4520 13580 4469
2 14534 4531 3742
2 16327 16305 16888
2 14560 14559 4541
2 3742 4531 14959
2 14959 13592 3742
2 18424 15656 18127
2 14343 18127 15656
2 18393 18385 15874
2 820 15406 15424
2 17644 3796 3807
2 10640 18461 1976
2 17616 13593 17344
2 12807 1391 18341
2 5910 67 66
2 5910 66 11563
2 14559 14959 13040
2 16247 11662 2024
2 14393 13832 16327
2 14805 14611 14825
2 7323 17640 8017
2 16618 13413 2699
2 210 222 16340
2 210 16340 13748
2 17601 14632 13413
2 67 50 35
2 14632 14490 13415
2 13749 11920 3167
2 14490 17601 16615
2 16969 11661 17300
2 249 237 262
2 14119 2466 4964
2 18444 18429 17157
2 81 18367 112
2 14825 14611 14647
2 16916 8864 14671
2 13736 3073 4362
2 8337 16655 5684
2 2459 6157 17100
2 8821 8836 9103
2 8836 8821 15755
2 12167 16536 9238
2 11370 8879 17327
2 12843 18163 4641
2 3088 4641 16917
2 10598 10569 14921
2 14924 176 201
2 13434 13433 18413
2 8126 15492 10547
2 10547 15492 966
2 15771 14748 1387
2 4329 1374 4328
2 1374 4329 14718
2 167 17568 11204
2 11764 7609 1111
2 11 5 35
2 1329 14748 15771
2 11196 11238 5517
2 9789 11739 1137
2 11182 1379 4332
2 4331 4332 1379
2 14748 1331 10708
2 1379 14718 4331
2 14718 1379 7723
2 11204 9968 6853
2 6771 9566 11272
2 8373 17817 17775
2 11204 6853 10292
2 1995 2837 17339
2 5274 7375 18534
2 7237 3753 18455
2 11174 13181 11198
2 17713 5188 14997
2 10845 4853 3105
2 18431 2466 17732
2 17361 17363 17353
2 17911 18205 14830
2 14630 14830 18205
2 14830 14611 14805
2 17903 11127 18212
2 14810 18229 11141
2 17365 11135 17354
2 7997 14825 10437
2 14807 18229 14810
2 14825 18204 14805
2 14813 16281 14658
2 13372 6983 13374
2 80 11028 88
2 13372 13374 2149
2 12399 2501 1788
2 6936 233 243
2 16604 16596 8355
2 10304 13363 13369
2 6983 10344 13374
2 2149 9750 8306
2 10290 5240 17839
2 10290 15480 5240
2 5252 17835 16467
2 16589 13375 13369
2 9274 14849 16596
2 10344 9750 13374
2 11421 5275 7282
2 4531 14534 9219
2 4470 4519 14130
2 3996 3364 13484
2 2333 118 15290
2 10613 5407 15256
2 285 4602 276
2 10787 4277 15279
2 18306 15122 10797
2 18292 18301 12625
2 9851 17462 11320
2 12625 12057 18292
2 12583 4977 4954
2 265 275 284
2 11647 18487 10797
2 11647 8627 18487
2 2626 10277 12483
2 18472 380 14073
2 17568 1353 1355
2 11170 1332 15462
2 11170 11198 1389
2 797 17211 796
2 16947 5535 2467
2 18212 11127 17917
2 13845 15480 5236
2 10290 5236 15480
2 1632 12682 12644
2 5339 8186 13326
2 59 54 28
2 966 15492 13990
2 17157 18429 18502
2 3646 14433 18146
2 18416 6216 17702
2 12641 9462 14886
2 14243 18290 4142
2 8892 9850 15530
2 2430 8957 9024
2 1214 15548 1222
2 16824 7783 11136
2 17801 11857 581
2 8317 10638 1976
2 8627 12113 3758
2 16360 4976 18442
2 3529 18404 18289
2 17934 11843 14475
2 100 123 11700
2 17065 4540 6007
2 222 211 15611
2 15788 2789 8898
2 16962 3525 13014
2 15967 18537 17970
2 4705 15967 17970
2 17856 18396 17285
2 10797 15122 12113
2 18487 8627 13073
2 10402 17247 10551
2 12113 15122 13284
2 2297 2296 17395
2 10646 8872 18449
2 8872 10646 18447
2 14077 11136 1200
2 5399 2462 2467
2 4540 17065 17900
2 6049 17811 10284
2 4470 4469 1251
2 10091 7859 8892
2 8970 13167 15748
2 15493 7755 15520
2 104 10774 2390
2 13749 9707 18174
2 1905 17782 7758
2 14133 14468 119
2 3996 13484 15786
2 658 18511 173
2 16163 16088 16089
2 16340 9662 13748
2 17822 820 15424
2 15656 18424 11177
2 5517 2088 727
2 15269 4396 10586
2 7241 5078 4185
2 8696 18291 12079
2 16053 15431 17822
2 17826 11121 15431
2 15518 11132 15493
2 9290 18135 12050
2 18257 107 948
2 201 15611 14924
2 12167 4396 15269
2 3058 25 15
2 4914 13149 13569
2 37 22 32
2 4855 13465 4487
2 16987 8913 6740
2 11 15962 15961
2 17161 12186 15886
2 15886 12186 18130
2 248 258 260
2 235 248 260
2 271 260 258
2 16247 15970 12428
2 11660 15961 2018
2 4219 16185 18467
2 16185 4219 8053
2 15907 17835 5252
2 10466 17424 17097
2 10282 17801 6049
2 18503 1471 3833
2 17205 17192 783
2 7974 4357 14
2 9746 6177 13152
2 18287 226 10027
2 592 18422 12772
2 18474 3077 17896
2 617 2349 17748
2 14669 3383 12948
2 9988 18540 18388
2 2699 13404 4739
2 13733 16089 16088
2 15891 11992 11977
2 11476 18378 15547
2 16097 4869 15457
2 17314 12479 14374
2 15970 997 12428
2 597 16108 617
2 16860 1969 16321
2 16626 17256 1131
2 13649 16133 15424
2 111 131 18195
2 111 15068 131
2 13284 13037 13067
2 18451 7212 10225
2 10638 4161 1976
2 18421 259 525
2 16340 217 199
2 170 203 16457
2 13536 18450 10225
2 2019 17970 16019
2 16267 15980 16008
2 18356 12456 18355
2 15980 18355 12456
2 1001 15873 18354
2 18354 7879 16019
2 11751 16023 6007
2 16036 16044 6682
2 10550 3622 1066
2 11360 9114 13113
2 4181 218 12234
2 218 2783 12234
2 8132 16457 12229
2 5117 14077 5119
2 17453 16195 6970
2 3842 1471 18429
2 18381 17012 13371
2 17970 1001 16019
2 6593 16053 16133
2 15439 16053 6593
2 18177 17831 10733
2 3828 12882 3859
2 8987 16667 14886
2 17801 10282 11857
2 8566 11250 1890
2 16967 3101 289
2 15406 9409 14380
2 17822 16133 16053
2 17826 16163 5293
2 3416 16242 11097
2 7747 16088 16163
2 16089 7753 16064
2 62 18376 17922
2 5856 17307 10563
2 7755 16259 15531
2 16259 7755 13876
2 2349 617 16108
2 527 17748 2350
2 2346 615 2345
2 2145 409 16345
2 18438 15773 1639
2 10284 10282 6049
2 12428 10696 16247
2 11127 17903 11121
2 17917 11127 11121
2 12803 17462 9851
2 16557 14912 18439
2 12229 16457 5470
2 14912 795 18439
2 16348 16297 16860
2 16297 16866 16895
2 4178 10773 10692
2 14454 14135 11312
2 3186 4541 13040
2 13929 11652 16619
2 2390 16458 17292
2 2093 17395 2296
2 18472 13736 12863
2 11476 15547 17012
2 8337 14903 4511
2 17444 13111 10842
2 15445 13612 9875
2 3568 2626 1930
2 18408 13308 10603
2 17948 18526 171
2 2225 17948 171
2 18362 18382 18378
2 69 60 36
2 17285 18396 18397
2 287 260 271
2 8694 10707 10710
2 10447 17284 17272
2 4916 8985 13536
2 11575 18389 16168
2 18267 11575 16168
2 1585 11558 17440
2 10029 3052 18366
2 18490 10481 10565
2 17799 17772 6012
2 2605 2606 4954
2 4188 5078 16418
2 216 188 18510
2 11590 14753 16348
2 16164 16327 13832
2 16164 13832 7375
2 7782 16426 7149
2 16426 7143 612
2 7065 13369 7068
2 233 235 260
2 2390 4320 16458
2 17761 16458 4320
2 16866 1958 16895
2 4278 4287 11405
2 18387 17542 5902
2 18463 7921 18363
2 16246 11662 16247
2 16246 18346 11619
2 17292 127 2390
2 9103 16536 8821
2 12167 17282 16536
2 13641 12052 11717
2 8861 12159 16558
2 16082 17921 2276
2 4252 16082 14070
2 12434 9605 8112
2 16348 16866 16297
2 16888 9222 14393
2 16860 11590 16348
2 16348 14753 16343
2 7865 1261 6173
2 215 4185 220
2 5470 220 4185
2 11907 10286 16641
2 14119 17732 2466
2 862 253 18498
2 7690 3924 16664
2 14591 10689 1902
2 9525 18395 18538
2 8790 16664 9066
2 16789 16790 6088
2 7124 10772 2239
2 265 284 294
2 39 35 26
2 35 39 47
2 16460 17401 12016
2 14798 17604 16615
2 14798 16615 14318
2 961 14532 16952
2 3640 11816 10494
2 7697 16478 16464
2 17938 12905 16501
2 7685 16437 7707
2 100 11039 11035
2 9401 76 100
2 4271 16576 800
2 17835 5251 16264
2 14658 532 16355
2 4277 203 765
2 3711 14941 3710
2 2353 11165 7905
2 5266 16856 4304
2 17401 17938 18416
2 16782 18429 3836
2 67 35 66
2 2135 16596 16604
2 10290 13361 11621
2 7065 4908 13369
2 2149 860 13372
2 3541 16640 16626
2 1200 5119 14077
2 16856 5266 3945
2 5266 4311 11445
2 16824 7143 7783
2 7316 7143 16824
2 16987 219 196
2 17601 16640 16800
2 11134 5684 16655
2 10947 17452 8758
2 13929 16619 3526
2 1131 17256 16802
2 16613 2678 13409
2 17939 9168 11166
2 10402 10551 17623
2 18305 18309 18291
2 4072 4073 15256
2 18152 18146 8670
2 17870 3081 17882
2 17911 14805 18204
2 17161 17940 12186
2 17962 18446 18445
2 1854 1890 11250
2 18487 8623 2106
2 8832 425 1139
2 17921 16082 9605
2 10408 13453 3137
2 16920 1988 110
2 6039 7789 826
2 10470 7942 18413
2 713 10470 16663
2 2120 18417 9518
2 6740 8913 11445
2 3945 8913 14049
2 16663 15599 713
2 18164 6039 1985
2 10503 3347 13004
2 15874 13813 18354
2 13465 14288 4487
2 18188 9819 1315
2 10922 18462 16998
2 961 14404 14532
2 18493 18420 10618
2 2086 6088 1930
2 13847 5723 18480
2 10845 16979 9756
2 14318 16800 6111
2 3518 178 202
2 1774 12237 4181
2 15493 7753 7755
2 16613 17604 16611
2 18288 16626 1131
2 225 16790 202
2 14049 11900 18433
2 17269 14113 1214
2 4185 17326 5470
2 12047 1988 16920
2 5 17 35
2 16886 57 47
2 13516 14849 5294
2 16321 16314 16860
2 18487 2106 1632
2 4976 4954 17339
2 16317 16309 1951
2 16317 11575 16309
2 8878 16891 10178
2 13749 5485 11920
2 16876 10178 16891
2 18175 14441 1319
2 15993 18354 13813
2 12601 17901 17051
2 4253 18471 113
2 234 265 230
2 20 12 36
2 8841 13434 10712
2 12483 10277 11541
2 16967 9904 13673
2 16967 287 9904
2 9683 10694 3924
2 2847 16991 16857
2 194 9756 3573
2 2201 12837 7524
2 5924 18292 13077
2 9999 9731 9665
2 9756 16979 7859
2 9665 11573 9999
2 155 9756 194
2 18062 18406 18399
2 234 10489 246
2 7607 16558 12159
2 2910 17907 17916
2 2277 12086 12150
2 802 797 11282
2 18474 10499 18358
2 115 94 18468
2 18378 17028 15547
2 14473 820 17822
2 14288 10469 2111
2 18363 4199 16998
2 49 17635 64
2 18517 18380 17052
2 17194 365 12926
2 122 18394 18283
2 15748 10543 9923
2 13400 18427 11252
2 7929 12259 18362
2 3646 17783 1774
2 18359 51 40
2 18359 18376 51
2 5820 5778 4360
2 18314 5820 4360
2 17940 12054 12905
2 18464 18377 18466
2 8670 14438 18152
2 18301 12620 12646
2 886 16568 12888
2 13452 17229 15048
2 18427 17070 11252
2 17070 18428 18429
2 18428 17070 18427
2 18390 9894 9888
2 1731 18431 18430
2 1473 18430 18431
2 6852 6508 17082
2 3835 18279 378
2 3421 10466 13659
2 4355 8746 3081
2 3758 12019 15840
2 2977 614 612
2 17097 527 10466
2 520 11849 10628
2 157 17145 622
2 622 17145 205
2 10710 13433 13434
2 13787 5253 11432
2 532 9318 9449
2 528 9293 5730
2 532 9449 9310
2 14830 11202 14611
2 13006 17354 15531
2 243 233 260
2 8861 8795 12163
2 8861 12163 12159
2 7524 1617 9802
2 7929 11476 7984
2 10552 12479 11616
2 12479 17314 11616
2 14527 14113 17269
2 13452 18302 17229
2 17949 6489 12047
2 7065 13577 16952
2 11177 9226 16577
2 18428 3836 18429
2 3859 18399 3828
2 18428 18427 3836
2 17947 6970 17459
2 17459 6970 2024
2 13735 16089 13733
2 10502 6258 3630
2 18505 4959 9426
2 6724 1017 3606
2 2910 10949 17907
2 12611 2657 4739
2 16157 11738 13649
2 18129 12183 8739
2 1365 8121 8120
2 3796 4110 8551
2 724 11198 13181
2 13181 11664 724
2 240 700 17251
2 17941 9976 12051
2 9874 12845 17941
2 10011 9906 4588
2 7747 7963 11702
2 13284 13067 12113
2 16032 3463 9055
2 13567 9317 2924
2 1130 9019 13796
2 10315 14127 12807
2 18204 18212 17917
2 6008 11857 7622
2 16557 17206 14912
2 17204 721 44
2 17205 16557 17192
2 3383 17283 812
2 5691 17301 5375
2 7066 4914 6983
2 9401 100 11700
2 3137 12987 18302
2 3602 1372 17431
2 13326 5358 5339
2 17206 16557 17205
2 17206 5201 790
2 18520 18439 18437
2 17211 16563 795
2 12229 17326 17783
2 17326 12237 17783
2 2459 2772 18287
2 14552 3870 14438
2 1503 2270 7140
2 18368 9677 14604
2 16036 196 16032
2 16987 196 16036
2 17860 16671 17879
2 22 37 10
2 69 36 61
2 12 465 36
2 1639 18437 16563
2 13472 18493 10618
2 10284 1946 10282
2 8868 7161 9746
2 14903 7161 8868
2 4357 7974 4199
2 16611 17604 14798
2 1840 934 1102
2 18198 17903 18212
2 1958 17997 13665
2 18444 17070 18429
2 16802 17623 502
2 17904 14796 8565
2 17468 14127 14475
2 1969 12946 16321
2 17274 14113 14527
2 17727 17713 7807
2 9392 13649 13168
2 13649 9392 16157
2 13033 17278 936
2 13388 97 122
2 17286 97 13388
2 3713 14343 18128
2 121 621 2391
2 17065 149 172
2 835 4311 4304
2 621 160 2391
2 8649 2391 847
2 835 847 2391
2 4362 4361 18328
2 14959 9236 13040
2 171 206 2225
2 1032 2231 2225
2 12356 18313 18317
2 16457 14428 170
2 14134 12495 17899
2 17899 5358 5356
2 5358 13326 5356
2 6682 11900 8913
2 14049 8913 11900
2 1140 1141 9103
2 1329 15771 14101
2 14867 16957 6013
2 226 13065 14466
2 11356 10199 8786
2 2847 16857 8999
2 13577 961 16952
2 14126 17468 14475
2 6177 1257 5424
2 13590 1261 608
2 15840 5684 8623
2 3518 18289 3818
2 10594 19 465
2 14492 7865 6173
2 16969 8241 17943
2 17344 13593 10299
2 14813 10961 17537
2 10949 17909 17907
2 17356 11110 17451
2 281 10122 293
2 5046 13566 11135
2 1137 3606 13066
2 17385 11816 9437
2 16281 14366 8565
2 17451 11110 15431
2 9427 13735 13733
2 10772 11060 2239
2 16802 18405 1131
2 14559 14560 13593
2 12620 18301 12987
2 7404 18391 7456
2 2346 18520 2348
2 14753 18393 18392
2 1032 17975 18433
2 16023 17709 7013
2 14553 12461 12389
2 7607 12168 16558
2 57 35 47
2 35 57 66
2 18430 1473 3875
2 7282 13879 17639
2 9382 7622 11857
2 9449 9318 11799
2 13006 14107 18223
2 10401 8739 12048
2 12048 10522 10401
2 3262 14233 3421
2 18415 10772 7124
2 5903 17542 5904
2 11642 17444 2061
2 293 263 281
2 17445 8769 17454
2 2073 18154 17445
2 17537 14107 14366
2 18154 17447 17446
2 3759 10043 18376
2 18154 17446 17445
2 2073 17445 17945
2 8244 17441 17858
2 17450 8245 17858
2 17445 17446 8769
2 8769 13111 17454
2 17443 10842 17450
2 17945 11642 11628
2 17052 2273 14070
2 17441 11633 14989
2 17713 17274 7890
2 17205 783 15548
2 783 4287 15548
2 17850 16345 409
2 4073 9272 15256
2 2348 18520 3044
2 9923 8970 15748
2 17938 10259 12845
2 9552 9312 15264
2 2678 16619 11652
2 14461 14137 10365
2 934 11106 1102
2 17468 12807 14127
2 11739 6724 3606
2 163 2284 2561
2 60 69 6012
2 2783 9237 13026
2 5325 15264 9312
2 3541 18411 16800
2 11708 1340 9720
2 6777 13675 14838
2 3646 18146 17783
2 5274 18534 5903
2 18229 18245 5046
2 13592 17616 1276
2 5076 765 170
2 11202 14830 14630
2 17537 14810 18240
2 15887 18540 997
2 18347 5902 17542
2 120 96 13675
2 13586 7292 4525
2 1272 7865 14492
2 16557 18522 18436
2 17899 12495 17863
2 14446 17562 14718
2 17563 14718 17562
2 265 294 282
2 17211 795 796
2 1358 4329 4328
2 4342 244 1335
2 10772 18415 18419
2 12460 135 170
2 1355 11204 17568
2 1357 4328 4325
2 1357 4325 1355
2 1355 9968 11204
2 17363 17917 17353
2 4342 11174 244
2 3401 14669 1946
2 17563 17562 11986
2 857 241 862
2 11979 1355 1353
2 18494 11751 106
2 17709 7341 7013
2 2125 725 2126
2 9605 18471 4253
2 18373 18471 9605
2 9275 3711 2895
2 4855 13433 4856
2 263 241 229
2 617 17748 527
2 10638 10688 4161
2 124 17065 6007
2 4540 15597 15779
2 14552 2430 9024
2 9024 1079 14552
2 14552 1079 3870
2 4977 18441 1725
2 16947 11104 5535
2 2700 17615 16618
2 16613 13409 13154
2 14490 14632 17601
2 17856 13378 18480
2 9347 12027 16859
2 11652 13929 2086
2 17623 16618 17615
2 10402 17623 17615
2 274 18451 254
2 18451 18446 254
2 4360 3073 3070
2 10773 8023 18419
2 2270 17251 14066
2 18229 14807 18205
2 2019 14989 11633
2 2349 13213 17748
2 12150 12086 13188
2 18388 18540 8589
2 17659 7326 8439
2 17659 17644 7326
2 7292 17639 17640
2 9296 14175 13236
2 17640 17639 8017
2 8017 8009 8684
2 7292 17640 4525
2 3813 11764 17652
2 17650 12925 3813
2 14366 14813 17537
2 3186 12925 17650
2 229 236 263
2 12991 236 229
2 17326 4188 12237
2 17401 18416 17702
2 10489 8911 727
2 8790 3465 10406
2 15871 9299 17404
2 17365 11141 11135
2 17354 11135 15518
2 19 36 465
2 3932 8796 1743
2 6853 4325 6855
2 48 36 60
2 13675 7341 14838
2 7341 17709 14838
2 13566 17353 16064
2 17822 15424 16133
2 3822 3818 18400
2 2709 179 4372
2 8696 4109 13037
2 17404 10494 1539
2 7753 15493 16064
2 858 17285 15466
2 17269 17716 7782
2 8109 8120 8121
2 5913 15887 10073
2 9859 936 17278
2 1372 9859 17278
2 10447 12790 12791
2 10447 17272 17727
2 17727 12790 10447
2 1708 3713 18128
2 17278 14067 7814
2 13006 15531 17782
2 8999 17751 10549
2 9746 5275 13588
2 9923 10543 15530
2 9240 17747 15530
2 271 2789 9904
2 9310 12943 531
2 16589 16604 13375
2 2795 6852 18399
2 17202 16563 17211
2 11285 8373 17775
2 17811 5854 6087
2 1141 1143 9103
2 18250 4082 18481
2 12186 17164 18130
2 3176 83 109
2 80 88 1988
2 717 14180 720
2 101 147 124
2 18167 18195 4120
2 10046 18310 17806
2 9103 11359 16536
2 17778 17775 6110
2 5863 11333 17778
2 17776 6513 3313
2 16802 16618 17623
2 5855 6087 5854
2 17776 3313 3312
2 11333 17775 17778
2 3313 6513 17780
2 8009 8017 17639
2 6094 17813 17763
2 17799 6012 69
2 18352 18540 9988
2 18352 997 18540
2 17775 5881 11285
2 2977 2345 615
2 6111 1106 16611
2 15276 4402 15755
2 14288 18412 13433
2 13073 15840 8623
2 12229 5470 17326
2 4144 10448 12843
2 13541 14532 962
2 14532 14404 13169
2 4908 16952 13541
2 37 9 10
2 18 37 30
2 18 9 37
2 13452 5438 10408
2 17783 18146 12229
2 4823 12690 1012
2 14459 14135 14137
2 13111 17444 17454
2 5863 17778 16641
2 3822 3825 3818
2 17776 3312 17777
2 8788 10918 16916
2 18508 10637 12020
2 17778 6110 6034
2 17780 10288 6112
2 6112 17817 8373
2 6094 7655 6026
2 17826 5293 11121
2 254 242 265
2 274 254 265
2 7065 16952 4908
2 15531 15520 7755
2 15431 15439 17826
2 16163 17353 5293
2 15520 15518 15493
2 32 49 37
2 15520 17354 15518
2 8769 10921 12946
2 17856 2674 13378
2 17716 7783 7782
2 10641 10640 10737
2 265 242 230
2 17858 17441 14989
2 4954 2606 12583
2 17761 4676 14228
2 18410 18409 3526
2 18410 18403 18409
2 17 26 35
2 10449 17308 18374
2 17941 9678 9976
2 3171 64 17635
2 16615 16800 14318
2 5339 14073 8186
2 1988 5621 80
2 1444 17339 2837
2 16467 9750 13509
2 17938 12845 17940
2 4898 13990 4912
2 16861 16357 16853
2 15993 13813 18349
2 18504 15459 8429
2 16613 13154 17604
2 16044 533 17949
2 160 4311 2391
2 9392 10502 3471
2 12882 12991 229
2 7929 18362 11476
2 530 18364 17109
2 17879 17883 5086
2 4881 5294 9175
2 10905 14155 13004
2 4363 10202 5764
2 5806 5808 17862
2 3073 4360 5778
2 15962 13226 2018
2 9478 15423 2532
2 16458 17761 14228
2 948 11708 18257
2 2326 5485 18174
2 17862 8293 17883
2 12495 17883 8293
2 17880 4364 1027
2 5358 3070 3073
2 17883 17879 17862
2 3463 1136 9055
2 17883 17305 5086
2 3058 5086 18359
2 5358 17899 3070
2 3077 17867 17896
2 17916 104 127
2 18240 14810 17365
2 5201 1214 14113
2 17909 17902 17355
2 11141 17365 14810
2 17908 14107 6541
2 11146 17902 17908
2 18223 17537 18240
2 17051 17903 18198
2 18433 17975 4676
2 17614 199 217
2 17446 8303 16903
2 18205 18245 18229
2 1319 10460 410
2 18464 18379 18377
2 10365 12899 14132
2 2274 5408 886
2 7285 2267 17925
2 10628 11849 7316
2 2276 17921 4253
2 4243 13746 18462
2 1743 17327 6714
2 18373 12434 9263
2 188 3634 16468
2 4287 5119 1222
2 188 160 3634
2 10402 1548 17247
2 17761 18426 4676
2 17939 11166 1854
2 3640 17160 8597
2 17938 17401 10259
2 17615 9829 10402
2 16675 17442 10652
2 18429 16782 3842
2 2149 13374 9750
2 3622 10419 1066
2 17945 17445 17454
2 2026 7029 18154
2 17443 17450 11669
2 13826 8589 10714
2 15887 5913 8589
2 17860 17879 3058
2 17860 3058 15
2 17300 11633 17226
2 17444 17443 2061
2 18404 16782 3836
2 11662 18153 17459
2 12027 6970 16195
2 14553 1079 14759
2 14489 2561 10277
2 17950 826 7789
2 16032 17950 16036
2 14813 14366 16281
2 533 16044 17950
2 16044 17949 2231
2 18389 18392 15874
2 10437 14825 14647
2 17948 16027 110
2 17904 17908 17902
2 18447 18450 8985
2 6008 17772 11857
2 4178 10646 10644
2 10644 10772 4178
2 18413 16663 10470
2 16536 17282 8821
2 16444 1582 11810
2 250 239 4602
2 10707 17961 4856
2 17961 10707 18507
2 14542 14796 17904
2 18195 9906 111
2 3710 14941 4009
2 17453 17947 11874
2 16615 17601 16800
2 15431 11121 2781
2 49 64 37
2 259 18421 10249
2 18383 17015 10038
2 2699 2700 16618
2 12429 5655 73
2 265 282 274
2 38 8868 15710
2 16478 11488 16452
2 18436 18435 783
2 11177 18424 16576
2 16557 18439 18522
2 10464 1601 18174
2 9701 17927 13682
2 12186 17163 17164
2 7775 17164 9874
2 10302 10869 17165
2 18414 2882 4862
2 6852 18062 18399
2 18408 18399 13308
2 14997 14113 17274
2 243 260 255
2 17082 18279 3835
2 1125 18473 14134
2 5837 2521 6884
2 12772 7149 592
2 17775 11333 5881
2 274 7212 18451
2 16246 16247 10696
2 18139 15290 2674
2 12237 1774 17783
2 17355 17902 10917
2 4614 28 15
2 13566 11132 11135
2 11135 11132 15518
2 10552 4399 8115
2 9819 18188 9665
2 9819 9665 9731
2 4242 18370 4243
2 18462 4242 4243
2 10595 17194 12926
2 3475 9114 11360
2 17447 18154 7029
2 31 36 19
2 12620 8187 6323
2 5407 2468 15256
2 11642 17945 17444
2 17440 17459 18153
2 17943 9429 11661
2 17452 16969 17300
2 8970 9999 14404
2 17839 5240 9175
2 4009 4778 15786
2 17443 11669 11640
2 17443 11640 2061
2 1503 10770 12037
2 17945 17454 17444
2 17452 17226 14724
2 17452 17300 17226
2 13226 18353 16957
2 14067 11282 17284
2 10628 7316 518
2 18184 14838 17709
2 13536 8985 18450
2 17652 11764 1111
2 5240 15826 13973
2 239 228 240
2 10707 4856 10710
2 17879 5806 17862
2 11073 12843 4641
2 12863 380 18472
2 7064 10324 13928
2 10329 9502 4912
2 119 95 17614
2 5325 12863 17301
2 8317 12020 10637
2 236 245 263
2 16426 7782 7143
2 16640 17601 13413
2 9756 18177 10733
2 16991 14441 18175
2 18522 7191 18436
2 1318 3126 9699
2 9731 9688 9819
2 12625 12646 2439
2 43 52 36
2 31 43 36
2 5554 17100 6157
2 18340 10595 12926
2 18316 18325 18321
2 16917 18163 3416
2 9731 16944 9688
2 147 143 179
2 12075 15048 3736
2 17401 17702 10586
2 16991 3126 14441
2 8913 16987 6682
2 14209 10522 9192
2 90 18518 9393
2 3518 16790 18289
2 1725 17071 10356
2 17071 1725 18441
2 11298 2711 18518
2 18518 2711 9393
2 3711 14634 2868
2 9518 18417 4861
2 15048 17229 3736
2 10362 11694 13612
2 13147 10543 15748
2 17065 124 149
2 12611 5030 13603
2 17916 10952 14835
2 18199 17901 14797
2 17537 18223 14107
2 8565 17908 17904
2 14830 14805 17911
2 16888 16305 1629
2 12882 3828 12991
2 12601 17051 18198
2 18198 14823 12601
2 18198 18212 7997
2 18198 7997 14823
2 17363 17911 17917
2 18245 18205 17911
2 18204 17917 17911
2 18212 18204 14825
2 10961 14810 17537
2 11117 17901 18199
2 11488 17939 16452
2 12374 18421 525
2 17365 17354 18223
2 18223 18240 17365
2 14835 2910 17916
2 127 10952 17916
2 16444 10734 10522
2 4778 18338 3996
2 11992 7240 1329
2 14748 8228 1331
2 10332 10464 18174
2 13928 9674 7064
2 18248 18172 10599
2 11202 6739 14611
2 16998 18462 18363
2 4009 13611 13650
2 17700 18416 16501
2 7 16671 17860
2 15 7 17860
2 1218 13033 5219
2 4120 204 18167
2 17863 12495 8293
2 3137 13453 12987
2 16501 12905 16453
2 4569 12479 10552
2 16314 18278 739
2 7757 17782 15531
2 1358 7237 17960
2 12577 7931 4957
2 18494 18184 17709
2 617 527 17097
2 7215 7237 18455
2 17960 7237 7215
2 1358 1357 7237
2 18507 5461 18455
2 10637 17806 17974
2 16343 16866 16348
2 13101 4864 9237
2 17727 17272 17713
2 14753 11590 18393
2 528 5730 10477
2 10492 16166 16329
2 14838 18184 6777
2 16888 14393 16327
2 18267 16168 13832
2 11563 18262 5904
2 11579 17997 16343
2 18267 16309 11575
2 10466 10533 13659
2 14632 13415 14488
2 17997 11579 11575
2 13929 16789 2086
2 12572 12583 2606
2 3760 8003 2327
2 6110 17775 17817
2 13361 8928 11621
2 16314 11590 16860
2 16314 16321 18278
2 16859 18350 13217
2 13213 2362 15773
2 8424 18411 15459
2 17160 10467 5777
2 17158 17160 5777
2 17880 17301 12863
2 1471 18403 3878
2 17997 1958 16866
2 18314 5837 6870
2 5201 14113 14997
2 10712 12641 18310
2 8424 6111 18411
2 17748 13213 2350
2 178 18407 18526
2 3526 16619 18410
2 3828 18408 12991
2 18408 3828 18399
2 5485 8019 11920
2 11089 10173 16478
2 13014 8420 43
2 18292 12987 18301
2 5173 5150 13827
2 10735 8534 8336
2 12086 18299 13188
2 18267 13832 14393
2 16309 18267 14393
2 15599 16663 2111
2 10419 1321 10407
2 18379 13682 2271
2 18537 1001 17970
2 18346 10696 9590
2 9906 4641 4588
2 16027 17948 2225
2 4726 4669 2646
2 4859 17974 17806
2 10199 13065 8786
2 8317 15891 12020
2 18329 7979 7947
2 18496 16352 7921
2 2149 410 860
2 5030 4964 8347
2 18305 18308 12654
2 8696 13233 18291
2 18341 9353 12803
2 7140 14233 10770
2 14753 11579 16343
2 45 18361 28
2 15480 13845 15826
2 9994 11238 1336
2 6884 7921 12259
2 16782 18404 18403
2 18397 18396 1079
2 18352 9894 12429
2 3541 16626 18288
2 9974 13004 17178
2 87 3087 116
2 1387 5536 10652
2 10613 92 11618
2 17960 704 14446
2 23 18348 15962
2 17922 18376 10043
2 13580 121 105
2 241 263 253
2 15590 16360 10122
2 2126 18414 3437
2 18414 4862 11459
2 5806 18318 5808
2 5808 18318 18327
2 17614 201 176
2 8660 14658 11557
2 15874 15873 18389
2 16501 18416 17938
2 12047 6489 18164
2 4210 18468 94
2 18377 18379 4219
2 7724 13631 10634
2 18466 9057 16862
2 2274 115 5701
2 7807 17713 7890
2 4210 18315 18316
2 14630 14807 10029
2 11619 18153 11662
2 16246 11619 11662
2 172 149 147
2 17051 17356 17903
2 11136 7783 17716
2 7077 9679 18395
2 7371 18394 18390
2 15874 18392 18393
2 9525 7456 18395
2 18375 7262 10379
2 5902 5910 18387
2 581 1617 17801
2 5904 5274 5903
2 18480 5723 18396
2 18402 18405 1668
2 18405 18406 1668
2 6013 4705 11633
2 12625 15068 12057
2 18411 3541 3887
2 16991 18175 7858
2 1743 14703 11370
2 18245 17911 17363
2 13765 18356 7404
2 17256 13413 16618
2 18537 18534 7375
2 13152 2167 9746
2 18438 16561 800
2 17178 6018 17306
2 4965 18443 18441
2 17082 993 18279
2 4965 18441 4977
2 4954 1725 17339
2 16577 1785 13097
2 9554 5691 18375
2 11669 1954 2022
2 2022 11640 11669
2 59 5662 54
2 18463 17046 18362
2 9132 6853 1400
2 5678 18383 10038
2 5408 2274 9417
2 15547 2268 17012
2 18382 17046 2265
2 75 18184 18494
2 18467 18380 18517
2 8053 2524 16185
2 5701 18468 17052
2 167 16568 886
2 18474 18358 5331
2 3759 18376 18359
2 18474 17896 10499
2 1125 14134 5356
2 18473 1125 17925
2 18473 17925 4243
2 537 5072 10043
2 18370 4242 537
2 25 3058 18359
2 77 107 11041
2 6923 10379 17302
2 18474 5331 17302
2 3077 18474 17302
2 163 2561 181
2 529 11202 18366
2 531 14657 16355
2 14658 8660 532
2 17109 18364 1367
2 18364 14657 531
2 1505 3049 6739
2 3052 530 18366
2 528 13335 10404
2 2462 112 10952
2 18367 9063 14835
2 163 16947 2467
2 8583 18351 18538
2 136 17777 3312
2 9974 17178 7668
2 17777 103 7668
2 136 118 2333
2 18480 18396 17856
2 136 125 17777
2 18353 5903 18534
2 17777 125 103
2 3312 11302 136
2 11302 118 136
2 4769 18341 1391
2 117 135 12460
2 12926 1260 18340
2 135 117 18337
2 4790 4012 3494
2 18338 17207 3996
2 203 170 765
2 18337 4790 3494
2 18421 11993 10249
2 11993 18421 2098
2 2098 18421 12374
2 18451 18445 18446
2 18461 7578 7240
2 213 182 10624
2 18448 213 10624
2 12374 10644 18449
2 12374 18449 11946
2 18450 18447 18445
2 12735 18291 18309
2 12086 18290 18299
2 162 4120 131
2 162 9055 177
2 162 16032 9055
2 162 177 4120
2 128 162 131
2 13092 8551 12079
2 18309 18305 12689
2 10322 9459 12682
2 12646 12620 6323
2 12150 15048 12075
2 12057 13077 18292
2 12735 12689 8865
2 2439 128 12625
2 13092 12079 12735
2 18305 18291 13233
2 13233 13284 18308
2 18291 12735 12079
2 13233 8696 13037
2 18322 18489 130
2 18492 7124 10769
2 4859 17806 18310
2 18492 1293 7124
2 18490 717 1285
2 1285 717 720
2 4859 4858 17974
2 18414 10489 2882
2 8214 10712 13434
2 13439 4858 4859
2 12641 6415 18310
2 18412 18413 13433
2 18489 106 15779
2 18412 16663 18413
2 16671 4357 18318
2 18489 18322 106
2 18495 13531 192
2 6870 5837 6884
2 5808 18327 2521
2 5820 4361 4362
2 4362 3073 5778
2 5808 17863 8293
2 4280 17863 14080
2 14080 17863 2521
2 4360 5837 18314
2 14 4357 16671
2 5806 17879 16671
2 17870 4355 3081
2 165 130 18489
2 2466 18431 1731
2 18443 18279 993
2 18505 9426 18502
2 4957 17070 18444
2 1444 18442 4976
2 4965 12583 2607
2 4977 12583 4965
2 18503 18505 18502
2 13400 11252 221
2 206 17975 1032
2 241 253 862
2 1471 18503 18502
2 10640 7578 18461
2 18445 18451 10225
2 17962 242 18446
2 10692 17962 18445
2 17806 10637 18508
2 10641 10737 17959
2 6944 197 221
2 221 197 4676
2 18511 226 14466
2 18511 10027 226
2 204 13065 226
2 196 1136 3463
2 18510 188 16468
2 18510 16468 13641
2 18510 13641 11717
2 18414 11459 10773
2 8746 4355 18322
2 18378 11476 18362
2 18463 18362 7921
2 18462 18463 18363
2 16352 18496 4199
2 4357 4199 18496
2 17707 6033 12402
2 28 7974 14
2 18377 12356 7515
2 9059 18517 7962
2 94 18184 75
2 16998 4199 18361
2 18467 12356 4219
2 4219 12356 18377
2 18463 18462 17046
2 18361 4199 7974
2 94 75 4210
2 18127 13213 18438
2 18435 2354 7905
2 15773 18438 13213
2 17192 18436 783
2 7191 2345 2344
2 2345 7191 2355
2 18139 184 3572
2 17202 800 16561
2 16561 18438 1639
2 18437 795 16563
2 18522 18439 2355
2 2353 2354 2344
2 1970 2352 16799
2 11165 18435 7905
2 14343 15656 18128
2 18127 2350 13213
2 3044 18520 18437
2 50 5902 34
2 122 18283 133
2 16203 18387 5910
2 11563 16203 5910
2 18409 18404 3529
2 16611 3878 7467
2 18404 3836 18400
2 8429 18411 3887
2 1106 6111 3833
2 1471 3878 3833
2 18402 378 3875
2 1471 3842 18403
2 18407 3818 3825
2 18407 171 18526
2 18407 3825 171
2 18402 1668 3835
2 6852 3835 18062
2 18526 123 934
2 129 7741 11698
2 18400 18289 18404
2 18407 3518 3818
2 6111 16800 18411
2 18407 178 3518
2 12428 18352 12429
2 12428 997 18352
2 9347 16859 13217
2 18347 18348 5902
2 18384 18391 7404
2 18384 18385 18393
2 15970 16247 2024
2 16019 1001 18354
2 9525 18538 13765
2 5903 18347 17542
2 16859 10275 10224
2 10696 12429 9590
3 7527 18109 9286
3 12833 10561 16411
3 9706 15035 18080
3 6528 14027 17171
3 12418 6466 16992
3 14756 7386 4027
3 11624 6296 11203
3 11392 6397 10084
3 3862 17685 12391
3 17685 11257 12391
3 13862 18012 17845
3 16122 2986 18046
3 13365 2512 18025
3 6532 13583 6536
3 14230 6299 8799
3 6647 14231 14394
3 12368 17426 6594
3 7117 4896 6063
3 7117 6063 9088
3 5982 2011 11262
3 17770 6776 3454
3 7536 17845 18012
3 17991 1401 16412
3 4633 2171 7349
3 4633 7349 544
3 16238 15243 7781
3 16238 13565 6617
3 11624 8405 11074
3 6313 412 15501
3 15501 412 4488
3 15719 17689 15350
3 7704 803 861
3 11922 17689 15719
3 16620 12944 5575
3 6442 852 9255
3 9255 852 7540
3 6316 8792 13946
3 18089 18090 1541
3 877 8171 17744
3 892 6556 14245
3 14222 9087 575
3 13966 575 9087
3 1313 14028 8033
3 412 6313 14247
3 15217 6561 9257
3 4937 15880 18083
3 6352 14510 14509
3 8375 3323 7584
3 7475 18056 2986
3 729 18065 3033
3 18071 729 6451
3 16238 6617 12353
3 12094 4930 2364
3 11040 14863 13779
3 4027 7386 13565
3 4535 15219 6661
3 2179 11685 12276
3 6586 2179 7541
3 1236 14477 3801
3 6082 7532 954
3 6379 973 13875
3 6698 973 8511
3 6530 6567 7351
3 14028 4236 5622
3 416 12417 4497
3 12417 6440 4497
3 5347 6551 18220
3 6370 7584 3323
3 1061 5719 12944
3 14688 18072 9778
3 9259 18000 4383
3 18000 12144 4383
3 1105 18003 8407
3 416 4497 7020
3 4838 3801 14477
3 18016 13164 8024
3 892 14245 18043
3 6342 2396 2804
3 18105 11438 12566
3 14129 12453 13693
3 1377 1882 11242
3 12944 1882 1377
3 16554 15782 8615
3 12451 6451 3033
3 6503 17931 1635
3 18115 16395 16161
3 15217 18019 6561
3 3135 3500 449
3 12683 11736 1702
3 1702 11736 16544
3 16412 1401 5074
3 2128 6271 13555
3 6532 16391 18206
3 14222 6745 3168
3 1416 8253 18122
3 1416 18122 9885
3 2986 18056 892
3 6600 6293 7839
3 2187 13478 11817
3 17216 2105 8264
3 3305 8646 8264
3 1993 14394 7163
3 7166 3258 14821
3 9255 1177 2583
3 540 1710 16674
3 14368 7730 13239
3 4558 1669 9991
3 7950 1669 4558
3 15224 7704 13018
3 15403 14476 17889
3 7255 4691 6886
3 6600 14756 14757
3 4315 8639 18002
3 5815 1624 4091
3 6442 12563 1626
3 6442 1626 6539
3 6437 6528 1627
3 6437 1627 18074
3 18097 18098 13049
3 18097 16516 18098
3 3056 17744 3023
3 17504 18113 17987
3 17999 5353 8899
3 5021 14033 6347
3 5021 8170 14033
3 8405 15782 6606
3 9480 6615 6289
3 1401 1706 5074
3 5074 1706 9313
3 1805 17682 9147
3 15355 9147 17682
3 6444 7584 13808
3 3082 13366 1398
3 16566 4335 15149
3 15217 9260 18019
3 4793 18051 13896
3 1866 2840 9635
3 12978 2840 1866
3 14052 6586 7541
3 14051 4376 14044
3 412 1825 4488
3 12171 18100 13693
3 16829 3699 6503
3 9246 18049 13976
3 6519 13885 1627
3 1188 4220 17001
3 17981 11004 18122
3 12080 18028 8176
3 1236 8108 5139
3 8108 1236 16528
3 8108 16528 5606
3 1987 6429 16609
3 16638 6408 6405
3 18104 4896 7117
3 13227 6487 1984
3 15137 14026 145
3 14448 145 14026
3 6440 17906 6329
3 18006 2707 6102
3 18006 18007 2707
3 11887 12361 10805
3 11817 18022 16481
3 12363 12267 18108
3 1105 8646 13366
3 12116 2059 7536
3 7536 2059 17845
3 7950 4558 8343
3 6745 13488 3168
3 3168 13488 15742
3 16347 12078 1176
3 6745 14222 2067
3 2034 11617 2110
3 11685 2034 2110
3 12338 16335 5020
3 14061 9289 6313
3 2128 13555 6574
3 13584 6444 7847
3 2144 18005 12265
3 2144 18115 18005
3 12073 6444 13584
3 7313 18007 8517
3 18176 11944 3513
3 3849 8320 2752
3 6590 11685 2179
3 6586 6590 2179
3 2376 12124 4343
3 15150 7418 2242
3 2202 16566 6330
3 12566 13811 18105
3 8996 18105 13811
3 6510 2784 6515
3 2784 7059 6515
3 17135 12105 12921
3 16928 2519 1879
3 5839 5415 1879
3 9256 8178 6560
3 16975 2323 6370
3 1263 2183 17819
3 3954 4341 9250
3 7529 13996 13997
3 6559 12085 11441
3 13976 18049 18047
3 17619 6896 6594
3 17018 17999 8899
3 6379 7936 6381
3 11990 13944 6289
3 7297 13944 11990
3 7043 17169 6603
3 6603 13504 7043
3 13365 6314 2512
3 18024 2512 6314
3 6719 6408 14809
3 8175 14011 3499
3 14011 8175 5745
3 16554 6606 15782
3 14214 15313 6515
3 18093 18094 13052
3 15150 2242 4335
3 18019 11684 10042
3 4281 4826 764
3 4826 854 764
3 5521 2688 6343
3 17679 17765 8007
3 17679 8007 11827
3 5739 2312 8799
3 2804 2396 12922
3 6102 2707 15289
3 18009 15282 11818
3 13135 18018 17544
3 1635 17931 18003
3 7951 15315 4418
3 17540 7951 4418
3 14510 3849 2752
3 594 882 2257
3 730 17844 2582
3 730 2582 13862
3 2796 12418 353
3 3647 1746 6256
3 13997 6438 7529
3 14062 6420 3519
3 16442 10328 5102
3 3764 8062 17058
3 7255 6886 3670
3 6487 1303 3670
3 14674 7683 12156
3 6280 11827 9838
3 14063 650 7203
3 11126 3608 1830
3 6293 6598 7839
3 6188 4091 7636
3 7475 18057 17802
3 2898 12108 2368
3 6421 6263 2975
3 801 169 16132
3 18003 13366 1635
3 9970 3023 17174
3 12487 16819 18086
3 12135 5624 2948
3 12921 12105 6327
3 11733 2793 5719
3 17818 12107 11058
3 12101 8176 18028
3 3037 17541 6215
3 8175 18001 12132
3 14544 14016 6538
3 14544 16985 14016
3 15216 16926 18063
3 6504 6484 7153
3 13997 13996 3496
3 16910 3067 594
3 13487 3168 2741
3 8365 3905 11817
3 6445 13998 18067
3 4091 3135 449
3 18090 6557 10575
3 14244 6557 18090
3 7683 6980 18249
3 15626 12265 3133
3 12265 16110 3133
3 3514 14052 9260
3 13717 7708 3304
3 13963 3244 18061
3 13963 15701 3244
3 3258 7153 14821
3 12108 6598 14650
3 10826 10957 18080
3 12017 5698 483
3 6634 16620 483
3 6329 12133 15215
3 6329 15215 6440
3 6313 13488 6745
3 7354 6722 6286
3 14013 3500 7540
3 2361 13884 16366
3 8264 1105 17992
3 13810 7981 14344
3 12628 3396 7028
3 4940 7028 3396
3 12338 5020 11213
3 12123 2376 4343
3 9248 7533 3460
3 729 3033 6451
3 594 353 16910
3 2796 353 594
3 3220 7020 6536
3 7020 4497 6536
3 18037 14039 12124
3 3352 5815 657
3 484 12102 2396
3 5606 15897 11043
3 11043 8108 5606
3 6343 2688 17135
3 13997 3496 18457
3 13998 3496 3482
3 18067 13998 3482
3 14039 18037 16123
3 6445 18067 18069
3 14394 604 3608
3 3608 604 1830
3 18019 10042 6561
3 6263 13227 6720
3 3305 17991 16337
3 2105 17991 3305
3 7349 6063 544
3 6536 6440 15215
3 15215 6532 6536
3 9635 6467 3655
3 5226 11123 907
3 10800 5640 7603
3 10800 17171 5640
3 10574 6556 16513
3 10574 16513 18095
3 729 6553 3556
3 6553 16514 3556
3 9251 14039 3506
3 13864 8075 18035
3 7386 2898 6620
3 13018 9244 18011
3 14027 7529 9247
3 12105 5200 7612
3 3244 16975 7618
3 8334 6623 8685
3 4418 657 3652
3 657 891 3652
3 6503 1635 3082
3 3280 5982 11262
3 3280 11262 17686
3 17018 6726 4410
3 6726 15289 4410
3 6315 14379 11945
3 8646 3305 16337
3 16448 18009 8762
3 18021 18020 10411
3 13161 14396 2951
3 6363 17729 14002
3 18206 12074 6532
3 15288 7313 8517
3 3862 5739 11830
3 16335 8195 16932
3 4488 1825 15502
3 3258 7166 3939
3 3939 7166 6188
3 14612 18114 12265
3 11244 7276 8195
3 16391 17173 9062
3 882 3971 12136
3 14051 7178 18219
3 7708 14074 3528
3 16674 16410 540
3 6438 13997 16592
3 8213 18075 7045
3 1398 13366 4483
3 1398 4483 16337
3 7045 18075 10957
3 6102 15289 6726
3 12427 14245 18094
3 6551 5815 3352
3 14307 13455 3696
3 7995 12702 6319
3 3321 12418 2796
3 6592 13474 12992
3 6368 3524 11014
3 3524 3321 416
3 6345 16076 12562
3 18118 15742 17993
3 657 6188 891
3 7166 891 6188
3 16769 5622 4018
3 6576 16984 13695
3 11113 3905 2901
3 14309 14879 4172
3 5752 15316 3619
3 17242 15316 5752
3 5752 15884 12300
3 7592 13882 18231
3 13882 6436 18231
3 5752 12300 17242
3 17729 6363 6366
3 15750 11827 6280
3 9262 10084 8319
3 2067 8197 3519
3 3823 1702 16544
3 1236 3801 16528
3 6532 12074 13583
3 4937 18083 12091
3 2193 1313 12562
3 8375 18067 4139
3 18069 18067 8375
3 14278 5719 1061
3 6634 14278 1061
3 6368 14958 3524
3 18017 7042 14244
3 7042 6557 14244
3 12106 2367 2688
3 13893 146 161
3 14426 16395 18115
3 12976 3552 6467
3 3552 10411 6467
3 17792 6349 15150
3 13685 17994 11508
3 15467 14674 3968
3 1825 13934 15502
3 7640 11641 18124
3 17983 18124 11641
3 4129 6420 14062
3 13651 9147 15355
3 4220 9147 17001
3 6317 4388 6316
3 14248 7203 4388
3 484 2396 6342
3 17048 6690 5512
3 6330 11892 13158
3 15149 11892 6330
3 5537 12136 5624
3 14006 5537 5624
3 14033 13786 6347
3 16451 18006 18008
3 18049 5809 18047
3 5583 10213 6356
3 14821 7153 7866
3 17990 12361 11887
3 16911 8604 8839
3 6293 13364 6598
3 1627 13885 18074
3 12077 13885 6519
3 12976 2840 6218
3 12976 6218 17841
3 18087 12360 12487
3 4568 11318 6396
3 5397 6466 8604
3 17690 11958 7297
3 13945 9262 14809
3 13320 18048 8243
3 15626 3133 4198
3 15626 4198 18004
3 6620 10829 17749
3 1625 3500 14013
3 8305 6538 14016
3 7594 14013 3098
3 13875 9977 6379
3 16566 15149 6330
3 9249 17792 15150
3 7178 5347 13274
3 6421 14811 16609
3 6444 13808 7847
3 17541 4715 6551
3 4715 18220 6551
3 13478 8365 11817
3 2471 4085 10805
3 10805 4085 14800
3 4085 10910 14800
3 1882 4749 11243
3 4749 17414 11243
3 6552 6559 11441
3 5234 8648 2991
3 2991 13238 5234
3 18086 3823 16544
3 4228 16326 7059
3 6230 4228 7059
3 6592 17168 13474
3 2898 10829 6620
3 16984 6576 14971
3 14129 14841 18099
3 14129 18099 12453
3 7022 6615 9480
3 9838 11416 6280
3 18017 18016 18014
3 8762 18009 15098
3 15433 11913 11036
3 4220 1805 9147
3 4220 11954 1805
3 14230 6256 4870
3 854 7923 17425
3 4896 1957 6063
3 3897 6861 18040
3 9225 6600 4431
3 6600 14757 4431
3 9289 14247 6313
3 18274 412 6389
3 13966 4922 575
3 16551 279 10554
3 14149 12091 7597
3 13808 4933 13850
3 13808 7584 4933
3 18073 16927 14688
3 17729 6366 14283
3 14351 12693 3720
3 10680 11036 17912
3 6555 14450 8590
3 4991 18030 9539
3 18082 14347 3714
3 10047 13555 6271
3 3349 4568 8002
3 6533 12156 15880
3 14012 3500 1625
3 14012 14014 3500
3 10409 5752 5079
3 14715 5079 5752
3 13182 18101 13768
3 15882 8792 6316
3 13498 8900 5106
3 17063 379 12102
3 12102 379 12922
3 5112 17691 11873
3 17691 12919 11873
3 14450 6555 15187
3 8590 14450 7163
3 14014 449 3500
3 11944 14050 3513
3 7348 2171 4633
3 7348 4633 544
3 5462 6744 16984
3 18058 18054 13957
3 1013 3943 13362
3 14794 16190 18107
3 9256 3865 2583
3 6690 16954 5512
3 5512 16954 12760
3 6628 7957 6495
3 11827 8007 9838
3 14856 6349 8320
3 12131 17744 8171
3 3854 18020 8517
3 11681 8517 18007
3 3954 9250 7533
3 18010 3954 8279
3 6341 18022 16831
3 12085 15117 2363
3 6341 12923 10415
3 4745 10964 6684
3 4375 4745 6684
3 5169 7178 14051
3 1624 7178 5169
3 6215 1809 10680
3 2257 882 14006
3 16511 7350 18030
3 1669 18003 9991
3 17931 9991 18003
3 12135 2948 6524
3 3163 9006 11330
3 11330 10967 15348
3 7658 18091 1620
3 4285 16819 18085
3 4285 18085 3823
3 2127 11733 5719
3 2583 4426 9256
3 3460 9250 14003
3 14614 6359 348
3 13862 5025 13019
3 6892 3023 9970
3 3056 6892 7700
3 6892 3056 3023
3 6342 2804 12921
3 9121 18022 18251
3 9866 6438 7530
3 7542 6664 9225
3 15711 14843 18100
3 2583 1177 4426
3 6539 8049 3098
3 1177 9257 4426
3 16770 10716 6331
3 5430 18120 14118
3 5430 17992 18120
3 6453 11014 7020
3 7020 13585 6453
3 6442 9255 12563
3 17321 6397 17708
3 7582 13686 17990
3 14047 12145 18010
3 12363 18108 14799
3 18108 10579 14799
3 4198 17998 6882
3 9262 13802 11392
3 9088 297 16381
3 12846 9706 18080
3 12846 10554 9706
3 13178 5100 2964
3 13178 10561 5100
3 18109 13220 18110
3 13995 3498 13135
3 7222 2975 7059
3 7476 18064 12628
3 5739 8799 5490
3 8264 18121 17216
3 18121 8264 17992
3 3498 14010 6082
3 16311 18058 6533
3 11914 11037 5555
3 13064 5555 11037
3 6436 18066 15281
3 6352 14509 7311
3 12132 18001 14880
3 8646 1105 8264
3 6063 7349 9088
3 7536 12921 6476
3 13584 7847 13585
3 7550 12605 8320
3 7618 16975 5553
3 484 10415 12923
3 17685 17666 11257
3 3454 14098 17770
3 12083 12082 8172
3 13011 16590 18099
3 16590 16274 18099
3 5664 15883 11023
3 1303 6429 4691
3 6429 13036 4691
3 18094 6556 10574
3 14245 6556 18094
3 14011 18000 14010
3 18000 14011 5745
3 12992 15034 6641
3 764 6641 15034
3 8024 13791 7796
3 9313 10050 5074
3 4691 13036 6886
3 3258 3939 17784
3 6504 3258 17784
3 6286 4773 11954
3 6286 13362 4773
3 7744 6634 5698
3 12084 6558 16827
3 6510 891 14079
3 4139 15281 4406
3 2011 5982 11958
3 15095 16986 11427
3 10042 12093 6561
3 14009 7596 3498
3 13893 15141 146
3 15701 6271 2128
3 15701 2128 18141
3 9244 4318 9241
3 18011 9244 9241
3 16122 18046 14004
3 12621 7214 2
3 2 7214 15625
3 3285 13685 11508
3 1993 394 6647
3 5745 8175 12144
3 15032 4918 1831
3 14003 7083 4918
3 7062 877 17744
3 16677 11217 1869
3 12123 5185 18027
3 6442 14013 852
3 6606 16554 13717
3 945 7376 4100
3 2127 6695 15897
3 6695 7175 15897
3 16123 16775 4816
3 18273 1987 16609
3 5606 17142 11733
3 13239 5102 10328
3 13896 18052 18061
3 6410 6405 6408
3 6520 18077 12142
3 12720 6599 15218
3 6599 11242 15218
3 2519 5839 1879
3 2519 12450 5839
3 18073 1879 16927
3 18002 16484 15223
3 16351 7042 18017
3 13686 3285 12361
3 18007 18006 16451
3 18060 15280 10328
3 13934 17991 8253
3 2105 8253 17991
3 17994 13225 12267
3 13875 3696 14306
3 12171 18101 16942
3 13182 16942 18101
3 12135 6524 8172
3 15224 18011 12978
3 4749 8195 17414
3 11954 17682 1805
3 1303 6263 6429
3 6373 5021 10047
3 6299 5490 8799
3 11217 13776 18049
3 14793 12628 2616
3 10904 16911 8049
3 16911 3808 8049
3 14349 6453 6574
3 13850 6574 6453
3 11914 5555 6999
3 13064 6999 5555
3 11944 11269 7109
3 14477 298 17888
3 11925 17888 298
3 10573 7083 3897
3 10573 3897 18042
3 15032 18026 4918
3 14003 4918 18026
3 6603 10054 13504
3 17990 13686 12361
3 6715 10039 6708
3 6708 14816 540
3 14509 975 8319
3 3219 8319 975
3 4400 4600 10955
3 15350 4600 15719
3 14816 5612 540
3 8407 16761 18120
3 6590 5238 11685
3 2323 18141 6370
3 10955 15718 17683
3 6487 13180 1984
3 4174 3397 13843
3 11038 14863 11040
3 11038 11040 17720
3 6296 14181 17619
3 15806 12621 2
3 15806 2 13387
3 16229 18028 12080
3 6525 5169 14051
3 6525 1624 5169
3 1280 854 4826
3 6487 6263 1303
3 14022 7532 9259
3 6242 6574 13850
3 6242 2128 6574
3 7744 5698 17720
3 3500 3135 7540
3 13132 18114 7214
3 7214 18114 14612
3 10829 2368 12107
3 729 3556 18065
3 3556 16514 18065
3 15140 11893 2215
3 6441 3808 6475
3 18005 5353 16110
3 1279 11954 4220
3 9869 4317 4229
3 11954 1279 6286
3 4229 4317 16132
3 12741 3 16037
3 3 11976 16037
3 16039 11925 298
3 16039 298 9950
3 13894 1176 161
3 5739 12391 17233
3 6484 7957 6628
3 6389 14247 3654
3 12108 16146 6598
3 7839 6598 16146
3 16130 15137 169
3 18076 9464 16134
3 17531 394 1993
3 14379 6315 6330
3 12897 6063 1957
3 544 6063 12897
3 8319 17321 7311
3 10084 17321 8319
3 14009 17999 7596
3 15287 7596 17999
3 7600 3507 14032
3 11075 3453 1804
3 6515 15313 6510
3 2519 5276 14149
3 12451 5276 2519
3 7582 17990 9991
3 16941 18116 16190
3 7178 6551 5347
3 5815 6551 7178
3 18010 12138 3954
3 18111 17504 14105
3 3285 2901 13685
3 11830 1188 17001
3 7297 11958 13944
3 15403 12273 14476
3 16236 6599 12720
3 6599 16236 12094
3 11736 18057 16249
3 8646 4483 13366
3 13455 6475 8839
3 10957 13194 18080
3 18001 18021 14880
3 18001 18020 18021
3 18094 10574 16808
3 6271 6373 10047
3 6271 6346 6373
3 9087 13487 3
3 9087 3 12741
3 540 6715 6708
3 12605 6719 3219
3 11403 6592 13843
3 882 12136 5537
3 14006 882 5537
3 7354 5907 6722
3 18054 18058 16311
3 18035 10632 18034
3 12142 8171 6520
3 4937 12091 14149
3 5021 6377 6381
3 11243 17414 6661
3 2902 17912 13064
3 4139 13518 15281
3 14222 575 6785
3 2067 14222 6785
3 6786 2650 12702
3 14816 2650 6786
3 5415 6081 13937
3 13694 13954 18118
3 16927 5415 13937
3 10050 9313 6317
3 13225 17994 13478
3 5147 8615 1280
3 16552 5147 1280
3 18007 16451 11681
3 18008 5103 16451
3 15288 8517 18020
3 14001 15288 18020
3 14022 3510 4385
3 14649 12107 2368
3 10575 16511 18091
3 10575 18091 7658
3 10575 6557 16511
3 13239 10328 18059
3 14477 16531 298
3 298 16531 9950
3 16543 18087 5143
3 15403 17889 5145
3 18111 18113 17504
3 11052 7376 10981
3 945 10981 7376
3 18123 1876 17009
3 6444 18069 7584
3 11763 3514 9260
3 18030 4991 18033
3 6519 17171 10800
3 16634 16381 297
3 14649 12114 1797
3 12693 7936 6469
3 11123 17170 6639
3 16229 5518 3484
3 17321 17708 14768
3 16911 6475 3808
3 11014 3524 416
3 4940 3396 16250
3 6524 12083 8172
3 2793 11244 5719
3 5719 11244 17117
3 18206 16391 7530
3 15701 13963 6271
3 6487 3670 13180
3 15928 16699 11038
3 15977 11038 10870
3 10870 11038 16699
3 18054 12627 16775
3 6437 18074 7592
3 12101 12123 8176
3 15223 3655 18002
3 14027 3503 4820
3 18060 8375 15280
3 3323 8375 18060
3 18096 5319 12360
3 2840 12976 9635
3 12976 6467 9635
3 416 7020 11014
3 821 7780 14757
3 7541 12276 18019
3 4406 15281 8491
3 5337 16831 11113
3 14027 9247 3503
3 6503 3699 17931
3 1809 11033 10680
3 10680 11033 11036
3 11033 15433 11036
3 3098 8049 7594
3 16351 4991 7042
3 4385 18033 4991
3 4937 1029 15880
3 11733 7276 2793
3 6391 9464 16324
3 9639 11057 6286
3 5809 5234 13238
3 4930 12094 16236
3 16324 4963 18072
3 12338 17693 11922
3 13121 18012 13019
3 7705 13121 13019
3 4220 7354 1279
3 6720 2975 6263
3 12338 11213 17693
3 17693 11213 15353
3 604 3138 9480
3 12450 18063 16926
3 13937 6081 18070
3 14230 4870 6299
3 6218 4172 14879
3 12273 16932 7276
3 12273 7276 14476
3 1313 8033 6345
3 6592 11403 17439
3 11958 9145 3453
3 11958 5982 9145
3 16131 801 14076
3 13715 801 17944
3 13715 14076 801
3 13234 18048 13320
3 6313 6745 14061
3 16986 6524 14015
3 11288 10955 17683
3 15223 9635 3655
3 14283 6366 6886
3 14272 6886 6366
3 2144 12265 18114
3 4374 12133 2383
3 3514 7562 14052
3 3514 13274 7562
3 12846 18080 13194
3 6476 12116 7536
3 7537 2361 12077
3 14915 3397 4174
3 10680 3037 6215
3 5200 6331 7612
3 3419 13882 18074
3 7592 18074 13882
3 7294 3528 5945
3 5945 3528 14075
3 5907 6256 1263
3 6698 8002 14768
3 14768 8002 6396
3 1263 6256 1746
3 13161 6331 16623
3 14004 6512 7534
3 7369 2215 2951
3 13158 7369 2951
3 6640 14434 6639
3 6976 16910 5919
3 6640 4896 14434
3 9706 4281 15035
3 5298 14614 14738
3 14426 18114 13132
3 6551 3352 15315
3 6389 412 14247
3 7532 18000 9259
3 14756 16146 7386
3 12136 3501 6916
3 6916 3501 14015
3 4426 6122 9256
3 16668 6603 17169
3 9256 6122 8178
3 17172 12134 6523
3 15187 6555 14075
3 5518 13975 3484
3 17693 17689 11922
3 11944 6314 14050
3 6560 13695 9256
3 9256 13695 3865
3 9251 7534 5185
3 18039 14004 18046
3 18017 18014 16351
3 4310 12082 2363
3 17770 14098 6441
3 14544 12563 2583
3 17770 6441 6475
3 6373 6346 8170
3 13292 5234 5809
3 18049 13292 5809
3 11269 18036 7109
3 6317 14248 4388
3 13165 18050 13860
3 11830 5490 6299
3 7636 4091 449
3 17784 7636 449
3 4407 7640 18124
3 145 9869 4229
3 15282 7640 4407
3 13387 2 16599
3 2 15625 16599
3 13518 18067 3482
3 3744 14396 18176
3 15742 13488 15501
3 3939 6188 7636
3 12702 2650 10023
3 1434 12702 10023
3 6567 14451 7351
3 8151 3652 6510
3 8151 6510 15313
3 7592 13996 6437
3 15315 657 4418
3 15315 3352 657
3 11545 17693 15353
3 12138 17058 2374
3 13292 13776 15141
3 16076 6345 18232
3 1279 7354 6286
3 17681 11830 17001
3 11830 17681 17685
3 15283 6201 18108
3 17502 18108 6201
3 2991 18048 13238
3 2991 7730 18048
3 15281 13518 6436
3 11124 13716 1804
3 6606 13717 11074
3 12683 1702 18085
3 16311 12627 18054
3 6451 16928 18073
3 14549 13963 18061
3 7386 12108 2898
3 17844 2193 2582
3 11922 16945 6664
3 9225 6664 16945
3 4930 16238 12353
3 2688 15344 12330
3 540 16410 6715
3 13455 8839 8604
3 6558 394 16827
3 18071 18073 9778
3 5739 3862 12391
3 18105 8996 6308
3 6639 6308 8996
3 18119 7950 8343
3 7950 18119 16761
3 11057 1013 6286
3 3258 6504 7153
3 954 7532 14022
3 3510 6472 9248
3 6472 7533 9248
3 12116 14739 5622
3 4236 12116 5622
3 6476 12921 6327
3 6327 12116 6476
3 14038 12096 18027
3 4341 12096 14038
3 6495 17784 14014
3 4485 16337 5074
3 6504 17784 6495
3 18066 9685 7683
3 16761 18119 18120
3 17980 18120 18119
3 10829 2898 2368
3 10576 16512 18093
3 14040 7475 16122
3 852 14013 7540
3 3498 6082 13135
3 18116 6726 11871
3 14684 18012 14478
3 14231 3138 604
3 16553 877 7062
3 16553 16551 877
3 14052 18221 6586
3 6523 12134 8172
3 3098 14013 6442
3 15626 18004 13212
3 5757 15626 13212
3 4713 12017 15927
3 12017 5238 15927
3 14078 7866 6405
3 4312 11427 1967
3 13161 7917 6331
3 6660 6661 17414
3 13158 14379 6330
3 12605 3219 975
3 17233 17684 11990
3 9639 5907 1263
3 11288 13364 6293
3 8024 13164 18089
3 6592 12992 13843
3 18089 13919 13849
3 4174 13843 12992
3 18089 13849 8024
3 854 17425 764
3 12073 6445 6444
3 1263 17567 9640
3 9640 2183 1263
3 1434 650 6319
3 16326 6515 7059
3 11025 13552 11023
3 18018 954 18014
3 11125 13716 1830
3 18077 10964 4745
3 17912 11036 6999
3 11913 6999 11036
3 3454 6776 13802
3 14418 7981 18101
3 18101 7981 13810
3 18101 13810 13768
3 10572 6553 18097
3 8792 15882 2650
3 12701 8792 2650
3 5025 13861 2855
3 2707 18007 15289
3 3453 11624 1804
3 6660 16335 12338
3 3453 13943 11624
3 14014 17784 449
3 613 16553 13715
3 13715 14074 613
3 18099 4963 12453
3 14841 13011 18099
3 6082 954 18018
3 6726 18116 6102
3 18018 13135 6082
3 17987 18113 18116
3 18116 18113 6102
3 1013 13362 6286
3 6410 12605 7550
3 3506 6005 16122
3 18063 7597 2361
3 12143 7537 2384
3 7537 16595 2384
3 7387 8899 5353
3 1624 6525 3135
3 18121 14118 17981
3 8033 382 12120
3 7348 544 12897
3 2804 17135 12921
3 6438 16592 7530
3 3510 9248 4385
3 1866 15224 12978
3 4384 15224 1866
3 14811 7222 3532
3 6523 12082 14188
3 10882 394 6558
3 6647 394 10882
3 18064 7476 12451
3 1188 6299 4870
3 14816 7995 5612
3 13808 13850 7847
3 3499 14011 7596
3 16831 5337 6341
3 15928 5258 16699
3 10870 16699 5258
3 1146 10870 5258
3 3504 9249 4335
3 14002 9249 3504
3 10039 2202 6708
3 14379 3224 11945
3 11945 3224 18176
3 11686 6599 12094
3 11686 12094 4313
3 15150 6349 14856
3 18105 6308 14434
3 6639 14434 6308
3 8802 145 14448
3 12353 6617 8334
3 657 5815 6188
3 10050 6317 17711
3 3510 4383 14047
3 12124 13957 18037
3 3285 1827 2901
3 3963 11126 1830
3 9865 7476 12628
3 7476 9865 12451
3 7418 14857 2242
3 2242 14857 4335
3 8802 14451 9869
3 17009 8343 11887
3 14349 11014 6453
3 13585 7847 6453
3 14098 14012 6441
3 7847 13850 6453
3 3425 15141 13893
3 16124 18057 7475
3 6826 4151 14879
3 16077 13976 18047
3 10990 14660 12718
3 6520 16550 18078
3 8511 973 6379
3 4125 3849 12488
3 3849 14510 12488
3 6744 3703 13695
3 18047 13238 18048
3 3504 4335 16566
3 18004 13791 13336
3 7796 13791 18004
3 18001 8175 14001
3 14521 11680 3655
3 6600 7839 14756
3 17718 6628 13945
3 14368 15467 3800
3 14368 18059 15467
3 6647 14394 1993
3 353 16992 16909
3 6722 9639 6286
3 3897 7083 6861
3 10656 6861 7083
3 13963 6346 6271
3 7699 14012 7594
3 14012 1625 7594
3 11416 6641 7451
3 6641 11416 4174
3 12101 13320 2376
3 7640 15282 14898
3 5462 11427 16986
3 15927 6590 6690
3 13779 7175 11040
3 11732 11040 7175
3 6488 18078 12996
3 6698 6347 13786
3 6720 13227 6230
3 6230 2975 6720
3 7351 14451 8802
3 9838 8007 14915
3 13180 3670 2964
3 16515 16516 18097
3 12626 7028 18057
3 10039 16566 2202
3 16911 8839 6475
3 7321 18040 6861
3 6512 18040 7321
3 17680 3163 11330
3 17680 11330 15348
3 5415 16926 6081
3 11887 14800 18123
3 10910 1876 18123
3 10910 18123 14800
3 6980 9685 13882
3 1338 4316 9866
3 11680 18002 3655
3 10328 4406 18059
3 4406 8491 18059
3 2752 975 14509
3 6368 12693 6469
3 17802 18056 7475
3 14809 17718 13945
3 7178 1624 5815
3 11074 8405 6606
3 13234 18047 18048
3 3696 10509 14306
3 10509 8604 14306
3 6349 17792 12769
3 14022 16351 18014
3 6567 6530 14188
3 6377 6347 8511
3 8511 6379 6377
3 4713 8869 5258
3 4713 5258 15928
3 3503 14026 15137
3 9866 9247 6438
3 7604 5638 17169
3 13894 16677 4318
3 9145 13943 3453
3 18003 7950 8407
3 12605 6408 6719
3 12276 11685 11684
3 7222 6421 2975
3 6421 7222 14811
3 11817 3905 18022
3 16831 18022 3905
3 13860 18050 12078
3 2359 7880 13584
3 7880 2359 16592
3 9088 7349 297
3 13688 5292 18076
3 14105 16740 18112
3 10414 1176 13894
3 7527 18117 18109
3 12451 3033 18064
3 2257 2796 594
3 12078 161 1176
3 12488 6356 11893
3 12626 16124 17930
3 17691 17667 7348
3 17691 7348 12897
3 2741 15742 7105
3 12976 17841 18021
3 14880 18021 17841
3 12114 3943 1013
3 12114 1013 11057
3 12144 2385 4383
3 4383 2385 12145
3 11818 5085 2187
3 5085 13478 2187
3 9640 6754 2183
3 8075 10632 18035
3 2616 12628 12626
3 12626 12628 7028
3 3425 4319 15141
3 14521 3655 6467
3 18051 18052 13896
3 4316 14448 14026
3 6377 6379 6381
3 891 7166 14079
3 4384 13020 7704
3 7222 2784 14079
3 4773 10578 11954
3 5337 11113 1827
3 15215 17173 6532
3 1269 11043 8906
3 18029 11043 15897
3 11043 18029 8906
3 14044 9255 7540
3 7957 6504 6495
3 6484 6504 7957
3 6661 17626 6664
3 14478 18012 13121
3 6641 4174 12992
3 2582 13165 3405
3 6352 11318 17734
3 6664 7958 6661
3 4535 6661 7958
3 9865 1029 4937
3 17868 16130 169
3 13954 7105 18118
3 7105 15742 18118
3 6896 12368 6594
3 2741 8909 13487
3 9865 14793 1029
3 17142 7276 11733
3 14396 18036 11269
3 8049 11576 10904
3 10042 4313 12093
3 15137 145 4229
3 13565 6620 6617
3 14012 6495 14014
3 9508 18038 16678
3 16122 7475 2986
3 7618 18038 9508
3 15957 6363 14002
3 6552 11428 17749
3 6552 15115 11428
3 16512 10576 6554
3 18039 6512 14004
3 6617 6623 8334
3 7593 12073 7880
3 13019 5025 2855
3 6519 1627 17171
3 15289 18007 7313
3 16366 13884 6980
3 16347 1176 13861
3 11686 5575 6599
3 9977 7936 6379
3 2011 17690 11262
3 7472 5200 12105
3 8996 13811 18103
3 3728 18256 13957
3 18050 18051 15447
3 3728 8243 18256
3 14809 6408 16638
3 9289 14063 14247
3 10054 15035 13504
3 10656 7321 6861
3 6512 7321 10656
3 6558 8173 7325
3 6623 6617 6620
3 7708 3528 7294
3 18176 11269 11944
3 7222 7059 2784
3 6560 6576 13695
3 16832 1827 3285
3 4385 4991 16351
3 3647 7022 3138
3 16249 18057 7028
3 3304 5945 13718
3 13718 5945 14075
3 6552 12107 6559
3 15927 5238 6590
3 7917 10213 6331
3 9196 10213 7917
3 1174 11217 9246
3 8213 18081 18075
3 12418 6469 6466
3 14418 18101 12171
3 6533 5835 16311
3 17743 613 14074
3 8491 15281 18066
3 8491 18066 14674
3 11428 8685 6623
3 18006 18112 18008
3 18006 18111 18112
3 8178 12093 12092
3 9260 14052 7541
3 7117 9088 16387
3 8172 12082 6523
3 11037 11914 15956
3 11037 17048 13064
3 5809 13238 18047
3 14098 6495 14012
3 5698 6634 483
3 3135 6525 7540
3 18103 907 8996
3 907 11123 8996
3 9251 4343 14039
3 10554 9180 9706
3 5337 17063 6341
3 6361 6366 6363
3 12138 4341 3954
3 17171 1627 6528
3 7109 12106 18023
3 18023 18024 7109
3 6361 6363 15957
3 4418 3652 8151
3 4418 8151 15313
3 18125 15502 8253
3 4125 12488 10032
3 4125 10032 15140
3 15250 8171 12142
3 348 17125 14740
3 13018 18011 15224
3 3744 3224 14379
3 3224 3744 18176
3 9121 16481 18022
3 2367 7472 12105
3 12831 7472 2367
3 9262 11392 10084
3 6397 17321 10084
3 11392 13802 6397
3 14330 8062 5518
3 11038 17720 15928
3 3720 14349 10098
3 3720 10098 13555
3 3510 9259 4383
3 12563 14544 1626
3 4312 15095 11427
3 18019 12276 11684
3 9541 4485 10050
3 5353 17999 7680
3 7680 17999 14009
3 7594 8049 3808
3 12105 7612 6327
3 15875 2359 13584
3 4933 6242 13850
3 1831 4918 7083
3 18273 6410 14284
3 15719 4600 4400
3 13504 4281 15034
3 6475 13455 17770
3 14316 16832 7582
3 350 14316 7582
3 11892 2215 7369
3 14857 2215 11892
3 18103 14957 16283
3 7584 6370 4933
3 4933 6370 18141
3 15095 6524 16986
3 6316 13946 7145
3 17711 6316 7145
3 18071 10270 16515
3 16515 10270 16516
3 1303 4691 7255
3 1303 7255 3670
3 17680 10578 3163
3 15880 1029 14793
3 6603 7045 10054
3 14347 7045 6603
3 16122 14004 3506
3 7705 13019 2855
3 350 17063 14316
3 350 379 17063
3 13849 13791 8024
3 3499 16901 15288
3 17765 17692 8007
3 348 6359 13785
3 17765 17669 17692
3 15752 17679 11827
3 16678 18038 16442
3 16511 6557 7350
3 17063 5337 14316
3 14316 5337 1827
3 3304 7294 5945
3 7708 7294 3304
3 1626 14544 6538
3 9006 3080 13364
3 1401 17991 13934
3 18003 1105 13366
3 9180 4826 9706
3 6620 17749 6623
3 3764 14309 8062
3 18104 7117 16387
3 17749 10829 6552
3 18014 954 14022
3 5353 7680 8166
3 8166 7680 14009
3 484 13121 10415
3 18027 7534 14038
3 5185 7534 18027
3 2374 17058 14330
3 6314 9541 6465
3 14331 12138 18010
3 6314 13365 9541
3 15447 161 12078
3 4388 15882 6316
3 10435 8166 13995
3 16110 8166 10435
3 6661 6660 17626
3 16131 169 801
3 12976 18021 3552
3 18021 10411 3552
3 8646 16337 4483
3 14075 6555 13718
3 12134 12135 8172
3 15115 1967 11428
3 1967 14971 11428
3 4317 15187 4821
3 16827 394 17531
3 6442 6539 3098
3 15140 2215 14857
3 15782 6594 17426
3 17841 6218 4151
3 7683 14674 18066
3 8213 14347 18082
3 17439 6640 6639
3 17439 11403 6640
3 11113 16831 3905
3 1809 6215 15316
3 6215 7951 15316
3 13478 17994 8365
3 13685 8365 17994
3 6343 17135 2804
3 13896 7618 9508
3 3696 13455 10509
3 3425 13896 9508
3 18005 16161 7387
3 5462 14971 1967
3 5462 16984 14971
3 17844 4236 14028
3 2193 17844 14028
3 9865 4937 5276
3 15223 13020 4384
3 5624 14015 2948
3 5624 6916 14015
3 6230 7059 2975
3 14306 8604 6466
3 7593 16592 13997
3 18232 6345 14031
3 7600 18232 14031
3 4376 11763 15217
3 4376 15217 9257
3 8590 11126 6555
3 12131 3023 17744
3 17684 7297 11990
3 18207 6519 16595
3 12077 6519 18207
3 6218 2840 13864
3 4426 9257 6122
3 15283 18124 6201
3 17502 6201 18124
3 2359 12074 7530
3 2359 7530 16592
3 13274 5347 18220
3 3679 6886 13036
3 3647 14230 7022
3 18112 16740 18110
3 18110 18008 18112
3 4220 1188 7354
3 9970 17174 5640
3 7603 5640 17174
3 14272 6366 13178
3 8343 4558 17990
3 11887 8343 17990
3 13954 8909 7105
3 8909 2741 7105
3 11545 15350 17689
3 17693 11545 17689
3 6437 7529 6528
3 15273 9225 4400
3 12080 14330 5518
3 13862 13019 18012
3 11624 11203 8405
3 11203 17619 8405
3 2383 5624 12135
3 2383 14006 5624
3 12361 2471 10805
3 6776 13455 14307
3 17541 6551 15315
3 3608 11126 7163
3 18060 16442 13317
3 16442 18038 13317
3 801 16132 17869
3 16551 5146 877
3 3037 13063 4715
3 14396 11269 18176
3 18016 18018 18014
3 801 17869 17944
3 13122 803 7702
3 7702 803 13020
3 14670 3304 11124
3 3304 3963 11124
3 8792 6315 11945
3 6524 15095 12083
3 14396 3744 2951
3 6515 13552 14214
3 6465 14050 6314
3 18009 11818 15098
3 18081 12171 5292
3 18081 14418 12171
3 11617 483 16620
3 9541 1398 4485
3 14768 17708 6698
3 821 16235 7780
3 6539 6538 6976
3 1626 6538 6539
3 12919 4999 3397
3 2951 2215 9196
3 16595 6519 10800
3 6352 7311 6396
3 353 16909 5919
3 14450 3784 13935
3 4341 3505 9250
3 2901 8365 13685
3 17683 9006 11288
3 10054 10826 18080
3 7045 10826 10054
3 18075 18081 13688
3 18081 5292 13688
3 16391 1338 9866
3 7530 16391 9866
3 2105 3305 8264
3 12605 975 8320
3 2752 8320 975
3 7866 16638 6405
3 3670 6886 14272
3 18006 18113 18111
3 15880 12156 18083
3 9241 1174 10632
3 3532 14821 7866
3 3532 7866 14078
3 13011 18098 16590
3 18098 16274 16590
3 11763 9260 15217
3 6465 10050 17711
3 6465 9541 10050
3 353 5919 16910
3 14231 3647 3138
3 6640 1957 4896
3 17173 16391 6532
3 6441 14012 7699
3 15032 18031 18030
3 18033 15032 18030
3 9977 14306 6466
3 9977 6466 6469
3 6528 7529 14027
3 6698 17708 973
3 17844 12116 4236
3 8639 16484 18002
3 9685 6436 13882
3 10411 14521 6467
3 6441 7699 3808
3 14351 6381 7936
3 14793 5835 15880
3 7042 7350 6557
3 7951 17541 15315
3 18008 13220 5103
3 15467 3968 3800
3 13220 16448 5103
3 2110 11686 4313
3 13810 18102 16283
3 13810 14344 18102
3 6559 12107 17818
3 14044 6525 14051
3 18106 18107 8899
3 11871 8899 18107
3 18107 18106 14794
3 14032 3507 7759
3 1831 7083 10573
3 1401 18274 1706
3 18087 16543 16514
3 4826 4281 9706
3 12124 3728 13957
3 10509 13455 8604
3 4384 7704 15224
3 16678 16442 8648
3 2110 11617 11686
3 9970 4820 16130
3 17691 12897 12919
3 12919 12897 4999
3 14510 6352 17734
3 3647 14231 1746
3 12978 18011 8075
3 15250 12131 8171
3 11288 9006 13364
3 7325 17818 6754
3 14958 3321 3524
3 3067 8305 3971
3 3971 8305 12136
3 6690 6590 16954
3 13935 17531 1993
3 6510 14079 2784
3 6440 12417 17906
3 17906 12417 5396
3 14022 4385 16351
3 4991 9539 7042
3 7350 7042 9539
3 18104 14434 4896
3 18073 16928 1879
3 3220 15875 13585
3 13584 13585 15875
3 14739 6327 7612
3 4375 18077 4745
3 13552 6515 16326
3 18000 5745 12144
3 2183 1797 17819
3 2183 6754 1797
3 3720 12693 14349
3 7950 18003 1669
3 14349 12693 6368
3 14549 18061 18052
3 18273 6405 6410
3 18065 18064 3033
3 18065 16250 18064
3 12171 13693 5292
3 12136 6916 5624
3 4820 3503 15137
3 6346 14032 8170
3 5020 16335 16932
3 6558 7325 9640
3 14368 8243 7730
3 8178 12092 6560
3 15752 8093 17679
3 3080 13362 3943
3 6005 3506 14039
3 8279 3954 7533
3 14047 8279 7533
3 6615 2312 6289
3 9838 14915 4174
3 17018 4410 15287
3 9257 8178 6122
3 12144 12132 2385
3 12144 8175 12132
3 14061 2067 3519
3 17619 11203 6296
3 7045 14347 8213
3 8253 17216 18122
3 3321 12417 416
3 6695 2127 14278
3 12417 3321 5396
3 973 14307 13875
3 1825 18274 13934
3 18274 1401 13934
3 6329 17906 12133
3 9464 18076 12453
3 9464 12453 4963
3 803 7705 861
3 861 7705 2855
3 2109 11680 14521
3 16238 4930 15243
3 6980 7683 9685
3 6530 9062 15890
3 5641 15890 9062
3 16910 6976 3067
3 17708 6397 14307
3 15501 17993 15742
3 17930 16124 4816
3 10047 5021 6381
3 16482 7705 803
3 3865 14544 2583
3 7386 6620 13565
3 16954 6590 6586
3 6315 12701 2202
3 5462 1967 11427
3 17619 6594 8405
3 3784 14451 7411
3 15626 14612 12265
3 11873 13844 17692
3 4410 15289 7313
3 3854 8517 11681
3 9977 6469 7936
3 6553 18096 16514
3 18096 6553 10572
3 7063 7708 13717
3 1313 2193 14028
3 16124 12626 18057
3 11441 1967 15115
3 3699 7582 9991
3 7163 13935 1993
3 14347 6603 16668
3 12831 2367 12106
3 3652 891 6510
3 4825 6391 10964
3 4825 10964 16135
3 16775 17930 4816
3 16769 4018 14738
3 2901 3905 8365
3 7550 14284 6410
3 16620 6634 1061
3 9180 1280 4826
3 9248 3460 18026
3 18033 9248 18026
3 4341 14038 3505
3 6343 17136 5521
3 13718 6555 11126
3 3963 13718 11126
3 14971 6576 8685
3 11871 17018 8899
3 3505 10656 14003
3 8615 7923 854
3 7699 7594 3808
3 3699 9991 17931
3 2688 2367 17135
3 15344 18023 12330
3 484 14478 13121
3 6342 14478 484
3 6347 6377 5021
3 6429 6421 16609
3 12131 17174 3023
3 9251 5185 4343
3 14688 9778 18073
3 13135 17544 6882
3 6882 17544 7796
3 4317 4821 16132
3 8762 4315 16449
3 13063 18220 4715
3 7350 9539 18030
3 10415 2932 6341
3 6341 2932 18251
3 3133 16110 17998
3 5338 5521 16833
3 12701 6315 8792
3 6615 8799 2312
3 12760 6586 18221
3 8802 9869 145
3 15219 11243 6661
3 7600 14031 3507
3 6317 6316 17711
3 6315 2202 6330
3 17784 3939 7636
3 12136 14016 3501
3 12136 8305 14016
3 379 17136 12922
3 350 17136 379
3 9006 17683 11330
3 17683 10967 11330
3 5238 483 11617
3 5238 11617 2034
3 18010 12145 14331
3 6218 13864 4172
3 10667 12683 18085
3 5145 4838 11925
3 5106 8900 15403
3 16336 15403 8900
3 11733 2127 15897
3 13487 8909 3
3 11976 3 8909
3 11058 12107 14649
3 892 16513 6556
3 348 14740 3090
3 14738 348 3090
3 2312 5739 11990
3 1416 9885 17976
3 18125 8253 1416
3 18125 1416 17976
3 12562 1313 6345
3 3865 13695 3703
3 18040 18043 18042
3 11617 5575 11686
3 11617 16620 5575
3 7533 9250 3460
3 7311 14509 8319
3 5835 2616 12627
3 7529 6437 13996
3 12017 483 5238
3 6082 14010 7532
3 14010 18000 7532
3 12488 17734 6356
3 892 18056 16513
3 8639 5124 16484
3 8996 11123 6639
3 18061 7618 13896
3 9006 3163 3080
3 17993 15501 4488
3 17993 4488 11464
3 12273 5020 16932
3 16336 5020 12273
3 4377 17413 11243
3 11075 11125 6289
3 6289 13944 11075
3 14044 1177 9255
3 10882 17567 1746
3 6397 6776 14307
3 6397 13802 6776
3 17125 3349 5299
3 12120 3507 14031
3 8033 12120 14031
3 17889 3801 4838
3 4376 9257 1177
3 14044 4376 1177
3 6293 6600 9225
3 161 146 13894
3 6533 18058 3968
3 3800 3968 18058
3 14061 6745 2067
3 17413 1882 11243
3 12996 18078 13194
3 8049 6539 11576
3 9121 803 13122
3 9121 16482 803
3 17998 13995 6882
3 8024 17544 18016
3 4497 6440 6536
3 17001 9147 17681
3 13651 17681 9147
3 13161 9196 7917
3 17667 17691 5112
3 17626 11922 6664
3 2361 12091 13884
3 7597 12091 2361
3 14078 6405 16609
3 10414 9244 1176
3 18050 15447 12078
3 11217 18049 9246
3 3503 9247 4316
3 14451 6567 16828
3 7640 18117 11641
3 17983 11641 18117
3 1710 6709 16674
3 650 14063 9289
3 11052 10978 7376
3 6976 8305 3067
3 14856 4125 7418
3 7418 4125 15140
3 5622 14739 4018
3 4374 15215 12133
3 13578 4310 5336
3 6389 9313 1706
3 2948 14015 6524
3 9640 10882 6558
3 3419 18074 13885
3 8033 14031 6345
3 18011 9241 8075
3 3138 7022 9480
3 16833 5521 17136
3 15244 16449 2109
3 6293 9225 15273
3 7354 4870 6256
3 7354 6256 5907
3 18141 2128 6242
3 14051 3514 11763
3 5397 16911 10904
3 10270 18071 9778
3 6525 14044 7540
3 9225 4431 7542
3 4431 14757 7542
3 5698 12017 17720
3 2964 14272 13178
3 279 9180 10554
3 279 16552 9180
3 4384 1866 9635
3 12083 4312 2363
3 4312 12085 2363
3 16552 279 613
3 13063 17912 2902
3 594 3067 882
3 3067 3971 882
3 13943 6296 11624
3 10829 12107 6552
3 18209 6530 9867
3 14451 3784 9869
3 3219 14809 9262
3 6280 11416 13527
3 18077 6520 17605
3 6976 6538 8305
3 14047 18010 8279
3 382 16769 3090
3 10023 15882 4388
3 10039 3504 16566
3 10039 5159 3504
3 4485 5074 10050
3 18071 6553 729
3 6553 18071 16515
3 13036 6429 1987
3 16620 1061 12944
3 5641 4374 17172
3 13716 3963 1830
3 13194 18078 6680
3 6331 10213 16770
3 13158 11892 7369
3 7704 2855 13018
3 7704 861 2855
3 12831 18036 16623
3 18079 14347 16668
3 3496 7592 18231
3 3496 13996 7592
3 8173 6558 12084
3 4341 2374 12096
3 12138 2374 4341
3 12096 8176 12261
3 12123 12261 8176
3 12093 2364 12092
3 18028 13234 12101
3 5146 16550 877
3 2179 12276 7541
3 7153 6484 7866
3 11115 5338 16833
3 12330 12106 2688
3 12330 18023 12106
3 4999 11403 13843
3 1434 7203 650
3 3304 13718 3963
3 18061 3244 7618
3 1624 3135 4091
3 16335 6660 8195
3 6660 17414 8195
3 2109 14521 10411
3 18071 6451 18073
3 10561 6361 16408
3 18096 10572 5319
3 10573 6554 18031
3 18031 1831 10573
3 18090 10575 16809
3 6554 10576 18092
3 5322 18092 10576
3 4773 13362 10578
3 17173 4374 5641
3 10578 17682 11954
3 10414 4318 9244
3 18052 18232 7600
3 16954 6586 12760
3 14738 14614 348
3 8762 15098 4315
3 6647 10882 14231
3 13488 6313 15501
3 5919 5397 10904
3 10964 18070 6081
3 6391 18070 10964
3 17797 16180 18088
3 17819 1797 11057
3 1797 12114 11057
3 11058 14649 1797
3 1804 11624 11074
3 11074 11124 1804
3 3699 11115 7582
3 5226 5638 11123
3 4198 3133 17998
3 13934 8253 15502
3 1869 11217 1174
3 11242 1882 17413
3 1882 11244 4749
3 6293 15273 11288
3 12701 2650 14816
3 15353 11213 13498
3 15137 4229 169
3 4999 1957 11403
3 6640 11403 1957
3 11033 1809 17242
3 11040 11732 17720
3 15883 11025 11023
3 11037 15956 11152
3 11033 12300 15433
3 11522 11043 1269
3 17242 12300 11033
3 3285 11508 2471
3 6722 5907 9639
3 5396 3321 2796
3 17990 4558 9991
3 13336 13791 18088
3 2109 16449 11680
3 11685 2110 11684
3 12360 18087 18096
3 18087 16514 18096
3 11732 6695 14278
3 11123 5638 17170
3 11818 2187 16483
3 7640 14898 18117
3 17009 18119 8343
3 15927 8869 4713
3 6296 11989 14181
3 6289 2312 11990
3 7880 12073 13584
3 12074 2359 15875
3 2374 12080 15118
3 12083 2363 12082
3 2364 16237 12092
3 4313 12094 2364
3 2374 15118 12096
3 2376 12123 12101
3 12923 12102 484
3 17135 2367 12105
3 2368 12108 5213
3 12114 5213 3943
3 3507 12120 5623
3 13861 1176 9244
3 2376 3728 12124
3 2384 7603 12131
3 2384 12131 15250
3 2385 12132 14424
3 12133 14006 2383
3 4375 2384 12142
3 2384 15250 12142
3 12143 2384 4375
3 12145 2385 14878
3 14549 6346 13963
3 2363 12084 4310
3 12134 4374 2383
3 613 279 16553
3 11508 17994 12267
3 15244 8762 16449
3 11681 15244 2109
3 13957 18256 3800
3 3800 18256 14368
3 8170 7759 14033
3 14740 382 3090
3 4930 12353 2364
3 2364 12353 16237
3 12361 3285 2471
3 2471 12363 4085
3 2471 11508 12363
3 13527 12368 6280
3 15750 6280 12368
3 17233 12391 17684
3 12391 17671 17684
3 14958 6469 12418
3 10964 6081 6684
3 18042 18043 12427
3 7536 14684 6342
3 18060 13317 3323
3 2519 14149 12450
3 18100 14843 14129
3 18100 14129 13693
3 13998 18457 3496
3 12093 4313 2364
3 3498 7596 14010
3 2582 3405 13862
3 6680 5146 12846
3 10554 12846 16551
3 5146 16551 12846
3 17930 2616 12626
3 7203 1434 10023
3 12683 18095 16513
3 3619 15316 17540
3 7995 6786 12702
3 821 12720 16235
3 15243 12720 821
3 18122 11004 9885
3 5512 12760 2902
3 2902 12760 7562
3 12769 14283 3679
3 12769 3679 17793
3 2757 5073 16674
3 12833 16411 2757
3 1338 14448 4316
3 3784 4317 9869
3 3784 7411 13935
3 12897 1957 4999
3 12922 6343 2804
3 17117 1882 12944
3 17681 13651 17666
3 18049 13776 13292
3 14514 12996 18075
3 18075 12996 10957
3 5025 3405 16347
3 3405 13860 16347
3 2902 7562 13063
3 13064 5512 2902
3 14394 3608 7163
3 6708 12701 14816
3 3528 7701 14075
3 10415 13121 2932
3 2932 13121 7705
3 3744 13158 2951
3 12562 13165 2582
3 12171 16942 18100
3 15711 18100 16942
3 12116 17844 2059
3 5757 13212 5179
3 7387 16161 18106
3 16277 18106 16161
3 13220 18109 14898
3 13225 5085 4407
3 13225 4407 15283
3 6263 6487 13227
3 1105 8407 17992
3 16077 18047 13234
3 13292 4319 5234
3 16235 4377 7780
3 18079 5226 14344
3 13317 6370 3323
3 2376 13320 3728
3 13212 18004 13336
3 16550 5146 6680
3 17743 16552 613
3 3163 13362 3080
3 6598 13364 14650
3 13365 3082 9541
3 7618 5553 18038
3 17718 6484 6628
3 16411 16408 2757
3 14740 12120 382
3 11058 1797 6754
3 18030 18031 13431
3 18091 16511 13431
3 16366 6980 3419
3 15350 13466 4600
3 13474 7604 7043
3 13474 7043 12992
3 6041 17426 13527
3 17142 14476 7276
3 16110 5353 8166
3 7451 6041 13527
3 13583 3220 6536
3 13583 15875 3220
3 13585 7020 3220
3 14063 7203 3654
3 13688 14514 18075
3 13693 12453 18076
3 5292 13693 18076
3 13717 3304 14670
3 5103 16448 8762
3 13776 16677 146
3 13776 146 15141
3 13785 4568 3349
3 348 13785 17125
3 5299 3349 13786
3 14957 18103 13811
3 1869 9241 4318
3 5234 4319 16678
3 2991 13239 7730
3 14816 6786 7995
3 4999 13843 3397
3 12919 3397 13844
3 13849 17797 18088
3 13849 18088 13791
3 18141 6242 4933
3 2855 13861 13018
3 13862 3405 5025
3 2840 12978 13864
3 13292 15141 4319
3 13875 14307 3696
3 6980 13882 3419
3 13884 18249 6980
3 18102 14344 18103
3 18102 18103 16283
3 15066 13893 161
3 5575 1377 11242
3 6352 6396 11318
3 17321 6396 7311
3 16235 15218 4377
3 4930 16236 15243
3 13944 3453 11075
3 11958 3453 13944
3 13945 3454 13802
3 13945 6628 3454
3 13946 3513 7145
3 13946 11945 3513
3 11736 17802 18057
3 13212 13336 16597
3 5179 13212 16597
3 18028 16229 16077
3 16229 3484 13976
3 9246 13976 3484
3 12156 6533 3968
3 13995 14009 3498
3 3482 3496 18231
3 14001 8175 3499
3 3499 15288 14001
3 9250 3505 14003
3 15287 16901 3499
3 3499 7596 15287
3 7594 1625 14013
3 14022 9259 3510
3 3503 4316 14026
3 14032 7759 8170
3 3507 5623 14033
3 14038 5131 3505
3 7145 3513 14050
3 14051 18219 3514
3 3519 8197 14062
3 1377 5575 12944
3 14074 17944 3528
3 7062 7700 14076
3 14039 4343 12124
3 14047 4383 12145
3 8615 854 1280
3 6628 14098 3454
3 18042 3897 18040
3 18221 7562 12760
3 18121 5430 14118
3 18121 17992 5430
3 3510 14047 6472
3 10098 14349 6574
3 10098 6574 13555
3 13018 13861 9244
3 16985 3501 14016
3 15890 14188 6530
3 3619 17540 14214
3 14214 14715 3619
3 12363 11508 12267
3 3647 6256 14230
3 13164 18017 14244
3 12427 18043 14245
3 14063 3654 14247
3 7203 14248 3654
3 6389 3654 14248
3 7528 17792 9249
3 2127 5719 14278
3 5143 4940 16250
3 16544 4940 5143
3 6886 3679 14283
3 17793 3679 14284
3 13036 14284 3679
3 877 16550 8171
3 14316 1827 16832
3 13064 17912 6999
3 6744 5462 17816
3 4100 7376 14818
3 16142 14335 17690
3 16142 17690 7297
3 3714 18079 14344
3 18082 3714 7981
3 3714 14347 18079
3 14351 7936 12693
3 3728 13320 8243
3 4485 1398 16337
3 12450 7597 18063
3 3744 14379 13158
3 7351 8802 9867
3 18036 14396 13161
3 14222 3168 13487
3 18082 14418 18081
3 18082 7981 14418
3 14331 14878 3764
3 3764 6826 14309
3 5739 5490 11830
3 17125 13785 3349
3 16543 16250 18065
3 3784 14450 4317
3 18058 13957 3800
3 16528 3801 14476
3 17889 4838 5145
3 6488 4825 16135
3 17605 18078 6488
3 16909 5397 5919
3 3849 14856 8320
3 14510 2752 14509
3 13565 16238 7781
3 14514 4825 6488
3 10411 18020 3854
3 18113 18006 6102
3 14650 3080 3943
3 3865 3703 14544
3 11318 6359 17734
3 18273 16609 6405
3 6554 13431 18031
3 18042 16512 10573
3 18046 2986 892
3 5757 14612 15626
3 18106 16277 14794
3 7923 6041 17425
3 16274 18098 16516
3 9241 1869 1174
3 2368 5213 14649
3 5213 14650 3943
3 3506 14004 9251
3 13717 14670 11074
3 11989 5982 3280
3 10042 11684 4313
3 14688 13937 18070
3 12562 2582 2193
3 3619 14715 5752
3 7163 11126 8590
3 3090 16769 14738
3 5623 14740 5299
3 18124 14743 17502
3 14756 4027 821
3 7542 14757 7780
3 12108 14650 5213
3 14799 10579 4085
3 12363 14799 4085
3 11887 10805 14800
3 14811 3532 14078
3 14079 14821 3532
3 4018 14739 10716
3 10032 12488 11893
3 11038 15977 14863
3 4139 4406 15280
3 14424 4151 6826
3 3764 14878 6826
3 4151 6218 14879
3 14424 14880 4151
3 7534 6512 5131
3 11416 9838 4174
3 8007 13844 14915
3 6429 6263 6421
3 18050 13165 16076
3 3397 14915 13844
3 3425 13893 15066
3 12084 16827 4310
3 5336 4310 16827
3 15095 4312 12083
3 15098 16483 4315
3 15098 11818 16483
3 1869 4318 16677
3 11817 16481 5124
3 11817 5124 8639
3 8173 12084 15117
3 12085 8173 15117
3 15118 12080 8176
3 15118 8176 12096
3 4820 15137 16130
3 10032 11893 15140
3 9866 4316 9247
3 9508 16678 4319
3 4335 14857 15149
3 9249 15150 4335
3 5185 12123 4343
3 14002 7528 9249
3 9251 14004 7534
3 14450 15187 4317
3 17172 4374 12134
3 18077 4375 12142
3 6684 15216 4375
3 15216 12143 4375
3 15218 11242 4377
3 7780 4377 15219
3 4377 11243 15219
3 4384 9635 15223
3 4385 9248 18033
3 11244 8195 4749
3 14047 7533 6472
3 9867 8802 14448
3 4400 11922 15719
3 15273 4400 10955
3 5085 15282 4407
3 17999 17018 15287
3 15447 18051 4793
3 17540 4418 15313
3 5338 15344 5521
3 15117 12084 2363
3 12134 2383 12135
3 3425 15066 4793
3 161 15447 15066
3 7045 10957 10826
3 15282 18009 14898
3 9464 6391 4825
3 15467 8491 14674
3 412 18274 1825
3 11464 4488 15502
3 7022 8799 6615
3 15283 12267 13225
3 17868 169 16131
3 7700 6892 16131
3 7701 4821 15187
3 14028 16769 382
3 17681 17666 17685
3 5553 16975 6370
3 17684 17671 14335
3 6896 4613 15750
3 15750 4613 15752
3 4613 8093 15752
3 14181 15753 4613
3 4613 15753 8093
3 15782 7923 8615
3 7781 4027 13565
3 14549 14032 6346
3 14040 6005 4816
3 12418 16992 353
3 17685 3862 11830
3 6533 15880 5835
3 17993 15881 18118
3 13694 18118 15881
3 10023 2650 15882
3 10409 15884 5752
3 6523 14188 15890
3 14231 10882 1746
3 15928 12017 4713
3 5073 15957 5159
3 6361 15957 16408
3 16408 15957 5073
3 13518 18231 6436
3 7593 13997 18457
3 14394 14231 604
3 1146 5258 11152
3 7759 3507 14033
3 11914 6999 11913
3 5147 16554 8615
3 16554 5147 7063
3 16553 279 16551
3 16135 10964 18077
3 15066 15447 4793
3 4318 10414 13894
3 18028 16077 13234
3 12627 2616 17930
3 8405 6594 15782
3 5159 14002 3504
3 6005 16123 4816
3 5640 17171 4820
3 17171 14027 4820
3 16134 9464 4825
3 13227 16141 6230
3 14510 17734 12488
3 17684 14335 16142
3 17684 16142 7297
3 12101 13234 13320
3 13919 18089 1541
3 14756 821 14757
3 12683 10667 18095
3 6976 5919 11576
3 13504 15034 7043
3 11288 15273 10955
3 16237 12353 7103
3 2187 11817 8639
3 4940 16249 7028
3 12996 13194 10957
3 16274 4963 18099
3 3080 14650 13364
3 18005 18115 16161
3 2059 17844 17845
3 17844 730 17845
3 169 4229 16132
3 16324 18070 6391
3 18070 16324 14688
3 11023 16326 4228
3 17993 11464 15881
3 13860 12078 16347
3 18031 15032 1831
3 13885 16366 3419
3 16740 9286 18109
3 16391 18209 1338
3 16674 5073 16410
3 5073 5159 16410
3 10561 16408 16411
3 16337 16412 5074
3 8253 2105 17216
3 5085 13225 13478
3 15282 5085 11818
3 2361 16366 12077
3 16442 18060 10328
3 16449 4315 11680
3 16451 5103 11681
3 14448 1338 9867
3 1338 18209 9867
3 13504 15035 4281
3 11990 5739 17233
3 18251 2932 16482
3 2932 7705 16482
3 5583 6356 14614
3 10656 7083 14003
3 7534 5131 14038
3 16511 18030 13431
3 18042 12427 16512
3 12683 16513 18056
3 10270 18072 16516
3 8108 16529 5139
3 5139 16529 11522
3 5143 16250 16543
3 14477 17888 4838
3 4838 17888 11925
3 5159 15957 14002
3 16410 5159 10039
3 7702 16484 5124
3 2384 16595 7603
3 16599 5757 5179
3 12418 3321 14958
3 7387 5353 18005
3 7109 12831 12106
3 12831 16623 5200
3 14649 5213 12114
3 18079 16668 5226
3 5226 16668 5638
3 13122 5124 16481
3 13122 7702 5124
3 6709 11584 16674
3 2991 8648 5102
3 2991 5102 13239
3 5234 16678 8648
3 2741 3168 15742
3 13875 14306 9977
3 8869 16698 5258
3 11152 5258 16698
3 6690 8869 15927
3 12702 1434 6319
3 15150 14856 7418
3 14857 11892 15149
3 5583 14614 5298
3 13954 11976 8909
3 5298 10716 16770
3 5299 13786 14033
3 14033 5623 5299
3 14739 7612 10716
3 9640 7325 6754
3 9639 17819 11057
3 2385 14424 14878
3 1635 13366 3082
3 6503 3082 18025
3 10574 18095 4163
3 12082 4310 13578
3 5336 16828 13578
3 16829 15344 5338
3 350 16833 17136
3 4410 7313 16901
3 15287 4410 16901
3 16992 6466 16909
3 5396 2796 2257
3 5397 8604 16911
3 9225 16945 4400
3 4400 16945 11922
3 4963 16274 18072
3 10632 13975 18034
3 9241 10632 8075
3 3703 16985 14544
3 6744 16985 3703
3 5462 16986 17816
3 14971 8685 11428
3 11830 6299 1188
3 17048 5512 13064
3 4568 6396 8002
3 5664 11023 10792
3 8062 13975 5518
3 14331 3764 17058
3 3501 6744 17816
3 7866 6484 16638
3 14079 3532 7222
3 10579 16961 4085
3 10910 4085 16961
3 11873 12919 13844
3 16544 16249 4940
3 6695 11732 7175
3 12944 5719 17117
3 9640 17567 10882
3 7354 1188 4870
3 17125 5299 14740
3 16770 5583 5298
3 16770 10213 5583
3 14614 6356 6359
3 2323 15701 18141
3 2688 5521 15344
3 14793 2616 5835
3 5835 12627 16311
3 5139 14477 1236
3 5606 16528 17142
3 9062 6530 18209
3 18086 16819 4285
3 18086 4285 3823
3 8407 7950 16761
3 14028 5622 16769
3 12133 17906 14006
3 3823 18085 1702
3 16249 16544 11736
3 17168 5638 7604
3 17439 6639 17170
3 16668 17169 5638
3 17168 17170 5638
3 14344 5226 907
3 5641 17172 15890
3 17173 5641 9062
3 17173 15215 4374
3 12566 14957 13811
3 6719 14809 3219
3 17117 11244 1882
3 12769 17793 7550
3 12085 4312 11441
3 11441 4312 1967
3 14740 5623 12120
3 7276 11244 2793
3 11732 14278 7744
3 17845 730 13862
3 3244 15701 16975
3 10409 5079 11025
3 11025 5079 14715
3 14214 13552 14715
3 15625 5757 16599
3 14181 4613 6896
3 15625 7214 5757
3 7214 14612 5757
3 17718 14809 16638
3 15280 8375 4139
3 4139 18067 13518
3 16975 15701 2323
3 12562 16076 13165
3 11124 3963 13716
3 13716 11075 1804
3 11075 13716 11125
3 973 17708 14307
3 9865 12628 14793
3 18095 10667 4163
3 1827 11113 2901
3 6488 12996 14514
3 4825 14514 16134
3 3082 13365 18025
3 14188 12082 13578
3 6484 17718 16638
3 14684 14478 6342
3 5919 10904 11576
3 2202 12701 6708
3 12921 7536 6342
3 7542 7780 4535
3 5982 6296 13943
3 6296 5982 11989
3 4315 18002 11680
3 13220 14898 18009
3 14040 16122 6005
3 7475 14040 16124
3 12831 5200 7472
3 18036 12831 7109
3 13849 13919 17797
3 7022 14230 8799
3 17425 6041 7451
3 7923 17426 6041
3 14051 11763 4376
3 13884 12091 18249
3 12091 18083 18249
3 6592 17439 17168
3 14129 14843 14841
3 6684 6081 16926
3 13995 13135 6882
3 11871 6726 17018
3 13498 11213 8900
3 5020 8900 11213
3 5020 16336 8900
3 17744 7700 7062
3 12156 3968 14674
3 11989 17686 15753
3 5336 7411 16828
3 5336 17531 7411
3 16827 17531 5336
3 5815 4091 6188
3 2757 16408 5073
3 8648 16442 5102
3 6215 17541 7951
3 5276 4937 14149
3 14149 7597 12450
3 4172 13864 18035
3 12978 8075 13864
3 10578 13362 3163
3 11257 17671 12391
3 18051 16076 18232
3 18051 18232 18052
3 11893 10213 9196
3 14001 18020 18001
3 9121 18251 16482
3 18035 18034 4172
3 14309 4172 18034
3 18077 17605 16135
3 14118 18120 17980
3 18054 18037 13957
3 6660 12338 17626
3 17136 6343 12922
3 18251 18022 6341
3 2396 12102 12922
3 16324 9464 4963
3 6368 11014 14349
3 14958 6368 6469
3 11989 3280 17686
3 2374 14330 12080
3 13583 12074 15875
3 17906 2257 14006
3 5100 10990 2964
3 6554 18092 13431
3 3219 9262 8319
3 6410 6408 12605
3 9541 3082 1398
3 6465 7145 14050
3 3854 2109 10411
3 11681 2109 3854
3 7166 14821 14079
3 16135 17605 6488
3 18056 17802 12683
3 11736 12683 17802
3 18103 14344 907
3 17734 6359 6356
3 7528 17729 6691
3 15403 16336 12273
3 13802 9262 13945
3 17682 15356 15355
3 10578 17680 17682
3 17680 15356 17682
3 7063 5147 17743
3 5147 16552 17743
3 6539 6976 11576
3 18097 6553 16515
3 10573 16512 6554
3 14351 10047 6381
3 10047 3720 13555
3 14351 3720 10047
3 14214 17540 15313
3 17242 1809 15316
3 6628 6495 14098
3 13694 15881 15945
3 18106 8899 7387
3 8108 11043 16529
3 16529 11043 11522
3 5139 16531 14477
3 5139 9950 16531
3 3670 14272 2964
3 11124 11074 14670
3 9180 16552 1280
3 18078 16550 6680
3 13194 6680 12846
3 6684 16926 15216
3 6690 17048 8869
3 17792 6691 12769
3 17792 7528 6691
3 6691 17729 14283
3 7550 17793 14284
3 18274 6389 1706
3 1879 5415 16927
3 13688 16134 14514
3 6744 3501 16985
3 16984 6744 13695
3 14222 13487 9087
3 13317 5553 6370
3 8173 17818 7325
3 6754 17818 11058
3 1263 17819 9639
3 13455 6776 17770
3 6576 7103 8685
3 18072 14688 16324
3 17048 11037 8869
3 8869 11037 16698
3 11152 16698 11037
3 5131 10656 3505
3 5131 6512 10656
3 15283 4407 18124
3 14878 14424 6826
3 14309 6826 14879
3 12132 14880 14424
3 14331 12145 14878
3 1987 18273 13036
3 18273 14284 13036
3 6892 16130 17868
3 6892 17868 16131
3 17869 4821 7701
3 17869 16132 4821
3 18087 12487 18086
3 17619 14181 6896
3 6896 15750 12368
3 11989 15753 14181
3 16909 6466 5397
3 16123 18054 16775
3 18037 18054 16123
3 8195 7276 16932
3 18108 12267 15283
3 6444 6445 18069
3 13164 14244 18090
3 12077 16366 13885
3 13063 10680 17912
3 3501 17816 14015
3 1830 604 9480
3 1830 9480 11125
3 18069 8375 7584
3 12627 17930 16775
3 12628 18064 3396
3 16250 3396 18064
3 15928 17720 12017
3 7043 15034 12992
3 5025 16347 13861
3 16927 13937 14688
3 13688 18076 16134
3 13552 16326 11023
3 3528 17944 7701
3 16553 7062 14076
3 7063 17743 7708
3 16554 7063 13717
3 17667 2171 7348
3 6576 6560 7103
3 12353 8334 7103
3 8685 7103 8334
3 16077 16229 13976
3 13165 13860 3405
3 17889 14476 3801
3 15467 18059 8491
3 13946 8792 11945
3 2951 9196 13161
3 2215 11893 9196
3 11893 6356 10213
3 17626 12338 11922
3 2110 4313 11684
3 5606 11733 15897
3 15897 7175 18029
3 7175 8906 18029
3 13896 3425 4793
3 18023 15344 18025
3 11242 17413 4377
3 17816 16986 14015
3 14811 14078 16609
3 18083 12156 18249
3 16512 12427 18093
3 18093 12427 18094
3 18091 13431 18092
3 18091 18092 1620
3 18090 18089 13164
3 16180 16597 18088
3 16597 13336 18088
3 10054 18080 15035
3 15344 16829 18025
3 12077 18207 7537
3 9313 14248 6317
3 18063 12143 15216
3 18012 14684 7536
3 18066 6436 9685
3 18052 7600 14549
3 18050 16076 18051
3 18078 17605 6520
3 18081 8213 18082
3 18038 5553 13317
3 18023 18025 18024
3 14368 13239 18059
3 12563 9255 2583
3 3484 13975 10632
3 6465 17711 7145
3 12116 6327 14739
3 6512 18039 18040
3 18018 18016 17544
3 17680 15348 15356
3 18046 892 18043
3 5982 13943 9145
3 18036 13161 16623
3 18024 18025 2512
3 18104 11438 18105
3 18040 18039 18043
3 16901 7313 15288
3 18039 18046 18043
3 11685 5238 2034
3 18123 17009 11887
3 18114 14426 18115
3 18114 18115 2144
3 13220 18009 16448
3 18122 18121 17981
3 18122 17216 18121
3 13220 18008 18110
3 18109 18110 16740
3 8407 18120 17992
3 11464 18126 15881
3 15945 15881 18126
3 18126 11464 18125
3 11464 15502 18125
3 16829 6503 18025
3 17987 18116 16941
3 11871 18107 18116
3 16190 18116 18107
3 14898 18109 18117
3 18124 17983 14743
3 10680 13063 3037
3 17567 1263 1746
3 16274 16516 18072
3 6715 16410 10039
3 13894 146 16677
3 18072 10270 9778
3 18111 14105 18112
3 7386 16146 12108
3 6396 17321 14768
3 12451 2519 16928
3 5839 12450 5415
3 7418 15140 14857
3 6567 14188 13578
3 13578 16828 6567
3 1174 3484 10632
3 7451 6641 764
3 7451 764 17425
3 764 15034 4281
3 17426 12368 13527
3 13527 11416 7451
3 14856 3849 4125
3 6341 17063 12923
3 17063 12102 12923
3 5103 8762 15244
3 11681 5103 15244
3 11125 9480 6289
3 4151 14880 17841
3 17729 7528 14002
3 3460 14003 18026
3 12074 18206 7530
3 7529 6438 9247
3 7537 18207 16595
3 7593 7880 16592
3 16391 9062 18209
3 18063 7537 12143
3 2361 7537 18063
3 9260 7541 18019
3 6664 7542 7958
3 4535 7958 7542
3 7550 8320 6349
3 6349 12769 7550
3 12769 6691 14283
3 18086 16544 5143
3 18087 18086 5143
3 18004 4198 6882
3 7178 13274 18219
3 13274 18220 7562
3 13063 7562 18220
3 14052 7562 18221
3 9867 6530 7351
3 5338 11115 3699
3 16829 5338 3699
3 11115 350 7582
3 7582 16832 13686
3 16543 18065 16514
3 13178 6366 6361
3 6361 10561 13178
3 12451 9865 5276
3 6445 12073 7593
3 6445 7593 13998
3 14011 14010 7596
3 13518 3482 18231
3 13995 8166 14009
3 14549 7600 14032
3 16595 10800 7603
3 7603 17174 12131
3 17168 7604 13474
3 7043 7604 17169
3 5298 4018 10716
3 14738 4018 5298
3 10716 7612 6331
3 3425 9508 4319
3 16237 7103 12092
3 12092 7103 6560
3 4715 17541 3037
3 13122 16481 9121
3 15280 4406 10328
3 6359 11318 13785
3 18249 12156 7683
3 17744 3056 7700
3 15187 14075 7701
3 16553 14076 13715
3 13020 803 7704
3 14076 7700 16131
3 17944 17869 7701
3 15223 7702 13020
3 16484 7702 15223
3 17743 14074 7708
3 14074 13715 17944
3 6331 5200 16623
3 3349 8002 13786
3 8243 18048 7730
3 18004 6882 7796
3 17720 11732 7744
3 7744 14278 6634
3 11025 15883 10409
3 13552 11025 14715
3 13776 11217 16677
3 4535 7780 15219
3 4027 7781 821
3 7781 15243 821
3 16235 12720 15218
3 16236 12720 15243
3 9970 5640 4820
3 9970 16130 6892
3 17544 8024 7796
3 14039 16123 6005
3 4816 16124 14040
3 9313 6389 14248
3 18104 16387 11438
3 18104 18105 14434
3 14756 7839 16146
3 17531 13935 7411
3 7411 14451 16828
3 14450 13935 7163
3 13686 16832 3285
3 11115 16833 350
3 17172 6523 15890
3 1174 9246 3484
3 6373 8170 5021
3 16277 16161 16395
3 16483 8639 4315
3 16483 2187 8639
3 15782 17426 7923
3 15316 7951 17540
3 11945 18176 3513
3 11944 7109 18024
3 18024 6314 11944
3 10955 4600 15718
3 4600 13466 15718
3 18026 15032 18033
3 7981 3714 14344
3 16337 17991 16412
3 6698 13786 8002
3 13785 11318 4568
3 8007 17692 13844
3 4388 7203 10023
3 5396 2257 17906
3 8033 14028 382
3 12450 16926 5415
3 16928 6451 12451
3 11242 6599 5575
3 8511 6347 6698
3 12080 5518 16229
3 17058 8062 14330
3 14309 18034 8062
3 8062 18034 13975
3 12138 14331 17058
3 17168 17439 17170
3 18016 18017 13164
3 16674 11584 2757
3 16528 14476 17142
3 15750 15752 11827
3 15753 17686 8093
3 15711 16942 13182
3 14368 18256 8243
3 17690 2011 11958
3 17749 11428 6623
3 11441 15115 6552
3 17998 10435 13995
3 16110 10435 17998
3 18005 16110 12265
3 13998 7593 18457
3 8173 6559 17818
3 6559 8173 12085
3 16550 6520 8171
3 12096 12261 18027
3 12123 18027 12261
3 9257 6561 8178
3 6561 12093 8178
3 18219 13274 3514
