0 1177 13196 4118
0 1085 5052 1071
0 1085 1071 13709
0 3623 4753 807
0 796 444 2992
0 4437 4519 787
0 3040 3039 811
0 6460 5758 802
0 1324 13698 6540
0 4836 785 1961
0 13721 598 5503
0 811 3039 782
0 797 7970 3041
0 1292 260 3045
0 648 13701 4858
0 5505 13701 648
0 663 8867 4235
0 13202 13201 1073
0 742 5445 4719
0 3046 3418 8166
0 13206 13205 6044
0 1517 4403 4744
0 5451 5988 1
0 782 5988 5451
0 816 3523 4757
0 3042 805 1412
0 4758 4066 260
0 821 3046 3045
0 913 4837 13707
0 1527 906 6162
0 663 1585 4990
0 783 1059 4765
0 13698 5911 913
0 1077 3253 4119
0 2906 925 13751
0 2717 1110 826
0 1209 4113 788
0 788 4113 444
0 1365 4113 3780
0 828 5664 367
0 828 367 4579
0 4754 2109 803
0 5503 598 4286
0 4835 1364 1411
0 2042 4754 803
0 994 4934 6010
0 994 6010 1950
0 812 994 3519
0 1076 1527 4403
0 1076 4403 2449
0 789 949 3040
0 13717 3609 13726
0 13201 3877 1073
0 816 4758 817
0 1364 783 4765
0 4811 776 5002
0 1107 826 2132
0 1330 366 5675
0 5245 13726 3609
0 2259 780 5446
0 817 260 1292
0 1713 804 4752
0 4594 3962 1145
0 5221 13204 1589
0 4775 13743 13744
0 5051 1558 1585
0 802 1915 4767
0 802 1584 1915
0 4828 13697 2645
0 1910 797 949
0 6014 3143 8427
0 3293 13736 13737
0 3293 13737 2921
0 4753 2042 4523
0 1073 2219 779
0 1708 648 4858
0 1708 4858 13695
0 1508 793 3570
0 1077 4812 1979
0 6460 1527 5758
0 1558 2152 825
0 800 4744 4814
0 8166 824 2132
0 794 1173 1756
0 1173 794 523
0 2278 779 4860
0 1209 3780 4113
0 3914 806 4895
0 13744 1587 5456
0 598 2735 4286
0 1783 4581 794
0 794 1756 1783
0 13704 4837 1277
0 4816 824 3418
0 1064 4080 13726
0 4814 801 1508
0 778 2265 2956
0 1398 13697 4837
0 2265 778 3877
0 2152 4598 1380
0 4814 4744 801
0 949 3041 3040
0 2219 4860 779
0 13693 648 1708
0 3519 4769 1324
0 4769 3519 1950
0 13754 5505 1276
0 779 5221 1073
0 1585 4235 5051
0 3530 13716 2139
0 1939 3530 2139
0 3523 815 4757
0 1145 4115 1462
0 1277 4837 13697
0 809 3632 4754
0 4828 1277 13697
0 13695 4858 2964
0 2273 2527 4235
0 1173 1915 1756
0 524 13743 4775
0 13715 4686 2066
0 4860 2744 2278
0 1411 784 2744
0 4860 1411 2744
0 13748 13751 925
0 2149 13756 5924
0 2175 800 4814
0 4858 1777 13702
0 6270 13693 983
0 4718 5098 1166
0 4717 1166 808
0 2066 2921 13725
0 598 1782 13723
0 2066 4686 2921
0 13742 2273 4235
0 5245 2456 6433
0 13720 4115 3962
0 796 1713 4752
0 4858 13701 1777
0 3293 13723 13736
0 4859 1777 13701
0 4754 3632 2109
0 13743 524 5698
0 13693 2537 4487
0 818 814 4274
0 993 1939 13704
0 1979 4812 5061
0 2198 4164 523
0 4305 1059 312
0 4769 2645 1398
0 2198 786 1961
0 819 4597 1450
0 819 3906 4597
0 13205 5049 5385
0 13753 5505 6270
0 4751 1713 2992
0 795 4751 2992
0 2735 13714 4286
0 4859 4286 13714
0 3040 811 789
0 1961 786 8143
0 2128 4752 805
0 2921 13737 13725
0 13707 1859 4925
0 13707 5945 1859
0 4816 4066 1864
0 13723 4686 598
0 1977 8867 663
0 1585 1558 13728
0 4545 4766 799
0 800 4766 4545
0 5221 1589 13202
0 1073 5221 13202
0 789 1910 949
0 1919 1292 3045
0 4762 2221 13691
0 4762 13691 2423
0 2906 13751 2511
0 1558 1928 13728
0 4767 523 793
0 2735 4686 13714
0 819 4757 3813
0 13754 3252 5505
0 523 786 2198
0 13719 4115 13720
0 4115 13719 1064
0 5098 1572 3762
0 2042 808 3762
0 994 1950 3519
0 878 3519 1324
0 2097 4815 4757
0 8412 826 827
0 4833 1034 13692
0 2511 13751 5936
0 8866 1977 663
0 4751 804 1713
0 5993 1979 782
0 814 4596 2738
0 4323 5503 13756
0 3463 4597 825
0 2618 4896 4597
0 13688 4762 2193
0 13688 2221 4762
0 4686 13715 13714
0 13714 13715 4829
0 778 2956 777
0 4835 778 777
0 8865 1462 13741
0 4769 1398 13698
0 13698 1398 5911
0 13745 4587 1587
0 4253 4920 5002
0 2132 826 1110
0 1508 801 4767
0 801 802 4767
0 4811 4920 783
0 4811 783 3390
0 13738 2063 6433
0 801 6460 802
0 1380 4598 1107
0 13683 2193 4762
0 4812 3023 5365
0 5924 13756 5503
0 791 798 2598
0 791 4305 798
0 7970 2128 805
0 13714 2312 4859
0 809 4755 3632
0 13735 1782 13721
0 13735 13721 5675
0 13754 2149 3252
0 819 1450 2097
0 786 523 794
0 819 2097 4757
0 825 2152 6160
0 8143 963 787
0 4719 816 817
0 825 1928 1558
0 825 5044 1928
0 13198 2912 5220
0 4720 2123 13691
0 13736 1782 13735
0 1107 2132 824
0 8260 2456 3609
0 13695 2964 4828
0 1585 13728 4990
0 3086 3063 13683
0 4859 5924 4286
0 788 444 5222
0 788 5222 4749
0 3253 781 6044
0 3528 6044 781
0 4720 13691 2221
0 1517 2449 4403
0 2738 2256 815
0 3528 781 1390
0 2066 8260 13715
0 8260 2066 2456
0 2175 2558 4766
0 4815 820 4758
0 4758 820 4066
0 807 4753 5758
0 7214 1756 1915
0 1073 3877 2219
0 1910 4749 4020
0 789 4749 1910
0 789 5365 4749
0 4750 795 4581
0 6014 2448 3143
0 5285 0 5066
0 776 4811 4520
0 1068 2652 13720
0 3894 6010 13692
0 1068 4457 2652
0 1928 4457 13728
0 6283 2668 4596
0 1289 809 1572
0 4718 1289 1572
0 3046 821 3418
0 13197 1177 2893
0 2893 5220 13197
0 2312 993 13702
0 2312 13702 1777
0 4194 798 4305
0 798 4194 3143
0 4893 4596 822
0 906 2502 807
0 2519 13711 5628
0 4667 5314 5245
0 5456 1587 4587
0 13694 5936 13749
0 4457 2519 2652
0 4896 5044 825
0 2668 13711 822
0 799 2598 3063
0 13694 983 5479
0 6123 13682 5504
0 5479 6309 13694
0 3632 4755 804
0 4896 825 4597
0 2278 2744 785
0 2652 2519 4838
0 2256 4596 4893
0 13726 5245 3534
0 814 2738 4717
0 4775 5456 790
0 13741 2989 4329
0 2561 13741 4329
0 3654 13682 6014
0 6014 13682 2448
0 808 5098 3762
0 13740 2561 5314
0 2470 3953 4253
0 2738 4596 2256
0 4814 1508 3570
0 4753 808 2042
0 3623 808 4753
0 13740 4667 2063
0 784 4813 2744
0 4587 13745 13680
0 13745 5504 13680
0 1034 2645 13692
0 6881 13709 4521
0 2960 2423 806
0 2960 806 799
0 13692 2645 3894
0 797 4752 2128
0 4762 2423 2960
0 6123 2932 13682
0 6283 5052 2668
0 1412 3141 810
0 4862 13698 913
0 4521 13698 4862
0 1289 4718 3523
0 4719 1289 816
0 790 4404 4775
0 3063 798 13683
0 13206 3528 13207
0 790 2470 4253
0 1939 2139 13704
0 799 3063 3086
0 598 4686 2735
0 4164 2198 785
0 2139 4837 13704
0 1859 13710 4862
0 4862 13710 1085
0 3116 13720 4838
0 4254 4404 2316
0 516 4194 2470
0 8427 4194 516
0 4594 566 4990
0 4990 13728 4594
0 3043 5620 5979
0 3043 1412 5620
0 3182 13721 5503
0 1390 782 5451
0 13694 2511 5936
0 1077 3023 4812
0 3143 4194 8427
0 13720 3962 4594
0 4587 13680 516
0 4828 993 1277
0 2893 1177 5168
0 5220 2912 13197
0 2921 4686 13723
0 4813 4101 4164
0 4599 4751 795
0 4599 795 4750
0 5220 2956 13198
0 2989 4115 4329
0 2964 4858 13702
0 516 2470 790
0 4587 516 790
0 4749 796 4020
0 796 4749 5222
0 5698 524 5066
0 5285 5066 4118
0 5993 782 1390
0 4581 795 3049
0 809 1289 4922
0 13715 8260 3530
0 2448 2932 4778
0 6309 5479 5406
0 4457 5459 2519
0 13683 2448 5093
0 13683 5093 2193
0 4755 3141 805
0 827 826 4598
0 4323 3182 5503
0 4323 1330 3182
0 4101 3570 793
0 4118 5066 524
0 13693 1708 13695
0 3252 13701 5505
0 3252 5924 13701
0 4836 4608 5221
0 13694 4668 2511
0 13736 13723 1782
0 5356 4437 787
0 4253 4404 790
0 3086 13683 4762
0 925 5575 2932
0 13707 2139 13716
0 3086 2960 799
0 818 4274 878
0 1068 13728 4457
0 4811 3390 4520
0 3252 2149 5924
0 3044 6901 4792
0 820 4815 2097
0 3418 824 8166
0 1064 13726 3534
0 4596 1071 6283
0 4757 4815 816
0 816 4815 4758
0 4763 1820 13686
0 4668 4763 13686
0 13680 3654 6014
0 6160 3463 825
0 1177 4254 2316
0 13200 3877 13201
0 13715 3530 1939
0 1064 3534 4329
0 3534 5245 4329
0 1077 1979 3253
0 792 2175 3570
0 7970 797 2128
0 2456 5245 3609
0 4235 1585 663
0 2668 822 4596
0 781 5993 1390
0 4118 4254 1177
0 13686 2511 4668
0 13686 2906 2511
0 3042 7970 805
0 3879 792 4813
0 13691 6010 4934
0 822 2618 3906
0 1365 3780 963
0 1209 787 3780
0 3813 4757 815
0 2256 3813 815
0 3141 1412 805
0 13200 2265 3877
0 784 3879 4813
0 2175 792 2558
0 4769 6010 3894
0 3894 2645 4769
0 4323 366 1330
0 3953 4194 4305
0 2470 4194 3953
0 5356 787 1209
0 3962 4115 1145
0 812 4895 994
0 2449 4895 812
0 4020 796 4752
0 1064 13719 4080
0 13719 4133 4080
0 800 1517 4744
0 792 3570 4101
0 963 3780 787
0 4133 6015 2619
0 4133 8179 6015
0 5002 4920 4811
0 8865 4143 566
0 4143 8866 566
0 1517 3914 2449
0 1517 6178 3914
0 2744 4164 785
0 823 3463 6160
0 878 4274 813
0 4119 5356 1209
0 1145 566 4594
0 4816 3418 821
0 925 2932 6123
0 983 4487 5479
0 4487 2537 5479
0 1783 1756 4750
0 4437 5446 4519
0 8143 4519 780
0 5724 4520 777
0 4520 3390 777
0 4521 6540 13698
0 4521 13709 4861
0 4523 2042 803
0 1584 4523 803
0 778 1411 2219
0 3914 4895 2449
0 4608 8143 780
0 4377 4113 1365
0 4377 3049 4113
0 4113 3049 444
0 1364 4765 3879
0 8166 2132 1110
0 2921 13723 3293
0 5505 648 13693
0 6270 5505 13693
0 794 4581 4377
0 4750 4581 1783
0 4736 5628 13711
0 4736 4123 2714
0 4748 5479 2537
0 4748 2537 1034
0 1398 2645 13697
0 4792 817 1292
0 4792 742 817
0 13690 4748 4833
0 13690 4833 4720
0 13707 4837 2139
0 2259 5221 780
0 2316 4404 5002
0 4920 6419 783
0 4719 5445 4922
0 4925 1859 4862
0 4862 913 4925
0 800 4545 1517
0 4164 793 523
0 784 1364 3879
0 4835 783 1364
0 1910 4020 797
0 5061 811 782
0 1979 5061 782
0 5365 789 4812
0 4253 312 4920
0 4253 3953 312
0 2312 1777 4859
0 5093 4778 2193
0 2109 804 4751
0 823 1380 1107
0 794 4377 1365
0 818 4596 814
0 1085 4123 5052
0 5221 4608 780
0 1508 4767 793
0 3253 1979 781
0 13725 13738 6433
0 4519 5446 780
0 4922 1289 4719
0 5945 13707 3436
0 3390 4835 777
0 4545 6178 1517
0 5314 4329 5245
0 878 1324 4861
0 5350 5479 4748
0 5479 5350 5406
0 5365 3023 4749
0 777 2956 5220
0 5385 5049 4437
0 6044 5385 6099
0 2278 4836 779
0 779 4836 5221
0 5406 6357 4763
0 13742 5664 828
0 3953 4305 312
0 8412 2717 826
0 4718 815 3523
0 8867 13742 4235
0 4305 791 1059
0 1276 5505 13753
0 4115 1064 4329
0 3632 804 2109
0 813 906 1527
0 2448 4778 5093
0 4812 811 5061
0 800 2175 4766
0 4101 793 4164
0 2312 4829 993
0 1071 6263 13709
0 1277 993 13704
0 3519 1076 812
0 5620 810 742
0 5620 1412 810
0 4718 1166 815
0 2992 1713 796
0 2714 4838 5628
0 2519 5628 4838
0 1411 778 4835
0 13690 5350 4748
0 3049 795 444
0 776 4520 5724
0 5758 1527 6162
0 5098 4718 1572
0 4748 1034 4833
0 4736 2714 5628
0 13725 13737 13738
0 2198 1961 785
0 2905 1107 824
0 824 4816 2905
0 2992 444 795
0 524 4775 4254
0 4254 4775 4404
0 6099 5385 4437
0 6015 3436 13717
0 2619 6015 13717
0 4767 1173 523
0 3762 1572 4754
0 5911 4837 913
0 5911 1398 4837
0 1411 1364 784
0 2265 13200 2956
0 2956 13200 13198
0 2456 13725 6433
0 786 1365 963
0 4828 2645 1034
0 5945 6015 1859
0 6015 5945 3436
0 4066 821 260
0 949 797 3041
0 5979 5620 742
0 3877 778 2219
0 781 1979 5993
0 1462 4115 2989
0 817 742 4719
0 878 813 3519
0 3519 813 1076
0 820 1450 1864
0 1864 1450 3463
0 13714 4829 2312
0 1864 3463 823
0 4545 806 6178
0 1462 2989 13741
0 809 4922 4755
0 6099 5356 4119
0 4594 13728 1068
0 4594 1068 13720
0 3044 4792 1292
0 3044 1292 1919
0 1572 809 4754
0 4668 5406 4763
0 818 878 4861
0 663 4990 8866
0 6178 806 3914
0 993 4829 1939
0 1324 4769 13698
0 13197 13196 1177
0 5459 5044 4896
0 4720 13692 2123
0 814 4717 2502
0 1077 1209 788
0 1077 788 3023
0 8143 786 963
0 13688 2193 4778
0 3879 4765 792
0 4765 2558 792
0 1527 6460 4403
0 1071 5052 6283
0 4133 2619 4080
0 5002 776 2316
0 6309 4668 13694
0 4668 6309 5406
0 794 1365 786
0 13207 3528 1390
0 13711 2519 2618
0 4763 6357 5265
0 2738 815 5994
0 4599 4750 7214
0 3039 5988 782
0 4775 13744 5456
0 13691 4934 4895
0 13691 4895 2423
0 6901 3044 6098
0 5168 776 2893
0 5168 2316 776
0 3023 788 4749
0 5245 6433 4667
0 4667 6433 2063
0 1034 2537 13695
0 4828 1034 13695
0 1820 5575 13686
0 13693 4487 983
0 2527 827 5051
0 828 827 2273
0 2273 827 2527
0 1859 6015 13710
0 4066 820 1864
0 803 4599 1584
0 1324 6540 4861
0 4521 4861 6540
0 13711 2618 822
0 13717 8260 3609
0 4235 2527 5051
0 4581 3049 4377
0 776 5220 2893
0 5220 776 5724
0 803 2109 4751
0 803 4751 4599
0 821 3045 260
0 566 8866 4990
0 5051 6966 4416
0 5051 4416 1558
0 2502 4717 807
0 807 4717 3623
0 5044 4457 1928
0 5445 810 4922
0 6901 742 4792
0 4766 791 2598
0 2558 791 4766
0 4274 906 813
0 799 4766 2598
0 2423 4895 806
0 817 4758 260
0 2042 3762 4754
0 13742 828 2273
0 802 4753 1584
0 5758 4753 802
0 6263 818 4861
0 1071 818 6263
0 13748 925 6123
0 13748 6123 5504
0 3143 13683 798
0 813 1527 1076
0 6419 1059 783
0 312 1059 6419
0 13207 1390 5451
0 4920 312 6419
0 5098 808 1166
0 4765 791 2558
0 5220 5724 777
0 4416 4598 2152
0 6881 4862 1085
0 1166 5994 815
0 5994 1166 4717
0 598 13721 1782
0 2259 5446 4437
0 5049 2259 4437
0 742 6901 5979
0 13740 5314 4667
0 6966 827 4598
0 823 6160 1380
0 801 4744 4403
0 6460 801 4403
0 810 5445 742
0 4862 6881 4521
0 5052 4736 13711
0 5052 4123 4736
0 4828 2964 993
0 2964 13702 993
0 906 814 2502
0 906 4274 814
0 6966 4598 4416
0 2123 13692 6010
0 3116 4838 8179
0 4816 1864 823
0 2618 4597 3906
0 4813 792 4101
0 4437 5356 6099
0 3570 2175 4814
0 2618 2519 4896
0 4123 13710 2714
0 3063 2598 798
0 994 4895 4934
0 1076 2449 812
0 3906 4893 822
0 13709 6263 4861
0 820 2097 1450
0 2219 1411 4860
0 5758 6162 807
0 906 807 6162
0 1584 7214 1915
0 4599 7214 1584
0 2256 819 3813
0 1820 4778 5575
0 2932 5575 4778
0 2905 4816 823
0 13701 5924 4859
0 5937 5504 13745
0 6044 13205 5385
0 818 1071 4596
0 4119 3253 6044
0 1558 4416 2152
0 1584 4753 4523
0 819 4893 3906
0 819 2256 4893
0 13711 2668 5052
0 1177 2316 5168
0 797 4020 4752
0 2066 13725 2456
0 816 1289 3523
0 5406 5350 6357
0 5698 5066 0
0 13719 3116 8179
0 13196 5285 4118
0 8179 4838 2714
0 1145 1462 8865
0 13721 1330 5675
0 516 13680 8427
0 2744 4813 4164
0 8179 13710 6015
0 13204 2259 5049
0 13204 5221 2259
0 5314 2561 4329
0 5456 4587 790
0 925 13686 5575
0 13686 925 2906
0 1085 13710 4123
0 4118 524 4254
0 4253 5002 4404
0 4829 13715 1939
0 4762 2960 3086
0 4769 1950 6010
0 13682 2932 2448
0 823 1107 2905
0 5924 5503 4286
0 4720 2221 13688
0 5265 4720 13688
0 5459 4896 2519
0 5044 5459 4457
0 4119 1209 1077
0 6044 6099 4119
0 5504 13682 3654
0 4778 1820 13688
0 5979 6901 6098
0 2152 1380 6160
0 1059 791 4765
0 1173 4767 1915
0 4755 810 3141
0 4598 826 1107
0 3390 783 4835
0 4836 2278 785
0 8143 787 4519
0 4836 8143 4608
0 4812 789 811
0 4925 913 13707
0 8179 2714 13710
0 7214 4750 1756
0 8260 13717 13716
0 828 4579 8412
0 3043 3042 1412
0 827 828 8412
0 13690 4720 5265
0 2738 5994 4717
0 13206 6044 3528
0 444 796 5222
0 4752 804 805
0 1450 4597 3463
0 5504 3654 13680
0 13690 6357 5350
0 13709 6881 1085
0 8865 566 1145
0 804 4755 805
0 3623 4717 808
0 4922 810 4755
0 4066 4816 821
0 4833 13692 4720
0 806 4545 799
0 4836 1961 8143
0 13719 13720 3116
0 13690 5265 6357
0 4763 13688 1820
0 13726 2619 13717
0 3182 1330 13721
0 5979 6098 3043
0 8260 13716 3530
0 5051 827 6966
0 2448 13683 3143
0 5265 13688 4763
0 3436 13716 13717
0 4080 2619 13726
0 3436 13707 13716
0 13719 8179 4133
0 13749 6270 13694
0 13694 6270 983
0 13680 6014 8427
0 2652 4838 13720
0 2123 6010 13691
0 6270 13749 13753
0 8412 4579 2717
0 13748 5504 5937
0 13693 13695 2537
1 123 148 14245
1 13832 1035 7528
1 14666 296 286
1 8548 3555 12261
1 14520 11100 3798
1 3099 9129 3409
1 1297 6134 14580
1 304 1428 290
1 3679 3667 4262
1 3601 6719 9719
1 14497 6999 12230
1 10212 9926 14291
1 9572 1601 4333
1 286 296 322
1 57 14353 69
1 20 12 14695
1 14402 141 168
1 2279 13143 108
1 13129 8496 2850
1 870 1381 10835
1 10935 13764 7296
1 2487 9986 719
1 3638 10638 11561
1 2952 11219 6518
1 59 2282 53
1 352 14465 361
1 5523 10295 1424
1 13480 13051 13330
1 573 13505 11324
1 10383 8270 2476
1 11679 13428 865
1 14490 14440 14491
1 3016 3080 10915
1 13914 10489 10039
1 8148 678 4573
1 11854 3025 13881
1 113 131 12249
1 2488 14377 6025
1 14614 11911 3881
1 1249 14615 13114
1 10642 945 8838
1 13099 14375 7369
1 7777 10695 14104
1 3789 12956 4362
1 7002 32 6520
1 3704 1283 14304
1 2798 8221 13182
1 10610 3452 2812
1 14468 209 14521
1 5472 7641 13029
1 5880 9280 2631
1 3237 14463 11960
1 5237 11370 1552
1 4073 3124 14656
1 7608 10692 3441
1 215 14660 200
1 11268 1720 13010
1 14218 3559 1356
1 12767 11525 11351
1 2051 12282 8824
1 12751 4130 2381
1 14722 9281 12520
1 173 155 2748
1 13546 14460 12912
1 3072 8148 14735
1 1670 5500 11050
1 13215 11783 3225
1 3426 10662 5300
1 14291 14212 6847
1 2496 3918 12614
1 352 3228 14465
1 3209 3631 2606
1 3627 13973 14516
1 14386 14404 13659
1 4202 2011 2570
1 1161 2749 12977
1 14476 208 3951
1 11590 2388 14605
1 11867 8540 12632
1 147 1258 2408
1 10295 5523 10462
1 5732 10938 9672
1 187 3818 160
1 3329 2306 12401
1 14201 1403 161
1 4005 1039 248
1 225 210 1207
1 14393 10874 3440
1 14692 213 1394
1 8971 118 142
1 8774 9135 11568
1 2849 8774 11568
1 14335 2848 14336
1 14735 11869 3061
1 2028 1753 14411
1 4262 14646 3679
1 4004 12749 611
1 3001 3249 11837
1 14264 3559 153
1 1100 14686 3387
1 14410 2120 5484
1 5704 3440 5867
1 8361 7357 8747
1 14275 14299 12370
1 4068 12896 2032
1 2030 128 4068
1 9126 3803 3736
1 14467 199 2211
1 2190 9829 8748
1 14174 9559 1052
1 1052 9559 3050
1 995 10892 14102
1 3172 12356 1066
1 3885 13483 14090
1 1130 14516 13973
1 7474 10068 14513
1 1477 14553 13367
1 12567 12987 14273
1 7183 7501 11155
1 3779 9150 10648
1 14476 1347 14475
1 14475 1348 14474
1 14634 11771 14632
1 3601 1442 1438
1 3750 2049 1205
1 2047 210 183
1 3667 3679 4096
1 12856 2058 13326
1 615 12986 4363
1 2051 611 12282
1 2815 9430 14714
1 1973 2811 11119
1 1480 1263 9830
1 1484 2633 1265
1 3864 1018 5684
1 12534 853 14745
1 339 1610 331
1 339 8720 1610
1 14462 10276 14503
1 4436 9198 2485
1 9198 10951 2485
1 3171 13157 14641
1 1212 3997 3864
1 1394 14737 14692
1 5217 12842 984
1 899 14458 13000
1 1347 221 4054
1 5208 14296 2283
1 14477 14454 14456
1 14517 9612 12015
1 1348 13840 14454
1 13021 2904 2062
1 5340 11181 10471
1 1382 7944 14632
1 12586 3434 3430
1 14256 14262 14258
1 7734 1534 9563
1 12942 953 2885
1 12921 17 7
1 3601 9719 3575
1 702 1422 1423
1 1422 702 1256
1 10780 5928 3183
1 4678 1580 10821
1 2656 1429 14481
1 4795 7306 3194
1 3432 10550 13456
1 9301 7322 2521
1 2025 13401 1439
1 14419 14410 5484
1 8459 8161 2890
1 1187 2023 2028
1 14657 14469 12602
1 8146 3477 863
1 8146 12713 3477
1 3430 3434 7817
1 11541 13393 14351
1 331 1610 11713
1 6947 7507 1413
1 14693 12258 14730
1 922 3554 1695
1 853 1477 12129
1 656 1478 1477
1 12355 13933 595
1 12534 1477 853
1 1484 12925 10201
1 1265 660 1484
1 6000 6168 14368
1 2522 3443 10395
1 14339 10395 3443
1 5110 6000 14368
1 13616 12598 2240
1 13981 1045 9932
1 14175 13775 12691
1 3215 14622 12064
1 14252 5578 933
1 14296 5208 7997
1 14300 14239 9899
1 10244 3513 14538
1 1576 6308 14530
1 12771 772 14528
1 14248 2237 1814
1 14724 1814 2237
1 5636 5673 7645
1 5636 7645 6840
1 3605 1963 3607
1 2890 8161 6497
1 1960 9264 2839
1 12934 3992 1856
1 1394 1574 14737
1 12349 12896 4068
1 128 109 4068
1 5673 10901 7645
1 3924 9941 3414
1 2055 3571 3392
1 2055 3392 8712
1 10344 2849 3923
1 2810 1971 7263
1 11824 8598 2800
1 10206 13845 11810
1 6000 3477 2077
1 3849 11810 13845
1 14258 14262 14261
1 2077 3477 8974
1 14257 1603 1410
1 1603 1602 1410
1 1603 14257 1406
1 2970 2740 6497
1 339 316 10385
1 225 3185 210
1 13022 9638 14102
1 14646 1039 3679
1 2809 6399 7263
1 2809 7263 13672
1 14468 14521 12371
1 10197 13512 1434
1 11834 10942 9327
1 6813 3282 11794
1 8228 3923 3421
1 3596 14200 9935
1 9301 8340 1697
1 3815 11205 9709
1 14690 7175 3367
1 2251 2458 972
1 10521 3372 14586
1 13159 2458 2251
1 3760 2257 1062
1 14095 2225 1062
1 2077 14414 6168
1 108 129 14300
1 5461 13584 10431
1 14632 11771 11986
1 171 14218 174
1 11939 2595 9844
1 5229 2216 1472
1 183 171 174
1 1845 10303 7463
1 5304 3555 13030
1 13116 13696 7627
1 13414 11409 9080
1 14572 1726 14449
1 922 1695 8663
1 1695 11816 8663
1 9301 1697 2187
1 2187 1697 10088
1 2520 83 13398
1 2166 7280 13801
1 2113 1759 13088
1 2027 1768 1771
1 2117 1764 1763
1 6473 14414 1759
1 74 2231 13398
1 12771 14529 772
1 772 14529 12306
1 2685 2260 2249
1 1569 205 14501
1 1803 14187 14710
1 2959 2251 972
1 3624 13639 1828
1 1833 3885 1834
1 4983 1135 11541
1 1135 4983 5752
1 12229 10457 14502
1 13639 13597 3891
1 3885 1833 12972
1 2740 2970 1829
1 5411 14368 866
1 6502 10232 14714
1 11928 11925 3270
1 3157 5954 2216
1 3157 13441 5954
1 5578 3381 4782
1 12080 4782 3381
1 9301 2187 5110
1 12934 10466 1183
1 1521 2740 1829
1 1812 3617 8945
1 14479 1561 7648
1 14479 7648 14580
1 14095 1062 2257
1 9592 3053 9248
1 13366 3611 8809
1 280 286 322
1 3330 3984 12748
1 7507 3554 922
1 2586 5874 3782
1 1669 1557 2919
1 7291 2401 1472
1 7291 14398 2401
1 2978 14293 882
1 13032 1947 14626
1 6896 307 316
1 1135 5752 2282
1 5973 2978 5559
1 14176 2834 14172
1 2809 1972 1963
1 11079 8598 8512
1 3503 1971 12874
1 2810 4060 2804
1 3588 13672 1971
1 3504 1590 1967
1 5973 14308 2978
1 2810 12874 1971
1 1972 3607 1963
1 10303 3814 11722
1 3267 3814 10303
1 5429 766 2626
1 6281 8299 14483
1 6844 12038 9865
1 1690 14 3263
1 7706 989 2116
1 1771 2120 1438
1 12887 3263 14
1 14417 12239 1769
1 14419 1768 14417
1 1771 1438 1442
1 2622 11113 10740
1 2507 219 4043
1 12856 8606 14057
1 614 2057 2882
1 14436 13272 2539
1 1621 3106 12401
1 2064 10155 8699
1 6813 61 3282
1 6813 50 61
1 9899 2279 14300
1 8028 12320 6456
1 3997 10036 4291
1 2636 3083 8853
1 13803 9175 1757
1 9560 3157 2216
1 7131 4713 10026
1 6932 10026 4713
1 3237 13987 14470
1 7001 3176 7269
1 1112 9745 3176
1 5806 3195 3509
1 10281 10471 3222
1 10281 3222 3571
1 10303 11722 7463
1 2095 2001 14223
1 11782 1549 7886
1 12231 2568 9638
1 8023 11200 14182
1 6542 14330 4069
1 14215 3556 13284
1 13223 3273 9997
1 10872 9997 3273
1 10494 5271 14179
1 3282 84 11794
1 3282 75 84
1 3997 6456 10036
1 988 2116 2114
1 5967 6274 1546
1 989 2117 2126
1 11804 7716 3327
1 2026 3765 2789
1 5967 5600 6274
1 2027 1769 12239
1 1771 1768 2120
1 1439 2117 13752
1 2126 1763 2116
1 2126 2117 1763
1 2126 2116 989
1 2507 14676 219
1 3607 8669 12707
1 1496 3783 8286
1 11808 14127 5304
1 5967 12707 8669
1 3383 1018 1011
1 14683 14685 14684
1 922 3799 8235
1 1878 7265 933
1 2522 8448 3443
1 10473 14582 3876
1 7280 2503 13801
1 14562 3514 1660
1 3572 1660 3514
1 1105 3460 14199
1 14179 2409 10813
1 2164 1308 11081
1 6652 2959 972
1 972 9230 6652
1 294 284 5786
1 8566 3659 4551
1 3554 11816 1695
1 1972 13672 3588
1 10161 8221 13803
1 8221 8444 13182
1 14102 10892 11359
1 3282 61 75
1 8083 4991 1111
1 10891 559 2299
1 2455 14376 13830
1 3449 13458 14093
1 3153 14094 14311
1 9745 6531 3860
1 9225 11775 1417
1 14069 14401 14345
1 3596 14314 2900
1 2602 14706 6349
1 14331 7210 2157
1 7468 8360 9479
1 14200 14206 13450
1 3106 6342 8012
1 14574 14481 10872
1 14111 14574 10872
1 5262 5271 10494
1 10277 1758 12713
1 10277 2026 1758
1 3634 1105 4782
1 2728 14569 1722
1 1105 14199 4782
1 8566 5010 11483
1 1146 11483 5010
1 3765 9175 2789
1 14375 3861 4891
1 14393 4891 3861
1 1757 3765 10277
1 2512 9944 2447
1 3779 2447 9150
1 14706 2602 6756
1 3535 3560 6683
1 14630 11545 8748
1 14579 13632 1298
1 2025 1439 11926
1 284 3690 10295
1 7269 3860 5196
1 2944 868 12901
1 3576 8235 3799
1 922 1407 3799
1 4347 1346 1350
1 13480 13371 1405
1 6602 5842 5525
1 1350 14610 2614
1 11453 4104 1425
1 4104 2950 1425
1 1873 12115 14357
1 3218 14623 13593
1 7681 6947 1413
1 12827 2826 12291
1 933 5578 4148
1 7681 1413 13116
1 14095 9863 11070
1 8018 3631 12818
1 14687 161 1403
1 12818 7001 8018
1 2397 10745 2723
1 3478 14420 4210
1 593 11369 13477
1 12762 1184 8012
1 2465 5429 13171
1 11188 5429 2465
1 4627 1326 4074
1 11110 2790 2240
1 6053 4074 1326
1 12074 14615 11423
1 11423 2794 14620
1 10320 612 953
1 1574 1525 14737
1 14527 3081 12126
1 2875 7618 8824
1 1669 10171 1557
1 1560 1557 10171
1 1557 1560 9951
1 3717 10396 11393
1 1428 304 10396
1 3814 1548 11722
1 14531 14529 7225
1 4291 1018 3864
1 2460 2959 6652
1 9233 1743 6543
1 14544 3391 3509
1 1394 213 1393
1 3391 14544 13006
1 769 2631 9188
1 14259 13703 1600
1 4056 2938 12929
1 5110 2187 6000
1 2626 3869 1263
1 4359 2106 9242
1 11172 14530 9962
1 1532 9962 14530
1 2636 12306 3083
1 10376 2484 3120
1 3175 9227 7680
1 9227 3175 6623
1 13077 9890 1221
1 7586 11834 9327
1 272 7524 10415
1 4418 13734 1543
1 13734 6514 1440
1 1286 1284 1282
1 1284 12637 1282
1 166 1033 2507
1 12667 2587 2622
1 4073 2983 3127
1 1105 14204 3460
1 14303 11516 7508
1 2512 11357 2948
1 14301 889 12963
1 13400 7748 11461
1 5813 5842 6602
1 13050 4470 4042
1 12266 1156 14181
1 14313 1883 1003
1 2794 14615 2983
1 14281 2522 14282
1 6739 4577 7797
1 14281 14282 4551
1 3782 5874 10940
1 13182 8444 4463
1 7507 4463 1413
1 8491 3798 13618
1 9409 8491 13618
1 11544 3284 3104
1 14479 6134 14576
1 14305 11120 14325
1 14307 1858 14324
1 5559 882 3365
1 11120 1873 14325
1 2822 9031 14592
1 14519 12956 8434
1 5559 2978 882
1 5477 5813 6602
1 3748 2052 1208
1 5167 6602 4997
1 5167 5477 6602
1 9209 14651 13083
1 9209 11860 14603
1 12207 14595 14748
1 10064 1409 9719
1 14382 8732 3008
1 4069 13802 9060
1 4526 9907 14690
1 871 9343 14631
1 9343 1172 14631
1 14255 13064 6620
1 6620 13064 7664
1 8940 14705 14590
1 4453 12891 14626
1 1576 4912 12937
1 14592 9031 14749
1 2942 9854 14604
1 3011 2766 10103
1 2166 2167 1747
1 14676 2507 1033
1 9581 11728 2941
1 3264 10018 11785
1 8695 9139 11713
1 1610 8695 11713
1 11019 7317 1739
1 3833 2937 14602
1 14099 11783 13215
1 6947 8051 7507
1 9778 10015 13285
1 14033 14052 14041
1 14638 12585 14607
1 8695 13822 7468
1 5484 2120 1768
1 2089 10891 2299
1 14419 5484 1768
1 559 43 63
1 10965 10728 3291
1 6024 3291 4015
1 294 3690 284
1 10220 7772 6896
1 10220 6896 9479
1 8809 7071 12322
1 7981 14296 14268
1 14532 768 3078
1 2890 5823 8459
1 3513 10244 3100
1 11185 2938 11573
1 13527 1111 4991
1 1174 11453 6316
1 1425 6316 11453
1 2231 66 2419
1 74 66 2231
1 3453 3788 13094
1 10620 7428 1564
1 159 1038 1033
1 7304 4795 3545
1 11185 8999 2938
1 3265 6329 9797
1 6614 14195 3266
1 3058 14507 10584
1 2216 5954 9088
1 2216 9088 11082
1 4291 10036 6374
1 2809 13672 1972
1 10036 4781 1011
1 14267 1011 4781
1 3620 12514 14512
1 14507 14513 10068
1 13670 8498 11146
1 3617 10822 2673
1 14089 3624 13842
1 3709 3453 13094
1 2850 6982 3126
1 359 358 324
1 986 2113 2026
1 2691 3714 3715
1 11845 12190 14471
1 8498 3917 12391
1 3309 2651 3312
1 13397 3207 8196
1 212 183 14432
1 3465 10415 3493
1 3554 10498 11816
1 13476 13761 11311
1 113 11311 131
1 11311 150 131
1 14451 10867 10082
1 3510 8712 2839
1 14180 3544 12250
1 2482 12910 3457
1 7304 5370 8042
1 3095 13618 12332
1 2397 2723 11613
1 7304 8042 5894
1 9387 12251 14744
1 14750 11441 14443
1 13739 1784 13119
1 3485 3421 14352
1 14500 8833 10797
1 10797 8005 14500
1 4784 1781 8488
1 8488 5390 4784
1 2287 10553 14299
1 8304 14462 3594
1 2521 13511 9708
1 13128 5506 2469
1 5506 13128 3102
1 1793 4303 12082
1 2591 9881 1992
1 956 6295 8720
1 13096 14629 14596
1 14626 12891 2682
1 3716 12001 14647
1 14524 13954 4632
1 14627 14062 13862
1 2062 2904 13407
1 4616 5756 11834
1 12039 14455 3643
1 3787 10976 3643
1 11247 2313 3241
1 3541 9366 13527
1 4099 11915 613
1 4948 9319 12513
1 14724 9319 4948
1 5756 14109 11834
1 3716 14700 12001
1 8660 11816 10498
1 8660 10498 14280
1 12444 12094 14473
1 1595 987 5669
1 12094 3666 14658
1 12551 14696 13115
1 2736 14297 4983
1 10745 3721 2723
1 1212 3864 9168
1 1212 9168 14309
1 30 14298 1512
1 14355 14406 8339
1 848 13666 1261
1 13803 5217 10161
1 1698 9699 3443
1 4997 82 83
1 4997 74 82
1 14389 5997 14388
1 2437 14273 8126
1 14717 14273 13907
1 9221 4949 14575
1 13637 10374 11490
1 3734 3669 10125
1 12166 3752 3734
1 3749 14473 10114
1 14489 2936 3763
1 2020 1443 2786
1 2027 1443 2020
1 12842 10157 984
1 11848 2023 2786
1 8736 2789 2798
1 12513 7612 6378
1 7612 12513 11588
1 3190 11410 2779
1 1441 3576 13650
1 1443 1444 3579
1 5669 987 2113
1 3579 1603 1406
1 2924 8999 10558
1 1443 2027 1444
1 2810 2804 1967
1 74 4997 66
1 2811 12213 8189
1 1758 2026 2113
1 3604 6961 3500
1 1545 3604 12406
1 11838 5732 9672
1 4338 5732 11838
1 14517 3850 12262
1 13615 10378 3850
1 13016 3541 5031
1 13450 13245 9935
1 3673 4396 12640
1 11677 14517 12015
1 3863 10537 14622
1 11854 885 3025
1 559 11567 2911
1 4795 3194 3545
1 3083 9385 8853
1 11201 11918 14657
1 3883 301 1046
1 3924 2860 11388
1 133 159 2484
1 240 512 218
1 2849 3120 2851
1 3464 14518 7152
1 2851 2107 2849
1 3120 2484 2851
1 1043 3898 4001
1 609 4001 3898
1 1328 1790 7828
1 72 64 5167
1 7225 1328 7828
1 2503 2504 13801
1 2503 3377 7399
1 1534 1326 4627
1 3195 14544 3509
1 8486 3922 3767
1 1627 3840 3922
1 5196 3860 6411
1 2881 2882 13365
1 14636 11618 3190
1 1579 12485 3173
1 14179 7882 5928
1 7874 9715 5806
1 9629 7874 5806
1 12865 5208 2283
1 12865 14271 5208
1 5217 11270 12842
1 14500 1395 4982
1 14407 11756 10848
1 10901 56 7306
1 4997 55 66
1 14088 14037 9891
1 4011 3956 4621
1 14693 14364 12922
1 7306 7645 10901
1 2401 5229 1472
1 6025 14377 87
1 6025 87 6982
1 3965 11996 3250
1 10220 9479 8360
1 3561 8731 14211
1 8360 1424 10220
1 13916 1280 14733
1 14750 14700 11441
1 6705 9725 14319
1 2922 14364 14693
1 8296 8140 984
1 9518 13226 14584
1 4045 2911 11567
1 4045 70 80
1 4045 80 1471
1 3634 12080 9778
1 5600 14195 6274
1 7432 4062 2806
1 12461 14459 12220
1 13467 13194 14285
1 2938 4056 11573
1 4056 2557 11170
1 9890 13077 2779
1 10113 3740 3804
1 14355 11143 2611
1 10648 3789 3779
1 8712 3392 1960
1 1633 14603 12614
1 10212 5641 9926
1 10243 2868 3371
1 10243 1751 2868
1 3535 14281 3659
1 2510 14181 12655
1 7482 12266 14181
1 12471 4131 752
1 12322 8808 4341
1 4577 6739 5343
1 11713 316 331
1 6330 10385 316
1 11845 14471 10744
1 6330 316 307
1 3545 3381 5370
1 5370 5930 8042
1 2962 6349 14706
1 2974 1453 1522
1 1831 1521 1829
1 11661 5905 3267
1 11661 2593 8170
1 1831 1829 3891
1 1453 2974 1832
1 8952 1834 11938
1 2976 10825 1833
1 14338 2844 9959
1 12485 11595 3173
1 3408 3274 8305
1 2011 4202 12557
1 14749 9282 13058
1 9563 1534 4627
1 12258 14693 12611
1 14356 14381 14359
1 7612 7291 1472
1 1874 14356 14359
1 2090 2570 12231
1 7612 1472 11082
1 353 363 6624
1 2835 11170 2557
1 14614 12657 4222
1 4339 4222 12194
1 8083 4126 4991
1 4126 8083 5343
1 5799 766 5429
1 560 14364 120
1 11188 765 5429
1 12890 8467 14380
1 14403 14361 11586
1 3034 11695 14363
1 1442 3601 3575
1 552 10270 9080
1 3956 3831 10022
1 3956 10022 4621
1 14385 11919 1470
1 4616 5600 5967
1 4196 1378 1221
1 9140 11599 13605
1 5626 1697 8340
1 35 5477 47
1 12449 1017 3365
1 9802 10257 1301
1 12471 10848 4131
1 749 13022 14102
1 6420 8116 10672
1 9563 4627 3078
1 9563 3078 10512
1 14717 11948 3831
1 2177 14621 11791
1 14074 4338 12962
1 13013 14591 14747
1 12115 14382 14357
1 25 13625 15
1 2187 10088 6000
1 3222 10471 14559
1 5786 6624 10385
1 12647 3734 4099
1 5786 295 6624
1 5523 972 10462
1 13844 553 14033
1 2673 10822 14508
1 2257 14312 3152
1 4073 14656 12983
1 41 5525 31
1 5525 41 55
1 12954 12190 4328
1 5756 4616 5967
1 3383 1011 14268
1 9580 14553 3065
1 10220 3690 7772
1 5411 7930 4726
1 2826 12728 12909
1 9580 3065 1133
1 2301 11197 1201
1 4393 12444 3749
1 10760 4393 3802
1 6345 9355 14246
1 3673 12799 4396
1 8995 3327 1417
1 3860 6531 14248
1 9385 5030 738
1 14572 14449 12814
1 14724 14096 11097
1 14724 4948 14096
1 14534 11943 14602
1 9088 5579 11082
1 14316 5579 9088
1 10602 9093 5588
1 5588 14237 7987
1 1843 14108 5430
1 1807 12832 14194
1 972 5523 1424
1 3350 6198 10470
1 972 1424 10730
1 3350 9865 6198
1 1812 9971 1838
1 1264 9188 2631
1 7210 14331 14321
1 764 12366 14745
1 14643 12517 765
1 14560 5060 2782
1 14643 765 11188
1 6438 14359 1868
1 6438 1868 14324
1 1212 7185 3997
1 14532 1793 14525
1 3704 14307 12093
1 14723 7265 2037
1 2196 3721 12067
1 1265 2633 2636
1 13089 12984 1455
1 5347 5756 5967
1 8452 5617 11794
1 10611 2924 10558
1 6527 36 50
1 6527 24 36
1 8305 3274 3409
1 14747 1247 13013
1 13138 4621 13089
1 13138 13089 1455
1 5525 17 31
1 11393 3098 3717
1 7768 9802 3517
1 2941 5843 9581
1 3765 1757 9175
1 8140 7627 984
1 10867 12999 4506
1 2196 11430 3927
1 2250 1124 2683
1 3892 1453 1832
1 3615 2683 1124
1 13115 14696 14600
1 6531 8838 2237
1 5493 8847 14668
1 1791 1326 4912
1 1557 14582 3377
1 2306 7803 12323
1 2090 12706 2570
1 11091 5347 1547
1 14311 3150 3153
1 9599 3716 14647
1 14324 10789 14307
1 14307 10789 2197
1 12356 3172 14314
1 552 9080 6950
1 12797 2568 8479
1 6719 10064 9719
1 1246 4566 3593
1 1843 6919 6961
1 1843 5430 6919
1 1883 3150 14311
1 8792 5105 4468
1 2745 14629 13096
1 152 4061 3843
1 1698 7322 5110
1 2305 12920 13131
1 3843 4061 2799
1 173 2303 155
1 14519 2749 4362
1 6624 340 353
1 3525 144 3818
1 6411 8083 1111
1 9387 14744 5094
1 5272 1503 8194
1 5343 8083 14248
1 14321 12924 10015
1 2602 13080 9366
1 14231 14224 13998
1 14318 8331 3209
1 14092 6815 2226
1 1980 3200 7307
1 7057 8995 1416
1 1416 8995 11775
1 13546 3729 13684
1 13096 14596 11010
1 10270 8833 9080
1 1395 9080 4982
1 13097 6989 14673
1 3289 3195 5806
1 2967 6389 12541
1 8042 14205 12921
1 12921 14205 11189
1 3372 1489 5594
1 294 5786 6330
1 294 6330 307
1 14613 13224 4657
1 2430 1581 13792
1 1947 4657 13224
1 12093 11198 3704
1 14749 13058 12194
1 2753 1581 2430
1 14747 14589 13017
1 2503 7399 2504
1 7589 1302 10383
1 14484 7589 10383
1 14255 6739 1006
1 6739 14255 4126
1 765 5799 5429
1 5799 765 14530
1 2276 13145 14635
1 14635 13912 14630
1 7022 51 14342
1 51 60 14342
1 11995 3511 3099
1 11394 2284 14299
1 13382 10575 8600
1 11577 1521 9197
1 2919 13018 1669
1 2862 13018 2919
1 163 181 1505
1 10981 9731 14198
1 10656 2589 1741
1 23 35 5636
1 13746 3271 3261
1 2890 1576 5823
1 1420 5646 13563
1 1564 1674 11272
1 7541 6655 11272
1 3364 3365 882
1 8747 3803 9126
1 7 17 5842
1 6999 14497 7450
1 5842 17 5525
1 14674 1522 10825
1 3799 1407 13650
1 4627 4074 1793
1 6053 1793 4074
1 11097 8160 7797
1 4949 3312 14575
1 2651 3300 10423
1 14110 10603 11490
1 3510 5888 12985
1 2655 1559 3301
1 9227 6623 9447
1 7354 6829 1157
1 1766 10402 4382
1 11661 8587 5905
1 11775 8995 1417
1 2726 14446 14440
1 1791 3497 1326
1 1441 5669 986
1 2305 2309 9696
1 2973 9971 1832
1 7 5842 5813
1 2161 6426 3912
1 5370 3381 5930
1 3381 14205 5930
1 3560 3535 6658
1 3353 12426 14568
1 13006 3392 3352
1 5823 11172 8459
1 14281 3535 9708
1 7519 11735 14740
1 9708 3535 6683
1 1791 2890 6497
1 9449 289 283
1 4698 12434 14335
1 3571 14559 1999
1 12520 13491 12373
1 6932 14336 3121
1 1539 12520 12373
1 5196 6411 1111
1 5682 8340 13009
1 8795 12356 14314
1 13009 8660 5682
1 14248 6531 2237
1 8833 4982 9080
1 10771 5271 11398
1 14500 4982 8833
1 6919 1544 6961
1 6919 5430 1544
1 13445 3378 2501
1 6055 2854 12885
1 3636 7001 7269
1 13018 2872 1669
1 3301 14585 1488
1 13362 360 12110
1 9233 2589 1743
1 1743 2589 10149
1 926 3387 14683
1 12018 14683 1102
1 1113 12163 14682
1 35 5673 5636
1 2161 3912 2160
1 2160 4094 2161
1 10790 10638 12810
1 11702 3547 1108
1 14724 11097 4577
1 3507 1333 14660
1 7306 56 6630
1 2736 8842 7981
1 14438 3223 3183
1 14536 337 348
1 7468 9479 9139
1 5735 2037 6728
1 14312 2037 5735
1 8795 3157 9560
1 3327 62 73
1 1327 14499 7759
1 14432 14429 2752
1 14432 14424 14429
1 346 1570 7781
1 1222 2049 2048
1 72 4997 83
1 7210 14330 6542
1 72 5167 4997
1 14372 12049 6542
1 5905 1738 9730
1 3511 11455 14546
1 3717 9691 13128
1 3107 12726 9691
1 3517 9802 3288
1 2283 14296 12994
1 12994 14296 7981
1 2736 4983 11541
1 11978 4060 2810
1 2192 9162 7013
1 14377 68 77
1 4126 5343 6739
1 1595 5669 1441
1 2192 7013 7573
1 1441 13650 1595
1 14721 14342 60
1 10161 13696 3580
1 10161 5217 984
1 7768 10257 9802
1 12320 5559 3365
1 11544 3407 14645
1 1576 14530 5823
1 8560 3598 4382
1 13018 1309 11181
1 7893 3117 2854
1 3606 3834 8127
1 10471 11181 1309
1 9385 3083 552
1 1184 3329 8012
1 11724 3433 11956
1 1445 4047 11956
1 3311 14639 3743
1 3434 12119 952
1 7185 5973 9523
1 14297 7981 6315
1 14297 2736 7981
1 1530 7108 764
1 44 19 28
1 14092 9927 6815
1 3437 3904 3447
1 164 14701 3438
1 766 7734 5912
1 14484 2476 5829
1 3307 14484 5829
1 7304 3545 5370
1 2586 11422 5874
1 5874 2045 2899
1 1436 12454 13237
1 229 208 14476
1 5600 4616 10149
1 14101 14477 13810
1 4616 7586 10149
1 8444 1413 4463
1 2488 6982 2850
1 4362 12172 14520
1 14455 14517 12418
1 4210 14420 10127
1 13407 6728 2062
1 6813 11794 5617
1 9708 13009 2521
1 165 14416 14413
1 2170 2166 2174
1 3473 14721 71
1 6315 7981 14268
1 14291 14278 10212
1 14415 14422 1187
1 19 10 3364
1 14420 10280 1763
1 5 3364 10
1 45 40 54
1 3760 2037 14312
1 14415 13318 666
1 56 13802 6630
1 10455 1878 933
1 14185 14435 14437
1 2866 9398 1310
1 12957 3572 10204
1 10373 3440 5704
1 3106 1621 6342
1 1137 2283 13630
1 6719 1437 3598
1 6719 3598 1594
1 2588 9881 3265
1 5390 1149 4784
1 6840 5894 5636
1 5588 9093 14297
1 11455 14663 14546
1 1309 2167 10471
1 7322 1698 2521
1 13377 1310 2867
1 1698 13511 2521
1 14515 10743 4863
1 528 110 134
1 10901 10045 56
1 14341 13403 14344
1 4291 6374 1018
1 1018 6374 1011
1 8051 3554 7507
1 6669 12415 14371
1 3588 1971 7071
1 10761 13092 13016
1 7185 8028 3997
1 3717 2469 10396
1 10874 3861 14397
1 13 5813 23
1 10171 5986 14581
1 3347 8245 14547
1 2503 6070 3377
1 2503 1747 6070
1 8196 3207 8871
1 8051 6947 1354
1 327 340 6624
1 1791 11577 3497
1 11577 1791 6497
1 6411 3860 14248
1 3505 6520 11804
1 13494 9060 14373
1 14538 4468 7995
1 3566 7995 4468
1 8233 6106 10942
1 2592 6106 8012
1 14562 12317 4916
1 14540 7768 3517
1 3511 9129 3099
1 14538 10470 3104
1 1812 1838 3895
1 13802 10045 14373
1 13802 56 10045
1 6456 12320 1017
1 12579 11018 12102
1 13450 9935 14200
1 14284 14276 13928
1 7038 9782 6024
1 4664 9629 6766
1 2590 7317 9790
1 1665 4573 1261
1 13407 3152 5735
1 9032 3510 2839
1 5390 10475 7123
1 2168 1750 10864
1 14283 13120 14288
1 9293 12364 100
1 14645 11995 11630
1 7608 10535 2220
1 10535 9668 2220
1 47 5673 35
1 14515 9992 292
1 14515 292 10743
1 9212 14292 9057
1 4983 14297 5752
1 3019 6847 14292
1 14281 13511 8448
1 1960 2839 8712
1 12094 14658 12003
1 3161 12003 14658
1 1164 6580 14611
1 8042 5930 14205
1 6840 7645 4795
1 5430 14108 6066
1 3264 6066 14108
1 8073 14253 5565
1 7155 14366 684
1 14218 156 174
1 14218 171 3559
1 8809 12322 1548
1 11019 8119 1994
1 13295 10709 2976
1 3541 4991 5031
1 13511 14281 9708
1 12572 10009 685
1 3571 11781 3392
1 13385 11406 14550
1 11406 13385 14508
1 14565 2173 236
1 12320 3365 1017
1 24 6527 14
1 200 1038 215
1 6053 4303 1793
1 8450 7152 14518
1 1999 11781 3571
1 14663 10281 10606
1 219 14676 3333
1 2592 6342 6543
1 6873 14210 5106
1 2950 9034 2460
1 3577 3579 1406
1 3579 1602 1603
1 7627 13696 984
1 2027 1771 1444
1 1602 3579 1444
1 2436 7091 1140
1 1164 6295 11778
1 11778 6295 7230
1 11148 4394 14393
1 4891 14393 4394
1 14747 14591 12071
1 2967 13357 6389
1 4914 6389 2318
1 6896 7772 307
1 9972 14327 9475
1 7349 9131 10803
1 10803 14645 7349
1 11082 5579 6378
1 6036 14567 14564
1 3634 4782 12080
1 6683 3560 8660
1 7541 1490 6655
1 13857 14642 13965
1 2786 3579 3577
1 1309 13018 2862
1 1442 3575 1602
1 1444 1442 1602
1 3579 2786 1443
1 13625 14715 13232
1 14716 13366 1548
1 13366 8809 1548
1 3309 3312 3874
1 3606 11782 3504
1 3874 14583 3309
1 11061 3627 10131
1 1524 8008 10871
1 1576 12937 6308
1 7185 1212 12326
1 6308 12937 766
1 2209 3223 14438
1 4075 1299 10722
1 8340 9301 2521
1 5894 6618 23
1 8340 2521 13009
1 8495 1740 11994
1 14107 8495 11994
1 2378 1644 7569
1 12586 7569 1644
1 7 6618 12921
1 1948 9571 5094
1 3620 3885 12972
1 2683 3615 3891
1 14255 6620 4126
1 4126 6620 7664
1 6626 8233 10942
1 6181 7055 2853
1 1105 3634 13285
1 11702 3546 12924
1 10638 11979 11561
1 7429 2238 13374
1 3211 11979 10638
1 2069 4013 5684
1 6658 11483 3560
1 8073 5565 8085
1 8085 14315 8073
1 12628 3868 9642
1 14724 2237 9939
1 10638 10790 3211
1 766 5799 6308
1 7605 1948 14668
1 8598 7968 2800
1 5347 8669 1547
1 14286 14210 5641
1 4131 14363 754
1 4577 11097 7797
1 8842 11541 1136
1 4442 1482 14667
1 11638 1594 6912
1 7772 294 307
1 3511 6227 6198
1 3407 3104 6227
1 14408 3007 13975
1 13494 14373 14395
1 14484 7657 7589
1 6663 7657 14484
1 5786 10385 6330
1 14339 9699 14368
1 6826 11889 9908
1 2740 1521 6497
1 7022 2515 10166
1 14378 12501 12451
1 3473 7878 14721
1 8386 13928 116
1 6105 6471 4303
1 13 7 5813
1 4262 3667 12878
1 6105 4303 6053
1 3667 3685 14652
1 12052 3486 3488
1 4063 7065 9889
1 14410 14419 13656
1 6548 5311 11408
1 336 322 346
1 322 336 329
1 6728 2037 1878
1 13407 5735 6728
1 11326 3782 8286
1 14350 4359 9242
1 1135 14350 9242
1 5633 3053 9099
1 3053 2747 9099
1 1697 5626 8836
1 7784 14251 2900
1 2900 3165 7784
1 3696 14003 13988
1 6683 8660 13009
1 8532 3712 3453
1 13845 1038 3849
1 2691 13572 3818
1 10872 1429 14576
1 6559 12632 6720
1 1224 1381 12695
1 14671 11796 7478
1 11409 5030 9385
1 14559 2167 2166
1 12356 8795 1066
1 1066 8795 9560
1 6492 8315 13245
1 6492 13245 13450
1 4105 12752 12898
1 3733 3729 13546
1 13091 8189 9677
1 13546 13435 14460
1 13091 9677 1965
1 3735 3707 12084
1 11082 1472 2216
1 10731 7620 3367
1 3733 4105 12898
1 2626 766 5912
1 10797 8833 7828
1 14531 7828 8833
1 1207 3750 225
1 3750 4005 225
1 4003 4096 1208
1 1224 12695 12257
1 10901 6749 10045
1 11804 3327 8995
1 1208 12282 4003
1 3751 3750 1205
1 3750 3751 4005
1 3751 1205 3748
1 5217 1757 11270
1 5752 9093 14298
1 2064 5472 1320
1 5300 5472 2064
1 3596 2900 10623
1 9233 11543 1741
1 1665 6895 14735
1 3997 4291 3864
1 4189 7028 1852
1 14577 4949 2477
1 2660 4949 14577
1 8161 2970 6497
1 13223 14644 14111
1 7867 14644 13223
1 2477 9221 14671
1 9252 613 612
1 14310 14311 14094
1 2862 6070 8382
1 8382 1747 2167
1 2976 1833 1834
1 2895 14311 14310
1 3510 9032 3408
1 14338 7412 10496
1 3730 3809 9276
1 3520 8921 11888
1 8921 10308 11888
1 7508 889 4436
1 1011 14267 6315
1 11462 1523 1835
1 4126 5031 4991
1 219 1494 4043
1 3781 4043 1494
1 2477 14671 7478
1 7322 9301 5110
1 1791 4912 1576
1 1791 1576 2890
1 4012 7164 10055
1 4012 10055 8367
1 13579 3804 12112
1 6922 3727 13523
1 9079 1556 1715
1 6227 3104 10470
1 7314 5519 14723
1 8770 7002 3505
1 13182 4463 8235
1 3576 13182 8235
1 3505 7002 6520
1 3525 3818 13572
1 1074 3852 3817
1 10207 14338 10496
1 3715 1319 2691
1 14532 14525 768
1 213 3714 187
1 12322 4341 1548
1 8022 14371 14417
1 8022 14417 1769
1 6543 1621 9233
1 7478 8946 1302
1 23 6618 13
1 1543 13734 6345
1 7943 611 2051
1 7943 2051 12949
1 8452 62 52
1 1972 13274 3607
1 3837 12406 3604
1 3605 1970 1963
1 7071 3611 3588
1 1874 14359 6438
1 9550 12809 13825
1 11599 2095 14223
1 8762 4333 1597
1 7296 13764 1681
1 1681 2436 7296
1 13260 9186 5563
1 6420 7269 5196
1 3817 1038 159
1 2588 1992 9881
1 3849 3817 3852
1 3817 3849 1038
1 11577 9197 6105
1 6053 11577 6105
1 363 362 10385
1 3546 11702 7211
1 12529 1432 7762
1 8069 337 14536
1 8069 3098 337
1 8073 14315 1005
1 10196 13965 11525
1 10514 12572 12147
1 9212 12572 10514
1 14201 14685 14683
1 3895 10316 1812
1 14217 5010 8566
1 12632 6559 7101
1 14714 5603 12409
1 14201 14686 1403
1 14100 3785 6533
1 8303 14100 6533
1 324 290 281
1 13397 9584 14333
1 11009 11231 9422
1 10083 14478 2649
1 3876 10083 2649
1 11713 6896 316
1 6928 25 15
1 8673 8112 14674
1 1573 8112 8673
1 6928 32 25
1 14095 6556 2225
1 9685 5624 1409
1 9685 1689 5624
1 14581 13718 7934
1 8119 1850 13073
1 1850 8119 2594
1 6559 10793 7101
1 14316 7739 1006
1 3518 13793 11723
1 3607 13274 8669
1 7934 12109 3303
1 12885 2854 9348
1 3611 1547 13274
1 10318 1643 13667
1 1435 11946 8021
1 1128 14512 12514
1 14507 14512 10584
1 13639 2970 1828
1 3131 3984 11758
1 6527 6958 14
1 14 6958 6
1 1828 10630 3624
1 3884 1833 13311
1 1272 1835 11938
1 3891 1829 13639
1 1298 3284 10803
1 3885 11024 1834
1 3885 14090 11024
1 14091 3892 8945
1 14089 13597 3624
1 11485 2851 2484
1 9233 1621 11543
1 1617 11543 1621
1 11485 3422 2107
1 11722 1548 4341
1 14316 13441 7739
1 1618 1850 7659
1 13656 14419 14720
1 64 47 5477
1 4914 11803 12738
1 1112 3176 7001
1 12738 6389 4914
1 64 5477 5167
1 4088 2160 7575
1 8961 7575 2160
1 2023 1187 2020
1 2020 2786 2023
1 8770 7786 7002
1 5713 9263 14331
1 3460 14254 10455
1 9797 6329 6614
1 10196 13857 13965
1 14713 6614 13833
1 14253 1005 12499
1 13021 12499 1005
1 8720 14611 6797
1 14488 14493 14492
1 8710 8644 14563
1 8243 111 90
1 111 8243 1074
1 14539 13270 14548
1 3255 6705 11953
1 6000 2077 6168
1 1129 6548 11408
1 5196 1111 10398
1 7578 11952 3821
1 13110 10178 7434
1 3207 8116 10398
1 9715 7874 7866
1 2491 6181 2853
1 8502 2487 10344
1 11485 2484 3902
1 8452 52 5617
1 14479 14576 9784
1 9784 3303 14479
1 2626 5912 3869
1 1883 14311 2895
1 10980 34 10166
1 1883 2895 1888
1 11091 5756 5347
1 7071 3503 12322
1 10942 6106 2592
1 7076 9715 7866
1 6070 1747 8382
1 3377 2862 2919
1 1818 13916 3703
1 3703 13916 1283
1 3104 10244 14538
1 198 14437 186
1 4382 7845 1766
1 9708 6683 13009
1 13382 7491 8979
1 2414 3951 1487
1 2413 2414 1487
1 305 324 298
1 317 324 305
1 324 287 298
1 3895 13258 8124
1 14587 11760 14583
1 3636 7269 6420
1 10636 1674 1564
1 7501 1503 5272
1 14318 2608 8331
1 3210 8331 2608
1 11097 14096 8160
1 1261 9280 848
1 8160 14096 5579
1 14232 9340 14240
1 14232 14240 13764
1 2223 14392 10370
1 14399 3437 3958
1 6520 32 52
1 7866 14574 7076
1 5617 52 32
1 9327 10942 2592
1 2592 6543 9327
1 10755 5126 14392
1 8119 8884 1994
1 3958 3437 3913
1 5336 10633 3314
1 11214 13494 14390
1 5390 7123 1149
1 10730 7123 9230
1 3081 10012 6712
1 14107 11939 8495
1 14467 14438 3183
1 2852 7055 2490
1 14467 3183 5928
1 8448 1698 3443
1 1698 8448 13511
1 14632 7944 3256
1 10760 9891 13826
1 14531 7225 7828
1 3876 14582 9951
1 14717 3831 8593
1 8593 14273 14717
1 9261 14317 4094
1 6770 12126 3081
1 2591 10018 3264
1 2591 4189 10018
1 6624 313 327
1 1512 22 30
1 3636 6420 10672
1 9859 13411 3990
1 3329 1857 3983
1 1814 5343 14248
1 14079 3185 14439
1 199 186 2211
1 14179 5928 10780
1 10113 3804 2180
1 1561 11801 7590
1 3443 9699 14339
1 14580 11630 1297
1 3603 1408 6307
1 14645 11630 7349
1 11630 14580 7349
1 2795 3603 6307
1 2414 137 152
1 152 137 4061
1 4100 8204 11645
1 1320 1551 10778
1 12889 3270 1845
1 4003 3686 3685
1 4001 9741 1043
1 3686 12749 4004
1 3206 13374 6756
1 2157 9316 5713
1 2157 5713 14331
1 3874 2660 10263
1 1566 10263 6663
1 14577 6663 10263
1 12643 2290 9910
1 14008 13830 14376
1 4004 611 7943
1 6897 277 13638
1 256 277 6897
1 8083 6411 14248
1 8599 13638 3832
1 13638 9361 3832
1 13797 3432 7687
1 14637 3310 7687
1 848 770 6770
1 9643 5718 8487
1 8487 5718 8194
1 8495 9844 1740
1 2585 3781 2045
1 2587 4043 2585
1 2853 7055 2844
1 4092 8724 14318
1 3781 2585 4043
1 2587 2507 4043
1 7225 12771 1328
1 7225 14529 12771
1 14638 14607 13533
1 6982 8980 3126
1 1738 12762 8233
1 67 6982 76
1 14566 12938 14545
1 9394 9346 6953
1 3454 6533 14518
1 4057 14608 11743
1 2839 8615 12496
1 14644 12496 8733
1 4054 1348 1347
1 1348 4054 13840
1 6953 9346 13965
1 1563 11039 3306
1 7482 14181 11552
1 5646 2804 4060
1 7416 2899 3781
1 2899 2045 3781
1 5262 2899 7416
1 12667 2622 3693
1 4068 2032 2030
1 2030 2506 165
1 8107 11636 13760
1 6840 4795 7304
1 637 1262 13425
1 2795 8560 4382
1 8560 2795 6307
1 7183 1503 7501
1 7183 11155 8274
1 2861 11155 7501
1 2166 1747 7280
1 12221 12618 3250
1 7692 8293 1102
1 14207 7692 1102
1 11734 14291 6847
1 14389 14372 5997
1 1538 2748 2747
1 2747 3053 8213
1 9857 3267 5905
1 1590 2818 8704
1 1395 13414 9080
1 10316 3617 1812
1 7407 10164 14259
1 13625 7786 8770
1 14259 1600 7407
1 3126 7079 10026
1 12296 7659 1880
1 4945 7723 6826
1 4945 5633 7723
1 14497 6498 7450
1 3699 14186 1089
1 10062 1162 3454
1 3454 14518 10062
1 7071 1971 3503
1 13403 12597 14344
1 2973 1832 2974
1 6999 2973 2974
1 14196 605 3271
1 194 180 184
1 180 142 184
1 184 216 194
1 1437 2029 9157
1 1767 9157 2029
1 14363 2914 2917
1 2914 14731 2917
1 3011 14381 8276
1 336 346 7781
1 14319 12466 7769
1 14208 14202 14207
1 1102 14208 14207
1 3656 12830 7587
1 14109 9730 6626
1 3982 11195 6488
1 14538 7995 3350
1 11513 2089 2299
1 3566 3350 7995
1 11513 2574 2089
1 12466 14319 9725
1 11062 7520 3458
1 8582 14428 149
1 14730 14355 14358
1 14355 885 14358
1 1040 4097 3752
1 1054 10322 3863
1 1054 12827 10322
1 8431 7369 14375
1 3152 10250 9863
1 7813 14349 8351
1 4891 8431 14375
1 11695 3841 754
1 14095 3152 9863
1 7817 3434 952
1 1224 10835 1381
1 11091 1547 13366
1 1638 14468 12371
1 9362 13425 3085
1 6295 1164 14611
1 1549 4341 2818
1 3398 8710 1997
1 552 6950 9385
1 10554 10113 2180
1 13948 1404 11411
1 2476 6281 14483
1 6281 2476 1301
1 13429 3998 8752
1 14294 13429 8752
1 322 364 355
1 355 346 322
1 14219 10384 14209
1 6989 4732 6181
1 2159 11372 7305
1 2977 2515 7022
1 2977 7022 14342
1 13331 613 9252
1 9252 2878 13331
1 12818 1112 7001
1 12810 12540 6793
1 4784 7468 13822
1 9927 3449 11156
1 1615 10697 8782
1 7557 2895 14310
1 14482 12436 4075
1 2486 11600 7231
1 9148 1874 1858
1 23 5813 35
1 6295 956 7230
1 8720 6295 14611
1 8204 4100 12478
1 8762 1597 989
1 5965 10466 1620
1 2488 6025 6982
1 6989 1251 14673
1 1599 10205 9852
1 9730 1738 6626
1 9972 8234 1213
1 10854 12942 2885
1 7061 3543 13819
1 10835 1224 10854
1 3510 3408 8305
1 14682 7061 13819
1 10965 3291 6024
1 7038 6024 4015
1 3737 8387 14462
1 4096 4003 3685
1 10804 1049 14172
1 13236 10365 255
1 1435 12586 3430
1 1435 8021 12586
1 7012 6578 13162
1 272 8812 9672
1 3690 10220 1424
1 7354 10006 9010
1 4945 9592 9248
1 7786 25 32
1 7786 32 7002
1 3734 11915 4099
1 2174 2166 13801
1 14406 2917 9792
1 7924 3140 7557
1 6383 9572 14259
1 8450 3785 10821
1 6533 3785 8450
1 1835 837 11462
1 7042 13464 14574
1 7042 7866 14625
1 108 14098 129
1 2490 7055 6181
1 10172 14098 108
1 7063 3575 1409
1 7063 1409 5624
1 7886 1590 3504
1 13969 2875 733
1 13969 733 8115
1 1200 1419 10146
1 14040 8000 1377
1 11732 2880 8000
1 1610 6797 8695
1 9264 14544 3195
1 3289 9264 3195
1 3694 11711 7177
1 4051 13033 6578
1 2226 6426 14400
1 2161 14400 6426
1 14368 6168 866
1 14547 14548 3354
1 11251 12062 3681
1 10149 7586 1743
1 14207 1114 7692
1 5219 1521 1831
1 5219 13258 9197
1 3504 8896 3606
1 87 14377 77
1 3504 1969 8896
1 14744 8899 347
1 1468 13554 8912
1 356 347 8899
1 1405 12119 8900
1 9165 1405 8900
1 13546 3725 13523
1 45 29 40
1 13523 1930 13546
1 1680 2290 12643
1 7432 2800 1196
1 7432 12785 8499
1 12886 14656 3124
1 3520 2103 8921
1 3465 8812 272
1 11184 1781 6797
1 7131 8451 12326
1 7514 7091 2436
1 1681 7514 2436
1 8451 7185 12326
1 12522 3216 1051
1 12433 12548 9589
1 9470 12883 14555
1 6498 14497 6563
1 12373 13491 8082
1 12723 14634 14632
1 1600 13703 10810
1 308 295 2458
1 8954 602 2752
1 14433 8954 2752
1 3638 7692 1114
1 11953 115 926
1 970 13479 964
1 12316 9198 2394
1 5465 14406 9792
1 1874 6438 14324
1 1843 13368 14108
1 10486 3694 10740
1 8732 7087 3008
1 1860 4436 8413
1 8727 13192 3743
1 11642 1047 7689
1 13532 3727 6922
1 1017 14237 6456
1 6378 4948 12513
1 8413 4436 2485
1 6829 8450 1157
1 1543 8770 3505
1 3736 11913 8601
1 7265 1878 2037
1 8601 9126 3736
1 3752 8139 612
1 14422 1769 1187
1 7175 14583 11760
1 3309 14583 7175
1 3328 3134 13131
1 7713 3802 10554
1 8669 13274 1547
1 11600 3903 11672
1 5932 11672 3903
1 2062 6728 7710
1 13661 14692 10505
1 1344 14455 12039
1 13663 10216 587
1 5304 12261 3555
1 14655 13679 4314
1 13772 13431 2417
1 587 10216 13372
1 14097 9668 10535
1 7716 62 3327
1 52 62 7716
1 7590 11801 3370
1 14695 7681 12387
1 12387 7627 12610
1 3740 8178 3749
1 8178 3740 10113
1 7317 2590 11875
1 14666 280 9992
1 3117 7519 10885
1 13764 14272 1681
1 12937 7734 766
1 12726 14542 13359
1 1847 14107 6502
1 2819 1847 6502
1 7739 13441 13245
1 3566 5105 14561
1 7739 13245 8315
1 7746 552 3083
1 13097 14673 1139
1 14531 10270 7746
1 13226 8102 14584
1 5304 11595 12456
1 9762 1163 3464
1 14712 9762 3464
1 8017 8971 180
1 11646 8017 180
1 10833 14436 6696
1 3419 3923 8228
1 13274 3588 3611
1 8228 14349 3419
1 7651 2490 4732
1 7772 3690 294
1 3524 7278 13049
1 11049 593 13477
1 2948 593 11049
1 13625 25 7786
1 2844 7055 9087
1 4004 3680 3686
1 8377 3173 11017
1 6739 7797 1006
1 14190 10902 14193
1 1918 14500 12864
1 12864 11890 1918
1 7797 8160 1006
1 9852 988 9103
1 2114 9103 988
1 10956 14085 13976
1 26 45 34
1 8276 2766 3011
1 10890 8281 14634
1 2270 10890 14634
1 96 13143 12601
1 528 7524 13292
1 9162 8286 3782
1 3034 14363 13505
1 2206 702 2612
1 3650 10276 8304
1 10591 2861 5899
1 10417 10296 2557
1 14394 8961 3449
1 10127 10020 9144
1 3479 10127 9144
1 9788 14380 10282
1 14357 9788 10282
1 10695 7777 11029
1 7777 10103 11029
1 7307 14331 9263
1 3157 8795 10153
1 37 44 28
1 11972 10374 3105
1 3408 7867 13223
1 1404 4104 11453
1 8988 6471 6105
1 9501 4393 10760
1 2818 1590 7886
1 4393 9501 12444
1 8339 14406 5465
1 8339 5465 11143
1 9926 14210 6873
1 9926 5641 14210
1 11794 62 8452
1 3837 3604 12851
1 13505 14363 2917
1 13029 7641 3832
1 8107 2988 11636
1 3485 8351 3421
1 8476 7335 8256
1 11456 3311 6269
1 5718 5272 8194
1 6813 6527 50
1 9208 9529 1570
1 2659 13226 1562
1 12290 14624 12598
1 2875 8824 2052
1 8824 1208 2052
1 11050 9518 14584
1 5203 5307 10674
1 8243 90 10319
1 3912 6426 6815
1 2056 4165 12739
1 11037 3250 11996
1 14181 10590 12655
1 11754 5461 13831
1 1430 3876 9951
1 2417 12379 14093
1 7979 1846 14247
1 3721 14302 2723
1 2196 14302 3721
1 8387 3594 14462
1 8124 13258 5219
1 14657 3593 4566
1 2838 14591 11603
1 2838 12071 14591
1 8391 3679 3751
1 8391 3751 3748
1 356 9208 1570
1 356 8899 9208
1 12218 6844 3350
1 14560 6844 12218
1 11642 7689 2790
1 3367 9216 14690
1 34 45 51
1 7620 9216 3367
1 1113 6793 12540
1 14526 769 9883
1 10316 3895 8347
1 14636 12639 11836
1 14636 11836 1726
1 12845 9205 10879
1 13385 12998 14508
1 2673 14508 12998
1 6712 1484 10201
1 8347 8124 12505
1 13081 5106 5624
1 4073 1936 3124
1 10207 2844 14338
1 2853 2844 10207
1 8264 9214 14738
1 1430 14481 13464
1 11794 84 85
1 73 11794 85
1 10473 7399 14582
1 11695 754 14363
1 10473 2504 7399
1 6351 1327 7759
1 10602 7987 12449
1 12449 7987 1017
1 3466 11845 10744
1 14296 7997 14268
1 48 3721 10745
1 48 33 3721
1 1210 5488 12073
1 7997 3383 14268
1 10006 3544 14180
1 14180 3095 10006
1 9034 3544 10006
1 3544 9034 8368
1 3327 73 1417
1 6307 11658 1594
1 3210 6793 10846
1 3735 4134 8156
1 12084 4134 3735
1 9883 6498 14526
1 10771 7416 1494
1 14085 14627 8470
1 6630 4069 14330
1 8018 7001 3636
1 733 3001 8617
1 14291 11734 14278
1 2006 8486 2016
1 1627 8486 2006
1 2419 1062 2232
1 3151 1062 2419
1 8220 1918 7439
1 7439 13357 2967
1 3148 9191 13321
1 9672 2395 10657
1 3151 7314 3760
1 3903 2487 8502
1 7450 6498 14496
1 12332 14712 3790
1 9010 12332 3790
1 3008 7087 12989
1 7070 1842 1691
1 12989 7087 749
1 3076 2924 10611
1 7618 2875 13969
1 7817 952 14605
1 2239 4105 8156
1 3735 8156 4105
1 6962 1199 11696
1 6962 11696 2808
1 13086 12997 12984
1 3117 10885 2854
1 8528 13086 9135
1 8774 8528 9135
1 8673 14674 7275
1 14674 10825 7275
1 837 7474 14513
1 12110 14618 13362
1 8532 2462 9127
1 13382 8979 10575
1 11869 4442 3058
1 11869 3058 10584
1 1147 10643 9685
1 609 12841 12136
1 609 12136 4001
1 287 324 281
1 8023 6983 10488
1 357 350 622
1 3740 11900 2083
1 12067 3721 33
1 11721 3898 7748
1 12072 1446 3747
1 1691 2595 7070
1 1703 1702 7245
1 4100 13326 8990
1 8264 216 9214
1 2543 10174 11576
1 2543 2394 10174
1 13029 3832 7143
1 6953 14642 9394
1 3832 13554 7143
1 3832 9106 13554
1 11555 1549 11782
1 14224 12968 10283
1 324 349 359
1 3151 3760 1062
1 10676 14540 10204
1 10915 13454 12249
1 5307 5280 10674
1 301 311 11297
1 341 14744 347
1 10161 984 13696
1 7419 6983 4000
1 3703 1283 1803
1 4678 10821 3785
1 7507 8235 4463
1 2820 14628 13983
1 13983 12584 2820
1 7357 8571 3803
1 4134 3803 8571
1 9332 1617 3138
1 1617 9332 11543
1 196 14687 170
1 10846 3209 9345
1 9345 3209 8331
1 10344 8774 2849
1 13083 2936 11860
1 2177 8601 3801
1 8116 3207 13397
1 7528 1035 4000
1 2725 3256 14573
1 7944 14573 3256
1 8124 5219 1831
1 12786 13871 2858
1 7357 8156 8571
1 8124 1831 12505
1 9049 14649 12478
1 4100 9049 12478
1 10835 734 12618
1 12618 734 3965
1 14303 7508 1860
1 7508 4436 1860
1 5894 6840 7304
1 1489 2864 7541
1 2838 14589 12071
1 14577 7478 7589
1 5806 9715 3289
1 1591 11282 12036
1 11867 7101 4063
1 11867 12632 7101
1 8194 1503 12911
1 12962 1373 14074
1 54 65 45
1 14622 4130 10554
1 4130 14622 10537
1 11661 8170 8587
1 1738 8170 12762
1 2838 12211 14174
1 2307 11758 8884
1 1051 14174 12211
1 134 8642 865
1 3447 14093 12379
1 8814 9371 2304
1 255 12339 8701
1 2098 1628 9431
1 9225 1417 7795
1 1084 2098 9431
1 3478 4726 7930
1 1046 301 289
1 9449 14171 1046
1 84 7795 85
1 2223 14095 11070
1 1042 8990 11616
1 249 231 11311
1 8116 6420 10398
1 5267 4000 10647
1 10647 4000 1035
1 1420 6470 5646
1 137 2414 9259
1 678 9358 14550
1 13980 2799 4061
1 13980 4061 121
1 1857 2308 9418
1 5997 14372 9060
1 6559 3331 3132
1 737 3193 234
1 14535 14697 12940
1 9866 14448 14535
1 5311 7605 3071
1 5494 7605 5311
1 6728 1878 7710
1 6745 11461 4396
1 12444 9501 14461
1 289 9449 1046
1 8680 9467 14461
1 6626 1738 8233
1 11995 14645 3407
1 1633 14652 14651
1 3407 6227 11995
1 7981 8842 12994
1 7183 1258 1503
1 1258 7183 2411
1 1627 3922 8486
1 3561 13254 6383
1 12616 2925 8361
1 12759 1454 7038
1 7867 9032 12496
1 2839 12496 9032
1 7768 6579 10257
1 13436 1648 971
1 1648 13436 13473
1 12763 7590 3370
1 2571 12518 1623
1 2571 14225 12518
1 1574 1795 14498
1 2513 11720 14180
1 9205 3952 3499
1 573 11324 7213
1 14406 7213 11324
1 13 6618 7
1 12526 2005 9550
1 10695 12526 9550
1 7013 9162 5262
1 11297 311 321
1 1561 7590 11254
1 14280 8340 5682
1 13448 11657 1640
1 5682 8660 14280
1 13343 8699 13779
1 11794 73 62
1 7648 11254 2658
1 7648 9131 14580
1 14573 9004 2725
1 3414 7651 14346
1 10591 9908 11889
1 14397 14392 5126
1 8748 11545 2190
1 6 6958 15
1 6958 6928 15
1 10227 14570 3258
1 10227 10818 14570
1 1735 10818 1734
1 10270 552 7746
1 1838 11518 6471
1 245 14738 9214
1 8318 2803 7065
1 9889 7065 2803
1 125 3990 13411
1 2302 3990 2303
1 1562 9518 5500
1 11050 5500 9518
1 6142 8952 13294
1 1835 13294 8952
1 10771 11398 7416
1 2659 9420 14482
1 2571 13216 14708
1 10954 3090 11799
1 10336 3191 14549
1 236 258 1494
1 3249 3001 868
1 12901 868 3001
1 12070 9794 1020
1 2501 2169 10409
1 4784 1149 7468
1 4499 8773 3670
1 9084 8773 4499
1 14417 14371 12415
1 3356 1496 9162
1 12152 5271 10771
1 7687 3310 1432
1 3779 3789 8491
1 3789 12915 8491
1 6248 10468 1737
1 9 11430 21
1 7739 8315 1006
1 14255 1006 8315
1 14351 1136 11541
1 2736 11541 8842
1 13304 848 8594
1 8305 3409 5888
1 2124 2024 9103
1 14724 4577 1814
1 14674 14497 12230
1 9362 1530 14745
1 3398 3514 8710
1 14745 853 9362
1 988 7706 2116
1 14320 3194 7306
1 7306 6630 14320
1 10023 3761 5704
1 5732 14074 1714
1 1066 9560 10439
1 8697 10439 4394
1 3593 14619 3591
1 13326 4100 1211
1 10316 8347 3615
1 3615 8347 12505
1 13943 14681 13999
1 10417 3016 10296
1 10234 241 259
1 8437 3413 2106
1 9887 12743 3457
1 12743 9887 13557
1 1299 14110 11490
1 14305 1279 12417
1 11726 12417 1279
1 8704 8808 3503
1 12322 3503 8808
1 14604 4499 13249
1 12579 9686 5237
1 12579 8966 9686
1 1356 140 156
1 2789 9175 2798
1 8221 2798 9175
1 313 6624 308
1 3798 8491 12915
1 3798 8830 13618
1 2090 12231 9638
1 1700 2524 10179
1 682 1700 10179
1 11796 3412 8946
1 1433 8727 12465
1 2244 2241 11962
1 2258 14553 9580
1 2258 9580 1133
1 2725 9004 11769
1 12884 14395 14373
1 3331 6559 6720
1 2520 14395 12884
1 13902 3298 6195
1 995 11513 10892
1 1665 8148 4573
1 14733 13041 14322
1 1280 13041 14733
1 685 862 7750
1 12136 288 299
1 12147 7750 9683
1 309 328 9741
1 4339 9282 14591
1 11603 14591 9282
1 11441 354 8927
1 365 8927 354
1 12074 1929 10114
1 1929 2083 10114
1 5588 7987 10602
1 4341 1549 7463
1 13208 14177 4084
1 13208 4177 14177
1 14540 10676 7768
1 1114 14207 12175
1 9529 13142 1570
1 2924 2762 8893
1 6630 14330 14320
1 2862 8382 1309
1 1309 8382 2167
1 1643 10318 14022
1 2196 11798 14302
1 13236 10234 10675
1 13236 10675 10309
1 1356 8386 140
1 10309 13193 10365
1 8256 14367 8476
1 3480 862 7779
1 685 7779 862
1 1886 13021 2062
1 2184 14302 11798
1 1084 4139 2098
1 1084 14193 4139
1 4698 9972 12434
1 2270 2269 2726
1 14634 2269 2270
1 14448 11769 14535
1 14535 11769 12051
1 10103 3010 3011
1 3010 14381 3011
1 3869 5912 9563
1 5912 7734 9563
1 7155 8476 14367
1 3479 7155 14367
1 3931 14617 8926
1 8926 14617 3591
1 622 8927 365
1 13252 1524 8005
1 10884 2637 9944
1 10884 2948 2637
1 1524 13252 5707
1 5208 14271 7997
1 11806 14658 14614
1 14614 14658 11911
1 1005 14315 12424
1 4470 10894 8940
1 5813 5477 35
1 10909 3034 573
1 10078 3034 10909
1 12889 11555 14247
1 7101 8189 12213
1 5843 1857 1184
1 14294 12710 14020
1 14294 1454 12759
1 14220 11496 13420
1 14343 1701 12703
1 12001 2937 12164
1 12945 1766 7845
1 5411 866 7930
1 11589 14535 12051
1 12670 14697 14535
1 1413 8444 3580
1 12781 14495 14533
1 8444 10161 3580
1 8221 9175 13803
1 3767 2098 4139
1 3767 12631 2098
1 14281 8448 2522
1 13483 14512 14090
1 7131 5973 8451
1 5973 7185 8451
1 7882 239 5928
1 2977 9256 8836
1 7882 5271 12152
1 2612 13492 528
1 3473 88 7489
1 7541 2864 11532
1 4916 9082 11532
1 3378 2865 2501
1 14535 12940 9866
1 309 325 328
1 325 335 328
1 325 344 335
1 354 344 325
1 9687 1226 3743
1 2613 1226 9687
1 1734 9549 14442
1 2496 14442 9549
1 8838 945 9191
1 9642 13286 14203
1 10163 4165 2056
1 12864 14500 8005
1 8005 11890 12864
1 12387 7681 7627
1 6070 2862 3377
1 11050 2868 1670
1 10005 130 112
1 10600 10005 112
1 2937 3833 3673
1 14594 8997 14062
1 2828 8997 14594
1 4470 8940 12321
1 8999 2572 2938
1 14613 12003 11309
1 14613 11309 1248
1 2924 2572 8999
1 7904 911 14556
1 8697 1066 10439
1 11798 3927 10589
1 3927 14188 10589
1 11201 12657 14614
1 14614 3881 11201
1 956 8720 339
1 14598 10925 9047
1 7557 14310 7924
1 7886 1549 2818
1 11399 14598 9047
1 1215 13138 11275
1 10692 7608 2220
1 10005 13061 130
1 4177 9282 9031
1 9031 9282 14749
1 866 14418 7930
1 3937 10097 14192
1 14220 13420 1819
1 1936 14598 14593
1 365 325 357
1 354 325 365
1 14193 10902 1807
1 1807 10902 12747
1 3454 8303 6533
1 8303 3454 7230
1 11254 12763 8102
1 322 356 364
1 4470 13050 10894
1 11589 12670 14535
1 1997 5105 8792
1 9040 3763 11589
1 9040 11589 2902
1 12066 14486 10082
1 14604 14486 12066
1 2822 4177 9031
1 5823 14530 11172
1 2659 1562 9420
1 203 11573 189
1 1947 1249 4657
1 13114 4657 1249
1 7795 1417 73
1 2133 14602 9729
1 14602 2133 11174
1 14320 14330 7942
1 2496 9549 12297
1 14720 5793 6646
1 12297 3918 2496
1 11673 11456 6269
1 1249 12207 3127
1 14630 1171 14635
1 11340 14635 1171
1 1944 14590 12050
1 14590 13104 12050
1 11801 13718 14581
1 2169 2865 9403
1 14557 2169 9403
1 9327 6543 1743
1 14290 14215 13284
1 6520 52 7716
1 6168 14414 6473
1 9004 14704 12993
1 14704 9004 11037
1 2651 10423 1428
1 7108 1530 12736
1 14242 176 2067
1 176 14242 14233
1 3058 4442 14667
1 7468 1149 8360
1 14255 8315 6492
1 14199 10455 933
1 1685 10221 14265
1 8288 7999 4014
1 7651 4732 13268
1 7280 1747 2503
1 6624 363 10385
1 9857 3814 3267
1 8587 1738 5905
1 8587 8170 1738
1 13595 14380 9788
1 2860 3924 3413
1 4577 5343 1814
1 3121 2860 8496
1 3413 8496 2860
1 11728 11661 3267
1 10257 8441 1301
1 11728 2593 11661
1 10257 6579 8441
1 12753 13414 1395
1 1691 1737 10468
1 8082 8599 7641
1 8005 10797 13252
1 3289 8615 9264
1 6669 14370 12415
1 7245 14370 6669
1 9738 14397 3861
1 7519 10496 11735
1 2840 9449 283
1 7999 14740 11735
1 3992 10749 3129
1 12934 10749 3992
1 7677 11491 2944
1 1481 678 6452
1 13932 11359 10529
1 14623 11642 2790
1 1886 14254 12499
1 13345 12499 14254
1 2220 8095 2226
1 3140 8095 2220
1 3768 196 170
1 3768 170 2408
1 7584 2898 12225
1 9205 7584 8155
1 7608 3441 7305
1 3952 9205 8155
1 986 2789 8736
1 324 358 348
1 337 324 348
1 324 337 330
1 1441 986 8736
1 6813 5617 6928
1 2397 14353 10991
1 5411 13571 14339
1 9855 11325 13348
1 11325 9855 7728
1 14720 14419 11213
1 9857 5905 9730
1 54 40 8140
1 12610 7627 8140
1 8196 8871 13080
1 10282 14380 14354
1 14354 2398 10282
1 3085 1262 12895
1 10178 9859 3990
1 13504 9859 10178
1 13969 8115 12784
1 9420 6422 3306
1 5967 8669 5347
1 322 302 292
1 5608 8218 4863
1 329 314 322
1 314 302 322
1 14715 8770 1543
1 14715 13625 8770
1 10244 3104 11864
1 6797 13822 8695
1 8695 7468 9139
1 8176 14496 6471
1 8704 12874 1590
1 11518 8176 6471
1 7762 10717 12527
1 9855 14184 7728
1 1310 9398 14105
1 1883 1888 1003
1 14386 12613 9633
1 9719 1409 3575
1 3869 10512 1263
1 9563 10512 3869
1 6351 12524 1328
1 2408 2411 3768
1 2411 2408 1258
1 7874 14625 7866
1 136 3913 2222
1 28 19 8208
1 2809 8597 1419
1 8213 3053 2739
1 5752 14298 2282
1 1963 8597 2809
1 2863 1750 12208
1 11320 12052 11611
1 1750 2168 12208
1 8218 5608 14514
1 1098 11370 9868
1 5237 9868 11370
1 11251 1096 12062
1 198 2648 2655
1 14199 3460 10455
1 10871 8008 7106
1 9899 14239 2292
1 2292 2279 9899
1 1744 11875 2590
1 8233 12762 6106
1 1767 3945 7845
1 6106 12762 8012
1 1213 8234 4013
1 1149 7123 10730
1 9865 3568 14663
1 9865 14663 11455
1 6749 9152 12884
1 3347 3351 8245
1 14543 8245 12905
1 5563 10223 1416
1 14400 2161 4870
1 8733 12496 8615
1 3984 3330 8884
1 9715 8733 3289
1 5894 8042 6618
1 6826 9908 5899
1 10591 5899 9908
1 3080 10977 10915
1 2290 1015 9910
1 10153 14314 9935
1 9935 14314 3596
1 3576 1441 8736
1 8051 10498 3554
1 7832 2952 13372
1 8756 14555 12883
1 12753 1918 8220
1 1697 8836 14340
1 322 296 303
1 979 8288 2213
1 8288 2070 2213
1 14109 8753 9857
1 14109 11091 8753
1 3200 3547 11702
1 54 8140 8296
1 1884 1003 14684
1 10157 54 8296
1 3992 3181 3134
1 3328 3992 3134
1 3422 166 138
1 3422 3902 166
1 10603 14110 8299
1 14110 7219 8299
1 13073 1850 1618
1 65 78 45
1 14372 6542 4069
1 1129 3071 10464
1 9914 7620 1308
1 13480 1405 13051
1 13098 9165 1644
1 6928 5617 32
1 1973 3608 8318
1 6497 1521 11577
1 7275 2976 10709
1 4012 1213 12469
1 10404 6705 3255
1 10404 3255 11979
1 14395 2520 13398
1 6527 6813 6958
1 3329 3106 8012
1 2592 8012 6342
1 3274 3099 3409
1 3099 3274 1297
1 9243 11189 14252
1 6342 1621 6543
1 14394 7575 8961
1 11141 8782 1690
1 11034 14382 12115
1 8732 14382 11034
1 3400 9656 13526
1 7710 1878 10455
1 3225 9843 3119
1 1960 3392 14544
1 14544 9264 1960
1 8808 2818 4341
1 13268 13795 14346
1 10497 3426 5300
1 3426 10497 3520
1 3611 7071 8809
1 5713 9316 14397
1 11930 12654 1739
1 14581 7934 10171
1 870 12221 7944
1 10471 2167 14559
1 14332 4092 14318
1 3209 10846 3543
1 8566 3535 3659
1 2626 1263 13171
1 6911 14563 2172
1 6658 3535 8566
1 1496 8286 9162
1 14112 14182 11200
1 1096 13011 727
1 7641 8599 3832
1 245 6195 14738
1 13770 12945 3480
1 4623 13770 14366
1 14511 11901 7973
1 47 10901 5673
1 10901 47 6749
1 11231 7177 9422
1 4012 12469 6404
1 6404 2069 7300
1 12229 1530 1525
1 4062 1198 11523
1 323 315 5493
1 5493 315 8847
1 2486 3123 11600
1 51 45 60
1 9049 12113 14649
1 4097 4004 7943
1 13203 9889 1420
1 9889 2803 1420
1 8842 1136 12994
1 2378 7940 12395
1 3016 10915 2835
1 9106 3832 9361
1 11337 6407 14206
1 2800 7432 11824
1 2124 14418 6473
1 43 2089 38
1 14418 866 6473
1 14568 14565 3353
1 12306 14529 3083
1 13408 10349 1142
1 13448 1640 11673
1 3478 8354 4726
1 9198 12754 2394
1 10174 2394 12754
1 14529 7746 3083
1 3207 10398 8871
1 3895 8124 8347
1 3413 8437 8496
1 1430 14478 10083
1 3876 1430 10083
1 1689 13081 5624
1 14212 13081 1689
1 13666 1665 1261
1 7803 12560 8019
1 11219 2461 11835
1 3708 11835 2461
1 72 83 8888
1 12643 9910 13907
1 2520 8888 83
1 14717 13907 9910
1 8218 910 14515
1 13420 10097 1819
1 13131 3134 2305
1 14611 11184 6797
1 240 218 8912
1 8121 9967 1601
1 14211 8731 13399
1 13752 989 1597
1 2962 8292 6349
1 8292 2962 7820
1 8704 2818 8808
1 10488 11200 8023
1 1203 3131 8540
1 14334 3960 12433
1 39 2282 14298
1 6308 5799 14530
1 8102 2658 11254
1 8733 8615 3289
1 2107 3421 3923
1 2107 3923 2849
1 11061 10131 3616
1 9485 3616 10131
1 14259 9572 4333
1 11893 14287 14209
1 1164 11778 1162
1 7893 2854 6055
1 6066 3264 11785
1 2461 10910 9748
1 986 5669 2113
1 8126 1684 12932
1 8126 12932 3491
1 727 8582 12277
1 3300 14690 9907
1 8208 19 8607
1 14510 14506 9102
1 8607 19 3364
1 5532 10764 10173
1 3639 11820 1096
1 8512 10353 11079
1 5519 9243 14252
1 14722 8405 14055
1 14722 12520 8405
1 3051 9643 8487
1 12024 8146 7878
1 27 38 2089
1 14391 7291 7612
1 4134 8571 8156
1 12925 14667 1482
1 14251 5565 13286
1 14292 14212 9922
1 14212 14292 6847
1 2058 4300 12986
1 2919 1557 3377
1 5563 9186 7968
1 163 146 3261
1 6624 295 308
1 7267 1251 6055
1 8530 1251 7267
1 11433 1490 10017
1 3656 11141 1690
1 1178 1990 10186
1 1178 10186 7587
1 14562 9213 8644
1 11980 8189 1204
1 14206 1109 13064
1 13450 14206 13064
1 11922 14459 14465
1 49 44 37
1 2076 14465 14459
1 1838 6471 8988
1 13522 1228 1159
1 13684 3729 2240
1 727 12277 1096
1 13478 3458 9645
1 1669 2872 5986
1 9645 14099 13478
1 1669 5986 10171
1 3370 9769 12763
1 9230 7123 10475
1 3576 3799 13650
1 6652 9230 1425
1 9293 3518 11723
1 11723 12364 9293
1 13980 121 100
1 8330 14712 12332
1 7878 8146 863
1 13658 13980 100
1 14429 2692 14433
1 13422 2692 14429
1 1701 14278 11734
1 9371 10661 2304
1 4713 14328 14336
1 9281 13638 13491
1 1256 14718 220
1 9642 1108 3547
1 7586 9327 1743
1 234 273 2383
1 7353 9559 1051
1 14174 1051 9559
1 13608 3206 6756
1 8018 3636 10672
1 1557 9951 14582
1 13793 3518 2415
1 8502 10344 3923
1 12543 13750 14334
1 3419 8502 3923
1 12162 3216 14641
1 3526 8017 11646
1 3216 12162 1051
1 12713 8146 14412
1 11091 13366 8753
1 6932 4713 14336
1 1149 10730 1424
1 1149 1424 8360
1 2790 1206 14623
1 13965 3809 11525
1 3572 3351 6640
1 11525 3809 13532
1 59 68 14350
1 9544 3532 8932
1 8751 3111 8291
1 1842 1693 1691
1 12904 12957 14540
1 356 322 347
1 7710 14254 1886
1 3507 13054 1333
1 2808 1970 12662
1 9243 5519 8302
1 2756 3383 14271
1 9162 3782 10940
1 2756 1018 3383
1 12256 14213 6172
1 12937 1534 7734
1 2218 3915 11588
1 1005 14253 8073
1 8795 14314 10153
1 11364 3875 8778
1 9715 7076 8733
1 2775 12989 13685
1 5042 11406 14508
1 324 342 349
1 9106 8912 13554
1 13811 6712 856
1 3081 6712 13811
1 10296 2835 2557
1 10296 3016 2835
1 10643 1689 9685
1 14462 8304 10276
1 11638 6912 1147
1 3997 8028 6456
1 10755 5867 5126
1 3804 13579 12605
1 13851 2635 12031
1 13656 1767 14410
1 1767 2029 14410
1 14515 4863 8218
1 1446 14640 1449
1 3747 1446 1449
1 8302 3151 11811
1 2304 10661 11400
1 10303 1845 12512
1 234 221 737
1 14424 140 9079
1 14571 1729 2272
1 13790 14444 2272
1 9259 11431 3518
1 11431 2414 2413
1 1563 7428 11039
1 1588 2806 10444
1 9802 1301 3288
1 8368 13330 3544
1 3288 1301 8270
1 13330 8368 13480
1 5494 738 9571
1 6172 14213 1354
1 8264 194 216
1 14682 13361 7061
1 3543 7061 1112
1 7795 73 85
1 1720 3499 2500
1 3499 3952 2500
1 64 72 9152
1 6749 64 9152
1 14328 4698 14335
1 10186 1990 3656
1 11119 9452 1973
1 3945 12945 7845
1 45 26 16
1 11816 3560 8663
1 2046 11326 8286
1 7185 9523 8028
1 877 13259 3954
1 13259 14241 3954
1 2306 12560 7803
1 3572 6640 1660
1 3479 14367 4210
1 100 93 13658
1 8221 10161 8444
1 10153 9935 13245
1 10018 1178 11785
1 9656 13320 13526
1 10363 12208 2168
1 14560 10363 2168
1 1573 8120 14526
1 8120 8594 14526
1 10365 13193 255
1 13320 8784 6353
1 1091 3703 1803
1 14436 13328 6696
1 8433 2045 11422
1 2621 8433 11422
1 3312 2651 10687
1 3895 1838 13258
1 8988 13258 1838
1 5219 9197 1521
1 3437 3447 2222
1 3157 10153 13441
1 13441 10153 13245
1 5010 7407 11949
1 7407 10205 11949
1 14309 9168 8234
1 2865 14588 11533
1 2460 9034 7354
1 4784 13822 1781
1 7828 1790 10797
1 1470 1457 8467
1 11815 14354 8467
1 346 355 1570
1 11657 6921 1640
1 8960 262 242
1 8961 2160 3912
1 6036 14564 1748
1 1146 8663 11483
1 3176 3860 7269
1 3176 9745 3860
1 7867 3408 9032
1 14301 12963 13687
1 14552 14555 8756
1 7646 11486 14260
1 8540 3131 11758
1 5594 1674 1563
1 2064 8699 8978
1 1489 1674 5594
1 8082 13491 8599
1 6982 67 8980
1 58 8980 67
1 2864 4916 11532
1 10399 2649 14480
1 14090 10068 7474
1 2170 1999 2166
1 9361 13638 277
1 6563 8112 1573
1 1886 2062 7710
1 14266 14256 1406
1 3901 2857 9717
1 7781 7439 2967
1 2501 10409 1752
1 10409 14558 1752
1 4488 10005 13617
1 2490 6181 4732
1 2659 9001 11921
1 14552 13069 14555
1 3518 9293 9259
1 14703 12793 13623
1 10498 3532 12337
1 13300 7267 14347
1 13300 14347 1140
1 1009 12076 1512
1 12076 1009 3364
1 9276 3809 9315
1 2587 166 2507
1 1410 3575 7063
1 1410 5624 14263
1 10385 362 345
1 13086 12984 1216
1 338 3228 352
1 8980 11594 7079
1 9102 14506 6548
1 13097 1139 12158
1 7354 9034 10006
1 12118 14418 2124
1 3648 11471 14194
1 2857 3901 9348
1 2016 14194 11471
1 14446 14491 14440
1 10201 12925 1482
1 100 121 9293
1 23 5636 5894
1 14214 1685 11502
1 14286 14214 11502
1 10045 12884 14373
1 6422 1562 14586
1 1562 13226 9518
1 2103 10308 8921
1 7012 13481 4051
1 2103 2739 10308
1 39 53 2282
1 2250 2249 7904
1 6720 12632 2307
1 1618 6720 2307
1 3372 5594 14586
1 9060 14372 4069
1 12567 14273 8593
1 9276 9315 256
1 9315 3809 14084
1 3576 8736 2798
1 10665 13076 253
1 14266 14262 14256
1 6105 13258 8988
1 6105 9197 13258
1 2659 11921 13226
1 7183 8274 2411
1 14105 1751 2782
1 5060 14105 2782
1 14316 9088 13441
1 7143 5472 13029
1 1534 4912 1326
1 5752 14297 9093
1 14267 5588 14297
1 1534 12937 4912
1 3050 8696 2381
1 8838 9191 2237
1 3568 4716 5340
1 1749 5340 4716
1 9939 2237 9191
1 324 319 304
1 6749 47 64
1 290 324 304
1 10937 13422 1556
1 1488 2504 10473
1 1885 14201 139
1 2072 11966 14243
1 72 8888 9152
1 2169 14558 10409
1 3473 81 88
1 2409 3183 12029
1 1354 14695 6172
1 6947 14695 1354
1 4067 10486 2621
1 14722 256 9281
1 11471 14192 10170
1 11471 12637 14192
1 14722 9276 256
1 1346 14458 1345
1 1346 1345 4057
1 13779 2412 13343
1 13549 14327 9972
1 13549 9972 1213
1 10951 14379 2485
1 1556 116 95
1 13928 95 116
1 14284 13928 8386
1 7626 7429 3539
1 3868 7626 3539
1 303 315 322
1 1562 5500 14586
1 3034 13505 573
1 8112 14497 14674
1 3513 3100 11972
1 8679 2279 12867
1 11886 14545 14536
1 240 9394 512
1 12214 14412 8146
1 240 9106 9405
1 240 9405 9394
1 7036 2872 1749
1 9106 240 8912
1 3659 14281 4551
1 3843 2303 173
1 9430 6502 14714
1 9430 3608 8657
1 8657 6502 9430
1 8107 11161 2988
1 8107 3499 11161
1 903 9762 8330
1 5986 3370 14581
1 5986 7036 3370
1 11569 14399 14345
1 2181 2381 8696
1 2636 2633 12306
1 4090 11569 14345
1 12070 3956 4011
1 3956 12070 1020
1 14293 5187 8208
1 14624 13981 9932
1 1320 13779 10155
1 2414 11431 9259
1 11416 3916 1385
1 11416 1385 1225
1 12998 13060 2673
1 11775 5563 1416
1 9346 9405 277
1 9361 277 9405
1 9346 14084 13965
1 9281 6897 13638
1 1310 14105 6911
1 14105 14561 6911
1 10661 8078 12761
1 1729 13790 2272
1 1759 2113 2024
1 987 2024 2113
1 12737 847 9188
1 9189 7434 14026
1 11189 14205 14252
1 9346 277 14084
1 14663 10606 9657
1 9259 9293 121
1 9959 2844 9087
1 13808 7578 12096
1 14424 9079 1715
1 2594 8573 1740
1 2594 1740 9844
1 8573 3268 1740
1 5430 14198 1544
1 9198 889 12754
1 12754 889 14301
1 1715 14429 14424
1 9405 9346 9394
1 245 9214 10234
1 3131 8735 11195
1 9079 116 1556
1 14584 12763 3371
1 14250 12175 14207
1 1980 4640 3202
1 2867 7634 5776
1 4072 4640 1980
1 7181 8652 3670
1 3055 13951 185
1 3628 1451 10871
1 3497 11577 6053
1 3497 6053 1326
1 3457 11596 2482
1 3965 734 12784
1 12654 3268 8573
1 12911 89 12831
1 13121 4011 1215
1 89 10548 12831
1 13121 12070 4011
1 12352 89 11953
1 116 140 8386
1 685 12147 12572
1 12147 685 7750
1 140 116 9079
1 1581 2313 13792
1 7314 3151 8302
1 8302 5519 7314
1 11639 14539 14547
1 1992 7028 2591
1 1992 9069 7028
1 9106 9361 9405
1 256 6897 9281
1 4061 137 121
1 3717 13128 2469
1 137 9259 121
1 719 12997 8774
1 972 10730 9230
1 12409 3268 12654
1 256 9315 14084
1 11760 1491 3367
1 3479 4623 14366
1 3117 10207 10496
1 3479 14421 4623
1 256 14084 277
1 11380 13171 1263
1 3120 9135 14329
1 8528 12997 13086
1 3702 2294 10386
1 9616 12261 12456
1 9616 12456 2955
1 14260 9967 8121
1 9248 3053 5633
1 700 13227 1055
1 1055 14170 700
1 3868 3539 6407
1 3868 6407 11337
1 11799 3090 2988
1 3391 13006 3352
1 14265 14266 14257
1 2522 10395 10853
1 14339 13571 10395
1 8264 11646 194
1 4075 10722 1298
1 14527 770 7884
1 2172 9213 7634
1 9256 2977 14342
1 1178 7587 10981
1 14567 3347 9070
1 9070 3347 14547
1 12527 10717 13814
1 4088 9261 2160
1 10020 1764 13401
1 9778 3194 14320
1 3736 3238 3650
1 3238 14469 3650
1 14469 3238 3872
1 5713 4072 9263
1 1980 9263 4072
1 6578 3643 10976
1 6383 10164 8731
1 14329 498 9728
1 14726 9728 498
1 3509 10665 6766
1 10665 3509 13054
1 3489 1141 13267
1 10086 1162 9271
1 10062 3464 9271
1 8446 10486 4067
1 8550 3330 3982
1 1185 3330 8550
1 14389 14388 6556
1 6556 14388 2225
1 7057 11804 8995
1 13615 11108 10590
1 14277 5641 10212
1 14277 10212 1702
1 3917 4153 12559
1 12391 3917 12559
1 246 3783 1496
1 246 1496 268
1 272 10657 2564
1 10657 2395 2564
1 10179 5322 682
1 5786 285 295
1 12426 3352 2170
1 29 45 20
1 11126 14637 14606
1 13440 636 14551
1 3223 9303 3119
1 9303 7693 3119
1 9922 1689 10643
1 2024 9852 9103
1 10679 1385 3916
1 11384 10679 3916
1 10088 1697 14340
1 11380 13070 14556
1 1480 11380 1263
1 2157 14396 9316
1 14396 14392 9316
1 14228 2005 12518
1 661 5494 5311
1 13262 738 5494
1 7514 2287 1139
1 2287 7514 10553
1 4052 13533 14607
1 44 87 77
1 11949 1599 1146
1 44 49 58
1 67 44 58
1 87 44 76
1 44 67 76
1 10172 5307 7693
1 8679 13143 2279
1 11775 3846 5563
1 12029 3183 3223
1 2915 10977 3080
1 11290 10977 2915
1 1766 12945 14421
1 9959 14327 11129
1 74 13398 82
1 5867 10755 2420
1 14279 2515 8932
1 8932 13240 14279
1 10342 9348 2854
1 9256 14342 7878
1 3288 3111 8751
1 3111 3288 7534
1 2184 3928 11352
1 2488 8437 4359
1 737 14549 3193
1 678 3072 9358
1 10736 1126 9485
1 10736 9485 10131
1 12031 12454 1436
1 856 4078 13811
1 6895 4078 856
1 3547 3200 3202
1 1127 14550 9358
1 12176 5280 8446
1 2046 8286 3783
1 2915 2898 11290
1 11751 1146 1599
1 342 324 332
1 8974 1758 13088
1 933 4148 14199
1 14199 4148 4782
1 1757 14412 12214
1 3307 9017 10588
1 14175 12691 1047
1 5030 1811 9387
1 5030 9387 9571
1 1515 2290 2292
1 2292 2290 1680
1 8085 13179 14315
1 9403 2865 11533
1 3915 7608 7305
1 3915 10535 7608
1 7710 10455 14254
1 4623 14421 12945
1 9544 5626 14280
1 1318 9416 13832
1 3983 1857 9418
1 14308 10026 7079
1 9418 6488 11197
1 3720 338 321
1 9422 7177 12132
1 6036 6640 14567
1 14545 13008 12004
1 3347 14567 6640
1 7474 837 1272
1 1846 11930 3270
1 3270 11930 11875
1 13374 10761 13376
1 13142 7781 1570
1 12469 1213 4013
1 10930 2515 2977
1 78 88 45
1 8753 14716 9857
1 1129 9445 14510
1 14704 11037 10773
1 11037 11996 10773
1 11886 12462 14566
1 1997 8710 14563
1 4333 8762 13703
1 11811 3151 2419
1 3693 119 10820
1 119 13352 138
1 1482 6895 856
1 4442 6895 1482
1 9452 3608 1973
1 8657 3608 9452
1 14348 11746 1254
1 45 71 60
1 3505 4418 1543
1 3505 7057 4418
1 3331 13110 7434
1 3132 3331 7434
1 319 324 330
1 10803 14579 1298
1 14205 3381 5578
1 12842 11270 7807
1 7807 11270 7489
1 11396 7496 12974
1 10012 2633 6712
1 2633 1484 6712
1 331 316 339
1 9910 1015 13942
1 12865 2283 1137
1 355 364 1570
1 5704 10069 10373
1 11533 10017 6800
1 11533 14588 10017
1 1992 1620 9069
1 1437 9157 4382
1 4382 3598 1437
1 5997 9060 13494
1 2649 10399 3301
1 44 39 30
1 44 53 39
1 14600 14696 12804
1 13449 13785 7335
1 14250 10870 12063
1 1948 5493 14668
1 9592 3054 11310
1 10308 11310 3054
1 1573 8673 9498
1 1437 9502 2029
1 9431 1628 11179
1 8095 14092 2226
1 9099 2747 2748
1 2745 4632 13050
1 12632 8540 2307
1 8256 1700 682
1 682 14367 8256
1 10980 2515 14279
1 1202 4060 10708
1 13304 8594 8120
1 1479 1478 2465
1 3303 2656 1560
1 10820 119 138
1 138 12667 10820
1 14253 13345 14204
1 11882 3452 8409
1 14431 8377 14433
1 7677 2052 2049
1 14431 14433 2692
1 3737 14462 9467
1 2400 12719 1860
1 1693 1737 1691
1 13339 9126 8601
1 1690 3263 3656
1 12868 9069 12920
1 5550 9271 1163
1 12643 13907 12052
1 4573 1481 9600
1 1481 4573 678
1 3105 6579 7768
1 6911 11621 14563
1 14657 11918 10276
1 5829 2476 14483
1 5829 14483 10620
1 10833 6696 1552
1 9150 2462 3709
1 10017 1490 6800
1 7369 2238 4640
1 4640 2238 7429
1 5336 10507 2635
1 9165 13098 12395
1 3864 5684 9168
1 10402 2795 4382
1 14668 8847 14666
1 14355 2611 885
1 3025 885 2611
1 8354 682 5322
1 1601 1597 4333
1 6383 13254 9572
1 3111 7534 11790
1 11994 1740 3268
1 7349 14580 9131
1 13475 10906 11311
1 252 266 10906
1 10663 13587 3603
1 2461 2952 10910
1 10910 2952 7832
1 5506 9221 2469
1 11588 11372 14391
1 3821 13660 2907
1 10848 12471 2916
1 2517 2525 9597
1 2525 684 9597
1 201 14680 173
1 11018 12579 9601
1 8680 10760 13826
1 13080 5609 8196
1 3513 10084 14538
1 11922 14465 3228
1 11275 14741 4706
1 12579 12978 8966
1 4499 3670 12715
1 1838 9971 11518
1 2973 11518 9971
1 8945 9971 1812
1 14321 10015 7942
1 13235 190 214
1 14663 3568 10281
1 3568 5340 10281
1 1640 11456 11673
1 322 341 347
1 2431 3241 2434
1 3912 6815 11156
1 1041 3671 12966
1 9794 10693 1020
1 3690 1424 10295
1 14437 726 13484
1 14437 14435 726
1 1506 700 699
1 14178 699 700
1 11046 13700 10308
1 2808 1419 8597
1 1970 2808 8597
1 2739 11310 10308
1 1142 10349 13267
1 9467 14462 12422
1 9782 11237 6988
1 11237 9782 7038
1 14333 4086 13536
1 1579 14431 14434
1 3171 10876 10109
1 9907 305 298
1 1546 9775 3605
1 1970 3605 9775
1 2400 2485 12107
1 9498 14499 7884
1 8812 11838 9672
1 2294 11313 9442
1 1223 12784 734
1 10764 10863 13348
1 10863 6529 6223
1 5267 6529 10863
1 14347 13853 9903
1 11600 11672 7231
1 8731 10164 14217
1 14093 3447 3449
1 13763 14100 13005
1 3447 3904 3449
1 3693 11009 9422
1 11009 3693 10740
1 605 14196 148
1 855 9676 7499
1 12737 1264 9676
1 7091 8530 1140
1 13144 3485 8679
1 7884 770 8120
1 2413 2415 11431
1 2415 3518 11431
1 2164 332 9914
1 5786 284 285
1 1147 9685 1409
1 323 322 315
1 12475 12999 1171
1 11603 4177 8737
1 3717 3098 9691
1 3107 9691 3098
1 1171 12999 2274
1 14483 11039 7428
1 87 76 6982
1 7832 13473 13436
1 971 13977 960
1 971 7473 13977
1 9699 5110 14368
1 9699 1698 5110
1 6422 9420 1562
1 1159 13840 13522
1 13072 14493 12138
1 13642 2733 10609
1 14257 14263 9713
1 7190 9713 14263
1 14374 4086 9928
1 1451 8396 2318
1 2819 8657 3836
1 6502 8657 2819
1 14294 8752 12710
1 7893 10207 3117
1 2090 1591 12036
1 4088 9725 1974
1 6705 10404 9725
1 12176 11062 5280
1 1870 14360 9148
1 179 1116 207
1 7300 2069 10301
1 10387 14350 1135
1 14449 14750 12814
1 9261 4094 2160
1 11377 266 11636
1 7335 1700 8256
1 3613 11061 1452
1 14235 14270 1684
1 2289 1684 14270
1 7164 4014 1214
1 9738 5713 14397
1 9738 4072 5713
1 7807 7489 88
1 12601 119 96
1 96 119 9422
1 12478 14649 3683
1 8204 12478 3683
1 10736 10131 3627
1 11611 12052 2734
1 11545 14630 13912
1 12144 2551 14655
1 135 14264 153
1 498 12694 4336
1 12694 13086 1216
1 11055 2651 3309
1 3309 14690 11055
1 3173 11595 11017
1 2388 13933 11078
1 2388 11078 11997
1 324 317 332
1 7287 1880 7659
1 4239 1880 7287
1 2400 8413 2485
1 1860 8413 2400
1 3952 2413 2500
1 3952 2415 2413
1 9755 2309 2305
1 11846 6353 8459
1 1219 11089 12694
1 2313 11596 14027
1 45 12 20
1 12 45 8
1 3370 2863 9769
1 10906 266 249
1 3107 14542 12726
1 10862 3502 9775
1 1970 9775 3502
1 10234 259 10675
1 13393 2106 14351
1 6921 14522 11521
1 1962 8409 11508
1 2208 14439 11265
1 11265 14439 3187
1 2835 12249 11170
1 5932 1143 9386
1 979 2213 9782
1 13170 334 12886
1 9784 14576 1429
1 1429 3303 9784
1 10637 3841 11695
1 13170 320 334
1 1685 9713 7190
1 12696 13894 13884
1 1404 13480 4104
1 2098 12631 14038
1 13480 11389 4104
1 104 13476 11311
1 113 104 11311
1 9790 3330 1185
1 11850 11427 14403
1 888 11427 11850
1 11126 1228 10627
1 1228 11126 8090
1 10690 8663 1146
1 6345 1440 13520
1 8396 4914 2318
1 2588 3265 9797
1 1803 1283 3704
1 255 13193 233
1 255 233 12339
1 14378 11320 11611
1 7265 5519 14252
1 5519 7265 14723
1 14515 910 9992
1 14552 2250 7904
1 14666 9992 6687
1 10216 13473 13372
1 14341 95 11031
1 95 13928 11031
1 1841 14106 1842
1 1841 1842 7070
1 1446 14609 14640
1 12656 14640 14609
1 11141 1615 8782
1 9589 12548 3423
1 14255 13450 13064
1 11207 214 2505
1 214 2506 2505
1 3365 3364 1009
1 13046 14587 8778
1 1657 151 105
1 1657 13071 151
1 2226 10692 2220
1 10692 14400 3441
1 14091 8945 13060
1 5488 10163 2880
1 4706 1215 11275
1 209 14468 181
1 11179 1628 6861
1 9843 3223 3119
1 9843 12029 3223
1 8978 8699 2065
1 3132 7434 9189
1 2223 10755 14392
1 3992 3328 1856
1 1620 1856 3328
1 8912 218 1468
1 3737 8680 2403
1 3737 9467 8680
1 45 16 8
1 570 3838 12392
1 45 88 81
1 71 45 81
1 9939 3148 14097
1 10036 14237 4781
1 9863 3155 2420
1 12062 1096 12277
1 9485 11071 12617
1 564 8732 13199
1 7974 14624 9932
1 3371 12763 9769
1 7974 2244 14624
1 14021 13257 3188
1 11752 3840 10078
1 196 218 699
1 3821 1319 13660
1 11952 1319 3821
1 1350 14608 14610
1 13474 9496 6381
1 2482 2313 11247
1 2313 2482 11596
1 8974 14414 2077
1 9248 5633 4945
1 9501 8680 14461
1 8680 9501 10760
1 1649 1641 11724
1 10173 2539 13100
1 7434 3990 14026
1 7434 10178 3990
1 14407 10848 2916
1 100 12364 93
1 9883 14525 6498
1 262 8023 242
1 8960 14578 14625
1 14625 10472 8960
1 14439 3947 3187
1 3947 1427 3187
1 1638 12371 11226
1 1638 11226 14010
1 7287 2595 4239
1 9844 2595 7287
1 1118 3616 12617
1 8566 4551 14217
1 13886 10047 3489
1 11009 3694 11231
1 3694 7177 11231
1 136 3438 3913
1 136 164 3438
1 11245 13479 970
1 14347 9903 1140
1 9903 1141 3489
1 10498 12337 14280
1 13853 1141 9903
1 13557 9887 1255
1 2161 4094 8724
1 3639 11251 3681
1 3639 1096 11251
1 8792 12720 14541
1 10186 3656 7587
1 3590 13679 14612
1 14104 10695 9550
1 3007 12989 2775
1 5550 595 10507
1 5550 12355 595
1 14420 3478 10280
1 3478 7930 10280
1 1889 14250 1888
1 1889 1888 2895
1 10528 4640 7429
1 10528 7429 7626
1 1648 7602 10550
1 6269 3311 13192
1 13192 3311 3743
1 13883 1252 3423
1 11770 3423 1252
1 14245 14197 10691
1 2812 14245 10691
1 9418 2308 3982
1 6488 9418 3982
1 3956 12264 3831
1 12264 14235 12567
1 6640 3351 3347
1 1494 7416 3781
1 10472 262 8960
1 11267 14672 220
1 220 13580 11267
1 14333 9584 9928
1 4189 9204 10018
1 10771 258 267
1 1343 14457 7771
1 855 12737 9676
1 4050 1343 7771
1 14594 14627 14597
1 14562 1660 12317
1 2825 14594 14597
1 2490 9941 2852
1 3437 2222 3913
1 9951 1560 2656
1 9959 9087 9475
1 9959 9475 14327
1 11172 9962 12099
1 1532 1575 9962
1 12387 29 20
1 1511 11974 14030
1 1644 12119 3434
1 9967 13587 1601
1 13235 214 14601
1 228 14601 214
1 11882 8409 13658
1 1966 13658 8409
1 14575 2469 9221
1 8318 3834 2803
1 13077 1378 2779
1 14391 7820 7291
1 1378 13077 1221
1 323 341 322
1 117 12277 8582
1 13955 3590 14612
1 1382 11986 11291
1 1382 11291 12318
1 14517 14455 9612
1 2192 3356 9162
1 3457 1421 9616
1 3457 9616 11596
1 12929 2557 4056
1 200 1033 1038
1 2116 1763 1762
1 14253 9993 14203
1 1108 14203 9993
1 737 1537 14549
1 2885 953 7943
1 1377 10431 13584
1 1377 13935 10431
1 560 120 98
1 13808 12978 3524
1 6085 13452 13525
1 13517 14384 9633
1 12527 13814 1646
1 8160 14316 1006
1 9638 995 14102
1 9638 2568 995
1 14366 10009 684
1 13814 3317 1645
1 1422 1256 220
1 1143 11611 2734
1 12501 11611 1143
1 3648 12637 11471
1 4153 12275 528
1 772 10012 14528
1 3486 12052 11320
1 93 13767 123
1 10502 12176 4067
1 10502 4067 9055
1 1644 3434 12586
1 13434 14287 2525
1 9144 10020 14421
1 9642 3868 8163
1 3155 3761 10023
1 10023 5867 2420
1 10255 13525 9656
1 9657 12985 14546
1 14308 7131 10026
1 13143 96 108
1 10722 1299 3100
1 13332 14548 13270
1 9998 13614 2458
1 3007 13595 3008
1 2304 9696 2309
1 6456 14237 10036
1 9668 3140 2220
1 2211 14438 14467
1 2570 12706 2091
1 3274 9997 1297
1 1297 9997 14576
1 10316 10822 3617
1 6488 11195 1202
1 12340 3482 903
1 13498 9589 9717
1 9717 9589 13919
1 11445 3892 3618
1 3892 11445 1453
1 6958 6813 6928
1 10047 2436 1140
1 14482 4075 13632
1 14602 11943 3833
1 4165 10163 12532
1 10097 12638 1819
1 2988 11377 11636
1 2002 14709 2001
1 10850 13859 12696
1 2308 8550 3982
1 8600 960 3166
1 3166 13382 8600
1 12767 11351 2241
1 3072 678 8148
1 2241 11351 6922
1 126 13590 1278
1 1594 11638 10064
1 6719 1594 10064
1 14099 2208 11783
1 13023 14292 9212
1 14090 14512 10068
1 14507 10068 14512
1 3172 10069 3165
1 14247 11555 9287
1 2299 12319 1692
1 12319 2911 1692
1 177 145 14401
1 3727 13532 11106
1 11396 8843 13263
1 3753 3683 8652
1 3683 12715 8652
1 7587 12830 9731
1 14246 9731 12411
1 10173 13100 11200
1 10956 1244 14085
1 1328 14528 6351
1 6623 9225 9447
1 4442 14735 6895
1 14370 14343 11690
1 10575 3708 2461
1 14649 13249 12715
1 3683 14649 12715
1 10575 8979 11729
1 204 182 12845
1 10472 14625 4664
1 3126 6932 13129
1 1454 14334 9516
1 12433 9516 14334
1 9745 8838 6531
1 4945 6826 11448
1 11448 6826 5899
1 8952 13295 1834
1 2461 9748 8600
1 13223 14111 3273
1 13880 12968 1624
1 1420 13563 8735
1 11195 8735 13563
1 2550 14653 238
1 11384 4506 3286
1 11997 13780 9762
1 12475 3286 12999
1 12475 11354 3286
1 12594 1511 14030
1 9792 14731 9198
1 10423 281 290
1 10423 290 1428
1 3702 11922 12310
1 12310 2294 3702
1 11890 9128 1918
1 8853 8036 2636
1 6563 1573 14526
1 6563 14497 8112
1 8446 3694 10486
1 5932 7231 11672
1 3694 8446 11711
1 6426 2226 6815
1 5105 3566 4468
1 10129 7520 13275
1 13874 7496 11396
1 1870 13958 14360
1 13663 11673 13985
1 3026 13663 13985
1 3271 181 163
1 181 3271 605
1 1386 8606 13168
1 7482 11536 13689
1 13689 11536 13448
1 3696 14190 14191
1 11410 9890 2779
1 14227 14191 14190
1 14605 2388 9458
1 4863 4914 8396
1 4664 7874 9629
1 4664 14625 7874
1 10146 1419 1199
1 7689 1507 12290
1 1507 7689 12103
1 2589 3266 10149
1 3741 14459 11922
1 3741 12220 14459
1 8521 3954 9340
1 988 10810 7706
1 988 1596 10810
1 5843 8550 2308
1 14566 14545 11886
1 2064 1320 10155
1 13730 14104 13961
1 8699 10155 13779
1 1142 11470 13847
1 14703 13623 134
1 11636 266 252
1 9597 10009 12572
1 8596 1244 13872
1 2637 11617 2462
1 591 11521 4010
1 12107 11427 888
1 14280 12337 9544
1 14431 11984 14434
1 1451 2318 9603
1 1419 1200 10165
1 7022 10166 51
1 10166 34 51
1 9829 4300 13497
1 14620 14472 12461
1 14459 12461 14472
1 2551 13850 2086
1 9757 1825 1520
1 9757 10522 1825
1 12255 136 529
1 136 114 529
1 10179 2524 13573
1 10179 1699 5322
1 3819 11438 8966
1 1452 3897 9757
1 7263 11978 2810
1 1452 9757 13452
1 5472 7143 11736
1 2581 13896 227
1 340 327 8765
1 13614 9998 8765
1 9431 11179 14223
1 12316 9792 9198
1 3648 14194 12832
1 10789 11120 14305
1 1393 187 1569
1 1393 1569 1795
1 750 10481 564
1 8732 564 10481
1 856 10201 1482
1 6712 10201 856
1 13143 8679 3485
1 3398 10204 3514
1 14487 14491 13530
1 12558 158 132
1 1327 10945 14527
1 6036 1660 6640
1 13832 10206 1318
1 1383 13884 11291
1 11226 1646 1645
1 12443 4363 12838
1 1418 13074 13786
1 1958 2682 9877
1 11389 8368 9034
1 14053 2762 10954
1 13120 14211 14288
1 9128 13357 1918
1 13293 6983 8023
1 14219 14209 11831
1 2181 9891 13577
1 1120 1130 13963
1 10554 4130 7713
1 11900 3749 10114
1 12199 8483 14088
1 13406 11751 1599
1 1219 13466 11089
1 12089 338 352
1 11297 321 338
1 14567 9070 9923
1 9923 14564 14567
1 12738 314 329
1 339 10385 345
1 6502 14107 10232
1 10232 14107 11994
1 14539 10236 13270
1 13530 14491 14446
1 179 11548 1116
1 11548 14665 1116
1 3631 3212 2606
1 9592 9643 3054
1 5718 9643 9592
1 14718 190 13235
1 1994 3330 9790
1 12208 10243 2863
1 13762 3924 3414
1 989 7706 10810
1 5094 5493 1948
1 3648 1282 12637
1 6655 1490 11433
1 1566 9017 3875
1 9017 6655 11433
1 3152 13407 10250
1 14196 14245 148
1 9925 2242 3219
1 9927 14092 14094
1 3255 11953 926
1 1503 1258 12911
1 12911 12831 8194
1 14577 10263 2660
1 14037 2403 13826
1 13537 553 13677
1 2591 3264 10267
1 9944 2462 9150
1 9944 2637 2462
1 13685 12989 749
1 11205 3815 10109
1 10109 3815 3171
1 3765 2026 10277
1 10277 14412 1757
1 14418 1762 10280
1 2594 7287 1850
1 7287 7659 1850
1 13929 1711 11984
1 14434 11984 1711
1 1854 8078 10661
1 183 174 14432
1 13005 14100 12421
1 8387 13706 3594
1 9417 13941 14035
1 14035 13941 13844
1 6895 1665 4078
1 4706 14741 12178
1 1734 3249 1723
1 9355 14198 14246
1 12986 12607 4363
1 4363 12607 2876
1 10234 216 241
1 1580 2959 2460
1 8189 11980 9677
1 9887 13972 1255
1 13972 13834 1255
1 175 11548 179
1 848 6770 4931
1 952 11590 14605
1 1693 13746 3261
1 14033 553 13537
1 11245 970 1646
1 13536 3212 14333
1 1646 970 12527
1 4678 9998 13159
1 13159 9998 2458
1 284 10295 285
1 227 13417 14521
1 10803 3284 11544
1 11441 14700 12701
1 12701 14700 3716
1 1045 1507 12103
1 1298 3100 3284
1 12421 14100 8303
1 10157 65 54
1 1100 3387 147
1 13587 1408 3603
1 914 1120 13724
1 914 1126 1120
1 10301 1018 2756
1 13786 13074 3847
1 13227 1045 12687
1 3051 8487 10548
1 10548 8487 8194
1 1504 13918 1505
1 1504 1505 13996
1 14206 14200 11337
1 12641 2192 7573
1 2011 14186 11968
1 2581 227 209
1 2581 209 2582
1 10164 6383 14259
1 12832 13984 3648
1 4084 12807 12522
1 11389 2950 4104
1 694 14598 11399
1 1658 14399 11569
1 4090 1658 11569
1 14343 1702 12609
1 1702 14278 12609
1 14278 1702 10212
1 3615 1124 10316
1 11578 2880 3870
1 3223 2209 14098
1 1488 11125 9496
1 3300 9907 298
1 3300 298 287
1 13543 2613 10485
1 3307 10588 14484
1 12713 14412 10277
1 9944 9150 2447
1 14524 12594 14030
1 13611 960 8600
1 10172 7693 9303
1 14109 9857 9730
1 10039 118 8971
1 3202 7626 12628
1 3868 12628 7626
1 13436 9748 7832
1 12158 2284 10592
1 2287 13065 12158
1 14716 1548 3814
1 3314 10633 4944
1 14710 1091 1803
1 14710 12812 1091
1 12777 3173 8377
1 14431 12777 8377
1 2864 1489 5776
1 3414 14351 13762
1 13630 1136 14351
1 3286 10679 11384
1 3794 14058 11144
1 6983 13293 9953
1 3965 12784 13806
1 3211 10932 1974
1 3211 10790 10932
1 14317 1974 10932
1 3686 3680 14651
1 11197 1202 10708
1 1202 11197 6488
1 3883 13052 9442
1 13052 2294 9442
1 3883 11993 13052
1 11946 13477 11369
1 13770 7779 14366
1 529 12962 4338
1 11602 3466 12927
1 11602 12927 14087
1 3840 3034 10078
1 14396 14389 10370
1 10082 2272 14444
1 11225 105 13484
1 6071 11523 6962
1 3547 12628 9642
1 12199 13157 3171
1 2745 11614 11742
1 227 14521 209
1 14101 12484 3706
1 1257 704 1255
1 9633 11032 13312
1 13312 11032 1592
1 12532 14082 4165
1 5684 1018 2069
1 8556 4165 14082
1 2515 10980 10166
1 14484 10383 2476
1 10384 14211 13120
1 175 13664 1813
1 149 175 1813
1 7482 10993 6518
1 13689 10993 7482
1 14058 7375 11144
1 14637 10627 3310
1 10627 1228 6324
1 1195 14718 12793
1 14366 7779 10009
1 3802 10113 10554
1 7612 11082 6378
1 4359 8437 2106
1 14335 14336 14328
1 11913 3650 8304
1 10631 5311 6548
1 3734 10125 12166
1 1040 10125 14650
1 2025 2795 10402
1 1766 2025 10402
1 13687 12963 1286
1 10404 1974 9725
1 12856 2881 8606
1 2882 2881 12856
1 11955 11178 3527
1 3527 3215 11993
1 7054 7759 6142
1 7054 6142 13294
1 11029 2766 1592
1 13820 11029 1592
1 1865 13913 14322
1 14322 13913 14733
1 12526 1592 1623
1 12526 13820 1592
1 10423 3300 281
1 14214 13210 10221
1 14629 2745 13019
1 11742 13019 2745
1 10430 4945 5272
1 10430 9592 4945
1 12359 9158 7557
1 10142 553 13844
1 3055 1637 13951
1 3055 13945 1637
1 10864 4716 2168
1 7612 11588 14391
1 1524 1451 9603
1 14219 1179 10384
1 9128 9603 2318
1 9128 2318 13357
1 5229 10439 2216
1 10174 12754 14301
1 863 14340 9256
1 863 9256 7878
1 1436 13948 12031
1 14703 134 668
1 5042 10822 1124
1 4062 10444 2806
1 31 17 9243
1 13777 12398 14430
1 14430 12398 2431
1 6399 1201 11978
1 2882 12856 1211
1 2742 13147 14087
1 3224 3185 14079
1 8208 8607 882
1 8208 882 14293
1 11966 13466 1015
1 11966 1015 13957
1 1426 13512 10197
1 4196 12582 1194
1 4196 1194 13960
1 1286 1282 13687
1 735 12784 8115
1 10470 6198 6227
1 13806 12784 735
1 11689 13679 2551
1 1147 1409 11638
1 2725 11769 14448
1 14448 2269 2725
1 3222 14559 3571
1 1702 1703 14277
1 2594 9844 7287
1 3076 10611 11377
1 12229 14498 10457
1 1787 10457 14498
1 1625 10283 12968
1 1625 12968 10117
1 10630 1828 8784
1 13448 13663 13689
1 2378 7569 8021
1 12838 10279 13959
1 1674 7541 11272
1 227 13896 244
1 227 244 13417
1 6669 12054 7245
1 12054 1703 7245
1 295 285 10462
1 295 10462 2458
1 8596 4314 14628
1 12554 7817 14605
1 12554 3430 7817
1 8652 7181 14051
1 10466 1856 1620
1 6983 7419 10488
1 1245 13147 14071
1 134 865 668
1 865 3476 668
1 11909 8578 14103
1 14103 8578 11032
1 3241 3239 11247
1 3239 3241 2431
1 2103 8213 2739
1 11837 10227 3258
1 3249 1734 10227
1 12838 13960 1194
1 1194 12443 12838
1 12607 2190 2876
1 2857 3118 12958
1 206 192 14463
1 13976 8470 3592
1 12895 14743 3085
1 8488 10475 5390
1 5465 2394 11143
1 10012 10945 14528
1 14054 2742 11910
1 1749 11181 5340
1 3115 251 14005
1 1422 251 3115
1 14087 13147 11602
1 3593 14657 14619
1 8847 303 296
1 1245 14071 13019
1 2904 3155 10250
1 12036 13961 12706
1 10488 10173 11200
1 5704 5867 10023
1 14068 122 14066
1 11742 11614 1245
1 1245 13019 11742
1 3996 13660 3715
1 13660 3996 2907
1 3350 10470 14538
1 190 165 2506
1 6071 6962 11897
1 1122 14089 2685
1 5843 2308 1857
1 14430 2434 14425
1 14050 14430 14425
1 14644 7867 12496
1 14516 1130 1120
1 3191 10497 5300
1 10497 3191 3520
1 14657 10276 14469
1 703 1257 556
1 13687 4230 14301
1 8005 1524 11890
1 9128 11890 9603
1 14104 2091 13961
1 3996 10505 2907
1 14104 13825 2091
1 320 14081 13823
1 668 3476 14416
1 8156 7357 11878
1 3638 1114 12540
1 14416 3476 14413
1 14045 14653 2550
1 3019 10514 9683
1 9212 10514 13023
1 1195 165 190
1 1591 749 11282
1 13439 4338 9417
1 9417 14035 13439
1 14375 9738 3861
1 1690 36 24
1 1670 10521 14586
1 13377 2867 10521
1 10720 12323 3138
1 3138 12323 3130
1 1425 2950 6652
1 6036 1748 9082
1 10581 7573 2409
1 3601 9502 6719
1 8528 8774 12997
1 14744 12251 9529
1 3202 4640 10528
1 3202 10528 7626
1 14354 2397 10305
1 2388 3482 12340
1 9458 2388 12340
1 11411 1404 11453
1 11945 14548 13332
1 12250 12395 2513
1 2513 14180 12250
1 3603 10313 10663
1 13528 7412 8367
1 10320 953 1593
1 14525 12082 6498
1 12082 14496 6498
1 1618 7659 12296
1 922 8235 7507
1 10489 97 118
1 10039 10489 118
1 14272 10553 1681
1 9560 2216 10439
1 13267 10478 13647
1 10557 3618 14511
1 3884 3618 10557
1 14105 9398 1751
1 10336 2103 3520
1 13937 10086 5336
1 2487 719 10344
1 2169 2501 2865
1 1297 14576 6134
1 9409 3095 14180
1 9409 13618 3095
1 1405 1436 12119
1 12516 11590 952
1 979 7999 8288
1 3121 8496 13129
1 14321 14331 7307
1 1735 1734 14442
1 9633 13900 11032
1 3605 3607 1546
1 11974 9925 3219
1 9416 3821 1035
1 10588 9017 1566
1 1566 6663 10588
1 3875 10017 14588
1 3699 2197 11726
1 10281 5340 10471
1 1504 11889 13524
1 3787 10378 11835
1 14631 2779 11390
1 2779 1378 11390
1 609 4214 12841
1 14291 6873 14212
1 14212 6873 13081
1 14291 9926 6873
1 1512 9093 10602
1 10603 6281 8441
1 6281 10603 8299
1 59 14350 10387
1 59 10387 2282
1 9891 10760 13577
1 12672 14325 14306
1 10606 10281 3571
1 10606 3571 9657
1 13630 14351 13423
1 726 14435 10411
1 14435 14112 10411
1 3307 10620 1564
1 14100 13763 4507
1 340 8765 13763
1 10415 7524 528
1 10623 11337 14200
1 14200 3596 10623
1 13786 3847 2799
1 10627 6324 3310
1 10709 14499 7275
1 13832 7528 10206
1 10206 1036 13845
1 6829 9010 3790
1 7354 9010 6829
1 1825 833 10630
1 13320 1825 10630
1 14550 6452 678
1 5461 10431 13427
1 10636 1563 1674
1 10636 7428 1563
1 3840 10637 11695
1 1627 10637 3840
1 3837 6071 12662
1 10642 13361 14682
1 1410 7063 5624
1 868 10446 3249
1 3249 10446 1723
1 1105 3546 7211
1 11523 11114 6962
1 11081 1308 13279
1 12842 7807 10157
1 10825 2976 7275
1 2512 2513 11357
1 5300 10662 5472
1 3138 1617 10720
1 8220 7439 13142
1 8018 10672 3631
1 3631 10672 3212
1 3527 11993 11955
1 1046 11993 3883
1 13100 14112 11200
1 10674 5280 11062
1 10674 3458 5203
1 882 8607 3364
1 10814 868 2944
1 661 10631 10203
1 7777 12959 10103
1 10821 1580 1157
1 1428 10687 2651
1 10687 10396 2469
1 7693 5203 3119
1 7693 5307 5203
1 922 10690 1407
1 10690 922 8663
1 2477 4949 9221
1 2226 14400 10692
1 9458 1349 2615
1 8433 11113 2622
1 50 10697 61
1 13496 10697 2300
1 10813 10494 14179
1 13118 14277 1703
1 5965 1183 10466
1 1054 3863 3215
1 11197 10708 1201
1 3544 594 12250
1 10709 13295 6142
1 6142 14499 10709
1 1580 9999 1157
1 2460 9999 1580
1 10584 1128 3061
1 2306 12323 10720
1 10720 12401 2306
1 8512 8598 11824
1 1298 10722 3100
1 10295 10462 285
1 342 332 2164
1 2164 9914 1308
1 933 7265 14252
1 4012 6404 877
1 337 3098 330
1 11665 3432 14638
1 1491 10731 3367
1 13533 11665 14638
1 8782 50 36
1 10537 3050 2381
1 3863 12693 10537
1 14214 10221 1685
1 14232 13764 10935
1 2863 10864 1750
1 3370 7036 2863
1 3223 14098 9303
1 9303 14098 10172
1 12934 3138 10749
1 14249 945 10642
1 14249 10642 14682
1 3095 9010 10006
1 14574 13464 14481
1 2850 3126 13129
1 14461 9467 3666
1 1648 10550 13797
1 3432 13797 10550
1 1108 9642 14203
1 3352 12426 3391
1 3353 1333 12426
1 10755 2223 2420
1 1509 11974 3219
1 14318 3209 2606
1 10558 8999 11185
1 8971 142 180
1 2811 8189 13091
1 10570 3102 10236
1 10570 14671 12553
1 11806 14614 12847
1 14614 4222 12847
1 4339 12847 4222
1 2488 4359 14377
1 14026 2302 3847
1 12206 7057 1416
1 4418 7057 12206
1 12586 8021 7569
1 14562 8644 3514
1 10590 14181 1156
1 13615 10590 1156
1 5824 12158 10592
1 9502 3601 1438
1 9502 1438 2029
1 988 9852 1596
1 323 14744 341
1 9877 1052 1958
1 7589 7478 1302
1 2409 10780 3183
1 2488 2850 8437
1 10783 5300 2064
1 10783 3191 5300
1 4063 2811 7065
1 1973 7065 2811
1 9198 14731 10951
1 2485 14361 12107
1 3874 10263 11364
1 14543 3111 11790
1 14543 12905 3111
1 10178 13110 6248
1 12463 3998 4015
1 2119 1880 13110
1 12640 3898 1043
1 6324 11787 3317
1 6324 2383 11787
1 3132 1204 10793
1 10793 1204 8189
1 8753 13366 14716
1 13345 14254 14204
1 10728 1013 3291
1 14308 5973 7131
1 10771 1494 258
1 2885 7943 12949
1 9186 10805 8814
1 14183 12341 14184
1 2907 10647 11564
1 10648 9150 3709
1 3709 3789 10648
1 60 71 14721
1 11878 2242 9925
1 7106 8008 837
1 14510 7106 837
1 10813 2409 7573
1 7573 10494 10813
1 3507 13076 10665
1 10822 5042 14508
1 5267 10647 12917
1 10825 1522 1453
1 14695 6947 7681
1 10670 12003 14613
1 12003 10670 14473
1 265 10675 259
1 6793 1113 10846
1 13272 14436 10833
1 1098 10833 1552
1 10541 13452 6085
1 14536 14542 3107
1 10656 4691 2588
1 14714 7979 2815
1 10846 13819 3543
1 14209 14283 11893
1 12080 3194 9778
1 12080 3545 3194
1 253 215 1036
1 10853 14282 2522
1 14735 8148 1665
1 13809 14234 14295
1 14234 13809 9794
1 11638 1409 10064
1 6921 1426 1641
1 78 7807 88
1 78 65 7807
1 1595 1407 11751
1 1546 10862 9775
1 14656 12886 14618
1 14569 2728 1723
1 14577 2477 7478
1 1524 10871 1451
1 1525 1530 9362
1 14397 5126 10874
1 5126 3440 10874
1 10675 265 10309
1 14374 9490 9848
1 7979 12409 1846
1 1512 11 22
1 10885 10342 2854
1 8431 13347 14706
1 14398 13347 8431
1 12323 7803 1200
1 3130 12323 1200
1 11393 304 319
1 11393 10396 304
1 10537 2381 4130
1 14571 8281 10890
1 2270 14571 10890
1 2192 11023 3356
1 8782 36 1690
1 3466 12568 14460
1 12568 3231 14460
1 10697 1615 2300
1 9629 3509 6766
1 2803 6470 1420
1 14631 12639 2779
1 8945 1832 9971
1 14315 3761 3155
1 11937 3593 3591
1 361 12089 352
1 10206 11810 1318
1 3620 10557 14511
1 3884 10557 3620
1 14219 11831 1687
1 10157 7807 65
1 7620 12014 4526
1 14511 7973 13166
1 3072 13166 7973
1 44 77 68
1 12139 3219 2242
1 2515 10930 8932
1 13886 10935 7296
1 10940 5874 2899
1 9162 10940 5262
1 11834 6626 10942
1 10945 3081 14527
1 13361 8838 9745
1 8731 14217 2929
1 10870 1889 9158
1 5608 4863 8396
1 14171 11178 1046
1 2840 11634 14171
1 1481 6452 9470
1 9676 9470 7499
1 9502 1437 6719
1 5867 3440 5126
1 10789 14305 2197
1 10342 2857 9348
1 3118 2857 10342
1 34 10980 26
1 12924 3546 10015
1 855 7499 12413
1 1510 1049 10804
1 14348 8879 11470
1 14580 6134 14479
1 1564 11272 6655
1 1205 2049 2052
1 13238 6655 9017
1 7152 8450 3790
1 2615 1349 11683
1 14570 10818 1735
1 10227 1734 10818
1 10055 7164 1214
1 10055 13528 8367
1 7750 5793 12703
1 14244 10728 2070
1 6800 9082 1748
1 10864 7036 1749
1 11017 14127 602
1 8377 11017 602
1 3883 311 301
1 3883 9442 311
1 11536 11552 14522
1 11024 11938 1834
1 11024 14090 1272
1 14451 12141 2274
1 4131 10848 2914
1 14490 12804 14485
1 2056 13859 10850
1 11029 10103 2766
1 8293 12018 1102
1 1530 764 14745
1 14244 14232 11033
1 11033 14232 14269
1 14305 12417 2197
1 10856 11952 7578
1 3288 8270 1302
1 3307 13238 9017
1 8765 9998 4678
1 8170 2593 12762
1 1674 1489 7541
1 2272 10867 4506
1 10336 3520 3191
1 163 3261 3271
1 14568 2173 14565
1 4916 2864 9213
1 3836 9452 11119
1 8657 9452 3836
1 8724 4094 10877
1 3300 2651 11055
1 11055 14690 3300
1 7999 1214 4014
1 4863 10743 4914
1 10743 11803 4914
1 14666 8847 296
1 8270 1301 2476
1 2512 10884 9944
1 2512 2948 10884
1 7893 2853 10207
1 4001 299 309
1 4001 309 9741
1 12451 3903 8502
1 43 559 10891
1 2089 43 10891
1 11513 2299 10892
1 13050 13954 10894
1 176 2211 186
1 1042 14648 9049
1 1203 11867 4063
1 1203 8540 11867
1 12747 10902 14732
1 28 8208 37
1 14317 2608 10877
1 11079 1440 6514
1 3712 8532 9127
1 2510 9127 11617
1 6195 1787 14498
1 11720 11776 14180
1 12208 2782 1751
1 2174 13801 13350
1 7432 1196 12785
1 8782 10697 50
1 10915 12249 2835
1 10870 945 14249
1 945 10870 9158
1 2089 2574 12727
1 9612 14455 10485
1 13094 899 14519
1 4014 13230 8288
1 10745 57 48
1 14374 13542 9490
1 4361 12997 719
1 12997 4361 12984
1 14378 14349 11320
1 10937 11637 2564
1 14726 13578 9728
1 14407 14379 10951
1 6142 13295 8952
1 3737 9709 8387
1 8847 315 303
1 12930 11968 14221
1 14221 2570 12930
1 1291 10956 13976
1 8978 7384 2064
1 7384 10783 2064
1 264 14646 268
1 268 1496 3356
1 4262 14699 12742
1 12877 14646 4262
1 11125 267 9496
1 14327 8367 11129
1 14486 12879 10962
1 12878 14699 4262
1 12878 13053 14699
1 2070 10728 10965
1 2070 10965 2213
1 13006 14544 3392
1 3307 1564 13238
1 1543 6345 14246
1 1135 9242 11541
1 1845 11925 12512
1 281 3300 287
1 219 3333 14565
1 3440 11148 14393
1 10373 11148 3440
1 224 1559 199
1 10991 14353 57
1 10991 57 10745
1 199 14467 224
1 1346 13000 14458
1 8274 2861 12677
1 2861 8274 11155
1 11161 1720 2988
1 11161 3499 1720
1 11461 3898 12640
1 7748 3898 11461
1 14539 3516 10236
1 10570 10236 3516
1 13171 1479 2465
1 5429 2626 13171
1 13166 3072 3061
1 12781 14699 13053
1 7514 1139 7091
1 14596 13775 11010
1 13775 14175 11010
1 10867 2272 10082
1 7317 11019 1994
1 14219 1687 8121
1 9599 14647 1043
1 9741 9599 1043
1 3314 1781 11184
1 2491 2853 7893
1 9243 17 11189
1 7101 10793 8189
1 3527 694 12563
1 12563 3215 3527
1 956 12209 7230
1 3982 12748 11195
1 9418 11197 2301
1 1129 10464 14514
1 12592 3477 6000
1 10088 12592 6000
1 10088 14340 863
1 12422 14503 11911
1 14503 3881 11911
1 1174 6316 8488
1 11207 3783 228
1 3740 3749 11900
1 8178 4393 3749
1 11532 9082 6800
1 3481 11213 14419
1 12080 3381 3545
1 2225 14388 11214
1 2225 11214 2232
1 1062 2225 2232
1 10485 1345 9612
1 12901 7677 2944
1 2875 12901 733
1 2875 2052 7677
1 14260 1408 9967
1 9967 1408 13587
1 14677 12462 12766
1 14677 14566 12462
1 7042 14574 7866
1 14677 11081 7705
1 1386 13168 11354
1 328 9599 9741
1 1627 3841 10637
1 342 12766 349
1 14677 12766 2164
1 11613 2723 14302
1 11100 8830 3798
1 1349 12340 11100
1 1454 11237 7038
1 13219 7820 14391
1 13219 8292 7820
1 13219 14391 11372
1 11249 8431 4891
1 12953 4328 12190
1 4394 11249 4891
1 3712 11108 3453
1 3788 3453 11108
1 2240 12752 11110
1 42 79 86
1 314 10743 302
1 10743 314 11803
1 11252 7519 14740
1 7519 11252 10885
1 2881 13365 1385
1 11119 13867 3836
1 14324 11120 10789
1 14324 1868 11120
1 1512 10602 1009
1 14236 11127 14234
1 11901 2674 1127
1 11901 1127 7973
1 1468 7143 13554
1 14642 1506 512
1 13886 14269 10935
1 7013 5262 10494
1 11919 1471 1470
1 11919 4045 1471
1 12001 12164 14647
1 6518 11219 11835
1 2613 13543 1226
1 12617 3616 9485
1 2543 11143 2394
1 3794 11144 13165
1 1757 7489 11270
1 13803 1757 5217
1 12751 7713 4130
1 14385 13932 10529
1 11039 7219 3306
1 11146 8498 9768
1 3067 10631 6548
1 9717 13078 3901
1 13078 14347 3901
1 10662 7641 5472
1 10662 3426 7641
1 2970 13639 1829
1 9852 987 13406
1 1595 11751 13406
1 13406 1599 9852
1 12785 9755 8499
1 13447 1744 2590
1 12209 8303 7230
1 14386 14365 12613
1 3747 10318 13667
1 8367 13549 4012
1 13583 9868 10319
1 13739 11169 1784
1 4056 11170 12549
1 1084 14223 14227
1 11905 3433 1449
1 7305 9490 13542
1 2213 10965 6024
1 14036 1813 14709
1 11178 694 3527
1 11178 14171 11634
1 12694 1216 1219
1 12852 14176 1049
1 2637 4010 11617
1 10271 1220 4336
1 1220 10271 2072
1 5187 7079 11296
1 14600 13530 4527
1 1205 2052 3748
1 14561 5105 11621
1 11621 1997 14563
1 7491 12484 3455
1 14228 1089 12557
1 2815 3608 9430
1 2815 8127 3608
1 11198 1803 3704
1 11198 1089 1803
1 9592 11310 3053
1 2739 3053 11310
1 1597 1439 13752
1 14051 7181 14082
1 14489 3763 9040
1 11205 13706 9709
1 10962 14451 14486
1 9877 2682 11206
1 2682 14589 11206
1 8594 5880 12476
1 769 5880 2631
1 8594 12476 14526
1 1990 1178 9204
1 14469 3872 3931
1 1990 9204 8078
1 14406 11324 2917
1 1842 14106 14197
1 1564 7428 10636
1 9188 13167 769
1 12920 11400 1852
1 7028 9069 12868
1 12677 13779 10778
1 10778 8274 12677
1 13484 726 11225
1 3509 3391 13054
1 14178 14170 2820
1 14374 9928 2159
1 885 13911 13848
1 13962 10039 8971
1 595 12031 2635
1 595 12454 12031
1 3590 13955 12941
1 9686 8966 1074
1 14549 2103 10336
1 8163 3868 11337
1 13080 8871 9366
1 348 358 11886
1 348 11886 14536
1 10305 2397 11613
1 1263 10512 9830
1 5187 37 8208
1 5187 11296 37
1 11296 49 37
1 118 97 184
1 2806 8512 11824
1 2825 14597 13636
1 8765 4678 4507
1 14730 12258 14355
1 7657 14577 7589
1 6663 14577 7657
1 2822 14592 12050
1 2822 12050 2834
1 13273 14286 14277
1 333 325 318
1 292 302 10743
1 9416 7578 3821
1 13832 9416 1035
1 14741 11275 13028
1 14549 12308 3193
1 3875 11364 1566
1 11364 10263 1566
1 1958 10322 12827
1 6988 11252 14740
1 11252 14337 3118
1 870 10835 12618
1 13327 9371 3128
1 9371 13327 1854
1 13461 1615 1854
1 7399 3377 14582
1 3915 7305 11372
1 9683 1701 3019
1 14370 11690 3481
1 11690 11213 3481
1 55 2419 66
1 11380 14556 1479
1 11380 1479 13171
1 2196 12067 11430
1 12089 11297 338
1 5494 9571 1948
1 1807 12604 14193
1 2868 9398 2866
1 10165 2809 1419
1 2809 10165 6399
1 3924 11388 9941
1 2842 2852 11388
1 2950 11389 9034
1 14407 11586 14379
1 1457 12348 14353
1 11309 12003 3161
1 11309 3161 12760
1 3875 13046 8778
1 3875 14588 13046
1 80 42 86
1 10993 2952 6518
1 11820 1552 6696
1 2095 12816 13852
1 3720 321 11313
1 11313 311 9442
1 10084 8792 4468
1 319 3098 11393
1 2595 10468 4239
1 2655 14480 12034
1 11398 5271 5262
1 11398 5262 7416
1 11400 10661 1852
1 8459 6353 8161
1 10980 11404 26
1 14213 12256 11404
1 12387 40 29
1 8756 11406 5042
1 6950 11409 9385
1 12662 3502 3837
1 9432 11326 2046
1 3479 14366 7155
1 3628 5608 1451
1 14210 1685 7190
1 1685 14210 11502
1 327 313 13614
1 9139 6896 11713
1 13074 9189 3847
1 216 184 241
1 10125 3669 11733
1 2621 11422 2586
1 325 333 343
1 4870 4092 9848
1 9848 4092 13342
1 13128 9691 3102
1 8720 6797 1610
1 2593 9581 1184
1 9581 5843 1184
1 11433 10017 3875
1 9017 11433 3875
1 11352 3928 12758
1 2378 593 7940
1 14202 1003 11674
1 14329 9728 13388
1 9686 8243 10319
1 3998 12463 9794
1 13520 10353 1544
1 9584 5609 4085
1 5707 13252 6151
1 14236 1013 10728
1 1524 5707 8008
1 8540 11758 2307
1 14102 11359 13685
1 11359 2775 13685
1 3884 11445 3618
1 11445 3884 1453
1 7942 9778 14320
1 3172 3165 11447
1 2900 11447 3165
1 4945 11448 5272
1 5272 11448 5899
1 14473 12094 12003
1 13049 7278 14021
1 593 2378 11369
1 8021 11369 2378
1 3511 6198 11455
1 9865 11455 6198
1 10676 3105 7768
1 1082 3927 11430
1 3128 10805 3175
1 9186 13260 10805
1 4526 305 9907
1 3238 12084 3872
1 14240 3954 14241
1 2826 12827 12728
1 1054 12728 12827
1 1444 1771 1442
1 14631 11390 871
1 8600 9748 13611
1 2398 10305 14326
1 14354 10305 2398
1 11491 7677 2049
1 12139 10804 1509
1 1509 3219 12139
1 9633 14384 14386
1 8663 3560 11483
1 8566 11483 6658
1 12909 11399 14595
1 14595 11399 14748
1 3422 11485 3902
1 3852 11810 3849
1 5563 7968 10223
1 6514 1416 10223
1 11878 2239 8156
1 8600 10575 2461
1 14557 9923 1998
1 247 230 9582
1 247 9582 10309
1 9923 14557 14564
1 8292 4085 6349
1 13089 4621 12573
1 12238 3025 2611
1 3992 3129 3181
1 4526 317 305
1 9 21 42
1 101 13524 11889
1 7164 4012 877
1 14286 11502 14210
1 12074 11423 1929
1 12677 2861 2412
1 1141 11746 14348
1 1468 1551 7143
1 11428 9386 1143
1 3568 12038 4716
1 2594 11019 8573
1 1082 11430 12870
1 13254 1179 1601
1 13254 1601 9572
1 5707 11462 8008
1 4014 8521 13230
1 13123 3716 9599
1 13339 8361 8747
1 9601 11820 3639
1 3639 11018 9601
1 11441 8927 14443
1 4100 8990 9049
1 2973 8176 11518
1 13195 11527 10610
1 12194 1246 14749
1 9927 11156 6815
1 6071 4062 11523
1 1198 11114 11523
1 9458 12340 1349
1 11536 11657 13448
1 3249 10227 11837
1 14247 3270 12889
1 14303 3705 12576
1 11925 1845 3270
1 12513 9319 2218
1 2602 9366 13608
1 3541 13092 9366
1 1580 13159 2959
1 1641 1426 10197
1 1641 10197 11724
1 5262 10940 2899
1 1807 14194 12604
1 205 14738 14501
1 7501 5899 2861
1 5899 7501 5272
1 9140 12816 2095
1 13631 10502 9055
1 10280 7930 14418
1 3010 10103 12959
1 13497 8748 9829
1 14428 727 12507
1 11734 6847 3019
1 3767 4139 13122
1 1183 11543 12934
1 11543 1183 1741
1 10803 11544 14645
1 8548 8498 12391
1 11573 4056 12549
1 10825 13311 1833
1 4436 889 9198
1 1129 9102 6548
1 14510 9102 1129
1 14444 12066 10082
1 14444 14485 12066
1 11019 2594 8119
1 6912 1594 11658
1 12190 12954 14617
1 1328 12771 14528
1 7463 1549 11555
1 11555 3606 9287
1 70 42 80
1 69 79 42
1 57 69 42
1 292 9992 280
1 10319 9868 5237
1 1620 3328 9069
1 10638 3638 12810
1 3638 11561 7692
1 14329 13388 10376
1 6085 10255 10457
1 1426 11521 591
1 11522 3025 12238
1 14300 2279 108
1 10378 12262 3850
1 10584 14512 1128
1 12852 4438 4084
1 14621 13309 11791
1 11561 8293 7692
1 2543 2611 11143
1 12713 1758 8974
1 12816 9140 560
1 12371 14521 13479
1 14521 964 13479
1 8715 12551 14078
1 7181 12551 8715
1 12311 3016 10417
1 3263 12887 1840
1 12887 13232 1840
1 9797 6614 3266
1 3263 1840 12830
1 4621 13138 4011
1 13047 12823 4428
1 16 26 12256
1 12256 26 11404
1 11545 871 2190
1 14108 13368 10267
1 1974 10404 11979
1 2465 1478 13319
1 2465 13319 14643
1 11296 7079 11594
1 11296 11594 49
1 8980 58 11594
1 49 11594 58
1 12879 12817 4368
1 14648 4368 12817
1 9055 2586 9432
1 9597 684 10009
1 5880 848 9280
1 8594 848 5880
1 13505 2917 11324
1 559 70 11567
1 4045 11567 70
1 11616 615 6745
1 1042 11616 6745
1 6911 14561 11621
1 1480 8527 11380
1 12491 14093 3153
1 1281 2543 11576
1 12762 2593 1184
1 3310 10717 1432
1 11630 3099 1297
1 1944 11937 3591
1 11357 2513 7940
1 6950 9080 11409
1 14489 9040 2902
1 8377 602 8954
1 13097 12158 5824
1 14433 8377 8954
1 4428 9582 13047
1 11639 3516 14539
1 14103 11032 13900
1 14103 13900 13880
1 6578 10976 13162
1 10976 8979 13465
1 14623 3218 11642
1 11071 1126 914
1 3656 1990 11141
1 1990 1615 11141
1 3720 11313 12310
1 12310 11922 3228
1 3874 11364 8778
1 7680 2300 3128
1 3175 7680 3128
1 3500 1588 3604
1 3238 4134 12084
1 12501 14378 11611
1 11655 14510 837
1 14506 14510 11655
1 14522 6921 11657
1 3131 1203 13203
1 1420 8735 13203
1 3131 13203 8735
1 6307 1408 11658
1 3736 3650 11913
1 358 359 11886
1 9204 4189 1852
1 9204 12761 8078
1 11617 4010 11521
1 12221 14573 7944
1 10322 12693 3863
1 14713 13833 11868
1 14606 14637 11665
1 13110 3331 2119
1 14598 694 11634
1 13159 2251 2959
1 8293 3255 12018
1 360 12089 361
1 3121 2848 2860
1 1868 14359 12115
1 11645 3753 1210
1 14649 12113 2942
1 184 259 241
1 265 259 184
1 265 184 247
1 184 230 247
1 9165 12395 594
1 12258 14406 14355
1 7278 3681 14021
1 3917 8602 4153
1 6374 10036 1011
1 14557 9403 14564
1 2811 13091 11119
1 13831 5461 14571
1 1741 1183 4691
1 4691 1183 5965
1 12703 5793 11690
1 14369 666 11679
1 14369 11679 12597
1 11986 13609 1383
1 3172 1066 10373
1 1066 11148 10373
1 9782 2213 6024
1 14519 899 11668
1 4347 11668 899
1 11696 1199 1419
1 11696 1419 2808
1 14360 14405 14381
1 14207 14202 11674
1 1488 10473 3876
1 1884 1885 1875
1 13615 11677 11108
1 1425 10475 6316
1 9230 10475 1425
1 12373 3520 11888
1 11679 865 14344
1 8615 2839 9264
1 1596 1600 10810
1 2615 11683 12656
1 14520 12172 11683
1 42 4 9
1 10856 3524 13049
1 14457 1343 7012
1 3126 8980 7079
1 10592 2284 13795
1 8446 5280 11711
1 14520 12915 4362
1 5280 5307 11711
1 4438 12807 4084
1 13192 8727 11976
1 12522 8737 4084
1 12662 6071 11897
1 12823 202 178
1 1974 9261 4088
1 13999 14681 699
1 609 3898 11721
1 10415 12275 3493
1 42 70 63
1 8470 14627 13862
1 3787 11729 10976
1 3787 3708 11729
1 2006 11496 1627
1 1701 11734 3019
1 10496 7412 11735
1 11735 7412 1214
1 5472 11736 1320
1 1551 1320 11736
1 3129 11739 1199
1 10749 3138 11739
1 1350 1346 11743
1 2513 2512 11720
1 2512 2447 11720
1 11275 13138 1455
1 13342 4092 14332
1 1434 3433 11724
1 4073 12983 2983
1 4085 8292 2159
1 2633 772 12306
1 10938 13929 9672
1 135 153 11750
1 3224 11750 153
1 1407 10690 11751
1 11178 11634 694
1 10609 2733 13408
1 13847 11470 10609
1 3598 6307 1594
1 2258 14554 13367
1 2258 11071 13446
1 14554 2258 13446
1 7175 11760 3367
1 11743 14608 1350
1 14272 13764 14240
1 7307 9263 1980
1 14347 13078 13853
1 1724 13158 11618
1 11618 11821 3190
1 13372 13473 7832
1 11752 13964 12631
1 11752 10078 13964
1 2272 4506 11754
1 9129 5888 3409
1 8305 5888 3510
1 9129 14546 12985
1 1884 1875 14313
1 2304 11400 9696
1 14407 10951 11756
1 14634 8281 11771
1 11771 13609 11986
1 3131 12748 3984
1 12748 3131 11195
1 249 10558 231
1 249 10611 10558
1 4097 7943 3752
1 8139 7943 953
1 12541 6389 12738
1 726 10411 1098
1 336 12541 329
1 9941 7651 3414
1 13663 13448 11673
1 1690 24 14
1 3787 3643 12262
1 3119 5203 11764
1 3454 1162 11778
1 11201 14657 4566
1 11781 3352 3392
1 8891 1752 13279
1 11782 7886 3504
1 11720 2447 11776
1 3779 11776 2447
1 325 343 350
1 1551 8274 10778
1 2411 8274 1551
1 11787 2383 273
1 11779 14184 12341
1 14184 11779 14428
1 2180 13669 14622
1 318 325 306
1 11943 4368 3833
1 14648 3833 4368
1 12292 3833 14648
1 12953 12190 11845
1 309 299 325
1 2925 11791 1510
1 12616 11791 2925
1 11796 8946 7478
1 12321 12683 4042
1 4470 12321 4042
1 1944 3591 12321
1 7528 4000 9953
1 6983 9953 4000
1 8853 9385 738
1 11803 314 12738
1 14627 14009 14597
1 14085 14009 14627
1 10022 3831 11948
1 10022 12573 4621
1 167 186 14437
1 3852 11438 11810
1 55 41 11811
1 14555 12413 7499
1 11808 14005 13759
1 3788 11677 899
1 11690 14343 12703
1 1457 14353 11815
1 11815 14353 2397
1 1096 11820 6696
1 11410 333 318
1 3190 11821 11410
1 12063 8212 14250
1 14286 12272 14214
1 14286 13273 12272
1 12415 14370 3481
1 3874 3312 2660
1 11618 333 11821
1 11821 333 11410
1 11769 9004 14445
1 1506 9932 13227
1 11726 11968 14186
1 14678 4057 12212
1 12212 4057 1345
1 12212 2613 13302
1 1843 1545 6132
1 3733 3231 11830
1 4105 3733 11830
1 3268 12409 5603
1 2056 12739 613
1 613 12739 4099
1 14355 8339 11143
1 6381 9496 267
1 1172 11836 14631
1 11836 1172 1726
1 14539 14548 14547
1 14376 13299 14008
1 3465 11838 8812
1 11034 12115 14359
1 7541 11532 1490
1 14177 12852 4084
1 3922 12631 3767
1 12953 11845 14077
1 11758 3984 8884
1 3330 1994 8884
1 7762 7473 12529
1 7473 7762 12527
1 8490 2021 11848
1 2232 2231 2419
1 10384 1179 3561
1 3561 14211 10384
1 11427 14361 14403
1 13733 3500 6961
1 13733 10353 8512
1 12873 11854 13881
1 10244 11864 3100
1 3284 3100 11864
1 3998 9794 12070
1 6132 1545 11868
1 9084 14485 12804
1 42 18 4
1 1929 12220 2083
1 14613 4657 13114
1 11995 3099 11630
1 7317 1994 9790
1 1734 1723 11877
1 2239 11878 9925
1 118 184 142
1 2955 11596 9616
1 4042 4328 14019
1 12954 4328 4042
1 11882 13482 2812
1 12595 2948 11049
1 9475 3764 12434
1 3465 3493 11892
1 979 14740 7999
1 11890 1524 9603
1 12546 1222 2048
1 987 9852 2024
1 1595 13406 987
1 11893 14283 13785
1 2867 12438 7634
1 11895 7300 14238
1 11897 6962 2808
1 12662 11897 2808
1 9843 3186 12029
1 2491 6989 6181
1 14639 13302 2613
1 1471 12348 1457
1 13339 8747 9126
1 3433 11905 11956
1 14608 1445 11905
1 1283 13916 14733
1 11617 9127 2462
1 11913 3594 3801
1 2852 2842 3764
1 11726 2197 12417
1 3734 3752 11915
1 3752 612 11915
1 1787 13849 6085
1 7602 10216 3026
1 95 14341 110
1 14503 11918 3881
1 11918 14503 10276
1 10790 2608 10932
1 10790 3210 2608
1 4045 11919 2911
1 11226 12371 1646
1 14295 4562 11920
1 13408 11920 4562
1 10349 4562 10478
1 6420 5196 10398
1 16 12256 8
1 8 12256 6172
1 338 3720 3228
1 3627 11061 3613
1 13786 2799 1966
1 11491 1222 732
1 48 42 33
1 42 21 33
1 9213 2172 8644
1 4090 12343 14319
1 89 106 10548
1 3051 10548 13534
1 13033 2390 1344
1 14173 12687 12103
1 55 11811 2419
1 13604 14633 10814
1 3115 14005 11808
1 247 10309 265
1 1246 3593 11937
1 3916 11940 11384
1 11940 11754 4506
1 10313 11926 1439
1 11729 8979 10976
1 14717 13942 11948
1 13942 1021 11948
1 1046 11178 11955
1 11955 11993 1046
1 11185 203 231
1 591 4010 12595
1 4010 2637 12595
1 1998 11945 14558
1 2649 13495 14480
1 33 21 12067
1 13667 1643 11946
1 13477 11946 1643
1 9887 3457 12910
1 10610 10691 13678
1 10691 14106 13678
1 12841 282 288
1 5010 11949 1146
1 11949 10205 1599
1 1574 14498 12229
1 11726 1088 11968
1 3779 9409 11776
1 4428 12823 4205
1 1319 11952 3848
1 4488 4205 12823
1 1221 12825 4214
1 4014 13443 8521
1 289 301 11297
1 4014 7164 13443
1 2413 1487 2500
1 13010 2500 1487
1 1720 2500 13010
1 11888 10308 13700
1 11979 3255 8293
1 3815 13841 8483
1 3737 2403 13841
1 3815 9709 13841
1 3737 13841 9709
1 2461 11219 2952
1 13504 13411 9859
1 13132 11889 6826
1 595 2635 10507
1 14632 11986 1382
1 10489 112 97
1 2119 3331 12296
1 203 11185 11573
1 11972 3105 14541
1 12845 12390 9205
1 9205 12390 7584
1 3215 2298 11993
1 9866 12674 14448
1 2593 11728 9581
1 43 42 63
1 9470 9676 1481
1 1680 12643 3488
1 7210 7942 14330
1 7210 14321 7942
1 205 13353 3526
1 13353 168 3526
1 11978 1201 4060
1 1418 11980 1204
1 3105 13637 6579
1 10374 13637 3105
1 325 350 357
1 184 97 112
1 13328 14436 11325
1 3268 5603 11994
1 11311 172 150
1 2046 3783 11207
1 2046 11207 2505
1 3050 10322 1052
1 1958 1052 10322
1 356 1570 364
1 10223 7968 8598
1 11677 12015 899
1 899 12015 14458
1 362 363 12209
1 12421 8303 12209
1 184 178 202
1 230 184 202
1 14542 12004 13359
1 2486 13299 11066
1 8243 9686 1074
1 8437 2850 8496
1 8351 14349 8228
1 2269 14634 12723
1 10962 12141 14451
1 7620 9914 12014
1 12014 317 4526
1 13937 5336 3314
1 13808 10856 7578
1 13808 3524 10856
1 12018 3255 926
1 12024 12214 8146
1 3473 7489 12214
1 7924 14310 14094
1 14092 7924 14094
1 3473 12024 7878
1 3473 12214 12024
1 3480 3945 6646
1 12051 11769 14445
1 14445 2902 12051
1 198 12034 223
1 2911 10529 1692
1 11919 14385 10529
1 12640 12164 3673
1 1043 14647 12164
1 9686 10319 5237
1 1426 6921 11521
1 12038 3568 9865
1 6578 12039 3643
1 13033 12039 6578
1 14485 9084 14604
1 14604 9084 4499
1 2572 11574 2938
1 14635 13145 9343
1 13257 3681 12062
1 7296 10047 13886
1 3747 12815 10318
1 3656 3263 12830
1 3215 12064 2298
1 10386 2298 12064
1 11915 612 613
1 13447 1185 2941
1 1974 11979 3211
1 14747 12071 14589
1 14372 14396 12049
1 12049 7210 6542
1 7618 2051 8824
1 6669 687 12054
1 687 1703 12054
1 12851 10444 3837
1 6071 3837 10444
1 2487 3903 11600
1 2487 11600 9986
1 12217 14369 14371
1 14371 14422 12217
1 12920 2305 9696
1 293 306 325
1 291 283 11297
1 12063 10870 14249
1 7723 12346 13411
1 11049 13477 12374
1 299 288 325
1 14209 10384 13120
1 2197 3699 12093
1 12093 14307 2197
1 14461 3666 12094
1 12973 12069 14242
1 14239 14242 12069
1 1036 215 13845
1 13845 215 1038
1 3430 13178 12072
1 4336 1220 1657
1 1657 14726 4336
1 14525 1793 12082
1 4303 14496 12082
1 4001 12136 299
1 6518 11835 1156
1 11835 10378 1156
1 2272 11754 13831
1 6514 8598 11079
1 6514 10223 8598
1 10708 4060 1201
1 11636 252 13760
1 1203 9889 13203
1 12112 3804 3740
1 2083 12112 3740
1 12113 14648 12817
1 12113 9049 14648
1 12390 2898 7584
1 9829 2190 12607
1 12607 4300 9829
1 2491 1251 6989
1 12096 1318 3819
1 1318 12096 9416
1 12644 4564 14230
1 3132 13074 1204
1 3132 9189 13074
1 2072 12973 1220
1 1224 1593 12942
1 1224 12942 10854
1 11602 13147 14616
1 3743 1226 12585
1 12102 11018 7278
1 12074 10114 10670
1 7278 3524 12102
1 7602 13456 10550
1 853 12129 637
1 14001 11242 3770
1 13590 11047 1278
1 11114 3129 1199
1 11114 1199 6962
1 12229 14502 1530
1 8884 8119 13073
1 12136 12841 288
1 10102 7369 8431
1 10102 2238 7369
1 7934 13718 12109
1 14479 12109 1561
1 11860 12138 14488
1 12139 2925 1510
1 10804 12139 1510
1 10962 14447 12141
1 11340 12141 14447
1 42 27 18
1 684 7335 8476
1 3126 10026 6932
1 10301 2069 1018
1 1467 12117 13758
1 42 43 38
1 1762 14418 12118
1 1762 12118 2114
1 13099 7369 4640
1 5 12076 3364
1 4573 9600 1261
1 9271 3464 1163
1 13806 3258 11996
1 3965 13806 11996
1 3148 13321 12359
1 13321 9158 12359
1 10344 719 8774
1 1551 11736 7143
1 14527 12126 770
1 6770 770 12126
1 12753 8220 2142
1 12051 2902 11589
1 9445 3628 7106
1 1711 10938 14426
1 2937 3673 12164
1 1108 9993 7211
1 1040 3752 12166
1 12166 10125 1040
1 12757 12758 3928
1 13057 2021 8490
1 8490 1598 13057
1 1161 12172 2749
1 4362 2749 12172
1 108 96 12132
1 10805 9371 8814
1 12282 1208 8824
1 10305 11613 14326
1 11613 14302 14326
1 12899 12483 2276
1 2276 14450 12899
1 10464 8218 14514
1 10464 3071 910
1 871 11545 9343
1 13758 235 1467
1 1645 254 14010
1 10805 3128 9371
1 3202 3200 1980
1 12644 2574 11513
1 12940 12966 4527
1 12644 11513 4564
1 6745 4396 12799
1 14347 7267 3901
1 4396 11461 12640
1 1198 3129 11114
1 3618 11901 14511
1 10558 11185 231
1 9139 9479 6896
1 2822 14177 4177
1 130 184 112
1 42 38 27
1 1947 14595 12207
1 1947 12207 1249
1 1113 8212 12163
1 14249 12163 12063
1 5106 7190 14263
1 14210 7190 5106
1 12050 14592 11591
1 1944 11591 11937
1 14019 4328 12953
1 1969 1967 2804
1 1969 3504 1967
1 1598 8490 14256
1 14256 14258 1598
1 666 14369 12217
1 12217 14422 14415
1 2590 9790 1185
1 7429 13374 3539
1 1114 12175 8212
1 14250 8212 12175
1 11900 10114 2083
1 11690 5793 14720
1 11690 14720 11213
1 10687 1428 10396
1 10086 1164 1162
1 14341 8642 110
1 12501 5932 3903
1 2568 12231 8479
1 7177 10172 12132
1 3709 12956 3789
1 13017 12760 14747
1 14240 9340 3954
1 273 3193 12191
1 273 12191 2065
1 12238 2543 1281
1 13241 14276 13467
1 3512 13241 8909
1 13617 13031 4488
1 2591 10267 9881
1 9216 4526 14690
1 7620 4526 9216
1 14411 13370 2028
1 14411 1753 14413
1 12883 9470 6452
1 14550 12883 6452
1 11170 131 150
1 168 141 8017
1 1224 12257 1593
1 12257 10320 1593
1 9890 318 306
1 318 9890 11410
1 14337 6988 11237
1 11237 9516 14337
1 10378 3787 12262
1 3956 1020 12264
1 1020 14235 12264
1 12716 1807 4122
1 168 8017 3526
1 11290 2898 12558
1 4418 12206 6514
1 13734 1440 6345
1 2942 12879 9854
1 14486 9854 12879
1 1751 10243 12208
1 956 362 12209
1 8490 3577 14256
1 12905 8245 3351
1 12905 3351 8291
1 2585 2045 8433
1 2838 11603 8737
1 2838 8737 12211
1 1051 12211 8737
1 2613 12212 10485
1 2811 4063 12213
1 7101 12213 4063
1 3493 12275 4153
1 1757 12214 7489
1 10415 528 12275
1 3705 11841 3744
1 11841 14189 13952
1 13028 4361 9986
1 3566 12218 3350
1 12282 12749 4003
1 3250 14573 12221
1 2588 9797 10656
1 1490 11532 6800
1 3631 3209 3543
1 178 184 157
1 6999 2974 12230
1 13802 4069 6630
1 1206 2790 11110
1 11939 9844 8495
1 1279 14306 11352
1 269 243 12587
1 1958 12291 2682
1 12291 14626 2682
1 7439 1918 13357
1 3673 12292 12799
1 14417 1768 12239
1 2027 12239 1768
1 12977 4347 1350
1 1161 12977 1350
1 14093 13458 3153
1 9348 3901 12885
1 14600 14487 13530
1 3505 11804 7057
1 10600 112 10489
1 2915 3080 11723
1 11723 3080 12364
1 5030 13414 1811
1 1811 13414 2765
1 8196 5609 9584
1 7750 12703 9683
1 14549 3191 12308
1 7384 12308 3191
1 8299 7219 11039
1 2733 13906 11920
1 13906 14270 11920
1 10488 7419 5532
1 5465 12316 2394
1 5465 9792 12316
1 1382 12318 1381
1 12318 12695 1381
1 14716 3814 9857
1 2299 559 12319
1 559 2911 12319
1 48 57 42
1 6518 1156 12266
1 7482 6518 12266
1 3628 10871 7106
1 12321 14590 1944
1 11646 180 194
1 11108 11677 3788
1 10846 1113 13819
1 13636 14597 14599
1 1055 13636 14523
1 288 282 325
1 9848 9490 4870
1 14671 3412 11796
1 8946 3412 7534
1 11790 7534 3412
1 282 293 325
1 14285 14214 12272
1 12272 8909 14285
1 3095 12332 9010
1 184 130 157
1 9204 1178 10018
1 4393 8178 10113
1 11841 3705 12260
1 14258 13657 1598
1 11170 12249 131
1 14338 11129 7412
1 11129 8367 7412
1 10475 8488 6316
1 2006 10170 11496
1 8121 1179 14219
1 1179 8121 1601
1 9569 11616 8990
1 10478 13267 10349
1 14295 10478 4562
1 11956 11905 1445
1 1471 86 12348
1 86 79 12348
1 10020 1766 14421
1 1766 10020 2025
1 2299 1692 10892
1 3566 5060 12218
1 11895 6404 7300
1 1734 11877 9549
1 1749 4716 10864
1 13616 12290 12598
1 2437 8126 12580
1 14406 12258 7213
1 9186 13462 7968
1 8814 13462 9186
1 1043 12164 12640
1 14217 10164 5010
1 12340 903 11100
1 13977 7473 8843
1 10157 8296 984
1 6345 13520 9355
1 1544 14198 9355
1 1538 2747 12622
1 2988 3090 11377
1 3709 8532 3453
1 3790 8450 6829
1 8660 3560 11816
1 10279 871 11390
1 1291 12144 10956
1 1624 14103 13880
1 8490 11848 2786
1 11377 10611 266
1 1036 9953 13567
1 13567 9953 13293
1 10665 12858 6766
1 13371 13948 1436
1 13371 13480 1404
1 12885 7267 6055
1 12373 3426 3520
1 591 12374 1426
1 12457 12376 14226
1 12311 12364 3016
1 12317 6036 9082
1 12317 1660 6036
1 3286 4506 12999
1 12320 9523 5559
1 3840 11695 3034
1 6687 910 3071
1 6687 7605 14668
1 9890 12825 1221
1 3491 11428 12580
1 14603 8810 2496
1 13971 12696 13713
1 5633 9099 12346
1 753 12392 10117
1 6999 7450 14496
1 12355 13780 11997
1 11702 1108 7211
1 3699 11198 12093
1 13617 10005 10600
1 12683 14617 4042
1 12954 4042 14617
1 2872 13018 11181
1 10015 9778 7942
1 12337 3532 9544
1 14726 1657 13601
1 12706 2090 12036
1 11031 14276 13241
1 14408 14380 13595
1 9883 769 14525
1 11617 11521 2510
1 1470 8467 12890
1 4090 106 12343
1 89 12343 106
1 8085 14251 7784
1 7784 3165 8085
1 242 14182 223
1 8960 12034 14578
1 12034 242 223
1 13411 12346 125
1 205 3526 8264
1 8264 3526 11646
1 11850 13659 14404
1 12348 69 14353
1 12348 79 69
1 14455 12418 3643
1 12262 3643 12418
1 612 8139 953
1 12343 12352 14319
1 10204 14540 12957
1 12225 2898 2915
1 9903 10047 1140
1 2274 12141 11340
1 570 12420 14049
1 12420 14387 13766
1 9467 12422 3666
1 3666 12422 14658
1 11591 1246 11937
1 12169 4004 4097
1 212 2752 222
1 12169 3680 4004
1 11722 4341 7463
1 1936 14593 13373
1 3181 3129 1198
1 13857 1506 14642
1 9986 4361 719
1 1346 4347 13000
1 5718 10430 5272
1 5718 9592 10430
1 13160 8498 8548
1 13909 14189 11841
1 10568 3870 13713
1 13713 1384 10568
1 2571 1623 11909
1 12688 13336 12587
1 7870 13336 12688
1 14229 1082 12769
1 11724 10197 1434
1 7013 10494 7573
1 3100 1299 10374
1 10374 1299 11490
1 13050 4042 14019
1 3121 14336 2848
1 764 14643 12366
1 656 12366 14643
1 13497 2450 8748
1 2172 7634 12438
1 2581 2762 13896
1 13656 14720 6646
1 1042 12292 14648
1 1215 4011 13138
1 12370 14299 10553
1 1510 12852 1049
1 13309 4438 12852
1 14241 12370 14272
1 152 3843 14680
1 14680 2414 152
1 1265 8036 661
1 8036 1265 2636
1 3317 13329 6324
1 6407 3539 13376
1 6407 1109 14206
1 3419 12451 8502
1 12451 3419 14378
1 2417 2222 12379
1 622 13158 1724
1 12469 4013 2069
1 10196 11525 12767
1 1973 8318 7065
1 3166 1155 13382
1 12963 7508 11516
1 13012 11750 14099
1 14079 14099 11750
1 11779 12341 217
1 189 11573 172
1 8946 7534 1302
1 5532 7419 5267
1 7491 3455 8979
1 2574 12644 14229
1 1835 8952 11938
1 14713 11868 3502
1 12264 12567 3831
1 1621 12401 1617
1 3779 8491 9409
1 12998 14091 13060
1 1992 5965 1620
1 3618 3892 14091
1 13193 10309 9582
1 12899 1726 12483
1 11868 12406 3502
1 1172 12483 1726
1 3837 3502 12406
1 12766 342 2164
1 2239 9925 13338
1 8724 4092 4870
1 8724 10877 14318
1 10693 14235 1020
1 733 12901 3001
1 3477 12713 8974
1 14245 2812 13482
1 1543 14246 12411
1 14555 13069 12413
1 7573 13518 12641
1 7573 10581 13518
1 14417 12415 3481
1 6151 1523 5707
1 13348 11325 10764
1 12984 4361 1455
1 5932 9386 12500
1 1246 12657 4566
1 363 12421 12209
1 1005 12424 2904
1 2904 12424 3155
1 14552 7904 13070
1 14552 13070 8527
1 12426 2170 14568
1 14184 9855 13348
1 14183 14184 13348
1 2300 1615 13461
1 1019 877 6404
1 1432 13797 7687
1 3556 1687 13284
1 3556 7646 1687
1 1741 4691 10656
1 1040 12169 4097
1 12169 1040 13015
1 14735 3061 3072
1 14258 14261 13657
1 13012 14099 9645
1 14264 135 14261
1 2847 12433 9589
1 150 172 12549
1 12549 11170 150
1 14621 4438 13309
1 9409 14180 11776
1 12434 9972 9475
1 14110 12436 7219
1 14183 6223 12587
1 14183 12587 12341
1 333 11618 343
1 8023 14182 242
1 343 11618 13158
1 2867 1310 12438
1 9213 2864 7634
1 5776 7634 2864
1 1051 8737 12522
1 14513 14507 14506
1 11930 1846 12409
1 1846 3270 14247
1 7748 12443 1194
1 12644 12964 14229
1 17 12921 11189
1 13230 2070 8288
1 332 317 9914
1 317 12014 9914
1 12148 3466 14460
1 12927 3466 12148
1 10602 12449 1009
1 2482 250 275
1 205 1569 187
1 22 11 44
1 11 5 44
1 22 44 30
1 12516 952 12454
1 3834 1969 2803
1 1969 6470 2803
1 10203 3067 660
1 660 1265 10203
1 12194 4222 12848
1 12657 12848 4222
1 11886 359 12462
1 3291 1013 12463
1 3291 12463 4015
1 11573 12549 172
1 7587 9731 10981
1 12726 3103 3102
1 12726 3102 9691
1 11408 5311 3071
1 11408 3071 1129
1 8773 14696 12551
1 903 8330 8830
1 11100 903 8830
1 12462 359 349
1 13892 12465 3432
1 8727 12585 12465
1 3432 12465 14638
1 14186 2011 12557
1 13631 9432 2032
1 10232 11994 5603
1 12466 12722 7769
1 4088 12466 9725
1 12559 4153 13492
1 702 1423 12559
1 12563 12728 1054
1 1054 3215 12563
1 1088 11726 3939
1 8990 1042 9049
1 8893 2762 2581
1 2847 9589 13498
1 1538 12622 737
1 308 13614 313
1 2458 13614 308
1 5579 14096 6378
1 1739 7317 11875
1 14381 14356 14360
1 3354 1998 9923
1 6618 8042 12921
1 11441 12701 354
1 344 354 12701
1 7940 2513 12395
1 8008 11462 837
1 1216 12573 1219
1 12573 1021 1219
1 12476 5880 769
1 12476 769 14526
1 12575 14326 14302
1 2184 12575 14302
1 10848 11756 2914
1 1575 1532 7108
1 7108 1532 764
1 1118 12481 833
1 1133 12481 1118
1 353 12421 363
1 14393 3861 10874
1 3175 13260 3846
1 2462 8532 3709
1 3876 2649 12859
1 2655 3301 10399
1 12584 275 250
1 2820 12584 12854
1 12391 12559 1423
1 2417 14093 12491
1 3937 12637 1284
1 89 12352 12343
1 14405 14384 8276
1 11297 283 289
1 3618 2674 11901
1 5550 10086 9271
1 3709 13094 8434
1 12595 11049 591
1 11841 12260 13909
1 12701 335 344
1 11522 12238 1281
1 1886 12499 13021
1 12602 14469 3931
1 12602 3931 14619
1 4139 14193 12604
1 3307 5829 10620
1 3187 13518 11265
1 2517 12572 9212
1 8126 14273 12987
1 12471 14049 2916
1 237 13010 229
1 3615 12505 3891
1 2794 2983 12983
1 2794 12983 14620
1 12505 1831 3891
1 1036 7528 9953
1 10398 1111 13527
1 528 13492 4153
1 622 365 357
1 3671 12551 13115
1 8593 3831 12567
1 11728 3267 12512
1 3127 2983 14615
1 13672 7263 1971
1 12513 2218 11588
1 8900 12119 1644
1 9165 8900 1644
1 3620 14511 12514
1 1128 12514 14511
1 10690 1146 11751
1 13933 11590 12516
1 595 12516 12454
1 14643 764 12517
1 764 1532 12517
1 12518 2005 12526
1 12636 14704 1735
1 14704 12636 14452
1 1560 7934 3303
1 10171 7934 1560
1 12557 4202 12809
1 3628 14514 5608
1 6988 979 9782
1 14326 14325 12684
1 11359 1692 10529
1 14446 2726 2269
1 12507 14184 14428
1 14442 12636 1735
1 1790 1328 12524
1 1382 1381 870
1 12638 3744 1819
1 3705 3744 12638
1 971 1648 12529
1 12524 7759 7054
1 2180 14622 10554
1 6151 7054 1523
1 4726 8354 5322
1 11930 12409 12654
1 14361 2485 14379
1 12532 5488 1210
1 1210 14082 12532
1 3572 12957 3351
1 14652 14698 12878
1 12638 12576 3705
1 656 12534 14745
1 656 1477 12534
1 2941 1185 5843
1 2590 1185 13447
1 3422 3421 2107
1 9762 14712 8330
1 282 12825 293
1 12825 12841 4214
1 12966 3669 12647
1 8330 12332 13618
1 7155 684 8476
1 7781 12541 336
1 8724 4870 2161
1 10472 6766 12858
1 12656 1161 2614
1 10780 2409 14179
1 2301 12560 3983
1 11201 4566 12657
1 11956 4047 1649
1 11552 11536 7482
1 1649 11724 11956
1 2048 2047 12546
1 212 222 12546
1 2159 9928 4085
1 2875 7677 12901
1 12364 3080 3016
1 3960 2858 12548
1 12548 13883 3423
1 9941 2490 7651
1 12807 4438 11988
1 3115 11808 13030
1 2242 2925 12139
1 2242 8361 2925
1 5506 12553 9221
1 12553 5506 3102
1 12670 11589 3763
1 14650 12670 3763
1 14305 14325 12672
1 1279 14305 12672
1 12558 2898 12390
1 5030 9571 738
1 12560 2301 1201
1 12560 1201 8019
1 9866 14446 12674
1 2269 12674 14446
1 1308 7620 10731
1 6602 5525 55
1 1318 11438 3819
1 14230 13126 14188
1 14072 13724 14551
1 10320 9252 612
1 12321 3591 12683
1 12683 3591 14617
1 14522 11657 11536
1 14357 12684 1873
1 1749 2872 11181
1 13123 12701 3716
1 7820 2962 12566
1 2825 13636 12687
1 7820 12566 7291
1 6529 12688 6223
1 7870 12688 6529
1 12769 12727 2574
1 4205 4488 13031
1 11120 1868 1873
1 3466 10744 12568
1 10744 3231 12568
1 14173 12691 2828
1 12691 14173 1047
1 5578 4782 4148
1 12693 3050 10537
1 10322 3050 12693
1 11169 2557 1784
1 10417 2557 11169
1 11070 9863 2420
1 2223 11070 2420
1 12704 11642 3218
1 12238 2611 2543
1 1194 12582 11721
1 12747 1281 4122
1 8727 3743 12585
1 11422 2045 5874
1 11456 1640 1649
1 13140 3311 11456
1 11359 10892 1692
1 3705 14303 13007
1 3705 9764 12260
1 13037 11576 4230
1 1281 12716 4122
1 12716 13037 4230
1 1699 3017 10853
1 5532 10863 10764
1 5267 10863 5532
1 14013 12278 14322
1 1452 13452 10541
1 9004 14573 11037
1 14573 3250 11037
1 1198 4062 8499
1 8499 3181 1198
1 2239 11110 4105
1 1206 11110 2239
1 8810 14492 14442
1 863 3477 12592
1 10088 863 12592
1 14536 14545 14542
1 3696 13988 12724
1 13626 8891 1491
1 9523 5973 5559
1 12825 306 293
1 9890 306 12825
1 2978 14308 14293
1 18 27 12727
1 2089 12727 27
1 12563 694 12728
1 12769 1082 12870
1 14369 12597 687
1 1637 145 177
1 12438 6911 2172
1 11357 593 2948
1 6223 12688 12587
1 10862 14713 3502
1 12941 275 12584
1 3124 1936 13133
1 3124 13170 12886
1 10383 1302 8270
1 1457 11815 8467
1 1670 14586 5500
1 3129 10749 11739
1 6353 2970 8161
1 1965 11508 3452
1 5824 4732 13097
1 14343 12609 1701
1 12609 14278 1701
1 12387 12610 40
1 40 12610 8140
1 12258 12611 7213
1 7213 12611 7564
1 3616 10522 3897
1 1118 10522 3616
1 4096 3748 1208
1 11574 12929 2938
1 12613 13900 9633
1 8391 4096 3679
1 4096 8391 3748
1 593 11357 7940
1 246 268 12742
1 14601 12742 14533
1 3841 1627 8289
1 11496 8289 1627
1 14636 12744 1724
1 12744 14572 1724
1 12352 6705 14319
1 6705 12352 11953
1 11806 12847 1247
1 13339 12616 8361
1 340 13763 353
1 11968 1088 14221
1 9140 2095 11599
1 11831 3537 13284
1 11831 13284 1687
1 3686 4003 12749
1 2181 12751 2381
1 2181 7713 12751
1 12622 2747 1537
1 12622 1537 737
1 12752 2240 3729
1 11110 12752 4105
1 14308 5187 14293
1 14308 7079 5187
1 1203 4063 9889
1 11108 3712 10590
1 1539 13951 8405
1 1637 8405 13951
1 7419 4000 5267
1 8479 12757 1087
1 3928 1087 12757
1 12799 12292 1042
1 3202 12628 3547
1 8479 12231 14221
1 12758 3939 1279
1 11352 12758 1279
1 12760 1247 14747
1 3161 1247 12760
1 12172 1161 11683
1 12084 14471 3872
1 14471 12190 3872
1 2633 10012 772
1 14295 11920 13560
1 11106 3237 3727
1 1618 12296 6720
1 7779 685 10009
1 12769 18 12727
1 3872 12190 3931
1 3931 12190 14617
1 12444 14473 3749
1 10894 12441 8940
1 2142 2765 12753
1 4453 1248 12760
1 1403 1100 170
1 10496 7519 3117
1 4 18 12769
1 13230 9340 14244
1 14636 3190 12639
1 12639 3190 2779
1 8891 10731 1491
1 12641 3187 1427
1 605 2582 181
1 12886 13362 14618
1 351 12886 334
1 9748 10910 7832
1 1382 870 7944
1 3123 12786 12178
1 13321 945 9158
1 14 6 12887
1 3400 6353 11846
1 3400 11846 1575
1 3314 4944 1781
1 4944 8488 1781
1 2173 6381 258
1 6351 7759 12524
1 3480 12945 3945
1 3712 9127 12655
1 2510 12655 9127
1 13577 3802 7713
1 13577 10760 3802
1 14732 11522 12747
1 12797 14230 4564
1 6745 12799 1042
1 1098 1552 11370
1 591 11049 12374
1 13084 14700 14750
1 12461 12220 1929
1 7584 12225 8155
1 1970 3502 12662
1 8264 14738 205
1 166 2587 12667
1 138 166 12667
1 13527 9366 8871
1 8871 10398 13527
1 3937 1284 12576
1 3789 4362 12915
1 14572 12814 14443
1 12814 14750 14443
1 2058 9569 13326
1 13326 9569 8990
1 2942 12113 12817
1 2822 2834 14176
1 12757 3939 12758
1 1088 3939 12757
1 4488 12823 13061
1 2184 10589 3928
1 13126 10589 14188
1 14549 1537 2103
1 12870 11430 9
1 9 4 12870
1 5608 8396 1451
1 7564 12699 7213
1 7564 2873 12699
1 10313 2795 11926
1 3603 2795 10313
1 12231 2570 14221
1 3931 8926 14619
1 10570 12553 3102
1 4239 10468 1880
1 12703 1701 9683
1 6329 13368 6132
1 9417 11838 13106
1 13476 158 182
1 3607 12707 1546
1 4527 9866 12940
1 5967 1546 12707
1 10012 3081 10945
1 11728 1744 2941
1 13361 10642 8838
1 1670 13377 10521
1 1670 2866 13377
1 12582 4214 609
1 4196 4214 12582
1 12825 282 12841
1 242 12034 8960
1 1764 2117 13401
1 1439 13401 2117
1 12194 12848 1246
1 12657 1246 12848
1 12917 2907 7870
1 6529 12917 7870
1 3513 12720 10084
1 3513 11972 12720
1 11837 8617 3001
1 12722 4088 7575
1 7769 12722 1658
1 3256 12723 14632
1 2269 12723 3256
1 9057 14215 14290
1 250 226 12854
1 14178 12854 13943
1 570 12392 12725
1 2047 1207 210
1 1207 2047 2048
1 1582 7520 11062
1 3669 14697 11733
1 4262 12742 12877
1 12656 11683 1161
1 1575 12736 3400
1 1575 7108 12736
1 12541 12738 329
1 12769 12870 4
1 1958 12827 12291
1 12993 14493 13072
1 11201 3881 11918
1 13133 1936 13373
1 3922 11752 12631
1 1264 12737 9188
1 13911 11854 12873
1 4099 12739 1041
1 13590 12873 11047
1 2944 11491 732
1 1929 11423 12461
1 7648 1561 11254
1 12865 2284 11394
1 14274 11394 14275
1 268 14646 12877
1 12877 12742 268
1 12878 3667 14652
1 3706 7491 13034
1 1311 12879 4368
1 2637 2948 12595
1 2602 6349 5609
1 733 8617 8115
1 3148 12359 9668
1 12987 12567 1684
1 12743 1421 3457
1 1421 12743 9768
1 13881 3025 11522
1 14732 13881 11522
1 13275 7520 12349
1 9047 3127 14748
1 4073 3127 9047
1 11119 13091 13867
1 1162 10062 9271
1 10790 12810 6793
1 3210 10790 6793
1 14385 1470 12890
1 4453 14589 12891
1 12891 14589 2682
1 3330 12748 3982
1 14229 12964 1082
1 1082 12964 3927
1 12049 2157 7210
1 12896 13631 2032
1 12349 1582 12896
1 12747 11522 1281
1 12898 12752 3729
1 3733 12898 3729
1 2133 14449 12899
1 14452 12636 14492
1 732 10814 2944
1 560 9140 11817
1 3761 10069 5704
1 10069 3761 3165
1 10962 1311 14534
1 10316 1124 10822
1 14485 14604 12066
1 12049 14396 2157
1 14372 14389 14396
1 2058 12856 14057
1 1729 14571 2270
1 11574 2572 8893
1 10661 12761 1852
1 9204 1852 12761
1 1854 1615 8078
1 1990 8078 1615
1 618 13580 14494
1 12899 11174 2133
1 14494 13580 13235
1 694 11399 12909
1 11254 7590 12763
1 7076 14574 14111
1 9887 12910 14012
1 2482 275 12910
1 13160 8548 12261
1 1969 2804 6470
1 12912 14460 3231
1 12912 3231 3733
1 1764 10020 10127
1 14520 3798 12915
1 12291 13032 14626
1 12766 12462 349
1 3161 11806 1247
1 3161 14658 11806
1 13224 1248 4453
1 14404 14384 12916
1 14404 12916 14729
1 7974 12767 2244
1 2244 12767 2241
1 7651 13268 14346
1 13268 4732 5824
1 8601 11913 3801
1 11877 14441 9549
1 14644 7076 14111
1 7353 3050 9559
1 3050 7353 8696
1 13157 12162 14641
1 12162 7353 1051
1 14267 14237 5588
1 9764 13007 12719
1 1860 13007 14303
1 11144 7375 12926
1 1784 2557 12929
1 14650 3763 2936
1 2936 13015 14650
1 12310 11313 2294
1 11850 13939 888
1 2011 11968 12930
1 1579 3173 12777
1 14431 1579 12777
1 12576 1284 11516
1 3735 3231 3707
1 11830 3231 3735
1 14519 11668 2749
1 4347 12977 11668
1 1327 6351 10945
1 1311 4368 11943
1 12282 611 12749
1 2309 12785 1196
1 13833 6329 6132
1 6132 11868 13833
1 1278 13812 126
1 10117 12392 13468
1 1593 953 12942
1 10814 732 13604
1 11808 13759 14127
1 5304 12456 12261
1 3186 10581 12029
1 1947 12950 14626
1 1947 13224 12950
1 12520 1539 8405
1 2274 11340 1171
1 699 512 1506
1 8479 1087 12797
1 6548 14506 3059
1 3067 6548 3059
1 6797 1781 13822
1 14608 14678 1445
1 7781 2967 12541
1 12781 12297 14495
1 276 732 257
1 13106 11892 9417
1 202 13047 230
1 19 44 10
1 44 5 10
1 14096 4948 6378
1 12963 889 7508
1 3216 12807 11988
1 855 9830 847
1 9135 498 14329
1 14097 10535 2218
1 2090 9638 13022
1 1591 2090 13022
1 195 14468 1638
1 12879 2942 12817
1 1434 12815 3433
1 12815 1449 3433
1 14633 868 10814
1 12818 3631 3543
1 3543 1112 12818
1 8642 14344 865
1 14341 14344 8642
1 12747 4122 1807
1 1512 12076 11
1 14683 14208 1102
1 1249 3127 14615
1 11561 11979 8293
1 13573 2524 14289
1 130 13061 157
1 14390 13398 2231
1 14492 12636 14442
1 8126 12987 1684
1 9055 9432 13631
1 2401 11249 4394
1 8486 3767 2016
1 1488 3876 12859
1 14287 11893 13449
1 13084 12001 14700
1 2937 12001 9729
1 12993 14445 9004
1 614 2882 1211
1 10205 1600 1596
1 7748 13400 12443
1 899 13000 4347
1 3153 9927 14094
1 2745 13050 14019
1 9523 12320 8028
1 13585 8843 11396
1 2021 2023 11848
1 2021 2028 2023
1 12255 704 703
1 9252 10320 12257
1 3752 7943 8139
1 4339 14591 13013
1 13013 12847 4339
1 7870 10505 13336
1 10522 833 1825
1 1118 833 10522
1 11966 13957 14243
1 14104 13730 7777
1 14603 11860 14488
1 13017 14589 4453
1 4453 12760 13017
1 10022 1021 12573
1 14629 13019 14071
1 12851 3604 1588
1 1588 10444 12851
1 749 1591 13022
1 13760 10879 8107
1 13984 12716 4230
1 553 11146 9768
1 14190 3696 10902
1 1320 10778 13779
1 9550 2005 12809
1 12557 12809 2005
1 9498 8673 7275
1 11423 14615 2794
1 1440 11079 10353
1 4361 13028 1455
1 10611 249 266
1 12643 12052 3488
1 13030 1423 3115
1 7076 14644 8733
1 126 162 13031
1 12728 694 12909
1 278 12858 253
1 10665 253 12858
1 14595 1947 13032
1 14595 13032 2826
1 12859 2649 3301
1 6172 14695 8
1 12 8 14695
1 7054 13294 1523
1 13037 1281 11576
1 12716 1281 13037
1 2292 1680 12867
1 1852 12868 12920
1 7028 12868 1852
1 11430 12067 21
1 11568 9135 3120
1 3120 2849 11568
1 31 8302 41
1 31 9243 8302
1 13260 3175 10805
1 7750 862 5793
1 6274 10862 1546
1 13504 10178 6248
1 13013 1247 12847
1 1873 1868 12115
1 1967 1590 12874
1 2810 1967 12874
1 202 12823 13047
1 6389 13357 2318
1 8127 9287 3606
1 13015 2936 13083
1 1057 11974 1509
1 14073 14509 233
1 8836 5626 10930
1 14374 9848 4086
1 11377 3090 3076
1 1638 14010 235
1 12670 14650 11733
1 13053 12878 14698
1 13053 14698 3918
1 237 229 8876
1 13165 237 8876
1 12554 2615 14609
1 12554 9458 2615
1 855 847 12737
1 11406 12883 14550
1 1811 12251 9387
1 272 10415 3465
1 9152 8888 12884
1 3901 7267 12885
1 3819 8966 12978
1 3819 12978 13808
1 7463 11555 12889
1 12889 1845 7463
1 1127 2674 12998
1 13058 9282 4339
1 13058 4339 12194
1 170 147 2408
1 360 351 12089
1 13061 178 157
1 13061 12823 178
1 4664 6766 10472
1 13856 4131 754
1 754 11563 13856
1 1693 3261 13938
1 3707 3231 10744
1 14692 14743 271
1 14692 271 10505
1 1174 8488 4944
1 13097 4732 6989
1 2056 10850 10163
1 3870 13755 10850
1 10163 10850 13755
1 10446 14569 1723
1 2505 2030 2032
1 2505 2506 2030
1 14445 13072 2902
1 14489 2902 13072
1 8291 3351 12904
1 3517 8291 12904
1 12905 8291 3111
1 10022 11948 1021
1 13619 2692 10937
1 13600 10937 2564
1 3107 8069 14536
1 12250 594 12395
1 2173 14568 12908
1 10386 12064 13669
1 8961 3912 11156
1 3449 8961 11156
1 1436 1405 13371
1 12911 1258 115
1 14461 12094 12444
1 2655 2648 1559
1 14481 1430 2656
1 1430 9951 2656
1 3680 13015 13083
1 2133 9729 13084
1 2133 13084 14750
1 5267 12917 6529
1 11726 1279 3939
1 8830 8330 13618
1 5707 1523 11462
1 3699 11726 14186
1 10234 9214 216
1 2184 11798 10589
1 3685 3686 14652
1 7564 14693 12922
1 7564 12922 11817
1 1489 3372 5776
1 5776 3372 2867
1 2065 254 273
1 14370 7245 14343
1 6151 12524 7054
1 1480 9830 12413
1 14619 8926 3591
1 3200 11702 12924
1 14321 7307 12924
1 660 14667 12925
1 13089 1216 12984
1 660 12925 1484
1 3103 12726 14537
1 13767 10417 11169
1 5203 3458 13478
1 1687 14260 8121
1 8441 13637 11490
1 6579 13637 8441
1 7296 2436 10047
1 9584 4085 9928
1 12932 1684 2289
1 637 13774 1262
1 8302 11811 41
1 9084 14696 8773
1 14519 8434 13094
1 3709 8434 12956
1 271 14743 12895
1 12854 12584 250
1 1109 13016 7664
1 14729 11850 14404
1 328 13123 9599
1 335 13123 328
1 11047 12724 1278
1 7762 1432 10717
1 12684 14325 1873
1 7705 2000 12938
1 12938 13008 14545
1 12557 1089 14186
1 2614 14640 12656
1 2067 13071 1220
1 13104 14172 2834
1 14488 14492 8810
1 2885 12949 1223
1 11089 13466 11966
1 1216 13089 12573
1 14703 14015 14042
1 1657 1220 13071
1 12074 14613 13114
1 4527 13115 14600
1 4527 3671 13115
1 1807 12716 12832
1 12979 14215 9057
1 12904 3351 12957
1 7777 13730 12959
1 148 13119 605
1 3010 12959 564
1 12879 1311 10962
1 9668 12359 3140
1 3140 12359 7557
1 101 13411 13504
1 12710 13121 1215
1 8752 12070 13121
1 11010 14175 12594
1 12940 3669 12966
1 11798 2196 3927
1 335 12701 13123
1 1087 3928 13126
1 10589 13126 3928
1 12993 13072 14445
1 8792 10084 12720
1 14488 8810 14603
1 7602 1648 13473
1 5094 323 5493
1 11066 13883 2858
1 11066 1252 13883
1 12972 1833 3884
1 3620 12972 3884
1 9282 4177 11603
1 6646 862 3480
1 2067 12973 14242
1 12973 2067 1220
1 343 13158 350
1 2826 13032 12291
1 14534 1311 11943
1 10020 13401 2025
1 3788 899 13094
1 2287 14299 13065
1 14618 12110 14472
1 3124 13133 13170
1 320 13133 310
1 13250 13031 162
1 1003 1888 11674
1 9794 12463 1013
1 9922 10643 12979
1 3512 8909 13118
1 13118 13273 14277
1 1944 12050 11591
1 622 14443 8927
1 4062 6071 10444
1 12985 8712 3510
1 12985 9657 8712
1 2581 11574 8893
1 7845 4382 9157
1 1509 10804 14172
1 14172 12019 1509
1 9569 2058 12986
1 2863 7036 10864
1 13104 2834 12050
1 498 13086 12694
1 12991 3555 8548
1 12991 8548 12391
1 14179 5271 7882
1 727 7728 12507
1 7728 14184 12507
1 13086 498 9135
1 14490 14444 13790
1 1539 12373 11888
1 3897 10522 9757
1 4616 11834 7586
1 12994 1136 2283
1 13028 11275 1455
1 8450 10821 1157
1 9209 13083 11860
1 14603 1633 9209
1 1633 14651 9209
1 622 350 13158
1 4073 9047 10925
1 1648 13797 12529
1 12781 13053 3918
1 272 2564 11637
1 272 11637 7524
1 11637 1556 95
1 9417 4338 11838
1 246 12742 14601
1 11309 12760 1248
1 14212 1689 9922
1 13170 13133 320
1 13584 3916 11480
1 13763 13005 353
1 353 13005 12421
1 3705 13007 9764
1 13008 2000 9002
1 12938 2000 13008
1 135 11750 13012
1 13968 13012 9645
1 1649 13140 11456
1 10867 2274 12999
1 14542 14545 12004
1 13774 14072 14551
1 13474 2504 1488
1 1488 9496 13474
1 1885 13893 1875
1 2840 14593 11634
1 11574 1784 12929
1 10761 13016 1109
1 2852 3764 7055
1 220 14718 13580
1 12441 14705 8940
1 12297 9549 14441
1 8752 13121 12710
1 9582 230 13047
1 8318 3608 3834
1 4428 13193 9582
1 8127 3834 3608
1 12572 2517 9597
1 3274 13223 9997
1 14450 11174 12899
1 1005 2904 13021
1 3019 14292 13023
1 13023 10514 3019
1 6687 9992 910
1 9643 11046 3054
1 9643 3051 11046
1 6168 6473 866
1 12119 1436 13237
1 8997 14596 11910
1 2828 14596 8997
1 8940 14590 12321
1 13132 13411 101
1 14602 2937 9729
1 9729 12001 13084
1 995 2568 4564
1 4564 2568 12797
1 3561 6383 8731
1 926 14683 12018
1 14486 14604 9854
1 14230 1087 13126
1 12977 2749 11668
1 13262 8036 8853
1 2936 12138 11860
1 7771 8090 4050
1 11126 4050 8090
1 9656 1520 13320
1 12930 2570 2011
1 14027 2955 12485
1 14221 1088 12757
1 13041 14013 14322
1 14189 12376 13952
1 12260 9764 13041
1 13048 233 13193
1 14489 13072 12138
1 2868 1751 9398
1 11113 2621 10740
1 8433 2621 11113
1 6399 10165 8019
1 3577 8490 2786
1 14613 1248 13224
1 14267 14297 6315
1 12207 14748 3127
1 13046 3378 14587
1 2525 7335 684
1 13051 9165 594
1 13051 1405 9165
1 6687 3071 7605
1 2298 2294 13052
1 3915 2218 10535
1 12558 13644 11290
1 12191 3193 7384
1 3288 8751 3517
1 3517 8751 8291
1 10665 13054 3507
1 12966 3671 4527
1 9319 9939 14097
1 13496 2300 7680
1 9227 75 7680
1 9227 84 75
1 13060 3617 2673
1 13060 8945 3617
1 7564 11817 13924
1 3398 10676 10204
1 5594 6422 14586
1 3306 6422 1563
1 10810 8762 989
1 10810 13703 8762
1 9403 1748 14564
1 7771 14457 14456
1 13064 1109 7664
1 7645 7306 4795
1 13065 2284 12158
1 13065 14299 2284
1 1480 13069 8527
1 14552 8527 13069
1 11380 8527 13070
1 2067 151 13071
1 3206 10761 13374
1 1418 1204 13074
1 7845 9157 1767
1 13876 1645 3317
1 12469 2069 6404
1 13793 12225 2915
1 13793 2915 11723
1 13078 1254 11746
1 2602 5609 13080
1 13894 12696 13859
1 13081 6873 5106
1 7999 11735 1214
1 1112 13361 9745
1 7728 13011 6696
1 1096 6696 13011
1 14323 14304 13913
1 13913 14304 14733
1 2072 10271 11966
1 9676 1264 1481
1 2287 12158 1139
1 7973 1127 9358
1 1582 12349 7520
1 5793 862 6646
1 9768 8498 1421
1 3206 13092 10761
1 13092 13608 9366
1 6602 55 4997
1 8792 3398 1997
1 14183 13348 6223
1 11184 6580 3314
1 13398 83 82
1 2378 13098 1644
1 13098 2378 12395
1 4072 13099 4640
1 4072 14375 13099
1 10498 8051 3532
1 14112 13100 10411
1 222 2752 602
1 10279 11390 13959
1 12838 13959 13960
1 12585 1226 14607
1 12261 9616 13160
1 1421 8498 13160
1 13106 11838 3465
1 3465 11892 13106
1 13823 11297 12089
1 351 13992 12089
1 7557 9158 2895
1 14394 13979 7575
1 12722 7575 13979
1 1413 3580 13116
1 1559 14585 3301
1 5609 6349 4085
1 5986 2872 7036
1 14283 14209 13120
1 3767 13122 2016
1 14194 2016 13122
1 573 7213 12699
1 14275 14241 14238
1 14241 11895 14238
1 14390 14395 13398
1 13129 6932 3121
1 9069 3328 13131
1 12580 11428 1143
1 11326 2586 3782
1 9432 2586 11326
1 7723 13132 6826
1 1128 13166 3061
1 9099 2748 155
1 3266 2589 10656
1 14480 14578 12034
1 12786 13681 12178
1 13681 12786 2858
1 14639 13140 13562
1 9755 3181 8499
1 2142 8220 13142
1 2765 13414 12753
1 2276 1172 13145
1 13145 1172 9343
1 9168 5684 4013
1 5229 2401 10439
1 12655 10590 3712
1 14685 1885 1884
1 1003 1884 14313
1 14413 3476 14411
1 7705 11081 1752
1 11081 13279 1752
1 13157 12199 8696
1 4678 13159 1580
1 11728 12512 11925
1 13523 3725 6922
1 2241 6922 3725
1 7012 13162 3455
1 13162 10976 13465
1 1282 13984 4230
1 14713 10862 6274
1 3059 3058 14667
1 3059 14507 3058
1 10631 3067 10203
1 14511 13166 1128
1 13167 768 14525
1 2881 1385 13168
1 10206 7528 1036
1 7375 13034 12974
1 1744 11925 11928
1 11928 11875 1744
1 11875 11928 3270
1 13948 11411 1431
1 11764 3225 3119
1 10553 7514 1681
1 8884 13073 2307
1 2307 13073 1618
1 13178 1446 12072
1 14609 1446 13178
1 8085 3165 13179
1 3761 13179 3165
1 3804 12605 13668
1 12605 10386 13668
1 2798 13182 3576
1 90 111 13388
1 9600 9280 1261
1 8756 12883 11406
1 11976 13985 6269
1 14276 14284 13194
1 14216 13194 14284
1 564 13199 3010
1 14383 3010 13199
1 3730 3237 11106
1 3730 11106 3809
1 7407 5010 10164
1 6381 267 258
1 9394 14642 512
1 8737 13208 4084
1 8737 4177 13208
1 12856 13326 1211
1 3846 6623 3175
1 9002 2000 13332
1 11945 13332 2000
1 13210 14214 14285
1 10672 13397 3212
1 14678 13562 1445
1 14408 13595 3007
1 10656 9797 3266
1 9422 12132 96
1 9881 10267 3265
1 12526 10695 13820
1 10695 11029 13820
1 3225 11764 13215
1 13216 11909 14076
1 13367 14553 2258
1 2159 8292 13219
1 10271 4336 12694
1 14358 124 141
1 13962 8971 13305
1 8017 13305 8971
1 7723 13411 13132
1 3408 13223 3274
1 10472 12858 278
1 14552 8756 5042
1 11019 1739 8573
1 13443 3954 8521
1 13670 11146 10142
1 1828 2970 8784
1 6353 8784 2970
1 10663 10313 1439
1 1597 1601 10663
1 2070 13230 14244
1 14234 9794 1013
1 7979 14247 2815
1 13232 6 15
1 3398 8792 14541
1 12501 1143 5932
1 14606 13233 4050
1 13233 1343 4050
1 2929 14282 13234
1 3017 13234 14282
1 1714 14425 14426
1 2119 12296 1880
1 10365 13236 10309
1 12454 952 13237
1 12119 13237 952
1 2660 3312 4949
1 12036 11282 750
1 1564 6655 13238
1 224 14585 1559
1 224 239 14585
1 224 5928 239
1 12618 3965 3250
1 11024 1272 11938
1 3532 1354 13240
1 1835 1272 837
1 11031 13241 13403
1 7870 2907 10505
1 12346 7723 5633
1 11313 321 311
1 13246 2390 13033
1 14607 2390 13246
1 1790 12524 6151
1 10610 1847 13195
1 2819 13195 1847
1 2510 14522 11552
1 14181 2510 11552
1 14649 2942 13249
1 14604 13249 2942
1 4090 7769 1658
1 14319 7769 4090
1 5094 14744 323
1 1790 6151 13252
1 1545 12406 11868
1 5550 10507 5336
1 5550 5336 10086
1 3561 1179 13254
1 1759 2024 2124
1 877 1019 13259
1 1019 14241 13259
1 3846 13260 5563
1 14337 11252 6988
1 661 13262 5494
1 661 8036 13262
1 13263 970 964
1 11396 13263 13874
1 2455 14018 11137
1 14018 3491 12932
1 10879 9205 3499
1 10879 3499 8107
1 4196 1221 4214
1 13573 3017 1699
1 10179 13573 1699
1 9416 12096 7578
1 11125 239 267
1 7882 12152 239
1 239 12152 267
1 14639 3311 13140
1 10592 13268 5824
1 3556 1147 7646
1 1147 6912 7646
1 3512 687 12597
1 9601 1552 11820
1 13270 3103 14537
1 3512 13118 687
1 14109 5756 11091
1 865 13428 3476
1 13272 10411 2539
1 13272 1098 10411
1 12887 6 13232
1 13118 8909 13273
1 2520 12884 8888
1 1563 6422 5594
1 13270 10236 3103
1 2911 11919 10529
1 10846 9345 3210
1 12144 1291 14504
1 223 14185 198
1 14182 14185 223
1 11242 13996 3770
1 1504 13996 11242
1 13279 1308 10731
1 9002 14537 12004
1 10674 11062 3458
1 11988 4438 14621
1 11988 14621 10876
1 3051 13534 3055
1 3051 3055 11046
1 6399 8019 1201
1 12398 211 2431
1 12759 7038 4015
1 10977 13454 10915
1 11290 13644 10977
1 12580 8126 3491
1 14744 9529 8899
1 9208 8899 9529
1 14290 13284 3537
1 1105 13285 3546
1 13285 10015 3546
1 9642 8163 13286
1 14251 13286 8163
1 5888 9129 12985
1 7803 8019 1200
1 13867 11527 3836
1 11527 2819 3836
1 13008 9002 12004
1 3915 11372 11588
1 13142 7439 7781
1 14704 10773 14570
1 14714 12409 7979
1 528 13292 110
1 3892 1832 8945
1 5626 9544 8932
1 10930 5626 8932
1 14612 13679 12177
1 262 13293 8023
1 13796 14504 1291
1 3118 10342 10885
1 2800 13462 1196
1 13462 2800 7968
1 13210 13322 10221
1 1835 1523 13294
1 13295 2976 1834
1 3400 10255 9656
1 12558 12390 158
1 14376 1252 13299
1 13299 1252 11066
1 8530 7267 13300
1 8530 13300 1140
1 13629 14224 14231
1 14678 12212 13302
1 12144 14655 13872
1 770 848 13304
1 770 13304 8120
1 124 13305 141
1 8017 141 13305
1 14076 11909 14103
1 7407 1600 10205
1 14097 3148 9668
1 8932 3532 13240
1 248 1039 264
1 12074 13114 14615
1 1510 13309 12852
1 4051 6578 7012
1 3884 13311 1453
1 10825 1453 13311
1 1762 1763 10280
1 8521 9340 13230
1 182 158 12390
1 182 12390 12845
1 11396 12974 13585
1 9633 13312 13517
1 2766 13312 1592
1 2885 1223 10854
1 734 10854 1223
1 727 13011 7728
1 13642 11137 13906
1 14410 2029 2120
1 2120 2029 1438
1 14428 8582 727
1 1544 13733 6961
1 10353 13733 1544
1 13318 3476 13428
1 14411 3476 13318
1 13319 1478 656
1 13319 656 14643
1 7534 3288 1302
1 2819 11527 13195
1 14422 14371 8022
1 14422 8022 1769
1 2103 1537 8213
1 10591 14001 2412
1 2861 10591 2412
1 9677 11508 1965
1 1344 10485 14455
1 3503 12874 8704
1 2300 13327 3128
1 13327 2300 13461
1 560 11817 14364
1 237 11268 13010
1 13328 7728 6696
1 7728 13328 11325
1 9683 10514 12147
1 13329 10717 3310
1 9972 4698 8234
1 13330 594 3544
1 8732 10481 7087
1 7087 10481 11282
1 13350 13474 6381
1 13801 2504 13474
1 12132 10172 108
1 13069 1480 12413
1 2056 613 13331
1 9002 13332 14537
1 4205 13031 13250
1 1344 12039 13033
1 14001 1504 11242
1 10591 1504 14001
1 147 115 1258
1 14387 14403 13766
1 14403 11586 13766
1 12387 20 14695
1 3760 7314 14723
1 1074 11438 3852
1 11438 1074 8966
1 1222 11491 2049
1 3085 14743 13421
1 13336 10505 271
1 13338 14623 1206
1 2239 13338 1206
1 10872 3273 14111
1 1758 2113 13088
1 2420 3155 10023
1 3354 14548 11945
1 3354 11945 1998
1 9848 13342 4086
1 4086 13342 14332
1 3770 8699 13343
1 13343 14001 3770
1 13052 11993 2298
1 13422 1715 1556
1 10937 2692 13422
1 1522 14674 2974
1 12230 2974 14674
1 14253 12499 13345
1 8234 9168 4013
1 14741 3123 12178
1 14673 1251 8530
1 14673 8530 7091
1 1019 6404 11895
1 75 61 13496
1 75 13496 7680
1 12206 1416 6514
1 13347 2962 14706
1 14398 2962 13347
1 1551 3768 2411
1 1468 3768 1551
1 14587 14583 8778
1 3874 8778 14583
1 1035 3821 11564
1 11564 10647 1035
1 13801 13474 13350
1 3140 7924 8095
1 3391 12426 1333
1 13054 3391 1333
1 13352 3422 138
1 10575 11729 3708
1 11078 13933 12355
1 13933 2388 11590
1 13320 10630 8784
1 12934 9332 3138
1 3846 11775 9225
1 3846 9225 6623
1 1109 13376 10761
1 6407 13376 1109
1 3537 11831 14209
1 3537 14209 14287
1 1408 14260 11486
1 1408 11486 11658
1 205 187 13353
1 187 168 13353
1 3787 11835 3708
1 12220 13358 2083
1 2083 13358 12112
1 4047 13140 1649
1 12217 14415 666
1 12726 13359 14537
1 13359 12004 14537
1 2241 3725 11962
1 8499 4062 7432
1 2309 9755 12785
1 13871 11066 2858
1 12886 351 13362
1 14031 1966 8409
1 13034 1155 3166
1 12974 13034 3166
1 2057 1225 13365
1 1547 3611 13366
1 12560 2306 3983
1 2306 3329 3983
1 2032 9432 2505
1 13368 6329 3265
1 10170 2006 2016
1 2016 11471 10170
1 3488 7813 13144
1 3488 13144 1680
1 2028 13370 1187
1 14415 1187 13370
1 360 361 14465
1 2587 2585 8433
1 2587 8433 2622
1 10411 13100 2539
1 9601 5237 1552
1 13372 2952 587
1 1640 1641 1649
1 6921 1641 1640
1 13373 14593 13648
1 13133 13373 310
1 13374 13376 3539
1 2866 1310 13377
1 11846 8459 12099
1 91 109 2021
1 13275 12349 14039
1 10069 3172 10373
1 13662 2580 14220
1 8387 9709 13706
1 10512 847 9830
1 3078 847 10512
1 5646 6470 2804
1 11721 12582 609
1 14274 12865 11394
1 14236 11033 14269
1 13391 10078 10909
1 2655 10399 14480
1 13199 8732 11034
1 7263 6399 11978
1 11541 9242 13393
1 9242 2106 13393
1 14063 10109 13640
1 14621 13640 10876
1 10109 10876 13640
1 13329 3310 6324
1 3210 9345 8331
1 14389 6556 10370
1 2223 6556 14095
1 14437 13484 151
1 13869 8696 12199
1 13869 12199 14088
1 2412 13779 12677
1 14333 3212 13397
1 2929 14289 13399
1 6745 615 13400
1 615 4363 13400
1 13660 1319 3715
1 3107 3098 8069
1 1435 13667 11946
1 3598 8560 6307
1 1113 1114 8212
1 12540 1114 1113
1 10250 13407 2904
1 14236 10728 11033
1 11555 11782 3606
1 5565 14203 13286
1 13881 11047 12873
1 7904 2249 911
1 232 252 13475
1 13475 252 10906
1 9657 3571 2055
1 9657 2055 8712
1 1811 2765 9529
1 155 2303 125
1 125 9099 155
1 159 3902 2484
1 1033 3902 159
1 2782 12208 10363
1 14560 2782 10363
1 2524 13515 14289
1 7219 12436 3306
1 9420 3306 12436
1 9055 4067 2621
1 13399 14288 14211
1 351 360 13362
1 246 228 3783
1 246 14601 228
1 14323 9148 1858
1 9852 10205 1596
1 3482 11997 903
1 11817 9140 13605
1 3458 10129 9645
1 3458 7520 10129
1 11600 3123 9986
1 9403 11533 1748
1 13647 3489 13267
1 12815 14022 10318
1 13518 3187 12641
1 10170 14192 13420
1 13420 11496 10170
1 13421 1525 9362
1 3085 13421 9362
1 11438 1318 11810
1 10163 5488 12532
1 13423 14346 1137
1 13423 3414 14346
1 637 13425 853
1 14058 3706 7375
1 14571 5461 13427
1 13318 13428 666
1 4015 3998 13429
1 14294 12759 13429
1 2621 2586 9055
1 970 7473 12527
1 3065 14553 13432
1 13432 14553 1478
1 9099 125 12346
1 2517 13434 2525
1 13434 2517 14290
1 11962 12598 2244
1 12598 14624 2244
1 267 12152 10771
1 13546 1930 13435
1 1930 14504 13435
1 13787 871 10279
1 8680 13826 2403
1 13439 14035 529
1 7335 13785 1700
1 9001 14482 13632
1 2659 14482 9001
1 14579 9001 13632
1 877 3954 13443
1 5494 1948 7605
1 14516 1126 10736
1 1854 10661 9371
1 12374 13512 1426
1 9903 3489 10047
1 13446 11071 914
1 14554 13446 914
1 2941 1744 13447
1 2525 13449 7335
1 14287 13449 2525
1 4562 10349 13408
1 12911 115 89
1 89 115 11953
1 14454 1159 14456
1 3130 10146 1199
1 8602 3917 13670
1 13843 8602 13670
1 4126 7664 5031
1 257 222 602
1 10691 14197 14106
1 272 9672 10657
1 13454 104 113
1 10977 13644 13454
1 7091 1139 14673
1 107 13275 91
1 13057 1598 13897
1 3432 13456 13892
1 7602 1433 13456
1 13165 11144 14024
1 3449 9927 13458
1 13458 9927 3153
1 5 11 12076
1 13327 13461 1854
1 2840 14171 9449
1 1539 11888 185
1 2876 12838 4363
1 8814 1196 13462
1 10630 13842 3624
1 13899 12363 964
1 13813 14053 10954
1 14043 12926 12363
1 1430 13464 14478
1 13465 8979 3455
1 13162 13465 3455
1 1219 1021 13466
1 13466 1021 13942
1 14501 6195 14498
1 14285 8909 13467
1 13241 13467 8909
1 14437 198 14185
1 1626 13994 11563
1 13292 7524 11637
1 13292 11637 95
1 2065 7384 8978
1 3480 7779 13770
1 14195 5600 10149
1 11017 11595 14127
1 5030 11409 13414
1 132 13476 104
1 11125 1488 14585
1 7618 12949 2051
1 12949 7618 1223
1 11764 5203 13478
1 7012 1343 13481
1 2595 1691 10468
1 7070 2595 11939
1 14245 13482 123
1 3885 3620 13483
1 3620 14512 13483
1 9256 14340 8836
1 14234 11127 14295
1 10478 14295 11127
1 13484 105 151
1 11837 3258 8617
1 13813 10954 11799
1 615 9569 12986
1 91 2021 13057
1 3500 8512 1588
1 1588 8512 2806
1 964 12363 7496
1 13330 13051 594
1 10255 14502 10457
1 167 2067 176
1 1142 14348 11470
1 4196 13960 1378
1 12804 14696 9084
1 11428 3491 13993
1 13993 9386 11428
1 14238 10301 2756
1 13028 3123 14741
1 3123 13028 9986
1 10485 12212 1345
1 2683 3891 13597
1 13492 2612 702
1 13799 12580 1143
1 6756 2238 10102
1 3186 13518 10581
1 13518 3186 11265
1 12559 13492 702
1 5997 13494 14388
1 2649 14478 13495
1 14578 13495 14478
1 12743 13557 9768
1 14247 9287 2815
1 2815 9287 8127
1 61 10697 13496
1 13497 4300 14057
1 13368 1843 6132
1 7648 2658 9131
1 13432 911 3065
1 13110 1880 6248
1 8896 3834 3606
1 8896 1969 3834
1 13520 1544 9355
1 12176 8446 4067
1 14610 14608 1449
1 14608 11905 1449
1 885 13848 14358
1 11783 11265 3186
1 3537 14287 13502
1 14287 13434 13502
1 1865 13768 13913
1 13118 1703 687
1 870 12618 12221
1 1880 10468 6248
1 13443 7164 877
1 14524 14044 13954
1 13441 9088 5954
1 11490 10603 8441
1 10647 2907 12917
1 13076 215 253
1 13677 1255 704
1 2571 11909 13216
1 2775 11359 13932
1 14385 13975 13932
1 13512 1643 14022
1 12373 8082 3426
1 2524 14283 13515
1 14288 13515 14283
1 11846 12099 1575
1 13517 13312 2766
1 7353 12162 13157
1 13331 2878 13859
1 2417 12491 3150
1 2417 3150 14313
1 327 13614 8765
1 6324 1228 13522
1 1066 8697 11148
1 8697 4394 11148
1 13263 8843 970
1 7473 970 8843
1 1504 13524 13918
1 1009 12449 3365
1 13226 2658 8102
1 11921 2658 13226
1 3054 11046 10308
1 3400 13526 6353
1 13526 13320 6353
1 13527 4991 3541
1 1214 7412 13528
1 10055 1214 13528
1 11046 185 13700
1 185 11888 13700
1 9601 12579 5237
1 4210 14367 3478
1 3478 14367 8354
1 2301 3983 9418
1 10872 14481 1429
1 9717 1254 13078
1 12601 13143 3485
1 14352 12601 3485
1 13536 14332 2606
1 2606 3212 13536
1 12529 7473 971
1 13605 6861 2873
1 11817 13605 13924
1 11144 12926 14024
1 11268 14007 11799
1 11564 3821 2907
1 9485 1126 11071
1 7042 14478 13464
1 14374 2159 13542
1 7305 13542 2159
1 13543 2390 1226
1 13543 1344 2390
1 9516 11237 1454
1 11586 14361 14379
1 13616 2240 2790
1 7689 13616 2790
1 1597 10663 1439
1 13718 1561 12109
1 14081 320 310
1 9868 13583 11225
1 12063 12163 8212
1 13440 2253 13991
1 10255 6085 13525
1 4050 11126 14606
1 10609 13408 13847
1 10045 6749 12884
1 7300 10301 14238
1 13549 1213 4012
1 1790 13252 10797
1 3134 9755 2305
1 7689 1047 12103
1 3423 8879 13919
1 3134 3181 9755
1 3312 10687 14575
1 1310 6911 12438
1 10740 3693 2622
1 13391 10909 14016
1 12015 9612 14458
1 2095 13852 2002
1 9910 13942 14717
1 11976 1433 3026
1 7602 3026 1433
1 1445 13562 4047
1 13562 13140 4047
1 12355 5550 13780
1 14606 13533 4052
1 7245 1702 14343
1 14254 3460 14204
1 1966 2799 13980
1 211 13943 226
1 211 14681 13943
1 12413 9830 855
1 13626 1752 8891
1 553 9768 13557
1 1625 14086 10283
1 14222 10283 14086
1 13662 14222 14086
1 3638 12540 12810
1 11962 2240 12598
1 11962 3725 13684
1 13560 11920 14270
1 14270 10693 13560
1 1122 2683 14089
1 2683 13597 14089
1 11817 12922 14364
1 11800 14599 14597
1 13427 10431 13935
1 12436 14110 4075
1 11195 13563 1202
1 84 9447 7795
1 84 9227 9447
1 11739 3130 1199
1 14639 13562 14678
1 738 13262 8853
1 133 2484 10376
1 10376 111 133
1 133 111 1074
1 14034 12471 752
1 1963 1970 8597
1 1036 13567 253
1 253 13567 278
1 1592 8578 1623
1 11909 1623 8578
1 13677 13557 1255
1 14348 13855 8879
1 13927 14376 13646
1 13646 14376 2455
1 7070 11939 1841
1 8051 1354 3532
1 1699 13571 5322
1 2691 1319 13572
1 11739 3138 3130
1 1813 13664 13895
1 11527 3452 10610
1 1965 3452 11527
1 2181 13577 7713
1 13388 9728 13578
1 10773 11996 14570
1 6844 9865 3350
1 1722 13580 618
1 2046 2505 9432
1 12926 7375 7496
1 9529 2765 2142
1 13583 105 11225
1 147 926 115
1 3387 926 147
1 3166 960 13585
1 13977 8843 13585
1 13567 13293 278
1 1637 14055 8405
1 13249 4499 12715
1 10663 1601 13587
1 13713 12696 1383
1 10129 13968 9645
1 13968 13275 107
1 167 176 186
1 13391 6861 1628
1 687 6669 14369
1 14369 6669 14371
1 8891 13279 10731
1 11791 13309 1510
1 11824 7432 2806
1 12376 14222 14226
1 7230 3454 11778
1 2173 13350 6381
1 12908 13350 2173
1 2734 12052 13907
1 13762 2106 3413
1 3413 3924 13762
1 13332 13270 14537
1 13595 14382 3008
1 14046 3706 14058
1 11078 12355 11997
1 2388 11997 3482
1 204 13760 232
1 1626 11563 8289
1 11645 1210 12073
1 12073 2057 614
1 10439 2401 4394
1 1431 13851 13948
1 13338 9925 13593
1 14527 7884 1327
1 7884 14499 1327
1 7028 4189 2591
1 3130 1200 10146
1 13639 3624 13597
1 8644 8710 3514
1 11984 13619 2395
1 13600 13619 10937
1 1210 14051 14082
1 14233 14239 14300
1 14239 14233 14242
1 3356 11023 268
1 614 11645 12073
1 12991 13030 3555
1 12991 12391 1423
1 2395 13600 2564
1 2395 13619 13600
1 14261 5375 13322
1 5375 14261 14262
1 13601 13578 14726
1 2302 2303 3843
1 1431 10633 2635
1 5336 2635 10633
1 14021 3848 13049
1 10856 13049 11952
1 13651 14633 13604
1 13604 732 276
1 10386 2294 2298
1 14399 13947 3904
1 10319 90 13583
1 13578 105 90
1 13601 105 13578
1 13092 3206 13608
1 13609 8281 1384
1 13609 1384 13713
1 12249 13454 113
1 529 4338 13439
1 9490 7305 3441
1 1965 11527 13867
1 8120 1573 7884
1 1573 9498 7884
1 1141 13853 11746
1 13611 971 960
1 13797 1432 12529
1 2124 9103 2114
1 1966 13980 13658
1 13530 9866 4527
1 9362 853 13425
1 4713 7131 12326
1 12831 10548 8194
1 12838 13787 10279
1 13909 14080 14189
1 1185 8550 5843
1 12867 13144 8679
1 9941 11388 2852
1 10478 11127 14269
1 13647 10478 14269
1 12485 2955 11595
1 2177 11791 12616
1 2177 12616 13339
1 12029 10581 2409
1 1184 1857 3329
1 11311 189 172
1 13092 3541 13016
1 239 11125 14585
1 13623 2612 528
1 13623 528 134
1 1504 10591 11889
1 1889 2895 9158
1 9069 13131 12920
1 2501 13626 13445
1 13399 8731 2929
1 13584 5461 11940
1 5461 11754 11940
1 11578 3870 10568
1 2486 7231 13299
1 13629 1624 14224
1 2283 1136 13630
1 13609 13713 1383
1 5304 14127 11595
1 13994 3838 14034
1 11563 13994 752
1 187 160 14409
1 8459 11172 12099
1 13421 14737 1525
1 14722 3730 9276
1 1298 13632 4075
1 10720 1617 12401
1 12812 14231 12914
1 9569 615 11616
1 3488 3486 7813
1 3486 14349 7813
1 234 3193 273
1 9475 9087 3764
1 9087 7055 3764
1 12434 3764 2842
1 2072 12069 12973
1 13630 13423 1137
1 13953 14016 10909
1 12699 2873 13953
1 13007 1860 12719
1 12296 3331 6720
1 3258 735 8617
1 1098 13272 10833
1 8696 7353 13157
1 8836 10930 2977
1 12986 4300 12607
1 12466 4088 12722
1 8599 13491 13638
1 11882 13658 13904
1 10853 10395 1699
1 13571 1699 10395
1 3801 13640 2177
1 14236 14269 11127
1 7974 10196 12767
1 4726 5322 5411
1 12617 1133 1118
1 13477 1643 12374
1 12374 1643 13512
1 2455 11137 13642
1 13646 13642 10609
1 185 11046 3055
1 13644 104 13454
1 1764 10127 14420
1 2455 13642 13646
1 12310 3228 3720
1 13886 13647 14269
1 1847 13678 1841
1 1840 9731 12830
1 12411 9731 1840
1 2258 1133 11071
1 12617 11071 1133
1 187 2691 3818
1 2691 187 3714
1 13650 1407 1595
1 14579 2658 9001
1 11921 9001 2658
1 2025 11926 2795
1 13651 251 1722
1 276 257 13759
1 10236 3102 3103
1 3671 14078 12551
1 1041 14078 3671
1 3592 2742 14087
1 3945 1767 13656
1 6646 3945 13656
1 279 8701 12180
1 9866 13530 14446
1 9959 11129 14338
1 13657 14261 135
1 14466 3237 14470
1 14466 3727 3237
1 270 244 14053
1 8578 1592 11032
1 13517 2766 8276
1 1487 229 13010
1 1386 2450 13497
1 11771 8281 13609
1 11311 231 203
1 14387 13659 14403
1 11850 14403 13659
1 3996 13661 10505
1 13661 3996 3715
1 10820 12667 3693
1 11976 8727 1433
1 12072 1435 3430
1 12072 3747 13667
1 10267 13368 3265
1 14226 13662 14220
1 175 179 13664
1 13664 179 162
1 13400 4363 12443
1 3225 3186 9843
1 13666 4931 4078
1 4078 1665 13666
1 3804 13668 2180
1 13668 10386 13669
1 12895 1262 636
1 13668 13669 2180
1 5806 3509 9629
1 11732 1225 2057
1 12073 5488 11732
1 1885 14685 14201
1 3917 8498 13670
1 7087 11282 749
1 14063 11205 10109
1 1427 11023 12641
1 8701 3627 3613
1 13631 1582 10502
1 1344 13543 10485
1 1127 13385 14550
1 1127 12998 13385
1 6274 14195 6614
1 1715 13422 14429
1 135 13012 13968
1 553 13557 13677
1 4210 10127 3479
1 3106 3329 12401
1 14579 9131 2658
1 10803 9131 14579
1 7307 3200 12924
1 10610 13678 1847
1 2057 12073 11732
1 11711 5307 7177
1 7177 5307 10172
1 12920 9696 11400
1 9939 9191 3148
1 13563 5646 1202
1 13681 13750 12178
1 3960 13681 2858
1 10370 6556 2223
1 283 291 2840
1 13361 1112 7061
1 13546 13684 3725
1 14102 13685 749
1 8000 11578 1377
1 8196 9584 13397
1 2491 6055 1251
1 2491 7893 6055
1 13884 12695 12318
1 14328 4713 12326
1 14216 1356 3559
1 3267 10303 12512
1 7375 3706 13034
1 14175 1047 12704
1 1047 11642 12704
1 1999 3352 11781
1 13116 3580 13696
1 8441 6281 1301
1 12251 1811 9529
1 9571 9387 5094
1 14259 4333 13703
1 13706 3801 3594
1 11205 14063 13706
1 13525 13452 9656
1 13452 1520 9656
1 13724 1120 14551
1 14551 1120 13963
1 13625 13232 15
1 11214 14388 13494
1 4052 13246 13033
1 14607 13246 4052
1 13033 4051 4052
1 6745 13400 11461
1 13292 95 110
1 11801 1561 13718
1 14552 5042 2250
1 2734 13907 2437
1 13799 2437 12580
1 13504 1737 13938
1 101 11889 13132
1 2812 10691 10610
1 6248 1737 13504
1 11247 3239 226
1 2124 6473 1759
1 13934 1427 3947
1 248 3947 225
1 7689 12290 13616
1 204 232 13475
1 9769 2863 10243
1 13985 11673 6269
1 3500 13733 8512
1 1440 10353 13520
1 4418 6514 13734
1 11913 8304 3594
1 13963 13440 14551
1 148 13739 13119
1 8602 3493 4153
1 11869 14735 4442
1 2655 12034 198
1 1842 13746 1693
1 13601 1657 105
1 3400 14502 10255
1 13752 2117 989
1 3870 2880 13755
1 10163 13755 2880
1 3100 10374 11972
1 13758 12117 195
1 195 235 13758
1 11962 13684 2240
1 13425 1262 3085
1 13478 13215 11764
1 602 13759 257
1 13605 11599 6861
1 10486 10740 2621
1 13374 2238 6756
1 14334 13750 3960
1 14639 9687 3743
1 13476 182 13761
1 182 13475 13761
1 945 13321 9191
1 2674 14091 12998
1 279 13236 255
1 279 255 8701
1 1479 13432 1478
1 13762 14351 2106
1 4507 4678 3785
1 14100 4507 3785
1 13763 8765 4507
1 11639 11790 3516
1 2107 2851 11485
1 3426 8082 7641
1 11974 13593 9925
1 2733 11920 13408
1 4551 14282 2929
1 2929 14217 4551
1 903 11997 9762
1 12420 13766 14049
1 7748 1194 11721
1 12641 11023 2192
1 13768 1865 887
1 13168 1385 11354
1 13427 13935 1384
1 3604 1545 6961
1 4623 12945 13770
1 13661 3715 3714
1 10954 3076 3090
1 10954 2924 3076
1 3298 13902 12180
1 13236 245 10234
1 279 245 13236
1 4706 12178 13750
1 12457 1819 3744
1 14226 1819 12457
1 13774 636 1262
1 13774 14551 636
1 13681 3960 13750
1 14596 2828 13775
1 3702 10386 12605
1 11268 11799 2988
1 11268 2988 1720
1 14655 4314 8596
1 13807 10600 10489
1 161 12398 13777
1 139 161 13777
1 2397 10991 10745
1 13780 1163 9762
1 13807 13617 10600
1 13934 11023 1427
1 1039 14646 264
1 11023 264 268
1 2065 8699 1467
1 1467 8699 3770
1 7491 3706 12484
1 1373 14068 14423
1 14068 1373 14083
1 3768 1468 196
1 12475 2450 11354
1 13996 12117 3770
1 1467 3770 12117
1 2674 3618 14091
1 6999 14496 8176
1 14290 2517 9212
1 9212 9057 14290
1 4691 5965 1992
1 4691 1992 2588
1 2524 1700 13785
1 14283 2524 13785
1 14031 13786 1966
1 2190 871 13787
1 2876 2190 13787
1 14630 8748 2450
1 2551 12144 13850
1 14532 4627 1793
1 14532 3078 4627
1 12038 13788 4716
1 13788 2168 4716
1 11945 2000 14558
1 13388 111 10376
1 13445 13626 1491
1 1729 14440 13790
1 14490 13790 14440
1 12601 13352 119
1 195 1638 235
1 7813 8351 3485
1 13144 7813 3485
1 13792 2313 14027
1 13343 2412 14001
1 13595 9788 14382
1 12220 3741 13358
1 13358 13579 12112
1 753 10117 13880
1 12433 2847 9516
1 243 12341 12587
1 243 217 12341
1 243 13440 217
1 13795 1137 14346
1 13795 2284 12865
1 1041 4165 8556
1 1041 8556 14078
1 11351 11525 6922
1 11525 13532 6922
1 13435 13796 14460
1 13796 12148 14460
1 2734 13799 1143
1 2734 2437 13799
1 8879 3423 11770
1 8701 3613 12180
1 13971 10850 12696
1 10630 833 13842
1 10488 5532 10173
1 9060 13802 14373
1 3412 10570 3516
1 3412 14671 10570
1 13766 11586 2916
1 13919 1254 9717
1 13919 8879 13855
1 1254 13919 13855
1 9225 7795 9447
1 14516 10736 3627
1 3352 1999 2170
1 14516 1120 1126
1 9529 2142 13142
1 93 12311 13767
1 13767 12311 10417
1 13482 93 123
1 3421 8351 8228
1 2289 14270 13906
1 3115 1423 1422
1 10938 1711 13929
1 13417 13899 964
1 1843 6961 1545
1 13914 13807 10489
1 11311 203 189
1 498 4336 14726
1 11508 8409 3452
1 3224 14079 11750
1 13795 12865 1137
1 13388 13578 90
1 12317 9082 4916
1 13329 13814 10717
1 13560 13809 14295
1 13809 10693 9794
1 103 13807 13914
1 12484 13810 14457
1 14457 13810 14456
1 12715 3670 8652
1 14655 8596 13872
1 4931 13811 4078
1 6770 13811 4931
1 848 4931 13666
1 10693 13809 13560
1 8974 13088 14414
1 1174 4944 1431
1 10633 1431 4944
1 12518 12526 1623
1 13812 162 126
1 11925 1744 11728
1 11658 11486 6912
1 7646 6912 11486
1 2602 13608 6756
1 1155 7491 13382
1 274 270 13813
1 14007 13813 11799
1 1582 11062 12176
1 12176 10502 1582
1 10464 910 8218
1 9868 11225 1098
1 11225 726 1098
1 6520 7716 11804
1 3819 13808 12096
1 13016 5031 7664
1 13536 4086 14332
1 1579 14027 12485
1 13792 14027 1579
1 9281 13491 12520
1 14682 13819 1113
1 12107 14361 11427
1 9148 14360 14356
1 9148 14356 1874
1 8021 11946 11369
1 14722 206 14463
1 14722 14463 3730
1 14105 5060 14561
1 5060 3566 14561
1 14653 1257 13834
1 12613 753 13900
1 13992 13823 12089
1 11621 5105 1997
1 11893 13785 13449
1 14327 13549 8367
1 9778 13285 3634
1 12363 12926 7496
1 10672 8116 13397
1 10592 13795 13268
1 11586 14407 2916
1 12370 10553 14272
1 12475 14630 2450
1 9891 14037 13826
1 14571 13427 8281
1 8281 13427 1384
1 93 12364 12311
1 11882 13904 13482
1 300 13648 291
1 2840 291 13648
1 2177 13339 8601
1 3507 215 13076
1 14660 215 3507
1 12500 9386 13830
1 5646 4060 1202
1 2551 13679 14655
1 1739 12654 8573
1 4068 14039 12349
1 13420 14192 10097
1 9332 12934 11543
1 11836 12639 14631
1 13833 6614 6329
1 12934 1856 10466
1 12484 14457 3455
1 12339 233 14509
1 3378 13046 2865
1 12177 13679 11689
1 9757 1520 13452
1 13837 14222 12376
1 13837 10283 14222
1 10165 1200 8019
1 13849 10541 6085
1 13522 13840 2383
1 9233 1741 2589
1 2685 13842 833
1 8642 134 110
1 2309 8814 2304
1 2309 1196 8814
1 13962 13914 10039
1 103 13914 102
1 278 13293 262
1 278 262 10472
1 14294 14020 12543
1 12543 14020 13750
1 6269 13192 11976
1 5411 5322 13571
1 11665 7687 3432
1 13847 13408 1142
1 124 13962 13305
1 13848 102 124
1 13848 124 14358
1 1972 3588 13274
1 2159 13219 11372
1 11930 1739 11875
1 207 13048 179
1 179 13048 13250
1 14006 10541 13849
1 14464 2086 13850
1 1431 2635 13851
1 12031 13948 13851
1 734 10835 10854
1 13853 13078 11746
1 12225 13793 2415
1 14348 1254 13855
1 3998 12070 8752
1 9516 2847 14337
1 752 4131 13856
1 13856 11563 752
1 13857 10196 7974
1 7974 1506 13857
1 10568 1384 13935
1 14011 11578 10568
1 1468 218 196
1 14049 13766 2916
1 14224 1624 12968
1 10885 11252 3118
1 8115 8617 735
1 10954 2762 2924
1 13989 1875 13893
1 14621 2177 13640
1 3171 11988 10876
1 13481 1343 13233
1 13872 1244 10956
1 14010 11226 1645
1 3118 14337 12958
1 12725 753 14365
1 12725 12392 753
1 1164 10086 13937
1 1164 13937 6580
1 12148 13796 1291
1 14044 12441 10894
1 1625 2580 14086
1 13867 13091 1965
1 13049 3848 11952
1 14065 13468 3838
1 13468 12392 3838
1 126 13617 103
1 126 103 13590
1 11976 3026 13985
1 13034 7491 1155
1 2582 1784 11574
1 2582 11574 2581
1 2181 8696 13869
1 2181 13869 9891
1 10937 1556 11637
1 14357 14382 9788
1 13893 1885 122
1 139 122 1885
1 704 1257 703
1 12786 2486 13871
1 2486 11066 13871
1 12144 13872 10956
1 12896 1582 13631
1 6324 13522 2383
1 14083 1373 12962
1 13813 270 14053
1 14612 12177 14075
1 14040 11732 8000
1 13874 13263 964
1 14277 14286 5641
1 3750 1207 2048
1 254 1645 13876
1 13876 273 254
1 13911 885 11854
1 3590 12941 4314
1 1818 3703 1091
1 9616 1421 13160
1 12451 12501 3903
1 1784 2582 13119
1 13119 2582 605
1 14672 1422 220
1 1422 14672 251
1 8701 12339 3627
1 13767 11169 13739
1 123 13739 148
1 12548 2858 13883
1 12696 13884 1383
1 11291 13884 12318
1 13403 13241 3512
1 14220 2580 13535
1 13886 3489 13647
1 13928 14276 11031
1 1057 12441 14044
1 1228 8090 1159
1 666 13428 11679
1 14026 3990 2302
1 1875 2417 14313
1 3694 11009 10740
1 3916 13584 11940
1 13534 10548 106
1 1818 13909 1280
1 1515 13889 14243
1 13889 1515 2292
1 13823 13675 11297
1 13675 291 11297
1 13370 14411 13318
1 11010 12594 13891
1 1433 12465 13892
1 13892 13456 1433
1 14083 94 14068
1 13894 12695 13884
1 2878 12695 13894
1 13812 13895 162
1 132 104 13644
1 14606 11665 13533
1 8000 2880 11578
1 13583 90 105
1 91 13897 107
1 13057 13897 91
1 12909 14595 2826
1 4488 13061 10005
1 117 8582 149
1 149 2002 117
1 2002 14036 14709
1 238 261 13898
1 964 7496 13874
1 1467 235 2065
1 235 254 2065
1 270 13899 244
1 13899 270 14043
1 1645 1646 13814
1 269 12587 13336
1 6085 10457 1787
1 6195 3298 1787
1 3298 14006 13849
1 1787 3298 13849
1 11354 1385 10679
1 3286 11354 10679
1 14385 12890 13975
1 245 13902 6195
1 13902 245 279
1 13904 93 13482
1 13658 93 13904
1 14423 14066 13777
1 12456 11595 2955
1 2289 13906 11137
1 7496 7375 12974
1 3616 3897 11061
1 11061 3897 1452
1 4073 10925 1936
1 10925 14598 1936
1 2303 3990 125
1 3960 12548 12433
1 13579 3741 12605
1 12099 9962 1575
1 103 102 13911
1 14635 9343 13912
1 11545 13912 9343
1 12812 13629 14231
1 12597 11679 14344
1 12180 13902 279
1 4314 12941 13983
1 13983 12941 12584
1 13365 2882 2057
1 14017 14345 14401
1 4090 14345 14017
1 13657 13897 1598
1 14077 11845 3466
1 14616 14077 3466
1 14387 14386 13659
1 11311 10906 249
1 3241 2313 1581
1 13919 9589 3423
1 14033 13537 14052
1 13273 8909 12272
1 98 12816 560
1 13257 99 98
1 12816 98 99
1 7564 13924 2873
1 13924 13605 2873
1 1286 12963 11516
1 1506 13227 700
1 164 703 14701
1 5932 12500 7231
1 12710 1215 4706
1 13250 13048 4205
1 13048 4428 4205
1 3452 11882 2812
1 1141 14348 1142
1 13267 1141 1142
1 11470 13927 10609
1 11470 11770 13927
1 2002 99 117
1 2002 13852 99
1 117 99 12277
1 11787 273 13876
1 9672 13929 2395
1 13929 11984 2395
1 12371 13479 11245
1 237 274 14007
1 237 14007 11268
1 1520 1825 13320
1 614 1211 11645
1 1211 4100 11645
1 13636 1055 12687
1 595 13933 12516
1 248 13934 3947
1 248 264 13934
1 10568 13935 14011
1 12681 914 13724
1 6559 3132 10793
1 1505 12117 13996
1 1505 195 12117
1 6580 13937 3314
1 132 13644 12558
1 103 13911 12873
1 13938 127 101
1 14087 12927 3592
1 14270 14235 10693
1 11325 14436 2539
1 13939 887 1865
1 12102 3524 12579
1 12579 3524 12978
1 13431 2222 2417
1 114 2222 13431
1 264 11023 13934
1 11089 10271 12694
1 10271 11089 11966
1 12719 2400 12278
1 9417 11892 13941
1 11783 3186 3225
1 1625 10117 13468
1 13512 14022 1434
1 13943 12854 226
1 8879 11770 11470
1 2506 214 190
1 570 12725 12420
1 11599 11179 6861
1 11179 11599 14223
1 14082 8715 8556
1 12991 1423 13030
1 2876 13787 12838
1 244 13899 13417
1 1511 12594 12704
1 13945 106 145
1 13945 145 1637
1 13947 14394 3904
1 13947 1658 14394
1 3952 8155 2415
1 8155 12225 2415
1 11411 1174 1431
1 11411 11453 1174
1 14701 192 177
1 9677 1962 11508
1 13952 12457 3744
1 13952 3744 11841
1 14718 1256 12793
1 13909 12260 1280
1 13096 11010 13891
1 14524 4632 13891
1 14457 7012 3455
1 587 10993 13689
1 13955 275 12941
1 699 14681 196
1 11614 12953 14077
1 14019 12953 11614
1 13953 10909 573
1 12699 13953 573
1 14431 2692 13619
1 556 14653 14045
1 103 13617 13807
1 103 12873 13590
1 13050 4632 13954
1 13955 14612 13898
1 13918 146 1505
1 163 1505 146
1 1491 11760 13445
1 12062 12277 13995
1 13995 13257 12062
1 12816 99 13852
1 14294 12543 1454
1 1454 12543 14334
1 887 14729 13958
1 13958 1870 13768
1 750 11282 10481
1 13373 13648 300
1 12500 14008 7231
1 12500 13830 14008
1 13959 11390 1378
1 13960 13959 1378
1 237 14024 274
1 13165 14024 237
1 12807 3216 12522
1 750 13961 12036
1 11940 4506 11384
1 124 102 13962
1 2048 2049 3750
1 13964 14038 12631
1 13964 10078 13391
1 2501 1752 13626
1 3007 3008 12989
1 14401 3438 177
1 14701 177 3438
1 699 218 512
1 5292 13843 10142
1 11892 13843 5292
1 274 13813 14007
1 13972 9887 14012
1 13955 261 275
1 261 14012 275
1 14070 529 114
1 92 114 13431
1 92 14070 114
1 2289 11137 14018
1 2289 14018 12932
1 132 158 13476
1 7618 13969 1223
1 14426 2753 2430
1 3870 13971 13713
1 3870 10850 13971
1 13911 102 13848
1 4230 11576 14301
1 14301 11576 10174
1 192 206 13838
1 1637 13838 14055
1 238 13972 261
1 1130 13973 14509
1 14509 13973 12339
1 1722 14672 11267
1 14653 13834 238
1 11247 226 250
1 13663 3026 10216
1 13348 10863 6223
1 3848 3525 13572
1 3525 3848 3188
1 13775 2828 12691
1 13975 3007 2775
1 960 13977 13585
1 637 12681 14072
1 13774 637 14072
1 2056 13331 13859
1 1842 14197 13746
1 3185 225 3947
1 8652 14051 3753
1 14394 1658 13979
1 12722 13979 1658
1 3848 13572 1319
1 13981 14624 1507
1 1507 1045 13981
1 12867 1680 13144
1 14360 13958 14405
1 10764 2539 10173
1 11325 2539 10764
1 11320 14349 3486
1 12072 13667 1435
1 11291 11986 1383
1 8470 2742 3592
1 1506 7974 9932
1 13964 13391 1628
1 13780 5550 1163
1 13984 1282 3648
1 3055 13534 13945
1 9748 971 13611
1 971 9748 13436
1 2878 12257 12695
1 2878 9252 12257
1 3188 13257 98
1 120 3188 98
1 11516 1284 1286
1 1222 222 732
1 12546 222 1222
1 2455 13830 9386
1 750 564 13730
1 13730 564 12959
1 3237 11960 13987
1 2550 13987 11960
1 13988 1800 1278
1 13988 1278 12724
1 13889 14239 12069
1 1418 14031 1962
1 1418 13786 14031
1 2047 212 12546
1 2058 14057 4300
1 12180 14006 3298
1 3512 12597 13403
1 351 334 13992
1 320 13823 13992
1 13993 3491 14018
1 2455 9386 13993
1 14032 3838 13994
1 13972 238 13834
1 11354 2450 1386
1 13689 13663 587
1 13995 12277 99
1 99 13257 13995
1 14196 3271 13746
1 3741 13579 13358
1 334 320 13992
1 12793 2612 13623
1 2572 2924 8893
1 1452 10541 14006
1 11207 228 214
1 13955 13898 261
1 11800 1244 8596
1 2857 12958 2847
1 2847 13498 2857
1 11267 13580 1722
1 14021 3681 13257
1 13938 1737 1693
1 14081 13675 13823
1 13998 14224 13837
1 14189 13998 12376
1 13943 13999 14178
1 14178 13999 699
1 8470 13862 2742
1 14003 1800 13988
1 14191 1800 14003
1 13958 13768 887
1 12944 3838 14032
1 14005 276 13759
1 14630 12475 1171
1 13976 14085 8470
1 14008 13299 7231
1 13642 13906 2733
1 12687 1045 12103
1 12968 13880 10117
1 3693 9422 119
1 13636 14599 14523
1 13843 11892 8602
1 11892 3493 8602
1 9677 1418 1962
1 11980 1418 9677
1 14009 11800 14597
1 1244 11800 14009
1 1818 12914 13909
1 14010 254 235
1 1377 11578 14011
1 14011 13935 1377
1 14012 12910 275
1 1195 190 14718
1 2292 12867 2279
1 13336 271 269
1 12895 269 271
1 9764 12719 14013
1 12719 12278 14013
1 2302 3843 3847
1 3847 3843 2799
1 251 13651 276
1 3447 12379 2222
1 204 12845 10879
1 1223 13969 12784
1 14703 668 14015
1 14416 14015 668
1 2873 6861 14016
1 13391 14016 6861
1 123 13767 13739
1 11800 8596 14628
1 11800 14628 14599
1 177 192 13838
1 13593 11974 1511
1 12255 164 136
1 2208 11265 11783
1 13945 13534 106
1 1041 12647 4099
1 1041 12966 12647
1 291 13675 300
1 7771 14456 1159
1 7771 1159 8090
1 276 13651 13604
1 145 14017 14401
1 106 14017 145
1 9932 1045 13227
1 101 13504 13938
1 3218 13593 1511
1 3171 3815 8483
1 10609 13927 13646
1 135 107 13657
1 135 13968 107
1 13657 107 13897
1 13168 8606 2881
1 12927 12148 1291
1 12927 13976 3592
1 3681 11018 3639
1 11018 3681 7278
1 3171 8483 12199
1 13216 1624 13629
1 1280 12260 13041
1 2857 13498 9717
1 14062 11910 13862
1 14020 4706 13750
1 11496 1626 8289
1 13761 13475 11311
1 101 127 13524
1 13941 11892 5292
1 14040 11480 1225
1 12815 1434 14022
1 14642 6953 13965
1 94 13989 13893
1 2762 14053 13896
1 14024 12926 14043
1 735 3258 13806
1 13918 13524 127
1 127 3261 146
1 127 146 13918
1 9189 14026 3847
1 11596 2955 14027
1 102 13914 13962
1 2873 14016 13953
1 14030 11974 1057
1 126 13031 13617
1 13975 2775 13932
1 14596 14629 14054
1 1962 14031 8409
1 1626 14032 13994
1 12944 14032 2580
1 13371 1404 13948
1 754 3841 11563
1 8289 11563 3841
1 5732 1714 10938
1 14101 13810 12484
1 570 12471 14034
1 14034 3838 570
1 888 13939 12278
1 204 13475 182
1 1386 14057 8606
1 13497 14057 1386
1 12180 3613 1452
1 12759 4015 13429
1 149 1813 14036
1 2002 149 14036
1 11106 13532 3809
1 8483 2403 14037
1 2098 14038 1628
1 13964 1628 14038
1 2086 11689 2551
1 14474 3794 13165
1 91 14039 109
1 4068 109 14039
1 14020 12710 4706
1 13041 9764 14013
1 1225 11732 14040
1 12255 703 164
1 14041 704 12255
1 14041 12255 529
1 204 10879 13760
1 14042 14015 1195
1 1195 12793 14042
1 274 14043 270
1 14504 1930 14464
1 207 233 13048
1 2753 3241 1581
1 91 13275 14039
1 13373 300 310
1 13760 252 232
1 13993 14018 2455
1 12974 3166 13585
1 14554 637 12129
1 637 14554 12681
1 14046 14058 3794
1 14477 14046 3794
1 3848 14021 3188
1 179 13250 162
1 12019 1057 1509
1 2745 13096 4632
1 13952 12376 12457
1 1875 13772 2417
1 1875 13989 13772
1 12812 12914 1091
1 10129 13275 13968
1 3317 13814 13329
1 10142 13844 5292
1 553 10142 11146
1 10142 13843 13670
1 1714 14050 14425
1 1210 3753 14051
1 14052 704 14041
1 14052 13537 704
1 13840 1159 14454
1 261 13972 14012
1 14053 244 13896
1 14071 2742 14054
1 14596 14054 11910
1 8556 8715 14078
1 14063 3801 13706
1 14055 206 14722
1 1385 13365 1225
1 11480 11416 1225
1 3238 3736 4134
1 13991 2253 2261
1 13998 13837 12376
1 1625 12944 2580
1 14065 3838 12944
1 12019 12441 1057
1 13989 94 92
1 14083 92 94
1 13954 14044 10894
1 3627 12339 13973
1 12371 11245 1646
1 2290 1515 1015
1 1515 13957 1015
1 14055 13838 206
1 106 4090 14017
1 14062 8997 11910
1 3801 14063 13640
1 529 14070 12962
1 2550 14075 13987
1 8204 3753 11645
1 3753 8204 3683
1 1625 13468 14065
1 1625 14065 12944
1 2878 13894 13859
1 13466 13942 1015
1 5732 4338 14074
1 2400 12107 888
1 888 12278 2400
1 14066 139 13777
1 139 14066 122
1 127 13938 3261
1 1818 1280 13916
1 12832 12716 13984
1 14024 14043 274
1 14084 3809 13965
1 7181 3670 12551
1 3670 8773 12551
1 14612 2550 13898
1 12180 1452 14006
1 122 14068 94
1 122 94 13893
1 1800 1813 13895
1 1813 1800 14048
1 14399 14069 14345
1 14399 3958 14069
1 1511 12704 3218
1 12681 13724 14072
1 12927 1291 13976
1 750 13730 13961
1 13664 162 13895
1 1579 14434 13792
1 207 14073 233
1 207 1116 14073
1 92 13431 13772
1 13989 92 13772
1 13900 753 13880
1 13679 3590 4314
1 14612 14075 2550
1 13216 14076 1624
1 1624 14076 14103
1 4632 13096 13891
1 13844 13941 5292
1 11614 14077 1245
1 2208 14079 14439
1 14276 13194 13467
1 13909 12914 14080
1 14231 14080 12914
1 14050 1714 1373
1 14074 1373 1714
1 8483 13841 2403
1 1539 185 13951
1 1377 11480 14040
1 1377 13584 11480
1 11480 3916 11416
1 251 276 14005
1 14042 12793 14703
1 12809 4202 2091
1 13825 12809 2091
1 192 556 14045
1 13869 14088 9891
1 636 13440 243
1 269 636 243
1 11732 5488 2880
1 1278 1800 13812
1 13812 1800 13895
1 13227 12687 1055
1 300 14081 310
1 13675 14081 300
1 14082 7181 8715
1 13963 2253 13440
1 13961 2091 12706
1 14616 3466 11602
1 12471 570 14049
1 1865 14322 12278
1 13939 1865 12278
1 13662 14086 2580
1 13862 11910 2742
1 14070 92 14083
1 13899 14043 12363
1 12605 3741 3702
1 3741 11922 3702
1 1870 14323 13768
1 2580 1626 13535
1 8483 14037 14088
1 269 12895 636
1 2580 14032 1626
1 14423 14430 14050
1 14050 1373 14423
1 1116 13991 2261
1 13898 2550 238
1 1116 2261 14073
1 14071 13147 2742
1 14189 14080 13998
1 12962 14070 14083
1 192 14045 14463
1 2434 3241 2753
1 13963 1130 2261
1 752 13994 14034
1 13537 13677 704
1 1244 14009 14085
1 14068 14066 14423
1 13440 13991 217
1 2745 14019 11614
1 1257 14653 556
1 13834 1257 1255
1 13891 12594 14524
1 1818 1091 12914
1 1057 14044 14524
1 14524 14030 1057
1 1245 14077 14616
1 13147 1245 14616
1 13615 1156 10378
1 1874 14324 1858
1 14306 14326 12575
1 3937 14192 12637
1 13768 14323 13913
1 14191 14709 14048
1 3937 12638 10097
1 14191 14003 3696
1 14191 14227 14709
1 14709 14227 2001
1 2206 1256 702
1 14035 13844 14033
1 14033 14041 529
1 2612 12793 2206
1 14230 14188 12964
1 14513 11655 837
1 2685 14089 13842
1 2257 3152 14095
1 9319 14097 2218
1 14099 14079 2208
1 12262 12418 14517
1 12956 14519 4362
1 14104 9550 13825
1 12938 14566 14677
1 14109 6626 11834
1 8299 11039 14483
1 14435 14185 14112
1 14241 14275 12370
1 602 14127 13759
1 3922 3840 11752
1 14174 9877 2838
1 9999 7354 1157
1 14182 14112 14185
1 14190 1084 14227
1 11516 14303 12576
1 1840 14715 12411
1 1840 13232 14715
1 14253 14204 9993
1 14684 14208 14683
1 14687 1403 170
1 3387 14686 14683
1 1100 1403 14686
1 1356 14284 8386
1 14226 14222 13662
1 12644 14230 12964
1 14274 14275 14238
1 14232 10935 14269
1 1515 14243 13957
1 11895 14241 1019
1 13889 12069 14243
1 14252 14205 5578
1 3537 13502 14290
1 13502 13434 14290
1 2929 13234 14289
1 14288 14289 13515
1 14299 14275 11394
1 1282 4230 13687
1 3704 14304 14307
1 11047 14732 12724
1 3760 14723 2037
1 2184 14306 12575
1 10877 2608 14318
1 14332 14318 2606
1 14352 3421 3422
1 14352 3422 13352
1 12725 14365 12420
1 14375 4072 9738
1 14362 14402 14409
1 3449 3904 14394
1 14069 3958 14401
1 14383 14381 3010
1 12890 14380 14408
1 2914 14363 4131
1 143 14413 1753
1 3481 14419 14417
1 14416 1195 14015
1 3479 9144 14421
1 2020 1187 1769
1 13370 13318 14415
1 161 14687 12398
1 175 149 14428
1 151 167 14437
1 13792 14434 2430
1 1345 14458 9612
1 13435 14504 13796
1 14466 14470 2086
1 2269 14448 12674
1 2276 14447 14450
1 14449 1726 12899
1 14500 1918 12753
1 12736 14502 3400
1 12144 14504 13850
1 14472 2076 14459
1 14464 14466 2086
1 14464 3727 14466
1 14506 11655 14513
1 3628 9445 14514
1 1122 2249 2683
1 3059 14506 14507
1 6533 8450 14518
1 3464 7152 14712
1 8876 229 14476
1 13810 14477 14456
1 14680 14476 3951
1 14476 14680 201
1 9877 11206 2838
1 2825 14173 2828
1 6351 14528 10945
1 14538 10084 4468
1 3398 14541 10676
1 14543 11639 14547
1 14565 3333 3353
1 14584 8102 12763
1 3371 11050 14584
1 13235 14601 14494
1 2615 12656 14609
1 13840 4054 2383
1 12554 14605 9458
1 14606 4052 13233
1 2613 9687 14639
1 14610 1449 14640
1 14640 2614 14610
1 11591 14592 14749
1 12950 4453 14626
1 14633 1722 14569
1 12290 1507 14624
1 14643 11188 2465
1 14697 3669 12940
1 3680 13083 14651
1 1040 14650 13015
1 12074 10670 14613
1 2086 14470 11689
1 14620 14618 14472
1 136 2222 114
1 14071 14054 14629
1 10670 10114 14473
1 14045 2550 11960
1 14543 14547 8245
1 14558 2000 7705
1 200 14676 1033
1 14676 200 14660
1 14660 1333 3333
1 7705 12938 14677
1 14663 9657 14546
1 9129 3511 14546
1 14543 11790 11639
1 3517 12904 14540
1 12720 11972 14541
1 3105 10676 14541
1 14660 3333 14676
1 14677 2164 11081
1 11779 14665 14428
1 2756 14271 14274
1 2648 186 199
1 167 151 2067
1 14554 914 12681
1 13070 7904 14556
1 3065 2260 1133
1 13963 2261 2253
1 2250 5042 1124
1 911 2249 2260
1 911 2260 3065
1 14667 660 3067
1 14554 12129 1477
1 1279 12672 14306
1 11352 14306 2184
1 14073 2261 14509
1 12481 2685 833
1 7973 9358 3072
1 9445 7106 14510
1 1129 14514 9445
1 2260 2685 1133
1 1122 2685 2249
1 14090 7474 1272
1 1130 14509 2261
1 2249 2250 2683
1 1133 2685 12481
1 14578 14478 7042
1 12553 14671 9221
1 3412 3516 11790
1 3098 319 330
1 11544 3104 3407
1 3284 11864 3104
1 11995 6227 3511
1 14578 14480 13495
1 1724 11618 14636
1 868 14633 10446
1 13030 11808 5304
1 14672 1722 251
1 14633 13651 1722
1 10446 14633 14569
1 14377 14350 68
1 14377 4359 14350
1 10387 1135 2282
1 12601 14352 13352
1 13927 11770 14376
1 14351 3414 13423
1 14378 3419 14349
1 14376 11770 1252
1 166 3902 1033
1 6471 14496 4303
1 14499 9498 7275
1 1795 14501 14498
1 6498 6563 14526
1 1395 14500 12753
1 12736 1530 14502
1 1393 1795 1394
1 14402 14358 141
1 14501 1795 1569
1 14738 6195 14501
1 14499 6142 7759
1 2973 6999 8176
1 14326 12684 2398
1 14323 1870 9148
1 11047 13881 14732
1 9923 9070 3354
1 3514 10204 3572
1 2170 2174 14568
1 12038 14560 13788
1 1998 14558 14557
1 12038 6844 14560
1 12218 5060 14560
1 1494 219 236
1 219 14565 236
1 14562 4916 9213
1 12908 14568 2174
1 8644 2172 14563
1 2174 13350 12908
1 1999 14559 2166
1 236 2173 258
1 14560 2168 13788
1 2169 14557 14558
1 3354 9070 14547
1 3333 1333 3353
1 14558 7705 1752
1 14611 6580 11184
1 4057 14678 14608
1 12191 7384 2065
1 345 956 339
1 2390 14607 1226
1 14609 13178 3430
1 14637 7687 11665
1 3747 1449 12815
1 14609 3430 12554
1 14639 14678 13302
1 345 362 956
1 3317 11787 13876
1 14637 11126 10627
1 12465 12585 14638
1 4057 11743 1346
1 4052 13481 13233
1 7384 3191 10783
1 7384 3193 12308
1 14517 11677 3850
1 3790 14712 7152
1 1350 2614 1161
1 4052 4051 13481
1 1348 14475 1347
1 1349 11100 14520
1 14520 11683 1349
1 14680 3843 173
1 1538 201 173
1 14680 3951 2414
1 10062 14518 3464
1 173 2748 1538
1 11674 1888 14250
1 1105 7211 14204
1 1884 14684 14685
1 1889 10870 14250
1 14251 11337 10623
1 14251 8163 11337
1 10623 2900 14251
1 14203 5565 14253
1 183 212 2047
1 171 3185 3224
1 2431 2434 14430
1 14432 2752 212
1 12398 14687 211
1 2752 14429 14433
1 183 210 3185
1 14687 196 14681
1 14599 2820 14523
1 1543 12411 14715
1 14196 13746 14197
1 2072 14243 12069
1 12567 14235 1684
1 2437 13907 14273
1 14232 14244 9340
1 30 39 14298
1 154 176 14233
1 14267 4781 14237
1 11033 10728 14244
1 1013 14236 14234
1 1488 12859 3301
1 3309 7175 14690
1 12647 3669 3734
1 14484 10588 6663
1 3370 11801 14581
1 13445 11760 14587
1 10521 2867 3372
1 9769 10243 3371
1 6800 1748 11533
1 13046 14588 2865
1 1670 2868 2866
1 3378 13445 14587
1 3371 2868 11050
1 3017 14289 13234
1 13399 14289 14288
1 257 732 222
1 13322 13210 14216
1 12979 10643 14215
1 5626 8340 14280
1 10980 14279 11404
1 3017 13573 14289
1 14292 9922 12979
1 3556 14215 10643
1 3017 14282 10853
1 143 128 2030
1 13088 1759 14414
1 12118 2124 2114
1 1769 2027 2020
1 2789 986 2026
1 128 143 1753
1 1753 2021 109
1 1762 2114 2116
1 2021 1753 2028
1 81 3473 71
1 1764 14420 1763
1 2922 14362 14409
1 3818 144 160
1 14365 753 12613
1 70 559 63
1 14364 2922 14409
1 12611 14693 7564
1 14409 160 144
1 120 3525 3188
1 120 144 3525
1 14384 13517 8276
1 120 14364 144
1 144 14364 14409
1 14402 187 14409
1 14257 9713 14265
1 10221 5375 14265
1 7646 14260 1687
1 14263 14257 1410
1 14261 3559 14264
1 3559 171 153
1 5375 14266 14265
1 14257 14266 1406
1 3577 1406 14256
1 7681 13116 7627
1 3575 1410 1602
1 225 4005 248
1 14266 5375 14262
1 2209 14438 2211
1 5375 10221 13322
1 14450 14534 11174
1 12742 14699 14533
1 3918 14698 1633
1 1633 14698 14652
1 3686 14651 14652
1 618 14494 14453
1 10082 14486 14451
1 128 1753 109
1 14464 13850 14504
1 11960 14463 14045
1 12422 11911 14658
1 14462 14503 12422
1 192 14701 556
1 3727 14464 14505
1 14075 14470 13987
1 14463 3237 3730
1 14505 14464 1930
1 14657 12602 14619
1 2076 360 14465
1 14701 703 556
1 14075 12177 14470
1 14618 14620 14656
1 12983 14656 14620
1 12461 11423 14620
1 11689 14470 12177
1 14623 13338 13593
1 3216 11988 14641
1 13669 12064 14622
1 3803 8747 7357
1 2242 7357 8361
1 2242 11878 7357
1 14641 11988 3171
1 3215 3863 14622
1 14636 1726 12744
1 10867 14451 2274
1 3256 2725 2269
1 3258 14570 11996
1 14705 14172 13104
1 14177 14176 12852
1 14705 12441 12019
1 12704 12594 14175
1 14172 1049 14176
1 2482 11247 250
1 211 226 3239
1 14170 14178 700
1 14599 14628 2820
1 14173 12103 1047
1 14590 14705 13104
1 2822 14176 14177
1 11206 14589 2838
1 2840 13648 14593
1 14174 1052 9877
1 14172 14705 12019
1 2825 12687 14173
1 11399 9047 14748
1 14594 14062 14627
1 14317 10932 2608
1 10102 8431 14706
1 14706 6756 10102
1 14333 9928 4086
1 1974 14317 9261
1 10877 4094 14317
1 156 140 14424
1 14423 13777 14430
1 147 170 1100
1 14425 2434 2753
1 156 14218 1356
1 14427 2430 14434
1 1711 14426 14427
1 14425 2753 14426
1 153 171 3224
1 14708 13216 13629
1 14665 175 14428
1 14708 13629 12812
1 13535 1626 11496
1 2001 2095 2002
1 14048 1800 14191
1 14224 10283 13837
1 4202 2570 2091
1 14220 13535 11496
1 14708 14225 2571
1 229 1487 208
1 1487 3951 208
1 14474 1348 14454
1 14101 3706 14046
1 13615 3850 11677
1 8876 14474 13165
1 8876 14475 14474
1 14474 14454 14477
1 14477 14101 14046
1 14475 8876 14476
1 3794 14474 14477
1 14714 10232 5603
1 14197 14245 14196
1 2582 209 181
1 3266 14195 10149
1 11785 14198 6066
1 14107 1841 11939
1 3264 14108 10267
1 1178 10981 11785
1 5430 6066 14198
1 14107 1847 1841
1 13678 14106 1841
1 14713 6274 6614
1 14246 14198 9731
1 14198 11785 10981
1 14271 3383 7997
1 1011 6315 14268
1 14239 13889 2292
1 129 154 14233
1 1512 14298 9093
1 7987 14237 1017
1 154 129 14098
1 14274 14238 2756
1 44 68 59
1 44 59 53
1 14241 14272 14240
1 12865 14274 14271
1 14233 14300 129
1 11031 13403 14341
1 14339 14368 5411
1 13580 14718 13235
1 14367 682 8354
1 5735 3152 14312
1 14398 8431 11249
1 12566 2962 14398
1 3441 14400 9490
1 14399 1658 13947
1 3958 3438 14401
1 14396 10370 14392
1 3437 14399 3904
1 9316 14392 14397
1 5624 5106 14263
1 156 14432 174
1 13322 3559 14261
1 14213 11404 14279
1 14284 1356 14216
1 14216 14285 13194
1 14292 12979 9057
1 13240 14213 14279
1 14216 13210 14285
1 13240 1354 14213
1 13322 14216 3559
1 1685 14265 9713
1 3556 10643 1147
1 14424 14432 156
1 11634 14593 14598
1 529 14035 14033
1 12424 14315 3155
1 3172 11447 14314
1 2900 14314 11447
1 3150 1883 14313
1 10250 3155 9863
1 3760 14312 2257
1 14724 9939 9319
1 3761 14315 13179
1 14316 8160 5579
1 12491 3153 3150
1 7924 14092 8095
1 1212 14309 12326
1 14335 12434 2842
1 587 2952 10993
1 195 181 14468
1 10462 972 2458
1 8368 11389 13480
1 13473 10216 7602
1 195 1505 181
1 2460 7354 9999
1 2510 11521 14522
1 964 14521 13417
1 6652 2950 2460
1 14383 11034 14359
1 80 86 1471
1 14731 9792 2917
1 14402 168 187
1 14358 14362 14730
1 13958 14729 14405
1 14404 14386 14384
1 14693 14730 14362
1 14383 13199 11034
1 12916 14384 14405
1 14380 8467 14354
1 14358 14402 14362
1 13939 11850 14729
1 14684 1003 14202
1 7211 9993 14204
1 14255 6492 13450
1 8085 5565 14251
1 14249 14682 12163
1 14207 11674 14250
1 14208 14684 14202
1 14201 14683 14686
1 14733 14304 1283
1 14304 14323 1858
1 1858 14307 14304
1 14325 14326 14306
1 12916 14405 14729
1 1471 1457 1470
1 11756 10951 14731
1 14731 2914 11756
1 14386 14387 14365
1 14365 14387 12420
1 13975 12890 14408
1 8276 14381 14405
1 14362 2922 14693
1 14434 1711 14427
1 183 3185 171
1 14426 2430 14427
1 1714 14426 10938
1 14431 13619 11984
1 14201 161 139
1 661 5311 10631
1 1478 14553 1477
1 14666 6687 14668
1 13367 14554 1477
1 10203 1265 661
1 14555 7499 9470
1 14556 911 13432
1 11869 10584 3061
1 3059 14667 3067
1 14556 13432 1479
1 280 322 292
1 286 280 14666
1 224 14467 5928
1 3185 3947 14439
1 13478 14099 13215
1 2211 14098 2209
1 2211 154 14098
1 2211 176 154
1 1559 2648 199
1 12566 14398 7291
1 2401 14398 11249
1 9490 14400 4870
1 3958 3913 3438
1 2231 2232 14390
1 11214 14390 2232
1 13494 14395 14390
1 1393 213 187
1 14743 14737 13421
1 10270 14531 8833
1 769 13167 14525
1 14531 7746 14529
1 14530 765 1532
1 1574 12229 1525
1 14692 13661 3714
1 12739 4165 1041
1 4096 3685 3667
1 1633 12614 3918
1 12297 14441 14495
1 14697 12670 11733
1 3673 3833 12292
1 10125 11733 14650
1 3679 1039 3751
1 3680 12169 13015
1 4005 3751 1039
1 14487 14600 12804
1 14357 2398 12684
1 10282 2398 14357
1 14383 14359 14381
1 14729 887 13939
1 14354 11815 2397
1 13523 14505 1930
1 3727 14505 13523
1 14471 3707 10744
1 14471 12084 3707
1 3736 3803 4134
1 4393 10113 3802
1 13546 12912 3733
1 4105 11830 3735
1 3650 14469 10276
1 360 2076 12110
1 2076 14472 12110
1 177 13838 1637
1 14342 14721 7878
1 14494 14495 14453
1 14490 14487 12804
1 14534 14447 10962
1 14601 14495 14494
1 14704 14452 12993
1 14452 14493 12993
1 11340 14447 2276
1 14495 14441 14453
1 14453 14441 2728
1 2496 8810 14442
1 14493 14452 14492
1 14178 2820 12854
1 201 1347 14476
1 221 201 1538
1 201 221 1347
1 1537 2747 8213
1 234 4054 221
1 234 2383 4054
1 1538 737 221
1 133 3817 159
1 4698 14309 8234
1 14328 12326 14309
1 14328 14309 4698
1 3123 2486 12786
1 14329 10376 3120
1 12958 14337 2847
1 2842 11388 2860
1 14335 2842 2848
1 2860 2848 2842
1 133 1074 3817
1 14740 979 6988
1 14578 7042 14625
1 14479 3303 12109
1 3303 1429 2656
1 14575 10687 2469
1 14110 1299 4075
1 10620 14483 7428
1 9420 12436 14482
1 9997 10872 14576
1 186 2648 198
1 656 14745 12366
1 2631 9280 9600
1 14743 14692 14737
1 9600 1264 2631
1 9600 1481 1264
1 3714 213 14692
1 3081 13811 6770
1 847 768 13167
1 768 847 3078
1 9188 847 13167
1 12517 1532 765
1 1574 1394 1795
1 2828 14594 2825
1 13983 14628 4314
1 14523 14170 1055
1 12950 13224 4453
1 14749 1246 11591
1 211 14687 14681
1 2820 14170 14523
1 211 3239 2431
1 14225 14710 14187
1 14221 12757 8479
1 1084 14190 14193
1 11513 995 4564
1 13048 13193 4428
1 1803 1089 14187
1 14227 14223 2001
1 12964 14188 3927
1 14228 14187 1089
1 3699 1089 11198
1 10902 3696 14732
1 14229 12769 2574
1 1813 14048 14709
1 12557 2005 14228
1 14080 14231 13998
1 1819 14226 14220
1 1084 9431 14223
1 14187 14228 14225
1 14228 12518 14225
1 3696 12724 14732
1 1087 14230 12797
1 14194 13122 4139
1 14710 14225 14708
1 14665 217 13991
1 175 14665 11548
1 4139 12604 14194
1 12812 14710 14708
1 14665 13991 1116
1 3937 12576 12638
1 14665 11779 217
1 3918 12297 12781
1 2133 14750 14449
1 14571 2272 13831
1 618 14453 2728
1 12793 1256 2206
1 1195 14416 165
1 1172 2276 12483
1 1729 2726 14440
1 165 143 2030
1 1729 2270 2726
1 165 14413 143
1 14572 622 1724
1 1726 14572 12744
1 14570 1735 14704
1 11877 1723 2728
1 622 14572 14443
1 11877 2728 14441
1 618 2728 1722
1 2276 14635 11340
1 14495 14601 14533
1 2496 12614 14603
1 14488 12138 14493
1 14444 14490 14485
1 14602 11174 14534
1 14534 14450 14447
1 14487 14490 14491
1 14699 12781 14533
1 2936 14489 12138
2 2338 4263 4901
2 2761 2370 3000
2 5725 4855 2367
2 1008 4251 2326
2 14150 3167 8183
2 5321 6853 14146
2 14144 2410 8183
2 2376 8953 4857
2 14150 387 3246
2 2362 5680 1630
2 14139 439 4121
2 6784 7960 1586
2 4856 2373 4354
2 4283 4419 4282
2 387 5048 5150
2 4777 2266 2343
2 2355 4897 4311
2 834 14132 14161
2 1792 8874 4830
2 439 14139 4831
2 3402 8153 5417
2 834 6231 14132
2 4037 5244 557
2 14132 6231 958
2 4280 5981 921
2 3278 5537 2182
2 14153 1894 14156
2 550 5149 912
2 4460 14129 5458
2 929 4246 4279
2 961 4036 1664
2 14129 14160 958
2 2370 2369 2426
2 2329 6707 990
2 1069 2333 4229
2 5152 4160 5677
2 5926 1792 14141
2 2246 834 14161
2 961 1664 4035
2 5476 2078 4107
2 958 8185 14132
2 5984 14153 5691
2 5691 14153 14156
2 4460 14160 14129
2 2345 4823 1391
2 2333 2075 4229
2 4824 5571 3508
2 3508 5291 5737
2 921 4281 1056
2 921 1056 4039
2 2367 4855 2129
2 4252 7755 5068
2 4928 5678 4035
2 3540 4825 1709
2 4158 1483 5674
2 2333 1922 1366
2 2322 4400 5357
2 2346 1798 4853
2 2346 4853 2332
2 1391 4823 2344
2 2344 4111 1391
2 14162 751 2246
2 14158 14159 990
2 990 14159 2330
2 4820 14125 2322
2 191 1586 4777
2 4626 4170 2454
2 2991 4777 2343
2 4580 2343 4854
2 1366 4853 4381
2 2330 5801 990
2 4034 1631 5310
2 921 5981 2144
2 2334 4853 1366
2 2452 1483 14152
2 1483 7670 14152
2 5571 4824 2346
2 4121 2761 2663
2 557 5680 4038
2 7960 6784 2038
2 4263 2330 14159
2 4263 14159 4460
2 14150 5149 550
2 4041 2374 4324
2 4324 2536 368
2 6192 2657 2337
2 4350 8159 4282
2 3000 2729 2365
2 2365 2729 2364
2 14167 8958 2713
2 5323 7089 3402
2 6707 4400 3
2 369 4158 5137
2 369 5665 4158
2 4565 603 14151
2 2536 4685 5676
2 2324 5088 2404
2 14166 5674 975
2 975 5674 5969
2 4855 2368 2129
2 2368 4856 2129
2 4217 1514 5047
2 2347 3508 5737
2 4760 5045 2340
2 5148 550 912
2 2363 8951 2356
2 5159 8991 5036
2 2663 2366 4865
2 4278 8186 5672
2 14169 14168 912
2 1056 4281 4040
2 4033 5152 5677
2 4281 4225 4040
2 3471 14122 2554
2 3334 4819 5082
2 2376 4242 8953
2 2376 4236 4242
2 4832 3278 2182
2 14133 2474 5975
2 2328 4760 2340
2 8874 8873 5923
2 8874 5926 8873
2 4865 1518 14137
2 2366 1518 4865
2 191 4168 2038
2 2328 2321 3343
2 3343 8844 2328
2 8844 4760 2328
2 8186 14164 5672
2 5926 8874 1792
2 4651 14129 958
2 606 5676 4685
2 5679 5398 4897
2 921 4039 4280
2 1492 4280 4039
2 4855 2363 1709
2 7755 2657 5068
2 4355 14120 5476
2 4626 2319 14119
2 2340 2033 2328
2 4249 2328 2033
2 4038 5680 4280
2 4038 4280 1492
2 912 5149 14169
2 5149 2336 14169
2 3379 4693 4864
2 4310 4856 2368
2 8844 2341 4760
2 439 2410 14144
2 4030 8182 14140
2 6853 14140 8182
2 1894 3647 14156
2 4344 4777 1586
2 4344 2604 4777
2 2319 2324 5103
2 3645 4824 2347
2 2347 4071 3645
2 14151 2548 4565
2 8878 4830 14142
2 4041 4282 4419
2 975 5969 6356
2 14165 975 6356
2 2038 4168 1631
2 4486 4722 14163
2 14163 8186 4486
2 5153 14158 6707
2 2356 5589 2357
2 2356 4197 5589
2 1949 5103 4117
2 4324 4685 2536
2 4324 2374 4685
2 4158 14166 5137
2 736 4722 14138
2 4459 14129 4651
2 14162 2246 14161
2 2604 2266 4777
2 2345 1983 4823
2 4588 4034 4386
2 14131 2805 7072
2 14131 7072 4071
2 4588 1631 4034
2 14145 439 4831
2 4820 2321 5877
2 2353 4824 2354
2 2353 3379 4824
2 5679 4279 4246
2 4386 5677 4588
2 5353 14138 4722
2 1069 1922 2333
2 4853 1798 2345
2 5114 4894 2361
2 4215 2354 3968
2 8878 3278 4832
2 2340 3969 2033
2 4298 8158 2372
2 2372 8158 4856
2 2369 5443 4172
2 4236 1942 14167
2 4236 14167 2713
2 2356 2357 1273
2 4976 2039 4899
2 2039 5711 4899
2 4354 2373 4857
2 2657 7755 2337
2 3995 2364 6009
2 2365 2364 3995
2 2363 4959 8951
2 2319 5103 3773
2 4107 1069 4229
2 4107 4229 4044
2 14168 1942 3980
2 2375 8159 8953
2 8159 4857 8953
2 5150 4238 8882
2 2837 8873 5926
2 4901 5068 6192
2 2332 4761 2346
2 3773 5103 14118
2 14118 5103 1949
2 14149 4898 4827
2 14131 7755 4252
2 2376 4827 4898
2 3079 14142 4830
2 4321 2552 2361
2 2339 4344 5088
2 2339 4188 4344
2 14141 8182 4030
2 2518 2404 5961
2 2377 8958 606
2 2377 4242 8958
2 4877 4160 3272
2 14131 3678 7755
2 3980 912 14168
2 4869 4172 5443
2 14138 4288 4721
2 14143 2143 5537
2 5537 2143 6356
2 5981 2367 2144
2 2144 2367 8158
2 4243 8993 2336
2 2337 7755 5737
2 2337 5737 5792
2 6009 2364 2357
2 8153 2344 4823
2 14140 2837 5926
2 2366 7875 1518
2 8184 5048 387
2 2374 5681 4685
2 5984 14151 14153
2 5691 4989 5984
2 1942 4236 5148
2 4236 2165 5148
2 2364 4825 1273
2 8958 4242 2713
2 8159 4283 4282
2 14134 5950 4297
2 3075 6009 2039
2 3075 7875 6009
2 2426 1709 4825
2 4206 4197 2350
2 4197 4198 2350
2 2630 4834 14149
2 4225 4350 4282
2 14135 736 2286
2 2286 736 4721
2 4197 2356 4198
2 5678 4168 5369
2 2363 2356 1273
2 1069 2325 1922
2 4107 2325 1069
2 6191 14135 1540
2 2325 2078 2841
2 1824 4759 8846
2 5102 4197 4206
2 4869 4826 4834
2 2357 2039 6009
2 14143 14165 2143
2 6013 840 5651
2 2143 14165 6356
2 5651 840 2182
2 4588 2038 1631
2 5677 5656 4588
2 8183 8184 387
2 5417 3589 3402
2 14150 8183 387
2 2334 8846 2332
2 6595 5651 14148
2 5082 4819 2327
2 5244 4897 2355
2 5244 6424 4897
2 4198 2356 8951
2 8182 14141 3366
2 2338 4660 4263
2 2338 2341 4660
2 2369 2373 4310
2 8953 3304 2375
2 5537 14148 2182
2 5537 6356 14148
2 4854 2349 929
2 7005 4215 7072
2 3968 7072 4215
2 4898 2165 2376
2 4229 2075 4532
2 3969 8846 4759
2 4252 5068 2243
2 2360 6567 2552
2 1914 3487 14123
2 4121 4865 14139
2 4479 4760 2341
2 840 4832 2182
2 736 14138 4721
2 2991 191 4777
2 1483 2452 5674
2 14145 8184 2410
2 4865 14137 14139
2 4216 2217 5142
2 3684 4279 5679
2 4229 4532 4188
2 3004 4238 5048
2 5088 2454 2339
2 8951 4959 2355
2 2761 4121 2509
2 3645 4071 2354
2 4217 2548 5048
2 2377 606 4685
2 3334 2554 4819
2 14142 5537 3278
2 14133 5975 5142
2 4820 8844 3343
2 6987 14124 14123
2 7576 14123 14124
2 4216 8873 14136
2 4834 550 14149
2 4899 4197 5102
2 4899 2351 8850
2 5045 4760 2337
2 5047 6853 5321
2 4188 2604 4344
2 4188 7115 2604
2 840 14146 8182
2 2359 6056 2552
2 2454 4170 4044
2 4827 2373 4172
2 2369 4172 2373
2 5151 3647 1894
2 5149 4243 2336
2 4236 2713 4242
2 4065 4311 4897
2 1630 2355 4959
2 6444 2375 5681
2 14130 1540 5325
2 14130 6191 1540
2 2761 2509 4826
2 14144 4826 2509
2 3000 4825 2729
2 2370 4825 3000
2 8846 2335 3602
2 2335 8846 3969
2 5151 1483 1959
2 4826 14144 5650
2 3678 4071 2347
2 4037 557 1106
2 14131 5325 2805
2 2354 4321 2353
2 2243 14130 4252
2 14140 5925 2837
2 3246 387 4243
2 3246 4243 5149
2 2325 2841 1008
2 14125 4400 2322
2 7072 3968 4071
2 5069 2991 2343
2 2342 5369 2991
2 2761 3000 2663
2 2353 4321 2361
2 2358 3075 4976
2 5128 14142 3079
2 4278 3079 14138
2 5674 14166 4158
2 4035 5678 961
2 4900 3475 1518
2 4900 2359 6567
2 5128 5672 14142
2 1959 5665 14157
2 2452 5651 6595
2 3167 4705 8183
2 3167 550 4834
2 2336 8993 14169
2 1942 14168 4237
2 4877 3272 2
2 3272 5152 2
2 2325 4852 1922
2 5310 4928 4035
2 6355 4820 2322
2 2324 2518 5103
2 14151 3004 2548
2 4251 3334 2326
2 4243 387 5150
2 7670 1894 4185
2 3366 14141 4832
2 4824 3379 2346
2 5382 929 4279
2 3979 2074 4036
2 3979 5679 2074
2 5142 2217 4215
2 2217 2360 4215
2 1391 4111 2345
2 4251 3471 3334
2 8991 3471 5036
2 4900 1518 2359
2 2554 3487 4819
2 2426 4825 2370
2 2334 2332 4853
2 4855 2362 2363
2 4824 3508 2347
2 14160 8185 958
2 4901 6192 2338
2 14153 4185 1894
2 2518 2324 2404
2 14149 2165 4898
2 5151 1894 7670
2 2351 4206 5417
2 5250 4854 3589
2 3602 5792 5737
2 6056 2358 5114
2 1824 2326 4759
2 7875 6056 2359
2 5925 14136 2837
2 3979 3684 5679
2 4071 3968 2354
2 2454 4044 2339
2 8869 14121 5476
2 14121 5159 5476
2 8306 3647 5151
2 5961 2404 7960
2 2377 3304 4242
2 2368 1709 2426
2 5443 2370 2761
2 2334 1824 8846
2 4036 3684 3979
2 3980 1942 5148
2 5148 912 3980
2 2078 2325 4107
2 5926 4030 14140
2 4902 4249 2033
2 4044 4229 2339
2 557 5244 1630
2 2536 5676 368
2 8185 14161 14132
2 4685 5681 2377
2 2377 5681 3304
2 14152 7670 4185
2 4206 2350 3589
2 4281 4298 4225
2 1942 4237 14167
2 929 2349 4246
2 5679 4246 5398
2 1798 4864 2345
2 5980 4864 1798
2 1586 2404 4344
2 6859 2344 8153
2 3402 6859 8153
2 14147 6013 603
2 2375 4283 8159
2 2375 6444 4283
2 8874 4288 4830
2 4288 8874 4721
2 4297 7072 2805
2 14119 2319 3773
2 2369 4310 2368
2 2355 4311 8951
2 2074 5679 4316
2 8850 4823 2352
2 2339 4229 4188
2 5398 4246 2349
2 4298 2372 4350
2 2372 8159 4350
2 2372 4856 4354
2 4170 4355 5476
2 4386 4034 4033
2 4033 5677 4386
2 5088 4344 2404
2 1586 7960 2404
2 2165 4236 2376
2 4283 2374 4419
2 4041 4419 2374
2 4321 2360 2552
2 14137 1518 3475
2 4901 14129 4459
2 1106 557 4038
2 8874 4477 4721
2 2338 4479 2341
2 2338 6192 4479
2 5353 4722 4486
2 4486 8186 4278
2 4492 5321 14146
2 2075 4111 4532
2 2321 4249 7576
2 751 14135 834
2 14147 603 4565
2 4565 4492 14147
2 5069 2343 4580
2 2342 4580 929
2 2367 2129 8158
2 7755 3678 5737
2 5476 4107 4170
2 14128 4651 958
2 4459 4651 14128
2 1366 4852 2334
2 2351 5102 4206
2 5103 2323 4117
2 2352 4693 2361
2 2353 2361 4693
2 4158 5665 1959
2 3167 4834 4705
2 14144 4705 5650
2 5159 14121 8991
2 439 14145 2410
2 2329 5357 6707
2 4894 2352 2361
2 4170 4626 4355
2 3602 2335 5792
2 4761 3602 5291
2 4791 5981 4280
2 4791 5725 2367
2 5651 2182 14148
2 6191 834 14135
2 6192 2337 4479
2 4989 14151 5984
2 4877 1949 4160
2 7294 14118 5957
2 14118 1949 5957
2 5159 5036 4251
2 5036 3471 4251
2 2319 2454 2324
2 840 6013 14147
2 1792 4830 8878
2 2342 2991 5069
2 2342 5069 4580
2 5073 2329 4673
2 4820 6355 5073
2 3334 5082 2326
2 14149 5148 2165
2 2324 2454 5088
2 2373 4856 4310
2 4899 5102 2351
2 4278 5672 5128
2 4278 5128 3079
2 14133 5142 7005
2 2321 7576 14124
2 2333 4111 2075
2 2333 7964 4111
2 2326 5082 4759
2 4185 14151 603
2 4869 4834 2630
2 14155 4238 4989
2 2352 1983 4693
2 2362 4959 2363
2 14134 5325 1540
2 2350 5250 3589
2 2033 2327 4902
2 2353 4693 3379
2 8868 4626 14119
2 3508 4761 5291
2 4722 7885 14163
2 5082 2327 4759
2 4217 5047 5321
2 4492 4217 5321
2 4854 2343 5323
2 1631 4168 4928
2 4278 14138 5353
2 6191 14130 6231
2 4036 961 3684
2 4278 5353 4486
2 2372 4354 4857
2 2329 6355 5357
2 14136 14137 3475
2 14136 3475 4900
2 2343 2266 5323
2 2342 5678 5369
2 4710 4111 2344
2 2342 929 5382
2 5678 2342 5382
2 8846 3602 4761
2 5398 2349 4897
2 4316 5679 6424
2 5068 2657 6192
2 4281 8158 4298
2 5417 8153 2351
2 2354 4824 3645
2 5151 1959 8306
2 3589 5323 3402
2 2369 2370 5443
2 4041 4040 4282
2 4225 4282 4040
2 4460 5458 4263
2 1483 4158 1959
2 5250 2350 2349
2 14134 2805 5325
2 4820 5073 8844
2 4065 2350 4198
2 1922 4852 1366
2 14139 14137 5925
2 14136 5925 14137
2 3343 2321 4820
2 5571 4761 3508
2 4761 5571 2346
2 8878 14142 3278
2 7875 2366 3995
2 5589 4899 5711
2 6355 2329 5073
2 4065 4897 2349
2 2349 2350 4065
2 5048 4238 5150
2 3684 961 4279
2 5650 4705 4834
2 5677 2323 5656
2 5961 7960 5656
2 14119 3773 14118
2 2663 3000 2365
2 4117 2323 4160
2 4160 2323 5677
2 4901 4263 5458
2 2354 4215 4321
2 4791 2362 5725
2 4855 5725 2362
2 5382 4279 961
2 14135 751 736
2 7964 4853 2345
2 4902 4819 1914
2 1914 4819 3487
2 5369 191 2991
2 2362 1630 4959
2 5045 5792 2335
2 2337 5792 5045
2 5801 2329 990
2 5801 4673 2329
2 2286 4721 14134
2 14134 4721 4477
2 2319 4626 2454
2 1273 3540 2363
2 4217 5048 1514
2 736 751 4722
2 14124 5877 2321
2 2363 3540 1709
2 2552 6056 5114
2 4198 4311 4065
2 8874 5923 4477
2 3004 4989 4238
2 4928 4168 5678
2 5950 14133 4297
2 2729 4825 2364
2 4826 4869 5443
2 4877 5957 1949
2 2323 5961 5656
2 1008 2841 4251
2 14148 5969 6595
2 5975 2474 4216
2 5975 4216 5142
2 2346 5980 1798
2 5981 4791 2367
2 14133 7005 7072
2 7115 4710 1516
2 4172 2630 4827
2 4172 4869 2630
2 8182 3366 840
2 840 3366 4832
2 7875 6955 6056
2 4170 4107 4044
2 4855 1709 2368
2 3079 4830 4288
2 4249 2321 2328
2 14124 14125 5877
2 4225 4298 4350
2 1008 2326 4852
2 4852 2326 1824
2 5680 2362 4791
2 2325 1008 4852
2 834 6191 6231
2 751 14162 4722
2 4826 5650 4834
2 4894 4976 8850
2 6231 14128 958
2 4311 4198 8951
2 2266 1516 5323
2 6955 7875 3075
2 14144 8183 4705
2 2351 8153 4823
2 4857 4827 2376
2 6355 2322 5357
2 439 14144 2509
2 1514 5048 8184
2 4160 5152 3272
2 1983 2352 4823
2 3678 2347 5737
2 6444 2374 4283
2 2374 6444 5681
2 7387 14156 14157
2 3647 14157 14156
2 2366 2365 3995
2 5476 5159 2078
2 2078 5159 2841
2 4251 2841 5159
2 2373 4827 4857
2 14151 4989 3004
2 4976 3075 2039
2 5681 2375 3304
2 14143 5537 5672
2 2351 4823 8850
2 14145 4831 5047
2 1514 14145 5047
2 2243 5068 14128
2 2323 2518 5961
2 921 2144 4281
2 1366 4381 2333
2 6567 2359 2552
2 2452 6595 5674
2 6595 5969 5674
2 14139 5925 4831
2 5153 6707 3
2 4355 4626 8868
2 4355 8868 14120
2 4902 2327 4819
2 5672 14164 14143
2 751 834 2246
2 3334 3471 2554
2 1631 4928 5310
2 5325 4252 14130
2 3969 2327 2033
2 2474 5923 8873
2 6784 191 2038
2 14122 14123 2554
2 2554 14123 3487
2 7089 6859 3402
2 5417 4206 3589
2 5148 14149 550
2 5926 14141 4030
2 14153 14151 4185
2 1630 5244 2355
2 7576 4249 1914
2 4249 4902 1914
2 2358 6955 3075
2 6955 2358 6056
2 4565 2548 4492
2 8844 4673 2341
2 8844 5073 4673
2 7005 5142 4215
2 7964 2345 4111
2 7115 1516 2266
2 2410 8184 8183
2 5678 5382 961
2 4901 5458 14129
2 2548 3004 5048
2 5323 1516 7089
2 1516 6859 7089
2 14150 550 3167
2 4037 4316 5244
2 4037 2074 4316
2 4864 1983 2345
2 4820 5877 14125
2 4216 2474 8873
2 1949 4117 4160
2 5923 5950 4477
2 4831 14140 6853
2 7115 2266 2604
2 4121 439 2509
2 14133 5923 2474
2 14133 5950 5923
2 1983 4864 4693
2 4297 14133 7072
2 14152 603 6013
2 14152 4185 603
2 3995 6009 7875
2 2323 5103 2518
2 7875 2359 1518
2 5680 4791 4280
2 557 1630 5680
2 3379 5980 2346
2 14155 4989 5691
2 4827 2630 14149
2 8850 2352 4894
2 2330 4673 5801
2 2330 2341 4673
2 4826 5443 2761
2 191 5369 4168
2 2552 5114 2361
2 4722 14162 7885
2 2366 2663 2365
2 4660 2330 4263
2 4459 5068 4901
2 4459 14128 5068
2 4853 7964 4381
2 4381 7964 2333
2 8869 5476 14120
2 14122 3471 8991
2 14147 4492 14146
2 2452 14152 6013
2 14134 4477 5950
2 5656 7960 4588
2 4759 2327 3969
2 5291 3602 5737
2 4660 2341 2330
2 4281 2144 8158
2 2129 4856 8158
2 4121 2663 4865
2 2334 4852 1824
2 4857 8159 2372
2 2286 14134 1540
2 4532 4111 4710
2 4215 2360 4321
2 5357 4400 6707
2 6424 5679 4897
2 191 6784 1586
2 14148 6356 5969
2 7576 1914 14123
2 2332 8846 4761
2 4479 2337 4760
2 14141 1792 8878
2 8306 1959 14157
2 8953 4242 3304
2 14150 3246 5149
2 2357 5711 2039
2 5589 5711 2357
2 4316 6424 5244
2 14131 4071 3678
2 8882 4238 14155
2 3079 4288 14138
2 2340 2335 3969
2 2335 2340 5045
2 1516 4710 2344
2 1516 2344 6859
2 4900 2217 4216
2 14136 4900 4216
2 4197 4899 5589
2 4900 2360 2217
2 4831 5925 14140
2 4188 4532 7115
2 2286 1540 14135
2 1483 5151 7670
2 4580 4854 929
2 3589 4854 5323
2 3379 4864 5980
2 2369 2368 2426
2 14145 1514 8184
2 14164 8187 14143
2 5047 4831 6853
2 4976 4899 8850
2 2548 4217 4492
2 14146 840 14147
2 4900 6567 2360
2 3540 1273 4825
2 2364 1273 2357
2 8878 4832 14141
2 2452 6013 5651
2 5150 8882 14154
2 990 6707 14158
2 2837 14136 8873
2 4854 5250 2349
2 5672 5537 14142
2 2358 4894 5114
2 4976 4894 2358
2 8306 14157 3647
2 7115 4532 4710
2 4243 5150 14154
2 14154 8993 4243
2 14134 4297 2805
2 8187 14165 14143
2 14131 4252 5325
2 14130 14128 6231
2 2243 14128 14130
2 14146 6853 8182
2 7960 2038 4588
