1 14161 0 11608
1 7884 14161 11608
1 15430 7884 11608
1 3773 15430 11608
1 3773 3774 15430
1 15430 3774 14358
1 15430 14358 15579
1 3619 15430 15579
1 3619 15579 13657
1 3619 13657 3616
1 745 3619 3616
1 3617 745 3616
1 3616 3618 3617
1 6374 3617 3618
1 4038 6374 3618
1 3632 4038 3618
1 13657 3632 3618
1 3616 13657 3618
1 13657 6185 3632
1 4254 3632 6185
1 3607 4254 6185
1 6185 395 3607
1 6128 3607 395
1 5451 6128 395
1 5451 395 4814
1 15563 5451 4814
1 4814 14358 15563
1 3764 15563 14358
1 3764 14358 3774
1 3768 15563 3764
1 3768 7901 15563
1 5451 15563 7901
1 7901 4122 5451
1 5451 4122 15741
1 6128 5451 15741
1 3607 6128 15741
1 15741 6862 3607
1 13209 3607 6862
1 15781 13209 6862
1 15781 6862 4600
1 15781 4600 6647
1 3633 15781 6647
1 6647 16214 3633
1 16214 16213 3633
1 16213 11249 3633
1 3633 11249 13209
1 3633 13209 15781
1 13221 13209 11249
1 13221 11249 3631
1 3631 3632 13221
1 3632 4254 13221
1 3607 13221 4254
1 13209 13221 3607
1 3631 4038 3632
1 3932 4038 3631
1 12060 3932 3631
1 12060 3631 11249
1 12060 11249 16213
1 4301 12060 16213
1 6244 4301 16213
1 6244 16213 16214
1 12070 6244 16214
1 12070 16214 6031
1 12070 6031 3654
1 12070 3654 7279
1 3936 12070 7279
1 7279 15305 3936
1 15305 11752 3936
1 3936 11752 15437
1 3936 15437 10183
1 12067 3936 10183
1 15178 12067 10183
1 10183 3935 15178
1 15178 3935 5256
1 15178 5256 5174
1 5174 4301 15178
1 4301 12067 15178
1 12067 4301 6244
1 3936 12067 6244
1 3936 6244 12070
1 12060 4301 5174
1 5174 3932 12060
1 5256 3932 5174
1 5256 13870 3932
1 4038 3932 13870
1 13870 14567 4038
1 14567 6374 4038
1 14567 4024 6374
1 6374 4024 9434
1 3617 6374 9434
1 3745 3617 9434
1 4023 3617 3745
1 3617 4023 745
1 6463 745 4023
1 14161 6463 4023
1 14161 7884 6463
1 7884 745 6463
1 7884 3619 745
1 3619 7884 15430
1 7884 745 6463
1 14567 6518 4024
1 6518 11668 4024
1 4579 11668 6518
1 4579 6518 13870
1 4579 13870 5256
1 5256 14170 4579
1 4579 14170 3934
1 4025 4579 3934
1 6597 4025 3934
1 6256 6597 3934
1 6256 3934 5632
1 6256 5632 5066
1 6256 5066 6810
1 6810 5066 4027
1 5066 625 4027
1 4027 625 1739
1 1739 4028 4027
1 4028 1739 1230
1 4028 1230 6079
1 6079 9818 4028
1 6079 1951 9818
1 1951 4022 9818
1 3924 4022 1951
1 4030 3924 1951
1 4030 1951 6079
1 4030 6079 4473
1 4473 3941 4030
1 15199 4030 3941
1 3941 10340 15199
1 15103 15199 10340
1 10340 4445 15103
1 15683 15103 4445
1 15683 4445 3950
1 3950 3964 15683
1 4031 15683 3964
1 3964 5925 4031
1 5573 5925 3964
1 3949 5573 3964
1 3964 3950 3949
1 8617 3949 3950
1 3950 13302 8617
1 13302 3952 8617
1 8617 3952 11550
1 3949 8617 11550
1 3949 11550 4250
1 3949 4250 12708
1 3949 12708 5573
1 12708 1674 5573
1 1674 14945 5573
1 11669 5573 14945
1 14945 4032 11669
1 15031 4032 14945
1 14945 1482 15031
1 15031 1482 5070
1 5070 6248 15031
1 15031 6248 16357
1 15031 16357 4032
1 1914 6248 5070
1 1914 5070 11934
1 4033 1914 11934
1 4033 11934 15116
1 4033 15116 4034
1 4034 15116 7222
1 4034 7222 11670
1 11670 7222 3987
1 11670 3987 4035
1 3987 4003 4035
1 4003 4036 4035
1 11664 4036 4003
1 5278 11664 4003
1 11929 5278 4003
1 11929 4003 3987
1 3479 11929 3987
1 7222 3479 3987
1 7222 11008 3479
1 3479 11008 3989
1 3989 11929 3479
1 3989 3988 11929
1 3988 5278 11929
1 3988 15101 5278
1 15101 15351 5278
1 15351 11664 5278
1 15351 4037 11664
1 11664 4037 11667
1 11667 4036 11664
1 4037 15351 2412
1 4037 2412 14162
1 2412 6479 14162
1 14162 6479 378
1 378 6479 11609
1 11609 6479 4045
1 6479 14686 4045
1 14686 4046 4045
1 5093 4045 4046
1 4042 5093 4046
1 4046 11325 4042
1 11325 4043 4042
1 4005 4043 11325
1 11325 15155 4005
1 15155 5200 4005
1 4005 5200 9750
1 4005 9750 14152
1 5572 4005 14152
1 5572 14152 5565
1 4004 5572 5565
1 4004 5565 3925
1 4006 4004 3925
1 3925 4423 4006
1 4423 8075 4006
1 8075 4041 4006
1 4006 4041 15420
1 15420 4040 4006
1 4040 4004 4006
1 4004 4040 5572
1 4040 12039 5572
1 12039 4043 5572
1 5572 4043 4005
1 8075 4044 4041
1 4044 8075 15597
1 15597 10916 4044
1 14024 10916 15597
1 15597 14370 14024
1 14370 4007 14024
1 14024 4007 8844
1 14024 8844 957
1 4047 14024 957
1 4051 4047 957
1 4051 957 15105
1 13414 4051 15105
1 4009 13414 15105
1 4009 15105 8844
1 4009 8844 5142
1 4009 5142 9346
1 4009 9346 12313
1 13414 4009 12313
1 13414 12313 6324
1 3926 13414 6324
1 3926 6324 4012
1 4012 6062 3926
1 6062 4050 3926
1 3926 4050 13894
1 3926 13894 13414
1 13414 13894 4052
1 13414 4052 4051
1 6062 4048 4050
1 6062 9104 4048
1 9104 4053 4048
1 4053 9104 4014
1 4054 4053 4014
1 11605 4054 4014
1 4013 11605 4014
1 7208 4013 4014
1 7208 4014 9104
1 15393 7208 9104
1 4012 15393 9104
1 6062 4012 9104
1 15393 4012 4010
1 5341 15393 4010
1 5341 4010 8553
1 5341 8553 3998
1 5341 3998 4699
1 16663 5341 4699
1 16663 4699 11341
1 4002 16663 11341
1 11341 3999 4002
1 3999 4000 4002
1 4000 10715 4002
1 16663 4002 10715
1 16663 10715 4013
1 4013 7208 16663
1 5341 16663 7208
1 15393 5341 7208
1 6023 4013 10715
1 6023 10715 8569
1 6023 8569 5578
1 6023 5578 5271
1 5271 15651 6023
1 15651 4913 6023
1 4913 11605 6023
1 6023 11605 4013
1 4913 4049 11605
1 4049 4054 11605
1 3928 4049 4913
1 15651 3928 4913
1 4015 3928 15651
1 4015 15651 14595
1 14595 4597 4015
1 4597 12422 4015
1 4015 12422 12294
1 4015 12294 3928
1 4056 3928 12294
1 12294 4057 4056
1 4057 12294 14229
1 4058 4057 14229
1 4058 14229 16515
1 4058 16515 6428
1 4058 6428 9628
1 6428 379 9628
1 16268 379 6428
1 16054 16268 6428
1 16054 6428 16515
1 3738 16054 16515
1 3738 16515 3739
1 3739 13401 3738
1 13401 15329 3738
1 15329 3763 3738
1 3738 3763 6100
1 3738 6100 16054
1 6100 16268 16054
1 3762 3763 15329
1 3736 3762 15329
1 16607 3736 15329
1 13401 16607 15329
1 3737 16607 13401
1 6972 3737 13401
1 6972 13401 3739
1 6972 3739 12422
1 4597 6972 12422
1 14595 6972 4597
1 14595 3731 6972
1 10218 6972 3731
1 10218 3731 5618
1 10218 5618 5196
1 10218 5196 10936
1 10218 10936 15802
1 3737 10218 15802
1 3737 15802 12285
1 12285 16607 3737
1 12285 3736 16607
1 3735 3736 12285
1 3734 3735 12285
1 15802 3734 12285
1 15802 10936 3734
1 3734 10936 15440
1 3734 15440 11237
1 3734 11237 3735
1 11237 13277 3735
1 13277 3761 3735
1 14858 3735 3761
1 3735 14858 3736
1 14858 3762 3736
1 3760 3761 13277
1 6373 3760 13277
1 3729 6373 13277
1 11237 3729 13277
1 11237 12141 3729
1 15450 3729 12141
1 12141 5374 15450
1 15450 5374 13771
1 3728 15450 13771
1 13771 7944 3728
1 7944 16027 3728
1 16027 3759 3728
1 14861 3728 3759
1 14861 15746 3728
1 3728 15746 3729
1 3728 3729 15450
1 15746 6373 3729
1 15746 3760 6373
1 14861 3760 15746
1 14861 3760 15746
1 3759 16027 3758
1 16027 3722 3758
1 14859 3758 3722
1 3721 14859 3722
1 3720 3721 3722
1 3722 7944 3720
1 7264 3720 7944
1 4667 7264 7944
1 4667 7944 13771
1 4667 13771 5374
1 5374 11588 4667
1 4667 11588 13772
1 13772 7264 4667
1 12692 7264 13772
1 3719 12692 13772
1 13772 9739 3719
1 3290 3719 9739
1 5702 3290 9739
1 5702 9739 15867
1 7071 5702 15867
1 7071 15867 4111
1 7071 4111 3725
1 3723 7071 3725
1 3725 12085 3723
1 10535 3723 12085
1 12085 5872 10535
1 2242 10535 5872
1 16072 2242 5872
1 16072 5872 5493
1 13409 16072 5493
1 4555 13409 5493
1 4555 5493 12160
1 4555 12160 13410
1 4555 13410 6302
1 4555 6302 13408
1 13409 4555 13408
1 7150 13409 13408
1 3985 7150 13408
1 13408 6302 3985
1 3985 6302 4822
1 3985 4822 14403
1 3985 14403 3986
1 3986 11981 3985
1 7150 3985 11981
1 7150 11981 8369
1 8558 7150 8369
1 8369 5620 8558
1 16072 8558 5620
1 16072 5620 2242
1 2242 5620 10535
1 5620 9812 10535
1 10535 9812 3723
1 9812 16217 3723
1 16217 10716 3723
1 3723 10716 7071
1 7071 10716 5008
1 5008 5702 7071
1 5008 11005 5702
1 5702 11005 3290
1 11005 3719 3290
1 15230 3719 11005
1 15230 11005 13996
1 15230 13996 5205
1 8028 15230 5205
1 3710 8028 5205
1 3710 5205 10802
1 10802 8535 3710
1 8535 4392 3710
1 15556 3710 4392
1 4526 15556 4392
1 4526 4392 13240
1 4526 13240 7325
1 4526 7325 12222
1 12222 6101 4526
1 4526 6101 15557
1 15557 15556 4526
1 15557 12692 15556
1 12692 8028 15556
1 15556 8028 3710
1 12692 3719 8028
1 8028 3719 15230
1 7264 12692 15557
1 3720 7264 15557
1 3720 15557 6101
1 3721 3720 6101
1 3721 6101 16030
1 3721 16030 3757
1 14859 3721 3757
1 16030 14509 3757
1 16030 3756 14509
1 3714 3756 16030
1 12222 3714 16030
1 12222 16030 6101
1 12222 3712 3714
1 3712 4773 3714
1 4773 3756 3714
1 4773 3755 3756
1 4773 3692 3755
1 14763 3755 3692
1 14763 3692 3746
1 3693 3746 3692
1 3692 10808 3693
1 3693 10808 3691
1 3691 4459 3693
1 3693 4459 7967
1 7967 3746 3693
1 7967 3754 3746
1 3754 7967 12942
1 3753 3754 12942
1 3753 12942 2732
1 4672 3753 2732
1 4672 2732 3677
1 3676 4672 3677
1 14751 3676 3677
1 7870 14751 3677
1 7870 3677 4447
1 12944 7870 4447
1 4447 8292 12944
1 12944 8292 15464
1 12944 15464 3744
1 3744 12538 12944
1 12944 12538 7870
1 7870 12538 14751
1 12538 4926 14751
1 4926 13021 14751
1 13021 3676 14751
1 16029 3676 13021
1 16029 13021 3664
1 3751 16029 3664
1 3751 3664 14860
1 3664 3663 14860
1 14860 3663 3750
1 16028 3750 3663
1 10717 16028 3663
1 3662 10717 3663
1 3664 3662 3663
1 3662 3664 1168
1 3662 1168 8295
1 12030 3662 8295
1 12030 8295 16575
1 12030 16575 3742
1 3742 11218 12030
1 12030 11218 5848
1 12030 5848 16039
1 12030 16039 3662
1 16039 10717 3662
1 16529 10717 16039
1 5848 16529 16039
1 6476 16529 5848
1 16038 6476 5848
1 11218 16038 5848
1 3741 16038 11218
1 3741 11218 14910
1 3741 14910 3649
1 3741 3649 3740
1 3740 16528 3741
1 16528 16038 3741
1 16528 6476 16038
1 6861 6476 16528
1 3740 6861 16528
1 6861 3740 3653
1 3651 6861 3653
1 11757 3651 3653
1 11757 3653 13749
1 3628 11757 13749
1 3628 13749 3609
1 3628 3609 6649
1 3628 6649 7603
1 7603 14157 3628
1 3628 14157 11757
1 14157 4115 11757
1 11757 4115 3651
1 3651 4115 1159
1 3651 1159 3652
1 3651 3652 6861
1 6861 3652 6476
1 6476 3652 16529
1 16529 3652 10717
1 10717 3652 16028
1 4711 16028 3652
1 4711 3652 1159
1 3749 4711 1159
1 3749 1159 14857
1 4115 14857 1159
1 4115 3748 14857
1 14157 3748 4115
1 3162 3748 14157
1 3747 3162 14157
1 3747 14157 7603
1 9513 3747 7603
1 7603 6649 9513
1 9513 6649 1041
1 1 9513 1041
1 1 1041 10956
1 1041 6649 10956
1 10956 6649 2346
1 2346 3769 10956
1 2346 1081 3769
1 1081 3780 3769
1 1081 1828 3780
1 1828 3627 3780
1 3779 3780 3627
1 3627 3770 3779
1 3627 15232 3770
1 5212 3770 15232
1 15232 5481 5212
1 5481 15605 5212
1 12567 5212 15605
1 12567 15605 6118
1 12567 6118 7086
1 12567 7086 3778
1 3771 12567 3778
1 3771 5212 12567
1 3771 3770 5212
1 7086 9133 3778
1 9133 14502 3778
1 14756 14502 9133
1 4927 14756 9133
1 4927 9133 3623
1 14755 4927 3623
1 14755 3623 14322
1 3648 14755 14322
1 7026 3648 14322
1 7026 14322 12106
1 4306 7026 12106
1 13477 4306 12106
1 12106 5481 13477
1 2211 13477 5481
1 15232 2211 5481
1 2211 15232 1602
1 13413 2211 1602
1 1602 7137 13413
1 10870 13413 7137
1 14392 10870 7137
1 7137 13749 14392
1 14392 13749 3653
1 14392 3653 3740
1 14392 3740 7779
1 14392 7779 10870
1 7779 5358 10870
1 5692 10870 5358
1 5692 5358 12104
1 5692 12104 4306
1 13477 5692 4306
1 13477 10870 5692
1 13413 10870 13477
1 13413 13477 2211
1 12104 7618 4306
1 7026 4306 7618
1 7618 1741 7026
1 7026 1741 3648
1 6133 3648 1741
1 6133 1741 2182
1 6133 2182 15734
1 6133 15734 15255
1 3644 6133 15255
1 15423 3644 15255
1 12926 15423 15255
1 12926 15255 3645
1 3645 15130 12926
1 12926 15130 5449
1 5449 5359 12926
1 12926 5359 15423
1 5359 9974 15423
1 15423 9974 3644
1 9974 8058 3644
1 3644 8058 11731
1 11731 13281 3644
1 13281 6133 3644
1 13281 3648 6133
1 14755 3648 13281
1 13281 11731 14755
1 11731 4927 14755
1 11731 5264 4927
1 5264 14756 4927
1 5264 11100 14756
1 14756 11100 3777
1 14756 3777 14502
1 3777 11100 3772
1 11100 15317 3772
1 8505 3772 15317
1 8505 15317 7932
1 7932 3767 8505
1 15640 3767 7932
1 7932 3605 15640
1 3605 14853 15640
1 14853 3776 15640
1 3776 3767 15640
1 14853 3606 3776
1 3606 13978 3776
1 15138 13978 3606
1 15138 3606 3620
1 3608 15138 3620
1 15225 3608 3620
1 3620 3621 15225
1 5202 15225 3621
1 3621 15226 5202
1 5202 15226 14999
1 14999 5584 5202
1 15225 5202 5584
1 6596 15225 5584
1 13711 6596 5584
1 13711 5584 15761
1 11301 13711 15761
1 11301 15761 3639
1 11301 3639 3636
1 11301 3636 3635
1 11301 3635 3637
1 13711 11301 3637
1 13247 13711 3637
1 5482 13247 3637
1 15610 5482 3637
1 3637 3635 15610
1 15610 3635 3634
1 15610 3634 4600
1 15610 4600 7902
1 5482 15610 7902
1 7902 14947 5482
1 5482 14947 10814
1 5482 10814 13247
1 13247 10814 4949
1 6596 13247 4949
1 4949 13385 6596
1 13385 3608 6596
1 3608 15225 6596
1 8085 3608 13385
1 8085 13385 4949
1 1710 8085 4949
1 14693 1710 4949
1 10814 14693 4949
1 10814 5007 14693
1 14693 5007 8177
1 14693 8177 3765
1 14693 3765 1710
1 1710 3765 3766
1 1710 3766 8085
1 3766 15648 8085
1 8085 15648 3608
1 3608 15648 15138
1 15648 3775 15138
1 15138 3775 13978
1 5007 3768 8177
1 5007 7901 3768
1 15609 7901 5007
1 10814 15609 5007
1 4122 15609 10814
1 14947 4122 10814
1 7902 4122 14947
1 15741 4122 7902
1 15741 7902 6862
1 4600 6862 7902
1 4122 7901 15609
1 4122 7901 15609
1 10814 15609 5007
1 14693 3765 1710
1 1710 3766 8085
1 8085 15648 3608
1 8085 13385 4949
1 13247 6596 13711
1 10814 14693 4949
1 14947 4122 10814
1 7902 4122 14947
1 4600 6862 7902
1 6647 4600 3634
1 6647 3634 16571
1 16571 10690 6647
1 10690 6031 6647
1 6647 6031 16214
1 10690 3654 6031
1 3654 10690 15944
1 15944 3656 3654
1 3656 15304 3654
1 3654 15304 7279
1 15304 15305 7279
1 15304 5268 15305
1 5268 15306 15305
1 15305 15306 11752
1 15306 3939 11752
1 11752 3939 16254
1 11752 16254 5367
1 15437 11752 5367
1 15437 5367 10183
1 4780 10183 5367
1 7722 4780 5367
1 5367 15435 7722
1 4039 7722 15435
1 4039 15435 3937
1 4039 3937 522
1 4039 522 1230
1 4039 1230 1739
1 1739 625 4039
1 7722 4039 625
1 7722 625 3292
1 3935 7722 3292
1 3292 14170 3935
1 3935 14170 5256
1 3292 5632 14170
1 5632 3934 14170
1 3292 625 5632
1 5632 625 5066
1 4780 7722 3935
1 10183 4780 3935
1 3292 625 5632
1 1230 522 4473
1 4473 6079 1230
1 522 9288 4473
1 9288 3941 4473
1 1173 3941 9288
1 1173 9288 4956
1 3944 1173 4956
1 3944 4956 4935
1 2912 3944 4935
1 4935 5538 2912
1 5538 15427 2912
1 2912 15427 3942
1 3942 7697 2912
1 7697 3944 2912
1 3944 7697 5155
1 3944 5155 6499
1 6499 1173 3944
1 6499 3941 1173
1 6499 10340 3941
1 6499 13302 10340
1 13302 4445 10340
1 4445 13302 3950
1 13302 6499 2969
1 3952 13302 2969
1 12771 3952 2969
1 2969 5155 12771
1 7697 12771 5155
1 7697 12669 12771
1 12669 4880 12771
1 4880 3952 12771
1 15714 3952 4880
1 3953 15714 4880
1 12669 3953 4880
1 16590 3953 12669
1 12544 16590 12669
1 12544 12669 3942
1 15427 12544 3942
1 15427 11984 12544
1 11984 3945 12544
1 12544 3945 891
1 891 16590 12544
1 16554 16590 891
1 891 11524 16554
1 3956 16554 11524
1 11524 14605 3956
1 14605 15308 3956
1 3956 15308 8487
1 3954 3956 8487
1 7227 3954 8487
1 6280 7227 8487
1 6280 8487 3968
1 15268 6280 3968
1 15268 3968 15901
1 8331 15268 15901
1 15901 6797 8331
1 8331 6797 3969
1 3969 15268 8331
1 15268 3969 3967
1 12073 15268 3967
1 11252 12073 3967
1 11252 3967 16216
1 16216 12062 11252
1 12062 3966 11252
1 3966 12073 11252
1 3966 6041 12073
1 6041 6280 12073
1 12073 6280 15268
1 6041 10481 6280
1 10481 7227 6280
1 10481 3954 7227
1 10481 3953 3954
1 3954 3953 16554
1 16554 3956 3954
1 16554 3953 16590
1 15714 3953 10481
1 15714 10481 5548
1 5548 11550 15714
1 15714 11550 3952
1 5548 4250 11550
1 15365 4250 5548
1 6011 15365 5548
1 5548 6041 6011
1 6011 6041 3966
1 3966 15365 6011
1 15365 3966 2894
1 15365 2894 11248
1 15365 11248 11551
1 15365 11551 4250
1 12708 4250 11551
1 1674 12708 11551
1 3963 1674 11551
1 3963 11551 11248
1 3214 3963 11248
1 6032 3214 11248
1 12062 6032 11248
1 12062 11248 2894
1 12062 2894 3966
1 12062 6246 6032
1 4919 6032 6246
1 3979 4919 6246
1 4715 3979 6246
1 4302 4715 6246
1 12062 4302 6246
1 12062 16216 4302
1 16216 6255 4302
1 6255 12065 4302
1 12065 4715 4302
1 11254 4715 12065
1 3980 11254 12065
1 3980 12065 3981
1 3981 3982 3980
1 3982 10607 3980
1 16532 3980 10607
1 16532 10607 13110
1 13110 4685 16532
1 16532 4685 15497
1 3111 16532 15497
1 6301 3111 15497
1 6301 15497 3990
1 6301 3990 10662
1 6301 10662 6036
1 5157 6301 6036
1 11251 5157 6036
1 11251 6036 3976
1 3976 4274 11251
1 11251 4274 6254
1 4919 11251 6254
1 4919 6254 6032
1 6254 3214 6032
1 6254 12871 3214
1 3214 12871 3963
1 1482 3963 12871
1 5070 1482 12871
1 5070 12871 11934
1 11934 12871 3978
1 15116 11934 3978
1 3977 15116 3978
1 3977 3978 3976
1 3976 11008 3977
1 7222 3977 11008
1 15116 3977 7222
1 6036 11008 3976
1 6036 5379 11008
1 3989 11008 5379
1 7409 3989 5379
1 10662 7409 5379
1 10662 5379 6036
1 7409 10662 3990
1 3990 3991 7409
1 7409 3991 10889
1 3988 7409 10889
1 15101 3988 10889
1 15101 10889 5158
1 15101 5158 7891
1 15101 7891 15351
1 15351 7891 6479
1 2412 15351 6479
1 6479 7891 14686
1 14686 7891 5158
1 5158 15155 14686
1 15155 4046 14686
1 4046 15155 11325
1 15155 5158 5200
1 5158 10889 5200
1 10889 9750 5200
1 10889 3991 9750
1 9750 3991 12484
1 9750 12484 14152
1 14152 12484 4760
1 5565 14152 4760
1 5565 4760 14151
1 3925 5565 14151
1 3925 14151 13231
1 3925 13231 15607
1 3925 15607 4423
1 8075 4423 15607
1 8075 15607 6326
1 15597 8075 6326
1 15597 6326 14370
1 6326 4816 14370
1 14370 4816 13482
1 7293 14370 13482
1 7293 13482 3994
1 7293 3994 9122
1 7293 9122 4007
1 4007 14370 7293
1 15136 4007 9122
1 15136 9122 13999
1 5142 15136 13999
1 6900 5142 13999
1 4811 6900 13999
1 4811 13999 3996
1 3996 14402 4811
1 4811 14402 5591
1 4811 5591 6900
1 6900 5591 15768
1 15133 6900 15768
1 3997 15133 15768
1 15768 16396 3997
1 13410 3997 16396
1 13410 16396 6302
1 6302 16396 4822
1 5591 4822 16396
1 5591 16396 15768
1 14347 4822 5591
1 14402 14347 5591
1 4494 14347 14402
1 4494 14402 13107
1 4494 13107 7488
1 4494 7488 3984
1 4494 3984 6739
1 13108 4494 6739
1 13108 6739 3986
1 13108 3986 14403
1 13108 14403 14347
1 13108 14347 4494
1 14347 14403 4822
1 3986 6739 5688
1 5688 5881 3986
1 1827 3986 5881
1 5683 1827 5881
1 5683 5881 16087
1 3973 5683 16087
1 3973 16087 4106
1 3973 4106 15493
1 11122 3973 15493
1 11122 15493 5406
1 3694 11122 5406
1 3694 5406 3695
1 10552 3694 3695
1 3698 10552 3695
1 7643 3698 3695
1 3695 15492 7643
1 7643 15492 3696
1 3696 6770 7643
1 6770 3698 7643
1 6770 16535 3698
1 14276 3698 16535
1 16535 3684 14276
1 3683 14276 3684
1 3682 3683 3684
1 3682 3684 16215
1 16215 861 3682
1 7957 3682 861
1 3671 7957 861
1 3671 861 8447
1 8447 13880 3671
1 13880 5714 3671
1 5714 5091 3671
1 7957 3671 5091
1 5091 3918 7957
1 7957 3918 3682
1 3683 3682 3918
1 3683 3918 8669
1 8669 6474 3683
1 3683 6474 13332
1 3683 13332 14276
1 3697 14276 13332
1 7098 3697 13332
1 13332 6474 7098
1 7098 6474 15923
1 13573 7098 15923
1 3704 13573 15923
1 3704 15923 9606
1 3704 9606 3706
1 3704 3706 3703
1 3702 3704 3703
1 3702 3703 8535
1 10802 3702 8535
1 10802 15229 3702
1 15229 4647 3702
1 3702 4647 13720
1 3702 13720 3704
1 3704 13720 13573
1 13720 4899 13573
1 13573 4899 3699
1 3699 7098 13573
1 7098 3699 3697
1 3697 3699 15236
1 3697 15236 10552
1 3698 3697 10552
1 3697 3698 14276
1 10552 15236 3694
1 15236 9631 3694
1 11122 3694 9631
1 15611 11122 9631
1 15611 9631 3717
1 15611 3717 9160
1 3973 15611 9160
1 9160 14197 3973
1 5683 3973 14197
1 5683 14197 3972
1 1827 5683 3972
1 1827 3972 11981
1 3986 1827 11981
1 8369 11981 3972
1 3972 13995 8369
1 6210 8369 13995
1 6210 13995 3974
1 6034 6210 3974
1 3974 16227 6034
1 16227 6046 6034
1 6046 12522 6034
1 6034 12522 16217
1 9812 6034 16217
1 6034 9812 6210
1 5620 6210 9812
1 5620 8369 6210
1 16217 12522 10716
1 12522 3718 10716
1 10716 3718 5008
1 3718 11005 5008
1 11005 3718 13996
1 13996 3718 6279
1 5205 13996 6279
1 5205 6279 15229
1 10802 5205 15229
1 15229 6279 4647
1 6279 13721 4647
1 13721 7117 4647
1 7117 6927 4647
1 4647 6927 13720
1 6927 4899 13720
1 7117 4899 6927
1 4899 7117 14669
1 4899 14669 7986
1 7986 3699 4899
1 15236 3699 7986
1 15236 7986 9631
1 3717 9631 7986
1 3717 7986 14669
1 3717 14669 3975
1 9160 3717 3975
1 3974 9160 3975
1 3975 16227 3974
1 14669 16227 3975
1 7117 16227 14669
1 6046 16227 7117
1 13721 6046 7117
1 3718 6046 13721
1 6279 3718 13721
1 6046 3718 12522
1 3974 13995 9160
1 13995 14197 9160
1 13995 3972 14197
1 14669 16227 3975
1 3717 7986 14669
1 7117 16227 14669
1 7117 4899 6927
1 13721 6046 7117
1 6279 3718 13721
1 6279 3718 13721
1 6046 3718 12522
1 6046 3718 12522
1 6046 16227 7117
1 3975 16227 3974
1 6034 9812 6210
1 3974 13995 9160
1 5620 8369 6210
1 13995 3972 14197
1 13995 3972 14197
1 13995 14197 9160
1 15611 3973 11122
1 9160 3717 3975
1 3717 9631 7986
1 15611 3973 11122
1 15236 7986 9631
1 15236 3699 7986
1 7986 3699 4899
1 6927 4899 13720
1 4647 6927 13720
1 15229 6279 4647
1 10802 5205 15229
1 13750 8535 3703
1 3703 3706 13750
1 3706 6028 13750
1 13750 6028 6010
1 13750 6010 3709
1 8535 13750 3709
1 8535 3709 4392
1 13240 4392 3709
1 15924 13240 3709
1 6010 15924 3709
1 15924 6010 12872
1 15924 12872 3061
1 15924 3061 6415
1 15924 6415 13808
1 15924 13808 13240
1 7325 13240 13808
1 12222 7325 13808
1 13808 3715 12222
1 3715 3712 12222
1 3715 10808 3712
1 3692 3712 10808
1 3712 3692 4773
1 3715 6415 10808
1 10808 6415 3691
1 6415 15323 3691
1 3691 15323 8292
1 3691 8292 4459
1 4459 8292 4447
1 12942 4459 4447
1 3677 12942 4447
1 3677 2732 12942
1 7967 4459 12942
1 15323 3612 8292
1 8292 3612 15464
1 15464 3612 12447
1 15464 12447 3744
1 1155 3744 12447
1 1155 12447 5324
1 1155 5324 11580
1 1155 11580 1392
1 1155 1392 3744
1 3744 1392 3675
1 3675 12538 3744
1 3675 6116 12538
1 12538 6116 4926
1 4926 6116 16333
1 16333 16575 4926
1 4926 16575 13021
1 16575 1168 13021
1 1168 3664 13021
1 8295 1168 16575
1 16333 3742 16575
1 3661 3742 16333
1 16333 11745 3661
1 6383 3661 11745
1 11745 9100 6383
1 9100 6382 6383
1 6383 6382 4107
1 12152 6383 4107
1 4311 12152 4107
1 6381 4311 4107
1 4107 4133 6381
1 6381 4133 8430
1 8430 12153 6381
1 12153 4311 6381
1 12153 14911 4311
1 4311 14911 6745
1 4311 6745 4992
1 4311 4992 12152
1 12152 4992 5672
1 5672 3742 12152
1 3661 12152 3742
1 12152 3661 6383
1 5672 11218 3742
1 4992 11218 5672
1 4992 14910 11218
1 7898 14910 4992
1 6745 7898 4992
1 14911 7898 6745
1 14911 5854 7898
1 5854 16044 7898
1 16044 3649 7898
1 7898 3649 14910
1 3649 16044 12104
1 5358 3649 12104
1 3740 3649 5358
1 3740 5358 7779
1 16044 5854 12104
1 5854 7618 12104
1 5854 3646 7618
1 7618 3646 1741
1 3646 2182 1741
1 3646 4249 2182
1 2182 4249 15734
1 15734 4249 2411
1 15734 2411 3645
1 15255 15734 3645
1 2411 11416 3645
1 3645 11416 15130
1 12100 15130 11416
1 3660 12100 11416
1 5077 3660 11416
1 2411 5077 11416
1 4249 5077 2411
1 1854 5077 4249
1 8430 1854 4249
1 3646 8430 4249
1 3646 12153 8430
1 3646 5854 12153
1 12153 5854 14911
1 8430 4133 1854
1 1854 4133 12206
1 4615 1854 12206
1 12206 3659 4615
1 3659 3660 4615
1 4615 3660 5077
1 5077 1854 4615
1 3659 11117 3660
1 11117 15707 3660
1 3660 15707 12100
1 15707 5546 12100
1 12100 5546 5140
1 12100 5140 15130
1 15130 5140 10283
1 5449 15130 10283
1 10283 15422 5449
1 15422 5359 5449
1 15422 4867 5359
1 9974 5359 4867
1 4867 6330 9974
1 9974 6330 8058
1 6330 3610 8058
1 3610 5264 8058
1 8058 5264 11731
1 5264 3610 11100
1 11100 3610 15317
1 2861 15317 3610
1 2861 3610 12323
1 7932 2861 12323
1 7932 12323 3605
1 12323 3622 3605
1 2545 3605 3622
1 2545 3622 13263
1 5184 2545 13263
1 5184 13263 3621
1 3620 5184 3621
1 3620 3606 5184
1 3606 14853 5184
1 14853 2545 5184
1 14853 3605 2545
1 6371 3621 13263
1 11756 6371 13263
1 3622 11756 13263
1 4867 11756 3622
1 11215 4867 3622
1 11215 3622 12323
1 3610 11215 12323
1 11215 3610 6330
1 4867 11215 6330
1 4867 11215 6330
1 11756 4867 15422
1 15422 3642 11756
1 11756 3642 7923
1 11756 7923 6371
1 3641 6371 7923
1 3641 7923 11685
1 3640 3641 11685
1 11685 4915 3640
1 4915 5825 3640
1 3640 5825 5275
1 3640 5275 16058
1 3640 16058 3641
1 16058 15226 3641
1 3641 15226 6371
1 15226 3621 6371
1 15226 16058 14999
1 14999 16058 3639
1 15761 14999 3639
1 5584 14999 15761
1 16058 14027 3639
1 3639 14027 3636
1 14027 14771 3636
1 3636 14771 11751
1 3636 11751 5014
1 3636 5014 16571
1 3636 16571 3635
1 3634 3635 16571
1 16571 5014 10690
1 5014 11751 10690
1 11751 15944 10690
1 11751 15238 15944
1 15238 2911 15944
1 2911 3655 15944
1 3655 3656 15944
1 15703 3656 3655
1 15703 3655 5613
1 15703 5613 6417
1 15703 6417 5544
1 5544 15304 15703
1 15304 3656 15703
1 5544 5268 15304
1 8071 5268 5544
1 15596 8071 5544
1 15596 5544 6417
1 15596 6417 7467
1 15596 7467 3665
1 3940 15596 3665
1 3940 3665 9175
1 16238 3940 9175
1 9175 3824 16238
1 3824 11984 16238
1 16238 11984 4289
1 16237 16238 4289
1 16237 4289 6058
1 16237 6058 8071
1 3940 16237 8071
1 3940 8071 15596
1 16237 3940 16238
1 8071 6058 5268
1 6058 15306 5268
1 6058 11985 15306
1 11985 3939 15306
1 3939 11985 12510
1 12510 10091 3939
1 16254 3939 10091
1 5367 16254 10091
1 10091 15435 5367
1 3937 15435 10091
1 3937 10091 14778
1 3937 14778 522
1 14778 9288 522
1 4956 9288 14778
1 4935 4956 14778
1 14778 12510 4935
1 4935 12510 5538
1 12510 11985 5538
1 11985 4289 5538
1 5538 4289 15427
1 4289 11984 15427
1 6058 4289 11985
1 14778 10091 12510
1 14778 10091 12510
1 14778 10091 12510
1 12510 11985 5538
1 6058 4289 11985
1 6058 4289 11985
1 16237 3940 16238
1 4289 11984 15427
1 3824 3945 11984
1 3945 3824 13305
1 3945 13305 2753
1 891 3945 2753
1 891 2753 11524
1 6559 11524 2753
1 2753 9807 6559
1 9807 1807 6559
1 6559 1807 3959
1 6559 3959 14605
1 11524 6559 14605
1 3959 5616 14605
1 5616 15308 14605
1 5616 5270 15308
1 15308 5270 8270
1 8487 15308 8270
1 8270 3968 8487
1 15901 3968 8270
1 8270 5270 15901
1 5270 12610 15901
1 15901 12610 6797
1 12610 10232 6797
1 10232 5447 6797
1 6797 5447 15554
1 6797 15554 3969
1 6350 3969 15554
1 6350 15554 5447
1 10010 6350 5447
1 10010 5447 6508
1 2002 10010 6508
1 6025 2002 6508
1 16539 6025 6508
1 7284 16539 6508
1 7284 6508 3983
1 3984 7284 3983
1 3984 3983 12701
1 6739 3984 12701
1 6739 12701 5688
1 12701 3526 5688
1 5688 3526 5265
1 5265 4675 5688
1 5881 5688 4675
1 11169 5881 4675
1 5265 11169 4675
1 10027 11169 5265
1 5758 10027 5265
1 3971 5758 5265
1 5265 3526 3971
1 3526 6247 3971
1 3971 6247 10232
1 3971 10232 3970
1 3970 11170 3971
1 5758 3971 11170
1 10027 5758 11170
1 11170 4235 10027
1 10027 4235 15855
1 10027 15855 4106
1 10027 4106 11169
1 11169 4106 16087
1 11169 16087 5881
1 5880 4106 15855
1 5880 15855 4235
1 5880 4235 11168
1 11168 15492 5880
1 5406 5880 15492
1 3695 5406 15492
1 15493 5880 5406
1 15493 4106 5880
1 15492 11168 12502
1 15492 12502 3696
1 3696 12502 6575
1 3696 6575 1499
1 1499 6770 3696
1 3681 6770 1499
1 1499 6575 3681
1 12822 3681 6575
1 6575 3782 12822
1 12822 3782 3679
1 3679 3680 12822
1 3680 5921 12822
1 12822 5921 1008
1 12822 1008 3681
1 1008 6174 3681
1 12761 3681 6174
1 12761 6174 9021
1 12761 9021 16215
1 3684 12761 16215
1 12761 3684 16535
1 12761 16535 6770
1 3681 12761 6770
1 16215 9021 6033
1 861 16215 6033
1 8447 861 6033
1 8447 6033 3669
1 3669 11118 8447
1 8447 11118 13880
1 11118 4478 13880
1 4478 5844 13880
1 5714 13880 5844
1 10500 5714 5844
1 10500 5844 6035
1 5490 10500 6035
1 8431 5490 6035
1 5365 8431 6035
1 5365 6035 12206
1 4133 5365 12206
1 5519 5365 4133
1 4107 5519 4133
1 4107 6382 5519
1 6382 8431 5519
1 5519 8431 5365
1 6382 3743 8431
1 3743 3672 8431
1 8431 3672 5490
1 3672 10500 5490
1 3672 8580 10500
1 10500 8580 5714
1 8580 9787 5714
1 5714 9787 5091
1 5754 5091 9787
1 5754 9787 3674
1 15537 5754 3674
1 8730 15537 3674
1 3673 8730 3674
1 3674 3672 3673
1 3672 6699 3673
1 6699 11580 3673
1 8730 3673 11580
1 8730 11580 5324
1 16240 8730 5324
1 16240 5324 13383
1 3687 16240 13383
1 13383 4297 3687
1 9606 3687 4297
1 3706 9606 4297
1 3706 4297 6028
1 13383 6028 4297
1 13383 12872 6028
1 6028 12872 6010
1 12872 13383 3689
1 12872 3689 3061
1 3061 3689 15323
1 6415 3061 15323
1 3612 15323 3689
1 3689 12447 3612
1 3689 5324 12447
1 13383 5324 3689
1 13383 5324 3689
1 3687 9606 3685
1 3687 3685 8730
1 3687 8730 16240
1 8730 3685 15537
1 3685 5754 15537
1 3686 5754 3685
1 3686 3685 9606
1 15923 3686 9606
1 6474 3686 15923
1 3686 6474 8669
1 8669 5754 3686
1 3918 5754 8669
1 3918 5091 5754
1 8669 5754 3686
1 3686 3685 9606
1 13383 6028 4297
1 3687 8730 16240
1 13383 5324 3689
1 3687 8730 16240
1 11580 6699 6436
1 11580 6436 3675
1 1392 11580 3675
1 3675 6436 9100
1 3675 9100 11745
1 3675 11745 6116
1 11745 16333 6116
1 6436 6699 9100
1 9100 6699 6382
1 6699 3743 6382
1 6699 3672 3743
1 6436 6699 9100
1 6699 3672 3743
1 3672 3674 8580
1 8580 3674 9787
1 8730 3673 11580
1 8730 3685 15537
1 3685 5754 15537
1 8580 3674 9787
1 3918 5091 5754
1 8580 3674 9787
1 3672 3674 8580
1 6699 3672 3743
1 6699 3743 6382
1 5519 8431 5365
1 12206 6035 3659
1 6035 16035 3659
1 13050 3659 16035
1 13050 16035 5844
1 5844 4478 13050
1 13050 4478 4233
1 13050 4233 11117
1 3659 13050 11117
1 4233 14452 11117
1 14452 15707 11117
1 14452 5546 15707
1 14452 7212 5546
1 7212 15706 5546
1 5546 15706 15131
1 5546 15131 5140
1 5140 15131 10283
1 15131 6245 10283
1 10283 6245 6595
1 10283 6595 3642
1 10283 3642 15422
1 3642 6595 11685
1 11685 7923 3642
1 6595 4915 11685
1 4915 6595 6245
1 4915 6245 15340
1 14732 4915 15340
1 14732 15340 12998
1 3657 14732 12998
1 12998 13696 3657
1 13696 7058 3657
1 7058 16507 3657
1 16507 14772 3657
1 14772 5825 3657
1 14732 3657 5825
1 4915 14732 5825
1 5825 14772 5275
1 5275 14772 4932
1 14027 5275 4932
1 14027 4932 14771
1 14771 4932 15238
1 11751 14771 15238
1 4932 6500 15238
1 15238 6500 2911
1 6500 6376 2911
1 2911 6376 3655
1 14998 3655 6376
1 6376 4217 14998
1 6417 14998 4217
1 4217 10812 6417
1 6417 10812 7467
1 7467 10812 3665
1 3665 10812 6869
1 6098 3665 6869
1 6098 6869 5625
1 6098 5625 10774
1 10774 3678 6098
1 6098 3678 1998
1 13305 6098 1998
1 13305 1998 9807
1 2753 13305 9807
1 9807 1998 3946
1 9807 3946 1807
1 1807 3946 13670
1 1807 13670 3959
1 3959 13670 3958
1 3959 3958 1231
1 5616 3959 1231
1 1231 12530 5616
1 5270 5616 12530
1 12530 15307 5270
1 5270 15307 12610
1 15307 3970 12610
1 12610 3970 10232
1 11816 3970 15307
1 11816 15307 12530
1 3960 11816 12530
1 12530 1231 3960
1 1231 3958 3960
1 4836 3960 3958
1 798 4836 3958
1 798 3958 13670
1 3782 798 13670
1 3782 13670 6004
1 3782 6004 3679
1 3946 3679 6004
1 3946 6004 13670
1 3678 3679 3946
1 1998 3678 3946
1 3680 3679 3678
1 3678 10774 3680
1 4738 3680 10774
1 2698 4738 10774
1 2698 10774 3668
1 11764 2698 3668
1 3668 11238 11764
1 15986 11764 11238
1 15986 11238 6345
1 6345 3669 15986
1 3669 5627 15986
1 5627 9021 15986
1 3705 15986 9021
1 3705 9021 7941
1 3705 7941 5921
1 11764 3705 5921
1 11764 5921 2698
1 4738 2698 5921
1 5921 3680 4738
1 11764 15986 3705
1 1008 5921 7941
1 1008 7941 9021
1 1008 9021 6174
1 1008 7941 9021
1 11764 15986 3705
1 6033 9021 5627
1 6033 5627 3669
1 6033 5627 3669
1 3670 3669 6345
1 6345 16229 3670
1 3670 16229 4536
1 3670 4536 15705
1 11118 3670 15705
1 11118 15705 4233
1 4478 11118 4233
1 15705 11473 4233
1 4233 11473 14452
1 11473 7212 14452
1 15705 7212 11473
1 7212 15705 14451
1 14451 15706 7212
1 14451 3658 15706
1 15706 3658 15131
1 15131 3658 15340
1 15131 15340 6245
1 12998 15340 3658
1 12050 12998 3658
1 14451 12050 3658
1 12050 14451 16229
1 4298 12050 16229
1 12051 4298 16229
1 12051 16229 11238
1 3668 12051 11238
1 3666 12051 3668
1 3666 3668 5175
1 5175 3251 3666
1 3251 4217 3666
1 4217 7925 3666
1 12051 3666 7925
1 12051 7925 4298
1 4298 7925 13696
1 12050 4298 13696
1 12050 13696 12998
1 13696 7925 7058
1 16507 7058 7925
1 16507 7925 6376
1 6500 16507 6376
1 14772 16507 6500
1 6500 4932 14772
1 6376 7925 4217
1 6376 7925 4217
1 3251 10812 4217
1 6869 10812 3251
1 6869 3251 5175
1 6869 5175 5625
1 5175 3668 5625
1 3668 10774 5625
1 6869 3251 5175
1 5175 3668 5625
1 12051 3666 7925
1 11238 16229 6345
1 12051 7925 4298
1 12050 4298 13696
1 4536 16229 14451
1 4536 14451 15705
1 12050 13696 12998
1 14451 12050 3658
1 4536 14451 15705
1 15705 7212 11473
1 3669 3670 11118
1 4536 14451 15705
1 4536 16229 14451
1 11238 16229 6345
1 3669 3670 11118
1 11238 16229 6345
1 11764 15986 3705
1 3668 12051 11238
1 11764 5921 2698
1 3668 10774 5625
1 4738 2698 5921
1 5921 3680 4738
1 3946 6004 13670
1 6575 798 3782
1 6575 12502 798
1 12502 4836 798
1 11168 4836 12502
1 11168 3960 4836
1 11168 4235 3960
1 4235 11816 3960
1 4235 11170 11816
1 3970 11816 11170
1 12502 4836 798
1 11168 3960 4836
1 4235 11816 3960
1 3970 11816 11170
1 11816 15307 12530
1 12530 1231 3960
1 1231 3958 3960
1 798 3958 13670
1 3946 6004 13670
1 1998 3678 3946
1 13305 9175 6098
1 3665 6098 9175
1 3824 9175 13305
1 1998 3678 3946
1 3678 10774 3680
1 3668 10774 5625
1 6869 5175 5625
1 3665 6098 9175
1 6869 10812 3251
1 3251 10812 4217
1 5613 14998 6417
1 3655 14998 5613
1 6376 7925 4217
1 3655 14998 5613
1 6500 16507 6376
1 6500 4932 14772
1 5275 14027 16058
1 6500 4932 14772
1 14772 16507 6500
1 16507 7058 7925
1 13696 7925 7058
1 12050 13696 12998
1 14732 3657 5825
1 12998 15340 3658
1 4915 14732 5825
1 15131 15340 6245
1 4915 6595 6245
1 15131 15340 6245
1 15706 3658 15131
1 14451 15706 7212
1 11473 7212 14452
1 4233 11473 14452
1 4478 11118 4233
1 6035 5844 16035
1 3659 13050 11117
1 6035 5844 16035
1 5519 8431 5365
1 8431 3672 5490
1 3672 10500 5490
1 6035 5844 16035
1 10500 8580 5714
1 5844 4478 13050
1 4478 11118 4233
1 3669 3670 11118
1 6033 5627 3669
1 6033 9021 5627
1 1008 9021 6174
1 3681 12761 6770
1 1008 9021 6174
1 1008 5921 7941
1 5921 3680 4738
1 3680 3679 3678
1 3782 6004 3679
1 6575 798 3782
1 12822 1008 3681
1 3681 12761 6770
1 1499 6575 3681
1 6575 12502 798
1 11168 4836 12502
1 11168 4235 3960
1 15493 4106 5880
1 5880 15855 4235
1 4235 11170 11816
1 3970 11816 11170
1 12610 3970 10232
1 10232 6247 15555
1 10232 15555 5447
1 6508 5447 15555
1 6508 15555 3983
1 6247 3983 15555
1 12701 3983 6247
1 12701 6247 3526
1 6247 3983 15555
1 12701 6247 3526
1 5758 3971 11170
1 10027 5758 11170
1 10027 4106 11169
1 11169 16087 5881
1 5265 11169 4675
1 5265 3526 3971
1 12701 6247 3526
1 12701 3983 6247
1 3984 6828 7284
1 6828 16539 7284
1 15757 16539 6828
1 3995 15757 6828
1 13107 3995 6828
1 7488 13107 6828
1 3984 7488 6828
1 3995 13107 3996
1 3995 3996 3994
1 3994 2079 3995
1 3995 2079 8012
1 3995 8012 15757
1 15757 8012 5582
1 15757 5582 16539
1 5582 6025 16539
1 5582 3554 6025
1 3554 13110 6025
1 6025 13110 3982
1 6025 3982 2002
1 3982 10010 2002
1 3982 3981 10010
1 3981 6350 10010
1 6255 6350 3981
1 12065 6255 3981
1 746 6350 6255
1 746 6255 16216
1 16216 3967 746
1 3969 746 3967
1 3969 6350 746
1 3969 6350 746
1 3982 13110 10607
1 3554 16631 13110
1 8680 13110 16631
1 3992 8680 16631
1 3992 16631 6839
1 14371 3992 6839
1 6839 13482 14371
1 13482 4816 14371
1 4816 15607 14371
1 14371 15607 13231
1 13231 3992 14371
1 13231 14151 3992
1 14151 15744 3992
1 3992 15744 8680
1 5749 8680 15744
1 5749 15744 5567
1 15387 5749 5567
1 5567 12484 15387
1 12484 3991 15387
1 3990 15387 3991
1 15497 15387 3990
1 15497 5749 15387
1 4685 5749 15497
1 8680 5749 4685
1 13110 8680 4685
1 4760 12484 5567
1 4760 5567 14151
1 14151 5567 15744
1 15497 5749 15387
1 14151 5567 15744
1 8680 5749 4685
1 14151 5567 15744
1 15607 4816 6326
1 13482 6839 3994
1 6839 2079 3994
1 6839 8012 2079
1 16631 8012 6839
1 8012 16631 3554
1 3554 5582 8012
1 13231 3992 14371
1 16631 8012 6839
1 3992 15744 8680
1 13110 8680 4685
1 8012 16631 3554
1 3554 5582 8012
1 3554 5582 8012
1 6839 8012 2079
1 6839 2079 3994
1 3996 9122 3994
1 13999 9122 3996
1 3996 13107 14402
1 3995 8012 15757
1 15757 5582 16539
1 3984 7488 6828
1 6508 15555 3983
1 6828 16539 7284
1 5582 6025 16539
1 6025 3982 2002
1 3982 10010 2002
1 6508 5447 15555
1 3981 6350 10010
1 3969 6350 746
1 6350 15554 5447
1 10232 15555 5447
1 12610 3970 10232
1 5270 15307 12610
1 8270 5270 15901
1 5270 5616 12530
1 5616 3959 1231
1 1807 13670 3959
1 9807 3946 1807
1 2753 13305 9807
1 11524 6559 14605
1 2753 13305 9807
1 3824 9175 13305
1 3824 9175 13305
1 16237 3940 16238
1 3665 6098 9175
1 3940 8071 15596
1 7467 10812 3665
1 6417 10812 7467
1 3940 8071 15596
1 8071 6058 5268
1 15596 5544 6417
1 5613 14998 6417
1 3655 14998 5613
1 15304 3656 15703
1 2911 6376 3655
1 15238 6500 2911
1 11751 14771 15238
1 5014 11751 10690
1 11751 14771 15238
1 14027 4932 14771
1 5275 14027 16058
1 5275 14027 16058
1 5825 14772 5275
1 4915 14732 5825
1 6595 4915 11685
1 3640 16058 3641
1 11685 7923 3642
1 3641 15226 6371
1 11685 7923 3642
1 10283 3642 15422
1 11756 7923 6371
1 15226 3621 6371
1 14853 2545 5184
1 3622 11756 13263
1 14853 3605 2545
1 11215 3622 12323
1 7932 15317 2861
1 3610 11215 12323
1 7932 15317 2861
1 11215 3610 6330
1 4867 11215 6330
1 11756 4867 15422
1 10283 3642 15422
1 5140 15131 10283
1 5546 15131 5140
1 14452 5546 15707
1 14452 15707 11117
1 3659 13050 11117
1 12206 6035 3659
1 5077 1854 4615
1 4133 5365 12206
1 5077 1854 4615
1 4615 3660 5077
1 3660 15707 12100
1 12100 5140 15130
1 2411 5077 11416
1 4249 5077 2411
1 3646 8430 4249
1 3646 5854 12153
1 16044 5854 12104
1 12153 5854 14911
1 7898 3649 14910
1 4992 11218 5672
1 6745 7898 4992
1 14911 7898 6745
1 12153 5854 14911
1 3646 12153 8430
1 8430 4133 1854
1 4107 5519 4133
1 12153 4311 6381
1 4311 4992 12152
1 12152 3661 6383
1 4107 6382 5519
1 9100 6699 6382
1 3675 9100 11745
1 12152 3661 6383
1 11745 16333 6116
1 3661 12152 3742
1 11745 16333 6116
1 3675 11745 6116
1 1392 11580 3675
1 1392 11580 3675
1 8730 11580 5324
1 3689 5324 12447
1 1155 1392 3744
1 3689 12447 3612
1 3612 15323 3689
1 6415 3061 15323
1 13808 6415 3715
1 13808 6415 3715
1 13808 6415 3715
1 6415 3061 15323
1 12872 3689 3061
1 6028 12872 6010
1 15924 13808 13240
1 6010 15924 3709
1 6028 12872 6010
1 3706 4297 6028
1 8535 13750 3709
1 3702 13720 3704
1 3703 3706 13750
1 3706 9606 4297
1 15923 3686 9606
1 3704 13720 13573
1 3699 7098 13573
1 6474 3686 15923
1 7098 3699 3697
1 3697 3698 14276
1 13332 6474 7098
1 3686 6474 8669
1 3918 5754 8669
1 3918 5091 5754
1 5714 9787 5091
1 5714 13880 5844
1 8447 11118 13880
1 8447 861 6033
1 7957 3671 5091
1 7957 3918 3682
1 861 16215 6033
1 3684 12761 16215
1 3683 3682 3918
1 3683 13332 14276
1 12761 3684 16535
1 3697 3698 14276
1 12761 16535 6770
1 1499 6770 3696
1 15492 12502 3696
1 3695 5406 15492
1 6770 3698 7643
1 3698 3697 10552
1 10552 15236 3694
1 3695 5406 15492
1 11122 3694 9631
1 15493 5880 5406
1 15611 3973 11122
1 15493 4106 5880
1 11169 4106 16087
1 5683 3973 14197
1 11169 16087 5881
1 1827 5683 3972
1 3986 1827 11981
1 5881 5688 4675
1 6739 12701 5688
1 13108 14347 4494
1 6739 3984 12701
1 3984 7488 6828
1 7488 13107 6828
1 3996 13107 14402
1 13108 14347 4494
1 14347 14403 4822
1 8926 3997 13410
1 8926 13410 12160
1 3998 8926 12160
1 12160 15626 3998
1 15626 6273 3998
1 4699 3998 6273
1 4699 6273 11341
1 15626 11341 6273
1 15626 10038 11341
1 10038 3999 11341
1 16070 3999 10038
1 5872 16070 10038
1 5872 10038 5493
1 5493 10038 15626
1 12160 5493 15626
1 5872 12085 16070
1 12085 10719 16070
1 16070 10719 3999
1 10719 4001 3999
1 4000 3999 4001
1 4000 4001 12895
1 9272 4000 12895
1 9272 12895 3732
1 3731 9272 3732
1 5618 3731 3732
1 5618 3732 5196
1 5196 3732 12834
1 10936 5196 12834
1 10936 12834 5370
1 15440 10936 5370
1 15440 5370 12141
1 11237 15440 12141
1 5370 15449 12141
1 15449 5374 12141
1 5374 15449 11588
1 15449 3726 11588
1 11588 3726 9739
1 13772 11588 9739
1 15867 9739 3726
1 4111 15867 3726
1 4111 3726 15868
1 4111 15868 16341
1 16341 3725 4111
1 16341 1352 3725
1 10719 3725 1352
1 10719 1352 1780
1 4001 10719 1780
1 4001 1780 12895
1 1780 6088 12895
1 12895 6088 3732
1 6088 12834 3732
1 12834 6088 6189
1 12834 6189 5370
1 5370 6189 15449
1 15449 6189 3726
1 15868 3726 6189
1 15868 6189 6088
1 16341 15868 6088
1 16341 6088 1352
1 1352 6088 1780
1 15868 6189 6088
1 1352 6088 1780
1 1352 6088 1780
1 12085 3725 10719
1 16341 6088 1352
1 16341 15868 6088
1 15868 3726 6189
1 15449 6189 3726
1 5370 6189 15449
1 12834 6189 5370
1 6088 12834 3732
1 3731 5578 9272
1 9272 5578 8607
1 9272 8607 4000
1 8607 8569 4000
1 8569 10715 4000
1 5578 8569 8607
1 5578 8569 8607
1 3731 14595 5578
1 14595 5271 5578
1 14595 15651 5271
1 12895 6088 3732
1 9272 8607 4000
1 4001 1780 12895
1 4001 10719 1780
1 12085 3725 10719
1 16070 10719 3999
1 5493 10038 15626
1 15626 11341 6273
1 12160 5493 15626
1 3998 1679 8926
1 1679 5387 8926
1 8926 5387 15465
1 8926 15465 3997
1 3997 15465 9346
1 9346 15133 3997
1 9346 5142 15133
1 15133 5142 6900
1 9346 15465 12313
1 15465 5387 12313
1 5387 6324 12313
1 4010 6324 5387
1 4010 5387 1679
1 4010 1679 8553
1 8553 1679 3998
1 4012 6324 4010
1 15465 5387 12313
1 4010 5387 1679
1 8553 1679 3998
1 8926 15465 3997
1 5591 16396 15768
1 9346 15133 3997
1 15133 5142 6900
1 5591 16396 15768
1 14402 14347 5591
1 3996 13107 14402
1 13999 9122 3996
1 4811 5591 6900
1 15133 5142 6900
1 5142 8844 15136
1 8844 4007 15136
1 13999 9122 3996
1 8844 4007 15136
1 3996 9122 3994
1 13482 6839 3994
1 4007 14370 7293
1 13482 4816 14371
1 15607 4816 6326
1 15607 4816 6326
1 14371 15607 13231
1 13231 14151 3992
1 4760 5567 14151
1 4760 12484 5567
1 12484 3991 15387
1 14686 7891 5158
1 5158 10889 5200
1 3988 3989 7409
1 10889 3991 9750
1 3990 15387 3991
1 3988 3989 7409
1 10662 5379 6036
1 3976 3978 4274
1 4274 3978 6254
1 3978 12871 6254
1 15116 3977 7222
1 3978 12871 6254
1 1674 3963 1482
1 14945 1674 1482
1 3978 12871 6254
1 3979 11251 4919
1 3979 5157 11251
1 3979 8679 5157
1 5157 8679 6301
1 6301 8679 3111
1 8679 16532 3111
1 16532 8679 11254
1 3980 16532 11254
1 11254 8679 3979
1 4715 11254 3979
1 11254 8679 3979
1 4274 3978 6254
1 3976 3978 4274
1 6036 11008 3976
1 3979 5157 11251
1 5157 8679 6301
1 10662 5379 6036
1 7409 10662 3990
1 15497 15387 3990
1 6301 8679 3111
1 8679 16532 3111
1 4685 5749 15497
1 13110 8680 4685
1 3982 13110 10607
1 3980 16532 11254
1 3982 13110 10607
1 3982 3981 10010
1 12065 6255 3981
1 3980 16532 11254
1 4715 11254 3979
1 12065 6255 3981
1 746 6255 16216
1 12065 4715 4302
1 4715 11254 3979
1 3979 11251 4919
1 4919 6254 6032
1 12062 4302 6246
1 6254 3214 6032
1 3214 12871 3963
1 1674 3963 1482
1 3963 11551 11248
1 12062 11248 2894
1 12062 2894 3966
1 5548 10481 6041
1 3966 15365 6011
1 15365 11551 4250
1 5548 10481 6041
1 5548 10481 6041
1 6011 6041 3966
1 12062 2894 3966
1 12062 16216 4302
1 16216 3967 746
1 3966 12073 11252
1 12073 6280 15268
1 3969 746 3967
1 6797 15554 3969
1 15901 12610 6797
1 3969 15268 8331
1 15901 3968 8270
1 12073 6280 15268
1 8270 3968 8487
1 10481 7227 6280
1 10481 3954 7227
1 16554 3956 3954
1 8487 15308 8270
1 5616 15308 14605
1 11524 6559 14605
1 16554 3956 3954
1 891 2753 11524
1 16554 3953 16590
1 891 3945 2753
1 3824 3945 11984
1 4289 11984 15427
1 3942 12669 7697
1 891 16590 12544
1 16554 3953 16590
1 15714 3953 10481
1 15714 11550 3952
1 12669 3953 4880
1 3942 12669 7697
1 2969 6499 5155
1 4880 3952 12771
1 2969 6499 5155
1 2969 6499 5155
1 7697 12771 5155
1 3942 12669 7697
1 15427 12544 3942
1 5538 4289 15427
1 4935 12510 5538
1 7697 3944 2912
1 4935 4956 14778
1 6499 1173 3944
1 4956 9288 14778
1 6499 3941 1173
1 14778 9288 522
1 3937 14778 522
1 3937 15435 10091
1 7722 4039 625
1 10091 15435 5367
1 4780 7722 3935
1 10183 4780 3935
1 5367 16254 10091
1 16254 3939 10091
1 11985 3939 15306
1 6058 15306 5268
1 5544 5268 15304
1 15304 3656 15703
1 3655 3656 15944
1 11751 15944 10690
1 16571 5014 10690
1 3634 3635 16571
1 3634 3635 16571
1 5482 15610 7902
1 5482 10814 13247
1 13247 6596 13711
1 3637 3635 15610
1 3636 16571 3635
1 3639 14027 3636
1 15761 14999 3639
1 13711 11301 3637
1 5584 14999 15761
1 13247 6596 13711
1 3608 15225 6596
1 5584 14999 15761
1 15226 16058 14999
1 15226 3621 6371
1 15225 5202 5584
1 3620 5184 3621
1 3608 15225 6596
1 3608 15648 15138
1 3620 3606 5184
1 15138 3775 13978
1 3606 14853 5184
1 14853 3605 2545
1 7932 12323 3605
1 3776 3767 15640
1 7932 15317 2861
1 11100 3610 15317
1 5264 3610 11100
1 8058 5264 11731
1 13281 11731 14755
1 8058 5264 11731
1 9974 6330 8058
1 9974 5359 4867
1 15422 5359 5449
1 5449 15130 10283
1 3645 11416 15130
1 15255 15734 3645
1 12926 5359 15423
1 15423 9974 3644
1 13281 6133 3644
1 15255 15734 3645
1 2182 4249 15734
1 3646 2182 1741
1 13281 3648 6133
1 7618 3646 1741
1 5854 7618 12104
1 5358 3649 12104
1 13477 10870 5692
1 3740 5358 7779
1 3740 5358 7779
1 13437 13749 7137
1 1602 13437 7137
1 1828 13437 1602
1 3627 1828 1602
1 1602 15232 3627
1 1081 13437 1828
1 3609 13437 1081
1 3609 1081 2346
1 6649 3609 2346
1 3609 13749 13437
1 3609 13749 13437
1 14392 7779 10870
1 13413 10870 13477
1 1602 13437 7137
1 13413 13477 2211
1 1602 15232 3627
1 13413 13477 2211
1 12106 15605 5481
1 15605 12106 3623
1 6118 15605 3623
1 6118 3623 7086
1 7086 3623 9133
1 12106 14322 3623
1 13477 5692 4306
1 7026 4306 7618
1 12106 14322 3623
1 7026 1741 3648
1 14755 3648 13281
1 12106 14322 3623
1 11731 4927 14755
1 7086 3623 9133
1 5264 14756 4927
1 14756 3777 14502
1 7086 3623 9133
1 6118 3623 7086
1 6118 15605 3623
1 3771 5212 12567
1 12106 15605 5481
1 15232 2211 5481
1 3771 3770 5212
1 1602 15232 3627
1 3627 1828 1602
1 1081 13437 1828
1 3609 1081 2346
1 6649 3609 2346
1 1041 6649 10956
1 3749 16028 4711
1 3749 3750 16028
1 3749 16028 4711
1 4711 3652 1159
1 4115 14857 1159
1 14157 3748 4115
1 3747 14157 7603
1 7603 6649 9513
1 6649 3609 2346
1 3609 13749 13437
1 3628 14157 11757
1 14392 13749 3653
1 11757 4115 3651
1 3651 3652 6861
1 14392 3653 3740
1 6861 3652 6476
1 3740 6861 16528
1 3740 3649 5358
1 7898 3649 14910
1 4992 14910 11218
1 16528 16038 3741
1 16528 6476 16038
1 6476 3652 16529
1 16529 3652 10717
1 5848 16529 16039
1 11218 16038 5848
1 5672 11218 3742
1 16333 3742 16575
1 8295 1168 16575
1 12030 16039 3662
1 8295 1168 16575
1 1168 3664 13021
1 16039 10717 3662
1 10717 3652 16028
1 3749 3750 16028
1 3664 3662 3663
1 3751 3752 16029
1 4672 16029 3752
1 3753 4672 3752
1 3676 16029 4672
1 1168 3664 13021
1 3676 16029 4672
1 4926 16575 13021
1 12538 6116 4926
1 3675 12538 3744
1 15464 12447 3744
1 8292 3612 15464
1 4459 8292 4447
1 12944 12538 7870
1 3677 12942 4447
1 7870 12538 14751
1 13021 3676 14751
1 3676 16029 4672
1 3677 2732 12942
1 3753 4672 3752
1 3677 2732 12942
1 7967 4459 12942
1 7967 4459 12942
1 3691 8292 4459
1 10808 6415 3691
1 3692 3712 10808
1 7967 3746 3693
1 3712 3692 4773
1 3712 3692 4773
1 3715 3712 12222
1 4773 3756 3714
1 12222 16030 6101
1 3720 15557 6101
1 12222 16030 6101
1 12222 7325 13808
1 7325 13240 13808
1 13240 4392 3709
1 15557 15556 4526
1 15556 8028 3710
1 8535 3709 4392
1 10802 3702 8535
1 10802 5205 15229
1 15556 8028 3710
1 8028 3719 15230
1 5205 13996 6279
1 11005 3718 13996
1 8028 3719 15230
1 3718 11005 5008
1 10716 3718 5008
1 16217 12522 10716
1 9812 6034 16217
1 5620 6210 9812
1 16072 13409 8558
1 8558 13409 7150
1 5620 8369 6210
1 8558 13409 7150
1 8369 11981 3972
1 3986 1827 11981
1 13108 3986 14403
1 14347 14403 4822
1 6302 16396 4822
1 7150 3985 11981
1 8558 13409 7150
1 13408 6302 3985
1 13410 16396 6302
1 8926 13410 12160
1 12160 5493 15626
1 13409 4555 13408
1 16072 13409 8558
1 5872 10038 5493
1 16072 5620 2242
1 2242 5620 10535
1 5872 12085 16070
1 10535 9812 3723
1 12085 3725 10719
1 3723 10716 7071
1 16341 3725 4111
1 4111 15867 3726
1 5008 5702 7071
1 15867 9739 3726
1 5702 11005 3290
1 11005 3719 3290
1 13772 11588 9739
1 12692 3719 8028
1 7264 12692 15557
1 13772 11588 9739
1 5374 15449 11588
1 13772 7264 4667
1 3720 7264 15557
1 3722 16027 7944
1 3721 3720 6101
1 14859 3721 3757
1 3722 16027 7944
1 3722 16027 7944
1 4667 7944 13771
1 3728 3729 15450
1 4667 13771 5374
1 15449 5374 12141
1 3728 3729 15450
1 11237 15440 12141
1 15746 6373 3729
1 15746 3760 6373
1 11237 3729 13277
1 11237 15440 12141
1 15440 10936 5370
1 3734 11237 3735
1 3735 14858 3736
1 15802 3734 12285
1 6972 10218 3737
1 15802 10936 3734
1 10936 5196 12834
1 5618 3732 5196
1 5618 3731 3732
1 6972 10218 3737
1 3731 14595 5578
1 14229 12422 3739
1 14229 3739 16515
1 12294 12422 14229
1 6972 10218 3737
1 12285 16607 3737
1 12285 3736 16607
1 14858 3762 3736
1 13401 16607 15329
1 6972 13401 3739
1 14229 3739 16515
1 3738 6100 16054
1 6100 16268 16054
1 16054 6428 16515
1 14229 3739 16515
1 12294 12422 14229
1 4055 3928 4056
1 4049 3928 4055
1 12294 12422 14229
1 4597 6972 12422
1 14595 6972 4597
1 14595 15651 5271
1 4015 12294 3928
1 4049 3928 4055
1 15651 3928 4913
1 14595 15651 5271
1 14595 5271 5578
1 5578 8569 8607
1 8569 10715 4000
1 6023 11605 4013
1 8569 10715 4000
1 4000 3999 4001
1 10038 3999 11341
1 16663 4002 10715
1 4699 6273 11341
1 5341 16663 7208
1 4699 3998 6273
1 8553 1679 3998
1 4010 1679 8553
1 15393 5341 7208
1 4012 6324 4010
1 15393 5341 7208
1 4013 7208 16663
1 6023 11605 4013
1 4049 4054 11605
1 7208 4014 9104
1 6062 4012 9104
1 6062 4012 9104
1 4012 6324 4010
1 3926 13894 13414
1 5387 6324 12313
1 9346 15465 12313
1 9346 5142 15133
1 5142 8844 15136
1 957 8844 15105
1 13414 4009 12313
1 13414 4052 4051
1 957 8844 15105
1 14024 4047 10916
1 957 8844 15105
1 8844 4007 15136
1 4007 14370 7293
1 15597 6326 14370
1 14024 4047 10916
1 15597 8075 6326
1 8075 4423 15607
1 3925 15607 4423
1 4040 4004 4006
1 3925 5565 14151
1 4004 4040 5572
1 5565 14152 4760
1 5572 4043 4005
1 9750 12484 14152
1 10889 9750 5200
1 15155 5158 5200
1 4046 15155 11325
1 5572 4043 4005
1 4046 15155 11325
1 15155 4046 14686
1 6479 7891 14686
1 2412 15351 6479
1 2412 15351 6479
1 15101 7891 15351
1 15101 3988 10889
1 3988 3989 7409
1 3989 11008 5379
1 7222 3977 11008
1 3989 11929 3479
1 3988 5278 11929
1 15351 11664 5278
1 11667 4036 11664
1 11929 4003 3987
1 7222 3479 3987
1 15116 3977 7222
1 15116 11934 3978
1 5070 12871 11934
1 5070 1482 12871
1 14945 1674 1482
1 15031 16357 4032
1 5573 11669 5925
1 14945 1674 1482
1 1674 12708 11551
1 12708 4250 11551
1 5548 4250 11550
1 15714 11550 3952
1 3952 13302 2969
1 4445 13302 3950
1 3949 8617 11550
1 3949 12708 5573
1 5573 11669 5925
1 4031 4029 15683
1 15683 4029 15103
1 4029 13887 15103
1 13887 15199 15103
1 15199 13887 3924
1 15199 3924 4030
1 3924 13887 4022
1 3964 3950 3949
1 4445 13302 3950
1 15683 4029 15103
1 13302 4445 10340
1 13887 15199 15103
1 6499 10340 3941
1 15199 3924 4030
1 9288 3941 4473
1 4473 6079 1230
1 15199 3924 4030
1 3924 13887 4022
1 4030 1951 6079
1 4473 6079 1230
1 4039 1230 1739
1 1739 625 4039
1 5632 625 5066
1 5632 625 5066
1 5632 3934 14170
1 4579 4025 11668
1 5632 3934 14170
1 3935 14170 5256
1 13870 6518 14567
1 4579 4025 11668
1 13870 6518 14567
1 13870 6518 14567
1 4579 13870 5256
1 5256 3932 5174
1 3935 14170 5256
1 10183 4780 3935
1 4301 12067 15178
1 3936 12067 6244
1 15437 5367 10183
1 15437 11752 5367
1 15305 15306 11752
1 15304 15305 7279
1 3936 6244 12070
1 3654 15304 7279
1 10690 3654 6031
1 6647 6031 16214
1 3936 6244 12070
1 12067 4301 6244
1 12060 4301 5174
1 5174 3932 12060
1 4038 3932 13870
1 12060 3631 11249
1 13209 13221 3607
1 12060 11249 16213
1 6244 16213 16214
1 6647 6031 16214
1 3633 13209 15781
1 6647 4600 3634
1 4600 6862 7902
1 3633 13209 15781
1 13209 13221 3607
1 15741 7902 6862
1 15741 4122 7902
1 4122 7901 15609
1 5007 7901 3768
1 15579 14358 4814
1 15579 4814 6185
1 6185 13657 15579
1 6185 4814 395
1 5451 15563 7901
1 6185 4814 395
1 6128 5451 15741
1 3607 6128 15741
1 6185 4814 395
1 3607 13221 4254
1 3632 4254 13221
1 6185 13657 15579
1 3631 4038 3632
1 14567 6374 4038
1 3617 6374 9434
1 3616 13657 3618
1 3617 4023 745
1 7884 3619 745
1 3616 13657 3618
1 6185 13657 15579
1 3619 7884 15430
1 15579 14358 4814
1 3764 14358 3774
1 3619 7884 15430
1 14161 7884 6463
2 11 44 4
2 2895 11 4
2 2895 4 10850
2 2895 10850 3351
2 2895 3351 7533
2 2895 7533 5297
2 2895 5297 911
2 2895 911 11
2 1032 11 911
2 14813 1032 911
2 5297 14813 911
2 5297 13959 14813
2 3819 14813 13959
2 3819 13959 1031
2 10822 3819 1031
2 14462 10822 1031
2 1031 12912 14462
2 14462 12912 3264
2 3264 2339 14462
2 2339 10822 14462
2 10822 2339 1798
2 3819 10822 1798
2 3819 1798 9245
2 3819 9245 16050
2 3819 16050 9167
2 9167 14813 3819
2 15925 14813 9167
2 9167 16050 15925
2 15925 16050 13390
2 15925 13390 16052
2 16052 35 15925
2 23 15925 35
2 44 23 35
2 44 35 54
2 54 70 44
2 78 44 70
2 70 16131 78
2 16131 88 78
2 88 44 78
2 88 82 44
2 82 71 44
2 44 71 61
2 50 44 61
2 61 16026 50
2 34 50 16026
2 7242 34 16026
2 1682 7242 16026
2 1682 16026 2386
2 2386 11648 1682
2 12116 1682 11648
2 3158 12116 11648
2 3158 11648 2388
2 2388 9429 3158
2 9429 15417 3158
2 3158 15417 3906
2 12116 3158 3906
2 1692 12116 3906
2 1692 3906 3351
2 1692 3351 10850
2 9783 1692 10850
2 27 9783 10850
2 17 27 10850
2 17 10850 4
2 4 44 17
2 17 44 27
2 27 44 34
2 34 7242 27
2 7242 9783 27
2 7242 1692 9783
2 7242 1682 1692
2 1692 1682 12116
2 50 34 44
2 17 44 27
2 7242 9783 27
2 7242 1692 9783
2 3351 3906 8737
2 7533 3351 8737
2 7533 8737 2902
2 7533 2902 5297
2 2902 12696 5297
2 14139 5297 12696
2 15224 14139 12696
2 15224 12696 3150
2 15224 3150 12912
2 12912 1031 15224
2 1031 14139 15224
2 14139 1031 13959
2 5297 14139 13959
2 12912 3150 14624
2 12912 14624 15844
2 2648 12912 15844
2 7650 2648 15844
2 3149 7650 15844
2 3149 15844 3157
2 3163 3149 3157
2 13224 3163 3157
2 3157 14624 13224
2 14624 3150 13224
2 2902 13224 3150
2 2902 3150 12696
2 15417 13224 2902
2 3906 15417 2902
2 8737 3906 2902
2 15417 12719 13224
2 12719 3163 13224
2 3163 12719 9429
2 1836 3163 9429
2 6537 1836 9429
2 9429 2388 6537
2 3123 6537 2388
2 3123 2388 2389
2 3305 3123 2389
2 2389 12405 3305
2 3305 12405 7528
2 7528 7662 3305
2 7662 7144 3305
2 3305 7144 3123
2 9488 3123 7144
2 9488 7144 3314
2 2375 9488 3314
2 3306 2375 3314
2 3783 3306 3314
2 12652 3783 3314
2 7144 12652 3314
2 7662 12652 7144
2 12652 7662 2820
2 2820 3783 12652
2 2820 2259 3783
2 2259 3300 3783
2 3783 3300 3306
2 3300 13659 3306
2 3306 13659 2375
2 6283 2375 13659
2 6283 13659 3307
2 2376 6283 3307
2 2376 3307 12017
2 12017 2377 2376
2 2377 12762 2376
2 2376 12762 508
2 508 9486 2376
2 9486 6283 2376
2 16025 6283 9486
2 9486 10604 16025
2 16025 10604 1836
2 16025 1836 6537
2 9488 16025 6537
2 3123 9488 6537
2 2375 16025 9488
2 16025 2375 6283
2 3163 1836 10604
2 10604 10570 3163
2 10570 3149 3163
2 7401 3149 10570
2 7504 7401 10570
2 10604 7504 10570
2 10604 3907 7504
2 3907 7401 7504
2 7401 3907 1867
2 14348 7401 1867
2 14348 1867 7611
2 14566 14348 7611
2 14566 7611 2904
2 2904 9355 14566
2 9355 6695 14566
2 6695 9020 14566
2 9020 14348 14566
2 2649 14348 9020
2 6695 2649 9020
2 2649 6695 15289
2 6694 2649 15289
2 3820 6694 15289
2 3820 15289 12387
2 3820 12387 219
2 3820 219 12411
2 3820 12411 9262
2 3820 9262 6694
2 9262 1033 6694
2 1033 10013 6694
2 10013 2649 6694
2 2649 10013 10288
2 2649 10288 14348
2 10288 2896 14348
2 2896 7401 14348
2 7401 2896 3149
2 3149 2896 7650
2 2896 14131 7650
2 14131 2648 7650
2 14131 1033 2648
2 13686 2648 1033
2 14406 13686 1033
2 1033 15243 14406
2 15243 16053 14406
2 14406 16053 2339
2 2339 3264 14406
2 14406 3264 13686
2 3264 2648 13686
2 12912 2648 3264
2 2339 16053 10260
2 2339 10260 1798
2 4067 1798 10260
2 16053 4067 10260
2 4067 16053 4062
2 4067 4062 16112
2 4067 16112 2098
2 4067 2098 16071
2 1798 4067 16071
2 16071 9245 1798
2 16071 14280 9245
2 14280 16067 9245
2 16050 9245 16067
2 16050 16067 11825
2 16050 11825 16069
2 16069 13390 16050
2 16069 16052 13390
2 16052 16069 54
2 16052 54 35
2 70 54 16069
2 70 16069 11320
2 70 11320 16131
2 11320 3344 16131
2 6343 16131 3344
2 13015 6343 3344
2 3344 11825 13015
2 13015 11825 16067
2 13015 16067 16108
2 13015 16108 6730
2 6730 6343 13015
2 6730 6936 6343
2 6343 6936 15245
2 6343 15245 16131
2 12059 16131 15245
2 15245 2257 12059
2 82 12059 2257
2 3143 82 2257
2 3143 2257 13687
2 2387 3143 13687
2 11508 2387 13687
2 2389 11508 13687
2 2389 13687 12405
2 12405 13687 4610
2 7452 12405 4610
2 4610 5131 7452
2 5131 10375 7452
2 10375 7528 7452
2 7528 12405 7452
2 7528 10375 14308
2 7528 14308 10341
2 7662 7528 10341
2 7662 10341 2188
2 2820 7662 2188
2 4162 2820 2188
2 14294 4162 2188
2 9704 14294 2188
2 9704 2188 10341
2 9704 10341 14308
2 3349 9704 14308
2 3349 14308 10319
2 3349 10319 6730
2 6730 16108 3349
2 16108 10492 3349
2 10492 10222 3349
2 3349 10222 9704
2 10222 14294 9704
2 10492 14294 10222
2 10492 2098 14294
2 14294 2098 4162
2 4162 2098 14319
2 4162 14319 2820
2 14319 2259 2820
2 16112 2259 14319
2 14319 2098 16112
2 14115 2259 16112
2 4062 14115 16112
2 4062 16111 14115
2 16123 14115 16111
2 14377 16123 16111
2 15431 14377 16111
2 16111 11692 15431
2 15431 11692 12411
2 15431 12411 219
2 15431 219 10454
2 10454 16109 15431
2 16109 14377 15431
2 16109 13586 14377
2 14377 13586 16123
2 16123 13586 2819
2 16123 2819 14699
2 16123 14699 14115
2 14699 2259 14115
2 14699 3300 2259
2 3300 14699 2819
2 13681 3300 2819
2 2817 13681 2819
2 13586 2817 2819
2 16120 2817 13586
2 16109 16120 13586
2 16109 8057 16120
2 8057 7135 16120
2 7135 2817 16120
2 7135 13526 2817
2 2817 13526 3301
2 2817 3301 3784
2 3784 13681 2817
2 13681 3784 3307
2 3307 13659 13681
2 13659 3300 13681
2 3307 3784 12017
2 3301 12017 3784
2 12017 3301 3308
2 12017 3308 2377
2 2377 3308 3303
2 3303 14141 2377
2 2377 14141 16490
2 2377 16490 12762
2 16490 2429 12762
2 12762 2429 508
2 2429 1837 508
2 1837 9486 508
2 9486 1837 10604
2 1837 3907 10604
2 1837 13295 3907
2 3907 13295 3352
2 1867 3907 3352
2 1867 3352 7611
2 3352 2904 7611
2 1868 2904 3352
2 13138 1868 3352
2 15344 13138 3352
2 13295 15344 3352
2 13295 2429 15344
2 2429 1835 15344
2 1835 3904 15344
2 15344 3904 13138
2 3904 1868 13138
2 3904 10507 1868
2 14684 1868 10507
2 3153 14684 10507
2 10507 11817 3153
2 11817 3909 3153
2 3153 3909 11897
2 3153 11897 1869
2 3153 1869 9867
2 3153 9867 14684
2 9867 2652 14684
2 2651 14684 2652
2 2651 2652 2642
2 2651 2642 2641
2 2641 2650 2651
2 14684 2651 2650
2 14684 2650 13973
2 14684 13973 1868
2 13973 14612 1868
2 1868 14612 2904
2 14612 9355 2904
2 14612 2790 9355
2 2790 6695 9355
2 6695 2790 15289
2 1034 15289 2790
2 2790 12820 1034
2 12820 2641 1034
2 2340 1034 2641
2 2340 2641 12245
2 2340 12245 13495
2 2340 13495 1799
2 1799 12387 2340
2 2340 12387 1034
2 12387 15289 1034
2 1799 219 12387
2 1799 10454 219
2 1799 4064 10454
2 4064 8057 10454
2 8057 16109 10454
2 4064 16115 8057
2 3347 8057 16115
2 13707 3347 16115
2 16125 13707 16115
2 16115 13555 16125
2 13555 16114 16125
2 16114 12819 16125
2 1139 16125 12819
2 1139 12819 13292
2 12207 1139 13292
2 13292 3310 12207
2 12207 3310 12792
2 2381 12207 12792
2 16491 2381 12792
2 16491 12792 3144
2 16491 3144 14775
2 16491 14775 11308
2 16491 11308 12600
2 16491 12600 16034
2 16034 2381 16491
2 16034 13061 2381
2 10411 2381 13061
2 10411 13061 2380
2 3303 10411 2380
2 3303 2380 14141
2 14141 2380 7704
2 16490 14141 7704
2 1835 16490 7704
2 1835 7704 10663
2 1835 10663 11817
2 1835 11817 3904
2 3904 11817 10507
2 11817 10663 3909
2 10663 1685 3909
2 1685 11115 3909
2 3117 3909 11115
2 3117 11115 3905
2 3905 1870 3117
2 1870 14052 3117
2 14052 1869 3117
2 11897 3117 1869
2 11897 3909 3117
2 14687 1869 14052
2 14687 14052 1870
2 1870 14690 14687
2 14690 2653 14687
2 14687 2653 10138
2 14687 10138 9867
2 14687 9867 1869
2 10138 2652 9867
2 10138 14383 2652
2 2642 2652 14383
2 2341 2642 14383
2 2341 14383 2643
2 2342 2341 2643
2 12996 2342 2643
2 2643 2653 12996
2 12996 2653 3821
2 3821 15927 12996
2 12996 15927 2342
2 15927 4190 2342
2 2341 2342 4190
2 14903 2341 4190
2 14903 4190 4063
2 14903 4063 7776
2 14903 7776 4064
2 4064 13495 14903
2 12245 14903 13495
2 12245 2341 14903
2 12245 2642 2341
2 12245 2641 2642
2 4064 1799 13495
2 4064 7776 16115
2 7776 4063 16115
2 13555 16115 4063
2 16114 13555 4063
2 4063 13961 16114
2 13961 16077 16114
2 16077 16107 16114
2 16114 16107 16128
2 16114 16128 12819
2 13292 12819 16128
2 13292 16128 3790
2 13292 3790 3310
2 3310 3790 3793
2 3793 3144 3310
2 3144 12792 3310
2 2382 3144 3793
2 3312 2382 3793
2 3792 3312 3793
2 3793 2270 3792
2 14469 3792 2270
2 2270 16129 14469
2 14469 16129 10832
2 3786 14469 10832
2 3786 10832 16135
2 16135 12491 3786
2 3786 12491 3304
2 3792 3786 3304
2 3792 3304 12824
2 3792 12824 3312
2 12824 2742 3312
2 2382 3312 2742
2 12109 2382 2742
2 3159 12109 2742
2 3159 2742 12571
2 10328 3159 12571
2 1833 10328 12571
2 2741 1833 12571
2 2741 12571 12824
2 2741 12824 3304
2 3311 2741 3304
2 12491 3311 3304
2 12491 3785 3311
2 3311 3785 3794
2 3794 2383 3311
2 12195 3311 2383
2 2383 13447 12195
2 12195 13447 1833
2 12195 1833 2741
2 2741 3311 12195
2 13447 13355 1833
2 13355 3161 1833
2 1833 3161 10328
2 10328 3161 16567
2 10328 16567 3119
2 3159 10328 3119
2 3119 16618 3159
2 3159 16618 12109
2 12109 16618 11308
2 14775 12109 11308
2 14775 2382 12109
2 14775 3144 2382
2 16618 3905 11308
2 11308 3905 12600
2 12600 3905 1685
2 1685 16034 12600
2 1685 10663 16034
2 10663 7704 16034
2 7704 2380 16034
2 16034 2380 13061
2 1685 3905 11115
2 16618 3118 3905
2 3905 3118 1871
2 3905 1871 1870
2 2897 1870 1871
2 3154 2897 1871
2 3118 3154 1871
2 3119 3154 3118
2 16618 3119 3118
2 3154 3119 16567
2 16567 1872 3154
2 1872 2898 3154
2 3154 2898 2897
2 2897 2898 1732
2 2897 1732 2654
2 2897 2654 14690
2 1870 2897 14690
2 14690 2654 2653
2 2653 2654 2644
2 2653 2644 3821
2 2644 9978 3821
2 3826 3821 9978
2 3826 9978 2343
2 786 3826 2343
2 786 2343 2344
2 786 2344 16051
2 15391 786 16051
2 4061 15391 16051
2 4061 16051 3825
2 3825 6425 4061
2 6425 3340 4061
2 3340 9582 4061
2 9582 16106 4061
2 16106 15391 4061
2 16106 12500 15391
2 12500 786 15391
2 4066 786 12500
2 6957 4066 12500
2 6957 12500 16106
2 16106 16117 6957
2 6957 16117 12560
2 6957 12560 16113
2 16113 4066 6957
2 16113 16066 4066
2 16066 11637 4066
2 4066 11637 3826
2 4066 3826 786
2 11637 14963 3826
2 14963 15927 3826
2 15927 3821 3826
2 14963 10920 15927
2 10920 4190 15927
2 10920 4063 4190
2 13961 4063 10920
2 16077 13961 10920
2 16077 10920 14963
2 14963 16066 16077
2 16107 16077 16066
2 16066 16113 16107
2 16113 11477 16107
2 11477 16128 16107
2 11477 3790 16128
2 3790 11477 2270
2 2270 3793 3790
2 2270 11477 16129
2 16113 16129 11477
2 16129 16113 12560
2 10832 16129 12560
2 10832 12560 16117
2 16135 10832 16117
2 16135 16117 16116
2 16135 16116 12398
2 3785 16135 12398
2 3785 12398 2260
2 3794 3785 2260
2 3794 2260 2816
2 2816 3302 3794
2 3794 3302 3315
2 3315 15534 3794
2 15534 2383 3794
2 14238 2383 15534
2 15534 16033 14238
2 1839 14238 16033
2 1680 1839 16033
2 1680 16033 16036
2 16036 114 1680
2 3902 1680 114
2 114 134 3902
2 134 3116 3902
2 3902 3116 3120
2 1680 3902 3120
2 1839 1680 3120
2 1839 3120 11353
2 1839 11353 12278
2 1839 12278 14635
2 1839 14635 14238
2 14238 14635 13355
2 14238 13355 13447
2 14238 13447 2383
2 14635 12278 13355
2 13355 12278 11854
2 3161 13355 11854
2 3161 11854 16567
2 16567 11854 3155
2 16567 3155 1872
2 3155 14050 1872
2 14050 15297 1872
2 1872 15297 2898
2 15297 15193 2898
2 15193 1732 2898
2 15193 15325 1732
2 1732 15325 2343
2 1732 2343 2644
2 2654 1732 2644
2 2644 2343 9978
2 15325 2344 2343
2 15325 2789 2344
2 2789 3825 2344
2 3825 16051 2344
2 2789 13864 3825
2 13864 1037 3825
2 1037 11406 3825
2 3825 11406 6425
2 11406 3823 6425
2 14974 6425 3823
2 14974 3823 13964
2 14681 14974 13964
2 13964 92 14681
2 119 14681 92
2 119 92 14805
2 119 14805 14022
2 119 14022 143
2 16079 119 143
2 16079 143 16122
2 16122 16121 16079
2 5824 16079 16121
2 16121 10177 5824
2 5824 10177 3340
2 6425 5824 3340
2 14974 5824 6425
2 14974 16079 5824
2 14681 16079 14974
2 119 16079 14681
2 10177 2260 3340
2 2260 16116 3340
2 9582 3340 16116
2 16106 9582 16116
2 16106 16116 16117
2 12398 16116 2260
2 10177 2816 2260
2 2816 10177 16121
2 16121 13219 2816
2 3302 2816 13219
2 3302 13219 14278
2 14278 3315 3302
2 3313 3315 14278
2 3313 14278 3787
2 3313 3787 160
2 3313 160 16428
2 2385 3313 16428
2 16428 16036 2385
2 2385 16036 13632
2 3315 2385 13632
2 3315 13632 15534
2 13632 16033 15534
2 13632 16036 16033
2 3315 3313 2385
2 13632 16036 16033
2 16036 16428 112
2 16036 112 94
2 114 16036 94
2 114 94 10647
2 16305 114 10647
2 16305 10647 13837
2 16305 13837 13914
2 16305 13914 12659
2 12659 15244 16305
2 134 16305 15244
2 15244 167 134
2 3116 134 167
2 167 2903 3116
2 3116 2903 3152
2 3120 3116 3152
2 3120 3152 14003
2 3120 14003 11353
2 11353 14003 3156
2 11353 3156 12278
2 12278 3156 14175
2 12278 14175 3155
2 11854 12278 3155
2 14175 2899 3155
2 3155 2899 14050
2 14050 2899 14304
2 15297 14050 14304
2 15297 14304 15193
2 14304 1733 15193
2 15193 1733 15325
2 1733 2789 15325
2 13864 2789 1733
2 1733 11595 13864
2 13864 11595 1037
2 1037 11595 1734
2 3933 1037 1734
2 1734 11311 3933
2 1729 3933 11311
2 11311 2906 1729
2 2906 14565 1729
2 14565 157 1729
2 1729 157 136
2 1729 136 12016
2 1729 12016 3933
2 3933 12016 13964
2 3823 3933 13964
2 3823 1037 3933
2 3823 11406 1037
2 13964 12016 105
2 13964 105 92
2 105 1143 92
2 14805 92 1143
2 1143 13629 14805
2 13629 13946 14805
2 14022 14805 13946
2 13946 13457 14022
2 14022 13457 143
2 143 13457 2072
2 2072 170 143
2 16122 143 170
2 16122 170 14474
2 16122 14474 3787
2 16121 16122 3787
2 16121 3787 13219
2 14278 13219 3787
2 3787 14474 160
2 14474 183 160
2 183 632 160
2 632 13680 160
2 13680 13969 160
2 16428 160 13969
2 16428 13969 6473
2 112 16428 6473
2 112 6473 10804
2 94 112 10804
2 10647 94 10804
2 10647 10804 14410
2 13837 10647 14410
2 13837 14410 106
2 13837 106 139
2 13914 13837 139
2 13914 139 155
2 13914 155 12659
2 155 174 12659
2 12659 174 12743
2 12659 12743 15179
2 15244 12659 15179
2 1840 15244 15179
2 14721 1840 15179
2 14721 15179 12743
2 14721 12743 15580
2 14721 15580 13117
2 14721 13117 226
2 226 203 14721
2 1840 14721 203
2 1840 203 187
2 1840 187 167
2 167 15244 1840
2 167 187 14674
2 14674 2906 167
2 2903 167 2906
2 11311 2903 2906
2 2903 11311 2901
2 3152 2903 2901
2 14003 3152 2901
2 14003 2901 2900
2 3156 14003 2900
2 3156 2900 2899
2 3156 2899 14175
2 2900 1733 2899
2 1733 14304 2899
2 1733 2900 11595
2 11595 2900 1734
2 2901 1734 2900
2 2901 11311 1734
2 2901 1734 2900
2 2901 11311 1734
2 14674 14565 2906
2 14565 14674 2522
2 2522 157 14565
2 2522 2726 157
2 2726 2228 157
2 157 2228 136
2 11746 136 2228
2 3558 11746 2228
2 2228 10855 3558
2 10855 9672 3558
2 9672 10563 3558
2 3558 10563 1570
2 3558 1570 1143
2 3558 1143 11746
2 11746 1143 105
2 11746 105 136
2 12016 136 105
2 12960 1143 1570
2 2919 12960 1570
2 2919 1570 3066
2 2919 3066 11052
2 2919 11052 9883
2 12960 2919 9883
2 12960 9883 13629
2 1143 12960 13629
2 4705 13629 9883
2 8708 4705 9883
2 11052 8708 9883
2 6612 8708 11052
2 15837 6612 11052
2 11052 3066 15837
2 15837 3066 2707
2 13126 15837 2707
2 13126 2707 12994
2 110 13126 12994
2 110 12994 12417
2 110 12417 10059
2 129 110 10059
2 2118 129 10059
2 2118 10059 13065
2 13065 6816 2118
2 2118 6816 2715
2 2715 2717 2118
2 2118 2717 2721
2 2721 13729 2118
2 13729 129 2118
2 158 129 13729
2 2721 158 13729
2 2721 2716 158
2 16475 158 2716
2 178 16475 2716
2 178 2716 2812
2 178 2812 161
2 1728 178 161
2 12305 1728 161
2 145 12305 161
2 3297 145 161
2 2812 3297 161
2 3366 3297 2812
2 2712 3366 2812
2 2721 2712 2812
2 2716 2721 2812
2 2721 2717 2712
2 2712 2717 2807
2 1593 2712 2807
2 2806 1593 2807
2 2715 2806 2807
2 2807 2717 2715
2 2715 2183 2806
2 8337 2806 2183
2 8337 2183 10905
2 4088 8337 10905
2 4088 10905 10900
2 14316 4088 10900
2 13133 14316 10900
2 1182 13133 10900
2 15233 1182 10900
2 15233 10900 10905
2 15233 10905 1245
2 15233 1245 2793
2 2793 5257 15233
2 8011 15233 5257
2 8011 5257 8542
2 8011 8542 13882
2 8011 13882 4336
2 16045 8011 4336
2 16045 4336 15960
2 16045 15960 13095
2 16045 13095 7224
2 1182 16045 7224
2 1182 7224 13133
2 7224 13123 13133
2 7471 13133 13123
2 13123 2720 7471
2 7471 2720 2133
2 16674 7471 2133
2 2133 3368 16674
2 3368 12238 16674
2 12238 4088 16674
2 4088 14316 16674
2 14316 7471 16674
2 14316 13133 7471
2 12238 5485 4088
2 5485 8337 4088
2 5485 2806 8337
2 5485 1592 2806
2 2806 1592 2440
2 2806 2440 1593
2 1591 1593 2440
2 1591 2440 9406
2 1591 9406 3291
2 15980 1591 3291
2 3291 11012 15980
2 15915 15980 11012
2 15915 11012 1696
2 15915 1696 15910
2 3199 15915 15910
2 3199 15910 16485
2 2739 3199 16485
2 2739 16485 2738
2 2739 2738 1955
2 2739 1955 12581
2 12581 15663 2739
2 2739 15663 16019
2 16019 3199 2739
2 2614 3199 16019
2 2614 16019 1487
2 2614 1487 13714
2 13714 15881 2614
2 15915 2614 15881
2 15881 15980 15915
2 15920 15980 15881
2 2613 15920 15881
2 2613 15881 13714
2 13714 1487 2613
2 16460 2613 1487
2 16460 1487 1952
2 2569 16460 1952
2 2569 1952 11344
2 4089 2569 11344
2 4089 11344 2561
2 14252 4089 2561
2 2466 14252 2561
2 13121 2466 2561
2 2561 15663 13121
2 13121 15663 12581
2 13121 12581 1955
2 1955 13252 13121
2 13121 13252 4092
2 4092 14689 13121
2 14689 2466 13121
2 14689 13882 2466
2 13882 8542 2466
2 2466 8542 13228
2 2466 13228 14252
2 14252 13228 4089
2 13228 15966 4089
2 4089 15966 1668
2 1668 2569 4089
2 1948 2569 1668
2 2559 1948 1668
2 2559 1668 15961
2 2559 15961 122
2 2559 122 142
2 1946 2559 142
2 1946 142 165
2 165 1945 1946
2 1946 1945 15656
2 1946 15656 2559
2 2559 15656 1948
2 15686 1948 15656
2 10983 15686 15656
2 2727 10983 15656
2 1945 2727 15656
2 172 2727 1945
2 1945 180 172
2 194 172 180
2 204 194 180
2 204 180 1255
2 204 1255 1256
2 204 1256 232
2 232 1517 204
2 1517 16459 204
2 16459 194 204
2 16459 216 194
2 16462 194 216
2 216 2110 16462
2 2113 16462 2110
2 2113 2110 14929
2 2111 2113 14929
2 8879 2111 14929
2 14929 2110 8879
2 2110 236 8879
2 236 253 8879
2 253 14384 8879
2 2570 8879 14384
2 14384 9079 2570
2 2503 2570 9079
2 1286 2503 9079
2 9079 9291 1286
2 9291 2430 1286
2 1286 2430 8975
2 1286 8975 16361
2 2503 1286 16361
2 2503 16361 14784
2 2503 14784 8390
2 2570 2503 8390
2 2570 8390 13896
2 8879 2570 13896
2 8879 13896 2111
2 9003 2111 13896
2 9330 9003 13896
2 9330 13896 8390
2 2156 9330 8390
2 2156 8390 12470
2 2156 12470 2502
2 11049 2156 2502
2 2502 9142 11049
2 9142 7846 11049
2 11049 7846 2112
2 11049 2112 5895
2 2115 11049 5895
2 3053 2115 5895
2 3053 5895 14174
2 14174 2708 3053
2 3053 2708 3052
2 2115 3053 3052
2 2115 3052 14340
2 14340 8254 2115
2 8254 9003 2115
2 2115 9003 2156
2 2156 11049 2115
2 2156 9003 9330
2 8254 2111 9003
2 2113 2111 8254
2 2113 8254 13623
2 2113 13623 2710
2 2113 2710 16462
2 172 16462 2710
2 172 2710 147
2 2727 172 147
2 147 2616 2727
2 2616 10983 2727
2 2616 2728 10983
2 10983 2728 15686
2 2728 16460 15686
2 16460 1948 15686
2 2569 1948 16460
2 16460 2728 2613
2 2613 2728 16184
2 2613 16184 15920
2 16184 15863 15920
2 15920 15863 15981
2 9933 15920 15981
2 15981 1847 9933
2 9933 1847 15980
2 15980 15920 9933
2 1847 1591 15980
2 1591 1847 16060
2 1591 16060 1593
2 1593 16060 3366
2 1593 3366 2712
2 3366 16060 13236
2 125 3366 13236
2 125 13236 14596
2 96 125 14596
2 96 14596 93
2 96 93 14726
2 125 96 14726
2 14726 8484 125
2 125 8484 12305
2 125 12305 145
2 3297 125 145
2 3297 3366 125
2 12305 8484 13234
2 13234 1728 12305
2 14654 1728 13234
2 15511 14654 13234
2 15511 13234 1725
2 15511 1725 13587
2 13587 8504 15511
2 1087 15511 8504
2 1087 8504 11011
2 1087 11011 234
2 2297 1087 234
2 215 2297 234
2 4768 215 234
2 234 8736 4768
2 8736 4762 4768
2 4768 4762 2683
2 4768 2683 2677
2 2681 4768 2677
2 2681 2677 208
2 201 2681 208
2 16475 201 208
2 208 3088 16475
2 3088 2071 16475
2 158 16475 2071
2 129 158 2071
2 129 2071 1891
2 129 1891 11399
2 129 11399 110
2 110 11399 13126
2 13126 11399 15837
2 15837 11399 6612
2 11399 1846 6612
2 1846 8708 6612
2 1846 3034 8708
2 8708 3034 4705
2 3034 13200 4705
2 13200 11865 4705
2 4705 11865 13629
2 11865 13946 13629
2 12495 13946 11865
2 13200 12495 11865
2 13200 15299 12495
2 13457 12495 15299
2 13457 15299 2072
2 15299 12377 2072
2 12377 1163 2072
2 2072 1163 170
2 170 1163 183
2 170 183 14474
2 1163 214 183
2 4094 183 214
2 4094 214 14180
2 3075 4094 14180
2 3075 14180 546
2 546 13368 3075
2 13368 3067 3075
2 3075 3067 13666
2 13666 3379 3075
2 3379 4094 3075
2 1125 4094 3379
2 3379 1396 1125
2 1396 12493 1125
2 12493 235 1125
2 205 1125 235
2 205 235 14934
2 632 205 14934
2 632 14934 13680
2 13680 14934 3920
2 13680 3920 13969
2 3920 15567 13969
2 13969 15567 6473
2 15567 14204 6473
2 14204 14417 6473
2 10804 6473 14417
2 10804 14417 14410
2 14417 107 14410
2 14410 107 106
2 106 107 188
2 188 139 106
2 155 139 188
2 188 174 155
2 174 188 190
2 12743 174 190
2 12743 190 15580
2 190 212 15580
2 212 242 15580
2 15580 242 16185
2 15580 16185 13117
2 13117 16185 266
2 226 13117 266
2 266 8560 226
2 226 8560 16402
2 203 226 16402
2 203 16402 9869
2 203 9869 187
2 187 9869 202
2 202 2522 187
2 14674 187 2522
2 2522 202 7368
2 7368 2726 2522
2 2588 2726 7368
2 2588 7368 230
2 2134 2588 230
2 262 2134 230
2 230 8191 262
2 262 8191 1963
2 16376 262 1963
2 3129 16376 1963
2 13929 3129 1963
2 1963 16201 13929
2 13929 16201 16256
2 16256 3129 13929
2 11912 3129 16256
2 16455 11912 16256
2 16455 16256 567
2 13419 16455 567
2 13419 567 16200
2 3132 13419 16200
2 3132 16200 11296
2 3132 11296 16407
2 16407 11596 3132
2 3132 11596 16278
2 16373 3132 16278
2 16278 10704 16373
2 3237 16373 10704
2 3237 10704 2629
2 3237 2629 9993
2 3237 9993 2293
2 3237 2293 11395
2 16373 3237 11395
2 11395 3131 16373
2 3131 3132 16373
2 13419 3132 3131
2 13227 13419 3131
2 13227 3131 1568
2 16455 13227 1568
2 11195 16455 1568
2 3234 11195 1568
2 11395 3234 1568
2 3131 11395 1568
2 11395 2288 3234
2 3234 2288 2630
2 12301 3234 2630
2 3240 12301 2630
2 3240 2630 11856
2 3240 11856 16653
2 3240 16653 2628
2 3240 2628 12443
2 3240 12443 16375
2 3240 16375 12301
2 12301 16375 3234
2 3234 16375 11195
2 16455 11195 16375
2 16455 16375 11912
2 11912 16375 3129
2 3129 16375 12443
2 3129 12443 16376
2 12443 2628 16376
2 16376 2628 282
2 16376 282 262
2 262 282 16153
2 2134 262 16153
2 16153 10735 2134
2 2588 2134 10735
2 12790 2588 10735
2 12790 10735 13911
2 13078 12790 13911
2 9697 13078 13911
2 9697 13911 7353
2 4572 9697 7353
2 4572 7353 5951
2 4572 5951 11132
2 4572 11132 8871
2 4572 8871 11693
2 4572 11693 9697
2 11693 10849 9697
2 10849 13078 9697
2 9672 13078 10849
2 10849 10197 9672
2 6407 9672 10197
2 6407 10197 12951
2 12951 3066 6407
2 3066 1570 6407
2 10563 6407 1570
2 9672 6407 10563
2 2707 3066 12951
2 12951 5810 2707
2 5810 122 2707
2 2707 122 12994
2 15961 12994 122
2 15961 12417 12994
2 15961 15964 12417
2 15964 14516 12417
2 12417 14516 10059
2 10059 14516 13065
2 5806 13065 14516
2 5806 14516 4860
2 12149 5806 4860
2 12149 4860 10645
2 5257 12149 10645
2 10645 8542 5257
2 13228 8542 10645
2 15966 13228 10645
2 15966 10645 4860
2 15966 4860 15964
2 1668 15966 15964
2 1668 15964 15961
2 15964 4860 14516
2 12149 5257 2793
2 5806 12149 2793
2 2793 13065 5806
2 2793 6816 13065
2 1245 6816 2793
2 1245 2183 6816
2 2715 6816 2183
2 10905 2183 1245
2 15966 10645 4860
2 5806 12149 2793
2 15964 4860 14516
2 2793 13065 5806
2 15964 4860 14516
2 1668 15964 15961
2 122 5810 142
2 5810 2725 142
2 165 142 2725
2 165 2725 1255
2 165 1255 180
2 165 180 1945
2 13532 1255 2725
2 2725 14598 13532
2 14598 3559 13532
2 3559 15527 13532
2 13532 15527 9388
2 14914 13532 9388
2 16257 14914 9388
2 16257 9388 11182
2 16257 11182 7423
2 16257 7423 1754
2 13216 16257 1754
2 1754 6072 13216
2 13216 6072 14504
2 13216 14504 283
2 13216 283 257
2 257 14786 13216
2 13216 14786 16257
2 1256 16257 14786
2 1256 14786 232
2 257 232 14786
2 13246 232 257
2 13246 257 14709
2 13246 14709 15699
2 16260 13246 15699
2 7569 16260 15699
2 14483 7569 15699
2 15699 7262 14483
2 7262 14490 14483
2 14490 11576 14483
2 11223 14483 11576
2 11223 11576 4854
2 4853 11223 4854
2 4853 4854 12221
2 4853 12221 13740
2 4853 13740 12666
2 4853 12666 16301
2 4853 16301 11223
2 11223 16301 7569
2 11223 7569 14483
2 16301 16487 7569
2 7569 16487 14075
2 7569 14075 16260
2 14075 3864 16260
2 3864 8246 16260
2 8246 13246 16260
2 8246 11266 13246
2 11266 1517 13246
2 232 13246 1517
2 1517 11266 3866
2 3866 16459 1517
2 2584 16459 3866
2 2582 2584 3866
2 14621 2582 3866
2 3866 8246 14621
2 14621 8246 2583
2 8263 14621 2583
2 12452 8263 2583
2 12452 2583 12406
2 1620 12452 12406
2 1620 12406 12987
2 12987 1791 1620
2 1620 1791 12452
2 1791 15701 12452
2 8263 12452 15701
2 15701 14976 8263
2 14976 2582 8263
2 8263 2582 14621
2 2582 14976 9098
2 2582 9098 14876
2 2584 2582 14876
2 2584 14876 236
2 216 2584 236
2 216 236 2110
2 16459 2584 216
2 14876 253 236
2 14876 12585 253
2 16685 253 12585
2 16685 12585 9228
2 16685 9228 285
2 16685 285 9079
2 9079 14384 16685
2 16685 14384 253
2 9079 285 9291
2 259 9291 285
2 259 285 8998
2 8736 259 8998
2 8736 8998 3000
2 8736 3000 4762
2 1552 4762 3000
2 3000 10809 1552
2 10809 5615 1552
2 1552 5615 14318
2 1552 14318 16412
2 1552 16412 13988
2 1552 13988 1195
2 1552 1195 4762
2 2683 4762 1195
2 2683 1195 1554
2 2677 2683 1554
2 2677 1554 921
2 921 1193 2677
2 208 2677 1193
2 1193 3088 208
2 3088 1193 3400
2 3088 3400 14457
2 14457 3032 3088
2 2071 3088 3032
2 3032 1891 2071
2 13111 1891 3032
2 3032 3399 13111
2 13111 3399 3033
2 3033 1846 13111
2 13111 1846 1891
2 11399 1891 1846
2 1846 3033 3034
2 13196 3034 3033
2 1755 13196 3033
2 3033 12455 1755
2 1755 12455 1515
2 1515 8709 1755
2 8709 10918 1755
2 1755 10918 2074
2 1755 2074 13196
2 2074 3034 13196
2 2074 13200 3034
2 2074 10964 13200
2 10964 15299 13200
2 12705 15299 10964
2 12705 10964 10918
2 97 12705 10918
2 8709 97 10918
2 97 8709 13031
2 97 13031 15074
2 10670 97 15074
2 12079 10670 15074
2 15074 3781 12079
2 12079 3781 14144
2 12079 14144 256
2 256 10670 12079
2 231 10670 256
2 256 546 231
2 546 14180 231
2 14180 214 231
2 231 214 10935
2 231 10935 10670
2 10935 12705 10670
2 10670 12705 97
2 12705 10935 12377
2 12705 12377 15299
2 1163 12377 10935
2 1163 10935 214
2 1163 10935 214
2 16653 546 256
2 2628 16653 256
2 276 2628 256
2 276 256 14144
2 276 14144 10925
2 276 10925 282
2 276 282 2628
2 10925 16153 282
2 16153 10925 1959
2 16153 1959 9773
2 16153 9773 10735
2 9773 13911 10735
2 7353 13911 9773
2 7353 9773 5951
2 5951 9773 1959
2 5951 1959 13958
2 5951 13958 7744
2 11132 5951 7744
2 1754 11132 7744
2 1754 7744 6072
2 6072 7744 13631
2 8180 6072 13631
2 13631 12940 8180
2 12940 13976 8180
2 13976 13923 8180
2 8180 13923 6072
2 14504 6072 13923
2 284 14504 13923
2 14532 284 13923
2 13976 14532 13923
2 13188 14532 13976
2 13976 3400 13188
2 13188 3400 1193
2 1193 272 13188
2 13188 272 14532
2 272 284 14532
2 272 14789 284
2 284 14789 7327
2 284 7327 283
2 284 283 14504
2 7262 283 7327
2 7327 14490 7262
2 7327 8119 14490
2 8119 12804 14490
2 11576 14490 12804
2 5472 11576 12804
2 5472 12804 15841
2 5472 15841 12908
2 5472 12908 12917
2 3583 5472 12917
2 3583 12917 9561
2 13412 3583 9561
2 13412 9561 16
2 922 13412 16
2 922 16 14073
2 14073 12309 922
2 12309 6193 922
2 922 6193 12192
2 922 12192 12806
2 922 12806 13412
2 13412 12806 3583
2 3583 12806 11142
2 4854 3583 11142
2 12221 4854 11142
2 12221 11142 12806
2 5660 12221 12806
2 5660 12806 12192
2 9256 5660 12192
2 9256 12192 6193
2 2769 9256 6193
2 2769 6193 12328
2 2769 12328 2536
2 2536 15028 2769
2 9261 2769 15028
2 9261 15028 16309
2 9261 16309 16302
2 1367 9261 16302
2 16302 13844 1367
2 13844 16306 1367
2 16306 11345 1367
2 5660 1367 11345
2 5660 11345 13740
2 12221 5660 13740
2 11345 16259 13740
2 16259 12666 13740
2 16259 7637 12666
2 10106 12666 7637
2 12989 10106 7637
2 12989 7637 7673
2 7673 12406 12989
2 12989 12406 3864
2 12989 3864 16487
2 16487 10106 12989
2 16301 10106 16487
2 16301 12666 10106
2 16487 3864 14075
2 12406 2583 3864
2 8246 3864 2583
2 7673 12987 12406
2 14932 12987 7673
2 12490 14932 7673
2 7673 7637 12490
2 12490 7637 9815
2 9815 14932 12490
2 10034 14932 9815
2 10034 9815 9758
2 10034 9758 1618
2 8526 10034 1618
2 9756 8526 1618
2 6851 9756 1618
2 6851 1618 4352
2 6851 4352 12024
2 10121 6851 12024
2 12024 16306 10121
2 1148 10121 16306
2 1148 16306 13844
2 1148 13844 8163
2 1148 8163 13433
2 1520 1148 13433
2 1520 13433 9673
2 1520 9673 11919
2 11919 9756 1520
2 10121 1520 9756
2 6851 10121 9756
2 1148 1520 10121
2 11919 8526 9756
2 11919 1421 8526
2 1421 6625 8526
2 6625 7847 8526
2 7847 10034 8526
2 7847 2602 10034
2 14932 10034 2602
2 14932 2602 13265
2 14932 13265 1794
2 12987 14932 1794
2 1794 1791 12987
2 13084 1791 1794
2 2216 13084 1794
2 13265 2216 1794
2 2216 13265 10424
2 16382 2216 10424
2 16382 10424 2209
2 2209 5130 16382
2 5130 5026 16382
2 16382 5026 12525
2 2216 16382 12525
2 2212 2216 12525
2 9963 2212 12525
2 9963 12525 5026
2 9963 5026 13150
2 13150 4661 9963
2 9963 4661 1449
2 1449 2212 9963
2 2212 1449 13673
2 2212 13673 1788
2 2212 1788 13084
2 2212 13084 2216
2 13084 1788 1791
2 15701 1791 1788
2 5235 15701 1788
2 5235 1788 15773
2 9228 5235 15773
2 8998 9228 15773
2 10968 8998 15773
2 9759 10968 15773
2 13673 9759 15773
2 13673 15773 1788
2 1449 9759 13673
2 9759 1449 5615
2 9759 5615 10809
2 9759 10809 3000
2 10968 9759 3000
2 8998 10968 3000
2 1449 4661 5615
2 4661 10062 5615
2 14318 5615 10062
2 14318 10062 14921
2 14318 14921 16412
2 12908 16412 14921
2 12908 14921 12917
2 12917 14921 8416
2 12917 8416 14712
2 14712 9561 12917
2 5332 9561 14712
2 13468 5332 14712
2 13468 14712 10062
2 4661 13468 10062
2 4661 3008 13468
2 3008 5332 13468
2 5332 3008 13198
2 13198 16 5332
2 5332 16 9561
2 3854 16 13198
2 3854 13198 12553
2 3854 12553 9186
2 3854 9186 2678
2 2678 13710 3854
2 3854 13710 547
2 3854 547 14073
2 3854 14073 16
2 547 12309 14073
2 547 923 12309
2 923 6193 12309
2 923 12328 6193
2 12328 923 2536
2 2536 923 12948
2 2536 12948 1201
2 10070 2536 1201
2 11641 10070 1201
2 1201 16203 11641
2 11641 16203 1202
2 11641 1202 2537
2 2537 10070 11641
2 2537 2540 10070
2 10070 2540 15028
2 2536 10070 15028
2 16309 15028 2540
2 2540 11041 16309
2 16309 11041 14047
2 1518 16309 14047
2 1518 14047 12849
2 12849 3861 1518
2 1518 3861 12725
2 1518 12725 3862
2 1518 3862 5433
2 5433 16309 1518
2 5433 16302 16309
2 8163 16302 5433
2 8163 5433 13433
2 13433 5433 3862
2 3862 9512 13433
2 13433 9512 2586
2 9673 13433 2586
2 2586 8976 9673
2 9673 8976 11919
2 8976 1421 11919
2 8976 6962 1421
2 6962 6625 1421
2 12695 6625 6962
2 12695 6962 1792
2 12695 1792 3397
2 3397 16383 12695
2 14169 12695 16383
2 14169 16383 5053
2 5130 14169 5053
2 5053 4826 5130
2 4826 10923 5130
2 10923 5026 5130
2 4567 5026 10923
2 4567 10923 4826
2 7784 4567 4826
2 2678 7784 4826
2 2678 4826 14604
2 2678 14604 8049
2 2678 8049 13710
2 8049 2686 13710
2 13710 2686 547
2 13125 547 2686
2 9118 13125 2686
2 9544 9118 2686
2 3001 9544 2686
2 8049 3001 2686
2 8049 14604 3001
2 3001 14604 8978
2 8978 12388 3001
2 12388 9236 3001
2 9236 13989 3001
2 3001 13989 9544
2 10449 9544 13989
2 2687 10449 13989
2 2687 13989 8841
2 2687 8841 2688
2 2688 13804 2687
2 13804 6496 2687
2 2687 6496 10449
2 10449 6496 9118
2 10449 9118 9544
2 9118 6496 13125
2 923 13125 6496
2 12948 923 6496
2 1201 12948 6496
2 6496 13804 1201
2 13804 16203 1201
2 16203 13804 2688
2 16203 2688 11151
2 1202 16203 11151
2 1202 11151 16206
2 16206 1203 1202
2 13323 1202 1203
2 1203 1641 13323
2 1641 2770 13323
2 8138 13323 2770
2 1370 8138 2770
2 2770 12007 1370
2 14042 1370 12007
2 14042 12007 16310
2 16310 16304 14042
2 14042 16304 10633
2 14042 10633 16504
2 16504 16303 14042
2 1370 14042 16303
2 11041 1370 16303
2 14047 11041 16303
2 12849 14047 16303
2 16504 12849 16303
2 16504 3861 12849
2 3861 16504 14299
2 1617 3861 14299
2 1617 14299 3863
2 1617 3863 6944
2 9036 1617 6944
2 15314 9036 6944
2 15314 6944 3865
2 15314 3865 12969
2 15314 12969 15274
2 15274 1793 15314
2 1793 14066 15314
2 14066 9036 15314
2 14066 1423 9036
2 1423 1617 9036
2 1423 15282 1617
2 15282 13709 1617
2 1617 13709 3861
2 13709 2581 3861
2 3861 2581 12725
2 12725 2581 3862
2 3862 2581 13206
2 3862 13206 9512
2 13206 7983 9512
2 9512 7983 2586
2 2586 7983 1792
2 2586 1792 8976
2 1792 6962 8976
2 12645 1792 7983
2 12645 7983 1422
2 2600 12645 1422
2 9842 2600 1422
2 9842 1422 2581
2 13709 9842 2581
2 15282 9842 13709
2 12373 9842 15282
2 2601 12373 15282
2 2601 15282 1423
2 8169 2601 1423
2 14066 8169 1423
2 1793 8169 14066
2 8169 1793 14570
2 11453 8169 14570
2 11453 14570 6261
2 11453 6261 2226
2 16464 11453 2226
2 8756 16464 2226
2 8756 2226 1479
2 13262 8756 1479
2 4754 13262 1479
2 13162 4754 1479
2 13162 1479 12461
2 3002 13162 12461
2 1478 3002 12461
2 2226 1478 12461
2 12461 1479 2226
2 2226 6261 1478
2 16388 1478 6261
2 14570 16388 6261
2 12766 16388 14570
2 1793 12766 14570
2 1793 12347 12766
2 12347 16463 12766
2 16463 16388 12766
2 16463 16386 16388
2 16386 5074 16388
2 16388 5074 1478
2 1478 5074 11748
2 1478 11748 3002
2 11024 3002 11748
2 3007 11024 11748
2 3007 11748 5074
2 3007 5074 5078
2 5078 13974 3007
2 3007 13974 3006
2 3006 11024 3007
2 11024 3006 12001
2 11024 12001 16206
2 3003 11024 16206
2 16206 11151 3003
2 2688 3003 11151
2 3003 2688 3005
2 3003 3005 13162
2 3003 13162 3002
2 3003 3002 11024
2 13162 3005 4754
2 3005 14336 4754
2 14336 8841 4754
2 4687 4754 8841
2 4687 8841 13989
2 4687 13989 9236
2 12388 4687 9236
2 5064 4687 12388
2 5064 12388 13310
2 16387 5064 13310
2 16387 13310 11017
2 16387 11017 14564
2 14564 10991 16387
2 16387 10991 13262
2 16387 13262 5064
2 5064 13262 4687
2 4754 4687 13262
2 10991 8756 13262
2 14564 8756 10991
2 14564 11591 8756
2 11591 16464 8756
2 12373 16464 11591
2 14564 12373 11591
2 12373 14564 2600
2 12373 2600 9842
2 11017 2600 14564
2 12645 2600 11017
2 3397 12645 11017
2 13310 3397 11017
2 3397 13310 16383
2 16383 13310 12388
2 16383 12388 8978
2 16383 8978 5053
2 8978 14604 5053
2 14604 4826 5053
2 3397 1792 12645
2 2601 16464 12373
2 8169 16464 2601
2 16464 8169 11453
2 14564 12373 11591
2 14564 8756 10991
2 11017 2600 14564
2 13310 3397 11017
2 16387 13262 5064
2 16383 13310 12388
2 5064 13262 4687
2 4754 4687 13262
2 8841 14336 2688
2 14336 3005 2688
2 14336 3005 2688
2 14336 3005 2688
2 3003 3002 11024
2 16206 12001 11597
2 1203 16206 11597
2 1203 11597 13641
2 13641 6124 1203
2 1203 6124 1641
2 6124 2019 1641
2 1641 2019 2770
2 2770 2019 16310
2 2770 16310 12007
2 2019 11790 16310
2 16307 16310 11790
2 16307 11790 1371
2 8330 16307 1371
2 9505 8330 1371
2 9505 1371 2768
2 5237 9505 2768
2 5237 2768 2538
2 2539 5237 2538
2 1206 2539 2538
2 2538 924 1206
2 924 16211 1206
2 1206 16211 14759
2 14135 1206 14759
2 14135 14759 10344
2 10344 9560 14135
2 14135 9560 9169
2 14135 9169 2539
2 1206 14135 2539
2 2539 9169 13300
2 2541 2539 13300
2 2541 13300 11114
2 2541 11114 8042
2 2541 8042 1358
2 2541 1358 5237
2 5237 2539 2541
2 5237 1358 9505
2 9505 1358 3076
2 3076 8330 9505
2 7009 8330 3076
2 12117 7009 3076
2 16220 12117 3076
2 16220 3076 8042
2 16220 8042 13396
2 3858 16220 13396
2 3858 13396 14216
2 7037 3858 14216
2 4717 7037 14216
2 4717 14216 12937
2 12937 16300 4717
2 10202 4717 16300
2 14006 10202 16300
2 16300 9185 14006
2 9185 16299 14006
2 10959 14006 16299
2 304 10959 16299
2 16299 311 304
2 304 311 332
2 295 304 332
2 295 332 299
2 295 299 1419
2 4407 295 1419
2 10671 4407 1419
2 16609 10671 1419
2 16609 1419 1795
2 9856 16609 1795
2 1795 2215 9856
2 9856 2215 10998
2 9856 10998 10082
2 10082 16609 9856
2 16609 10082 1621
2 11971 16609 1621
2 1621 2587 11971
2 2587 7509 11971
2 7509 10671 11971
2 10671 16609 11971
2 7509 11111 10671
2 11111 4407 10671
2 14006 4407 11111
2 11111 10202 14006
2 7509 10202 11111
2 7509 4717 10202
2 4717 7509 7037
2 2587 7037 7509
2 2587 7991 7037
2 7991 3858 7037
2 15320 3858 7991
2 15320 7991 11832
2 15320 11832 2603
2 2603 8269 15320
2 15320 8269 3860
2 3858 15320 3860
2 3860 16220 3858
2 3860 12117 16220
2 3860 7009 12117
2 3860 13765 7009
2 13765 1521 7009
2 7009 1521 16219
2 7009 16219 8330
2 16219 16307 8330
2 16307 16219 13112
2 16307 13112 16304
2 16304 16310 16307
2 3865 16304 13112
2 12969 3865 13112
2 12969 13112 16219
2 1521 12969 16219
2 12969 1521 15274
2 8269 15274 1521
2 1521 13765 8269
2 13765 3860 8269
2 1424 15274 8269
2 13315 1424 8269
2 13315 8269 2603
2 13315 2603 2597
2 1424 13315 2597
2 1424 2597 12347
2 1424 12347 14746
2 15274 1424 14746
2 14746 1793 15274
2 14746 12347 1793
2 14746 12347 1793
2 16463 12347 2597
2 12408 16463 2597
2 2603 12408 2597
2 3396 12408 2603
2 13402 3396 2603
2 13402 2603 11832
2 4011 13402 11832
2 4011 11832 5709
2 6707 4011 5709
2 1621 6707 5709
2 1621 5709 2587
2 2587 5709 7991
2 7991 5709 11832
2 1621 10082 6707
2 10082 14734 6707
2 6707 14734 4011
2 14734 5915 4011
2 5915 16385 4011
2 16385 3396 4011
2 4011 3396 13402
2 16385 10873 3396
2 10873 12408 3396
2 10873 16463 12408
2 16386 16463 10873
2 16386 10873 1480
2 5078 16386 1480
2 4636 5078 1480
2 12608 4636 1480
2 12608 1480 5006
2 12608 5006 4642
2 12608 4642 10287
2 12608 10287 3004
2 4636 12608 3004
2 4636 3004 8004
2 4636 8004 13974
2 5078 4636 13974
2 13974 8004 3006
2 2693 3006 8004
2 3004 2693 8004
2 16211 2693 3004
2 16211 3004 14759
2 3004 10287 14759
2 14759 10287 10344
2 10287 9238 10344
2 10344 9238 7408
2 925 10344 7408
2 7408 6951 925
2 925 6951 6455
2 13300 925 6455
2 13300 6455 11114
2 11114 6455 14145
2 15997 11114 14145
2 16308 15997 14145
2 14145 4781 16308
2 4781 10499 16308
2 16308 10499 16300
2 12937 16308 16300
2 12937 15997 16308
2 16503 15997 12937
2 16503 12937 14216
2 14216 13396 16503
2 13396 8042 16503
2 16503 8042 15997
2 11114 15997 8042
2 16503 8042 15997
2 16300 10499 9185
2 9185 10499 16299
2 16299 10499 8771
2 16299 8771 321
2 16299 321 311
2 332 311 321
2 332 321 337
2 332 337 347
2 347 360 332
2 360 371 332
2 332 371 372
2 372 361 332
2 332 361 348
2 348 339 332
2 332 339 330
2 332 330 318
2 308 332 318
2 318 1795 308
2 1419 308 1795
2 1419 299 308
2 308 299 332
2 1795 318 2215
2 330 2215 318
2 2215 330 1477
2 16384 2215 1477
2 12907 16384 1477
2 2999 12907 1477
2 1477 361 2999
2 2999 361 2998
2 14563 2999 2998
2 16202 14563 2998
2 16202 2998 371
2 371 360 16202
2 16202 360 9881
2 16202 9881 13566
2 9639 16202 13566
2 10092 9639 13566
2 10092 13566 14217
2 11072 10092 14217
2 11072 14217 6211
2 6188 11072 6211
2 14145 6188 6211
2 14145 6211 4781
2 4781 6211 14122
2 4781 14122 14146
2 4781 14146 10499
2 14146 8771 10499
2 14146 321 8771
2 337 321 14146
2 14146 11967 337
2 337 11967 347
2 11967 10112 347
2 10112 360 347
2 9881 360 10112
2 13566 9881 10112
2 13566 10112 14217
2 14217 10112 14122
2 6211 14217 14122
2 11967 14122 10112
2 11967 14146 14122
2 11967 14122 10112
2 11967 14146 14122
2 11967 14146 14122
2 6211 14217 14122
2 14145 12316 6188
2 14218 6188 12316
2 6455 14218 12316
2 14145 6455 12316
2 6951 14218 6455
2 16212 14218 6951
2 16212 6951 7408
2 7408 16476 16212
2 16212 16476 6815
2 16212 6815 12893
2 12893 9912 16212
2 9912 14218 16212
2 6188 14218 9912
2 6188 9912 4399
2 6188 4399 11072
2 11072 4399 10092
2 2682 10092 4399
2 4399 6095 2682
2 8527 2682 6095
2 8527 6095 12893
2 15396 8527 12893
2 12893 6676 15396
2 15396 6676 11883
2 11883 4673 15396
2 15396 4673 8527
2 8527 4673 13510
2 4531 8527 13510
2 4531 13510 10877
2 4531 10877 2999
2 4531 2999 14563
2 14563 9639 4531
2 9639 2682 4531
2 4531 2682 8527
2 2682 9639 10092
2 16202 9639 14563
2 2999 10877 12907
2 10877 13510 12907
2 12907 13510 5003
2 5003 16384 12907
2 14734 16384 5003
2 14734 5003 10796
2 14734 10796 5915
2 5915 10796 11778
2 5915 11778 16385
2 5006 16385 11778
2 11778 4642 5006
2 11778 11883 4642
2 11883 16476 4642
2 10287 4642 16476
2 10287 16476 9238
2 9238 16476 7408
2 6676 16476 11883
2 6815 16476 6676
2 12893 6815 6676
2 10796 11883 11778
2 10796 4673 11883
2 5003 4673 10796
2 13510 4673 5003
2 16385 5006 1480
2 10873 16385 1480
2 10796 11883 11778
2 5003 4673 10796
2 10082 16384 14734
2 10082 10998 16384
2 10998 2215 16384
2 13510 4673 5003
2 10877 13510 12907
2 4531 2682 8527
2 13510 4673 5003
2 10796 4673 11883
2 6676 16476 11883
2 12893 6815 6676
2 15396 4673 8527
2 12893 6095 9912
2 4399 9912 6095
2 4531 2682 8527
2 4399 9912 6095
2 2682 9639 10092
2 4399 9912 6095
2 12893 6095 9912
2 12893 6815 6676
2 6815 16476 6676
2 9238 16476 7408
2 9912 14218 16212
2 6188 14218 9912
2 14145 6455 12316
2 6188 4399 11072
2 6211 14217 14122
2 11072 4399 10092
2 13566 10112 14217
2 2682 9639 10092
2 16202 9639 14563
2 13566 9881 10112
2 9881 360 10112
2 372 371 2998
2 2998 361 372
2 16202 9639 14563
2 4531 2999 14563
2 2998 361 372
2 1477 348 361
2 348 1477 339
2 1477 330 339
2 2999 10877 12907
2 5003 16384 12907
2 10998 2215 16384
2 1477 330 339
2 308 299 332
2 330 2215 318
2 1477 330 339
2 348 1477 339
2 1477 348 361
2 2998 361 372
2 372 371 2998
2 371 360 16202
2 10112 360 347
2 337 11967 347
2 337 321 14146
2 14146 321 8771
2 14146 8771 10499
2 4781 14146 10499
2 14145 6211 4781
2 12937 15997 16308
2 11114 15997 8042
2 14145 6455 12316
2 9169 925 13300
2 9560 925 9169
2 10344 925 9560
2 6951 14218 6455
2 16212 6951 7408
2 10344 925 9560
2 9238 16476 7408
2 10287 16476 9238
2 2693 16211 16208
2 2690 2693 16208
2 11597 2690 16208
2 13641 11597 16208
2 13641 16208 924
2 924 6124 13641
2 2538 6124 924
2 2768 6124 2538
2 6124 2768 2019
2 1371 2019 2768
2 2019 1371 11790
2 16208 16211 924
2 12001 2690 11597
2 3006 2690 12001
2 3006 2693 2690
2 3006 2693 2690
2 16208 16211 924
2 3006 2693 2690
2 3004 2693 8004
2 3004 10287 14759
2 10287 4642 16476
2 11778 4642 5006
2 16385 5006 1480
2 4636 12608 3004
2 5078 4636 13974
2 5078 5074 16386
2 10873 16385 1480
2 10873 16385 1480
2 5915 11778 16385
2 14734 10796 5915
2 10082 16384 14734
2 6707 14734 4011
2 7991 5709 11832
2 4011 3396 13402
2 4011 3396 13402
2 10873 12408 3396
2 10873 16463 12408
2 2603 12408 2597
2 1424 13315 2597
2 15274 1424 14746
2 16304 3865 12716
2 16304 12716 10633
2 12716 3863 10633
2 10633 3863 16504
2 16504 3863 14299
2 6944 3863 12716
2 6944 12716 3865
2 6944 12716 3865
2 12969 13112 16219
2 1521 12969 16219
2 1521 13765 8269
2 13765 3860 8269
2 13765 3860 8269
2 13315 8269 2603
2 13402 2603 11832
2 7991 5709 11832
2 3858 15320 3860
2 2587 5709 7991
2 14006 10959 4407
2 10959 295 4407
2 304 295 10959
2 7509 10202 11111
2 2587 7037 7509
2 1621 5709 2587
2 10671 16609 11971
2 1621 10082 6707
2 10082 10998 16384
2 10998 2215 16384
2 1795 318 2215
2 10082 16609 9856
2 1419 308 1795
2 10671 16609 11971
2 11111 4407 10671
2 10959 295 4407
2 1419 299 308
2 308 299 332
2 304 295 10959
2 332 311 321
2 16299 321 311
2 304 295 10959
2 14006 10959 4407
2 9185 10499 16299
2 16300 10499 9185
2 11111 10202 14006
2 7509 4717 10202
2 12937 16308 16300
2 16503 12937 14216
2 4717 7509 7037
2 7991 3858 7037
2 14216 13396 16503
2 3860 16220 3858
2 13396 8042 16503
2 8042 3076 1358
2 3860 12117 16220
2 3860 7009 12117
2 7009 16219 8330
2 8042 3076 1358
2 8042 3076 1358
2 11114 15997 8042
2 13300 6455 11114
2 5237 2539 2541
2 9169 925 13300
2 9560 925 9169
2 10344 925 9560
2 14759 10287 10344
2 1206 14135 2539
2 16211 3004 14759
2 16208 16211 924
2 2538 6124 924
2 1206 14135 2539
2 5237 2539 2541
2 2768 6124 2538
2 5237 1358 9505
2 1371 2019 2768
2 3076 8330 9505
2 16219 16307 8330
2 2019 1371 11790
2 16304 16310 16307
2 2019 1371 11790
2 6124 2768 2019
2 924 6124 13641
2 13641 11597 16208
2 12001 2690 11597
2 3006 2690 12001
2 13974 8004 3006
2 5078 4636 13974
2 5078 5074 16386
2 3006 11024 3007
2 3003 3002 11024
2 3007 11748 5074
2 5078 5074 16386
2 16386 16463 10873
2 16463 12347 2597
2 14746 12347 1793
2 16463 16388 12766
2 16388 5074 1478
2 1478 11748 3002
2 3003 13162 3002
2 12461 1479 2226
2 13162 3005 4754
2 4754 4687 13262
2 10991 8756 13262
2 12461 1479 2226
2 11591 16464 8756
2 16464 8169 11453
2 2226 6261 1478
2 14570 16388 6261
2 16464 8169 11453
2 1793 12766 14570
2 8169 16464 2601
2 2601 16464 12373
2 12373 2600 9842
2 1422 13206 2581
2 7983 13206 1422
2 12373 2600 9842
2 12645 2600 11017
2 7983 13206 1422
2 3397 1792 12645
2 7983 13206 1422
2 1422 13206 2581
2 13709 9842 2581
2 15282 9842 13709
2 2601 15282 1423
2 14066 8169 1423
2 1793 8169 14066
2 14746 1793 15274
2 12969 1521 15274
2 12969 3865 13112
2 6944 12716 3865
2 14066 9036 15314
2 1423 1617 9036
2 6944 3863 12716
2 16504 3863 14299
2 1617 13709 3861
2 16504 3863 14299
2 2540 1370 11041
2 1370 2540 8138
2 8138 2540 2537
2 8138 2537 13323
2 2537 1202 13323
2 16504 12849 16303
2 10633 3863 16504
2 16304 12716 10633
2 16304 16310 16307
2 2770 16310 12007
2 1370 14042 16303
2 2770 16310 12007
2 1370 2540 8138
2 8138 2537 13323
2 1641 2019 2770
2 1203 6124 1641
2 2537 1202 13323
2 1203 16206 11597
2 16206 11151 3003
2 2688 3003 11151
2 13125 923 547
2 6496 13804 1201
2 16203 13804 2688
2 8841 14336 2688
2 4687 8841 13989
2 2687 6496 10449
2 10449 9118 9544
2 4687 13989 9236
2 12388 4687 9236
2 16383 12388 8978
2 8978 14604 5053
2 3001 13989 9544
2 10449 9118 9544
2 9118 6496 13125
2 13125 923 547
2 8049 3001 2686
2 8049 14604 3001
2 14604 4826 5053
2 9186 7784 2678
2 12553 7784 9186
2 12553 4567 7784
2 3008 4567 12553
2 13198 3008 12553
2 3008 13150 4567
2 4567 13150 5026
2 3008 4661 13150
2 12553 4567 7784
2 4567 13150 5026
2 4567 10923 4826
2 14604 4826 5053
2 2209 14169 5130
2 2209 12695 14169
2 12695 2209 6625
2 6625 2209 7847
2 7847 2209 2602
2 2602 2209 10424
2 10424 13265 2602
2 16383 8978 5053
2 2209 12695 14169
2 3397 13310 16383
2 3397 1792 12645
2 1792 6962 8976
2 12695 2209 6625
2 1792 6962 8976
2 2586 1792 8976
2 9512 7983 2586
2 3862 13206 9512
2 13844 16302 8163
2 13433 5433 3862
2 12725 2581 3862
2 3861 2581 12725
2 16504 3861 12849
2 12849 14047 16303
2 5433 16309 1518
2 14047 11041 16303
2 2540 1370 11041
2 8138 2540 2537
2 2537 1202 13323
2 1202 16203 11151
2 13804 16203 1201
2 2537 10070 11641
2 2536 10070 15028
2 1201 12948 6496
2 12948 923 6496
2 13125 923 547
2 13710 2686 547
2 2678 8049 13710
2 9186 7784 2678
2 12553 7784 9186
2 13198 3008 12553
2 3854 14073 16
2 13198 3008 12553
2 3008 4661 13150
2 8416 10062 14712
2 14921 10062 8416
2 3008 5332 13468
2 5332 16 9561
2 8416 10062 14712
2 14921 10062 8416
2 12908 1204 16412
2 13988 16412 1204
2 14927 13988 1204
2 15841 14927 1204
2 12908 15841 1204
2 8119 14927 15841
2 15841 12804 8119
2 8119 921 14927
2 921 1554 14927
2 1554 13988 14927
2 1195 13988 1554
2 14789 921 8119
2 7327 14789 8119
2 272 921 14789
2 921 272 1193
2 1554 13988 14927
2 12908 15841 1204
2 14921 10062 8416
2 4661 13468 10062
2 10968 9759 3000
2 8998 10968 3000
2 8998 285 9228
2 9228 9098 5235
2 9098 14976 5235
2 14976 15701 5235
2 12585 9098 9228
2 14876 9098 12585
2 13673 15773 1788
2 14976 15701 5235
2 13673 15773 1788
2 1449 9759 13673
2 1449 4661 5615
2 3008 4661 13150
2 4567 13150 5026
2 1449 2212 9963
2 2212 13084 2216
2 9963 12525 5026
2 10923 5026 5130
2 2209 14169 5130
2 2602 2209 10424
2 2216 16382 12525
2 10424 13265 2602
2 2212 13084 2216
2 13084 1788 1791
2 13265 2216 1794
2 10424 13265 2602
2 7847 2209 2602
2 6625 2209 7847
2 6962 6625 1421
2 8976 1421 11919
2 9673 8976 11919
2 9673 13433 2586
2 1148 1520 10121
2 8163 5433 13433
2 13844 16302 8163
2 1148 1520 10121
2 16259 16306 12024
2 12024 4352 16259
2 4352 7637 16259
2 7637 4352 9815
2 9758 9815 4352
2 1618 9758 4352
2 11345 16306 16259
2 6851 10121 9756
2 12024 4352 16259
2 1618 9758 4352
2 6851 10121 9756
2 11919 8526 9756
2 7847 10034 8526
2 1618 9758 4352
2 9758 9815 4352
2 14932 10034 2602
2 7637 4352 9815
2 9815 14932 12490
2 12987 14932 1794
2 7673 7637 12490
2 16487 10106 12989
2 16301 12666 10106
2 4352 7637 16259
2 11345 16306 16259
2 5660 9256 1367
2 1367 9256 2769
2 1367 2769 9261
2 11345 16306 16259
2 1148 16306 13844
2 13844 16302 8163
2 1367 2769 9261
2 5433 16302 16309
2 16309 15028 2540
2 1367 2769 9261
2 2536 10070 15028
2 12328 923 2536
2 923 12328 6193
2 1367 9256 2769
2 5660 9256 1367
2 12221 5660 13740
2 5472 3583 4854
2 5472 4854 11576
2 12221 11142 12806
2 5660 12806 12192
2 9256 12192 6193
2 923 6193 12309
2 547 12309 14073
2 3854 14073 16
2 922 12806 13412
2 5332 16 9561
2 13412 12806 3583
2 14712 9561 12917
2 5472 3583 4854
2 12908 14921 12917
2 12908 15841 1204
2 15841 12804 8119
2 5472 4854 11576
2 15841 12804 8119
2 7327 14789 8119
2 14709 283 7262
2 15699 14709 7262
2 14709 257 283
2 7327 14789 8119
2 272 921 14789
2 921 272 1193
2 13976 13349 3400
2 3400 13349 3399
2 3400 3399 14457
2 3399 3032 14457
2 13349 1515 3399
2 12455 3399 1515
2 3033 3399 12455
2 13976 1515 13349
2 13976 12940 1515
2 12940 5097 1515
2 8709 1515 5097
2 8709 5097 13031
2 13031 5097 1658
2 1658 9668 13031
2 13031 9668 15074
2 9668 3781 15074
2 1959 3781 9668
2 13958 1959 9668
2 13958 9668 1658
2 13958 1658 7744
2 13631 7744 1658
2 1658 12940 13631
2 1658 5097 12940
2 10925 3781 1959
2 14144 3781 10925
2 13958 9668 1658
2 1658 5097 12940
2 1658 5097 12940
2 13976 1515 13349
2 13188 272 14532
2 272 284 14532
2 284 283 14504
2 13976 14532 13923
2 13976 12940 1515
2 1658 12940 13631
2 8180 13923 6072
2 13631 7744 1658
2 1754 13712 11132
2 13712 8871 11132
2 1257 8871 13712
2 7423 1257 13712
2 7423 13712 1754
2 11182 1257 7423
2 1257 11182 13832
2 1257 13832 9592
2 1257 9592 10143
2 8871 1257 10143
2 8871 10143 11693
2 10143 10849 11693
2 10143 9592 10849
2 9592 10197 10849
2 13832 10197 9592
2 13832 3559 10197
2 12951 10197 3559
2 3559 5810 12951
2 14598 5810 3559
2 2725 5810 14598
2 3559 13832 15527
2 11182 15527 13832
2 9388 15527 11182
2 10143 9592 10849
2 13832 10197 9592
2 11182 15527 13832
2 8871 1257 10143
2 7423 13712 1754
2 13958 1658 7744
2 13958 1959 9668
2 5951 9773 1959
2 10925 3781 1959
2 14144 3781 10925
2 276 282 2628
2 13368 546 16653
2 3387 13368 16653
2 11856 3387 16653
2 2630 3387 11856
2 3387 2630 7100
2 3387 7100 3067
2 13368 3387 3067
2 3067 7100 11004
2 3067 11004 3072
2 13666 3067 3072
2 1396 13666 3072
2 3072 5681 1396
2 2595 1396 5681
2 2595 5681 12596
2 2595 12596 16294
2 13149 2595 16294
2 3809 13149 16294
2 3809 16294 8670
2 8670 14164 3809
2 2798 3809 14164
2 2798 14164 1748
2 2632 2798 1748
2 937 2632 1748
2 1748 938 937
2 14380 937 938
2 14380 938 1749
2 1749 8762 14380
2 8762 16404 14380
2 14380 16404 16201
2 14380 16201 14536
2 14536 937 14380
2 8560 937 14536
2 13796 8560 14536
2 13796 14536 16408
2 16402 13796 16408
2 16408 8300 16402
2 8300 9869 16402
2 8300 202 9869
2 230 202 8300
2 230 8300 16408
2 16408 8191 230
2 16408 13131 8191
2 13131 16201 8191
2 1963 8191 16201
2 13131 14536 16201
2 16408 14536 13131
2 16408 14536 13131
2 7368 202 230
2 230 8300 16408
2 16402 8560 13796
2 16408 14536 13131
2 16402 8560 13796
2 2632 937 8560
2 2632 8560 11465
2 2135 2632 11465
2 2135 11465 266
2 2135 266 289
2 2135 289 16489
2 2135 16489 2592
2 13149 2135 2592
2 2592 2595 13149
2 255 2595 2592
2 16489 255 2592
2 16513 255 16489
2 16513 16489 10708
2 16513 10708 269
2 248 16513 269
2 188 248 269
2 188 269 281
2 188 281 263
2 188 263 242
2 212 188 242
2 212 190 188
2 242 263 16185
2 9946 16185 263
2 281 9946 263
2 10708 9946 281
2 10708 281 269
2 9946 10708 289
2 266 9946 289
2 266 16185 9946
2 10708 16489 289
2 266 16185 9946
2 281 9946 263
2 10708 281 269
2 229 248 188
2 198 229 188
2 198 188 176
2 12105 198 176
2 14269 12105 176
2 14269 176 150
2 14387 14269 150
2 14204 14387 150
2 127 14204 150
2 127 150 188
2 107 127 188
2 14417 127 107
2 14204 127 14417
2 188 150 176
2 14204 127 14417
2 14204 15567 14387
2 15567 14269 14387
2 15567 3920 14269
2 3920 12105 14269
2 3920 14934 12105
2 16099 12105 14934
2 16099 14934 235
2 255 16099 235
2 235 12493 255
2 12493 2595 255
2 2595 12493 1396
2 255 16513 16099
2 16099 16513 229
2 16099 229 12105
2 12105 229 198
2 16513 248 229
2 16099 229 12105
2 15567 14269 14387
2 188 150 176
2 3920 12105 14269
2 12105 229 198
2 188 150 176
2 12105 229 198
2 16513 248 229
2 16513 248 229
2 10708 281 269
2 10708 16489 289
2 255 16513 16099
2 12493 2595 255
2 13753 2135 13149
2 3809 13753 13149
2 13753 3809 2798
2 13753 2798 2632
2 2135 13753 2632
2 2135 13753 2632
2 16489 255 2592
2 10708 16489 289
2 266 9946 289
2 11465 8560 266
2 2135 13753 2632
2 11465 8560 266
2 13131 14536 16201
2 16201 16404 16256
2 567 16256 16404
2 14028 567 16404
2 16404 8762 14028
2 16200 14028 8762
2 16200 8762 14430
2 13817 16200 14430
2 13817 14430 14578
2 13817 14578 13668
2 14390 13817 13668
2 14390 13668 939
2 939 14503 14390
2 14390 14503 16407
2 14390 16407 11296
2 14390 11296 13817
2 13817 11296 16200
2 14503 14393 16407
2 1990 16407 14393
2 1990 14393 10901
2 1990 10901 14133
2 11440 1990 14133
2 11440 14133 16188
2 1280 11440 16188
2 1280 16188 16186
2 1280 16186 1282
2 3134 1280 1282
2 3134 1282 16276
2 16276 1661 3134
2 3134 1661 11866
2 11866 1280 3134
2 860 1280 11866
2 860 11866 3235
2 13079 860 3235
2 3235 7265 13079
2 13079 7265 3390
2 2629 13079 3390
2 9993 2629 3390
2 14517 9993 3390
2 14614 14517 3390
2 3390 7265 14614
2 14614 7265 2285
2 12972 14614 2285
2 3383 12972 2285
2 2285 14454 3383
2 14454 3068 3383
2 3383 3068 4947
2 14396 3383 4947
2 4947 1128 14396
2 716 14396 1128
2 13757 716 1128
2 16430 13757 1128
2 16430 1128 1399
2 1399 13839 16430
2 13839 13542 16430
2 16430 13542 12549
2 12549 6021 16430
2 13757 16430 6021
2 16293 13757 6021
2 6021 11703 16293
2 11703 2136 16293
2 11219 16293 2136
2 16359 11219 2136
2 2136 3810 16359
2 16359 3810 10618
2 16359 10618 16289
2 3244 16359 16289
2 16289 10114 3244
2 3244 10114 11409
2 3244 11409 1398
2 1398 12816 3244
2 11219 3244 12816
2 11219 12816 16293
2 716 16293 12816
2 716 12816 8451
2 716 8451 14396
2 8451 4097 14396
2 4097 3383 14396
2 4097 12972 3383
2 12972 4097 1398
2 3074 12972 1398
2 3074 1398 10574
2 3074 10574 13034
2 3074 13034 14517
2 14517 14614 3074
2 12972 3074 14614
2 14517 13034 3388
2 3388 9993 14517
2 3388 2293 9993
2 2293 3388 11759
2 2288 2293 11759
2 2288 11759 3380
2 2630 2288 3380
2 7100 2630 3380
2 7100 3380 4167
2 11004 7100 4167
2 11004 4167 1126
2 11004 1126 3072
2 3072 1126 5681
2 12596 5681 1126
2 15742 12596 1126
2 3243 15742 1126
2 3243 1126 5285
2 3243 5285 13981
2 9630 3243 13981
2 16289 9630 13981
2 16289 13981 10114
2 11512 10114 13981
2 11512 13981 5285
2 4266 11512 5285
2 5285 4167 4266
2 4167 13731 4266
2 13731 3382 4266
2 4266 3382 1130
2 4266 1130 11512
2 1130 10114 11512
2 1130 11409 10114
2 1130 10574 11409
2 10574 1398 11409
2 13034 10574 1130
2 13034 1130 3382
2 13034 3382 3388
2 3382 11759 3388
2 11759 3382 13731
2 11759 13731 3380
2 4167 3380 13731
2 13034 1130 3382
2 11759 3382 13731
2 4167 3380 13731
2 4167 5285 1126
2 4266 1130 11512
2 1130 10114 11512
2 9303 9630 16289
2 10618 9303 16289
2 10618 11989 9303
2 10922 9303 11989
2 10922 11989 14774
2 11066 10922 14774
2 8304 11066 14774
2 8304 14774 14578
2 1749 8304 14578
2 14430 1749 14578
2 1749 14430 8762
2 1748 8304 1749
2 1748 1749 938
2 1748 14164 8304
2 14164 11066 8304
2 11066 14164 8670
2 9303 11066 8670
2 9303 8670 16290
2 9303 16290 9630
2 3243 9630 16290
2 3243 16290 15742
2 15742 16290 16294
2 12596 15742 16294
2 8670 16294 16290
2 8670 16294 16290
2 11066 9303 10922
2 14578 14774 13668
2 13695 13668 14774
2 11989 13695 14774
2 2192 13695 11989
2 3810 2192 11989
2 10618 3810 11989
2 11726 2192 3810
2 2136 11726 3810
2 2136 15392 11726
2 11726 15392 4657
2 11726 4657 2192
2 2192 4657 11626
2 2192 11626 939
2 2192 939 13695
2 13695 939 13668
2 939 11626 14503
2 14503 11626 14393
2 11626 3354 14393
2 3354 10901 14393
2 14399 10901 3354
2 14399 3354 7099
2 15715 14399 7099
2 2634 15715 7099
2 3354 2634 7099
2 3354 4657 2634
2 15392 2634 4657
2 2799 2634 15392
2 15392 6021 2799
2 6021 12549 2799
2 2799 12549 8145
2 8145 2635 2799
2 2799 2635 2634
2 2634 2635 15715
2 2635 940 15715
2 15715 940 14404
2 14404 10810 15715
2 10810 14399 15715
2 16188 14399 10810
2 10810 16186 16188
2 14404 16186 10810
2 16186 14404 13135
2 16186 13135 1282
2 13135 15672 1282
2 15672 16276 1282
2 15672 13828 16276
2 16374 16276 13828
2 14064 16374 13828
2 16046 14064 13828
2 13828 15672 16046
2 1283 16046 15672
2 1283 15672 16191
2 1283 16191 13925
2 9264 1283 13925
2 14407 9264 13925
2 14407 13925 7630
2 14407 7630 3355
2 3355 15469 14407
2 15469 10181 14407
2 16192 14407 10181
2 16192 10181 14413
2 16192 14413 13023
2 13023 13256 16192
2 12129 16192 13256
2 12129 13256 16187
2 16187 7524 12129
2 7524 6818 12129
2 6818 6587 12129
2 12129 6587 1966
2 1966 16192 12129
2 1966 9264 16192
2 14407 16192 9264
2 1966 1283 9264
2 1966 3125 1283
2 1283 3125 16046
2 3125 11528 16046
2 11528 6986 16046
2 14064 16046 6986
2 14064 6986 13871
2 16374 14064 13871
2 16374 13871 3241
2 1661 16374 3241
2 6009 1661 3241
2 13971 6009 3241
2 2290 13971 3241
2 14353 2290 3241
2 14353 3241 13871
2 2286 14353 13871
2 2286 13871 15998
2 12646 2286 15998
2 15998 12223 12646
2 12646 12223 2295
2 2295 3389 12646
2 3389 2286 12646
2 14372 2286 3389
2 3389 3070 14372
2 3070 4166 14372
2 14372 4166 11954
2 3069 14372 11954
2 3069 11954 5859
2 3069 5859 4098
2 3069 4098 12036
2 2296 3069 12036
2 2296 12036 14749
2 13971 2296 14749
2 13971 14749 7707
2 2631 13971 7707
2 2631 7707 14454
2 7265 2631 14454
2 7265 14454 2285
2 3235 2631 7265
2 3235 6009 2631
2 2631 6009 13971
2 3235 1661 6009
2 11866 1661 3235
2 3068 14454 7707
2 3068 7707 14749
2 14749 12036 3068
2 12036 13838 3068
2 3068 13838 4947
2 1128 4947 13838
2 1128 13838 1399
2 4098 1399 13838
2 12036 4098 13838
2 1399 4098 11805
2 1399 11805 3374
2 1399 3374 13839
2 3374 13542 13839
2 3374 3816 13542
2 2187 13542 3816
2 2187 3816 2193
2 2187 2193 2633
2 2187 2633 8145
2 2187 8145 12549
2 13542 2187 12549
2 2633 2635 8145
2 2633 940 2635
2 2633 13811 940
2 940 13811 14404
2 7630 14404 13811
2 7630 13811 3355
2 2633 3355 13811
2 3355 2633 10019
2 935 3355 10019
2 2193 935 10019
2 2633 2193 10019
2 2193 12870 935
2 12870 12648 935
2 12648 2191 935
2 935 2191 15469
2 935 15469 3355
2 2191 1751 15469
2 15469 1751 14413
2 15469 14413 10181
2 1751 3356 14413
2 3356 14414 14413
2 13023 14413 14414
2 13023 14414 16187
2 13023 16187 13256
2 14414 11809 16187
2 16187 11809 3136
2 16187 3136 7524
2 3136 3127 7524
2 3127 6818 7524
2 3127 16371 6818
2 6818 16371 6587
2 6587 16371 16378
2 3125 6587 16378
2 3125 16378 11528
2 12223 11528 16378
2 12223 16378 2295
2 16378 3238 2295
2 12665 2295 3238
2 2287 12665 3238
2 2287 3238 10764
2 10764 8134 2287
2 2287 8134 3071
2 3071 12982 2287
2 12665 2287 12982
2 12982 3391 12665
2 3391 2295 12665
2 3389 2295 3391
2 3391 3070 3389
2 3391 7743 3070
2 7743 4099 3070
2 3070 4099 4166
2 4166 4099 12444
2 10521 4166 12444
2 12444 13500 10521
2 13500 3246 10521
2 10521 3246 13350
2 13350 4166 10521
2 11954 4166 13350
2 11954 13350 5859
2 1400 5859 13350
2 13350 3246 1400
2 1400 3246 13818
2 1400 13818 3374
2 11805 1400 3374
2 11805 4098 1400
2 1400 4098 5859
2 3374 13818 13571
2 3374 13571 3816
2 3816 13571 2193
2 2193 13571 3808
2 3808 12870 2193
2 3808 12648 12870
2 3808 9719 12648
2 9719 2596 12648
2 9466 12648 2596
2 12670 9466 2596
2 12670 2596 2504
2 16288 12670 2504
2 2623 16288 2504
2 2623 2504 1395
2 2623 1395 10627
2 2623 10627 13685
2 2623 13685 16288
2 13685 3813 16288
2 16288 3813 12823
2 2190 16288 12823
2 2190 12823 15662
2 15662 12731 2190
2 12731 1746 2190
2 2190 1746 9466
2 2190 9466 12670
2 12670 16288 2190
2 9466 1746 2191
2 12648 9466 2191
2 2191 1746 1751
2 1746 10819 1751
2 3356 1751 10819
2 3356 10819 15662
2 15662 12626 3356
2 12626 12061 3356
2 12061 14414 3356
2 14414 12061 11809
2 12061 12052 11809
2 11809 12052 4232
2 9482 11809 4232
2 11619 9482 4232
2 9632 11619 4232
2 7648 9632 4232
2 7648 4232 8093
2 7648 8093 1984
2 1984 6753 7648
2 7648 6753 7269
2 7269 7591 7648
2 7591 9632 7648
2 7591 16432 9632
2 11799 9632 16432
2 9316 11799 16432
2 16432 9691 9316
2 9316 9691 3127
2 3127 10052 9316
2 10052 11799 9316
2 10052 11619 11799
2 11799 11619 9632
2 10052 3136 11619
2 11619 3136 9482
2 3136 11809 9482
2 3127 3136 10052
2 3127 3136 10052
2 9691 16371 3127
2 16371 9691 10764
2 3238 16371 10764
2 16371 3238 16378
2 10764 9691 7814
2 8134 10764 7814
2 8134 7814 3236
2 15472 8134 3236
2 3236 6800 15472
2 6800 4441 15472
2 1660 15472 4441
2 16377 1660 4441
2 3126 16377 4441
2 3126 4441 7269
2 7269 4393 3126
2 4393 736 3126
2 736 16370 3126
2 16377 3126 16370
2 16370 1662 16377
2 16377 1662 10384
2 16377 10384 1660
2 10384 3392 1660
2 3392 12009 1660
2 12009 15472 1660
2 12009 15301 15472
2 15472 15301 8134
2 8134 15301 14244
2 3071 8134 14244
2 5120 3071 14244
2 5120 14244 13982
2 1395 5120 13982
2 1395 13982 10627
2 13982 14192 10627
2 10627 14192 7490
2 13685 10627 7490
2 7490 2622 13685
2 13685 2622 3813
2 2622 7954 3813
2 7954 12228 3813
2 3813 12228 2189
2 2189 12823 3813
2 12823 2189 15662
2 2189 10303 15662
2 656 15662 10303
2 656 10303 934
2 656 934 10975
2 656 10975 3955
2 3955 12052 656
2 12052 12626 656
2 15662 656 12626
2 12052 12061 12626
2 1984 12052 3955
2 1984 3955 10564
2 1984 10564 4393
2 1984 4393 6753
2 6753 4393 7269
2 10564 16403 4393
2 736 4393 16403
2 1983 736 16403
2 1983 16403 8224
2 1983 8224 298
2 298 307 1983
2 307 16281 1983
2 16281 736 1983
2 16281 16372 736
2 16370 736 16372
2 16370 16372 1662
2 1662 16372 342
2 1662 342 2243
2 1662 2243 2284
2 2284 10384 1662
2 2284 3392 10384
2 2283 3392 2284
2 2283 2284 2243
2 2283 2243 359
2 2283 359 369
2 12229 2283 369
2 12229 369 375
2 13127 12229 375
2 1394 13127 375
2 375 368 1394
2 1394 368 358
2 2594 1394 358
2 350 2594 358
2 350 358 331
2 331 341 350
2 341 2594 350
2 2594 341 3361
2 2594 3361 3806
2 2594 3806 16285
2 16285 3249 2594
2 3249 1394 2594
2 1394 3249 411
2 1394 411 4775
2 1394 4775 13127
2 13127 4775 12229
2 4775 6938 12229
2 3392 12229 6938
2 3392 6938 1722
2 12009 3392 1722
2 15301 12009 1722
2 15271 15301 1722
2 1722 14192 15271
2 15271 14192 13982
2 15271 13982 14244
2 15271 14244 15301
2 14192 1722 13019
2 7490 14192 13019
2 7490 13019 14301
2 14301 12325 7490
2 7490 12325 2622
2 12325 13004 2622
2 2622 13004 7954
2 13004 3806 7954
2 3806 3811 7954
2 7954 3811 12228
2 12228 3811 2797
2 2189 12228 2797
2 2189 2797 10303
2 934 10303 2797
2 2797 2196 934
2 2196 2800 934
2 2800 3357 934
2 10975 934 3357
2 10975 3357 3955
2 3955 3357 15383
2 16403 3955 15383
2 16403 15383 8224
2 15383 294 8224
2 8224 294 298
2 298 294 331
2 307 298 331
2 317 307 331
2 331 327 317
2 317 327 16372
2 317 16372 16281
2 307 317 16281
2 342 16372 327
2 342 327 331
2 331 351 342
2 342 351 2243
2 2243 351 359
2 331 359 351
2 331 369 359
2 331 375 369
2 368 375 331
2 331 358 368
2 331 359 351
2 342 327 331
2 307 317 16281
2 294 306 331
2 306 316 331
2 331 316 326
2 331 326 341
2 326 2143 341
2 341 2143 3361
2 3361 2143 3806
2 2143 3811 3806
2 2143 2196 3811
2 2797 3811 2196
2 2143 326 2196
2 326 2800 2196
2 326 316 2800
2 306 2800 316
2 1028 2800 306
2 294 1028 306
2 294 15383 1028
2 1028 15383 3357
2 3357 2800 1028
2 3357 2800 1028
2 2143 326 2196
2 326 316 2800
2 306 2800 316
2 294 1028 306
2 294 15383 1028
2 10564 3955 16403
2 1028 15383 3357
2 3357 2800 1028
2 326 2800 2196
2 2797 3811 2196
2 2797 3811 2196
2 2143 3811 3806
2 13004 16285 3806
2 13004 3249 16285
2 12325 3249 13004
2 411 3249 12325
2 411 12325 14301
2 411 14301 4775
2 14301 13019 4775
2 13019 1722 4775
2 4775 1722 6938
2 12325 3249 13004
2 411 12325 14301
2 14301 13019 4775
2 13019 1722 4775
2 15271 14244 15301
2 4775 1722 6938
2 12229 3392 2283
2 4775 1722 6938
2 411 14301 4775
2 411 3249 12325
2 13004 3249 16285
2 13004 16285 3806
2 3361 2143 3806
2 341 2143 3361
2 331 326 341
2 331 358 368
2 341 2594 350
2 3249 1394 2594
2 331 358 368
2 368 375 331
2 1394 4775 13127
2 13127 4775 12229
2 331 375 369
2 12229 3392 2283
2 331 369 359
2 2243 351 359
2 12229 3392 2283
2 2283 2284 2243
2 342 351 2243
2 342 16372 327
2 317 16372 16281
2 307 317 16281
2 307 298 331
2 8224 294 298
2 16403 15383 8224
2 16281 736 1983
2 10564 3955 16403
2 10564 3955 16403
2 1984 8093 12052
2 8093 4232 12052
2 10975 3357 3955
2 10975 934 3357
2 934 10303 2797
2 15662 656 12626
2 2189 2797 10303
2 2189 12228 2797
2 7954 3811 12228
2 2622 13004 7954
2 7490 12325 2622
2 7490 14192 13019
2 15271 14192 13982
2 1395 12995 5120
2 12995 3071 5120
2 12995 7743 3071
2 12982 3071 7743
2 3391 12982 7743
2 12995 4099 7743
2 9119 4099 12995
2 9119 12995 1395
2 2504 9119 1395
2 2504 13608 9119
2 13608 16431 9119
2 16431 12444 9119
2 12444 4099 9119
2 16431 13500 12444
2 3808 13500 16431
2 9719 3808 16431
2 2596 9719 16431
2 13608 2596 16431
2 2504 2596 13608
2 3808 898 13500
2 13500 898 3246
2 898 13571 3246
2 13818 3246 13571
2 3808 13571 898
2 3808 13571 898
2 13608 2596 16431
2 2504 2596 13608
2 12444 4099 9119
2 9119 12995 1395
2 15271 13982 14244
2 12995 3071 5120
2 15271 14244 15301
2 15301 12009 1722
2 12009 3392 1722
2 2284 3392 10384
2 2284 10384 1662
2 16370 16372 1662
2 16370 736 16372
2 736 4393 16403
2 6753 4393 7269
2 7269 4441 6800
2 7269 6800 7591
2 7591 6800 16432
2 3236 16432 6800
2 7814 16432 3236
2 7814 9691 16432
2 16377 3126 16370
2 16377 10384 1660
2 12009 15472 1660
2 7269 4441 6800
2 3236 16432 6800
2 15472 15301 8134
2 7814 16432 3236
2 7814 9691 16432
2 7814 9691 16432
2 10052 11799 9316
2 11799 11619 9632
2 7591 6800 16432
2 7269 6800 7591
2 6753 4393 7269
2 1984 4393 6753
2 1984 8093 12052
2 8093 4232 12052
2 7591 9632 7648
2 11799 11619 9632
2 11619 3136 9482
2 3136 11809 9482
2 8093 4232 12052
2 12052 12061 12626
2 12052 12061 12626
2 15662 656 12626
2 12731 15662 10819
2 1746 12731 10819
2 1746 12731 10819
2 1746 12731 10819
2 12731 15662 10819
2 12823 2189 15662
2 12670 16288 2190
2 2189 12823 3813
2 13685 2622 3813
2 13685 10627 7490
2 1395 13982 10627
2 2504 9119 1395
2 2623 13685 16288
2 12670 16288 2190
2 2504 2596 13608
2 2190 9466 12670
2 12648 9466 2191
2 2596 9719 16431
2 9719 3808 16431
2 3808 13571 898
2 13818 3246 13571
2 13818 3246 13571
2 1400 4098 5859
2 13350 3246 1400
2 13500 898 3246
2 16431 13500 12444
2 13350 4166 10521
2 12444 4099 9119
2 12995 4099 7743
2 3391 12982 7743
2 3391 12982 7743
2 12982 3071 7743
2 3071 8134 14244
2 8134 10764 7814
2 3238 16371 10764
2 12665 2287 12982
2 3391 2295 12665
2 16371 3238 16378
2 6986 11528 12223
2 6986 12223 15998
2 13871 6986 15998
2 6587 3125 1966
2 16371 3238 16378
2 9691 16371 3127
2 3127 3136 10052
2 3136 11809 9482
2 14414 12061 11809
2 12061 14414 3356
2 3356 1751 10819
2 2191 1746 1751
2 12648 9466 2191
2 3808 12648 12870
2 3808 12870 2193
2 935 15469 3355
2 2633 2193 10019
2 14404 7630 16191
2 13135 14404 16191
2 13135 16191 15672
2 7630 13925 16191
2 2633 3355 13811
2 2633 2193 10019
2 3816 13571 2193
2 13542 2187 12549
2 3374 13571 3816
2 11805 1400 3374
2 11805 4098 1400
2 12036 4098 13838
2 2631 6009 13971
2 3068 7707 14749
2 13971 2290 2296
2 12715 2296 2290
2 14353 12715 2290
2 2286 12715 14353
2 2286 14372 12715
2 14372 3069 12715
2 2296 12715 3069
2 2296 12715 3069
2 14749 12036 3068
2 2296 12715 3069
2 12036 4098 13838
2 1400 4098 5859
2 11954 13350 5859
2 14372 3069 12715
2 11954 4166 13350
2 3070 4099 4166
2 3391 3070 3389
2 2286 14372 12715
2 3389 2295 3391
2 12223 16378 2295
2 6986 12223 15998
2 3389 2286 12646
2 13871 6986 15998
2 2286 12715 14353
2 14353 12715 2290
2 13971 2290 2296
2 2631 6009 13971
2 3235 1661 6009
2 16276 16374 1661
2 14353 3241 13871
2 13871 6986 15998
2 6986 11528 12223
2 3125 16378 11528
2 6587 3125 1966
2 6587 3125 1966
2 6818 16371 6587
2 3127 6818 7524
2 16187 3136 7524
2 13023 16187 13256
2 1966 16192 12129
2 13023 16187 13256
2 13023 14413 14414
2 15469 14413 10181
2 14407 16192 9264
2 15469 14413 10181
2 935 15469 3355
2 7630 13811 3355
2 7630 13925 16191
2 14407 16192 9264
2 1966 1283 9264
2 7630 13925 16191
2 13135 16191 15672
2 1283 3125 16046
2 14064 16046 6986
2 16374 14064 13871
2 16276 16374 1661
2 13828 15672 16046
2 13135 16191 15672
2 13135 14404 16191
2 16188 10901 14399
2 14133 10901 16188
2 14404 16186 10810
2 940 13811 14404
2 2633 940 2635
2 2633 2635 8145
2 2187 8145 12549
2 11703 6021 15392
2 2136 11703 15392
2 2799 2635 2634
2 3354 11626 4657
2 2634 2635 15715
2 10810 14399 15715
2 3354 2634 7099
2 16188 10901 14399
2 3354 11626 4657
2 3354 11626 4657
2 15392 2634 4657
2 2136 11703 15392
2 11726 4657 2192
2 2192 939 13695
2 13695 939 13668
2 14164 11066 8304
2 11066 9303 10922
2 11989 13695 14774
2 11066 9303 10922
2 10618 3810 11989
2 9303 16290 9630
2 3243 9630 16290
2 11512 13981 5285
2 4167 5285 1126
2 3243 16290 15742
2 12596 15742 16294
2 4167 5285 1126
2 4167 3380 13731
2 11759 13731 3380
2 11395 2293 2288
2 3382 11759 3388
2 13034 3382 3388
2 13034 10574 1130
2 10574 1398 11409
2 12972 3074 14614
2 8451 1398 4097
2 1398 8451 12816
2 8451 1398 4097
2 1398 8451 12816
2 13757 16293 716
2 16359 3244 11219
2 1398 8451 12816
2 10574 1398 11409
2 1130 11409 10114
2 16289 13981 10114
2 16359 3244 11219
2 10618 9303 16289
2 10618 3810 11989
2 2136 11726 3810
2 16359 3244 11219
2 11219 12816 16293
2 2136 11703 15392
2 11703 6021 15392
2 13757 16293 716
2 6021 12549 2799
2 13542 2187 12549
2 3374 13542 13839
2 1399 3374 13839
2 1128 13838 1399
2 13757 16430 6021
2 13757 16293 716
2 716 8451 14396
2 1128 4947 13838
2 4097 3383 14396
2 3068 13838 4947
2 3068 14454 7707
2 7265 14454 2285
2 4097 12972 3383
2 12972 3074 14614
2 7265 14454 2285
2 14517 14614 3074
2 3388 9993 14517
2 2629 860 13079
2 860 2629 10704
2 14389 860 10704
2 16278 14389 10704
2 16278 14433 14389
2 14433 1701 14389
2 14389 1701 860
2 1701 1280 860
2 11440 1280 1701
2 1990 11440 1701
2 1990 1701 14433
2 1990 14433 16278
2 11596 1990 16278
2 16407 1990 11596
2 1990 1701 14433
2 1990 14433 16278
2 14389 1701 860
2 3390 7265 14614
2 3235 2631 7265
2 2629 860 13079
2 11866 1661 3235
2 1701 1280 860
2 11866 1661 3235
2 16276 16374 1661
2 15672 16276 1282
2 11866 1280 3134
2 16186 13135 1282
2 10810 16186 16188
2 11440 1280 1701
2 14133 10901 16188
2 1990 11440 1701
2 14133 10901 16188
2 3354 10901 14393
2 16407 1990 11596
2 14503 11626 14393
2 939 11626 14503
2 13695 939 13668
2 14390 11296 13817
2 14578 14774 13668
2 14430 1749 14578
2 13817 11296 16200
2 1749 14430 8762
2 16200 567 14028
2 16200 567 14028
2 16404 8762 14028
2 1749 14430 8762
2 1748 1749 938
2 14536 937 14380
2 1748 1749 938
2 2632 937 8560
2 13753 2798 2632
2 1748 14164 8304
2 13753 3809 2798
2 11066 14164 8670
2 8670 16294 16290
2 3809 13753 13149
2 2592 2595 13149
2 12596 15742 16294
2 12596 5681 1126
2 2595 12493 1396
2 3072 1126 5681
2 13666 1396 3379
2 11004 1126 3072
2 11004 7100 4167
2 7100 2630 3380
2 13368 3387 3067
2 231 10935 10670
2 276 256 14144
2 14144 3781 10925
2 9668 3781 15074
2 256 10670 12079
2 10670 12705 97
2 13031 9668 15074
2 8709 5097 13031
2 10670 12705 97
2 10918 10964 2074
2 12705 12377 15299
2 10918 10964 2074
2 10918 10964 2074
2 8709 97 10918
2 8709 1515 5097
2 12455 3399 1515
2 3033 3399 12455
2 1755 2074 13196
2 2074 3034 13196
2 3033 3399 12455
2 3399 3032 14457
2 13111 1846 1891
2 3399 3032 14457
2 3400 3399 14457
2 13188 3400 1193
2 921 272 1193
2 921 1554 14927
2 1195 13988 1554
2 1195 13988 1554
2 13988 16412 1204
2 14318 14921 16412
2 14318 5615 10062
2 9759 5615 10809
2 9759 10809 3000
2 1552 1195 4762
2 8998 10968 3000
2 234 259 8736
2 259 234 11011
2 259 11011 14667
2 9291 259 14667
2 9291 14667 2430
2 14667 11011 2430
2 14868 2430 11011
2 8504 14868 11011
2 8504 3147 14868
2 3147 2430 14868
2 3147 8975 2430
2 3147 14323 8975
2 14323 3148 8975
2 3148 16361 8975
2 3148 14559 16361
2 16361 14559 2506
2 14784 16361 2506
2 8390 14784 2506
2 8390 2506 12470
2 2502 12470 2506
2 2502 2506 9310
2 2502 9310 14777
2 14777 9142 2502
2 14777 7846 9142
2 7846 14777 8507
2 9324 7846 8507
2 14884 9324 8507
2 8507 8859 14884
2 14884 8859 280
2 14884 280 261
2 261 9324 14884
2 261 13374 9324
2 13374 2112 9324
2 7846 9324 2112
2 2155 2112 13374
2 2155 13374 14602
2 2155 14602 13814
2 2155 13814 3887
2 3887 14174 2155
2 2155 14174 2112
2 5895 2112 14174
2 14174 3887 2708
2 3887 2709 2708
2 2709 11949 2708
2 11949 4484 2708
2 3052 2708 4484
2 14340 3052 4484
2 14340 4484 10071
2 3888 14340 10071
2 15685 3888 10071
2 15685 10071 16397
2 12938 15685 16397
2 2250 12938 16397
2 11267 2250 16397
2 10480 11267 16397
2 13326 10480 16397
2 10071 13326 16397
2 4484 13326 10071
2 4484 2109 13326
2 2109 10480 13326
2 2109 2438 10480
2 10480 2438 14683
2 10480 14683 11267
2 11267 14683 2250
2 5047 2250 14683
2 14683 14456 5047
2 5047 14456 8484
2 5047 8484 14726
2 14726 2250 5047
2 14726 93 2250
2 93 12938 2250
2 124 12938 93
2 93 11532 124
2 124 11532 2616
2 147 124 2616
2 147 14014 124
2 124 14014 12938
2 14014 15685 12938
2 2710 15685 14014
2 2710 14014 147
2 13623 15685 2710
2 3888 15685 13623
2 13623 8254 3888
2 14340 3888 8254
2 2710 14014 147
2 11532 15863 2616
2 16184 2616 15863
2 16184 2728 2616
2 9929 15863 11532
2 93 9929 11532
2 14596 9929 93
2 14596 15666 9929
2 9929 15666 15981
2 15981 15863 9929
2 15981 15666 1847
2 16060 1847 15666
2 13236 16060 15666
2 14596 13236 15666
2 14596 13236 15666
2 15981 15863 9929
2 93 9929 11532
2 124 14014 12938
2 1725 8484 14456
2 12548 1725 14456
2 12548 14456 12526
2 12548 12526 2467
2 3221 12548 2467
2 2467 8188 3221
2 8188 13693 3221
2 13693 15886 3221
2 3221 15886 14466
2 3221 14466 3330
2 12548 3221 3330
2 13587 12548 3330
2 3330 14810 13587
2 14810 8504 13587
2 3147 8504 14810
2 14810 14323 3147
2 14323 14810 3330
2 2431 14323 3330
2 2431 3330 14466
2 2431 14466 15886
2 2431 15886 14288
2 12031 2431 14288
2 12031 14288 11337
2 11337 16360 12031
2 12031 16360 3148
2 3148 2431 12031
2 14323 2431 3148
2 3148 16360 14559
2 14559 16360 2506
2 2506 16360 9310
2 9310 16360 14825
2 9310 14825 14777
2 14825 8507 14777
2 8507 14825 8859
2 8859 14825 4187
2 277 8859 4187
2 12413 277 4187
2 4187 8817 12413
2 12413 8817 8906
2 254 12413 8906
2 254 8906 209
2 254 209 14078
2 254 14078 14293
2 254 14293 277
2 254 277 12413
2 277 14293 2573
2 277 2573 280
2 277 280 8859
2 2573 2842 280
2 261 280 2842
2 261 2842 9012
2 9012 14385 261
2 14385 2154 261
2 261 2154 13374
2 2154 14602 13374
2 14602 2154 197
2 14602 197 13814
2 12651 13814 197
2 1758 12651 197
2 195 1758 197
2 2887 195 197
2 2154 2887 197
2 2154 14731 2887
2 14731 2273 2887
2 2877 2887 2273
2 2877 2273 14302
2 1011 2877 14302
2 1011 14302 2878
2 8565 1011 2878
2 8565 2878 8467
2 3855 8565 8467
2 8467 2879 3855
2 3855 2879 10941
2 3855 10941 2782
2 14889 3855 2782
2 1351 14889 2782
2 13775 1351 2782
2 2782 10147 13775
2 13775 10147 2310
2 2310 13917 13775
2 13775 13917 1351
2 13917 11858 1351
2 2309 1351 11858
2 2309 11858 3010
2 3010 14313 2309
2 16546 2309 14313
2 16546 14313 2783
2 2783 12977 16546
2 12977 15857 16546
2 15857 14889 16546
2 16546 14889 2309
2 1351 2309 14889
2 3855 14889 15857
2 3855 15857 8565
2 8565 15857 12977
2 8565 12977 1011
2 1147 1011 12977
2 12977 2783 1147
2 1147 2783 14412
2 1147 14412 267
2 267 241 1147
2 1147 241 1011
2 2877 1011 241
2 2877 241 221
2 2877 221 2887
2 195 2887 221
2 221 3332 195
2 3332 171 195
2 1758 195 171
2 14088 1758 171
2 1756 14088 171
2 1756 171 148
2 6540 1756 148
2 148 118 6540
2 6540 118 14513
2 6540 14513 2557
2 6540 2557 1098
2 6540 1098 952
2 6540 952 1756
2 1756 952 3184
2 3184 14088 1756
2 2058 14088 3184
2 2058 3184 1769
2 1769 13698 2058
2 13698 15735 2058
2 11443 2058 15735
2 11443 15735 13956
2 11443 13956 1254
2 98 11443 1254
2 13654 98 1254
2 2636 13654 1254
2 2636 1254 832
2 7767 2636 832
2 2639 7767 832
2 832 5923 2639
2 5923 15003 2639
2 2639 15003 12558
2 2639 12558 1636
2 1636 7767 2639
2 1636 9743 7767
2 9743 1637 7767
2 1637 2636 7767
2 2636 1637 13654
2 13654 1637 14214
2 13654 14214 128
2 13654 128 111
2 111 98 13654
2 98 111 14704
2 14438 98 14704
2 14438 14704 2108
2 2709 14438 2108
2 2108 11949 2709
2 12354 11949 2108
2 2108 2910 12354
2 2910 2439 12354
2 12354 2439 2109
2 2109 11949 12354
2 2109 4484 11949
2 2439 2438 2109
2 2438 2439 1616
2 12526 2438 1616
2 2467 12526 1616
2 1616 8188 2467
2 1616 8576 8188
2 8576 1246 8188
2 1246 3220 8188
2 8188 3220 13693
2 3220 15886 13693
2 15886 3220 13691
2 15886 13691 11262
2 14288 15886 11262
2 11337 14288 11262
2 11337 11262 8817
2 8817 4187 11337
2 11337 4187 14253
2 11337 14253 16360
2 14825 16360 14253
2 14825 14253 4187
2 14825 14253 4187
2 8817 11262 8906
2 8906 11262 3329
2 8906 3329 209
2 209 3329 1726
2 209 1726 193
2 209 193 200
2 1243 209 200
2 713 1243 200
2 223 713 200
2 223 200 1583
2 223 1583 1438
2 223 1438 249
2 223 249 13207
2 223 13207 713
2 13207 3019 713
2 3019 13476 713
2 13476 3564 713
2 1243 713 3564
2 996 1243 3564
2 16097 996 3564
2 16097 3564 714
2 16097 714 9766
2 16097 9766 10932
2 997 16097 10932
2 997 10932 1244
2 2256 997 1244
2 2256 1244 989
2 2574 2256 989
2 703 2574 989
2 703 989 990
2 703 990 11339
2 1800 703 11339
2 704 1800 11339
2 704 11339 991
2 991 10054 704
2 2576 704 10054
2 10054 11542 2576
2 11542 1547 2576
2 2576 1547 2104
2 5719 2576 2104
2 13913 5719 2104
2 2104 2103 13913
2 13913 2103 2839
2 13913 2839 703
2 1800 13913 703
2 5719 13913 1800
2 2576 5719 1800
2 2576 1800 704
2 703 2839 2574
2 2574 2839 2838
2 2838 13847 2574
2 13847 15185 2574
2 15185 2256 2574
2 997 2256 15185
2 997 15185 7267
2 997 7267 996
2 16097 997 996
2 7267 4070 996
2 996 4070 14293
2 14078 996 14293
2 996 14078 1243
2 14078 209 1243
2 14293 4070 2573
2 2573 4070 8628
2 2573 8628 8776
2 2573 8776 2842
2 8776 1545 2842
2 6104 2842 1545
2 6104 1545 8441
2 569 6104 8441
2 569 8441 8086
2 569 8086 2878
2 14476 569 2878
2 14302 14476 2878
2 14302 2273 14476
2 2273 569 14476
2 15237 569 2273
2 2273 14731 15237
2 14731 14385 15237
2 15237 14385 9012
2 15237 9012 6104
2 15237 6104 569
2 9012 2842 6104
2 14731 2154 14385
2 15237 6104 569
2 2273 569 14476
2 8086 8467 2878
2 8086 6224 8467
2 6224 2879 8467
2 6224 14486 2879
2 14486 2880 2879
2 3856 2879 2880
2 3856 2880 1013
2 1013 2202 3856
2 3856 2202 2469
2 3856 2469 10147
2 10941 3856 10147
2 10941 10147 2782
2 10941 2879 3856
2 10147 2469 2310
2 2469 2784 2310
2 2784 4599 2310
2 2310 4599 15157
2 2310 15157 13917
2 3566 13917 15157
2 1821 3566 15157
2 1821 15157 3011
2 3011 1822 1821
2 3573 1821 1822
2 3573 1822 2281
2 998 3573 2281
2 2281 2280 998
2 2280 11339 998
2 11339 990 998
2 998 990 989
2 989 999 998
2 999 3573 998
2 715 3573 999
2 715 999 3561
2 3561 1821 715
2 3573 715 1821
2 6859 1821 3561
2 2604 6859 3561
2 3561 9766 2604
2 2604 9766 12598
2 1818 2604 12598
2 1818 12598 714
2 14065 1818 714
2 3019 14065 714
2 3019 714 13476
2 714 3564 13476
2 3010 14065 3019
2 3019 12211 3010
2 12211 2308 3010
2 3010 2308 14313
2 2783 14313 2308
2 14412 2783 2308
2 14412 2308 14558
2 286 14412 14558
2 286 14558 274
2 286 274 5523
2 286 5523 12999
2 286 12999 267
2 286 267 14412
2 267 12999 9257
2 267 9257 241
2 3360 241 9257
2 3360 9257 2831
2 3360 2831 3362
2 3362 13395 3360
2 13395 3332 3360
2 221 3360 3332
2 221 241 3360
2 13395 3164 3332
2 3164 171 3332
2 148 171 3164
2 7732 148 3164
2 1943 7732 3164
2 1943 3164 13395
2 1943 13395 3362
2 1943 3362 3334
2 1149 1943 3334
2 1149 3334 7211
2 7211 6686 1149
2 6686 3385 1149
2 1149 3385 10724
2 1149 10724 7732
2 1943 1149 7732
2 10724 118 7732
2 7732 118 148
2 101 118 10724
2 10407 101 10724
2 10724 3385 10407
2 8570 10407 3385
2 6686 8570 3385
2 6686 8534 8570
2 1802 8570 8534
2 8534 12978 1802
2 1802 12978 13943
2 1802 13943 2350
2 2350 11499 1802
2 11499 12267 1802
2 1802 12267 10407
2 1802 10407 8570
2 12267 101 10407
2 12267 109 101
2 101 109 14373
2 14373 14513 101
2 101 14513 118
2 14373 2557 14513
2 14373 2248 2557
2 2557 2248 6294
2 2557 6294 1098
2 6294 3328 1098
2 1095 1098 3328
2 3328 14812 1095
2 14812 15227 1095
2 15227 1766 1095
2 1095 1766 9369
2 1095 9369 1767
2 1095 1767 952
2 952 1098 1095
2 943 952 1767
2 1767 1771 943
2 1771 1769 943
2 1769 3184 943
2 952 943 3184
2 1771 2055 1769
2 1769 2055 13698
2 2055 15735 13698
2 2055 12456 15735
2 15735 12456 13956
2 12456 828 13956
2 13956 828 832
2 832 1254 13956
2 832 828 9777
2 832 9777 5923
2 14226 5923 9777
2 2054 14226 9777
2 15311 2054 9777
2 15311 9777 828
2 2055 15311 828
2 12456 2055 828
2 15311 2055 9340
2 15311 9340 2054
2 9455 2054 9340
2 9455 9340 1766
2 1765 9455 1766
2 3186 1765 1766
2 1766 15227 3186
2 15227 959 3186
2 1764 3186 959
2 1764 959 10250
2 1764 10250 1094
2 1094 3185 1764
2 9243 1764 3185
2 9135 9243 3185
2 10773 9135 3185
2 15030 10773 3185
2 15030 3185 1094
2 1003 15030 1094
2 1094 985 1003
2 1003 985 977
2 13225 1003 977
2 13225 977 10971
2 984 13225 10971
2 984 10971 976
2 4578 984 976
2 4578 976 10415
2 4578 10415 8094
2 983 4578 8094
2 11013 983 8094
2 13213 11013 8094
2 13213 8094 7848
2 7848 3205 13213
2 13213 3205 12604
2 13213 12604 2400
2 13213 2400 2398
2 2398 975 13213
2 13213 975 11013
2 975 983 11013
2 983 975 14952
2 14952 14705 983
2 983 14705 11504
2 983 11504 1968
2 983 1968 4578
2 1968 958 4578
2 4578 958 984
2 958 15030 984
2 984 15030 13225
2 13225 15030 1003
2 15030 958 10773
2 8623 10773 958
2 3188 8623 958
2 3188 958 1968
2 3188 1968 1762
2 9528 3188 1762
2 9528 1762 1761
2 1761 1362 9528
2 11506 9528 1362
2 11506 1362 9641
2 1363 11506 9641
2 1364 1363 9641
2 9641 830 1364
2 833 1364 830
2 830 13647 833
2 2637 833 13647
2 2637 13647 13624
2 2795 2637 13624
2 12909 2795 13624
2 12909 13624 9266
2 9360 12909 9266
2 1639 9360 9266
2 1639 9266 1608
2 1608 13539 1639
2 13539 14629 1639
2 14675 1639 14629
2 14675 14629 15032
2 2302 14675 15032
2 15032 7357 2302
2 2302 7357 8681
2 7412 2302 8681
2 3205 7412 8681
2 3205 8681 12604
2 12604 8681 2400
2 2400 8681 1936
2 11563 2400 1936
2 13579 11563 1936
2 14246 13579 1936
2 9023 14246 1936
2 7357 9023 1936
2 8681 7357 1936
2 11786 9023 7357
2 15032 11786 7357
2 9463 11786 15032
2 15032 14629 9463
2 14818 9463 14629
2 14629 13539 14818
2 14818 13539 13008
2 13008 13915 14818
2 13915 14018 14818
2 8789 14818 14018
2 9865 8789 14018
2 9865 14018 1607
2 8164 9865 1607
2 1607 1638 8164
2 1638 2446 8164
2 8164 2446 10185
2 8164 10185 9041
2 9865 8164 9041
2 8789 9865 9041
2 9463 8789 9041
2 9041 11786 9463
2 9041 10185 11786
2 11786 10185 9023
2 10185 2446 9023
2 9023 2446 14246
2 2301 14246 2446
2 2446 6629 2301
2 6629 2445 2301
2 2445 13237 2301
2 2301 13237 1228
2 2301 1228 13579
2 2301 13579 14246
2 1228 11563 13579
2 11563 1228 2401
2 2398 11563 2401
2 2398 2401 14593
2 2398 14593 974
2 2398 974 975
2 982 975 974
2 982 974 15152
2 15152 981 982
2 981 947 982
2 982 947 6916
2 982 6916 1096
2 1096 14952 982
2 975 982 14952
2 1096 14705 14952
2 10100 14705 1096
2 1096 1760 10100
2 16056 10100 1760
2 1760 1761 16056
2 1761 1762 16056
2 16056 1762 10100
2 1762 9614 10100
2 14705 10100 9614
2 14705 9614 11504
2 11504 9614 1968
2 1762 1968 9614
2 1762 1968 9614
2 1761 1760 12386
2 1360 1761 12386
2 1360 12386 1322
2 13360 1360 1322
2 13360 1322 6561
2 2057 13360 6561
2 2057 6561 8521
2 2057 8521 1842
2 18 2057 1842
2 1842 9 18
2 9 45 18
2 18 45 28
2 1365 18 28
2 1365 28 36
2 1365 36 561
2 561 9508 1365
2 9508 2057 1365
2 2057 18 1365
2 13360 2057 9508
2 9508 12730 13360
2 13360 12730 1360
2 16522 1360 12730
2 9433 16522 12730
2 11173 9433 12730
2 11173 12730 9508
2 562 11173 9508
2 9508 561 562
2 556 562 561
2 556 561 36
2 556 36 52
2 1614 556 52
2 1614 52 59
2 1614 59 67
2 1614 67 1635
2 1614 1635 14728
2 14728 6959 1614
2 6959 556 1614
2 562 556 6959
2 562 6959 11369
2 10380 562 11369
2 11369 2796 10380
2 9608 10380 2796
2 2796 13776 9608
2 9608 13776 2445
2 6885 9608 2445
2 6629 6885 2445
2 1638 6885 6629
2 2446 1638 6629
2 13869 6885 1638
2 1607 13869 1638
2 1607 12124 13869
2 13869 12124 558
2 558 1605 13869
2 13869 1605 6885
2 6885 1605 9608
2 9608 1605 10380
2 10380 1605 557
2 557 13536 10380
2 13536 562 10380
2 11173 562 13536
2 11173 13536 557
2 9433 11173 557
2 557 558 9433
2 558 14946 9433
2 826 9433 14946
2 826 14946 13678
2 13678 15023 826
2 15023 1362 826
2 1761 826 1362
2 1761 1360 826
2 826 1360 16522
2 9433 826 16522
2 9641 1362 15023
2 829 9641 15023
2 829 15023 13678
2 10596 829 13678
2 10596 13678 14946
2 12124 10596 14946
2 558 12124 14946
2 1607 10596 12124
2 1607 14018 10596
2 14018 13915 10596
2 10596 13915 829
2 13915 11415 829
2 9641 829 11415
2 9641 11415 830
2 830 11415 1608
2 830 1608 13647
2 13624 13647 1608
2 9266 13624 1608
2 13008 1608 11415
2 13915 13008 11415
2 13539 1608 13008
2 13915 13008 11415
2 10596 13915 829
2 9641 829 11415
2 829 15023 13678
2 10596 13678 14946
2 9433 826 16522
2 558 12124 14946
2 558 557 1605
2 11173 13536 557
2 558 557 1605
2 558 557 1605
2 558 12124 14946
2 1607 10596 12124
2 13869 1605 6885
2 6885 1605 9608
2 12334 2445 13776
2 12334 13776 2447
2 9195 12334 2447
2 3873 9195 2447
2 2447 2444 3873
2 2450 3873 2444
2 2450 2444 14728
2 2450 14728 1635
2 79 2450 1635
2 67 79 1635
2 79 67 45
2 89 79 45
2 45 81 89
2 3872 89 81
2 3872 81 2392
2 2392 1226 3872
2 1226 3873 3872
2 3872 3873 2451
2 3872 2451 89
2 79 89 2451
2 2450 79 2451
2 2451 3873 2450
2 2451 3873 2450
2 1226 9195 3873
2 1226 10487 9195
2 10487 10659 9195
2 10659 12334 9195
2 13237 12334 10659
2 1228 13237 10659
2 1228 10659 2401
2 9752 2401 10659
2 1935 9752 10659
2 1935 10659 10487
2 1935 10487 1226
2 1226 2392 1935
2 2392 2391 1935
2 1935 2391 2249
2 1935 2249 9752
2 14593 9752 2249
2 2249 15152 14593
2 14593 15152 974
2 2249 2980 15152
2 2980 981 15152
2 980 981 2980
2 973 980 2980
2 973 2980 2391
2 973 2391 63
2 973 63 48
2 973 48 40
2 973 40 30
2 30 979 973
2 979 980 973
2 980 979 946
2 980 946 675
2 675 981 980
2 947 981 675
2 1967 947 675
2 1967 675 946
2 946 1768 1967
2 1768 1842 1967
2 1967 1842 8521
2 1967 8521 6561
2 1770 1967 6561
2 1770 6561 1322
2 1760 1770 1322
2 12386 1760 1322
2 947 1770 1760
2 1760 6916 947
2 1760 1096 6916
2 947 1967 1770
2 947 1967 1770
2 1842 1768 9
2 9 1768 6
2 6 45 9
2 19 45 6
2 946 19 6
2 1768 946 6
2 946 979 19
2 19 979 30
2 30 45 19
2 40 45 30
2 45 40 48
2 63 45 48
2 45 63 73
2 45 73 81
2 2392 81 73
2 2392 73 2391
2 63 2391 73
2 63 2391 73
2 30 45 19
2 1768 946 6
2 1768 946 6
2 947 1967 1770
2 1967 675 946
2 946 979 19
2 19 979 30
2 40 45 30
2 45 40 48
2 63 45 48
2 63 2391 73
2 2391 2980 2249
2 979 980 973
2 675 981 980
2 2391 2980 2249
2 14593 2401 9752
2 2391 2980 2249
2 2392 73 2391
2 1935 2249 9752
2 14593 2401 9752
2 2445 12334 13237
2 1935 10659 10487
2 1935 10487 1226
2 1226 2392 1935
2 2392 81 73
2 3872 2451 89
2 45 73 81
2 79 89 2451
2 67 59 45
2 52 45 59
2 36 45 52
2 28 45 36
2 2450 79 2451
2 2444 11870 14728
2 14728 11870 11369
2 14728 11369 6959
2 11870 2796 11369
2 2444 2796 11870
2 2447 2796 2444
2 2796 2447 13776
2 2444 2796 11870
2 2451 3873 2450
2 2447 2796 2444
2 1226 9195 3873
2 10659 12334 9195
2 2796 2447 13776
2 2445 12334 13237
2 2796 2447 13776
2 9608 1605 10380
2 11870 2796 11369
2 13536 562 10380
2 14728 11369 6959
2 14728 11369 6959
2 2450 14728 1635
2 67 79 1635
2 67 59 45
2 52 45 59
2 6959 556 1614
2 36 45 52
2 562 556 6959
2 11173 562 13536
2 9433 11173 557
2 9433 826 16522
2 826 1360 16522
2 11173 12730 9508
2 9508 561 562
2 556 561 36
2 28 45 36
2 2057 18 1365
2 28 45 36
2 6 45 9
2 1842 1768 9
2 2057 18 1365
2 1967 1842 8521
2 1967 8521 6561
2 13360 2057 9508
2 1770 6561 1322
2 13360 12730 1360
2 12386 1760 1322
2 1761 1360 826
2 12386 1760 1322
2 16056 1762 10100
2 1760 1096 6916
2 14705 10100 9614
2 1760 1096 6916
2 1760 6916 947
2 947 981 675
2 2980 981 15152
2 14593 15152 974
2 975 982 14952
2 14593 15152 974
2 14593 2401 9752
2 2398 2400 11563
2 1228 10659 2401
2 1228 13237 10659
2 2445 12334 13237
2 6629 6885 2445
2 2446 1638 6629
2 2301 13579 14246
2 14818 8789 9463
2 9041 10185 11786
2 10185 2446 9023
2 2446 1638 6629
2 1607 13869 1638
2 9865 8164 9041
2 1607 14018 10596
2 8789 9865 9041
2 14818 8789 9463
2 14018 13915 10596
2 13915 13008 11415
2 13539 1608 13008
2 14818 8789 9463
2 9041 11786 9463
2 11786 10185 9023
2 9023 2446 14246
2 2301 13579 14246
2 1228 11563 13579
2 2398 2400 11563
2 8681 7357 1936
2 3205 11466 7412
2 11466 2302 7412
2 11372 2302 11466
2 11466 14136 11372
2 2303 11372 14136
2 2303 14136 1937
2 2303 1937 9207
2 10339 2303 9207
2 14623 10339 9207
2 14623 9207 12307
2 2674 14623 12307
2 2674 12307 1938
2 238 2674 1938
2 2304 238 1938
2 1938 8486 2304
2 8486 10939 2304
2 10939 15313 2304
2 2306 2304 15313
2 2306 15313 10815
2 10815 1631 2306
2 1631 9338 2306
2 9338 12534 2306
2 12534 2304 2306
2 238 2304 12534
2 12534 14234 238
2 238 14234 9880
2 9880 2674 238
2 14623 2674 9880
2 9880 15059 14623
2 14623 15059 10339
2 15059 12909 10339
2 12909 6985 10339
2 6985 2303 10339
2 11372 2303 6985
2 15036 11372 6985
2 9800 15036 6985
2 12909 9800 6985
2 9360 9800 12909
2 9360 15036 9800
2 1639 15036 9360
2 15036 1639 14675
2 2302 15036 14675
2 15036 2302 11372
2 9360 15036 9800
2 15036 2302 11372
2 12909 9800 6985
2 12909 15059 2795
2 2795 15059 9222
2 2795 9222 8853
2 2795 8853 2637
2 8853 9188 2637
2 14079 2637 9188
2 1253 14079 9188
2 1253 9188 13939
2 1253 13939 1251
2 1251 9696 1253
2 1253 9696 12924
2 1253 12924 13759
2 14079 1253 13759
2 833 14079 13759
2 833 13759 13626
2 833 13626 1364
2 1364 13626 3200
2 1364 3200 1363
2 1363 3200 2994
2 1363 2994 9528
2 1363 9528 11506
2 2994 3188 9528
2 520 3188 2994
2 2994 3200 520
2 8160 520 3200
2 8160 3200 13759
2 12924 8160 13759
2 9696 8160 12924
2 9696 9163 8160
2 8160 9163 9135
2 9135 12577 8160
2 12577 520 8160
2 520 12577 10773
2 8623 520 10773
2 3188 520 8623
2 12577 9135 10773
2 12577 9135 10773
2 9163 2053 9135
2 9135 2053 9243
2 9243 2053 521
2 9243 521 1764
2 1764 521 3186
2 1765 3186 521
2 1765 521 1841
2 2054 1765 1841
2 2054 1841 827
2 14226 2054 827
2 827 831 14226
2 831 5923 14226
2 831 15003 5923
2 831 12460 15003
2 1611 15003 12460
2 1611 12460 3146
2 1610 1611 3146
2 3146 10847 1610
2 10847 1251 1610
2 1610 1251 11541
2 11062 1610 11541
2 11062 11541 13939
2 12607 11062 13939
2 12607 13939 8853
2 8853 9222 12607
2 9222 14234 12607
2 14234 9338 12607
2 12607 9338 11062
2 9338 1631 11062
2 11062 1631 1610
2 1631 14779 1610
2 1610 14779 1611
2 1632 1611 14779
2 14779 2307 1632
2 2307 14990 1632
2 5777 1632 14990
2 12409 5777 14990
2 14990 15623 12409
2 12409 15623 14606
2 14606 5777 12409
2 5777 14606 12558
2 15003 5777 12558
2 15003 1632 5777
2 1632 15003 1611
2 12558 14606 1636
2 14606 2305 1636
2 9743 1636 2305
2 1637 9743 2305
2 2305 14723 1637
2 14723 14214 1637
2 14723 128 14214
2 152 128 14723
2 152 14723 2453
2 2453 193 152
2 3219 152 193
2 3219 193 1726
2 3218 3219 1726
2 3218 1726 3329
2 3220 3218 3329
2 3329 13691 3220
2 13691 3329 11262
2 1246 3218 3220
2 3218 1246 12889
2 3218 12889 152
2 3219 3218 152
2 13527 152 12889
2 3851 13527 12889
2 3851 12889 1246
2 8576 3851 1246
2 12410 3851 8576
2 2439 12410 8576
2 8576 1616 2439
2 2910 12410 2439
2 2910 2252 12410
2 3851 12410 2252
2 13527 3851 2252
2 111 13527 2252
2 14704 111 2252
2 2910 14704 2252
2 2108 14704 2910
2 111 128 13527
2 152 13527 128
2 2910 14704 2252
2 3851 12410 2252
2 13527 3851 2252
2 152 13527 128
2 3851 12889 1246
2 3219 3218 152
2 3219 3218 152
2 11105 193 2453
2 2452 11105 2453
2 2453 14723 2452
2 14723 2305 2452
2 2300 2452 2305
2 2305 11078 2300
2 2300 11078 8552
2 2397 2300 8552
2 2396 2397 8552
2 16637 2396 8552
2 8552 11078 16637
2 15623 16637 11078
2 14606 15623 11078
2 14606 11078 2305
2 12536 16637 15623
2 1941 12536 15623
2 10960 1941 15623
2 15623 14990 10960
2 14990 2449 10960
2 2449 1941 10960
2 2449 1939 1941
2 12148 1941 1939
2 1939 3203 12148
2 2246 12148 3203
2 3203 15987 2246
2 14854 2246 15987
2 12022 14854 15987
2 15987 14883 12022
2 977 12022 14883
2 14883 12449 977
2 12449 2245 977
2 977 2245 10971
2 2245 976 10971
2 2245 11239 976
2 11239 2399 976
2 10415 976 2399
2 8094 10415 2399
2 7848 8094 2399
2 2399 3205 7848
2 12773 3205 2399
2 2393 12773 2399
2 2399 11239 2393
2 11239 13690 2393
2 2393 13690 1937
2 12773 2393 1937
2 12773 1937 14136
2 12773 14136 11466
2 3205 12773 11466
2 13690 14038 1937
2 12307 1937 14038
2 12307 14038 1938
2 3202 1938 14038
2 13690 3202 14038
2 11239 3202 13690
2 3202 11239 2245
2 3202 2245 12449
2 3202 12449 12760
2 3202 12760 1938
2 8486 1938 12760
2 8486 12760 2394
2 10939 8486 2394
2 10939 2394 12580
2 10939 12580 10405
2 10939 10405 15313
2 10405 10815 15313
2 10405 2449 10815
2 10815 2449 2307
2 2307 14779 10815
2 10815 14779 1631
2 14990 2307 2449
2 10405 1939 2449
2 10405 12580 1939
2 3203 1939 12580
2 3203 12580 12661
2 15987 3203 12661
2 15987 12661 14883
2 12661 2394 14883
2 2394 12760 14883
2 12760 12449 14883
2 12580 2394 12661
2 12580 2394 12661
2 10405 12580 1939
2 12580 2394 12661
2 2394 12760 14883
2 12760 12449 14883
2 3202 12760 1938
2 9207 1937 12307
2 13690 3202 14038
2 11239 3202 13690
2 12773 2393 1937
2 3205 12773 11466
2 2399 11239 2393
2 3202 11239 2245
2 3202 2245 12449
2 12760 12449 14883
2 977 985 12022
2 985 8689 12022
2 12022 8689 14854
2 6321 14854 8689
2 7129 6321 8689
2 7129 8689 985
2 7129 985 10250
2 7129 10250 959
2 7129 959 1097
2 7129 1097 6321
2 2556 6321 1097
2 2556 1097 14812
2 2556 14812 3328
2 2556 3328 9276
2 9276 978 2556
2 2247 2556 978
2 13801 2247 978
2 13801 978 14890
2 15371 13801 14890
2 15371 14890 2396
2 12854 15371 2396
2 16637 12854 2396
2 12536 12854 16637
2 12536 3204 12854
2 3204 15371 12854
2 13801 15371 3204
2 3204 10266 13801
2 10266 2247 13801
2 2246 2247 10266
2 3204 2246 10266
2 2246 3204 12148
2 3204 1941 12148
2 1941 3204 12536
2 2247 2246 14854
2 2247 14854 6321
2 2247 6321 2556
2 3204 2246 10266
2 1941 3204 12536
2 3204 15371 12854
2 2397 2396 14890
2 2397 14890 15385
2 15385 6601 2397
2 6601 2300 2397
2 2300 6601 13341
2 2300 13341 2452
2 13341 11105 2452
2 3871 11105 13341
2 13341 6601 3871
2 6601 156 3871
2 3871 156 173
2 3871 173 11105
2 11105 173 193
2 200 193 173
2 200 173 1581
2 1581 1583 200
2 2590 1583 1581
2 1581 2352 2590
2 2352 1439 2590
2 1439 1438 2590
2 1438 1583 2590
2 1438 1439 11887
2 1157 1438 11887
2 1157 11887 1437
2 1437 130 1157
2 16283 1157 130
2 16283 130 8502
2 8502 16391 16283
2 16391 10664 16283
2 10664 5523 16283
2 5523 12154 16283
2 16283 12154 1157
2 12154 1438 1157
2 12154 249 1438
2 12154 274 249
2 2317 249 274
2 14558 2317 274
2 2308 2317 14558
2 2317 2308 12211
2 3019 2317 12211
2 13207 2317 3019
2 13207 249 2317
2 13207 249 2317
2 5523 274 12154
2 5523 274 12154
2 5523 10664 3555
2 12999 5523 3555
2 12999 3555 9257
2 3555 16675 9257
2 2831 9257 16675
2 16675 3850 2831
2 2831 3850 3362
2 3362 3850 15458
2 15458 3334 3362
2 15458 3363 3334
2 3334 3363 2018
2 1944 3334 2018
2 2020 1944 2018
2 3849 2020 2018
2 3363 3849 2018
2 3363 13016 3849
2 13016 3359 3849
2 3849 3359 3333
2 3333 2017 3849
2 2017 2020 3849
2 2020 2017 1151
2 1151 1944 2020
2 3852 1944 1151
2 1150 3852 1151
2 14450 1150 1151
2 14450 1151 2017
2 144 14450 2017
2 168 144 2017
2 168 2017 3333
2 168 3333 186
2 168 186 3231
2 3231 16439 168
2 16439 144 168
2 16439 2460 144
2 121 144 2460
2 121 2460 8965
2 121 8965 95
2 121 95 1150
2 14450 121 1150
2 144 121 14450
2 1150 95 8275
2 8275 2833 1150
2 2833 3852 1150
2 3852 2833 8534
2 3852 8534 6686
2 3852 6686 1944
2 6686 7211 1944
2 7211 3334 1944
2 2833 1559 8534
2 8534 1559 12978
2 12978 1559 13943
2 3827 13943 1559
2 1559 2468 3827
2 12793 3827 2468
2 2353 12793 2468
2 2349 2353 2468
2 2349 2468 3901
2 9144 2349 3901
2 9144 3901 8275
2 95 9144 8275
2 95 113 9144
2 16689 9144 113
2 16689 113 8984
2 16689 8984 14601
2 153 16689 14601
2 14601 2327 153
2 2327 179 153
2 179 1580 153
2 1580 7914 153
2 7914 16689 153
2 9144 16689 7914
2 2349 9144 7914
2 2349 7914 1582
2 1582 12423 2349
2 12423 2353 2349
2 7816 2353 12423
2 7816 12423 1582
2 2676 7816 1582
2 2676 1582 1580
2 1580 2106 2676
2 2676 2106 217
2 2107 2676 217
2 2107 217 245
2 2107 245 8686
2 8686 1442 2107
2 7816 2107 1442
2 1442 1441 7816
2 1441 2353 7816
2 1441 12793 2353
2 1441 4351 12793
2 4351 9114 12793
2 3827 12793 9114
2 9114 13943 3827
2 9114 2350 13943
2 13002 2350 9114
2 4351 13002 9114
2 1439 13002 4351
2 1437 1439 4351
2 1437 4351 1440
2 1437 1440 130
2 1440 16282 130
2 15861 130 16282
2 859 15861 16282
2 859 16282 8686
2 859 8686 14555
2 14844 859 14555
2 14844 14555 275
2 275 288 14844
2 14844 288 8378
2 8378 859 14844
2 862 859 8378
2 3895 862 8378
2 3895 8378 14339
2 14339 15223 3895
2 3895 15223 3020
2 3895 3020 11833
2 862 3895 11833
2 862 11833 16391
2 15861 862 16391
2 15861 16391 8502
2 8502 130 15861
2 862 15861 859
2 12505 16391 11833
2 11833 10439 12505
2 12505 10439 16675
2 16675 3555 12505
2 3555 16391 12505
2 3555 10664 16391
2 16675 10439 3850
2 10439 3020 3850
2 11650 3850 3020
2 11650 3020 15223
2 9322 11650 15223
2 9322 15223 14603
2 12477 9322 14603
2 12477 14603 246
2 228 12477 246
2 246 3875 228
2 3875 210 228
2 228 210 3359
2 228 3359 12477
2 3359 9322 12477
2 3359 13016 9322
2 13016 3363 9322
2 11650 9322 3363
2 11650 3363 3850
2 15458 3850 3363
2 3333 3359 210
2 3333 210 186
2 210 3874 186
2 186 3874 1123
2 186 1123 1100
2 3231 186 1100
2 1100 15745 3231
2 3232 3231 15745
2 2862 3232 15745
2 2704 2862 15745
2 2704 15745 1100
2 137 2704 1100
2 137 1100 14918
2 137 14918 9161
2 116 137 9161
2 16400 116 9161
2 9161 14315 16400
2 16400 14315 15063
2 14797 16400 15063
2 14925 14797 15063
2 8286 14925 15063
2 9034 8286 15063
2 15063 14315 9034
2 9075 9034 14315
2 14315 14562 9075
2 14562 4997 9075
2 9075 4997 4709
2 9075 4709 4801
2 9075 4801 9034
2 9034 4801 5087
2 5087 5094 9034
2 5094 8286 9034
2 4859 8286 5094
2 4859 5094 14600
2 4859 14600 14511
2 4859 14511 6825
2 4859 6825 14848
2 4859 14848 9069
2 4859 9069 8286
2 9069 14925 8286
2 9069 14797 14925
2 14797 9069 13618
2 14797 13618 13694
2 13694 104 14797
2 104 16400 14797
2 100 16400 104
2 100 104 14666
2 116 100 14666
2 116 14666 1882
2 116 1882 137
2 2704 137 1882
2 15948 2704 1882
2 15948 1882 16000
2 15953 15948 16000
2 15953 16000 16004
2 15953 16004 8538
2 8538 7849 15953
2 2849 15953 7849
2 2849 7849 16688
2 2849 16688 7920
2 2849 7920 2875
2 12027 2849 2875
2 2875 3104 12027
2 12027 3104 15738
2 15738 2849 12027
2 15953 2849 15738
2 15953 15738 2862
2 15948 15953 2862
2 15948 2862 2704
2 3102 2862 15738
2 3102 15738 3104
2 3102 3104 1911
2 1911 12679 3102
2 12679 9125 3102
2 13547 3102 9125
2 3232 13547 9125
2 16439 3232 9125
2 16439 9125 2460
2 2460 9125 9157
2 9157 15900 2460
2 15900 8965 2460
2 8965 15900 2946
2 8965 2946 95
2 95 2946 8984
2 95 8984 113
2 2946 2945 8984
2 2945 2332 8984
2 14601 8984 2332
2 2332 2327 14601
2 10464 2327 2332
2 8247 10464 2332
2 2945 8247 2332
2 7996 8247 2945
2 15954 7996 2945
2 15954 2945 11663
2 15954 11663 15900
2 15900 8824 15954
2 8824 8809 15954
2 8599 15954 8809
2 1865 8599 8809
2 8809 15893 1865
2 1865 15893 14880
2 1865 14880 3371
2 3371 14711 1865
2 1865 14711 16086
2 1865 16086 14919
2 1865 14919 8599
2 7899 8599 14919
2 7899 14919 16086
2 7899 16086 8371
2 8371 13141 7899
2 7899 13141 16690
2 16690 8599 7899
2 8599 16690 7996
2 7996 15954 8599
2 16690 10994 7996
2 10994 8247 7996
2 10994 3087 8247
2 3087 11689 8247
2 11689 10464 8247
2 10464 11689 1589
2 2761 10464 1589
2 1589 3401 2761
2 2761 3401 146
2 1584 2761 146
2 1584 146 192
2 1584 192 179
2 179 2327 1584
2 2327 2761 1584
2 10464 2761 2327
2 179 192 15326
2 2106 179 15326
2 15326 217 2106
2 15326 2001 217
2 2001 245 217
2 245 2001 14761
2 251 245 14761
2 12349 251 14761
2 12349 14761 1507
2 2893 12349 1507
2 13954 2893 1507
2 1507 14870 13954
2 14870 2016 13954
2 2016 1431 13954
2 1431 2893 13954
2 1431 11583 2893
2 11583 13291 2893
2 2893 13291 2926
2 12349 2893 2926
2 14895 12349 2926
2 14824 14895 2926
2 1383 14824 2926
2 13291 1383 2926
2 13291 12576 1383
2 2749 1383 12576
2 2749 12576 2750
2 5373 2749 2750
2 1922 5373 2750
2 1922 2750 13886
2 1922 13886 771
2 9666 1922 771
2 3257 9666 771
2 3257 771 1379
2 773 3257 1379
2 773 1379 772
2 772 774 773
2 1924 773 774
2 1924 774 11710
2 1924 11710 13120
2 3881 1924 13120
2 3881 13120 3882
2 3882 3886 3881
2 3886 3879 3881
2 3881 3879 1924
2 1924 3879 13343
2 773 1924 13343
2 773 13343 3257
2 13343 3879 3257
2 3257 3879 15142
2 15142 9666 3257
2 15142 1922 9666
2 1922 15142 15186
2 15186 3885 1922
2 5373 1922 3885
2 3878 5373 3885
2 3885 3548 3878
2 3548 14495 3878
2 14495 3875 3878
2 8567 3878 3875
2 14928 8567 3875
2 246 14928 3875
2 246 265 14928
2 14928 265 14824
2 14928 14824 8567
2 8567 14824 1383
2 2749 8567 1383
2 2749 3878 8567
2 5373 3878 2749
2 265 288 14824
2 14824 288 14895
2 275 14895 288
2 275 12349 14895
2 275 251 12349
2 275 14555 251
2 14555 8686 251
2 245 251 8686
2 265 14339 288
2 14339 8378 288
2 265 14603 14339
2 14603 15223 14339
2 246 14603 265
2 246 14603 265
2 14928 14824 8567
2 2749 3878 8567
2 3542 3875 14495
2 14495 8581 3542
2 224 3542 8581
2 8581 3317 224
2 252 224 3317
2 252 3317 278
2 252 278 13215
2 252 13215 13273
2 13273 224 252
2 224 13273 2834
2 2834 1123 224
2 224 1123 3874
2 3874 3542 224
2 210 3542 3874
2 3875 3542 210
2 1123 2834 3217
2 1123 3217 1100
2 1100 3217 14918
2 3217 8622 14918
2 14918 8622 14315
2 14918 14315 9161
2 8622 14562 14315
2 12020 14562 8622
2 12020 8622 3217
2 12020 3217 2834
2 2835 12020 2834
2 13273 2835 2834
2 8077 2835 13273
2 13273 14367 8077
2 8077 14367 11719
2 8077 11719 4548
2 4548 11349 8077
2 11349 2835 8077
2 2835 11349 10834
2 2835 10834 12020
2 12020 10834 14562
2 14562 10834 4997
2 13667 4997 10834
2 10834 1122 13667
2 1122 14917 13667
2 14917 10949 13667
2 13667 10949 4709
2 4997 13667 4709
2 4709 10949 13965
2 4801 4709 13965
2 12966 4801 13965
2 12966 13965 14314
2 15066 12966 14314
2 15066 14314 12370
2 12370 13214 15066
2 13214 4096 15066
2 4096 12092 15066
2 12092 1958 15066
2 1958 12966 15066
2 1958 5094 12966
2 12966 5094 5087
2 4801 12966 5087
2 14600 5094 1958
2 14600 1958 14511
2 14511 1958 4613
2 14828 14511 4613
2 14828 4613 14209
2 14209 12407 14828
2 14828 12407 3038
2 3038 8067 14828
2 8067 14511 14828
2 8067 6825 14511
2 14827 6825 8067
2 3038 14827 8067
2 3038 11306 14827
2 14827 11306 3115
2 3115 14848 14827
2 14827 14848 6825
2 3115 13618 14848
2 14848 13618 9069
2 13618 3115 14965
2 14965 9055 13618
2 9055 13694 13618
2 16471 13694 9055
2 16471 9055 146
2 3401 16471 146
2 16471 3401 8685
2 16471 8685 104
2 16471 104 13694
2 8685 14666 104
2 14666 8685 16000
2 14666 16000 1882
2 16012 16000 8685
2 8685 3401 16012
2 3401 11494 16012
2 11494 3403 16012
2 3403 2949 16012
2 16004 16012 2949
2 8538 16004 2949
2 14580 8538 2949
2 14580 2949 16017
2 16688 14580 16017
2 16688 16017 14547
2 16688 14547 8791
2 16688 8791 7920
2 8837 7920 8791
2 8791 14953 8837
2 14953 2852 8837
2 15832 8837 2852
2 2852 15956 15832
2 15956 2874 15832
2 14250 15832 2874
2 3225 14250 2874
2 3225 2874 15809
2 14155 3225 15809
2 15809 15759 14155
2 14155 15759 2490
2 2490 3225 14155
2 2490 2496 3225
2 14250 3225 2496
2 2497 14250 2496
2 15903 2497 2496
2 13719 15903 2496
2 15905 13719 2496
2 15905 2496 2490
2 14426 15905 2490
2 14519 14426 2490
2 2490 15759 14519
2 14519 15759 12885
2 2500 14519 12885
2 2500 12885 14887
2 14535 2500 14887
2 14535 14887 16416
2 1863 14535 16416
2 1863 16416 8665
2 1863 8665 14886
2 1863 14886 8775
2 1863 8775 16064
2 13867 1863 16064
2 1864 13867 16064
2 11110 1864 16064
2 14790 11110 16064
2 2984 14790 16064
2 2984 16064 8775
2 7393 2984 8775
2 2044 7393 8775
2 2044 8775 14886
2 2044 14886 700
2 2044 700 12418
2 2044 12418 9040
2 2329 2044 9040
2 2329 9040 10335
2 10335 9244 2329
2 10423 2329 9244
2 10423 9244 3528
2 10423 3528 3529
2 3084 10423 3529
2 3084 3529 2763
2 3085 3084 2763
2 2763 9317 3085
2 9317 8939 3085
2 8939 2330 3085
2 3084 3085 2330
2 3084 2330 9140
2 3084 9140 3077
2 3084 3077 10423
2 3077 2329 10423
2 3077 2984 2329
2 7393 2329 2984
2 2044 2329 7393
2 2984 3077 14790
2 14790 3077 2985
2 2985 15591 14790
2 14790 15591 11110
2 15591 1864 11110
2 14841 1864 15591
2 16586 14841 15591
2 16586 15591 14909
2 16586 14909 16065
2 14954 16586 16065
2 1857 14954 16065
2 1857 16065 2944
2 1857 2944 8438
2 8438 7713 1857
2 7713 14648 1857
2 14648 3182 1857
2 3182 14954 1857
2 3182 16586 14954
2 8259 16586 3182
2 3182 13719 8259
2 8259 13719 15905
2 15905 14864 8259
2 8259 14864 1864
2 8259 1864 14841
2 8259 14841 16586
2 14864 16417 1864
2 1864 16417 13867
2 14535 13867 16417
2 14535 16417 2500
2 2500 16417 14426
2 2500 14426 14519
2 14426 16417 14864
2 14426 14864 15905
2 13867 14535 1863
2 14426 16417 14864
2 14426 14864 15905
2 3182 15903 13719
2 14648 15903 3182
2 7713 15903 14648
2 11233 15903 7713
2 8219 11233 7713
2 7713 14769 8219
2 15906 8219 14769
2 14769 3371 15906
2 15906 3371 14880
2 15906 14880 14888
2 14888 2498 15906
2 2498 8219 15906
2 8219 2498 8997
2 8219 8997 11233
2 11233 8997 2497
2 15903 11233 2497
2 3227 2497 8997
2 8997 8860 3227
2 8860 8891 3227
2 15832 3227 8891
2 15832 8891 8837
2 8837 8891 7920
2 8891 2875 7920
2 2875 8891 8860
2 2875 8860 3104
2 2498 3104 8860
2 2498 8860 8997
2 2498 12372 3104
2 1911 3104 12372
2 1911 12372 14888
2 1911 14888 5065
2 1911 5065 9157
2 9157 12679 1911
2 9157 9125 12679
2 9157 5065 15893
2 9157 15893 8824
2 9157 8824 15900
2 8824 15893 8809
2 5065 14888 15893
2 14888 14880 15893
2 5065 14888 15893
2 12372 2498 14888
2 12372 2498 14888
2 15832 14250 3227
2 3227 14250 2497
2 2875 8891 8860
2 2498 8860 8997
2 3227 14250 2497
2 2498 8860 8997
2 12372 2498 14888
2 14888 14880 15893
2 14769 8438 3371
2 3371 8438 14711
2 8438 16088 14711
2 14711 16088 16086
2 2045 16086 16088
2 2045 16088 9341
2 9341 2331 2045
2 2045 2331 14581
2 2045 14581 8371
2 16086 2045 8371
2 8371 14581 3086
2 15092 8371 3086
2 3086 9071 15092
2 9071 3532 15092
2 15092 3532 3087
2 15092 3087 13141
2 8371 15092 13141
2 13141 3087 10994
2 16690 13141 10994
2 3087 3532 1589
2 11689 3087 1589
2 3532 3142 1589
2 3142 11494 1589
2 11494 3401 1589
2 3403 11494 3142
2 8499 3403 3142
2 8499 3142 1569
2 3404 8499 1569
2 3404 1569 8251
2 3404 8251 3407
2 8889 3404 3407
2 8889 3407 16014
2 8889 16014 16005
2 8889 16005 14547
2 8889 14547 16017
2 3404 8889 16017
2 8499 3404 16017
2 2949 8499 16017
2 8499 2949 3403
2 14547 16005 8791
2 8791 16005 14953
2 14953 16005 2852
2 16005 16006 2852
2 16006 15956 2852
2 15940 15956 16006
2 15940 16006 16007
2 16007 14286 15940
2 15940 14286 15951
2 15956 15940 15951
2 2874 15956 15951
2 2874 15951 15809
2 15951 2848 15809
2 2848 15810 15809
2 15759 15809 15810
2 15759 15810 14692
2 14692 12885 15759
2 3223 12885 14692
2 14692 15810 3223
2 15810 13874 3223
2 13874 13744 3223
2 15758 3223 13744
2 15758 13744 14794
2 15758 14794 8215
2 15758 8215 14887
2 14887 12885 15758
2 3223 15758 12885
2 8215 16416 14887
2 16416 8215 14961
2 16416 14961 15904
2 16416 15904 8744
2 8665 16416 8744
2 8665 8744 1862
2 8665 1862 700
2 14886 8665 700
2 1862 16477 700
2 2982 700 16477
2 2982 16477 16083
2 2982 16083 2328
2 12395 2982 2328
2 10404 12395 2328
2 10404 2328 3082
2 1587 10404 3082
2 1587 3082 3081
2 3535 1587 3081
2 3535 3081 3080
2 8448 3535 3080
2 3527 8448 3080
2 3080 3079 3527
2 3527 3079 3078
2 8397 3527 3078
2 8397 3078 8471
2 1214 8397 8471
2 1214 8471 8443
2 3402 1214 8443
2 3402 8443 2760
2 3402 2760 3138
2 3138 16008 3402
2 16008 16009 3402
2 13578 3402 16009
2 3283 13578 16009
2 3283 16009 10765
2 3283 10765 3284
2 3283 3284 1215
2 3283 1215 1214
2 3283 1214 13578
2 13578 1214 3402
2 1215 3527 1214
2 1214 3527 8397
2 1215 8448 3527
2 1215 3535 8448
2 8116 3535 1215
2 8116 1215 3284
2 1216 8116 3284
2 1216 3284 16577
2 1216 16577 11190
2 11190 9940 1216
2 1216 9940 1587
2 3535 1216 1587
2 1216 3535 8116
2 9940 1588 1587
2 1587 1588 10404
2 10335 10404 1588
2 10335 1588 9244
2 9244 1588 3528
2 3528 1588 1218
2 3528 1218 15345
2 1219 3528 15345
2 1219 15345 11851
2 11851 12026 1219
2 12026 3405 1219
2 3405 1220 1219
2 3529 1219 1220
2 1220 2763 3529
2 2763 1220 1221
2 2763 1221 3531
2 9317 2763 3531
2 3531 3530 9317
2 3530 3086 9317
2 9317 3086 2331
2 8939 9317 2331
2 2944 8939 2331
2 9341 2944 2331
2 9341 16088 2944
2 8438 2944 16088
2 2983 8939 2944
2 2983 2944 16065
2 2983 16065 9351
2 2983 9351 2330
2 8939 2983 2330
2 9351 2985 2330
2 2985 9140 2330
2 2985 3077 9140
2 15591 2985 9351
2 15591 9351 14909
2 14909 9351 16065
2 14909 9351 16065
2 8939 2983 2330
2 14581 2331 3086
2 3530 9071 3086
2 9071 3530 1569
2 3532 9071 1569
2 3142 3532 1569
2 1569 3530 8251
2 8251 3530 14715
2 8251 14715 3407
2 14715 1221 3407
2 3406 3407 1221
2 3406 1221 1220
2 3405 3406 1220
2 3406 3405 16007
2 16014 3406 16007
2 16007 16006 16014
2 16006 16005 16014
2 3406 16014 3407
2 3405 12437 16007
2 15935 16007 12437
2 15935 12437 8408
2 15935 8408 12691
2 15935 12691 2848
2 2848 15951 15935
2 14286 15935 15951
2 16007 15935 14286
2 15810 2848 12691
2 15810 12691 13874
2 13874 12691 2482
2 3280 13874 2482
2 3280 2482 14106
2 3280 14106 2702
2 3280 2702 14231
2 3101 3280 14231
2 3101 14231 15806
2 3101 15806 8142
2 3101 8142 16438
2 3101 16438 1903
2 14794 3101 1903
2 14794 1903 14961
2 14794 14961 8215
2 14961 1903 15904
2 13244 15904 1903
2 16438 13244 1903
2 15908 13244 16438
2 15908 16438 12623
2 15908 12623 2462
2 3370 15908 2462
2 5669 3370 2462
2 2495 5669 2462
2 2462 11590 2495
2 11590 16399 2495
2 16399 10614 2495
2 10614 15785 2495
2 8048 2495 15785
2 8048 15785 2459
2 8048 2459 5669
2 2495 8048 5669
2 2459 16415 5669
2 5669 16415 3370
2 2826 3370 16415
2 1860 2826 16415
2 7449 1860 16415
2 16415 8151 7449
2 7449 8151 15897
2 15897 1860 7449
2 15897 10568 1860
2 5782 1860 10568
2 10568 16062 5782
2 16089 5782 16062
2 12047 16089 16062
2 16082 12047 16062
2 16062 14436 16082
2 14436 16061 16082
2 16061 16080 16082
2 2326 16082 16080
2 13519 2326 16080
2 1330 13519 16080
2 1330 16080 8214
2 1330 8214 74
2 12304 1330 74
2 74 85 12304
2 10842 12304 85
2 85 14215 10842
2 14215 3533 10842
2 10842 3533 11730
2 11730 14955 10842
2 10842 14955 12304
2 1330 12304 14955
2 1330 14955 13519
2 13519 14955 2326
2 5145 2326 14955
2 11730 5145 14955
2 3534 5145 11730
2 3533 3534 11730
2 3533 12986 3534
2 12986 14543 3534
2 3534 14543 7659
2 7659 5145 3534
2 15144 5145 7659
2 15144 7659 8471
2 3078 15144 8471
2 3078 15595 15144
2 15144 15595 13825
2 15144 13825 5145
2 13825 2326 5145
2 13825 12047 2326
2 2326 12047 16082
2 15595 12047 13825
2 15595 16089 12047
2 15595 2333 16089
2 2333 16085 16089
2 16085 5782 16089
2 16059 5782 16085
2 16085 8720 16059
2 8720 16081 16059
2 16059 16081 5057
2 2826 16059 5057
2 2826 5057 16057
2 16057 1861 2826
2 1861 3370 2826
2 1861 13815 3370
2 13815 15908 3370
2 13815 3369 15908
2 13244 15908 3369
2 14846 13244 3369
2 1862 14846 3369
2 3369 13756 1862
2 1862 13756 16477
2 13756 1861 16477
2 1861 16057 16477
2 16477 16057 16083
2 16057 9797 16083
2 2335 16083 9797
2 2335 9797 16081
2 2334 2335 16081
2 2334 16081 8720
2 2334 8720 16085
2 2333 2334 16085
2 2334 2333 3079
2 2334 3079 3080
2 3080 2335 2334
2 3080 3081 2335
2 2335 3081 3082
2 2328 2335 3082
2 16083 2335 2328
2 2333 3078 3079
2 2333 15595 3078
2 3080 2335 2334
2 16057 16081 9797
2 5057 16081 16057
2 16083 2335 2328
2 16057 16081 9797
2 1861 13756 13815
2 13756 3369 13815
2 13756 3369 13815
2 8744 14846 1862
2 15904 14846 8744
2 15904 13244 14846
2 15904 13244 14846
2 13756 3369 13815
2 1861 13756 13815
2 1861 16057 16477
2 5057 16081 16057
2 1860 16059 2826
2 16059 1860 5782
2 5057 16081 16057
2 2334 16081 8720
2 2334 8720 16085
2 16059 1860 5782
2 2333 2334 16085
2 2333 15595 3078
2 15595 12047 13825
2 2333 15595 3078
2 7659 2760 8471
2 8443 8471 2760
2 14543 2760 7659
2 14543 3138 2760
2 14527 3138 14543
2 14527 14543 4639
2 14527 4639 8927
2 13665 14527 8927
2 8927 1880 13665
2 1880 11945 13665
2 11945 16008 13665
2 3138 13665 16008
2 13665 3138 14527
2 2408 16008 11945
2 2859 2408 11945
2 2859 11945 1880
2 9386 2859 1880
2 9386 1880 9326
2 2873 9386 9326
2 15254 2873 9326
2 2402 15254 9326
2 8927 2402 9326
2 9326 1880 8927
2 8927 4639 2402
2 4639 15057 2402
2 2402 15057 14867
2 14867 2407 2402
2 15254 2402 2407
2 2407 14109 15254
2 14109 2873 15254
2 15824 2873 14109
2 15824 14109 2699
2 15825 15824 2699
2 2699 15 15825
2 15825 15 7
2 7 8498 15825
2 8498 16398 15825
2 15824 15825 16398
2 15824 16398 9047
2 15824 9047 2873
2 2873 9047 2695
2 2873 2695 9386
2 9386 2695 2859
2 2859 2695 10853
2 2859 10853 15827
2 2860 2859 15827
2 2703 2860 15827
2 2703 15827 3106
2 2865 2703 3106
2 2865 3106 9595
2 2865 9595 15805
2 2865 15805 11503
2 11503 9916 2865
2 9916 15930 2865
2 15930 2703 2865
2 15930 15938 2703
2 2860 2703 15938
2 2860 15938 2408
2 2860 2408 2859
2 16009 2408 15938
2 15938 15930 16009
2 15930 10765 16009
2 10765 15930 9916
2 9916 3428 10765
2 3284 10765 3428
2 3284 3428 16577
2 10896 16577 3428
2 15941 10896 3428
2 15941 3428 9916
2 15941 9916 11503
2 15941 11503 2484
2 2484 13636 15941
2 10354 15941 13636
2 10354 13636 2702
2 15931 10354 2702
2 15931 2702 14106
2 15931 14106 2482
2 14329 15931 2482
2 8408 14329 2482
2 12691 8408 2482
2 8408 16002 14329
2 14329 16002 15931
2 16002 16003 15931
2 16003 10354 15931
2 15941 10354 16003
2 15941 16003 10896
2 16003 16577 10896
2 16003 11190 16577
2 16003 3289 11190
2 3289 9940 11190
2 9940 3289 1218
2 9940 1218 1588
2 1218 3289 11192
2 1218 11192 11851
2 15345 1218 11851
2 12126 11851 11192
2 12126 11192 16002
2 16002 8408 12126
2 12126 8408 12437
2 12437 11851 12126
2 12026 11851 12437
2 3405 12026 12437
2 11192 3289 16002
2 16002 3289 16003
2 12437 11851 12126
2 11192 3289 16002
2 16002 3289 16003
2 16002 3289 16003
2 16002 8408 12126
2 14329 16002 15931
2 16003 10354 15931
2 2702 13636 15806
2 14231 2702 15806
2 13636 2484 15806
2 2484 8142 15806
2 2484 16399 8142
2 11590 8142 16399
2 8142 11590 16438
2 16438 11590 12623
2 12623 11590 2462
2 2484 15805 16399
2 16399 15805 10614
2 10614 15805 15785
2 15785 15805 9595
2 15785 9595 3106
2 15786 15785 3106
2 3106 15827 15786
2 15827 14187 15786
2 15349 15786 14187
2 15349 14187 7727
2 7727 15713 15349
2 8151 15349 15713
2 8151 15713 15897
2 15713 12931 15897
2 12931 10568 15897
2 15899 10568 12931
2 15713 15899 12931
2 15899 15713 7727
2 7727 15712 15899
2 15712 8312 15899
2 15899 8312 1492
2 1492 13404 15899
2 13404 10568 15899
2 10568 13404 16062
2 13404 1492 16062
2 1492 14436 16062
2 1492 16061 14436
2 1492 10937 16061
2 10937 14035 16061
2 16061 14035 16080
2 16080 14035 16063
2 16080 16063 8214
2 11382 8214 16063
2 1859 11382 16063
2 16063 14808 1859
2 1859 14808 15909
2 1859 15909 14046
2 1859 14046 31
2 41 1859 31
2 41 31 46
2 46 56 41
2 56 1859 41
2 1859 56 11382
2 56 8214 11382
2 56 65 8214
2 74 8214 65
2 65 46 74
2 46 85 74
2 46 86 85
2 86 14215 85
2 14215 86 75
2 14362 14215 75
2 3139 14362 75
2 64 3139 75
2 46 64 75
2 86 46 75
2 64 46 49
2 64 49 1881
2 1881 3139 64
2 1881 15057 3139
2 3141 3139 15057
2 3141 15057 12986
2 3141 12986 3533
2 3533 14215 3141
2 3141 14215 14362
2 3139 3141 14362
2 4639 12986 15057
2 4639 14543 12986
2 3139 3141 14362
2 14867 15057 1881
2 1881 2407 14867
2 2404 2407 1881
2 2404 1881 49
2 2404 49 37
2 2404 37 25
2 2699 2404 25
2 2699 25 15
2 46 15 25
2 37 46 25
2 46 37 49
2 7 15 46
2 7 46 10
2 10 8498 7
2 8498 10 1960
2 16398 8498 1960
2 16398 1960 14641
2 16398 14641 5083
2 16398 5083 9047
2 8545 9047 5083
2 8545 5083 15712
2 7727 8545 15712
2 14187 8545 7727
2 2695 8545 14187
2 2695 14187 10853
2 10853 14187 15827
2 8545 2695 9047
2 8346 15712 5083
2 14641 8346 5083
2 2458 8346 14641
2 2458 14641 1960
2 1960 20 2458
2 20 14046 2458
2 14046 15909 2458
2 8346 2458 15909
2 14189 8346 15909
2 14189 15909 6511
2 6511 8312 14189
2 8312 8346 14189
2 15712 8346 8312
2 10937 8312 6511
2 14035 10937 6511
2 16063 14035 6511
2 16063 6511 14808
2 14808 6511 15909
2 1492 8312 10937
2 14808 6511 15909
2 8312 8346 14189
2 14046 20 31
2 46 31 20
2 20 10 46
2 10 20 1960
2 10 20 1960
2 8346 2458 15909
2 15712 8346 8312
2 8545 2695 9047
2 14641 8346 5083
2 2458 14641 1960
2 10 20 1960
2 20 10 46
2 2407 2404 2699
2 2699 14109 2407
2 37 46 25
2 46 37 49
2 2407 2404 2699
2 2404 1881 49
2 46 37 49
2 1881 3139 64
2 3139 3141 14362
2 3141 14215 14362
2 86 46 75
2 86 46 75
2 65 56 46
2 65 56 46
2 65 56 46
2 46 31 20
2 56 1859 41
2 14046 20 31
2 14046 15909 2458
2 14808 6511 15909
2 16063 6511 14808
2 1859 56 11382
2 56 8214 11382
2 16063 14035 6511
2 14035 10937 6511
2 1492 8312 10937
2 13404 1492 16062
2 1492 8312 10937
2 15712 8346 8312
2 7727 8545 15712
2 13404 10568 15899
2 15713 15899 12931
2 10153 15349 8151
2 2459 10153 8151
2 2459 8151 16415
2 10153 2459 15786
2 15349 10153 15786
2 2459 15785 15786
2 15349 10153 15786
2 15899 15713 7727
2 14187 8545 7727
2 15349 10153 15786
2 10853 14187 15827
2 2459 15785 15786
2 11503 15805 2484
2 15941 10354 16003
2 13636 2484 15806
2 11503 15805 2484
2 15941 16003 10896
2 16003 16577 10896
2 15941 3428 9916
2 2408 16009 16008
2 15938 15930 16009
2 10765 15930 9916
2 15941 9916 11503
2 11503 15805 2484
2 15785 15805 9595
2 15785 9595 3106
2 15930 2703 2865
2 3106 15827 15786
2 2860 2703 15938
2 2860 2408 2859
2 10853 14187 15827
2 2695 14187 10853
2 8545 2695 9047
2 16398 5083 9047
2 16398 8498 1960
2 10 8498 7
2 7 15 46
2 2699 25 15
2 15824 15825 16398
2 2699 14109 2407
2 15824 9047 2873
2 2699 14109 2407
2 1881 2407 14867
2 14867 15057 1881
2 4639 12986 15057
2 15254 2402 2407
2 14109 2873 15254
2 2873 2695 9386
2 9326 1880 8927
2 9386 2695 2859
2 2860 2408 2859
2 2408 16009 16008
2 2859 11945 1880
2 9326 1880 8927
2 13665 3138 14527
2 8927 4639 2402
2 4639 14543 12986
2 13665 3138 14527
2 15144 13825 5145
2 14543 2760 7659
2 4639 14543 12986
2 3141 12986 3533
2 7659 5145 3534
2 13825 2326 5145
2 11730 5145 14955
2 3533 3534 11730
2 3533 14215 3141
2 86 14215 85
2 10842 14955 12304
2 46 85 74
2 1330 12304 14955
2 74 8214 65
2 16080 16063 8214
2 1330 14955 13519
2 13519 14955 2326
2 2326 12047 16082
2 16061 14035 16080
2 1492 16061 14436
2 1492 14436 16062
2 2326 12047 16082
2 15595 16089 12047
2 16085 5782 16089
2 10568 13404 16062
2 16059 1860 5782
2 12931 10568 15897
2 8151 15713 15897
2 2459 8151 16415
2 15897 1860 7449
2 1860 16059 2826
2 1861 3370 2826
2 2459 8151 16415
2 2459 15785 15786
2 2495 8048 5669
2 10614 15805 15785
2 16399 15805 10614
2 11590 8142 16399
2 12623 11590 2462
2 2495 8048 5669
2 5669 16415 3370
2 13815 15908 3370
2 12623 11590 2462
2 16438 11590 12623
2 13244 15908 3369
2 15904 13244 14846
2 14794 13744 3101
2 3280 3101 13744
2 13874 3280 13744
2 16438 13244 1903
2 8142 11590 16438
2 2484 8142 15806
2 14231 2702 15806
2 3280 3101 13744
2 14231 2702 15806
2 15931 2702 14106
2 15931 14106 2482
2 13874 3280 13744
2 12691 8408 2482
2 12691 8408 2482
2 12126 8408 12437
2 16007 15935 14286
2 3405 12026 12437
2 3406 16014 3407
2 14715 3531 1221
2 14715 3530 3531
2 14715 3530 3531
2 14715 3530 3531
2 14715 3531 1221
2 3406 1221 1220
2 1219 3529 3528
2 3405 3406 1220
2 3405 12026 12437
2 12026 11851 12437
2 15345 1218 11851
2 1219 3529 3528
2 15345 1218 11851
2 9940 1218 1588
2 10335 9040 10404
2 10404 9040 12395
2 12418 12395 9040
2 12418 2982 12395
2 12418 700 2982
2 9940 1218 1588
2 3289 9940 11190
2 16003 11190 16577
2 3284 3428 16577
2 1216 3535 8116
2 1216 3535 8116
2 8116 1215 3284
2 3284 10765 3428
2 15930 10765 16009
2 3283 1214 13578
2 13578 1214 3402
2 2408 16009 16008
2 3138 13665 16008
2 14543 3138 2760
2 8443 8471 2760
2 13578 1214 3402
2 8443 8471 2760
2 1214 3527 8397
2 3078 15144 8471
2 1214 3527 8397
2 2333 3078 3079
2 2334 3079 3080
2 1215 8448 3527
2 1215 3535 8448
2 3080 3081 2335
2 3535 1216 1587
2 2335 3081 3082
2 1587 1588 10404
2 2328 2335 3082
2 10404 9040 12395
2 12418 2982 12395
2 16083 2335 2328
2 16477 16057 16083
2 12418 700 2982
2 1862 13756 16477
2 8744 14846 1862
2 15904 14846 8744
2 14961 1903 15904
2 14794 14961 8215
2 14794 14961 8215
2 14794 13744 3101
2 3223 15758 12885
2 13874 3280 13744
2 15810 12691 13874
2 3223 15758 12885
2 14692 15810 3223
2 15810 2848 12691
2 2848 15951 15935
2 14286 15935 15951
2 16007 15935 14286
2 16007 16006 16014
2 15956 15940 15951
2 16006 16005 16014
2 16006 16005 16014
2 3406 16014 3407
2 3404 8889 16017
2 8251 14715 3407
2 1569 3530 8251
2 8499 3404 16017
2 3142 3532 1569
2 8499 2949 3403
2 3142 3532 1569
2 3532 9071 1569
2 3530 9071 3086
2 8371 15092 13141
2 14581 2331 3086
2 14581 2331 3086
2 9341 2944 2331
2 9341 16088 2944
2 16086 2045 8371
2 8438 2944 16088
2 7713 8438 14769
2 2498 8219 15906
2 7713 8438 14769
2 8219 8997 11233
2 15903 11233 2497
2 8259 14841 16586
2 14648 15903 3182
2 7713 15903 14648
2 7713 8438 14769
2 8438 2944 16088
2 2983 2944 16065
2 3182 14954 1857
2 3182 16586 14954
2 14909 9351 16065
2 15591 9351 14909
2 8259 14841 16586
2 8259 1864 14841
2 15591 2985 9351
2 2985 3077 9140
2 2985 3077 9140
2 2985 9140 2330
2 8939 2983 2330
2 8939 9317 2331
2 9317 2763 3531
2 3084 3085 2330
2 1220 2763 3529
2 3084 3077 10423
2 1219 3529 3528
2 9244 1588 3528
2 3077 2329 10423
2 10335 1588 9244
2 10335 9040 10404
2 2044 2329 7393
2 12418 12395 9040
2 12418 700 2982
2 14886 8665 700
2 2044 2329 7393
2 7393 2329 2984
2 2984 3077 14790
2 14790 15591 11110
2 15591 1864 11110
2 1864 16417 13867
2 13867 14535 1863
2 2984 16064 8775
2 2044 8775 14886
2 14886 8665 700
2 8665 16416 8744
2 13867 14535 1863
2 8215 16416 14887
2 14535 16417 2500
2 14887 12885 15758
2 2500 14426 14519
2 14692 12885 15759
2 2500 14426 14519
2 14426 14864 15905
2 8259 13719 15905
2 3182 15903 13719
2 15903 11233 2497
2 3227 14250 2497
2 15905 2496 2490
2 2490 15759 14519
2 15759 15809 15810
2 2490 3225 14155
2 2874 15951 15809
2 14250 3225 2496
2 15832 14250 3227
2 2874 15956 15951
2 16006 15956 2852
2 15832 8891 8837
2 14953 16005 2852
2 8791 16005 14953
2 8837 8891 7920
2 14547 16005 8791
2 8889 14547 16017
2 14580 16688 7849
2 8538 14580 7849
2 2949 8499 16017
2 8538 14580 7849
2 16000 16012 16004
2 8499 2949 3403
2 3403 11494 3142
2 11494 3401 1589
2 16000 16012 16004
2 8685 3401 16012
2 146 9055 3114
2 192 146 3114
2 3114 218 192
2 15326 192 218
2 15326 218 14525
2 2001 15326 14525
2 2001 14525 15347
2 15347 13545 2001
2 13545 1507 2001
2 14761 2001 1507
2 14870 1507 13545
2 2016 14870 13545
2 13991 2016 13545
2 15347 13991 13545
2 13991 15347 3029
2 2530 13991 3029
2 3027 2530 3029
2 16324 3027 3029
2 3029 11873 16324
2 11873 10043 16324
2 10043 16394 16324
2 16324 16394 16321
2 16324 16321 3027
2 12605 3027 16321
2 16348 12605 16321
2 13565 16348 16321
2 8008 13565 16321
2 8008 16321 16394
2 11643 8008 16394
2 11643 16394 3323
2 11643 3323 3324
2 7260 11643 3324
2 7260 3324 11728
2 728 7260 11728
2 3544 728 11728
2 11728 13766 3544
2 12891 3544 13766
2 12891 13766 15186
2 12891 15186 15142
2 12891 15142 3886
2 3886 3544 12891
2 3886 729 3544
2 3544 729 728
2 728 729 3326
2 3326 7260 728
2 7260 3326 16499
2 7260 16499 11000
2 7260 11000 11643
2 11000 8008 11643
2 16499 8008 11000
2 8008 16499 13565
2 13565 16499 2148
2 2148 16348 13565
2 2148 10910 16348
2 16348 10910 2078
2 2078 12903 16348
2 13440 16348 12903
2 12903 15390 13440
2 13440 15390 15389
2 13440 15389 12662
2 13440 12662 12605
2 13440 12605 16348
2 12662 3027 12605
2 2530 3027 12662
2 12662 15389 2530
2 2530 15389 15369
2 15369 13991 2530
2 15369 2016 13991
2 10617 2016 15369
2 10617 15369 15389
2 2003 10617 15389
2 15390 2003 15389
2 2003 15390 2004
2 2003 2004 1508
2 10617 2003 1508
2 14346 10617 1508
2 2922 14346 1508
2 1508 13238 2922
2 9985 2922 13238
2 2927 9985 13238
2 2927 13238 2890
2 2890 12763 2927
2 12763 1379 2927
2 2927 1379 771
2 2927 771 9985
2 9985 771 13886
2 9985 13886 3912
2 2922 9985 3912
2 2922 3912 11583
2 14346 2922 11583
2 1431 14346 11583
2 1431 10617 14346
2 2016 10617 1431
2 11583 3912 13291
2 3912 12576 13291
2 3912 2750 12576
2 2750 3912 13886
2 2750 3912 13886
2 1384 1379 12763
2 12763 12350 1384
2 1384 12350 2923
2 2923 2928 1384
2 772 1384 2928
2 2928 3915 772
2 3915 774 772
2 774 3915 13576
2 774 13576 11710
2 13576 2752 11710
2 2230 11710 2752
2 2230 2752 13115
2 3549 2230 13115
2 3549 13115 3883
2 3883 14802 3549
2 3543 3549 14802
2 3543 14802 2231
2 2231 3547 3543
2 3547 13327 3543
2 13327 2477 3543
2 13035 3543 2477
2 13645 13035 2477
2 13645 2477 12478
2 10917 13645 12478
2 10917 12478 3325
2 10917 3325 11106
2 13308 10917 11106
2 1991 13308 11106
2 1991 11106 695
2 695 729 1991
2 1991 729 3882
2 13308 1991 3882
2 13308 3882 13120
2 13308 13120 2230
2 16136 13308 2230
2 16136 2230 3549
2 16136 3549 13035
2 16136 13035 13645
2 16136 13645 10917
2 16136 10917 13308
2 13035 3549 3543
2 16136 10917 13308
2 11710 2230 13120
2 3886 3882 729
2 695 3326 729
2 3326 695 3327
2 3327 7110 3326
2 7110 16499 3326
2 7110 11241 16499
2 2148 16499 11241
2 2148 11241 16364
2 2148 16364 8887
2 2148 8887 3022
2 2148 3022 10910
2 10910 3022 2078
2 2078 3022 13940
2 13940 13184 2078
2 2078 13184 2029
2 12903 2078 2029
2 15390 12903 2029
2 2029 2004 15390
2 2029 9053 2004
2 1651 2004 9053
2 9053 13703 1651
2 1651 13703 2890
2 1651 2890 13238
2 1651 13238 1508
2 1651 1508 2004
2 2890 13703 12350
2 12350 12763 2890
2 1432 12350 13703
2 9053 1432 13703
2 2006 1432 9053
2 13184 2006 9053
2 2029 13184 9053
2 15441 2006 13184
2 15441 13184 2533
2 15441 2533 2528
2 2528 15353 15441
2 15353 2844 15441
2 15441 2844 14142
2 15441 14142 2006
2 2006 14142 1432
2 14142 8321 1432
2 1432 8321 2923
2 12350 1432 2923
2 8321 12365 2923
2 2923 12365 2928
2 12365 2924 2928
2 2924 3915 2928
2 11309 3915 2924
2 11309 2924 1829
2 9211 11309 1829
2 9211 1829 12677
2 9211 12677 2005
2 1509 9211 2005
2 2005 5038 1509
2 11481 1509 5038
2 11481 5038 2007
2 1510 11481 2007
2 2007 8541 1510
2 8541 1830 1510
2 1830 2680 1510
2 1510 2680 15955
2 1510 15955 7971
2 11481 1510 7971
2 11481 7971 1509
2 1509 7971 2931
2 1509 2931 9211
2 9211 2931 11309
2 2931 15358 11309
2 15358 3915 11309
2 15358 775 3915
2 775 13576 3915
2 775 2752 13576
2 775 14401 2752
2 13115 2752 14401
2 13115 14401 3883
2 14401 1925 3883
2 1925 2231 3883
2 3883 2231 14802
2 1925 14148 2231
2 14148 14676 2231
2 14676 3547 2231
2 3547 14676 13834
2 3547 13834 730
2 3547 730 13327
2 2476 13327 730
2 730 7671 2476
2 7671 10884 2476
2 2476 10884 3321
2 3321 3319 2476
2 3319 13327 2476
2 3319 2477 13327
2 11928 2477 3319
2 11928 3319 16498
2 12478 11928 16498
2 3582 12478 16498
2 16392 3582 16498
2 16498 11806 16392
2 11806 16330 16392
2 16330 3412 16392
2 3412 2151 16392
2 3582 16392 2151
2 11265 3582 2151
2 2151 13319 11265
2 13319 16319 11265
2 11265 16319 12789
2 12789 16500 11265
2 16500 3582 11265
2 16500 3325 3582
2 12478 3582 3325
2 12179 3325 16500
2 12179 16500 3327
2 695 12179 3327
2 11106 12179 695
2 11106 3325 12179
2 3327 16500 16364
2 3327 16364 7110
2 16364 11241 7110
2 12789 16364 16500
2 12789 16319 16364
2 8887 16364 16319
2 3022 8887 16319
2 16319 3028 3022
2 2533 3022 3028
2 3028 2528 2533
2 3028 3025 2528
2 2528 3025 9397
2 9397 2027 2528
2 2528 2027 15353
2 15353 2027 2844
2 2844 2027 12677
2 1829 2844 12677
2 2844 1829 8321
2 2844 8321 14142
2 8321 1829 12365
2 1829 2924 12365
2 2027 12268 12677
2 12677 12268 2005
2 2028 2005 12268
2 2525 2028 12268
2 2525 12268 9397
2 9397 3025 2525
2 3025 5172 2525
2 2525 5172 13558
2 2525 13558 2028
2 13558 13739 2028
2 13739 5038 2028
2 5038 2005 2028
2 15361 5038 13739
2 13739 3030 15361
2 3030 10213 15361
2 10213 2532 15361
2 2532 13805 15361
2 2007 15361 13805
2 2007 13805 2529
2 8541 2007 2529
2 2845 8541 2529
2 2845 2529 14737
2 9693 2845 14737
2 9693 14737 2526
2 9693 2526 2008
2 1654 9693 2008
2 2008 13985 1654
2 13985 2929 1654
2 2929 10576 1654
2 10576 15194 1654
2 8354 1654 15194
2 1830 8354 15194
2 1830 15194 2680
2 15518 2680 15194
2 1386 15518 15194
2 10576 1386 15194
2 2929 1386 10576
2 1386 2929 13417
2 1386 13417 1389
2 1389 16100 1386
2 16100 15518 1386
2 10643 15518 16100
2 10643 16100 1711
2 1414 10643 1711
2 1414 1711 1918
2 1918 9919 1414
2 9919 1926 1414
2 14484 1414 1926
2 9961 14484 1926
2 1926 14274 9961
2 9961 14274 10227
2 9961 10227 12805
2 2751 9961 12805
2 14676 2751 12805
2 14676 12805 13834
2 12805 10227 13834
2 10227 10044 13834
2 10044 7671 13834
2 7671 730 13834
2 11080 7671 10044
2 11080 10044 2233
2 11080 2233 8579
2 11080 8579 6953
2 11080 6953 12874
2 11080 12874 10884
2 11080 10884 7671
2 10884 12874 16501
2 10884 16501 3321
2 3321 16501 9785
2 3321 9785 2034
2 2034 3319 3321
2 3319 2034 11806
2 3319 11806 16498
2 2034 16330 11806
2 16330 2034 16474
2 16474 10213 16330
2 10213 3030 16330
2 3030 3412 16330
2 13558 3412 3030
2 13558 3030 13739
2 13558 5172 3412
2 5172 3025 3412
2 3412 3025 2151
2 2151 3025 13319
2 3025 3028 13319
2 16319 13319 3028
2 16474 3026 10213
2 3026 2532 10213
2 14505 2532 3026
2 2527 14505 3026
2 2527 3026 5727
2 2527 5727 16235
2 14737 2527 16235
2 2526 14737 16235
2 16235 14691 2526
2 14691 11502 2526
2 2008 2526 11502
2 2008 11502 9025
2 13186 2008 9025
2 13186 9025 15482
2 15989 13186 15482
2 8937 15989 15482
2 10304 8937 15482
2 10304 15482 13537
2 14159 10304 13537
2 13537 16356 14159
2 14159 16356 2153
2 2153 11456 14159
2 11456 12953 14159
2 14159 12953 10304
2 12953 9221 10304
2 9221 8937 10304
2 9221 8258 8937
2 8258 15989 8937
2 14270 15989 8258
2 5236 14270 8258
2 9015 5236 8258
2 9015 8258 9221
2 12953 9015 9221
2 16355 9015 12953
2 12953 2147 16355
2 2147 11871 16355
2 16355 11871 7574
2 16355 7574 9015
2 9015 7574 5236
2 7574 12107 5236
2 5236 12107 1415
2 1415 14270 5236
2 1415 6670 14270
2 6670 14646 14270
2 14270 14646 15989
2 14646 2456 15989
2 15989 2456 13186
2 13186 2456 13985
2 2008 13186 13985
2 13985 2456 2929
2 2456 7548 2929
2 2929 7548 3913
2 13417 2929 3913
2 13417 3913 14639
2 13417 14639 1389
2 12965 1389 14639
2 12965 14639 15495
2 15495 10309 12965
2 12965 10309 1416
2 1416 1389 12965
2 1389 1416 16100
2 11776 16100 1416
2 11776 1416 3880
2 11179 11776 3880
2 11179 3880 3550
2 11179 3550 4554
2 12810 11179 4554
2 12810 4554 14220
2 12810 14220 10086
2 12810 10086 14274
2 9919 12810 14274
2 1926 9919 14274
2 9919 1918 12810
2 12810 1918 11179
2 11179 1918 1711
2 1711 11776 11179
2 1711 16100 11776
2 10086 2233 14274
2 2233 10227 14274
2 10227 2233 10044
2 10086 8579 2233
2 14220 8579 10086
2 14220 6953 8579
2 4554 6953 14220
2 6953 4554 731
2 6953 731 9323
2 6953 9323 12874
2 3584 12874 9323
2 3584 9323 3316
2 3584 3316 7018
2 3584 7018 16362
2 2035 3584 16362
2 16473 2035 16362
2 16362 2153 16473
2 16356 16473 2153
2 16356 13613 16473
2 16473 13613 14043
2 14043 2035 16473
2 3584 2035 14043
2 16501 3584 14043
2 15332 16501 14043
2 16320 15332 14043
2 13613 16320 14043
2 5727 16320 13613
2 5727 13613 16235
2 16235 13613 16356
2 16235 16356 14691
2 14691 16356 13537
2 13537 11502 14691
2 13537 9025 11502
2 13537 15482 9025
2 3026 16320 5727
2 16474 16320 3026
2 16320 16474 15332
2 16474 9785 15332
2 16501 15332 9785
2 16474 2034 9785
2 16320 16474 15332
2 16501 15332 9785
2 3584 16501 12874
2 13613 16320 14043
2 16235 13613 16356
2 2153 16362 16395
2 11456 2153 16395
2 2147 11456 16395
2 2147 16395 9364
2 2147 9364 7404
2 7404 7729 2147
2 2147 7729 11871
2 11871 7729 2077
2 11871 2077 13432
2 11871 13432 7574
2 7574 13432 12107
2 12107 13432 13516
2 13516 11931 12107
2 12107 11931 1415
2 11931 14739 1415
2 14739 6670 1415
2 6670 14739 2932
2 9600 6670 2932
2 5182 9600 2932
2 14356 5182 2932
2 2941 14356 2932
2 2941 2932 5628
2 1652 2941 5628
2 11931 1652 5628
2 11931 5628 14739
2 14739 5628 2932
2 11931 13936 1652
2 13936 11321 1652
2 11321 12205 1652
2 12572 1652 12205
2 12572 12205 355
2 12572 355 2930
2 12572 2930 1652
2 2941 1652 2930
2 2930 10692 2941
2 10692 14356 2941
2 10692 3255 14356
2 14356 3255 1413
2 1413 14531 14356
2 14356 14531 5182
2 14531 2748 5182
2 2748 7154 5182
2 7154 3913 5182
2 5182 3913 9600
2 7548 9600 3913
2 2456 9600 7548
2 2456 14646 9600
2 14646 6670 9600
2 15495 3913 7154
2 15110 15495 7154
2 13470 15110 7154
2 13470 7154 2748
2 1921 13470 2748
2 14531 1921 2748
2 10438 1921 14531
2 1413 10438 14531
2 1409 10438 1413
2 1413 3255 1409
2 3255 319 1409
2 319 301 1409
2 1409 301 3876
2 3876 10438 1409
2 11029 10438 3876
2 13312 11029 3876
2 293 13312 3876
2 293 3876 301
2 293 301 334
2 302 293 334
2 310 302 334
2 334 320 310
2 692 310 320
2 692 320 3580
2 692 3580 3318
2 725 692 3318
2 725 3318 693
2 725 693 9416
2 9642 725 9416
2 9642 9416 8221
2 8221 4565 9642
2 10032 9642 4565
2 10032 4565 8634
2 10032 8634 11029
2 13312 10032 11029
2 9642 10032 13312
2 13312 725 9642
2 13312 726 725
2 725 726 692
2 726 310 692
2 310 726 302
2 302 726 293
2 293 726 13312
2 293 726 13312
2 8634 10438 11029
2 8634 1921 10438
2 4565 1921 8634
2 4565 10231 1921
2 13948 1921 10231
2 4539 13948 10231
2 4539 10231 8221
2 8221 9416 4539
2 4539 9416 11940
2 13560 4539 11940
2 11601 13560 11940
2 11601 11940 14411
2 732 11601 14411
2 12574 732 14411
2 2822 12574 14411
2 14411 9364 2822
2 2822 9364 16395
2 16362 2822 16395
2 7018 2822 16362
2 7018 12574 2822
2 7018 3316 12574
2 3316 732 12574
2 732 3316 14633
2 3550 732 14633
2 3550 14633 731
2 3550 731 4554
2 14633 3316 731
2 3316 9323 731
2 3550 13480 732
2 13480 13311 732
2 732 13311 11601
2 11601 13311 13560
2 7198 13560 13311
2 13311 4533 7198
2 10309 7198 4533
2 1416 10309 4533
2 1416 4533 10846
2 1416 10846 3880
2 10846 13480 3880
2 3550 3880 13480
2 4533 13480 10846
2 4533 13311 13480
2 4533 13480 10846
2 7198 10309 15110
2 3877 7198 15110
2 3877 15110 10154
2 10154 13560 3877
2 7198 3877 13560
2 4539 13560 10154
2 4539 10154 13948
2 10154 13470 13948
2 13948 13470 1921
2 10154 15110 13470
2 10154 15110 13470
2 7198 3877 13560
2 15495 15110 10309
2 4533 13311 13480
2 7198 3877 13560
2 4533 13311 13480
2 3550 3880 13480
2 14633 3316 731
2 14411 6610 9364
2 6610 693 9364
2 7404 9364 693
2 3318 7404 693
2 7404 3318 10463
2 7404 10463 7729
2 10463 12682 7729
2 7729 12682 2077
2 2077 12682 12108
2 12108 13432 2077
2 2531 13432 12108
2 2531 12108 16352
2 370 2531 16352
2 370 16352 362
2 362 334 370
2 370 334 377
2 2531 370 377
2 377 10721 2531
2 13516 2531 10721
2 10721 11321 13516
2 11321 13936 13516
2 13936 11931 13516
2 10721 12205 11321
2 10721 367 12205
2 355 12205 367
2 334 355 367
2 377 334 367
2 377 367 10721
2 334 343 355
2 2930 355 343
2 2930 343 328
2 1378 2930 328
2 319 1378 328
2 328 334 319
2 319 334 301
2 343 334 328
2 3255 1378 319
2 1378 3255 10692
2 2930 1378 10692
2 2930 1378 10692
2 343 334 328
2 343 334 328
2 377 367 10721
2 13516 13432 2531
2 377 367 10721
2 377 334 367
2 352 334 362
2 362 16352 352
2 1643 352 16352
2 16352 12108 1643
2 1643 12108 12682
2 12682 1645 1643
2 9645 1643 1645
2 3580 9645 1645
2 1645 3318 3580
2 10463 3318 1645
2 10463 1645 12682
2 3580 329 9645
2 329 1643 9645
2 1643 329 340
2 352 1643 340
2 352 340 334
2 329 334 340
2 329 320 334
2 3580 320 329
2 329 334 340
2 3580 320 329
2 329 1643 9645
2 10463 1645 12682
2 352 1643 340
2 352 340 334
2 362 16352 352
2 2531 370 377
2 16352 12108 1643
2 13516 13432 2531
2 1643 12108 12682
2 10463 1645 12682
2 10463 3318 1645
2 6610 11940 693
2 9416 693 11940
2 14411 11940 6610
2 14411 11940 6610
2 7018 12574 2822
2 3316 732 12574
2 732 13311 11601
2 14411 11940 6610
2 11601 13311 13560
2 4539 13560 10154
2 9416 693 11940
2 10231 4565 8221
2 4539 10154 13948
2 13948 13470 1921
2 10231 4565 8221
2 4565 1921 8634
2 9642 10032 13312
2 10231 4565 8221
2 8221 9416 4539
2 13312 725 9642
2 9416 693 11940
2 3318 7404 693
2 725 726 692
2 1645 3318 3580
2 3580 320 329
2 726 310 692
2 329 320 334
2 310 726 302
2 302 726 293
2 319 334 301
2 293 726 13312
2 13312 10032 11029
2 8634 10438 11029
2 293 3876 301
2 319 334 301
2 3255 1378 319
2 3876 10438 1409
2 8634 1921 10438
2 13948 13470 1921
2 10154 15110 13470
2 15495 15110 10309
2 15495 14639 3913
2 13470 7154 2748
2 14531 1921 2748
2 1413 10438 14531
2 1413 3255 1409
2 1378 3255 10692
2 2930 1378 10692
2 2930 355 343
2 355 12205 367
2 12572 2930 1652
2 10721 12205 11321
2 11321 13936 13516
2 13936 11931 13516
2 2941 1652 2930
2 14739 5628 2932
2 10692 14356 2941
2 14356 14531 5182
2 5182 3913 9600
2 14646 6670 9600
2 14739 5628 2932
2 11931 5628 14739
2 13936 11931 13516
2 13516 13432 2531
2 12108 13432 2077
2 7729 12682 2077
2 7404 10463 7729
2 7404 9364 693
2 2822 9364 16395
2 11456 2147 12953
2 16362 2822 16395
2 14043 2035 16473
2 3584 2035 14043
2 7018 2822 16362
2 7018 3316 12574
2 3316 9323 731
2 3584 16501 12874
2 3316 9323 731
2 3550 731 4554
2 14220 8579 10086
2 4554 6953 14220
2 12810 1918 11179
2 3550 731 4554
2 3550 3880 13480
2 1711 11776 11179
2 1416 10846 3880
2 1711 16100 11776
2 1416 10309 4533
2 15495 15110 10309
2 15495 14639 3913
2 1416 1389 12965
2 15495 14639 3913
2 7548 9600 3913
2 2456 9600 7548
2 2456 14646 9600
2 14646 6670 9600
2 14739 6670 1415
2 12107 11931 1415
2 7574 13432 12107
2 11871 13432 7574
2 2147 7729 11871
2 11456 2147 12953
2 16355 7574 9015
2 9015 7574 5236
2 1415 14270 5236
2 14270 14646 15989
2 9015 8258 9221
2 12953 9015 9221
2 11456 2147 12953
2 11456 2153 16395
2 16356 16473 2153
2 14691 16356 13537
2 14159 12953 10304
2 13537 15482 9025
2 9221 8937 10304
2 8258 15989 8937
2 15989 2456 13186
2 13537 15482 9025
2 2008 13186 13985
2 13537 9025 11502
2 13537 11502 14691
2 16235 16356 14691
2 2529 2527 14737
2 14505 2527 2529
2 2532 14505 2529
2 2532 2529 13805
2 5727 13613 16235
2 3026 16320 5727
2 14505 2527 2529
2 2532 14505 2529
2 16474 16320 3026
2 16474 2034 9785
2 16474 2034 9785
2 16501 15332 9785
2 3584 16501 12874
2 6953 9323 12874
2 14220 6953 8579
2 10086 8579 2233
2 10227 2233 10044
2 11080 10884 7671
2 10227 2233 10044
2 14676 14148 2751
2 14148 776 2751
2 776 14484 2751
2 2751 14484 9961
2 776 13134 14484
2 14484 13134 1414
2 13134 1385 1414
2 1414 1385 10643
2 10643 1385 15518
2 1385 2680 15518
2 1385 15955 2680
2 1385 10891 15955
2 10891 3916 15955
2 3916 7971 15955
2 3916 2931 7971
2 2931 3916 9659
2 2931 9659 15358
2 8114 15358 9659
2 8114 9659 3916
2 776 8114 3916
2 10891 776 3916
2 776 10891 13134
2 1385 13134 10891
2 14148 8114 776
2 1925 8114 14148
2 1925 775 8114
2 8114 775 15358
2 775 1925 14401
2 8114 775 15358
2 8114 9659 3916
2 10891 776 3916
2 1385 13134 10891
2 1385 13134 10891
2 776 10891 13134
2 14148 8114 776
2 2751 14484 9961
2 12805 10227 13834
2 2233 10227 14274
2 1926 9919 14274
2 2751 14484 9961
2 14484 13134 1414
2 1926 9919 14274
2 9919 1918 12810
2 11179 1918 1711
2 1414 1385 10643
2 1711 16100 11776
2 10643 1385 15518
2 1389 1416 16100
2 13417 14639 1389
2 13417 2929 3913
2 16100 15518 1386
2 1385 2680 15518
2 8354 1830 2845
2 8354 2845 9693
2 1654 8354 9693
2 8541 2845 1830
2 1654 8354 9693
2 10576 1386 15194
2 2929 1386 10576
2 13985 2456 2929
2 2008 13186 13985
2 1654 8354 9693
2 2008 2526 11502
2 2526 14737 16235
2 8354 2845 9693
2 2529 2527 14737
2 8541 2845 1830
2 2532 2529 13805
2 15361 2007 5038
2 2532 2529 13805
2 3026 2532 10213
2 10213 3030 16330
2 13558 3030 13739
2 15361 2007 5038
2 13558 3030 13739
2 13558 5172 3412
2 5172 3025 3412
2 12268 2027 9397
2 2525 13558 2028
2 5038 2005 2028
2 12268 2027 9397
2 12268 2027 9397
2 9397 3025 2525
2 3025 3028 13319
2 13940 3022 2533
2 2533 13184 13940
2 16319 13319 3028
2 11106 3325 12179
2 12789 16364 16500
2 12789 16319 16364
2 16319 13319 3028
2 2151 3025 13319
2 16500 3582 11265
2 3412 3025 2151
2 3030 3412 16330
2 2034 16330 11806
2 3319 11806 16498
2 3582 16392 2151
2 12478 3582 3325
2 12478 2477 11928
2 3319 11806 16498
2 12478 2477 11928
2 2034 3319 3321
2 10884 16501 3321
2 11080 10884 7671
2 7671 730 13834
2 3319 13327 2476
2 7671 730 13834
2 14676 12805 13834
2 14676 14148 2751
2 1925 8114 14148
2 775 1925 14401
2 775 1925 14401
2 8114 775 15358
2 2931 9659 15358
2 3916 2931 7971
2 3916 7971 15955
2 1385 15955 2680
2 1830 15194 2680
2 8541 2845 1830
2 8541 2007 2529
2 11481 1510 7971
2 15361 2007 5038
2 11481 7971 1509
2 5038 2005 2028
2 1509 2931 9211
2 12677 12268 2005
2 1829 2844 12677
2 9211 2931 11309
2 1829 2924 12365
2 15358 3915 11309
2 1829 2924 12365
2 8321 1829 12365
2 2844 8321 14142
2 2844 8321 14142
2 15353 2027 2844
2 2528 2027 15353
2 3028 2528 2533
2 2533 13184 13940
2 15441 14142 2006
2 2006 14142 1432
2 12350 1432 2923
2 9053 1432 13703
2 1651 1508 2004
2 2029 13184 9053
2 2029 13184 9053
2 2533 13184 13940
2 13940 3022 2533
2 3022 8887 16319
2 8887 16364 16319
2 16364 11241 7110
2 16364 11241 7110
2 3327 16364 7110
2 695 12179 3327
2 11106 12179 695
2 13308 1991 3882
2 16136 10917 13308
2 11106 3325 12179
2 12478 3582 3325
2 16136 13645 10917
2 12478 2477 11928
2 16136 13035 13645
2 13035 3549 3543
2 3319 2477 13327
2 3547 730 13327
2 14676 3547 2231
2 3883 2231 14802
2 13035 3549 3543
2 3883 2231 14802
2 13115 14401 3883
2 16136 2230 3549
2 13115 2752 14401
2 11710 2230 13120
2 775 2752 13576
2 775 13576 3915
2 2924 3915 2928
2 1384 772 1379
2 2923 12365 2928
2 12350 1432 2923
2 12350 12763 2890
2 1384 772 1379
2 12350 12763 2890
2 1651 2890 13238
2 2927 771 9985
2 2922 9985 3912
2 1651 13238 1508
2 14346 2922 11583
2 1431 10617 14346
2 1651 1508 2004
2 2029 2004 15390
2 10617 2003 1508
2 2016 10617 1431
2 10617 15369 15389
2 12662 15389 2530
2 15390 2003 15389
2 15390 12903 2029
2 13440 12605 16348
2 12903 2078 2029
2 10910 3022 2078
2 2148 3022 10910
2 2148 16499 11241
2 16499 8008 11000
2 7110 16499 3326
2 695 3326 729
2 3886 3882 729
2 3886 15142 3879
2 3885 15186 13766
2 13766 11792 3885
2 11792 3548 3885
2 11792 727 3548
2 8581 3548 727
2 727 3317 8581
2 3324 3317 727
2 3324 727 11728
2 11728 727 13766
2 13766 727 11792
2 3324 3323 3317
2 3317 3323 278
2 3323 287 278
2 12369 278 287
2 12369 287 13540
2 12369 13540 14312
2 14997 12369 14312
2 14997 14312 4800
2 14997 4800 4976
2 5009 14997 4976
2 13280 5009 4976
2 14632 13280 4976
2 4800 14632 4976
2 4800 9039 14632
2 9039 3278 14632
2 3278 12381 14632
2 13595 14632 12381
2 291 13595 12381
2 291 12381 250
2 14203 291 250
2 250 3215 14203
2 14203 3215 1720
2 14203 1720 1188
2 1188 291 14203
2 291 1188 16369
2 291 16369 279
2 13994 291 279
2 279 12737 13994
2 13994 12737 15035
2 15035 13595 13994
2 13994 13595 291
2 15035 14632 13595
2 14632 15035 13280
2 14368 13280 15035
2 12737 14368 15035
2 14368 12737 14054
2 14054 12214 14368
2 4815 14368 12214
2 4548 4815 12214
2 9935 4548 12214
2 9935 12214 14054
2 3921 9935 14054
2 13900 3921 14054
2 13900 14054 258
2 233 13900 258
2 233 258 16311
2 2660 233 16311
2 2660 16311 1108
2 1108 2667 2660
2 2660 2667 16193
2 2660 16193 16194
2 211 2660 16194
2 211 16194 196
2 211 196 2197
2 211 2197 2836
2 211 2836 233
2 2660 211 233
2 233 2836 13900
2 13900 2836 3921
2 2836 2198 3921
2 3921 2198 15474
2 13011 3921 15474
2 13011 15474 14917
2 1122 13011 14917
2 13011 1122 9935
2 3921 13011 9935
2 9935 1122 4548
2 4548 1122 11349
2 11349 1122 10834
2 15474 13249 14917
2 14917 13249 13672
2 14917 13672 10949
2 10949 13672 14314
2 13965 10949 14314
2 13672 12370 14314
2 13672 103 12370
2 12370 103 13214
2 103 91 13214
2 120 13214 91
2 120 91 13520
2 120 13520 3092
2 120 3092 141
2 141 8327 120
2 8327 719 120
2 719 11998 120
2 11998 13214 120
2 11998 4096 13214
2 719 4096 11998
2 4096 719 13649
2 4096 13649 12092
2 12092 13649 4613
2 4613 1958 12092
2 13649 14209 4613
2 13649 3556 14209
2 3331 14209 3556
2 3556 11681 3331
2 3331 11681 3035
2 4084 3331 3035
2 3278 4084 3035
2 12035 3278 3035
2 12035 3035 3253
2 225 12035 3253
2 206 225 3253
2 2933 206 3253
2 3253 3035 2933
2 11681 2933 3035
2 3556 2933 11681
2 3556 7070 2933
2 7070 166 2933
2 166 185 2933
2 206 2933 185
2 206 185 207
2 3536 206 207
2 3536 207 222
2 222 5453 3536
2 3536 5453 3537
2 3536 3537 206
2 225 206 3537
2 3537 3215 225
2 225 3215 250
2 225 250 12035
2 12035 250 12381
2 3278 12035 12381
2 3215 3537 3848
2 3848 3045 3215
2 3215 3045 1720
2 1720 3045 1708
2 1188 1720 1708
2 13203 1188 1708
2 1189 13203 1708
2 1189 1708 13724
2 1189 13724 3574
2 11810 1189 3574
2 3574 1405 11810
2 6580 11810 1405
2 6580 1405 12095
2 12095 16314 6580
2 6580 16314 16366
2 16366 1189 6580
2 6580 1189 11810
2 16366 13203 1189
2 13203 16366 14071
2 1188 13203 14071
2 1188 14071 16369
2 14071 16317 16369
2 16369 16317 16311
2 258 16369 16311
2 279 16369 258
2 279 258 12737
2 12737 258 14054
2 1108 16311 16317
2 1108 16317 16315
2 16315 4784 1108
2 13656 1108 4784
2 2668 13656 4784
2 2668 4784 13347
2 2668 13347 13922
2 16196 2668 13922
2 1027 16196 13922
2 13922 14378 1027
2 1027 14378 14225
2 10872 1027 14225
2 10872 14225 1258
2 10872 1258 3267
2 13515 10872 3267
2 5037 13515 3267
2 3267 10658 5037
2 5037 10658 3832
2 5037 3832 11695
2 5037 11695 3831
2 5037 3831 10150
2 5037 10150 16255
2 5037 16255 13515
2 16255 10872 13515
2 16255 1027 10872
2 1027 16255 16196
2 16255 11479 16196
2 11479 12096 16196
2 2668 16196 12096
2 2668 12096 13656
2 13656 12096 16199
2 16199 2667 13656
2 1108 13656 2667
2 2667 16199 16193
2 3274 16193 16199
2 11647 3274 16199
2 16253 11647 16199
2 16253 16199 12096
2 16253 12096 11479
2 16263 16253 11479
2 16263 11479 16255
2 10150 16263 16255
2 10150 3831 16263
2 7101 16263 3831
2 7101 3831 14875
2 14186 7101 14875
2 14186 14875 1813
2 2083 14186 1813
2 1813 10126 2083
2 10126 7354 2083
2 2083 7354 290
2 13730 2083 290
2 264 13730 290
2 264 290 14355
2 264 14355 12910
2 264 12910 240
2 264 240 3258
2 13546 264 3258
2 13546 3258 11647
2 11647 2025 13546
2 2025 2936 13546
2 13546 2936 13730
2 13730 264 13546
2 2936 2083 13730
2 2936 14186 2083
2 2936 7101 14186
2 2936 16263 7101
2 16263 2936 2025
2 16263 2025 16253
2 16253 2025 11647
2 16263 2936 2025
2 16253 2025 11647
2 3258 3274 11647
2 3258 240 3274
2 3274 240 227
2 3274 227 16194
2 3274 16194 16193
2 16194 227 196
2 196 227 609
2 609 181 196
2 2197 196 181
2 181 169 2197
2 169 2198 2197
2 2197 2198 2836
2 169 2442 2198
2 2442 15474 2198
2 15474 2442 13249
2 13249 2442 13672
2 14287 13672 2442
2 14287 2442 151
2 14287 151 103
2 13672 14287 103
2 103 151 1068
2 103 1068 11516
2 11516 91 103
2 11516 600 91
2 600 13520 91
2 600 899 13520
2 13520 899 3092
2 3092 899 16444
2 16148 3092 16444
2 9230 16148 16444
2 9230 16444 3802
2 16443 9230 3802
2 8108 16443 3802
2 1731 8108 3802
2 3802 3900 1731
2 3900 12832 1731
2 12832 3122 1731
2 1731 3122 12676
2 12676 16141 1731
2 1731 16141 8108
2 16141 239 8108
2 8108 239 12166
2 16443 8108 12166
2 1929 16443 12166
2 1929 12166 239
2 1929 239 12260
2 1929 12260 16096
2 16096 13780 1929
2 13780 1259 1929
2 1259 11060 1929
2 1929 11060 16443
2 11060 9230 16443
2 15384 9230 11060
2 15384 11060 16453
2 11039 15384 16453
2 11039 16453 16452
2 16102 11039 16452
2 11274 16102 16452
2 11274 16452 1777
2 1777 117 11274
2 117 138 11274
2 138 16102 11274
2 138 7431 16102
2 1931 16102 7431
2 886 1931 7431
2 886 7431 159
2 159 177 886
2 16492 886 177
2 185 16492 177
2 207 185 177
2 207 177 12825
2 207 12825 11617
2 222 207 11617
2 222 11617 247
2 247 16231 222
2 5453 222 16231
2 5453 16231 3250
2 5611 5453 3250
2 5611 3250 5494
2 5611 5494 3848
2 5611 3848 5453
2 5453 3848 3537
2 5494 13020 3848
2 13020 3045 3848
2 3045 13020 3844
2 3844 3046 3045
2 3045 3046 1708
2 3046 13724 1708
2 3046 3574 13724
2 3046 13352 3574
2 13352 14108 3574
2 14108 11464 3574
2 3574 11464 1405
2 11464 15140 1405
2 15140 16610 1405
2 16610 4077 1405
2 12095 1405 4077
2 4077 7917 12095
2 12095 7917 11104
2 12095 11104 16314
2 11104 14378 16314
2 13347 16314 14378
2 13922 13347 14378
2 16314 13347 16315
2 16366 16314 16315
2 16366 16315 16317
2 16366 16317 14071
2 13347 4784 16315
2 7917 14378 11104
2 11662 14378 7917
2 2417 11662 7917
2 4077 2417 7917
2 2417 4077 14147
2 2417 14147 4083
2 1009 2417 4083
2 10940 1009 4083
2 10940 4083 1406
2 1626 10940 1406
2 1406 1574 1626
2 1626 1574 11970
2 16316 1626 11970
2 15936 16316 11970
2 2419 15936 11970
2 2419 11970 4082
2 14040 2419 4082
2 11099 14040 4082
2 11099 4082 1407
2 11099 1407 1408
2 1785 11099 1408
2 1785 1408 1191
2 1785 1191 4589
2 2420 1785 4589
2 4589 9625 2420
2 2420 9625 1114
2 2420 1114 13197
2 2420 13197 5213
2 5213 1785 2420
2 11099 1785 5213
2 14040 11099 5213
2 14040 5213 1112
2 14040 1112 10707
2 2419 14040 10707
2 2419 10707 14781
2 2419 14781 15936
2 15936 14781 1111
2 1009 15936 1111
2 13013 1009 1111
2 2669 13013 1111
2 1111 5747 2669
2 2669 5747 3268
2 2669 3268 11577
2 2669 11577 2427
2 2427 10978 2669
2 10978 13013 2669
2 1110 13013 10978
2 1110 10978 1258
2 1110 1258 11662
2 2417 1110 11662
2 1009 1110 2417
2 1110 1009 13013
2 1258 14225 11662
2 14225 14378 11662
2 2427 1258 10978
2 1258 2427 3260
2 3267 1258 3260
2 3267 3260 10658
2 10658 3260 3832
2 3260 10835 3832
2 2086 3832 10835
2 7980 2086 10835
2 7980 10835 3833
2 16437 7980 3833
2 3834 16437 3833
2 3833 16265 3834
2 8876 3834 16265
2 8876 16265 13671
2 8876 13671 3269
2 16264 8876 3269
2 16264 3269 3270
2 3270 14569 16264
2 3835 16264 14569
2 3835 14569 12930
2 2084 3835 12930
2 2084 12930 15366
2 1815 2084 15366
2 15366 14177 1815
2 14177 2092 1815
2 14485 1815 2092
2 2092 16244 14485
2 8953 14485 16244
2 15126 8953 16244
2 15126 16244 5902
2 15126 5902 3845
2 3540 15126 3845
2 3540 3845 10529
2 3540 10529 3539
2 3540 3539 13258
2 3540 13258 16250
2 8953 3540 16250
2 2091 8953 16250
2 2091 16250 11656
2 2091 11656 1533
2 2091 1533 11468
2 11468 14485 2091
2 8953 2091 14485
2 11468 1815 14485
2 2084 1815 11468
2 2084 11468 12292
2 2084 12292 3835
2 3835 12292 13321
2 3835 13321 8876
2 16264 3835 8876
2 13321 3834 8876
2 3834 13321 2088
2 3834 2088 16437
2 16437 2088 9332
2 15621 16437 9332
2 2090 15621 9332
2 2090 9332 1533
2 11656 2090 1533
2 11656 11787 2090
2 11787 16248 2090
2 16248 10241 2090
2 10241 15621 2090
2 16273 15621 10241
2 12527 16273 10241
2 16248 12527 10241
2 8302 12527 16248
2 5580 8302 16248
2 5580 16248 11787
2 5580 11787 13258
2 5580 13258 3539
2 5580 3539 3040
2 5580 3040 8302
2 3040 16246 8302
2 8302 16246 12527
2 12527 16246 16273
2 12918 16273 16246
2 9724 12918 16246
2 14004 9724 16246
2 7632 14004 16246
2 7632 16246 3040
2 7632 3040 3207
2 7632 3207 12546
2 7632 12546 3047
2 7632 3047 14004
2 3847 14004 3047
2 3847 3047 14108
2 14108 9456 3847
2 9456 12353 3847
2 3847 12353 16247
2 3847 16247 14004
2 14004 16247 9724
2 16247 12918 9724
2 2089 12918 16247
2 9555 2089 16247
2 12714 9555 16247
2 12353 12714 16247
2 12353 16228 12714
2 12714 16228 16272
2 12714 16272 9555
2 9555 16272 1529
2 9984 9555 1529
2 11414 9984 1529
2 1529 1530 11414
2 1530 11695 11414
2 11414 11695 3832
2 2086 11414 3832
2 2086 9984 11414
2 1814 9984 2086
2 2086 7980 1814
2 11518 1814 7980
2 15621 11518 7980
2 7980 16437 15621
2 16273 11518 15621
2 16273 1814 11518
2 16273 2089 1814
2 9984 1814 2089
2 9555 9984 2089
2 2089 16273 12918
2 16273 1814 11518
2 9984 1814 2089
2 3831 11695 1530
2 14305 3831 1530
2 14747 14305 1530
2 1529 14747 1530
2 16272 14747 1529
2 16272 4966 14747
2 1813 14747 4966
2 4966 16274 1813
2 1813 16274 10126
2 10126 16274 7354
2 7354 16274 11472
2 7354 11472 247
2 7354 247 271
2 7354 271 290
2 13790 290 271
2 13790 271 13444
2 13444 2889 13790
2 13790 2889 12314
2 12314 11687 13790
2 13790 11687 14355
2 13790 14355 290
2 11687 10699 14355
2 14355 10699 12910
2 12910 10699 14993
2 12910 14993 2825
2 240 12910 2825
2 240 2825 227
2 227 2825 609
2 2825 10036 609
2 10036 1153 609
2 12197 609 1153
2 11569 12197 1153
2 9072 11569 1153
2 1153 12150 9072
2 12150 1154 9072
2 9072 1154 3296
2 3296 3384 9072
2 3384 12318 9072
2 12318 11569 9072
2 126 11569 12318
2 12318 102 126
2 641 126 102
2 641 102 117
2 117 1777 641
2 1777 11990 641
2 6094 641 11990
2 6094 11990 1776
2 640 6094 1776
2 640 1776 12686
2 15700 640 12686
2 15700 12686 15807
2 15700 15807 10519
2 13377 15700 10519
2 13377 10519 639
2 639 2168 13377
2 2168 10591 13377
2 13377 10591 2920
2 15700 13377 2920
2 15700 2920 14408
2 640 15700 14408
2 640 14408 1675
2 640 1675 13984
2 6094 640 13984
2 13984 2169 6094
2 2169 641 6094
2 641 2169 8226
2 641 8226 126
2 126 8226 2175
2 126 2175 162
2 11569 126 162
2 11569 162 12197
2 181 12197 162
2 162 2507 181
2 169 181 2507
2 169 2507 2520
2 2520 151 169
2 169 151 2442
2 2520 1068 151
2 7874 1068 2520
2 2520 14295 7874
2 14295 2515 7874
2 7874 2515 2511
2 2511 1074 7874
2 1074 1068 7874
2 1068 1074 2777
2 11516 1068 2777
2 2777 600 11516
2 600 2777 13387
2 600 13387 899
2 13387 3900 899
2 16444 899 3900
2 3900 3802 16444
2 8192 3900 13387
2 13387 2777 8192
2 10467 8192 2777
2 10467 2777 1074
2 13760 10467 1074
2 2511 13760 1074
2 2511 11815 13760
2 13760 11815 14609
2 14609 10467 13760
2 1981 10467 14609
2 14609 1073 1981
2 8208 1981 1073
2 1073 9977 8208
2 8208 9977 1976
2 8208 1976 12712
2 3122 8208 12712
2 3122 12712 12676
2 12676 12712 3097
2 3097 16141 12676
2 3097 3801 16141
2 11317 16141 3801
2 16442 11317 3801
2 1454 16442 3801
2 6845 1454 3801
2 3097 6845 3801
2 3097 13653 6845
2 13653 15102 6845
2 6845 15102 8773
2 8773 1454 6845
2 1454 8773 10040
2 10040 408 1454
2 408 16442 1454
2 408 11840 16442
2 11840 7563 16442
2 16442 7563 10530
2 11317 16442 10530
2 11317 10530 892
2 239 11317 892
2 12260 239 892
2 16096 12260 892
2 13499 16096 892
2 16454 13499 892
2 892 10530 16454
2 10530 7563 16454
2 7563 9336 16454
2 9336 9903 16454
2 9903 907 16454
2 13499 16454 907
2 16096 13499 907
2 907 9311 16096
2 9311 13780 16096
2 9311 1774 13780
2 1774 1259 13780
2 1774 16453 1259
2 1259 16453 11060
2 1774 7332 16453
2 7332 16452 16453
2 7332 1776 16452
2 11990 16452 1776
2 16452 11990 1777
2 1774 1776 7332
2 12686 1776 1774
2 12686 1774 15807
2 9311 15807 1774
2 907 15807 9311
2 639 15807 907
2 907 9903 639
2 638 639 9903
2 638 9903 3525
2 3525 637 638
2 637 14258 638
2 14258 2168 638
2 639 638 2168
2 5918 2168 14258
2 5918 14258 637
2 13963 5918 637
2 2164 13963 637
2 2164 637 9087
2 2164 9087 10357
2 9742 2164 10357
2 9742 10357 15503
2 2916 9742 15503
2 15503 14529 2916
2 14529 2514 2916
2 2916 2514 13022
2 2916 13022 9742
2 13022 16447 9742
2 9742 16447 3169
2 2164 9742 3169
2 3169 13963 2164
2 3169 5918 13963
2 3169 3180 5918
2 3180 15849 5918
2 15849 2168 5918
2 2168 15849 10591
2 10591 15849 16466
2 14664 10591 16466
2 14664 16466 3172
2 2920 14664 3172
2 3172 3173 2920
2 3173 13556 2920
2 2920 13556 14408
2 14408 13556 1177
2 14408 1177 1675
2 1675 1177 13972
2 1675 13972 13984
2 13972 2169 13984
2 2181 2169 13972
2 13972 3167 2181
2 2181 3167 2519
2 12297 2181 2519
2 2519 2511 12297
2 12297 2511 2515
2 2515 10841 12297
2 10841 2181 12297
2 2169 2181 10841
2 10841 8226 2169
2 10841 2175 8226
2 2175 10841 2515
2 2515 14295 2175
2 14295 2507 2175
2 2175 2507 162
2 14295 2520 2507
2 2175 10841 2515
2 2519 11815 2511
2 2519 15650 11815
2 11815 15650 14609
2 15650 1073 14609
2 1073 15650 14285
2 1073 14285 2510
2 1073 2510 9977
2 9977 2510 15804
2 9977 15804 1072
2 9977 1072 1976
2 1072 10331 1976
2 10331 598 1976
2 1976 598 12712
2 3097 12712 598
2 3097 598 13653
2 598 10331 13653
2 13653 10331 1980
2 13653 1980 15102
2 15102 1980 1974
2 8773 15102 1974
2 8773 1974 8274
2 10040 8773 8274
2 3094 10040 8274
2 8274 3093 3094
2 3094 3093 16138
2 16138 16163 3094
2 3094 16163 10582
2 3094 10582 6920
2 3094 6920 10040
2 6920 16165 10040
2 10040 16165 408
2 408 16165 9715
2 408 9715 11840
2 9715 9115 11840
2 9115 5028 11840
2 5028 7563 11840
2 7563 5028 9336
2 9336 5028 7361
2 16090 9336 7361
2 8625 16090 7361
2 16098 8625 7361
2 7361 10001 16098
2 16098 10001 12954
2 16098 12954 9840
2 16098 9840 14636
2 16098 14636 8625
2 3524 8625 14636
2 10886 3524 14636
2 10886 14636 7477
2 10886 7477 2220
2 3058 10886 2220
2 3058 2220 2219
2 2219 906 3058
2 906 14607 3058
2 3058 14607 636
2 3058 636 10886
2 10886 636 16075
2 3524 10886 16075
2 16075 9087 3524
2 3525 3524 9087
2 3525 9087 637
2 3525 16090 3524
2 3524 16090 8625
2 16090 3525 9903
2 16090 9903 9336
2 10357 9087 16075
2 16075 15503 10357
2 15503 16075 636
2 13903 15503 636
2 2163 13903 636
2 2163 636 2827
2 2827 11009 2163
2 14001 2163 11009
2 14001 11009 5674
2 15842 14001 5674
2 15842 5674 14748
2 14748 10830 15842
2 3176 15842 10830
2 3176 10830 3174
2 3174 12624 3176
2 12624 15800 3176
2 12901 3176 15800
2 15799 12901 15800
2 15799 15800 1070
2 1070 10077 15799
2 10077 13677 15799
2 13677 3170 15799
2 12901 15799 3170
2 12901 3170 15842
2 3176 12901 15842
2 3170 14001 15842
2 3170 2915 14001
2 14001 2915 2163
2 2163 2915 14529
2 13903 2163 14529
2 15503 13903 14529
2 2915 2514 14529
2 2915 14625 2514
2 14625 13677 2514
2 13677 15794 2514
2 2514 15794 13022
2 13022 15794 13908
2 16447 13022 13908
2 13908 15798 16447
2 16447 15798 14498
2 3169 16447 14498
2 3169 14498 5878
2 3180 3169 5878
2 3180 5878 2516
2 2516 14615 3180
2 14615 15849 3180
2 16466 15849 14615
2 2516 16466 14615
2 16466 2516 15783
2 3172 16466 15783
2 3172 15783 2517
2 3172 2517 3173
2 3173 2517 15650
2 2519 3173 15650
2 2519 3167 3173
2 3173 3167 13556
2 13556 3167 1177
2 1177 3167 13972
2 15650 2517 14285
2 14285 2517 2510
2 15783 2510 2517
2 15804 2510 15783
2 15804 15783 2516
2 9853 15804 2516
2 5878 9853 2516
2 15803 9853 5878
2 5878 14498 15803
2 14498 15798 15803
2 15018 15803 15798
2 15018 15798 11961
2 11961 6606 15018
2 15018 6606 1980
2 15018 1980 1072
2 1072 15803 15018
2 1072 9853 15803
2 1072 15804 9853
2 1980 10331 1072
2 1974 1980 6606
2 6606 595 1974
2 595 3093 1974
2 8274 1974 3093
2 3798 3093 595
2 1427 3798 595
2 1975 1427 595
2 595 16561 1975
2 1071 1975 16561
2 1071 16561 6606
2 1071 6606 11961
2 11961 13908 1071
2 1071 13908 15794
2 15794 13677 1071
2 10077 1071 13677
2 1975 1071 10077
2 1070 1975 10077
2 1975 1070 13431
2 1975 13431 1427
2 13431 8196 1427
2 8196 12037 1427
2 1427 12037 3798
2 3898 3798 12037
2 545 3898 12037
2 545 12037 3095
2 3095 13950 545
2 13950 6952 545
2 545 6952 7640
2 545 7640 3898
2 3898 7640 16138
2 16138 12518 3898
2 3898 12518 3798
2 12518 3093 3798
2 16138 3093 12518
2 16138 3093 12518
2 2351 16138 7640
2 2351 7640 14597
2 5039 2351 14597
2 14597 9991 5039
2 9991 2223 5039
2 10101 5039 2223
2 2223 11819 10101
2 11819 906 10101
2 10101 906 2219
2 2219 5039 10101
2 13792 5039 2219
2 647 13792 2219
2 2219 2220 647
2 2220 7798 647
2 647 7798 10582
2 647 10582 16163
2 647 16163 13792
2 13792 16163 2351
2 5039 13792 2351
2 16163 16138 2351
2 7798 15617 10582
2 15617 8352 10582
2 6920 10582 8352
2 6920 8352 16165
2 9951 16165 8352
2 15617 9951 8352
2 9840 9951 15617
2 9840 15617 7477
2 9840 7477 14636
2 15617 2220 7477
2 2220 15617 7798
2 9840 12954 9951
2 16165 9951 12954
2 16165 12954 9115
2 16165 9115 9715
2 9115 12954 10001
2 9115 10001 5028
2 7361 5028 10001
2 16165 9951 12954
2 15617 9951 8352
2 2220 15617 7798
2 2220 15617 7798
2 647 16163 13792
2 5039 13792 2351
2 906 11819 4663
2 906 4663 14607
2 14607 4663 2827
2 14607 2827 636
2 14545 2827 4663
2 11819 14545 4663
2 11819 635 14545
2 635 1625 14545
2 1625 5674 14545
2 14545 5674 2827
2 2827 5674 11009
2 1625 14748 5674
2 1625 2165 14748
2 2165 10830 14748
2 2165 15840 10830
2 10830 15840 3174
2 14521 3174 15840
2 15840 12833 14521
2 14521 12833 2518
2 2518 13574 14521
2 14521 13574 15792
2 3174 14521 15792
2 12624 3174 15792
2 5445 12624 15792
2 5445 15792 12389
2 2776 5445 12389
2 2776 12389 624
2 2776 624 10763
2 2776 10763 1977
2 1977 9246 2776
2 9246 1979 2776
2 1979 5445 2776
2 1979 13279 5445
2 5445 13279 12624
2 13279 15800 12624
2 13279 14044 15800
2 14044 1070 15800
2 14016 1070 14044
2 14016 14044 13279
2 1979 14016 13279
2 8196 14016 1979
2 1979 10609 8196
2 3095 8196 10609
2 3095 10609 11564
2 3095 11564 16155
2 13950 3095 16155
2 16155 14710 13950
2 14710 6952 13950
2 889 6952 14710
2 889 14710 16629
2 16629 11694 889
2 11694 14930 889
2 12396 889 14930
2 14930 11747 12396
2 12396 11747 905
2 2223 12396 905
2 2223 905 11819
2 905 635 11819
2 905 2968 635
2 2968 12368 635
2 12368 1625 635
2 12368 2165 1625
2 2165 12368 11470
2 2165 11470 15840
2 11470 15856 15840
2 15840 15856 12833
2 12833 15856 16465
2 12833 16465 2518
2 2518 16465 12886
2 12886 14113 2518
2 2518 14113 1308
2 2518 1308 13574
2 12389 13574 1308
2 624 12389 1308
2 624 1308 7424
2 11552 624 7424
2 7424 10883 11552
2 10883 4658 11552
2 15796 11552 4658
2 8554 15796 4658
2 8554 4658 16084
2 10345 8554 16084
2 15847 10345 16084
2 15847 16084 15851
2 15847 15851 22
2 22 8 15847
2 15847 8 10345
2 8 13 10345
2 13 15606 10345
2 15796 10345 15606
2 2775 15796 15606
2 2775 15606 1067
2 2775 1067 13951
2 13951 1066 2775
2 2775 1066 11814
2 11814 15796 2775
2 11814 11552 15796
2 11552 11814 10763
2 10763 624 11552
2 10763 11814 1977
2 11420 1977 11814
2 1066 11420 11814
2 1066 16342 11420
2 16342 1977 11420
2 1977 16342 12629
2 1977 12629 593
2 9246 1977 593
2 1979 9246 593
2 593 10609 1979
2 593 3897 10609
2 11564 10609 3897
2 11564 3897 3800
2 3800 16155 11564
2 16155 3800 10159
2 16155 10159 16629
2 14710 16155 16629
2 16629 10159 16174
2 16629 16174 11694
2 1930 11694 16174
2 1930 16174 8326
2 1930 8326 11968
2 1972 1930 11968
2 1972 11968 13584
2 903 1972 13584
2 903 13584 14194
2 12566 903 14194
2 16092 12566 14194
2 16092 14194 2222
2 7737 16092 2222
2 16093 7737 2222
2 16093 2222 788
2 16093 788 10327
2 3059 16093 10327
2 3059 10327 11891
2 11891 11684 3059
2 2830 3059 11684
2 2830 11684 11956
2 11956 2917 2830
2 2830 2917 10557
2 2830 10557 3059
2 15398 3059 10557
2 15398 10557 15967
2 15967 16520 15398
2 16520 16092 15398
2 16092 7737 15398
2 15398 7737 16093
2 16093 3059 15398
2 16520 12566 16092
2 16520 903 12566
2 16520 11952 903
2 11952 634 903
2 634 14111 903
2 1972 903 14111
2 1972 14111 904
2 904 14405 1972
2 1930 1972 14405
2 1930 14405 11694
2 14405 14930 11694
2 904 14930 14405
2 904 11747 14930
2 11747 904 2968
2 905 11747 2968
2 2968 904 634
2 2968 634 2162
2 12368 2968 2162
2 12368 2162 11470
2 11470 2162 15856
2 15856 2162 1627
2 1627 15852 15856
2 16465 15856 15852
2 12886 16465 15852
2 15848 12886 15852
2 15852 2161 15848
2 2161 2673 15848
2 4658 15848 2673
2 4658 2673 16084
2 2673 2917 16084
2 2917 15851 16084
2 15851 2917 11956
2 15851 11956 32
2 22 15851 32
2 32 47 22
2 22 47 8
2 47 13 8
2 13 47 26
2 1067 13 26
2 1067 26 1978
2 1978 13951 1067
2 1978 591 13951
2 13951 591 16343
2 13951 16343 6216
2 13951 6216 1066
2 1066 6216 16342
2 15504 16342 6216
2 7875 15504 6216
2 3899 7875 6216
2 3899 6216 16343
2 3899 16343 591
2 894 3899 591
2 591 893 894
2 894 893 3896
2 3797 894 3896
2 3797 3896 68
2 3797 68 80
2 80 16149 3797
2 3797 16149 3799
2 3797 3799 894
2 894 3799 3899
2 10008 3899 3799
2 10008 3799 16441
2 4075 10008 16441
2 16441 16150 4075
2 4075 16150 11869
2 4075 11869 11618
2 4075 11618 15504
2 15504 7875 4075
2 7875 3899 4075
2 4075 3899 10008
2 11618 4071 15504
2 15504 4071 11606
2 15504 11606 16342
2 11606 12629 16342
2 11606 593 12629
2 593 11606 3897
2 3897 11606 4071
2 3897 4071 3800
2 4071 16145 3800
2 10159 3800 16145
2 10159 16145 16174
2 16145 8326 16174
2 16145 11869 8326
2 11869 15139 8326
2 11968 8326 15139
2 11968 15139 14194
2 13584 11968 14194
2 4777 14194 15139
2 4777 15139 7854
2 16441 4777 7854
2 16441 7854 16150
2 16150 7854 11869
2 11869 7854 15139
2 4777 16441 14210
2 2222 4777 14210
2 2222 14210 788
2 788 14210 87
2 77 788 87
2 77 87 47
2 69 77 47
2 57 69 47
2 47 42 57
2 57 42 11684
2 57 11684 11891
2 11891 69 57
2 11891 10327 69
2 69 10327 77
2 10327 788 77
2 11956 11684 42
2 11956 42 32
2 42 47 32
2 42 47 32
2 11891 69 57
2 69 10327 77
2 47 87 90
2 90 80 47
2 80 68 47
2 68 60 47
2 53 47 60
2 60 893 53
2 1978 53 893
2 1978 893 591
2 1978 38 53
2 38 47 53
2 26 47 38
2 1978 26 38
2 1978 26 38
2 893 60 3896
2 3896 60 68
2 38 47 53
2 3896 60 68
2 90 16149 80
2 90 7958 16149
2 7958 16441 16149
2 16441 3799 16149
2 7958 14210 16441
2 90 14210 7958
2 90 87 14210
2 90 14210 7958
2 90 87 14210
2 10327 788 77
2 90 87 14210
2 14194 4777 2222
2 7958 14210 16441
2 11869 7854 15139
2 14194 4777 2222
2 11869 7854 15139
2 11869 16145 4071
2 11618 11869 4071
2 11869 16145 4071
2 3897 11606 4071
2 11618 11869 4071
2 11618 11869 4071
2 16150 7854 11869
2 16441 7854 16150
2 4075 3899 10008
2 16441 3799 16149
2 4075 3899 10008
2 16441 3799 16149
2 90 16149 80
2 80 68 47
2 3896 60 68
2 3797 3799 894
2 893 60 3896
2 1978 893 591
2 894 3799 3899
2 7875 3899 4075
2 15504 7875 4075
2 15504 11606 16342
2 3899 6216 16343
2 3899 16343 591
2 1978 893 591
2 1978 26 38
2 15606 13 1067
2 26 47 38
2 42 47 32
2 11956 42 32
2 9707 2917 2673
2 2161 9707 2673
2 15967 9707 2161
2 2161 2455 15967
2 2455 16520 15967
2 11952 16520 2455
2 1627 11952 2455
2 1627 2455 2161
2 15852 1627 2161
2 1627 634 11952
2 634 1627 2162
2 1627 2455 2161
2 15967 2917 9707
2 10557 2917 15967
2 15967 2917 9707
2 10883 15848 4658
2 7424 15848 10883
2 7424 12886 15848
2 12886 7424 14113
2 14113 7424 1308
2 2161 9707 2673
2 15852 1627 2161
2 7424 12886 15848
2 15852 1627 2161
2 634 1627 2162
2 634 1627 2162
2 634 904 14111
2 904 14930 14405
2 634 904 14111
2 634 904 14111
2 1627 634 11952
2 11952 16520 2455
2 2455 16520 15967
2 10557 2917 15967
2 16093 3059 15398
2 10557 2917 15967
2 15851 2917 11956
2 11956 11684 42
2 2830 10557 3059
2 57 11684 11891
2 11891 10327 69
2 16093 3059 15398
2 10327 788 77
2 2222 14210 788
2 15398 7737 16093
2 16092 7737 15398
2 14194 4777 2222
2 16520 12566 16092
2 16520 903 12566
2 13584 11968 14194
2 1972 903 14111
2 13584 11968 14194
2 1930 1972 14405
2 11968 8326 15139
2 16145 8326 16174
2 1930 14405 11694
2 10159 16145 16174
2 10159 3800 16145
2 3897 4071 3800
2 593 11606 3897
2 11606 593 12629
2 11606 12629 16342
2 1066 6216 16342
2 16342 1977 11420
2 1066 11420 11814
2 13951 6216 1066
2 1978 13951 1067
2 15606 13 1067
2 11814 15796 2775
2 10345 15796 8554
2 15606 13 1067
2 47 13 8
2 22 47 8
2 22 15851 32
2 2917 15851 16084
2 15847 8 10345
2 10345 15796 8554
2 4658 2673 16084
2 10345 15796 8554
2 11814 11552 15796
2 10883 15848 4658
2 7424 15848 10883
2 10763 624 11552
2 14113 7424 1308
2 12389 15792 13574
2 14113 7424 1308
2 12886 7424 14113
2 12886 16465 15852
2 16465 15856 15852
2 11470 2162 15856
2 12368 2162 11470
2 12368 2968 2162
2 905 11747 2968
2 2223 9991 12396
2 12396 9991 889
2 889 9991 6952
2 6952 9991 14597
2 14597 7640 6952
2 905 11747 2968
2 904 11747 14930
2 12396 9991 889
2 14405 14930 11694
2 16629 16174 11694
2 14710 16155 16629
2 889 9991 6952
2 14710 16155 16629
2 3800 16155 11564
2 11564 10609 3897
2 3095 12037 8196
2 593 10609 1979
2 8196 13431 14016
2 13431 1070 14016
2 13431 1070 14016
2 14016 14044 13279
2 1979 14016 13279
2 1979 9246 593
2 9246 1977 593
2 10763 11814 1977
2 10763 624 11552
2 624 12389 1308
2 1979 5445 2776
2 12389 15792 13574
2 5445 13279 12624
2 12389 15792 13574
2 2518 1308 13574
2 12833 16465 2518
2 15840 15856 12833
2 3174 14521 15792
2 2165 11470 15840
2 12368 2165 1625
2 12368 1625 635
2 905 635 11819
2 14545 5674 2827
2 11819 14545 4663
2 2223 905 11819
2 2219 5039 10101
2 2223 9991 12396
2 6952 9991 14597
2 5039 13792 2351
2 14597 7640 6952
2 16163 16138 2351
2 14597 7640 6952
2 14710 6952 13950
2 13950 3095 16155
2 3095 12037 8196
2 545 7640 3898
2 3898 12518 3798
2 3095 12037 8196
2 8196 13431 14016
2 13431 1070 14016
2 11961 15798 13908
2 595 6606 16561
2 1975 1071 10077
2 595 6606 16561
2 1975 13431 1427
2 1427 12037 3798
2 12518 3093 3798
2 595 6606 16561
2 1071 6606 11961
2 11961 15798 13908
2 1072 15803 15018
2 1072 9853 15803
2 1072 15804 9853
2 15783 2510 2517
2 15804 15783 2516
2 2516 16466 14615
2 5878 9853 2516
2 5878 14498 15803
2 14498 15798 15803
2 11961 15798 13908
2 1071 13908 15794
2 15794 13677 1071
2 3170 13677 14625
2 2915 3170 14625
2 2915 3170 14625
2 2915 3170 14625
2 3170 13677 14625
2 10077 1071 13677
2 1070 1975 10077
2 14044 1070 15800
2 12901 15799 3170
2 3176 12901 15842
2 13279 15800 12624
2 12624 3174 15792
2 10830 15840 3174
2 3176 12901 15842
2 2165 10830 14748
2 1625 14748 5674
2 3170 14001 15842
2 2827 5674 11009
2 14001 2915 2163
2 2827 5674 11009
2 14607 2827 636
2 13903 2163 14529
2 15503 13903 14529
2 15503 16075 636
2 14607 2827 636
2 906 4663 14607
2 10101 906 2219
2 2219 2220 647
2 3058 636 10886
2 15617 2220 7477
2 9840 7477 14636
2 3524 10886 16075
2 3524 16090 8625
2 9840 7477 14636
2 9840 12954 9951
2 9115 12954 10001
2 7361 5028 10001
2 16098 14636 8625
2 3524 16090 8625
2 16090 9903 9336
2 7361 5028 10001
2 9115 10001 5028
2 16165 9115 9715
2 16165 9115 9715
2 6920 8352 16165
2 6920 10582 8352
2 647 10582 16163
2 16163 16138 2351
2 16138 3093 12518
2 8274 1974 3093
2 3094 6920 10040
2 8274 1974 3093
2 1974 1980 6606
2 1980 10331 1072
2 598 10331 13653
2 1980 10331 1072
2 1072 15804 9853
2 15804 2510 15783
2 14285 2517 2510
2 15650 2517 14285
2 2519 3173 15650
2 10841 2181 12297
2 2519 3167 3173
2 1177 3167 13972
2 2169 2181 10841
2 1177 3167 13972
2 13556 3167 1177
2 3173 3167 13556
2 3172 2517 3173
2 2920 10591 14664
2 3172 16466 15783
2 2920 10591 14664
2 16466 15849 14615
2 14615 15849 3180
2 3180 3169 5878
2 3169 16447 14498
2 16447 13022 13908
2 2514 15794 13022
2 2915 2514 14529
2 15503 13903 14529
2 2916 13022 9742
2 16075 15503 10357
2 2164 9742 3169
2 10357 9087 16075
2 3525 9087 637
2 3169 13963 2164
2 3169 5918 13963
2 15849 2168 5918
2 5918 14258 637
2 3525 9087 637
2 16090 3525 9903
2 639 638 2168
2 10519 15807 639
2 1774 1776 7332
2 9311 15807 1774
2 907 15807 9311
2 907 9903 639
2 16090 9903 9336
2 7563 5028 9336
2 13499 16454 907
2 16096 13499 907
2 16141 11317 239
2 892 10530 16454
2 10530 7563 16454
2 5028 7563 11840
2 408 9715 11840
2 10040 16165 408
2 10040 8773 8274
2 8773 15102 1974
2 13653 1980 15102
2 3097 598 13653
2 8773 1454 6845
2 408 16442 1454
2 11317 16442 10530
2 16141 11317 239
2 3097 6845 3801
2 3097 12712 598
2 1981 8208 3122
2 3122 12832 1981
2 1981 12832 8192
2 1981 8192 10467
2 3900 8192 12832
2 1976 598 12712
2 9977 1072 1976
2 1073 2510 9977
2 1981 8208 3122
2 15650 1073 14609
2 1981 8192 10467
2 11815 15650 14609
2 2519 11815 2511
2 14609 10467 13760
2 1981 8192 10467
2 3900 8192 12832
2 13387 2777 8192
2 10467 2777 1074
2 2511 13760 1074
2 12297 2511 2515
2 2515 14295 2175
2 14295 2520 2507
2 1074 1068 7874
2 14295 2520 2507
2 2175 2507 162
2 181 609 12197
2 2175 2507 162
2 10841 2175 8226
2 10841 8226 2169
2 13972 2169 13984
2 1675 13972 13984
2 14408 1177 1675
2 2920 13556 14408
2 2920 10591 14664
2 2168 15849 10591
2 639 638 2168
2 10519 15807 639
2 15700 13377 2920
2 10519 15807 639
2 12686 1774 15807
2 640 15700 14408
2 12686 1776 1774
2 6094 640 13984
2 11990 16452 1776
2 2169 641 6094
2 16452 11990 1777
2 13745 117 102
2 13745 102 9242
2 9242 3817 13745
2 13745 3817 11448
2 117 13745 11448
2 11448 138 117
2 6097 138 11448
2 9361 6097 11448
2 11448 3817 9361
2 9361 3817 13294
2 13294 5648 9361
2 1124 9361 5648
2 1124 5648 8592
2 8128 1124 8592
2 164 8128 8592
2 164 8592 140
2 164 140 189
2 164 189 182
2 164 182 8128
2 13313 8128 182
2 13313 182 13583
2 383 13313 13583
2 383 13583 1665
2 12476 383 1665
2 14202 12476 1665
2 14202 1665 3919
2 2889 14202 3919
2 2889 3919 15463
2 2889 15463 12314
2 12314 15463 3165
2 12314 3165 1787
2 12314 1787 10650
2 12314 10650 11687
2 10650 9321 11687
2 11687 9321 10699
2 10699 9321 14993
2 14993 9321 2675
2 15397 14993 2675
2 213 15397 2675
2 2675 243 213
2 189 213 243
2 243 268 189
2 268 292 189
2 292 270 189
2 189 270 244
2 244 220 189
2 189 220 199
2 182 189 199
2 13583 182 199
2 13583 199 220
2 13361 13583 220
2 220 244 13361
2 13361 244 15463
2 15463 3919 13361
2 3919 13583 13361
2 3919 1665 13583
2 15463 244 3165
2 3165 244 270
2 3165 270 1787
2 1787 270 292
2 1787 292 268
2 268 9321 1787
2 1787 9321 10650
2 268 2675 9321
2 268 243 2675
2 3919 13583 13361
2 13583 199 220
2 220 244 13361
2 3165 244 270
2 1787 270 292
2 1787 292 268
2 268 243 2675
2 191 213 189
2 175 191 189
2 175 189 149
2 149 1154 175
2 175 1154 4404
2 175 4404 191
2 4404 15397 191
2 15397 213 191
2 9402 15397 4404
2 12150 9402 4404
2 4404 1154 12150
2 1153 9402 12150
2 9402 1153 10036
2 2825 9402 10036
2 11886 9402 2825
2 2825 14993 11886
2 11886 14993 15397
2 15397 9402 11886
2 15397 9402 11886
2 15397 9402 11886
2 4404 1154 12150
2 3296 1154 149
2 149 2781 3296
2 3296 2781 3384
2 12446 3384 2781
2 2781 10598 12446
2 3818 12446 10598
2 3818 10598 99
2 3818 99 108
2 140 3818 108
2 140 108 189
2 99 189 108
2 123 189 99
2 2781 123 99
2 2781 99 10598
2 123 2781 149
2 123 149 189
2 123 149 189
2 3818 140 5648
2 3818 5648 13294
2 3818 13294 12446
2 13294 3817 12446
2 3817 9242 12446
2 3384 12446 9242
2 3384 9242 12318
2 12318 9242 102
2 8592 5648 140
2 99 189 108
2 2781 99 10598
2 3818 13294 12446
2 2781 99 10598
2 3384 12446 9242
2 123 2781 149
2 123 149 189
2 175 4404 191
2 15397 213 191
2 268 243 2675
2 15397 213 191
2 11886 14993 15397
2 268 2675 9321
2 1787 9321 10650
2 1787 9321 10650
2 3165 270 1787
2 15463 244 3165
2 15463 3919 13361
2 1357 14202 2889
2 1357 2889 13444
2 13444 11617 1357
2 11617 1355 1357
2 12476 1357 1355
2 1355 13314 12476
2 13314 383 12476
2 13314 1124 383
2 1124 8128 383
2 383 8128 13313
2 1355 1124 13314
2 1124 1355 6097
2 9361 1124 6097
2 12825 6097 1355
2 12825 1355 11617
2 12825 159 6097
2 159 138 6097
2 138 159 7431
2 159 12825 177
2 1355 1124 13314
2 1357 12476 14202
2 12825 1355 11617
2 247 11617 13444
2 13444 271 247
2 1357 12476 14202
2 3919 1665 13583
2 1357 12476 14202
2 13314 383 12476
2 3919 1665 13583
2 383 8128 13313
2 13583 182 199
2 383 8128 13313
2 182 189 199
2 140 108 189
2 8592 5648 140
2 164 182 8128
2 1124 8128 383
2 8592 5648 140
2 9361 1124 6097
2 3818 5648 13294
2 13294 3817 12446
2 9361 1124 6097
2 159 138 6097
2 11448 3817 9361
2 3817 9242 12446
2 12318 9242 102
2 117 13745 11448
2 641 8226 126
2 12318 9242 102
2 11569 126 162
2 3384 9242 12318
2 3296 2781 3384
2 3296 1154 149
2 4404 1154 12150
2 1153 9402 12150
2 12318 11569 9072
2 11569 162 12197
2 181 609 12197
2 9402 1153 10036
2 2825 9402 10036
2 2825 14993 11886
2 10699 9321 14993
2 11687 9321 10699
2 12314 10650 11687
2 2889 15463 12314
2 1357 2889 13444
2 13444 271 247
2 13790 14355 290
2 13444 271 247
2 16231 247 11472
2 16231 11472 3250
2 3250 11472 16274
2 3250 16274 4966
2 5494 3250 4966
2 16228 5494 4966
2 4966 16272 16228
2 16228 15117 5494
2 3844 5494 15117
2 3844 15117 9456
2 3046 3844 9456
2 3046 9456 13352
2 13352 9456 14108
2 9456 15117 12353
2 12353 15117 16228
2 5494 3844 13020
2 12353 15117 16228
2 3250 11472 16274
2 3250 16274 4966
2 14747 1813 14875
2 14747 14875 14305
2 14875 3831 14305
2 4966 16272 16228
2 14747 14875 14305
2 14875 3831 14305
2 1529 14747 1530
2 2086 9984 11414
2 9555 9984 2089
2 16272 14747 1529
2 4966 16272 16228
2 12353 15117 16228
2 12714 16272 9555
2 9555 9984 2089
2 2089 16273 12918
2 12353 12714 16247
2 9456 15117 12353
2 13352 9456 14108
2 15140 14108 3047
2 3047 3575 15140
2 1190 15140 3575
2 1190 3575 1406
2 4083 1190 1406
2 1190 4083 16610
2 15140 1190 16610
2 16610 4083 14147
2 16610 14147 4077
2 6183 1406 3575
2 3575 3207 6183
2 6183 3207 1712
2 1712 1406 6183
2 1712 1574 1406
2 1574 1712 13658
2 13658 13676 1574
2 1574 13676 4082
2 11970 1574 4082
2 13676 1407 4082
2 13658 1407 13676
2 1407 13658 15394
2 1407 15394 1713
2 1713 1408 1407
2 1713 1714 1408
2 1714 1191 1408
2 1714 1402 1191
2 1191 1402 9309
2 9309 4589 1191
2 8801 4589 9309
2 14865 8801 9309
2 14865 9309 15652
2 15652 13859 14865
2 14865 13859 9774
2 9224 14865 9774
2 9774 8062 9224
2 8062 14735 9224
2 9224 14735 11187
2 11187 14865 9224
2 8801 14865 11187
2 8801 11187 9625
2 4589 8801 9625
2 9625 11187 1114
2 11187 10176 1114
2 1114 10176 2663
2 2663 13197 1114
2 2663 1112 13197
2 13197 1112 5213
2 2663 12146 1112
2 12146 1260 1112
2 1112 1260 10707
2 10707 1260 11864
2 10707 11864 14781
2 14781 11864 5747
2 14781 5747 1111
2 5747 11864 3268
2 11864 14303 3268
2 14303 13671 3268
2 13671 16265 3268
2 3268 16265 9357
2 11577 3268 9357
2 2427 11577 9357
2 2427 9357 3260
2 3260 9357 3833
2 3260 3833 10835
2 9357 16265 3833
2 9357 16265 3833
2 3269 13671 14303
2 11864 3269 14303
2 3269 11864 1260
2 3270 3269 1260
2 3270 1260 12146
2 3270 12146 2663
2 13346 3270 2663
2 10176 13346 2663
2 10176 3259 13346
2 3259 16252 13346
2 13346 16252 3270
2 3270 16252 14569
2 14569 16252 16262
2 14569 16262 12930
2 12930 16262 16140
2 15366 12930 16140
2 12053 15366 16140
2 13592 12053 16140
2 16140 13602 13592
2 13592 13602 16266
2 3837 13592 16266
2 3837 16266 16267
2 16267 3838 3837
2 3837 3838 3839
2 13592 3837 3839
2 13592 3839 12053
2 12053 3839 12713
2 16221 12053 12713
2 12713 16271 16221
2 16271 2092 16221
2 16221 2092 14177
2 15366 16221 14177
2 15366 12053 16221
2 2092 16271 16244
2 16244 16271 16234
2 16244 16234 5902
2 16234 5426 5902
2 5426 3041 5902
2 3579 5902 3041
2 3579 3041 1714
2 3579 1714 1713
2 1713 11820 3579
2 3845 3579 11820
2 3845 11820 10529
2 11820 3211 10529
2 10529 3211 3539
2 3539 3211 7489
2 3539 7489 3040
2 3040 7489 3207
2 7489 1712 3207
2 13658 1712 7489
2 3211 13658 7489
2 15394 13658 3211
2 11820 15394 3211
2 1713 15394 11820
2 3211 13658 7489
2 11820 15394 3211
2 5902 3579 3845
2 1713 15394 11820
2 3041 3576 1714
2 1402 1714 3576
2 3576 10903 1402
2 1402 10903 9309
2 9309 10903 15652
2 15652 10903 14013
2 7631 15652 14013
2 9987 7631 14013
2 9987 14013 14349
2 9987 14349 1718
2 1403 9987 1718
2 1403 1718 9024
2 1403 9024 10170
2 10305 1403 10170
2 4080 10305 10170
2 4080 10170 1185
2 14188 4080 1185
2 1185 11276 14188
2 16195 14188 11276
2 16195 11276 12262
2 12262 10284 16195
2 10284 5144 16195
2 16195 5144 14617
2 16195 14617 16318
2 16318 14188 16195
2 16318 4080 14188
2 16318 10204 4080
2 10204 16368 4080
2 16368 10305 4080
2 10338 10305 16368
2 10338 16368 13855
2 10338 13855 2422
2 7930 10338 2422
2 7930 2422 7864
2 16312 7930 7864
2 16312 7864 7635
2 16312 7635 13859
2 7631 16312 13859
2 7631 13859 15652
2 9987 16312 7631
2 7930 16312 9987
2 10338 7930 9987
2 10338 9987 1403
2 10305 10338 1403
2 13859 7635 9467
2 13859 9467 9774
2 9774 9467 10785
2 9774 10785 8062
2 8856 8062 10785
2 1262 8856 10785
2 1262 10785 9509
2 10365 1262 9509
2 1115 10365 9509
2 7635 1115 9509
2 7635 9509 9467
2 9467 9509 10785
2 1115 7635 7864
2 10173 1115 7864
2 10173 7864 2422
2 13855 10173 2422
2 4192 10173 13855
2 4192 13855 13307
2 4192 13307 16611
2 4192 16611 6064
2 4192 6064 11649
2 4192 11649 2571
2 2571 10173 4192
2 2571 10365 10173
2 10365 1115 10173
2 2571 11635 10365
2 10365 11635 3273
2 1262 10365 3273
2 7410 1262 3273
2 7410 3273 16270
2 16267 7410 16270
2 16270 3838 16267
2 16270 3829 3838
2 3838 3829 11947
2 3838 11947 3839
2 1535 3839 11947
2 1535 11947 1808
2 1535 1808 10263
2 13652 1535 10263
2 2097 13652 10263
2 2097 10263 8781
2 2097 8781 2096
2 14620 2097 2096
2 16275 14620 2096
2 2096 2093 16275
2 2093 16226 16275
2 16275 16226 4356
2 4356 14039 16275
2 14039 14620 16275
2 14039 3842 14620
2 14620 3842 5652
2 5652 2097 14620
2 2097 5652 10261
2 2097 10261 13652
2 10261 14421 13652
2 14421 5649 13652
2 13652 5649 581
2 1535 13652 581
2 1535 581 12713
2 12713 3839 1535
2 12713 581 16271
2 16234 16271 581
2 581 5649 16234
2 5426 16234 5649
2 3843 5426 5649
2 3042 3843 5649
2 3042 5649 14421
2 3042 14421 10261
2 8293 3042 10261
2 8293 10261 5652
2 3842 8293 5652
2 3842 3216 8293
2 8293 3216 10087
2 8293 10087 3042
2 10087 7949 3042
2 7949 3048 3042
2 3048 3843 3042
2 3048 14422 3843
2 14422 5426 3843
2 3041 5426 14422
2 3041 14422 3576
2 14422 14328 3576
2 14328 10903 3576
2 1884 10903 14328
2 14328 3048 1884
2 1884 3048 7949
2 1884 7949 14922
2 14922 14013 1884
2 10903 1884 14013
2 14349 14013 14922
2 8614 14349 14922
2 8614 14922 3216
2 1718 8614 3216
2 7582 1718 3216
2 3842 7582 3216
2 3842 14039 7582
2 7582 14039 10505
2 10505 1718 7582
2 9024 1718 10505
2 3213 9024 10505
2 3846 3213 10505
2 14039 3846 10505
2 14039 4356 3846
2 3538 3846 4356
2 12497 3538 4356
2 4356 15069 12497
2 12497 15069 8749
2 8749 3841 12497
2 11492 12497 3841
2 3044 11492 3841
2 11442 3044 3841
2 3841 3577 11442
2 11442 3577 13344
2 13344 12262 11442
2 11442 12262 3044
2 3044 12262 8971
2 3044 8971 8198
2 3538 3044 8198
2 3538 8198 3213
2 3213 3846 3538
2 8198 1719 3213
2 3213 1719 9024
2 10170 9024 1719
2 10170 1719 1185
2 1719 8971 1185
2 8971 11276 1185
2 8971 12262 11276
2 8971 1719 8198
2 8971 1719 8198
2 3044 3538 11492
2 3538 12497 11492
2 8971 1719 8198
2 8971 12262 11276
2 12262 13344 10284
2 13344 1187 10284
2 4079 10284 1187
2 4079 1187 8955
2 8955 323 4079
2 323 2424 4079
2 2424 14788 4079
2 4079 14788 14480
2 10284 4079 14480
2 10284 14480 5144
2 14480 5907 5144
2 5144 5907 14232
2 5144 14232 14617
2 14617 14232 2658
2 2658 16318 14617
2 2658 10204 16318
2 2658 13307 10204
2 10204 13307 16368
2 16368 13307 13855
2 13307 2658 16611
2 2658 10982 16611
2 16611 10982 16458
2 6064 16611 16458
2 4384 6064 16458
2 14514 4384 16458
2 10982 14514 16458
2 1107 14514 10982
2 1107 10982 5907
2 14788 1107 5907
2 14480 14788 5907
2 2424 1107 14788
2 11119 1107 2424
2 303 11119 2424
2 303 2424 313
2 11603 303 313
2 323 11603 313
2 313 2424 323
2 323 11174 11603
2 11603 11174 11124
2 11603 11124 9493
2 11603 9493 11857
2 11603 11857 297
2 303 11603 297
2 297 9851 303
2 9851 11119 303
2 9851 1107 11119
2 14514 1107 9851
2 14514 9851 13359
2 3265 14514 13359
2 3265 13359 11554
2 3265 11554 1092
2 3265 1092 4384
2 14514 3265 4384
2 15197 4384 1092
2 1092 1247 15197
2 1247 8988 15197
2 8988 16269 15197
2 11649 15197 16269
2 11649 16269 11635
2 2571 11649 11635
2 11635 16269 16270
2 3273 11635 16270
2 3829 16270 16269
2 3829 16269 8988
2 3829 8988 2087
2 3829 2087 2085
2 2085 11947 3829
2 1808 11947 2085
2 2085 13548 1808
2 8781 1808 13548
2 2096 8781 13548
2 13548 2093 2096
2 13548 6808 2093
2 6808 1817 2093
2 2093 1817 11835
2 11835 16226 2093
2 2095 16226 11835
2 11835 1817 2095
2 1817 4712 2095
2 4712 1809 2095
2 2095 1809 10895
2 2095 10895 15069
2 2095 15069 16226
2 4356 16226 15069
2 10895 16225 15069
2 15069 16225 8749
2 8749 16225 12765
2 8749 12765 13418
2 3841 8749 13418
2 3841 13418 14205
2 14205 3577 3841
2 3577 14205 363
2 9909 3577 363
2 353 9909 363
2 353 363 11174
2 344 353 11174
2 344 11174 323
2 344 323 8955
2 8955 353 344
2 9909 353 8955
2 1170 9909 8955
2 1170 8955 1187
2 13344 1170 1187
2 13344 3577 1170
2 1170 3577 9909
2 1170 3577 9909
2 8955 353 344
2 11174 363 11124
2 373 11124 363
2 14205 373 363
2 373 14205 374
2 374 11124 373
2 374 364 11124
2 9493 11124 364
2 356 9493 364
2 356 364 1811
2 1249 356 1811
2 1249 1811 1809
2 1809 8511 1249
2 1249 8511 3840
2 7079 1249 3840
2 755 7079 3840
2 11554 755 3840
2 1092 11554 3840
2 1247 1092 3840
2 3840 1248 1247
2 1247 1248 13336
2 8988 1247 13336
2 13336 2087 8988
2 13336 6808 2087
2 2087 6808 13548
2 2087 13548 2085
2 1817 6808 13336
2 1248 1817 13336
2 1248 4712 1817
2 1248 8511 4712
2 4712 8511 1809
2 8511 1248 3840
2 1248 1817 13336
2 8511 1248 3840
2 11554 13359 755
2 13359 9851 755
2 9851 297 755
2 305 755 297
2 297 11857 305
2 305 11857 314
2 305 314 755
2 755 314 324
2 755 324 7079
2 7079 324 1249
2 324 336 1249
2 1249 336 346
2 1249 346 356
2 346 9493 356
2 336 9493 346
2 9493 336 324
2 324 11857 9493
2 324 314 11857
2 336 9493 346
2 9493 336 324
2 324 314 11857
2 324 314 11857
2 305 314 755
2 755 324 7079
2 7079 324 1249
2 8511 1248 3840
2 4712 8511 1809
2 1811 16225 1809
2 10895 1809 16225
2 1811 12765 16225
2 1811 364 12765
2 9809 12765 364
2 374 9809 364
2 14205 9809 374
2 13418 9809 14205
2 13418 12765 9809
2 13418 12765 9809
2 1249 346 356
2 1811 364 12765
2 346 9493 356
2 374 9809 364
2 14205 9809 374
2 374 11124 373
2 9909 353 8955
2 1170 3577 9909
2 14205 373 363
2 13418 9809 14205
2 13418 12765 9809
2 1811 12765 16225
2 10895 1809 16225
2 10895 1809 16225
2 4712 8511 1809
2 1248 4712 1817
2 2095 15069 16226
2 11835 1817 2095
2 1817 6808 13336
2 2087 6808 13548
2 10263 1808 8781
2 2087 13548 2085
2 2087 13548 2085
2 13336 2087 8988
2 15197 11649 9714
2 15197 9714 4384
2 4384 9714 6064
2 9714 11649 6064
2 9714 11649 6064
2 3829 16269 8988
2 8988 1247 13336
2 1247 1092 3840
2 15197 9714 4384
2 1092 11554 3840
2 11554 13359 755
2 14514 3265 4384
2 13359 9851 755
2 9851 297 755
2 297 11857 305
2 324 11857 9493
2 9493 11124 364
2 11174 363 11124
2 344 11174 323
2 303 11603 297
2 313 2424 323
2 9851 11119 303
2 9851 1107 11119
2 10982 14232 5907
2 10982 2658 14232
2 14514 1107 9851
2 14514 3265 4384
2 4384 9714 6064
2 10982 14514 16458
2 10982 2658 14232
2 10982 2658 14232
2 10982 14232 5907
2 14480 14788 5907
2 14480 14788 5907
2 2424 1107 14788
2 313 2424 323
2 344 323 8955
2 1170 8955 1187
2 10284 4079 14480
2 13344 1170 1187
2 13344 3577 1170
2 14205 3577 3841
2 11442 12262 3044
2 3044 3538 11492
2 3538 12497 11492
2 3841 8749 13418
2 15069 16225 8749
2 4356 16226 15069
2 3538 12497 11492
2 3213 3846 3538
2 3213 3846 3538
2 3213 1719 9024
2 14039 3846 10505
2 10505 1718 7582
2 1718 14349 8614
2 14922 10087 3216
2 14922 7949 10087
2 1718 14349 8614
2 14922 7949 10087
2 14422 3048 14328
2 10903 1884 14013
2 14422 3048 14328
2 14422 3048 14328
2 1884 3048 7949
2 14922 7949 10087
2 14922 10087 3216
2 3842 7582 3216
2 8293 10087 3042
2 3048 3843 3042
2 14422 5426 3843
2 581 5649 16234
2 3042 5649 14421
2 3042 14421 10261
2 8293 10261 5652
2 3842 8293 5652
2 3842 14039 7582
2 14039 4356 3846
2 4356 16226 15069
2 11835 16226 2093
2 13548 2093 2096
2 14039 14620 16275
2 5652 2097 14620
2 2096 8781 13548
2 10263 1808 8781
2 2097 10261 13652
2 1535 13652 581
2 10263 1808 8781
2 1808 11947 2085
2 12713 3839 1535
2 2085 11947 3829
2 3829 16270 16269
2 2589 7410 16267
2 2589 16267 16266
2 10360 2589 16266
2 16470 10360 16266
2 13602 16470 16266
2 16262 16470 13602
2 16140 16262 13602
2 16252 16470 16262
2 3259 16470 16252
2 16470 3259 7177
2 16470 7177 10360
2 7177 7842 10360
2 2589 10360 7842
2 2589 7842 8856
2 2589 8856 7410
2 7410 8856 1262
2 8856 7842 8062
2 7842 14735 8062
2 7177 14735 7842
2 14735 7177 10176
2 11187 14735 10176
2 7177 3259 10176
2 7177 14735 7842
2 7177 3259 10176
2 16470 7177 10360
2 2589 10360 7842
2 2589 8856 7410
2 3273 11635 16270
2 7410 8856 1262
2 3273 11635 16270
2 2571 11649 11635
2 2571 11649 11635
2 9714 11649 6064
2 6064 16611 16458
2 13307 2658 16611
2 16368 13307 13855
2 2571 10173 4192
2 10365 1115 10173
2 10365 1115 10173
2 1262 10365 3273
2 9467 9509 10785
2 7410 8856 1262
2 8856 7842 8062
2 9467 9509 10785
2 7635 9509 9467
2 1115 7635 7864
2 7930 16312 9987
2 10173 7864 2422
2 10338 7930 9987
2 13855 10173 2422
2 16368 13307 13855
2 10305 10338 1403
2 10204 13307 16368
2 2658 10204 16318
2 2658 16318 14617
2 5144 14232 14617
2 10284 14480 5144
2 12262 13344 10284
2 8971 12262 11276
2 16318 14188 16195
2 8971 11276 1185
2 16318 4080 14188
2 10170 1719 1185
2 16368 10305 4080
2 10305 10338 1403
2 10170 9024 1719
2 9024 1718 10505
2 10338 9987 1403
2 1718 14349 8614
2 14349 14013 14922
2 9987 16312 7631
2 7631 13859 15652
2 10903 1884 14013
2 14328 10903 3576
2 3041 14422 3576
2 5902 3579 3845
2 3041 5426 14422
2 5426 16234 5649
2 16234 16271 581
2 12713 581 16271
2 15366 12053 16221
2 12713 3839 1535
2 3838 11947 3839
2 16270 3838 16267
2 2589 16267 16266
2 13592 3837 3839
2 13602 16470 16266
2 16140 16262 13602
2 13592 3839 12053
2 15366 12053 16221
2 16140 16262 13602
2 16252 16470 16262
2 3259 16470 16252
2 7177 3259 10176
2 13346 16252 3270
2 11864 3269 14303
2 3269 11864 1260
2 3270 1260 12146
2 3270 12146 2663
2 10176 13346 2663
2 11187 14735 10176
2 11187 14735 10176
2 7842 14735 8062
2 9774 10785 8062
2 11187 14865 9224
2 13859 9467 9774
2 7631 13859 15652
2 9309 10903 15652
2 8801 14865 11187
2 4589 8801 9625
2 1402 10903 9309
2 1402 1714 3576
2 3579 1714 1713
2 1713 15394 11820
2 15394 13658 3211
2 13658 1407 13676
2 13658 1712 7489
2 7489 1712 3207
2 3575 12546 3207
2 3575 3047 12546
2 1712 1406 6183
2 15140 1190 16610
2 3575 3047 12546
2 14108 15140 11464
2 3847 16247 14004
2 3575 3047 12546
2 3575 12546 3207
2 3040 7489 3207
2 7632 3047 14004
2 14004 16247 9724
2 16247 12918 9724
2 2089 16273 12918
2 7632 16246 3040
2 3539 7489 3040
2 11787 16250 13258
2 16250 11787 11656
2 5580 3040 8302
2 8302 16246 12527
2 12527 16246 16273
2 16273 11518 15621
2 16248 12527 10241
2 5580 16248 11787
2 16250 11787 11656
2 9332 2088 1533
2 12292 1533 2088
2 13321 12292 2088
2 12292 11468 1533
2 10241 15621 2090
2 7980 16437 15621
2 9332 2088 1533
2 13321 12292 2088
2 13321 12292 2088
2 12292 11468 1533
2 12292 11468 1533
2 11656 2090 1533
2 16250 11787 11656
2 8953 2091 14485
2 15126 3540 8953
2 11787 16250 13258
2 5580 13258 3539
2 10529 3211 3539
2 3845 11820 10529
2 15126 3540 8953
2 5902 3579 3845
2 16244 16234 5902
2 15126 3540 8953
2 8953 2091 14485
2 2092 16271 16244
2 11468 1815 14485
2 16221 2092 14177
2 15366 16221 14177
2 2084 1815 11468
2 15366 12930 16140
2 2084 12292 3835
2 14569 16262 12930
2 16264 3835 8876
2 3270 16252 14569
2 3270 3269 1260
2 16264 3835 8876
2 3269 13671 14303
2 13671 16265 3268
2 13321 3834 8876
2 9357 16265 3833
2 3834 2088 16437
2 7980 16437 15621
2 3260 3833 10835
2 2086 7980 1814
2 2086 11414 3832
2 3260 3833 10835
2 2427 9357 3260
2 1110 1009 13013
2 2427 1258 10978
2 2427 11577 9357
2 11577 3268 9357
2 5747 11864 3268
2 14781 5747 1111
2 10978 13013 2669
2 1110 1009 13013
2 15936 1009 16316
2 16316 1009 10940
2 16316 10940 1626
2 14781 5747 1111
2 10707 11864 14781
2 1112 1260 10707
2 13197 1112 5213
2 13197 1112 5213
2 2663 13197 1114
2 9625 11187 1114
2 4589 8801 9625
2 5213 1785 2420
2 9309 4589 1191
2 1714 1191 1408
2 11099 1785 5213
2 1713 1408 1407
2 13676 1407 4082
2 14040 11099 5213
2 2419 14040 10707
2 11970 1574 4082
2 2419 14781 15936
2 15936 1009 16316
2 16316 10940 1626
2 11970 1574 4082
2 1712 1574 1406
2 16316 10940 1626
2 4083 1190 1406
2 16316 1009 10940
2 1009 1110 2417
2 16610 4083 14147
2 16610 14147 4077
2 2417 1110 11662
2 14225 14378 11662
2 7917 14378 11104
2 4077 2417 7917
2 16610 14147 4077
2 15140 1190 16610
2 14108 15140 11464
2 14108 15140 11464
2 13352 9456 14108
2 3046 9456 13352
2 3046 3844 9456
2 5494 3844 13020
2 5494 3844 13020
2 5494 3250 4966
2 5611 3848 5453
2 16231 11472 3250
2 16231 247 11472
2 247 11617 13444
2 12825 1355 11617
2 159 12825 177
2 16492 185 166
2 16492 166 2754
2 16156 16492 2754
2 2754 13494 16156
2 13494 14213 16156
2 14213 1931 16156
2 16156 1931 886
2 16156 886 16492
2 16494 1931 14213
2 13494 16494 14213
2 16148 16494 13494
2 16148 13494 3092
2 13494 2754 3092
2 3092 2754 141
2 141 2754 166
2 141 166 7070
2 141 7070 8327
2 8327 7070 3556
2 8327 3556 719
2 13649 719 3556
2 16148 9230 16494
2 16494 9230 15384
2 15384 13287 16494
2 13287 1931 16494
2 1931 13287 16102
2 16102 13287 11039
2 13287 15384 11039
2 13287 15384 11039
2 13287 1931 16494
2 13494 16494 14213
2 13494 2754 3092
2 16156 886 16492
2 141 2754 166
2 16156 886 16492
2 159 12825 177
2 138 159 7431
2 16156 1931 886
2 1931 13287 16102
2 138 159 7431
2 11448 138 117
2 117 1777 641
2 16452 11990 1777
2 138 16102 11274
2 16102 13287 11039
2 7332 16452 16453
2 13287 15384 11039
2 1259 16453 11060
2 16494 9230 15384
2 1259 16453 11060
2 1774 1259 13780
2 9311 13780 16096
2 16096 12260 892
2 12260 239 892
2 1929 11060 16443
2 1929 12166 239
2 16141 11317 239
2 3097 16141 12676
2 3122 12712 12676
2 3122 12832 1981
2 3900 8192 12832
2 3900 3802 16444
2 1731 16141 8108
2 16443 8108 12166
2 11060 9230 16443
2 3900 3802 16444
2 16148 9230 16494
2 16148 13494 3092
2 16444 899 3900
2 600 13387 899
2 2777 600 11516
2 11516 1068 2777
2 2520 1068 151
2 169 151 2442
2 13672 14287 103
2 169 151 2442
2 169 181 2507
2 181 609 12197
2 227 2825 609
2 240 2825 227
2 13730 264 13546
2 3258 240 3274
2 240 12910 2825
2 14355 10699 12910
2 13790 14355 290
2 13730 264 13546
2 2936 2083 13730
2 7354 271 290
2 10126 16274 7354
2 1813 16274 10126
2 2936 14186 2083
2 14747 1813 14875
2 2936 7101 14186
2 14875 3831 14305
2 2936 16263 7101
2 16263 2025 16253
2 16253 2025 11647
2 3258 3274 11647
2 3274 16194 16193
2 16253 16199 12096
2 16253 12096 11479
2 16263 11479 16255
2 10150 16263 16255
2 10150 3831 16263
2 3831 11695 1530
2 11414 11695 3832
2 10658 3260 3832
2 3267 3260 10658
2 5037 16255 13515
2 16255 10872 13515
2 3267 1258 3260
2 1258 14225 11662
2 16255 1027 10872
2 14225 14378 11662
2 13922 13347 14378
2 1027 16255 16196
2 2668 16196 12096
2 13922 13347 14378
2 13347 4784 16315
2 2668 12096 13656
2 1108 13656 2667
2 13347 4784 16315
2 16366 16315 16317
2 16366 16317 14071
2 16366 16317 14071
2 16366 16314 16315
2 12095 11104 16314
2 12095 1405 4077
2 6580 1189 11810
2 3574 11464 1405
2 6580 1189 11810
2 3046 3574 13724
2 3046 13724 1708
2 16366 13203 1189
2 1188 13203 14071
2 3045 3046 1708
2 13020 3045 3848
2 5453 3848 3537
2 5453 3848 3537
2 5453 222 16231
2 222 207 11617
2 3536 3537 206
2 207 185 177
2 16492 185 166
2 141 166 7070
2 8327 7070 3556
2 206 2933 185
2 225 206 3537
2 225 250 12035
2 3253 3035 2933
2 3278 12035 12381
2 4084 3278 9039
2 4084 9039 14809
2 12407 4084 14809
2 12407 14809 3038
2 14809 3254 3038
2 3254 11306 3038
2 3254 13283 11306
2 13283 3036 11306
2 3036 14970 11306
2 11306 14970 3115
2 3115 14970 14965
2 14970 3037 14965
2 14965 3037 8717
2 9055 14965 8717
2 3114 9055 8717
2 8717 3037 3114
2 3037 13878 3114
2 13878 218 3114
2 13878 14333 218
2 218 14333 237
2 237 14525 218
2 237 15347 14525
2 15347 237 3029
2 3029 237 11873
2 237 260 11873
2 260 287 11873
2 287 10043 11873
2 3323 10043 287
2 3323 16394 10043
2 260 13540 287
2 260 237 13540
2 13540 237 14333
2 13540 14333 3036
2 14312 13540 3036
2 14312 3036 13283
2 14312 13283 3254
2 3254 4800 14312
2 9039 4800 3254
2 14809 9039 3254
2 3037 3036 14333
2 3037 14333 13878
2 3036 3037 14970
2 260 237 13540
2 13540 237 14333
2 3037 14333 13878
2 3037 14333 13878
2 8717 3037 3114
2 3036 3037 14970
2 3036 3037 14970
2 14312 3036 13283
2 14312 13283 3254
2 14809 9039 3254
2 3331 4084 12407
2 12407 14209 3331
2 14809 9039 3254
2 3331 4084 12407
2 11681 2933 3035
2 3556 2933 11681
2 12407 14209 3331
2 13649 719 3556
2 13649 719 3556
2 719 4096 11998
2 8327 3556 719
2 141 7070 8327
2 3092 2754 141
2 13520 899 3092
2 600 13520 91
2 11998 13214 120
2 11516 91 103
2 13672 14287 103
2 13249 2442 13672
2 15474 2442 13249
2 3921 13011 9935
2 2442 15474 2198
2 2197 2198 2836
2 2197 2198 2836
2 2197 196 181
2 16194 227 196
2 2660 211 233
2 3274 16194 16193
2 2667 16199 16193
2 1108 13656 2667
2 1108 16311 16317
2 2660 211 233
2 258 16369 16311
2 233 2836 13900
2 12737 258 14054
2 13900 2836 3921
2 3921 13011 9935
2 9935 1122 4548
2 4548 11719 4815
2 5009 4815 11719
2 5009 11719 14733
2 14997 5009 14733
2 14997 14733 12369
2 12310 12369 14733
2 14367 12310 14733
2 14367 14733 11719
2 14367 13215 12310
2 13215 278 12310
2 278 12369 12310
2 13215 14367 13273
2 278 12369 12310
2 14367 14733 11719
2 4815 5009 13280
2 4815 13280 14368
2 4815 13280 14368
2 9935 12214 14054
2 12737 258 14054
2 4815 13280 14368
2 12737 14368 15035
2 279 258 12737
2 13994 13595 291
2 279 16369 258
2 1188 14071 16369
2 1188 1720 1708
2 3215 3045 1720
2 225 3215 250
2 1188 291 14203
2 12035 250 12381
2 13994 13595 291
2 15035 14632 13595
2 3278 12035 12381
2 4084 3278 9039
2 9039 4800 3254
2 14632 15035 13280
2 4815 5009 13280
2 14997 5009 14733
2 4800 14632 4976
2 3254 4800 14312
2 14997 14733 12369
2 14312 13540 3036
2 260 13540 287
2 278 12369 12310
2 3323 10043 287
2 3548 8581 14495
2 13766 727 11792
2 13766 727 11792
2 3886 3544 12891
2 11728 727 13766
2 3544 729 728
2 3326 7260 728
2 3324 727 11728
2 7260 11000 11643
2 3324 3323 3317
2 3323 16394 10043
2 11000 8008 11643
2 8008 16499 13565
2 2148 16348 13565
2 13440 12605 16348
2 12662 3027 12605
2 8008 16321 16394
2 3323 16394 10043
2 287 10043 11873
2 3029 237 11873
2 16324 16321 3027
2 2530 3027 12662
2 15369 13991 2530
2 15347 237 3029
2 15369 2016 13991
2 15347 13991 13545
2 237 15347 14525
2 237 14525 218
2 13878 218 3114
2 3114 9055 8717
2 16471 104 13694
2 9055 14965 8717
2 3115 14970 14965
2 11306 14970 3115
2 3254 11306 3038
2 14827 14848 6825
2 3038 14827 8067
2 12407 14809 3038
2 12407 14209 3331
2 13649 14209 4613
2 8067 14511 14828
2 4613 1958 12092
2 4613 1958 12092
2 4096 13649 12092
2 11998 4096 13214
2 12370 103 13214
2 13672 12370 14314
2 1958 12966 15066
2 13965 10949 14314
2 4801 12966 5087
2 13965 10949 14314
2 14917 13672 10949
2 1122 13011 14917
2 11349 1122 10834
2 4997 13667 4709
2 11349 1122 10834
2 4548 1122 11349
2 4548 11719 4815
2 14367 14733 11719
2 13215 14367 13273
2 11349 2835 8077
2 2835 10834 12020
2 12020 10834 14562
2 12020 8622 3217
2 12020 3217 2834
2 13273 2835 2834
2 13215 14367 13273
2 13215 278 12310
2 3317 3323 278
2 13273 224 252
2 727 3317 8581
2 3874 3542 224
2 3548 8581 14495
2 3875 3542 210
2 3548 8581 14495
2 11792 3548 3885
2 5373 3878 2749
2 3885 15186 13766
2 12891 15186 15142
2 3886 15142 3879
2 13343 3879 3257
2 3886 15142 3879
2 3886 3882 729
2 13308 3882 13120
2 3881 3879 1924
2 11710 2230 13120
2 774 13576 11710
2 773 1924 13343
2 3915 774 772
2 1384 772 1379
2 773 13343 3257
2 2927 1379 771
2 15142 9666 3257
2 15142 1922 9666
2 9985 771 13886
2 2750 3912 13886
2 5373 1922 3885
2 5373 3878 2749
2 3912 2750 12576
2 2749 8567 1383
2 3912 12576 13291
2 8567 14824 1383
2 14824 288 14895
2 275 12349 14895
2 13291 1383 2926
2 11583 3912 13291
2 1431 14346 11583
2 2016 10617 1431
2 2016 14870 13545
2 14870 1507 13545
2 1431 2893 13954
2 12349 2893 2926
2 14761 2001 1507
2 275 251 12349
2 245 251 8686
2 14761 2001 1507
2 2001 15326 14525
2 2106 1580 179
2 15326 192 218
2 192 146 3114
2 2327 2761 1584
2 3401 16471 146
2 11494 3401 1589
2 10464 2761 2327
2 11689 3087 1589
2 11689 3087 1589
2 13141 3087 10994
2 16690 13141 10994
2 16690 13141 10994
2 8371 15092 13141
2 16086 2045 8371
2 16690 8599 7899
2 7899 14919 16086
2 14711 16088 16086
2 3371 8438 14711
2 15906 3371 14880
2 14888 14880 15893
2 8824 15893 8809
2 1865 14919 8599
2 7996 15954 8599
2 8824 15893 8809
2 9157 8824 15900
2 11663 2946 15900
2 2945 2946 11663
2 2945 2946 11663
2 7996 15954 8599
2 10994 8247 7996
2 11689 10464 8247
2 10464 2761 2327
2 2945 8247 2332
2 2945 2946 11663
2 11663 2946 15900
2 9157 8824 15900
2 9157 9125 12679
2 3232 16439 3231
2 3232 2862 13547
2 13547 2862 3102
2 13547 2862 3102
2 9157 9125 12679
2 9157 12679 1911
2 1911 3104 12372
2 13547 2862 3102
2 3102 15738 3104
2 2875 8860 3104
2 15738 2849 12027
2 8891 2875 7920
2 16688 8791 7920
2 14580 16688 7849
2 15953 2849 15738
2 8538 14580 7849
2 8538 16004 2949
2 16000 16012 16004
2 15948 15953 2862
2 14666 16000 1882
2 15948 2862 2704
2 14666 16000 1882
2 16400 100 116
2 8685 14666 104
2 16400 100 116
2 16471 104 13694
2 9055 13694 13618
2 14848 13618 9069
2 14848 13618 9069
2 14827 14848 6825
2 8067 6825 14511
2 14600 1958 14511
2 14600 5094 1958
2 4859 9069 8286
2 12966 5094 5087
2 4801 12966 5087
2 4801 4709 13965
2 4997 13667 4709
2 14562 10834 4997
2 8622 14562 14315
2 9075 4801 9034
2 5094 8286 9034
2 9069 14925 8286
2 9069 14797 14925
2 104 16400 14797
2 15063 14315 9034
2 14918 14315 9161
2 16400 100 116
2 116 1882 137
2 14918 14315 9161
2 1100 3217 14918
2 2704 137 1882
2 15948 2862 2704
2 3232 2862 13547
2 3232 16439 3231
2 2704 15745 1100
2 1123 3217 1100
2 224 1123 3874
2 210 3542 3874
2 3875 3542 210
2 246 14928 3875
2 228 3359 12477
2 246 14603 265
2 3359 9322 12477
2 14603 15223 14339
2 11650 9322 3363
2 11650 3363 3850
2 11833 3020 10439
2 11833 3020 10439
2 3555 16391 12505
2 11833 3020 10439
2 11650 3020 15223
2 14603 15223 14339
2 14339 8378 288
2 862 3895 11833
2 862 15861 859
2 14339 8378 288
2 275 14895 288
2 275 14555 251
2 8378 859 14844
2 14555 8686 251
2 16282 1442 8686
2 1442 16282 1440
2 1441 1442 1440
2 1441 1440 4351
2 862 15861 859
2 8502 130 15861
2 1442 16282 1440
2 1441 1440 4351
2 11887 1439 1437
2 1439 2348 13002
2 2348 2350 13002
2 2350 2348 2347
2 2347 11499 2350
2 2347 131 11499
2 131 109 11499
2 11499 109 12267
2 13268 109 131
2 13268 131 11880
2 15770 13268 11880
2 15770 11880 15385
2 14829 15770 15385
2 14829 15385 14890
2 14890 978 14829
2 14829 978 6294
2 2248 14829 6294
2 2248 15770 14829
2 2248 13268 15770
2 2248 14373 13268
2 14373 109 13268
2 6294 978 9276
2 9276 3328 6294
2 2248 15770 14829
2 6601 15385 11880
2 6601 11880 131
2 6601 131 156
2 2347 156 131
2 156 2347 2352
2 2352 173 156
2 2352 1581 173
2 2347 2348 2352
2 2352 2348 1439
2 2248 13268 15770
2 6601 11880 131
2 14373 109 13268
2 2347 156 131
2 2347 2348 2352
2 2352 2348 1439
2 2348 2350 13002
2 4351 13002 9114
2 1441 1440 4351
2 1441 1442 1440
2 7816 2676 2107
2 16282 1442 8686
2 245 251 8686
2 2001 245 217
2 7816 2676 2107
2 15326 217 2106
2 2106 1580 179
2 1582 7914 1580
2 7816 2676 2107
2 1441 2353 7816
2 7816 12423 1582
2 1582 7914 1580
2 1582 7914 1580
2 2106 1580 179
2 179 2327 1584
2 2332 2327 14601
2 7914 16689 153
2 14601 8984 2332
2 95 8984 113
2 9144 16689 7914
2 95 8984 113
2 8275 3901 2833
2 2833 3901 1559
2 3901 2468 1559
2 2349 9144 7914
2 3901 2468 1559
2 12423 2353 2349
2 1441 12793 2353
2 3827 12793 9114
2 3901 2468 1559
2 9114 13943 3827
2 2833 3901 1559
2 8275 3901 2833
2 95 9144 8275
2 8965 2946 95
2 15900 8965 2460
2 144 121 14450
2 16439 9125 2460
2 3232 16439 3231
2 3231 186 1100
2 3333 210 186
2 16439 144 168
2 144 121 14450
2 14450 121 1150
2 2833 3852 1150
2 3852 6686 1944
2 14450 1151 2017
2 168 2017 3333
2 3333 3359 210
2 3359 13016 9322
2 13016 3363 9322
2 2017 2020 3849
2 1151 1944 2020
2 7211 3334 1944
2 3363 3849 2018
2 15458 3850 3363
2 15458 3850 3363
2 16675 10439 3850
2 16675 3555 12505
2 3555 10664 16391
2 3555 10664 16391
2 15861 16391 8502
2 8502 130 15861
2 16283 12154 1157
2 1437 1440 130
2 11887 1439 1437
2 12154 1438 1157
2 11887 1439 1437
2 2352 2348 1439
2 2352 1581 173
2 1438 1583 2590
2 2352 1581 173
2 2352 173 156
2 6601 131 156
2 3871 173 11105
2 13341 6601 3871
2 6601 15385 11880
2 14829 15385 14890
2 13801 15371 3204
2 14890 978 14829
2 10266 2247 13801
2 2247 6321 2556
2 6294 978 9276
2 9276 3328 6294
2 14812 1097 15227
2 1097 959 15227
2 2247 6321 2556
2 1097 959 15227
2 985 1094 10250
2 7129 1097 6321
2 2247 14854 6321
2 7129 8689 985
2 15987 12661 14883
2 12022 8689 14854
2 2247 2246 14854
2 15987 3203 12661
2 2246 3204 12148
2 3203 1939 12580
2 3204 1941 12148
2 10405 1939 2449
2 14990 2307 2449
2 2449 1941 10960
2 1941 3204 12536
2 12536 12854 16637
2 16637 12854 2396
2 2397 2396 14890
2 6601 2300 2397
2 8552 11078 16637
2 14606 11078 2305
2 2300 13341 2452
2 13341 11105 2452
2 11105 173 193
2 2453 14723 2452
2 152 13527 128
2 14723 2305 2452
2 14606 11078 2305
2 14606 15623 11078
2 15623 14990 10960
2 14606 5777 12409
2 15003 1632 5777
2 14990 2307 2449
2 2307 14779 10815
2 1632 15003 1611
2 10815 14779 1631
2 9338 14234 12534
2 14234 9222 9880
2 9222 15059 9880
2 8853 13939 9188
2 12607 9338 11062
2 13939 11541 1251
2 11062 1631 1610
2 13939 11541 1251
2 10847 11935 1251
2 11935 9696 1251
2 9696 11935 2053
2 9696 2053 9163
2 11935 9618 2053
2 9618 2056 2053
2 521 2053 2056
2 521 2056 1841
2 1841 2056 827
2 2056 9618 827
2 9618 10296 827
2 10296 831 827
2 12460 831 10296
2 3146 12460 10296
2 3146 10296 9618
2 3146 9618 10847
2 9618 11935 10847
2 3146 10296 9618
2 2056 9618 827
2 9618 11935 10847
2 9618 11935 10847
2 3146 9618 10847
2 1610 14779 1611
2 3146 12460 10296
2 1632 15003 1611
2 12460 831 10296
2 10296 831 827
2 1841 2056 827
2 1765 2054 9455
2 521 2056 1841
2 521 2053 2056
2 9696 2053 9163
2 9696 2053 9163
2 13626 13759 3200
2 12577 520 8160
2 3188 520 8623
2 2994 3200 520
2 13626 13759 3200
2 13626 13759 3200
2 2637 14079 833
2 12924 8160 13759
2 9696 8160 12924
2 11935 9696 1251
2 13939 11541 1251
2 8853 13939 9188
2 14079 1253 13759
2 2637 14079 833
2 8853 13939 9188
2 8853 9222 12607
2 9222 15059 9880
2 9222 15059 9880
2 14234 9222 9880
2 9338 14234 12534
2 9338 14234 12534
2 9338 1631 11062
2 10815 14779 1631
2 10405 10815 15313
2 12534 2304 2306
2 10939 10405 15313
2 10939 8486 2394
2 8486 1938 12760
2 238 2304 12534
2 9880 2674 238
2 12307 14038 1938
2 14623 2674 9880
2 9207 1937 12307
2 14623 15059 10339
2 6985 2303 10339
2 9207 1937 12307
2 12773 1937 14136
2 11372 2303 6985
2 12773 14136 11466
2 15036 2302 11372
2 3205 12773 11466
2 11466 2302 7412
2 8681 7357 1936
2 15032 11786 7357
2 2302 15036 14675
2 15032 14629 9463
2 15036 1639 14675
2 14629 13539 14818
2 13539 1608 13008
2 9266 13624 1608
2 1639 15036 9360
2 9360 9800 12909
2 9266 13624 1608
2 12909 15059 2795
2 2795 8853 2637
2 13624 13647 1608
2 2637 14079 833
2 830 1608 13647
2 833 13626 1364
2 9641 11415 830
2 1364 3200 1363
2 1363 9528 11506
2 9641 1362 15023
2 1363 9528 11506
2 1761 826 1362
2 1761 1762 16056
2 2994 3188 9528
2 1762 1968 9614
2 3188 520 8623
2 8623 520 10773
2 3188 958 1968
2 11504 9614 1968
2 14705 9614 11504
2 1096 14705 14952
2 975 982 14952
2 2398 974 975
2 2398 2400 11563
2 12604 8681 2400
2 3205 8681 12604
2 2399 3205 7848
2 7848 8094 2399
2 13213 975 11013
2 975 983 11013
2 983 1968 4578
2 8094 10415 2399
2 10415 976 2399
2 4578 958 984
2 2245 976 10971
2 984 15030 13225
2 977 2245 10971
2 13225 15030 1003
2 977 985 12022
2 985 1094 10250
2 13225 15030 1003
2 15030 958 10773
2 12577 9135 10773
2 9135 2053 9243
2 9243 521 1764
2 15030 3185 1094
2 985 1094 10250
2 7129 10250 959
2 1764 521 3186
2 1097 959 15227
2 1765 3186 521
2 1765 2054 9455
2 1766 9340 9369
2 9369 9340 1767
2 1767 9340 1771
2 1771 9340 2055
2 1765 2054 9455
2 1771 9340 2055
2 15311 9340 2054
2 14226 2054 827
2 831 5923 14226
2 15311 9777 828
2 12456 2055 828
2 12456 2055 828
2 1771 9340 2055
2 1767 9340 1771
2 952 943 3184
2 9369 9340 1767
2 1766 9340 9369
2 1766 15227 3186
2 14812 1097 15227
2 2556 14812 3328
2 952 1098 1095
2 9276 3328 6294
2 2248 14829 6294
2 2248 14373 13268
2 14373 109 13268
2 11499 109 12267
2 11499 109 12267
2 2347 11499 2350
2 9114 2350 13943
2 12978 1559 13943
2 8534 1559 12978
2 1802 10407 8570
2 3852 8534 6686
2 1802 10407 8570
2 12267 101 10407
2 101 14513 118
2 10724 3385 10407
2 6686 8570 3385
2 6686 7211 1944
2 7211 3334 1944
2 1943 1149 7732
2 15458 3334 3362
2 1943 1149 7732
2 7732 118 148
2 1943 3164 13395
2 1943 13395 3362
2 2831 3850 3362
2 2831 9257 16675
2 221 241 3360
2 12999 3555 9257
2 12999 5523 3555
2 5523 274 12154
2 14558 2317 274
2 286 267 14412
2 2308 2317 14558
2 2317 2308 12211
2 3019 2317 12211
2 3010 1818 14065
2 10852 1818 3010
2 10852 3010 11858
2 10852 11858 13917
2 3566 10852 13917
2 3566 2604 10852
2 10852 2604 1818
2 3566 6859 2604
2 3566 1821 6859
2 10852 2604 1818
2 3010 1818 14065
2 9766 714 12598
2 10852 2604 1818
2 9766 714 12598
2 10932 9766 3561
2 1244 10932 3561
2 3561 999 1244
2 999 989 1244
2 3566 6859 2604
2 3566 1821 6859
2 3561 999 1244
2 3573 715 1821
2 999 989 1244
2 991 11339 2280
2 4329 991 2280
2 9968 4329 2280
2 9968 2280 2281
2 6318 9968 2281
2 1822 6318 2281
2 1822 3567 6318
2 3567 2908 6318
2 6318 2908 9968
2 7351 9968 2908
2 7642 7351 2908
2 2908 3012 7642
2 2279 7642 3012
2 3012 3568 2279
2 3568 3569 2279
2 2279 3569 5259
2 3562 2279 5259
2 3562 5259 2605
2 2605 2609 3562
2 3562 2609 1242
2 3562 1242 16296
2 3562 16296 1000
2 2279 3562 1000
2 1000 7351 2279
2 2279 7351 7642
2 7351 1000 4329
2 9968 7351 4329
2 1000 8461 4329
2 8461 991 4329
2 705 991 8461
2 705 8461 992
2 13841 705 992
2 992 708 13841
2 2840 13841 708
2 2840 708 709
2 2579 2840 709
2 2579 709 13930
2 2579 13930 2841
2 2579 2841 1548
2 1548 6082 2579
2 6082 2100 2579
2 2100 2840 2579
2 2100 6467 2840
2 6444 2840 6467
2 6444 6467 3922
2 6444 3922 11843
2 8407 6444 11843
2 571 8407 11843
2 2883 571 11843
2 11843 572 2883
2 572 2884 2883
2 3857 2883 2884
2 2884 1020 3857
2 2203 3857 1020
2 9741 2203 1020
2 6317 9741 1020
2 6317 1020 12897
2 12897 11921 6317
2 10140 6317 11921
2 11921 14663 10140
2 14663 2204 10140
2 10140 2204 2475
2 10140 2475 13193
2 10140 13193 16144
2 6317 10140 16144
2 2554 6317 16144
2 2315 2554 16144
2 16144 11015 2315
2 3013 2315 11015
2 3013 11015 10996
2 3013 10996 10623
2 2607 3013 10623
2 2607 10623 3017
2 2607 3017 2608
2 16291 2607 2608
2 2282 16291 2608
2 2282 2608 3014
2 3014 11570 2282
2 2282 11570 3560
2 2282 3560 988
2 2282 988 1002
2 16291 2282 1002
2 16291 1002 3563
2 16291 3563 2606
2 16291 2606 2607
2 2607 2606 3013
2 2605 3013 2606
2 2606 2609 2605
2 3563 2609 2606
2 1001 2609 3563
2 1002 1001 3563
2 1001 1002 2158
2 1001 2158 993
2 1242 1001 993
2 1242 993 992
2 16296 1242 992
2 1000 16296 992
2 1000 992 8461
2 993 708 992
2 993 709 708
2 993 2158 709
2 2158 15270 709
2 15270 13930 709
2 2575 13930 15270
2 15270 2766 2575
2 2766 4069 2575
2 2572 2575 4069
2 4069 13159 2572
2 13159 349 2572
2 338 2572 349
2 338 349 333
2 325 338 333
2 312 325 333
2 333 300 312
2 300 1544 312
2 2105 312 1544
2 2105 1544 2101
2 2105 2101 2837
2 2105 2837 325
2 312 2105 325
2 2837 338 325
2 2572 338 2837
2 2572 2837 2575
2 2575 2837 2101
2 2101 2841 2575
2 2575 2841 13930
2 2841 2101 1548
2 1548 2101 912
2 1548 912 11882
2 1542 1548 11882
2 1542 11882 574
2 1542 574 572
2 572 3922 1542
2 2100 1542 3922
2 6467 2100 3922
2 1542 2100 6082
2 1542 6082 1548
2 572 11843 3922
2 572 574 2885
2 572 2885 2884
2 2884 2885 1020
2 1020 2885 12897
2 2885 12048 12897
2 12897 12048 11921
2 11921 12048 14663
2 14663 12048 1021
2 14663 1021 2204
2 9914 2204 1021
2 12155 9914 1021
2 12155 1021 2042
2 1023 12155 2042
2 1023 2042 2276
2 296 1023 2276
2 2276 300 296
2 296 300 333
2 309 296 333
2 315 309 333
2 322 315 333
2 322 333 335
2 322 335 15708
2 11834 322 15708
2 3062 11834 15708
2 3062 15708 10496
2 3062 10496 2316
2 3062 2316 11417
2 9914 3062 11417
2 9914 11417 2204
2 2204 11417 2475
2 11417 2316 2475
2 2787 2475 2316
2 9422 2787 2316
2 9422 2316 13173
2 9422 13173 3017
2 10623 9422 3017
2 10996 9422 10623
2 2787 9422 10996
2 10996 11015 2787
2 16144 2787 11015
2 2787 16144 13193
2 2787 13193 2475
2 3017 13173 2608
2 13173 3018 2608
2 3018 3014 2608
2 3014 3018 5644
2 3014 5644 354
2 3014 354 366
2 3014 366 3572
2 3014 3572 11570
2 11570 3572 3560
2 3572 376 3560
2 365 3560 376
2 333 365 376
2 333 376 366
2 333 366 354
2 333 354 345
2 333 345 335
2 15708 335 345
2 11557 15708 345
2 11557 345 354
2 5644 11557 354
2 5644 3335 11557
2 3335 15708 11557
2 10496 15708 3335
2 2316 10496 3335
2 13173 2316 3335
2 3335 3018 13173
2 3018 3335 5644
2 3018 3335 5644
2 3335 15708 11557
2 11557 345 354
2 3572 366 376
2 333 357 365
2 365 357 10413
2 10413 3560 365
2 10413 2157 3560
2 2157 988 3560
2 994 988 2157
2 2766 994 2157
2 2157 4069 2766
2 4069 2157 10413
2 4069 10413 13159
2 13159 10413 357
2 13159 357 349
2 333 349 357
2 994 2766 15270
2 994 15270 2158
2 1002 994 2158
2 1002 988 994
2 1002 988 994
2 4069 2157 10413
2 13159 10413 357
2 333 349 357
2 10413 3560 365
2 3572 366 376
2 3572 366 376
2 333 366 354
2 5644 11557 354
2 3018 3335 5644
2 3335 3018 13173
2 13173 2316 3335
2 2787 9422 10996
2 2787 13193 2475
2 15404 3062 9914
2 1023 15404 9914
2 1023 9914 12155
2 1023 12102 15404
2 12102 315 15404
2 15404 315 11834
2 11834 3062 15404
2 315 322 11834
2 12102 309 315
2 12102 296 309
2 1023 296 12102
2 1023 296 12102
2 11834 3062 15404
2 11417 2316 2475
2 2316 10496 3335
2 10496 15708 3335
2 11834 3062 15404
2 315 322 11834
2 15708 335 345
2 333 345 335
2 315 322 11834
2 12102 309 315
2 12102 296 309
2 2276 3923 300
2 300 3923 1544
2 1544 3923 575
2 912 1544 575
2 912 575 7016
2 912 7016 11882
2 2275 11882 7016
2 2275 7016 575
2 2275 575 2042
2 2042 1021 2275
2 2275 1021 12048
2 10300 2275 12048
2 2885 10300 12048
2 10300 2885 11882
2 2275 10300 11882
2 11882 2885 574
2 2275 10300 11882
2 2042 575 2276
2 3923 2276 575
2 2275 10300 11882
2 2275 7016 575
2 912 2101 1544
2 3923 2276 575
2 3923 2276 575
2 1023 296 12102
2 2042 575 2276
2 1023 9914 12155
2 2042 1021 2275
2 1023 9914 12155
2 9914 11417 2204
2 2275 1021 12048
2 2885 10300 12048
2 11882 2885 574
2 11882 2885 574
2 1542 6082 1548
2 912 7016 11882
2 912 2101 1544
2 2575 2837 2101
2 912 2101 1544
2 312 2105 325
2 300 3923 1544
2 296 300 333
2 312 2105 325
2 2837 338 325
2 333 349 357
2 2572 338 2837
2 13159 357 349
2 4069 10413 13159
2 2572 2837 2575
2 2157 4069 2766
2 994 2766 15270
2 2575 2841 13930
2 994 15270 2158
2 1242 2609 1001
2 993 2158 709
2 1002 994 2158
2 1242 2609 1001
2 2605 4844 3013
2 4844 2315 3013
2 3337 2315 4844
2 4844 3569 3337
2 3337 3569 15034
2 3337 15034 2314
2 3337 2314 2553
2 3337 2553 2315
2 2315 2553 2554
2 2203 2554 2553
2 2203 2553 2786
2 2203 2786 13504
2 2203 13504 3857
2 3857 13504 12277
2 3857 12277 2883
2 2883 12277 9921
2 9921 571 2883
2 2886 571 9921
2 1017 2886 9921
2 9921 12277 1017
2 2471 1017 12277
2 13504 2471 12277
2 2552 2471 13504
2 13504 2786 2552
2 2552 2786 2314
2 3336 2552 2314
2 2314 15034 3336
2 15034 3569 3336
2 3569 3568 3336
2 3568 3012 3336
2 3336 3012 12512
2 3336 12512 2552
2 12512 2313 2552
2 2552 2313 2551
2 2551 2471 2552
2 2551 2473 2471
2 1017 2471 2473
2 1017 2473 12203
2 1017 12203 2882
2 2882 2886 1017
2 15231 2886 2882
2 15231 2882 2881
2 9124 15231 2881
2 9124 2881 570
2 11439 9124 570
2 570 6069 11439
2 6069 2103 11439
2 11439 2103 2104
2 2104 6070 11439
2 6070 15231 11439
2 9124 11439 15231
2 6071 15231 6070
2 1547 6071 6070
2 2104 1547 6070
2 11312 6071 1547
2 11312 1547 2578
2 13821 11312 2578
2 2578 13841 13821
2 13821 13841 2840
2 2840 11312 13821
2 11312 2840 6444
2 11312 6444 8407
2 11312 8407 6071
2 571 6071 8407
2 571 15231 6071
2 15231 571 2886
2 2578 705 13841
2 2578 11542 705
2 10054 705 11542
2 991 705 10054
2 2578 1547 11542
2 2840 11312 13821
2 2578 1547 11542
2 11312 8407 6071
2 571 15231 6071
2 2104 1547 6070
2 2103 6069 1540
2 1540 2099 2103
2 2839 2103 2099
2 2099 2838 2839
2 2099 1546 2838
2 1546 12728 2838
2 13847 2838 12728
2 13847 12728 2102
2 8628 13847 2102
2 8776 8628 2102
2 2102 1545 8776
2 8488 1545 2102
2 1546 8488 2102
2 12728 1546 2102
2 6498 8488 1546
2 1546 9761 6498
2 6224 6498 9761
2 6224 9761 1540
2 6224 1540 14486
2 570 14486 1540
2 570 1540 6069
2 2880 14486 570
2 570 2485 2880
2 1013 2880 2485
2 1013 2485 2881
2 1013 2881 12147
2 12147 2202 1013
2 2202 12147 2472
2 2550 2202 2472
2 2550 2472 11581
2 11581 2312 2550
2 2550 2312 2311
2 2784 2550 2311
2 2784 2311 4599
2 3011 4599 2311
2 3571 3011 2311
2 3571 2311 2312
2 3571 2312 3565
2 3565 3567 3571
2 8829 3571 3567
2 8829 3567 1822
2 3011 8829 1822
2 3011 3571 8829
2 3011 3571 8829
2 5513 3567 3565
2 2313 5513 3565
2 2313 3565 16110
2 2551 2313 16110
2 2551 16110 2785
2 2551 2785 2473
2 2473 2785 12936
2 12936 1014 2473
2 12203 2473 1014
2 12203 1014 2882
2 2881 2882 1014
2 1014 12147 2881
2 1014 2472 12147
2 2472 1014 12936
2 12936 2785 2472
2 11581 2472 2785
2 2785 2312 11581
2 2785 16110 2312
2 2312 16110 3565
2 2472 1014 12936
2 12936 2785 2472
2 2785 16110 2312
2 2312 16110 3565
2 3012 5513 2313
2 12512 3012 2313
2 5513 3012 2908
2 3567 5513 2908
2 3567 5513 2908
2 2312 16110 3565
2 3011 3571 8829
2 4599 3011 15157
2 2202 2550 2784
2 2784 2469 2202
2 3571 2311 2312
2 2785 2312 11581
2 11581 2472 2785
2 2202 2550 2784
2 1014 2472 12147
2 1014 12147 2881
2 570 2881 2485
2 570 2881 2485
2 1546 1540 9761
2 1546 2099 1540
2 8086 6498 6224
2 8441 6498 8086
2 8441 8488 6498
2 8488 8441 1545
2 1546 1540 9761
2 8441 8488 6498
2 8488 8441 1545
2 8628 7267 13847
2 13847 7267 15185
2 8628 4070 7267
2 12728 1546 2102
2 12728 1546 2102
2 1546 2099 1540
2 1546 2099 1540
2 570 1540 6069
2 570 1540 6069
2 9124 11439 15231
2 570 2881 2485
2 9124 11439 15231
2 2881 2882 1014
2 15231 571 2886
2 12203 1014 2882
2 12203 2473 1014
2 2551 2785 2473
2 2551 2313 16110
2 12512 3012 2313
2 12512 3012 2313
2 3336 12512 2552
2 2786 2553 2314
2 2551 2471 2552
2 1017 2471 2473
2 2882 2886 1017
2 15231 571 2886
2 9921 12277 1017
2 13504 2471 12277
2 13504 2786 2552
2 2786 2553 2314
2 2203 9741 2554
2 9741 6317 2554
2 2786 2553 2314
2 2314 15034 3336
2 15034 3569 3336
2 3569 4844 2605
2 5259 3569 2605
2 3337 2553 2315
2 3569 4844 2605
2 3563 2609 2606
2 1002 1001 3563
2 1002 988 994
2 2157 988 3560
2 11570 3572 3560
2 3014 3572 11570
2 3018 3014 2608
2 16291 2282 1002
2 16291 2606 2607
2 3017 13173 2608
2 10623 9422 3017
2 2607 2606 3013
2 10996 9422 10623
2 10996 11015 2787
2 4844 2315 3013
2 16144 2787 11015
2 2315 2553 2554
2 9741 6317 2554
2 2787 16144 13193
2 2787 13193 2475
2 2204 11417 2475
2 14663 1021 2204
2 11921 12048 14663
2 6317 10140 16144
2 12897 12048 11921
2 1020 2885 12897
2 9741 6317 2554
2 2203 9741 2554
2 2203 13504 3857
2 2884 2885 1020
2 3857 12277 2883
2 572 2885 2884
2 572 11843 3922
2 9921 571 2883
2 571 6071 8407
2 11312 6444 8407
2 572 11843 3922
2 6467 2100 3922
2 11312 2840 6444
2 6467 2100 3922
2 1542 2100 6082
2 1542 6082 1548
2 2841 2101 1548
2 2575 2841 13930
2 15270 13930 709
2 2100 2840 2579
2 993 709 708
2 13821 13841 2840
2 993 708 992
2 2578 705 13841
2 1000 992 8461
2 991 705 10054
2 1000 992 8461
2 1000 16296 992
2 16296 1242 992
2 1242 2609 1001
2 2606 2609 2605
2 5259 3569 2605
2 2279 3562 1000
2 5259 3569 2605
2 3569 3568 3336
2 3568 3012 3336
2 2279 7351 7642
2 5513 3012 2908
2 2279 7351 7642
2 9968 7351 4329
2 3567 5513 2908
2 8829 3567 1822
2 6318 2908 9968
2 9968 7351 4329
2 8461 991 4329
2 9968 2280 2281
2 999 3573 998
2 1822 6318 2281
2 3573 715 1821
2 3011 8829 1822
2 4599 3011 15157
2 3566 1821 6859
2 3566 10852 13917
2 4599 3011 15157
2 2784 2311 4599
2 2784 2469 2202
2 2784 2469 2202
2 12147 2202 1013
2 1013 2880 2485
2 10941 2879 3856
2 2880 14486 570
2 6224 1540 14486
2 8086 6498 6224
2 8441 6498 8086
2 15237 6104 569
2 8488 8441 1545
2 9012 2842 6104
2 2102 1545 8776
2 8776 8628 2102
2 8628 4070 7267
2 8628 4070 7267
2 13847 7267 15185
2 13847 7267 15185
2 13847 2838 12728
2 2099 2838 2839
2 2839 2103 2099
2 11439 2103 2104
2 5719 13913 1800
2 2576 5719 1800
2 2104 1547 6070
2 2578 1547 11542
2 10054 705 11542
2 2576 1800 704
2 991 705 10054
2 991 11339 2280
2 2576 1800 704
2 1800 13913 703
2 11339 990 998
2 998 990 989
2 703 2839 2574
2 15185 2256 2574
2 999 989 1244
2 997 2256 15185
2 1244 10932 3561
2 16097 997 996
2 10932 9766 3561
2 9766 714 12598
2 714 3564 13476
2 16097 997 996
2 996 14078 1243
2 714 3564 13476
2 3019 714 13476
2 13207 2317 3019
2 13207 249 2317
2 12154 249 1438
2 1438 1583 2590
2 1581 1583 200
2 223 13207 713
2 1243 713 3564
2 14078 209 1243
2 200 193 173
2 3219 193 1726
2 3218 1726 3329
2 13691 3329 11262
2 13691 3329 11262
2 3329 13691 3220
2 1246 3218 3220
2 8576 3851 1246
2 8576 1616 2439
2 14456 2438 12526
2 2438 14456 14683
2 8576 1616 2439
2 2910 12410 2439
2 2108 14704 2910
2 2109 11949 12354
2 2709 12717 14438
2 115 14438 12717
2 115 12717 584
2 115 584 11443
2 115 11443 98
2 115 98 14438
2 584 2058 11443
2 584 154 2058
2 14088 2058 154
2 1758 14088 154
2 12651 1758 154
2 584 12651 154
2 12717 12651 584
2 12717 3887 12651
2 3887 13814 12651
2 2709 3887 12717
2 584 12651 154
2 12717 12651 584
2 115 98 14438
2 2709 3887 12717
2 2108 14704 2910
2 115 98 14438
2 14704 111 2252
2 111 128 13527
2 14723 128 14214
2 14723 14214 1637
2 1637 9743 2305
2 9743 1636 2305
2 12558 14606 1636
2 15003 5777 12558
2 831 15003 5923
2 832 9777 5923
2 1636 7767 2639
2 1637 2636 7767
2 832 1254 13956
2 2636 1637 13654
2 111 98 13654
2 115 11443 98
2 832 1254 13956
2 15735 12456 13956
2 584 2058 11443
2 2055 15735 13698
2 1769 2055 13698
2 1769 3184 943
2 14088 2058 154
2 952 943 3184
2 952 1098 1095
2 2557 6294 1098
2 14373 2557 14513
2 101 14513 118
2 7732 118 148
2 6540 952 1756
2 148 171 3164
2 3184 14088 1756
2 1758 14088 154
2 3164 171 3332
2 221 3360 3332
2 221 241 3360
2 267 9257 241
2 286 267 14412
2 14412 2783 2308
2 1147 241 1011
2 8565 15857 12977
2 12977 2783 1147
2 2783 14313 2308
2 16546 14889 2309
2 3010 2308 14313
2 10852 3010 11858
2 1351 2309 14889
2 10852 11858 13917
2 2310 15157 13917
2 10147 2469 2310
2 10941 10147 2782
2 13775 13917 1351
2 1351 2309 14889
2 3855 14889 15857
2 10941 10147 2782
2 10941 2879 3856
2 6224 2879 8467
2 3855 15857 8565
2 8086 8467 2878
2 8565 12977 1011
2 14302 14476 2878
2 2877 1011 241
2 14302 2273 14476
2 2877 221 2887
2 2273 14731 15237
2 14731 2154 14385
2 195 2887 221
2 1758 195 171
2 12651 1758 154
2 3887 13814 12651
2 2154 2887 197
2 14731 2154 14385
2 15237 14385 9012
2 9012 2842 6104
2 2573 8776 2842
2 14293 4070 2573
2 14078 996 14293
2 14078 209 1243
2 8906 3329 209
2 254 277 12413
2 8817 11262 8906
2 8817 4187 11337
2 254 277 12413
2 277 280 8859
2 14825 14253 4187
2 14825 16360 14253
2 11337 14253 16360
2 11337 14288 11262
2 3148 2431 12031
2 14288 15886 11262
2 14323 2431 3148
2 14323 14810 3330
2 13587 1725 12548
2 2431 3330 14466
2 2431 14466 15886
2 3220 15886 13693
2 8188 3220 13693
2 1616 8188 2467
2 12548 3221 3330
2 2467 12526 1616
2 14456 2438 12526
2 13587 1725 12548
2 8484 1725 13234
2 2438 14456 14683
2 14726 2250 5047
2 2438 14456 14683
2 2439 2438 2109
2 2109 4484 11949
2 2109 10480 13326
2 10480 14683 11267
2 11267 14683 2250
2 93 12938 2250
2 14014 15685 12938
2 10071 13326 16397
2 3888 15685 13623
2 14340 3888 8254
2 4484 13326 10071
2 2109 4484 11949
2 2108 11949 2709
2 2709 3887 12717
2 3887 13814 12651
2 14602 197 13814
2 2154 14602 13374
2 2155 14174 2112
2 261 2154 13374
2 261 280 2842
2 277 280 8859
2 8507 14825 8859
2 261 9324 14884
2 7846 9324 2112
2 14825 8507 14777
2 9310 14825 14777
2 2506 16360 9310
2 14559 16360 2506
2 3148 16360 14559
2 14323 2431 3148
2 14810 14323 3147
2 3147 8504 14810
2 3147 2430 14868
2 14667 11011 2430
2 8998 285 9228
2 9291 259 14667
2 8998 285 9228
2 12585 9098 9228
2 16685 14384 253
2 14876 9098 12585
2 14876 9098 12585
2 9098 14976 5235
2 14976 15701 5235
2 15701 1791 1788
2 1794 1791 12987
2 7673 12987 12406
2 1620 1791 12452
2 12406 2583 3864
2 8263 12452 15701
2 8263 2582 14621
2 8246 3864 2583
2 11266 8246 3866
2 8263 2582 14621
2 2584 2582 14876
2 16459 2584 216
2 11266 8246 3866
2 11266 8246 3866
2 8246 3864 2583
2 16487 3864 14075
2 16487 3864 14075
2 16301 10106 16487
2 16301 12666 10106
2 16259 12666 13740
2 12221 5660 13740
2 12221 4854 11142
2 4853 16301 11223
2 5472 4854 11576
2 11223 7569 14483
2 11576 14490 12804
2 7327 14490 7262
2 15699 14709 7262
2 11223 7569 14483
2 7569 14075 16260
2 8246 13246 16260
2 15699 14709 7262
2 14709 257 283
2 232 13246 1517
2 1256 14914 16257
2 1256 1255 14914
2 1255 13532 14914
2 257 232 14786
2 14709 257 283
2 284 283 14504
2 14504 6072 13923
2 1754 7744 6072
2 13216 14786 16257
2 7423 13712 1754
2 11182 1257 7423
2 9388 15527 11182
2 1256 14914 16257
2 1255 13532 14914
2 9388 15527 11182
2 3559 13832 15527
2 14598 5810 3559
2 2725 5810 14598
2 1255 13532 14914
2 2725 5810 14598
2 3559 5810 12951
2 12951 10197 3559
2 9672 6407 10563
2 9592 10197 10849
2 9672 12790 13078
2 12790 9672 10855
2 12790 10855 2228
2 12790 2228 2726
2 2588 12790 2726
2 10143 10849 11693
2 8871 10143 11693
2 13712 8871 11132
2 11132 5951 7744
2 7353 9773 5951
2 4572 11693 9697
2 7353 13911 9773
2 10849 13078 9697
2 9672 12790 13078
2 9773 13911 10735
2 2588 12790 2726
2 16153 9773 10735
2 10925 16153 282
2 276 282 2628
2 3129 16375 12443
2 12443 2628 16376
2 2628 16653 256
2 11856 3387 16653
2 2630 3387 11856
2 3240 16375 12301
2 12301 16375 3234
2 2630 2288 3380
2 11395 2293 2288
2 3234 16375 11195
2 16455 11195 16375
2 13419 13227 16455
2 3131 11395 1568
2 13419 13227 16455
2 3131 11395 1568
2 11395 2293 2288
2 3388 2293 9993
2 9993 2629 3390
2 860 2629 10704
2 16373 3237 11395
2 16278 14389 10704
2 3131 3132 16373
2 11596 1990 16278
2 16407 1990 11596
2 14390 16407 11296
2 13817 11296 16200
2 13419 3132 3131
2 16200 567 14028
2 13419 13227 16455
2 567 16256 16404
2 16455 16375 11912
2 11912 16375 3129
2 16201 16404 16256
2 1963 8191 16201
2 16256 3129 13929
2 3129 12443 16376
2 16376 282 262
2 1963 8191 16201
2 16408 8191 230
2 2134 262 16153
2 2588 2134 10735
2 7368 202 230
2 2588 12790 2726
2 7368 202 230
2 8300 202 9869
2 8300 9869 16402
2 16402 8560 13796
2 11465 8560 266
2 266 16185 9946
2 242 263 16185
2 212 188 242
2 212 190 188
2 212 190 188
2 107 127 188
2 14417 127 107
2 14204 127 14417
2 14204 15567 14387
2 15567 3920 14269
2 3920 14934 12105
2 183 205 632
2 183 4094 205
2 1125 205 4094
2 16099 14934 235
2 1125 205 4094
2 235 12493 255
2 2595 12493 1396
2 13666 1396 3379
2 1125 205 4094
2 13666 1396 3379
2 13666 3067 3072
2 13368 3387 3067
2 13368 546 16653
2 546 14180 231
2 3379 4094 3075
2 14180 214 231
2 183 4094 205
2 1163 10935 214
2 1163 12377 10935
2 12705 12377 15299
2 13946 12495 13457
2 10964 15299 13200
2 13946 12495 13457
2 13200 12495 11865
2 2074 13200 3034
2 1846 3033 3034
2 11399 1891 1846
2 11399 1891 1846
2 3032 1891 2071
2 2071 3088 3032
2 1193 3088 208
2 178 201 16475
2 201 178 1728
2 201 1728 215
2 215 2681 201
2 2681 215 4768
2 215 1728 2297
2 1728 1087 2297
2 14654 1087 1728
2 15511 1087 14654
2 215 2681 201
2 208 2677 1193
2 2681 215 4768
2 2677 2683 1554
2 2683 4762 1195
2 8736 3000 4762
2 234 259 8736
2 2681 215 4768
2 215 1728 2297
2 1728 1087 2297
2 259 234 11011
2 8504 14868 11011
2 15511 1087 14654
2 14810 8504 13587
2 13587 1725 12548
2 8484 1725 13234
2 15511 1087 14654
2 14654 1087 1728
2 8484 1725 13234
2 5047 8484 14726
2 14726 93 2250
2 14596 9929 93
2 125 96 14726
2 14596 13236 15666
2 3297 3366 125
2 13236 16060 15666
2 16060 1847 15666
2 15981 15666 1847
2 15980 15920 9933
2 15981 15863 9929
2 16184 2616 15863
2 16184 2728 2616
2 16184 2728 2616
2 147 124 2616
2 2710 14014 147
2 194 16462 172
2 13623 15685 2710
2 13623 8254 3888
2 14340 3888 8254
2 14340 3052 4484
2 3052 2708 4484
2 14174 3887 2708
2 5895 2112 14174
2 2115 3053 3052
2 2156 11049 2115
2 5895 2112 14174
2 7846 9324 2112
2 14777 7846 9142
2 14777 9142 2502
2 2156 11049 2115
2 2502 12470 2506
2 8390 2506 12470
2 2156 9003 9330
2 2156 9003 9330
2 8254 2111 9003
2 9330 13896 8390
2 8390 14784 2506
2 14784 16361 2506
2 3148 16361 8975
2 3147 8975 2430
2 9291 14667 2430
2 9079 285 9291
2 2503 1286 16361
2 2570 2503 8390
2 9079 14384 16685
2 8879 2570 13896
2 16685 14384 253
2 14876 253 236
2 216 236 2110
2 8879 13896 2111
2 2113 2111 8254
2 14929 2110 8879
2 2113 2710 16462
2 216 236 2110
2 194 16462 172
2 16459 2584 216
2 3866 16459 1517
2 232 13246 1517
2 1256 14786 232
2 1256 1255 14914
2 165 1255 180
2 16459 194 204
2 194 16462 172
2 165 180 1945
2 2727 172 147
2 2616 10983 2727
2 10983 2728 15686
2 16460 1948 15686
2 1945 2727 15656
2 165 180 1945
2 165 142 2725
2 1946 15656 2559
2 122 5810 142
2 15961 12994 122
2 1668 15964 15961
2 2559 15656 1948
2 2569 1948 16460
2 1668 15966 15964
2 15966 13228 10645
2 13228 8542 10645
2 4092 13882 14689
2 13882 4092 4336
2 4336 4092 11599
2 4336 11599 15960
2 15960 11599 4090
2 15960 4090 13643
2 15960 13643 4389
2 13095 15960 4389
2 13095 4389 7224
2 7224 4389 2792
2 7224 2792 13123
2 2792 4086 13123
2 2719 13123 4086
2 4086 2130 2719
2 2130 2131 2719
2 11859 2719 2131
2 1598 11859 2131
2 1598 2131 14499
2 1598 14499 2128
2 1598 2128 2809
2 3299 1598 2809
2 3299 2809 7963
2 5311 3299 7963
2 5311 7963 3378
2 3378 1849 5311
2 12514 5311 1849
2 1849 15917 12514
2 15917 15865 12514
2 15865 15913 12514
2 15913 5311 12514
2 15913 9735 5311
2 9735 3299 5311
2 1700 3299 9735
2 15913 1700 9735
2 12056 1700 15913
2 12056 15913 15864
2 9294 12056 15864
2 9294 15864 3190
2 15862 9294 3190
2 3190 3197 15862
2 3197 3191 15862
2 15862 3191 14750
2 16481 15862 14750
2 16481 14750 10135
2 10135 6769 16481
2 16481 6769 8825
2 16481 8825 1700
2 16481 1700 12056
2 15862 16481 12056
2 15862 12056 9294
2 3293 1700 8825
2 3293 8825 15992
2 15992 11380 3293
2 3293 11380 12563
2 3293 12563 1599
2 1599 10531 3293
2 3293 10531 1700
2 10531 3299 1700
2 3299 10531 1598
2 10531 1599 1598
2 11859 1598 1599
2 11859 1599 2132
2 11859 2132 2719
2 2720 2719 2132
2 2132 2133 2720
2 2133 2132 2811
2 2133 2811 3368
2 1600 3368 2811
2 2811 12563 1600
2 11380 1600 12563
2 3375 1600 11380
2 3375 11380 15992
2 15992 12454 3375
2 12454 1696 3375
2 1696 5912 3375
2 8244 3375 5912
2 5912 1592 8244
2 1592 12238 8244
2 8244 12238 3368
2 3368 1600 8244
2 3375 8244 1600
2 5485 12238 1592
2 1592 5912 3291
2 9406 1592 3291
2 9406 2440 1592
2 3291 5912 11012
2 11012 5912 1696
2 3375 8244 1600
2 11012 5912 1696
2 1696 12454 15910
2 12454 15992 15910
2 15911 15910 15992
2 15911 15992 8825
2 6769 15911 8825
2 15873 15911 6769
2 15873 6769 10135
2 10135 10186 15873
2 15873 10186 3192
2 3192 16485 15873
2 15873 16485 15911
2 15910 15911 16485
2 16485 3192 2738
2 3192 7414 2738
2 2738 7414 15664
2 2738 15664 14642
2 2738 14642 1955
2 1949 1955 14642
2 1949 14642 15664
2 2564 1949 15664
2 2564 15664 14335
2 2564 14335 15670
2 15670 11638 2564
2 2564 11638 1673
2 2564 1673 4090
2 2564 4090 1949
2 1949 4090 11599
2 13252 1949 11599
2 13252 11599 4092
2 1955 1949 13252
2 15957 4090 1673
2 1673 10881 15957
2 16424 15957 10881
2 10881 10902 16424
2 2990 16424 10902
2 2990 10902 16426
2 2990 16426 16043
2 2990 16043 1180
2 1180 1181 2990
2 2990 1181 13086
2 2990 13086 16424
2 16424 13086 2792
2 4389 16424 2792
2 16424 4389 15957
2 13643 15957 4389
2 13643 4090 15957
2 13086 4086 2792
2 2130 4086 13086
2 2130 13086 1181
2 1181 4085 2130
2 2718 2130 4085
2 7383 2718 4085
2 4085 2127 7383
2 7383 2127 2128
2 2128 2718 7383
2 14499 2718 2128
2 2131 2718 14499
2 2130 2718 2131
2 2127 2126 2128
2 2128 2126 2809
2 2126 1597 2809
2 7963 2809 1597
2 7963 1597 3378
2 1597 11539 3378
2 11539 13689 3378
2 3378 13689 1849
2 13689 9702 1849
2 1849 9702 12483
2 1849 12483 15917
2 12483 2617 15917
2 15917 2617 14198
2 15917 14198 15865
2 3189 15865 14198
2 3189 14198 2617
2 2617 2735 3189
2 2735 15674 3189
2 3189 15674 15682
2 7346 3189 15682
2 2736 7346 15682
2 7786 2736 15682
2 15682 2567 7786
2 7786 2567 9093
2 1671 7786 9093
2 1671 9093 13928
2 8995 1671 13928
2 15959 8995 13928
2 13928 16426 15959
2 10902 15959 16426
2 10881 15959 10902
2 14757 15959 10881
2 1673 14757 10881
2 3893 14757 1673
2 11638 3893 1673
2 15670 3893 11638
2 7374 3893 15670
2 15670 3197 7374
2 7374 3197 2737
2 2737 3893 7374
2 14183 3893 2737
2 3892 14183 2737
2 2737 2736 3892
2 3892 2736 7786
2 3892 7786 1671
2 8995 3892 1671
2 1672 3892 8995
2 15959 1672 8995
2 15959 14757 1672
2 1672 14757 3893
2 14183 1672 3893
2 3892 1672 14183
2 3892 1672 14183
2 16484 2736 2737
2 16484 2737 3190
2 3190 15864 16484
2 15865 16484 15864
2 15865 15864 15913
2 7346 16484 15865
2 3189 7346 15865
2 16484 7346 2736
2 3190 2737 3197
2 16484 7346 2736
2 3892 1672 14183
2 14183 1672 3893
2 3190 2737 3197
2 15670 8678 3197
2 3197 8678 3191
2 8678 3198 3191
2 3198 10186 3191
2 14750 3191 10186
2 10135 14750 10186
2 3198 3192 10186
2 3192 3198 7414
2 7414 3198 15664
2 3198 14335 15664
2 3198 15670 14335
2 15670 3198 8678
2 15670 3198 8678
2 15670 3198 8678
2 2737 3893 7374
2 1672 14757 3893
2 15959 14757 1672
2 7309 16426 13928
2 2186 7309 13928
2 2186 13928 15965
2 15965 6622 2186
2 2186 6622 11593
2 11593 16423 2186
2 2186 16423 16043
2 16043 7309 2186
2 16043 16426 7309
2 16043 16423 13738
2 1180 16043 13738
2 13738 2127 1180
2 2127 4085 1180
2 4085 1181 1180
2 1179 2127 13738
2 13738 16423 1179
2 1179 16423 10125
2 1179 10125 5337
2 1179 5337 2125
2 1179 2125 13069
2 1179 13069 2127
2 13069 2126 2127
2 13069 10258 2126
2 2126 10258 11539
2 2126 11539 1597
2 3367 11539 10258
2 3367 10258 2124
2 3367 2124 1595
2 1595 3376 3367
2 3298 3367 3376
2 3298 3376 1697
2 3298 1697 9702
2 3298 9702 13689
2 11539 3298 13689
2 3367 3298 11539
2 9702 1697 12483
2 15912 12483 1697
2 2618 15912 1697
2 1697 15985 2618
2 15985 15921 2618
2 2618 15921 15878
2 2618 15878 15869
2 15869 15912 2618
2 15912 15869 2617
2 15912 2617 12483
2 13147 2617 15869
2 3196 13147 15869
2 3196 15869 15878
2 3195 3196 15878
2 3195 15878 3194
2 3195 3194 10039
2 3195 10039 1488
2 3195 1488 1485
2 1485 3196 3195
2 3196 1485 15675
2 1954 3196 15675
2 3891 1954 15675
2 3891 15675 16461
2 3891 16461 2560
2 3891 2560 1670
2 3891 1670 2566
2 1954 3891 2566
2 2566 15674 1954
2 15674 2735 1954
2 1954 2735 13147
2 1954 13147 3196
2 2735 2617 13147
2 15674 2566 7498
2 15674 7498 2567
2 15682 15674 2567
2 2567 7498 15643
2 9093 2567 15643
2 15643 15965 9093
2 9093 15965 13928
2 15965 15643 6622
2 15643 6713 6622
2 6622 6713 15963
2 6622 15963 11593
2 11593 15963 16040
2 5337 11593 16040
2 2791 5337 16040
2 2048 2791 16040
2 2048 16040 15962
2 2048 15962 15958
2 2048 15958 6363
2 2989 2048 6363
2 12265 2989 6363
2 6363 16584 12265
2 16584 2986 12265
2 12265 2986 14123
2 7922 12265 14123
2 7922 14123 10403
2 7922 10403 2121
2 7922 2121 4955
2 2989 7922 4955
2 2048 2989 4955
2 2048 4955 2791
2 4955 11889 2791
2 2791 11889 2123
2 5337 2791 2123
2 2125 5337 2123
2 2124 2125 2123
2 2123 11727 2124
2 1595 2124 11727
2 11727 11433 1595
2 12008 1595 11433
2 2804 12008 11433
2 2804 11433 2122
2 14477 2804 2122
2 2121 14477 2122
2 2122 4087 2121
2 11889 2121 4087
2 2123 11889 4087
2 4087 11727 2123
2 11433 11727 4087
2 4087 2122 11433
2 4955 2121 11889
2 4087 2122 11433
2 2121 10403 14477
2 14477 10403 10151
2 10151 7780 14477
2 7780 2804 14477
2 12584 2804 7780
2 12584 7780 2120
2 9525 12584 2120
2 10037 9525 2120
2 2120 8624 10037
2 10037 8624 9669
2 9669 13113 10037
2 12145 10037 13113
2 12145 13113 10115
2 12145 10115 6714
2 8301 12145 6714
2 10212 8301 6714
2 10212 6714 11392
2 1024 10212 11392
2 11392 12074 1024
2 12074 11714 1024
2 11714 10697 1024
2 10697 3294 1024
2 10212 1024 3294
2 10212 3294 7196
2 8066 10212 7196
2 3364 8066 7196
2 3364 7196 15014
2 3364 15014 13296
2 3364 13296 9525
2 9525 12145 3364
2 8066 3364 12145
2 8301 8066 12145
2 10212 8066 8301
2 12145 9525 10037
2 9525 13296 12584
2 12584 13296 1594
2 12584 1594 2804
2 2804 1594 12008
2 12008 1594 3377
2 1595 12008 3377
2 3377 13683 1595
2 13683 3376 1595
2 13683 11771 3376
2 1697 3376 11771
2 1697 11771 15985
2 11771 3377 15985
2 15985 3377 16198
2 15985 16198 15921
2 15921 16198 15983
2 15983 3194 15921
2 15878 15921 3194
2 15983 7710 3194
2 2733 3194 7710
2 2733 7710 2612
2 11510 2733 2612
2 1486 11510 2612
2 16482 1486 2612
2 2612 15916 16482
2 16482 15916 16483
2 24 16482 16483
2 16483 33 24
2 33 10790 24
2 10790 8657 24
2 24 8657 14
2 24 14 16482
2 14 9551 16482
2 9551 1486 16482
2 1486 9551 15659
2 11510 1486 15659
2 15659 5035 11510
2 11510 5035 3889
2 3889 2733 11510
2 10039 2733 3889
2 1488 10039 3889
2 14236 1488 3889
2 3889 9411 14236
2 9411 2558 14236
2 14236 2558 2563
2 14236 2563 11064
2 14236 11064 1488
2 11064 16461 1488
2 1485 1488 16461
2 16461 15675 1485
2 11064 2563 16461
2 2560 16461 2563
2 4091 2560 2563
2 12142 4091 2563
2 2558 12142 2563
2 2047 12142 2558
2 5581 2047 2558
2 2619 5581 2558
2 9411 2619 2558
2 5035 2619 9411
2 3889 5035 9411
2 5035 2562 2619
2 2562 5581 2619
2 12425 5581 2562
2 2562 2081 12425
2 2081 11351 12425
2 12425 11351 5581
2 11351 8544 5581
2 8544 2047 5581
2 2047 8544 16584
2 2047 16584 6363
2 2047 6363 12142
2 12142 6363 15958
2 4091 12142 15958
2 4091 15958 15962
2 2082 4091 15962
2 2082 15962 15963
2 2082 15963 1670
2 1670 2560 2082
2 4091 2082 2560
2 15963 6713 1670
2 2566 1670 6713
2 2566 6713 7498
2 7498 6713 15643
2 16040 15963 15962
2 4091 2082 2560
2 8544 12401 16584
2 2986 16584 12401
2 10053 2986 12401
2 10053 12401 5376
2 418 10053 5376
2 5376 7017 418
2 11403 418 7017
2 7017 7900 11403
2 7900 51 11403
2 51 58 11403
2 13469 11403 58
2 66 13469 58
2 58 8827 66
2 8827 76 66
2 13469 66 76
2 13469 76 14222
2 13469 14222 16550
2 11403 13469 16550
2 418 11403 16550
2 10358 418 16550
2 16550 10399 10358
2 10399 2713 10358
2 10358 2713 7215
2 7215 13091 10358
2 10053 10358 13091
2 2986 10053 13091
2 14123 2986 13091
2 14123 13091 9669
2 14123 9669 8624
2 14123 8624 10403
2 2120 10403 8624
2 10151 10403 2120
2 2120 7780 10151
2 9669 13091 7215
2 7215 10115 9669
2 9669 10115 13113
2 7215 2713 10115
2 10115 2713 6714
2 2713 11392 6714
2 2713 10399 11392
2 10399 16630 11392
2 11392 16630 12074
2 12074 16630 2119
2 11714 12074 2119
2 2119 84 11714
2 84 72 11714
2 72 10697 11714
2 62 10697 72
2 10790 62 72
2 10790 72 8661
2 10790 8661 7348
2 10790 7348 8657
2 10020 8657 7348
2 10020 7348 8827
2 58 10020 8827
2 51 10020 58
2 51 8657 10020
2 51 39 8657
2 39 29 8657
2 29 21 8657
2 12 8657 21
2 12 21 10024
2 12 10024 2433
2 5 12 2433
2 15659 5 2433
2 15659 2433 5035
2 2433 2562 5035
2 10024 2562 2433
2 2562 10024 2081
2 10024 13486 2081
2 13369 2081 13486
2 13369 13486 29
2 39 13369 29
2 13369 39 7017
2 2081 13369 7017
2 2081 7017 11351
2 7017 5376 11351
2 11351 5376 12401
2 8544 11351 12401
2 39 7900 7017
2 39 51 7900
2 21 29 13486
2 10024 21 13486
2 2081 13369 7017
2 10024 21 13486
2 9551 5 15659
2 5 9551 14
2 14 8657 5
2 5 8657 12
2 5 8657 12
2 10024 2562 2433
2 10024 21 13486
2 5 8657 12
2 21 29 13486
2 39 13369 29
2 39 51 7900
2 8827 7348 83
2 8827 83 76
2 83 14222 76
2 2119 14222 83
2 2119 83 84
2 8661 84 83
2 8661 83 7348
2 8661 72 84
2 2119 16630 14222
2 16630 16550 14222
2 16550 16630 10399
2 8661 83 7348
2 51 8657 10020
2 8661 83 7348
2 8661 72 84
2 62 10790 55
2 62 55 1850
2 62 1850 10697
2 10697 1850 3294
2 1850 10406 3294
2 10406 3372 3294
2 3372 7196 3294
2 3373 7196 3372
2 3373 3372 15983
2 3373 15983 16198
2 3373 16198 15014
2 3373 15014 7196
2 15014 16198 8276
2 15014 8276 1594
2 15014 1594 13296
2 8276 3377 1594
2 8276 16198 3377
2 8276 16198 3377
2 15983 3372 15916
2 15983 15916 7710
2 7710 15916 2612
2 15982 15916 3372
2 10406 15982 3372
2 1850 15982 10406
2 15982 1850 12845
2 12845 16483 15982
2 16483 15916 15982
2 33 16483 12845
2 33 12845 43
2 43 10790 33
2 55 10790 43
2 55 43 1850
2 12845 1850 43
2 12845 1850 43
2 12845 1850 43
2 16483 15916 15982
2 3373 15014 7196
2 10406 15982 3372
2 1850 15982 10406
2 55 43 1850
2 55 10790 43
2 62 1850 10697
2 8661 72 84
2 2119 83 84
2 2119 16630 14222
2 16550 16630 10399
2 10053 418 10358
2 9669 13091 7215
2 7215 2713 10115
2 2713 10399 11392
2 16550 16630 10399
2 10053 418 10358
2 16630 16550 14222
2 83 14222 76
2 8827 83 76
2 58 10020 8827
2 13469 66 76
2 11403 13469 16550
2 51 10020 58
2 39 51 7900
2 39 7900 7017
2 418 11403 16550
2 7017 5376 11351
2 10053 418 10358
2 11351 5376 12401
2 2986 10053 13091
2 8544 11351 12401
2 8544 11351 12401
2 2081 7017 11351
2 2562 10024 2081
2 12425 11351 5581
2 2433 2562 5035
2 2562 5581 2619
2 8544 2047 5581
2 2047 6363 12142
2 4091 12142 15958
2 4091 2082 2560
2 11064 2563 16461
2 2558 12142 2563
2 9411 2619 2558
2 3889 5035 9411
2 14236 11064 1488
2 10039 3194 2733
2 3889 5035 9411
2 15659 2433 5035
2 9551 5 15659
2 5 9551 14
2 14 8657 5
2 10790 7348 8657
2 43 10790 33
2 33 16483 12845
2 24 14 16482
2 16483 15916 15982
2 7710 15916 2612
2 9551 1486 16482
2 11510 1486 15659
2 3889 2733 11510
2 7710 15916 2612
2 10039 3194 2733
2 15983 15916 7710
2 3373 15983 16198
2 8276 16198 3377
2 3377 11771 13683
2 3377 11771 13683
2 3377 11771 13683
2 8276 3377 1594
2 15014 1594 13296
2 15014 1594 13296
2 3373 15014 7196
2 8066 3364 12145
2 10212 8066 8301
2 3372 7196 3294
2 10697 1850 3294
2 72 10697 11714
2 11714 12074 2119
2 11392 16630 12074
2 10212 1024 3294
2 2713 11392 6714
2 10212 8066 8301
2 8301 8066 12145
2 10115 2713 6714
2 9669 10115 13113
2 12145 9525 10037
2 9669 10115 13113
2 14123 9669 8624
2 2120 10403 8624
2 12145 9525 10037
2 9525 13296 12584
2 2120 7780 10151
2 12584 1594 2804
2 2120 7780 10151
2 10151 10403 2120
2 7780 2804 14477
2 4087 2122 11433
2 2804 1594 12008
2 1595 12008 3377
2 11433 11727 4087
2 4087 11727 2123
2 2125 2124 10258
2 2125 10258 13069
2 2123 11889 4087
2 4955 2121 11889
2 2989 12265 7922
2 4955 2121 11889
2 2121 10403 14477
2 14123 8624 10403
2 2989 12265 7922
2 14123 2986 13091
2 2986 16584 12401
2 2047 16584 6363
2 2989 12265 7922
2 2048 2989 4955
2 12142 6363 15958
2 4091 15958 15962
2 16040 15963 15962
2 2048 4955 2791
2 5337 2791 2123
2 5337 10125 11593
2 10125 16423 11593
2 16040 15963 15962
2 15963 6713 1670
2 7498 6713 15643
2 7498 6713 15643
2 2566 6713 7498
2 2566 1670 6713
2 1670 2560 2082
2 2560 16461 2563
2 16461 15675 1485
2 1954 3891 2566
2 1954 13147 3196
2 16461 15675 1485
2 1485 1488 16461
2 1488 10039 3889
2 10039 3194 2733
2 15878 15921 3194
2 1485 3196 3195
2 1954 13147 3196
2 2735 2617 13147
2 3196 15869 15878
2 15878 15921 3194
2 15985 16198 15921
2 1697 11771 15985
2 15869 15912 2618
2 15912 2617 12483
2 1697 3376 11771
2 3367 3298 11539
2 13683 3376 1595
2 1595 2124 11727
2 2125 2124 10258
2 3367 3298 11539
2 2125 10258 13069
2 2125 10258 13069
2 2125 5337 2123
2 5337 10125 11593
2 10125 16423 11593
2 1179 13069 2127
2 13738 16423 1179
2 10125 16423 11593
2 6622 15963 11593
2 15965 15643 6622
2 9093 15965 13928
2 16043 7309 2186
2 16043 16426 7309
2 15959 1672 8995
2 8995 3892 1671
2 9093 15965 13928
2 3892 7786 1671
2 9093 2567 15643
2 15682 15674 2567
2 3892 2736 7786
2 16484 7346 2736
2 3189 7346 15865
2 15682 15674 2567
2 15674 2735 1954
2 2735 2617 13147
2 3189 7346 15865
2 3189 14198 2617
2 15912 2617 12483
2 9702 1697 12483
2 3298 9702 13689
2 11539 3298 13689
2 2126 11539 1597
2 2126 11539 1597
2 13069 2126 2127
2 2127 4085 1180
2 2128 2718 7383
2 2130 2718 2131
2 4085 1181 1180
2 2130 13086 1181
2 4085 1181 1180
2 1180 16043 13738
2 16043 16426 7309
2 10902 15959 16426
2 2990 13086 16424
2 10881 15959 10902
2 16424 4389 15957
2 1673 14757 10881
2 13643 4090 15957
2 11638 3893 1673
2 15670 3893 11638
2 3198 15670 14335
2 3198 14335 15664
2 2564 4090 1949
2 1955 1949 13252
2 1949 14642 15664
2 7414 3198 15664
2 3192 3198 7414
2 3198 3192 10186
2 10135 14750 10186
2 15873 16485 15911
2 15910 15911 16485
2 12454 15992 15910
2 3375 8244 1600
2 2811 1599 12563
2 2811 2132 1599
2 3368 1600 8244
2 2811 2132 1599
2 2719 2720 13123
2 2811 2132 1599
2 10531 1599 1598
2 2811 1599 12563
2 11380 1600 12563
2 3375 11380 15992
2 15911 15992 8825
2 3293 10531 1700
2 6769 15911 8825
2 15873 6769 10135
2 10135 14750 10186
2 15862 16481 12056
2 14750 3191 10186
2 3197 8678 3191
2 3190 2737 3197
2 15862 12056 9294
2 3190 15864 16484
2 15862 12056 9294
2 15865 15864 15913
2 16481 1700 12056
2 10531 3299 1700
2 15913 1700 9735
2 15865 15864 15913
2 15917 14198 15865
2 1849 12483 15917
2 15913 5311 12514
2 3378 13689 1849
2 7963 1597 3378
2 9735 3299 5311
2 7963 2809 1597
2 3299 10531 1598
2 2128 2126 2809
2 14499 2718 2128
2 2131 2718 14499
2 11859 1598 1599
2 11859 2132 2719
2 2130 2718 2131
2 2130 4086 13086
2 2719 2720 13123
2 13086 4086 2792
2 4389 16424 2792
2 13643 15957 4389
2 13643 4090 15957
2 1949 4090 11599
2 13252 11599 4092
2 4092 13882 14689
2 13252 11599 4092
2 1955 1949 13252
2 15663 2561 13517
2 13517 1487 15663
2 1487 16019 15663
2 1952 1487 13517
2 13517 2561 1952
2 11344 1952 2561
2 13517 2561 1952
2 14689 2466 13121
2 2466 13228 14252
2 14252 13228 4089
2 11344 1952 2561
2 1668 2569 4089
2 11344 1952 2561
2 2569 1948 16460
2 1952 1487 13517
2 16460 2728 2613
2 2613 16184 15920
2 15980 15920 9933
2 2614 15915 3199
2 2613 15881 13714
2 13714 1487 2613
2 1487 16019 15663
2 2614 15915 3199
2 1487 16019 15663
2 13121 15663 12581
2 13121 12581 1955
2 2738 14642 1955
2 16485 3192 2738
2 16019 3199 2739
2 15910 15911 16485
2 2614 15915 3199
2 1696 12454 15910
2 11012 5912 1696
2 15881 15980 15915
2 3291 5912 11012
2 1847 1591 15980
2 9406 1592 3291
2 9406 2440 1592
2 1591 16060 1593
2 9406 2440 1592
2 5485 12238 1592
2 5485 12238 1592
2 8244 12238 3368
2 2133 2811 3368
2 14316 7471 16674
2 2132 2133 2720
2 2719 2720 13123
2 14316 13133 7471
2 7224 2792 13123
2 8011 16045 1182
2 1182 15233 8011
2 13095 4389 7224
2 13095 15960 4389
2 4336 11599 15960
2 8011 16045 1182
2 13882 4092 4336
2 13882 8542 2466
2 10645 8542 5257
2 1182 15233 8011
2 12149 5257 2793
2 1245 6816 2793
2 10905 2183 1245
2 1182 15233 8011
2 1182 7224 13133
2 14316 13133 7471
2 4088 14316 16674
2 15233 10900 10905
2 5485 8337 4088
2 10905 2183 1245
2 5485 2806 8337
2 2715 6816 2183
2 2806 2440 1593
2 1593 3366 2712
2 2807 2717 2715
2 1593 3366 2712
2 3297 3366 125
2 3297 125 145
2 125 12305 145
2 13234 1728 12305
2 201 178 1728
2 2812 3297 161
2 2716 2721 2812
2 178 201 16475
2 158 16475 2071
2 2716 2721 2812
2 129 158 2071
2 2721 158 13729
2 2721 2717 2712
2 2807 2717 2715
2 2715 6816 2183
2 2793 6816 13065
2 10059 14516 13065
2 13729 129 2118
2 129 11399 110
2 12417 14516 10059
2 15961 12417 12994
2 110 11399 13126
2 2707 122 12994
2 13126 11399 15837
2 2707 3066 12951
2 15837 11399 6612
2 1846 8708 6612
2 8708 3034 4705
2 4705 11865 13629
2 11052 8708 9883
2 11052 3066 15837
2 3066 1570 6407
2 12960 2919 9883
2 1143 12960 13629
2 10563 6407 1570
2 9672 6407 10563
2 12790 9672 10855
2 12790 10855 2228
2 3558 1143 11746
2 11746 105 136
2 12790 2228 2726
2 7368 2726 2522
2 14674 187 2522
2 14674 187 2522
2 203 9869 187
2 203 226 16402
2 226 13117 266
2 15580 16185 13117
2 12743 190 15580
2 1840 14721 203
2 167 15244 1840
2 14721 15179 12743
2 12743 174 190
2 188 174 155
2 155 139 188
2 188 139 106
2 14410 107 106
2 10804 14417 14410
2 10804 6473 14417
2 13969 15567 6473
2 13680 3920 13969
2 632 14934 13680
2 183 205 632
2 170 183 14474
2 170 183 14474
2 2072 1163 170
2 13457 15299 2072
2 13946 12495 13457
2 11865 13946 13629
2 1143 12960 13629
2 11746 1143 105
2 12016 136 105
2 12016 136 105
2 157 2228 136
2 2522 157 14565
2 14674 14565 2906
2 11311 2903 2906
2 1729 12016 3933
2 2901 11311 1734
2 3823 1037 3933
2 11595 2900 1734
2 1733 2900 11595
2 1733 14304 2899
2 1733 14304 2899
2 3156 2899 14175
2 3156 2899 14175
2 3156 14003 2900
2 14003 3152 2901
2 3152 2903 2901
2 2903 167 2906
2 167 15244 1840
2 114 16305 134
2 15244 12659 15179
2 13914 155 12659
2 13914 13837 139
2 13837 10647 14410
2 114 16305 134
2 10647 94 10804
2 94 112 10804
2 112 16428 6473
2 3315 3313 2385
2 16428 160 13969
2 3787 14474 160
2 14278 13219 3787
2 3315 3313 2385
2 14278 13219 3787
2 16121 3787 13219
2 2816 10177 16121
2 14974 16079 5824
2 16121 16122 3787
2 16122 143 170
2 119 16079 14681
2 14022 13457 143
2 14022 14805 13946
2 14805 92 1143
2 119 16079 14681
2 13964 105 92
2 14681 16079 14974
2 3823 3933 13964
2 14974 5824 6425
2 3823 11406 1037
2 3823 11406 1037
2 13864 11595 1037
2 13864 2789 1733
2 1733 2789 15325
2 15193 1733 15325
2 15297 14304 15193
2 15297 14050 14304
2 3155 2899 14050
2 11854 12278 3155
2 11854 12278 3155
2 14635 12278 13355
2 11353 3156 12278
2 3120 14003 11353
2 3120 3116 3152
2 3116 134 167
2 114 16305 134
2 1680 3902 3120
2 114 16036 94
2 13632 16036 16033
2 1839 1680 3120
2 1839 14635 14238
2 13632 16033 15534
2 14238 13447 2383
2 3315 13632 15534
2 14278 3315 3302
2 3302 2816 13219
2 10177 2816 2260
2 12398 16116 2260
2 16135 3785 12491
2 12398 16116 2260
2 16106 16116 16117
2 16113 16129 11477
2 16066 14963 11637
2 16077 10920 14963
2 16066 14963 11637
2 16066 14963 11637
2 16066 16113 16107
2 16129 16113 12560
2 10832 12560 16117
2 16106 16116 16117
2 16113 4066 6957
2 4066 3826 786
2 6957 12500 16106
2 16106 9582 16116
2 9582 3340 16116
2 6425 5824 3340
2 3825 11406 6425
2 3825 16051 2344
2 16106 15391 4061
2 12500 786 15391
2 3825 16051 2344
2 15325 2344 2343
2 4066 3826 786
2 2644 2343 9978
2 15927 3821 3826
2 2644 2343 9978
2 2654 1732 2644
2 2654 1732 2644
2 15193 1732 2898
2 1872 15297 2898
2 16567 3155 1872
2 3154 2898 2897
2 1870 2897 14690
2 3118 3154 1871
2 16618 3119 3118
2 16618 3119 3118
2 3154 3119 16567
2 3161 11854 16567
2 3161 13355 11854
2 14238 13355 13447
2 14238 13447 2383
2 2741 3311 12195
2 15534 2383 3794
2 3794 3785 2260
2 16135 3785 12491
2 2741 3311 12195
2 12824 12571 2742
2 12195 1833 2741
2 1833 3161 10328
2 3159 10328 3119
2 12824 12571 2742
2 3159 16618 12109
2 14775 2382 12109
2 12824 12571 2742
2 2741 12824 3304
2 3786 3792 14469
2 12491 3311 3304
2 16135 3785 12491
2 16135 10832 16117
2 3786 3792 14469
2 10832 16129 12560
2 2270 11477 16129
2 3786 3792 14469
2 2270 3793 3790
2 3792 12824 3312
2 2382 3312 2742
2 14775 3144 2382
2 2270 3793 3790
2 11477 3790 16128
2 11477 16128 16107
2 16107 16077 16066
2 16077 13961 10920
2 13961 4063 10920
2 7776 4063 16115
2 10920 4063 4190
2 12245 2341 14903
2 10920 4190 15927
2 15927 3821 3826
2 2653 2644 3821
2 2653 2643 10138
2 10138 2643 14383
2 12996 15927 2342
2 2341 2342 4190
2 10138 2643 14383
2 12245 2642 2341
2 10138 2643 14383
2 2653 2643 10138
2 14690 2654 2653
2 1870 2897 14690
2 14687 9867 1869
2 14687 14052 1870
2 3905 1871 1870
2 1685 3905 11115
2 11897 3909 3117
2 1685 3905 11115
2 1685 10663 16034
2 10663 7704 16034
2 2429 16490 1835
2 7704 2380 16034
2 3303 14437 10411
2 14437 3795 10411
2 2381 10411 3795
2 3795 12207 2381
2 12207 3795 1139
2 12633 1139 3795
2 14437 12633 3795
2 2268 12633 14437
2 3791 2268 14437
2 3303 3791 14437
2 3788 3791 3303
2 3788 3303 3308
2 3788 3308 3301
2 2267 3788 3301
2 13526 2267 3301
2 7135 2267 13526
2 3347 2267 7135
2 3347 7135 8057
2 2268 2267 3347
2 3347 9089 2268
2 9089 12633 2268
2 9089 1139 12633
2 9089 16125 1139
2 13707 16125 9089
2 3347 13707 9089
2 3347 13707 9089
2 2267 2268 3788
2 3788 2268 3791
2 2267 2268 3788
2 3788 2268 3791
2 3788 2268 3791
2 9089 12633 2268
2 9089 1139 12633
2 14437 12633 3795
2 3303 3791 14437
2 16034 2380 13061
2 2381 10411 3795
2 16034 2380 13061
2 1685 16034 12600
2 11308 3905 12600
2 14775 12109 11308
2 14775 3144 2382
2 3144 12792 3310
2 16034 2381 16491
2 3795 12207 2381
2 3144 12792 3310
2 13292 3790 3310
2 12207 3795 1139
2 13292 12819 16128
2 9089 16125 1139
2 16114 16128 12819
2 16114 13555 4063
2 13555 16115 4063
2 13707 16125 9089
2 3347 13707 9089
2 3347 7135 8057
2 4064 7776 16115
2 4064 1799 13495
2 4064 1799 13495
2 12245 14903 13495
2 12245 2641 2642
2 2340 12387 1034
2 2650 2641 12820
2 2650 12820 2790
2 14612 2650 2790
2 13973 2650 14612
2 2650 12820 2790
2 12387 15289 1034
2 14612 2650 2790
2 13973 2650 14612
2 13973 2650 14612
2 2650 2641 12820
2 12245 2641 2642
2 2642 2652 14383
2 14684 2651 2650
2 10138 2652 9867
2 14687 9867 1869
2 11897 3117 1869
2 11897 3909 3117
2 11817 10663 3909
2 3904 11817 10507
2 3153 9867 14684
2 14684 13973 1868
2 3904 11817 10507
2 1835 11817 3904
2 2429 16490 1835
2 1837 2429 13295
2 15344 3904 13138
2 3904 1868 13138
2 1868 14612 2904
2 13295 15344 3352
2 1837 2429 13295
2 1837 2429 13295
2 2429 16490 1835
2 16490 14141 7704
2 3303 2380 14141
2 3788 3303 3308
2 3788 3308 3301
2 3301 12017 3784
2 13526 2267 3301
2 7135 2267 13526
2 3347 7135 8057
2 8057 16109 10454
2 7135 2817 16120
2 3784 13681 2817
2 13659 3300 13681
2 3300 14699 2819
2 13586 2817 2819
2 16109 16120 13586
2 8057 16109 10454
2 1799 10454 219
2 11692 4062 12411
2 12411 4062 16053
2 12411 16053 15243
2 9262 12411 15243
2 15243 1033 9262
2 16111 4062 11692
2 16111 4062 11692
2 16109 14377 15431
2 14377 13586 16123
2 16123 14699 14115
2 16111 4062 11692
2 14699 2259 14115
2 14319 2098 16112
2 16071 2098 10492
2 16071 10492 14280
2 14280 10492 16067
2 16067 10492 16108
2 10492 14294 10222
2 16067 10492 16108
2 10319 5131 6730
2 6730 5131 6936
2 6936 5131 4610
2 15245 6936 4610
2 10613 15245 4610
2 4610 13687 10613
2 10613 13687 2257
2 2257 15245 10613
2 2257 15245 10613
2 10319 10375 5131
2 10319 14308 10375
2 10319 14308 10375
2 3349 10222 9704
2 10222 14294 9704
2 14294 2098 4162
2 4162 14319 2820
2 9704 2188 10341
2 9704 10341 14308
2 10319 14308 10375
2 10319 10375 5131
2 6936 5131 4610
2 7528 12405 7452
2 4610 13687 10613
2 11508 2389 2386
2 2387 11508 2386
2 2387 2386 16026
2 16026 61 2387
2 61 71 2387
2 71 3143 2387
2 71 82 3143
2 2389 11648 2386
2 2389 2388 11648
2 2387 11508 2386
2 71 3143 2387
2 10613 13687 2257
2 71 82 3143
2 88 12059 82
2 88 16131 12059
2 2257 15245 10613
2 88 16131 12059
2 15245 6936 4610
2 6730 5131 6936
2 6730 16108 3349
2 16067 10492 16108
2 3344 16069 11825
2 11320 16069 3344
2 6730 6343 13015
2 6343 15245 16131
2 11320 16069 3344
2 11320 16069 3344
2 3344 16069 11825
2 13015 11825 16067
2 14280 10492 16067
2 16071 10492 14280
2 16071 2098 10492
2 14319 2098 16112
2 4062 14115 16112
2 12411 4062 16053
2 1798 4067 16071
2 16053 4067 10260
2 12411 16053 15243
2 15243 1033 9262
2 14406 3264 13686
2 3264 2648 13686
2 10013 1033 14131
2 10288 10013 14131
2 14131 2896 10288
2 14131 2896 10288
2 14131 2896 10288
2 10288 10013 14131
2 10013 1033 14131
2 15243 1033 9262
2 9262 12411 15243
2 15431 12411 219
2 1799 219 12387
2 12387 15289 1034
2 3820 9262 6694
2 10013 2649 6694
2 6695 2790 15289
2 2649 10288 14348
2 6695 2649 9020
2 2790 6695 9355
2 14612 9355 2904
2 3352 2904 7611
2 9020 14348 14566
2 1867 3352 7611
2 2896 7401 14348
2 1867 3907 3352
2 1837 3907 10604
2 3907 7401 7504
2 7401 2896 3149
2 10604 7504 10570
2 9486 1837 10604
2 16025 2375 6283
2 1837 9486 508
2 12762 2429 508
2 2377 16490 12762
2 12017 3308 2377
2 3307 3784 12017
2 9486 6283 2376
2 3307 13659 13681
2 16025 2375 6283
2 13659 3300 13681
2 14699 3300 2259
2 14319 2259 2820
2 2820 7662 2188
2 2820 3783 12652
2 3783 3300 3306
2 3306 13659 2375
2 2375 16025 9488
2 7144 12652 3314
2 3123 9488 6537
2 7662 12652 7144
2 7662 7528 10341
2 7528 12405 7452
2 2389 13687 12405
2 3305 7144 3123
2 2389 2388 11648
2 3123 9488 6537
2 16025 1836 6537
2 3163 1836 10604
2 12719 15417 9429
2 12719 15417 9429
2 15844 14624 3157
2 12719 3163 13224
2 10570 3149 3163
2 15844 14624 3157
2 3149 2896 7650
2 14131 2648 7650
2 12912 2648 3264
2 15844 14624 3157
2 14624 3150 13224
2 2902 3150 12696
2 1031 14139 15224
2 5297 14139 13959
2 2902 3150 12696
2 8737 3906 2902
2 8737 3906 2902
2 1692 1682 12116
2 3906 15417 2902
2 12719 15417 9429
2 9429 2388 6537
2 2389 2388 11648
2 12116 3158 3906
2 1692 1682 12116
2 2389 11648 2386
2 2387 2386 16026
2 7242 1682 1692
2 34 7242 27
2 50 34 44
2 16026 61 2387
2 50 34 44
2 61 71 2387
2 71 82 3143
2 88 12059 82
2 88 16131 12059
2 70 11320 16131
2 88 44 78
2 70 54 16069
2 16052 54 35
2 11 23 44
2 11 1032 23
2 23 1032 15925
2 15925 1032 14813
2 23 1032 15925
2 16052 54 35
2 16069 16052 13390
2 16069 13390 16050
2 15925 1032 14813
2 9167 16050 15925
2 16050 9245 16067
2 16071 9245 1798
2 2339 10260 1798
2 2339 3264 14406
2 12912 2648 3264
2 12912 1031 15224
2 2339 10822 14462
2 3819 10822 1798
2 14139 1031 13959
2 9167 14813 3819
2 5297 14139 13959
2 15925 1032 14813
2 11 1032 23
2 5297 14813 911
2 7533 2902 5297
2 7533 3351 8737
2 1692 3351 10850
2 17 10850 4
2 2895 911 11
2 4 44 17
2 11 23 44
3 8060 2 7736
3 15191 8060 7736
3 15191 7736 446
3 15784 15191 446
3 16527 15784 446
3 446 13466 16527
3 16527 13466 6470
3 6470 11240 16527
3 16527 11240 15784
3 11240 10021 15784
3 15784 10021 2975
3 15784 2975 15191
3 2975 8060 15191
3 2976 2975 10021
3 2976 10021 13970
3 2976 13970 3595
3 9827 3595 13970
3 9827 13970 9289
3 9827 9289 475
3 9827 475 13192
3 9827 13192 12775
3 3595 9827 12775
3 13192 3599 12775
3 2965 12775 3599
3 13192 14320 3599
3 3599 14320 3600
3 14320 10533 3600
3 10533 3601 3600
3 6077 3600 3601
3 3601 10533 474
3 474 2977 3601
3 2977 474 3596
3 3596 474 5495
3 3596 5495 4424
3 4424 11944 3596
3 9682 11944 4424
3 4424 5495 9682
3 9682 5495 12920
3 9682 12920 447
3 447 15453 9682
3 15453 11944 9682
3 15453 3591 11944
3 2961 11944 3591
3 15453 10050 3591
3 15550 3591 10050
3 10050 3590 15550
3 15570 3590 10050
3 443 15570 10050
3 10050 12750 443
3 443 12750 4727
3 4727 14582 443
3 14572 443 14582
3 5415 14572 14582
3 5415 14582 4878
3 13202 5415 4878
3 13202 4878 8922
3 13403 13202 8922
3 13403 8922 450
3 450 12163 13403
3 13403 12163 13763
3 13403 13763 448
3 448 13202 13403
3 9864 13202 448
3 448 15615 9864
3 15615 3597 9864
3 9864 3597 15356
3 3598 9864 15356
3 3598 4885 9864
3 5415 9864 4885
3 4885 14572 5415
3 14572 4885 15649
3 14572 15649 15570
3 443 14572 15570
3 15570 15649 3590
3 3598 15649 4885
3 9864 5415 13202
3 3598 15649 4885
3 15615 14332 3597
3 14332 3592 3597
3 3597 3592 6432
3 10885 6432 3592
3 15026 10885 3592
3 14332 15026 3592
3 15446 15026 14332
3 15446 14332 448
3 15446 448 13763
3 5372 15446 13763
3 5372 13763 4665
3 13716 5372 4665
3 13716 4665 13762
3 13376 13716 13762
3 13376 13762 452
3 452 6886 13376
3 13376 6886 451
3 451 13716 13376
3 451 5826 13716
3 5826 5372 13716
3 5826 6315 5372
3 6315 15026 5372
3 5372 15026 15446
3 10885 15026 6315
3 3593 10885 6315
3 3593 6315 15618
3 11549 3593 15618
3 6911 11549 15618
3 451 6911 15618
3 15618 5826 451
3 5826 15618 6315
3 6911 451 12698
3 12698 15593 6911
3 3594 6911 15593
3 3594 15593 6996
3 3594 6996 10869
3 1684 3594 10869
3 14427 10869 6996
3 14427 6996 11163
3 1376 14427 11163
3 11163 1915 1376
3 1915 11495 1376
3 11495 1915 5499
3 5499 11374 11495
3 11495 11374 1377
3 11495 1377 3228
3 9772 1377 11374
3 11374 9749 9772
3 9772 9749 6358
3 6358 4310 9772
3 9772 4310 11666
3 11666 1377 9772
3 11666 840 1377
3 3496 11666 4310
3 3496 4310 7245
3 6059 3496 7245
3 6059 7245 5917
3 16239 6059 5917
3 16239 5917 4114
3 3420 16239 4114
3 3420 4114 7244
3 3420 7244 14036
3 15599 3420 14036
3 14104 15599 14036
3 3419 14104 14036
3 3419 14036 16422
3 3419 16422 484
3 3419 484 12068
3 3419 12068 13105
3 13105 16410 3419
3 16410 14104 3419
3 14104 16410 3870
3 4751 14104 3870
3 3870 1288 4751
3 1288 14103 4751
3 14103 5926 4751
3 5926 15599 4751
3 4751 15599 14104
3 5926 3420 15599
3 5926 6359 3420
3 6359 16239 3420
3 6359 6059 16239
3 6253 6059 6359
3 4337 6253 6359
3 5150 4337 6359
3 5150 6359 11478
3 3497 5150 11478
3 9875 3497 11478
3 9875 11478 3341
3 3422 9875 3341
3 3422 3341 14103
3 3422 14103 5021
3 11582 3422 5021
3 11582 5021 6466
3 6466 5534 11582
3 15681 11582 5534
3 15681 5534 13114
3 3430 15681 13114
3 3430 13114 3431
3 3431 3502 3430
3 4383 3430 3502
3 3498 3430 4383
3 3498 3424 3430
3 15681 3430 3424
3 14048 15681 3424
3 14048 3424 5330
3 9875 14048 5330
3 9875 5330 15382
3 9875 15382 3497
3 3422 14048 9875
3 14048 3422 11582
3 11582 15681 14048
3 3498 5330 3424
3 11582 15681 14048
3 3498 5330 3424
3 3502 3431 3503
3 3431 902 3503
3 902 3444 3503
3 3503 3444 3499
3 3503 3499 1374
3 3629 3499 3444
3 3444 11094 3629
3 3629 11094 3504
3 11094 3435 3504
3 3435 3505 3504
3 2221 3504 3505
3 3505 3435 11716
3 11716 11665 3505
3 6329 3505 11665
3 3450 11665 11716
3 5575 3450 11716
3 3449 5575 11716
3 3449 11716 15510
3 3449 15510 3456
3 3456 5082 3449
3 5082 5055 3449
3 3449 5055 5575
3 5575 5055 15416
3 5575 15416 15748
3 3450 5575 15748
3 15748 3506 3450
3 3450 3506 11665
3 11755 3506 15748
3 15748 15483 11755
3 15483 11054 11755
3 11054 3460 11755
3 3460 3500 11755
3 15174 11755 3500
3 15174 15169 11755
3 11755 15169 3506
3 3500 3460 4700
3 3500 4700 3501
3 3501 4700 16680
3 16680 10228 3501
3 3501 10228 3507
3 3501 3507 15525
3 3501 15525 6752
3 15525 3507 15168
3 15168 3507 11750
3 16600 15168 11750
3 16600 11750 3508
3 6847 3508 11750
3 6847 11750 3473
3 7856 6847 3473
3 7856 3473 15000
3 7856 15000 5252
3 15281 7856 5252
3 5252 9894 15281
3 15281 9894 3814
3 15281 3814 3492
3 15281 3492 4970
3 15281 4970 7856
3 4970 9315 7856
3 9315 6847 7856
3 9315 3508 6847
3 3508 9315 14163
3 3508 14163 15412
3 15412 14163 15410
3 14163 381 15410
3 381 14163 8235
3 8235 658 381
3 14163 6060 8235
3 6060 954 8235
3 8235 954 3523
3 6405 8235 3523
3 3523 954 13918
3 13918 14518 3523
3 13918 16542 14518
3 16542 3520 14518
3 6538 3520 16542
3 6538 16542 4696
3 4696 5775 6538
3 5942 6538 5775
3 11878 5942 5775
3 11878 5775 4522
3 11878 4522 6164
3 11878 6164 6863
3 9007 11878 6863
3 9007 6863 5622
3 9007 5622 5807
3 10630 9007 5807
3 2995 10630 5807
3 5807 4882 2995
3 2995 4882 3481
3 14573 2995 3481
3 4552 14573 3481
3 5327 4552 3481
3 7340 5327 3481
3 3481 3358 7340
3 3358 8348 7340
3 8348 5327 7340
3 5327 8348 13599
3 4552 5327 13599
3 5858 4552 13599
3 4374 5858 13599
3 4374 13599 4105
3 4374 4105 3478
3 4374 3478 718
3 4374 718 3490
3 3490 15302 4374
3 15302 5858 4374
3 5858 15302 13392
3 13392 4552 5858
3 4552 13392 14573
3 13392 11112 14573
3 14573 11112 3491
3 3491 5752 14573
3 14573 5752 2995
3 5752 10630 2995
3 5752 9417 10630
3 9417 3472 10630
3 10630 3472 9007
3 3472 11878 9007
3 3472 5942 11878
3 5942 3472 6967
3 4990 5942 6967
3 4990 6967 9417
3 4990 9417 14896
3 14896 12654 4990
3 3519 4990 12654
3 3519 12654 5431
3 3519 7494 4990
3 7494 6538 4990
3 6538 5942 4990
3 7494 3520 6538
3 3520 7494 3519
3 3520 7494 3519
3 14896 3510 12654
3 15539 3510 14896
3 3491 15539 14896
3 14896 9417 3491
3 3491 9417 5752
3 11112 15539 3491
3 11112 13998 15539
3 10652 15539 13998
3 13998 3512 10652
3 13261 3512 13998
3 3489 13261 13998
3 3489 13998 11112
3 3489 11112 13392
3 13392 15302 3489
3 4766 3489 15302
3 4766 15302 3488
3 3488 5956 4766
3 5956 13261 4766
3 3489 4766 13261
3 13261 5956 3413
3 9683 13261 3413
3 3413 3511 9683
3 5969 3511 3413
3 5956 5969 3413
3 3488 5969 5956
3 3488 2138 5969
3 5969 2138 8615
3 8615 3511 5969
3 8615 3522 3511
3 3418 3522 8615
3 8615 15189 3418
3 3418 15189 1686
3 3521 3418 1686
3 10297 3521 1686
3 10297 1686 3414
3 10297 3414 3518
3 10297 3518 5666
3 5666 3518 3128
3 3128 3518 3517
3 3518 7087 3517
3 3517 7087 15568
3 3516 3517 15568
3 3516 15568 3417
3 3417 3515 3516
3 3417 16232 3515
3 16232 3509 3515
3 15276 3515 3509
3 6055 3509 16232
3 5411 6055 16232
3 15509 5411 16232
3 3417 15509 16232
3 16647 15509 3417
3 16647 3417 15568
3 15568 10705 16647
3 16647 10705 3470
3 16647 3470 1561
3 16647 1561 11900
3 11900 15509 16647
3 11900 5411 15509
3 4276 5411 11900
3 11900 5483 4276
3 5483 15309 4276
3 4276 15309 11898
3 11898 5528 4276
3 5528 8639 4276
3 4276 8639 5411
3 8639 16233 5411
3 5411 16233 6055
3 6055 16233 3353
3 6055 3353 3509
3 13093 3509 3353
3 13093 3353 5531
3 5531 3514 13093
3 3514 5531 15632
3 15632 3513 3514
3 1459 3514 3513
3 1459 3513 12749
3 3513 7125 12749
3 12749 7125 9088
3 12749 9088 380
3 380 15188 12749
3 9088 7125 7364
3 7364 7125 5535
3 5535 691 7364
3 15688 691 5535
3 5535 473 15688
3 15688 473 505
3 505 14943 15688
3 15688 14943 691
3 14943 10723 691
3 10723 690 691
3 10723 14530 690
3 689 690 14530
3 7919 689 14530
3 7492 7919 14530
3 504 7492 14530
3 504 14530 13639
3 7768 504 13639
3 13639 4621 7768
3 7768 4621 10400
3 6683 7768 10400
3 506 6683 10400
3 10400 5528 506
3 506 5528 11898
3 11898 11255 506
3 10221 506 11255
3 10221 11255 1493
3 4487 10221 1493
3 4487 1493 7811
3 4487 7811 3415
3 11431 4487 3415
3 11431 3415 4263
3 11431 4263 14831
3 14831 15575 11431
3 15575 499 11431
3 499 14446 11431
3 761 11431 14446
3 761 14446 4842
3 761 4842 4487
3 761 4487 11431
3 4842 10221 4487
3 4842 14447 10221
3 10221 14447 506
3 14447 6683 506
3 14449 6683 14447
3 4842 14449 14447
3 4129 14449 4842
3 14446 4129 4842
3 14446 2229 4129
3 2229 14448 4129
3 14448 1369 4129
3 1369 7661 4129
3 7661 12066 4129
3 4129 12066 14449
3 14449 12066 6683
3 12066 504 6683
3 6683 504 7768
3 7317 504 12066
3 4841 7317 12066
3 4841 12066 7661
3 1369 4841 7661
3 14445 4841 1369
3 14448 14445 1369
3 14448 498 14445
3 498 12201 14445
3 4841 14445 12201
3 4841 12201 688
3 7919 4841 688
3 688 689 7919
3 4841 7919 7317
3 7919 7492 7317
3 7492 504 7317
3 688 12201 16549
3 16549 12201 2373
3 12201 498 2373
3 498 3931 2373
3 2372 2373 3931
3 2372 3931 6271
3 14856 2372 6271
3 14856 6271 12200
3 2371 14856 12200
3 2371 12200 494
3 494 16032 2371
3 16032 2370 2371
3 14906 2371 2370
3 2370 12814 14906
3 2370 16425 12814
3 16425 2365 12814
3 16425 8165 2365
3 8165 11999 2365
3 11999 16010 2365
3 16010 11095 2365
3 15562 2365 11095
3 15562 11095 2238
3 2238 11095 2363
3 2363 4757 2238
3 5911 4757 2363
3 2363 11930 5911
3 2363 5913 11930
3 5913 5634 11930
3 11930 5634 2364
3 5634 10778 2364
3 10778 14725 2364
3 10778 2369 14725
3 10778 486 2369
3 2369 486 2368
3 486 6249 2368
3 6249 12199 2368
3 12199 14855 2368
3 12199 2367 14855
3 478 2367 12199
3 478 12199 13037
3 6678 478 13037
3 13051 6678 13037
3 13051 13037 4479
3 13051 4479 13071
3 6250 13051 13071
3 6250 13071 487
3 9569 6250 487
3 2374 9569 487
3 487 6454 2374
3 2374 6454 7716
3 7716 16578 2374
3 2374 16578 9569
3 16578 5892 9569
3 5892 4109 9569
3 4109 6570 9569
3 9569 6570 6250
3 6570 2659 6250
3 2659 13051 6250
3 479 13051 2659
3 2403 479 2659
3 6570 2403 2659
3 2403 6570 6679
3 10702 2403 6679
3 10702 6679 12132
3 4308 10702 12132
3 8433 4308 12132
3 8433 12132 480
3 8433 480 10457
3 8433 10457 12523
3 12523 4134 8433
3 4134 4308 8433
3 4134 7356 4308
3 7356 12130 4308
3 12130 16574 4308
3 4308 16574 10702
3 5382 10702 16574
3 12130 5382 16574
3 15459 5382 12130
3 455 15459 12130
3 7356 455 12130
3 5819 455 7356
3 5819 7356 12131
3 16676 5819 12131
3 8432 16676 12131
3 8432 12131 4134
3 8432 4134 10460
3 12520 8432 10460
3 12520 10460 4361
3 4361 4964 12520
3 4964 14835 12520
3 14835 475 12520
3 8432 12520 475
3 16676 8432 475
3 475 9289 16676
3 5819 16676 9289
3 9289 445 5819
3 13512 5819 445
3 13512 445 11240
3 13512 11240 6470
3 13512 6470 6999
3 455 13512 6999
3 6999 14099 455
3 14099 15459 455
3 5635 15459 14099
3 15111 5635 14099
3 15111 14099 454
3 15111 454 11097
3 15111 11097 5658
3 5129 15111 5658
3 5129 5658 15275
3 15275 15112 5129
3 7964 5129 15112
3 6678 7964 15112
3 6678 15112 478
3 15112 16031 478
3 2367 478 16031
3 2367 16031 2366
3 16031 15275 2366
3 15275 13797 2366
3 5658 13797 15275
3 5658 2362 13797
3 11097 2362 5658
3 11097 6523 2362
3 2362 6523 12235
3 12235 6523 2361
3 6523 12667 2361
3 12667 14811 2361
3 12667 7736 14811
3 7736 2 14811
3 2 8149 14811
3 446 7736 12667
3 13466 446 12667
3 13466 12667 6523
3 11097 13466 6523
3 11097 454 13466
3 13466 454 6470
3 454 14099 6470
3 6999 6470 14099
3 13466 12667 6523
3 11097 13466 6523
3 15112 15275 16031
3 15112 15275 16031
3 6678 15113 7964
3 4858 7964 15113
3 5382 4858 15113
3 5382 15113 1393
3 5382 1393 10702
3 1393 479 10702
3 10702 479 2403
3 15113 479 1393
3 479 15113 6678
3 479 6678 13051
3 15113 479 1393
3 5382 15459 4858
3 4858 15459 5635
3 4858 5635 15111
3 4858 15111 5129
3 4858 5129 7964
3 4858 5129 7964
3 479 15113 6678
3 4858 5129 7964
3 15112 15275 16031
3 5658 13797 15275
3 4858 15111 5129
3 11097 2362 5658
3 11097 454 13466
3 454 14099 6470
3 4858 5635 15111
3 4858 15459 5635
3 6999 6470 14099
3 455 5819 13512
3 6999 6470 14099
3 445 10021 11240
3 445 13970 10021
3 13970 445 9289
3 455 5819 13512
3 13970 445 9289
3 13192 475 14835
3 14835 14320 13192
3 14835 4964 14320
3 14320 4964 10533
3 9833 10533 4964
3 8216 9833 4964
3 4361 8216 4964
3 12524 8216 4361
3 4361 7339 12524
3 7339 5086 12524
3 12524 5086 10459
3 12524 10459 16143
3 15053 12524 16143
3 15053 16143 1702
3 15054 15053 1702
3 15054 1702 477
3 477 8360 15054
3 12920 15054 8360
3 8360 447 12920
3 8342 447 8360
3 8342 8360 12880
3 4438 8342 12880
3 12880 5440 4438
3 4438 5440 15690
3 4438 15690 12879
3 12879 4727 4438
3 4438 4727 8342
3 8342 4727 12750
3 447 8342 12750
3 15453 447 12750
3 15453 12750 10050
3 4727 12879 14582
3 12879 449 14582
3 14582 449 4878
3 4878 449 8922
3 8922 449 14680
3 13012 8922 14680
3 13012 14680 4902
3 13012 4902 5375
3 12533 13012 5375
3 4362 12533 5375
3 4362 5375 10402
3 12532 4362 10402
3 12532 10402 6700
3 484 12532 6700
3 12068 484 6700
3 14444 12068 6700
3 14444 6700 8220
3 10879 14444 8220
3 4840 10879 8220
3 12064 4840 8220
3 12064 8220 483
3 12064 483 6685
3 6685 8217 12064
3 12064 8217 4128
3 4128 4840 12064
3 4840 4128 8218
3 8218 14442 4840
3 14442 12069 4840
3 12069 10879 4840
3 12069 4303 10879
3 4303 14444 10879
3 4303 12068 14444
3 13105 12068 4303
3 13105 4303 4493
3 13105 4493 5599
3 13105 5599 16410
3 5599 3870 16410
3 5599 16411 3870
3 16411 1288 3870
3 7472 1288 16411
3 16411 13893 7472
3 7472 13893 6466
3 7472 6466 5021
3 5021 14103 7472
3 14103 1288 7472
3 13893 3494 6466
3 15315 6466 3494
3 3495 15315 3494
3 3429 3495 3494
3 3429 3494 5964
3 3429 5964 11713
3 15060 3429 11713
3 5388 15060 11713
3 5388 11713 4794
3 4794 3427 5388
3 3427 15060 5388
3 15060 3427 7519
3 13303 15060 7519
3 13303 7519 6734
3 13303 6734 3442
3 13303 3442 5679
3 5679 3495 13303
3 3495 3429 13303
3 3429 15060 13303
3 5679 9593 3495
3 3495 9593 6102
3 3495 6102 3432
3 3495 3432 15315
3 5534 15315 3432
3 13114 5534 3432
3 13114 3432 3431
3 3431 3432 11069
3 11069 902 3431
3 11069 2185 902
3 2185 3444 902
3 2185 4817 3444
3 11094 3444 4817
3 11094 4817 8758
3 11094 8758 15510
3 3435 11094 15510
3 15510 11716 3435
3 15510 8758 3456
3 10706 3456 8758
3 7417 10706 8758
3 7417 8758 4817
3 3445 7417 4817
3 3445 4817 2185
3 2185 11069 3445
3 9593 3445 11069
3 9593 11069 6102
3 6102 11069 3432
3 3445 9593 13297
3 3445 13297 12164
3 10706 3445 12164
3 10706 12164 5381
3 3456 10706 5381
3 3456 5381 11160
3 11160 5082 3456
3 11160 10307 5082
3 10307 5055 5082
3 10307 5185 5055
3 5185 15204 5055
3 15204 15416 5055
3 15204 3467 15416
3 15416 3467 15483
3 15748 15416 15483
3 3467 11054 15483
3 11054 3467 16679
3 11054 16679 7366
3 5214 11054 7366
3 5214 7366 15462
3 16680 5214 15462
3 16680 15462 3485
3 3485 9779 16680
3 10228 16680 9779
3 9779 3473 10228
3 10228 3473 3507
3 3473 11750 3507
3 15000 3473 9779
3 5252 15000 9779
3 5252 9779 15839
3 15839 9894 5252
3 15839 4522 9894
3 3814 9894 4522
3 5775 3814 4522
3 5775 5060 3814
3 5060 3492 3814
3 4696 3492 5060
3 4696 5060 5775
3 13918 3492 4696
3 4696 16542 13918
3 954 3492 13918
3 6433 3492 954
3 6060 6433 954
3 6433 6060 4970
3 4970 3492 6433
3 9315 4970 6060
3 14163 9315 6060
3 4970 3492 6433
3 4696 5060 5775
3 15839 13222 4522
3 6164 4522 13222
3 6863 6164 13222
3 6863 13222 3484
3 6863 3484 5622
3 3484 14913 5622
3 5622 14913 15801
3 5807 5622 15801
3 5807 15801 4882
3 4882 15801 3358
3 3481 4882 3358
3 3358 15801 3483
3 8348 3358 3483
3 8348 3483 8802
3 13394 8348 8802
3 13394 8802 4608
3 13394 4608 13597
3 5857 13394 13597
3 5857 13597 10474
3 1090 5857 10474
3 10474 15201 1090
3 15201 11210 1090
3 1090 11210 3478
3 3478 4105 1090
3 1090 4105 5857
3 5857 4105 13394
3 4105 8348 13394
3 13599 8348 4105
3 5396 3478 11210
3 11210 3476 5396
3 5396 3476 6471
3 5396 6471 15480
3 5396 15480 3478
3 15480 718 3478
3 15480 3490 718
3 11286 3490 15480
3 15480 6471 11286
3 11286 6471 9516
3 11286 9516 3487
3 11286 3487 2138
3 3488 11286 2138
3 3490 11286 3488
3 15302 3490 3488
3 3487 8615 2138
3 8615 3487 15189
3 15189 3487 5015
3 7670 15189 5015
3 5015 6040 7670
3 7670 6040 3471
3 3471 3486 7670
3 7670 3486 15189
3 1686 15189 3486
3 3414 1686 3486
3 3486 3410 3414
3 3414 3410 756
3 3414 756 3518
3 7087 3518 756
3 7087 756 4713
3 7087 4713 10705
3 7087 10705 15568
3 4713 3410 10705
3 12613 10705 3410
3 12613 3410 3471
3 12613 3471 11749
3 12613 11749 6039
3 12613 6039 3470
3 12613 3470 10705
3 15206 3470 6039
3 6039 3475 15206
3 3475 6918 15206
3 3474 15206 6918
3 16622 3474 6918
3 6918 10782 16622
3 502 16622 10782
3 7811 502 10782
3 184 7811 10782
3 184 10782 6410
3 184 6410 503
3 11429 184 503
3 11429 503 501
3 501 16645 11429
3 16645 15571 11429
3 11429 15571 4263
3 4263 3415 11429
3 11429 3415 5771
3 11429 5771 184
3 5771 7811 184
3 5771 3415 7811
3 5771 3415 7811
3 15571 14831 4263
3 15571 7077 14831
3 14831 7077 5455
3 14831 5455 15575
3 15575 5455 6272
3 13073 15575 6272
3 6272 13072 13073
3 13072 4486 13073
3 13073 4486 13044
3 6682 13073 13044
3 6682 13044 498
3 6682 498 14448
3 2229 6682 14448
3 499 6682 2229
3 499 2229 14446
3 13073 6682 499
3 499 15575 13073
3 498 13044 6271
3 3931 498 6271
3 6271 13044 13043
3 12200 6271 13043
3 12200 13043 494
3 6681 494 13043
3 13072 6681 13043
3 13072 13043 4486
3 13043 13044 4486
3 13072 495 6681
3 5769 6681 495
3 495 8676 5769
3 8676 12080 5769
3 12080 466 5769
3 466 5947 5769
3 5947 10295 5769
3 5769 10295 6681
3 6681 10295 494
3 494 10295 6940
3 494 6940 15753
3 16032 494 15753
3 2370 16032 15753
3 2370 15753 8165
3 2370 8165 16425
3 15753 6940 8165
3 8165 6940 11999
3 11999 6940 466
3 466 11413 11999
3 11413 16010 11999
3 11413 15969 16010
3 15969 11095 16010
3 15969 2363 11095
3 2363 15969 1927
3 2363 1927 5913
3 1927 10779 5913
3 10779 4213 5913
3 5913 4213 5634
3 4213 10778 5634
3 4213 8238 10778
3 4307 10778 8238
3 6680 4307 8238
3 10208 6680 8238
3 10208 8238 4130
3 10208 4130 4574
3 10208 4574 6454
3 487 10208 6454
3 487 4296 10208
3 4296 6680 10208
3 4296 13071 6680
3 13042 6680 13071
3 4479 13042 13071
3 6249 13042 4479
3 13037 6249 4479
3 12199 6249 13037
3 6249 486 13042
3 13042 486 6680
3 6680 486 4307
3 486 10778 4307
3 13042 486 6680
3 487 13071 4296
3 487 13071 4296
3 6454 4574 4540
3 7716 6454 4540
3 7716 4540 9957
3 7716 9957 4121
3 15654 7716 4121
3 4121 6716 15654
3 15654 6716 4245
3 15654 4245 16578
3 15654 16578 7716
3 16578 4245 5892
3 6569 5892 4245
3 11428 6569 4245
3 6716 11428 4245
3 6716 15655 11428
3 15655 490 11428
3 13455 11428 490
3 4987 13455 490
3 4987 490 15146
3 4987 15146 16078
3 16078 4849 4987
3 4849 13456 4987
3 4987 13456 7962
3 7962 13455 4987
3 12210 13455 7962
3 4103 12210 7962
3 13456 4103 7962
3 5657 4103 13456
3 5642 5657 13456
3 5642 13456 4320
3 5642 4320 1844
3 1844 15815 5642
3 15813 5642 15815
3 15813 15815 6251
3 481 15813 6251
3 481 6251 13038
3 13038 6674 481
3 6674 13040 481
3 13040 15050 481
3 15050 6687 481
3 481 6687 15813
3 6687 15814 15813
3 15813 15814 7523
3 15813 7523 5642
3 7523 5657 5642
3 15814 5657 7523
3 15814 4103 5657
3 15814 4110 4103
3 4110 15817 4103
3 4103 15817 12210
3 12210 15817 5643
3 12210 5643 4571
3 12210 4571 13455
3 4571 6569 13455
3 6569 11428 13455
3 10175 6569 4571
3 10175 4571 13453
3 10175 13453 13688
3 4109 10175 13688
3 6570 4109 13688
3 6679 6570 13688
3 6679 13688 480
3 12132 6679 480
3 13688 13453 480
3 480 13453 15816
3 10457 480 15816
3 10457 15816 2577
3 15052 10457 2577
3 15052 2577 4110
3 10456 15052 4110
3 10456 4110 11388
3 10456 11388 6687
3 9274 10456 6687
3 15050 9274 6687
3 15050 5080 9274
3 5080 10456 9274
3 5927 10456 5080
3 5080 16143 5927
3 5927 16143 10459
3 5927 10459 9432
3 15052 5927 9432
3 15052 9432 4179
3 15052 4179 10457
3 12523 10457 4179
3 12523 4179 5086
3 10460 12523 5086
3 7339 10460 5086
3 4361 10460 7339
3 12523 10460 4134
3 5086 4179 10459
3 9432 10459 4179
3 9432 10459 4179
3 5927 15052 10456
3 9432 10459 4179
3 15055 16143 5080
3 6269 15055 5080
3 15050 6269 5080
3 13040 6269 15050
3 6620 6269 13040
3 4476 6620 13040
3 13041 4476 13040
3 13041 13040 6674
3 3272 13041 6674
3 13039 3272 6674
3 13038 13039 6674
3 4475 13039 13038
3 13038 13045 4475
3 4475 13045 13046
3 13046 6252 4475
3 6252 13039 4475
3 6252 482 13039
3 3272 13039 482
3 3272 482 15691
3 13041 3272 15691
3 13041 15691 5539
3 4476 13041 5539
3 4476 5539 15690
3 5440 4476 15690
3 13070 4476 5440
3 13070 5440 12880
3 477 13070 12880
3 12880 8360 477
3 477 15055 13070
3 13070 15055 6269
3 6620 13070 6269
3 6620 4476 13070
3 1702 15055 477
3 1702 16143 15055
3 6620 4476 13070
3 15692 15690 5539
3 15692 5539 5076
3 15692 5076 15047
3 12879 15692 15047
3 12879 15047 449
3 15047 14680 449
3 4902 14680 15047
3 4902 15047 5076
3 4902 5076 7705
3 15044 4902 7705
3 6685 15044 7705
3 7705 482 6685
3 6685 482 8217
3 482 6252 8217
3 8217 6252 14837
3 8217 14837 4128
3 14837 12519 4128
3 4128 12519 4965
3 4128 4965 8218
3 8218 4965 14836
3 8218 14836 3421
3 14442 8218 3421
3 3421 12069 14442
3 16409 12069 3421
3 16409 3421 11712
3 16409 11712 633
3 16409 633 11903
3 16409 11903 4493
3 4493 12069 16409
3 4493 4303 12069
3 4493 11903 5599
3 5599 11903 16411
3 16411 11903 3286
3 3286 13893 16411
3 3286 5964 13893
3 5964 3494 13893
3 12649 5964 3286
3 3286 11903 12649
3 11903 633 12649
3 633 4240 12649
3 12649 4240 4259
3 12649 4259 11713
3 5964 12649 11713
3 4794 11713 4259
3 4259 10641 4794
3 4794 10641 14254
3 14254 3427 4794
3 14254 4601 3427
3 3427 4601 9050
3 3427 9050 7519
3 5589 7519 9050
3 3439 5589 9050
3 11023 3439 9050
3 11023 9050 4601
3 11023 4601 3426
3 3426 660 11023
3 660 15972 11023
3 15972 12968 11023
3 11023 12968 3440
3 11023 3440 3439
3 3440 3438 3439
3 11381 3439 3438
3 15011 11381 3438
3 15011 3438 5830
3 16013 15011 5830
3 16013 5830 4857
3 16013 4857 9980
3 16013 9980 4251
3 16013 4251 11259
3 16013 11259 3433
3 3433 15011 16013
3 3454 15011 3433
3 3454 3433 3448
3 3448 16583 3454
3 16583 11696 3454
3 5452 3454 11696
3 11696 7437 5452
3 5452 7437 4807
3 15528 5452 4807
3 15528 4807 5589
3 5589 3439 15528
3 3439 11381 15528
3 11381 5452 15528
3 11381 3454 5452
3 15011 3454 11381
3 5589 4807 4333
3 4333 7519 5589
3 6734 7519 4333
3 6734 4333 3442
3 4333 6065 3442
3 14964 3442 6065
3 5012 14964 6065
3 5012 6065 3434
3 14962 5012 3434
3 16638 14962 3434
3 11260 16638 3434
3 11696 11260 3434
3 11696 3434 7437
3 7437 3434 6065
3 7437 6065 4807
3 4807 6065 4333
3 11260 11696 16583
3 3448 11260 16583
3 11260 3448 4998
3 11260 4998 14176
3 11260 14176 16638
3 14176 13785 16638
3 16638 13785 3455
3 3455 14962 16638
3 3455 11160 14962
3 11160 5381 14962
3 5381 5012 14962
3 12164 5012 5381
3 12164 14964 5012
3 13297 14964 12164
3 13297 3442 14964
3 13297 5679 3442
3 9593 5679 13297
3 3455 10307 11160
3 6223 10307 3455
3 13785 6223 3455
3 13785 9022 6223
3 9022 4408 6223
3 6223 4408 5185
3 6223 5185 10307
3 4408 15204 5185
3 12488 15204 4408
3 3466 12488 4408
3 9022 3466 4408
3 15477 3466 9022
3 5393 15477 9022
3 5393 9022 4669
3 13784 5393 4669
3 4998 13784 4669
3 14176 4998 4669
3 4669 13785 14176
3 4669 9022 13785
3 4998 11740 13784
3 3465 13784 11740
3 3447 3465 11740
3 11740 16218 3447
3 16218 11256 3447
3 11256 12782 3447
3 14912 3447 12782
3 14912 12782 4993
3 767 14912 4993
3 4993 8338 767
3 4215 767 8338
3 14913 4215 8338
3 14913 8338 15801
3 15801 8338 3483
3 8338 4993 3483
3 4993 4608 3483
3 4608 8802 3483
3 12782 4608 4993
3 13597 4608 12782
3 13597 12782 11256
3 3458 13597 11256
3 3458 11256 12063
3 3458 12063 14441
3 14441 1877 3458
3 1877 6653 3458
3 3458 6653 10474
3 10474 13597 3458
3 10474 6653 15201
3 4973 15201 6653
3 4973 6653 3100
3 10988 4973 3100
3 10988 3100 14770
3 14770 3463 10988
3 10988 3463 3462
3 3462 9293 10988
3 10988 9293 4973
3 4973 9293 14850
3 15201 4973 14850
3 15201 14850 11210
3 3477 11210 14850
3 9293 3477 14850
3 11794 3477 9293
3 16287 11794 9293
3 16287 9293 3462
3 3462 16626 16287
3 6956 16287 16626
3 6956 16626 15258
3 6956 15258 5851
3 13511 6956 5851
3 13511 5851 5302
3 13511 5302 1458
3 13511 1458 6037
3 3461 13511 6037
3 7041 3461 6037
3 7041 6037 7076
3 501 7041 7076
3 501 7076 16645
3 16645 7076 4962
3 16645 4962 15571
3 4962 7077 15571
3 4962 14830 7077
3 7077 14830 15572
3 7077 15572 5455
3 5455 15572 14820
3 6272 5455 14820
3 6272 14820 4385
3 4385 13072 6272
3 4385 495 13072
3 4385 14820 495
3 14820 14351 495
3 14351 10784 495
3 495 10784 8676
3 8676 10784 13875
3 8676 13875 471
3 8676 471 12080
3 471 6123 12080
3 12080 6123 3789
3 12080 3789 466
3 3789 11413 466
3 3789 748 11413
3 748 464 11413
3 15969 11413 464
3 1927 15969 464
3 464 10779 1927
3 10779 464 2938
3 10779 2938 11943
3 5943 10779 11943
3 4130 5943 11943
3 4130 11943 5104
3 4130 5104 5002
3 4574 4130 5002
3 4574 5002 4540
3 5002 13320 4540
3 13320 4532 4540
3 4532 9292 4540
3 4540 9292 9957
3 9957 9292 4121
3 4121 9292 7715
3 7715 11427 4121
3 11427 6716 4121
3 15655 6716 11427
3 5521 15655 11427
3 2415 5521 11427
3 7715 2415 11427
3 4442 2415 7715
3 7715 5744 4442
3 4442 5744 3409
3 4442 3409 15386
3 456 4442 15386
3 456 15386 12904
3 5665 456 12904
3 6184 5665 12904
3 16614 6184 12904
3 467 16614 12904
3 12904 11699 467
3 467 11699 10783
3 7075 467 10783
3 7075 10783 5454
3 3015 7075 5454
3 3015 5454 11732
3 4112 3015 11732
3 15574 4112 11732
3 15574 11732 14830
3 4962 15574 14830
3 7076 15574 4962
3 7076 12258 15574
3 15574 12258 4112
3 12258 1055 4112
3 4112 1055 7626
3 4112 7626 3015
3 7626 7075 3015
3 7626 4328 7075
3 4328 13380 7075
3 13380 467 7075
3 467 13380 16614
3 16614 13380 6184
3 13380 16329 6184
3 16329 10065 6184
3 2360 6184 10065
3 457 2360 10065
3 8930 457 10065
3 10065 472 8930
3 8930 472 6482
3 510 8930 6482
3 510 6482 6964
3 6964 12247 510
3 12247 7407 510
3 7407 493 510
3 510 493 459
3 8930 510 459
3 457 8930 459
3 15061 457 459
3 8456 15061 459
3 8456 459 493
3 14697 8456 493
3 14697 493 5317
3 14697 5317 7679
3 4905 14697 7679
3 7679 4477 4905
3 13047 4905 4477
3 13048 13047 4477
3 13048 4477 6270
3 6270 13074 13048
3 13048 13074 489
3 489 6675 13048
3 13048 6675 13047
3 6675 488 13047
3 13047 488 14696
3 14696 4905 13047
3 14696 1738 4905
3 1738 4620 4905
3 4905 4620 14697
3 4620 12209 14697
3 12209 8456 14697
3 12209 3130 8456
3 3130 15061 8456
3 4136 15061 3130
3 4136 3130 12209
3 4136 12209 14695
3 4136 14695 16078
3 4136 16078 4008
3 4136 4008 5147
3 4136 5147 15061
3 15061 5147 777
3 457 15061 777
3 457 777 10051
3 2360 457 10051
3 6184 2360 10051
3 6184 10051 5665
3 5665 10051 456
3 456 10051 11176
3 456 11176 2415
3 456 2415 4442
3 11176 5521 2415
3 11176 5147 5521
3 5521 5147 15146
3 5521 15146 15655
3 15655 15146 490
3 5147 4008 15146
3 4008 16078 15146
3 11176 777 5147
3 11176 10051 777
3 11176 10051 777
3 11176 10051 777
3 11176 777 5147
3 5147 4008 15146
3 4008 16078 15146
3 14695 4320 16078
3 16078 4320 4849
3 4320 13456 4849
3 14695 5874 4320
3 1844 4320 5874
3 1844 5874 6798
3 1844 6798 15815
3 15815 6798 3073
3 15815 3073 488
3 15815 488 13045
3 6251 15815 13045
3 6251 13045 13038
3 13045 488 6675
3 13046 13045 6675
3 13046 6675 489
3 489 16365 13046
3 16365 6252 13046
3 6252 16365 12519
3 6252 12519 14837
3 12519 16365 489
3 13074 12519 489
3 4965 12519 13074
3 4965 13074 4488
3 14836 4965 4488
3 14836 4488 13064
3 10718 14836 13064
3 10718 13064 492
3 492 11158 10718
3 11158 10641 10718
3 10641 11712 10718
3 10718 11712 3421
3 3421 14836 10718
3 10641 4259 11712
3 4240 11712 4259
3 633 11712 4240
3 11158 14254 10641
3 11158 492 14254
3 14254 492 3426
3 14254 3426 4601
3 3426 492 1004
3 3426 1004 2855
3 3426 2855 660
3 2855 3425 660
3 660 3425 15972
3 3425 1135 15972
3 15972 1135 698
3 15972 698 1284
3 1284 12968 15972
3 1284 5830 12968
3 5830 3438 12968
3 3440 12968 3438
3 6671 5830 1284
3 1284 698 6671
3 698 470 6671
3 4788 6671 470
3 4788 470 12299
3 5916 4788 12299
3 12299 8767 5916
3 3451 5916 8767
3 11754 3451 8767
3 8767 496 11754
3 15693 11754 496
3 463 15693 496
3 463 496 12247
3 6964 463 12247
3 6964 6482 463
3 6482 472 463
3 472 14851 463
3 14851 4975 463
3 463 4975 15693
3 4975 14852 15693
3 15693 14852 11754
3 14852 497 11754
3 3451 11754 497
3 3452 3451 497
3 7857 3452 497
3 11258 7857 497
3 14852 11258 497
3 14852 11849 11258
3 11849 500 11258
3 500 7857 11258
3 500 1458 7857
3 1458 5302 7857
3 7857 5302 15094
3 7857 15094 3452
3 15094 10235 3452
3 6556 3452 10235
3 6556 10235 15990
3 14770 6556 15990
3 14770 15990 3463
3 15990 10235 3463
3 15258 3463 10235
3 10235 15094 15258
3 5302 15258 15094
3 5851 15258 5302
3 3463 15258 3462
3 3462 15258 16626
3 3464 6556 14770
3 14770 3100 3464
3 1877 3464 3100
3 1877 3100 6653
3 1877 14441 3464
3 14441 4763 3464
3 6556 3464 4763
3 11642 6556 4763
3 11642 4763 2255
3 9748 11642 2255
3 9748 2255 3453
3 9748 3453 2038
3 9748 2038 5916
3 9748 5916 3451
3 9748 3451 3452
3 3452 11642 9748
3 3452 6556 11642
3 4788 5916 2038
3 4788 2038 6671
3 2038 4686 6671
3 6671 4686 5830
3 4686 4857 5830
3 4686 9980 4857
3 2038 9980 4686
3 9980 2038 3453
3 3446 9980 3453
3 2255 3446 3453
3 4839 3446 2255
3 4763 4839 2255
3 14441 4839 4763
3 3039 4839 14441
3 12063 3039 14441
3 3039 12063 6038
3 3446 3039 6038
3 3446 6038 11259
3 4251 3446 11259
3 3446 4251 9980
3 6038 1699 11259
3 1699 16164 11259
3 11259 16164 3433
3 3448 3433 16164
3 16164 11740 3448
3 4998 3448 11740
3 11740 16164 1699
3 1699 16218 11740
3 6038 16218 1699
3 6038 12063 16218
3 12063 11256 16218
3 11740 16164 1699
3 6038 16218 1699
3 3446 4839 3039
3 6038 12063 16218
3 3446 4839 3039
3 3446 4839 3039
3 3446 4251 9980
3 2038 9980 4686
3 9980 2038 3453
3 2255 3446 3453
3 3452 11642 9748
3 4763 4839 2255
3 3452 6556 11642
3 14441 4839 4763
3 6556 3464 4763
3 15990 10235 3463
3 3452 6556 11642
3 10235 15094 15258
3 5302 15258 15094
3 1458 500 566
3 1458 566 6037
3 12258 6037 566
3 12258 566 1055
3 1055 566 12259
3 1055 12259 4328
3 7626 1055 4328
3 12259 5469 4328
3 4328 5469 15242
3 13380 4328 15242
3 472 13380 15242
3 472 15242 14851
3 14851 15242 5469
3 14851 5469 4975
3 5469 11849 4975
3 4975 11849 14852
3 12259 11849 5469
3 11849 12259 500
3 566 500 12259
3 13380 472 16329
3 472 10065 16329
3 14851 15242 5469
3 12259 11849 5469
3 566 500 12259
3 7076 6037 12258
3 566 500 12259
3 11849 12259 500
3 4975 11849 14852
3 500 7857 11258
3 7857 15094 3452
3 9748 3451 3452
3 14852 11258 497
3 4975 11849 14852
3 14851 5469 4975
3 472 15242 14851
3 12247 496 469
3 16585 12247 469
3 469 12299 16585
3 16585 12299 6742
3 16585 6742 10264
3 7407 16585 10264
3 7407 10264 493
3 10264 5317 493
3 10264 6733 5317
3 7679 5317 6733
3 13049 7679 6733
3 491 13049 6733
3 491 6733 460
3 2970 491 460
3 4722 2970 460
3 460 1135 4722
3 4722 1135 3425
3 3425 2970 4722
3 12612 2970 3425
3 1004 12612 3425
3 2855 1004 3425
3 1004 492 12612
3 13064 12612 492
3 13064 15750 12612
3 12612 15750 2970
3 15750 491 2970
3 491 15750 4078
3 491 4078 13049
3 4078 6270 13049
3 4477 13049 6270
3 4477 7679 13049
3 4078 15750 6270
3 4488 6270 15750
3 4488 15750 13064
3 13074 6270 4488
3 4078 15750 6270
3 4488 15750 13064
3 12612 15750 2970
3 460 3436 1135
3 1135 3436 698
3 698 3436 470
3 3436 12299 470
3 3436 6742 12299
3 3436 460 6742
3 6742 460 4178
3 6742 4178 10264
3 4178 6733 10264
3 4178 460 6733
3 4178 460 6733
3 3436 460 6742
3 3425 2970 4722
3 15750 491 2970
3 4178 460 6733
3 491 4078 13049
3 4477 7679 13049
3 4178 6733 10264
3 12247 16585 7407
3 6742 4178 10264
3 3436 6742 12299
3 469 8767 12299
3 469 496 8767
3 12247 16585 7407
3 469 496 8767
3 463 4975 15693
3 15693 14852 11754
3 469 496 8767
3 3451 11754 497
3 9748 5916 3451
3 469 8767 12299
3 4788 5916 2038
3 3436 12299 470
3 4788 2038 6671
3 698 3436 470
3 6671 4686 5830
3 1284 698 6671
3 1135 3436 698
3 4722 1135 3425
3 2855 1004 3425
3 2855 1004 3425
3 1004 492 12612
3 11158 492 14254
3 13064 12612 492
3 3421 14836 10718
3 4488 15750 13064
3 13074 6270 4488
3 12519 16365 489
3 14696 488 3073
3 14696 3073 5874
3 1738 14696 5874
3 2743 1738 5874
3 2743 5874 14695
3 12209 2743 14695
3 12209 1738 2743
3 1738 12209 4620
3 12209 1738 2743
3 6798 5874 3073
3 6798 5874 3073
3 6798 5874 3073
3 2743 5874 14695
3 12209 2743 14695
3 4136 5147 15061
3 4136 3130 12209
3 1738 12209 4620
3 1738 12209 4620
3 1738 14696 5874
3 14696 488 3073
3 13045 488 6675
3 13046 6675 489
3 13074 12519 489
3 13074 6270 4488
3 4477 13049 6270
3 13048 6675 13047
3 14696 4905 13047
3 4477 7679 13049
3 4905 4620 14697
3 7679 5317 6733
3 10264 5317 493
3 12209 8456 14697
3 3130 15061 8456
3 457 15061 777
3 8456 459 493
3 7407 10264 493
3 12247 16585 7407
3 6964 463 12247
3 6964 6482 463
3 8930 510 459
3 6482 472 463
3 472 10065 16329
3 457 8930 459
3 2360 457 10051
3 6184 2360 10051
3 472 10065 16329
3 13380 472 16329
3 13380 4328 15242
3 7626 1055 4328
3 7626 1055 4328
3 12258 566 1055
3 7076 6037 12258
3 11732 4101 14830
3 4101 15572 14830
3 4101 14351 15572
3 14820 15572 14351
3 4101 10784 14351
3 4101 15573 10784
3 15573 4214 10784
3 10784 4214 13875
3 4214 5336 13875
3 13718 13875 5336
3 4646 13718 5336
3 11699 4646 5336
3 11699 5336 10783
3 4214 10783 5336
3 5454 10783 4214
3 15573 5454 4214
3 5454 15573 11732
3 11732 15573 4101
3 15386 4646 11699
3 12904 15386 11699
3 15386 3409 4646
3 3409 5744 4646
3 5744 15914 4646
3 4646 15914 13718
3 15914 10540 13718
3 471 13718 10540
3 10540 6123 471
3 6123 10540 6209
3 6123 6209 12272
3 12272 748 6123
3 6123 748 3789
3 748 12272 2938
3 464 748 2938
3 2938 12272 6385
3 11943 2938 6385
3 11943 6385 13320
3 5104 11943 13320
3 5104 13320 5002
3 6385 12272 13320
3 13320 12272 7109
3 13320 7109 4532
3 7109 458 4532
3 4532 458 9292
3 9292 458 5744
3 9292 5744 7715
3 5744 458 15914
3 15914 458 10540
3 458 6209 10540
3 458 12272 6209
3 7109 12272 458
3 7109 12272 458
3 7109 12272 458
3 6385 12272 13320
3 458 12272 6209
3 458 6209 10540
3 13875 13718 471
3 15914 458 10540
3 5744 458 15914
3 4646 15914 13718
3 13875 13718 471
3 4214 10783 5336
3 15573 5454 4214
3 11732 15573 4101
3 11732 15573 4101
3 15574 12258 4112
3 4112 7626 3015
3 5454 15573 11732
3 7626 7075 3015
3 5454 10783 4214
3 13380 467 7075
3 11699 5336 10783
3 12904 15386 11699
3 467 13380 16614
3 16614 13380 6184
3 6184 10051 5665
3 5665 10051 456
3 12904 15386 11699
3 456 2415 4442
3 15386 3409 4646
3 3409 5744 4646
3 9292 5744 7715
3 456 2415 4442
3 11176 5521 2415
3 5521 15146 15655
3 7715 2415 11427
3 9292 5744 7715
3 4532 458 9292
3 13320 7109 4532
3 5104 13320 5002
3 5104 13320 5002
3 5104 11943 13320
3 4213 5943 4130
3 8238 4213 4130
3 4213 10779 5943
3 4213 10779 5943
3 11943 2938 6385
3 464 748 2938
3 464 748 2938
3 6123 748 3789
3 6123 748 3789
3 10540 6123 471
3 13875 13718 471
3 10784 4214 13875
3 4101 10784 14351
3 14820 15572 14351
3 4385 14820 495
3 14820 15572 14351
3 4101 15572 14830
3 4962 15574 14830
3 7076 15574 4962
3 7041 501 503
3 15977 7041 503
3 6410 15977 503
3 15929 15977 6410
3 15929 6410 6918
3 3475 15929 6918
3 3475 3457 15929
3 3457 7565 15929
3 15929 7565 15977
3 15977 7565 16627
3 3461 15977 16627
3 16627 13511 3461
3 16627 6956 13511
3 16627 4267 6956
3 6956 4267 16287
3 4267 11794 16287
3 11794 4267 6151
3 11794 6151 7645
3 11794 7645 3469
3 11794 3469 3477
3 3477 3469 3476
3 3476 11210 3477
3 3469 15581 3476
3 9516 3476 15581
3 9516 15581 5015
3 3487 9516 5015
3 5015 15581 6040
3 6092 6040 15581
3 6092 15581 3469
3 7645 6092 3469
3 3468 6092 7645
3 3468 7645 3457
3 3475 3468 3457
3 3468 3475 6039
3 3468 6039 11749
3 3468 11749 6040
3 3468 6040 6092
3 11749 3471 6040
3 6151 3457 7645
3 4267 3457 6151
3 7565 3457 4267
3 16627 7565 4267
3 3468 6040 6092
3 3468 6040 6092
3 6471 3476 9516
3 6092 15581 3469
3 7645 6092 3469
3 6151 3457 7645
3 4267 3457 6151
3 16627 7565 4267
3 15977 3461 7041
3 16627 7565 4267
3 7565 3457 4267
3 3475 3468 3457
3 6918 6410 10782
3 15929 7565 15977
3 15977 3461 7041
3 7076 6037 12258
3 15977 3461 7041
3 16627 13511 3461
3 1458 566 6037
3 1458 5302 7857
3 5851 15258 5302
3 16627 6956 13511
3 5851 15258 5302
3 3462 15258 16626
3 6956 4267 16287
3 3462 15258 16626
3 4267 11794 16287
3 11794 3469 3477
3 3476 11210 3477
3 9293 3477 14850
3 16287 9293 3462
3 3463 15258 3462
3 14770 15990 3463
3 14770 3100 3464
3 10988 9293 4973
3 1877 3100 6653
3 15201 4973 14850
3 1877 3100 6653
3 1877 14441 3464
3 12063 3039 14441
3 12063 11256 16218
3 10474 13597 3458
3 10801 4215 14913
3 3484 10801 14913
3 10801 3484 8909
3 14360 10801 8909
3 14360 8909 3466
3 15477 14360 3466
3 5393 14360 15477
3 5393 4215 14360
3 4215 10801 14360
3 10800 4215 5393
3 10800 5393 13784
3 3465 10800 13784
3 3465 14912 10800
3 10800 14912 767
3 10800 767 4215
3 3447 14912 3465
3 10800 767 4215
3 15532 3466 8909
3 5425 15532 8909
3 5425 8909 3484
3 5425 3484 14702
3 15531 5425 14702
3 14702 3485 15531
3 15531 3485 15462
3 15531 15462 7366
3 5425 15531 7366
3 5425 7366 16681
3 15532 5425 16681
3 15532 16681 12488
3 3466 15532 12488
3 12488 16681 3467
3 12488 3467 15204
3 16681 16679 3467
3 16681 7366 16679
3 16681 7366 16679
3 15839 3485 14702
3 15839 14702 13222
3 14702 3484 13222
3 15839 9779 3485
3 5425 15531 7366
3 14702 3484 13222
3 15532 5425 16681
3 3466 15532 12488
3 4215 10801 14360
3 5425 8909 3484
3 4215 10801 14360
3 10800 767 4215
3 8338 4993 3483
3 10800 14912 767
3 12782 4608 4993
3 3447 14912 3465
3 13597 12782 11256
3 12063 11256 16218
3 1699 16218 11740
3 3447 14912 3465
3 3465 10800 13784
3 4998 3448 11740
3 10800 5393 13784
3 4669 9022 13785
3 5393 14360 15477
3 15477 14360 3466
3 3466 15532 12488
3 12488 3467 15204
3 9022 3466 4408
3 4669 9022 13785
3 6223 5185 10307
3 13785 6223 3455
3 4669 13785 14176
3 14176 4998 4669
3 4998 3448 11740
3 11260 14176 16638
3 3455 14962 16638
3 5381 5012 14962
3 7437 3434 6065
3 12164 14964 5012
3 13297 3442 14964
3 4807 6065 4333
3 4807 6065 4333
3 11381 5452 15528
3 7437 6065 4807
3 11696 3434 7437
3 11381 3454 5452
3 11260 11696 16583
3 3448 11260 16583
3 3448 3433 16164
3 15011 3454 11381
3 11259 16164 3433
3 4251 3446 11259
3 3446 4251 9980
3 4686 9980 4857
3 4686 4857 5830
3 3433 15011 16013
3 5830 3438 12968
3 15011 3454 11381
3 3439 11381 15528
3 3440 12968 3438
3 3440 12968 3438
3 1284 12968 15972
3 660 3425 15972
3 3426 2855 660
3 14254 3426 4601
3 11023 3440 3439
3 5589 3439 15528
3 4333 7519 5589
3 11023 9050 4601
3 14254 3426 4601
3 11158 14254 10641
3 10641 4259 11712
3 4240 11712 4259
3 633 11712 4240
3 5964 12649 11713
3 3286 11903 12649
3 11903 633 12649
3 633 11712 4240
3 10718 11712 3421
3 4493 12069 16409
3 3421 14836 10718
3 14836 4965 4488
3 4965 12519 13074
3 6252 12519 14837
3 6252 12519 14837
3 7705 15691 482
3 5076 15691 7705
3 5539 15691 5076
3 483 15044 6685
3 15451 15044 483
3 10402 15451 483
3 936 10402 483
3 8220 936 483
3 8220 6700 936
3 936 6700 10402
3 936 6700 10402
3 10402 5375 15451
3 5375 4902 15451
3 15451 4902 15044
3 15451 4902 15044
3 15451 4902 15044
3 5076 15691 7705
3 15690 15692 12879
3 4902 15047 5076
3 5539 15691 5076
3 15690 15692 12879
3 5539 15691 5076
3 7705 15691 482
3 482 6252 8217
3 16365 6252 13046
3 13046 13045 6675
3 6251 13045 13038
3 6252 13039 4475
3 3272 13039 482
3 13041 3272 15691
3 4476 13041 5539
3 6620 4476 13070
3 6620 13070 6269
3 13070 15055 6269
3 1702 16143 15055
3 5927 15052 10456
3 15050 6269 5080
3 5080 10456 9274
3 6687 11388 15814
3 11388 4110 15814
3 11388 4110 15814
3 5927 15052 10456
3 4110 2577 15817
3 2577 5643 15817
3 2577 15816 5643
3 5643 15816 13453
3 5643 13453 4571
3 15052 4179 10457
3 2577 15816 5643
3 5643 15816 13453
3 4109 6569 10175
3 6569 4109 5892
3 13688 13453 480
3 5643 13453 4571
3 4109 6569 10175
3 5643 13453 4571
3 2577 5643 15817
3 4110 2577 15817
3 11388 4110 15814
3 15814 5657 7523
3 6687 11388 15814
3 15050 9274 6687
3 13040 6269 15050
3 13041 13040 6674
3 13038 13039 6674
3 6251 13045 13038
3 481 6687 15813
3 6251 15815 13045
3 15813 7523 5642
3 1844 6798 15815
3 1844 4320 5874
3 4320 13456 4849
3 7523 5657 5642
3 15814 4103 5657
3 4103 15817 12210
3 12210 4571 13455
3 13456 4103 7962
3 4320 13456 4849
3 16078 4320 4849
3 4008 16078 15146
3 15655 15146 490
3 7962 13455 4987
3 6569 11428 13455
3 15655 15146 490
3 15655 6716 11427
3 6569 11428 13455
3 6569 4109 5892
3 6716 11428 4245
3 11427 6716 4121
3 15654 16578 7716
3 9957 9292 4121
3 4540 9292 9957
3 4574 5002 4540
3 4574 4130 5002
3 8238 4213 4130
3 4296 6680 10208
3 6680 486 4307
3 486 10778 4307
3 8238 4213 4130
3 4213 10779 5943
3 464 10779 1927
3 1927 15969 464
3 15969 11413 464
3 3789 11413 466
3 6940 5947 466
3 6940 10295 5947
3 15753 6940 8165
3 6940 10295 5947
3 6940 10295 5947
3 6940 5947 466
3 12080 3789 466
3 8676 471 12080
3 495 10784 8676
3 5769 10295 6681
3 4385 495 13072
3 6681 10295 494
3 13043 13044 4486
3 13073 6682 499
3 13043 13044 4486
3 13072 13043 4486
3 4385 13072 6272
3 499 15575 13073
3 6272 5455 14820
3 7077 15572 5455
3 4962 7077 15571
3 16645 4962 15571
3 501 7076 16645
3 7041 501 503
3 11429 5771 184
3 6410 15977 503
3 6918 6410 10782
3 5771 7811 184
3 502 7811 1493
3 502 1493 11255
3 502 11255 507
3 16622 502 507
3 3474 16622 507
3 3474 507 4367
3 3474 4367 15206
3 3470 15206 4367
3 3470 4367 1561
3 1561 4367 5483
3 1561 5483 11900
3 4367 15309 5483
3 15309 4367 507
3 15309 507 11255
3 11898 15309 11255
3 15309 4367 507
3 15309 507 11255
3 16622 502 507
3 6918 6410 10782
3 3474 16622 507
3 3474 4367 15206
3 3475 15929 6918
3 3468 3475 6039
3 3470 15206 4367
3 3468 6039 11749
3 11749 3471 6040
3 3486 3471 3410
3 12613 3470 10705
3 4713 756 3410
3 4713 756 3410
3 4713 756 3410
3 3486 3471 3410
3 3486 3471 3410
3 11749 3471 6040
3 5015 15581 6040
3 7670 3486 15189
3 3487 9516 5015
3 3487 9516 5015
3 6471 3476 9516
3 3490 11286 3488
3 15480 6471 11286
3 6471 3476 9516
3 3476 11210 3477
3 5396 15480 3478
3 15201 14850 11210
3 10474 6653 15201
3 1090 4105 5857
3 10474 13597 3458
3 5857 4105 13394
3 13597 4608 12782
3 4608 8802 3483
3 4105 8348 13394
3 4608 8802 3483
3 15801 8338 3483
3 14913 8338 15801
3 3484 10801 14913
3 14702 3484 13222
3 15839 14702 13222
3 15839 9779 3485
3 15839 9779 3485
3 15531 3485 15462
3 16680 3460 5214
3 3460 11054 5214
3 4700 3460 16680
3 15531 15462 7366
3 3460 11054 5214
3 16681 7366 16679
3 16681 16679 3467
3 12488 3467 15204
3 4408 15204 5185
3 6223 5185 10307
3 3455 10307 11160
3 11160 5381 14962
3 12164 5012 5381
3 3445 10706 7417
3 13297 14964 12164
3 9593 5679 13297
3 3445 10706 7417
3 3445 10706 7417
3 3456 10706 5381
3 7417 8758 4817
3 3445 4817 2185
3 2185 11069 3445
3 6102 11069 3432
3 5534 6466 15315
3 6102 11069 3432
3 9593 11069 6102
3 9593 5679 13297
3 13297 5679 3442
3 6734 4333 3442
3 6734 7519 4333
3 3429 15060 13303
3 3427 9050 7519
3 14254 3427 4794
3 4794 11713 4259
3 3427 15060 5388
3 3429 15060 13303
3 5964 12649 11713
3 5964 3494 13893
3 3495 3429 13303
3 3495 3432 15315
3 5534 6466 15315
3 5964 3494 13893
3 3286 13893 16411
3 14103 1288 7472
3 5599 11903 16411
3 4493 11903 5599
3 4493 4303 12069
3 4493 4303 12069
3 3421 12069 14442
3 14442 8218 3421
3 4128 4965 8218
3 8217 14837 4128
3 6685 482 8217
3 483 15044 6685
3 8220 936 483
3 4128 4840 12064
3 12069 10879 4840
3 4303 14444 10879
3 8220 6700 936
3 4303 12068 14444
3 484 15159 12532
3 15159 15122 12532
3 12532 15122 4362
3 4362 15122 15162
3 4362 15162 12533
3 12533 15162 4451
3 12533 4451 450
3 450 13012 12533
3 13012 450 8922
3 450 4451 12163
3 4451 5132 12163
3 12163 5132 4665
3 12163 4665 13763
3 5132 13762 4665
3 5132 15119 13762
3 15119 452 13762
3 15161 452 15119
3 6487 15161 15119
3 6487 15119 5132
3 15162 6487 5132
3 15162 5132 4451
3 15122 6487 15162
3 5159 6487 15122
3 15122 15159 5159
3 15159 15132 5159
3 15132 5141 5159
3 5159 5141 14242
3 5159 14242 15161
3 15161 6487 5159
3 15161 14242 662
3 452 15161 662
3 452 662 16541
3 452 16541 6886
3 6886 16541 13505
3 13505 12698 6886
3 451 6886 12698
3 13505 444 12698
3 444 15593 12698
3 6996 15593 444
3 6996 444 11163
3 444 5499 11163
3 11163 5499 1915
3 5499 444 13505
3 5499 13505 453
3 9749 5499 453
3 9749 453 5558
3 5558 6358 9749
3 485 6358 5558
3 5558 453 485
3 485 453 16541
3 662 485 16541
3 662 14242 485
3 15124 485 14242
3 5141 15124 14242
3 4114 15124 5141
3 4114 5141 7244
3 7244 5141 15132
3 7244 15132 16422
3 16422 14036 7244
3 16422 15132 484
3 484 15132 15159
3 5917 15124 4114
3 5917 6358 15124
3 6358 485 15124
3 7245 6358 5917
3 4310 6358 7245
3 6358 485 15124
3 16541 453 13505
3 6358 485 15124
3 5558 453 485
3 11374 5499 9749
3 16541 453 13505
3 5499 444 13505
3 16541 453 13505
3 662 485 16541
3 662 14242 485
3 5141 15124 14242
3 7244 5141 15132
3 484 15132 15159
3 15161 6487 5159
3 15161 6487 5159
3 452 15161 662
3 6487 15119 5132
3 15162 5132 4451
3 15162 5132 4451
3 15122 6487 15162
3 15122 15159 5159
3 484 15132 15159
3 936 6700 10402
3 12532 15122 4362
3 10402 5375 15451
3 4362 15162 12533
3 450 13012 12533
3 5375 4902 15451
3 4902 14680 15047
3 13012 450 8922
3 15047 14680 449
3 12879 15047 449
3 15690 15692 12879
3 5440 4476 15690
3 13070 5440 12880
3 4438 4727 8342
3 12880 8360 477
3 447 8342 12750
3 12920 5079 15054
3 5079 15053 15054
3 5079 6268 15053
3 15053 6268 12524
3 6268 8216 12524
3 6268 4936 8216
3 8216 4936 9833
3 4936 474 9833
3 9833 474 10533
3 4936 15049 474
3 5495 474 15049
3 12920 5495 15049
3 12920 15049 5079
3 15049 6268 5079
3 6268 15049 4936
3 6268 15049 4936
3 6268 15049 4936
3 15049 6268 5079
3 12920 15049 5079
3 12880 8360 477
3 1702 15055 477
3 5079 15053 15054
3 1702 16143 15055
3 15053 6268 12524
3 5927 16143 10459
3 5086 4179 10459
3 7339 10460 5086
3 4361 10460 7339
3 6268 8216 12524
3 8216 4936 9833
3 9833 474 10533
3 14835 4964 14320
3 4361 8216 4964
3 4361 10460 7339
3 8432 12520 475
3 12523 10460 4134
3 12131 7356 4134
3 16676 8432 475
3 5819 16676 9289
3 12131 7356 4134
3 455 5819 13512
3 14099 15459 455
3 5382 15459 4858
3 5382 1393 10702
3 12130 5382 16574
3 7356 455 12130
3 12131 7356 4134
3 12523 10460 4134
3 12523 10457 4179
3 10457 480 15816
3 12132 6679 480
3 4134 4308 8433
3 4308 16574 10702
3 12132 6679 480
3 10702 479 2403
3 6679 6570 13688
3 10702 479 2403
3 479 6678 13051
3 6570 2403 2659
3 6570 4109 13688
3 6569 4109 5892
3 16578 4245 5892
3 15654 16578 7716
3 7716 6454 4540
3 487 10208 6454
3 2374 16578 9569
3 9569 6570 6250
3 487 13071 4296
3 2659 13051 6250
3 4479 13042 13071
3 13037 6249 4479
3 479 6678 13051
3 6678 15112 478
3 12199 6249 13037
3 2367 478 16031
3 12199 6249 13037
3 6249 486 13042
3 486 10778 4307
3 4213 10778 5634
3 5913 4213 5634
3 2363 1927 5913
3 15969 2363 11095
3 15969 11095 16010
3 11413 16010 11999
3 8165 6940 11999
3 2370 8165 16425
3 2370 8165 16425
3 2371 14906 6311
3 2371 6311 14856
3 14856 6311 10322
3 14856 10322 2372
3 2370 16032 15753
3 16032 494 15753
3 12200 13043 494
3 2371 6311 14856
3 12200 6271 13043
3 14856 10322 2372
3 3931 498 6271
3 3931 498 6271
3 12201 498 2373
3 6682 498 14448
3 4841 14445 12201
3 4841 7919 7317
3 7492 504 7317
3 4841 12066 7661
3 1369 4841 7661
3 14448 14445 1369
3 2229 6682 14448
3 499 2229 14446
3 4129 12066 14449
3 14449 12066 6683
3 4842 14449 14447
3 14446 4129 4842
3 761 4487 11431
3 499 2229 14446
3 499 15575 13073
3 14831 5455 15575
3 15571 14831 4263
3 4263 3415 11429
3 761 4487 11431
3 5771 3415 7811
3 502 7811 1493
3 4842 10221 4487
3 502 1493 11255
3 10221 14447 506
3 11898 15309 11255
3 7375 5528 10400
3 7375 10400 4621
3 4621 15669 7375
3 7375 15669 5528
3 5528 15669 8639
3 15669 16233 8639
3 1563 16233 15669
3 1563 15669 8452
3 1563 8452 5531
3 4212 1563 5531
3 3353 4212 5531
3 3353 16233 4212
3 16233 1563 4212
3 16233 1563 4212
3 5531 8452 15632
3 15632 8452 473
3 15632 473 7125
3 3513 15632 7125
3 7125 473 5535
3 473 8452 505
3 505 8452 4621
3 505 4621 13639
3 505 13639 10723
3 505 10723 14943
3 13639 14530 10723
3 4621 8452 15669
3 4621 8452 15669
3 16233 1563 4212
3 4621 8452 15669
3 7375 15669 5528
3 14447 6683 506
3 6683 504 7768
3 7375 10400 4621
3 505 4621 13639
3 6683 504 7768
3 13639 14530 10723
3 7492 504 7317
3 7919 7492 7317
3 688 689 7919
3 13639 14530 10723
3 505 10723 14943
3 505 10723 14943
3 473 8452 505
3 7125 473 5535
3 15688 14943 691
3 7125 473 5535
3 3513 15632 7125
3 3513 15632 7125
3 5531 8452 15632
3 3353 4212 5531
3 3353 16233 4212
3 15669 16233 8639
3 5528 15669 8639
3 506 5528 11898
3 11898 15309 11255
3 4367 15309 5483
3 1561 5483 11900
3 4276 8639 5411
3 1561 5483 11900
3 3470 4367 1561
3 12613 3470 10705
3 7087 10705 15568
3 11900 15509 16647
3 11900 5411 15509
3 5411 16233 6055
3 6055 3353 3509
3 3417 15509 16232
3 16647 3417 15568
3 7087 10705 15568
3 7087 3518 756
3 3414 756 3518
3 3414 1686 3486
3 3521 3522 3418
3 1686 15189 3486
3 8615 3487 15189
3 3521 3522 3418
3 3487 8615 2138
3 3488 11286 2138
3 8615 3511 5969
3 3512 13261 9683
3 5956 5969 3413
3 3488 5969 5956
3 15302 3490 3488
3 3489 4766 13261
3 3489 4766 13261
3 3512 13261 9683
3 3510 15539 10652
3 3489 13998 11112
3 3510 15539 10652
3 14896 9417 3491
3 6967 3472 9417
3 6538 5942 4990
3 6967 3472 9417
3 6967 3472 9417
3 3491 9417 5752
3 3491 9417 5752
3 11112 15539 3491
3 3489 11112 13392
3 13392 15302 3489
3 15302 3490 3488
3 15480 3490 718
3 15480 718 3478
3 3478 4105 1090
3 13599 8348 4105
3 15302 5858 4374
3 13392 4552 5858
3 13599 8348 4105
3 8348 3358 3483
3 3481 4882 3358
3 8348 5327 7340
3 4552 5327 13599
3 4552 13392 14573
3 14573 5752 2995
3 3481 4882 3358
3 5807 15801 4882
3 5752 10630 2995
3 10630 3472 9007
3 5807 5622 15801
3 6863 3484 5622
3 3472 11878 9007
3 6863 6164 13222
3 6164 4522 13222
3 5775 3814 4522
3 3472 5942 11878
3 6538 5942 4990
3 4696 5060 5775
3 4696 16542 13918
3 7494 3520 6538
3 4696 16542 13918
3 954 3492 13918
3 6060 6433 954
3 14163 9315 6060
3 14163 9315 6060
3 9315 4970 6060
3 4970 3492 6433
3 5060 3492 3814
3 3814 9894 4522
3 15839 9894 5252
3 15281 4970 7856
3 5252 15000 9779
3 15000 3473 9779
3 9315 6847 7856
3 3473 11750 3507
3 9315 3508 6847
3 3473 11750 3507
3 10228 3473 3507
3 10228 16680 9779
3 4700 3460 16680
3 4700 3460 16680
3 3460 11054 5214
3 3467 11054 15483
3 15748 15416 15483
3 11755 15169 3506
3 15748 15416 15483
3 15204 15416 5055
3 10307 5055 5082
3 11160 5082 3456
3 15510 8758 3456
3 15510 11716 3435
3 3449 5055 5575
3 3450 5575 15748
3 3450 3506 11665
3 15510 11716 3435
3 3435 11094 15510
3 11094 3444 4817
3 2185 3444 902
3 11069 902 3431
3 13114 3432 3431
3 15681 3430 3424
3 13114 5534 3432
3 11582 15681 14048
3 5534 6466 15315
3 7472 6466 5021
3 14048 3422 11582
3 5021 14103 7472
3 3341 5926 14103
3 11478 5926 3341
3 5926 11478 6359
3 3422 14048 9875
3 11478 5926 3341
3 9875 15382 3497
3 3497 4337 5150
3 5926 11478 6359
3 3497 4337 5150
3 6253 3496 6059
3 11282 3496 6253
3 5926 11478 6359
3 3341 5926 14103
3 14103 1288 7472
3 16411 1288 3870
3 4751 15599 14104
3 5599 3870 16410
3 13105 5599 16410
3 13105 12068 4303
3 12068 484 6700
3 16422 15132 484
3 16422 14036 7244
3 16410 14104 3419
3 4751 15599 14104
3 5926 3420 15599
3 16422 14036 7244
3 4114 5141 7244
3 6359 16239 3420
3 5917 15124 4114
3 6359 6059 16239
3 7245 6358 5917
3 6253 3496 6059
3 4310 6358 7245
3 4310 6358 7245
3 5558 6358 9749
3 11374 5499 9749
3 11666 1377 9772
3 11374 5499 9749
3 11163 5499 1915
3 11163 5499 1915
3 1376 15216 14427
3 6996 444 11163
3 14427 3 10869
3 10869 3 15007
3 6996 15593 444
3 3594 11549 6911
3 444 15593 12698
3 451 6886 12698
3 3594 11549 6911
3 5826 15618 6315
3 5826 15618 6315
3 15618 5826 451
3 451 6886 12698
3 452 16541 6886
3 15119 452 13762
3 451 13716 13376
3 5132 13762 4665
3 5826 5372 13716
3 12163 4665 13763
3 5372 15026 15446
3 448 14332 15615
3 5372 15026 15446
3 10885 15026 6315
3 14332 15026 3592
3 448 14332 15615
3 448 14332 15615
3 9864 5415 13202
3 15446 448 13763
3 12163 4665 13763
3 450 4451 12163
3 13012 450 8922
3 448 13202 13403
3 4878 449 8922
3 9864 5415 13202
3 14582 449 4878
3 4885 14572 5415
3 443 14572 15570
3 4727 12879 14582
3 8342 4727 12750
3 15453 12750 10050
3 443 14572 15570
3 15570 15649 3590
3 15453 12750 10050
3 15453 447 12750
3 8360 447 12920
3 12920 5495 15049
3 15453 11944 9682
3 4424 5495 9682
3 5495 474 15049
3 9833 474 10533
3 14320 4964 10533
3 14835 14320 13192
3 13192 475 14835
3 475 9289 16676
3 13970 445 9289
3 3595 9827 12775
3 445 13970 10021
3 445 10021 11240
3 13512 11240 6470
3 13466 454 6470
3 13466 446 12667
3 16527 11240 15784
3 15784 2975 15191
3 446 7736 12667
3 2975 8060 15191
3 7736 2 14811
