1 0 2378 2256
1 522 2256 2378
1 1573 522 2378
1 3096 522 1573
1 2211 3096 1573
1 3144 2211 1573
1 3144 3098 2211
1 3098 308 2211
1 3096 2211 308
1 3096 308 2453
1 522 3096 2453
1 522 2453 2256
1 2256 2453 1491
1 2453 505 1491
1 2453 1812 505
1 505 1812 1025
1 505 1025 1492
1 1605 1492 1025
1 723 1605 1025
1 723 1025 1812
1 1812 777 723
1 2122 723 777
1 1471 2122 777
1 1471 777 1470
1 2483 1471 1470
1 2483 1470 1473
1 2483 1473 1476
1 1475 2483 1476
1 1477 1475 1476
1 1473 1477 1476
1 1473 1478 1477
1 1944 1477 1478
1 2070 1944 1478
1 1478 2420 2070
1 2070 2420 1994
1 1994 1411 2070
1 2123 2070 1411
1 2123 1411 2194
1 2591 2123 2194
1 1717 2591 2194
1 2194 2071 1717
1 2071 1378 1717
1 1717 1378 1786
1 1717 1786 967
1 1717 967 1106
1 1717 1106 2591
1 1106 1481 2591
1 1481 2059 2591
1 2591 2059 2171
1 2591 2171 1944
1 2591 1944 2123
1 2070 2123 1944
1 589 1944 2171
1 853 589 2171
1 853 2171 2059
1 1744 853 2059
1 1744 2059 1482
1 1482 1295 1744
1 822 1744 1295
1 822 1295 4170
1 822 4170 772
1 2269 822 772
1 1484 2269 772
1 1484 772 2797
1 2358 1484 2797
1 2797 1410 2358
1 484 2358 1410
1 484 1410 2047
1 2047 1410 2797
1 2380 2047 2797
1 1488 2380 2797
1 1489 1488 2797
1 2797 772 1489
1 4169 1489 772
1 4170 4169 772
1 2380 348 2047
1 484 1480 2358
1 1480 794 2358
1 794 1484 2358
1 2269 1484 794
1 794 695 2269
1 822 2269 695
1 822 695 1744
1 695 1059 1744
1 557 1744 1059
1 589 557 1059
1 589 1059 1475
1 589 1475 1477
1 589 1477 1944
1 1475 1059 601
1 601 2954 1475
1 2954 2486 1475
1 2086 1475 2486
1 2086 2486 2483
1 1475 2086 2483
1 2486 1026 2483
1 1026 1471 2483
1 723 1471 1026
1 1605 723 1026
1 1490 1605 1026
1 1026 1354 1490
1 1026 2486 1354
1 1354 2486 1474
1 1354 1474 912
1 912 1474 2954
1 912 2954 1479
1 1479 524 912
1 524 1479 1480
1 1480 484 524
1 1480 1479 601
1 601 1059 1480
1 1059 794 1480
1 695 794 1059
1 2954 601 1479
1 2954 601 1479
1 1474 2486 2954
1 1474 2486 2954
1 2184 1605 1490
1 1605 2184 1492
1 2122 1471 723
1 1026 2486 1354
1 1475 2086 2483
1 1474 2486 2954
1 2954 601 1479
1 601 1059 1480
1 589 853 557
1 557 853 1744
1 557 853 1744
1 695 794 1059
1 695 794 1059
1 1059 794 1480
1 1480 484 524
1 2047 1410 2797
1 794 1484 2358
1 2797 772 1489
1 2269 1484 794
1 822 2269 695
1 4170 4169 772
1 1295 1414 4170
1 1295 1431 1414
1 4167 1414 1431
1 4167 1431 1485
1 1485 4168 4167
1 4168 1485 2110
1 2110 2268 4168
1 2110 2536 2268
1 4171 2268 2536
1 4171 2536 2237
1 4171 2237 349
1 2237 2009 349
1 349 2009 2253
1 2253 2009 3139
1 2009 1483 3139
1 3139 1483 3138
1 3138 1483 2021
1 2021 2506 3138
1 2506 2021 1999
1 2506 1999 3137
1 1027 3137 1999
1 1786 1027 1999
1 1786 1999 967
1 967 1999 1511
1 967 1511 1106
1 1106 1511 1270
1 1106 1270 1481
1 1270 2011 1481
1 1482 1481 2011
1 2011 2055 1482
1 1431 1482 2055
1 1485 1431 2055
1 2055 1270 1485
1 1270 2110 1485
1 1270 727 2110
1 727 2536 2110
1 727 1487 2536
1 2536 1487 2237
1 1487 2009 2237
1 2009 1487 1483
1 1487 727 1483
1 2021 1483 727
1 1511 2021 727
1 1270 1511 727
1 2021 1511 1999
1 1487 727 1483
1 1270 1511 727
1 2055 2011 1270
1 1295 1482 1431
1 2055 2011 1270
1 1482 2059 1481
1 2055 2011 1270
1 1270 1511 727
1 2021 1511 1999
1 1027 1786 1378
1 2053 1027 1378
1 2053 1378 2071
1 2071 3125 2053
1 2053 3125 1951
1 2053 1951 2314
1 2181 2053 2314
1 2053 2181 1027
1 1027 2181 3136
1 3136 3137 1027
1 941 2314 1951
1 1951 2134 941
1 2106 941 2134
1 855 2106 2134
1 2134 1314 855
1 3116 855 1314
1 1314 1266 3116
1 1266 972 3116
1 972 767 3116
1 3116 767 3117
1 3117 855 3116
1 3117 2019 855
1 2019 2106 855
1 2106 2019 1080
1 2106 1080 1038
1 941 2106 1038
1 941 1038 2314
1 2019 2068 1080
1 2068 3135 1080
1 3135 2068 3102
1 3135 3102 2257
1 3102 1 2257
1 3102 1730 1
1 1730 3102 2466
1 1730 2466 3143
1 2350 3143 2466
1 2466 3102 2350
1 2350 3102 767
1 767 972 2350
1 972 1682 2350
1 1682 3141 2350
1 3141 3143 2350
1 3140 3141 1682
1 3197 3140 1682
1 3197 1682 3110
1 3110 3107 3197
1 989 3197 3107
1 2172 989 3107
1 964 2172 3107
1 3107 3114 964
1 964 3114 777
1 964 777 1469
1 964 1469 3105
1 3105 2172 964
1 3105 308 2172
1 308 3098 2172
1 2384 2172 3098
1 3144 2384 3098
1 2384 1002 2172
1 989 2172 1002
1 3197 989 1002
1 1002 3140 3197
1 1002 2384 3140
1 1002 2384 3140
1 308 3105 1469
1 2453 308 1469
1 2453 1469 1812
1 1812 1469 777
1 308 3105 1469
1 1812 1469 777
1 777 3114 2182
1 777 2182 1470
1 1472 1470 2182
1 2420 1472 2182
1 2420 2182 2429
1 1997 2420 2429
1 2429 2158 1997
1 2158 1994 1997
1 1997 1994 2420
1 2158 1314 1994
1 1411 1994 1314
1 1314 2134 1411
1 1411 2134 3125
1 1411 3125 2194
1 2194 3125 2071
1 3125 2134 1951
1 1314 2158 1266
1 1593 1266 2158
1 3110 1593 2158
1 3110 2158 2429
1 3110 2429 3114
1 3107 3110 3114
1 2429 2182 3114
1 3110 972 1593
1 1593 972 1266
1 3110 1682 972
1 1593 972 1266
1 3110 2158 2429
1 1997 1994 2420
1 2429 2182 3114
1 1473 1472 2420
1 1473 2420 1478
1 1473 1470 1472
1 1473 1470 1472
1 2429 2182 3114
1 3107 3110 3114
1 3105 2172 964
1 989 2172 1002
1 3197 989 1002
1 3107 3110 3114
1 3110 1682 972
1 1002 3140 3197
1 3110 1682 972
1 2198 767 3102
1 2068 2198 3102
1 2198 2068 2019
1 767 2198 2019
1 767 2019 3117
1 767 2198 2019
1 3141 3143 2350
1 2466 3102 2350
1 2068 2198 3102
1 2198 2068 2019
1 767 2019 3117
1 767 2019 3117
1 767 972 2350
1 1593 972 1266
1 1314 2158 1266
1 3117 855 3116
1 1314 2134 1411
1 2019 2106 855
1 941 2106 1038
1 3125 2134 1951
1 941 1038 2314
1 3125 2134 1951
1 2194 3125 2071
1 2053 2181 1027
1 3136 3137 1027
1 2021 1511 1999
1 2021 1483 727
1 2009 1487 1483
1 1487 2009 2237
1 2536 1487 2237
1 727 2536 2110
1 1270 2110 1485
1 1485 1431 2055
1 1295 1482 1431
1 822 695 1744
1 1295 1482 1431
1 1482 2059 1481
1 557 853 1744
1 589 853 557
1 589 1477 1944
1 853 2171 2059
1 1482 2059 1481
1 1106 1270 1481
1 967 1511 1106
1 1786 1999 967
1 1027 1786 1378
1 2053 1378 2071
1 2194 3125 2071
1 1717 1106 2591
1 2591 1944 2123
1 1411 3125 2194
1 2070 2123 1944
1 1411 1994 1314
1 1997 1994 2420
1 1473 2420 1478
1 2070 2123 1944
1 589 1477 1944
1 1473 2420 1478
1 589 1475 1477
1 1475 2086 2483
1 1473 1477 1476
1 1473 1470 1472
1 1026 1471 2483
1 777 2182 1470
1 2122 1471 723
1 2122 1471 723
1 1812 1469 777
1 1605 723 1026
1 1605 2184 1492
1 723 1025 1812
1 2453 1469 1812
1 2453 308 1469
1 308 3098 2172
1 3144 2384 3098
1 3096 2211 308
1 522 3096 2453
1 522 2453 2256
2 41 4 11
2 11 21 41
2 41 21 29
2 42 41 29
2 42 29 1725
2 1496 42 1725
2 1496 1725 1329
2 3904 1496 1329
2 4037 3904 1329
2 4037 1329 3941
2 3941 1301 4037
2 1571 4037 1301
2 1571 1301 2505
2 1571 2505 1850
2 1571 1850 3904
2 3904 4037 1571
2 4215 3904 1850
2 1850 435 4215
2 4215 435 3940
2 4215 3940 1755
2 1755 4202 4215
2 4215 4202 1496
2 4215 1496 3904
2 42 1496 4202
2 4202 53 42
2 41 42 53
2 66 41 53
2 53 3923 66
2 77 66 3923
2 1960 77 3923
2 1960 3923 1755
2 1960 1755 4205
2 1960 4205 4401
2 1960 4401 4212
2 1960 4212 77
2 4212 76 77
2 41 77 76
2 41 76 68
2 41 68 52
2 41 52 44
2 34 41 44
2 3907 34 44
2 3907 44 52
2 3907 52 890
2 1092 3907 890
2 891 1092 890
2 990 891 890
2 3865 990 890
2 52 3865 890
2 68 3865 52
2 4212 3865 68
2 76 4212 68
2 4212 4401 3865
2 3865 4401 990
2 4401 889 990
2 990 889 891
2 889 1212 891
2 891 1212 3960
2 891 3960 1092
2 3960 1004 1092
2 1004 3995 1092
2 3995 1777 1092
2 1777 3907 1092
2 1777 34 3907
2 1750 34 1777
2 1750 1777 4050
2 4050 4332 1750
2 1750 4332 4306
2 1750 4306 19
2 28 1750 19
2 41 28 19
2 41 19 4
2 4 19 4306
2 3782 4 4306
2 3782 4306 4305
2 1948 3782 4305
2 1948 4305 3955
2 1404 1948 3955
2 1404 3955 968
2 968 4307 1404
2 1404 4307 1758
2 1758 4244 1404
2 4244 4008 1404
2 1404 4008 1948
2 4008 3253 1948
2 1948 3253 3782
2 3253 1866 3782
2 3782 1866 4
2 11 4 1866
2 11 1866 3998
2 21 11 3998
2 21 3998 29
2 3998 1725 29
2 1759 1725 3998
2 3998 1866 1759
2 1759 1866 3253
2 4008 1759 3253
2 4008 3941 1759
2 1329 1759 3941
2 1759 1329 1725
2 4008 1857 3941
2 1857 4192 3941
2 1301 3941 4192
2 1301 4192 1302
2 1301 1302 2505
2 2505 1302 745
2 2505 745 1847
2 1850 2505 1847
2 1847 3807 1850
2 1850 3807 435
2 435 3807 4409
2 435 4409 4205
2 435 4205 3940
2 3940 4205 1755
2 4205 4409 4405
2 4405 4401 4205
2 889 4401 4405
2 992 889 4405
2 4405 4404 992
2 4404 3963 992
2 3963 1212 992
2 1212 889 992
2 1823 1212 3963
2 3963 1070 1823
2 1069 1823 1070
2 1069 1070 3953
2 4263 1069 3953
2 4263 3953 4366
2 4194 4263 4366
2 4194 4366 4368
2 4194 4368 1021
2 724 4194 1021
2 1021 1024 724
2 1024 4338 724
2 3115 724 4338
2 4338 4336 3115
2 3115 4336 4330
2 3163 3115 4330
2 3163 4330 3594
2 3163 3594 1508
2 3163 1508 4269
2 3163 4269 800
2 3163 800 3115
2 3115 800 3938
2 3938 724 3115
2 724 3938 4210
2 724 4210 4194
2 3722 4194 4210
2 4210 4333 3722
2 3877 3722 4333
2 4333 4307 3877
2 3877 4307 968
2 4337 3877 968
2 968 3072 4337
2 1004 4337 3072
2 4332 1004 3072
2 4332 3072 4305
2 4332 4305 4306
2 3072 3955 4305
2 3955 3072 968
2 1004 4332 4050
2 3995 1004 4050
2 3995 4050 1777
2 4337 1004 3960
2 4337 3960 1213
2 4337 1213 3877
2 3877 1213 779
2 3877 779 3722
2 3722 779 4263
2 3722 4263 4194
2 1069 4263 779
2 1069 779 4264
2 1069 4264 1823
2 4264 1212 1823
2 1213 1212 4264
2 779 1213 4264
2 1213 3960 1212
2 779 1213 4264
2 779 1213 4264
2 1213 3960 1212
2 3955 3072 968
2 4337 1213 3877
2 4333 3952 4307
2 3952 1758 4307
2 3952 1723 1758
2 1723 4244 1758
2 4244 1723 1870
2 4244 1870 1857
2 4244 1857 4008
2 4192 1857 1870
2 1870 4012 4192
2 1331 4192 4012
2 1331 4012 4187
2 3971 1331 4187
2 4187 1303 3971
2 746 3971 1303
2 746 1303 1699
2 746 1699 687
2 2623 746 687
2 583 2623 687
2 3949 583 687
2 3949 687 2767
2 4139 3949 2767
2 2767 4067 4139
2 3988 4139 4067
2 3988 4067 3237
2 3988 3237 4151
2 4151 4042 3988
2 4042 4139 3988
2 4139 4042 3949
2 4042 1298 3949
2 583 3949 1298
2 3838 583 1298
2 4403 3838 1298
2 1298 4042 4403
2 4042 1698 4403
2 1698 3840 4403
2 1072 4403 3840
2 4370 1072 3840
2 4364 4370 3840
2 4364 3840 1816
2 4003 4364 1816
2 4003 1816 4365
2 4365 782 4003
2 4336 4003 782
2 782 726 4336
2 4053 4336 726
2 726 1641 4053
2 1620 4053 1641
2 1620 1641 1406
2 1620 1406 4267
2 1620 4267 4271
2 3594 1620 4271
2 3594 4271 1508
2 1508 4271 1867
2 1508 1867 2946
2 1508 2946 1871
2 1871 4269 1508
2 1871 4268 4269
2 800 4269 4268
2 4268 1405 800
2 1405 3790 800
2 3790 3938 800
2 3938 3790 4216
2 4210 3938 4216
2 4216 4333 4210
2 4216 1949 4333
2 4333 1949 3952
2 1723 3952 1949
2 1723 1949 1405
2 1405 4209 1723
2 1870 1723 4209
2 4209 4012 1870
2 4209 4246 4012
2 4187 4012 4246
2 4187 4246 1871
2 4187 1871 2725
2 4187 2725 1303
2 2725 4335 1303
2 4335 1699 1303
2 1699 4335 747
2 687 1699 747
2 747 2767 687
2 4067 2767 747
2 747 3910 4067
2 3910 3936 4067
2 3237 4067 3936
2 1959 3237 3936
2 1959 3936 1599
2 1959 1599 437
2 1959 437 3937
2 1959 3937 3413
2 4407 1959 3413
2 4407 3413 1702
2 4407 1702 1798
2 1798 4151 4407
2 4151 3237 4407
2 3237 1959 4407
2 4151 1798 4042
2 1798 1698 4042
2 1798 3840 1698
2 3840 1798 3030
2 1816 3840 3030
2 1816 3030 4365
2 4367 4365 3030
2 4367 3030 4371
2 4371 4369 4367
2 1022 4367 4369
2 1022 4369 3897
2 3897 3900 1022
2 1022 3900 4340
2 4340 726 1022
2 782 1022 726
2 4367 1022 782
2 782 4365 4367
2 1641 726 4340
2 1641 4340 4331
2 4331 1406 1641
2 4331 4304 1406
2 1402 1406 4304
2 1402 4304 3921
2 1402 3921 4589
2 4272 1402 4589
2 4589 169 4272
2 4272 169 1060
2 4272 1060 4245
2 4245 4266 4272
2 4266 1402 4272
2 1402 4266 1406
2 4266 4270 1406
2 4270 3842 1406
2 1406 3842 4267
2 3146 4267 3842
2 3146 3842 2990
2 2990 1304 3146
2 1304 1859 3146
2 1858 3146 1859
2 1868 1858 1859
2 4584 1868 1859
2 1326 4584 1859
2 1859 1304 1326
2 1326 1304 1330
2 1326 1330 4345
2 1326 4345 4584
2 4345 4344 4584
2 2848 4584 4344
2 2848 4344 4335
2 4335 2725 2848
2 2725 2863 2848
2 1867 2848 2863
2 2946 1867 2863
2 2946 2863 2725
2 2946 2725 1871
2 1867 1868 2848
2 2848 1868 4584
2 1868 1867 1858
2 4271 1858 1867
2 1858 4271 4267
2 1858 4267 3146
2 2946 2863 2725
2 4335 4344 3910
2 4335 3910 747
2 3910 4344 3975
2 3936 3910 3975
2 3936 3975 1599
2 3975 4344 1599
2 1599 4344 4345
2 2459 1599 4345
2 4345 4334 2459
2 4334 1848 2459
2 1848 1740 2459
2 1740 437 2459
2 2459 437 1599
2 1538 437 1740
2 1538 1740 581
2 1538 581 1697
2 4399 1538 1697
2 1703 4399 1697
2 1703 1697 995
2 995 893 1703
2 1703 893 4371
2 1703 4371 994
2 994 1702 1703
2 1702 3413 1703
2 3413 4399 1703
2 3937 4399 3413
2 3937 1538 4399
2 3937 437 1538
2 994 1798 1702
2 994 3030 1798
2 994 4371 3030
2 994 4371 3030
2 4369 4371 893
2 4369 893 4373
2 3897 4369 4373
2 3897 4373 4060
2 1444 3897 4060
2 3887 1444 4060
2 86 3887 4060
2 86 4060 108
2 86 108 1638
2 86 1638 100
2 86 100 3887
2 4339 3887 100
2 3921 4339 100
2 3921 100 129
2 3921 129 4589
2 470 4589 129
2 470 129 100
2 470 100 3620
2 470 3620 3715
2 3743 470 3715
2 3743 3715 464
2 3743 464 3675
2 741 3743 3675
2 740 741 3675
2 740 3675 1653
2 740 1653 783
2 740 783 4424
2 740 4424 4421
2 4421 741 740
2 741 4421 4423
2 741 4423 1770
2 1770 3743 741
2 470 3743 1770
2 470 1770 4589
2 4589 1770 4423
2 4589 4423 4422
2 4422 169 4589
2 4422 541 169
2 541 1943 169
2 169 1943 201
2 201 1907 169
2 169 1907 1060
2 1117 1060 1907
2 1117 1907 1408
2 1117 1408 1115
2 1117 1115 3395
2 802 1117 3395
2 802 3395 744
2 3816 802 744
2 4136 3816 744
2 4136 744 801
2 1505 4136 801
2 1505 801 1906
2 1505 1906 146
2 1505 146 125
2 1505 125 4218
2 1505 4218 2953
2 4136 1505 2953
2 680 4136 2953
2 2910 680 2953
2 2953 4218 2910
2 4218 94 2910
2 2910 94 2605
2 2978 2910 2605
2 2978 2605 961
2 2978 961 3878
2 2978 3878 4174
2 2554 2978 4174
2 4174 1720 2554
2 2554 1720 680
2 2910 2554 680
2 2910 2978 2554
2 680 1720 4081
2 680 4081 3816
2 3816 4136 680
2 3816 4081 131
2 3816 131 802
2 802 131 1060
2 802 1060 1117
2 4245 1060 131
2 4245 131 1860
2 1856 4245 1860
2 1860 4199 1856
2 1856 4199 1330
2 1304 1856 1330
2 1062 1856 1304
2 1062 1304 2990
2 2990 4270 1062
2 4270 4024 1062
2 1062 4024 1856
2 4024 4245 1856
2 4024 4266 4245
2 4024 4270 4266
2 4024 4270 4266
2 2990 3842 4270
2 1062 4024 1856
2 1330 4199 4334
2 1330 4334 4345
2 114 4334 4199
2 4199 1860 114
2 1860 131 114
2 4081 114 131
2 4081 3023 114
2 114 3023 90
2 90 4334 114
2 90 87 4334
2 1848 4334 87
2 1848 87 109
2 132 1848 109
2 852 132 109
2 109 2866 852
2 4148 852 2866
2 3878 4148 2866
2 3878 2866 4174
2 1720 4174 2866
2 1720 2866 109
2 1720 109 3023
2 1720 3023 4081
2 3023 109 87
2 90 3023 87
2 4148 3878 961
2 4148 961 4417
2 4148 4417 785
2 4153 4148 785
2 785 1065 4153
2 4153 1065 4420
2 4420 852 4153
2 4153 852 4148
2 4420 150 852
2 132 852 150
2 150 1292 132
2 1292 1740 132
2 1848 132 1740
2 581 1740 1292
2 4400 581 1292
2 4408 4400 1292
2 1292 150 4408
2 150 165 4408
2 4408 165 158
2 158 4400 4408
2 158 991 4400
2 4400 991 1697
2 581 4400 1697
2 995 1697 991
2 995 991 4374
2 995 4374 4373
2 995 4373 893
2 4374 4060 4373
2 4374 130 4060
2 4060 130 108
2 108 130 1543
2 1638 108 1543
2 2286 1638 1543
2 2286 1543 4416
2 3201 2286 4416
2 578 3201 4416
2 4416 1089 578
2 578 1089 3732
2 121 578 3732
2 121 3732 157
2 157 4213 121
2 4213 3266 121
2 102 121 3266
2 3266 84 102
2 84 578 102
2 102 578 121
2 3201 578 84
2 84 107 3201
2 1779 3201 107
2 107 1653 1779
2 1653 3675 1779
2 464 1779 3675
2 464 3201 1779
2 2286 3201 464
2 2286 464 3620
2 1638 2286 3620
2 1638 3620 100
2 3715 3620 464
2 127 1653 107
2 127 107 4302
2 4303 127 4302
2 1985 4303 4302
2 4302 1198 1985
2 1985 1198 1989
2 1985 1989 1088
2 1985 1088 776
2 776 4303 1985
2 776 902 4303
2 902 4562 4303
2 144 4303 4562
2 144 4562 783
2 4204 144 783
2 1653 4204 783
2 4204 1653 127
2 144 4204 127
2 144 127 4303
2 144 4204 127
2 4446 783 4562
2 4562 4565 4446
2 4557 4446 4565
2 4557 4565 956
2 4557 956 661
2 1567 4557 661
2 661 4030 1567
2 4030 243 1567
2 1567 243 1645
2 1567 1645 3888
2 3836 1567 3888
2 3836 3888 1644
2 4445 3836 1644
2 1644 4444 4445
2 4423 4445 4444
2 4444 4422 4423
2 4422 4444 541
2 218 541 4444
2 640 218 4444
2 640 4444 1644
2 2440 640 1644
2 1644 3888 2440
2 2440 3888 1645
2 1735 2440 1645
2 265 1735 1645
2 1645 243 265
2 265 243 1519
2 1519 253 265
2 410 265 253
2 4571 410 253
2 4571 253 4514
2 4571 4514 215
2 4571 215 410
2 410 215 4467
2 4467 411 410
2 1735 410 411
2 411 1516 1735
2 1516 2292 1735
2 2292 2440 1735
2 3989 2440 2292
2 3989 2292 1516
2 244 3989 1516
2 244 1516 1701
2 219 244 1701
2 219 1701 4458
2 219 4458 197
2 219 197 4219
2 219 4219 558
2 558 244 219
2 558 2995 244
2 244 2995 264
2 244 264 3989
2 264 640 3989
2 2440 3989 640
2 264 4556 640
2 640 4556 218
2 4041 218 4556
2 264 4041 4556
2 4118 4041 264
2 2995 4118 264
2 2995 4120 4118
2 4118 4120 4041
2 4041 4120 3879
2 4041 3879 1947
2 1947 218 4041
2 218 1947 1945
2 1945 541 218
2 1943 541 1945
2 4429 1943 1945
2 1945 1923 4429
2 4483 4429 1923
2 1921 4483 1923
2 1921 1923 3752
2 3752 2082 1921
2 1921 2082 3765
2 1921 3765 3605
2 1921 3605 4483
2 2851 4483 3605
2 1361 2851 3605
2 3158 1361 3605
2 3158 3605 3765
2 3765 1918 3158
2 2790 3158 1918
2 1918 2929 2790
2 2929 3844 2790
2 2790 3844 2421
2 2421 3500 2790
2 3158 2790 3500
2 3158 3500 1361
2 3500 3783 1361
2 1361 3783 392
2 1361 392 2851
2 392 3579 2851
2 391 2851 3579
2 391 3579 4031
2 4031 252 391
2 232 391 252
2 1250 232 252
2 1250 252 3906
2 1115 1250 3906
2 3906 1523 1115
2 1115 1523 3721
2 1114 1115 3721
2 1407 1114 3721
2 1407 3721 2291
2 1407 2291 4190
2 1407 4190 3849
2 1409 1407 3849
2 1409 3849 234
2 234 211 1409
2 211 202 1409
2 1116 1409 202
2 1906 1116 202
2 202 180 1906
2 164 1906 180
2 180 1894 164
2 1894 1163 164
2 146 164 1163
2 1163 1162 146
2 1162 125 146
2 94 125 1162
2 2632 94 1162
2 2632 1162 4181
2 4181 3250 2632
2 4347 2632 3250
2 4347 3250 3802
2 2579 4347 3802
2 2579 3802 4084
2 790 2579 4084
2 4084 4346 790
2 790 4346 1649
2 789 790 1649
2 1649 788 789
2 788 4006 789
2 789 4006 1267
2 789 1267 3778
2 3778 3710 789
2 789 3710 790
2 790 3710 2579
2 3710 113 2579
2 113 88 2579
2 94 2579 88
2 94 88 4155
2 2605 94 4155
2 4155 961 2605
2 1666 961 4155
2 4155 113 1666
2 1666 113 145
2 145 4417 1666
2 4417 961 1666
2 786 4417 145
2 145 166 786
2 166 4430 786
2 786 4430 3373
2 786 3373 785
2 785 4417 786
2 785 3373 1065
2 2575 1065 3373
2 2575 3373 1067
2 2575 1067 3268
2 3020 2575 3268
2 2293 3020 3268
2 2836 2293 3268
2 2836 3268 255
2 255 4190 2836
2 4190 2291 2836
2 2836 2291 2293
2 3719 2293 2291
2 1523 3719 2291
2 3721 1523 2291
2 1523 1563 3719
2 3719 1563 1731
2 2293 3719 1731
2 2293 1731 3020
2 1731 934 3020
2 3020 934 2575
2 1066 2575 934
2 934 212 1066
2 1066 212 191
2 191 174 1066
2 1066 174 4420
2 1065 1066 4420
2 1065 2575 1066
2 174 150 4420
2 150 174 165
2 174 191 165
2 179 165 191
2 179 191 1665
2 179 1665 1813
2 179 1813 197
2 197 1917 179
2 179 1917 158
2 165 179 158
2 158 1917 1113
2 158 1113 130
2 991 158 130
2 991 130 4374
2 1113 1075 130
2 1543 130 1075
2 1543 1075 4416
2 4416 1075 1089
2 1075 1939 1089
2 1089 1939 1938
2 1938 3732 1089
2 3732 1938 157
2 1938 1708 157
2 1708 1278 157
2 157 1278 1277
2 4587 157 1277
2 4587 1277 4175
2 4388 4587 4175
2 3861 4388 4175
2 4223 3861 4175
2 1277 4223 4175
2 845 4223 1277
2 1277 1278 845
2 156 845 1278
2 167 156 1278
2 1708 167 1278
2 167 1708 182
2 182 1970 167
2 167 1970 156
2 156 1970 1019
2 133 156 1019
2 133 1019 4111
2 133 4111 115
2 115 4048 133
2 845 133 4048
2 845 4048 4223
2 4223 4048 1826
2 3604 4223 1826
2 3968 3604 1826
2 3378 3968 1826
2 3378 1826 4048
2 115 3378 4048
2 3378 115 92
2 3968 3378 92
2 92 4191 3968
2 4585 3968 4191
2 3830 4585 4191
2 3830 4191 1504
2 1632 3830 1504
2 1504 124 1632
2 124 4289 1632
2 1632 4289 4294
2 4294 1502 1632
2 1502 1845 1632
2 1845 3830 1632
2 1845 3415 3830
2 4585 3830 3415
2 2902 4585 3415
2 3415 3608 2902
2 3608 3071 2902
2 2902 3071 4178
2 1828 2902 4178
2 1828 4178 846
2 1828 846 3604
2 1828 3604 4585
2 1828 4585 2902
2 3968 4585 3604
2 3604 846 4223
2 846 3861 4223
2 3861 846 844
2 3861 844 3383
2 3383 4554 3861
2 4553 3861 4554
2 3219 4553 4554
2 4554 4103 3219
2 4103 694 3219
2 694 4126 3219
2 4126 696 3219
2 3219 696 3920
2 3920 4388 3219
2 4553 3219 4388
2 4553 4388 3861
2 4587 4388 3920
2 4213 4587 3920
2 3920 696 4213
2 3266 4213 696
2 696 1120 3266
2 3266 1120 84
2 1198 84 1120
2 1120 4126 1198
2 4126 4183 1198
2 4183 1989 1198
2 1987 1989 4183
2 1197 1987 4183
2 4183 4066 1197
2 4066 1191 1197
2 1197 1191 4300
2 1197 4300 1987
2 1987 4300 775
2 1088 1987 775
2 1088 775 776
2 775 901 776
2 776 901 902
2 902 901 4289
2 4289 4288 902
2 4288 4562 902
2 147 4562 4288
2 147 4288 124
2 147 124 1914
2 4427 147 1914
2 1914 1912 4427
2 4427 1912 3606
2 3606 977 4427
2 977 199 4427
2 199 4562 4427
2 4427 4562 147
2 199 4565 4562
2 199 956 4565
2 956 199 4479
2 956 4479 4478
2 4478 4025 956
2 956 4025 1607
2 956 1607 661
2 661 1607 4030
2 1607 1630 4030
2 243 4030 1630
2 243 1630 1519
2 1519 1630 1169
2 1519 1169 1800
2 1519 1800 465
2 4514 1519 465
2 4211 4514 465
2 4211 465 2458
2 831 4211 2458
2 831 2458 832
2 832 4056 831
2 753 831 4056
2 753 4056 868
2 753 868 203
2 753 203 182
2 182 190 753
2 753 190 515
2 515 831 753
2 4211 831 515
2 515 190 4211
2 4211 190 215
2 215 4514 4211
2 190 4457 215
2 4467 215 4457
2 4467 4457 4459
2 411 4467 4459
2 1701 411 4459
2 4459 4458 1701
2 1940 4458 4459
2 1939 1940 4459
2 1939 4459 4457
2 1938 1939 4457
2 190 1938 4457
2 1708 1938 190
2 1708 190 182
2 1075 1940 1939
2 1113 1940 1075
2 1113 1917 1940
2 1917 197 1940
2 197 4458 1940
2 197 4458 1940
2 1516 411 1701
2 1939 4459 4457
2 190 1938 4457
2 515 190 4211
2 1708 190 182
2 182 203 1970
2 1970 203 796
2 1208 1970 796
2 4518 1208 796
2 4518 796 226
2 4518 226 261
2 261 1506 4518
2 1506 3976 4518
2 3976 4116 4518
2 4116 1208 4518
2 1263 1208 4116
2 4116 4517 1263
2 1263 4517 4519
2 4519 3527 1263
2 1263 3527 1208
2 3527 3308 1208
2 3308 175 1208
2 1208 175 1970
2 1970 175 1460
2 1970 1460 1019
2 4111 1019 1460
2 4111 1460 875
2 881 4111 875
2 876 881 875
2 876 875 2436
2 876 2436 3574
2 876 3574 1971
2 1971 1237 876
2 1237 120 876
2 876 120 880
2 880 881 876
2 881 880 3229
2 881 3229 455
2 455 1572 881
2 1572 882 881
2 881 882 4111
2 115 4111 882
2 882 92 115
2 1572 92 882
2 92 1572 105
2 1504 92 105
2 105 124 1504
2 124 105 999
2 1914 124 999
2 999 3441 1914
2 3441 1262 1914
2 1912 1914 1262
2 1262 3079 1912
2 3606 1912 3079
2 3211 3606 3079
2 3211 3079 883
2 1434 3211 883
2 4428 1434 883
2 1261 4428 883
2 1261 883 3445
2 1261 3445 3839
2 1261 3839 1913
2 1909 1261 1913
2 1909 1913 4582
2 4287 1909 4582
2 4582 3943 4287
2 3943 153 4287
2 4287 153 1736
2 1736 185 4287
2 4287 185 1909
2 1909 185 4428
2 1261 1909 4428
2 198 4428 185
2 198 185 2852
2 198 2852 227
2 1434 198 227
2 227 1631 1434
2 751 1434 1631
2 751 1631 4544
2 751 4544 1507
2 750 751 1507
2 750 1507 3247
2 750 3247 4085
2 4085 749 750
2 750 749 962
2 750 962 751
2 1434 751 962
2 3211 1434 962
2 962 749 3211
2 749 3606 3211
2 3606 749 3770
2 3606 3770 977
2 977 3770 229
2 977 229 199
2 199 229 4479
2 4152 4479 229
2 245 4152 229
2 245 229 3770
2 245 3770 3985
2 245 3985 263
2 245 263 4238
2 245 4238 4152
2 4152 4238 4576
2 4576 4479 4152
2 4478 4479 4576
2 4576 3875 4478
2 3875 603 4478
2 603 957 4478
2 4478 957 4025
2 957 2794 4025
2 4025 2794 4564
2 3808 4025 4564
2 3808 4564 3756
2 1625 3808 3756
2 1625 3756 1568
2 3628 1625 1568
2 3215 3628 1568
2 1568 1628 3215
2 1801 3215 1628
2 3763 1801 1628
2 3763 1628 1570
2 1570 959 3763
2 814 3763 959
2 959 1774 814
2 1774 4039 814
2 2163 814 4039
2 4039 1738 2163
2 2163 1738 1739
2 2163 1739 576
2 4579 2163 576
2 4579 576 3759
2 3759 2754 4579
2 4579 2754 960
2 814 4579 960
2 960 2961 814
2 1569 814 2961
2 1611 1569 2961
2 2961 2267 1611
2 1611 2267 1694
2 3521 1611 1694
2 3521 1694 1612
2 1612 3126 3521
2 3521 3126 4188
2 3521 4188 4105
2 1611 3521 4105
2 1627 1611 4105
2 1627 4105 4023
2 1627 4023 1801
2 1801 1569 1627
2 1611 1627 1569
2 1569 1801 3763
2 814 1569 3763
2 2147 1801 4023
2 4023 1122 2147
2 1122 4114 2147
2 3319 2147 4114
2 3334 3319 4114
2 4114 3980 3334
2 3980 2810 3334
2 3334 2810 3954
2 3319 3334 3954
2 3319 3954 1802
2 3319 1802 3215
2 3319 3215 1801
2 3319 1801 2147
2 3215 1802 3628
2 3628 1802 4061
2 3628 4061 1625
2 4061 1610 1625
2 1610 3808 1625
2 1604 3808 1610
2 1610 3679 1604
2 3679 1607 1604
2 1604 1607 4025
2 1604 4025 3808
2 3679 1630 1607
2 1169 1630 3679
2 3679 1610 1169
2 1610 4061 1169
2 4061 1800 1169
2 3954 1800 4061
2 4061 1802 3954
2 1800 3954 4022
2 1800 4022 2913
2 465 1800 2913
2 465 2913 3552
2 465 3552 2458
2 3552 832 2458
2 3552 4498 832
2 4144 832 4498
2 4144 4498 1356
2 1901 4144 1356
2 3699 1901 1356
2 1356 1465 3699
2 1902 3699 1465
2 1902 1465 1466
2 1466 1903 1902
2 1902 1903 871
2 870 1902 871
2 1392 870 871
2 1928 1392 871
2 871 3966 1928
2 1928 3966 1398
2 1928 1398 1370
2 1928 1370 1392
2 1742 1392 1370
2 1370 2938 1742
2 2938 1737 1742
2 1737 1375 1742
2 1742 1375 1392
2 1375 1397 1392
2 1397 870 1392
2 870 1397 869
2 870 869 1902
2 869 3699 1902
2 3699 869 4198
2 4198 1578 3699
2 1578 1901 3699
2 1578 1905 1901
2 1905 4056 1901
2 1901 4056 832
2 1901 832 4144
2 868 4056 1905
2 1400 868 1905
2 4020 1400 1905
2 1578 4020 1905
2 4198 4020 1578
2 4020 4198 1397
2 4020 1397 1375
2 4020 1375 1391
2 1400 4020 1391
2 1400 1391 1368
2 868 1400 1368
2 1368 226 868
2 868 226 203
2 796 203 226
2 226 1368 2666
2 226 2666 261
2 261 2666 263
2 261 263 3985
2 261 3985 1506
2 4085 1506 3985
2 3985 3770 4085
2 3770 749 4085
2 3247 1506 4085
2 3976 1506 3247
2 4517 3976 3247
2 4517 3247 1507
2 1507 4519 4517
2 1507 4544 4519
2 241 4519 4544
2 2520 241 4544
2 1657 2520 4544
2 1657 4544 1631
2 1631 1651 1657
2 1657 1651 3913
2 3913 1766 1657
2 1656 1657 1766
2 1766 2084 1656
2 2084 1310 1656
2 1657 1656 1310
2 1657 1310 2520
2 2520 1310 915
2 2520 915 241
2 4491 241 915
2 915 920 4491
2 561 4491 920
2 561 920 3961
2 561 3961 922
2 4452 561 922
2 3230 4452 922
2 1875 3230 922
2 1875 922 2601
2 2601 1877 1875
2 1877 1874 1875
2 1421 1875 1874
2 1874 940 1421
2 1421 940 4063
2 1421 4063 3230
2 1421 3230 1875
2 4063 560 3230
2 4452 3230 560
2 560 1681 4452
2 561 4452 1681
2 1681 4491 561
2 4491 1681 210
2 228 4491 210
2 1209 228 210
2 1209 210 188
2 188 1971 1209
2 3574 1209 1971
2 1210 1209 3574
2 3574 2436 1210
2 2436 3308 1210
2 1210 3308 3527
2 1210 3527 1209
2 3527 228 1209
2 228 3527 241
2 4491 228 241
2 241 3527 4519
2 2436 3573 3308
2 3308 3573 175
2 175 3573 875
2 1460 175 875
2 3573 2436 875
2 3573 2436 875
2 1210 3527 1209
2 159 1971 188
2 188 168 159
2 159 168 1879
2 159 1879 1237
2 1971 159 1237
2 1237 1879 120
2 1879 1881 120
2 1764 120 1881
2 1881 1886 1764
2 1886 4242 1764
2 4243 1764 4242
2 4242 3018 4243
2 2640 4243 3018
2 1622 2640 3018
2 4140 1622 3018
2 4140 3018 2500
2 4140 2500 2365
2 2131 4140 2365
2 2131 2365 951
2 3993 2131 951
2 3922 3993 951
2 4143 3922 951
2 4143 951 2742
2 2742 953 4143
2 953 614 4143
2 614 3558 4143
2 3922 4143 3558
2 4583 3922 3558
2 4583 3558 3122
2 4583 3122 3057
2 4583 3057 1838
2 4583 1838 4015
2 3922 4583 4015
2 4015 3993 3922
2 1808 3993 4015
2 1808 4015 3456
2 3456 1839 1808
2 1808 1839 2800
2 3648 1808 2800
2 3648 2800 3493
2 3493 952 3648
2 952 2131 3648
2 2131 3993 3648
2 3648 3993 1808
2 952 4140 2131
2 952 1622 4140
2 2407 1622 952
2 2407 952 3493
2 2407 3493 1806
2 2407 1806 3240
2 2407 3240 2640
2 2640 1622 2407
2 2640 3240 4243
2 948 4243 3240
2 3240 3244 948
2 3244 3566 948
2 3566 4318 948
2 948 4318 82
2 948 82 103
2 948 103 4243
2 103 1764 4243
2 120 1764 103
2 120 103 880
2 82 880 103
2 880 82 3229
2 82 1000 3229
2 3229 1000 455
2 455 1000 998
2 998 1572 455
2 998 4106 1572
2 105 1572 4106
2 105 4106 999
2 999 4106 3441
2 998 3441 4106
2 3441 998 1000
2 3839 3441 1000
2 1449 3839 1000
2 1449 1000 89
2 89 123 1449
2 1913 1449 123
2 1913 123 4582
2 4582 123 1805
2 3943 4582 1805
2 1805 3635 3943
2 3635 3996 3943
2 4080 3943 3996
2 1775 4080 3996
2 3996 3635 1775
2 1775 3635 2800
2 2800 2883 1775
2 2883 2144 1775
2 1775 2144 4080
2 2144 4293 4080
2 4080 4293 3943
2 4292 3943 4293
2 4292 4293 742
2 742 138 4292
2 153 4292 138
2 1990 153 138
2 138 929 1990
2 1990 929 2983
2 1990 2983 1736
2 1990 1736 153
2 1736 2983 4075
2 4075 1639 1736
2 193 1736 1639
2 193 1639 214
2 214 4550 193
2 4550 1044 193
2 193 1044 1757
2 193 1757 185
2 193 185 1736
2 1757 2852 185
2 1757 1651 2852
2 2852 1651 227
2 227 1651 1631
2 3119 1651 1757
2 1757 1044 3119
2 548 3119 1044
2 1044 4086 548
2 2028 548 4086
2 2028 4086 3933
2 2607 2028 3933
2 2607 3933 2733
2 1652 2607 2733
2 2733 1754 1652
2 1652 1754 2791
2 1652 2791 3434
2 2607 1652 3434
2 2758 2607 3434
2 2084 2758 3434
2 3434 2516 2084
2 2084 2516 4541
2 2084 4541 4542
2 4542 1310 2084
2 4542 1319 1310
2 1319 915 1310
2 920 915 1319
2 1319 1950 920
2 2348 920 1950
2 1950 916 2348
2 2753 2348 916
2 916 1688 2753
2 1688 2917 2753
2 2753 2917 3241
2 3241 2348 2753
2 2348 3241 3961
2 3961 920 2348
2 3961 3241 2601
2 922 3961 2601
2 4456 2601 3241
2 4456 3241 2917
2 2917 4454 4456
2 3918 4456 4454
2 3918 4454 3081
2 3918 3081 935
2 3918 935 3486
2 3918 3486 1877
2 1877 4456 3918
2 4456 1877 2601
2 1874 1877 3486
2 2444 1874 3486
2 3486 2885 2444
2 2885 3425 2444
2 2444 3425 940
2 2444 940 1874
2 3425 4538 940
2 940 4538 3365
2 940 3365 3959
2 940 3959 4063
2 236 4063 3959
2 258 236 3959
2 258 3959 3365
2 258 3365 259
2 258 259 4058
2 2642 258 4058
2 2130 2642 4058
2 2130 4058 2630
2 4129 2130 2630
2 2630 2593 4129
2 2593 895 4129
2 4265 4129 895
2 1734 4265 895
2 1734 895 2812
2 896 1734 2812
2 2812 2097 896
2 896 2097 2940
2 2940 4418 896
2 896 4418 1640
2 1640 1734 896
2 1640 413 1734
2 4265 1734 413
2 413 1211 4265
2 4265 1211 4129
2 4129 1211 1201
2 2130 4129 1201
2 1201 1575 2130
2 1575 2642 2130
2 1575 863 2642
2 863 258 2642
2 863 236 258
2 863 206 236
2 236 206 4063
2 4063 206 560
2 206 189 560
2 4448 560 189
2 189 188 4448
2 4448 188 210
2 4448 210 1681
2 560 4448 1681
2 188 189 168
2 189 1241 168
2 4547 168 1241
2 4547 1241 4233
2 4547 4233 135
2 4383 4547 135
2 3811 4383 135
2 112 3811 135
2 112 135 626
2 626 83 112
2 83 2702 112
2 112 2702 3811
2 3811 2702 1103
2 1941 3811 1103
2 1941 1103 3591
2 3591 2647 1941
2 2647 4385 1941
2 2745 1941 4385
2 2989 2745 4385
2 2989 4385 3846
2 1886 2989 3846
2 1886 3846 4242
2 3299 4242 3846
2 3299 3846 3033
2 1765 3299 3033
2 1765 3033 2456
2 1765 2456 2315
2 4241 1765 2315
2 3431 4241 2315
2 743 3431 2315
2 743 2315 2273
2 1763 743 2273
2 1763 2273 2452
2 1763 2452 1878
2 2089 1763 1878
2 2089 1878 2716
2 1240 2089 2716
2 4415 1240 2716
2 4415 2716 1878
2 1878 2615 4415
2 2615 4384 4415
2 4415 4384 958
2 4411 4415 958
2 1135 4411 958
2 958 1030 1135
2 3899 1135 1030
2 2847 3899 1030
2 2847 1030 3855
2 1101 2847 3855
2 1101 3855 1136
2 1101 1136 3538
2 1101 3538 2202
2 1101 2202 3531
2 3531 2847 1101
2 3531 735 2847
2 2847 735 2755
2 3700 2847 2755
2 3273 3700 2755
2 1601 3273 2755
2 1601 2755 4324
2 4324 2687 1601
2 1601 2687 4321
2 1601 4321 1600
2 1600 3273 1601
2 1600 1447 3273
2 3273 1447 2814
2 3273 2814 1032
2 1032 2667 3273
2 3700 3273 2667
2 3700 2667 2847
2 2847 2667 3899
2 3899 2667 3281
2 1135 3899 3281
2 1135 3281 4411
2 1884 4411 3281
2 3281 3930 1884
2 3930 4412 1884
2 1239 1884 4412
2 1239 4412 4413
2 3376 1239 4413
2 4260 3376 4413
2 4413 4414 4260
2 75 4260 4414
2 4414 80 75
2 75 80 39
2 75 39 64
2 4260 75 64
2 1233 4260 64
2 1233 64 2477
2 1621 1233 2477
2 1621 2477 48
2 1621 48 1131
2 1621 1131 2589
2 2589 3133 1621
2 1621 3133 3376
2 1621 3376 1233
2 3376 4260 1233
2 3133 1882 3376
2 1239 3376 1882
2 1239 1882 1762
2 1762 3328 1239
2 1884 1239 3328
2 1884 3328 4411
2 3328 1240 4411
2 4415 4411 1240
2 1880 1240 3328
2 1762 1880 3328
2 1762 3508 1880
2 3508 2089 1880
2 1880 2089 1240
2 3508 1623 2089
2 1623 953 2089
2 953 743 2089
2 1763 2089 743
2 743 953 2742
2 2742 3431 743
2 3431 2742 951
2 3431 951 2365
2 3431 2365 4241
2 2365 2500 4241
2 2500 1765 4241
2 3299 1765 2500
2 3018 3299 2500
2 4242 3299 3018
2 953 1623 614
2 614 1623 3508
2 614 3508 3530
2 3530 4319 614
2 614 4319 3558
2 3122 3558 4319
2 4319 1804 3122
2 1804 848 3122
2 3122 848 3057
2 3437 3057 848
2 3437 848 847
2 847 2656 3437
2 3437 2656 1635
2 3057 3437 1635
2 1838 3057 1635
2 1778 1838 1635
2 1778 1635 3078
2 1778 3078 2538
2 4065 1778 2538
2 3456 4065 2538
2 1776 3456 2538
2 4087 1776 2538
2 3078 4087 2538
2 4087 3078 623
2 3546 4087 623
2 737 3546 623
2 2541 737 623
2 143 2541 623
2 3078 143 623
2 143 3078 3097
2 2279 143 3097
2 3276 2279 3097
2 3276 3097 2656
2 2656 4325 3276
2 3276 4325 1028
2 1028 735 3276
2 3531 3276 735
2 2202 3276 3531
2 2202 2279 3276
2 2495 2279 2202
2 2202 3538 2495
2 3538 3259 2495
2 3629 2495 3259
2 4128 3629 3259
2 3748 4128 3259
2 3748 3259 1137
2 3748 1137 4382
2 4382 2827 3748
2 3748 2827 1138
2 3748 1138 4128
2 1138 1448 4128
2 1448 3629 4128
2 3629 1448 737
2 3629 737 2541
2 2495 3629 2541
2 2495 2541 143
2 2495 143 2279
2 1448 3409 737
2 737 3409 3546
2 3409 4323 3546
2 4323 4087 3546
2 4323 1771 4087
2 1776 4087 1771
2 1776 1771 2144
2 1776 2144 2883
2 1776 2883 1839
2 1839 3456 1776
2 1839 2883 2800
2 4545 2144 1771
2 3026 4545 1771
2 4323 3026 1771
2 4323 4322 3026
2 3026 4322 3760
2 3026 3760 4545
2 4320 4545 3760
2 3760 2721 4320
2 2721 1988 4320
2 1988 106 4320
2 106 742 4320
2 4320 742 4545
2 742 4293 4545
2 4545 4293 2144
2 138 742 106
2 138 106 929
2 929 106 4262
2 2497 929 4262
2 685 2497 4262
2 2408 685 4262
2 4088 2408 4262
2 4262 106 4088
2 4088 106 83
2 83 3304 4088
2 4088 3304 2408
2 2408 3304 2375
2 2375 2339 2408
2 685 2408 2339
2 2339 2643 685
2 2940 685 2643
2 2940 2643 110
2 2940 110 142
2 2940 142 4418
2 142 161 4418
2 4418 161 176
2 176 1640 4418
2 1640 176 200
2 1640 200 413
2 220 413 200
2 220 200 2238
2 251 220 2238
2 2238 1366 251
2 1366 266 251
2 2351 251 266
2 249 2351 266
2 3661 249 266
2 3661 266 3278
2 1352 3661 3278
2 1352 3278 3129
2 4533 1352 3129
2 1076 4533 3129
2 3129 1366 1076
2 1366 3660 1076
2 1076 3660 803
2 803 804 1076
2 4104 1076 804
2 4104 804 4189
2 4104 4189 2588
2 2588 3957 4104
2 3957 4533 4104
2 4104 4533 1076
2 4533 3957 1182
2 4533 1182 1352
2 1182 1181 1352
2 1181 4511 1352
2 3661 1352 4511
2 249 3661 4511
2 4511 231 249
2 231 3426 249
2 3426 2807 249
2 2807 2351 249
2 2391 2351 2807
2 2807 1707 2391
2 1575 2391 1707
2 863 1575 1707
2 863 1707 862
2 863 862 206
2 1242 206 862
2 862 1752 1242
2 1752 592 1242
2 1241 1242 592
2 1241 592 4233
2 592 3818 4233
2 3818 3248 4233
2 4233 3248 626
2 135 4233 626
2 3304 626 3248
2 3304 3248 2375
2 894 2375 3248
2 894 3248 3818
2 3818 3817 894
2 3817 933 894
2 933 3929 894
2 625 894 3929
2 3929 128 625
2 128 2741 625
2 2741 1199 625
2 1199 894 625
2 894 1199 2375
2 1199 2339 2375
2 1199 2712 2339
2 2712 2643 2339
2 91 2643 2712
2 2741 91 2712
2 2741 2712 1199
2 101 91 2741
2 101 2741 128
2 101 128 1586
2 101 1586 91
2 3130 91 1586
2 3130 1586 2898
2 3130 2898 2191
2 3130 2191 807
2 807 462 3130
2 91 3130 462
2 91 462 110
2 91 110 2643
2 462 142 110
2 462 1342 142
2 1342 4283 142
2 4283 161 142
2 161 4283 176
2 4277 176 4283
2 4276 4277 4283
2 4276 4283 1343
2 4284 4276 1343
2 1343 2952 4284
2 3051 4284 2952
2 401 3051 2952
2 2952 810 401
2 401 810 807
2 807 1336 401
2 1336 400 401
2 401 400 3051
2 400 3627 3051
2 3627 4281 3051
2 3051 4281 4284
2 4274 4284 4281
2 4274 4281 3269
2 3269 1383 4274
2 500 4274 1383
2 1383 1363 500
2 1363 1864 500
2 500 1864 3411
2 3411 3410 500
2 3410 3083 500
2 500 3083 1962
2 1962 4274 500
2 4276 4274 1962
2 4276 1962 4277
2 4277 1962 137
2 137 154 4277
2 154 176 4277
2 176 154 2529
2 176 2529 4464
2 176 4464 1972
2 1972 200 176
2 200 1972 4480
2 200 4480 2238
2 3660 2238 4480
2 3660 4480 3444
2 3660 3444 803
2 803 3444 2377
2 803 2377 804
2 2377 616 804
2 616 627 804
2 804 627 2924
2 4189 804 2924
2 4189 2924 4157
2 4157 2588 4189
2 4157 3774 2588
2 2588 3774 4510
2 3957 2588 4510
2 3957 4510 1182
2 3048 1182 4510
2 4485 3048 4510
2 4485 4510 3774
2 4485 3774 2653
2 2801 4485 2653
2 3556 2801 2653
2 4484 3556 2653
2 4484 2653 4509
2 4484 4509 4488
2 4488 1749 4484
2 4484 1749 3556
2 3556 1749 3565
2 2801 3556 3565
2 2801 3565 1550
2 1550 2596 2801
2 2801 2596 865
2 2801 865 3048
2 2801 3048 4485
2 4561 3048 865
2 4561 865 864
2 864 1181 4561
2 1182 4561 1181
2 1182 3048 4561
2 864 2389 1181
2 4511 1181 2389
2 209 4511 2389
2 511 209 2389
2 3981 511 2389
2 3981 2389 864
2 3981 864 3822
2 3085 3981 3822
2 795 3085 3822
2 3822 2846 795
2 795 2846 825
2 825 1244 795
2 1244 3228 795
2 3228 3085 795
2 3228 230 3085
2 3085 230 213
2 3981 3085 213
2 213 186 3981
2 186 511 3981
2 171 511 186
2 186 3903 171
2 152 171 3903
2 3903 3024 152
2 3024 122 152
2 122 677 152
2 677 4396 152
2 4396 171 152
2 171 4396 4393
2 171 4393 155
2 155 3929 171
2 3929 1243 171
2 1243 511 171
2 511 1243 209
2 1243 722 209
2 722 231 209
2 231 4511 209
2 231 722 3426
2 722 2693 3426
2 3426 2693 2807
2 2807 2693 1707
2 862 1707 2693
2 862 2693 1752
2 1753 1752 2693
2 3495 1753 2693
2 3495 2693 722
2 2680 3495 722
2 722 1243 2680
2 3929 2680 1243
2 933 2680 3929
2 933 3495 2680
2 3495 933 3817
2 3495 3817 1753
2 1753 3817 3818
2 1752 1753 3818
2 3818 592 1752
2 933 3495 2680
2 3495 3817 1753
2 1752 1753 3818
2 3495 2693 722
2 722 1243 2680
2 3929 2680 1243
2 128 3929 155
2 128 155 4393
2 128 4393 4394
2 128 4394 4149
2 4149 1586 128
2 4149 2898 1586
2 2898 4149 1613
2 1613 1934 2898
2 1934 2191 2898
2 807 2191 1934
2 807 1934 1336
2 1934 2245 1336
2 2245 2093 1336
2 1336 2093 400
2 400 2093 3065
2 3065 2024 400
2 3627 400 2024
2 3627 2024 1350
2 3627 1350 4285
2 2385 3627 4285
2 535 2385 4285
2 2713 535 4285
2 4275 2713 4285
2 4280 4275 4285
2 2903 4280 4285
2 1350 2903 4285
2 2903 1350 3017
2 3017 2900 2903
2 2903 2900 4101
2 4101 4280 2903
2 4101 3397 4280
2 3397 3543 4280
2 2855 4280 3543
2 1958 2855 3543
2 1958 3543 1388
2 1963 1958 1388
2 1963 1388 497
2 1963 497 1924
2 1862 1963 1924
2 3934 1862 1924
2 1924 1861 3934
2 1861 887 3934
2 3934 887 980
2 1862 3934 980
2 1862 980 986
2 943 1862 986
2 943 986 981
2 981 1863 943
2 943 1863 498
2 2941 943 498
2 2941 498 1389
2 1389 1963 2941
2 1963 1862 2941
2 2941 1862 943
2 1963 1389 1958
2 1389 2855 1958
2 1389 4275 2855
2 4280 2855 4275
2 4275 1389 1964
2 4275 1964 2713
2 2713 1964 535
2 1964 1390 535
2 1383 535 1390
2 1383 1390 1363
2 1363 1390 499
2 499 1864 1363
2 499 979 1864
2 979 2933 1864
2 2933 3411 1864
2 984 3411 2933
2 984 2933 1104
2 1104 1105 984
2 1105 4173 984
2 3410 984 4173
2 4173 884 3410
2 111 3410 884
2 2578 111 884
2 2023 2578 884
2 3561 2023 884
2 3399 3561 884
2 104 3399 884
2 4173 104 884
2 4173 122 104
2 3399 104 122
2 3399 122 3024
2 140 3399 3024
2 140 3024 163
2 163 172 140
2 172 118 140
2 3399 140 118
2 3399 118 3561
2 118 98 3561
2 98 96 3561
2 96 2023 3561
2 96 2578 2023
2 2578 96 3302
2 3016 2578 3302
2 3016 3302 2930
2 137 3016 2930
2 137 2930 154
2 2529 154 2930
2 2529 2930 2993
2 2529 2993 192
2 2529 192 4464
2 217 4464 192
2 192 3313 217
2 246 217 3313
2 3569 246 3313
2 3569 3313 223
2 223 240 3569
2 3569 240 3613
2 3569 3613 246
2 267 246 3613
2 3598 267 3613
2 3598 3613 260
2 3598 260 254
2 3598 254 3581
2 250 3598 3581
2 3581 230 250
2 3228 250 230
2 267 250 3228
2 3228 2178 267
2 2178 3831 267
2 267 3831 246
2 3831 4254 246
2 4254 217 246
2 217 4254 4461
2 4464 217 4461
2 4464 4461 1972
2 1722 1972 4461
2 4460 1722 4461
2 4461 4254 4460
2 3516 4460 4254
2 4254 4255 3516
2 1285 3516 4255
2 1015 1285 4255
2 1015 4255 4525
2 1015 4525 1186
2 1015 1186 2077
2 2077 4256 1015
2 4256 1286 1015
2 1286 1285 1015
2 1286 3571 1285
2 3571 3516 1285
2 3571 2670 3516
2 1722 3516 2670
2 1722 2670 4480
2 1722 4480 1972
2 2670 3444 4480
2 2670 2377 3444
2 3370 2377 2670
2 3571 3370 2670
2 3184 3370 3571
2 1286 3184 3571
2 1286 2684 3184
2 1718 3184 2684
2 4462 1718 2684
2 4462 2684 3973
2 1497 4462 3973
2 3973 4257 1497
2 1497 4257 1287
2 1287 4463 1497
2 4463 1719 1497
2 1719 4462 1497
2 1719 1718 4462
2 1718 1719 627
2 616 1718 627
2 616 3370 1718
2 1718 3370 3184
2 616 2377 3370
2 627 1719 3151
2 805 627 3151
2 3151 2342 805
2 805 2342 2118
2 4157 805 2118
2 4157 2118 1596
2 1596 1353 4157
2 4534 4157 1353
2 1353 4509 4534
2 2653 4534 4509
2 2653 3774 4534
2 4157 4534 3774
2 4509 1353 4531
2 4509 4531 2513
2 4488 4509 2513
2 2513 2539 4488
2 3695 4488 2539
2 3695 2539 1747
2 1546 3695 1747
2 1747 1548 1546
2 1418 1546 1548
2 3326 1418 1548
2 827 3326 1548
2 3766 827 1548
2 1548 1553 3766
2 3766 1553 1531
2 3766 1531 3185
2 3766 3185 3908
2 827 3766 3908
2 827 3908 1249
2 827 1249 3326
2 1249 1245 3326
2 3326 1245 1418
2 1418 1245 830
2 830 1545 1418
2 1418 1545 1546
2 1546 1545 3695
2 1545 1552 3695
2 1552 1749 3695
2 4488 3695 1749
2 1551 1749 1552
2 4072 1551 1552
2 1552 1545 4072
2 1455 4072 1545
2 830 1455 1545
2 4229 1455 830
2 830 4232 4229
2 4113 4229 4232
2 1245 4113 4232
2 1245 4232 830
2 1245 1249 4113
2 1249 4526 4113
2 4520 4113 4526
2 4520 4526 2336
2 3611 4520 2336
2 3611 2336 1288
2 1288 1716 3611
2 3611 1716 1287
2 1287 1016 3611
2 4520 3611 1016
2 4520 1016 4113
2 4113 1016 1246
2 1246 4229 4113
2 1246 1459 4229
2 4229 1459 1455
2 1455 1459 829
2 1455 829 1551
2 1455 1551 4072
2 3791 1551 829
2 829 4026 3791
2 4026 3788 3791
2 3788 1891 3791
2 1891 1550 3791
2 1550 1551 3791
2 1551 1550 3565
2 1551 3565 1749
2 1891 825 1550
2 825 2596 1550
2 825 2846 2596
2 865 2596 2846
2 864 865 2846
2 3822 864 2846
2 1244 825 1891
2 1244 1891 3788
2 4228 1244 3788
2 1186 4228 3788
2 2434 1186 3788
2 2434 3788 4026
2 2561 2434 4026
2 2561 4026 4099
2 2561 4099 4522
2 4021 2561 4522
2 4522 4257 4021
2 3973 4021 4257
2 4256 4021 3973
2 3973 2684 4256
2 2684 1286 4256
2 4256 4523 4021
2 4523 2561 4021
2 2434 2561 4523
2 2077 2434 4523
2 4523 4256 2077
2 2077 1186 2434
2 4523 4256 2077
2 3289 4257 4522
2 1246 3289 4522
2 4099 1246 4522
2 1246 4099 1459
2 4099 4026 1459
2 829 1459 4026
2 1246 1016 3289
2 4257 3289 1016
2 4257 1016 1287
2 4257 3289 1016
2 4523 2561 4021
2 4099 1246 4522
2 4099 4026 1459
2 2434 2561 4523
2 2077 1186 2434
2 1186 1017 4228
2 1017 2178 4228
2 2178 3228 4228
2 1244 4228 3228
2 3831 2178 1017
2 3831 1017 4525
2 3831 4525 4255
2 4254 3831 4255
2 1186 4525 1017
2 1186 4525 1017
2 1244 4228 3228
2 1244 1891 3788
2 2434 3788 4026
2 829 1459 4026
2 1550 1551 3791
2 829 1459 4026
2 1246 4099 1459
2 1246 1016 3289
2 4257 1016 1287
2 1287 1716 4463
2 3104 4463 1716
2 1721 3104 1716
2 1721 1716 2783
2 2783 3427 1721
2 3173 1721 3427
2 856 3173 3427
2 856 3427 3787
2 3787 3200 856
2 856 3200 3884
2 856 3884 3173
2 3884 1817 3173
2 3430 3173 1817
2 1817 602 3430
2 602 4150 3430
2 3430 4150 806
2 3523 3430 806
2 3523 806 4501
2 3523 4501 4134
2 3104 3523 4134
2 4463 3104 4134
2 4463 4134 1719
2 4134 4501 1719
2 1719 4501 3151
2 4501 2342 3151
2 806 2342 4501
2 806 1077 2342
2 2118 2342 1077
2 1596 2118 1077
2 1596 1077 4531
2 1596 4531 1353
2 4531 1077 2922
2 2513 4531 2922
2 2513 2922 3794
2 2513 3794 2539
2 3794 1185 2539
2 1185 1747 2539
2 1185 1553 1747
2 1747 1553 1548
2 1185 2665 1553
2 2665 1531 1553
2 2665 3460 1531
2 1420 1531 3460
2 1420 3460 1549
2 1420 1549 3525
2 1420 3525 1457
2 3185 1420 1457
2 3908 3185 1457
2 3908 1457 1247
2 1247 1249 3908
2 1249 1247 4527
2 1249 4527 4526
2 4527 3066 4526
2 2336 4526 3066
2 1288 2336 3066
2 4259 1288 3066
2 4259 3066 4521
2 4521 4524 4259
2 1289 4259 4524
2 1289 4524 4217
2 4217 1499 1289
2 3753 1289 1499
2 1499 1715 3753
2 3917 3753 1715
2 1715 4102 3917
2 3917 4102 2825
2 3917 2825 4502
2 3874 3917 4502
2 3874 4502 1818
2 3874 1818 2973
2 3884 3874 2973
2 3884 2973 1817
2 1598 1817 2973
2 1598 2973 3386
2 3386 2962 1598
2 4530 1598 2962
2 3942 4530 2962
2 3942 2962 1168
2 3942 1168 2665
2 1185 3942 2665
2 3942 1185 3794
2 4530 3942 3794
2 3794 1384 4530
2 602 4530 1384
2 1384 4150 602
2 1384 2922 4150
2 1077 4150 2922
2 4150 1077 806
2 1384 3794 2922
2 1598 4530 602
2 1598 602 1817
2 1384 3794 2922
2 4449 2665 1168
2 1168 3503 4449
2 3503 3404 4449
2 4449 3404 1549
2 4449 1549 3460
2 4449 3460 2665
2 1751 1549 3404
2 866 1751 3404
2 4486 866 3404
2 3503 4486 3404
2 4486 3503 4535
2 4486 4535 3994
2 3994 4566 4486
2 4486 4566 3540
2 4486 3540 866
2 3540 4489 866
2 1751 866 4489
2 1751 4489 338
2 3363 1751 338
2 3363 338 329
2 3363 329 824
2 3363 824 3442
2 3363 3442 4231
2 4231 4071 3363
2 1751 3363 4071
2 1751 4071 1549
2 4071 3525 1549
2 4071 828 3525
2 3525 828 1457
2 4230 1457 828
2 4230 828 4231
2 1125 4230 4231
2 4231 3714 1125
2 3714 3806 1125
2 3956 1125 3806
2 3806 299 3956
2 299 289 3956
2 289 4258 3956
2 3956 4258 3541
2 1125 3956 3541
2 3541 4529 1125
2 4230 1125 4529
2 3911 4230 4529
2 3911 4529 4524
2 4528 3911 4524
2 4521 4528 4524
2 4521 4527 4528
2 1247 4528 4527
2 4230 4528 1247
2 1247 1457 4230
2 3911 4528 4230
2 4521 3066 4527
2 3911 4528 4230
2 4217 4524 4529
2 4529 3541 4217
2 4258 4217 3541
2 4258 854 4217
2 4217 854 1499
2 1499 854 1715
2 1715 854 4102
2 4102 854 4548
2 4221 4102 4548
2 4548 273 4221
2 4221 273 4102
2 4102 273 279
2 279 3012 4102
2 2825 4102 3012
2 615 2825 3012
2 615 3012 290
2 1098 615 290
2 1098 290 300
2 3698 1098 300
2 300 316 3698
2 316 4532 3698
2 3698 4532 1119
2 1119 1098 3698
2 1119 3726 1098
2 1098 3726 3366
2 615 1098 3366
2 3366 2825 615
2 3366 4502 2825
2 1818 4502 3366
2 2650 1818 3366
2 2650 3366 3726
2 3726 3089 2650
2 3089 1597 2650
2 2650 1597 3386
2 3386 1818 2650
2 3386 2973 1818
2 3386 1597 2962
2 1597 4535 2962
2 4535 1168 2962
2 4535 3503 1168
2 1597 3994 4535
2 3994 1597 3089
2 3089 4566 3994
2 3089 1119 4566
2 1119 4532 4566
2 4532 1685 4566
2 4566 1685 3540
2 3540 1685 4487
2 3540 4487 4489
2 345 4489 4487
2 330 345 4487
2 330 4487 324
2 324 305 330
2 345 330 305
2 305 338 345
2 338 4489 345
2 338 305 329
2 824 329 305
2 305 313 824
2 824 313 3714
2 824 3714 3442
2 4231 3442 3714
2 313 3806 3714
2 313 299 3806
2 305 299 313
2 289 299 305
2 4548 289 305
2 4548 305 279
2 273 4548 279
2 279 305 290
2 279 290 3012
2 305 300 290
2 316 300 305
2 305 324 316
2 316 324 4532
2 4532 324 1685
2 324 4487 1685
2 4548 4258 289
2 4548 854 4258
2 305 299 313
2 305 324 316
2 324 4487 1685
2 345 330 305
2 338 4489 345
2 324 4487 1685
2 4532 324 1685
2 1119 3089 3726
2 3994 1597 3089
2 1119 3089 3726
2 3386 1818 2650
2 2650 3366 3726
2 1119 3089 3726
2 1119 4532 4566
2 316 324 4532
2 316 300 305
2 1119 1098 3698
2 305 300 290
2 615 1098 3366
2 279 290 3012
2 3366 2825 615
2 279 290 3012
2 273 4548 279
2 273 4548 279
2 4221 273 4102
2 4548 854 4258
2 4548 854 4258
2 3911 4528 4230
2 4529 3541 4217
2 4258 4217 3541
2 4548 4258 289
2 289 299 305
2 313 299 3806
2 1125 3956 3541
2 313 3806 3714
2 4231 3442 3714
2 4230 1125 4529
2 4231 828 4071
2 1247 1457 4230
2 4231 828 4071
2 4231 828 4071
2 4231 3442 3714
2 824 3714 3442
2 824 329 305
2 338 305 329
2 1751 3363 4071
2 338 4489 345
2 3540 4487 4489
2 4566 1685 3540
2 3089 4566 3994
2 1597 3994 4535
2 4535 3503 1168
2 4486 3540 866
2 1751 866 4489
2 1751 4071 1549
2 3503 4486 3404
2 4535 3503 1168
2 4449 3460 2665
2 4535 1168 2962
2 4530 3942 3794
2 1598 4530 602
2 3386 1597 2962
2 3386 2973 1818
2 1598 602 1817
2 3884 3200 3874
2 3200 3917 3874
2 3200 3753 3917
2 3200 3787 3753
2 3753 3787 4259
2 3753 4259 1289
2 3787 1288 4259
2 3787 2783 1288
2 2783 1716 1288
2 3787 3427 2783
2 3386 2973 1818
2 1818 4502 3366
2 3200 3917 3874
2 3366 4502 2825
2 2825 4102 3012
2 1715 854 4102
2 3200 3753 3917
2 1499 854 1715
2 3753 4259 1289
2 4217 854 1499
2 4217 4524 4529
2 3753 4259 1289
2 4521 4528 4524
2 4521 3066 4527
2 3787 1288 4259
2 4521 3066 4527
2 1247 4528 4527
2 1247 1457 4230
2 3185 1531 1420
2 3525 828 1457
2 4071 3525 1549
2 4449 1549 3460
2 3185 1531 1420
2 4449 3460 2665
2 1185 3942 2665
2 3942 1185 3794
2 1384 3794 2922
2 1077 4150 2922
2 4150 1077 806
2 3523 3104 3173
2 3173 3430 3523
2 1721 3173 3104
2 4134 4501 1719
2 806 2342 4501
2 3173 3430 3523
2 4150 1077 806
2 1384 4150 602
2 1598 602 1817
2 3173 3430 3523
2 3884 2973 1817
2 3884 3200 3874
2 3200 3787 3753
2 3787 3427 2783
2 856 3884 3173
2 1721 3173 3104
2 3787 3427 2783
2 2783 1716 1288
2 1721 3173 3104
2 4463 3104 4134
2 2783 1716 1288
2 1288 2336 3066
2 4520 3611 1016
2 2336 4526 3066
2 4520 1016 4113
2 1249 4527 4526
2 1246 4229 4113
2 1245 4232 830
2 4229 1459 1455
2 1455 1551 4072
2 1455 1551 4072
2 1551 3565 1749
2 1552 1545 4072
2 830 1455 1545
2 1245 4232 830
2 1245 1249 4113
2 1247 1249 3908
2 3908 3185 1457
2 3185 1531 1420
2 2665 1531 1553
2 1747 1553 1548
2 827 3766 3908
2 827 1249 3326
2 3326 1245 1418
2 1418 1545 1546
2 1747 1553 1548
2 1546 1545 3695
2 1185 1747 2539
2 4488 3695 1749
2 2513 3794 2539
2 2513 4531 2922
2 1596 4531 1353
2 4157 4534 3774
2 1596 4531 1353
2 1596 2118 1077
2 2924 805 4157
2 2924 627 805
2 2118 2342 1077
2 4501 2342 3151
2 2924 627 805
2 1719 4501 3151
2 4463 4134 1719
2 1287 1716 4463
2 4257 1016 1287
2 3973 4021 4257
2 1719 4462 1497
2 3973 2684 4256
2 1719 1718 4462
2 1718 3370 3184
2 2684 1286 4256
2 1718 3370 3184
2 616 2377 3370
2 1722 4460 3516
2 3571 3370 2670
2 1286 3184 3571
2 2684 1286 4256
2 4523 4256 2077
2 2077 1186 2434
2 1186 4525 1017
2 3831 4525 4255
2 1286 1285 1015
2 3571 3516 1285
2 4254 3831 4255
2 1722 4460 3516
2 1722 4460 3516
2 1722 4480 1972
2 4461 4254 4460
2 4254 3831 4255
2 3831 2178 1017
2 2178 3228 4228
2 267 3598 250
2 3581 213 230
2 213 3581 3314
2 2787 213 3314
2 3314 181 2787
2 181 3903 2787
2 186 2787 3903
2 186 213 2787
2 181 163 3903
2 3903 163 3024
2 172 163 181
2 181 207 172
2 172 207 233
2 233 254 172
2 172 254 260
2 240 172 260
2 3613 240 260
2 240 223 172
2 172 223 194
2 194 177 172
2 172 177 148
2 126 172 148
2 148 3924 126
2 3302 126 3924
2 3302 3924 2930
2 2993 2930 3924
2 2993 3924 148
2 177 2993 148
2 194 2993 177
2 194 192 2993
2 192 194 3313
2 3313 194 223
2 3302 96 126
2 172 126 96
2 96 98 172
2 172 98 118
2 2993 3924 148
2 172 126 96
2 177 2993 148
2 194 2993 177
2 3313 194 223
2 3581 254 233
2 233 3314 3581
2 233 207 3314
2 181 3314 207
2 233 207 3314
2 181 3314 207
2 181 3314 207
2 186 213 2787
2 233 3314 3581
2 267 3598 250
2 3581 254 233
2 172 254 260
2 3613 240 260
2 267 3598 250
2 267 3831 246
2 3613 240 260
2 240 223 172
2 3313 194 223
2 3569 3613 246
2 4254 217 246
2 192 194 3313
2 4464 217 4461
2 194 192 2993
2 2993 2930 3924
2 3016 137 111
2 2578 3016 111
2 111 137 1962
2 111 1962 3083
2 111 3083 3410
2 3302 3924 2930
2 2578 3016 111
2 3302 96 126
2 96 98 172
2 172 98 118
2 172 98 118
2 172 163 181
2 3903 163 3024
2 3399 140 118
2 1105 122 4173
2 677 122 1105
2 1105 1104 677
2 4397 677 1104
2 1111 4397 1104
2 1111 1104 3352
2 1678 1111 3352
2 1678 3352 1112
2 1112 2943 1678
2 1678 2943 3517
2 1678 3517 4395
2 4395 1111 1678
2 1111 4395 4391
2 1111 4391 4397
2 4391 4394 4397
2 3128 4397 4394
2 3128 4394 4396
2 677 3128 4396
2 677 4397 3128
2 4396 4394 4393
2 677 4397 3128
2 4149 4394 4391
2 4149 4391 4390
2 4149 4390 1613
2 4390 4083 1613
2 4083 2361 1613
2 1613 2361 1934
2 1934 2361 2245
2 2245 2361 1011
2 2093 2245 1011
2 1011 3065 2093
2 1011 2197 3065
2 2197 1595 3065
2 3532 3065 1595
2 1595 3600 3532
2 3600 2499 3532
2 2499 2900 3532
2 3017 3532 2900
2 3532 3017 2024
2 3065 3532 2024
2 2024 3017 1350
2 2425 2900 2499
2 2499 808 2425
2 2425 808 461
2 1229 2425 461
2 461 2264 1229
2 3090 1229 2264
2 3090 2264 1232
2 1232 1347 3090
2 1347 3479 3090
2 3090 3479 4278
2 1229 3090 4278
2 1229 4278 4279
2 1229 4279 2425
2 4279 3397 2425
2 2425 3397 4101
2 4101 2900 2425
2 4279 3673 3397
2 3397 3673 3543
2 3673 1387 3543
2 1388 3543 1387
2 3385 1388 1387
2 3181 3385 1387
2 1386 3181 1387
2 2694 1386 1387
2 2694 1387 3673
2 2694 3673 4279
2 4278 2694 4279
2 4278 3886 2694
2 2694 3886 1386
2 1385 1386 3886
2 536 1385 3886
2 1099 536 3886
2 1099 3886 3479
2 1347 1099 3479
2 1348 1099 1347
2 1231 1348 1347
2 1231 1347 1232
2 1231 1232 460
2 1231 460 1334
2 1872 1231 1334
2 1872 1334 3210
2 1872 3210 1337
2 809 1872 1337
2 458 809 1337
2 1594 458 1337
2 1594 1337 3210
2 3210 2771 1594
2 1594 2771 3948
2 2775 1594 3948
2 2775 3948 3694
2 2775 3694 1583
2 2775 1583 1588
2 1318 2775 1588
2 1318 1588 47
2 47 3407 1318
2 3407 458 1318
2 1318 458 1594
2 1594 2775 1318
2 458 3407 2686
2 458 2686 3296
2 458 3296 809
2 809 3296 1090
2 809 1090 3536
2 3536 1872 809
2 1872 3536 1231
2 1348 1231 3536
2 3536 1346 1348
2 1346 4273 1348
2 1348 4273 536
2 536 1099 1348
2 536 4273 4089
2 536 4089 3213
2 3213 1385 536
2 1385 3213 495
2 495 496 1385
2 496 1386 1385
2 1386 496 3181
2 942 3181 496
2 942 496 985
2 942 985 3626
2 942 3626 4182
2 942 4182 3385
2 942 3385 3181
2 4182 1861 3385
2 3385 1861 497
2 3385 497 1388
2 1924 497 1861
2 4182 2887 1861
2 1861 2887 887
2 2887 4115 887
2 1642 887 4115
2 1642 4115 3351
2 1642 3351 2817
2 2817 1677 1642
2 1677 1109 1642
2 1642 1109 980
2 980 887 1642
2 980 1109 888
2 980 888 986
2 888 981 986
2 981 888 4112
2 1112 981 4112
2 1112 4112 2943
2 1110 2943 4112
2 4112 888 1110
2 888 1109 1110
2 1109 1673 1110
2 1674 1110 1673
2 3369 1674 1673
2 3369 1673 1677
2 3369 1677 4398
2 2968 3369 4398
2 2968 4398 3164
2 2968 3164 3340
2 2944 2968 3340
2 3340 1933 2944
2 1933 1619 2944
2 1591 2944 1619
2 3390 1591 1619
2 3390 1619 2197
2 2197 1011 3390
2 2361 3390 1011
2 3390 2361 4083
2 4083 1591 3390
2 1591 4083 3369
2 1591 3369 2968
2 1591 2968 2944
2 3369 4083 3218
2 3369 3218 1674
2 1674 3218 3517
2 2943 1674 3517
2 1674 2943 1110
2 3218 4395 3517
2 4395 3218 4390
2 4391 4395 4390
2 4083 4390 3218
2 4083 4390 3218
2 1619 1595 2197
2 1595 1619 1933
2 3600 1595 1933
2 1618 3600 1933
2 3340 1618 1933
2 1618 3340 2897
2 1618 2897 1617
2 1618 1617 3036
2 1618 3036 3600
2 3600 3036 2499
2 2499 3036 808
2 3036 461 808
2 1335 461 3036
2 1617 1335 3036
2 1617 3236 1335
2 2865 1335 3236
2 2865 3236 1616
2 2865 1616 3586
2 2865 3586 460
2 2865 460 2264
2 2865 2264 1335
2 461 1335 2264
2 1232 2264 460
2 1334 460 3586
2 1334 3586 3939
2 1334 3939 2771
2 1334 2771 3210
2 3939 4011 2771
2 2771 4011 3948
2 4011 3731 3948
2 3948 3731 3694
2 3731 1590 3694
2 3694 1590 1583
2 1583 1590 4108
2 3142 1583 4108
2 3142 4108 1670
2 3142 1670 2696
2 504 3142 2696
2 2696 1675 504
2 504 1675 74
2 504 74 63
2 504 63 1582
2 3142 504 1582
2 1583 3142 1582
2 1588 1583 1582
2 1588 1582 55
2 47 1588 55
2 1983 47 55
2 63 1983 55
2 1582 63 55
2 63 74 1983
2 73 1983 74
2 73 74 1675
2 73 1675 62
2 62 1983 73
2 1983 62 54
2 1983 54 43
2 33 1983 43
2 33 43 4146
2 33 4146 20
2 20 1983 33
2 20 8 1983
2 8 15 1983
2 1983 15 396
2 396 35 1983
2 47 1983 35
2 47 35 3407
2 396 3407 35
2 396 2686 3407
2 2686 396 1230
2 3296 2686 1230
2 1230 509 3296
2 1090 3296 509
2 509 1346 1090
2 1090 1346 3536
2 509 4282 1346
2 1346 4282 3475
2 1346 3475 4273
2 2372 4273 3475
2 1382 2372 3475
2 1382 3475 534
2 1382 534 20
2 4146 1382 20
2 1382 4146 3233
2 1382 3233 2604
2 1382 2604 2372
2 2372 2604 494
2 494 4089 2372
2 4273 2372 4089
2 494 3213 4089
2 494 1254 3213
2 495 3213 1254
2 1254 496 495
2 985 496 1254
2 985 1254 1865
2 2567 985 1865
2 885 2567 1865
2 885 1865 944
2 944 1692 885
2 2778 885 1692
2 2778 1692 1643
2 1670 2778 1643
2 1670 1643 2696
2 1643 2857 2696
2 2696 2857 1675
2 2857 62 1675
2 54 62 2857
2 2857 978 54
2 43 54 978
2 43 978 2948
2 43 2948 4146
2 2948 3233 4146
2 3233 2948 2232
2 3233 2232 1251
2 1251 2604 3233
2 1251 494 2604
2 1253 494 1251
2 1251 944 1253
2 1865 1253 944
2 1254 1253 1865
2 1253 1254 494
2 1251 2232 944
2 2232 1692 944
2 2428 1692 2232
2 2948 2428 2232
2 2948 978 2428
2 978 2857 2428
2 1643 2428 2857
2 2428 1643 1692
2 2428 1643 1692
2 1253 1254 494
2 1251 2232 944
2 2948 2428 2232
2 2948 978 2428
2 978 2857 2428
2 1643 2428 2857
2 1670 1679 2778
2 2778 1679 885
2 885 1679 2567
2 1679 1107 2567
2 2567 1107 982
2 3626 2567 982
2 982 2887 3626
2 3626 2887 4182
2 2887 982 4115
2 982 1108 4115
2 4115 1108 3351
2 1108 1046 3351
2 3351 1046 2817
2 1046 4398 2817
2 4398 1677 2817
2 4398 1046 3164
2 3164 1046 3275
2 3275 1589 3164
2 1614 3164 1589
2 1614 1589 1584
2 1614 1584 2309
2 1614 2309 3236
2 1617 1614 3236
2 1617 2897 1614
2 1614 2897 3164
2 3164 2897 3340
2 1616 3236 2309
2 1616 2309 4011
2 1616 4011 3939
2 3586 1616 3939
2 2309 1584 4011
2 1584 3731 4011
2 1584 4392 3731
2 3731 4392 4549
2 1590 3731 4549
2 1590 4549 2909
2 1590 2909 4108
2 4108 2909 1670
2 1670 2909 1679
2 1679 2909 2076
2 1107 1679 2076
2 1107 2076 1671
2 1107 1671 1672
2 1108 1107 1672
2 1108 1672 1046
2 1672 3275 1046
2 3275 1672 1671
2 1671 4392 3275
2 4392 1584 3275
2 1584 1589 3275
2 4392 1671 2076
2 4549 4392 2076
2 4549 2076 2909
2 1107 1108 982
2 3275 1672 1671
2 4392 1671 2076
2 4549 2076 2909
2 4549 2076 2909
2 4549 4392 2076
2 4392 1584 3275
2 2309 1584 4011
2 1584 1589 3275
2 1614 2897 3164
2 1584 1589 3275
2 1672 3275 1046
2 1108 1672 1046
2 1107 1108 982
2 3626 985 2567
2 1107 1108 982
2 1107 1679 2076
2 1670 2909 1679
2 2428 1643 1692
2 2778 1679 885
2 2232 1692 944
2 1865 1253 944
2 885 1679 2567
2 3626 985 2567
2 1254 1253 1865
2 1253 1254 494
2 1251 494 2604
2 1251 2604 3233
2 2948 3233 4146
2 20 534 13
2 8 20 13
2 3997 8 13
2 3997 13 534
2 3997 534 4282
2 3997 4282 509
2 1230 3997 509
2 15 3997 1230
2 1230 396 15
2 3997 15 8
2 3475 4282 534
2 3997 15 8
2 3997 13 534
2 3475 4282 534
2 1382 2604 2372
2 4273 2372 4089
2 3475 4282 534
2 3997 4282 509
2 1230 3997 509
2 1230 396 15
2 396 3407 35
2 1230 396 15
2 3997 15 8
2 8 20 13
2 4146 1382 20
2 43 2948 4146
2 20 1983 33
2 43 54 978
2 54 62 2857
2 2857 62 1675
2 62 1983 73
2 47 1983 35
2 1582 63 55
2 1582 63 55
2 63 74 1983
2 73 74 1675
2 2696 2857 1675
2 3142 504 1582
2 1670 1643 2696
2 4108 2909 1670
2 1583 3142 1582
2 1590 2909 4108
2 1590 3731 4549
2 1584 3731 4011
2 1616 4011 3939
2 3586 1616 3939
2 3586 1616 3939
2 1616 3236 2309
2 2865 2264 1335
2 1617 1614 3236
2 461 1335 2264
2 1617 1335 3036
2 1617 2897 1614
2 3164 2897 3340
2 1618 3036 3600
2 4083 1591 3390
2 1591 2968 2944
2 1595 1619 1933
2 3340 1618 1933
2 1591 2968 2944
2 3164 2897 3340
2 4398 1046 3164
2 1591 3369 2968
2 4398 1677 2817
2 1109 1677 1673
2 3369 3218 1674
2 1674 2943 1110
2 1109 1677 1673
2 1674 2943 1110
2 981 1112 979
2 979 1863 981
2 979 2996 1863
2 498 1863 2996
2 1964 498 2996
2 1964 2996 499
2 499 1390 1964
2 499 2996 979
2 1389 498 1964
2 499 2996 979
2 979 1112 2933
2 1112 3352 2933
2 1104 2933 3352
2 4112 888 1110
2 888 1109 1110
2 1109 1677 1673
2 4398 1677 2817
2 3351 1046 2817
2 4115 1108 3351
2 980 887 1642
2 2887 982 4115
2 3626 2887 4182
2 3626 2887 4182
2 3626 985 2567
2 985 496 1254
2 942 3385 3181
2 1254 496 495
2 495 3213 1254
2 494 3213 4089
2 4273 2372 4089
2 1346 3475 4273
2 1090 1346 3536
2 1090 1346 3536
2 1090 3296 509
2 3296 2686 1230
2 396 2686 3407
2 47 35 3407
2 47 1588 55
2 1594 2775 1318
2 1588 1583 1582
2 3694 1590 1583
2 3948 3731 3694
2 1594 2775 1318
2 2771 4011 3948
2 1334 2771 3210
2 1318 458 1594
2 458 3296 809
2 3536 1872 809
2 1594 1337 3210
2 1334 2771 3210
2 1872 3536 1231
2 1334 460 3586
2 1232 2264 460
2 1348 1231 3536
2 536 1099 1348
2 3886 4278 3479
2 536 1099 1348
2 3213 1385 536
2 496 1386 1385
2 3886 4278 3479
2 2694 3886 1386
2 1386 496 3181
2 942 3385 3181
2 3385 497 1388
2 2694 1387 3673
2 2694 3673 4279
2 4278 2694 4279
2 3886 4278 3479
2 1347 1099 3479
2 1231 1347 1232
2 1232 2264 460
2 1229 3090 4278
2 461 1335 2264
2 1229 4279 2425
2 3036 461 808
2 2499 3036 808
2 4101 2900 2425
2 3600 3036 2499
2 3600 1595 1933
2 3065 3532 2024
2 1619 1595 2197
2 2197 1011 3390
2 2361 3390 1011
2 3390 2361 4083
2 4083 4390 3218
2 4391 4395 4390
2 4391 4395 4390
2 3218 4395 3517
2 2943 1674 3517
2 1112 4112 2943
2 1112 3352 2933
2 4395 1111 1678
2 1104 2933 3352
2 1111 4391 4397
2 677 4397 3128
2 3399 104 122
2 3399 118 3561
2 96 2023 3561
2 96 2578 2023
2 2578 3016 111
2 111 3083 3410
2 4173 104 884
2 984 3410 3411
2 1105 122 4173
2 1105 1104 677
2 1104 2933 3352
2 984 3410 3411
2 979 1112 2933
2 499 2996 979
2 499 1390 1964
2 1383 3269 535
2 3269 4281 535
2 4281 2385 535
2 3627 2385 4281
2 499 1390 1964
2 1389 498 1964
2 1389 498 1964
2 2941 1862 943
2 498 1863 2996
2 979 1863 981
2 888 981 986
2 2941 1862 943
2 980 888 986
2 980 887 1642
2 1861 2887 887
2 1924 497 1861
2 1862 3934 980
2 1963 1862 2941
2 1924 497 1861
2 3385 497 1388
2 1963 1389 1958
2 1388 3543 1387
2 1389 2855 1958
2 4280 2855 4275
2 3397 3673 3543
2 2425 3397 4101
2 4101 2900 2425
2 3017 3532 2900
2 2024 3017 1350
2 4101 4280 2903
2 4280 2855 4275
2 4275 1964 2713
2 2713 1964 535
2 4281 2385 535
2 3627 2385 4281
2 1350 2903 4285
2 2024 3017 1350
2 3065 3532 2024
2 1011 3065 2093
2 2093 2245 1011
2 1934 2361 2245
2 1613 2361 1934
2 4149 4390 1613
2 4149 4394 4391
2 4396 4394 4393
2 128 155 4393
2 4396 4394 4393
2 677 3128 4396
2 677 122 1105
2 3399 122 3024
2 3903 163 3024
2 4396 171 152
2 186 2787 3903
2 1243 511 171
2 186 213 2787
2 3581 213 230
2 3228 250 230
2 1244 4228 3228
2 1244 825 1891
2 825 2846 2596
2 3822 864 2846
2 3228 3085 795
2 3981 3085 213
2 3822 864 2846
2 186 511 3981
2 511 1243 209
2 231 4511 209
2 3981 2389 864
2 864 865 2846
2 1182 3048 4561
2 865 2596 2846
2 825 2596 1550
2 1551 1550 3565
2 1551 3565 1749
2 4488 3695 1749
2 4488 4509 2513
2 2653 4534 4509
2 4484 1749 3556
2 2801 3556 3565
2 2801 3048 4485
2 2653 3774 4534
2 2801 3048 4485
2 1182 3048 4561
2 4485 4510 3774
2 4157 4534 3774
2 2924 805 4157
2 2924 627 805
2 616 1718 627
2 616 2377 3370
2 2670 2377 3444
2 2670 3444 4480
2 2238 3660 1366
2 1722 4480 1972
2 4464 4461 1972
2 2529 192 4464
2 2529 154 2930
2 137 2930 154
2 111 137 1962
2 4284 4274 4276
2 111 1962 3083
2 111 3083 3410
2 984 3410 3411
2 2933 3411 1864
2 499 1864 1363
2 1383 1390 1363
2 1962 4274 500
2 1383 3269 535
2 3269 4281 535
2 4284 4274 4276
2 3627 2385 4281
2 3627 400 2024
2 1336 2093 400
2 807 1934 1336
2 810 462 807
2 1342 462 810
2 2952 1342 810
2 1343 1342 2952
2 4283 1342 1343
2 2952 1342 810
2 401 400 3051
2 3051 4281 4284
2 1343 1342 2952
2 4284 4274 4276
2 4283 1342 1343
2 4276 1962 4277
2 154 176 4277
2 4283 1342 1343
2 1342 462 810
2 810 462 807
2 807 2191 1934
2 1934 2191 2898
2 4149 2898 1586
2 91 3130 462
2 4149 1586 128
2 101 1586 91
2 91 110 2643
2 2741 2712 1199
2 2741 2712 1199
2 101 2741 128
2 128 3929 155
2 1199 894 625
2 933 2680 3929
2 3495 933 3817
2 1753 3817 3818
2 894 1199 2375
2 83 626 3304
2 894 3248 3818
2 3818 592 1752
2 206 1242 1241
2 206 1241 189
2 3818 592 1752
2 862 2693 1752
2 206 1242 1241
2 862 1707 2693
2 1201 2391 1575
2 1211 2391 1201
2 1211 2351 2391
2 2351 1211 251
2 413 251 1211
2 251 413 220
2 2807 2693 1707
2 1211 2351 2391
2 3426 2693 2807
2 231 722 3426
2 231 4511 209
2 4511 1181 2389
2 1182 4561 1181
2 3957 4510 1182
2 3957 2588 4510
2 4157 2588 4189
2 4189 804 2924
2 4104 4533 1076
2 803 2377 804
2 3660 3444 803
2 2238 3660 1366
2 1366 3129 3278
2 266 1366 3278
2 4104 4533 1076
2 4533 1182 1352
2 1366 3129 3278
2 3661 1352 4511
2 266 1366 3278
2 249 3661 4511
2 2807 2351 249
2 2351 1211 251
2 266 1366 3278
2 2238 3660 1366
2 251 413 220
2 200 4480 2238
2 251 413 220
2 1972 200 176
2 161 4283 176
2 4283 161 142
2 462 142 110
2 91 110 2643
2 1036 685 2940
2 1036 2940 3773
2 3773 1035 1036
2 1035 2497 1036
2 685 1036 2497
2 2497 1035 2983
2 2497 2983 929
2 1035 4075 2983
2 4075 1035 3773
2 4075 3773 4419
2 4075 4419 895
2 895 2593 4075
2 2593 1639 4075
2 1639 2593 2630
2 1639 2630 414
2 1639 414 214
2 238 214 414
2 259 238 414
2 414 4058 259
2 2630 4058 414
2 259 3365 238
2 3365 4516 238
2 4550 238 4516
2 4197 4550 4516
2 4057 4197 4516
2 4057 4516 3365
2 4057 3365 4538
2 3425 4057 4538
2 2766 4057 3425
2 2885 2766 3425
2 2885 3260 2766
2 2570 2766 3260
2 2046 2570 3260
2 3260 1376 2046
2 1376 4536 2046
2 2046 4536 3238
2 3238 2445 2046
2 2046 2445 4495
2 2570 2046 4495
2 4465 2570 4495
2 3392 4465 4495
2 2445 3392 4495
2 3607 3392 2445
2 2445 3118 3607
2 4141 3607 3118
2 2925 4141 3118
2 2925 3118 4496
2 2925 4496 2860
2 3368 2925 2860
2 3368 2860 773
2 1040 3368 773
2 1040 773 2937
2 1040 2937 1042
2 551 1040 1042
2 551 1042 3091
2 2714 551 3091
2 2714 3091 280
2 269 2714 280
2 306 269 280
2 306 280 291
2 301 306 291
2 301 291 1530
2 3843 301 1530
2 3843 1530 939
2 3843 939 938
2 1422 3843 938
2 938 1423 1422
2 1423 1424 1422
2 325 1422 1424
2 1424 331 325
2 306 325 331
2 331 342 306
2 342 343 306
2 343 335 306
2 306 335 320
2 306 320 310
2 310 298 306
2 285 306 298
2 298 1532 285
2 1532 1830 285
2 285 1830 277
2 285 277 306
2 306 277 269
2 269 277 4440
2 269 4440 2714
2 2714 4440 551
2 2774 551 4440
2 2774 4440 2740
2 2928 2774 2740
2 2740 2984 2928
2 2928 2984 1537
2 2928 1537 762
2 762 2842 2928
2 2842 4443 2928
2 2774 2928 4443
2 4443 1040 2774
2 1040 551 2774
2 4443 2842 1040
2 1040 2842 3368
2 2842 4441 3368
2 3368 4441 2925
2 4214 2925 4441
2 1517 4214 4441
2 1517 4441 2842
2 762 1517 2842
2 3587 1517 762
2 3587 762 1537
2 3587 1537 4540
2 3587 4540 1142
2 3587 1142 3074
2 3074 1141 3587
2 3587 1141 3749
2 3749 1517 3587
2 2861 1517 3749
2 2861 3749 1534
2 3723 2861 1534
2 1534 1829 3723
2 1829 4442 3723
2 4214 3723 4442
2 4214 4442 4141
2 4214 4141 2925
2 4442 1760 4141
2 1760 3607 4141
2 3607 1760 3392
2 3049 3392 1760
2 1760 3554 3049
2 3049 3554 2791
2 1754 3049 2791
2 1754 4465 3049
2 4465 3392 3049
2 3796 4465 1754
2 2733 3796 1754
2 3796 2733 3933
2 4466 3796 3933
2 4466 3933 4086
2 1043 4466 4086
2 1043 4086 4197
2 1043 4197 4057
2 4057 4494 1043
2 4494 4466 1043
2 3796 4466 4494
2 3796 4494 2570
2 3796 2570 4465
2 4494 2766 2570
2 4057 2766 4494
2 4057 2766 4494
2 1044 4197 4086
2 1044 4550 4197
2 4494 4466 1043
2 3796 4466 4494
2 3796 2570 4465
2 2791 3554 3916
2 3916 3434 2791
2 3916 3984 3434
2 3984 2516 3434
2 3984 4541 2516
2 3984 4543 4541
2 4541 4543 1317
2 4541 1317 3570
2 3570 4542 4541
2 1950 4542 3570
2 1950 3570 916
2 3570 917 916
2 917 1688 916
2 917 3769 1688
2 3769 3246 1688
2 1688 3246 4447
2 2917 1688 4447
2 2917 4447 4454
2 4454 4447 1689
2 1689 4453 4454
2 4454 4453 1876
2 1876 3081 4454
2 3081 1876 3597
2 3597 935 3081
2 1376 935 3597
2 4536 1376 3597
2 4536 3597 3927
2 4536 3927 2331
2 4536 2331 3238
2 3238 2331 4539
2 3238 4539 4078
2 4078 4496 3238
2 3118 3238 4496
2 3238 3118 2445
2 4078 3847 4496
2 4496 3847 2860
2 2860 3847 773
2 3847 2937 773
2 3847 3876 2937
2 674 2937 3876
2 674 3876 1341
2 939 674 1341
2 1341 938 939
2 938 1341 937
2 937 1433 938
2 1433 1423 938
2 1433 4451 1423
2 4451 4450 1423
2 4450 1424 1423
2 1424 4450 342
2 342 331 1424
2 343 342 4450
2 343 4450 1294
2 1294 588 343
2 588 335 343
2 1313 335 588
2 588 3727 1313
2 3674 1313 3727
2 3674 3727 1957
2 1957 4540 3674
2 3674 4540 1537
2 1537 2984 3674
2 1542 3674 2984
2 2740 1542 2984
2 1830 1542 2740
2 1830 2740 4440
2 4440 277 1830
2 1830 1532 1542
2 1532 1139 1542
2 1542 1139 3674
2 3674 1139 1313
2 1139 320 1313
2 320 335 1313
2 1139 310 320
2 1532 310 1139
2 298 310 1532
2 1532 310 1139
2 1542 1139 3674
2 4540 1957 1142
2 919 1142 1957
2 919 1957 3701
2 4493 919 3701
2 4493 3701 3885
2 4493 3885 3724
2 3724 1691 4493
2 4493 1691 4492
2 1956 4493 4492
2 1956 4492 1952
2 1141 1956 1952
2 1315 1141 1952
2 1952 3832 1315
2 3832 3829 1315
2 4095 1315 3829
2 3829 3246 4095
2 4095 3246 4578
2 4095 4578 4543
2 4543 1140 4095
2 1140 1315 4095
2 1141 1315 1140
2 1141 1140 1534
2 3749 1141 1534
2 1658 1534 1140
2 4543 1658 1140
2 3984 1658 4543
2 1658 3984 3916
2 1658 3916 1829
2 1534 1658 1829
2 3554 1829 3916
2 1829 3554 4442
2 1760 4442 3554
2 1534 1658 1829
2 4543 1658 1140
2 4543 4578 1317
2 4578 3769 1317
2 917 1317 3769
2 1317 917 3570
2 4578 3246 3769
2 4578 3246 3769
2 3829 1514 3246
2 3246 1514 1689
2 3246 1689 4447
2 1514 1690 1689
2 1689 1690 4453
2 1690 1425 4453
2 1425 1876 4453
2 1426 1876 1425
2 1425 2736 1426
2 2736 1428 1426
2 1428 1339 1426
2 1426 1339 3927
2 1426 3927 1876
2 3927 3597 1876
2 3927 1339 2331
2 2331 1339 4539
2 1339 936 4539
2 4539 936 3339
2 4539 3339 3847
2 3847 4078 4539
2 3847 3339 4537
2 3876 3847 4537
2 1341 3876 4537
2 4537 3056 1341
2 1341 3056 937
2 3056 1432 937
2 937 1432 1433
2 1432 4451 1433
2 1432 923 4451
2 4451 923 3885
2 591 4451 3885
2 826 591 3885
2 826 3885 3701
2 3701 4490 826
2 826 4490 3615
2 3615 591 826
2 1294 591 3615
2 588 1294 3615
2 3615 4490 588
2 588 4490 3727
2 3727 4490 1957
2 3701 1957 4490
2 4450 591 1294
2 4450 4451 591
2 3615 4490 588
2 3701 1957 4490
2 3615 591 826
2 4450 4451 591
2 3885 923 3724
2 3724 923 3777
2 3724 3777 3967
2 1691 3724 3967
2 3798 1691 3967
2 4455 3798 3967
2 1427 4455 3967
2 1427 3967 1429
2 1429 3446 1427
2 3446 1428 1427
2 1428 2736 1427
2 2736 4455 1427
2 4455 2736 1425
2 1690 4455 1425
2 590 4455 1690
2 1690 1514 590
2 3832 590 1514
2 3829 3832 1514
2 590 3832 1727
2 1727 3798 590
2 590 3798 4455
2 1727 4492 3798
2 3798 4492 1691
2 4492 1727 1952
2 1727 3832 1952
2 1727 3832 1952
2 590 3798 4455
2 1428 3446 936
2 1428 936 1339
2 1429 936 3446
2 1429 3056 936
2 3339 936 3056
2 3056 4537 3339
2 1429 1432 3056
2 3777 1432 1429
2 1429 3967 3777
2 923 1432 3777
2 1429 936 3446
2 1429 3967 3777
2 2736 4455 1427
2 590 3798 4455
2 3798 4492 1691
2 1429 3967 3777
2 923 1432 3777
2 923 1432 3777
2 1429 1432 3056
2 3056 4537 3339
2 3056 4537 3339
2 3339 936 3056
2 1428 936 1339
2 1428 936 1339
2 1428 2736 1427
2 4455 2736 1425
2 1426 3927 1876
2 1690 4455 1425
2 1690 1514 590
2 3829 3832 1514
2 1140 1315 4095
2 3829 3832 1514
2 1727 3832 1952
2 1141 1315 1140
2 1956 1141 3074
2 1956 3074 1142
2 919 1956 1142
2 919 4493 1956
2 4492 1727 1952
2 919 4493 1956
2 3798 4492 1691
2 1691 3724 3967
2 3885 923 3724
2 826 3885 3701
2 919 4493 1956
2 3701 1957 4490
2 919 1956 1142
2 3727 4490 1957
2 3674 1139 1313
2 588 4490 3727
2 320 335 1313
2 588 1294 3615
2 4450 591 1294
2 4450 4451 591
2 1432 4451 1433
2 937 1432 1433
2 1341 3056 937
2 939 2839 674
2 674 2839 1042
2 674 1042 2937
2 2839 3091 1042
2 675 3091 2839
2 675 2839 939
2 675 939 1530
2 291 675 1530
2 280 675 291
2 675 280 3091
2 675 280 3091
2 675 2839 939
2 1341 3876 4537
2 674 1042 2937
2 3876 3847 4537
2 3847 4078 4539
2 3847 4078 4539
2 2331 1339 4539
2 3927 1339 2331
2 3927 3597 1876
2 935 1376 3486
2 3486 1376 2885
2 3260 2885 1376
2 3927 3597 1876
2 1425 1876 4453
2 1689 1690 4453
2 3246 1689 4447
2 3246 1689 4447
2 4578 3246 3769
2 917 1317 3769
2 1317 917 3570
2 1950 1319 4542
2 1317 917 3570
2 4543 4578 1317
2 3984 1658 4543
2 1658 3984 3916
2 3554 1829 3916
2 1760 4442 3554
2 4465 3392 3049
2 1760 4442 3554
2 2861 3723 4214
2 2861 4214 1517
2 1829 3554 4442
2 1534 1658 1829
2 2861 3723 4214
2 3749 1141 1534
2 2861 4214 1517
2 3749 1141 1534
2 1956 1141 3074
2 1956 3074 1142
2 4540 1957 1142
2 3674 4540 1537
2 3749 1517 3587
2 2861 4214 1517
2 4214 4141 2925
2 1517 4441 2842
2 4443 2842 1040
2 762 1517 2842
2 3587 762 1537
2 1537 2984 3674
2 2740 1542 2984
2 2774 2928 4443
2 1830 2740 4440
2 1040 551 2774
2 4440 277 1830
2 4440 277 1830
2 1830 1532 1542
2 298 310 1532
2 285 277 306
2 298 310 1532
2 1139 310 320
2 320 335 1313
2 588 335 343
2 343 342 4450
2 342 331 1424
2 317 325 306
2 301 317 306
2 317 301 3843
2 3843 1422 317
2 1422 325 317
2 1422 325 317
2 342 331 1424
2 1422 325 317
2 4450 1424 1423
2 1433 1423 938
2 3843 1422 317
2 1341 938 939
2 675 939 1530
2 317 301 3843
2 291 675 1530
2 301 317 306
2 280 675 291
2 306 277 269
2 269 4440 2714
2 675 280 3091
2 2714 4440 551
2 2839 3091 1042
2 1040 551 2774
2 674 1042 2937
2 3847 2937 773
2 1040 2842 3368
2 2860 3847 773
2 3368 4441 2925
2 4496 3847 2860
2 3118 3238 4496
2 4214 4141 2925
2 1760 3607 4141
2 3238 3118 2445
2 3607 1760 3392
2 4465 3392 3049
2 3796 2570 4465
2 2445 3392 4495
2 3238 3118 2445
2 4536 2331 3238
2 4536 1376 3597
2 3260 2885 1376
2 2570 2046 4495
2 4494 2766 2570
2 3260 2885 1376
2 4057 2766 4494
2 1043 4197 4057
2 1044 4550 4197
2 4550 214 238
2 4057 4516 3365
2 4550 214 238
2 2630 4058 414
2 2812 895 4419
2 4419 2097 2812
2 4419 3773 2097
2 2097 3773 2940
2 4419 3773 2097
2 4075 1035 3773
2 2097 3773 2940
2 685 1036 2497
2 2712 2643 2339
2 1199 2339 2375
2 3304 3248 2375
2 83 626 3304
2 83 106 1988
2 83 1988 2702
2 1103 2702 1988
2 1103 1988 2721
2 4132 1103 2721
2 4132 2721 1446
2 4132 1446 3332
2 4077 4132 3332
2 3740 4077 3332
2 1138 3740 3332
2 1138 3332 1448
2 1448 3332 1446
2 1448 1446 3409
2 4322 3409 1446
2 4322 1446 3760
2 2721 3760 1446
2 3409 4322 4323
2 2827 3740 1138
2 2827 3364 3740
2 3740 3364 4077
2 2647 4077 3364
2 4046 2647 3364
2 4046 3364 3033
2 4046 3033 3846
2 4046 3846 4385
2 4046 4385 2647
2 3033 3364 4055
2 3033 4055 2456
2 4055 1238 2456
2 2315 2456 1238
2 1238 2273 2315
2 1238 1885 2273
2 2452 2273 1885
2 2452 1885 3880
2 2452 3880 2615
2 1878 2452 2615
2 2615 3880 4382
2 4382 4384 2615
2 1136 4384 4382
2 1136 4382 1137
2 1137 3538 1136
2 1137 3259 3538
2 3855 4384 1136
2 958 4384 3855
2 3855 1030 958
2 3880 1885 4382
2 2827 4382 1885
2 2827 1885 4055
2 3364 2827 4055
2 1885 1238 4055
2 3880 1885 4382
2 1885 1238 4055
2 1885 1238 4055
2 3364 2827 4055
2 4046 4385 2647
2 4077 2647 3591
2 4077 3591 4132
2 4132 3591 1103
2 3364 2827 4055
2 3740 3364 4077
2 4077 3591 4132
2 1448 3332 1446
2 2721 3760 1446
2 4132 3591 1103
2 4088 3304 2408
2 685 2408 2339
2 685 1036 2497
2 2497 2983 929
2 4262 106 4088
2 83 106 1988
2 1103 1988 2721
2 2721 3760 1446
2 4320 742 4545
2 4322 1446 3760
2 3409 4322 4323
2 3026 3760 4545
2 4545 4293 2144
2 4323 3026 1771
2 3409 4322 4323
2 1448 1446 3409
2 1138 3332 1448
2 2827 3740 1138
2 2827 4382 1885
2 1136 4382 1137
2 1137 3259 3538
2 3748 1138 4128
2 1448 3629 4128
2 2495 3629 2541
2 1137 3259 3538
2 2495 143 2279
2 735 1028 2327
2 735 2327 2755
2 2755 2327 4324
2 4324 2327 4100
2 4324 4100 4546
2 4324 4546 2687
2 4321 2687 4546
2 2042 4321 4546
2 2316 2042 4546
2 4546 4286 2316
2 4286 849 2316
2 2743 2316 849
2 4308 2743 849
2 909 4308 849
2 849 848 909
2 848 1804 909
2 1804 3762 909
2 909 3762 2584
2 4308 909 2584
2 3741 4308 2584
2 613 3741 2584
2 2285 613 2584
2 2285 2584 3762
2 949 2285 3762
2 949 3762 4319
2 949 4319 3530
2 949 3530 2616
2 2616 2908 949
2 2908 2613 949
2 949 2613 2285
2 2613 613 2285
2 2589 613 2613
2 2613 3133 2589
2 2613 2908 3133
2 2908 1882 3133
2 1762 1882 2908
2 2616 1762 2908
2 2616 3508 1762
2 2616 3530 3508
2 2589 1131 613
2 1131 2706 613
2 2706 2845 613
2 613 2845 3741
2 4308 3741 2845
2 4308 2845 3300
2 3300 2743 4308
2 3300 4568 2743
2 4568 3412 2743
2 2316 2743 3412
2 3412 2042 2316
2 3412 3380 2042
2 2168 2042 3380
2 3380 25 2168
2 25 36 2168
2 2168 36 3488
2 2168 3488 1600
2 1600 4321 2168
2 2168 4321 2042
2 3488 1447 1600
2 3488 36 1447
2 50 1447 36
2 39 50 36
2 39 36 25
2 16 39 25
2 16 25 3380
2 3380 5 16
2 5 39 16
2 39 5 10
2 39 10 24
2 24 32 39
2 32 48 39
2 48 56 39
2 56 64 39
2 2477 64 56
2 2477 56 48
2 2477 56 48
2 48 32 2706
2 1131 48 2706
2 32 2845 2706
2 32 24 2845
2 3300 2845 24
2 4568 3300 24
2 10 4568 24
2 10 5 4568
2 3412 4568 5
2 3412 5 3380
2 32 24 2845
2 10 4568 24
2 10 5 4568
2 3412 5 3380
2 5 39 16
2 60 50 39
2 60 39 70
2 60 70 4386
2 60 4386 1031
2 60 1031 50
2 1031 1447 50
2 2814 1447 1031
2 2814 1031 4386
2 2814 4386 1033
2 2814 1033 1032
2 1033 3930 1032
2 2667 1032 3930
2 3281 2667 3930
2 1033 4412 3930
2 4412 1033 4413
2 1033 4386 4413
2 4386 4414 4413
2 4414 4386 70
2 70 80 4414
2 39 80 70
2 1033 4386 4413
2 2814 1031 4386
2 4414 4386 70
2 39 80 70
2 60 1031 50
2 1031 1447 50
2 3488 36 1447
2 39 36 25
2 16 25 3380
2 2168 4321 2042
2 3412 5 3380
2 3412 4568 5
2 4568 3300 24
2 3300 2845 24
2 32 2845 2706
2 1131 48 2706
2 2613 2908 3133
2 2616 1762 2908
2 2616 3530 3508
2 1804 4319 3762
2 949 2613 2285
2 2613 613 2285
2 613 2845 3741
2 4308 3741 2845
2 2285 2584 3762
2 1804 4319 3762
2 848 849 4286
2 4286 3596 848
2 848 3596 847
2 4325 847 3596
2 4325 3596 4286
2 4325 4286 4100
2 2327 4325 4100
2 1028 4325 2327
2 4286 4546 4100
2 2656 847 4325
2 4325 3596 4286
2 4308 909 2584
2 3300 2743 4308
2 2316 2743 3412
2 848 849 4286
2 4286 4546 4100
2 3412 2042 2316
2 2168 4321 2042
2 4286 4546 4100
2 2327 4325 4100
2 1028 4325 2327
2 1028 4325 2327
2 2656 847 4325
2 2656 3097 1635
2 3097 3078 1635
2 2202 2279 3276
2 2495 143 2279
2 3097 3078 1635
2 2495 2541 143
2 3629 737 2541
2 737 3409 3546
2 4323 4087 3546
2 3078 143 623
2 1776 4087 1771
2 1839 3456 1776
2 3456 4015 4065
2 4015 1838 4065
2 1778 4065 1838
2 1778 4065 1838
2 3078 4087 2538
2 3097 3078 1635
2 1778 4065 1838
2 2656 3097 1635
2 2656 847 4325
2 848 3596 847
2 3057 3437 1635
2 848 1804 909
2 1804 4319 3762
2 949 4319 3530
2 2616 3530 3508
2 614 1623 3508
2 2616 3508 1762
2 1880 2089 1240
2 1762 1880 3328
2 1762 1882 2908
2 2908 1882 3133
2 2613 3133 2589
2 2589 1131 613
2 1131 48 2706
2 2477 56 48
2 1621 3376 1233
2 2477 64 56
2 3376 4260 1233
2 56 64 39
2 39 80 70
2 70 80 4414
2 4260 75 64
2 4386 4414 4413
2 3376 4260 1233
2 1239 3376 1882
2 4412 1033 4413
2 1884 1239 3328
2 1033 4412 3930
2 3281 2667 3930
2 1884 3328 4411
2 3281 2667 3930
2 2667 1032 3930
2 2814 1033 1032
2 2814 1447 1031
2 3488 1447 1600
2 1600 4321 2168
2 4321 2687 4546
2 4324 4546 2687
2 2755 2327 4324
2 1600 3273 1601
2 3700 3273 2667
2 3700 2667 2847
2 735 2327 2755
2 3531 3276 735
2 2202 3276 3531
2 2202 3538 2495
2 1137 3538 1136
2 3855 4384 1136
2 3531 2847 1101
2 3855 1030 958
2 2847 2667 3899
2 1135 3899 3281
2 3855 1030 958
2 1135 3281 4411
2 4415 4411 1240
2 958 4384 3855
2 4382 4384 2615
2 1878 2452 2615
2 4415 4411 1240
2 1880 2089 1240
2 4415 2716 1878
2 1763 2089 743
2 1878 2452 2615
2 2452 2273 1885
2 1763 2089 743
2 1238 2273 2315
2 2742 3431 743
2 3431 2365 4241
2 2500 1765 4241
2 2315 2456 1238
2 3033 4055 2456
2 3299 1765 2500
2 4046 3033 3846
2 4242 3299 3018
2 2989 1886 1883
2 1883 2745 2989
2 2745 1883 4383
2 4383 3811 2745
2 2745 3811 1941
2 168 4383 1883
2 168 1883 1881
2 1879 168 1881
2 1886 1881 1883
2 4547 4383 168
2 1886 1881 1883
2 4046 3846 4385
2 1883 2745 2989
2 2745 3811 1941
2 4046 4385 2647
2 4077 2647 3591
2 4132 3591 1103
2 2745 3811 1941
2 1103 2702 1988
2 83 1988 2702
2 83 626 3304
2 135 4233 626
2 112 2702 3811
2 4383 3811 2745
2 4547 4383 168
2 135 4233 626
2 1241 592 4233
2 4547 4383 168
2 206 1241 189
2 560 4448 1681
2 206 1241 189
2 863 862 206
2 863 1575 1707
2 1201 2391 1575
2 1211 2391 1201
2 413 251 1211
2 1640 200 413
2 176 1640 4418
2 2940 142 4418
2 2097 3773 2940
2 4419 2097 2812
2 1640 1734 896
2 2812 895 4419
2 4265 1734 413
2 4265 1211 4129
2 895 2593 4075
2 1639 2593 2630
2 2130 4129 1201
2 2630 4058 414
2 1575 2642 2130
2 863 258 2642
2 414 4058 259
2 259 3365 238
2 863 236 258
2 236 206 4063
2 258 3959 3365
2 4057 3365 4538
2 3425 4057 4538
2 2885 2766 3425
2 3486 1376 2885
2 2444 940 1874
2 935 1376 3486
2 3597 935 3081
2 1876 3081 4454
2 1877 4456 3918
2 2917 4447 4454
2 4456 1877 2601
2 4456 3241 2917
2 2917 1688 4447
2 917 1688 916
2 3241 2348 2753
2 1950 3570 916
2 3961 920 2348
2 1950 1319 4542
2 1950 1319 4542
2 3570 4542 4541
2 3984 4541 2516
2 3984 2516 3434
2 2084 1766 2758
2 1766 2028 2758
2 2028 2607 2758
2 3913 2028 1766
2 548 2028 3913
2 3119 548 3913
2 1651 3119 3913
2 2028 2607 2758
2 3916 3434 2791
2 1754 3049 2791
2 2733 3796 1754
2 2607 1652 3434
2 3796 2733 3933
2 2028 2607 2758
2 4466 3933 4086
2 548 2028 3913
2 1044 4197 4086
2 3119 548 3913
2 1651 3119 3913
2 1757 1044 3119
2 1044 4550 4197
2 4550 214 238
2 1639 414 214
2 193 185 1736
2 2593 1639 4075
2 1035 4075 2983
2 2497 2983 929
2 138 106 929
2 1990 1736 153
2 3943 4292 153
2 138 742 106
2 742 4293 4545
2 3943 4292 153
2 4545 4293 2144
2 1776 2144 2883
2 1839 2883 2800
2 3635 3493 2800
2 3635 1806 3493
2 3635 3244 1806
2 1806 3244 3240
2 3244 3635 3566
2 3635 1805 3566
2 1805 4318 3566
2 1805 123 4318
2 89 4318 123
2 89 82 4318
2 1000 82 89
2 1775 2144 4080
2 4080 4293 3943
2 3996 3635 1775
2 3635 1805 3566
2 1805 123 4318
2 1913 3839 1449
2 89 4318 123
2 1000 82 89
2 1913 3839 1449
2 3839 3445 3441
2 3445 1262 3441
2 3445 3079 1262
2 883 3079 3445
2 998 3441 4106
2 3441 998 1000
2 1000 82 89
2 82 880 103
2 89 82 4318
2 1805 4318 3566
2 3244 3635 3566
2 1806 3244 3240
2 948 103 4243
2 1806 3244 3240
2 3635 1806 3493
2 2640 1622 2407
2 2407 952 3493
2 3635 3493 2800
2 3648 3993 1808
2 1839 2883 2800
2 1839 3456 1776
2 3456 4015 4065
2 3648 3993 1808
2 4015 1838 4065
2 1838 3057 1635
2 3122 848 3057
2 3122 3558 4319
2 3922 4583 4015
2 614 4319 3558
2 953 1623 614
2 743 953 2742
2 3431 2742 951
2 3922 4143 3558
2 4015 3993 3922
2 2131 3993 3648
2 3431 951 2365
2 952 4140 2131
2 2365 2500 4241
2 3018 3299 2500
2 952 1622 4140
2 2640 1622 2407
2 2640 3240 4243
2 4242 3299 3018
2 103 1764 4243
2 1886 3846 4242
2 1886 1881 1883
2 120 1764 103
2 1879 168 1881
2 1879 168 1881
2 188 189 168
2 1971 159 1237
2 4448 188 210
2 3527 228 1209
2 4491 228 241
2 4448 210 1681
2 560 4448 1681
2 4063 206 560
2 940 3959 4063
2 2444 940 1874
2 1421 3230 1875
2 1874 1877 3486
2 4456 1877 2601
2 922 3961 2601
2 1421 3230 1875
2 4452 3230 560
2 561 4452 1681
2 922 3961 2601
2 3961 920 2348
2 1681 4491 561
2 920 915 1319
2 4491 228 241
2 1319 915 1310
2 4542 1310 2084
2 2084 1766 2758
2 1657 1656 1310
2 3913 2028 1766
2 1651 3119 3913
2 227 1651 1631
2 1657 1310 2520
2 2520 915 241
2 241 3527 4519
2 3976 4517 4116
2 2666 4238 263
2 2666 3001 4238
2 3001 4186 4238
2 4576 4238 4186
2 4186 3875 4576
2 4186 1338 3875
2 3875 1338 603
2 1338 4122 603
2 2794 603 4122
2 2794 4122 4097
2 4097 4564 2794
2 813 4564 4097
2 813 4097 812
2 959 813 812
2 812 1774 959
2 812 3664 1774
2 3664 604 1774
2 4039 1774 604
2 604 2571 4039
2 2571 1738 4039
2 2939 1738 2571
2 2571 1370 2939
2 1370 1393 2939
2 1393 1394 2939
2 1394 2819 2939
2 2939 2819 1739
2 1739 1738 2939
2 2819 4130 1739
2 4130 3214 1739
2 576 1739 3214
2 576 3214 3759
2 3759 3214 605
2 605 4563 3759
2 4563 2754 3759
2 4249 2754 4563
2 4563 3408 4249
2 3408 2193 4249
2 4249 2193 3342
2 4249 3342 2186
2 2186 2754 4249
2 2186 960 2754
2 960 2186 2267
2 960 2267 2961
2 2267 2186 1694
2 2186 1612 1694
2 2186 3342 1612
2 3342 3718 1612
2 1612 3718 3126
2 3718 1696 3126
2 3126 1696 1693
2 1693 4188 3126
2 4188 1693 2226
2 585 4188 2226
2 585 2226 4500
2 585 4500 834
2 585 834 1809
2 585 1809 4188
2 1809 1122 4188
2 4188 1122 4105
2 1122 4023 4105
2 1122 1809 4114
2 1809 2179 4114
2 4114 2179 3980
2 2179 833 3980
2 4497 3980 833
2 1466 4497 833
2 833 754 1466
2 1466 754 1903
2 754 3966 1903
2 1903 3966 871
2 2709 3966 754
2 2709 754 3686
2 2709 3686 1559
2 874 2709 1559
2 1559 4073 874
2 874 4073 1394
2 1394 1393 874
2 1393 1398 874
2 874 1398 2709
2 1398 3966 2709
2 1393 1370 1398
2 4073 1399 1394
2 2819 1394 1399
2 1976 2819 1399
2 1399 1926 1976
2 1926 1633 1976
2 1825 1976 1633
2 1743 1825 1633
2 1633 3398 1743
2 1743 3398 1401
2 1820 1743 1401
2 1820 1401 1636
2 1820 1636 784
2 784 4508 1820
2 4507 1820 4508
2 4508 2035 4507
2 4507 2035 3075
2 3075 3454 4507
2 3454 2418 4507
2 1743 4507 2418
2 1743 2418 1825
2 1825 2418 4506
2 4506 3214 1825
2 3214 4130 1825
2 4130 1976 1825
2 2819 1976 4130
2 4506 605 3214
2 3454 605 4506
2 4506 2418 3454
2 3408 605 3454
2 3272 3408 3454
2 3075 3272 3454
2 3075 3542 3272
2 3542 3513 3272
2 3513 4251 3272
2 3272 4251 2193
2 3272 2193 3408
2 2193 4251 664
2 3342 2193 664
2 664 3718 3342
2 3718 664 2878
2 3718 2878 3305
2 3718 3305 3321
2 3718 3321 1696
2 1696 3321 3539
2 1693 1696 3539
2 1693 3539 1412
2 2226 1693 1412
2 2226 1412 3047
2 4500 2226 3047
2 835 4500 3047
2 837 835 3047
2 837 3047 2792
2 837 2792 756
2 837 756 755
2 755 835 837
2 757 835 755
2 755 872 757
2 1925 757 872
2 1925 872 1399
2 1399 4073 1925
2 1925 4073 757
2 4073 1559 757
2 757 1559 1467
2 836 757 1467
2 1467 4499 836
2 4033 836 4499
2 4512 4033 4499
2 4512 4499 1355
2 1355 2179 4512
2 1809 4512 2179
2 4033 4512 1809
2 834 4033 1809
2 834 836 4033
2 834 4500 836
2 836 4500 835
2 757 836 835
2 1355 833 2179
2 1355 754 833
2 1355 3686 754
2 1355 4499 3686
2 4499 1467 3686
2 1559 3686 1467
2 1355 4499 3686
2 4033 4512 1809
2 834 836 4033
2 4499 1467 3686
2 757 836 835
2 1559 3686 1467
2 1399 872 1926
2 872 873 1926
2 873 3564 1926
2 3564 3398 1926
2 1926 3398 1633
2 1927 3398 3564
2 873 1927 3564
2 873 1904 1927
2 1904 1782 1927
2 1782 1401 1927
2 1927 1401 3398
2 1782 1636 1401
2 1395 1636 1782
2 1395 1782 1576
2 1576 3785 1395
2 3785 1577 1395
2 1577 1780 1395
2 1783 1395 1780
2 1783 1780 319
2 1783 319 309
2 1783 309 784
2 1636 1783 784
2 1395 1783 1636
2 4237 784 309
2 309 294 4237
2 294 2818 4237
2 2818 4508 4237
2 784 4237 4508
2 2818 4045 4508
2 4508 4045 2035
2 3992 2035 4045
2 3801 3992 4045
2 278 3801 4045
2 286 278 4045
2 294 286 4045
2 294 4045 2818
2 3809 286 294
2 3809 294 309
2 309 319 3809
2 3809 319 336
2 346 3809 336
2 1577 346 336
2 1780 1577 336
2 1780 336 319
2 346 1577 4177
2 346 4177 339
2 3809 346 339
2 3809 339 332
2 3809 332 321
2 321 311 3809
2 3809 311 295
2 3809 295 287
2 3809 287 281
2 3809 281 274
2 270 3809 274
2 3801 270 274
2 3801 274 4034
2 3801 4034 3992
2 4034 4250 3992
2 4250 3542 3992
2 3542 3075 3992
2 2035 3992 3075
2 3542 4250 3513
2 4250 1608 3513
2 3513 1608 2878
2 4251 3513 2878
2 4251 2878 664
2 3305 2878 1608
2 3305 1608 1629
2 3321 3305 1629
2 2731 3321 1629
2 3772 2731 1629
2 1609 3772 1629
2 1609 1629 1608
2 1609 1608 2856
2 4208 1609 2856
2 1603 4208 2856
2 1603 2856 4034
2 1603 4034 274
2 1603 274 281
2 281 4009 1603
2 1603 4009 4208
2 4208 4009 1695
2 1695 1579 4208
2 1579 1609 4208
2 1579 3772 1609
2 1579 4131 3772
2 4131 2731 3772
2 4131 3450 2731
2 2731 3450 2549
2 3539 2731 2549
2 3539 2549 1412
2 2549 3047 1412
2 3450 3047 2549
2 3645 3047 3450
2 3645 3450 4513
2 838 3645 4513
2 4513 4220 838
2 2891 838 4220
2 4220 1464 2891
2 1576 2891 1464
2 1576 1464 3785
2 3785 1464 4010
2 3785 4010 1577
2 1577 4010 4177
2 4177 4010 512
2 4227 4177 512
2 4222 4227 512
2 4222 512 3069
2 4222 3069 4226
2 4226 321 4222
2 4222 321 332
2 332 4227 4222
2 339 4227 332
2 339 4177 4227
2 4226 311 321
2 4226 4028 311
2 295 311 4028
2 295 4028 4016
2 4016 287 295
2 4009 287 4016
2 1695 4009 4016
2 4016 4028 1695
2 4028 2805 1695
2 1695 2805 1579
2 1579 2805 4131
2 2805 1127 4131
2 1127 3450 4131
2 1127 4513 3450
2 1127 3069 4513
2 4513 3069 4220
2 4220 3069 512
2 4010 4220 512
2 1464 4220 4010
2 4226 3069 1127
2 4028 4226 1127
2 4028 1127 2805
2 4028 1127 2805
2 4028 1127 2805
2 4009 281 287
2 4016 4028 1695
2 4028 4226 1127
2 4226 3069 1127
2 4220 3069 512
2 332 4227 4222
2 339 4177 4227
2 4010 4220 512
2 1464 4220 4010
2 1576 1904 2891
2 756 2891 1904
2 1904 873 756
2 756 873 755
2 755 873 872
2 838 2891 756
2 2792 838 756
2 3047 838 2792
2 3047 3645 838
2 1904 1576 1782
2 1464 4220 4010
2 838 2891 756
2 4513 3069 4220
2 3047 3645 838
2 1127 4513 3450
2 3047 3645 838
2 2731 3539 3321
2 3450 3047 2549
2 1127 3450 4131
2 1579 2805 4131
2 1695 2805 1579
2 1695 4009 4016
2 4009 281 287
2 4034 2856 4250
2 4250 2856 1608
2 1603 4009 4208
2 1579 1609 4208
2 4250 2856 1608
2 1579 3772 1609
2 4131 2731 3772
2 2731 3539 3321
2 1609 1629 1608
2 4250 2856 1608
2 4034 2856 4250
2 1603 4034 274
2 278 270 3801
2 278 3809 270
2 3809 278 286
2 278 3809 270
2 1603 274 281
2 4009 281 287
2 4016 287 295
2 295 311 4028
2 4226 311 321
2 4222 321 332
2 339 4227 332
2 339 4177 4227
2 1577 4010 4177
2 3809 346 339
2 1780 336 319
2 3809 278 286
2 3809 278 286
2 278 270 3801
2 3801 4034 3992
2 2035 3992 3075
2 294 4045 2818
2 294 4045 2818
2 3809 294 309
2 784 4237 4508
2 309 319 3809
2 1780 336 319
2 1395 1783 1636
2 1780 1577 336
2 3785 4010 1577
2 1576 1464 3785
2 1904 1576 1782
2 1395 1783 1636
2 1904 1576 1782
2 1904 873 756
2 1927 1401 3398
2 873 1927 3564
2 755 873 872
2 1925 4073 757
2 755 873 872
2 757 836 835
2 756 873 755
2 2792 838 756
2 3047 838 2792
2 755 835 837
2 836 4500 835
2 2549 3047 1412
2 3539 2549 1412
2 2731 3539 3321
2 3321 3305 1629
2 3305 2878 1608
2 4251 2878 664
2 4251 2878 664
2 4251 3513 2878
2 3542 4250 3513
2 3542 3075 3992
2 3272 2193 3408
2 4563 605 3408
2 4506 2418 3454
2 4507 1743 1820
2 4506 2418 3454
2 3075 3272 3454
2 2035 3992 3075
2 4508 4045 2035
2 4507 1743 1820
2 784 4237 4508
2 1636 1783 784
2 1782 1636 1401
2 4507 1743 1820
2 1927 1401 3398
2 1926 3398 1633
2 1743 2418 1825
2 4130 1976 1825
2 1926 3398 1633
2 1399 872 1926
2 2819 1976 4130
2 1399 4073 1925
2 4073 1559 757
2 874 1398 2709
2 1559 3686 1467
2 1355 3686 754
2 1398 3966 2709
2 1355 754 833
2 1466 1465 4497
2 1356 4497 1465
2 3736 4497 1356
2 1356 4498 3736
2 3736 4498 4022
2 4497 3736 4022
2 4497 4022 2810
2 4497 2810 3980
2 3954 2810 4022
2 4498 2913 4022
2 3552 2913 4498
2 4497 3736 4022
2 4497 2810 3980
2 1355 833 2179
2 1809 4512 2179
2 834 4033 1809
2 834 4500 836
2 4500 2226 3047
2 585 1809 4188
2 2226 1693 1412
2 1693 1696 3539
2 3718 3321 1696
2 664 3718 3342
2 2186 3342 1612
2 3342 2193 664
2 3272 2193 3408
2 4563 605 3408
2 2186 2754 4249
2 4563 605 3408
2 4506 605 3214
2 3214 4130 1825
2 2819 1976 4130
2 2819 1394 1399
2 1394 1393 874
2 1393 1370 1398
2 1370 2571 2938
2 604 2938 2571
2 604 3664 2938
2 1737 2938 3664
2 1737 3664 2000
2 4122 1737 2000
2 2000 4097 4122
2 4097 2000 812
2 3664 812 2000
2 1737 4122 1338
2 1741 1737 1338
2 1741 1338 1821
2 1741 1821 1391
2 1741 1391 1375
2 1741 1375 1737
2 1391 1821 1368
2 1821 3001 1368
2 1368 3001 2666
2 4186 3001 1821
2 1821 1338 4186
2 1821 1338 4186
2 1741 1375 1737
2 3664 812 2000
2 1739 1738 2939
2 604 2938 2571
2 604 3664 2938
2 3664 812 2000
2 959 1570 813
2 1570 3756 813
2 813 3756 4564
2 1570 1568 3756
2 1568 1570 1628
2 4097 2000 812
2 813 3756 4564
2 2000 4097 4122
2 2794 957 603
2 1737 4122 1338
2 1821 1338 4186
2 4186 3001 1821
2 1368 3001 2666
2 1368 3001 2666
2 1391 1821 1368
2 1741 1391 1375
2 4198 869 1397
2 1400 4020 1391
2 868 1400 1368
2 1578 4020 1905
2 4198 4020 1578
2 4198 869 1397
2 4198 869 1397
2 4020 1397 1375
2 1741 1375 1737
2 1737 2938 3664
2 1370 2571 2938
2 1742 1375 1392
2 1393 1370 1398
2 1398 3966 2709
2 1903 3966 871
2 1928 1370 1392
2 1397 870 1392
2 870 869 1902
2 1903 3966 871
2 1466 754 1903
2 1466 1465 4497
2 869 3699 1902
2 1356 4497 1465
2 1578 1901 3699
2 1901 832 4144
2 1356 4498 3736
2 1901 832 4144
2 3552 2913 4498
2 3552 2913 4498
2 4498 2913 4022
2 3954 2810 4022
2 3679 1610 1169
2 1604 4025 3808
2 1610 4061 1169
2 4061 1802 3954
2 4061 1802 3954
2 3954 2810 4022
2 4497 2810 3980
2 4114 2179 3980
2 3319 3334 3954
2 3319 1801 2147
2 1122 1809 4114
2 1122 4023 4105
2 3319 1801 2147
2 1122 4023 4105
2 1611 1627 1569
2 4188 1122 4105
2 1693 4188 3126
2 1612 3718 3126
2 2186 1612 1694
2 1611 3521 4105
2 2267 2186 1694
2 960 2267 2961
2 1611 1627 1569
2 814 1569 3763
2 960 2267 2961
2 4579 814 2163
2 2186 960 2754
2 4563 2754 3759
2 576 3214 3759
2 4579 814 2163
2 576 1739 3214
2 1739 1738 2939
2 2571 1738 4039
2 4579 814 2163
2 4039 1774 604
2 812 1774 959
2 814 1569 3763
2 959 1570 813
2 1568 1570 1628
2 1569 1801 3763
2 3319 3215 1801
2 1568 1570 1628
2 3215 1802 3628
2 3628 4061 1625
2 1570 1568 3756
2 1610 3808 1625
2 813 3756 4564
2 1604 4025 3808
2 4097 4564 2794
2 2794 957 603
2 2794 957 603
2 3875 1338 603
2 4186 3875 4576
2 4576 4238 4186
2 2666 4238 263
2 261 263 3985
2 3985 3770 4085
2 245 4238 4152
2 4576 4479 4152
2 245 229 3770
2 3770 749 4085
2 962 749 3211
2 3770 749 4085
2 3247 1506 4085
2 4517 3247 1507
2 750 962 751
2 1507 4544 4519
2 1657 4544 1631
2 1434 751 962
2 227 1651 1631
2 198 1434 4428
2 2852 1651 227
2 1757 2852 185
2 198 1434 4428
2 193 185 1736
2 1990 1736 153
2 3943 4292 153
2 3943 4582 1805
2 4287 185 1909
2 1913 123 4582
2 1261 1909 4428
2 1913 3839 1449
2 3839 3445 3441
2 883 3079 3445
2 1261 1909 4428
2 198 1434 4428
2 3211 1434 962
2 883 3079 3445
2 749 3606 3211
2 3445 3079 1262
2 3445 1262 3441
2 999 4106 3441
2 105 4106 999
2 4191 92 1504
2 105 1572 4106
2 1572 92 882
2 998 1572 455
2 3229 1000 455
2 880 82 3229
2 120 103 880
2 1237 1879 120
2 1971 159 1237
2 3574 1209 1971
2 3574 2436 1210
2 3573 2436 875
2 880 881 876
2 881 882 4111
2 1460 175 875
2 1460 175 875
2 3308 3573 175
2 1210 3308 3527
2 241 3527 4519
2 1507 4519 4517
2 3976 4517 4116
2 1263 3527 1208
2 3976 4517 4116
2 3976 1506 3247
2 261 3985 1506
2 226 2666 261
2 796 203 226
2 4116 1208 4518
2 1208 175 1970
2 796 203 226
2 868 226 203
2 868 4056 1905
2 515 831 753
2 1901 4056 832
2 3552 832 2458
2 4211 831 515
2 465 3552 2458
2 215 4514 4211
2 4514 253 1519
2 465 1800 2913
2 4061 1800 1169
2 1169 1630 3679
2 3679 1630 1607
2 1604 1607 4025
2 4478 957 4025
2 4478 4479 4576
2 199 229 4479
2 977 229 199
2 3606 3770 977
2 3606 1912 3079
2 1912 1914 1262
2 4427 4562 147
2 1914 124 999
2 4288 4289 124
2 4427 4562 147
2 4288 4289 124
2 4289 901 4294
2 4294 901 2282
2 2282 4017 4294
2 1502 4294 4017
2 1321 1502 4017
2 4017 1073 1321
2 1073 3979 1321
2 1321 3979 4357
2 3608 1321 4357
2 3608 4357 3071
2 3071 4357 4358
2 4358 4361 3071
2 4178 3071 4361
2 844 4178 4361
2 4361 2509 844
2 670 844 2509
2 988 670 2509
2 988 2509 636
2 4552 988 636
2 1085 4552 636
2 1085 636 2249
2 1085 2249 1978
2 3336 1085 1978
2 3534 3336 1978
2 1827 3534 1978
2 1978 2249 1827
2 4059 1827 2249
2 4059 2249 636
2 4059 636 2329
2 4358 4059 2329
2 4358 2329 4361
2 2509 4361 2329
2 2329 636 2509
2 2635 4059 4358
2 4358 4357 2635
2 2635 4357 4352
2 4352 4359 2635
2 1827 2635 4359
2 4359 3534 1827
2 4359 3282 3534
2 3282 635 3534
2 3534 635 3336
2 3336 635 669
2 4389 3336 669
2 3261 4389 669
2 669 3467 3261
2 3261 3467 2720
2 2720 4377 3261
2 4588 3261 4377
2 4377 688 4588
2 688 690 4588
2 690 2559 4588
2 2559 4389 4588
2 3261 4588 4389
2 4376 4389 2559
2 4376 2559 691
2 4376 691 4555
2 4552 4376 4555
2 4555 988 4552
2 4555 4572 988
2 988 4572 4554
2 4554 670 988
2 670 4554 3383
2 3383 844 670
2 4554 4572 4103
2 693 4103 4572
2 1078 693 4572
2 1078 4572 4555
2 1078 4555 691
2 1078 691 4350
2 4350 1191 1078
2 1191 4066 1078
2 693 1078 4066
2 694 693 4066
2 694 4066 4183
2 4126 694 4183
2 693 694 4103
2 1191 4350 2159
2 2159 1980 1191
2 1191 1980 4300
2 4300 1980 4069
2 775 4300 4069
2 775 4069 900
2 775 900 901
2 900 2282 901
2 900 1967 2282
2 2560 2282 1967
2 798 2560 1967
2 798 1967 1500
2 1500 3633 798
2 798 3633 2769
2 798 2769 1073
2 798 1073 2560
2 1073 4017 2560
2 2560 4017 2282
2 1073 2769 3979
2 3979 2769 1325
2 3979 1325 4357
2 4352 4357 1325
2 3162 4352 1325
2 3162 1325 1528
2 2312 3162 1528
2 3813 2312 1528
2 3813 1528 1524
2 4295 3813 1524
2 4295 1524 1156
2 4295 1156 899
2 3029 4295 899
2 904 3029 899
2 899 1146 904
2 1146 1151 904
2 1151 3070 904
2 3070 3029 904
2 3070 1526 3029
2 3029 1526 2985
2 3029 2985 4295
2 2985 3813 4295
2 2985 2312 3813
2 2455 2312 2985
2 1526 2455 2985
2 1526 1503 2455
2 1503 1324 2455
2 2455 1324 2788
2 2455 2788 2312
2 2312 2788 3162
2 4352 3162 2788
2 4352 2788 4359
2 3905 4359 2788
2 1324 3905 2788
2 1324 4353 3905
2 3905 4353 3282
2 3905 3282 4359
2 3990 3282 4353
2 3990 4353 3950
2 2958 3990 3950
2 2958 3950 4342
2 2958 4342 4200
2 4200 4355 2958
2 2246 2958 4355
2 4355 3284 2246
2 2246 3284 4360
2 634 2246 4360
2 4360 3335 634
2 667 634 3335
2 667 3335 2824
2 667 2824 2971
2 2971 4124 667
2 2216 667 4124
2 2216 4124 4551
2 1010 2216 4551
2 4551 3419 1010
2 3419 668 1010
2 668 2310 1010
2 2310 634 1010
2 2216 1010 634
2 667 2216 634
2 2246 634 2310
2 2310 4363 2246
2 4363 2958 2246
2 4363 3990 2958
2 3990 4363 843
2 3990 843 635
2 3282 3990 635
2 635 843 669
2 669 843 3467
2 3467 843 668
2 3467 668 2720
2 2720 668 3419
2 3419 4586 2720
2 2720 4586 4377
2 4586 688 4377
2 2489 688 4586
2 4586 3341 2489
2 3341 3009 2489
2 3009 4349 2489
2 688 2489 4349
2 688 4349 3242
2 688 3242 4348
2 690 688 4348
2 690 4348 4351
2 690 4351 691
2 690 691 2559
2 4350 691 4351
2 2730 4350 4351
2 2730 4351 4348
2 1195 2730 4348
2 1195 4348 3242
2 1195 3242 1194
2 4326 1195 1194
2 1188 4326 1194
2 3242 1188 1194
2 4349 1188 3242
2 4349 3548 1188
2 3548 4329 1188
2 4329 4326 1188
2 4326 4329 774
2 774 1087 4326
2 1087 3951 4326
2 1195 4326 3951
2 2730 1195 3951
2 2730 3951 4301
2 4299 2730 4301
2 4558 4299 4301
2 1146 4558 4301
2 4301 1087 1146
2 1087 1150 1146
2 1151 1146 1150
2 1151 1150 2533
2 1151 2533 1522
2 1522 3041 1151
2 3041 3070 1151
2 1526 3070 3041
2 3041 1503 1526
2 1503 3041 2454
2 4342 1503 2454
2 1525 4342 2454
2 1522 1525 2454
2 2454 3041 1522
2 4296 1525 1522
2 2533 4296 1522
2 4296 2533 1149
2 1149 4297 4296
2 2757 4296 4297
2 1527 2757 4297
2 3037 1527 4297
2 1729 3037 4297
2 1729 4297 3881
2 3476 1729 3881
2 3476 3881 1145
2 3476 1145 2829
2 3476 2829 769
2 4298 3476 769
2 4298 769 17
2 4298 17 3092
2 3092 3622 4298
2 1846 4298 3622
2 3622 4341 1846
2 4341 3037 1846
2 1729 1846 3037
2 4298 1846 1729
2 4298 1729 3476
2 4341 3665 3037
2 3665 1527 3037
2 3665 1323 1527
2 1323 3109 1527
2 2757 1527 3109
2 3109 4200 2757
2 2757 4200 1525
2 4296 2757 1525
2 4342 1525 4200
2 4355 4200 3109
2 4355 3109 3284
2 3109 1323 3284
2 3284 1323 4356
2 3284 4356 4360
2 3331 4360 4356
2 3331 4356 4341
2 2125 3331 4341
2 2527 2125 4341
2 3622 2527 4341
2 3092 2527 3622
2 3076 2527 3092
2 3076 3092 26
2 26 37 3076
2 37 4185 3076
2 3076 4185 2527
2 4185 2125 2527
2 4354 2125 4185
2 51 4354 4185
2 4185 37 51
2 51 37 40
2 51 40 61
2 51 61 1441
2 51 1441 4354
2 1441 4362 4354
2 2125 4354 4362
2 2125 4362 3331
2 4362 4360 3331
2 4362 3335 4360
2 3335 4362 1013
2 2824 3335 1013
2 631 2824 1013
2 1013 679 631
2 631 679 4387
2 2998 631 4387
2 3768 2998 4387
2 4573 3768 4387
2 72 4573 4387
2 679 72 4387
2 72 679 81
2 72 81 40
2 72 40 65
2 72 65 4573
2 57 4573 65
2 40 57 65
2 40 49 57
2 1082 57 49
2 1082 49 4343
2 1129 1082 4343
2 1129 4343 4328
2 4328 1126 1129
2 1129 1126 3623
2 3623 3644 1129
2 1081 1129 3644
2 1081 3644 2638
2 1081 2638 3768
2 1081 3768 4573
2 1082 1081 4573
2 1082 4573 57
2 1082 1129 1081
2 2638 2998 3768
2 2638 4124 2998
2 2971 2998 4124
2 631 2998 2971
2 2971 2824 631
2 4124 2638 4375
2 4574 4124 4375
2 4375 3341 4574
2 4574 3341 4586
2 4574 4586 3419
2 4574 3419 4551
2 4551 4124 4574
2 3341 4375 3009
2 4375 2585 3009
2 2585 4032 3009
2 4032 1206 3009
2 1206 4349 3009
2 3548 4349 1206
2 3548 1206 4329
2 4327 4329 1206
2 4327 1206 4032
2 4327 4032 2739
2 4327 2739 2710
2 4327 2710 3549
2 4327 3549 4329
2 4329 3549 774
2 3549 1155 774
2 774 1155 1150
2 1087 774 1150
2 1155 2533 1150
2 2533 1155 1149
2 903 1149 1155
2 3549 903 1155
2 903 3549 2710
2 2710 3148 903
2 799 903 3148
2 799 3148 3881
2 4297 799 3881
2 1149 799 4297
2 799 1149 903
2 1145 3881 3148
2 1145 3148 1381
2 2829 1145 1381
2 2829 1381 771
2 2829 771 769
2 769 771 18
2 6 769 18
2 6 18 40
2 6 40 9
2 6 9 769
2 769 9 17
2 40 17 9
2 17 40 26
2 17 26 3092
2 26 40 37
2 40 17 9
2 40 18 27
2 40 27 38
2 40 38 49
2 4343 49 38
2 38 27 4343
2 4328 4343 27
2 4328 27 771
2 4328 771 1381
2 4328 1381 1126
2 1126 1381 2739
2 3623 1126 2739
2 2739 4032 3623
2 3623 4032 2585
2 3644 3623 2585
2 3644 2585 2638
2 2638 2585 4375
2 2710 2739 1381
2 1381 3148 2710
2 27 18 771
2 38 27 4343
2 27 18 771
2 6 9 769
2 27 18 771
2 4328 771 1381
2 1381 3148 2710
2 799 1149 903
2 1381 3148 2710
2 799 1149 903
2 3549 903 1155
2 903 3549 2710
2 2710 2739 1381
2 2739 4032 3623
2 4327 3549 4329
2 4327 1206 4032
2 3623 4032 2585
2 2638 2585 4375
2 4551 4124 4574
2 2638 2585 4375
2 3644 2585 2638
2 1082 1129 1081
2 3644 3623 2585
2 3623 1126 2739
2 4328 1381 1126
2 4328 4343 27
2 1082 1129 1081
2 4343 49 38
2 1082 4573 57
2 40 38 49
2 1082 4573 57
2 40 57 65
2 81 71 40
2 71 61 40
2 61 71 1441
2 1441 71 1012
2 1013 1441 1012
2 679 1013 1012
2 679 1012 81
2 71 81 1012
2 1013 4362 1441
2 71 81 1012
2 71 81 1012
2 679 1012 81
2 72 65 4573
2 1081 3768 4573
2 2638 2998 3768
2 631 2998 2971
2 679 72 4387
2 679 1013 1012
2 2971 2824 631
2 1013 4362 1441
2 1013 4362 1441
2 61 71 1441
2 71 61 40
2 26 40 37
2 51 1441 4354
2 2125 4354 4362
2 4185 37 51
2 26 40 37
2 17 26 3092
2 3076 4185 2527
2 4185 2125 2527
2 2125 4362 3331
2 4356 3665 4341
2 4356 1323 3665
2 4362 4360 3331
2 4356 1323 3665
2 3109 1323 3284
2 4356 1323 3665
2 4356 3665 4341
2 3622 2527 4341
2 4298 1846 1729
2 3092 2527 3622
2 17 26 3092
2 769 9 17
2 4298 1729 3476
2 2829 771 769
2 2829 1145 1381
2 1145 3881 3148
2 4298 1729 3476
2 4297 799 3881
2 1729 1846 3037
2 3665 1527 3037
2 2757 1527 3109
2 4296 2757 1525
2 1149 799 4297
2 2533 1155 1149
2 4296 2757 1525
2 4342 1525 4200
2 1324 1503 4342
2 1324 4342 4353
2 4342 3950 4353
2 2454 3041 1522
2 2454 3041 1522
2 2533 4296 1522
2 1155 2533 1150
2 1087 774 1150
2 4301 3951 1087
2 899 4558 1146
2 899 1156 4558
2 4558 1156 4559
2 4299 4558 4559
2 4559 1980 4299
2 4299 1980 2159
2 4299 2159 2730
2 4350 2730 2159
2 4069 1980 4559
2 4559 1156 4069
2 4180 4069 1156
2 1500 4180 1156
2 1156 1524 1500
2 1500 1524 3633
2 1528 3633 1524
2 3633 1528 2769
2 2769 1528 1325
2 1967 4180 1500
2 4180 1967 900
2 4069 4180 900
2 4069 4180 900
2 4559 1156 4069
2 4299 4558 4559
2 4299 2159 2730
2 4301 3951 1087
2 4301 3951 1087
2 1087 774 1150
2 4329 3549 774
2 3548 1206 4329
2 3548 4349 1206
2 4329 4326 1188
2 1195 4326 3951
2 3242 1188 1194
2 2730 1195 3951
2 4350 2730 2159
2 2730 4351 4348
2 1195 4348 3242
2 4349 1188 3242
2 1206 4349 3009
2 3341 4375 3009
2 4574 3341 4586
2 688 2489 4349
2 4574 4586 3419
2 843 2310 668
2 4363 2310 843
2 4363 2310 843
2 4363 2310 843
2 843 2310 668
2 2720 668 3419
2 4574 3419 4551
2 2216 1010 634
2 4551 4124 4574
2 667 2216 634
2 2971 2998 4124
2 2971 2824 631
2 2824 3335 1013
2 667 2216 634
2 4362 3335 4360
2 2246 634 2310
2 3284 4356 4360
2 4355 3109 3284
2 4363 2958 2246
2 4355 4200 3109
2 4342 1525 4200
2 4342 3950 4353
2 4363 3990 2958
2 4342 3950 4353
2 3282 3990 635
2 1324 4342 4353
2 3905 3282 4359
2 1324 3905 2788
2 1324 1503 4342
2 3041 1503 1526
2 2455 2788 2312
2 1526 2455 2985
2 1526 3070 3041
2 3041 3070 1151
2 1151 1146 1150
2 899 4558 1146
2 3070 3029 904
2 3029 2985 4295
2 899 1156 4558
2 1156 1524 1500
2 2985 3813 4295
2 1528 3633 1524
2 2985 2312 3813
2 2312 2788 3162
2 2769 1528 1325
2 4352 3162 2788
2 2769 1528 1325
2 3633 1528 2769
2 1500 1524 3633
2 1967 4180 1500
2 798 1073 2560
2 2560 4017 2282
2 4180 1967 900
2 4069 4180 900
2 4069 1980 4559
2 4299 1980 2159
2 4350 2730 2159
2 4350 691 4351
2 693 1078 4066
2 693 694 4103
2 1078 4572 4555
2 4376 4552 4389
2 3336 4389 4552
2 3336 4552 1085
2 1078 4555 691
2 690 691 2559
2 4376 4552 4389
2 690 691 2559
2 690 688 4348
2 4586 688 4377
2 3261 4588 4389
2 2720 4586 4377
2 3467 668 2720
2 669 843 3467
2 3261 4588 4389
2 3336 4389 4552
2 635 843 669
2 3282 3990 635
2 3905 3282 4359
2 2635 1827 4059
2 4352 2788 4359
2 4352 4357 1325
2 2635 1827 4059
2 2329 636 2509
2 2635 1827 4059
2 4359 3534 1827
2 3534 635 3336
2 3336 4552 1085
2 1978 2249 1827
2 4059 2249 636
2 3336 4552 1085
2 4555 988 4552
2 2329 636 2509
2 4554 670 988
2 3383 844 670
2 2509 4361 2329
2 844 846 4178
2 4358 2329 4361
2 4358 4357 2635
2 3415 1321 3608
2 3415 1845 1321
2 1502 1321 1845
2 3979 1325 4357
2 1073 2769 3979
2 1073 4017 2560
2 1502 1321 1845
2 2560 4017 2282
2 900 2282 901
2 775 900 901
2 1989 1987 1088
2 775 4300 4069
2 1191 1980 4300
2 1191 4066 1078
2 694 4066 4183
2 1197 4300 1987
2 1989 1987 1088
2 4126 694 4183
2 1120 696 4126
2 84 1198 107
2 4302 107 1198
2 1120 696 4126
2 157 4587 4213
2 3920 696 4213
2 1120 696 4126
2 4126 694 4183
2 693 694 4103
2 4554 4572 4103
2 4553 3219 4388
2 4553 4388 3861
2 670 4554 3383
2 3383 844 670
2 844 846 4178
2 844 846 4178
2 1828 4585 2902
2 4178 3071 4361
2 3608 4357 3071
2 3415 1321 3608
2 1828 4585 2902
2 3415 1845 1321
2 1502 1321 1845
2 1502 4294 4017
2 4289 901 4294
2 4288 4289 124
2 105 124 1504
2 1845 3830 1632
2 4191 92 1504
2 4585 3830 3415
2 3968 4585 3604
2 4191 92 1504
2 882 92 115
2 3968 3378 92
2 3968 4585 3604
2 3604 846 4223
2 3378 1826 4048
2 845 156 133
2 115 3378 4048
2 115 4111 882
2 4111 1019 1460
2 845 156 133
2 1970 1460 1019
2 182 203 1970
2 1708 190 182
2 167 1970 156
2 845 156 133
2 845 4048 4223
2 846 3861 4223
2 4553 4388 3861
2 4587 4388 3920
2 1277 4223 4175
2 157 4587 4213
2 1277 1278 845
2 1708 167 1278
2 1708 1938 190
2 1938 1939 4457
2 1075 1940 1939
2 1113 1940 1075
2 1113 1917 1940
2 1917 197 1940
2 197 1813 4219
2 4219 1813 4000
2 463 4219 4000
2 463 4000 1814
2 463 1814 4469
2 552 463 4469
2 552 4469 3258
2 1257 552 3258
2 2875 1257 3258
2 4193 2875 3258
2 3977 4193 3258
2 3258 4469 3977
2 1659 3977 4469
2 4469 1814 1659
2 1659 1814 3681
2 3681 1810 1659
2 1810 3977 1659
2 4051 3977 1810
2 4051 1810 4473
2 4051 4473 559
2 559 4193 4051
2 4051 4193 3977
2 559 1259 4193
2 4193 1259 2875
2 2927 2875 1259
2 2964 2927 1259
2 2964 1259 4094
2 4094 2205 2964
2 2205 2451 2964
2 2964 2451 1995
2 1995 2927 2964
2 1995 3480 2927
2 3480 471 2927
2 471 714 2927
2 714 2875 2927
2 2875 714 1257
2 714 4119 1257
2 1257 4119 4117
2 4117 1556 1257
2 552 1257 1556
2 552 1556 3848
2 463 552 3848
2 3848 4219 463
2 3848 558 4219
2 558 3848 2995
2 3848 1556 2995
2 4120 2995 1556
2 4117 4120 1556
2 4117 3879 4120
2 4117 2657 3879
2 2020 3879 2657
2 2657 3354 2020
2 2082 2020 3354
2 2082 3354 2008
2 3765 2082 2008
2 1918 3765 2008
2 1918 2008 2929
2 2929 2008 3277
2 2929 3277 1518
2 2929 1518 3844
2 1518 2294 3844
2 3844 2294 1357
2 2421 3844 1357
2 2421 1357 3290
2 393 2421 3290
2 3819 393 3290
2 1841 3819 3290
2 1841 3290 394
2 1841 394 2690
2 704 1841 2690
2 2690 3575 704
2 3575 1204 704
2 704 1204 3681
2 704 3681 700
2 704 700 3750
2 3750 1841 704
2 1841 3750 3819
2 3819 3750 3657
2 393 3819 3657
2 393 3657 3783
2 3783 3500 393
2 2421 393 3500
2 3783 3657 392
2 3657 1768 392
2 3579 392 1768
2 3579 1768 4031
2 1535 4031 1768
2 1282 1535 1768
2 4054 1282 1768
2 1768 3657 4054
2 3750 4054 3657
2 4054 3750 700
2 3612 4054 700
2 3612 700 3681
2 3681 1200 3612
2 1615 3612 1200
2 1200 1662 1615
2 1662 4125 1615
2 4125 1535 1615
2 1282 1615 1535
2 1615 1282 3612
2 3612 1282 4054
2 4125 698 1535
2 3970 1535 698
2 239 3970 698
2 212 239 698
2 212 698 1665
2 212 1665 191
2 4176 1665 698
2 698 4125 4176
2 4176 4125 1662
2 4176 1662 4000
2 1813 4176 4000
2 1813 1665 4176
2 4000 1662 1200
2 1200 1814 4000
2 3681 1814 1200
2 1813 1665 4176
2 212 934 239
2 239 934 686
2 3970 239 686
2 4031 3970 686
2 4031 686 252
2 252 686 1563
2 3906 252 1563
2 3906 1563 1523
2 1731 1563 686
2 1731 686 934
2 4031 1535 3970
2 1731 686 934
2 3970 239 686
2 4031 1535 3970
2 698 4125 4176
2 4176 4125 1662
2 4000 1662 1200
2 1615 1282 3612
2 3681 1814 1200
2 3612 1282 4054
2 3612 1282 4054
2 1282 1615 1535
2 4031 1535 3970
2 1768 3657 4054
2 3750 4054 3657
2 4054 3750 700
2 3612 700 3681
2 3681 1204 1810
2 1204 3958 1810
2 3958 4473 1810
2 2762 4473 3958
2 2762 3958 4142
2 3751 2762 4142
2 4474 3751 4142
2 4474 4142 4580
2 4474 4580 4470
2 3438 4474 4470
2 4470 554 3438
2 554 2972 3438
2 3438 2972 3169
2 3851 3438 3169
2 3851 3169 715
2 3851 715 1258
2 3851 1258 2724
2 3851 2724 3751
2 4474 3851 3751
2 3851 4474 3438
2 3751 2724 2762
2 2762 2724 553
2 4473 2762 553
2 4473 553 559
2 553 4094 559
2 559 4094 1259
2 553 2724 4094
2 2724 1258 4094
2 2205 4094 1258
2 1258 759 2205
2 2205 759 2636
2 2451 2205 2636
2 2451 2636 3309
2 3309 2368 2451
2 2368 1995 2451
2 2368 3480 1995
2 2646 3480 2368
2 570 2646 2368
2 3309 570 2368
2 3309 2052 570
2 570 2052 3421
2 4096 570 3421
2 4096 3421 2212
2 1518 4096 2212
2 2212 2294 1518
2 2212 1037 2294
2 2294 1037 3535
2 2294 3535 1357
2 394 1357 3535
2 394 3535 2364
2 1769 394 2364
2 1769 2364 2637
2 3625 1769 2637
2 1842 3625 2637
2 3835 1842 2637
2 3835 2637 2877
2 2877 1039 3835
2 1039 1047 3835
2 1047 1842 3835
2 1840 1842 1047
2 395 1840 1047
2 1047 3947 395
2 3947 2784 395
2 2784 4156 395
2 395 4156 1843
2 395 1843 3693
2 395 3693 1840
2 3693 672 1840
2 1840 672 2422
2 1840 2422 1842
2 2422 2835 1842
2 1842 2835 3625
2 3625 2835 1911
2 1911 1769 3625
2 2690 1769 1911
2 2690 1911 1205
2 1205 3575 2690
2 1205 1664 3575
2 1664 1663 3575
2 3575 1663 1204
2 1663 3958 1204
2 4142 3958 1663
2 1664 4142 1663
2 4142 1664 702
2 4580 4142 702
2 4580 702 703
2 1660 4580 703
2 3324 1660 703
2 672 3324 703
2 703 2422 672
2 703 1280 2422
2 1280 2835 2422
2 2547 2835 1280
2 1280 702 2547
2 2547 702 1664
2 1664 1205 2547
2 2547 1205 1911
2 1911 2835 2547
2 703 702 1280
2 1911 2835 2547
2 703 702 1280
2 1281 3324 672
2 1281 672 2467
2 1281 2467 1585
2 3152 1281 1585
2 699 3152 1585
2 1585 1624 699
2 699 1624 2889
2 452 699 2889
2 452 2889 333
2 333 340 452
2 452 340 4476
2 4475 452 4476
2 4476 3193 4475
2 3193 4472 4475
2 4472 2482 4475
2 1203 4475 2482
2 2490 1203 2482
2 2490 2482 1661
2 1202 2490 1661
2 1811 1202 1661
2 1811 1661 4471
2 1811 4471 2507
2 2507 4477 1811
2 1660 1811 4477
2 1660 4477 4580
2 4470 4580 4477
2 4470 4477 2507
2 4470 2507 554
2 2507 555 554
2 554 555 2972
2 2972 555 4121
2 4121 716 2972
2 716 2374 2972
2 2972 2374 3169
2 2374 2727 3169
2 715 3169 2727
2 715 2727 759
2 759 1258 715
2 2727 758 759
2 759 758 2636
2 2636 758 472
2 2636 472 3309
2 3309 472 2052
2 472 3120 2052
2 2052 3120 2199
2 2052 2199 3421
2 3421 2199 3199
2 3421 3199 2212
2 2212 3199 1037
2 2843 1037 3199
2 2843 3199 2199
2 2843 2199 4482
2 4482 4154 2843
2 2462 2843 4154
2 4154 2364 2462
2 2462 2364 1037
2 1037 2843 2462
2 2364 3535 1037
2 2637 2364 4154
2 2877 2637 4154
2 2877 4154 3423
2 2877 3423 1039
2 3423 4570 1039
2 1039 4570 3947
2 1047 1039 3947
2 4570 2784 3947
2 4570 2137 2784
2 2784 2137 2390
2 2390 4156 2784
2 2390 2126 4156
2 2126 2010 4156
2 2550 4156 2010
2 1018 2550 2010
2 1018 2010 1023
2 1023 297 1018
2 297 304 1018
2 304 3252 1018
2 1018 3252 671
2 1018 671 2550
2 2550 671 1585
2 1843 2550 1585
2 1843 1585 2467
2 1843 2467 3693
2 3693 2467 672
2 1843 4156 2550
2 1624 1585 671
2 1624 671 3803
2 2889 1624 3803
2 333 2889 3803
2 333 3803 326
2 307 333 326
2 326 315 307
2 315 304 307
2 307 304 297
2 307 297 282
2 307 282 275
2 271 307 275
2 275 3797 271
2 271 3797 288
2 307 271 288
2 307 288 296
2 457 307 296
2 2679 457 296
2 2679 296 1898
2 1898 2354 2679
2 2354 2691 2679
2 2679 2691 318
2 2679 318 457
2 318 307 457
2 327 307 318
2 327 318 2691
2 2672 327 2691
2 2672 2691 1565
2 2672 1565 556
2 556 4472 2672
2 2672 4472 3193
2 2672 3193 4468
2 327 2672 4468
2 327 4468 337
2 327 337 307
2 307 337 347
2 307 347 340
2 307 340 333
2 340 347 4476
2 4476 347 4468
2 4468 3193 4476
2 4468 347 337
2 4468 347 337
2 4468 347 337
2 4468 3193 4476
2 556 3872 4472
2 4472 3872 555
2 555 4471 4472
2 1661 4472 4471
2 4472 1661 2482
2 2507 4471 555
2 3872 1564 555
2 4121 555 1564
2 2508 4121 1564
2 2508 1564 2041
2 2508 2041 525
2 2508 525 3705
2 2508 3705 3401
2 3401 4121 2508
2 716 4121 3401
2 716 3401 3035
2 716 3035 1785
2 716 1785 2374
2 1785 3585 2374
2 3585 2727 2374
2 758 2727 3585
2 2400 758 3585
2 572 2400 3585
2 3585 1785 572
2 2104 572 1785
2 2104 1785 2926
2 3746 2104 2926
2 4098 3746 2926
2 3705 4098 2926
2 3705 2926 3035
2 3035 3401 3705
2 1785 3035 2926
2 3705 483 4098
2 483 3632 4098
2 4098 3632 2113
2 4098 2113 3746
2 2113 3568 3746
2 3746 3568 3433
2 3433 2104 3746
2 2104 3433 1920
2 1920 1946 2104
2 1946 572 2104
2 1946 2400 572
2 3120 2400 1946
2 1946 4482 3120
2 3120 4482 2199
2 1946 1920 4482
2 4482 1920 3423
2 4154 4482 3423
2 1920 4570 3423
2 3433 4570 1920
2 4570 3433 2137
2 3568 2137 3433
2 2137 3568 4481
2 2390 2137 4481
2 4481 2126 2390
2 3461 2126 4481
2 4425 3461 4481
2 2920 4425 4481
2 3568 2920 4481
2 3632 2920 3568
2 3632 3568 2113
2 2448 2920 3632
2 2448 3632 483
2 3448 2448 483
2 1898 3448 483
2 1898 483 2893
2 2893 525 1898
2 1898 525 2354
2 525 1565 2354
2 2691 2354 1565
2 2041 1565 525
2 2041 556 1565
2 3872 556 2041
2 3872 2041 1564
2 2893 3705 525
2 3705 2893 483
2 3705 2893 483
2 571 3448 1898
2 1898 296 571
2 296 288 571
2 288 3797 571
2 542 571 3797
2 1922 542 3797
2 1922 3797 275
2 282 1922 275
2 1359 1922 282
2 1359 282 297
2 1359 297 1023
2 1359 1023 2270
2 3461 1359 2270
2 3461 2270 2126
2 2270 1023 2126
2 2126 1023 2010
2 3461 1922 1359
2 1922 3461 3864
2 3864 542 1922
2 3864 2448 542
2 2448 3448 542
2 3448 571 542
2 4425 2448 3864
2 3461 4425 3864
2 2448 4425 2920
2 3461 4425 3864
2 2270 1023 2126
2 3461 1922 1359
2 3864 542 1922
2 3448 571 542
2 3448 571 542
2 2448 3448 542
2 2448 4425 2920
2 2448 4425 2920
2 3461 4425 3864
2 3461 2270 2126
2 3568 2920 4481
2 472 2400 3120
2 758 2400 472
2 1946 1920 4482
2 3433 4570 1920
2 3568 2137 3433
2 3632 3568 2113
2 3632 3568 2113
2 2448 3632 483
2 3705 2893 483
2 4098 2113 3746
2 3433 2104 3746
2 1785 3035 2926
2 1946 572 2104
2 1946 2400 572
2 758 2400 472
2 3585 1785 572
2 1785 3035 2926
2 3035 3401 3705
2 3035 3401 3705
2 2893 3705 525
2 2041 1565 525
2 3872 2041 1564
2 3401 4121 2508
2 3872 2041 1564
2 3872 556 2041
2 2041 556 1565
2 2691 2354 1565
2 327 2672 4468
2 327 337 307
2 327 318 2691
2 2691 2354 1565
2 1898 525 2354
2 1898 296 571
2 2679 318 457
2 318 307 457
2 296 288 571
2 288 3797 571
2 1922 3797 275
2 307 271 288
2 282 1922 275
2 1359 282 297
2 315 3252 304
2 315 3803 3252
2 3252 3803 671
2 315 326 3803
2 315 326 3803
2 307 340 333
2 315 326 3803
2 3252 3803 671
2 3252 3803 671
2 315 3252 304
2 307 304 297
2 1359 297 1023
2 2126 1023 2010
2 1018 671 2550
2 1843 4156 2550
2 2126 1023 2010
2 4481 2126 2390
2 2390 2137 4481
2 4570 3433 2137
2 1920 4570 3423
2 4154 4482 3423
2 1037 2843 2462
2 4154 4482 3423
2 3120 4482 2199
2 1037 2843 2462
2 2843 3199 2199
2 3120 4482 2199
2 472 2400 3120
2 758 2400 472
2 758 2727 3585
2 3585 2727 2374
2 716 1785 2374
2 716 4121 3401
2 4121 555 1564
2 2507 4471 555
2 1811 1660 2206
2 2206 1202 1811
2 1202 2206 1281
2 1202 1281 2490
2 2490 1281 3152
2 2490 3152 699
2 2490 699 1203
2 1203 699 452
2 452 4475 1203
2 2206 3324 1281
2 2206 1660 3324
2 2206 1660 3324
2 4470 4477 2507
2 2507 4471 555
2 1661 4472 4471
2 2206 1202 1811
2 1202 1281 2490
2 4472 1661 2482
2 2490 699 1203
2 452 4475 1203
2 4472 1661 2482
2 2672 4472 3193
2 4468 3193 4476
2 452 4475 1203
2 340 347 4476
2 307 340 333
2 333 2889 3803
2 1203 699 452
2 2889 1624 3803
2 1624 1585 671
2 2490 3152 699
2 2490 1281 3152
2 1843 1585 2467
2 3693 2467 672
2 2206 3324 1281
2 2206 1660 3324
2 1660 4477 4580
2 703 702 1280
2 2547 702 1664
2 1664 4142 1663
2 1664 1205 2547
2 2547 1205 1911
2 1769 2690 394
2 1911 2835 2547
2 1280 2835 2422
2 703 2422 672
2 3693 2467 672
2 1843 2467 3693
2 1843 4156 2550
2 2390 4156 2784
2 4570 2784 3947
2 1047 1039 3947
2 395 3693 1840
2 1840 2422 1842
2 1047 1039 3947
2 2877 3423 1039
2 2877 2637 4154
2 1047 1842 3835
2 1842 2835 3625
2 1911 1769 3625
2 2637 2364 4154
2 1769 2690 394
2 2364 3535 1037
2 3290 1357 394
2 2364 3535 1037
2 2212 3199 1037
2 1518 4426 4096
2 570 4096 4426
2 570 4426 2646
2 4426 3277 2646
2 2646 3277 3580
2 3580 471 2646
2 2646 471 3480
2 3580 2657 471
2 2657 714 471
2 4119 714 2657
2 4119 2657 4117
2 3580 3354 2657
2 3354 3580 2008
2 3580 3277 2008
2 3580 3277 2008
2 3277 4426 1518
2 3277 4426 1518
2 3421 3199 2212
2 570 4096 4426
2 2052 2199 3421
2 3309 472 2052
2 570 4426 2646
2 2646 471 3480
2 3309 570 2368
2 2636 472 3309
2 759 758 2636
2 759 1258 715
2 553 2724 4094
2 2724 1258 4094
2 759 1258 715
2 715 3169 2727
2 3851 4474 3438
2 2972 2374 3169
2 554 555 2972
2 4470 2507 554
2 3851 4474 3438
2 4470 4580 4477
2 4580 4142 702
2 4474 3851 3751
2 3751 2724 2762
2 4142 3958 1663
2 4473 2762 553
2 1663 3958 1204
2 3575 1663 1204
2 1205 3575 2690
2 3750 1841 704
2 1769 2690 394
2 3290 1357 394
2 1841 3750 3819
2 393 3819 3657
2 2421 393 3500
2 3290 1357 394
2 2294 3535 1357
2 2212 2294 1518
2 3277 4426 1518
2 3580 3277 2008
2 3354 3580 2008
2 2082 3752 2020
2 3752 1947 2020
2 1947 3879 2020
2 1923 1947 3752
2 1945 1947 1923
2 3580 3354 2657
2 1947 3879 2020
2 4119 2657 4117
2 3848 1556 2995
2 4117 4120 1556
2 4119 2657 4117
2 4119 714 2657
2 2657 714 471
2 2646 471 3480
2 2368 3480 1995
2 2368 1995 2451
2 2451 2205 2636
2 2205 4094 1258
2 559 4094 1259
2 1995 2927 2964
2 714 2875 2927
2 559 4094 1259
2 4473 553 559
2 3958 4473 1810
2 4051 4193 3977
2 3681 1204 1810
2 3681 1814 1200
2 1810 3977 1659
2 4051 4193 3977
2 4193 1259 2875
2 2875 714 1257
2 552 1257 1556
2 3258 4469 3977
2 463 552 3848
2 4469 1814 1659
2 1200 1814 4000
2 3848 4219 463
2 1813 4176 4000
2 1813 1665 4176
2 212 1665 191
2 165 179 158
2 174 191 165
2 212 1665 191
2 212 934 239
2 1065 2575 1066
2 1731 686 934
2 1731 1563 686
2 3906 1563 1523
2 2293 3719 1731
2 255 257 4190
2 3849 4190 257
2 257 234 3849
2 257 3858 234
2 3824 234 3858
2 1929 3824 3858
2 3834 1929 3858
2 3858 3867 3834
2 619 3834 3867
2 3867 3799 619
2 3799 4109 619
2 4109 467 619
2 619 467 2450
2 3834 619 2450
2 3834 2450 2275
2 2275 4172 3834
2 3834 4172 1929
2 1929 4172 4224
2 3824 1929 4224
2 4090 3824 4224
2 4090 4224 4432
2 4434 4090 4432
2 815 4434 4432
2 4432 4436 815
2 4436 3469 815
2 815 3469 706
2 765 815 706
2 1009 765 706
2 1009 706 2439
2 1009 2439 1049
2 1009 1049 1008
2 4133 1009 1008
2 1008 1667 4133
2 3619 4133 1667
2 3619 1667 4005
2 242 3619 4005
2 4005 262 242
2 3914 242 262
2 3914 262 4225
2 4225 1322 3914
2 3914 1322 1311
2 3914 1311 1187
2 3914 1187 3882
2 3882 242 3914
2 242 3882 222
2 1562 242 222
2 205 1562 222
2 222 3882 205
2 842 205 3882
2 842 3882 4007
2 4007 4159 842
2 842 4159 151
2 842 151 1894
2 1894 184 842
2 205 842 184
2 4433 205 184
2 180 4433 184
2 180 184 1894
2 202 4433 180
2 202 4145 4433
2 4145 4090 4433
2 4439 4433 4090
2 4439 4090 4434
2 1562 4439 4434
2 4434 3965 1562
2 3965 3619 1562
2 1562 3619 242
2 3965 1284 3619
2 1284 4133 3619
2 1284 765 4133
2 1009 4133 765
2 765 1284 815
2 1284 3965 815
2 3965 4434 815
2 1284 3965 815
2 3965 4434 815
2 1562 205 4439
2 205 4433 4439
2 205 4433 4439
2 4145 3824 4090
2 211 3824 4145
2 211 4145 202
2 234 3824 211
2 211 4145 202
2 205 4433 4439
2 180 184 1894
2 1893 1894 151
2 1893 151 3776
2 1893 3776 531
2 531 1896 1893
2 1163 1893 1896
2 1896 4181 1163
2 4181 1162 1163
2 2947 4181 1896
2 3474 2947 1896
2 531 3474 1896
2 624 3474 531
2 624 531 4240
2 2785 624 4240
2 4315 2785 4240
2 4316 4315 4240
2 4316 4240 3711
2 3711 841 4316
2 841 3000 4316
2 3000 4315 4316
2 3008 4315 3000
2 3008 3000 3703
2 3008 3703 2988
2 3008 2988 4252
2 4252 2841 3008
2 3008 2841 4315
2 4315 2841 2785
2 2841 1668 2785
2 1668 1900 2785
2 2785 1900 624
2 624 1900 1936
2 624 1936 3474
2 3459 3474 1936
2 3459 1936 2340
2 3387 3459 2340
2 4310 3387 2340
2 1895 4310 2340
2 1900 1895 2340
2 1936 1900 2340
2 1897 1895 1900
2 1897 1900 2590
2 2590 4290 1897
2 530 1897 4290
2 4290 2763 530
2 2763 2196 530
2 530 2196 533
2 3429 530 533
2 533 1164 3429
2 3429 1164 1166
2 3124 3429 1166
2 3124 1166 2414
2 4311 3124 2414
2 2414 2442 4311
2 4311 2442 4309
2 4311 4309 2832
2 4311 2832 3870
2 4311 3870 3429
2 3429 3124 4311
2 530 3429 3870
2 1897 530 3870
2 3458 1897 3870
2 2832 3458 3870
2 2832 1895 3458
2 1897 3458 1895
2 4309 1895 2832
2 4309 1887 1895
2 1887 4310 1895
2 1887 3062 4310
2 719 4310 3062
2 719 3062 4581
2 719 4581 4346
2 719 4346 3873
2 719 3873 3387
2 719 3387 4310
2 3873 3250 3387
2 3459 3387 3250
2 2947 3459 3250
2 4181 2947 3250
2 3459 2947 3474
2 3802 3250 3873
2 3802 3873 4084
2 3873 4346 4084
2 3873 4346 4084
2 4107 4346 4581
2 4107 4581 1276
2 2443 4107 1276
2 2045 2443 1276
2 2045 1276 1513
2 2045 1513 2442
2 3676 2045 2442
2 3676 2442 2414
2 3676 2414 2521
2 1648 3676 2521
2 1648 2521 639
2 639 4093 1648
2 3964 1648 4093
2 1093 3964 4093
2 4093 1647 1093
2 2966 1093 1647
2 2966 1647 1309
2 2330 2966 1309
2 2330 1309 861
2 861 3403 2330
2 3436 2330 3403
2 946 3436 3403
2 946 3403 4378
2 4378 945 946
2 945 1915 946
2 1915 2611 946
2 4201 946 2611
2 2611 1794 4201
2 3315 4201 1794
2 1794 4380 3315
2 4380 858 3315
2 3315 858 3436
2 3436 4201 3315
2 946 4201 3436
2 2330 3436 858
2 2966 2330 858
2 1096 2966 858
2 858 3709 1096
2 1096 3709 1268
2 1096 1268 1093
2 1093 2966 1096
2 1268 3964 1093
2 3291 3964 1268
2 3291 1268 3149
2 2129 3291 3149
2 3208 2129 3149
2 3208 3149 4380
2 1794 3208 4380
2 4203 3208 1794
2 4203 1794 3518
2 3518 3894 4203
2 4203 3894 3256
2 3256 3208 4203
2 3256 4381 3208
2 3208 4381 2129
2 859 2129 4381
2 4381 2481 859
2 859 2481 1094
2 859 1094 2376
2 3291 859 2376
2 3291 2376 3964
2 1648 3964 2376
2 1648 2376 4135
2 4135 3676 1648
2 3676 4135 2219
2 2219 2045 3676
2 2219 2443 2045
2 2219 2503 2443
2 2443 2503 1097
2 2443 1097 4107
2 1095 4107 1097
2 1095 1097 2081
2 1095 2081 788
2 1649 1095 788
2 1649 4107 1095
2 1649 4346 4107
2 788 2081 1493
2 788 1493 4006
2 1493 857 4006
2 857 4410 4006
2 4006 4410 1269
2 1267 4006 1269
2 166 1267 1269
2 166 1269 160
2 166 160 187
2 166 187 183
2 166 183 4430
2 183 204 4430
2 4430 204 1789
2 3373 4430 1789
2 1789 1067 3373
2 3268 1067 1789
2 1789 235 3268
2 235 255 3268
2 235 3799 255
2 3867 255 3799
2 3867 257 255
2 3867 3858 257
2 235 4109 3799
2 235 216 4109
2 216 996 4109
2 4068 4109 996
2 996 1439 4068
2 1439 3738 4068
2 4068 3738 4206
2 4206 467 4068
2 4068 467 4109
2 4035 467 4206
2 4035 4206 3775
2 3775 2899 4035
2 4035 2899 1255
2 1255 2450 4035
2 467 4035 2450
2 1255 3355 2450
2 2275 2450 3355
2 1930 2275 3355
2 1931 1930 3355
2 3204 1931 3355
2 3204 3355 1255
2 2058 3204 1255
2 2058 1255 2899
2 2058 2899 3058
2 539 2058 3058
2 3058 4082 539
2 4082 630 539
2 539 630 3204
2 539 3204 2058
2 2472 3204 630
2 1975 2472 630
2 630 629 1975
2 1379 1975 629
2 2157 1379 629
2 620 2157 629
2 620 629 4082
2 620 4082 2729
2 2729 1159 620
2 540 620 1159
2 1159 3327 540
2 3327 4195 540
2 4195 1160 540
2 2896 540 1160
2 1160 3658 2896
2 3658 3507 2896
2 3487 2896 3507
2 3487 3507 628
2 628 1932 3487
2 4127 3487 1932
2 2173 4127 1932
2 2173 1932 3311
2 2173 3311 1380
2 2173 1380 540
2 2173 540 2896
2 2173 2896 4127
2 2896 3487 4127
2 540 1380 2157
2 620 540 2157
2 1380 1379 2157
2 1380 2556 1379
2 610 1379 2556
2 2556 823 610
2 823 2698 610
2 609 610 2698
2 609 2698 3636
2 609 3636 1974
2 609 1974 2472
2 1975 609 2472
2 1975 610 609
2 610 1975 1379
2 1974 1931 2472
2 2472 1931 3204
2 607 1931 1974
2 4431 607 1974
2 3636 4431 1974
2 4431 3636 4435
2 4431 4435 4436
2 4432 4431 4436
2 607 4431 4432
2 4432 2227 607
2 607 2227 1930
2 607 1930 1931
2 2227 4172 1930
2 1930 4172 2275
2 4224 4172 2227
2 4224 2227 4432
2 4224 2227 4432
2 3469 4436 4435
2 4435 1557 3469
2 1557 971 3469
2 3469 971 706
2 2439 706 971
2 2439 971 1824
2 2876 2439 1824
2 2876 1824 1050
2 1051 2876 1050
2 3514 1051 1050
2 1052 3514 1050
2 1050 4247 1052
2 1853 1052 4247
2 1853 4247 1130
2 1853 1130 3827
2 4123 1853 3827
2 1053 4123 3827
2 1053 3827 2065
2 1053 2065 3243
2 1053 3243 4123
2 4123 3243 911
2 4123 911 1052
2 1853 4123 1052
2 911 3514 1052
2 911 1132 3514
2 3514 1132 910
2 1051 3514 910
2 910 3231 1051
2 1051 3231 1686
2 1686 2876 1051
2 1686 1855 2876
2 2876 1855 2439
2 1855 1049 2439
2 1049 1855 4515
2 1049 4515 4505
2 1049 4505 1008
2 4505 1667 1008
2 4207 1667 4505
2 4207 4505 428
2 4207 428 905
2 4207 905 237
2 256 4207 237
2 3786 256 237
2 1413 3786 237
2 1413 237 208
2 208 3134 1413
2 3134 1890 1413
2 1890 3007 1413
2 1299 1413 3007
2 3007 225 1299
2 248 1299 225
2 173 248 225
2 225 196 173
2 173 196 170
2 173 170 149
2 173 149 119
2 173 119 99
2 173 99 97
2 173 97 117
2 117 139 173
2 162 173 139
2 1748 162 139
2 139 117 1748
2 117 3716 1748
2 1748 3716 791
2 1167 1748 791
2 1167 791 4159
2 4007 1167 4159
2 1443 1167 4007
2 4007 1187 1443
2 1187 178 1443
2 178 162 1443
2 162 1167 1443
2 162 1748 1167
2 178 173 162
2 173 178 195
2 195 224 173
2 247 173 224
2 247 224 3528
2 268 247 3528
2 3528 1371 268
2 1371 248 268
2 173 268 248
2 173 247 268
2 1371 1299 248
2 1299 1371 3786
2 3786 1413 1299
2 3786 1371 4225
2 4225 256 3786
2 4225 262 256
2 4207 256 262
2 4207 262 4005
2 1667 4207 4005
2 4225 1371 1322
2 1371 3528 1322
2 3528 1311 1322
2 224 1311 3528
2 1311 224 1187
2 1187 224 195
2 1187 195 178
2 1371 3528 1322
2 173 247 268
2 224 1311 3528
2 173 247 268
2 1187 224 195
2 1187 195 178
2 1187 195 178
2 3882 1187 4007
2 162 1167 1443
2 4138 4159 791
2 3716 4138 791
2 4138 3716 95
2 4138 95 134
2 4138 134 151
2 4138 151 4159
2 4317 151 134
2 3868 4317 134
2 3868 134 95
2 95 93 3868
2 93 4038 3868
2 3868 4038 841
2 841 4317 3868
2 3711 4317 841
2 3711 3776 4317
2 4317 3776 151
2 3711 4240 3776
2 531 3776 4240
2 4038 3216 841
2 3000 841 3216
2 3703 3000 3216
2 3216 3172 3703
2 4092 3703 3172
2 3172 3986 4092
2 4092 3986 450
2 1992 4092 450
2 1992 450 2447
2 1992 2447 4379
2 733 1992 4379
2 2341 733 4379
2 4379 1795 2341
2 1795 4043 2341
2 2341 4043 2988
2 2341 2988 733
2 4196 733 2988
2 2988 3703 4196
2 4196 3703 4092
2 1992 4196 4092
2 4196 1992 733
2 4196 1992 733
2 4252 2988 4043
2 4043 4253 4252
2 1969 4252 4253
2 4314 1969 4253
2 3595 4314 4253
2 2955 3595 4253
2 4043 2955 4253
2 2955 4043 1795
2 3256 2955 1795
2 3256 1795 4381
2 4381 1795 4379
2 4381 4379 2447
2 2447 860 4381
2 2481 4381 860
2 2503 2481 860
2 2503 860 1097
2 2081 1097 860
2 860 2447 2081
2 2081 2447 1493
2 1493 2447 450
2 1493 450 857
2 3986 857 450
2 731 857 3986
2 731 3986 3172
2 731 3172 729
2 730 731 729
2 116 730 729
2 116 729 93
2 116 93 3852
2 116 3852 3010
2 116 3010 4014
2 116 4014 136
2 116 136 730
2 1269 730 136
2 160 1269 136
2 160 136 4014
2 850 160 4014
2 850 4014 4236
2 3361 850 4236
2 4236 149 3361
2 3361 149 170
2 170 3866 3361
2 3866 1890 3361
2 3361 1890 3134
2 850 3361 3134
2 850 3134 187
2 187 160 850
2 208 187 3134
2 208 1440 187
2 187 1440 183
2 1440 204 183
2 1170 204 1440
2 1440 1733 1170
2 1170 1733 996
2 1170 996 216
2 216 204 1170
2 204 216 1789
2 235 1789 216
2 1439 996 1733
2 905 1439 1733
2 905 1733 208
2 905 208 237
2 1440 208 1733
2 905 428 1439
2 428 3738 1439
2 428 2880 3738
2 2880 3557 3738
2 3557 4206 3738
2 4206 3557 3034
2 3775 4206 3034
2 3775 3034 4160
2 4160 3032 3775
2 2899 3775 3032
2 3058 2899 3032
2 1364 3058 3032
2 3032 3524 1364
2 1172 1364 3524
2 1172 3524 1438
2 1438 1132 1172
2 1132 2705 1172
2 4239 1172 2705
2 1133 4239 2705
2 2705 3243 1133
2 3243 1732 1133
2 3647 1133 1732
2 1732 1174 3647
2 3647 1174 3624
2 3624 3592 3647
2 3647 3592 4239
2 3647 4239 1133
2 3592 2735 4239
2 2735 469 4239
2 1172 4239 469
2 1172 469 4179
2 1172 4179 1364
2 3058 1364 4179
2 3058 4179 1158
2 1158 4082 3058
2 2729 4082 1158
2 2729 1158 469
2 2729 469 2735
2 2735 1159 2729
2 1159 2735 3592
2 1159 3592 3327
2 3592 3624 3327
2 3327 3624 3583
2 4195 3327 3583
2 1160 4195 3583
2 1160 3583 3624
2 3624 4070 1160
2 1160 4070 3658
2 4070 997 3658
2 3658 997 1157
2 3658 1157 3507
2 1157 1161 3507
2 628 3507 1161
2 1161 3249 628
2 628 3249 2728
2 628 2728 1932
2 2728 1312 1932
2 1312 3496 1932
2 1932 3496 3311
2 3496 611 3311
2 1380 3311 611
2 2556 1380 611
2 3631 2556 611
2 3347 3631 611
2 3496 3347 611
2 821 3347 3496
2 821 3496 1312
2 1312 2343 821
2 2906 821 2343
2 819 2906 2343
2 2343 3784 819
2 3443 819 3784
2 3443 3784 2276
2 2276 276 3443
2 3946 3443 276
2 284 3946 276
2 284 276 4184
2 293 284 4184
2 4184 303 293
2 303 763 293
2 293 763 284
2 763 3946 284
2 4438 3946 763
2 4438 763 764
2 764 3112 4438
2 4438 3112 819
2 819 3443 4438
2 3946 4438 3443
2 2906 819 3112
2 3112 768 2906
2 2906 768 818
2 2906 818 821
2 817 821 818
2 976 817 818
2 818 768 976
2 768 3650 976
2 976 3650 3593
2 1555 976 3593
2 1555 3593 709
2 709 3717 1555
2 1555 3717 1561
2 1561 817 1555
2 817 976 1555
2 3347 817 1561
2 3347 1561 3631
2 3631 1561 823
2 823 2556 3631
2 823 1561 4437
2 4437 2698 823
2 4437 816 2698
2 816 3636 2698
2 3636 816 4435
2 1557 4435 816
2 816 1558 1557
2 1557 1558 708
2 1557 708 971
2 1824 971 708
2 4247 1824 708
2 708 1130 4247
2 1130 708 766
2 709 1130 766
2 3717 709 766
2 3717 766 1558
2 3717 1558 4437
2 1561 3717 4437
2 1558 816 4437
2 1558 766 708
2 1130 709 3827
2 709 1854 3827
2 3827 1854 2065
2 1054 2065 1854
2 3892 1054 1854
2 3892 1854 3912
2 3912 1055 3892
2 3892 1055 3983
2 3892 3983 3889
2 3892 3889 1054
2 1054 3889 913
2 1054 913 2065
2 3243 2065 913
2 3243 913 1732
2 1732 913 4074
2 1732 4074 1174
2 3860 1174 4074
2 3040 3860 4074
2 3040 4074 913
2 3889 3040 913
2 3890 3040 3889
2 3983 3890 3889
2 3983 4503 3890
2 3890 4503 1726
2 3890 1726 1173
2 3040 3890 1173
2 3040 1173 3860
2 3860 1173 4070
2 3624 3860 4070
2 1174 3860 3624
2 3697 4070 1173
2 3697 1173 1726
2 1307 3697 1726
2 1726 4504 1307
2 4027 1307 4504
2 4027 4504 4147
2 4027 4147 1171
2 3697 4027 1171
2 1171 997 3697
2 4070 3697 997
2 1365 997 1171
2 1171 1706 1365
2 1365 1706 1349
2 1365 1349 997
2 997 1349 1157
2 1349 1161 1157
2 1161 1349 4158
2 1161 4158 3249
2 4158 2935 3249
2 2935 4019 3249
2 3249 4019 2728
2 4019 4004 2728
2 2728 4004 1312
2 4004 2343 1312
2 1533 2343 4004
2 1533 4004 4019
2 1533 4019 3053
2 877 1533 3053
2 1377 877 3053
2 2704 1377 3053
2 2935 2704 3053
2 2935 3053 4019
2 2704 2935 4158
2 3512 2704 4158
2 3512 4158 4018
2 4018 314 3512
2 314 302 3512
2 2704 3512 302
2 292 2704 302
2 292 302 4184
2 4184 283 292
2 877 292 283
2 283 272 877
2 2276 877 272
2 2276 272 276
2 4184 276 272
2 272 283 4184
2 877 2276 1533
2 2276 3784 1533
2 3784 2343 1533
2 272 283 4184
2 1377 292 877
2 292 1377 2704
2 272 283 4184
2 4184 302 314
2 4184 314 322
2 4184 322 334
2 341 4184 334
2 3825 341 334
2 3825 334 3862
2 1767 3825 3862
2 1767 3862 1706
2 1767 1706 1171
2 4147 1767 1171
2 4147 3825 1767
2 4147 906 3825
2 344 3825 906
2 344 906 908
2 344 908 328
2 4184 344 328
2 328 323 4184
2 4184 323 312
2 4184 312 303
2 312 3729 303
2 3729 1207 303
2 763 303 1207
2 763 1207 3356
2 763 3356 764
2 3356 4248 764
2 4248 710 764
2 764 710 3112
2 3112 710 768
2 3650 768 710
2 3348 3650 710
2 3348 710 4248
2 4248 4091 3348
2 3348 4091 1055
2 3912 3348 1055
2 3650 3348 3912
2 3593 3650 3912
2 1854 3593 3912
2 1854 709 3593
2 1055 4091 3983
2 4091 1056 3983
2 3983 1056 4504
2 3983 4504 4503
2 4504 1726 4503
2 1852 4504 1056
2 1056 3728 1852
2 1852 3728 1273
2 1852 1273 907
2 907 4504 1852
2 907 4147 4504
2 908 4147 907
2 907 1273 908
2 1273 323 908
2 323 328 908
2 3729 323 1273
2 3729 1273 3728
2 3729 3728 1207
2 1207 3728 3356
2 3356 3728 4248
2 3728 4091 4248
2 3728 1056 4091
2 3729 312 323
2 906 4147 908
2 907 1273 908
2 3729 1273 3728
2 3728 1056 4091
2 907 4504 1852
2 3728 1056 4091
2 3728 4091 4248
2 3650 3348 3912
2 3348 710 4248
2 3356 3728 4248
2 1207 3728 3356
2 3729 3728 1207
2 3729 312 323
2 3729 312 323
2 323 328 908
2 4184 341 344
2 344 341 3825
2 323 328 908
2 906 4147 908
2 344 341 3825
2 906 4147 908
2 3862 1705 1706
2 1706 1705 1349
2 1349 1705 4158
2 4018 4158 1705
2 4018 1705 3862
2 3862 334 4018
2 4018 334 322
2 4018 322 314
2 4018 1705 3862
2 4147 3825 1767
2 3862 334 4018
2 344 341 3825
2 4184 341 344
2 4018 334 322
2 4018 322 314
2 292 1377 2704
2 4184 302 314
2 4018 322 314
2 4018 4158 1705
2 2704 3512 302
2 292 1377 2704
2 1377 292 877
2 877 2276 1533
2 2935 3053 4019
2 3784 2343 1533
2 1533 4004 4019
2 2935 3053 4019
2 2704 2935 4158
2 1349 1705 4158
2 1706 1705 1349
2 1767 1706 1171
2 1365 1349 997
2 4027 3697 1307
2 4147 1767 1171
2 907 4147 4504
2 4027 3697 1307
2 4504 1726 4503
2 4027 3697 1307
2 4070 3697 997
2 3697 1173 1726
2 4504 1726 4503
2 3983 4504 4503
2 3040 3890 1173
2 3040 1173 3860
2 1174 3860 3624
2 3040 4074 913
2 3889 3040 913
2 3983 3890 3889
2 1055 4091 3983
2 3912 3348 1055
2 1854 3593 3912
2 3892 3889 1054
2 1054 913 2065
2 1854 709 3593
2 1558 766 708
2 1824 4247 1050
2 1558 766 708
2 1558 816 4437
2 1558 816 4437
2 1561 3717 4437
2 817 3347 821
2 1561 3717 4437
2 3717 709 766
2 1854 709 3593
2 817 976 1555
2 3593 3650 3912
2 3650 768 710
2 817 976 1555
2 817 3347 821
2 818 768 976
2 3112 710 768
2 764 710 3112
2 763 3356 764
2 3946 4438 3443
2 763 303 1207
2 4184 312 303
2 293 763 284
2 4184 276 272
2 763 3946 284
2 3946 4438 3443
2 2276 272 276
2 2276 3784 1533
2 819 3443 4438
2 3784 2343 1533
2 2906 819 3112
2 2906 818 821
2 4004 2343 1312
2 817 3347 821
2 3347 1561 3631
2 823 2556 3631
2 3496 3347 611
2 821 3496 1312
2 2728 4004 1312
2 3249 4019 2728
2 1161 4158 3249
2 1349 1161 1157
2 997 1349 1157
2 4070 3697 997
2 3624 3860 4070
2 1160 3583 3624
2 469 1158 4179
2 469 1158 4179
2 469 1158 4179
2 2729 469 2735
2 1159 2735 3592
2 3592 3624 3327
2 1174 3860 3624
2 1732 4074 1174
2 3647 4239 1133
2 3243 913 1732
2 2705 911 3243
2 911 2705 1132
2 3647 4239 1133
2 1172 4239 469
2 911 2705 1132
2 910 1132 1438
2 1438 3231 910
2 1438 3263 3231
2 3231 3263 1686
2 1686 3263 4515
2 4515 1855 1686
2 4515 3263 4505
2 4505 3263 2880
2 2880 428 4505
2 3263 3557 2880
2 3263 2190 3557
2 2190 3034 3557
2 3034 2190 4160
2 3093 4160 2190
2 3263 3093 2190
2 1438 3093 3263
2 3524 3093 1438
2 3093 3524 4160
2 3524 3032 4160
2 3093 3524 4160
2 3263 3093 2190
2 1438 3093 3263
2 3524 3093 1438
2 1172 4179 1364
2 3524 3032 4160
2 3058 1364 4179
2 3524 3032 4160
2 3034 2190 4160
2 2190 3034 3557
2 3263 3557 2880
2 2880 428 4505
2 1440 208 1733
2 216 204 1170
2 1440 208 1733
2 1890 3866 3007
2 3007 3866 196
2 3007 196 225
2 3866 170 196
2 3866 170 196
2 4235 149 4236
2 4235 4236 3010
2 4235 3010 1374
2 4235 1374 119
2 4235 119 149
2 99 119 1374
2 1374 97 99
2 1403 97 1374
2 3852 1403 1374
2 3010 3852 1374
2 3863 1403 3852
2 93 3863 3852
2 95 3863 93
2 95 3716 3863
2 3863 3716 1403
2 117 1403 3716
2 97 1403 117
2 3863 3716 1403
2 97 1403 117
2 3010 3852 1374
2 4014 3010 4236
2 4235 119 149
2 850 3361 3134
2 4014 3010 4236
2 187 160 850
2 4410 730 1269
2 731 730 4410
2 857 731 4410
2 160 136 4014
2 4014 3010 4236
2 3010 3852 1374
2 93 3863 3852
2 93 729 4038
2 3172 4038 729
2 3172 3216 4038
2 116 136 730
2 731 730 4410
2 3172 4038 729
2 857 731 4410
2 2503 1094 2481
2 1094 2503 2219
2 2219 4135 1094
2 4135 2376 1094
2 860 2447 2081
2 1793 2955 3256
2 3256 3894 1793
2 3894 2888 1793
2 3595 1793 2888
2 2888 4313 3595
2 3595 4313 4314
2 2763 4314 4313
2 2196 2763 4313
2 2196 4313 1436
2 2196 1436 529
2 2196 529 533
2 2057 533 529
2 3287 2057 529
2 529 2822 3287
2 2822 682 3287
2 2907 3287 682
2 682 2840 2907
2 2840 3377 2907
2 681 2907 3377
2 681 3377 4261
2 4261 4076 681
2 4291 681 4076
2 4291 4076 4312
2 4291 4312 3589
2 478 4291 3589
2 3589 14 478
2 7 478 14
2 14 2225 7
2 12 7 2225
2 2225 22 12
2 3379 12 22
2 3379 22 2402
2 1937 3379 2402
2 2823 1937 2402
2 2402 2218 2823
2 2218 3919 2823
2 2823 3919 4234
2 1935 2823 4234
2 2096 1935 4234
2 3919 2096 4234
2 3919 1512 2096
2 1512 1166 2096
2 1166 1164 2096
2 1164 2831 2096
2 2096 2831 1935
2 532 1935 2831
2 2057 532 2831
2 1164 2057 2831
2 2057 1164 533
2 532 2057 3287
2 2919 532 3287
2 2919 3287 2907
2 681 2919 2907
2 681 1892 2919
2 1892 1935 2919
2 532 2919 1935
2 1937 1935 1892
2 2031 1937 1892
2 1892 4291 2031
2 478 2031 4291
2 2031 478 3379
2 1937 2031 3379
2 3379 478 12
2 7 12 478
2 1892 681 4291
2 1937 2031 3379
2 1937 2823 1935
2 1892 681 4291
2 532 2919 1935
2 532 2919 1935
2 1164 2057 2831
2 3322 1166 1512
2 1512 3457 3322
2 3322 3457 639
2 3322 639 2414
2 3322 2414 1166
2 639 2521 2414
2 4093 639 3457
2 3457 544 4093
2 544 1647 4093
2 544 4062 1647
2 1647 4062 3014
2 3014 738 1647
2 1647 738 1309
2 1309 738 861
2 738 970 861
2 820 861 970
2 2974 820 970
2 79 2974 970
2 79 970 78
2 79 78 2225
2 2225 69 79
2 3545 79 69
2 69 1790 3545
2 3180 3545 1790
2 3180 1790 2393
2 3180 2393 839
2 2673 3180 839
2 1915 2673 839
2 1791 1915 839
2 3377 1791 839
2 3377 839 4261
2 4261 839 2430
2 2430 4076 4261
2 2430 4312 4076
2 2633 4312 2430
2 2430 3520 2633
2 2633 3520 46
2 46 31 2633
2 2633 31 23
2 4312 2633 23
2 3589 4312 23
2 3589 23 14
2 23 2225 14
2 23 31 2225
2 31 46 2225
2 2225 46 59
2 59 69 2225
2 59 1790 69
2 3520 1790 59
2 46 3520 59
2 1790 3520 2393
2 2430 2393 3520
2 2430 839 2393
2 46 3520 59
2 23 31 2225
2 31 46 2225
2 46 3520 59
2 2430 2393 3520
2 4312 2633 23
2 2430 839 2393
2 2840 1791 3377
2 2840 840 1791
2 840 1915 1791
2 840 2611 1915
2 1794 2611 840
2 1794 840 1792
2 1794 1792 3518
2 2888 3518 1792
2 2888 1792 2562
2 2562 1436 2888
2 4313 2888 1436
2 2822 1436 2562
2 2822 2562 682
2 2562 2840 682
2 2562 840 2840
2 840 2562 1792
2 1436 2822 529
2 840 2562 1792
2 3894 3518 2888
2 840 2562 1792
2 2562 840 2840
2 840 1915 1791
2 1915 945 2673
2 945 3180 2673
2 945 3545 3180
2 945 2974 3545
2 3545 2974 79
2 2974 945 4378
2 820 2974 4378
2 4378 3381 820
2 820 3381 861
2 3381 3403 861
2 3403 3381 4378
2 3403 3381 4378
2 945 3180 2673
2 2430 839 2393
2 1790 3520 2393
2 945 3545 3180
2 59 1790 69
2 3545 2974 79
2 59 69 2225
2 2225 78 67
2 2225 67 58
2 45 2225 58
2 58 1256 45
2 1256 30 45
2 2225 45 30
2 30 22 2225
2 22 30 2402
2 30 1083 2402
2 2402 1083 2218
2 2218 1083 2303
2 4062 2218 2303
2 3014 4062 2303
2 1646 3014 2303
2 1646 2303 1256
2 1646 1256 58
2 58 2114 1646
2 738 1646 2114
2 2092 738 2114
2 2092 2114 67
2 78 2092 67
2 970 2092 78
2 970 738 2092
2 2114 58 67
2 970 738 2092
2 1646 738 3014
2 2114 58 67
2 1083 1256 2303
2 1083 30 1256
2 1646 738 3014
2 2218 4062 3919
2 4062 544 3919
2 1512 3919 544
2 1512 544 3457
2 1083 1256 2303
2 1083 30 1256
2 1083 30 1256
2 1646 1256 58
2 2225 45 30
2 2114 58 67
2 78 2092 67
2 970 2092 78
2 3545 2974 79
2 820 2974 4378
2 820 3381 861
2 970 738 2092
2 1646 738 3014
2 3014 4062 2303
2 4062 544 3919
2 1512 544 3457
2 1512 544 3457
2 3322 2414 1166
2 1512 3919 544
2 2096 2831 1935
2 1937 2823 1935
2 3919 2096 4234
2 2218 4062 3919
2 2402 1083 2218
2 1937 2823 1935
2 1937 2031 3379
2 22 30 2402
2 3379 478 12
2 30 22 2225
2 7 12 478
2 23 2225 14
2 7 12 478
2 3589 23 14
2 478 2031 4291
2 3589 4312 23
2 2430 4312 4076
2 1892 681 4291
2 2430 4076 4261
2 3377 839 4261
2 681 2919 2907
2 2840 1791 3377
2 2562 2840 682
2 2919 3287 2907
2 2822 2562 682
2 1436 2822 529
2 532 2057 3287
2 2057 1164 533
2 1436 2822 529
2 4313 2888 1436
2 4290 4314 2763
2 4314 4290 1969
2 2590 1969 4290
2 1668 1969 2590
2 1900 1668 2590
2 1668 2841 1969
2 4252 1969 2841
2 4313 2888 1436
2 2955 1793 3595
2 3894 3518 2888
2 2955 1793 3595
2 2955 1793 3595
2 3595 4313 4314
2 4314 4290 1969
2 4252 1969 2841
2 4043 2955 4253
2 2955 4043 1795
2 4381 1795 4379
2 2341 2988 733
2 4196 1992 733
2 4381 4379 2447
2 1493 2447 450
2 1992 4196 4092
2 3986 857 450
2 731 3986 3172
2 4196 3703 4092
2 3172 3216 4038
2 3172 3216 4038
2 93 729 4038
2 95 3863 93
2 841 4317 3868
2 4317 3776 151
2 3868 134 95
2 95 3716 3863
2 4138 151 4159
2 162 1748 1167
2 3716 4138 791
2 117 1403 3716
2 162 1748 1167
2 178 173 162
2 139 117 1748
2 97 1403 117
2 1374 97 99
2 99 119 1374
2 4235 119 149
2 3361 149 170
2 3866 170 196
2 3007 196 225
2 173 268 248
2 1371 1299 248
2 3007 196 225
2 3786 1413 1299
2 1890 3866 3007
2 3361 1890 3134
2 208 187 3134
2 905 208 237
2 3786 1413 1299
2 4225 256 3786
2 4207 256 262
2 905 208 237
2 905 428 1439
2 2880 428 4505
2 1667 4207 4005
2 4515 3263 4505
2 4515 1855 1686
2 4515 1855 1686
2 3231 3263 1686
2 1438 3231 910
2 910 1132 1438
2 911 2705 1132
2 2705 911 3243
2 3243 2065 913
2 3827 1854 2065
2 1053 3243 4123
2 1853 4123 1052
2 1130 709 3827
2 708 1130 4247
2 1853 4123 1052
2 1824 4247 1050
2 911 3514 1052
2 1051 3514 910
2 1686 2876 1051
2 1824 4247 1050
2 2876 1855 2439
2 1824 971 708
2 1557 708 971
2 1557 4435 816
2 3636 816 4435
2 607 4431 4432
2 607 1930 1931
2 3636 4431 1974
2 816 3636 2698
2 1975 610 609
2 4437 2698 823
2 823 2556 3631
2 610 1975 1379
2 2556 1380 611
2 1380 3311 611
2 1932 3496 3311
2 2173 2896 4127
2 2896 3487 4127
2 628 2728 1932
2 628 3507 1161
2 2896 3487 4127
2 3658 1157 3507
2 1160 4070 3658
2 2173 540 2896
2 1160 4195 3583
2 4195 3327 3583
2 1159 3592 3327
2 620 540 2157
2 2735 1159 2729
2 2729 4082 1158
2 630 4082 629
2 620 540 2157
2 1380 1379 2157
2 610 1975 1379
2 630 4082 629
2 1975 609 2472
2 2472 1931 3204
2 630 4082 629
2 1158 4082 3058
2 539 3204 2058
2 3058 2899 3032
2 539 3204 2058
2 2472 1931 3204
2 607 1930 1931
2 1930 4172 2275
2 3204 3355 1255
2 2058 1255 2899
2 2899 3775 3032
2 3775 4206 3034
2 467 4035 2450
2 3557 4206 3738
2 428 3738 1439
2 1439 996 1733
2 4068 467 4109
2 1170 996 216
2 235 1789 216
2 235 1789 216
2 204 216 1789
2 1440 204 183
2 187 1440 183
2 187 160 850
2 160 1269 136
2 166 3778 1267
2 166 145 3778
2 113 3778 145
2 3710 3778 113
2 4410 730 1269
2 857 731 4410
2 1493 450 857
2 2081 2447 1493
2 2081 1097 860
2 1649 4107 1095
2 2503 860 1097
2 1094 2503 2219
2 2219 4135 1094
2 4135 2376 1094
2 3291 2129 859
2 4135 2376 1094
2 2503 1094 2481
2 2481 4381 860
2 3291 2129 859
2 3256 1795 4381
2 3256 3894 1793
2 3894 3518 2888
2 1794 1792 3518
2 3256 3208 4203
2 3149 1268 4380
2 1268 3709 4380
2 4380 3709 858
2 3208 4381 2129
2 3291 2129 859
2 3149 1268 4380
2 3291 2376 3964
2 1268 3709 4380
2 4380 3709 858
2 1093 2966 1096
2 4380 3709 858
2 1794 3208 4380
2 3436 4201 3315
2 1794 2611 840
2 946 4201 3436
2 840 2611 1915
2 1915 945 2673
2 2974 945 4378
2 3403 3381 4378
2 946 4201 3436
2 2330 3436 858
2 3381 3403 861
2 1309 738 861
2 2966 2330 858
2 1647 738 1309
2 1093 2966 1096
2 544 1647 4093
2 1268 3964 1093
2 1648 3964 2376
2 4093 639 3457
2 639 2521 2414
2 4135 3676 1648
2 639 2521 2414
2 2219 2045 3676
2 2442 1513 4309
2 1513 1887 4309
2 3062 1887 1513
2 1276 3062 1513
2 1276 4581 3062
2 1276 3062 1513
2 2219 2443 2045
2 2443 1097 4107
2 1276 4581 3062
2 1649 4346 4107
2 1276 4581 3062
2 719 3387 4310
2 3062 1887 1513
2 1513 1887 4309
2 1897 3458 1895
2 2832 3458 3870
2 4309 1895 2832
2 2442 1513 4309
2 3676 2442 2414
2 3429 3124 4311
2 3322 2414 1166
2 3429 3124 4311
2 1166 1164 2096
2 2057 1164 533
2 530 3429 3870
2 2196 529 533
2 2196 2763 4313
2 4290 4314 2763
2 1897 530 3870
2 2590 1969 4290
2 1900 1668 2590
2 1897 3458 1895
2 1887 4310 1895
2 719 3387 4310
2 3459 3387 3250
2 1936 1900 2340
2 3459 2947 3474
2 1936 1900 2340
2 1900 1668 2590
2 1668 2841 1969
2 4252 1969 2841
2 4252 2988 4043
2 2988 3703 4196
2 3703 3000 3216
2 3008 2841 4315
2 3000 841 3216
2 3711 4317 841
2 3711 4240 3776
2 3000 4315 4316
2 4315 2841 2785
2 2785 1900 624
2 531 3776 4240
2 624 1936 3474
2 3459 2947 3474
2 4181 2947 3250
2 1163 1894 1893
2 531 3474 1896
2 531 3776 4240
2 4317 3776 151
2 1163 1894 1893
2 4138 151 4159
2 4007 1167 4159
2 3882 1187 4007
2 205 842 184
2 1562 205 4439
2 1562 3619 242
2 222 3882 205
2 3882 1187 4007
2 1311 224 1187
2 3528 1311 1322
2 4225 1371 1322
2 4225 262 256
2 3882 242 3914
2 4207 262 4005
2 1562 3619 242
2 1667 4207 4005
2 1284 4133 3619
2 4505 1667 1008
2 1009 4133 765
2 1049 4505 1008
2 1855 1049 2439
2 2439 706 971
2 1009 4133 765
2 765 1284 815
2 3469 971 706
2 3469 4436 4435
2 4432 4431 4436
2 3965 4434 815
2 4439 4090 4434
2 4224 2227 4432
2 4145 3824 4090
2 4224 4172 2227
2 1930 4172 2275
2 2275 2450 3355
2 467 4035 2450
2 4068 467 4109
2 235 4109 3799
2 3867 255 3799
2 3834 619 2450
2 3867 3858 257
2 3834 4172 1929
2 3824 1929 4224
2 234 3824 211
2 3867 3858 257
2 3867 257 255
2 235 255 3268
2 2836 2291 2293
2 2293 1731 3020
2 3020 934 2575
2 3268 1067 1789
2 1789 1067 3373
2 1065 2575 1066
2 3373 4430 1789
2 166 183 4430
2 166 145 3778
2 785 4417 786
2 113 3778 145
2 113 4155 88
2 4417 961 1666
2 113 4155 88
2 94 4347 2579
2 4347 94 2632
2 113 4155 88
2 3710 3778 113
2 3710 3778 113
2 166 3778 1267
2 1267 4006 1269
2 788 1493 4006
2 1649 1095 788
2 789 3710 790
2 1649 4346 4107
2 3873 4346 4084
2 790 3710 2579
2 3802 3873 4084
2 94 4347 2579
2 3802 3250 3873
2 4347 94 2632
2 4181 2947 3250
2 4181 1162 1163
2 4347 94 2632
2 4218 125 94
2 4181 1162 1163
2 1906 164 146
2 1163 1894 1893
2 180 184 1894
2 1906 164 146
2 202 4433 180
2 801 1116 1906
2 801 1118 1116
2 1114 1116 1118
2 1118 1115 1114
2 3395 1115 1118
2 744 3395 1118
2 801 744 1118
2 1114 1409 1116
2 1407 1409 1114
2 801 744 1118
2 1114 1409 1116
2 211 4145 202
2 234 3824 211
2 257 234 3849
2 1407 1409 1114
2 3849 4190 257
2 4190 2291 2836
2 3721 1523 2291
2 1407 1409 1114
2 1118 1115 1114
2 3721 1523 2291
2 3906 1563 1523
2 1408 1250 1115
2 221 1250 1408
2 201 221 1408
2 201 1408 1907
2 201 4569 221
2 232 221 4569
2 4165 232 4569
2 4569 4483 4165
2 2851 4165 4483
2 4165 2851 391
2 232 4165 391
2 4429 4483 4569
2 4429 4569 1943
2 201 1943 4569
2 232 4165 391
2 232 1250 221
2 201 1943 4569
2 232 1250 221
2 3906 252 1563
2 232 1250 221
2 232 4165 391
2 4031 686 252
2 3579 1768 4031
2 4165 2851 391
2 3579 392 1768
2 3783 3657 392
2 3783 3500 393
2 2421 393 3500
2 2421 3844 1357
2 2929 1518 3844
2 1918 2008 2929
2 3158 2790 3500
2 1918 3765 2008
2 3158 3500 1361
2 1361 392 2851
2 2851 4165 4483
2 3158 3605 3765
2 3765 2082 2008
2 2082 3752 2020
2 1923 1947 3752
2 1921 3605 4483
2 4429 4483 4569
2 1945 1947 1923
2 4429 4569 1943
2 1945 1947 1923
2 1947 3879 2020
2 4117 3879 4120
2 4120 2995 1556
2 4118 4120 4041
2 1947 218 4041
2 264 4041 4556
2 2995 4118 264
2 558 3848 2995
2 3848 558 4219
2 197 1813 4219
2 197 4458 1940
2 4459 4458 1701
2 558 244 219
2 1516 411 1701
2 244 264 3989
2 2440 3989 640
2 3989 2292 1516
2 1516 411 1701
2 410 1735 265
2 411 4467 4459
2 4467 215 4457
2 215 4514 4211
2 4514 253 1519
2 4571 215 410
2 410 1735 265
2 4514 253 1519
2 243 1630 1519
2 410 1735 265
2 2292 2440 1735
2 2440 3989 640
2 640 4556 218
2 1945 541 218
2 4445 4423 4421
2 3836 4445 4421
2 3836 4421 4424
2 4424 4446 3836
2 3836 4446 1567
2 4557 1567 4446
2 783 4446 4424
2 640 4444 1644
2 3836 4445 4421
2 1644 3888 2440
2 3836 4446 1567
2 2440 3888 1645
2 1645 243 265
2 243 4030 1630
2 661 1607 4030
2 4557 1567 4446
2 956 1607 661
2 199 956 4565
2 4557 1567 4446
2 199 4565 4562
2 783 4446 4424
2 144 127 4303
2 4288 4562 902
2 776 901 902
2 1088 775 776
2 1989 1987 1088
2 4183 1989 1198
2 4302 107 1198
2 776 4303 1985
2 144 127 4303
2 4302 107 1198
2 4204 1653 127
2 464 3201 1779
2 84 1198 107
2 3266 1120 84
2 102 578 121
2 3266 4213 696
2 157 4587 4213
2 3732 1938 157
2 102 578 121
2 1938 3732 1089
2 4416 1075 1089
2 3201 578 84
2 2286 3201 464
2 1543 1075 4416
2 1638 2286 3620
2 1543 130 1075
2 991 130 4374
2 991 130 4374
2 991 158 130
2 165 179 158
2 150 174 165
2 158 4400 4408
2 581 4400 1697
2 1292 150 4408
2 174 150 4420
2 1065 1066 4420
2 785 3373 1065
2 4153 852 4148
2 785 4417 786
2 4417 961 1666
2 4153 852 4148
2 1720 2866 109
2 132 852 150
2 1848 132 1740
2 3023 109 87
2 90 3023 87
2 90 3023 87
2 1720 3023 4081
2 90 4334 114
2 4199 1860 114
2 4024 4245 1856
2 1860 131 114
2 4081 114 131
2 1720 3023 4081
2 1720 4174 2866
2 2910 2978 2554
2 3878 2866 4174
2 4148 3878 961
2 4155 961 2605
2 2910 2978 2554
2 2605 94 4155
2 4218 125 94
2 2910 2554 680
2 3816 4136 680
2 2953 4218 2910
2 4218 125 94
2 1162 125 146
2 1906 164 146
2 801 1116 1906
2 4136 1505 2953
2 801 744 1118
2 3816 4136 680
2 3816 131 802
2 744 3395 1118
2 802 1060 1117
2 3395 1115 1118
2 1408 1250 1115
2 201 1408 1907
2 802 1060 1117
2 201 1408 1907
2 201 1943 4569
2 1943 541 1945
2 4422 4444 541
2 4444 4422 4423
2 4589 1770 4423
2 4445 4423 4421
2 3836 4421 4424
2 783 4446 4424
2 1653 4204 783
2 1653 3675 1779
2 4421 741 740
2 1770 3743 741
2 464 1779 3675
2 3715 3620 464
2 470 3743 1770
2 3715 3620 464
2 1638 3620 100
2 470 1770 4589
2 470 129 100
2 4304 4339 3921
2 4339 4304 4331
2 4339 4331 1444
2 3887 4339 1444
2 1444 4331 3900
2 3897 1444 3900
2 3900 4331 4340
2 3887 4339 1444
2 1638 3620 100
2 1638 108 1543
2 4060 130 108
2 86 100 3887
2 3887 4339 1444
2 3897 1444 3900
2 4374 4060 4373
2 995 4373 893
2 995 4373 893
2 995 1697 991
2 3413 4399 1703
2 3937 1538 4399
2 581 4400 1697
2 581 1740 1292
2 3937 437 1538
2 1848 132 1740
2 1848 4334 87
2 1330 4334 4345
2 2459 437 1599
2 3975 4344 1599
2 2848 1868 4584
2 1599 4344 4345
2 1330 4334 4345
2 1304 1856 1330
2 1326 4345 4584
2 2848 1868 4584
2 1868 1867 1858
2 1858 4267 3146
2 1859 1304 1326
2 1062 1304 2990
2 2990 3842 4270
2 1858 4267 3146
2 2990 3842 4270
2 4024 4270 4266
2 4024 4266 4245
2 4245 1060 131
2 169 1907 1060
2 4422 169 4589
2 4266 1402 4272
2 3921 129 4589
2 4304 4339 3921
2 1402 4266 1406
2 4339 4304 4331
2 3900 4331 4340
2 3900 4331 4340
2 3897 1444 3900
2 3897 4369 4373
2 4367 1022 782
2 4369 4371 893
2 994 4371 3030
2 782 4365 4367
2 994 3030 1798
2 994 1798 1702
2 1702 3413 1703
2 3237 1959 4407
2 3937 4399 3413
2 3937 437 1538
2 2459 437 1599
2 3936 3975 1599
2 3237 1959 4407
2 3936 3910 3975
2 4335 3910 747
2 4335 3910 747
2 4335 2725 2848
2 2946 2725 1871
2 1871 4246 4268
2 4246 1405 4268
2 1405 4246 4209
2 1405 4246 4209
2 1405 4246 4209
2 1405 1949 2776
2 2776 3790 1405
2 4216 3790 2776
2 1949 4216 2776
2 1949 4216 2776
2 1949 4216 2776
2 4216 3790 2776
2 2776 3790 1405
2 4246 1405 4268
2 1871 4246 4268
2 2946 2725 1871
2 2946 1867 2863
2 4271 1858 1867
2 4330 1620 3594
2 1620 4330 4053
2 4053 4330 4336
2 1858 4271 4267
2 1406 3842 4267
2 4331 1406 1641
2 1620 4330 4053
2 1641 726 4340
2 4053 4330 4336
2 782 1022 726
2 4003 4336 4338
2 4003 4338 4036
2 4003 4036 4364
2 4036 4370 4364
2 1024 4370 4036
2 4338 1024 4036
2 1024 3928 4370
2 1072 4370 3928
2 993 1072 3928
2 4368 993 3928
2 4368 3928 1021
2 1021 3928 1024
2 4368 4372 993
2 3896 993 4372
2 1071 3896 4372
2 1071 4372 3953
2 3953 1070 1071
2 1071 1070 3614
2 1071 3614 4402
2 3896 1071 4402
2 993 3896 4402
2 993 4402 3838
2 993 3838 1072
2 3838 4403 1072
2 1961 3838 4402
2 1961 4402 3614
2 1961 3614 4406
2 582 1961 4406
2 582 4406 1787
2 1787 3447 582
2 582 3447 3807
2 582 3807 1847
2 436 582 1847
2 1847 745 436
2 745 2623 436
2 1961 436 2623
2 583 1961 2623
2 3838 1961 583
2 582 436 1961
2 746 2623 745
2 746 745 1302
2 1302 3971 746
2 1331 3971 1302
2 1302 4192 1331
2 582 436 1961
2 3807 3447 4409
2 4404 4409 3447
2 4404 3447 1787
2 1787 3963 4404
2 4406 3963 1787
2 4406 1070 3963
2 1070 4406 3614
2 4409 4404 4405
2 4404 3447 1787
2 4406 3963 1787
2 582 436 1961
2 1070 4406 3614
2 3838 1961 583
2 1961 4402 3614
2 1070 4406 3614
2 4366 3953 4372
2 4368 4366 4372
2 3896 1071 4402
2 993 3896 4402
2 4368 4366 4372
2 993 3838 1072
2 1021 3928 1024
2 4338 1024 4036
2 782 4365 4367
2 1816 3030 4365
2 4003 4036 4364
2 1816 3840 3030
2 4036 4370 4364
2 1072 4370 3928
2 3838 4403 1072
2 1798 3840 1698
2 1798 1698 4042
2 3838 4403 1072
2 3838 1961 583
2 1298 4042 4403
2 4151 1798 4042
2 4151 3237 4407
2 3237 4067 3936
2 4042 4139 3988
2 4067 2767 747
2 4139 4042 3949
2 747 2767 687
2 583 3949 1298
2 583 1961 2623
2 746 2623 745
2 687 1699 747
2 4335 1699 1303
2 1302 3971 746
2 4187 2725 1303
2 1331 3971 1302
2 4187 4012 4246
2 1302 4192 1331
2 4209 4012 1870
2 1870 1723 4209
2 1723 3952 1949
2 4333 1949 3952
2 3877 779 3722
2 4216 4333 4210
2 3722 4263 4194
2 4210 3938 4216
2 3790 3938 800
2 800 4269 4268
2 1871 4269 1508
2 3594 4271 1508
2 4330 1620 3594
2 3163 800 3115
2 4053 4330 4336
2 4003 4336 4338
2 3938 724 3115
2 4338 1024 4036
2 1021 3928 1024
2 724 4210 4194
2 4368 3928 1021
2 4368 4366 4372
2 3722 4263 4194
2 4366 3953 4372
2 1069 4263 779
2 3953 1070 1071
2 1069 4264 1823
2 4406 1070 3963
2 4264 1212 1823
2 1787 3963 4404
2 4409 4404 4405
2 1212 889 992
2 4409 4404 4405
2 3807 3447 4409
2 582 3807 1847
2 1847 745 436
2 746 745 1302
2 1302 4192 1331
2 4192 1857 1870
2 4244 1857 4008
2 1759 1329 1725
2 3998 1866 1759
2 1759 1866 3253
2 4008 1759 3253
2 4244 1857 4008
2 1723 4244 1758
2 3952 1758 4307
2 3877 4307 968
2 3955 3072 968
2 1404 4008 1948
2 3072 3955 4305
2 1948 3253 3782
2 4332 4305 4306
2 3782 1866 4
2 41 34 28
2 34 1750 28
2 34 1750 28
2 4 19 4306
2 4332 4305 4306
2 1004 4332 4050
2 3995 4050 1777
2 34 1750 28
2 3995 4050 1777
2 3995 1004 4050
2 4337 1004 3960
2 1213 3960 1212
2 1212 889 992
2 889 4401 4405
2 3865 4401 990
2 990 889 891
2 891 3960 1092
2 1777 3907 1092
2 52 3865 890
2 1777 34 3907
2 41 34 28
2 3907 44 52
2 68 3865 52
2 76 4212 68
2 41 66 77
2 76 4212 68
2 4212 4401 3865
2 4405 4401 4205
2 3940 4205 1755
2 3923 4202 1755
2 4202 3923 53
2 1960 4212 77
2 41 66 77
2 4202 3923 53
2 41 66 77
2 4202 3923 53
2 3923 4202 1755
2 3940 4205 1755
2 435 4205 3940
2 1850 3807 435
2 4215 1496 3904
2 1850 2505 1847
2 1301 1302 2505
2 3904 4037 1571
2 1301 3941 4192
2 1329 1759 3941
2 3904 4037 1571
2 4215 1496 3904
2 1759 1329 1725
2 42 1496 4202
2 3998 1725 29
2 41 42 53
2 21 3998 29
2 21 11 3998
2 11 4 1866
2 41 19 4
3 2176 2379 2
3 2176 2 2404
3 3685 2176 2404
3 1007 2176 3685
3 3194 1007 3685
3 3194 3685 3687
3 3688 3194 3687
3 3194 3688 490
3 3194 490 1007
3 490 3195 1007
3 734 1007 3195
3 3195 490 734
3 734 490 3196
3 2056 734 3196
3 3196 2175 2056
3 2175 2151 2056
3 3666 2056 2151
3 2151 433 3666
3 2271 3666 433
3 2271 433 3663
3 3655 2271 3663
3 3663 921 3655
3 3655 921 2287
3 3655 2287 2056
3 3655 2056 3666
3 3655 3666 2271
3 2287 734 2056
3 2287 2090 734
3 2090 2170 734
3 2117 734 2170
3 2117 2170 3638
3 2117 3638 1430
3 2176 2117 1430
3 1430 2379 2176
3 2117 2176 1007
3 734 2117 1007
3 1486 1430 3638
3 3638 2170 1486
3 1486 2170 3680
3 1486 3680 2280
3 3641 3680 2170
3 3641 2170 2090
3 3643 3641 2090
3 2090 1148 3643
3 1148 921 3643
3 3643 921 3651
3 2722 3643 3651
3 2722 3651 2568
3 3646 2722 2568
3 3652 3646 2568
3 3652 2568 1463
3 641 3652 1463
3 642 641 1463
3 1463 732 642
3 732 1419 642
3 1419 1124 642
3 643 642 1124
3 1178 643 1124
3 1124 1419 1178
3 1178 1419 2039
3 1179 1178 2039
3 2039 1180 1179
3 1180 2039 2296
3 728 1180 2296
3 2296 2297 728
3 1068 728 2297
3 2297 2498 1068
3 2498 673 1068
3 2498 721 673
3 1274 721 2498
3 2498 2386 1274
3 2004 1274 2386
3 654 2004 2386
3 654 2386 1700
3 654 1700 2307
3 654 2307 658
3 658 2004 654
3 658 653 2004
3 1274 2004 653
3 653 2119 1274
3 1274 2119 657
3 1274 657 721
3 2119 2431 657
3 1954 2431 2119
3 2648 1954 2119
3 2119 653 2648
3 2180 2648 653
3 2180 653 658
3 1713 2180 658
3 1713 658 2487
3 1713 2487 660
3 1713 660 1086
3 1713 1086 2622
3 2622 2648 1713
3 2648 2180 1713
3 1091 2648 2622
3 1091 1954 2648
3 1954 1091 2431
3 1091 351 2431
3 1086 660 932
3 660 659 932
3 659 1228 932
3 659 655 1228
3 1228 655 1227
3 3179 1227 655
3 3179 655 580
3 2352 3179 580
3 2352 580 1993
3 2115 2352 1993
3 1993 689 2115
3 689 892 2115
3 2115 892 584
3 2115 584 1226
3 2115 1226 2352
3 1226 3179 2352
3 1226 584 2449
3 584 350 2449
3 584 2048 350
3 3684 2048 584
3 3684 584 892
3 3684 892 2075
3 892 3683 2075
3 892 2029 3683
3 2029 1236 3683
3 2029 1797 1236
3 3667 1236 1797
3 1797 1291 3667
3 1291 454 3667
3 3667 454 3670
3 878 3667 3670
3 3670 2175 878
3 878 2175 3196
3 3196 490 878
3 490 3682 878
3 3690 878 3682
3 3690 3667 878
3 1236 3667 3690
3 3682 490 3689
3 3688 3689 490
3 2151 2175 3670
3 2151 3670 2102
3 2151 2102 3669
3 645 2151 3669
3 3669 2150 645
3 645 2150 2162
3 2162 648 645
3 645 648 2152
3 2151 645 2152
3 2151 2152 433
3 3663 433 2152
3 2152 648 3663
3 3663 648 594
3 594 1981 3663
3 3656 3663 1981
3 1981 2156 3656
3 3656 2156 3653
3 921 3656 3653
3 3653 3651 921
3 2156 3651 3653
3 2568 3651 2156
3 2156 732 2568
3 732 1463 2568
3 2156 644 732
3 644 717 732
3 717 1419 732
3 717 1001 1419
3 1419 1001 2039
3 1001 2296 2039
3 2148 2296 1001
3 647 2148 1001
3 647 1001 2326
3 2326 646 647
3 2149 647 646
3 646 2715 2149
3 2149 2715 651
3 1520 2149 651
3 651 1700 1520
3 1520 1700 2167
3 1520 2167 2498
3 2934 1520 2498
3 2297 2934 2498
3 647 2934 2297
3 2297 2148 647
3 2297 2296 2148
3 2934 647 2149
3 1520 2934 2149
3 1520 2934 2149
3 2167 2386 2498
3 2386 2167 1700
3 2386 2167 1700
3 718 1700 651
3 651 650 718
3 780 718 650
3 650 649 780
3 780 649 652
3 780 652 655
3 780 655 2230
3 2487 780 2230
3 656 2487 2230
3 655 656 2230
3 655 660 656
3 656 660 2487
3 660 655 659
3 656 660 2487
3 718 780 2487
3 2487 1700 718
3 1700 2487 2307
3 2487 658 2307
3 655 656 2230
3 655 652 2200
3 655 2200 580
3 2200 1998 580
3 580 1998 1993
3 1993 1998 1788
3 1993 1788 689
3 892 689 1788
3 892 1788 2029
3 1797 2029 1788
3 1788 1291 1797
3 473 1291 1788
3 1998 473 1788
3 2200 473 1998
3 2012 473 2200
3 2200 652 2012
3 2150 2012 652
3 2150 652 649
3 2150 649 2162
3 2162 649 650
3 650 2715 2162
3 646 2162 2715
3 646 543 2162
3 543 648 2162
3 594 648 543
3 2326 594 543
3 646 2326 543
3 594 2326 705
3 594 705 1981
3 1981 705 644
3 1981 644 2156
3 644 705 717
3 2326 717 705
3 717 2326 1001
3 2326 717 705
3 646 2326 543
3 2715 650 651
3 2150 473 2012
3 2150 1074 473
3 1074 1291 473
3 1074 2102 1291
3 454 1291 2102
3 2102 3670 454
3 3669 2102 1074
3 2150 3669 1074
3 2150 3669 1074
3 2150 473 2012
3 1074 1291 473
3 1998 473 1788
3 2200 473 1998
3 2200 652 2012
3 2150 652 649
3 2162 649 650
3 718 780 2487
3 2715 650 651
3 2487 1700 718
3 1520 2934 2149
3 2715 650 651
3 646 2162 2715
3 2934 647 2149
3 646 2326 543
3 717 2326 1001
3 2297 2148 647
3 2297 2296 2148
3 717 2326 1001
3 644 705 717
3 1981 644 2156
3 921 3663 3656
3 2156 3651 3653
3 1981 644 2156
3 921 3663 3656
3 594 705 1981
3 594 648 543
3 2152 648 3663
3 543 648 2162
3 2150 649 2162
3 2150 3669 1074
3 2151 645 2152
3 3669 2102 1074
3 2102 3670 454
3 3690 3667 878
3 2102 3670 454
3 454 1291 2102
3 1788 1291 1797
3 1236 3667 3690
3 1797 2029 1788
3 892 1788 2029
3 3684 584 892
3 892 689 1788
3 1993 1788 689
3 2115 1226 2352
3 580 1998 1993
3 1226 3179 2352
3 655 2200 580
3 660 655 659
3 660 655 659
3 656 660 2487
3 2487 658 2307
3 2648 2180 1713
3 2648 2180 1713
3 1091 1954 2648
3 1954 1091 2431
3 2119 653 2648
3 2180 653 658
3 2487 658 2307
3 1700 2487 2307
3 2386 2167 1700
3 658 2004 654
3 1274 2004 653
3 2167 2386 2498
3 1274 657 721
3 2297 2934 2498
3 2297 2296 2148
3 1001 2296 2039
3 1419 1001 2039
3 643 1178 1177
3 2485 643 1177
3 2155 2485 1177
3 2258 2155 1177
3 2258 2223 2155
3 2223 641 2155
3 641 642 2155
3 642 2485 2155
3 642 643 2485
3 2223 3652 641
3 1045 3652 2223
3 2223 2185 1045
3 2185 2223 2258
3 3 2185 2258
3 3652 1045 1134
3 3646 3652 1134
3 1134 2722 3646
3 1134 1849 2722
3 3643 2722 1849
3 3680 3643 1849
3 3641 3643 3680
3 2185 2223 2258
3 642 2485 2155
3 642 643 2485
3 642 643 2485
3 1124 1419 1178
3 717 1419 732
3 732 1463 2568
3 641 642 2155
3 2223 3652 641
3 732 1463 2568
3 3646 3652 1134
3 1134 2722 3646
3 2568 3651 2156
3 3643 2722 1849
3 3653 3651 921
3 921 1148 2090
3 2287 921 2090
3 921 1148 2090
3 3641 3643 3680
3 3641 3643 3680
3 3638 2170 1486
3 734 2117 1007
3 3641 2170 2090
3 2287 921 2090
3 2287 921 2090
3 921 3663 3656
3 3655 3666 2271
3 3663 433 2152
3 3655 3666 2271
3 2151 2152 433
3 3655 2056 3666
3 2151 2175 3670
3 878 2175 3196
3 2287 734 2056
3 3196 490 878
3 734 2117 1007
3 3195 490 734
3 3688 3689 490
3 3194 490 1007
3 2117 2176 1007
3 1430 2379 2176
