1 586 0 2208
1 444 586 2208
1 2208 2125 444
1 444 2125 2150
1 587 444 2150
1 587 2150 445
1 587 445 588
1 588 445 599
1 2143 588 599
1 599 841 2143
1 841 446 2143
1 491 2143 446
1 491 446 1923
1 491 1923 1358
1 741 491 1358
1 536 741 1358
1 536 1358 1261
1 536 1261 1302
1 536 1302 451
1 536 451 590
1 589 536 590
1 741 536 589
1 451 591 590
1 2049 591 451
1 1302 2049 451
1 2073 2049 1302
1 2073 1302 2078
1 455 2073 2078
1 455 2078 2074
1 455 2074 1468
1 2073 455 1468
1 2073 1468 454
1 453 2073 454
1 2066 453 454
1 454 1468 2066
1 1468 458 2066
1 458 2209 2066
1 453 2066 2209
1 592 453 2209
1 487 592 2209
1 487 2209 2120
1 2160 2120 2209
1 1928 2160 2209
1 2209 460 1928
1 2286 1928 460
1 2286 460 1540
1 2067 1540 460
1 458 2067 460
1 460 2209 458
1 458 1468 2067
1 2119 2067 1468
1 2074 2119 1468
1 2074 456 2119
1 763 2119 456
1 456 2259 763
1 2259 1521 763
1 2119 763 1521
1 1521 1591 2119
1 2067 2119 1591
1 2067 1591 1541
1 2067 1541 1540
1 1542 1541 1591
1 1542 1591 461
1 461 3159 1542
1 461 1010 3159
1 1010 461 2197
1 1010 2197 2207
1 507 2207 2197
1 507 2197 2033
1 2033 1521 507
1 2259 507 1521
1 2249 507 2259
1 2117 2249 2259
1 2210 2117 2259
1 2440 2210 2259
1 2440 2259 456
1 2440 456 2080
1 2210 2440 2080
1 2210 2080 450
1 1934 2210 450
1 1537 1934 450
1 613 1537 450
1 613 450 2080
1 2782 613 2080
1 2782 2080 452
1 452 2065 2782
1 449 2782 2065
1 449 2065 1302
1 449 1302 1900
1 1900 1932 449
1 2782 449 1932
1 1932 2079 2782
1 613 2782 2079
1 613 2079 1537
1 956 1537 2079
1 2079 1901 956
1 955 956 1901
1 955 1901 1903
1 505 955 1903
1 1931 505 1903
1 1903 1863 1931
1 1863 552 1931
1 1931 552 448
1 879 1931 448
1 448 2505 879
1 879 2505 1902
1 949 879 1902
1 2438 949 1902
1 944 2438 1902
1 1902 2126 944
1 2290 944 2126
1 2290 2126 1869
1 1869 2126 2125
1 1868 1869 2125
1 1868 2125 2208
1 1868 2208 0
1 2125 2126 1904
1 1904 2150 2125
1 2150 1904 1902
1 525 2150 1902
1 525 1902 2505
1 2130 525 2505
1 448 2130 2505
1 447 2130 448
1 448 2491 447
1 841 447 2491
1 841 2491 1923
1 841 1923 446
1 1923 2491 1900
1 1923 1900 1261
1 1358 1923 1261
1 1900 1302 1261
1 2491 1932 1900
1 1863 1932 2491
1 552 1863 2491
1 552 2491 448
1 1863 2079 1932
1 2079 1863 1901
1 1903 1901 1863
1 841 2130 447
1 2130 841 525
1 599 525 841
1 599 445 525
1 2150 525 445
1 552 2491 448
1 841 2130 447
1 2130 841 525
1 2150 525 445
1 1904 2126 1902
1 1904 2126 1902
1 2290 2438 944
1 2290 1870 2438
1 1870 2168 2438
1 2168 2081 2438
1 2081 949 2438
1 2081 950 949
1 949 950 2082
1 2082 879 949
1 1931 879 2082
1 2082 505 1931
1 2082 950 505
1 950 1462 505
1 1462 1098 505
1 1098 955 505
1 955 1098 2405
1 955 2405 2223
1 955 2223 956
1 2223 1537 956
1 2223 1934 1537
1 2223 958 1934
1 958 1363 1934
1 1363 2210 1934
1 2210 1363 2117
1 1363 2093 2117
1 2093 457 2117
1 2117 457 743
1 2117 743 2249
1 2249 743 459
1 2249 459 507
1 507 459 2207
1 2207 459 462
1 462 855 2207
1 855 1915 2207
1 385 1915 855
1 855 1292 385
1 1133 385 1292
1 1133 1292 1141
1 1141 1292 2377
1 1141 2377 904
1 904 1140 1141
1 1139 1140 904
1 1139 904 1985
1 1139 1985 1138
1 1985 2269 1138
1 895 1138 2269
1 895 2269 959
1 958 895 959
1 959 2093 958
1 2093 1363 958
1 1253 2093 959
1 1253 959 1985
1 1253 1985 904
1 1253 904 2377
1 1253 2377 2090
1 2090 2093 1253
1 2090 457 2093
1 2377 457 2090
1 457 2377 743
1 743 2377 1974
1 459 743 1974
1 459 1974 462
1 462 1974 2377
1 855 462 2377
1 1292 855 2377
1 462 1974 2377
1 2377 457 2090
1 959 2269 1985
1 2090 2093 1253
1 895 958 497
1 1320 895 497
1 1320 497 953
1 953 954 1320
1 1320 954 1137
1 1137 2085 1320
1 2085 957 1320
1 895 1320 957
1 2085 895 957
1 2085 1138 895
1 2085 895 957
1 954 1136 1137
1 1136 954 1135
1 954 2083 1135
1 1135 2083 2878
1 1134 1135 2878
1 1134 2878 948
1 1134 948 2381
1 948 1 2381
1 1250 1 948
1 948 952 1250
1 952 2688 1250
1 1250 2688 946
1 946 1873 1250
1 946 1872 1873
1 1872 946 951
1 1872 951 1752
1 1872 1752 1871
1 1871 1752 2168
1 2168 1870 1871
1 2168 1752 945
1 945 2081 2168
1 945 950 2081
1 945 1930 950
1 950 1930 1462
1 1462 1930 2086
1 1462 2086 1360
1 1360 1098 1462
1 1360 1969 1098
1 1098 1969 497
1 497 2405 1098
1 2405 497 2223
1 958 2223 497
1 497 1969 953
1 1969 952 953
1 953 952 2083
1 2083 954 953
1 952 2878 2083
1 948 2878 952
1 1360 952 1969
1 1360 2688 952
1 2086 2688 1360
1 2688 2086 946
1 951 946 2086
1 951 2086 1930
1 951 1930 1752
1 1752 1930 945
1 1360 952 1969
1 2086 2688 1360
1 951 2086 1930
1 1752 1930 945
1 1752 1930 945
1 951 1930 1752
1 951 946 2086
1 2688 2086 946
1 1360 2688 952
1 948 2878 952
1 948 2878 952
1 952 2878 2083
1 2083 954 953
1 2083 954 953
1 497 1969 953
1 895 1320 957
1 958 2223 497
1 959 2269 1985
1 2085 1138 895
1 959 2269 1985
1 1253 1985 904
1 1253 904 2377
1 1292 855 2377
1 1133 2013 385
1 2013 356 385
1 385 356 1915
1 1292 855 2377
1 385 356 1915
1 855 462 2377
1 459 1974 462
1 459 743 1974
1 457 2377 743
1 2090 457 2093
1 2093 1363 958
1 2093 1363 958
1 958 2223 497
1 2405 497 2223
1 497 2405 1098
1 1360 1098 1462
1 950 1930 1462
1 2082 950 505
1 945 950 2081
1 945 2081 2168
1 2168 1870 1871
1 1904 2126 1902
1 2290 2438 944
1 2081 949 2438
1 2082 879 949
1 525 1902 2505
1 448 2130 2505
1 1931 879 2082
1 552 2491 448
1 552 1863 2491
1 1903 1901 1863
1 2082 505 1931
1 1098 955 505
1 1903 1901 1863
1 955 2223 956
1 2079 1863 1901
1 2223 1537 956
1 1863 2079 1932
1 2491 1932 1900
1 1900 1302 1261
1 1302 2065 2078
1 2065 452 2078
1 2074 2078 452
1 2074 452 2080
1 2080 456 2074
1 2782 449 1932
1 2065 452 2078
1 2074 452 2080
1 613 2782 2079
1 613 2079 1537
1 2223 1934 1537
1 1363 2210 1934
1 613 450 2080
1 2080 456 2074
1 2210 2440 2080
1 2210 1363 2117
1 2117 743 2249
1 2249 459 507
1 461 1521 2033
1 2197 461 2033
1 1521 461 1591
1 2197 461 2033
1 507 459 2207
1 2197 461 2033
1 1521 461 1591
1 1521 461 1591
1 2259 507 1521
1 2440 2259 456
1 2119 763 1521
1 2080 456 2074
1 2067 2119 1591
1 2067 1541 1540
1 2286 2160 1928
1 460 2209 458
1 2286 2160 1928
1 2120 2160 355
1 591 453 592
1 591 2049 453
1 2049 2073 453
1 460 2209 458
1 458 1468 2067
1 453 2066 2209
1 2049 2073 453
1 454 1468 2066
1 2074 2119 1468
1 2074 2078 452
1 2073 455 1468
1 1302 2065 2078
1 2049 2073 453
1 591 2049 453
1 1302 2049 451
1 1900 1302 1261
1 1358 1923 1261
1 741 536 589
1 1358 1923 1261
1 841 1923 446
1 2143 491 588
1 841 1923 446
1 599 525 841
1 2143 491 588
1 599 445 525
1 2150 525 445
1 587 586 444
1 1904 2150 2125
1 1868 2125 2208
1 587 586 444
1 1868 2208 0
2 3373 84 101
2 101 1733 3373
2 1656 3373 1733
2 1656 1733 2002
2 1656 2002 1205
2 1205 1734 1656
2 1734 1655 1656
2 1656 1655 3373
2 4543 3373 1655
2 2554 4543 1655
2 1655 1654 2554
2 1654 600 2554
2 819 2554 600
2 819 600 3360
2 819 3360 3337
2 4419 819 3337
2 4419 3337 4522
2 4419 4522 4511
2 4511 4519 4419
2 817 4419 4519
2 817 4519 4544
2 4543 817 4544
2 4543 4544 84
2 3373 4543 84
2 104 84 4544
2 121 104 4544
2 121 4544 142
2 121 142 1208
2 121 1208 2839
2 121 2839 3031
2 121 3031 104
2 104 3031 84
2 3541 84 3031
2 3031 2267 3541
2 3541 2267 2648
2 101 3541 2648
2 2648 3692 101
2 101 3692 133
2 133 1733 101
2 1731 1733 133
2 133 156 1731
2 1731 156 176
2 635 1731 176
2 635 176 155
2 155 129 635
2 635 129 4566
2 1329 635 4566
2 856 1329 4566
2 856 4566 1052
2 3548 856 1052
2 1052 3014 3548
2 3548 3014 1050
2 1050 825 3548
2 825 1592 3548
2 3548 1592 856
2 1330 856 1592
2 660 1330 1592
2 1592 1325 660
2 660 1325 640
2 660 640 2556
2 660 2556 1204
2 661 660 1204
2 661 1204 1205
2 1205 659 661
2 659 1330 661
2 1330 660 661
2 659 1329 1330
2 856 1330 1329
2 659 1731 1329
2 635 1329 1731
2 659 2002 1731
2 1731 2002 1733
2 659 1205 2002
2 659 1205 2002
2 1734 1205 1204
2 1734 1204 2512
2 1654 1734 2512
2 1654 2512 3648
2 1654 3648 600
2 600 3648 4293
2 3360 600 4293
2 818 3360 4293
2 4293 4042 818
2 4357 818 4042
2 4546 4357 4042
2 4042 1657 4546
2 1657 4563 4546
2 4563 4542 4546
2 4534 4546 4542
2 820 4534 4542
2 820 4542 4556
2 820 4556 3161
2 4518 820 3161
2 4518 3161 4517
2 4517 3258 4518
2 740 4518 3258
2 3258 3276 740
2 3276 1503 740
2 1503 3724 740
2 4520 740 3724
2 3817 4520 3724
2 3724 534 3817
2 534 573 3817
2 573 4515 3817
2 4516 3817 4515
2 4516 4515 4521
2 4516 4521 4533
2 4520 4516 4533
2 4533 3754 4520
2 740 4520 3754
2 4414 740 3754
2 4414 3754 4534
2 4534 820 4414
2 4518 4414 820
2 740 4414 4518
2 4546 4534 3754
2 4546 3754 4357
2 4357 3754 4533
2 4533 818 4357
2 3360 818 4533
2 3360 4533 4532
2 3337 3360 4532
2 4521 3337 4532
2 4521 4532 4533
2 4522 3337 4521
2 4397 4522 4521
2 4521 4515 4397
2 4515 574 4397
2 574 4234 4397
2 579 4397 4234
2 4234 3577 579
2 3577 1200 579
2 1200 580 579
2 580 963 579
2 963 4695 579
2 579 4695 4511
2 579 4511 4397
2 4511 4522 4397
2 4519 4511 4695
2 4514 4519 4695
2 4695 963 4514
2 4514 963 572
2 4512 4514 572
2 172 4512 572
2 152 172 572
2 572 580 152
2 580 127 152
2 1424 152 127
2 1424 127 665
2 1425 1424 665
2 1425 665 3037
2 1425 3037 1426
2 1426 1341 1425
2 1425 1341 784
2 784 1424 1425
2 1424 784 172
2 152 1424 172
2 187 172 784
2 187 784 209
2 692 187 209
2 692 209 4643
2 694 692 4643
2 694 4643 3477
2 694 3477 3922
2 694 3922 725
2 725 724 694
2 692 694 724
2 187 692 724
2 172 187 724
2 188 172 724
2 724 210 188
2 210 962 188
2 188 962 961
2 172 188 961
2 172 961 4512
2 4512 961 142
2 142 4514 4512
2 4514 142 4519
2 4544 4519 142
2 142 961 1208
2 2636 1208 961
2 961 962 2636
2 962 3217 2636
2 3217 1155 2636
2 2636 1155 2992
2 2992 1208 2636
2 1208 2992 2839
2 1207 2839 2992
2 1207 2992 474
2 3029 1207 474
2 3029 474 3574
2 3574 111 3029
2 111 88 3029
2 88 4251 3029
2 3029 4251 1207
2 4251 793 1207
2 793 2839 1207
2 3031 2839 793
2 793 2267 3031
2 2267 793 4251
2 2267 4251 1088
2 2267 1088 2648
2 2648 1088 1089
2 2648 1089 1090
2 2648 1090 3692
2 1090 3449 3692
2 3449 133 3692
2 156 133 3449
2 1154 156 3449
2 1154 3449 1152
2 1154 1152 1153
2 194 1154 1153
2 194 1153 621
2 194 621 221
2 221 1564 194
2 1564 176 194
2 1154 194 176
2 156 1154 176
2 1564 4177 176
2 4177 191 176
2 1219 176 191
2 1219 191 547
2 1219 547 832
2 3076 1219 832
2 832 1787 3076
2 3076 1787 700
2 3068 3076 700
2 4259 3068 700
2 1218 4259 700
2 1218 700 831
2 1218 831 830
2 1218 830 145
2 1218 145 4259
2 115 4259 145
2 115 145 709
2 115 709 708
2 97 115 708
2 3375 97 708
2 3375 708 3324
2 4344 3375 3324
2 3324 1500 4344
2 4344 1500 3620
2 3620 794 4344
2 1635 4344 794
2 1635 794 1694
2 1694 483 1635
2 1635 483 1917
2 1635 1917 1603
2 1635 1603 4344
2 4067 4344 1603
2 4067 1603 484
2 4067 484 1666
2 674 4067 1666
2 674 1666 675
2 108 674 675
2 108 675 1015
2 108 1015 4464
2 108 4464 2704
2 2704 96 108
2 674 108 96
2 674 96 97
2 97 3375 674
2 674 3375 4067
2 3375 4344 4067
2 3089 97 96
2 3089 96 2704
2 2264 3089 2704
2 2497 2264 2704
2 4464 2497 2704
2 4464 1486 2497
2 2497 1486 1596
2 1596 1973 2497
2 2497 1973 2264
2 1973 2240 2264
2 3919 2264 2240
2 3919 2240 2417
2 2417 4259 3919
2 503 3919 4259
2 4259 115 503
2 97 503 115
2 3089 503 97
2 3089 3919 503
2 3089 2264 3919
2 3089 3919 503
2 2417 3068 4259
2 2417 1995 3068
2 1995 129 3068
2 3068 129 3076
2 155 3076 129
2 155 1219 3076
2 155 176 1219
2 129 1995 105
2 105 4566 129
2 105 827 4566
2 827 1052 4566
2 1053 1052 827
2 1053 827 3720
2 3720 559 1053
2 559 4552 1053
2 4552 3014 1053
2 1053 3014 1052
2 3014 4552 2930
2 1050 3014 2930
2 1050 2930 4247
2 1050 4247 652
2 825 1050 652
2 824 825 652
2 889 824 652
2 652 4247 889
2 889 4247 4551
2 2525 889 4551
2 4503 2525 4551
2 4551 577 4503
2 573 4503 577
2 577 574 573
2 573 574 4515
2 577 4504 574
2 4504 4234 574
2 4247 4234 4504
2 4504 577 4247
2 577 4551 4247
2 4234 4247 2930
2 4234 2930 4552
2 4552 3577 4234
2 4552 1200 3577
2 1200 4552 559
2 559 109 1200
2 127 1200 109
2 109 1596 127
2 665 127 1596
2 1596 3037 665
2 1486 3037 1596
2 1486 4464 3037
2 1724 3037 4464
2 4464 4455 1724
2 4455 4115 1724
2 3037 1724 4115
2 1426 3037 4115
2 1426 4115 3792
2 1341 1426 3792
2 1341 3792 1113
2 1341 1113 209
2 209 784 1341
2 1113 1112 209
2 4699 209 1112
2 2039 4699 1112
2 1112 4035 2039
2 2039 4035 1222
2 2039 1222 4650
2 2039 4650 268
2 268 252 2039
2 2039 252 4699
2 252 2019 4699
2 4699 2019 209
2 209 2019 4643
2 2019 3477 4643
2 3477 2019 4642
2 3922 3477 4642
2 696 3922 4642
2 696 4642 4118
2 1857 696 4118
2 1857 4118 4645
2 606 1857 4645
2 606 4645 4062
2 4062 1994 606
2 730 606 1994
2 730 1994 731
2 730 731 4131
2 730 4131 736
2 736 1857 730
2 730 1857 606
2 736 4461 1857
2 4461 729 1857
2 729 696 1857
2 726 696 729
2 729 4461 726
2 726 4461 728
2 726 728 725
2 725 3922 726
2 696 726 3922
2 725 728 724
2 728 210 724
2 728 228 210
2 228 1594 210
2 210 1594 962
2 1594 3217 962
2 1951 3217 1594
2 2278 1951 1594
2 2278 1594 4190
2 2278 4190 2999
2 2278 2999 2257
2 2278 2257 2858
2 2278 2858 1951
2 2858 593 1951
2 593 3217 1951
2 960 3217 593
2 593 1248 960
2 1156 960 1248
2 202 1156 1248
2 202 1248 226
2 202 226 850
2 202 850 183
2 1156 202 183
2 161 1156 183
2 183 1750 161
2 161 1750 4443
2 137 161 4443
2 137 4443 898
2 898 111 137
2 111 3574 137
2 3574 1774 137
2 1774 161 137
2 161 1774 1156
2 960 1156 1774
2 1155 960 1774
2 3574 1155 1774
2 474 1155 3574
2 1155 474 2992
2 1155 3217 960
2 3574 1155 1774
2 111 898 894
2 111 894 88
2 3270 88 894
2 4215 3270 894
2 4215 894 896
2 4215 896 1225
2 1348 4215 1225
2 4439 1348 1225
2 1225 804 4439
2 4439 804 3663
2 3663 3705 4439
2 3705 1347 4439
2 1785 4439 1347
2 1347 4604 1785
2 4604 4597 1785
2 4597 4320 1785
2 4320 1348 1785
2 1785 1348 4439
2 4320 120 1348
2 120 91 1348
2 1348 91 3270
2 1348 3270 4215
2 91 88 3270
2 88 91 2358
2 4251 88 2358
2 1088 4251 2358
2 1088 2358 1089
2 2358 120 1089
2 120 2736 1089
2 1089 2736 2272
2 1090 1089 2272
2 2272 4157 1090
2 1090 4157 1152
2 3449 1090 1152
2 1152 4157 2373
2 1152 2373 1153
2 1153 2373 3464
2 1153 3464 621
2 2999 621 3464
2 3464 620 2999
2 620 2257 2999
2 4309 2257 620
2 3362 4309 620
2 620 1449 3362
2 3362 1449 1151
2 3362 1151 222
2 3362 222 246
2 246 4309 3362
2 4309 246 3325
2 2257 4309 3325
2 2858 2257 3325
2 3325 269 2858
2 248 2858 269
2 248 269 2292
2 248 2292 837
2 248 837 226
2 248 226 593
2 248 593 2858
2 226 1248 593
2 226 837 850
2 837 886 850
2 1012 850 886
2 1012 886 849
2 2827 1012 849
2 1318 2827 849
2 3284 1318 849
2 849 886 3284
2 3794 3284 886
2 2905 3794 886
2 886 837 2905
2 837 4652 2905
2 4652 3460 2905
2 3460 1106 2905
2 2905 1106 3794
2 3794 1106 834
2 3794 834 3731
2 3284 3794 3731
2 1318 3284 3731
2 1011 1318 3731
2 3097 1011 3731
2 834 3097 3731
2 4265 3097 834
2 834 2577 4265
2 2577 1716 4265
2 1403 4265 1716
2 1403 1716 3126
2 1403 3126 3425
2 3425 4633 1403
2 1403 4633 4265
2 4633 3097 4265
2 4633 1011 3097
2 1319 1011 4633
2 1319 4633 3243
2 2407 1319 3243
2 1322 2407 3243
2 1322 3243 4635
2 4635 3623 1322
2 3623 1246 1322
2 993 1322 1246
2 1247 993 1246
2 3859 1247 1246
2 1246 4462 3859
2 4462 4097 3859
2 4479 3859 4097
2 4479 4097 4432
2 4155 4479 4432
2 1685 4155 4432
2 4432 4423 1685
2 4423 1686 1685
2 3397 1685 1686
2 1854 3397 1686
2 1686 1332 1854
2 1854 1332 3967
2 1855 1854 3967
2 1855 3967 3715
2 1855 3715 4367
2 1855 4367 1185
2 1173 1855 1185
2 1173 1185 1305
2 1181 1173 1305
2 4687 1181 1305
2 1305 1484 4687
2 1484 1485 4687
2 4687 1485 1299
2 4687 1299 3518
2 1181 4687 3518
2 1181 3518 3048
2 3397 1181 3048
2 3397 3048 3907
2 3907 1685 3397
2 4155 1685 3907
2 3907 1853 4155
2 2516 4155 1853
2 1852 2516 1853
2 1172 1852 1853
2 1853 1180 1172
2 1304 1172 1180
2 3048 1304 1180
2 3907 3048 1180
2 1853 3907 1180
2 3518 1304 3048
2 3518 1299 1304
2 1299 4428 1304
2 1304 4428 4039
2 4039 1172 1304
2 4039 604 1172
2 1852 1172 604
2 604 2763 1852
2 1852 2763 4005
2 1852 4005 1331
2 1852 1331 2516
2 1331 4479 2516
2 2516 4479 4155
2 1331 2448 4479
2 4479 2448 3859
2 2448 1880 3859
2 3853 3859 1880
2 3853 1880 1881
2 3853 1881 3951
2 3951 1121 3853
2 3853 1121 1247
2 3853 1247 3859
2 993 1247 1121
2 1121 1120 993
2 993 1120 1034
2 993 1034 2407
2 2407 1322 993
2 2407 1034 1319
2 1319 1034 1011
2 1034 3617 1011
2 3617 1033 1011
2 1033 1318 1011
2 1318 1033 1245
2 1318 1245 2827
2 2827 1245 991
2 1317 2827 991
2 1453 1317 991
2 991 233 1453
2 233 566 1453
2 566 1317 1453
2 566 183 1317
2 183 1012 1317
2 1012 2827 1317
2 1012 183 850
2 3807 183 566
2 618 3807 566
2 618 566 3213
2 3213 1105 618
2 1105 3807 618
2 3807 1105 1055
2 3807 1055 1750
2 183 3807 1750
2 1056 1750 1055
2 1055 4297 1056
2 4297 4696 1056
2 1056 4696 1064
2 2097 1056 1064
2 1064 4305 2097
2 1751 2097 4305
2 1751 4305 2172
2 1102 1751 2172
2 1102 2172 1494
2 1102 1494 4001
2 1102 4001 896
2 1102 896 4435
2 1751 1102 4435
2 4443 1751 4435
2 898 4443 4435
2 898 4435 894
2 4435 896 894
2 4443 2097 1751
2 2097 4443 1750
2 1750 1056 2097
2 4435 896 894
2 804 896 4001
2 3663 804 4001
2 3663 4001 1496
2 3663 1496 2803
2 3663 2803 1351
2 3663 1351 3705
2 1347 3705 1351
2 1351 1346 1347
2 1346 4603 1347
2 4603 4604 1347
2 4608 4604 4603
2 4603 3391 4608
2 3391 3291 4608
2 3291 3848 4608
2 3848 4610 4608
2 4608 4610 4604
2 4604 4610 4597
2 4597 4610 3700
2 4597 3700 3738
2 3738 4320 4597
2 3738 4598 4320
2 120 4320 4598
2 120 4598 134
2 120 134 2736
2 157 2736 134
2 134 4598 157
2 157 4598 4609
2 4609 170 157
2 157 170 4045
2 1450 157 4045
2 1450 4045 1151
2 1151 2061 1450
2 2272 1450 2061
2 4157 2272 2061
2 2373 4157 2061
2 2373 2061 1449
2 1449 620 2373
2 3464 2373 620
2 1449 2061 1151
2 2272 2736 1450
2 2736 157 1450
2 1449 2061 1151
2 1151 4045 195
2 1151 195 222
2 1508 222 195
2 4128 1508 195
2 195 4620 4128
2 4620 4638 4128
2 4638 3824 4128
2 4128 3824 1508
2 1508 3824 2344
2 2344 3649 1508
2 3649 246 1508
2 222 1508 246
2 269 246 3649
2 3225 269 3649
2 2344 3225 3649
2 2344 4341 3225
2 4652 3225 4341
2 4652 4341 3460
2 4341 4697 3460
2 4697 1336 3460
2 1336 1106 3460
2 1336 2577 1106
2 2577 834 1106
2 1337 2577 1336
2 1336 1605 1337
2 1605 3404 1337
2 3404 1716 1337
2 1337 1716 2577
2 1716 3404 3126
2 2244 3126 3404
2 4152 2244 3404
2 1605 4152 3404
2 4152 1605 1981
2 1149 4152 1981
2 1149 1981 3023
2 2216 1149 3023
2 3023 2798 2216
2 2216 2798 2771
2 2216 2771 1512
2 1512 1149 2216
2 1512 4679 1149
2 1149 4679 4379
2 4152 1149 4379
2 4152 4379 3384
2 4152 3384 2244
2 3384 835 2244
2 3126 2244 835
2 3425 3126 835
2 835 1109 3425
2 3425 1109 3243
2 3425 3243 4633
2 1109 4635 3243
2 1109 846 4635
2 4635 846 3623
2 846 1037 3623
2 3623 1037 4462
2 4462 1246 3623
2 1037 995 4462
2 4097 4462 995
2 995 1117 4097
2 4432 4097 1117
2 4432 1117 1122
2 1122 4133 4432
2 4432 4133 4423
2 4133 1882 4423
2 4423 1882 1332
2 1332 1686 4423
2 1883 1332 1882
2 1882 1123 1883
2 1124 1883 1123
2 1124 1123 3820
2 3628 1124 3820
2 3628 3820 845
2 3887 3628 845
2 845 1488 3887
2 3887 1488 4632
2 3887 4632 1036
2 1036 3628 3887
2 3628 1036 4254
2 4254 3105 3628
2 1124 3628 3105
2 4366 1124 3105
2 4366 3105 1118
2 3105 992 1118
2 992 3105 4254
2 4254 3896 992
2 992 3896 1316
2 884 1316 3896
2 884 3896 3402
2 884 3402 4653
2 3402 3749 4653
2 3749 4636 4653
2 4653 4636 3451
2 3451 1334 4653
2 3683 4653 1334
2 3683 1334 3210
2 3683 3210 1381
2 1381 3210 4185
2 3210 4264 4185
2 3210 1150 4264
2 4264 1150 3716
2 4264 3716 1067
2 1067 3716 4624
2 3716 1300 4624
2 4624 1300 1179
2 4688 4624 1179
2 1179 1300 1305
2 1179 1305 1185
2 3890 1179 1185
2 4367 3890 1185
2 1484 1305 1300
2 1484 1300 3716
2 1484 3716 1511
2 1511 1485 1484
2 1511 1513 1485
2 1513 1464 1485
2 1464 4055 1485
2 1299 1485 4055
2 1299 4055 4400
2 4400 4428 1299
2 4400 2771 4428
2 2771 2798 4428
2 4039 4428 2798
2 1303 4039 2798
2 1303 2798 3622
2 3622 3282 1303
2 1303 3282 3123
2 1303 3123 604
2 4039 1303 604
2 2763 604 3123
2 3123 2101 2763
2 2763 2101 410
2 1881 2763 410
2 1881 410 2584
2 3951 1881 2584
2 1120 3951 2584
2 1120 2584 1119
2 1119 1034 1120
2 3134 1034 1119
2 2390 3134 1119
2 1119 2584 2390
2 2584 2626 2390
2 2626 3764 2390
2 3764 1884 2390
2 2390 1884 3320
2 3134 2390 3320
2 3320 1033 3134
2 3617 3134 1033
2 3617 1034 3134
2 3320 1245 1033
2 2613 1245 3320
2 1884 2613 3320
2 1884 2333 2613
2 2333 2596 2613
2 1245 2613 2596
2 1245 2596 991
2 233 991 2596
2 233 2596 261
2 233 261 3799
2 3799 1598 233
2 1598 1597 233
2 233 1597 566
2 566 1597 3213
2 3213 1597 565
2 3213 565 2676
2 2676 1105 3213
2 1105 2676 3941
2 138 1105 3941
2 112 138 3941
2 112 3941 3516
2 112 3516 2565
2 89 112 2565
2 89 2565 93
2 89 93 4250
2 89 4250 112
2 112 4250 4297
2 112 4297 138
2 138 4297 1055
2 1105 138 1055
2 4250 4696 4297
2 3626 4696 4250
2 3249 3626 4250
2 93 3249 4250
2 3249 93 2978
2 2171 3249 2978
2 2171 2978 4581
2 2171 4581 1727
2 1727 4531 2171
2 2171 4531 3626
2 3626 3249 2171
2 3626 4531 4696
2 4696 4531 4231
2 4231 1064 4696
2 4231 1062 1064
2 1062 4305 1064
2 1062 2172 4305
2 4373 2172 1062
2 4373 1062 3363
2 4373 3363 3190
2 3369 4373 3190
2 3369 3190 3281
2 3281 2138 3369
2 1490 3369 2138
2 1490 2138 2364
2 1490 2364 3736
2 1496 1490 3736
2 2803 1496 3736
2 781 2803 3736
2 781 3736 897
2 2355 781 897
2 893 2355 897
2 897 3498 893
2 3498 1489 893
2 1489 2774 893
2 2774 1270 893
2 1270 3772 893
2 893 3772 2355
2 2355 3772 1226
2 2355 1226 2699
2 2355 2699 781
2 1610 781 2699
2 1786 1610 2699
2 1786 2699 3762
2 1834 1786 3762
2 3762 1833 1834
2 2557 1834 1833
2 2557 1833 4605
2 2557 4605 1309
2 3815 2557 1309
2 3815 1309 2631
2 1573 3815 2631
2 1573 2631 1620
2 2817 1573 1620
2 2817 1620 2946
2 2946 1726 2817
2 1726 3465 2817
2 3465 2050 2817
2 2817 2050 1573
2 3929 1573 2050
2 3929 2050 974
2 974 4280 3929
2 4280 2557 3929
2 3929 2557 3815
2 1573 3929 3815
2 4280 1834 2557
2 3539 1834 4280
2 3539 4280 4600
2 4600 1346 3539
2 3539 1346 1786
2 1834 3539 1786
2 1786 1346 3624
2 1786 3624 1610
2 2803 1610 3624
2 1351 2803 3624
2 1351 3624 1346
2 781 1610 2803
2 1351 3624 1346
2 4600 4603 1346
2 4600 3391 4603
2 3387 3391 4600
2 974 3387 4600
2 4280 974 4600
2 974 4302 3387
2 4302 4291 3387
2 3387 4291 3291
2 3391 3387 3291
2 3291 4291 1574
2 3848 3291 1574
2 1574 4299 3848
2 4299 3700 3848
2 3848 3700 4610
2 511 3700 4299
2 1571 511 4299
2 2978 1571 4299
2 4581 2978 4299
2 4581 4299 1574
2 4581 1574 4351
2 4351 1727 4581
2 495 1727 4351
2 4351 4291 495
2 495 4291 4302
2 495 4302 3465
2 495 3465 1730
2 1730 1727 495
2 3796 1727 1730
2 3925 3796 1730
2 3925 1730 1726
2 3925 1726 3322
2 3925 3322 4347
2 4347 4224 3925
2 3796 3925 4224
2 3786 3796 4224
2 4224 3190 3786
2 3786 3190 3363
2 3786 3363 1062
2 1062 4231 3786
2 4231 3796 3786
2 3796 4231 4531
2 3796 4531 1727
2 4347 3190 4224
2 4347 1061 3190
2 3190 1061 3281
2 1061 3641 3281
2 2138 3281 3641
2 2364 2138 3641
2 2364 3641 3498
2 897 2364 3498
2 3736 2364 897
2 1748 3498 3641
2 1748 3641 1060
2 1060 1976 1748
2 4437 1748 1976
2 4229 4437 1976
2 1976 4256 4229
2 4229 4256 4547
2 4229 4547 2668
2 2812 4229 2668
2 2668 4548 2812
2 2815 2812 4548
2 2016 2815 4548
2 2683 2016 4548
2 2683 4548 498
2 498 494 2683
2 494 3395 2683
2 3395 597 2683
2 597 2016 2683
2 2016 597 3004
2 3004 4191 2016
2 4191 2815 2016
2 2815 4191 1059
2 2815 1059 2812
2 2812 1059 4437
2 4229 2812 4437
2 4437 1059 2227
2 4437 2227 1748
2 3809 1748 2227
2 3809 2227 4043
2 4043 2774 3809
2 1489 3809 2774
2 1489 1748 3809
2 1489 3498 1748
2 4043 4452 2774
2 2774 4452 1269
2 1270 2774 1269
2 780 1270 1269
2 2475 780 1269
2 2475 1269 2563
2 4112 2475 2563
2 4112 2563 779
2 779 4453 4112
2 4112 4453 1349
2 1349 2475 4112
2 1349 4255 2475
2 4255 780 2475
2 780 4255 1350
2 3772 780 1350
2 1226 3772 1350
2 1226 1350 3762
2 2699 1226 3762
2 1784 3762 1350
2 1345 1784 1350
2 1350 4255 1345
2 1345 4255 1349
2 1349 3653 1345
2 1345 3653 4596
2 4596 2896 1345
2 1784 1345 2896
2 1784 2896 4601
2 1784 4601 1833
2 1833 3762 1784
2 4601 4605 1833
2 4601 4607 4605
2 4605 4607 2473
2 4605 2473 1309
2 1309 2473 4301
2 2631 1309 4301
2 2631 4301 1620
2 3206 1620 4301
2 3545 3206 4301
2 4301 2473 3545
2 2473 1308 3545
2 4326 3545 1308
2 1308 4606 4326
2 4326 4606 4429
2 4429 3530 4326
2 3530 494 4326
2 494 2881 4326
2 2881 3545 4326
2 2881 3206 3545
2 3206 2881 4242
2 4242 1725 3206
2 1620 3206 1725
2 1620 1725 2946
2 2946 1725 3707
2 2946 3707 3322
2 3322 1726 2946
2 4222 3322 3707
2 3707 4256 4222
2 1976 4222 4256
2 1976 1060 4222
2 2702 4222 1060
2 1060 3641 2702
2 3641 1061 2702
2 1061 4223 2702
2 2702 4223 4222
2 4223 3322 4222
2 3322 4223 4347
2 4347 4223 1061
2 4347 4223 1061
2 2702 4223 4222
2 4256 3707 4547
2 1725 4547 3707
2 1725 4242 4547
2 4547 4242 2668
2 2668 4242 4548
2 4242 498 4548
2 4242 2881 498
2 2881 494 498
2 4223 3322 4222
2 1725 4547 3707
2 1725 4242 4547
2 4242 2881 498
2 2881 494 498
2 3530 3395 494
2 3530 1575 3395
2 3395 1575 3344
2 3344 597 3395
2 3676 597 3344
2 493 3676 3344
2 3344 1575 493
2 493 1575 2532
2 493 2532 4570
2 2004 493 4570
2 2370 2004 4570
2 4570 4582 2370
2 973 2370 4582
2 4582 509 973
2 1633 509 4582
2 4582 1201 1633
2 1633 1201 3287
2 4599 1633 3287
2 4335 4599 3287
2 4335 3287 3336
2 4335 3336 3187
2 2737 4335 3187
2 2737 3187 3444
2 3444 2190 2737
2 2296 2737 2190
2 2296 2190 778
2 803 778 2190
2 2190 2387 803
2 2664 803 2387
2 1101 2664 2387
2 2387 805 1101
2 1101 805 2859
2 2859 4384 1101
2 1101 4384 2541
2 2541 2664 1101
2 2541 1495 2664
2 2664 1495 1103
2 2664 1103 803
2 1495 4338 1103
2 4338 1495 1487
2 2541 1487 1495
2 1745 1487 2541
2 2541 3646 1745
2 1063 1745 3646
2 1063 3646 2620
2 1063 2620 4218
2 1063 4218 3090
2 1063 3090 1057
2 1745 1063 1057
2 1749 1745 1057
2 1749 1487 1745
2 1057 3090 4530
2 4028 4530 3090
2 4028 3090 4218
2 3455 4028 4218
2 3455 4218 3004
2 3455 3004 3676
2 3455 3676 3638
2 3455 3638 4028
2 4028 3638 1729
2 2662 4028 1729
2 2662 1729 2370
2 2662 2370 3242
2 973 3242 2370
2 1729 2004 2370
2 2004 1729 3638
2 493 2004 3638
2 3676 493 3638
2 2004 1729 3638
2 3676 493 3638
2 3004 597 3676
2 3004 4218 4191
2 4218 1058 4191
2 1058 3563 4191
2 4191 3563 1059
2 1059 3563 3253
2 1059 3253 1747
2 1059 1747 2227
2 4043 2227 1747
2 4043 1747 4452
2 1747 3176 4452
2 4283 4452 3176
2 1268 4283 3176
2 1268 3176 1491
2 1268 1491 2859
2 2859 805 1268
2 805 779 1268
2 1268 779 2563
2 1268 2563 4283
2 4283 2563 4452
2 2563 1269 4452
2 805 777 779
2 4453 779 777
2 4453 777 4424
2 4453 4424 3336
2 3336 3653 4453
2 1349 4453 3653
2 3336 4683 3653
2 3653 4683 4596
2 4596 4683 2478
2 2478 4606 4596
2 4596 4606 4607
2 4596 4607 2896
2 4601 2896 4607
2 1308 4607 4606
2 1308 2473 4607
2 4429 4606 2478
2 4429 2478 3944
2 4429 3944 4445
2 4429 4445 1576
2 1575 4429 1576
2 1576 2532 1575
2 1576 4570 2532
2 4582 4570 1576
2 1576 1201 4582
2 1201 1576 4445
2 4445 3287 1201
2 4445 3944 3287
2 3287 3944 4602
2 3287 4602 3336
2 3336 4602 4683
2 4683 4602 3944
2 4683 3944 2478
2 4683 4602 3944
2 1575 3530 4429
2 1201 1576 4445
2 4445 3944 3287
2 4683 3944 2478
2 4683 3944 2478
2 3336 4602 4683
2 3336 4424 3187
2 3187 4424 3444
2 777 3444 4424
2 777 2387 3444
2 3444 2387 2190
2 777 805 2387
2 777 3444 4424
2 777 805 2387
2 1491 1493 2859
2 2859 1493 4384
2 1493 3646 4384
2 3646 2541 4384
2 1493 4355 3646
2 1058 3646 4355
2 3563 1058 4355
2 3563 4355 3253
2 3253 4355 1491
2 3253 1491 3176
2 3253 3176 1747
2 1491 4355 1493
2 2620 3646 1058
2 2620 1058 4218
2 1491 4355 1493
2 1491 4355 1493
2 3253 1491 3176
2 1268 2563 4283
2 4283 2563 4452
2 3253 3176 1747
2 3253 3176 1747
2 3563 4355 3253
2 3563 1058 4355
2 2620 1058 4218
2 3455 3638 4028
2 4028 3090 4218
2 2620 1058 4218
2 2620 3646 1058
2 1745 1063 1057
2 3646 2541 4384
2 1749 1487 1745
2 2541 1487 1495
2 3646 2541 4384
2 2859 1493 4384
2 2859 805 1268
2 777 805 2387
2 2541 2664 1101
2 2664 1103 803
2 3444 2387 2190
2 3274 2737 2296
2 3274 2296 1344
2 1344 3020 3274
2 3274 3020 4599
2 4335 3274 4599
2 4335 2737 3274
2 4599 3020 3508
2 4599 3508 1633
2 1633 3508 509
2 4335 2737 3274
2 3444 2387 2190
2 3187 4424 3444
2 4335 2737 3274
2 3336 4424 3187
2 3287 4602 3336
2 4335 3274 4599
2 4599 3508 1633
2 4445 3287 1201
2 1576 1201 4582
2 1633 3508 509
2 973 3242 2370
2 4582 4570 1576
2 1729 2004 2370
2 493 2004 3638
2 1576 4570 2532
2 1576 2532 1575
2 3676 493 3638
2 3004 597 3676
2 3344 1575 493
2 1575 3530 4429
2 1575 3530 4429
2 4429 4606 2478
2 1308 4607 4606
2 2881 3545 4326
2 1308 2473 4607
2 2881 3206 3545
2 1620 3206 1725
2 4301 2473 3545
2 1308 2473 4607
2 4601 2896 4607
2 4601 2896 4607
2 4596 4607 2896
2 3653 4683 4596
2 1349 4453 3653
2 1784 1345 2896
2 1833 3762 1784
2 780 3772 1270
2 1350 4255 1345
2 1345 4255 1349
2 1349 4453 3653
2 4453 779 777
2 1268 779 2563
2 1349 2475 4112
2 2563 1269 4452
2 4255 780 2475
2 780 3772 1270
2 2563 1269 4452
2 4043 1747 4452
2 4043 2227 1747
2 1489 1748 3809
2 1059 1747 2227
2 4191 3563 1059
2 3004 4218 4191
2 3004 597 3676
2 3344 597 3395
2 3530 3395 494
2 2881 494 498
2 4242 498 4548
2 597 2016 2683
2 4191 2815 2016
2 2815 1059 2812
2 2668 4242 4548
2 4229 2812 4437
2 4547 4242 2668
2 4256 3707 4547
2 1976 4222 4256
2 4229 2812 4437
2 4437 2227 1748
2 1976 1060 4222
2 1060 3641 2702
2 1489 3498 1748
2 3641 1061 2702
2 4347 4223 1061
2 4231 3796 3786
2 4347 3190 4224
2 3322 4223 4347
2 3322 1726 2946
2 3465 1726 1730
2 3796 3925 4224
2 3796 4531 1727
2 3465 1726 1730
2 4302 2050 3465
2 2050 4302 974
2 4351 1574 4291
2 1730 1727 495
2 4351 1574 4291
2 2978 140 1571
2 511 1571 140
2 140 513 511
2 513 4609 511
2 511 4609 3738
2 511 3738 3700
2 3738 4609 4598
2 513 170 4609
2 1658 170 513
2 140 1658 513
2 2127 1658 140
2 2127 140 3094
2 4294 2127 3094
2 4294 3094 2261
2 2261 1661 4294
2 1661 1659 4294
2 4294 1659 2224
2 4294 2224 2127
2 1658 2127 2224
2 2224 4619 1658
2 4619 170 1658
2 4619 1264 170
2 170 1264 196
2 196 4622 170
2 195 170 4622
2 195 4622 4620
2 196 4620 4622
2 4620 196 601
2 601 3137 4620
2 3137 4638 4620
2 4638 3137 4637
2 1065 4638 4637
2 4637 1066 1065
2 1066 1148 1065
2 1065 1148 2344
2 1065 2344 3824
2 1065 3824 4638
2 1148 4341 2344
2 1148 4697 4341
2 1148 4446 4697
2 4446 1605 4697
2 1336 4697 1605
2 1605 4446 1981
2 1981 4446 2762
2 2762 3023 1981
2 3023 2762 2609
2 3023 2609 3622
2 3622 2798 3023
2 2609 3282 3622
2 2609 4621 3282
2 3282 4621 1171
2 3123 3282 1171
2 1171 2101 3123
2 1171 1682 2101
2 1682 2626 2101
2 2101 2626 410
2 2584 410 2626
2 2626 1682 3764
2 1682 3215 3764
2 3764 3215 1681
2 1681 409 3764
2 409 1884 3764
2 1884 409 2333
2 2586 2333 409
2 2586 409 3185
2 3185 1851 2586
2 1851 3436 2586
2 2333 2586 3436
2 2333 3436 2596
2 254 2596 3436
2 4694 254 3436
2 1851 4694 3436
2 1851 216 4694
2 216 1177 4694
2 4694 1177 1178
2 254 4694 1178
2 3102 254 1178
2 1178 4127 3102
2 2526 3102 4127
2 2526 4127 3546
2 3546 2892 2526
2 2892 1598 2526
2 3799 2526 1598
2 2526 3799 3102
2 3799 261 3102
2 261 254 3102
2 261 2596 254
2 1597 1598 2892
2 1597 2892 3525
2 565 1597 3525
2 565 3525 2573
2 3696 565 2573
2 1524 3696 2573
2 1524 2573 1775
2 1775 1525 1524
2 475 1524 1525
2 1525 1176 475
2 1176 1174 475
2 3452 475 1174
2 1583 3452 1174
2 1583 1174 3708
2 3708 3170 1583
2 1583 3170 2261
2 2051 1583 2261
2 3094 2051 2261
2 2565 2051 3094
2 93 2565 3094
2 3094 118 93
2 2978 93 118
2 2978 118 140
2 3094 140 118
2 3094 140 118
2 2565 3516 2051
2 2051 3516 3452
2 2051 3452 1583
2 476 3452 3516
2 3516 2676 476
2 476 2676 565
2 476 565 3696
2 476 3696 3110
2 3110 3452 476
2 475 3452 3110
2 1524 475 3110
2 1524 3110 3696
2 1524 3110 3696
2 3941 2676 3516
2 3110 3452 476
2 2051 3452 1583
2 3170 1661 2261
2 107 1661 3170
2 86 107 3170
2 3170 3708 86
2 86 3708 99
2 86 99 1186
2 86 1186 3091
2 86 3091 107
2 3091 3194 107
2 107 3194 1561
2 130 107 1561
2 130 1561 1846
2 158 130 1846
2 158 1846 1259
2 1259 171 158
2 171 4616 158
2 158 4616 130
2 4616 1660 130
2 1660 107 130
2 1660 1661 107
2 1661 1660 1659
2 4618 1659 1660
2 4618 1660 4616
2 4617 4618 4616
2 171 4617 4616
2 844 4617 171
2 844 171 1441
2 217 844 1441
2 1431 217 1441
2 1441 3317 1431
2 3317 3506 1431
2 1431 3506 236
2 217 1431 236
2 217 236 1187
2 1187 4617 217
2 4617 844 217
2 4617 1187 4079
2 4079 4618 4617
2 3640 4618 4079
2 4079 2972 3640
2 4619 3640 2972
2 1849 4619 2972
2 2972 2217 1849
2 2217 1177 1849
2 1849 1177 1264
2 1264 4619 1849
2 1264 1177 216
2 1264 216 196
2 216 601 196
2 216 1851 601
2 601 1851 3185
2 601 3185 1681
2 3542 601 1681
2 1182 3542 1681
2 1681 3215 1182
2 3215 3810 1182
2 4623 1182 3810
2 1301 4623 3810
2 1301 3810 4621
2 2609 1301 4621
2 2762 1301 2609
2 1301 2762 1066
2 1066 3658 1301
2 1301 3658 4623
2 3658 1183 4623
2 1183 1182 4623
2 1182 1183 3542
2 3542 1183 3137
2 3542 3137 601
2 1183 4637 3137
2 3658 4637 1183
2 1066 4637 3658
2 3658 4637 1183
2 1066 4637 3658
2 4446 1066 2762
2 1148 1066 4446
2 4621 3810 1171
2 3810 1682 1171
2 3215 1682 3810
2 1301 3658 4623
2 1183 1182 4623
2 3215 1682 3810
2 1182 1183 3542
2 3542 3137 601
2 1681 3185 409
2 1177 2217 1178
2 2925 1178 2217
2 2970 2925 2217
2 1187 2970 2217
2 4079 1187 2217
2 4079 2217 2972
2 236 2970 1187
2 2970 236 255
2 2970 255 3078
2 2925 2970 3078
2 4127 2925 3078
2 3546 4127 3078
2 3546 3078 3084
2 2135 3546 3084
2 1307 2135 3084
2 1307 3084 239
2 218 1307 239
2 218 239 1672
2 1672 1339 218
2 199 218 1339
2 4625 199 1339
2 1288 4625 1339
2 800 1288 1339
2 1672 800 1339
2 800 1672 2472
2 2472 4415 800
2 800 4415 1288
2 1288 4415 2309
2 3292 1288 2309
2 3292 2309 2809
2 1290 3292 2809
2 4227 1290 2809
2 4227 2809 3841
2 3412 4227 3841
2 3841 1674 3412
2 3412 1674 798
2 3412 798 3025
2 1340 3412 3025
2 3025 3808 1340
2 3808 4626 1340
2 1340 4626 4227
2 3412 1340 4227
2 3073 4227 4626
2 3073 4626 1406
2 3073 1406 1255
2 1290 3073 1255
2 1290 1255 1254
2 1289 1290 1254
2 1254 1256 1289
2 3042 1289 1256
2 3042 1256 966
2 966 1632 3042
2 561 3042 1632
2 561 1632 3520
2 561 3520 249
2 561 249 229
2 229 1282 561
2 561 1282 1404
2 1404 3042 561
2 1404 1289 3042
2 1289 1404 1288
2 3292 1289 1288
2 1289 3292 1290
2 4625 1288 1404
2 1282 4625 1404
2 189 4625 1282
2 1282 211 189
2 4410 189 211
2 229 4410 211
2 229 211 1282
2 229 2060 4410
2 4410 2060 2877
2 4410 2877 189
2 189 2877 1104
2 173 189 1104
2 1104 3439 173
2 3439 162 173
2 173 162 163
2 163 617 173
2 617 199 173
2 199 4625 173
2 189 173 4625
2 617 3783 199
2 199 3783 218
2 3783 1307 218
2 3783 943 1307
2 1307 943 2135
2 3525 2135 943
2 2573 3525 943
2 1775 2573 943
2 3783 1775 943
2 3783 1776 1775
2 1775 1776 1525
2 1176 1525 1776
2 1776 1526 1176
2 147 1176 1526
2 147 1526 163
2 1029 147 163
2 1029 163 1315
2 1315 3479 1029
2 1029 3479 4162
2 4162 147 1029
2 4162 99 147
2 99 1174 147
2 147 1174 1176
2 1174 99 3708
2 1186 99 4162
2 2439 1186 4162
2 2439 4162 4417
2 4417 3122 2439
2 3122 3889 2439
2 2285 2439 3889
2 815 2285 3889
2 815 3889 3677
2 1558 815 3677
2 3247 1558 3677
2 1844 3247 3677
2 1844 3677 785
2 1847 1844 785
2 785 1636 1847
2 1636 3927 1847
2 1847 3927 3468
2 1847 3468 1844
2 1844 3468 2413
2 1844 2413 4615
2 1844 4615 646
2 1844 646 3247
2 1845 3247 646
2 1845 646 1259
2 1846 1845 1259
2 1846 1561 1845
2 1558 1845 1561
2 3194 1558 1561
2 1558 3194 815
2 3091 815 3194
2 815 3091 2285
2 3091 2439 2285
2 2439 3091 1186
2 3247 1845 1558
2 646 1477 1259
2 1259 1477 3304
2 146 1259 3304
2 3304 131 146
2 146 131 4456
2 4456 171 146
2 171 1259 146
2 4456 2418 171
2 171 2418 1595
2 171 1595 197
2 521 171 197
2 197 223 521
2 521 223 1764
2 521 1764 4407
2 4692 521 4407
2 4692 4407 1221
2 1221 3461 4692
2 3461 1441 4692
2 171 4692 1441
2 4692 171 521
2 3461 1442 1441
2 3317 1441 1442
2 3317 1442 1443
2 2716 3317 1443
2 1444 2716 1443
2 3703 1444 1443
2 1443 1442 3703
2 3703 1442 3461
2 3461 1220 3703
2 1220 764 3703
2 3703 764 1433
2 1433 1444 3703
2 1434 1444 1433
2 764 1434 1433
2 1434 764 2274
2 3604 1434 2274
2 3604 2274 2953
2 3604 2953 4260
2 3604 4260 1435
2 3604 1435 1434
2 1445 1434 1435
2 1445 1435 4304
2 4304 1238 1445
2 1238 1444 1445
2 1444 1434 1445
2 1514 1444 1238
2 1514 1238 2092
2 2092 4677 1514
2 1514 4677 2716
2 1514 2716 1444
2 4677 3608 2716
2 872 2716 3608
2 4444 872 3608
2 3608 4677 4444
2 4444 4677 1674
2 3841 4444 1674
2 3841 797 4444
2 4444 797 1673
2 1673 872 4444
2 2851 872 1673
2 1673 2472 2851
2 2851 2472 4675
2 4675 1237 2851
2 1237 872 2851
2 2716 872 1237
2 1237 3317 2716
2 3317 1237 3506
2 3506 1237 4675
2 255 3506 4675
2 255 4675 266
2 255 266 3078
2 266 3084 3078
2 239 3084 266
2 239 266 1672
2 4675 1672 266
2 4675 2472 1672
2 4675 1672 266
2 255 236 3506
2 3506 1237 4675
2 4675 2472 1672
2 1673 4415 2472
2 4415 1673 797
2 797 2309 4415
2 2809 2309 797
2 3841 2809 797
2 1237 872 2851
2 4415 1673 797
2 3841 2809 797
2 1674 4677 2092
2 798 1674 2092
2 4676 798 2092
2 1238 4676 2092
2 1238 2819 4676
2 798 4676 2819
2 1262 798 2819
2 2819 4061 1262
2 4061 2291 1262
2 2291 3025 1262
2 3025 798 1262
2 2291 3808 3025
2 801 3808 2291
2 799 801 2291
2 2933 799 2291
2 2933 2291 4061
2 4061 871 2933
2 2037 2933 871
2 871 3166 2037
2 2037 3166 3043
2 2230 2037 3043
2 1236 2230 3043
2 3043 3657 1236
2 1234 1236 3657
2 2971 1234 3657
2 2971 3657 1447
2 1447 1439 2971
2 1439 2846 2971
2 2971 2846 3462
2 1234 2971 3462
2 1234 3462 1235
2 1234 1235 4673
2 1234 4673 1236
2 4426 1236 4673
2 4012 4426 4673
2 4012 4673 3513
2 3013 4012 3513
2 4674 3013 3513
2 4674 3513 2102
2 2320 4674 2102
2 2966 2320 2102
2 2102 3430 2966
2 3430 2422 2966
2 2422 3199 2966
2 3051 3199 2422
2 2422 1451 3051
2 1451 1440 3051
2 407 3051 1440
2 2800 407 1440
2 2800 1440 2846
2 2800 2846 4156
2 2800 4156 4387
2 2800 4387 4629
2 2800 4629 407
2 407 4629 2595
2 407 2595 2781
2 3051 407 2781
2 2781 3199 3051
2 2781 2118 3199
2 4628 2118 2781
2 2595 4628 2781
2 1667 4628 2595
2 4629 1667 2595
2 1667 4629 3448
2 4272 1667 3448
2 4272 3448 3437
2 3437 2617 4272
2 3755 4272 2617
2 3755 2617 2429
2 2429 3497 3755
2 3755 3497 965
2 965 4272 3755
2 3010 4272 965
2 2551 4272 3010
2 1667 4272 2551
2 1667 2551 3728
2 1667 3728 4628
2 2429 622 3497
2 3497 622 1405
2 3260 3497 1405
2 998 3260 1405
2 2920 998 1405
2 3701 2920 1405
2 3701 1405 622
2 633 3701 622
2 2429 633 622
2 2429 595 633
2 633 595 3843
2 3843 624 633
2 2136 633 624
2 624 1258 2136
2 1258 1407 2136
2 2136 1407 1286
2 629 2136 1286
2 629 1286 1409
2 629 1409 3701
2 629 3701 633
2 2136 629 633
2 3760 3701 1409
2 852 3760 1409
2 852 1409 1286
2 1286 2251 852
2 2251 3760 852
2 4482 3760 2251
2 4482 2251 4047
2 4482 4047 3013
2 4482 3013 4282
2 4482 4282 2214
2 2914 4482 2214
2 2214 3349 2914
2 2914 3349 1019
2 2914 1019 998
2 2920 2914 998
2 2914 2920 3760
2 4482 2914 3760
2 3760 2920 3701
2 3349 2214 2848
2 2848 2214 4282
2 4674 2848 4282
2 3013 4674 4282
2 4674 4672 2848
2 2320 4672 4674
2 4482 2914 3760
2 2848 2214 4282
2 3013 4674 4282
2 4012 3013 4047
2 4012 4047 4483
2 4392 4012 4483
2 3240 4392 4483
2 3898 3240 4483
2 4483 2251 3898
2 2251 1286 3898
2 2729 3898 1286
2 1407 2729 1286
2 1283 2729 1407
2 1283 1407 4378
2 1283 4378 627
2 1285 1283 627
2 1285 627 626
2 626 3318 1285
2 3318 3203 1285
2 1283 1285 3203
2 3680 1283 3203
2 3680 3203 3560
2 3560 4278 3680
2 4278 3240 3680
2 3680 3240 619
2 2729 3680 619
2 3898 2729 619
2 3898 619 3240
2 2729 1283 3680
2 3898 619 3240
2 4278 4392 3240
2 2248 4392 4278
2 2248 4278 799
2 799 2230 2248
2 2248 2230 4426
2 2248 4426 4392
2 4012 4392 4426
2 1236 4426 2230
2 2933 2230 799
2 2933 2037 2230
2 4278 3540 799
2 799 3540 801
2 3540 3560 801
2 801 3560 3203
2 801 3203 997
2 801 997 3808
2 3808 997 4626
2 4626 997 3318
2 1408 4626 3318
2 626 1408 3318
2 625 1408 626
2 4349 625 626
2 631 4349 626
2 628 631 626
2 627 628 626
2 628 627 4378
2 628 4378 632
2 631 628 632
2 632 1009 631
2 594 631 1009
2 1669 594 1009
2 1669 1009 1770
2 1770 3828 1669
2 3905 1669 3828
2 3905 3828 4630
2 2959 3905 4630
2 4630 1972 2959
2 1972 568 2959
2 568 1998 2959
2 1998 1668 2959
2 1668 3905 2959
2 1768 3905 1668
2 1768 1668 937
2 1768 937 3793
2 594 1768 3793
2 594 3793 4349
2 631 594 4349
2 3066 4349 3793
2 3793 3058 3066
2 3058 1769 3066
2 3066 1769 3145
2 623 3066 3145
2 623 3145 1257
2 1255 623 1257
2 1257 1254 1255
2 1256 1254 1257
2 1257 4348 1256
2 4348 966 1256
2 966 4348 1766
2 1766 1765 966
2 966 1765 1632
2 1632 1765 3956
2 3520 1632 3956
2 3520 3956 263
2 3520 263 249
2 263 2181 249
2 2181 2060 249
2 249 2060 229
2 2181 2046 2060
2 2046 227 2060
2 2877 2060 227
2 2877 227 203
2 2877 203 3100
2 2877 3100 1104
2 1104 3100 3439
2 3439 3100 2485
2 3439 2485 3069
2 3439 3069 1157
2 139 3439 1157
2 139 1157 2476
2 113 139 2476
2 2476 87 113
2 87 3426 113
2 3426 3785 113
2 113 3785 2714
2 139 113 2714
2 2714 162 139
2 3439 139 162
2 162 2714 1712
2 1315 162 1712
2 1312 1315 1712
2 3782 1312 1712
2 1712 2714 3782
2 2714 3019 3782
2 3992 3782 3019
2 1718 3992 3019
2 3019 3408 1718
2 1631 1718 3408
2 3408 3619 1631
2 3619 4363 1631
2 4363 3334 1631
2 1631 3334 2633
2 2633 870 1631
2 1631 870 1718
2 1718 870 2432
2 1718 2432 3992
2 3992 2432 1028
2 1312 3992 1028
2 1312 1028 3479
2 3479 1315 1312
2 1781 3479 1028
2 1781 1028 2122
2 1781 2122 551
2 551 3049 1781
2 1781 3049 3122
2 1781 3122 4417
2 3479 1781 4417
2 4417 4162 3479
2 3488 3122 3049
2 3045 3488 3049
2 3045 3049 1780
2 2047 3045 1780
2 2979 2047 1780
2 551 2979 1780
2 1780 3049 551
2 2979 551 870
2 2979 870 2633
2 3334 2979 2633
2 550 2979 3334
2 550 3334 1311
2 1311 2838 550
2 1779 550 2838
2 1779 2838 3101
2 1779 3101 1778
2 2047 1779 1778
2 2047 1778 3045
2 4353 3045 1778
2 1778 812 4353
2 812 4182 4353
2 4353 4182 929
2 4353 929 4354
2 4353 4354 3045
2 3045 4354 3488
2 4354 786 3488
2 786 3122 3488
2 786 787 3122
2 3889 3122 787
2 3889 787 3677
2 787 785 3677
2 785 787 786
2 1636 785 786
2 929 1636 786
2 929 786 4354
2 929 3927 1636
2 3927 929 1559
2 3927 1559 1556
2 556 3927 1556
2 556 1556 2299
2 4235 556 2299
2 716 4235 2299
2 716 2299 3238
2 3238 715 716
2 715 4568 716
2 716 4568 2738
2 716 2738 3917
2 716 3917 4235
2 3917 3138 4235
2 3138 2805 4235
2 556 4235 2805
2 2805 3468 556
2 3927 556 3468
2 4268 3468 2805
2 4268 2805 2960
2 4268 2960 2885
2 2885 1475 4268
2 4268 1475 2413
2 3468 4268 2413
2 1475 4615 2413
2 1477 4615 1475
2 1477 1475 713
2 1476 1477 713
2 110 1476 713
2 3426 110 713
2 2114 3426 713
2 2950 2114 713
2 2950 713 3030
2 2950 3030 3300
2 2950 3300 2834
2 2834 3689 2950
2 3689 2114 2950
2 3689 3785 2114
2 2114 3785 3426
2 2714 3785 3689
2 3689 3019 2714
2 2834 3019 3689
2 3408 3019 2834
2 3408 2834 1410
2 3408 1410 2568
2 2568 3619 3408
2 3619 2568 1196
2 1196 3753 3619
2 3753 1071 3619
2 1717 3619 1071
2 1071 4434 1717
2 1070 1717 4434
2 1070 4434 2649
2 1715 1070 2649
2 2649 3314 1715
2 1715 3314 1026
2 1715 1026 996
2 996 1070 1715
2 1070 996 3527
2 1070 3527 1717
2 3527 1311 1717
2 1717 1311 4363
2 3619 1717 4363
2 3334 4363 1311
2 3527 2838 1311
2 3527 1025 2838
2 2838 1025 3579
2 2838 3579 3080
2 2838 3080 3101
2 2001 3101 3080
2 811 2001 3080
2 3026 811 3080
2 3080 3579 3026
2 1027 3026 3579
2 1027 3579 3099
2 3099 1026 1027
2 4337 1027 1026
2 4337 1026 3607
2 3607 2899 4337
2 4337 2899 1783
2 4337 1783 3329
2 4337 3329 3026
2 3026 1027 4337
2 3329 1158 3026
2 1158 2748 3026
2 2748 811 3026
2 814 811 2748
2 814 2748 3310
2 814 3310 928
2 814 928 3522
2 2301 814 3522
2 3522 3316 2301
2 2301 3316 1556
2 1559 2301 1556
2 4182 2301 1559
2 1559 929 4182
2 2301 4182 814
2 814 4182 2001
2 814 2001 811
2 4182 812 2001
2 3101 2001 812
2 1778 3101 812
2 3316 2299 1556
2 2299 3316 3238
2 3316 644 3238
2 3312 3238 644
2 3522 3312 644
2 3522 644 3316
2 3522 1555 3312
2 3312 1555 4613
2 3312 4613 715
2 3312 715 3238
2 714 715 4613
2 4614 714 4613
2 4614 4613 1554
2 4614 1554 4611
2 4611 4589 4614
2 4614 4589 714
2 714 4589 4186
2 4186 715 714
2 715 4186 4574
2 715 4574 4568
2 2672 4568 4574
2 4560 2672 4574
2 4560 4574 4186
2 4158 4560 4186
2 4186 3936 4158
2 4158 3936 4562
2 4158 4562 3072
2 3072 4560 4158
2 4560 3072 4315
2 4315 4554 4560
2 4560 4554 2672
2 4143 2672 4554
2 4554 3827 4143
2 4143 3827 4434
2 4143 4434 1071
2 2787 4143 1071
2 3753 2787 1071
2 4561 2787 3753
2 4561 3753 1196
2 4561 1196 2104
2 2738 4561 2104
2 2738 2104 4567
2 3917 2738 4567
2 3917 4567 3138
2 717 3138 4567
2 717 4567 718
2 717 718 2960
2 2805 717 2960
2 3138 717 2805
2 2960 718 3613
2 2960 3613 2885
2 3030 2885 3613
2 3300 3030 3613
2 2679 3300 3613
2 3613 2540 2679
2 1196 2679 2540
2 1196 2540 2104
2 4567 2104 2540
2 718 4567 2540
2 718 2540 3613
2 2568 2679 1196
2 2568 1410 2679
2 1410 3300 2679
2 3300 1410 2834
2 718 2540 3613
2 1410 3300 2679
2 3030 1475 2885
2 1475 3030 713
2 718 2540 3613
2 718 4567 2540
2 3138 717 2805
2 4567 2104 2540
2 4568 4561 2738
2 4568 2672 4561
2 4143 4561 2672
2 4143 2787 4561
2 1196 2540 2104
2 4143 2787 4561
2 4143 2787 4561
2 4434 3827 2649
2 1411 2649 3827
2 1411 3827 4554
2 1411 4554 4315
2 3072 1411 4315
2 2687 1411 3072
2 4562 2687 3072
2 1195 2687 4562
2 1195 4562 2870
2 1195 2870 1313
2 1195 1313 4467
2 4467 3374 1195
2 1195 3374 2687
2 654 2687 3374
2 3374 1630 654
2 654 1630 3314
2 654 3314 2649
2 1411 654 2649
2 1411 2687 654
2 3314 1630 3607
2 1026 3314 3607
2 3607 1630 1310
2 3607 1310 2899
2 1310 1024 2899
2 1783 2899 1024
2 2357 1783 1024
2 3612 2357 1024
2 4352 3612 1024
2 2922 4352 1024
2 1310 2922 1024
2 2922 1310 4228
2 2922 4228 3631
2 2922 3631 4352
2 3612 4352 3631
2 1782 3612 3631
2 1782 3631 1960
2 1782 1960 2433
2 1782 2433 3685
2 3612 1782 3685
2 3645 3612 3685
2 3645 3685 3757
2 3872 3645 3757
2 813 3872 3757
2 3757 4240 813
2 4240 3423 813
2 3423 1562 813
2 813 1562 3353
2 813 3353 928
2 3310 813 928
2 813 3310 1158
2 813 1158 3872
2 1158 3329 3872
2 3329 3645 3872
2 3645 3329 1783
2 3645 1783 2357
2 3645 2357 3612
2 3310 2748 1158
2 1555 928 3353
2 1555 3353 1562
2 1554 1555 1562
2 3423 1554 1562
2 2479 1554 3423
2 1560 2479 3423
2 4240 1560 3423
2 1560 4240 1713
2 1713 2479 1560
2 2479 1713 3489
2 2479 3489 4612
2 2479 4612 4611
2 1554 2479 4611
2 4611 4612 4588
2 4589 4611 4588
2 4022 4589 4588
2 4588 3143 4022
2 4022 3143 1515
2 1515 4569 4022
2 3386 4022 4569
2 3315 3386 4569
2 939 3315 4569
2 1515 939 4569
2 939 1515 4573
2 3765 939 4573
2 3765 2717 939
2 2717 3315 939
2 2717 2336 3315
2 1313 3315 2336
2 2336 3064 1313
2 1313 3064 4467
2 4467 3064 2483
2 2483 1073 4467
2 4467 1073 1714
2 4467 1714 3374
2 3374 1714 4277
2 3374 4277 1630
2 1310 1630 4277
2 1714 1310 4277
2 1310 1714 4228
2 4228 1714 1073
2 869 4228 1073
2 1073 2483 869
2 869 2483 3559
2 869 3559 1314
2 1314 3631 869
2 869 3631 4228
2 1960 3631 1314
2 829 1960 1314
2 1314 3559 829
2 1629 829 3559
2 3559 1072 1629
2 2397 1629 1072
2 1030 1629 2397
2 4273 1629 1030
2 3175 4273 1030
2 4273 3175 549
2 549 2433 4273
2 2433 829 4273
2 829 1629 4273
2 2433 1960 829
2 2433 549 3018
2 3018 1777 2433
2 3685 2433 1777
2 1777 3955 3685
2 3685 3955 3757
2 3757 3955 4240
2 4342 4240 3955
2 4342 3955 4343
2 1713 4342 4343
2 1552 1713 4343
2 4343 3482 1552
2 1552 3482 2314
2 2314 3006 1552
2 1552 3006 3489
2 1552 3489 1713
2 2162 3489 3006
2 3006 1260 2162
2 3454 2162 1260
2 3143 2162 3454
2 1515 3143 3454
2 4573 1515 3454
2 2162 3143 4612
2 3489 2162 4612
2 4588 4612 3143
2 1260 3006 645
2 2314 645 3006
2 3489 2162 4612
2 2314 645 3006
2 2314 3482 2857
2 3482 1698 2857
2 3482 3047 1698
2 3047 1777 1698
2 1777 3018 1698
2 549 1698 3018
2 3955 1777 3047
2 4343 3955 3047
2 4343 3047 3482
2 4343 3047 3482
2 4343 3047 3482
2 1552 3489 1713
2 4342 1713 4240
2 4343 3955 3047
2 4342 1713 4240
2 3955 1777 3047
2 1777 3018 1698
2 549 1698 3018
2 829 1629 4273
2 3559 2483 1072
2 1072 2483 3064
2 1072 3064 1068
2 3064 4555 1068
2 3064 2336 4555
2 2717 4555 2336
2 829 1629 4273
2 2433 1960 829
2 1314 3559 829
2 3559 2483 1072
2 869 3631 4228
2 1714 1310 4277
2 4228 1714 1073
2 1073 2483 869
2 1072 2483 3064
2 3064 2336 4555
2 1313 2870 3315
2 2870 3386 3315
2 2870 3936 3386
2 3386 3936 4022
2 3936 4114 4022
2 4589 4022 4114
2 4114 4186 4589
2 3936 4186 4114
2 3936 4186 4114
2 3936 2870 4562
2 2717 4555 2336
2 4573 1515 3454
2 2717 3315 939
2 2870 3386 3315
2 3386 3936 4022
2 1515 939 4569
2 1515 3143 3454
2 4588 4612 3143
2 4589 4022 4114
2 4588 4612 3143
2 3489 2162 4612
2 1552 3489 1713
2 4342 1713 4240
2 1713 2479 1560
2 1554 2479 4611
2 1555 1554 4613
2 928 1555 3522
2 1555 3353 1562
2 3423 1554 1562
2 4240 1560 3423
2 3757 3955 4240
2 813 1158 3872
2 3329 3645 3872
2 3685 3955 3757
2 3645 2357 3612
2 3685 2433 1777
2 2433 1960 829
2 1960 3631 1314
2 3612 1782 3685
2 869 3631 4228
2 1310 1714 4228
2 2922 3631 4352
2 3612 4352 3631
2 3645 2357 3612
2 3645 1783 2357
2 1310 2922 1024
2 1310 1630 4277
2 3374 4277 1630
2 1411 2687 654
2 4467 1714 3374
2 1313 3064 4467
2 1313 2870 3315
2 3936 2870 4562
2 1195 3374 2687
2 1411 2687 654
2 1411 654 2649
2 1411 3827 4554
2 4143 4561 2672
2 1411 4554 4315
2 3072 1411 4315
2 4562 2687 3072
2 3936 2870 4562
2 3936 4186 4114
2 3072 4560 4158
2 4560 4554 2672
2 4568 2672 4561
2 4560 4574 4186
2 4114 4186 4589
2 4589 4611 4588
2 1554 2479 4611
2 1555 1554 4613
2 4614 4589 714
2 4186 715 714
2 1555 1554 4613
2 928 1555 3522
2 3312 715 3238
2 3522 644 3316
2 3522 644 3316
2 2301 4182 814
2 928 1555 3522
2 3310 813 928
2 3310 2748 1158
2 814 2001 811
2 3310 2748 1158
2 1158 3329 3872
2 3645 3329 1783
2 1783 2899 1024
2 3607 1310 2899
2 1026 3314 3607
2 3026 1027 4337
2 3099 996 1026
2 996 3099 1025
2 996 1025 3527
2 3579 1025 3099
2 3579 1025 3099
2 3026 1027 4337
2 2748 811 3026
2 814 2001 811
2 3101 2001 812
2 3080 3579 3026
2 3579 1025 3099
2 996 1025 3527
2 996 1025 3527
2 3099 996 1026
2 1026 3314 3607
2 654 3314 2649
2 996 1070 1715
2 4434 3827 2649
2 1070 3527 1717
2 4143 4434 1071
2 3619 1717 4363
2 3753 2787 1071
2 4561 3753 1196
2 2568 2679 1196
2 2568 1410 2679
2 3300 1410 2834
2 2834 3019 3689
2 3300 1410 2834
2 3300 3030 3613
2 1475 3030 713
2 3689 2114 2950
2 2114 3785 3426
2 3426 87 110
2 87 2504 110
2 131 110 2504
2 1950 131 2504
2 2504 2149 1950
2 2149 2832 1950
2 1950 2832 3153
2 1950 3153 4456
2 131 1950 4456
2 4456 3153 2418
2 3153 177 2418
2 2418 177 2515
2 2418 2515 1595
2 2515 2103 1595
2 2103 223 1595
2 197 1595 223
2 238 223 2103
2 238 2103 3366
2 263 238 3366
2 263 3366 2181
2 3366 2046 2181
2 3366 3330 2046
2 2046 3330 256
2 256 227 2046
2 227 256 174
2 174 203 227
2 181 203 174
2 164 181 174
2 164 174 148
2 2485 164 148
2 148 3069 2485
2 148 125 3069
2 125 3660 3069
2 3660 2476 3069
2 1157 3069 2476
2 3660 2215 2476
2 2215 2124 2476
2 2476 2124 87
2 2504 87 2124
2 2504 2124 2149
2 2149 2124 2215
2 2149 2215 103
2 2149 103 123
2 2832 2149 123
2 2832 123 141
2 2832 141 3153
2 141 159 3153
2 3153 159 177
2 174 177 159
2 174 159 141
2 174 141 123
2 103 174 123
2 103 95 174
2 95 125 174
2 125 148 174
2 125 95 3660
2 2215 3660 95
2 103 2215 95
2 103 2215 95
2 174 198 177
2 177 198 2515
2 2991 2515 198
2 2991 198 224
2 2991 224 3330
2 2991 3330 3366
2 2103 2991 3366
2 2103 2515 2991
2 3330 224 247
2 3330 247 256
2 247 174 256
2 247 224 174
2 224 198 174
2 247 224 174
2 224 198 174
2 2103 2515 2991
2 224 198 174
2 174 159 141
2 174 141 123
2 103 174 123
2 103 2215 95
2 2149 2124 2215
2 2215 3660 95
2 125 95 3660
2 125 148 174
2 2485 3100 164
2 3100 181 164
2 3100 203 181
2 125 148 174
2 3100 181 164
2 3100 203 181
2 247 174 256
2 3330 247 256
2 2991 3330 3366
2 263 1764 238
2 238 1764 223
2 263 3956 1764
2 1764 3956 2553
2 2553 4407 1764
2 1221 4407 2553
2 1221 2553 3041
2 3461 1221 3041
2 3461 3041 1220
2 931 1220 3041
2 931 3041 934
2 934 935 931
2 932 931 935
2 932 935 936
2 936 937 932
2 2953 932 937
2 2953 937 1668
2 1998 2953 1668
2 4260 2953 1998
2 1436 4260 1998
2 1436 1998 568
2 1436 568 1437
2 4304 1436 1437
2 4304 1437 3166
2 4304 3166 871
2 4304 871 4244
2 4304 4244 1238
2 4061 1238 4244
2 871 4061 4244
2 4061 2819 1238
2 871 4061 4244
2 1437 1446 3166
2 3166 1446 3043
2 1447 3043 1446
2 1446 1438 1447
2 1447 1438 1439
2 3457 1439 1438
2 4631 3457 1438
2 1972 4631 1438
2 1437 1972 1438
2 1438 1446 1437
2 568 1972 1437
2 1972 4630 4631
2 3828 4631 4630
2 3828 933 4631
2 933 3457 4631
2 3457 933 4241
2 4387 3457 4241
2 4241 1670 4387
2 4356 4387 1670
2 4356 1670 1771
2 4356 1771 1772
2 3448 4356 1772
2 1772 3437 3448
2 1772 2617 3437
2 595 2617 1772
2 595 1772 1771
2 595 1771 3843
2 1771 1767 3843
2 1767 1770 3843
2 1770 1009 3843
2 3843 1009 624
2 632 624 1009
2 632 1258 624
2 4378 1258 632
2 4378 1407 1258
2 1767 1670 1770
2 1770 1670 933
2 933 3828 1770
2 933 1670 4241
2 1767 1771 1670
2 1767 1771 1670
2 2429 2617 595
2 3448 4387 4356
2 3448 4629 4387
2 595 1772 1771
2 1767 1771 1670
2 3448 4387 4356
2 933 1670 4241
2 4156 3457 4387
2 4156 1439 3457
2 1439 4156 2846
2 933 1670 4241
2 933 3828 1770
2 933 3457 4631
2 4156 1439 3457
2 1438 1446 1437
2 3657 3043 1447
2 1438 1446 1437
2 1435 1436 4304
2 4260 1436 1435
2 568 1972 1437
2 4260 1436 1435
2 932 2953 2274
2 932 2274 764
2 931 932 764
2 1220 931 764
2 936 1769 937
2 3058 937 1769
2 937 3058 3793
2 1769 936 964
2 3145 1769 964
2 4348 3145 964
2 4348 964 1766
2 1766 964 935
2 1766 935 934
2 934 1765 1766
2 2553 1765 934
2 3041 2553 934
2 3956 1765 2553
2 935 964 936
2 1257 3145 4348
2 935 964 936
2 935 964 936
2 931 932 764
2 1766 935 934
2 3041 2553 934
2 1220 931 764
2 3041 2553 934
2 3956 1765 2553
2 2103 2991 3366
2 238 1764 223
2 2103 2515 2991
2 177 198 2515
2 3153 159 177
2 2832 141 3153
2 2832 2149 123
2 2504 2124 2149
2 131 1950 4456
2 1476 110 131
2 131 3304 1476
2 3304 1477 1476
2 2504 87 2124
2 1476 110 131
2 3304 1477 1476
2 1475 3030 713
2 1477 646 4615
2 3030 1475 2885
2 2960 3613 2885
2 2805 717 2960
2 3468 4268 2413
2 3138 717 2805
2 3917 4567 3138
2 3917 2738 4567
2 4568 4561 2738
2 715 4574 4568
2 3312 715 3238
2 2299 3316 3238
2 716 3917 4235
2 556 4235 2805
2 3316 2299 1556
2 3927 556 3468
2 1559 2301 1556
2 1559 929 4182
2 785 787 786
2 929 786 4354
2 929 786 4354
2 1559 929 4182
2 4182 812 2001
2 1778 3101 812
2 4353 4354 3045
2 2047 2979 1779
2 550 1779 2979
2 1778 3101 812
2 2838 3080 3101
2 550 1779 2979
2 3527 2838 1311
2 3334 4363 1311
2 550 1779 2979
2 551 2122 870
2 2122 2432 870
2 2122 1028 2432
2 2047 2979 1779
2 2047 1778 3045
2 1780 3049 551
2 3045 4354 3488
2 786 3122 3488
2 1780 3049 551
2 551 2122 870
2 2122 1028 2432
2 3479 1781 4417
2 3992 1312 3782
2 2122 1028 2432
2 2122 2432 870
2 2979 870 2633
2 3334 2979 2633
2 3334 4363 1311
2 3619 1717 4363
2 2568 3619 3408
2 1631 870 1718
2 3408 3019 2834
2 1718 2432 3992
2 3992 1312 3782
2 3689 3019 2714
2 3992 1312 3782
2 3479 1315 1312
2 163 162 1315
2 1712 2714 3782
2 2714 3785 3689
2 2114 3785 3426
2 3426 87 110
2 2476 2124 87
2 139 113 2714
2 1157 3069 2476
2 3439 139 162
2 1157 3069 2476
2 148 3069 2485
2 2485 3100 164
2 3100 203 181
2 174 203 227
2 256 227 2046
2 3366 2046 2181
2 263 3366 2181
2 263 3956 1764
2 3956 1765 2553
2 934 1765 1766
2 4348 964 1766
2 1257 3145 4348
2 623 1255 1406
2 1406 625 623
2 3066 623 625
2 3066 625 4349
2 625 1406 1408
2 4626 1408 1406
2 1257 3145 4348
2 3066 623 625
2 3145 1769 964
2 3058 937 1769
2 937 3058 3793
2 3066 625 4349
2 1768 594 1669
2 3905 1768 1669
2 937 3058 3793
2 2953 937 1668
2 3905 1768 1669
2 1998 2953 1668
2 1436 1998 568
2 568 1972 1437
2 1972 4630 4631
2 1668 3905 2959
2 3828 4631 4630
2 3905 1768 1669
2 933 3828 1770
2 1770 1009 3843
2 1768 594 1669
2 631 594 4349
2 632 624 1009
2 4378 1258 632
2 631 628 632
2 631 594 4349
2 3066 625 4349
2 625 1406 1408
2 4626 1408 1406
2 997 3203 3318
2 997 3203 3318
2 3540 4278 3560
2 3540 4278 3560
2 2248 4426 4392
2 3540 4278 3560
2 801 3560 3203
2 2729 1283 3680
2 997 3203 3318
2 626 1408 3318
2 627 628 626
2 1283 1285 3203
2 628 627 4378
2 4378 1407 1258
2 2729 1283 3680
2 3898 2729 619
2 4047 2251 4483
2 3898 619 3240
2 4278 4392 3240
2 4012 4392 4426
2 4047 2251 4483
2 4047 2251 4483
2 4482 2914 3760
2 2251 1286 3898
2 2251 3760 852
2 3760 2920 3701
2 852 1409 1286
2 2136 629 633
2 1407 2729 1286
2 4378 1407 1258
2 632 1258 624
2 2136 629 633
2 3843 1009 624
2 595 1771 3843
2 2429 2617 595
2 629 3701 633
2 3760 2920 3701
2 2920 2914 998
2 3701 1405 622
2 2429 633 622
2 2429 2617 595
2 965 4272 3755
2 1772 2617 3437
2 1772 3437 3448
2 1667 4272 2551
2 3448 4629 4387
2 1667 3728 4628
2 2595 4628 2781
2 4629 1667 2595
2 3448 4629 4387
2 4156 3457 4387
2 1439 4156 2846
2 2846 1440 3462
2 3462 1440 1451
2 1235 3462 1451
2 1451 3430 1235
2 2102 1235 3430
2 3513 1235 2102
2 1235 3513 4673
2 2422 3430 1451
2 2800 4629 407
2 3051 407 2781
2 3462 1440 1451
2 2422 3430 1451
2 2781 3199 3051
2 2422 3430 1451
2 2102 1235 3430
2 2320 4672 4674
2 3513 1235 2102
2 3013 4674 4282
2 4012 3013 4047
2 1235 3513 4673
2 4012 4392 4426
2 1236 4426 2230
2 1235 3513 4673
2 1235 3462 1451
2 2846 1440 3462
2 1439 4156 2846
2 1447 1438 1439
2 3657 3043 1447
2 1234 2971 3462
2 1234 4673 1236
2 3657 3043 1447
2 1236 4426 2230
2 2933 2037 2230
2 3166 1446 3043
2 4304 3166 871
2 2933 2037 2230
2 871 4061 4244
2 2933 2230 799
2 799 3540 801
2 801 997 3808
2 2933 2291 4061
2 4061 2819 1238
2 3025 798 1262
2 4061 2819 1238
2 798 4676 2819
2 1673 872 4444
2 2716 872 1237
2 3608 4677 4444
2 1674 4677 2092
2 1238 4676 2092
2 1514 2716 1444
2 4304 4244 1238
2 1435 1436 4304
2 1444 1434 1445
2 4260 1436 1435
2 4260 2953 1998
2 932 2953 2274
2 3604 1435 1434
2 932 2274 764
2 1444 1434 1445
2 764 1434 1433
2 1220 931 764
2 3461 3041 1220
2 1433 1444 3703
2 1514 2716 1444
2 1237 3317 2716
2 1443 1442 3703
2 3703 1442 3461
2 3461 1221 3041
2 1221 4407 2553
2 4692 171 521
2 2553 4407 1764
2 238 1764 223
2 197 1595 223
2 4692 171 521
2 197 1595 223
2 2418 2515 1595
2 4456 3153 2418
2 131 1950 4456
2 131 3304 1476
2 171 1259 146
2 3304 1477 1476
2 1477 646 4615
2 3247 1845 1558
2 1477 646 4615
2 1475 4615 2413
2 3468 4268 2413
2 3927 556 3468
2 929 3927 1636
2 1636 785 786
2 1847 3468 1844
2 787 785 3677
2 1844 646 3247
2 3247 1845 1558
2 1558 3194 815
2 3889 787 3677
2 815 3091 2285
2 3091 2439 2285
2 3889 3122 787
2 1781 3122 4417
2 4417 4162 3479
2 2439 3091 1186
2 4417 4162 3479
2 3479 1315 1312
2 163 162 1315
2 4162 147 1029
2 617 163 1526
2 617 1526 1776
2 617 1776 3783
2 147 1174 1176
2 617 1526 1776
2 617 1776 3783
2 2135 3525 2892
2 3546 2135 2892
2 3783 1775 943
2 617 1776 3783
2 617 163 1526
2 163 162 1315
2 3439 139 162
2 1104 3100 3439
2 189 173 4625
2 2877 3100 1104
2 2877 2060 227
2 249 2060 229
2 4410 2877 189
2 229 211 1282
2 189 173 4625
2 1282 4625 1404
2 229 211 1282
2 249 2060 229
2 3520 263 249
2 3520 1632 3956
2 1404 3042 561
2 966 1765 1632
2 4348 966 1256
2 1404 1289 3042
2 1256 1254 1257
2 1289 3292 1290
2 1257 1254 1255
2 1290 4227 3073
2 623 1255 1406
2 4626 1408 1406
2 1290 4227 3073
2 3808 997 4626
2 2291 3808 3025
2 3412 1340 4227
2 3025 798 1262
2 798 1674 2092
2 3841 4444 1674
2 3412 1340 4227
2 3841 2809 797
2 1290 4227 3073
2 1289 3292 1290
2 2809 2309 797
2 3292 1289 1288
2 797 2309 4415
2 1673 4415 2472
2 4675 2472 1672
2 800 4415 1288
2 4625 1288 1404
2 199 4625 173
2 199 3783 218
2 1672 800 1339
2 239 266 1672
2 3783 1307 218
2 239 3084 266
2 1307 943 2135
2 3546 2135 2892
2 266 3084 3078
2 2925 4127 1178
2 255 266 3078
2 255 236 3506
2 2925 2970 3078
2 2925 4127 1178
2 4079 2217 2972
2 1264 4619 1849
2 4619 2224 3640
2 3640 2224 1659
2 1659 4618 3640
2 4079 2217 2972
2 1659 4618 3640
2 4079 1187 2217
2 236 2970 1187
2 255 236 3506
2 3317 1237 3506
2 3317 1441 1442
2 217 1431 236
2 4617 844 217
2 171 4692 1441
2 4617 844 217
2 4079 4618 4617
2 1659 4618 3640
2 4618 1660 4616
2 171 4617 4616
2 171 1259 146
2 1846 1845 1259
2 158 4616 130
2 1846 1561 1845
2 1660 107 130
2 3194 1558 1561
2 3091 815 3194
2 2439 3091 1186
2 1186 99 4162
2 1174 99 3708
2 86 3091 107
2 1660 1661 107
2 3170 3708 86
2 1174 99 3708
2 2051 3452 1583
2 475 3452 3110
2 147 1174 1176
2 1176 1525 1776
2 1524 475 3110
2 1775 1776 1525
2 1775 2573 943
2 1524 3110 3696
2 476 565 3696
2 2573 3525 943
2 2135 3525 2892
2 3546 2135 2892
2 3546 4127 3078
2 2526 3799 3102
2 2925 4127 1178
2 261 254 3102
2 1177 2217 1178
2 1264 1177 216
2 216 1851 601
2 254 4694 1178
2 261 2596 254
2 1851 4694 3436
2 601 1851 3185
2 1681 3185 409
2 2333 2586 3436
2 1681 3185 409
2 1681 3215 1182
2 3215 1682 3810
2 3810 1682 1171
2 4621 3810 1171
2 2609 1301 4621
2 2762 1301 2609
2 4446 1066 2762
2 1148 1066 4446
2 1148 1066 4446
2 1066 4637 3658
2 1065 3824 4638
2 1183 4637 3137
2 3542 3137 601
2 216 601 196
2 195 4045 170
2 196 4620 4622
2 1264 216 196
2 1264 4619 1849
2 4619 2224 3640
2 3640 2224 1659
2 1661 1660 1659
2 3170 1661 2261
2 3094 2051 2261
2 4294 2224 2127
2 3094 140 118
2 1658 2127 2224
2 4619 170 1658
2 140 1658 513
2 2978 118 140
2 511 1571 140
2 511 3738 3700
2 4581 4299 1574
2 4351 1574 4291
2 495 4291 4302
2 2050 4302 974
2 3391 3387 3291
2 4280 974 4600
2 1834 3539 1786
2 4280 974 4600
2 2050 4302 974
2 1573 3929 3815
2 4302 2050 3465
2 3465 1726 1730
2 3322 1726 2946
2 1620 1725 2946
2 2817 2050 1573
2 2631 4301 1620
2 1573 3929 3815
2 2631 1309 4301
2 3929 2557 3815
2 4605 2473 1309
2 4601 4605 1833
2 4280 1834 2557
2 1833 3762 1784
2 1834 3539 1786
2 2699 1226 3762
2 1786 3624 1610
2 781 1610 2803
2 2699 1226 3762
2 1226 3772 1350
2 780 3772 1270
2 1270 2774 1269
2 1489 3809 2774
2 1489 3498 1748
2 897 2364 3498
2 893 3772 2355
2 2355 2699 781
2 3736 2364 897
2 781 1610 2803
2 2957 1490 1496
2 1496 4001 2957
2 2957 4001 1494
2 1494 4373 2957
2 4373 3369 2957
2 1490 2957 3369
2 1494 2172 4373
2 1490 2957 3369
2 3736 2364 897
2 2364 2138 3641
2 1490 2957 3369
2 2138 3281 3641
2 3190 1061 3281
2 4373 3369 2957
2 3786 3190 3363
2 3786 3363 1062
2 1494 2172 4373
2 1062 4231 3786
2 3796 4231 4531
2 3796 4531 1727
2 4351 1727 4581
2 4581 2978 4299
2 3626 3249 2171
2 2978 93 118
2 3626 3249 2171
2 3626 4531 4696
2 93 3249 4250
2 93 2565 3094
2 89 4250 112
2 2565 3516 2051
2 3941 2676 3516
2 112 4297 138
2 1105 138 1055
2 3941 2676 3516
2 476 2676 565
2 565 1597 3525
2 1597 1598 2892
2 3799 2526 1598
2 3799 261 3102
2 261 2596 254
2 2333 3436 2596
2 1884 409 2333
2 1245 2613 2596
2 1884 2613 3320
2 409 1884 3764
2 2626 1682 3764
2 2584 410 2626
2 3134 2390 3320
2 3617 1034 3134
2 1119 2584 2390
2 3951 1120 1121
2 2584 410 2626
2 1881 4005 2763
2 4005 1881 1880
2 2448 4005 1880
2 1331 4005 2448
2 2101 2626 410
2 1171 2101 3123
2 3123 3282 1171
2 2609 3282 3622
2 3622 2798 3023
2 4039 1303 604
2 4400 1463 2771
2 4655 2771 1463
2 4678 4655 1463
2 4680 4678 1463
2 4680 1463 4142
2 1464 4680 4142
2 4055 1464 4142
2 4400 4055 4142
2 4400 4142 1463
2 1606 4680 1464
2 1513 1606 1464
2 1513 3915 1606
2 1606 3915 1601
2 1606 1601 1600
2 1600 4680 1606
2 4680 1600 1602
2 4680 1602 4678
2 4281 4678 1602
2 4281 1602 4108
2 1649 4281 4108
2 1690 1649 4108
2 4108 3630 1690
2 1690 3630 847
2 847 3504 1690
2 887 1690 3504
2 887 3504 4472
2 887 4472 1111
2 1111 742 887
2 887 742 1649
2 1690 887 1649
2 1649 742 4281
2 742 3524 4281
2 4679 4281 3524
2 4379 4679 3524
2 3384 4379 3524
2 3384 3524 3127
2 3127 835 3384
2 3127 1109 835
2 1109 3127 1111
2 846 1109 1111
2 1111 4472 846
2 846 4472 1037
2 3504 1037 4472
2 1037 3504 1035
2 995 1037 1035
2 1035 3005 995
2 1117 995 3005
2 1117 3005 994
2 1122 1117 994
2 994 1038 1122
2 1122 1038 1123
2 1122 1123 1882
2 1122 1882 4133
2 1038 3820 1123
2 1323 3820 1038
2 994 1323 1038
2 4148 1323 994
2 4148 994 3005
2 1035 4148 3005
2 4148 1035 847
2 4148 847 4634
2 4148 4634 1323
2 848 1323 4634
2 4634 1110 848
2 2022 848 1110
2 1110 4053 2022
2 1600 2022 4053
2 1600 4053 1688
2 1688 1602 1600
2 1688 4108 1602
2 1688 3630 4108
2 1110 3630 1688
2 1688 4053 1110
2 4634 3630 1110
2 4634 847 3630
2 1688 4053 1110
2 1601 2022 1600
2 3943 2022 1601
2 1108 3943 1601
2 1108 1601 1333
2 1333 1334 1108
2 1108 1334 3451
2 1108 3451 4071
2 1108 4071 888
2 3943 1108 888
2 3943 888 848
2 2022 3943 848
2 888 3895 848
2 1323 848 3895
2 845 1323 3895
2 845 3895 1488
2 888 1488 3895
2 1488 888 4071
2 4071 4632 1488
2 4071 4636 4632
2 4636 3749 4632
2 3749 1036 4632
2 3896 1036 3749
2 3402 3896 3749
2 1036 3896 4254
2 3451 4636 4071
2 1323 845 3820
2 888 1488 3895
2 1488 888 4071
2 3451 4636 4071
2 1333 3210 1334
2 1150 3210 1333
2 3915 1150 1333
2 1601 3915 1333
2 1150 3915 1511
2 1511 3716 1150
2 3915 1513 1511
2 1601 3915 1333
2 3943 1108 888
2 2022 3943 848
2 1688 4053 1110
2 2022 3943 848
2 4634 3630 1110
2 1323 848 3895
2 4634 847 3630
2 3504 847 1035
2 4148 4634 1323
2 1323 845 3820
2 994 1323 1038
2 4148 994 3005
2 1035 4148 3005
2 3504 847 1035
2 1111 3127 742
2 742 3127 3524
2 742 3127 3524
2 4281 4679 4328
2 4328 4678 4281
2 4678 4328 4655
2 4655 4328 1512
2 4655 1512 2771
2 1512 4328 4679
2 1512 4328 4679
2 742 3127 3524
2 1111 3127 742
2 1111 4472 846
2 3504 1037 4472
2 1690 887 1649
2 3504 847 1035
2 4634 847 3630
2 1688 3630 4108
2 1690 887 1649
2 1649 742 4281
2 1688 4108 1602
2 4328 4678 4281
2 1688 1602 1600
2 1601 2022 1600
2 1601 3915 1333
2 3915 1513 1511
2 1600 4680 1606
2 4400 4142 1463
2 4680 1602 4678
2 4678 4328 4655
2 4655 1512 2771
2 4400 4142 1463
2 4400 4055 4142
2 4055 1464 4142
2 1513 1606 1464
2 3915 1513 1511
2 1511 3716 1150
2 1484 1300 3716
2 1511 3716 1150
2 1150 3210 1333
2 1333 3210 1334
2 1108 1334 3451
2 3451 4636 4071
2 4636 3749 4632
2 3402 3896 3749
2 3402 3896 3749
2 1036 3896 4254
2 3813 1124 4366
2 1885 3813 4366
2 1885 4366 3715
2 1885 3715 3967
2 1885 3967 1332
2 1883 1885 1332
2 1885 1883 3813
2 3813 1883 1124
2 1885 1883 3813
2 3813 1883 1124
2 992 3105 4254
2 1036 3896 4254
2 3749 1036 4632
2 4071 4632 1488
2 845 3895 1488
2 1036 3628 3887
2 1323 845 3820
2 1124 3628 3105
2 1038 3820 1123
2 3813 1883 1124
2 1122 1123 1882
2 1883 1885 1332
2 1122 1882 4133
2 1122 1882 4133
2 1122 1117 994
2 1117 995 3005
2 995 1037 1035
2 846 4472 1037
2 846 1109 1111
2 3127 1109 835
2 3127 835 3384
2 3384 4379 3524
2 4379 4679 3524
2 1512 4328 4679
2 4655 1512 2771
2 2771 2798 4428
2 3622 2798 3023
2 1512 1149 2216
2 2762 3023 1981
2 4152 1149 4379
2 1605 4446 1981
2 4152 3384 2244
2 3126 2244 835
2 1605 4152 3404
2 1336 4697 1605
2 1337 1716 2577
2 1336 4697 1605
2 1148 4697 4341
2 2292 3225 4652
2 2292 4652 837
2 2292 269 3225
2 1148 4341 2344
2 2292 269 3225
2 3325 246 269
2 2344 3225 3649
2 1065 2344 3824
2 1065 3824 4638
2 3137 4638 4620
2 195 4622 4620
2 4128 3824 1508
2 222 1508 246
2 195 4045 170
2 2736 157 1450
2 195 4045 170
2 513 170 4609
2 3738 4609 4598
2 2736 157 1450
2 134 4598 157
2 3738 4609 4598
2 511 3738 3700
2 3848 3700 4610
2 3848 3700 4610
2 3848 3291 1574
2 3391 3387 3291
2 4600 3391 4603
2 4608 4610 4604
2 4600 4603 1346
2 1351 3624 1346
2 1351 2803 3624
2 2803 1496 3736
2 1496 4001 2957
2 1225 896 804
2 2957 4001 1494
2 1494 2172 4373
2 1751 1102 4435
2 1062 2172 4305
2 4443 2097 1751
2 1062 4305 1064
2 1750 1056 2097
2 4231 1064 4696
2 4250 4696 4297
2 138 4297 1055
2 1750 1056 2097
2 1105 138 1055
2 2676 1105 3213
2 566 1597 3213
2 1105 3807 618
2 183 3807 1750
2 233 1597 566
2 233 991 2596
2 566 1317 1453
2 1012 2827 1317
2 1245 2596 991
2 3320 1245 1033
2 3617 3134 1033
2 3617 1034 3134
2 1119 1034 1120
2 3951 1120 1121
2 3951 1120 1121
2 3951 1881 2584
2 4005 1881 1880
2 3853 1247 3859
2 2448 4005 1880
2 1331 4005 2448
2 1331 4005 2448
2 1881 4005 2763
2 2763 604 3123
2 4039 1303 604
2 4039 4428 2798
2 4400 4428 1299
2 4039 1172 1304
2 1853 3907 1180
2 1852 1172 604
2 1852 1331 2516
2 2516 4479 4155
2 1853 3907 1180
2 3907 3048 1180
2 1854 1181 3397
2 1181 1854 1173
2 1855 1173 1854
2 3518 1304 3048
2 3518 1299 1304
2 1299 1485 4055
2 1511 1485 1484
2 1484 1305 1300
2 1181 4687 3518
2 1181 1854 1173
2 1179 1305 1185
2 1855 1173 1854
2 4367 3890 1185
2 1885 3715 3967
2 1855 1173 1854
2 1885 3967 1332
2 1332 1686 4423
2 1854 1181 3397
2 3907 1685 3397
2 1332 1686 4423
2 4432 4133 4423
2 4155 1685 3907
2 2516 4479 4155
2 4432 4097 1117
2 4479 2448 3859
2 4097 4462 995
2 4462 1246 3623
2 3853 1247 3859
2 993 1247 1121
2 2407 1322 993
2 4462 1246 3623
2 4635 846 3623
2 1109 4635 3243
2 2407 1322 993
2 2407 1034 1319
2 3425 3243 4633
2 1319 1034 1011
2 3425 3243 4633
2 3425 3126 835
2 1716 3404 3126
2 1403 4633 4265
2 1337 1716 2577
2 2577 834 1106
2 4633 3097 4265
2 4633 1011 3097
2 1033 1318 1011
2 834 3097 3731
2 2577 834 1106
2 1336 1106 3460
2 4652 4341 3460
2 2292 4652 837
2 2905 1106 3794
2 3284 3794 3731
2 1318 3284 3731
2 1318 1245 2827
2 1012 2827 1317
2 849 886 3284
2 1012 183 850
2 886 837 2905
2 2292 4652 837
2 2292 269 3225
2 248 593 2858
2 3325 246 269
2 3325 246 269
2 222 1508 246
2 1151 195 222
2 1449 2061 1151
2 1449 620 2373
2 246 4309 3362
2 2257 4309 3325
2 3464 2373 620
2 259 621 2999
2 257 259 2999
2 257 2999 4190
2 4190 1594 257
2 257 1594 228
2 228 3926 257
2 257 3926 1383
2 257 1383 485
2 257 485 259
2 485 1271 259
2 1271 244 259
2 244 621 259
2 221 621 244
2 221 244 1278
2 1278 1564 221
2 917 1564 1278
2 917 1278 1279
2 917 1279 3392
2 3392 4450 917
2 4450 4177 917
2 917 4177 1564
2 4450 4018 4177
2 989 4177 4018
2 989 4018 4480
2 191 989 4480
2 4480 207 191
2 191 207 547
2 207 4650 547
2 4641 547 4650
2 4641 4650 3888
2 4641 3888 4002
2 4641 4002 1787
2 1787 832 4641
2 4641 832 547
2 1787 4002 3878
2 700 1787 3878
2 700 3878 831
2 3878 4465 831
2 830 831 4465
2 830 4465 206
2 179 830 206
2 179 206 1091
2 1091 1095 179
2 179 1095 1142
2 205 179 1142
2 215 205 1142
2 1142 4021 215
2 215 4021 234
2 215 234 4639
2 215 4639 205
2 205 4639 1452
2 205 1452 179
2 1452 166 179
2 166 1680 179
2 1680 830 179
2 1680 145 830
2 1680 709 145
2 1680 4147 709
2 3730 709 4147
2 4386 3730 4147
2 4386 4147 1645
2 1645 4319 4386
2 4319 4494 4386
2 4386 4494 1679
2 1679 4509 4386
2 3730 4386 4509
2 3324 3730 4509
2 4509 1500 3324
2 4509 1912 1500
2 3620 1500 1912
2 1912 603 3620
2 603 794 3620
2 603 1499 794
2 1694 794 1499
2 3985 1694 1499
2 1499 3673 3985
2 3985 3673 1498
2 4090 3985 1498
2 1695 4090 1498
2 1695 1498 3974
2 1695 3974 1497
2 1693 1695 1497
2 1497 4279 1693
2 4279 1696 1693
2 3575 1693 1696
2 481 3575 1696
2 1696 1545 481
2 3570 481 1545
2 1545 3424 3570
2 3424 4346 3570
2 4346 2367 3570
2 1039 3570 2367
2 3816 1039 2367
2 2367 4178 3816
2 2977 3816 4178
2 4178 980 2977
2 1041 2977 980
2 1041 980 2868
2 3735 1041 2868
2 3735 1390 1041
2 1041 1390 4422
2 1041 4422 2977
2 2977 4422 3168
2 3816 2977 3168
2 4292 3816 3168
2 4292 3168 4454
2 4292 4454 1229
2 1229 4120 4292
2 4120 1577 4292
2 1577 3851 4292
2 3851 3816 4292
2 3851 1039 3816
2 3600 1039 3851
2 3600 3851 4459
2 4459 1165 3600
2 1165 3429 3600
2 3429 3570 3600
2 1039 3600 3570
2 3429 3575 3570
2 3575 481 3570
2 1697 3575 3429
2 676 1697 3429
2 1165 676 3429
2 1165 1170 676
2 1170 4406 676
2 1697 676 4406
2 4406 1695 1697
2 1693 1697 1695
2 3575 1697 1693
2 4406 4090 1695
2 4090 4406 482
2 3985 4090 482
2 3844 3985 482
2 4402 3844 482
2 4402 482 1016
2 4402 1016 4095
2 4393 4402 4095
2 4095 4030 4393
2 4393 4030 1043
2 1043 1167 4393
2 1167 4402 4393
2 1167 483 4402
2 483 3844 4402
2 1694 3844 483
2 3985 3844 1694
2 1917 483 1167
2 1917 1167 1991
2 1991 484 1917
2 484 1603 1917
2 1991 1168 484
2 1666 484 1168
2 983 1666 1168
2 983 1168 1624
2 4174 983 1624
2 3355 4174 1624
2 4113 3355 1624
2 1624 1044 4113
2 3670 4113 1044
2 3670 1044 1991
2 1991 1167 3670
2 3670 1167 1043
2 1866 3670 1043
2 1866 1043 1231
2 1866 1231 4682
2 4682 4113 1866
2 3670 1866 4113
2 4682 4111 4113
2 4113 4111 4137
2 4137 3355 4113
2 4681 3355 4137
2 3637 4681 4137
2 4111 3637 4137
2 4682 3637 4111
2 4682 4436 3637
2 3637 4436 1295
2 1295 501 3637
2 1728 3637 501
2 501 3966 1728
2 3966 1567 1728
2 2368 1728 1567
2 2368 1567 100
2 2368 100 704
2 704 119 2368
2 119 4681 2368
2 2368 4681 1728
2 1728 4681 3637
2 981 4681 119
2 981 119 1607
2 1607 1045 981
2 4174 981 1045
2 983 4174 1045
2 1014 983 1045
2 1045 169 1014
2 1014 169 1015
2 1015 675 1014
2 1014 675 983
2 1666 983 675
2 4126 1015 169
2 4126 169 186
2 4126 186 1342
2 4126 1342 1343
2 4115 4126 1343
2 3792 4115 1343
2 1343 3438 3792
2 3792 3438 1608
2 1608 1113 3792
2 1608 1112 1113
2 4035 1112 1608
2 1608 3438 4035
2 1082 4035 3438
2 1082 3438 4116
2 243 1082 4116
2 4116 208 243
2 243 208 839
2 243 839 1584
2 258 243 1584
2 3514 258 1584
2 1353 3514 1584
2 3568 1353 1584
2 1584 840 3568
2 2331 3568 840
2 2331 840 1520
2 2331 1520 3711
2 1663 2331 3711
2 1663 3711 1585
2 1876 1663 1585
2 4198 1876 1585
2 876 4198 1585
2 1585 4202 876
2 1754 876 4202
2 4202 1516 1754
2 1190 1754 1516
2 1190 1516 1191
2 1701 1190 1191
2 1191 1189 1701
2 3834 1701 1189
2 1189 4486 3834
2 1700 3834 4486
2 4486 169 1700
2 1700 169 185
2 1700 185 3596
2 4322 1700 3596
2 4322 3596 3394
2 4322 3394 3188
2 3188 720 4322
2 1240 4322 720
2 1240 720 3447
2 1705 1240 3447
2 1705 3447 1239
2 1705 1239 4163
2 4163 1701 1705
2 1702 1705 1701
2 3834 1702 1701
2 4238 1702 3834
2 1700 4238 3834
2 4322 4238 1700
2 4238 4322 1702
2 1702 4322 1240
2 1240 1705 1702
2 4238 4322 1702
2 1240 1705 1702
2 4163 1190 1701
2 1190 4163 3950
2 1754 1190 3950
2 1754 3950 1532
2 1754 1532 1519
2 1754 1519 876
2 1519 4198 876
2 1519 1586 4198
2 4198 1586 1479
2 1877 4198 1479
2 1877 1479 3251
2 1877 3251 4237
2 1877 4237 1876
2 1876 4198 1877
2 4654 1876 4237
2 4237 4329 4654
2 4329 528 4654
2 528 1663 4654
2 4654 1663 1876
2 1663 528 1353
2 1353 2331 1663
2 2331 1353 3568
2 528 2607 1353
2 2607 3514 1353
2 3514 2607 237
2 265 3514 237
2 548 265 237
2 548 237 220
2 206 548 220
2 206 220 1091
2 1091 220 237
2 237 2607 1091
2 4442 1091 2607
2 528 4442 2607
2 540 4442 528
2 528 4329 540
2 4329 1092 540
2 1092 1146 540
2 1146 3473 540
2 4442 540 3473
2 1458 4442 3473
2 1458 3473 1457
2 1457 1145 1458
2 1145 1095 1458
2 1458 1095 4442
2 1095 1091 4442
2 1095 1145 1142
2 1145 1457 1142
2 1142 1457 4021
2 1457 4362 4021
2 4362 234 4021
2 4362 264 234
2 234 264 3060
2 1756 234 3060
2 1756 3060 4173
2 1756 4173 2295
2 1756 2295 4640
2 4640 4639 1756
2 234 1756 4639
2 4640 3088 4639
2 4639 3088 1452
2 1249 1452 3088
2 1249 3088 671
2 671 1589 1249
2 1589 144 1249
2 1249 144 1452
2 1452 144 166
2 1646 166 144
2 1646 144 821
2 1646 821 499
2 1646 499 1645
2 1645 4147 1646
2 1646 4147 1680
2 1680 166 1646
2 4319 1645 499
2 4319 499 2706
2 4319 2706 4494
2 4494 2706 4571
2 4494 4571 4026
2 4026 1679 4494
2 4586 1679 4026
2 4026 4274 4586
2 3021 4586 4274
2 4262 3021 4274
2 4159 4262 4274
2 4274 4571 4159
2 2915 4159 4571
2 2915 4571 2706
2 2706 499 2915
2 3966 2915 499
2 499 1567 3966
2 3650 1567 499
2 3650 499 821
2 821 124 3650
2 3650 124 100
2 3650 100 1567
2 124 1589 100
2 2745 100 1589
2 2745 1589 615
2 615 3096 2745
2 3096 3860 2745
2 2745 3860 3140
2 2745 3140 100
2 100 3140 704
2 704 3140 119
2 119 3140 3543
2 119 3543 883
2 136 119 883
2 136 883 151
2 136 151 1607
2 136 1607 119
2 169 1607 151
2 557 169 151
2 151 883 557
2 775 557 883
2 883 4325 775
2 4325 2854 775
2 1100 775 2854
2 3039 1100 2854
2 4243 3039 2854
2 2854 881 4243
2 881 774 4243
2 4243 774 1099
2 1099 3039 4243
2 4333 3039 1099
2 1099 4324 4333
2 4333 4324 4345
2 4333 4345 3399
2 4333 3399 2726
2 2684 4333 2726
2 2684 2726 3913
2 1197 2684 3913
2 231 1197 3913
2 251 231 3913
2 251 3913 1020
2 264 251 1020
2 264 1020 3060
2 4173 3060 1020
2 2786 4173 1020
2 3913 2786 1020
2 2726 2786 3913
2 2726 2942 2786
2 2786 2942 2952
2 4173 2786 2952
2 2295 4173 2952
2 2295 2952 3774
2 3774 2492 2295
2 2492 4640 2295
2 3945 4640 2492
2 2492 853 3945
2 3945 853 854
2 3945 854 1251
2 672 3945 1251
2 1252 672 1251
2 1251 854 1252
2 1454 1252 854
2 851 1454 854
2 851 854 853
2 851 853 642
2 214 851 642
2 253 214 642
2 253 642 2974
2 2974 260 253
2 4372 253 260
2 4372 260 1762
2 1385 4372 1762
2 3562 1385 1762
2 439 3562 1762
2 1386 439 1762
2 232 1386 1762
2 260 232 1762
2 260 4345 232
2 232 4345 201
2 232 201 1386
2 1386 201 1000
2 1000 1001 1386
2 1386 1001 439
2 1001 4364 439
2 3562 439 4364
2 3562 4364 1003
2 1003 1388 3562
2 1385 3562 1388
2 4375 1385 1388
2 4375 1388 3874
2 3874 2610 4375
2 4375 2610 4382
2 4399 4375 4382
2 4399 4382 2598
2 4132 4399 2598
2 4132 2598 4295
2 4295 4245 4132
2 4132 4245 3212
2 1212 4132 3212
2 1798 1212 3212
2 1116 1798 3212
2 2507 1116 3212
2 2507 3212 1643
2 1643 4161 2507
2 4161 3339 2507
2 1640 2507 3339
2 1640 3339 2052
2 1640 2052 3737
2 3877 1640 3737
2 3737 4189 3877
2 4189 2732 3877
2 2732 4106 3877
2 1798 3877 4106
2 4106 1212 1798
2 1212 4106 4399
2 1212 4399 4132
2 4106 4398 4399
2 4398 4375 4399
2 4398 1385 4375
2 4398 4372 1385
2 4398 4106 4372
2 4372 4106 2732
2 253 4372 2732
2 2732 214 253
2 214 2732 4189
2 214 4189 193
2 193 851 214
2 851 193 1454
2 1454 193 178
2 165 1454 178
2 178 167 165
2 167 4594 165
2 976 165 4594
2 4594 1223 976
2 1402 976 1223
2 1402 1223 3989
2 1402 3989 3704
2 3704 1160 1402
2 1402 1160 1159
2 1402 1159 1427
2 1402 1427 976
2 1427 143 976
2 976 143 165
2 1252 165 143
2 143 3763 1252
2 1252 3763 672
2 3163 672 3763
2 3163 3763 106
2 3163 106 4019
2 3096 3163 4019
2 3096 4019 2416
2 3860 3096 2416
2 2416 4184 3860
2 3860 4184 3543
2 3860 3543 3140
2 3543 4184 881
2 881 4325 3543
2 3543 4325 883
2 2854 4325 881
2 4184 880 881
2 882 881 880
2 880 126 882
2 882 126 150
2 150 180 882
2 180 774 882
2 882 774 881
2 774 180 1757
2 774 1757 1099
2 1757 4324 1099
2 1757 201 4324
2 4345 4324 201
2 1757 180 201
2 180 1000 201
2 1000 180 184
2 1081 1000 184
2 1081 184 212
2 1081 212 1074
2 1081 1074 1075
2 1075 999 1081
2 1001 1081 999
2 1001 999 4364
2 4364 999 1003
2 1003 999 1085
2 1003 1085 1004
2 1388 1003 1004
2 4497 1388 1004
2 4497 1004 3644
2 2761 4497 3644
2 2761 3644 4498
2 2610 2761 4498
2 4498 2548 2610
2 2610 2548 2988
2 4382 2610 2988
2 2598 4382 2988
2 3079 2598 2988
2 3079 2988 2545
2 1628 3079 2545
2 4388 1628 2545
2 2545 1761 4388
2 4388 1761 4074
2 2863 4388 4074
2 1625 2863 4074
2 1625 4074 2458
2 1625 2458 3222
2 1625 3222 4418
2 4369 1625 4418
2 4369 4418 4377
2 4369 4377 1214
2 4303 4369 1214
2 1797 4303 1214
2 1797 1214 3220
2 1797 3220 2396
2 2396 3456 1797
2 1213 1797 3456
2 1213 3456 4295
2 1628 1213 4295
2 4295 3079 1628
2 2598 3079 4295
2 4303 1213 1628
2 4369 4303 1628
2 4388 4369 1628
2 2863 4369 4388
2 1625 4369 2863
2 1213 4303 1797
2 3456 4246 4295
2 4245 4295 4246
2 4246 4485 4245
2 4245 4485 3358
2 3358 1615 4245
2 4245 1615 3212
2 3212 1615 1643
2 1643 1615 4161
2 1615 1617 4161
2 4161 1617 1217
2 1217 1619 4161
2 1619 3339 4161
2 1618 3339 1619
2 1619 3571 1618
2 1618 3571 1371
2 2052 1618 1371
2 2052 1371 204
2 204 190 2052
2 2052 190 178
2 2052 178 3737
2 193 3737 178
2 193 4189 3737
2 178 190 167
2 1622 167 190
2 204 1622 190
2 1622 204 3111
2 1622 3111 2226
2 2875 1622 2226
2 3345 2875 2226
2 3908 3345 2226
2 1639 3908 2226
2 2226 3111 1639
2 3111 1384 1639
2 1384 3248 1639
2 3248 3908 1639
2 1384 3523 3248
2 1384 2180 3523
2 2180 2750 3523
2 3008 3523 2750
2 3008 2750 2477
2 2477 2750 1523
2 2477 1523 1364
2 2477 1364 2523
2 1364 4087 2523
2 4087 3028 2523
2 4087 3567 3028
2 4087 1265 3567
2 3567 1265 3510
2 3567 3510 3918
2 3510 2928 3918
2 2928 1395 3918
2 3918 1395 4266
2 3747 4266 1395
2 1395 3876 3747
2 3876 1376 3747
2 2445 3747 1376
2 2445 1376 2785
2 4179 2445 2785
2 2785 3598 4179
2 2785 2875 3598
2 2875 3345 3598
2 2342 2875 2785
2 1376 2342 2785
2 3840 2342 1376
2 3840 1376 3876
2 92 3840 3876
2 3876 3862 92
2 3862 98 92
2 92 98 2673
2 2673 114 92
2 3840 92 114
2 114 2342 3840
2 114 132 2342
2 132 154 2342
2 2342 154 2875
2 2875 154 1622
2 154 167 1622
2 154 4594 167
2 4594 154 3965
2 3965 1223 4594
2 1223 3965 4592
2 1223 4592 3989
2 3989 4592 4595
2 3989 4595 3704
2 3704 4595 3959
2 3167 3704 3959
2 4010 3167 3959
2 4010 3959 4086
2 4395 4010 4086
2 4395 4086 1790
2 1789 4395 1790
2 432 1789 1790
2 432 1790 433
2 4466 432 433
2 4466 433 723
2 723 2690 4466
2 2690 1848 4466
2 4466 1848 432
2 3856 432 1848
2 3856 1848 4201
2 4201 2399 3856
2 4427 3856 2399
2 4427 2399 4385
2 4427 4385 431
2 4564 4427 431
2 3939 4564 431
2 1227 3939 431
2 4385 1227 431
2 4385 2767 1227
2 722 1227 2767
2 2767 2821 722
2 722 2821 2503
2 2963 722 2503
2 3566 2963 2503
2 2503 4214 3566
2 4214 2906 3566
2 1737 3566 2906
2 2906 1891 1737
2 1891 2619 1737
2 1891 1414 2619
2 1414 1891 1550
2 1414 1550 967
2 967 1550 970
2 967 970 4549
2 967 4549 3149
2 4549 2185 3149
2 3149 2185 2645
2 2185 4549 2349
2 2185 2349 3277
2 2847 2185 3277
2 2847 3277 975
2 3277 3635 975
2 4311 975 3635
2 3262 4311 3635
2 4413 3262 3635
2 4413 3635 3277
2 4413 3277 4192
2 4413 4192 3536
2 4413 3536 1161
2 1161 3262 4413
2 3262 1161 4311
2 3788 4311 1161
2 3788 1161 3536
2 3788 3536 1401
2 1267 3788 1401
2 1267 1401 790
2 790 1224 1267
2 1224 4593 1267
2 1267 4593 3788
2 3788 4593 1572
2 4311 3788 1572
2 1572 3367 4311
2 4311 3367 977
2 977 975 4311
2 977 2543 975
2 3367 1572 2897
2 4578 3367 2897
2 1792 4578 2897
2 1792 2897 4575
2 1650 1792 4575
2 4575 2621 1650
2 2621 3939 1650
2 3939 3654 1650
2 3654 4412 1650
2 4412 4300 1650
2 1792 1650 4300
2 4300 2376 1792
2 4300 1841 2376
2 2376 1841 3063
2 1841 3566 3063
2 3063 3566 701
2 3566 1737 701
2 3566 1841 2963
2 4300 2963 1841
2 2963 4300 4317
2 2963 4317 722
2 722 4317 3654
2 722 3654 1227
2 1227 3654 3939
2 4317 4412 3654
2 4317 4300 4412
2 4317 4300 4412
2 4300 2963 1841
2 4317 4300 4412
2 4317 4412 3654
2 1227 3654 3939
2 3939 2621 4577
2 3939 4577 4579
2 4579 4564 3939
2 4564 4579 2841
2 1789 4564 2841
2 2841 4395 1789
2 2841 3421 4395
2 4395 3421 4010
2 979 4010 3421
2 1162 979 3421
2 3421 3935 1162
2 3593 1162 3935
2 1429 3593 3935
2 1429 3935 978
2 3778 1429 978
2 4425 3778 978
2 4425 978 791
2 3129 4425 791
2 3129 791 3561
2 3129 3561 790
2 3129 790 1031
2 2510 3129 1031
2 2731 2510 1031
2 1428 2731 1031
2 3536 1428 1031
2 3536 1031 1401
2 790 1401 1031
2 3536 4192 1428
2 1428 4192 4691
2 1428 4691 4550
2 1428 4550 2731
2 2731 4550 2606
2 2606 1421 2731
2 1421 2510 2731
2 1421 1054 2510
2 1054 4425 2510
2 4425 3129 2510
2 4425 1054 3778
2 3778 1054 4141
2 4141 1429 3778
2 1429 4141 3593
2 4141 1430 3593
2 1430 1162 3593
2 1162 1430 3957
2 1162 3957 3971
2 1162 3971 979
2 3167 979 3971
2 3167 3971 1888
2 3704 3167 1888
2 3704 1888 1400
2 3704 1400 1160
2 1400 3883 1160
2 3883 1418 1160
2 1159 1160 1418
2 1419 1159 1418
2 4558 1419 1418
2 4557 4558 1418
2 3883 4557 1418
2 2973 4557 3883
2 3883 1420 2973
2 2973 1420 4153
2 2973 4153 3057
2 4557 2973 3057
2 4557 3057 1466
2 1466 4558 4557
2 4358 4558 1466
2 4358 1466 4318
2 4358 4318 4527
2 4527 4523 4358
2 117 4358 4523
2 4523 126 117
2 880 117 126
2 117 880 90
2 4358 117 90
2 4558 4358 90
2 1419 4558 90
2 90 106 1419
2 1427 1419 106
2 1427 106 143
2 3763 143 106
2 1419 1427 1159
2 90 4019 106
2 90 2416 4019
2 2416 90 880
2 4184 2416 880
2 2416 90 880
2 126 4523 150
2 1416 150 4523
2 4523 4527 1416
2 1416 4527 865
2 1416 865 1800
2 867 1416 1800
2 867 1800 864
2 160 867 864
2 1623 160 864
2 864 1588 1623
2 1623 1588 1265
2 4087 1623 1265
2 4087 184 1623
2 1623 184 180
2 160 1623 180
2 180 867 160
2 867 180 150
2 867 150 1416
2 184 4087 1364
2 184 1364 212
2 1364 230 212
2 230 1074 212
2 230 250 1074
2 250 3067 1074
2 1074 3067 1075
2 3067 3156 1075
2 3156 4492 1075
2 4492 999 1075
2 999 4492 1085
2 1076 1085 4492
2 1076 4492 3156
2 1076 3156 2109
2 1076 2109 4489
2 1076 4489 1085
2 1078 1085 4489
2 4489 1077 1078
2 1077 4066 1078
2 1004 1078 4066
2 1004 4066 3644
2 3644 4066 4068
2 4068 3672 3644
2 3672 3675 3644
2 4498 3644 3675
2 4498 3675 3656
2 4498 3656 2548
2 3656 1761 2548
2 2548 1761 2545
2 2988 2548 2545
2 3656 4499 1761
2 4499 4074 1761
2 4074 4499 2458
2 4499 1006 2458
2 1006 1007 2458
2 1007 3222 2458
2 3476 3222 1007
2 3308 3476 1007
2 3308 1007 2754
2 1008 3308 2754
2 1008 2754 2644
2 4491 1008 2644
2 546 4491 2644
2 546 2644 3299
2 546 3299 3228
2 4505 546 3228
2 3228 4370 4505
2 4370 863 4505
2 863 3219 4505
2 3158 4505 3219
2 3158 3219 2375
2 2194 3158 2375
2 2375 3261 2194
2 2375 2246 3261
2 2375 2155 2246
2 2155 1372 2246
2 2155 4065 1372
2 3602 1372 4065
2 3911 3602 4065
2 3911 4065 1743
2 3911 1743 3787
2 3911 3787 649
2 649 3602 3911
2 649 4484 3602
2 4484 649 3694
2 2328 4484 3694
2 2328 3694 2379
2 3694 2113 2379
2 4376 2379 2113
2 4376 2113 2937
2 4376 2937 3776
2 1759 4376 3776
2 1759 3776 4496
2 4496 3776 1387
2 4496 1387 4197
2 4496 4197 1002
2 1002 4197 2238
2 2238 1611 1002
2 1080 1611 2238
2 2238 3311 1080
2 4488 1080 3311
2 3311 3293 4488
2 4488 3293 3158
2 4488 3158 2194
2 4488 2194 2856
2 2856 1080 4488
2 3293 4505 3158
2 546 4505 3293
2 3293 4491 546
2 3311 4491 3293
2 1612 4491 3311
2 1612 3311 2238
2 2238 4197 1612
2 1008 1612 4197
2 1008 4197 3308
2 4197 2694 3308
2 3308 2694 3476
2 3476 2694 2733
2 3818 3476 2733
2 2733 1627 3818
2 3818 1627 2603
2 4103 3818 2603
2 2807 4103 2603
2 2807 2603 2879
2 1796 2807 2879
2 649 1796 2879
2 3694 649 2879
2 2113 3694 2879
2 2113 2879 4403
2 2113 4403 2937
2 2937 4403 1627
2 1760 2937 1627
2 1760 1627 2733
2 2733 2694 1760
2 2694 1387 1760
2 3776 1760 1387
2 3776 2937 1760
2 4197 1387 2694
2 3776 2937 1760
2 4403 2603 1627
2 2603 4403 2879
2 2603 4403 2879
2 3787 1796 649
2 3054 1796 3787
2 3054 3787 2986
2 3054 2986 3592
2 3554 3054 3592
2 3592 1744 3554
2 1744 3220 3554
2 3220 2323 3554
2 3054 3554 2323
2 2323 1796 3054
2 1796 2323 1215
2 1796 1215 2807
2 1215 4103 2807
2 4103 1215 1233
2 4377 4103 1233
2 1214 4377 1233
2 1214 1233 2323
2 1214 2323 3220
2 1215 2323 1233
2 4377 1626 4103
2 3818 4103 1626
2 1626 3476 3818
2 3222 3476 1626
2 4418 3222 1626
2 1626 4377 4418
2 1626 4377 4418
2 1215 2323 1233
2 1215 2323 1233
2 1214 2323 3220
2 3220 1744 2396
2 1744 2424 2396
2 2424 2522 2396
2 2522 3456 2396
2 3456 2522 4246
2 4485 4246 2522
2 1742 4485 2522
2 3128 1742 2522
2 2522 2424 3128
2 2424 3931 3128
2 2384 3128 3931
2 3931 3744 2384
2 2384 3744 4350
2 4350 4420 2384
2 3338 2384 4420
2 4003 3338 4420
2 4420 1799 4003
2 1799 4374 4003
2 4003 4374 4448
2 3779 4003 4448
2 3779 4448 3467
2 3485 3779 3467
2 543 3485 3467
2 1077 543 3467
2 3467 4448 1077
2 1077 4448 1079
2 1077 1079 4068
2 4068 4066 1077
2 1079 3672 4068
2 2932 3672 1079
2 4448 2932 1079
2 4374 2932 4448
2 4374 1086 2932
2 2932 1086 3758
2 2932 3758 3672
2 1005 3672 3758
2 3758 2436 1005
2 1005 2436 4499
2 3656 1005 4499
2 3675 1005 3656
2 3675 3672 1005
2 2436 1006 4499
2 2724 1006 2436
2 2724 2436 3758
2 1086 2724 3758
2 1086 3372 2724
2 3372 3361 2724
2 3361 1006 2724
2 1007 1006 3361
2 3361 1087 1007
2 2754 1007 1087
2 2754 1087 4490
2 2644 2754 4490
2 3299 2644 4490
2 545 3299 4490
2 4490 3372 545
2 545 3372 544
2 545 544 4506
2 545 4506 3228
2 545 3228 3299
2 4506 3686 3228
2 3228 3686 4370
2 3686 2680 4370
2 4370 2680 3121
2 3121 863 4370
2 3121 3219 863
2 1370 3219 3121
2 1370 3121 4065
2 1370 4065 2155
2 2375 1370 2155
2 2375 3219 1370
2 3121 1743 4065
2 1743 3121 2569
2 1743 2569 3787
2 3787 2569 2986
2 2569 4004 2986
2 3592 2986 4004
2 3592 4004 1373
2 1744 3592 1373
2 2424 1744 1373
2 1373 3744 2424
2 3744 3931 2424
2 1369 3744 1373
2 1369 1373 2680
2 3686 1369 2680
2 3686 4287 1369
2 1369 4287 4350
2 4350 3744 1369
2 4287 4506 4350
2 4350 4506 1799
2 1799 4420 4350
2 1799 4506 544
2 4374 1799 544
2 1086 4374 544
2 1086 544 3372
2 3686 4506 4287
2 3686 4506 4287
2 4004 2680 1373
2 4004 2569 2680
2 2569 3121 2680
2 4350 3744 1369
2 4004 2680 1373
2 4004 2569 2680
2 2569 3121 2680
2 2375 3219 1370
2 2569 3121 2680
2 3686 1369 2680
2 3686 4506 4287
2 1799 4506 544
2 1086 544 3372
2 3372 4490 1087
2 3372 1087 3361
2 545 3228 3299
2 3372 4490 1087
2 3372 1087 3361
2 3372 1087 3361
2 1086 544 3372
2 3361 1006 2724
2 2724 2436 3758
2 3675 3672 1005
2 1086 2724 3758
2 1086 4374 544
2 2932 3758 3672
2 4448 2932 1079
2 1077 4489 543
2 4489 3466 543
2 3485 543 3466
2 3466 2947 3485
2 3485 2947 860
2 862 3485 860
2 862 860 1616
2 1616 712 862
2 712 3621 862
2 862 3621 3338
2 3779 862 3338
2 3779 3338 4003
2 3485 862 3779
2 2384 3338 3621
2 3621 3128 2384
2 3128 3621 3077
2 3128 3077 1742
2 1742 3077 1616
2 1617 1742 1616
2 1616 1217 1617
2 1616 2623 1217
2 1619 1217 2623
2 2411 1619 2623
2 2947 2411 2623
2 2947 2623 860
2 860 2623 1616
2 2411 2947 2431
2 861 2411 2431
2 861 2431 3016
2 3016 4219 861
2 861 4219 2912
2 3571 861 2912
2 3528 3571 2912
2 3528 2912 2887
2 3528 2887 250
2 3528 250 262
2 242 3528 262
2 242 262 1384
2 242 1384 3111
2 204 242 3111
2 204 1371 242
2 1371 3528 242
2 1371 3571 3528
2 262 2180 1384
2 262 250 2180
2 250 2750 2180
2 2750 250 230
2 1523 2750 230
2 1364 1523 230
2 1371 3528 242
2 262 250 2180
2 250 2887 3067
2 3067 2887 3156
2 2887 4219 3156
2 4219 3016 3156
2 3156 3016 2109
2 3016 2583 2109
2 2109 2583 4489
2 4489 2583 3466
2 3466 2583 2947
2 2583 2431 2947
2 3016 2431 2583
2 3016 2431 2583
2 2887 2912 4219
2 2887 2912 4219
2 1371 3571 3528
2 861 3571 1619
2 861 1619 2411
2 2887 2912 4219
2 4219 3016 3156
2 3016 2431 2583
2 861 1619 2411
2 2583 2431 2947
2 861 1619 2411
2 860 2623 1616
2 1617 3358 1742
2 1742 3358 4485
2 1615 3358 1617
2 3077 712 1616
2 3621 712 3077
2 3621 712 3077
2 3621 712 3077
2 3077 712 1616
2 860 2623 1616
2 3485 862 3779
2 2947 2623 860
2 3466 2583 2947
2 4489 2583 3466
2 3485 543 3466
2 3485 862 3779
2 3467 4448 1077
2 3779 3338 4003
2 4374 2932 4448
2 4374 1799 544
2 1799 4420 4350
2 3779 3338 4003
2 2384 3338 3621
2 1799 4420 4350
2 4350 3744 1369
2 3744 3931 2424
2 3621 3128 2384
2 3744 3931 2424
2 3128 3077 1742
2 1742 3358 4485
2 2522 2424 3128
2 2424 1744 1373
2 1744 3592 1373
2 3054 3554 2323
2 3592 2986 4004
2 3787 2569 2986
2 2323 1796 3054
2 1796 1215 2807
2 2603 4403 2879
2 1215 4103 2807
2 3818 4103 1626
2 4403 2603 1627
2 1760 1627 2733
2 1626 3476 3818
2 2733 2694 1760
2 4197 1387 2694
2 1612 1008 4491
2 1612 1008 4491
2 3311 4491 3293
2 2856 1080 4488
2 1612 3311 2238
2 2238 4197 1612
2 4197 1387 2694
2 3776 1760 1387
2 3776 2937 1760
2 2113 4403 2937
2 2113 3694 2879
2 3694 649 2879
2 3787 1796 649
2 1743 2569 3787
2 3121 1743 4065
2 649 3602 3911
2 1370 4065 2155
2 2375 1370 2155
2 4488 3158 2194
2 2375 3219 1370
2 3293 4505 3158
2 3121 3219 863
2 3121 863 4370
2 3228 3686 4370
2 546 4505 3293
2 545 3228 3299
2 3299 2644 4490
2 3293 4491 546
2 1612 1008 4491
2 2644 2754 4490
2 1008 4197 3308
2 2754 1007 1087
2 3308 2694 3476
2 3222 3476 1626
2 1007 1006 3361
2 2436 1006 4499
2 3656 1005 4499
2 3675 1005 3656
2 3675 3672 1005
2 1079 3672 4068
2 4068 4066 1077
2 1085 1078 1004
2 4068 4066 1077
2 1077 4489 543
2 1085 1078 1004
2 2109 2583 4489
2 3156 3016 2109
2 1076 4489 1085
2 1076 4492 3156
2 3067 2887 3156
2 250 2887 3067
2 2750 250 230
2 1364 1523 230
2 1588 3510 1265
2 3510 1588 1501
2 1501 2928 3510
2 1501 3862 2928
2 3862 1395 2928
2 3862 3876 1395
2 1501 122 3862
2 98 3862 122
2 1736 98 122
2 122 1735 1736
2 1736 1735 1801
2 1842 1736 1801
2 1842 1801 1955
2 1842 1955 4171
2 1683 1842 4171
2 723 1683 4171
2 4171 868 723
2 3610 723 868
2 3230 3610 868
2 4314 3230 868
2 868 1890 4314
2 3752 4314 1890
2 3752 1890 4526
2 4528 3752 4526
2 769 4528 4526
2 769 4526 1546
2 1471 769 1546
2 1546 4330 1471
2 1471 4330 3057
2 4153 1471 3057
2 1471 4153 4559
2 1470 1471 4559
2 1470 4559 1528
2 3667 1470 1528
2 3667 1528 3923
2 4440 3667 3923
2 4312 4440 3923
2 3923 3483 4312
2 3483 1506 4312
2 1506 4689 4312
2 4312 4689 3666
2 4312 3666 4440
2 3666 4693 4440
2 3667 4440 4693
2 3667 4693 4401
2 3837 3667 4401
2 3837 4401 4314
2 3837 4314 4528
2 1470 3837 4528
2 769 1470 4528
2 769 1471 1470
2 3667 3837 1470
2 4528 4314 3752
2 3537 4314 4401
2 4401 4693 3537
2 3537 4693 1415
2 3537 1415 4323
2 4323 3230 3537
2 3230 4314 3537
2 3230 4323 1423
2 3230 1423 3610
2 3610 1423 4201
2 4201 2690 3610
2 3610 2690 723
2 4201 1848 2690
2 1423 702 4201
2 702 2399 4201
2 702 4020 2399
2 2399 4020 4385
2 4385 4020 2767
2 2821 2767 4020
2 2534 2821 4020
2 4187 2534 4020
2 4020 702 4187
2 4187 702 1423
2 4323 4187 1423
2 1415 4187 4323
2 3811 4187 1415
2 1415 3535 3811
2 3086 3811 3535
2 1361 3086 3535
2 2840 1361 3535
2 4457 2840 3535
2 4457 3535 4693
2 3666 4457 4693
2 4457 3666 4689
2 2793 4457 4689
2 4689 2606 2793
2 2793 2606 4550
2 971 2793 4550
2 4690 971 4550
2 4691 4690 4550
2 4690 4691 3838
2 970 4690 3838
2 970 3838 4549
2 2349 4549 3838
2 3838 4691 2349
2 4192 2349 4691
2 2349 4192 3277
2 970 4321 4690
2 4321 4525 4690
2 971 4690 4525
2 4529 971 4525
2 3152 4529 4525
2 3152 4525 1889
2 1889 4239 3152
2 1361 3152 4239
2 1361 4239 3086
2 2821 3086 4239
2 2821 4239 2503
2 4239 4214 2503
2 4239 1889 4214
2 1891 4214 1889
2 1550 1891 1889
2 1550 1889 1548
2 970 1550 1548
2 970 1548 4321
2 4321 1548 4525
2 1548 1889 4525
2 1548 1889 4525
2 2906 4214 1891
2 3086 2821 2534
2 3811 3086 2534
2 3811 2534 4187
2 4529 3152 1361
2 1361 2840 4529
2 2793 4529 2840
2 2793 2840 4457
2 971 4529 2793
2 4239 1889 4214
2 1548 1889 4525
2 4529 3152 1361
2 971 4529 2793
2 4321 1548 4525
2 970 1548 4321
2 3838 4691 2349
2 971 4690 4525
2 971 4529 2793
2 4689 1421 2606
2 1421 4689 1506
2 1054 1421 1506
2 1506 4141 1054
2 3483 4141 1506
2 4141 3483 745
2 745 1430 4141
2 745 1422 1430
2 1430 1422 3957
2 1422 1417 3957
2 1417 3971 3957
2 3921 3971 1417
2 3921 1417 4153
2 3921 4153 1420
2 3921 1420 1888
2 3971 3921 1888
2 1420 1400 1888
2 1420 3883 1400
2 4559 4153 1417
2 1417 1422 4559
2 1422 1528 4559
2 1422 745 1528
2 3923 1528 745
2 745 3483 3923
2 3971 3921 1888
2 1417 1422 4559
2 1422 745 1528
2 745 3483 3923
2 2793 2840 4457
2 4693 3535 1415
2 2793 2840 4457
2 1361 2840 4529
2 1361 4239 3086
2 3811 3086 2534
2 4693 3535 1415
2 3811 2534 4187
2 3811 2534 4187
2 3086 2821 2534
2 4020 702 4187
2 4187 702 1423
2 4323 4187 1423
2 1415 4187 4323
2 4693 3535 1415
2 3230 4314 3537
2 3667 3837 1470
2 4401 4693 3537
2 3666 4457 4693
2 4457 3666 4689
2 1421 4689 1506
2 3483 4141 1506
2 745 3483 3923
2 4312 3666 4440
2 3667 4440 4693
2 3923 1528 745
2 3667 3837 1470
2 1422 1528 4559
2 769 1471 1470
2 4559 4153 1417
2 4330 4318 3057
2 3057 4318 1466
2 3979 4318 4330
2 3979 4330 1546
2 4526 3979 1546
2 3979 4526 1362
2 1886 3979 1362
2 1362 1955 1886
2 1801 1886 1955
2 1886 1801 1887
2 4524 1886 1887
2 4524 1887 4527
2 4524 4527 4318
2 3979 4524 4318
2 4524 3979 1886
2 1887 865 4527
2 1801 865 1887
2 1735 865 1801
2 1800 865 1735
2 1800 1735 864
2 122 864 1735
2 122 1501 864
2 864 1501 1588
2 4524 3979 1886
2 1801 865 1887
2 1362 4171 1955
2 1890 4171 1362
2 4526 1890 1362
2 1890 868 4171
2 4524 3979 1886
2 4526 1890 1362
2 3979 4524 4318
2 3979 4330 1546
2 769 1471 1470
2 4526 3979 1546
2 769 1470 4528
2 4528 4314 3752
2 4526 1890 1362
2 4528 4314 3752
2 1890 868 4171
2 3230 4314 3537
2 3230 1423 3610
2 3610 2690 723
2 1890 868 4171
2 4144 1683 723
2 433 4144 723
2 4144 433 1570
2 1570 1741 4144
2 1741 1683 4144
2 1741 1842 1683
2 703 1842 1741
2 703 1741 4009
2 703 4009 3870
2 3870 1952 703
2 1952 1736 703
2 1736 1842 703
2 1952 98 1736
2 1638 98 1952
2 1952 3870 1638
2 3870 3350 1638
2 1638 3350 4576
2 4576 2673 1638
2 2673 98 1638
2 114 2673 4576
2 114 4576 3965
2 114 3965 132
2 132 3965 154
2 3350 3965 4576
2 3350 4592 3965
2 3350 4139 4592
2 4139 3959 4592
2 3959 4595 4592
2 3959 4139 4086
2 4139 1793 4086
2 1790 4086 1793
2 1790 1793 1570
2 1790 1570 433
2 1570 1793 4009
2 1741 1570 4009
2 1793 3350 4009
2 3870 4009 3350
2 4139 3350 1793
2 4139 3350 1793
2 4139 3350 1793
2 3350 3965 4576
2 3870 4009 3350
2 2673 98 1638
2 1952 3870 1638
2 3870 4009 3350
2 1741 1570 4009
2 1736 1842 703
2 1741 1570 4009
2 1790 1570 433
2 1741 1683 4144
2 1741 1842 1683
2 1362 4171 1955
2 1801 1886 1955
2 1736 1842 703
2 1735 865 1801
2 122 864 1735
2 1952 98 1736
2 122 1501 864
2 864 1501 1588
2 864 1501 1588
2 160 1623 180
2 180 867 160
2 1800 1735 864
2 867 150 1416
2 1800 865 1735
2 1887 865 4527
2 867 150 1416
2 4358 117 90
2 4523 4527 1416
2 4524 4527 4318
2 3057 4318 1466
2 4558 4358 90
2 3057 4318 1466
2 4153 1471 3057
2 3921 4153 1420
2 1420 3883 1400
2 4557 2973 3057
2 1466 4558 4557
2 1419 4558 90
2 1419 1427 1159
2 3883 4557 1418
2 1420 3883 1400
2 1420 1400 1888
2 3971 3921 1888
2 979 3167 4010
2 1417 3971 3957
2 1430 1422 3957
2 745 1430 4141
2 1506 4141 1054
2 1054 1421 1506
2 4689 1421 2606
2 2793 2606 4550
2 4691 4690 4550
2 4192 2349 4691
2 1428 4550 2731
2 1421 2510 2731
2 4425 3129 2510
2 790 1401 1031
2 3561 1224 790
2 4591 1224 3561
2 791 4591 3561
2 4591 791 4590
2 4579 4591 4590
2 4579 4590 2841
2 4590 3421 2841
2 3935 3421 4590
2 3935 4590 978
2 978 4590 791
2 4591 4579 4577
2 1224 4591 4577
2 1224 4577 2621
2 4593 1224 2621
2 4575 4593 2621
2 1572 4593 4575
2 2897 1572 4575
2 978 4590 791
2 1224 4591 4577
2 791 4591 3561
2 4425 3129 2510
2 978 4590 791
2 4425 1054 3778
2 4141 1429 3778
2 3935 4590 978
2 1429 4141 3593
2 1430 1162 3593
2 3935 3421 4590
2 1162 3971 979
2 979 3167 4010
2 4590 3421 2841
2 1789 4427 4564
2 1789 432 4427
2 432 3856 4427
2 4579 4590 2841
2 4591 4579 4577
2 1224 4577 2621
2 4575 4593 2621
2 1792 1650 4300
2 2897 1572 4575
2 2897 1572 4575
2 1572 4593 4575
2 4593 1224 2621
2 3561 1224 790
2 790 1401 1031
2 1267 4593 3788
2 3536 1031 1401
2 4311 3788 1572
2 3788 1161 3536
2 3536 4192 1428
2 2349 4192 3277
2 1161 3262 4413
2 3262 1161 4311
2 977 975 4311
2 4413 3635 3277
2 2349 4192 3277
2 2349 4549 3838
2 970 3838 4549
2 970 1550 1548
2 1550 1891 1889
2 2906 4214 1891
2 3566 1737 701
2 2906 4214 1891
2 4239 4214 2503
2 3566 1841 2963
2 2963 4317 722
2 2821 4239 2503
2 2821 2767 4020
2 722 3654 1227
2 4385 4020 2767
2 1227 3654 3939
2 4579 4564 3939
2 1789 4427 4564
2 4385 1227 431
2 2399 4020 4385
2 432 3856 4427
2 702 2399 4201
2 4201 1848 2690
2 432 3856 4427
2 4201 1848 2690
2 3610 2690 723
2 433 4144 723
2 4466 1848 432
2 1790 1570 433
2 1789 432 4427
2 2841 4395 1789
2 1790 4086 1793
2 4395 3421 4010
2 3959 4139 4086
2 979 3167 4010
2 3704 3167 1888
2 3959 4595 4592
2 3959 4595 4592
2 3350 4592 3965
2 132 3965 154
2 132 3965 154
2 114 3965 132
2 114 2673 4576
2 2673 98 1638
2 98 3862 122
2 3862 3876 1395
2 3840 92 114
2 114 2342 3840
2 2342 154 2875
2 1376 2342 2785
2 3840 1376 3876
2 3862 3876 1395
2 3862 1395 2928
2 1501 2928 3510
2 1588 3510 1265
2 4087 1623 1265
2 184 4087 1364
2 1364 1523 230
2 1523 2750 230
2 250 2750 2180
2 262 2180 1384
2 242 1384 3111
2 3248 3908 1639
2 2875 3345 3598
2 2875 154 1622
2 2226 3111 1639
2 204 242 3111
2 154 167 1622
2 204 1622 190
2 204 1371 242
2 2052 3339 1618
2 1371 3571 3528
2 861 3571 1619
2 2052 3339 1618
2 1619 1217 2623
2 1616 1217 1617
2 1615 3358 1617
2 1615 3358 1617
2 1742 3358 4485
2 4485 4246 2522
2 3456 2522 4246
2 1213 4303 1797
2 2522 3456 2396
2 3220 1744 2396
2 1214 2323 3220
2 1213 4303 1797
2 4369 4303 1628
2 1214 4377 1233
2 1626 4377 4418
2 1625 4369 2863
2 4418 3222 1626
2 1007 3222 2458
2 4074 4499 2458
2 1625 4369 2863
2 2863 4369 4388
2 4499 4074 1761
2 2548 1761 2545
2 4388 4369 1628
2 4295 3079 1628
2 2988 2548 2545
2 2598 3079 4295
2 2988 2548 2545
2 4498 3656 2548
2 2610 4497 2761
2 4497 2610 3874
2 1388 4497 3874
2 4498 3644 3675
2 2610 4497 2761
2 1004 4066 3644
2 1388 4497 3874
2 1085 1078 1004
2 999 4492 1085
2 1000 1081 1001
2 4492 999 1075
2 1074 3067 1075
2 230 1074 212
2 184 1364 212
2 1000 1081 1001
2 1623 184 180
2 1757 180 201
2 867 180 150
2 126 4523 150
2 880 117 126
2 882 774 881
2 4184 2416 880
2 4184 2416 880
2 90 2416 4019
2 615 3163 3096
2 615 672 3163
2 615 671 672
2 3945 672 671
2 671 3088 3945
2 4640 3945 3088
2 1589 671 615
2 90 4019 106
2 3763 143 106
2 615 672 3163
2 3763 143 106
2 1454 165 1252
2 1427 106 143
2 1419 1427 1159
2 1159 1160 1418
2 3704 1400 1160
2 3989 4595 3704
2 1223 4592 3989
2 1402 1427 976
2 3965 1223 4594
2 976 143 165
2 154 4594 167
2 178 190 167
2 1454 165 1252
2 193 3737 178
2 193 4189 3737
2 4398 4106 4372
2 1798 1116 3877
2 1640 3877 1116
2 1640 1116 2507
2 4372 4106 2732
2 214 2732 4189
2 193 4189 3737
2 1640 3877 1116
2 2052 178 3737
2 2052 3339 1618
2 1640 1116 2507
2 1619 3339 4161
2 1643 1615 4161
2 3212 1615 1643
2 1640 1116 2507
2 1798 1116 3877
2 4106 1212 1798
2 1212 4399 4132
2 4245 1615 3212
2 4245 4295 4246
2 2598 3079 4295
2 1212 4399 4132
2 2598 4382 2988
2 4398 4375 4399
2 4382 2610 2988
2 4497 2610 3874
2 1388 4497 3874
2 4398 1385 4375
2 1388 1003 1004
2 4364 999 1003
2 1001 999 4364
2 1000 1081 1001
2 180 1000 201
2 4345 4324 201
2 4345 260 3756
2 4345 3756 2942
2 3399 4345 2942
2 2726 3399 2942
2 2942 3756 2952
2 2952 3756 2974
2 2952 2974 3774
2 2974 642 3774
2 3774 642 853
2 853 2492 3774
2 3756 260 2974
2 3756 260 2974
2 232 201 1386
2 1386 1001 439
2 3562 439 4364
2 1385 3562 1388
2 4398 4372 1385
2 260 232 1762
2 253 4372 2732
2 3756 260 2974
2 2974 642 3774
2 2732 214 253
2 193 851 214
2 3774 642 853
2 851 193 1454
2 1454 165 1252
2 1252 3763 672
2 3945 672 671
2 1251 854 1252
2 851 854 853
2 853 2492 3774
2 4640 3945 3088
2 853 2492 3774
2 2952 2974 3774
2 2942 3756 2952
2 2726 3399 2942
2 4173 2786 2952
2 264 2693 251
2 2693 3394 251
2 3596 251 3394
2 3596 231 251
2 213 231 3596
2 3596 185 213
2 1758 213 185
2 1758 185 557
2 1758 557 775
2 775 1100 1758
2 1197 1758 1100
2 1197 1100 2684
2 2684 1100 3039
2 2684 3039 4333
2 1197 213 1758
2 213 1197 231
2 557 185 169
2 1197 213 1758
2 213 1197 231
2 3188 3394 2693
2 3398 3188 2693
2 2682 3398 2693
2 2682 2693 925
2 2682 925 3836
2 668 2682 3836
2 1144 668 3836
2 1144 3836 1146
2 1144 1146 2983
2 1096 1144 2983
2 1096 2983 1092
2 1096 1092 4329
2 1096 4329 1505
2 1096 1505 4447
2 1456 1096 4447
2 1147 1456 4447
2 1147 4447 1093
2 3056 1147 1093
2 1093 4271 3056
2 3056 4271 3135
2 3135 3380 3056
2 3056 3380 4404
2 1147 3056 4404
2 1456 1147 4404
2 4404 669 1456
2 1456 669 4339
2 4339 3207 1456
2 1096 1456 3207
2 1096 3207 1144
2 668 1144 3207
2 668 3207 4339
2 4339 2481 668
2 2481 2682 668
2 3511 2682 2481
2 2481 1023 3511
2 1023 4657 3511
2 4657 2651 3511
2 4656 3511 2651
2 3447 4656 2651
2 1720 3447 2651
2 1720 2651 4657
2 4170 1720 4657
2 4170 4657 3714
2 4170 3714 2938
2 4170 2938 3052
2 1708 4170 3052
2 1708 3052 2280
2 2581 1708 2280
2 2581 2280 3171
2 2581 3171 4487
2 4487 3573 2581
2 2581 3573 2924
2 1708 2581 2924
2 1709 1708 2924
2 2924 2614 1709
2 2614 3532 1709
2 1709 3532 1192
2 1709 1192 4284
2 4284 2347 1709
2 2347 1708 1709
2 4170 1708 2347
2 4170 2347 1707
2 4170 1707 1720
2 1720 1707 1239
2 1720 1239 3447
2 1707 4163 1239
2 4284 4163 1707
2 2347 4284 1707
2 4284 1532 4163
2 4163 1532 3950
2 4284 3250 1532
2 3250 1519 1532
2 1192 1519 3250
2 4284 1192 3250
2 1192 1517 1519
2 877 1519 1517
2 1517 3723 877
2 3723 1875 877
2 1875 1586 877
2 877 1586 1519
2 1479 1586 1875
2 1479 1875 2256
2 2256 3767 1479
2 1479 3767 3251
2 3251 3767 1505
2 4237 3251 1505
2 4237 1505 4329
2 3767 4447 1505
2 3767 1093 4447
2 1093 3767 2460
2 4271 1093 2460
2 2945 4271 2460
2 2945 2460 3768
2 2945 3768 530
2 2945 530 3365
2 3135 2945 3365
2 3365 3177 3135
2 3135 3177 643
2 3380 3135 643
2 3380 643 670
2 4404 3380 670
2 3709 4404 670
2 670 1365 3709
2 3709 1365 1368
2 669 3709 1368
2 1368 1367 669
2 1367 4339 669
2 1367 2481 4339
2 2481 1367 1023
2 1368 1023 1367
2 1023 1368 2175
2 1023 2175 3714
2 4657 1023 3714
2 2175 2938 3714
2 927 2938 2175
2 2175 1368 927
2 927 1368 1365
2 927 1365 3486
2 927 3486 4658
2 4658 2938 927
2 3052 2938 4658
2 3052 4658 2280
2 2280 4658 3171
2 3171 4658 2559
2 3171 2559 1722
2 1722 4487 3171
2 1722 3795 4487
2 4487 3795 4221
2 4487 4221 3573
2 4221 3533 3573
2 2614 3573 3533
2 3533 1518 2614
2 2614 1518 3032
2 2614 3032 1517
2 1517 3532 2614
2 1192 3532 1517
2 3723 1517 3032
2 3032 3710 3723
2 3710 1875 3723
2 3710 1665 1875
2 1665 2256 1875
2 2256 1665 3767
2 3767 1665 2460
2 3768 2460 1665
2 3768 1665 1878
2 530 3768 1878
2 530 1878 1664
2 1664 1393 530
2 541 530 1393
2 4360 541 1393
2 4360 1393 4359
2 3886 4360 4359
2 4458 3886 4359
2 4359 1094 4458
2 4458 1094 3083
2 667 4458 3083
2 3797 667 3083
2 539 3797 3083
2 3083 1094 539
2 1094 1947 539
2 1947 2374 539
2 4394 2374 1947
2 1947 3470 4394
2 3470 2772 4394
2 2372 4394 2772
2 2372 2772 4136
2 4478 4136 2772
2 2772 1614 4478
2 4475 4478 1614
2 1614 3996 4475
2 1613 4475 3996
2 3996 3893 1613
2 1879 1613 3893
2 3893 3865 1879
2 1879 3865 1393
2 1879 1393 1664
2 1879 1664 2898
2 2898 1613 1879
2 2898 4050 1613
2 4050 4475 1613
2 4475 4050 3517
2 1522 4475 3517
2 1522 3517 1755
2 1755 4478 1522
2 4475 1522 4478
2 4478 1755 4107
2 4107 1482 4478
2 4478 1482 4136
2 874 4136 1482
2 2712 874 1482
2 4107 2712 1482
2 4107 1755 2712
2 1755 1531 2712
2 1531 3970 2712
2 3970 519 2712
2 519 874 2712
2 3970 1533 519
2 1704 1533 3970
2 3970 1531 1704
2 3920 1704 1531
2 3693 3920 1531
2 4433 3693 1531
2 4433 1531 1755
2 2715 4433 1755
2 1755 3517 2715
2 3517 947 2715
2 2715 947 1193
2 2715 1193 4221
2 4391 2715 4221
2 1699 4391 4221
2 2861 1699 4221
2 4221 3795 2861
2 3795 3875 2861
2 3875 3894 2861
2 2861 3894 1699
2 3693 1699 3894
2 3693 3894 4477
2 3693 4477 4023
2 3920 3693 4023
2 3920 4023 3861
2 1704 3920 3861
2 4023 3958 3861
2 3743 3861 3958
2 3743 3958 1022
2 1557 1022 3958
2 3832 1557 3958
2 3832 3958 3235
2 3832 3235 1021
2 3832 1021 2638
2 2638 926 3832
2 3832 926 1557
2 926 3256 1557
2 1022 1557 3256
2 1022 3256 1949
2 1366 1949 3256
2 3256 1692 1366
2 667 1366 1692
2 667 1692 3027
2 3027 1143 667
2 4458 667 1143
2 4458 1143 1455
2 3886 4458 1455
2 2322 3886 1455
2 2322 1455 3331
2 643 2322 3331
2 643 3331 666
2 643 666 670
2 666 3659 670
2 3659 1365 670
2 1365 3659 3486
2 1662 3486 3659
2 1662 3659 4230
2 1662 4230 2882
2 1662 2882 3729
2 2559 1662 3729
2 2559 3729 1722
2 1722 3729 3875
2 1722 3875 3795
2 3894 3875 3729
2 3235 3894 3729
2 1021 3235 3729
2 2882 1021 3729
2 2882 2265 1021
2 1021 2265 2638
2 3027 2638 2265
2 2450 3027 2265
2 4230 2450 2265
2 2882 4230 2265
2 666 2450 4230
2 3659 666 4230
2 2450 666 3331
2 3027 2450 3331
2 3027 3331 1455
2 3027 1455 1143
2 3027 2450 3331
2 3027 926 2638
2 3027 3256 926
2 1692 3256 3027
2 2882 4230 2265
2 4477 3894 3235
2 4477 3235 3958
2 4477 3958 4023
2 3486 1662 2559
2 3486 2559 4658
2 2882 1021 3729
2 2882 4230 2265
2 3659 666 4230
2 3486 1662 2559
2 3659 666 4230
2 2450 666 3331
2 4360 2322 643
2 541 4360 643
2 541 643 3177
2 541 3177 3365
2 3365 530 541
2 2322 4360 3886
2 3027 3331 1455
2 2322 4360 3886
2 3027 1455 1143
2 3027 1455 1143
2 1692 3256 3027
2 667 1478 1366
2 3797 1478 667
2 3797 1097 1478
2 539 1097 3797
2 1692 3256 3027
2 3027 3256 926
2 3027 926 2638
2 1021 2265 2638
2 1021 3235 3729
2 4477 3235 3958
2 3832 926 1557
2 1022 1557 3256
2 4477 3958 4023
2 4477 3958 4023
2 4477 3894 3235
2 3693 4433 1699
2 1699 4433 4391
2 4433 2715 4391
2 3894 3875 3729
2 1722 3875 3795
2 2861 3894 1699
2 1699 4433 4391
2 4433 2715 4391
2 3533 4221 1193
2 3533 1193 1518
2 947 1518 1193
2 947 4050 1518
2 1518 4050 1587
2 1587 3032 1518
2 1587 3710 3032
2 1587 1878 3710
2 3710 1878 1665
2 2898 1878 1587
2 2898 1587 4050
2 1664 1878 2898
2 2898 1587 4050
2 3517 4050 947
2 947 1518 1193
2 3517 4050 947
2 4433 2715 4391
2 3693 4433 1699
2 3920 3693 4023
2 1704 3920 3861
2 3970 1531 1704
2 4433 1531 1755
2 519 874 2712
2 4107 2712 1482
2 4107 1755 2712
2 1755 3517 2715
2 4475 1522 4478
2 3517 4050 947
2 2898 1587 4050
2 1664 1878 2898
2 3865 4359 1393
2 4359 3865 532
2 532 1094 4359
2 1094 532 1947
2 3470 1947 532
2 3470 532 1480
2 1614 3470 1480
2 3996 1614 1480
2 1480 3893 3996
2 532 3893 1480
2 3893 532 3865
2 2772 3470 1614
2 532 3893 1480
2 3893 532 3865
2 3893 532 3865
2 2898 1613 1879
2 1480 3893 3996
2 4050 4475 1613
2 3996 1614 1480
2 4475 1522 4478
2 2772 3470 1614
2 4478 1482 4136
2 2372 1971 4394
2 2374 4394 1971
2 2772 3470 1614
2 3470 1947 532
2 2374 4394 1971
2 1094 532 1947
2 539 1097 3797
2 3797 1478 667
2 4458 667 1143
2 3083 1094 539
2 532 1094 4359
2 3886 4458 1455
2 2322 4360 3886
2 3865 4359 1393
2 541 4360 643
2 3365 530 541
2 1879 1393 1664
2 1664 1878 2898
2 3710 1878 1665
2 3710 1878 1665
2 1587 3710 3032
2 1587 3032 1518
2 3533 1193 1518
2 2924 3573 2614
2 3533 4221 1193
2 4221 3795 2861
2 1722 3875 3795
2 2559 3729 1722
2 3486 2559 4658
2 3486 2559 4658
2 1365 3659 3486
2 4658 2938 927
2 2175 1368 927
2 1368 1023 1367
2 4404 3709 669
2 927 1368 1365
2 3659 1365 670
2 4404 3709 669
2 643 666 670
2 541 643 3177
2 541 3177 3365
2 3135 4271 2945
2 3365 530 541
2 530 3768 1878
2 3768 2460 1665
2 3135 4271 2945
2 3767 1665 2460
2 2256 1665 3767
2 1665 2256 1875
2 3710 1875 3723
2 3723 1517 3032
2 877 1586 1519
2 1192 3532 1517
2 4284 1192 3250
2 2347 4284 1707
2 2347 4284 1707
2 4284 1192 3250
2 1192 3532 1517
2 1517 3532 2614
2 2924 3573 2614
2 2347 1708 1709
2 2924 3573 2614
2 4487 4221 3573
2 1722 4487 3171
2 2280 4658 3171
2 1708 2581 2924
2 3052 4658 2280
2 4170 1708 2347
2 3052 2938 4658
2 2175 2938 3714
2 4657 1023 3714
2 4170 1707 1720
2 1720 1239 3447
2 3447 720 4656
2 720 3188 4656
2 4656 3188 3398
2 4656 3398 3511
2 3398 2682 3511
2 4656 3398 3511
2 1720 2651 4657
2 4657 1023 3714
2 2481 1367 1023
2 3398 2682 3511
2 1367 2481 4339
2 668 3207 4339
2 1367 4339 669
2 4404 3709 669
2 4404 3380 670
2 3380 3135 643
2 3135 4271 2945
2 4271 1093 2460
2 1147 3056 4404
2 3767 1093 4447
2 1456 1147 4404
2 1096 1456 3207
2 3767 4447 1505
2 4237 1505 4329
2 1092 2983 1146
2 1096 3207 1144
2 1092 2983 1146
2 3473 1146 3836
2 3473 3836 1457
2 925 1457 3836
2 1457 925 4362
2 2693 4362 925
2 264 4362 2693
2 668 1144 3207
2 2481 2682 668
2 925 1457 3836
2 2693 4362 925
2 3398 2682 3511
2 4656 3188 3398
2 264 4362 2693
2 3913 2786 1020
2 3596 231 251
2 213 1197 231
2 1197 1100 2684
2 2726 2786 3913
2 2684 3039 4333
2 2726 3399 2942
2 3399 4345 2942
2 4345 4324 201
2 1757 4324 1099
2 2684 3039 4333
2 774 1757 1099
2 882 774 881
2 2854 4325 881
2 1099 3039 4243
2 2684 1100 3039
2 775 1100 1758
2 2854 4325 881
2 3543 4325 883
2 1758 557 775
2 557 185 169
2 1607 169 1045
2 151 883 557
2 136 1607 119
2 3543 4325 883
2 3860 3543 3140
2 3860 3543 3140
2 3860 3096 2416
2 615 3163 3096
2 1589 671 615
2 2745 3140 100
2 124 144 1589
2 124 821 144
2 124 821 144
2 3650 100 1567
2 2915 3966 501
2 2915 501 1295
2 4159 2915 1295
2 4159 1295 4262
2 1295 707 4262
2 707 4014 4262
2 4262 4014 3021
2 4587 3021 4014
2 4014 4409 4587
2 4587 4409 4332
2 4332 3830 4587
2 1530 4587 3830
2 1530 3830 4206
2 1582 1530 4206
2 4206 940 1582
2 3184 1582 940
2 4508 3184 940
2 4508 940 1839
2 4508 1839 3854
2 711 4508 3854
2 3854 4279 711
2 4279 1497 711
2 711 1497 3991
2 711 3991 4508
2 3991 3184 4508
2 4288 3184 3991
2 3007 4288 3991
2 3007 3991 3974
2 3007 3974 1498
2 3673 3007 1498
2 3673 3038 3007
2 3038 4276 3007
2 3007 4276 4288
2 4276 1582 4288
2 1582 3184 4288
2 4276 4052 1582
2 4052 1530 1582
2 1530 4052 4473
2 1547 1530 4473
2 4473 1472 1547
2 4586 1547 1472
2 4586 1472 1679
2 1912 1679 1472
2 1472 1906 1912
2 1906 603 1912
2 1906 3038 603
2 3038 1499 603
2 3673 1499 3038
2 1906 4276 3038
2 4276 1906 4473
2 4052 4276 4473
2 1906 1472 4473
2 1906 1472 4473
2 1679 1912 4509
2 1547 4586 4587
2 1530 1547 4587
2 3021 4587 4586
2 1906 1472 4473
2 1530 1547 4587
2 4052 4276 4473
2 4052 4276 4473
2 1906 4276 3038
2 3673 1499 3038
2 3991 1497 3974
2 3007 4276 4288
2 1582 3184 4288
2 3991 1497 3974
2 3854 762 4279
2 4279 762 1696
2 1696 762 796
2 1696 796 1545
2 795 1545 796
2 3814 795 796
2 796 762 3814
2 3814 762 710
2 3814 710 4507
2 2597 3814 4507
2 4507 4175 2597
2 4175 4510 2597
2 2597 4510 2356
2 2176 2597 2356
2 2400 2176 2356
2 2146 2176 2400
2 3651 2146 2400
2 3651 2446 2146
2 2446 3697 2146
2 2146 3697 795
2 795 2176 2146
2 3814 2176 795
2 2176 3814 2597
2 3697 3424 795
2 795 3424 1545
2 3424 3697 3669
2 3669 4346 3424
2 3669 1169 4346
2 4178 4346 1169
2 4178 1169 980
2 3699 980 1169
2 3699 1169 1017
2 1163 3699 1017
2 1163 980 3699
2 2868 980 1163
2 3669 1017 1169
2 3669 3697 1017
2 3697 2446 1017
2 1163 980 3699
2 4178 2367 4346
2 3669 1017 1169
2 3669 3697 1017
2 3697 2446 1017
2 673 2446 3651
2 795 2176 2146
2 2176 3814 2597
2 4510 4175 1678
2 4510 1678 2599
2 2599 1678 2567
2 2567 1678 1648
2 2517 2567 1648
2 3107 2517 1648
2 1648 4583 3107
2 4572 3107 4583
2 2951 4572 4583
2 4583 4493 2951
2 2951 4493 2776
2 2776 4584 2951
2 2951 4584 4572
2 4584 4258 4572
2 1565 4572 4258
2 1565 4258 3106
2 3106 3833 1565
2 3833 1296 1565
2 3295 1565 1296
2 1980 3295 1296
2 1296 4454 1980
2 4275 1980 4454
2 4275 4454 4422
2 4422 1390 4275
2 4275 1390 2443
2 705 4275 2443
2 4275 705 1980
2 3231 1980 705
2 3231 3295 1980
2 3107 3295 3231
2 2517 3107 3231
2 3107 4572 3295
2 3295 4572 1565
2 3168 4422 4454
2 4275 705 1980
2 2262 4454 1296
2 1296 3833 2262
2 3833 3106 2262
2 2262 3106 1291
2 1229 2262 1291
2 1229 1291 4120
2 4120 1291 1297
2 1297 4474 4120
2 4120 4474 4541
2 1577 4120 4541
2 1230 1577 4541
2 4431 1230 4541
2 4431 4541 4540
2 4540 4469 4431
2 1040 4431 4469
2 1040 4469 1042
2 3821 1040 1042
2 1042 4095 3821
2 4095 3713 3821
2 3821 3713 4441
2 1040 3821 4441
2 1040 4441 982
2 1040 982 1581
2 1581 4431 1040
2 4431 1581 1230
2 1581 4459 1230
2 4459 1577 1230
2 3851 1577 4459
2 1581 982 4459
2 1165 4459 982
2 982 1170 1165
2 1170 982 4441
2 1170 4441 4253
2 4406 1170 4253
2 4253 3713 4406
2 3713 1016 4406
2 4406 1016 482
2 4095 1016 3713
2 4253 4441 3713
2 4253 4441 3713
2 1581 982 4459
2 1170 982 4441
2 4253 4441 3713
2 4095 1016 3713
2 4095 1042 4030
2 4125 4030 1042
2 1392 4125 1042
2 1042 4469 1392
2 4405 1392 4469
2 4540 4405 4469
2 3961 4405 4540
2 3961 4540 4474
2 3961 4474 500
2 3961 500 4261
2 4261 1294 3961
2 3961 1294 4405
2 1294 4151 4405
2 1392 4405 4151
2 1392 4151 4125
2 4125 4151 4539
2 1231 4125 4539
2 4539 1946 1231
2 1231 1946 4682
2 4682 1946 4436
2 4436 1946 707
2 1295 4436 707
2 707 1946 3906
2 707 3906 4014
2 4014 3906 4409
2 4409 3906 706
2 706 4332 4409
2 1294 4332 706
2 4151 1294 706
2 4539 4151 706
2 706 3906 4539
2 3906 1946 4539
2 4332 1294 4261
2 4332 4261 3830
2 3830 4261 1647
2 4206 3830 1647
2 4206 1647 3748
2 3748 3433 4206
2 940 4206 3433
2 940 3433 1676
2 1839 940 1676
2 1839 1676 3490
2 710 1839 3490
2 4507 710 3490
2 4507 3490 1677
2 4175 4507 1677
2 4175 1677 941
2 1678 4175 941
2 941 1648 1678
2 4493 1648 941
2 941 1677 4493
2 1677 2776 4493
2 1677 3490 2776
2 2776 3490 1529
2 4584 2776 1529
2 2624 4584 1529
2 1529 3770 2624
2 3770 4585 2624
2 4258 2624 4585
2 4258 4585 1568
2 4258 1568 3806
2 4258 3806 1566
2 4258 1566 3106
2 3106 1566 1291
2 1291 1566 1297
2 1297 1566 3806
2 4474 1297 3806
2 500 4474 3806
2 1568 500 3806
2 3269 500 1568
2 3748 3269 1568
2 4585 3748 1568
2 3748 4585 3433
2 4585 3770 3433
2 3770 1676 3433
2 1529 1676 3770
2 1529 3490 1676
2 3748 1647 3269
2 4261 3269 1647
2 500 3269 4261
2 500 3269 4261
2 1297 1566 3806
2 1568 500 3806
2 4585 3748 1568
2 4258 4584 2624
2 4585 3770 3433
2 1529 1676 3770
2 4258 4584 2624
2 1529 3490 1676
2 4493 4583 1648
2 941 1677 4493
2 1677 3490 2776
2 710 3854 1839
2 3854 710 762
2 1529 3490 1676
2 3770 1676 3433
2 3748 4585 3433
2 3748 1647 3269
2 4261 3269 1647
2 706 3906 4539
2 3906 1946 4539
2 3906 1946 4539
2 1231 4030 4125
2 1231 1043 4030
2 4539 4151 706
2 4151 1294 706
2 4332 1294 4261
2 500 3269 4261
2 500 4474 3806
2 4474 4540 4541
2 3961 1294 4405
2 1392 4405 4151
2 1392 4151 4125
2 1231 4030 4125
2 1040 3821 4441
2 1042 4469 1392
2 1581 4431 1040
2 4540 4405 4469
2 4474 4540 4541
2 4431 1581 1230
2 4459 1577 1230
2 4474 4540 4541
2 4474 1297 3806
2 1291 1566 1297
2 4454 2262 1229
2 3106 1566 1291
2 4454 2262 1229
2 3231 3295 1980
2 3295 4572 1565
2 1296 3833 2262
2 3833 3106 2262
2 4258 1566 3106
2 3295 4572 1565
2 4258 4584 2624
2 4584 2776 1529
2 1677 2776 4493
2 4493 4583 1648
2 2951 4584 4572
2 3107 4572 3295
2 4493 4583 1648
2 2517 3107 3231
2 941 1648 1678
2 1678 4175 941
2 4175 4507 1677
2 2176 3814 2597
2 4507 710 3490
2 3854 710 762
2 3814 2176 795
2 795 3424 1545
2 796 762 3814
2 3854 710 762
2 711 3991 4508
2 710 3854 1839
2 1839 940 1676
2 3991 3184 4508
2 1582 3184 4288
2 940 4206 3433
2 4052 1530 1582
2 4206 3830 1647
2 1530 1547 4587
2 4332 4261 3830
2 706 4332 4409
2 4014 3906 4409
2 3021 4587 4586
2 707 3906 4014
2 1295 4436 707
2 4159 2915 1295
2 4571 4274 4026
2 4159 1295 4262
2 4262 4014 3021
2 3021 4587 4586
2 4571 4274 4026
2 4586 1472 1679
2 4571 4274 4026
2 2915 4571 2706
2 2706 499 2915
2 3650 499 821
2 124 821 144
2 1680 166 1646
2 124 144 1589
2 1589 671 615
2 671 3088 3945
2 1249 144 1452
2 4640 3945 3088
2 2492 4640 2295
2 2295 4173 2952
2 4173 3060 1020
2 234 1756 4639
2 264 1020 3060
2 264 4362 2693
2 1457 925 4362
2 1145 1457 1142
2 3473 3836 1457
2 1458 1095 4442
2 3473 1146 3836
2 1092 2983 1146
2 1096 1092 4329
2 4442 540 3473
2 1095 1091 4442
2 3988 548 206
2 3988 206 4465
2 4002 3988 4465
2 3878 4002 4465
2 3988 4002 3916
2 3916 548 3988
2 3916 1795 548
2 548 1795 265
2 265 1795 258
2 265 258 3514
2 258 1795 243
2 1795 1082 243
2 1082 1795 4060
2 1082 4060 4035
2 4060 1222 4035
2 4060 3888 1222
2 3888 4650 1222
2 3916 3888 4060
2 3916 4060 1795
2 3916 4002 3888
2 3916 4060 1795
2 3916 4060 1795
2 3916 4002 3888
2 3916 548 3988
2 1091 220 237
2 548 1795 265
2 265 258 3514
2 237 2607 1091
2 528 4442 2607
2 528 4329 540
2 4237 1505 4329
2 4654 1663 1876
2 4237 3251 1505
2 1479 3767 3251
2 1876 4198 1877
2 1479 1586 1875
2 877 1586 1519
2 3250 1519 1532
2 4163 1532 3950
2 4163 1532 3950
2 1707 4163 1239
2 1720 1239 3447
2 1240 1705 1702
2 3447 720 4656
2 1702 4322 1240
2 720 3188 4656
2 3188 3394 2693
2 3596 251 3394
2 4322 4238 1700
2 3596 185 213
2 557 185 169
2 169 4486 186
2 208 186 4486
2 4486 839 208
2 840 839 4486
2 4486 1189 840
2 1520 840 1189
2 1189 1191 1520
2 1191 1516 1520
2 3711 1520 1516
2 4202 3711 1516
2 3711 4202 1585
2 1584 839 840
2 208 1342 186
2 4116 1342 208
2 1343 1342 4116
2 4116 3438 1343
2 1700 4238 3834
2 4486 1189 840
2 3834 1702 1701
2 1189 1191 1520
2 4163 1190 1701
2 1191 1516 1520
2 1754 1190 3950
2 4202 3711 1516
2 1754 1519 876
2 3711 4202 1585
2 1519 4198 876
2 1876 4198 1877
2 4654 1663 1876
2 3711 4202 1585
2 1353 2331 1663
2 3711 1520 1516
2 1520 840 1189
2 2331 1353 3568
2 1584 839 840
2 2331 1353 3568
2 2607 3514 1353
2 265 258 3514
2 258 1795 243
2 1584 839 840
2 4486 839 208
2 4116 1342 208
2 1795 1082 243
2 4116 3438 1343
2 1082 4060 4035
2 1608 3438 4035
2 4116 3438 1343
2 4126 4115 4455
2 4455 1015 4126
2 4464 1015 4455
2 1343 1342 4116
2 208 1342 186
2 169 4486 186
2 4455 1015 4126
2 1607 169 1045
2 1014 675 983
2 981 4174 3355
2 4681 981 3355
2 1607 169 1045
2 136 1607 119
2 4681 981 3355
2 704 3140 119
2 100 3140 704
2 3650 100 1567
2 2368 4681 1728
2 499 1567 3966
2 2915 3966 501
2 1728 4681 3637
2 2915 501 1295
2 1295 4436 707
2 4682 1946 4436
2 1728 4681 3637
2 4681 981 3355
2 4111 3637 4137
2 4682 3637 4111
2 1231 1946 4682
2 1231 1043 4030
2 3670 1866 4113
2 1044 1168 1991
2 1168 1044 1624
2 3670 1866 4113
2 1168 1044 1624
2 4137 3355 4113
2 981 4174 3355
2 983 4174 1045
2 1168 1044 1624
2 1666 983 675
2 1044 1168 1991
2 1991 1167 3670
2 3670 1167 1043
2 1231 1043 4030
2 4095 1042 4030
2 1167 4402 4393
2 4095 1016 3713
2 4406 1016 482
2 483 3844 4402
2 3985 3844 1694
2 4406 1016 482
2 4406 1170 4253
2 982 1170 1165
2 1697 676 4406
2 3575 1697 1693
2 1165 676 3429
2 1165 4459 982
2 3851 1577 4459
2 1039 3600 3570
2 3851 1577 4459
2 1577 4120 4541
2 1229 1291 4120
2 4454 2262 1229
2 3168 4422 4454
2 3851 3816 4292
2 3168 4422 4454
2 4422 1390 4275
2 2868 980 1163
2 1041 4422 2977
2 4178 1169 980
2 3816 2977 3168
2 4178 2367 4346
2 3851 1039 3816
2 1039 3600 3570
2 4178 2367 4346
2 3669 4346 3424
2 795 3424 1545
2 3575 481 3570
2 1696 796 1545
2 3575 481 3570
2 3575 1697 1693
2 4279 762 1696
2 4279 1497 711
2 1693 1697 1695
2 3991 1497 3974
2 3007 3974 1498
2 4406 4090 1695
2 3985 4090 482
2 3673 3007 1498
2 3673 1499 3038
2 3985 3844 1694
2 3038 1499 603
2 1906 603 1912
2 1679 1912 4509
2 708 3730 3324
2 3730 708 709
2 1679 1912 4509
2 4026 1679 4494
2 4319 2706 4494
2 4319 1645 499
2 1645 4147 1646
2 3730 4386 4509
2 3730 708 709
2 1646 4147 1680
2 1680 166 1646
2 1452 144 166
2 4639 3088 1452
2 234 1756 4639
2 4362 234 4021
2 1142 1457 4021
2 215 4639 205
2 205 1452 179
2 1095 1145 1142
2 1095 1091 4442
2 206 220 1091
2 1680 830 179
2 3988 206 4465
2 3878 4002 4465
2 3878 4002 4465
2 3916 4002 3888
2 3888 4650 1222
2 4641 832 547
2 207 245 4650
2 268 4650 245
2 268 245 4149
2 4149 252 268
2 4149 2012 252
2 2012 2019 252
2 2019 2012 4130
2 4207 2019 4130
2 4130 4083 4207
2 4207 4083 4110
2 4659 4207 4110
2 4110 419 4659
2 419 4663 4659
2 4700 4659 4663
2 4700 4663 3998
2 3998 4062 4700
2 4062 4645 4700
2 4183 4700 4645
2 4118 4183 4645
2 4642 4183 4118
2 4183 4642 4207
2 4659 4183 4207
2 4659 4700 4183
2 4207 4642 2019
2 4659 4700 4183
2 1356 4062 3998
2 3998 4662 1356
2 4196 1356 4662
2 4196 4662 4661
2 3969 4196 4661
2 422 3969 4661
2 421 422 4661
2 421 4661 4662
2 421 4662 3998
2 2014 421 3998
2 2014 3998 4663
2 420 2014 4663
2 419 420 4663
2 1897 420 419
2 4110 1897 419
2 4476 1897 4110
2 3717 4476 4110
2 4083 3717 4110
2 1671 3717 4083
2 4130 1671 4083
2 4130 2012 1671
2 1671 2012 4149
2 4149 4480 1671
2 1671 4480 3717
2 4018 3717 4480
2 3717 4018 4076
2 3717 4076 4476
2 4476 4076 1897
2 990 1897 4076
2 2705 990 4076
2 4450 2705 4076
2 4076 4018 4450
2 4450 913 2705
2 2705 913 477
2 477 4296 2705
2 2705 4296 990
2 4296 4684 990
2 990 4684 3417
2 3417 3899 990
2 990 3899 1897
2 2076 1897 3899
2 2076 3899 3197
2 3987 2076 3197
2 3197 1242 3987
2 3987 1242 3165
2 3987 3165 421
2 2014 3987 421
2 2014 2076 3987
2 2014 420 2076
2 2076 420 1897
2 421 3165 422
2 422 3165 1908
2 422 1908 1895
2 1895 3969 422
2 1895 4660 3969
2 3969 4660 4647
2 4046 3969 4647
2 3891 4046 4647
2 1963 3891 4647
2 1963 4647 4167
2 4167 733 1963
2 4166 1963 733
2 4166 733 732
2 607 4166 732
2 607 732 2796
2 607 2796 4196
2 607 4196 3891
2 3891 4166 607
2 3891 1963 4166
2 3891 4196 4046
2 3969 4046 4196
2 4196 2796 1356
2 2796 1994 1356
2 1356 1994 4062
2 1994 2796 731
2 2796 732 731
2 732 4649 731
2 4649 1527 731
2 4131 731 1527
2 3924 4131 1527
2 1527 900 3924
2 3727 3924 900
2 3606 3727 900
2 3606 900 4670
2 4495 3606 4670
2 3914 4495 4670
2 3864 3914 4670
2 908 3864 4670
2 908 4670 900
2 4649 908 900
2 4649 900 1527
2 908 4649 4460
2 4411 908 4460
2 766 4411 4460
2 766 4460 3493
2 3493 911 766
2 911 4671 766
2 766 4671 4668
2 766 4668 4411
2 4411 4668 4470
2 4411 4470 3864
2 908 4411 3864
2 4470 4468 3864
2 4468 3914 3864
2 3914 4468 1274
2 918 3914 1274
2 1274 4226 918
2 4226 915 918
2 915 920 918
2 920 919 918
2 918 919 4495
2 4495 3914 918
2 4495 919 3937
2 3937 3606 4495
2 3606 3937 4463
2 3727 3606 4463
2 3727 4463 4481
2 4481 4471 3727
2 4471 906 3727
2 3727 906 3924
2 906 736 3924
2 4131 3924 736
2 906 4461 736
2 906 4648 4461
2 728 4461 4648
2 4648 3926 728
2 728 3926 228
2 4648 909 3926
2 3926 909 1383
2 4667 1383 909
2 4667 909 4471
2 4481 4667 4471
2 4481 1719 4667
2 4667 1719 485
2 485 1383 4667
2 1281 485 1719
2 1281 1719 4138
2 1281 4138 913
2 913 3392 1281
2 3392 1279 1281
2 1279 485 1281
2 1279 1271 485
2 1271 1279 1278
2 1278 244 1271
2 4450 3392 913
2 913 4138 477
2 1273 477 4138
2 1378 1273 4138
2 1719 1378 4138
2 4481 1378 1719
2 4481 4463 1378
2 4463 3937 1378
2 1378 3937 1273
2 3937 919 1273
2 919 477 1273
2 920 477 919
2 4684 477 920
2 4298 4684 920
2 4298 920 915
2 4298 915 2961
2 1242 4298 2961
2 1242 2961 1551
2 1551 3165 1242
2 1908 3165 1551
2 1551 1979 1908
2 1908 1979 4007
2 1908 4007 4063
2 1895 1908 4063
2 1895 4063 423
2 423 4664 1895
2 1895 4664 4660
2 4664 4165 4660
2 4165 4644 4660
2 4644 4647 4660
2 4167 4647 4644
2 3983 4167 4644
2 4165 3983 4644
2 608 3983 4165
2 608 4165 1938
2 1924 608 1938
2 1924 1938 4646
2 985 1924 4646
2 985 4646 3180
2 3180 4208 985
2 4208 3904 985
2 3904 1924 985
2 3904 735 1924
2 735 608 1924
2 608 735 734
2 608 734 3983
2 3983 734 4167
2 4167 734 733
2 733 734 3493
2 737 733 3493
2 3493 4460 737
2 732 737 4460
2 732 4460 4649
2 737 732 733
2 737 732 733
2 902 3493 734
2 699 902 734
2 699 734 735
2 699 735 1835
2 699 1835 3055
2 3434 699 3055
2 1382 3434 3055
2 1382 3055 4669
2 1382 4669 3884
2 1380 1382 3884
2 1380 3884 921
2 921 1277 1380
2 1380 1277 2735
2 4671 1380 2735
2 2735 4668 4671
2 1379 4668 2735
2 1379 2735 4124
2 1379 4124 1274
2 4468 1379 1274
2 1379 4468 4470
2 1379 4470 4668
2 4124 4226 1274
2 4226 4124 1276
2 4226 1276 4044
2 4226 4044 4627
2 4226 4627 2961
2 4226 2961 915
2 4627 1551 2961
2 1979 1551 4627
2 1979 4627 3278
2 1979 3278 4007
2 4007 3278 783
2 1243 4007 783
2 1243 783 4011
2 1243 4011 1244
2 1243 1244 1918
2 1918 4063 1243
2 4063 4007 1243
2 423 4063 1918
2 423 1918 3718
2 3718 1894 423
2 423 1894 4664
2 4664 1894 1938
2 4165 4664 1938
2 4646 1938 1894
2 1894 4666 4646
2 984 4646 4666
2 4666 4665 984
2 984 4665 4698
2 4698 987 984
2 984 987 3180
2 4646 984 3180
2 987 4208 3180
2 4208 987 695
2 695 727 4208
2 3904 4208 727
2 698 3904 727
2 1691 698 727
2 727 697 1691
2 1691 697 1684
2 3733 1691 1684
2 3733 1684 4051
2 3733 4051 4669
2 3055 3733 4669
2 3733 3055 698
2 698 1691 3733
2 1835 698 3055
2 3904 698 1835
2 1835 735 3904
2 4119 4669 4051
2 4119 4051 486
2 1763 4119 486
2 1272 1763 486
2 486 2000 1272
2 2000 486 4041
2 2000 4041 4651
2 4651 4041 910
2 910 4041 1684
2 697 910 1684
2 1684 4041 4051
2 486 4051 4041
2 486 4051 4041
2 1763 1272 1590
2 3997 1763 1590
2 1590 4027 3997
2 4027 914 3997
2 1763 3997 914
2 1280 1763 914
2 914 3407 1280
2 3900 1280 3407
2 916 3900 3407
2 916 3407 1563
2 916 1563 4011
2 916 4011 1604
2 916 1604 924
2 916 924 3900
2 3884 3900 924
2 921 3884 924
2 1604 921 924
2 921 1604 923
2 923 1277 921
2 922 1277 923
2 923 4121 922
2 922 4121 3278
2 4627 922 3278
2 4627 4044 922
2 922 4044 1277
2 1277 4044 1276
2 2735 1277 1276
2 2735 1276 4124
2 4121 783 3278
2 4121 4011 783
2 4121 1604 4011
2 4121 923 1604
2 4121 923 1604
2 922 4044 1277
2 4121 923 1604
2 3900 3884 4119
2 3900 4119 1280
2 4119 1763 1280
2 4119 3884 4669
2 1604 921 924
2 4121 1604 4011
2 4011 1563 1244
2 1375 1244 1563
2 1563 782 1375
2 782 4205 1375
2 1375 4205 988
2 988 3352 1375
2 1918 1375 3352
2 424 1918 3352
2 424 3352 2006
2 424 2006 1896
2 1896 4666 424
2 4666 3718 424
2 3718 1918 424
2 3718 4666 1894
2 4666 1896 4665
2 1896 4122 4665
2 4122 418 4665
2 418 1609 4665
2 4665 1609 1355
2 4665 1355 4698
2 986 4698 1355
2 1355 1997 986
2 986 1997 1710
2 986 1710 695
2 986 695 987
2 986 987 4698
2 695 1710 738
2 727 695 738
2 727 738 697
2 986 987 4698
2 418 4122 2045
2 4122 2006 2045
2 2006 988 2045
2 2045 988 4205
2 4205 3383 2045
2 4027 3383 4205
2 782 4027 4205
2 782 914 4027
2 782 3407 914
2 782 1563 3407
2 3383 4027 3565
2 3565 4027 1590
2 2006 3352 988
2 4122 1896 2006
2 4122 1896 2006
2 4122 1896 2006
2 2006 3352 988
2 3718 1918 424
2 1918 1244 1375
2 2006 3352 988
2 2045 988 4205
2 782 4027 4205
2 782 1563 3407
2 1918 1244 1375
2 782 1563 3407
2 916 924 3900
2 3900 4119 1280
2 782 3407 914
2 4119 1763 1280
2 782 914 4027
2 3565 4027 1590
2 1763 3997 914
2 4119 1763 1280
2 486 4051 4041
2 4119 3884 4669
2 1684 4041 4051
2 698 1691 3733
2 697 910 1684
2 727 738 697
2 698 1691 3733
2 3904 698 1835
2 727 695 738
2 986 695 987
2 986 987 4698
2 4665 1355 4698
2 4666 1896 4665
2 4646 984 3180
2 3718 4666 1894
2 3718 4666 1894
2 3718 1918 424
2 1918 1244 1375
2 4011 1563 1244
2 4121 4011 783
2 4063 4007 1243
2 4121 783 3278
2 4627 922 3278
2 4627 4044 922
2 1277 4044 1276
2 2735 1276 4124
2 2735 1276 4124
2 1379 4470 4668
2 1380 4671 1382
2 911 1382 4671
2 1382 911 3434
2 911 902 3434
2 3434 902 699
2 911 3493 902
2 2735 1277 1276
2 923 1277 921
2 921 3884 924
2 1380 4671 1382
2 4119 3884 4669
2 3055 3733 4669
2 1382 911 3434
2 3434 902 699
2 1835 698 3055
2 1835 735 3904
2 3434 902 699
2 911 3493 902
2 699 734 735
2 1835 735 3904
2 3904 4208 727
2 987 4208 3180
2 4646 984 3180
2 3904 1924 985
2 4646 1938 1894
2 735 608 1924
2 4165 4664 1938
2 608 734 3983
2 3983 734 4167
2 4165 3983 4644
2 4165 4664 1938
2 423 1894 4664
2 423 4063 1918
2 4063 4007 1243
2 1979 3278 4007
2 1979 1551 4627
2 4627 1551 2961
2 3197 4298 1242
2 4298 3197 3417
2 4298 3417 4684
2 3417 3197 3899
2 4226 2961 915
2 4298 3417 4684
2 477 4684 4296
2 1378 3937 1273
2 919 477 1273
2 1719 1378 4138
2 1279 485 1281
2 4481 1378 1719
2 4471 909 4648
2 906 4471 4648
2 485 1383 4667
2 4471 909 4648
2 906 4471 4648
2 906 4471 4648
2 4481 4667 4471
2 4481 4463 1378
2 4463 3937 1378
2 3937 919 1273
2 920 477 919
2 4298 920 915
2 4226 2961 915
2 4124 4226 1274
2 4495 3914 918
2 4468 1379 1274
2 1379 4468 4470
2 1379 4470 4668
2 2735 4668 4671
2 911 1382 4671
2 911 3493 902
2 3493 4460 737
2 766 4668 4411
2 908 4411 3864
2 732 4460 4649
2 908 4411 3864
2 4468 3914 3864
2 4495 3914 918
2 3937 3606 4495
2 908 4670 900
2 3727 3606 4463
2 3727 906 3924
2 4649 900 1527
2 4131 3924 736
2 4649 900 1527
2 732 4460 4649
2 2796 732 731
2 3891 4166 607
2 737 732 733
2 3891 1963 4166
2 4167 734 733
2 4167 4647 4644
2 3891 1963 4166
2 3891 4196 4046
2 3969 4046 4196
2 4644 4647 4660
2 1895 4664 4660
2 1895 1908 4063
2 1908 3165 1551
2 1551 3165 1242
2 3197 4298 1242
2 2014 2076 3987
2 3417 3197 3899
2 2076 420 1897
2 3417 3197 3899
2 4298 3417 4684
2 477 4684 4296
2 477 4684 4296
2 913 4138 477
2 4450 3392 913
2 2705 4296 990
2 990 3899 1897
2 4076 4018 4450
2 4149 245 4480
2 4480 245 207
2 1671 4480 3717
2 3717 4076 4476
2 4476 4076 1897
2 2076 420 1897
2 2014 420 2076
2 2014 3987 421
2 421 3165 422
2 1895 3969 422
2 3969 4046 4196
2 421 4661 4662
2 4196 2796 1356
2 421 4662 3998
2 1356 1994 4062
2 2014 3998 4663
2 4659 4700 4183
2 419 420 4663
2 4110 1897 419
2 4659 4183 4207
2 4083 3717 4110
2 4130 1671 4083
2 4207 4642 2019
2 4130 2012 1671
2 1671 2012 4149
2 4149 245 4480
2 4480 245 207
2 4480 245 207
2 989 191 4177
2 4018 3717 4480
2 989 191 4177
2 4076 4018 4450
2 4450 3392 913
2 3392 1279 1281
2 1271 1279 1278
2 917 4177 1564
2 1278 244 1271
2 1278 244 1271
2 1279 1271 485
2 485 1383 4667
2 3926 909 1383
2 728 3926 228
2 257 485 259
2 244 621 259
2 3464 2373 620
2 2373 4157 2061
2 4157 2272 2061
2 2272 2736 1450
2 120 134 2736
2 91 120 2358
2 91 120 2358
2 91 120 2358
2 120 4320 4598
2 3738 4320 4597
2 4604 4610 4597
2 4603 4604 1347
2 1785 1348 4439
2 1347 3705 1351
2 3663 1351 3705
2 3663 804 4001
2 1225 896 804
2 1785 1348 4439
2 1348 3270 4215
2 1225 896 804
2 4435 896 894
2 1348 3270 4215
2 91 88 3270
2 898 4435 894
2 898 4443 4435
2 1774 161 137
2 2097 4443 1750
2 183 3807 1750
2 161 1774 1156
2 1012 183 850
2 226 837 850
2 226 1248 593
2 1156 202 183
2 960 1156 1774
2 226 1248 593
2 1155 3217 960
2 248 593 2858
2 2858 2257 3325
2 620 2257 2999
2 257 2999 4190
2 4190 1594 257
2 2278 2858 1951
2 593 3217 1951
2 257 1594 228
2 728 3926 228
2 728 4461 4648
2 696 726 3922
2 729 4461 726
2 906 4461 736
2 4131 3924 736
2 4131 731 1527
2 1994 2796 731
2 730 1857 606
2 1356 1994 4062
2 4062 4645 4700
2 730 1857 606
2 4118 4183 4645
2 729 696 1857
2 4642 4183 4118
2 696 726 3922
2 4207 4642 2019
2 2012 2019 252
2 4149 252 268
2 268 4650 245
2 3888 4650 1222
2 4060 1222 4035
2 4035 1112 1608
2 2039 252 4699
2 4699 2019 209
2 1608 1112 1113
2 1608 1113 3792
2 3792 4115 1343
2 4126 4115 4455
2 4464 1015 4455
2 3037 1724 4115
2 109 4203 1596
2 4203 1973 1596
2 4203 1995 1973
2 1973 1995 2240
2 2417 2240 1995
2 4203 105 1995
2 85 105 4203
2 85 4203 109
2 85 109 559
2 559 3720 85
2 85 3720 105
2 3720 827 105
2 85 3720 105
2 85 4203 109
2 1200 127 580
2 85 109 559
2 4504 577 4247
2 4503 573 534
2 3264 4503 534
2 534 3241 3264
2 1198 3264 3241
2 3241 4537 1198
2 651 1198 4537
2 4537 3745 651
2 3745 4334 651
2 2525 651 4334
2 4334 889 2525
2 3162 889 4334
2 828 3162 4334
2 4334 823 828
2 823 4270 828
2 4270 3191 828
2 3191 4225 828
2 4225 3162 828
2 858 3162 4225
2 4225 4195 858
2 1325 858 4195
2 1325 4195 640
2 4195 1328 640
2 3396 640 1328
2 3396 1328 1203
2 3396 1203 2780
2 3396 2780 3435
2 3435 2556 3396
2 640 3396 2556
2 3435 2918 2556
2 2512 2556 2918
2 3648 2512 2918
2 2918 3233 3648
2 4293 3648 3233
2 4293 3233 4042
2 3233 1657 4042
2 1657 3233 2780
2 1657 2780 2775
2 2775 4563 1657
2 4563 2775 1836
2 3946 4563 1836
2 1653 3946 1836
2 1653 1836 2773
2 1653 2773 3769
2 1652 1653 3769
2 1652 3769 3305
2 3305 3450 1652
2 1652 3450 2703
2 1652 2703 1653
2 1653 2703 3643
2 1653 3643 4556
2 1653 4556 3946
2 4542 3946 4556
2 4563 3946 4542
2 2506 4556 3643
2 2506 3643 2703
2 4545 2506 2703
2 4545 2703 4331
2 4331 2469 4545
2 4545 2469 2506
2 2506 2469 3161
2 4556 2506 3161
2 4517 3161 2469
2 4517 2469 3819
2 3549 4517 3819
2 3549 3819 4513
2 2659 3549 4513
2 2734 2659 4513
2 2734 4513 3781
2 739 2734 3781
2 739 3781 2335
2 3781 4513 2335
2 2335 4513 3071
2 2335 3071 3492
2 816 2335 3492
2 816 3492 1483
2 1483 3492 3239
2 3239 1502 1483
2 1502 3239 1651
2 1651 1206 1502
2 1651 2451 1206
2 2451 3590 1206
2 1206 3590 2728
2 2728 3590 4150
2 636 2728 4150
2 4150 857 636
2 1327 857 4150
2 1327 4150 637
2 637 3588 1327
2 1327 3588 4194
2 4194 4038 1327
2 4580 1327 4038
2 4038 2489 4580
2 4565 4580 2489
2 4565 2489 3721
2 4565 3721 3285
2 4565 3285 2533
2 4565 2533 4580
2 857 4580 2533
2 857 1327 4580
2 2489 1051 3721
2 1046 3721 1051
2 1051 2984 1046
2 2984 4164 1046
2 4164 4535 1046
2 1046 4535 1199
2 1046 1199 2751
2 2751 3721 1046
2 2751 4553 3721
2 1199 4553 2751
2 2634 4553 1199
2 1199 578 2634
2 578 576 2634
2 2734 576 578
2 2734 578 2300
2 2300 2659 2734
2 4500 2659 2300
2 2300 4538 4500
2 4538 4501 4500
2 4501 1398 4500
2 4500 1398 2659
2 1398 3549 2659
2 1398 3258 3549
2 3258 4517 3549
2 3258 1398 1394
2 1394 3276 3258
2 3276 1394 4501
2 3276 4501 4502
2 3241 3276 4502
2 4502 4537 3241
2 4502 2592 4537
2 2592 3745 4537
2 4381 3745 2592
2 4536 4381 2592
2 4502 4536 2592
2 4501 4536 4502
2 4538 4536 4501
2 890 4536 4538
2 890 4538 650
2 1048 890 650
2 1047 1048 650
2 650 1083 1047
2 1047 1083 2984
2 1051 1047 2984
2 1047 1051 826
2 1047 826 2989
2 1047 2989 1048
2 1048 2989 4365
2 4365 1049 1048
2 1048 1049 890
2 4381 890 1049
2 823 4381 1049
2 1049 4365 823
2 4270 823 4365
2 4365 1326 4270
2 1326 1324 4270
2 3191 4270 1324
2 639 3191 1324
2 1324 2304 639
2 2304 1202 639
2 1202 401 639
2 639 401 3503
2 639 3503 3191
2 3191 3503 4195
2 3191 4195 4225
2 4195 3503 1328
2 1328 3503 1203
2 401 1203 3503
2 1203 401 3443
2 2775 1203 3443
2 1836 2775 3443
2 3443 1202 1836
2 2773 1836 1202
2 2773 1202 4451
2 4451 3769 2773
2 2641 3769 4451
2 2641 4451 1916
2 2641 1916 2362
2 2275 2641 2362
2 2275 2362 3588
2 3588 3590 2275
2 3590 3305 2275
2 2641 2275 3305
2 3305 3769 2641
2 3305 3590 2755
2 2755 3450 3305
2 3450 2755 2451
2 1651 3450 2451
2 3450 1651 3239
2 2703 3450 3239
2 4331 2703 3239
2 4331 3239 3492
2 3492 3071 4331
2 3071 2469 4331
2 3819 2469 3071
2 4513 3819 3071
2 2451 2755 3590
2 2451 2755 3590
2 637 3590 3588
2 637 4150 3590
2 3588 2362 3418
2 4194 3588 3418
2 2989 4194 3418
2 2989 3418 4365
2 4365 3418 1326
2 3418 2362 1326
2 1916 1326 2362
2 1916 638 1326
2 1326 638 1324
2 638 2304 1324
2 638 1202 2304
2 638 4451 1202
2 4451 638 1916
2 4451 638 1916
2 826 4194 2989
2 2489 4194 826
2 1051 2489 826
2 4038 4194 2489
2 3418 2362 1326
2 2641 2275 3305
2 1916 1326 2362
2 4451 638 1916
2 3305 3769 2641
2 638 4451 1202
2 1202 3443 401
2 2775 2780 1203
2 1202 3443 401
2 401 1203 3503
2 1202 3443 401
2 638 1202 2304
2 638 2304 1324
2 639 3503 3191
2 1326 638 1324
2 4365 3418 1326
2 823 4334 4381
2 4334 3745 4381
2 890 4381 4536
2 1049 4365 823
2 2989 3418 4365
2 826 4194 2989
2 1051 2489 826
2 2984 1083 4164
2 2300 4164 1083
2 2300 1083 4538
2 650 4538 1083
2 2300 4535 4164
2 2300 578 4535
2 4535 578 1199
2 650 4538 1083
2 1047 2989 1048
2 1048 1049 890
2 650 4538 1083
2 890 4381 4536
2 890 4381 4536
2 4334 3745 4381
2 4502 4536 2592
2 3241 1503 3276
2 1503 3241 534
2 534 3724 1503
2 4501 4536 4502
2 1394 1398 4501
2 1394 1398 4501
2 1394 1398 4501
2 4538 4536 4501
2 2300 1083 4538
2 4500 1398 2659
2 2300 578 4535
2 576 2734 739
2 3583 576 739
2 4535 578 1199
2 2634 2810 4553
2 1199 4553 2751
2 4535 578 1199
2 2300 4535 4164
2 2984 1083 4164
2 1051 1047 2984
2 2751 3721 1046
2 1051 2489 826
2 4565 2533 4580
2 4038 4194 2489
2 857 1327 4580
2 4038 4194 2489
2 4194 3588 3418
2 637 3590 3588
2 637 4150 3590
2 857 1327 4580
2 637 4150 3590
2 2451 2755 3590
2 1651 3450 2451
2 3450 1651 3239
2 4331 3239 3492
2 3492 3071 4331
2 4513 3819 3071
2 576 2734 739
2 3781 4513 2335
2 2300 2659 2734
2 1398 3549 2659
2 4513 3819 3071
2 3258 4517 3549
2 3819 2469 3071
2 3071 2469 4331
2 4331 2703 3239
2 4545 2469 2506
2 4556 2506 3161
2 2506 3643 2703
2 2703 3450 3239
2 2755 3450 3305
2 3305 3769 2641
2 1652 2703 1653
2 4451 3769 2773
2 2773 1836 1202
2 1653 4556 3946
2 4563 3946 4542
2 1836 2775 3443
2 2775 2780 1203
2 2780 3233 3435
2 3435 3233 2918
2 3435 3233 2918
2 1204 2556 2512
2 3435 3233 2918
2 2780 3233 3435
2 2775 2780 1203
2 1328 3503 1203
2 640 3396 2556
2 4195 3503 1328
2 1325 3661 858
2 3661 824 858
2 824 3846 858
2 858 3846 3162
2 3162 3846 889
2 889 3846 824
2 889 3846 824
2 1592 824 3661
2 1325 1592 3661
2 1592 825 824
2 1325 1592 3661
2 3191 4195 4225
2 858 3846 3162
2 3191 4195 4225
2 3191 4270 1324
2 4270 823 4365
2 823 4334 4381
2 4225 3162 828
2 3162 3846 889
2 651 2525 1198
2 2525 4503 1198
2 1198 4503 3264
2 4334 3745 4381
2 2592 3745 4537
2 651 2525 1198
2 4502 4537 3241
2 1198 4503 3264
2 1503 3241 534
2 1198 4503 3264
2 577 4551 4247
2 2525 4503 1198
2 4334 889 2525
2 577 4551 4247
2 889 3846 824
2 1592 825 824
2 652 4247 889
2 4234 4247 2930
2 4234 2930 4552
2 1200 4552 559
2 559 3720 85
2 3720 827 105
2 1053 3014 1052
2 3720 827 105
2 4203 105 1995
2 2417 2240 1995
2 2417 2240 1995
2 3089 2264 3919
2 1973 1995 2240
2 4203 1973 1596
2 1486 3037 1596
2 1486 4464 3037
2 2497 1973 2264
2 3089 2264 3919
2 3089 503 97
2 3089 96 2704
2 4464 2497 2704
2 4464 1015 4455
2 1015 675 1014
2 674 108 96
2 1666 983 675
2 674 3375 4067
2 1666 484 1168
2 484 1603 1917
2 3375 4344 4067
2 484 1603 1917
2 1917 483 1167
2 1694 3844 483
2 1694 794 1499
2 1635 1603 4344
2 603 794 3620
2 3620 1500 1912
2 4509 1500 3324
2 3375 4344 4067
2 708 3730 3324
2 97 3375 674
2 97 503 115
2 3730 708 709
2 1680 709 145
2 4259 115 503
2 1680 145 830
2 830 831 4465
2 700 3878 831
2 1218 145 4259
2 2417 3068 4259
2 3068 129 3076
2 700 1787 3878
2 1787 832 4641
2 155 1219 3076
2 4641 832 547
2 191 207 547
2 155 176 1219
2 989 191 4177
2 917 4177 1564
2 1278 1564 221
2 221 621 244
2 1153 3464 621
2 1154 194 176
2 1152 2373 1153
2 3449 1090 1152
2 156 1154 176
2 3449 1090 1152
2 1090 1089 2272
2 1088 2358 1089
2 1088 4251 2358
2 2267 793 4251
2 4251 88 2358
2 111 894 88
2 111 3574 137
2 474 1155 3574
2 3029 4251 1207
2 1155 474 2992
2 793 2839 1207
2 1155 474 2992
2 1155 3217 960
2 1594 3217 962
2 2992 1208 2636
2 961 962 2636
2 210 1594 962
2 728 210 724
2 172 188 961
2 725 728 724
2 725 3922 726
2 3922 3477 4642
2 2019 3477 4643
2 692 694 724
2 209 2019 4643
2 187 692 724
2 209 784 1341
2 172 187 724
2 209 784 1341
2 1341 1426 3792
2 1426 3037 4115
2 1596 3037 665
2 784 1424 1425
2 665 127 1596
2 152 1424 172
2 1200 127 580
2 572 963 580
2 152 1424 172
2 172 961 4512
2 142 4514 4512
2 572 963 580
2 4514 142 4519
2 4695 963 4514
2 572 963 580
2 1200 127 580
2 4552 1200 3577
2 4552 3577 4234
2 579 4511 4397
2 4504 4234 574
2 573 574 4515
2 4511 4522 4397
2 4521 4532 4533
2 740 4414 4518
2 4357 3754 4533
2 4516 4520 3817
2 4521 4532 4533
2 4521 4515 4397
2 4516 4520 3817
2 573 574 4515
2 4503 573 534
2 534 3724 1503
2 4516 4520 3817
2 740 4520 3754
2 534 3724 1503
2 3241 1503 3276
2 1394 3276 3258
2 740 4414 4518
2 3258 4517 3549
2 4517 3161 2469
2 4518 4414 820
2 4556 2506 3161
2 4542 3946 4556
2 4534 820 4414
2 4546 4534 3754
2 4563 3946 4542
2 2775 4563 1657
2 3233 1657 4042
2 4546 3754 4357
2 4533 818 4357
2 4293 3233 4042
2 3360 818 4533
2 4293 3648 3233
2 3648 2512 2918
2 1654 1655 1734
2 1204 2556 2512
2 1330 660 661
2 1204 2556 2512
2 640 3396 2556
2 1325 4195 640
2 1325 1592 3661
2 1330 660 661
2 856 1330 1329
2 1592 825 824
2 825 1050 652
2 1050 3014 2930
2 1053 3014 1052
2 3548 1592 856
2 827 1052 4566
2 856 1330 1329
2 635 1329 1731
2 105 4566 129
2 155 3076 129
2 155 176 1219
2 635 1329 1731
2 156 1154 176
2 156 133 3449
2 1731 2002 1733
2 3449 133 3692
2 2648 1090 3692
2 84 3541 101
2 2267 1088 2648
2 793 2267 3031
2 84 3541 101
2 3031 2839 793
2 1208 2992 2839
2 142 961 1208
2 4544 4519 142
2 121 3031 104
2 104 3031 84
2 4543 2554 817
2 2554 819 817
2 817 819 4419
2 4544 4519 142
2 817 819 4419
2 4519 4511 4695
2 4511 4522 4397
2 4522 3337 4521
2 817 819 4419
2 3337 3360 4532
2 3360 600 4293
2 2554 819 817
2 1654 3648 600
2 1654 1655 1734
2 4543 2554 817
2 3373 4543 84
2 1654 1655 1734
2 1734 1205 1204
2 659 1205 2002
2 1731 2002 1733
2 1656 1655 3373
2 133 1733 101
2 84 3541 101
2 3373 4543 84
