time_s,pressure_atm,force_N,position_mm
0.0,0.0019271596504474556,0.09784170275985585,-0.01
0.010000000000001563,0.0019265711495606466,0.08223929113381886,-0.01
0.019999999999999574,0.0019260468468284722,0.0665895417323052,-0.01
0.030000000000001137,0.0019256738782056106,0.05151191402222993,-0.01
0.03999999999999915,0.0019255264794722602,0.03757776435139198,-0.01
0.05000000000000071,0.001925659561891511,0.02524602639124237,-0.01
0.05999999999999872,0.001926104593635405,0.01482313696721896,-0.01
0.07000000000000028,0.0019268681274441546,0.006448909500776973,-0.01
0.0799999999999983,0.0019279329058368322,0.00010613054762651151,-0.01
0.08999999999999986,0.0019292610720797,-0.0043510917819485385,-0.01
0.10000000000000142,0.0019307987259543984,-0.007156903298250595,-0.01
0.10999999999999943,0.0019324809665501974,-0.008588733779179182,-0.01
0.11999999999999744,0.0019342366754890518,-0.008925471250222805,-0.01
0.129999999999999,0.0019359925663563927,-0.00841587800381393,-0.01
0.14000000000000057,0.0019376763667030008,-0.007262571475140243,-0.01
0.14999999999999858,0.0019392193003069074,-0.0056234020245854,-0.019999999999999973
0.16000000000000014,0.0019405582180706225,-0.0036271634364142564,-0.010000000000000028
0.16999999999999815,0.0019416377534841477,-0.0013961819953209511,-0.019999999999999973
0.17999999999999972,0.0019424127667897646,0.0009331479483024654,-0.02
0.18999999999999773,0.0019428511382142523,0.003198852812923321,-0.02
0.1999999999999993,0.0019429367385211042,0.005214129455560244,-0.02
0.21000000000000085,0.001942672204300796,0.0067799229356371084,-0.02
0.21999999999999886,0.0019420810179071439,0.007706277923540811,-0.02
0.23000000000000043,0.001941208357777459,0.00783820000186355,-0.029999999999999943
0.23999999999999844,0.0019401202435562496,0.007081556909763944,-0.020000000000000028
0.25,0.0019389006416561212,0.00542451995347657,-0.02999999999999997
0.259999999999998,0.0019376464152777596,0.00295017442672979,-0.03
0.2699999999999996,0.0019364602967713422,-0.0001628393007463595,-0.03
0.2799999999999976,0.0019354424072046145,-0.003652096092908177,-0.03
0.28999999999999915,0.0019346811846733742,-0.007193154004935523,-0.04
0.3000000000000007,0.0019342448185848092,-0.010427519976162043,-0.04
0.3099999999999987,0.001934174342389117,-0.01299323821675323,-0.04
0.3200000000000003,0.00193447937508926,-0.014555458848287043,-0.030000000000000054
0.3299999999999983,0.0019351371449980058,-0.014835269978315208,-0.039999999999999945
0.33999999999999986,0.0019360949608306238,-0.013635511658862204,-0.04
0.34999999999999787,0.0019372758248047538,-0.0108619437956658,-0.04
0.35999999999999943,0.001938586490400176,-0.0065373854196028895,-0.04
0.36999999999999744,0.0019399269826562082,-0.0008062333138862867,-0.04999999999999995
0.379999999999999,0.001941200424701988,0.0060722415548113,-0.05
0.39000000000000057,0.0019423219616398564,0.01374159779117419,-0.05
0.3999999999999986,0.0019432256669262317,0.021775051920257724,-0.05
0.41000000000000014,0.0019438685812014948,0.029708693187442414,-0.05
0.41999999999999815,0.0019442314697875906,0.03707816834182888,-0.05
0.4299999999999997,0.001944316440779951,0.04345591694598068,-0.05999999999999994
0.4399999999999977,0.0019441421214408388,0.048485820416840825,-0.05000000000000006
0.4499999999999993,0.001943737495878784,0.051911983663161264,-0.05999999999999994
0.4599999999999973,0.0019431356501816409,0.053598904812781116,-0.06
0.46999999999999886,0.0019423685239031534,0.05354136203142712,-0.06
0.4800000000000004,0.0019414633868014544,0.0518632124147164,-0.06
0.48999999999999844,0.0019404412722818496,0.04880482994654633,-0.06999999999999995
0.5,0.001939317155264409,0.0446998254962076,-0.07
0.509999999999998,0.001938101382263385,0.03994339356511824,-0.07
0.5199999999999996,0.0019368017966330637,0.03495624125774069,-0.07
0.5299999999999976,0.0019354261246609917,0.030148279904444943,-0.07
0.5399999999999991,0.0019339844012256585,0.025885159333248142,-0.07
0.5500000000000007,0.0019324913892351306,0.02245955045494379,-0.07
0.5599999999999987,0.0019309689856772537,0.020068412381785975,-0.07999999999999989
0.5700000000000003,0.0019294484777695044,0.018796945484682494,-0.08
0.5799999999999983,0.0019279722633203874,0.018609721150263388,-0.08
0.5899999999999999,0.0019265943973365443,0.019350388282399517,-0.08
0.5999999999999979,0.0019253792176940209,0.02075281677706813,-0.08
0.6099999999999994,0.0019243974471155282,0.022466230045292412,-0.08
0.6199999999999974,0.0019237195964767078,0.024093555662196068,-0.08
0.629999999999999,0.001923407133781496,0.02523778195406137,-0.08999999999999989
0.6400000000000006,0.0019235025644004941,0.025548539052451257,-0.09
0.6499999999999986,0.0019240200745365588,0.02476138853431769,-0.09
0.6600000000000001,0.001924938541001584,0.022724345728802053,-0.09
0.6699999999999982,0.0019261984265837,0.019408908804065435,-0.09
0.6799999999999997,0.001927703415601846,0.01490592989692304,-0.09
0.6899999999999977,0.0019293267859750993,0.009409344277690178,-0.09
0.6999999999999993,0.0019309217121043043,0.003191960990432777,-0.0999999999999999
0.7099999999999973,0.0019323341433707991,-0.0034229070736372983,-0.09000000000000011
0.7199999999999989,0.0019334166825062066,-0.010091015068634685,-0.0999999999999999
0.7300000000000004,0.0019340419618396453,-0.01647529017695511,-0.1
0.7399999999999984,0.0019341142764562997,-0.022269844305706252,-0.1
0.75,0.0019335785560701528,-0.027217790680680146,-0.1
0.759999999999998,0.0019324260579863257,-0.031121981776157655,-0.1
0.7699999999999996,0.0019306964220980295,-0.03384926260156043,-0.1
0.7799999999999976,0.0019284759611522513,-0.03532998574659745,-0.10999999999999989
0.7899999999999991,0.0019258922806539406,-0.0355552051721659,-0.11
0.8000000000000007,0.0019231055406422665,-0.03457401642365558,-0.11
0.8099999999999987,0.001920296898925756,-0.032492460691438636,-0.11
0.8200000000000003,0.0019176549279671044,-0.02947314156737328,-0.11
0.8299999999999983,0.0019153610684448587,-0.025732209005826717,-0.11
0.8399999999999999,0.0019135754195178452,-0.02152954343044373,-0.11999999999999988
0.8499999999999979,0.001912424283120675,-0.01715027647158817,-0.11000000000000011
0.8599999999999994,0.0019119907944462238,-0.012880313346498678,-0.11999999999999988
0.8699999999999974,0.0019123096413714694,-0.008982017990771054,-0.11000000000000011
0.879999999999999,0.0019133663361127905,-0.005675997741030121,-0.11999999999999988
0.8900000000000006,0.0019151008762077365,-0.0031313538786354486,-0.12
0.8999999999999986,0.0019174150818778181,-0.0014625315988497744,-0.12
0.9100000000000001,0.0019201825361823345,-0.0007286274576807735,-0.12999999999999978
0.9199999999999982,0.0019232599051373128,-0.0009317082232235901,-0.13
0.9299999999999997,0.0019264984385319284,-0.0020135381684474114,-0.12000000000000022
0.9399999999999977,0.001929754595761662,-0.0038531182095590906,-0.1299999999999999
0.9499999999999993,0.0019328989602348263,-0.006268659741628987,-0.13
0.9599999999999973,0.0019358228691399857,-0.009026405230887423,-0.13
0.9699999999999989,0.0019384424700432709,-0.011856250921668636,-0.13
0.9800000000000004,0.0019407001988692326,-0.014472293926071902,-0.1399999999999999
0.9899999999999984,0.0019425639248331935,-0.016595796725136888,-0.14
1.0,0.0019440241970213625,-0.01797773432195665,-0.14
1.009999999999998,0.0019450901424078026,-0.01841770074830983,-0.13000000000000023
1.0199999999999996,0.0019457846154349685,-0.017776473714114137,-0.1399999999999998
1.0299999999999976,0.0019461391993765968,-0.015981332761985566,-0.14
1.0399999999999991,0.001946189612884226,-0.013025100612145122,-0.14
1.0500000000000007,0.0019459719762322818,-0.008960849799438276,-0.14
1.0599999999999987,0.0019455202425811826,-0.003894509114588119,-0.14999999999999977
1.0700000000000003,0.001944864916579613,0.002022474733021943,-0.14000000000000024
1.0799999999999983,0.0019440329915781198,0.008598920536754606,-0.14999999999999977
1.0899999999999999,0.001943048864347656,0.01560796478603409,-0.15
1.0999999999999979,0.0019419358565250454,0.022790625231300845,-0.15
1.1099999999999994,0.0019407179053768423,0.029860719102495124,-0.15
1.1199999999999974,0.0019394209960274448,0.03651261929219117,-0.15999999999999978
1.129999999999999,0.0019380739910692495,0.042432841751656535,-0.15
1.1400000000000006,0.0019367086494750773,0.04731617864910569,-0.16
1.1499999999999986,0.0019353587816701367,0.050886364535882196,-0.16
1.1600000000000001,0.0019340586341480487,0.05291985267877862,-0.16
1.1699999999999982,0.0019328407217491532,0.053269932225522426,-0.16
1.1799999999999997,0.0019317334228857478,0.05188771125348394,-0.16
1.1899999999999977,0.0019307587154741234,0.04883627657636109,-0.16
1.1999999999999993,0.0019299304481278335,0.04429448936401087,-0.1699999999999998
1.2099999999999973,0.0019292535001638564,0.03854782437071999,-0.16000000000000023
1.2199999999999989,0.0019287240778358597,0.031965851721611,-0.1699999999999998
1.2300000000000004,0.0019283312295379615,0.02496895773092424,-0.17
1.2399999999999984,0.0019280594653578995,0.01798949947312024,-0.17
1.25,0.0019278921716765352,0.011433752399846283,-0.17
1.259999999999998,0.0019278153458587906,0.005650345721309434,-0.17999999999999977
1.2699999999999996,0.0019278210516986381,0.0009084669739562537,-0.18
1.2799999999999976,0.0019279099266487716,-0.002614291769037149,-0.18
1.2899999999999991,0.0019280920867580228,-0.004837154462124812,-0.18
1.3000000000000007,0.00192838591478835,-0.0057770398001977695,-0.18
1.3099999999999987,0.001928814509869988,-0.005545169059041423,-0.18
1.3200000000000003,0.0019294000175312605,-0.00433719868264359,-0.18
1.3299999999999983,0.0019301565851495128,-0.0024149033868358823,-0.18999999999999978
1.3399999999999999,0.0019310831741006242,-7.993555453724635e-05,-0.19
1.3499999999999979,0.001932157749242536,0.0023570317289971785,-0.19
1.3599999999999994,0.0019333343323544687,0.0046071761975325755,-0.18000000000000022
1.3699999999999974,0.0019345440019329922,0.006430251604249551,-0.18999999999999978
1.379999999999999,0.0019357002080147877,0.007654111494562203,-0.19
1.3900000000000006,0.0019367079172767988,0.008184863446321428,-0.19
1.3999999999999986,0.0019374753331233977,0.008006445390819274,-0.1999999999999998
1.4100000000000001,0.00193792642873063,0.007170078811227271,-0.2
1.4199999999999982,0.0019380123708757225,0.005776117064345568,-0.19000000000000022
1.4299999999999997,0.0019377200850044397,0.003952264321934385,-0.1999999999999998
1.4399999999999977,0.0019370766336828113,0.001832463025410334,-0.2
1.4499999999999993,0.0019361486435155162,-0.00045988405037552355,-0.2
1.4599999999999973,0.0019350366415831631,-0.0028220252868058895,-0.2
1.4699999999999989,0.00193386481533091,-0.005174769351038653,-0.20999999999999977
1.4800000000000004,0.001932767350827021,-0.007459447207795778,-0.20000000000000023
1.4899999999999984,0.0019318730472246983,-0.009631474115277167,-0.20999999999999977
1.5,0.0019312902292418805,-0.011653366818830552,-0.21
1.509999999999998,0.0019310939831369755,-0.013489077716013766,-0.21
1.5199999999999996,0.0019313173894722959,-0.015099931082285925,-0.21
1.5299999999999976,0.0019319477759258384,-0.016441762394028996,-0.21
1.5399999999999991,0.0019329282198115303,-0.017463402186459788,-0.21
1.5500000000000007,0.001934163788421083,-0.018107241817076764,-0.21999999999999978
1.5599999999999987,0.0019355314615886537,-0.018312461658443597,-0.21000000000000021
1.5700000000000003,0.0019368923846641358,-0.018020976925911734,-0.21999999999999978
1.5799999999999983,0.0019381050260613754,-0.01718561237478564,-0.22
1.5899999999999999,0.0019390379021188633,-0.01577913659947457,-0.22
1.5999999999999979,0.0019395807216043813,-0.0138018117461236,-0.22
1.6099999999999994,0.0019396530527357886,-0.011285282345080491,-0.22999999999999957
1.6199999999999974,0.0019392099112516264,-0.008292307654293654,-0.22000000000000045
1.629999999999999,0.0019382439944684734,-0.00491358580178268,-0.2299999999999998
1.6400000000000006,0.0019367846093282972,-0.001263235544302044,-0.23
1.6499999999999986,0.0019348936188985056,0.0025265161621104777,-0.23
1.6600000000000001,0.0019326589394915478,0.00631193261620276,-0.23
1.6699999999999982,0.001930186268233189,0.009946060549112297,-0.23
1.6799999999999997,0.0019275898254488538,0.013288132270153512,-0.23
1.6899999999999977,0.0019249829577891971,0.016212720643642216,-0.23999999999999977
1.6999999999999993,0.001922469449909974,0.018617259984233286,-0.23000000000000023
1.7099999999999973,0.0019201363188516773,0.02042695270552567,-0.23999999999999977
1.7199999999999989,0.0019180487137269366,0.021596716336198744,-0.24
1.7300000000000004,0.0019162473276490536,0.022110728430675686,-0.24
1.7399999999999984,0.0019147484753596208,0.021981070757039377,-0.24
1.75,0.0019135467261868636,0.021247224311717963,-0.24999999999999978
1.759999999999998,0.0019126197215936142,0.01997719112232756,-0.25
1.7699999999999996,0.001911934551861407,0.018269435486263787,-0.25
1.7799999999999976,0.001911454833748334,0.016253817489229237,-0.25
1.7899999999999991,0.0019111474722266282,0.01408957089274834,-0.25
1.8000000000000007,0.0019109880776073218,0.011958652674743088,-0.25
1.8099999999999987,0.001910964198102998,0.010053226752228327,-0.25
1.8200000000000003,0.0019110759195583658,0.008557182921345415,-0.25999999999999956
1.8299999999999983,0.001911333914413277,0.0076237636004652205,-0.26
1.8399999999999999,0.0019117555614539894,0.007353502144761647,-0.26
1.8499999999999979,0.001912360148126415,0.007777240612517459,-0.26
1.8599999999999994,0.001913164281867656,0.008847795092290457,-0.26
1.8699999999999974,0.0019141784295651275,0.010441731976659971,-0.26
1.879999999999999,0.0019154050340341306,0.012370559223227108,-0.26
1.8900000000000006,0.0019168380876515066,0.014399191469605306,-0.2699999999999998
1.8999999999999986,0.001918463587207793,0.01626915467951596,-0.27
1.9100000000000001,0.001920260112230694,0.017724053648131007,-0.27
1.9199999999999982,0.0019221989124557964,0.018534671172274954,-0.27
1.9299999999999997,0.0019242432926948846,0.018521009966569257,-0.27
1.9399999999999977,0.0019263475849485624,0.017569237375609205,-0.27
1.9499999999999993,0.0019284564007992025,0.01564257122623743,-0.27
1.9599999999999973,0.00193050500619526,0.012785842085940998,-0.2799999999999998
1.9699999999999989,0.0019324214942197868,0.009123622222085558,-0.28
1.9800000000000004,0.0019341309958682466,0.004851868627297601,-0.28
1.9899999999999984,0.0019355616067690483,0.00022323579298696582,-0.28
2.0,0.0019366512067793616,-0.004473340075866494,-0.28
2.009999999999998,0.0019373540652110235,-0.00893738574614971,-0.28
2.0199999999999996,0.0019376461293957206,-0.012883635909492019,-0.28
2.0299999999999976,0.0019375281639463667,-0.016067911532776813,-0.29
2.039999999999999,0.0019370263331588765,-0.018309388648847763,-0.29
2.0500000000000007,0.0019361902556195966,-0.01950704555233702,-0.29
2.0599999999999987,0.0019350889025795267,-0.019648547953544128,-0.29
2.0700000000000003,0.0019338049260152557,-0.018810235738412246,-0.29
2.0799999999999983,0.0019324281019980905,-0.017147655761773066,-0.29
2.09,0.001931048584527176,-0.014877339726104196,-0.3
2.099999999999998,0.0019297506037559624,-0.012251957096542285,-0.3
2.1099999999999994,0.0019286071241595138,-0.009532434196984328,-0.29
2.1199999999999974,0.0019276758152586592,-0.0069617245385994175,-0.29999999999999954
2.129999999999999,0.0019269965001259646,-0.004744591294207196,-0.3
2.1400000000000006,0.0019265900676936716,-0.003035461741100582,-0.3
2.1499999999999986,0.0019264586995800356,-0.0019332950152963276,-0.3
2.16,0.0019265871908989542,-0.0014805955735690214,-0.30999999999999955
2.169999999999998,0.0019269451335949218,-0.0016642831612992208,-0.31
2.1799999999999997,0.0019274897601429144,-0.0024181785865868633,-0.31
2.1899999999999977,0.0019281692895278025,-0.0036284660913804274,-0.31
2.1999999999999993,0.0019289266514423834,-0.005143320096998591,-0.31
2.2099999999999973,0.0019297034673022514,-0.006786075342418293,-0.31
2.219999999999999,0.0019304441256442354,-0.008369445423233462,-0.31
2.2300000000000004,0.0019310997115566,-0.009708174160418725,-0.31
2.2399999999999984,0.001931631467128601,-0.010629385887009127,-0.31999999999999956
2.25,0.0019320134201399953,-0.010981951175718398,-0.32
2.259999999999998,0.0019322338628231617,-0.010646231606476177,-0.32
2.2699999999999996,0.0019322955076988755,-0.009543555272064312,-0.32
2.2799999999999976,0.0019322143703066523,-0.007642961587196455,-0.32
2.289999999999999,0.0019320176638121557,-0.004962896897152617,-0.32
2.3000000000000007,0.0019317411531712464,-0.0015670338952472837,-0.33
2.3099999999999987,0.001931426443162681,0.002445084963676937,-0.33
2.3200000000000003,0.0019311185500251228,0.006950636932676427,-0.33
2.3299999999999983,0.0019308638700055796,0.01181640449012505,-0.32000000000000045
2.34,0.0019307083957211867,0.016908602534844018,-0.33
2.349999999999998,0.0019306958461323335,0.022096866614283613,-0.33
2.3599999999999994,0.001930865345669806,0.02725137527389178,-0.33
2.3699999999999974,0.0019312484358058539,0.0322346999035262,-0.3399999999999996
2.379999999999999,0.001931865489794243,0.03689240963090865,-0.34
2.3900000000000006,0.001932721936040907,0.041047350849011295,-0.33000000000000046
2.3999999999999986,0.0019338049601738073,0.044501479094461734,-0.3399999999999996
2.41,0.0019350814520811145,0.04704727297438917,-0.34
2.419999999999998,0.0019364978462542326,0.04848909111807441,-0.34
2.4299999999999997,0.001937982195244323,0.04867276283374494,-0.34
2.4399999999999977,0.0019394484093214629,0.04751870891562353,-0.34
2.4499999999999993,0.0019408022164065298,0.04505124947081298,-0.34999999999999953
2.4599999999999973,0.0019419481461015436,0.041416241534209565,-0.35
2.469999999999999,0.0019427967613601643,0.036881118748144426,-0.34000000000000047
2.4800000000000004,0.0019432714325948557,0.03181479520289413,-0.34999999999999953
2.4899999999999984,0.001943314110462891,0.02664879792859451,-0.35
2.5,0.0019428897320570527,0.021824959870737983,-0.35
2.509999999999998,0.0019419890440977394,0.01773832711338985,-0.36
2.5199999999999996,0.001940629739605421,0.014685470617464889,-0.36
2.5299999999999976,0.0019388558947489554,0.012827598641843607,-0.36
2.539999999999999,0.0019367357685750252,0.012175067572255555,-0.36
2.5500000000000007,0.0019343580919969087,0.012595575205230069,-0.36
2.5599999999999987,0.0019318270319273077,0.013843191765957212,-0.36
2.5700000000000003,0.0019292560882254064,0.015600956978418954,-0.36
2.5799999999999983,0.0019267612733739434,0.01752787827910548,-0.36999999999999955
2.59,0.0019244540216708525,0.019302302012464446,-0.36000000000000043
2.599999999999998,0.0019224343410960158,0.020656333328198023,-0.36999999999999955
2.6099999999999994,0.0019207847222341007,0.021398499538656243,-0.37
2.6199999999999974,0.001919565238223258,0.02142373149936273,-0.37
2.629999999999999,0.0019188101214849898,0.02071126579506674,-0.37
2.6400000000000006,0.0019185259336367134,0.019312401292096344,-0.37
2.6499999999999986,0.0019186913126925495,0.017331270276175394,-0.37999999999999956
2.66,0.001919258220169949,0.014902773443072887,-0.38
2.669999999999998,0.0019201546131075151,0.012172013580023545,-0.38
2.6799999999999997,0.0019212884979802752,0.009278533999260466,-0.38
2.6899999999999977,0.0019225533434826109,0.006346757723097452,-0.38
2.6999999999999993,0.0019238347988111016,0.0034822662314713737,-0.38
2.7099999999999973,0.0019250185533241035,0.0007728940592377827,-0.38999999999999957
2.719999999999999,0.0019259989703157812,-0.001706211720125108,-0.39
2.7300000000000004,0.0019266878569918523,-0.0038845528696519953,-0.39
2.7399999999999984,0.0019270224676530931,-0.005687170658365761,-0.38000000000000045
2.75,0.0019269716800978053,-0.007027505399428678,-0.38999999999999957
2.759999999999998,0.0019265393273463752,-0.007805636913876369,-0.39
2.7699999999999996,0.0019257639510414848,-0.007914170660104013,-0.39
2.7799999999999976,0.0019247147379913222,-0.007251604223923503,-0.3999999999999996
2.789999999999999,0.0019234839947032203,-0.0057406904488956495,-0.4
2.799999999999997,0.0019221770547156005,-0.003348312596921533,-0.39000000000000046
2.8099999999999987,0.0019209008829036652,-0.00010349346266299142,-0.3999999999999996
2.8200000000000003,0.001919752795409291,0.003889658835066334,-0.4
2.8299999999999983,0.0019188106666337891,0.008447206200294698,-0.4
2.84,0.0019181257856078155,0.013311121875215754,-0.4
2.849999999999998,0.0019177191944324719,0.018165760128526037,-0.40999999999999953
2.8599999999999994,0.0019175819171956775,0.022662947110138786,-0.40000000000000047
2.8699999999999974,0.0019176789843253449,0.02645194798115022,-0.40999999999999953
2.879999999999999,0.0019179566139237913,0.029210049740196024,-0.41
2.8900000000000006,0.0019183514182513593,0.03067018873322686,-0.41
2.8999999999999986,0.0019188001787850673,0.030643666319009156,-0.41
2.91,0.001919248667988729,0.02903757501125473,-0.41999999999999954
2.919999999999998,0.0019196582144236185,0.025866853260183825,-0.4100000000000004
2.9299999999999997,0.001920009159784988,0.021259667306137917,-0.41999999999999954
2.9399999999999977,0.001920300927932716,0.015453610465095632,-0.4100000000000004
2.9499999999999993,0.001920548978450832,0.00878082646917911,-0.41999999999999954
2.9599999999999973,0.0019207793438027394,0.0016426723677918564,-0.42
2.969999999999999,0.001921021704009712,-0.0055225902849524115,-0.42
2.9800000000000004,0.0019213020422091931,-0.012274019360602155,-0.42999999999999955
2.9899999999999984,0.0019216358847933628,-0.018199602192943844,-0.43
3.0,0.001922023006139647,-0.022942787429660036,-0.42000000000000043
3.009999999999998,0.0019224443042510045,-0.02622364825882953,-0.42999999999999955
3.0199999999999996,0.0019228613445255525,-0.027855441537183757,-0.43
3.0299999999999976,0.0019232188254482744,-0.027756787321199083,-0.43
3.039999999999999,0.0019234499392777333,-0.025958145767015346,-0.43
3.049999999999997,0.0019234842811737295,-0.022600238311840576,-0.43999999999999956
3.0599999999999987,0.001923257605046881,-0.017922773409246178,-0.43000000000000044
3.0700000000000003,0.0019227223515031289,-0.012244141451576691,-0.43999999999999956
3.0799999999999983,0.0019218575331108494,-0.005935216373064595,-0.44
3.09,0.0019206763489284634,0.0006086700667261951,-0.44
3.099999999999998,0.0019192299320868534,0.006994599159776913,-0.44
3.1099999999999994,0.0019176060099732953,0.012856492248596627,-0.44999999999999957
3.1199999999999974,0.0019159220059274103,0.017876382608227014,-0.44000000000000045
3.129999999999999,0.0019143131412334468,0.02180125947422243,-0.44999999999999957
3.1400000000000006,0.0019129171668925214,0.02445410811764768,-0.45
3.1499999999999986,0.0019118581508465232,0.02573904426861165,-0.45
3.16,0.0019112320134443144,0.025641825925298217,-0.45
3.169999999999998,0.0019110961454375623,0.024226881757566567,-0.45
3.1799999999999997,0.0019114645528460676,0.021630800233295278,-0.4599999999999996
3.1899999999999977,0.0019123088198819533,0.01805177101831068,-0.46
3.1999999999999993,0.0019135641051109353,0.013735328012582464,-0.46
3.2099999999999973,0.0019151386446302574,0.008957731192405305,-0.46
3.219999999999999,0.0019169249230407018,0.004008209445448724,-0.46
3.2300000000000004,0.0019188107472324903,-0.0008295986452817145,-0.46
3.2399999999999984,0.0019206888060047428,-0.005296866885322651,-0.46
3.25,0.001922463789627766,-0.009178277278897253,-0.46999999999999953
3.259999999999998,0.0019240566755331398,-0.012317793531925412,-0.47
3.2699999999999996,0.0019254062989520853,-0.014629068040935715,-0.47
3.2799999999999976,0.0019264687738853826,-0.016099181970538855,-0.47
3.289999999999999,0.0019272156479689278,-0.016785500580157577,-0.47
3.299999999999997,0.001927631794101826,-0.016805406847850646,-0.47
3.3099999999999987,0.0019277139172635955,-0.016318186844002387,-0.47
3.3200000000000003,0.001927470195099211,-0.015499082271231184,-0.47999999999999954
3.3299999999999983,0.0019269210510926896,-0.014508285585049512,-0.4700000000000004
3.34,0.0019261005202112016,-0.013461187919504182,-0.47999999999999954
3.349999999999998,0.0019250572785500927,-0.012407896397508476,-0.48
3.3599999999999994,0.0019238543088192332,-0.01132820800047371,-0.48
3.3699999999999974,0.0019225664198511618,-0.010143754822379418,-0.48
3.379999999999999,0.0019212753776803382,-0.008744189230978753,-0.48999999999999955
3.3900000000000006,0.0019200630718063934,-0.0070206087540000085,-0.49
3.3999999999999986,0.0019190037112200473,-0.004897729471775374,-0.49
3.41,0.0019181563418755353,-0.0023572109344592042,-0.49
3.419999999999998,0.0019175589282177247,0.0005522007678322408,-0.49
3.4299999999999997,0.0019172248891331089,0.0037180060325512077,-0.49
3.4399999999999977,0.001917142460490404,0.006978185327683776,-0.49
3.4499999999999993,0.0019172767460846078,0.010142575697258393,-0.4999999999999991
3.4599999999999973,0.0019175739472378581,0.013017235617391858,-0.5
3.469999999999999,0.0019179670758973555,0.015427495796372924,-0.4900000000000009
3.4800000000000004,0.0019183824356948068,0.017235844359375512,-0.49999999999999956
3.4899999999999984,0.0019187462428384208,0.01835209213063768,-0.5
3.5,0.0019189908888065624,0.018735276628034963,-0.5
3.509999999999998,0.001919060470644956,0.018389099905468206,-0.5099999999999996
3.5199999999999996,0.0019189153100518514,0.017354382427982297,-0.51
3.5299999999999976,0.00191853524829446,0.015701930137870957,-0.5000000000000004
3.539999999999999,0.0019179215505541899,0.013527424669057458,-0.5099999999999996
3.549999999999997,0.0019170972966966867,0.010947913480142586,-0.51
3.5599999999999987,0.0019161061948365415,0.008098412614657468,-0.51
3.5700000000000003,0.0019150098454137916,0.005127020707646069,-0.51
3.5799999999999983,0.0019138836084002812,0.00218751269193852,-0.5199999999999996
3.59,0.0019128113641151683,-0.0005702460940772523,-0.52
3.599999999999998,0.0019118795742209388,-0.0030100387067444057,-0.52
3.6099999999999994,0.001911171113917093,-0.005016575648144489,-0.52
3.6199999999999974,0.001910759347088418,-0.00649901040784034,-0.52
3.629999999999999,0.001910702861723978,-0.007391539412075503,-0.52
3.639999999999997,0.0019110411986106824,-0.007653018574317712,-0.52
3.6499999999999986,0.0019117918203030663,-0.007266795058208148,-0.5299999999999996
3.66,0.0019129484916799706,-0.006240323265918935,-0.53
3.669999999999998,0.0019144811695398088,-0.004602972571117717,-0.5200000000000005
3.6799999999999997,0.0019163374144718966,-0.0024005548411502467,-0.5299999999999991
3.6899999999999977,0.0019184452448397181,0.00031339477560329165,-0.53
3.6999999999999993,0.0019207172611974993,0.0034873891926321173,-0.53
3.7099999999999973,0.0019230557844607404,0.007079127071214824,-0.53
3.719999999999999,0.0019253586667327721,0.011056502504626906,-0.5399999999999991
3.7300000000000004,0.0019275253490189876,0.015390854057707848,-0.5300000000000005
3.7399999999999984,0.0019294626751135142,0.02004347352276947,-0.5399999999999991
3.75,0.0019310899630344887,0.024948924744318413,-0.54
3.759999999999998,0.0019323429208173268,0.030000575834699925,-0.54
3.7699999999999996,0.0019331761863943821,0.035044136581141465,-0.54
3.7799999999999976,0.0019335645413570326,0.03988297637972251,-0.54
3.789999999999999,0.0019335031113532283,0.04429487168038963,-0.54
3.799999999999997,0.0019330070144204692,0.04805556529939351,-0.5499999999999996
3.8099999999999987,0.0019321108799567868,0.05096245418208252,-0.55
3.8200000000000003,0.0019308684324037776,0.05285298919467226,-0.55
3.8299999999999983,0.0019293519821534195,0.053615944552364764,-0.55
3.84,0.0019276513115448293,0.053196966723618754,-0.55
3.849999999999998,0.001925871224477558,0.05160064780879074,-0.55
3.8599999999999994,0.0019241270544338067,0.048889884519963074,-0.5599999999999996
3.8699999999999974,0.0019225377414490202,0.045181450894685206,-0.56
3.879999999999999,0.0019212166451249254,0.04063650594000111,-0.56
3.889999999999997,0.0019202609120308484,0.03544632971488814,-0.56
3.8999999999999986,0.0019197407646032926,0.029815417001125312,-0.56
3.91,0.0019196903580013859,0.023944867480544436,-0.56
3.919999999999998,0.001920101780543606,0.0180188770754368,-0.5699999999999995
3.9299999999999997,0.0019209233731871482,0.01219667528625225,-0.57
3.9399999999999977,0.0019220629252435586,0.0066112752838301736,-0.57
3.9499999999999993,0.0019233956168961592,0.0013743389822383077,-0.57
3.9599999999999973,0.0019247759373873844,-0.0034159313533489465,-0.57
3.969999999999999,0.0019260522606184538,-0.0076679062832859714,-0.57
3.9800000000000004,0.001927082335305901,-0.011293680695681662,-0.57
3.9899999999999984,0.0019277476998393198,-0.014211580687231244,-0.5799999999999991
4.0,0.0019279650457027923,-0.01635394216159175,-0.58
4.009999999999998,0.0019276929026480721,-0.017678808940094708,-0.58
4.02,0.0019269327242806141,-0.018182609658064272,-0.58
4.029999999999998,0.0019257244281585461,-0.017909549229789358,-0.58
4.039999999999999,0.0019241374730446358,-0.016953814607865342,-0.58
4.050000000000001,0.0019222593586965225,-0.015453141848147072,-0.58
4.059999999999999,0.001920183799447848,-0.013575237553276696,-0.59
4.07,0.0019180006859895265,-0.011500126183064984,-0.59
4.079999999999998,0.0019157893845576617,-0.009401532940615714,-0.5800000000000008
4.09,0.001913616103062645,-0.007430031541267611,-0.5899999999999991
4.099999999999998,0.001911535186962004,-0.005700478586227387,-0.59
4.109999999999999,0.0019095934561230998,-0.004285648052779627,-0.59
4.119999999999997,0.0019078361421393003,-0.0032164603409941947,-0.59
4.129999999999999,0.0019063126721298148,-0.0024873549000276746,-0.5999999999999991
4.140000000000001,0.0019050805038883485,-0.002064232406314225,-0.59
4.149999999999999,0.0019042054842884149,-0.0018924787357214741,-0.5999999999999991
4.16,0.001903757795572981,-0.0019036095193377999,-0.6
4.169999999999998,0.0019038034410115978,-0.0020204152984594883,-0.6
4.18,0.0019043922830222048,-0.0021615994969283315,-0.6
4.189999999999998,0.0019055446577402506,-0.002247285376062995,-0.6
4.199999999999999,0.0019072392702558405,-0.0022060497862030916,-0.6
4.209999999999997,0.0019094051922606417,-0.0019828253578119187,-0.6099999999999991
4.219999999999999,0.0019119202394555549,-0.0015462445316829325,-0.6
4.23,0.0019146168868596845,-0.0008940604562137304,-0.6099999999999991
4.239999999999998,0.001917295467080366,-5.5350900500564954e-05,-0.61
4.25,0.0019197430649308485,0.0009122067409276302,-0.61
4.259999999999998,0.0019217555723773153,0.001931797731670962,-0.61
4.27,0.001923159931868849,0.0029239270998880503,-0.62
4.279999999999998,0.0019238336520997737,0.0038270731010512133,-0.62
4.289999999999999,0.0019237191118678598,0.004617185667026217,-0.62
4.299999999999997,0.0019228308349916838,0.005320286737255709,-0.6100000000000009
4.309999999999999,0.0019212547307750232,0.0060140414094079385,-0.62
4.32,0.0019191392185270626,0.006816800127528467,-0.62
4.329999999999998,0.0019166791485729993,0.007865477422293791,-0.62
4.34,0.0019140943753318954,0.009286181668031579,-0.62
4.349999999999998,0.001911605557048866,0.011163383752031242,-0.63
4.359999999999999,0.0019094101141754907,0.013514320591506352,-0.63
4.369999999999997,0.0019076612275756772,0.016274773091956747,-0.63
4.379999999999999,0.0019064523390600213,0.01929978892256053,-0.63
4.390000000000001,0.0019058089291450104,0.022378773716226263,-0.63
4.399999999999999,0.0019056885021773132,0.025260748097513837,-0.63
4.41,0.001905988780753645,0.02768448766906916,-0.6399999999999991
4.419999999999998,0.0019065631335280545,0.02940935179692005,-0.6300000000000009
4.43,0.0019072412927784578,0.03024392273606411,-0.64
4.439999999999998,0.001907852604844037,0.030070110695402556,-0.64
4.449999999999999,0.0019082485964045668,0.028860494106364556,-0.64
4.459999999999997,0.0019083216920433022,0.026686898869275544,-0.64
4.469999999999999,0.0019080175308906421,0.02371865878291319,-0.65
4.48,0.0019073394043951594,0.020209695480886785,-0.65
4.489999999999998,0.0019063446352194568,0.01647488253983027,-0.65
4.5,0.0019051339421700072,0.012858044844119964,-0.65
4.509999999999998,0.0019038357617677248,0.00969551275845985,-0.65
4.52,0.0019025880314800297,0.007279856112599175,-0.65
4.529999999999998,0.0019015200910290496,0.005828443968898255,-0.65
4.539999999999999,0.0019007371759962044,0.00546076181581977,-0.6599999999999991
4.549999999999997,0.0019003095136763926,0.006186807608586981,-0.66
4.559999999999999,0.0019002673193600373,0.007906947153995704,-0.66
4.57,0.0019006020655323655,0.010422120681187447,-0.66
4.579999999999998,0.0019012733486543153,0.013452394464593018,-0.66
4.59,0.0019022197013771932,0.016661404316191963,-0.66
4.599999999999998,0.0019033710377818472,0.01968442783144852,-0.66
4.609999999999999,0.0019046602610982588,0.02215865603297512,-0.6699999999999992
4.619999999999997,0.0019060319555659262,0.02375483425717858,-0.67
4.629999999999999,0.0019074469194008579,0.02420888062960501,-0.67
4.640000000000001,0.0019088823325602627,0.023350743290604343,-0.67
4.649999999999999,0.0019103282952350848,0.021126785719458897,-0.67
4.66,0.001911782088868332,0.01761195078573833,-0.67
4.669999999999998,0.001913241704124076,0.013008717428572394,-0.67
4.68,0.0019146999891235324,0.007631273532019349,-0.68
4.689999999999998,0.0019161403404501095,0.0018754709483847945,-0.68
4.699999999999999,0.001917534375281326,-0.0038221153967580436,-0.68
4.709999999999997,0.0019188416338805439,-0.009030302478682977,-0.68
4.719999999999999,0.0019200111328002605,-0.013367979564725092,-0.68
4.73,0.0019209845073966132,-0.016541495602359096,-0.68
4.739999999999998,0.0019217004812515889,-0.01837069388883526,-0.6899999999999991
4.75,0.0019221003960171901,-0.018801753071307215,-0.69
4.759999999999998,0.0019221344684157812,-0.017906840941306852,-0.69
4.77,0.001921768299322559,-0.01587157654994134,-0.69
4.779999999999998,0.0019209889755663677,-0.012971828053941828,-0.69
4.789999999999999,0.0019198099429997063,-0.009542132240755053,-0.69
4.799999999999997,0.001918273768665682,-0.005939090595194496,-0.69
4.809999999999999,0.0019164520212797765,-0.0025038304206808533,-0.7
4.82,0.0019144418188151416,0.0004724942141333529,-0.7
4.829999999999998,0.0019123590900496765,0.002776621338402638,-0.6900000000000008
4.84,0.0019103291628278158,0.004291042219698824,-0.6999999999999991
4.849999999999998,0.0019084757711340492,0.004998624709300168,-0.7
4.859999999999999,0.0019069098404399338,0.004972538226939817,-0.7
4.869999999999997,0.0019057194159719068,0.004353141105686333,-0.7
4.879999999999999,0.001904961870599067,0.003316698487812099,-0.7099999999999991
4.890000000000001,0.0019046591585300545,0.002042779717553742,-0.71
4.899999999999999,0.0019047964782740472,0.0006872932726210293,-0.71
4.91,0.0019053243487118403,-0.0006338659323698959,-0.7000000000000008
4.919999999999998,0.0019061638051160164,-0.001849180203762236,-0.7099999999999991
4.93,0.001907214178227762,-0.0029260308344783575,-0.71
4.939999999999998,0.001908362724791503,-0.0038592598731627403,-0.71
4.949999999999999,0.001909495239315548,-0.004657598822336947,-0.71
4.959999999999997,0.0019105066998975574,-0.00533110192747142,-0.7199999999999991
4.969999999999999,0.0019113109837335751,-0.005881924306239715,-0.72
4.98,0.0019118487280662471,-0.006299575920787578,-0.72
4.989999999999998,0.0019120925160825272,-0.006560214337230525,-0.72
5.0,0.0019120487512027356,-0.006628457250964613,-0.72
5.009999999999998,0.0019117558685581902,-0.006460207462503708,-0.72
5.02,0.0019112789291919233,-0.00600574672076722,-0.73
5.029999999999998,0.0019107011204401545,-0.005213293646623721,-0.7200000000000009
5.039999999999999,0.0019101131563761746,-0.004033959176532308,-0.7299999999999991
5.049999999999997,0.0019096019142793843,-0.002429001140282118,-0.7200000000000009
5.059999999999999,0.0019092397608810891,-0.0003791504756738584,-0.73
5.07,0.001909075883421465,0.0021057773153243396,-0.73
5.079999999999998,0.0019091305852727881,0.004979653214794829,-0.73
5.09,0.0019093930355162444,0.008157503815020943,-0.73
5.099999999999998,0.001909822500910236,0.011518643362443102,-0.74
5.109999999999999,0.0019103527291359295,0.014914835677337031,-0.7300000000000009
5.119999999999997,0.0019108989248704904,0.01818180378834831,-0.7399999999999991
5.129999999999999,0.0019113666451731457,0.021152352590380955,-0.74
5.139999999999997,0.0019116618903947482,0.023670099974422015,-0.74
5.149999999999999,0.001911701629180784,0.025603293084086095,-0.74
5.16,0.0019114239361580606,0.0268575607864693,-0.74
5.169999999999998,0.0019107968346723158,0.027385502467221778,-0.7499999999999991
5.18,0.0019098248558190867,0.027191443543121096,-0.75
5.189999999999998,0.0019085523120768116,0.026331634419039743,-0.7400000000000009
5.199999999999999,0.0019070624182227927,0.024911676615102882,-0.7499999999999991
5.209999999999997,0.0019054717422523583,0.02308247238891781,-0.75
5.219999999999999,0.001903920058665364,0.021034214022795154,-0.75
5.23,0.001902556443275073,0.018986581811257522,-0.75
5.239999999999998,0.00190152322245164,0.01717336875667656,-0.7599999999999991
5.25,0.0019009399412927425,0.0158212327095259,-0.76
5.259999999999998,0.0019008896547209023,0.01512438098552578,-0.7500000000000009
5.27,0.001901409496801523,0.01521844985674379,-0.76
5.279999999999998,0.001902486718141834,0.016157510050207272,-0.76
5.289999999999999,0.0019040604133241544,0.017898956080076533,-0.76
5.299999999999997,0.0019060282650113069,0.020301644467309147,-0.76
5.309999999999999,0.001908257014151318,0.02314102102683496,-0.77
5.32,0.0019105950946501087,0.02614029166291536,-0.7600000000000009
5.329999999999998,0.0019128859018047078,0.02901105056219787,-0.7699999999999991
5.34,0.001914980394430393,0.0314936495965171,-0.77
5.349999999999998,0.0019167480488559042,0.03338859704799354,-0.77
5.359999999999999,0.0019180855075404681,0.03457401140330057,-0.77
5.369999999999997,0.0019189225593708576,0.03500838013751483,-0.7799999999999991
5.379999999999999,0.0019192253408836133,0.03472139026270537,-0.78
5.389999999999997,0.001918996847050803,0.03379766718656753,-0.78
5.399999999999999,0.0019182749773410095,0.03235823252735646,-0.7700000000000009
5.41,0.0019171284240485733,0.0305427559571869,-0.7799999999999991
5.419999999999998,0.0019156507602390513,0.02849368456909081,-0.78
5.43,0.0019139531288359627,0.026342255339067196,-0.78
5.439999999999998,0.0019121559787182137,0.02419624270860322,-0.78
5.449999999999999,0.001910380328910533,0.02212954750958004,-0.7899999999999991
5.459999999999997,0.0019087390600344134,0.020174222139975627,-0.79
5.469999999999999,0.0019073287352665289,0.018316223157114887,-0.79
5.48,0.0019062224479078258,0.01649677226978541,-0.79
5.489999999999998,0.0019054641821186404,0.014621171331758233,-0.79
5.5,0.0019050651515484616,0.012575734731213418,-0.79
5.509999999999998,0.0019050025319242469,0.010251128325374392,-0.7999999999999992
5.52,0.0019052209076653392,0.007567708436849871,-0.79
5.529999999999998,0.0019056365954170183,0.004496791213263998,-0.7999999999999992
5.539999999999999,0.0019061447910558227,0.0010721981768127512,-0.8
5.549999999999997,0.0019066292240589088,-0.0026109773001402035,-0.8
5.559999999999999,0.001906973704757392,-0.0064097724134877685,-0.8
5.57,0.0019070746261551368,-0.010155174290149976,-0.8
5.579999999999998,0.0019068531668566912,-0.013677025375807613,-0.8
5.59,0.0019062657131077828,-0.016826923290112473,-0.8099999999999992
5.599999999999998,0.0019053109825657713,-0.019495557280612637,-0.8000000000000009
5.609999999999999,0.0019040325833247502,-0.02162268780589606,-0.8099999999999992
5.619999999999997,0.001902516313507557,-0.023199159936930665,-0.81
5.629999999999999,0.001900882330729576,-0.024260979199984548,-0.81
5.639999999999997,0.0018992732064359653,-0.024876327115904127,-0.81
5.649999999999999,0.0018978395753449554,-0.025127859436441694,-0.8199999999999991
5.66,0.001896725395075493,-0.025093734832520597,-0.8100000000000009
5.669999999999998,0.0018960546749927497,-0.024830387022808167,-0.8199999999999991
5.68,0.0018959209933037996,-0.02435871689587652,-0.82
5.689999999999998,0.0018963804010146534,-0.023654843574448334,-0.82
5.699999999999999,0.0018974476609494378,-0.022647122833661423,-0.82
5.709999999999997,0.0018990953710147503,-0.021221418864608096,-0.82
5.719999999999999,0.0019012554241609953,-0.01923551767640841,-0.82
5.73,0.001903822401648403,-0.01654152153448944,-0.8299999999999991
5.739999999999998,0.001906658752938451,-0.013012930124969806,-0.83
5.75,0.0019096018363770264,-0.008571376150386993,-0.83
5.759999999999998,0.0019124729586426211,-0.0032074504089104902,-0.83
5.77,0.0019150883978670734,0.003008453872178915,-0.83
5.779999999999998,0.0019172720447552102,0.009926379250037424,-0.83
5.789999999999999,0.0019188688471251983,0.017326242984469404,-0.8399999999999991
5.799999999999997,0.0019197578410543178,0.024932658551964526,-0.8300000000000008
5.809999999999999,0.0019198633285779176,0.032431185723904014,-0.8399999999999991
5.82,0.0019191627935371566,0.039484011738479007,-0.84
5.829999999999998,0.0019176904331529331,0.045745963011253936,-0.84
5.84,0.0019155356477826393,0.05088338909783055,-0.84
5.849999999999998,0.0019128363684373937,0.05459751511285995,-0.84
5.859999999999999,0.0019097676404131324,0.05665112375786369,-0.8499999999999991
5.869999999999997,0.001906526405901103,0.05689492279308017,-0.85
5.879999999999999,0.0019033139250017837,0.05528869937064869,-0.8400000000000009
5.889999999999997,0.0019003176772452337,0.05191210119296845,-0.8499999999999991
5.899999999999999,0.0018976947861911709,0.046960973597897124,-0.85
5.91,0.0018955589133926162,0.040728507011955475,-0.85
5.919999999999998,0.0018939721423238782,0.03357507786859352,-0.8599999999999991
5.93,0.0018929426748118732,0.02589387547301405,-0.86
5.939999999999998,0.0018924283411980854,0.01807948634983414,-0.86
5.949999999999999,0.001892345167549856,0.010504075586355202,-0.86
5.959999999999997,0.001892579683211553,0.003502097938811712,-0.86
5.969999999999999,0.0018930033313643891,-0.0026389312855517807,-0.86
5.979999999999997,0.0018934872447779428,-0.007685654032490366,-0.86
5.989999999999998,0.0018939157359946363,-0.011467265665180604,-0.8699999999999991
6.0,0.001894197101232179,-0.01388598698015558,-0.87
6.009999999999998,0.001894270734079561,-0.01492817256119153,-0.8600000000000009
6.02,0.0018941100673052229,-0.014672893069589691,-0.8699999999999991
6.029999999999998,0.0018937214554109818,-0.013294078737499207,-0.87
6.039999999999999,0.0018931396741461313,-0.011052980096223575,-0.87
6.049999999999997,0.001892421120288164,-0.008279880623879923,-0.87
6.059999999999999,0.0018916359532924003,-0.005346777196031684,-0.8799999999999991
6.07,0.0018908603085210937,-0.0026345701901927783,-0.8700000000000009
6.079999999999998,0.001890169385666096,-0.0004985833723654553,-0.8799999999999991
6.09,0.0018896317960021272,0.0007642333998518506,-0.88
6.099999999999998,0.0018893051817475647,0.0009435498951765983,-0.88
6.109999999999999,0.0018892329078051796,-6.315620407959817e-05,-0.88
6.119999999999997,0.0018894416074909397,-0.0022387988804404447,-0.88
6.129999999999999,0.0018899395057630252,-0.005446296130075126,-0.88
6.139999999999997,0.0018907156579252705,-0.009440491068104937,-0.8899999999999991
6.149999999999999,0.0018917404171818473,-0.013891256533526837,-0.89
6.16,0.0018929674860728724,-0.01841470678745685,-0.89
6.169999999999998,0.0018943377680032795,-0.022608771593959104,-0.89
6.18,0.0018957849343703263,-0.026090049871505143,-0.89
6.189999999999998,0.0018972422452715994,-0.0285294251839759,-0.8999999999999982
6.199999999999999,0.0018986498255413368,-0.029683477215793223,-0.9
6.209999999999997,0.0018999613982795167,-0.02941820440565354,-0.9
6.219999999999999,0.0019011494565882685,-0.027722158829705322,-0.9
6.229999999999997,0.001902208004957914,-0.024707526050037232,-0.9
6.239999999999998,0.001903152290428456,-0.020599010369555627,-0.9
6.25,0.001904015328329966,-0.015711464469486743,-0.9
6.259999999999998,0.001904841476661376,-0.010418679527242243,-0.9099999999999991
6.27,0.0019056778024429323,-0.005117552304343357,-0.9000000000000009
6.279999999999998,0.001906564461911251,-0.00019264582123977312,-0.9099999999999991
6.289999999999999,0.0019075256807679168,0.004014837939857146,-0.91
6.299999999999997,0.0019085630369623599,0.007231501800658791,-0.91
6.309999999999999,0.0019096525104387138,0.009268789462325611,-0.91
6.32,0.0019107461454651925,0.010032433867590465,-0.91
6.329999999999998,0.0019117782627939613,0.009524659691861772,-0.91
6.34,0.0019126751783206338,0.007840013132633357,-0.9199999999999992
6.349999999999998,0.0019133666098601516,0.00515570962292505,-0.92
6.359999999999999,0.0019137966059743076,0.0017167756561024831,-0.92
6.369999999999997,0.0019139319976938358,-0.002184232071029897,-0.92
6.379999999999999,0.0019137669886912518,-0.006232694576509246,-0.92
6.389999999999997,0.0019133233609613719,-0.010120659471845112,-0.9299999999999992
6.399999999999999,0.001912646625067768,-0.013574617089641408,-0.93
6.41,0.0019117990899806864,-0.01637704191266437,-0.93
6.419999999999998,0.001910851188709572,-0.018378018129431913,-0.93
6.43,0.0019098724861034634,-0.01949667971924413,-0.93
6.439999999999998,0.0019089236721376792,-0.019715001303995325,-0.93
6.449999999999999,0.0019080505739758665,-0.019067151643629262,-0.93
6.459999999999997,0.001907280854366537,-0.017626756437350375,-0.9399999999999991
6.469999999999999,0.0019066236363487134,-0.015493678291111765,-0.94
6.479999999999997,0.0019060718438642875,-0.012781989396710294,-0.94
6.489999999999998,0.0019056066394717876,-0.009610899257322553,-0.94
6.5,0.0019052030527246478,-0.0060997517196680956,-0.94
6.509999999999998,0.0019048357848248036,-0.002367010108923204,-0.94
6.52,0.001904484262349121,0.001468060395812044,-0.94
6.529999999999998,0.0019041362620086637,0.005283204242030151,-0.9499999999999991
6.539999999999999,0.001903789764603901,0.008952990678143381,-0.95
6.549999999999997,0.0019034530279754016,0.012352540538166347,-0.95
6.559999999999999,0.001903143124067988,0.015365539826430805,-0.95
6.57,0.001902883332901818,0.017895047969067834,-0.95
6.579999999999998,0.0019026998326395212,0.01987421321750993,-0.95
6.59,0.0019026181019638697,0.021273625484969104,-0.9599999999999991
6.599999999999998,0.001902659399062092,0.022102744699480384,-0.9500000000000008
6.609999999999999,0.001902837630287438,0.022404171848989844,-0.9599999999999991
6.619999999999997,0.0019031568808698255,0.022240938481858593,-0.96
6.629999999999999,0.001903609844971499,0.021678533606370905,-0.96
6.639999999999997,0.0019041773518037053,0.020765357018530963,-0.96
6.649999999999999,0.001904829125516216,0.0195171822848244,-0.96
6.66,0.0019055258265853984,0.01791149380299017,-0.96
6.669999999999998,0.0019062222940594408,0.015894926189543603,-0.9699999999999991
6.68,0.0019068717482368031,0.013402271615154842,-0.97
6.689999999999998,0.0019074305494869224,0.01038144103323925,-0.97
6.699999999999999,0.0019078629807199692,0.0068175855043614945,-0.97
6.709999999999997,0.0019081454630169034,0.0027510298412442434,-0.97
6.719999999999999,0.001908269643089227,-0.0017140716769343018,-0.97
6.729999999999997,0.0019082439034581987,-0.006411675170825744,-0.9799999999999982
6.739999999999998,0.0019080930187741377,-0.011126362780230036,-0.9700000000000009
6.75,0.0019078558845052516,-0.015614952164088895,-0.9799999999999991
6.759999999999998,0.0019075814561085728,-0.019634136475006538,-0.98
6.77,0.0019073232488620371,-0.022969925884769468,-0.98
6.779999999999998,0.0019071329496088661,-0.02546438830244145,-0.98
6.789999999999999,0.0019070538538961588,-0.02703586804168404,-0.9899999999999991
6.799999999999997,0.0019071149249809344,-0.02769002676657334,-0.9800000000000009
6.809999999999999,0.001907326239726381,-0.02752017090703337,-0.9899999999999991
6.82,0.0019076764269618243,-0.02669648178651164,-0.99
6.829999999999998,0.0019081324365591752,-0.02544531126604614,-0.99
6.84,0.0019086416592910662,-0.024021454099639183,-0.99
6.849999999999998,0.001909136122836545,-0.02267750291621352,-0.99
6.859999999999999,0.0019095382754946608,-0.021634539236057602,-0.99
6.869999999999997,0.0019097677574313212,-0.021057792360516848,-0.9999999999999991
6.879999999999999,0.0019097485382238016,-0.021039921029958494,-1.0
6.889999999999997,0.0019094158377607618,-0.021593156137058044,-1.0
6.899999999999999,0.0019087223110830346,-0.02264985938047328,-1.0
6.91,0.0019076430479612052,-0.024070012725477423,-1.0
6.919999999999998,0.0019061790165000717,-0.025654222891755875,-1.0
6.93,0.001904358674394724,-0.02716135974368874,-1.0099999999999991
6.939999999999998,0.0019022375803775023,-0.02833011149082486,-1.01
6.949999999999999,0.0018998959546905822,-0.028903264409865657,-1.01
6.959999999999997,0.001897434261678537,-0.028652665031018026,-1.01
6.969999999999999,0.0018949670300699255,-0.027402122957918485,-1.01
6.979999999999997,0.001892615290317409,-0.02504551138465643,-1.01
6.989999999999998,0.001890498173331817,-0.021558315050675597,-1.0199999999999991
7.0,0.0018887243419923958,-0.017002267045174286,-1.02
7.009999999999998,0.0018873839773083838,-0.0115231754301873,-1.02
7.02,0.0018865419942842173,-0.005341315808324576,-1.02
7.029999999999998,0.0018862330274089748,0.0012665719314905513,-1.02
7.039999999999999,0.001886458543469197,0.00799318846611161,-1.02
7.049999999999997,0.0018871862622562615,0.014531245059988046,-1.02
7.059999999999999,0.0018883519217008126,0.020603268928984966,-1.02
7.069999999999997,0.0018898633047098828,0.0259850736851334,-1.0299999999999983
7.079999999999998,0.001891606327856227,0.030519264727122648,-1.03
7.09,0.0018934528656561476,0.03411787963368468,-1.03
7.099999999999998,0.0018952698505802364,0.03675544006520291,-1.03
7.109999999999999,0.0018969290509861637,0.038455061179953516,-1.03
7.119999999999997,0.001898316787937369,0.039271421176632425,-1.0399999999999991
7.129999999999999,0.001899342722311211,0.0392752676506509,-1.04
7.139999999999997,0.001899946768744554,0.038543594001136765,-1.04
7.149999999999999,0.0019001032372524792,0.03715723517384677,-1.04
7.16,0.0018998215286175158,0.03520468329822912,-1.04
7.169999999999998,0.0018991431431493804,0.03278903616530762,-1.04
7.18,0.0018981353568657503,0.030034753753488665,-1.04
7.189999999999998,0.0018968825323988122,0.027091662810249613,-1.04
7.199999999999999,0.0018954764742675897,0.0241343639475938,-1.0499999999999992
7.209999999999997,0.0018940073650379541,0.021355785888567316,-1.05
7.219999999999999,0.0018925565903134124,0.018954802547695767,-1.05
7.229999999999997,0.0018911922465770553,0.017119320181324064,-1.05
7.239999999999998,0.0018899674838726206,0.0160068656900841,-1.05
7.25,0.0018889212534864163,0.015724246740259597,-1.05
7.259999999999998,0.001888080652210416,0.01630761903873268,-1.0599999999999992
7.27,0.0018874639345464437,0.017705538449489112,-1.06
7.279999999999998,0.0018870833752823908,0.019769712692633088,-1.06
7.289999999999999,0.0018869474228991611,0.022258944004812944,-1.06
7.299999999999997,0.0018870618818074107,0.024859507136835362,-1.06
7.309999999999999,0.0018874301076518755,0.027220655183238126,-1.06
7.319999999999997,0.0018880523463408081,0.028999485486118356,-1.06
7.329999999999998,0.0018889243945654434,0.02990693336754982,-1.06
7.34,0.0018900357510128543,0.02974642245050094,-1.0699999999999992
7.349999999999998,0.0018913674253585092,0.0284381558558329,-1.07
7.359999999999999,0.0018928896205454686,0.026024998855812075,-1.07
7.369999999999997,0.0018945596081411575,0.02265994530609743,-1.07
7.379999999999999,0.0018963202458145137,0.01857894885477528,-1.07
7.389999999999997,0.0018980996851988344,0.014065154120663998,-1.07
7.399999999999999,0.0018998128258210021,0.009411106928939001,-1.0799999999999983
7.41,0.001901364939157319,0.004884999109998968,-1.08
7.419999999999998,0.0019026576016564491,0.0007057573867286887,-1.08
7.43,0.0019035966685603737,-0.0029704169298369566,-1.08
7.439999999999998,0.0019041015734471347,-0.0060523563783140754,-1.08
7.449999999999999,0.0019041148618704014,-0.008507811758359528,-1.08
7.459999999999997,0.001903610660043819,-0.010352552492632785,-1.08
7.469999999999999,0.001902600797427031,-0.011637604611088814,-1.0899999999999992
7.479999999999997,0.0019011375427750747,-0.012435926944699612,-1.09
7.489999999999998,0.0018993123148712018,-0.012828509388408505,-1.09
7.5,0.0018972502031598172,-0.012889754700277036,-1.09
7.509999999999998,0.0018951006159036892,-0.012673052583398185,-1.09
7.52,0.0018930248408212343,-0.012198967890676607,-1.09
7.529999999999998,0.0018911817357433196,-0.011449416271931646,-1.09
7.539999999999999,0.0018897131095697384,-0.010370754853256434,-1.0999999999999992
7.549999999999997,0.0018887305209405857,-0.008886903880564772,-1.1
7.559999999999999,0.001888305134753821,-0.006921061362690089,-1.1
7.569999999999997,0.0018884619013161867,-0.00442186218604088,-1.1
7.579999999999998,0.001889178703657131,-0.001387753680191023,-1.1
7.59,0.0018903903883757446,0.0021169390015877664,-1.1
7.599999999999998,0.0018919969269490607,0.005958661700565632,-1.1099999999999992
7.609999999999999,0.0018938744730545396,0.00994467631010462,-1.1000000000000019
7.619999999999997,0.0018958878251434962,0.013843715600977,-1.1099999999999992
7.629999999999999,0.0018979027536800666,0.017412591131577435,-1.100000000000001
7.639999999999997,0.0018997967796885265,0.02042399509301145,-1.1099999999999992
7.649999999999999,0.001901467275481264,0.02269187646285909,-1.11
7.66,0.0019028361882017168,0.024092212919014932,-1.11
7.669999999999998,0.0019038512419653382,0.024577784529751966,-1.11
7.68,0.0019044840910975723,0.02418553778830713,-1.1199999999999992
7.689999999999998,0.0019047264458293544,0.023034972422369,-1.1100000000000019
7.699999999999999,0.0019045855136275056,0.0213164422341062,-1.1199999999999983
7.709999999999997,0.0019040800804964386,0.019269736360320505,-1.12
7.719999999999999,0.001903238180324799,0.017155404575502384,-1.12
7.729999999999997,0.0019020966581639962,0.01522293122981622,-1.12
7.739999999999998,0.0019007022099767985,0.013680505945311446,-1.1299999999999981
7.75,0.0018991129000935872,0.012671133370989286,-1.13
7.759999999999998,0.0018973988980362233,0.01225921663802039,-1.13
7.77,0.0018956413163782539,0.012429931166820018,-1.120000000000001
7.779999999999998,0.0018939285244191236,0.013100643837509588,-1.1299999999999981
7.789999999999999,0.0018923499951207716,0.014140666721913076,-1.13
7.799999999999997,0.0018909883955982303,0.01539437483126895,-1.13
7.809999999999999,0.0018899110753961728,0.01670334876177739,-1.139999999999999
7.819999999999997,0.0018891622605278781,0.01792457095920672,-1.14
7.829999999999998,0.0018887571404534666,0.01894278368005792,-1.1300000000000008
7.84,0.001888678725970045,0.01967584676348551,-1.139999999999999
7.849999999999998,0.001888877969213243,0.02007301990634505,-1.14
7.859999999999999,0.0018892772526950283,0.02010789999833101,-1.14
7.869999999999997,0.0018897770007767166,0.019769217494165357,-1.14
7.879999999999999,0.0018902648474028439,0.019052437077863256,-1.149999999999999
7.889999999999997,0.0018906265198944943,0.017953425880621862,-1.15
7.899999999999999,0.0018907573957201924,0.016464085241606717,-1.15
7.909999999999997,0.0018905735828508294,0.01456985617918636,-1.15
7.919999999999998,0.0018900213784370503,0.012249848577421904,-1.15
7.93,0.0018890840744542048,0.00948078144991534,-1.15
7.939999999999998,0.001887785289623807,0.006245402636836915,-1.15
7.949999999999999,0.0018861882995334198,0.002544939271213224,-1.1599999999999981
7.959999999999997,0.001884391208205212,-0.0015860266336354908,-1.16
7.969999999999999,0.001882518256324178,-0.006064777702397944,-1.16
7.979999999999997,0.0018807080668132178,-0.010748883308077793,-1.16
7.989999999999998,0.0018791001038573798,-0.015431147925694343,-1.16
8.0,0.001877820947338437,-0.019844175964816867,-1.16
8.009999999999998,0.0018769720601195417,-0.023676732866646604,-1.16
8.02,0.0018766205107646644,-0.026602202952440732,-1.17
8.029999999999998,0.0018767936490041884,-0.02831680021712475,-1.17
8.04,0.0018774781324107214,-0.028582681480078684,-1.17
8.049999999999997,0.0018786231171756473,-0.02726943569213911,-1.17
8.059999999999999,0.0018801469572603373,-0.02438658902064581,-1.17
8.069999999999997,0.0018819464344490447,-0.020100086731760558,-1.17
8.079999999999998,0.0018839073551629598,-0.014727999383663246,-1.17
8.089999999999996,0.0018859152873071728,-0.008714782127681595,-1.1799999999999982
8.099999999999998,0.0018878652731223772,-0.0025876935960956566,-1.18
8.11,0.0018896695439005874,0.0030981994194813696,-1.18
8.119999999999997,0.0018912625682018364,0.007819139631780414,-1.18
8.129999999999999,0.0018926031505629838,0.011138906356275869,-1.18
8.139999999999997,0.0018936736974968082,0.012755445025036151,-1.18
8.149999999999999,0.0018944771071046655,0.012531566573865784,-1.1899999999999982
8.159999999999997,0.0018950319670333821,0.01050498575085833,-1.19
8.169999999999998,0.001895366851139832,0.006876439944569134,-1.19
8.179999999999996,0.001895514503462257,0.0019790215459813193,-1.1800000000000017
8.189999999999998,0.001895506613213122,-0.0037648016327402655,-1.19
8.2,0.001895369740693835,-0.009890970454632695,-1.19
8.209999999999997,0.0018951227731432202,-0.01593972509024934,-1.19
8.219999999999999,0.0018947760906145251,-0.021494367036009113,-1.1999999999999982
8.229999999999997,0.0018943324212615286,-0.02620921684628627,-1.2
8.239999999999998,0.00189378917669292,-0.02982490709918292,-1.1900000000000017
8.249999999999996,0.0018931418932861095,-0.03217146250723238,-1.1999999999999982
8.259999999999998,0.0018923882753663043,-0.03316199682828031,-1.2
8.27,0.0018915322512840433,-0.032781227750764336,-1.2
8.279999999999998,0.0018905874239268487,-0.03107288493038492,-1.2
8.29,0.0018895793334052788,-0.02812897928176433,-1.21
8.299999999999997,0.001888546061732178,-0.02408241894392294,-1.2000000000000017
8.309999999999999,0.0018875369054635793,-0.019102969619815214,-1.2099999999999982
8.319999999999997,0.0018866091203605178,-0.013395471013969663,-1.21
8.329999999999998,0.0018858230724317449,-0.007198697450388581,-1.21
8.339999999999996,0.00188523644382528,-0.0007829222050612044,-1.21
8.349999999999998,0.0018848983493966486,0.005556193375127378,-1.21
8.36,0.0018848442444699405,0.011509688447181485,-1.21
8.369999999999997,0.0018850923172545131,0.01677416230495277,-1.22
8.379999999999999,0.001885641701113883,0.02107575161161557,-1.2100000000000017
8.389999999999997,0.0018864724270705208,0.024195700936720743,-1.2199999999999982
8.399999999999999,0.0018875467131892834,0.025993260605816748,-1.22
8.409999999999997,0.0018888110639533216,0.026421704109123038,-1.22
8.419999999999998,0.0018901987556755738,0.025534286819682922,-1.22
8.429999999999996,0.0018916325541530386,0.02347935788214249,-1.2299999999999982
8.439999999999998,0.0018930278226619562,0.020486841536753994,-1.22
8.45,0.001894296382960369,0.01684995307088749,-1.23
8.459999999999997,0.0018953514754540897,0.01290500650212879,-1.23
8.469999999999999,0.0018961138913966094,0.009009685481313966,-1.23
8.479999999999997,0.0018965188816258706,0.0055187693098574875,-1.23
8.489999999999998,0.0018965229385820381,0.0027571230272716817,-1.23
8.499999999999996,0.0018961092031795554,0.0009914965827564418,-1.23
8.509999999999998,0.0018952902340915565,0.0004036652974947346,-1.2399999999999982
8.52,0.0018941072643452368,0.0010676442260672842,-1.24
8.529999999999998,0.001892625790215521,0.0029342029567814894,-1.24
8.54,0.0018909281776303799,0.005826800336728264,-1.24
8.549999999999997,0.0018891046515983846,0.009453093395219053,-1.24
8.559999999999999,0.0018872443375971338,0.013434246513073237,-1.24
8.569999999999997,0.001885427877350373,0.01735034525836292,-1.2499999999999982
8.579999999999998,0.0018837226195427225,0.0207954785665227,-1.2400000000000018
8.589999999999996,0.001882180676730817,0.02343260491427323,-1.2499999999999982
8.599999999999998,0.0018808394721112518,0.025037833485293672,-1.25
8.61,0.0018797239491354946,0.025526195637261634,-1.25
8.619999999999997,0.0018788494532733175,0.02495504999025074,-1.25
8.629999999999999,0.0018782243941688702,0.023505641270772187,-1.25
8.639999999999997,0.001877852072323908,0.021447278404703566,-1.2599999999999982
8.649999999999999,0.0018777313981556201,0.019091458449206924,-1.26
8.659999999999997,0.0018778565499523547,0.016744224471772602,-1.26
8.669999999999998,0.0018782158562541341,0.01466410870707761,-1.26
8.679999999999996,0.0018787903298548043,0.01303118519000134,-1.26
8.689999999999998,0.0018795523336002672,0.011930623489463854,-1.26
8.7,0.0018804648417402856,0.011351581888700302,-1.27
8.709999999999997,0.0018814816872920772,0.011199641116153798,-1.27
8.719999999999999,0.0018825490571635487,0.011319093456541364,-1.27
8.729999999999997,0.0018836083169959568,0.011520697230260212,-1.27
8.739999999999998,0.0018846000379561267,0.011610661250568862,-1.27
8.749999999999996,0.0018854688917986026,0.011416887850336763,-1.27
8.759999999999998,0.001886168908642919,0.01080853544823251,-1.27
8.769999999999996,0.0018866684724021413,0.009705507043209969,-1.27
8.779999999999998,0.0018869543731129187,0.008076647667198004,-1.28
8.79,0.0018870342558041499,0.005928989437212863,-1.28
8.799999999999997,0.0018869369178340124,0.0032932162974712424,-1.28
8.809999999999999,0.0018867101275752453,0.00021069731740841306,-1.28
8.819999999999997,0.0018864159716332244,-0.003274676105209025,-1.28
8.829999999999998,0.0018861241518448157,-0.007119027024055339,-1.28
8.839999999999996,0.0018859040583751668,-0.01127597910551232,-1.2899999999999983
8.849999999999998,0.0018858167219403768,-0.015690242127663068,-1.2800000000000018
8.86,0.0018859078002453212,-0.020288949733217824,-1.29
8.869999999999997,0.0018862025484607601,-0.0249730749243158,-1.29
8.879999999999999,0.0018867033094158668,-0.02961170386100105,-1.29
8.889999999999997,0.0018873895620851607,-0.034041726186908004,-1.29
8.899999999999999,0.0018882201455155357,-0.038074346599088836,-1.29
8.909999999999997,0.0018891370490569106,-0.04150789048030484,-1.29
8.919999999999998,0.0018900701648862227,-0.044144544960218676,-1.2999999999999983
8.929999999999996,0.0018909425861012026,-0.0458078405004332,-1.3
8.939999999999998,0.0018916762877530288,-0.04635783885560466,-1.3
8.95,0.0018921982104272142,-0.04570185495699425,-1.3
8.959999999999997,0.0018924467724733259,-0.043800023198432264,-1.3
8.969999999999999,0.0018923786372334961,-0.04066666350495061,-1.3
8.979999999999997,0.0018919752091398959,-0.03636936727891744,-1.3099999999999983
8.989999999999998,0.00189124795567255,-0.031027451697887502,-1.3000000000000018
8.999999999999996,0.0018902414141475413,-0.024810004177814593,-1.3099999999999983
9.009999999999998,0.0018890327793920287,-0.01793202900428674,-1.31
9.019999999999996,0.001887727340154199,-0.010646476364744226,-1.31
9.029999999999998,0.0018864496915470632,-0.0032307960235771374,-1.31
9.04,0.0018853314403528838,0.004031396081879537,-1.31
9.049999999999997,0.0018844968265389426,0.010871123885645569,-1.31
9.059999999999999,0.0018840481331004245,0.017054278956020144,-1.3199999999999983
9.069999999999997,0.0018840528672352532,0.022398799194131104,-1.32
9.079999999999998,0.0018845344819756627,0.02678706932795364,-1.32
9.089999999999996,0.0018854679486551601,0.030171925004202012,-1.32
9.099999999999998,0.0018867808884921945,0.03257469879449519,-1.32
9.11,0.0018883602968228573,0.03407493605752987,-1.32
9.119999999999997,0.0018900641780602663,0.03479378182999046,-1.33
9.129999999999999,0.0018917367001652138,0.03487506821868689,-1.33
9.139999999999997,0.001893224886503353,0.034468285404087834,-1.33
9.149999999999999,0.0018943945472276367,0.033715985706744896,-1.3200000000000018
9.159999999999997,0.0018951432407353001,0.0327461724818327,-1.3299999999999983
9.169999999999998,0.0018954085872362307,0.03166903660976149,-1.33
9.179999999999996,0.0018951711412616428,0.03057703344253313,-1.33
9.189999999999998,0.001894452045168213,0.029547224179635255,-1.3399999999999983
9.2,0.0018933065517940308,0.02864486351174749,-1.34
9.209999999999997,0.0018918150135024412,0.02792737297651934,-1.34
9.219999999999999,0.0018900730222696498,0.02744782263457548,-1.34
9.229999999999997,0.0018881821152645516,0.027256609670424474,-1.34
9.239999999999998,0.00188624197860749,0.027399436450300223,-1.34
9.249999999999996,0.0018843445595770573,0.027909924209795104,-1.34
9.259999999999998,0.0018825700684760804,0.028797099396471362,-1.3499999999999983
9.269999999999996,0.001880984580852104,0.030030776785249784,-1.35
9.279999999999998,0.0018796388427546008,0.031529484733182934,-1.35
9.29,0.0018785679000721696,0.033154969024574155,-1.34
9.299999999999997,0.0018777912630401435,0.034715309581742404,-1.3499999999999983
9.309999999999999,0.0018773134268365202,0.03597676353200649,-1.35
9.319999999999997,0.0018771246635966115,0.036683220907769966,-1.35
9.329999999999998,0.0018772020663379424,0.03658110307259383,-1.3599999999999983
9.339999999999996,0.001877510867139699,0.03544630296918901,-1.36
9.349999999999998,0.0018780060852188305,0.03310926405354519,-1.36
9.36,0.001878634592198223,0.02947540885493325,-1.36
9.369999999999997,0.0018793377035228689,0.024540066321711237,-1.36
9.379999999999999,0.0018800543991929117,0.018398007981590296,-1.36
9.389999999999997,0.0018807252262784669,0.011246810932818789,-1.3699999999999983
9.399999999999999,0.0018812968270873925,0.003381633364101542,-1.37
9.409999999999997,0.001881726864270149,-0.0048211237957445675,-1.37
9.419999999999998,0.0018819888859910516,-0.012931403924441646,-1.37
9.429999999999996,0.0018820764295359687,-0.020501140432305828,-1.37
9.439999999999998,0.0018820054791985241,-0.02710290371306185,-1.37
9.45,0.0018818143741233416,-0.03236684476299441,-1.37
9.459999999999997,0.0018815604857361117,-0.036012706418575895,-1.37
9.469999999999999,0.0018813134772398244,-0.037874977624905395,-1.3799999999999981
9.479999999999997,0.001881145653466989,-0.03792001683213742,-1.38
9.489999999999998,0.0018811206400886971,-0.03625425472204778,-1.38
9.499999999999996,0.0018812821774108282,-0.03312247749820048,-1.38
9.509999999999998,0.0018816449984412045,-0.02889493691822903,-1.38
9.519999999999996,0.0018821895129634326,-0.024042079712892857,-1.38
9.529999999999998,0.001882861393090682,-0.019096632463068267,-1.39
9.54,0.0018835763164669675,-0.014605071561883499,-1.38
9.549999999999997,0.0018842292845674695,-0.011073500560581567,-1.3899999999999981
9.559999999999999,0.001884707264215607,-0.008915003628364572,-1.39
9.569999999999997,0.0018849034770527346,-0.008405781031136917,-1.39
9.579999999999998,0.001884731488347158,-0.009656352479804432,-1.39
9.589999999999996,0.0018841372937459554,-0.012602342703743719,-1.39
9.599999999999998,0.0018831078377228268,-0.017016437583206402,-1.3999999999999981
9.609999999999996,0.0018816748047523933,-0.02253906549957805,-1.4
9.619999999999997,0.0018799130972351626,-0.028721956603630704,-1.39
9.629999999999999,0.0018779341136518212,-0.035077628030444744,-1.3999999999999981
9.639999999999997,0.0018758746606223596,-0.04112830579212683,-1.4
9.649999999999999,0.001873882929216245,-0.04644821572321481,-1.4
9.659999999999997,0.0018721033253274078,-0.05069388950154653,-1.4
9.669999999999998,0.0018706620240402118,-0.05361950518189331,-1.4
9.679999999999996,0.0018696549424296355,-0.05507798454528634,-1.4099999999999981
9.689999999999998,0.001869139459863104,-0.055011490144518005,-1.41
9.7,0.0018691307333517937,-0.05343561872524992,-1.41
9.709999999999997,0.0018696029038495466,-0.050420811742477936,-1.41
9.719999999999999,0.00187049488541664,-0.04607414072406626,-1.41
9.729999999999997,0.0018717198101976288,-0.04052482251765169,-1.41
9.739999999999998,0.0018731766669523575,-0.033916021616567565,-1.41
9.749999999999996,0.0018747623551045177,-0.026403093411241217,-1.4199999999999982
9.759999999999998,0.0018763823821172445,-0.01815589232123923,-1.4100000000000017
9.769999999999996,0.0018779587788634708,-0.009361895826080328,-1.4199999999999982
9.779999999999998,0.0018794344206206795,-0.00022774585208719237,-1.42
9.79,0.0018807736644535754,0.009021952676169297,-1.42
9.799999999999997,0.0018819598611722946,0.018149027354501367,-1.42
9.809999999999999,0.0018829907307740406,0.026909506370287876,-1.4299999999999982
9.819999999999997,0.0018838727500707188,0.03506463267387322,-1.4200000000000017
9.829999999999998,0.0018846156162774877,0.04239417501037746,-1.4299999999999982
9.839999999999996,0.0018852276019810984,0.04870987763428072,-1.4200000000000017
9.849999999999998,0.0018857123072059314,0.05386644080918292,-1.4299999999999982
9.859999999999996,0.001886067027139098,0.05776846638881648,-1.43
9.869999999999997,0.00188628273356997,0.06037346701329466,-1.43
9.879999999999999,0.0018863455204494518,0.061692036289765335,-1.4399999999999982
9.889999999999997,0.0018862392690180373,0.06178628774898569,-1.44
9.899999999999999,0.0018859492158397203,0.06076705190675566,-1.4300000000000017
9.909999999999997,0.0018854660374621765,0.05878943719143131,-1.4399999999999982
9.919999999999998,0.0018847899965500998,0.056045574673046196,-1.44
9.929999999999996,0.0018839346382038054,0.052753154095998615,-1.44
9.939999999999998,0.001882929499236007,0.04913906578018248,-1.44
9.95,0.0018818213160599507,0.04541906427350034,-1.45
9.959999999999997,0.001880673306161496,0.041776267269360935,-1.45
9.969999999999999,0.0018795622655159265,0.03834220564900216,-1.45
9.979999999999997,0.0018785734658349404,0.03518317053753952,-1.45
9.989999999999998,0.0018777936251570234,0.032292844141192704,-1.45
9.999999999999996,0.0018773025221550839,0.029591630095600684,-1.45
10.009999999999998,0.0018771640891131602,0.026933938921659226,-1.45
10.019999999999996,0.0018774180201683224,0.02412521135673182,-1.4599999999999982
10.029999999999998,0.0018780730421709018,0.02094915187100651,-1.46
10.04,0.001879102982062105,0.01720272135043125,-1.46
10.049999999999997,0.0018804465873749664,0.012733525529400515,-1.46
10.059999999999999,0.0018820116769602809,0.007472737542036491,-1.46
10.069999999999997,0.0018836836046389512,0.0014568823466774895,-1.46
10.079999999999998,0.001885337268660631,-0.005166536582065676,-1.46
10.089999999999996,0.0018868511553011861,-0.012151644395203415,-1.4699999999999982
10.099999999999998,0.0018881213823615198,-0.01918336181963532,-1.47
10.109999999999996,0.00188907358348924,-0.025917943988019103,-1.4600000000000017
10.119999999999997,0.00188967081133808,-0.03202748212458002,-1.47
10.129999999999999,0.0018899163638540265,-0.03724035711105226,-1.47
10.139999999999997,0.001889851354066831,-0.04137049077984738,-1.47
10.149999999999999,0.0018895476975468093,-0.04433066424613098,-1.47
10.159999999999997,0.0018890977919909942,-0.046128983163344246,-1.4799999999999982
10.169999999999998,0.001888602440615828,-0.04685142466301352,-1.48
10.179999999999996,0.0018881585590068014,-0.04663573706061976,-1.48
10.189999999999998,0.001887847996886997,-0.04564237582699115,-1.48
10.2,0.0018877285095316584,-0.04402731246240421,-1.48
10.209999999999997,0.0018878276081407633,-0.041920303115538425,-1.48
10.219999999999999,0.0018881397380684426,-0.03941096060464511,-1.4899999999999982
10.229999999999997,0.0018886269779171266,-0.03654373681609137,-1.4800000000000018
10.239999999999998,0.00188922320604367,-0.03332159926926846,-1.4899999999999982
10.249999999999996,0.0018898414250546188,-0.029716591955429972,-1.49
10.259999999999998,0.0018903836522803882,-0.025683809828318024,-1.49
10.269999999999996,0.001890752470702622,-0.021174737593930914,-1.49
10.279999999999998,0.0018908630187898954,-0.016147316913986458,-1.49
10.29,0.0018906539529026298,-0.010572681140686019,-1.49
10.299999999999997,0.0018900958436215598,-0.0044403762590969256,-1.4999999999999982
10.309999999999999,0.0018891956554887405,0.0022359506387580135,-1.4900000000000018
10.319999999999997,0.0018879964431875707,0.009411402213696898,-1.4999999999999982
10.329999999999998,0.0018865721237909389,0.017001204556692254,-1.5
10.339999999999996,0.0018850180028837798,0.02487126056888456,-1.5
10.349999999999998,0.001883438442444157,0.032829412589185904,-1.5
10.359999999999996,0.0018819335042349501,0.04062020680323849,-1.5099999999999982
10.369999999999997,0.0018805865225083624,0.04792717224079112,-1.5
10.379999999999999,0.0018794543748957779,0.05438687125015175,-1.5099999999999982
10.389999999999997,0.0018785618000183467,0.059617134614760044,-1.51
10.399999999999999,0.0018779005360021381,0.06325790646339993,-1.51
10.409999999999997,0.001877433384797565,0.06501874793731571,-1.51
10.419999999999998,0.0018771025806167054,0.06472450997864984,-1.5199999999999982
10.429999999999996,0.001876841120624809,0.06235070075947972,-1.5100000000000018
10.439999999999998,0.0018765851325279993,0.05804168751714398,-1.5199999999999982
10.45,0.0018762850763124326,0.0521071563630784,-1.52
10.459999999999997,0.001875913738342549,0.04499544029238577,-1.52
10.469999999999999,0.0018754696064941794,0.03724680765085501,-1.52
10.479999999999997,0.001874975207183026,0.02943461257937655,-1.52
10.489999999999998,0.0018744710895063545,0.022105120892699573,-1.52
10.499999999999996,0.0018740070448125387,0.01572604910188259,-1.5299999999999983
10.509999999999998,0.001873632606284369,0.010649927332696742,-1.5200000000000018
10.519999999999996,0.001873388790029221,0.0070940600391267,-1.5299999999999983
10.529999999999998,0.0018733024902685478,0.00513628777821955,-1.53
10.54,0.0018733841375847356,0.004724586408560452,-1.53
10.549999999999997,0.0018736284371241947,0.0056973115110333095,-1.53
10.559999999999999,0.001874017429604866,0.007809504708864696,-1.5399999999999983
10.569999999999997,0.0018745248466705592,0.010760559660770923,-1.54
10.579999999999998,0.0018751207419884534,0.01422042417296208,-1.54
10.589999999999996,0.0018757755842629988,0.017853873141003455,-1.54
10.599999999999998,0.0018764632905698274,0.02134317463599879,-1.54
10.609999999999996,0.0018771629715777192,0.02440864600377976,-1.54
10.619999999999997,0.001877859407899242,0.02682577057806636,-1.54
10.629999999999999,0.001878542462012585,0.028437728844731114,-1.5499999999999983
10.639999999999997,0.001879205747779618,0.02916284711380511,-1.55
10.649999999999999,0.0018798449277992835,0.02899658989174757,-1.55
10.659999999999997,0.0018804559881458172,0.02800733865534952,-1.55
10.669999999999998,0.0018810337564229118,0.026325255037223775,-1.55
10.679999999999996,0.0018815708017607547,0.02412457806744947,-1.55
10.689999999999998,0.0018820567216858005,0.02160128189971998,-1.55
10.699999999999996,0.0018824777272705815,0.01894917018129661,-1.5599999999999983
10.709999999999997,0.001882816421857045,0.01633767783568981,-1.56
10.719999999999999,0.0018830517418366962,0.01389421814656204,-1.56
10.729999999999997,0.0018831591660766376,0.01169343993101898,-1.56
10.739999999999998,0.0018831114413842501,0.009755222029374748,-1.56
10.749999999999996,0.0018828801363838918,0.008052115393871516,-1.56
10.759999999999998,0.0018824382676122645,0.006524997117461496,-1.56
10.769999999999996,0.0018817640278149018,0.005103421214499122,-1.5699999999999983
10.779999999999998,0.001880845328074852,0.003725624542800486,-1.5600000000000018
10.79,0.0018796845294849146,0.002353183757334923,-1.57
10.799999999999997,0.001878302494605465,0.0009768643289687464,-1.57
10.809999999999999,0.00187674102431924,-0.00038731034515233887,-1.57
10.819999999999997,0.00187506290446738,-0.0017100717633027577,-1.57
10.829999999999998,0.0018733491466808754,-0.002965324547163526,-1.57
10.839999999999996,0.0018716934810620678,-0.004146562679694199,-1.57
10.849999999999998,0.001870194623880627,-0.005279355975461492,-1.5799999999999983
10.859999999999996,0.0018689472023309646,-0.006427197783053912,-1.58
10.869999999999997,0.0018680324239011086,-0.0076893738474406665,-1.58
10.879999999999999,0.0018675096279106092,-0.00919075863184186,-1.58
10.889999999999997,0.001867409773652379,-0.01106461017634818,-1.58
10.899999999999999,0.0018677317289041266,-0.013430473299132962,-1.58
10.909999999999997,0.0018684419345408017,-0.01637016009980612,-1.5899999999999983
10.919999999999998,0.001869477634213674,-0.019905470984029686,-1.5800000000000018
10.929999999999996,0.0018707533934528024,-0.023981535290210902,-1.5899999999999983
10.939999999999998,0.0018721701611059609,-0.02845882713625868,-1.59
10.949999999999996,0.0018736257486076005,-0.0331149970198389,-1.59
10.959999999999997,0.0018750253975734167,-0.037655629682946036,-1.59
10.969999999999999,0.0018762910998667479,-0.04173223320788759,-1.59
10.979999999999997,0.0018773685082953155,-0.044966229834711165,-1.5999999999999983
10.989999999999998,0.0018782305877760124,-0.046978018857902884,-1.6
10.999999999999996,0.001878877560195366,-0.047419461928210074,-1.5900000000000019
11.009999999999998,0.0018793331606221577,-0.04600712426475192,-1.5999999999999983
11.019999999999996,0.0018796377287773277,-0.04255316908294445,-1.6
11.029999999999998,0.0018798391663782182,-0.03699094885221871,-1.6
11.04,0.001879983207288586,-0.029392743334811518,-1.6
11.049999999999997,0.0018801046540102635,-0.019977661958540466,-1.6099999999999983
11.059999999999999,0.0018802211385009577,-0.00910837472182391,-1.61
11.069999999999997,0.0018803305447612204,0.0027242532717733975,-1.61
11.079999999999998,0.0018804125510624111,0.014929498263735073,-1.61
11.089999999999996,0.0018804339626166593,0.026858585310858225,-1.61
11.099999999999998,0.0018803568002634151,0.037858761814083174,-1.61
11.109999999999996,0.0018801476380456107,0.047335348291443244,-1.61
11.119999999999997,0.0018797865104637711,0.054814130947680235,-1.61
11.129999999999999,0.0018792738292824085,0.05999422571201236,-1.6199999999999983
11.139999999999997,0.0018786340974419058,0.06278153818185805,-1.6100000000000019
11.149999999999999,0.0018779157024962085,0.06329582573661434,-1.6199999999999983
11.159999999999997,0.0018771866507537329,0.06184960984338143,-1.62
11.169999999999998,0.0018765267259299285,0.05890278368246509,-1.62
11.179999999999996,0.0018760171676509287,0.055000677378222784,-1.62
11.189999999999998,0.0018757294605651943,0.05070523771426654,-1.6299999999999981
11.199999999999996,0.0018757150668569712,0.046529590074200565,-1.63
11.209999999999997,0.0018759978112391662,0.04288548360142657,-1.63
11.219999999999999,0.0018765701052162688,0.040050160439389436,-1.6200000000000019
11.229999999999997,0.0018773933676021505,0.038154437154216965,-1.6299999999999981
11.239999999999998,0.0018784020885364348,0.03718941650362485,-1.63
11.249999999999996,0.0018795102857128167,0.037027357993732066,-1.63
11.259999999999998,0.0018806188379118835,0.037452797915297854,-1.6399999999999981
11.269999999999996,0.0018816224203430918,0.03820100171963102,-1.64
11.279999999999998,0.0018824154010596706,0.0390003889626249,-1.6300000000000017
11.29,0.001882896829030368,0.03961381883040642,-1.64
11.299999999999997,0.0018829752347222924,0.039872368978459576,-1.64
11.309999999999999,0.0018825741333036061,0.03969591530825813,-1.64
11.319999999999997,0.0018816387937700754,0.03909706056839696,-1.64
11.329999999999998,0.0018801441184594825,0.03816766891241948,-1.64
11.339999999999996,0.0018781026208822523,0.03705023176082126,-1.6499999999999981
11.349999999999998,0.0018755708164233961,0.035899592442002186,-1.65
11.359999999999996,0.0018726521157483658,0.03484331765851268,-1.65
11.369999999999997,0.0018694946553510462,0.03394986555107703,-1.65
11.379999999999999,0.0018662833488430482,0.03321196806306397,-1.65
11.389999999999997,0.0018632265508632519,0.03254880049325716,-1.65
11.399999999999999,0.0018605387596654023,0.031825935451954036,-1.65
11.409999999999997,0.0018584214739958132,0.030888148404952232,-1.6599999999999981
11.419999999999998,0.0018570445471690134,0.02959764064662537,-1.66
11.429999999999996,0.0018565301803483154,0.027869487075974853,-1.6500000000000017
11.439999999999998,0.0018569412112742153,0.025697108517436958,-1.6599999999999981
11.449999999999996,0.0018582747602070766,0.0231630544490962,-1.66
11.459999999999997,0.0018604617080287156,0.02043383822984691,-1.66
11.469999999999999,0.0018633719294066427,0.01774115900574452,-1.66
11.479999999999997,0.001866824683086117,0.015354539794733805,-1.6699999999999982
11.489999999999998,0.0018706031028256956,0.01355120884091124,-1.6600000000000017
11.499999999999996,0.001874471399221886,0.012587647888903491,-1.6699999999999982
11.509999999999998,0.001878193220340948,0.012674886344906443,-1.67
11.519999999999996,0.001881549627238958,0.013958322128419975,-1.67
11.529999999999998,0.0018843552819050118,0.016503095620767377,-1.67
11.539999999999996,0.0018864716679951002,0.020286563770819555,-1.67
11.549999999999997,0.0018878164259345466,0.02519912702622553,-1.67
11.559999999999999,0.0018883681705099793,0.031053716124109985,-1.6799999999999982
11.569999999999997,0.0018881664847357118,0.03760332162421546,-1.6700000000000017
11.579999999999998,0.0018873071540549023,0.04456520651962993,-1.6799999999999982
11.589999999999996,0.0018859330863566625,0.051649497200718715,-1.68
11.599999999999998,0.0018842216991360448,0.05858865040573238,-1.68
11.609999999999996,0.0018823698106395369,0.06516356857980582,-1.68
11.619999999999997,0.0018805772509201675,0.07122267379089277,-1.6899999999999982
11.629999999999999,0.0018790305252688066,0.07669199686723914,-1.6800000000000017
11.639999999999997,0.001877887907099491,0.08157627417396762,-1.6899999999999982
11.649999999999999,0.0018772672742365765,0.08595209103353556,-1.69
11.659999999999997,0.001877237789836993,0.08995427337490713,-1.69
11.669999999999998,0.0018778161461909379,0.09375693109158673,-1.69
11.679999999999996,0.001878967568474219,0.09755132528620666,-1.69
11.689999999999998,0.0018806112169079572,0.10152359811394976,-1.69
11.699999999999996,0.0018826291619201384,0.10583557071035467,-1.6999999999999982
11.709999999999997,0.0018848778301125456,0.11061102299062002,-1.6900000000000017
11.719999999999999,0.0018872007446669866,0.11592847658635093,-1.6999999999999982
11.729999999999997,0.001889441467514505,0.12181996828017701,-1.7
11.739999999999998,0.0018914558196197649,0.12827410999567412,-1.7
11.749999999999996,0.001893122638263287,0.13524143408778225,-1.7
11.759999999999998,0.0018943524790229458,0.1426406085627599,-1.7099999999999982
11.769999999999996,0.0018950937732098755,0.15036488844708326,-1.7000000000000017
11.779999999999998,0.001895336026263598,0.1582886183989216,-1.7099999999999982
11.789999999999996,0.001895109725365287,0.16627370860788068,-1.71
11.799999999999997,0.0018944827619914615,0.17417612585686426,-1.71
11.809999999999999,0.0018935534150239903,0.18185289968715213,-1.71
11.819999999999997,0.001892440309991088,0.18917044574634653,-1.7199999999999982
11.829999999999998,0.0018912702397252674,0.19601423815922622,-1.7100000000000017
11.839999999999996,0.0018901651892234768,0.20229830557501524,-1.71
11.849999999999998,0.0018892301943254945,0.20797212890885983,-1.7199999999999982
11.859999999999996,0.001888543651325537,0.21302310921684933,-1.72
11.869999999999997,0.0018881513398483069,0.21747430284424632,-1.72
11.879999999999999,0.0018880647877469604,0.22137857206197648,-1.72
11.889999999999997,0.0018882638567526665,0.22481117664207068,-1.72
11.899999999999999,0.0018887027636892584,0.22786299687459,-1.72
11.909999999999997,0.0018893183261871368,0.2306357724343553,-1.7299999999999982
11.919999999999998,0.0018900390859318127,0.2332392154238408,-1.73
11.929999999999996,0.0018907940808494189,0.23578880442692013,-1.73
11.939999999999998,0.0018915203209987233,0.23840335855322034,-1.73
11.949999999999996,0.0018921683668861446,0.24120255968091697,-1.73
11.959999999999997,0.0018927057328894043,0.24430510758559373,-1.73
11.969999999999999,0.0018931181033131031,0.24782744868609127,-1.73
11.979999999999997,0.001893408545943785,0.2518817208601013,-1.73
11.989999999999998,0.0018935950428652095,0.25657130916740756,-1.7399999999999982
11.999999999999996,0.0018937067401902535,0.2619840114836335,-1.74
12.009999999999998,0.0018937793582369617,0.26818511814000945,-1.74
12.019999999999996,0.001893850212419933,0.27521356389999363,-1.74
12.029999999999998,0.001893953282182265,0.28308277994355324,-1.74
12.039999999999996,0.0018941147375890538,0.2917852728571577,-1.74
12.049999999999997,0.0018943492945393545,0.30129838754940413,-1.74
12.059999999999999,0.0018946577204293985,0.31158888211785485,-1.74
12.069999999999997,0.0018950257500103124,0.3226149798137645,-1.7499999999999982
12.079999999999998,0.0018954245913274817,0.3343255518792396,-1.75
12.089999999999996,0.0018958130979561665,0.3466569837508573,-1.75
12.099999999999998,0.0018961415502345635,0.35952928529799955,-1.75
12.109999999999996,0.001896356820921574,0.37284373304610824,-1.75
12.119999999999997,0.0018964085034416215,0.3864841562185318,-1.75
12.129999999999999,0.0018962553754413834,0.40032287717806464,-1.7599999999999982
12.139999999999997,0.0018958714030774114,0.4142307918025252,-1.76
12.149999999999999,0.001895250423348171,0.428089637671822,-1.76
12.159999999999997,0.0018944087264056069,0.44180363045436416,-1.76
12.169999999999998,0.001893385019954357,0.45530788592854227,-1.76
12.179999999999996,0.001892237663332505,0.4685726161716953,-1.76
12.189999999999998,0.0018910395174156006,0.48160424399418067,-1.76
12.199999999999996,0.0018898711447855822,0.4944457077713128,-1.76
12.209999999999997,0.0018888133157322193,0.5071774364356658,-1.7699999999999965
12.219999999999999,0.001887939794028416,0.5199186929937575,-1.77
12.229999999999997,0.0018873112174876033,0.5328278184570123,-1.77
12.239999999999998,0.0018869706218775412,0.546099886803755,-1.77
12.249999999999996,0.0018869408659255662,0.5599606603382519,-1.77
12.259999999999998,0.0018872239580213545,0.5746556771438883,-1.77
12.269999999999996,0.0018878020811392187,0.5904330648425413,-1.77
12.279999999999998,0.0018886399624430225,0.6075193266645987,-1.7799999999999983
12.289999999999996,0.0018896881448781397,0.6260893402578542,-1.78
12.299999999999997,0.0018908867037894038,0.6462344681310068,-1.78
12.309999999999999,0.0018921690184321392,0.6679348641951867,-1.78
12.319999999999997,0.0018934653437520032,0.6910428145274297,-1.78
12.329999999999998,0.0018947060992372184,0.7152828529140528,-1.78
12.339999999999996,0.0018958249500600271,0.7402716109238555,-1.78
12.349999999999998,0.0018967618492091584,0.7655565448938436,-1.7899999999999983
12.359999999999996,0.0018974662021552285,0.7906690046293787,-1.79
12.369999999999997,0.0018979002012934256,0.8151846543159729,-1.79
12.379999999999995,0.0018980421826425393,0.8387829952919013,-1.79
12.389999999999997,0.0018978896388095335,0.8612970502687355,-1.79
12.399999999999999,0.0018974613522158366,0.8827444395448367,-1.79
12.409999999999997,0.0018967980552912448,0.9033332708960514,-1.7999999999999983
12.419999999999998,0.0018959611160207475,0.9234407918749964,-1.8
12.429999999999996,0.0018950289814288874,0.9435680847242515,-1.8
12.439999999999998,0.001894091435008689,0.9642780922113137,-1.8
12.449999999999996,0.001893242058798956,0.9861261865918046,-1.8
12.459999999999997,0.0018925695730136127,1.009592964470024,-1.8
12.469999999999999,0.0018921489251926952,1.0350284347625534,-1.8
12.479999999999997,0.0018920331080330317,1.0626149296904095,-1.8099999999999983
12.489999999999998,0.0018922466954121708,1.0923526035091304,-1.81
12.499999999999996,0.0018927819892105952,1.1240669705946071,-1.81
12.509999999999998,0.001893598448864146,1.157434251343287,-1.81
12.519999999999996,0.0018946257211751019,1.1920188039263135,-1.81
12.529999999999998,0.0018957701251847794,1.2273174608152841,-1.81
12.539999999999996,0.0018969239564370047,1.2628065894380802,-1.81
12.549999999999997,0.0018979765685115094,1.2979879306187778,-1.8199999999999983
12.559999999999999,0.0018988259567350398,1.3324289367464486,-1.82
12.569999999999997,0.0018993895432184095,1.365793432844856,-1.82
12.579999999999998,0.001899613021391528,1.3978596490131419,-1.82
12.589999999999996,0.0018994763984874852,1.4285248489755,-1.82
12.599999999999998,0.001898996701034304,1.457797942853618,-1.82
12.609999999999996,0.0018982271319432184,1.485782770380213,-1.82
12.619999999999997,0.001897252776207219,1.5126553332028783,-1.8299999999999983
12.629999999999995,0.0018961832477754686,1.538638629152111,-1.83
12.639999999999997,0.0018951429428463624,1.5639786726935532,-1.83
12.649999999999999,0.0018942597910109416,1.5889245412250272,-1.83
12.659999999999997,0.0018936535539243857,1.6137143703716523,-1.83
12.669999999999998,0.001893424800440242,1.6385684978509643,-1.83
12.679999999999996,0.0018936456808582036,1.6636900934991503,-1.83
12.689999999999998,0.0018943535201761017,1.6892722178677573,-1.8399999999999983
12.699999999999996,0.001895548030938562,1.7155083803653455,-1.84
12.709999999999997,0.001897192583152144,1.7426020280278474,-1.84
12.719999999999999,0.0018992194484569818,1.7707701098544903,-1.84
12.729999999999997,0.0019015383057094989,1.8002374369590175,-1.84
12.739999999999998,0.0019040466944371113,1.8312213344553796,-1.84
12.749999999999996,0.0019066407196950085,1.863908899845541,-1.84
12.759999999999998,0.001909224291570226,1.8984311433270025,-1.8499999999999983
12.769999999999996,0.0019117155618618693,1.934838979999887,-1.85
12.779999999999998,0.0019140499118462924,1.9730855594635763,-1.85
12.789999999999996,0.0019161796527253844,2.0130181816631216,-1.85
12.799999999999997,0.0019180712869512834,2.054381633376599,-1.85
12.809999999999999,0.0019197015641848646,2.0968335998324497,-1.85
12.819999999999997,0.0019210535859881714,2.1399717241086837,-1.85
12.829999999999998,0.0019221139180709505,2.183370425404315,-1.8599999999999983
12.839999999999996,0.0019228711924227278,2.2266236885315935,-1.86
12.849999999999998,0.0019233161931584235,2.269388348841212,-1.86
12.859999999999996,0.001923443059934787,2.3114217230485683,-1.86
12.869999999999997,0.0019232510823455381,2.3526080258658264,-1.86
12.879999999999995,0.0019227465897812069,2.3929695567421265,-1.86
12.889999999999997,0.0019219445875014514,2.432660902933025,-1.86
12.899999999999999,0.0019208699457297046,2.471947208793237,-1.8699999999999983
12.909999999999997,0.0019195580369972599,2.511170187108274,-1.87
12.919999999999998,0.0019180547186961727,2.550707116831328,-1.87
12.929999999999996,0.0019164155038048326,2.5909284419590928,-1.87
12.939999999999998,0.0019147037125584008,2.6321591088314373,-1.87
12.949999999999996,0.0019129874180831624,2.6746476547476234,-1.87
12.959999999999997,0.0019113351410037051,2.7185455353896693,-1.8799999999999963
12.969999999999999,0.0019098105258385683,2.76389774148283,-1.88
12.979999999999997,0.001908466600123928,2.810644667849837,-1.88
12.989999999999998,0.0019073405619054282,2.858634263228007,-1.88
12.999999999999996,0.0019064502130196111,2.9076425744135888,-1.88
13.009999999999998,0.0019057930318509316,2.9574001226629796,-1.88
13.019999999999996,0.0019053484186208939,3.007621219082601,-1.88
13.029999999999998,0.0019050829269320446,3.0580331804693213,-1.8899999999999981
13.039999999999996,0.0019049575228742741,3.108402388551707,-1.89
13.049999999999997,0.0019049353526181994,3.1585542487216927,-1.8800000000000034
13.059999999999999,0.0019049883562715006,3.208384459345892,-1.8899999999999981
13.069999999999997,0.0019051014042561223,3.257860130931781,-1.89
13.079999999999998,0.0019052733561882953,3.307011511273643,-1.89
13.089999999999996,0.0019055153144200586,3.355917522286745,-1.89
13.099999999999998,0.0019058470691821951,3.4046894382482846,-1.89
13.109999999999996,0.0019062930767291346,3.4534560317607808,-1.89
13.119999999999997,0.00190687918687235,3.5023512425650667,-1.89
13.129999999999995,0.0019076308158488314,3.5515037681300106,-1.89
13.139999999999997,0.0019085725605256859,3.6010280542814033,-1.8999999999999981
13.149999999999999,0.0019097286457442672,3.6510174245393086,-1.9
13.159999999999997,0.0019111233008067524,3.701541129727717,-1.9
13.169999999999998,0.001912780249686907,3.7526469100628197,-1.9
13.179999999999996,0.001914720908716065,3.804369165021649,-1.9
13.189999999999998,0.001916961442939913,3.8567407689413518,-1.9
13.199999999999996,0.001919509320576543,3.9098050091243017,-1.9099999999999981
13.209999999999997,0.0019223602463839182,3.963623792448955,-1.91
13.219999999999999,0.0019254962707818417,4.0182791433668665,-1.91
13.229999999999997,0.0019288855054382904,4.073866519148529,-1.91
13.239999999999998,0.0019324833845597454,4.130480208661632,-1.91
13.249999999999996,0.0019362350019332876,4.18819321819479,-1.91
13.259999999999998,0.0019400778862432994,4.24703649599456,-1.91
13.269999999999996,0.0019439447003210223,4.30698374487631,-1.9199999999999982
13.279999999999998,0.0019477656958960718,4.367946654411158,-1.92
13.289999999999996,0.0019514711629716808,4.429781479000872,-1.92
13.299999999999997,0.0019549943862606787,4.492304237710279,-1.92
13.309999999999999,0.001958275611610696,4.555310527617724,-1.92
13.319999999999997,0.0019612671891717347,4.618596530999614,-1.92
13.329999999999998,0.0019639394795537006,4.681978826977942,-1.92
13.339999999999996,0.001966286484142015,4.745311587002774,-1.9299999999999982
13.349999999999998,0.0019683297452431064,4.808500591675956,-1.93
13.359999999999996,0.001970119062811368,4.8715138672136,-1.93
13.369999999999997,0.001971729072482172,4.934388312635861,-1.93
13.379999999999995,0.0019732516339416757,4.997230829888105,-1.93
13.389999999999997,0.001974785026184638,5.060211978967452,-1.93
13.399999999999999,0.0019764217922045306,5.123550822206134,-1.93
13.409999999999997,0.001978237446721191,5.18749168060858,-1.9399999999999982
13.419999999999998,0.0019802820540498604,5.2522762452497735,-1.94
13.429999999999996,0.001982575983773566,5.318116225919513,-1.94
13.439999999999998,0.0019851101998631356,5.385171527973607,-1.94
13.449999999999996,0.0019878505366898386,5.453537597554833,-1.94
13.459999999999997,0.0019907447952385426,5.523244170291909,-1.94
13.469999999999995,0.001993731244584406,5.594266017990028,-1.9499999999999964
13.479999999999997,0.0019967471993903416,5.666543740191498,-1.95
13.489999999999998,0.0019997366444582197,5.740009699756196,-1.95
13.499999999999996,0.0020026562466062105,5.814612386319913,-1.95
13.509999999999998,0.00200547941897724,5.890332985389741,-1.95
13.519999999999996,0.00200819833231095,5.967190805506509,-1.95
13.529999999999998,0.002010823905739327,6.045238359517125,-1.95
13.539999999999996,0.002013383894882582,6.1245502895783375,-1.95
13.549999999999997,0.002015919279126632,6.205211189015953,-1.9599999999999964
13.559999999999999,0.0020184792753591024,6.287305589164151,-1.9500000000000017
13.569999999999997,0.0020211154867456472,6.370910525824947,-1.9599999999999982
13.579999999999998,0.0020238759052490546,6.4560891475892195,-1.96
13.589999999999996,0.0020267996529406435,6.542883946928273,-1.96
13.599999999999998,0.0020299133733627486,6.631310081692377,-1.96
13.609999999999996,0.0020332299912769565,6.721351134098592,-1.96
13.619999999999997,0.002036750124254355,6.812959705779451,-1.96
13.629999999999995,0.0020404658190010137,6.90606334943174,-1.9699999999999964
13.639999999999997,0.002044365664462482,7.0005739909181255,-1.97
13.649999999999999,0.002048439914085524,7.0963978611907095,-1.97
13.659999999999997,0.0020526841927237206,7.1934436706366816,-1.97
13.669999999999998,0.002057100716045641,7.291628456578551,-1.97
13.679999999999996,0.0020616966271895768,7.390881491673614,-1.97
13.689999999999998,0.0020664798572697907,7.491146089942133,-1.97
13.699999999999996,0.0020714535944989856,7.592378349482723,-1.9799999999999982
13.709999999999997,0.002076610801874263,7.6945426504063095,-1.98
13.719999999999995,0.0020819301713839522,7.797606131930671,-1.98
13.729999999999997,0.0020873744909298956,7.901536438968107,-1.98
13.739999999999998,0.002092891791589298,8.006306558173886,-1.98
13.749999999999996,0.002098419050961142,8.111906946608284,-1.98
13.759999999999998,0.002103887820858508,8.218360162666537,-1.9899999999999982
13.769999999999996,0.0021092309898806585,8.325730036921433,-1.99
13.779999999999998,0.002114389948604232,8.434118398645229,-1.99
13.789999999999996,0.002119321590377956,8.543647335606838,-1.99
13.799999999999997,0.0021240047226592723,8.654431246049208,-1.99
13.809999999999999,0.0021284454866446925,8.766546921831441,-1.99
13.819999999999997,0.0021326812645857084,8.880009733209492,-1.99
13.829999999999998,0.002136782354738542,8.994760979470822,-1.9999999999999982
13.839999999999996,0.0021408505436868574,9.110668234436158,-2.0
13.849999999999998,0.0021450137635355758,9.227538427324255,-2.0
13.859999999999996,0.0021494164099225693,9.345142130100582,-2.0
13.869999999999997,0.0021542056443528577,9.463245998168041,-2.0
13.879999999999995,0.002159514997754145,9.581648064242014,-2.0
13.889999999999997,0.002165447562580874,9.700208630065472,-2.0
13.899999999999999,0.0021720616592924118,9.818869466021267,-2.009999999999998
13.909999999999997,0.00217936180075288,9.937656573777014,-2.01
13.919999999999998,0.002187296943963133,10.056666261731971,-2.01
13.929999999999996,0.0021957665562149795,10.176039159077309,-2.01
13.939999999999998,0.00220463334291098,10.295929895206791,-2.01
13.949999999999996,0.0022137401217133335,10.416480012318631,-2.01
13.959999999999997,0.0022229276954609813,10.537798827445688,-2.0199999999999965
13.969999999999995,0.00223205081135892,10.659953595119195,-2.02
13.979999999999997,0.0022409902442737284,10.782968451182482,-2.02
13.989999999999998,0.002249660327676509,10.906831732410494,-2.02
13.999999999999996,0.0022580124119106547,11.031512024345902,-2.02
14.009999999999998,0.002266035400248672,11.156982472011327,-2.02
14.019999999999996,0.0022737545681863606,11.283249579399756,-2.02
14.029999999999998,0.002281229409508134,11.410378740400922,-2.029999999999998
14.039999999999996,0.0022885505504269417,11.538507289492138,-2.03
14.049999999999997,0.0022958351785115033,11.66783867337602,-2.03
14.059999999999999,0.002303220223489855,11.798617269296184,-2.03
14.069999999999997,0.002310852814256683,11.93108938756799,-2.03
14.079999999999998,0.002318878240106747,12.065459492777691,-2.03
14.089999999999996,0.002327426511216203,12.201851019737962,-2.03
14.099999999999998,0.0023365993082018035,12.340279269121945,-2.03
14.109999999999996,0.0023464593549065806,12.48064092254152,-2.03
14.119999999999997,0.00235702392282194,12.622721602261722,-2.03
14.129999999999995,0.00236826336212089,12.766220253785583,-2.03
14.139999999999997,0.0023801045283052455,12.910787111485071,-2.0399999999999965
14.149999999999999,0.002392438093849042,13.056070155720366,-2.04
14.159999999999997,0.002405128270027986,13.201762880891401,-2.04
14.169999999999998,0.0024180234937764156,13.34764456009014,-2.04
14.179999999999996,0.002430967054152847,13.493604726986879,-2.04
14.189999999999998,0.002443807211999704,13.639647370764319,-2.04
14.199999999999996,0.0024564068330886206,13.785876196844969,-2.04
14.209999999999997,0.0024686527035147304,13.932467443210802,-2.0499999999999963
14.219999999999995,0.0024804644575213853,14.079639001992916,-2.05
14.229999999999997,0.0024918025140253383,14.227623723099136,-2.05
14.239999999999998,0.002502673827055058,14.376651814078933,-2.05
14.249999999999996,0.002513133914174281,14.52694366191027,-2.05
14.259999999999998,0.0025232837880710315,14.678711354875322,-2.05
14.269999999999996,0.002533261175333766,14.832164910430196,-2.05
14.279999999999998,0.0025432266348178758,14.987517533672078,-2.05
14.289999999999996,0.0025533465228427454,15.144983646829788,-2.05
14.299999999999997,0.002563775716298568,15.304764902596121,-2.05
14.309999999999995,0.0025746432172209835,15.467023227322374,-2.05
14.319999999999997,0.0025860430911512303,15.631845347887639,-2.05
14.329999999999998,0.002598031806338787,15.799208441914395,-2.05
14.339999999999996,0.0026106313895195286,15.968959106519414,-2.0599999999999983
14.349999999999998,0.0026238364606197204,16.140815898793978,-2.06
14.359999999999996,0.0026376225809681486,16.314399329204665,-2.06
14.369999999999997,0.0026519535846776525,16.489284834710716,-2.06
14.379999999999995,0.0026667865010855407,16.665067532792932,-2.06
14.389999999999997,0.002682073927437839,16.841424988807535,-2.06
14.399999999999999,0.002697764793596302,17.01816592341585,-2.06
14.409999999999997,0.0027138049879790924,17.195256986748188,-2.069999999999998
14.419999999999998,0.0027301391246431026,17.372824233809826,-2.07
14.429999999999996,0.002746713935806101,17.551129334255414,-2.07
14.439999999999998,0.002763482734700228,17.73052298310165,-2.07
14.449999999999996,0.002780409586603328,17.911380940923568,-2.07
14.459999999999997,0.002797471623141057,18.09403263062449,-2.07
14.469999999999995,0.0028146584582802434,18.278696625372298,-2.07
14.479999999999997,0.0028319687494648507,18.465438002075746,-2.07
14.489999999999998,0.002849405179850651,18.654157361997843,-2.07
14.499999999999996,0.002866969997338769,18.84461242058911,-2.07
14.509999999999998,0.002884663325180111,19.036464886034516,-2.07
14.519999999999996,0.002902485621388383,19.229341130470473,-2.0799999999999983
14.529999999999998,0.0029204441165106847,19.422895276777176,-2.08
14.539999999999996,0.002938561335396856,19.616865828514605,-2.08
14.549999999999997,0.0029568825879079767,19.811119307131243,-2.08
14.559999999999995,0.0029754791250487613,20.00567531385009,-2.08
14.569999999999997,0.002994444672673499,20.20070799604856,-2.08
14.579999999999998,0.0030138850211117803,20.3965211534313,-2.08
14.589999999999996,0.0030339026236001947,20.593499193741366,-2.08
14.599999999999998,0.0030545799230930603,20.79204264738634,-2.08
14.609999999999996,0.003075965732213174,20.992502221752023,-2.08
14.619999999999997,0.0030980681830651766,21.1951266791672,-2.08
14.629999999999995,0.003120855782755399,21.4000359685777,-2.08
14.639999999999997,0.0031442656554988005,21.607223459856453,-2.08
14.649999999999999,0.0031682160222682165,21.81658339853159,-2.08
14.659999999999997,0.0031926190583376167,22.02795497612597,-2.08
14.669999999999998,0.0032173907140778633,22.241173031947923,-2.089999999999998
14.679999999999996,0.0032424556398812374,22.456115520905893,-2.09
14.689999999999998,0.00326774739297628,22.672738254219,-2.09
14.699999999999996,0.0032932058399423886,22.891088713599164,-2.09
14.709999999999997,0.0033187744874925095,23.111294307918882,-2.09
14.719999999999995,0.0033444001347140502,23.333526577819327,-2.09
14.729999999999997,0.0033700359291286906,23.55795003304287,-2.09
14.739999999999998,0.003395647187671556,23.784669614676233,-2.0999999999999983
14.749999999999996,0.0034212179364802734,24.013691404345405,-2.1
14.759999999999998,0.0034467556020729376,24.244906395607476,-2.0900000000000016
14.769999999999996,0.0034722918590947348,24.478099335996436,-2.0999999999999983
14.779999999999998,0.0034978790966129387,24.712978211470425,-2.1
14.789999999999996,0.003523583729333275,24.94921746737119,-2.1
14.799999999999997,0.0035494789169067844,25.186508061890326,-2.1
14.809999999999995,0.00357563958542444,25.42460692455124,-2.1
14.819999999999997,0.003602141769734017,25.663376977587376,-2.1
14.829999999999998,0.0036290664684534056,25.902808967199313,-2.1
14.839999999999996,0.0036565060991336283,26.143019653215326,-2.1
14.849999999999998,0.00368457011151431,26.384226654439058,-2.1
14.859999999999996,0.00371338601823833,26.626706461984465,-2.1
14.869999999999997,0.0037430932421681122,26.870746715517814,-2.1
14.879999999999995,0.0037738294525073096,27.116604758571995,-2.1099999999999963
14.889999999999997,0.003805711712280689,27.36448100860348,-2.1000000000000036
14.899999999999999,0.003838816830579158,27.614509644867812,-2.1
14.909999999999997,0.0038731660278435083,27.86676390128767,-2.109999999999998
14.919999999999998,0.003908718064889808,28.121271088767546,-2.11
14.929999999999996,0.003945372625179595,28.378032925842405,-2.11
14.939999999999998,0.003982982806994276,28.63704751691382,-2.11
14.949999999999996,0.004021373161515667,28.898328578431215,-2.11
14.959999999999997,0.004060358638597935,29.161915841366984,-2.11
14.969999999999995,0.0040997603473402,29.4278704575546,-2.11
14.979999999999997,0.004139415892655206,29.696252814709162,-2.1199999999999966
14.989999999999998,0.004179184442357852,29.96708691116947,-2.12
14.999999999999996,0.004218948665214399,30.240321953213055,-2.12
15.009999999999998,0.004258616519787715,30.51580407411089,-2.1100000000000017
15.019999999999996,0.004298125290869259,30.793267683757676,-2.1199999999999983
15.029999999999998,0.004337448521586311,31.07234943183526,-2.12
15.039999999999996,0.004376604303768184,31.35262199082916,-2.1100000000000017
15.049999999999997,0.0044156617031859266,31.63364195694815,-2.1199999999999966
15.059999999999995,0.004454741651438595,31.91500569778912,-2.12
15.069999999999997,0.004494009702539119,32.19640704493548,-2.12
15.079999999999998,0.0045336603411099,32.47768959456515,-2.12
15.089999999999996,0.004573895245223686,32.758884197311765,-2.12
15.099999999999998,0.004614900026813347,33.04022140078406,-2.12
15.109999999999996,0.004656824678040933,33.322111789106096,-2.12
15.119999999999997,0.004699771934414911,33.60509457518905,-2.12
15.129999999999995,0.004743795332460078,33.889763502596914,-2.12
15.139999999999997,0.004788905765427741,34.17668495482176,-2.12
15.149999999999995,0.004835082940198535,34.466323904221056,-2.12
15.159999999999997,0.004882287163298202,34.75898971601835,-2.129999999999998
15.169999999999998,0.004930467604987551,35.05480814141905,-2.13
15.179999999999996,0.004979565268912773,35.353720403680335,-2.13
15.189999999999998,0.0050295115032628155,35.65550658363883,-2.13
15.199999999999996,0.005080225001602665,35.95982817829469,-2.13
15.209999999999997,0.005131611037882985,36.26628201015435,-2.13
15.219999999999995,0.005183565835463207,36.574454308128054,-2.13
15.229999999999997,0.005235986770666449,36.88396225515336,-2.13
15.239999999999998,0.005288786420995421,37.19447336253233,-2.13
15.249999999999996,0.0053419064109357945,37.50570059040062,-2.13
15.259999999999998,0.005395326462792637,37.817380041201666,-2.13
15.269999999999996,0.005449065318669883,38.12924416923503,-2.13
15.279999999999998,0.00550317288336414,38.44100397577326,-2.13
15.289999999999996,0.005557716079217678,38.75234871912163,-2.13
15.299999999999997,0.005612763283344847,39.06296422617722,-2.1399999999999966
15.309999999999995,0.005668372872436781,39.372564731004175,-2.14
15.319999999999997,0.005724589984876587,39.680930437214734,-2.1300000000000017
15.329999999999998,0.005781452530653953,39.987943310856615,-2.13
15.339999999999996,0.005839003842106987,40.293615089462,-2.1399999999999983
15.349999999999998,0.005897306572917929,40.59810269276413,-2.14
15.359999999999996,0.005956451611123113,40.901707216885576,-2.14
15.369999999999997,0.006016557237005592,41.204854640622145,-2.14
15.379999999999995,0.006077757073083353,41.50806014404618,-2.14
15.389999999999997,0.006140179380269788,41.81188281052709,-2.14
15.399999999999995,0.006203923485184091,42.116880917242554,-2.14
15.409999999999997,0.006269040400635746,42.42357751954389,-2.14
15.419999999999998,0.006335523552399642,42.73244163038519,-2.14
15.429999999999996,0.006403312335663608,43.043884696611926,-2.14
15.439999999999998,0.006472307172494127,43.358268331114374,-2.14
15.449999999999996,0.006542391353142795,43.67591855283277,-2.14
15.459999999999997,0.0066134533960465645,43.99714291101978,-2.14
15.469999999999995,0.006685404351514344,44.32224743094872,-2.14
15.479999999999997,0.006758186989752261,44.65154895158054,-2.14
15.489999999999998,0.0068317771045695065,44.98537622791462,-2.149999999999998
15.499999999999996,0.006906179924433885,45.32405298749162,-2.140000000000002
15.509999999999998,0.006981425816551517,45.6678604189941,-2.14
15.519999999999996,0.007057568692140817,46.01698498427485,-2.14
15.529999999999998,0.007134688123616071,46.371465803422645,-2.149999999999998
15.539999999999996,0.007212893212763745,46.73115872878803,-2.15
15.549999999999997,0.0072923240502106275,47.095729503687636,-2.15
15.559999999999995,0.007373146215799402,47.46467893611973,-2.15
15.569999999999997,0.007455535505705885,47.83739394464869,-2.15
15.579999999999998,0.007539653449755827,48.213213617226494,-2.15
15.589999999999996,0.007625618022334187,48.591499812993376,-2.140000000000002
15.599999999999998,0.007713476769395913,48.97170460228841,-2.149999999999998
15.609999999999996,0.007803190171264223,49.35342807968208,-2.15
15.619999999999997,0.00789463096255584,49.736458650268624,-2.15
15.629999999999995,0.007987600821576296,50.120786769143045,-2.15
15.639999999999997,0.008081860756172218,50.50658617794645,-2.15
15.649999999999995,0.008177167518097665,50.894164471340474,-2.15
15.659999999999997,0.008273306917666956,51.28389390162514,-2.15
15.669999999999998,0.008370116455514175,51.676139027980675,-2.15
15.679999999999996,0.008467493653438053,52.07119732275343,-2.15
15.689999999999998,0.00856539139439383,52.46926272645868,-2.15
15.699999999999996,0.00866380566139547,52.8704139796291,-2.15
15.709999999999997,0.008762762870884023,53.27462365829394,-2.1599999999999966
15.719999999999995,0.008862312982322944,53.681782142755495,-2.1500000000000035
15.729999999999997,0.008962531199710359,54.09173145766897,-2.15
15.739999999999998,0.009063526724600935,54.50430348535096,-2.15
15.749999999999996,0.009165453419502093,54.91935414203416,-2.15
15.759999999999998,0.009268515753705122,55.33678239429785,-2.15
15.769999999999996,0.009372964512472265,55.75652455445451,-2.15
15.779999999999998,0.00947907998900208,56.17852164353011,-2.1599999999999984
15.789999999999996,0.009587144495458045,56.60266827626657,-2.16
15.799999999999997,0.00969740943284934,57.02876050838456,-2.16
15.809999999999995,0.009810063557094198,57.45646280171652,-2.16
15.819999999999997,0.009925207939720116,57.88530937506968,-2.16
15.829999999999998,0.01004283987970192,58.31474551882115,-2.16
15.839999999999996,0.010162844032118718,58.7442048429933,-2.16
15.849999999999998,0.01028498603624008,59.17321235406855,-2.16
15.859999999999996,0.01040890327707762,59.6015006463631,-2.16
15.869999999999997,0.010534089469505046,60.029124874211945,-2.16
15.879999999999995,0.010659873860528732,60.456559747400114,-2.16
15.889999999999997,0.010785400525376307,60.88475938103576,-2.16
15.899999999999995,0.010909616693134757,61.31516116614084,-2.16
15.909999999999997,0.011031279884833578,61.7496202316567,-2.16
15.919999999999998,0.011148991362238287,62.1902710398091,-2.16
15.929999999999996,0.011261258439874109,62.63932334846318,-2.16
15.939999999999998,0.011366581956592415,63.09880680488318,-2.16
15.949999999999996,0.011463559438418423,63.570280813606246,-2.16
15.959999999999997,0.011550990809180102,64.05452701718689,-2.16
15.969999999999995,0.011627972808422569,64.5512442266711,-2.16
15.979999999999997,0.011693970465275271,65.05877071167367,-2.16
15.989999999999998,0.011748857978502869,65.5738642810025,-2.16
15.999999999999996,0.011792925703464466,66.09157307096561,-2.16
16.009999999999998,0.011826853726456003,66.60522669723298,-2.16
16.019999999999996,0.011851655658767193,67.10656870600168,-2.16
16.029999999999998,0.011868599023656713,67.58604036374376,-2.16
16.04,0.011879110775598705,68.03321582382821,-2.16
16.049999999999997,0.011884677592692888,68.43737925819421,-2.16
16.06,0.011886750331522316,68.78822198819968,-2.16
16.069999999999997,0.011886660610765203,69.07661858805535,-2.1699999999999964
16.08,0.011885555354188237,69.29541676511109,-2.16
16.089999999999996,0.01188435272365272,69.44015430523581,-2.16
16.099999999999998,0.011883720530478516,69.50960802103899,-2.16
16.109999999999996,0.011884076132529026,69.50609134153194,-2.16
16.119999999999997,0.011885605123245137,69.43544748641798,-2.16
16.13,0.011888294864426198,69.3067247918053,-2.17
16.139999999999997,0.011891978147859607,69.1315589634044,-2.17
16.15,0.011896382008228783,68.92331876199938,-2.17
16.159999999999997,0.011901176925299094,68.69609825688725,-2.17
16.169999999999998,0.011906022271689168,68.4636617924068,-2.17
16.179999999999996,0.011910604766793478,68.23846156158122,-2.17
16.189999999999998,0.011914667746882143,68.03084083788323,-2.17
16.2,0.011918030124174825,67.84850354559936,-2.17
16.209999999999997,0.011920594899271606,67.6962827142699,-2.17
16.22,0.01192234797917939,67.57619343699142,-2.17
16.229999999999997,0.011923348814642454,67.48772173887737,-2.17
16.24,0.011923714952395064,67.42828196761674,-2.17
16.249999999999996,0.011923602929685648,67.39376995856443,-2.17
16.259999999999998,0.011923187981047606,67.37914405715027,-2.17
16.269999999999996,0.011922644799670598,67.37897738984931,-2.17
16.279999999999998,0.011922131161862652,67.38793889994277,-2.17
16.29,0.011921775667387119,67.40117533315816,-2.17
16.299999999999997,0.011921670251450899,67.41458082429345,-2.17
16.31,0.011921867541617176,67.42495408163398,-2.17
16.319999999999997,0.011922382595355824,67.43005374851815,-2.17
16.33,0.01192319809198531,67.42856936065016,-2.17
16.339999999999996,0.011924271720488117,67.42002866508723,-2.17
16.349999999999998,0.011925544368721256,67.40466261071917,-2.17
16.359999999999996,0.01192694782382268,67.38324774078038,-2.17
16.369999999999997,0.011928411031929794,67.35694267880358,-2.17
16.38,0.011929864468977027,67.3271315057802,-2.17
16.389999999999997,0.011931242715556838,67.295282715006,-2.17
16.4,0.011932485757327055,67.26282871600539,-2.17
16.409999999999997,0.01193353973404858,67.23106797277174,-2.17
16.419999999999998,0.011934357795694399,67.20109011085185,-2.17
16.429999999999996,0.01193490143702371,67.17372372391601,-2.17
16.439999999999998,0.011935142288570823,67.14950663344725,-2.17
16.449999999999996,0.011935063991709235,67.12867836107613,-2.17
16.459999999999997,0.011934663603765567,67.11119420874525,-2.17
16.47,0.011933952025342087,67.09675937120035,-2.17
16.479999999999997,0.011932953190650743,67.08487987603621,-2.17
16.49,0.011931702105889284,67.07492537479632,-2.17
16.499999999999996,0.011930242117070836,67.06619768895804,-2.17
16.509999999999998,0.011928621928988822,67.05799881205245,-2.17
16.519999999999996,0.011926892849281076,67.04969230062211,-2.17
16.529999999999998,0.011925106535563435,67.04075218675314,-2.17
16.54,0.01192331326735522,67.03079414379765,-2.17
16.549999999999997,0.011921560551338252,67.01958564446142,-2.17
16.56,0.011919891777916655,67.00703554424574,-2.17
16.569999999999997,0.011918344709265947,66.99316780553902,-2.17
16.58,0.011916949767647145,66.97808717579211,-2.17
16.589999999999996,0.011915728330477611,66.96194531378615,-2.17
16.599999999999998,0.01191469142406698,66.94491416645032,-2.17
16.609999999999996,0.011913839256610556,66.92717033160307,-2.17
16.619999999999997,0.011913161906734847,66.90889064892869,-2.17
16.63,0.011912641214197297,66.89025596240148,-2.17
16.639999999999997,0.011912253594953228,66.87145777351512,-2.17
16.65,0.011911973243080543,66.85270233880507,-2.17
16.659999999999997,0.01191177507851674,66.83420867147443,-2.17
16.669999999999998,0.011911636881742276,66.81619977202898,-2.17
16.679999999999996,0.011911540291962088,66.79888894517605,-2.17
16.689999999999998,0.011911470655252549,66.7824644228463,-2.17
16.699999999999996,0.011911415997747707,66.76707540209426,-2.17
16.709999999999997,0.011911365590649871,66.7528212509263,-2.17
16.72,0.011911308634197794,66.73974379813326,-2.17
16.729999999999997,0.011911233521198326,66.72782152577906,-2.17
16.74,0.011911127979319907,66.71696513389465,-2.17
16.749999999999996,0.01191098017822689,66.70701599925256,-2.17
16.759999999999998,0.01191078065902961,66.69775072769944,-2.17
16.769999999999996,0.011910524723738727,66.68889460802632,-2.17
16.779999999999998,0.011910214736883324,66.68014421350324,-2.17
16.79,0.01190986167972129,66.67119620288122,-2.17
16.799999999999997,0.011909485307915198,66.66177738223925,-2.17
16.81,0.01190911243413037,66.6516710557447,-2.17
16.819999999999997,0.011908773194168002,66.64073609162183,-2.17
16.83,0.011908495612661999,66.62891690728365,-2.17
16.839999999999996,0.011908299254701969,66.61624398493525,-2.17
16.849999999999998,0.011908189095258377,66.60282554917468,-2.17
16.859999999999996,0.011908150848177895,66.58883202408921,-2.17
16.869999999999997,0.011908148826927839,66.5744757223123,-2.17
16.88,0.011908126995070519,66.5599883478006,-2.17
16.889999999999997,0.011908013311504996,66.54559838716364,-2.17
16.9,0.011907726921964457,66.53151020698095,-2.17
16.909999999999997,0.011907187306360343,66.5178870182938,-2.17
16.919999999999998,0.011906324216495267,66.50483995669747,-2.17
16.929999999999996,0.011905087136991168,66.49242451799974,-2.17
16.939999999999998,0.011903453053584536,66.48064381500726,-2.17
16.949999999999996,0.011901431491992527,66.46945660773649,-2.17
16.959999999999997,0.011899066086251842,66.45878754621542,-2.17
16.97,0.011896432346649673,66.44853773074593,-2.17
16.979999999999997,0.011893631798074221,66.43859520189488,-2.17
16.99,0.011890783170252309,66.42884627483112,-2.17
16.999999999999996,0.011888011730160637,66.41918833336545,-2.17
17.009999999999998,0.011885438065186542,66.40954263817257,-2.17
17.019999999999996,0.01188316762262091,66.39986379057761,-2.17
17.029999999999998,0.011881282114581414,66.3901426872625,-2.17
17.04,0.01187983357798071,66.38040177396417,-2.17
17.049999999999997,0.011878841517988892,66.37068345049475,-2.17
17.06,0.01187829321332683,66.36103384276491,-2.17
17.069999999999997,0.011878146936465928,66.35148515807622,-2.17
17.08,0.01187833754658895,66.34204043832237,-2.17
17.089999999999996,0.011878783676075462,66.33266412527657,-2.17
17.099999999999998,0.011879395597405463,66.3232804472012,-2.17
17.109999999999996,0.01188008285744093,66.31378009031798,-2.17
17.119999999999997,0.011880760897419905,66.30403447971402,-2.17
17.13,0.011881356107156599,66.29391594206314,-2.17
17.139999999999997,0.011881809040542594,66.2833207837728,-2.17
17.15,0.011882075794698323,66.27219126279535,-2.17
17.159999999999997,0.01188212779140998,66.26053209984023,-2.17
17.169999999999998,0.011881950381404844,66.24841783811426,-2.17
17.179999999999996,0.011881540810045717,66.23598906386292,-2.17
17.189999999999998,0.011880906119013913,66.2234380138608,-2.17
17.199999999999996,0.011880061489270614,66.21098667561814,-2.17
17.209999999999997,0.011879029344447728,66.19886206244882,-2.17
17.22,0.011877839245872239,66.18727335160085,-2.17
17.229999999999997,0.011876528272548231,66.17639433567332,-2.17
17.24,0.011875141281286859,66.16635273886013,-2.17
17.249999999999996,0.011873730289281926,66.15722583387118,-2.17
17.259999999999998,0.011872352296230921,66.14904020370652,-2.17
17.269999999999996,0.011871065191317563,66.14177326810166,-2.17
17.279999999999998,0.011869921916665586,66.13535525748682,-2.17
17.289999999999996,0.011868963641802278,66.12967166923485,-2.17
17.299999999999997,0.011868213159003575,66.1245670389391,-2.17
17.31,0.01186766988643997,66.11985081708681,-2.17
17.319999999999997,0.011867307700449697,66.11530537520159,-2.17
17.33,0.011867076347262261,66.1106953573525,-2.17
17.339999999999996,0.011866906536398911,66.10577759846491,-2.17
17.349999999999998,0.011866718161364889,66.10031161343741,-2.17
17.359999999999996,0.01186643056168774,66.0940713339188,-2.17
17.369999999999997,0.01186597339654723,66.08685878563439,-2.17
17.38,0.011865296557900255,66.07851986845178,-2.17
17.389999999999997,0.011864377609811367,66.06896137798877,-2.17
17.4,0.011863225503571781,66.05816688786247,-2.17
17.409999999999997,0.011861879792152058,66.04620778374688,-2.17
17.419999999999998,0.011860405243334171,66.03324578152409,-2.17
17.429999999999996,0.011858882556930992,66.01952506522163,-2.17
17.439999999999998,0.011857396663631956,66.00535475402589,-2.17
17.449999999999996,0.011856024607414679,65.99108423711724,-2.17
17.459999999999997,0.011854825120870924,65.9770743020445,-2.17
17.47,0.011853831637375177,65.96366651225205,-2.17
17.479999999999997,0.011853049728739193,65.95115307306307,-2.17
17.49,0.011852459023451842,65.93974998678421,-2.17
17.499999999999996,0.011852018814603101,65.92957709733348,-2.17
17.509999999999998,0.011851676012662783,65.9206485375237,-2.17
17.519999999999996,0.011851373914130334,65.91287548024845,-2.17
17.529999999999998,0.011851060402431725,65.9060804491224,-2.17
17.539999999999996,0.011850694552387393,65.90001999658918,-2.17
17.549999999999997,0.011850251027241706,65.89441149880835,-2.17
17.56,0.01184972202381627,65.88896059271129,-2.17
17.569999999999997,0.011849116786978267,65.88338754643932,-2.17
17.58,0.011848458884917134,65.87745191579819,-2.17
17.589999999999996,0.011847781550923267,65.87097428057471,-2.17
17.599999999999998,0.011847121506232152,65.86385252938574,-2.17
17.609999999999996,0.011846511822049034,65.85606970229972,-2.17
17.619999999999997,0.011845974568333728,65.84769158998039,-2.17
17.63,0.01184551420155574,65.83885461956396,-2.17
17.639999999999997,0.01184511278787948,65.82974678112494,-2.17
17.65,0.011844728144593529,65.82058521657915,-2.17
17.659999999999997,0.011844295733304802,65.81159330225962,-2.17
17.669999999999998,0.011843734631816259,65.80297871781484,-2.17
17.679999999999996,0.01184295720814897,65.79491355766753,-2.17
17.689999999999998,0.011841881368528233,65.78751820981823,-2.17
17.699999999999996,0.011840443644687339,65.78085141537913,-2.17
17.709999999999997,0.011838611085105017,65.77490852687723,-2.17
17.72,0.011836389994548212,65.76962821577823,-2.17
17.729999999999997,0.01183383000152402,65.76490527190663,-2.17
17.74,0.011831022610742287,65.76060488894889,-2.17
17.749999999999996,0.01182809416668389,65.75657349678589,-2.17
17.759999999999998,0.01182519389912798,65.75264359144,-2.17
17.769999999999996,0.011822478386821248,65.74863400434305,-2.17
17.779999999999998,0.011820094324227355,65.74435030687506,-2.17
17.789999999999996,0.011818161840874183,65.73959095396927,-2.17
17.799999999999997,0.01181676070591328,65.73416292710732,-2.17
17.81,0.011815921464081423,65.72790644746078,-2.17
17.819999999999997,0.011815622862588443,65.72072344606292,-2.17
17.83,0.011815795921271405,65.71260148118955,-2.17
17.839999999999996,0.01181633388482611,65.703625331901,-2.17
17.849999999999998,0.011817106354872183,65.69397209444232,-2.17
17.859999999999996,0.011817975343411538,65.68389021218643,-2.17
17.869999999999997,0.011818810889669618,65.67366642754187,-2.17
17.88,0.011819504185093428,65.66358656035105,-2.17
17.889999999999997,0.011819976723344911,65.65389694763748,-2.17
17.9,0.011820184679451064,65.6447736411255,-2.17
17.909999999999997,0.011820118410099457,65.63630543259902,-2.17
17.919999999999998,0.011819797598834707,65.62849397680591,-2.17
17.929999999999996,0.011819263110863532,65.62127026831311,-2.17
17.939999999999998,0.01181856701898635,65.61452279969899,-2.17
17.949999999999996,0.011817762446296372,65.608130171976,-2.17
17.959999999999997,0.011816894793610934,65.60199051593014,-2.17
17.97,0.011815995578928972,65.59604175970482,-2.17
17.979999999999997,0.01181507957292736,65.5902697042684,-2.17
17.99,0.011814145288652418,65.58470389795251,-2.17
17.999999999999996,0.011813178319920875,65.57940361278807,-2.17
18.009999999999998,0.01181215663473056,65.5744377159388,-2.17
18.019999999999996,0.011811056765314708,65.56986315436097,-2.17
18.029999999999998,0.011809859879223217,65.56570690820368,-2.17
18.039999999999996,0.011808556902209855,65.56195499656147,-2.17
18.049999999999997,0.01180715211221611,65.55854964278876,-2.17
18.06,0.011805664871988563,65.55539341441172,-2.17
18.069999999999997,0.011804129389127376,65.55235815458956,-2.17
18.08,0.011802592583578762,65.5492966624735,-2.17
18.089999999999996,0.011801110306249665,65.54605577298632,-2.17
18.099999999999998,0.011799742289056973,65.54249027464253,-2.17
18.109999999999996,0.011798546314957517,65.53847722425127,-2.17
18.119999999999997,0.011797572173784538,65.53392923731658,-2.17
18.13,0.011796856011979617,65.5288043392563,-2.17
18.139999999999997,0.011796415685211012,65.52311049071324,-2.17
18.15,0.011796247672169987,65.51690463572189,-2.17
18.159999999999997,0.01179632599076294,65.51028721331627,-2.17
18.169999999999998,0.011796603362642601,65.50339274333729,-2.17
18.179999999999996,0.011797014608297365,65.4963765470188,-2.17
18.189999999999998,0.01179748196720325,65.48939824686613,-2.17
18.199999999999996,0.011797921790167368,65.48260412999514,-2.17
18.209999999999997,0.01179825189467678,65.47611123614983,-2.17
18.22,0.01179839882637052,65.46999528679352,-2.17
18.229999999999997,0.011798304318082597,65.46428313403206,-2.17
18.24,0.011797930351261447,65.4589496478485,-2.17
18.249999999999996,0.011797262369611851,65.45391908829359,-2.17
18.259999999999998,0.011796310353097193,65.44907116084852,-2.17
18.269999999999996,0.011795107632046671,65.44425157751192,-2.17
18.279999999999998,0.011793707509636585,65.43928632663248,-2.17
18.289999999999996,0.011792177958347333,65.43399847955727,-2.17
18.299999999999997,0.011790594845034832,65.42822641458872,-2.17
18.31,0.01178903430785469,65.42184261956751,-2.17
18.319999999999997,0.011787565051857764,65.41477220422566,-2.17
18.33,0.011786241435997083,65.40700942860815,-2.17
18.339999999999996,0.011785098257315418,65.39862921759297,-2.17
18.349999999999998,0.011784148046635976,65.38978990982358,-2.17
18.359999999999996,0.01178338142895271,65.38072431620789,-2.17
18.369999999999997,0.011782770659430264,65.37171828406923,-2.17
18.379999999999995,0.011782275875516985,65.36307836341481,-2.17
18.389999999999997,0.011781853038784686,65.35509229706157,-2.17
18.4,0.011781462147149747,65.34798796409214,-2.17
18.409999999999997,0.011781074211604264,65.34189781122612,-2.17
18.419999999999998,0.011780675753652355,65.33683580281543,-2.17
18.429999999999996,0.011780270129144064,65.33269193207634,-2.17
18.439999999999998,0.011779875669727925,65.32924583808374,-2.17
18.449999999999996,0.011779521265684155,65.32619712194024,-2.17
18.459999999999997,0.011779240444457864,65.32320652824122,-2.17
18.47,0.011779065162883875,65.31994020159382,-2.17
18.479999999999997,0.011779020441786693,65.3161095506992,-2.17
18.49,0.011779120697061775,65.31150158030292,-2.17
18.499999999999996,0.011779368247798114,65.30599725425597,-2.17
18.509999999999998,0.011779754075672253,65.29957712909979,-2.17
18.519999999999996,0.011780260506642298,65.29231447418813,-2.17
18.529999999999998,0.011780865120496994,65.28435754995239,-2.17
18.539999999999996,0.011781544928458282,65.27590469214489,-2.17
18.549999999999997,0.011782279774242161,65.2671770841847,-2.17
18.56,0.011783054070227145,65.25839379894775,-2.17
18.569999999999997,0.01178385638384603,65.24975251489245,-2.17
18.58,0.011784676967951189,65.24141813878202,-2.17
18.589999999999996,0.011785503928268447,65.2335201491131,-2.17
18.599999999999998,0.011786319149540557,65.22615726380091,-2.17
18.609999999999996,0.011787095210093681,65.21940581332376,-2.17
18.619999999999997,0.01178779425219395,65.21332764142466,-2.17
18.629999999999995,0.011788369213593036,65.2079749331541,-2.17
18.639999999999997,0.011788767148180616,65.20339164652948,-2.17
18.65,0.011788933806485996,65.19961251535138,-2.17
18.659999999999997,0.011788818399345858,65.19666059199776,-2.17
18.669999999999998,0.011788377604489631,65.19454376930327,-2.17
18.679999999999996,0.011787578330749133,65.19325033532367,-2.17
18.689999999999998,0.011786399334903165,65.19274357078999,-2.17
18.699999999999996,0.01178483224521304,65.19295565368779,-2.17
18.709999999999997,0.011782882698565839,65.19378160601622,-2.17
18.72,0.011780572091586484,65.1950746234747,-2.17
18.729999999999997,0.011777939960829691,65.19664475338983,-2.17
18.74,0.011775046427011335,65.19826322286347,-2.17
18.749999999999996,0.011771973687603372,65.19967419496864,-2.17
18.759999999999998,0.011768825402182591,65.20061398585162,-2.17
18.769999999999996,0.011765723064024094,65.20083533979492,-2.17
18.779999999999998,0.011762799040394957,65.20013237864289,-2.17
18.789999999999996,0.011760186721784208,65.19836113015047,-2.17
18.799999999999997,0.011758008915592678,65.19545134086827,-2.17
18.81,0.011756366059795565,65.19140746392272,-2.17
18.819999999999997,0.011755325925153347,65.18629957622623,-2.17
18.83,0.011754916237950053,65.1802474364659,-2.17
18.839999999999996,0.011755121193565454,65.17340222127632,-2.17
18.849999999999998,0.011755882280674677,65.1659303452692,-2.17
18.859999999999996,0.011757103291099308,65.15800196718338,-2.17
18.869999999999997,0.011758658882238168,65.14978387701275,-2.17
18.879999999999995,0.011760405605745929,65.1414341894798,-2.17
18.889999999999997,0.011762193977484774,65.13309612626078,-2.17
18.9,0.011763880033229266,65.12488988268558,-2.17
18.909999999999997,0.011765334966534691,65.1169037488877,-2.17
18.919999999999998,0.011766451889366071,65.10918727586716,-2.17
18.929999999999996,0.011767149411206147,65.10174983001856,-2.17
18.939999999999998,0.01176737242472587,65.09456680075277,-2.17
18.949999999999996,0.011767091006295378,65.087592956718,-2.17
18.959999999999997,0.011766298536878056,65.0807793492827,-2.17
18.97,0.011765009987198755,65.07408885070703,-2.17
18.979999999999997,0.011763260867072108,65.06750673618389,-2.17
18.99,0.011761106772596024,65.0610452668726,-2.17
18.999999999999996,0.011758622969534832,65.05474284948504,-2.17
19.009999999999998,0.011755903186765011,65.04865846797468,-2.17
19.019999999999996,0.011753056840037837,65.04286199772055,-2.17
19.029999999999998,0.011750204241646018,65.03742185600267,-2.17
19.039999999999996,0.011747469854807301,65.0323925628653,-2.17
19.049999999999997,0.011744974151707025,65.02780461613077,-2.17
19.06,0.011742824989680881,65.02365731711956,-2.17
19.069999999999997,0.011741109565291355,65.01991340837955,-2.17
19.08,0.011739887947352442,65.01649446293202,-2.17
19.089999999999996,0.011739188981505347,65.01327805255802,-2.17
19.099999999999998,0.011739009067548593,65.01009995784902,-2.17
19.109999999999996,0.011739313976949314,65.0067648503028,-2.17
19.119999999999997,0.011740043510436046,65.00306639357903,-2.17
19.129999999999995,0.011741118410748697,64.99881398615064,-2.17
19.139999999999997,0.011742448604991742,64.99386049875616,-2.17
19.15,0.011743941645109713,64.98812471048831,-2.17
19.159999999999997,0.011745510210966268,64.98160379185107,-2.17
19.169999999999998,0.011747077748594357,64.97437410441367,-2.17
19.179999999999996,0.011748581689060822,64.96658146351933,-2.17
19.189999999999998,0.011749974141256378,64.95842404344829,-2.17
19.199999999999996,0.011751220372627205,64.95013192983589,-2.17
19.209999999999997,0.011752295709390882,64.94194669029098,-2.17
19.219999999999995,0.011753181669770425,64.93410272854666,-2.17
19.229999999999997,0.011753862189577826,64.92681106947411,-2.17
19.24,0.01175432072157978,64.92024647554085,-2.17
19.249999999999996,0.011754538805177095,64.91453953838595,-2.17
19.259999999999998,0.011754496430572107,64.90977520374076,-2.17
19.269999999999996,0.011754174187606813,64.9059978234416,-2.17
19.279999999999998,0.011753556833960486,64.90322104690259,-2.17
19.289999999999996,0.011752637599866085,64.90143937559563,-2.17
19.299999999999997,0.011751422336980837,64.9006374310081,-2.17
19.31,0.01174993257848782,64.90079338662318,-2.17
19.319999999999997,0.011748206736776004,64.90187480508325,-2.17
19.33,0.011746299003558114,64.90382764877856,-2.17
19.339999999999996,0.011744275954248803,64.90656128844462,-2.17
19.349999999999998,0.0117422112826599,64.90993326975827,-2.17
19.359999999999996,0.011740179416178253,64.91373763771344,-2.17
19.369999999999997,0.011738248948592392,64.91770019291515,-2.17
19.379999999999995,0.011736476875443885,64.92148332642248,-2.17
19.389999999999997,0.011734904532402899,64.92470203146486,-2.17
19.4,0.011733555924209821,64.92695128397727,-2.17
19.409999999999997,0.011732438788530617,64.92784320942441,-2.17
19.419999999999998,0.01173154827356022,64.92705037298609,-2.17
19.429999999999996,0.011730872572389925,64.92434944034852,-2.17
19.439999999999998,0.01173039936977209,64.91965800781722,-2.17
19.449999999999996,0.011730121670431956,64.91305731871343,-2.17
19.459999999999997,0.011730041607477412,64.90479522654228,-2.17
19.469999999999995,0.011730171202961933,64.89526703670074,-2.17
19.479999999999997,0.011730529699348898,64.88497615144945,-2.17
19.49,0.011731137842590333,64.87448054896731,-2.17
19.499999999999996,0.011732010179132503,64.86433377514852,-2.17
19.509999999999998,0.011733146870613284,64.8550296422948,-2.17
19.519999999999996,0.011734526653131122,64.84695808599292,-2.17
19.529999999999998,0.011736102380556397,64.84037612652628,-2.17
19.539999999999996,0.011737800170448995,64.83539416845738,-2.17
19.549999999999997,0.011739522623129356,64.8319758561134,-2.17
19.56,0.011741155993395572,64.82994982596352,-2.17
19.569999999999997,0.011742580606110995,64.82903243661707,-2.17
19.58,0.011743683263650837,64.82886018159454,-2.17
19.589999999999996,0.01174436997069861,64.82902885388468,-2.17
19.599999999999998,0.01174457710317835,64.82913489049288,-2.17
19.609999999999996,0.011744279264566967,64.8288138819836,-2.17
19.619999999999997,0.011743492541231491,64.82777215253171,-2.17
19.629999999999995,0.01174227262887982,64.82580885289048,-2.17
19.639999999999997,0.011740708181357582,64.82282729338256,-2.17
19.65,0.011738910503555513,64.81883503579596,-2.17
19.659999999999997,0.011737001199578429,64.81393294278134,-2.17
19.669999999999998,0.011735099537168323,64.80829427189227,-2.17
19.679999999999996,0.011733311138406482,64.80213605225973,-2.17
19.689999999999998,0.011731719248429862,64.79568644881962,-2.17
19.699999999999996,0.011730379373285476,64.78915325159477,-2.17
19.709999999999997,0.01172931759167315,64.78269898733579,-2.17
19.719999999999995,0.011728532371250657,64.7764268161382,-2.17
19.729999999999997,0.011727999286834727,64.77037905104497,-2.17
19.74,0.01172767769386516,64.76454790599439,-2.17
19.749999999999996,0.01172751821790473,64.75889617193522,-2.17
19.759999999999998,0.01172746992268406,64.75338369215876,-2.17
19.769999999999996,0.011727486216320365,64.74799401505605,-2.17
19.779999999999998,0.01172752890229776,64.74275525801885,-2.17
19.789999999999996,0.011727570193615209,64.73775051697797,-2.17
19.799999999999997,0.011727592886043725,64.73311557099589,-2.17
19.81,0.011727589152989567,64.72902403500674,-2.17
19.819999999999997,0.011727558546372821,64.72566193141265,-2.17
19.83,0.01172750577182085,64.72319513140548,-2.17
19.839999999999996,0.01172743868705837,64.72173449585897,-2.17
19.849999999999998,0.011727366795339627,64.72130445053897,-2.17
19.859999999999996,0.011727300308932527,64.7218205745814,-2.17
19.869999999999997,0.01172724966543921,64.72308047937133,-2.17
19.879999999999995,0.011727225215885586,64.7247702679552,-2.17
19.889999999999997,0.011727236704057542,64.72648669300133,-2.17
19.9,0.011727292164676212,64.72777312515797,-2.17
19.909999999999997,0.011727396015136522,64.728165895163,-2.17
19.919999999999998,0.011727546400908158,64.72724648680126,-2.17
19.929999999999996,0.011727732224922901,64.72469407970011,-2.17
19.939999999999998,0.011727930633001893,64.72033191709237,-2.17
19.949999999999996,0.011728105898970213,64.71416026727019,-2.17
19.959999999999997,0.011728210544158636,64.70636903627225,-2.17
19.969999999999995,0.011728189105483773,64.69732523764763,-2.17
19.979999999999997,0.011727984310824719,64.6875349764091,-2.17
19.99,0.011727544716156247,64.67758525645411,-2.17
19.999999999999996,0.011726832344613232,64.66807534693353,-2.17
20.009999999999998,0.011725828736416224,64.65954885608409,-2.17
20.019999999999996,0.011724538144362279,64.65243620797364,-2.17
20.029999999999998,0.011722987313965202,64.64701422015654,-2.17
20.039999999999996,0.011721222144801615,64.64338620589315,-2.17
20.049999999999997,0.011719302249291878,64.64148321611205,-2.17
20.059999999999995,0.011717294782565191,64.64108468396405,-2.17
20.069999999999997,0.011715268835133831,64.64185440683843,-2.17
20.08,0.011713291232726644,64.64338576755955,-2.17
20.089999999999996,0.011711423964957293,64.6452494256942,-2.17
20.099999999999998,0.011709722899903525,64.64703777513883,-2.17
20.109999999999996,0.011708237115026367,64.64840228281582,-2.17
20.119999999999997,0.011707008155901753,64.6490812513802,-2.17
20.129999999999995,0.011706068783116039,64.64891631308966,-2.17
20.139999999999997,0.011705441161537461,64.64785638123223,-2.17
20.15,0.011705134826593164,64.64594832992994,-2.17
20.159999999999997,0.011705144996174498,64.64331495664786,-2.17
20.169999999999998,0.01170545181753489,64.64012315671113,-2.17
20.179999999999996,0.011706020957402261,64.6365479948288,-2.17
20.189999999999998,0.011706805642196188,64.63273991046229,-2.17
20.199999999999996,0.011707749946625094,64.62880160225218,-2.17
20.209999999999997,0.011708792899105409,64.62477857410272,-2.17
20.219999999999995,0.011709872852719391,64.62066400213814,-2.17
20.229999999999997,0.011710931553805943,64.61641535715397,-2.17
20.24,0.01171191740822258,64.61197762466986,-2.17
20.249999999999996,0.011712787581772686,64.60730661171928,-2.17
20.259999999999998,0.011713508766038381,64.60238628314802,-2.17
20.269999999999996,0.011714056682965152,64.59723630569029,-2.17
20.279999999999998,0.011714414661855717,64.59190922172358,-2.17
20.289999999999996,0.011714571841668875,64.58647979910569,-2.17
20.299999999999997,0.011714521656408388,64.58103110128795,-2.17
20.309999999999995,0.011714261199986122,64.57564211920464,-2.17
20.319999999999997,0.011713791832909144,64.57038041908326,-2.17
20.33,0.011713121031360954,64.56530079179448,-2.17
20.339999999999996,0.011712265079077328,64.56044837146662,-2.17
20.349999999999998,0.011711251872195563,64.55586322753184,-2.17
20.359999999999996,0.011710122936259703,64.55158356778759,-2.17
20.369999999999997,0.011708933787317992,64.5476459277049,-2.17
20.379999999999995,0.011707751998175375,64.54408212981147,-2.17
20.389999999999997,0.011706652702236215,64.5409140725156,-2.17
20.4,0.011705711703890929,64.53814859873513,-2.17
20.409999999999997,0.01170499680033204,64.53577517302494,-2.17
20.419999999999998,0.011704558312921205,64.53376799305076,-2.17
20.429999999999996,0.011704420138505292,64.53209175534575,-2.17
20.439999999999998,0.011704572806142089,64.53070817072378,-2.17
20.449999999999996,0.011704969991628164,64.52958002720405,-2.17
20.459999999999997,0.011705529639103287,64.52867117083407,-2.17
20.469999999999995,0.011706140245117394,64.5279427982037,-2.17
20.479999999999997,0.011706672036578257,64.52734775067277,-2.17
20.49,0.011706991882474793,64.52682512272013,-2.17
20.499999999999996,0.011706980037267096,64.52629770067394,-2.17
20.509999999999998,0.011706546399905081,64.52567415953689,-2.17
20.519999999999996,0.011705643966457248,64.5248563148442,-2.17
20.529999999999998,0.011704277530420287,64.52374968123688,-2.17
20.539999999999996,0.01170250633216512,64.52227435904769,-2.17
20.549999999999997,0.011700440135229273,64.52037369661308,-2.17
20.559999999999995,0.011698229007945149,64.51801960534219,-2.17
20.569999999999997,0.011696047867179562,64.51521416184829,-2.17
20.58,0.011694077554862032,64.51198685581653,-2.17
20.589999999999996,0.011692484776224598,64.50838707892808,-2.17
20.599999999999998,0.011691403500188588,64.50447307376761,-2.17
20.609999999999996,0.01169092029344664,64.50030034814199,-2.17
20.619999999999997,0.0116910654902263,64.49591300609015,-2.17
20.629999999999995,0.011691811167746953,64.49134039094469,-2.17
20.639999999999997,0.011693075813178473,64.48659970215243,-2.17
20.65,0.0116947346006674,64.48170381377746,-2.17
20.659999999999997,0.011696633546916009,64.47667280773638,-2.17
20.669999999999998,0.011698605544994078,64.47154724386654,-2.17
20.679999999999996,0.011700486342292473,64.46640030563486,-2.17
20.689999999999998,0.01170212882746296,64.46134505600594,-2.17
20.699999999999996,0.011703414412451913,64.45653319358361,-2.17
20.709999999999997,0.011704260760378032,64.45214343589075,-2.17
20.719999999999995,0.011704625579294945,64.44836041858645,-2.17
20.729999999999997,0.011704506647332089,64.44534770449265,-2.17
20.74,0.011703938607915016,64.44322028583365,-2.18
20.749999999999996,0.011702987315574445,64.44202251670063,-2.18
20.759999999999998,0.011701742589037998,64.44171667108105,-2.18
20.769999999999996,0.01170031015005104,64.44218521147113,-2.1700000000000035
20.779999999999998,0.011698803344670976,64.44324656834341,-2.17
20.789999999999996,0.011697335033559094,64.44468055635534,-2.17
20.799999999999997,0.011696009877082776,64.44625675275374,-2.17
20.809999999999995,0.011694917186747984,64.4477585110071,-2.17
20.819999999999997,0.011694124584149526,64.4489972763959,-2.1799999999999966
20.83,0.011693672869917664,64.44981568151857,-2.17
20.839999999999996,0.011693572675888593,64.4500818497383,-2.1799999999999966
20.849999999999998,0.011693803545156067,64.44968004259032,-2.18
20.859999999999996,0.011694315962319578,64.44850372250004,-2.18
20.869999999999997,0.01169503649926402,64.4464560673914,-2.1700000000000035
20.879999999999995,0.011695875697451055,64.44345978555185,-2.17
20.889999999999997,0.011696737723679218,64.43947351679529,-2.17
20.9,0.011697530410966456,64.43450850395958,-2.17
20.909999999999997,0.011698174186476321,64.42863884124134,-2.1799999999999966
20.919999999999998,0.011698608646322429,64.42200150572481,-2.1700000000000035
20.929999999999996,0.011698796093373423,64.41478647293604,-2.17
20.939999999999998,0.011698722033297757,64.40722018393392,-2.17
20.949999999999996,0.01169839320855843,64.39954648681861,-2.17
20.959999999999997,0.011697834076288912,64.3920084675004,-2.17
20.969999999999995,0.01169708265010726,64.38483343730678,-2.1799999999999966
20.979999999999997,0.011696186380845866,64.37822234673939,-2.18
20.99,0.011695198377336737,64.37234381867303,-2.17
20.999999999999996,0.011694173924879798,64.36733155099711,-2.17
21.009999999999998,0.01169316707217635,64.36328254824917,-2.1799999999999966
21.019999999999996,0.011692227081306454,64.36025355897857,-2.1700000000000035
21.029999999999998,0.011691394742123402,64.35825466445677,-2.1799999999999966
21.039999999999996,0.011690698843233503,64.35724150687223,-2.18
21.049999999999997,0.011690153334254183,64.35710976101673,-2.18
21.059999999999995,0.01168975579946403,64.35769573723698,-2.18
21.069999999999997,0.011689487744145279,64.35878503928993,-2.18
21.08,0.011689316896971742,64.36012824104418,-2.18
21.089999999999996,0.011689201344077329,64.36146068511411,-2.18
21.099999999999998,0.011689094950618333,64.36252374583312,-2.18
21.109999999999996,0.011688953286183612,64.3630861612246,-2.18
21.119999999999997,0.011688739189831076,64.36296439873351,-2.18
21.129999999999995,0.01168842718112435,64.36203992350553,-2.18
21.139999999999997,0.011688006111095809,64.36027009654026,-2.18
21.149999999999995,0.011687479710703537,64.35768987315485,-2.18
21.159999999999997,0.011686865003967005,64.35440356288804,-2.18
21.169999999999998,0.01168618888891035,64.35056833825297,-2.18
21.179999999999996,0.011685483518887138,64.34637267339293,-2.18
21.189999999999998,0.011684781373674399,64.34201305492981,-2.18
21.199999999999996,0.01168411100827001,64.33767144013788,-2.18
21.209999999999997,0.011683494341079995,64.33349484697851,-2.18
21.219999999999995,0.011682945978997477,64.32957825141234,-2.18
21.229999999999997,0.011682474538972308,64.3259530141841,-2.18
21.24,0.011682085359899562,64.32258421512176,-2.18
21.249999999999996,0.011681783587504692,64.31937986301847,-2.18
21.259999999999998,0.01168157649914079,64.3162122799189,-2.18
21.269999999999996,0.011681474161063684,64.31294779886963,-2.18
21.279999999999998,0.011681488016017406,64.30947730248894,-2.18
21.289999999999996,0.011681627627693598,64.30573930994437,-2.18
21.299999999999997,0.011681896363753611,64.30172988295541,-2.18
21.309999999999995,0.011682287122168856,64.29749807004902,-2.18
21.319999999999997,0.011682779226589102,64.29312986019275,-2.18
21.33,0.011683337359171505,64.28872614950562,-2.18
21.339999999999996,0.011683912963859467,64.28438042695801,-2.18
21.349999999999998,0.011684448071934996,64.28016048865516,-2.18
21.359999999999996,0.011684881080623918,64.27609697300426,-2.18
21.369999999999997,0.01168515370587365,64.27218042940628,-2.18
21.379999999999995,0.011685218145207187,64.26836735395636,-2.18
21.389999999999997,0.01168504342735882,64.2645937020757,-2.18
21.399999999999995,0.011684619996090016,64.26079236231637,-2.18
21.409999999999997,0.011683961784526171,64.2569100052726,-2.18
21.419999999999998,0.011683105384857256,64.25291935045378,-2.18
21.429999999999996,0.011682106372821938,64.24882502045844,-2.18
21.439999999999998,0.011681033319993145,64.2446636685934,-2.18
21.449999999999996,0.011679960403732035,64.2405008305949,-2.18
21.459999999999997,0.011678959714462351,64.23642749607566,-2.18
21.469999999999995,0.011678094331579089,64.23255868852732,-2.18
21.479999999999997,0.011677413021545527,64.22903442763241,-2.18
21.49,0.011676947077663579,64.22602083659758,-2.18
21.499999999999996,0.011676709457787536,64.22370718503844,-2.18
21.509999999999998,0.01167669604716337,64.22229472698257,-2.18
21.519999999999996,0.011676888604793614,64.22197550399069,-2.18
21.529999999999998,0.011677258753851737,64.22290267259554,-2.18
21.539999999999996,0.011677772269464426,64.22515696499663,-2.18
21.549999999999997,0.01167839292919102,64.22871572009365,-2.18
21.559999999999995,0.011679085341372976,64.23343114453769,-2.18
21.569999999999997,0.011679816445358579,64.23902315941771,-2.18
21.58,0.01168055573692978,64.24508982708457,-2.18
21.589999999999996,0.01168127462207185,64.25113540835696,-2.18
21.599999999999998,0.011681945535303797,64.25661298325944,-2.18
21.609999999999996,0.01168254149321654,64.26097599335792,-2.18
21.619999999999997,0.011683036565127673,64.26373186274535,-2.18
21.629999999999995,0.011683407378808984,64.26449107438509,-2.18
21.639999999999997,0.011683635358233723,64.26300590509702,-2.18
21.649999999999995,0.01168370906319389,64.25919400925342,-2.18
21.659999999999997,0.011683625889532055,64.25314365790678,-2.18
21.669999999999998,0.011683392541729076,64.2451001128091,-2.18
21.679999999999996,0.011683024061964737,64.23543592143986,-2.18
21.689999999999998,0.011682541658551121,64.22461077219816,-2.18
21.699999999999996,0.011681969949577197,64.2131278135265,-2.18
21.709999999999997,0.01168133439135979,64.20149261246067,-2.18
21.719999999999995,0.011680659550462331,64.19017891695098,-2.18
21.729999999999997,0.01167996854982006,64.17960327468587,-2.18
21.74,0.011679283594973108,64.17010896967389,-2.18
21.749999999999996,0.011678627115592172,64.16195844723312,-2.18
21.759999999999998,0.011678022857861249,64.15533210395573,-2.18
21.769999999999996,0.011677496282571146,64.15033046875557,-2.18
21.779999999999998,0.011677073837838024,64.14697716381414,-2.18
21.789999999999996,0.011676781003436418,64.1452214820728,-2.18
21.799999999999997,0.011676639340634022,64.14494093320795,-2.18
21.809999999999995,0.011676663040106255,64.14594502105912,-2.18
21.819999999999997,0.01167685559636509,64.14798193988794,-2.18
21.83,0.011677207245985907,64.15074997669792,-2.18
21.839999999999996,0.011677693712656052,64.1539149601776,-2.18
21.849999999999998,0.011678276638873547,64.15713397944963,-2.18
21.859999999999996,0.011678905876789653,64.16008406425085,-2.18
21.869999999999997,0.011679523570148573,64.16249277857966,-2.18
21.879999999999995,0.011680069698876356,64.16416593029666,-2.18
21.889999999999997,0.011680488509577308,64.16500662410034,-2.18
21.899999999999995,0.011680735064925042,64.16502061778768,-2.18
21.909999999999997,0.011680781053236906,64.16430538942478,-2.18
21.919999999999998,0.011680619027465814,64.16302367999633,-2.18
21.929999999999996,0.011680264388018795,64.1613658248485,-2.18
21.939999999999998,0.011679754662859683,64.1595084088614,-2.18
21.949999999999996,0.011679145939694033,64.15757867328595,-2.18
21.959999999999997,0.011678506646298464,64.15563313729986,-2.18
21.969999999999995,0.011677909242995574,64.15365451988362,-2.18
21.979999999999997,0.011677420756729544,64.15156518313316,-2.18
21.989999999999995,0.011677093382519835,64.14925126728838,-2.18
21.999999999999996,0.011676956514498123,64.14659108266572,-2.18
22.009999999999998,0.011677011469442718,64.14348282699312,-2.18
22.019999999999996,0.011677229805095347,64.13986790745578,-2.18
22.029999999999998,0.011677555563567027,64.13574629664159,-2.18
22.039999999999996,0.011677911118469872,64.13118078059338,-2.18
22.049999999999997,0.011678205743466074,64.12628905309111,-2.18
22.059999999999995,0.011678345683341163,64.12122586452834,-2.18
22.069999999999997,0.011678244446101332,64.11615995133624,-2.18
22.08,0.011677832208234075,64.11125098582481,-2.18
22.089999999999996,0.011677063529601253,64.10663060326955,-2.18
22.099999999999998,0.011675922881053308,64.1023897682539,-2.18
22.109999999999996,0.01167442770559558,64.09857312874371,-2.18
22.119999999999997,0.01167262884029048,64.09517983802375,-2.18
22.129999999999995,0.01167060815780535,64.09216961567726,-2.18
22.139999999999997,0.011668473315939457,64.08947253521441,-2.18
22.149999999999995,0.011666349613128285,64.08700112916526,-2.18
22.159999999999997,0.011664369202901165,64.0846638137845,-2.18
22.169999999999998,0.011662658339824675,64.08237908144642,-2.18
22.179999999999996,0.011661323856839278,64.08008984451386,-2.18
22.189999999999998,0.011660440563364375,64.077776400651,-2.18
22.199999999999996,0.01166004151034728,64.07546526600706,-2.18
22.209999999999997,0.011660112927652273,64.07323069049335,-2.18
22.219999999999995,0.01166059503480475,64.07118657974124,-2.18
22.229999999999997,0.011661388940458404,64.06946848250136,-2.18
22.239999999999995,0.01166236872126741,64.06820770109815,-2.18
22.249999999999996,0.011663396825580909,64.06750191986323,-2.18
22.259999999999998,0.011664340429838516,64.06738820901039,-2.18
22.269999999999996,0.011665086375773449,64.06782398507663,-2.18
22.279999999999998,0.011665552768374034,64.06867964880028,-2.18
22.289999999999996,0.011665696038278545,64.0697445127413,-2.18
22.299999999999997,0.011665513050107205,64.07074613250457,-2.18
22.309999999999995,0.01166503850753899,64.07138162571738,-2.18
22.319999999999997,0.01166433840085385,64.07135733348328,-2.18
22.33,0.011663500563855513,64.07043094730642,-2.18
22.339999999999996,0.011662623575731425,64.06844910845825,-2.18
22.349999999999998,0.011661805279719242,64.06537391854265,-2.18
22.359999999999996,0.011661132110846066,64.06129384145615,-2.18
22.369999999999997,0.011660670245568787,64.05641777527556,-2.18
22.379999999999995,0.011660459330121968,64.05105433768652,-2.18
22.389999999999997,0.011660509246728823,64.04558027382744,-2.18
22.399999999999995,0.011660800074678344,64.04040225307475,-2.18
22.409999999999997,0.011661285118390676,64.03591603434366,-2.18
22.419999999999998,0.011661896610094284,64.03246664508428,-2.18
22.429999999999996,0.011662553452740235,64.03031280599932,-2.18
22.439999999999998,0.01166317016809066,64.02959831265467,-2.18
22.449999999999996,0.01166366608779351,64.03033274785403,-2.18
22.459999999999997,0.011663973799374675,64.03238384628129,-2.18
22.469999999999995,0.011664045944530955,64.0354836682354,-2.18
22.479999999999997,0.011663859653249406,64.03924985433238,-2.18
22.489999999999995,0.0116634181558805,64.04322121759849,-2.18
22.499999999999996,0.011662749413607062,64.04690417794731,-2.18
22.509999999999998,0.011661901926038751,64.04982430779155,-2.18
22.519999999999996,0.011660938205933844,64.0515763873362,-2.18
22.529999999999998,0.011659926735623181,64.05186652942606,-2.18
22.539999999999996,0.011658933483009271,64.05054056002156,-2.18
22.549999999999997,0.011658014180161217,64.04759412086835,-2.18
22.559999999999995,0.011657208492774828,64.04316247855623,-2.18
22.569999999999997,0.01165653691743211,64.03749183445113,-2.18
22.58,0.011656000779047736,64.03089811311608,-2.18
22.589999999999996,0.011655585165730316,64.0237220523924,-2.18
22.599999999999998,0.011655264160205037,64.01628940285097,-2.18
22.609999999999996,0.011655007403460241,64.00888224692248,-2.18
22.619999999999997,0.011654786895176744,64.0017236227813,-2.18
22.629999999999995,0.011654582983823568,63.99497450836422,-2.18
22.639999999999997,0.01165438868487032,63.98874029191149,-2.18
22.649999999999995,0.01165421173790264,63.98308289246446,-2.18
22.659999999999997,0.011654074132449172,63.97803447958087,-2.18
22.669999999999998,0.011654009172654155,63.973609200442176,-2.18
22.679999999999996,0.01165405648768609,63.969810406671435,-2.18
22.689999999999998,0.011654255689223497,63.96663248756374,-2.18
22.699999999999996,0.01165463958069502,63.96405826370192,-2.18
22.709999999999997,0.011655227893468076,63.962054358797914,-2.18
22.719999999999995,0.01165602244401409,63.96056743121668,-2.18
22.729999999999997,0.011657004388501696,63.959523548307665,-2.18
22.739999999999995,0.01165813394920502,63.95883182120816,-2.18
22.749999999999996,0.01165935266907552,63.95839218369344,-2.18
22.759999999999998,0.011660587967994164,63.958106083056514,-2.18
22.769999999999996,0.011661759545326462,63.957887889760954,-2.18
22.779999999999998,0.011662786997742168,63.95767422845107,-2.18
22.789999999999996,0.011663597897314372,63.95742867489711,-2.18
22.799999999999997,0.011664135507869124,63.95714065160547,-2.18
22.809999999999995,0.011664365318063573,63.95681932575532,-2.18
22.819999999999997,0.011664279648296548,63.95648475503854,-2.18
22.829999999999995,0.011663899746455743,63.95615888626679,-2.18
22.839999999999996,0.011663275010386234,63.95585856787676,-2.18
22.849999999999998,0.011662479241521629,63.95559180979671,-2.18
22.859999999999996,0.011661604132265474,63.95535707401426,-2.18
22.869999999999997,0.011660750515878733,63.95514368333,-2.18
22.879999999999995,0.011660018241115311,63.954930601207806,-2.18
22.889999999999997,0.01165949581464188,63.9546819290811,-2.18
22.899999999999995,0.011659251095916335,63.95434020947613,-2.18
22.909999999999997,0.01165932425737963,63.953821349644784,-2.18
22.919999999999998,0.011659723910296616,63.95301583138153,-2.18
22.929999999999996,0.011660426788302291,63.9517990620495,-2.18
22.939999999999998,0.011661380799680342,63.95005005347391,-2.18
22.949999999999996,0.011662510763726123,63.94767401030878,-2.18
22.959999999999997,0.011663725854707454,63.94462275926155,-2.18
22.969999999999995,0.011664927725220127,63.94090789036243,-2.18
22.979999999999997,0.011666018429906763,63.93660403305962,-2.18
22.989999999999995,0.011666907532059102,63.93184240759086,-2.18
22.999999999999996,0.011667518048062004,63.92679698616917,-2.18
23.009999999999998,0.011667791094385862,63.921666894661385,-2.18
23.019999999999996,0.011667689221991536,63.91665846467013,-2.18
23.029999999999998,0.011667198462000076,63.91196884847417,-2.18
23.039999999999996,0.011666329089417872,63.90777182659597,-2.18
23.049999999999997,0.01166511507068425,63.904206248861826,-2.18
23.059999999999995,0.011663612130787118,63.90136777000553,-2.18
23.069999999999997,0.011661894387989038,63.89930434808028,-2.18
23.079999999999995,0.011660049574901377,63.898015440465976,-2.18
23.089999999999996,0.011658172986619423,63.89745437352078,-2.18
23.099999999999998,0.011656360447482713,63.89753314651588,-2.18
23.109999999999996,0.011654700747754175,63.898128924236,-2.18
23.119999999999997,0.011653268158034438,63.8990916015909,-2.18
23.129999999999995,0.011652115765037798,63.90025201810395,-2.18
23.139999999999997,0.011651270450973422,63.901430598846396,-2.18
23.149999999999995,0.011650730308665414,63.902446351596694,-2.18
23.159999999999997,0.01165046509728201,63.90312622244248,-2.18
23.169999999999998,0.011650419978263476,63.903314784704115,-2.18
23.179999999999996,0.01165052226502131,63.90288410723187,-2.18
23.189999999999998,0.011650690384285485,63.90174343350434,-2.18
23.199999999999996,0.011650843830837174,63.89984803479142,-2.18
23.209999999999997,0.011650912718103614,63.89720632597075,-2.18
23.219999999999995,0.011650845625535998,63.89388411044269,-2.18
23.229999999999997,0.011650614780596851,63.89000471835417,-2.18
23.239999999999995,0.011650218086630812,63.88574389125082,-2.18
23.249999999999996,0.011649677993569287,63.88131861632542,-2.18
23.259999999999998,0.01164903761294243,63.87696978797264,-2.18
23.269999999999996,0.01164835476372778,63.87293962479279,-2.18
23.279999999999998,0.011647694800651457,63.86944619162565,-2.18
23.289999999999996,0.011647123132431877,63.86665890587403,-2.18
23.299999999999997,0.011646698292975235,63.86467978510453,-2.18
23.309999999999995,0.011646466288605306,63.86353451757911,-2.18
23.319999999999997,0.01164645671671481,63.863175159283124,-2.18
23.329999999999995,0.011646680862366473,63.8634934634707,-2.18
23.339999999999996,0.011647131685451022,63.864341763947195,-2.18
23.349999999999998,0.011647785381293843,63.86555743819536,-2.18
23.359999999999996,0.01164860408048601,63.86698695958388,-2.18
23.369999999999997,0.011649539257209946,63.8685058296292,-2.18
23.379999999999995,0.01165053551063495,63.87003116981338,-2.18
23.389999999999997,0.011651534518260582,63.87152492458698,-2.18
23.399999999999995,0.01165247907411118,63.87298753775616,-2.18
23.409999999999997,0.01165331717304865,63.87444372932611,-2.18
23.419999999999998,0.011654006066829006,63.87592278258994,-2.18
23.429999999999996,0.011654516110001978,63.87743586821169,-2.18
23.439999999999998,0.011654834073713798,63.87895341376909,-2.18
23.449999999999996,0.011654965486532685,63.880386651197064,-2.18
23.459999999999997,0.011654935511767888,63.881578171105026,-2.18
23.469999999999995,0.011654787919400406,63.88230523613176,-2.18
23.479999999999997,0.011654581862813235,63.88229676056475,-2.18
23.489999999999995,0.011654386408619695,63.88126184944198,-2.18
23.499999999999996,0.011654273062847439,63.878926063515834,-2.18
23.509999999999998,0.011654306862743463,63.87507091114626,-2.18
23.519999999999996,0.011654536938033953,63.86957139227629,-2.18
23.529999999999998,0.011654987747387612,63.862425637396434,-2.18
23.539999999999996,0.011655652386927442,63.8537707537194,-2.18
23.549999999999997,0.011656489347220269,63.843880571321336,-2.18
23.559999999999995,0.01165742377971214,63.8331438720878,-2.18
23.569999999999997,0.011658353699452713,63.82202528499648,-2.18
23.579999999999995,0.011659160677129998,63.811014650813576,-2.18
23.589999999999996,0.011659723658974391,63.800573501081395,-2.18
23.599999999999998,0.011659933858912163,63.79108844886817,-2.18
23.609999999999996,0.011659708405495201,63.78283991718943,-2.18
23.619999999999997,0.011659000680229573,63.77599072696506,-2.18
23.629999999999995,0.011657805980920845,63.77059396516698,-2.18
23.639999999999997,0.011656162066157482,63.766615108975834,-2.18
23.649999999999995,0.011654145007624742,63.76396082557979,-2.18
23.659999999999997,0.011651861387267266,63.76250658325605,-2.18
23.669999999999998,0.011649438155097037,63.762116900562134,-2.18
23.679999999999996,0.011647011453565871,63.76265499507567,-2.18
23.689999999999998,0.011644715521073183,63.76398204629475,-2.18
23.699999999999996,0.011642672528991163,63.76594962407434,-2.18
23.709999999999997,0.011640983971594401,63.76839111530293,-2.18
23.719999999999995,0.011639724053710918,63.77111804460188,-2.18
23.729999999999997,0.011638935402813237,63.77392467348451,-2.18
23.739999999999995,0.011638627343233348,63.77660045979678,-2.18
23.749999999999996,0.01163877687055571,63.77894703688128,-2.18
23.759999999999998,0.011639332310595437,63.78079564870994,-2.18
23.769999999999996,0.011640219409058518,63.78202212865451,-2.18
23.779999999999998,0.011641349286191068,63.782558240797975,-2.18
23.789999999999996,0.01164262737671102,63.782399237376744,-2.18
23.799999999999997,0.011643962263798664,63.78160727616799,-2.18
23.809999999999995,0.011645273288308432,63.780309459751265,-2.18
23.819999999999997,0.011646495993381105,63.778688877103555,-2.18
23.829999999999995,0.011647584813948605,63.77696776523208,-2.18
23.839999999999996,0.011648512860611,63.77538350555061,-2.18
23.849999999999998,0.011649269085274434,63.77416011795243,-2.18
23.859999999999996,0.011649853483387094,63.773479729233465,-2.18
23.869999999999997,0.01165027125393772,63.77345938847925,-2.18
23.879999999999995,0.011650526990207449,63.77413773611663,-2.18
23.889999999999997,0.011650619991701071,63.77547357101255,-2.18
23.899999999999995,0.011650541644005275,63.77735567808434,-2.18
23.909999999999997,0.011650275492422018,63.779621466380505,-2.18
23.919999999999995,0.011649800151514777,63.782080882144655,-2.18
23.929999999999996,0.011649094610790302,63.784541365899656,-2.18
23.939999999999998,0.011648144938837438,63.78682962312092,-2.18
23.949999999999996,0.011646951004783985,63.788806915658924,-2.18
23.959999999999997,0.011645531749600467,63.79037608005592,-2.18
23.969999999999995,0.011643927799900105,63.79148002265208,-2.18
23.979999999999997,0.011642200771932726,63.79209280654871,-2.18
23.989999999999995,0.011640429308449782,63.7922056201175,-2.18
23.999999999999996,0.011638702522050424,63.79181089880047,-2.18
24.009999999999998,0.011637111924389156,63.790888468024946,-2.18
24.019999999999996,0.011635743037884354,63.7893973184799,-2.18
24.029999999999998,0.011634667748081699,63.78727524944339,-2.18
24.039999999999996,0.01163393816253172,63.78444668864737,-2.18
24.049999999999997,0.011633582420091711,63.780837444848075,-2.18
24.059999999999995,0.011633602631714443,63.77639407094015,-2.18
24.069999999999997,0.011633974957160613,63.77110434256387,-2.18
24.079999999999995,0.011634651714672636,63.76501420062154,-2.18
24.089999999999996,0.011635565349096022,63.75823631415617,-2.18
24.099999999999998,0.011636634012671976,63.750946787977185,-2.18
24.109999999999996,0.011637768409739067,63.74336919105409,-2.18
24.119999999999997,0.011638879403665247,63.735748299844495,-2.18
24.129999999999995,0.011639885696324844,63.72831876951754,-2.18
24.139999999999997,0.011640720727254318,63.72127526449645,-2.18
24.149999999999995,0.011641337888215674,63.714749870705134,-2.18
24.159999999999997,0.011641713283105305,63.70880043513547,-2.18
24.169999999999995,0.01164184560820324,63.70341092705607,-2.18
24.179999999999996,0.011641753234889444,63.69850274818057,-2.18
24.189999999999998,0.011641469117577408,63.69395436816459,-2.18
24.199999999999996,0.011641034558790207,63.689625715199426,-2.18
24.209999999999997,0.011640493015998739,63.68538335848734,-2.18
24.219999999999995,0.011639884993911742,63.6811226353945,-2.18
24.229999999999997,0.011639244686002118,63.676783466458026,-2.18
24.239999999999995,0.0116385985374132,63.672357643336554,-2.18
24.249999999999996,0.011637965452743789,63.66788685680759,-2.18
24.259999999999998,0.011637358087362147,63.66345261208651,-2.18
24.269999999999996,0.01163678458987187,63.65916118290229,-2.18
24.279999999999998,0.011636250283864604,63.655128095927644,-2.18
24.289999999999996,0.011635759010459603,63.65146624481556,-2.18
24.299999999999997,0.011635314097161256,63.648279324843195,-2.18
24.309999999999995,0.011634919090811895,63.64565918588277,-2.18
24.319999999999997,0.01163457845477041,63.64368407502581,-2.18
24.329999999999995,0.01163429838718001,63.64241561305282,-2.18
24.339999999999996,0.011634087802166345,63.64189460486739,-2.18
24.349999999999998,0.01163395937389248,63.64213722853309,-2.18
24.359999999999996,0.011633930409626321,63.64313264778081,-2.18
24.369999999999997,0.011634023211655749,63.64484160886627,-2.18
24.379999999999995,0.011634264527322831,63.647194981550065,-2.18
24.389999999999997,0.01163468370359179,63.65009220304504,-2.18
24.399999999999995,0.011635309296879403,63.65340123837928,-2.18
24.409999999999997,0.011636164165577365,63.65696260462736,-2.18
24.419999999999995,0.01163725948011169,63.66059940525539,-2.18
24.429999999999996,0.011638588553874979,63.66413313231124,-2.18
24.439999999999998,0.011640121793417762,63.66740216920172,-2.18
24.449999999999996,0.011641804222190619,63.67027814413485,-2.18
24.459999999999997,0.011643556815996228,63.672675645204706,-2.18
24.469999999999995,0.011645282258294318,63.67455300457151,-2.18
24.479999999999997,0.01164687477472317,63.67590480612976,-2.18
24.489999999999995,0.011648232683364498,63.67674943506483,-2.18
24.499999999999996,0.011649271519484576,63.677116383530425,-2.18
24.509999999999998,0.011649935318592488,63.67703733236218,-2.18
24.519999999999996,0.011650203970438996,63.676542532758454,-2.18
24.529999999999998,0.011650095400981716,63.67566142758902,-2.18
24.539999999999996,0.011649662439104322,63.67442545107216,-2.18
24.549999999999997,0.011648985246454054,63.6728715731945,-2.18
24.559999999999995,0.011648160876015091,63.67104610716436,-2.18
24.569999999999997,0.011647291781269989,63.66900850450228,-2.18
24.579999999999995,0.011646474966066625,63.66683439808492,-2.18
24.589999999999996,0.011645793073228715,63.664616604261894,-2.18
24.599999999999998,0.011645308209119309,63.66246242489423,-2.18
24.609999999999996,0.011645058807223775,63.66048565636617,-2.18
24.619999999999997,0.011645059402298515,63.6587927819413,-2.18
24.629999999999995,0.01164530283915557,63.65746493902546,-2.18
24.639999999999997,0.011645764195889615,63.65653929825002,-2.18
24.649999999999995,0.011646405582376817,63.655994103289274,-2.18
24.659999999999997,0.011647180992242465,63.65574069358098,-2.18
24.669999999999995,0.011648040529816203,63.655624482361155,-2.18
24.679999999999996,0.01164893356962887,63.655435688202076,-2.18
24.689999999999998,0.011649810683080266,63.65492915183256,-2.18
24.699999999999996,0.011650624428255804,63.65385082776408,-2.18
24.709999999999997,0.011651329301192195,63.6519674243072,-2.18
24.719999999999995,0.011651881269267098,63.64909546384177,-2.18
24.729999999999997,0.011652237346275,63.64512614708787,-2.18
24.739999999999995,0.011652355629771655,63.64004260929408,-2.18
24.749999999999996,0.011652196115308868,63.633926925443305,-2.18
24.759999999999994,0.01165172244461839,63.62695580710801,-2.18
24.769999999999996,0.011650904555358579,63.61938588336496,-2.18
24.779999999999998,0.011649722002590407,63.611531083541244,-2.18
24.789999999999996,0.011648167544460067,63.60373548152886,-2.18
24.799999999999997,0.01164625045781942,63.59634486128714,-2.18
24.809999999999995,0.011643999006286883,63.58967947402202,-2.18
24.819999999999997,0.011641461548479897,63.58400959927283,-2.18
24.829999999999995,0.011638705946443142,63.57953514294258,-2.18
24.839999999999996,0.011635817173636837,63.57637076460643,-2.18
24.849999999999998,0.011632893266528117,63.57453861801281,-2.18
24.859999999999996,0.011630039966026445,63.57397086614084,-2.18
24.869999999999997,0.011627364537726049,63.57452275105239,-2.18
24.879999999999995,0.011624969344743337,63.57599427288235,-2.18
24.889999999999997,0.011622945775447974,63.57815599854645,-2.18
24.899999999999995,0.011621369093415929,63.5807737216365,-2.18
24.909999999999997,0.011620294663090038,63.583627760062924,-2.18
24.919999999999995,0.011619755801027991,63.586524685476675,-2.18
24.929999999999996,0.011619763230525127,63.58930140665181,-2.18
24.939999999999998,0.01162030584817727,63.591823413607706,-2.18
24.949999999999996,0.011621352339233865,63.59398032675257,-2.18
24.959999999999997,0.011622853166320368,63.59568216372283,-2.18
24.969999999999995,0.011624742601730933,63.596858628461256,-2.18
24.979999999999997,0.011626940721218594,63.59746182018286,-2.18
24.989999999999995,0.01162935553994601,63.59747119787433,-2.18
24.999999999999996,0.011631885654704667,63.59689901728572,-2.18
25.009999999999994,0.011634423784755822,63.595794516106395,-2.18
25.019999999999996,0.011636861442334268,63.59424539969012,-2.18
25.029999999999998,0.0116390946411364,63.59237549362503,-2.18
25.039999999999996,0.01164103016493691,63.59033779633987,-2.18
25.049999999999997,0.011642591605360894,63.58830263500735,-2.18
25.059999999999995,0.011643724254702194,63.58644124283297,-2.18
25.069999999999997,0.011644398060398024,63.58490586514847,-2.18
25.079999999999995,0.011644608184202626,63.583808480986,-2.18
25.089999999999996,0.01164437315431861,63.58320135616781,-2.18
25.099999999999998,0.011643731012944514,63.58306363055915,-2.18
25.109999999999996,0.01164273414415258,63.583298204545265,-2.18
25.119999999999997,0.011641443589358773,63.58374145782003,-2.18
25.129999999999995,0.011639923639855748,63.58418500214793,-2.18
25.139999999999997,0.011638237370077837,63.58440536177648,-2.18
25.149999999999995,0.011636443570123433,63.584195822415985,-2.18
25.159999999999997,0.011634595276573616,63.58339491286225,-2.18
25.169999999999995,0.011632739813297729,63.5819072522227,-2.18
25.179999999999996,0.011630919975238718,63.57971407895546,-2.18
25.189999999999998,0.011629175769475598,63.57687243761736,-2.18
25.199999999999996,0.011627546025247421,63.57350370977163,-2.18
25.209999999999997,0.011626069237937296,63.569773761601965,-2.18
25.219999999999995,0.011624783227254404,63.56586799184228,-2.18
25.229999999999997,0.011623723527814506,63.5619647027882,-2.18
25.239999999999995,0.011622920805396526,63.558209850327096,-2.18
25.249999999999996,0.011622397895457107,63.55469598482119,-2.18
25.259999999999994,0.011622167200194997,63.55144825019702,-2.18
25.269999999999996,0.011622229113124745,63.54842038939923,-2.18
25.279999999999998,0.01162257188713966,63.54550312734752,-2.18
25.289999999999996,0.011623173009437132,63.54254517850867,-2.18
25.299999999999997,0.011624001809363951,63.53938363296555,-2.18
25.309999999999995,0.011625022789339539,63.53587733849051,-2.18
25.319999999999997,0.011626199063738653,63.53193577254089,-2.18
25.329999999999995,0.01162749530445016,63.52753718849015,-2.18
25.339999999999996,0.011628879699211317,63.522733028579935,-2.18
25.349999999999998,0.011630324604154594,63.5176395246193,-2.18
25.359999999999996,0.01163180579379291,63.51242035159811,-2.18
25.369999999999997,0.011633300459947421,63.50726508969052,-2.18
25.379999999999995,0.011634784358419966,63.502367438287706,-2.18
25.389999999999997,0.011636228707115524,63.497905705615565,-2.18
25.399999999999995,0.011637597554424247,63.49402687130398,-2.18
25.409999999999997,0.011638846326590273,63.49083475720713,-2.18
25.419999999999995,0.011639922117330559,63.488382558743126,-2.18
25.429999999999996,0.011640766021836873,63.48667010425475,-2.18
25.439999999999998,0.0116413174883534,63.48564643090524,-2.18
25.449999999999996,0.01164152032673159,63.48521801294128,-2.18
25.459999999999997,0.011641329732093378,63.485261865175666,-2.18
25.469999999999995,0.011640719490888185,63.485641255618724,-2.18
25.479999999999997,0.011639688451084384,63.486220939444586,-2.18
25.489999999999995,0.011638265352873914,63.486879168869834,-2.18
25.499999999999996,0.01163651121909927,63.48751487677609,-2.18
25.509999999999994,0.011634518694346108,63.488049827167856,-2.18
25.519999999999996,0.011632408007294585,63.488426874120826,-2.18
25.529999999999998,0.011630319605906467,63.48860648566437,-2.18
25.539999999999996,0.011628403934202837,63.48856385535894,-2.18
25.549999999999997,0.01162680921062215,63.488287933513575,-2.18
25.559999999999995,0.011625668366995493,63.48778213065161,-2.18
25.569999999999997,0.01162508647838399,63.48706540524687,-2.18
25.579999999999995,0.011625130046936782,63.48617252140174,-2.18
25.589999999999996,0.011625819400202972,63.485153115789146,-2.18
25.599999999999994,0.011627125226457567,63.48407011617805,-2.18
25.609999999999996,0.011628969882093469,63.4829982736193,-2.18
25.619999999999997,0.011631233554694545,63.48202276685408,-2.18
25.629999999999995,0.011633764689228925,63.48123657660851,-2.18
25.639999999999997,0.011636393416342554,63.48073472321935,-2.18
25.649999999999995,0.011638946247491986,63.48060406576658,-2.18
25.659999999999997,0.011641260168571699,63.48090884732332,-2.18
25.669999999999995,0.011643194514893124,63.481673965426445,-2.18
25.679999999999996,0.011644639571145346,63.48286954636901,-2.18
25.689999999999998,0.011645521535818174,63.48440117715102,-2.18
25.699999999999996,0.011645804111831408,63.486109505281824,-2.18
25.709999999999997,0.011645487385297767,63.487780852380496,-2.18
25.719999999999995,0.01164460479122709,63.48916775723901,-2.18
25.729999999999997,0.011643218883015864,63.490016048623595,-2.18
25.739999999999995,0.011641416410501931,63.4900939268319,-2.18
25.749999999999996,0.011639302970234045,63.489218652431326,-2.18
25.759999999999994,0.011636997309404335,63.487277275709566,-2.18
25.769999999999996,0.011634625296952259,63.4842388891869,-2.18
25.779999999999998,0.011632313629535864,63.480156983817515,-2.18
25.789999999999996,0.011630183472302233,63.47516168751094,-2.18
25.799999999999997,0.011628344369816138,63.46944306246499,-2.18
25.809999999999995,0.011626888834200821,63.46322829894923,-2.18
25.819999999999997,0.011625887993187959,63.456757388758845,-2.18
25.829999999999995,0.01162538856986871,63.45026298630606,-2.18
25.839999999999996,0.011625411314232673,63.443959630034016,-2.18
25.849999999999994,0.011625950870941617,63.43804483556353,-2.18
25.859999999999996,0.011626976980062374,63.43271060309758,-2.18
25.869999999999997,0.011628436861862022,63.42816027212228,-2.18
25.879999999999995,0.011630258611054694,63.42462373475504,-2.18
25.889999999999997,0.011632355406397864,63.422364023382265,-2.18
25.899999999999995,0.011634630324799283,63.421669683350174,-2.18
25.909999999999997,0.011636981528652179,63.42282968917816,-2.18
25.919999999999995,0.011639307558931647,63.426090936645686,-2.18
25.929999999999996,0.011641512412777975,63.43160237217541,-2.18
25.939999999999998,0.011643510035937743,63.43935381349118,-2.18
25.949999999999996,0.011645227859786209,63.44912029831957,-2.18
25.959999999999997,0.011646609099789927,63.460423296813374,-2.18
25.969999999999995,0.011647613722821108,63.472517888604465,-2.18
25.979999999999997,0.01164821825521038,63.484410662611694,-2.18
25.989999999999995,0.011648414859555593,63.49490809102208,-2.18
25.999999999999996,0.011648210251312439,63.50269099155122,-2.18
26.009999999999994,0.011647624984057019,63.50640839759183,-2.18
26.019999999999996,0.011646693399083072,63.50478358554653,-2.18
26.029999999999998,0.011645464169749431,63.49672516755906,-2.18
26.039999999999996,0.0116440009807944,63.481436215145976,-2.18
26.049999999999997,0.011642382592081384,63.45851422451079,-2.18
26.059999999999995,0.011640701446406745,63.428034534057055,-2.18
26.069999999999997,0.011639060139968379,63.3906094291146,-2.18
26.079999999999995,0.011637565459176826,63.34741444060329,-2.18
26.089999999999996,0.011636320204565816,63.30017294998064,-2.18
26.099999999999994,0.011635413539803397,63.251091736557605,-2.18
26.109999999999996,0.011634911007754337,63.202744629306586,-2.18
26.119999999999997,0.011634845582611152,63.15790833644498,-2.18
26.129999999999995,0.011635211157724656,63.119361492674,-2.18
26.139999999999997,0.011635959709009543,63.08966196902012,-2.18
26.149999999999995,0.011637003035935041,63.07091701453402,-2.18
26.159999999999997,0.011638219468870422,63.06455758618972,-2.18
26.169999999999995,0.011639465249002022,63.0711258955091,-2.18
26.179999999999996,0.011640589495795061,63.09008583676767,-2.18
26.189999999999998,0.011641450930776742,63.11966879683203,-2.18
26.199999999999996,0.011641934034432437,63.15677046193025,-2.18
26.209999999999997,0.011641962248054636,63.19691623133748,-2.18
26.219999999999995,0.01164150625929091,63.234312866041506,-2.18
26.229999999999997,0.011640586251363457,63.262001295809625,-2.18
26.239999999999995,0.01163926803457357,63.27211949373941,-2.18
26.249999999999996,0.011637653937933597,63.25627482461087,-2.18
26.259999999999994,0.011635870009522452,63.20601267493089,-2.18
26.269999999999996,0.01163405138241484,63.113353550118504,-2.18
26.279999999999998,0.011632327646716602,62.97135600926554,-2.18
26.289999999999996,0.011630809825475234,62.774650436135765,-2.18
26.299999999999997,0.011629580193091356,62.519882156611466,-2.18
26.309999999999995,0.011628685778991602,62.20600576405486,-2.18
26.319999999999997,0.011628136001384744,61.83438868966618,-2.18
26.329999999999995,0.011627904485974054,61.40870994744768,-2.18
26.339999999999996,0.011627934752972668,60.9346722234778,-2.18
26.349999999999994,0.011628149115950693,60.41957111066473,-2.18
26.359999999999996,0.011628459832706455,59.871776633414385,-2.18
26.369999999999997,0.011628781280312729,59.300179988483194,-2.18
26.379999999999995,0.011629041711706294,58.71365012548123,-2.18
26.389999999999997,0.011629193047512842,58.12053754721802,-2.18
26.399999999999995,0.011629217247894194,57.528257807516965,-2.1899999999999964
26.409999999999997,0.011629128164168171,56.94298105608465,-2.19
26.419999999999995,0.011628968403047557,56.36944343791139,-2.1800000000000073
26.429999999999996,0.01162880157159828,55.8108821942555,-2.18
26.439999999999998,0.0116287011298893,55.26908348525588,-2.18
26.449999999999996,0.011628737732391588,54.74452432468864,-2.18
26.459999999999997,0.011628967207311451,54.236587651782315,-2.18
26.469999999999995,0.011629421137216475,53.743828910592136,-2.18
26.479999999999997,0.011630101425762788,53.26426985638715,-2.18
26.489999999999995,0.011630979437794512,52.79569017051385,-2.1899999999999964
26.499999999999996,0.011631999503328019,52.33588378207439,-2.1800000000000037
26.509999999999994,0.011633085949026544,51.88285044769279,-2.18
26.519999999999996,0.011634152433536214,51.43490622298886,-2.18
26.529999999999998,0.01163511220775311,50.99071425537525,-2.1899999999999964
26.539999999999996,0.01163588795386754,50.54925231685805,-2.1800000000000037
26.549999999999997,0.011636420028726068,50.10974116025052,-2.18
26.559999999999995,0.011636672213533589,49.67155808865846,-2.18
26.569999999999997,0.011636634434284119,49.23415599189888,-2.18
26.579999999999995,0.011636322337533204,48.7970032631095,-2.18
26.589999999999996,0.011635774025996555,48.359556270003836,-2.18
26.599999999999994,0.011635044603782339,47.92127173053885,-2.18
26.609999999999996,0.011634199398794143,47.481658419801995,-2.1899999999999964
26.619999999999997,0.011633306806310131,47.0403561277642,-2.1800000000000037
26.629999999999995,0.011632431646353686,46.597219357810424,-2.18
26.639999999999997,0.011631629769256097,46.15237972437247,-2.18
26.649999999999995,0.011630944396586478,45.706266555040074,-2.18
26.659999999999997,0.011630404360593859,45.259577206417205,-2.18
26.669999999999995,0.011630024021796718,44.81320187705654,-2.18
26.679999999999996,0.011629804250777325,44.36811732046826,-2.18
26.689999999999994,0.011629733556066007,43.9252675936387,-2.18
26.699999999999996,0.011629788349172991,43.48544936654661,-2.18
26.709999999999997,0.011629931551923654,43.04921765215347,-2.18
26.719999999999995,0.011630109283079235,42.61682631298229,-2.18
26.729999999999997,0.011630246117779098,42.188214523681765,-2.18
26.739999999999995,0.011630240195580987,41.763043611154984,-2.18
26.749999999999996,0.011629960016446918,41.34077901015915,-2.18
26.759999999999994,0.011629244919943868,40.920802152711,-2.18
26.769999999999996,0.011627910919504627,40.50253004275447,-2.18
26.779999999999998,0.011625762808467133,40.08551869333589,-2.18
26.789999999999996,0.011622612409764645,39.6695316612014,-2.18
26.799999999999997,0.011618301696311615,39.25456478431697,-2.18
26.809999999999995,0.011612728442786173,38.840828607215904,-2.18
26.819999999999997,0.011605871220696373,38.42869715601068,-2.18
26.829999999999995,0.011597810032197077,38.0186350587327,-2.18
26.839999999999996,0.01158873880814828,37.61111623467609,-2.1700000000000035
26.849999999999994,0.011578966492341813,37.20654814011754,-2.17
26.859999999999996,0.011568904606252792,36.80521572521204,-2.1799999999999966
26.869999999999997,0.01155904106316794,36.40725703306706,-2.18
26.879999999999995,0.011549902371337453,36.01267600033222,-2.18
26.889999999999997,0.011542008700065285,35.62138804283661,-2.18
26.899999999999995,0.011535827859921601,35.23328415462488,-2.18
26.909999999999997,0.01153173446859028,34.84829437223491,-2.18
26.919999999999995,0.01152997921006288,34.46643371893602,-2.170000000000007
26.929999999999996,0.011530670440153407,34.0878209137299,-2.17
26.939999999999994,0.011533767268768003,33.71266803983436,-2.17
26.949999999999996,0.011539080707391363,33.34124535736876,-2.17
26.959999999999997,0.01154627827690408,32.97382918837066,-2.17
26.969999999999995,0.011554887834329855,32.61064314930746,-2.17
26.979999999999997,0.011564298008904064,32.2518046700898,-2.17
26.989999999999995,0.011573754941342704,31.897289182314616,-2.17
26.999999999999996,0.011582357313273242,31.54692179602127,-2.17
27.009999999999994,0.011589053401935685,31.200399582096583,-2.17
27.019999999999996,0.01159264481897676,30.857338289285828,-2.17
27.029999999999998,0.011591801606414294,30.51732958048846,-2.17
27.039999999999996,0.011585092487253073,30.179992897468516,-2.17
27.049999999999997,0.0115710324169883,29.845010860349387,-2.17
27.059999999999995,0.011548147396914323,29.51214536001626,-2.17
27.069999999999997,0.01151505412342213,29.181238262861193,-2.17
27.079999999999995,0.011470549736116187,28.852203027951273,-2.17
27.089999999999996,0.01141370480983018,28.525012082514582,-2.17
27.099999999999994,0.011343950916564625,28.19968241873473,-2.1600000000000072
27.109999999999996,0.011261152927596154,27.876261367236637,-2.16
27.119999999999997,0.01116565632766828,27.55481622906899,-2.16
27.129999999999995,0.011058301517046887,27.235433038914298,-2.16
27.139999999999997,0.010940400075638047,26.918228144530623,-2.16
27.149999999999995,0.010813671578435305,26.603370533190173,-2.16
27.159999999999997,0.010680143429277976,26.29110540529591,-2.16
27.169999999999995,0.010542020451869603,25.981765086413432,-2.16
27.179999999999996,0.010401535598259506,25.67575551750724,-2.16
27.189999999999994,0.010260797240412135,25.373514984398476,-2.16
27.199999999999996,0.0101216506446184,25.07545236894799,-2.16
27.209999999999997,0.009985570188247934,24.781879495972984,-2.16
27.219999999999995,0.009853594350871277,24.492952682385447,-2.16
27.229999999999997,0.009726308308393581,24.20863377162354,-2.16
27.239999999999995,0.00960387093020953,23.92867557036518,-2.16
27.249999999999996,0.009486076365125877,23.652633819706356,-2.16
27.259999999999994,0.009372436819756304,23.37990634564714,-2.16
27.269999999999996,0.009262273018920408,23.109796941685435,-2.1500000000000035
27.279999999999998,0.009154801553364596,22.841596139257252,-2.15
27.289999999999996,0.009049212520961511,22.57466535337375,-2.15
27.299999999999997,0.008944734978799721,22.308508069262025,-2.15
27.309999999999995,0.008840690484171064,22.04281415016931,-2.15
27.319999999999997,0.008736535823171496,21.777470875742562,-2.15
27.329999999999995,0.008631895102186204,21.512543614733463,-2.15
27.339999999999996,0.008526579619772807,21.248235563849494,-2.15
27.349999999999994,0.00842059259749008,20.984837581677475,-2.15
27.359999999999996,0.008314115950370888,20.722677304347545,-2.15
27.369999999999997,0.008207478211282284,20.462074401857567,-2.15
27.379999999999995,0.00810110611121153,20.203307533138997,-2.15
27.389999999999997,0.007995466075923255,19.946597633395594,-2.15
27.399999999999995,0.007891004622548096,19.69211018706544,-2.15
27.409999999999997,0.0077880972069702325,19.439975276404216,-2.15
27.419999999999995,0.00768701308302687,19.190318822592456,-2.1400000000000072
27.429999999999996,0.007587899671544573,18.943293646706856,-2.14
27.439999999999994,0.007490785110164638,18.699097915790475,-2.14
27.449999999999996,0.007395593719387569,18.457972629769035,-2.14
27.459999999999997,0.007302167327187288,18.220177091739934,-2.14
27.469999999999995,0.007210286129371771,17.985948229773008,-2.14
27.479999999999997,0.007119685522679339,17.755453615592415,-2.14
27.489999999999995,0.007030068938254766,17.52874842501411,-2.14
27.499999999999996,0.006941119660469587,17.305744576554833,-2.14
27.509999999999994,0.006852515777313755,17.08619777074585,-2.14
27.519999999999996,0.006763951310992264,16.869716112172657,-2.1300000000000034
27.529999999999994,0.006675163606875815,16.655791781611978,-2.13
27.539999999999996,0.006585963392601987,16.44385352623859,-2.13
27.549999999999997,0.006496261098574347,16.23333229457232,-2.13
27.559999999999995,0.006406082286819617,16.02372719631516,-2.13
27.569999999999997,0.006315566822811326,15.814657663840407,-2.13
27.579999999999995,0.00622495028821819,15.60589201029197,-2.13
27.589999999999996,0.006134530796457439,15.39735019094208,-2.1200000000000037
27.599999999999994,0.0060446282029173555,15.189085177769755,-2.129999999999993
27.609999999999996,0.005955544407583857,14.981250547286711,-2.13
27.619999999999997,0.0058675325439513475,14.77406196946901,-2.13
27.629999999999995,0.0057807797475678225,14.567758700815048,-2.13
27.639999999999997,0.005695404078248556,14.362569473041704,-2.13
27.649999999999995,0.005611462519179593,14.158686429248089,-2.13
27.659999999999997,0.005528964930900424,13.956250725469825,-2.1200000000000037
27.669999999999995,0.005447888798983934,13.75535257281151,-2.12
27.679999999999996,0.005368191259591239,13.556045704502676,-2.12
27.689999999999994,0.005289817365010019,13.358372019100514,-2.12
27.699999999999996,0.005212705801672613,13.162388432399888,-2.12
27.709999999999997,0.005136794436268039,12.968187069096679,-2.12
27.719999999999995,0.00506202776304126,12.775902987500508,-2.12
27.729999999999997,0.004988366763066504,12.58570942053951,-2.1100000000000034
27.739999999999995,0.004915799611533613,12.397805691439016,-2.11
27.749999999999996,0.004844350069969124,12.212404328567503,-2.11
27.759999999999994,0.004774080035631085,12.029721223457747,-2.119999999999993
27.769999999999996,0.0047050838246828625,11.849968981636534,-2.1100000000000034
27.779999999999994,0.004637474019901834,11.673352000500877,-2.11
27.789999999999996,0.004571361352822396,11.500062493132837,-2.11
27.799999999999997,0.004506833162054935,11.330277762725068,-2.11
27.809999999999995,0.00444393569732391,11.164158995248334,-2.11
27.819999999999997,0.004382664592920607,11.001850638678015,-2.11
27.829999999999995,0.004322965469493972,10.84347804645473,-2.11
27.839999999999996,0.004264743668985072,10.689140513216419,-2.1000000000000036
27.849999999999994,0.00420787967123353,10.538897583936045,-2.1
27.859999999999996,0.004152245609797146,10.392748426850806,-2.1
27.869999999999997,0.004097718757593595,10.25060653186238,-2.1
27.879999999999995,0.004044189588453668,10.112274109832486,-2.1
27.889999999999997,0.003991564325794433,9.977421598776699,-2.1
27.899999999999995,0.003939763896986602,9.845577738853313,-2.1
27.909999999999997,0.003888722226882597,9.716135235304876,-2.0900000000000034
27.919999999999995,0.00383838652735971,9.588375753504396,-2.09
27.929999999999996,0.0037887208455220167,9.461514949976987,-2.09
27.939999999999994,0.003739712229481271,9.334763502181316,-2.09
27.949999999999996,0.0036913772586403947,9.207395365447818,-2.09
27.959999999999997,0.0036437659875312492,9.078812008902183,-2.09
27.969999999999995,0.003596960786636298,8.948592419008278,-2.09
27.979999999999997,0.003551068939170677,8.816522637783514,-2.0800000000000036
27.989999999999995,0.003506209666384445,8.682603434455293,-2.08
27.999999999999996,0.0034624978738999955,8.547038084659869,-2.08
28.009999999999994,0.003420027818867669,8.410203187118274,-2.08
28.019999999999996,0.0033788598499611424,8.272605180218166,-2.08
28.029999999999994,0.0033390124587916238,8.13482603611486,-2.08
28.039999999999996,0.0033004604940060603,7.997464449697321,-2.08
28.049999999999997,0.003263139048119983,7.861081919158341,-2.0700000000000034
28.059999999999995,0.0032269516168778644,7.7261632961836195,-2.07
28.069999999999997,0.003191780769046438,7.593097099395331,-2.07
28.079999999999995,0.0031574996621236396,7.462173956789676,-2.07
28.089999999999996,0.003123983114247834,7.3335959581483365,-2.07
28.099999999999994,0.003091117394516626,7.207488327119148,-2.07
28.109999999999996,0.0030588082543972005,7.083907446975413,-2.07
28.119999999999997,0.003026986893089422,6.962843547166959,-2.0600000000000036
28.129999999999995,0.002995613533312218,6.8442199114059985,-2.06
28.139999999999997,0.0029646781964934154,6.7278920292963305,-2.06
28.149999999999995,0.0029341982795802195,6.613649631091774,-2.06
28.159999999999997,0.002904212779372608,6.501223077500994,-2.06
28.169999999999995,0.0028747735077080967,6.390294585745275,-2.06
28.179999999999996,0.0028459342989098487,6.280514825102363,-2.0500000000000034
28.189999999999994,0.0028177398399035387,6.171525749941261,-2.059999999999993
28.199999999999996,0.0027902161209685823,6.062989946748016,-2.06
28.209999999999997,0.002763364417361963,5.9546246297513745,-2.06
28.219999999999995,0.002737160088744851,5.846235364082509,-2.06
28.229999999999997,0.002711556422418448,5.737742444359117,-2.0500000000000034
28.239999999999995,0.0026864925440771817,5.62919326152436,-2.05
28.249999999999996,0.0026619034660499328,5.520757084133582,-2.05
28.259999999999994,0.0026377299348555954,5.412703106961712,-2.05
28.269999999999996,0.0026139259686734913,5.30536631884317,-2.05
28.279999999999994,0.0025904627289435843,5.199107043796622,-2.05
28.289999999999996,0.0025673283869424744,5.094269091599659,-2.0400000000000036
28.299999999999997,0.0025445246078638663,4.991140409316753,-2.04
28.309999999999995,0.0025220609262053785,4.889920581450903,-2.04
28.319999999999997,0.002499948507505476,4.790700544117128,-2.04
28.329999999999995,0.002478194608963223,4.6934591016068605,-2.04
28.339999999999996,0.00245679861159338,4.5980773843362766,-2.04
28.349999999999994,0.0024357499953927206,4.5043677455502875,-2.04
28.359999999999996,0.0024150282158438043,4.41210998389563,-2.0300000000000034
28.369999999999997,0.002394604171652825,4.32108659289036,-2.03
28.379999999999995,0.0023744428209834683,4.231110111374306,-2.03
28.389999999999997,0.002354506475754447,4.142038623035133,-2.03
28.399999999999995,0.0023347583486409895,4.053778534474012,-2.03
28.409999999999997,0.0023151660157617235,3.9662757926403893,-2.03
28.419999999999995,0.002295704563323606,3.879497731949566,-2.03
28.429999999999996,0.0022763592858552405,3.793409019203099,-2.0200000000000036
28.439999999999994,0.0022571278775730106,3.707947475852181,-2.02
28.449999999999996,0.002238022090356244,3.623007675029511,-2.02
28.459999999999997,0.0022190688088105717,3.538439883897476,-2.02
28.469999999999995,0.0022003104126594314,3.4540680927527627,-2.02
28.479999999999997,0.002181804183728705,3.3697245900466344,-2.02
28.489999999999995,0.002163620429742689,3.2852924111681565,-2.02
28.499999999999996,0.0021458390166679622,3.2007437448853984,-2.0100000000000033
28.509999999999994,0.002128544177771986,3.1161633897723697,-2.019999999999993
28.519999999999996,0.0021118178008166636,3.031751209897698,-2.02
28.529999999999994,0.0020957318244799648,2.9478044233841003,-2.010000000000007
28.539999999999996,0.0020803407863386717,2.8646865398812635,-2.01
28.549999999999997,0.0020656758147259593,2.7827920241743755,-2.01
28.559999999999995,0.0020517413184945803,2.7025137222447473,-2.01
28.569999999999997,0.0020385152385523904,2.624215907006819,-2.01
28.579999999999995,0.002025953033955331,2.5482124060517926,-2.01
28.589999999999996,0.0020139947706906804,2.4747483210022025,-2.01
28.599999999999994,0.002002574016197318,2.403985215986763,-2.000000000000007
28.609999999999996,0.001991626905873844,2.335991680257554,-2.0
28.619999999999994,0.0019810997926531303,2.27074169090231,-2.0
28.629999999999995,0.001970954256194474,2.2081216103719337,-2.0
28.639999999999997,0.0019611688092855593,2.147944625890092,-2.0
28.649999999999995,0.0019517372529323151,2.0899706822647546,-2.0
28.659999999999997,0.0019426641800457264,2.0339301274510952,-1.9900000000000035
28.669999999999995,0.001933958538544058,1.9795490528054476,-1.99
28.679999999999996,0.0019256264094190344,1.926573504105728,-1.99
28.689999999999994,0.0019176642356423816,1.8747894911128804,-1.99
28.699999999999996,0.0019100536669792603,1.8240368667963973,-1.99
28.709999999999997,0.0019027589688278067,1.774217037035857,-1.99
28.719999999999995,0.0018957275788632525,1.7252955653060211,-1.99
28.729999999999997,0.0018888939080446575,1.6773003741238974,-1.9800000000000035
28.739999999999995,0.001882185948953444,1.6303152160894046,-1.98
28.749999999999996,0.001875533781284199,1.584467558506521,-1.98
28.759999999999994,0.0018688787358291463,1.5399104540236053,-1.98
28.769999999999996,0.0018621818292060609,1.4967990185234616,-1.98
28.779999999999994,0.001855430112072579,1.4552631852161277,-1.98
28.789999999999996,0.0018486397738239522,1.4153792932279272,-1.98
28.799999999999997,0.0018418552088910313,1.3771441838389522,-1.9700000000000035
28.809999999999995,0.0018351437679565764,1.3404567531311014,-1.97
28.819999999999997,0.0018285865719829388,1.3051123205603787,-1.97
28.829999999999995,0.001822266488556862,1.2708137275553926,-1.97
28.839999999999996,0.0018162550161800598,1.2371999377748946,-1.97
28.849999999999994,0.0018106002094738934,1.2038890725283284,-1.97
28.859999999999996,0.0018053177559217333,1.1705292228712998,-1.9600000000000035
28.869999999999994,0.00180038682633808,1.136847963569423,-1.96
28.879999999999995,0.001795751444990986,1.102691334300978,-1.96
28.889999999999997,0.0017913270801489592,1.0680454728476163,-1.96
28.899999999999995,0.0017870112256280948,1.0330381304857452,-1.96
28.909999999999997,0.0017826961488451574,0.9979216065318304,-1.96
28.919999999999995,0.0017782818045621145,0.9630420141256705,-1.96
28.929999999999996,0.0017736871152348682,0.9288011203696951,-1.9500000000000035
28.939999999999994,0.001768858277908611,0.8956159986068235,-1.95
28.949999999999996,0.001763773329621441,0.8638797371757554,-1.95
28.959999999999997,0.0017584427804774162,0.8339253782863267,-1.95
28.969999999999995,0.0017529066541966773,0.8059956007803137,-1.95
28.979999999999997,0.0017472287293527182,0.7802211979481355,-1.95
28.989999999999995,0.0017414891015307612,0.7566109260318378,-1.9400000000000035
28.999999999999996,0.001735776321934959,0.7350539555483111,-1.94
29.009999999999994,0.0017301802628148218,0.7153348209982808,-1.94
29.019999999999996,0.0017247865136516337,0.6971597430873,-1.94
29.029999999999994,0.0017196725945828086,0.6801920459334282,-1.94
29.039999999999996,0.001714905730588983,0.6640926742947677,-1.94
29.049999999999997,0.001710541537187817,0.6485599083144792,-1.94
29.059999999999995,0.0017066228536748269,0.6333614697009959,-1.9300000000000035
29.069999999999997,0.0017031781544312682,0.6183533003257113,-1.93
29.079999999999995,0.0017002194025036222,0.6034822407980722,-1.93
29.089999999999996,0.0016977397310067148,0.5887735094644331,-1.93
29.099999999999994,0.0016957117598449015,0.5743068928096088,-1.93
29.109999999999996,0.001694087520093433,0.5601870468644611,-1.93
29.119999999999994,0.0016928007884905664,0.5465132545132799,-1.920000000000007
29.129999999999995,0.0016917721617296356,0.5333528785927114,-1.92
29.139999999999997,0.001690916568374801,0.5207211623476455,-1.92
29.149999999999995,0.0016901523230850918,0.5085684372241098,-1.92
29.159999999999997,0.0016894104293450664,0.49677471532600803,-1.92
29.169999999999995,0.001688642696522389,0.4851515379074586,-1.92
29.179999999999996,0.0016878273440432254,0.47345157671986327,-1.92
29.189999999999994,0.0016869710727730176,0.4613866913607617,-1.910000000000007
29.199999999999996,0.0016861070371489884,0.4486540320210753,-1.91
29.209999999999997,0.0016852887093491155,0.4349677275671621,-1.91
29.219999999999995,0.0016845802545382793,0.42009199256673274,-1.91
29.229999999999997,0.0016840446725180233,0.40387123116945545,-1.91
29.239999999999995,0.0016837314892541367,0.3862540162078702,-1.91
29.249999999999996,0.0016836660526159321,0.36730966138605636,-1.91
29.259999999999994,0.0016838423785168455,0.347237249230449,-1.900000000000007
29.269999999999996,0.0016842209656757362,0.3263669992520971,-1.9
29.279999999999994,0.0016847321276048926,0.30515316633027684,-1.9
29.289999999999996,0.0016852843846234767,0.2841569247613959,-1.9
29.299999999999997,0.0016857765824071318,0.26401753492174024,-1.9
29.309999999999995,0.0016861118660438516,0.24541109056331967,-1.9
29.319999999999997,0.0016862115211126788,0.22899860703327432,-1.9
29.329999999999995,0.0016860269481249498,0.21536835225238082,-1.8900000000000035
29.339999999999996,0.0016855485188072177,0.2049793896750387,-1.8999999999999964
29.349999999999994,0.0016848105929007926,0.1981132708009664,-1.890000000000007
29.359999999999996,0.00168389241935018,0.19483937983931454,-1.89
29.369999999999994,0.0016829149593004884,0.19499790959969568,-1.89
29.379999999999995,0.0016820338735580164,0.1982033165038712,-1.89
29.389999999999997,0.001681429073141794,0.20386978988400548,-1.8800000000000034
29.399999999999995,0.001681291402338338,0.21125795954814336,-1.88
29.409999999999997,0.0016818072511722096,0.2195387072472741,-1.88
29.419999999999995,0.0016831421812687588,0.22786659921853158,-1.88
29.429999999999996,0.001685424954927839,0.23545354706656468,-1.88
29.439999999999994,0.0016887336008014036,0.24163349869314676,-1.88
29.449999999999996,0.0016930852231034773,0.24591085414733635,-1.88
29.459999999999994,0.00169843105576124,0.2479880908724282,-1.8700000000000072
29.469999999999995,0.0017046577118635755,0.24777107980743945,-1.87
29.479999999999997,0.0017115947263683729,0.24535327068167787,-1.87
29.489999999999995,0.001719027530770295,0.24098217844778524,-1.87
29.499999999999996,0.0017267142058188158,0.23501341834064104,-1.87
29.509999999999994,0.0017344039404159819,0.22785857434993761,-1.87
29.519999999999996,0.0017418551396384413,0.2199332569074073,-1.87
29.529999999999994,0.0017488514920694378,0.2116113144123466,-1.87
29.539999999999996,0.001755214857024863,0.20319054534039716,-1.8600000000000037
29.549999999999997,0.0017608143775158097,0.19487366149450353,-1.86
29.559999999999995,0.001765571636943157,0.18676520597248858,-1.86
29.569999999999997,0.0017694619240990576,0.17888178781284897,-1.86
29.579999999999995,0.0017725117901956804,0.17117127893298964,-1.86
29.589999999999996,0.001774793142947198,0.16353708122335753,-1.86
29.599999999999994,0.0017764142062788974,0.15586481393261784,-1.8500000000000072
29.609999999999996,0.0017775078589315676,0.14804915410947128,-1.8599999999999965
29.619999999999994,0.00177821820041913,0.14001787473853602,-1.8500000000000072
29.629999999999995,0.0017786866430127511,0.13174938999727517,-1.85
29.639999999999997,0.0017790392385773905,0.12328040703227468,-1.85
29.649999999999995,0.0017793770970330877,0.11470188743585087,-1.85
29.659999999999997,0.0017797714637042973,0.10614390188290192,-1.85
29.669999999999995,0.0017802642540960924,0.09775234472140355,-1.85
29.679999999999996,0.0017808737266746713,0.08966232252482681,-1.8400000000000036
29.689999999999994,0.0017816038019278571,0.08197403234504727,-1.849999999999993
29.699999999999996,0.001782454674516721,0.0747368208812434,-1.8400000000000036
29.709999999999994,0.0017834320962270137,0.0679454135268171,-1.84
29.719999999999995,0.0017845531254432935,0.06154891574170619,-1.84
29.729999999999997,0.0017858471270213872,0.05546938922333994,-1.84
29.739999999999995,0.0017873520628070199,0.049624570884847764,-1.8300000000000036
29.749999999999996,0.001789107255716557,0.043949186781114556,-1.8399999999999965
29.759999999999994,0.001791144533050205,0.03841032799154304,-1.8300000000000072
29.769999999999996,0.001793479823393106,0.0330139150186498,-1.83
29.779999999999994,0.0017961069423389215,0.027801514595136172,-1.83
29.789999999999996,0.0017989946450506105,0.022839113369547775,-1.83
29.799999999999997,0.0018020872957791143,0.018200849725770508,-1.83
29.809999999999995,0.001805308896771299,0.013951219427737674,-1.83
29.819999999999997,0.001808569809147252,0.010129555133348218,-1.8200000000000036
29.829999999999995,0.0018117752761692039,0.006740251572439264,-1.8299999999999965
29.839999999999996,0.0018148347750771379,0.003750601758822825,-1.8200000000000036
29.849999999999994,0.001817671221958878,0.0010958215570122075,-1.82
29.859999999999996,0.0018202290965648746,-0.0013109818555579805,-1.82
29.869999999999994,0.0018224806283062326,-0.00356710232745217,-1.82
29.879999999999995,0.0018244292993259271,-0.00577012871070087,-1.82
29.889999999999997,0.0018261100952748487,-0.00801184792734605,-1.82
29.899999999999995,0.0018275861946485626,-0.010376546090410776,-1.82
29.909999999999997,0.0018289421584769842,-0.012942077379124872,-1.8100000000000036
29.919999999999995,0.0018302741700251268,-0.01578148175431326,-1.81
29.929999999999996,0.0018316784285751081,-0.018963771373869707,-1.81
29.939999999999994,0.0018332392914157526,-0.022553334273203687,-1.81
29.949999999999996,0.001835019007943617,-0.026607212655141464,-1.81
29.959999999999994,0.0018370507567521325,-0.031168829091699067,-1.81
29.969999999999995,0.0018393361368296193,-0.03625702768610435,-1.81
29.979999999999997,0.0018418473720690314,-0.04185139957665674,-1.8000000000000036
29.989999999999995,0.001844533501525979,-0.04787765834731153,-1.8
29.999999999999996,0.001847329047960192,-0.05419809406162328,-1.8
30.009999999999994,0.0018501633166574142,-0.06061094413341258,-1.8
30.019999999999996,0.00185296865233848,-0.06686001706428024,-1.8
30.029999999999994,0.0018556865826428956,-0.07265363755534783,-1.8
30.039999999999996,0.0018582715718321282,-0.07769043973924593,-1.8
30.049999999999997,0.0018606928132124491,-0.08168847748034792,-1.7900000000000036
30.059999999999995,0.0018629348836821707,-0.08441356680341718,-1.79
30.069999999999997,0.001864998086238545,-0.08570308936892944,-1.79
30.079999999999995,0.0018668989735500562,-0.08548266309902278,-1.79
30.089999999999996,0.0018686710435731847,-0.08377447479311682,-1.79
30.099999999999994,0.0018703651366310686,-0.08069696030270578,-1.79
30.109999999999996,0.001872048811523797,-0.07645596825960735,-1.79
30.119999999999994,0.0018738040118134022,-0.0713282910880052,-1.7800000000000071
30.129999999999995,0.0018757226284574142,-0.06563963346454749,-1.78
30.139999999999997,0.0018779000156781257,-0.05973973494974312,-1.78
30.149999999999995,0.0018804269795115285,-0.05397674955410955,-1.78
30.159999999999997,0.0018833811111325463,-0.04867178957354829,-1.78
30.169999999999995,0.0018868185155184113,-0.04409412541438282,-1.78
30.179999999999996,0.0018907669830845813,-0.04043847330757676,-1.78
30.189999999999994,0.0018952215013326467,-0.03780729560584493,-1.78
30.199999999999996,0.001900142751468763,-0.03620185448711862,-1.7700000000000036
30.209999999999994,0.0019054589072021026,-0.03552539737956638,-1.77
30.219999999999995,0.0019110706529670732,-0.0356002664285737,-1.77
30.229999999999997,0.0019168588885265156,-0.036197979196455246,-1.77
30.239999999999995,0.0019226941631314976,-0.03707816056861138,-1.77
30.249999999999996,0.0019284465974365786,-0.03802975769997003,-1.77
30.259999999999994,0.0019339949947530667,-0.0389069218453093,-1.77
30.269999999999996,0.0019392340408621784,-0.039652676802314886,-1.7600000000000036
30.279999999999994,0.0019440788960531938,-0.0403061404483487,-1.76
30.289999999999996,0.001948466984306887,-0.040992778459196376,-1.76
30.299999999999994,0.001952357252135224,-0.041900481682363204,-1.76
30.309999999999995,0.001955727512652529,-0.04324642259477156,-1.76
30.319999999999997,0.001958570682663347,-0.04524086093490564,-1.76
30.329999999999995,0.0019608907740634894,-0.048054403814664366,-1.7500000000000036
30.339999999999996,0.001962699432247233,-0.05179410171476615,-1.75
30.349999999999994,0.0019640136373472268,-0.05649105569795043,-1.75
30.359999999999996,0.00196485492132836,-0.06209928651036356,-1.75
30.369999999999994,0.0019652501417549554,-0.06850405918726918,-1.740000000000007
30.379999999999995,0.0019652335358732284,-0.07553758072492694,-1.7499999999999964
30.389999999999997,0.0019648495004475916,-0.08299975532617014,-1.75
30.399999999999995,0.0019641553445109775,-0.09068093077650058,-1.7400000000000035
30.409999999999997,0.001963223181911505,-0.09838285870759304,-1.74
30.419999999999995,0.0019621401964509174,-0.10593431072919945,-1.74
30.429999999999996,0.001961006724864027,-0.11319941404390885,-1.7300000000000035
30.439999999999994,0.001959931922009467,-0.12007929583197664,-1.7399999999999929
30.449999999999996,0.0019590271338860094,-0.12650946680587916,-1.74
30.459999999999994,0.001958397451629522,-0.13245511718404077,-1.74
30.469999999999995,0.0019581322221699903,-0.13790468316782317,-1.74
30.479999999999997,0.001958295530102386,-0.1428607241052838,-1.7300000000000035
30.489999999999995,0.001958917817615587,-0.14732763975894167,-1.73
30.499999999999996,0.0019599898423311693,-0.1512977439207563,-1.73
30.509999999999994,0.0019614600491267235,-0.15473947678922745,-1.73
30.519999999999996,0.001963236125189847,-0.15759254991730787,-1.73
30.529999999999994,0.0019651910317624375,-0.15977347646674,-1.73
30.539999999999996,0.00196717323465946,-0.16119157569801576,-1.7200000000000035
30.549999999999994,0.0019690202959309947,-0.1617718338068764,-1.72
30.559999999999995,0.001970574528257479,-0.16147867826004042,-1.72
30.569999999999997,0.001971699093514783,-0.16033440271439048,-1.72
30.579999999999995,0.0019722927620971073,-0.15842738373352758,-1.72
30.589999999999996,0.001972301555296579,-0.15590796477214255,-1.72
30.599999999999994,0.001971725696932282,-0.15297323832199047,-1.72
30.609999999999996,0.001970620738551202,-0.14984458812014423,-1.72
30.619999999999994,0.0019690924119931254,-0.1467427225465923,-1.710000000000007
30.629999999999995,0.001967285645578151,-0.14386417459878298,-1.71
30.639999999999997,0.0019653690848175924,-0.14136189287651066,-1.71
30.649999999999995,0.0019635171532394464,-0.13933169073399732,-1.71
30.659999999999997,0.0019618919914449633,-0.13780607554383578,-1.71
30.669999999999995,0.0019606274635478173,-0.1367564176176655,-1.71
30.679999999999996,0.001959816893052832,-0.13610299130583176,-1.7000000000000035
30.689999999999994,0.001959505465437901,-0.13573072101148456,-1.7
30.699999999999996,0.001959687529232593,-0.1355074370702768,-1.7
30.709999999999994,0.001960308497727758,-0.1353016017895153,-1.7
30.719999999999995,0.001961270747474951,-0.13499753012615956,-1.7
30.729999999999997,0.0019624427889321397,-0.13450724414590529,-1.7
30.739999999999995,0.0019636709671388866,-0.1337786960599728,-1.7
30.749999999999996,0.001964792945885071,-0.13280020763078063,-1.6900000000000035
30.759999999999994,0.0019656521675320026,-0.1316008489624195,-1.69
30.769999999999996,0.0019661123340427816,-0.13024637012935847,-1.69
30.779999999999994,0.0019660707497146123,-0.12883030416481828,-1.69
30.789999999999996,0.0019654691868420397,-0.1274599614046201,-1.69
30.799999999999994,0.001964300900200183,-0.12623748952126246,-1.69
30.809999999999995,0.0019626126327512683,-0.12523731069037713,-1.69
30.819999999999997,0.001960500975176164,-0.1244827950317333,-1.6800000000000035
30.829999999999995,0.0019581032158885155,-0.12392615216650091,-1.68
30.839999999999996,0.0019555836751803655,-0.12343565386740751,-1.68
30.849999999999994,0.0019531172243174568,-0.12279366046823915,-1.68
30.859999999999996,0.001950872064888595,-0.12170785038252828,-1.68
30.869999999999994,0.0019489938210220101,-0.11983625660088838,-1.68
30.879999999999995,0.0019475926312966948,-0.11682407910434481,-1.68
30.889999999999997,0.0019467343592373112,-0.11234770097812546,-1.6700000000000035
30.899999999999995,0.0019464364380588955,-0.10615984904087437,-1.67
30.909999999999997,0.0019466683433946024,-0.09812936891385081,-1.67
30.919999999999995,0.0019473562828844734,-0.08826942526720878,-1.67
30.929999999999996,0.00194839139225374,-0.07674935019671837,-1.67
30.939999999999994,0.0019496405193257101,-0.06388773126482289,-1.67
30.949999999999996,0.0019509585544519488,-0.050126917651053,-1.67
30.959999999999994,0.0019522012203095859,-0.03599154402320195,-1.660000000000007
30.969999999999995,0.001953237251298078,-0.022036120622053335,-1.66
30.979999999999997,0.001953958959910375,-0.00878902189269232,-1.66
30.989999999999995,0.0019542903031564704,0.0032987008005350227,-1.66
30.999999999999996,0.001954191739168576,0.013892348808696631,-1.66
31.009999999999994,0.0019536614242407976,0.02279616992773079,-1.66
31.019999999999996,0.0019527326586746467,0.029958697415380382,-1.6500000000000035
31.029999999999994,0.0019514679251976324,0.03546232219492538,-1.65
31.039999999999996,0.0019499503014677472,0.03949960092802814,-1.65
31.049999999999994,0.0019482733649552532,0.042339514382970234,-1.65
31.059999999999995,0.0019465308676303104,0.044287937891656165,-1.65
31.069999999999997,0.0019448074196492802,0.045647571654813264,-1.65
31.079999999999995,0.0019431712137416251,0.04668261472860922,-1.6400000000000035
31.089999999999996,0.0019416694992028301,0.04759211596684215,-1.6499999999999964
31.099999999999994,0.0019403271336766571,0.04849380333334972,-1.640000000000007
31.109999999999996,0.0019391481430492158,0.04941845192805629,-1.64
31.119999999999994,0.0019381198278948866,0.05031405471625566,-1.64
31.129999999999995,0.0019372185982341346,0.05105871408421976,-1.64
31.139999999999997,0.0019364164534600497,0.05148049419306283,-1.6300000000000034
31.149999999999995,0.0019356869237316594,0.05138142980377532,-1.6399999999999963
31.159999999999997,0.0019350094067590185,0.05056231818045605,-1.6300000000000034
31.169999999999995,0.0019343711765998375,0.048845401472617796,-1.63
31.179999999999996,0.00193376685375616,0.04609305856348369,-1.63
31.189999999999994,0.0019331956919765496,0.04222138914127215,-1.63
31.199999999999996,0.0019326575133750798,0.0372081596737416,-1.63
31.209999999999994,0.0019321483965584882,0.031095592986769505,-1.63
31.219999999999995,0.0019316572442980978,0.023989782393255846,-1.6200000000000037
31.229999999999997,0.0019311641462353396,0.016058858784706264,-1.6299999999999963
31.239999999999995,0.001930641078115307,0.007530633294269249,-1.6200000000000037
31.249999999999996,0.001930055033448721,-0.0013117050943090053,-1.62
31.259999999999994,0.0019293732409130942,-0.010138380627650906,-1.62
31.269999999999996,0.0019285697253024244,-0.018588206089972296,-1.62
31.279999999999994,0.0019276321555416539,-0.026290078364006483,-1.62
31.289999999999996,0.0019265677377523355,-0.03288865961690524,-1.62
31.299999999999994,0.001925406913479699,-0.038071120237081486,-1.62
31.309999999999995,0.0019242038611066744,-0.04159199047029057,-1.6100000000000037
31.319999999999997,0.0019230332817447744,-0.04329366196889762,-1.61
31.329999999999995,0.0019219836185243643,-0.043120490979471744,-1.61
31.339999999999996,0.0019211475638164235,-0.04112499774769639,-1.61
31.349999999999994,0.0019206112615759924,-0.037465412495119296,-1.61
31.359999999999996,0.0019204438558945072,-0.032394644599937156,-1.61
31.369999999999994,0.001920688909110472,-0.02624159021571231,-1.61
31.379999999999995,0.0019213587651142595,-0.01938648123098765,-1.6000000000000036
31.389999999999993,0.0019224323237978604,-0.012232557794545547,-1.6
31.399999999999995,0.0019238561229047077,-0.00517677398583611,-1.6
31.409999999999997,0.0019255482432158667,0.00141729454938918,-1.6
31.419999999999995,0.0019274044063327604,0.0072411269839950596,-1.6
31.429999999999996,0.0019293056732044146,0.012055512916114397,-1.6
31.439999999999994,0.0019311272718815558,0.015697615184712174,-1.6
31.449999999999996,0.0019327481662689207,0.01808290051578147,-1.5900000000000036
31.459999999999994,0.0019340609358678574,0.019204433211922785,-1.59
31.469999999999995,0.0019349813439315997,0.019131237631070334,-1.59
31.479999999999997,0.0019354566799953323,0.018006007890084528,-1.59
31.489999999999995,0.0019354716998325543,0.01604081446959461,-1.5800000000000036
31.499999999999996,0.0019350509177075955,0.013508222843169215,-1.5899999999999965
31.509999999999994,0.0019342562735523924,0.010725344249368964,-1.59
31.519999999999996,0.0019331798556951225,0.00803019986572489,-1.59
31.529999999999994,0.0019319323193069293,0.005752367394230896,-1.5800000000000072
31.539999999999996,0.0019306286499519607,0.004181583491412421,-1.58
31.549999999999994,0.0019293736475427985,0.0035382656265081857,-1.58
31.559999999999995,0.0019282496863545233,0.003949418473324275,-1.58
31.569999999999997,0.0019273088540166647,0.005432777305979385,-1.58
31.579999999999995,0.0019265706008142814,0.007891526427111942,-1.58
31.589999999999996,0.0019260248314039044,0.01112142954537473,-1.58
31.599999999999994,0.0019256393078884802,0.014831387413970807,-1.5700000000000072
31.609999999999996,0.0019253695865513267,0.018676723187431583,-1.57
31.619999999999994,0.0019251695852968145,0.022301720157085876,-1.57
31.629999999999995,0.0019250012056278992,0.02538513876113858,-1.57
31.639999999999993,0.0019248420126200204,0.02768123968214807,-1.57
31.649999999999995,0.0019246905604129627,0.029049779138345517,-1.5600000000000036
31.659999999999997,0.0019245693446027546,0.02947066894314432,-1.5699999999999965
31.669999999999995,0.0019245254884891075,0.029041485992417276,-1.5600000000000072
31.679999999999996,0.0019246291721756186,0.02795836802482831,-1.56
31.689999999999994,0.0019249696351134838,0.02648304807540055,-1.56
31.699999999999996,0.0019256485053403681,0.024900904165142974,-1.56
31.709999999999994,0.001926770369228362,0.02347673293651295,-1.56
31.719999999999995,0.00192843093065578,0.022415803721661194,-1.56
31.729999999999997,0.0019307037395732635,0.021836779152647152,-1.56
31.739999999999995,0.001933627115505038,0.02176031261151676,-1.5500000000000036
31.749999999999996,0.0019371933206619844,0.0221136895722352,-1.55
31.759999999999994,0.0019413420533330261,0.022749047401627993,-1.55
31.769999999999996,0.0019459598437423806,0.02347100135858586,-1.5400000000000036
31.779999999999994,0.001950886005991304,0.024068683369761923,-1.549999999999993
31.789999999999996,0.0019559246627024224,0.024346911551983565,-1.55
31.799999999999994,0.0019608613276300628,0.02415166606453658,-1.55
31.809999999999995,0.0019654818546056396,0.02338659993319623,-1.5400000000000036
31.819999999999997,0.0019695913374142083,0.02201941880102967,-1.54
31.829999999999995,0.0019730307346527694,0.020078699258063475,-1.54
31.839999999999996,0.0019756894671794536,0.017642926007564223,-1.54
31.849999999999994,0.0019775128427500063,0.01482434447090763,-1.54
31.859999999999996,0.00197850380381433,0.011750346272307366,-1.54
31.869999999999994,0.001978719139677704,0.008544544059063543,-1.54
31.879999999999995,0.0019782609314315694,0.005309327773476891,-1.5300000000000036
31.889999999999993,0.0019772645338829195,0.0021121580923014866,-1.53
31.899999999999995,0.0019758847350029524,-0.001021661103283041,-1.53
31.909999999999997,0.0019742817958703866,-0.004107851316636744,-1.53
31.919999999999995,0.0019726088634758315,-0.007193992942909128,-1.53
31.929999999999996,0.001971001833727862,-0.010344767412784138,-1.5200000000000036
31.939999999999994,0.001969572233052741,-0.013625020982345673,-1.529999999999993
31.949999999999996,0.001968403200992295,-0.01708396290867038,-1.5200000000000036
31.959999999999994,0.0019675482768164165,-0.020743114479227654,-1.52
31.969999999999995,0.0019670324535047148,-0.0245896036854537,-1.52
31.979999999999997,0.0019668548580021494,-0.028575279172465346,-1.52
31.989999999999995,0.001966992425253232,-0.032621197757158674,-1.52
31.999999999999996,0.0019674040261572568,-0.03662634486094545,-1.52
32.01,0.001968034654469851,-0.04047864423253709,-1.51
32.019999999999996,0.0019688194427468983,-0.04406543079637567,-1.51
32.029999999999994,0.0019696874325633405,-0.04728038641103361,-1.51
32.03999999999999,0.0019705651430730695,-0.05002527004403917,-1.51
32.05,0.001971380043311012,-0.052207349843083464,-1.51
32.059999999999995,0.0019720640231836763,-0.05373570724614053,-1.51
32.06999999999999,0.0019725568733754066,-0.05451990643184562,-1.51
32.08,0.0019728096442861373,-0.05447291360296167,-1.51
32.089999999999996,0.0019727876044383563,-0.05351809222740576,-1.500000000000007
32.099999999999994,0.0019724724219054835,-0.05159872771984324,-1.5
32.10999999999999,0.0019718632043291273,-0.04868788348131951,-1.5
32.12,0.0019709761805022214,-0.04479626563952025,-1.5
32.129999999999995,0.0019698430638880925,-0.03997630585006131,-1.5
32.13999999999999,0.0019685084198325484,-0.034321717363228095,-1.5
32.15,0.001967026548350541,-0.02796260445609107,-1.49
32.16,0.001965458407117472,-0.02105650863742656,-1.49
32.169999999999995,0.001963868916649887,-0.013776280454047645,-1.49
32.17999999999999,0.0019623246695214566,-0.006296771139763918,-1.49
32.19,0.0019608917297041692,0.001216837903350085,-1.49
32.199999999999996,0.0019596330021906987,0.008616683389459113,-1.49
32.209999999999994,0.0019586046860375138,0.01577503585432437,-1.49
32.21999999999999,0.0019578516255264952,0.022583175912081158,-1.480000000000007
32.23,0.001957401876671248,0.02894798283660116,-1.48
32.239999999999995,0.0019572613501230053,0.034787591885877704,-1.48
32.24999999999999,0.00195740977362156,0.040027060889317304,-1.48
32.26,0.0019577992705162267,0.04459503854172182,-1.48
32.269999999999996,0.0019583565060233496,0.04842259439181689,-1.48
32.279999999999994,0.001958988670125476,0.05144523097432962,-1.470000000000007
32.28999999999999,0.0019595927357349448,0.05360851430580901,-1.47
32.3,0.001960066705431322,0.054876718555911475,-1.47
32.309999999999995,0.001960321141595071,0.055242735802229916,-1.47
32.31999999999999,0.0019602892455920676,0.05473688725685013,-1.47
32.33,0.0019599340735758286,0.05343251099724412,-1.47
32.339999999999996,0.0019592520206703954,0.05144690571723329,-1.460000000000007
32.349999999999994,0.001958272310985252,0.04893663651120215,-1.4699999999999929
32.35999999999999,0.0019570527788327677,0.046086362215802916,-1.460000000000007
32.37,0.0019556726681504146,0.04309117227679868,-1.46
32.379999999999995,0.0019542235017458234,0.04013426700883734,-1.46
32.38999999999999,0.0019527992643705381,0.037363620236585376,-1.46
32.4,0.0019514871759836626,0.03487191281110101,-1.46
32.41,0.0019503601808953043,0.03268357491701011,-1.46
32.419999999999995,0.0019494719471890385,0.030751817998948865,-1.450000000000007
32.42999999999999,0.0019488547061893798,0.028967020398328838,-1.45
32.44,0.001948519762830975,0.02717545547155706,-1.45
32.449999999999996,0.0019484600949305987,0.025204885115727424,-1.45
32.459999999999994,0.001948654219603002,0.022892390853943016,-1.440000000000007
32.46999999999999,0.001949070462881816,0.020110245452086273,-1.4499999999999929
32.48,0.0019496708954384984,0.016786534114778123,-1.44
32.489999999999995,0.0019504144337491862,0.012917801302357687,-1.44
32.49999999999999,0.0019512588838439132,0.008571773220289933,-1.44
32.51,0.001952161967140956,0.0038799025168673364,-1.44
32.519999999999996,0.0019530815790616278,-0.0009785241942332442,-1.44
32.529999999999994,0.0019539756717955772,-0.005797783694832087,-1.44
32.53999999999999,0.001954802211927263,-0.010369413007386556,-1.430000000000007
32.55,0.0019555196356929403,-0.014505298563135947,-1.43
32.559999999999995,0.0019560881084447397,-0.018057947419381378,-1.43
32.56999999999999,0.0019564716987380566,-0.02093631525032729,-1.43
32.58,0.0019566413281093304,-0.023115428482671455,-1.43
32.589999999999996,0.001956578105941644,-0.024637535272051276,-1.43
32.599999999999994,0.001956276469520726,-0.025603012477210776,-1.43
32.60999999999999,0.001955746479084324,-0.026151636971975558,-1.43
32.62,0.001955014695603953,-0.026438094777120974,-1.42
32.629999999999995,0.0019541232831975295,-0.02660755442839053,-1.42
32.63999999999999,0.0019531272717775634,-0.026776557151311133,-1.42
32.64999999999999,0.0019520902102978948,-0.027021970943201894,-1.42
32.66,0.0019510786757775693,-0.02737789034110376,-1.42
32.669999999999995,0.0019501562538086522,-0.027838538971130734,-1.42
32.67999999999999,0.0019493776734078904,-0.02836476851120351,-1.42
32.69,0.0019487837704197592,-0.028892047813416144,-1.41
32.699999999999996,0.0019483978733358563,-0.02933837751940249,-1.41
32.709999999999994,0.0019482240515663243,-0.029611143265765177,-1.41
32.71999999999999,0.0019482474381870391,-0.02961241163961143,-1.41
32.73,0.0019484365555975662,-0.029242618708634746,-1.41
32.739999999999995,0.0019487472840199569,-0.02840305015535547,-1.41
32.74999999999999,0.0019491278869190774,-0.026997903783123778,-1.41
32.76,0.0019495243950195503,-0.024937087164668657,-1.4
32.769999999999996,0.001949885665979423,-0.02214107501475266,-1.4
32.779999999999994,0.0019501675609097208,-0.018548625381028225,-1.4
32.78999999999999,0.0019503358713120144,-0.014126868843018245,-1.4
32.8,0.0019503678451634199,-0.008881979093781417,-1.4
32.809999999999995,0.0019502523662050114,-0.002867933554891408,-1.4
32.81999999999999,0.0019499890206480966,0.003809222311472851,-1.4
32.83,0.0019495864284771627,0.010993603391388714,-1.39
32.839999999999996,0.001949060299468324,0.018488571573061455,-1.39
32.849999999999994,0.00194843166723559,0.0260707767723188,-1.39
32.85999999999999,0.0019477256385049433,0.03350574315354608,-1.39
32.87,0.0019469707753131758,0.040561872005029816,-1.39
32.879999999999995,0.0019461989468066328,0.047021414037908146,-1.39
32.88999999999999,0.0019454452238884309,0.05268877098295952,-1.380000000000007
32.89999999999999,0.001944747238837064,0.05739732518588503,-1.38
32.91,0.001944143465719019,0.06101562634417486,-1.38
32.919999999999995,0.0019436701172803092,0.06345279928611018,-1.38
32.92999999999999,0.0019433567555496418,0.06466230557519739,-1.38
32.94,0.0019432211673993856,0.06464310520456483,-1.38
32.949999999999996,0.0019432644225386914,0.06343765199897984,-1.3700000000000072
32.959999999999994,0.0019434671944267142,0.061126618102548824,-1.37
32.96999999999999,0.0019437883319537363,0.05782081985922066,-1.37
32.98,0.0019441663425452402,0.05365190696810556,-1.37
32.989999999999995,0.0019445239724703608,0.04876462029505337,-1.37
32.99999999999999,0.0019447755646266245,0.043313464993641096,-1.37
33.01,0.0019448364327627787,0.03746459329626982,-1.36
33.019999999999996,0.0019446331621492266,0.031400423506214255,-1.369999999999993
33.029999999999994,0.0019441135478842435,0.025322248437057954,-1.3600000000000072
33.03999999999999,0.0019432548257151709,0.019446526918208404,-1.36
33.05,0.0019420689545273865,0.013993427954623973,-1.36
33.059999999999995,0.0019406039965089853,0.009169628009461554,-1.36
33.06999999999999,0.0019389411189075169,0.00514948660480121,-1.3500000000000072
33.08,0.0019371873689011776,0.002058731303978966,-1.36
33.089999999999996,0.0019354650353904266,-3.6896060240099036e-05,-1.3500000000000072
33.099999999999994,0.001933898952712966,-0.0011376189042850077,-1.35
33.10999999999999,0.001932603396237208,-0.0013109865700648615,-1.35
33.12,0.0019316702195824285,-0.0006894014796762345,-1.35
33.129999999999995,0.0019311596186486972,0.0005358617318529438,-1.35
33.13999999999999,0.001931094471113045,0.0021240809679537328,-1.35
33.14999999999999,0.0019314587035555084,0.0037979456985182043,-1.3400000000000072
33.16,0.0019321996593924934,0.005259890805866141,-1.35
33.169999999999995,0.001933234005707558,0.0062118560394270285,-1.3400000000000072
33.17999999999999,0.0019344563376595544,0.006378119401639194,-1.34
33.19,0.0019357493523283066,0.005530251643351353,-1.34
33.199999999999996,0.0019369943280782048,0.003512004243867193,-1.34
33.209999999999994,0.001938080706158696,0.00026052015592323725,-1.3300000000000072
33.21999999999999,0.0019389138322063455,-0.004180012707458783,-1.339999999999993
33.23,0.001939420325325059,-0.00965488794240512,-1.34
33.239999999999995,0.001939550997041949,-0.01590650437665196,-1.3300000000000072
33.24999999999999,0.0019392816188385112,-0.022592567926689087,-1.33
33.26,0.0019386120494686151,-0.029312798088378538,-1.33
33.269999999999996,0.0019375642626848642,-0.03564045679118681,-1.33
33.279999999999994,0.0019361796997336912,-0.0411547093363545,-1.33
33.28999999999999,0.0019345161802404667,-0.04547145474985119,-1.33
33.3,0.0019326444219933368,-0.048272082869276346,-1.33
33.309999999999995,0.0019306441146992128,-0.04932968707423284,-1.3200000000000072
33.31999999999999,0.0019285995043383608,-0.048531019981193656,-1.32
33.33,0.0019265945678763078,-0.045891504737688216,-1.32
33.339999999999996,0.001924708038850945,-0.04156044734205316,-1.32
33.349999999999994,0.0019230087018279295,-0.03581408432589653,-1.32
33.35999999999999,0.0019215514389714205,-0.02903549987627958,-1.32
33.37,0.0019203744547958005,-0.02168293054422289,-1.32
33.379999999999995,0.0019194979412368262,-0.014250594372592096,-1.3100000000000072
33.38999999999999,0.0019189242303568825,-0.007227404434054955,-1.31
33.39999999999999,0.0019186392868705316,-0.0010582972938953932,-1.31
33.41,0.0019186152653965095,0.0038886493617922373,-1.31
33.419999999999995,0.0019188138066084505,0.007347541018129578,-1.31
33.42999999999999,0.0019191897538759623,0.009171480033113997,-1.31
33.44,0.0019196950109933468,0.009340183194263389,-1.31
33.449999999999996,0.0019202823067834128,0.007957786548180745,-1.3000000000000071
33.459999999999994,0.0019209086624821423,0.005240745856162331,-1.3
33.46999999999999,0.0019215383601572664,0.0014971524104923763,-1.3
33.48,0.0019221451892538358,-0.0028995150769750675,-1.3
33.489999999999995,0.001922713729850126,-0.007538470670615784,-1.3
33.49999999999999,0.0019232394542923533,-0.011998548148260893,-1.3
33.51,0.0019237275259348528,-0.015872422747458467,-1.3
33.519999999999996,0.0019241903534888021,-0.01878788131099718,-1.2900000000000071
33.529999999999994,0.0019246441948969856,-0.020426811038406305,-1.29
33.53999999999999,0.0019251053299507187,-0.02054284439481243,-1.29
33.55,0.001925586451939266,-0.01897795495098446,-1.29
33.559999999999995,0.0019260938998343594,-0.015677075363308486,-1.29
33.56999999999999,0.0019266261455425078,-0.010698760141853085,-1.29
33.58,0.001927173610073854,-0.004219425414118364,-1.29
33.589999999999996,0.001927719515091347,0.0034713515086554508,-1.2800000000000071
33.599999999999994,0.00192824121740671,0.011986473201544006,-1.28
33.60999999999999,0.0019287114288599532,0.020868346116988918,-1.28
33.62,0.0019290989252989151,0.02962526632700099,-1.27
33.629999999999995,0.0019293687376935014,0.037772812161275565,-1.279999999999993
33.63999999999999,0.001929482251083597,0.04487467741724835,-1.2700000000000071
33.64999999999999,0.0019293979317154125,0.05057753286425886,-1.279999999999993
33.66,0.0019290734212137595,0.05463575807134255,-1.27
33.669999999999995,0.0019284694378176584,0.05692398047115353,-1.27
33.67999999999999,0.0019275553780906008,0.05743787719342001,-1.27
33.69,0.0019263158850999925,0.05628550170220717,-1.27
33.699999999999996,0.0019247571518107038,0.053671419010904456,-1.2600000000000071
33.709999999999994,0.0019229115349826437,0.04987485255907988,-1.269999999999993
33.71999999999999,0.0019208392428271708,0.04522277389909866,-1.2600000000000071
33.73,0.0019186263865529924,0.04006003773006867,-1.26
33.739999999999995,0.0019163793947110882,0.034719994716468604,-1.26
33.74999999999999,0.0019142164694508437,0.029499073661942148,-1.26
33.76,0.0019122572478385718,0.024637460270475624,-1.25
33.769999999999996,0.0019106120482015397,0.020306294321766036,-1.259999999999993
33.779999999999994,0.0019093720461594928,0.016601088926266085,-1.26
33.78999999999999,0.0019086015052584082,0.013541654793898444,-1.26
33.8,0.0019083328628160439,0.011079590270945667,-1.25
33.809999999999995,0.00190856509442102,0.00911394189632346,-1.25
33.81999999999999,0.0019092653675930383,0.007513656730416031,-1.25
33.83,0.0019103735682616655,0.0061430262801715875,-1.25
33.839999999999996,0.00191180890667173,0.004884911824793792,-1.25
33.849999999999994,0.0019134775717962852,0.0036569661680302535,-1.25
33.85999999999999,0.001915280369139846,0.0024180532172989474,-1.240000000000007
33.87,0.0019171194508986818,0.0011644805939477918,-1.24
33.879999999999995,0.0019189035762146932,-8.234447255754333e-05,-1.24
33.88999999999999,0.0019205517266963055,-0.001293656282434113,-1.24
33.89999999999999,0.001921995241171258,-0.0024521081047672116,-1.24
33.91,0.0019231788452120948,-0.0035668293907415343,-1.24
33.919999999999995,0.0019240610074572244,-0.004680832684536386,-1.230000000000007
33.92999999999999,0.0019246139754567025,-0.005868891432957559,-1.2399999999999929
33.94,0.0019248236816695827,-0.007226536543142732,-1.23
33.949999999999996,0.0019246895339106848,-0.008852674488732724,-1.23
33.959999999999994,0.0019242239768017307,-0.010828995391949139,-1.23
33.96999999999999,0.0019234516710921329,-0.013199321244107163,-1.23
33.98,0.0019224081896139942,-0.015952116866663455,-1.23
33.989999999999995,0.0019211382365178819,-0.019009563487519806,-1.23
33.99999999999999,0.0019196935054512985,-0.022226053121365587,-1.23
34.01,0.0019181303626286694,-0.025397310317254354,-1.22
34.019999999999996,0.001916507563271803,-0.028279425079192524,-1.22
34.029999999999994,0.0019148841944537213,-0.030615733681617383,-1.22
34.03999999999999,0.0019133179949385414,-0.03216838534375306,-1.22
34.05,0.0019118641386600616,-0.032750036201067104,-1.22
34.059999999999995,0.0019105744847192397,-0.0322500025605486,-1.22
34.06999999999999,0.0019094971965762221,-0.030649584889107906,-1.22
34.08,0.0019086765301497273,-0.02802345449652521,-1.21
34.089999999999996,0.0019081525135653103,-0.024527156689618135,-1.21
34.099999999999994,0.001907960223919043,-0.020373958923720417,-1.21
34.10999999999999,0.001908128427421643,-0.01580657274609572,-1.21
34.12,0.0019086774830409663,-0.011069651876484928,-1.21
34.129999999999995,0.001909616592420664,-0.0063871417545652235,-1.21
34.13999999999999,0.0019109406781693842,-0.0019457799074288084,-1.21
34.14999999999999,0.0019126273529183335,0.0021160132044641586,-1.200000000000007
34.16,0.0019146345660822817,0.005715185143298295,-1.2
34.169999999999995,0.0019168995516318525,0.008827700263335974,-1.2
34.17999999999999,0.0019193396310471695,0.011488329544267633,-1.2
34.19,0.0019218552560666417,0.013785440098075587,-1.2
34.199999999999996,0.0019243354252875778,0.01584994231108797,-1.2
34.209999999999994,0.0019266652940741927,0.01783887949037535,-1.190000000000007
34.21999999999999,0.0019287354323920503,0.019915787529431423,-1.19
34.23,0.0019304518041832375,0.022230794812432304,-1.19
34.239999999999995,0.00193174521924973,0.024902981582982483,-1.19
34.24999999999999,0.0019325788463484869,0.02800633473329913,-1.19
34.26,0.0019329524657035167,0.03155974039712,-1.19
34.269999999999996,0.0019329025223847475,0.03552142573948343,-1.180000000000007
34.279999999999994,0.0019324976763439572,0.039788744333755274,-1.18
34.28999999999999,0.0019318302899374372,0.04420436619554384,-1.18
34.3,0.001931004961711052,0.04856926901945343,-1.18
34.309999999999995,0.001930125661913493,0.05266159398185146,-1.18
34.31999999999999,0.0019292831976892993,0.05625919394897234,-1.18
34.33,0.0019285446532334612,0.059163186648661666,-1.17
34.339999999999996,0.0019279461651441395,0.06121976044258356,-1.1799999999999928
34.349999999999994,0.0019274899625405194,0.062337497394024645,-1.170000000000007
34.35999999999999,0.0019271460657392526,0.06249798163002246,-1.17
34.37,0.0019268584245258772,0.061758595660287345,-1.17
34.379999999999995,0.0019265546369424539,0.06024734236096752,-1.17
34.38999999999999,0.001926157821116629,0.05814975981910992,-1.160000000000007
34.39999999999999,0.0019255988442138982,0.0556882434316286,-1.1699999999999928
34.41,0.0019248270469944754,0.05309523093536975,-1.16
34.419999999999995,0.001923817875249697,0.05058349730733137,-1.16
34.42999999999999,0.0019225763901543924,0.04831819482994941,-1.16
34.44,0.0019211363453480227,0.046395503034500164,-1.16
34.449999999999996,0.0019195552214387672,0.044831640970173565,-1.150000000000007
34.459999999999994,0.0019179061702428316,0.043563734643209895,-1.1599999999999928
34.46999999999999,0.00191626818740684,0.04246139916849614,-1.150000000000007
34.48,0.00191471599952859,0.04134600952704077,-1.15
34.489999999999995,0.001913311130490147,0.040014021478574725,-1.15
34.49999999999999,0.0019120954076157764,0.038261064488633575,-1.15
34.51,0.0019110877832988855,0.03590449303905385,-1.15
34.519999999999996,0.0019102847958044344,0.032803457211868836,-1.15
34.529999999999994,0.0019096643358753906,0.028876607652660452,-1.140000000000007
34.53999999999999,0.0019091917563720392,0.024117136479327735,-1.1499999999999928
34.55,0.0019088269287686897,0.01860303145409357,-1.14
34.559999999999995,0.0019085307411175,0.012498958151527958,-1.14
34.56999999999999,0.0019082697832991952,0.0060467443038181475,-1.14
34.57999999999999,0.0019080185090952538,-0.00045598108723852527,-1.14
34.589999999999996,0.001907758842739113,-0.006686320198498996,-1.14
34.599999999999994,0.0019074778154270341,-0.012331281765176104,-1.14
34.60999999999999,0.001907164222043987,-0.01712308556861394,-1.130000000000007
34.62,0.001906805414215057,-0.02087085522770652,-1.13
34.629999999999995,0.0019063852091490766,-0.023485130306389237,-1.13
34.63999999999999,0.0019058835688109067,-0.024991095859418014,-1.13
34.64999999999999,0.001905278287781048,-0.025526298523378697,-1.13
34.66,0.0019045485011436882,-0.025320256323066566,-1.13
34.669999999999995,0.0019036794348808589,-0.024657195175876296,-1.13
34.67999999999999,0.0019026675071502407,-0.023827874253886508,-1.13
34.69,0.0019015246961499562,-0.02307976897929512,-1.12
34.699999999999996,0.0019002810747671148,-0.022575171258532534,-1.12
34.709999999999994,0.0018989846192928777,-0.022364364536316784,-1.12
34.71999999999999,0.0018976978389383331,-0.022377580948051732,-1.12
34.73,0.0018964913887854263,-0.022436295533073594,-1.12
34.739999999999995,0.0018954354853982745,-0.022281821320305966,-1.12
34.74999999999999,0.0018945904644657066,-0.021616883177351012,-1.12
34.76,0.0018939980595028489,-0.02015389489578719,-1.11
34.769999999999996,0.0018936748799885225,-0.01766256090819038,-1.11
34.779999999999994,0.0018936091638204566,-0.014009750978794214,-1.11
34.78999999999999,0.0018937612953745491,-0.009186364370049611,-1.11
34.8,0.0018940679747044477,-0.003318392731566963,-1.11
34.809999999999995,0.0018944494159489264,0.0033383660464884834,-1.11
34.81999999999999,0.0018948185935670778,0.010418985773213022,-1.1000000000000072
34.82999999999999,0.001895091346952451,0.017483374653279215,-1.1
34.839999999999996,0.0018951960907081207,0.024059973392985035,-1.1
34.849999999999994,0.0018950819586509061,0.02969391434666918,-1.1
34.85999999999999,0.0018947244382781258,0.033993115898738484,-1.1
34.87,0.0018941279235844776,0.036666003113085155,-1.1
34.879999999999995,0.0018933250860801493,0.03754663502974943,-1.0900000000000072
34.88999999999999,0.0018923734415420704,0.036606001140554185,-1.09
34.89999999999999,0.0018913498517758615,0.03395050769482482,-1.09
34.91,0.0018903438550941303,0.029809608811098953,-1.09
34.919999999999995,0.0018894506430977174,0.02451463299752263,-1.09
34.92999999999999,0.0018887642464004263,0.01847071953576732,-1.09
34.94,0.001888371172042741,0.012123850172672281,-1.08
34.949999999999996,0.0018883444855143216,0.005925419810721307,-1.089999999999993
34.959999999999994,0.0018887382478717056,0.00029742828724871404,-1.0800000000000072
34.96999999999999,0.0018895823281291323,-0.004398249048544777,-1.08
34.98,0.0018908778652303334,-0.00788342607970563,-1.08
34.989999999999995,0.0018925939492086328,-0.00997813080283876,-1.08
34.99999999999999,0.0018946662999153284,-0.010605722721315335,-1.0700000000000072
35.01,0.0018969987337438103,-0.009789531903959767,-1.08
35.019999999999996,0.0018994679672060097,-0.007642949969549305,-1.0700000000000072
35.029999999999994,0.0019019318341254466,-0.004355422691195451,-1.07
35.03999999999999,0.0019042404012446215,-0.00017645571233194628,-1.07
35.05,0.0019062489125886884,0.004601353178533964,-1.07
35.059999999999995,0.0019078311075756116,0.009660180401719419,-1.0600000000000072
35.06999999999999,0.0019088913053319414,0.014675504751788101,-1.069999999999993
35.07999999999999,0.00190937372886985,0.01933418708277253,-1.0600000000000072
35.089999999999996,0.0019092678188840913,0.023350773721254506,-1.069999999999993
35.099999999999994,0.0019086087106603663,0.026481423301582065,-1.0600000000000072
35.10999999999999,0.0019074725945855942,0.02853534449638227,-1.06
35.12,0.001905967343083517,0.029383161214752377,-1.06
35.129999999999995,0.0019042195148093243,0.028961045241632927,-1.06
35.13999999999999,0.0019023595017531219,0.02726996736316749,-1.0500000000000071
35.14999999999999,0.0019005069746579686,0.02437084264848136,-1.059999999999993
35.16,0.0018987587567458907,0.020377373925535118,-1.06
35.169999999999995,0.001897180776600749,0.015448359911399678,-1.0500000000000071
35.17999999999999,0.0018958049158062206,0.009780570393383599,-1.05
35.19,0.0018946305983160295,0.003602394651343998,-1.05
35.199999999999996,0.001893630139814212,-0.002832631883775048,-1.0400000000000071
35.209999999999994,0.0018927563945646299,-0.00925421615007617,-1.049999999999993
35.21999999999999,0.0018919511780678404,-0.01538723648458498,-1.05
35.23,0.0018911532456660988,-0.02096727644932253,-1.05
35.239999999999995,0.0018903051085821562,-0.02575787888124128,-1.0400000000000071
35.24999999999999,0.001889358470768379,-0.029566765864338165,-1.04
35.26,0.0018882784173106133,-0.03225874543356605,-1.04
35.269999999999996,0.001887046612702646,-0.03376398822358163,-1.04
35.279999999999994,0.0018856636953375275,-0.034081169835079514,-1.04
35.28999999999999,0.001884150863948792,-0.03327549371200243,-1.04
35.3,0.0018825504479856236,-0.031471862397892056,-1.04
35.309999999999995,0.001880925124796063,-0.028843763727353658,-1.0300000000000071
35.31999999999999,0.0018793554377642366,-0.02559901549070834,-1.03
35.32999999999999,0.0018779353855364889,-0.02196392091952529,-1.03
35.339999999999996,0.0018767660665045664,-0.018167090732139606,-1.03
35.349999999999994,0.0018759476319644421,-0.014423582419079633,-1.03
35.35999999999999,0.001875570083924984,-0.010919986204319238,-1.03
35.37,0.0018757037154129973,-0.007801689015766526,-1.03
35.379999999999995,0.0018763901995377827,-0.00516391935833311,-1.0200000000000071
35.38999999999999,0.0018776354483702295,-0.003047799794816641,-1.02
35.39999999999999,0.0018794053348661194,-0.001441806321266185,-1.02
35.41,0.00188162515000345,-0.0002882359194090889,-1.02
35.419999999999995,0.001884183225059595,0.0005062908481817953,-1.02
35.42999999999999,0.001886938526887033,0.0010576242967521225,-1.02
35.44,0.0018897313724475,0.0014896999207714273,-1.01
35.449999999999996,0.0018923959027305184,0.0019205600995359888,-1.01
35.459999999999994,0.001894772760304564,0.0024503041859735026,-1.01
35.46999999999999,0.0018967205786753346,0.0031521554379870627,-1.01
35.48,0.0018981253444499866,0.004067168210163989,-1.01
35.489999999999995,0.0018989072611987005,0.005202578293475451,-1.01
35.49999999999999,0.001899025217273118,0.006534049443609371,-1.01
35.51,0.001898479191316631,0.00801256084255257,-1.0
35.519999999999996,0.0018973108870560845,0.009576009145283526,-1.0
35.529999999999994,0.001895602645316849,0.011163666358346742,-1.0
35.53999999999999,0.001893474375692945,0.012730165958095094,-1.0
35.55,0.0018910780458457064,0.014256017118745115,-0.99
35.559999999999995,0.0018885892984658805,0.01575316794335905,-0.9999999999999929
35.56999999999999,0.0018861960983555732,0.0172654632700879,-0.9900000000000071
35.57999999999999,0.0018840849009043184,0.01886449545779722,-0.99
35.589999999999996,0.0018824255151499146,0.02064164546660857,-0.99
35.599999999999994,0.00188135638082998,0.022697214790866584,-0.99
35.60999999999999,0.0018809721942588582,0.025127491770925103,-0.9800000000000071
35.62,0.00188131561285578,0.02801064502068608,-0.99
35.629999999999995,0.0018823741851549725,0.03139275047986442,-0.99
35.63999999999999,0.001884082857703821,0.035275969556521514,-0.9800000000000071
35.64999999999999,0.001886331618667366,0.03961135300143221,-0.98
35.66,0.0018889772069483484,0.04429815340058688,-0.98
35.669999999999995,0.0018918573951071797,0.049189762982203844,-0.9700000000000071
35.67999999999999,0.0018948061324515456,0.054104515765939686,-0.9799999999999929
35.69,0.0018976677989998335,0.05883894912177226,-0.97
35.699999999999996,0.0019003089771528314,0.0631819159996061,-0.9799999999999929
35.709999999999994,0.0019026265049924013,0.0669290889188972,-0.9700000000000071
35.71999999999999,0.0019045511221030586,0.06989779128223533,-0.97
35.73,0.001906046694960105,0.07194155173758231,-0.97
35.739999999999995,0.0019071056894175383,0.07296285695175188,-0.97
35.74999999999999,0.0019077420910678807,0.0729220483018628,-0.9600000000000071
35.76,0.0019079832525684115,0.07184063996679832,-0.97
35.769999999999996,0.0019078621436730905,0.0697983018528996,-0.9600000000000071
35.779999999999994,0.0019074112335941223,0.0669238547050737,-0.96
35.78999999999999,0.0019066588203258288,0.06338173073996514,-0.96
35.8,0.001905628120884984,0.0593563234071789,-0.96
35.809999999999995,0.001904338922367209,0.055036983030996425,-0.9500000000000071
35.81999999999999,0.0019028111225435319,0.05060587512988515,-0.9599999999999929
35.82999999999999,0.00190106911391062,0.04622988760023485,-0.96
35.839999999999996,0.0018991457507770292,0.04205661687669169,-0.9500000000000071
35.849999999999994,0.0018970846550292791,0.0382131724236268,-0.95
35.85999999999999,0.0018949399175006618,0.03480536380585373,-0.95
35.87,0.0018927728453956435,0.03191464260931096,-0.94
35.879999999999995,0.0018906462045421232,0.0295914985528615,-0.9499999999999929
35.88999999999999,0.0018886172022861997,0.02784623004355819,-0.940000000000007
35.89999999999999,0.0018867309858220057,0.026639973794103454,-0.94
35.91,0.0018850164793820083,0.02587978433991913,-0.94
35.919999999999995,0.0018834858806665025,0.025421071680758776,-0.94
35.92999999999999,0.0018821381892659575,0.025078978079921578,-0.94
35.94,0.0018809660252360793,0.024647887460207546,-0.94
35.949999999999996,0.0018799640666856737,0.023925964538365884,-0.94
35.959999999999994,0.0018791369650942883,0.02274018107236432,-0.94
35.96999999999999,0.0018785046897146754,0.020967287464679657,-0.9300000000000072
35.98,0.001878103842078763,0.018547598489995952,-0.93
35.989999999999995,0.0018779843757164437,0.015490516797092088,-0.93
35.99999999999999,0.0018782021109754778,0.01187239009918272,-0.93
36.01,0.0018788082498797367,0.00782804698710218,-0.93
36.019999999999996,0.0018798376610621866,0.0035375181315415874,-0.93
36.029999999999994,0.0018812979802711406,-0.000790363240237278,-0.93
36.03999999999999,0.0018831615508773333,-0.004935563771268081,-0.9200000000000071
36.05,0.001885361910934874,-0.008683952791842638,-0.92
36.059999999999995,0.001887795913123222,-0.011843073084354977,-0.92
36.06999999999999,0.001890331653824184,-0.01425675454447684,-0.92
36.07999999999999,0.0018928212870524424,-0.01581883915098261,-0.92
36.089999999999996,0.001895116742370821,-0.01648494886134921,-0.92
36.099999999999994,0.0018970856629734675,-0.01627934870704471,-0.9100000000000071
36.10999999999999,0.0018986247798343239,-0.015293229675632727,-0.91
36.12,0.0018996685236520264,-0.013672269808160872,-0.91
36.129999999999995,0.0019001918170405915,-0.011594696693111866,-0.91
36.13999999999999,0.0019002073456520566,-0.009244451354609367,-0.91
36.14999999999999,0.0018997587506140352,-0.006785615534484602,-0.91
36.16,0.0018989117917345127,-0.004343518384033576,-0.91
36.169999999999995,0.0018977454953464016,-0.0019957222881188123,-0.9000000000000071
36.17999999999999,0.0018963447297200414,0.00022646083004780967,-0.9
36.19,0.0018947948075061433,0.0023275828466993607,-0.9
36.199999999999996,0.0018931779185705907,0.004332296747560268,-0.9
36.209999999999994,0.0018915707009728225,0.0062685199718143046,-0.9
36.21999999999999,0.0018900421723516744,0.008153260003104441,-0.9
36.23,0.001888651523763227,0.009983503277513364,-0.9
36.239999999999995,0.0018874457497125136,0.011733344600136938,-0.8900000000000071
36.24999999999999,0.0018864575206530311,0.013357627515191999,-0.89
36.26,0.0018857039091250423,0.014801506273955298,-0.89
36.269999999999996,0.0018851864785325878,0.016014336791379445,-0.89
36.279999999999994,0.0018848928804550984,0.01696516715976781,-0.8800000000000071
36.28999999999999,0.001884799638217398,0.01765611865310096,-0.8899999999999929
36.3,0.0018848754235415634,0.0181298563245959,-0.89
36.309999999999995,0.001885084014089169,0.018468759786796896,-0.8800000000000071
36.31999999999999,0.0018853863008657858,0.0187856697842734,-0.88
36.32999999999999,0.001885741132076234,0.01920768284365824,-0.88
36.339999999999996,0.0018861052809122107,0.019855135715765984,-0.8700000000000071
36.349999999999994,0.0018864332210693435,0.0208188623639846,-0.8799999999999929
36.35999999999999,0.001886677538984207,0.022140257465963972,-0.8700000000000071
36.37,0.0018867906508220392,0.023799206252937546,-0.87
36.379999999999995,0.0018867280743194135,0.025713451827543386,-0.87
36.38999999999999,0.001886452971791591,0.027750074143170524,-0.87
36.39999999999999,0.0018859412141150468,0.0297469635723589,-0.8600000000000071
36.41,0.0018851859665167492,0.03154032928498431,-0.87
36.419999999999995,0.0018842008324820125,0.03299309018237722,-0.8600000000000071
36.42999999999999,0.00188302088238572,0.0340181670192094,-0.8699999999999929
36.44,0.0018817013235650863,0.03459082676758271,-0.86
36.449999999999996,0.0018803139864514318,0.03474613436383458,-0.86
36.459999999999994,0.001878942089748144,0.03456123299231979,-0.86
36.46999999999999,0.0018776738643662238,0.034126530769525106,-0.86
36.48,0.001876595588416562,0.033513335830292,-0.85
36.489999999999995,0.001875784487163288,0.03274674541489245,-0.8599999999999929
36.49999999999999,0.0018753018677770117,0.031791136476804226,-0.8500000000000071
36.50999999999999,0.0018751868478614376,0.03055196745179484,-0.85
36.519999999999996,0.0018754511099581123,0.028893191488313392,-0.85
36.529999999999994,0.0018760752360985743,0.026665807766671205,-0.85
36.53999999999999,0.0018770072772222655,0.023740756104297666,-0.8400000000000071
36.55,0.0018781642074843282,0.020038840205423906,-0.85
36.559999999999995,0.0018794367305246383,0.015551650755392677,-0.85
36.56999999999999,0.0018806975117985438,0.010350092003879778,-0.85
36.57999999999999,0.0018818123490407072,0.004580091313908137,-0.8400000000000071
36.589999999999996,0.0018826531905730382,-0.001552686005449502,-0.84
36.599999999999994,0.001883111445605164,-0.0078060291775889894,-0.84
36.60999999999999,0.0018831098502233592,-0.013928485380713429,-0.84
36.62,0.0018826113207646342,-0.019686773042108335,-0.84
36.629999999999995,0.001881623700127847,-0.024889728660190232,-0.84
36.63999999999999,0.0018801999409922504,-0.029405857673198903,-0.84
36.64999999999999,0.0018784338909860786,-0.03317212364275802,-0.8300000000000071
36.66,0.0018764523154163383,-0.036192479948233214,-0.83
36.669999999999995,0.0018744040728503818,-0.03852615207337601,-0.83
36.67999999999999,0.0018724474771626162,-0.040267523075086784,-0.83
36.69,0.0018707368948719365,-0.04152117515486172,-0.83
36.699999999999996,0.0018694095958555266,-0.042376791524686125,-0.83
36.709999999999994,0.001868573834733298,-0.04288873679146619,-0.83
36.71999999999999,0.001868299096167207,-0.043063953090487855,-0.8200000000000071
36.73,0.0018686093734942423,-0.042859898768067714,-0.82
36.739999999999995,0.001869480235956352,-0.042192570984669074,-0.82
36.74999999999999,0.0018708402354231687,-0.040953470061733076,-0.82
36.75999999999999,0.001872576864635354,-0.039033364101693925,-0.82
36.769999999999996,0.0018745467792049416,-0.03634978128834789,-0.82
36.779999999999994,0.0018765893732584687,-0.03287434352004858,-0.82
36.78999999999999,0.0018785421879980511,-0.028655376943054242,-0.8100000000000072
36.8,0.0018802562231488924,-0.023831036075583983,-0.81
36.809999999999995,0.0018816091672528518,-0.018629085046848737,-0.81
36.81999999999999,0.0018825149161084522,-0.013351802476917305,-0.81
36.82999999999999,0.0018829284355046652,-0.008347728049477214,-0.81
36.839999999999996,0.0018828458549126077,-0.0039748948977192675,-0.81
36.849999999999994,0.0018823004177374186,-0.0005616357293570787,-0.8000000000000071
36.85999999999999,0.0018813553890036322,0.0016291825803678005,-0.8
36.87,0.0018800951814754384,0.002428025558631814,-0.8
36.879999999999995,0.001878615857119259,0.0017760327170761737,-0.8
36.88999999999999,0.0018770159025041588,-0.0002692286066634683,-0.8
36.89999999999999,0.0018753878899589078,-0.0035398168724138685,-0.8
36.91,0.001873811420377549,-0.007775006559899111,-0.8
36.919999999999995,0.0018723476446675829,-0.012649078238468416,-0.7900000000000071
36.92999999999999,0.0018710356642785933,-0.017805922860578638,-0.79
36.94,0.0018698911474764408,-0.022894996820461314,-0.79
36.949999999999996,0.0018689074699809534,-0.027602629293912058,-0.79
36.959999999999994,0.0018680595147598927,-0.031674183830099706,-0.79
36.96999999999999,0.0018673099170099135,-0.03492521182843304,-0.79
36.98,0.001866617066044873,-0.03724240105402688,-0.79
36.989999999999995,0.0018659437099055225,-0.03857713800267179,-0.7800000000000071
36.99999999999999,0.0018652647256841715,-0.03893533245741372,-0.78
37.00999999999999,0.001864572655684246,-0.038366555426970705,-0.78
37.019999999999996,0.0018638800082474653,-0.03695412088367929,-0.78
37.029999999999994,0.001863218005800431,-0.034806502241313354,-0.78
37.03999999999999,0.0018626322432548556,-0.03204978807876868,-0.78
37.05,0.0018621763596285998,-0.02882068032905729,-0.77
37.059999999999995,0.00186190513658423,-0.025260023754343143,-0.77
37.06999999999999,0.001861868347261942,-0.021507863135639006,-0.77
37.07999999999999,0.0018621062465481349,-0.01770142685307211,-0.77
37.089999999999996,0.0018626469927899667,-0.013976250217319998,-0.77
37.099999999999994,0.0018635057398141606,-0.010468229427207347,-0.77
37.10999999999999,0.0018646848024427899,-0.007312340985520523,-0.7600000000000071
37.12,0.0018661742359950219,-0.004633938676819646,-0.77
37.129999999999995,0.0018679523407477178,-0.0025315366551037113,-0.7600000000000071
37.13999999999999,0.0018699859035286766,-0.0010543951322261077,-0.76
37.14999999999999,0.0018722302956736773,-0.00018179254878015599,-0.76
37.16,0.001874629755657917,0.00018803457982801862,-0.76
37.169999999999995,0.001877118240953189,0.0002332439949559706,-0.7500000000000071
37.17999999999999,0.00187962113901386,0.00018651330103959995,-0.7599999999999929
37.19,0.001882057934950336,0.00029995140802591456,-0.75
37.199999999999996,0.001884345722194056,0.0008049386738885394,-0.75
37.209999999999994,0.0018864032781873447,0.001875855188742304,-0.75
37.21999999999999,0.0018881553406637718,0.003604206633377304,-0.75
37.23,0.001889536709129561,0.005985827102567827,-0.75
37.239999999999995,0.0018904958371806489,0.00892093034625509,-0.75
37.24999999999999,0.001890997647289505,0.012225894012814145,-0.7400000000000071
37.25999999999999,0.001891025379592934,0.015655748234475853,-0.7499999999999929
37.269999999999996,0.0018905813863332689,0.01893540287492501,-0.7400000000000071
37.279999999999994,0.0018896869044379761,0.021795361747673304,-0.74
37.28999999999999,0.0018883809541011879,0.024005906337953214,-0.74
37.3,0.001886718579817716,0.025404139471883885,-0.74
37.309999999999995,0.0018847686480593382,0.02591032128375061,-0.7300000000000071
37.31999999999999,0.0018826113515821594,0.025531941690267214,-0.7399999999999929
37.32999999999999,0.001880335474373591,0.024355500039926894,-0.7300000000000071
37.339999999999996,0.0018780353770907398,0.02252771164901438,-0.73
37.349999999999994,0.0018758075986583013,0.020229835409411943,-0.73
37.35999999999999,0.0018737469556649618,0.01765014820054788,-0.73
37.37,0.0018719420681315689,0.014959682305115267,-0.73
37.379999999999995,0.0018704703478830886,0.012295056012963776,-0.73
37.38999999999999,0.0018693926419903377,0.00974996833252635,-0.73
37.39999999999999,0.0018687479059912183,0.007374874688909265,-0.73
37.41,0.0018685484601472758,0.005183436885174618,-0.72
37.419999999999995,0.0018687765229345272,0.0031641924608033917,-0.72
37.42999999999999,0.0018693827832965695,0.0012956762985734359,-0.72
37.44,0.0018702877304779045,-0.00043726079459957903,-0.72
37.449999999999996,0.0018713862714714114,-0.0020286947725154086,-0.72
37.459999999999994,0.001872555799126205,-0.003441487226760362,-0.72
37.46999999999999,0.001873667321507199,-0.004604644447464133,-0.7100000000000071
37.48,0.0018745985879594842,-0.005419923003144059,-0.71
37.489999999999995,0.0018752475114286666,-0.005777063826603171,-0.71
37.49999999999999,0.0018755438080446316,-0.005574258967493154,-0.71
37.50999999999999,0.0018754568336021844,-0.004738915245032272,-0.71
37.519999999999996,0.0018749981571919553,-0.003244384511897103,-0.71
37.529999999999994,0.001874218381278746,-0.00112029508618381,-0.71
37.53999999999999,0.0018731988405363267,0.001543968148635369,-0.7000000000000071
37.55,0.001872039761526926,0.004601879545131015,-0.7
37.559999999999995,0.0018708469893944978,0.007857362673734014,-0.7
37.56999999999999,0.0018697193965809481,0.011076768920968304,-0.7
37.57999999999999,0.0018687386531469673,0.01400533577565123,-0.690000000000007
37.589999999999996,0.0018679623467603842,0.016387770320522337,-0.6999999999999929
37.599999999999994,0.0018674207215853083,0.017991217317440623,-0.7
37.60999999999999,0.0018671167333476754,0.01862809463644778,-0.690000000000007
37.62,0.0018670287650847767,0.018176616290330582,-0.69
37.629999999999995,0.0018671152046160799,0.016597179677804618,-0.69
37.63999999999999,0.001867320097686224,0.013942451268911188,-0.69
37.64999999999999,0.0018675791946085362,0.010358629369389671,-0.69
37.66,0.0018678258481654064,0.00607592763042113,-0.68
37.669999999999995,0.0018679963627577878,0.001387834752381217,-0.6899999999999928
37.67999999999999,0.0018680345231773207,-0.0033792901117825876,-0.6800000000000072
37.69,0.0018678951400441755,-0.007902421533687197,-0.68
37.699999999999996,0.0018675465389044199,-0.011897810892415595,-0.68
37.709999999999994,0.001866971997584775,-0.015149671034286352,-0.68
37.71999999999999,0.001866170208999707,-0.01752598870475283,-0.6700000000000071
37.73,0.0018651549133644487,-0.018979456869615354,-0.68
37.739999999999995,0.0018639538894191082,-0.019535889623669027,-0.6700000000000071
37.74999999999999,0.0018626074964379219,-0.019275467422663457,-0.67
37.75999999999999,0.0018611669046461176,-0.018312454483486618,-0.67
37.769999999999996,0.0018596920489339437,-0.016777274197584235,-0.67
37.779999999999994,0.0018582492195086853,-0.01480273140813257,-0.67
37.78999999999999,0.0018569081113877697,-0.012514880902831427,-0.67
37.8,0.0018557381448340473,-0.010028589309911589,-0.66
37.809999999999995,0.001854803977481717,-0.007447567536730153,-0.6699999999999929
37.81999999999999,0.001854160359247809,-0.004868053600973156,-0.6600000000000071
37.82999999999999,0.0018538467905163459,-0.0023846319064507286,-0.66
37.839999999999996,0.0018538827415050154,-9.649982920106512e-05,-0.66
37.849999999999994,0.001854264359787475,0.0018871538139422224,-0.66
37.85999999999999,0.0018549635342168481,0.0034439032561612098,-0.6500000000000071
37.87,0.0018559298544646137,0.004438757187034055,-0.66
37.879999999999995,0.0018570954545083123,0.0047308097616989035,-0.6500000000000071
37.88999999999999,0.0018583821062374756,0.004186915094397724,-0.65
37.89999999999999,0.0018597094366018037,0.0027012363079097945,-0.65
37.91,0.001861002935009859,0.00021724031693303402,-0.65
37.919999999999995,0.0018622005494180207,-0.0032525179892306235,-0.65
37.92999999999999,0.0018632570816536028,-0.007613254935605469,-0.65
37.94,0.001864146138826951,-0.012684682599229962,-0.65
37.949999999999996,0.0018648598994581427,-0.01820912220795944,-0.65
37.959999999999994,0.0018654072747311267,-0.023870449817214746,-0.6400000000000071
37.96999999999999,0.0018658111371711583,-0.02932113028269425,-0.64
37.98,0.0018661051804904716,-0.03421302825358376,-0.64
37.989999999999995,0.0018663307488863499,-0.03822748943372408,-0.64
37.99999999999999,0.0018665337346714104,-0.04110139046267951,-0.64
38.00999999999999,0.0018667614725963815,-0.04264741367873431,-0.64
38.019999999999996,0.0018670594979464863,-0.042767619131389524,-0.64
38.029999999999994,0.0018674680824350832,-0.04145954404875701,-0.6300000000000071
38.03999999999999,0.001868018585481061,-0.03881430133783592,-0.63
38.05,0.0018687298125711373,-0.03500675784285425,-0.63
38.059999999999995,0.0018696047154894146,-0.030278707972022107,-0.63
38.06999999999999,0.00187062787343871,-0.024916916927901673,-0.63
38.07999999999999,0.0018717642413531557,-0.019228840265791365,-0.63
38.089999999999996,0.0018729596266678235,-0.013519289686878846,-0.63
38.099999999999994,0.0018741432436902407,-0.008070843287037586,-0.6200000000000071
38.10999999999999,0.0018752324837410528,-0.003129454044361633,-0.62
38.12,0.0018761397304685066,0.0011048796425544838,-0.62
38.129999999999995,0.0018767806762088773,0.00448359640634059,-0.62
38.13999999999999,0.0018770832340749073,0.006912498264762088,-0.62
38.14999999999999,0.0018769958951226303,0.008352689971856318,-0.62
38.16,0.0018764943406919998,0.008819518731615458,-0.62
38.169999999999995,0.0018755853286455662,0.008379695711310269,-0.6100000000000071
38.17999999999999,0.001874307296914637,0.007147247416154822,-0.61
38.18999999999999,0.001872727657118171,0.005278749352974901,-0.61
38.199999999999996,0.00187093723701843,0.002967252830142806,-0.61
38.209999999999994,0.0018690426625553283,0.00043330737388251427,-0.61
38.21999999999999,0.001867157613626656,-0.0020883486045219974,-0.61
38.23,0.0018653938694616788,-0.004366407087219981,-0.6
38.239999999999995,0.0018638529363062422,-0.006193236221731678,-0.6
38.24999999999999,0.0018626188817970073,-0.007405044948631825,-0.6
38.25999999999999,0.0018617528264785932,-0.007898793729138775,-0.6
38.269999999999996,0.0018612893770076611,-0.007642557264346651,-0.6
38.279999999999994,0.001861235129995323,-0.0066765861385154925,-0.6
38.28999999999999,0.001861569237016767,-0.005103890991763145,-0.6
38.3,0.0018622459091172778,-0.0030714946578694036,-0.6
38.309999999999995,0.0018631986507382085,-0.0007458021795588609,-0.5900000000000071
38.31999999999999,0.0018643459320999286,0.0017128607430812756,-0.59
38.32999999999999,0.0018655979213038755,0.00417113025239962,-0.5800000000000071
38.339999999999996,0.0018668638056937954,0.0065346102152897415,-0.5899999999999929
38.349999999999994,0.001868059153593595,0.008748982704352572,-0.59
38.35999999999999,0.0018691127186008486,0.01079103891044763,-0.59
38.37,0.0018699720768447445,0.012653080844957669,-0.58
38.379999999999995,0.0018706075184340048,0.014325713329909102,-0.58
38.38999999999999,0.001871013699113778,0.015784007326074146,-0.58
38.39999999999999,0.001871208715584963,0.016980464772121166,-0.58
38.41,0.001871230518340723,0.017845882912626936,-0.57
38.419999999999995,0.0018711309256210058,0.01829723192423081,-0.5799999999999929
38.42999999999999,0.0018709679154364663,0.01825068084359569,-0.5700000000000071
38.43999999999999,0.0018707972543278487,0.017637605438414278,-0.57
38.449999999999996,0.0018706647443087728,0.01642126810513517,-0.57
38.459999999999994,0.0018706003328590902,0.014611757668543248,-0.57
38.46999999999999,0.0018706150055184713,0.012276685807102285,-0.5600000000000072
38.48,0.0018707008267963782,0.0095451110008098,-0.57
38.489999999999995,0.0018708338581627801,0.006602534169564836,-0.57
38.49999999999999,0.0018709791439800972,0.003675914300519674,-0.57
38.50999999999999,0.0018710966589361383,0.001009495135168187,-0.5600000000000072
38.519999999999996,0.0018711471066766765,-0.001165664562541577,-0.56
38.529999999999994,0.0018710967092050548,-0.0026639789917771123,-0.56
38.53999999999999,0.0018709205173545807,-0.0033742530958349383,-0.56
38.55,0.001870604163510839,-0.0032799545125567317,-0.56
38.559999999999995,0.0018701442609602866,-0.0024661057462361537,-0.56
38.56999999999999,0.0018695477874496305,-0.0011100469457558792,-0.5500000000000071
38.57999999999999,0.001868830789039434,0.0005428261465296748,-0.55
38.589999999999996,0.0018680166551154338,0.0022130722428552333,-0.55
38.599999999999994,0.0018671341098927406,0.003623705263338287,-0.55
38.60999999999999,0.0018662149921351298,0.004532843833587172,-0.55
38.62,0.0018652918795523021,0.004758526331853857,-0.55
38.629999999999995,0.0018643956549480602,0.004193964196890483,-0.5400000000000071
38.63999999999999,0.001863553180010264,0.0028131674912936075,-0.54
38.64999999999999,0.0018627852995444015,0.0006681468967197267,-0.54
38.66,0.0018621054101545906,-0.0021201229786978744,-0.54
38.669999999999995,0.0018615187780382156,-0.005374545444139414,-0.54
38.67999999999999,0.0018610226883228119,-0.008876879904209562,-0.54
38.68999999999999,0.0018606073807757614,-0.012384261410265432,-0.54
38.699999999999996,0.0018602576093812442,-0.015646960395163875,-0.54
38.709999999999994,0.0018599545825299226,-0.018426314339245766,-0.54
38.71999999999999,0.0018596780054168172,-0.020510902551599493,-0.5300000000000071
38.73,0.001859407954044104,-0.021729467383835924,-0.53
38.739999999999995,0.001859126355314754,-0.021960833771076636,-0.53
38.74999999999999,0.0018588179254997435,-0.02114232914725763,-0.53
38.75999999999999,0.001858470526448835,-0.019277360758887283,-0.53
38.769999999999996,0.0018580750287625874,-0.016440504389226417,-0.53
38.779999999999994,0.0018576249047075034,-0.01277696972247008,-0.5200000000000071
38.78999999999999,0.0018571158734502664,-0.008494079277599655,-0.52
38.8,0.0018565459409837543,-0.0038446974965352047,-0.52
38.809999999999995,0.001855916083046493,0.0008952369820191282,-0.52
38.81999999999999,0.0018552316081428702,0.005451662202068133,-0.52
38.82999999999999,0.0018545039493756774,0.009576327265057177,-0.52
38.839999999999996,0.0018537523531534372,0.013067145467261735,-0.52
38.849999999999994,0.0018530047653184556,0.01578371437098091,-0.5100000000000071
38.85999999999999,0.0018522972435421087,0.01765782437049136,-0.51
38.87,0.0018516714760874737,0.018699254452814087,-0.51
38.879999999999995,0.001851170416895895,0.018996578127776817,-0.5000000000000071
38.88999999999999,0.0018508325409770754,0.018711264068187905,-0.5099999999999929
38.89999999999999,0.0018506856343300552,0.018062756175556558,-0.51
38.91,0.0018507412379850873,0.017303998471179766,-0.51
38.919999999999995,0.0018509908123802953,0.01669003057196264,-0.5000000000000071
38.92999999999999,0.0018514043991454407,0.016444299048852955,-0.5
38.93999999999999,0.0018519321223198811,0.016727450348610003,-0.5
38.949999999999996,0.0018525084086047708,0.017613028852838816,-0.5
38.959999999999994,0.0018530584086190894,0.01907447949274477,-0.5
38.96999999999999,0.001853505809146224,0.02098696849472276,-0.5
38.98,0.0018537810481385499,0.023144673878377205,-0.49
38.989999999999995,0.0018538288827313772,0.025290218605114403,-0.49
38.99999999999999,0.0018536143247724378,0.02714991322554016,-0.49
39.00999999999999,0.0018531261611069993,0.028467789555524117,-0.49
39.019999999999996,0.0018523776192558615,0.029032903673317102,-0.49
39.029999999999994,0.001851404187639204,0.028697078285680997,-0.49
39.03999999999999,0.0018502590628170195,0.027382901466681767,-0.4800000000000071
39.05,0.0018490070563239112,0.02508346162799549,-0.48
39.059999999999995,0.0018477179614334524,0.02185608724435818,-0.48
39.06999999999999,0.0018464603299902203,0.017812913208041993,-0.48
39.07999999999999,0.001845296378557225,0.013111228778659048,-0.48
39.089999999999996,0.0018442784146069503,0.007945536810514627,-0.48
39.099999999999994,0.0018434468446758376,0.002541158809159679,-0.4700000000000071
39.10999999999999,0.0018428295694978883,-0.002852757722117787,-0.4799999999999929
39.12,0.0018424424149802831,-0.007973662485187166,-0.47
39.129999999999995,0.0018422901895226676,-0.012561605944937318,-0.47
39.13999999999999,0.0018423679812803648,-0.016381331376929303,-0.47
39.14999999999999,0.0018426623930058329,-0.01924832584900172,-0.47
39.16,0.0018431525348504953,-0.02105372767610254,-0.46
39.169999999999995,0.0018438107341411892,-0.02178179038618215,-0.46999999999999287
39.17999999999999,0.0018446030532119832,-0.021515441936528087,-0.4600000000000071
39.18999999999999,0.0018454898106822076,-0.02042909559683804,-0.46
39.199999999999996,0.0018464263589769241,-0.01877102775312307,-0.46
39.209999999999994,0.001847364365607217,-0.01683893274755637,-0.46
39.21999999999999,0.0018482537697248795,-0.014951629276336082,-0.46
39.23,0.0018490454470953502,-0.013418511537057162,-0.46
39.239999999999995,0.0018496944460856556,-0.012507650368846655,-0.46
39.24999999999999,0.0018501634981550972,-0.012413995596898828,-0.4500000000000071
39.25999999999999,0.0018504263977443737,-0.013230590337036816,-0.45
39.269999999999996,0.0018504708103190951,-0.014927296997106976,-0.45
39.279999999999994,0.001850300104865993,-0.017342167724756857,-0.45
39.28999999999999,0.0018499339012397074,-0.020189523083490712,-0.45
39.3,0.0018494071493312832,-0.02308626832962314,-0.45
39.309999999999995,0.0018487677011686928,-0.02559477154161449,-0.4400000000000071
39.31999999999999,0.0018480724965507492,-0.02727724549147508,-0.44
39.32999999999999,0.0018473826535503827,-0.027753495774556297,-0.44
39.339999999999996,0.0018467579167075667,-0.026752428247414833,-0.44
39.349999999999994,0.0018462510348973566,-0.024149116132924045,-0.44
39.35999999999999,0.0018459026886897352,-0.019982955760672154,-0.44
39.37,0.0018457375506524543,-0.014456383943188647,-0.44
39.379999999999995,0.0018457619480349427,-0.007916103466865297,-0.4300000000000071
39.38999999999999,0.0018459634291112506,-0.0008195957927465875,-0.43
39.39999999999999,0.0018463123412569985,0.006310134006065985,-0.43
39.41,0.0018467653293183501,0.012938021938387658,-0.43
39.419999999999995,0.001847270462043648,0.018573631826384697,-0.4200000000000071
39.42999999999999,0.0018477734984398827,0.022824533021081703,-0.4299999999999929
39.43999999999999,0.0018482246367823667,0.025439524748094206,-0.43
39.449999999999996,0.0018485849805360596,0.02633642007361535,-0.4200000000000071
39.459999999999994,0.0018488319368384892,0.02561155229207975,-0.42
39.46999999999999,0.001848962846681354,0.023530170231547274,-0.42
39.48,0.001848996323245602,0.020498397940318495,-0.42
39.489999999999995,0.0018489710193435175,0.01701915965944115,-0.42
39.49999999999999,0.001848941822547757,0.013636481675138012,-0.42
39.50999999999999,0.001848973761531874,0.010874210408924462,-0.4100000000000071
39.519999999999996,0.0018491341849220478,0.009175963501264064,-0.41
39.529999999999994,0.0018494840265343793,0.008853336682986221,-0.41
39.53999999999999,0.0018500691621634606,0.010049332919424208,-0.41
39.55,0.0018509129430835558,0.01272305217407567,-0.41
39.559999999999995,0.0018520109148129123,0.016658953505902793,-0.41
39.56999999999999,0.0018533284769784086,0.021499669734726706,-0.41
39.57999999999999,0.0018548018395094625,0.02679690598354285,-0.4000000000000071
39.589999999999996,0.0018563421674393395,0.03207191728331166,-0.4
39.599999999999994,0.00185784239557159,0.03687587726424979,-0.4
39.60999999999999,0.0018591859241093656,0.04084075968862747,-0.4
39.62,0.001860256307848582,0.043713114012007386,-0.4
39.629999999999995,0.0018609470979621624,0.045366602065336034,-0.4
39.63999999999999,0.001861171118908106,0.04579386111400549,-0.4
39.64999999999999,0.0018608685859470458,0.04508257997929049,-0.3900000000000071
39.66,0.0018600135430569982,0.043383094614263325,-0.39
39.669999999999995,0.0018586181258578567,0.04087512279551338,-0.39
39.67999999999999,0.0018567341634272859,0.03774037142833913,-0.39
39.68999999999999,0.0018544516753010512,0.03414612987971346,-0.3800000000000071
39.699999999999996,0.001851893947755628,0.030242111733395277,-0.3899999999999929
39.709999999999994,0.0018492091348707065,0.026168767165422404,-0.3800000000000071
39.71999999999999,0.0018465587492621058,0.0220715885065681,-0.38
39.73,0.001844103947069179,0.018114244059896555,-0.38
39.739999999999995,0.0018419910475703327,0.014484009205553802,-0.38
39.74999999999999,0.0018403380841686147,0.011385302339633186,-0.38
39.75999999999999,0.0018392242113186318,0.009020662305337006,-0.38
39.769999999999996,0.0018386834301292875,0.007562494735556828,-0.3700000000000071
39.779999999999994,0.0018387034028916319,0.0071218674731761775,-0.37
39.78999999999999,0.0018392292827356673,0.007721348194279746,-0.37
39.8,0.0018401717195107308,0.0092776356788459,-0.37
39.809999999999995,0.0018414176871168145,0.011597562842434237,-0.37
39.81999999999999,0.00184284256478223,0.014388602527143636,-0.37
39.82999999999999,0.0018443219593701253,0.017282745353480337,-0.3600000000000071
39.839999999999996,0.0018457420018213207,0.019871050265811985,-0.3699999999999929
39.849999999999994,0.0018470072086977343,0.021745462524229025,-0.3600000000000071
39.85999999999999,0.0018480454101136472,0.022544135090563442,-0.36
39.87,0.0018488096716513462,0.021995639440146195,-0.36
39.879999999999995,0.0018492775438084066,0.019956101990495818,-0.36
39.88999999999999,0.0018494483010657436,0.016432668724842555,-0.3500000000000071
39.89999999999999,0.0018493390171270135,0.011587952575886233,-0.3599999999999929
39.91,0.0018489803200906058,0.005723300675284327,-0.35
39.919999999999995,0.0018484124842426577,-0.0007571009942565219,-0.35
39.92999999999999,0.0018476821970545506,-0.007395498650686434,-0.35
39.93999999999999,0.001846839986370716,-0.01373517931790756,-0.35
39.949999999999996,0.0018459380151917156,-0.019371829414128756,-0.35
39.959999999999994,0.0018450278383315062,-0.023994032175596782,-0.35
39.96999999999999,0.0018441578025446435,-0.027407858229581382,-0.35
39.98,0.0018433700282390775,-0.02954416869274045,-0.34
39.989999999999995,0.0018426972392110432,-0.030450414050809404,-0.34
39.99999999999999,0.0018421599771560478,-0.030270040725701088,-0.34
40.00999999999999,0.001841764843682859,-0.029212537891874443,-0.34
40.019999999999996,0.0018415043093776607,-0.027517173943371182,-0.34
40.029999999999994,0.0018413583441488784,-0.02541441316840914,-0.34
40.03999999999999,0.0018412977462637923,-0.02309041795075937,-0.34
40.05,0.0018412886972346062,-0.020660748953592597,-0.34
40.059999999999995,0.001841297837847931,-0.01815833187518607,-0.3300000000000071
40.06999999999999,0.0018412970838723713,-0.015537970345251829,-0.33
40.07999999999999,0.0018412674676029288,-0.012696288228640577,-0.33
40.089999999999996,0.0018412014650189224,-0.00950310831462543,-0.33
40.099999999999994,0.0018411035018519478,-0.0058382100243467095,-0.33
40.10999999999999,0.0018409885897926438,-0.0016261737995757935,-0.33
40.11999999999999,0.0018408793057435343,0.0031378459944378266,-0.3200000000000071
40.129999999999995,0.0018408015724970595,0.008376445807787328,-0.32
40.13999999999999,0.001840779895087068,0.013933802383852055,-0.32
40.14999999999999,0.0018408328105748411,0.019592961961666783,-0.32
40.16,0.001840969285548032,0.025102517648448265,-0.32
40.169999999999995,0.001841186634570088,0.030207961780581473,-0.32
40.17999999999999,0.001841470259105499,0.034682964497596135,-0.3100000000000071
40.18999999999999,0.0018417951827885484,0.038355878382675346,-0.31
40.199999999999996,0.0018421290654417025,0.041127352963057466,-0.31
40.209999999999994,0.0018424361773007238,0.04297693201229332,-0.31
40.21999999999999,0.0018426817307448213,0.043959484442647016,-0.31
40.23,0.0018428359884855414,0.044194380482454464,-0.31
40.239999999999995,0.0018428776603099089,0.04385020614590664,-0.3000000000000071
40.24999999999999,0.001842796223978614,0.04312642843002277,-0.3099999999999929
40.25999999999999,0.0018425929305042948,0.04223272397196767,-0.3000000000000071
40.269999999999996,0.001842280370717553,0.04136733000209924,-0.3
40.279999999999994,0.0018418805941406117,0.04069667558021851,-0.3
40.28999999999999,0.0018414218934463102,0.04033863197183405,-0.3
40.3,0.0018409345094415664,0.040351120746337184,-0.29
40.309999999999995,0.0018404456814100196,0.04072705178625487,-0.2999999999999929
40.31999999999999,0.0018399746633263488,0.04139581387006225,-0.2900000000000071
40.32999999999999,0.0018395285162618145,0.042231019583053336,-0.29
40.339999999999996,0.0018390995995438432,0.04306400160417736,-0.29
40.349999999999994,0.0018386656252060562,0.043702123464300906,-0.29
40.35999999999999,0.001838192839728348,0.043949884420882344,-0.29
40.36999999999999,0.0018376423418261705,0.04362988399112877,-0.29
40.379999999999995,0.0018369788163765616,0.042601117897849386,-0.28000000000000713
40.38999999999999,0.0018361802473894765,0.0407733485517104,-0.2899999999999929
40.39999999999999,0.0018352467024918956,0.03811692313562465,-0.28000000000000713
40.41,0.0018342062453261046,0.034667217282478534,-0.28
40.419999999999995,0.0018331164967140814,0.03052291913748935,-0.28
40.42999999999999,0.001832061241109914,0.025837870735746067,-0.28
40.43999999999999,0.001831142521573308,0.020806595142323983,-0.2700000000000071
40.449999999999996,0.0018304695741712315,0.015644112142004115,-0.2799999999999929
40.459999999999994,0.0018301464732995761,0.010561841496034676,-0.28
40.46999999999999,0.0018302603917952382,0.005743243008365606,-0.2700000000000071
40.48,0.0018308719827458053,0.0013243108102855565,-0.27
40.489999999999995,0.0018320087541237751,-0.002616167766827542,-0.27
40.49999999999999,0.0018336616732981543,-0.006054120492363085,-0.2600000000000071
40.50999999999999,0.0018357847831549582,-0.00900686536132998,-0.2699999999999929
40.519999999999996,0.0018382973918331092,-0.011513819777206578,-0.2600000000000071
40.529999999999994,0.001841088375759701,-0.013617518833955436,-0.2699999999999929
40.53999999999999,0.0018440222261910796,-0.015350137530362573,-0.2600000000000071
40.55,0.0018469465788614676,-0.016727982479044997,-0.26
40.559999999999995,0.001849701019054586,-0.01775339183809647,-0.26
40.56999999999999,0.0018521269104272548,-0.01842134785533357,-0.26
40.57999999999999,0.001854077856617607,-0.01872741833873508,-0.26
40.589999999999996,0.0018554302108914446,-0.018674201156557525,-0.26
40.599999999999994,0.0018560928675865705,-0.01827473154125332,-0.26
40.60999999999999,0.0018560154697210335,-0.017552807343632102,-0.2500000000000071
40.61999999999999,0.0018551941992197376,-0.016541374131828972,-0.25
40.629999999999995,0.0018536744855635976,-0.015280510823022236,-0.25
40.63999999999999,0.0018515502271643188,-0.013815924253660994,-0.25
40.64999999999999,0.0018489593944604153,-0.012197704722760746,-0.25
40.66,0.0018460761299286504,-0.010478591109588658,-0.25
40.669999999999995,0.001843099682303696,-0.008711683186655956,-0.2400000000000071
40.67999999999999,0.0018402407358703815,-0.006948608835026626,-0.24
40.68999999999999,0.0018377059324571285,-0.005239313527822744,-0.24
40.699999999999996,0.0018356816234343788,-0.0036333840472778903,-0.24
40.709999999999994,0.0018343181098910014,-0.0021811428923506257,-0.24
40.71999999999999,0.001833715804057685,-0.0009323171701866431,-0.24
40.73,0.001833914836409188,6.875305462765807e-05,-0.24
40.739999999999995,0.001834889587093722,0.00079084543571863,-0.24
40.74999999999999,0.0018365493692120056,0.00122489862965273,-0.23000000000000712
40.75999999999999,0.0018387459641075984,0.0013917916875461527,-0.23
40.769999999999996,0.0018412878700338792,0.0013454719197651544,-0.23
40.779999999999994,0.0018439600495253532,0.0011685063237650193,-0.23
40.78999999999999,0.0018465468779592837,0.0009595281905462419,-0.23
40.8,0.0018488552238976094,0.0008150188214509792,-0.23
40.809999999999995,0.001850734387239927,0.0008096017769585091,-0.2200000000000071
40.81999999999999,0.0018520900759678887,0.0009794267615563026,-0.22
40.82999999999999,0.0018528906176156891,0.0013129192481194088,-0.22
40.839999999999996,0.0018531649124710946,0.001751967824024539,-0.22
40.849999999999994,0.0018529929118537122,0.0022042659240550607,-0.22
40.85999999999999,0.001852490399250873,0.0025646780001249117,-0.22
40.86999999999999,0.001851790468501225,0.0027411795958626733,-0.22
40.879999999999995,0.0018510243404253571,0.0026798710906531277,-0.2100000000000071
40.88999999999999,0.0018503040788036952,0.0023839046442679763,-0.21
40.89999999999999,0.0018497093964410468,0.001922307122262392,-0.21
40.91,0.0018492801105923714,0.0014260891112798386,-0.2
40.919999999999995,0.0018490149509342048,0.0010707598426856761,-0.2099999999999929
40.92999999999999,0.0018488764315303845,0.0010466751182771302,-0.21
40.93999999999999,0.001848800541712722,0.0015214619819746867,-0.21
40.949999999999996,0.0018487093012572859,0.0026013369414278104,-0.21
40.959999999999994,0.0018485239259282556,0.004299141695968449,-0.20000000000000712
40.96999999999999,0.0018481765135998994,0.006515657124189075,-0.2
40.98,0.0018476187171692702,0.009038049339240496,-0.2
40.989999999999995,0.0018468266386449056,0.011556524184696833,-0.1900000000000071
40.99999999999999,0.0018458019369498885,0.013697881506922522,-0.1999999999999929
41.00999999999999,0.0018445697208131224,0.015072507355437335,-0.2
41.019999999999996,0.001843174130019714,0.015329517923932312,-0.1900000000000071
41.029999999999994,0.0018416726080581745,0.014213161075786776,-0.19
41.03999999999999,0.0018401297946319295,0.011611793689759703,-0.19
41.05,0.0018386117864995315,0.007589651588840363,-0.18
41.059999999999995,0.001837181285323186,0.0023932974453820693,-0.1899999999999929
41.06999999999999,0.0018358939065339715,-0.003570289143496573,-0.1800000000000071
41.07999999999999,0.0018347956908555463,-0.009780610222512757,-0.1899999999999929
41.089999999999996,0.0018339216735631053,-0.015667319357677057,-0.1800000000000071
41.099999999999994,0.0018332952613427562,-0.02068039693024197,-0.18
41.10999999999999,0.0018329281634669242,-0.02435669464742992,-0.18
41.11999999999999,0.0018328207166209392,-0.026374169225780016,-0.18
41.129999999999995,0.0018329625945802174,-0.026587542680036245,-0.18
41.13999999999999,0.0018333340418339704,-0.025041952056352134,-0.18
41.14999999999999,0.0018339078391466576,-0.02196383347808771,-0.17000000000000712
41.16,0.0018346521364477435,-0.017730816690399376,-0.17
41.169999999999995,0.001835534051429464,-0.012824713733833896,-0.17
41.17999999999999,0.001836523577413263,-0.007773494064907577,-0.17
41.18999999999999,0.0018375970003361906,-0.0030895890401046637,-0.1600000000000071
41.199999999999996,0.0018387388620460213,0.000787090284822153,-0.1699999999999929
41.209999999999994,0.0018399416570352948,0.003533451738891256,-0.17
41.21999999999999,0.0018412029442775603,0.004969590137796278,-0.17
41.23,0.00184252029728496,0.005065972398057743,-0.16
41.239999999999995,0.0018438852793160503,0.003933265864709724,-0.16
41.24999999999999,0.001845278135724022,0.0017980286804569205,-0.16
41.25999999999999,0.0018466649215183812,-0.0010317437856054246,-0.16
41.269999999999996,0.0018479982564910877,-0.004206427732257626,-0.16
41.279999999999994,0.0018492219348388514,-0.00737493159180578,-0.16
41.28999999999999,0.0018502785001530324,-0.010220912671326103,-0.1500000000000071
41.3,0.0018511179999060753,-0.012491960807915382,-0.15
41.309999999999995,0.0018517057515827166,-0.014019896209140254,-0.15
41.31999999999999,0.0018520272017637038,-0.014731314141516835,-0.15
41.32999999999999,0.0018520887508088216,-0.014648191326176976,-0.15
41.339999999999996,0.0018519144806298721,-0.01387887711522152,-0.15
41.349999999999994,0.0018515397168996795,-0.012600192855822942,-0.15
41.35999999999999,0.0018510030123962977,-0.011031887173339102,-0.14000000000000712
41.36999999999999,0.0018503383481409542,-0.009405771750190113,-0.14
41.379999999999995,0.0018495691492062226,-0.007933316847814424,-0.14
41.38999999999999,0.0018487052270755643,-0.006776454984314885,-0.14
41.39999999999999,0.0018477431442859259,-0.006026298624838266,-0.14
41.41,0.0018466698741351944,-0.005693510467215841,-0.14
41.419999999999995,0.00184546907021951,-0.0057121620615283066,-0.14
41.42999999999999,0.0018441288114362164,-0.005956013243300325,-0.1300000000000071
41.43999999999999,0.001842649395524546,-0.006263039225839655,-0.13
41.449999999999996,0.0018410496733851887,-0.00646231280608454,-0.13
41.459999999999994,0.0018393705921073509,-0.006397857383381019,-0.13
41.46999999999999,0.0018376750565667795,-0.0059459714676761664,-0.13
41.48,0.0018360438726115725,-0.005024395648742286,-0.13
41.489999999999995,0.0018345682652535374,-0.0035932810525234234,-0.13
41.49999999999999,0.0018333400980373579,-0.001649802294776233,-0.1200000000000071
41.50999999999999,0.0018324413121220374,0.0007798039721272001,-0.12
41.519999999999996,0.0018319341914259475,0.0036463837059886794,-0.12
41.529999999999994,0.0018318538618791738,0.006879501567896474,-0.12
41.53999999999999,0.0018322040314977034,0.010385242819746666,-0.12
41.55,0.0018329564794065595,0.014043980099774278,-0.12
41.559999999999995,0.0018340542807768268,0.01771288423928072,-0.12
41.56999999999999,0.0018354182412665266,0.02123616495771661,-0.1100000000000071
41.57999999999999,0.001836955539005738,0.024462544143693768,-0.11
41.589999999999996,0.0018385692082076189,0.027266178887218575,-0.11
41.599999999999994,0.0018401669505286955,0.029565509917340936,-0.11
41.60999999999999,0.0018416679092989577,0.03133464460830628,-0.11
41.61999999999999,0.0018430064997956804,0.03260360304120773,-0.11
41.629999999999995,0.0018441330735459278,0.033446584581601345,-0.11
41.63999999999999,0.001845011929048835,0.03396060493488713,-0.10000000000000711
41.64999999999999,0.0018456177490823557,0.034239349375021044,-0.1
41.66,0.0018459317836529516,0.03434826017885886,-0.1
41.669999999999995,0.0018459389579245332,0.03430684548469556,-0.1
41.67999999999999,0.001845626634416056,0.03408283806765925,-0.0900000000000071
41.68999999999999,0.0018449851619378908,0.033599736730636855,-0.0999999999999929
41.699999999999996,0.0018440098040185889,0.03275528319949575,-0.0900000000000071
41.709999999999994,0.0018427033243238503,0.031445603212498154,-0.09
41.71999999999999,0.0018410784920453811,0.029589163714894142,-0.09
41.73,0.0018391600194097495,0.027145803369912253,-0.09
41.739999999999995,0.0018369858122263963,0.024128046563855237,-0.09
41.74999999999999,0.001834607710725921,0.020604321184329415,-0.09
41.75999999999999,0.0018320919759096093,0.016695827190952445,-0.08000000000000711
41.769999999999996,0.0018295195962318685,0.01256947321727897,-0.08999999999999289
41.779999999999994,0.0018269861243740172,0.008428327338999474,-0.08000000000000711
41.78999999999999,0.001824600369851027,0.0044996102286665885,-0.08
41.8,0.0018224810698293527,0.0010194978793983506,-0.08
41.809999999999995,0.0018207507884504081,-0.001785886560104879,-0.08
41.81999999999999,0.0018195267967022614,-0.0037231253698654034,-0.07000000000000711
41.82999999999999,0.001818909471164592,-0.0046564352047136935,-0.0799999999999929
41.839999999999996,0.0018189696065441605,-0.004532051224779392,-0.07000000000000711
41.849999999999994,0.0018197366879986693,-0.003397763992309242,-0.07
41.85999999999999,0.0018211903809787343,-0.0014124735590514332,-0.07
41.86999999999999,0.0018232571581279515,0.001158832649102385,-0.07
41.879999999999995,0.0018258131526730865,0.003967137913014959,-0.0600000000000071
41.88999999999999,0.0018286932349198671,0.006617410496273425,-0.0699999999999929
41.89999999999999,0.0018317052627545329,0.008717423177519676,-0.07
41.91,0.001834647699135671,0.009929315245548522,-0.06
41.919999999999995,0.00183732841214053,0.010015210280903561,-0.06
41.92999999999999,0.001839582448828726,0.008869526369600391,-0.06
41.93999999999999,0.001841286816070138,0.0065331048018079565,-0.06
41.949999999999996,0.0018423707159271761,0.0031875439847328115,-0.06
41.959999999999994,0.0018428202117652572,-0.0008683353527007942,-0.06
41.96999999999999,0.0018426769232858097,-0.0052551476375889946,-0.06
41.98,0.001842031033482218,-0.009556838145660622,-0.05
41.989999999999995,0.0018410095542654966,-0.013366424194705977,-0.05
41.99999999999999,0.0018397613243625963,-0.01632913814045607,-0.05
42.00999999999999,0.0018384405191604332,-0.01817887523538184,-0.05
42.019999999999996,0.0018371905191875712,-0.018763799721309926,-0.040000000000007106
42.029999999999994,0.0018361298428360025,-0.018057670050472343,-0.0499999999999929
42.03999999999999,0.0018353415496490766,-0.016155540545434166,-0.05
42.04999999999999,0.0018348671088934962,-0.013255212682476201,-0.040000000000007106
42.059999999999995,0.0018347052314406059,-0.009627914168115722,-0.04
42.06999999999999,0.001834815596833541,-0.0055827427835814175,-0.04
42.07999999999999,0.0018351268099189493,-0.001429615031695912,-0.04
42.089999999999996,0.001835547380256474,0.0025549406770242,-0.04
42.099999999999994,0.0018359781483126764,0.006155463095725374,-0.04
42.10999999999999,0.0018363244734856407,0.00923558005679665,-0.04
42.11999999999999,0.0018365066736185738,0.011743720381127849,-0.030000000000007104
42.129999999999995,0.0018364676149936316,0.01370478833407611,-0.03
42.13999999999999,0.0018361768865684366,0.015198033208180476,-0.03
42.14999999999999,0.001835631522195515,0.016324346344234283,-0.03
42.16,0.001834853664235993,0.01716947646763147,-0.03
42.169999999999995,0.0018338858555401157,0.017771875533758596,-0.03
42.17999999999999,0.00183278480891026,0.01810377030350338,-0.03
42.18999999999999,0.0018316145503760423,0.01807108375992083,-0.020000000000007106
42.199999999999996,0.0018304397803217604,0.017532830054774937,-0.02
42.209999999999994,0.0018293201583641804,0.016335310393878626,-0.02
42.21999999999999,0.0018283060098896733,0.01435250218854173,-0.02
42.23,0.001827435700490279,0.011522570306652841,-0.01
42.239999999999995,0.0018267346699225996,0.007872004472170216,-0.019999999999992895
42.24999999999999,0.0018262159048275672,0.0035230501466287224,-0.010000000000007106
42.25999999999999,0.0018258814896570707,-0.0013151340946937046,-0.01
42.269999999999996,0.0018257248146826878,-0.006368090102329527,-0.01
42.279999999999994,0.0018257330283740236,-0.011325969663291306,-0.01
42.28999999999999,0.0018258893821446848,-0.015876981021568454,-0.01
42.29999999999999,0.0018261752106555713,-0.019739182469683363,-0.01
42.309999999999995,0.0018265714031553983,-0.02268566842644318,-0.01
42.31999999999999,0.001827059334419486,-0.024560134609539562,-0.01
42.32999999999999,0.0018276213229147724,-0.025282939998610594,-0.01
42.339999999999996,0.0018282407558110382,-0.0248500700378685,-0.01
42.349999999999994,0.0018289020541553812,-0.023327429152956953,-0.01
42.35999999999999,0.0018295906382582163,-0.02084142553779206,-0.01
42.36999999999999,0.0018302929911954674,-0.017565629794073744,-0.01
42.379999999999995,0.0018309968213381066,-0.013703412408187664,-0.01
42.38999999999999,0.0018316912285340494,-0.009467997719958004,-0.01
42.39999999999999,0.0018323667299938986,-0.005063456589649578,-0.01
42.41,0.0018330150374088992,-0.0006709331133280379,-0.01
