time_s,pressure_atm,force_N,position_mm
0.0,0.0015475037735916024,-0.1022833640063409,-0.01
0.010000000000001563,0.0015483148121778153,-0.07964305083374555,-0.01
0.019999999999999574,0.0015491188705768807,-0.058299310039778236,-0.01
0.030000000000001137,0.0015498962365625907,-0.03899151677952726,-0.01
0.03999999999999915,0.001550635435266005,-0.022265320972548804,-0.01
0.05000000000000071,0.0015513344095367731,-0.008449085833271437,-0.01
0.05999999999999872,0.0015519997093110635,0.002346882598032798,-0.01
0.07000000000000028,0.0015526436938849508,0.010210704149421516,-0.01
0.0799999999999983,0.0015532801423077142,0.015393785098694553,-0.01
0.08999999999999986,0.0015539190370235582,0.018266219588778585,-0.01
0.10000000000000142,0.0015545615372486213,0.01926883400858644,-0.01
0.10999999999999943,0.001555196214818866,0.018867208614091795,-0.01
0.11999999999999922,0.001555797458942767,0.017511681632056852,-0.01
0.13000000000000078,0.0015563265966222724,0.015605677890289575,-0.01
0.14000000000000057,0.0015567358018973507,0.013482972684941192,-0.01
0.15000000000000036,0.0015569743816914179,0.011393241728989636,-0.02
0.16000000000000014,0.001556996613436001,0.009495154761223937,-0.01
0.16999999999999993,0.0015567700172660563,0.007857208281775262,-0.02
0.17999999999999972,0.001556282794664933,0.006467066504534243,-0.02
0.1899999999999995,0.00155554916908267,0.00524928575174788,-0.02
0.1999999999999993,0.0015546115364693971,0.004089519563608679,-0.02
0.21000000000000085,0.0015535386903563703,0.002862007285722661,-0.03
0.22000000000000064,0.001552419927751458,0.0014569920751442919,-0.02
0.23000000000000043,0.001551355517887999,-0.0001947541270191584,-0.03
0.2400000000000002,0.001550444699156164,-0.002102935407775791,-0.02
0.25,0.0015497728912596844,-0.004207374885716188,-0.03
0.2599999999999998,0.0015494000313088841,-0.006379252010197177,-0.03
0.2699999999999996,0.0015493518071326281,-0.008434669079710078,-0.03
0.27999999999999936,0.0015496151060290463,-0.010157724912333948,-0.03
0.28999999999999915,0.0015501383428259306,-0.011327941445812903,-0.04
0.3000000000000007,0.001550836631353572,-0.011747126539664544,-0.04
0.3100000000000005,0.001551601134487872,-0.011262390267629306,-0.04
0.3200000000000003,0.0015523114199980288,-0.00978347307681937,-0.04
0.33000000000000007,0.0015528492800764295,-0.00729345026885135,-0.04
0.33999999999999986,0.0015531122688070475,-0.003852518085509077,-0.04
0.34999999999999964,0.0015530252183697628,0.00040485340621992813,-0.05
0.35999999999999943,0.0015525482534798575,0.005278621626807714,-0.05
0.3699999999999992,0.0015516803440034064,0.010516960159682774,-0.05
0.3800000000000008,0.0015504581564664249,0.01583491580678771,-0.05
0.39000000000000057,0.0015489507343752586,0.02093765304826051,-0.05
0.40000000000000036,0.0015472511597758635,0.02554636485839608,-0.05
0.41000000000000014,0.0015454666775259265,0.029422785726747953,-0.05000000000000006
0.41999999999999993,0.0015437087554169319,0.032387807065532154,-0.06
0.4299999999999997,0.0015420842626130396,0.034331541607664884,-0.06
0.4399999999999995,0.0015406885004158135,0.03521465528055019,-0.05
0.4499999999999993,0.0015396003585028781,0.03506232731114907,-0.06
0.46000000000000085,0.0015388795040262636,0.033952937278142095,-0.06
0.47000000000000064,0.001538565282757893,0.0320041625414133,-0.06
0.4800000000000004,0.0015386769149203434,0.029359385323428275,-0.06
0.4900000000000002,0.0015392145760999144,0.02617666135871353,-0.07
0.5,0.0015401610304824722,0.02262140130265706,-0.07
0.5099999999999998,0.0015414835909863765,0.018863236406019578,-0.07
0.5199999999999996,0.0015431362824126227,0.015077152249026364,-0.07
0.5299999999999994,0.0015450621554977618,0.011447783809375299,-0.07
0.5399999999999991,0.0015471957367465578,0.008173531792959383,-0.07
0.5500000000000007,0.0015494656079642324,0.005465369121676548,-0.07
0.5600000000000005,0.0015517970937470756,0.0035356812396255466,-0.08
0.5700000000000003,0.0015541149911516997,0.0025757221888388936,-0.08
0.5800000000000001,0.0015563462078810732,0.002725124489487274,-0.08
0.5899999999999999,0.0015584221107499746,0.0040411791841043114,-0.08
0.5999999999999996,0.001560280368753338,0.006477088045100004,-0.08
0.6099999999999994,0.0015618661439870964,0.009876118614372488,-0.08
0.6199999999999992,0.0015631326516390726,0.013983568812329603,-0.08
0.6300000000000008,0.0015640413432259264,0.018473057856101743,-0.08
0.6400000000000006,0.0015645621774471128,0.02298021676395227,-0.09
0.6500000000000004,0.0015646745200337934,0.027136573379748213,-0.09
0.6600000000000001,0.0015643690813907636,0.030599050795176403,-0.09
0.6699999999999999,0.001563650954106779,0.03307412815491365,-0.09
0.6799999999999997,0.0015625433265225744,0.03433785304227107,-0.09
0.6899999999999995,0.0015610909664297609,0.03425250892640466,-0.09000000000000011
0.6999999999999993,0.0015593622623393385,0.03277896419849745,-0.1
0.7100000000000009,0.0015574486194605084,0.029982515539295426,-0.1
0.7200000000000006,0.001555460392619803,0.026030333586057747,-0.1
0.7300000000000004,0.0015535192391983922,0.021179758110600848,-0.1
0.7400000000000002,0.0015517476049829286,0.015757655226259774,-0.1
0.75,0.0015502567634873364,0.0101317666343323,-0.1
0.7599999999999998,0.001549135210069256,0.004675875762440797,-0.1
0.7699999999999996,0.0015484391796563028,-0.0002681090335316309,-0.11
0.7799999999999994,0.0015481866541979363,-0.004426344212773322,-0.11
0.7899999999999991,0.001548355602580255,-0.0076210144793293945,-0.11
0.8000000000000007,0.0015488865418583377,-0.009783302017724621,-0.11
0.8100000000000005,0.001549688964524666,-0.010947137402392663,-0.11
0.8200000000000003,0.0015506507915973085,-0.011224617840247787,-0.11
0.8300000000000001,0.00155164977471836,-0.010769365545675803,-0.11000000000000011
0.8399999999999999,0.0015525656568669399,-0.009737086411827458,-0.12
0.8499999999999996,0.0015532918917087637,-0.008252399257259915,-0.11
0.8599999999999994,0.0015537458052781157,-0.006388872959323449,-0.12
0.8699999999999992,0.001553876253511395,-0.004166275793160676,-0.11
0.8800000000000008,0.0015536680729416534,-0.0015653298426391833,-0.12
0.8900000000000006,0.001553142916596721,0.0014441365543079478,-0.12
0.9000000000000004,0.0015523563873317923,0.004869642083862929,-0.12
0.9100000000000001,0.0015513917143979818,0.00866680565939824,-0.13
0.9199999999999999,0.001550350566028662,0.012722588240970879,-0.13
0.9299999999999997,0.0015493419368678752,0.016854986033201954,-0.12
0.9399999999999995,0.0015484703423531822,0.02082821333339745,-0.13
0.9499999999999993,0.0015478247153290926,0.02437929336736721,-0.13
0.9600000000000009,0.001547469367297531,0.027251471885127054,-0.13
0.9700000000000006,0.001547438123171969,0.029230354729466945,-0.13
0.9800000000000004,0.0015477322959996371,0.03017826484675605,-0.14
0.9900000000000002,0.0015483226247799463,0.030061097946031214,-0.13
1.0,0.0015491547650019085,0.028961617453286854,-0.14
1.0099999999999998,0.0015501574786511282,0.027075018836526035,-0.14
1.0199999999999996,0.0015512523487894953,0.02468633010902593,-0.14
1.0299999999999994,0.0015523636514994602,0.02213319331186489,-0.14
1.0399999999999991,0.001553426974126992,0.01976053346870276,-0.14
1.0500000000000007,0.0015543953068014487,0.017875123316257617,-0.15
1.0600000000000005,0.0015552416819275682,0.016707823104890846,-0.15
1.0700000000000003,0.0015559579896218304,0.016389093270951983,-0.14
1.08,0.0015565502899412256,0.01693974390526295,-0.15
1.0899999999999999,0.0015570316338699862,0.01827538011638082,-0.15
1.0999999999999996,0.0015574139177066519,0.020221266253008664,-0.15
1.1099999999999994,0.0015577004938123592,0.022534526690481838,-0.15
1.120000000000001,0.0015578810980516316,0.02493150022184035,-0.16
1.1300000000000008,0.0015579301780755711,0.02711837070547009,-0.15000000000000022
1.1400000000000006,0.0015578090399327217,0.028822338547619418,-0.16
1.1500000000000004,0.0015574715279531143,0.02981921581891131,-0.16
1.1600000000000001,0.001556872341417083,0.029953078068571018,-0.16
1.17,0.0015559766424557194,0.029145378724602395,-0.16
1.1799999999999997,0.0015547693547044994,0.027393662858336658,-0.16
1.1899999999999995,0.001553262510174485,0.024762068374731962,-0.17
1.1999999999999993,0.001551499191690093,0.021366739587903846,-0.17
1.2100000000000009,0.0015495530594207896,0.017359545103637835,-0.16
1.2200000000000006,0.001547523139689717,0.012913098898607915,-0.17
1.2300000000000004,0.0015455244167545607,0.008208797650475625,-0.17
1.2400000000000002,0.0015436756220639687,0.0034280369022011764,-0.17
1.25,0.0015420862210312291,-0.0012540758310369076,-0.17
1.2599999999999998,0.0015408447617914476,-0.0056733274591694,-0.18
1.2699999999999996,0.0015400104057055927,-0.009680173861533874,-0.18
1.2799999999999994,0.0015396086942161271,-0.013143611134058281,-0.18
1.2899999999999991,0.0015396316575033802,-0.015955931450054157,-0.18
1.3000000000000007,0.0015400415352946706,-0.018038617397811936,-0.18
1.3100000000000005,0.0015407768832056811,-0.019348741106971937,-0.18
1.3200000000000003,0.0015417597522304225,-0.019884283713240865,-0.18
1.33,0.0015429028872721202,-0.019686354579022916,-0.19
1.3399999999999999,0.0015441163311387582,-0.01883675539347361,-0.19
1.3499999999999996,0.0015453132498388317,-0.01745030090195852,-0.19
1.3599999999999994,0.0015464150614965162,-0.015662176677960632,-0.19
1.370000000000001,0.001547355989680806,-0.013611693078536649,-0.19
1.3800000000000008,0.001548087001370003,-0.011425542221308429,-0.19
1.3900000000000006,0.0015485788384935046,-0.009205025160181858,-0.19000000000000022
1.4000000000000004,0.0015488236556202096,-0.0070209873116610045,-0.2
1.4100000000000001,0.0015488347566656687,-0.00491744892432721,-0.2
1.42,0.0015486441332938368,-0.002921902461882992,-0.2
1.4299999999999997,0.001548297909920717,-0.0010582832594311063,-0.2
1.4399999999999995,0.001547850270015579,0.0006420599037258607,-0.2
1.4499999999999993,0.0015473568103531326,0.0021352305735032593,-0.2
1.4600000000000009,0.001546868415220023,0.0033666627921651753,-0.2
1.4700000000000006,0.0015464266170791814,0.004277747962368815,-0.21
1.4800000000000004,0.0015460610574613283,0.004813239765006718,-0.2
1.4900000000000002,0.0015457891940732615,0.004926900329052297,-0.21
1.5,0.0015456179548898083,0.004585828744246361,-0.21
1.5099999999999998,0.0015455467229021,0.003775655507605474,-0.21
1.5199999999999996,0.001545570889576952,0.0025083011934827594,-0.21
1.5299999999999994,0.0015456852306996555,0.0008322367263678805,-0.21
1.5399999999999991,0.001545886492737847,-0.0011568197389365516,-0.21
1.5500000000000007,0.0015461747778364628,-0.0033085185494988456,-0.22
1.5600000000000005,0.0015465535365626478,-0.005418087547662609,-0.22
1.5700000000000003,0.0015470281928225565,-0.007237083627664632,-0.22
1.58,0.001547603620884486,-0.008495009569032836,-0.22
1.5899999999999999,0.0015482808604308563,-0.008929611290795654,-0.22
1.5999999999999996,0.001549053582695769,-0.008322042829193067,-0.22
1.6099999999999994,0.0015499048993873003,-0.0065321319993709975,-0.23
1.620000000000001,0.0015508051264260787,-0.0035284379199922423,-0.22
1.6300000000000008,0.0015517110669665195,0.0005921793750780888,-0.23
1.6400000000000006,0.001552567254059095,0.0056000196671309645,-0.23
1.6500000000000004,0.0015533093859337551,0.011146139973584239,-0.23
1.6600000000000001,0.0015538698939119608,0.016794711985793395,-0.23
1.67,0.0015541852156717426,0.0220710532476767,-0.23
1.6799999999999997,0.0015542039483101041,0.026518537885975288,-0.24
1.6899999999999995,0.001553894713106725,0.029755661765409475,-0.24
1.6999999999999993,0.001553252388698953,0.03152461380995911,-0.23
1.7100000000000009,0.0015523014567731881,0.031723875393375484,-0.24
1.7200000000000006,0.0015510955935276053,0.030419511882611914,-0.24
1.7300000000000004,0.001549713280109831,0.027833362177462937,-0.24
1.7400000000000002,0.0015482499435226017,0.024310575601369053,-0.24
1.75,0.0015468077737171497,0.020272291335861708,-0.25
1.7599999999999998,0.0015454847334752369,0.01616100955062109,-0.25
1.7699999999999996,0.0015443643248070863,0.012386839863140394,-0.25
1.7799999999999994,0.0015435074350346094,0.00928241929024433,-0.25
1.7899999999999991,0.001542947162240188,0.007072284884548793,-0.25
1.8000000000000007,0.0015426870398979986,0.005859153352479895,-0.25
1.8100000000000005,0.0015427026363263668,0.005626339492841482,-0.26
1.8200000000000003,0.001542946131964049,0.006253448927135019,-0.26
1.83,0.001543353182312016,0.00754138980385066,-0.26
1.8399999999999999,0.0015438511658415828,0.009242296279347757,-0.26
1.8499999999999996,0.0015443678121963957,0.011090133589147521,-0.26
1.8599999999999994,0.0015448392193966988,0.012828481039204172,-0.26
1.870000000000001,0.0015452163961941403,0.014232886384403459,-0.26
1.8800000000000008,0.0015454696855315938,0.015126173298979948,-0.26000000000000023
1.8900000000000006,0.0015455907002820467,0.01538646411426136,-0.27
1.9000000000000004,0.00154559169261399,0.014949223218585314,-0.27
1.9100000000000001,0.0015455025556300192,0.0138054510009669,-0.27
1.92,0.0015453659084198675,0.011997795600266765,-0.27
1.9299999999999997,0.0015452309323349903,0.009615214905905783,-0.27
1.9399999999999995,0.001545146782066313,0.006785731822851881,-0.27
1.9499999999999993,0.0015451564542702837,0.003666600623128826,-0.28
1.9600000000000009,0.0015452919295636286,0.00043222074365932637,-0.28
1.9700000000000006,0.0015455712030339886,-0.002738340936884166,-0.28
1.9800000000000004,0.0015459975093225478,-0.00567190870091514,-0.28
1.9900000000000002,0.0015465606915190217,-0.008208956260256145,-0.28
2.0,0.0015472403343780102,-0.010209911580380893,-0.28
2.01,0.0015480100384300869,-0.011562447476726868,-0.28000000000000047
2.0199999999999996,0.001548842074429868,-0.012191384427717495,-0.29
2.030000000000001,0.0015497116269089814,-0.01207098393233812,-0.29
2.039999999999999,0.0015505999065409104,-0.011237647987623434,-0.29
2.0500000000000007,0.0015514955810026054,-0.009799701965525176,-0.29
2.0600000000000005,0.0015523942401574613,-0.00794009266656068,-0.29
2.0700000000000003,0.0015532959604632024,-0.005908065207309724,-0.29
2.08,0.0015542014236616095,-0.003997850918557153,-0.29
2.09,0.0015551073947149524,-0.002515642920263752,-0.3
2.0999999999999996,0.0015560025728745249,-0.0017392277816513208,-0.3
2.1099999999999994,0.0015568648193735183,-0.0018767624047553947,-0.29
2.120000000000001,0.0015576605119353706,-0.003032361292297752,-0.3
2.129999999999999,0.001558346326822437,-0.005185874985233567,-0.3
2.1400000000000006,0.001558873219124276,-0.008191520122368902,-0.3
2.1500000000000004,0.001559191909464015,-0.011795337061765835,-0.3
2.16,0.0015592589108945941,-0.015667205840696724,-0.31
2.17,0.0015590420969027379,-0.01944143434335359,-0.31
2.1799999999999997,0.0015585249977711712,-0.02276039072772529,-0.31
2.1899999999999995,0.0015577093308613095,-0.02531633136540312,-0.31
2.1999999999999993,0.0015566156078350042,-0.026886422471134062,-0.31
2.210000000000001,0.0015552819357978935,-0.027355769402316547,-0.31
2.2200000000000006,0.0015537613128582396,-0.026724440063638746,-0.31
2.2300000000000004,0.0015521178218366135,-0.025097304754191113,-0.32
2.24,0.0015504221682095846,-0.02265899492203497,-0.32
2.25,0.00154874700627637,-0.019639161796531822,-0.32
2.26,0.0015471624638219508,-0.01627480224936243,-0.32
2.2699999999999996,0.0015457322201761494,-0.01277648991231052,-0.32
2.280000000000001,0.0015445104224491328,-0.009303982335152347,-0.32
2.289999999999999,0.0015435396430508919,-0.005954244672520294,-0.32
2.3000000000000007,0.0015428499862167632,-0.0027621871169625245,-0.33
2.3100000000000005,0.0015424593338186094,0.0002877138667392691,-0.33
2.3200000000000003,0.0015423745737716198,0.0032419314202899096,-0.33
2.33,0.0015425934892463848,0.006154219540150786,-0.32
2.34,0.0015431068462405675,0.009061770836197264,-0.33
2.3499999999999996,0.0015439001588581742,0.011965152597983591,-0.33
2.3599999999999994,0.0015449546749501885,0.014815609564112358,-0.33
2.370000000000001,0.0015462473094316979,0.01751246211650334,-0.33
2.379999999999999,0.0015477495218423612,0.019911580589903947,-0.34
2.3900000000000006,0.0015494254270045531,0.02184360185140705,-0.33
2.4000000000000004,0.0015512296733413084,0.023138594297911822,-0.34
2.41,0.0015531057648093274,0.023652964767616587,-0.34
2.42,0.001554985507258159,0.02329464726779061,-0.34
2.4299999999999997,0.0015567901267026503,0.022043511802966955,-0.34
2.4399999999999995,0.001558433362960756,0.019964712305875508,-0.35
2.4499999999999993,0.0015598265312218964,0.017212954612982383,-0.34
2.460000000000001,0.0015608852075479852,0.01402568803427879,-0.35
2.4700000000000006,0.0015615368646317367,0.010703881562154825,-0.35
2.4800000000000004,0.0015617284984909428,0.007581007397900555,-0.35
2.49,0.001561433100528414,0.004983626134348245,-0.35
2.5,0.001560653812447807,0.0031893997483388244,-0.35
2.51,0.0015594248191489223,0.0023897087668734596,-0.36
2.5199999999999996,0.001557808515264273,0.0026638239935196247,-0.36
2.530000000000001,0.001555889167898954,0.0039693761236234025,-0.3500000000000004
2.539999999999999,0.0015537640235084747,0.006150159744372187,-0.36
2.5500000000000007,0.0015515333454693533,0.008958674773104027,-0.36
2.5600000000000005,0.001549291046645691,0.012088774788436223,-0.36
2.5700000000000003,0.0015471173459973907,0.01521354158572582,-0.36
2.58,0.0015450743096984106,0.01802388957347575,-0.37
2.59,0.0015432044223522034,0.02026333481596917,-0.36
2.5999999999999996,0.0015415316996380283,0.021754048699370136,-0.37
2.6099999999999994,0.0015400644724886355,0.02241006104873178,-0.37
2.620000000000001,0.00153879890745017,0.02223614052978623,-0.37
2.629999999999999,0.0015377225332753282,0.021314442494623352,-0.37
2.6400000000000006,0.001536817395143732,0.01978332556391649,-0.37
2.6500000000000004,0.0015360627984790736,0.017812804839695006,-0.38
2.66,0.001535437806946212,0.015579879509588914,-0.38
2.67,0.0015349236667963693,0.013246020797917452,-0.38
2.6799999999999997,0.0015345061668940677,0.010939085330156239,-0.38
2.6899999999999995,0.0015341777080157563,0.008742080751987054,-0.38
2.6999999999999993,0.00153393867637852,0.006690474076903478,-0.38
2.710000000000001,0.0015337976960723267,0.004778112111468043,-0.39
2.7200000000000006,0.0015337705057890808,0.002970190137100252,-0.39
2.7300000000000004,0.0015338775236752584,0.001220567975361703,-0.39
2.74,0.0015341405227149798,-0.0005099587517670723,-0.38
2.75,0.0015345791024573546,-0.002238041706229127,-0.39
2.76,0.0015352077021540675,-0.0039479024597720205,-0.39
2.7699999999999996,0.0015360337139393543,-0.0055889807371743636,-0.39
2.780000000000001,0.0015370568700046499,-0.007081220469634286,-0.4
2.789999999999999,0.0015382696303046497,-0.008326535671390854,-0.4
2.8000000000000007,0.0015396579618454087,-0.009224011974338076,-0.4
2.8100000000000005,0.0015412018100689796,-0.009686363616897778,-0.4
2.8200000000000003,0.001542874756784013,-0.009655621354392236,-0.4
2.83,0.0015446427762119696,-0.009116048996804803,-0.4
2.84,0.0015464624969852676,-0.00810194859694081,-0.4
2.8499999999999996,0.0015482797762077754,-0.006698268764731184,-0.41
2.8599999999999994,0.0015500295519905486,-0.0050332190757677005,-0.4
2.870000000000001,0.0015516378053682168,-0.0032639480449108906,-0.41
2.879999999999999,0.0015530260633647966,-0.0015577763017225936,-0.41
2.8900000000000006,0.001554118320969364,-7.16941878139559e-05,-0.41
2.9000000000000004,0.0015548496958047912,0.0010679046696600084,-0.41
2.91,0.0015551756791180146,0.0017838567519494035,-0.42
2.92,0.0015550805815587648,0.002063456629700353,-0.41
2.9299999999999997,0.0015545837165820572,0.0019675180829553814,-0.42
2.9399999999999995,0.0015537420147045916,0.0016301619846993834,-0.41
2.9499999999999993,0.0015526481065087283,0.0012474712453688372,-0.42
2.960000000000001,0.0015514234471817106,0.00105547411046138,-0.42
2.9700000000000006,0.0015502067712099463,0.0012999574526280713,-0.42
2.9800000000000004,0.0015491389961294513,0.0022018355827811676,-0.43
2.99,0.0015483464764756082,0.003922723176636187,-0.43
3.0,0.00154792502417182,0.006536081816876151,-0.42
3.01,0.0015479271787077987,0.010008875836854515,-0.43
3.0199999999999996,0.001548354761427349,0.014196667373239586,-0.43
3.030000000000001,0.0015491578640296692,0.01885265592676794,-0.43
3.039999999999999,0.0015502403297775987,0.023649392529594464,-0.43
3.0500000000000007,0.0015514707795016441,0.02821053807055257,-0.43999999999999956
3.0600000000000005,0.0015526975376275688,0.032148789252990945,-0.43
3.0700000000000003,0.0015537655084055827,0.03510532039557067,-0.44
3.08,0.001554533094766077,0.03678601289524239,-0.44
3.09,0.0015548875186637077,0.036990312390625675,-0.44
3.0999999999999996,0.001554757249602154,0.0356298268719551,-0.44
3.1099999999999994,0.0015541205772324515,0.032735652414796285,-0.45
3.120000000000001,0.00155300964472121,0.028455175493467485,-0.44
3.129999999999999,0.0015515095134381461,0.023039979865683523,-0.45
3.1400000000000006,0.0015497520986221035,0.016826628726888292,-0.45
3.1500000000000004,0.0015479051461164725,0.010212039244432853,-0.45
3.16,0.0015461568522507924,0.003624730142033498,-0.45
3.17,0.0015446972759755296,-0.0025076084596161647,-0.45
3.1799999999999997,0.0015436983021387255,-0.007793776858677221,-0.46
3.1899999999999995,0.001543294444637801,-0.011915739506904973,-0.46
3.1999999999999993,0.0015435670306852424,-0.01466149348741323,-0.46
3.210000000000001,0.0015445341112956285,-0.015947836556130468,-0.46
3.2200000000000006,0.001546147728182261,-0.015827489129483317,-0.46
3.2300000000000004,0.0015482990242463592,-0.014477832178760235,-0.46
3.24,0.001550830383153104,-0.012172644411668574,-0.46
3.25,0.0015535526772521538,-0.009242525014121464,-0.47
3.26,0.0015562650638984293,-0.006032402356992427,-0.47
3.2699999999999996,0.0015587746891764045,-0.002864264891235401,-0.47
3.280000000000001,0.0015609140551332346,-1.045558540141417e-05,-0.47
3.289999999999999,0.0015625544849874754,0.0023207293593028844,-0.47
3.3000000000000007,0.0015636148498037645,0.003988466002633153,-0.4700000000000004
3.3100000000000005,0.0015640653332373035,0.00491516394332876,-0.48
3.3200000000000003,0.0015639264495813166,0.005078520489382201,-0.48
3.33,0.0015632638140563309,0.004503139631974286,-0.48
3.34,0.0015621793435459292,0.003253547608470443,-0.48
3.3499999999999996,0.0015607996976955672,0.0014291429384867067,-0.48
3.3599999999999994,0.0015592629077994724,-0.0008393374732304077,-0.48
3.370000000000001,0.0015577043180408012,-0.0033934360830684862,-0.48
3.379999999999999,0.001556243165848129,-0.006053380582275889,-0.49
3.3900000000000006,0.0015549712743873902,-0.008629528669835703,-0.49
3.4000000000000004,0.0015539452994560031,-0.010938534002911494,-0.49
3.41,0.0015531836631734906,-0.012820868372011024,-0.49
3.42,0.0015526686871108857,-0.014155214915240251,-0.49
3.4299999999999997,0.0015523535861843541,-0.014866853772735673,-0.49
3.4399999999999995,0.001552173098140888,-0.014929935747539673,-0.5
3.4499999999999993,0.0015520558529574656,-0.014365303250255382,-0.49
3.460000000000001,0.001551936326063898,-0.013235569704278428,-0.5
3.4700000000000006,0.001551764433939377,-0.011638359027813319,-0.5
3.4800000000000004,0.001551511446330245,-0.009698026524233804,-0.5
3.49,0.001551171718393789,-0.007556207781987797,-0.5
3.5,0.0015507605564145,-0.005361870401894662,-0.5
3.51,0.001550309141943273,-0.003261783652570596,-0.51
3.5199999999999996,0.0015498577728003228,-0.0013922293510626172,-0.51
3.530000000000001,0.0015494487432287302,0.000127706157806064,-0.5000000000000004
3.539999999999999,0.001549120036937579,0.0012014717869828012,-0.51
3.5500000000000007,0.0015489007176931915,0.0017595499166676467,-0.51
3.5600000000000005,0.0015488085286474588,0.0017637758184943233,-0.51
3.5700000000000003,0.0015488497887096776,0.001211934740920363,-0.5100000000000005
3.58,0.0015490212424634007,0.00014219077671574835,-0.52
3.59,0.0015493131502783762,-0.0013643307744753597,-0.51
3.5999999999999996,0.0015497126854687846,-0.0031851245985549236,-0.52
3.6099999999999994,0.0015502067011342227,-0.005163884724151005,-0.52
3.620000000000001,0.0015507831538134106,-0.007124502309910909,-0.52
3.629999999999999,0.0015514308738325162,-0.008890109581865082,-0.52
3.6400000000000006,0.001552137843854728,-0.010304113034039934,-0.53
3.6500000000000004,0.0015528885530267079,-0.011249082955200733,-0.53
3.66,0.0015536612273255128,-0.011659494704666701,-0.53
3.67,0.0015544257515726625,-0.011525707325909913,-0.53
3.6799999999999997,0.001555142915184107,-0.010888615350381494,-0.53
3.6899999999999995,0.0015557653064859414,-0.009826608207043359,-0.53
3.6999999999999993,0.0015562398479535612,-0.008438392177494973,-0.53
3.710000000000001,0.0015565116880295032,-0.006826091039726262,-0.54
3.7200000000000006,0.0015565289841130525,-0.0050822967931703706,-0.54
3.7300000000000004,0.0015562480274498608,-0.0032829469706435344,-0.53
3.74,0.0015556381505316395,-0.0014862410163842467,-0.54
3.75,0.0015546858914571244,0.00026338468034780904,-0.54
3.76,0.0015533979517649134,0.0019285044695388606,-0.54
3.7699999999999996,0.0015518025777443727,0.003472619403167629,-0.54
3.780000000000001,0.001549949126084712,0.004857787803895417,-0.5499999999999996
3.789999999999999,0.0015479057349298204,0.006046543347295067,-0.54
3.8000000000000007,0.001545755192863085,0.0070057975243159615,-0.55
3.8100000000000005,0.0015435892695138426,0.007709532983385945,-0.55
3.8200000000000003,0.001541501941705675,0.008138799559915024,-0.55
3.83,0.0015395821130771057,0.008279944467291096,-0.55
3.84,0.0015379065573945848,0.008122947160000204,-0.55
3.8499999999999996,0.0015365338742232746,0.007661015032573708,-0.55
3.8599999999999994,0.0015355001896713032,0.006891602090784284,-0.56
3.870000000000001,0.00153481714493375,0.005818757833806632,-0.56
3.879999999999999,0.0015344724107531048,0.004456990060400296,-0.56
3.8900000000000006,0.0015344326123003006,0.0028366339778651407,-0.56
3.9000000000000004,0.001534648232822862,0.0010095368900354467,-0.56
3.91,0.0015350598472469597,-0.0009474854704198274,-0.56
3.92,0.001535604933895588,-0.0029340745221845773,-0.57
3.9299999999999997,0.00153622450780425,-0.004833656593175002,-0.57
3.9399999999999995,0.0015368688895593308,-0.006525327924527458,-0.57
3.9499999999999993,0.001537502049603683,-0.007897467510771422,-0.57
3.960000000000001,0.001538104135335072,-0.008860276695920438,-0.57
3.9700000000000006,0.0015386719857740112,-0.009355321569115506,-0.57
3.9800000000000004,0.0015392176522908043,-0.009361147884936505,-0.57
3.99,0.001539765153477162,-0.008894980758954493,-0.58
4.0,0.0015403458743169732,-0.008011332417632648,-0.57
4.01,0.0015409931563952085,-0.006798787425666765,-0.58
4.02,0.0015417367080934612,-0.005375926257596858,-0.58
4.030000000000001,0.001542597487802337,-0.0038860121610620646,-0.58
4.039999999999999,0.0015435836752190942,-0.0024884942947578283,-0.58
4.050000000000001,0.0015446882393964233,-0.0013452656918714954,-0.59
4.0600000000000005,0.0015458884297894389,-0.0006015706467622891,-0.59
4.07,0.0015471472581652895,-0.00036410197749496586,-0.59
4.08,0.0015484167311029676,-0.0006804520329135235,-0.58
4.09,0.0015496422993443908,-0.0015244206928851022,-0.59
4.1,0.0015507677967775927,-0.0027913359121587876,-0.59
4.109999999999999,0.0015517401163181231,-0.004306382832310795,-0.59
4.120000000000001,0.0015525130330080372,-0.0058465606916142865,-0.59
4.129999999999999,0.00155304989413762,-0.007173919894079779,-0.6
4.140000000000001,0.0015533252483959,-0.008075247202998423,-0.59
4.15,0.0015533257521937176,-0.008401819623272735,-0.6
4.16,0.0015530507771696904,-0.008102275463508847,-0.6
4.17,0.0015525130252795726,-0.007242112991957898,-0.6
4.18,0.0015517391856764795,-0.006005057932881712,-0.6
4.190000000000001,0.001550770345366815,-0.004674629286399383,-0.61
4.199999999999999,0.0015496616199880677,-0.003597938883351865,-0.6
4.210000000000001,0.0015484804052100939,-0.003136941271804202,-0.61
4.219999999999999,0.0015473028093131254,-0.00361452091463254,-0.6
4.23,0.0015462081858141634,-0.005263966740644316,-0.61
4.24,0.0015452721411106294,-0.008190235592755073,-0.61
4.25,0.0015445588088708053,-0.012349372666078214,-0.61
4.26,0.0015441134461015764,-0.017548689726375917,-0.61
4.27,0.0015439564607005324,-0.023466317906087143,-0.6199999999999991
4.280000000000001,0.001544079832961307,-0.029686178501885582,-0.61
4.289999999999999,0.0015444465960834852,-0.035743339819895505,-0.62
4.300000000000001,0.0015449936621371202,-0.04117422618939381,-0.62
4.3100000000000005,0.001545637869922901,-0.04556571752703639,-0.62
4.32,0.00154628471229382,-0.048597036015342945,-0.62
4.33,0.0015468387987702013,-0.0500689917665829,-0.62
4.34,0.0015472147845870853,-0.04991698762419537,-0.63
4.350000000000001,0.001547347334531189,-0.04820694418343145,-0.63
4.359999999999999,0.0015471987610898151,-0.04511633384644129,-0.63
4.370000000000001,0.0015467633060184676,-0.040904883122024005,-0.63
4.379999999999999,0.0015460675743461565,-0.03588045657867193,-0.63
4.390000000000001,0.0015451672536046749,-0.030365122886655566,-0.63
4.4,0.0015441407968321721,-0.02466487184980736,-0.64
4.41,0.001543081093129315,-0.01904468318798687,-0.64
4.42,0.0015420862535846969,-0.013709832748665817,-0.64
4.43,0.0015412505377946654,-0.008794867403048546,-0.64
4.440000000000001,0.00154065622056957,-0.0043622227667507235,-0.64
4.449999999999999,0.0015403669462123628,-0.00041133250021932585,-0.64
4.460000000000001,0.0015404229076623464,0.0031036586252632874,-0.64
4.469999999999999,0.0015408380422975627,0.006251987881424396,-0.65
4.48,0.0015415993433325558,0.00910507331538346,-0.65
4.49,0.0015426683182486215,0.011719378798002163,-0.65
4.5,0.0015439845511338738,0.01412480493035832,-0.65
4.51,0.0015454712117665362,0.016319184803456666,-0.65
4.52,0.0015470421788586263,0.018269357746923,-0.65
4.530000000000001,0.0015486102164998115,0.01991868288474125,-0.65
4.539999999999999,0.0015500954129457963,0.021199207314312303,-0.66
4.550000000000001,0.0015514329367395658,0.022045154154317282,-0.66
4.5600000000000005,0.001552579151862123,0.022404554554619267,-0.66
4.57,0.0015535152875143887,0.022247944624582957,-0.66
4.58,0.00155424815941264,0.021575338319840435,-0.66
4.59,0.001554807827481491,0.020422797758699936,-0.66
4.600000000000001,0.0015552424729025722,0.018867504321772883,-0.6600000000000009
4.609999999999999,0.0015556111288212281,0.017027831403188684,-0.67
4.620000000000001,0.0015559751788119943,0.015055115984714007,-0.67
4.629999999999999,0.001556389730549815,0.013116507568030221,-0.67
4.640000000000001,0.0015568960492953064,0.011371575557118697,-0.67
4.65,0.0015575161532160543,0.00994776132134259,-0.67
4.66,0.001558250393955638,0.008920488988200467,-0.67
4.67,0.0015590783688250282,0.008302480059480588,-0.67
4.68,0.0015599628972537295,0.008044009874494454,-0.68
4.690000000000001,0.0015608561833350607,0.00804289676208235,-0.68
4.699999999999999,0.0015617068561150026,0.008161279203384742,-0.68
4.710000000000001,0.001562466468428927,0.008245914554227912,-0.68
4.719999999999999,0.0015630942881470352,0.008149199455799104,-0.68
4.73,0.001563559763754335,0.0077486711778827445,-0.68
4.74,0.0015638427164483264,0.006962835798424613,-0.69
4.75,0.0015639318874502376,0.005760944635008616,-0.68
4.76,0.0015638227866977873,0.004164929497277729,-0.69
4.77,0.0015635157881508527,0.0022436914032143485,-0.69
4.780000000000001,0.0015630151419037668,0.00010204378464058227,-0.69
4.789999999999999,0.0015623291445748854,-0.0021330634076609477,-0.69
4.800000000000001,0.0015614712774494443,-0.004327872106901571,-0.69
4.8100000000000005,0.0015604618096386612,-0.006358568004304357,-0.6900000000000008
4.82,0.0015593292326398244,-0.008128456767675237,-0.7
4.83,0.0015581109414493,-0.009582966923663528,-0.7
4.84,0.0015568527546229755,-0.01071930019399296,-0.7
4.850000000000001,0.0015556070987335169,-0.011588078747699451,-0.7
4.859999999999999,0.0015544299132891697,-0.012285445667420122,-0.7
4.870000000000001,0.0015533765326170733,-0.012935905750131128,-0.7
4.879999999999999,0.0015524969623661844,-0.013668736162572907,-0.71
4.890000000000001,0.001551831082191734,-0.01459296448184271,-0.7
4.9,0.001551404359581299,-0.015776333989797903,-0.71
4.91,0.0015512246366101092,-0.017232119476654748,-0.71
4.92,0.0015512804410615442,-0.018915223617290526,-0.71
4.93,0.00155154108482746,-0.020726965526458755,-0.71
4.940000000000001,0.001551958583173281,-0.022526902693327893,-0.71
4.949999999999999,0.0015524712101259272,-0.02414964551603984,-0.72
4.960000000000001,0.001553008335891522,-0.02542435781955797,-0.72
4.969999999999999,0.0015534960827602619,-0.026194240446964848,-0.72
4.98,0.001553863280472736,-0.02633304909480697,-0.72
4.99,0.0015540471929132403,-0.02575609574008267,-0.72
5.0,0.001553998523231861,-0.02442453645258571,-0.72
5.01,0.0015536852878544178,-0.022343630178096745,-0.72
5.02,0.0015530952841826704,-0.01955697480968503,-0.7299999999999991
5.030000000000001,0.0015522370493542832,-0.016138962664807504,-0.72
5.039999999999999,0.0015511393800237017,-0.01218727593905683,-0.73
5.050000000000001,0.0015498496055170777,-0.007816513166652947,-0.73
5.0600000000000005,0.0015484308455537342,-0.0031529894102840165,-0.73
5.07,0.001546958439877163,0.001670235760138471,-0.73
5.08,0.0015455156444585114,0.006519133101063869,-0.73
5.09,0.0015441886042733802,0.011265174109231588,-0.74
5.100000000000001,0.0015430605978929252,0.015791030049079082,-0.7399999999999991
5.109999999999999,0.0015422056476154832,0.019993900096719835,-0.73
5.120000000000001,0.001541681806649894,0.023786158650483634,-0.74
5.129999999999999,0.0015415247288430452,0.02709458444311802,-0.74
5.140000000000001,0.0015417424033115482,0.029860083041497162,-0.74
5.15,0.0015423120765203373,0.03203901648475981,-0.74
5.16,0.001543180285097652,0.03360556414947487,-0.74
5.17,0.001544266539215642,0.034553549424663654,-0.75
5.18,0.0015454705778266834,0.03489703968295951,-0.75
5.190000000000001,0.0015466824189929705,0.03467083000880265,-0.74
5.199999999999999,0.0015477938603341225,0.03393225908912023,-0.75
5.210000000000001,0.0015487098128839137,0.03276382843452198,-0.75
5.219999999999999,0.0015493579380699148,0.0312740408460305,-0.75
5.23,0.0015496954508169396,0.02959413265096112,-0.75
5.24,0.001549712509397394,0.02787032295122398,-0.76
5.25,0.001549432158692285,0.026252823821246146,-0.76
5.26,0.0015489071981560898,0.024883584488136212,-0.76
5.27,0.0015482145655780657,0.023884914700591273,-0.76
5.280000000000001,0.0015474478898596048,0.023350593436492487,-0.76
5.289999999999999,0.0015467088349601975,0.02333980884234755,-0.76
5.300000000000001,0.001546097805342624,0.023873141786891903,-0.76
5.3100000000000005,0.0015457045654153176,0.02492963508044319,-0.7600000000000009
5.32,0.001545599363365634,0.026444660415943125,-0.77
5.33,0.0015458252290038354,0.02830916221425349,-0.77
5.34,0.001546392189698294,0.030371474814984895,-0.77
5.350000000000001,0.0015472741544192488,0.03244291137597035,-0.77
5.359999999999999,0.0015484090938776205,0.03430758814999627,-0.77
5.370000000000001,0.0015497028626691137,0.035736039255118555,-0.78
5.379999999999999,0.0015510365860844796,0.03650167219568153,-0.78
5.390000000000001,0.0015522770505702762,0.03639893571543685,-0.78
5.4,0.001553289107442902,0.035261964099655325,-0.77
5.41,0.001553948819123972,0.03298231125568975,-0.78
5.42,0.0015541559874027386,0.029524140034111322,-0.78
5.43,0.0015538447918965045,0.024935010951492163,-0.78
5.440000000000001,0.001552991483069897,0.01935035846645291,-0.78
5.449999999999999,0.001551618357640444,0.01298988169035716,-0.79
5.460000000000001,0.0015497935612008545,0.006144560742717205,-0.78
5.469999999999999,0.001547626613698869,-0.0008460144614388815,-0.79
5.48,0.001545259940326404,-0.007624835849190729,-0.79
5.49,0.0015428570853476954,-0.013853965191412392,-0.79
5.5,0.0015405886375537232,-0.01925069359560648,-0.79
5.51,0.0015386171599364165,-0.023616098577224666,-0.8
5.52,0.0015370825735703116,-0.02684939150290755,-0.7900000000000009
5.530000000000001,0.0015360894888614219,-0.028945075069508754,-0.8
5.539999999999999,0.0015356978921057445,-0.029975009909786663,-0.8
5.550000000000001,0.001535918353808985,-0.03006130499383835,-0.8
5.5600000000000005,0.0015367124906304087,-0.02934721786894897,-0.8
5.57,0.0015379987666883199,-0.02797271938249149,-0.8
5.58,0.0015396629184973396,-0.02605989879859731,-0.8
5.59,0.0015415714984303977,-0.023710973300193255,-0.81
5.600000000000001,0.001543586481252351,-0.02101824347674658,-0.8000000000000009
5.609999999999999,0.0015455787415945752,-0.018081526246638994,-0.81
5.620000000000001,0.0015474385360680824,-0.015025801324359473,-0.81
5.629999999999999,0.0015490818249617332,-0.012011418181227685,-0.81
5.640000000000001,0.0015504521477496347,-0.009231538753424045,-0.81
5.65,0.0015515185871472776,-0.00689549016287628,-0.82
5.66,0.0015522709400855343,-0.005200717155705802,-0.81
5.67,0.001552713490816818,-0.0042989400099920985,-0.82
5.68,0.0015528587695054644,-0.004263677719800277,-0.82
5.690000000000001,0.0015527224444699843,-0.005066405146056127,-0.82
5.699999999999999,0.0015523201181314235,-0.006567176508666846,-0.82
5.710000000000001,0.0015516663469392943,-0.008522810098803072,-0.82
5.719999999999999,0.001550775739567216,-0.01061220638953836,-0.82
5.73,0.00154966555969162,-0.012474781522991972,-0.83
5.74,0.0015483589374142958,-0.01375534873593022,-0.83
5.75,0.0015468876523120829,-0.014147904167644453,-0.83
5.76,0.001545293551806892,-0.013431660876594916,-0.83
5.77,0.0015436280277660037,-0.011494556250475858,-0.83
5.780000000000001,0.0015419495293807193,-0.00834175402011437,-0.83
5.789999999999999,0.0015403196831091622,-0.004089454627655957,-0.84
5.800000000000001,0.0015387990138866308,0.0010527169135474519,-0.84
5.8100000000000005,0.001537443351799371,0.006805750689402635,-0.84
5.82,0.0015363017113908918,0.012847184614927305,-0.84
5.83,0.001535415831667463,0.018836306760068127,-0.84
5.84,0.001534820879439125,0.024437737636557995,-0.84
5.850000000000001,0.0015345463176701785,0.02934297234344356,-0.8400000000000009
5.859999999999999,0.001534615828879,0.033289036381427266,-0.85
5.870000000000001,0.0015350455215895,0.03607347809670488,-0.85
5.879999999999999,0.0015358403370294485,0.03756587819528548,-0.85
5.890000000000001,0.0015369893814144923,0.037716543059059485,-0.85
5.9,0.0015384615465199563,0.03656204611463484,-0.85
5.91,0.0015402030125712075,0.03422577203762842,-0.85
5.92,0.0015421379521694447,0.03091134866556121,-0.86
5.93,0.0015441730386644276,0.026888186211784702,-0.86
5.940000000000001,0.0015462054324707343,0.022470060081003582,-0.86
5.949999999999999,0.0015481330735987512,0.017988735830882802,-0.86
5.960000000000001,0.0015498655871001622,0.01376521455565342,-0.86
5.969999999999999,0.0015513340093392068,0.010081618926707395,-0.86
5.98,0.0015524978293480424,0.007156726212143635,-0.86
5.99,0.0015533483753103633,0.00512741508290531,-0.87
6.0,0.0015539081918883508,0.004037161973537243,-0.87
6.01,0.0015542266231623628,0.003831706074781501,-0.86
6.02,0.0015543722855695526,0.004361466423966997,-0.87
6.030000000000001,0.0015544234727333439,0.005390475239148212,-0.87
6.039999999999999,0.0015544577636527122,0.006612205063536122,-0.87
6.050000000000001,0.0015545421799442463,0.007672801552319648,-0.87
6.0600000000000005,0.0015547251346787617,0.008201426800780164,-0.88
6.07,0.0015550311358830575,0.007846259851940004,-0.88
6.08,0.0015554587890015458,0.006313572435581273,-0.88
6.09,0.001555982160550052,0.0034057813226140037,-0.87
6.100000000000001,0.001556555112193843,-0.0009472365734105321,-0.88
6.109999999999999,0.00155711786050911,-0.006669643082306153,-0.88
6.120000000000001,0.0015576047920688237,-0.013538514175401126,-0.88
6.129999999999999,0.001557952467362117,-0.02120184896167127,-0.89
6.140000000000001,0.001558106773025624,-0.02921399274981215,-0.89
6.15,0.0015580283251479283,-0.037083234636574244,-0.89
6.16,0.0015576954874164416,-0.044324058919942275,-0.89
6.17,0.0015571047415990865,-0.05050656423800348,-0.89
6.18,0.001556268596859504,-0.05529736902563726,-0.89
6.190000000000001,0.0015552116607014973,-0.05848820779798963,-0.89
6.199999999999999,0.001553965804724824,-0.06000961668381238,-0.9
6.210000000000001,0.0015525654589813047,-0.05992834011489427,-0.9
6.219999999999999,0.001551043939035552,-0.05842896779690413,-0.9
6.23,0.0015494313932687132,-0.05578238677109103,-0.9
6.24,0.0015477545463166234,-0.052305271536701246,-0.9
6.25,0.0015460380171529906,-0.048315909657309884,-0.9
6.26,0.001544306694035532,-0.04409230636829374,-0.91
6.27,0.0015425884953136839,-0.039838564028477894,-0.91
6.280000000000001,0.001540916834899109,-0.03566452035715811,-0.91
6.289999999999999,0.0015393322144529064,-0.03158156937342369,-0.91
6.300000000000001,0.0015378825386363766,-0.02751510556226416,-0.91
6.3100000000000005,0.0015366219582699451,-0.023331453847021143,-0.9100000000000009
6.32,0.0015356082653964515,-0.01887443713460629,-0.92
6.33,0.0015348990770386326,-0.014004442874766664,-0.92
6.34,0.0015345472309779063,-0.008632330617292362,-0.92
6.350000000000001,0.0015345959513989212,-0.00274261964018299,-0.92
6.359999999999999,0.0015350743961695878,0.0035959336377623906,-0.92
6.370000000000001,0.0015359941493765302,0.010231234645383948,-0.92
6.379999999999999,0.0015373470764344923,0.01693797759057838,-0.92
6.390000000000001,0.001539104755140135,0.023435145924646947,-0.93
6.4,0.0015412194923773593,0.029409709248957097,-0.93
6.41,0.0015436267704413672,0.034545168405924226,-0.93
6.42,0.001546248842121447,0.03855249981200521,-0.93
6.43,0.001548999099536854,0.04120015301548965,-0.93
6.440000000000001,0.0015517867801457445,0.0423399468517974,-0.93
6.449999999999999,0.0015545215597484098,0.04192651733301215,-0.93
6.460000000000001,0.0015571176300782144,0.0400283944250304,-0.94
6.469999999999999,0.001559496966930131,0.03682871716334461,-0.94
6.48,0.001561591644890583,0.032613971903567636,-0.94
6.49,0.0015633452121485516,0.027750657608005838,-0.93
6.5,0.0015647132668760067,0.02265199026927598,-0.94
6.51,0.0015656634556106804,0.017738668969738716,-0.94
6.52,0.0015661751466888236,0.013398681422934194,-0.9400000000000008
6.530000000000001,0.0015662390282792605,0.009950911170936421,-0.95
6.539999999999999,0.0015658568432309413,0.007616182660874045,-0.95
6.550000000000001,0.001565041399328153,0.006498120592417313,-0.95
6.5600000000000005,0.0015638168914384886,0.00657558643279492,-0.95
6.57,0.0015622194632761615,0.007708406958200476,-0.95
6.58,0.0015602978427458434,0.009657496093598467,-0.95
6.59,0.0015581138133260646,0.012118309781982795,-0.96
6.600000000000001,0.0015557422313394527,0.014763348460325097,-0.96
6.609999999999999,0.0015532702667941907,0.017286698723242396,-0.96
6.620000000000001,0.001550795547149404,0.01944261528940998,-0.96
6.629999999999999,0.001548422936616623,0.021071153632174877,-0.96
6.640000000000001,0.0015462598005190115,0.0221065351468507,-0.96
6.65,0.0015444097875515308,0.02256771280883358,-0.96
6.66,0.0015429654063751185,0.022534545101721287,-0.96
6.67,0.0015419999587549494,0.022115698516951304,-0.97
6.68,0.0015415596804791115,0.021415263011343957,-0.97
6.690000000000001,0.0015416571681051345,0.020504766408960397,-0.97
6.699999999999999,0.0015422672515171224,0.01940621649841794,-0.97
6.710000000000001,0.0015433263320818195,0.01808934966328988,-0.97
6.719999999999999,0.001544735803641905,0.016482453735468933,-0.97
6.73,0.0015463695476963899,0.014492490995524911,-0.98
6.74,0.0015480847856565458,0.012028382747942473,-0.97
6.75,0.0015497349749210743,0.00902173087041686,-0.98
6.76,0.0015511831063870745,0.005441421210461963,-0.98
6.77,0.0015523137561831277,0.0013012897852984879,-0.98
6.780000000000001,0.0015530425256634164,-0.003338044199808371,-0.98
6.789999999999999,0.0015533219652854992,-0.008371546597534769,-0.99
6.800000000000001,0.001553143594787376,-0.01365492534289958,-0.98
6.8100000000000005,0.0015525361171036007,-0.019011484356887716,-0.99
6.82,0.0015515603457500907,-0.024240274762576,-0.99
6.83,0.0015503017128519283,-0.02912625107744738,-0.99
6.84,0.0015488614633970403,-0.03345368966045494,-0.99
6.850000000000001,0.0015473477173764201,-0.03702332164323956,-0.9900000000000009
6.859999999999999,0.0015458674571641401,-0.03967184352858409,-1.0
6.870000000000001,0.0015445201781086586,-0.041290759899355337,-1.0
6.879999999999999,0.0015433934877295975,-0.04184077073219003,-1.0
6.890000000000001,0.0015425604691051231,-0.041358451462895615,-1.0
6.9,0.0015420782715320997,-0.039953597991102936,-1.0
6.91,0.0015419872525529407,-0.03779766647820158,-1.0
6.92,0.0015423100939627326,-0.03510522128523256,-1.0
6.93,0.001543050603054604,-0.03211071727061059,-1.01
6.940000000000001,0.0015441922874465837,-0.029042926863473036,-1.01
6.949999999999999,0.0015456971322783308,-0.02609974180518589,-1.01
6.960000000000001,0.0015475052045149367,-0.023426749067122526,-1.01
6.969999999999999,0.001549535701049252,-0.02110286217498971,-1.01
6.98,0.001551689851663529,-0.01913499741179763,-1.01
6.99,0.0015538557585974256,-0.017462222353370922,-1.02
7.0,0.0015559149100241503,-0.01596858455290292,-1.02
7.01,0.0015577498334421237,-0.014502288882680708,-1.02
7.02,0.001559252194760621,-0.012896963926896364,-1.02
7.030000000000001,0.0015603305948084644,-0.010990119151352213,-1.02
7.039999999999999,0.0015609173397712862,-0.008635916766883047,-1.02
7.050000000000001,0.001560973537463061,-0.005713113642866547,-1.02
7.0600000000000005,0.0015604919881364381,-0.0021318299796636714,-1.020000000000001
7.07,0.0015594975073974398,0.00215739706389437,-1.03
7.08,0.0015580445461120763,0.007151734462827954,-1.03
7.09,0.0015562122381486882,0.012784015620993709,-1.03
7.100000000000001,0.001554097275535115,0.018914227899743903,-1.03
7.109999999999999,0.001551805260007447,0.025326892030661494,-1.03
7.120000000000001,0.0015494414077376689,0.03173539829407952,-1.03
7.129999999999999,0.0015471016770554442,0.037794961105857734,-1.04
7.140000000000001,0.0015448654938325984,0.043127157436050785,-1.04
7.15,0.001542791183948027,0.047358073093512275,-1.04
7.16,0.001540914918521696,0.05016763302106107,-1.04
7.17,0.0015392534216551125,0.05134187447538305,-1.04
7.18,0.001537809957140284,0.05081660984888947,-1.04
7.190000000000001,0.0015365823738773283,0.04870216544425908,-1.05
7.199999999999999,0.0015355714683560856,0.04528338177579842,-1.05
7.210000000000001,0.0015347877829624066,0.04099423880614661,-1.05
7.219999999999999,0.0015342552529328888,0.03637069941966976,-1.05
7.23,0.0015340107726665674,0.03198819673120681,-1.05
7.24,0.001534099604763289,0.028391862252881633,-1.05
7.25,0.0015345673913626531,0.026028537365361922,-1.05
7.26,0.0015354501722252426,0.02518982053153143,-1.06
7.27,0.0015367641734934181,0.025974341011569427,-1.06
7.280000000000001,0.0015384971874647286,0.028274769137959753,-1.06
7.289999999999999,0.00154060315169649,0.03179117831781134,-1.06
7.300000000000001,0.0015430011087091745,0.036068118945489315,-1.06
7.3100000000000005,0.0015455791226092106,0.040548955086914064,-1.06
7.32,0.0015482029706681021,0.044638585318972614,-1.06
7.33,0.0015507285848008685,0.04776546173666371,-1.06
7.34,0.0015530164492731564,0.04943549151390494,-1.07
7.350000000000001,0.0015549456814408853,0.049272748753635714,-1.060000000000001
7.359999999999999,0.0015564255075041762,0.04704442384816739,-1.07
7.370000000000001,0.001557402354888461,0.0426700646249765,-1.07
7.379999999999999,0.001557861718435792,0.0362173416625713,-1.07
7.390000000000001,0.0015578250614726734,0.027887639592414644,-1.070000000000001
7.4,0.0015573429590125944,0.01799477301714248,-1.08
7.41,0.0015564862339940224,0.006939648806114348,-1.08
7.42,0.0015553368988436692,-0.004816700212061,-1.08
7.43,0.0015539803640191023,-0.01677969991549174,-1.08
7.440000000000001,0.0015524997801308186,-0.028446304779779736,-1.08
7.449999999999999,0.0015509727397568578,-0.039328568383680124,-1.08
7.460000000000001,0.0015494700374213298,-0.04897632981061434,-1.09
7.469999999999999,0.0015480558517333436,-0.05699910804133603,-1.09
7.48,0.001546788584020426,-0.06308595592771872,-1.09
7.49,0.0015457216306971925,-0.06702101244662227,-1.09
7.5,0.0015449035303816234,-0.06869275744928481,-1.09
7.51,0.0015443771628488017,-0.06809635707724843,-1.09
7.52,0.00154417794884404,-0.06533006844842446,-1.09
7.530000000000001,0.0015443312746139467,-0.060587429330360924,-1.09
7.539999999999999,0.0015448496024869837,-0.05414643795819948,-1.1
7.550000000000001,0.001545729881481805,-0.04635586437833706,-1.1
7.5600000000000005,0.0015469518946276469,-0.037618348954301314,-1.1
7.57,0.0015484780462218628,-0.028370188264844932,-1.1
7.58,0.0015502548199242837,-0.019058215068817105,-1.1
7.59,0.0015522158019190637,-0.010114880783062552,-1.1
7.600000000000001,0.001554285866662969,-0.0019336387107150327,-1.11
7.609999999999999,0.0015563859457894912,0.0051524995766023774,-1.11
7.620000000000001,0.0015584377685892283,0.010886627456363792,-1.11
7.629999999999999,0.0015603680530029836,0.015096596444181239,-1.1
7.640000000000001,0.0015621117905324962,0.01769708033705365,-1.11
7.65,0.0015636144537721742,0.01868670644829838,-1.11
7.66,0.001564833125175373,0.018142620880430206,-1.11
7.67,0.0015657366867211707,0.016214870337704065,-1.12
7.68,0.0015663053170698155,0.013121943227944667,-1.12
7.690000000000001,0.0015665296032795891,0.009146833500876585,-1.12
7.699999999999999,0.0015664095722117768,0.004631051487824682,-1.12
7.710000000000001,0.001565953878297766,-3.665091653049234e-05,-1.12
7.719999999999999,0.001565179264840484,-0.0044390591875906075,-1.12
7.73,0.0015641102744335404,-0.00815686225992046,-1.12
7.74,0.0015627790538042764,-0.010800173895235316,-1.13
7.75,0.001561225012621283,-0.012040820657100262,-1.13
7.76,0.001559494084752684,-0.011640626080967255,-1.13
7.77,0.0015576374224956437,-0.009472180338841701,-1.13
7.780000000000001,0.0015557095178299544,-0.005530598664339753,-1.13
7.789999999999999,0.0015537659368219366,6.331663727971365e-05,-1.13
7.800000000000001,0.0015518609977114356,0.007067121184176063,-1.13
7.8100000000000005,0.0015500457588085725,0.015127297146662838,-1.14
7.82,0.0015483665894715668,0.02379740630331068,-1.14
7.83,0.0015468644045888481,0.03256557475242083,-1.13
7.84,0.0015455744201075996,0.04089140483493407,-1.14
7.850000000000001,0.001544526119226429,0.04824947044305683,-1.14
7.859999999999999,0.0015437430669241546,0.054174249279594446,-1.14
7.870000000000001,0.0015432422896259064,0.05830038531898951,-1.14
7.879999999999999,0.0015430331193416053,0.060392322776003975,-1.15
7.890000000000001,0.0015431156301117998,0.06035874112517294,-1.15
7.9,0.0015434789992404524,0.058250024277194744,-1.15
7.91,0.0015441002451173078,0.05424047483981225,-1.15
7.92,0.0015449437913358224,0.04859974467510169,-1.15
7.93,0.0015459621847228847,0.04165908857612038,-1.15
7.940000000000001,0.001547098094700853,0.033777915436761036,-1.15
7.949999999999999,0.0015482875054181004,0.02531556721911982,-1.16
7.960000000000001,0.0015494638288041022,0.016612142640637123,-1.16
7.969999999999999,0.00155056253498323,0.007979757336038904,-1.16
7.98,0.0015515258175788206,-0.0002976928746354798,-1.16
7.99,0.0015523067865442547,-0.007960898351852558,-1.16
8.0,0.0015528727177932544,-0.014773043810689076,-1.16
8.01,0.0015532069979675833,-0.020523098853789477,-1.16
8.02,0.0015533095879635584,-0.025035115380035833,-1.17
8.03,0.0015531960681512142,-0.028181216968328232,-1.17
8.040000000000001,0.0015528955618447275,-0.029895088807581537,-1.17
8.05,0.0015524479833388843,-0.030183591880030693,-1.17
8.06,0.0015519010660595656,-0.02913453489211928,-1.17
8.07,0.0015513074870656344,-0.026917863375933587,-1.17
8.08,0.0015507221627387266,-0.023777210198753836,-1.17
8.09,0.0015501995397219403,-0.020010378379344242,-1.18
8.1,0.0015497905546200807,-0.01594031043658534,-1.17
8.11,0.0015495389681351986,-0.011880965772646654,-1.18
8.120000000000001,0.0015494770170025249,-0.008104337730306818,-1.18
8.13,0.0015496207183079626,-0.0048151016699004,-1.18
8.14,0.0015499655812485987,-0.0021378094891487624,-1.18
8.15,0.001550483772714232,-0.00011841454903629217,-1.19
8.16,0.0015511238153779788,0.0012616895105544044,-1.19
8.17,0.0015518136154041217,0.002063657875037892,-1.19
8.18,0.0015524670617783445,0.002366866014701088,-1.18
8.19,0.0015529937431000961,0.0022474783406870877,-1.19
8.2,0.0015533106673180186,0.001763672875499513,-1.19
8.21,0.0015533543906955662,0.0009494589730219892,-1.19
8.22,0.0015530917375023013,-0.00018283457033094983,-1.2
8.23,0.0015525273350157054,-0.001633176925297861,-1.2
8.24,0.0015517064813851094,-0.0034008646071091034,-1.19
8.25,0.0015507123814819366,-0.005471887235993506,-1.2
8.26,0.001549657511504062,-0.0078099489356251205,-1.2
8.27,0.0015486697821159605,-0.010352920953944853,-1.2
8.28,0.001547875169151234,-0.013014779967801204,-1.2
8.290000000000001,0.0015473793648613878,-0.015691951278333054,-1.2099999999999982
8.3,0.0015472515015999156,-0.018272679266861314,-1.2
8.31,0.0015475128941127194,-0.02064809533963015,-1.21
8.32,0.0015481329616412617,-0.022723243746866937,-1.21
8.33,0.001549033153392526,-0.024425576133720588,-1.21
8.34,0.001550098143352767,-0.02570857357195228,-1.21
8.35,0.0015511922101774881,-0.026549774036640925,-1.21
8.36,0.0015521779086925082,-0.026944612164432283,-1.21
8.370000000000001,0.0015529339998590877,-0.026898884800546287,-1.22
8.38,0.0015533700641405578,-0.02642266772549038,-1.22
8.39,0.0015534360633161967,-0.025527089874296076,-1.22
8.4,0.0015531260728949908,-0.024223555486199796,-1.22
8.41,0.0015524762814200666,-0.022524261698985214,-1.22
8.42,0.001551558057177657,-0.02044331177724277,-1.23
8.43,0.0015504673990123115,-0.01799798925552736,-1.23
8.44,0.001549312406198227,-0.015209045429449113,-1.23
8.45,0.0015482005036234728,-0.012098310578364165,-1.23
8.46,0.0015472270296459163,-0.008683032077888848,-1.23
8.47,0.0015464664468187008,-0.0049687108369124945,-1.23
8.48,0.001545966925981441,-0.0009441832888587449,-1.23
8.49,0.0015457484878124267,0.003417073403121383,-1.23
8.5,0.0015458043880398045,0.008147314229136518,-1.23
8.51,0.001546105093239572,0.013267445167708544,-1.24
8.52,0.00154660403968564,0.01876563487262606,-1.23
8.53,0.0015472443704226176,0.024575768765377256,-1.24
8.540000000000001,0.001547965947106466,0.030560416870669682,-1.24
8.55,0.0015487120664598162,0.03650330824449105,-1.24
8.56,0.0015494354231768055,0.04211548227739391,-1.25
8.57,0.0015501029260680372,0.04705654335151138,-1.25
8.58,0.0015506989986263338,0.05096860169570065,-1.25
8.59,0.0015512270150128313,0.05351745169240707,-1.25
8.6,0.0015517085886533936,0.05443446643291334,-1.25
8.61,0.0015521805857402812,0.05355328713133435,-1.25
8.620000000000001,0.0015526899939290004,0.05083676996645895,-1.25
8.63,0.0015532871082419568,0.04639112115427217,-1.25
8.64,0.0015540178255650703,0.040465502582982864,-1.26
8.65,0.0015549160661202782,0.03343663643966738,-1.26
8.66,0.0015559973828427318,0.02577893319304876,-1.26
8.67,0.001557254645638128,0.018021693237674986,-1.26
8.68,0.001558656330696088,0.010696799305424463,-1.26
8.69,0.0015601475036832494,0.00428288922853054,-1.26
8.700000000000001,0.0015616531870285696,-0.0008462090924220704,-1.2699999999999982
8.71,0.001563083543762007,-0.004461204263858972,-1.26
8.72,0.001564340227878752,-0.006499816131133534,-1.27
8.73,0.0015653233158304284,-0.00706959955907299,-1.27
8.74,0.0015659383726296689,-0.006431076462891438,-1.27
8.75,0.0015661033340396257,-0.004962539323294183,-1.27
8.76,0.0015657549462604829,-0.0031098289203651663,-1.27
8.77,0.0015648544861548018,-0.0013276712803713935,-1.27
8.78,0.0015633924137446074,-2.1914932064027532e-05,-1.28
8.790000000000001,0.0015613915268781029,0.0004982173133526074,-1.2700000000000018
8.8,0.0015589081451989311,5.184049798225132e-05,-1.28
8.81,0.0015560308979615362,-0.0014002342333676438,-1.28
8.82,0.0015528768658682626,-0.003760003539005991,-1.28
8.83,0.0015495851273746378,-0.006812123988096844,-1.28
8.84,0.0015463081207603092,-0.010255081220406222,-1.29
8.85,0.001543201554590812,-0.013738861020065272,-1.28
8.86,0.0015404137983626794,-0.016904413439291593,-1.29
8.870000000000001,0.0015380757298776293,-0.019420898340705244,-1.29
8.88,0.0015362919236849354,-0.021017597736717002,-1.29
8.89,0.0015351338871422311,-0.02150847394765511,-1.29
8.9,0.001534635844039529,-0.020808514072061635,-1.29
8.91,0.001534793358626097,-0.018941419331188713,-1.3
8.92,0.0015355648786888223,-0.01603760108141318,-1.3
8.93,0.0015368760451782736,-0.012321084292019427,-1.29
8.94,0.0015386263857260815,-0.008085052547343197,-1.3
8.950000000000001,0.0015406978172096584,-0.0036581080645990607,-1.3
8.96,0.0015429642497247439,0.0006343845661727928,-1.3
8.97,0.001545301503700149,0.004508205110617203,-1.3
8.98,0.001547596709555532,0.00775173763524923,-1.31
8.99,0.0015497563599354686,0.010246461381656295,-1.31
9.0,0.0015517122519581325,0.011974103746951063,-1.31
9.01,0.0015534247164809072,0.013010501591838182,-1.3
9.02,0.0015548827922862215,0.013507998261431682,-1.31
9.03,0.0015561013441545081,0.01366917962799358,-1.31
9.040000000000001,0.0015571154886149013,0.013715348206557317,-1.31
9.05,0.001557973007998028,0.013853571001537215,-1.31
9.06,0.0015587256506251193,0.014246463950982108,-1.32
9.07,0.0015594203174053066,0.014989125894490437,-1.32
9.08,0.0015600911315575333,0.016097345692960067,-1.32
9.09,0.0015607532927678755,0.01750954076835491,-1.32
9.1,0.001561399440927794,0.019101784918049508,-1.32
9.11,0.0015619990054030362,0.020712105885513213,-1.32
9.120000000000001,0.0015625007027835916,0.022168612362352007,-1.33
9.13,0.001562837989760241,0.023316198221021885,-1.33
9.14,0.0015629369169121111,0.024037683080692793,-1.33
9.15,0.0015627255140974931,0.024266767205174563,-1.32
9.16,0.0015621436144635642,0.02399215891547229,-1.33
9.17,0.001561151921651846,0.023254385138268528,-1.33
9.18,0.0015597391550619612,0.02213828755659859,-1.33
9.19,0.0015579262670715188,0.020764330282267367,-1.34
9.200000000000001,0.001555767005797964,0.019280646004047473,-1.34
9.21,0.0015533444985783933,0.017856021104295426,-1.34
9.22,0.0015507640555604712,0.01667267221380586,-1.34
9.23,0.001548142997192969,0.015916997602484773,-1.34
9.24,0.001545598875929325,0.01576626812132205,-1.34
9.25,0.0015432378285329359,0.016369644850935745,-1.35
9.26,0.001541144829535184,0.017823781050653496,-1.35
9.27,0.001539377274971271,0.02014658181287976,-1.35
9.28,0.0015379626752100267,0.023255694898696163,-1.35
9.290000000000001,0.0015369004468995403,0.026958781063847793,-1.35
9.3,0.0015361670792505774,0.03095996852669618,-1.35
9.31,0.0015357234678548975,0.034882639768750244,-1.35
9.32,0.001535523016029918,0.03830497806610662,-1.35
9.33,0.0015355191729492631,0.040802574521917816,-1.36
9.34,0.0015356713412528352,0.04199176219851007,-1.36
9.35,0.0015359484659524627,0.04156801650833899,-1.36
9.36,0.001536330046045554,0.03933555366619069,-1.36
9.370000000000001,0.0015368047442160043,0.03522639031492533,-1.36
9.38,0.0015373671659969716,0.029308613542067877,-1.36
9.39,0.0015380136835267102,0.021784089480966978,-1.37
9.4,0.0015387383292134174,0.01297571895429698,-1.37
9.41,0.0015395297333732243,0.0033043614377538965,-1.37
9.42,0.0015403698145755604,-0.006743858611898483,-1.37
9.43,0.0015412344953461357,-0.016657904502340812,-1.37
9.44,0.0015420962155926314,-0.02594610131609223,-1.37
9.450000000000001,0.001542927588848282,-0.034178950659465954,-1.37
9.46,0.0015437053011478435,-0.04102471202927306,-1.37
9.47,0.0015444133335421784,-0.04627316070590584,-1.38
9.48,0.001545044776183159,-0.04984487993625261,-1.38
9.49,0.0015456018245099856,-0.05178542275579365,-1.38
9.5,0.001546093917597943,-0.05224581495365818,-1.38
9.51,0.0015465343259790823,-0.05145331463906439,-1.38
9.52,0.0015469357857386436,-0.04967818422739332,-1.38
9.53,0.001547305986165527,-0.04720219684372677,-1.39
9.540000000000001,0.001547643819695219,-0.04429283361799691,-1.3800000000000017
9.55,0.0015479372570150788,-0.04118513973435106,-1.39
9.56,0.0015481634885064716,-0.03807192525256744,-1.39
9.57,0.0015482915779162292,-0.03510193945199265,-1.39
9.58,0.0015482873594996095,-0.032384267664118734,-1.39
9.59,0.0015481197905323385,-0.029996115358562607,-1.39
9.6,0.0015477675918499985,-0.027991231635125707,-1.4
9.61,0.0015472248872832588,-0.026407116219474523,-1.4
9.620000000000001,0.0015465047350997727,-0.025269758973147035,-1.4
9.63,0.0015456398872248948,-0.024594710222073806,-1.4
9.64,0.0015446806844768564,-0.024383528776425474,-1.4
9.65,0.001543690528549647,-0.024615853015510742,-1.4
9.66,0.00154273973163379,-0.025239207177455807,-1.4
9.67,0.001541898681152488,-0.02615999631740781,-1.41
9.68,0.001541231194461574,-0.027239122545650824,-1.41
9.69,0.0015407887512101889,-0.028294349178861377,-1.41
9.700000000000001,0.0015406060690130003,-0.02910958590078541,-1.4000000000000017
9.71,0.0015406982955576238,-0.029449710360304488,-1.41
9.72,0.0015410599483209042,-0.029079041110836323,-1.41
9.73,0.0015416656312200701,-0.027781584656762566,-1.41
9.74,0.0015424724727014177,-0.02538104853275821,-1.41
9.75,0.0015434241361250746,-0.021758747359986407,-1.42
9.76,0.001544456126817407,-0.016868356173367495,-1.42
9.77,0.001545501948507095,-0.010747362193816714,-1.42
9.78,0.0015464994634134131,-0.003525109118357695,-1.42
9.790000000000001,0.0015473966460354722,0.0045736040346823345,-1.42
9.8,0.0015481558763835584,0.013231639858422675,-1.42
9.81,0.0015487560644076818,0.022052250677623564,-1.43
9.82,0.0015491922536917822,0.030583516015977145,-1.42
9.83,0.0015494728636814268,0.03835416934035863,-1.43
9.84,0.0015496152597273306,0.044917474952198215,-1.43
9.85,0.0015496407163675607,0.04989768952102294,-1.43
9.86,0.0015495699297333573,0.053032875671160065,-1.43
9.870000000000001,0.0015494200011311261,0.054207947361901675,-1.43
9.88,0.001549203322826129,0.053472498277725586,-1.43
9.89,0.001548928207827887,0.05103930478698943,-1.44
9.9,0.0015486006153692129,0.04726177496332086,-1.43
9.91,0.0015482260883528521,0.04259221742930607,-1.44
9.92,0.0015478110989559876,0.03752677668341237,-1.44
9.93,0.001547363346483752,0.03254564124886044,-1.44
9.94,0.0015468910256955847,0.02805773497376612,-1.44
9.950000000000001,0.0015464015016302428,0.024357715479287875,-1.45
9.96,0.0015459000445906998,0.02160048149396848,-1.45
9.97,0.001545389240491215,0.019795362463775158,-1.45
9.98,0.0015448694332845948,0.01881928433042218,-1.45
9.99,0.001544340186730902,0.018445685493102864,-1.45
10.0,0.0015438024110291236,0.018383992388882633,-1.45
10.01,0.001543260595498442,0.01832348596405357,-1.46
10.02,0.0015427245674627201,0.01797564141644956,-1.46
10.03,0.0015422103413718796,0.01710997400508644,-1.45
10.040000000000001,0.0015417398636858115,0.015579370715358653,-1.46
10.05,0.0015413397108258277,0.013332106209013515,-1.46
10.06,0.0015410389892341644,0.010409889022739401,-1.46
10.07,0.0015408667855946415,0.006933810936948604,-1.46
10.08,0.0015408495241590195,0.0030816510562499855,-1.47
10.09,0.001541008533169405,-0.0009396367474164136,-1.47
10.1,0.001541358037106032,-0.004922316866047273,-1.47
10.11,0.0015419036986690274,-0.008683003995941178,-1.46
10.120000000000001,0.0015426417412453207,-0.012080965238451334,-1.47
10.13,0.0015435585943772469,-0.015027911107942356,-1.47
10.14,0.0015446309384856952,-0.01748984865087647,-1.47
10.15,0.001545826005472407,-0.01948290247464124,-1.48
10.16,0.001547102034575334,-0.021065016461092136,-1.48
10.17,0.0015484088832897502,-0.022324606350073554,-1.47
10.18,0.0015496889240232908,-0.02336661508358729,-1.48
10.19,0.0015508784726215885,-0.024296745423564317,-1.48
10.200000000000001,0.0015519100440001257,-0.02520535255629687,-1.48
10.21,0.001552715676285399,-0.0261527330508487,-1.48
10.22,0.001553231399676303,-0.027157446840088924,-1.49
10.23,0.0015534026742275188,-0.028189383492375618,-1.48
10.24,0.0015531903373441455,-0.02916949845235469,-1.49
10.25,0.001552576359444809,-0.029977746861285633,-1.49
10.26,0.0015515685720010974,-0.03046913688498428,-1.49
10.27,0.0015502035479375213,-0.030495567486511405,-1.49
10.28,0.001548546982665742,-0.029929404409797515,-1.49
10.290000000000001,0.0015466912036789973,-0.028684275740176565,-1.4900000000000018
10.3,0.0015447497647129928,-0.02672940675303987,-1.5
10.31,0.0015428494097074993,-0.02409553280908181,-1.49
10.32,0.0015411200041592792,-0.020872213721447732,-1.5
10.33,0.0015396833162601513,-0.017197732404592367,-1.5
10.34,0.0015386417586757725,-0.01324376075079375,-1.5
10.35,0.0015380683260252455,-0.009197679715732411,-1.5
10.36,0.0015379989338270908,-0.005245586737177673,-1.51
10.370000000000001,0.0015384281531208616,-0.0015582186967489611,-1.5000000000000018
10.38,0.0015393089563732116,0.001719552213971912,-1.51
10.39,0.0015405566148886973,0.0044762109658507505,-1.51
10.4,0.0015420564120903748,0.0066386449952083575,-1.51
10.41,0.001543674429554994,0.0081746734592603,-1.51
10.42,0.0015452703438325228,0.00909286862745216,-1.52
10.43,0.0015467109414701583,0.009439953718227229,-1.51
10.44,0.0015478829306550983,0.009296282062480208,-1.52
10.450000000000001,0.0015487036328754302,0.008769649751764468,-1.52
10.46,0.0015491283114684898,0.007987660359234662,-1.52
10.47,0.0015491532507689186,0.007089140056488065,-1.52
10.48,0.0015488142115771012,0.006215028704815737,-1.52
10.49,0.00154818047347182,0.005498823727303083,-1.53
10.5,0.0015473452245998282,0.0050567267478813845,-1.53
10.51,0.0015464134961350176,0.004978070529785158,-1.52
10.52,0.0015454891328192425,0.005316789940983986,-1.53
10.53,0.0015446624366112376,0.006084670851935903,-1.53
10.540000000000001,0.0015440000999096296,0.007247394333633899,-1.53
10.55,0.0015435388244797595,0.008724956945963164,-1.53
10.56,0.0015432835712470225,0.010398021529517708,-1.54
10.57,0.0015432107065728006,0.012120543332791587,-1.53
10.58,0.0015432754785440676,0.013737181913140153,-1.54
10.59,0.0015434224438245813,0.015102591098925084,-1.54
10.6,0.0015435968905969301,0.016099214513046505,-1.54
10.61,0.0015437551358325127,0.016650658994280653,-1.54
10.620000000000001,0.0015438718703559996,0.01672884488481948,-1.5400000000000018
10.63,0.0015439434067847707,0.01635468618974858,-1.55
10.64,0.001543986563295508,0.01559351409099255,-1.55
10.65,0.0015440337530839977,0.014547072675616278,-1.55
10.66,0.001544125459138338,0.013343412419518997,-1.55
10.67,0.0015443015750263116,0.012125020447003991,-1.55
10.68,0.001544593096548588,0.011035122104762856,-1.55
10.69,0.001545015426664219,0.010202807073624772,-1.55
10.700000000000001,0.0015455641962201106,0.00972877682499436,-1.56
10.71,0.001546214074240392,0.009673694152117504,-1.56
10.72,0.0015469205817965996,0.010050011347636974,-1.55
10.73,0.0015476244695714582,0.010817124046445666,-1.56
10.74,0.0015482578365863008,0.011880056832768068,-1.56
10.75,0.0015487509414124703,0.013093081904103559,-1.56
10.76,0.0015490386554521472,0.014270001676753514,-1.56
10.77,0.0015490657477214551,0.015201661906258157,-1.57
10.78,0.0015487906151417125,0.01567952900138006,-1.56
10.790000000000001,0.0015481875469638656,0.015522644363852194,-1.5699999999999983
10.8,0.001547247969227869,0.01460388635372008,-1.56
10.81,0.001545981232336157,0.012870528745945038,-1.57
10.82,0.0015444153517437762,0.010354537359025995,-1.57
10.83,0.0015425977534597867,0.007170190608762072,-1.57
10.84,0.001540595651936922,0.00349960433100369,-1.57
10.85,0.0015384953665205682,-0.0004306064287087236,-1.58
10.86,0.0015363997995203758,-0.004376785613315208,-1.58
10.870000000000001,0.001534423511939865,-0.008104879350613015,-1.58
10.88,0.0015326853021294306,-0.011412173076671474,-1.58
10.89,0.0015312987837516482,-0.014141411524306549,-1.58
10.9,0.001530361990038093,-0.01618614779617106,-1.58
10.91,0.001529947346824544,-0.017488119509557098,-1.59
10.92,0.0015300933820434337,-0.01802991382645059,-1.58
10.93,0.001530799291868679,-0.017827866391237554,-1.59
10.94,0.0015320230626997432,-0.01692916604496609,-1.59
10.950000000000001,0.0015336833850291946,-0.01541357882460724,-1.59
10.96,0.001535665182481981,-0.013396589921142527,-1.59
10.97,0.001537828242305667,-0.01102961831644073,-1.59
10.98,0.0015400181642615408,-0.008494353021190794,-1.6
10.99,0.0015420786446499212,-0.005990350393370145,-1.6
11.0,0.0015438640007163953,-0.0037167179142905435,-1.59
11.01,0.001545250839402641,-0.0018503800981346347,-1.6
11.02,0.001546147889999839,-0.000525092375092034,-1.6
11.03,0.0015465032330990564,0.00018415219974720758,-1.6
11.040000000000001,0.0015463084199259188,0.0002682038452409454,-1.6000000000000019
11.05,0.0015455992304424537,-0.00021809952254360572,-1.61
11.06,0.0015444530358585014,-0.001164896764045344,-1.61
11.07,0.0015429829196722932,-0.0024206753752897096,-1.61
11.08,0.0015413288943417003,-0.0038077958585745492,-1.6
11.09,0.0015396467399998797,-0.005138915718671497,-1.61
11.1,0.0015380951844497514,-0.006233505775007003,-1.61
11.11,0.0015368223345934246,-0.006933115929405531,-1.61
11.120000000000001,0.0015359524524213015,-0.007113429329121631,-1.62
11.13,0.0015355743212894508,-0.006691517265692896,-1.62
11.14,0.0015357325176379216,-0.005628014810867101,-1.62
11.15,0.0015364228136304139,-0.0039252258564081806,-1.62
11.16,0.0015375926140601297,-0.0016226133193497974,-1.62
11.17,0.0015391467428368009,0.0012092074143341862,-1.62
11.18,0.0015409580974759447,0.004475321280268907,-1.62
11.19,0.0015428818590169484,0.008063860731236711,-1.63
11.200000000000001,0.0015447713161225276,0.011853646875903243,-1.6200000000000019
11.21,0.001546493121227891,0.015721797728568018,-1.63
11.22,0.0015479400044129342,0.01955072831287756,-1.62
11.23,0.0015490395531711663,0.02323400074787258,-1.63
11.24,0.0015497584398480118,0.02668069823341301,-1.63
11.25,0.0015501022204338964,0.029818069801435722,-1.63
11.26,0.0015501113740186004,0.03259220491214754,-1.64
11.27,0.0015498545437608098,0.03496669931132509,-1.64
11.28,0.0015494200053797163,0.036919688241684366,-1.63
11.290000000000001,0.001548906299151803,0.03844000243707771,-1.64
11.3,0.0015484127973505357,0.039523304228828104,-1.64
11.31,0.001548030806021655,0.04016892463197143,-1.64
11.32,0.0015478356549280864,0.04037782870432918,-1.64
11.33,0.0015478801260646504,0.04015168932870238,-1.64
11.34,0.0015481895087808382,0.03949273035173721,-1.65
11.35,0.001548758538524479,0.03840416969073936,-1.65
11.36,0.0015495504598130043,0.036891518559829466,-1.65
11.370000000000001,0.0015504984306756262,0.03496492638275046,-1.65
11.38,0.0015515094316500009,0.032641929192988875,-1.65
11.39,0.0015524707342423265,0.029949197666136636,-1.65
11.4,0.0015532588019298264,0.02692214270691778,-1.65
11.41,0.0015537502293745428,0.02360224617225206,-1.66
11.42,0.0015538339787455418,0.020032870377550752,-1.66
11.43,0.0015534237894243106,0.016254901181378612,-1.66
11.44,0.001552469311302465,0.012304008205847148,-1.66
11.450000000000001,0.0015509643648176912,0.008211195622698595,-1.66
11.46,0.0015489508725744022,0.00400741619672374,-1.66
11.47,0.00154651748976776,-0.00026829211115162555,-1.66
11.48,0.0015437927329328821,-0.0045588810561051655,-1.67
11.49,0.0015409332966311,-0.008780094508029655,-1.66
11.5,0.0015381090218243632,-0.0128146367529388,-1.67
11.51,0.0015354864540230335,-0.016511525410698846,-1.67
11.52,0.0015332130347103612,-0.019690924561003492,-1.67
11.53,0.0015314037436868317,-0.02215360653597533,-1.67
11.540000000000001,0.0015301315602775066,-0.023694273439605226,-1.6700000000000017
11.55,0.0015294225625809594,-0.02411856636213612,-1.68
11.56,0.0015292559205276686,-0.02326309253019919,-1.68
11.57,0.0015295684905436162,-0.021015964604607733,-1.67
11.58,0.0015302632085414521,-0.017333927484585655,-1.68
11.59,0.0015312200632294293,-0.012252681940497305,-1.68
11.6,0.0015323081998836348,-0.005888952613411681,-1.68
11.61,0.0015333977183873612,0.0015653384586552066,-1.68
11.620000000000001,0.0015343699905956893,0.009855515646207747,-1.6899999999999982
11.63,0.0015351257637632042,0.01868186065462079,-1.68
11.64,0.0015355908126773892,0.027721451956803384,-1.69
11.65,0.0015357193085539275,0.03665275237460099,-1.69
11.66,0.0015354952842994546,0.045180828640681,-1.69
11.67,0.0015349325669246228,0.05306059680028656,-1.69
11.68,0.0015340733688664105,0.060115775804720405,-1.7
11.69,0.001532985489665859,0.06625202975710963,-1.69
11.700000000000001,0.0015317579103800523,0.071463370569886,-1.6999999999999982
11.71,0.0015304945739356617,0.07583121744693601,-1.69
11.72,0.001529306381399142,0.07951643516146596,-1.7
11.73,0.0015283018544997773,0.08274620483723934,-1.7
11.74,0.0015275773831306813,0.08579802199759903,-1.7
11.75,0.0015272083088099572,0.08898143586211252,-1.7
11.76,0.0015272421380662924,0.09261586906069266,-1.71
11.77,0.001527694872518054,0.09700248449810212,-1.7
11.78,0.0015285508471157754,0.10239056139042142,-1.71
11.790000000000001,0.0015297657682108372,0.10894304296543864,-1.71
11.8,0.0015312720755070123,0.11670924585345131,-1.71
11.81,0.0015329854940892642,0.12561241198033282,-1.71
11.82,0.0015348117449517286,0.13545511116088632,-1.72
11.83,0.0015366527672074507,0.14593932955052102,-1.71
11.84,0.0015384122988220822,0.1566946903933005,-1.72
11.85,0.0015400010581787323,0.16730916915672325,-1.72
11.86,0.0015413419080794687,0.17735962177912068,-1.72
11.870000000000001,0.0015423752125067049,0.18644141452878674,-1.72
11.88,0.0015430641781328286,0.19419661160532975,-1.72
11.89,0.0015433994752992691,0.2003396663579801,-1.72
11.9,0.0015434020737448745,0.2046792212222491,-1.72
11.91,0.001543123186256608,0.20713442494701556,-1.73
11.92,0.0015426405653905131,0.20774429029625915,-1.73
11.93,0.0015420510846488726,0.20666931405798783,-1.73
11.94,0.0015414603599373802,0.20418540216142325,-1.73
11.950000000000001,0.0015409708687178366,0.2006703939502379,-1.73
11.96,0.001540670394981433,0.19658317783315743,-1.73
11.97,0.001540622585288011,0.19243520982698278,-1.73
11.98,0.0015408609896352741,0.1887550325117588,-1.73
11.99,0.0015413873226045626,0.186048518433337,-1.74
12.0,0.0015421739916292392,0.18476005233592888,-1.74
12.01,0.0015431703329706781,0.1852405869364301,-1.74
12.02,0.0015443115284771351,0.18772626368543768,-1.74
12.030000000000001,0.0015455288606882787,0.19232761399395706,-1.74
12.040000000000001,0.0015467598139419349,0.1990271623091146,-1.7400000000000018
12.05,0.001547956568717942,0.20768371852622006,-1.75
12.06,0.0015490916841801826,0.21804339465136102,-1.75
12.07,0.0015501602125466889,0.2297584255895659,-1.75
12.08,0.0015511780833023482,0.24241426359052412,-1.75
12.09,0.001552177222606896,0.25556343817846866,-1.75
12.1,0.001553198393998696,0.2687625112974655,-1.75
12.11,0.0015542830519159666,0.2816073660579708,-1.75
12.120000000000001,0.0015554655472228799,0.293762509131741,-1.7500000000000018
12.13,0.0015567668384762936,0.30498167434525825,-1.76
12.14,0.0015581905197616787,0.31511902713109047,-1.76
12.15,0.0015597215698302841,0.3241318838736472,-1.76
12.16,0.0015613278298987877,0.33207658364703685,-1.76
12.17,0.0015629638627110125,0.3390990674114258,-1.76
12.18,0.001564576549002637,0.3454214060903685,-1.76
12.19,0.0015661115613131056,0.35132543466163707,-1.76
12.200000000000001,0.0015675197500183726,0.357134616612729,-1.77
12.21,0.0015687625087612426,0.3631950113195421,-1.77
12.22,0.0015698153635395973,0.3698561278950109,-1.77
12.23,0.0015706693283257152,0.3774528778488127,-1.77
12.24,0.0015713299328367996,0.38629019881925075,-1.77
12.25,0.0015718141831525026,0.39663135521398635,-1.77
12.26,0.0015721460106439113,0.4086894485107601,-1.77
12.27,0.0015723509780334877,0.42262026749072185,-1.78
12.280000000000001,0.001572451134427932,0.4385144619658713,-1.78
12.290000000000001,0.001572460924923079,0.45638853960533954,-1.78
12.3,0.0015723849365398416,0.47617644362278133,-1.78
12.31,0.0015722179810607262,0.4977249001263373,-1.78
12.32,0.0015719475863657639,0.5207955422907894,-1.78
12.33,0.0015715584511025952,0.545075465308766,-1.78
12.34,0.0015710379317392562,0.5701959874978374,-1.79
12.35,0.0015703813233733186,0.5957573336268611,-1.79
12.36,0.0015695956833407813,0.6213555594315769,-1.79
12.370000000000001,0.0015687012699704967,0.6466084118744604,-1.79
12.38,0.001567730263667481,0.6711786482117101,-1.79
12.39,0.001566723133831701,0.6947948317039327,-1.79
12.4,0.0015657235938931482,0.717269707784284,-1.79
12.41,0.0015647733757563121,0.738515566230356,-1.8
12.42,0.0015639079894928067,0.7585554066099042,-1.8
12.43,0.0015631542634975497,0.7775282550880038,-1.8
12.44,0.0015625299253157014,0.7956864591648223,-1.8
12.450000000000001,0.0015620449603783982,0.8133826830592609,-1.8
12.46,0.0015617041112240208,0.8310452658757155,-1.8
12.47,0.0015615097103245845,0.8491426052542078,-1.8
12.48,0.001561464066233714,0.8681396113461267,-1.81
12.49,0.0015615707995062563,0.8884510100317085,-1.81
12.5,0.001561834793747087,0.9103967659345573,-1.81
12.51,0.0015622607379087888,0.9341646161944573,-1.81
12.52,0.0015628505509822418,0.9597844401451004,-1.81
12.530000000000001,0.001563600261557176,0.9871188140968179,-1.81
12.540000000000001,0.0015644971109757511,1.0158728280098595,-1.8100000000000018
12.55,0.0015655177002305532,1.0456237442367513,-1.82
12.56,0.0015666278590381073,1.075867740615367,-1.82
12.57,0.0015677845685164414,1.106077474032872,-1.82
12.58,0.0015689397700679724,1.1357614637789024,-1.82
12.59,0.001570045374952678,1.1645155797419635,-1.82
12.6,0.0015710584242370278,1.192059052318436,-1.82
12.61,0.0015719452744576532,1.2182517653162839,-1.82
12.620000000000001,0.0015726839465531124,1.2430940963265305,-1.83
12.63,0.0015732643072546052,1.26671313542595,-1.83
12.64,0.0015736863795749651,1.2893392577774123,-1.83
12.65,0.001573957583108172,1.3112762183348614,-1.83
12.66,0.0015740899174121448,1.3328679254796671,-1.83
12.67,0.0015740979669056172,1.3544659488034807,-1.83
12.68,0.0015739981872848812,1.3764022921346788,-1.83
12.69,0.0015738093927722063,1.3989708544312376,-1.84
12.700000000000001,0.0015735539015787829,1.4224183423633938,-1.84
12.71,0.0015732585733037089,1.446942497128835,-1.84
12.72,0.0015729550507692688,1.4726941847258967,-1.84
12.73,0.0015726788551802542,1.4997809455873983,-1.84
12.74,0.0015724674366852126,1.5282716546429624,-1.84
12.75,0.001572357668741472,1.5582026844408616,-1.84
12.76,0.0015723834474830056,1.5895847174171038,-1.85
12.77,0.0015725739601110838,1.6224078880951314,-1.85
12.780000000000001,0.0015729528661641405,1.6566430929072233,-1.85
12.790000000000001,0.0015735382294841174,1.6922388618989348,-1.85
12.8,0.001574342720748844,1.7291148495185067,-1.85
12.81,0.0015753735121757809,1.7671542310099082,-1.85
12.82,0.0015766314473686436,1.8061981834638787,-1.86
12.83,0.0015781094338438138,1.8460459721683515,-1.86
12.84,0.0015797904396611909,1.886463352164651,-1.86
12.85,0.0015816458128707052,1.9271996803644293,-1.86
12.86,0.0015836347488059634,1.968011009330075,-1.86
12.870000000000001,0.0015857055489548856,2.0086842826838986,-1.86
12.88,0.0015877988877635474,2.0490579434094944,-1.86
12.89,0.0015898527665474274,2.089036212580282,-1.86
12.9,0.0015918083677176665,2.1285960858635966,-1.87
12.91,0.0015936157729674995,2.167786668296172,-1.87
12.92,0.0015952385348705807,2.206720640295838,-1.87
12.93,0.0015966563609138005,2.24555879907563,-1.87
12.94,0.0015978655793787717,2.2844907453572096,-1.87
12.950000000000001,0.001598877477911734,2.3237162931650692,-1.8700000000000019
12.96,0.0015997149404325427,2.363431507777597,-1.88
12.97,0.001600408017993716,2.403820469986113,-1.88
12.98,0.0016009891576034506,2.445050734586993,-1.88
12.99,0.0016014887966900007,2.4872691459464993,-1.88
13.0,0.0016019319267791747,2.5305957389812286,-1.88
13.01,0.0016023360530881255,2.5751154373264313,-1.88
13.02,0.0016027107436229644,2.6208684946734837,-1.88
13.030000000000001,0.0016030586982674886,2.667840973264391,-1.89
13.040000000000001,0.001603378016693803,2.7159570154083226,-1.89
13.05,0.0016036651521646437,2.7650756380090513,-1.89
13.06,0.0016039179444422142,2.814995315238753,-1.89
13.07,0.0016041381447204,2.865468563532173,-1.89
13.08,0.0016043329693233794,2.916226233989912,-1.89
13.09,0.0016045154156300629,2.9670085402203,-1.89
13.1,0.0016047033026619572,3.017598036526515,-1.9
13.11,0.0016049172271832327,3.0678487579916687,-1.89
13.120000000000001,0.001605177833539824,3.1177052729760364,-1.89
13.13,0.0016055029601156846,3.1672062255847147,-1.89
13.14,0.0016059053107763258,3.2164701822810557,-1.9
13.15,0.0016063912596129641,3.265666753940858,-1.9
13.16,0.0016069611948134805,3.3149805389030806,-1.9
13.17,0.0016076114396921086,3.3645770368227743,-1.9
13.18,0.0016083373159626955,3.414578059281918,-1.9
13.19,0.0016091364724855211,3.4650507420268006,-1.9
13.200000000000001,0.0016100113648059992,3.5160105795074807,-1.91
13.21,0.0016109698696603154,3.5674359599815846,-1.91
13.22,0.0016120234874039557,3.61928987843493,-1.91
13.23,0.001613183327065217,3.6715435247560606,-1.91
13.24,0.001614454858291015,3.72419596288642,-1.91
13.25,0.0016158329685830425,3.7772848001572523,-1.91
13.26,0.0016172989590269003,3.8308854613979753,-1.91
13.27,0.001618820669261559,3.885100594626239,-1.92
13.280000000000001,0.0016203560482784107,3.940043903454755,-1.92
13.290000000000001,0.001621859462812829,3.9958229712427435,-1.92
13.3,0.0016232892200484246,4.052524230253245,-1.92
13.31,0.0016246144604982699,4.110201695902423,-1.92
13.32,0.0016258198536524702,4.1688703087420205,-1.92
13.33,0.0016269072984656425,4.228504701581447,-1.93
13.34,0.0016278948051955157,4.289044132945939,-1.93
13.35,0.001628813549233898,4.350403234462865,-1.93
13.36,0.0016297044571101382,4.412486289351732,-1.93
13.370000000000001,0.0016306155082175236,4.4752015210519085,-1.93
13.38,0.0016316003112993875,4.538472582190304,-1.93
13.39,0.0016327177074574653,4.602246497712017,-1.93
13.4,0.0016340314941146491,4.666498757551027,-1.94
13.41,0.001635609114833935,4.731235899366479,-1.94
13.42,0.0016375184103400184,4.7964945832154,-1.94
13.43,0.0016398221881416977,4.8623354470331765,-1.94
13.44,0.0016425712018280259,4.928830843356531,-1.94
13.450000000000001,0.001645796829077468,4.996047841833572,-1.94
13.46,0.0016495050471116435,5.064030633226365,-1.94
13.47,0.0016536731146561151,5.132787925959842,-1.95
13.48,0.0016582497448735327,5.202289911189162,-1.95
13.49,0.0016631587238088103,5.2724764098344705,-1.95
13.5,0.0016683051968048562,5.343274454303234,-1.95
13.51,0.0016735834436785954,5.414621070085184,-1.95
13.52,0.0016788849686730015,5.486485889710428,-1.95
13.530000000000001,0.0016841060665018547,5.558888425019971,-1.9500000000000017
13.540000000000001,0.001689154503417619,5.631906240704642,-1.96
13.55,0.0016939553468942382,5.705672616296482,-1.96
13.56,0.001698456119679428,5.78036470597782,-1.96
13.57,0.0017026312900273607,5.856184774484968,-1.96
13.58,0.0017064857162789524,5.933337735353431,-1.96
13.59,0.0017100562301968565,6.0120086567127915,-1.96
13.6,0.001713410309521243,6.092344350341497,-1.97
13.61,0.0017166409502388277,6.174442715104449,-1.97
13.620000000000001,0.0017198574723961755,6.258351438947885,-1.9600000000000017
13.63,0.0017231729727821383,6.3440749328387565,-1.97
13.64,0.0017266901815383233,6.431586751681342,-1.97
13.65,0.00173048820564863,6.520844671421709,-1.97
13.66,0.00173461274418365,6.611805948101103,-1.97
13.67,0.0017390717296468323,6.704440387785593,-1.97
13.68,0.001743837125829742,6.798739159984961,-1.97
13.69,0.0017488521686306183,6.894718129304019,-1.97
13.700000000000001,0.0017540421481917002,6.992415370043481,-1.98
13.71,0.0017593262664165772,7.091883057099226,-1.98
13.72,0.0017646282902326553,7.19317447719341,-1.98
13.73,0.0017698845273425177,7.296328057241768,-1.98
13.74,0.001775048738308327,7.401351688071954,-1.98
13.75,0.0017800945448540602,7.50821074545255,-1.98
13.76,0.0017850163720400593,7.616821259474328,-1.99
13.77,0.0017898298517661532,7.727047135149705,-1.99
13.780000000000001,0.0017945720244977776,7.8386995306409,-1.99
13.790000000000001,0.001799300903824541,7.951537986383294,-1.99
13.8,0.0018040933931409346,8.065275110157996,-1.99
13.81,0.0018090404628580425,8.179587619373,-1.99
13.82,0.0018142390147944721,8.294135390901983,-1.99
13.83,0.0018197808521186083,8.40858746789561,-2.0
13.84,0.001825740301416993,8.522651337087625,-2.0
13.85,0.0018321628638364798,8.636100548410795,-2.0
13.86,0.0018390574532816933,8.748796311924643,-2.0
13.870000000000001,0.001846394174491143,8.860700843398917,-2.0
13.88,0.0018541083372846875,8.971882942655746,-2.0
13.89,0.0018621098902630716,9.08251777045147,-2.0
13.9,0.0018702961989849796,9.192881879090947,-2.01
13.91,0.0018785654869895075,9.303342229557018,-2.01
13.92,0.0018868284415221699,9.414336473980455,-2.01
13.93,0.0018950163277917222,9.526342707427142,-2.01
13.94,0.0019030851107032138,9.639839978242371,-2.01
13.950000000000001,0.0019110161235901275,9.755264293005073,-2.01
13.96,0.0019188144184202399,9.872966424588538,-2.01
13.97,0.0019265059570570222,9.993177031366557,-2.02
13.98,0.001934134352535056,10.11598321580907,-2.02
13.99,0.0019417572132114503,10.24132016781101,-2.02
14.0,0.0019494416232187911,10.36898090130942,-2.02
14.01,0.001957258178193589,10.498644200528759,-2.02
14.02,0.0019652733803269653,10.629915812954637,-2.02
14.030000000000001,0.001973540969081425,10.762373664299215,-2.03
14.040000000000001,0.001982093622114164,10.895607528248812,-2.03
14.05,0.001990937017706835,11.029247400520129,-2.03
14.06,0.002000048194882132,11.162980425032277,-2.03
14.07,0.002009379370549218,11.296560667132349,-2.03
14.08,0.002018867027454295,11.42981730203071,-2.03
14.09,0.0020284445844988815,11.562664720417612,-2.03
14.1,0.002038055832552906,11.695114334309414,-2.04
14.11,0.0020476659796617633,11.827284482357094,-2.04
14.120000000000001,0.002057267742588201,11.95940303687966,-2.04
14.13,0.0020668812782210022,12.091797968102702,-2.04
14.14,0.0020765484268498815,12.224874333450103,-2.04
14.15,0.002086323181948649,12.35908032530197,-2.04
14.16,0.0020962610685981453,12.494867630139003,-2.04
14.17,0.002106410032420733,12.63265132079758,-2.04
14.18,0.0021168046274535734,12.772773094837065,-2.04
14.19,0.00212746409500286,12.915470909348963,-2.04
14.200000000000001,0.0021383937919244333,13.060858383203483,-2.040000000000002
14.21,0.002149588701782721,13.208917398125775,-2.05
14.22,0.002161037580754168,13.35950587362749,-2.05
14.23,0.002172726586900884,13.512379864654479,-2.05
14.24,0.00218464181217833,13.667226219391747,-2.05
14.25,0.002196770724278419,13.823700600819945,-2.05
14.26,0.0022091029226929252,13.981466383658532,-2.05
14.27,0.0022216307242873047,14.140231533756678,-2.06
14.280000000000001,0.0022343499411271303,14.299780922548354,-2.06
14.290000000000001,0.0022472609168164358,14.46000018191782,-2.06
14.3,0.002260369607157434,14.620886009490597,-2.06
14.31,0.0022736883497721677,14.782538820616272,-2.06
14.32,0.0022872360079476926,14.945137157537856,-2.06
14.33,0.0023010373621591305,15.108897962714115,-2.06
14.34,0.0023151218706241334,15.274030723729666,-2.06
14.35,0.002329522118693055,15.44069513051536,-2.06
14.36,0.002344272334988007,15.608970914581242,-2.06
14.370000000000001,0.002359407230269257,15.77884559982473,-2.06
14.38,0.0023749611488325167,15.950221999149505,-2.06
14.39,0.0023909672279860393,16.122943362003234,-2.06
14.4,0.002407456090275021,16.2968307918892,-2.06
14.41,0.002424453654197143,16.4717253497801,-2.07
14.42,0.002441977958257746,16.64752630931168,-2.07
14.43,0.0024600353688131846,16.824217435986462,-2.07
14.44,0.002478617023783772,17.001875320087457,-2.07
14.450000000000001,0.002497696657854243,17.180657910831986,-2.07
14.46,0.002517230898639281,17.360776506479628,-2.07
14.47,0.002537162650357558,17.54245855189225,-2.07
14.48,0.0025574273737269354,17.725909991758783,-2.08
14.49,0.0025779611766681082,17.911284465655218,-2.08
14.5,0.002598708979574239,18.098663796877787,-2.08
14.51,0.002619630866548041,18.288051804425418,-2.07
14.52,0.0026407051582551275,18.479382034536727,-2.08
14.530000000000001,0.0026619276252641748,18.672538861833107,-2.08
14.540000000000001,0.0026833073205544357,18.86738940411162,-2.08
14.55,0.00270486039613527,19.063820354961113,-2.08
14.56,0.0027266037044479602,19.261770516757302,-2.08
14.57,0.002748549859605104,19.461249141266443,-2.08
14.58,0.002770704824425022,19.662333606149915,-2.08
14.59,0.002793068238834798,19.865146357721038,-2.09
14.6,0.0028156359253766403,20.06981765932203,-2.09
14.61,0.002838403540215748,20.27644468632277,-2.08
14.620000000000001,0.0028613702735157892,20.485057548130996,-2.080000000000002
14.63,0.002884541783430096,20.6955997880949,-2.09
14.64,0.0029079320074723077,20.907926885694103,-2.09
14.65,0.002931563925816039,21.12182265397961,-2.09
14.66,0.0029554695858150996,21.337030510439167,-2.09
14.67,0.002979689665653767,21.553294332804054,-2.09
14.68,0.0030042726054185253,21.770401858147572,-2.09
14.69,0.0030292730226519084,21.988222426271573,-2.09
14.700000000000001,0.0030547489588740903,22.206731005292674,-2.09
14.71,0.0030807576224077724,22.426012826453267,-2.09
14.72,0.003107349729713107,22.64624774079783,-2.09
14.73,0.003134563193751841,22.86767916377038,-2.1
14.74,0.0031624175341778255,23.090576659584688,-2.1
14.75,0.00319091070619093,23.315201847152583,-2.1
14.76,0.0032200198286700867,23.541784320199582,-2.1
14.77,0.003249706452607728,23.770509442715234,-2.1
14.780000000000001,0.003279925698188149,24.001515712136253,-2.1
14.790000000000001,0.0033106372161708373,24.234897644738012,-2.1
14.8,0.0033418150345499247,24.470710715522596,-2.1
14.81,0.0033734533468209593,24.708976179745854,-2.1
14.82,0.003405566295325626,24.949684319026698,-2.1
14.83,0.003438181562207527,25.192794871652378,-2.11
14.84,0.0034713295467584566,25.438233950511503,-2.11
14.85,0.0035050313901356825,25.685888130087108,-2.11
14.86,0.0035392895555385034,25.93559835171539,-2.1
14.870000000000001,0.0035740838755328377,26.18715786140752,-2.100000000000002
14.88,0.003609374161139085,26.440318255676555,-2.11
14.89,0.003645108264815352,26.694805370719422,-2.11
14.9,0.0036812327208580694,26.95034335149557,-2.11
14.91,0.0037177023878649175,27.206682813738375,-2.11
14.92,0.003754486104907128,27.463628710569196,-2.11
14.93,0.0037915670064603986,27.721064686870566,-2.11
14.94,0.003828938204157585,27.97897165568343,-2.11
14.950000000000001,0.0038665962635866897,28.237437905778858,-2.11
14.96,0.00390453567006565,28.496656772990157,-2.11
14.97,0.003942747047150545,28.75690781948616,-2.12
14.98,0.003981220446061896,29.018520605583515,-2.12
14.99,0.004019953112607265,29.28182644119478,-2.12
15.0,0.004058959468331215,29.547109716137292,-2.12
15.01,0.004098280169152296,29.814572064947317,-2.12
15.02,0.004137987241965958,30.084318158718013,-2.12
15.030000000000001,0.004178183319091274,30.356364255302548,-2.12
15.040000000000001,0.004218994502978241,30.63066422039508,-2.12
15.05,0.004260557902822353,30.907144917647308,-2.12
15.06,0.004303005983957675,31.185743234892126,-2.12
15.07,0.004346450360801433,31.466438556508027,-2.12
15.08,0.00439096755839362,31.749275161523133,-2.12
15.09,0.004436588743461134,32.034368522101424,-2.12
15.1,0.004483294720301074,32.32188995500191,-2.12
15.11,0.004531016764308859,32.61202809292619,-2.12
15.120000000000001,0.004579643173490408,32.904932930274015,-2.13
15.13,0.004629030760645647,33.20065523826401,-2.13
15.14,0.004679019935156214,33.499097126320585,-2.12
15.15,0.004729451621610796,33.799987000864846,-2.12
15.16,0.004780184093827509,34.1028852147635,-2.13
15.17,0.004831107866424141,34.40721820728011,-2.13
15.18,0.00488215704233209,34.7123326854755,-2.13
15.19,0.004933315919781729,35.01755973547027,-2.13
15.200000000000001,0.004984620182812773,35.322280455425314,-2.13
15.21,0.005036152610062812,35.62598630732143,-2.13
15.22,0.00508803390636418,35.92832703189692,-2.14
15.23,0.00514040992699381,36.22913822817104,-2.14
15.24,0.0051934371110845595,36.52844253689303,-2.13
15.25,0.005247268223305073,36.8264239032218,-2.13
15.26,0.005302040394800683,37.123381570456296,-2.13
15.27,0.00535786690538164,37.41967560913453,-2.13
15.280000000000001,0.005414833249480344,37.71567639822035,-2.13
15.290000000000001,0.00547299703614875,38.01172667014681,-2.1300000000000017
15.3,0.005532390519462678,38.30811898269647,-2.14
15.31,0.005593024273209593,38.60508706149788,-2.14
15.32,0.005654890752426989,38.902808102095015,-2.14
15.33,0.005717967093937083,39.20141376044317,-2.14
15.34,0.00578221726225972,39.50100771094161,-2.14
15.35,0.005847594272521751,39.801686031146744,-2.14
15.36,0.005914043481678963,40.10355447737844,-2.14
15.370000000000001,0.005981507705763559,40.40673659102861,-2.14
15.38,0.006049934246074014,40.71137020422444,-2.14
15.39,0.006119283049878703,41.017596115790454,-2.14
15.4,0.0061895345506893604,41.325547679301565,-2.14
15.41,0.006260695498075796,41.63535008602505,-2.14
15.42,0.006332801367148313,41.94713304962896,-2.15
15.43,0.006405914626383282,42.26105408692484,-2.14
15.44,0.006480119022399784,42.577325583477155,-2.14
15.450000000000001,0.006555510854604456,42.89623837379466,-2.14
15.46,0.006632188738541285,43.21817618206324,-2.14
15.47,0.006710243467376439,43.54361695677483,-2.14
15.48,0.006789749293056962,43.87311785324428,-2.14
15.49,0.006870757433763341,44.20728108520725,-2.15
15.5,0.006953292110680066,44.54669998247997,-2.15
15.51,0.0070373490825734785,44.89188953801717,-2.15
15.52,0.007122896494204452,45.243212257567045,-2.15
15.530000000000001,0.007209877814010686,45.60081467845479,-2.15
15.540000000000001,0.007298216635864889,45.964589164483186,-2.15
15.55,0.007387823100940082,46.33416949597283,-2.15
15.56,0.0074786015901833446,46.70896067722763,-2.15
15.57,0.007570459081687433,47.088196784564346,-2.15
15.58,0.007663313182041437,47.471017232962154,-2.15
15.59,0.007757098494529324,47.856551615545065,-2.15
15.6,0.007851769929020673,48.24400468666353,-2.15
15.610000000000001,0.00794730196822062,48.63273337811411,-2.15
15.620000000000001,0.008043683790905795,49.0223060026394,-2.15
15.63,0.008140911333347023,49.41253257807908,-2.15
15.64,0.00823897850431116,49.80345805218519,-2.15
15.65,0.008337870449978916,50.19531816051427,-2.15
15.66,0.00843756166193422,50.588468183642085,-2.15
15.67,0.008538020705311738,50.98330310480136,-2.15
15.68,0.008639221588950526,51.38018915965603,-2.16
15.69,0.008741159806666792,51.779420617736456,-2.15
15.700000000000001,0.008843869504102281,52.18120546692289,-2.1500000000000017
15.71,0.008947437572863749,52.585675219953295,-2.16
15.72,0.00905201090714574,52.99291072719862,-2.16
15.73,0.009157794398611368,53.40297616576037,-2.15
15.74,0.009265039050803569,53.815953267548124,-2.16
15.75,0.009374021310258742,54.23196573461172,-2.16
15.76,0.009485015870950424,54.65118220157511,-2.15
15.77,0.009598264579829771,55.073788753903884,-2.15
15.780000000000001,0.009713943730323396,55.49993010311999,-2.16
15.790000000000001,0.009832131354284594,55.92962984396963,-2.16
15.8,0.00995277560922712,56.362710369646386,-2.16
15.81,0.010075665341790304,56.798737225472394,-2.16
15.82,0.010200404416922233,57.237008296036215,-2.16
15.83,0.010326392216455559,57.676597082459274,-2.16
15.84,0.010452813492715103,58.116447056947216,-2.16
15.85,0.010578641159897617,58.555505634802095,-2.16
15.860000000000001,0.01070265533895633,58.99288210657974,-2.16
15.870000000000001,0.010823480899278646,59.428010991559375,-2.16
15.88,0.010939643897988,59.86079877955777,-2.16
15.89,0.011049644932022455,60.2917292918177,-2.16
15.9,0.011152044875388232,60.72190425907011,-2.16
15.91,0.011245556241991769,61.15300362470719,-2.16
15.92,0.01132913192598067,61.58716340771419,-2.16
15.93,0.011402042557033006,62.026782525742455,-2.16
15.94,0.011463934106892157,62.47427794362753,-2.16
15.950000000000001,0.011514858549541065,62.93180819504845,-2.160000000000002
15.96,0.011555272432350747,63.40098219158098,-2.17
15.97,0.011586001509671479,63.882568155319596,-2.16
15.98,0.011608174088099605,64.37621888485948,-2.16
15.99,0.011623130500014078,64.8802335073454,-2.16
16.0,0.011632319698848273,65.3913795432609,-2.16
16.01,0.011637195321756524,65.90479974541047,-2.16
16.02,0.011639122585603161,66.41402495818454,-2.16
16.03,0.011639304653864955,66.91110873432638,-2.16
16.04,0.011638733477824278,67.38689389342743,-2.16
16.05,0.011638166389005335,67.83141585433592,-2.16
16.06,0.01163812650874597,68.23443927018945,-2.16
16.07,0.011638922679027061,68.58610904427212,-2.17
16.080000000000002,0.011640683210074795,68.87767382979646,-2.1699999999999964
16.09,0.01164339723775773,69.10221530446692,-2.16
16.1,0.011646957761543151,69.2552992940073,-2.16
16.11,0.011651201346718792,69.3354639746494,-2.16
16.12,0.011655940874462685,69.34447905127217,-2.17
16.13,0.011660989417852268,69.28734217898494,-2.17
16.14,0.01166617504025851,69.1720131125846,-2.17
16.15,0.011671347751242993,69.00891237481912,-2.17
16.16,0.011676380777883624,68.81022765576613,-2.17
16.17,0.011681168616126163,68.5890822851178,-2.17
16.18,0.011685624069104087,68.35863208908765,-2.17
16.19,0.011689675842688783,68.13117184896312,-2.17
16.2,0.011693267501882395,67.9173437568862,-2.17
16.21,0.011696357906123587,67.72553482255222,-2.17
16.22,0.01169892275186418,67.56152190203862,-2.17
16.23,0.011700956580929683,67.42838113963052,-2.17
16.240000000000002,0.01170247452681188,67.32663951577946,-2.17
16.25,0.011703513111214687,67.25461978191193,-2.17
16.26,0.011704129534744869,67.20891706940488,-2.17
16.27,0.011704399124438632,67.1849428486938,-2.17
16.28,0.011704410897536995,67.1774767204875,-2.17
16.29,0.01170426152587138,67.1811764186717,-2.17
16.3,0.01170404826098902,67.19100939978685,-2.17
16.31,0.011703861546351956,67.20258358736089,-2.17
16.32,0.011703778081876158,67.21236833496239,-2.17
16.330000000000002,0.011703855035429592,67.21780779520114,-2.17
16.34,0.011704125951013666,67.21733667323645,-2.17
16.35,0.011704598720214001,67.21031309725862,-2.17
16.36,0.011705255784160934,67.196886447967,-2.17
16.37,0.01170605652438086,67.17782062911208,-2.17
16.38,0.011706941589621067,67.15429514773122,-2.17
16.39,0.011707838714467315,67.12770615110126,-2.17
16.4,0.011708669447809362,67.0994864789137,-2.17
16.41,0.011709356151416222,67.07095860092436,-2.17
16.42,0.011709828658038225,67.04322836260255,-2.17
16.43,0.01171003007969926,67.01712153495,-2.17
16.44,0.011709921397646908,66.99315990986936,-2.17
16.45,0.01170948460978356,66.9715701012593,-2.17
16.46,0.011708724339103598,66.95231680485283,-2.17
16.47,0.01170766791778058,66.93515254530084,-2.17
16.48,0.0117063640597952,66.91967715424398,-2.17
16.490000000000002,0.011704880310777039,66.90540172798005,-2.17
16.5,0.011703299497713274,66.89181279807464,-2.17
16.51,0.01170171538206379,66.8784323995992,-2.17
16.52,0.011700227656575949,66.86486907139435,-2.17
16.53,0.011698936349684028,66.85085456066149,-2.17
16.54,0.011697935659758307,66.83626184944288,-2.17
16.55,0.011697307284275585,66.82110228138987,-2.17
16.56,0.011697113465090047,66.80550281279008,-2.17
16.57,0.011697390231056343,66.78966798231316,-2.17
16.580000000000002,0.011698141625866097,66.77383398625146,-2.17
16.59,0.011699335957146348,66.75822347487627,-2.17
16.6,0.011700905163835672,66.74300915032369,-2.17
16.61,0.01170274816271628,66.72829196779199,-2.17
16.62,0.011704738458552643,66.7140959979479,-2.17
16.63,0.011706735461516004,66.70037785038836,-2.17
16.64,0.011708598068989346,66.68704561550943,-2.17
16.65,0.011710198429371942,66.67398162086528,-2.17
16.66,0.011711433648793146,66.66106455489948,-2.17
16.67,0.011712233611575626,66.64818833530643,-2.17
16.68,0.011712563960829678,66.63527634592403,-2.17
16.69,0.011712424355944807,66.62229007065797,-2.17
16.7,0.011711843048453326,66.60923121403243,-2.17
16.71,0.011710869340697901,66.5961368610457,-2.17
16.72,0.01170956552958322,66.58306845049354,-2.17
16.73,0.011707999569826657,66.57009696311523,-2.18
16.740000000000002,0.011706239109578926,66.55728797080313,-2.1799999999999966
16.75,0.011704346987898856,66.54469030455654,-2.17
16.76,0.011702377923223178,66.5323307564551,-2.18
16.77,0.011700376047198743,66.52021494007748,-2.17
16.78,0.01169837311645319,66.50833232791801,-2.17
16.79,0.011696387533269575,66.49666237565668,-2.18
16.8,0.01169442454641967,66.48517870747428,-2.18
16.81,0.011692478043030403,66.47384959045979,-2.18
16.82,0.011690534128542441,66.4626351093699,-2.18
16.830000000000002,0.011688576275042124,66.45148367351939,-2.18
16.84,0.011686591339316202,66.44033161836474,-2.18
16.85,0.011684575390811984,66.42910893816178,-2.18
16.86,0.011682538188359657,66.41775159238217,-2.18
16.87,0.011680505355780062,66.406217391589,-2.18
16.88,0.011678517780548138,66.39449989149553,-2.18
16.89,0.011676628356247864,66.38263435981365,-2.18
16.9,0.011674896728429546,66.37069197835577,-2.18
16.91,0.011673383040046247,66.35876222527236,-2.18
16.92,0.011672141744513975,66.34692747804759,-2.18
16.93,0.011671216385240924,66.33523671471004,-2.18
16.94,0.01167063592136779,66.32368562644582,-2.18
16.95,0.01167041282614655,66.31220848889828,-2.18
16.96,0.011670542880714768,66.30068387423728,-2.18
16.97,0.01167100636127856,66.28895305837622,-2.18
16.98,0.011671770171728456,66.27684761067505,-2.18
16.990000000000002,0.011672790408849571,66.26422138237862,-2.18
17.0,0.011674014873035241,66.25098174515239,-2.18
17.01,0.011675385155683015,66.23711497930888,-2.18
17.02,0.011676838128393983,66.22270089161437,-2.18
17.03,0.011678306891071097,66.20791261732074,-2.18
17.04,0.011679721451591756,66.19300001648405,-2.18
17.05,0.011681009550880266,66.1782588881453,-2.18
17.06,0.011682098071648868,66.16399178096952,-2.18
17.07,0.011682915363719971,66.15046788251883,-2.18
17.080000000000002,0.011683394604343254,66.1378890525265,-2.18
17.09,0.01168347804043402,66.12636734192299,-2.18
17.1,0.011683121701112372,66.11591705605134,-2.18
17.11,0.011682299988772047,66.10646178576411,-2.18
17.12,0.011681009497038954,66.09785403387653,-2.18
17.13,0.011679271468920872,66.08990264256106,-2.18
17.14,0.011677132461851715,66.08240187182805,-2.18
17.150000000000002,0.011674662973410853,66.0751563091026,-2.18
17.16,0.011671953966905041,66.06799784232082,-2.18
17.17,0.01166911141771175,66.06079356980325,-2.18
17.18,0.011666249188698583,66.05344527735748,-2.18
17.19,0.011663480731231857,66.0458819187107,-2.18
17.2,0.011660910276341212,66.03804752580348,-2.18
17.21,0.011658624306388582,66.02988842927932,-2.18
17.22,0.011656684166371155,66.02134441067828,-2.18
17.23,0.011655120674694305,66.01234742707038,-2.18
17.240000000000002,0.011653931511955372,66.0028291900513,-2.18
17.25,0.011653081982884655,65.99273624668754,-2.18
17.26,0.011652509436538524,65.98204913164625,-2.18
17.27,0.011652131180657086,65.97080096025168,-2.18
17.28,0.011651855173589252,65.95909060236879,-2.18
17.29,0.01165159222949398,65.94708637166343,-2.18
17.3,0.011651268078222478,65.9350179994341,-2.18
17.31,0.011650833499476671,65.92315731020989,-2.18
17.32,0.011650270945796798,65.91179072589851,-2.18
17.330000000000002,0.01164959654546943,65.90118841161252,-2.18
17.34,0.011648857036078486,65.89157498753069,-2.18
17.35,0.011648121899326076,65.88310575966327,-2.18
17.36,0.011647471651557476,65.8758511908973,-2.18
17.37,0.011646983837457976,65.86979104634095,-2.18
17.38,0.011646718728664978,65.86481813103329,-2.18
17.39,0.011646706966302399,65.86075004218988,-2.18
17.400000000000002,0.011646941304769934,65.85734636202277,-2.18
17.41,0.011647374129069302,65.85432834583749,-2.18
17.42,0.011647921514399747,65.85139850877304,-2.18
17.43,0.011648473389142348,65.84825881407114,-2.18
17.44,0.011648908122629574,65.84462787745926,-2.18
17.45,0.01164910893858233,65.84025826333689,-2.18
17.46,0.0116489792330839,65.83495375810702,-2.18
17.47,0.01164845425253566,65.82858455299741,-2.18
17.48,0.011647507548534409,65.82109750026262,-2.18
17.490000000000002,0.011646151865790315,65.81251964692935,-2.18
17.5,0.011644435248670154,65.80295480145614,-2.18
17.51,0.011642433876475625,65.79257346721525,-2.18
17.52,0.011640243350347268,65.78159618802604,-2.18
17.53,0.01163796992082093,65.770270604944,-2.18
17.54,0.011635722642086507,65.75884420569182,-2.18
17.55,0.01163360688093877,65.7475369068264,-2.18
17.56,0.011631719162410603,65.73651836136541,-2.18
17.57,0.011630143078077988,65.72589367246917,-2.18
17.580000000000002,0.011628945918637683,65.7156992177457,-2.18
17.59,0.011628175774889364,65.70590861074419,-2.18
17.6,0.011627859015255607,65.69644734392101,-2.18
17.61,0.01162799822921944,65.68721313946463,-2.18
17.62,0.01162857087560604,65.67809799768348,-2.18
17.63,0.011629528963837125,65.6690081329291,-2.18
17.64,0.011630800115831766,65.65987939360883,-2.18
17.650000000000002,0.011632290306011392,65.65068728415784,-2.18
17.66,0.011633888451703612,65.64145126032875,-2.18
17.67,0.011635472817593825,65.63223274745617,-2.18
17.68,0.011636918918515735,65.62312648301452,-2.18
17.69,0.011638108309678017,65.61424586642407,-2.18
17.7,0.01163893742597004,65.60570441710908,-2.18
17.71,0.011639325546666475,65.59759659733338,-2.18
17.72,0.011639221053073925,65.58998217580269,-2.18
17.73,0.01163860539231538,65.58287853295529,-2.18
17.740000000000002,0.011637494481434791,65.57626361866171,-2.18
17.75,0.011635937580788644,65.57008858738665,-2.18
17.76,0.011634013866344481,65.5642954282495,-2.18
17.77,0.011631827028814665,65.55883330774988,-2.18
17.78,0.011629498256552465,65.55366827939721,-2.18
17.79,0.011627157964049391,65.54878361186768,-2.18
17.8,0.011624936649729564,65.54417117679156,-2.18
17.81,0.011622955334698551,65.5398170543027,-2.18
17.82,0.011621316157731707,65.53568581670791,-2.18
17.830000000000002,0.011620093860456275,65.53170776937593,-2.18
17.84,0.011619329034343895,65.5277726074511,-2.18
17.85,0.011619024039046744,65.52373201756023,-2.18
17.86,0.011619142365630336,65.51941237913793,-2.18
17.87,0.01161961186979792,65.51463661139908,-2.18
17.88,0.011620331770122956,65.50925176447664,-2.18
17.89,0.011621182710825358,65.50315693214758,-2.18
17.900000000000002,0.011622038688103745,65.49632524973279,-2.18
17.91,0.011622779359073023,65.48881457397002,-2.18
17.92,0.011623301237886888,65.48076366180814,-2.18
17.93,0.011623526504897804,65.47237370343798,-2.18
17.94,0.011623408533612248,65.46387847329399,-2.18
17.95,0.011622933686904771,65.45550921239212,-2.18
17.96,0.011622119386813026,65.44746122984745,-2.18
17.97,0.011621008896916108,65.43986778560044,-2.18
17.98,0.011619663653013902,65.43278436835936,-2.18
17.990000000000002,0.011618154288380277,65.42618430996386,-2.18
18.0,0.011616551656241344,65.41996518873405,-2.18
18.01,0.011614919104071347,65.41396471047499,-2.18
18.02,0.011613306996126373,65.40798447487391,-2.18
18.03,0.01161175005746323,65.4018196013708,-2.18
18.04,0.011610267613144197,65.39529125255149,-2.18
18.05,0.011608866324554379,65.38827799239023,-2.18
18.06,0.01160754466008348,65.3807411645615,-2.18
18.07,0.011606298115684253,65.37273936587867,-2.18
18.080000000000002,0.011605124127099882,65.36442793016126,-2.18
18.09,0.011604025683854829,65.35604164486284,-2.18
18.1,0.011603012857668458,65.34786277998327,-2.18
18.11,0.011602101785676678,65.34018060767002,-2.18
18.12,0.011601311083191658,65.33325073772804,-2.18
18.13,0.011600656155958297,65.32726168327699,-2.18
18.14,0.011600142353873353,65.32231299110538,-2.18
18.150000000000002,0.011599758252797424,65.3184058368959,-2.18
18.16,0.011599470483008209,65.31544467097162,-2.18
18.17,0.01159922140251294,65.31324785232651,-2.18
18.18,0.01159893055494612,65.3115656167405,-2.18
18.19,0.011598500317663595,65.31010398379676,-2.18
18.2,0.011597825522091385,65.30855267576096,-2.18
18.21,0.011596806189875972,65.3066140841447,-2.18
18.22,0.011595361928892585,65.30402948194,-2.18
18.23,0.011593446035634305,65.3005987726378,-2.18
18.240000000000002,0.01159105705537672,65.29619145554635,-2.18
18.25,0.011588245585377653,65.29074865175711,-2.18
18.26,0.011585114577922146,65.28427792741874,-2.18
18.27,0.011581812342343734,65.27684375581883,-2.18
18.28,0.011578518744667907,65.26855690874773,-2.18
18.29,0.01157542646496041,65.25956572152963,-2.18
18.3,0.011572720205863994,65.25005053942763,-2.18
18.31,0.011570557137705457,65.2402200959814,-2.18
18.32,0.011569051499405798,65.23030680236545,-2.18
18.330000000000002,0.011568265267459625,65.22055839517509,-2.18
18.34,0.011568205484292986,65.21122559403028,-2.18
18.35,0.011568827613040306,65.20254744929936,-2.18
18.36,0.011570043463937708,65.19473661425384,-2.18
18.37,0.011571731919486903,65.18796611534209,-2.18
18.38,0.011573750800571252,65.18235834728193,-2.18
18.39,0.011575948595790319,65.17797667498657,-2.18
18.400000000000002,0.011578175227279264,65.17482013756347,-2.18
18.41,0.011580291393960973,65.17282174512412,-2.18
18.42,0.011582176240811943,65.17185030810292,-2.18
18.43,0.01158373315379049,65.17171507770124,-2.18
18.44,0.011584893443460628,65.17217265652317,-2.18
18.45,0.01158561765894266,65.17293682664646,-2.18
18.46,0.011585894360830259,65.17369297089796,-2.18
18.47,0.011585736423665179,65.17411820601168,-2.18
18.48,0.011585175308683021,65.1739061477105,-2.18
18.490000000000002,0.011584254139039647,65.17279298278255,-2.18
18.5,0.011583020678584733,65.1705808570286,-2.18
18.51,0.011581521355431838,65.16715553236412,-2.18
18.52,0.011579797258666055,65.16249653534413,-2.18
18.53,0.011577882622551461,65.1566786286005,-2.18
18.54,0.011575805801397892,65.14986372695972,-2.18
18.55,0.011573592250717942,65.14228329676475,-2.18
18.56,0.011571268664011893,65.13421293592647,-2.18
18.57,0.011568867221697216,65.12594243167217,-2.18
18.580000000000002,0.011566428899228775,65.11774547474,-2.18
18.59,0.011564004935403861,65.10985320858704,-2.18
18.6,0.01156165584609685,65.10243491867546,-2.18
18.61,0.011559447753956063,65.09558767946162,-2.18
18.62,0.011557446265524617,65.08933526593746,-2.18
18.63,0.011555708619122442,65.08363559232016,-2.18
18.64,0.011554275266158494,65.07839532167823,-2.18
18.650000000000002,0.011553162327656212,65.07348957093541,-2.18
18.66,0.011552356394384405,65.06878344511004,-2.18
18.67,0.011551812871297433,65.0641510158089,-2.18
18.68,0.011551458538246073,65.05948757527712,-2.18
18.69,0.011551198322962813,65.05471330791696,-2.18
18.7,0.011550925612028454,65.04977011321385,-2.18
18.71,0.011550534881827708,65.04461600010468,-2.18
18.72,0.011549935069686556,65.03922139263508,-2.18
18.73,0.01154906193762668,65.03356908700874,-2.18
18.740000000000002,0.011547887711078147,65.02765667429121,-2.18
18.75,0.01154642651286096,65.02149914952169,-2.18
18.76,0.011544734574042086,65.01513046705057,-2.18
18.77,0.011542904886357733,65.00860441415195,-2.18
18.78,0.0115410568024279,65.00199572177551,-2.18
18.79,0.011539321935432865,64.99540159804707,-2.18
18.8,0.01153782835465069,64.98894270780269,-2.18
18.81,0.01153668535232986,64.98276179627834,-2.18
18.82,0.011535970907342753,64.97701799000257,-2.18
18.830000000000002,0.01153572344492893,64.97187553679443,-2.18
18.84,0.011535938743305298,64.96748759136484,-2.18
18.85,0.01153657205893904,64.96397810851148,-2.18
18.86,0.011537544873512726,64.96142630400786,-2.18
18.87,0.011538755159351967,64.95985703822534,-2.18
18.88,0.011540089719017523,64.95923754808109,-2.18
18.89,0.011541436983022749,64.95947845077339,-2.18
18.900000000000002,0.011542698665130233,64.96043632056355,-2.18
18.91,0.011543798892501579,64.96191622446659,-2.18
18.92,0.01154468983970674,64.96367459070034,-2.18
18.93,0.011545353449467008,64.9654247617497,-2.18
18.94,0.011545799416351882,64.96684845483034,-2.18
18.95,0.011546060118763128,64.96761539507725,-2.18
18.96,0.011546183518476937,64.96741093326305,-2.18
18.97,0.011546225176172166,64.9659686228213,-2.18
18.98,0.01154624047738898,64.96310257405094,-2.18
18.990000000000002,0.011546277976510389,64.95873358543695,-2.18
19.0,0.011546374503530635,64.95290386464505,-2.18
19.01,0.011546552383457245,64.94577727688625,-2.18
19.02,0.011546818816986692,64.93762452112514,-2.18
19.03,0.011547167184956552,64.92879466480667,-2.18
19.04,0.011547579799040053,64.91967624130866,-2.18
19.05,0.011548031464175873,64.91065302954755,-2.18
19.06,0.011548493171060745,64.90206119453305,-2.18
19.07,0.011548935304960296,64.89415462720751,-2.18
19.080000000000002,0.011549329921857112,64.88708363609427,-2.18
19.09,0.011549651866625122,64.88088916139722,-2.18
19.1,0.011549878745824214,64.87551163557454,-2.18
19.11,0.011549989986081382,64.87081159192533,-2.18
19.12,0.011549965389941715,64.86659812941518,-2.18
19.13,0.011549783729155572,64.86266066510825,-2.18
19.14,0.011549421964463893,64.85879900975564,-2.18
19.150000000000002,0.01154885561898624,64.85484745533228,-2.18
19.16,0.011548060639407784,64.85069049554683,-2.18
19.17,0.011547016763866217,64.84627011154404,-2.18
19.18,0.011545712026106264,64.84158612548602,-2.18
19.19,0.011544147652114346,64.83669152316953,-2.18
19.2,0.011542342358320176,64.83168408656861,-2.18
19.21,0.011540335031347227,64.82669473362743,-2.18
19.22,0.011538184997655236,64.82187244925744,-2.18
19.23,0.011535969539455791,64.81736617965858,-2.18
19.240000000000002,0.011533778859919129,64.81330532239157,-2.18
19.25,0.011531709183443473,64.80978160230913,-2.18
19.26,0.01152985496553378,64.8068354092138,-2.18
19.27,0.011528301230314135,64.80444901723892,-2.18
19.28,0.011527116883001039,64.80254798175156,-2.18
19.29,0.011526349554912238,64.8010107239527,-2.18
19.3,0.011526022246100373,64.79968477374054,-2.18
19.31,0.01152613181639385,64.79840653410776,-2.18
19.32,0.011526649259039075,64.79702058190398,-2.18
19.330000000000002,0.011527521648104864,64.79539495074046,-2.18
19.34,0.011528675641266809,64.79343001706131,-2.18
19.35,0.011530022401805659,64.79105989082717,-2.18
19.36,0.011531463739982172,64.78824688383257,-2.18
19.37,0.011532899141109157,64.78497202950467,-2.18
19.38,0.011534233156004749,64.78122664092135,-2.18
19.39,0.011535382435249153,64.77700945827344,-2.18
19.400000000000002,0.011536281575910617,64.77233050203644,-2.18
19.41,0.011536886991005671,64.76721853732215,-2.18
19.42,0.011537178238022564,64.7617271642054,-2.18
19.43,0.011537156623681521,64.7559360148346,-2.18
19.44,0.011536841347605624,64.7499467821774,-2.18
19.45,0.011536263841885304,64.74387645324086,-2.18
19.46,0.011535461221761007,64.7378506631281,-2.18
19.47,0.011534469858157783,64.73199851400521,-2.18
19.48,0.011533320030267824,64.72644803830661,-2.18
19.490000000000002,0.01153203244476331,64.72132071562841,-2.18
19.5,0.011530617146658418,64.71672462726698,-2.18
19.51,0.011529075020647293,64.71274754777261,-2.18
19.52,0.011527401715362293,64.70945187571033,-2.18
19.53,0.011525593449535852,64.70687251690912,-2.18
19.54,0.011523653827275812,64.705017432582,-2.18
19.55,0.011521600556509847,64.70386928354068,-2.18
19.56,0.011519470877499344,64.70338588872735,-2.18
19.57,0.011517324591833073,64.70349755592704,-2.18
19.580000000000002,0.011515243833398164,64.70410098079263,-2.18
19.59,0.011513329111729587,64.70505168416425,-2.18
19.6,0.01151169164042073,64.70615849579625,-2.18
19.61,0.011510442497234456,64.7071835065354,-2.18
19.62,0.011509679709841611,64.70784963017354,-2.18
19.63,0.011509474863325476,64.70785655836661,-2.18
19.64,0.011509861184213157,64.7069047626048,-2.18
19.650000000000002,0.011510825145573835,64.70472567458083,-2.18
19.66,0.011512303347455915,64.70111429887706,-2.18
19.67,0.011514185710995162,64.69595929661074,-2.18
19.68,0.011516324964806415,64.6892655947177,-2.18
19.69,0.011518551238286079,64.68116558458183,-2.18
19.7,0.011520689628690104,64.67191663651194,-2.18
19.71,0.011522578130497544,64.66188464304798,-2.18
19.72,0.0115240833986393,64.65151532221499,-2.18
19.73,0.01152511238561469,64.64129695444855,-2.18
19.740000000000002,0.01152561873968314,64.63171972471315,-2.18
19.75,0.011525603725294502,64.62323705511945,-2.18
19.76,0.011525112142985773,64.61623279792481,-2.18
19.77,0.011524224217350672,64.61099569061875,-2.18
19.78,0.01152304470279171,64.6077006159923,-2.18
19.79,0.01152169056713931,64.60639596530538,-2.18
19.8,0.011520278591290243,64.60699735420337,-2.18
19.81,0.011518914101492935,64.60928885183803,-2.18
19.82,0.011517681856285995,64.61293301501027,-2.18
19.830000000000002,0.011516639861888464,64.61749049926793,-2.18
19.84,0.011515816600023607,64.62244918234077,-2.18
19.85,0.011515211824299492,64.62726166030237,-2.18
19.86,0.011514800711632448,64.63138861546116,-2.18
19.87,0.011514540745603596,64.63434405928199,-2.18
19.88,0.011514380295326998,64.63573734072092,-2.18
19.89,0.011514267526508436,64.63530664856565,-2.18
19.900000000000002,0.01151415816022932,64.63293958992271,-2.18
19.91,0.011514020771687485,64.62867789049602,-2.18
19.92,0.011513838814152327,64.62270512513948,-2.18
19.93,0.011513609280571128,64.61531885929725,-2.18
19.94,0.011513338692328099,64.60689156747077,-2.18
19.95,0.011513037702186802,64.5978272236284,-2.18
19.96,0.011512715838189582,64.58852134640311,-2.18
19.97,0.01151237773445605,64.57933111046206,-2.18
19.98,0.011512021660557795,64.57055932360086,-2.18
19.990000000000002,0.011511640452869431,64.56245247399866,-2.18
20.0,0.011511224296006862,64.5552097311485,-2.18
20.01,0.01151076438007371,64.54899764133401,-2.18
20.02,0.011510256347086458,64.54396453424806,-2.18
20.03,0.011509702613740387,64.54024901141251,-2.18
20.04,0.011509113019595448,64.53797819557819,-2.18
20.05,0.011508503672990231,64.53725389764003,-2.18
20.06,0.011507894250934958,64.53812814803136,-2.18
20.07,0.01150730430406903,64.54057260028233,-2.18
20.080000000000002,0.011506749306583375,64.54444844752446,-2.18
20.09,0.011506237263579938,64.54948458628218,-2.18
20.1,0.011505766632160954,64.55527142437576,-2.18
20.11,0.011505326117600743,64.56127521886546,-2.18
20.12,0.011504896577237174,64.56687333022094,-2.18
20.13,0.011504454842261168,64.57140608678324,-2.18
20.14,0.011503978837757244,64.5742381828406,-2.18
20.150000000000002,0.011503453054131842,64.57482222507329,-2.18
20.16,0.011502873286124756,64.57275789384269,-2.18
20.17,0.011502249643565058,64.5678406796338,-2.18
20.18,0.011501607126671105,64.56009417736408,-2.18
20.19,0.011500983473761477,64.54978051724196,-2.18
20.2,0.011500424435086854,64.5373854444561,-2.18
20.21,0.011499977026247835,64.52357774170893,-2.18
20.22,0.011499681628410082,64.50914659005302,-2.18
20.23,0.01149956401365206,64.49492429356832,-2.18
20.240000000000002,0.011499628469096256,64.48170455738352,-2.18
20.25,0.011499853155934464,64.47016750633074,-2.18
20.26,0.011500188651395264,64.46082168451888,-2.18
20.27,0.011500560276058789,64.45397036680926,-2.18
20.28,0.01150087432905528,64.449704828029,-2.18
20.29,0.011501027805939607,64.44792170949107,-2.18
20.3,0.011500920649633161,64.44835703310449,-2.18
20.31,0.011500469161842152,64.4506274095939,-2.18
20.32,0.011499618926766113,64.45427015768689,-2.18
20.330000000000002,0.011498355495510617,64.45877760550425,-2.18
20.34,0.011496711169501295,64.46362518501502,-2.18
20.35,0.01149476652998001,64.46829629347404,-2.18
20.36,0.011492645915821074,64.47230780148186,-2.18
20.37,0.011490506856848706,64.47523813305817,-2.18
20.38,0.011488524447983284,64.47675634001644,-2.18
20.39,0.011486872607443088,64.4766477730126,-2.18
20.400000000000002,0.011485704840052114,64.47483122193856,-2.18
20.41,0.01148513731032435,64.47136358219166,-2.18
20.42,0.011485236635941807,64.46643026324635,-2.18
20.43,0.011486013924868083,64.46032201212513,-2.18
20.44,0.011487425443754076,64.45340118208298,-2.18
20.45,0.011489379233560866,64.44606209892989,-2.18
20.46,0.011491746212098556,64.43869037060887,-2.18
20.47,0.011494373901331362,64.43162505999982,-2.18
20.48,0.011497100854878893,64.42512702202829,-2.18
20.490000000000002,0.011499770057210007,64.41935707081123,-2.18
20.5,0.011502239937421875,64.41436761254344,-2.18
20.51,0.011504392124887911,64.41010926839368,-2.18
20.52,0.011506135627888912,64.40645036497781,-2.18
20.53,0.011507407684139225,64.40320437986826,-2.18
20.54,0.011508172021452531,64.4001600504245,-2.18
20.55,0.011508415569969798,64.39711022590654,-2.18
20.56,0.01150814471451169,64.39387702602556,-2.18
20.57,0.011507381966956822,64.39033163247161,-2.18
20.580000000000002,0.011506163542428963,64.38640734001415,-2.18
20.59,0.011504537858130881,64.38210484309624,-2.18
20.6,0.011502564577598486,64.37748938391022,-2.18
20.61,0.011500313611608155,64.37268036439362,-2.18
20.62,0.01149786351911235,64.36783512170115,-2.18
20.63,0.011495299005177739,64.36312930176037,-2.18
20.64,0.011492707578736529,64.35873630855745,-2.18
20.650000000000002,0.011490175757484698,64.35480799053327,-2.18
20.66,0.011487785367338058,64.3514586061586,-2.18
20.67,0.011485610434162812,64.34875413484708,-2.18
20.68,0.01148371494308506,64.34670862239665,-2.18
20.69,0.011482151447177668,64.34528815142401,-2.18
20.7,0.01148096026638922,64.34442146951952,-2.18
20.71,0.011480168917446347,64.34401498311433,-2.18
20.72,0.011479791478132497,64.3439692651403,-2.18
20.73,0.011479827778129772,64.34419436973114,-2.18
20.740000000000002,0.011480262549115461,64.3446217267249,-2.18
20.75,0.011481064869982804,64.3452109585587,-2.18
20.76,0.011482188330532352,64.34595054528972,-2.18
20.77,0.011483572264764314,64.34685187009809,-2.18
20.78,0.011485144185807759,64.34793698259881,-2.18
20.79,0.011486823266809002,64.34922167872432,-2.18
20.8,0.011488524467991439,64.35069699850084,-2.18
20.81,0.011490162797713326,64.35231309821216,-2.18
20.82,0.011491657243118283,64.35396904927372,-2.18
20.830000000000002,0.01149293408244176,64.35551079121988,-2.18
20.84,0.011493929521221382,64.35673779914978,-2.18
20.85,0.011494591791057163,64.35741740339029,-2.18
20.86,0.011494882951254564,64.35730471605434,-2.18
20.87,0.011494780624334988,64.35616614800374,-2.18
20.88,0.011494279792648918,64.35380494181464,-2.18
20.89,0.011493394616218193,64.35008698907296,-2.18
20.900000000000002,0.011492160037508603,64.34496404758842,-2.18
20.91,0.011490632755223426,64.33848994098133,-2.18
20.92,0.011488891014876936,64.33082483408245,-2.18
20.93,0.011487032615736055,64.3222244706149,-2.18
20.94,0.011485170604969343,64.31301515042298,-2.18
20.95,0.011483426348071746,64.30355943799789,-2.18
20.96,0.011481920047102844,64.29421986776627,-2.18
20.97,0.011480759314694153,64.28532718413923,-2.18
20.98,0.011480027029421,64.27715701341701,-2.18
20.990000000000002,0.011479770240560854,64.26991631515645,-2.18
21.0,0.011479992153792196,64.26373932528682,-2.18
21.01,0.01148064904265498,64.25869154602303,-2.18
21.02,0.011481653228389408,64.25477943343361,-2.18
21.03,0.01148288215317567,64.25196305162252,-2.18
21.04,0.011484192321621423,64.2501691601993,-2.18
21.05,0.011485435874455434,64.2493028308363,-2.18
21.06,0.011486477079685257,64.24925651999574,-2.18
21.07,0.01148720618681323,64.24991613389412,-2.18
21.080000000000002,0.011487548798538857,64.25116402589329,-2.18
21.09,0.011487469923602106,64.25287964633064,-2.18
21.1,0.011486972877577065,64.25493943996753,-2.18
21.11,0.011486093964778982,64.2572172976116,-2.18
21.12,0.01148489431457475,64.25958531714207,-2.18
21.13,0.011483450378703644,64.26191351043148,-2.18
21.14,0.011481844492241268,64.26406771829251,-2.18
21.150000000000002,0.011480156639571925,64.26590671008638,-2.18
21.16,0.011478458214846131,64.26728065512314,-2.18
21.17,0.011476808171216553,64.26803307193683,-2.18
21.18,0.011475251556202925,64.26800728443835,-2.18
21.19,0.01147382008145752,64.26705692794278,-2.18
21.2,0.011472534126114355,64.26505867599836,-2.18
21.21,0.011471405459517484,64.26192471810282,-2.18
21.22,0.011470439998216366,64.25761300334547,-2.18
21.23,0.011469640060325158,64.25213445235948,-2.18
21.240000000000002,0.01146900579949964,64.24555738200434,-2.18
21.25,0.011468535731806518,64.23800991932438,-2.18
21.26,0.011468226461119847,64.22968111967305,-2.18
21.27,0.011468071833350926,64.22082056499733,-2.18
21.28,0.011468061802701018,64.21173454710197,-2.18
21.29,0.011468181292164509,64.20277550073259,-2.18
21.3,0.011468409303442726,64.19432128495727,-2.18
21.31,0.011468718497972335,64.18674297981,-2.18
21.32,0.011469075434268854,64.18036388903622,-2.18
21.330000000000002,0.011469441599687484,64.17541678039471,-2.18
21.34,0.011469775307251517,64.17200874491286,-2.18
21.35,0.011470034432752024,64.17010206464623,-2.18
21.36,0.011470179840148054,64.16951558658985,-2.18
21.37,0.011470179188749284,64.16994623463303,-2.18
21.38,0.011470010654552184,64.17100656697443,-2.18
21.39,0.011469665972670245,64.17227243602349,-2.18
21.400000000000002,0.011469152172641505,64.17333411542556,-2.18
21.41,0.011468491480405763,64.17384411471556,-2.18
21.42,0.011467719118128938,64.17355556278699,-2.18
21.43,0.011466879114743336,64.1723467222845,-2.18
21.44,0.011466018657487413,64.1702293585228,-2.18
21.45,0.011465181850402609,64.16734058283306,-2.18
21.46,0.011464403906517947,64.16391941101226,-2.18
21.47,0.011463706750423859,64.16027125758504,-2.18
21.48,0.01146309676943548,64.15672580784565,-2.18
21.490000000000002,0.011462565091041176,64.15359481483092,-2.18
21.5,0.011462090364486689,64.15113549415942,-2.18
21.51,0.011461643648963508,64.1495230694243,-2.18
21.52,0.011461194692497801,64.14883375456668,-2.18
21.53,0.01146071864495161,64.14903764416746,-2.18
21.54,0.011460202116634158,64.15000019132182,-2.18
21.55,0.011459647511768353,64.15149146591374,-2.18
21.56,0.01145907476610008,64.15320348692863,-2.18
21.57,0.011458520003684716,64.1547764218729,-2.18
21.580000000000002,0.011458031152021717,64.15583356405055,-2.18
21.59,0.01145766111025836,64.15602268836038,-2.18
21.6,0.011457459515212976,64.1550586209909,-2.18
21.61,0.011457464383803528,64.15276031670997,-2.18
21.62,0.011457694882494299,64.1490763403507,-2.18
21.63,0.01145814621465782,64.1440946463821,-2.18
21.64,0.011458787222310684,64.13803466288535,-2.18
21.650000000000002,0.011459560894073033,64.13122175933603,-2.18
21.66,0.01146038765008298,64.1240468927306,-2.18
21.67,0.01146117106888898,64.11691742547025,-2.18
21.68,0.011461805610743198,64.11020742492967,-2.18
21.69,0.011462185827010779,64.10421595197718,-2.18
21.7,0.011462216472825675,64.09913976092469,-2.18
21.71,0.01146182282553294,64.0950632173617,-2.18
21.72,0.011460960354887119,64.09196440403653,-2.18
21.73,0.011459622728896675,64.08973365130386,-2.18
21.740000000000002,0.011457847039174976,64.08819960967463,-2.18
21.75,0.011455715175308601,64.0871580698464,-2.18
21.76,0.011453350544438934,64.08639942494307,-2.18
21.77,0.011450909854960339,64.0857316410933,-2.18
21.78,0.011448570414697937,64.08499674907127,-2.18
21.79,0.01144651418225321,64.08408014229528,-2.18
21.8,0.011444910445043286,64.08291329520576,-2.18
21.81,0.01144389930344551,64.08147165092188,-2.18
21.82,0.01144357804149793,64.0797698559508,-2.18
21.830000000000002,0.011443992001775862,64.07785593972206,-2.18
21.84,0.011445130898655384,64.07580498366455,-2.18
21.85,0.011446930781293468,64.0737121935733,-2.18
21.86,0.011449281221282805,64.07168514274213,-2.18
21.87,0.011452036785758703,64.06983467694455,-2.18
21.88,0.01145503145853089,64.0682636173143,-2.18
21.89,0.01145809440040243,64.0670527981593,-2.18
21.900000000000002,0.01146106533020824,64.06624540402598,-2.18
21.91,0.01146380788977679,64.06583213570921,-2.18
21.92,0.01146621962951321,64.0657403431236,-2.18
21.93,0.011468237681289763,64.0658296832736,-2.18
21.94,0.011469839705290849,64.06589577106631,-2.18
21.95,0.011471040233773634,64.06568248723535,-2.18
21.96,0.01147188304040392,64.06490310476414,-2.18
21.97,0.01147243062250186,64.06326938870305,-2.18
21.98,0.011472752270639647,64.06052596503997,-2.18
21.990000000000002,0.011472912447193912,64.05648544464894,-2.18
22.0,0.011472961205976503,64.05105899647018,-2.18
22.01,0.011472928086496676,64.04427725442189,-2.18
22.02,0.011472820305288409,64.0362974040832,-2.18
22.03,0.011472625235629282,64.02739426858659,-2.18
22.04,0.011472316306911227,64.01793605011707,-2.18
22.05,0.011471860800911298,64.0083482190803,-2.18
22.06,0.011471227759471465,63.99907103706167,-2.18
22.07,0.011470394415294958,63.99051688232012,-2.18
22.080000000000002,0.011469350142736982,63.98303288924696,-2.18
22.09,0.01146809769696079,63.9768729820287,-2.18
22.1,0.011466652210413868,63.972181742833364,-2.18
22.11,0.011465038846796742,63.96899067875875,-2.18
22.12,0.011463290100547294,63.967225398464834,-2.18
22.13,0.011461443517773904,63.96672076606254,-2.18
22.14,0.011459540226983395,63.967240960227095,-2.18
22.150000000000002,0.01145762425837125,63.968502111791636,-2.18
22.16,0.01145574232113755,63.97019585611332,-2.18
22.17,0.011453943557971068,63.97201255695249,-2.18
22.18,0.011452278805621807,63.973663631411156,-2.18
22.19,0.011450799023319337,63.974903020413215,-2.18
22.2,0.011449552752992977,63.975547253767466,-2.18
22.21,0.011448582698313642,63.97549169887198,-2.18
22.22,0.0114479217206679,63.97471937096065,-2.18
22.23,0.011447588727663821,63.97329985882158,-2.18
22.240000000000002,0.01144758505500564,63.97137870414135,-2.18
22.25,0.011447891994964985,63.96915973063925,-2.18
22.26,0.01144847008065307,63.96688342517757,-2.18
22.27,0.011449260575879775,63.96480417924809,-2.18
22.28,0.011450189349775115,63.96316852594507,-2.18
22.29,0.011451172973951701,63.962195441664036,-2.18
22.3,0.011452126529406536,63.96205864448724,-2.18
22.31,0.011452972301036875,63.96287042488947,-2.18
22.32,0.01145364829704623,63.96466736157632,-2.18
22.330000000000002,0.011454115383177105,63.967399728501846,-2.18
22.34,0.011454361811213358,63.97092730095716,-2.18
22.35,0.011454404106951425,63.97502397603518,-2.18
22.36,0.011454283715842024,63.97939236119917,-2.18
22.37,0.011454059491211177,63.983687722534995,-2.18
22.38,0.011453796963454754,63.98754882447833,-2.18
22.39,0.011453556143292671,63.99063177857298,-2.18
22.400000000000002,0.011453380122154135,63.992642581543045,-2.18
22.41,0.011453286728685407,63.9933645716131,-2.18
22.42,0.011453264917107412,63.99267805449378,-2.18
22.43,0.011453276517718979,63.99057036637355,-2.18
22.44,0.011453262763453457,63.98713551416177,-2.18
22.45,0.011453153987660258,63.98256334469641,-2.18
22.46,0.011452880357285476,63.97711907699237,-2.18
22.47,0.011452381573581416,63.97111507891703,-2.18
22.48,0.011451614056042341,63.9648778695218,-2.18
22.490000000000002,0.01145055497997789,63.95871407377309,-2.18
22.5,0.011449203355461067,63.95287917501535,-2.18
22.51,0.01144757887903294,63.94755273471558,-2.18
22.52,0.011445719470696029,63.94282362123917,-2.18
22.53,0.011443678272636943,63.93868815268251,-2.18
22.54,0.011441520565559388,63.935062055507125,-2.18
22.55,0.011439320716561693,63.931804005256076,-2.18
22.56,0.011437159039895489,63.92874562192303,-2.18
22.57,0.011435118390090059,63.92572143456959,-2.18
22.580000000000002,0.011433280404946754,63.922592936659626,-2.18
22.59,0.0114317215045337,63.91926315312708,-2.18
22.6,0.011430508933796187,63.91568132008091,-2.18
22.61,0.01142969722566202,63.91183998600257,-2.18
22.62,0.011429325416792879,63.907767937618885,-2.18
22.63,0.011429415186285674,63.90352185033743,-2.18
22.64,0.011429969883380256,63.89917835474696,-2.18
22.650000000000002,0.01143097426186144,63.89482707230831,-2.18
22.66,0.011432394712764842,63.890564402748886,-2.18
22.67,0.011434179888198021,63.886487498015384,-2.18
22.68,0.011436261790504396,63.8826879414657,-2.18
22.69,0.011438557585848648,63.87924512678722,-2.18
22.7,0.011440972505438829,63.87621995225987,-2.18
22.71,0.011443404152757958,63.87364967937336,-2.18
22.72,0.011445748311640032,63.87154430676039,-2.18
22.73,0.011447905979671814,63.86988410099641,-2.18
22.740000000000002,0.011449790937060786,63.868618034256414,-2.18
22.75,0.011451336844739776,63.867664038917404,-2.18
22.76,0.011452502767448943,63.866913087579874,-2.18
22.77,0.011453276190762108,63.86623875520717,-2.18
22.78,0.011453673010185251,63.86551204159261,-2.18
22.79,0.011453734494663921,63.864619184076524,-2.18
22.8,0.011453521708312896,63.86347910175389,-2.18
22.81,0.011453108195836692,63.862056896524116,-2.18
22.82,0.011452571862948003,63.86037021981549,-2.18
22.830000000000002,0.011451986943056141,63.85848662714906,-2.18
22.84,0.011451416799409541,63.85651234613438,-2.18
22.85,0.01145090813765852,63.85457528980424,-2.18
22.86,0.011450487049641522,63.85280656964848,-2.18
22.87,0.011450157196087975,63.85132478194569,-2.18
22.88,0.011449900352266727,63.85022616207026,-2.18
22.89,0.01144967944799125,63.84958183498048,-2.18
22.900000000000002,0.011449444081514932,63.84944141407012,-2.18
22.91,0.011449138235658102,63.849840404715344,-2.18
22.92,0.011448709566659264,63.850807454245306,-2.18
22.93,0.011448119219276355,63.85236720470697,-2.18
22.94,0.011447350756730788,63.854536170245005,-2.18
22.95,0.011446416625186839,63.85731230654158,-2.18
22.96,0.011445360717118328,63.86066204540148,-2.18
22.97,0.011444256098139555,63.864509652563974,-2.18
22.98,0.011443197753768827,63.86873221697828,-2.18
22.990000000000002,0.011442291122180813,63.873160643472644,-2.18
23.0,0.011441637978714328,63.87758486153133,-2.18
23.01,0.011441321742939853,63.88176134167964,-2.18
23.02,0.011441394405346155,63.88542237946803,-2.18
23.03,0.011441867033493303,63.88828786441449,-2.18
23.04,0.011442705304326447,63.890080292439734,-2.18
23.05,0.011443830832663397,63.89054290998707,-2.18
23.06,0.01144512830768034,63.88946017916289,-2.18
23.07,0.011446457652153949,63.886679622940704,-2.18
23.080000000000002,0.011447669641710513,63.882133822723716,-2.18
23.09,0.011448622789571214,63.87586019633354,-2.18
23.1,0.01144919898834605,63.86801464985995,-2.18
23.11,0.011449315546322477,63.85887450457205,-2.18
23.12,0.011448931904656501,63.84882697322627,-2.18
23.13,0.011448050369591678,63.83834170575855,-2.18
23.14,0.011446711378394595,63.82792893769258,-2.18
23.150000000000002,0.011444984807395947,63.81808788431258,-2.18
23.16,0.011442959375199232,63.80925264068959,-2.18
23.17,0.011440732212205243,63.80174449782436,-2.18
23.18,0.011438400234642208,63.7957395099221,-2.18
23.19,0.011436054259021635,63.79125746393426,-2.18
23.2,0.011433776037866338,63.788173494102594,-2.18
23.21,0.011431637759754478,63.78624858794932,-2.18
23.22,0.01142970312217965,63.78517222622517,-2.18
23.23,0.011428028878075052,63.784609722534285,-2.18
23.240000000000002,0.011426665772805168,63.78424755607423,-2.18
23.25,0.011425658014646824,63.78383126031574,-2.18
23.26,0.011425040836383644,63.7831918807929,-2.18
23.27,0.011424836267202872,63.78225855291381,-2.18
23.28,0.01142504785690283,63.781056349964004,-2.18
23.29,0.01142565563364724,63.779690209594385,-2.18
23.3,0.011426612856673735,63.77831747728517,-2.18
23.31,0.0114278460019731,63.77711338854688,-2.18
23.32,0.011429258839288612,63.77623539034002,-2.18
23.330000000000002,0.01143074051678032,63.77579283552293,-2.18
23.34,0.011432176524923997,63.775827439357805,-2.18
23.35,0.01143346060583689,63.77630714673058,-2.18
23.36,0.011434505380534542,63.77713311981191,-2.18
23.37,0.011435249783121012,63.77815752903886,-2.18
23.38,0.01143566221630035,63.77920859494824,-2.18
23.39,0.011435739401343925,63.7801185289841,-2.18
23.400000000000002,0.01143550184152019,63.78074978592756,-2.18
23.41,0.011434987386809908,63.78101535125951,-2.18
23.42,0.011434244483890424,63.780889482119385,-2.18
23.43,0.011433326380866395,63.78040676843357,-2.18
23.44,0.011432287000753152,63.779649881941246,-2.18
23.45,0.011431178609239942,63.778729134923424,-2.18
23.46,0.011430050946931851,63.77775862540655,-2.18
23.47,0.011428951254116486,63.77683377866116,-2.18
23.48,0.011427924585218536,63.77601412507785,-2.18
23.490000000000002,0.011427013930297596,63.77531395056607,-2.18
23.5,0.011426259846908739,63.77470206383339,-2.18
23.51,0.011425699485399787,63.77411006677945,-2.18
23.52,0.011425365027088423,63.773446460571286,-2.18
23.53,0.011425281643753593,63.7726125341513,-2.18
23.54,0.011425465146733012,63.77151601098395,-2.18
23.55,0.011425919549273807,63.77007987402868,-2.18
23.56,0.011426634829456432,63.76824586429312,-2.18
23.57,0.011427585246001386,63.765973802445274,-2.18
23.580000000000002,0.011428728604705523,63.76323854710547,-2.18
23.59,0.011430006873703547,63.760026387483876,-2.18
23.6,0.011431348476320992,63.75633256497534,-2.18
23.61,0.011432672430094847,63.7521614314761,-2.18
23.62,0.011433894242270629,63.747530012497464,-2.18
23.63,0.011434933140820659,63.74247426036131,-2.18
23.64,0.0114357198851409,63.73705561946315,-2.18
23.650000000000002,0.011436204157801229,63.731364798003426,-2.18
23.66,0.011436360470858368,63.7255204874605,-2.18
23.67,0.011436191665733805,63.719662638936114,-2.18
23.68,0.011435729421505631,63.71394171953693,-2.18
23.69,0.01143503162742589,63.70850640470655,-2.18
23.7,0.011434176908526402,63.70349215023983,-2.18
23.71,0.011433256933744912,63.699012228963845,-2.18
23.72,0.011432367354582414,63.69515169203472,-2.18
23.73,0.011431598326803166,63.69196385018455,-2.18
23.740000000000002,0.011431025575605264,63.68946846311608,-2.18
23.75,0.01143070288838222,63.687650863784675,-2.18
23.76,0.011430656762276765,63.68646166888842,-2.18
23.77,0.011430883697838738,63.68581743307407,-2.18
23.78,0.011431350333185125,63.68560328782184,-2.18
23.79,0.011431996302525978,63.68567868665596,-2.18
23.8,0.011432739441161289,63.68588647910911,-2.18
23.81,0.011433482790688135,63.6860641589799,-2.18
23.82,0.011434122791533429,63.68605534555971,-2.18
23.830000000000002,0.01143455806150695,63.68571988632658,-2.18
23.84,0.011434698206706494,63.68494204681703,-2.18
23.85,0.011434472151677817,63.68363732805885,-2.18
23.86,0.011433835484492238,63.68175878899979,-2.18
23.87,0.011432776291513819,63.679303025082,-2.18
23.88,0.01143131892908406,63.67631476060172,-2.18
23.89,0.011429525179008939,63.6728884705949,-2.18
23.900000000000002,0.011427492300001355,63.66916592832195,-2.18
23.91,0.01142534765585349,63.66532929912639,-2.18
23.92,0.011423239897658016,63.66158958799443,-2.18
23.93,0.011421327090084742,63.65817025312786,-2.18
23.94,0.011419762637041603,63.655286637386496,-2.18
23.95,0.01141868028325724,63.65312363158064,-2.18
23.96,0.011418179757046017,63.651815310943746,-2.18
23.97,0.011418314722634887,63.65142995908041,-2.18
23.98,0.011419084612409085,63.651962454975965,-2.18
23.990000000000002,0.011420431623101862,63.65333480578967,-2.18
24.0,0.011422243705675772,63.655404818487725,-2.18
24.01,0.011424363760900736,63.657981796868,-2.18
24.02,0.011426604472505212,63.66084676002189,-2.18
24.03,0.011428767327354351,63.663773796089124,-2.18
24.04,0.01143066355523294,63.66654939851893,-2.18
24.05,0.011432134203119334,63.66898797198445,-2.18
24.060000000000002,0.011433066533466842,63.670943360774395,-2.18
24.07,0.011433404472623815,63.67231708807868,-2.18
24.080000000000002,0.011433151841010158,63.67306349795543,-2.18
24.09,0.011432368319059291,63.67319074761915,-2.18
24.1,0.011431159223341541,63.67275571951058,-2.18
24.11,0.01142966094702314,63.671851256183295,-2.18
24.12,0.011428024275112388,63.67058576433895,-2.18
24.13,0.011426397760047096,63.669057651467284,-2.18
24.14,0.011424913041791933,63.66732947151993,-2.18
24.150000000000002,0.011423673533959794,63.66540808145144,-2.18
24.16,0.011422747359048371,63.663236477100014,-2.18
24.17,0.011422164848598572,63.660700037585094,-2.18
24.18,0.011421920366154047,63.657645994486764,-2.18
24.19,0.011421977721939584,63.653912061103206,-2.18
24.2,0.01142227809985031,63.64935913078772,-2.18
24.21,0.011422749257424902,63.64390299064891,-2.18
24.22,0.011423314790904074,63.63754012142816,-2.18
24.23,0.011423902443344692,63.63036293275985,-2.18
24.240000000000002,0.011424450712310269,63.622561084965824,-2.18
24.25,0.011424913318150943,63.61440839341892,-2.18
24.26,0.01142526137448951,63.60623829202816,-2.18
24.27,0.011425483336038465,63.598412883346384,-2.18
24.28,0.011425582982120888,63.591290091384515,-2.18
24.29,0.011425575833546907,63.58519173561974,-2.18
24.3,0.011425484505736046,63.5803747170744,-2.18
24.310000000000002,0.01142533358274982,63.577008152769274,-2.18
24.32,0.011425144660757176,63.57515944280929,-2.18
24.330000000000002,0.011424932245570056,63.57479081733046,-2.18
24.34,0.011424701165679101,63.575765638403745,-2.18
24.35,0.011424446036120372,63.577862071657144,-2.18
24.36,0.011424153046171148,63.58079154027843,-2.19
24.37,0.011423803945041808,63.584220331492666,-2.18
24.38,0.011423381618947757,63.58779364561406,-2.18
24.39,0.01142287620752073,63.59116128207615,-2.18
24.400000000000002,0.011422290445197169,63.59400328228324,-2.18
24.41,0.011421642951069795,63.59605321637318,-2.18
24.42,0.011420968566444072,63.597116949330626,-2.18
24.43,0.01142031548427675,63.59708535241115,-2.18
24.44,0.011419739652781999,63.595940071753446,-2.18
24.45,0.011419297540626485,63.5937519629612,-2.18
24.46,0.01141903864336571,63.59067220034803,-2.18
24.47,0.011418999021234734,63.58691647457483,-2.18
24.48,0.011419196745132962,63.58274320670169,-2.18
24.490000000000002,0.011419629559043323,63.57842742806327,-2.1800000000000037
24.5,0.011420274556659595,63.5742329483313,-2.19
24.51,0.011421089379719206,63.57038644580292,-2.18
24.52,0.011422014429286522,63.56705745264331,-2.18
24.53,0.011422975786225885,63.56434705741711,-2.18
24.54,0.011423888832360216,63.56228573661785,-2.18
24.55,0.011424662790454706,63.56083864986701,-2.18
24.560000000000002,0.011425206436793374,63.55991636975957,-2.1800000000000037
24.57,0.01142543504114825,63.55938999434493,-2.19
24.580000000000002,0.011425278201875026,63.55911042294086,-2.1899999999999964
24.59,0.011424687795569427,63.55893125706728,-2.18
24.6,0.01142364491735795,63.558733268397845,-2.18
24.61,0.01142216459147145,63.558446368952445,-2.18
24.62,0.011420297250135472,63.5580638463671,-2.18
24.63,0.01141812647713354,63.55764442456024,-2.18
24.64,0.011415763150558322,63.55730043508165,-2.19
24.650000000000002,0.011413336707280376,63.5571739311045,-2.18
24.66,0.011410984642176264,63.55740564115292,-2.18
24.67,0.011408841494603177,63.558103370783805,-2.19
24.68,0.011407028491703285,63.55931652995931,-2.19
24.69,0.011405644789967553,63.56102190946345,-2.18
24.7,0.011404760969316922,63.56312289543541,-2.19
24.71,0.011404415143925926,63.5654609451914,-2.19
24.72,0.01140461177720248,63.56783576982153,-2.18
24.73,0.011405323029710344,63.57002983067651,-2.18
24.740000000000002,0.011406492252225621,63.5718327900393,-2.18
24.75,0.01140803909783035,63.57306192624049,-2.18
24.76,0.01140986568516272,63.5735755450451,-2.18
24.77,0.011411863285337411,63.57327834765832,-2.18
24.78,0.011413919093500676,63.57211999426497,-2.18
24.79,0.011415922747109024,63.57008971572502,-2.19
24.8,0.011417772339417627,63.56721005096827,-2.18
24.810000000000002,0.01141937973140098,63.56353170155606,-2.1800000000000037
24.82,0.011420674982936255,63.55912993354261,-2.19
24.830000000000002,0.011421609711507857,63.55410187636908,-2.1800000000000037
24.84,0.011422159163209624,63.54856382946242,-2.19
24.85,0.011422322775447883,63.542648011530915,-2.19
24.86,0.01142212305658174,63.536498671163145,-2.18
24.87,0.011421602730093247,63.53026770660708,-2.18
24.88,0.011420820287238906,63.52410961123851,-2.18
24.89,0.011419844319614465,63.51817518152605,-2.18
24.900000000000002,0.01141874719674557,63.51260392999996,-2.18
24.91,0.011417598764924273,63.50751630728758,-2.18
24.92,0.011416460758429328,63.503007420104076,-2.18
24.93,0.011415382543337524,63.499143439452624,-2.19
24.94,0.01141439867345608,63.49596092385937,-2.18
24.95,0.011413528539725668,63.49346850249848,-2.18
24.96,0.011412778145151055,63.491649993911075,-2.18
24.97,0.011412143744749952,63.490468054825264,-2.18
24.98,0.011411616781671406,63.489867754434016,-2.19
24.990000000000002,0.011411189286150996,63.48977978691442,-2.18
25.0,0.01141085875936924,63.490123025600234,-2.18
25.01,0.0114106315968084,63.4908059213142,-2.18
25.02,0.011410524329351267,63.49172662905572,-2.19
25.03,0.011410562339627636,63.49277297762781,-2.19
25.04,0.011410776166803669,63.49382436404507,-2.18
25.05,0.011411195946487202,63.49475713728976,-2.19
25.060000000000002,0.011411844861567516,63.4954533674475,-2.19
25.07,0.011412732659533293,63.4958114504686,-2.19
25.080000000000002,0.011413850311847539,63.49575652785252,-2.19
25.09,0.011415166764770762,63.495248938616335,-2.19
25.1,0.011416628480316915,63.49428937550824,-2.19
25.11,0.011418162105260006,63.4929198826022,-2.19
25.12,0.01141968014723997,63.491220305983184,-2.19
25.13,0.011421089021936316,63.489300335157736,-2.19
25.14,0.011422298361577285,63.487287891899854,-2.19
25.150000000000002,0.011423230174031544,63.48531533375475,-2.19
25.16,0.01142382642203767,63.483505534343514,-2.19
25.17,0.011424053893022458,63.481959887707305,-2.19
25.18,0.011423905793809003,63.480749351327056,-2.19
25.19,0.011423400174790536,63.47990834341072,-2.19
25.2,0.011422575865592225,63.47943073893701,-2.19
25.21,0.011421486940321272,63.479267856789825,-2.19
25.22,0.011420196779214114,63.4793296123525,-2.19
25.23,0.01141877260008853,63.479490823509366,-2.19
25.240000000000002,0.011417280999883993,63.47960417846201,-2.19
25.25,0.01141578469322418,63.47951957320912,-2.19
25.26,0.011414340355618807,63.47910717751257,-2.19
25.27,0.011412997319711926,63.478279791425194,-2.19
25.28,0.011411796834323338,63.4770096069996,-2.19
25.29,0.011410771645423584,63.47533544927666,-2.19
25.3,0.011409945747471985,63.4733584117758,-2.19
25.310000000000002,0.011409334239001302,63.47122600647058,-2.19
25.32,0.011408943271894602,63.469107277991704,-2.19
25.330000000000002,0.011408770105042267,63.46716354441438,-2.19
25.34,0.01140880327495206,63.46552095478134,-2.19
25.35,0.011409022901194239,63.46425111820121,-2.19
25.36,0.011409401166726677,63.46336418506796,-2.19
25.37,0.011409903048405967,63.462815368804016,-2.19
25.38,0.011410487406262456,63.46252238670197,-2.19
25.39,0.011411108553915587,63.46238902489563,-2.19
25.400000000000002,0.011411718411465313,63.462329238784584,-2.19
25.41,0.011412269275008694,63.462286538860106,-2.19
25.42,0.01141271712066053,63.46224485828814,-2.19
25.43,0.011413025209538512,63.46222947735296,-2.19
25.44,0.011413167609584248,63.46229896999666,-2.19
25.45,0.011413132149541773,63.46253066252766,-2.19
25.46,0.011412922313258014,63.46300278975379,-2.19
25.47,0.011412557689275807,63.463776710325526,-2.19
25.48,0.011412072796995035,63.46488191337,-2.19
25.490000000000002,0.011411514363821209,63.466305016820286,-2.19
25.5,0.011410937356582378,63.467982610250836,-2.19
25.51,0.011410400220152866,63.46979779202343,-2.19
25.52,0.011409959827771099,63.47158120634062,-2.19
25.53,0.011409666615105129,63.473117887077564,-2.19
25.54,0.011409560288889176,63.47416052865957,-2.19
25.55,0.01140966641065156,63.474448435730615,-2.19
25.560000000000002,0.011409994082392726,63.47373039013672,-2.19
25.57,0.011410534907631172,63.471789598316334,-2.19
25.580000000000002,0.011411263355445792,63.46846928103496,-2.19
25.59,0.011412138597711351,63.46369730718166,-2.19
25.6,0.011413107799910657,63.45750713772212,-2.19
25.61,0.01141411070512066,63.450050907201174,-2.19
25.62,0.011415085152171206,63.4415999290387,-2.19
25.63,0.011415972936250338,63.43252919603782,-2.19
25.64,0.011416725219368045,63.423285651634686,-2.19
25.650000000000002,0.011417306619351333,63.414344178109026,-2.19
25.66,0.011417697224053502,63.4061586149478,-2.19
25.67,0.011417892116133416,63.39911607657345,-2.19
25.68,0.011417898501434036,63.393501319381485,-2.19
25.69,0.011417731078253964,63.389475310490354,-2.19
25.7,0.01141740669658003,63.387069552968015,-2.19
25.71,0.011416939506675496,63.38619517694403,-2.19
25.72,0.011416337644547194,63.38666349696802,-2.19
25.73,0.011415602098603215,63.38821342556075,-2.19
25.740000000000002,0.0114147278704059,63.39054118344748,-2.19
25.75,0.011413707034938575,63.39332869627215,-2.19
25.76,0.01141253294497266,63.39626827198759,-2.19
25.77,0.011411204668908628,63.399082269718754,-2.19
25.78,0.011409730796962126,63.40153738283176,-2.19
25.79,0.01140813194367751,63.40345381873518,-2.19
25.8,0.011406441543228703,63.40471004732924,-2.19
25.810000000000002,0.011404704822030215,63.40524391743212,-2.19
25.82,0.011402976113826395,63.405050837074334,-2.19
25.830000000000002,0.011401314937116824,63.404179428105515,-2.19
25.84,0.011399781450395705,63.40272465912505,-2.19
25.85,0.011398431991033173,63.400818040424696,-2.19
25.86,0.011397315349426848,63.39861433641882,-2.19
25.87,0.01139647022078307,63.396274954323765,-2.19
25.88,0.011395923951654204,63.39394983739478,-2.19
25.89,0.011395692353323876,63.39176130119105,-2.19
25.900000000000002,0.011395780110183946,63.38979340599234,-2.19
25.91,0.011396181255357796,63.38808913287527,-2.19
25.92,0.011396879334847428,63.386656014239925,-2.19
25.93,0.011397847181136907,63.38547950590906,-2.19
25.94,0.011399046558424667,63.38454186278297,-2.19
25.95,0.011400428194022932,63.38384264920702,-2.19
25.96,0.011401932767802483,63.38341612445624,-2.19
25.97,0.011403493249114226,63.383341082121106,-2.19
25.98,0.01140503858944616,63.38373994703414,-2.19
25.990000000000002,0.01140649832994466,63.38476550249267,-2.19
26.0,0.011407807341239416,63.38657526454586,-2.19
26.01,0.011408909819961432,63.38929515982776,-2.19
26.02,0.011409761872585522,63.392975748171246,-2.19
26.03,0.011410332462470507,63.39754569741452,-2.19
26.04,0.01141060301758541,63.40276848938874,-2.19
26.05,0.011410566389580884,63.40820932852202,-2.19
26.060000000000002,0.01141022596653498,63.41321981304749,-2.19
26.07,0.011409595529291244,63.41694780205164,-2.19
26.080000000000002,0.011408699978289345,63.41837846838086,-2.19
26.09,0.011407576510782938,63.416409211934585,-2.19
26.1,0.011406275401785263,63.40995602283007,-2.19
26.11,0.011404859400810033,63.39808296658978,-2.19
26.12,0.011403400970349796,63.38014106332487,-2.19
26.13,0.011401977113013046,63.355899123421786,-2.19
26.14,0.011400662201958124,63.325647799909405,-2.19
26.150000000000002,0.011399519829860202,63.290259663964754,-2.19
26.16,0.011398595051315361,63.251192603597005,-2.19
26.17,0.011397908434962453,63.210430527437026,-2.19
26.18,0.011397453083950128,63.17036291686672,-2.19
26.19,0.011397195317601121,63.13361209018387,-2.19
26.2,0.011397079150786402,63.10282266200493,-2.19
26.21,0.01139703415025594,63.08042971271167,-2.19
26.22,0.01139698573370863,63.068420454662075,-2.19
26.23,0.01139686654296446,63.068101207658785,-2.19
26.240000000000002,0.011396627231112984,63.07988001939248,-2.19
26.25,0.011396244941752091,63.10307598607187,-2.19
26.26,0.011395727997643594,63.13576833917487,-2.19
26.27,0.011395115872799377,63.17470045234319,-2.19
26.28,0.011394474324156379,63.215255168300736,-2.19
26.29,0.011393886434745551,63.25151773026992,-2.19
26.3,0.01139344104940397,63.27644057289175,-2.19
26.310000000000002,0.01139322049163896,63.28211903375682,-2.19
26.32,0.011393289465870322,63.260177265522614,-2.19
26.330000000000002,0.011393686712911815,63.20224944963654,-2.19
26.34,0.011394420425765531,63.10052525629459,-2.19
26.35,0.011395467807342761,62.94831342584154,-2.19
26.36,0.01139677858013415,62.740565844251535,-2.19
26.37,0.011398281787853674,62.474299309239896,-2.19
26.38,0.011399894870236335,62.14885722638146,-2.18
26.39,0.011401533757941442,61.76597202869852,-2.18
26.400000000000002,0.011403122650230059,61.329619873147195,-2.18
26.41,0.011404602224053519,60.845693739518104,-2.18
26.42,0.01140593527774241,60.32154730661101,-2.18
26.43,0.011407109200489481,59.7654717288844,-2.18
26.44,0.011408135109577791,59.186161400525584,-2.18
26.45,0.011409043926143201,58.59221069968769,-2.19
26.46,0.01140988000475745,57.99167016963513,-2.18
26.47,0.01141069316866291,57.39168187985323,-2.19
26.48,0.011411530133470921,56.798208618179196,-2.19
26.490000000000002,0.011412426336783302,56.21586612659247,-2.1899999999999964
26.5,0.011413399136353666,55.64785927825125,-2.18
26.51,0.011414443198317761,55.096013664199546,-2.18
26.52,0.011415528673353674,54.56088797674408,-2.18
26.53,0.011416602465574303,54.04195182387975,-2.18
26.54,0.011417592565827602,53.53781520556499,-2.18
26.55,0.011418415086643032,53.04649514763444,-2.19
26.560000000000002,0.011418983333339428,52.56570001931596,-2.19
26.57,0.011419217995962697,52.09310514144788,-2.19
26.580000000000002,0.011419057366856306,51.62658939899278,-2.1800000000000037
26.59,0.011418466401653782,51.164406177719925,-2.19
26.6,0.011417443478618299,50.70527369162058,-2.19
26.61,0.011416023906959163,50.24838551836155,-2.18
26.62,0.011414279607607178,49.793355640323924,-2.18
26.63,0.011412314906155442,49.34011925308183,-2.18
26.64,0.011410258927845985,48.888811171735206,-2.18
26.650000000000002,0.01140825551812275,48.43964129229838,-2.18
26.66,0.011406451812023214,47.992784554715946,-2.18
26.67,0.01140498650730097,47.54830132090098,-2.19
26.68,0.011403978618484455,47.106100366602696,-2.19
26.69,0.011403517138554772,46.66594859553468,-2.19
26.7,0.01140365177315588,46.22752004199233,-2.18
26.71,0.011404384850435037,45.790466021651746,-2.18
26.72,0.011405664666779275,45.354483665819764,-2.18
26.73,0.0114073808390946,44.91936382782198,-2.18
26.740000000000002,0.011409362574769061,44.485009051894416,-2.18
26.75,0.011411380998301463,44.05142293076325,-2.18
26.76,0.01141315667042461,43.61867943333704,-2.18
26.77,0.011414373138139809,43.18688309566019,-2.18
26.78,0.011414696766177875,42.756129991847565,-2.18
26.79,0.011413802291941387,42.32647810166592,-2.19
26.8,0.011411402632589768,41.8979350484175,-2.19
26.810000000000002,0.011407280582197586,41.470469198478035,-2.18
26.82,0.0114013192883553,41.044044432474635,-2.18
26.830000000000002,0.011393527903240882,40.61867020228303,-2.18
26.84,0.01138405867587755,40.19445122255143,-2.18
26.85,0.011373212110879969,39.77162015109105,-2.18
26.86,0.01136142779287823,39.35054261067761,-2.18
26.87,0.0113492601341077,38.93169313679571,-2.18
26.88,0.011337340498958749,38.51560861648698,-2.18
26.89,0.011326329425050036,38.10282990437976,-2.18
26.900000000000002,0.011316864337040915,37.693841979199014,-2.18
26.91,0.011309508688968779,37.289019985857124,-2.18
26.92,0.011304707665393099,36.8885863552208,-2.18
26.93,0.01130275365568543,36.49258487298284,-2.18
26.94,0.011303762347966035,36.10087880632918,-2.18
26.95,0.01130765829050675,35.7131779811418,-2.18
26.96,0.01131416771095687,35.329092972039376,-2.18
26.97,0.011322816384364129,34.948206216991615,-2.18
26.98,0.011332931160501856,34.570144030719895,-2.18
26.990000000000002,0.01134364499159948,34.19463293806679,-2.17
27.0,0.011353906511307544,33.821528749847744,-2.17
27.01,0.011362496058063108,33.45081493245338,-2.17
27.02,0.011368050306955329,33.08257425869113,-2.18
27.03,0.011369097310046625,32.71694198280665,-2.17
27.04,0.011364102805799352,32.35405035375983,-2.17
27.05,0.011351527327465416,31.99397513356722,-2.17
27.060000000000002,0.01132989221973983,31.636695458154644,-2.17
27.07,0.011297851492875597,31.28207745407027,-2.17
27.080000000000002,0.01125426565226831,30.92988816376391,-2.17
27.09,0.01119827307298859,30.579839495943457,-2.17
27.1,0.01112935388727355,30.23165321873211,-2.17
27.11,0.011047380799094527,29.88513027993082,-2.17
27.12,0.010952651210849472,29.540205362511895,-2.17
27.13,0.010845895930214518,29.196972960001528,-2.17
27.14,0.01072826136752138,28.85568141731742,-2.17
27.150000000000002,0.010601264057522791,28.51670032548495,-2.17
27.16,0.010466718361886342,28.180470800781464,-2.17
27.17,0.010326640604850739,27.847448205270336,-2.16
27.18,0.010183135830719803,27.518045419215788,-2.16
27.19,0.010038276345399843,27.19258395176022,-2.17
27.2,0.009893983213434116,26.87126032769932,-2.16
27.21,0.009751922098530931,26.554134687290404,-2.16
27.22,0.00961342304745395,26.241144965273456,-2.16
27.23,0.009479430453515448,25.932142749358825,-2.16
27.240000000000002,0.009350485392796135,25.626938995995324,-2.1699999999999964
27.25,0.009226738801959669,25.32534429277356,-2.16
27.26,0.009107991196639888,25.027191901087832,-2.16
27.27,0.008993752916196193,24.732340009716545,-2.16
27.28,0.008883318036904895,24.4406575016984,-2.16
27.29,0.008775844945553096,24.15200138940975,-2.16
27.3,0.008670437005296456,23.86619347599057,-2.16
27.310000000000002,0.00856621764142456,23.583001469096857,-2.16
27.32,0.008462395319918336,23.3021290285607,-2.16
27.330000000000002,0.008358315089633016,23.02322036351967,-2.16
27.34,0.008253494513832258,22.745884911698944,-2.16
27.35,0.008147642937403023,22.469743500511903,-2.15
27.36,0.008040664174154508,22.194489649833837,-2.15
27.37,0.007932643881296848,21.91995185581513,-2.15
27.38,0.007823824057638765,21.64613922641678,-2.15
27.39,0.007714568085974018,21.37325628686864,-2.15
27.400000000000002,0.007605320310356122,21.101681964706923,-2.15
27.41,0.007496564132037927,20.831918293207245,-2.15
27.42,0.007388782011418702,20.564521315608705,-2.15
27.43,0.007282419746086773,20.30002793967962,-2.15
27.44,0.00717785628689605,20.038890037253534,-2.15
27.45,0.0070753795293456425,19.78142432114066,-2.15
27.46,0.0069751682177626026,19.527784768464887,-2.15
27.47,0.006877280335135762,19.27796223945181,-2.15
27.48,0.006781648919682816,19.031811671472603,-2.15
27.490000000000002,0.006688086800968671,18.789100769751226,-2.1499999999999964
27.5,0.006596301872526628,18.549567789040747,-2.14
27.51,0.0065059238517735235,18.31297323245429,-2.14
27.52,0.006416541849162328,18.079133136385664,-2.15
27.53,0.006327749682063826,17.847928926561252,-2.14
27.54,0.006239193402918899,17.619296771519117,-2.14
27.55,0.006150613893846483,17.393203901094445,-2.14
27.560000000000002,0.006061877347244607,17.169619144473188,-2.14
27.57,0.005972988238903101,16.948482276814904,-2.14
27.580000000000002,0.005884082651355409,16.72967550012666,-2.14
27.59,0.005795403637665752,16.513002166279158,-2.14
27.6,0.005707263621569101,16.29818048596033,-2.13
27.61,0.005620000736328876,16.084859729507105,-2.13
27.62,0.005533936164448755,15.872661342731135,-2.13
27.63,0.0054493381661704235,15.661238650600636,-2.13
27.64,0.005366396242168417,15.450340419985853,-2.13
27.650000000000002,0.0052852066010781965,15.239860299682386,-2.13
27.66,0.005205768415195343,15.029858152078434,-2.13
27.67,0.005127989455467161,14.820548230702945,-2.13
27.68,0.005051699474074311,14.612258380987154,-2.13
27.69,0.004976669849707789,14.405370405018928,-2.13
27.7,0.004902638177504955,14.200253777817597,-2.13
27.71,0.004829336375740074,13.997204496135184,-2.13
27.72,0.004756520345595778,13.796399495989363,-2.13
27.73,0.0046839983530544685,13.597874928202195,-2.13
27.740000000000002,0.004611654478998218,13.401532707045169,-2.12
27.75,0.004539463227483154,13.207173749278999,-2.12
27.76,0.004467492105729093,13.01454960876078,-2.12
27.77,0.004395890800191443,12.823419576456939,-2.12
27.78,0.004324868180928566,12.633600000703995,-2.12
27.79,0.004254661091701684,12.444996629243688,-2.12
27.8,0.0041855008659076555,12.257617105719062,-2.12
27.810000000000002,0.004117584058056224,12.071566519476521,-2.12
27.82,0.004051052735663167,11.887031868657434,-2.12
27.830000000000002,0.0039859871217394,11.704260963277841,-2.1199999999999966
27.84,0.003922410222106365,11.523539355380915,-2.11
27.85,0.0038603013478244208,11.3451677290279,-2.11
27.86,0.0037996139320113785,11.169442446114276,-2.11
27.87,0.00374029299809282,10.996642056094855,-2.11
27.88,0.003682288828731822,10.8270208244514,-2.11
27.89,0.003625565242444809,10.660806794930918,-2.11
27.900000000000002,0.0035701027161260186,10.498198683530577,-2.11
27.91,0.003515897827501359,10.339355683731656,-2.11
27.92,0.0034629608510735625,10.184377871412675,-2.1
27.93,0.003411312887280634,10.033280328790148,-2.1
27.94,0.00336098301410312,9.885968226386085,-2.1
27.95,0.003312005136835452,9.74222083209533,-2.1
27.96,0.003264413856859631,9.601689611259673,-2.1
27.97,0.003218238888173458,9.463911155524771,-2.1
27.98,0.0031734981856821345,9.328332625696365,-2.09
27.990000000000002,0.003130190734366159,9.194347266676727,-2.09
28.0,0.0030882905563697394,9.06133892716296,-2.09
28.01,0.003047743640392672,8.928734509104347,-2.09
28.02,0.003008469034618393,8.796060357233394,-2.09
28.03,0.0029703643460146046,8.662994200480579,-2.09
28.04,0.0029333146915334327,8.529401795660542,-2.09
28.05,0.0028972032146211734,8.395349303859744,-2.09
28.060000000000002,0.0028619209610256267,8.261088049747947,-2.08
28.07,0.002827374286918449,8.127014962713943,-2.08
28.080000000000002,0.0027934888843359216,7.993616819499039,-2.08
28.09,0.0027602106122417624,7.861407806016843,-2.08
28.1,0.0027275042126695278,7.7308683339195525,-2.08
28.11,0.002695351347551897,7.602390635302596,-2.08
28.12,0.002663749080240601,7.47623552352019,-2.08
28.13,0.002632709068633856,7.352505009239924,-2.07
28.14,0.0026022567141030547,7.23113541423702,-2.07
28.150000000000002,0.002572428819460834,7.1119134507046375,-2.07
28.16,0.002543268328903938,6.994513290112814,-2.07
28.17,0.002514815553447614,6.878547564259178,-2.07
28.18,0.0024870967075607056,6.763621950406575,-2.07
28.19,0.002460112096440263,6.649383027894827,-2.07
28.2,0.002433827276083825,6.535551959955721,-2.06
28.21,0.002408170459334445,6.421940483557942,-2.06
28.22,0.0023830381769268877,6.308449266071693,-2.06
28.23,0.0023583089755022007,6.195051517041704,-2.06
28.240000000000002,0.0023338624428872455,6.081767053718465,-2.06
28.25,0.00230959900103031,5.968633937891441,-2.06
28.26,0.0022854554071783163,5.855685834594624,-2.06
28.27,0.002261411989499959,5.742942307087659,-2.06
28.28,0.0022374900074710637,5.630415551600447,-2.06
28.29,0.0022137403881198983,5.518131366308659,-2.06
28.3,0.002190227463353835,5.406156879193472,-2.05
28.310000000000002,0.0021670124465612197,5.294625005156177,-2.05
28.32,0.0021441409420645176,5.183746413618951,-2.05
28.330000000000002,0.002121637018847001,5.073803420379679,-2.05
28.34,0.0020995040014518108,4.965125604476222,-2.05
28.35,0.0020777300307106357,4.858052376935321,-2.05
28.36,0.0020562953216484298,4.752891180281425,-2.05
28.37,0.0020351781554237116,4.649880307183862,-2.04
28.38,0.002014357796310869,4.549162918940409,-2.04
28.39,0.00199381418193732,4.45077542126389,-2.04
28.400000000000002,0.001973525712147875,4.354650629646597,-2.04
28.41,0.0019534672161479727,4.260634514553759,-2.04
28.42,0.001933609987737015,4.168513783197429,-2.04
28.43,0.001913924782003084,4.078049349057697,-2.04
28.44,0.0018943873081606008,3.98900875048054,-2.03
28.45,0.0018749846082102175,3.9011907360395948,-2.03
28.46,0.001855720231326502,3.814438179017108,-2.03
28.47,0.0018366164632044146,3.7286394244163805,-2.03
28.48,0.0018177128982489665,3.643720546648085,-2.03
28.490000000000002,0.0017990619395076217,3.559631122039291,-2.03
28.5,0.0017807228554652533,3.4763257465391986,-2.03
28.51,0.0017627564006746253,3.3937444955909934,-2.02
28.52,0.0017452215641665747,3.311797421875129,-2.02
28.53,0.0017281749037006545,3.230358992516195,-2.02
28.54,0.001711671600330978,3.1492767349983026,-2.02
28.55,0.0016957663940526183,3.068394536522487,-2.02
28.560000000000002,0.0016805123700815718,2.9875862704788867,-2.02
28.57,0.0016659562851789778,2.906791319953989,-2.02
28.580000000000002,0.0016521305439078451,2.8260417192615113,-2.02
28.59,0.0016390435547889697,2.7454721258050205,-2.02
28.6,0.0016266713890923927,2.6653086127236514,-2.02
28.61,0.001614953923837919,2.5858387040013406,-2.01
28.62,0.0016037977747220438,2.5073704509687422,-2.01
28.63,0.0015930865126279328,2.43019042793404,-2.01
28.64,0.001582696500956061,2.3545290204481106,-2.01
28.650000000000002,0.0015725149631152058,2.2805380417149173,-2.01
28.66,0.001562456194384846,2.208282658900061,-2.01
28.67,0.0015524723808489661,2.1377475478281855,-2.0
28.68,0.0015425570651142492,2.068855460469355,-2.0
28.69,0.0015327413382208244,2.001494546403356,-2.0
28.7,0.0015230846308820429,1.9355494804783036,-2.0
28.71,0.0015136629678792928,1.8709314169123223,-2.0
28.72,0.0015045575179424152,1.8076025747198106,-2.0
28.73,0.0014958453653346677,1.745592072135925,-2.0
28.740000000000002,0.0014875931001275388,1.6850006394478387,-1.99
28.75,0.0014798526463662847,1.6259935841482343,-1.99
28.76,0.0014726581624754942,1.5687835641358059,-1.99
28.77,0.0014660230092734161,1.5136066489166968,-1.99
28.78,0.0014599365439327322,1.4606964673750187,-1.99
28.79,0.0014543614872062282,1.4102615509042784,-1.99
28.8,0.0014492333549852596,1.3624697416398703,-1.99
28.810000000000002,0.0014444635637228646,1.3174408580327774,-1.98
28.82,0.0014399471613850488,1.2752456545670408,-1.98
28.830000000000002,0.0014355748464506678,1.2359067763611413,-1.98
28.84,0.0014312474521625232,1.1993970154148192,-1.98
28.85,0.0014268899620479092,1.1656320421777433,-1.98
28.86,0.001422461835801604,1.1344580772163992,-1.98
28.87,0.0014179611192374926,1.1056382503051594,-1.98
28.88,0.0014134213084060225,1.0788433974105225,-1.97
28.89,0.0014089017604670274,1.053652944187095,-1.97
28.900000000000002,0.0014044739908842076,1.029569300949132,-1.97
28.91,0.0014002069951745003,1.0060459653685103,-1.97
28.92,0.001396154601716125,0.9825267620847876,-1.97
28.93,0.0013923469322405548,0.9584918212570512,-1.97
28.94,0.0013887867101489636,0.933504546778292,-1.97
28.95,0.0013854499104286285,0.9072529329421043,-1.96
28.96,0.001382289473842345,0.8795790228767266,-1.96
28.97,0.0013792406575994297,0.8504925823020166,-1.96
28.98,0.0013762269710703744,0.820168440862384,-1.96
28.990000000000002,0.0013731662756021911,0.7889299199619079,-1.96
29.0,0.0013699771715074674,0.757222102049252,-1.96
29.01,0.0013665859877322918,0.725578251451562,-1.95
29.02,0.0013629344348390989,0.6945813739568336,-1.95
29.03,0.001358987377156045,0.6648218908275325,-1.95
29.04,0.0013547394924279467,0.6368524940303187,-1.95
29.05,0.0013502191604895766,0.6111424714077058,-1.95
29.060000000000002,0.0013454880327605683,0.5880353246485008,-1.95
29.07,0.0013406354801025696,0.5677143564172512,-1.95
29.080000000000002,0.0013357683574561656,0.5501808631291305,-1.94
29.09,0.001330997879449347,0.5352490140125404,-1.94
29.1,0.001326426378935482,0.5225602167804023,-1.94
29.11,0.0013221369300651293,0.5116169463968875,-1.94
29.12,0.0013181881238481753,0.5018319361466084,-1.94
29.13,0.0013146148592907587,0.49258546816731696,-1.94
29.14,0.001311434310468416,0.4832832575457338,-1.93
29.150000000000002,0.001308654821854024,0.4734094566289543,-1.93
29.16,0.001306284811745528,0.4625710053769285,-1.93
29.17,0.00130433898285718,0.4505297139627719,-1.93
29.18,0.0013028401149323726,0.4372185486604498,-1.93
29.19,0.0013018160853137122,0.42274003332302224,-1.93
29.2,0.0013012930761797871,0.4073468463259036,-1.92
29.21,0.0013012868133341479,0.3914063851694859,-1.92
29.22,0.0013017939677377652,0.3753522418152944,-1.92
29.23,0.0013027855721731948,0.3596269977998068,-1.92
29.240000000000002,0.001304203665288618,0.3446230264201374,-1.92
29.25,0.0013059616475009617,0.33063017849159104,-1.92
29.26,0.001307948227038748,0.3177991609900887,-1.92
29.27,0.001310034428192418,0.3061259173859324,-1.91
29.28,0.0013120829068105737,0.29545702416643976,-1.91
29.29,0.0013139587080167059,0.28551214840513905,-1.92
29.3,0.0013155405430770831,0.2759185266153424,-1.91
29.310000000000002,0.001316731612771277,0.26625305344319017,-1.91
29.32,0.0013174689539264754,0.25608791977545475,-1.91
29.330000000000002,0.001317730260027092,0.24503547203748496,-1.9099999999999964
29.34,0.001317537182522064,0.23278815600997613,-1.9
29.35,0.0013169543301110708,0.21915038399256148,-1.9
29.36,0.0013160836161296959,0.2040600199411065,-1.9
29.37,0.0013150542816797982,0.1875974806331262,-1.9
29.38,0.0013140097633127506,0.16998094575309505,-1.9
29.39,0.001313093360920133,0.1515474987413415,-1.9
29.400000000000002,0.001312435102580249,0.13272192064003738,-1.9
29.41,0.0013121420660681424,0.11397670425324448,-1.9
29.42,0.0013122936343407884,0.0957880382995728,-1.89
29.43,0.0013129418910491919,0.07859270912334526,-1.9
29.44,0.0013141159826387788,0.06275059121664359,-1.89
29.45,0.0013158282629729206,0.048517311942953285,-1.89
29.46,0.0013180797547147221,0.0360311733983595,-1.89
29.47,0.0013208630119469801,0.025316253597681204,-1.89
29.48,0.0013241616703650184,0.016300019389780478,-1.88
29.490000000000002,0.0013279474044115738,0.00884075131431713,-1.89
29.5,0.001332176153227041,0.002759340759412026,-1.89
29.51,0.0013367859105781,-0.002128795871338135,-1.88
29.52,0.0013416979289554256,-0.005984700909586997,-1.88
29.53,0.0013468220055753751,-0.008922461309586271,-1.88
29.54,0.001352065032393612,-0.010994146051245907,-1.88
29.55,0.0013573407716327048,-0.012185616202338058,-1.88
29.560000000000002,0.0013625783100492915,-0.012424940236217612,-1.8799999999999963
29.57,0.0013677270116222982,-0.011603263693745142,-1.87
29.580000000000002,0.0013727568813984574,-0.009605018653857234,-1.87
29.59,0.0013776546675893185,-0.006341597387211507,-1.87
29.6,0.0013824172551592261,-0.0017815419581093046,-1.87
29.61,0.001387044545291909,0.004028538866896967,-1.87
29.62,0.0013915339198952382,0.01095515998667266,-1.87
29.63,0.001395877662326698,0.01878052768263198,-1.87
29.64,0.0014000636502367392,0.0272133170454465,-1.87
29.650000000000002,0.0014040786419529771,0.03590448783692097,-1.86
29.66,0.0014079128539376561,0.044466778194263444,-1.86
29.67,0.0014115644062744983,0.052497878696955505,-1.86
29.68,0.0014150425424053238,0.059606762969473745,-1.86
29.69,0.0014183691061688062,0.0654410443395896,-1.85
29.7,0.0014215783204035376,0.06971221881128048,-1.86
29.71,0.0014247152523946588,0.07221577062266268,-1.85
29.72,0.0014278333969991429,0.07284369518862059,-1.85
29.73,0.0014309916127963937,0.07158780180201194,-1.85
29.740000000000002,0.0014342503615852726,0.06853389972447024,-1.85
29.75,0.0014376670143433558,0.06384961798767577,-1.85
29.76,0.0014412900402469622,0.057770361683478454,-1.85
29.77,0.0014451522320208512,0.0505870070026741,-1.85
29.78,0.0014492636617876183,0.04263587464985191,-1.85
29.79,0.001453605614653796,0.03428843490277274,-1.84
29.8,0.0014581270687064388,0.025936767644049504,-1.84
29.810000000000002,0.0014627451835992657,0.0179716097182195,-1.84
29.82,0.0014673506553035786,0.010752706783994532,-1.84
29.830000000000002,0.0014718177931830683,0.004574958176786042,-1.8300000000000036
29.84,0.0014760180533537471,-0.00036351761820486365,-1.84
29.85,0.001479834880006287,-0.003984946767734337,-1.83
29.86,0.0014831773552311843,-0.00634207265643864,-1.83
29.87,0.0014859904515850842,-0.0076121252637654365,-1.83
29.88,0.0014882605209067983,-0.00807459963555661,-1.83
29.89,0.0014900157449846544,-0.008076178932468502,-1.82
29.900000000000002,0.0014913222452138377,-0.007988927430896938,-1.8299999999999965
29.91,0.0014922771179184274,-0.008168849733366252,-1.82
29.92,0.0014929997397194095,-0.008920862419719192,-1.82
29.93,0.0014936223663039824,-0.010474068791327623,-1.82
29.94,0.001494280549449418,-0.012968808240412742,-1.82
29.95,0.0014951034856073436,-0.01645468243767792,-1.82
29.96,0.0014962042878951605,-0.020897184235933612,-1.82
29.97,0.0014976704127805164,-0.026189995308185356,-1.82
29.98,0.0014995549866200788,-0.03217003209718765,-1.82
29.990000000000002,0.001501870333935296,-0.03863253727944396,-1.81
30.0,0.0015045853085076653,-0.045344360639702756,-1.81
30.01,0.0015076278238256703,-0.05205532496176721,-1.81
30.02,0.0015108931805538808,-0.05850929267190314,-1.81
30.03,0.001514257526864794,-0.06445680553615513,-1.81
30.04,0.0015175944265769,-0.06966974117103904,-1.81
30.05,0.0015207915254942996,-0.07395662393326279,-1.81
30.060000000000002,0.001523764073941417,-0.07717645523472907,-1.8
30.07,0.0015264627129156414,-0.07924943664624268,-1.8
30.080000000000002,0.0015288743021916714,-0.08016382910347908,-1.8
30.09,0.0015310162407262964,-0.0799784031756867,-1.8
30.1,0.0015329261732834653,-0.07881955121670664,-1.8
30.11,0.001534649782646157,-0.07687213303345522,-1.8
30.12,0.0015362293820259424,-0.07436409819349848,-1.8
30.13,0.001537695354625491,-0.07154646031829816,-1.79
30.14,0.0015390614409621817,-0.06867151344532266,-1.79
30.150000000000002,0.001540323830366386,-0.065972838727476,-1.79
30.16,0.0015414632728603251,-0.06365046832778971,-1.79
30.17,0.0015424491235013276,-0.06186330634795513,-1.79
30.18,0.0015432443265800718,-0.060728759522063185,-1.79
30.19,0.0015438106793945394,-0.06032759729286506,-1.79
30.2,0.0015441140737848162,-0.06071121833590415,-1.78
30.21,0.0015441296360899019,-0.06190838155906397,-1.78
30.22,0.0015438467122988516,-0.0639284471385699,-1.78
30.23,0.0015432735069402328,-0.06675875031289757,-1.78
30.240000000000002,0.0015424409739886408,-0.07035588952019932,-1.78
30.25,0.0015414053907433615,-0.0746340935311325,-1.78
30.26,0.0015402490174515613,-0.07945622009321905,-1.78
30.27,0.001539078402799392,-0.08463231191621329,-1.78
30.28,0.0015380202171989313,-0.08992747545609805,-1.77
30.29,0.0015372148916544324,-0.09507758462177843,-1.77
30.3,0.0015368086826641923,-0.09980975633287684,-1.77
30.310000000000002,0.0015369449655742492,-0.10386462658273166,-1.77
30.32,0.0015377555338400904,-0.10701813540692379,-1.77
30.330000000000002,0.0015393524827039932,-0.10910103043592513,-1.7699999999999965
30.34,0.0015418209903241891,-0.11001442493243678,-1.76
30.35,0.0015452131105456704,-0.10973976055160642,-1.76
30.36,0.0015495426424825787,-0.10834198869187296,-1.76
30.37,0.0015547812406701876,-0.10596591763902609,-1.76
30.38,0.0015608561121257512,-0.10282675480482958,-1.76
30.39,0.001567649826208934,-0.0991961056432197,-1.76
30.400000000000002,0.0015750028490093986,-0.09538449607606378,-1.7599999999999965
30.41,0.0015827193217832927,-0.09172178730009693,-1.75
30.42,0.0015905762787799171,-0.08853744524673011,-1.75
30.43,0.0015983359672291596,-0.08614244887097934,-1.75
30.44,0.0016057603227471783,-0.08481341104351192,-1.74
30.45,0.0016126261634906746,-0.08477833681318914,-1.75
30.46,0.001618739463810224,-0.08620341831053542,-1.75
30.47,0.001623947223011758,-0.08918100977251098,-1.75
30.48,0.0016281459037741236,-0.09371946569606476,-1.74
30.490000000000002,0.0016312860103415865,-0.09973577461247399,-1.74
30.5,0.0016333729004489907,-0.10705233380963368,-1.74
30.51,0.001634464239564021,-0.11539959793259424,-1.74
30.52,0.0016346645968577434,-0.1244259932242929,-1.74
30.53,0.001634117621604805,-0.13371527877636524,-1.74
30.54,0.0016329961289442293,-0.14281020499041694,-1.74
30.55,0.0016314903674975044,-0.1512406026635313,-1.73
30.560000000000002,0.0016297948262064157,-0.15855402958237863,-1.73
30.57,0.0016280942121595352,-0.16434754497336887,-1.73
30.580000000000002,0.0016265496575500165,-0.16829942331777797,-1.73
30.59,0.0016252866412835953,-0.17019881261717698,-1.73
30.6,0.001624386322344795,-0.16996979441233354,-1.73
30.61,0.0016238817964080636,-0.16768562487291092,-1.73
30.62,0.0016237601399821523,-0.1635700957713594,-1.72
30.63,0.0016239700959836323,-0.15798523508457243,-1.72
30.64,0.0016244341449559504,-0.1514065864379313,-1.72
30.650000000000002,0.001625062835771124,-0.14438826819840608,-1.72
30.66,0.0016257688788750245,-0.1375202472482209,-1.72
30.67,0.001626478720539968,-0.13138089717483015,-1.72
30.68,0.0016271400240965427,-0.12648943487454364,-1.72
30.69,0.0016277244476511686,-0.12326393807916637,-1.71
30.7,0.0016282260375135595,-0.121989622195018,-1.71
30.71,0.0016286562274517333,-0.12279934481821757,-1.71
30.72,0.0016290367520093367,-0.12566613015783692,-1.71
30.73,0.0016293917759776823,-0.130406974700685,-1.71
30.740000000000002,0.0016297403243210069,-0.13669749336806922,-1.71
30.75,0.0016300898110141288,-0.14409694623436442,-1.71
30.76,0.001630431224800556,-0.1520824188635724,-1.7
30.77,0.0016307363828346848,-0.16008971363485922,-1.7
30.78,0.001630957592006796,-0.1675575310343653,-1.7
30.79,0.0016310299959197195,-0.17397122885561225,-1.7
30.8,0.0016308767481636069,-0.17890274862709413,-1.7
30.810000000000002,0.0016304168772361646,-0.18204371467600697,-1.7
30.82,0.001629575286025969,-0.18322873773921214,-1.7
30.830000000000002,0.0016282938203699337,-0.18244569029181681,-1.69
30.84,0.0016265418786835068,-0.17983009528876326,-1.69
30.85,0.0016243247858759393,-0.17564274333274563,-1.69
30.86,0.0016216882619709216,-0.1702331315316504,-1.69
30.87,0.0016187178388051109,-0.1639948620372393,-1.69
30.88,0.0016155329469696444,-0.15732098263836283,-1.69
30.89,0.001612276395396127,-0.15056671484884848,-1.69
30.900000000000002,0.0016091008118420296,-0.1440245725297852,-1.68
30.91,0.001606154078275941,-0.13791336242421984,-1.68
30.92,0.001603565796868186,-0.13237909381779672,-1.68
30.93,0.0016014364215282937,-0.12750380788766325,-1.68
30.94,0.0015998300589989201,-0.12331854570028633,-1.68
30.95,0.0015987712918479468,-0.11981831824937329,-1.68
30.96,0.001598245854478256,-0.11697806939553138,-1.68
30.970000000000002,0.0015982046518611928,-0.11476802294828571,-1.67
30.98,0.0015985704263218224,-0.11316528329421256,-1.67
30.990000000000002,0.0015992463019587704,-0.11215775036144238,-1.67
31.0,0.0016001254185319818,-0.11173719845038765,-1.67
31.01,0.0016011008618396392,-0.11188092785740775,-1.67
31.02,0.0016020750764042977,-0.11252527000220547,-1.67
31.03,0.0016029679132067898,-0.11353792500222458,-1.67
31.04,0.0016037224695558021,-0.11469787474669549,-1.66
31.05,0.0016043079966612335,-0.11569063908232297,-1.66
31.060000000000002,0.0016047194482147536,-0.11612320046055266,-1.66
31.07,0.0016049737355497413,-0.11555801401819293,-1.66
31.080000000000002,0.001605103373388148,-0.11356076301265958,-1.66
31.09,0.001605148780997757,-0.10975364084415036,-1.66
31.1,0.0016051508376897848,-0.10386575377938365,-1.66
31.11,0.0016051452183322612,-0.09577409114952745,-1.65
31.12,0.0016051595129935028,-0.0855308785578408,-1.65
31.13,0.0016052132774695155,-0.0733748410701754,-1.65
31.14,0.0016053202293998048,-0.059724876727606825,-1.65
31.150000000000002,0.0016054911238016013,-0.04515555747325403,-1.65
31.16,0.0016057356650220009,-0.030355291002736012,-1.65
31.17,0.0016060622228635255,-0.016069950661531426,-1.64
31.18,0.0016064750012930072,-0.0030371704345965723,-1.64
31.19,0.0016069693576294369,0.008081084702731112,-1.64
31.2,0.0016075268069290834,0.016758717163756355,-1.64
31.21,0.0016081115685619397,0.0226503900162856,-1.64
31.220000000000002,0.0016086702049387192,0.025616033039921913,-1.6399999999999963
31.23,0.0016091350660083362,0.025723696571097132,-1.63
31.240000000000002,0.001609431176803559,0.023233014002257735,-1.6399999999999963
31.25,0.0016094852621044396,0.01856423886546094,-1.63
31.26,0.001609235090948758,0.012259151332933234,-1.63
31.27,0.0016086373670478092,0.00493948134990169,-1.63
31.28,0.0016076729191103693,-0.0027338810789587567,-1.63
31.29,0.0016063487269550188,-0.01010036668805501,-1.62
31.3,0.00160469705975255,-0.016538993717098154,-1.63
31.310000000000002,0.001602772477153136,-0.021508188402250192,-1.6299999999999963
31.32,0.0016006475729869066,-0.02458481817788091,-1.62
31.330000000000002,0.0015984081764948384,-0.025498540060653444,-1.62
31.34,0.0015961484037987888,-0.024156351309515014,-1.62
31.35,0.0015939656356614299,-0.020653007163869117,-1.62
31.36,0.0015919553139527277,-0.015264848786979472,-1.62
31.37,0.0015902054536128792,-0.008426418884250487,-1.62
31.38,0.001588790939310826,-0.0006909263053762548,-1.62
31.39,0.0015877679360067761,0.0073221295921974665,-1.61
31.400000000000002,0.0015871689800186297,0.014986110907342259,-1.61
31.41,0.0015869994340487073,0.02172537652993454,-1.61
31.42,0.0015872359320948512,0.027065244079123016,-1.61
31.43,0.0015878272150606013,0.030669199719040266,-1.61
31.44,0.0015886974332355792,0.03236170391262592,-1.61
31.45,0.0015897516640389843,0.03213679586679833,-1.61
31.46,0.0015908831338548386,0.03015301640968572,-1.6
31.470000000000002,0.0015919814634404018,0.026714821331311603,-1.6
31.48,0.001592941169028483,0.02224120793655103,-1.6
31.490000000000002,0.0015936696353527767,0.017224221721910894,-1.6
31.5,0.0015940938311978482,0.012182086070779528,-1.6
31.51,0.0015941651691853637,0.0076124182515890405,-1.6
31.52,0.001593862123257405,0.003950219959387361,-1.6
31.53,0.001593190492043023,0.0015339442060912784,-1.59
31.54,0.0015921814827249449,0.0005816994122662473,-1.59
31.55,0.0015908880215108625,0.001178751837447045,-1.59
31.560000000000002,0.0015893798289010781,0.0032766880165493516,-1.59
31.57,0.0015877378262989504,0.006703507911493537,-1.59
31.580000000000002,0.0015860483882860095,0.011182639253937714,-1.59
31.59,0.0015843978528301975,0.016358319340061628,-1.59
31.6,0.00158286757672264,0.02182567398865233,-1.58
31.61,0.0015815296942876345,0.02716521811581684,-1.58
31.62,0.0015804436161668946,0.031981408753065696,-1.58
31.63,0.0015796532064394106,0.03594244152878047,-1.58
31.64,0.0015791845241983616,0.038815291037465845,-1.57
31.650000000000002,0.0015790440353394808,0.040488797069441494,-1.58
31.66,0.001579217301924207,0.04097974596289581,-1.58
31.67,0.0015796683236071365,0.04042135767871446,-1.57
31.68,0.0015803398925888963,0.03903804754048583,-1.57
31.69,0.0015811554598026117,0.037112757759901124,-1.57
31.7,0.0015820230158849668,0.034952824859237244,-1.56
31.71,0.0015828413026057304,0.03285811473418012,-1.57
31.720000000000002,0.0015835082704700226,0.03109275835485384,-1.5600000000000036
31.73,0.00158393114474527,0.02986065679560937,-1.57
31.740000000000002,0.0015840369048964822,0.029285256432783922,-1.5699999999999965
31.75,0.0015837816198891257,0.029395168211233346,-1.56
31.76,0.0015831570785276796,0.0301179221911222,-1.56
31.77,0.001582193572351815,0.031283870009439975,-1.56
31.78,0.0015809584477720253,0.03264119336119664,-1.55
31.79,0.001579550915466509,0.033881680522959555,-1.56
31.8,0.001578094291626521,0.034675540617992724,-1.56
31.810000000000002,0.0015767271182941685,0.03471199975764814,-1.55
31.82,0.0015755943980008899,0.03374086917112589,-1.55
31.830000000000002,0.0015748395882261357,0.031608944380054446,-1.5499999999999965
31.84,0.0015745972920603371,0.028284742514708004,-1.54
31.85,0.0015749860674980412,0.023866693654960722,-1.55
31.86,0.0015761006909472465,0.01857328715593781,-1.55
31.87,0.0015780036117800744,0.012717238412859511,-1.55
31.88,0.0015807161010310087,0.006668009777265075,-1.54
31.89,0.001584210452175189,0.0008078134675119235,-1.54
31.900000000000002,0.001588405190500585,-0.00451362364502226,-1.54
31.91,0.0015931653017679354,-0.009020098006714746,-1.54
31.92,0.0015983088713702879,-0.012540474274789668,-1.54
31.93,0.0016036203288367998,-0.015026446284308796,-1.54
31.94,0.0016088690538324786,-0.016554061998396492,-1.53
31.95,0.0016138308713487658,-0.017308790554081594,-1.53
31.96,0.001618309308934688,-0.01755610447765501,-1.53
31.970000000000002,0.0016221535520599014,-0.017601485929972387,-1.53
31.98,0.0016252707312519863,-0.017745489454228203,-1.53
31.990000000000002,0.001627631245632256,-0.018240838167482516,-1.53
32.0,0.0016292669483501075,-0.019258711617110114,-1.53
32.01,0.0016302629537401246,-0.020869630498114893,-1.53
32.02,0.0016307444891096154,-0.023040927812610294,-1.52
32.03,0.0016308606170531575,-0.02564927398107032,-1.52
32.04,0.0016307668250923962,-0.0285047147286354,-1.52
32.05,0.0016306084354065827,-0.03138217464931489,-1.52
32.06,0.0016305065444851786,-0.03405598172871252,-1.52
32.07,0.0016305477895613844,-0.03633204694157745,-1.52
32.08,0.0016307787078922232,-0.03807201514836419,-1.52
32.09,0.001631204884573182,-0.039205333229217286,-1.51
32.1,0.001631794559706624,-0.039728459649753085,-1.51
32.11,0.001632485945845448,-0.039693738342827765,-1.51
32.12,0.0016331972121633519,-0.03919248044174091,-1.51
32.13,0.0016338379190655968,-0.038337159495375125,-1.51
32.14,0.0016343206284746695,-0.037246504547777934,-1.51
32.15,0.0016345714686027393,-0.03603527792313917,-1.51
32.160000000000004,0.001634538599988898,-0.03480836898261618,-1.5
32.17,0.0016341978098729018,-0.03365703181250085,-1.5
32.18,0.001633554830113594,-0.032654420279010755,-1.5
32.19,0.0016326443714947537,-0.03184887289950012,-1.5
32.2,0.0016315262207120262,-0.03125600231636408,-1.5
32.21,0.0016302790041807856,-0.030852286836387823,-1.5
32.22,0.0016289923736486998,-0.030572343975128084,-1.5
32.230000000000004,0.0016277584281517775,-0.03031079712475799,-1.49
32.24,0.0016266631778049882,-0.0299293114381364,-1.49
32.25,0.001625778795396912,-0.029269364680410668,-1.49
32.26,0.0016251573010401042,-0.028170159236509066,-1.49
32.27,0.0016248261859150078,-0.02648916994836371,-1.49
32.28,0.001624786308924625,-0.0241218362300971,-1.49
32.29,0.0016250122105299937,-0.021017349544203943,-1.49
32.3,0.0016254548006627034,-0.017188332313349226,-1.48
32.31,0.0016260462012060203,-0.012712675355588161,-1.48
32.32,0.0016267063536543637,-0.007726477130861368,-1.48
32.33,0.001627350837072391,-0.0024086116742787155,-1.48
32.34,0.0016278991958755824,0.0030408213797944025,-1.48
32.35,0.0016282829810969756,0.008425209462086882,-1.48
32.36,0.0016284526905176173,0.013576266042679381,-1.47
32.37,0.0016283828660186433,0.0183753586343157,-1.47
32.38,0.0016280747668299374,0.02276687100805431,-1.47
32.39,0.001627556265461888,0.026759738114047242,-1.47
32.4,0.0016268788846191746,0.030416107283531023,-1.47
32.410000000000004,0.0016261121936503732,0.0338297994549433,-1.460000000000007
32.42,0.0016253361054484159,0.03709968703428549,-1.47
32.43,0.0016246319357627304,0.040303474349605156,-1.46
32.44,0.0016240733454389738,0.04347636679226507,-1.46
32.45,0.001623718396585876,0.04659748254212598,-1.46
32.46,0.001623603844664929,0.04958508800404464,-1.46
32.47,0.0016237424373998562,0.05230046907247783,-1.45
32.480000000000004,0.001624123449153653,0.05455977078310964,-1.4599999999999929
32.49,0.0016247160758990171,0.056152904491894785,-1.45
32.5,0.0016254748163202827,0.05686786144401805,-1.45
32.51,0.0016263456940155013,0.05651747676728178,-1.45
32.52,0.001627272175806558,0.05496477845406634,-1.45
32.53,0.0016281998757671093,0.05214335183295127,-1.45
32.54,0.0016290795155417294,0.048070460732640645,-1.45
32.55,0.0016298680341581358,0.042852065489765966,-1.44
32.56,0.0016305281235064267,0.0366796089395857,-1.45
32.57,0.0016310267659489861,0.029818624994909372,-1.44
32.58,0.0016313335442314806,0.022589572560096752,-1.44
32.59,0.0016314195533432877,0.015342116116490122,-1.44
32.6,0.0016312576380686148,0.008425136048876156,-1.44
32.61,0.00163082439172184,0.0021556855299614424,-1.43
32.62,0.0016301038984219696,-0.003209603355323821,-1.44
32.63,0.0016290926553234402,-0.007497640399435253,-1.43
32.64,0.0016278046064545251,-0.010634141424747673,-1.43
32.65,0.001626274920306881,-0.012649196922906246,-1.43
32.660000000000004,0.0016245611828236818,-0.013672195250578608,-1.43
32.67,0.0016227411065691333,-0.013916483222652105,-1.43
32.68,0.0016209066050318804,-0.01365539648866227,-1.43
32.69,0.0016191549479262347,-0.013192047595229814,-1.42
32.7,0.0016175784350007081,-0.012825653110683795,-1.42
32.71,0.0016162543903795617,-0.012817523317188674,-1.42
32.72,0.001615237201890274,-0.013360177104708777,-1.42
32.730000000000004,0.0016145536624708593,-0.01455332253956356,-1.42
32.74,0.0016142021778746852,-0.01639049561971854,-1.42
32.75,0.0016141556938462948,-0.018759391955943557,-1.41
32.76,0.001614367622957995,-0.021456915699875418,-1.42
32.77,0.0016147796783017548,-0.024217086892253027,-1.41
32.78,0.0016153303459089054,-0.026746969035159485,-1.41
32.79,0.0016159627294217865,-0.028763608341071053,-1.41
32.8,0.001616630660400786,-0.03002477556045249,-1.41
32.81,0.0016173022693692484,-0.03034862128919309,-1.41
32.82,0.0016179606329273395,-0.02962130795229631,-1.41
32.83,0.0016186016025369534,-0.027795453329501986,-1.41
32.84,0.0016192293962257502,-0.024884021211178255,-1.4
32.85,0.0016198508939307909,-0.02095338140576697,-1.4
32.86,0.0016204697422449676,-0.01611672387943171,-1.4
32.87,0.0016210813174016997,-0.010526935612919492,-1.4
32.88,0.0016216693460128833,-0.004367607659969579,-1.4
32.89,0.0016222046206833592,0.002158421919128038,-1.4
32.9,0.0016226458729731623,0.008842647416220597,-1.39
32.910000000000004,0.0016229425602067439,0.015485364643085416,-1.39
32.92,0.001623039123159451,0.021908817220124426,-1.39
32.93,0.001622880176633819,0.027966294916478868,-1.39
32.94,0.0016224160763076213,0.03354526874794922,-1.39
32.95,0.001621608328238579,0.03856470240299006,-1.39
32.96,0.0016204343516846562,0.04296889000153784,-1.38
32.97,0.0016188911711166492,0.046721302826312296,-1.38
32.980000000000004,0.0016169977036369861,0.049801433936586544,-1.38
32.99,0.0016147954161216996,0.05220603884487913,-1.38
33.0,0.0016123472375814774,0.05395445384141049,-1.38
33.01,0.001609734721321932,0.055096172587077996,-1.38
33.02,0.001607053567527096,0.055717563320723355,-1.37
33.03,0.0016044077483981566,0.05594413396276014,-1.38
33.04,0.0016019026173562177,0.05593579765278806,-1.37
33.05,0.0015996375088616847,0.05587466035707678,-1.37
33.06,0.0015976984228227048,0.05594676654378203,-1.37
33.07,0.0015961514229491203,0.05632056015422867,-1.37
33.08,0.0015950373588092981,0.05712564718409106,-1.36
33.09,0.0015943684532055246,0.0584354317980747,-1.37
33.1,0.0015941271861992273,0.060256011497360575,-1.36
33.11,0.0015942677488366209,0.06252196526089389,-1.36
33.12,0.0015947201186681103,0.06509838274874119,-1.36
33.13,0.0015953965275002698,0.06778813279851664,-1.36
33.14,0.0015961997892318099,0.07034367319405199,-1.36
33.15,0.0015970326955262063,0.07248306832577066,-1.36
33.160000000000004,0.001597807519307551,0.07391000435048752,-1.3500000000000072
33.17,0.0015984546080404292,0.07433746625504313,-1.36
33.18,0.0015989290965562279,0.07351414717200466,-1.35
33.19,0.0015992149154038294,0.0712513240929356,-1.35
33.2,0.0015993255133255114,0.06744624376787502,-1.35
33.21,0.0015993010551578375,0.06209718497717343,-1.35
33.22,0.0015992022957797194,0.055306448719204426,-1.34
33.230000000000004,0.0015991018272879065,0.04727051569948885,-1.349999999999993
33.24,0.0015990738555598397,0.03825994456203501,-1.34
33.25,0.0015991839580854076,0.0285935497971619,-1.34
33.26,0.001599480306569642,0.01861153816822328,-1.34
33.27,0.0015999875717871068,0.00865127016978269,-1.34
33.28,0.0016007042171814973,-0.0009721635716275953,-1.33
33.29,0.0016016032672669957,-0.009980039687447534,-1.34
33.3,0.0016026360776408809,-0.01813959575033288,-1.34
33.31,0.0016037382649788812,-0.025270060578666622,-1.34
33.32,0.0016048368232010864,-0.03124519200482296,-1.33
33.33,0.0016058575236395742,-0.03599205925443368,-1.33
33.34,0.0016067318882689511,-0.03948684245155962,-1.33
33.35,0.001607403236075072,-0.041749816317574184,-1.33
33.36,0.0016078314596597873,-0.04284172907414098,-1.33
33.37,0.0016079962670866507,-0.04286200645629422,-1.33
33.38,0.0016078986431954352,-0.04194707342578093,-1.33
33.39,0.001607560297664179,-0.0402663765840543,-1.32
33.4,0.0016070209402952317,-0.038014523216416435,-1.32
33.410000000000004,0.0016063334142766101,-0.03539924531134251,-1.32
33.42,0.00160555704688252,-0.03262602758490191,-1.32
33.43,0.001604749999526711,-0.02988128273118786,-1.32
33.44,0.001603961790318078,-0.02731689230676659,-1.32
33.45,0.0016032273558312115,-0.02503928015477761,-1.32
33.46,0.0016025638830475428,-0.023105410567211482,-1.31
33.47,0.0016019711403013628,-0.021526245519260433,-1.31
33.480000000000004,0.0016014352561718372,-0.020276032369233667,-1.31
33.49,0.0016009350508246543,-0.019304370284514073,-1.31
33.5,0.001600449384260462,-0.018547883938229703,-1.31
33.51,0.0015999637600612085,-0.017939207177907788,-1.31
33.52,0.0015994746849048477,-0.017412222549826495,-1.31
33.53,0.0015989909513237637,-0.016903850339481087,-1.3
33.54,0.0015985318661763317,-0.016353874281417255,-1.3
33.55,0.00159812321458696,-0.015704721306664653,-1.3
33.56,0.001597792210985253,-0.0149024939123354,-1.3
33.57,0.0015975627554056222,-0.013899438190214072,-1.29
33.58,0.001597452024757901,-0.012657253757631591,-1.3
33.59,0.0015974689258599953,-0.011150500629615373,-1.3
33.6,0.0015976143991790056,-0.009369530517146991,-1.29
33.61,0.0015978831293909908,-0.007322608325546905,-1.29
33.62,0.001598265953926271,-0.005037058312806158,-1.29
33.63,0.001598752170366443,-0.0025590768966379557,-1.28
33.64,0.0015993310132418393,4.8515105501475075e-05,-1.29
33.65,0.0015999917822089337,0.002710957665332138,-1.28
33.660000000000004,0.0016007224385169094,0.005347879556136302,-1.289999999999993
33.67,0.0016015069165213616,0.007879850109347554,-1.28
33.68,0.001602321856776308,0.010234556978174667,-1.28
33.69,0.0016031338388172393,0.012353125911042186,-1.28
33.7,0.0016038983310998924,0.014196843956240518,-1.28
33.71,0.0016045613720511705,0.01575321173372855,-1.28
33.72,0.0016050644248223104,0.017039552840462262,-1.28
33.730000000000004,0.0016053520070388313,0.018102925433018863,-1.27
33.74,0.0016053808139162426,0.019015847840530977,-1.27
33.75,0.0016051284199622056,0.019867719737758513,-1.27
33.76,0.0016045994962318834,0.020752134272889602,-1.27
33.77,0.0016038279069013055,0.02175099038662296,-1.26
33.78,0.0016028739573678635,0.022917481671186977,-1.27
33.79,0.0016018171866965761,0.024261307974545,-1.27
33.8,0.0016007460810032205,0.02574011366942523,-1.27
33.81,0.0015997466573669853,0.02726036168953034,-1.26
33.82,0.0015988919241319325,0.028688315066511795,-1.26
33.83,0.0015982338245793465,0.029868573949631674,-1.26
33.84,0.0015977986028656715,0.030645597917279145,-1.26
33.85,0.0015975858247941194,0.030883701604802777,-1.26
33.86,0.001597570717658539,0.030482286505747726,-1.26
33.87,0.00159770913470444,0.02938428161400045,-1.25
33.88,0.0015979442878139589,0.027576672198887726,-1.25
33.89,0.0015982143701369176,0.025083403181798757,-1.25
33.9,0.0015984602405343582,0.021953228826608592,-1.25
33.910000000000004,0.0015986324102766718,0.018247161781872835,-1.25
33.92,0.0015986966351918645,0.014030457071951925,-1.25
33.93,0.001598637481404348,0.009371944228064944,-1.24
33.94,0.0015984593357562956,0.00434980895295707,-1.25
33.95,0.0015981845227138432,-0.0009404565587994913,-1.24
33.96,0.0015978485095751484,-0.006381276666772453,-1.24
33.97,0.0015974926385376304,-0.01183491216433643,-1.24
33.980000000000004,0.0015971553606023647,-0.017152213403731707,-1.24
33.99,0.0015968634267826297,-0.022185500767973345,-1.24
34.0,0.0015966247413098,-0.02680194158109056,-1.24
34.01,0.0015964244609256335,-0.030894546942374597,-1.23
34.02,0.0015962253921269366,-0.0343892110046037,-1.23
34.03,0.001595972880691029,-0.03724733385197344,-1.23
34.04,0.0015956034187139608,-0.03946430955018274,-1.23
34.05,0.001595055386434981,-0.04106449387248358,-1.23
34.06,0.0015942799171044743,-0.042093486427250776,-1.23
34.07,0.0015932499127252406,-0.04260904744517081,-1.23
34.08,0.0015919656973381032,-0.042672505285058976,-1.22
34.09,0.0015904565087301857,-0.04234236520131922,-1.22
34.1,0.00158877778911501,-0.041670742934918494,-1.22
34.11,0.001587004878944356,-0.04070206186381427,-1.22
34.12,0.0015852241762077473,-0.03947312660725442,-1.22
34.13,0.0015835230902550763,-0.038013942783375956,-1.22
34.14,0.001581980206307026,-0.03634865620587314,-1.22
34.15,0.0015806569928696523,-0.0344958056325619,-1.22
34.160000000000004,0.0015795921319758793,-0.03246734232261739,-1.21
34.17,0.0015787991407210903,-0.030266551480108986,-1.21
34.18,0.0015782674250026387,-0.0278855426577879,-1.21
34.19,0.001577966357552813,-0.02530314048518637,-1.21
34.2,0.0015778515221548885,-0.02248409956899829,-1.21
34.21,0.0015778720033288874,-0.01938064627907952,-1.21
34.22,0.0015779775529740421,-0.015937078542254273,-1.2
34.230000000000004,0.0015781246068444462,-0.012097554474756975,-1.2
34.24,0.0015782803981332113,-0.007816653243857523,-1.2
34.25,0.0015784247590863228,-0.003071786878485835,-1.2
34.26,0.0015785495644994375,0.0021241629637460124,-1.2
34.27,0.0015786561222286292,0.007712237398675616,-1.2
34.28,0.001578751127670078,0.013580991133164369,-1.2
34.29,0.001578842030818489,0.01956560953668581,-1.19
34.300000000000004,0.001578932767060293,0.02545307226579761,-1.19
34.31,0.0015790207390350324,0.03099366943867413,-1.19
34.32,0.0015790956992133788,0.035919175616753216,-1.19
34.33,0.0015791408063175548,0.03996759856492523,-1.19
34.34,0.0015791356932741227,0.042913300844856214,-1.18
34.35,0.0015790609910533023,0.044599162742942004,-1.18
34.36,0.001578903482742021,0.0449648119832878,-1.18
34.37,0.0015786609531484733,0.04406357711540854,-1.18
34.38,0.0015783458475361815,0.042062258014366846,-1.18
34.39,0.0015779870265919527,0.03922177091405518,-1.18
34.4,0.0015776291607495702,0.03586167653487087,-1.18
34.410000000000004,0.0015773296119938331,0.032315834170541236,-1.1799999999999928
34.42,0.0015771529853150002,0.028888421015545014,-1.17
34.43,0.001577163872270334,0.025818522786830635,-1.17
34.44,0.0015774186136108023,0.023258242448991016,-1.17
34.45,0.0015779571200489533,0.0212657901468835,-1.17
34.46,0.0015787958589685792,0.019812649799566297,-1.16
34.47,0.0015799230134575849,0.01880236103102329,-1.17
34.480000000000004,0.0015812965596816893,0.018096914127940223,-1.16
34.49,0.0015828456421518363,0.01754541892085806,-1.16
34.5,0.00158447522623178,0.01700963662766685,-1.16
34.51,0.0015860736276358703,0.016382670414834002,-1.16
34.52,0.001587522182486442,0.015599695022685003,-1.16
34.53,0.0015887060421075332,0.014641665605257634,-1.16
34.54,0.001589524883784627,0.013533724063801846,-1.15
34.550000000000004,0.0015899022695226607,0.012339364445004225,-1.1599999999999928
34.56,0.0015897925063045276,0.011149932817400985,-1.15
34.57,0.0015891841849220917,0.010068398088010314,-1.15
34.58,0.0015881000649699006,0.009187777580451561,-1.15
34.59,0.0015865935238467703,0.008567230201635266,-1.15
34.6,0.0015847422566572069,0.008210698763926815,-1.14
34.61,0.001582640199977931,0.008053289642249932,-1.15
34.62,0.001580388730960932,0.007959661800320383,-1.15
34.63,0.0015780881006294285,0.007736735263098533,-1.14
34.64,0.0015758298619258622,0.0071599615123319905,-1.14
34.65,0.001573690817230623,0.006008845076038116,-1.14
34.660000000000004,0.0015717287867842962,0.004104751680513063,-1.14
34.67,0.0015699803126468564,0.0013435669120637828,-1.14
34.68,0.0015684602671752054,-0.002282207024639914,-1.13
34.69,0.0015671632260095428,-0.006674023213405651,-1.14
34.7,0.001566066383775142,-0.011630198161169392,-1.13
34.71,0.0015651337223572626,-0.016860282227225933,-1.13
34.72,0.001564321073081749,-0.022010228045000208,-1.13
34.730000000000004,0.0015635816427169156,-0.026696922533793375,-1.13
34.74,0.0015628715148958401,-0.03054865164369637,-1.13
34.75,0.0015621546211199914,-0.03324616891957243,-1.13
34.76,0.0015614067213131709,-0.03455855698124841,-1.12
34.77,0.001560618047715394,-0.03436909048483539,-1.12
34.78,0.0015597944315494724,-0.03268803836374009,-1.12
34.79,0.001558956914627877,-0.029651138164454673,-1.12
34.800000000000004,0.001558140006013688,-0.025504188217674938,-1.12
34.81,0.0015573888453484367,-0.020575894932032525,-1.12
34.82,0.0015567555691018498,-0.015242684073161115,-1.12
34.83,0.0015562951563300369,-0.009890208819734082,-1.11
34.84,0.0015560609876803693,-0.004876313692106764,-1.11
34.85,0.0015561003216115693,-0.0004993166263600935,-1.11
34.86,0.001556449897768858,0.00302575401279432,-1.11
34.87,0.001557131919252351,0.0055813654392682065,-1.11
34.88,0.0015581507258061508,0.007151360442724882,-1.11
34.89,0.0015594905226834917,0.007814707298514488,-1.11
34.9,0.0015611145451054466,0.007730489277552732,-1.1
34.910000000000004,0.001562965985141573,0.00711641999388089,-1.1
34.92,0.0015649708643137483,0.006223405961635035,-1.1
34.93,0.001567042805668437,0.005308513488877236,-1.1
34.94,0.0015690893864039276,0.0046087974132102486,-1.1
34.95,0.0015710195022188946,0.004318864593124961,-1.09
34.96,0.0015727510022593852,0.0045749715192630195,-1.1
34.97,0.0015742177832981181,0.005447342600305838,-1.09
34.980000000000004,0.001575375561096004,0.0069407802630366625,-1.09
34.99,0.0015762056481708913,0.009002355265270138,-1.09
35.0,0.0015767162417831937,0.01153416458708504,-1.09
35.01,0.0015769409573464916,0.014408531230651576,-1.09
35.02,0.0015769346331917962,0.017482577524316135,-1.09
35.03,0.0015767667689874623,0.020609292771294273,-1.08
35.04,0.0015765132914955103,0.02364354708342029,-1.08
35.050000000000004,0.0015762475946099579,0.026443863733409657,-1.08
35.06,0.0015760319184562103,0.028873103086952616,-1.08
35.07,0.0015759100961858833,0.03080194273764271,-1.08
35.08,0.0015759025244765855,0.03211729869352967,-1.08
35.09,0.0015760039455455807,0.03273471374664563,-1.07
35.1,0.0015761843114407519,0.032611495778650475,-1.08
35.11,0.0015763926689677625,0.031757138874753656,-1.07
35.12,0.001576563672475935,0.03023853138936675,-1.07
35.13,0.0015766260189320537,0.028178407334561017,-1.07
35.14,0.0015765118400086953,0.025746183827776003,-1.07
35.15,0.0015761659278703362,0.02314137079922292,-1.06
35.160000000000004,0.0015755536578975957,0.020571241283660745,-1.069999999999993
35.17,0.0015746666219957025,0.018225590633797046,-1.06
35.18,0.0015735252827498642,0.016251869372189913,-1.06
35.19,0.0015721783436933778,0.01473439756954413,-1.06
35.2,0.00157069892876242,0.013681796438974674,-1.06
35.21,0.0015691780191136493,0.013025998633044827,-1.05
35.22,0.0015677158866464875,0.012633438502306573,-1.06
35.230000000000004,0.0015664124829553082,0.012325347131009261,-1.0500000000000071
35.24,0.0015653578705372984,0.0119016621393613,-1.06
35.25,0.0015646237859957785,0.011163379931133175,-1.05
35.26,0.0015642572695047953,0.009930928824310873,-1.05
35.27,0.001564276970862255,0.008059299346082653,-1.05
35.28,0.0015646722921438484,0.005451749816819774,-1.05
35.29,0.0015654050592190472,0.002072307623385909,-1.04
35.300000000000004,0.0015664130691656806,-0.0020449640303506333,-1.05
35.31,0.0015676147393308632,-0.006792629619818756,-1.05
35.32,0.0015689142059068582,-0.011994024204426456,-1.04
35.33,0.0015702065212066492,-0.017414701709307173,-1.04
35.34,0.0015713829511989474,-0.022779914309214565,-1.04
35.35,0.0015723366292662395,-0.027796670589243257,-1.04
35.36,0.0015729688668729592,-0.03217906952556615,-1.04
35.37,0.0015731962213184677,-0.03567547179069685,-1.04
35.38,0.00157295802648116,-0.038095498388851984,-1.04
35.39,0.0015722236340888005,-0.03933383410783297,-1.03
35.4,0.0015709982588471196,-0.03938665818601426,-1.03
35.410000000000004,0.001569326215971312,-0.03835614228379879,-1.03
35.42,0.001567290557011998,-0.036439778706431634,-1.03
35.43,0.0015650086194482213,-0.03390440020136549,-1.03
35.44,0.0015626236705390795,-0.03104862773190983,-1.03
35.45,0.0015602934570124937,-0.02816061151185084,-1.02
35.46,0.0015581769194005946,-0.02547905005360203,-1.02
35.47,0.0015564205332775658,-0.023164126932784624,-1.02
35.480000000000004,0.0015551457168656788,-0.021281941638761903,-1.02
35.49,0.0015544385562755647,-0.01980290040620037,-1.02
35.5,0.0015543428128259186,-0.01861251025632233,-1.02
35.51,0.0015548568292215559,-0.017531779266457687,-1.02
35.52,0.0015559345488037218,-0.016343339694020177,-1.01
35.53,0.001557490418649359,-0.014818801788973799,-1.01
35.54,0.0015594075216200742,-0.012743484008292038,-1.01
35.550000000000004,0.0015615479607374652,-0.009936503019084868,-1.01
35.56,0.0015637643624316047,-0.006266187256926555,-1.01
35.57,0.001565911379638991,-0.0016617853267193966,-1.01
35.58,0.0015678562232883592,0.0038778682276571267,-1.01
35.59,0.0015694874717632646,0.010279187369096988,-1.0
35.6,0.0015707216445798842,0.017393447191869686,-1.0
35.61,0.001571507243953992,0.02500201434828358,-1.0
35.62,0.0015718261595739486,0.03282676523261969,-1.0
35.63,0.001571692503639055,0.04054470455823788,-1.0
35.64,0.0015711490965710315,0.04780652021764361,-1.0
35.65,0.0015702619573348172,0.054259581884607014,-0.99
35.660000000000004,0.0015691132740097537,0.0595753467657487,-0.99
35.67,0.001567793455764801,0.06347936876789807,-0.99
35.68,0.0015663929960815625,0.06578023274924362,-0.98
35.69,0.0015649949717742924,0.06639262493562781,-0.99
35.7,0.0015636690015384984,0.06534979107092359,-0.98
35.71,0.001562467340824077,0.06280219795850842,-0.99
35.72,0.0015614234857102753,0.0590024142997992,-0.98
35.730000000000004,0.0015605532405632253,0.054279955589139374,-0.98
35.74,0.0015598577703702374,0.049011796473916285,-0.98
35.75,0.0015593278288161291,0.043593119785055624,-0.98
35.76,0.001558948216542899,0.03841014971587846,-0.97
35.77,0.0015587016068221446,0.0338152305395793,-0.98
35.78,0.0015585711414604095,0.030104428022185614,-0.97
35.79,0.0015585415640845526,0.02749871597734928,-0.97
35.800000000000004,0.0015585990188114924,0.02613005664720066,-0.97
35.81,0.0015587299170589776,0.026033059529328,-0.97
35.82,0.0015589194221075683,0.02714199991242321,-0.96
35.83,0.0015591501171200724,0.029292642929177076,-0.97
35.84,0.0015594013324718302,0.032228673246093804,-0.97
35.85,0.0015596494487310844,0.03561313885177517,-0.96
35.86,0.0015598692922627493,0.03904606733117012,-0.96
35.87,0.0015600365197589467,0.042090208057975684,-0.96
35.88,0.001560130666633834,0.044306632204691505,-0.95
35.89,0.0015601383481074966,0.04529921936439919,-0.96
35.9,0.0015600559973149278,0.04476219021212612,-0.95
35.910000000000004,0.001559891540491392,0.04252081831651666,-0.9599999999999929
35.92,0.0015596645593897401,0.03855559766146718,-0.95
35.93,0.0015594047534822275,0.033004848024355445,-0.95
35.94,0.0015591488280493064,0.02614710123057313,-0.94
35.95,0.0015589362189394902,0.018369062847440425,-0.95
35.96,0.0015588042568108727,0.010125982375366091,-0.94
35.97,0.0015587834457906685,0.001899869113265395,-0.95
35.980000000000004,0.0015588934905413536,-0.00584089593058619,-0.94
35.99,0.0015591405811629941,-0.012678025786455748,-0.94
36.0,0.0015595162732927267,-0.0182735407945687,-0.94
36.01,0.0015599981064774492,-0.022391876809057146,-0.94
36.02,0.00156055189786899,-0.024913235035240976,-0.94
36.03,0.0015611354404773809,-0.02583833699445701,-0.94
36.04,0.0015617031494520757,-0.025284427012682336,-0.94
36.050000000000004,0.0015622110701318866,-0.023471954794781716,-0.93
36.06,0.0015626216156627275,-0.020702130901815705,-0.93
36.07,0.0015629074496016804,-0.017327232650734003,-0.93
36.08,0.0015630540590954689,-0.013716980101233954,-0.93
36.09,0.001563060748121114,-0.010224829043478855,-0.93
36.1,0.0015629399831744333,-0.0071579302775199435,-0.93
36.11,0.0015627152215763845,-0.0047541979607219655,-0.92
36.12,0.0015624175355833543,-0.003169122960711632,-0.92
36.13,0.0015620815042127199,-0.002473296040776608,-0.92
36.14,0.0015617409554673906,-0.0026594694752911986,-0.92
36.15,0.0015614251706476687,-0.0036561170856301266,-0.92
36.160000000000004,0.0015611560830741935,-0.005343489772997319,-0.92
36.17,0.001560946812281879,-0.007568617910842806,-0.92
36.18,0.0015608016023699511,-0.010157302447867564,-0.91
36.19,0.001560716947050515,-0.012922677206009179,-0.91
36.2,0.0015606834673614026,-0.015670715478127067,-0.91
36.21,0.0015606880243249962,-0.018203636405295733,-0.91
36.22,0.0015607156172283319,-0.02032309929051007,-0.91
36.230000000000004,0.0015607508081964734,-0.021835706264771895,-0.91
36.24,0.0015607786519963513,-0.02256259849341537,-0.91
36.25,0.0015607853056652367,-0.022352889777207334,-0.9
36.26,0.0015607585747986475,-0.021098484047774486,-0.9
36.27,0.0015606885964265338,-0.018746599007385165,-0.9
36.28,0.0015605686879115919,-0.015306618997104898,-0.9
36.29,0.0015603961777311522,-0.010849618789939284,-0.9
36.300000000000004,0.0015601728677233214,-0.005501265692740663,-0.9
36.31,0.0015599047299872427,0.0005693814912827058,-0.9
36.32,0.0015596005447175998,0.007162366356181485,-0.89
36.33,0.0015592694178107036,0.01405882254134855,-0.89
36.34,0.0015589174153349396,0.021031696094642317,-0.89
36.35,0.0015585438329866021,0.027854848368330583,-0.89
36.36,0.001558137816234135,0.03431053753425354,-0.89
36.37,0.0015576761284191018,0.04019586341242496,-0.88
36.38,0.001557122819888738,0.04532890026509947,-0.89
36.39,0.001556431378085404,0.049554672678685054,-0.88
36.4,0.0015555496344792103,0.052750559609362355,-0.88
36.410000000000004,0.0015544272730693416,0.0548306720151203,-0.88
36.42,0.0015530252510090627,0.05574899698839459,-0.88
36.43,0.001551325875938495,0.05550120986726933,-0.87
36.44,0.0015493418207020017,0.054124928166339965,-0.88
36.45,0.0015471221611619043,0.05169808485548988,-0.87
36.46,0.0015447537333100046,0.04833542434130429,-0.87
36.47,0.0015423567693747685,0.04418378850399463,-0.87
36.480000000000004,0.0015400748010824757,0.039417101486608166,-0.8699999999999929
36.49,0.0015380599743689358,0.03423132903241188,-0.86
36.5,0.0015364558910534645,0.028838827058695036,-0.87
36.51,0.001535380624294878,0.023461313694879814,-0.87
36.52,0.0015349125351923993,0.018321219741290185,-0.86
36.53,0.001535080994213797,0.013631643286645616,-0.86
36.54,0.0015358632591381727,0.009585060318870554,-0.86
36.550000000000004,0.001537187805751949,0.006340798242130722,-0.8500000000000071
36.56,0.0015389435135669772,0.004011911408104501,-0.86
36.57,0.0015409933430874437,0.0026534239424099073,-0.86
36.58,0.0015431905348760227,0.0022547546757072726,-0.85
36.59,0.0015453949813570885,0.002738445159135005,-0.85
36.6,0.0015474873721476867,0.003965225088259976,-0.85
36.61,0.0015493790739555076,0.00574346204417538,-0.85
36.62,0.001551016481476197,0.00784072675086969,-0.85
36.63,0.001552379650210829,0.009996517295504227,-0.85
36.64,0.0015534761467126505,0.01193663023448082,-0.85
36.65,0.0015543319190933064,0.013390122178980805,-0.84
36.660000000000004,0.0015549813676402717,0.014109321958195014,-0.84
36.67,0.0015554586088641974,0.013892401362369938,-0.84
36.68,0.0015557912741345182,0.012606850798008095,-0.84
36.69,0.0015559973047372297,0.010210921427566943,-0.84
36.7,0.00155608439404384,0.006768836483397517,-0.84
36.71,0.0015560512188147692,0.002454904604796622,-0.84
36.72,0.0015558894944253487,-0.0024572837661358416,-0.83
36.730000000000004,0.0015555861358271996,-0.007620933434018274,-0.83
36.74,0.0015551252395016148,-0.012653125689346872,-0.83
36.75,0.0015544900035394955,-0.01717553858043467,-0.83
36.76,0.0015536649041684736,-0.020851445009789887,-0.83
36.77,0.0015526383862540644,-0.023413877666950016,-0.83
36.78,0.0015514060496547128,-0.024682498069611737,-0.83
36.79,0.0015499739519590442,-0.0245689298568644,-0.82
36.800000000000004,0.0015483613635566451,-0.023072470325160493,-0.82
36.81,0.0015466022350379628,-0.02027004594021227,-0.82
36.82,0.001544744824752932,-0.016304723774187815,-0.82
36.83,0.0015428493439453561,-0.011375331348466532,-0.82
36.84,0.0015409839723237236,-0.005727053010131936,-0.82
36.85,0.0015392199981740333,0.0003587117791828834,-0.82
36.86,0.0015376270009142805,0.0065765989914309386,-0.81
36.87,0.0015362688681068218,0.012611636622763642,-0.81
36.88,0.0015352010752560559,0.018154855655610837,-0.81
36.89,0.0015344691970414406,0.022919531522215614,-0.81
36.9,0.0015341082395648432,0.026657852999274912,-0.8
36.910000000000004,0.0015341422150169088,0.029177417551953744,-0.81
36.92,0.0015345834603861046,0.030355783113452654,-0.81
36.93,0.0015354314796505346,0.030150272738161264,-0.8
36.94,0.0015366714507772349,0.0286002210230051,-0.8
36.95,0.0015382728462040366,0.025820223897672124,-0.8
36.96,0.0015401887512702173,0.021985517695679635,-0.8
36.97,0.0015423563717002035,0.017313472028457604,-0.8
36.980000000000004,0.0015446989265176585,0.012046601630440308,-0.8
36.99,0.0015471287449449905,0.006441138488027733,-0.8
37.0,0.0015495510879973682,0.000761753818611359,-0.79
37.01,0.0015518681254188915,-0.004720260000086737,-0.79
37.02,0.0015539826549147613,-0.00972946231957464,-0.78
37.03,0.0015558014898596853,-0.01399304362374053,-0.79
37.04,0.0015572388128249415,-0.017254036886202584,-0.79
37.050000000000004,0.001558220012454139,-0.01929099236941948,-0.79
37.06,0.0015586864584023682,-0.01994161233624199,-0.79
37.07,0.0015586012964352383,-0.019125454622697668,-0.78
37.08,0.0015579557536577432,-0.016859780709471597,-0.78
37.09,0.0015567748238391416,-0.013263854972150333,-0.78
37.1,0.001555120792143411,-0.008550114878424348,-0.78
37.11,0.0015530930549187858,-0.0030041030279701693,-0.78
37.12,0.0015508231798630815,0.003042447034258814,-0.77
37.13,0.0015484650597049417,0.009239956142198687,-0.77
37.14,0.001546181091187109,0.015246065839876652,-0.77
37.15,0.0015441262274253343,0.020744910513846613,-0.77
37.160000000000004,0.0015424322376962197,0.02546052817534325,-0.77
37.17,0.0015411944574181677,0.02916587968097008,-0.77
37.18,0.0015404627859549613,0.03168943053621887,-0.76
37.19,0.0015402378891651845,0.03292096634298336,-0.77
37.2,0.0015404727349176642,0.0328174953683045,-0.76
37.21,0.001541078915665972,0.03140895525344532,-0.76
37.22,0.001541936757640951,0.028802099145010432,-0.76
37.230000000000004,0.001542907964123647,0.025179751297659998,-0.7599999999999929
37.24,0.0015438494470400863,0.020792513502177166,-0.75
37.25,0.0015446270259337842,0.015941650632831907,-0.76
37.26,0.0015451277869130509,0.010954608221970152,-0.75
37.27,0.0015452700779435007,0.00615661283132925,-0.75
37.28,0.0015450103548600182,0.0018420013598626623,-0.75
37.29,0.0015443463642753714,-0.0017518055895128168,-0.75
37.300000000000004,0.0015433164365634897,-0.004465028506297609,-0.75
37.31,0.0015419949606829328,-0.006228133558382263,-0.75
37.32,0.0015404844313649882,-0.007064072307215586,-0.75
37.33,0.001538904792751016,-0.007079760625953803,-0.75
37.34,0.0015373811090761656,-0.0064487735450363265,-0.74
37.35,0.0015360308057739624,-0.005388870240379742,-0.74
37.36,0.0015349517874169035,-0.004138159506484633,-0.74
37.37,0.0015342126320021078,-0.0029325870128461156,-0.74
37.38,0.001533845806020402,-0.0019857453726148614,-0.73
37.39,0.001533844499297416,-0.001470926749313423,-0.74
37.4,0.001534163311619936,-0.0015054688784217438,-0.74
37.410000000000004,0.0015347226792400259,-0.002138232183753621,-0.73
37.42,0.0015354166176740798,-0.0033416342786290114,-0.73
37.43,0.0015361230751387625,-0.005009980710962461,-0.73
37.44,0.001536715950618616,-0.0069661352171956886,-0.73
37.45,0.001537077660017242,-0.008978301049192049,-0.73
37.46,0.0015371110602229161,-0.01078671767281942,-0.73
37.47,0.0015367495775933293,-0.012136770047242096,-0.73
37.480000000000004,0.0015359645307561687,-0.012812633613254538,-0.72
37.49,0.0015347688699692322,-0.012665599191247854,-0.72
37.5,0.001533216856992566,-0.011632668317132562,-0.72
37.51,0.0015313995749542033,-0.009742577441265408,-0.72
37.52,0.0015294365902736873,-0.007108239985309853,-0.72
37.53,0.0015274645653395869,-0.00390708049869536,-0.72
37.54,0.0015256240633468277,-0.00035324328252260025,-0.72
37.550000000000004,0.0015240460823600173,0.0033328015501266363,-0.71
37.56,0.0015228399101727438,0.006951564528921033,-0.71
37.57,0.001522083671182617,0.010344218351301828,-0.71
37.58,0.001521818485542986,0.013402316715558492,-0.71
37.59,0.0015220465974980291,0.016067691798858155,-0.71
37.6,0.001522733300248381,0.01832448288414501,-0.71
37.61,0.0015238120916085515,0.020186172448828376,-0.71
37.62,0.0015251922644813998,0.021680888395107633,-0.7
37.63,0.0015267680431283414,0.02283806813775982,-0.7
37.64,0.0015284283796902546,0.023678633280490007,-0.7
37.65,0.0015300665881957062,0.02420940833331825,-0.7
37.660000000000004,0.0015315890865257383,0.024421501905535496,-0.7
37.67,0.001532922621953587,0.024292303783983688,-0.7
37.68,0.0015340194664309591,0.023791154845533003,-0.69
37.69,0.0015348601896300728,0.022888582502768567,-0.69
37.7,0.0015354537667515032,0.021567979098785304,-0.69
37.71,0.0015358349744132248,0.019837601245755662,-0.69
37.72,0.0015360592838240686,0.0177406536521602,-0.69
37.730000000000004,0.0015361957598967841,0.015361753681678804,-0.6800000000000072
37.74,0.0015363187607804532,0.012828461051181838,-0.69
37.75,0.0015364994242298869,0.01030679923954654,-0.68
37.76,0.001536797961466526,0.007990458099651132,-0.68
37.77,0.0015372576355926369,0.0060846356961585454,-0.68
37.78,0.0015379010103651807,0.004786392306769515,-0.68
37.79,0.001538728689804033,0.004263471833460746,-0.67
37.800000000000004,0.001539720419150323,0.004633288529054442,-0.6799999999999929
37.81,0.001540838148497137,0.005943931229640557,-0.67
37.82,0.001542030494691126,0.008159584165469243,-0.67
37.83,0.0015432379671003998,0.011152797714954301,-0.67
37.84,0.0015443983300915815,0.014704965719517139,-0.67
37.85,0.0015454515418367554,0.018514883074025778,-0.67
37.86,0.001546343822992607,0.02221463190295516,-0.67
37.87,0.0015470305611274238,0.025392523640700732,-0.66
37.88,0.0015474779339406674,0.027623250370386893,-0.67
37.89,0.0015476633116155347,0.028504643389205435,-0.66
37.9,0.0015475746478872923,0.02769879269946166,-0.66
37.910000000000004,0.001547209174874702,0.02497371282736185,-0.66
37.92,0.0015465717791483436,0.020240539567528887,-0.66
37.93,0.0015456734589819733,0.0135804600034448,-0.65
37.94,0.0015445302365907296,0.005255770951251457,-0.66
37.95,0.0015431628080732364,-0.004298953135034725,-0.66
37.96,0.0015415970504065815,-0.014506990252163522,-0.65
37.97,0.0015398652826483308,-0.024699323148368715,-0.65
37.980000000000004,0.0015380079342615324,-0.03417948741180424,-0.65
37.99,0.0015360750636414064,-0.042295457859701326,-0.65
38.0,0.0015341270575378971,-0.048508316046286845,-0.65
38.01,0.0015322338767030776,-0.05244754271782626,-0.65
38.02,0.0015304724132767476,-0.05394534857297104,-0.65
38.03,0.0015289218653523303,-0.05304615684363711,-0.65
38.04,0.001527657440189539,-0.0499912498174151,-0.64
38.050000000000004,0.0015267430698407676,-0.04518246373419916,-0.64
38.06,0.0015262240744413427,-0.03913197860767796,-0.64
38.07,0.0015261207913863212,-0.03240653925153836,-0.64
38.08,0.0015264241019684918,-0.025573509508756295,-0.64
38.09,0.0015270935707144624,-0.019154001833783237,-0.64
38.1,0.0015280586226397096,-0.013586168066154454,-0.63
38.11,0.0015292228569370745,-0.00919989016948784,-0.63
38.12,0.001530471242211901,-0.006202349510851645,-0.63
38.13,0.0015316795722526183,-0.004672523191494645,-0.63
38.14,0.0015327252312665022,-0.004562311851406055,-0.63
38.15,0.001533498098760524,-0.0057031523818607726,-0.63
38.160000000000004,0.0015339103820124426,-0.007818928637361227,-0.6299999999999929
38.17,0.0015339043233030655,-0.010547280995537218,-0.62
38.18,0.001533457058326214,-0.0134708303071153,-0.62
38.19,0.001532582313454842,-0.01615729676826032,-0.62
38.2,0.0015313290129218536,-0.01820422589483622,-0.62
38.21,0.0015297771467395805,-0.019281876062330013,-0.62
38.22,0.001528031410762407,-0.01916786536908384,-0.62
38.230000000000004,0.0015262131976158707,-0.017768926159232812,-0.6199999999999929
38.24,0.001524451529440748,-0.015127284755821776,-0.61
38.25,0.0015228735144909647,-0.011411226052290405,-0.61
38.26,0.0015215949024896531,-0.0068917426848038475,-0.61
38.27,0.0015207113173492967,-0.0019096860689232855,-0.61
38.28,0.0015202907556130089,0.003160780268589575,-0.61
38.29,0.0015203679374786634,0.007947187847004603,-0.61
38.300000000000004,0.0015209410563017112,0.012108715920553036,-0.6099999999999929
38.31,0.00152197135670012,0.015359343362383239,-0.6
38.32,0.0015233857521721008,0.01748386343176322,-0.6
38.33,0.001525082376026837,0.01834738357887576,-0.6
38.34,0.0015269386025579717,0.0178994578067822,-0.59
38.35,0.0015288207667577198,0.016174216384762678,-0.6
38.36,0.001530594618608147,0.013287635510836589,-0.6
38.37,0.0015321354936316967,0.009432230479512544,-0.6
38.38,0.0015333372498235682,0.004868361717420007,-0.59
38.39,0.0015341191816514018,-8.90729887429665e-05,-0.59
38.4,0.0015344303470675121,-0.005089097721752527,-0.59
38.410000000000004,0.0015342510232177714,-0.009767713179952538,-0.59
38.42,0.0015335913412524095,-0.01377433717112353,-0.59
38.43,0.0015324875183087517,-0.016799893405747744,-0.59
38.44,0.001530996434662641,-0.01860377288022736,-0.59
38.45,0.0015291894995071713,-0.019035968471867486,-0.58
38.46,0.0015271467424553256,-0.01805108666910245,-0.58
38.47,0.0015249518559303683,-0.015712684129396453,-0.58
38.480000000000004,0.0015226885549347088,-0.01218822954159797,-0.5700000000000071
38.49,0.0015204382192417739,-0.007735973065126592,-0.58
38.5,0.0015182784559559313,-0.002685288989984275,-0.58
38.51,0.0015162820565757565,0.002587715997582313,-0.58
38.52,0.001514515856081875,0.007687294767265103,-0.57
38.53,0.0015130392045077134,0.012225988675371868,-0.57
38.54,0.001511902051789788,0.015852295470226412,-0.57
38.550000000000004,0.0015111429149937182,0.018277802313064785,-0.57
38.56,0.0015107871479598958,0.019303340642885445,-0.57
38.57,0.0015108459175993986,0.018842055475604122,-0.57
38.58,0.001511316121892404,0.016935040620149534,-0.56
38.59,0.0015121812384510046,0.013754109652399999,-0.56
38.6,0.0015134128731951085,0.009587550352020595,-0.56
38.61,0.0015149726602546063,0.004808208714026214,-0.56
38.62,0.0015168141629123618,-0.00017228448226456496,-0.56
38.63,0.0015188845162741958,-0.004955401865508299,-0.56
38.64,0.0015211256962804072,-0.009203841782838215,-0.56
38.65,0.0015234754579490995,-0.012676470661436087,-0.56
38.660000000000004,0.0015258681254564862,-0.015243720887030623,-0.55
38.67,0.0015282355126557394,-0.016881855230032012,-0.55
38.68,0.0015305082873668663,-0.017649709199531925,-0.55
38.69,0.0015326180555899503,-0.017655592331517426,-0.55
38.7,0.0015345003287273464,-0.017023624400986325,-0.55
38.71,0.00153609835141915,-0.01586747426668629,-0.55
38.72,0.0015373675249042693,-0.014275934759183005,-0.54
38.730000000000004,0.0015382798969287535,-0.012310586908951964,-0.54
38.74,0.0015388279661902847,-0.010012748999336112,-0.54
38.75,0.001539026944461972,-0.007415659248174832,-0.54
38.76,0.0015389147016822322,-0.00455781831684299,-0.54
38.77,0.0015385489211150408,-0.0014941046612376027,-0.54
38.78,0.0015380014787807522,0.0016972539460810355,-0.54
38.79,0.0015373506180459831,0.004912000506337259,-0.53
38.800000000000004,0.0015366719591951787,0.00802090191687674,-0.53
38.81,0.0015360296410745682,0.01087490804698765,-0.53
38.82,0.001535468891203693,0.01331596259333072,-0.53
38.83,0.0015350110888634784,0.015194485424089604,-0.53
38.84,0.0015346519986470966,0.01639213550797123,-0.53
38.85,0.0015343634014366614,0.01684581854823165,-0.53
38.86,0.0015340979052847943,0.016567648940882813,-0.52
38.87,0.0015337963153681416,0.01565604267472505,-0.52
38.88,0.0015333966029840425,0.01429457785517515,-0.52
38.89,0.0015328432744254152,0.012736988780054517,-0.52
38.9,0.0015320958501702465,0.011278684221307142,-0.52
38.910000000000004,0.0015311352649482338,0.01021783407188181,-0.52
38.92,0.0015299673027675531,0.009812072986883767,-0.52
38.93,0.0015286226503228534,0.010239132305644065,-0.51
38.94,0.0015271536908785753,0.011569915379455419,-0.51
38.95,0.0015256286444312538,0.013760085708244968,-0.51
38.96,0.0015241239932235692,0.016661875248844483,-0.51
38.97,0.0015227162786339984,0.020053130840827122,-0.51
38.980000000000004,0.0015214743307654767,0.023676905245080936,-0.5099999999999929
38.99,0.0015204528385416298,0.027282682543467468,-0.5
39.0,0.0015196879337193991,0.03066001582249937,-0.5
39.01,0.0015191951791083712,0.03365769401515065,-0.5
39.02,0.0015189700339798308,0.036186401750949865,-0.5
39.03,0.001518990538202007,0.03820813012468077,-0.5
39.04,0.00151922165752854,0.03971886035883274,-0.5
39.050000000000004,0.0015196205272865677,0.040731358690524515,-0.4900000000000071
39.06,0.0015201417641913582,0.04126284686091376,-0.5
39.07,0.0015207420924505644,0.0413291634971728,-0.49
39.08,0.0015213837226756776,0.04094448100823865,-0.49
39.09,0.0015220361800209227,0.04012465100273394,-0.49
39.1,0.0015226765452345933,0.03889231297334964,-0.49
39.11,0.0015232883055273276,0.037281954452766504,-0.48
39.12,0.0015238591890211293,0.03534292431221629,-0.49
39.13,0.001524378470245846,0.03313861178044086,-0.48
39.14,0.0015248342846876086,0.030740930005362193,-0.48
39.15,0.0015252114802561502,0.028220525514814427,-0.48
39.160000000000004,0.0015254904667118823,0.02563456822039447,-0.48
39.17,0.0015256474059058879,0.023015388830528345,-0.48
39.18,0.0015256559228667573,0.02036380990077142,-0.48
39.19,0.0015254903186876,0.01765010381539681,-0.48
39.2,0.0015251300411548375,0.014823510759844618,-0.47
39.21,0.0015245649313168311,0.011829000102603468,-0.47
39.22,0.0015238005336467007,0.008627940833272944,-0.47
39.230000000000004,0.001522862568711658,0.005217885772252101,-0.47
39.24,0.0015217995740007748,0.001646296720119462,-0.47
39.25,0.0015206827837393752,-0.001985884648244394,-0.46
39.26,0.0015196025927720078,-0.005532681827254052,-0.46
39.27,0.0015186614451277757,-0.008822633863712704,-0.46
39.28,0.0015179636477950318,-0.011685693244045585,-0.46
39.29,0.0015176032939999125,-0.013981581284094097,-0.46
39.300000000000004,0.0015176520020918005,-0.01562345331088109,-0.4599999999999929
39.31,0.0015181483802736827,-0.016592645718148023,-0.45
39.32,0.001519090944220248,-0.01694326628408506,-0.46
39.33,0.0015204356837173274,-0.016797876744044173,-0.45
39.34,0.0015220987395882586,-0.016336532662481966,-0.45
39.35,0.0015239639025946862,-0.015781011695655406,-0.45
39.36,0.0015258940251936578,-0.015375025413006864,-0.45
39.37,0.0015277450004001498,-0.015360685807431494,-0.45
39.38,0.0015293807068327224,-0.015952067835696342,-0.45
39.39,0.0015306872302528324,-0.017307906047526276,-0.44
39.4,0.001531584743765653,-0.01950636088089408,-0.44
39.410000000000004,0.0015320356666321299,-0.022525114084785948,-0.44
39.42,0.0015320481286608919,-0.02623006390583712,-0.44
39.43,0.0015316743160693805,-0.030375480008658418,-0.44
39.44,0.0015310038880734119,-0.034617292828237806,-0.44
39.45,0.0015301532286001549,-0.03853939752376603,-0.44
39.46,0.0015292517592419897,-0.041691023787540485,-0.43
39.47,0.0015284268617047948,-0.04363160149625019,-0.43
39.480000000000004,0.0015277891366307825,-0.04397805649396544,-0.43
39.49,0.0015274197457602918,-0.042448453119900975,-0.43
39.5,0.0015273614138039068,-0.038896031434870956,-0.43
39.51,0.0015276142722111198,-0.03332904493975382,-0.43
39.52,0.0015281371037946644,-0.02591394662171125,-0.42
39.53,0.001528853756973506,-0.016962059615613815,-0.42
39.54,0.0015296636929656867,-0.006902539192341544,-0.42
39.550000000000004,0.0015304550056544001,0.0037534972233026188,-0.42
39.56,0.001531117965098269,0.014452182177923432,-0.42
39.57,0.0015315572329476816,0.024635216597706223,-0.42
39.58,0.0015317013238569084,0.033775362754520664,-0.42
39.59,0.001531508496568869,0.041408973432986815,-0.41
39.6,0.0015309688762229054,0.047165905754985055,-0.41
39.61,0.0015301031063726911,0.05079651641419066,-0.41
39.62,0.0015289581581005806,0.05219394223606155,-0.41
39.63,0.0015276010965987001,0.0514081545829355,-0.41
39.64,0.0015261116570590913,0.048647625208078714,-0.41
39.65,0.0015245744482807377,0.04426568973617219,-0.41
39.660000000000004,0.0015230715152794309,0.03873118275873513,-0.4
39.67,0.0015216758740796532,0.03258542579129188,-0.4
39.68,0.0015204464964445477,0.026389847328832348,-0.4
39.69,0.0015194250748237568,0.020670595727130783,-0.4
39.7,0.001518634735792124,0.015867946861634206,-0.4
39.71,0.0015180806855502444,0.012298060694326502,-0.4
39.72,0.0015177525585073207,0.010132276854094355,-0.39
39.730000000000004,0.001517628015201779,0.009395371478287446,-0.39
39.74,0.0015176769469451928,0.009980568507238729,-0.39
39.75,0.0015178655564042792,0.011676922994806131,-0.39
39.76,0.0015181596426866516,0.014204081290304295,-0.39
39.77,0.0015185266314435549,0.01724968676879651,-0.39
39.78,0.001518936212941739,0.02050524117971397,-0.38
39.79,0.0015193598013787193,0.023696707332076686,-0.38
39.800000000000004,0.0015197693088878658,0.02660662621552063,-0.38
39.81,0.0015201358615901952,0.029085562023393872,-0.38
39.82,0.0015204290433092336,0.03105253463882666,-0.38
39.83,0.0015206170586275658,0.03248615811576906,-0.38
39.84,0.0015206679308516972,0.0334094679753126,-0.37
39.85,0.001520551583869356,0.033871372434390555,-0.38
39.86,0.0015202424759053277,0.03392686389491806,-0.37
39.87,0.0015197223933774268,0.03361773565821377,-0.37
39.88,0.0015189830631914696,0.032956128858608345,-0.37
39.89,0.001518028349844562,0.0319142381612526,-0.37
39.9,0.0015168759012085808,0.030423707053520953,-0.36
39.910000000000004,0.0015155581450781192,0.02838661510007922,-0.3699999999999929
39.92,0.0015141225086002707,0.025696737755688853,-0.36
39.93,0.0015126306624964512,0.022266649698140732,-0.36
39.94,0.0015111565337607442,0.018054916882282297,-0.36
39.95,0.0015097828431632444,0.013088176262212481,-0.36
39.96,0.0015085960515064606,0.00747425123459622,-0.36
39.97,0.001507679852433611,0.0014038738767850588,-0.36
39.980000000000004,0.0015071076945725548,-0.004859805738724725,-0.3500000000000071
39.99,0.0015069351671277184,-0.01100291834444832,-0.36
40.0,0.0015071933284410005,-0.016691234485144407,-0.35
40.01,0.001507884097911579,-0.021605651609983637,-0.35
40.02,0.0015089786188391499,-0.025478520215680433,-0.35
40.03,0.0015104190593363575,-0.028125766891582613,-0.35
40.04,0.0015121237580988437,-0.029469582150424063,-0.34
40.050000000000004,0.0015139950879249427,-0.02954767951804851,-0.3499999999999929
40.06,0.001515929014045037,-0.028507698967060707,-0.34
40.07,0.001517825107988367,-0.02658791076897167,-0.34
40.08,0.0015195957345422078,-0.024086987369947823,-0.34
40.09,0.0015211732407444268,-0.021326645851180537,-0.34
40.1,0.0015225142288454701,-0.018612080890942257,-0.34
40.11,0.0015236003848809578,-0.016195836828430614,-0.34
40.12,0.0015244358492372068,-0.014250055284367623,-0.34
40.13,0.00152504170200961,-0.012849909667840236,-0.33
40.14,0.0015254486757410879,-0.011968886200120996,-0.33
40.15,0.0015256895502243867,-0.011485479122769702,-0.33
40.160000000000004,0.0015257927149366327,-0.01120048041850246,-0.33
40.17,0.001525778076736708,-0.010863484612302797,-0.33
40.18,0.0015256559135287616,-0.010206255638562511,-0.33
40.19,0.001525428583160253,-0.008979459784587826,-0.33
40.2,0.001525094380317757,-0.0069881787767448215,-0.32
40.21,0.0015246524433289168,-0.0041208643237527365,-0.32
40.22,0.0015241075141043368,-0.00036656487742749833,-0.32
40.230000000000004,0.0015234735265169305,0.00418304610657407,-0.32
40.24,0.0015227753496785633,0.009347093243049859,-0.32
40.25,0.001522048422119246,0.014880879261832458,-0.32
40.26,0.0015213363854921808,0.020507192680854727,-0.32
40.27,0.0015206871176873023,0.025947544605373785,-0.31
40.28,0.0015201477657169902,0.030949401556582348,-0.31
40.29,0.0015197594888189817,0.0353075669855371,-0.31
40.300000000000004,0.0015195526401377715,0.03887885230437637,-0.31
40.31,0.0015195430361737098,0.04158971891026191,-0.31
40.32,0.0015197297863997236,0.04343745810275755,-0.31
40.33,0.0015200949016847337,0.044486408829553355,-0.31
40.34,0.0015206046222364313,0.04486077677818741,-0.3
40.35,0.001521212172541806,0.044734377891542776,-0.3
40.36,0.0015218615131630765,0.04431591817197587,-0.3
40.37,0.0015224916306087882,0.04382797790869336,-0.3
40.38,0.001523040965990404,0.04347978535712913,-0.3
40.39,0.001523451688150062,0.0434373582649029,-0.29
40.4,0.0015236736200540681,0.04379731386616362,-0.3
40.410000000000004,0.0015236676956080848,0.04457042951102267,-0.29
40.42,0.001523408848043001,0.045677867034624745,-0.29
40.43,0.0015228882189547088,0.0469592060146097,-0.29
40.44,0.0015221145463677468,0.04818952649585907,-0.29
40.45,0.0015211145625382266,0.04910298454365846,-0.28
40.46,0.0015199322310214206,0.049420944935200925,-0.29
40.47,0.0015186266976119848,0.0488824562587747,-0.28
40.480000000000004,0.0015172689275472417,0.04727400061287591,-0.28
40.49,0.0015159371382001182,0.0444550859308361,-0.28
40.5,0.001514711285761053,0.04037690751254279,-0.28
40.51,0.0015136670024739948,0.03509259358778935,-0.28
40.52,0.0015128694942843294,0.028758499776340894,-0.28
40.53,0.0015123679869941363,0.021626148873205152,-0.27
40.54,0.0015121913362638412,0.014024397546230511,-0.28
40.550000000000004,0.0015123453694087456,0.006332194061488896,-0.27
40.56,0.0015128123785055582,-0.0010560714080373118,-0.27
40.57,0.0015135529207186624,-0.00776888815983191,-0.27
40.58,0.0015145097289343877,-0.013494800614229564,-0.27
40.59,0.001515613177143247,-0.018013461111002545,-0.26
40.6,0.0015167874943094685,-0.02121633389730345,-0.27
40.61,0.001517956864477072,-0.023114351042453504,-0.26
40.62,0.0015190507105641228,-0.023831660004705213,-0.26
40.63,0.0015200077819947275,-0.023586231796047286,-0.26
40.64,0.001520779037222449,-0.02265944193906638,-0.26
40.65,0.0015213295942144117,-0.02135791498088156,-0.26
40.660000000000004,0.0015216401140318247,-0.019971968619326475,-0.26
40.67,0.0015217078575482097,-0.01873599696510606,-0.26
40.68,0.00152154736723625,-0.017796923145711286,-0.26
40.69,0.0015211903984616347,-0.017196637307506306,-0.25
40.7,0.0015206845114905238,-0.01687229940465528,-0.25
40.71,0.0015200897609076761,-0.01667459932308204,-0.25
40.72,0.0015194732315190497,-0.01639981658290037,-0.25
40.730000000000004,0.001518901712588177,-0.015828684530688586,-0.25
40.74,0.001518433411524187,-0.014764728670401265,-0.25
40.75,0.0015181100676571095,-0.013066393204206656,-0.25
40.76,0.0015179509623853775,-0.01066951734694591,-0.24
40.77,0.0015179500665796527,-0.007598730285032433,-0.24
40.78,0.0015180769774379736,-0.003967987118414361,-0.24
40.79,0.0015182815438587736,2.849217447367349e-05,-0.24
40.800000000000004,0.0015185013783470499,0.004133486956976072,-0.24
40.81,0.0015186709740474193,0.00805101171182729,-0.24
40.82,0.0015187309582554267,0.011475788075378109,-0.23
40.83,0.0015186361009755789,0.014125096566646655,-0.23
40.84,0.0015183609860338527,0.01576927654660863,-0.23
40.85,0.001517902653935267,0.01625720746831179,-0.23
40.86,0.0015172799737163014,0.015534195749404097,-0.23
40.87,0.0015165299611951681,0.01365113062688138,-0.23
40.88,0.001515701701305756,0.010764544541595089,-0.23
40.89,0.001514848892955988,0.007127109912574252,-0.22
40.9,0.0015140222374933141,0.0030681082126687727,-0.22
40.910000000000004,0.0015132628753772564,-0.0010353836851364224,-0.22
40.92,0.0015125978265100076,-0.004793576098538611,-0.22
40.93,0.0015120379572812026,-0.007840491010190253,-0.22
40.94,0.001511578493353119,-0.009867131168532689,-0.22
40.95,0.0015112016594419995,-0.010648049333361012,-0.22
40.96,0.0015108807610991863,-0.010059597629519643,-0.21
40.97,0.001510584965555359,-0.008088828449935564,-0.21
40.980000000000004,0.0015102841566272476,-0.004832526540012476,-0.21
40.99,0.0015099534472353506,-0.00048688712548504166,-0.21
41.0,0.0015095771272235698,0.004670548822433002,-0.21
41.01,0.00150915192291505,0.010304715307694372,-0.21
41.02,0.0015086894196776456,0.016050716465600065,-0.21
41.03,0.0015082173803387612,0.021543444227796124,-0.21
41.04,0.001507779562364995,0.026446923077936196,-0.2
41.050000000000004,0.0015074335985639363,0.03048100169946244,-0.1999999999999929
41.06,0.0015072466396336777,0.03344283434273748,-0.19
41.07,0.001507288785102427,0.03522044839545267,-0.2
41.08,0.0015076248012692462,0.03579595000737154,-0.2
41.09,0.001508305117095722,0.03523713250275112,-0.2
41.1,0.0015093574417369999,0.03367856218663269,-0.19
41.11,0.0015107804263660971,0.031295862746541024,-0.19
41.12,0.0015125405387555974,0.028278669917461155,-0.19
41.13,0.001514572775007677,0.024807661276214286,-0.19
41.14,0.0015167851466315711,0.021039200001409523,-0.19
41.15,0.0015190662492779257,0.01709861737294521,-0.19
41.160000000000004,0.0015212947940912273,0.013081249661316355,-0.18
41.17,0.0015233498205339665,0.009059287029062519,-0.18
41.18,0.0015251203832902383,0.005092001343816427,-0.18
41.19,0.001526513737982037,0.001236858254983097,-0.18
41.2,0.0015274613527466595,-0.0024408806862727603,-0.17
41.21,0.0015279223858127942,-0.005862473143176046,-0.18
41.22,0.001527884572751712,-0.008936031868591012,-0.18
41.230000000000004,0.0015273627512639822,-0.011563505092732046,-0.1799999999999929
41.24,0.0015263954873342026,-0.013652486527990778,-0.17
41.25,0.0015250404133673112,-0.015129372449210993,-0.17
41.26,0.0015233689244085738,-0.01595067081093484,-0.17
41.27,0.001521460814472067,-0.01611064380338046,-0.17
41.28,0.0015193993046637047,-0.015644597357136296,-0.17
41.29,0.001517266754966545,-0.01462788001265827,-0.17
41.300000000000004,0.0015151411936064748,-0.013171359272568073,-0.1699999999999929
41.31,0.0015130936654704033,-0.011414552290006461,-0.16
41.32,0.0015111863090530927,-0.009517204644784298,-0.16
41.33,0.0015094710249809696,-0.007649265540047694,-0.16
41.34,0.0015079885932602311,-0.005979010973275431,-0.16
41.35,0.0015067681177225935,-0.004659903154221345,-0.16
41.36,0.0015058267072027304,-0.003817747127224663,-0.15
41.37,0.0015051693286128986,-0.00353997982718189,-0.15
41.38,0.001504788784087532,-0.003868602906761149,-0.15
41.39,0.0015046657872230227,-0.004797790948894007,-0.15
41.4,0.0015047691649530581,-0.006276764127973116,-0.15
41.410000000000004,0.0015050563034934583,-0.008218056220578408,-0.15
41.42,0.0015054740771709568,-0.010510580267014919,-0.15
41.43,0.001505960611104489,-0.013035561418747737,-0.15
41.44,0.001506448276540046,-0.01568169458658757,-0.15
41.45,0.0015068682398062866,-0.018355055672419556,-0.14
41.46,0.0015071566375412736,-0.020980700645774994,-0.14
41.47,0.0015072620287813212,-0.023496225180037394,-0.14
41.480000000000004,0.0015071532460469309,-0.025840637218466512,-0.14
41.49,0.001506826283192585,-0.027942612476216218,-0.14
41.5,0.0015063086105668831,-0.029710720642570406,-0.14
41.51,0.0015056594546539244,-0.0310267566053831,-0.13
41.52,0.00150496517421813,-0.03174352832359856,-0.13
41.53,0.0015043298180664065,-0.03168949631061526,-0.13
41.54,0.001503862020256778,-0.030682427022520498,-0.13
41.550000000000004,0.0015036602633050694,-0.028551772269402798,-0.13
41.56,0.0015037989660995174,-0.025165911589122885,-0.13
41.57,0.001504317726786326,-0.020457911681418472,-0.13
41.58,0.0015052154310815588,-0.014443587374043654,-0.12
41.59,0.0015064500186223208,-0.0072281457929139065,-0.12
41.6,0.0015079437336874713,0.0009987056120391673,-0.12
41.61,0.001509592862514125,0.009976024134207168,-0.12
41.62,0.0015112803603301984,0.0193886409316479,-0.12
41.63,0.0015128894159467882,0.028884432887994325,-0.12
41.64,0.0015143159054627666,0.038091170664761524,-0.12
41.65,0.0015154778785016884,0.046634489170655484,-0.11
41.660000000000004,0.0015163207268995833,0.05415853345598032,-0.11
41.67,0.0015168174947422322,0.060348844997596705,-0.11
41.68,0.0015169647942202022,0.06495476312120002,-0.11
41.69,0.0015167757641839621,0.06780743563607047,-0.1
41.7,0.0015162721590109393,0.06882979839584101,-0.11
41.71,0.0015154777672006438,0.06803644715176407,-0.1
41.72,0.0015144148748527499,0.06552386415035522,-0.1
41.730000000000004,0.001513104532956746,0.06145423443711238,-0.1
41.74,0.0015115702408497102,0.056037962556352267,-0.1
41.75,0.0015098436690134014,0.04952000687372541,-0.1
41.76,0.0015079704904740318,0.042173136968552946,-0.1
41.77,0.0015060143921264836,0.034297777880698606,-0.09
41.78,0.0015040578437746888,0.02622411863383004,-0.09
41.79,0.0015021990166556088,0.018309284451498646,-0.09
41.800000000000004,0.001500545103361047,0.010922901220217163,-0.09
41.81,0.0014992029856890827,0.004418961784772423,-0.09
41.82,0.0014982686248200935,-0.0009019404573040646,-0.09
41.83,0.001497816702172696,-0.004831795388661807,-0.08
41.84,0.0014978919646265229,-0.0072870540930852785,-0.09
41.85,0.0014985034813529113,-0.008326625983530732,-0.08
41.86,0.0014996226346807207,-0.008152435229448548,-0.08
41.87,0.001501185155308198,-0.007091917763191998,-0.08
41.88,0.0015030969101295084,-0.005564368034844961,-0.08
41.89,0.001505242564248027,-0.0040348533618488145,-0.07
41.9,0.001507495812806606,-0.0029606141106166372,-0.08
41.910000000000004,0.0015097297237182266,-0.002735897461714038,-0.07
41.92,0.0015118258768719694,-0.0036419949324915987,-0.07
41.93,0.001513681371010887,-0.005809355402648734,-0.07
41.94,0.0015152132733810583,-0.009197669338711741,-0.07
41.95,0.0015163605670962923,-0.013597770319776567,-0.07
41.96,0.0015170840046258706,-0.01865621441481031,-0.07
41.97,0.0015173644679536608,-0.02391968189209171,-0.07
41.980000000000004,0.0015172004810357132,-0.028892583665577752,-0.0699999999999929
41.99,0.0015166054529899753,-0.03309870454050983,-0.06
42.0,0.0015156050919472967,-0.03613727002018778,-0.06
42.01,0.0015142352620949263,-0.03772534772606576,-0.06
42.02,0.0015125403979940172,-0.03772146165306959,-0.06
42.03,0.0015105724632333503,-0.03612926331244264,-0.06
42.04,0.0015083903450282047,-0.033084106199778834,-0.06
42.050000000000004,0.0015060594991704555,-0.028827879186607192,-0.05999999999999289
42.06,0.0015036515931370039,-0.023677706870114112,-0.05
42.07,0.0015012438468886453,-0.017992902345960755,-0.05
42.08,0.0014989177587406172,-0.012143105843233862,-0.05
42.09,0.0014967569463126258,-0.006479412006352368,-0.05
42.1,0.0014948439433755585,-0.0013096052373984945,-0.05
42.11,0.001493255976181199,0.003121520932469994,-0.05
42.12,0.0014920599858879086,0.006645646743933476,-0.05
42.13,0.0014913074311193558,0.009177247855576592,-0.04
42.14,0.0014910296321395337,0.010712551401419775,-0.04
42.15,0.0014912345238115828,0.011322040938362497,-0.04
42.160000000000004,0.0014919055936354515,0.011138234612963786,-0.04
42.17,0.001493003457213074,0.010340460331979768,-0.04
42.18,0.0014944700073339947,0.009137674034086067,-0.04
42.19,0.0014962345020542276,0.007749654423225217,-0.04
42.2,0.001498220517633707,0.006386948300356643,-0.03
42.21,0.001500352525410369,0.005231111023674531,-0.03
42.22,0.001502560998198696,0.00441833463077217,-0.03
42.230000000000004,0.0015047853534411214,0.004029877845282044,-0.03
42.24,0.001506974568013032,0.004090976198136501,-0.03
42.25,0.0015090858005755439,0.004577169410937019,-0.03
42.26,0.001511081713919474,0.005425147922686096,-0.02
42.27,0.001512927350091719,0.0065450849932567915,-0.02
42.28,0.0015145873822752834,0.007832310872985018,-0.02
42.29,0.0015160243947145292,0.009177269860418375,-0.02
42.300000000000004,0.0015171985867564845,0.010473549704834387,-0.010000000000007106
42.31,0.0015180690143681533,0.011624003337017099,-0.02
42.32,0.0015185962105005537,0.01254473734057851,-0.02
42.33,0.0015187457903899288,0.013166924619394612,-0.01
42.34,0.0015184924717212861,0.013437291653143507,-0.01
42.35,0.0015178238468684614,0.013318677867656644,-0.01
42.36,0.0015167432624595002,0.012791376977701328,-0.01
42.37,0.0015152713094872144,0.01185470998448582,-0.01
42.38,0.001513445689104977,0.010527827254656091,-0.01
42.39,0.0015113195258975854,0.008849368032782814,-0.01
42.4,0.0015089584547629431,0.006876290161504748,-0.01
42.410000000000004,0.001506436938605096,0.004682089022267272,-0.01
42.42,0.00150383426700072,0.00235394878206484,-0.01
42.43,0.0015012305743176168,-1.2142442205221005e-05,-0.01
