time_s,pressure_atm,force_N,position_mm
0.0,0.0015059262483717183,-0.00295622735380943,-0.01
0.010000000000001563,0.001509548245752773,-0.0029087297854634557,-0.01
0.019999999999999574,0.0015131279086216217,-0.003163185045267172,-0.01
0.030000000000001137,0.0015165827978968038,-0.0036304002098698014,-0.01
0.03999999999999915,0.0015198279091022866,-0.004193823174302394,-0.01
0.05000000000000071,0.0015227775220125702,-0.0047351552734127235,-0.01
0.05999999999999872,0.0015253490091126942,-0.00515332929657395,-0.01
0.07000000000000028,0.0015274681785068989,-0.005376169122337809,-0.01
0.08000000000000007,0.0015290751936851627,-0.005365841297115779,-0.01
0.08999999999999986,0.0015301298699175988,-0.005119849084165921,-0.01
0.09999999999999964,0.0015306152752145533,-0.0046691324080747965,-0.01
0.10999999999999943,0.0015305390162699789,-0.004074354012692133,-0.01
0.11999999999999922,0.001529932194653763,-0.0034209308083158435,-0.01
0.13000000000000078,0.0015288465486980889,-0.002812909581223426,-0.019999999999999973
0.14000000000000057,0.0015273505840729799,-0.002365564168915233,-0.010000000000000028
0.15000000000000036,0.0015255254939894978,-0.002196737809371939,-0.019999999999999973
0.16000000000000014,0.0015234614354048433,-0.002417196553471403,-0.02
0.16999999999999993,0.001521254378277792,-0.0031202352878380198,-0.02
0.17999999999999972,0.0015190034147664407,-0.0043707873427020075,-0.02
0.1899999999999995,0.0015168082102801556,-0.006194858772260223,-0.02
0.1999999999999993,0.0015147662488818054,-0.008570924312354919,-0.02
0.21000000000000085,0.0015129696591625098,-0.011425106068049792,-0.02999999999999997
0.22000000000000064,0.0015115016343205544,-0.014631218924555815,-0.020000000000000028
0.23000000000000043,0.0015104326828564638,-0.018015807454898156,-0.029999999999999943
0.2400000000000002,0.0015098170763210928,-0.02136793809511436,-0.03
0.25,0.0015096898529472686,-0.024453466615273728,-0.03
0.2599999999999998,0.001510064605393418,-0.027032872156535347,-0.03
0.2699999999999996,0.001510932101765043,-0.028880758473346306,-0.039999999999999945
0.27999999999999936,0.0015122596608968546,-0.029804964042939242,-0.030000000000000054
0.28999999999999915,0.0015139911921966953,-0.02966412089373373,-0.04
0.3000000000000007,0.0015160479202187137,-0.028383160831884413,-0.04
0.3100000000000005,0.0015183299933789844,-0.025965451241602443,-0.04
0.3200000000000003,0.0015207193427004676,-0.02249851457919796,-0.04
0.33000000000000007,0.0015230842216050497,-0.018149687883663328,-0.04
0.33999999999999986,0.0015252857527343854,-0.013149827778082226,-0.04999999999999995
0.34999999999999964,0.0015271865072492702,-0.007766458806578951,-0.05
0.35999999999999943,0.0015286606856631463,-0.002271034032543702,-0.040000000000000056
0.3699999999999992,0.0015296049692214058,0.0030929572537631276,-0.04999999999999995
0.3800000000000008,0.0015299487207441173,0.008134406224349475,-0.05
0.39000000000000057,0.001529662069492998,0.01272753329141978,-0.05
0.40000000000000036,0.0015287605855075041,0.016813221942165595,-0.05
0.41000000000000014,0.0015273057087998834,0.02039135656523544,-0.05999999999999994
0.41999999999999993,0.0015254007219387574,0.0235076251511729,-0.06
0.4299999999999997,0.0015231826694683441,0.026238155115851626,-0.06
0.4399999999999995,0.0015208111074521199,0.028674923360327086,-0.06
0.4499999999999993,0.0015184548708711888,0.030913691733369997,-0.06
0.4599999999999991,0.0015162781916443233,0.03304442882043574,-0.06
0.47000000000000064,0.0015144275120092983,0.03514277626899479,-0.06
0.4800000000000004,0.0015130202316963781,0.03726080519374768,-0.06999999999999995
0.4900000000000002,0.0015121364037791328,0.03941634381110741,-0.07
0.5,0.0015118140532740612,0.04158235575303412,-0.07
0.5099999999999998,0.0015120483616308184,0.04368010640717574,-0.07
0.5199999999999996,0.0015127945126138084,0.04558051036505126,-0.07
0.5299999999999994,0.001513973625151603,0.047116117219322906,-0.07
0.5399999999999991,0.0015154809684211968,0.04810242182379274,-0.07
0.5500000000000007,0.0015171955678805276,0.04836396638566308,-0.07999999999999989
0.5600000000000005,0.0015189903335213362,0.04776003898218568,-0.08
0.5700000000000003,0.0015207419289932007,0.046206190010521224,-0.08
0.5800000000000001,0.0015223397145303589,0.04368912184199592,-0.08
0.5899999999999999,0.0015236932124002523,0.04027275845044505,-0.08
0.5999999999999996,0.0015247376499213268,0.03609366211678704,-0.08
0.6099999999999994,0.0015254372344503566,0.031345829712832736,-0.08999999999999989
0.6199999999999992,0.001525785920757176,0.026257807343573913,-0.09
0.629999999999999,0.0015258055662683253,0.02106715304698644,-0.09
0.6400000000000006,0.0015255415604949645,0.01599731777930358,-0.09
0.6500000000000004,0.0015250562786774072,0.011240336509677974,-0.09
0.6600000000000001,0.001524421026688468,0.006946426615439027,-0.09
0.6699999999999999,0.0015237074407055593,0.003219523145196069,-0.09
0.6799999999999997,0.001522979477064873,0.00011644539456285621,-0.0999999999999999
0.6899999999999995,0.0015222870935785364,-0.0023526866697690936,-0.1
0.6999999999999993,0.001521662461099166,-0.004223749484904024,-0.1
0.7099999999999991,0.0015211190993188659,-0.0055765224400441665,-0.1
0.7200000000000006,0.0015206538093818917,-0.006529065393230205,-0.1
0.7300000000000004,0.0015202508069354322,-0.007227318338523061,-0.1
0.7400000000000002,0.0015198871418174267,-0.007830514956115043,-0.1
0.75,0.0015195383654640084,-0.008494139205125312,-0.10999999999999989
0.7599999999999998,0.0015191834651485342,-0.0093523491195353,-0.11
0.7699999999999996,0.0015188082867220356,-0.01050217787767783,-0.10000000000000012
0.7799999999999994,0.0015184069671889538,-0.011992686272426632,-0.10999999999999989
0.7899999999999991,0.0015179812571940268,-0.013822192860502885,-0.11
0.8000000000000007,0.0015175380031847339,-0.015944623352125327,-0.11
0.8100000000000005,0.0015170854385592584,-0.01828278503250628,-0.11
0.8200000000000003,0.001516629229039045,-0.020744093888662943,-0.11999999999999988
0.8300000000000001,0.0015161693383218238,-0.02323427794834831,-0.12
0.8399999999999999,0.0015156986552970534,-0.02566650668483992,-0.12
0.8499999999999996,0.0015152039388871045,-0.02796588654196359,-0.11000000000000011
0.8599999999999994,0.001514669055908292,-0.030070799716515162,-0.11999999999999988
0.8699999999999992,0.001514079860488861,-0.03193227257538154,-0.12
0.879999999999999,0.001513429579159209,-0.03351115907701811,-0.12
0.8900000000000006,0.001512723373334458,-0.034772405538958794,-0.1299999999999999
0.9000000000000004,0.0015119809078193449,-0.03567707417498948,-0.13
0.9100000000000001,0.0015112362115433484,-0.03617486098819195,-0.13
0.9199999999999999,0.0015105347331144778,-0.036200399130489336,-0.13
0.9299999999999997,0.001509928086270815,-0.035675130291965444,-0.13
0.9399999999999995,0.0015094674029754826,-0.034514416846453816,-0.13
0.9499999999999993,0.0015091963997857208,-0.032638284946100854,-0.13
0.9599999999999991,0.0015091452273034165,-0.029983703347343023,-0.1399999999999999
0.9700000000000006,0.0015093259755539058,-0.026516314380660922,-0.14
0.9800000000000004,0.0015097304294633242,-0.022240264436598663,-0.14
0.9900000000000002,0.0015103303658059411,-0.017205787650886963,-0.13000000000000012
1.0,0.0015110803786322368,-0.011514326594648067,-0.1399999999999999
1.0099999999999998,0.0015119229233564208,-0.005320068690210493,-0.14
1.0199999999999996,0.0015127950008756346,0.0011739374015613093,-0.14
1.0299999999999994,0.0015136356940364313,0.007726343592490006,-0.14999999999999977
1.0399999999999991,0.001514393645228817,0.014074346648850603,-0.15
1.0500000000000007,0.001515033536251321,0.01995475155359965,-0.14000000000000024
1.0600000000000005,0.0015155406998427544,0.025126274408416735,-0.14999999999999977
1.0700000000000003,0.0015159231543646356,0.02939013479803379,-0.15
1.08,0.00151621060960549,0.032606824928627966,-0.15
1.0899999999999999,0.0015164503455615565,0.03470803940320808,-0.15
1.0999999999999996,0.0015167003104192488,0.03570338089518961,-0.15
1.1099999999999994,0.001517020273822888,0.03568143221097832,-0.15
1.1199999999999992,0.001517462305032721,0.03480467863813278,-0.15999999999999978
1.129999999999999,0.0015180620894821105,0.03329827546450516,-0.16
1.1400000000000006,0.0015188325439411678,0.03143361125661397,-0.16
1.1500000000000004,0.001519760805166836,0.029508044556519956,-0.16
1.1600000000000001,0.0015208090153940453,0.027821814191239132,-0.16
1.17,0.0015219185791238287,0.02665287188970343,-0.16
1.1799999999999997,0.0015230169353039056,0.026230888171723605,-0.1699999999999998
1.1899999999999995,0.0015240255455894328,0.02671235046274436,-0.16000000000000023
1.1999999999999993,0.0015248678043760875,0.028158890114273957,-0.1699999999999998
1.209999999999999,0.001525475878836841,0.03052124928933067,-0.17
1.2199999999999989,0.0015257959475121095,0.033632194682113904,-0.17
1.2300000000000004,0.0015257917520466158,0.03721224937924175,-0.17
1.2400000000000002,0.0015254466802981396,0.040890834281854846,-0.17999999999999977
1.25,0.001524764715248425,0.04424228423222084,-0.18
1.2599999999999998,0.0015237705372113859,0.04683263146464933,-0.18
1.2699999999999996,0.001522508920096844,0.04827045658047336,-0.18
1.2799999999999994,0.0015210433922009364,0.048254321742527556,-0.18
1.2899999999999991,0.0015194540046163405,0.04661019765025489,-0.18
1.3000000000000007,0.001517834008044954,0.04331383924937206,-0.18
1.3100000000000005,0.0015162852943524578,0.038494531528723556,-0.18
1.3200000000000003,0.0015149125974009336,0.03241862641161377,-0.18999999999999978
1.33,0.0015138166361838954,0.02545480682035704,-0.19
1.3399999999999999,0.0015130865893607907,0.018027405152660495,-0.19
1.3499999999999996,0.0015127924883079039,0.010566977392591706,-0.19
1.3599999999999994,0.0015129782808646552,0.0034669075185759265,-0.19
1.3699999999999992,0.001513656417537329,-0.0029484297498927024,-0.19
1.379999999999999,0.001514804804576525,-0.008442579128968796,-0.19
1.3900000000000006,0.0015163668101193818,-0.012874664794092237,-0.1999999999999998
1.4000000000000004,0.0015182546738149792,-0.016198251188115586,-0.19000000000000022
1.4100000000000001,0.001520356184641147,-0.018453092051664784,-0.1999999999999998
1.42,0.0015225439612876204,-0.019751020156400196,-0.2
1.4299999999999997,0.0015246862427543493,-0.020257736981151176,-0.2
1.4399999999999995,0.0015266578907836374,-0.020172665492377097,-0.2
1.4499999999999993,0.0015283503593991798,-0.01970863945786677,-0.2
1.459999999999999,0.0015296796583423504,-0.019072665366198067,-0.2
1.4699999999999989,0.0015305917234321482,-0.01844897885249122,-0.20999999999999977
1.4800000000000004,0.0015310649862755523,-0.017985591130450982,-0.21
1.4900000000000002,0.0015311102244332038,-0.0177846896135049,-0.21
1.5,0.0015307679500914041,-0.017896194692709377,-0.21
1.5099999999999998,0.0015301036839262144,-0.01831386982804741,-0.21
1.5199999999999996,0.0015292015005066864,-0.018974860579651483,-0.21
1.5299999999999994,0.001528156262729609,-0.019764992523323616,-0.21999999999999978
1.5399999999999991,0.001527065020974693,-0.0205319780257225,-0.21000000000000021
1.5500000000000007,0.0015260181587437264,-0.021106564879040952,-0.21999999999999978
1.5600000000000005,0.0015250910086117635,-0.02132873447426724,-0.22
1.5700000000000003,0.0015243367847725163,-0.021073858431585917,-0.22
1.58,0.0015237816992624926,-0.02027332350614276,-0.22
1.5899999999999999,0.0015234229776819634,-0.0189256329209929,-0.2299999999999998
1.5999999999999996,0.0015232301419432917,-0.017096351174948607,-0.23
1.6099999999999994,0.0015231494272726876,-0.014907333848193241,-0.23
1.6199999999999992,0.0015231106695310496,-0.012517285304563664,-0.23
1.629999999999999,0.0015230355944136121,-0.010096943734972132,-0.23
1.6400000000000006,0.0015228462849724933,-0.007802752134617945,-0.23
1.6500000000000004,0.001522472738345911,-0.005752530888863003,-0.23
1.6600000000000001,0.0015218587932126122,-0.004005996284727491,-0.23
1.67,0.0015209661827142327,-0.0025527263235271586,-0.23999999999999977
1.6799999999999997,0.0015197768795147957,-0.001310193227531255,-0.24
1.6899999999999995,0.001518294129106684,-0.00013359347127474204,-0.24
1.6999999999999993,0.0015165425771409796,0.0011631674332889413,-0.24
1.709999999999999,0.0015145677276816587,0.0027787112505869623,-0.24
1.7199999999999989,0.0015124347172083108,0.004892544289438102,-0.24
1.7300000000000004,0.001510226168889395,0.007635436384265528,-0.24999999999999978
1.7400000000000002,0.0015080387968329349,0.011066058020910747,-0.2400000000000002
1.75,0.0015059785056206398,0.015157504435708034,-0.24999999999999978
1.7599999999999998,0.0015041539632845726,0.019796461627131987,-0.25
1.7699999999999996,0.0015026689486204304,0.024795819801841413,-0.25
1.7799999999999994,0.001501614089694181,0.029918453318399832,-0.25
1.7899999999999991,0.0015010588329028697,0.034906752380679,-0.25
1.8000000000000007,0.001501044560861855,0.03951104415995347,-0.25
1.8100000000000005,0.0015015797063649959,0.04351139642711145,-0.2599999999999998
1.8200000000000003,0.0015026375207652795,0.04673065275852479,-0.26
1.83,0.0015041568941047171,0.049039700360772404,-0.26
1.8399999999999999,0.0015060463164476283,0.05035737175115495,-0.26
1.8499999999999996,0.001508190716032553,0.050647285110512946,-0.26
1.8599999999999994,0.001510460526033176,0.04991351842374735,-0.26
1.8699999999999992,0.0015127219852244782,0.04819669387786021,-0.2699999999999996
1.879999999999999,0.0015148474707230236,0.04557128379931277,-0.27
1.8900000000000006,0.0015167246759968118,0.04214379816029886,-0.27
1.9000000000000004,0.0015182637064590683,0.03805078920879419,-0.27
1.9100000000000001,0.0015194016117802826,0.03345540727897942,-0.27
1.92,0.0015201043781566232,0.02854117698176254,-0.27
1.9299999999999997,0.0015203668072951146,0.023502169485541385,-0.27
1.9399999999999995,0.0015202109000223892,0.018530285354241678,-0.2799999999999998
1.9499999999999993,0.0015196833166306208,0.013802031993524578,-0.28
1.959999999999999,0.0015188522588113888,0.009467625505715147,-0.28
1.9699999999999989,0.0015178038184120602,0.005644283553280993,-0.28
1.9800000000000004,0.0015166375934394887,0.0024140299621747954,-0.28
1.9900000000000002,0.001515461285071935,-0.00017502691405980116,-0.28
2.0,0.0015143841091230762,-0.0021057131403107786,-0.28
2.01,0.0015135091572635608,-0.0033887155664506694,-0.29
2.0199999999999996,0.0015129252300675816,-0.00406022546730058,-0.29
2.0299999999999994,0.001512698999412242,-0.004180563238659835,-0.28
2.039999999999999,0.0015128685248667914,-0.003834176348487596,-0.28999999999999954
2.0500000000000007,0.001513439089944088,-0.003131397472508473,-0.29
2.0599999999999987,0.0015143820538184804,-0.002211399070943877,-0.29
2.0700000000000003,0.0015156370116380007,-0.0012442943610605512,-0.29
2.08,0.0015171171283420264,-0.00042922857328170274,-0.29999999999999954
2.09,0.0015187171348357627,1.4913002316429716e-05,-0.3
2.0999999999999996,0.0015203231784536894,-0.00013157227578758986,-0.3
2.1099999999999994,0.0015218235041944913,-0.0010612707798614224,-0.3
2.119999999999999,0.0015231188202358505,-0.0029071276732889916,-0.3
2.129999999999999,0.0015241311969039855,-0.005712425371242994,-0.3
2.1400000000000006,0.001524810489878248,-0.009410507236668184,-0.3
2.1499999999999986,0.0015251375754719422,-0.013819390406620825,-0.30999999999999955
2.16,0.0015251241088955496,-0.018653053715093078,-0.31
2.17,0.0015248089871092324,-0.02354751170706892,-0.31
2.1799999999999997,0.0015242521158478621,-0.028096862710205936,-0.31
2.1899999999999995,0.0015235263734747228,-0.03189333500145151,-0.31
2.1999999999999993,0.001522708811923612,-0.034566191948126844,-0.31
2.209999999999999,0.001521872150712376,-0.035816162934131465,-0.31
2.219999999999999,0.001521077525311629,-0.035443213891183725,-0.31999999999999956
2.2300000000000004,0.0015203692628528152,-0.033365477669331324,-0.32
2.24,0.001519772187316089,-0.029627206429072222,-0.32
2.25,0.0015192916160091674,-0.024394889454588297,-0.31000000000000044
2.26,0.001518915831587807,-0.017942798824487644,-0.32
2.2699999999999996,0.0015186204619816127,-0.010630481489960868,-0.32
2.2799999999999994,0.001518373952215256,-0.002874157030389638,-0.32
2.289999999999999,0.0015181432256346672,0.004887184260044201,-0.32999999999999957
2.3000000000000007,0.0015178987230009774,0.012229902581790695,-0.33
2.3099999999999987,0.0015176182439484434,0.018784715440711548,-0.32000000000000045
2.3200000000000003,0.001517289323104748,0.024270616209380418,-0.33
2.33,0.0015169101636039416,0.02851703794141299,-0.33
2.34,0.0015164893553305848,0.03147003634274624,-0.33
2.3499999999999996,0.0015160446968261697,0.03318280179896382,-0.33
2.3599999999999994,0.0015156014297170878,0.03379508446577689,-0.3399999999999996
2.369999999999999,0.0015151901205058113,0.033508302629973286,-0.34
2.379999999999999,0.001514844333527989,0.03256261070288432,-0.34
2.3900000000000006,0.0015145981673855117,0.031219384043579563,-0.34
2.3999999999999986,0.0015144836919919818,0.029748766193421348,-0.34
2.41,0.0015145283259584618,0.028419226695239917,-0.34
2.42,0.001514752228334058,0.027485905355691027,-0.34
2.4299999999999997,0.0015151658348062798,0.027176356518944754,-0.34999999999999953
2.4399999999999995,0.0015157677334803887,0.02767450455425903,-0.35
2.4499999999999993,0.0015165431338951241,0.02910489923946752,-0.34000000000000047
2.459999999999999,0.0015174632177930064,0.03151940253291473,-0.34999999999999953
2.469999999999999,0.001518485653293501,0.03488786075042934,-0.35
2.4800000000000004,0.0015195564877509794,0.039093992860424545,-0.35
2.49,0.0015206134937538385,0.04393776719226718,-0.35
2.5,0.001521590824071468,0.0491452992644548,-0.35999999999999954
2.51,0.0015224245605749665,0.054386258852109806,-0.35
2.5199999999999996,0.001523058485019693,0.059297085720576986,-0.35999999999999954
2.5299999999999994,0.0015234492451816017,0.06350695283465566,-0.36
2.539999999999999,0.001523570113452869,0.06666346075674705,-0.36
2.5500000000000007,0.0015234127654012955,0.06845629924502811,-0.36
2.5599999999999987,0.0015229869020809553,0.06863818034593276,-0.36
2.5700000000000003,0.001522317986555711,0.06704242959783938,-0.36999999999999955
2.58,0.0015214437130124088,0.06359621695210108,-0.37
2.59,0.0015204099645351936,0.058328163464514374,-0.37
2.5999999999999996,0.0015192669138359553,0.05136904982329373,-0.37
2.6099999999999994,0.0015180656358300634,0.04294474926998594,-0.37
2.619999999999999,0.0015168552541801727,0.03336176520994619,-0.37
2.629999999999999,0.0015156803824941739,0.02298757221774584,-0.37999999999999956
2.6400000000000006,0.0015145785579234235,0.012229035068348493,-0.38
2.6499999999999986,0.001513577538274804,0.001511585208466677,-0.38
2.66,0.0015126926874298192,-0.008740004112590362,-0.38
2.67,0.0015119250621613168,-0.018120338595275547,-0.38
2.6799999999999997,0.0015112610490762715,-0.026263839154485404,-0.38
2.6899999999999995,0.0015106743336356279,-0.032868758639755864,-0.38
2.6999999999999993,0.0015101305626516771,-0.037724260689435296,-0.38999999999999957
2.709999999999999,0.0015095943659833094,-0.04073618992689919,-0.39
2.719999999999999,0.0015090376400330664,-0.04194417747864054,-0.39
2.7300000000000004,0.0015084474324802324,-0.04152297226159054,-0.39
2.74,0.001507831615836358,-0.039764492899803244,-0.39
2.75,0.0015072208738207235,-0.03704221177659413,-0.39
2.76,0.0015066662714249325,-0.03376398466325758,-0.39
2.7699999999999996,0.00150623262261664,-0.03032181729906052,-0.3999999999999996
2.7799999999999994,0.0015059887348787685,-0.027046808347873694,-0.4
2.789999999999999,0.0015059961777604076,-0.024175314670855944,-0.4
2.799999999999999,0.0015062983972483196,-0.02182961443050157,-0.4
2.8099999999999987,0.0015069118074691424,-0.02001408777609997,-0.4
2.8200000000000003,0.0015078200583601923,-0.018626304677291886,-0.4
2.83,0.0015089721597807396,-0.01748078094259452,-0.40999999999999953
2.84,0.0015102846566978116,-0.016341455075417788,-0.40000000000000047
2.8499999999999996,0.0015116476412998022,-0.014958017801047807,-0.40999999999999953
2.8599999999999994,0.0015129340527758736,-0.013101572380654283,-0.41
2.869999999999999,0.0015140114399680108,-0.010596103625248023,-0.41
2.879999999999999,0.001514755138586729,-0.007343095660182374,-0.41
2.8900000000000006,0.001515061644526154,-0.0033371480970993393,-0.41
2.8999999999999986,0.0015148608580127503,0.0013291222037789807,-0.41999999999999954
2.91,0.0015141258484616157,0.006471905670494427,-0.42
2.92,0.0015128788737934547,0.011834731669107595,-0.4100000000000004
2.9299999999999997,0.0015111926153432973,0.017117299623385793,-0.41999999999999954
2.9399999999999995,0.0015091859992494416,0.022011358390189976,-0.42
2.9499999999999993,0.0015070145878206044,0.026238359472808642,-0.42
2.959999999999999,0.0015048562938201246,0.029582220308762144,-0.42
2.969999999999999,0.0015028939522435238,0.031910816875647806,-0.42999999999999955
2.9800000000000004,0.001501296876195628,0.033182371183361425,-0.42000000000000043
2.9899999999999984,0.0015002037592461205,0.033436978558941545,-0.4299999999999991
3.0,0.0014997090991569603,0.03277727312721532,-0.43
3.01,0.001499854757020714,0.031344128235284305,-0.43
3.0199999999999996,0.0015006274838808393,0.02929311421891384,-0.43
3.0299999999999994,0.0015019624340328363,0.02677587981558319,-0.43999999999999956
3.039999999999999,0.0015037519757289562,0.023928328893264135,-0.43000000000000044
3.049999999999999,0.0015058585511670004,0.020864982937605844,-0.43999999999999956
3.0599999999999987,0.001508129931929753,0.017677383927558528,-0.44
3.0700000000000003,0.0015104149839209877,0.0144347612753582,-0.44
3.08,0.0015125780415380372,0.011186703900824631,-0.44
3.09,0.001514510230963749,0.007968486343164488,-0.44
3.0999999999999996,0.0015161365745606536,0.004809298054534257,-0.44
3.1099999999999994,0.001517418387207348,0.0017425191458782133,-0.44999999999999957
3.119999999999999,0.001518351207400897,-0.0011839114264322699,-0.44000000000000045
3.129999999999999,0.0015189591303447468,-0.003899763610433171,-0.44999999999999957
3.1400000000000006,0.0015192868104785696,-0.006310328976390315,-0.45
3.1499999999999986,0.001519390541218254,-0.008301770313939113,-0.45
3.16,0.0015193297294092334,-0.009753724205152246,-0.4599999999999996
3.17,0.0015191598243497646,-0.010556053726838491,-0.46
3.1799999999999997,0.0015189274070425151,-0.010624982212139578,-0.46
3.1899999999999995,0.0015186677524309522,-0.009914437714012344,-0.46
3.1999999999999993,0.001518404785203516,-0.008420800730070673,-0.46
3.209999999999999,0.0015181529925999793,-0.006181814603549143,-0.46
3.219999999999999,0.0015179205784389368,-0.0032719131562946612,-0.46
3.2300000000000004,0.0015177129887552644,0.0002035587368888893,-0.46999999999999953
3.2399999999999984,0.0015175359458822698,0.004113258223110251,-0.4600000000000009
3.25,0.0015173973015016342,0.008302754848738882,-0.46999999999999953
3.26,0.001517307328541678,0.012595646466448424,-0.47
3.2699999999999996,0.0015172774451716032,0.016794925952132864,-0.47
3.2799999999999994,0.0015173177110345466,0.020687862708526277,-0.47
3.289999999999999,0.0015174336830470877,0.024056851102668645,-0.47
3.299999999999999,0.001517623330656049,0.026696064709444058,-0.47999999999999954
3.3099999999999987,0.001517874689931189,0.028431291808369057,-0.48
3.3200000000000003,0.0015181648092718201,0.029139431366058,-0.48
3.33,0.001518460343496497,0.028764297133234563,-0.48
3.34,0.0015187199166712569,0.02732557246994218,-0.48
3.3499999999999996,0.0015188981144395922,0.024918304289536276,-0.48
3.3599999999999994,0.0015189507033345718,0.02170222948755925,-0.48999999999999955
3.369999999999999,0.0015188404432986728,0.017883039464956646,-0.4800000000000004
3.379999999999999,0.0015185427080327283,0.013689686798638804,-0.48999999999999955
3.3900000000000006,0.0015180500975945437,0.00935216426959917,-0.49
3.3999999999999986,0.001517375338379078,0.005083234617278218,-0.49
3.41,0.001516552002597608,0.0010658935258160097,-0.49
3.42,0.001515632890798229,-0.002553539044467723,-0.49
3.4299999999999997,0.001514686237404914,-0.005668074823657775,-0.4999999999999991
3.4399999999999995,0.0015137901672660828,-0.008210058798337558,-0.5
3.4499999999999993,0.001513026028383401,-0.010149707190156967,-0.4900000000000009
3.459999999999999,0.0015124713480709627,-0.011492925885767937,-0.49999999999999956
3.469999999999999,0.0015121932023439402,-0.012278674952886733,-0.5
3.4800000000000004,0.0015122427396441424,-0.012575609876931666,-0.5
3.4899999999999984,0.0015126514441075847,-0.0124775524256742,-0.5
3.5,0.0015134294541267366,-0.012097461936333442,-0.5099999999999996
3.51,0.001514565899108123,-0.011559490462437759,-0.5000000000000004
3.5199999999999996,0.0015160308643850232,-0.010988816081318421,-0.5099999999999996
3.5299999999999994,0.0015177783502709084,-0.010499969129878182,-0.51
3.539999999999999,0.0015197495342288184,-0.010185650533929357,-0.51
3.549999999999999,0.00152187578730707,-0.010108259260833414,-0.51
3.5599999999999987,0.0015240811846541956,-0.010295264028470487,-0.5199999999999996
3.5700000000000003,0.0015262845849941804,-0.010738235778870548,-0.5100000000000005
3.58,0.0015284016202549826,-0.011394856524813075,-0.5199999999999996
3.59,0.001530347045674206,-0.012193318386305328,-0.52
3.5999999999999996,0.0015320378184664248,-0.013038329463272245,-0.52
3.6099999999999994,0.0015333970268108774,-0.013817626039953434,-0.52
3.619999999999999,0.0015343584628938656,-0.014408385167219541,-0.52
3.629999999999999,0.0015348713347926467,-0.014683988297606176,-0.5299999999999996
3.639999999999999,0.001534904440143775,-0.014521935139061349,-0.53
3.6499999999999986,0.001534449133373507,-0.013813117361466547,-0.5200000000000005
3.66,0.001533520599858795,-0.012472104103507752,-0.5299999999999991
3.67,0.0015321572347939405,-0.010447834472987427,-0.53
3.6799999999999997,0.0015304182146593666,-0.007733526177662024,-0.53
3.6899999999999995,0.0015283795768467918,-0.004373786683900138,-0.53
3.6999999999999993,0.0015261292721889799,-0.00046662732552633034,-0.5399999999999991
3.709999999999999,0.0015237617365096913,0.00384144513723818,-0.5300000000000005
3.719999999999999,0.0015213725452283653,0.008367904744957308,-0.5399999999999991
3.7300000000000004,0.0015190536612293404,0.012912830063297348,-0.54
3.7399999999999984,0.0015168896526991066,0.017279807880890702,-0.54
3.75,0.0015149550511867691,0.02129400682085186,-0.54
3.76,0.0015133127739401352,0.02481340092586195,-0.54
3.7699999999999996,0.0015120133115472598,0.02773175191701913,-0.54
3.7799999999999994,0.0015110942547107602,0.029974399663978257,-0.5499999999999996
3.789999999999999,0.0015105797496694283,0.03148964176802734,-0.55
3.799999999999999,0.0015104796312144712,0.032239908250843,-0.55
3.8099999999999987,0.0015107882420133192,0.032197322040427016,-0.55
3.8200000000000003,0.0015114832312036377,0.03134618121491048,-0.55
3.83,0.0015125248445203596,0.029691031366456667,-0.55
3.84,0.0015138562942721956,0.027266164341503044,-0.5599999999999996
3.8499999999999996,0.001515405686961673,0.024142562769134995,-0.5500000000000009
3.8599999999999994,0.001517089703448524,0.020430479255245722,-0.5599999999999996
3.869999999999999,0.0015188188518093467,0.016277578644862775,-0.56
3.879999999999999,0.0015205037619088649,0.011862965794799287,-0.56
3.889999999999999,0.001522061756167594,0.0073873684835172905,-0.56
3.8999999999999986,0.001523422851692962,0.0030602518477871868,-0.5699999999999995
3.91,0.0015245344167258458,-0.0009142512791857854,-0.57
3.92,0.0015253638853209518,-0.004349966107669412,-0.57
3.9299999999999997,0.0015258991902108703,-0.007087953857459343,-0.57
3.9399999999999995,0.001526146881504321,-0.009002507040914346,-0.57
3.9499999999999993,0.0015261282467037619,-0.010005511693619119,-0.57
3.959999999999999,0.0015258741039720842,-0.010050731879931404,-0.57
3.969999999999999,0.0015254192280405457,-0.00913814328445446,-0.5799999999999991
3.9800000000000004,0.0015247974832309013,-0.007317106064480957,-0.58
3.9899999999999984,0.0015240386044171866,-0.0046868421630733926,-0.58
4.0,0.0015231671753486676,-0.0013931446230164457,-0.58
4.01,0.0015222037798825838,0.002378966114696608,-0.58
4.02,0.001521167700495448,0.006415922220757818,-0.58
4.029999999999999,0.001520080099024943,0.010487931425229233,-0.58
4.039999999999999,0.0015189664852712523,0.014360828534478811,-0.5899999999999991
4.050000000000001,0.00151785751351512,0.01780590535574969,-0.59
4.059999999999999,0.001516787682519401,0.020607693089414132,-0.59
4.07,0.001515792178824499,0.022571400034068594,-0.59
4.079999999999998,0.0015149026737101307,0.023532472484236185,-0.59
4.09,0.0015141431832707167,0.023369837613586554,-0.59
4.1,0.001513527056182803,0.022021946172776523,-0.59
4.109999999999999,0.0015130558069308107,0.01950179217292445,-0.5999999999999991
4.119999999999999,0.00151271999998453,0.015905406739988543,-0.5900000000000009
4.129999999999999,0.0015125018876490062,0.011409160357909605,-0.5999999999999991
4.140000000000001,0.0015123791466149078,0.006254120206921474,-0.59
4.149999999999999,0.0015123289011334147,0.0007193428614195091,-0.5999999999999991
4.16,0.0015123312527282687,-0.00491063054274388,-0.6
4.169999999999998,0.0015123717087274704,-0.0103765743738228,-0.6
4.18,0.0015124421551710675,-0.015466450448696456,-0.6
4.1899999999999995,0.0015125403056001315,-0.020024477706799847,-0.6099999999999991
4.199999999999999,0.0015126678443749366,-0.023948269811701093,-0.6000000000000009
4.209999999999999,0.0015128277414003387,-0.027178290641147122,-0.6099999999999991
4.219999999999999,0.0015130214002517797,-0.02968461884316224,-0.61
4.23,0.001513246360633129,-0.03145495610703989,-0.61
4.239999999999998,0.0015134951678964167,-0.03248636600045269,-0.61
4.25,0.0015137557403045174,-0.032781973255216895,-0.6199999999999991
4.26,0.0015140131573976809,-0.03235262108731814,-0.62
4.27,0.0015142523715016678,-0.031222310393986,-0.62
4.279999999999999,0.001514461050466988,-0.029435560000607215,-0.62
4.289999999999999,0.0015146317042479943,-0.027064705204723455,-0.62
4.299999999999999,0.0015147624672261894,-0.024215268767077518,-0.62
4.309999999999999,0.001514856345439756,-0.021027804811622895,-0.62
4.32,0.0015149192482097908,-0.01767509561719372,-0.62
4.329999999999998,0.0015149575234022176,-0.014354250793694118,-0.6299999999999991
4.34,0.0015149758614055237,-0.01127416297347753,-0.63
4.35,0.001514976274875282,-0.00863974710099659,-0.63
4.359999999999999,0.0015149584559055185,-0.006634852120520717,-0.63
4.369999999999999,0.0015149213090819326,-0.005405402834210325,-0.63
4.379999999999999,0.0015148650470868225,-0.0050437363857401656,-0.63
4.390000000000001,0.0015147930640918318,-0.005574991176339342,-0.64
4.399999999999999,0.0015147129264260618,-0.006946805222320547,-0.64
4.41,0.0015146361883522674,-0.00902377914852967,-0.64
4.419999999999998,0.001514577207948107,-0.011587837290085966,-0.64
4.43,0.0015145515182946382,-0.01434528990770216,-0.64
4.4399999999999995,0.001514574455957255,-0.01694145849746914,-0.64
4.449999999999999,0.0015146606080662585,-0.018983834030511577,-0.64
4.459999999999999,0.0015148242626629091,-0.020074100281269762,-0.6499999999999991
4.469999999999999,0.0015150805779095549,-0.019847403046007465,-0.65
4.48,0.001515446806371029,-0.01801451568212741,-0.65
4.489999999999998,0.0015159427620896255,-0.014400524102101455,-0.65
4.5,0.0015165898517779926,-0.008973452777110626,-0.65
4.509999999999998,0.0015174083640922098,-0.0018579638210505195,-0.65
4.52,0.0015184132042557043,0.00666795456164552,-0.65
4.529999999999999,0.001519608724925468,0.016192755463732493,-0.6599999999999991
4.539999999999999,0.0015209836145327268,0.026205013528325046,-0.66
4.549999999999999,0.0015225068997159806,0.036136862238208375,-0.66
4.559999999999999,0.001524126000293634,0.045411942101924695,-0.66
4.57,0.0015257674935341145,0.053492627541274804,-0.66
4.579999999999998,0.0015273408702324404,0.059922295415339354,-0.66
4.59,0.0015287451558348888,0.06435955185772026,-0.6699999999999992
4.6,0.0015298778584628147,0.06660215488614206,-0.67
4.609999999999999,0.001530645321504688,0.06659905044068101,-0.6600000000000009
4.619999999999999,0.0015309732506134032,0.0644498332020742,-0.6699999999999992
4.629999999999999,0.0015308160207268575,0.06039215985825386,-0.67
4.640000000000001,0.0015301634120943916,0.054778953451667604,-0.67
4.649999999999999,0.0015290437089560515,0.04804802428367463,-0.67
4.66,0.001527522593045099,0.040686605522351364,-0.6799999999999992
4.669999999999998,0.0015256978731006145,0.03319295703953458,-0.68
4.68,0.0015236906702958716,0.026037649586745523,-0.68
4.6899999999999995,0.001521634121816874,0.01962819481401322,-0.68
4.699999999999999,0.0015196609334433904,0.014281011630203325,-0.68
4.709999999999999,0.0015178912140528203,0.010203381670706902,-0.68
4.719999999999999,0.0015164219752436512,0.0074856912079114156,-0.68
4.73,0.0015153194829322751,0.006102717790086333,-0.6899999999999991
4.739999999999998,0.0015146153003590239,0.005922850628271458,-0.69
4.75,0.0015143063664795433,0.006724629057647132,-0.69
4.759999999999998,0.0015143588575457327,0.008219370413536658,-0.69
4.77,0.0015147149985795922,0.010077406590410435,-0.69
4.779999999999999,0.0015153015753945353,0.011955067930530904,-0.69
4.789999999999999,0.0015160387573957814,0.013520465886436843,-0.69
4.799999999999999,0.0015168480014452078,0.014477196776816935,-0.6999999999999991
4.809999999999999,0.0015176582049027617,0.014585173724861159,-0.7
4.82,0.0015184097818831206,0.013677206229992207,-0.7
4.829999999999998,0.0015190567983493963,0.01166982376201743,-0.7
4.84,0.0015195676024810664,0.008567673044088338,-0.7
4.85,0.0015199244807334283,0.004462172369511217,-0.7
4.859999999999999,0.0015201227809875906,-0.000473954491905863,-0.7
4.869999999999999,0.0015201697491851478,-0.005994885974382371,-0.7099999999999991
4.879999999999999,0.0015200831244934646,-0.011792557888409725,-0.71
4.890000000000001,0.001519889413183189,-0.017511472518625244,-0.71
4.899999999999999,0.0015196217528208728,-0.02276921749455178,-0.71
4.91,0.001519317375454808,-0.027183301443514322,-0.71
4.919999999999998,0.0015190148253361624,-0.030402657695254288,-0.71
4.93,0.0015187512063424625,-0.03214020116815235,-0.71
4.9399999999999995,0.0015185597652119744,-0.03220202523170053,-0.7199999999999991
4.949999999999999,0.0015184680376218141,-0.03050899991308886,-0.72
4.959999999999999,0.001518496619919858,-0.02710724064982335,-0.72
4.969999999999999,0.0015186584449093524,-0.022165298945293,-0.72
4.98,0.0015189583159506527,-0.01595837902096794,-0.72
4.989999999999998,0.001519392448897854,-0.008842821162983282,-0.72
5.0,0.0015199478995213543,-0.0012259318020754312,-0.7299999999999991
5.009999999999998,0.0015206019774742104,0.00646394108204908,-0.73
5.02,0.001521321984884617,0.013803914281367194,-0.73
5.029999999999999,0.0015220657683895867,0.02039867732711619,-0.7200000000000009
5.039999999999999,0.0015227835586321488,0.02589900194709228,-0.7299999999999991
5.049999999999999,0.0015234213619894886,0.030018455623986025,-0.73
5.059999999999999,0.0015239258022310374,0.03255018228705961,-0.73
5.07,0.0015242498867627059,0.033384287380759534,-0.73
5.079999999999998,0.0015243588270823765,0.032523677945378124,-0.7399999999999991
5.09,0.0015242348869728508,0.030093678847330736,-0.7300000000000009
5.1,0.0015238803150693283,0.026340425935080458,-0.74
5.109999999999999,0.001523317720366354,0.021615363777362024,-0.74
5.119999999999999,0.0015225876871087635,0.01634644834956159,-0.74
5.129999999999999,0.0015217438899081896,0.010999001310018427,-0.74
5.139999999999999,0.0015208463766600172,0.00603050831077822,-0.7499999999999991
5.149999999999999,0.0015199539971343628,0.0018449218736434063,-0.75
5.16,0.001519117149811177,-0.001246847500627989,-0.75
5.169999999999998,0.001518372067872275,-0.003053650578719144,-0.75
5.18,0.0015177377230605703,-0.0035135008688935037,-0.75
5.1899999999999995,0.0015172160571472002,-0.002684948111316145,-0.75
5.199999999999999,0.0015167956571915692,-0.0007238310863980917,-0.75
5.209999999999999,0.001516458251572593,0.0021485884364445327,-0.75
5.219999999999999,0.0015161866931667916,0.005679783599110922,-0.7599999999999991
5.23,0.0015159726346183303,0.009617314254234448,-0.7500000000000009
5.239999999999998,0.0015158220594339005,0.013733920132990747,-0.7599999999999991
5.25,0.0015157572640514673,0.017844519105304782,-0.76
5.259999999999998,0.0015158146991623082,0.021814873981628846,-0.76
5.27,0.0015160390499631645,0.025562755847686733,-0.76
5.279999999999999,0.001516474782252355,0.029052463957619467,-0.76
5.289999999999999,0.0015171568780719174,0.03228342868586868,-0.7699999999999991
5.299999999999999,0.001518102534378893,0.035274522165403895,-0.77
5.309999999999999,0.0015193052450598232,0.038047055069064584,-0.77
5.32,0.001520732090651837,0.040609607069649084,-0.77
5.329999999999998,0.0015223244288817665,0.04294656994848876,-0.77
5.34,0.0015240016720287984,0.04501102573577981,-0.77
5.349999999999998,0.0015256675172591382,0.046722430185109125,-0.77
5.359999999999999,0.0015272178497151034,0.04796995387841534,-0.7799999999999991
5.369999999999999,0.0015285495141207177,0.04862216637249249,-0.78
5.379999999999999,0.0015295691921674767,0.04854286585279223,-0.7700000000000009
5.389999999999999,0.0015302016914598676,0.04761161318418505,-0.7799999999999991
5.399999999999999,0.0015303970340407097,0.04574613233284671,-0.78
5.41,0.0015301358264890306,0.04292256634665763,-0.78
5.419999999999998,0.0015294324934136928,0.0391892563266902,-0.78
5.43,0.0015283360548646722,0.03467059988569253,-0.7899999999999991
5.4399999999999995,0.0015269282314240734,0.02955945729551665,-0.7800000000000009
5.449999999999999,0.0015253187889691135,0.0240990040413811,-0.7899999999999991
5.459999999999999,0.001523638207234792,0.01855740835743753,-0.79
5.469999999999999,0.0015220279733610424,0.013200562168190374,-0.79
5.48,0.0015206290486631006,0.00826826011652376,-0.79
5.489999999999998,0.0015195693166329114,0.003957380568879795,-0.7999999999999992
5.5,0.0015189510756424727,0.0004129710018486064,-0.7900000000000009
5.509999999999998,0.0015188398590374882,-0.002273754323671909,-0.7999999999999992
5.52,0.0015192559877605556,-0.004062158175693952,-0.8
5.529999999999999,0.0015201702047374238,-0.004955519100737121,-0.8
5.539999999999999,0.0015215044290761974,-0.004993460278619225,-0.8
5.549999999999999,0.001523138066870076,-0.004246614558765667,-0.8
5.559999999999999,0.001524919481997394,-0.00281579487943743,-0.8
5.57,0.0015266813428144192,-0.0008350671807407257,-0.8099999999999992
5.579999999999998,0.0015282578611989141,0.001524997742421327,-0.8000000000000009
5.59,0.001529501622788207,0.004058533842869158,-0.8099999999999992
5.599999999999998,0.001530297843166526,0.006532744319277528,-0.81
5.609999999999999,0.0015305744133006364,0.0087031523141444,-0.81
5.619999999999999,0.0015303068501231736,0.010333674292352091,-0.81
5.629999999999999,0.001529518038391564,0.011219047566379314,-0.8199999999999991
5.639999999999999,0.0015282732888971728,0.011207026433737138,-0.8100000000000009
5.649999999999999,0.0015266716947236632,0.010217487059693981,-0.8199999999999991
5.66,0.0015248350500125306,0.00825575559798678,-0.82
5.669999999999998,0.001522895719898268,0.005418602981485585,-0.82
5.68,0.0015209848213344512,0.001892804402084196,-0.82
5.6899999999999995,0.0015192218976239394,-0.0020533535758773223,-0.82
5.699999999999999,0.0015177069623300181,-0.006085947297852555,-0.82
5.709999999999999,0.0015165153920238118,-0.009829443687127277,-0.8299999999999991
5.719999999999999,0.0015156957295744443,-0.01289841898945917,-0.8200000000000008
5.73,0.0015152700946473997,-0.014934073268285844,-0.8299999999999991
5.739999999999998,0.0015152366335051163,-0.015640751187879772,-0.83
5.75,0.0015155732858723296,-0.014817344516554197,-0.83
5.759999999999998,0.0015162420948657293,-0.012379424588431203,-0.83
5.77,0.0015171933353667578,-0.008369579814228445,-0.8399999999999991
5.779999999999999,0.0015183688926208958,-0.002955087305740872,-0.84
5.789999999999999,0.0015197045840172829,0.0035867215064781803,-0.84
5.799999999999999,0.0015211314579623054,0.010893924053783855,-0.84
5.809999999999999,0.001522576466860254,0.01855307637305862,-0.84
5.82,0.0015239632052067608,0.026134677615832005,-0.84
5.829999999999998,0.001525213525731977,0.03322537826406869,-0.84
5.84,0.001526250720371436,0.03945346798708994,-0.84
5.849999999999998,0.0015270045628417122,0.0445075723649754,-0.8499999999999991
5.859999999999999,0.0015274179241564932,0.04815055932301477,-0.85
5.869999999999999,0.0015274540485931793,0.0502304618483706,-0.85
5.879999999999999,0.0015271031171612765,0.05068871611927964,-0.85
5.889999999999999,0.0015263865966718664,0.04956453279405381,-0.85
5.899999999999999,0.0015253581485146868,0.04699369042318098,-0.8599999999999991
5.91,0.0015241004986844466,0.04320069210622801,-0.86
5.919999999999998,0.0015227184686470848,0.03848438270074484,-0.86
5.93,0.0015213290947576512,0.03319786576940613,-0.8500000000000009
5.9399999999999995,0.0015200502333208824,0.027723708128116444,-0.8599999999999991
5.949999999999999,0.0015189891860163144,0.022445606715232415,-0.86
5.959999999999999,0.0015182327212472752,0.017718362224307112,-0.86
5.969999999999999,0.0015178395175533027,0.0138386174726714,-0.86
5.979999999999999,0.0015178356426087316,0.011018800777615948,-0.8699999999999982
5.989999999999998,0.0015182132958458316,0.009366603111841697,-0.87
6.0,0.0015189327161281591,0.008872696047602966,-0.87
6.009999999999998,0.0015199268876466044,0.00940959387564786,-0.87
6.02,0.0015211084680138219,0.010743569841686068,-0.87
6.029999999999999,0.001522378220462068,0.012559404657298037,-0.87
6.039999999999999,0.0015236341600293394,0.014495398996744208,-0.8799999999999991
6.049999999999999,0.0015247806132603042,0.016184257992565298,-0.8700000000000009
6.059999999999999,0.0015257364294704778,0.01729435907157497,-0.8799999999999991
6.07,0.0015264416610995025,0.0175656984772735,-0.88
6.079999999999998,0.0015268621520407597,0.01683562327921988,-0.88
6.09,0.0015269916446234953,0.015050999405689438,-0.88
6.099999999999998,0.0015268512454499976,0.012265398039511582,-0.88
6.109999999999999,0.0015264863654520905,0.00862235745469857,-0.88
6.119999999999999,0.0015259615264679835,0.004328648412419747,-0.8899999999999991
6.129999999999999,0.00152535364467457,-0.00037635283316625516,-0.89
6.139999999999999,0.0015247445159444317,-0.005248615136036671,-0.89
6.149999999999999,0.0015242132305085788,-0.010059521692570687,-0.89
6.16,0.001523829156685208,-0.014605665918747639,-0.89
6.169999999999998,0.001523645997558125,-0.018709490388191283,-0.89
6.18,0.0015236972844851278,-0.022214684915654818,-0.8999999999999991
6.189999999999998,0.0015239935552401576,-0.024980968775304688,-0.9
6.199999999999999,0.0015245213765534052,-0.02688148500064723,-0.9
6.209999999999999,0.0015252442974240479,-0.02780400005814397,-0.9
6.219999999999999,0.001526105739959788,-0.027655835310167923,-0.9
6.229999999999999,0.0015270337261673204,-0.026372189397825922,-0.9
6.239999999999998,0.0015279471822024558,-0.02392761631886841,-0.9
6.25,0.0015287633489815841,-0.02034996997408459,-0.9
6.259999999999998,0.0015294055846698006,-0.015734623899947817,-0.9099999999999991
6.27,0.0015298106394361802,-0.010255088241890996,-0.91
6.279999999999999,0.001529934411265267,-0.004165812655344813,-0.91
6.289999999999999,0.0015297553344061365,0.002205630884577252,-0.91
6.299999999999999,0.0015292749366250268,0.008477698275796192,-0.91
6.309999999999999,0.0015285156683459329,0.014244277890658298,-0.91
6.32,0.0015275166989874081,0.019111726270550734,-0.9199999999999992
6.329999999999998,0.0015263287909176911,0.022739273342279195,-0.92
6.34,0.0015250094464625324,0.024877172483665503,-0.92
6.349999999999998,0.0015236192382403115,0.02539652668762603,-0.92
6.359999999999999,0.001522219664340431,0.024305441300134244,-0.92
6.369999999999999,0.0015208722123201868,0.02174815311975717,-0.92
6.379999999999999,0.001519637807238694,0.017987006314682665,-0.9299999999999992
6.389999999999999,0.0015185756424981917,0.01337082764862389,-0.93
6.399999999999999,0.00151774061323357,0.008296160984391373,-0.93
6.41,0.0015171791210020198,0.0031688239040291097,-0.9200000000000009
6.419999999999998,0.0015169237078643397,-0.0016281725182568669,-0.9299999999999992
6.43,0.0015169875660429454,-0.0057575099835186,-0.93
6.439999999999998,0.0015173602576753205,-0.008941912590518653,-0.9399999999999982
6.449999999999999,0.001518005877960649,-0.010972871000921298,-0.94
6.459999999999999,0.0015188644417351192,-0.01171663191475355,-0.94
6.469999999999999,0.0015198566195298415,-0.011118269124428617,-0.94
6.479999999999999,0.0015208912963590854,-0.00920251359865763,-0.94
6.489999999999998,0.0015218749333861072,-0.006069866774903781,-0.94
6.5,0.0015227214460992158,-0.0018881989329010928,-0.94
6.509999999999998,0.001523361266756262,0.0031185066877916466,-0.9499999999999991
6.52,0.0015237483930388527,0.008682861059509243,-0.95
6.529999999999999,0.0015238644938009613,0.014508127992304476,-0.95
6.539999999999999,0.0015237195171320752,0.02028415860612557,-0.95
6.549999999999999,0.001523348709474362,0.025705077264331,-0.95
6.559999999999999,0.0015228064720489093,0.030487490386237687,-0.95
6.57,0.001522157971500147,0.034387394799517974,-0.95
6.579999999999998,0.0015214697783683033,0.037214158721940775,-0.9599999999999991
6.59,0.0015208009471414004,0.038840494640240496,-0.96
6.599999999999998,0.001520195849084246,0.039207706119676444,-0.96
6.609999999999999,0.0015196797543670611,0.03832575413673575,-0.96
6.619999999999999,0.001519257705958779,0.036268232630691725,-0.96
6.629999999999999,0.0015189167210959479,0.0331630053501734,-0.96
6.639999999999999,0.0015186308633787738,0.029179365595300488,-0.96
6.649999999999999,0.0015183682875146067,0.024511980271159164,-0.9699999999999982
6.66,0.0015180990065421414,0.019361673595395392,-0.97
6.669999999999998,0.0015178019321870745,0.013914544390991608,-0.97
6.68,0.0015174697751683282,0.008323288725840799,-0.97
6.689999999999998,0.0015171107273281258,0.0026954906464406493,-0.97
6.699999999999999,0.0015167464855316579,-0.002908248160342314,-0.97
6.709999999999999,0.0015164070225516645,-0.00846672451639267,-0.9799999999999991
6.719999999999999,0.0015161233513040213,-0.013983665226246379,-0.98
6.729999999999999,0.0015159200989516533,-0.01946925723604506,-0.98
6.739999999999998,0.0015158097967924507,-0.02492030827463761,-0.9700000000000009
6.75,0.001515790331909134,-0.030302201430886896,-0.9799999999999991
6.759999999999998,0.0015158461063400478,-0.035536610797258825,-0.98
6.77,0.001515952387745249,-0.04049836224772642,-0.98
6.779999999999999,0.0015160814661069767,-0.04502234528435636,-0.9899999999999991
6.789999999999999,0.0015162088310039555,-0.048918445407427846,-0.99
6.799999999999999,0.0015163177550922855,-0.051990912595831336,-0.99
6.809999999999999,0.0015164013208663397,-0.05405895642828571,-0.99
6.82,0.0015164618075626474,-0.054976679263829216,-0.99
6.829999999999998,0.0015165081444461187,-0.05465120588400152,-0.99
6.84,0.0015165525853570697,-0.05305748947359842,-0.99
6.849999999999998,0.001516607768083319,-0.05024769975012648,-0.9999999999999991
6.859999999999999,0.0015166849484750935,-0.046353312024602855,-0.9900000000000018
6.869999999999999,0.0015167936243723813,-0.0415787789442423,-0.9999999999999991
6.879999999999999,0.0015169422192168667,-0.03618630863765053,-1.0
6.889999999999999,0.001517139161308597,-0.030471949113988477,-1.0
6.899999999999999,0.0015173936465775095,-0.024734704755991606,-1.0
6.91,0.0015177155789001,-0.01924290988550086,-1.0099999999999991
6.919999999999998,0.001518114531974864,-0.014204071715533562,-1.01
6.93,0.0015185979285183603,-0.00974412093955172,-1.01
6.939999999999998,0.0015191688717459074,-0.00589975524859065,-1.01
6.949999999999999,0.0015198241391065467,-0.0026250525695229315,-1.01
6.959999999999999,0.0015205527706944912,0.00018871694227867218,-1.01
6.969999999999999,0.0015213355143524933,0.002683821920178571,-1.0199999999999991
6.979999999999999,0.0015221452051868698,0.005003679522089008,-1.0100000000000018
6.989999999999998,0.0015229480203914764,0.007264268389631437,-1.0199999999999991
7.0,0.0015237054842033096,0.009534064817089617,-1.02
7.009999999999998,0.0015243770902927077,0.011823959160706074,-1.02
7.02,0.0015249234241966805,0.01408652599408118,-1.02
7.029999999999999,0.0015253096640669452,0.016223563484441553,-1.02
7.039999999999999,0.0015255092845438281,0.0181011182695767,-1.0299999999999991
7.049999999999999,0.001525507682117331,0.01957136450446928,-1.03
7.059999999999999,0.001525305305639816,0.02049988574336935,-1.03
7.0699999999999985,0.0015249197624799269,0.020794815218630053,-1.03
7.079999999999998,0.0015243863406336742,0.020432020603566282,-1.03
7.09,0.0015237564919749979,0.0194700141998243,-1.03
7.099999999999998,0.0015230940829241131,0.018050450638326863,-1.03
7.109999999999999,0.0015224696055451913,0.01638385095597092,-1.0399999999999983
7.119999999999999,0.001521952963626525,0.014723682710526657,-1.04
7.129999999999999,0.0015216057821265743,0.01333415386949434,-1.04
7.139999999999999,0.0015214743341513109,0.0124578457853064,-1.04
7.149999999999999,0.0015215840961175055,0.012288519772045642,-1.04
7.16,0.0015219366562432349,0.012952397701551729,-1.04
7.169999999999998,0.001522509301214884,0.01449878542095804,-1.04
7.18,0.001523257201935444,0.016899021283834515,-1.0499999999999992
7.189999999999998,0.0015241177943133262,0.020051959122074907,-1.05
7.199999999999999,0.0015250167352626226,0.02379422098097972,-1.05
7.209999999999999,0.0015258747023261937,0.027913564477955954,-1.05
7.219999999999999,0.0015266142835541304,0.03216386293190572,-1.05
7.229999999999999,0.00152716626234611,0.03628067973236089,-1.05
7.239999999999998,0.0015274747353693449,0.03999705811883303,-1.0599999999999992
7.25,0.001527500704431176,0.04305959199921879,-1.06
7.259999999999998,0.0015272240315469304,0.04524472481689472,-1.06
7.27,0.0015266438881279384,0.04637419915298591,-1.06
7.279999999999998,0.001525777999755893,0.046327164147787175,-1.06
7.289999999999999,0.0015246610448178114,0.045046129859128606,-1.06
7.299999999999999,0.0015233425071200877,0.04253561383944493,-1.06
7.309999999999999,0.001521884145896915,0.03885498771903911,-1.0699999999999992
7.3199999999999985,0.0015203570923981453,0.03410883351755591,-1.07
7.329999999999998,0.0015188384782006776,0.028438150179943434,-1.060000000000001
7.34,0.001517407499405783,0.022014446425482257,-1.0699999999999992
7.349999999999998,0.0015161409430195138,0.015036943231635002,-1.07
7.359999999999999,0.001515108421042507,0.007731446784657923,-1.07
7.369999999999999,0.0015143677989020118,0.0003483874454412106,-1.07
7.379999999999999,0.0015139614657171633,-0.006842676323036615,-1.0799999999999992
7.389999999999999,0.0015139140864237138,-0.013563826957933865,-1.08
7.399999999999999,0.001514232261402013,-0.01954457221178848,-1.08
7.41,0.0015149061339850794,-0.024540502111338586,-1.08
7.419999999999998,0.0015159125461664438,-0.028352068838113545,-1.08
7.43,0.0015172190003410716,-0.03084133973604909,-1.08
7.439999999999998,0.0015187875528067476,-0.03194542285413214,-1.08
7.449999999999999,0.0015205778723979618,-0.031685468361094,-1.0899999999999992
7.459999999999999,0.0015225489962286324,-0.030169663368865424,-1.09
7.469999999999999,0.0015246597021235533,-0.027588459995812643,-1.09
7.479999999999999,0.001526867774144297,-0.024201133032057585,-1.09
7.489999999999998,0.0015291286678370559,-0.020314150478983602,-1.09
7.5,0.0015313941404876863,-0.016253045209768714,-1.09
7.509999999999998,0.0015336113115032564,-0.012330402368878125,-1.09
7.52,0.0015357224229866587,-0.008813302075250828,-1.0999999999999992
7.529999999999998,0.001537665369267809,-0.005894050179533972,-1.1
7.539999999999999,0.0015393749301499293,-0.0036683102323973875,-1.1
7.549999999999999,0.0015407846080370373,-0.0021248078981693456,-1.090000000000001
7.559999999999999,0.0015418290183433863,-0.0011501057765012845,-1.0999999999999992
7.5699999999999985,0.0015424468594201178,-0.0005496591188830232,-1.1
7.579999999999998,0.0015425845228051118,-8.259922514681101e-05,-1.1099999999999992
7.59,0.0015422003522698807,0.0004958656046742473,-1.11
7.599999999999998,0.0015412694200415333,0.0013923181280820647,-1.11
7.609999999999999,0.0015397884924582632,0.0027409476837314127,-1.11
7.619999999999999,0.0015377806512848137,0.004583326900973436,-1.11
7.629999999999999,0.001535298872170184,0.006865351043026662,-1.11
7.639999999999999,0.001532427790179839,0.009450793815066359,-1.11
7.649999999999999,0.0015292829464073595,0.012147282639849913,-1.11
7.66,0.0015260070223681447,0.01473860421722422,-1.1199999999999992
7.669999999999998,0.0015227629002264825,0.017017635341222397,-1.12
7.68,0.0015197237797211131,0.01881568072602922,-1.12
7.689999999999998,0.001517060986524934,0.020025233701316782,-1.12
7.699999999999999,0.0015149304906147546,0.020613731342350734,-1.12
7.709999999999999,0.001513459484706442,0.02062621651552402,-1.12
7.719999999999999,0.0015127345951558848,0.020175780352281784,-1.129999999999999
7.729999999999999,0.001512793330726025,0.019422609094937628,-1.13
7.739999999999998,0.0015136201368229822,0.018544860625672368,-1.13
7.75,0.001515147870268637,0.017706470597724677,-1.120000000000001
7.759999999999998,0.0015172646938827077,0.017027784382911918,-1.129999999999999
7.77,0.0015198254907988274,0.01656485601450458,-1.13
7.779999999999998,0.0015226661609396214,0.016302481704427097,-1.13
7.789999999999999,0.0015256187724487847,0.016163711844089153,-1.139999999999999
7.799999999999999,0.0015285255549812875,0.016034147072735632,-1.14
7.809999999999999,0.0015312500803947528,0.015794379386495548,-1.14
7.8199999999999985,0.001533684551280276,0.015351483395586504,-1.14
7.829999999999998,0.001535752765532868,0.01466191230380559,-1.14
7.84,0.001537408942102141,0.013742042368965772,-1.14
7.849999999999998,0.0015386331310712213,0.012666492067870556,-1.14
7.859999999999999,0.001539424361751926,0.011556966752542959,-1.1499999999999981
7.869999999999999,0.0015397929580453615,0.010565488423216958,-1.15
7.879999999999999,0.0015397535103714006,0.009855401952957676,-1.15
7.889999999999999,0.001539319801532292,0.009582029709658097,-1.15
7.899999999999999,0.0015385025541640937,0.009873464511608955,-1.15
7.909999999999998,0.0015373102707902195,0.010811762741111753,-1.15
7.919999999999998,0.0015357527936554149,0.012415935112096028,-1.15
7.93,0.0015338466604163758,0.014629838099389175,-1.159999999999999
7.939999999999998,0.0015316209901657352,0.017318905703378653,-1.16
7.949999999999999,0.001529122563491675,0.020278540055661962,-1.16
7.959999999999999,0.0015264189506459,0.023254077757050705,-1.16
7.969999999999999,0.0015235989141219129,0.02596909650900301,-1.16
7.979999999999999,0.0015207697531946288,0.028157084880571125,-1.16
7.989999999999998,0.001518051679076673,0.029591421488495338,-1.16
8.0,0.0015155696716825527,0.030109327714859593,-1.169999999999999
8.009999999999998,0.0015134435662463091,0.029626481004754922,-1.17
8.02,0.0015117773479799508,0.028140432584044046,-1.17
8.03,0.0015106487840459803,0.025722815589946844,-1.17
8.04,0.0015101005724112615,0.02250212767449238,-1.17
8.049999999999999,0.001510134112904424,0.018640204885339927,-1.17
8.059999999999999,0.001510706800407325,0.014306346790118465,-1.17
8.069999999999999,0.0015117334273219685,0.009653614100035124,-1.1799999999999982
8.079999999999998,0.00151309190098337,0.004801860781582479,-1.18
8.089999999999998,0.0015146330536239345,-0.00016898661814720872,-1.18
8.1,0.001516193850419672,-0.005214138128177422,-1.17
8.11,0.0015176128082136193,-0.010309469145854618,-1.18
8.12,0.0015187460038255593,-0.015432366298426285,-1.18
8.129999999999999,0.0015194817964691255,-0.020544525606021536,-1.18
8.139999999999999,0.0015197524181250685,-0.0255820124182609,-1.1899999999999982
8.149999999999999,0.0015195409406390651,-0.03045415237895387,-1.19
8.159999999999998,0.001518882760480211,-0.03504912176822654,-1.1800000000000017
8.169999999999998,0.0015178615097990824,-0.03924262537747096,-1.1899999999999982
8.179999999999998,0.001516600023262428,-0.04290684022572471,-1.19
8.19,0.0015152475287417777,-0.04591841749449059,-1.19
8.2,0.0015139645413162091,-0.04816577277305757,-1.2
8.209999999999999,0.001512907046512176,-0.04955676154708454,-1.2
8.219999999999999,0.0015122115087863432,-0.05002755244836939,-1.1900000000000017
8.229999999999999,0.0015119820805498485,-0.049552060869506864,-1.1999999999999982
8.239999999999998,0.001512281140325889,-0.04814991401362562,-1.2
8.249999999999998,0.0015131239613577247,-0.04589077804190219,-1.2
8.259999999999998,0.001514477914787468,-0.042893801014103755,-1.2
8.27,0.0015162661815820893,-0.039321854807139484,-1.21
8.28,0.0015183755354857627,-0.03537076938648306,-1.21
8.29,0.0015206673960491762,-0.03125424255607682,-1.21
8.299999999999999,0.0015229910386271679,-0.027185648178809974,-1.21
8.309999999999999,0.0015251975930316603,-0.02335825454647648,-1.21
8.319999999999999,0.0015271533055314166,-0.01992567642859291,-1.21
8.329999999999998,0.0015287505501660292,-0.016985132211206518,-1.21
8.339999999999998,0.001529915318098291,-0.01456666460871204,-1.21
8.349999999999998,0.0015306104069473553,-0.012630780338944792,-1.2199999999999982
8.36,0.001530834216270293,-0.011074936364214602,-1.21
8.37,0.0015306157802304717,-0.009747290455560035,-1.22
8.379999999999999,0.0015300072434058147,-0.008465244146071764,-1.22
8.389999999999999,0.0015290752714299776,-0.0070363749987290836,-1.22
8.399999999999999,0.0015278928478418337,-0.005279834006972743,-1.22
8.409999999999998,0.0015265325957415888,-0.0030469547600829416,-1.2299999999999982
8.419999999999998,0.0015250622872848942,-0.00024036328811048656,-1.2200000000000017
8.429999999999998,0.0015235426914145661,0.0031692494157256413,-1.2299999999999982
8.44,0.0015220274607848961,0.007130533902563199,-1.23
8.45,0.001520564428462171,0.01150623201573156,-1.23
8.459999999999999,0.0015191974961793766,0.01607891514952598,-1.23
8.469999999999999,0.0015179682556864082,0.020570111060087732,-1.23
8.479999999999999,0.0015169165931946222,0.02467227932368743,-1.23
8.489999999999998,0.0015160797778469106,0.02808925810957697,-1.2399999999999982
8.499999999999998,0.0015154899083953774,0.030577560595171645,-1.2300000000000018
8.509999999999998,0.0015151700367093913,0.03198000142602586,-1.2399999999999982
8.52,0.0015151297098936172,0.032245174776304175,-1.24
8.53,0.0015153609599644709,0.031430162185353265,-1.24
8.54,0.001515835824992119,0.029687784723561542,-1.24
8.549999999999999,0.001516506266316018,0.027242444131268095,-1.2499999999999982
8.559999999999999,0.001517306890375451,0.024359671837006117,-1.2400000000000018
8.569999999999999,0.0015181603135264862,0.021314261025772108,-1.2499999999999982
8.579999999999998,0.001518984488169163,0.0183609365980505,-1.25
8.589999999999998,0.0015197009686756288,0.015710502896092344,-1.25
8.599999999999998,0.0015202429880480004,0.01351361999506363,-1.25
8.61,0.0015205623200013174,0.011853616480017197,-1.25
8.62,0.001520634146743634,0.010748688383082771,-1.26
8.629999999999999,0.0015204594563951637,0.010162474993481907,-1.26
8.639999999999999,0.001520064796212801,0.010020619877412835,-1.26
8.649999999999999,0.0015194994864771712,0.010229748724519707,-1.26
8.659999999999998,0.0015188306495002109,0.010694748816548688,-1.26
8.669999999999998,0.001518136614991184,0.011331061178257804,-1.26
8.679999999999998,0.0015174994034380075,0.012070971561540305,-1.26
8.69,0.0015169970445075352,0.012865189085542525,-1.27
8.7,0.001516696454676018,0.013681799995983485,-1.27
8.709999999999999,0.0015166474920169082,0.01450407851648965,-1.2600000000000018
8.719999999999999,0.001516878655188322,0.0153275256869686,-1.2699999999999982
8.729999999999999,0.0015173947292016206,0.016155279206542247,-1.27
8.739999999999998,0.0015181765192422449,0.016990243254654498,-1.27
8.749999999999998,0.0015191826546667958,0.01782303411867806,-1.27
8.759999999999998,0.0015203532846732306,0.018617441240445808,-1.2799999999999983
8.769999999999998,0.0015216153340172332,0.019298138121689103,-1.28
8.78,0.0015228888603799528,0.019746665965479113,-1.28
8.79,0.0015240939685441835,0.01981018861197189,-1.28
8.799999999999999,0.0015251576924917658,0.01932378181041117,-1.28
8.809999999999999,0.0015260202513408586,0.01814247460901745,-1.28
8.819999999999999,0.0015266401182627727,0.016175674595146846,-1.28
8.829999999999998,0.00152699741954776,0.013415764207172505,-1.28
8.839999999999998,0.0015270953157276357,0.009954922812570299,-1.2899999999999983
8.849999999999998,0.0015269592167706971,0.005987931426079959,-1.29
8.86,0.0015266339363409706,0.001801589045371605,-1.29
8.87,0.001526179150326234,-0.0022476264019624004,-1.29
8.879999999999999,0.0015256637289078777,-0.005766070009290358,-1.29
8.889999999999999,0.0015251596118144677,-0.008363471222823236,-1.29
8.899999999999999,0.001524735880784554,-0.009697618519872778,-1.2999999999999983
8.909999999999998,0.0015244535713769577,-0.009517503576793242,-1.2900000000000018
8.919999999999998,0.0015243615976869983,-0.00769878767817772,-1.2999999999999983
8.929999999999998,0.0015244939811208105,-0.004266630721612973,-1.3
8.94,0.0015248684063967207,0.0005971391378091787,-1.3
8.95,0.0015254859837256119,0.0065638466562650865,-1.3
8.959999999999999,0.0015263319803354818,0.013184755677779285,-1.3099999999999983
8.969999999999999,0.0015273772116397662,0.019933107372470844,-1.3000000000000018
8.979999999999999,0.001528579773260085,0.026257351685246472,-1.3099999999999983
8.989999999999998,0.0015298868611073534,0.03163912107586236,-1.31
8.999999999999998,0.0015312365585956797,0.03564818659193621,-1.31
9.009999999999998,0.0015325596363988437,0.037986954133242025,-1.31
9.019999999999998,0.001533781561740461,0.03851868677810034,-1.31
9.03,0.0015348249976127532,0.03727634744489385,-1.31
9.04,0.0015356130496715294,0.03445247526548655,-1.32
9.049999999999999,0.0015360733812754964,0.030373566974183322,-1.32
9.059999999999999,0.0015361430906906388,0.025463732839742393,-1.32
9.069999999999999,0.0015357739861643145,0.020202178643464547,-1.32
9.079999999999998,0.001534937679671939,0.015078547305361383,-1.32
9.089999999999998,0.0015336298187604406,0.010549968362637475,-1.32
9.099999999999998,0.0015318728297248302,0.007003374538549839,-1.32
9.11,0.0015297167451629957,0.00472573223424211,-1.33
9.12,0.001527237965642901,0.0038838008564654517,-1.33
9.129999999999999,0.0015245360604329628,0.004514702167072079,-1.33
9.139999999999999,0.0015217288747035006,0.006528578326110089,-1.33
9.149999999999999,0.0015189462664751806,0.009723720319773399,-1.33
9.159999999999998,0.001516322779904335,0.013812386554945273,-1.33
9.169999999999998,0.0015139895310388705,0.018453314079285955,-1.3399999999999983
9.179999999999998,0.0015120655974666822,0.0232861861127723,-1.34
9.189999999999998,0.0015106493006745603,0.027964185674570954,-1.34
9.2,0.0015098099479650576,0.032182042009048506,-1.34
9.209999999999999,0.0015095808169505336,0.0356976202553868,-1.34
9.219999999999999,0.0015099543412474287,0.03834509470659812,-1.34
9.229999999999999,0.0015108804924413785,0.040038044210345944,-1.34
9.239999999999998,0.0015122691596731435,0.040762366151376205,-1.3499999999999983
9.249999999999998,0.0015139968578426494,0.040561272050088415,-1.35
9.259999999999998,0.0015159173956377009,0.03951637862546013,-1.35
9.269999999999998,0.0015178753722305282,0.037729380520414614,-1.35
9.28,0.001519720777523813,0.03530815650642176,-1.35
9.29,0.0015213227295860722,0.03235947017571692,-1.35
9.299999999999999,0.0015225805599032034,0.028987960244841668,-1.35
9.309999999999999,0.0015234309894668575,0.02529905781482345,-1.3599999999999983
9.319999999999999,0.0015238508602203361,0.02140303085676834,-1.36
9.329999999999998,0.0015238555940074758,0.017418316155405792,-1.36
9.339999999999998,0.0015234940963870843,0.01347327306695349,-1.36
9.349999999999998,0.0015228411529960109,0.009705721429792041,-1.36
9.36,0.0015219884958081972,0.006259484438864938,-1.36
9.37,0.001521035681328907,0.0032771691332077703,-1.36
9.379999999999999,0.0015200817571736625,0.000888973487814738,-1.3699999999999983
9.389999999999999,0.0015192184268015226,-0.0008012521125922244,-1.37
9.399999999999999,0.0015185250838502997,-0.001729647523342607,-1.37
9.409999999999998,0.0015180657226135186,-0.001881930766756607,-1.37
9.419999999999998,0.0015178874102763423,-0.0012964009867213304,-1.37
9.429999999999998,0.001518019808810756,-6.003796612614573e-05,-1.37
9.439999999999998,0.0015184752127238906,0.001701095261702786,-1.37
9.45,0.0015192487260350155,0.0038355035722750053,-1.38
9.459999999999999,0.0015203184862567227,0.006182071647064575,-1.3700000000000019
9.469999999999999,0.0015216461564940766,0.008585543009507394,-1.3799999999999981
9.479999999999999,0.001523178130819677,0.010908725072440097,-1.3700000000000019
9.489999999999998,0.0015248479350949984,0.013038939736694706,-1.3799999999999981
9.499999999999998,0.0015265801127781972,0.014887783964903208,-1.38
9.509999999999998,0.001528295500717699,0.01638521325775137,-1.3899999999999981
9.519999999999998,0.0015299173474579897,0.017470368567816696,-1.39
9.53,0.0015313773739245107,0.018082213604574893,-1.39
9.54,0.0015326207595439169,0.01815327829972583,-1.39
9.549999999999999,0.001533609208311829,0.017609570913800374,-1.39
9.559999999999999,0.0015343216635250417,0.016378552763932477,-1.39
9.569999999999999,0.0015347527648419815,0.014404776644073407,-1.39
9.579999999999998,0.001534909610270393,0.011669982290771935,-1.39
9.589999999999998,0.0015348076737958136,0.008212488437211741,-1.3999999999999981
9.599999999999998,0.0015344667939592462,0.0041407976954622484,-1.4
9.609999999999998,0.00153390801562609,-0.00036176793616727275,-1.4
9.62,0.0015331518006457795,-0.005042369122553012,-1.4
9.629999999999999,0.00153221779872635,-0.00959365003239903,-1.4
9.639999999999999,0.0015311260515973209,-0.013677746278027885,-1.4
9.649999999999999,0.001529899233452483,-0.01695768434444323,-1.4099999999999981
9.659999999999998,0.0015285653344973783,-0.019132911527509053,-1.4000000000000017
9.669999999999998,0.0015271600908326785,-0.019974255320726875,-1.4099999999999981
9.679999999999998,0.0015257284685930128,-0.019352938328897524,-1.4000000000000017
9.689999999999998,0.00152432463514683,-0.0172583678010096,-1.4099999999999981
9.7,0.0015230100953677968,-0.013800659948516179,-1.41
9.709999999999999,0.001521850007920112,-0.009196690618576107,-1.41
9.719999999999999,0.001520908057078186,-0.00374223047766748,-1.41
9.729999999999999,0.001520240548969058,0.0022241800703904544,-1.4199999999999982
9.739999999999998,0.0015198905498953108,0.00835855399178888,-1.4100000000000017
9.749999999999998,0.0015198828531108668,0.014343209841144268,-1.4199999999999982
9.759999999999998,0.0015202203701202626,0.019908333515434543,-1.42
9.769999999999998,0.001520882270275628,0.024842604968953463,-1.42
9.78,0.001521823938741751,0.028995786225264754,-1.42
9.79,0.0015229786593972314,0.03227724813445396,-1.42
9.799999999999999,0.0015242608706865978,0.03465305073874539,-1.42
9.809999999999999,0.0015255708558187461,0.03614242377313825,-1.4299999999999982
9.819999999999999,0.0015268007548204033,0.036813660161886544,-1.4200000000000017
9.829999999999998,0.0015278417614437787,0.0367793022264199,-1.4299999999999982
9.839999999999998,0.0015285922477026063,0.03619040173353036,-1.43
9.849999999999998,0.0015289663340916193,0.03522941819902818,-1.43
9.859999999999998,0.0015289021349804053,0.03410106351263245,-1.43
9.87,0.001528368648952336,0.033020133044707266,-1.44
9.879999999999999,0.0015273701544840325,0.03219537465084916,-1.44
9.889999999999999,0.0015259471190031447,0.031809129389493936,-1.44
9.899999999999999,0.0015241730807831425,0.031993807801878146,-1.44
9.909999999999998,0.0015221476608587138,0.03280792242705903,-1.44
9.919999999999998,0.0015199866265262494,0.03421608045109365,-1.44
9.929999999999998,0.0015178105181006183,0.03607849582608812,-1.4499999999999982
9.939999999999998,0.0015157335782588844,0.038155127685477144,-1.45
9.95,0.0015138545271977907,0.0401268031700437,-1.45
9.959999999999999,0.001512250182935845,0.04163165689860588,-1.45
9.969999999999999,0.0015109722220990856,0.042311899382170615,-1.45
9.979999999999999,0.00151004674086783,0.041864090443631125,-1.45
9.989999999999998,0.0015094758786557212,0.04008516174744569,-1.45
9.999999999999998,0.001509240666540032,0.03690621404707231,-1.4599999999999982
10.009999999999998,0.0015093044150720732,0.0324073215791035,-1.4500000000000017
10.019999999999998,0.0015096162520905438,0.026809748417119993,-1.4599999999999982
10.029999999999998,0.0015101147269413716,0.02044664758409522,-1.46
10.04,0.0015107316024500753,0.013718056549351708,-1.46
10.049999999999999,0.0015113960027189498,0.007039200272239725,-1.46
10.059999999999999,0.001512038977750117,0.0007918362034312484,-1.46
10.069999999999999,0.0015125983451675714,-0.0047133043077288205,-1.4699999999999982
10.079999999999998,0.001513023462941259,-0.009258219109080666,-1.47
10.089999999999998,0.0015132794490807047,-0.012722527744897717,-1.47
10.099999999999998,0.0015133503304592193,-0.015074037194530276,-1.47
10.109999999999998,0.001513240672028225,-0.016350090222696855,-1.47
10.12,0.0015129753832564786,-0.01663595341842326,-1.47
10.129999999999999,0.001512597586084625,-0.016045401615019692,-1.47
10.139999999999999,0.0015121646341544927,-0.014705887997264971,-1.4799999999999982
10.149999999999999,0.0015117425872136128,-0.012748299337706713,-1.4700000000000017
10.159999999999998,0.0015113996557547795,-0.01030056880800997,-1.4799999999999982
10.169999999999998,0.0015111993085300094,-0.007484531165663154,-1.48
10.179999999999998,0.0015111938344424918,-0.004415085838467621,-1.48
10.189999999999998,0.0015114191306770705,-0.001200322558980418,-1.48
10.2,0.0015118913346712202,0.002058079227136309,-1.48
10.209999999999999,0.0015126056494923889,0.005263381143875371,-1.4899999999999982
10.219999999999999,0.0015135373913107801,0.00831981423187226,-1.49
10.229999999999999,0.0015146449922308007,0.011125898134183056,-1.4800000000000018
10.239999999999998,0.001515874478500554,0.01356709634360296,-1.4899999999999982
10.249999999999998,0.0015171648296448809,0.015511472884550527,-1.49
10.259999999999998,0.0015184535968716351,0.016812029829933323,-1.49
10.269999999999998,0.0015196821989891197,0.01731783954699642,-1.49
10.279999999999998,0.001520800403123416,0.016893652244211663,-1.4999999999999982
10.29,0.0015217696240853735,0.015445320638123941,-1.49
10.299999999999999,0.0015225648326148747,0.012946561138204332,-1.4999999999999982
10.309999999999999,0.001523175036059922,0.009461224828072214,-1.5
10.319999999999999,0.0015236024604129783,0.005155026180287168,-1.5
10.329999999999998,0.001523860690196311,0.00029254120591271977,-1.5
10.339999999999998,0.001523972093837907,-0.004781217056132549,-1.5099999999999982
10.349999999999998,0.0015239648769190314,-0.00967205935500541,-1.5000000000000018
10.359999999999998,0.0015238700764245664,-0.013976342953050816,-1.5099999999999982
10.37,0.001523718751541126,-0.01732396030948502,-1.51
10.379999999999999,0.0015235395549212695,-0.01941841714261606,-1.51
10.389999999999999,0.0015233567943962944,-0.0200671781753567,-1.51
10.399999999999999,0.0015231890277377848,-0.019196947865528384,-1.51
10.409999999999998,0.0015230481781953551,-0.016852504015669147,-1.51
10.419999999999998,0.001522939119420985,-0.013182172174606379,-1.5199999999999982
10.429999999999998,0.001522859655953633,-0.00841581682856995,-1.5100000000000018
10.439999999999998,0.0015228008188163163,-0.002841404832614045,-1.5199999999999982
10.45,0.001522747402942444,0.003215855806325282,-1.52
10.459999999999999,0.0015226786915806352,0.009410887387781954,-1.52
10.469999999999999,0.001522569340204657,0.015394383322013204,-1.52
10.479999999999999,0.0015223904273113326,0.020829548863705312,-1.5299999999999983
10.489999999999998,0.0015221107212041354,0.025411917725853723,-1.53
10.499999999999998,0.0015216982574625451,0.028892218213989077,-1.53
10.509999999999998,0.0015211223583159585,0.031100241417003297,-1.53
10.519999999999998,0.0015203562249597768,0.031966230707276465,-1.53
10.529999999999998,0.001519380163632864,0.03153554716919721,-1.53
10.54,0.001518185345682402,0.02997237339993321,-1.54
10.549999999999999,0.0015167777595500476,0.02754939466428781,-1.54
10.559999999999999,0.0015151817370746086,0.02462286642715999,-1.54
10.569999999999999,0.0015134422170537565,0.021595529148003376,-1.54
10.579999999999998,0.0015116248535589297,0.018872420834298877,-1.54
10.589999999999998,0.001509813271296562,0.01681609194520797,-1.54
10.599999999999998,0.001508103240969995,0.01570777560545686,-1.54
10.609999999999998,0.001506594224345395,0.015719718742340977,-1.54
10.62,0.0015053794443984378,0.01690142674655255,-1.55
10.629999999999999,0.0015045361380546776,0.019179708227351055,-1.55
10.639999999999999,0.0015041177571505917,0.022370190228144935,-1.55
10.649999999999999,0.0015041495230725204,0.02619713786286612,-1.55
10.659999999999998,0.0015046279896831303,0.03031880954666021,-1.55
10.669999999999998,0.0015055243534656108,0.03435655520590704,-1.55
10.679999999999998,0.0015067904595830225,0.03792662382374918,-1.5599999999999983
10.689999999999998,0.0015083660073607233,0.040673496822618144,-1.56
10.699999999999998,0.0015101854315940904,0.042302478866063906,-1.5500000000000018
10.709999999999999,0.0015121832669949607,0.042607900259615854,-1.5599999999999983
10.719999999999999,0.001514297345688716,0.04149241223925408,-1.56
10.729999999999999,0.0015164697576634807,0.038973357524494295,-1.56
10.739999999999998,0.0015186459826104324,0.03517469302555902,-1.56
10.749999999999998,0.0015207729079194543,0.030306800795419954,-1.5699999999999983
10.759999999999998,0.0015227965706023912,0.024639702129199866,-1.5600000000000018
10.769999999999998,0.001524660427231454,0.01847584003543318,-1.5699999999999983
10.779999999999998,0.0015263048086972745,0.012126838344281908,-1.5600000000000018
10.79,0.0015276679956669822,0.005896049069739339,-1.57
10.799999999999999,0.0015286890842046502,6.637051709912336e-05,-1.57
10.809999999999999,0.001529312520601027,-0.005108758147283324,-1.57
10.819999999999999,0.0015294938931700683,-0.009413451545611039,-1.57
10.829999999999998,0.0015292063051051419,-0.012677524491772356,-1.5799999999999983
10.839999999999998,0.0015284464500243701,-0.014784100721156565,-1.58
10.849999999999998,0.0015272394047894694,-0.015675663117463597,-1.58
10.859999999999998,0.0015256411681230549,-0.015358297394434393,-1.58
10.87,0.0015237381186772505,-0.013904651499378116,-1.58
10.879999999999999,0.0015216428438567513,-0.01145582421245021,-1.58
10.889999999999999,0.0015194862056026274,-0.008221204499208936,-1.5899999999999983
10.899999999999999,0.001517406060027787,-0.004473957598999486,-1.59
10.909999999999998,0.0015155336852473236,-0.0005389385427115634,-1.59
10.919999999999998,0.0015139795683047164,0.0032296466623160146,-1.5800000000000018
10.929999999999998,0.0015128205823593474,0.006480454073794191,-1.5899999999999983
10.939999999999998,0.001512090601334412,0.00890219649607298,-1.59
10.949999999999998,0.0015117761910068501,0.010258028551225795,-1.59
10.959999999999999,0.0015118182432330876,0.01041016327473566,-1.59
10.969999999999999,0.0015121194648746775,0.009331541728985803,-1.5999999999999983
10.979999999999999,0.0015125567307265834,0.007105449877246771,-1.5900000000000019
10.989999999999998,0.0015129966416277123,0.003916104159197115,-1.5999999999999983
10.999999999999998,0.001513312266635409,3.292609650283745e-05,-1.6
11.009999999999998,0.0015133989792766398,-0.004210359625799045,-1.6
11.019999999999998,0.0015131874735620626,-0.008441809846481107,-1.6
11.029999999999998,0.0015126524147559108,-0.012282271698075543,-1.6099999999999983
11.04,0.0015118157106794887,-0.01537967861206169,-1.61
11.049999999999999,0.001510744060700594,-0.017443264516462737,-1.61
11.059999999999999,0.001509541199440984,-0.018272955578728958,-1.61
11.069999999999999,0.001508335983442825,-0.01777889794400644,-1.61
11.079999999999998,0.0015072680169514923,-0.015987156619764138,-1.61
11.089999999999998,0.001506472755713909,-0.013029854138650078,-1.61
11.099999999999998,0.0015060679244478599,-0.009121007513214,-1.6199999999999983
11.109999999999998,0.0015061426853061409,-0.004522359688559094,-1.62
11.119999999999997,0.0015067504299105627,0.0004944002820043204,-1.6100000000000019
11.129999999999999,0.0015079054914090056,0.005682197150666682,-1.6199999999999983
11.139999999999999,0.0015095835942004457,0.010844408625605866,-1.62
11.149999999999999,0.001511725510421607,0.0158488385232039,-1.62
11.159999999999998,0.0015142431643654574,0.020628866608710928,-1.62
11.169999999999998,0.0015170273093967936,0.025172459617406794,-1.6299999999999981
11.179999999999998,0.0015199558968163102,0.029501453783684687,-1.63
11.189999999999998,0.0015229023574327145,0.033645536871144195,-1.63
11.199999999999998,0.0015257432025738609,0.037616655153853026,-1.6200000000000019
11.209999999999999,0.0015283645819732768,0.04138902036363813,-1.6299999999999981
11.219999999999999,0.001530667658161185,0.04488779144041158,-1.63
11.229999999999999,0.0015325728188371698,0.04798730196248572,-1.63
11.239999999999998,0.001534022820269625,0.050518209444530546,-1.6399999999999981
11.249999999999998,0.0015349849376281091,0.05228190483765794,-1.64
11.259999999999998,0.0015354521194371358,0.05306989290432482,-1.64
11.269999999999998,0.0015354430453496275,0.05268607730627165,-1.64
11.279999999999998,0.0015350009190039117,0.0509707018529884,-1.64
11.29,0.0015341908406056942,0.04782484366085145,-1.64
11.299999999999999,0.0015330957307321332,0.043233090953543815,-1.64
11.309999999999999,0.0015318110068327931,0.03728051260096411,-1.64
11.319999999999999,0.0015304384740137292,0.030160109566895892,-1.6499999999999981
11.329999999999998,0.001529080073963423,0.022168925385556103,-1.65
11.339999999999998,0.0015278321551216983,0.013693396739411168,-1.65
11.349999999999998,0.0015267807602803952,0.005185889578634092,-1.65
11.359999999999998,0.0015259981221574597,-0.0028654779531972225,-1.65
11.369999999999997,0.001525540220056214,-0.009971805684451778,-1.65
11.379999999999999,0.0015254450086905113,-0.01568093803439243,-1.65
11.389999999999999,0.0015257308737170966,-0.01961449641923255,-1.6599999999999981
11.399999999999999,0.0015263950167980907,-0.021500655890942206,-1.66
11.409999999999998,0.0015274117757172391,-0.02119886401656475,-1.66
11.419999999999998,0.0015287312393732937,-0.018713503944732715,-1.66
11.429999999999998,0.001530278799389456,-0.014194806617859306,-1.66
11.439999999999998,0.001531956385529117,-0.007926680229593424,-1.66
11.449999999999998,0.001533646008471277,-0.00030251828609868694,-1.66
11.459999999999999,0.0015352158974797094,0.008208559529313712,-1.6699999999999982
11.469999999999999,0.001536529059922007,0.01710158804198121,-1.67
11.479999999999999,0.001537453630580901,0.02587787331677544,-1.67
11.489999999999998,0.0015378740299054824,0.03408516443014602,-1.67
11.499999999999998,0.0015377017686275896,0.04135142217870787,-1.67
11.509999999999998,0.001536884725243471,0.047408220644533185,-1.67
11.519999999999998,0.0015354138475470517,0.05210172366160937,-1.67
11.529999999999998,0.0015333264444894648,0.055391714776036396,-1.67
11.539999999999997,0.001530705519755999,0.05734090679949449,-1.6799999999999982
11.549999999999999,0.0015276749615862196,0.05809739135434449,-1.6700000000000017
11.559999999999999,0.0015243908406492484,0.05787309335736406,-1.6799999999999982
11.569999999999999,0.0015210295261146815,0.05692072109894692,-1.68
11.579999999999998,0.0015177737222730194,0.05551131447333172,-1.68
11.589999999999998,0.0015147977833685283,0.05391456290863853,-1.68
11.599999999999998,0.001512253756523755,0.05238417109875858,-1.6899999999999982
11.609999999999998,0.0015102595407288602,0.05114961818558111,-1.6800000000000017
11.619999999999997,0.001508890356893097,0.050413493260785806,-1.6899999999999982
11.629999999999999,0.001508174417333429,0.05035156374984797,-1.69
11.639999999999999,0.0015080932605469743,0.051112462554182475,-1.69
11.649999999999999,0.00150858667094206,0.05281537699348858,-1.69
11.659999999999998,0.0015095614719497546,0.05554591418865891,-1.69
11.669999999999998,0.0015109028882651046,0.05935126881182171,-1.69
11.679999999999998,0.001512486789488093,0.0642359289375122,-1.6999999999999982
11.689999999999998,0.0015141910802640675,0.07015884679452107,-1.6900000000000017
11.699999999999998,0.00151590481619753,0.07703264844506867,-1.6999999999999982
11.709999999999999,0.0015175342181870009,0.08472546992637167,-1.7
11.719999999999999,0.001519005464308374,0.09306640110252752,-1.7
11.729999999999999,0.0015202647638804115,0.10185539972176762,-1.7
11.739999999999998,0.0015212766168597647,0.11087718132460311,-1.7099999999999982
11.749999999999998,0.0015220212774868845,0.11991698568109703,-1.7000000000000017
11.759999999999998,0.0015224923024303116,0.12877594687839075,-1.7099999999999982
11.769999999999998,0.001522694757415568,0.137284968483446,-1.71
11.779999999999998,0.001522644293189199,0.14531680090770277,-1.71
11.789999999999997,0.0015223669765320105,0.152795441802532,-1.71
11.799999999999999,0.0015218995313469282,0.15970087901349775,-1.7199999999999982
11.809999999999999,0.001521289527256168,0.16606714507674938,-1.7100000000000017
11.819999999999999,0.0015205950395746992,0.17197325021655607,-1.7199999999999982
11.829999999999998,0.0015198833732886611,0.1775287887363438,-1.72
11.839999999999998,0.0015192285774398848,0.1828573008562729,-1.72
11.849999999999998,0.0015187076660933409,0.1880803143265781,-1.72
11.859999999999998,0.0015183956930874822,0.19330422318184662,-1.72
11.869999999999997,0.0015183600656301713,0.19861165051088925,-1.72
11.879999999999999,0.001518654676868334,0.20405843401150794,-1.7299999999999982
11.889999999999999,0.0015193145428369812,0.2096760874327164,-1.7200000000000017
11.899999999999999,0.0015203516168061006,0.21547776749487935,-1.7299999999999982
11.909999999999998,0.0015217523272340093,0.22146479458792456,-1.73
11.919999999999998,0.0015234771818518698,0.22763145629967327,-1.73
11.929999999999998,0.0015254625523174984,0.23396731852464184,-1.73
11.939999999999998,0.0015276245361528933,0.2404572157332895,-1.73
11.949999999999998,0.0015298645916077248,0.24707939275353075,-1.73
11.959999999999997,0.0015320764561548262,0.2538028182945283,-1.73
11.969999999999999,0.0015341537073632575,0.26058546882073313,-1.7399999999999982
11.979999999999999,0.0015359972394600899,0.2673752269282403,-1.74
11.989999999999998,0.0015375219415051677,0.274113661377072,-1.74
11.999999999999998,0.0015386619859476607,0.280741733166581,-1.74
12.009999999999998,0.0015393743506075563,0.287206546836782,-1.74
12.019999999999998,0.0015396404509651247,0.2934690047749742,-1.74
12.029999999999998,0.0015394659898479368,0.2995122835100027,-1.74
12.039999999999997,0.001538879299314257,0.30535020771403676,-1.7499999999999982
12.049999999999999,0.0015379285525363466,0.31103373623930675,-1.75
12.059999999999999,0.001536678273969143,0.31665362606814074,-1.75
12.069999999999999,0.0015352055752169006,0.3223379237343256,-1.75
12.079999999999998,0.0015335964817062126,0.32824383117281297,-1.75
12.089999999999998,0.001531942587605274,0.33454435947771416,-1.75
12.099999999999998,0.0015303380982311572,0.34141126017756424,-1.75
12.109999999999998,0.0015288771263446766,0.34899731688159713,-1.75
12.119999999999997,0.001527650953688628,0.3574223745651742,-1.7599999999999982
12.129999999999999,0.0015267449060304993,0.366767013869211,-1.76
12.139999999999999,0.0015262345531086544,0.3770752503514517,-1.76
12.149999999999999,0.001526181134956405,0.3883644094210041,-1.76
12.159999999999998,0.0015266263981174287,0.4006381369340006,-1.76
12.169999999999998,0.0015275873335451847,0.4138981345605457,-1.76
12.179999999999998,0.0015290515601078538,0.428151285750439,-1.76
12.189999999999998,0.0015309742162176662,0.4434106704063633,-1.7699999999999982
12.199999999999998,0.001533277157299729,0.4596910191615526,-1.77
12.209999999999997,0.0015358510092064247,0.47700073715668845,-1.77
12.219999999999999,0.0015385602587333037,0.49533307690201284,-1.77
12.229999999999999,0.0015412511662756144,0.5146584957491672,-1.77
12.239999999999998,0.0015437619367867335,0.5349194640672844,-1.77
12.249999999999998,0.001545934313593769,0.5560284469669291,-1.77
12.259999999999998,0.0015476255690295689,0.5778693242939219,-1.7799999999999983
12.269999999999998,0.0015487197608400922,0.6003020822673222,-1.78
12.279999999999998,0.0015491371218101931,0.6231705888376667,-1.78
12.289999999999997,0.001548840582103202,0.6463136891986396,-1.78
12.299999999999999,0.0015478387141580978,0.6695797847931529,-1.78
12.309999999999999,0.0015461848206957613,0.6928436381097863,-1.78
12.319999999999999,0.0015439723720620658,0.7160221247871732,-1.78
12.329999999999998,0.0015413274204069069,0.7390849059749327,-1.7899999999999983
12.339999999999998,0.0015383988923597322,0.7620573736531185,-1.79
12.349999999999998,0.001535347776150046,0.7850155774176919,-1.79
12.359999999999998,0.0015323362055357774,0.8080745530612532,-1.79
12.369999999999997,0.0015295173403372235,0.8313722702871983,-1.79
12.379999999999997,0.0015270267793594562,0.8550518973640888,-1.79
12.389999999999999,0.0015249760296414752,0.8792452025121481,-1.7999999999999983
12.399999999999999,0.0015234483038405536,0.90405906883117,-1.8
12.409999999999998,0.0015224966447656234,0.9295653460618155,-1.8
12.419999999999998,0.0015221441265924546,0.9557926695639416,-1.8
12.429999999999998,0.0015223857079521472,0.982718701741394,-1.8
12.439999999999998,0.0015231912383713655,1.010262949115442,-1.8
12.449999999999998,0.0015245091334861716,1.0382830214995797,-1.8
12.459999999999997,0.0015262703063188886,1.0665789990672105,-1.8
12.469999999999999,0.0015283920503276615,1.0949097302329016,-1.8099999999999983
12.479999999999999,0.0015307817036515007,1.123021341486594,-1.81
12.489999999999998,0.0015333400678999118,1.1506836596103232,-1.81
12.499999999999998,0.0015359646836262716,1.1777267412663315,-1.81
12.509999999999998,0.0015385531501951346,1.204068856279172,-1.81
12.519999999999998,0.0015410066991447956,1.2297296532609747,-1.81
12.529999999999998,0.0015432341767160967,1.2548268596890926,-1.8199999999999983
12.539999999999997,0.001545156461766471,1.2795593322796128,-1.82
12.549999999999999,0.0015467111505494432,1.3041814212665854,-1.82
12.559999999999999,0.001547857110905163,1.3289732660250766,-1.82
12.569999999999999,0.0015485783020540045,1.3542104326266122,-1.82
12.579999999999998,0.0015488861454131234,1.3801358519177676,-1.82
12.589999999999998,0.0015488197841273517,1.4069373677708676,-1.82
12.599999999999998,0.0015484438193659202,1.4347339960198224,-1.82
12.609999999999998,0.00154784353033634,1.4635721140033966,-1.8299999999999983
12.619999999999997,0.0015471180624077622,1.4934297780914678,-1.83
12.629999999999997,0.0015463724519025942,1.524225020690954,-1.83
12.639999999999999,0.0015457095285224287,1.5558239972247287,-1.83
12.649999999999999,0.0015452226591810094,1.588047455444026,-1.83
12.659999999999998,0.0015449900158175521,1.6206773048686791,-1.83
12.669999999999998,0.0015450706739142098,1.653466448975261,-1.8399999999999983
12.679999999999998,0.0015455025077075568,1.6861538360747796,-1.84
12.689999999999998,0.0015463016352634143,1.7184845695708848,-1.84
12.699999999999998,0.001547463107686927,1.7502334796411387,-1.84
12.709999999999997,0.0015489626003346174,1.781229900221752,-1.84
12.719999999999999,0.0015507589836091375,1.811381091459965,-1.84
12.729999999999999,0.0015527977479993277,1.840691633624777,-1.84
12.739999999999998,0.0015550152647449535,1.86927616814549,-1.8499999999999983
12.749999999999998,0.0015573437455006507,1.8973631435166673,-1.85
12.759999999999998,0.0015597165427881255,1.9252878539400209,-1.85
12.769999999999998,0.0015620731933595577,1.9534740715708925,-1.85
12.779999999999998,0.0015643634683818628,1.9824049919626898,-1.85
12.789999999999997,0.001566549753448734,2.0125858787887596,-1.85
12.799999999999997,0.0015686073669813675,2.044502122037238,-1.85
12.809999999999999,0.001570522881592602,2.078576826986491,-1.8599999999999983
12.819999999999999,0.0015722910022631226,2.1151315310164813,-1.86
12.829999999999998,0.0015739109061587828,2.1543528294209353,-1.86
12.839999999999998,0.0015753830314587077,2.196267479343266,-1.86
12.849999999999998,0.0015767070785921594,2.240729288426747,-1.86
12.859999999999998,0.0015778815229451004,2.2874217912760266,-1.86
12.869999999999997,0.0015789043903521307,2.3358797317774727,-1.86
12.879999999999997,0.0015797746113957035,2.3855291694119347,-1.8699999999999966
12.889999999999999,0.00158049310417072,2.4357418364748877,-1.87
12.899999999999999,0.001581062898886857,2.4858960776797563,-1.87
12.909999999999998,0.0015814880550762496,2.53543552149797,-1.87
12.919999999999998,0.001581771666440212,2.58391772546124,-1.87
12.929999999999998,0.0015819136838394641,2.6310477934219882,-1.87
12.939999999999998,0.0015819094465842655,2.6766953118935555,-1.87
12.949999999999998,0.001581749639831834,2.7208955999847104,-1.8799999999999981
12.959999999999997,0.0015814219547100412,2.7638372367308075,-1.88
12.969999999999999,0.001580914179041456,2.805837400199526,-1.88
12.979999999999999,0.0015802179927409468,2.847306284247566,-1.88
12.989999999999998,0.0015793325456388127,2.888702991682171,-1.88
12.999999999999998,0.0015782670221428697,2.9304875558030097,-1.88
13.009999999999998,0.0015770417937180882,2.9730758557750177,-1.88
13.019999999999998,0.001575688262984769,3.016804709229861,-1.8899999999999981
13.029999999999998,0.001574247899659638,3.0619122462100585,-1.8800000000000017
13.039999999999997,0.0015727710943546642,3.1085342320439984,-1.8899999999999981
13.049999999999997,0.0015713162605433062,3.1567126941808152,-1.89
13.059999999999999,0.0015699491757623833,3.206411408048286,-1.89
13.069999999999999,0.0015687420596343564,3.2575336569817694,-1.89
13.079999999999998,0.0015677715723207424,3.3099393936957364,-1.89
13.089999999999998,0.0015671149602788518,3.3634600388619096,-1.89
13.099999999999998,0.001566844027431177,3.4179097853520015,-1.89
13.109999999999998,0.0015670173664977546,3.473093126372286,-1.89
13.119999999999997,0.0015676721018987702,3.528809462967621,-1.8999999999999981
13.129999999999997,0.0015688169602057329,3.5848566432572304,-1.9
13.139999999999999,0.0015704285408301721,3.6410356531776458,-1.9
13.149999999999999,0.001572452106705848,3.6971580258310652,-1.9
13.159999999999998,0.0015748071612084974,3.7530560474568406,-1.9
13.169999999999998,0.0015773968472752758,3.8085945478195598,-1.9
13.179999999999998,0.0015801192213436741,3.86368282811692,-1.9
13.189999999999998,0.0015828780481041346,3.9182855891277075,-1.9099999999999981
13.199999999999998,0.0015855910445731793,3.9724314472698623,-1.91
13.209999999999997,0.001588194354177102,4.0262167984993855,-1.91
13.219999999999999,0.0015906431467344814,4.0798025980880155,-1.91
13.229999999999999,0.0015929092392114985,4.133402665596287,-1.91
13.239999999999998,0.0015949772217096023,4.18726380491276,-1.91
13.249999999999998,0.001596840639299648,4.241639824967618,-1.9199999999999982
13.259999999999998,0.0015984993865975443,4.296763512420456,-1.92
13.269999999999998,0.0015999588148562216,4.352822223891441,-1.92
13.279999999999998,0.0016012303807012454,4.409942579427178,-1.92
13.289999999999997,0.0016023331841275926,4.468186948257037,-1.92
13.299999999999997,0.0016032955477539533,4.527560297397981,-1.92
13.309999999999999,0.001604155870625765,4.588023127080682,-1.92
13.319999999999999,0.0016049622598376377,4.649506206026275,-1.9299999999999982
13.329999999999998,0.0016057707808649047,4.711924704331279,-1.93
13.339999999999998,0.0016066424762172322,4.775190853669134,-1.93
13.349999999999998,0.0016076395363677281,4.839224267057875,-1.93
13.359999999999998,0.0016088211558898668,4.903958292991482,-1.93
13.369999999999997,0.0016102396687017824,4.969340948868511,-1.93
13.379999999999997,0.0016119375227638386,5.035331019456024,-1.93
13.389999999999999,0.0016139455160457043,5.101892788206769,-1.9399999999999982
13.399999999999999,0.0016162824697129102,5.168994065028577,-1.94
13.409999999999998,0.0016189561931181406,5.236610191167982,-1.94
13.419999999999998,0.0016219652809245902,5.304732903582652,-1.94
13.429999999999998,0.0016253010825082088,5.37338004105189,-1.94
13.439999999999998,0.0016289491739670972,5.442601561104485,-1.94
13.449999999999998,0.0016328898553102217,5.512479077542949,-1.9499999999999982
13.459999999999997,0.001637097537198088,5.58311911862898,-1.95
13.469999999999997,0.0016415392725348066,5.6546429056561704,-1.95
13.479999999999999,0.0016461730098174055,5.72717613424018,-1.95
13.489999999999998,0.0016509463003831473,5.8008409373031045,-1.95
13.499999999999998,0.0016557961342860339,5.875750266249145,-1.95
13.509999999999998,0.0016606503291183778,5.9520036015219615,-1.95
13.519999999999998,0.0016654305378615813,6.029682568748745,-1.9599999999999982
13.529999999999998,0.001670056593779956,6.108845617779223,-1.96
13.539999999999997,0.0016744516692125645,6.18952209631638,-1.9500000000000017
13.549999999999997,0.0016785476334489767,6.27170712869043,-1.9599999999999964
13.559999999999999,0.001682290040334879,6.355359195083742,-1.96
13.569999999999999,0.001685642305998067,6.440402366440247,-1.96
13.579999999999998,0.0016885887861636973,6.526734952131038,-1.96
13.589999999999998,0.0016911365892834675,6.614245395001345,-1.96
13.599999999999998,0.0016933160602257212,6.702834179016395,-1.96
13.609999999999998,0.0016951799495933543,6.792437793284905,-1.96
13.619999999999997,0.0016968013485942496,6.883048639255575,-1.9699999999999982
13.629999999999997,0.001698270513282469,6.974724401075801,-1.97
13.639999999999999,0.0016996907250552697,7.067582501668877,-1.97
13.649999999999999,0.0017011733483578212,7.161779493262111,-1.97
13.659999999999998,0.001702832267056111,7.257480086680113,-1.97
13.669999999999998,0.0017047779165024401,7.354823954811529,-1.97
13.679999999999998,0.0017071111769707023,7.453898823990516,-1.9799999999999982
13.689999999999998,0.0017099174451190213,7.55472547692751,-1.98
13.699999999999998,0.0017132612391751122,7.6572558433846085,-1.98
13.709999999999997,0.0017171817117806834,7.761381960300501,-1.98
13.719999999999997,0.0017216894439479268,7.866952458370203,-1.98
13.729999999999999,0.0017267648783859536,7.973793374549976,-1.98
13.739999999999998,0.0017323587097299114,8.081729986240248,-1.98
13.749999999999998,0.001738394457244541,8.190605697061306,-1.9899999999999982
13.759999999999998,0.0017447732864151336,8.30029366161801,-1.99
13.769999999999998,0.0017513809353574036,8.410697995665025,-1.99
13.779999999999998,0.0017580963775168468,8.521744520391826,-1.99
13.789999999999997,0.0017648016415704039,8.633365105694914,-1.99
13.799999999999997,0.001771392020114153,8.74548282136161,-1.99
13.809999999999999,0.001777785738042364,8.858005341234586,-1.99
13.819999999999999,0.001783932049505263,8.970830793104447,-1.9999999999999982
13.829999999999998,0.00178981673870229,9.083865032708994,-2.0
13.839999999999998,0.0017954641619603701,9.197045064557729,-2.0
13.849999999999998,0.001800935307774031,9.310362172895287,-2.0
13.859999999999998,0.0018063218400720534,9.423879756042226,-2.0
13.869999999999997,0.0018117366416031011,9.53774243665761,-2.0
13.879999999999997,0.0018173018722447457,9.652173303447958,-2.0099999999999962
13.889999999999997,0.0018231359070421187,9.767456293637222,-2.01
13.899999999999999,0.0018293406781805213,9.883902820827826,-2.01
13.909999999999998,0.0018359909143392916,10.001806182940241,-2.01
13.919999999999998,0.0018431265729167156,10.121392164899207,-2.01
13.929999999999998,0.0018507494195492845,10.2427767990715,-2.01
13.939999999999998,0.0018588242332350105,10.365940961146773,-2.01
13.949999999999998,0.0018672845080035699,10.490727288291971,-2.0199999999999982
13.959999999999997,0.0018760418335272812,10.616859907159427,-2.02
13.969999999999997,0.0018849975020347927,10.743983066249225,-2.02
13.979999999999999,0.0018940544893335336,10.871711604997785,-2.02
13.989999999999998,0.0019031279332253205,10.999684741259154,-2.02
13.999999999999998,0.0019121526175390692,11.127615067940011,-2.02
14.009999999999998,0.001921086677516391,11.255326266472368,-2.029999999999998
14.019999999999998,0.0019299115794846316,11.382774776277019,-2.03
14.029999999999998,0.0019386291602398415,11.510052156765225,-2.03
14.039999999999997,0.0019472569593137266,11.637367125435333,-2.03
14.049999999999997,0.001955823170594927,11.765010172530756,-2.03
14.059999999999999,0.0019643623162478694,11.893308144404088,-2.03
14.069999999999999,0.0019729123214322804,12.022578725856834,-2.03
14.079999999999998,0.0019815131883509996,12.15309401774577,-2.03
14.089999999999998,0.0019902070481852257,12.285059234337934,-2.03
14.099999999999998,0.001999039067493124,12.418608493083276,-2.03
14.109999999999998,0.0020080585183872846,12.553815910342639,-2.03
14.119999999999997,0.002017319290625376,12.690717501338092,-2.0399999999999983
14.129999999999997,0.0020268792249021894,12.829337927240479,-2.04
14.139999999999997,0.0020367978698050144,12.969715504767825,-2.04
14.149999999999999,0.0020471325873754097,13.111918691918424,-2.04
14.159999999999998,0.0020579333099887357,13.25604810898049,-2.04
14.169999999999998,0.002069236614166193,13.402221415847121,-2.04
14.179999999999998,0.0020810600391321207,13.550544181062882,-2.04
14.189999999999998,0.002093397660895602,13.701075641589659,-2.049999999999998
14.199999999999998,0.002106217791959436,13.85380020445835,-2.05
14.209999999999997,0.0021194633325395864,14.008612407261902,-2.05
14.219999999999997,0.002133054849976844,14.16531739246697,-2.05
14.229999999999999,0.0021468960463526285,14.323644583219766,-2.05
14.239999999999998,0.0021608809927312696,14.483271060737188,-2.05
14.249999999999998,0.002174902390139915,14.64385218002882,-2.05
14.259999999999998,0.002188860130366628,14.8050577005786,-2.05
14.269999999999998,0.00220266951230014,14.966610368681664,-2.05
14.279999999999998,0.002216268557522793,15.128321130673617,-2.05
14.289999999999997,0.002229623918596457,15.290113575821332,-2.05
14.299999999999997,0.002242734875622875,15.452031874055955,-2.05
14.309999999999997,0.0022556348982572046,15.614230868079593,-2.05
14.319999999999999,0.002268390269093274,15.776951579992968,-2.05
14.329999999999998,0.0022810953915923813,15.940488239195211,-2.0599999999999983
14.339999999999998,0.0022938647001487862,16.105153809455032,-2.06
14.349999999999998,0.002306821568223006,16.271250168672008,-2.06
14.359999999999998,0.002320085215518402,16.439046675117755,-2.06
14.369999999999997,0.0023337572011120898,16.60876778370117,-2.06
14.379999999999997,0.002347909461810131,16.780588323438145,-2.06
14.389999999999997,0.002362575850131886,16.95463442514665,-2.06
14.399999999999999,0.0023777486770908624,17.130987619529435,-2.069999999999998
14.409999999999998,0.0023933809411687025,17.309688565551564,-2.07
14.419999999999998,0.002409393938385969,17.49073643497254,-2.07
14.429999999999998,0.0024256890754102587,17.67408181119089,-2.07
14.439999999999998,0.002442162158100919,17.85961479001272,-2.07
14.449999999999998,0.0024587182715984663,18.047153464161774,-2.07
14.459999999999997,0.002475285548016743,18.23643891944714,-2.07
14.469999999999997,0.0024918264957512577,18.427141120893438,-2.07
14.479999999999999,0.00250834597792372,18.618877070325752,-2.07
14.489999999999998,0.0025248952531176662,18.811239760984915,-2.07
14.499999999999998,0.0025415716838436317,19.003834599017583,-2.07
14.509999999999998,0.00255851381668679,19.196319561490984,-2.0799999999999983
14.519999999999998,0.002575891653342151,19.38844587767399,-2.08
14.529999999999998,0.0025938921998634543,19.580095964147482,-2.08
14.539999999999997,0.0026127008971771884,19.77131389396583,-2.08
14.549999999999997,0.002632480300352669,19.962321946198713,-2.08
14.559999999999997,0.002653348265542484,20.153516926515707,-2.08
14.569999999999999,0.0026753586762861487,20.345443073665535,-2.08
14.579999999999998,0.0026984880843969675,20.538743428030273,-2.08
14.589999999999998,0.0027226312860380106,20.734096323719022,-2.08
14.599999999999998,0.0027476076834977922,20.932146557780907,-2.08
14.609999999999998,0.0027731784399392372,21.133441428267428,-2.089999999999998
14.619999999999997,0.002799072363268543,21.338380589172605,-2.080000000000002
14.629999999999997,0.0028250167533525987,21.547186131876202,-2.08
14.639999999999997,0.0028507685827271426,21.75989603714648,-2.08
14.649999999999999,0.0028761415218049573,21.976380467919093,-2.089999999999998
14.659999999999998,0.002901025327248332,22.196376453451283,-2.09
14.669999999999998,0.0029253956191329,22.419532847123598,-2.09
14.679999999999998,0.002949313631102597,22.645455069264614,-2.09
14.689999999999998,0.0029729167908865463,22.87373932699581,-2.09
14.699999999999998,0.002996401843573472,23.10398965540273,-2.09
14.709999999999997,0.0030200026953211786,23.335817932721696,-2.09
14.719999999999997,0.0030439653374335265,23.568834371415267,-2.0999999999999965
14.729999999999997,0.003068522229701764,23.802639796103158,-2.1
14.739999999999998,0.0030938684608012848,24.036829108524948,-2.1
14.749999999999998,0.003120141886852378,24.271009529203482,-2.1
14.759999999999998,0.0031474092522682236,24.504831256206757,-2.1
14.769999999999998,0.003175659964349089,24.738024587490795,-2.1
14.779999999999998,0.003204808650157945,24.97043678893656,-2.1
14.789999999999997,0.0032347067910672147,25.20206314086393,-2.1
14.799999999999997,0.0032651625714650748,25.433067828540395,-2.1
14.809999999999997,0.00329596670319214,25.66379028344607,-2.1
14.819999999999999,0.0033269207158087674,25.89473208838877,-2.1
14.829999999999998,0.003357863468463799,26.126521149310054,-2.1
14.839999999999998,0.003388691782229253,26.359854862585383,-2.1
14.849999999999998,0.0034193722039804453,26.59543077898594,-2.1
14.859999999999998,0.003449942773694817,26.83387802750754,-2.109999999999998
14.869999999999997,0.0034805057601242743,27.07570249105982,-2.11
14.879999999999997,0.0035112140111855723,27.32125350251341,-2.1000000000000036
14.889999999999997,0.0035422543340678796,27.57071295740193,-2.1099999999999963
14.899999999999999,0.0035738310011459913,27.82410321614766,-2.11
14.909999999999998,0.0036061512724148382,28.081309369519296,-2.11
14.919999999999998,0.003639413264899156,28.342112182994637,-2.11
14.929999999999998,0.003673795247601177,28.606227245357175,-2.11
14.939999999999998,0.0037094449939719496,28.873343178825426,-2.11
14.949999999999998,0.0037464683291515777,29.14315009304546,-2.11
14.959999999999997,0.0037849172480626573,29.415351672641027,-2.1199999999999966
14.969999999999997,0.003824779443106987,29.68966024301852,-2.12
14.979999999999997,0.00386597213081104,29.965780865150307,-2.12
14.989999999999998,0.0039083431760349435,30.24339452549953,-2.12
14.999999999999998,0.003951681448726285,30.52215018283852,-2.12
15.009999999999998,0.003995736306146343,30.801671665835567,-2.12
15.019999999999998,0.004040243716233932,31.08158045759455,-2.12
15.029999999999998,0.00408495468487836,31.36153124560679,-2.12
15.039999999999997,0.004129660993822933,31.64125451522088,-2.12
15.049999999999997,0.004174214019138261,31.920599106283838,-2.12
15.059999999999997,0.00421853431217209,32.19956697836044,-2.12
15.069999999999999,0.004262612006072079,32.47833242796083,-2.12
15.079999999999998,0.004306500120014404,32.757239237268855,-2.12
15.089999999999998,0.004350303821423017,33.03677228582038,-2.12
15.099999999999998,0.00439416844663756,33.317505164773216,-2.12
15.109999999999998,0.004438267812454471,33.60003154970774,-2.12
15.119999999999997,0.0044827927106831445,33.88489334611479,-2.12
15.129999999999997,0.004527938262204777,34.17252007793895,-2.12
15.139999999999997,0.004573888628192009,34.46319045098146,-2.1299999999999963
15.149999999999997,0.004620798624381727,34.757020253071616,-2.13
15.159999999999998,0.004668773752311056,35.05397408956317,-2.13
15.169999999999998,0.004717852290133023,35.353894520764015,-2.13
15.179999999999998,0.00476799441056704,35.65654154565242,-2.13
15.189999999999998,0.004819083035463287,35.96163649083204,-2.13
15.199999999999998,0.004870939014268858,36.268904771974206,-2.13
15.209999999999997,0.0049233496331568365,36.57811061243632,-2.13
15.219999999999997,0.004976105532347268,36.88907525870742,-2.13
15.229999999999997,0.005029038269566356,37.20167172179276,-2.13
15.239999999999998,0.005082050142055975,37.5157952747857,-2.13
15.249999999999998,0.005135129833200888,37.831317787115935,-2.13
15.259999999999998,0.005188351454657829,38.14804085737394,-2.13
15.269999999999998,0.005241859280411503,38.465664006840385,-2.13
15.279999999999998,0.0052958442396590175,38.7837795248913,-2.1399999999999983
15.289999999999997,0.005350519734427047,39.10189723529087,-2.14
15.299999999999997,0.005406103100668474,39.41949404954194,-2.1300000000000034
15.309999999999997,0.005462805551128267,39.736077895316036,-2.13
15.319999999999999,0.005520829122445013,40.05125440207606,-2.1399999999999983
15.329999999999998,0.005580365767670117,40.36478589209325,-2.14
15.339999999999998,0.005641592646466435,40.676633674272516,-2.14
15.349999999999998,0.005704659308370697,40.986976226004046,-2.14
15.359999999999998,0.005769666273358266,41.29619900888088,-2.14
15.369999999999997,0.005836639075439525,41.6048572578602,-2.14
15.379999999999997,0.005905505371163269,41.91361987400186,-2.14
15.389999999999997,0.005976083786923388,42.223207463252926,-2.14
15.399999999999997,0.006048091196888335,42.53433772482417,-2.14
15.409999999999998,0.00612117056442562,42.84768657124976,-2.14
15.419999999999998,0.006194935841500346,43.16386651219639,-2.14
15.429999999999998,0.006269025666182346,43.4834188712432,-2.14
15.439999999999998,0.006343155270268473,43.8068149188277,-2.14
15.449999999999998,0.006417156677377001,44.134461231926316,-2.14
15.459999999999997,0.006491000496468565,44.46670423205686,-2.14
15.469999999999997,0.006564797163944914,44.803828246118734,-2.1499999999999964
15.479999999999997,0.006638779815572824,45.14604269118436,-2.15
15.489999999999998,0.0067132738688168315,45.493457947292654,-2.140000000000002
15.499999999999998,0.00678865937333429,45.84605501904939,-2.14
15.509999999999998,0.0068653314648365925,46.20365916615967,-2.14
15.519999999999998,0.006943662594069656,46.565929779472434,-2.149999999999998
15.529999999999998,0.007023968551745351,46.93237567559619,-2.15
15.539999999999997,0.007106479381356871,47.302397001131695,-2.15
15.549999999999997,0.007191316283903039,47.67534598100523,-2.15
15.559999999999997,0.007278476324818112,48.050593780772985,-2.15
15.569999999999999,0.007367827577166148,48.42759182238255,-2.15
15.579999999999998,0.007459117564388954,48.80592073805331,-2.15
15.589999999999998,0.0075519968999551886,49.18532446949291,-2.15
15.599999999999998,0.007646057616485642,49.56572796523191,-2.15
15.609999999999998,0.007740882192182195,49.94723509946659,-2.15
15.619999999999997,0.007836095776060674,50.33010240305187,-2.15
15.629999999999997,0.007931411995989946,50.71468775507059,-2.15
15.639999999999997,0.008026663110408333,51.10138160913266,-2.15
15.649999999999997,0.00812180845396791,51.490536902114904,-2.15
15.659999999999998,0.008216920466847083,51.88241630802033,-2.15
15.669999999999998,0.008312153500727202,52.277169719350745,-2.15
15.679999999999998,0.00840770507213718,52.67484391831449,-2.15
15.689999999999998,0.008503780730566544,53.07541595973143,-2.1599999999999984
15.699999999999998,0.008600571680074094,53.47883655041884,-2.1500000000000017
15.709999999999997,0.008698249383978209,53.885070978387766,-2.15
15.719999999999997,0.00879697530749716,54.29412973909841,-2.1599999999999966
15.729999999999997,0.008896918881620678,54.7060840010238,-2.1500000000000035
15.739999999999998,0.008998274384262813,55.121060812556166,-2.15
15.749999999999998,0.00910126833499962,55.53921275163509,-2.15
15.759999999999998,0.009206152647918561,55.960661018730235,-2.1599999999999984
15.769999999999998,0.009313183716795891,56.385420464727666,-2.16
15.779999999999998,0.009422591956316331,56.81332522214475,-2.16
15.789999999999997,0.00953454858072553,57.24397813358686,-2.16
15.799999999999997,0.009649135922283775,57.67674302918782,-2.16
15.809999999999997,0.009766324781299936,58.11078831113692,-2.16
15.819999999999997,0.009885958529966233,58.545178109368464,-2.16
15.829999999999998,0.010007740754375577,58.97899769668121,-2.16
15.839999999999998,0.010131222466398403,59.41149495514655,-2.16
15.849999999999998,0.010255786729285071,59.842218754147076,-2.16
15.859999999999998,0.01038063226853041,60.271135601260326,-2.16
15.869999999999997,0.01050476181175848,60.69870647628545,-2.16
15.879999999999997,0.010626983740641081,61.12590764838054,-2.16
15.889999999999997,0.010745935778882358,61.5541845067057,-2.16
15.899999999999997,0.010860136415411229,61.9853362205049,-2.16
15.909999999999998,0.010968064143542736,62.421339333487786,-2.16
15.919999999999998,0.011068257904197019,62.864126736939085,-2.16
15.929999999999998,0.01115942636274447,63.31534178310929,-2.16
15.939999999999998,0.011240550599388761,63.77608548537741,-2.16
15.949999999999998,0.011310965404356412,64.24667163443257,-2.16
15.959999999999997,0.011370408396106115,64.72640500742001,-2.16
15.969999999999997,0.011419032129431178,65.21340252316303,-2.16
15.979999999999997,0.01145738020703523,65.70448182927998,-2.16
15.989999999999998,0.011486332780771973,66.19514086584266,-2.16
15.999999999999998,0.01150702949539251,66.679643714905,-2.16
16.009999999999998,0.011520779251133916,67.15121543210014,-2.16
16.019999999999996,0.011528966403601251,67.60233635044102,-2.16
16.029999999999998,0.01153296222720511,68.02511811672814,-2.16
16.04,0.011534048756822015,68.41173967846275,-2.16
16.049999999999997,0.011533359825221204,68.75491797756638,-2.1699999999999964
16.06,0.011531841657958656,69.04838076120872,-2.17
16.069999999999997,0.011530233118719934,69.28729778246097,-2.1600000000000037
16.08,0.01152906383209693,69.46861875122434,-2.16
16.089999999999996,0.011528667069631527,69.59127096230024,-2.16
16.099999999999998,0.01152920352563081,69.65619012349953,-2.1699999999999964
16.109999999999996,0.011530691915925437,69.66618875906065,-2.17
16.119999999999997,0.011533042609140393,69.62569609075663,-2.17
16.13,0.011536091097731465,69.54042125239317,-2.17
16.139999999999997,0.011539628884701262,69.41699423614675,-2.17
16.15,0.011543430180380359,69.26262857761658,-2.17
16.159999999999997,0.011547273579770872,69.08483176719214,-2.17
16.169999999999998,0.011550958552420238,68.89116892659787,-2.17
16.179999999999996,0.011554317069825215,68.68906681219015,-2.17
16.189999999999998,0.011557220988800203,68.48563291432205,-2.17
16.2,0.011559585900110308,68.287462623366,-2.17
16.209999999999997,0.011561372072092324,68.10041921492466,-2.17
16.22,0.011562582937861778,67.92939512323423,-2.17
16.229999999999997,0.01156326138354113,67.77808879167196,-2.17
16.24,0.011563483981700191,67.64884451842254,-2.17
16.249999999999996,0.011563353336766505,67.54259491619172,-2.17
16.259999999999998,0.011562988870276184,67.45892257936474,-2.17
16.269999999999996,0.011562516610134133,67.39623216614747,-2.17
16.279999999999998,0.011562058759790226,67.35200538687683,-2.17
16.29,0.011561723930567784,67.32310205494441,-2.17
16.299999999999997,0.011561598894694582,67.306069854768,-2.17
16.31,0.011561742572741888,67.29743153909723,-2.17
16.319999999999997,0.011562182744891614,67.29392741332119,-2.17
16.33,0.011562915710266712,67.2927000527339,-2.17
16.339999999999996,0.011563908835172478,67.29141579301712,-2.17
16.349999999999998,0.011565105635965163,67.2883237932723,-2.17
16.359999999999996,0.011566432751568656,67.28225890508318,-2.17
16.369999999999997,0.01156780792317381,67.2725989483448,-2.17
16.38,0.011569147983983293,67.2591894121388,-2.17
16.389999999999997,0.011570375923975453,67.24224867756733,-2.17
16.4,0.011571426342996112,67.22226536156049,-2.17
16.409999999999997,0.011572248991049588,67.19989749525247,-2.17
16.419999999999998,0.011572810511876634,67.17588151821049,-2.17
16.429999999999996,0.01157309482765611,67.15095726672078,-2.17
16.439999999999998,0.011573102736821262,67.12581279899138,-2.17
16.449999999999996,0.01157285122001701,67.10104975091237,-2.17
16.459999999999997,0.011572372705191313,67.07716635652619,-2.17
16.47,0.011571714226151922,67.0545527009865,-2.17
16.479999999999997,0.01157093613351234,67.03349261697086,-2.17
16.49,0.01157010987628621,67.01416862200828,-2.17
16.499999999999996,0.01156931441301677,66.9966684446887,-2.17
16.509999999999998,0.01156863102517723,66.98099245854148,-2.17
16.519999999999996,0.01156813663495167,66.96706121982189,-2.17
16.529999999999998,0.011567896091086221,66.95472270711883,-2.17
16.54,0.011567954206897326,66.94376012535831,-2.17
16.549999999999997,0.011568328567155119,66.93390225597743,-2.17
16.56,0.011569004235043924,66.92483814922603,-2.17
16.569999999999997,0.011569931456849222,66.91623630872058,-2.17
16.58,0.011571027246709149,66.90776654561776,-2.17
16.589999999999996,0.011572181306302491,66.89912173718533,-2.17
16.599999999999998,0.0115732660921968,66.89003697124657,-2.17
16.609999999999996,0.011574150058559008,66.88030411535897,-2.17
16.619999999999997,0.011574712350083723,66.86978018721962,-2.17
16.63,0.011574856732055423,66.85838835111183,-2.17
16.639999999999997,0.011574522513067734,66.84611143850131,-2.17
16.65,0.011573690712411284,66.83297960892821,-2.17
16.659999999999997,0.011572384656122413,66.81905545147694,-2.17
16.669999999999998,0.011570665296079172,66.80442045067765,-2.17
16.679999999999996,0.011568622505580006,66.7891657947164,-2.17
16.689999999999998,0.011566364162163757,66.77338842804437,-2.17
16.699999999999996,0.01156400490012502,66.75719095474668,-2.17
16.709999999999997,0.011561656072376598,66.74068250466176,-2.17
16.72,0.011559417879344032,66.72397791454293,-2.17
16.729999999999997,0.01155737400969744,66.70719440589924,-2.17
16.74,0.011555588653496702,66.69044673830726,-2.17
16.749999999999996,0.011554105462594428,66.67384218736221,-2.17
16.759999999999998,0.011552947940217198,66.65747601614015,-2.17
16.769999999999996,0.011552120791515805,66.64142773274598,-2.17
16.779999999999998,0.01155161189174662,66.6257590245437,-2.17
16.79,0.0115513946657241,66.61051510587096,-2.17
16.799999999999997,0.011551430777673977,66.59573074337605,-2.17
16.81,0.011551673085276326,66.58143976742744,-2.17
16.819999999999997,0.011552068818974295,66.56768402597953,-2.17
16.83,0.011552562922764048,66.55451698114182,-2.17
16.839999999999996,0.011553101446389446,66.54199919443265,-2.17
16.849999999999998,0.011553634813231831,66.53018631804801,-2.17
16.859999999999996,0.011554120710316916,66.51911302966852,-2.17
16.869999999999997,0.011554526282191195,66.50877752762048,-2.17
16.88,0.011554829297630792,66.49913059722273,-2.17
16.889999999999997,0.011555018030693393,66.49007159054581,-2.17
16.9,0.011555089766877604,66.48145200755437,-2.17
16.909999999999997,0.011555048088321616,66.47308640886482,-2.17
16.919999999999998,0.01155489934927919,66.46477006425492,-2.17
16.929999999999996,0.011554648948046838,66.45630227877369,-2.17
16.939999999999998,0.011554298076175766,66.44751286715469,-2.17
16.949999999999996,0.01155384156150364,66.43828698083675,-2.17
16.959999999999997,0.011553267236693662,66.4285820879539,-2.17
16.97,0.011552557003908429,66.41843200111911,-2.17
16.979999999999997,0.01155168948336061,66.40793642838297,-2.17
16.99,0.01155064387501845,66.39723896356456,-2.17
16.999999999999996,0.011549404458632381,66.38649967575034,-2.17
17.009999999999998,0.011547965026539937,66.37586915699124,-2.17
17.019999999999996,0.011546332502885715,66.36546903327627,-2.17
17.029999999999998,0.011544529069503474,66.35538070388743,-2.17
17.04,0.011542592309501516,66.34564103723878,-2.17
17.049999999999997,0.011540573197886714,66.33624225530299,-2.17
17.06,0.011538532177560566,66.32713381860451,-2.17
17.069999999999997,0.011536533964771181,66.31822599984301,-2.17
17.08,0.011534642005592385,66.30939631237887,-2.17
17.089999999999996,0.011532913554448443,66.30049990095424,-2.17
17.099999999999998,0.011531396134682698,66.29138369737385,-2.17
17.109999999999996,0.011530125722105357,66.28190264547978,-2.17
17.119999999999997,0.011529126497881105,66.27193539384746,-2.17
17.13,0.01152841161223723,66.26139682593237,-2.17
17.139999999999997,0.011527984208446806,66.25024566739818,-2.17
17.15,0.011527838015861571,66.2384869365543,-2.17
17.159999999999997,0.011527957090829941,66.22617044000745,-2.17
17.169999999999998,0.011528314670143945,66.21338684623817,-2.17
17.179999999999996,0.01152887148782895,66.20026183560296,-2.17
17.189999999999998,0.011529574195967732,66.18694755260015,-2.17
17.199999999999996,0.011530354668153026,66.17361055322088,-2.17
17.209999999999997,0.011531130934650495,66.1604168887455,-2.17
17.22,0.011531810316267372,66.14751682067974,-2.17
17.229999999999997,0.011532295019521162,66.13503263066531,-2.17
17.24,0.011532490058652086,66.12305232409858,-2.17
17.249999999999996,0.01153231290987366,66.11162991180802,-2.17
17.259999999999998,0.011531703832645408,66.10079067015226,-2.17
17.269999999999996,0.011530635406487641,66.09053875260052,-2.17
17.279999999999998,0.011529119651515134,66.08086494502956,-2.17
17.289999999999996,0.011527211232684168,66.07175329767054,-2.17
17.299999999999997,0.011525005737655,66.06318601946583,-2.17
17.31,0.011522632807320589,66.05514612940107,-2.17
17.319999999999997,0.011520244804488135,66.04761706430465,-2.17
17.33,0.011518002485148948,66.04057843934682,-2.17
17.339999999999996,0.01151605959323907,66.03399826208091,-2.17
17.349999999999998,0.0115145483576966,66.02782382237848,-2.17
17.359999999999996,0.011513567573459137,66.02197474212736,-2.17
17.369999999999997,0.011513174427418369,66.01634115237434,-2.17
17.38,0.01151338064511648,66.01078798365205,-2.17
17.389999999999997,0.011514152994660631,66.00516417583661,-2.17
17.4,0.011515417726780431,65.9993145136404,-2.17
17.409999999999997,0.01151706815787048,65.99309230768777,-2.17
17.419999999999998,0.011518974337473006,65.98637251000764,-2.17
17.429999999999996,0.011520993623192657,65.9790654606293,-2.17
17.439999999999998,0.011522981041408548,65.97113045958925,-2.17
17.449999999999996,0.011524798531332137,65.96258665281157,-2.17
17.459999999999997,0.011526322501568171,65.95351794190553,-2.17
17.47,0.011527449487612218,65.94406938601443,-2.17
17.479999999999997,0.011528099994622492,65.93443412425539,-2.17
17.49,0.011528220783260604,65.92483139427011,-2.17
17.499999999999996,0.011527785897736741,65.91547784292553,-2.17
17.509999999999998,0.011526796671592733,65.90655629082406,-2.17
17.519999999999996,0.011525280822564692,65.89818768712398,-2.17
17.529999999999998,0.011523290614060194,65.89041198426723,-2.17
17.539999999999996,0.011520899969627548,65.88318201201392,-2.17
17.549999999999997,0.011518200421144506,65.87637208884729,-2.17
17.56,0.01151529586479701,65.8698005032224,-2.17
17.569999999999997,0.011512296262287324,65.86326203586668,-2.17
17.58,0.011509310603327532,65.85656416113699,-2.17
17.589999999999996,0.011506439594535213,65.84955984864114,-2.17
17.599999999999998,0.011503768642095524,65.84217124123315,-2.17
17.609999999999996,0.011501361750031282,65.83440075915196,-2.17
17.619999999999997,0.011499256960706751,65.82632831516423,-2.17
17.63,0.011497463909175195,65.81809534660883,-2.17
17.639999999999997,0.01149596393133271,65.80987858576393,-2.17
17.65,0.011494712944044876,65.80185837690453,-2.17
17.659999999999997,0.011493647013078756,65.79418706033299,-2.17
17.669999999999998,0.011492690187868578,65.78696249344537,-2.17
17.679999999999996,0.011491763877266314,65.7802107981409,-2.17
17.689999999999998,0.011490796819069962,65.77388109331547,-2.17
17.699999999999996,0.011489734578135872,65.76785298341271,-2.17
17.709999999999997,0.011488547493152574,65.7619549697764,-2.17
17.72,0.011487236078201546,65.75598948226498,-2.17
17.729999999999997,0.011485833074538529,65.74975896693158,-2.17
17.74,0.01148440164649523,65.743088138312,-2.17
17.749999999999996,0.011483029622062902,65.73583986380618,-2.17
17.759999999999998,0.011481820165659526,65.72792485333939,-2.17
17.769999999999996,0.011480879769352912,65.71930678116667,-2.17
17.779999999999998,0.011480304866431286,65.71000415492645,-2.17
17.789999999999996,0.011480168626742861,65.700089253335,-2.17
17.799999999999997,0.011480509543186055,65.68968422660788,-2.17
17.81,0.011481323263571439,65.67895505862896,-2.17
17.819999999999997,0.01148255880049438,65.6681042446948,-2.17
17.83,0.011484119816272639,65.65736196883184,-2.17
17.839999999999996,0.011485871163069533,65.64697418672151,-2.17
17.849999999999998,0.011487650270446848,65.63718594741918,-2.17
17.859999999999996,0.011489282343502326,65.62822004376308,-2.17
17.869999999999997,0.011490597751348884,65.62025358599708,-2.17
17.88,0.011491449574844418,65.61339668637325,-2.17
17.889999999999997,0.011491729154572923,65.60767727389414,-2.17
17.9,0.011491377684774281,65.60303456389127,-2.17
17.909999999999997,0.011490392405084916,65.59932190087603,-2.1799999999999966
17.919999999999998,0.011488826640074161,65.59631826258027,-2.18
17.929999999999996,0.011486783686268287,65.59374682886049,-2.18
17.939999999999998,0.011484405249471946,65.59129862000147,-2.18
17.949999999999996,0.011481855758156845,65.58865920790888,-2.18
17.959999999999997,0.01147930440102128,65.58553679471143,-2.18
17.97,0.011476907095731537,65.58169025812442,-2.18
17.979999999999997,0.011474790692289264,65.57695555475847,-2.18
17.99,0.011473041464448545,65.57126785167908,-2.18
17.999999999999996,0.011471699325902114,65.56467552123654,-2.18
18.009999999999998,0.011470758304072994,65.55734185906968,-2.18
18.019999999999996,0.011470172801417138,65.54953170494075,-2.18
18.029999999999998,0.011469868307629335,65.54158278987207,-2.18
18.039999999999996,0.011469754672544095,65.533864889535,-2.18
18.049999999999997,0.011469739869326662,65.52673276879607,-2.18
18.06,0.01146974233325857,65.52048034870322,-2.18
18.069999999999997,0.011469700360057521,65.51530297163558,-2.18
18.08,0.011469577582763573,65.51127261530885,-2.18
18.089999999999996,0.011469364135663412,65.5083284671253,-2.18
18.099999999999998,0.011469073708964182,65.50628312932697,-2.18
18.109999999999996,0.0114687372561352,65.50484306270768,-2.18
18.119999999999997,0.01146839457152995,65.50364062845884,-2.18
18.13,0.011468085228647895,65.502274156252,-2.18
18.139999999999997,0.011467840397310185,65.50035177110024,-2.18
18.15,0.01146767682492309,65.49753419774459,-2.18
18.159999999999997,0.0114675938159157,65.49357144809962,-2.18
18.169999999999998,0.011467573475288829,65.4883284379442,-2.18
18.179999999999996,0.01146758392278711,65.48179573962138,-2.18
18.189999999999998,0.011467584731697898,65.4740842173317,-2.18
18.199999999999996,0.011467533546560887,65.46540552365377,-2.18
18.209999999999997,0.011467392697146356,65.45604281462751,-2.18
18.22,0.01146713465160893,65.44631657635183,-2.18
18.229999999999997,0.011466745341056789,65.43654961463848,-2.18
18.24,0.011466224743253659,65.42703435943189,-2.18
18.249999999999996,0.011465584622287453,65.41800557465866,-2.18
18.259999999999998,0.011464843921975741,65.4096219032334,-2.18
18.269999999999996,0.011464022870619728,65.40195903710604,-2.18
18.279999999999998,0.011463137204535368,65.39501510908073,-2.18
18.289999999999996,0.011462193927414453,65.38872622345039,-2.18
18.299999999999997,0.011461189656011067,65.38298824445339,-2.18
18.31,0.011460111940159175,65.37768041518893,-2.18
18.319999999999997,0.011458943176269304,65.37268678049286,-2.18
18.33,0.011457666096023942,65.36791243537445,-2.18
18.339999999999996,0.011456269494512249,65.36329298465716,-2.18
18.349999999999998,0.011454752938444203,65.3587967207393,-2.18
18.359999999999996,0.011453129608599948,65.35441955435739,-2.18
18.369999999999997,0.011451427010303434,65.35017315764877,-2.18
18.379999999999995,0.011449685811676196,65.34606791253825,-2.18
18.389999999999997,0.01144795737046831,65.34209388747463,-2.18
18.4,0.011446300524139676,65.3382039903214,-2.18
18.409999999999997,0.011444777997284277,65.33430309729675,-2.18
18.419999999999998,0.011443452469699788,65.33024595853907,-2.18
18.429999999999996,0.011442382126227103,65.32584553519301,-2.18
18.439999999999998,0.011441615510383871,65.32089181008043,-2.18
18.449999999999996,0.011441185765873458,65.31517880224585,-2.18
18.459999999999997,0.011441104802101946,65.30853515824879,-2.18
18.47,0.011441358394906296,65.30085255446086,-2.18
18.479999999999997,0.011441903521699099,65.2921071119789,-2.18
18.49,0.011442669159083678,65.28237145981777,-2.18
18.499999999999996,0.011443561272637475,65.27181709098309,-2.18
18.509999999999998,0.011444471881010172,65.2607072281406,-2.18
18.519999999999996,0.011445291109888076,65.24938048083455,-2.18
18.529999999999998,0.011445920370074985,65.23822633409586,-2.18
18.539999999999996,0.011446284442008915,65.22765471606414,-2.18
18.549999999999997,0.011446340422450931,65.21806249008868,-2.18
18.56,0.011446082120735833,65.2097994841202,-2.18
18.569999999999997,0.011445539378789211,65.20313641921449,-2.18
18.58,0.011444772673971851,65.19823732633658,-2.18
18.589999999999996,0.011443864050318785,65.19513933498179,-2.18
18.599999999999998,0.011442905832921608,65.19374263471053,-2.18
18.609999999999996,0.011441988723323363,65.19381291866618,-2.18
18.619999999999997,0.011441190802443796,65.1949975501644,-2.18
18.629999999999995,0.01144056873884724,65.19685480113269,-2.18
18.639999999999997,0.011440152155689795,65.19889322919909,-2.18
18.65,0.011439941675368473,65.20061656018643,-2.18
18.659999999999997,0.011439910671618845,65.2015687747572,-2.18
18.669999999999998,0.011440010279783247,65.20137412141736,-2.18
18.679999999999996,0.011440176828934678,65.19976719793725,-2.18
18.689999999999998,0.01144034062533798,65.19660936473977,-2.18
18.699999999999996,0.011440434953533984,65.19188992454991,-2.18
18.709999999999997,0.011440404248801647,65.18571327377506,-2.18
18.72,0.011440210588222649,65.17827558516201,-2.18
18.729999999999997,0.011439837897167567,65.16983587102004,-2.18
18.74,0.011439293539098465,65.16068641114069,-2.18
18.749999999999996,0.011438607234457903,65.1511266085202,-2.18
18.759999999999998,0.011437827527838056,65.14144271820184,-2.18
18.769999999999996,0.011437016266850633,65.1318942324992,-2.18
18.779999999999998,0.011436241736494518,65.12270642695847,-2.18
18.789999999999996,0.011435571182706569,65.11406763915421,-2.18
18.799999999999997,0.011435063452100398,65.10612928185415,-2.18
18.81,0.011434762388469888,65.09900668960209,-2.18
18.819999999999997,0.011434691496029764,65.09277963043098,-2.18
18.83,0.011434850244749745,65.0874920758721,-2.18
18.839999999999996,0.011435212279384656,65.08315122852656,-2.18
18.849999999999998,0.011435725701912317,65.07972609494614,-2.18
18.859999999999996,0.011436315511795343,65.07714629210491,-2.18
18.869999999999997,0.011436888189754519,65.07530211762696,-2.18
18.879999999999995,0.011437338280479386,65.07404706545638,-2.18
18.889999999999997,0.011437556655533055,65.07320395972617,-2.18
18.9,0.011437439919392245,65.07257535119524,-2.18
18.909999999999997,0.011436900181937618,65.07195738499594,-2.18
18.919999999999998,0.01143587421243722,65.07115474080867,-2.18
18.929999999999996,0.01143433088592674,65.0699938527429,-2.18
18.939999999999998,0.011432275902452054,65.0683326922248,-2.18
18.949999999999996,0.01142975304120003,65.06606679277151,-2.18
18.959999999999997,0.011426841679584934,65.0631318580987,-2.18
18.97,0.011423650856719487,65.05950329742056,-2.18
18.979999999999997,0.011420310646133676,65.05519297550411,-2.18
18.99,0.011416961914147579,65.05024360538633,-2.18
18.999999999999996,0.011413745643494122,65.0447215729575,-2.18
19.009999999999998,0.011410792923240905,65.03870947316463,-2.18
19.019999999999996,0.011408216502003438,65.03229976903303,-2.18
19.029999999999998,0.011406104528854814,65.02559042343357,-2.18
19.039999999999996,0.011404516799530076,65.01868251231268,-2.18
19.049999999999997,0.011403483497002424,65.01167911196895,-2.18
19.06,0.011403006088387395,65.00468408278145,-2.18
19.069999999999997,0.011403059775798684,64.9977990151907,-2.18
19.08,0.011403596778122554,64.99111725384368,-2.18
19.089999999999996,0.011404549793982331,64.98471554270745,-2.18
19.099999999999998,0.011405835252151018,64.97864552630088,-2.18
19.109999999999996,0.01140735632280375,64.97292829775422,-2.18
19.119999999999997,0.011409006026144357,64.96755494864466,-2.18
19.129999999999995,0.01141067100607527,64.96249430571166,-2.18
19.139999999999997,0.011412236535930955,64.95770614048593,-2.18
19.15,0.011413593053665792,64.95315558140943,-2.18
19.159999999999997,0.01141464403523611,64.9488235973996,-2.18
19.169999999999998,0.011415314449323503,64.94470962219988,-2.18
19.179999999999996,0.011415558584517335,64.94082538463408,-2.18
19.189999999999998,0.011415365862955397,64.93718278561819,-2.18
19.199999999999996,0.011414763427060708,64.93378125434073,-2.18
19.209999999999997,0.01141381477248251,64.93059993504544,-2.18
19.219999999999995,0.011412614358416994,64.92759767505753,-2.18
19.229999999999997,0.011411278766017826,64.92472070430182,-2.18
19.24,0.01140993545072613,64.9219155987262,-2.18
19.249999999999996,0.01140871039053118,64.9191442178289,-2.18
19.259999999999998,0.01140771598631489,64.91639730761909,-2.18
19.269999999999996,0.011407040471678887,64.91370348079666,-2.18
19.279999999999998,0.011406739888672312,64.91113031693358,-2.18
19.289999999999996,0.011406833413010324,64.90877523201493,-2.18
19.299999999999997,0.01140730247656676,64.90674601803073,-2.18
19.31,0.011408093747634322,64.90513398603773,-2.18
19.319999999999997,0.011409125626967621,64.90398533653732,-2.18
19.33,0.011410297551185562,64.90327767663426,-2.18
19.339999999999996,0.011411501100741387,64.90290791853909,-2.18
19.349999999999998,0.011412631698152029,64.90269532824672,-2.18
19.359999999999996,0.01141359956087479,64.90240027543723,-2.18
19.369999999999997,0.011414338569752824,64.90175633753216,-2.18
19.379999999999995,0.011414811874500434,64.900510924241,-2.18
19.389999999999997,0.011415013424739225,64.8984671469881,-2.18
19.4,0.011414965196375375,64.89551806309754,-2.18
19.409999999999997,0.011414710612400408,64.89166541427988,-2.18
19.419999999999998,0.01141430537459464,64.88701888562544,-2.18
19.429999999999996,0.011413807422222718,64.88177682732542,-2.18
19.439999999999998,0.011413267857493876,64.87619317055835,-2.18
19.449999999999996,0.011412724378396502,64.87053729992523,-2.18
19.459999999999997,0.011412198115991019,64.86505422710118,-2.18
19.469999999999995,0.011411693971746949,64.85993175739661,-2.18
19.479999999999997,0.011411203821099412,64.85527956494599,-2.18
19.49,0.011410711471839282,64.851122480006,-2.18
19.499999999999996,0.01141019811490801,64.84740738559921,-2.18
19.509999999999998,0.011409647152934533,64.8440206833356,-2.18
19.519999999999996,0.011409047636235688,64.84081187411147,-2.18
19.529999999999998,0.01140839594653771,64.83761840544211,-2.18
19.539999999999996,0.011407695742538379,64.83428740572198,-2.18
19.549999999999997,0.011406956469515539,64.83069130632441,-2.18
19.56,0.011406190926718235,64.82673639084639,-2.18
19.569999999999997,0.01140541248387644,64.82236513344537,-2.18
19.58,0.011404632546064566,64.8175542127337,-2.18
19.589999999999996,0.011403858788502858,64.81231061496689,-2.18
19.599999999999998,0.011403094527220962,64.8066684219546,-2.18
19.609999999999996,0.011402339376802255,64.80068808084123,-2.18
19.619999999999997,0.011401591108161304,64.79445793892266,-2.18
19.629999999999995,0.011400848400997208,64.78809558843152,-2.18
19.639999999999997,0.011400114021580433,64.7817454482136,-2.18
19.65,0.011399397863599833,64.77556979530812,-2.18
19.659999999999997,0.011398719272114695,64.76973313252964,-2.18
19.669999999999998,0.011398108127875907,64.76438312153368,-2.18
19.679999999999996,0.01139760429986073,64.75963310408923,-2.18
19.689999999999998,0.011397255274335775,64.7555500735698,-2.18
19.699999999999996,0.011397112028605688,64.75214892011071,-2.18
19.709999999999997,0.011397223509085714,64.74939150324957,-2.18
19.719999999999995,0.011397630344961752,64.7471891724353,-2.18
19.729999999999997,0.011398358614593708,64.74540886443224,-2.18
19.74,0.011399414523493412,64.74388369464293,-2.18
19.749999999999996,0.01140078072163336,64.7424278972367,-2.18
19.759999999999998,0.011402414707220804,64.740854034375,-2.18
19.769999999999996,0.01140424941736985,64.7389894886846,-2.18
19.779999999999998,0.011406195805931942,64.73669014342079,-2.18
19.789999999999996,0.011408147039588264,64.73385092383597,-2.18
19.799999999999997,0.011409983927138987,64.7304140268667,-2.18
19.81,0.011411581294511171,64.72637520145804,-2.18
19.819999999999997,0.011412815146928454,64.7217865968695,-2.18
19.83,0.01141357052703481,64.71675334279644,-2.18
19.839999999999996,0.011413749921427463,64.71142215881777,-2.18
19.849999999999998,0.011413281879698596,64.70596349187431,-2.18
19.859999999999996,0.011412129232372373,64.70055118820801,-2.18
19.869999999999997,0.011410296007337235,64.69534346271955,-2.18
19.879999999999995,0.011407831947892997,64.69046679353173,-2.18
19.889999999999997,0.011404833523875354,64.68600296885141,-2.18
19.9,0.011401440562580805,64.68198022980079,-2.18
19.909999999999997,0.011397828105526425,64.67837092267735,-2.18
19.919999999999998,0.01139419373575703,64.67509785228012,-2.18
19.929999999999996,0.01139074128755387,64.67204902342938,-2.18
19.939999999999998,0.01138766243729002,64.66909757166587,-2.18
19.949999999999996,0.011385118123591368,64.66612251757599,-2.18
19.959999999999997,0.011383222020449188,64.6630267391049,-2.18
19.969999999999995,0.011382028333811313,64.65974991451516,-2.18
19.979999999999997,0.011381525932004435,64.65627506574005,-2.18
19.99,0.011381640175163674,64.6526279655314,-2.18
19.999999999999996,0.011382242753339931,64.64886986276744,-2.18
20.009999999999998,0.011383168489403944,64.64508554478799,-2.18
20.019999999999996,0.011384236710984388,64.64136952163457,-2.18
20.029999999999998,0.011385273843483739,64.63781258382468,-2.18
20.039999999999996,0.011386133635454435,64.6344900329334,-2.18
20.049999999999997,0.011386711996421463,64.63145254406696,-2.18
20.059999999999995,0.011386954657866405,64.6287208846839,-2.18
20.069999999999997,0.011386857398224311,64.6262857388818,-2.18
20.08,0.011386459954603355,64.62411293600164,-2.18
20.089999999999996,0.011385835635259682,64.62215262915522,-2.18
20.099999999999998,0.011385078919256369,64.62034949371734,-2.18
20.109999999999996,0.011384293055512239,64.61865085947312,-2.18
20.119999999999997,0.011383579062939476,64.61701082793046,-2.18
20.129999999999995,0.011383026844717654,64.6153898473688,-2.18
20.139999999999997,0.011382708564551171,64.61375019363344,-2.18
20.15,0.01138267408330746,64.61204867978837,-2.18
20.159999999999997,0.011382948121602364,64.6102290028798,-2.18
20.169999999999998,0.0113835288463821,64.60821659760894,-2.18
20.179999999999996,0.01138438770580899,64.60591803391826,-2.18
20.189999999999998,0.011385470490498642,64.60322574707881,-2.18
20.199999999999996,0.011386699731738753,64.60002822850511,-2.18
20.209999999999997,0.011387978624598057,64.59622527926486,-2.18
20.219999999999995,0.01138919665944673,64.59174677432328,-2.18
20.229999999999997,0.011390237038956164,64.58657200050001,-2.18
20.24,0.011390985737510432,64.58074589647536,-2.18
20.249999999999996,0.011391341733118726,64.5743886952775,-2.18
20.259999999999998,0.011391227552512172,64.56769633490123,-2.18
20.269999999999996,0.011390598910623181,64.5609303876266,-2.18
20.279999999999998,0.011389452017817984,64.55439794475707,-2.18
20.289999999999996,0.011387827180953138,64.54842341263054,-2.18
20.299999999999997,0.011385807692254937,64.54331519916492,-2.18
20.309999999999995,0.011383513647246076,64.53933107823241,-2.18
20.319999999999997,0.011381091119438233,64.53664690337786,-2.18
20.33,0.011378697852546112,64.53533369350845,-2.18
20.339999999999996,0.011376487158203875,64.53534701675335,-2.18
20.349999999999998,0.011374591965537471,64.53653022596296,-2.18
20.359999999999996,0.011373110965803087,64.53863071469291,-2.18
20.369999999999997,0.011372098569764587,64.54132690741854,-2.18
20.379999999999995,0.011371559987318855,64.54426281095799,-2.18
20.389999999999997,0.011371452167668359,64.54708573436488,-2.18
20.4,0.011371690614562176,64.54948138320665,-2.18
20.409999999999997,0.011372161268265405,64.55120031977619,-2.18
20.419999999999998,0.011372735860993176,64.55207175846775,-2.18
20.429999999999996,0.011373288590374517,64.55200424915395,-2.18
20.439999999999998,0.01137371176075934,64.55097620650872,-2.18
20.449999999999996,0.011373928261086538,64.54902086771952,-2.18
20.459999999999997,0.011373899320592013,64.54620990596774,-2.18
20.469999999999995,0.011373626763746038,64.54263871035951,-2.18
20.479999999999997,0.011373149796414761,64.53841522774701,-2.18
20.49,0.011372537063267645,64.53365310054338,-2.18
20.499999999999996,0.011371875263713666,64.52846831540738,-2.18
20.509999999999998,0.011371255984943632,64.52297740980661,-2.18
20.519999999999996,0.011370762591409437,64.51729536399344,-2.18
20.529999999999998,0.011370458975076145,64.5115321743491,-2.18
20.539999999999996,0.011370381697242454,64.50578761515388,-2.18
20.549999999999997,0.011370536542147777,64.50014388086338,-2.18
20.559999999999995,0.011370899809584925,64.49465663027327,-2.18
20.569999999999997,0.011371423920714266,64.48934655567645,-2.18
20.58,0.01137204625267956,64.48419490498972,-2.18
20.589999999999996,0.011372699671784524,64.47914631608103,-2.18
20.599999999999998,0.01137332304860269,64.47412063009074,-2.18
20.609999999999996,0.011373870101671579,64.46903257458837,-2.18
20.619999999999997,0.011374315192592098,64.46381536487702,-2.18
20.629999999999995,0.011374655143509759,64.45844250284927,-2.18
20.639999999999997,0.01137490673730805,64.45294214757759,-2.18
20.65,0.011375100260904006,64.44740039480645,-2.18
20.659999999999997,0.011375270191863344,64.44195281137135,-2.18
20.669999999999998,0.011375444766586537,64.43676632913,-2.18
20.679999999999996,0.011375636524987437,64.43201500991994,-2.18
20.689999999999998,0.011375835861505871,64.42785320829486,-2.18
20.699999999999996,0.011376009084917491,64.42438937865646,-2.18
20.709999999999997,0.011376101589131896,64.42166420041005,-2.18
20.719999999999995,0.011376045681257019,64.41963754918257,-2.18
20.729999999999997,0.011375771677629001,64.4181887222561,-2.18
20.74,0.011375220284774785,64.41713209875468,-2.18
20.749999999999996,0.011374354128173003,64.41624652740082,-2.18
20.759999999999998,0.011373166548871685,64.41531282644301,-2.18
20.769999999999996,0.011371686331707124,64.41415118516619,-2.18
20.779999999999998,0.011369977697782892,64.41264965059189,-2.18
20.789999999999996,0.011368135565901213,64.41077684302776,-2.18
20.799999999999997,0.011366276707084389,64.4085765712501,-2.18
20.809999999999995,0.011364527953139905,64.40614750548124,-2.18
20.819999999999997,0.011363013022150434,64.40361480846862,-2.18
20.83,0.01136183971501088,64.40110098922464,-2.18
20.839999999999996,0.011361089151933467,64.39870108989716,-2.18
20.849999999999998,0.011360808336834352,64.39646484238233,-2.18
20.859999999999996,0.011361006720917059,64.3943869947079,-2.18
20.869999999999997,0.011361656735983536,64.3924065293173,-2.18
20.879999999999995,0.011362697674363459,64.39041525610448,-2.18
20.889999999999997,0.011364041945257919,64.3882754986238,-2.18
20.9,0.01136558267344269,64.38584493516863,-2.18
20.909999999999997,0.011367201772086652,64.3830046563573,-2.18
20.919999999999998,0.011368777908348204,64.37968527012353,-2.18
20.929999999999996,0.011370194065969183,64.37588599339593,-2.18
20.939999999999998,0.011371344600232309,64.37168282764473,-2.18
20.949999999999996,0.01137214173731438,64.36722364484405,-2.18
20.959999999999997,0.011372521402934628,64.36271011565995,-2.18
20.969999999999995,0.011372448122905252,64.3583688549792,-2.18
20.979999999999997,0.011371918589495298,64.35441669817953,-2.18
20.99,0.011370963399523806,64.3510268836972,-2.18
20.999999999999996,0.01136964648975404,64.34830303745026,-2.18
21.009999999999998,0.011368061935288373,64.34626589921568,-2.18
21.019999999999996,0.011366328011008495,64.34485473403598,-2.18
21.029999999999998,0.011364578697312678,64.34394270834544,-2.18
21.039999999999996,0.011362953102692802,64.34336339830703,-2.18
21.049999999999997,0.011361583561236715,64.34294342055944,-2.18
21.059999999999995,0.011360583426588312,64.34253415322303,-2.18
21.069999999999997,0.011360035785076264,64.34203502641368,-2.18
21.08,0.011359984387768737,64.34140290328716,-2.18
21.089999999999996,0.011360427992717014,64.34064607202404,-2.18
21.099999999999998,0.01136131898154476,64.33980569709398,-2.18
21.109999999999996,0.011362566595998675,64.33893081283783,-2.18
21.119999999999997,0.01136404453329028,64.33805434019429,-2.18
21.129999999999995,0.01136560208563905,64.33717666301463,-2.18
21.139999999999997,0.0113670776173263,64.3362599818938,-2.18
21.149999999999995,0.011368312978293903,64.33523252008008,-2.18
21.159999999999997,0.011369167437302796,64.3339992253135,-2.18
21.169999999999998,0.01136952983556499,64.33245576822819,-2.18
21.179999999999996,0.011369327871539991,64.33050368656755,-2.18
21.189999999999998,0.011368533710006247,64.32806461714269,-2.18
21.199999999999996,0.011367165464344223,64.32509099317784,-2.18
21.209999999999997,0.011365284518229804,64.32157101793925,-2.18
21.219999999999995,0.011362989079109077,64.3175277106577,-2.18
21.229999999999997,0.011360404715601957,64.31301401816928,-2.18
21.24,0.011357672873553095,64.30810682257196,-2.18
21.249999999999996,0.011354938486102702,64.30290196592665,-2.18
21.259999999999998,0.011352337813694368,64.29751103929682,-2.18
21.269999999999996,0.01134998759109311,64.29205944285758,-2.18
21.279999999999998,0.011347976428438005,64.28668443152841,-2.18
21.289999999999996,0.011346359209401486,64.28153158472904,-2.18
21.299999999999997,0.01134515494814951,64.27674839689125,-2.18
21.309999999999995,0.011344348222063025,64.27247448228846,-2.18
21.319999999999997,0.01134389393282226,64.26882917546394,-2.18
21.33,0.011343724821668613,64.26589878725092,-2.18
21.339999999999996,0.011343760912474916,64.2637266570866,-2.18
21.349999999999998,0.011343919883714913,64.2623085438545,-2.18
21.359999999999996,0.011344127272118198,64.26159395736637,-2.18
21.369999999999997,0.01134432539529964,64.26149210811967,-2.18
21.379999999999995,0.011344479971016784,64.26188032029435,-2.18
21.389999999999997,0.011344583627373629,64.26261286095821,-2.18
21.399999999999995,0.011344655842207462,64.26352880300115,-2.18
21.409999999999997,0.011344739289844051,64.26445878071034,-2.18
21.419999999999998,0.011344893042047608,64.26523179261152,-2.18
21.429999999999996,0.01134518348267301,64.26568333488918,-2.18
21.439999999999998,0.011345674084044074,64.26566481541921,-2.18
21.449999999999996,0.011346415324811272,64.26505278791588,-2.18
21.459999999999997,0.011347436003635301,64.26375645914139,-2.18
21.469999999999995,0.011348737040576892,64.26172287373133,-2.18
21.479999999999997,0.011350288583134284,64.25893983010033,-2.18
21.49,0.01135203086000506,64.25543627124564,-2.18
21.499999999999996,0.01135387876036314,64.25127920649042,-2.18
21.509999999999998,0.01135572959417501,64.24656625462609,-2.18
21.519999999999996,0.01135747299774963,64.24141424226691,-2.18
21.529999999999998,0.011359001608683495,64.23594626045545,-2.18
21.539999999999996,0.01136022104383278,64.23028057772054,-2.18
21.549999999999997,0.011361057907598863,64.2245238141385,-2.18
21.559999999999995,0.011361464989605578,64.21876839669979,-2.18
21.569999999999997,0.011361423358582525,64.21309219743002,-2.18
21.58,0.011360941571410137,64.20755776974389,-2.18
21.589999999999996,0.011360052584295446,64.20220995401918,-2.18
21.599999999999998,0.011358809144668318,64.19707283169848,-2.18
21.609999999999996,0.011357278477173008,64.19214843831296,-2.18
21.619999999999997,0.011355536989577078,64.18741917830106,-2.18
21.629999999999995,0.01135366554742495,64.18285401629322,-2.18
21.639999999999997,0.011351745629882809,64.17841689461768,-2.18
21.649999999999995,0.011349856414776599,64.17407549465355,-2.18
21.659999999999997,0.01134807258847949,64.16980908501066,-2.18
21.669999999999998,0.011346462489061255,64.16561477619678,-2.18
21.679999999999996,0.011345086124109326,64.16151146170695,-2.18
21.689999999999998,0.011343992693879791,64.15754053372432,-2.18
21.699999999999996,0.011343217495222208,64.15376297974481,-2.18
21.709999999999997,0.011342778433612985,64.15025368503088,-2.18
21.719999999999995,0.011342672732968188,64.14709476267612,-2.18
21.729999999999997,0.011342874684931595,64.14436978010887,-2.18
21.74,0.01134333531841526,64.14215982710074,-2.18
21.749999999999996,0.011343984648260315,64.14054096262727,-2.18
21.759999999999998,0.01134473671155432,64.13958144253097,-2.18
21.769999999999996,0.011345497040719145,64.13933681708379,-2.18
21.779999999999998,0.011346171716764332,64.13984148514479,-2.18
21.789999999999996,0.011346676824742843,64.1410964218043,-2.18
21.799999999999997,0.011346947050949316,64.14305457297235,-2.18
21.809999999999995,0.0113469423008295,64.1456074859073,-2.18
21.819999999999997,0.011346651513499149,64.1485779378829,-2.18
21.83,0.011346093225083977,64.15172249559801,-2.18
21.839999999999996,0.011345312834016765,64.15474529746179,-2.18
21.849999999999998,0.011344376923933757,64.15732146946813,-2.18
21.859999999999996,0.011343365381937216,64.15912701100075,-2.18
21.869999999999997,0.011342362360106788,64.1598717860937,-2.18
21.879999999999995,0.011341447293204498,64.15933209703566,-2.18
21.889999999999997,0.011340687147238815,64.1573783746133,-2.18
21.899999999999995,0.011340130818153526,64.15399273866231,-2.18
21.909999999999997,0.011339806173622069,64.14927205094132,-2.18
21.919999999999998,0.01133971973939256,64.14341487911935,-2.18
21.929999999999996,0.011339858604249587,64.13669453961943,-2.18
21.939999999999998,0.011340193849797117,64.12942367789353,-2.18
21.949999999999996,0.011340684733166169,64.1219174169418,-2.18
21.959999999999997,0.011341282936608308,64.11446147247383,-2.18
21.969999999999995,0.011341936388647215,64.10728943402395,-2.18
21.979999999999997,0.011342592388429834,64.1005708097731,-2.18
21.989999999999995,0.01134319997324461,64.09440924731835,-2.18
21.999999999999996,0.011343711628430134,64.0888488501589,-2.18
22.009999999999998,0.011344084537872784,64.08388572717224,-2.18
22.019999999999996,0.011344281610864194,64.07948180024458,-2.18
22.029999999999998,0.011344272501834191,64.07557840285939,-2.18
22.039999999999996,0.011344034772649694,64.07210823407044,-2.18
22.049999999999997,0.011343555246260911,64.06900549320363,-2.18
22.059999999999995,0.011342831482620202,64.066214901893,-2.18
22.069999999999997,0.011341873193090027,64.0637002174498,-2.18
22.08,0.01134070332022882,64.06145175066219,-2.18
22.089999999999996,0.011339358468611595,64.0594910756458,-2.18
22.099999999999998,0.011337888397046263,64.05787059499598,-2.18
22.109999999999996,0.011336354375692559,64.05666642408384,-2.18
22.119999999999997,0.011334826353372214,64.05596467871855,-2.18
22.129999999999995,0.011333379037341771,64.05584274770031,-2.18
22.139999999999997,0.011332087131736496,64.05634823175865,-2.18
22.149999999999995,0.011331020098177156,64.05747920677882,-2.18
22.159999999999997,0.011330236888353724,64.05917019289635,-2.18
22.169999999999998,0.011329781149791626,64.06128807176572,-2.18
22.179999999999996,0.011329677413377046,64.06364065807735,-2.18
22.189999999999998,0.011329928718975125,64.06599768047202,-2.18
22.199999999999996,0.011330516008812852,64.06812050101726,-2.18
22.209999999999997,0.011331399421603537,64.06979466644466,-2.18
22.219999999999995,0.011332521390176141,64.07085938736266,-2.18
22.229999999999997,0.011333811235315105,64.07122972953881,-2.18
22.239999999999995,0.011335190796681941,64.0709091114712,-2.18
22.249999999999996,0.011336580555497857,64.06999056633406,-2.18
22.259999999999998,0.011337905672676505,64.06864547565031,-2.18
22.269999999999996,0.011339101380185103,64.06709924778615,-2.18
22.279999999999998,0.011340117219759313,64.06559531242137,-2.18
22.289999999999996,0.011340919724412434,64.06435152927698,-2.18
22.299999999999997,0.011341493286790216,64.06351591176185,-2.18
22.309999999999995,0.011341839146803971,64.06313043305644,-2.18
22.319999999999997,0.011341972635887758,64.06311146338952,-2.18
22.33,0.011341919006675133,64.06325254847998,-2.18
22.339999999999996,0.011341708335825257,64.0632505410752,-2.18
22.349999999999998,0.011341370110201398,64.06275116971885,-2.18
22.359999999999996,0.011340928187521441,64.06140633177864,-2.18
22.369999999999997,0.011340396839833497,64.05893323902625,-2.18
22.379999999999995,0.011339778507803594,64.05516508254377,-2.18
22.389999999999997,0.011339063690817235,64.0500841691638,-2.18
22.399999999999995,0.011338233075161547,64.043831355833,-2.18
22.409999999999997,0.011337261604460884,64.03668958048647,-2.18
22.419999999999998,0.011336123812131324,64.02904388127371,-2.18
22.429999999999996,0.011334799475368034,64.02132507384698,-2.18
22.439999999999998,0.011333278603497643,64.01394821535979,-2.18
22.449999999999996,0.011331564973244647,64.00725834297407,-2.18
22.459999999999997,0.011329677822480974,64.00149339465816,-2.18
22.469999999999995,0.011327651782001635,63.99676850163189,-2.18
22.479999999999997,0.011325535493265561,63.99307976842676,-2.18
22.489999999999995,0.011323389499779776,63.99032186144534,-2.18
22.499999999999996,0.011321283872785411,63.988313118104365,-2.18
22.509999999999998,0.01131929570177107,63.98682365942827,-2.18
22.519999999999996,0.01131750619706013,63.985604222649116,-2.18
22.529999999999998,0.011315996898204374,63.98441433739114,-2.18
22.539999999999996,0.011314844495481856,63.9830479386794,-2.18
22.549999999999997,0.011314114091824451,63.98135391727882,-2.18
22.559999999999995,0.011313851287193685,63.97924949378854,-2.18
22.569999999999997,0.011314074086820771,63.97672554239291,-2.18
22.58,0.011314766103005136,63.973844382984026,-2.18
22.589999999999996,0.011315872655760255,63.97073138069783,-2.18
22.599999999999998,0.011317301094877033,63.96756161776162,-2.18
22.609999999999996,0.011318926008218667,63.964542484264186,-2.18
22.619999999999997,0.011320599121432202,63.96189317325247,-2.18
22.629999999999995,0.011322162868894698,63.95982278004743,-2.18
22.639999999999997,0.011323466013377706,63.958509127239914,-2.18
22.649999999999995,0.011324379393987295,63.958080073852535,-2.18
22.659999999999997,0.011324809878369712,63.95859839794875,-2.18
22.669999999999998,0.011324710825530616,63.960051142535264,-2.18
22.679999999999996,0.011324087760651474,63.962344750756344,-2.18
22.689999999999998,0.01132299848160909,63.9653077504587,-2.18
22.699999999999996,0.011321547444850276,63.96870233921851,-2.18
22.709999999999997,0.01131987498136307,63.97224460482197,-2.18
22.719999999999995,0.011318142573624367,63.97563076971034,-2.18
22.729999999999997,0.011316515943323242,63.978565016403884,-2.18
22.739999999999995,0.01131514794770861,63.98078424352261,-2.18
22.749999999999996,0.01131416322326186,63.98207650571009,-2.18
22.759999999999998,0.011313646188917247,63.982292009854376,-2.18
22.769999999999996,0.011313633524971702,63.9813474272024,-2.18
22.779999999999998,0.01131411169190252,63.97922521184198,-2.18
22.789999999999996,0.011315019521732991,63.97596932209734,-2.18
22.799999999999997,0.011316255426173752,63.97167787966644,-2.18
22.809999999999995,0.011317688327374531,63.96649305211389,-2.18
22.819999999999997,0.011319171060400438,63.96058919809252,-2.18
22.829999999999995,0.011320554775394932,63.954161111725895,-2.18
22.839999999999996,0.01132170282490635,63.94741379710652,-2.18
22.849999999999998,0.011322502766371447,63.940553643552974,-2.18
22.859999999999996,0.011322875409692743,63.93377961391266,-2.18
22.869999999999997,0.011322780230626436,63.927273262671406,-2.18
22.879999999999995,0.011322216880366583,63.92118774375371,-2.18
22.889999999999997,0.01132122290619149,63.91563739268429,-2.18
22.899999999999995,0.011319868148791237,63.91069021488732,-2.18
22.909999999999997,0.01131824659433291,63.906365379838064,-2.18
22.919999999999998,0.011316466701055093,63.90263676871768,-2.18
22.929999999999996,0.011314641338196854,63.899442295422084,-2.18
22.939999999999998,0.011312878430083027,63.89669761522696,-2.18
22.949999999999996,0.011311273189088873,63.89431213100296,-2.18
22.959999999999997,0.011309902490285734,63.892204886249885,-2.18
22.969999999999995,0.011308821566337854,63.89031794539652,-2.18
22.979999999999997,0.011308062872052974,63.88862515983427,-2.18
22.989999999999995,0.01130763674447064,63.8871347657194,-2.18
22.999999999999996,0.011307533382236359,63.88588502632151,-2.18
23.009999999999998,0.01130772567080702,63.88493309228901,-2.18
23.019999999999996,0.01130817245862431,63.88433838473394,-2.18
23.029999999999998,0.011308822012072433,63.884143045598236,-2.18
23.039999999999996,0.011309615512820633,63.88435308363716,-2.18
23.049999999999997,0.011310490581482872,63.884924227420534,-2.18
23.059999999999995,0.011311384891676492,63.88575578811434,-2.18
23.069999999999997,0.011312239958689909,63.88669431426825,-2.18
23.079999999999995,0.011313005132840583,63.88754704611236,-2.18
23.089999999999996,0.011313641692273776,63.888103354311504,-2.18
23.099999999999998,0.011314126721757864,63.88816069392876,-2.18
23.109999999999996,0.0113144562235532,63.88755070536542,-2.18
23.119999999999997,0.011314646716378211,63.88616127741909,-2.18
23.129999999999995,0.011314734543830708,63.88395132615586,-2.18
23.139999999999997,0.011314772319345594,63.8809562694862,-2.18
23.149999999999995,0.01131482240568302,63.87728351578383,-2.18
23.159999999999997,0.01131494799362129,63.87309876815378,-2.18
23.169999999999998,0.011315203032587087,63.86860561023656,-2.18
23.179999999999996,0.011315622748824838,63.8640224801593,-2.18
23.189999999999998,0.011316216582425138,63.85956202744133,-2.18
23.199999999999996,0.011316965015433146,63.85541696227638,-2.18
23.209999999999997,0.011317821021452266,63.851753600119764,-2.18
23.219999999999995,0.011318715944717558,63.84871073279936,-2.18
23.229999999999997,0.01131956877314065,63.84639942738393,-2.18
23.239999999999995,0.011320297209907007,63.84490010350768,-2.18
23.249999999999996,0.011320828757109507,63.8442559702752,-2.18
23.259999999999998,0.011321110176342117,63.84446445642453,-2.18
23.269999999999996,0.011321114083675586,63.845469105959346,-2.18
23.279999999999998,0.01132084194442568,63.84715401190504,-2.18
23.289999999999996,0.011320323263585187,63.849342566744696,-2.18
23.299999999999997,0.011319611278010708,63.851802275982486,-2.18
23.309999999999995,0.011318775918700874,63.854256863107956,-2.18
23.319999999999997,0.011317895174289478,63.856405708156856,-2.18
23.329999999999995,0.011317046179399212,63.85794911882487,-2.18
23.339999999999996,0.011316297318974875,63.8586163657734,-2.18
23.349999999999998,0.011315702372828291,63.85819241915429,-2.18
23.359999999999996,0.011315297274696972,63.85653932827874,-2.18
23.369999999999997,0.011315099538105257,63.85360889285226,-2.18
23.379999999999995,0.011315109941830732,63.84944440926286,-2.18
23.389999999999997,0.01131531577091721,63.844171060977615,-2.18
23.399999999999995,0.01131569480912578,63.83797679688238,-2.18
23.409999999999997,0.011316219352526692,63.83108747561559,-2.18
23.419999999999998,0.01131685970398789,63.82374101234367,-2.18
23.429999999999996,0.01131758684587794,63.816165115662386,-2.18
23.439999999999998,0.011318374216481271,63.808561996340586,-2.18
23.449999999999996,0.011319198699950057,63.801101473164245,-2.18
23.459999999999997,0.011320041062612493,63.793921835322735,-2.18
23.469999999999995,0.011320886120390911,63.78713622554879,-2.18
23.479999999999997,0.011321722896520378,63.78084142694099,-2.18
23.489999999999995,0.01132254492280182,63.7751257971985,-2.18
23.499999999999996,0.011323350659035501,63.77007367086707,-2.18
23.509999999999998,0.01132414378830155,63.765764765272266,-2.18
23.519999999999996,0.011324932960653468,63.76226869272349,-2.18
23.529999999999998,0.011325730492931974,63.759636027377745,-2.18
23.539999999999996,0.011326549656327163,63.757888076832195,-2.18
23.549999999999997,0.011327400511806477,63.75700776907908,-2.18
23.559999999999995,0.011328284726760108,63.756934160883155,-2.18
23.569999999999997,0.01132919028477039,63.757562602522036,-2.18
23.579999999999995,0.011330087307731386,63.75875115342626,-2.18
23.589999999999996,0.01133092620669844,63.76033198345792,-2.18
23.599999999999998,0.01133163901857769,63.76212524661032,-2.18
23.609999999999996,0.011332144139507259,63.763952923032164,-2.18
23.619999999999997,0.01133235391247109,63.76565133722518,-2.18
23.629999999999995,0.011332183898560746,63.76708248606783,-2.18
23.639999999999997,0.011331562348184563,63.768144502684564,-2.18
23.649999999999995,0.011330438470496945,63.768780219407205,-2.18
23.659999999999997,0.011328788521863946,63.768981311321376,-2.18
23.669999999999998,0.01132661931817028,63.768785548287106,-2.18
23.679999999999996,0.011323969290448483,63.76826648892905,-2.18
23.689999999999998,0.011320907479319424,63.76751748421182,-2.18
23.699999999999996,0.011317530857289579,63.76663385369569,-2.18
23.709999999999997,0.011313960152095763,63.76569772000444,-2.18
23.719999999999995,0.011310334070603379,63.764769029662446,-2.18
23.729999999999997,0.01130680166746645,63.76388405149129,-2.18
23.739999999999995,0.011303512701822987,63.76305993397138,-2.18
23.749999999999996,0.011300606224445855,63.76230203448854,-2.18
23.759999999999998,0.011298198262462911,63.76161061843715,-2.18
23.769999999999996,0.011296370121740049,63.76098464733649,-2.18
23.779999999999998,0.011295159247578245,63.76042153946508,-2.18
23.789999999999996,0.011294554552389568,63.75991275033225,-2.18
23.799999999999997,0.011294497541017872,63.75943633153341,-2.18
23.809999999999995,0.011294889528518547,63.75894904124422,-2.18
23.819999999999997,0.011295604029776765,63.75838094372466,-2.18
23.829999999999995,0.011296502372863483,63.75763442779018,-2.18
23.839999999999996,0.01129745003309142,63.75658834246496,-2.18
23.849999999999998,0.011298331202882395,63.755107366819495,-2.18
23.859999999999996,0.011299059628404095,63.75305621711164,-2.18
23.869999999999997,0.011299584559737692,63.75031723446817,-2.18
23.879999999999995,0.01129989153932473,63.7468089556982,-2.18
23.889999999999997,0.011299998512639737,63.7425031259898,-2.18
23.899999999999995,0.0112999483044149,63.73743768757826,-2.18
23.909999999999997,0.011299798851575098,63.73172300550246,-2.18
23.919999999999995,0.011299612731065199,63.72553871624146,-2.18
23.929999999999996,0.011299447478672075,63.71912001335419,-2.18
23.939999999999998,0.011299347974709599,63.71273459023992,-2.18
23.949999999999996,0.011299341792556419,63.70665383376562,-2.18
23.959999999999997,0.011299437909870839,63.70112345407592,-2.18
23.969999999999995,0.011299628648636512,63.696339051283395,-2.18
23.979999999999997,0.01129989423374633,63.69243083840043,-2.18
23.989999999999995,0.011300209012638812,63.68945911055773,-2.18
23.999999999999996,0.01130054819098658,63.68741913102489,-2.18
24.009999999999998,0.011300893912120634,63.68625217183336,-2.18
24.019999999999996,0.01130123963026468,63.6858590128248,-2.18
24.029999999999998,0.011301591988567408,63.686112862328294,-2.18
24.039999999999996,0.0113019698023749,63.68686981152048,-2.18
24.049999999999997,0.011302400246308747,63.68797625085575,-2.18
24.059999999999995,0.01130291289362479,63.689274006003785,-2.18
24.069999999999997,0.01130353274622609,63.69060499114664,-2.18
24.079999999999995,0.011304273682861441,63.69181736452236,-2.18
24.089999999999996,0.011305133729398396,63.6927741530026,-2.18
24.099999999999998,0.011306093182881576,63.69336362421027,-2.18
24.109999999999996,0.011307115969723102,63.69350943094539,-2.18
24.119999999999997,0.011308153864803648,63.69317829836003,-2.18
24.129999999999995,0.01130915256923967,63.692383475962856,-2.18
24.139999999999997,0.01131005831852547,63.691182853076796,-2.18
24.149999999999995,0.011310823737186679,63.68967134098442,-2.18
24.159999999999997,0.011311412019791732,63.68796786190678,-2.18
24.169999999999995,0.01131179905377611,63.68619809686823,-2.18
24.179999999999996,0.011311973622480312,63.684475068987844,-2.18
24.189999999999998,0.01131193619631193,63.682880665444834,-2.18
24.199999999999996,0.011311696981098561,63.681452071940335,-2.18
24.209999999999997,0.011311273862499518,63.680177063473444,-2.18
24.219999999999995,0.011310690721316076,63.67900033128967,-2.18
24.229999999999997,0.01130997636707421,63.67783975671291,-2.18
24.239999999999995,0.01130916410592186,63.67660841925777,-2.18
24.249999999999996,0.011308291761651363,63.67523680059429,-2.18
24.259999999999998,0.011307401826927875,63.67369034775099,-2.18
24.269999999999996,0.01130654134911865,63.67197945562073,-2.18
24.279999999999998,0.011305761160939145,63.670161233944434,-2.18
24.289999999999996,0.011305114155462722,63.66833459403267,-2.18
24.299999999999997,0.011304652474227319,63.66663144700262,-2.18
24.309999999999995,0.011304423705380281,63.66520632882989,-2.18
24.319999999999997,0.011304466432723793,63.6642248024365,-2.18
24.329999999999995,0.011304805679019144,63.6638491941575,-2.18
24.339999999999996,0.011305448895926622,63.66422024971153,-2.18
24.349999999999998,0.011306383138303231,63.66543531204533,-2.18
24.359999999999996,0.011307573926082858,63.667526476816704,-2.18
24.369999999999997,0.011308966083673648,63.67044426728391,-2.18
24.379999999999995,0.011310486613413127,63.67405227125964,-2.18
24.389999999999997,0.011312049448815416,63.67813550260391,-2.18
24.399999999999995,0.011313561756841431,63.682421253940554,-2.18
24.409999999999997,0.011314931309997339,63.68660803802598,-2.18
24.419999999999995,0.011316074323128162,63.69039715643055,-2.18
24.429999999999996,0.011316923048812624,63.693522166083184,-2.18
24.439999999999998,0.011317432359142881,63.69577294984848,-2.18
24.449999999999996,0.0113175845257513,63.69701245446591,-2.18
24.459999999999997,0.011317391463797804,63.69718519791987,-2.18
24.469999999999995,0.01131689385193664,63.696317390914174,-2.18
24.479999999999997,0.011316156804498321,63.69450904512353,-2.18
24.489999999999995,0.011315262179256927,63.691918848853554,-2.18
24.499999999999996,0.011314298157538174,63.688742978825495,-2.18
24.509999999999998,0.01131334736856837,63.685189483291076,-2.18
24.519999999999996,0.011312475384862944,63.681450506204335,-2.18
24.529999999999998,0.011311721674751214,63.67767550035777,-2.18
24.539999999999996,0.011311094890168382,63.67394967827413,-2.18
24.549999999999997,0.011310573643387934,63.6702827982787,-2.18
24.559999999999995,0.01131011280324595,63.66661273527247,-2.18
24.569999999999997,0.011309654106662412,63.66282500264773,-2.18
24.579999999999995,0.011309138899123168,63.6587842676654,-2.18
24.589999999999996,0.011308520374569028,63.65436971021579,-2.18
24.599999999999998,0.011307772888605388,63.64950503703716,-2.18
24.609999999999996,0.011306896681960124,63.64417601487246,-2.18
24.619999999999997,0.011305917424162749,63.63843216505471,-2.18
24.629999999999995,0.011304881054618944,63.632373535246835,-2.18
24.639999999999997,0.011303845212002162,63.62612716262396,-2.18
24.649999999999995,0.011302868994058647,63.619819859419025,-2.18
24.659999999999997,0.011302002884916895,63.613553769359584,-2.18
24.669999999999995,0.011301280495729834,63.6073893458282,-2.18
24.679999999999996,0.01130071337411343,63.60133811735412,-2.18
24.689999999999998,0.011300289615081463,63.5953656337092,-2.18
24.699999999999996,0.011299976392793707,63.589403603327966,-2.18
24.709999999999997,0.011299725883349973,63.58336943427483,-2.18
24.719999999999995,0.011299483466626481,63.577190931780414,-2.18
24.729999999999997,0.011299196710739754,63.57083326582656,-2.18
24.739999999999995,0.011298823558503136,63.564324185771106,-2.18
24.749999999999996,0.011298338381518041,63.557772386154525,-2.18
24.759999999999994,0.01129773508479925,63.55137403835098,-2.18
24.769999999999996,0.011297027088831426,63.54540432350084,-2.18
24.779999999999998,0.011296244606630647,63.54019378636586,-2.18
24.789999999999996,0.011295430031758577,63.5360924041847,-2.18
24.799999999999997,0.011294632405199892,63.53342657465734,-2.1899999999999964
24.809999999999995,0.011293901859599586,63.53245544703534,-2.19
24.819999999999997,0.011293284727147574,63.53333307126887,-2.1800000000000037
24.829999999999995,0.011292819738607017,63.536081651834174,-2.18
24.839999999999996,0.0112925355086629,63.54057910151258,-2.1899999999999964
24.849999999999998,0.011292449327915966,63.546562043268935,-2.19
24.859999999999996,0.011292567164390243,63.553644102107214,-2.19
24.869999999999997,0.011292884704250378,63.5613483105373,-2.1800000000000037
24.879999999999995,0.011293389215315641,63.569150765514586,-2.18
24.889999999999997,0.011294061979654046,63.57653042036439,-2.18
24.899999999999995,0.011294880999072485,63.58301839523671,-2.18
24.909999999999997,0.011295823630226229,63.58824045472774,-2.18
24.919999999999995,0.01129686877590207,63.59194800441755,-2.18
24.929999999999996,0.011297998278944137,63.59403506781774,-2.18
24.939999999999998,0.011299197259738717,63.59454051081616,-2.1899999999999964
24.949999999999996,0.011300453308747831,63.59363612106258,-2.1800000000000037
24.959999999999997,0.011301754667377211,63.591602124890706,-2.18
24.969999999999995,0.011303087755447272,63.58879248444593,-2.18
24.979999999999997,0.011304434574566667,63.58559301002274,-2.18
24.989999999999995,0.01130577058867841,63.58237607952567,-2.18
24.999999999999996,0.011307063636600945,63.579456646163194,-2.1899999999999964
25.009999999999994,0.01130827427553323,63.57705503528803,-2.19
25.019999999999996,0.011309357722753183,63.57527207013065,-2.1800000000000037
25.029999999999998,0.01131026730067742,63.57408049975821,-2.18
25.039999999999996,0.011310959038189036,63.57333370790654,-2.1899999999999964
25.049999999999997,0.011311396865720028,63.572789643011525,-2.1800000000000037
25.059999999999995,0.0113115576834928,63.57214592585141,-2.18
25.069999999999997,0.011311435504442897,63.5710810340826,-2.18
25.079999999999995,0.011311043903084121,63.56929601957193,-2.18
25.089999999999996,0.011310416166254453,63.56655168693734,-2.1899999999999964
25.099999999999998,0.011309602853759457,63.56269760172716,-2.1800000000000037
25.109999999999996,0.011308666906496085,63.55769087355754,-2.18
25.119999999999997,0.01130767689738103,63.55160356932681,-2.1899999999999964
25.129999999999995,0.01130669938508827,63.54461802217201,-2.1800000000000037
25.139999999999997,0.011305791506372632,63.53700986956394,-2.18
25.149999999999995,0.011304994894809881,63.529119682508416,-2.1899999999999964
25.159999999999997,0.01130433176884604,63.52131559646078,-2.1800000000000037
25.169999999999995,0.011303803662613828,63.51395130729094,-2.18
25.179999999999996,0.011303392867106155,63.50732541731472,-2.18
25.189999999999998,0.011303066273116245,63.501648482585885,-2.1899999999999964
25.199999999999996,0.011302780991777625,63.49702301800231,-2.1800000000000037
25.209999999999997,0.01130249088993883,63.49343947843659,-2.18
25.219999999999995,0.011302153041926962,63.4907882212516,-2.18
25.229999999999997,0.011301733102661792,63.48888441397663,-2.18
25.239999999999995,0.011301208778758504,63.48750083318939,-2.18
25.249999999999996,0.011300570916205212,63.486402965219774,-2.18
25.259999999999994,0.011299822189508951,63.48538136217441,-2.18
25.269999999999996,0.011298973865779504,63.48427724160161,-2.18
25.279999999999998,0.011298041500021498,63.48299855537132,-2.18
25.289999999999996,0.011297040596746513,63.48152512217516,-2.18
25.299999999999997,0.011295983214054272,63.47990290594489,-2.18
25.309999999999995,0.011294876220981296,63.4782290918484,-2.1899999999999964
25.319999999999997,0.011293721528610069,63.47663103556284,-2.1800000000000037
25.329999999999995,0.01129251820104078,63.47524293881696,-2.1899999999999964
25.339999999999996,0.011291265994935518,63.474183888453396,-2.19
25.349999999999998,0.011289969618866878,63.47354000655076,-2.19
25.359999999999996,0.011288642861911623,63.47335248105031,-2.19
25.369999999999997,0.011287311720996784,63.47361235795283,-2.19
25.379999999999995,0.011286015762888485,63.47426214725354,-2.19
25.389999999999997,0.011284807191670068,63.475203566782604,-2.19
25.399999999999995,0.011283747447292896,63.47631007958069,-2.19
25.409999999999997,0.01128290159700161,63.4774423891001,-2.19
25.419999999999995,0.011282331219473623,63.478465063213434,-2.19
25.429999999999996,0.011282086818024385,63.479262737919726,-2.19
25.439999999999998,0.011282200945962221,63.47975421606616,-2.19
25.449999999999996,0.01128268314178042,63.47990226196335,-2.19
25.459999999999997,0.01128351747427874,63.47971687983543,-2.19
25.469999999999995,0.011284663070200509,63.47925088692922,-2.19
25.479999999999997,0.011286057549095231,63.47858832123109,-2.19
25.489999999999995,0.011287622902569006,63.477827937006396,-2.19
25.499999999999996,0.011289273057017239,63.47706501610037,-2.19
25.509999999999994,0.011290922154687789,63.476374628179116,-2.19
25.519999999999996,0.011292492490622275,63.47579884215214,-2.19
25.529999999999998,0.01129392107961334,63.475340065729824,-2.19
25.539999999999996,0.011295164021923617,63.474962474586654,-2.19
25.549999999999997,0.011296198189473966,63.474602234271266,-2.19
25.559999999999995,0.011297020219715872,63.47418463172856,-2.19
25.569999999999997,0.011297643280908615,63.473643736388,-2.19
25.579999999999995,0.011298092433462253,63.47293942120638,-2.19
25.589999999999996,0.011298399563349286,63.47206772868787,-2.19
25.599999999999994,0.011298598779264216,63.471062799547454,-2.19
25.609999999999996,0.011298722887722977,63.469990912447464,-2.19
25.619999999999997,0.011298801184329473,63.46893883331766,-2.19
25.629999999999995,0.011298858438892702,63.467999259559186,-2.19
25.639999999999997,0.011298914697078727,63.467255995196105,-2.19
25.649999999999995,0.01129898541395824,63.466771167004055,-2.19
25.659999999999997,0.011299081471684314,63.46657628621674,-2.19
25.669999999999995,0.01129920877872459,63.46666798780597,-2.19
25.679999999999996,0.01129936735226525,63.46700809890929,-2.19
25.689999999999998,0.011299550006994546,63.46752710808388,-2.19
25.699999999999996,0.011299740984761152,63.46813057688209,-2.19
25.709999999999997,0.011299915032376344,63.46870881630834,-2.19
25.719999999999995,0.011300037526032014,63.46914983489178,-2.19
25.729999999999997,0.011300066198966756,63.469353819858746,-2.19
25.739999999999995,0.011299954816353309,63.46924565669989,-2.19
25.749999999999996,0.01129965875695788,63.46878185166061,-2.19
25.759999999999994,0.011299141962569561,63.4679499070944,-2.19
25.769999999999996,0.011298384227459105,63.46676066372281,-2.19
25.779999999999998,0.011297387478700491,63.465236128139836,-2.19
25.789999999999996,0.011296179673431926,63.46339624794175,-2.19
25.799999999999997,0.011294815262873945,63.461248253379,-2.19
25.809999999999995,0.011293371791482681,63.45878190534725,-2.19
25.819999999999997,0.011291942952063965,63.45597279415849,-2.19
25.829999999999995,0.011290629091984788,63.452793160893954,-2.19
25.839999999999996,0.011289526592718372,63.449226427566465,-2.19
25.849999999999994,0.011288717654654074,63.44527973727622,-2.19
25.859999999999996,0.011288261837789916,63.44098962320493,-2.19
25.869999999999997,0.011288190331832555,63.43641896735116,-2.19
25.879999999999995,0.01128850347354771,63.431647050228065,-2.19
25.889999999999997,0.01128917157849872,63.42675714355159,-2.19
25.899999999999995,0.011290138741121992,63.421826762023294,-2.19
25.909999999999997,0.011291328898543122,63.4169240777193,-2.19
25.919999999999995,0.0112926531903315,63.412110923253,-2.19
25.929999999999996,0.011294017538608406,63.40745014133427,-2.19
25.939999999999998,0.011295329464989127,63.40301424863514,-2.19
25.949999999999996,0.011296503452447579,63.39889315186214,-2.19
25.959999999999997,0.0112974645916342,63.39519958838015,-2.19
25.969999999999995,0.011298150704917806,63.39207129382541,-2.19
25.979999999999997,0.011298513478752886,63.38966887761292,-2.19
25.989999999999995,0.011298519255582895,63.388168494787784,-2.19
25.999999999999996,0.011298150014752182,63.387748831179636,-2.19
26.009999999999994,0.011297404757823724,63.38857260886609,-2.19
26.019999999999996,0.011296301116338468,63.390763497580295,-2.19
26.029999999999998,0.011294876653762847,63.394379616208504,-2.19
26.039999999999996,0.011293189152203594,63.399384817149524,-2.19
26.049999999999997,0.011291315218186776,63.40561941428974,-2.19
26.059999999999995,0.011289346798801255,63.4127733652252,-2.19
26.069999999999997,0.011287385587055245,63.4203664608122,-2.19
26.079999999999995,0.011285535694845195,63.42774081054107,-2.19
26.089999999999996,0.01128389528683058,63.43407053294059,-2.19
26.099999999999994,0.011282548055018474,63.43839226702067,-2.19
26.109999999999996,0.011281555472054934,63.43965808449838,-2.19
26.119999999999997,0.011280950713152965,63.43680972085553,-2.19
26.129999999999995,0.011280735005936564,63.4288701127508,-2.19
26.139999999999997,0.011280876962926241,63.41504575610841,-2.19
26.149999999999995,0.011281315168581368,63.39483197073476,-2.19
26.159999999999997,0.011281963940542998,63.36811239001769,-2.19
26.169999999999995,0.011282721807382469,63.33524276194176,-2.19
26.179999999999996,0.0112834819094601,63.29710714662423,-2.19
26.189999999999998,0.01128414328769925,63.2551333060354,-2.19
26.199999999999996,0.011284621896648998,63.21125570026392,-2.19
26.209999999999997,0.011284860161468166,63.16782003868591,-2.19
26.219999999999995,0.011284833988904324,63.1274316407648,-2.19
26.229999999999997,0.011284556341907025,63.09275807222295,-2.19
26.239999999999995,0.011284076805059929,63.06630174214331,-2.19
26.249999999999996,0.011283477006394342,63.05015947415402,-2.19
26.259999999999994,0.01128286228792787,63.045784849340315,-2.19
26.269999999999996,0.011282350544504575,63.05376725303565,-2.19
26.279999999999998,0.011282059558310482,63.0736401509726,-2.19
26.289999999999996,0.011282094346949833,63.10373057741248,-2.19
26.299999999999997,0.011282535978008325,63.14106222036703,-2.19
26.309999999999995,0.01128343301394681,63.18132548164061,-2.19
26.319999999999997,0.011284796329782423,63.21892842659458,-2.19
26.329999999999995,0.011286597605278635,63.24714115961792,-2.19
26.339999999999996,0.011288771410747894,63.25834170987716,-2.19
26.349999999999994,0.011291220501014975,63.2443635796894,-2.19
26.359999999999996,0.011293823695972373,63.196934036464256,-2.19
26.369999999999997,0.011296445554557041,63.10817905718666,-2.19
26.379999999999995,0.011298946950729418,62.97115729874533,-2.19
26.389999999999997,0.01130119564366274,62.78037389131196,-2.19
26.399999999999995,0.011303075997347676,62.5322180703953,-2.19
26.409999999999997,0.011304497130735804,62.225270217437924,-2.1800000000000037
26.419999999999995,0.01130539894075536,61.860437171868696,-2.18
26.429999999999996,0.011305755611281656,61.44089942938696,-2.18
26.439999999999998,0.01130557639529706,60.971882940684075,-2.18
26.449999999999996,0.011304903648662021,60.4602908501077,-2.18
26.459999999999997,0.01130380831072856,59.914240151871645,-2.18
26.469999999999995,0.011302383250564084,59.34254706798046,-2.18
26.479999999999997,0.011300735091384295,58.754200232304484,-2.1899999999999964
26.489999999999995,0.011298975266424547,58.1578576051326,-2.1800000000000037
26.499999999999996,0.01129721114689977,57.5614007465128,-2.1899999999999964
26.509999999999994,0.011295538119076094,56.971574969081516,-2.19
26.519999999999996,0.011294033453882456,56.39373448392951,-2.19
26.529999999999998,0.01129275267087799,55.83170041646745,-2.1800000000000037
26.539999999999996,0.011291728813218344,55.287730348527404,-2.18
26.549999999999997,0.011290974615512211,54.76259244104542,-2.18
26.559999999999995,0.011290487016268126,54.2557334319878,-2.18
26.569999999999997,0.01129025296935847,53.765524854838944,-2.18
26.579999999999995,0.011290255207489568,53.28956443574655,-2.18
26.589999999999996,0.01129047662620156,52.825001627844756,-2.1899999999999964
26.599999999999994,0.011290902316842282,52.36885154610187,-2.19
26.609999999999996,0.011291518902613314,51.91826379210994,-2.1800000000000037
26.619999999999997,0.01129231155236776,51.47072258500632,-2.18
26.629999999999995,0.011293259653012741,51.0241692407868,-2.1899999999999964
26.639999999999997,0.011294332445434766,50.57705214761444,-2.19
26.649999999999995,0.011295485898240918,50.128318414352776,-2.1800000000000037
26.659999999999997,0.011296661744458147,49.677363862153655,-2.18
26.669999999999995,0.01129778907080253,49.22395640918641,-2.18
26.679999999999996,0.01129878830283658,48.76814649114007,-2.18
26.689999999999994,0.011299577013704827,48.31017902480636,-2.18
26.699999999999996,0.011300076762210478,47.8504220539345,-2.1899999999999964
26.709999999999997,0.011300220127470145,47.3893232815544,-2.19
26.719999999999995,0.011299957193370543,46.92739610750666,-2.19
26.729999999999997,0.011299260873985395,46.46522556088419,-2.1800000000000037
26.739999999999995,0.011298130613680664,46.00347755883026,-2.18
26.749999999999996,0.011296594134140407,45.54289549274332,-2.18
26.759999999999994,0.011294707043281775,45.08427520818571,-2.18
26.769999999999996,0.01129255026807361,44.62841902294769,-2.18
26.779999999999998,0.01129022541595175,44.1760767167977,-2.18
26.789999999999996,0.01128784830574073,43.72788349205803,-2.18
26.799999999999997,0.011285541046848426,43.28430301244375,-2.18
26.809999999999995,0.01128342318710868,42.8455819390784,-2.18
26.819999999999997,0.011281602574947812,42.411723245286694,-2.1899999999999964
26.829999999999995,0.011280166651489641,41.98248693877174,-2.19
26.839999999999996,0.011279174863031642,41.557424719922075,-2.1800000000000037
26.849999999999994,0.011278652744908744,41.13594794089364,-2.18
26.859999999999996,0.011278587998464326,40.71741826465607,-2.18
26.869999999999997,0.011278928641742585,40.30124251414934,-2.18
26.879999999999995,0.011279583163591275,39.8869518497784,-2.18
26.889999999999997,0.011280422619130872,39.47425140849779,-2.18
26.899999999999995,0.011281284770627857,39.06303605247713,-2.18
26.909999999999997,0.011281980623498665,38.65337555115969,-2.18
26.919999999999995,0.011282303891494185,38.245475734301344,-2.18
26.929999999999996,0.01128204388895735,37.83962254762165,-2.18
26.939999999999994,0.011281001980086717,37.43611707207937,-2.170000000000007
26.949999999999996,0.01127901100278686,37.03521288534141,-2.17
26.959999999999997,0.011275956141961951,36.637070285431335,-2.1799999999999966
26.969999999999995,0.011271794794462437,36.2417408510541,-2.18
26.979999999999997,0.011266572352229989,35.849188406453926,-2.18
26.989999999999995,0.011260430799310443,35.459340336331906,-2.18
26.999999999999996,0.011253607702616599,35.072151671742525,-2.18
27.009999999999994,0.011246424485937588,34.68765969770113,-2.18
27.019999999999996,0.011239264473960108,34.30601155081238,-2.1700000000000035
27.029999999999998,0.011232542612895056,33.927457856703974,-2.17
27.039999999999996,0.011226669644984883,33.552315606172606,-2.17
27.049999999999997,0.011222013698694336,33.18090945718995,-2.1799999999999966
27.059999999999995,0.011218861868809873,32.813502971625574,-2.1700000000000035
27.069999999999997,0.01121738371353416,32.45023224471997,-2.17
27.079999999999995,0.01121759806257456,32.091055160159115,-2.17
27.089999999999996,0.011219344358272432,31.735729256198994,-2.17
27.099999999999994,0.011222259966764696,31.383827941502567,-2.17
27.109999999999996,0.011225765340586807,31.034797200500726,-2.17
27.119999999999997,0.01122905933110087,30.68804400668727,-2.17
27.129999999999995,0.011231127066300342,30.34303751992986,-2.17
27.139999999999997,0.011230762421507173,29.999399989286836,-2.17
27.149999999999995,0.011226606135242803,29.656968323275485,-2.17
27.159999999999997,0.011217199124436094,29.315816753783665,-2.17
27.169999999999995,0.01120104874819131,28.976240845459397,-2.17
27.179999999999996,0.01117670401275505,28.63870972468933,-2.17
27.189999999999994,0.011142834447938375,28.30379612190216,-2.17
27.199999999999996,0.011098307005225322,27.972094427308686,-2.1600000000000037
27.209999999999997,0.01104225587375199,27.64413800925473,-2.16
27.219999999999995,0.010974141109494195,27.320328991975067,-2.1699999999999964
27.229999999999997,0.010893792755344543,27.000893971334616,-2.1600000000000037
27.239999999999995,0.010801437437857138,26.685874869195235,-2.16
27.249999999999996,0.010697704601382934,26.375155278418312,-2.16
27.259999999999994,0.010583610064471092,26.06851258930852,-2.16
27.269999999999996,0.010460515596253224,25.765679438590546,-2.16
27.279999999999998,0.010330064591550208,25.466397358863688,-2.16
27.289999999999996,0.010194095723122406,25.170450544043547,-2.16
27.299999999999997,0.010054538953228626,24.87767552084624,-2.16
27.309999999999995,0.009913301489661958,24.58794947546534,-2.16
27.319999999999997,0.00977215439949441,24.301163447161017,-2.16
27.329999999999995,0.009632632344510294,24.01718713469897,-2.16
27.339999999999996,0.009495958189747616,23.735832668783154,-2.16
27.349999999999994,0.009363000745650855,23.456826974455744,-2.16
27.359999999999996,0.00923426828562756,23.179804045607117,-2.16
27.369999999999997,0.00910993427034076,22.904325815067484,-2.1500000000000035
27.379999999999995,0.008989886774809424,22.629932159532565,-2.15
27.389999999999997,0.008873790794084237,22.356209946317946,-2.15
27.399999999999995,0.008761153225610205,22.082863337160124,-2.15
27.409999999999997,0.008651383277145028,21.809767013998123,-2.15
27.419999999999995,0.008543845068148695,21.536990507719295,-2.15
27.429999999999996,0.008437902797521516,21.264791235040047,-2.15
27.439999999999994,0.008332960845024384,20.993581295437963,-2.15
27.449999999999996,0.008228501011582554,20.72387632734841,-2.15
27.459999999999997,0.008124117059801582,20.456234987407512,-2.15
27.469999999999995,0.008019543861765257,20.191197517674663,-2.15
27.479999999999997,0.007914676253381355,19.929232599880866,-2.15
27.489999999999995,0.007809572304219186,19.670702036711436,-2.15
27.499999999999996,0.00770443756974554,19.415850441465306,-2.15
27.509999999999994,0.007599590572685079,19.164820851346605,-2.15
27.519999999999996,0.007495414080384277,18.91768856579546,-2.1400000000000037
27.529999999999994,0.007392300192873515,18.674498766488465,-2.14
27.539999999999996,0.0072905986292677765,18.43529267186762,-2.14
27.549999999999997,0.007190576439206458,18.200112567163604,-2.14
27.559999999999995,0.00709239407704017,17.96898458998774,-2.14
27.569999999999997,0.006996098531542186,17.741885481108692,-2.14
27.579999999999995,0.006901630489792557,17.518703444819742,-2.14
27.589999999999996,0.006808840454910616,17.299203833023995,-2.14
27.599999999999994,0.006717508700585791,17.08300894827206,-2.14
27.609999999999996,0.006627365563619404,16.869599196265458,-2.14
27.619999999999997,0.0065381109522330205,16.658340039421525,-2.1300000000000034
27.629999999999995,0.006449433990200763,16.448534756369995,-2.13
27.639999999999997,0.006361034555142554,16.239496972130713,-2.13
27.649999999999995,0.00627264774696224,16.030630998588894,-2.13
27.659999999999997,0.006184070308300926,15.82150461593641,-2.13
27.669999999999995,0.006095185568275919,15.611899824692413,-2.13
27.679999999999996,0.0060059817223026375,15.401832257635721,-2.13
27.689999999999994,0.0059165580967515145,15.191537348268398,-2.13
27.699999999999996,0.005827115804211996,14.98142828068192,-2.13
27.709999999999997,0.0057379325077005165,14.772034924123691,-2.13
27.719999999999995,0.005649324880285059,14.563933499030783,-2.13
27.729999999999997,0.005561605485088679,14.357675100772793,-2.13
27.739999999999995,0.0054750421842114805,14.153720243750971,-2.13
27.749999999999996,0.005389827411546282,13.95238727384198,-2.13
27.759999999999994,0.005306062021495904,13.753822762372135,-2.120000000000007
27.769999999999996,0.00522375487699295,13.557999285648888,-2.12
27.779999999999994,0.005142836041109372,13.364740169829322,-2.12
27.789999999999996,0.005063179279967507,13.173764324610959,-2.12
27.799999999999997,0.004984628889578725,12.984740382122506,-2.12
27.809999999999995,0.004907026432744869,12.797339676405963,-2.12
27.819999999999997,0.004830234298250426,12.611281339872878,-2.12
27.829999999999995,0.004754154449327327,12.426367314106034,-2.1100000000000034
27.839999999999996,0.004678741808156755,12.242507561853678,-2.11
27.849999999999994,0.004604012188822605,12.059735184779965,-2.119999999999993
27.859999999999996,0.0045300446042654,11.878209214608786,-2.12
27.869999999999997,0.004456977458103864,11.698202674402214,-2.1100000000000034
27.879999999999995,0.004384998027595519,11.520076606574444,-2.11
27.889999999999997,0.004314325077308292,11.344245388778251,-2.11
27.899999999999995,0.004245185488078311,11.171141423369347,-2.11
27.909999999999997,0.004177787237806623,11.001186166888965,-2.11
27.919999999999995,0.004112292489260821,10.834770138103481,-2.11
27.929999999999996,0.004048795374153257,10.672239464744965,-2.11
27.939999999999994,0.0039873088409096745,10.513883354960088,-2.100000000000007
27.949999999999996,0.00392776344835313,10.359917233718772,-2.1
27.959999999999997,0.0038700184664696496,10.210459852325078,-2.1
27.969999999999995,0.003813882811086948,10.065507211517025,-2.1
27.979999999999997,0.003759141149869434,9.924909041890722,-2.1
27.989999999999995,0.003705579695362332,9.788353869990091,-2.1
27.999999999999996,0.003653006946814932,9.655367305643841,-2.1
28.009999999999994,0.003601266632950305,9.525326535059863,-2.090000000000007
28.019999999999996,0.003550242629033101,9.397492500819604,-2.09
28.029999999999994,0.0034998578157883335,9.271059262690484,-2.09
28.039999999999996,0.0034500700343115987,9.145216977102455,-2.09
28.049999999999997,0.003400868181532036,9.019221154336853,-2.09
28.059999999999995,0.0033522702538980997,8.892457717543065,-2.09
28.069999999999997,0.003304323362779078,8.764492655620442,-2.09
28.079999999999995,0.0032571041734794164,8.6350977752211,-2.0800000000000036
28.089999999999996,0.0032107174507096017,8.50424958494982,-2.08
28.099999999999994,0.0031652906400458872,8.372104411271877,-2.08
28.109999999999996,0.003120963520348564,8.238956820193653,-2.08
28.119999999999997,0.0030778734971969794,8.105189278118814,-2.08
28.129999999999995,0.0030361385301413964,7.9712201659510695,-2.08
28.139999999999997,0.0029958405421060645,7.837456820742848,-2.08
28.149999999999995,0.0029570122177098954,7.704260311753943,-2.0700000000000034
28.159999999999997,0.002919629405184155,7.5719274792828255,-2.07
28.169999999999995,0.0028836101978089576,7.440692208168613,-2.07
28.179999999999996,0.0028488205997187666,7.310742550636564,-2.07
28.189999999999994,0.002815085778887828,7.182245202347469,-2.07
28.199999999999996,0.002782205363251542,7.055366582195907,-2.07
28.209999999999997,0.002749970991984566,6.930281926915733,-2.07
28.219999999999995,0.0027181843150969475,6.807169426233008,-2.0600000000000036
28.229999999999997,0.0026866737799120127,6.6861923763414985,-2.06
28.239999999999995,0.002655308801808851,6.56747552396693,-2.06
28.249999999999996,0.00262401024054518,6.4510814344956655,-2.06
28.259999999999994,0.00259275645201008,6.336990785796476,-2.06
28.269999999999996,0.002561584532019589,6.225089484323942,-2.06
28.279999999999994,0.0025305867002254584,6.115165990896075,-2.06
28.289999999999996,0.0024999020815280647,6.006922616735859,-2.06
28.299999999999997,0.002469704426048779,5.900002839238513,-2.06
28.309999999999995,0.002440186568718684,5.794032401679024,-2.06
28.319999999999997,0.0024115426737020182,5.688666770575732,-2.06
28.329999999999995,0.002383949539533485,5.583634313056313,-2.0500000000000034
28.339999999999996,0.0023575484381989065,5.478765330150031,-2.05
28.349999999999994,0.0023324290828058594,5.374001662156909,-2.05
28.359999999999996,0.0023086173213039225,5.269387802102235,-2.05
28.369999999999997,0.0022860680152676535,5.165049140928509,-2.05
28.379999999999995,0.0022646642670553483,5.061164037077212,-2.05
28.389999999999997,0.0022442236670255195,4.957934862480223,-2.0400000000000036
28.399999999999995,0.002224511500604831,4.855561815202225,-2.04
28.409999999999997,0.0022052599180811014,4.75422314204192,-2.04
28.419999999999995,0.0021861911093076767,4.654065008176523,-2.04
28.429999999999996,0.0021670418104793804,4.55520221208965,-2.04
28.439999999999994,0.002147586215896795,4.457727821244175,-2.04
28.449999999999996,0.0021276546425686204,4.361727118864476,-2.04
28.459999999999997,0.0021071460136940974,4.267289957166745,-2.04
28.469999999999995,0.002086033183524721,4.174516053356433,-2.0300000000000034
28.479999999999997,0.002064361078061377,4.0835101185964495,-2.03
28.489999999999995,0.002042238400289612,3.9943673521251415,-2.03
28.499999999999996,0.0020198241884065516,3.907152940407141,-2.03
28.509999999999994,0.0019973108417580057,3.821880219841892,-2.03
28.519999999999996,0.001974905383560188,3.7384914674941507,-2.03
28.529999999999994,0.0019528107463660524,3.656844592584083,-2.020000000000007
28.539999999999996,0.0019312087675883753,3.576709190963295,-2.02
28.549999999999997,0.001910246379970697,3.4977755136337754,-2.02
28.559999999999995,0.0018900261843531134,3.4196783197293463,-2.02
28.569999999999997,0.0018706022097377676,3.342034007757577,-2.02
28.579999999999995,0.00185198120183121,3.264485086581166,-2.02
28.589999999999996,0.001834129219839731,3.1867429417454645,-2.02
28.599999999999994,0.0018169826481185358,3.108619790955632,-2.010000000000007
28.609999999999996,0.001800462001199782,3.0300442106852796,-2.0199999999999965
28.619999999999994,0.001784486295610321,2.9510600141765506,-2.02
28.629999999999995,0.0017689855229202657,2.871812609393596,-2.0100000000000033
28.639999999999997,0.00175390906504837,2.7925281528284502,-2.01
28.649999999999995,0.0017392287669973092,2.713489311687257,-2.01
28.659999999999997,0.0017249366568691518,2.6350097395408363,-2.01
28.669999999999995,0.0017110386384592802,2.557409180462433,-2.01
28.679999999999996,0.0016975464648633105,2.48099180846756,-2.01
28.689999999999994,0.0016844706038380117,2.406030568631653,-2.01
28.699999999999996,0.0016718161026847572,2.3327594601478974,-2.0000000000000036
28.709999999999997,0.0016595823915862287,2.261374079246858,-2.0
28.719999999999995,0.0016477665273364089,2.192038639862344,-2.0
28.729999999999997,0.0016363681875759821,2.1248958394328694,-2.0
28.739999999999995,0.0016253941755402907,2.060075277405301,-2.0
28.749999999999996,0.0016148604244376132,1.9976970311707212,-2.0
28.759999999999994,0.00160479037248612,1.9378689259221866,-1.990000000000007
28.769999999999996,0.0015952097848216502,1.8806780280879734,-1.99
28.779999999999994,0.001586139215012383,1.8261781975270592,-1.99
28.789999999999996,0.0015775859916545623,1.7743761034366379,-1.99
28.799999999999997,0.0015695377271549677,1.7252185182482864,-1.99
28.809999999999995,0.0015619589149881619,1.6785842431558058,-1.99
28.819999999999997,0.0015547914123784684,1.6342839054375178,-1.99
28.829999999999995,0.0015479587714450362,1.5920690418083245,-1.9800000000000035
28.839999999999996,0.0015413736939794709,1.5516486365785664,-1.98
28.849999999999994,0.001534947427563593,1.5127085472044315,-1.98
28.859999999999996,0.0015285996908090077,1.4749289700287636,-1.98
28.869999999999994,0.0015222676848264864,1.4379973456211304,-1.98
28.879999999999995,0.0015159128916419095,1.4016170730019686,-1.98
28.889999999999997,0.0015095246599043462,1.3655142826176059,-1.98
28.899999999999995,0.001503120013528814,1.3294451553798647,-1.9700000000000035
28.909999999999997,0.001496739648491821,1.2932052570924326,-1.97
28.919999999999995,0.0014904406315719807,1.2566407783512885,-1.97
28.929999999999996,0.0014842867894949128,1.2196600714921877,-1.97
28.939999999999994,0.0014783381028076322,1.1822429261013778,-1.97
28.949999999999996,0.0014726405593845319,1.1444451499868082,-1.97
28.959999999999997,0.0014672178756586101,1.1063975272175537,-1.97
28.969999999999995,0.0014620662787949489,1.0683001539910069,-1.9600000000000035
28.979999999999997,0.0014571531843786839,1.030413602999252,-1.96
28.989999999999995,0.0014524201161330457,0.9930467747906507,-1.96
28.999999999999996,0.0014477896103773978,0.9565396192140175,-1.96
29.009999999999994,0.0014431751835126366,0.9212395660665009,-1.96
29.019999999999996,0.0014384928444072316,0.8874734654613633,-1.96
29.029999999999994,0.001433672275840162,0.855519594346123,-1.96
29.039999999999996,0.0014286658263777529,0.8255846098553519,-1.9500000000000035
29.049999999999997,0.0014234538878302686,0.7977883796880545,-1.95
29.059999999999995,0.0014180460009203658,0.7721571841190596,-1.95
29.069999999999997,0.001412477927929159,0.7486242708625758,-1.95
29.079999999999995,0.0014068056975354015,0.727036431830109,-1.95
29.089999999999996,0.0014010980648468405,0.7071657938519159,-1.95
29.099999999999994,0.0013954288669326838,0.6887266485695984,-1.940000000000007
29.109999999999996,0.0013898704462198313,0.6713971313958943,-1.94
29.119999999999994,0.0013844888109527313,0.6548449038701875,-1.94
29.129999999999995,0.0013793406874313657,0.638755400722397,-1.94
29.139999999999997,0.0013744722331892598,0.6228608476935524,-1.94
29.149999999999995,0.0013699189803546142,0.6069674331176927,-1.94
29.159999999999997,0.0013657065503340274,0.5909764468193061,-1.9300000000000035
29.169999999999995,0.001361851769715218,0.5748941392646071,-1.93
29.179999999999996,0.001358363951984903,0.5588263759188092,-1.93
29.189999999999994,0.001355246225692616,0.5429581342721403,-1.93
29.199999999999996,0.0013524968459327534,0.5275223357846162,-1.93
29.209999999999997,0.0013501104169281305,0.5127646893408625,-1.93
29.219999999999995,0.001348078911771615,0.4989103455899058,-1.93
29.229999999999997,0.001346392351359139,0.48613558385584354,-1.9200000000000035
29.239999999999995,0.0013450390312429582,0.47454529117534106,-1.92
29.249999999999996,0.0013440052616944759,0.464155648818014,-1.92
29.259999999999994,0.0013432746894167043,0.4548814057475152,-1.92
29.269999999999996,0.0013428273705743145,0.4465280904772814,-1.92
29.279999999999994,0.0013426388368171498,0.4387908269934857,-1.92
29.289999999999996,0.0013426794129065519,0.4312623316202271,-1.9100000000000035
29.299999999999997,0.001342913988516185,0.4234526380232689,-1.91
29.309999999999995,0.0013433023251111724,0.4148217672683201,-1.91
29.319999999999997,0.0013437998356580821,0.4048240744609263,-1.91
29.329999999999995,0.001344358674814617,0.39296045855107975,-1.91
29.339999999999996,0.0013449289695618687,0.3788331989486761,-1.91
29.349999999999994,0.001345460114736636,0.3621979255985471,-1.91
29.359999999999996,0.0013459022189315243,0.34300740064420976,-1.9000000000000035
29.369999999999994,0.0013462079392064085,0.32144189555243413,-1.9
29.379999999999995,0.0013463349996766416,0.29792112262142767,-1.9
29.389999999999997,0.0013462495853704204,0.2730936341380455,-1.9
29.399999999999995,0.0013459305283021355,0.24780192916283683,-1.9
29.409999999999997,0.0013453738156459698,0.22302483033609177,-1.9
29.419999999999995,0.0013445965758815959,0.19980203872349767,-1.9
29.429999999999996,0.0013436394951779269,0.17914846520008124,-1.8900000000000035
29.439999999999994,0.001342566710727255,0.16196753090190763,-1.8999999999999928
29.449999999999996,0.001341462665021631,0.14897271249022673,-1.8900000000000035
29.459999999999994,0.001340426108657976,0.14062526295565064,-1.89
29.469999999999995,0.0013395622025945328,0.13709392678817536,-1.89
29.479999999999997,0.0013389742230114294,0.13824008776986954,-1.89
29.489999999999995,0.0013387564956884898,0.1436292139883597,-1.89
29.499999999999996,0.0013389898051495415,0.15256688909407332,-1.8800000000000034
29.509999999999994,0.00133973973700871,0.16415555447437616,-1.88
29.519999999999996,0.0013410574882303566,0.17736664118846696,-1.8899999999999963
29.529999999999994,0.0013429819573662041,0.19112219303282477,-1.880000000000007
29.539999999999996,0.001345541657004791,0.20438007285951756,-1.88
29.549999999999997,0.0013487552453124766,0.2162163950114872,-1.88
29.559999999999995,0.0013526301443180023,0.22589722346093072,-1.88
29.569999999999997,0.0013571595548270284,0.23292982843888863,-1.8700000000000037
29.579999999999995,0.001362318891208449,0.2370843981367202,-1.87
29.589999999999996,0.0013680629944159274,0.23838176609079492,-1.87
29.599999999999994,0.0013743253208840156,0.23705028787428176,-1.87
29.609999999999996,0.001381019706405261,0.2334621221342644,-1.87
29.619999999999994,0.0013880445019243538,0.22806286107789978,-1.87
29.629999999999995,0.001395288189424536,0.221307716390552,-1.87
29.639999999999997,0.0014026352562042364,0.21361322365315158,-1.8600000000000037
29.649999999999995,0.001409971215894208,0.2053278035459128,-1.86
29.659999999999997,0.0014171861325171775,0.19671967357677236,-1.86
29.669999999999995,0.001424176628741584,0.1879777100570328,-1.86
29.679999999999996,0.0014308468999571034,0.17922005765654747,-1.86
29.689999999999994,0.0014371095299899913,0.17050612585077662,-1.86
29.699999999999996,0.0014428868472121123,0.16184930677196352,-1.86
29.709999999999994,0.0014481132219977167,0.1532294863861577,-1.86
29.719999999999995,0.0014527382260406388,0.14460565363723227,-1.8500000000000036
29.729999999999997,0.001456730128511036,0.13592936325825908,-1.8599999999999965
29.739999999999995,0.0014600789478513953,0.1271594353494333,-1.8500000000000036
29.749999999999996,0.0014627982939989731,0.11827715609861578,-1.85
29.759999999999994,0.001464925506397266,0.10929961789857781,-1.85
29.769999999999996,0.0014665199976036311,0.10028750017557769,-1.85
29.779999999999994,0.001467660082602127,0.09134370019390708,-1.8400000000000072
29.789999999999996,0.0014684387874865671,0.08260125911630833,-1.8499999999999965
29.799999999999997,0.0014689591584698433,0.07420220624530686,-1.8400000000000036
29.809999999999995,0.0014693294763892227,0.06627167924065021,-1.84
29.819999999999997,0.0014696585992004451,0.058892812136792046,-1.84
29.829999999999995,0.0014700514846236242,0.0520876326223387,-1.84
29.839999999999996,0.0014706048470432137,0.045808413373247064,-1.84
29.849999999999994,0.0014714029045806835,0.03994253579033143,-1.84
29.859999999999996,0.0014725132660577574,0.03433130415325481,-1.8300000000000036
29.869999999999994,0.0014739831534503233,0.028799559186797465,-1.839999999999993
29.879999999999995,0.001475836294777399,0.023189760706979114,-1.8300000000000036
29.889999999999997,0.001478070898486693,0.01739274816667904,-1.83
29.899999999999995,0.0014806590969242426,0.011368096451068723,-1.83
29.909999999999997,0.0014835481217717185,0.0051496148573471675,-1.83
29.919999999999995,0.0014866632863623573,-0.0011646987905896355,-1.8200000000000072
29.929999999999996,0.0014899126560840264,-0.007435373356577569,-1.8299999999999965
29.939999999999994,0.001493193130161399,-0.013511742537677727,-1.83
29.949999999999996,0.001496397545093192,-0.019263807394164823,-1.8200000000000036
29.959999999999994,0.001499422331375862,-0.024609591483208883,-1.82
29.969999999999995,0.0015021751996979916,-0.02953254799494184,-1.82
29.979999999999997,0.0015045822977777172,-0.03408556605904176,-1.82
29.989999999999995,0.0015065942711594124,-0.03838123852099977,-1.82
29.999999999999996,0.0015081906926723463,-0.042570905408462006,-1.82
30.009999999999994,0.0015093824041221369,-0.04681650353736002,-1.8100000000000072
30.019999999999996,0.001510211437767286,-0.05125978191622924,-1.81
30.029999999999994,0.001510748347681274,-0.055993799234848644,-1.81
30.039999999999996,0.0015110869848394542,-0.06104177393983189,-1.81
30.049999999999997,0.001511337003761462,-0.0663475134850871,-1.81
30.059999999999995,0.0015116146818495973,-0.07177931671559418,-1.81
30.069999999999997,0.001512032912092173,-0.07714611198704137,-1.81
30.079999999999995,0.0015126914143440936,-0.08222210448756775,-1.81
30.089999999999996,0.0015136682305341136,-0.08677513239385273,-1.8000000000000036
30.099999999999994,0.0015150133988901734,-0.09059394908075862,-1.8
30.109999999999996,0.001516745374609226,-0.09351029237580867,-1.8
30.119999999999994,0.0015188503703617618,-0.09541286236949942,-1.8
30.129999999999995,0.0015212844434587312,-0.09625225764631092,-1.8
30.139999999999997,0.0015239779371617043,-0.09603803195318149,-1.8
30.149999999999995,0.0015268418071039257,-0.0948303461062655,-1.7900000000000036
30.159999999999997,0.0015297753917503495,-0.09272870613603934,-1.79
30.169999999999995,0.0015326752496842761,-0.08985965470157892,-1.79
30.179999999999996,0.0015354447121316524,-0.08636495207358348,-1.79
30.189999999999994,0.0015380037320145649,-0.08239180265933568,-1.79
30.199999999999996,0.0015402984356537787,-0.07808634897944775,-1.79
30.209999999999994,0.0015423095369593357,-0.07359052857989992,-1.79
30.219999999999995,0.0015440585472062003,-0.06904104813688974,-1.79
30.229999999999997,0.0015456106247787892,-0.06456879068994247,-1.7800000000000036
30.239999999999995,0.0015470730590044796,-0.06029774776024494,-1.78
30.249999999999996,0.0015485888129114166,-0.05634350867228319,-1.78
30.259999999999994,0.001550325217737216,-0.05281114392566202,-1.78
30.269999999999996,0.001552458679758633,-0.049791178850702694,-1.78
30.279999999999994,0.0015551569396261137,-0.04735214933037564,-1.78
30.289999999999996,0.0015585608559920308,-0.04553031812111617,-1.78
30.299999999999994,0.0015627677896071536,-0.0443203186663759,-1.7700000000000071
30.309999999999995,0.0015678184546572221,-0.043672040811259284,-1.77
30.319999999999997,0.0015736886733742894,-0.04349737941049338,-1.77
30.329999999999995,0.0015802869378921565,-0.04368650351046819,-1.77
30.339999999999996,0.0015874581259345728,-0.044129705569058306,-1.77
30.349999999999994,0.001594993146362037,-0.04473954404261595,-1.77
30.359999999999996,0.0016026437091765018,-0.04546857539990329,-1.77
30.369999999999994,0.001610140872199524,-0.04631909989618277,-1.7600000000000071
30.379999999999995,0.0016172156040108198,-0.04734247659714425,-1.76
30.389999999999997,0.0016236193995703807,-0.04862723093632805,-1.76
30.399999999999995,0.0016291430225571734,-0.05027780138563611,-1.76
30.409999999999997,0.0016336317013950707,-0.052388581327551004,-1.76
30.419999999999995,0.0016369955022546253,-0.055019263369012854,-1.76
30.429999999999996,0.0016392140626726446,-0.05817652658080096,-1.76
30.439999999999994,0.0016403353596011092,-0.061804855584012636,-1.750000000000007
30.449999999999996,0.0016404687204648347,-0.06578756189349803,-1.75
30.459999999999994,0.0016397728636832036,-0.06995824080314827,-1.75
30.469999999999995,0.001638440298841508,-0.0741215078838322,-1.75
30.479999999999997,0.0016366798007454546,-0.07807924231294014,-1.75
30.489999999999995,0.0016346988073599052,-0.08165647056257982,-1.75
30.499999999999996,0.0016326874732196786,-0.08472157555057797,-1.75
30.509999999999994,0.001630805793736694,-0.08719859544224422,-1.740000000000007
30.519999999999996,0.00162917478187171,-0.08907286314384942,-1.74
30.529999999999994,0.001627872200627738,-0.0903928301832645,-1.74
30.539999999999996,0.001626932879785001,-0.091269792438138,-1.74
30.549999999999994,0.001626353193770026,-0.09187471081791476,-1.74
30.559999999999995,0.0016260988690199707,-0.09242951155771709,-1.74
30.569999999999997,0.001626114965278544,-0.09319019819478593,-1.74
30.579999999999995,0.001626336690388101,-0.09442077044301919,-1.7300000000000035
30.589999999999996,0.0016266996982642903,-0.09635991116643464,-1.73
30.599999999999994,0.001627148683933818,-0.09918560422323475,-1.73
30.609999999999996,0.0016276433938854575,-0.10298459846224405,-1.73
30.619999999999994,0.0016281615599514862,-0.10773298079131045,-1.73
30.629999999999995,0.0016286986816083891,-0.11329167135095057,-1.73
30.639999999999997,0.0016292649792098031,-0.11941767179704287,-1.73
30.649999999999995,0.0016298801904002607,-0.12578928553431193,-1.7200000000000035
30.659999999999997,0.0016305671572318962,-0.13204179530093288,-1.72
30.669999999999995,0.0016313453133597327,-0.13780923585275487,-1.72
30.679999999999996,0.001632225181497544,-0.1427673333011074,-1.72
30.689999999999994,0.0016332047933921752,-0.146672060351063,-1.72
30.699999999999996,0.0016342685441389003,-0.14938818443441373,-1.72
30.709999999999994,0.001635388448699822,-0.15090346105720975,-1.72
30.719999999999995,0.0016365272160374865,-0.15132662386938736,-1.7100000000000035
30.729999999999997,0.0016376421675134956,-0.15086999388943975,-1.71
30.739999999999995,0.0016386889352844106,-0.14981961039873962,-1.71
30.749999999999996,0.0016396241246010954,-0.14849746450445256,-1.71
30.759999999999994,0.0016404066382126176,-0.14722175433424978,-1.71
30.769999999999996,0.0016409979621074089,-0.1462713286703892,-1.71
30.779999999999994,0.0016413621757133752,-0.14585910617064154,-1.71
30.789999999999996,0.0016414666056195856,-0.14611667394785058,-1.7000000000000035
30.799999999999994,0.0016412838341748797,-0.14708951075666274,-1.7
30.809999999999995,0.0016407952704853965,-0.14874038887673321,-1.7
30.819999999999997,0.0016399958603161202,-0.15095803228476515,-1.7
30.829999999999995,0.0016388989659395913,-0.15356890819230887,-1.7
30.839999999999996,0.0016375401621700845,-0.1563513273522761,-1.7
30.849999999999994,0.0016359787537231021,-0.15905169513448952,-1.7
30.859999999999996,0.0016342961979085838,-0.16140234299734044,-1.6900000000000035
30.869999999999994,0.0016325911965710935,-0.16313971478634873,-1.69
30.879999999999995,0.0016309718394007207,-0.16402164126863383,-1.69
30.889999999999997,0.001629545706076498,-0.16384266279278709,-1.69
30.899999999999995,0.0016284092030001206,-0.16244609700762902,-1.69
30.909999999999997,0.0016276376016057903,-0.15973093546159,-1.69
30.919999999999995,0.0016272772480090043,-0.1556517627764977,-1.680000000000007
30.929999999999996,0.0016273412094643194,-0.15021161975653405,-1.68
30.939999999999994,0.0016278091883408462,-0.1434504824929651,-1.68
30.949999999999996,0.0016286318669383804,-0.1354339119262094,-1.68
30.959999999999994,0.0016297390202691141,-0.12624622953604717,-1.68
30.969999999999995,0.0016310499337280084,-0.11599074587337861,-1.68
30.979999999999997,0.0016324841309733296,-0.10479707229640559,-1.68
30.989999999999995,0.0016339703410122952,-0.09283298285364514,-1.6700000000000035
30.999999999999996,0.0016354520648803983,-0.08031629411726401,-1.67
31.009999999999994,0.0016368889406380266,-0.06752157454421666,-1.67
31.019999999999996,0.0016382541168901304,-0.05477747087737898,-1.67
31.029999999999994,0.0016395287424245853,-0.042452566007971135,-1.67
31.039999999999996,0.0016406952393779606,-0.030930219206188603,-1.67
31.049999999999994,0.0016417311569937696,-0.020575254406623042,-1.67
31.059999999999995,0.001642605134320972,-0.01169732972892988,-1.6600000000000035
31.069999999999997,0.0016432759528330594,-0.004517020721542881,-1.66
31.079999999999995,0.0016436949886871701,0.0008594736315465831,-1.66
31.089999999999996,0.001643811708453725,0.004452968962953322,-1.66
31.099999999999994,0.001643581270555878,0.006410221745653555,-1.66
31.109999999999996,0.0016429728499769507,0.006990624668061367,-1.66
31.119999999999994,0.0016419770536965285,0.006543310265877592,-1.66
31.129999999999995,0.0016406108063268877,0.0054773289467963315,-1.66
31.139999999999997,0.0016389184187859671,0.0042271331086187035,-1.6500000000000035
31.149999999999995,0.001636968222423154,0.003215309104355847,-1.65
31.159999999999997,0.0016348450705416947,0.0028149664481362476,-1.65
31.169999999999995,0.0016326399596229486,0.003315518728747716,-1.65
31.179999999999996,0.0016304387162936972,0.004896525872279007,-1.6400000000000035
31.189999999999994,0.0016283119077994785,0.007613090568436128,-1.6499999999999928
31.199999999999996,0.00162630779019082,0.011393196644927925,-1.6400000000000035
31.209999999999994,0.0016244493118168198,0.016044797755548994,-1.64
31.219999999999995,0.001622735196156158,0.02127041240929815,-1.64
31.229999999999997,0.0016211442565750433,0.02668879910104497,-1.64
31.239999999999995,0.0016196415925708004,0.031864501135552094,-1.6300000000000034
31.249999999999996,0.001618185273427729,0.036344963110493324,-1.6399999999999963
31.259999999999994,0.0016167324630267388,0.039702271956379064,-1.630000000000007
31.269999999999996,0.0016152444876293057,0.04157452862830937,-1.63
31.279999999999994,0.0016136908577046864,0.041701546991611174,-1.63
31.289999999999996,0.0016120525386002498,0.03995047813343646,-1.63
31.299999999999994,0.001610324750647514,0.03632834703584933,-1.63
31.309999999999995,0.0016085193158720424,0.030980306873780086,-1.63
31.319999999999997,0.0016066662027357254,0.024174551454599385,-1.6200000000000037
31.329999999999995,0.0016048136403026532,0.016276584029902858,-1.6299999999999963
31.339999999999996,0.0016030261284064478,0.007716463453376191,-1.6200000000000037
31.349999999999994,0.0016013799185677965,-0.0010469818744110423,-1.62
31.359999999999996,0.0015999560329531238,-0.009561027464111886,-1.62
31.369999999999994,0.0015988314818642473,-0.017409821224708643,-1.62
31.379999999999995,0.0015980698455507743,-0.02423917046604264,-1.6100000000000037
31.389999999999993,0.0015977126467859922,-0.029774735097506524,-1.619999999999993
31.399999999999995,0.0015977728835766404,-0.03383377379153583,-1.62
31.409999999999997,0.0015982317417546773,-0.03633066769573189,-1.6100000000000037
31.419999999999995,0.0015990389775077936,-0.037276096719390146,-1.61
31.429999999999996,0.0016001168990453633,-0.036769682608299194,-1.61
31.439999999999994,0.0016013673955754038,-0.03498655824058171,-1.61
31.449999999999996,0.0016026811023614567,-0.03215922866707755,-1.61
31.459999999999994,0.0016039475565655333,-0.028556414863002807,-1.61
31.469999999999995,0.0016050650970704978,-0.02446009925494196,-1.61
31.479999999999997,0.0016059493136010843,-0.020141638577986565,-1.6000000000000036
31.489999999999995,0.0016065390774276994,-0.015838547969206265,-1.6
31.499999999999996,0.0016067995867164076,-0.011734873711842618,-1.6
31.509999999999994,0.001606722382012695,-0.00794838816501929,-1.6
31.519999999999996,0.001606322813575279,-0.004526392950447623,-1.6
31.529999999999994,0.001605635824878593,-0.0014495406418430677,-1.6
31.539999999999996,0.0016047110484748717,0.0013586091774586704,-1.6
31.549999999999994,0.0016036080685292865,0.0040185922522647756,-1.6
31.559999999999995,0.0016023923519114355,0.006679523645425726,-1.5900000000000036
31.569999999999997,0.001601131916781428,0.009500575149416223,-1.59
31.579999999999995,0.0015998944483349821,0.012629071713152763,-1.59
31.589999999999996,0.0015987444061396328,0.016176879854187243,-1.59
31.599999999999994,0.0015977397442015469,0.020199117337688546,-1.59
31.609999999999996,0.00159692814814846,0.02467984404595427,-1.59
31.619999999999994,0.0015963430736788047,0.029528073267953855,-1.59
31.629999999999995,0.0015960002011418258,0.03458528200756618,-1.5800000000000036
31.639999999999993,0.0015958950812320699,0.03964330947869155,-1.58
31.649999999999995,0.0015960026796066503,0.04446931303294035,-1.58
31.659999999999997,0.0015962792542630823,0.04883286356706865,-1.58
31.669999999999995,0.0015966666090142993,0.05253012318000742,-1.5700000000000072
31.679999999999996,0.0015970983807776222,0.0554013984323715,-1.5799999999999965
31.689999999999994,0.0015975077319983575,0.05734031557436486,-1.58
31.699999999999996,0.001597835668320578,0.0582946719682168,-1.5700000000000036
31.709999999999994,0.0015980391715910678,0.05826054601498098,-1.57
31.719999999999995,0.0015980983871033535,0.057272456038673966,-1.57
31.729999999999997,0.0015980221832594156,0.05539305885698005,-1.5600000000000036
31.739999999999995,0.0015978514789356045,0.052705691034998656,-1.5699999999999965
31.749999999999996,0.0015976598041612816,0.049311522001931715,-1.5600000000000036
31.759999999999994,0.0015975506468526549,0.045330539671970746,-1.569999999999993
31.769999999999996,0.0015976512871608568,0.0409034604672094,-1.5600000000000036
31.779999999999994,0.0015981030816371695,0.036191175074428705,-1.56
31.789999999999996,0.0015990485641470338,0.03136930138964643,-1.56
31.799999999999994,0.0016006162704321402,0.026616765577884484,-1.56
31.809999999999995,0.0016029047958959607,0.022098797553479627,-1.56
31.819999999999997,0.0016059681166572198,0.0179468905126369,-1.56
31.829999999999995,0.001609804456193441,0.01424067119259628,-1.5500000000000036
31.839999999999996,0.001614350799956015,0.010997272728506691,-1.55
31.849999999999994,0.001619484472313829,0.008171566081333676,-1.55
31.859999999999996,0.0016250320724700755,0.005666882510293183,-1.55
31.869999999999994,0.001630784778616649,0.00335306445196935,-1.5400000000000071
31.879999999999995,0.0016365179243440508,0.0010878436685456945,-1.5499999999999965
31.889999999999993,0.0016420121046837517,-0.0012619677597792926,-1.55
31.899999999999995,0.0016470729834251886,-0.003801997385750093,-1.55
31.909999999999997,0.0016515473847524785,-0.006596026240424361,-1.5400000000000036
31.919999999999995,0.0016553339836624236,-0.00965684864512083,-1.54
31.929999999999996,0.00165838775213644,-0.012943361604979949,-1.54
31.939999999999994,0.001660718124956727,-0.016364835315853032,-1.54
31.949999999999996,0.0016623815661149074,-0.01979206818080788,-1.54
31.959999999999994,0.001663469824438102,-0.02307333770361101,-1.54
31.969999999999995,0.0016640956162254866,-0.026052051019661192,-1.5300000000000036
31.979999999999997,0.0016643776885629895,-0.028583320088368048,-1.53
31.989999999999995,0.0016644271503099865,-0.030547744330995216,-1.53
31.999999999999996,0.0016643366187344378,-0.03186170107111013,-1.53
32.01,0.0016641731881422732,-0.03248421350378762,-1.53
32.019999999999996,0.0016639755958805123,-0.03242099038881436,-1.53
32.029999999999994,0.001663755365870994,-0.031726287994116927,-1.53
32.03999999999999,0.0016635012460755702,-0.030502657132250022,-1.53
32.05,0.0016631859683260025,-0.028897709487927546,-1.52
32.059999999999995,0.0016627742443199405,-0.02709662451949911,-1.52
32.06999999999999,0.001662230936323971,-0.02530987427598924,-1.52
32.08,0.0016615284603656126,-0.023757063307989993,-1.52
32.089999999999996,0.0016606526598255244,-0.022648751073835585,-1.52
32.099999999999994,0.0016596066124955184,-0.022168187108173566,-1.52
32.10999999999999,0.0016584120913240076,-0.022454359229010856,-1.52
32.12,0.0016571086624614993,-0.023587282626480084,-1.51
32.129999999999995,0.001655750639873825,-0.025576594468127586,-1.51
32.13999999999999,0.00165440229934392,-0.02835500743106344,-1.51
32.15,0.001653131880210477,-0.03177807324151926,-1.51
32.16,0.0016520049770571124,-0.03563069737408155,-1.51
32.169999999999995,0.0016510779545329285,-0.03963987889409525,-1.51
32.17999999999999,0.0016503920113272513,-0.04349326140464339,-1.51
32.19,0.0016499684719371542,-0.04686373855040324,-1.5
32.199999999999996,0.0016498057910713825,-0.04943981981382713,-1.5
32.209999999999994,0.0016498786147571669,-0.05095916290006733,-1.5
32.21999999999999,0.001650139067054842,-0.05124010014725168,-1.5
32.23,0.0016505202411280758,-0.050204799004320934,-1.5
32.239999999999995,0.0016509416797744262,-0.047888411929268654,-1.5
32.24999999999999,0.001651316434217376,-0.04443105073768951,-1.490000000000007
32.26,0.0016515590963302094,-0.04005326520582667,-1.49
32.269999999999996,0.001651594033205023,-0.03501992940261222,-1.49
32.279999999999994,0.001651362954386261,-0.029600498405962395,-1.49
32.28999999999999,0.001650830949476352,-0.02403421467004558,-1.49
32.3,0.0016499902671166392,-0.018506868700353413,-1.49
32.309999999999995,0.0016488613549080976,-0.013142050289007052,-1.49
32.31999999999999,0.0016474909989715064,-0.008005812966207629,-1.480000000000007
32.33,0.0016459477319130688,-0.0031206817306998714,-1.48
32.339999999999996,0.0016443149767917523,0.0015163623926972877,-1.48
32.349999999999994,0.0016426826482459152,0.005917215651196241,-1.48
32.35999999999999,0.0016411381326875956,0.010091532662820852,-1.48
32.37,0.0016397576924433866,0.014043231576993451,-1.48
32.379999999999995,0.0016385993426018563,0.01777379778452355,-1.470000000000007
32.38999999999999,0.00163769809656731,0.021289083114145686,-1.47
32.4,0.0016370641555764314,0.024605336641484267,-1.47
32.41,0.0016366841655021042,0.02775101945504157,-1.47
32.419999999999995,0.0016365251748468917,0.030763016565616474,-1.47
32.42999999999999,0.0016365405206322967,0.0336781559169219,-1.47
32.44,0.0016366766330978006,0.03652238748163265,-1.46
32.449999999999996,0.001636879713556135,0.03930002690982791,-1.4699999999999929
32.459999999999994,0.0016371013777923872,0.041984656588516696,-1.460000000000007
32.46999999999999,0.001637302615217191,0.04451272200841914,-1.46
32.48,0.0016374557295239856,0.04678108714521901,-1.46
32.489999999999995,0.0016375442519627865,0.04865027450370232,-1.46
32.49999999999999,0.0016375611251147422,0.04995479697373352,-1.450000000000007
32.51,0.0016375057185781287,0.05052035497142186,-1.46
32.519999999999996,0.0016373804214433177,0.050185307645771574,-1.450000000000007
32.529999999999994,0.001637187615596616,0.04882212049359462,-1.45
32.53999999999999,0.001636927736897788,0.046354531140576014,-1.45
32.55,0.0016365988765798436,0.04276783594337417,-1.45
32.559999999999995,0.0016361980040736075,0.0381117240271857,-1.440000000000007
32.56999999999999,0.0016357234909477397,0.03249638366301598,-1.4499999999999929
32.58,0.0016351782905201606,0.026083324104958797,-1.44
32.589999999999996,0.0016345729643852617,0.019072957728978636,-1.44
32.599999999999994,0.001633927781251384,0.0116911790149049,-1.44
32.60999999999999,0.0016332733235972338,0.004176733952101823,-1.44
32.62,0.0016326493517763523,-0.0032294312015685766,-1.44
32.629999999999995,0.0016321019987268208,-0.010292123671999037,-1.44
32.63999999999999,0.0016316796253391449,-0.016787099360526497,-1.430000000000007
32.64999999999999,0.0016314278226653147,-0.022504664613028365,-1.43
32.66,0.0016313841073809792,-0.027254417948511238,-1.43
32.669999999999995,0.0016315728517599488,-0.03087454195484498,-1.43
32.67999999999999,0.0016320009563906147,-0.03324747138147955,-1.43
32.69,0.0016326547363810769,-0.03432023257328125,-1.43
32.699999999999996,0.0016334984500260112,-0.034124346813901044,-1.43
32.709999999999994,0.001634474836703667,-0.03278868897592831,-1.43
32.71999999999999,0.0016355079266076814,-0.030539371425186514,-1.43
32.73,0.0016365082180776534,-0.027683190097215763,-1.42
32.739999999999995,0.0016373800729515536,-0.024575069070014503,-1.42
32.74999999999999,0.0016380308555654795,-0.021574467277848404,-1.42
32.76,0.0016383809697112501,-0.018999288052511384,-1.42
32.769999999999996,0.001638373608709297,-0.01708669436085101,-1.42
32.779999999999994,0.0016379828329427207,-0.01596757349219906,-1.42
32.78999999999999,0.0016372186199551198,-0.01565651441800637,-1.410000000000007
32.8,0.0016361278388015942,-0.01605503330056501,-1.41
32.809999999999995,0.0016347906518718444,-0.016964568331830184,-1.41
32.81999999999999,0.001633312530999432,-0.018107038687177127,-1.41
32.83,0.0016318127376289805,-0.019152354224019744,-1.41
32.839999999999996,0.0016304106394328056,-0.01975228893463256,-1.41
32.849999999999994,0.001629211565783579,-0.019578429266613212,-1.41
32.85999999999999,0.0016282940334449677,-0.018359885295913057,-1.400000000000007
32.87,0.0016277001011604563,-0.015915466336737426,-1.4
32.879999999999995,0.0016274303288329444,-0.012175353660634144,-1.4
32.88999999999999,0.001627444308991962,-0.007188747192516391,-1.4
32.89999999999999,0.001627667007271622,-0.001116379955359549,-1.4
32.91,0.001628000260707561,0.005790257255198248,-1.4
32.919999999999995,0.001628337898595104,0.013218646937770999,-1.4
32.92999999999999,0.001628582282133165,0.020828516943093796,-1.390000000000007
32.94,0.0016286597741145387,0.028283586472829563,-1.39
32.949999999999996,0.0016285328108209694,0.03527774335900812,-1.39
32.959999999999994,0.0016282068035147425,0.04155298381108556,-1.39
32.96999999999999,0.001627730902304635,0.04690830892463848,-1.39
32.98,0.001627192530760028,0.05120074154430309,-1.39
32.989999999999995,0.001626706406709002,0.05434111113701219,-1.39
32.99999999999999,0.0016263994368020036,0.056288122550537244,-1.380000000000007
33.01,0.0016263933815711157,0.057044128871719724,-1.38
33.019999999999996,0.001626787499823636,0.05665439821525903,-1.38
33.029999999999994,0.0016276434460786352,0.05520908625761687,-1.38
33.03999999999999,0.001628974463134828,0.05284526153619396,-1.38
33.05,0.0016307403650411593,0.049746047668680425,-1.37
33.059999999999995,0.0016328489966702566,0.0461347237051561,-1.37
33.06999999999999,0.0016351639317348115,0.04226281075845309,-1.37
33.08,0.0016375173255983207,0.0383926208952801,-1.37
33.089999999999996,0.0016397262224780288,0.034776206908408686,-1.37
33.099999999999994,0.001641610286611296,0.0316335842767296,-1.37
33.10999999999999,0.0016430088704400651,0.029133049604717923,-1.3600000000000072
33.12,0.0016437955059073607,0.027375394009138902,-1.37
33.129999999999995,0.0016438882658103046,0.02638253514450728,-1.3600000000000072
33.13999999999999,0.0016432549730913057,0.026090673313975927,-1.36
33.14999999999999,0.001641912929748156,0.02634893218933728,-1.36
33.16,0.0016399236376585672,0.02692571356162195,-1.36
33.169999999999995,0.001637383741061062,0.027525064785808188,-1.3500000000000072
33.17999999999999,0.0016344139351306772,0.027813293428697282,-1.359999999999993
33.19,0.0016311477124460571,0.0274528873359088,-1.35
33.199999999999996,0.001627721534636872,0.026138701390233162,-1.35
33.209999999999994,0.0016242674152438154,0.02363142512440216,-1.35
33.21999999999999,0.0016209081650143385,0.019784708708593016,-1.35
33.23,0.0016177548931514763,0.014563516809926545,-1.35
33.239999999999995,0.001614905937459687,0.008051598660032591,-1.35
33.24999999999999,0.0016124462782854106,0.0004459954320738304,-1.3400000000000072
33.26,0.0016104466504330802,-0.007962513550029268,-1.35
33.269999999999996,0.0016089619120327988,-0.0168215931799398,-1.3400000000000072
33.279999999999994,0.0016080286366612665,-0.025757360936653557,-1.34
33.28999999999999,0.001607662253416297,-0.03441492955461482,-1.34
33.3,0.001607854297404602,-0.04249217182987103,-1.34
33.309999999999995,0.0016085704266066865,-0.049761839663363325,-1.34
33.31999999999999,0.0016097498300253425,-0.05608040577044912,-1.34
33.33,0.0016113065348241401,-0.06138442453313052,-1.34
33.339999999999996,0.0016131329389108416,-0.06567660276533632,-1.3300000000000072
33.349999999999994,0.0016151056476831507,-0.06900475995587897,-1.33
33.35999999999999,0.001617093383016384,-0.07143776713740697,-1.33
33.37,0.0016189663990237378,-0.07304312390898443,-1.33
33.379999999999995,0.0016206065503381428,-0.07387068722497159,-1.33
33.38999999999999,0.0016219169746476392,-0.07394582368261989,-1.33
33.39999999999999,0.0016228303019743002,-0.0732726930525166,-1.33
33.41,0.0016233143899756144,-0.07184532245932224,-1.33
33.419999999999995,0.0016233747904107045,-0.06966234212073041,-1.3200000000000072
33.42999999999999,0.0016230534576354397,-0.06674143664109103,-1.32
33.44,0.0016224236099955337,-0.0631306092636754,-1.32
33.449999999999996,0.0016215811485257347,-0.058914029398037394,-1.32
33.459999999999994,0.0016206335857583732,-0.05421084854568895,-1.32
33.46999999999999,0.0016196879308470803,-0.049167067597204336,-1.32
33.48,0.0016188392636959665,-0.04394314829671665,-1.32
33.489999999999995,0.0016181616892670852,-0.03870166155456839,-1.3100000000000072
33.49999999999999,0.0016177029583722875,-0.033598317978218654,-1.31
33.51,0.001617483345578591,-0.028776858559554506,-1.31
33.519999999999996,0.001617498562534235,-0.024365652264595698,-1.31
33.529999999999994,0.0016177257719657023,-0.02047327628550712,-1.31
33.53999999999999,0.001618131317511232,-0.01718191028332702,-1.31
33.55,0.0016186786571884952,-0.014539407465688884,-1.31
33.559999999999995,0.001619335150624946,-0.01255174967566804,-1.3000000000000071
33.56999999999999,0.0016200767103058116,-0.011177200939260072,-1.3
33.58,0.0016208897737760432,-0.010323093483360923,-1.3
33.589999999999996,0.0016217704974807526,-0.00984662170577393,-1.3
33.599999999999994,0.0016227214645118454,-0.009561627295535198,-1.3
33.60999999999999,0.0016237465176739503,-0.009252966705457551,-1.3
33.62,0.0016248445665130275,-0.008698414563793534,-1.3
33.629999999999995,0.0016260033648252885,-0.00769573321829539,-1.2900000000000071
33.63999999999999,0.0016271943064715708,-0.006090265097194442,-1.29
33.64999999999999,0.001628369235053359,-0.003797213494161075,-1.29
33.66,0.0016294601008536834,-0.0008136024372636637,-1.29
33.669999999999995,0.0016303820218335748,0.002782488914503493,-1.29
33.67999999999999,0.0016310399130194304,0.006844808602671293,-1.29
33.69,0.001631338345792382,0.01118114530521314,-1.29
33.699999999999996,0.001631193711178606,0.015580961762582734,-1.2800000000000071
33.709999999999994,0.0016305471621797366,0.019843932243792564,-1.28
33.71999999999999,0.0016293763359883878,0.02380446391091166,-1.28
33.73,0.001627703680065854,0.027347567245620333,-1.28
33.739999999999995,0.001625599472885154,0.030413200192454297,-1.2700000000000071
33.74999999999999,0.0016231783958166614,0.03298925701759099,-1.279999999999993
33.76,0.0016205896769510481,0.03509630641310452,-1.28
33.769999999999996,0.0016180021094516913,0.03676885324189452,-1.2700000000000071
33.779999999999994,0.001615586274056603,0.03803822956468366,-1.27
33.78999999999999,0.001613496772200128,0.038921259667011286,-1.27
33.8,0.0016118570946729472,0.03941651798768518,-1.26
33.809999999999995,0.0016107490081733859,0.03950718391528983,-1.269999999999993
33.81999999999999,0.001610207306237581,0.039167700654333996,-1.2600000000000071
33.83,0.0016102197736280375,0.038371222350465806,-1.26
33.839999999999996,0.001610731500972918,0.03709559152663479,-1.26
33.849999999999994,0.0016116523447155197,0.035326656678619436,-1.26
33.85999999999999,0.0016128663098482915,0.033058844592564855,-1.26
33.87,0.0016142418227766413,0.030293851924147176,-1.26
33.879999999999995,0.0016156421245065427,0.027038846877051635,-1.26
33.88999999999999,0.001616935242109584,0.023305644445010758,-1.26
33.89999999999999,0.0016180031317030725,0.019112106293897382,-1.250000000000007
33.91,0.0016187496231233884,0.014486291567643845,-1.25
33.919999999999995,0.0016191067707588547,0.00947238002557426,-1.25
33.92999999999999,0.0016190391860259417,0.004135943737994878,-1.25
33.94,0.0016185459538765692,-0.0014338103277388835,-1.25
33.949999999999996,0.001617659856863495,-0.007125585293375385,-1.25
33.959999999999994,0.0016164438477213679,-0.01281051902391654,-1.240000000000007
33.96999999999999,0.001614984985708132,-0.018348722597311587,-1.24
33.98,0.00161338632316802,-0.023597541275684312,-1.24
33.989999999999995,0.0016117574534398606,-0.02842131740334086,-1.24
33.99999999999999,0.00161020459623174,-0.032701705340186606,-1.24
34.01,0.001608821198569807,-0.03634694547922016,-1.24
34.019999999999996,0.0016076800505224749,-0.03929845140942304,-1.24
34.029999999999994,0.0016068278210061384,-0.04153356354420897,-1.24
34.03999999999999,0.001606282676138886,-0.043064228529358844,-1.230000000000007
34.05,0.0016060352406254462,-0.04393226243428418,-1.23
34.059999999999995,0.0016060526451110143,-0.04420218034539908,-1.23
34.06999999999999,0.0016062848820538082,-0.04395235516537286,-1.23
34.08,0.0016066723157073329,-0.04326516666423846,-1.23
34.089999999999996,0.0016071530682973871,-0.042216962267238374,-1.23
34.099999999999994,0.001607669164192609,-0.04086849936073698,-1.23
34.10999999999999,0.0016081707035799444,-0.039256285745217084,-1.220000000000007
34.12,0.0016086178391223772,-0.03738591520762188,-1.22
34.129999999999995,0.0016089808025361305,-0.03522986996183073,-1.22
34.13999999999999,0.0016092385645000203,-0.03273258170948804,-1.22
34.14999999999999,0.0016093768639235894,-0.0298238479933109,-1.22
34.16,0.001609386318374183,-0.026438890823677955,-1.22
34.169999999999995,0.0016092611670868533,-0.02254099617838286,-1.22
34.17999999999999,0.0016089989550446921,-0.01814165335419165,-1.210000000000007
34.19,0.0016086011882279704,-0.013313265354686321,-1.21
34.199999999999996,0.0016080747113786154,-0.008190514655098877,-1.21
34.209999999999994,0.001607433316217249,-0.002958667383886194,-1.21
34.21999999999999,0.0016066989289640259,0.0021694321194369696,-1.21
34.23,0.0016059017080579771,0.006982533629159671,-1.21
34.239999999999995,0.0016050785508092632,0.011299780155759762,-1.21
34.24999999999999,0.0016042698689962658,0.01499373579030924,-1.200000000000007
34.26,0.0016035149894269806,0.0180047479088414,-1.2
34.269999999999996,0.0016028470279081657,0.020346099430874346,-1.2
34.279999999999994,0.001602288395370806,0.02210085638389026,-1.2
34.28999999999999,0.0016018480809825064,0.023411842540359475,-1.2
34.3,0.0016015214731149691,0.02446611572213327,-1.2
34.309999999999995,0.0016012928063625892,0.025475057387671113,-1.190000000000007
34.31999999999999,0.0016011395686190135,0.026651009553107546,-1.19
34.33,0.0016010376302903967,0.0281818168255785,-1.19
34.339999999999996,0.0016009656732596793,0.030206036437952614,-1.19
34.349999999999994,0.0016009077693696894,0.03279317822841275,-1.19
34.35999999999999,0.0016008536010808227,0.03593364980706768,-1.19
34.37,0.0016007966094921675,0.03954156371852558,-1.19
34.379999999999995,0.0016007310191028252,0.043470803470842395,-1.180000000000007
34.38999999999999,0.0016006490063209071,0.04754148634639403,-1.18
34.39999999999999,0.0016005391656724011,0.051570946103879634,-1.18
34.41,0.001600386945103128,0.05540185317890163,-1.18
34.419999999999995,0.0016001770515170707,0.0589212524921446,-1.18
34.42999999999999,0.001599897202586991,0.06206760071799753,-1.170000000000007
34.44,0.0015995422067159506,0.06482630816529569,-1.18
34.449999999999996,0.0015991172707937138,0.06721650492562019,-1.170000000000007
34.459999999999994,0.001598639642043088,0.06927286264491647,-1.17
34.46999999999999,0.0015981380855826664,0.07102658315907619,-1.17
34.48,0.0015976501525881768,0.07248907016838317,-1.17
34.489999999999995,0.0015972176010715,0.07364064313082505,-1.160000000000007
34.49999999999999,0.001596880640916771,0.0744255617374492,-1.1699999999999928
34.51,0.0015966718703661852,0.07475367679741807,-1.16
34.519999999999996,0.0015966108440010343,0.07450768714189261,-1.16
34.529999999999994,0.001596700150836822,0.07355349518826959,-1.16
34.53999999999999,0.001596923673646054,0.07175094255973097,-1.16
34.55,0.001597247349257546,0.06896395418202242,-1.16
34.559999999999995,0.0015976222977228695,0.0650713796417127,-1.16
34.56999999999999,0.0015979897371761883,0.05998052828257133,-1.150000000000007
34.57999999999999,0.0015982867825828494,0.05364392229074057,-1.1599999999999928
34.589999999999996,0.0015984521437936554,0.04607722807906517,-1.150000000000007
34.599999999999994,0.0015984309231726695,0.03737444293436865,-1.15
34.60999999999999,0.0015981781082228808,0.027716357611334244,-1.15
34.62,0.00159766081934212,0.017369929134255113,-1.15
34.629999999999995,0.0015968597325864402,0.00667829169618102,-1.140000000000007
34.63999999999999,0.00159577022229747,-0.003957730485966309,-1.1499999999999928
34.64999999999999,0.0015944036224392508,-0.014105913337687008,-1.140000000000007
34.66,0.0015927886499417971,-0.023336056333996862,-1.14
34.669999999999995,0.0015909726076772993,-0.03125829595453173,-1.14
34.67999999999999,0.0015890216600326114,-0.037561536094569345,-1.14
34.69,0.001587019388775483,-0.0420456858549929,-1.14
34.699999999999996,0.00158506304967598,-0.044642010259737866,-1.14
34.709999999999994,0.0015832574187175398,-0.04541839501861801,-1.130000000000007
34.71999999999999,0.0015817067000423542,-0.044569628165368295,-1.13
34.73,0.0015805054765317434,-0.04239569489032682,-1.13
34.739999999999995,0.0015797299608232397,-0.03927259682516884,-1.13
34.74999999999999,0.0015794307791859908,-0.03562000069919236,-1.13
34.76,0.001579628223447258,-0.03186852524996445,-1.13
34.769999999999996,0.001580310455523588,-0.0284276479100086,-1.13
34.779999999999994,0.0015814346979391065,-0.02565437354136303,-1.13
34.78999999999999,0.0015829311014213044,-0.023823919711699778,-1.1200000000000072
34.8,0.0015847087767320188,-0.023105956821917756,-1.12
34.809999999999995,0.0015866633857634417,-0.023551113321834627,-1.12
34.81999999999999,0.0015886856620992236,-0.025090912263987148,-1.12
34.82999999999999,0.0015906702316486174,-0.02755055429129848,-1.12
34.839999999999996,0.0015925240980107403,-0.03067023905824129,-1.12
34.849999999999994,0.0015941741306217563,-0.03412937097009968,-1.12
34.85999999999999,0.001595572858513906,-0.03756955908884981,-1.1100000000000072
34.87,0.0015967018712011326,-0.04061524512755132,-1.11
34.879999999999995,0.0015975722221210024,-0.042893155694920596,-1.11
34.88999999999999,0.0015982214746995437,-0.04405255484171638,-1.11
34.89999999999999,0.0015987074477133813,-0.04378739500043996,-1.11
34.91,0.001599099260494209,-0.04185972074486029,-1.11
34.919999999999995,0.0015994668242151498,-0.03812229432755119,-1.11
34.92999999999999,0.0015998703062137843,-0.0325380083098395,-1.1000000000000072
34.94,0.0016003511783710606,-0.02519385152050284,-1.1
34.949999999999996,0.001600926203941095,-0.016307327923197282,-1.1
34.959999999999994,0.0016015851768052922,-0.006223189043872772,-1.1
34.96999999999999,0.0016022925481863428,0.004601378852254818,-1.1
34.98,0.0016029924401876287,0.015624008091259807,-1.1
34.989999999999995,0.001603616094639661,0.026256185826393774,-1.1
34.99999999999999,0.0016040905977748475,0.03591147973978539,-1.0900000000000072
35.01,0.0016043477372271353,0.04405825129532399,-1.09
35.019999999999996,0.0016043320175492394,0.05027037258402175,-1.09
35.029999999999994,0.001604007098369531,0.05426887801183361,-1.09
35.03999999999999,0.0016033601646174016,0.05594874250585541,-1.0800000000000072
35.05,0.0016024039692823465,0.055387671721861396,-1.09
35.059999999999995,0.0016011765035346453,0.05283671266783381,-1.0800000000000072
35.06999999999999,0.0015997384394352714,0.04869474384404713,-1.08
35.07999999999999,0.0015981686432921742,0.04347022444446021,-1.08
35.089999999999996,0.0015965581667695063,0.037734103376947235,-1.08
35.099999999999994,0.0015950031951990236,0.032067935667320836,-1.0700000000000072
35.10999999999999,0.0015935974802884082,0.027011493535778756,-1.079999999999993
35.12,0.0015924248141968504,0.02301455606540598,-1.07
35.129999999999995,0.0015915521112438295,0.020397690521662903,-1.07
35.13999999999999,0.00159102364275695,0.01932630100952621,-1.07
35.14999999999999,0.001590856908852035,0.019801042444592368,-1.07
35.16,0.0015910405255672013,0.021665864159556063,-1.07
35.169999999999995,0.0015915343683851496,0.024632253878927084,-1.07
35.17999999999999,0.0015922720613974416,0.02831535065407665,-1.0600000000000072
35.19,0.0015931657419813727,0.03227604602293743,-1.07
35.199999999999996,0.0015941128568358622,0.03606369981788262,-1.0600000000000072
35.209999999999994,0.0015950045533374322,0.039255687344841715,-1.06
35.21999999999999,0.0015957350384306992,0.04149129409058491,-1.06
35.23,0.0015962111211585241,0.042498139018988926,-1.06
35.239999999999995,0.0015963610688440866,0.042109907210057036,-1.0500000000000071
35.24999999999999,0.0015961419104143322,0.040274840669259314,-1.059999999999993
35.26,0.0015955444142410425,0.03705462730872778,-1.05
35.269999999999996,0.0015945951366525635,0.03261331494349632,-1.05
35.279999999999994,0.0015933551612878618,0.027196779846667934,-1.05
35.28999999999999,0.0015919154215919993,0.02110499591311967,-1.05
35.3,0.001590388823200997,0.01466046676864058,-1.04
35.309999999999995,0.001588899748925578,0.008176300187179927,-1.049999999999993
35.31999999999999,0.0015875718875719418,0.0019274866788349175,-1.05
35.32999999999999,0.0015865156035595215,-0.003870862529951243,-1.05
35.339999999999996,0.0015858161914539264,-0.009075449708445597,-1.0400000000000071
35.349999999999994,0.001585524307697978,-0.013616304760988102,-1.04
35.35999999999999,0.001585649652682007,-0.01748946585569351,-1.04
35.37,0.0015861586382353997,-0.020743384964174563,-1.04
35.379999999999995,0.0015869763793515228,-0.023461870320853073,-1.04
35.38999999999999,0.0015879929332984438,-0.0257462907604822,-1.04
35.39999999999999,0.0015890732842308933,-0.02769892650805744,-1.04
35.41,0.0015900701502233668,-0.029408133305847836,-1.03
35.419999999999995,0.0015908383205356287,-0.030935632245458942,-1.03
35.42999999999999,0.0015912489896772572,-0.032307027776409744,-1.03
35.44,0.0015912025089245664,-0.03350747763526907,-1.03
35.449999999999996,0.0015906381546272508,-0.03448424891958285,-1.03
35.459999999999994,0.0015895398908379826,-0.03515675570682753,-1.03
35.46999999999999,0.0015879376015370897,-0.03543315956763092,-1.03
35.48,0.0015859037841762771,-0.03523098354350597,-1.02
35.489999999999995,0.0015835461636191565,-0.03449770551532816,-1.02
35.49999999999999,0.0015809970861173429,-0.03322662382972446,-1.02
35.51,0.00157840088232736,-0.03146398059384857,-1.02
35.519999999999996,0.0015759006149036387,-0.029305392249913808,-1.02
35.529999999999994,0.0015736256929402455,-0.0268825680089834,-1.02
35.53999999999999,0.0015716816933899098,-0.024344074788791224,-1.02
35.55,0.0015701433691619878,-0.021835231227318785,-1.01
35.559999999999995,0.001569051298826759,-0.019481288222111565,-1.01
35.56999999999999,0.0015684120666232375,-0.017375458798408322,-1.01
35.57999999999999,0.001568201404081063,-0.015570969104450945,-1.01
35.589999999999996,0.0015683694816709625,-0.014075777047463633,-1.01
35.599999999999994,0.001568847530962332,-0.012849893313300676,-1.01
35.60999999999999,0.0015695551477084078,-0.011806736030453114,-1.000000000000007
35.62,0.0015704078659946631,-0.01082004505942515,-1.0
35.629999999999995,0.0015713247793455716,-0.009736468961679194,-1.0
35.63999999999999,0.0015722360190356924,-0.008392380362898088,-1.0
35.64999999999999,0.0015730897457091185,-0.006632867777769105,-1.0
35.66,0.0015738580150865844,-0.004330874069535082,-1.0
35.669999999999995,0.0015745405778653952,-0.0014043223493066742,-1.0
35.67999999999999,0.001575165547543481,0.002171145600321788,-0.9900000000000071
35.69,0.001575786062077453,0.006355703588654672,-0.99
35.699999999999996,0.001576472622962036,0.011045510247884232,-0.99
35.709999999999994,0.0015773016353305288,0.016078291272990698,-0.99
35.71999999999999,0.001578341581476137,0.021242833258932767,-0.99
35.73,0.0015796389621230138,0.02629185759483648,-0.99
35.739999999999995,0.001581206411955073,0.03095853060355424,-0.99
35.74999999999999,0.0015830151462835923,0.03497661014992276,-0.9800000000000071
35.76,0.0015849931834902803,0.038103473850396585,-0.98
35.769999999999996,0.001587029805866005,0.040144666967232026,-0.98
35.779999999999994,0.0015889857207726811,0.040977831254143976,-0.98
35.78999999999999,0.0015907075633427997,0.04057267593906268,-0.9700000000000071
35.8,0.0015920448325610758,0.039002985389749466,-0.98
35.809999999999995,0.0015928670852667567,0.0364474989270308,-0.9700000000000071
35.81999999999999,0.0015930792059218634,0.03317836615211959,-0.97
35.82999999999999,0.0015926328037265405,0.02953770342353218,-0.97
35.839999999999996,0.0015915322609497996,0.025904265629117202,-0.97
35.849999999999994,0.0015898346664085206,0.022653691062254015,-0.9600000000000071
35.85999999999999,0.0015876437558428214,0.02011720204892738,-0.9699999999999929
35.87,0.0015850988827989419,0.018544569364127503,-0.97
35.879999999999995,0.0015823607398405977,0.018076980051707093,-0.9600000000000071
35.88999999999999,0.0015795958744086666,0.018733953547448945,-0.96
35.89999999999999,0.0015769619520022752,0.02041584270206635,-0.96
35.91,0.0015745952881316835,0.02292039959481069,-0.96
35.919999999999995,0.001572601564466496,0.025969429066965238,-0.96
35.92999999999999,0.0015710500545619253,0.02924042485358023,-0.96
35.94,0.0015699712484510628,0.0323981901733821,-0.95
35.949999999999996,0.0015693575290443211,0.035122433557368334,-0.95
35.959999999999994,0.0015691664863903634,0.03712911124514532,-0.95
35.96999999999999,0.0015693264851965373,0.03818560097792744,-0.940000000000007
35.98,0.0015697441388095156,0.03812157944757564,-0.95
35.989999999999995,0.0015703133124809045,0.036837391504629606,-0.95
35.99999999999999,0.0015709251384686722,0.034309771580183855,-0.95
36.01,0.001571478291827152,0.030592799574513507,-0.94
36.019999999999996,0.001571888532923743,0.025811674870605608,-0.94
36.029999999999994,0.0015720963929418924,0.02014854768078177,-0.94
36.03999999999999,0.0015720719639479924,0.013822345495152025,-0.94
36.05,0.0015718160932968633,0.0070668036024125365,-0.94
36.059999999999995,0.0015713578260910977,0.00011146880242101892,-0.94
36.06999999999999,0.0015707485588970491,-0.006830936526201891,-0.9300000000000072
36.07999999999999,0.0015700538962611027,-0.0135698296772002,-0.93
36.089999999999996,0.0015693445110170478,-0.019936121042556543,-0.93
36.099999999999994,0.0015686873540621997,-0.025778599994153002,-0.93
36.10999999999999,0.0015681383691626722,-0.030961060850021795,-0.93
36.12,0.0015677375237882387,-0.03536317157971669,-0.93
36.129999999999995,0.00156750656342095,-0.038885881742832584,-0.93
36.13999999999999,0.0015674495054930424,-0.0414596586736668,-0.9200000000000071
36.14999999999999,0.0015675555430780608,-0.04305252288388944,-0.92
36.16,0.001567803742557854,-0.043674999909046136,-0.92
36.169999999999995,0.0015681687144301014,-0.0433800105304485,-0.92
36.17999999999999,0.001568626339625514,-0.04225692256001334,-0.92
36.19,0.001569158663894214,-0.04042058049976593,-0.92
36.199999999999996,0.0015697572284953663,-0.03799793146599223,-0.92
36.209999999999994,0.001570424362185832,-0.035115857482969505,-0.9100000000000071
36.21999999999999,0.0015711722731250716,-0.03189301784370196,-0.91
36.23,0.0015720200977218295,-0.02843624894813066,-0.91
36.239999999999995,0.0015729893440257366,-0.024840006186777334,-0.91
36.24999999999999,0.0015740983846916291,-0.021186896303480703,-0.91
36.26,0.0015753567950001395,-0.017548337273713865,-0.91
36.269999999999996,0.0015767603839477436,-0.013985395381821085,-0.91
36.279999999999994,0.0015782877190370092,-0.010550109192083736,-0.9000000000000071
36.28999999999999,0.0015798987861347104,-0.007287441179212985,-0.9
36.3,0.0015815361515196659,-0.004237676673568463,-0.9
36.309999999999995,0.0015831286284169383,-0.0014385305117808644,-0.9
36.31999999999999,0.001584597059061571,0.0010743106699264817,-0.9
36.32999999999999,0.0015858614924696573,0.0032693716085181223,-0.9
36.339999999999996,0.0015868488398347806,0.005124527062655796,-0.8900000000000071
36.349999999999994,0.0015875000558725494,0.006634114611394056,-0.89
36.35999999999999,0.0015877760113911228,0.007816171206014452,-0.89
36.37,0.0015876614363058627,0.008717645470498622,-0.89
36.379999999999995,0.001587166556324839,0.009415744389605823,-0.8800000000000071
36.38999999999999,0.001586326277209348,0.01001435822128145,-0.8899999999999929
36.39999999999999,0.0015851969811331728,0.01063540563298442,-0.89
36.41,0.0015838511991781378,0.011405740145418838,-0.88
36.419999999999995,0.0015823706123253797,0.012441016673106244,-0.88
36.42999999999999,0.0015808379997365668,0.013828602100590368,-0.88
36.44,0.0015793288897872173,0.015612144561651421,-0.87
36.449999999999996,0.0015779037741119374,0.017780620028954038,-0.8799999999999929
36.459999999999994,0.0015766018064225047,0.020264013111776426,-0.8700000000000071
36.46999999999999,0.001575436891413772,0.022936111348570796,-0.8799999999999929
36.48,0.0015743969237461781,0.02562327274117697,-0.87
36.489999999999995,0.0015734466191056245,0.028117619518373375,-0.87
36.49999999999999,0.0015725338800432352,0.030193573881787648,-0.87
36.50999999999999,0.0015715990164873372,0.03162682087110987,-0.87
36.519999999999996,0.0015705855331464593,0.03221442370099428,-0.87
36.529999999999994,0.00156945078325846,0.031794582827314295,-0.87
36.53999999999999,0.0015681747137038684,0.030264661842781232,-0.8600000000000071
36.55,0.0015667652408351438,0.027596268078279463,-0.86
36.559999999999995,0.00156525943516581,0.023846098716137937,-0.86
36.56999999999999,0.0015637204844157254,0.01916076334831587,-0.86
36.57999999999999,0.0015622311290904287,0.013773134812108819,-0.8500000000000071
36.589999999999996,0.0015608847507675978,0.007988177642711898,-0.8599999999999929
36.599999999999994,0.0015597754711561122,0.002158590076686727,-0.86
36.60999999999999,0.001558988519761035,-0.0033460511448654075,-0.8500000000000071
36.62,0.0015585918500600935,-0.00817102486269979,-0.85
36.629999999999995,0.0015586296511404297,-0.012004464096794908,-0.85
36.63999999999999,0.0015591181009969378,-0.014599948838240305,-0.8400000000000071
36.64999999999999,0.001560043468042099,-0.015794206040907015,-0.8499999999999929
36.66,0.001561362484711993,-0.015520253931187647,-0.85
36.669999999999995,0.001563004786931285,-0.013814757939172787,-0.85
36.67999999999999,0.001564877136495575,-0.010817380286335415,-0.8400000000000071
36.69,0.0015668691136557077,-0.006760429068763453,-0.84
36.699999999999996,0.0015688599645630392,-0.0019487297815576332,-0.84
36.709999999999994,0.0015707262872307862,0.003268343927113044,-0.84
36.71999999999999,0.001572350219283947,0.008528725776264555,-0.84
36.73,0.001573627739897216,0.013488114236896961,-0.84
36.739999999999995,0.0015744766174122344,0.01784418152690611,-0.84
36.74999999999999,0.0015748434359734015,0.021352119630555118,-0.8300000000000071
36.75999999999999,0.0015747090448712917,0.023832351957088535,-0.83
36.769999999999996,0.001574091731203875,0.02517349493196153,-0.83
36.779999999999994,0.0015730474669574395,0.02533367077279859,-0.83
36.78999999999999,0.001571666773602969,0.024341288890711996,-0.83
36.8,0.0015700681090863576,0.022294189342097405,-0.82
36.809999999999995,0.0015683881847522417,0.019355309619847782,-0.8299999999999929
36.81999999999999,0.0015667701534718746,0.01574390848051753,-0.8200000000000071
36.82999999999999,0.0015653510191695713,0.011722620971516412,-0.82
36.839999999999996,0.0015642497751581208,0.007581219023658794,-0.82
36.849999999999994,0.0015635576375787872,0.0036180363608615054,-0.82
36.85999999999999,0.0015633313460596356,0.00012016376173434697,-0.82
36.87,0.001563589980052878,-0.002656230222861309,-0.82
36.879999999999995,0.0015643152375211418,-0.0045040525859141095,-0.82
36.88999999999999,0.0015654547492906978,-0.005280648292594022,-0.8100000000000072
36.89999999999999,0.001566927786282222,-0.004919190374661816,-0.81
36.91,0.0015686326331513145,-0.003435015878272766,-0.81
36.919999999999995,0.0015704549092636702,-0.0009262670005039355,-0.81
36.92999999999999,0.001572276177209229,0.002431117489697041,-0.81
36.94,0.0015739822585966695,0.006393809431639023,-0.81
36.949999999999996,0.0015754707551686275,0.01066717042955799,-0.8000000000000071
36.959999999999994,0.0015766573414185442,0.014927563960345787,-0.8
36.96999999999999,0.0015774804576968312,0.0188505614874987,-0.8
36.98,0.0015779041072020662,0.022142916208708813,-0.8
36.989999999999995,0.0015779185702439289,0.024574345570209565,-0.7900000000000071
36.99999999999999,0.0015775390142382319,0.026003762588582134,-0.7999999999999929
37.00999999999999,0.0015768021931020474,0.026394172195134853,-0.7900000000000071
37.019999999999996,0.0015757616530318022,0.025811931232058487,-0.79
37.029999999999994,0.0015744820320624557,0.024409775643196952,-0.79
37.03999999999999,0.0015730331161950151,0.02239765139981778,-0.79
37.05,0.0015714842905099964,0.020008626598572252,-0.79
37.059999999999995,0.001569899920360527,0.017467477637883973,-0.79
37.06999999999999,0.0015683360428571276,0.014967445530852982,-0.79
37.07999999999999,0.0015668385659913346,0.012657911470491784,-0.79
37.089999999999996,0.0015654429782336182,0.010643253692744875,-0.7800000000000071
37.099999999999994,0.0015641753772207068,0.008990582299902176,-0.78
37.10999999999999,0.0015630544492888977,0.0077416820839910664,-0.78
37.12,0.0015620939013708767,0.006923775670183505,-0.78
37.129999999999995,0.0015613047973544142,0.006555416221862718,-0.78
37.13999999999999,0.001560697304428923,0.0066469460057178836,-0.78
37.14999999999999,0.0015602815093198937,0.007197692996017023,-0.7700000000000071
37.16,0.0015600671912013554,0.008193033362532461,-0.77
37.169999999999995,0.0015600626859597446,0.009603499312170017,-0.77
37.17999999999999,0.0015602731833809795,0.011386362258223183,-0.77
37.19,0.0015606989117324759,0.013488832281257456,-0.77
37.199999999999996,0.0015613336553788105,0.01585169707530995,-0.77
37.209999999999994,0.0015621639294628093,0.018412598640440068,-0.7600000000000071
37.21999999999999,0.0015631689491554912,0.021108622729989656,-0.7699999999999929
37.23,0.001564321345564432,0.023878145546162,-0.76
37.239999999999995,0.0015655884453900245,0.026661957946392666,-0.76
37.24999999999999,0.0015669338626133826,0.02940354948321373,-0.76
37.25999999999999,0.0015683191407882171,0.03204826715326209,-0.76
37.269999999999996,0.0015697052207233099,0.034541413519945816,-0.76
37.279999999999994,0.0015710535792281505,0.036826293418268305,-0.76
37.28999999999999,0.0015723269818053434,0.038843890666139635,-0.7500000000000071
37.3,0.0015734899067571895,0.0405354343080635,-0.75
37.309999999999995,0.001574508812563547,0.0418478906165026,-0.75
37.31999999999999,0.0015753525033985255,0.0427412848296892,-0.75
37.32999999999999,0.001575992863102387,0.043196019582626324,-0.75
37.339999999999996,0.0015764061526317387,0.04321792879707583,-0.75
37.349999999999994,0.0015765749025958373,0.04283907995009296,-0.7400000000000071
37.35999999999999,0.0015764902134028898,0.04211367144446786,-0.7499999999999929
37.37,0.0015761540603276313,0.04111017369639217,-0.74
37.379999999999995,0.0015755810618588177,0.03990210471824294,-0.74
37.38999999999999,0.001574799168877941,0.03855999752054993,-0.74
37.39999999999999,0.001573848897759639,0.037146280924637565,-0.74
37.41,0.001572781034877176,0.035713262209304146,-0.73
37.419999999999995,0.0015716530917499081,0.03430270515726521,-0.7399999999999929
37.42999999999999,0.0015705250654927765,0.03294468443402576,-0.74
37.44,0.0015694551614353087,0.03165434626304317,-0.73
37.449999999999996,0.0015684960332595058,0.030427206295852747,-0.73
37.459999999999994,0.0015676918350838226,0.02923488536956192,-0.73
37.46999999999999,0.0015670760675098117,0.028023164325690925,-0.73
37.48,0.0015666699676350915,0.026713875756262783,-0.73
37.489999999999995,0.0015664811389504698,0.02521191458020307,-0.73
37.49999999999999,0.001566502266178434,0.023417906073920348,-0.73
37.50999999999999,0.001566710057954968,0.02124538798427264,-0.7200000000000071
37.519999999999996,0.0015670648842177936,0.01863934805027677,-0.72
37.529999999999994,0.0015675117738781158,0.015591896672360123,-0.72
37.53999999999999,0.0015679833906626346,0.012151804459048914,-0.72
37.55,0.0015684052669175518,0.008427195632753104,-0.72
37.559999999999995,0.0015687030080780448,0.0045827617543655755,-0.72
37.56999999999999,0.0015688105539706015,0.0008327031632454804,-0.72
37.57999999999999,0.0015686781197474988,-0.0025710748708154887,-0.7100000000000071
37.589999999999996,0.0015682783197055697,-0.005356986718083346,-0.71
37.599999999999994,0.0015676092716857518,-0.007258576649717463,-0.71
37.60999999999999,0.001566694121742565,-0.008044344757095602,-0.71
37.62,0.0015655772240975043,-0.007548442236466363,-0.71
37.629999999999995,0.001564317910208567,-0.005696842976856698,-0.71
37.63999999999999,0.0015629831903501167,-0.002523844396812926,-0.71
37.64999999999999,0.0015616407801805987,0.0018245229078464415,-0.7000000000000071
37.66,0.001560353575882413,0.007100664941823361,-0.7
37.669999999999995,0.001559176234111563,0.012976743444859669,-0.7
37.67999999999999,0.0015581539919598954,0.019073231191382954,-0.690000000000007
37.69,0.0015573233990200167,0.02499079145148398,-0.7
37.699999999999996,0.0015567142834909708,0.03034213730342532,-0.690000000000007
37.709999999999994,0.0015563520599486348,0.034781129773142905,-0.69
37.71999999999999,0.001556259429891205,0.03802699231345329,-0.69
37.73,0.0015564566523099527,0.039882130343113595,-0.69
37.739999999999995,0.0015569598812753872,0.04024246425240297,-0.69
37.74999999999999,0.0015577775579273291,0.03909941935258576,-0.69
37.75999999999999,0.0015589054283880713,0.036533196311386046,-0.6800000000000072
37.769999999999996,0.0015603212989101951,0.03269788169780374,-0.6899999999999928
37.779999999999994,0.0015619809675888009,0.027800056934926345,-0.6800000000000072
37.78999999999999,0.0015638167518461463,0.022073731337894135,-0.68
37.8,0.0015657396101669341,0.015755600020810875,-0.68
37.809999999999995,0.0015676451048360657,0.009065062548973664,-0.68
37.81999999999999,0.0015694225699957474,0.0021923670003252617,-0.6700000000000071
37.82999999999999,0.001570966101260964,-0.004704131071647348,-0.6799999999999929
37.839999999999996,0.0015721855833540235,-0.011493193345879301,-0.6700000000000071
37.849999999999994,0.0015730160083050402,-0.01806145944931289,-0.67
37.85999999999999,0.0015734237584003098,-0.024302500051401263,-0.67
37.87,0.0015734091716090436,-0.03010569963207071,-0.67
37.879999999999995,0.0015730053658162594,-0.035345957198721294,-0.67
37.88999999999999,0.0015722738184981867,-0.03987612796634172,-0.67
37.89999999999999,0.0015712975258618705,-0.04352555146003225,-0.67
37.91,0.0015701727149904964,-0.04610782897008726,-0.67
37.919999999999995,0.001569000092599074,-0.04743841365068875,-0.6600000000000071
37.92999999999999,0.0015678765221160663,-0.04735925745733009,-0.66
37.94,0.0015668878562013885,-0.04576602872071163,-0.66
37.949999999999996,0.001566103436623492,-0.04263361779775694,-0.66
37.959999999999994,0.0015655725310193037,-0.03803628641342125,-0.66
37.96999999999999,0.0015653227375141642,-0.03215891772884148,-0.66
37.98,0.0015653601850230132,-0.02529612851260027,-0.66
37.989999999999995,0.0015656712060579832,-0.01783748996180177,-0.6500000000000071
37.99999999999999,0.0015662250588897488,-0.0102395114608995,-0.65
38.00999999999999,0.0015669772230028065,-0.002987421821915586,-0.65
38.019999999999996,0.0015678727943094078,0.003448526327368856,-0.65
38.029999999999994,0.0015688495821311423,0.008656764157329027,-0.65
38.03999999999999,0.0015698406689404604,0.012322862740931717,-0.65
38.05,0.0015707764247120109,0.014258411939760227,-0.65
38.059999999999995,0.0015715862267789468,0.01441743080877582,-0.6400000000000071
38.06999999999999,0.0015722003464294172,0.012899147511956461,-0.64
38.07999999999999,0.0015725525367226221,0.00993771922534354,-0.64
38.089999999999996,0.0015725837300350817,0.00588072611711512,-0.64
38.099999999999994,0.0015722469221132083,0.0011589172997399635,-0.64
38.10999999999999,0.001571512846281683,-0.003749815765456428,-0.64
38.12,0.0015703755612717992,-0.008358736832641295,-0.64
38.129999999999995,0.0015688567574262244,-0.01220930797171405,-0.6300000000000071
38.13999999999999,0.0015670075701034237,-0.014904145659957903,-0.63
38.14999999999999,0.001564907036699894,-0.016134052937856087,-0.63
38.16,0.0015626569863260783,-0.015698181127442368,-0.63
38.169999999999995,0.0015603739218728813,-0.013516953541756006,-0.63
38.17999999999999,0.0015581790928906993,-0.009637680330227619,-0.63
38.18999999999999,0.0015561882663262373,-0.004232985507227255,-0.63
38.199999999999996,0.001554502609220924,0.002407826448735378,-0.6200000000000071
38.209999999999994,0.0015532016686566675,0.009894708314540772,-0.62
38.21999999999999,0.0015523388469239083,0.017760866033471354,-0.62
38.23,0.0015519392420881171,0.02549555747966382,-0.62
38.239999999999995,0.001551999415403492,0.03258528012010708,-0.62
38.24999999999999,0.0015524886044075623,0.038560547274314246,-0.6100000000000071
38.25999999999999,0.0015533510695119486,0.0430426755128819,-0.6199999999999929
38.269999999999996,0.0015545095217199534,0.04578335599142695,-0.6100000000000071
38.279999999999994,0.0015558697858279787,0.046690469531342454,-0.61
38.28999999999999,0.0015573268887477286,0.04583625787311454,-0.61
38.3,0.0015587725721021165,0.0434467799796089,-0.61
38.309999999999995,0.0015601038471247978,0.039873535904549694,-0.61
38.31999999999999,0.0015612317670965592,0.03555003509069555,-0.61
38.32999999999999,0.001562089265823604,0.030938639059474284,-0.61
38.339999999999996,0.0015626368472241691,0.02647537376840854,-0.6000000000000071
38.349999999999994,0.0015628651704031498,0.022521152075300484,-0.6
38.35999999999999,0.0015627941067502182,0.01932629255698876,-0.6
38.37,0.001562468498428274,0.017011913813149978,-0.59
38.379999999999995,0.0015619514251469136,0.015568299472595236,-0.5999999999999929
38.38999999999999,0.0015613161395354117,0.014868251015480184,-0.6
38.39999999999999,0.0015606379088339058,0.01469302551725336,-0.6
38.41,0.0015599868352529672,0.01476831013065275,-0.59
38.419999999999995,0.0015594224041680018,0.014806351692353791,-0.59
38.42999999999999,0.0015589901272865365,0.014548286603445962,-0.59
38.43999999999999,0.0015587202822712,0.013799835317078644,-0.59
38.449999999999996,0.00155862843913969,0.012454842948162683,-0.59
38.459999999999994,0.0015587172270644096,0.010503832180594832,-0.59
38.46999999999999,0.0015589786571757643,0.008027464288470747,-0.5800000000000071
38.48,0.0015593963062251585,0.005177065635692079,-0.58
38.489999999999995,0.0015599467993763609,0.0021462613078169915,-0.58
38.49999999999999,0.0015606002982125934,-0.0008609994643293039,-0.58
38.50999999999999,0.0015613200557434992,-0.0036606872888183756,-0.58
38.519999999999996,0.0015620614595165704,-0.006112928560563018,-0.58
38.529999999999994,0.0015627712468768533,-0.008137521593127953,-0.5700000000000071
38.53999999999999,0.0015633876647178793,-0.009719616506820544,-0.5799999999999929
38.55,0.0015638422288772403,-0.010905807171163713,-0.57
38.559999999999995,0.0015640634392210756,-0.011791967937087103,-0.57
38.56999999999999,0.0015639823979746435,-0.012505088330012858,-0.57
38.57999999999999,0.0015635398582931814,-0.01318207504678428,-0.57
38.589999999999996,0.0015626938832304618,-0.013948800267840908,-0.57
38.599999999999994,0.0015614270753985917,-0.01490236823370816,-0.57
38.60999999999999,0.0015597522668863736,-0.016098625170849718,-0.5600000000000072
38.62,0.0015577156386802668,-0.01754587045729263,-0.56
38.629999999999995,0.0015553964637680731,-0.0192051270260925,-0.56
38.63999999999999,0.0015529030404318462,-0.020996943821150173,-0.56
38.64999999999999,0.0015503649012291658,-0.022813879008319538,-0.56
38.66,0.00154792200245275,-0.024536607911198573,-0.56
38.669999999999995,0.0015457121939617643,-0.026050788695862567,-0.5500000000000071
38.67999999999999,0.0015438586686903678,-0.027261945344542012,-0.55
38.68999999999999,0.0015424591527066864,-0.028106412860442215,-0.55
38.699999999999996,0.001541578268197569,-0.028557249043654982,-0.55
38.709999999999994,0.00154124385184591,-0.028624771841577856,-0.55
38.71999999999999,0.0015414472279188063,-0.0283520589891835,-0.55
38.73,0.0015421467568029828,-0.02780630186505952,-0.55
38.739999999999995,0.0015432735798766972,-0.027067374514246026,-0.55
38.74999999999999,0.0015447384102385885,-0.02621523891954677,-0.5400000000000071
38.75999999999999,0.001546438419335559,-0.025317534587032894,-0.54
38.769999999999996,0.0015482636235762217,-0.024418158392177106,-0.54
38.779999999999994,0.0015501025478356417,-0.023527720190544714,-0.54
38.78999999999999,0.001551847227392592,-0.022617711221619576,-0.54
38.8,0.0015533977515199545,-0.021620983563695635,-0.54
38.809999999999995,0.001554666547478005,-0.02044036681513212,-0.54
38.81999999999999,0.001555582489989096,-0.018964906006811937,-0.5300000000000071
38.82999999999999,0.001556094757167644,-0.017090723714618023,-0.53
38.839999999999996,0.0015561761970815018,-0.014742247414767555,-0.53
38.849999999999994,0.0015558258608248114,-0.01188971818287225,-0.53
38.85999999999999,0.0015550703176295025,-0.008560062832363066,-0.53
38.87,0.0015539633943881686,-0.004839851799102741,-0.52
38.879999999999995,0.0015525840670522575,-0.0008706687805492146,-0.52
38.88999999999999,0.0015510323743957418,0.0031616838324073793,-0.52
38.89999999999999,0.0015494234332722276,0.00704240153361144,-0.52
38.91,0.0015478798987199874,0.010545763952601029,-0.52
38.919999999999995,0.0015465234820155923,0.013454621387456176,-0.52
38.92999999999999,0.0015454663374138116,0.015579745087283726,-0.52
38.93999999999999,0.0015448031859686352,0.016777699953535896,-0.52
38.949999999999996,0.001544604934209715,0.016966314063002755,-0.5100000000000071
38.959999999999994,0.0015449142927193352,0.016137156769441902,-0.51
38.96999999999999,0.00154574358464804,0.014364612613132927,-0.51
38.98,0.0015470746565651604,0.011810962550758359,-0.51
38.989999999999995,0.001548860629297592,0.008726135287347541,-0.51
38.99999999999999,0.0015510291617379015,0.005439841890301812,-0.51
39.00999999999999,0.001553486914559261,0.0023435749376460643,-0.51
39.019999999999996,0.0015561249524305289,-0.0001389358034909289,-0.5000000000000071
39.029999999999994,0.0015588248755044403,-0.0015919968202323992,-0.5
39.03999999999999,0.0015614654926213274,-0.0016554241325581716,-0.5
39.05,0.0015639298188774818,-7.297694216669385e-05,-0.5
39.059999999999995,0.0015661120972285017,0.003266340073278798,-0.5
39.06999999999999,0.0015679244314885153,0.008301944763707774,-0.5
39.07999999999999,0.0015693025192390143,0.014795428716239269,-0.4900000000000071
39.089999999999996,0.0015702099330449245,0.02234549902430197,-0.49
39.099999999999994,0.0015706404487217528,0.030421711865991744,-0.49
39.10999999999999,0.0015706180647348984,0.03841250697969892,-0.49
39.12,0.001570194569161406,0.04568200431887295,-0.48
39.129999999999995,0.0015694447475196871,0.05162937175331753,-0.4899999999999929
39.13999999999999,0.0015684595605216193,0.05574430981762666,-0.4800000000000071
39.14999999999999,0.0015673378537495006,0.05765265402054637,-0.48
39.16,0.0015661773849563773,0.05714745563824281,-0.48
39.169999999999995,0.0015650661296020046,0.05420313504078477,-0.48
39.17999999999999,0.0015640748872283769,0.04897294634099897,-0.48
39.18999999999999,0.001563252106376017,0.04177218666954194,-0.48
39.199999999999996,0.001562621558880205,0.033050524970114056,-0.4700000000000071
39.209999999999994,0.0015621830646015194,0.023356347547368043,-0.4799999999999929
39.21999999999999,0.0015619159883562338,0.013294930417655124,-0.4700000000000071
39.23,0.0015617848181687418,0.003481609477795537,-0.47
39.239999999999995,0.0015617458748556998,-0.005508689362137412,-0.47
39.24999999999999,0.0015617541272476049,-0.013192964825695137,-0.47
39.25999999999999,0.001561769176653663,-0.0192276346082387,-0.4600000000000071
39.269999999999996,0.0015617596825044208,-0.023444328006618928,-0.46999999999999287
39.279999999999994,0.0015617057756683926,-0.025865666158171315,-0.4600000000000071
39.28999999999999,0.001561599306023729,-0.026695185680235684,-0.46
39.3,0.001561442072511566,-0.02628044233643515,-0.46
39.309999999999995,0.0015612424660801638,-0.025054129225433257,-0.46
39.31999999999999,0.0015610111865241966,-0.023463299924152217,-0.4500000000000071
39.32999999999999,0.0015607568339975333,-0.021900024978932425,-0.4599999999999929
39.339999999999996,0.001560482195175556,-0.02064652444754916,-0.4500000000000071
39.349999999999994,0.0015601819342698925,-0.01984373421456725,-0.45
39.35999999999999,0.0015598421762132904,-0.019486322356199917,-0.45
39.37,0.001559442170479015,-0.01944195543655634,-0.45
39.379999999999995,0.0015589578956005192,-0.01948913483265166,-0.45
39.38999999999999,0.001558367145412813,-0.01936583144399626,-0.45
39.39999999999999,0.0015576553554058335,-0.01882025207340467,-0.45
39.41,0.0015568212101764985,-0.01765562647077729,-0.44
39.419999999999995,0.0015558809646356371,-0.015762865654178705,-0.44
39.42999999999999,0.0015548704660100405,-0.013137732116309333,-0.44
39.43999999999999,0.0015538441240612571,-0.009882026555232095,-0.44
39.449999999999996,0.001552870550805761,-0.006190535866633564,-0.44
39.459999999999994,0.0015520252198900194,-0.00232677107677735,-0.44
39.46999999999999,0.0015513811409486643,0.0014088070871633258,-0.44
39.48,0.0015509990251724721,0.004713911874798855,-0.43
39.489999999999995,0.0015509185875746492,0.007318757814602525,-0.43
39.49999999999999,0.0015511524303790593,0.009016249373790513,-0.43
39.50999999999999,0.0015516834330460585,0.00968569713155705,-0.43
39.519999999999996,0.0015524658952943786,0.009308149995544744,-0.43
39.529999999999994,0.001553430042983544,0.007971372796653272,-0.43
39.53999999999999,0.001554489067267679,0.005862833386550706,-0.43
39.55,0.0015555476793150274,0.003250440839319097,-0.42
39.559999999999995,0.0015565111918944602,0.0004529754899427599,-0.42
39.56999999999999,0.001557294296904035,-0.0021955716931808507,-0.42
39.57999999999999,0.0015578288920460063,-0.0043819000539579225,-0.42
39.589999999999996,0.001558070446046553,-0.005843447093605776,-0.42
39.599999999999994,0.0015580024563339543,-0.006388173682549681,-0.42
39.60999999999999,0.001557638569270497,-0.005902825957075527,-0.42
39.62,0.0015570219573098985,-0.004351603901475911,-0.41
39.629999999999995,0.001556221650391359,-0.0017691194617948868,-0.41
39.63999999999999,0.0015553257612180517,0.0017481874505820073,-0.41
39.64999999999999,0.0015544319496959087,0.0060492917391379245,-0.41
39.66,0.0015536359964839377,0.010934078748904567,-0.41
39.669999999999995,0.0015530198720565835,0.01615926829442565,-0.41
39.67999999999999,0.0015526410238348833,0.021448073837187293,-0.4000000000000071
39.68999999999999,0.0015525246184154898,0.026505955543211886,-0.4
39.699999999999996,0.0015526601141909436,0.031042615000649698,-0.4
39.709999999999994,0.001553002857537381,0.0347979829752011,-0.4
39.71999999999999,0.001553480554422293,0.03756787966217045,-0.4
39.73,0.0015540036764597994,0.03922381710526313,-0.39
39.739999999999995,0.001554478277841411,0.039721986799006376,-0.3999999999999929
39.74999999999999,0.0015548193954764969,0.03909918293516289,-0.3900000000000071
39.75999999999999,0.0015549631734433445,0.037457197505933466,-0.39
39.769999999999996,0.0015548760535828616,0.03494029153537682,-0.39
39.779999999999994,0.001554559760799488,0.031711499879699345,-0.39
39.78999999999999,0.0015540513532706776,0.02793279342370191,-0.39
39.8,0.0015534182807211536,0.023752393178675092,-0.39
39.809999999999995,0.0015527491401458122,0.019300526021340175,-0.3800000000000071
39.81999999999999,0.0015521415123010357,0.014692664021195295,-0.38
39.82999999999999,0.0015516887396249187,0.010037053323029949,-0.38
39.839999999999996,0.0015514676362070213,0.005442146669676638,-0.38
39.849999999999994,0.0015515288598357013,0.0010201475358911285,-0.38
39.85999999999999,0.0015518910908467862,-0.003115086359560302,-0.38
39.87,0.0015525394204779048,-0.006855229748409366,-0.37
39.879999999999995,0.001553427662600039,-0.010108043148314077,-0.3799999999999929
39.88999999999999,0.0015544838248797343,-0.012809701532916159,-0.3700000000000071
39.89999999999999,0.0015556177630154007,-0.014937307865180615,-0.37
39.91,0.0015567300576706667,-0.016519037578537614,-0.37
39.919999999999995,0.0015577213047011844,-0.017638429300153274,-0.37
39.92999999999999,0.0015585011863765272,-0.018429599607847447,-0.37
39.93999999999999,0.0015589968132924048,-0.0190617874370887,-0.37
39.949999999999996,0.0015591598632821808,-0.019714399765648715,-0.3600000000000071
39.959999999999994,0.0015589720129928816,-0.02054720132685187,-0.36
39.96999999999999,0.0015584481131489902,-0.021673111375380406,-0.36
39.98,0.0015576365698918703,-0.02314111678198625,-0.36
39.989999999999995,0.0015566165256435986,-0.024933211576968803,-0.36
39.99999999999999,0.0015554917177769442,-0.02697395503836917,-0.36
40.00999999999999,0.0015543813128505743,-0.029147466632751633,-0.36
40.019999999999996,0.0015534084852858296,-0.03131623983924394,-0.3500000000000071
40.029999999999994,0.0015526879136298886,-0.03333827840031426,-0.35
40.03999999999999,0.001552313605651413,-0.035081538631519,-0.35
40.05,0.0015523484894249824,-0.03643586525017224,-0.35
40.059999999999995,0.0015528170299487596,-0.03732233877770236,-0.35
40.06999999999999,0.0015537017991070583,-0.03769897630418103,-0.35
40.07999999999999,0.0015549445025020636,-0.037561298036925886,-0.34000000000000713
40.089999999999996,0.0015564514889717883,-0.03693733680188811,-0.34
40.099999999999994,0.0015581032507398856,-0.035878557592444536,-0.34
40.10999999999999,0.00155976689148548,-0.03444913542872957,-0.34
40.11999999999999,0.0015613100744606605,-0.03271564638921088,-0.34
40.129999999999995,0.0015626146760833745,-0.030738654104790812,-0.34
40.13999999999999,0.0015635883560321205,-0.028567717452548824,-0.34
40.14999999999999,0.0015641725457447163,-0.026241249901619523,-0.34
40.16,0.0015643459075667704,-0.023791349440970312,-0.33
40.169999999999995,0.0015641230055864134,-0.02125153268662474,-0.33
40.17999999999999,0.0015635486058648616,-0.01866389185824594,-0.33
40.18999999999999,0.0015626885788156833,-0.01608263434973555,-0.33
40.199999999999996,0.0015616187700113534,-0.01357271957814681,-0.33
40.209999999999994,0.0015604134342638988,-0.011204038637495688,-0.33
40.21999999999999,0.0015591348824087027,-0.009042500795788822,-0.3200000000000071
40.23,0.0015578258487592882,-0.0071397330838694146,-0.32
40.239999999999995,0.0015565057331165253,-0.005523411922526666,-0.32
40.24999999999999,0.0015551713157668993,-0.0041904754558194845,-0.32
40.25999999999999,0.0015538018480981903,-0.00310507762093264,-0.32
40.269999999999996,0.0015523677047928777,-0.0022018784731287714,-0.32
40.279999999999994,0.0015508411929347674,-0.0013936086089157511,-0.32
40.28999999999999,0.0015492077653690567,-0.0005808423056041365,-0.32
40.3,0.0015474758306909754,0.0003378640333866309,-0.31
40.309999999999995,0.0015456835730512277,0.001456435109879071,-0.31
40.31999999999999,0.001543901621663399,0.002852657356330282,-0.31
40.32999999999999,0.001542230951064618,0.004580603494297386,-0.31
40.339999999999996,0.0015407959752873413,0.006664411261124923,-0.31
40.349999999999994,0.0015397333801672923,0.00909430404451787,-0.31
40.35999999999999,0.00153917778527473,0.011826251074218745,-0.3000000000000071
40.36999999999999,0.0015392457907038935,0.014785967639511115,-0.3
40.379999999999995,0.001540020275691442,0.01787589995739313,-0.3
40.38999999999999,0.001541536906166956,0.020982333465777665,-0.3
40.39999999999999,0.001543774631265163,0.023980561820242465,-0.2900000000000071
40.41,0.001546651514494867,0.026738423182450552,-0.3
40.419999999999995,0.0015500266356515652,0.029120458977851642,-0.3
40.42999999999999,0.001553708131984327,0.030995329248278043,-0.3
40.43999999999999,0.0015574668053580903,0.03224766252780419,-0.2900000000000071
40.449999999999996,0.001561054132656909,0.03279268701986587,-0.29
40.459999999999994,0.0015642229927760219,0.03258944489984506,-0.29
40.46999999999999,0.001566749015497964,0.031648122937896914,-0.29
40.48,0.0015684502531425882,0.030029377599223393,-0.28
40.489999999999995,0.0015692029633304764,0.02783665798447262,-0.2899999999999929
40.49999999999999,0.001568951716088427,0.02520428875393049,-0.28000000000000713
40.50999999999999,0.0015677127602264282,0.022284022693017647,-0.28
40.519999999999996,0.0015655704569763002,0.01923184453140471,-0.28
40.529999999999994,0.001562667421892607,0.016195811553889706,-0.28
40.53999999999999,0.0015591896776950458,0.013305130843168755,-0.28
40.55,0.0015553485814961932,0.010660882798099815,-0.28
40.559999999999995,0.0015513615660687093,0.008329384399426511,-0.2700000000000071
40.56999999999999,0.0015474338204940067,0.0063389953435594405,-0.27
40.57999999999999,0.0015437428929432515,0.004680074849466221,-0.27
40.589999999999996,0.0015404277922458048,0.003307240297683917,-0.27
40.599999999999994,0.0015375835009140827,0.0021439041195738372,-0.27
40.60999999999999,0.0015352609711625366,0.0010900536851408055,-0.27
40.61999999999999,0.001533471825152473,3.39742510634248e-05,-0.2600000000000071
40.629999999999995,0.0015321963243829409,-0.001132572229776699,-0.2699999999999929
40.63999999999999,0.001531392855572772,-0.0024972196638297327,-0.2600000000000071
40.64999999999999,0.0015310072359123268,-0.004110093795152548,-0.26
40.66,0.0015309805054347836,-0.005970088700035448,-0.26
40.669999999999995,0.0015312544221903572,-0.008017979006672032,-0.26
40.67999999999999,0.001531774460613009,-0.010139509024875596,-0.2500000000000071
40.68999999999999,0.0015324906140564793,-0.012179457576653,-0.2599999999999929
40.699999999999996,0.0015333566483756108,-0.013965114641074736,-0.26
40.709999999999994,0.0015343286224169812,-0.015335757508407497,-0.2500000000000071
40.71999999999999,0.0015353634964890774,-0.01617341791865819,-0.25
40.73,0.0015364185209527743,-0.016429259859508317,-0.25
40.739999999999995,0.0015374518598197655,-0.016139700444042004,-0.25
40.74999999999999,0.0015384245784485398,-0.015427477091131066,-0.25
40.75999999999999,0.0015393037467325607,-0.014485438499945585,-0.25
40.769999999999996,0.0015400660529074437,-0.013544767538976498,-0.25
40.779999999999994,0.0015407010836225921,-0.012833569519228868,-0.2400000000000071
40.78999999999999,0.001541213381584392,-0.012534612878061843,-0.24
40.8,0.0015416225731330333,-0.01275124361062602,-0.24
40.809999999999995,0.001541961230990053,-0.013488070453632378,-0.24
40.81999999999999,0.001542270605215429,-0.014649222703033208,-0.24
40.82999999999999,0.0015425947920295407,-0.016053485174046814,-0.24
40.839999999999996,0.0015429742157413706,-0.01746316429253936,-0.24
40.849999999999994,0.001543439430049296,-0.018621854862741757,-0.23000000000000712
40.85999999999999,0.0015440062059257807,-0.019295046608348812,-0.23
40.86999999999999,0.001544672695952636,-0.019306991084486403,-0.23
40.879999999999995,0.0015454191883053398,-0.0185678006538768,-0.23
40.88999999999999,0.0015462106165453912,-0.017086276474007005,-0.23
40.89999999999999,0.0015470015935086347,-0.01496622827321519,-0.23
40.91,0.0015477433229119202,-0.012386915959379524,-0.23
40.919999999999995,0.001548391379721597,-0.009571184551333812,-0.2200000000000071
40.92999999999999,0.0015489131298884638,-0.006747074549653611,-0.22
40.93999999999999,0.001549293554967801,-0.004109712401064611,-0.22
40.949999999999996,0.001549538483008603,-0.0017899645391513267,-0.2100000000000071
40.959999999999994,0.0015496746655138734,0.0001651841632420303,-0.2199999999999929
40.96999999999999,0.0015497466787758518,0.001797692872369715,-0.22
40.98,0.0015498111351563485,0.003228480098927474,-0.22
40.989999999999995,0.0015499290634400128,0.0046345740909439735,-0.2100000000000071
40.99999999999999,0.0015501575148108436,0.006218088444286265,-0.21
41.00999999999999,0.001550541481233326,0.008172697597159625,-0.21
41.019999999999996,0.001551107114369611,0.0106521691378396,-0.21
41.029999999999994,0.0015518570506229327,0.013743675921830274,-0.21
41.03999999999999,0.0015527684121641665,0.017447984089550315,-0.21
41.05,0.0015537937766626601,0.02166935744805937,-0.21
41.059999999999995,0.0015548650994951921,0.026218463988505795,-0.20000000000000712
41.06999999999999,0.0015559002559690897,0.03083011847908412,-0.2
41.07999999999999,0.0015568115835990096,0.03519429327533543,-0.2
41.089999999999996,0.001557515576080571,0.038995057870825925,-0.1900000000000071
41.099999999999994,0.00155794272727701,0.04195007867964339,-0.1999999999999929
41.10999999999999,0.0015580464526164734,0.04384409122596541,-0.2
41.11999999999999,0.0015578100345043403,0.04455258096744999,-0.1900000000000071
41.129999999999995,0.0015572506609160786,0.04405469189715212,-0.19
41.13999999999999,0.0015564198709824549,0.04243534192708272,-0.19
41.14999999999999,0.0015554000997321617,0.03987591802255994,-0.1800000000000071
41.16,0.0015542975017669148,0.03663280264184089,-0.19
41.169999999999995,0.001553231750026721,0.03300480466597954,-0.19
41.17999999999999,0.001552323938235231,0.029293565831673977,-0.19
41.18999999999999,0.001551683972504796,0.025763176984024284,-0.1800000000000071
41.199999999999996,0.00155139888182775,0.022605484096982632,-0.18
41.209999999999994,0.001551523326691808,0.019916485132493087,-0.18
41.21999999999999,0.0015520732978666354,0.01768769867048149,-0.18
41.23,0.0015530236422312326,0.015814333218023283,-0.18
41.239999999999995,0.0015543096727768145,0.014119196371936793,-0.18
41.24999999999999,0.0015558327260404006,0.012388151628251229,-0.17000000000000712
41.25999999999999,0.0015574691312333507,0.010410628946716936,-0.17
41.269999999999996,0.0015590816907411216,0.008017946480824495,-0.17
41.279999999999994,0.0015605325044032953,0.005113228265884647,-0.17
41.28999999999999,0.001561695852016851,0.001689073870204928,-0.1600000000000071
41.3,0.0015624698964222647,-0.0021682367096777654,-0.17
41.309999999999995,0.0015627861590655789,-0.006287211842155638,-0.17
41.31999999999999,0.0015626159927185795,-0.010430028439754565,-0.17
41.32999999999999,0.0015619735652562944,-0.014318305701639684,-0.1600000000000071
41.339999999999996,0.001560915134704837,-0.017661693934845176,-0.16
41.349999999999994,0.001559534639247735,-0.020185947712506334,-0.16
41.35999999999999,0.0015579558634811023,-0.02165861635129598,-0.16
41.36999999999999,0.0015563216814574535,-0.021911305408244024,-0.16
41.379999999999995,0.001554781112823563,-0.020857179495562473,-0.16
41.38999999999999,0.0015534751547685364,-0.018501860136289357,-0.16
41.39999999999999,0.0015525225646401076,-0.014946094140052494,-0.1500000000000071
41.41,0.0015520069460074482,-0.010379564525645639,-0.15
41.419999999999995,0.0015519665853332854,-0.005066516763551577,-0.15
41.42999999999999,0.001552388425668593,0.0006748349515396714,-0.15
41.43999999999999,0.0015532072788190423,0.00649631498217443,-0.15
41.449999999999996,0.0015543108347719243,0.012044547658863801,-0.15
41.459999999999994,0.001555550270278492,0.01698483914435201,-0.15
41.46999999999999,0.001556755429558702,0.02102377655725701,-0.14000000000000712
41.48,0.0015577528443307886,0.023930855996959627,-0.14
41.489999999999995,0.0015583844351771848,0.02555892374524066,-0.14
41.49999999999999,0.0015585246565886714,0.02586138403670263,-0.14
41.50999999999999,0.001558094089153589,0.024902423860070553,-0.14
41.519999999999996,0.001557067957339114,0.02285673952309644,-0.14
41.529999999999994,0.0015554786568224973,0.019997501316779465,-0.14
41.53999999999999,0.0015534120442294115,0.016673784269396707,-0.1300000000000071
41.55,0.0015509979506892232,0.013279918177040976,-0.13
41.559999999999995,0.001548396093100582,0.010219507016230188,-0.13
41.56999999999999,0.0015457791736408497,0.007867459984320929,-0.13
41.57999999999999,0.0015433153358242451,0.006534464875286273,-0.13
41.589999999999996,0.0015411521703018415,0.0064388563102066665,-0.13
41.599999999999994,0.0015394041055806211,0.0076897655008714046,-0.13
41.60999999999999,0.0015381443532688493,0.01028291715766481,-0.1200000000000071
41.61999999999999,0.0015374017777053646,0.014107754515644026,-0.12
41.629999999999995,0.0015371623356227626,0.018962996424848992,-0.12
41.63999999999999,0.0015373742336377491,0.024577412805537692,-0.12
41.64999999999999,0.001537955723780546,0.03063306448560976,-0.12
41.66,0.0015388044588830311,0.03678921624557689,-0.11
41.669999999999995,0.0015398074766427685,0.042706223125020315,-0.11
41.67999999999999,0.001540851080905803,0.0480692038264161,-0.11
41.68999999999999,0.0015418300664771759,0.052610773360336906,-0.11
41.699999999999996,0.0015426558485923635,0.05613073722554651,-0.11
41.709999999999994,0.0015432631062675,0.05850954239789376,-0.11
41.71999999999999,0.0015436145593350744,0.05971279450055778,-0.11
41.73,0.0015437035206001372,0.05978644164076299,-0.11
41.739999999999995,0.0015435539441079216,0.058844726023700535,-0.10000000000000711
41.74999999999999,0.0015432178548684312,0.057053921165454484,-0.1
41.75999999999999,0.001542770287556407,0.0546140394186179,-0.1
41.769999999999996,0.0015423021361407896,0.05173956576986687,-0.1
41.779999999999994,0.0015419115572998803,0.04864009562468779,-0.0900000000000071
41.78999999999999,0.0015416947253425234,0.04550245085500521,-0.0999999999999929
41.8,0.001541736785023313,0.04247673167597611,-0.09
41.809999999999995,0.0015421037999623912,0.0396691240220286,-0.09
41.81999999999999,0.0015428363743318248,0.03714331636651089,-0.09
41.82999999999999,0.001543945461130886,0.03492981651311104,-0.09
41.839999999999996,0.001545410673595932,0.03303935978637161,-0.09
41.849999999999994,0.0015471811847790021,0.03147488760046807,-0.09
41.85999999999999,0.0015491790423726335,0.03023753105525963,-0.08000000000000711
41.86999999999999,0.001551304481895661,0.029325113582724726,-0.08999999999999289
41.879999999999995,0.0015534426519102052,0.028724957173786096,-0.08000000000000711
41.88999999999999,0.0015554711153060218,0.028404582137259358,-0.08
41.89999999999999,0.0015572675667269566,0.028303920854590995,-0.08
41.91,0.0015587173697391094,0.02833168180796876,-0.08
41.919999999999995,0.0015597206942529881,0.028367303184389753,-0.07000000000000711
41.92999999999999,0.0015601991424949288,0.028268737480124335,-0.0799999999999929
41.93999999999999,0.0015601017389519057,0.02788509043525447,-0.07000000000000711
41.949999999999996,0.0015594100273809714,0.027072007852201627,-0.07
41.959999999999994,0.0015581418160393653,0.025706861601464556,-0.07
41.96999999999999,0.0015563529247722518,0.023700720998594604,-0.07
41.98,0.001554136213239142,0.021005231998839424,-0.07
41.989999999999995,0.001551617296610668,0.017614351341230287,-0.07
41.99999999999999,0.0015489467292923685,0.013562458603825961,-0.07
42.00999999999999,0.0015462890204735083,0.008921321555810982,-0.07
42.019999999999996,0.0015438094937689207,0.0037983493318751982,-0.0600000000000071
42.029999999999994,0.0015416605144053179,-0.0016630729548999896,-0.06
42.03999999999999,0.0015399688141323421,-0.00728303751529043,-0.06
42.04999999999999,0.0015388254797402668,-0.01284787340339194,-0.06
42.059999999999995,0.001538279687383518,-0.018118973865334717,-0.06
42.06999999999999,0.001538336617143713,-0.022848091680453538,-0.06
42.07999999999999,0.0015389593645445693,-0.02679742440584844,-0.05000000000000711
42.089999999999996,0.0015400742160737017,-0.02976185587265677,-0.05
42.099999999999994,0.0015415784119941747,-0.03159032398222479,-0.05
42.10999999999999,0.0015433494494586004,-0.03220298681338832,-0.05
42.11999999999999,0.0015452550268174293,-0.03160105185553927,-0.05
42.129999999999995,0.0015471628427691905,-0.029867188554213973,-0.05
42.13999999999999,0.0015489495992156062,-0.02715611410550782,-0.05
42.14999999999999,0.0015505086865294773,-0.023676787542307356,-0.040000000000007106
42.16,0.001551756142653926,-0.019669307649854074,-0.04
42.169999999999995,0.0015526345769726572,-0.01538059988014186,-0.04
42.17999999999999,0.0015531148532738548,-0.01104283556106323,-0.04
42.18999999999999,0.0015531954579317854,-0.006857328090315886,-0.04
42.199999999999996,0.0015528996597624599,-0.002985002626245878,-0.04
42.209999999999994,0.001552270792222862,0.00045697774786395583,-0.04
42.21999999999999,0.0015513662144253342,0.003393940238827397,-0.030000000000007104
42.23,0.001550250672867599,0.005789743878991938,-0.03
42.239999999999995,0.0015489898470700245,0.007641645954263798,-0.03
42.24999999999999,0.0015476448125483937,0.008974399497535092,-0.03
42.25999999999999,0.001546268012057185,0.009833143142712266,-0.03
42.269999999999996,0.001544901115768961,0.010274705795077577,-0.03
42.279999999999994,0.0015435748945547825,0.010357611765744734,-0.03
42.28999999999999,0.0015423109435110476,0.010131833454629573,-0.020000000000007106
42.29999999999999,0.0015411247921084449,0.00963004725868518,-0.02
42.309999999999995,0.0015400296584737296,0.008862569052948233,-0.02
42.31999999999999,0.001539039914982773,0.00781795910403935,-0.02
42.32999999999999,0.0015381733120485937,0.006470525537391711,-0.02
42.339999999999996,0.0015374512162862719,0.004794729728532077,-0.02
42.349999999999994,0.0015368965630504405,0.002784557908287511,-0.010000000000007106
42.35999999999999,0.0015365298283421948,0.00047330015139577635,-0.01
42.36999999999999,0.0015363639350636311,-0.0020527919163606362,-0.01
42.379999999999995,0.0015363994279649765,-0.004652802577976539,-0.01
42.38999999999999,0.0015366213229289596,-0.007143373797248131,-0.01
42.39999999999999,0.0015369987002013079,-0.009321700584290963,-0.01
42.41,0.00153748743776385,-0.010992687945756556,-0.01
42.419999999999995,0.0015380356683235641,-0.011993672736066606,-0.01
42.42999999999999,0.001538590848450556,-0.01221294536675098,-0.01
42.43999999999999,0.001539106953724911,-0.011601292405357344,-0.01
42.449999999999996,0.0015395503379097672,-0.010176910742388905,-0.01
42.459999999999994,0.0015399031702153397,-0.008023776244222677,-0.01
42.46999999999999,0.0015401639505742426,-0.005283343822869604,-0.01
42.48,0.0015403452204495523,-0.0021398248976441706,-0.01
