time_s,pressure_atm,force_N,position_mm
0.0,0.0015131790128437529,-0.0029087646844122767,-0.01
0.00999999999999801,0.001509560606935501,-0.00045837963192425497,-0.01
0.01999999999999602,0.0015062288579710656,0.001463495057297822,-0.01
0.030000000000001137,0.0015034364972072816,0.0027010642461577695,-0.01
0.03999999999999915,0.0015013933044811874,0.003175931338275356,-0.01
0.049999999999998934,0.0015002480368380006,0.002880113901224237,-0.01
0.059999999999996945,0.0015000755575420716,0.0018661203051412785,-0.01
0.06999999999999851,0.0015008707836623742,0.00023508638026579492,-0.01
0.07999999999999652,0.0015025503918976084,-0.0018762750273554913,-0.01
0.08999999999999808,0.0015049621920742182,-0.004309379734883075,-0.01
0.09999999999999964,0.0015079009361350813,-0.006897729245781749,-0.01
0.10999999999999766,0.0015111284051209932,-0.009480691194406024,-0.01
0.11999999999999744,0.0015143951559312319,-0.01191645276272605,-0.01
0.129999999999999,0.0015174613853949828,-0.01409308339177657,-0.01
0.1399999999999988,0.001520114886687978,-0.015936220884292262,-0.01
0.14999999999999858,0.0015221848255589107,-0.017411818887584782,-0.019999999999999973
0.15999999999999837,0.0015235508154580707,-0.01852291338184295,-0.02
0.16999999999999815,0.001524147354470097,-0.019300464224094222,-0.02
0.17999999999999794,0.0015239640484152538,-0.019789797351333512,-0.02
0.18999999999999773,0.0015230422114330254,-0.020035493238458383,-0.02
0.1999999999999975,0.0015214684704592824,-0.020067979909327342,-0.02
0.20999999999999908,0.0015193659758093172,-0.01989430982276406,-0.02
0.21999999999999886,0.001516883808553509,-0.019494212940122747,-0.02
0.22999999999999865,0.0015141852312026876,-0.01882138081992303,-0.029999999999999943
0.23999999999999844,0.001511435558962311,-0.01780934967199921,-0.03
0.24999999999999822,0.0015087905756905658,-0.01638102060942513,-0.03
0.259999999999998,0.0015063864815268238,-0.014460570680015295,-0.03
0.2699999999999978,0.0015043322524433455,-0.011986337796830282,-0.03
0.2799999999999976,0.0015027049875904284,-0.008923202193760705,-0.03
0.28999999999999737,0.001501548366248341,-0.005273038944582543,-0.04
0.29999999999999893,0.0015008738535313188,-0.0010820684753173443,-0.030000000000000054
0.3099999999999987,0.0015006639313515707,0.0035557992104453175,-0.039999999999999945
0.3199999999999985,0.0015008764920911453,0.008500506421818004,-0.04
0.3299999999999983,0.0015014496348215254,0.013573082730966659,-0.04
0.3399999999999981,0.001502306387459156,0.01856861442904846,-0.04
0.34999999999999787,0.0015033592309134471,0.023273530581367184,-0.04
0.35999999999999766,0.0015045145947506764,0.02748463681148477,-0.04
0.36999999999999744,0.0015056776251051959,0.031027346087905527,-0.04999999999999995
0.379999999999999,0.0015067574475376019,0.03377123685460622,-0.040000000000000056
0.3899999999999988,0.0015076728859450658,0.035641292861574324,-0.04999999999999995
0.3999999999999986,0.0015083582518462778,0.036622993274716235,-0.05
0.40999999999999837,0.0015087685225775146,0.03675999833627802,-0.05
0.41999999999999815,0.0015088830974530813,0.03614490740597131,-0.05
0.42999999999999794,0.0015087074114322736,0.034905347350817274,-0.05999999999999994
0.4399999999999977,0.0015082719758737033,0.033188455568939484,-0.06
0.4499999999999975,0.0015076288181899008,0.031146813473901715,-0.06
0.4599999999999973,0.0015068456905592532,0.028928412990149695,-0.06
0.46999999999999886,0.0015059987245650281,0.02667200538958482,-0.06
0.47999999999999865,0.0015051643912421244,0.024507038325210038,-0.06
0.48999999999999844,0.0015044116900949584,0.022555197995732395,-0.06
0.4999999999999982,0.001503795452427093,0.020929862516951933,-0.06999999999999995
0.509999999999998,0.001503351516356768,0.019731257329227526,-0.07
0.5199999999999978,0.0015030943187740843,0.019037627009566956,-0.07
0.5299999999999976,0.0015030171587691542,0.018894537146338725,-0.07
0.5399999999999974,0.0015030950414275704,0.019305027742779816,-0.07
0.5499999999999989,0.0015032896650392625,0.02022307138118982,-0.07
0.5599999999999987,0.0015035558393137196,0.021551715993594716,-0.07
0.5699999999999985,0.0015038484700356416,0.023145876732457573,-0.07
0.5799999999999983,0.0015041292323076229,0.024818922812353164,-0.08
0.5899999999999981,0.0015043721614526374,0.026352372441957185,-0.08
0.5999999999999979,0.0015045675767872712,0.027508808390450327,-0.08
0.6099999999999977,0.00150472397174921,0.028048822697021483,-0.08
0.6199999999999974,0.0015048677192821738,0.027752555032413893,-0.08
0.6299999999999972,0.001505040638709126,0.02644490437380041,-0.08999999999999989
0.6399999999999988,0.0015052956476164351,0.024021400222350883,-0.09
0.6499999999999986,0.001505690881126113,0.020470147171356166,-0.09
0.6599999999999984,0.0015062828011383543,0.015885077457543584,-0.09
0.6699999999999982,0.001507118935657244,0.010467055720437254,-0.09
0.6799999999999979,0.0015082309743554103,0.004511490604758077,-0.09
0.6899999999999977,0.001509628987056171,-0.00161694609491968,-0.09
0.6999999999999975,0.001511297507766705,-0.0075205702703284435,-0.0999999999999999
0.7099999999999973,0.001513194115088364,-0.012812735803734047,-0.1
0.7199999999999989,0.0015152509163721972,-0.017164499642840236,-0.1
0.7299999999999986,0.0015173789970682554,-0.020346397358457648,-0.1
0.7399999999999984,0.001519475458435224,-0.02225716190900266,-0.1
0.7499999999999982,0.0015214322252775617,-0.02293361469334232,-0.1
0.759999999999998,0.0015231454837006844,-0.02254043019625427,-0.1
0.7699999999999978,0.0015245245083571888,-0.021342635080293874,-0.10999999999999989
0.7799999999999976,0.0015254987972184077,-0.0196662790425539,-0.11
0.7899999999999974,0.0015260228065853284,-0.017854137747767874,-0.10000000000000012
0.7999999999999989,0.0015260780504379255,-0.016223913977022917,-0.10999999999999978
0.8099999999999987,0.0015256727472401596,-0.015035435752688104,-0.11
0.8199999999999985,0.0015248394583974741,-0.014470301939607758,-0.11
0.8299999999999983,0.0015236312413035686,-0.014623461077347405,-0.11
0.8399999999999981,0.0015221167780189468,-0.015503453368549185,-0.11999999999999988
0.8499999999999979,0.0015203748147869943,-0.01703760995839174,-0.12
0.8599999999999977,0.0015184881429132515,-0.019079739148175325,-0.12
0.8699999999999974,0.0015165373375009132,-0.021419562925099122,-0.12
0.8799999999999972,0.001514594579008614,-0.023794858398125746,-0.12
0.8899999999999988,0.001512718086339072,-0.025908531661958615,-0.12
0.8999999999999986,0.0015109478948988637,-0.027452869148112315,-0.12
0.9099999999999984,0.0015093037888740943,-0.028141354556308645,-0.12
0.9199999999999982,0.0015077860378945773,-0.02774526207506199,-0.12999999999999978
0.9299999999999979,0.001506379160843018,-0.026129191744550476,-0.13
0.9399999999999977,0.0015050583116436027,-0.023277964706260854,-0.13
0.9499999999999975,0.0015037972252616464,-0.019307400884119728,-0.13
0.9599999999999973,0.0015025761964304503,-0.01445403537415503,-0.13
0.9699999999999989,0.0015013884597593662,-0.009043785769707982,-0.13
0.9799999999999986,0.0015002436545383706,-0.0034451331011991874,-0.1399999999999999
0.9899999999999984,0.0014991677156020434,0.0019839876027667324,-0.13000000000000012
0.9999999999999982,0.0014981993413654782,0.006945583933177034,-0.1399999999999999
1.009999999999998,0.001497383909543412,0.011238659258403453,-0.13000000000000023
1.0199999999999978,0.001496766147279425,0.014778111253741826,-0.1399999999999998
1.0299999999999976,0.0014963829345075296,0.01759338816986921,-0.14
1.0399999999999974,0.0014962573660651675,0.01980864942826704,-0.14
1.049999999999999,0.0014963947552614069,0.0216092679969417,-0.14999999999999977
1.0599999999999987,0.0014967808033845664,0.023201410174727693,-0.15
1.0699999999999985,0.0014973818175626288,0.02477200021535659,-0.14000000000000024
1.0799999999999983,0.0014981466807285344,0.026455558733766073,-0.14999999999999977
1.089999999999998,0.001499010239593865,0.028312512177709356,-0.15
1.0999999999999979,0.0014998978190468857,0.030321262260651384,-0.15
1.1099999999999977,0.0015007306243016892,0.03238386341620072,-0.15
1.1199999999999974,0.0015014318009226504,0.034342776603488764,-0.15
1.1299999999999972,0.0015019328635055488,0.036004671010983154,-0.15
1.1399999999999988,0.0015021800860702706,0.037167256919711074,-0.16
1.1499999999999986,0.0015021403107396553,0.03764605950340385,-0.15
1.1599999999999984,0.001501805532292079,0.037298789869461065,-0.16
1.1699999999999982,0.0015011956072446435,0.036045289994483885,-0.16
1.179999999999998,0.001500358548444296,0.033881525689259735,-0.16
1.1899999999999977,0.0014993680963320169,0.03088688114933028,-0.16
1.1999999999999975,0.001498318563898916,0.027224276466600496,-0.1699999999999998
1.2099999999999973,0.001497317271514922,0.023132153298120118,-0.16000000000000023
1.219999999999997,0.0014964751707138577,0.018907148619290843,-0.1699999999999998
1.2299999999999986,0.0014958964805176056,0.014877209813610967,-0.17
1.2399999999999984,0.0014956683182618413,0.011366937876165719,-0.17
1.2499999999999982,0.0014958513877680211,0.008659523221072128,-0.17
1.259999999999998,0.0014964727695017143,0.0069618206496945305,-0.17999999999999977
1.2699999999999978,0.0014975217121995226,0.006379293119056321,-0.17000000000000023
1.2799999999999976,0.0014989490343473514,0.006904739033336513,-0.17999999999999977
1.2899999999999974,0.0015006703251631936,0.00842045447342954,-0.18
1.299999999999999,0.0015025726623672697,0.01071076633422384,-0.18
1.3099999999999987,0.0015045241419348735,0.013481711443503767,-0.18
1.3199999999999985,0.0015063852224901412,0.01638546366016773,-0.18
1.3299999999999983,0.0015080207494015385,0.019047528142737146,-0.18
1.339999999999998,0.0015093115233862668,0.021095015073138542,-0.18999999999999978
1.3499999999999979,0.0015101643783383132,0.022185143551488817,-0.19
1.3599999999999977,0.0015105198981506256,0.022033984533109136,-0.19
1.3699999999999974,0.0015103571173853425,0.02044500746919351,-0.19
1.3799999999999972,0.001509694819255058,0.017334991179462925,-0.19
1.3899999999999988,0.0015085893626934294,0.012752812152520963,-0.19
1.3999999999999986,0.0015071293045260175,0.006886273646381522,-0.19
1.4099999999999984,0.001505427381781485,5.381919778492893e-05,-0.1999999999999998
1.4199999999999982,0.0015036106495226766,-0.007319243516372769,-0.19000000000000022
1.429999999999998,0.0015018097280817843,-0.014737669186592767,-0.1999999999999998
1.4399999999999977,0.00150014820491867,-0.021682082208672914,-0.2
1.4499999999999975,0.0014987332471631182,-0.0276582397544136,-0.2
1.4599999999999973,0.0014976483787727819,-0.03224361937095289,-0.2
1.469999999999997,0.0014969491278793358,-0.03512517857337897,-0.20999999999999977
1.4799999999999986,0.0014966618466598397,-0.0361236349562213,-0.20000000000000023
1.4899999999999984,0.001496785495158099,-0.035202769617172926,-0.20999999999999977
1.4999999999999982,0.0014972956803347367,-0.03246557092990422,-0.21
1.509999999999998,0.0014981499032634068,-0.028140650016514054,-0.21
1.5199999999999978,0.0014992928995911188,-0.0225619753390358,-0.21
1.5299999999999976,0.0015006611810107016,-0.016143643698140593,-0.21
1.5399999999999974,0.0015021863276467793,-0.009350052665764488,-0.21
1.549999999999999,0.0015037971021479054,-0.002661090767169598,-0.21999999999999978
1.5599999999999987,0.0015054208901287434,0.0034674306678105318,-0.22
1.5699999999999985,0.001506985188178525,0.008645598334084268,-0.22
1.5799999999999983,0.0015084198051011299,0.012587843524962998,-0.22
1.589999999999998,0.0015096601450871026,0.015140295993202676,-0.22
1.5999999999999979,0.0015106515097251135,0.016290215984530038,-0.22
1.6099999999999977,0.0015113539322787522,0.016155106920896785,-0.22999999999999957
1.6199999999999974,0.0015117467635946148,0.014955336428812247,-0.22000000000000045
1.6299999999999972,0.0015118321272944695,0.012978754732808188,-0.2299999999999998
1.6399999999999988,0.0015116364545429584,0.01054625441346133,-0.23
1.6499999999999986,0.0015112095501062434,0.007983821911847018,-0.23
1.6599999999999984,0.001510620967142958,0.005602262055003779,-0.23
1.6699999999999982,0.0015099538307516522,0.0036829230884359394,-0.23
1.679999999999998,0.0015092966278063367,0.002466931866766967,-0.23
1.6899999999999977,0.001508733846424539,0.00214596865285477,-0.23999999999999977
1.6999999999999975,0.0015083366413772023,0.002853660913457501,-0.24
1.7099999999999973,0.001508154835697041,0.004657895926152197,-0.24
1.719999999999997,0.0015082114708380382,0.007555637005351137,-0.24
1.7299999999999986,0.0015085007636618456,0.011472617616527552,-0.24
1.7399999999999984,0.001508989767763693,0.016269652250295735,-0.24
1.7499999999999982,0.001509623398426512,0.021755098915673923,-0.24999999999999978
1.759999999999998,0.00151033193068344,0.027700557227315497,-0.2400000000000002
1.7699999999999978,0.0015110397460918424,0.033855992160948735,-0.24999999999999978
1.7799999999999976,0.0015116740319872416,0.0399618050261692,-0.25
1.7899999999999974,0.0015121722979173197,0.04575803239760888,-0.25
1.799999999999999,0.0015124878884292868,0.05099301429265863,-0.25
1.8099999999999987,0.0015125930455980056,0.05543389094677238,-0.25
1.8199999999999985,0.001512479439501034,0.05887928700481479,-0.25
1.8299999999999983,0.0015121564093915454,0.06117253332687602,-0.25999999999999956
1.839999999999998,0.0015116474286347601,0.06221324043618354,-0.25000000000000044
1.8499999999999979,0.0015109855007635028,0.06196541760350702,-0.25999999999999956
1.8599999999999977,0.0015102082828440755,0.06046061530165144,-0.26
1.8699999999999974,0.0015093536963695507,0.05779494670179833,-0.26
1.8799999999999972,0.0015084566287573383,0.054119991063704125,-0.26
1.8899999999999988,0.0015075470794895904,0.049629265895932716,-0.2699999999999998
1.8999999999999986,0.0015066498148130353,0.04454318792392692,-0.27
1.9099999999999984,0.0015057853216893981,0.03909554541706311,-0.27
1.9199999999999982,0.0015049716400110827,0.03352337641254021,-0.27
1.929999999999998,0.0015042265236699973,0.028060066759281445,-0.27
1.9399999999999977,0.0015035693407470395,0.022929299580929628,-0.27
1.9499999999999975,0.0015030221685019426,0.01833642795284292,-0.27
1.9599999999999973,0.0015026096648754518,0.014454670680719716,-0.2799999999999998
1.969999999999997,0.001502357497158347,0.011406197498166388,-0.28
1.9799999999999986,0.0015022893661909332,0.009241851084460316,-0.28
1.9899999999999984,0.0015024229520715976,0.007926274322516372,-0.28
1.9999999999999982,0.0015027653761714014,0.007335604466990875,-0.28
2.009999999999998,0.0015033089645084445,0.007271791911896752,-0.28
2.019999999999998,0.0015040281574519008,0.0074922255007571666,-0.28
2.0299999999999976,0.0015048783134104236,0.0077483931692349725,-0.28
2.0399999999999974,0.0015057969098980736,0.007824887655561757,-0.28999999999999954
2.049999999999999,0.0015067073048861505,0.00757041003907566,-0.28
2.059999999999997,0.0015075248561830419,0.006914708729960174,-0.28999999999999954
2.0699999999999985,0.001508164865263907,0.005869017538401093,-0.29
2.0799999999999983,0.0015085515446035828,0.0045120210205462355,-0.29
2.089999999999998,0.0015086270181773945,0.0029673183523521458,-0.29
2.099999999999998,0.0015083592689222466,0.0013796730365752564,-0.29999999999999954
2.1099999999999977,0.001507747967822223,-0.00010485299422053411,-0.3
2.1199999999999974,0.001506827283661124,-0.0013537459701168288,-0.3
2.1299999999999972,0.0015056650954276716,-0.0022596824382120524,-0.29
2.139999999999999,0.0015043584858581082,-0.0027512088748565203,-0.29999999999999954
2.149999999999997,0.0015030259013969463,-0.002802891338304028,-0.3
2.1599999999999984,0.0015017968055208494,-0.0024428482866736528,-0.3
2.169999999999998,0.0015007999370758012,-0.0017542820726682948,-0.3
2.179999999999998,0.0015001513788877746,-0.0008684971213001545,-0.30999999999999955
2.1899999999999977,0.0014999435670418923,5.0896425869649924e-05,-0.31
2.1999999999999975,0.0015002361903294367,0.0008308933091728684,-0.31
2.2099999999999973,0.001501049713773481,0.001316190719625886,-0.31
2.219999999999997,0.001502362052408711,0.00139652172282223,-0.31
2.2299999999999986,0.0015041087226015171,0.0010291729079531,-0.31
2.2399999999999984,0.0015061865894783566,0.0002513409900098281,-0.31999999999999956
2.2499999999999982,0.001508461098196071,-0.0008214485696116254,-0.32
2.259999999999998,0.0015107766211811247,-0.002011410562887851,-0.32
2.269999999999998,0.0015129692691769052,-0.003106107862045384,-0.32
2.2799999999999976,0.0015148811986470266,-0.0038921919254187006,-0.32
2.2899999999999974,0.001516375126295678,-0.004188944348861161,-0.32
2.299999999999999,0.0015173475052295043,-0.003875885620533577,-0.32
2.309999999999997,0.0015177387319321306,-0.002910610455937291,-0.32999999999999957
2.3199999999999985,0.001517538936052765,-0.0013354339201338131,-0.33
2.3299999999999983,0.001516788401119683,0.0007267155710070344,-0.32000000000000045
2.339999999999998,0.0015155724231503862,0.003085901825009053,-0.33
2.349999999999998,0.0015140112715602001,0.0055066727141003845,-0.33
2.3599999999999977,0.0015122466533186419,0.007735122478566017,-0.33
2.3699999999999974,0.0015104265301629876,0.009528274987971949,-0.3399999999999996
2.3799999999999972,0.0015086902445105189,0.010682457662446321,-0.34
2.389999999999999,0.0015071557114242026,0.011058459811701187,-0.34
2.399999999999997,0.0015059100224383334,0.010602190858701416,-0.34
2.4099999999999984,0.0015050042821610425,0.009358927523757369,-0.34
2.419999999999998,0.0015044529306450292,0.007477756577276976,-0.34
2.429999999999998,0.001504237229169587,0.005202452559858316,-0.34
2.4399999999999977,0.0015043120441426865,0.002847080205006226,-0.34999999999999953
2.4499999999999975,0.0015046146336509495,0.0007586341388340921,-0.35
2.4599999999999973,0.0015050739284526778,-0.0007270194250408297,-0.35
2.469999999999997,0.0015056188797279903,-0.0013279371548604493,-0.34000000000000047
2.4799999999999986,0.0015061848255354619,-0.0008507746763983598,-0.34999999999999953
2.4899999999999984,0.0015067174252580066,0.0007869190571346463,-0.35
2.4999999999999982,0.0015071743626872546,0.003548584487068566,-0.35
2.509999999999998,0.0015075255272893892,0.007284595683715752,-0.36
2.519999999999998,0.0015077525993878874,0.011750420728242004,-0.36
2.5299999999999976,0.0015078488372040552,0.01663357736214668,-0.36
2.5399999999999974,0.0015078194518749885,0.0215849932495522,-0.36
2.549999999999999,0.0015076824173785172,0.0262504018842526,-0.36
2.559999999999997,0.0015074690943864856,0.030298390656987514,-0.36
2.5699999999999985,0.0015072238102399973,0.03344311346698013,-0.36
2.5799999999999983,0.0015070016014467336,0.035460846633539225,-0.36999999999999955
2.589999999999998,0.0015068636639324093,0.036200332609478705,-0.37
2.599999999999998,0.0015068705640869902,0.03558727932029796,-0.37
2.6099999999999977,0.0015070737991559227,0.03362347015681005,-0.37
2.6199999999999974,0.0015075067411317907,0.030380877061245593,-0.37
2.6299999999999972,0.0015081762888784409,0.025991316358150086,-0.37
2.639999999999999,0.0015090566610771045,0.02063287158704223,-0.37
2.649999999999997,0.0015100866724846837,0.014515461576969193,-0.37999999999999956
2.6599999999999984,0.0015111715333871484,0.007868609840234613,-0.38
2.669999999999998,0.001512189684329107,0.0009335966547017647,-0.38
2.679999999999998,0.0015130044353899687,-0.006040077930792482,-0.38
2.6899999999999977,0.0015134793001058938,-0.012796400280761006,-0.38
2.6999999999999975,0.0015134950754632853,-0.019076482273652363,-0.38
2.7099999999999973,0.0015129661541186065,-0.024627195997876602,-0.38
2.719999999999997,0.0015118534582906815,-0.02921537568815069,-0.38999999999999957
2.7299999999999986,0.0015101718378869458,-0.032645285692793194,-0.39
2.7399999999999984,0.0015079907025150802,-0.034775271706482196,-0.39
2.7499999999999982,0.001505427822423913,-0.03552936925488208,-0.39
2.759999999999998,0.001502637329088932,-0.03490095509072649,-0.39
2.769999999999998,0.0014997937361636972,-0.03294789107259804,-0.39
2.7799999999999976,0.0014970741970002995,-0.029781320049276742,-0.39
2.7899999999999974,0.0014946412446374211,-0.02555211560963156,-0.3999999999999996
2.799999999999997,0.001492628009857388,-0.020438947715408176,-0.4
2.809999999999997,0.001491127475084803,-0.014640172789501266,-0.4
2.8199999999999985,0.0014901867579184252,-0.008369477940826193,-0.4
2.8299999999999983,0.001489806758078822,-0.0018535786582698907,-0.4
2.839999999999998,0.0014899467917398365,0.004670308210611534,-0.4
2.849999999999998,0.001490533181124877,0.010959267992667313,-0.40999999999999953
2.8599999999999977,0.0014914702998999265,0.016773020412906726,-0.40000000000000047
2.8699999999999974,0.0014926523919812666,0.02188583396760495,-0.40999999999999953
2.8799999999999972,0.0014939745976348725,0.02610103212995699,-0.41
2.889999999999999,0.0014953419770697993,0.029266631664697184,-0.41
2.899999999999997,0.001496675811388477,0.03129040889035875,-0.41
2.9099999999999984,0.0014979169652684775,0.03215222352565997,-0.41
2.919999999999998,0.0014990265250981252,0.03191090748221776,-0.41
2.929999999999998,0.0014999842369046031,0.030703023279200683,-0.41999999999999954
2.9399999999999977,0.0015007854511141943,0.028731937115957597,-0.4100000000000004
2.9499999999999975,0.0015014373420605513,0.026248045138395185,-0.41999999999999954
2.9599999999999973,0.0015019551207137423,0.023523673167349244,-0.42
2.969999999999997,0.0015023588138051373,0.0208275684390412,-0.42
2.9799999999999986,0.0015026709610386775,0.018403059924741498,-0.42
2.9899999999999967,0.0015029153162105019,0.01645144613906336,-0.4299999999999991
2.9999999999999982,0.0015031163758802112,0.015119861852707034,-0.42000000000000043
3.009999999999998,0.001503299355771869,0.01449244054125072,-0.42999999999999955
3.019999999999998,0.001503490133833014,0.014584964686074689,-0.43
3.0299999999999976,0.0015037146991261484,0.015344754595618262,-0.43
3.0399999999999974,0.001503997779286996,0.016657608004743082,-0.43
3.049999999999997,0.001504360533566547,0.018361865078086848,-0.43999999999999956
3.059999999999997,0.001504817448958327,0.02026737710172355,-0.44
3.0699999999999985,0.001505372824710593,0.022175864049154215,-0.44
3.0799999999999983,0.0015060174475940735,0.02389939892404627,-0.44
3.089999999999998,0.0015067262167533634,0.02527492446106075,-0.44
3.099999999999998,0.0015074575286685406,0.026173978884379223,-0.44
3.1099999999999977,0.0015081551272955228,0.02650794317019612,-0.44
3.1199999999999974,0.0015087528219221462,0.02623009943766718,-0.44999999999999957
3.1299999999999972,0.0015091819739354339,0.025336323836186413,-0.45
3.139999999999999,0.001509381020035929,0.023865896782166995,-0.44000000000000045
3.149999999999997,0.0015093056819510092,0.021902514116581256,-0.44999999999999957
3.1599999999999984,0.001508938102687252,0.019573855622418188,-0.45
3.169999999999998,0.0015082931040415412,0.017047496019056054,-0.45
3.179999999999998,0.0015074201421053093,0.01452197805767399,-0.45
3.1899999999999977,0.0015064002829802423,0.012213286112303233,-0.4599999999999996
3.1999999999999975,0.0015053384393437512,0.010337725644340507,-0.46
3.2099999999999973,0.0015043519501657598,0.009092504588962396,-0.46
3.219999999999997,0.0015035571532347623,0.008635560955950706,-0.46
3.2299999999999986,0.001503055811700047,0.00906656282917932,-0.46
3.2399999999999967,0.0015029231381775974,0.010411559741961127,-0.46
3.2499999999999982,0.0015031988114424279,0.012614150927584089,-0.46999999999999953
3.259999999999998,0.001503881920570347,0.015535627642294481,-0.46000000000000046
3.269999999999998,0.001504930283561729,0.0189650232298361,-0.46999999999999953
3.2799999999999976,0.001506264103658984,0.02263779601695294,-0.47
3.2899999999999974,0.0015077734624504109,0.026260006351206167,-0.47
3.299999999999997,0.001509328744019198,0.029534095855532058,-0.47
3.309999999999997,0.0015107927991207114,0.032182688014014235,-0.47
3.3199999999999985,0.0015120335402267705,0.0339678659614145,-0.47999999999999954
3.3299999999999983,0.0015129357181500902,0.0347049137838842,-0.48
3.339999999999998,0.001513410838195048,0.03427105035207235,-0.48
3.349999999999998,0.0015134044635696313,0.03261042810252755,-0.48
3.3599999999999977,0.0015129004535070552,0.02973618077595376,-0.48
3.3699999999999974,0.00151192194927392,0.025729198839886037,-0.48
3.3799999999999972,0.0015105291497874782,0.020732810018103613,-0.48999999999999955
3.389999999999999,0.0015088141243262904,0.014943277324949074,-0.49
3.399999999999997,0.001506893098140098,0.008597520569006959,-0.49
3.4099999999999984,0.001504896812221298,0.0019605608866271463,-0.49
3.419999999999998,0.0015029596994252468,-0.004685132285176969,-0.49
3.429999999999998,0.0015012087408567238,-0.011047909587778784,-0.49
3.4399999999999977,0.0014997529652310906,-0.016834255223881385,-0.49
3.4499999999999975,0.0014986746013258866,-0.021757565530630563,-0.4999999999999991
3.4599999999999973,0.001498022840644413,-0.025550643609904736,-0.5
3.469999999999997,0.0014978109645787394,-0.02798309912829669,-0.4900000000000009
3.4799999999999986,0.0014980172142814846,-0.0288829849117241,-0.49999999999999956
3.4899999999999967,0.0014985892670018157,-0.028159473789293534,-0.5
3.4999999999999982,0.0014994516392506038,-0.02582124140169014,-0.5
3.509999999999998,0.0015005149109201116,-0.021985308184804563,-0.5
3.519999999999998,0.0015016854644694805,-0.016873870579478763,-0.5099999999999996
3.5299999999999976,0.0015028744888991087,-0.010800054911959168,-0.51
3.5399999999999974,0.0015040052653847928,-0.004145215656701285,-0.51
3.549999999999997,0.0015050181379813491,0.0026697230884612,-0.51
3.559999999999997,0.0015058729738033996,0.009216811688937496,-0.51
3.5699999999999985,0.0015065492546299122,0.015095282838476092,-0.51
3.5799999999999983,0.0015070441827748078,0.019964774066418854,-0.5199999999999996
3.589999999999998,0.0015073693276798036,0.02357447322655697,-0.5100000000000005
3.599999999999998,0.0015075463987874993,0.025784543248729436,-0.5199999999999996
3.6099999999999977,0.0015076027212025337,0.026576137065336822,-0.52
3.6199999999999974,0.0015075669304082577,0.02604777925820379,-0.52
3.6299999999999972,0.001507465307071623,0.02439866769146472,-0.52
3.639999999999997,0.0015073190571741383,0.021902201112756394,-0.52
3.649999999999997,0.0015071427184365233,0.018874632586135285,-0.52
3.6599999999999984,0.001506943750800826,0.015643753228112553,-0.5299999999999991
3.669999999999998,0.0015067232537426026,0.012521032334792594,-0.5200000000000005
3.679999999999998,0.0015064776515631203,0.00977831458555393,-0.5299999999999991
3.6899999999999977,0.0015062011032830878,0.007628322356123467,-0.53
3.6999999999999975,0.001505888329227742,0.006208278991098313,-0.53
3.7099999999999973,0.0015055375044876178,0.005567950080113813,-0.53
3.719999999999997,0.0015051528529191765,0.005665360870951376,-0.5399999999999991
3.7299999999999986,0.0015047465872925349,0.006373395900364288,-0.5300000000000005
3.7399999999999967,0.0015043398849333754,0.00749815830172424,-0.5399999999999991
3.7499999999999982,0.0015039626670115588,0.008806676929159218,-0.54
3.759999999999998,0.0015036520661555475,0.010059014855362222,-0.54
3.769999999999998,0.0015034496220216133,0.01103914589475112,-0.54
3.7799999999999976,0.0015033974320267484,0.01158008812680142,-0.54
3.7899999999999974,0.0015035336834915785,0.011580667452099245,-0.54
3.799999999999997,0.0015038881617732182,0.011012824671653657,-0.5499999999999996
3.809999999999997,0.0015044784118499446,0.009919480568981951,-0.55
3.8199999999999985,0.0015053071803774218,0.00840410880402017,-0.55
3.8299999999999983,0.0015063615613945373,0.006614067014554449,-0.55
3.839999999999998,0.0015076139406384594,0.004719819496455499,-0.55
3.849999999999998,0.0015090244676486241,0.00289205197649526,-0.5599999999999992
3.8599999999999977,0.0015105444962193353,0.0012794776052184756,-0.56
3.8699999999999974,0.0015121203094304835,-8.586245129676926e-06,-0.5500000000000009
3.8799999999999972,0.0015136965108291005,-0.0009109980057041027,-0.5599999999999996
3.889999999999997,0.0015152186814469985,-0.0014135875721693004,-0.56
3.899999999999997,0.0015166351897033055,-0.0015397968872316594,-0.56
3.9099999999999984,0.001517898298764788,-0.0013366548396203308,-0.56
3.919999999999998,0.0015189648692313237,-0.0008595226527026959,-0.5699999999999995
3.929999999999998,0.0015197969768311148,-0.0001584646927341479,-0.57
3.9399999999999977,0.0015203626722267868,0.0007313006148277325,-0.57
3.9499999999999975,0.0015206369516911015,0.0017928790307787153,-0.57
3.9599999999999973,0.00152060284631401,0.0030242899004217587,-0.57
3.969999999999997,0.0015202524303519305,0.004429523000616855,-0.57
3.9799999999999986,0.0015195875301021078,0.006007782271548352,-0.57
3.9899999999999967,0.0015186199821052126,0.007745505891336248,-0.5799999999999991
3.9999999999999982,0.001517371404747609,0.009614081685855045,-0.58
4.009999999999998,0.0015158725543194544,0.011572740689683465,-0.58
4.019999999999998,0.001514162396300182,0.013573071369362871,-0.58
4.029999999999998,0.001512287029187404,0.015560838590044677,-0.58
4.039999999999997,0.0015102985666568044,0.01747254036395821,-0.58
4.049999999999999,0.0015082540325231045,0.019227116283840506,-0.58
4.059999999999997,0.001506214266296888,0.02071596564748061,-0.59
4.0699999999999985,0.001504242786309543,0.021796150992191912,-0.59
4.0799999999999965,0.0015024045215694638,0.02229188841982522,-0.5800000000000008
4.089999999999998,0.0015007643097530413,0.022007584295760038,-0.5899999999999991
4.099999999999998,0.001499385071090929,0.020751996767518006,-0.59
4.109999999999998,0.0014983256054598101,0.01836932723230613,-0.59
4.119999999999997,0.0014976380147802186,0.014770945065444758,-0.59
4.129999999999997,0.0014973648124353613,0.00996129499248721,-0.5999999999999991
4.139999999999999,0.0014975358380398512,0.004052831290060929,-0.6
4.149999999999997,0.0014981651528607042,-0.0027328010071783985,-0.6
4.159999999999998,0.0014992481555546379,-0.010077298729998551,-0.5900000000000009
4.169999999999996,0.001500759224535676,-0.017589721548038156,-0.5999999999999991
4.179999999999998,0.0015026502412811827,-0.02483871533897215,-0.6
4.189999999999998,0.0015048503561339108,-0.03138908340631814,-0.6
4.1999999999999975,0.0015072673163907511,-0.03683832868209826,-0.6
4.209999999999997,0.0015097905882724178,-0.04084897412861982,-0.6099999999999991
4.219999999999997,0.0015122963691799765,-0.04317374252550571,-0.6
4.229999999999999,0.001514654398415828,-0.04367231634720819,-0.6099999999999991
4.239999999999997,0.0015167362379762952,-0.042319756392511704,-0.61
4.249999999999998,0.0015184244410328639,-0.03920747522502375,-0.61
4.259999999999998,0.0015196218064290478,-0.03453746509343107,-0.61
4.269999999999998,0.0015202597861524944,-0.028609364343386623,-0.62
4.279999999999998,0.0015203051053931482,-0.021799235952564017,-0.6100000000000009
4.289999999999997,0.0015197637776407436,-0.014529902990773618,-0.6199999999999991
4.299999999999997,0.0015186819231451068,-0.007235130452077969,-0.6100000000000009
4.309999999999997,0.001517143087696023,-0.00032235750716108597,-0.62
4.3199999999999985,0.0015152620895378499,0.005860430339901453,-0.62
4.3299999999999965,0.0015131757977720382,0.011049252348859496,-0.62
4.339999999999998,0.0015110316513678068,0.015078261669590844,-0.62
4.349999999999998,0.0015089750960372923,0.01788416605540407,-0.63
4.359999999999998,0.00150713734202756,0.019502582319575596,-0.6200000000000009
4.369999999999997,0.0015056248419081427,0.020057039481757168,-0.6299999999999991
4.379999999999997,0.0015045116255314784,0.019740293645451303,-0.63
4.389999999999999,0.0015038351587268626,0.018788416520721777,-0.63
4.399999999999997,0.0015035958360135487,0.017450682914562737,-0.63
4.409999999999998,0.0015037597268624003,0.015960454331708264,-0.6399999999999991
4.419999999999996,0.0015042638770615977,0.014512219315084781,-0.64
4.429999999999998,0.001505023348308028,0.01324788812053885,-0.64
4.439999999999998,0.0015059392225044393,0.012252697088498585,-0.6300000000000009
4.4499999999999975,0.0015069069319787903,0.011558942925613672,-0.6399999999999991
4.459999999999997,0.0015078244269038398,0.011155071372525438,-0.64
4.469999999999997,0.001508599797815318,0.010998216816552327,-0.65
4.479999999999999,0.001509158007229653,0.01102895877269611,-0.6400000000000009
4.489999999999997,0.0015094463594105803,0.011186969945124052,-0.6499999999999991
4.499999999999998,0.0015094382947055194,0.011425669300725494,-0.65
4.509999999999996,0.001509135097195653,0.011723730851229427,-0.65
4.519999999999998,0.001508565209347766,0.012091592967166569,-0.65
4.529999999999998,0.0015077810832588837,0.012571672654558759,-0.65
4.539999999999997,0.0015068538405584747,0.013231764159484136,-0.65
4.549999999999997,0.00150586637523689,0.014152399326326347,-0.6599999999999991
4.559999999999997,0.0015049057967721244,0.015410520652769268,-0.66
4.5699999999999985,0.001504056181965092,0.01706274241908828,-0.66
4.5799999999999965,0.0015033924545014084,0.019131256009752698,-0.66
4.589999999999998,0.0015029758856529892,0.021594561365192774,-0.66
4.599999999999998,0.0015028513131110038,0.02438443716193345,-0.66
4.609999999999998,0.0015030458347033487,0.027389940379355465,-0.6699999999999992
4.619999999999997,0.0015035685414506801,0.030468119358223463,-0.67
4.629999999999997,0.0015044108365625157,0.03345949774321855,-0.67
4.639999999999999,0.0015055470139272032,0.036205319620490777,-0.67
4.649999999999997,0.0015069349778234168,0.038563851531461656,-0.67
4.659999999999998,0.001508517199738487,0.04042411509792974,-0.67
4.669999999999996,0.0015102221633623324,0.04171597667223278,-0.67
4.679999999999998,0.00151196660509477,0.042415056186458,-0.68
4.689999999999998,0.0015136588057317814,0.04254046251322155,-0.68
4.6999999999999975,0.0015152030503585898,0.042144389355093896,-0.68
4.709999999999997,0.0015165051864651246,0.04129512760068738,-0.68
4.719999999999997,0.0015174790115407028,0.04005745998373268,-0.68
4.729999999999999,0.0015180530357966412,0.038475212378537266,-0.68
4.739999999999997,0.00151817701121169,0.036559915288763276,-0.68
4.749999999999998,0.0015178275142178211,0.03428819447000439,-0.6899999999999991
4.759999999999996,0.0015170118415748582,0.031609296452864956,-0.69
4.769999999999998,0.0015157695587609198,0.02846230887584765,-0.68
4.779999999999998,0.0015141712523232547,0.02479959991837162,-0.6899999999999991
4.789999999999997,0.0015123143715038197,0.020610200318357884,-0.69
4.799999999999997,0.0015103164343921165,0.0159365451799651,-0.69
4.809999999999997,0.0015083062229679243,0.010880702341788744,-0.69
4.8199999999999985,0.0015064138241700825,0.005600087464200062,-0.6999999999999991
4.8299999999999965,0.0015047604656602885,0.00029529633514490994,-0.7
4.839999999999998,0.0015034490626731776,-0.004806874394152229,-0.7
4.849999999999998,0.0015025562752139206,-0.009473109909321249,-0.7
4.859999999999998,0.0015021267115566017,-0.013484659085860655,-0.7
4.869999999999997,0.0015021697231244015,-0.016658047122730883,-0.7
4.879999999999997,0.0015026590152091715,-0.01886241491104726,-0.7
4.889999999999999,0.0015035350490122043,-0.020030179792893694,-0.71
4.899999999999997,0.0015047099603778113,-0.02015923997271037,-0.71
4.909999999999998,0.0015060745124461056,-0.019307470428642347,-0.71
4.919999999999996,0.0015075064613907874,-0.017582289843489748,-0.71
4.929999999999998,0.0015088796457204073,-0.01512864535248719,-0.71
4.939999999999998,0.0015100730945746817,-0.012117726589855222,-0.71
4.9499999999999975,0.0015109794772633566,-0.008736691891342005,-0.7199999999999991
4.959999999999997,0.0015115122846707065,-0.005178019514177524,-0.72
4.969999999999997,0.001511611252021046,-0.0016272425454546071,-0.7100000000000009
4.979999999999999,0.001511245709806901,0.001750315727477879,-0.7199999999999991
4.989999999999997,0.0015104157732736285,0.004821561805520105,-0.72
4.999999999999998,0.0015091515062969133,0.007494173313147913,-0.72
5.009999999999996,0.00150751036407997,0.009720400999496146,-0.72
5.019999999999998,0.001505573295156998,0.011495554424392984,-0.73
5.029999999999998,0.00150343987162135,0.01285097591323936,-0.73
5.039999999999997,0.0015012227496578865,0.013842254496291619,-0.73
5.049999999999997,0.0014990416796925384,0.01453502493842685,-0.7200000000000009
5.059999999999997,0.001497017221049451,0.014991790848408081,-0.73
5.0699999999999985,0.001495264293343046,0.015263013800938249,-0.73
5.0799999999999965,0.0014938857254584912,0.015384614673965404,-0.73
5.089999999999998,0.0014929660374063019,0.015382386225331134,-0.7399999999999991
5.099999999999998,0.001492565790450804,0.015281523418549884,-0.74
5.109999999999998,0.001492716934264114,0.015117154199461838,-0.7300000000000009
5.119999999999997,0.0014934196268482855,0.014940839954508721,-0.7399999999999991
5.129999999999997,0.0014946409684175135,0.014819514340098504,-0.74
5.139999999999997,0.0014963159637301007,0.014826735891320228,-0.74
5.149999999999997,0.0014983508354829615,0.015029548014328837,-0.74
5.159999999999998,0.001500628601447825,0.015475768742324607,-0.7499999999999991
5.169999999999996,0.0015030166310612955,0.016185651095670158,-0.75
5.179999999999998,0.0015053757149292167,0.017149580261588363,-0.75
5.189999999999998,0.001507570007865894,0.018331411684712046,-0.7400000000000009
5.1999999999999975,0.0015094770559913072,0.01967601404758683,-0.7499999999999991
5.209999999999997,0.001510997024260235,0.02111906390566128,-0.75
5.219999999999997,0.001512060238848809,0.02259652719622734,-0.75
5.229999999999999,0.0015126322712542357,0.024051051523633793,-0.75
5.239999999999997,0.0015127160122099122,0.02543357728772806,-0.7599999999999991
5.249999999999998,0.0015123504755760685,0.026700528666330155,-0.76
5.259999999999996,0.0015116063844476766,0.027808577173079458,-0.76
5.269999999999998,0.001510578893717464,0.028709549024766825,-0.76
5.279999999999998,0.0015093780930489934,0.02934801530373531,-0.76
5.289999999999997,0.0015081182059384244,0.02966347257736248,-0.76
5.299999999999997,0.0015069066140134966,0.029597372135581564,-0.76
5.309999999999997,0.0015058339245672548,0.029103243500072543,-0.77
5.3199999999999985,0.001504966207766071,0.02815719531525798,-0.77
5.3299999999999965,0.001504340242899164,0.026766473790628725,-0.77
5.339999999999998,0.0015039621714255105,0.02497444415395803,-0.77
5.349999999999996,0.0015038094552852503,0.022860543659288926,-0.77
5.359999999999998,0.0015038356014208075,0.02053403277075718,-0.77
5.369999999999997,0.0015039768254526522,0.018121657030339872,-0.77
5.379999999999997,0.001504159716601732,0.015751306664797276,-0.7799999999999991
5.389999999999997,0.0015043090099556898,0.013535305607755354,-0.78
5.399999999999997,0.0015043547215842592,0.011557383422856511,-0.7700000000000009
5.409999999999998,0.0015042381023760729,0.009866453610686743,-0.7799999999999991
5.419999999999996,0.0015039160781569224,0.008478195551039146,-0.78
5.429999999999998,0.0015033640470729314,0.007382973088583847,-0.78
5.439999999999998,0.001502577087299619,0.006556908439077835,-0.78
5.4499999999999975,0.0015015697681739046,0.005972454525190098,-0.7899999999999991
5.459999999999997,0.0015003748311017047,0.005605345809157149,-0.7800000000000009
5.469999999999997,0.0014990410000694624,0.005435972522256678,-0.7899999999999991
5.479999999999999,0.0014976301046673412,0.005444989114329997,-0.79
5.489999999999997,0.0014962135842454768,0.005605112132470821,-0.79
5.499999999999998,0.0014948683419737665,0.005872454474175918,-0.79
5.509999999999996,0.0014936718886856696,0.006180451300160895,-0.7999999999999992
5.519999999999998,0.0014926967989824624,0.006438074182165925,-0.79
5.529999999999998,0.0014920047029981078,0.006532936990737722,-0.7999999999999992
5.539999999999997,0.0014916403167609317,0.006339536075700927,-0.8
5.549999999999997,0.0014916262833888692,0.005732523824951806,-0.8
5.559999999999997,0.0014919597414536942,0.004603724574714153,-0.8
5.5699999999999985,0.0014926114571351694,0.002879899536112945,-0.8
5.5799999999999965,0.0014935280111574932,0.0005374283896314278,-0.8
5.589999999999998,0.0014946369686345332,-0.0023890683438834246,-0.8099999999999992
5.599999999999996,0.0014958543306528313,-0.0058050950583361325,-0.8000000000000009
5.609999999999998,0.0014970930717830547,-0.009560617231602868,-0.8099999999999992
5.619999999999997,0.0014982713649494732,-0.013458516202250997,-0.81
5.629999999999997,0.0014993192375345526,-0.017265575414539266,-0.81
5.639999999999997,0.0015001828335293257,-0.020725136260326,-0.81
5.649999999999997,0.0015008260317184703,-0.023571242564966424,-0.8199999999999991
5.659999999999998,0.0015012297131955182,-0.02554444128827115,-0.8100000000000009
5.669999999999996,0.0015013893503441008,-0.02640935546701693,-0.8199999999999991
5.679999999999998,0.001501311753313973,-0.025973809121519656,-0.82
5.689999999999998,0.0015010117764472871,-0.02410868465070039,-0.82
5.6999999999999975,0.0015005096113175802,-0.02076687754434602,-0.82
5.709999999999997,0.0014998290423742,-0.01599886820116957,-0.82
5.719999999999997,0.0014989967738517468,-0.009961681740736217,-0.82
5.729999999999999,0.0014980426920755178,-0.0029176886841075027,-0.8299999999999991
5.739999999999997,0.001497000730663637,0.004779453679003714,-0.8200000000000008
5.749999999999998,0.0014959098757753276,0.012712035753166668,-0.8299999999999991
5.759999999999996,0.0014948147995167622,0.020435815208026176,-0.83
5.769999999999998,0.0014937656531123077,0.027522390846698767,-0.83
5.779999999999998,0.0014928166901895246,0.03360021534100019,-0.83
5.789999999999997,0.001492023608969403,0.03838874328917503,-0.8399999999999991
5.799999999999997,0.001491439760308701,0.041721528244334595,-0.84
5.809999999999997,0.0014911116115015283,0.04355582634466091,-0.84
5.8199999999999985,0.0014910740340580396,0.0439685679978707,-0.84
5.8299999999999965,0.0014913460675494458,0.043140710759855275,-0.84
5.839999999999998,0.0014919277947852494,0.04133297323125392,-0.84
5.849999999999996,0.0014927988604993433,0.03885587209103628,-0.84
5.859999999999998,0.0014939189983548412,0.03603688699840581,-0.84
5.869999999999997,0.0014952307111495953,0.033187856126105836,-0.8499999999999991
5.879999999999997,0.0014966639778701233,0.03057577972861261,-0.85
5.889999999999997,0.0014981425544606888,0.0283998693239495,-0.85
5.899999999999997,0.0014995911448859218,0.026777159897610796,-0.85
5.909999999999998,0.0015009425206907886,0.025737952974790146,-0.85
5.919999999999996,0.0015021436226448747,0.025230603582615183,-0.8599999999999991
5.929999999999998,0.0015031598092634568,0.025133657799193992,-0.86
5.939999999999998,0.001503976699533729,0.025272913335716258,-0.86
5.9499999999999975,0.0015045994259607145,0.02544136429646389,-0.86
5.959999999999997,0.0015050494889085283,0.025420680673399036,-0.86
5.969999999999997,0.001505359725406828,0.025003391280172056,-0.86
5.979999999999997,0.0015055681509819334,0.024014671026921734,-0.86
5.989999999999997,0.0015057115915513486,0.022331538244904085,-0.86
5.999999999999998,0.0015058200740489457,0.01989643249555669,-0.8699999999999991
6.009999999999996,0.0015059128591344844,0.016722753355593093,-0.87
6.019999999999998,0.0015059967544622226,0.012891771739131835,-0.87
6.029999999999998,0.00150606694795646,0.008542015843417619,-0.87
6.039999999999997,0.0015061101018705944,0.003853061134112272,-0.87
6.049999999999997,0.001506108962131549,-0.0009739970024273261,-0.87
6.059999999999997,0.0015060474029704016,-0.005736939575033134,-0.8799999999999991
6.0699999999999985,0.0015059147535400998,-0.010251479290905894,-0.8700000000000009
6.0799999999999965,0.001505708477795251,-0.014367418731150685,-0.8799999999999991
6.089999999999998,0.001505434746554369,-0.017980856385739725,-0.88
6.099999999999996,0.0015051070091654647,-0.02104138225811994,-0.88
6.109999999999998,0.0015047431607470537,-0.023553312977165924,-0.88
6.119999999999997,0.001504362168384874,-0.02557086599789624,-0.88
6.129999999999997,0.001503981012877485,-0.02718821526639408,-0.8899999999999991
6.139999999999997,0.0015036125602372213,-0.02852578618753926,-0.89
6.149999999999997,0.0015032646099378735,-0.02971406581548029,-0.89
6.159999999999998,0.001502940014144185,-0.030876225503720933,-0.89
6.169999999999996,0.0015026375329066604,-0.03211121381096415,-0.89
6.179999999999998,0.0015023530286973922,-0.033479467043805854,-0.89
6.189999999999996,0.0015020806887953747,-0.034993702479917364,-0.89
6.1999999999999975,0.0015018141259006336,-0.03661717245497125,-0.8999999999999991
6.209999999999997,0.0015015473565167111,-0.0382707872364772,-0.8900000000000009
6.219999999999997,0.0015012757226928056,-0.03984829559411553,-0.8999999999999991
6.229999999999997,0.0015009967794898998,-0.041236065710453323,-0.9
6.239999999999997,0.0015007110424049253,-0.04233259170539407,-0.9
6.249999999999998,0.0015004223445909202,-0.043063454112673503,-0.9
6.259999999999996,0.0015001374808227854,-0.043389302608779365,-0.9
6.269999999999998,0.0014998648822700561,-0.04330617790608424,-0.9
6.279999999999998,0.0014996122929279054,-0.042838817612569295,-0.9099999999999991
6.289999999999997,0.0014993837601082057,-0.04202912583432201,-0.91
6.299999999999997,0.0014991765985303892,-0.04092352847970793,-0.91
6.309999999999997,0.001498979201746344,-0.0395630591250971,-0.91
6.3199999999999985,0.0014987705470010956,-0.03797800876701598,-0.91
6.3299999999999965,0.0014985219348324268,-0.03618600938228165,-0.9199999999999992
6.339999999999998,0.001498200980627894,-0.03419063515902824,-0.92
6.349999999999996,0.0014977772797179093,-0.03197836977031572,-0.92
6.359999999999998,0.001497228689489559,-0.029514572758330523,-0.92
6.369999999999997,0.0014965469629567728,-0.02674176700713169,-0.92
6.379999999999997,0.001495741588833058,-0.02358404635319861,-0.92
6.389999999999997,0.0014948410995219961,-0.019959137247665768,-0.92
6.399999999999997,0.001493891664750521,-0.015796213055350745,-0.9299999999999983
6.409999999999998,0.0014929533193491695,-0.011055244203698612,-0.93
6.419999999999996,0.0014920945411633522,-0.005743343051729959,-0.93
6.429999999999998,0.0014913860429977832,7.539802695402442e-05,-0.93
6.439999999999996,0.001490894590521815,0.006278334541934176,-0.93
6.4499999999999975,0.0014906774764766868,0.012690699108545766,-0.93
6.459999999999997,0.0014907780556655177,0.019098082751814707,-0.9399999999999991
6.469999999999997,0.0014912225358328097,0.025262182390559614,-0.94
6.479999999999997,0.0014920180487236272,0.030937203985282005,-0.94
6.489999999999997,0.0014931518975618487,0.03588548092311914,-0.94
6.499999999999998,0.001494591802629064,0.03989252009690711,-0.94
6.509999999999996,0.001496286962469073,0.04278254244118577,-0.94
6.519999999999998,0.0014981698200663477,0.04443454077692249,-0.94
6.529999999999998,0.001500158553056632,0.044796521808303534,-0.9499999999999991
6.539999999999997,0.0015021604511949289,0.043894002521333665,-0.95
6.549999999999997,0.0015040764395304056,0.04182940863598031,-0.95
6.559999999999997,0.0015058069845204959,0.03877133848076228,-0.95
6.5699999999999985,0.0015072594350394595,0.03493544692749289,-0.95
6.5799999999999965,0.001508356495891259,0.030561022394830443,-0.95
6.589999999999998,0.001509045065923258,0.025888494796954323,-0.95
6.599999999999996,0.0015093042233008873,0.021142388170614913,-0.9599999999999991
6.609999999999998,0.0015091508708132949,0.01652141778354637,-0.96
6.619999999999997,0.001508641603720242,0.012193888914133023,-0.96
6.629999999999997,0.001507869793386804,0.008294572005161649,-0.96
6.639999999999997,0.0015069576375131475,0.004919885631841881,-0.96
6.649999999999997,0.0015060438324933521,0.0021206338131324496,-0.96
6.659999999999998,0.0015052683333797517,-0.00010589268113554331,-0.96
6.669999999999996,0.001504756188311759,-0.0018210388746606556,-0.9699999999999991
6.679999999999998,0.001504602585642711,-0.003143443301701445,-0.97
6.689999999999996,0.0015048610569663673,-0.004238605083317409,-0.97
6.6999999999999975,0.0015055363311260045,-0.0052989515599246775,-0.97
6.709999999999997,0.0015065827465400169,-0.0065166627901477505,-0.97
6.719999999999997,0.0015079084812568222,-0.008053667839021311,-0.97
6.729999999999997,0.001509385185606997,-0.010014425255638592,-0.9799999999999982
6.739999999999997,0.0015108619343721253,-0.01242714213366121,-0.98
6.749999999999998,0.001512181832647351,-0.015237603261259898,-0.98
6.759999999999996,0.0015131992245086135,-0.0183169848483495,-0.9700000000000009
6.769999999999998,0.0015137953603033185,-0.021482028890685685,-0.9799999999999991
6.779999999999998,0.0015138906116715187,-0.024523627227226296,-0.98
6.789999999999997,0.0015134518414344157,-0.02723833395713783,-0.98
6.799999999999997,0.0015124942236002601,-0.029456846254978127,-0.98
6.809999999999997,0.0015110775249965445,-0.031064654591524018,-0.9899999999999991
6.8199999999999985,0.0015092975046000923,-0.03201263837927551,-0.99
6.8299999999999965,0.0015072736251893508,-0.032317976459618376,-0.99
6.839999999999998,0.001505134692116865,-0.03205721073373227,-0.99
6.849999999999996,0.001503004296319133,-0.03135362205207318,-0.99
6.859999999999998,0.0015009879777514695,-0.030360548286377645,-0.99
6.869999999999997,0.0014991637878810022,-0.029241350669058783,-0.9999999999999991
6.879999999999997,0.0014975774099620193,-0.028146617221993058,-0.9900000000000009
6.889999999999997,0.0014962422603344385,-0.027190754992322368,-0.9999999999999991
6.899999999999997,0.0014951441872712438,-0.026432325081462413,-1.0
6.909999999999998,0.0014942496829703465,-0.025863112560993554,-1.0
6.919999999999996,0.0014935160621369404,-0.0254089291452887,-1.0
6.929999999999998,0.0014929018860870655,-0.024941659611886307,-1.0099999999999991
6.939999999999996,0.0014923760044257355,-0.02429916858023045,-1.0000000000000018
6.9499999999999975,0.0014919238902537976,-0.023308478286385825,-1.0099999999999991
6.959999999999997,0.0014915503932687118,-0.021807866337548335,-1.01
6.969999999999997,0.0014912785737502645,-0.0196646257387428,-1.01
6.979999999999997,0.0014911448681056902,-0.016786959049175588,-1.01
6.989999999999997,0.0014911914209388762,-0.013130601456600034,-1.0199999999999991
6.999999999999998,0.0014914569142070106,-0.008702263605481505,-1.010000000000001
7.009999999999996,0.0014919675257444075,-0.0035617669575907693,-1.0199999999999991
7.019999999999998,0.0014927296705121666,0.0021768407374970935,-1.010000000000001
7.029999999999998,0.0014937258843945556,0.008346355180614638,-1.0199999999999991
7.039999999999997,0.0014949146454192547,0.014731093443849224,-1.02
7.049999999999997,0.0014962342164400381,0.02107583628107166,-1.02
7.059999999999997,0.0014976099006262069,0.02709887407918052,-1.02
7.069999999999997,0.0014989635549248234,0.032508723236491545,-1.0299999999999983
7.0799999999999965,0.001500223864308035,0.03702397741263,-1.03
7.089999999999998,0.0015013357504590056,0.04039531767035689,-1.03
7.099999999999996,0.001502267369894074,0.04242800011241138,-1.03
7.109999999999998,0.0015030134499392298,0.043002507472802265,-1.03
7.119999999999997,0.0015035942209948414,0.04209077767857838,-1.03
7.129999999999997,0.0015040499158586653,0.03976565776094472,-1.0399999999999991
7.139999999999997,0.001504431642419457,0.03620186631072487,-1.04
7.149999999999997,0.0015047902214528034,0.03166756434633605,-1.04
7.159999999999998,0.0015051650942652598,0.026506575748667324,-1.04
7.169999999999996,0.0015055754715779424,0.021112418424698763,-1.04
7.179999999999998,0.0015060154607861162,0.015896484936159076,-1.04
7.189999999999996,0.0015064540647036092,0.011253522686286755,-1.04
7.1999999999999975,0.0015068399175877745,0.007527711204051684,-1.0499999999999992
7.209999999999997,0.0015071096994369582,0.004982456332096908,-1.05
7.219999999999997,0.0015071985734863118,0.003777016615859676,-1.05
7.229999999999997,0.0015070508192773129,0.003952955203206474,-1.05
7.239999999999997,0.0015066290465700226,0.0054322940393398125,-1.05
7.249999999999998,0.0015059208350002215,0.00802698699054946,-1.05
7.259999999999996,0.0015049421748266384,0.011457186442238917,-1.0599999999999992
7.269999999999998,0.0015037375529620288,0.015375249171209393,-1.06
7.279999999999996,0.001502376884444787,0.019393430182349007,-1.06
7.289999999999997,0.0015009497392192925,0.023114218120691598,-1.06
7.299999999999997,0.0014995574843437113,0.02616216523511895,-1.06
7.309999999999997,0.00149830407909782,0.028215129990698907,-1.06
7.319999999999997,0.0014972863436449235,0.02903206210311164,-1.06
7.3299999999999965,0.0014965845782573862,0.028474439946752483,-1.0699999999999992
7.339999999999998,0.0014962544341121332,0.026519004703074927,-1.07
7.349999999999996,0.0014963209101159572,0.023260062747047526,-1.07
7.359999999999998,0.0014967752447333303,0.018900462855494706,-1.07
7.369999999999997,0.0014975752548919599,0.013731803119226834,-1.07
7.379999999999997,0.0014986493250067755,0.008106297356967305,-1.07
7.389999999999997,0.0014999037877815498,0.002404124291474936,-1.07
7.399999999999997,0.0015012329433748016,-0.0029997735599842233,-1.0799999999999983
7.409999999999998,0.0015025305460813383,-0.007766266759017771,-1.08
7.419999999999996,0.0015037013364233862,-0.011617591299365963,-1.08
7.429999999999998,0.001504671146749345,-0.014356025990903715,-1.08
7.439999999999996,0.0015053942514874387,-0.015874711457927407,-1.08
7.4499999999999975,0.0015058569382850342,-0.01616087021884238,-1.08
7.459999999999997,0.0015060767104533616,-0.01529255939324778,-1.08
7.469999999999997,0.0015060970743018874,-0.013429900741535692,-1.0899999999999992
7.479999999999997,0.0015059784994120706,-0.010800878548468302,-1.09
7.489999999999997,0.0015057868067079386,-0.007681657486459681,-1.0800000000000018
7.499999999999998,0.001505580805119999,-0.004372692568108931,-1.0899999999999992
7.509999999999996,0.0015054012879031275,-0.0011736273327016434,-1.09
7.519999999999998,0.0015052633772110822,0.0016396837560885488,-1.09
7.529999999999996,0.0015051536338672588,0.0038342046234711193,-1.09
7.539999999999997,0.0015050324242652593,0.005234814098025133,-1.0999999999999992
7.549999999999997,0.0015048409845855228,0.005735879202950954,-1.090000000000001
7.559999999999997,0.001504511729537854,0.005308777515899105,-1.0999999999999992
7.569999999999997,0.0015039798444957519,0.004004054851816468,-1.0900000000000019
7.5799999999999965,0.001503194166867435,0.001947056138963851,-1.0999999999999992
7.589999999999998,0.0015021257507607986,-0.0006732765873247216,-1.1
7.599999999999996,0.0015007731465442034,-0.003621573548934535,-1.1
7.609999999999998,0.0014991640958785329,-0.006637254443791214,-1.1
7.619999999999997,0.0014973538777040716,-0.009457422026300833,-1.1099999999999992
7.629999999999997,0.001495420877658769,-0.011839237204426527,-1.11
7.639999999999997,0.0014934601088557313,-0.013579800930442148,-1.11
7.649999999999997,0.0014915754407796799,-0.014531468776632282,-1.11
7.659999999999998,0.001489871257152854,-0.01461071708269739,-1.11
7.669999999999996,0.001488444208868441,-0.013799799507182544,-1.1199999999999992
7.679999999999998,0.0014873756746340218,-0.012141945349087973,-1.12
7.689999999999996,0.0014867254894916115,-0.009731919058070375,-1.1100000000000019
7.6999999999999975,0.0014865274378764635,-0.0067043075343797,-1.1199999999999983
7.709999999999997,0.0014867869128822357,-0.003222012366691418,-1.12
7.719999999999997,0.0014874809895568642,0.0005331776154346627,-1.12
7.729999999999997,0.001488560925664004,0.004367497977805503,-1.12
7.739999999999997,0.001489956801014377,0.008080872524378299,-1.1299999999999981
7.749999999999998,0.0014915837025898378,0.011473451206661628,-1.13
7.759999999999996,0.001493348653110522,0.014354527714144937,-1.13
7.769999999999998,0.0014951574369713744,0.016553842621595014,-1.120000000000001
7.779999999999996,0.0014969206133131985,0.017934015706979046,-1.1299999999999981
7.789999999999997,0.0014985582770429544,0.018402530987260204,-1.13
7.799999999999997,0.0015000034480953793,0.01792221148749585,-1.13
7.809999999999997,0.0015012042386193538,0.016519503945846992,-1.139999999999999
7.819999999999997,0.0015021250965047948,0.014289314302316372,-1.14
7.8299999999999965,0.0015027474307458065,0.011394234226397711,-1.14
7.839999999999998,0.0015030698143817492,0.008056253000492869,-1.14
7.849999999999996,0.0015031077909743093,0.004540821775433983,-1.14
7.859999999999998,0.0015028931511912682,0.0011353178391313127,-1.14
7.869999999999997,0.0015024724593654078,-0.001874700065026367,-1.14
7.879999999999997,0.0015019046320881248,-0.004227982673688365,-1.149999999999999
7.889999999999997,0.0015012574991960144,-0.005706350920593428,-1.15
7.899999999999997,0.0015006034666881316,-0.006148750665468053,-1.15
7.909999999999997,0.0015000145833475316,-0.005460886598957798,-1.15
7.919999999999996,0.001499557432804767,-0.0036212100288350343,-1.15
7.929999999999998,0.001499288308071537,-0.0006838364710595751,-1.15
7.939999999999996,0.0014992490844316095,0.0032215029361056784,-1.15
7.9499999999999975,0.0014994641166918394,0.007892811875889846,-1.1599999999999981
7.959999999999997,0.0014999383795803933,0.01306307551585977,-1.16
7.969999999999997,0.0015006569635184256,0.018411971669317215,-1.16
7.979999999999997,0.0015015859330079256,0.023582252540229557,-1.16
7.989999999999997,0.0015026744501099993,0.028200431603627653,-1.16
7.999999999999998,0.0015038579722434922,0.03190090075291889,-1.16
8.009999999999996,0.0015050622726755724,0.03435218061179928,-1.16
8.019999999999998,0.001506208018322895,0.03528337468394207,-1.17
8.029999999999998,0.0015072156705177196,0.0345081108930964,-1.17
8.039999999999997,0.0015080105290470817,0.031942956027865316,-1.17
8.049999999999997,0.0015085277820690286,0.027617877447175882,-1.17
8.059999999999997,0.0015087174166499798,0.02167739345768543,-1.17
8.069999999999997,0.001508548765873504,0.014371930289675875,-1.17
8.079999999999997,0.0015080143275200987,0.006039482676528462,-1.17
8.089999999999996,0.0015071323278202221,-0.002921559340108151,-1.1799999999999982
8.099999999999998,0.0015059473923002033,-0.012086251207410532,-1.18
8.109999999999998,0.0015045287081770892,-0.021039781581539713,-1.18
8.119999999999997,0.0015029652901780459,-0.02941183500254135,-1.18
8.129999999999997,0.0015013584195656341,-0.03690341756352359,-1.18
8.139999999999997,0.001499811953712728,-0.04330277734094603,-1.18
8.149999999999997,0.0014984218335764,-0.04848996436140196,-1.18
8.159999999999997,0.0014972665252293764,-0.05243194606606267,-1.1899999999999982
8.169999999999996,0.001496400138313842,-0.0551710748178121,-1.19
8.179999999999996,0.0014958495057727696,-0.05680939375344122,-1.1800000000000017
8.189999999999998,0.0014956156740666233,-0.05749071215303357,-1.19
8.199999999999998,0.0014956792761450528,-0.05738201703906655,-1.19
8.209999999999997,0.0014960084386718081,-0.056655373502455336,-1.19
8.219999999999997,0.001496567437985735,-0.05547110967242494,-1.19
8.229999999999997,0.0014973243450379142,-0.05396323435754887,-1.1999999999999982
8.239999999999997,0.001498256323811163,-0.05222849850819142,-1.2
8.249999999999996,0.0014993519037412345,-0.05032067632643256,-1.2
8.259999999999996,0.0015006102296891847,-0.04825135899700361,-1.2
8.269999999999998,0.0015020378385330008,-0.04599789961950212,-1.2
8.279999999999998,0.0015036438382124266,-0.04351787189703439,-1.2
8.289999999999997,0.0015054344698032414,-0.040767489438625966,-1.21
8.299999999999997,0.0015074079661392167,-0.03771992638089855,-1.2000000000000017
8.309999999999997,0.0015095504517419554,-0.034379591973589294,-1.2099999999999982
8.319999999999997,0.0015118334112659635,-0.030789689708048764,-1.21
8.329999999999997,0.0015142130100594773,-0.027031356515508184,-1.21
8.339999999999996,0.001516631293310142,-0.023213356732623192,-1.21
8.349999999999996,0.0015190190449191493,-0.019453150604451335,-1.21
8.359999999999998,0.0015212998907162465,-0.015853189871872776,-1.22
8.369999999999997,0.0015233951135499313,-0.012478310430178385,-1.22
8.379999999999997,0.0015252286215486218,-0.009339396665404228,-1.2100000000000017
8.389999999999997,0.001526731565030487,-0.0063860299106594616,-1.2199999999999982
8.399999999999997,0.001527846204124918,-0.00350873028494045,-1.22
8.409999999999997,0.0015285287569757188,-0.0005503917131267441,-1.22
8.419999999999996,0.0015287510922035675,0.002674215895761533,-1.22
8.429999999999996,0.0015285012716381996,0.006353211090298332,-1.2299999999999982
8.439999999999998,0.0015277830974976066,0.010650381384937502,-1.22
8.449999999999998,0.0015266149437426811,0.01568035199421188,-1.23
8.459999999999997,0.0015250282118236074,0.021489881889804732,-1.23
8.469999999999997,0.0015230657227589442,0.02804776696254537,-1.23
8.479999999999997,0.0015207802514834736,0.03524448060064191,-1.23
8.489999999999997,0.001518233260021227,0.042901055839836603,-1.23
8.499999999999996,0.0015154937334167975,0.050785016118015065,-1.23
8.509999999999996,0.0015126369037048888,0.058630236119540415,-1.2399999999999982
8.519999999999998,0.0015097425937686687,0.06615767944122251,-1.23
8.529999999999998,0.0015068929448241177,0.07309438050125303,-1.24
8.539999999999997,0.0015041694073778893,0.07918851736517843,-1.24
8.549999999999997,0.0015016490472764318,0.08421948008466087,-1.24
8.559999999999997,0.00149940039946716,0.0880036262784376,-1.24
8.569999999999997,0.0014974792485056986,0.09039780194071279,-1.2499999999999982
8.579999999999997,0.001495924799335072,0.09130262483533921,-1.2400000000000018
8.589999999999996,0.001494756716486034,0.09066644084779911,-1.24
8.599999999999996,0.0014939734626196312,0.08848976384069218,-1.2499999999999982
8.609999999999998,0.001493552270450222,0.08482919174904294,-1.25
8.619999999999997,0.0014934509367311702,0.07979936239335708,-1.25
8.629999999999997,0.0014936114249771582,0.07357174153910694,-1.25
8.639999999999997,0.0014939650129137249,0.06636975684589864,-1.2599999999999982
8.649999999999997,0.0014944384669213417,0.058460317583800506,-1.26
8.659999999999997,0.0014949605378644837,0.05014167012799282,-1.26
8.669999999999996,0.0014954680042675154,0.04172726637836901,-1.26
8.679999999999996,0.0014959105548935296,0.03352571330739592,-1.26
8.689999999999998,0.0014962539825122004,0.025818233111960874,-1.26
8.699999999999998,0.0014964814098281135,0.018836682608063062,-1.26
8.709999999999997,0.0014965925375339674,0.012745721429340457,-1.2699999999999982
8.719999999999997,0.0014966011576565239,0.0076315684383703565,-1.27
8.729999999999997,0.0014965313954889913,0.0034979685115559584,-1.27
8.739999999999997,0.0014964133149415672,0.0002689057109157709,-1.27
8.749999999999996,0.0014962786148825207,-0.002202640789108439,-1.27
8.759999999999996,0.0014961571174710831,-0.004120679721093699,-1.27
8.769999999999996,0.0014960745730857243,-0.005727877835843084,-1.27
8.779999999999998,0.0014960519813794104,-0.007283967167421711,-1.28
8.789999999999997,0.0014961062077790044,-0.009042048083794826,-1.27
8.799999999999997,0.0014962512725069902,-0.011224351897628259,-1.2799999999999983
8.809999999999997,0.0014964994449400638,-0.013999599985483058,-1.28
8.819999999999997,0.0014968612962840764,-0.01746420983172693,-1.28
8.829999999999997,0.001497344176650503,-0.021629155565807613,-1.28
8.839999999999996,0.0014979491211685521,-0.026413926880211512,-1.28
8.849999999999996,0.0014986667957747532,-0.03164873230822162,-1.2899999999999983
8.859999999999998,0.0014994735683831598,-0.03708512600664937,-1.29
8.869999999999997,0.0015003289765229354,-0.042413816601185095,-1.29
8.879999999999997,0.0015011756934030377,-0.0472876762276123,-1.29
8.889999999999997,0.0015019426141989621,-0.05134814692614792,-1.29
8.899999999999997,0.001502551032871207,-0.054253414741709693,-1.29
8.909999999999997,0.001502923240947086,-0.055706389068465555,-1.29
8.919999999999996,0.00150299240406415,-0.05548032716220034,-1.2999999999999983
8.929999999999996,0.0015027123326603142,-0.0534404769046963,-1.2900000000000018
8.939999999999998,0.0015020657598720016,-0.04956089349731081,-1.3
8.949999999999998,0.0015010699230851173,-0.04393568881860465,-1.3
8.959999999999997,0.0014997785507273763,-0.03678308157093729,-1.3
8.969999999999997,0.0014982797391244005,-0.028439380331949638,-1.3
8.979999999999997,0.0014966896512038361,-0.019339733648293903,-1.3099999999999983
8.989999999999997,0.0014951424632295436,-0.009984078138571526,-1.3000000000000018
8.999999999999996,0.0014937774779709683,-0.0008900337717331187,-1.3099999999999983
9.009999999999996,0.0014927247374532837,0.007461660486881409,-1.31
9.019999999999996,0.0014920907390314328,0.014680800295942369,-1.31
9.029999999999998,0.0014919459484205337,0.020511462522892793,-1.31
9.039999999999997,0.0014923157042115646,0.024858396613507226,-1.31
9.049999999999997,0.001493175829537826,0.02779176758690853,-1.31
9.059999999999997,0.00149445381889148,0.029529870846091447,-1.3199999999999983
9.069999999999997,0.0014960358502538447,0.030402849926889193,-1.3100000000000018
9.079999999999997,0.001497779088685246,0.030802540876837432,-1.3199999999999983
9.089999999999996,0.0014995278678417876,0.031124826558297108,-1.32
9.099999999999996,0.0015011315425914526,0.03171217356911557,-1.32
9.109999999999998,0.0015024613455918605,0.032805148192155,-1.32
9.119999999999997,0.001503423651993121,0.03451136696371852,-1.33
9.129999999999997,0.0015039677203866337,0.03679747580166585,-1.3200000000000018
9.139999999999997,0.0015040871115436056,0.03950490637744085,-1.3299999999999983
9.149999999999997,0.0015038152833007645,0.042385191747382985,-1.33
9.159999999999997,0.001503216935292658,0.045147149645596116,-1.33
9.169999999999996,0.001502377238831542,0.0475067292736553,-1.33
9.179999999999996,0.0015013910391485751,0.04923049425864225,-1.33
9.189999999999996,0.0015003535605396386,0.050165329792269994,-1.33
9.199999999999998,0.0014993533293717915,0.05024998771417773,-1.34
9.209999999999997,0.0014984672595951456,0.049508238823717125,-1.34
9.219999999999997,0.0014977573570356425,0.048027674763409946,-1.34
9.229999999999997,0.0014972683890171266,0.04593104013431826,-1.34
9.239999999999997,0.0014970260892979933,0.043347348363829925,-1.34
9.249999999999996,0.0014970358690087114,0.040388495045401124,-1.34
9.259999999999996,0.0014972823788438625,0.03713512697644637,-1.3499999999999983
9.269999999999996,0.0014977304485708854,0.033633769964231654,-1.35
9.279999999999998,0.0014983278404839347,0.02990512041485641,-1.35
9.289999999999997,0.001499009923756655,0.02596076795058471,-1.35
9.299999999999997,0.001499705931811131,0.02182334293389412,-1.35
9.309999999999997,0.0015003460733114483,0.01754427047716222,-1.35
9.319999999999997,0.0015008685631180143,0.013214222727931374,-1.35
9.329999999999997,0.0015012256737127094,0.008963460368396107,-1.3599999999999983
9.339999999999996,0.001501388145166592,0.00495176726376406,-1.36
9.349999999999996,0.001501347630329392,0.001349867378721153,-1.36
9.359999999999998,0.0015011171647549076,-0.0016843240138105916,-1.36
9.369999999999997,0.0015007298442501285,-0.0040302952956498645,-1.36
9.379999999999997,0.0015002359395816826,-0.005625454736723873,-1.36
9.389999999999997,0.0014996986155680736,-0.006477073702276465,-1.36
9.399999999999997,0.0014991883358491961,-0.006663039429328619,-1.3699999999999983
9.409999999999997,0.0014987760267682498,-0.006321236948565615,-1.37
9.419999999999996,0.0014985252209847191,-0.0056293770282722895,-1.37
9.429999999999996,0.0014984837216674078,-0.004778713275845522,-1.37
9.439999999999996,0.0014986757561895605,-0.003946685705320246,-1.37
9.449999999999998,0.0014990959713428638,-0.0032745458481552967,-1.37
9.459999999999997,0.0014997067642742914,-0.0028551871841672083,-1.37
9.469999999999997,0.0015004401860863321,-0.002733187209244167,-1.3799999999999981
9.479999999999997,0.0015012049471601994,-0.0029148116628826886,-1.38
9.489999999999997,0.0015018980013331291,-0.003382682792554818,-1.38
9.499999999999996,0.0015024190656717522,-0.0041092181598110684,-1.38
9.509999999999996,0.001502685601758273,-0.005064540357284597,-1.38
9.519999999999996,0.0015026455296873642,-0.0062172435476576995,-1.38
9.529999999999998,0.0015022853738637107,-0.007529082952313679,-1.39
9.539999999999997,0.0015016325407987096,-0.008946708566920284,-1.38
9.549999999999997,0.0015007516971712108,-0.010394694439745531,-1.3899999999999981
9.559999999999997,0.0014997363608227844,-0.011774023401661995,-1.3800000000000017
9.569999999999997,0.001498697535607927,-0.012968621931830808,-1.3899999999999981
9.579999999999997,0.0014977513990702958,-0.013859769399223499,-1.39
9.589999999999996,0.0014970077571008584,-0.014345456876173878,-1.39
9.599999999999996,0.0014965604075883577,-0.0143603582977913,-1.39
9.609999999999996,0.0014964799444371652,-0.013891940556021125,-1.3999999999999981
9.619999999999997,0.0014968090642779339,-0.01298853700625806,-1.4
9.629999999999997,0.0014975601808400484,-0.01175605755902666,-1.4
9.639999999999997,0.0014987150856471119,-0.010342242713091886,-1.4
9.649999999999997,0.001500226447464541,-0.008910992203891986,-1.4
9.659999999999997,0.0015020210283589411,-0.007612924488019284,-1.4
9.669999999999996,0.001504004533007174,-0.006559921312514217,-1.4099999999999981
9.679999999999996,0.0015060679527187188,-0.005809850592653718,-1.4000000000000017
9.689999999999996,0.001508095114687889,-0.005363775325201483,-1.4099999999999981
9.699999999999998,0.001509970947832303,-0.005173914382603446,-1.4
9.709999999999997,0.0015115898051268285,-0.005158264170507669,-1.4099999999999981
9.719999999999997,0.0015128631047742556,-0.00521744934465387,-1.41
9.729999999999997,0.0015137255991794476,-0.005250148746505305,-1.41
9.739999999999997,0.0015141397391723024,-0.0051645644271810795,-1.41
9.749999999999996,0.001514097822061423,-0.0048848116330317895,-1.4199999999999982
9.759999999999996,0.0015136218350004736,-0.004352798675745095,-1.4100000000000017
9.769999999999996,0.0015127610931159868,-0.0035275852010865066,-1.4199999999999982
9.779999999999998,0.0015115879242389556,-0.0023845344346582783,-1.42
9.789999999999997,0.001510191781555995,-0.000915589892013024,-1.42
9.799999999999997,0.001508672272113427,0.0008695139489436474,-1.42
9.809999999999997,0.0015071316597185327,0.002942415555209912,-1.42
9.819999999999997,0.0015056674255457061,0.005257420343170928,-1.4299999999999982
9.829999999999997,0.0015043654510142593,0.007756464558018357,-1.43
9.839999999999996,0.001503294334246693,0.010378102904876693,-1.4200000000000017
9.849999999999996,0.0015025012704361152,0.013068690195452365,-1.4299999999999982
9.859999999999996,0.0015020098172725972,0.015791989734027276,-1.43
9.869999999999997,0.0015018197206009836,0.018533473732960715,-1.43
9.879999999999997,0.0015019087838554434,0.02129761016158829,-1.43
9.889999999999997,0.0015022365373701504,0.024098705108696827,-1.4399999999999982
9.899999999999997,0.00150274924224867,0.026947275900624935,-1.44
9.909999999999997,0.0015033856071922113,0.0298348603356909,-1.44
9.919999999999996,0.001504082548415003,0.032720855943898494,-1.44
9.929999999999996,0.001504780389633833,0.03552479324421419,-1.44
9.939999999999996,0.0015054270556221238,0.03812613798269899,-1.44
9.949999999999998,0.0015059810128830876,0.04037212000743247,-1.45
9.959999999999997,0.001506412904422755,0.042093036306161874,-1.45
9.969999999999997,0.0015067059765771767,0.0431237076789048,-1.45
9.979999999999997,0.0015068554910371605,0.04332847445817778,-1.45
9.989999999999997,0.0015068673578280448,0.042625373741058965,-1.45
9.999999999999996,0.0015067562255515375,0.04100411021960061,-1.45
10.009999999999996,0.001506543236566184,0.03853321152053893,-1.45
10.019999999999996,0.0015062536104673784,0.035354425507013065,-1.4599999999999982
10.029999999999996,0.0015059141723084211,0.03166594760775876,-1.46
10.039999999999997,0.0015055509042987696,0.027698922857698323,-1.46
10.049999999999997,0.0015051865811392608,0.023692622260941296,-1.46
10.059999999999997,0.0015048385573124135,0.019872495810169026,-1.46
10.069999999999997,0.0015045168140459884,0.01643303301521665,-1.46
10.079999999999997,0.0015042224420448076,0.013525706646122668,-1.46
10.089999999999996,0.0015039468165858687,0.011251835799023604,-1.4699999999999982
10.099999999999996,0.0015036717782736346,0.009660093211915207,-1.47
10.109999999999996,0.0015033711201171591,0.008747772566828592,-1.4600000000000017
10.119999999999997,0.0015030135640409312,0.00846413168456669,-1.47
10.129999999999997,0.0015025671789943283,0.008714068040027853,-1.47
10.139999999999997,0.0015020048791810155,0.009361554284308583,-1.47
10.149999999999997,0.001501310317021879,0.010234084620436762,-1.47
10.159999999999997,0.0015004832445869897,0.01113065029112113,-1.4799999999999982
10.169999999999996,0.0014995433366330473,0.011835671700934044,-1.4700000000000017
10.179999999999996,0.001498531583745547,0.012139829073904358,-1.4799999999999982
10.189999999999996,0.0014975086622439403,0.011866347704414752,-1.48
10.199999999999998,0.0014965501112188103,0.010898838197056868,-1.48
10.209999999999997,0.0014957386182242384,0.009205116810602343,-1.48
10.219999999999997,0.0014951541684408679,0.006851127819182202,-1.4899999999999982
10.229999999999997,0.001494863206587936,0.0040004488751347895,-1.4800000000000018
10.239999999999997,0.001494908259371343,0.000897706289896918,-1.4899999999999982
10.249999999999996,0.0014952996130550812,-0.0021622074639556896,-1.4800000000000018
10.259999999999996,0.0014960105642899942,-0.0048739880696793934,-1.4899999999999982
10.269999999999996,0.0014969773993279427,-0.006963646169538977,-1.49
10.279999999999996,0.0014981045884110197,-0.008224448648000905,-1.49
10.289999999999997,0.001499274783578997,-0.008540854947099915,-1.5
10.299999999999997,0.0015003622745464501,-0.007897399082981314,-1.5
10.309999999999997,0.0015012478466667626,-0.0063732383819954525,-1.4900000000000018
10.319999999999997,0.0015018327038551671,-0.004125912249412239,-1.4999999999999982
10.329999999999997,0.0015020493443792032,-0.001368785034458216,-1.5
10.339999999999996,0.0015018679361467034,0.0016542652187640093,-1.5
10.349999999999996,0.001501297628337286,0.00469499444950685,-1.5
10.359999999999996,0.0015003831045170646,0.007526741554052617,-1.5099999999999982
10.369999999999997,0.0014991973383539424,0.009968701087255113,-1.5
10.379999999999997,0.0014978318859324299,0.011905881806771395,-1.5099999999999982
10.389999999999997,0.0014963861598149748,0.013301419077305863,-1.51
10.399999999999997,0.0014949570425185634,0.014198806792626082,-1.51
10.409999999999997,0.001493629980373297,0.014713978578225907,-1.51
10.419999999999996,0.001492472405923848,0.015019339409669735,-1.51
10.429999999999996,0.0014915299996656997,0.015322488541540622,-1.51
10.439999999999996,0.001490825944317924,0.01584184305219875,-1.5199999999999982
10.449999999999998,0.0014903629789282879,0.01678081041060865,-1.51
10.459999999999997,0.001490127760678427,0.018302100892467244,-1.5199999999999982
10.469999999999997,0.0014900968102882657,0.020504136395954563,-1.52
10.479999999999997,0.0014902431558864821,0.023402320428789057,-1.52
10.489999999999997,0.0014905427029015495,0.02691894825753851,-1.52
10.499999999999996,0.0014909793624674527,0.030885594907076253,-1.5299999999999983
10.509999999999996,0.0014915480975682873,0.03505995013806635,-1.5200000000000018
10.519999999999996,0.0014922553149282042,0.03915584572334497,-1.5299999999999983
10.529999999999996,0.0014931164337735614,0.04288201287776616,-1.53
10.539999999999997,0.001494150950925537,0.04598286796880721,-1.53
10.549999999999997,0.0014953758016793695,0.04827389012465592,-1.53
10.559999999999997,0.0014967981729657033,0.0496652502647369,-1.5399999999999983
10.569999999999997,0.001498409065655751,0.05017003426463559,-1.5300000000000018
10.579999999999997,0.0015001787857618699,0.04989666083926781,-1.5399999999999983
10.589999999999996,0.001502055197367614,0.04902785193631817,-1.54
10.599999999999996,0.0015039650883280293,0.04779053452826792,-1.54
10.609999999999996,0.0015058185095101096,0.04642249758899752,-1.54
10.619999999999997,0.0015075155498394932,0.04514197442378193,-1.54
10.629999999999997,0.0015089547462983582,0.0441247927836998,-1.54
10.639999999999997,0.001510042197394732,0.04349068629616009,-1.5499999999999983
10.649999999999997,0.0015107004242191895,0.04329742926627547,-1.55
10.659999999999997,0.0015108760772560913,0.043540261564316216,-1.55
10.669999999999996,0.0015105457085806406,0.04415486701551141,-1.55
10.679999999999996,0.0015097190230859165,0.0450238158779297,-1.55
10.689999999999996,0.001508439285179529,0.04598749471931147,-1.55
10.699999999999996,0.0015067808545157137,0.046860334565699484,-1.5599999999999983
10.709999999999997,0.0015048441040651803,0.047451538519054905,-1.56
10.719999999999997,0.0015027482027555232,0.04758727343706257,-1.5500000000000018
10.729999999999997,0.0015006224210085532,0.047129805622167634,-1.5599999999999983
10.739999999999997,0.0014985967476898257,0.045989406682989065,-1.56
10.749999999999996,0.0014967926812104275,0.04412705975530597,-1.56
10.759999999999996,0.0014953150471683555,0.04154903166546372,-1.56
10.769999999999996,0.0014942455699871898,0.038296873371730426,-1.5699999999999983
10.779999999999996,0.0014936386760789147,0.03443740390357723,-1.5600000000000018
10.789999999999997,0.0014935196626906077,0.030056275995201436,-1.57
10.799999999999997,0.0014938850131439561,0.02525608166340347,-1.5600000000000018
10.809999999999997,0.0014947043804580352,0.020157045186245223,-1.5699999999999983
10.819999999999997,0.0014959236674357394,0.014896931620403068,-1.57
10.829999999999997,0.0014974687072957693,0.009627437035021637,-1.57
10.839999999999996,0.001499249244868198,0.004506191550647072,-1.57
10.849999999999996,0.0015011631527434414,-0.00031464052095106195,-1.5799999999999983
10.859999999999996,0.0015031010011685973,-0.0047011541733924566,-1.5700000000000018
10.869999999999997,0.0015049511649503186,-0.008549723977669997,-1.58
10.879999999999997,0.0015066055632131186,-0.011796293655873015,-1.58
10.889999999999997,0.001507965907527793,-0.014421265684834195,-1.58
10.899999999999997,0.0015089500526320508,-0.01644896733896344,-1.58
10.909999999999997,0.00150949780385841,-0.01794180262970762,-1.5899999999999983
10.919999999999996,0.001509575428169061,-0.018990084726611792,-1.59
10.929999999999996,0.0015091781906198995,-0.01969852660326765,-1.59
10.939999999999996,0.00150833048439296,-0.020170139301212576,-1.59
10.949999999999996,0.0015070834684057614,-0.020488809678408326,-1.59
10.959999999999997,0.0015055104732233306,-0.02070275050489549,-1.59
10.969999999999997,0.001503700713407506,-0.020811498745969177,-1.59
10.979999999999997,0.0015017520331699387,-0.02075905034260641,-1.59
10.989999999999997,0.0014997635166450448,-0.02043512034738201,-1.5999999999999983
10.999999999999996,0.0014978288086900772,-0.019685302422738412,-1.6
11.009999999999996,0.0014960308962349135,-0.018329364653771038,-1.6
11.019999999999996,0.0014944388748261578,-0.016185674892066775,-1.6
11.029999999999996,0.0014931068735764134,-0.01309886972450788,-1.6
11.039999999999997,0.0014920748821980257,-0.008966857811212411,-1.6
11.049999999999997,0.0014913708178183797,-0.003762340233896851,-1.6099999999999983
11.059999999999997,0.0014910129109297792,0.002455299116872784,-1.6000000000000019
11.069999999999997,0.0014910114675347728,0.00953898638981455,-1.6099999999999983
11.079999999999997,0.0014913692951092036,0.017261772218637932,-1.61
11.089999999999996,0.0014920805076759137,0.025330302097921167,-1.61
11.099999999999996,0.001493127938059414,0.03340234413475195,-1.61
11.109999999999996,0.0014944798481925598,0.04110875592862416,-1.61
11.119999999999996,0.001496086927293338,0.048080389983798766,-1.6199999999999983
11.129999999999997,0.0014978806396623381,0.053978740990747266,-1.62
11.139999999999997,0.0014997738246545415,0.058527056337071684,-1.6100000000000019
11.149999999999997,0.0015016641103031158,0.061537150671839125,-1.6199999999999983
11.159999999999997,0.0015034402548798397,0.0629268724312166,-1.62
11.169999999999996,0.0015049910412900471,0.0627245636531773,-1.62
11.179999999999996,0.001506215858859308,0.06105974559197387,-1.62
11.189999999999996,0.001507035663220203,0.0581426488436121,-1.62
11.199999999999996,0.0015074026904729567,0.05423789506632211,-1.6299999999999981
11.209999999999997,0.0015073072256941277,0.04963867065812564,-1.63
11.219999999999997,0.0015067799843662003,0.04464649882747169,-1.6200000000000019
11.229999999999997,0.0015058892942699659,0.03955833679005917,-1.6299999999999981
11.239999999999997,0.0015047331872633928,0.034658801200454226,-1.63
11.249999999999996,0.001503427509895365,0.03021342151291277,-1.63
11.259999999999996,0.0015020919547451433,0.026459888687776736,-1.6399999999999981
11.269999999999996,0.0015008362786077549,0.0235964156335233,-1.6300000000000017
11.279999999999996,0.0014997488316778596,0.02176751925308623,-1.6399999999999981
11.289999999999997,0.0014988889462195477,0.021048283235922293,-1.64
11.299999999999997,0.0014982839127724928,0.021429904578952434,-1.64
11.309999999999997,0.0014979304376758471,0.022811307281160858,-1.64
11.319999999999997,0.001497799802828051,0.025001508209190882,-1.64
11.329999999999997,0.0014978455112587769,0.02773466334953171,-1.64
11.339999999999996,0.0014980120020284809,0.030696184929869814,-1.6499999999999981
11.349999999999996,0.0014982430306528412,0.03355600733080177,-1.65
11.359999999999996,0.0014984885097114012,0.03600439271390689,-1.65
11.369999999999996,0.001498708964726098,0.037785644684136796,-1.65
11.379999999999997,0.0014988772525131647,0.03872484719561502,-1.65
11.389999999999997,0.001498977750288556,0.038742789436209145,-1.65
11.399999999999997,0.0014990037414099253,0.03785599809942985,-1.65
11.409999999999997,0.0014989540617660613,0.036162534155244376,-1.6599999999999981
11.419999999999996,0.0014988301264351354,0.03381813694859784,-1.66
11.429999999999996,0.001498634201772527,0.031009082764778834,-1.6500000000000017
11.439999999999996,0.0014983692897395033,0.027927218106528685,-1.6599999999999981
11.449999999999996,0.0014980404042592346,0.024750729508278405,-1.66
11.459999999999997,0.0014976565383336723,0.02163284980749258,-1.66
11.469999999999997,0.0014972323998826782,0.018699327726733463,-1.66
11.479999999999997,0.001496789094044171,0.016053221331287462,-1.6699999999999982
11.489999999999997,0.0014963533025873824,0.013783378630073123,-1.6600000000000017
11.499999999999996,0.0014959550150373214,0.011972500080444804,-1.6699999999999982
11.509999999999996,0.0014956243173121543,0.010702079915621025,-1.67
11.519999999999996,0.0014953879958060625,0.010053461532702186,-1.67
11.529999999999996,0.0014952667083416775,0.010105530832090991,-1.67
11.539999999999996,0.0014952732404677062,0.010930005717244323,-1.67
11.549999999999997,0.0014954120117871947,0.012585082500346637,-1.67
11.559999999999997,0.001495679656898619,0.015107704024341865,-1.6799999999999982
11.569999999999997,0.0014960662823050907,0.01850472087291999,-1.6700000000000017
11.579999999999997,0.0014965569338518362,0.022744243222920898,-1.6799999999999982
11.589999999999996,0.00149713288269533,0.027749652675691763,-1.68
11.599999999999996,0.0014977725012218527,0.03339878785901903,-1.68
11.609999999999996,0.0014984516922934706,0.03952968950210099,-1.68
11.619999999999996,0.0014991440056508227,0.045952819796746584,-1.6899999999999982
11.629999999999997,0.0014998206959542738,0.052468259107331064,-1.6800000000000017
11.639999999999997,0.0015004510359039572,0.058884969018366796,-1.6899999999999982
11.649999999999997,0.0015010031906610211,0.06503826289297547,-1.69
11.659999999999997,0.0015014458852897336,0.07080202572268572,-1.69
11.669999999999996,0.0015017509575418612,0.0760939638860595,-1.69
11.679999999999996,0.0015018966937927019,0.08087429961629251,-1.69
11.689999999999996,0.001501871621649038,0.08514012514343011,-1.69
11.699999999999996,0.001501678224435337,0.08891865770483479,-1.6999999999999982
11.709999999999997,0.0015013359074569882,0.09226233858211656,-1.6900000000000017
11.719999999999997,0.001500882532506285,0.09524706599370318,-1.6999999999999982
11.729999999999997,0.0015003739689479346,0.09797276330506649,-1.7
11.739999999999997,0.0014998813722989638,0.10056391816061781,-1.7
11.749999999999996,0.0014994862384289502,0.10316692442175733,-1.7
11.759999999999996,0.0014992736153694136,0.10594128877737614,-1.7099999999999982
11.769999999999996,0.0014993241199897887,0.10904384347449544,-1.7000000000000017
11.779999999999996,0.0014997055708735763,0.11260884943431898,-1.7099999999999982
11.789999999999996,0.0015004651089156984,0.11672982255724895,-1.71
11.799999999999997,0.0015016226491712096,0.12144832088633624,-1.71
11.809999999999997,0.0015031664096695574,0.12675103765072643,-1.71
11.819999999999997,0.0015050511001004298,0.13257279689576842,-1.71
11.829999999999997,0.001507199118030099,0.1388024422709488,-1.71
11.839999999999996,0.0015095047978390334,0.14529053595073485,-1.7199999999999982
11.849999999999996,0.001511841427543324,0.1518594174861703,-1.72
11.859999999999996,0.001514070453305039,0.15831615677552988,-1.72
11.869999999999996,0.0015160520809868955,0.16446814455141012,-1.72
11.879999999999997,0.0015176563763693563,0.17014046437552582,-1.72
11.889999999999997,0.0015187739493271678,0.17519373577224695,-1.72
11.899999999999997,0.0015193253546956,0.1795405824862282,-1.7299999999999982
11.909999999999997,0.001519268427822068,0.18315856920805426,-1.7200000000000017
11.919999999999996,0.001518602890853817,0.1860977263571684,-1.7299999999999982
11.929999999999996,0.0015173717330653552,0.1884813864578138,-1.73
11.939999999999996,0.0015156590980932873,0.19049949811890274,-1.73
11.949999999999996,0.0015135846898715918,0.1923939314274629,-1.73
11.959999999999996,0.0015112950075651492,0.19443595976188685,-1.73
11.969999999999997,0.00150895201997489,0.19689730588891385,-1.7399999999999982
11.979999999999997,0.0015067201907510747,0.20001786721106293,-1.7300000000000018
11.989999999999997,0.0015047530514274304,0.2039750603653993,-1.7399999999999982
11.999999999999996,0.0015031807289277754,0.2088605253342721,-1.74
12.009999999999996,0.0015020998730642734,0.2146687932549781,-1.74
12.019999999999996,0.0015015672116250446,0.2212999438464572,-1.74
12.029999999999996,0.0015015974542306292,0.22857560686471548,-1.74
12.039999999999996,0.0015021655378513955,0.23626560448756656,-1.74
12.049999999999997,0.0015032124389795223,0.24412100354334226,-1.74
12.059999999999997,0.0015046532054926569,0.251908509776764,-1.7499999999999982
12.069999999999997,0.001506385658925721,0.2594415641700464,-1.75
12.079999999999997,0.0015082984267262664,0.266605113951676,-1.75
12.089999999999996,0.0015102774936125727,0.27337270127884017,-1.75
12.099999999999996,0.0015122111226052507,0.279815173835239,-1.75
12.109999999999996,0.0015139935676800088,0.2860999925783596,-1.75
12.119999999999996,0.0015155283106692136,0.2924796926071668,-1.75
12.129999999999997,0.0015167315371422381,0.29926856425050874,-1.75
12.139999999999997,0.0015175362587851757,0.30680860137792815,-1.7599999999999982
12.149999999999997,0.0015178970196025742,0.3154287451960026,-1.76
12.159999999999997,0.0015177946572569082,0.3254038349072419,-1.76
12.169999999999996,0.001517240273672142,0.3369199523095348,-1.7699999999999982
12.179999999999996,0.001516277480553763,0.3500512180868532,-1.7600000000000018
12.189999999999996,0.0015149821296343302,0.3647509241562952,-1.76
12.199999999999996,0.001513459050549143,0.3808577926167068,-1.76
12.209999999999996,0.0015118357067953304,0.39811595258325244,-1.7699999999999965
12.219999999999997,0.0015102530700745978,0.4162051258433828,-1.77
12.229999999999997,0.0015088543757960575,0.43477623414483413,-1.77
12.239999999999997,0.001507772742839377,0.45348772478845456,-1.77
12.249999999999996,0.001507118885749954,0.4720390882542455,-1.77
12.259999999999996,0.0015069702630237007,0.490199161265482,-1.77
12.269999999999996,0.0015073629360733915,0.5078269502631567,-1.77
12.279999999999996,0.0015082871313198114,0.5248824495327239,-1.7799999999999983
12.289999999999996,0.00150968703171145,0.5414258191032308,-1.78
12.299999999999997,0.0015114647757819258,0.5576059153329526,-1.78
12.309999999999997,0.0015134881489821837,0.5736419919376772,-1.78
12.319999999999997,0.0015156011131975172,0.5898030041303748,-1.78
12.329999999999997,0.0015176361611650134,0.6063868423002345,-1.78
12.339999999999996,0.00151942746941017,0.6236992020842207,-1.78
12.349999999999996,0.0015208238964271959,0.6420311295832414,-1.7899999999999983
12.359999999999996,0.0015217009741666458,0.6616357858694264,-1.79
12.369999999999996,0.001521971137562102,0.6827069469873415,-1.79
12.379999999999995,0.0015215915270916603,0.7053625776002012,-1.79
12.389999999999997,0.0015205687974626746,0.7296361114779094,-1.79
12.399999999999997,0.0015189604848252734,0.7554762713794315,-1.79
12.409999999999997,0.001516872638956794,0.7827540152901893,-1.7999999999999983
12.419999999999996,0.0015144536397468913,0.8112734222777384,-1.8
12.429999999999996,0.0015118844161014122,0.8407830221482294,-1.8
12.439999999999996,0.0015093656647796932,0.8709855527430137,-1.8
12.449999999999996,0.0015071030607228166,0.9015465453170521,-1.8
12.459999999999996,0.0015052917522581759,0.9321039461725884,-1.8
12.469999999999997,0.001504101550268181,0.9622812542662014,-1.8
12.479999999999997,0.001503664110180306,0.9917056797522333,-1.8099999999999983
12.489999999999997,0.0015040631012583844,1.0200313261080889,-1.81
12.499999999999996,0.001505327958729283,1.0469658850600494,-1.81
12.509999999999996,0.0015074314425497202,1.0722981637705962,-1.81
12.519999999999996,0.0015102909560287987,1.0959230507327842,-1.81
12.529999999999996,0.0015137734067156706,1.1178602972743998,-1.81
12.539999999999996,0.001517703279346804,1.1382639180049032,-1.81
12.549999999999997,0.0015218734990664188,1.157420010251616,-1.8199999999999983
12.559999999999997,0.0015260585706863706,1.175731926304303,-1.82
12.569999999999997,0.0015300293679035197,1.1936928838261394,-1.82
12.579999999999997,0.0015335687977970375,1.2118476492545442,-1.82
12.589999999999996,0.0015364873812100522,1.2307470310595423,-1.82
12.599999999999996,0.0015386376033199578,1.2509008196130165,-1.82
12.609999999999996,0.0015399257650758503,1.2727353903514456,-1.82
12.619999999999996,0.0015403200786245454,1.2965611890800761,-1.8299999999999983
12.629999999999995,0.0015398539539690844,1.3225533047751525,-1.83
12.639999999999997,0.0015386238251424908,1.3507459394263852,-1.83
12.649999999999997,0.001536781399370858,1.3810396372125224,-1.83
12.659999999999997,0.001534520785396456,1.413219398370288,-1.83
12.669999999999996,0.0015320615016451529,1.446981833085803,-1.83
12.679999999999996,0.0015296288645487782,1.4819689492489758,-1.83
12.689999999999996,0.0015274336919249105,1.5178045757362881,-1.8399999999999983
12.699999999999996,0.0015256535483947474,1.554128003556076,-1.84
12.709999999999996,0.00152441778544722,1.5906196493179436,-1.84
12.719999999999997,0.0015237982771793997,1.627015564070009,-1.84
12.729999999999997,0.001523806988481407,1.6631104670781955,-1.84
12.739999999999997,0.0015244004313899643,1.6987518333769427,-1.84
12.749999999999996,0.0015254899152475569,1.7338298688195648,-1.84
12.759999999999996,0.0015269555947723934,1.7682691393727394,-1.8499999999999983
12.769999999999996,0.0015286619049052208,1.8020263762420632,-1.85
12.779999999999996,0.001530472110129635,1.83509583427818,-1.85
12.789999999999996,0.0015322602896486034,1.8675200170219526,-1.85
12.799999999999995,0.0015339199075664529,1.8994010449484322,-1.85
12.809999999999997,0.0015353689178798126,1.9309070139192572,-1.85
12.819999999999997,0.0015365519279365515,1.9622686313688877,-1.85
12.829999999999997,0.0015374402080724184,1.9937643670894791,-1.8599999999999983
12.839999999999996,0.0015380303128606095,2.025696332756932,-1.86
12.849999999999996,0.0015383418659665389,2.0583620824206212,-1.86
12.859999999999996,0.0015384147800707624,2.092028208372694,-1.86
12.869999999999996,0.001538305942155663,2.1269102940806324,-1.86
12.879999999999995,0.0015380852547636399,2.163161503599003,-1.86
12.889999999999997,0.0015378309032780435,2.2008697932070396,-1.86
12.899999999999997,0.0015376238018686222,2.240062160999,-1.8699999999999983
12.909999999999997,0.0015375413237334154,2.280713742927688,-1.87
12.919999999999996,0.0015376506145698679,2.3227595097140656,-1.87
12.929999999999996,0.0015380019993278188,2.36610635956538,-1.87
12.939999999999996,0.0015386231911655689,2.410643668700632,-1.87
12.949999999999996,0.001539515145927041,2.4562510677936467,-1.87
12.959999999999996,0.0015406504077337191,2.502802902368586,-1.87
12.969999999999997,0.0015419746019834557,2.550169062094436,-1.8799999999999981
12.979999999999997,0.0015434113285857063,2.5982121022575257,-1.88
12.989999999999997,0.0015448701376109752,2.646781554243352,-1.88
12.999999999999996,0.0015462566636331792,2.6957078958728022,-1.88
13.009999999999996,0.0015474835302596356,2.744799913590667,-1.88
13.019999999999996,0.0015484804545637153,2.793849277492575,-1.88
13.029999999999996,0.001549202135730544,2.842644738233034,-1.8899999999999981
13.039999999999996,0.001549632954534633,2.8909954869363617,-1.89
13.049999999999995,0.001549788102761099,2.93875939473136,-1.89
13.059999999999997,0.0015497113317223868,2.985868655762977,-1.89
13.069999999999997,0.0015494699275250923,3.032345037626659,-1.89
13.079999999999997,0.0015491477424991011,3.0783003283816703,-1.89
13.089999999999996,0.0015488371602586975,3.1239228111386987,-1.89
13.099999999999996,0.0015486308046717095,3.1694545062641,-1.8999999999999981
13.109999999999996,0.0015486136856383275,3.2151646522172004,-1.8900000000000017
13.119999999999996,0.0015488563543758049,3.261323286365056,-1.89
13.129999999999995,0.001549409536659796,3.308177043269401,-1.89
13.139999999999997,0.0015503006200720032,3.355928723179245,-1.8999999999999981
13.149999999999997,0.001551532273687566,3.404722462733717,-1.9
13.159999999999997,0.0015530833514076769,3.454636231931234,-1.9
13.169999999999996,0.001554912046070606,3.505681988405765,-1.9
13.179999999999996,0.001556961004407592,3.5578117694253124,-1.9
13.189999999999996,0.0015591638055510294,3.6109271350016225,-1.9
13.199999999999996,0.0015614519275864353,3.6648904562096822,-1.9
13.209999999999996,0.0015637611881932814,3.7195380764282895,-1.9099999999999964
13.219999999999997,0.0015660367325267843,3.7746955520523153,-1.91
13.229999999999997,0.001568235973017863,3.830194026079354,-1.91
13.239999999999997,0.0015703293960173715,3.88588560545702,-1.91
13.249999999999996,0.0015722996934440835,3.941655322888774,-1.91
13.259999999999996,0.0015741400752082883,3.997428051324111,-1.91
13.269999999999996,0.0015758527345431414,4.053170330430822,-1.9199999999999982
13.279999999999996,0.0015774482313310168,4.1088884858198,-1.92
13.289999999999996,0.0015789460911469543,4.164624473877675,-1.92
13.299999999999995,0.0015803763443860562,4.220449761372858,-1.92
13.309999999999997,0.0015817812434112774,4.276456991102529,-1.92
13.319999999999997,0.0015832161498138585,4.332750221264656,-1.92
13.329999999999997,0.0015847486441066326,4.3894360434363096,-1.92
13.339999999999996,0.0015864552478880567,4.446618009641756,-1.9299999999999982
13.349999999999996,0.0015884156578169315,4.504394998559327,-1.93
13.359999999999996,0.0015907049301865607,4.562861741494434,-1.93
13.369999999999996,0.0015933845046910916,4.6221085319315085,-1.93
13.379999999999995,0.0015964932490414461,4.682217741978717,-1.93
13.389999999999997,0.0016000398214640107,4.74325647135497,-1.93
13.399999999999997,0.001603997591787093,4.80526679636788,-1.93
13.409999999999997,0.0016083031463412429,4.868257193446991,-1.9399999999999982
13.419999999999996,0.001612859029220021,4.9321995896133135,-1.94
13.429999999999996,0.0016175408422634304,4.997034900625929,-1.94
13.439999999999996,0.001622208178420628,5.062686553162724,-1.94
13.449999999999996,0.001626718211461518,5.1290787887400064,-1.94
13.459999999999996,0.0016309402675443846,5.196156044119069,-1.94
13.469999999999995,0.001634769491787389,5.26390067315307,-1.9499999999999964
13.479999999999997,0.0016381378484084444,5.332347091089971,-1.95
13.489999999999997,0.0016410211167190076,5.401590254790747,-1.95
13.499999999999996,0.0016434411467332465,5.47178568280028,-1.95
13.509999999999996,0.0016454632663616543,5.543138201820983,-1.95
13.519999999999996,0.0016471892791196598,5.615878312737436,-1.95
13.529999999999996,0.0016487469217947416,5.690228413430434,-1.95
13.539999999999996,0.0016502769694522756,5.766364887301771,-1.9599999999999982
13.549999999999995,0.0016519193797290466,5.8443847601479675,-1.96
13.559999999999997,0.0016537999434286445,5.924286074452209,-1.96
13.569999999999997,0.0016560188362251694,6.005968655775611,-1.96
13.579999999999997,0.0016586422429179664,6.089256852368613,-1.96
13.589999999999996,0.0016616978736031167,6.17393987517024,-1.96
13.599999999999996,0.0016651747629582575,6.259820864268679,-1.96
13.609999999999996,0.0016690273022094476,6.34676397210772,-1.96
13.619999999999996,0.001673183037235089,6.434729384108975,-1.96
13.629999999999995,0.0016775533837451188,6.523788675990094,-1.96
13.639999999999997,0.0016820460703179645,6.614116829502671,-1.9699999999999982
13.649999999999997,0.0016865778629474376,6.705962161099303,-1.97
13.659999999999997,0.001691086014976148,6.7996004154836305,-1.97
13.669999999999996,0.0016955369758493342,6.895282871116075,-1.97
13.679999999999996,0.001699931193738832,6.993189253240458,-1.97
13.689999999999996,0.001704303325601505,7.093394395496622,-1.97
13.699999999999996,0.0017087177447559546,7.195853863051754,-1.9799999999999982
13.709999999999996,0.0017132598133432109,7.300409333953036,-1.98
13.719999999999995,0.0017180238878187492,7.406810324374212,-1.98
13.729999999999997,0.0017230994100995063,7.514745685135332,-1.98
13.739999999999997,0.0017285566899736676,7.623877122138115,-1.98
13.749999999999996,0.0017344340956817732,7.733868153077499,-1.98
13.759999999999996,0.00174072832346744,7.844404671529221,-1.9899999999999982
13.769999999999996,0.0017473891906634972,7.9552063858194995,-1.99
13.779999999999996,0.0017543199731384562,8.066030920808348,-1.99
13.789999999999996,0.001761383703757476,8.176673949579062,-1.99
13.799999999999995,0.0017684151360858281,8.286969260963607,-1.99
13.809999999999997,0.0017752373614531869,8.396792137265738,-1.99
13.819999999999997,0.001781681434717757,8.50606784790623,-1.99
13.829999999999997,0.0017876068644350686,8.614784711030927,-1.99
13.839999999999996,0.0017929204966306096,8.723008661263261,-1.9999999999999982
13.849999999999996,0.0017975912302355254,8.830894462026583,-2.0
13.859999999999996,0.001801658231865783,8.938688416648667,-2.0
13.869999999999996,0.001805230949788964,9.046719029509882,-2.0
13.879999999999995,0.0018084802890685364,9.15537503367955,-2.0
13.889999999999995,0.0018116216963516014,9.265073213827105,-2.0
13.899999999999997,0.0018148923292742954,9.376220365722252,-2.009999999999998
13.909999999999997,0.0018185255719040834,9.489174318627427,-2.01
13.919999999999996,0.0018227265991488982,9.604208653117286,-2.01
13.929999999999996,0.00182765237725769,9.721485182538808,-2.01
13.939999999999996,0.0018333985228803273,9.841037685390736,-2.01
13.949999999999996,0.0018399941289407068,9.962769326230811,-2.01
13.959999999999996,0.0018474043731523313,10.086464167516386,-2.01
13.969999999999995,0.001855539726150457,10.211810572820726,-2.0199999999999965
13.979999999999997,0.0018642699632096644,10.338432301149133,-2.02
13.989999999999997,0.0018734409224575364,10.465922750540045,-2.02
13.999999999999996,0.0018828919672090516,10.593879451969887,-2.02
14.009999999999996,0.0018924723247745478,10.721938430364844,-2.02
14.019999999999996,0.00190205482528911,10.849809094397493,-2.02
14.029999999999996,0.0019115460002986121,10.9773084162071,-2.029999999999998
14.039999999999996,0.0019208919745575643,11.104389453064815,-2.03
14.049999999999995,0.001930080045399687,11.231156657983382,-2.03
14.059999999999997,0.0019391362450439764,11.357861349389845,-2.03
14.069999999999997,0.0019481194928124557,11.48487542318764,-2.03
14.079999999999997,0.001957113159712444,11.612647783188946,-2.03
14.089999999999996,0.001966214994400906,11.7416528084768,-2.03
14.099999999999996,0.001975526406710537,11.872341047872908,-2.0399999999999983
14.109999999999996,0.0019851420776554937,12.005099193467133,-2.04
14.119999999999996,0.0019951407619954865,12.140221771216995,-2.04
14.129999999999995,0.002005577970356879,12.277894100514493,-2.0300000000000034
14.139999999999995,0.002016480979378143,12.418186058565059,-2.0399999999999965
14.149999999999997,0.0020278463658605027,12.561057254485624,-2.04
14.159999999999997,0.0020396400513989273,12.706373569132257,-2.04
14.169999999999996,0.0020517997105513504,12.853931808592751,-2.04
14.179999999999996,0.0020642393314694164,13.003485890052168,-2.04
14.189999999999996,0.0020768556898911297,13.154768038139666,-2.04
14.199999999999996,0.0020895364661823916,13.307502548167335,-2.04
14.209999999999996,0.0021021696659379325,13.461414537475346,-2.0499999999999963
14.219999999999995,0.002114653872151379,13.616238033081883,-2.05
14.229999999999997,0.0021269086547960913,13.771726083591878,-2.05
14.239999999999997,0.002138884222681808,13.927662604187885,-2.05
14.249999999999996,0.0021505692013187422,14.083873700405897,-2.05
14.259999999999996,0.0021619953658691656,14.240235927308772,-2.05
14.269999999999996,0.0021732383419295295,14.396679977929292,-2.05
14.279999999999996,0.0021844137444721515,14.553190133626549,-2.0599999999999983
14.289999999999996,0.0021956689004243636,14.709801386884095,-2.0500000000000016
14.299999999999995,0.002207171031782007,14.86659605740251,-2.05
14.309999999999995,0.0022190933477837784,15.023699872263252,-2.0599999999999965
14.319999999999997,0.002231600730232056,15.181275799074575,-2.06
14.329999999999997,0.0022448365295690055,15.33951433275941,-2.0500000000000016
14.339999999999996,0.0022589114960464025,15.498621102293747,-2.05
14.349999999999996,0.0022738952596571636,15.658804607836828,-2.0599999999999983
14.359999999999996,0.0022898103053212476,15.820267263934479,-2.06
14.369999999999996,0.0023066282474006445,15.983201721310296,-2.06
14.379999999999995,0.0023242684155157668,16.147792332166244,-2.06
14.389999999999995,0.002342599198365201,16.314219532778726,-2.06
14.399999999999997,0.0023614430242174865,16.482663862042255,-2.06
14.409999999999997,0.0023805860186134325,16.653306721416286,-2.069999999999998
14.419999999999996,0.0023997930556849557,16.82632612817847,-2.07
14.429999999999996,0.002418828029191066,17.001886602288508,-2.07
14.439999999999996,0.0024374778458246225,17.180122792727843,-2.07
14.449999999999996,0.002455577259896929,17.361117338795797,-2.07
14.459999999999996,0.002473030724000607,17.54487556579724,-2.07
14.469999999999995,0.002489827334257884,17.731302440875353,-2.07
14.479999999999997,0.0025060458593115526,17.920188913527237,-2.07
14.489999999999997,0.0025218485915654894,18.111213678681786,-2.0799999999999983
14.499999999999996,0.0025374648628415236,18.303962812174387,-2.0700000000000016
14.509999999999996,0.0025531668962776076,18.497965597101686,-2.07
14.519999999999996,0.002569241730618865,18.69274184708216,-2.0799999999999983
14.529999999999996,0.0025859630702388227,18.887854445709653,-2.08
14.539999999999996,0.0026035662201890973,19.082960253383515,-2.08
14.549999999999995,0.0026222281395965317,19.277852658902216,-2.08
14.559999999999995,0.0026420535513513106,19.47248975140007,-2.08
14.569999999999997,0.0026630673161154093,19.66700335467758,-2.08
14.579999999999997,0.002685213009490627,19.861686225713704,-2.08
14.589999999999996,0.0027083577171677035,20.05695805300998,-2.08
14.599999999999996,0.0027323032363848845,20.25331550748105,-2.089999999999998
14.609999999999996,0.002756803849729436,20.451275911837342,-2.080000000000002
14.619999999999996,0.0027815903759369617,20.65132538152455,-2.08
14.629999999999995,0.0028063992037902987,20.853879296002482,-2.0899999999999963
14.639999999999995,0.002831003624275407,21.05925759078156,-2.09
14.649999999999997,0.0028552434202606014,21.267672982854684,-2.09
14.659999999999997,0.0028790479276291285,21.479228748639777,-2.080000000000002
14.669999999999996,0.0029024481125290397,21.6939235819818,-2.089999999999998
14.679999999999996,0.0029255747712281085,21.911662510308403,-2.09
14.689999999999996,0.0029486424950166184,22.132273037797937,-2.09
14.699999999999996,0.00297192188684897,22.355524188610154,-2.09
14.709999999999996,0.002995704814323135,22.581144334743943,-2.09
14.719999999999995,0.0030202685586692233,22.808833726707704,-2.09
14.729999999999995,0.003045844319059134,23.038270482990782,-2.09
14.739999999999997,0.0030725938853388693,23.269113182903563,-2.0999999999999983
14.749999999999996,0.0031005960466624293,23.50100621678969,-2.1
14.759999999999996,0.003129842269714503,23.73359333206275,-2.1
14.769999999999996,0.0031602399644680887,23.966540910526984,-2.1
14.779999999999996,0.0031916214477426866,24.199568369462366,-2.1
14.789999999999996,0.003223757310895486,24.432481004856616,-2.1
14.799999999999995,0.0032563738183228382,24.665200437833423,-2.1
14.809999999999995,0.003289174630893531,24.897788037929523,-2.1
14.819999999999997,0.00332186710564235,25.130456233087852,-2.1
14.829999999999997,0.003354192495563586,25.363561990982962,-2.1
14.839999999999996,0.0033859577580337414,25.597577797081705,-2.1
14.849999999999996,0.0034170649452791775,25.833039586004652,-2.1
14.859999999999996,0.00344753304525892,26.070477648690694,-2.1
14.869999999999996,0.003477507276378332,26.310342988516215,-2.1
14.879999999999995,0.003507252442736947,26.552944945965617,-2.1099999999999963
14.889999999999995,0.003537129761512201,26.798414146605595,-2.11
14.899999999999997,0.0035675598301756406,27.046698233458613,-2.11
14.909999999999997,0.003598977130080923,27.2975894370071,-2.11
14.919999999999996,0.0036317828788165673,27.550776671928226,-2.11
14.929999999999996,0.0036663028319210166,27.805912156787972,-2.11
14.939999999999996,0.0037027550108597296,28.062681993573577,-2.11
14.949999999999996,0.0037412299658564274,28.320869364915502,-2.11
14.959999999999996,0.003781683909171112,28.580398016556327,-2.11
14.969999999999995,0.0038239434887263626,28.84134522084007,-2.11
14.979999999999995,0.0038677202924129873,29.103919546158544,-2.1199999999999966
14.989999999999997,0.003912633204459788,29.3684079049517,-2.12
14.999999999999996,0.003958237113259646,29.635104685916918,-2.12
15.009999999999996,0.004004056786173289,29.904240524905312,-2.12
15.019999999999996,0.004049624654018272,30.175928310916657,-2.12
15.029999999999996,0.004094520640924663,30.450139045063686,-2.12
15.039999999999996,0.004138411144409698,30.726711497734033,-2.12
15.049999999999995,0.004181083199089455,31.005390688866658,-2.12
15.059999999999995,0.004222469277792866,31.285884366764883,-2.12
15.069999999999997,0.00426265855162232,31.567924707979458,-2.12
15.079999999999997,0.004301891934898791,31.85132310470838,-2.12
15.089999999999996,0.004340540680346808,32.13600766966275,-2.12
15.099999999999996,0.004379071048014067,32.422035547664805,-2.12
15.109999999999996,0.0044179998314668786,32.70957582699788,-2.12
15.119999999999996,0.004457846644121851,32.99886443515249,-2.129999999999998
15.129999999999995,0.004499088622623772,33.29013942391831,-2.13
15.139999999999995,0.004542121826329035,33.5835712128258,-2.1200000000000037
15.149999999999995,0.004587231712042319,33.87920453831861,-2.12
15.159999999999997,0.004634573381914819,34.17692548544561,-2.129999999999998
15.169999999999996,0.004684161364822858,34.476459567177265,-2.13
15.179999999999996,0.004735868616687631,34.77739891890095,-2.13
15.189999999999996,0.004789434962973959,35.07925133123701,-2.13
15.199999999999996,0.00484448586202024,35.381501727820016,-2.13
15.209999999999996,0.004900562559046989,35.68367632818753,-2.13
15.219999999999995,0.004957163947917494,35.98539944061249,-2.13
15.229999999999995,0.005013798568342953,36.28643271326185,-2.13
15.239999999999997,0.00507004241746727,36.5866885910321,-2.13
15.249999999999996,0.005125595464703399,36.88621502461118,-2.13
15.259999999999996,0.005180328027195274,37.1851560025278,-2.13
15.269999999999996,0.0052343083817595415,37.48369907422948,-2.13
15.279999999999996,0.005287805472063238,37.78202379849814,-2.13
15.289999999999996,0.005341264891091269,38.08026321984669,-2.13
15.299999999999995,0.00539526133637081,38.37848568487232,-2.1399999999999966
15.309999999999995,0.0054504349773480815,38.67669909638207,-2.14
15.319999999999997,0.005507421470496653,38.97487567558295,-2.14
15.329999999999997,0.005566785252805201,39.27299271372271,-2.14
15.339999999999996,0.005628963579178129,39.57108297815625,-2.14
15.349999999999996,0.0056942255560636255,39.86928636822194,-2.14
15.359999999999996,0.005762647426486951,40.167892017208686,-2.14
15.369999999999996,0.005834103496928304,40.467359209278094,-2.14
15.379999999999995,0.005908271608252114,40.768308671925965,-2.14
15.389999999999995,0.005984652590119029,41.07148318761286,-2.14
15.399999999999995,0.006062603976957448,41.37768501558351,-2.14
15.409999999999997,0.006141388560172145,41.687703145188046,-2.14
15.419999999999996,0.006220237425120945,42.00224365459769,-2.149999999999998
15.429999999999996,0.006298424708299725,42.321872538872576,-2.140000000000002
15.439999999999996,0.006375347785489523,42.64697571568424,-2.14
15.449999999999996,0.006450603053606254,42.97773858193127,-2.14
15.459999999999996,0.006524045358935011,43.3141474707164,-2.14
15.469999999999995,0.006595819653322205,43.656014296113796,-2.14
15.479999999999995,0.006666357072171048,44.003020740554874,-2.14
15.489999999999997,0.006736333750028728,44.354771278893104,-2.14
15.499999999999996,0.006806597726120189,44.71084013293916,-2.149999999999998
15.509999999999996,0.006878075170110331,45.07079933011504,-2.15
15.519999999999996,0.006951670235333701,45.43422300566479,-2.15
15.529999999999996,0.007028172498756588,45.80067361114217,-2.140000000000002
15.539999999999996,0.00710818266021092,46.16968386110253,-2.149999999999998
15.549999999999995,0.007192062347455839,46.54074975064614,-2.15
15.559999999999995,0.00727990924488672,46.91334418160766,-2.15
15.569999999999997,0.007371555600103204,47.28695149857574,-2.15
15.579999999999997,0.007466586845093194,47.66111592432902,-2.15
15.589999999999996,0.0075643772332341635,48.035494498521,-2.15
15.599999999999996,0.007664140252150899,48.40990655649517,-2.15
15.609999999999996,0.007764992215912601,48.784373245188405,-2.15
15.619999999999996,0.007866027125061967,49.15913949756436,-2.15
15.629999999999995,0.007966399273636845,49.534668901351594,-2.15
15.639999999999995,0.008065407441980003,49.911603334915476,-2.15
15.649999999999995,0.00816257175967333,50.29068684769668,-2.15
15.659999999999997,0.008257692721166839,50.672665320338766,-2.15
15.669999999999996,0.008350882445812296,51.05818403498169,-2.15
15.679999999999996,0.008442561504690128,51.44770777280462,-2.1599999999999984
15.689999999999996,0.008533420017316504,51.84148023574755,-2.1500000000000017
15.699999999999996,0.008624347890007749,52.239525890789274,-2.15
15.709999999999996,0.008716344243556376,52.64168529668511,-2.1599999999999966
15.719999999999995,0.00881041885376136,53.04766975359089,-2.16
15.729999999999995,0.00890749827469041,53.457122701786645,-2.1500000000000035
15.739999999999997,0.009008346639914202,53.86967939061723,-2.15
15.749999999999996,0.00911350710167603,54.285018182520766,-2.1599999999999984
15.759999999999996,0.009223265891391535,54.702895514375044,-2.1500000000000017
15.769999999999996,0.009337638074557309,55.123155500129165,-2.15
15.779999999999996,0.00945637250744383,55.54570858126152,-2.15
15.789999999999996,0.009578973020436272,55.97048225561225,-2.1599999999999984
15.799999999999995,0.009704732967556839,56.39735706982542,-2.16
15.809999999999995,0.009832780465005783,56.82610731107285,-2.16
15.819999999999995,0.009962131421587547,57.25636521381158,-2.16
15.829999999999997,0.010091746560950942,57.68762121213457,-2.16
15.839999999999996,0.010220587177556043,58.11926417875868,-2.16
15.849999999999996,0.010347663016647718,58.55065784725039,-2.16
15.859999999999996,0.010472065401002713,58.98124455480397,-2.16
15.869999999999996,0.010592980367687181,59.41066465972085,-2.16
15.879999999999995,0.010709680378535353,59.838877225369274,-2.16
15.889999999999995,0.010821498502712917,60.26626372874135,-2.16
15.899999999999995,0.010927794269750159,60.693693926105496,-2.16
15.909999999999997,0.011027923693746633,61.122535201732276,-2.16
15.919999999999996,0.011121225869756715,61.55459476968073,-2.16
15.929999999999996,0.011207034778623415,61.99199505947867,-2.16
15.939999999999996,0.01128471839149273,62.43699161056684,-2.16
15.949999999999996,0.011353739610844979,62.89174647441199,-2.16
15.959999999999996,0.011413727185261114,63.35806915078403,-2.1699999999999964
15.969999999999995,0.011464541377528078,63.83713578346883,-2.1600000000000037
15.979999999999995,0.01150631988345331,64.32920029734014,-2.16
15.989999999999997,0.011539494028995527,64.83331908374086,-2.16
15.999999999999996,0.011564771944633246,65.3471192602397,-2.16
16.009999999999998,0.011583091899360024,65.86664329495824,-2.16
16.019999999999996,0.011595553572953186,66.38629746923384,-2.16
16.029999999999994,0.011603337296111715,66.89892129383799,-2.16
16.04,0.011607621564936296,67.39598494627072,-2.16
16.049999999999997,0.011609508007534939,67.86791552171066,-2.16
16.059999999999995,0.01160996093857798,68.30454949922002,-2.16
16.069999999999993,0.011609766083803324,68.69570306597753,-2.1699999999999964
16.08,0.011609510331808839,69.0318378511853,-2.17
16.089999999999996,0.011609581777977778,69.30477651443339,-2.1600000000000037
16.099999999999994,0.01161018714118771,69.50839792879414,-2.16
16.109999999999992,0.011611382086638158,69.63922730593949,-2.16
16.119999999999997,0.011613109214796424,69.69684165250172,-2.1699999999999964
16.129999999999995,0.011615238492139194,69.68403564621764,-2.17
16.139999999999993,0.011617605586498117,69.60672790669588,-2.17
16.15,0.011620044692328836,69.47361990846218,-2.17
16.159999999999997,0.011622413705454585,69.29564189690139,-2.17
16.169999999999995,0.011624610805980571,69.08523257673728,-2.17
16.179999999999993,0.011626582513599217,68.85550720386081,-2.17
16.189999999999998,0.011628324054923797,68.61937793702997,-2.17
16.199999999999996,0.011629873427752393,68.38870319745226,-2.17
16.209999999999994,0.011631300875091725,68.17355286035449,-2.17
16.22,0.011632695611133758,67.98167037200967,-2.17
16.229999999999997,0.011634151596332716,67.81818493231455,-2.17
16.239999999999995,0.011635753973038681,67.68558547563754,-2.17
16.249999999999993,0.011637567492171222,67.5839292002583,-2.17
16.259999999999998,0.011639627931587218,67.51123085352074,-2.17
16.269999999999996,0.011641937158327172,67.46396621596813,-2.17
16.279999999999994,0.011644462130090386,67.43762166862474,-2.17
16.29,0.011647137772479183,67.42722863703236,-2.17
16.299999999999997,0.01164987332666205,67.42783485659571,-2.17
16.309999999999995,0.011652561465326177,67.4348810810355,-2.17
16.319999999999993,0.011655089244380192,67.44446836327236,-2.17
16.33,0.011657349801045033,67.45351433497264,-2.17
16.339999999999996,0.011659253626934252,67.45980644044427,-2.17
16.349999999999994,0.011660738243428184,67.46196706735076,-2.17
16.359999999999992,0.011661775201609815,67.45935089151244,-2.17
16.369999999999997,0.011662373543487422,67.45189824829771,-2.17
16.379999999999995,0.011662579212264093,67.43996908664987,-2.17
16.389999999999993,0.011662470368841221,67.42417964750729,-2.17
16.4,0.011662149086590547,67.40525909949723,-2.17
16.409999999999997,0.01166173035419663,67.38393743862369,-2.17
16.419999999999995,0.011661329639123062,67.36087031355018,-2.17
16.429999999999993,0.011661050424917148,67.33660121513913,-2.17
16.439999999999998,0.011660973140541705,67.31155619211002,-2.17
16.449999999999996,0.011661146762007881,67.28606160919169,-2.17
16.459999999999994,0.011661584091385369,67.26037337950248,-2.17
16.47,0.0116622613033049,67.23470750399943,-2.17
16.479999999999997,0.011663121800100224,67.20926530040056,-2.17
16.489999999999995,0.011664083784894714,67.18425027662404,-2.17
16.499999999999993,0.011665050368816291,67.15987615414899,-2.17
16.509999999999998,0.011665920633847257,67.13636711390983,-2.17
16.519999999999996,0.01166660000185054,67.11395205722012,-2.17
16.529999999999994,0.011667008550223606,67.09285454233256,-2.17
16.54,0.011667086493701396,67.07327932457834,-2.17
16.549999999999997,0.011666796747139253,67.05539579859023,-2.17
16.559999999999995,0.011666125082749858,67.0393190342821,-2.17
16.569999999999993,0.011665078739401962,67.0250907388882,-2.17
16.58,0.011663684380867293,67.01266414558786,-2.17
16.589999999999996,0.011661986080408897,67.00189693344,-2.17
16.599999999999994,0.011660043639014088,66.99255468724935,-2.17
16.609999999999992,0.011657931153535677,66.98432531688222,-2.17
16.619999999999997,0.011655735446804089,66.97684316929984,-2.17
16.629999999999995,0.01165355381608943,66.96972012389296,-2.17
16.639999999999993,0.011651490565689341,66.96257938803272,-2.17
16.65,0.011649651946317122,66.95508645186257,-2.17
16.659999999999997,0.011648139392172196,66.94697175448673,-2.17
16.669999999999995,0.011647041288408258,66.93804153522314,-2.17
16.679999999999993,0.011646423881875735,66.92817649728559,-2.17
16.689999999999998,0.011646322319282271,66.917321019877,-2.17
16.699999999999996,0.011646733086947185,66.90546742758983,-2.17
16.709999999999994,0.01164760924532666,66.89263974468938,-2.17
16.72,0.01164885971710613,66.87888006920761,-2.17
16.729999999999997,0.011650353457792466,66.86423936258853,-2.17
16.739999999999995,0.011651928651337675,66.84877367758575,-2.17
16.749999999999993,0.011653406271487594,66.83254626177022,-2.17
16.759999999999998,0.01165460662906855,66.81563483813217,-2.17
16.769999999999996,0.011655367047338872,66.79814172684065,-2.17
16.779999999999994,0.011655558641882438,66.78020328718354,-2.17
16.79,0.011655100309713392,66.76199505611118,-2.17
16.799999999999997,0.011653968374213822,66.7437296897198,-2.17
16.809999999999995,0.011652200792273087,66.72564611531135,-2.17
16.819999999999993,0.011649895348766155,66.70799029499452,-2.17
16.83,0.01164720183098541,66.69099043385445,-2.17
16.839999999999996,0.011644308783507648,66.67483142913716,-2.17
16.849999999999994,0.011641426039078877,66.65963404071773,-2.17
16.859999999999992,0.011638764715646873,66.64544342780589,-2.17
16.869999999999997,0.011636516690062684,66.63222951770864,-2.17
16.879999999999995,0.011634835673457966,66.61989882284207,-2.17
16.889999999999993,0.011633821922489544,66.6083148602212,-2.17
16.9,0.011633512336899009,66.597322792109,-2.17
16.909999999999997,0.01163387722261019,66.58677312526906,-2.17
16.919999999999995,0.011634824328142697,66.57653943160697,-2.17
16.929999999999993,0.011636209883515658,66.56652668430732,-2.17
16.939999999999998,0.011637855354933396,66.55666980134434,-2.1799999999999966
16.949999999999996,0.011639567673319768,66.5469251572029,-2.18
16.959999999999994,0.011641160070695574,66.53725982211425,-2.18
16.97,0.011642470578768665,66.5276432988998,-2.18
16.979999999999997,0.011643375771762627,66.51804453273611,-2.1700000000000035
16.989999999999995,0.011643798352955507,66.5084339858705,-2.18
16.999999999999993,0.011643708411591791,66.49878825228063,-2.18
17.009999999999998,0.011643119270543895,66.48909414022445,-2.18
17.019999999999996,0.011642079549444968,66.47935009431883,-2.18
17.029999999999994,0.011640663295752607,66.46956419459272,-2.18
17.04,0.011638959847877734,66.45974916649912,-2.18
17.049999999999997,0.011637064641764885,66.44991590658928,-2.18
17.059999999999995,0.011635071635497788,66.4400677400408,-2.18
17.069999999999993,0.011633067551389317,66.43019734870656,-2.18
17.08,0.011631127799949193,66.42028708452521,-2.18
17.089999999999996,0.011629313772869096,66.41031228474192,-2.18
17.099999999999994,0.01162767115037857,66.40024706650543,-2.18
17.109999999999992,0.011626228920611546,66.39007238741827,-2.18
17.119999999999997,0.01162499891486075,66.37978577176294,-2.18
17.129999999999995,0.011623975793428215,66.3694108279909,-2.18
17.139999999999993,0.011623137548952918,66.35900359927072,-2.18
17.15,0.01162244670327005,66.34865297409151,-2.18
17.159999999999997,0.011621852433830406,66.33847384693057,-2.18
17.169999999999995,0.01162129385276276,66.32859363409314,-2.18
17.179999999999993,0.011620704561741614,66.3191343252155,-2.18
17.189999999999998,0.011620018424569773,66.31019320125618,-2.18
17.199999999999996,0.011619176267905356,66.30182565659008,-2.18
17.209999999999994,0.01161813298577082,66.29403319636492,-2.18
17.22,0.011616864328444871,66.28675879833641,-2.18
17.229999999999997,0.011615372530162513,66.27989073889518,-2.18
17.239999999999995,0.011613689892853616,66.27327467257835,-2.18
17.249999999999993,0.011611879513970434,66.26673209113899,-2.18
17.259999999999998,0.011610032545529869,66.26008177935722,-2.18
17.269999999999996,0.01160826171645708,66.25316036432113,-2.18
17.279999999999994,0.01160669134111631,66.2458385392767,-2.18
17.289999999999992,0.011605444626391693,66.23803039159306,-2.18
17.299999999999997,0.011604629664676203,66.22969444658396,-2.18
17.309999999999995,0.011604325908332411,66.22082697515746,-2.18
17.319999999999993,0.011604573031019388,66.21145028562249,-2.18
17.33,0.011605363831134032,66.20159990632811,-2.18
17.339999999999996,0.011606642259993532,66.19131438040641,-2.18
17.349999999999994,0.01160830690201269,66.18063024442486,-2.18
17.359999999999992,0.011610219481866618,66.16958289742311,-2.18
17.369999999999997,0.011612217363914878,66.15821196874627,-2.18
17.379999999999995,0.011614128592549657,66.14656845680982,-2.18
17.389999999999993,0.011615787792662558,66.13472073320638,-2.18
17.4,0.011617051192744648,66.12275704851326,-2.18
17.409999999999997,0.011617809147776574,66.11078327147013,-2.18
17.419999999999995,0.01161799483534126,66.09891634706818,-2.18
17.429999999999993,0.011617588279427209,66.08727575677607,-2.18
17.439999999999998,0.011616615479789242,66.07597600693148,-2.18
17.449999999999996,0.011615143077816692,66.06512238401936,-2.18
17.459999999999994,0.011613269526272315,66.05481040181715,-2.18
17.47,0.011611114046426816,66.04512757187524,-2.18
17.479999999999997,0.0116088047312345,66.0361551533763,-2.18
17.489999999999995,0.011606467031954996,66.02796737636383,-2.18
17.499999999999993,0.011604213623780082,66.02062595234712,-2.18
17.509999999999998,0.01160213636126056,66.01416866292617,-2.18
17.519999999999996,0.011600300762561034,66.00859293360833,-2.18
17.529999999999994,0.011598743227603613,66.00383820114054,-2.18
17.539999999999992,0.011597471000635632,65.99977290123898,-2.18
17.549999999999997,0.011596464723002426,65.99619148883686,-2.18
17.559999999999995,0.011595683271406618,65.99282428803144,-2.18
17.569999999999993,0.011595070421515561,65.9893595822124,-2.18
17.58,0.011594562702578972,65.9854743611485,-2.18
17.589999999999996,0.011594097626616635,65.98086848811113,-2.18
17.599999999999994,0.011593621334512411,65.9752974314543,-2.18
17.609999999999992,0.011593094672132993,65.96860037994199,-2.18
17.619999999999997,0.011592496849768699,65.96072174824992,-2.18
17.629999999999995,0.011591826162645164,65.95172409365081,-2.18
17.639999999999993,0.011591097716270623,65.94179006973846,-2.18
17.65,0.0115903386076776,65.9312110547761,-2.18
17.659999999999997,0.011589581436468812,65.92036105469776,-2.18
17.669999999999995,0.011588857260120284,65.90965685212126,-2.18
17.679999999999993,0.01158818912847163,65.89950876219082,-2.18
17.689999999999998,0.01158758715527645,65.89026931635284,-2.18
17.699999999999996,0.011587045778050616,65.88218840333757,-2.18
17.709999999999994,0.011586543506015505,65.87538240301512,-2.18
17.72,0.011586045125125576,65.86982184025969,-2.18
17.729999999999997,0.011585506048729727,65.86533800987941,-2.18
17.739999999999995,0.01158487827770793,65.86164567628062,-2.18
17.749999999999993,0.011584117263543522,65.85837764328753,-2.18
17.759999999999998,0.011583188852232765,65.85512709288118,-2.18
17.769999999999996,0.011582075430634829,65.85149334554008,-2.18
17.779999999999994,0.01158078040846635,65.84712551233075,-2.18
17.789999999999992,0.011579330261129306,65.84175773680381,-2.18
17.799999999999997,0.01157777354628536,65.83523094480768,-2.18
17.809999999999995,0.011576176607270028,65.82749922704915,-2.18
17.819999999999993,0.011574616102587861,65.81862261528248,-2.18
17.83,0.011573169045070025,65.80875030828159,-2.18
17.839999999999996,0.011571901631075151,65.79809863316407,-2.18
17.849999999999994,0.011570858642794564,65.7869268177692,-2.18
17.859999999999992,0.01157005542447042,65.77551221669147,-2.18
17.869999999999997,0.011569474211367193,65.7641258634736,-2.18
17.879999999999995,0.0115690658804372,65.75300942665645,-2.18
17.889999999999993,0.011568757102176868,65.74235564114534,-2.18
17.9,0.011568461679761905,65.73229530186735,-2.18
17.909999999999997,0.011568093918905436,65.72289383512577,-2.18
17.919999999999995,0.011567581459457498,65.71415872734728,-2.18
17.929999999999993,0.011566875220608487,65.70605624409596,-2.18
17.939999999999998,0.011565954874803039,65.69853320678038,-2.18
17.949999999999996,0.011564829318034642,65.69153835596335,-2.18
17.959999999999994,0.011563532627906773,65.68503854904517,-2.18
17.97,0.011562116749541523,65.67902713937482,-2.18
17.979999999999997,0.011560642521162257,65.67352415638082,-2.18
17.989999999999995,0.011559170666518521,65.66856950499822,-2.18
17.999999999999993,0.01155775413105733,65.6642110769256,-2.18
18.009999999999998,0.011556432733960039,65.66048956212423,-2.18
18.019999999999996,0.01155523063590392,65.65742156551403,-2.18
18.029999999999994,0.011554156633063873,65.65498318596681,-2.18
18.039999999999992,0.011553206823368927,65.65309724479135,-2.18
18.049999999999997,0.01155236881441619,65.65162760878357,-2.18
18.059999999999995,0.011551626430323326,65.65038292188628,-2.18
18.069999999999993,0.011550963883323129,65.64913015408449,-2.18
18.08,0.011550368613243685,65.64761639838798,-2.18
18.089999999999996,0.011549832410821739,65.64559549725969,-2.18
18.099999999999994,0.01154935091584573,65.64285465655811,-2.18
18.109999999999992,0.011548921979084727,65.63923580464035,-2.18
18.119999999999997,0.01154854358772077,65.63464757770208,-2.18
18.129999999999995,0.011548212033822731,65.62906646833446,-2.18
18.139999999999993,0.011547920786002017,65.62252894042182,-2.18
18.15,0.011547660203442684,65.61511856970894,-2.18
18.159999999999997,0.011547417935135248,65.60695249854241,-2.18
18.169999999999995,0.011547179674511545,65.59817010700428,-2.18
18.179999999999993,0.011546929929426717,65.58892496233746,-2.18
18.189999999999998,0.011546652596700667,65.57937969123047,-2.18
18.199999999999996,0.011546331329429858,65.56970273702713,-2.18
18.209999999999994,0.011545949866232497,65.5600658791891,-2.18
18.22,0.011545492586355115,65.55064143648232,-2.18
18.229999999999997,0.011544945535969204,65.54159792178564,-2.18
18.239999999999995,0.011544298050959476,65.53309289495948,-2.18
18.249999999999993,0.011543544919820353,65.52526242121019,-2.18
18.259999999999998,0.011542688838179329,65.5182078251937,-2.18
18.269999999999996,0.01154174274770209,65.51198174393082,-2.18
18.279999999999994,0.011540731553823364,65.50657625733078,-2.18
18.289999999999992,0.011539692693802834,65.50191581129842,-2.18
18.299999999999997,0.011538675089073972,65.49785686923555,-2.18
18.309999999999995,0.011537736171690611,65.4941952492149,-2.18
18.319999999999993,0.011536936927935752,65.49068136442878,-2.18
18.33,0.01153633524386658,65.48704301476873,-2.18
18.339999999999996,0.011535978227386235,65.48301444724311,-2.18
18.349999999999994,0.011535894536285196,65.47836875962756,-2.18
18.359999999999992,0.011536087954278877,65.4729489067606,-2.18
18.369999999999997,0.011536533436321623,65.46669170290531,-2.18
18.379999999999995,0.011537176551392072,65.45963988668238,-2.18
18.389999999999993,0.011537936724352757,65.45193926617962,-2.18
18.4,0.01153871404134893,65.44382070595888,-2.18
18.409999999999997,0.011539398799803624,65.43556981471033,-2.18
18.419999999999995,0.011539882585127911,65.42748988129746,-2.18
18.429999999999993,0.01154006949589998,65.41986483668549,-2.18
18.439999999999998,0.011539886200643622,65.41292827241261,-2.18
18.449999999999996,0.011539289729577651,65.40684238888096,-2.18
18.459999999999994,0.011538272209466042,65.40168827203863,-2.18
18.47,0.011536862090734512,65.39746685563121,-2.18
18.479999999999997,0.011535121779816217,65.39410853234655,-2.18
18.489999999999995,0.011533141966623492,65.39148859204742,-2.18
18.499999999999993,0.01153103329011874,65.38944540222491,-2.18
18.509999999999998,0.011528916257162082,65.38779841718794,-2.18
18.519999999999996,0.011526910477677092,65.38636362631365,-2.18
18.529999999999994,0.011525124292592599,65.38496485681142,-2.18
18.539999999999992,0.011523645768783073,65.38344037643965,-2.18
18.549999999999997,0.011522535851711875,65.38164541719568,-2.18
18.559999999999995,0.011521824234970493,65.3794523024368,-2.18
18.569999999999993,0.011521508242326119,65.37675028741192,-2.18
18.58,0.011521554722521156,65.3734467110987,-2.18
18.589999999999996,0.011521904640582267,65.36947014605627,-2.18
18.599999999999994,0.011522479755235102,65.36477579293273,-2.18
18.609999999999992,0.0115231905631023,65.35935324899008,-2.18
18.619999999999997,0.011523944611801966,65.35323589586397,-2.18
18.629999999999995,0.011524654341297586,65.34650928899802,-2.18
18.639999999999993,0.011525243775601244,65.33931454502905,-2.18
18.65,0.011525653603174037,65.33184326929668,-2.18
18.659999999999997,0.011525844399244664,65.32432279213708,-2.18
18.669999999999995,0.011525797920143074,65.31699302052338,-2.18
18.679999999999993,0.0115255165291885,65.3100781136131,-2.18
18.689999999999998,0.011525020906228289,65.30375720437328,-2.18
18.699999999999996,0.011524346268009024,65.29813847897974,-2.18
18.709999999999994,0.011523537406204433,65.29324031102824,-2.18
18.72,0.011522642954801907,65.2889823455436,-2.18
18.729999999999997,0.011521709438249138,65.28518870184054,-2.18
18.739999999999995,0.011520775806037479,65.28160447482273,-2.18
18.749999999999993,0.011519869266569014,65.27792508100441,-2.18
18.759999999999998,0.011519003208459827,65.27383597949448,-2.18
18.769999999999996,0.011518177773321567,65.26905845386595,-2.18
18.779999999999994,0.011517383205609952,65.26339564966999,-2.18
18.789999999999992,0.0115166055150934,65.2567719743795,-2.18
18.799999999999997,0.011515833391487587,65.24925863646746,-2.18
18.809999999999995,0.011515064892886609,65.24107910468975,-2.18
18.819999999999993,0.011514312334189059,65.23259116063294,-2.18
18.83,0.011513604080297975,65.22424684287222,-2.18
18.839999999999996,0.011512982546516127,65.21653643126473,-2.18
18.849999999999994,0.011512498476428204,65.20992573008567,-2.18
18.859999999999992,0.011512202315292158,65.20479650918813,-2.18
18.869999999999997,0.011512134069678277,65.20139862895232,-2.18
18.879999999999995,0.01151231336307855,65.19981983760178,-2.18
18.889999999999993,0.011512731447216694,65.19997589991236,-2.18
18.9,0.011513346729161355,65.2016202885695,-2.18
18.909999999999997,0.011514084953987832,65.20437013201598,-2.18
18.919999999999995,0.011514844562519585,65.20774385227696,-2.18
18.929999999999993,0.011515506948219342,65.21120550571642,-2.18
18.939999999999998,0.011515950445223952,65.21421084426409,-2.18
18.949999999999996,0.011516066061241666,65.21625071924164,-2.18
18.959999999999994,0.011515772448449847,65.2168888739103,-2.18
18.97,0.011515027567157271,65.21579285187126,-2.18
18.979999999999997,0.011513835010212425,65.21275762056909,-2.18
18.989999999999995,0.011512243932474645,65.20772114831219,-2.18
18.999999999999993,0.01151034272065181,65.20077026569841,-2.18
19.009999999999998,0.01150824762408903,65.19213488092993,-2.18
19.019999999999996,0.01150608830016075,65.1821697400893,-2.18
19.029999999999994,0.011503992515651613,65.17132506184787,-2.18
19.039999999999992,0.011502072127637063,65.16010936490609,-2.18
19.049999999999997,0.011500412061726124,65.1490486954343,-2.18
19.059999999999995,0.011499063449601553,65.13864613870997,-2.18
19.069999999999993,0.011498041482747927,65.12934456223223,-2.18
19.08,0.011497327933659414,65.12149477507504,-2.18
19.089999999999996,0.011496877721493513,65.11533104301557,-2.18
19.099999999999994,0.011496628409879518,65.11095579342239,-2.18
19.109999999999992,0.01149651119056076,65.10833476064255,-2.18
19.119999999999997,0.011496461778409834,65.10730262598018,-2.18
19.129999999999995,0.01149642973041152,65.1075778323647,-2.18
19.139999999999993,0.011496384975166975,65.10878432663067,-2.18
19.15,0.011496320747957067,65.11047804988651,-2.18
19.159999999999997,0.011496252611220498,65.11217702797845,-2.18
19.169999999999995,0.011496213756408726,65.11339475680752,-2.18
19.179999999999993,0.011496247298937673,65.11367595555787,-2.18
19.189999999999998,0.011496396750045386,65.1126321438784,-2.18
19.199999999999996,0.011496696200885715,65.10997362899356,-2.18
19.209999999999994,0.011497161887601762,65.1055349260414,-2.18
19.21999999999999,0.011497786642452684,65.09929131954175,-2.18
19.229999999999997,0.01149853825339976,65.09136453832993,-2.18
19.239999999999995,0.011499362021038989,65.08201606639709,-2.18
19.249999999999993,0.011500186986137393,65.07162816887136,-2.18
19.259999999999998,0.0115009346204235,65.06067461283658,-2.18
19.269999999999996,0.01150152839910052,65.04968403812357,-2.18
19.279999999999994,0.011501902671716698,65.03919887828842,-2.18
19.289999999999992,0.01150200957319637,65.02973261430003,-2.18
19.299999999999997,0.011501823235280805,65.02172849015261,-2.18
19.309999999999995,0.011501341104058498,65.01552331630921,-2.18
19.319999999999993,0.011500582617451877,65.011320110005,-2.18
19.33,0.011499585799378684,65.0091727370231,-2.18
19.339999999999996,0.011498402489052652,65.00898448783504,-2.18
19.349999999999994,0.011497092964656614,65.01052102711971,-2.18
19.359999999999992,0.011495720660189893,65.01343656769149,-2.18
19.369999999999997,0.011494347531034715,65.01731020449138,-2.18
19.379999999999995,0.011493030418905757,65.0216871935808,-2.18
19.389999999999993,0.011491818532069977,65.02611855950916,-2.18
19.4,0.011490751938451777,65.03019293645568,-2.18
19.409999999999997,0.011489860818051041,65.03355717773759,-2.18
19.419999999999995,0.011489165171447943,65.03592588408428,-2.18
19.429999999999993,0.01148867473830235,65.03708293136107,-2.18
19.439999999999998,0.011488389018203747,65.03687924506596,-2.18
19.449999999999996,0.01148829745504814,65.03523033933558,-2.18
19.459999999999994,0.011488379982917081,65.03211488363539,-2.18
19.46999999999999,0.011488608182793646,65.0275728868443,-2.18
19.479999999999997,0.011488947238146368,65.02170098867376,-2.18
19.489999999999995,0.011489358714609228,65.01464391282673,-2.18
19.499999999999993,0.011489803977009844,65.00658384434188,-2.18
19.509999999999998,0.01149024786892609,64.99773067255761,-2.18
19.519999999999996,0.011490662174046325,64.98831483107642,-2.18
19.529999999999994,0.011491028377445844,64.97858232975558,-2.18
19.539999999999992,0.011491339337225763,64.96879023349805,-2.18
19.549999999999997,0.011491599628607655,64.95920081231904,-2.18
19.559999999999995,0.011491824491981203,64.95007344705824,-2.18
19.569999999999993,0.011492037472445286,64.94165440381495,-2.18
19.58,0.011492266968085037,64.93416515968752,-2.18
19.589999999999996,0.011492542006708123,64.92778985452252,-2.18
19.599999999999994,0.01149288764819062,64.92266188986774,-2.18
19.609999999999992,0.01149332046269765,64.918849380329,-2.18
19.619999999999997,0.011493844562122447,64.91634002322164,-2.18
19.629999999999995,0.011494448658911603,64.91502804044208,-2.18
19.639999999999993,0.011495104586696399,64.9147076164205,-2.18
19.65,0.011495767633216865,64.91507711734357,-2.18
19.659999999999997,0.011496378900158677,64.91575636507761,-2.18
19.669999999999995,0.011496869710970794,64.9163163515479,-2.18
19.679999999999993,0.011497167838557408,64.91631791446447,-2.18
19.689999999999998,0.011497205040588904,64.91535402040495,-2.18
19.699999999999996,0.011496925117241293,64.91309010239915,-2.18
19.709999999999994,0.011496291506993907,64.90929783488527,-2.18
19.71999999999999,0.011495293368388044,64.90387866463401,-2.18
19.729999999999997,0.011493949193198374,64.89687420513367,-2.18
19.739999999999995,0.011492307255211068,64.88846195940941,-2.18
19.749999999999993,0.011490442572763068,64.8789368649883,-2.18
19.759999999999998,0.011488450486437481,64.86868113477414,-2.18
19.769999999999996,0.011486437376745769,64.85812639201846,-2.18
19.779999999999994,0.01148450944787556,64.84771333721578,-2.18
19.789999999999992,0.011482760856947539,64.83785496666161,-2.18
19.799999999999997,0.011481262714364126,64.82890888453362,-2.18
19.809999999999995,0.01148005453469293,64.82116202714208,-2.18
19.819999999999993,0.011479139505179281,64.81482773156716,-2.18
19.83,0.011478484435983859,64.81005182660404,-2.18
19.839999999999996,0.011478024522646594,64.80692252281692,-2.18
19.849999999999994,0.011477672244655441,64.8054788497238,-2.18
19.859999999999992,0.011477329049015644,64.80571381798917,-2.18
19.869999999999997,0.011476898083720514,64.80757062688899,-2.18
19.879999999999995,0.011476296211382445,64.81093269287217,-2.18
19.889999999999993,0.011475463807140224,64.81561064020401,-2.18
19.9,0.011474371314735157,64.82133091052552,-2.18
19.909999999999997,0.011473022064418914,64.82773083964511,-2.18
19.919999999999995,0.011471451345836142,64.83436412811686,-2.18
19.929999999999993,0.011469722136987057,64.84071898685198,-2.18
19.939999999999998,0.011467918208598845,64.84624905034248,-2.18
19.949999999999996,0.011466135542600087,64.85041463435797,-2.18
19.959999999999994,0.011464473106162958,64.85272960912891,-2.18
19.96999999999999,0.011463023994240604,64.8528076884099,-2.18
19.979999999999997,0.011461867795035656,64.8504016197632,-2.18
19.989999999999995,0.011461064772580723,64.84542969523523,-2.18
19.999999999999993,0.011460652156309174,64.83798612446756,-2.18
20.009999999999998,0.011460642546182656,64.82833454532394,-2.18
20.019999999999996,0.011461024226319626,64.81688633796105,-2.18
20.029999999999994,0.011461763036517811,64.80416690782803,-2.18
20.039999999999992,0.011462805369859597,64.79077370770342,-2.18
20.049999999999997,0.011464081843421858,64.77732964828637,-2.18
20.059999999999995,0.011465511234158534,64.76443510954692,-2.18
20.069999999999993,0.011467004383293435,64.75262168715979,-2.18
20.08,0.01146846793333132,64.74231143287884,-2.18
20.089999999999996,0.011469807937070597,64.73378612761982,-2.18
20.099999999999994,0.011470933518820912,64.72717094314447,-2.18
20.109999999999992,0.011471760824746742,64.7224350492997,-2.18
20.119999999999997,0.011472217440666297,64.7194087640646,-2.18
20.129999999999995,0.011472247281491354,64.71781390390849,-2.18
20.139999999999993,0.011471815700322142,64.71730220054253,-2.18
20.15,0.011470914290450954,64.71749642412908,-2.18
20.159999999999997,0.011469564639845496,64.71802955457348,-2.18
20.169999999999995,0.011467820219309244,64.71857796233432,-2.18
20.179999999999993,0.01146576568912474,64.71888499145116,-2.18
20.189999999999998,0.0114635131917915,64.7187723790364,-2.18
20.199999999999996,0.011461195598514348,64.71813903411946,-2.18
20.209999999999994,0.011458957100239702,64.71694927216978,-2.18
20.21999999999999,0.011456941904063128,64.7152146076366,-2.18
20.229999999999997,0.011455282077646666,64.7129738885269,-2.18
20.239999999999995,0.011454085765919013,64.7102759211965,-2.18
20.249999999999993,0.011453427070908323,64.70716734664944,-2.18
20.259999999999998,0.011453338809385169,64.70368680051638,-2.18
20.269999999999996,0.0114538091086909,64.69986436761567,-2.18
20.279999999999994,0.011454782348926005,64.69572355014625,-2.18
20.289999999999992,0.011456164350748293,64.69128279478038,-2.18
20.299999999999997,0.011457831073533504,64.68655574030684,-2.18
20.309999999999995,0.011459639607109584,64.68155212613226,-2.18
20.319999999999993,0.011461440046599734,64.67628224127282,-2.18
20.33,0.011463086967281549,64.67076621151662,-2.18
20.339999999999996,0.011464449591847382,64.66504673451766,-2.18
20.349999999999994,0.011465420210992248,64.65920188852975,-2.18
20.359999999999992,0.0114659207994157,64.65335421779062,-2.18
20.369999999999997,0.01146590793443056,64.64767302328181,-2.18
20.379999999999995,0.01146537604259995,64.64236780768559,-2.18
20.389999999999993,0.01146435873969132,64.63767210668844,-2.18
20.4,0.011462927737146548,64.63381907522277,-2.18
20.409999999999997,0.011461188643485365,64.63101288899074,-2.18
20.419999999999995,0.011459273140557238,64.62940180280592,-2.18
20.429999999999993,0.011457327523819276,64.62905844710274,-2.18
20.439999999999998,0.011455498389155381,64.6299708766533,-2.18
20.449999999999996,0.011453917102168988,64.63204501918975,-2.18
20.459999999999994,0.011452685297644843,64.6351164219885,-2.18
20.46999999999999,0.011451863780807339,64.6389672727793,-2.18
20.479999999999997,0.011451466743291129,64.64334409188022,-2.18
20.489999999999995,0.011451462256531849,64.64797234239975,-2.18
20.499999999999993,0.0114517788270599,64.65256615136343,-2.18
20.509999999999998,0.011452316729229372,64.65683374701422,-2.18
20.519999999999996,0.011452962130118354,64.66048121367562,-2.18
20.529999999999994,0.011453601786088787,64.66321792925723,-2.18
20.539999999999992,0.011454136276384974,64.66476630866931,-2.18
20.549999999999997,0.011454490215686633,64.66487677713019,-2.18
20.559999999999995,0.011454618500295772,64.66334733258869,-2.18
20.569999999999993,0.011454508274770165,64.66004611306825,-2.18
20.58,0.01145417689758487,64.65493434852026,-2.18
20.589999999999996,0.011453666697345771,64.64808545498738,-2.18
20.599999999999994,0.011453037687995857,64.63969489146692,-2.18
20.609999999999992,0.01145235957995026,64.63007626357837,-2.18
20.619999999999997,0.011451704331905002,64.61964211629807,-2.18
20.629999999999995,0.01145114013549849,64.6088714512457,-2.18
20.639999999999993,0.011450727187312014,64.59826851594521,-2.18
20.65,0.011450515033047252,64.5883181264816,-2.18
20.659999999999997,0.011450540852378238,64.57944229210808,-2.18
20.669999999999995,0.011450827928600778,64.57196231152557,-2.18
20.679999999999993,0.011451383754009116,64.56607030548567,-2.18
20.689999999999998,0.011452197687303607,64.56181380386118,-2.18
20.699999999999996,0.01145323863343334,64.55909562629306,-2.18
20.709999999999994,0.011454453646969797,64.5576889530631,-2.18
20.71999999999999,0.011455768495469214,64.5572654160802,-2.18
20.729999999999997,0.01145709098666412,64.55743300791673,-2.18
20.739999999999995,0.011458317312805872,64.55777987238915,-2.18
20.749999999999993,0.011459340963495462,64.55791888620413,-2.18
20.759999999999998,0.0114600631273551,64.55752718506804,-2.18
20.769999999999996,0.011460403125334586,64.55637571785667,-2.18
20.779999999999994,0.01146030737596378,64.55434642926912,-2.18
20.789999999999992,0.011459755659263788,64.55143720574588,-2.18
20.799999999999997,0.011458763908706707,64.54775573204644,-2.18
20.809999999999995,0.01145738327480501,64.5435029233844,-2.18
20.819999999999993,0.01145569566513761,64.53894628208712,-2.18
20.83,0.011453806338519529,64.53438484287052,-2.18
20.839999999999996,0.011451834416089386,64.53010983180276,-2.18
20.849999999999994,0.011449902363141352,64.52636688192727,-2.18
20.859999999999992,0.011448125571378046,64.52332538386736,-2.18
20.869999999999997,0.01144660311231355,64.5210587789685,-2.18
20.879999999999995,0.011445410537535533,64.51953768699043,-2.18
20.889999999999993,0.011444595298810515,64.51863644543329,-2.18
20.9,0.011444175010616061,64.51815254460412,-2.18
20.909999999999997,0.011444138449743074,64.51783682965971,-2.18
20.919999999999995,0.01144444892595888,64.51743006259866,-2.18
20.929999999999993,0.011445049471463496,64.51669930928928,-2.18
20.939999999999998,0.011445869175948814,64.5154669477143,-2.18
20.949999999999996,0.01144682993832378,64.51362665968145,-2.18
20.959999999999994,0.01144785292604167,64.51114429892172,-2.18
20.96999999999999,0.01144886413471683,64.50804590307209,-2.18
20.979999999999997,0.011449798615330223,64.50439859766725,-2.18
20.989999999999995,0.011450603157142308,64.50029107890664,-2.18
20.999999999999993,0.01145123744044224,64.49581850107027,-2.18
21.009999999999998,0.011451673861184751,64.49107341795882,-2.18
21.019999999999996,0.011451896351155203,64.4861418501636,-2.18
21.029999999999994,0.011451898567029871,64.48110244872645,-2.18
21.039999999999992,0.011451681810587195,64.47602686070836,-2.18
21.049999999999997,0.01145125298866688,64.47098024711464,-2.18
21.059999999999995,0.011450622845979596,64.46602200291629,-2.18
21.069999999999993,0.011449804627472379,64.46120750018827,-2.18
21.08,0.01144881326628991,64.45659156856038,-2.18
21.089999999999996,0.011447665152088077,64.45223347945591,-2.18
21.099999999999994,0.011446378497799293,64.44820215577421,-2.18
21.109999999999992,0.01144497426617974,64.444580003798,-2.18
21.119999999999997,0.01144347752370213,64.44146417818628,-2.18
21.129999999999995,0.011441918961818707,64.43896442487409,-2.18
21.139999999999993,0.011440336190519408,64.43719650973733,-2.18
21.14999999999999,0.011438774312214892,64.436270421761,-2.18
21.159999999999997,0.011437285277713783,64.43627365893771,-2.18
21.169999999999995,0.01143592564958418,64.4372512667411,-2.18
21.179999999999993,0.011434752659975629,64.43918515612889,-2.18
21.189999999999998,0.011433818814807742,64.44197593329518,-2.18
21.199999999999996,0.011433165682033498,64.44543125372822,-2.18
21.209999999999994,0.011432817801693515,64.44926476325115,-2.18
21.21999999999999,0.011432777778336846,64.45310840487399,-2.18
21.229999999999997,0.01143302351720189,64.45653857062756,-2.18
21.239999999999995,0.011433508261803537,64.45911375815996,-2.18
21.249999999999993,0.01143416366202532,64.4604186953935,-2.18
21.259999999999998,0.011434905657039423,64.46010847556262,-2.18
21.269999999999996,0.011435642579783353,64.45794677658205,-2.18
21.279999999999994,0.011436284612817796,64.45383393573223,-2.18
21.289999999999992,0.011436753551539088,64.44782220933477,-2.18
21.299999999999997,0.011436991758732876,64.44011664532732,-2.18
21.309999999999995,0.011436969230781607,64.43106108596179,-2.18
21.319999999999993,0.01143668785243146,64.42111004158107,-2.18
21.33,0.011436182200469365,64.41078839534622,-2.18
21.339999999999996,0.01143551664844754,64.40064227106278,-2.18
21.349999999999994,0.011434778968325727,64.39118608758682,-2.18
21.359999999999992,0.011434071043880719,64.38285232364217,-2.18
21.369999999999997,0.011433497645080554,64.37595079259408,-2.18
21.379999999999995,0.011433154437077755,64.37064270870793,-2.18
21.389999999999993,0.011433116509047823,64.36693204669368,-2.18
21.39999999999999,0.011433428706986073,64.3646738598139,-2.18
21.409999999999997,0.011434098934176514,64.36359730655788,-2.18
21.419999999999995,0.01143509532891187,64.3633402728271,-2.18
21.429999999999993,0.011436347831334214,64.36349200353601,-2.18
21.439999999999998,0.011437754133739948,64.36363942477595,-2.18
21.449999999999996,0.01143918944891479,64.36341197198689,-2.18
21.459999999999994,0.011440519037058592,64.36251953385391,-2.18
21.46999999999999,0.0114416120899797,64.3607792475573,-2.18
21.479999999999997,0.01144235541730485,64.35812913693464,-2.18
21.489999999999995,0.011442665407173395,64.35462889250626,-2.18
21.499999999999993,0.011442496915538742,64.35044939938689,-2.18
21.509999999999998,0.011441848046024434,64.34585280203156,-2.18
21.519999999999996,0.011440760206248948,64.34116474667861,-2.18
21.529999999999994,0.01143931336614964,64.33674087013907,-2.18
21.539999999999992,0.011437617065341526,64.33293066714104,-2.18
21.549999999999997,0.011435798319028231,64.33004257422046,-2.18
21.559999999999995,0.011433988015332668,64.32831359127057,-2.18
21.569999999999993,0.011432307571920434,64.32788551092708,-2.18
21.58,0.011430857493365676,64.3287889707708,-2.18
21.589999999999996,0.01142970908909734,64.33093623499475,-2.18
21.599999999999994,0.011428900082209452,64.33412314854833,-2.18
21.609999999999992,0.01142843428800548,64.33803996689781,-2.18
21.619999999999997,0.011428285057756123,64.34229029830401,-2.18
21.629999999999995,0.011428401800350079,64.34641728629228,-2.18
21.639999999999993,0.011428718614383045,64.34993599597308,-2.18
21.64999999999999,0.011429163890900493,64.35237068357777,-2.18
21.659999999999997,0.011429669696489706,64.35329527528967,-2.18
21.669999999999995,0.011430179826632596,64.35237445953648,-2.18
21.679999999999993,0.011430655622986428,64.3494009709805,-2.18
21.689999999999998,0.011431078949708571,64.34432293015489,-2.18
21.699999999999996,0.011431452081467043,64.33725526770957,-2.18
21.709999999999994,0.011431794623520225,64.3284719958324,-2.18
21.71999999999999,0.011432137928097646,64.31838039651683,-2.18
21.729999999999997,0.011432517772130075,64.3074821752759,-2.18
21.739999999999995,0.011432966300086798,64.29632840667003,-2.18
21.749999999999993,0.011433504378631224,64.2854740831106,-2.18
21.759999999999998,0.011434135512754877,64.27543578014263,-2.18
21.769999999999996,0.011434842299605716,64.26665446621851,-2.18
21.779999999999994,0.011435586038712761,64.25946527385507,-2.18
21.789999999999992,0.011436309618265009,64.25407621415285,-2.18
21.799999999999997,0.011436943258377423,64.25055760941451,-2.18
21.809999999999995,0.011437412245619626,64.24884312398859,-2.18
21.819999999999993,0.011437645544362966,64.2487418989683,-2.18
21.83,0.011437584161523462,64.24996038184082,-2.18
21.839999999999996,0.01143718833992152,64.25213248463244,-2.18
21.849999999999994,0.01143644296522295,64.25485666167971,-2.18
21.859999999999992,0.011435360871471007,64.25773710860926,-2.18
21.869999999999997,0.011433983934457227,64.26042401474837,-2.18
21.879999999999995,0.011432381930389797,64.26264649921195,-2.18
21.889999999999993,0.011430649145740384,64.26423277662866,-2.18
21.89999999999999,0.011428898721915716,64.2651148948427,-2.18
21.909999999999997,0.011427254782538483,64.26531876923234,-2.18
21.919999999999995,0.011425842579996171,64.26494293730559,-2.18
21.929999999999993,0.011424777227223792,64.2641308938755,-2.18
21.939999999999998,0.011424152001978397,64.26304234127242,-2.18
21.949999999999996,0.011424027604198033,64.26182857916012,-2.18
21.959999999999994,0.01142442395272007,64.26061610403366,-2.18
21.96999999999999,0.01142531598751488,64.25949973781209,-2.18
21.979999999999997,0.01142663443843217,64.2585431182964,-2.18
21.989999999999995,0.01142827169853496,64.25778215653142,-2.18
21.999999999999993,0.011430092008531335,64.25722736731956,-2.18
22.009999999999998,0.011431944397020619,64.25686328778048,-2.18
22.019999999999996,0.011433676445858371,64.25664587796192,-2.18
22.029999999999994,0.01143514703400723,64.2565004439005,-2.18
22.039999999999992,0.011436236681998453,64.25632274380084,-2.18
22.049999999999997,0.011436854784539107,64.25598475329181,-2.18
22.059999999999995,0.011436943654994508,64.25534481656462,-2.18
22.069999999999993,0.011436479747986181,64.25426070094203,-2.18
22.08,0.011435472621879468,64.25260400260267,-2.18
22.089999999999996,0.01143396218893073,64.2502748443025,-2.18
22.099999999999994,0.011432014664118816,64.24721582340133,-2.18
22.109999999999992,0.011429717466830528,64.24342327872615,-2.18
22.119999999999997,0.01142717324259348,64.23895271777954,-2.18
22.129999999999995,0.011424493207617771,64.23391505232163,-2.18
22.139999999999993,0.011421790170017761,64.22846226839465,-2.18
22.14999999999999,0.011419171773084037,64.2227648603168,-2.18
22.159999999999997,0.011416734624803828,64.21698667251927,-2.18
22.169999999999995,0.011414559930371304,64.21126359393236,-2.18
22.179999999999993,0.011412710999280973,64.20569060004199,-2.18
22.189999999999998,0.011411232604898448,64.20031858669296,-2.18
22.199999999999996,0.011410151757996546,64.19515996115364,-2.18
22.209999999999994,0.01140947917262845,64.19020052328837,-2.18
22.21999999999999,0.011409210664500416,64.1854145342355,-2.18
22.229999999999997,0.01140932795028966,64.18077981704995,-2.18
22.239999999999995,0.011409798740758675,64.17629020468401,-2.18
22.249999999999993,0.011410576498991172,64.17196358681983,-2.18
22.259999999999998,0.011411600597130618,64.16784495297969,-2.18
22.269999999999996,0.011412797711388327,64.16400465342134,-2.18
22.279999999999994,0.011414085084674576,64.16053226780836,-2.18
22.289999999999992,0.011415375804130897,64.15752648024399,-2.18
22.299999999999997,0.011416585641164535,64.15508201609185,-2.18
22.309999999999995,0.011417640492257687,64.15327577305816,-2.18
22.319999999999993,0.011418483208071687,64.15215458974762,-2.18
22.33,0.01141907867401373,64.15172627565505,-2.18
22.339999999999996,0.011419416365495953,64.1519546705718,-2.18
22.349999999999994,0.011419510113157895,64.15275941811092,-2.18
22.359999999999992,0.011419395309581595,64.15402112823182,-2.18
22.369999999999997,0.011419124143190273,64.15559176970487,-2.18
22.379999999999995,0.011418759611695195,64.15730880910789,-2.18
22.389999999999993,0.011418369067826355,64.15901077313805,-2.18
22.39999999999999,0.011418017940869616,64.16055202700268,-2.18
22.409999999999997,0.0114177641233925,64.1618153263126,-2.18
22.419999999999995,0.011417653362396812,64.1627213459114,-2.18
22.429999999999993,0.011417715870749119,64.16323436202941,-2.18
22.439999999999998,0.01141796428054151,64.16336281518528,-2.18
22.449999999999996,0.011418392987058133,64.16315350606119,-2.18
22.459999999999994,0.011418978867289228,64.16267941995586,-2.18
22.46999999999999,0.011419683285320779,64.16202343536429,-2.18
22.479999999999997,0.011420455207086096,64.16126213765804,-2.18
22.489999999999995,0.011421235142298237,64.16045403785587,-2.18
22.499999999999993,0.011421959537392293,64.15963420011211,-2.18
22.509999999999998,0.01142256519908566,64.15881393554866,-2.18
22.519999999999996,0.011422993366190154,64.15798205432573,-2.18
22.529999999999994,0.011423193175731558,64.15710449614484,-2.18
22.539999999999992,0.01142312445965158,64.15612147043531,-2.18
22.549999999999997,0.011422759992894244,64.15494391004569,-2.18
22.559999999999995,0.011422087409966438,64.15345269390438,-2.18
22.569999999999993,0.011421110958810354,64.15150421727677,-2.18
22.58,0.011419853065452724,64.14894449648408,-2.18
22.589999999999996,0.011418355397389886,64.14563134840061,-2.18
22.599999999999994,0.01141667884597569,64.1414611096903,-2.18
22.609999999999992,0.011414901726949249,64.13639409171539,-2.18
22.619999999999997,0.011413115626720333,64.13047235696935,-2.18
22.629999999999995,0.011411418735366507,64.12382472228158,-2.18
22.639999999999993,0.011409907138541297,64.11665698599934,-2.18
22.64999999999999,0.011408665210405785,64.10922929435087,-2.18
22.659999999999997,0.0114077567215823,64.10182568180603,-2.18
22.669999999999995,0.011407218356215661,64.09472205931856,-2.18
22.679999999999993,0.011407056945156832,64.08815840956476,-2.18
22.689999999999998,0.01140725094537928,64.08231925808731,-2.18
22.699999999999996,0.011407755753917375,64.07732409704754,-2.18
22.709999999999994,0.01140851162759939,64.0732271090258,-2.18
22.71999999999999,0.01140945250969291,64.0700241333139,-2.18
22.729999999999997,0.011410514021562146,64.06766430881723,-2.18
22.739999999999995,0.011411639213720084,64.06606350320828,-2.18
22.749999999999993,0.011412781256298899,64.06511645163243,-2.18
22.759999999999998,0.011413902927871077,64.06470522570577,-2.18
22.769999999999996,0.011414973409817107,64.06470342990728,-2.18
22.779999999999994,0.011415963438807493,64.06497743186893,-2.18
22.789999999999992,0.01141684025923377,64.06538684145194,-2.18
22.799999999999997,0.011417563980210833,64.06578610951092,-2.18
22.809999999999995,0.011418086795757289,64.06602819295243,-2.18
22.819999999999993,0.011418356015055866,64.06597057199164,-2.18
22.82999999999999,0.011418320985821916,64.06548373272211,-2.18
22.839999999999996,0.011417942911259553,64.06446202952611,-2.18
22.849999999999994,0.011417205533926026,64.0628361180444,-2.18
22.859999999999992,0.01141612403169262,64.0605851273753,-2.18
22.869999999999997,0.011414749518156193,64.05774609453118,-2.18
22.879999999999995,0.011413167358717714,64.05441820310466,-2.18
22.889999999999993,0.011411488951773848,64.05075983082705,-2.18
22.89999999999999,0.011409838273882452,64.04697733533033,-2.18
22.909999999999997,0.011408335819585239,64.04330622473506,-2.18
22.919999999999995,0.011407083162422506,64.03998743833692,-2.18
22.929999999999993,0.011406151067774347,64.03724250595306,-2.18
22.939999999999998,0.01140557303666522,64.03525058021576,-2.18
22.949999999999996,0.011405344735588433,64.03412880168071,-2.18
22.959999999999994,0.011405428453575173,64.03391698946076,-2.18
22.96999999999999,0.01140576089556522,64.03456855260261,-2.18
22.979999999999997,0.011406262409827197,64.03595005615502,-2.18
22.989999999999995,0.011406846074981086,64.03785058420323,-2.18
22.999999999999993,0.011407425702642273,64.03999970746321,-2.18
23.009999999999998,0.01140792245305912,64.04209134668442,-2.18
23.019999999999996,0.01140827018490955,64.04381081104479,-2.18
23.029999999999994,0.011408419770984347,64.04486310252342,-2.18
23.039999999999992,0.011408342447763793,64.04500124078017,-2.18
23.049999999999997,0.011408031971992433,64.04405309299692,-2.18
23.059999999999995,0.011407505119419722,64.04194370837365,-2.18
23.069999999999993,0.01140680003454262,64.0387083123664,-2.18
23.07999999999999,0.011405972190463994,64.03449065979171,-2.18
23.089999999999996,0.011405088196376556,64.0295235880451,-2.18
23.099999999999994,0.011404218239363852,64.0240930629816,-2.18
23.109999999999992,0.011403428358960925,64.01849225066584,-2.18
23.119999999999997,0.011402773862215972,64.01297593293124,-2.18
23.129999999999995,0.011402294935718888,64.0077257668145,-2.18
23.139999999999993,0.01140201496484989,64.00283315728538,-2.18
23.14999999999999,0.011401941403733677,63.99830110766507,-2.18
23.159999999999997,0.011402068470647436,63.99406210296037,-2.18
23.169999999999995,0.0114023806394737,63.99000687912075,-2.18
23.179999999999993,0.011402855916239726,63.98601825366381,-2.18
23.189999999999998,0.011403468182663056,63.9820042975898,-2.18
23.199999999999996,0.011404188329977206,63.97792571214689,-2.18
23.209999999999994,0.01140498434068422,63.97381327940745,-2.18
23.21999999999999,0.011405820778543347,63.96977267367518,-2.18
23.229999999999997,0.011406658259558604,63.96597574906241,-2.18
23.239999999999995,0.011407453407651145,63.96263961747433,-2.18
23.249999999999993,0.011408159608788226,63.95999711984675,-2.18
23.259999999999998,0.011408728650372511,63.95826390585765,-2.18
23.269999999999996,0.01140911313831714,63.95760741288636,-2.18
23.279999999999994,0.011409269457030339,63.95812172354932,-2.18
23.289999999999992,0.011409160979159184,63.959810900074714,-2.18
23.299999999999997,0.011408761222447265,63.96258276639079,-2.18
23.309999999999995,0.011408056665013575,63.966254499451395,-2.18
23.319999999999993,0.011407048954559844,63.970569858438495,-2.18
23.32999999999999,0.01140575628479005,63.975225710281094,-2.18
23.339999999999996,0.01140421376941715,63.97990367062668,-2.18
23.349999999999994,0.011402472714307015,63.98430183927817,-2.18
23.359999999999992,0.0114005987569121,63.98816198468456,-2.18
23.369999999999997,0.011398668901304717,63.991288892368026,-2.18
23.379999999999995,0.011396767532361431,63.99356033942816,-2.18
23.389999999999993,0.011394981555238734,63.994927761305036,-2.18
23.39999999999999,0.011393394883043851,63.99540894870407,-2.18
23.409999999999997,0.011392082585361497,63.995075079666876,-2.18
23.419999999999995,0.011391105105111508,63.994035094167096,-2.18
23.429999999999993,0.011390503037964433,63.9924207038464,-2.18
23.439999999999998,0.01139029302972747,63.99037476731,-2.18
23.449999999999996,0.0113904653613053,63.98804411374778,-2.18
23.459999999999994,0.011390983732335451,63.98557578810126,-2.18
23.46999999999999,0.011391787594675701,63.98311428531575,-2.18
23.479999999999997,0.011392797106603627,63.980797237032604,-2.18
23.489999999999995,0.011393920397274422,63.978747923389584,-2.18
23.499999999999993,0.011395062425729276,63.977064404871335,-2.18
23.509999999999998,0.011396134399589556,63.97580672729909,-2.18
23.519999999999996,0.01139706257417554,63.97498521719422,-2.18
23.529999999999994,0.011397795316076906,63.97455357796376,-2.18
23.539999999999992,0.011398307561937375,63.97440945475321,-2.18
23.549999999999997,0.011398602166200842,63.97440255668917,-2.18
23.559999999999995,0.011398708029739043,63.974347934065506,-2.18
23.569999999999993,0.01139867527636683,63.974041233916935,-2.18
23.57999999999999,0.011398568072794654,63.973273873897355,-2.18
23.589999999999996,0.011398455958464247,63.971847962143286,-2.18
23.599999999999994,0.011398404740791469,63.969591951836556,-2.18
23.609999999999992,0.011398468081402142,63.96637737065768,-2.18
23.619999999999997,0.011398680818530517,63.96213475083823,-2.18
23.629999999999995,0.011399054832154998,63.95686483235831,-2.18
23.639999999999993,0.011399577890870382,63.950640963043,-2.18
23.64999999999999,0.01140021549223938,63.943600664266775,-2.18
23.659999999999997,0.011400915308264814,63.935927558289706,-2.18
23.669999999999995,0.011401613540384993,63.92782781568147,-2.18
23.679999999999993,0.011402242300274314,63.919506683374955,-2.18
23.689999999999998,0.011402737062801144,63.911149979916566,-2.18
23.699999999999996,0.011403043277091544,63.902913310719036,-2.18
23.709999999999994,0.011403121365209382,63.89491931455684,-2.18
23.71999999999999,0.01140294958535498,63.88726131931697,-2.18
23.729999999999997,0.011402524582184465,63.880010643709205,-2.18
23.739999999999995,0.01140185985288282,63.87322446278662,-2.18
23.749999999999993,0.01140098273539688,63.86695163696271,-2.18
23.759999999999998,0.011399930760913005,63.86123511527944,-2.18
23.769999999999996,0.011398748222410975,63.85611118658862,-2.18
23.779999999999994,0.011397483579313307,63.85160736652572,-2.18
23.789999999999992,0.011396187907074235,63.847741428339496,-2.18
23.799999999999997,0.011394914139875085,63.844523718517564,-2.18
23.809999999999995,0.011393716500703806,63.841963424089606,-2.18
23.819999999999993,0.011392649386789317,63.84007709270696,-2.18
23.82999999999999,0.011391765123606368,63.838895414652285,-2.18
23.839999999999996,0.011391110374183097,63.83846365537461,-2.18
23.849999999999994,0.011390721471884462,63.838832981860335,-2.18
23.859999999999992,0.011390619377858666,63.8400433154012,-2.18
23.869999999999997,0.011390805218252496,63.842101531299086,-2.18
23.879999999999995,0.011391257367235827,63.84496070682276,-2.18
23.889999999999993,0.011391930822868424,63.84850633519343,-2.18
23.89999999999999,0.011392759254409478,63.852553893574,-2.18
23.909999999999997,0.011393659691952005,63.856859271420085,-2.18
23.919999999999995,0.011394539467309896,63.86114040576973,-2.18
23.929999999999993,0.011395304734083343,63.865106117555655,-2.18
23.939999999999998,0.011395869698847918,63.868487027768374,-2.18
23.949999999999996,0.01139616558505263,63.87106353172537,-2.18
23.959999999999994,0.01139614833492986,63.87268692911,-2.18
23.96999999999999,0.011395804146907999,63.87329142229989,-2.18
23.979999999999997,0.011395152156410094,63.87289622669012,-2.18
23.989999999999995,0.011394243882183172,63.87159836092771,-2.18
23.999999999999993,0.011393159427494911,63.86955789079639,-2.18
24.009999999999998,0.011392000775818055,63.86697846414586,-2.18
24.019999999999996,0.011390882802318565,63.86408675188224,-2.18
24.029999999999994,0.011389922819573618,63.86111431371252,-2.18
24.039999999999992,0.011389229595304648,63.85828383476421,-2.18
24.049999999999997,0.011388892831378663,63.855799435013175,-2.18
24.059999999999995,0.011388974078826214,63.85383961107638,-2.18
24.069999999999993,0.011389499974240614,63.85255165510282,-2.18
24.07999999999999,0.011390458505972083,63.85204663039704,-2.18
24.089999999999996,0.01139179875624924,63.852393343482326,-2.18
24.099999999999994,0.011393434248668344,63.85360937553465,-2.18
24.109999999999992,0.011395249705324455,63.85564860251133,-2.18
24.119999999999997,0.011397110714663572,63.858387628275764,-2.18
24.129999999999995,0.01139887553529691,63.86161647392485,-2.18
24.139999999999993,0.011400408015394329,63.86503976648956,-2.18
24.14999999999999,0.011401590416740088,63.86829268340719,-2.18
24.159999999999997,0.011402334843193248,63.870971765110816,-2.18
24.169999999999995,0.011402592032388215,63.87267626603511,-2.18
24.179999999999993,0.011402356503085034,63.87305286190897,-2.18
24.189999999999998,0.011401667441961392,63.8718361208107,-2.18
24.199999999999996,0.011400605194259082,63.86887872006808,-2.18
24.209999999999994,0.011399283700291146,63.86416789642526,-2.18
24.21999999999999,0.01139783962935284,63.85782714944273,-2.18
24.229999999999997,0.011396419285379312,63.85010413589818,-2.18
24.239999999999995,0.01139516459370635,63.84134676338073,-2.18
24.249999999999993,0.011394199607819313,63.831970195584304,-2.18
24.259999999999998,0.011393618960756972,63.82241848790663,-2.18
24.269999999999996,0.011393479488764985,63.81312573295277,-2.18
24.279999999999994,0.011393795861285552,63.804481940452625,-2.18
24.289999999999992,0.011394540504031651,63.79680763318146,-2.18
24.299999999999997,0.011395647514327463,63.79033864511744,-2.18
24.309999999999995,0.011397019786482025,63.785220144996835,-2.18
24.319999999999993,0.011398538295879414,63.78150756693017,-2.18
24.32999999999999,0.011400072458175228,63.779172057383555,-2.18
24.339999999999996,0.011401490634803745,63.7781088145431,-2.18
24.349999999999994,0.011402670101086776,63.7781477382737,-2.18
24.359999999999992,0.011403506021438069,63.779066438049746,-2.18
24.369999999999997,0.011403919111844123,63.780605413576836,-2.18
24.379999999999995,0.011403861691466602,63.782484560297824,-2.18
24.389999999999993,0.011403321762103746,63.78442002228404,-2.18
24.39999999999999,0.011402324672331062,63.786141049480555,-2.18
24.409999999999997,0.011400931905901319,63.787407022482725,-2.18
24.419999999999995,0.01139923665800767,63.78802432025284,-2.18
24.429999999999993,0.011397356170354318,63.78786153420268,-2.18
24.439999999999998,0.011395421262041188,63.786860763779906,-2.18
24.449999999999996,0.0113935640109006,63.785042959944036,-2.18
24.459999999999994,0.011391904956461408,63.78250625650029,-2.18
24.46999999999999,0.011390541385795283,63.779417462620174,-2.18
24.479999999999997,0.011389538175814758,63.77599798502968,-2.18
24.489999999999995,0.01138892232761263,63.772505926139964,-2.18
24.499999999999993,0.011388681829536932,63.769215714154015,-2.18
24.509999999999998,0.01138876893632256,63.76639592829479,-2.18
24.519999999999996,0.011389107430027717,63.76428588787597,-2.18
24.529999999999994,0.01138960296485397,63.763072123349794,-2.18
24.539999999999992,0.01139015521066879,63.76286638728318,-2.18
24.549999999999997,0.011390670245515606,63.76368734871095,-2.18
24.559999999999995,0.011391071575370204,63.76544907283775,-2.18
24.569999999999993,0.011391308336686057,63.767960458978365,-2.18
24.57999999999999,0.011391359673544758,63.77093951390465,-2.18
24.589999999999996,0.011391234914490067,63.774043749903406,-2.18
24.599999999999994,0.011390969865188354,63.77691390279519,-2.18
24.609999999999992,0.011390620108730676,63.77922420036584,-2.18
24.619999999999997,0.011390252533920247,63.78072980157586,-2.18
24.629999999999995,0.011389936349426559,63.78130155232338,-2.18
24.639999999999993,0.011389734633991221,63.78094028089514,-2.18
24.64999999999999,0.011389697134418082,63.77976698016091,-2.18
24.659999999999997,0.011389854692532668,63.777990276639265,-2.18
24.669999999999995,0.011390215463460215,63.77585777995511,-2.18
24.679999999999993,0.011390763015008624,63.77360233314685,-2.18
24.689999999999998,0.011391456437632964,63.77139597836426,-2.18
24.699999999999996,0.011392232661033312,63.76932196831003,-2.18
24.709999999999994,0.011393011161486399,63.76736906221395,-2.18
24.71999999999999,0.011393701069799,63.76544563420306,-2.18
24.729999999999997,0.011394210326445279,63.763406804494814,-2.18
24.739999999999995,0.011394456033671776,63.76108690494308,-2.18
24.749999999999993,0.011394374668305913,63.758331075879425,-2.18
24.75999999999999,0.011393930533603495,63.75502184149269,-2.18
24.769999999999996,0.01139312090116045,63.75109795199205,-2.18
24.779999999999994,0.011391976784770351,63.7465636796832,-2.18
24.789999999999992,0.011390559118458087,63.741487707951606,-2.18
24.799999999999997,0.011388951057333726,63.735992005752465,-2.18
24.809999999999995,0.011387247891682755,63.73023265201138,-2.18
24.819999999999993,0.011385546436641096,63.72437632205987,-2.18
24.82999999999999,0.01138393565477795,63.71857732966628,-2.18
24.839999999999996,0.011382489762844701,63.712959861815825,-2.18
24.849999999999994,0.011381264361476592,63.70760841437834,-2.18
24.859999999999992,0.011380295445570295,63.702567317286025,-2.18
24.869999999999997,0.01137960068399326,63.69784837717635,-2.18
24.879999999999995,0.011379182168754285,63.693444326129665,-2.18
24.889999999999993,0.011379029892432068,63.6893449635487,-2.18
24.89999999999999,0.011379125417679301,63.685552586008946,-2.18
24.909999999999997,0.01137944542771404,63.68209348622761,-2.18
24.919999999999995,0.011379964987112853,63.67902293555546,-2.18
24.929999999999993,0.011380660348201612,63.676422112580454,-2.18
24.939999999999998,0.011381511031311131,63.67438687023184,-2.18
24.949999999999996,0.011382500778041751,63.67300996916037,-2.18
24.959999999999994,0.011383616948791956,63.672360166824795,-2.18
24.96999999999999,0.011384848103285505,63.67246273636107,-2.18
24.979999999999997,0.011386179885622107,63.67328598563045,-2.18
24.989999999999995,0.01138758986059211,63.674737090475375,-2.18
24.999999999999993,0.011389042455000652,63.67666853203935,-2.18
25.00999999999999,0.011390485447953612,63.67889415919733,-2.18
25.019999999999996,0.011391849372280518,63.681211791648366,-2.18
25.029999999999994,0.01139305068605196,63.68342787259263,-2.18
25.039999999999992,0.011393998736706934,63.685379481536344,-2.18
25.049999999999997,0.01139460559526332,63.68694999936657,-2.18
25.059999999999995,0.011394797074641558,63.68807631489903,-2.18
25.069999999999993,0.011394522901469098,63.68874712764088,-2.18
25.07999999999999,0.011393764185478788,63.688993420352524,-2.18
25.089999999999996,0.011392536960294306,63.68887350147526,-2.18
25.099999999999994,0.0113908914382009,63.68845595408141,-2.18
25.109999999999992,0.011388907449091197,63.687803901986136,-2.18
25.119999999999997,0.011386687107532371,63.68696293857753,-2.18
25.129999999999995,0.011384345996160507,63.68595345022079,-2.18
25.139999999999993,0.011382004105681643,63.6847670431817,-2.18
25.14999999999999,0.011379777528901772,63.683366891091104,-2.18
25.159999999999997,0.011377771578252205,63.68169252617827,-2.18
25.169999999999995,0.011376075665487321,63.679669892075616,-2.18
25.179999999999993,0.011374759989637745,63.67722678557987,-2.18
25.189999999999998,0.011373873844217059,63.6743124404187,-2.18
25.199999999999996,0.011373445197543573,63.670918570804176,-2.18
25.209999999999994,0.011373481141325522,63.66709796892752,-2.18
25.21999999999999,0.011373968845907134,63.66297601657199,-2.18
25.229999999999997,0.011374876784375933,63.658750864262,-2.18
25.239999999999995,0.011376156153521166,63.65467991131915,-2.18
25.249999999999993,0.011377742583033498,63.65105322717499,-2.18
25.25999999999999,0.01137955834143576,63.648157919962856,-2.18
25.269999999999996,0.011381515278508843,63.64624015809646,-2.18
25.279999999999994,0.011383518664031048,63.64547241721088,-2.18
25.289999999999992,0.01138547189913403,63.645931999032136,-2.18
25.299999999999997,0.011387281842173936,63.64759367227961,-2.18
25.309999999999995,0.011388864285676944,63.6503359897715,-2.18
25.319999999999993,0.011390149013670614,63.653958679458164,-2.18
25.32999999999999,0.011391083891036428,63.65820765282095,-2.18
25.339999999999996,0.011391637575299745,63.662804034213266,-2.18
25.349999999999994,0.011391800644623747,63.66747373103266,-2.18
25.359999999999992,0.011391585138462272,63.67197443235,-2.18
25.369999999999997,0.011391022667241941,63.676117481785056,-2.18
25.379999999999995,0.011390161358631277,63.67978246659169,-2.18
25.389999999999993,0.011389061979744907,63.68292258864029,-2.18
25.39999999999999,0.011387793607235195,63.685559500632834,-2.18
25.409999999999997,0.01138642920055966,63.6877676489478,-2.18
25.419999999999995,0.011385041362544323,63.689649947976726,-2.18
25.429999999999993,0.011383698456526275,63.691308351534694,-2.18
25.439999999999998,0.0113824611200463,63.69281435367923,-2.18
25.449999999999996,0.011381379115300785,63.69418536801945,-2.18
25.459999999999994,0.011380488432754915,63.69537258205847,-2.18
25.46999999999999,0.01137980864623481,63.69626345524335,-2.18
25.479999999999997,0.011379340702589114,63.696697823912,-2.18
25.489999999999995,0.011379065569810613,63.69649251391575,-2.18
25.499999999999993,0.011378944372304214,63.69546764498485,-2.18
25.50999999999999,0.0113789206976216,63.693469028856114,-2.18
25.519999999999996,0.011378925574340736,63.69038387832182,-2.18
25.529999999999994,0.01137888516716697,63.686149660111916,-2.18
25.539999999999992,0.01137873058049507,63.680757550395235,-2.18
25.549999999999997,0.011378408480249033,63.6742527220501,-2.18
25.559999999999995,0.011377890764207765,63.66673367336454,-2.18
25.569999999999993,0.011377181418071456,63.658351792843014,-2.18
25.57999999999999,0.011376319059240091,63.64931053547327,-2.18
25.589999999999996,0.011375374423781278,63.63986186155386,-2.18
25.599999999999994,0.011374442994803318,63.63029712669303,-2.18
25.609999999999992,0.011373633844034479,63.62093100796984,-2.18
25.619999999999997,0.011373056357645095,63.61207961622051,-2.18
25.629999999999995,0.011372806754097183,63.604036052315955,-2.18
25.639999999999993,0.011372956196957015,63.59704721692757,-2.18
25.64999999999999,0.01137354195261423,63.591294975255025,-2.18
25.659999999999997,0.011374562556752277,63.58688379022973,-2.18
25.669999999999995,0.011375977415153074,63.58383614684775,-2.18
25.679999999999993,0.011377710707409835,63.58209615834916,-2.18
25.689999999999998,0.011379658916478312,63.58154027693884,-2.18
25.699999999999996,0.011381700844197425,63.581992454099606,-2.18
25.709999999999994,0.011383708693667977,63.58324038654663,-2.18
25.71999999999999,0.011385558781337991,63.58505007204728,-2.18
25.729999999999997,0.011387140698997829,63.58717735311547,-2.18
25.739999999999995,0.011388364213160258,63.58937679311422,-2.18
25.749999999999993,0.011389163726858529,63.591409554992026,-2.18
25.75999999999999,0.011389500570611683,63.59305232750489,-2.18
25.769999999999996,0.011389363616971975,63.59410841850174,-2.18
25.779999999999994,0.011388768698227402,63.594420456063986,-2.18
25.789999999999992,0.011387757104021864,63.593882830054085,-2.18
25.799999999999997,0.011386393156232145,63.59245166013354,-2.18
25.809999999999995,0.01138476063496671,63.59015043025679,-2.18
25.819999999999993,0.011382957773106071,63.58707003950217,-2.18
25.82999999999999,0.011381090701559555,63.58336272730155,-2.18
25.839999999999996,0.011379265584795888,63.57923018203904,-2.18
25.849999999999994,0.011377580118593567,63.57490717760389,-2.18
25.859999999999992,0.01137611540500922,63.57064313818478,-2.18
25.869999999999997,0.011374929337703643,63.566684611683606,-2.18
25.879999999999995,0.011374052468912548,63.563261222028295,-2.18
25.889999999999993,0.011373486926644368,63.56057628816867,-2.18
25.89999999999999,0.011373208429114842,63.55880153084357,-2.18
25.909999999999997,0.011373170958255775,63.55807389989704,-2.1899999999999964
25.919999999999995,0.011373313320847626,63.55849220607407,-2.1800000000000073
25.929999999999993,0.011373566682798125,63.560112018506004,-2.18
25.939999999999998,0.011373862185579068,63.562938272150056,-2.18
25.949999999999996,0.011374137888600788,63.566915244837936,-2.18
25.959999999999994,0.011374344466275265,63.57191345401897,-2.18
25.96999999999999,0.0113744492775781,63.577713897798205,-2.18
25.979999999999997,0.011374438596694264,63.583992282629474,-2.18
25.989999999999995,0.011374317941627327,63.590308421125684,-2.1899999999999964
25.999999999999993,0.011374110568229132,63.596107288207506,-2.1800000000000037
26.00999999999999,0.011373854318437205,63.60073711255525,-2.18
26.019999999999996,0.011373597132793921,63.60348651392086,-2.18
26.029999999999994,0.011373391662992734,63.603638745703236,-2.18
26.039999999999992,0.0113732895401699,63.60053829105739,-2.18
26.049999999999997,0.011373335938009401,63.59366375122366,-2.18
26.059999999999995,0.01137356507247107,63.58270051583242,-2.18
26.069999999999993,0.011373997164006841,63.56760662110456,-2.18
26.07999999999999,0.011374637141880401,63.54866548248477,-2.1899999999999964
26.089999999999996,0.011375475029564796,63.52651987840971,-2.19
26.099999999999994,0.01137648760716311,63.50218229657225,-2.1800000000000073
26.109999999999992,0.011377640719536617,63.47701704846432,-2.1899999999999964
26.119999999999997,0.011378891575465748,63.45268972705017,-2.19
26.129999999999995,0.011380190583446914,63.43108074620183,-2.19
26.139999999999993,0.011381482635265797,63.41416236360432,-2.19
26.14999999999999,0.011382708152969495,63.40384193471389,-2.19
26.159999999999997,0.011383804505434515,63.40177719745996,-2.19
26.169999999999995,0.011384708460211855,63.40917202049913,-2.19
26.179999999999993,0.011385360124825333,63.42656354647229,-2.19
26.189999999999998,0.011385708397264358,63.45361417504317,-2.19
26.199999999999996,0.011385717414017045,63.48892443910331,-2.19
26.209999999999994,0.011385373018396216,63.52988547143075,-2.19
26.21999999999999,0.011384688009729364,63.5725920275244,-2.19
26.229999999999997,0.011383704946202021,63.61183805022051,-2.19
26.239999999999995,0.011382495554520143,63.64121506358326,-2.19
26.249999999999993,0.01138115627353385,63.65332767447175,-2.19
26.25999999999999,0.011379800020937204,63.64012957636149,-2.19
26.269999999999996,0.011378544838395635,63.593368714178574,-2.19
26.279999999999994,0.011377500595934911,63.50511384635641,-2.19
26.289999999999992,0.011376755379627936,63.36831919561238,-2.19
26.299999999999997,0.011376363471944392,63.17737159885305,-2.19
26.309999999999995,0.011376336858544058,62.928557848541445,-2.19
26.319999999999993,0.011376641869199858,62.62039181107188,-2.19
26.32999999999999,0.011377201855813713,62.25375492359334,-2.1800000000000037
26.339999999999996,0.01137790581195694,61.8318305181502,-2.18
26.349999999999994,0.011378621766544153,61.35984634349874,-2.18
26.359999999999992,0.011379212927756328,60.84466956529224,-2.1899999999999964
26.369999999999997,0.011379554140183592,60.294314246082116,-2.19
26.379999999999995,0.011379546331660294,59.71741968720392,-2.1800000000000037
26.389999999999993,0.011379127192232453,59.12274444236306,-2.18
26.39999999999999,0.011378277142628412,58.518705134932596,-2.1899999999999964
26.409999999999997,0.011377020461840918,57.912978890086606,-2.1800000000000037
26.419999999999995,0.01137542206592619,57.31218420284073,-2.189999999999993
26.429999999999993,0.011373580796351245,56.72165329861888,-2.19
26.439999999999998,0.01137162021421325,56.14530474374625,-2.19
26.449999999999996,0.01136967787974288,55.58561680135267,-2.1800000000000037
26.459999999999994,0.011367894006003966,55.04369299428733,-2.18
26.46999999999999,0.011366400273803024,54.51940617388534,-2.1899999999999964
26.479999999999997,0.011365309512232654,54.011606786584636,-2.1800000000000037
26.489999999999995,0.0113647068895846,53.51838069442063,-2.18
26.499999999999993,0.011364643208063739,53.03733782534699,-2.1899999999999964
26.50999999999999,0.011365130825254218,52.565906072176595,-2.19
26.519999999999996,0.011366142599374686,52.101600124112785,-2.19
26.529999999999994,0.011367614042863261,51.64223677349269,-2.1800000000000037
26.539999999999992,0.011369448571237298,51.18607745680912,-2.1899999999999964
26.549999999999997,0.011371525404144631,50.73189220412091,-2.19
26.559999999999995,0.011373709394433598,50.27895199502163,-2.1800000000000037
26.569999999999993,0.011375861889613176,49.82696484313938,-2.18
26.57999999999999,0.011377851681907613,49.37597347016956,-2.18
26.589999999999996,0.011379565155155417,48.926231470339516,-2.18
26.599999999999994,0.011380914850652088,48.478074395956185,-2.189999999999993
26.609999999999992,0.011381845814950331,48.031803510182066,-2.1800000000000037
26.619999999999997,0.011382339244900255,47.587600120647565,-2.1899999999999964
26.629999999999995,0.011382413113680052,47.14548380665224,-2.19
26.639999999999993,0.011382119655660284,46.70531800839764,-2.19
26.64999999999999,0.01138153980601408,46.266854425503745,-2.1800000000000037
26.659999999999997,0.011380774923758595,45.82979830831913,-2.18
26.669999999999995,0.011379936372212213,45.393874178120825,-2.189999999999993
26.679999999999993,0.01137913379239971,44.958876504835395,-2.1800000000000037
26.68999999999999,0.011378463166607755,44.524698671454296,-2.18
26.699999999999996,0.011377995973257657,44.09134067268344,-2.18
26.709999999999994,0.011377770794539378,43.65889857806031,-2.18
26.71999999999999,0.011377788580306507,43.227538555255606,-2.18
26.729999999999997,0.011378012368529634,42.79745914356724,-2.18
26.739999999999995,0.011378371660925191,42.36884922006268,-2.1899999999999964
26.749999999999993,0.011378770979805905,41.94185323586923,-2.19
26.75999999999999,0.011379101555040249,41.516555586464264,-2.1800000000000073
26.769999999999996,0.011379254738380985,41.09299030833406,-2.18
26.779999999999994,0.011379135663493327,40.67117246031168,-2.18
26.789999999999992,0.011378675824947799,40.25113838249683,-2.18
26.799999999999997,0.011377843532942666,39.83297858832823,-2.18
26.809999999999995,0.01137665148556132,39.416851102528106,-2.18
26.819999999999993,0.011375160897752968,39.00297169778681,-2.18
26.82999999999999,0.011373481715128286,38.59158564971261,-2.18
26.839999999999996,0.011371768458064481,38.18292991907592,-2.18
26.849999999999994,0.011370211257180258,37.7771948715196,-2.18
26.859999999999992,0.011369021730480256,37.37449286358122,-2.18
26.869999999999997,0.011368413570178041,36.974839661410435,-2.18
26.879999999999995,0.01136857807343312,36.57815431385469,-2.18
26.889999999999993,0.011369655353897222,36.18428190194352,-2.18
26.89999999999999,0.01137170257347763,35.793038937018494,-2.18
26.909999999999997,0.011374661179584238,35.40427301732007,-2.18
26.919999999999995,0.011378325748676817,35.017920700018784,-2.18
26.929999999999993,0.011382317533093982,34.634045663762,-2.18
26.93999999999999,0.011386066080817207,34.252844915384756,-2.170000000000007
26.949999999999996,0.01138880223442692,33.87462104165217,-2.17
26.959999999999994,0.011389565318126026,33.499728235088575,-2.17
26.96999999999999,0.011387226341281946,33.12850508583653,-2.1799999999999966
26.979999999999997,0.011380527610295616,32.76120705422031,-2.1700000000000035
26.989999999999995,0.01136813736421008,32.39794862637887,-2.17
26.999999999999993,0.011348716149174091,32.03866319034578,-2.17
27.00999999999999,0.01132098994964386,31.683088951559498,-2.17
27.019999999999996,0.0112838240252034,31.33078893505878,-2.17
27.029999999999994,0.011236291347527407,30.98120841956464,-2.17
27.039999999999992,0.011177730529559494,30.633763473620892,-2.17
27.049999999999997,0.011107789678729314,30.287943414172563,-2.17
27.059999999999995,0.01102645395214041,29.943403523161468,-2.17
27.069999999999993,0.010934055412506073,29.60002600393311,-2.17
27.07999999999999,0.010831264349974591,29.257936514913112,-2.17
27.089999999999996,0.010719061959344823,28.9174761466734,-2.17
27.099999999999994,0.010598695208160005,28.579138635732164,-2.17
27.109999999999992,0.010471615695223604,28.243486783696106,-2.17
27.119999999999997,0.010339405252282705,27.91106182735404,-2.1600000000000037
27.129999999999995,0.010203692247545828,27.582298743472887,-2.16
27.139999999999993,0.010066064151633893,27.25746112741688,-2.1699999999999964
27.14999999999999,0.009927983540634308,26.93660922577978,-2.1600000000000037
27.159999999999997,0.009790715561359178,26.619610326047223,-2.16
27.169999999999995,0.009655274313104324,26.30619106179733,-2.16
27.179999999999993,0.0095223934291825,25.996019227651463,-2.16
27.18999999999999,0.009392522746998255,25.688793572148548,-2.16
27.199999999999996,0.009265849179436307,25.384318281977666,-2.16
27.209999999999994,0.009142336732965202,25.08254531835816,-2.16
27.21999999999999,0.009021778743110722,24.783578559552925,-2.16
27.229999999999997,0.008903854975083881,24.487643346672165,-2.16
27.239999999999995,0.008788187023270801,24.195030577428344,-2.16
27.249999999999993,0.008674387006474101,23.906026685874874,-2.16
27.25999999999999,0.008562096427570175,23.620842003184844,-2.16
27.269999999999996,0.008451013845046736,23.339551148170788,-2.16
27.279999999999994,0.008340911421411362,23.0620588805876,-2.16
27.289999999999992,0.008231641366873555,22.78810100587909,-2.16
27.299999999999997,0.00812313384451063,22.51728171615447,-2.1500000000000035
27.309999999999995,0.008015388190140312,22.249138265235644,-2.15
27.319999999999993,0.007908459440091673,21.983215527971094,-2.15
27.32999999999999,0.007802442182116815,21.71913111256911,-2.15
27.339999999999996,0.007697453635996007,21.45661711611529,-2.15
27.349999999999994,0.007593617632018447,21.195533779154946,-2.15
27.359999999999992,0.007491050800576405,20.935858300715125,-2.15
27.369999999999997,0.007389851805662039,20.677656189033563,-2.15
27.379999999999995,0.0072900938310649435,20.42104300988015,-2.15
27.389999999999993,0.007191819820367269,20.1661434338943,-2.15
27.39999999999999,0.007095039384164441,19.913054380739442,-2.15
27.409999999999997,0.006999726095715249,19.661820211162865,-2.15
27.419999999999995,0.006905814280385383,19.412428265257386,-2.15
27.429999999999993,0.006813195340314565,19.164829801354426,-2.15
27.43999999999999,0.006721714895862096,18.918983663258768,-2.1400000000000072
27.449999999999996,0.006631173136423841,18.67491050161585,-2.14
27.459999999999994,0.006541331249553292,18.432739379037674,-2.14
27.46999999999999,0.0064519262333692946,18.192729994097682,-2.1499999999999964
27.479999999999997,0.006362694656728714,17.955261828401394,-2.1400000000000037
27.489999999999995,0.006273403307727344,17.720791707746173,-2.14
27.499999999999993,0.006183881943086186,17.489788853577632,-2.14
27.50999999999999,0.006094051541139182,17.262659591171683,-2.14
27.519999999999996,0.006003941382980092,17.039673756011254,-2.14
27.529999999999994,0.005913690213081244,16.82090388771883,-2.14
27.539999999999992,0.005823530262159021,16.606187522881154,-2.1300000000000034
27.549999999999997,0.005733757014196073,16.39512116241465,-2.13
27.559999999999995,0.0056446909427199585,16.187090088040616,-2.13
27.569999999999993,0.005556638979802105,15.981331048016372,-2.13
27.57999999999999,0.00546986281470979,15.777017071115932,-2.13
27.589999999999996,0.00538455858432254,15.57334843499473,-2.13
27.599999999999994,0.005300849087870376,15.369633470278025,-2.13
27.609999999999992,0.005218786564737792,15.165347557281232,-2.13
27.619999999999997,0.005138362247048291,14.960165764073906,-2.13
27.629999999999995,0.005059518655225801,14.753970284603731,-2.13
27.639999999999993,0.0049821616872561085,14.546836172508575,-2.13
27.64999999999999,0.0049061713098574955,14.33899917545826,-2.13
27.659999999999997,0.004831411294596757,14.130810559460198,-2.13
27.669999999999995,0.00475773930104718,13.922686508829283,-2.13
27.679999999999993,0.004685018390281841,13.715061896781346,-2.1200000000000037
27.68999999999999,0.004613129897579523,13.508357310769117,-2.12
27.699999999999996,0.004541986073745593,13.302963541437379,-2.12
27.709999999999994,0.004471539788781465,13.09924115673565,-2.12
27.71999999999999,0.00440178847471612,12.897527639124192,-2.12
27.729999999999997,0.00433277054587547,12.69814358478334,-2.12
27.739999999999995,0.004264554498851316,12.501392558783355,-2.12
27.749999999999993,0.004197223104542076,12.307553707381093,-2.12
27.75999999999999,0.004130856744016987,12.116869530625658,-2.12
27.769999999999996,0.004065520353239661,11.929532566299034,-2.12
27.779999999999994,0.004001257376091136,11.745674697220648,-2.12
27.789999999999992,0.003938091850479401,11.565362066646639,-2.1100000000000034
27.799999999999997,0.003876037049991138,11.388597687662557,-2.11
27.809999999999995,0.0038151069816351026,11.215333022719573,-2.11
27.819999999999993,0.0037553262682173756,11.045488742475474,-2.11
27.82999999999999,0.0036967347602013677,10.878982759927776,-2.11
27.839999999999996,0.0036393853063919554,10.715760359248673,-2.11
27.849999999999994,0.0035833356974846954,10.555818347646001,-2.11
27.859999999999992,0.003528637927476885,10.39921507848087,-2.1000000000000036
27.869999999999997,0.003475328821144282,10.246061890611177,-2.1
27.879999999999995,0.003423425423098123,10.096497298496816,-2.1
27.889999999999993,0.003372926572763421,9.95065011904129,-2.1
27.89999999999999,0.0033238195807514135,9.808599469617375,-2.1
27.909999999999997,0.0032760888970575427,9.670338340331764,-2.1
27.919999999999995,0.0032297228972651424,9.535745285260141,-2.1
27.929999999999993,0.0031847156475456693,9.404567577410313,-2.0900000000000034
27.93999999999999,0.0031410624376535475,9.276418989700524,-2.09
27.949999999999996,0.0030987502762511634,9.15079483625814,-2.09
27.959999999999994,0.0030577465436898194,9.027104685737058,-2.09
27.96999999999999,0.0030179898768407302,8.904719145376777,-2.09
27.979999999999997,0.002979386802331428,8.7830229162821,-2.09
27.989999999999995,0.0029418158289645784,8.661464183981646,-2.09
27.999999999999993,0.002905138335141372,8.539591487801854,-2.0800000000000036
28.00999999999999,0.00286921354247614,8.41707301801299,-2.08
28.019999999999996,0.0028339138479795906,8.293698200783778,-2.08
28.029999999999994,0.0027991370312412563,8.169365325422696,-2.08
28.039999999999992,0.0027648131444055262,8.044060401318598,-2.08
28.049999999999997,0.0027309056842814007,7.917831971924013,-2.08
28.059999999999995,0.002697408266634578,7.790766236986548,-2.08
28.069999999999993,0.00266433894085331,7.662967422424199,-2.0700000000000034
28.07999999999999,0.0026317342759648557,7.534548397930262,-2.07
28.089999999999996,0.0025996445416530366,7.4056339871640695,-2.07
28.099999999999994,0.0025681301270080717,7.276374366518048,-2.07
28.109999999999992,0.002537258338914111,7.146961211370379,-2.07
28.119999999999997,0.0025070993259400463,7.017637854777944,-2.07
28.129999999999995,0.0024777202209478343,6.888697472699544,-2.07
28.139999999999993,0.002449177528685299,6.760468569846001,-2.0600000000000036
28.14999999999999,0.002421508912276971,6.633291970650188,-2.06
28.159999999999997,0.002394726365006411,6.507495651704543,-2.06
28.169999999999995,0.002368812889436846,6.383372647224977,-2.06
28.179999999999993,0.0023437240794878344,6.261164784801825,-2.06
28.18999999999999,0.002319394575575469,6.141053277036893,-2.06
28.199999999999996,0.002295747739087867,6.023156544248598,-2.06
28.209999999999994,0.0022727057270443534,5.907535117545082,-2.06
28.21999999999999,0.0022501969430805554,5.794202406734454,-2.06
28.229999999999997,0.002228158738819272,5.683138624146506,-2.06
28.239999999999995,0.0022065349790680454,5.574303806617567,-2.06
28.249999999999993,0.0021852700599594675,5.467645516853035,-2.0500000000000034
28.25999999999999,0.0021643024338456615,5.36309827272081,-2.05
28.269999999999996,0.0021435610595221337,5.26057509816744,-2.05
28.279999999999994,0.0021229672483986627,5.159955281164632,-2.05
28.289999999999992,0.0021024423734428556,5.061074065311659,-2.05
28.299999999999997,0.002081919552653211,4.9637185491309275,-2.05
28.309999999999995,0.0020613556198775434,4.86763098207936,-2.05
28.319999999999993,0.002040739167698084,4.772518432978375,-2.0400000000000036
28.32999999999999,0.00202009144161858,4.678067639714257,-2.04
28.339999999999996,0.00199945909383909,4.5839647863043504,-2.04
28.349999999999994,0.0019789004992542595,4.489920245967496,-2.04
28.359999999999992,0.001958469518610666,4.395697127298781,-2.04
28.369999999999997,0.0019382014943895337,4.301140252222986,-2.04
28.379999999999995,0.0019181055956684501,4.206200248046567,-2.04
28.389999999999993,0.001898165641754126,4.110947086797427,-2.0300000000000034
28.39999999999999,0.0018783489491942206,4.015569217549064,-2.03
28.409999999999997,0.0018586204783349206,3.920357643060946,-2.03
28.419999999999995,0.0018389583225374186,3.8256772944814808,-2.03
28.429999999999993,0.00181936666386838,3.731929768531004,-2.03
28.43999999999999,0.001799883530421232,3.6395121508304116,-2.03
28.449999999999996,0.0017805824813980134,3.548777064446548,-2.0200000000000036
28.459999999999994,0.0017615690148757605,3.4599992364636343,-2.02
28.46999999999999,0.001742973483893541,3.373353039696872,-2.02
28.479999999999997,0.0017249423961220108,3.2889035505830333,-2.02
28.489999999999995,0.0017076292997930868,3.2066114155449315,-2.02
28.499999999999993,0.0016911854614675287,3.1263498003932493,-2.02
28.50999999999999,0.0016757497746150089,3.047929982272684,-2.02
28.519999999999996,0.0016614372164654833,2.9711308355256736,-2.02
28.529999999999994,0.0016483258077618862,2.895726905884114,-2.02
28.539999999999992,0.0016364432203876532,2.8215103162948734,-2.02
28.549999999999997,0.0016257554558775378,2.7483034566601994,-2.0100000000000033
28.559999999999995,0.0016161608055535286,2.675961877590219,-2.01
28.569999999999993,0.001607492123395672,2.604369337625262,-2.01
28.57999999999999,0.0015995291020291986,2.5334288668035727,-2.01
28.589999999999996,0.0015920199641489947,2.4630546242829743,-2.01
28.599999999999994,0.0015847094386933715,2.3931691535396,-2.01
28.609999999999992,0.001577367973816837,2.3237092975446916,-2.01
28.61999999999999,0.0015698165489593345,2.254641460831897,-2.01
28.629999999999995,0.0015619424259439678,2.185983393350879,-2.0000000000000036
28.639999999999993,0.00155370344162018,2.117826240337119,-2.0
28.64999999999999,0.0015451212608406653,2.050349028361822,-2.0
28.659999999999997,0.0015362664639999189,1.98381946052872,-2.0
28.669999999999995,0.0015272397296005361,1.918579270345151,-2.0
28.679999999999993,0.0015181534225111614,1.8550170780902737,-2.0
28.68999999999999,0.001509116795987283,1.7935345689481466,-1.990000000000007
28.699999999999996,0.0015002262904359439,1.7345120132418808,-1.99
28.709999999999994,0.0014915607291801965,1.6782772137905528,-1.99
28.71999999999999,0.0014831800910258804,1.6250796231360325,-1.99
28.729999999999997,0.0014751261947616805,1.5750701577947233,-1.99
28.739999999999995,0.0014674239755660477,1.5282871411291925,-1.99
28.749999999999993,0.0014600827614539172,1.4846489620125904,-1.9800000000000035
28.75999999999999,0.0014530976741807598,1.4439539866247304,-1.98
28.769999999999996,0.0014464516627765303,1.4058880102326567,-1.98
28.779999999999994,0.0014401185898532459,1.3700392050716443,-1.98
28.789999999999992,0.0014340673010136155,1.3359203569293863,-1.98
28.799999999999997,0.0014282659704160851,1.3029982559052353,-1.98
28.809999999999995,0.0014226855654578571,1.270729842363148,-1.98
28.819999999999993,0.0014173012686357824,1.2386033751175702,-1.9700000000000035
28.82999999999999,0.00141209121164798,1.206180631225865,-1.97
28.839999999999996,0.001407032784980433,1.173134191322908,-1.97
28.849999999999994,0.0014020977736172407,1.139273725769791,-1.97
28.859999999999992,0.001397248247906003,1.1045574473501742,-1.97
28.86999999999999,0.0013924352031754338,1.0690884462292407,-1.97
28.879999999999995,0.001387601288115802,1.0330985818422795,-1.97
28.889999999999993,0.0013826877386423552,0.9969237751095776,-1.97
28.89999999999999,0.0013776442323096291,0.9609739558192782,-1.9600000000000035
28.909999999999997,0.0013724393006926134,0.925699667376718,-1.96
28.919999999999995,0.0013670685820140333,0.8915568032675154,-1.96
28.929999999999993,0.0013615587095631375,0.8589715143027842,-1.96
28.93999999999999,0.0013559658601194693,0.8283080849403325,-1.96
28.949999999999996,0.001350369507461494,0.7998426300594182,-1.96
28.959999999999994,0.001344863197715253,0.7737447779109308,-1.9500000000000035
28.96999999999999,0.0013395447601795604,0.750068443527826,-1.95
28.979999999999997,0.001334508131884759,0.728751490274649,-1.95
28.989999999999995,0.0013298380466502014,0.7096227882789418,-1.95
28.999999999999993,0.0013256076115590297,0.6924147478131799,-1.95
29.00999999999999,0.0013218777584497006,0.676780272491021,-1.95
29.019999999999996,0.001318697091452097,0.662314141845082,-1.95
29.029999999999994,0.0013161008795897077,0.6485785368159165,-1.940000000000007
29.039999999999992,0.0013141087313920503,0.6351308552888872,-1.94
29.049999999999997,0.0013127214946399728,0.6215508751094397,-1.94
29.059999999999995,0.0013119187201312912,0.607464979784244,-1.94
29.069999999999993,0.0013116582645766746,0.5925668997762373,-1.94
29.07999999999999,0.001311879139473854,0.5766355849509729,-1.94
29.089999999999996,0.0013125076626379448,0.5595506281335891,-1.9300000000000035
29.099999999999994,0.0013134657236835603,0.5413045068651512,-1.93
29.109999999999992,0.0013146790424915197,0.5220095869099137,-1.93
29.11999999999999,0.0013160830748703354,0.5018971839422862,-1.93
29.129999999999995,0.001317624827498995,0.48130651085047343,-1.93
29.139999999999993,0.001319260110621998,0.46066259868698317,-1.93
29.14999999999999,0.0013209472538573577,0.440443492906803,-1.9200000000000035
29.159999999999997,0.0013226395058976,0.42113826550929734,-1.92
29.169999999999995,0.0013242788160172255,0.40319924263135104,-1.92
29.179999999999993,0.0013257932975595471,0.3869940491840923,-1.92
29.18999999999999,0.0013270995398425261,0.37276422689139105,-1.92
29.199999999999996,0.00132810946267515,0.36059632944419145,-1.92
29.209999999999994,0.001328740108873083,0.350409239880106,-1.92
29.21999999999999,0.001328924056250618,0.3419592528988619,-1.9100000000000035
29.229999999999997,0.0013286181731287756,0.33486231068624983,-1.91
29.239999999999995,0.0013278091455509245,0.32863016544298057,-1.91
29.249999999999993,0.0013265152500133112,0.3227148118480308,-1.91
29.25999999999999,0.0013247848201903354,0.3165548285593464,-1.91
29.269999999999996,0.0013226924455640304,0.3096186774585915,-1.91
29.279999999999994,0.0013203340354958086,0.3014420649717206,-1.91
29.289999999999992,0.001317821568047741,0.29165755677345323,-1.9000000000000035
29.299999999999997,0.0013152778334798666,0.2800147775004679,-1.9
29.309999999999995,0.0013128310368365585,0.2663900997318237,-1.9099999999999964
29.319999999999993,0.0013106089440128742,0.250786639743812,-1.9000000000000035
29.32999999999999,0.0013087324191072775,0.23332771372260513,-1.9
29.339999999999996,0.0013073086437151436,0.2142476650883642,-1.9
29.349999999999994,0.0013064248399504146,0.19388227045122736,-1.9
29.359999999999992,0.0013061436855893995,0.17265806582340565,-1.8900000000000035
29.36999999999999,0.0013065015995215637,0.15107818175579166,-1.8999999999999928
29.379999999999995,0.001307510600188232,0.1297028593776249,-1.8900000000000035
29.389999999999993,0.001309163587309225,0.10912487011577461,-1.89
29.39999999999999,0.0013114419403734642,0.08994167962237051,-1.89
29.409999999999997,0.0013143236215319588,0.07272657998827053,-1.89
29.419999999999995,0.0013177897819037173,0.05800077335778209,-1.89
29.429999999999993,0.0013218282705435346,0.04620795812632447,-1.89
29.43999999999999,0.0013264333094433595,0.03769212781301083,-1.880000000000007
29.449999999999996,0.0013316016510586345,0.03267820452989718,-1.8899999999999963
29.459999999999994,0.001337326442822015,0.03125465791557143,-1.880000000000007
29.46999999999999,0.0013435905131648036,0.03335814873893725,-1.88
29.479999999999997,0.0013503607404177843,0.038762203488663924,-1.88
29.489999999999995,0.0013575846287288943,0.047073601264056186,-1.88
29.499999999999993,0.0013651894288805755,0.05774031720858182,-1.88
29.50999999999999,0.001373083421466692,0.07007369106661035,-1.88
29.519999999999996,0.0013811585675710786,0.08328584508092038,-1.8700000000000037
29.529999999999994,0.0013892937096677395,0.09654126041694426,-1.87
29.539999999999992,0.0013973578033965942,0.10901829330609539,-1.87
29.549999999999997,0.0014052131070280008,0.11997294333295537,-1.87
29.559999999999995,0.0014127186456482795,0.12879531175733394,-1.8600000000000037
29.569999999999993,0.0014197344479324062,0.13505020841050167,-1.86
29.57999999999999,0.0014261269685389823,0.13849695684123398,-1.8699999999999966
29.589999999999996,0.0014317757961986902,0.13908820591457569,-1.8600000000000037
29.599999999999994,0.0014365813140160984,0.13695158237520666,-1.86
29.609999999999992,0.0014404725669479445,0.13235981189509702,-1.86
29.61999999999999,0.0014434143352873552,0.12569468235507178,-1.86
29.629999999999995,0.0014454123966187748,0.11740938275848715,-1.8500000000000036
29.639999999999993,0.0014465161830798858,0.10799310112164608,-1.8599999999999965
29.64999999999999,0.0014468184116414415,0.09794090922807075,-1.8500000000000036
29.659999999999997,0.0014464516438139965,0.08773062893935399,-1.85
29.669999999999995,0.0014455820237454498,0.077807001433207,-1.85
29.679999999999993,0.0014444006391360913,0.0685724582950437,-1.85
29.68999999999999,0.0014431130812637561,0.060382910564294484,-1.85
29.699999999999996,0.0014419278749980785,0.053545930961938305,-1.85
29.709999999999994,0.0014410445118936098,0.04831783705040911,-1.8400000000000072
29.71999999999999,0.0014406418451973903,0.04489621578299753,-1.8499999999999965
29.729999999999997,0.0014408675929076722,0.04340577659612918,-1.8400000000000036
29.739999999999995,0.0014418296468637175,0.04387794912587807,-1.84
29.749999999999993,0.0014435898079497016,0.046227681071487794,-1.84
29.75999999999999,0.0014461604578283516,0.05023343454610105,-1.84
29.769999999999996,0.00144950451389517,0.05552760561050724,-1.8300000000000036
29.779999999999994,0.0014535387643939389,0.061603918290503705,-1.839999999999993
29.789999999999992,0.0014581403461629522,0.0678452775319398,-1.8300000000000036
29.799999999999997,0.0014631557763213347,0.07357046635451284,-1.83
29.809999999999995,0.001468411688366887,0.07809280364424707,-1.83
29.819999999999993,0.001473726330035501,0.08078082706245747,-1.83
29.82999999999999,0.0014789209627671849,0.08111152659338014,-1.83
29.839999999999996,0.0014838305065456648,0.07871012669936366,-1.83
29.849999999999994,0.0014883130085035546,0.07337491668346255,-1.8200000000000072
29.859999999999992,0.001492257685555098,0.06508884029284095,-1.8299999999999965
29.86999999999999,0.001495591342190459,0.054020315316566474,-1.8200000000000072
29.879999999999995,0.001498282891860761,0.04051463866770614,-1.82
29.889999999999993,0.001500345564280384,0.02507588852396754,-1.82
29.89999999999999,0.0015018362509178628,0.008338812459707648,-1.82
29.909999999999997,0.0015028514345847928,-0.008968906755558755,-1.82
29.919999999999995,0.001503519362880076,-0.026072225753104465,-1.82
29.929999999999993,0.0015039886059102952,-0.042199421563449815,-1.8100000000000036
29.93999999999999,0.0015044138311880943,-0.056634548292900655,-1.81
29.949999999999996,0.0015049403491174055,-0.06876748969633519,-1.81
29.959999999999994,0.001505689477224095,-0.07813658440749031,-1.81
29.96999999999999,0.0015067468349518624,-0.08445916494246296,-1.81
29.979999999999997,0.0015081552417718406,-0.08764740164988363,-1.81
29.989999999999995,0.0015099130410584243,-0.08780937171207978,-1.81
29.999999999999993,0.0015119776519574271,-0.0852368408744135,-1.81
30.00999999999999,0.0015142732648482688,-0.08038170583654793,-1.8000000000000071
30.019999999999996,0.0015167010735463499,-0.07382297377517316,-1.8
30.029999999999994,0.0015191503585496233,-0.06622595968789313,-1.8
30.039999999999992,0.0015215090355104235,-0.05829540269657811,-1.8
30.049999999999997,0.0015236727956105386,-0.05072469753940176,-1.8
30.059999999999995,0.0015255524903305972,-0.044144452596855094,-1.8
30.069999999999993,0.0015270798011689244,-0.039074984738242544,-1.8
30.07999999999999,0.0015282114237908464,-0.03588842661369176,-1.7900000000000036
30.089999999999996,0.0015289320002779818,-0.03478567506791917,-1.79
30.099999999999994,0.0015292559116670001,-0.0357910833212923,-1.79
30.109999999999992,0.0015292278728040705,-0.03876460417849977,-1.79
30.11999999999999,0.0015289221243941972,-0.0434284366238641,-1.79
30.129999999999995,0.0015284399441959137,-0.049403751354707426,-1.79
30.139999999999993,0.0015279052252929934,-0.05625237649331936,-1.79
30.14999999999999,0.0015274579926417044,-0.06351791016525879,-1.79
30.159999999999997,0.0015272459313805796,-0.07076098494012986,-1.7800000000000036
30.169999999999995,0.0015274142617458652,-0.07758508459199404,-1.78
30.179999999999993,0.0015280945971248659,-0.08365224057547636,-1.78
30.18999999999999,0.001529393731717004,-0.08869096156698736,-1.78
30.199999999999996,0.001531383563279705,-0.09250056587225104,-1.78
30.209999999999994,0.0015340934835814334,-0.09495589866525177,-1.78
30.21999999999999,0.0015375064833346357,-0.09601429403522031,-1.7700000000000036
30.229999999999997,0.001541559869151083,-0.09572351436658863,-1.77
30.239999999999995,0.0015461508990054747,-0.09422669035834329,-1.77
30.249999999999993,0.001551146925527052,-0.09175927132613287,-1.77
30.25999999999999,0.0015563989573485306,-0.08863408709643822,-1.77
30.269999999999996,0.0015617570321304268,-0.08521335319471672,-1.77
30.279999999999994,0.0015670854865207974,-0.08187010188052514,-1.77
30.289999999999992,0.0015722761125302456,-0.07894511470524317,-1.7600000000000036
30.29999999999999,0.0015772573188311575,-0.07670744569979454,-1.76
30.309999999999995,0.0015819978006848235,-0.0753258990513442,-1.76
30.319999999999993,0.0015865038940786993,-0.07485591088802507,-1.76
30.32999999999999,0.0015908107390188598,-0.07524308645170263,-1.76
30.339999999999996,0.0015949684964246882,-0.07634244783472954,-1.76
30.349999999999994,0.0015990259147633029,-0.07795090046699381,-1.76
30.359999999999992,0.0016030142232278896,-0.07984865479136255,-1.7500000000000036
30.36999999999999,0.0016069344025486849,-0.08184330445427607,-1.75
30.379999999999995,0.0016107502800334816,-0.0838087684381044,-1.75
30.389999999999993,0.0016143887341281064,-0.08571129187454773,-1.75
30.39999999999999,0.0016177468752805717,-0.08761669130064999,-1.75
30.409999999999997,0.001620704772581904,-0.0896767711808266,-1.75
30.419999999999995,0.0016231414240708776,-0.09209721509585572,-1.75
30.429999999999993,0.0016249513593517872,-0.09509291772887442,-1.7400000000000035
30.43999999999999,0.001626059478567226,-0.09883903072441103,-1.74
30.449999999999996,0.0016264322981159947,-0.10342700517991046,-1.74
30.459999999999994,0.0016260844676518865,-0.10883454903972525,-1.74
30.46999999999999,0.00162508008450132,-0.11491630771900302,-1.74
30.479999999999997,0.0016235289073049143,-0.12141823198542998,-1.74
30.489999999999995,0.0016215780614543894,-0.1280137359010671,-1.74
30.499999999999993,0.001619400224170445,-0.13435494640756157,-1.7300000000000035
30.50999999999999,0.001617179545317188,-0.1401286556092143,-1.73
30.519999999999996,0.001615096678859942,-0.14510504038948638,-1.73
30.529999999999994,0.0016133142755218495,-0.1491688338010206,-1.73
30.539999999999992,0.0016119641508699114,-0.1523275204279808,-1.73
30.54999999999999,0.0016111371381211867,-0.15469743252613696,-1.73
30.559999999999995,0.001610876399215128,-0.156473564020018,-1.73
30.569999999999993,0.0016111747149747653,-0.15789103184120862,-1.7200000000000035
30.57999999999999,0.0016119759956554386,-0.1591857571585743,-1.72
30.589999999999996,0.0016131809391135119,-0.16056021470012213,-1.72
30.599999999999994,0.001614656433256113,-0.1621580923774132,-1.72
30.609999999999992,0.0016162479877058127,-0.16405004590223304,-1.72
30.61999999999999,0.0016177942104778143,-0.16623124153518154,-1.72
30.629999999999995,0.0016191421219204222,-0.16862949758516316,-1.72
30.639999999999993,0.0016201619248516937,-0.17112078370793748,-1.7100000000000035
30.64999999999999,0.0016207597569003363,-0.17354790069565396,-1.71
30.659999999999997,0.001620886992309735,-0.17573903234667923,-1.71
30.669999999999995,0.0016205448910607126,-0.1775243302679109,-1.71
30.679999999999993,0.0016197838414666141,-0.17874933040154228,-1.71
30.68999999999999,0.0016186970775709855,-0.17928417114665135,-1.71
30.699999999999996,0.0016174094684894378,-0.1790284198185592,-1.71
30.709999999999994,0.0016160626288250898,-0.1779127773917105,-1.700000000000007
30.71999999999999,0.0016147980760416866,-0.17589996665765448,-1.7
30.729999999999997,0.0016137404179610527,-0.17298703078537392,-1.7
30.739999999999995,0.0016129825912043212,-0.16921035282212726,-1.7
30.749999999999993,0.0016125749977727686,-0.16465343180265693,-1.7
30.75999999999999,0.0016125200016288183,-0.1594558260198739,-1.7
30.769999999999996,0.001612772641030601,-0.1538199838225461,-1.7
30.779999999999994,0.0016132475923874654,-0.14801196020903878,-1.690000000000007
30.789999999999992,0.0016138314647311488,-0.14235285178695892,-1.69
30.79999999999999,0.0016143985941331912,-0.13719963816245181,-1.69
30.809999999999995,0.0016148278856073684,-0.1329162012207575,-1.69
30.819999999999993,0.0016150181065339097,-0.12983714212107825,-1.69
30.82999999999999,0.0016148994315655983,-0.12822833357818308,-1.69
30.839999999999996,0.0016144398789889266,-0.12824880121918464,-1.69
30.849999999999994,0.0016136463239564763,-0.12991871460250504,-1.680000000000007
30.859999999999992,0.0016125607278810778,-0.13309818749010927,-1.68
30.86999999999999,0.0016112528606366445,-0.13748086212136323,-1.68
30.879999999999995,0.001609811032230404,-0.14260441524308073,-1.68
30.889999999999993,0.0016083322422593823,-0.14787777537325433,-1.68
30.89999999999999,0.001606912830853293,-0.15262307204226097,-1.68
30.909999999999997,0.0016056403318588798,-0.15612904177511416,-1.68
30.919999999999995,0.0016045869095909612,-0.15771085853421676,-1.670000000000007
30.929999999999993,0.0016038045582310312,-0.1567694482255389,-1.67
30.93999999999999,0.0016033221508949304,-0.152843165988844,-1.67
30.949999999999996,0.0016031443970761427,-0.14564729513448027,-1.67
30.959999999999994,0.0016032527386167326,-0.13510041397986852,-1.67
30.96999999999999,0.0016036081272286264,-0.12133842494986014,-1.67
30.979999999999997,0.0016041554503373578,-0.10471624427514914,-1.67
30.989999999999995,0.0016048291254967145,-0.08579550779314885,-1.6600000000000035
30.999999999999993,0.00160555914410277,-0.06531602130665717,-1.66
31.00999999999999,0.001606276720271767,-0.04414985216339121,-1.66
31.019999999999996,0.001606918774518715,-0.023239716590765704,-1.66
31.029999999999994,0.0016074307744125176,-0.0035267716440117477,-1.650000000000007
31.039999999999992,0.0016077679049898888,0.014124169424888998,-1.6599999999999964
31.04999999999999,0.001607895013220187,0.028992857973168633,-1.650000000000007
31.059999999999995,0.0016077860953523674,0.04055741301314797,-1.65
31.069999999999993,0.00160742414850396,0.048528868959359754,-1.65
31.07999999999999,0.0016068019552143565,0.0528648689564137,-1.65
31.089999999999996,0.0016059238821536927,0.05376328135061679,-1.6400000000000035
31.099999999999994,0.0016048082120205126,0.05163782914057582,-1.6499999999999928
31.109999999999992,0.0016034890902250248,0.04707837051494103,-1.6400000000000035
31.11999999999999,0.0016020170170021504,0.04079879574027848,-1.64
31.129999999999995,0.0016004570198953588,0.03357621609323483,-1.64
31.139999999999993,0.0015988841537570653,0.02618630539737229,-1.64
31.14999999999999,0.0015973766373870272,0.019340637718390112,-1.64
31.159999999999997,0.001596007537200368,0.013631982394080413,-1.64
31.169999999999995,0.0015948362791397502,0.009492667493324818,-1.630000000000007
31.179999999999993,0.0015939013373009402,0.007169367776819995,-1.6399999999999963
31.18999999999999,0.0015932152345595032,0.006715365659963643,-1.630000000000007
31.199999999999996,0.0015927625907628448,0.007999522356279988,-1.63
31.209999999999994,0.0015925014870128392,0.010730611590471836,-1.63
31.21999999999999,0.0015923679692790302,0.014495550878778494,-1.63
31.229999999999997,0.0015922831291284155,0.018808937175296858,-1.6200000000000037
31.239999999999995,0.001592161888279271,0.02316875657218622,-1.6299999999999963
31.249999999999993,0.0015919224015699352,0.027110640990488936,-1.6200000000000037
31.25999999999999,0.001591494918179587,0.030252668734535415,-1.62
31.269999999999996,0.001590829037072078,0.03232499055467796,-1.62
31.279999999999994,0.001589898566605171,0.03318207467613338,-1.62
31.289999999999992,0.0015887036092264951,0.032798514053720286,-1.62
31.29999999999999,0.0015872699433600963,0.03125168246400026,-1.62
31.309999999999995,0.001585646144412383,0.028696159398578856,-1.62
31.319999999999993,0.0015838990861852071,0.025335522180189474,-1.62
31.32999999999999,0.0015821084705055334,0.021396428143009665,-1.62
31.339999999999996,0.0015803608895277534,0.017108029907406036,-1.6100000000000037
31.349999999999994,0.0015787437221421623,0.012687571961463107,-1.61
31.359999999999992,0.0015773390079409652,0.008331615640022823,-1.61
31.36999999999999,0.0015762174064346075,0.004212107133216454,-1.61
31.379999999999995,0.0015754324579321751,0.00047648575593074114,-1.61
31.389999999999993,0.0015750155762490191,-0.0027499453450702993,-1.61
31.39999999999999,0.0015749724282159768,-0.00536254636346984,-1.6000000000000036
31.409999999999997,0.0015752814702110847,-0.007279797277155726,-1.6
31.419999999999995,0.0015758953140702307,-0.008450319242619887,-1.6
31.429999999999993,0.001576745237906194,-0.008861909125633026,-1.6
31.43999999999999,0.0015777485879908716,-0.008548214633597123,-1.6
31.449999999999996,0.0015788181860966006,-0.007589122549162846,-1.6
31.459999999999994,0.001579872364582434,-0.0061029231612033785,-1.6
31.46999999999999,0.001580844058573416,-0.0042307742519917,-1.6
31.479999999999997,0.0015816875473784705,-0.0021164722594979274,-1.5900000000000036
31.489999999999995,0.0015823819026284508,0.00011340650222180054,-1.59
31.499999999999993,0.0015829308272716147,0.002363402542353827,-1.59
31.50999999999999,0.001583359183001223,0.0045733055433783065,-1.59
31.519999999999996,0.001583706970463132,0.006712208652766563,-1.59
31.529999999999994,0.001584021792086098,0.008765680633400386,-1.59
31.539999999999992,0.0015843509010632839,0.010721193212832207,-1.59
31.54999999999999,0.0015847338649422262,0.012556563126347235,-1.5800000000000072
31.559999999999995,0.0015851966994786238,0.014233912436439374,-1.58
31.569999999999993,0.0015857480967452632,0.015699148717083604,-1.58
31.57999999999999,0.0015863781026670464,0.016885892548998076,-1.58
31.589999999999996,0.0015870593114422327,0.01772318665013031,-1.58
31.599999999999994,0.0015877503667899458,0.018146800740061617,-1.58
31.609999999999992,0.001588401329065824,0.01811345229841386,-1.58
31.61999999999999,0.0015889603109926064,0.01761594309024685,-1.5700000000000072
31.629999999999995,0.001589380711674799,0.016695812145413467,-1.57
31.639999999999993,0.001589628376069702,0.015449459590678748,-1.57
31.64999999999999,0.0015896880451428791,0.014024439115545139,-1.57
31.659999999999997,0.0015895685057230454,0.012604752662664127,-1.57
31.669999999999995,0.0015893058772254722,0.011386794405945574,-1.57
31.679999999999993,0.0015889644888351726,0.010550199689898591,-1.57
31.68999999999999,0.0015886348370913502,0.010229718703050894,-1.57
31.699999999999996,0.0015884282248638379,0.010494877426140626,-1.5600000000000036
31.709999999999994,0.001588467930099248,0.011342759428358436,-1.56
31.71999999999999,0.001588877179038656,0.012705429781005839,-1.56
31.729999999999997,0.0015897647985504615,0.014468864550347255,-1.56
31.739999999999995,0.001591210110554228,0.01649722789433706,-1.56
31.749999999999993,0.0015932492293475504,0.018656009631771622,-1.56
31.75999999999999,0.001595865200613608,0.020828980351111824,-1.5500000000000071
31.769999999999996,0.0015989841853912212,0.02292599148465996,-1.55
31.779999999999994,0.0016024790671601119,0.02488111951962014,-1.55
31.789999999999992,0.001606180555494843,0.026643274305909622,-1.55
31.79999999999999,0.0016098943941393613,0.028163207109048828,-1.55
31.809999999999995,0.001613422077003244,0.02938131575864848,-1.55
31.819999999999993,0.0016165818675808687,0.030220121376716046,-1.5400000000000036
31.82999999999999,0.0016192270322242053,0.03058408028765879,-1.5499999999999965
31.839999999999996,0.0016212589409107278,0.030367442048041753,-1.5400000000000036
31.849999999999994,0.0016226337899935238,0.029468519036200184,-1.54
31.859999999999992,0.0016233628255795708,0.027806905912226818,-1.54
31.86999999999999,0.00162350684649113,0.025339679847048335,-1.54
31.879999999999995,0.0016231663510739222,0.022073483063727167,-1.54
31.889999999999993,0.0016224689791282114,0.018070912969854375,-1.54
31.89999999999999,0.00162155593939887,0.013450826441562567,-1.5300000000000036
31.909999999999997,0.0016205689536198736,0.008382526096083557,-1.53
31.919999999999995,0.0016196389329931902,0.0030738884199488126,-1.53
31.929999999999993,0.0016188771759259764,-0.0022457432065990757,-1.53
31.93999999999999,0.0016183693978069809,-0.007345625118620597,-1.53
31.949999999999996,0.001618172462796717,-0.01201328954664843,-1.53
31.959999999999994,0.0016183133799094612,-0.016070790868838728,-1.5200000000000071
31.96999999999999,0.001618790014899648,-0.01938617719433217,-1.52
31.979999999999997,0.0016195730612267986,-0.02188087282353411,-1.52
31.989999999999995,0.0016206090506059852,-0.023534677416262275,-1.52
31.999999999999993,0.001621824456623085,-0.024389402917316724,-1.52
32.01,0.00162313112252034,-0.02455012656132917,-1.52
32.019999999999996,0.0016244332208327546,-0.024180982164681914,-1.52
32.029999999999994,0.001625635686616801,-0.023492084694199385,-1.52
32.03999999999999,0.0016266536067544794,-0.022716253591097985,-1.5100000000000071
32.05,0.0016274215400026587,-0.02207758480463466,-1.51
32.059999999999995,0.0016279013798386965,-0.02175700615623082,-1.51
32.06999999999999,0.0016280873151340346,-0.021861736304556748,-1.51
32.08,0.001628006759314413,-0.02240550960988182,-1.51
32.089999999999996,0.0016277167568629332,-0.023304240721999537,-1.51
32.099999999999994,0.001627296175918084,-0.02438797337580969,-1.51
32.10999999999999,0.0016268347467613626,-0.025426077087856155,-1.500000000000007
32.12,0.001626420543254457,-0.02616039083770195,-1.5
32.129999999999995,0.0016261277570530084,-0.026340613824468683,-1.5
32.13999999999999,0.0016260065852841744,-0.025756825898101188,-1.5
32.15,0.0016260767772382446,-0.02426507679888203,-1.5
32.16,0.0016263259047808046,-0.02180358360077544,-1.5
32.169999999999995,0.001626712763014171,-0.018398955272663147,-1.5
32.17999999999999,0.0016271755023050314,-0.014163261547852904,-1.490000000000007
32.19,0.001627643223625238,-0.009283210007189388,-1.49
32.199999999999996,0.00162804901105989,-0.004002557331888047,-1.49
32.209999999999994,0.0016283419533337257,0.0014011606752086531,-1.49
32.21999999999999,0.0016284957977271582,0.006644165522804038,-1.49
32.23,0.0016285125359578958,0.011466102274166572,-1.49
32.239999999999995,0.0016284203246582222,0.015658706455751892,-1.49
32.24999999999999,0.001628266406090316,0.019089661443979507,-1.480000000000007
32.26,0.0016281067549040037,0.021718074522804182,-1.48
32.269999999999996,0.001627994750091139,0.023599115994451726,-1.48
32.279999999999994,0.001627971149444515,0.024876901331521414,-1.48
32.28999999999999,0.0016280571017260209,0.025766204922709573,-1.48
32.3,0.0016282510894471774,0.026524830741398674,-1.48
32.309999999999995,0.0016285298297628234,0.02741949742239975,-1.470000000000007
32.31999999999999,0.0016288524886265891,0.028689016709484063,-1.47
32.33,0.001629167176702982,0.0305093110957876,-1.47
32.339999999999996,0.001629418580340169,0.0329654015623155,-1.47
32.349999999999994,0.0016295556593867123,0.036035492586339174,-1.460000000000007
32.35999999999999,0.0016295385187777844,0.039590785941027835,-1.4699999999999929
32.37,0.0016293437588680373,0.043411540968246703,-1.46
32.379999999999995,0.0016289677990091842,0.04721653838905657,-1.4699999999999929
32.38999999999999,0.001628427849676414,0.05070087094235974,-1.460000000000007
32.4,0.0016277603932393719,0.0535758367470256,-1.46
32.41,0.0016270172383361769,0.055604233273859056,-1.46
32.419999999999995,0.0016262594527604163,0.05662517871985737,-1.46
32.42999999999999,0.0016255497588722608,0.05656534843966382,-1.450000000000007
32.44,0.0016249442677946134,0.05543711543101487,-1.46
32.449999999999996,0.001624484665940278,0.05332662424981154,-1.450000000000007
32.459999999999994,0.0016241920574440287,0.0503756484759365,-1.45
32.46999999999999,0.0016240635323911574,0.046760838624794146,-1.45
32.48,0.0016240721481268938,0.04267327607811133,-1.45
32.489999999999995,0.0016241704307991005,0.038300203233373006,-1.440000000000007
32.49999999999999,0.0016242968604818877,0.033809680311714524,-1.4499999999999929
32.51,0.0016243842686857824,0.02933842448507406,-1.44
32.519999999999996,0.0016243687876972106,0.02498330499271871,-1.44
32.529999999999994,0.0016241979984738264,0.02079701867140295,-1.44
32.53999999999999,0.001623837191899949,0.01678785396166718,-1.44
32.55,0.0016232730834985977,0.01292276391305008,-1.43
32.559999999999995,0.0016225147761614854,0.009132954954943099,-1.4399999999999928
32.56999999999999,0.001621592153146792,0.005321845487925482,-1.430000000000007
32.58,0.0016205521660469409,0.0013757904090872422,-1.43
32.589999999999996,0.001619453659927518,-0.0028222401683745484,-1.43
32.599999999999994,0.001618361461174451,-0.00737648562118718,-1.43
32.60999999999999,0.0016173404516091109,-0.012360666687190647,-1.43
32.62,0.001616450271666617,-0.017800039869444423,-1.43
32.629999999999995,0.0016157411444560723,-0.023655119889555338,-1.420000000000007
32.63999999999999,0.0016152511099167379,-0.02980955216115016,-1.4299999999999928
32.64999999999999,0.0016150047371426134,-0.03606498367285649,-1.420000000000007
32.66,0.0016150131807912132,-0.04214563970699519,-1.42
32.669999999999995,0.0016152752877645598,-0.0477145516590286,-1.42
32.67999999999999,0.0016157793478099218,-0.052402054665663646,-1.42
32.69,0.0016165050186073284,-0.05584524037119385,-1.41
32.699999999999996,0.0016174249582999703,-0.0577345334298674,-1.4199999999999928
32.709999999999994,0.0016185057915125338,-0.05786087145395237,-1.410000000000007
32.71999999999999,0.0016197082335290896,-0.056154947896930534,-1.41
32.73,0.001620986488285045,-0.052709815749003165,-1.41
32.739999999999995,0.001622287365909235,-0.04778058856653647,-1.41
32.74999999999999,0.0016235498399470166,-0.0417593478214583,-1.41
32.76,0.001624705871679246,-0.03512813915510895,-1.41
32.769999999999996,0.0016256831851228215,-0.02839696883836445,-1.41
32.779999999999994,0.0016264102620063693,-0.022036538944795677,-1.400000000000007
32.78999999999999,0.0016268232117490772,-0.016416870769927754,-1.4
32.8,0.0016268735216632961,-0.01176250526497547,-1.4
32.809999999999995,0.0016265352186225783,-0.008132096189119142,-1.4
32.81999999999999,0.0016258098504674256,-0.005425175533625672,-1.4
32.83,0.0016247279983260168,-0.003413035906205378,-1.4
32.839999999999996,0.0016233467016571737,-0.0017858597672908074,-1.4
32.849999999999994,0.0016217430260524542,-0.00020592613800503925,-1.390000000000007
32.85999999999999,0.0016200047790818801,0.001642545564168483,-1.39
32.87,0.001618219887137088,0.004013452018112418,-1.39
32.879999999999995,0.001616466111354545,0.007071922843240445,-1.39
32.88999999999999,0.0016148026319521313,0.01088115891325533,-1.39
32.89999999999999,0.0016132646571236603,0.015402288653294434,-1.39
32.91,0.001611861720599358,0.02050574924781319,-1.39
32.919999999999995,0.0016105798008801476,0.025991910452450046,-1.380000000000007
32.92999999999999,0.0016093868680581995,0.03161780362561005,-1.38
32.94,0.0016082409770908316,0.0371263095581426,-1.38
32.949999999999996,0.001607099639178307,0.042274299925516665,-1.38
32.959999999999994,0.0016059289921972926,0.046856707015347644,-1.3700000000000072
32.96999999999999,0.001604711316807059,0.05072394569576031,-1.3799999999999928
32.98,0.0016034497220903355,0.05379085782432138,-1.37
32.989999999999995,0.001602169309718698,0.056036742194159335,-1.37
32.99999999999999,0.0016009147165486736,0.05749753069289846,-1.37
33.01,0.0015997445040704021,0.05825200830175286,-1.37
33.019999999999996,0.0015987233073579184,0.05840422578015937,-1.37
33.029999999999994,0.0015979129280465525,0.05806455148870989,-1.37
33.03999999999999,0.001597363651466296,0.05733222818915665,-1.3600000000000072
33.05,0.0015971070063726443,0.05628211890769735,-1.37
33.059999999999995,0.001597150989390611,0.05495724701156684,-1.3600000000000072
33.06999999999999,0.0015974784570992725,0.05336764198030593,-1.36
33.08,0.001598048953366867,0.05149560922314297,-1.36
33.089999999999996,0.0015988037223909368,0.049307211702144416,-1.36
33.099999999999994,0.0015996731461953525,0.046768682415399686,-1.3500000000000072
33.10999999999999,0.0016005854561068477,0.04386506579849338,-1.359999999999993
33.12,0.0016014753915794325,0.04061747452486162,-1.35
33.129999999999995,0.0016022915457333626,0.03709521560487894,-1.35
33.13999999999999,0.0016030014126714148,0.03341964054058517,-1.35
33.14999999999999,0.0016035935592147352,0.029758021334954782,-1.35
33.16,0.0016040767904804724,0.026307840069738905,-1.35
33.169999999999995,0.001604476594843612,0.02327375627948779,-1.35
33.17999999999999,0.0016048295055838078,0.02084060069489605,-1.3400000000000072
33.19,0.0016051762856977242,0.01914634870365173,-1.35
33.199999999999996,0.0016055550020491894,0.018259407269184232,-1.3400000000000072
33.209999999999994,0.0016059950688656565,0.0181641104768111,-1.34
33.21999999999999,0.0016065131797729378,0.018756490205632696,-1.34
33.23,0.0016071117104344023,0.0198498539056158,-1.34
33.239999999999995,0.0016077797054403857,0.021188090216981183,-1.3300000000000072
33.24999999999999,0.0016084960626217696,0.022464695146928008,-1.339999999999993
33.26,0.001609234119994572,0.023346333884812373,-1.33
33.269999999999996,0.0016099666318389147,0.023500173305489962,-1.33
33.279999999999994,0.0016106701273708576,0.022624019888557178,-1.33
33.28999999999999,0.0016113278537645572,0.02047756519551216,-1.33
33.3,0.001611930844789715,0.01691189528593568,-1.32
33.309999999999995,0.0016124770399142255,0.01189352616535886,-1.329999999999993
33.31999999999999,0.0016129687382008778,0.005519316364111363,-1.33
33.33,0.0016134089706930789,-0.001980517033640803,-1.33
33.339999999999996,0.001613797591718626,-0.010253090252105225,-1.3200000000000072
33.349999999999994,0.0016141279928597683,-0.018847919557534416,-1.32
33.35999999999999,0.0016143852950897168,-0.027254985008392855,-1.32
33.37,0.0016145466473448623,-0.03495164305055753,-1.32
33.379999999999995,0.0016145838576451916,-0.04145210068361401,-1.32
33.38999999999999,0.0016144680623148273,-0.04635269829093513,-1.32
33.39999999999999,0.0016141756170871754,-0.04936719907918983,-1.32
33.41,0.0016136940182075318,-0.05034788723968101,-1.31
33.419999999999995,0.001613026551694691,-0.04929037053206105,-1.31
33.42999999999999,0.001612194573146739,-0.0463227168119587,-1.31
33.44,0.0016112367965740108,-0.04168231383556328,-1.31
33.449999999999996,0.001610205588742551,-0.03568539409103597,-1.31
33.459999999999994,0.0016091608555443672,-0.028694111078028297,-1.31
33.46999999999999,0.0016081625351226196,-0.02108520683035697,-1.31
33.48,0.001607262921217449,-0.013223349042536164,-1.3
33.489999999999995,0.0016065000347210562,-0.0054409559249409345,-1.3
33.49999999999999,0.0016058930802388494,0.0019753705705377747,-1.3
33.51,0.0016054407133240809,0.00879319923548107,-1.3
33.519999999999996,0.001605122436019326,0.014839283564234381,-1.3
33.529999999999994,0.0016049029562242403,0.020002307596939214,-1.2900000000000071
33.53999999999999,0.0016047388345045322,0.024232987422428298,-1.299999999999993
33.55,0.0016045862920225033,0.027540098984965195,-1.29
33.559999999999995,0.0016044087842383922,0.029981248883014587,-1.29
33.56999999999999,0.0016041829500649555,0.031648873055996146,-1.29
33.58,0.0016039018521625474,0.03265401863586289,-1.29
33.589999999999996,0.0016035749742853709,0.03311163962584646,-1.2800000000000071
33.599999999999994,0.0016032250994189182,0.0331309473873768,-1.289999999999993
33.60999999999999,0.0016028827865127537,0.032812957843585004,-1.29
33.62,0.00160257955943275,0.03225503342690153,-1.28
33.629999999999995,0.001602341062808727,0.03155953934502947,-1.28
33.63999999999999,0.0016021813423046797,0.030841874542962913,-1.28
33.64999999999999,0.0016020991380205631,0.030233201430417567,-1.2700000000000071
33.66,0.0016020767232017515,0.029875248464584458,-1.28
33.669999999999995,0.0016020814412389687,0.029907460428567484,-1.28
33.67999999999999,0.001602069725503696,0.03044917724400699,-1.28
33.69,0.0016019930500765019,0.031580669149235005,-1.27
33.699999999999996,0.0016018049864958595,0.033326679457377696,-1.27
33.709999999999994,0.0016014683743157663,0.035645301218899146,-1.27
33.71999999999999,0.0016009615873890837,0.03842440397868262,-1.27
33.73,0.0016002830072584695,0.0414873770794256,-1.26
33.739999999999995,0.0015994530802247808,0.04460877918630863,-1.269999999999993
33.74999999999999,0.0015985136797511499,0.04753829101261893,-1.2600000000000071
33.76,0.0015975248486642306,0.05002914871542234,-1.26
33.769999999999996,0.0015965593013251883,0.05186615298825509,-1.26
33.779999999999994,0.001595695302130084,0.052888399939360994,-1.26
33.78999999999999,0.0015950087002491468,0.05300244991093933,-1.250000000000007
33.8,0.0015945649890578032,0.05218305813684184,-1.26
33.809999999999995,0.001594412263224595,0.05046153129615899,-1.250000000000007
33.81999999999999,0.0015945758533702538,0.047905451601262514,-1.259999999999993
33.83,0.0015950552195789186,0.04459599104310686,-1.25
33.839999999999996,0.001595823397109503,0.040609184399551905,-1.25
33.849999999999994,0.001596828962871097,0.0360056660657814,-1.25
33.85999999999999,0.0015980001998162126,0.030830615389006336,-1.25
33.87,0.0015992509286661917,0.025122945784197527,-1.24
33.879999999999995,0.001600487364637564,0.018930461534334777,-1.249999999999993
33.88999999999999,0.0016016153279639351,0.012326094190659422,-1.240000000000007
33.89999999999999,0.0016025471721559505,0.0054200702510423,-1.24
33.91,0.0016032078796776377,-0.0016357164344907907,-1.24
33.919999999999995,0.0016035399063837371,-0.008652297561856852,-1.24
33.92999999999999,0.0016035065315715574,-0.015415737893322751,-1.24
33.94,0.0016030936728002856,-0.021703624744990116,-1.24
33.949999999999996,0.0016023103094052703,-0.027302606257422594,-1.230000000000007
33.959999999999994,0.0016011877696529473,-0.032024694919693036,-1.23
33.96999999999999,0.0015997781391705133,-0.035721309918127914,-1.23
33.98,0.001598151948819896,-0.0382944349473219,-1.23
33.989999999999995,0.0015963951413969577,-0.039703844903429514,-1.23
33.99999999999999,0.0015946051644824336,-0.039969061602121984,-1.23
34.01,0.0015928859624629772,-0.03916514911634218,-1.23
34.019999999999996,0.0015913416982681282,-0.03741244494362038,-1.23
34.029999999999994,0.001590069243663285,-0.03486144132864207,-1.220000000000007
34.03999999999999,0.0015891498063526444,-0.031675115068696344,-1.22
34.05,0.0015886404313559062,-0.02801188078758728,-1.22
34.059999999999995,0.001588566412667981,-0.024012550791692917,-1.22
34.06999999999999,0.0015889157802900177,-0.0197937494526565,-1.22
34.08,0.0015896369322304397,-0.015448255918410097,-1.22
34.089999999999996,0.001590640166744052,-0.011050577745694649,-1.22
34.099999999999994,0.001591803404781644,-0.006664795259545072,-1.210000000000007
34.10999999999999,0.0015929818744208819,-0.0023519409602970227,-1.21
34.12,0.0015940210343588644,0.001824610080832972,-1.21
34.129999999999995,0.0015947715774653215,0.005796166625374073,-1.21
34.13999999999999,0.0015951049995595345,0.009488166570746743,-1.21
34.14999999999999,0.001594927984326641,0.012821978887554005,-1.21
34.16,0.001594193806220888,0.01571883594195466,-1.21
34.169999999999995,0.0015929091532267932,0.0181053880402954,-1.200000000000007
34.17999999999999,0.0015911352529170376,0.01992027806631918,-1.2
34.19,0.0015889829089187077,0.021121303926540623,-1.2
34.199999999999996,0.0015866018879714583,0.021692857481032536,-1.2
34.209999999999994,0.0015841658598588632,0.02165321360665502,-1.2
34.21999999999999,0.0015818546443222973,0.021060987619899448,-1.2
34.23,0.00157983580784016,0.02001970341965328,-1.2
34.239999999999995,0.0015782476907933829,0.018678978809436454,-1.190000000000007
34.24999999999999,0.0015771857686105873,0.01723067367346979,-1.19
34.26,0.001576693891141747,0.015898789810442956,-1.19
34.269999999999996,0.0015767614141342224,0.014922999313097901,-1.19
34.279999999999994,0.001577326539608924,0.014537120921932527,-1.19
34.28999999999999,0.0015782853671619283,0.014945153852648718,-1.19
34.3,0.0015795053585761364,0.016298088186605088,-1.18
34.309999999999995,0.0015808413127580893,0.018674327401125294,-1.18
34.31999999999999,0.0015821516733158947,0.022065600399602342,-1.18
34.33,0.0015833130866279004,0.026369741050299662,-1.18
34.339999999999996,0.0015842315403007245,0.0313919405232034,-1.18
34.349999999999994,0.0015848490219205398,0.036856025600860126,-1.18
34.35999999999999,0.0015851453095939454,0.042426098919006255,-1.170000000000007
34.37,0.001585135140112456,0.04773676764438803,-1.17
34.379999999999995,0.0015848615532210453,0.052428150104961296,-1.17
34.38999999999999,0.0015843866551413577,0.05618067790473601,-1.17
34.39999999999999,0.001583781333488524,0.05874467335609697,-1.17
34.41,0.0015831155236900986,0.0599607647930523,-1.17
34.419999999999995,0.0015824504265474543,0.059769226773303714,-1.160000000000007
34.42999999999999,0.0015818336111212766,0.058208594755163,-1.1699999999999928
34.44,0.0015812972841254195,0.05540536787629038,-1.16
34.449999999999996,0.0015808593218622944,0.05155689110260288,-1.16
34.459999999999994,0.0015805261318850446,0.046909247140171584,-1.16
34.46999999999999,0.0015802961827234134,0.04173211125740919,-1.16
34.48,0.0015801631578902027,0.036293187127240244,-1.15
34.489999999999995,0.0015801180926543654,0.030835278894474103,-1.1599999999999928
34.49999999999999,0.001580150381784762,0.02555855053226293,-1.150000000000007
34.51,0.00158024800642642,0.020609171554968535,-1.15
34.519999999999996,0.001580397561815946,0.016073931583995945,-1.15
34.529999999999994,0.001580584612448235,0.011979283541166603,-1.15
34.53999999999999,0.0015807946033858163,0.008293425266183267,-1.15
34.55,0.0015810141562968636,0.004931503986265929,-1.15
34.559999999999995,0.0015812322586025468,0.0017656429022270771,-1.140000000000007
34.56999999999999,0.0015814407571427575,-0.001358378710398914,-1.14
34.57999999999999,0.0015816337450948125,-0.004597901708089637,-1.14
34.589999999999996,0.0015818058278148995,-0.00808666390090434,-1.14
34.599999999999994,0.0015819497225781484,-0.01190966615714222,-1.14
34.60999999999999,0.0015820540023926042,-0.01608460752930425,-1.14
34.62,0.0015821018895632742,-0.020552795544269448,-1.13
34.629999999999995,0.0015820717892856698,-0.025179962994443302,-1.1399999999999928
34.63999999999999,0.0015819397839968393,-0.029766182361889777,-1.130000000000007
34.64999999999999,0.0015816837371364794,-0.03406407470158265,-1.13
34.66,0.0015812881737688527,-0.037804352974882646,-1.13
34.669999999999995,0.0015807488704067704,-0.04072657907630083,-1.13
34.67999999999999,0.0015800761609878475,-0.04261149143269782,-1.13
34.69,0.001579296308687031,-0.043310436947747805,-1.13
34.699999999999996,0.0015784507700224682,-0.04276764999653443,-1.13
34.709999999999994,0.0015775936144276032,-0.04103212420823785,-1.1200000000000072
34.71999999999999,0.001576787623349353,-0.03825744097334366,-1.12
34.73,0.0015760996288922934,-0.03468982756950437,-1.12
34.739999999999995,0.0015755955045509337,-0.030646122415942462,-1.12
34.74999999999999,0.0015753350022257298,-0.02648378158620905,-1.12
34.76,0.0015753664785707275,-0.022565220074683538,-1.12
34.769999999999996,0.0015757215707815197,-0.019219548560694525,-1.12
34.779999999999994,0.001576410090228914,-0.0167061463027427,-1.1100000000000072
34.78999999999999,0.0015774157372915579,-0.015185643728963296,-1.11
34.8,0.0015786935615563265,-0.014703762843507023,-1.11
34.809999999999995,0.0015801702239604811,-0.015191474046214433,-1.11
34.81999999999999,0.0015817479199380664,-0.01648127672946225,-1.11
34.82999999999999,0.0015833122454810432,-0.018335354880743112,-1.11
34.839999999999996,0.0015847434197690713,-0.020478704456672662,-1.11
34.849999999999994,0.0015859293583929382,-0.02263013616991327,-1.1000000000000072
34.85999999999999,0.001586778436021679,-0.024525934368363055,-1.1
34.87,0.0015872296421095445,-0.025933777308447037,-1.1
34.879999999999995,0.0015872583126528477,-0.026657436285189653,-1.1
34.88999999999999,0.0015868766078024445,-0.0265352141358774,-1.1
34.89999999999999,0.0015861291006478504,-0.025436328241135488,-1.1
34.91,0.0015850848654169068,-0.023258901738810366,-1.1
34.919999999999995,0.0015838280118404533,-0.019931440388834078,-1.0900000000000072
34.92999999999999,0.001582448604823078,-0.015417951563827496,-1.09
34.94,0.0015810354166233417,-0.009725618953406009,-1.09
34.949999999999996,0.001579671194877573,-0.0029128126834206346,-1.09
34.959999999999994,0.0015784303521683269,0.004905341033212887,-1.09
34.96999999999999,0.001577378393017209,0.013555794822784784,-1.0800000000000072
34.98,0.0015765720853154182,0.022811163430044867,-1.09
34.989999999999995,0.001576059358221291,0.032397248256759,-1.0800000000000072
34.99999999999999,0.0015758781191943414,0.04200343324464225,-1.08
35.01,0.0015760535608274184,0.051295111595617664,-1.08
35.019999999999996,0.0015765940081614728,0.05992773016741741,-1.08
35.029999999999994,0.0015774858798208245,0.06756263374973259,-1.0700000000000072
35.03999999999999,0.00157868882615755,0.0738851799393702,-1.079999999999993
35.05,0.0015801324546031769,0.07862473860450167,-1.07
35.059999999999995,0.001581716128171316,0.08157445209502424,-1.07
35.06999999999999,0.0015833130242932456,0.08260757728483073,-1.07
35.07999999999999,0.001584778938928594,0.08168777882801274,-1.07
35.089999999999996,0.0015859653127864436,0.07887217760526936,-1.0600000000000072
35.099999999999994,0.001586734889070243,0.07430710636272707,-1.069999999999993
35.10999999999999,0.0015869776101984708,0.06821705659841207,-1.0600000000000072
35.12,0.0015866240917099552,0.06088768281609728,-1.06
35.129999999999995,0.0015856543842396793,0.05264434374773019,-1.06
35.13999999999999,0.0015841006584647675,0.04382839749583639,-1.06
35.14999999999999,0.0015820436428564983,0.03477396252293146,-1.06
35.16,0.001579603747450197,0.02578771590666333,-1.06
35.169999999999995,0.0015769285436155662,0.017133536102649765,-1.06
35.17999999999999,0.0015741785436176412,0.00902302269041554,-1.06
35.19,0.0015715130914119003,0.001612483804903699,-1.06
35.199999999999996,0.0015690777826900626,-0.004993684023896904,-1.0500000000000071
35.209999999999994,0.0015669943438772283,-0.010734732498989218,-1.05
35.21999999999999,0.001565353439765493,-0.015583422080300714,-1.05
35.23,0.0015642105029304136,-0.019537019596438544,-1.05
35.239999999999995,0.0015635843978566344,-0.02261067989840508,-1.05
35.24999999999999,0.001563458553104399,-0.02483290536519573,-1.05
35.26,0.0015637841180947897,-0.02624322773879664,-1.04
35.269999999999996,0.0015644847152000386,-0.026893651679493195,-1.04
35.279999999999994,0.0015654624313617934,-0.02685509392070017,-1.04
35.28999999999999,0.0015666047839054049,-0.026227141011695293,-1.04
35.3,0.0015677924601755037,-0.02514591405994772,-1.04
35.309999999999995,0.0015689076342134223,-0.02378367606956552,-1.04
35.31999999999999,0.0015698425806220313,-0.022336420252834735,-1.04
35.32999999999999,0.0015705081306997164,-0.02100074599797498,-1.0300000000000071
35.339999999999996,0.0015708412815694252,-0.01994597528845813,-1.03
35.349999999999994,0.0015708110566198569,-0.01928925752083109,-1.03
35.35999999999999,0.0015704216351688036,-0.0190800071820241,-1.03
35.37,0.0015697119171854282,-0.019296833687998012,-1.03
35.379999999999995,0.0015687511067894854,-0.019856518345763362,-1.03
35.38999999999999,0.0015676305378383223,-0.020631288349773503,-1.03
35.39999999999999,0.001566452675895298,-0.021468702151608773,-1.0200000000000071
35.41,0.0015653188119068566,-0.022209203633830547,-1.02
35.419999999999995,0.001564317254574791,-0.022699595927539798,-1.02
35.42999999999999,0.001563513769145142,-0.02280385497613981,-1.02
35.44,0.0015629456345663578,-0.022413308142966964,-1.02
35.449999999999996,0.0015626201019668965,-0.02145633276599186,-1.02
35.459999999999994,0.0015625173611496857,-0.019905624853399372,-1.02
35.46999999999999,0.001562597452698875,-0.017780567512897406,-1.0100000000000071
35.48,0.001562809950943878,-0.01514353671889265,-1.01
35.489999999999995,0.0015631047360127042,-0.01209102334062361,-1.01
35.49999999999999,0.0015634418626418703,-0.008741617438172875,-1.01
35.51,0.0015637985390249197,-0.00522281213428657,-1.01
35.519999999999996,0.0015641716425158693,-0.001658476464887643,-1.01
35.529999999999994,0.0015645750290027675,0.0018406465677828646,-1.000000000000007
35.53999999999999,0.0015650320192449247,0.005181097814440939,-1.0
35.55,0.0015655646069946294,0.008284829950360102,-1.0
35.559999999999995,0.0015661818025819209,0.011083011627249275,-0.9900000000000071
35.56999999999999,0.0015668698429485,0.013508666378892606,-0.9999999999999929
35.57999999999999,0.0015675866668887948,0.015491318069873547,-1.0
35.589999999999996,0.0015682621587925776,0.016956084878046403,-1.0
35.599999999999994,0.0015688044540296722,0.017828617708722024,-0.9900000000000071
35.60999999999999,0.0015691113942560427,0.018045914909367227,-0.99
35.62,0.0015690852794153379,0.017571527132744926,-0.99
35.629999999999995,0.0015686485111003408,0.016412086018166565,-0.99
35.63999999999999,0.0015677575758457798,0.014630665158337886,-0.9800000000000071
35.64999999999999,0.0015664130350773525,0.012352146495496819,-0.9899999999999929
35.66,0.001564663715403702,0.009757417330424355,-0.99
35.669999999999995,0.0015626040925262171,0.007066570147815395,-0.9800000000000071
35.67999999999999,0.0015603649033518081,0.0045147926360490235,-0.98
35.69,0.0015580982029910796,0.002326462900257236,-0.98
35.699999999999996,0.0015559591769983155,0.0006923016739613183,-0.9700000000000071
35.709999999999994,0.0015540877216691001,-0.00024788077817342134,-0.9799999999999929
35.71999999999999,0.0015525928746802785,-0.00041665989212992185,-0.9700000000000071
35.73,0.0015515425384770682,0.00019436726308470675,-0.97
35.739999999999995,0.001550959727436973,0.0015222233959938682,-0.97
35.74999999999999,0.001550825132361918,0.003434926525010353,-0.97
35.76,0.001551084565905919,0.005739537086005354,-0.96
35.769999999999996,0.0015516591596881487,0.008196209475789166,-0.9699999999999929
35.779999999999994,0.0015524561398510379,0.01053730035113187,-0.97
35.78999999999999,0.0015533785118619836,0.012489645394671914,-0.97
35.8,0.0015543327820339969,0.01379807442855428,-0.96
35.809999999999995,0.0015552346212928262,0.014248524580113024,-0.96
35.81999999999999,0.0015560128921668066,0.013688913300364175,-0.96
35.82999999999999,0.001556612608927236,0.012045324608207519,-0.96
35.839999999999996,0.0015569972219784901,0.00933089618974598,-0.9500000000000071
35.849999999999994,0.0015571502608077486,0.005645707204348888,-0.9599999999999929
35.85999999999999,0.0015570760332348412,0.0011677347780567624,-0.96
35.87,0.0015567989257475137,-0.00386319861272495,-0.95
35.879999999999995,0.0015563609536780106,-0.009165474686426494,-0.95
35.88999999999999,0.0015558175387918977,-0.014437128749926099,-0.95
35.89999999999999,0.001555231919452694,-0.019377789381923024,-0.940000000000007
35.91,0.0015546689564778485,-0.023711443688178242,-0.95
35.919999999999995,0.0015541892533530819,-0.0272097144829971,-0.95
35.92999999999999,0.0015538444140540451,-0.029713429577620392,-0.940000000000007
35.94,0.001553673955497963,-0.03114899223526804,-0.94
35.949999999999996,0.001553703984951863,-0.03153651217607768,-0.94
35.959999999999994,0.0015539473816197278,-0.03098819334304376,-0.94
35.96999999999999,0.0015544049878125977,-0.029696764809965828,-0.94
35.98,0.001555067253942447,-0.027914606670067586,-0.94
35.989999999999995,0.0015559158704604422,-0.025925592382794866,-0.9300000000000072
35.99999999999999,0.001556925100392093,-0.024013629930632215,-0.93
36.01,0.0015580627276241172,-0.02243308018351673,-0.93
36.019999999999996,0.0015592906993290242,-0.0213854019452259,-0.93
36.029999999999994,0.001560565632725269,-0.021003856968309496,-0.93
36.03999999999999,0.0015618393728774453,-0.021345721355009253,-0.93
36.05,0.0015630597511984356,-0.02239082690348835,-0.93
36.059999999999995,0.0015641716387164402,-0.024046310122368884,-0.9200000000000071
36.06999999999999,0.001565118343997377,-0.026158533729920462,-0.92
36.07999999999999,0.0015658433858450555,-0.028532615730956785,-0.92
36.089999999999996,0.00156629266877375,-0.03095775083191129,-0.92
36.099999999999994,0.0015664170816356267,-0.03323410563825187,-0.92
36.10999999999999,0.0015661754997850865,-0.035196133669846905,-0.92
36.12,0.0015655380860969887,-0.0367279409460539,-0.92
36.129999999999995,0.001564489666016274,-0.037768197969447456,-0.9100000000000071
36.13999999999999,0.0015630328237325269,-0.03830457606743018,-0.91
36.14999999999999,0.001561190265878622,-0.038360297642435065,-0.91
36.16,0.0015590059645008995,-0.03797706058653331,-0.91
36.169999999999995,0.0015565446603730214,-0.03719850087906388,-0.91
36.17999999999999,0.0015538895047523702,-0.03605705662821338,-0.91
36.19,0.0015511379245167329,-0.03456586599510114,-0.91
36.199999999999996,0.001548396135082716,-0.03271665033900382,-0.9000000000000071
36.209999999999994,0.0015457729866320516,-0.030484087165803666,-0.9
36.21999999999999,0.0015433739223772677,-0.027836607564281416,-0.9
36.23,0.0015412957225804476,-0.024752382355202877,-0.9
36.239999999999995,0.001539622442747459,-0.021237211139377644,-0.9
36.24999999999999,0.0015384226249798082,-0.01733912813548115,-0.9
36.26,0.0015377475832396672,-0.013154571580852311,-0.89
36.269999999999996,0.0015376304147813166,-0.008823287931867443,-0.89
36.279999999999994,0.0015380853866052726,-0.0045122930407983175,-0.89
36.28999999999999,0.0015391074569055696,-0.000391877808271502,-0.8800000000000071
36.3,0.0015406718676981884,0.0033913474370857355,-0.89
36.309999999999995,0.001542733931486583,0.006738252600100871,-0.89
36.31999999999999,0.0015452292772279367,0.009612190173291013,-0.89
36.32999999999999,0.0015480748742115707,0.012041611118738886,-0.8800000000000071
36.339999999999996,0.0015511711012232024,0.014109412876416547,-0.88
36.349999999999994,0.0015544049989663319,0.015930826986960876,-0.88
36.35999999999999,0.0015576546877044265,0.01762408846427151,-0.88
36.37,0.0015607947904189604,0.019279993019375746,-0.88
36.379999999999995,0.0015637025870699499,0.02093726036072025,-0.88
36.38999999999999,0.0015662645328460708,0.02256985238205271,-0.88
36.39999999999999,0.0015683826975403047,0.024089782451921716,-0.8700000000000071
36.41,0.0015699806288054852,0.025364861270976483,-0.87
36.419999999999995,0.0015710081252851991,0.026246330940207636,-0.87
36.42999999999999,0.0015714444474487052,0.026598271847299803,-0.8600000000000071
36.44,0.0015712996016144668,0.026320784694449897,-0.87
36.449999999999996,0.0015706134863905277,0.025362239292754808,-0.87
36.459999999999994,0.001569452858279892,0.02372040143115901,-0.87
36.46999999999999,0.0015679062403632842,0.021435713183853195,-0.8600000000000071
36.48,0.0015660770758897074,0.018581083750832474,-0.86
36.489999999999995,0.001564075624644638,0.015251509661764926,-0.86
36.49999999999999,0.0015620102890632507,0.01155513601162066,-0.86
36.50999999999999,0.0015599791896503973,0.007606165046006021,-0.86
36.519999999999996,0.001558062844084475,0.0035195683697012204,-0.86
36.529999999999994,0.0015563187284252608,-0.0005923265409149656,-0.8500000000000071
36.53999999999999,0.0015547783245077607,-0.004621064685525999,-0.85
36.55,0.0015534470116482341,-0.008460998557785336,-0.85
36.559999999999995,0.0015523068710316178,-0.012006690555592685,-0.85
36.56999999999999,0.0015513221538553223,-0.015150600602823444,-0.85
36.57999999999999,0.0015504468276743173,-0.017783259071164178,-0.85
36.589999999999996,0.001549633284759442,-0.01979753483529773,-0.8400000000000071
36.599999999999994,0.0015488410345564716,-0.021097471470423394,-0.84
36.60999999999999,0.001548044094798505,-0.021610759589218955,-0.84
36.62,0.001547235909527617,-0.021302449944961898,-0.84
36.629999999999995,0.0015464309738849942,-0.02018668523359805,-0.84
36.63999999999999,0.001545662885467069,-0.018333464892417058,-0.84
36.64999999999999,0.0015449791554552313,-0.015868436646843585,-0.84
36.66,0.0015444336550961947,-0.012965192793240375,-0.84
36.669999999999995,0.001544077928710207,-0.009831456273369874,-0.8300000000000071
36.67999999999999,0.001543952721417346,-0.006692109278685147,-0.83
36.69,0.0015440809600791685,-0.0037721543925311766,-0.83
36.699999999999996,0.0015444631486222324,-0.0012814462197665091,-0.83
36.709999999999994,0.001545075769375628,0.0005982418813687664,-0.83
36.71999999999999,0.0015458728749070934,0.0017236346538048962,-0.83
36.73,0.00154679063470277,0.0019977821421098474,-0.83
36.739999999999995,0.0015477541926294963,0.001375731207449805,-0.8200000000000071
36.74999999999999,0.0015486858494921621,-0.00013123339855952585,-0.82
36.75999999999999,0.00154951338680839,-0.0024527375712012846,-0.82
36.769999999999996,0.001550177354858814,-0.005459037787972247,-0.82
36.779999999999994,0.0015506363768089222,-0.008965298624607583,-0.82
36.78999999999999,0.0015508699271948054,-0.012742280782530563,-0.82
36.8,0.001550878523071358,-0.01653394692685378,-0.82
36.809999999999995,0.0015506816908302723,-0.020080028951879977,-0.8100000000000072
36.81999999999999,0.0015503143456595781,-0.0231392789421877,-0.81
36.82999999999999,0.0015498223129000969,-0.02550870419921088,-0.81
36.839999999999996,0.0015492576556851599,-0.02703580077529965,-0.81
36.849999999999994,0.0015486743084897221,-0.027623207893741664,-0.81
36.85999999999999,0.0015481243177706732,-0.027227085946587692,-0.81
36.87,0.0015476548107643438,-0.02585166133957678,-0.81
36.879999999999995,0.001547305678878182,-0.023542822728534432,-0.8000000000000071
36.88999999999999,0.0015471078807470506,-0.020383207941392693,-0.8
36.89999999999999,0.0015470822397255903,-0.016489746375276726,-0.8
36.91,0.0015472386239075893,-0.012012688112069896,-0.8
36.919999999999995,0.0015475754423846886,-0.007133997641278396,-0.8
36.92999999999999,0.0015480794550509394,-0.0020632540455769047,-0.8
36.94,0.00154872595847209,0.0029696817750166425,-0.79
36.949999999999996,0.001549479459865185,0.007724932764720118,-0.79
36.959999999999994,0.0015502949679495415,0.01196506027785955,-0.79
36.96999999999999,0.0015511199982427859,0.015468899731023401,-0.79
36.98,0.0015518973036270324,0.01804569651516615,-0.79
36.989999999999995,0.001552568208797082,0.019548007014149056,-0.79
36.99999999999999,0.00155307628398648,0.01988183850005017,-0.79
37.00999999999999,0.001553370988662432,0.019013243459381816,-0.79
37.019999999999996,0.0015534108932435285,0.016971593832482146,-0.7800000000000071
37.029999999999994,0.0015531661654597474,0.013850152347963714,-0.78
37.03999999999999,0.0015526201693695702,0.009803850092252653,-0.78
37.05,0.0015517702106931828,0.005043200065367545,-0.78
37.059999999999995,0.0015506275966641312,-0.00017663409215226797,-0.7700000000000071
37.06999999999999,0.0015492172102782402,-0.005571372999539768,-0.7799999999999929
37.07999999999999,0.0015475767224837616,-0.010846263973599474,-0.7700000000000071
37.089999999999996,0.0015457554194996303,-0.01571569190362928,-0.77
37.099999999999994,0.0015438124729620854,-0.019921346614508596,-0.77
37.10999999999999,0.0015418144038675937,-0.0232465361769789,-0.77
37.12,0.001539831547527391,-0.025525116573550773,-0.77
37.129999999999995,0.0015379335376570515,-0.02664558429985281,-0.77
37.13999999999999,0.0015361841557353661,-0.02655306472580018,-0.7600000000000071
37.14999999999999,0.0015346362330360313,-0.025252448442967312,-0.76
37.16,0.0015333275085695336,-0.022814049414512,-0.76
37.169999999999995,0.0015322783220621642,-0.019379865364963007,-0.76
37.17999999999999,0.001531491714538764,-0.015165790554852529,-0.76
37.19,0.0015309559777698053,-0.010454663732222553,-0.76
37.199999999999996,0.0015306490979585421,-0.005577254677800931,-0.7500000000000071
37.209999999999994,0.0015305440848095316,-0.0008821863437194609,-0.7599999999999929
37.21999999999999,0.0015306140213682065,0.0033004719834908254,-0.7500000000000071
37.23,0.0015308358592808135,0.006695199476495548,-0.75
37.239999999999995,0.0015311924471885813,0.009110131883147465,-0.75
37.24999999999999,0.0015316728498997866,0.01045480890110469,-0.75
37.25999999999999,0.0015322714874507167,0.010744600955167128,-0.7400000000000071
37.269999999999996,0.001532986833723934,0.01009180676738304,-0.7499999999999929
37.279999999999994,0.0015338203011730702,0.008684811735968818,-0.75
37.28999999999999,0.0015347755592791642,0.0067582750204975214,-0.7400000000000071
37.3,0.0015358580592580837,0.004559088725544507,-0.74
37.309999999999995,0.0015370741849850412,0.0023138446443501126,-0.74
37.31999999999999,0.0015384293892960537,0.00020299298100806,-0.74
37.32999999999999,0.0015399249592347934,-0.0016548881070768693,-0.74
37.339999999999996,0.0015415536045693332,-0.0032073727504604334,-0.74
37.349999999999994,0.0015432946863095666,-0.004461587130468506,-0.74
37.35999999999999,0.001545110351636433,-0.005469005497903189,-0.7300000000000071
37.37,0.0015469439246760068,-0.006305166180176958,-0.73
37.379999999999995,0.0015487215465176606,-0.007048128745740895,-0.73
37.38999999999999,0.0015503573389275872,-0.007758827701873006,-0.73
37.39999999999999,0.0015517614997766522,-0.008465663720627289,-0.7200000000000071
37.41,0.0015528500047051086,-0.00915555906619514,-0.73
37.419999999999995,0.0015535542162569084,-0.009773825453767006,-0.73
37.42999999999999,0.0015538287835127596,-0.010234130712052323,-0.7200000000000071
37.44,0.001553656694800806,-0.010437292813735585,-0.72
37.449999999999996,0.0015530510332712908,-0.010294848862234241,-0.72
37.459999999999994,0.001552053635930039,-0.00975165944503031,-0.72
37.46999999999999,0.0015507312886701894,-0.008801866135999037,-0.72
37.48,0.00154917024366447,-0.007494505271353182,-0.72
37.489999999999995,0.0015474697676794223,-0.005928234325801471,-0.72
37.49999999999999,0.0015457352285908898,-0.004237281462340565,-0.7100000000000071
37.50999999999999,0.0015440710272555294,-0.002571850961389457,-0.71
37.519999999999996,0.0015425735793936461,-0.0010763140032092053,-0.71
37.529999999999994,0.0015413245875548899,0.0001314806566385518,-0.71
37.53999999999999,0.0015403849934220238,0.000976556711646858,-0.71
37.55,0.0015397901858673379,0.001436432996798424,-0.71
37.559999999999995,0.0015395471513755898,0.001542915926777813,-0.71
37.56999999999999,0.0015396341954301196,0.0013758514633706563,-0.7000000000000071
37.57999999999999,0.0015400035913484158,0.0010493564412016698,-0.7
37.589999999999996,0.0015405870587908237,0.0006926007251095381,-0.7
37.599999999999994,0.0015413034531455776,0.0004292993435009302,-0.7
37.60999999999999,0.0015420676152779016,0.0003610190724111631,-0.7
37.62,0.001542799110355739,0.000558152402644339,-0.7
37.629999999999995,0.0015434296183002769,0.0010596004978658097,-0.690000000000007
37.63999999999999,0.0015439079977633053,0.0018792141575759871,-0.69
37.64999999999999,0.0015442024530087537,0.003015039026076949,-0.69
37.66,0.0015442996973465877,0.004457245587803881,-0.69
37.669999999999995,0.0015442014603051619,0.006192148642855585,-0.6800000000000072
37.67999999999999,0.0015439190940222882,0.008201478736526702,-0.6899999999999928
37.69,0.0015434673661700673,0.010457077892018956,-0.68
37.699999999999996,0.0015428587245126186,0.012912096678555047,-0.68
37.709999999999994,0.001542099307305391,0.015491134104575708,-0.68
37.71999999999999,0.00154118770035719,0.018082846555972174,-0.68
37.73,0.0015401169070035636,0.020538541955875712,-0.68
37.739999999999995,0.0015388792820399174,0.02267923229034844,-0.68
37.74999999999999,0.0015374734490247138,0.02431180967661135,-0.6700000000000071
37.75999999999999,0.0015359116751644255,0.025252440438426747,-0.6799999999999929
37.769999999999996,0.0015342259816604235,0.025352469532335227,-0.6700000000000071
37.779999999999994,0.0015324714846208902,0.02452075086550035,-0.67
37.78999999999999,0.0015307260372085711,0.02273780406023585,-0.67
37.8,0.001529086009594966,0.02006078015047986,-0.67
37.809999999999995,0.001527658779140629,0.016621244787322836,-0.6600000000000071
37.81999999999999,0.0015265530312005982,0.012618206883641193,-0.6699999999999929
37.82999999999999,0.0015258682117798167,0.008306999379457291,-0.6600000000000071
37.839999999999996,0.0015256844437420162,0.003982778670563555,-0.66
37.849999999999994,0.0015260540032333032,-4.2517933049900146e-05,-0.66
37.85999999999999,0.001526995157992643,-0.003468879944929265,-0.66
37.87,0.001528488864647773,-0.006039274448426577,-0.66
37.879999999999995,0.0015304785254753876,-0.00756848804405709,-0.66
37.88999999999999,0.0015328727168225952,-0.007965540181587558,-0.6500000000000071
37.89999999999999,0.0015355505440298703,-0.0072465268961437145,-0.6599999999999929
37.91,0.0015383690925753195,-0.00553590697179917,-0.66
37.919999999999995,0.0015411723596202482,-0.0030555660841645148,-0.6500000000000071
37.92999999999999,0.0015438010578113684,-0.000102790878737077,-0.65
37.94,0.001546102748200641,0.0029796203675972357,-0.65
37.949999999999996,0.0015479418298297474,0.005836429432083161,-0.65
37.959999999999994,0.00154920894174312,0.00813175508883533,-0.65
37.96999999999999,0.0015498292960262217,0.009576799196726164,-0.65
37.98,0.0015497693701056795,0.00995236633710674,-0.64
37.989999999999995,0.0015490412841197832,0.00912585130506442,-0.64
37.99999999999999,0.001547704133624509,0.007062736784324526,-0.64
38.00999999999999,0.001545861607118657,0.0038329262436713036,-0.64
38.019999999999996,0.0015436554580397993,-0.00038805967547951245,-0.64
38.029999999999994,0.0015412548605584712,-0.005324075940470311,-0.64
38.03999999999999,0.0015388423208799143,-0.010611466640449353,-0.64
38.05,0.0015365974986438615,-0.015821889049249416,-0.63
38.059999999999995,0.0015346808133212542,-0.020494943478334946,-0.63
38.06999999999999,0.0015332189001543857,-0.024178547178979288,-0.63
38.07999999999999,0.001532293772168656,-0.026472577350710617,-0.63
38.089999999999996,0.001531936989265774,-0.02706952087299134,-0.63
38.099999999999994,0.0015321293838320828,-0.025785869031925923,-0.63
38.10999999999999,0.001532806133908748,-0.02258011702002421,-0.63
38.12,0.0015338663457841026,-0.01755649335338498,-0.62
38.129999999999995,0.001535185853298823,-0.01095625231980446,-0.62
38.13999999999999,0.0015366316562874082,-0.003139303906794654,-0.62
38.14999999999999,0.001538076302945453,0.0054416890899012344,-0.62
38.16,0.001539410583680977,0.014273607926555826,-0.62
38.169999999999995,0.001540553159628387,0.022820589133157133,-0.62
38.17999999999999,0.00154145618840104,0.03056530473804609,-0.62
38.18999999999999,0.0015421065820564305,0.037050835472113595,-0.6100000000000071
38.199999999999996,0.0015425231371824335,0.0419193756967361,-0.61
38.209999999999994,0.0015427502935764657,0.044943516788250974,-0.61
38.21999999999999,0.0015428496180332203,0.046045930254500614,-0.61
38.23,0.00154289024592691,0.045304664449085576,-0.61
38.239999999999995,0.0015429394685382437,0.042943655319986375,-0.6000000000000071
38.24999999999999,0.0015430544788706574,0.03930986205902121,-0.6099999999999929
38.25999999999999,0.0015432760388251249,0.03483898121583658,-0.6000000000000071
38.269999999999996,0.0015436245476665711,0.030012051237004102,-0.6
38.279999999999994,0.001544098698228218,0.02530641726151924,-0.6
38.28999999999999,0.001544676620599562,0.021145970115844112,-0.6
38.3,0.0015453191598086033,0.017856473464774248,-0.6
38.309999999999995,0.001545974747090228,0.015632066679076666,-0.6
38.31999999999999,0.001546585227265105,0.014518433501679274,-0.6
38.32999999999999,0.0015470920011701713,0.014415939081124981,-0.5900000000000071
38.339999999999996,0.001547441914193405,0.015102462026605718,-0.59
38.349999999999994,0.001547592434837268,0.01627205537701066,-0.59
38.35999999999999,0.0015475157818807582,0.01758297097819331,-0.5800000000000071
38.37,0.0015472017502268299,0.018707083055969773,-0.59
38.379999999999995,0.0015466590513293506,0.019372554123467663,-0.59
38.38999999999999,0.0015459150379750109,0.019393248382025444,-0.59
38.39999999999999,0.0015450137458321187,0.01868166140082567,-0.5800000000000071
38.41,0.001544012277778106,0.017245588190611186,-0.58
38.419999999999995,0.0015429757016004013,0.015171284820885662,-0.58
38.42999999999999,0.001541970835325429,0.012597626637611159,-0.58
38.43999999999999,0.0015410595344447072,0.009687031599954618,-0.58
38.449999999999996,0.001540292306267967,0.006599172090020042,-0.58
38.459999999999994,0.0015397031684449127,0.0034720498393967375,-0.5700000000000071
38.46999999999999,0.0015393065665101585,0.0004121421029955211,-0.57
38.48,0.0015390968447106348,-0.0025075369165194748,-0.57
38.489999999999995,0.0015390502764721955,-0.005244071275427358,-0.57
38.49999999999999,0.0015391291377450068,-0.007778429764711088,-0.57
38.50999999999999,0.0015392869175512532,-0.010107883553120837,-0.57
38.519999999999996,0.0015394736350763686,-0.01223774395019787,-0.5600000000000072
38.529999999999994,0.001539640409858794,-0.014173112299318027,-0.5699999999999928
38.53999999999999,0.0015397428457872623,-0.01591171433557152,-0.5600000000000072
38.55,0.0015397432861645952,-0.01743871847969,-0.56
38.559999999999995,0.0015396123860491433,-0.01872377130305128,-0.56
38.56999999999999,0.0015393305841257055,-0.019720215393137074,-0.56
38.57999999999999,0.0015388898919254774,-0.020366804213891674,-0.5500000000000071
38.589999999999996,0.0015382960162374556,-0.02059242622211818,-0.559999999999993
38.599999999999994,0.0015375703502665226,-0.020323670146110424,-0.56
38.60999999999999,0.001536751011601911,-0.019493971188156135,-0.5500000000000071
38.62,0.0015358920313867995,-0.018052956759417392,-0.55
38.629999999999995,0.0015350600716271627,-0.0159756614459381,-0.55
38.63999999999999,0.0015343286071537007,-0.013271811229362824,-0.55
38.64999999999999,0.0015337701814075217,-0.009994293359659387,-0.55
38.66,0.0015334479030487754,-0.006244478114653644,-0.55
38.669999999999995,0.0015334076087337228,-0.002171966228274993,-0.5400000000000071
38.67999999999999,0.0015336720002934248,0.0020324189117649715,-0.54
38.68999999999999,0.0015342376213462391,0.006150087072433174,-0.54
38.699999999999996,0.0015350749282300668,0.009952978804105839,-0.54
38.709999999999994,0.0015361311375794984,0.013223920532168707,-0.54
38.71999999999999,0.0015373351529106595,0.015775739047926503,-0.54
38.73,0.0015386037388660885,0.017466631377529056,-0.54
38.739999999999995,0.0015398481879816653,0.01821082464148894,-0.5300000000000071
38.74999999999999,0.0015409809189773202,0.017984508746465212,-0.53
38.75999999999999,0.0015419216502378927,0.016826936245861148,-0.53
38.769999999999996,0.0015426029270679327,0.014836332253415359,-0.53
38.779999999999994,0.001542974816354164,0.012160764380790978,-0.53
38.78999999999999,0.0015430085348062189,0.008985163681112093,-0.53
38.8,0.0015426986987188184,0.00551628191839234,-0.53
38.809999999999995,0.0015420638423873179,0.001967082882205366,-0.5200000000000071
38.81999999999999,0.0015411449111184848,-0.0014585234837755595,-0.52
38.82999999999999,0.0015400016269612635,-0.0045797451579074845,-0.52
38.839999999999996,0.001538706933458739,-0.00725035327357944,-0.52
38.849999999999994,0.0015373400715855377,-0.009365748139594801,-0.52
38.85999999999999,0.0015359791124422105,-0.010864361395473008,-0.52
38.87,0.0015346938863329772,-0.0117231151186877,-0.52
38.879999999999995,0.0015335401731283698,-0.011947879189486157,-0.5100000000000071
38.88999999999999,0.0015325557844586433,-0.011561435069302793,-0.51
38.89999999999999,0.0015317588473254384,-0.010592911360957675,-0.51
38.91,0.0015311482783302841,-0.009072640495236435,-0.51
38.919999999999995,0.0015307061811028876,-0.007034167122147611,-0.51
38.92999999999999,0.00153040172881617,-0.004521847614889347,-0.51
38.93999999999999,0.001530196002456026,-0.0016001551784915217,-0.5000000000000071
38.949999999999996,0.0015300472278625575,0.0016395081848618793,-0.5
38.959999999999994,0.0015299158746715736,0.005077456596364913,-0.5
38.96999999999999,0.001529769135011493,0.008570986125184584,-0.5
38.98,0.0015295843794372224,0.011965655731944294,-0.5
38.989999999999995,0.0015293512861311268,0.015110406057526357,-0.5
38.99999999999999,0.001529072454462461,0.01787326442690777,-0.5
39.00999999999999,0.0015287624461482947,0.02015435703490516,-0.4900000000000071
39.019999999999996,0.0015284453485390483,0.021894018089374273,-0.49
39.029999999999994,0.0015281511236096028,0.0230753405973883,-0.49
39.03999999999999,0.0015279111790520675,0.0237220357226922,-0.49
39.05,0.0015277537416792737,0.023893566579038485,-0.48
39.059999999999995,0.0015276996845614383,0.023679615072305746,-0.4899999999999929
39.06999999999999,0.0015277594217245221,0.023194802349573995,-0.4800000000000071
39.07999999999999,0.0015279313251403896,0.022572859169201993,-0.48
39.089999999999996,0.0015282018604770345,0.021958246392701546,-0.48
39.099999999999994,0.0015285473405493768,0.021493386404816777,-0.48
39.10999999999999,0.001528936935737189,0.021301209210462618,-0.48
39.12,0.0015293364179664677,0.021464863198565127,-0.48
39.129999999999995,0.0015297120701670268,0.022008120519707217,-0.4700000000000071
39.13999999999999,0.0015300342520211763,0.022880613582032167,-0.4799999999999929
39.14999999999999,0.0015302802374222197,0.023951786289597977,-0.4700000000000071
39.16,0.001530436084576058,0.02501665749740642,-0.47
39.169999999999995,0.001530497433134317,0.025814826640843634,-0.47
39.17999999999999,0.0015304692313990536,0.026061299725046474,-0.47
39.18999999999999,0.0015303644823615064,0.02548453595936924,-0.4600000000000071
39.199999999999996,0.0015302021677122662,0.02386520113887304,-0.46999999999999287
39.209999999999994,0.0015300045726608336,0.02106932428602369,-0.4600000000000071
39.21999999999999,0.0015297942990964582,0.017071191200627316,-0.46
39.23,0.0015295913224858825,0.011963025176057532,-0.46
39.239999999999995,0.0015294105069498277,0.005950081839817384,-0.46
39.24999999999999,0.001529260011731807,-0.0006680357346408884,-0.4500000000000071
39.25999999999999,0.0015291409585549156,-0.0075264601578188045,-0.4599999999999929
39.269999999999996,0.0015290485498627502,-0.014229551752933289,-0.4500000000000071
39.279999999999994,0.0015289745292468191,-0.02038603763533504,-0.45
39.28999999999999,0.0015289105050135122,-0.02564156869276957,-0.45
39.3,0.0015288513224825493,-0.029706935527716683,-0.45
39.309999999999995,0.001528797505235432,-0.03238073633056159,-0.45
39.31999999999999,0.0015287558949020736,-0.033565291891421586,-0.45
39.32999999999999,0.0015287380304460732,-0.03327469487857209,-0.45
39.339999999999996,0.0015287564436336533,-0.03163413452201894,-0.4400000000000071
39.349999999999994,0.0015288197236072248,-0.028870065995811493,-0.44
39.35999999999999,0.0015289276877169591,-0.025291456864550792,-0.44
39.37,0.0015290681047487587,-0.021262825170053803,-0.44
39.379999999999995,0.00152921608616159,-0.017169816004448023,-0.44
39.38999999999999,0.0015293365706049661,-0.013378583200190797,-0.44
39.39999999999999,0.0015293894897159303,-0.010192436102370145,-0.44
39.41,0.001529336491364247,-0.007812329967272872,-0.43
39.419999999999995,0.0015291477265847284,-0.006309296512425901,-0.43
39.42999999999999,0.0015288072650547992,-0.005615220131817841,-0.43
39.43999999999999,0.001528316136836081,-0.005534285086645587,-0.43
39.449999999999996,0.0015276926343462478,-0.005773018795710348,-0.43
39.459999999999994,0.001526970129724313,-0.005983644631160454,-0.43
39.46999999999999,0.0015261930992949183,-0.0058137210280804555,-0.4200000000000071
39.48,0.001525412230691233,-0.004954452284116596,-0.42
39.489999999999995,0.0015246794423864967,-0.0031805830207648463,-0.42
39.49999999999999,0.0015240434504641192,-0.0003767134737389824,-0.42
39.50999999999999,0.0015235462719597067,0.003452085765414968,-0.42
39.519999999999996,0.0015232208331857947,0.008184568123195316,-0.42
39.529999999999994,0.0015230896879702485,0.01360024278684975,-0.42
39.53999999999999,0.0015231647462282288,0.019406571091048732,-0.4100000000000071
39.55,0.0015234478558904677,0.025273894159313373,-0.41
39.559999999999995,0.001523932054530356,0.03087438491003641,-0.41
39.56999999999999,0.0015246032930438594,0.035919940166397275,-0.41
39.57999999999999,0.0015254424175298507,0.040193697400061824,-0.41
39.589999999999996,0.0015264271743774304,0.04357096726502624,-0.41
39.599999999999994,0.0015275339928135733,0.046027048790590115,-0.4000000000000071
39.60999999999999,0.0015287393241033393,0.04763113392249611,-0.4
39.62,0.0015300203949031206,0.048527421015239505,-0.4
39.629999999999995,0.001531355361830842,0.04890668454947579,-0.4
39.63999999999999,0.0015327230102808612,0.04897338111144108,-0.4
39.64999999999999,0.0015341022784573324,0.048914196637880505,-0.4
39.66,0.0015354719560226689,0.048873309491752205,-0.39
39.669999999999995,0.0015368108664723294,0.048937609067442454,-0.3999999999999929
39.67999999999999,0.0015380986832039137,0.04913245598388679,-0.3900000000000071
39.68999999999999,0.0015393172824653791,0.04942646263151054,-0.39
39.699999999999996,0.001540452277061663,0.04974276986581047,-0.39
39.709999999999994,0.001541494199380558,0.049974115021178156,-0.39
39.71999999999999,0.0015424387887555658,0.049999303622389024,-0.39
39.73,0.001543286014795911,0.04969950660915241,-0.39
39.739999999999995,0.001544037798933632,0.04897367171942655,-0.3800000000000071
39.74999999999999,0.0015446947816671562,0.047752163114422146,-0.38
39.75999999999999,0.0015452527951973112,0.046006389665153455,-0.38
39.769999999999996,0.0015456998416215864,0.043751423196004856,-0.38
39.779999999999994,0.0015460143105168426,0.041039948773999434,-0.3700000000000071
39.78999999999999,0.0015461649258997404,0.037948623782020324,-0.3799999999999929
39.8,0.001546112569811437,0.03456043683615833,-0.37
39.809999999999995,0.0015458137875149645,0.030947890869551773,-0.37
39.81999999999999,0.001545225520405824,0.02716119729407794,-0.37
39.82999999999999,0.0015443104794841329,0.023223554309971108,-0.37
39.839999999999996,0.001543042560668907,0.019133527959266212,-0.37
39.849999999999994,0.0015414117697346407,0.014873455369863845,-0.37
39.85999999999999,0.0015394282107515237,0.01042203233608813,-0.3600000000000071
39.87,0.0015371247597546886,0.005768295098600505,-0.37
39.879999999999995,0.0015345580935236755,0.0009237094687647541,-0.3600000000000071
39.88999999999999,0.0015318077941435105,-0.004070151143205105,-0.36
39.89999999999999,0.001528973330698106,-0.009139161677291981,-0.36
39.91,0.0015261688538352482,-0.01417888434649426,-0.36
39.919999999999995,0.0015235159452185107,-0.019060702444278273,-0.3500000000000071
39.92999999999999,0.0015211347462349555,-0.02364147344569472,-0.3599999999999929
39.93999999999999,0.0015191342202169758,-0.027776234784512126,-0.36
39.949999999999996,0.0015176026061489677,-0.0313326292212569,-0.3500000000000071
39.959999999999994,0.0015165992968139564,-0.03420496338827398,-0.35
39.96999999999999,0.0015161493275780108,-0.03632575795710157,-0.35
39.98,0.0015162413483922129,-0.037672978468259316,-0.35
39.989999999999995,0.001516829408714988,-0.0382716310142683,-0.35
39.99999999999999,0.0015178382460616314,-0.03818925110974841,-0.35
40.00999999999999,0.0015191712119645127,-0.037525960207195216,-0.34000000000000713
40.019999999999996,0.0015207196265905757,-0.03640077149665074,-0.34
40.029999999999994,0.0015223722643094774,-0.03493625183259695,-0.34
40.03999999999999,0.0015240238030650212,-0.03324347653867811,-0.34
40.05,0.0015255813523285637,-0.03140886189366192,-0.34
40.059999999999995,0.0015269685364139053,-0.029484210359682878,-0.34
40.06999999999999,0.001528126999868402,-0.027481151971409636,-0.34
40.07999999999999,0.001529015588568036,-0.025371137280924508,-0.3300000000000071
40.089999999999996,0.0015296078112999871,-0.02309205256699252,-0.33
40.099999999999994,0.001529888446835792,-0.020561805652254374,-0.33
40.10999999999999,0.0015298502647899087,-0.017697605199428958,-0.33
40.11999999999999,0.0015294917320780258,-0.014437735775233645,-0.33
40.129999999999995,0.0015288162844356939,-0.01076146385061258,-0.33
40.13999999999999,0.0015278333099724957,-0.006702915700001923,-0.33
40.14999999999999,0.0015265605195553154,-0.0023560618556685018,-0.3200000000000071
40.16,0.0015250269863452436,0.0021304314649198287,-0.32
40.169999999999995,0.0015232759236563254,0.006568243535885801,-0.32
40.17999999999999,0.001521366286784286,0.010752764770684575,-0.32
40.18999999999999,0.0015193725163634838,0.014491781638642292,-0.32
40.199999999999996,0.001517382109554528,0.017634918777111572,-0.32
40.209999999999994,0.0015154911003566964,0.020098358355320707,-0.32
40.21999999999999,0.0015137978618107739,0.021879973483320644,-0.3100000000000071
40.23,0.0015123958699309597,0.023061967300376858,-0.31
40.239999999999995,0.0015113661907427958,0.0238003079223268,-0.31
40.24999999999999,0.0015107704856434773,0.024302158755564622,-0.31
40.25999999999999,0.0015106452943786433,0.024794501662026742,-0.31
40.269999999999996,0.0015109982523678173,0.025489092836176157,-0.3000000000000071
40.279999999999994,0.0015118067204779794,0.026549630127265807,-0.3099999999999929
40.28999999999999,0.00151301905330992,0.02806617200401461,-0.3000000000000071
40.3,0.0015145584421129713,0.030040464454191944,-0.3
40.309999999999995,0.0015163289948424302,0.03238444134630775,-0.3
40.31999999999999,0.001518223495633733,0.03493226091036077,-0.3
40.32999999999999,0.0015201321248022167,0.037463907056393526,-0.2900000000000071
40.339999999999996,0.001521951313496531,0.03973649225307084,-0.2999999999999929
40.349999999999994,0.0015235918634239802,0.041518393818306625,-0.2900000000000071
40.35999999999999,0.0015249855068008042,0.04262118267031361,-0.29
40.36999999999999,0.0015260892409322152,0.042925006302410446,-0.29
40.379999999999995,0.001526887053272344,0.04239469117881264,-0.29
40.38999999999999,0.001527389024362753,0.041085825099320364,-0.28000000000000713
40.39999999999999,0.0015276281759123093,0.03914146037114808,-0.2899999999999929
40.41,0.0015276557151007353,0.03678032263406828,-0.28
40.419999999999995,0.0015275354387760016,0.03427718763354287,-0.2899999999999929
40.42999999999999,0.001527337987853212,0.03193649912154758,-0.28000000000000713
40.43999999999999,0.0015271354277576893,0.03006164003757682,-0.28
40.449999999999996,0.0015269963634968026,0.028923582989514997,-0.28
40.459999999999994,0.0015269815796727598,0.02873256034503336,-0.28
40.46999999999999,0.0015271401028713774,0.029614853021811972,-0.2700000000000071
40.48,0.0015275056422286726,0.03159541950360448,-0.28
40.489999999999995,0.0015280935429277988,0.034587190001081534,-0.2700000000000071
40.49999999999999,0.001528898606741812,0.038388990898068256,-0.27
40.50999999999999,0.0015298942899770775,0.04269479646204621,-0.27
40.519999999999996,0.0015310337950925974,0.04711623792632743,-0.27
40.529999999999994,0.001532253388061314,0.051217903498504753,-0.2600000000000071
40.53999999999999,0.001533477924230757,0.054561696246998026,-0.2699999999999929
40.55,0.0015346281423334275,0.05675368336708949,-0.26
40.559999999999995,0.001535628913828303,0.05748580916437749,-0.26
40.56999999999999,0.0015364174144637838,0.05656618182575882,-0.26
40.57999999999999,0.0015369501609721265,0.05393481960944973,-0.26
40.589999999999996,0.0015372080135022468,0.04966527993384166,-0.26
40.599999999999994,0.0015371985247742946,0.043954810110738256,-0.26
40.60999999999999,0.00153695534599821,0.03710575534126924,-0.26
40.61999999999999,0.0015365347252802362,0.029499930110306553,-0.26
40.629999999999995,0.0015360094386643757,0.02156728076856279,-0.26
40.63999999999999,0.0015354607710314446,0.013750892376919994,-0.2500000000000071
40.64999999999999,0.0015349693940591102,0.006471180974858432,-0.25
40.66,0.0015346061378354134,9.220368874069722e-05,-0.25
40.669999999999995,0.0015344236921116506,-0.0051071982490324,-0.25
40.67999999999999,0.001534450190762258,-0.008954729203917381,-0.25
40.68999999999999,0.0015346854381965483,-0.011395897345132362,-0.25
40.699999999999996,0.0015351002572131997,-0.012493376081648478,-0.2400000000000071
40.709999999999994,0.0015356391080463012,-0.012413683964634185,-0.24
40.71999999999999,0.0015362257709362625,-0.011401569108546228,-0.24
40.73,0.001536771511761714,-0.009744233279712248,-0.24
40.739999999999995,0.001537184789542647,-0.007729984326900684,-0.24
40.74999999999999,0.0015373812809096848,-0.005608066549086012,-0.24
40.75999999999999,0.0015372928797896565,-0.0035569517163952943,-0.24
40.769999999999996,0.0015368744565053094,-0.0016668688262083155,-0.23000000000000712
40.779999999999994,0.0015361075529901028,6.0597475489122904e-05,-0.23
40.78999999999999,0.0015350007886825792,0.001696591971213986,-0.23
40.8,0.0015335873982975814,0.003356932496548715,-0.23
40.809999999999995,0.0015319208182074328,0.0051684875653986665,-0.23
40.81999999999999,0.0015300694332876436,0.00723735692476676,-0.23
40.82999999999999,0.0015281114512094311,0.009625257063941541,-0.23
40.839999999999996,0.0015261304613923183,0.012337980770898671,-0.2200000000000071
40.849999999999994,0.001524211726813044,0.0153264793570338,-0.22
40.85999999999999,0.0015224388473121595,0.01849817414878196,-0.22
40.86999999999999,0.0015208902753921262,0.02173430514564606,-0.22
40.879999999999995,0.0015196353136226115,0.024908679223769305,-0.22
40.88999999999999,0.0015187296188095643,0.02790406415143877,-0.22
40.89999999999999,0.0015182107255876946,0.0306241967960744,-0.22
40.91,0.0015180944782710105,0.03300081972897458,-0.21
40.919999999999995,0.0015183733553841498,0.034995503875128814,-0.21
40.92999999999999,0.001519017411665437,0.03659578692285043,-0.21
40.93999999999999,0.0015199779995072789,0.03780572958137781,-0.21
40.949999999999996,0.0015211937442401234,0.03863275287042153,-0.21
40.959999999999994,0.0015225976719772459,0.039074378118923433,-0.21
40.96999999999999,0.0015241241073428958,0.03910897886515551,-0.21
40.98,0.0015257140345755732,0.038693711616086715,-0.2
40.989999999999995,0.0015273180004125515,0.037770935322200466,-0.2
40.99999999999999,0.001528896205793774,0.0362822526112672,-0.2
41.00999999999999,0.0015304160355235818,0.03418736721157332,-0.2
41.019999999999996,0.0015318477928737678,0.0314836548146665,-0.1900000000000071
41.029999999999994,0.0015331597774956563,0.0282219382335642,-0.1999999999999929
41.03999999999999,0.0015343140386966157,0.024514537215394372,-0.1900000000000071
41.05,0.001535264120813408,0.020533048841621337,-0.19
41.059999999999995,0.0015359558584378602,0.01649520627817049,-0.19
41.06999999999999,0.0015363317576220566,0.01264237483218997,-0.19
41.07999999999999,0.0015363387405514077,0.009211497602433739,-0.19
41.089999999999996,0.0015359381442788037,0.006406869518777649,-0.19
41.099999999999994,0.0015351160595519619,0.004377130561994852,-0.19
41.10999999999999,0.0015338916360419902,0.0032012685360515024,-0.19
41.11999999999999,0.0015323210794463667,0.0028850800868172564,-0.1800000000000071
41.129999999999995,0.0015304958017971753,0.0033672291594605682,-0.18
41.13999999999999,0.001528534437585282,0.004532128488851176,-0.18
41.14999999999999,0.001526569871141669,0.006225906133557341,-0.18
41.16,0.0015247335988216432,0.008272179301789617,-0.18
41.169999999999995,0.001523140327090597,0.010485849419918042,-0.18
41.17999999999999,0.001521875552623711,0.012684560613515618,-0.17000000000000712
41.18999999999999,0.0015209880796771334,0.014697945630255716,-0.17
41.199999999999996,0.0015204882845694524,0.016374521570395466,-0.17
41.209999999999994,0.00152035178952953,0.017586144653226984,-0.17
41.21999999999999,0.0015205273273188678,0.018230645430846248,-0.17
41.23,0.0015209470733857533,0.018233749515575912,-0.17
41.239999999999995,0.001521537580793456,0.017550883850496083,-0.1600000000000071
41.24999999999999,0.0015222296061380906,0.016168375760425794,-0.16
41.25999999999999,0.0015229654824090747,0.014102916160775523,-0.16
41.269999999999996,0.0015237032114291792,0.011398595819050568,-0.16
41.279999999999994,0.0015244170616119945,0.008121886125046489,-0.16
41.28999999999999,0.0015250950968179818,0.004355622154316386,-0.16
41.3,0.0015257346175711593,0.0001930660331289305,-0.16
41.309999999999995,0.0015263368339816653,-0.004266860726844642,-0.16
41.31999999999999,0.0015269021098238608,-0.00892175259128592,-0.1500000000000071
41.32999999999999,0.001527426795293552,-0.013664004144571515,-0.15
41.339999999999996,0.0015279020803583346,-0.018375279689031753,-0.15
41.349999999999994,0.0015283146329453396,-0.022919287703619607,-0.15
41.35999999999999,0.0015286482651668,-0.027136244688235618,-0.15
41.36999999999999,0.0015288856767035487,-0.03084217992744716,-0.15
41.379999999999995,0.0015290095212509732,-0.033834981700597684,-0.15
41.38999999999999,0.0015290025520997652,-0.035907667215971245,-0.14000000000000712
41.39999999999999,0.0015288472182283692,-0.036868085618014405,-0.14
41.41,0.0015285255380265662,-0.036562911984021236,-0.14
41.419999999999995,0.0015280201698011035,-0.034902432843383374,-0.14
41.42999999999999,0.0015273172613904516,-0.03188190644514858,-0.14
41.43999999999999,0.0015264109890031773,-0.02759562936850662,-0.14
41.449999999999996,0.001525308920198564,-0.022240981092920338,-0.14
41.459999999999994,0.0015240367504468161,-0.01611106606495952,-0.1300000000000071
41.46999999999999,0.0015226408010813994,-0.0095757024213066,-0.13
41.48,0.001521187020696168,-0.0030514965456769033,-0.13
41.489999999999995,0.0015197560218608618,0.003036793102019644,-0.13
41.49999999999999,0.0015184346701357146,0.008299152117521096,-0.13
41.50999999999999,0.001517305609090972,0.012420938416014765,-0.13
41.519999999999996,0.001516436601770475,0.015194512630134034,-0.13
41.529999999999994,0.0015158715902502005,0.016537408532488106,-0.1200000000000071
41.53999999999999,0.001515624967684552,0.0164959701194975,-0.12
41.55,0.001515679888430744,0.01523609604782903,-0.12
41.559999999999995,0.00151599072443755,0.013024103992119295,-0.12
41.56999999999999,0.0015164891716252119,0.010200929254443849,-0.12
41.57999999999999,0.0015170930832914006,0.007152230198331893,-0.12
41.589999999999996,0.001517716855445013,0.004276116207452359,-0.1100000000000071
41.599999999999994,0.0015182820860184536,0.0019500626100016614,-0.11
41.60999999999999,0.0015187272521960293,0.000499466084723194,-0.11
41.61999999999999,0.0015190152816308702,0.00017121548813809603,-0.11
41.629999999999995,0.0015191381239063188,0.001115165726794851,-0.10000000000000711
41.63999999999999,0.0015191177443704955,0.0033744555716210835,-0.1099999999999929
41.64999999999999,0.0015190033382599304,0.006883588309308658,-0.10000000000000711
41.66,0.001518864968338314,0.011472299395826172,-0.11
41.669999999999995,0.0015187842417279543,0.01687378498148478,-0.10000000000000711
41.67999999999999,0.001518843044966327,0.02273753875765463,-0.1
41.68999999999999,0.0015191117157223935,0.028648696160174115,-0.1
41.699999999999996,0.001519638270968409,0.03415569109261699,-0.1
41.709999999999994,0.001520440335375328,0.03880552283936924,-0.0900000000000071
41.71999999999999,0.001521501136481597,0.04218259270261635,-0.0999999999999929
41.73,0.0015227703303352532,0.04394539459306711,-0.09
41.739999999999995,0.001524169571178246,0.043856164333383636,-0.09
41.74999999999999,0.0015256018398703832,0.04180060596207379,-0.09
41.75999999999999,0.00152696285575922,0.03779651800880373,-0.09
41.769999999999996,0.0015281526176524746,0.03199121684370334,-0.08000000000000711
41.779999999999994,0.0015290853202351608,0.02464851103786211,-0.08999999999999289
41.78999999999999,0.0015296964898440226,0.016126964981352604,-0.09
41.8,0.0015299469642166442,0.006852248983321268,-0.08
41.809999999999995,0.0015298240399361676,-0.0027130745656992372,-0.08
41.81999999999999,0.0015293405301636139,-0.012099618792304059,-0.08
41.82999999999999,0.0015285325474207292,-0.020859903876517198,-0.08
41.839999999999996,0.0015274566084856522,-0.028595505374031147,-0.08
41.849999999999994,0.001526186292102485,-0.034981837227176,-0.08
41.85999999999999,0.0015248083367860863,-0.039788661981873336,-0.08
41.86999999999999,0.0015234178844015613,-0.0428941495296001,-0.07000000000000711
41.879999999999995,0.001522112620839498,-0.044291143642291836,-0.07
41.88999999999999,0.0015209858196526284,-0.04408534051309733,-0.07
41.89999999999999,0.0015201186651411461,-0.042485455271135196,-0.07
41.91,0.0015195725880093084,-0.039785232959493544,-0.07
41.919999999999995,0.0015193825775602439,-0.0363373434292185,-0.07
41.92999999999999,0.0015195524801203898,-0.032520491766104,-0.07
41.93999999999999,0.0015200531495933281,-0.028703016233504124,-0.0600000000000071
41.949999999999996,0.0015208240208077933,-0.025207831291989818,-0.06
41.959999999999994,0.0015217782839621423,-0.022284085317240014,-0.06
41.96999999999999,0.0015228113875581262,-0.020089904376783617,-0.06
41.98,0.001523812107909301,-0.018688010062461128,-0.06
41.989999999999995,0.0015246749356308531,-0.018052636918081316,-0.06
41.99999999999999,0.0015253121376240394,-0.018083647497551383,-0.06
42.00999999999999,0.0015256636868406191,-0.018623332249583863,-0.05000000000000711
42.019999999999996,0.001525703420142012,-0.019473015630737604,-0.05
42.029999999999994,0.0015254403226390724,-0.020409050405950598,-0.05
42.03999999999999,0.0015249146711053397,-0.02119950246060182,-0.05
42.04999999999999,0.0015241897074743161,-0.021622652405808837,-0.05
42.059999999999995,0.0015233403098078775,-0.021486536890953506,-0.05
42.06999999999999,0.0015224405925204207,-0.020646777091582327,-0.05
42.07999999999999,0.0015215524303512438,-0.019019531630839446,-0.040000000000007106
42.089999999999996,0.0015207166041899564,-0.016587600505618978,-0.04
42.099999999999994,0.0015199477299097388,-0.013399201060473487,-0.04
42.10999999999999,0.001519233497341381,-0.009559732918495245,-0.04
42.11999999999999,0.0015185381266731462,-0.005217256992149107,-0.04
42.129999999999995,0.0015178094009567172,-0.0005433410763220082,-0.04
42.13999999999999,0.0015169881849535086,0.004287597405078657,-0.030000000000007104
42.14999999999999,0.0015160190258262504,0.009116339135575817,-0.03
42.16,0.0015148602934425812,0.013810684197096532,-0.03
42.169999999999995,0.001513492394284658,0.018269369433288402,-0.03
42.17999999999999,0.0015119228939472849,0.02241874101472191,-0.03
42.18999999999999,0.0015101878727658707,0.026204424469272115,-0.03
42.199999999999996,0.001508349425279874,0.029580797647570566,-0.03
42.209999999999994,0.0015064897784899025,0.03250099305493461,-0.020000000000007106
42.21999999999999,0.001504702954208783,0.034909662186649336,-0.02
42.23,0.0015030851966482555,0.03674005992043583,-0.02
42.239999999999995,0.0015017255205350458,0.037916549572507126,-0.02
42.24999999999999,0.0015006977064446914,0.03836319825361742,-0.02
42.25999999999999,0.0015000548709301089,0.03801790926847792,-0.010000000000007106
42.269999999999996,0.0014998273562229153,0.03684934518434261,-0.019999999999992895
42.279999999999994,0.0015000241201321598,0.03487190678934052,-0.010000000000007106
42.28999999999999,0.0015006371244290408,0.03215390597859876,-0.01
42.29999999999999,0.0015016475723538941,0.02881635709234754,-0.01
42.309999999999995,0.0015030324300127425,0.025023125237675112,-0.01
42.31999999999999,0.0015047696279418127,0.020965291700895016,-0.01
42.32999999999999,0.0015068407096483147,0.01684276413988213,-0.01
42.339999999999996,0.0015092303834139656,0.012845579930496323,-0.01
42.349999999999994,0.0015119232527833434,0.00913713758519156,-0.01
42.35999999999999,0.0015148987205829431,0.005841452704414225,-0.01
42.36999999999999,0.0015181254949186995,0.003035884942614395,-0.01
42.379999999999995,0.0015215571851865128,0.000749769217106764,-0.01
42.38999999999999,0.0015251301842552133,-0.001031542416029788,-0.01
42.39999999999999,0.0015287645089787165,-0.0023583618796312613,-0.01
42.41,0.001532367678161113,-0.003305561632141131,-0.01
