time_s,pressure_atm,force_N,position_mm
0.0,0.0014814722362521088,-0.001981001233169173,-0.01
0.010000000000001563,0.0014783890192122608,0.0034565577160770087,-0.01
0.019999999999999574,0.0014754086470545483,0.008041042033617581,-0.01
0.030000000000001137,0.0014726376747789649,0.011420459949711146,-0.01
0.03999999999999915,0.0014701665566580976,0.013365856050911088,-0.01
0.05000000000000071,0.0014680624141062137,0.013780519417347595,-0.01
0.05999999999999872,0.0014663641037937693,0.012700594227972142,-0.01
0.07000000000000028,0.00146508027233078,0.010286100566892813,-0.01
0.0799999999999983,0.0014641907214234477,0.00680238598770151,-0.01
0.08999999999999986,0.0014636508731923983,0.0025935502621989514,-0.01
0.10000000000000142,0.0014633985588506922,-0.0019495528439502573,-0.01
0.10999999999999943,0.0014633619405734972,-0.006423961454097858,-0.01
0.11999999999999922,0.0014634672557531402,-0.010449424860214834,-0.01
0.13000000000000078,0.001463645281086536,-0.01370111183574877,-0.01
0.14000000000000057,0.0014638358787025937,-0.01593773209226135,-0.01
0.15000000000000036,0.0014639905496084298,-0.017022066383570244,-0.02
0.16000000000000014,0.0014640733916109665,-0.01693051075051956,-0.01
0.16999999999999993,0.0014640610940518323,-0.01574889085935883,-0.02
0.17999999999999972,0.0014639425478618364,-0.013653942488556227,-0.02
0.1899999999999995,0.001463718358920009,-0.010882718558999999,-0.02
0.1999999999999993,0.0014634001687965808,-0.007694692309377876,-0.02
0.21000000000000085,0.0014630093928078808,-0.004333106821314457,-0.02
0.22000000000000064,0.0014625749270776275,-0.0009927846345951679,-0.02
0.23000000000000043,0.0014621296078173838,0.002199686838060715,-0.03
0.2400000000000002,0.0014617056660113392,0.005190733922914152,-0.02
0.25,0.0014613299385723428,0.007990644521149,-0.03
0.2599999999999998,0.0014610199522850896,0.010654396142537844,-0.03
0.2699999999999996,0.0014607820148730332,0.01325783338636631,-0.03
0.27999999999999936,0.0014606120681918092,0.015874689211877267,-0.03
0.28999999999999915,0.001460499361972083,0.018558632471172593,-0.04
0.3000000000000007,0.0014604322034635641,0.021332341416401307,-0.03
0.3100000000000005,0.0014604043969031772,0.024183743404498675,-0.04
0.3200000000000003,0.001460420717037571,0.027068540030743347,-0.04
0.33000000000000007,0.0014604999413677386,0.029917594097708614,-0.04
0.33999999999999986,0.0014606745327397888,0.03264728835171162,-0.04
0.34999999999999964,0.0014609868366043776,0.035170531402961724,-0.04
0.35999999999999943,0.0014614824053306036,0.03740611831545725,-0.04
0.3699999999999992,0.0014622015999392424,0.03928509267966614,-0.05
0.3800000000000008,0.001463170862092377,0.040754220069962106,-0.05
0.39000000000000057,0.0014643950086949808,0.0417778584679635,-0.05
0.40000000000000036,0.001465851661669557,0.04233995231952614,-0.05
0.41000000000000014,0.0014674885961722453,0.042447340800784945,-0.05
0.41999999999999993,0.0014692244533771322,0.04213409736165401,-0.05
0.4299999999999997,0.0014709529482025915,0.04146500223796254,-0.06
0.4399999999999995,0.0014725504022480062,0.04053568522858355,-0.06
0.4499999999999993,0.00147388613406132,0.03946802079946303,-0.06
0.46000000000000085,0.001474834934905178,0.038401259143153905,-0.06
0.47000000000000064,0.0014752905514404163,0.03748078229133836,-0.06
0.4800000000000004,0.0014751788067793937,0.036846713615511964,-0.06
0.4900000000000002,0.0014744687641113953,0.03662405281113592,-0.07
0.5,0.0014731802499005186,0.03691471444082401,-0.07
0.5099999999999998,0.0014713862033424474,0.03779031677153963,-0.07
0.5199999999999996,0.0014692087933676971,0.03928391982720999,-0.07
0.5299999999999994,0.0014668090776329544,0.04137989990883778,-0.07
0.5399999999999991,0.0014643710816081698,0.044003208569357584,-0.07
0.5500000000000007,0.0014620823027602305,0.047010955822078794,-0.07
0.5600000000000005,0.0014601134619604424,0.050189690897440055,-0.08
0.5700000000000003,0.0014586005633270523,0.053261190812402825,-0.08
0.5800000000000001,0.0014576318881185078,0.055898514991704465,-0.08
0.5899999999999999,0.001457241547129158,0.05775266944531274,-0.08
0.5999999999999996,0.0014574099443386158,0.058488514613495524,-0.08
0.6099999999999994,0.0014580703324373453,0.057826601957907946,-0.08
0.6199999999999992,0.0014591198457850594,0.055585442015701536,-0.08
0.6300000000000008,0.0014604330739518463,0.05171672512717951,-0.08
0.6400000000000006,0.0014618763293706497,0.04632537272855584,-0.09
0.6500000000000004,0.0014633211155678837,0.039668391225633724,-0.09
0.6600000000000001,0.00146465574350049,0.032131558394130275,-0.09
0.6699999999999999,0.0014657944376721204,0.024188728598179672,-0.09
0.6799999999999997,0.0014666835573747033,0.016351771592090603,-0.09
0.6899999999999995,0.0014673047315990886,0.009118906951671333,-0.09000000000000011
0.6999999999999993,0.0014676748104585741,0.0029272457145309745,-0.1
0.7100000000000009,0.0014678426317069832,-0.0018862008054697894,-0.1
0.7200000000000006,0.0014678827435989064,-0.00511143251974665,-0.1
0.7300000000000004,0.0014678864461233575,-0.006677468543757049,-0.1
0.7400000000000002,0.001467950803964187,-0.006648722773532486,-0.1
0.75,0.0014681665952413802,-0.005208230021147542,-0.1
0.7599999999999998,0.0014686064142646095,-0.00263286026155457,-0.1
0.7699999999999996,0.0014693142781719059,0.0007340295745525968,-0.1
0.7799999999999994,0.0014702980610075975,0.004509214905477517,-0.11
0.7899999999999991,0.0014715258884257741,0.008295033647922109,-0.11
0.8000000000000007,0.001472927285512269,0.011704701565761953,-0.11
0.8100000000000005,0.0014743993991545269,0.014388234314280879,-0.11
0.8200000000000003,0.0014758180283983777,0.016058209438131337,-0.11
0.8300000000000001,0.0014770525091282497,0.016513242983771926,-0.11000000000000011
0.8399999999999999,0.0014779827785358505,0.01565653405440424,-0.12
0.8499999999999996,0.0014785163353795254,0.013506857524911448,-0.12
0.8599999999999994,0.0014786025071076149,0.010199539656889705,-0.12
0.8699999999999992,0.0014782415964787873,0.005975425561481328,-0.11
0.8800000000000008,0.001477487168586753,0.0011571985968696057,-0.12
0.8900000000000006,0.0014764408620377728,-0.003885002829796321,-0.12
0.9000000000000004,0.0014752404091477112,-0.008773551242261595,-0.12
0.9100000000000001,0.0014740426953675403,-0.013161811526330803,-0.13
0.9199999999999999,0.0014730044162533861,-0.016764719789609833,-0.13
0.9299999999999997,0.0014722630989685468,-0.01937771145888233,-0.13
0.9399999999999995,0.0014719209903945308,-0.02088325067984367,-0.13
0.9499999999999993,0.0014720337195204894,-0.021246519451512038,-0.13
0.9600000000000009,0.0014726048906773545,-0.02050331131766646,-0.13
0.9700000000000006,0.0014735869813414237,-0.018743615981510055,-0.13
0.9800000000000004,0.001474888158222778,-0.016093565282142706,-0.14
0.9900000000000002,0.001476383923389643,-0.012697198791259539,-0.13
1.0,0.0014779319292165215,-0.008699233216371933,-0.14
1.0099999999999998,0.0014793879568804798,-0.004230743625486225,-0.13
1.0199999999999996,0.0014806210160215052,0.0005997529724006159,-0.14
1.0299999999999994,0.0014815258092809452,0.005707754880523888,-0.14
1.0399999999999991,0.0014820313529495294,0.011026342391947622,-0.14
1.0500000000000007,0.0014821052191390767,0.016493912643533892,-0.15
1.0600000000000005,0.0014817535048869482,0.022040269457208665,-0.15
1.0700000000000003,0.0014810171244893716,0.027575288410426738,-0.14
1.08,0.0014799653267659294,0.032982175554230234,-0.15
1.0899999999999999,0.0014786874757390068,0.03811514402779651,-0.15
1.0999999999999996,0.0014772841335958695,0.04280112019695024,-0.15
1.1099999999999994,0.0014758583788440655,0.04684619034987081,-0.15
1.120000000000001,0.0014745081060432484,0.05004798576360561,-0.15
1.1300000000000008,0.0014733198114195527,0.05221423725249396,-0.15000000000000022
1.1400000000000006,0.0014723641027253505,0.05318579293685152,-0.16
1.1500000000000004,0.0014716929244587237,0.052860580146614974,-0.16
1.1600000000000001,0.0014713383043249994,0.05121425961634818,-0.16
1.17,0.001471312328638933,0.04831376902692798,-0.16
1.1799999999999997,0.0014716080414394134,0.0443211049500406,-0.16
1.1899999999999995,0.0014722010132473657,0.0394861563939654,-0.17
1.1999999999999993,0.0014730514112488368,0.03412882926631286,-0.17
1.2100000000000009,0.0014741064918165113,0.028611811071604806,-0.16
1.2200000000000006,0.0014753034985466407,0.023306260860469892,-0.17
1.2300000000000004,0.0014765729614952764,0.018553826685963004,-0.17
1.2400000000000002,0.0014778423511969344,0.0146297008827039,-0.17
1.25,0.0014790399644962122,0.011712383421620435,-0.17
1.2599999999999998,0.001480098844380303,0.009865624906591682,-0.18
1.2699999999999996,0.0014809604950174826,0.009036099073602859,-0.18
1.2799999999999994,0.0014815781602582048,0.009066912511216097,-0.18
1.2899999999999991,0.0014819194814924227,0.009723352147444254,-0.18
1.3000000000000007,0.001481968413008787,0.010725062823029693,-0.18
1.3100000000000005,0.001481726318813738,0.011778955728635403,-0.18
1.3200000000000003,0.001481212187638226,0.012608662439731268,-0.18
1.33,0.0014804618890261571,0.012977823888333594,-0.19
1.3399999999999999,0.0014795263751711423,0.012705628072496285,-0.19
1.3499999999999996,0.001478468737587262,0.01167433227073029,-0.19
1.3599999999999994,0.0014773600806724306,0.009829845954790238,-0.18
1.370000000000001,0.0014762742968700115,0.007176900423878956,-0.19
1.3800000000000008,0.001475282027360572,0.0037699493024035973,-0.19
1.3900000000000006,0.0014744443422316665,-0.0002990108243166219,-0.19000000000000022
1.4000000000000004,0.001473806905001999,-0.0049134863736084045,-0.2
1.4100000000000001,0.0014733955027419051,-0.009943215003979367,-0.2
1.42,0.0014732137441808176,-0.015249747424754614,-0.2
1.4299999999999997,0.0014732434239355882,-0.020685909434607536,-0.2
1.4399999999999995,0.0014734475670762943,-0.026090640617545385,-0.2
1.4499999999999993,0.0014737756321605861,-0.031282680042883,-0.2
1.4600000000000009,0.001474169928436709,-0.036057267958869224,-0.2
1.4700000000000006,0.0014745721220716867,-0.040189127340127466,-0.21
1.4800000000000004,0.0014749288090587555,-0.04344296057745361,-0.2
1.4900000000000002,0.00147519547107417,-0.04559071671579138,-0.21
1.5,0.0014753385863413525,-0.0464335915857395,-0.21
1.5099999999999998,0.0014753360959005978,-0.0458258264564528,-0.21
1.5199999999999996,0.0014751767163656078,-0.043696720963541116,-0.21
1.5299999999999994,0.0014748586996961629,-0.040067298939705225,-0.21
1.5399999999999991,0.0014743885837020599,-0.03505908637578675,-0.22
1.5500000000000007,0.0014737803054647393,-0.028894103909313486,-0.22
1.5600000000000005,0.0014730548284418712,-0.021886478384161613,-0.21
1.5700000000000003,0.0014722402178422064,-0.014426349774402058,-0.22
1.58,0.0014713719225272948,-0.006956200225451877,-0.22
1.5899999999999999,0.0014704929041922938,6.0778226532938756e-05,-0.22
1.5999999999999996,0.0014696532077668701,0.006180063519623575,-0.22
1.6099999999999994,0.0014689085991528078,0.01102057586256147,-0.23
1.620000000000001,0.0014683180116561367,0.014309871669652828,-0.22
1.6300000000000008,0.0014679397361977702,0.01592324715280526,-0.23
1.6400000000000006,0.001467826540630349,0.015910055422821884,-0.23
1.6500000000000004,0.0014680201654451905,0.014501238658477498,-0.23
1.6600000000000001,0.001468545857698929,0.012093838843820837,-0.23
1.67,0.0014694077175389907,0.00921154651259241,-0.23
1.6799999999999997,0.0014705856090266945,0.0064447302091309245,-0.23
1.6899999999999995,0.0014720342294892805,0.004377559890940872,-0.24
1.6999999999999993,0.0014736846769565703,0.0035127755949106395,-0.24
1.7100000000000009,0.0014754485588770125,0.004205925017433067,-0.24
1.7200000000000006,0.0014772243881767619,0.00661993481554286,-0.24
1.7300000000000004,0.0014789057302829237,0.010707270990887226,-0.24
1.7400000000000002,0.0014803903083844118,0.016221486758231023,-0.24
1.75,0.0014815890749748748,0.02275445282080066,-0.25
1.7599999999999998,0.0014824341648856795,0.029791682393747014,-0.25
1.7699999999999996,0.0014828847057845207,0.03677662242035619,-0.25
1.7799999999999994,0.0014829296994419967,0.04317497906799558,-0.25
1.7899999999999991,0.0014825875786258003,0.048530878122152704,-0.25
1.8000000000000007,0.0014819025143070412,0.05250760525210517,-0.25
1.8100000000000005,0.0014809379956678712,0.05490766225867073,-0.25
1.8200000000000003,0.0014797685588189703,0.05567071783114362,-0.26
1.83,0.0014784707752686858,0.054853225393661074,-0.26
1.8399999999999999,0.0014771147253106898,0.05259801439803905,-0.26
1.8499999999999996,0.0014757571600923164,0.04910372629458308,-0.26
1.8599999999999994,0.0014744373699945646,0.044601647659242,-0.26
1.870000000000001,0.0014731764025780502,0.03934251128187496,-0.26
1.8800000000000008,0.0014719797193565116,0.03359078649727864,-0.26000000000000023
1.8900000000000006,0.001470842717961731,0.027621162649462582,-0.27
1.9000000000000004,0.0014697579216360773,0.021712196657333906,-0.27
1.9100000000000001,0.0014687222339337376,0.016134770058905904,-0.27
1.92,0.0014677426137677861,0.011136270422973707,-0.27
1.9299999999999997,0.0014668388871722962,0.006923358085155672,-0.27
1.9399999999999995,0.001466043100752468,0.003646202561779665,-0.27
1.9499999999999993,0.00146539564995723,0.0013860533551515908,-0.27
1.9600000000000009,0.001464939145425927,0.00014715979061353816,-0.28
1.9700000000000006,0.0014647114219124974,-0.00014594760734877932,-0.28
1.9800000000000004,0.001464739163360172,0.00035579766967937617,-0.28
1.9900000000000002,0.0014650333453842077,0.0014388347201454471,-0.28
2.0,0.0014655872053231731,0.0028482704696035695,-0.28
2.01,0.0014663768990059453,0.0043144768590376616,-0.28
2.0199999999999996,0.001467364513559141,0.00557956181914639,-0.28
2.030000000000001,0.0014685027297192442,0.006418661878082654,-0.28000000000000047
2.039999999999999,0.0014697401811177052,0.006653718965079056,-0.29
2.0500000000000007,0.001471026461715195,0.006160272600293024,-0.29
2.0600000000000005,0.001472315816582105,0.004869175292168902,-0.29
2.0700000000000003,0.0014735688378374023,0.0027651414954363365,-0.29
2.08,0.0014747519651858438,-0.0001164830802336414,-0.29
2.09,0.0014758351846744667,-0.003693890704342772,-0.29
2.0999999999999996,0.0014767888802659792,-0.007843491424518616,-0.3
2.1099999999999994,0.0014775811367640785,-0.012404918308041586,-0.3
2.120000000000001,0.0014781767799837823,-0.017186369447872406,-0.3
2.129999999999999,0.0014785390324835476,-0.021970658976527828,-0.3
2.1400000000000006,0.0014786339448912475,-0.026522701634474833,-0.3
2.1500000000000004,0.001478436932385297,-0.030599024928020385,-0.3
2.16,0.0014779400539696231,-0.033959507401825,-0.3
2.17,0.0014771583233985377,-0.03638155570280218,-0.31
2.1799999999999997,0.0014761334270017863,-0.03767686642971564,-0.31
2.1899999999999995,0.001474933707194385,-0.037709631028285104,-0.31
2.1999999999999993,0.0014736499978936547,-0.03641307911308457,-0.31
2.210000000000001,0.0014723876648417946,-0.03380053081201996,-0.31
2.2200000000000006,0.0014712558474370269,-0.02996826581372734,-0.31
2.2300000000000004,0.0014703553430589816,-0.025089369734890624,-0.31
2.24,0.001469766803301466,-0.01939938454424342,-0.32
2.25,0.0014695409232158793,-0.013176036015322527,-0.32
2.26,0.0014696920934930986,-0.006716099292216576,-0.32
2.2699999999999996,0.0014701965388378962,-0.0003119808267623802,-0.32
2.280000000000001,0.0014709952880768516,0.0057704867503548425,-0.32
2.289999999999999,0.001472001487596023,0.011311941057597941,-0.32
2.3000000000000007,0.001473110759769222,0.01615555863234678,-0.32000000000000045
2.3100000000000005,0.0014742127580617095,0.020217324472850157,-0.33
2.3200000000000003,0.0014752019634947785,0.02348859259960508,-0.33
2.33,0.0014759861548073402,0.02602965185576025,-0.32
2.34,0.0014764917605074666,0.0279542218462515,-0.33
2.3499999999999996,0.001476666214644353,0.02940671275913357,-0.33
2.3599999999999994,0.0014764781815102153,0.0305362484970065,-0.33
2.370000000000001,0.001475916855310092,0.031472755929713325,-0.34
2.379999999999999,0.0014749914043818697,0.0323101316543012,-0.34
2.3900000000000006,0.0014737311031898966,0.03309973791890801,-0.34
2.4000000000000004,0.001472185993763408,0.03385476096745557,-0.34
2.41,0.0014704273080423022,0.03456310284631608,-0.34
2.42,0.0014685465798825062,0.03520439645932539,-0.34
2.4299999999999997,0.0014666524780387676,0.03576595657096241,-0.34
2.4399999999999995,0.0014648648601325394,0.03625321045872345,-0.35
2.4499999999999993,0.0014633062208083418,0.036692238209483904,-0.35
2.460000000000001,0.0014620913649803407,0.037124629246454426,-0.35
2.4700000000000006,0.00146131659695698,0.03759682628165675,-0.34
2.4800000000000004,0.0014610498906967111,0.03814697142691693,-0.35
2.49,0.0014613234016033817,0.038792232787761366,-0.35
2.5,0.001462129369602193,0.03951922819136417,-0.35
2.51,0.0014634200421610305,0.040279710154533375,-0.36
2.5199999999999996,0.0014651117781928078,0.040992889287292764,-0.36
2.530000000000001,0.001467092999106152,0.04155440770877696,-0.3500000000000004
2.539999999999999,0.0014692351521667748,0.04185026233237864,-0.36
2.5500000000000007,0.0014714054099037525,0.04177271172731223,-0.36
2.5600000000000005,0.001473479546850093,0.041235020295503695,-0.36
2.5700000000000003,0.0014753533915898614,0.04018249919097029,-0.36
2.58,0.0014769514712195478,0.03859812708491555,-0.37
2.59,0.001478231904038119,0.036502151004864654,-0.37
2.5999999999999996,0.0014791871545386751,0.033946561248654576,-0.37
2.6099999999999994,0.001479840822875005,0.03100661977974422,-0.37
2.620000000000001,0.0014802411131150388,0.02777195686653278,-0.37
2.629999999999999,0.0014804519790394858,0.024338986789783624,-0.37
2.6400000000000006,0.001480543177293441,0.020805247672565422,-0.37
2.6500000000000004,0.0014805805516510124,0.01726569116127959,-0.38
2.66,0.0014806178032567459,0.01381096392513045,-0.38
2.67,0.0014806907507137976,0.01052748345091636,-0.38
2.6799999999999997,0.0014808146597194382,0.007498150588751311,-0.38
2.6899999999999995,0.001480984682903807,0.0048014161223859245,-0.38
2.6999999999999993,0.0014811789124184712,0.0025061893188119693,-0.38
2.710000000000001,0.0014813631525112262,0.0006614784240777189,-0.38
2.7200000000000006,0.0014814963757245109,-0.000717576351315509,-0.39
2.7300000000000004,0.0014815359674610065,-0.0016628566560232347,-0.39
2.74,0.0014814422297326172,-0.002260098373725095,-0.39
2.75,0.0014811820598987445,-0.0026451156247376873,-0.39
2.76,0.0014807320622015666,-0.002987870746076306,-0.39
2.7699999999999996,0.001480081451010157,-0.0034659963194236245,-0.39
2.780000000000001,0.0014792349242568228,-0.004232453313561682,-0.39000000000000046
2.789999999999999,0.001478215292989177,-0.005384477713542098,-0.4
2.8000000000000007,0.0014770652133750113,-0.006941483922572223,-0.4
2.8100000000000005,0.0014758470869271768,-0.008837036657557277,-0.4
2.8200000000000003,0.0014746402371107294,-0.010925181719293938,-0.4
2.83,0.0014735348949804598,-0.012997040630717271,-0.4
2.84,0.0014726232559485184,-0.014802047057470834,-0.4
2.8499999999999996,0.0014719886924736128,-0.016069745117010932,-0.41
2.8599999999999994,0.001471694846626929,-0.016531004595647564,-0.4
2.870000000000001,0.0014717765565478008,-0.015939782342094193,-0.41
2.879999999999999,0.0014722342995346352,-0.014096815752902642,-0.41
2.8900000000000006,0.0014730331316764112,-0.010874848422717926,-0.41
2.9000000000000004,0.00147410618843451,-0.006242427065389159,-0.41
2.91,0.0014753619659176435,-0.00028157945015656134,-0.41
2.92,0.0014766940466859827,0.006805263386775484,-0.42
2.9299999999999997,0.0014779917469017175,0.014702166686160678,-0.42
2.9399999999999995,0.0014791502995904822,0.023001487125613274,-0.41
2.9499999999999993,0.0014800795293942737,0.031239655251352146,-0.42
2.960000000000001,0.0014807103729496845,0.038943604997713197,-0.42
2.9700000000000006,0.0014809989490602092,0.04568187209780312,-0.42
2.9800000000000004,0.0014809281419570321,0.05111269150219938,-0.42
2.99,0.001480506834673309,0.05502143796586707,-0.43
3.0,0.0014797670437219444,0.05734144458963894,-0.42
3.01,0.0014787592929395544,0.05815501730340889,-0.43
3.0199999999999996,0.0014775466560808044,0.05767454851412559,-0.43
3.030000000000001,0.0014761980170863182,0.05620660604376741,-0.43
3.039999999999999,0.001474781236966321,0.0541046035448382,-0.43
3.0500000000000007,0.0014733570280664348,0.05171773155751882,-0.43999999999999956
3.0600000000000005,0.0014719743468008708,0.04934453471424873,-0.43
3.0700000000000003,0.0014706679657783492,0.04719840139393725,-0.44
3.08,0.0014694585614547036,0.04538962912001369,-0.44
3.09,0.0014683552000455272,0.04392550737043291,-0.44
3.0999999999999996,0.0014673596279085595,0.04272661986687324,-0.44
3.1099999999999994,0.0014664714036728556,0.041654733207046615,-0.44
3.120000000000001,0.0014656927477701847,0.0405458567489866,-0.44
3.129999999999999,0.0014650320655489662,0.03924181817615077,-0.45
3.1400000000000006,0.0014645053929061773,0.037614939445696244,-0.44
3.1500000000000004,0.0014641354394320833,0.03558263342894201,-0.45
3.16,0.0014639483645419726,0.03311134229408833,-0.45
3.17,0.001463968834540628,0.030211706811333245,-0.45
3.1799999999999997,0.0014642142239446106,0.026928665420504018,-0.46
3.1899999999999995,0.0014646890164772487,0.023330577535034376,-0.46
3.1999999999999993,0.0014653805102393725,0.019500170572657953,-0.46
3.210000000000001,0.001466256817200055,0.015527996204276698,-0.46
3.2200000000000006,0.001467267850278787,0.011507570751574563,-0.46
3.2300000000000004,0.0014683495109347933,0.007531250345418192,-0.46
3.24,0.0014694306785884897,0.003686700871112096,-0.46
3.25,0.0014704419881588612,5.447109937270133e-05,-0.47
3.26,0.0014713249321622792,-0.003292884690165478,-0.47
3.2699999999999996,0.0014720396747915636,-0.006290148076832296,-0.47
3.280000000000001,0.0014725701680511068,-0.008877650319362855,-0.47
3.289999999999999,0.0014729256662278673,-0.01099907842318746,-0.47
3.3000000000000007,0.0014731384088329143,-0.012600086717361769,-0.47
3.3100000000000005,0.001473257911299947,-0.013629439746760138,-0.47
3.3200000000000003,0.0014733428338188838,-0.014044113859111786,-0.48
3.33,0.001473451733115867,-0.013818207621369443,-0.48
3.34,0.0014736341336983939,-0.012953499447287888,-0.48
3.3499999999999996,0.0014739232949749987,-0.011488447960919457,-0.48
3.3599999999999994,0.0014743318085066557,-0.009502773585466534,-0.48
3.370000000000001,0.0014748507414730782,-0.007115679615136097,-0.48
3.379999999999999,0.0014754524655111226,-0.004476734796331996,-0.49
3.3900000000000006,0.0014760966386050997,-0.0017500585335341926,-0.49
3.4000000000000004,0.0014767381764021687,0.000905107908838655,-0.49
3.41,0.0014773356296331156,0.003352562375354738,-0.49
3.42,0.0014778583104502697,0.0054913998909461885,-0.49
3.4299999999999997,0.0014782908245696987,0.007259817414091715,-0.49
3.4399999999999995,0.0014786342963873074,0.008630812895390713,-0.49
3.4499999999999993,0.0014789043420836642,0.009602825876528205,-0.5
3.460000000000001,0.0014791265264147472,0.010189786844779315,-0.5
3.4700000000000006,0.0014793304573401756,0.010414385505371255,-0.49
3.4800000000000004,0.0014795437605687072,0.010305948988189281,-0.5
3.49,0.001479786971008977,0.009901762554050701,-0.5
3.5,0.0014800699959625489,0.009249668815726881,-0.5
3.51,0.0014803903912192825,0.008410422378304453,-0.5000000000000004
3.5199999999999996,0.001480733359821905,0.007459162419436543,-0.51
3.530000000000001,0.0014810731838409063,0.006485495376951345,-0.5000000000000004
3.539999999999999,0.001481375725642784,0.0055913546480516755,-0.51
3.5500000000000007,0.0014816016463983358,0.004885833609262439,-0.51
3.5600000000000005,0.001481710034858816,0.004476859515680865,-0.51
3.5700000000000003,0.0014816621799652377,0.0044605336607579996,-0.5100000000000005
3.58,0.0014814252409880053,0.004909763295042171,-0.52
3.59,0.0014809755708409646,0.005864157091159788,-0.51
3.5999999999999996,0.001480301442959201,0.007322940362468592,-0.52
3.6099999999999994,0.0014794049349310836,0.009242148096894718,-0.52
3.620000000000001,0.0014783027504789777,0.011536846026326684,-0.52
3.629999999999999,0.0014770258300783711,0.014088485937175243,-0.52
3.6400000000000006,0.001475617710934317,0.01675667429721343,-0.52
3.6500000000000004,0.0014741317303980852,0.01939373871621939,-0.52
3.66,0.0014726272927776912,0.02185959875402017,-0.53
3.67,0.001471165514537612,0.02403411661112855,-0.52
3.6799999999999997,0.0014698046202011048,0.025824941804307954,-0.53
3.6899999999999995,0.0014685954849716209,0.027170518114287074,-0.53
3.6999999999999993,0.0014675777161875917,0.028039337179065708,-0.53
3.710000000000001,0.0014667766364496934,0.028426935978503567,-0.53
3.7200000000000006,0.0014662014727475112,0.02835158103005747,-0.54
3.7300000000000004,0.0014658449613789235,0.027848854981032213,-0.53
3.74,0.0014656844480649136,0.02696514069150248,-0.54
3.75,0.0014656844110062363,0.025750251176870048,-0.54
3.76,0.0014658001840326007,0.024249948934568506,-0.54
3.7699999999999996,0.0014659825223139284,0.02249967947363548,-0.54
3.780000000000001,0.0014661825381563581,0.020521193171106195,-0.5499999999999996
3.789999999999999,0.0014663564462496098,0.018323405626081757,-0.54
3.8000000000000007,0.0014664695205906725,0.015907602140327864,-0.55
3.8100000000000005,0.0014664987160176218,0.013275428604649447,-0.55
3.8200000000000003,0.0014664335765862536,0.010437201608148781,-0.55
3.83,0.0014662753451657796,0.00741849232437802,-0.55
3.84,0.0014660345612585622,0.004264119708298917,-0.55
3.8499999999999996,0.001465727790298835,0.0010398182658570016,-0.56
3.8599999999999994,0.001465374345013962,-0.002167531637370236,-0.56
3.870000000000001,0.0014649938440815273,-0.005250368053670381,-0.55
3.879999999999999,0.0014646051806232712,-0.008081804242136208,-0.56
3.8900000000000006,0.0014642270043447542,-0.010519253018910447,-0.56
3.9000000000000004,0.0014638792989162019,-0.012412041729684232,-0.56
3.91,0.0014635852379818641,-0.01361368029000356,-0.56
3.92,0.0014633723670789646,-0.013997596436471811,-0.57
3.9299999999999997,0.0014632723334560835,-0.01347366575034732,-0.57
3.9399999999999995,0.001463318817995417,-0.01200250663178463,-0.57
3.9499999999999993,0.0014635438700512009,-0.009605389838133962,-0.57
3.960000000000001,0.0014639733237114874,-0.006369015727376238,-0.57
3.9700000000000006,0.0014646222339013077,-0.0024451202021720233,-0.57
3.9800000000000004,0.001465491248295861,0.0019556214062162684,-0.57
3.99,0.0014665645586508366,0.006576497592873041,-0.58
4.0,0.0014678096705040462,0.011134530705022148,-0.57
4.01,0.0014691788471379377,0.015344602584841712,-0.58
4.02,0.0014706118400357939,0.018943541856356667,-0.58
4.030000000000001,0.001472039454639626,0.021710029439584697,-0.58
4.039999999999999,0.0014733875861285078,0.023477579383349604,-0.58
4.050000000000001,0.001474581516447433,0.024139128954725742,-0.58
4.0600000000000005,0.0014755503979850487,0.02364326027812827,-0.59
4.07,0.0014762318929788713,0.02198444882940042,-0.59
4.08,0.0014765768697873423,0.019192176498255352,-0.59
4.09,0.0014765539028126177,0.01532442500846432,-0.59
4.1,0.0014761531426950446,0.010469062340019127,-0.59
4.109999999999999,0.0014753889951164233,0.004752698231169658,-0.59
4.120000000000001,0.001474301040347005,-0.0016475893892684635,-0.59
4.129999999999999,0.0014729527802767248,-0.00849654171381884,-0.6
4.140000000000001,0.001471428099340773,-0.015502702693728656,-0.59
4.15,0.001469825690861485,-0.022331800565973357,-0.6
4.16,0.0014682520179911912,-0.028629216744404485,-0.6
4.17,0.0014668135596856342,-0.03404728661576971,-0.6
4.18,0.0014656091067372897,-0.03827324747295956,-0.6
4.190000000000001,0.0014647227489837137,-0.041054487749710045,-0.6
4.199999999999999,0.0014642180022100253,-0.042218540849035625,-0.6
4.210000000000001,0.001464133342528808,-0.04168613148724421,-0.61
4.219999999999999,0.001464479299666697,-0.039476677155860826,-0.61
4.23,0.001465237215798223,-0.03570667502430269,-0.61
4.24,0.001466359777822138,-0.030582282542718393,-0.61
4.25,0.00146777343979169,-0.02438809239703969,-0.61
4.26,0.0014693828278249182,-0.01747393809655211,-0.61
4.27,0.0014710771246397344,-0.010240100591709045,-0.6199999999999991
4.280000000000001,0.0014727382411844105,-0.0031194799723996396,-0.61
4.289999999999999,0.0014742503086931707,0.00344512498648233,-0.62
4.300000000000001,0.0014755097223423754,0.009028900486746178,-0.62
4.3100000000000005,0.0014764347230916965,0.013256059127040684,-0.62
4.32,0.001476973393846538,0.01583078192218335,-0.62
4.33,0.0014771090103708154,0.016564829279145016,-0.62
4.34,0.0014768619231586711,0.01539911528851441,-0.62
4.350000000000001,0.0014762875112547566,0.012417022515151461,-0.6299999999999991
4.359999999999999,0.0014754701850269005,0.007847514156192255,-0.62
4.370000000000001,0.0014745138826339163,0.0020563111995124525,-0.63
4.379999999999999,0.001473529986705342,-0.004476000199968377,-0.63
4.390000000000001,0.0014726240483463804,-0.011188674071921747,-0.63
4.4,0.0014718830566103893,-0.017485969617625302,-0.63
4.41,0.0014713651091757742,-0.02278834142808201,-0.64
4.42,0.0014710931216167752,-0.026583957763903023,-0.64
4.43,0.0014710536287295026,-0.028474628153795017,-0.64
4.440000000000001,0.0014712008620335049,-0.028211002441997254,-0.64
4.449999999999999,0.0014714653312128234,-0.02571362253957354,-0.64
4.460000000000001,0.0014717653469369786,-0.021078415128266716,-0.64
4.469999999999999,0.001472019494668671,-0.014566696971852686,-0.64
4.48,0.0014721580754968556,-0.006580767662099822,-0.65
4.49,0.00147213191656618,0.0023728259784539627,-0.65
4.5,0.0014719175709316528,0.011729132695992149,-0.65
4.51,0.0014715185910822968,0.020915362022721793,-0.65
4.52,0.001470963132105506,0.02940073474034941,-0.65
4.530000000000001,0.0014702985596090567,0.03673966274190941,-0.65
4.539999999999999,0.0014695840016796238,0.04260306948689917,-0.65
4.550000000000001,0.0014688819120132102,0.04679504504158654,-0.66
4.5600000000000005,0.0014682497231667093,0.0492550218858368,-0.66
4.57,0.0014677325801961245,0.050047661381422276,-0.66
4.58,0.0014673579679852049,0.04934323825024532,-0.66
4.59,0.0014671327976952047,0.04739129139881573,-0.66
4.600000000000001,0.0014670432280509758,0.04449031240391543,-0.6600000000000009
4.609999999999999,0.001467057199269292,0.04095634732182501,-0.67
4.620000000000001,0.0014671293743798786,0.03709353907989121,-0.67
4.629999999999999,0.0014672079237700922,0.03316968089956664,-0.67
4.640000000000001,0.001467242364440358,0.029399365535180563,-0.67
4.65,0.0014671915019834332,0.02593600937828085,-0.67
4.66,0.00146703045902787,0.02287225821859582,-0.67
4.67,0.0014667558416727967,0.020246687532655096,-0.67
4.68,0.001466388306328088,0.018053720522265927,-0.68
4.690000000000001,0.0014659721205181684,0.016253791362089556,-0.68
4.699999999999999,0.0014655717025399675,0.01478230049010864,-0.68
4.710000000000001,0.001465265498347469,0.013557971713325128,-0.68
4.719999999999999,0.0014651378476477756,0.012492123807812486,-0.68
4.73,0.001465269678019194,0.011499322468852846,-0.68
4.74,0.0014657289504317276,0.010507879890965974,-0.68
4.75,0.001466561785404225,0.009467595404309333,-0.68
4.76,0.0014677851520373535,0.008352836289839294,-0.69
4.77,0.001469381912814446,0.0071606632328144616,-0.6800000000000009
4.780000000000001,0.0014712988767527913,0.00590509889147688,-0.69
4.789999999999999,0.001473448309641543,0.004609625393273149,-0.69
4.800000000000001,0.0014757130819861325,0.003300582614575085,-0.69
4.8100000000000005,0.0014779553121774792,0.0020039736396878526,-0.6900000000000008
4.82,0.0014800279915393314,0.0007470346626455645,-0.7
4.83,0.001481788667423626,-0.00043592537215694863,-0.7
4.84,0.0014831138456667845,-0.001495869650191976,-0.7
4.850000000000001,0.0014839124381681292,-0.002363531420964456,-0.6900000000000008
4.859999999999999,0.0014841364417075135,-0.0029503945004749313,-0.7
4.870000000000001,0.0014837871959484383,-0.0031588312446808437,-0.7
4.879999999999999,0.001482916080001061,-0.002900614980100444,-0.7
4.890000000000001,0.0014816193137334463,-0.002119526193604396,-0.71
4.9,0.0014800274574782786,-0.0008118870436283767,-0.71
4.91,0.0014782910181179193,0.0009611381708452484,-0.71
4.92,0.001476564091104291,0.0030742187229070104,-0.71
4.93,0.0014749881332022847,0.005353643335086427,-0.71
4.940000000000001,0.001473677804760271,0.007606546433447047,-0.71
4.949999999999999,0.0014727104332188838,0.009657656388145803,-0.71
4.960000000000001,0.0014721201315111788,0.011384824684495877,-0.72
4.969999999999999,0.0014718970251403904,0.012744648265726882,-0.71
4.98,0.0014719914323583507,0.013782071095796378,-0.72
4.99,0.001472322238691412,0.014621574724644992,-0.72
5.0,0.001472788187233786,0.015441437130668582,-0.72
5.01,0.0014732804734130349,0.016436028919215712,-0.72
5.02,0.0014736949658566048,0.017773657307439513,-0.73
5.030000000000001,0.0014739425900364253,0.019558482267758918,-0.73
5.039999999999999,0.001473956853936858,0.02180427865449239,-0.73
5.050000000000001,0.0014736980492594959,0.024425327479969016,-0.72
5.0600000000000005,0.0014731541907340713,0.027245737233075294,-0.73
5.07,0.0014723391600857869,0.030024015057566678,-0.73
5.08,0.0014712887645447529,0.03248643283083884,-0.73
5.09,0.0014700555135717915,0.03436194206095358,-0.74
5.100000000000001,0.0014687028910381765,0.035413070161050005,-0.74
5.109999999999999,0.001467299785021099,0.03546027772331419,-0.74
5.120000000000001,0.0014659155614875957,0.03440008016444189,-0.74
5.129999999999999,0.0014646160563493798,0.032218349460055265,-0.74
5.140000000000001,0.0014634605423716836,0.02899905695017472,-0.74
5.15,0.0014624995432267075,0.02492645984820672,-0.74
5.16,0.0014617732586172415,0.02027765354028719,-0.75
5.17,0.0014613103581692225,0.015403721841213252,-0.75
5.18,0.0014611269964150157,0.010700404641743549,-0.75
5.190000000000001,0.0014612260654593742,0.006571443529256927,-0.75
5.199999999999999,0.0014615968788256935,0.0033888202789596027,-0.75
5.210000000000001,0.0014622156003295714,0.0014545039687944132,-0.75
5.219999999999999,0.0014630467354819238,0.0009686062819928397,-0.75
5.23,0.0014640458600856706,0.00200863945735825,-0.75
5.24,0.0014651634925478946,0.0045232338411758085,-0.76
5.25,0.001466349703251947,0.008341204250061457,-0.76
5.26,0.001467558806562601,0.013193913437979828,-0.76
5.27,0.0014687533857691728,0.01874659189329707,-0.76
5.280000000000001,0.0014699069889957685,0.024633646554460164,-0.76
5.289999999999999,0.0014710050775060713,0.030493706233937014,-0.76
5.300000000000001,0.0014720441357754775,0.03600072421352683,-0.76
5.3100000000000005,0.0014730291782589135,0.040887266384307355,-0.77
5.32,0.0014739701440726343,0.044956468691085306,-0.77
5.33,0.00147487782745759,0.04808163397201333,-0.77
5.34,0.0014757600440771443,0.05019637301459315,-0.77
5.350000000000001,0.001476618684669041,0.05128082234163973,-0.77
5.359999999999999,0.0014774481626935547,0.051349165165347224,-0.77
5.370000000000001,0.001478235526377556,0.05044152185620576,-0.77
5.379999999999999,0.0014789621917794035,0.048620943865108866,-0.78
5.390000000000001,0.0014796069027316191,0.04597427676123939,-0.78
5.4,0.001480149214306133,0.04261419370462403,-0.77
5.41,0.0014805726272178483,0.03867919314466155,-0.78
5.42,0.0014808665499719271,0.03432913152428114,-0.78
5.43,0.0014810265578586992,0.029735687670875192,-0.78
5.440000000000001,0.001481052898926588,0.0250692686247965,-0.78
5.449999999999999,0.0014809477298613656,0.02048529358029045,-0.79
5.460000000000001,0.0014807119745716367,0.01611278238898941,-0.78
5.469999999999999,0.0014803428506132178,0.012046910930287534,-0.79
5.48,0.001479832958246012,0.008346032838623136,-0.79
5.49,0.0014791714233427793,0.005033550180247614,-0.79
5.5,0.0014783470542531663,0.0021050553062684782,-0.79
5.51,0.0014773529714963362,-0.0004598532762996939,-0.79
5.52,0.0014761918257469875,-0.0026833546259040185,-0.7900000000000009
5.530000000000001,0.001474880595347809,-0.004576086117398109,-0.8
5.539999999999999,0.001473454042071158,-0.006127714444138569,-0.79
5.550000000000001,0.001471966141556791,-0.007303032084469822,-0.8
5.5600000000000005,0.0014704891085395274,-0.008043630295062925,-0.8
5.57,0.0014691099404159954,-0.00827421686746359,-0.8
5.58,0.0014679246765264978,-0.007912579481747487,-0.8
5.59,0.0014670308103154053,-0.0068825690319515975,-0.81
5.600000000000001,0.0014665184983565869,-0.00512930781190957,-0.8000000000000009
5.609999999999999,0.0014664613795896072,-0.002634771224242245,-0.81
5.620000000000001,0.001466907935886082,0.000569120735523426,-0.81
5.629999999999999,0.0014678743699625845,0.004392797760359863,-0.81
5.640000000000001,0.0014693399298112996,0.008688913117382954,-0.81
5.65,0.0014712454615589704,0.013261079501033808,-0.82
5.66,0.0014734957207206923,0.017881324015253115,-0.81
5.67,0.00147596560367295,0.022313964813413335,-0.82
5.68,0.0014785099688136454,0.026341833033156653,-0.82
5.690000000000001,0.0014809761390506217,0.02979056311012977,-0.82
5.699999999999999,0.0014832176322356573,0.03254745415300485,-0.82
5.710000000000001,0.0014851073207330717,0.034571954409108006,-0.82
5.719999999999999,0.0014865482143402882,0.03589553324765355,-0.82
5.73,0.001487480442346898,0.036610583720324164,-0.83
5.74,0.001487883710614439,0.036850631635455926,-0.82
5.75,0.0014877753389974475,0.0367661955339075,-0.83
5.76,0.0014872047043500978,0.03650126076991624,-0.83
5.77,0.001486245349221043,0.03617428055817793,-0.83
5.780000000000001,0.0014849861144743974,0.035865418969257386,-0.83
5.789999999999999,0.001483522469559932,0.03560978525338467,-0.84
5.800000000000001,0.0014819488623362598,0.035396042624427054,-0.84
5.8100000000000005,0.0014803525227098365,0.03517081968536432,-0.84
5.82,0.0014788088347753065,0.03484991072289156,-0.84
5.83,0.0014773781931537062,0.034335895614560935,-0.84
5.84,0.0014761041833931668,0.03353941205174423,-0.84
5.850000000000001,0.001475012938503234,0.032399816667780204,-0.84
5.859999999999999,0.0014741135701879272,0.030901140791848383,-0.84
5.870000000000001,0.0014733996051296634,0.02908050570070337,-0.85
5.879999999999999,0.0014728513453534239,0.02702778489946633,-0.85
5.890000000000001,0.0014724390146793936,0.024876842455073534,-0.85
5.9,0.0014721264718393309,0.022789811671249292,-0.85
5.91,0.0014718751973851153,0.020936595436049817,-0.85
5.92,0.00147164822016505,0.019472404524166074,-0.86
5.93,0.001471413646692517,0.018516710265482055,-0.86
5.940000000000001,0.0014711474890105457,0.018136911696991522,-0.86
5.949999999999999,0.0014708355480240723,0.018339005126760517,-0.86
5.960000000000001,0.0014704741967774954,0.019066114374340443,-0.86
5.969999999999999,0.0014700700211795047,0.020204638292430625,-0.86
5.98,0.0014696384114864095,0.021597025270863233,-0.86
5.99,0.0014692013426163015,0.02305918496851786,-0.86
6.0,0.0014687847042016765,0.02439940619372809,-0.87
6.01,0.0014684156020635386,0.02543551725061051,-0.87
6.02,0.0014681200199916308,0.026008234489528995,-0.87
6.030000000000001,0.0014679210970246171,0.025989962389534847,-0.87
6.039999999999999,0.0014678380685395139,0.025288914181233888,-0.87
6.050000000000001,0.0014678857038116961,0.023848978075629704,-0.87
6.0600000000000005,0.0014680739283326107,0.021646819343163967,-0.8799999999999991
6.07,0.0014684073051853344,0.018688507615904067,-0.87
6.08,0.0014688841797968009,0.015007448753733258,-0.88
6.09,0.0014694955287374574,0.010663930230272603,-0.88
6.100000000000001,0.0014702238136920216,0.005745618522006335,-0.88
6.109999999999999,0.0014710423249777607,0.0003685046609112208,-0.88
6.120000000000001,0.00147191552341553,-0.005321760365523974,-0.88
6.129999999999999,0.0014728007229546647,-0.011148430561155935,-0.88
6.140000000000001,0.0014736511331285664,-0.016903432704755313,-0.89
6.15,0.001474419900313319,-0.022350715457907473,-0.89
6.16,0.0014750644821163803,-0.02723556052614645,-0.89
6.17,0.0014755505668381302,-0.03130059989226225,-0.89
6.18,0.001475854851804443,-0.034306848974182874,-0.89
6.190000000000001,0.0014759662866382958,-0.036056450802651234,-0.89
6.199999999999999,0.001475885769275966,-0.036413919681672645,-0.9
6.210000000000001,0.001475624625368832,-0.03532376345896306,-0.9
6.219999999999999,0.0014752024089005437,-0.032822931094433044,-0.9
6.23,0.0014746446001253969,-0.02904614347235063,-0.9
6.24,0.0014739806682920352,-0.02422202278903566,-0.9
6.25,0.0014732427663965621,-0.01865924623055209,-0.9
6.26,0.0014724650990087758,-0.012724292067750536,-0.9
6.27,0.0014716838052593949,-0.006813979716398164,-0.91
6.280000000000001,0.0014709370577798031,-0.0013258796945724639,-0.91
6.289999999999999,0.001470265007722039,0.0033713144111010506,-0.91
6.300000000000001,0.001469709210495524,0.006965741527201358,-0.91
6.3100000000000005,0.0014693112467056768,0.009226569464983488,-0.91
6.32,0.0014691104036615016,0.010022082574951892,-0.91
6.33,0.0014691404920648009,0.009329909766521531,-0.91
6.34,0.0014694261109041203,0.00723920570960014,-0.92
6.350000000000001,0.001469978890524668,0.003946262342344463,-0.92
6.359999999999999,0.0014707943763095565,-0.0002546931687340815,-0.92
6.370000000000001,0.001471850207978802,-0.004985357981523706,-0.92
6.379999999999999,0.0014731060758003814,-0.009803676727726404,-0.92
6.390000000000001,0.00147450561936978,-0.014232666306191962,-0.9200000000000009
6.4,0.001475980061231702,-0.017797762795500133,-0.93
6.41,0.0014774530509808715,-0.020069544718603175,-0.93
6.42,0.0014788460252231996,-0.020705871146572557,-0.93
6.43,0.001480083395710639,-0.01948639333148635,-0.93
6.440000000000001,0.0014810970335092434,-0.01633377134884907,-0.93
6.449999999999999,0.001481829748759875,-0.011319043544021983,-0.93
6.460000000000001,0.0014822376877847616,-0.004651907532805506,-0.94
6.469999999999999,0.001482291722239688,0.0033409554910305388,-0.94
6.48,0.0014819779729254798,0.012245319251918315,-0.94
6.49,0.0014812976102334663,0.021592532967140345,-0.94
6.5,0.0014802660341370604,0.030893098583758192,-0.94
6.51,0.0014789114935151897,0.039668475841645394,-0.94
6.52,0.0014772731918503792,0.047479580861972084,-0.9400000000000008
6.530000000000001,0.0014753989690447292,0.05395103133567556,-0.95
6.539999999999999,0.0014733427441643875,0.05879103174536343,-0.95
6.550000000000001,0.0014711620082073114,0.06180734078870711,-0.95
6.5600000000000005,0.0014689157038946206,0.06291904252950846,-0.9400000000000008
6.57,0.0014666627708505788,0.0621619802742875,-0.95
6.58,0.0014644614607216295,0.05968424924312663,-0.95
6.59,0.001462369276955136,0.055728838635871594,-0.95
6.600000000000001,0.0014604431481938583,0.05060378491163192,-0.96
6.609999999999999,0.0014587392967576323,0.044644600920988264,-0.96
6.620000000000001,0.0014573122827723378,0.03817695039231085,-0.96
6.629999999999999,0.001456212905872281,0.03148766803592338,-0.96
6.640000000000001,0.001455484986545576,0.02480900196757921,-0.96
6.65,0.0014551614322193315,0.01831628414914798,-0.96
6.66,0.0014552602978172352,0.012135784738337641,-0.96
6.67,0.0014557816720542935,0.006358295155140714,-0.97
6.68,0.0014567061065593565,0.001054185015650982,-0.97
6.690000000000001,0.0014579949797218644,-0.0037137142531021156,-0.97
6.699999999999999,0.0014595927583589833,-0.00788233663859419,-0.97
6.710000000000001,0.0014614307342332457,-0.011387646567636953,-0.97
6.719999999999999,0.0014634315792278934,-0.014171327065130798,-0.97
6.73,0.0014655140165103287,-0.016193297420219546,-0.98
6.74,0.001467597016666348,-0.01744642782086827,-0.98
6.75,0.0014696031367476814,-0.017968498818089883,-0.98
6.76,0.001471460860330021,-0.017846993638432167,-0.98
6.77,0.0014731060191246234,-0.01721490406003085,-0.98
6.780000000000001,0.001474482556047861,-0.016238746630818857,-0.98
6.789999999999999,0.0014755430099950074,-0.015101554412603429,-0.98
6.800000000000001,0.0014762491426054992,-0.013983553495644625,-0.98
6.8100000000000005,0.00147657306417119,-0.013042710611527609,-0.99
6.82,0.001476499041704596,-0.012397173583729406,-0.99
6.83,0.00147602590639723,-0.012111717909784879,-0.99
6.84,0.0014751696700741055,-0.012190264700510987,-0.99
6.850000000000001,0.0014739656875664166,-0.012576056232279535,-0.99
6.859999999999999,0.0014724695529222994,-0.01316006154267034,-0.99
6.870000000000001,0.0014707559680254972,-0.013796922002002197,-1.0
6.879999999999999,0.0014689151079852075,-0.014326521371747163,-0.99
6.890000000000001,0.001467046492724472,-0.014598010788098314,-1.0
6.9,0.0014652509373127773,-0.01449205737016125,-1.0
6.91,0.0014636216282012612,-0.013936885005929555,-1.0
6.92,0.0014622356229106472,-0.012914782923274097,-1.0
6.93,0.0014611470404411778,-0.011458155507618523,-1.01
6.940000000000001,0.0014603829255831547,-0.00963719646506553,-1.0
6.949999999999999,0.0014599423242476774,-0.007543506671932955,-1.01
6.960000000000001,0.001459798613715562,-0.005274371646510752,-1.01
6.969999999999999,0.0014599046748357697,-0.0029210514984373804,-1.01
6.98,0.0014602001073990994,-0.0005621798127753097,-1.01
6.99,0.0014606193954981247,0.0017387252449638656,-1.02
7.0,0.0014610997704149141,0.003933714434817808,-1.01
7.01,0.001461587557806395,0.0059906825889535975,-1.02
7.02,0.0014620420816963222,0.007894275894153683,-1.02
7.030000000000001,0.0014624367265294478,0.009647244060587439,-1.02
7.039999999999999,0.0014627574434139482,0.011271466689006006,-1.02
7.050000000000001,0.0014629996472695743,0.012807567895976696,-1.02
7.0600000000000005,0.0014631648653442497,0.014312277120807982,-1.020000000000001
7.07,0.0014632584942643675,0.015853668802874147,-1.03
7.08,0.0014632895562167792,0.017505021703078164,-1.02
7.09,0.0014632725264032572,0.019337337015352066,-1.03
7.100000000000001,0.0014632303971910674,0.02140965397475669,-1.03
7.109999999999999,0.0014631974805946306,0.02375694064732277,-1.03
7.120000000000001,0.0014632202897610057,0.02637718834282882,-1.03
7.129999999999999,0.0014633552729957505,0.029220443151664898,-1.04
7.140000000000001,0.001463663089392339,0.032182251597145856,-1.04
7.15,0.0014642002164915813,0.03510378073167073,-1.04
7.16,0.0014650095868115691,0.037781267217594,-1.04
7.17,0.0014661123557939393,0.03998669526345236,-1.04
7.18,0.0014675026847159715,0.041498148460698686,-1.04
7.190000000000001,0.0014691466634345607,0.04213351983383448,-1.04
7.199999999999999,0.0014709854680126314,0.04177870947734989,-1.05
7.210000000000001,0.0014729418944267215,0.04040331515613269,-1.05
7.219999999999999,0.0014749288019349019,0.03806180869189061,-1.05
7.23,0.0014768578432994223,0.034882847772200846,-1.05
7.24,0.0014786471038704036,0.031051375793606995,-1.05
7.25,0.0014802267622612431,0.026787646384085154,-1.05
7.26,0.0014815424319268551,0.02232586985802952,-1.06
7.27,0.001482556300976848,0.01789424177207174,-1.06
7.280000000000001,0.0014832464951963344,0.013697820763762006,-1.06
7.289999999999999,0.0014836052448872427,0.009905284713729944,-1.06
7.300000000000001,0.0014836364622581593,0.006639754354033698,-1.06
7.3100000000000005,0.001483353261706186,0.003973422906744147,-1.06
7.32,0.0014827758118562415,0.0019262428756908368,-1.06
7.33,0.0014819297280713746,0.0004695682478657319,-1.07
7.34,0.0014808450295819054,-0.00046480434553974805,-1.07
7.350000000000001,0.0014795555275418316,-0.000971086936610798,-1.07
7.359999999999999,0.0014780984084654363,-0.0011533810989178496,-1.07
7.370000000000001,0.001476513757060914,-0.0011095002843548784,-1.07
7.379999999999999,0.0014748438365742578,-0.0009178354154220828,-1.07
7.390000000000001,0.0014731320964095616,-0.0006305773515963261,-1.070000000000001
7.4,0.0014714220479119988,-0.0002756057390776101,-1.08
7.41,0.0014697562590090562,0.00013296042597822733,-1.07
7.42,0.0014681757025949405,0.0005786077103545319,-1.08
7.43,0.0014667195346127254,0.001026475225788298,-1.08
7.440000000000001,0.0014654251198085709,0.001414264478803743,-1.08
7.449999999999999,0.001464327870113316,0.001654478278911286,-1.08
7.460000000000001,0.0014634603411929413,0.0016480013362164647,-1.08
7.469999999999999,0.0014628501415830813,0.0013048196499489185,-1.08
7.48,0.0014625165639852444,0.000565686552211014,-1.09
7.49,0.0014624663734245848,-0.0005810849925449351,-1.09
7.5,0.0014626897165819772,-0.0020915594830581887,-1.09
7.51,0.0014631574446436698,-0.0038680228833802306,-1.09
7.52,0.0014638211016279696,-0.005769671892672628,-1.09
7.530000000000001,0.0014646163589805557,-0.00762988424018838,-1.09
7.539999999999999,0.0014654698584849629,-0.009277053552263026,-1.1
7.550000000000001,0.001466308493182497,-0.010555291274127512,-1.1
7.5600000000000005,0.0014670694160305176,-0.011341509616414211,-1.1
7.57,0.0014677087614240897,-0.011557141851017055,-1.1
7.58,0.0014682072871853088,-0.011174901221710023,-1.1
7.59,0.0014685718195236429,-0.010221621106623599,-1.1
7.600000000000001,0.0014688322969922292,-0.008777125219927148,-1.11
7.609999999999999,0.0014690350909697162,-0.006967805187009945,-1.11
7.620000000000001,0.0014692339183176853,-0.004953416667599953,-1.11
7.629999999999999,0.0014694799664145518,-0.0029067950573610905,-1.11
7.640000000000001,0.0014698128360476081,-0.0009883869936123425,-1.11
7.65,0.0014702536495760528,0.0006801825273279927,-1.11
7.66,0.0014708012644838507,0.002037885211135331,-1.11
7.67,0.001471432048361757,0.0030960907288260886,-1.11
7.68,0.0014721031515327002,0.00393737951758195,-1.12
7.690000000000001,0.0014727586972292626,0.0047018763830344165,-1.12
7.699999999999999,0.0014733378639011576,0.0055647221421247966,-1.12
7.710000000000001,0.0014737835467783652,0.006709669750049603,-1.12
7.719999999999999,0.0014740502261530125,0.008303200670790767,-1.12
7.73,0.0014741098610391063,0.010472001075353858,-1.12
7.74,0.001473955029653195,0.01328553054739088,-1.13
7.75,0.0014735990515947497,0.016745246179553853,-1.13
7.76,0.0014730733237911969,0.020782176614934467,-1.13
7.77,0.0014724224876074123,0.025263970544344375,-1.120000000000001
7.780000000000001,0.0014716982811112894,0.030010659225211657,-1.13
7.789999999999999,0.0014709530230974511,0.03481582683242347,-1.13
7.800000000000001,0.0014702336429829718,0.03946836589837774,-1.13
7.8100000000000005,0.0014695770313493742,0.04377049689245937,-1.14
7.82,0.0014690072533350674,0.04754967252449891,-1.14
7.83,0.0014685348563899803,0.05066405649511427,-1.14
7.84,0.0014681581490217494,0.05300260628990126,-1.14
7.850000000000001,0.0014678659928202735,0.05448147302583319,-1.14
7.859999999999999,0.0014676414159653498,0.055038785613105545,-1.14
7.870000000000001,0.0014674652824475938,0.05462989680379303,-1.14
7.879999999999999,0.001467319353513832,0.05322491101644405,-1.15
7.890000000000001,0.0014671883234800057,0.050809952262203036,-1.15
7.9,0.001467060725892601,0.04739293984369275,-1.15
7.91,0.0014669288958728043,0.04301339926665237,-1.15
7.92,0.0014667883678699451,0.03775426399141617,-1.15
7.93,0.0014666371532113612,0.031752295497087926,-1.15
7.940000000000001,0.0014664752855287648,0.025203515357848327,-1.15
7.949999999999999,0.001466304878120497,0.01836135327388865,-1.16
7.960000000000001,0.0014661307498090592,0.01152728194461513,-1.16
7.969999999999999,0.001465961481247558,0.005035018864151746,-1.16
7.98,0.0014658105851954616,-0.0007708155582467676,-1.16
7.99,0.0014656973350290923,-0.005561369569108198,-1.16
8.0,0.001465646731181402,-0.009054610562753446,-1.16
8.01,0.001465688137952479,-0.0110473338873837,-1.17
8.02,0.0014658523238021248,-0.01144255433154193,-1.17
8.03,0.0014661669849575587,-0.010266863418520024,-1.17
8.040000000000001,0.0014666512708023107,-0.007674575482630964,-1.17
8.05,0.0014673102464842953,-0.003938086929501256,-1.17
8.06,0.0014681304804164894,0.0005743604139496549,-1.17
8.07,0.001469077915883568,0.005431242556172067,-1.17
8.08,0.0014700988342807191,0.010177336690772879,-1.18
8.09,0.0014711241015517803,0.014375955039423434,-1.18
8.1,0.00147207617260657,0.017648852521593726,-1.18
8.11,0.0014728777244662856,0.019709123131721996,-1.18
8.120000000000001,0.001473460468635569,0.020383639103887446,-1.18
8.13,0.001473772725539014,0.01962330882588288,-1.18
8.14,0.0014737846869979736,0.01750108539569535,-1.18
8.15,0.0014734908145558649,0.014199121941888214,-1.18
8.16,0.0014729093554427884,0.009987633118408359,-1.19
8.17,0.001472079379800676,0.0051984240206693596,-1.19
8.18,0.0014710560064236742,0.0001955382575128738,-1.18
8.19,0.0014699045995127,-0.004655278663935735,-1.19
8.2,0.0014686947152521633,-0.00901672804225246,-1.19
8.21,0.001467494484266187,-0.012607542770571857,-1.19
8.22,0.0014663659584173525,-0.015224811974478732,-1.19
8.23,0.0014653617480042522,-0.016758518844779358,-1.2
8.24,0.001464523052394066,-0.01719635173200599,-1.2
8.25,0.0014638789780628773,-0.016617606099867913,-1.2
8.26,0.001463446880158757,-0.015176329720918242,-1.2
8.27,0.001463233380447265,-0.01307591548951247,-1.2
8.28,0.0014632357076992644,-0.01053934642075578,-1.2
8.290000000000001,0.0014634430626566876,-0.007780430781673622,-1.2099999999999982
8.3,0.0014638378088720992,-0.0049815164566409924,-1.2
8.31,0.0014643964117523997,-0.0022822093779042234,-1.21
8.32,0.0014650901699856012,0.00021904754709607278,-1.21
8.33,0.0014658858861091016,0.002452788175550758,-1.21
8.34,0.0014667466878962772,0.004361743547746389,-1.21
8.35,0.0014676332234098912,0.005887040179024846,-1.21
8.36,0.0014685053967441047,0.006963605436409914,-1.22
8.370000000000001,0.001469324680009927,0.007527269044347558,-1.2199999999999982
8.38,0.0014700568343303897,0.007531528193721101,-1.21
8.39,0.0014706746333456938,0.006968659882811712,-1.22
8.4,0.0014711599830642915,0.005888932262931383,-1.22
8.41,0.0014715047702568542,0.00441282013763862,-1.22
8.42,0.0014717099276215992,0.0027331540032618684,-1.22
8.43,0.001471782599393906,0.0011057325730549925,-1.23
8.44,0.0014717318568005608,-0.00017216555287151268,-1.22
8.45,0.0014715639789144943,-0.0007946616314412326,-1.23
8.46,0.0014712786638867391,-0.00048811274137237643,-1.23
8.47,0.0014708675007978796,0.0009469870574400532,-1.23
8.48,0.001470315565315036,0.003601784460106664,-1.23
8.49,0.0014696061988468062,0.0074400687720396486,-1.23
8.5,0.0014687281198664545,0.012298457765509982,-1.23
8.51,0.0014676832853152849,0.017905196040230224,-1.24
8.52,0.0014664935995364913,0.023912910350952634,-1.23
8.53,0.001465204751838586,0.029938426713482798,-1.24
8.540000000000001,0.001463886088925483,0.03560285989850104,-1.24
8.55,0.0014626262943756038,0.04056689549408181,-1.24
8.56,0.0014615254920344396,0.04455843140992505,-1.24
8.57,0.001460685003781673,0.047391537427244716,-1.25
8.58,0.001460196281728994,0.04897638783373323,-1.25
8.59,0.001460130516985424,0.0493197650422094,-1.25
8.6,0.0014605301913595576,0.04851588278088777,-1.25
8.61,0.0014614034965836475,0.04672821922086514,-1.25
8.620000000000001,0.0014627221752078403,0.04416462318211094,-1.25
8.63,0.0014644229630318313,0.04104948564953462,-1.25
8.64,0.0014664124416093492,0.03759753215654307,-1.26
8.65,0.001468574768373871,0.0339933696907227,-1.26
8.66,0.001470781486924767,0.030379351970300134,-1.26
8.67,0.001472902464548134,0.02685222032164311,-1.26
8.68,0.00147481696171596,0.023467202462238716,-1.26
8.69,0.0014764238878165522,0.020247302857184957,-1.26
8.700000000000001,0.0014776504056468055,0.017195242914154925,-1.2600000000000018
8.71,0.0014784581845331292,0.01430534791062057,-1.27
8.72,0.0014788467566485203,0.011572539766887375,-1.27
8.73,0.0014788536108703988,0.008996297518224226,-1.27
8.74,0.0014785508743165752,0.006579330944626192,-1.27
8.75,0.0014780386817985578,0.0043226125540207294,-1.27
8.76,0.0014774356067381845,0.0022191247729598327,-1.27
8.77,0.0014768668176738807,0.0002483451139782771,-1.27
8.78,0.0014764509303545222,-0.001627111650312591,-1.28
8.790000000000001,0.0014762868229322844,-0.003461728524630574,-1.28
8.8,0.0014764419040046754,-0.00532351015934465,-1.28
8.81,0.0014769433739133175,-0.0072862581868209635,-1.28
8.82,0.0014777738137276954,-0.009418268575204159,-1.28
8.83,0.0014788719402512235,-0.011769568478233806,-1.28
8.84,0.0014801386323518165,-0.01436096317914676,-1.28
8.85,0.0014814475164116212,-0.017177685793669465,-1.28
8.86,0.0014826586983521686,-0.020168634841954407,-1.29
8.870000000000001,0.0014836338056828952,-0.023250493406073318,-1.2800000000000018
8.88,0.0014842504175107748,-0.026315140230525544,-1.29
8.89,0.0014844141819532356,-0.029238391255537694,-1.29
8.9,0.0014840673521886352,-0.03188803717509557,-1.29
8.91,0.0014831929996143485,-0.03412959953459537,-1.29
8.92,0.0014818147071362173,-0.035829455626475,-1.3
8.93,0.0014799920792601226,-0.03685652102781153,-1.3
8.94,0.0014778129056068304,-0.03708444729711834,-1.3
8.950000000000001,0.001475383218496404,-0.03639593643765028,-1.3
8.96,0.001472816703664675,-0.034690021090762656,-1.3
8.97,0.0014702248904132952,-0.03189239449849296,-1.3
8.98,0.0014677092586650028,-0.02796774145377964,-1.31
8.99,0.001465355919302316,-0.022931691081899398,-1.3
9.0,0.0014632329726659145,-0.016859416348012114,-1.31
9.01,0.0014613901689121747,-0.00988846720645324,-1.31
9.02,0.001459860185984592,-0.0022146199046825725,-1.31
9.03,0.0014586607414266296,0.005919133032412076,-1.31
9.040000000000001,0.0014577968397821563,0.014238898602752353,-1.31
9.05,0.0014572626681536914,0.02245890432288082,-1.31
9.06,0.001457042914666199,0.030300763275392644,-1.32
9.07,0.0014571135315322539,0.0375115668102929,-1.32
9.08,0.0014574421507338642,0.04387993486589677,-1.32
9.09,0.0014579884660827435,0.04924861725449368,-1.32
9.1,0.0014587049239921093,0.05352176429959297,-1.32
9.11,0.001459538031846125,0.056665780226391946,-1.32
9.120000000000001,0.0014604305076499412,0.0587042238024094,-1.32
9.13,0.0014613243588259674,0.05970819764016781,-1.32
9.14,0.0014621647974125036,0.05978393767698056,-1.33
9.15,0.0014629046976679396,0.05905962008892857,-1.33
9.16,0.0014635091179596123,0.057673732840066126,-1.33
9.17,0.0014639592763347972,0.05576698294216831,-1.33
9.18,0.001464255310452755,0.05347828452047598,-1.33
9.19,0.0014644171815249131,0.050943452088883186,-1.34
9.200000000000001,0.0014644832112234547,0.04829398354608212,-1.34
9.21,0.0014645059838308662,0.04565360321132842,-1.34
9.22,0.0014645457142251424,0.043131808551522995,-1.34
9.23,0.0014646616667409289,0.04081548136366448,-1.34
9.24,0.0014649027465208446,0.03876062836863353,-1.34
9.25,0.0014652988326679698,0.03698619122841873,-1.34
9.26,0.0014658545988783455,0.03547115659206533,-1.35
9.27,0.0014665473261378343,0.034155479138478266,-1.35
9.28,0.0014673295123894805,0.03294474024761683,-1.35
9.290000000000001,0.0014681360390882772,0.03171805657800652,-1.35
9.3,0.0014688945425862356,0.030338543578341155,-1.35
9.31,0.0014695368159141223,0.028665532765575347,-1.35
9.32,0.0014700088149600837,0.026567770009839165,-1.35
9.33,0.0014702772606964014,0.023936988249483676,-1.36
9.34,0.0014703317977942383,0.020701290653204526,-1.36
9.35,0.0014701828759258642,0.01683745083251108,-1.36
9.36,0.001469856566732617,0.012380576025865703,-1.36
9.370000000000001,0.0014693881096401141,0.00742891482282144,-1.36
9.38,0.0014688159790403413,0.0021412962709164863,-1.36
9.39,0.0014681777631954987,-0.003274942335453918,-1.36
9.4,0.0014675083673888242,-0.008586116844401723,-1.37
9.41,0.0014668402827277504,-0.013561904276006764,-1.37
9.42,0.001466205120924935,-0.018006458305194376,-1.37
9.43,0.0014656354036131766,-0.021783125106811317,-1.37
9.44,0.0014651656939290846,-0.02482684719633511,-1.37
9.450000000000001,0.0014648324672270124,-0.027142801378937636,-1.37
9.46,0.0014646725024771725,-0.02879387781453141,-1.37
9.47,0.0014647199252068824,-0.02988135144311811,-1.38
9.48,0.0014650022890774683,-0.03052318619657593,-1.38
9.49,0.001465536235010698,-0.03083406314897387,-1.38
9.5,0.001466323329946804,-0.030910341230104738,-1.37
9.51,0.0014673466851017278,-0.030821323525576365,-1.38
9.52,0.001468568898789404,-0.030606052852497487,-1.38
9.53,0.0014699317599094607,-0.030273739229747663,-1.38
9.540000000000001,0.001471357983658955,-0.029806449385233788,-1.39
9.55,0.001472755044484401,-0.029164013033361285,-1.39
9.56,0.0014740209482342792,-0.028291891628576787,-1.39
9.57,0.0014750515684792771,-0.027132512377531955,-1.39
9.58,0.0014757489742485879,-0.025639586502950958,-1.39
9.59,0.001476030009335903,-0.023793700388817646,-1.39
9.6,0.0014758342659726806,-0.02161637118969098,-1.39
9.61,0.0014751305575336692,-0.01917906029540157,-1.4
9.620000000000001,0.0014739210713035334,-0.016603845063548155,-1.4
9.63,0.0014722425992763396,-0.014053989293456446,-1.4
9.64,0.0014701645913059687,-0.011714960854982782,-1.4
9.65,0.0014677841842842248,-0.009768393885447342,-1.4
9.66,0.001465218737901262,-0.008362617978658013,-1.4
9.67,0.0014625966815821185,-0.007583950453713391,-1.41
9.68,0.001460047628817026,-0.007433384855285219,-1.4
9.69,0.0014576927565406767,-0.007813612459740656,-1.41
9.700000000000001,0.001455636393973618,-0.008530682590253554,-1.4000000000000017
9.71,0.0014539596228902946,-0.00931215505647963,-1.41
9.72,0.001452716454973444,-0.009839784585537087,-1.41
9.73,0.0014519328200481923,-0.009791458905951107,-1.41
9.74,0.0014516082009501264,-0.008885727678423478,-1.41
9.75,0.0014517193655371075,-0.006922450104519142,-1.42
9.76,0.001452225376209793,-0.0038137720006624397,-1.41
9.77,0.0014530729723762925,0.0003993251922494161,-1.42
9.78,0.0014542015290078644,0.005547884740837042,-1.42
9.790000000000001,0.001455547048835313,0.011353727184379919,-1.42
9.8,0.0014570449702095054,0.01746357060682096,-1.42
9.81,0.0014586318834641967,0.023492853194367627,-1.42
9.82,0.0014602464783961841,0.029071342771328796,-1.43
9.83,0.00146183015736588,0.03388254617000387,-1.43
9.84,0.0014633277387812345,0.037691326591204125,-1.42
9.85,0.0014646885694245765,0.040357660070448546,-1.43
9.86,0.0014658682018805907,0.041837411040110406,-1.43
9.870000000000001,0.001466830612995105,0.04217293700999722,-1.4300000000000017
9.88,0.0014675507665716761,0.04147745484106593,-1.44
9.89,0.001468017176556328,0.03991708683106599,-1.44
9.9,0.0014682340237893179,0.03769314882453557,-1.43
9.91,0.0014682223407883148,0.03502516851989333,-1.44
9.92,0.0014680198268176164,0.0321333796449452,-1.44
9.93,0.0014676790038405,0.029219338417494543,-1.44
9.94,0.0014672636615832432,0.026445591352377812,-1.44
9.950000000000001,0.0014668438186167404,0.023918449003866703,-1.45
9.96,0.0014664896767655137,0.021678864008387748,-1.45
9.97,0.001466265212060496,0.01970403149084597,-1.45
9.98,0.001466222103915486,0.017918636326028272,-1.45
9.99,0.0014663946631553095,0.01621233897559632,-1.45
10.0,0.0014667963065587084,0.014459809418725059,-1.45
10.01,0.0014674179723768528,0.012540335697341651,-1.45
10.02,0.0014682286966800815,0.010354704438543728,-1.46
10.03,0.0014691783769823206,0.007837431307428887,-1.46
10.040000000000001,0.0014702025387981364,0.004962949608039343,-1.46
10.05,0.0014712287079482733,0.001745614512760572,-1.46
10.06,0.0014721838028580177,-0.001764865156588047,-1.46
10.07,0.0014730018190789137,-0.0054898146639953335,-1.46
10.08,0.0014736309941923394,-0.009327477782917924,-1.46
10.09,0.0014740396224627835,-0.013157847049798452,-1.47
10.1,0.0014742197472456234,-0.016847629635027703,-1.47
10.11,0.0014741881139919372,-0.020257040555506672,-1.46
10.120000000000001,0.0014739840378891875,-0.023249447796169987,-1.47
10.13,0.0014736642339064558,-0.02570365368519814,-1.47
10.14,0.001473295137417304,-0.027526996391207037,-1.47
10.15,0.001472943715331553,-0.028666037499647717,-1.47
10.16,0.0014726681032118858,-0.029111555380299237,-1.48
10.17,0.0014725095012407664,-0.028896456044209824,-1.47
10.18,0.0014724865844054308,-0.028087994777807615,-1.48
10.19,0.0014725932673977224,-0.026777339352751988,-1.48
10.200000000000001,0.001472800114058203,-0.025068916872363147,-1.48
10.21,0.001473059122135869,-0.023070304134889162,-1.48
10.22,0.0014733111450818996,-0.020882643939721057,-1.49
10.23,0.001473494878211389,-0.01859222179121513,-1.48
10.24,0.0014735561466579763,-0.01626465213275729,-1.49
10.25,0.0014734561898704104,-0.013942784177994794,-1.48
10.26,0.001473177749142434,-0.011648202773586573,-1.49
10.27,0.001472728040032871,-0.009385467923262928,-1.49
10.28,0.0014721381275773842,-0.0071485283738245455,-1.49
10.290000000000001,0.0014714587765629296,-0.004928992269973856,-1.4900000000000018
10.3,0.0014707534229641875,-0.002725070990328084,-1.5
10.31,0.0014700893776258496,-0.0005485830698050591,-1.49
10.32,0.0014695286283719136,0.0015727671805554743,-1.5
10.33,0.0014691196131152654,0.003598628675283093,-1.5
10.34,0.0014688911174983517,0.005482822473564188,-1.5
10.35,0.0014688490751830962,0.007180557758863663,-1.5
10.36,0.0014689766014440591,0.008653781690749367,-1.51
10.370000000000001,0.0014692371338375213,0.009874465069381786,-1.5000000000000018
10.38,0.0014695801194000613,0.01082726660383707,-1.51
10.39,0.0014699483074523889,0.011513184223963701,-1.51
10.4,0.0014702854414896946,0.01195471209071877,-1.51
10.41,0.0014705430741990518,0.012201770238547939,-1.51
10.42,0.0014706854201628316,0.0123369191836572,-1.51
10.43,0.001470691619688898,0.01247782240260735,-1.51
10.44,0.0014705554352709518,0.012774320149343273,-1.52
10.450000000000001,0.001470283063039848,0.013397637158428479,-1.52
10.46,0.0014698901947468722,0.014521083178110458,-1.52
10.47,0.0014693995430407666,0.016294521424454395,-1.52
10.48,0.0014688396963379916,0.0188173534939856,-1.52
10.49,0.001468245495693922,0.022115856084983725,-1.52
10.5,0.0014676593525139552,0.026130079578559177,-1.53
10.51,0.001467132336451346,0.030713278581490276,-1.53
10.52,0.0014667236794419004,0.03564379223554535,-1.53
10.53,0.001466497645675051,0.04064650551429308,-1.53
10.540000000000001,0.0014665174283345524,0.04541922965263921,-1.53
10.55,0.0014668366297640486,0.049659004652903,-1.53
10.56,0.0014674896754322696,0.053084696711588185,-1.54
10.57,0.0014684829689885531,0.055454819027023004,-1.54
10.58,0.0014697886077752493,0.056581685280874976,-1.54
10.59,0.0014713420754334894,0.05634339790408062,-1.54
10.6,0.001473044655368801,0.054694094289577666,-1.54
10.61,0.001474770559277499,0.05167165265945539,-1.54
10.620000000000001,0.0014763780903210883,0.047401052377548845,-1.54
10.63,0.0014777236296012939,0.042090525905838186,-1.54
10.64,0.0014786768629876956,0.03601729966846332,-1.55
10.65,0.0014791354604507688,0.02950137787419559,-1.55
10.66,0.0014790374002740347,0.02286947653557489,-1.55
10.67,0.0014783693234324468,0.01641530015412762,-1.55
10.68,0.001477169727158498,0.010364845325321203,-1.55
10.69,0.0014755264332907288,0.004854972161029435,-1.55
10.700000000000001,0.0014735684983816246,-6.987915273482357e-05,-1.56
10.71,0.001471453434212751,-0.0044428983707645,-1.56
10.72,0.001469351177981178,-0.0083467796849737,-1.56
10.73,0.001467426652068344,-0.01188000246182186,-1.56
10.74,0.0014658229742675482,-0.015126138602150443,-1.56
10.75,0.0014646473977855438,-0.018133571828002435,-1.56
10.76,0.0014639618318193566,-0.020909750878749692,-1.56
10.77,0.0014637792718753856,-0.02342940014958796,-1.57
10.78,0.0014640666448082088,-0.02565159389505428,-1.57
10.790000000000001,0.0014647535325533244,-0.027538271617254466,-1.57
10.8,0.0014657451946310258,-0.029067490711239038,-1.57
10.81,0.0014669375405393476,-0.03023763417236625,-1.57
10.82,0.001468231421230787,-0.031062520613196226,-1.57
10.83,0.0014695438785338512,-0.03156070607691199,-1.57
10.84,0.0014708147249786563,-0.03174391025797195,-1.58
10.85,0.0014720078183075907,-0.03160876598848578,-1.58
10.86,0.0014731073962247858,-0.031134123591643286,-1.57
10.870000000000001,0.001474110654147647,-0.03028467745923902,-1.58
10.88,0.0014750182897461616,-0.02902079383881463,-1.58
10.89,0.001475824984267824,-0.02731295214543998,-1.58
10.9,0.0014765117519198836,-0.025157202769645736,-1.58
10.91,0.0014770417805978417,-0.022587035425620024,-1.59
10.92,0.0014773608278436422,-0.019677876538145393,-1.59
10.93,0.0014774024597554447,-0.01654242174118179,-1.59
10.94,0.001477097514509542,-0.013317449726976752,-1.59
10.950000000000001,0.0014763862984478481,-0.010145258931363265,-1.59
10.96,0.001475231384658564,-0.0071545389542905565,-1.59
10.97,0.0014736286506981328,-0.004445483678672892,-1.59
10.98,0.0014716144386959739,-0.00208236050314566,-1.59
10.99,0.0014692673974181006,-9.43578316138772e-05,-1.6
11.0,0.0014667044966815963,0.0015168432027971269,-1.6
11.01,0.0014640716568126812,0.0027661576654384595,-1.6
11.02,0.001461530227676533,0.0036750337993568596,-1.6
11.03,0.0014592411034375285,0.004265680575721389,-1.6
11.040000000000001,0.0014573485583665715,0.0045609705521720235,-1.6000000000000019
11.05,0.0014559659373903787,0.004589216377256998,-1.61
11.06,0.001455165123465577,0.004391609708174694,-1.6
11.07,0.0014549712128402714,0.004029431382366646,-1.61
11.08,0.0014553630579829365,0.0035879830925294952,-1.61
11.09,0.001456279365969447,0.003174856538589975,-1.61
11.1,0.0014576290674497704,0.0029119442522631024,-1.61
11.11,0.0014593039590253003,0.002922967056490309,-1.61
11.120000000000001,0.00146119136576075,0.003320104020115128,-1.62
11.13,0.0014631848219833169,0.004193765626939904,-1.62
11.14,0.0014651914318512783,0.0056083967128182045,-1.62
11.15,0.0014671354389297821,0.007604445422248832,-1.62
11.16,0.0014689583596699527,0.010203042857617098,-1.62
11.17,0.0014706166289304315,0.01340755817474128,-1.62
11.18,0.0014720779837444462,0.017197230345269238,-1.62
11.19,0.0014733177883452819,0.02151251338825039,-1.63
11.200000000000001,0.001474316256403768,0.026236973530809546,-1.63
11.21,0.0014750571582789398,0.031183753363456322,-1.63
11.22,0.0014755282008653051,0.03609452631751775,-1.63
11.23,0.00147572289285862,0.040655417419217334,-1.63
11.24,0.0014756433954773768,0.04452871648521091,-1.63
11.25,0.0014753036397886833,0.04739391584412838,-1.63
11.26,0.0014747318997975212,0.048988932237363766,-1.64
11.27,0.0014739720754636623,0.04914279492357799,-1.64
11.28,0.0014730831745561428,0.04779387512893031,-1.64
11.290000000000001,0.0014721368550843226,0.044991923219289215,-1.64
11.3,0.0014712133083445492,0.04088650336027687,-1.64
11.31,0.0014703961006215965,0.03570714535899448,-1.64
11.32,0.0014697667484048448,0.02974038578831648,-1.64
11.33,0.0014693997409335221,0.023306497687548652,-1.64
11.34,0.0014693584807902512,0.01673645190472763,-1.65
11.35,0.0014696922851680277,0.010349240233377108,-1.65
11.36,0.00147043429608618,0.004430840894427579,-1.65
11.370000000000001,0.0014715999714917404,-0.0007826775440798008,-1.65
11.38,0.0014731857947849897,-0.005115428897723214,-1.65
11.39,0.001475167929623924,-0.008454206285172282,-1.65
11.4,0.0014775007272673473,-0.010743677992838468,-1.65
11.41,0.0014801152304541826,-0.011975873460735439,-1.66
11.42,0.001482918074661008,-0.0121764769951076,-1.66
11.43,0.0014857914233705385,-0.01139159516650266,-1.65
11.44,0.0014885947362815032,-0.009679066605286219,-1.66
11.450000000000001,0.00149116919225433,-0.0071065201935584495,-1.66
11.46,0.0014933454056525,-0.0037547974263811264,-1.66
11.47,0.0014949546434300492,0.0002770925109888018,-1.66
11.48,0.001495843081110843,0.004868785349235334,-1.67
11.49,0.0014958878220523951,0.009878352121244249,-1.66
11.5,0.0014950126353802317,0.015145005898002368,-1.67
11.51,0.0014932008868861135,0.020494579402944853,-1.67
11.52,0.0014905031570803448,0.0257476075923128,-1.67
11.53,0.0014870376637992997,0.030729337085359094,-1.67
11.540000000000001,0.0014829827549028864,0.03528035156431356,-1.67
11.55,0.0014785621263089823,0.0392661766063269,-1.67
11.56,0.0014740246671352023,0.04258441614880172,-1.68
11.57,0.0014696216373151273,0.045168820713143085,-1.67
11.58,0.0014655841332587064,0.046990919041122015,-1.68
11.59,0.001462103549918972,0.04806068247773763,-1.68
11.6,0.0014593171576191533,0.04842764495938936,-1.68
11.61,0.0014573001546185468,0.048183081038053036,-1.68
11.620000000000001,0.0014560647508080396,0.047462600565110494,-1.6899999999999982
11.63,0.001455566029166132,0.046447398904170455,-1.68
11.64,0.0014557135516203355,0.045362066854785714,-1.69
11.65,0.0014563870053651083,0.044467610004448904,-1.69
11.66,0.0014574537380901648,0.044049681930778226,-1.69
11.67,0.0014587858848494116,0.04440295598989116,-1.69
11.68,0.0014602749520831115,0.04581245593821418,-1.69
11.69,0.0014618421449362872,0.048532108648236136,-1.69
11.700000000000001,0.001463443324894315,0.05276079280132661,-1.6999999999999982
11.71,0.0014650681871507855,0.05861717337988946,-1.69
11.72,0.0014667339904278424,0.06611629159834488,-1.7
11.73,0.0014684749099908147,0.07515246279743264,-1.7
11.74,0.0014703287525574841,0.08549366304511961,-1.7
11.75,0.0014723232591700866,0.09679135158186691,-1.7
11.76,0.0014744643921316691,0.10860634689120101,-1.71
11.77,0.001476728746605222,0.12044758750815643,-1.7
11.78,0.001479061519912884,0.1318186196499929,-1.71
11.790000000000001,0.0014813804120756848,0.1422664137117229,-1.71
11.8,0.0014835846603294038,0.15142675151761326,-1.71
11.81,0.0014855674369507047,0.15905954775433973,-1.71
11.82,0.0014872293099720943,0.1650677788521883,-1.72
11.83,0.001488490478617581,0.16949654291394947,-1.71
11.84,0.0014892999858164794,0.17251341244689672,-1.72
11.85,0.0014896408806359777,0.17437543268597344,-1.72
11.86,0.0014895311038075135,0.17539007275524685,-1.72
11.870000000000001,0.001489020513035566,0.17587702579778863,-1.72
11.88,0.0014881848823669124,0.1761359434163195,-1.72
11.89,0.001487117916043689,0.17642288325953281,-1.72
11.9,0.0014859223554262683,0.17693604562236373,-1.73
11.91,0.0014847011719663337,0.17780988511851756,-1.72
11.92,0.0014835496665369864,0.17911629042752655,-1.73
11.93,0.0014825490656721844,0.18087187512126224,-1.73
11.94,0.001481761949613139,0.18305070688516514,-1.73
11.950000000000001,0.001481229603911375,0.1856014758060516,-1.73
11.96,0.0014809711937412426,0.1884671263478981,-1.73
11.97,0.0014809845395482842,0.1916038255992246,-1.73
11.98,0.0014812482221514952,0.19499560353848647,-1.73
11.99,0.0014817247462811669,0.1986615967385101,-1.74
12.0,0.0014823645187371627,0.20265448241553108,-1.74
12.01,0.0014831104252553897,0.2070508601850905,-1.74
12.02,0.0014839027956180225,0.21193620321025028,-1.74
12.030000000000001,0.0014846845141620673,0.21738793370570098,-1.74
12.040000000000001,0.001485405964329063,0.223460144630297,-1.74
12.05,0.0014860294157499837,0.23017276493091018,-1.74
12.06,0.001486532409360463,0.23750673868315186,-1.75
12.07,0.0014869097049078613,0.24540532049812036,-1.75
12.08,0.001487173443386121,0.2537805337783008,-1.75
12.09,0.001487351340357776,0.2625237672205107,-1.75
12.1,0.001487482940953359,0.2715198638081513,-1.75
12.11,0.0014876142008819057,0.2806636431640561,-1.75
12.120000000000001,0.0014877908844232396,0.2898765461911363,-1.75
12.13,0.0014880514751689652,0.29912038929661183,-1.75
12.14,0.0014884204598221392,0.3084058691398535,-1.76
12.15,0.0014889029341024868,0.31779477699167147,-1.76
12.16,0.0014894814451039244,0.32739586352393485,-1.76
12.17,0.0014901157861398897,0.33735469470105306,-1.76
12.18,0.0014907460872838996,0.3478381234623148,-1.76
12.19,0.0014912990380910656,0.35901470945323766,-1.76
12.200000000000001,0.0014916965400993962,0.37103352514283977,-1.7600000000000018
12.21,0.001491865649256323,0.3840046985679398,-1.77
12.22,0.0014917484419329947,0.3979851529695057,-1.77
12.23,0.0014913104695065936,0.41297204536609916,-1.77
12.24,0.001490546729143444,0.4289045356219676,-1.77
12.25,0.0014894844812375387,0.44567243538663176,-1.77
12.26,0.001488182670174333,0.4631290046584835,-1.77
12.27,0.001486728069625023,0.4811051802598328,-1.77
12.280000000000001,0.0014852285496088637,0.4994234273845721,-1.78
12.290000000000001,0.0014838040633145927,0.5179105275395727,-1.78
12.3,0.0014825761015761075,0.5364094504972732,-1.78
12.31,0.0014816564815216407,0.5547904377218198,-1.78
12.32,0.0014811364314650266,0.5729603962424136,-1.78
12.33,0.0014810770005966507,0.5908687552149116,-1.78
12.34,0.00148150183875395,0.6085084941587573,-1.79
12.35,0.0014823933244660092,0.6259130412500071,-1.79
12.36,0.0014836928249033533,0.6431515557284464,-1.79
12.370000000000001,0.001485305504772935,0.6603252282713413,-1.79
12.38,0.0014871095421640909,0.6775656010893982,-1.79
12.39,0.0014889689087120297,0.6950339317195915,-1.79
12.4,0.001490748180973649,0.7129196609598134,-1.79
12.41,0.001492327377607184,0.7314360995747636,-1.8
12.42,0.0014936147304826922,0.7508117185518334,-1.8
12.43,0.0014945556543097635,0.7712756107340969,-1.8
12.44,0.0014951369001270877,0.7930363370428468,-1.8
12.450000000000001,0.0014953857592904403,0.8162551257733096,-1.8
12.46,0.0014953649715207678,0.8410169736781916,-1.8
12.47,0.001495164491579332,0.8673053462857613,-1.8
12.48,0.0014948914207794004,0.8949866963158568,-1.81
12.49,0.001494659267348244,0.9238095749301987,-1.81
12.5,0.0014945773990653049,0.9534202671884521,-1.81
12.51,0.0014947412526420973,0.9833936850626452,-1.81
12.52,0.0014952236870667266,1.0132755984296415,-1.81
12.530000000000001,0.001496067854858799,1.0426306250998085,-1.81
12.540000000000001,0.0014972820784980637,1.0710897412995009,-1.8100000000000018
12.55,0.0014988373587607215,1.09839110286995,-1.82
12.56,0.0015006681781939142,1.124408612958523,-1.82
12.57,0.001502677086814788,1.1491642979007872,-1.82
12.58,0.0015047431216608247,1.1728230417360186,-1.82
12.59,0.0015067334694306162,1.1956707351622333,-1.82
12.6,0.0015085170954833027,1.2180789781050914,-1.82
12.61,0.0015099785541302726,1.240461329703972,-1.82
12.620000000000001,0.001511030045391495,1.2632275080415512,-1.83
12.63,0.0015116200624202601,1.2867421069961724,-1.83
12.64,0.0015117376159034222,1.311292884347404,-1.83
12.65,0.0015114118357908543,1.337071040972548,-1.83
12.66,0.001510707494120532,1.3641634277659473,-1.83
12.67,0.0015097174851687527,1.3925553250824678,-1.83
12.68,0.0015085534830865215,1.4221422829505455,-1.83
12.69,0.0015073359193552025,1.4527495431592103,-1.84
12.700000000000001,0.001506184189190792,1.484157108910817,-1.84
12.71,0.0015052077280255523,1.5161277779209654,-1.84
12.72,0.0015044983873136175,1.5484348508112504,-1.84
12.73,0.0015041244210449885,1.5808859070236518,-1.84
12.74,0.001504126357982591,1.6133392031165692,-1.84
12.75,0.0015045150300493496,1.6457103895857117,-1.84
12.76,0.0015052719859779673,1.6779696021858101,-1.85
12.77,0.0015063523776111965,1.7101319487239084,-1.85
12.780000000000001,0.0015076901321029903,1.74224663033871,-1.85
12.790000000000001,0.0015092048477889158,1.7743900639958536,-1.85
12.8,0.0015108094840936487,1.8066659023539964,-1.85
12.81,0.0015124177068175828,1.8392106161275505,-1.85
12.82,0.0015139498163254108,1.8721994132495061,-1.85
12.83,0.0015153365563201266,1.9058459698840116,-1.86
12.84,0.0015165206942793499,1.9403915159075702,-1.86
12.85,0.0015174568982915429,1.9760830724945426,-1.86
12.86,0.0015181108849558374,2.013144934542181,-1.86
12.870000000000001,0.0015184589114853166,2.051749855941986,-1.86
12.88,0.0015184883856138752,2.0919959080563864,-1.86
12.89,0.0015181997592804686,2.133892319340385,-1.86
12.9,0.0015176091651504105,2.177354573386769,-1.87
12.91,0.0015167507094138953,2.2222073558091475,-1.87
12.92,0.0015156771609694949,2.268194231610353,-1.87
12.93,0.001514458062653444,2.314994333101542,-1.87
12.94,0.0015131749625386967,2.3622470310209533,-1.87
12.950000000000001,0.0015119142965633557,2.409584346024102,-1.8700000000000019
12.96,0.001510759149826981,2.456668179850399,-1.88
12.97,0.0015097814457711947,2.503226850143724,-1.88
12.98,0.0015090359702617303,2.5490842408269314,-1.88
12.99,0.0015085571028427148,2.59417559473427,-1.88
13.0,0.001508358405662518,2.6385463981293857,-1.88
13.01,0.0015084345700497825,2.682334427417717,-1.88
13.02,0.0015087648375199398,2.7257390360153932,-1.88
13.030000000000001,0.001509316964560453,2.7689851122472406,-1.89
13.040000000000001,0.0015100510363118711,2.8122905946549626,-1.89
13.05,0.0015109228160230161,2.85584493342161,-1.89
13.06,0.0015118866768057387,2.8998017095184303,-1.89
13.07,0.0015128983652863697,2.9442837234627217,-1.89
13.08,0.0015139178342353998,2.9893954176227817,-1.89
13.09,0.0015149121802904744,3.0352363093832615,-1.89
13.1,0.0015158584366468956,3.0819096344368337,-1.9
13.11,0.0015167457371749124,3.1295220241622475,-1.89
13.120000000000001,0.0015175762990715486,3.1781729033226473,-1.8999999999999981
13.13,0.0015183648091120303,3.2279361617915785,-1.89
13.14,0.0015191361090671999,3.2788397791015154,-1.9
13.15,0.0015199214559694489,3.3308496266968217,-1.9
13.16,0.0015207539500824874,3.3838618936476035,-1.9
13.17,0.0015216638731299496,3.4377062698007013,-1.9
13.18,0.001522674622814728,3.4921601750981113,-1.9
13.19,0.0015237997020284633,3.546972522798407,-1.9
13.200000000000001,0.0015250409207151268,3.6018934147013173,-1.9000000000000017
13.21,0.0015263877188994989,3.656704580001923,-1.91
13.22,0.0015278174145647604,3.7112452961828724,-1.91
13.23,0.0015292962468223498,3.7654299339044153,-1.91
13.24,0.0015307812751302358,3.8192552629160597,-1.91
13.25,0.0015322233966588224,3.8727974957774784,-1.91
13.26,0.0015335718178507527,3.9262004736191365,-1.91
13.27,0.0015347801570892148,3.979657401820422,-1.92
13.280000000000001,0.0015358139370780888,4.033389152037244,-1.92
13.290000000000001,0.0015366586299290393,4.087622342956533,-1.92
13.3,0.001537326836985132,4.142570006731781,-1.92
13.31,0.0015378628630771222,4.198416395396059,-1.92
13.32,0.0015383430763756714,4.2553057887279415,-1.92
13.33,0.001538871096389376,4.313334368472792,-1.92
13.34,0.0015395679153892416,4.372545125045706,-1.93
13.35,0.0015405582466336749,4.432927165870948,-1.93
13.36,0.0015419553347783897,4.494420697540087,-1.93
13.370000000000001,0.0015438468596649022,4.556927009132879,-1.93
13.38,0.0015462842948327183,4.620320777575629,-1.93
13.39,0.0015492772424139827,4.684461932672722,-1.93
13.4,0.0015527931469362,4.7492061298171375,-1.93
13.41,0.0015567617634818461,4.814414581574552,-1.94
13.42,0.0015610831011735485,4.879964081296868,-1.94
13.43,0.0015656373747052626,4.945757070950909,-1.94
13.44,0.0015702956981796243,5.0117308857626535,-1.94
13.450000000000001,0.001574930660045598,5.07786523704006,-1.94
13.46,0.001579426304413541,5.144187257302312,-1.94
13.47,0.0015836872426318036,5.210773802451731,-1.95
13.48,0.0015876465655597827,5.277750924036742,-1.95
13.49,0.0015912719762110833,5.345290152887592,-1.95
13.5,0.0015945692735882626,5.4136006872065945,-1.95
13.51,0.0015975821998268176,5.482916593091793,-1.95
13.52,0.0016003878859318231,5.553479174222172,-1.95
13.530000000000001,0.0016030877593860755,5.625516174607916,-1.9500000000000017
13.540000000000001,0.0016057947134669344,5.699220531761825,-1.96
13.55,0.001608618317019333,5.774731855235879,-1.96
13.56,0.001611650515256137,5.852124136200985,-1.96
13.57,0.0016149543586269541,5.931403251578752,-1.96
13.58,0.001618557703020438,6.012516615689718,-1.96
13.59,0.0016224526829682947,6.095374438962712,-1.96
13.6,0.0016266004157362705,6.179878639145498,-1.96
13.61,0.0016309392856528298,6.26595327031394,-1.96
13.620000000000001,0.0016353946218428382,6.353570037948642,-1.96
13.63,0.0016398877347389607,6.442763323964722,-1.96
13.64,0.0016443429995273444,6.533630470068905,-1.97
13.65,0.0016486926622197766,6.6263152519384,-1.97
13.66,0.0016528799170158716,6.720976150331963,-1.97
13.67,0.0016568612675002985,6.81774566636151,-1.97
13.68,0.0016606091262898373,6.916690541302763,-1.97
13.69,0.0016641151053667538,7.017783002642397,-1.97
13.700000000000001,0.0016673937319522996,7.1208895134078904,-1.98
13.71,0.0016704856861156523,7.225778000934277,-1.98
13.72,0.0016734593343846116,7.332139982141732,-1.98
13.73,0.0016764094340528514,7.439621761478951,-1.98
13.74,0.0016794523651454158,7.547858760188339,-1.98
13.75,0.001682717946551811,7.656508155412752,-1.98
13.76,0.0016863385882340107,7.765276388359588,-1.99
13.77,0.0016904370402453254,7.873939075497362,-1.99
13.780000000000001,0.0016951142342147237,7.982351386604185,-1.99
13.790000000000001,0.0017004386796893231,8.090447704708424,-1.99
13.8,0.0017064386477638374,8.19823116846562,-1.99
13.81,0.001713098038719523,8.305756282731183,-1.99
13.82,0.0017203564452147563,8.413109562117954,-1.99
13.83,0.00172811349682286,8.520392784472563,-1.99
13.84,0.001736237111841954,8.627711417856567,-2.0
13.85,0.0017445748375442723,8.735168871455409,-2.0
13.86,0.0017529671108122869,8.842866215557128,-2.0
13.870000000000001,0.001761261079147103,8.950906330850163,-2.0
13.88,0.0017693236020766736,9.059400564395007,-2.0
13.89,0.001777052182271044,9.168475231133055,-2.0
13.9,0.0017843828150795136,9.27827519591969,-2.01
13.91,0.0017912940591720188,9.388962464208879,-2.01
13.92,0.0017978070031151108,9.500709191825564,-2.01
13.93,0.0018039812300045162,9.613686457994246,-2.01
13.94,0.0018099073410103794,9.728051663872177,-2.01
13.950000000000001,0.001815697016803301,9.843937598824693,-2.01
13.96,0.001821471872678848,9.96144495133365,-2.01
13.97,0.0018273524222338561,10.080638316142716,-2.02
13.98,0.0018334482895030195,10.201544772099865,-2.02
13.99,0.0018398504525184514,10.324154279524329,-2.02
14.0,0.0018466258716029493,10.448421994184654,-2.02
14.01,0.0018538144807724402,10.574273237124233,-2.02
14.02,0.001861428289443718,10.701611571222479,-2.02
14.030000000000001,0.001869452275389776,10.830329245314603,-2.03
14.040000000000001,0.0018778468116560484,10.960317920530555,-2.03
14.05,0.001886551487998451,11.091476764453867,-2.03
14.06,0.0018954902774274197,11.22371501233373,-2.03
14.07,0.0019045779886766954,11.356947365640615,-2.03
14.08,0.0019137277986308234,11.491083314131632,-2.03
14.09,0.0019228593949098588,11.626014677283576,-2.03
14.1,0.001931906964145106,11.76160759147056,-2.04
14.11,0.0019408260581409635,11.897704651202123,-2.04
14.120000000000001,0.0019495983587952022,12.034140172921683,-2.04
14.13,0.0019582335822198693,12.170767816706805,-2.04
14.14,0.001966768177716941,12.307496355971985,-2.04
14.15,0.001975260985854961,12.44432681084083,-2.04
14.16,0.0019837864906456907,12.581382420660882,-2.04
14.17,0.0019924266311302985,12.718922277279102,-2.04
14.18,0.002001262284624373,12.857330962687614,-2.04
14.19,0.002010365506164375,12.997081239988168,-2.04
14.200000000000001,0.0020197934450513627,13.138674145188558,-2.040000000000002
14.21,0.002029584604274802,13.282568163472334,-2.05
14.22,0.002039757789717066,13.429113243433102,-2.05
14.23,0.002050313725076939,13.578504167032154,-2.05
14.24,0.0020612389131259247,13.730761861068867,-2.05
14.25,0.0020725109749896117,13.885743434005532,-2.05
14.26,0.002084104490760453,14.04317528086052,-2.05
14.27,0.002095996363034447,14.202700424670379,-2.05
14.280000000000001,0.0021081699351137234,14.363931160048928,-2.06
14.290000000000001,0.0021206174603215547,14.526499224794707,-2.06
14.3,0.0021333409323250605,14.690096523143291,-2.06
14.31,0.0021463516240828777,14.854500164925565,-2.06
14.32,0.002159668843399213,15.019577994873123,-2.06
14.33,0.0021733183513089113,15.185275516523205,-2.06
14.34,0.002187330640959762,15.35159039013289,-2.06
14.35,0.002201738957853504,15.518543720616682,-2.06
14.36,0.0022165767127973156,15.68615676719221,-2.06
14.370000000000001,0.0022318739111086474,15.85443846278205,-2.06
14.38,0.0022476524233799853,16.02338538075275,-2.06
14.39,0.0022639203007199077,16.19299304816426,-2.06
14.4,0.0022806657803706655,16.363275949870488,-2.06
14.41,0.002297852002743106,16.534292456393036,-2.06
14.42,0.002315413652697464,16.70616938082116,-2.07
14.43,0.0023332566786880646,16.87911905498913,-2.07
14.44,0.00235126192967967,17.05344130318963,-2.07
14.450000000000001,0.0023692930432607094,17.229505064894482,-2.07
14.46,0.002387208314943228,17.407709501834365,-2.07
14.47,0.002404875658428992,17.588430439238145,-2.07
14.48,0.0024221891786492416,17.7719626918147,-2.07
14.49,0.0024390853764024536,17.958470409472127,-2.08
14.5,0.0024555566779245887,18.14795551450437,-2.08
14.51,0.002471659957125628,18.340249729853788,-2.07
14.52,0.002487518099383685,18.53503076029131,-2.07
14.530000000000001,0.002503313482686171,18.731859539301265,-2.08
14.540000000000001,0.002519273440453362,18.930233165039997,-2.08
14.55,0.002535649088295434,19.12964635499753,-2.08
14.56,0.002552690032579054,19.32965274967695,-2.08
14.57,0.002570618173453021,19.529916900089205,-2.08
14.58,0.002589603949737206,19.730248917788366,-2.08
14.59,0.0026097479803605275,19.930616834533843,-2.08
14.6,0.0026310702919959414,20.131136680320612,-2.09
14.61,0.002653508381017209,20.33204583618115,-2.08
14.620000000000001,0.002676924367997221,20.533668557725463,-2.080000000000002
14.63,0.002701120498774735,20.73638173839868,-2.09
14.64,0.0027258612580944013,20.940585108910284,-2.09
14.65,0.002750899507792223,21.14667635020205,-2.09
14.66,0.0027760035226316268,21.355030329878485,-2.08
14.67,0.002800981714168561,21.565982505579814,-2.09
14.68,0.0028257022365111785,21.779817223485278,-2.09
14.69,0.002850105467486784,21.996760402738925,-2.09
14.700000000000001,0.0028742083683341597,22.216973503527704,-2.09
14.71,0.002898100727096212,22.44054420187525,-2.09
14.72,0.0029219341254554175,22.667470927631033,-2.09
14.73,0.002945905075018044,22.89764305515486,-2.09
14.74,0.002970234159632637,23.13082336898437,-2.1
14.75,0.00299514323719083,23.366641395696433,-2.1
14.76,0.003020832836420593,23.604604176956325,-2.1
14.77,0.003047461846432013,23.844126404032732,-2.1
14.780000000000001,0.003075131429109686,24.084576941586086,-2.1
14.790000000000001,0.0031038747743156922,24.32533552104442,-2.1
14.8,0.0031336538705538093,24.565852443904912,-2.1
14.81,0.003164363889411996,24.805704834207962,-2.1
14.82,0.003195845066954288,25.044643875479487,-2.1
14.83,0.003227901089330262,25.282627492757683,-2.11
14.84,0.0032603220133529173,25.519832384099768,-2.11
14.85,0.0032929088825398235,25.756640000501672,-2.11
14.86,0.003325496728599058,25.993594991694263,-2.1
14.870000000000001,0.003357972808516982,26.231341378243517,-2.100000000000002
14.88,0.0033902877747153093,26.470547970933954,-2.11
14.89,0.003422458847521882,26.71183687625351,-2.11
14.9,0.0034545655862755573,26.955726524895454,-2.11
14.91,0.003486740081342699,27.202595594127377,-2.11
14.92,0.0035191539619459657,27.452669449266825,-2.11
14.93,0.003552004415581303,27.706027845413473,-2.11
14.94,0.003585500594635072,27.96263064488576,-2.11
14.950000000000001,0.003619850731473361,28.2223555055812,-2.11
14.96,0.003655249473257706,28.48503820353391,-2.11
14.97,0.0036918647355857898,28.750504880452684,-2.11
14.98,0.0037298238544618586,29.018587911346263,-2.12
14.99,0.003769199814398047,29.289122837710163,-2.12
15.0,0.0038099994557831904,29.561930748646695,-2.12
15.01,0.0038521563296858748,29.836795957503252,-2.12
15.02,0.003895530859533724,30.11345060968136,-2.12
15.030000000000001,0.003939919497103761,30.391575206451172,-2.12
15.040000000000001,0.003985072777622304,30.67081829697346,-2.12
15.05,0.0040307201135283775,30.950832582073662,-2.12
15.06,0.004076597531056347,31.231320706593618,-2.12
15.07,0.0041224739044525135,31.512082500394335,-2.12
15.08,0.004168171762326517,31.793055415518783,-2.12
15.09,0.0042135802164322495,32.07434056293963,-2.12
15.1,0.004258659466381932,32.356207860676996,-2.12
15.11,0.0043034380167651905,32.63907576032508,-2.12
15.120000000000001,0.004348004710662916,32.923464971975,-2.13
15.13,0.004392497758744201,33.20993214394577,-2.13
15.14,0.0044370922814190635,33.498996164083316,-2.12
15.15,0.004481986902596556,33.79107208732482,-2.12
15.16,0.00452738915950428,34.08642379932973,-2.13
15.17,0.004573499324616635,34.38513959679253,-2.13
15.18,0.004620492804103979,34.687129558626076,-2.13
15.19,0.004668502404146656,34.99214162730965,-2.13
15.200000000000001,0.004717602989081886,35.299793332016,-2.13
15.21,0.004767801812649456,35.609615760959464,-2.13
15.22,0.004819037604825272,35.92110414644735,-2.14
15.23,0.00487119015176529,36.233765681574916,-2.13
15.24,0.004924099844474795,36.54715293055189,-2.13
15.25,0.004977594164500577,36.860874010620435,-2.13
15.26,0.005031516202223682,37.17457919525666,-2.13
15.27,0.005085749746974697,37.48793383109751,-2.13
15.280000000000001,0.005140236463258749,37.80059369396933,-2.13
15.290000000000001,0.005194982870781838,38.11219780804178,-2.1300000000000017
15.3,0.005250057535905352,38.422386464900534,-2.14
15.31,0.005305581135793171,38.73084258335798,-2.14
15.32,0.005361713147272737,39.03734663777912,-2.14
15.33,0.005418638564867249,39.34183195148471,-2.14
15.34,0.005476556516157572,39.64442857868555,-2.14
15.35,0.005535670634000915,39.94548771669911,-2.14
15.36,0.005596179472957953,40.245581654276506,-2.14
15.370000000000001,0.005658264807611782,40.54547642155124,-2.14
15.38,0.005722076527329025,40.84607735599546,-2.14
15.39,0.005787714741457941,41.148352782115595,-2.14
15.4,0.005855211916314633,41.45324689083196,-2.14
15.41,0.005924519487838895,41.761597051200035,-2.14
15.42,0.005995503690983681,42.07407046152553,-2.15
15.43,0.006067953993374936,42.391129527120455,-2.14
15.44,0.006141604768466828,42.7130271150265,-2.14
15.450000000000001,0.006216167539746489,43.03982633949591,-2.14
15.46,0.006291368401465819,43.37143770396799,-2.14
15.47,0.006366983950912266,43.707667870741695,-2.14
15.48,0.006442869554610701,44.0482749729348,-2.14
15.49,0.006518975737860413,44.39302319833197,-2.15
15.5,0.006595351218679584,44.741726418236546,-2.15
15.51,0.006672133724090248,45.094270482424385,-2.15
15.52,0.006749531536855351,45.45060830665959,-2.15
15.530000000000001,0.006827799428920337,45.81073006349635,-2.15
15.540000000000001,0.006907212352694744,46.17461915416415,-2.15
15.55,0.0069880394020762565,46.542208754691714,-2.15
15.56,0.007070519653766961,46.91335146278651,-2.15
15.57,0.00715484094293977,47.28780827285562,-2.15
15.58,0.007241122524041521,47.665257347697526,-2.15
15.59,0.007329402790599392,48.045320161964774,-2.15
15.6,0.007419633513539164,48.42760138123508,-2.15
15.610000000000001,0.00751168208860225,48.811737161582535,-2.15
15.620000000000001,0.007605342771864768,49.19744375339645,-2.15
15.63,0.0077003566788892,49.584555650697375,-2.15
15.64,0.00779643857182018,49.9730424684951,-2.15
15.65,0.00789330667929381,50.36299819851287,-2.15
15.66,0.007990710701424023,50.754604802609144,-2.15
15.67,0.008088453297405014,51.148080375855514,-2.15
15.68,0.008186401873118204,51.543625998759715,-2.15
15.69,0.00828449003337855,51.94138371367453,-2.15
15.700000000000001,0.008382710862565328,52.341413127870645,-2.1500000000000017
15.71,0.008481106297014776,52.743688984571726,-2.16
15.72,0.008579757512434403,53.14811827052753,-2.16
15.73,0.008678780210859464,53.5545731445669,-2.15
15.74,0.008778326271019427,53.962934042794636,-2.16
15.75,0.008878590267028703,54.37313421440099,-2.15
15.76,0.008979816931500632,54.78519292750116,-2.15
15.77,0.009082304566341152,55.199223014836775,-2.16
15.780000000000001,0.009186399980289759,55.61540338325848,-2.16
15.790000000000001,0.00929248249252351,56.03391890923711,-2.16
15.8,0.00940093717530591,56.454883678126045,-2.16
15.81,0.009512119903403718,56.87827154324428,-2.16
15.82,0.009626318162376428,57.30387630401388,-2.16
15.83,0.009743711575756653,57.73131402216409,-2.16
15.84,0.009864334932730435,58.16006785592776,-2.16
15.85,0.009988044885742346,58.58956696575045,-2.16
15.860000000000001,0.010114490438260251,59.01928754064898,-2.16
15.870000000000001,0.010243087566055803,59.4488636187516,-2.16
15.88,0.010372999900965029,59.87819451510064,-2.16
15.89,0.010503129800469082,60.307533134999524,-2.16
15.9,0.010632126275465375,60.73753765895753,-2.16
15.91,0.01075841693606768,61.169271310957285,-2.16
15.92,0.010880269437000153,61.60414206654023,-2.16
15.93,0.010995883628954097,62.043784240712185,-2.16
15.94,0.011103509383373357,62.489893168325274,-2.16
15.950000000000001,0.011201578358116271,62.944028720859144,-2.169999999999998
15.96,0.011288832800944873,63.40740194337287,-2.16
15.97,0.011364432647916974,63.88065519436788,-2.16
15.98,0.011428024641422584,64.36364568268243,-2.16
15.99,0.011479763581526107,64.85524749045877,-2.16
16.0,0.011520284212080602,65.35319396305265,-2.16
16.01,0.011550630014069654,65.85398438747279,-2.16
16.02,0.011572150495490803,66.35287401431756,-2.16
16.03,0.011586381042478354,66.84395802330317,-2.16
16.04,0.011594919551521289,67.32035237859232,-2.16
16.05,0.011599312550633614,67.77446916473487,-2.16
16.06,0.011600960846032878,68.19837938255507,-2.16
16.07,0.011601051339470302,68.58424932293909,-2.17
16.080000000000002,0.011600517994814551,68.92482496401719,-2.1699999999999964
16.09,0.011600031420263437,69.2139229807697,-2.16
16.1,0.011600013543139316,69.4468726593125,-2.16
16.11,0.011600671663744934,69.62084905817807,-2.16
16.12,0.011602044943827083,69.73505050217277,-2.17
16.13,0.011604056144638176,69.79070162455498,-2.17
16.14,0.011606562071577469,69.79089683614818,-2.17
16.15,0.011609397471990896,69.74032558202416,-2.17
16.16,0.011612408778512,69.64493256250594,-2.17
16.17,0.011615475847856964,69.51156368951943,-2.17
16.18,0.01161852155727184,69.34763655290557,-2.17
16.19,0.011621510667391482,69.16085708930724,-2.17
16.2,0.011624440597105877,68.95898540077053,-2.17
16.21,0.01162732752360696,68.74963677433588,-2.17
16.22,0.01163019140158375,68.54009312296822,-2.17
16.23,0.011633043065701332,68.33709951294915,-2.17
16.240000000000002,0.011635875644366692,68.14663281643641,-2.17
16.25,0.011638661306751195,67.97365292972998,-2.17
16.26,0.011641353185507469,67.8218717612729,-2.17
16.27,0.011643891400548861,67.6935871499654,-2.17
16.28,0.011646211563721616,67.58962075792324,-2.17
16.29,0.011648253967833273,67.50937694498755,-2.17
16.3,0.011649971786401847,67.45101580292553,-2.17
16.31,0.011651336942633131,67.41171568744824,-2.17
16.32,0.011652342781861174,67.38799060770333,-2.17
16.330000000000002,0.011653003265555779,67.37602505726925,-2.17
16.34,0.01165334904612521,67.37199192934789,-2.17
16.35,0.011653421372536289,67.37232622573967,-2.17
16.36,0.01165326517696461,67.37393628453465,-2.17
16.37,0.011652922797767086,67.37434343191224,-2.17
16.38,0.011652429579991791,67.371749242986,-2.17
16.39,0.011651812121207987,67.36503648718565,-2.17
16.4,0.01165108932340683,67.3537151068674,-2.17
16.41,0.011650275821689062,67.33782820995947,-2.17
16.42,0.011649386907759709,67.31783485015242,-2.17
16.43,0.011648443811623908,67.29448560767887,-2.17
16.44,0.011647478156863228,67.26870345053267,-2.17
16.45,0.011646534539457354,67.24147757983341,-2.17
16.46,0.011645670460626095,67.21377427094588,-2.17
16.47,0.011644953238773051,67.18646695098556,-2.17
16.48,0.011644454007184403,67.16028675675688,-2.17
16.490000000000002,0.011644239426791082,67.13579319852242,-2.17
16.5,0.011644362222558555,67.11336233173527,-2.17
16.51,0.011644851979103163,67.093188330926,-2.17
16.52,0.01164570771211423,67.07529457861325,-2.17
16.53,0.011646893523581038,67.05955185769831,-2.17
16.54,0.011648338182965326,67.04570266845566,-2.17
16.55,0.011649938867579514,67.0333911563766,-2.17
16.56,0.011651568697083876,67.02219745843026,-2.17
16.57,0.011653087228263671,67.01167415831782,-2.17
16.580000000000002,0.011654352783098756,67.00138222947473,-2.17
16.59,0.011655235353498447,66.99092458445323,-2.17
16.6,0.011655628820955005,66.97997584236732,-2.17
16.61,0.011655461310137906,66.96830627196987,-2.17
16.62,0.011654702645335607,66.95579694990674,-2.17
16.63,0.011653368104149527,66.94244334792978,-2.17
16.64,0.01165151796957081,66.9283460677706,-2.17
16.65,0.011649252751810668,66.91368954824748,-2.17
16.66,0.011646704353262573,66.89871155799669,-2.17
16.67,0.011644023865896719,66.88366791756339,-2.17
16.68,0.011641367117259365,66.86879799608421,-2.17
16.69,0.011638879490665725,66.85429659750132,-2.17
16.7,0.011636681847814623,66.84029656349077,-2.17
16.71,0.011634859447202186,66.82686413955977,-2.17
16.72,0.011633455467785601,66.81400645758755,-2.17
16.73,0.011632470079918168,66.80168782611193,-2.17
16.740000000000002,0.011631865044577947,66.78984963638848,-2.17
16.75,0.011631572795933976,66.77842844660705,-2.17
16.76,0.011631508163851499,66.7673681445827,-2.17
16.77,0.011631580544559591,66.75662408727084,-2.17
16.78,0.011631704498930967,66.74615917118035,-2.17
16.79,0.01163180736171116,66.73593389804961,-2.17
16.8,0.011631833274232282,66.72589435034864,-2.17
16.81,0.01163174385634099,66.71596267746158,-2.17
16.82,0.011631516315796587,66.7060336729978,-2.17
16.830000000000002,0.011631140071693673,66.69597882806482,-2.17
16.84,0.011630612958970225,66.68565696670179,-2.17
16.85,0.01162993786535514,66.67492899159663,-2.17
16.86,0.011629120336466214,66.66367366974623,-2.17
16.87,0.011628167358193954,66.65180178275715,-2.17
16.88,0.011627087240144407,66.63926710463782,-2.17
16.89,0.011625890305139922,66.62607383820769,-2.17
16.9,0.011624589953179314,66.6122805187636,-2.17
16.91,0.011623203627405734,66.59799999907901,-2.17
16.92,0.011621753275765498,66.5833948965907,-2.17
16.93,0.01162026507528098,66.568668387967,-2.18
16.94,0.011618768436337114,66.5540509792376,-2.18
16.95,0.011617294560459068,66.53978411380848,-2.17
16.96,0.011615874992924992,66.52610123492998,-2.18
16.97,0.011614540616956414,66.51320699520116,-2.18
16.98,0.011613321356991831,66.5012562458107,-2.17
16.990000000000002,0.011612246540814036,66.49033569296782,-2.18
17.0,0.011611345527004843,66.48045171127168,-2.18
17.01,0.011610647976563318,66.47152744099579,-2.18
17.02,0.011610183141615814,66.46341099825433,-2.18
17.03,0.011609977788146117,66.45589421793034,-2.18
17.04,0.01161005280322659,66.44873824683215,-2.18
17.05,0.011610419022222726,66.44170012155746,-2.18
17.06,0.011611073174933826,66.43455474916222,-2.18
17.07,0.01161199494978699,66.42710936163704,-2.18
17.080000000000002,0.011613145953271868,66.41921087776335,-2.18
17.09,0.011614470852374067,66.41074880344264,-2.18
17.1,0.011615900400804955,66.40165651030583,-2.18
17.11,0.011617355589505761,66.3919124936821,-2.18
17.12,0.01161875200270611,66.38154167533499,-2.18
17.13,0.011620003657764734,66.37061582846495,-2.18
17.14,0.011621026079130934,66.35925205925584,-2.18
17.150000000000002,0.011621738905822304,66.34760880450109,-2.18
17.16,0.011622068714276054,66.33587930504103,-2.18
17.17,0.011621952772565624,66.32428221002883,-2.18
17.18,0.011621344078539727,66.31304809572435,-2.18
17.19,0.011620217372917683,66.30240065552799,-2.18
17.2,0.011618575087628532,66.29253301284216,-2.18
17.21,0.011616451676688757,66.28358209983743,-2.18
17.22,0.0116139147181005,66.2756056737539,-2.18
17.23,0.011611061669265925,66.26856653886622,-2.18
17.240000000000002,0.011608012112504873,66.26232730843034,-2.18
17.25,0.011604896451067997,66.25665752124785,-2.18
17.26,0.011601842924343127,66.25125362638042,-2.18
17.27,0.011598965199530333,66.2457707064933,-2.18
17.28,0.01159635255715864,66.23986215916065,-2.18
17.29,0.011594063925095294,66.23322067708827,-2.18
17.3,0.011592126013676728,66.22561271957616,-2.18
17.31,0.011590534915899751,66.21690048440787,-2.18
17.32,0.011589260028593429,66.20704941910827,-2.18
17.330000000000002,0.011588249115015806,66.19612324440479,-2.18
17.34,0.011587433686074308,66.18427017193177,-2.18
17.35,0.011586734419429335,66.17170330747676,-2.18
17.36,0.011586066808621759,66.15867686982529,-2.18
17.37,0.01158534743655964,66.14545954779267,-2.18
17.38,0.011584501117005765,66.13230734988579,-2.18
17.39,0.011583468699478716,66.11943971090172,-2.18
17.400000000000002,0.011582214765249508,66.10702310636148,-2.18
17.41,0.011580733990014708,66.09516521749791,-2.18
17.42,0.011579054804901729,66.08392006059647,-2.18
17.43,0.011577239234150433,66.07330168817903,-2.18
17.44,0.011575378378698334,66.0633024712739,-2.18
17.45,0.011573583788395151,66.05391184711898,-2.18
17.46,0.01157197570781559,66.04513187525001,-2.18
17.47,0.011570669719313436,66.03698656926537,-2.18
17.48,0.011569763562386865,66.02952333288518,-2.18
17.490000000000002,0.011569325881639008,66.02280690408764,-2.18
17.5,0.011569388394771039,66.01690774825198,-2.18
17.51,0.011569942535611636,66.01188698191885,-2.18
17.52,0.011570941050730739,66.00777941391256,-2.18
17.53,0.011572304329822982,66.00457643041334,-2.18
17.54,0.011573930487756907,66.00221118288974,-2.18
17.55,0.011575707534732325,66.00054866740767,-2.18
17.56,0.01157752556547201,65.99938240565692,-2.18
17.57,0.01157928691959626,65.99843861450942,-2.18
17.580000000000002,0.011580912750395982,65.99738873539229,-2.18
17.59,0.011582345287535814,65.9958710913329,-2.18
17.6,0.011583546064406453,65.99352105599928,-2.18
17.61,0.01158449122627848,65.99000679447991,-2.18
17.62,0.01158516553038942,65.98506576974353,-2.18
17.63,0.011585556715505152,65.97853660161803,-2.18
17.64,0.011585651603679102,65.97038132056153,-2.18
17.650000000000002,0.011585434736609748,65.96069417283697,-2.18
17.66,0.011584889713640453,65.94969480408575,-2.18
17.67,0.01158400283074762,65.93770594451588,-2.18
17.68,0.011582768201643452,65.92511851579962,-2.18
17.69,0.01158119330142711,65.91234972846065,-2.18
17.7,0.011579303805134087,65.8998012136492,-2.18
17.71,0.011577146682024819,65.88782383640228,-2.18
17.72,0.011574790743488836,65.87669366638312,-2.18
17.73,0.011572324224381082,65.86660040882195,-2.18
17.740000000000002,0.011569849471174528,65.8576465537639,-2.18
17.75,0.011567475325010736,65.84985360420856,-2.18
17.76,0.011565308198336458,65.84317147017849,-2.18
17.77,0.01156344304743376,65.83748836963503,-2.18
17.78,0.011561955399004077,65.83264069663682,-2.18
17.79,0.0115608953281083,65.82842416213288,-2.18
17.8,0.011560283900092326,65.8246080661212,-2.18
17.81,0.011560112195438984,65.82095352750619,-2.18
17.82,0.011560342713525485,65.81723435357812,-2.18
17.830000000000002,0.011560912721635173,65.81325698238466,-2.18
17.84,0.011561738973096577,65.80887488493147,-2.18
17.85,0.011562723163304247,65.80399402172398,-2.18
17.86,0.011563757536226897,65.79856917549205,-2.18
17.87,0.01156473020294449,65.79259434992775,-2.18
17.88,0.011565529971871037,65.78609179092611,-2.18
17.89,0.011566050768365182,65.77910304357208,-2.18
17.900000000000002,0.011566195955655369,65.77168320261238,-2.18
17.91,0.011565882965844963,65.7638978228325,-2.18
17.92,0.01156504854784082,65.75582119686577,-2.18
17.93,0.01156365463717576,65.74753433530303,-2.18
17.94,0.011561694416005847,65.73912104014275,-2.18
17.95,0.011559197682913204,65.7306615778095,-2.18
17.96,0.011556234341602308,65.72222538388245,-2.18
17.97,0.011552914775148275,65.71386556380715,-2.18
17.98,0.011549386164729421,65.70561763620634,-2.18
17.990000000000002,0.011545824405792167,65.69750332047444,-2.18
18.0,0.01154242202552203,65.68953826649332,-2.18
18.01,0.011539373208866048,65.68174124741275,-2.18
18.02,0.011536857527041157,65.67414175361556,-2.18
18.03,0.011535024155849,65.66678316385331,-2.18
18.04,0.011533978285241723,65.65971971270424,-2.18
18.05,0.011533771133491213,65.65300726441136,-2.18
18.06,0.01153439458147194,65.64669014339307,-2.18
18.07,0.011535780987523935,65.64078814397254,-2.18
18.080000000000002,0.011537808234656718,65.63528820738448,-2.18
18.09,0.011540309509026549,65.63014356366152,-2.18
18.1,0.011543086780039496,65.62528014382781,-2.18
18.11,0.01154592655695861,65.62060739813522,-2.18
18.12,0.011548616317299672,65.61602961768071,-2.18
18.13,0.011550960055252774,65.61145465383221,-2.18
18.14,0.0115527916406446,65.60679878319364,-2.18
18.150000000000002,0.011553985031834487,65.60198824782539,-2.18
18.16,0.011554460769399148,65.59695890924337,-2.18
18.17,0.01155418854689735,65.5916554497278,-2.18
18.18,0.011553186005991131,65.58603119735184,-2.18
18.19,0.011551514232766232,65.58004947142003,-2.18
18.2,0.011549270702035807,65.57368736395088,-2.18
18.21,0.01154658056684172,65.56694260249809,-2.18
18.22,0.011543587186771518,65.55984305698978,-2.18
18.23,0.011540442647198598,65.55245663271111,-2.18
18.240000000000002,0.011537298797338615,65.54489756144952,-2.18
18.25,0.011534299099641005,65.53732460771049,-2.18
18.26,0.011531571403819968,65.529928231252,-2.18
18.27,0.011529221680451453,65.5229070780573,-2.18
18.28,0.011527328782259528,65.51643793664212,-2.18
18.29,0.011525940419702816,65.510645632628,-2.18
18.3,0.011525070681389112,65.50557915409976,-2.18
18.31,0.011524699519828813,65.50119824078975,-2.18
18.32,0.011524774583547392,65.49737242309642,-2.18
18.330000000000002,0.011525215563701268,65.49389283264766,-2.18
18.34,0.011525920857781608,65.49049536555614,-2.18
18.35,0.011526775936569722,65.48689162465317,-2.18
18.36,0.011527662478000682,65.4828023994934,-2.18
18.37,0.011528467215849077,65.47798826262354,-2.18
18.38,0.01152908957587913,65.47227331994588,-2.18
18.39,0.011529447489014294,65.46556055925609,-2.18
18.400000000000002,0.011529481169400486,65.45783929320768,-2.18
18.41,0.011529154994790701,65.44918584959619,-2.18
18.42,0.011528457834982476,65.43975820458655,-2.18
18.43,0.01152740221580068,65.42978492440541,-2.18
18.44,0.011526022613575349,65.41954918654041,-2.18
18.45,0.011524373015190608,65.40936908706205,-2.18
18.46,0.011522523730434164,65.39957514621418,-2.18
18.47,0.011520557374253568,65.39048546463503,-2.18
18.48,0.011518563984265179,65.38237952906046,-2.18
18.490000000000002,0.011516635396744124,65.37547317271044,-2.18
18.5,0.011514859217094376,65.36989827750746,-2.18
18.51,0.011513312905968458,65.36569052407928,-2.18
18.52,0.011512058588781088,65.36278735171106,-2.18
18.53,0.01151113915144284,65.36103704184386,-2.18
18.54,0.01151057602103114,65.36021832016118,-2.18
18.55,0.011510368798587701,65.36006787551042,-2.18
18.56,0.011510496678201577,65.36031150607829,-2.18
18.57,0.011510921395691417,65.36069402507624,-2.18
18.580000000000002,0.011511591310000457,65.36100338057797,-2.18
18.59,0.011512446124940014,65.36108532328333,-2.18
18.6,0.011513421712145455,65.36084666700293,-2.18
18.61,0.011514454512895227,65.36024775105996,-2.18
18.62,0.011515485087072026,65.3592872227559,-2.18
18.63,0.011516460536135637,65.35798361999086,-2.18
18.64,0.011517335728798723,65.356358040821,-2.18
18.650000000000002,0.011518073462706299,65.35442070853905,-2.18
18.66,0.011518643858810703,65.3521622647986,-2.18
18.67,0.011519023377256535,65.3495492925643,-2.18
18.68,0.011519193856387618,65.3465235128396,-2.18
18.69,0.011519141918183281,65.34300475362019,-2.18
18.7,0.011518858969722079,65.33889812198638,-2.18
18.71,0.011518341879949776,65.33410534418674,-2.18
18.72,0.011517594244780152,65.32853925549747,-2.18
18.73,0.011516627993420127,65.32213952728628,-2.18
18.740000000000002,0.011515464957629078,65.31488725009716,-2.18
18.75,0.011514137946438463,65.30681597749135,-2.18
18.76,0.01151269086420107,65.29801735154852,-2.18
18.77,0.011511177499640918,65.28864035979352,-2.18
18.78,0.011509658806738795,65.27888410217207,-2.18
18.79,0.011508198775472083,65.26898443612464,-2.18
18.8,0.011506859293076092,65.25919540277259,-2.18
18.81,0.011505694643426486,65.24976724872006,-2.18
18.82,0.011504746415093105,65.24092386409943,-2.18
18.830000000000002,0.011504039556942017,65.23284301666082,-2.18
18.84,0.011503580147321285,65.22564262551107,-2.18
18.85,0.011503355180911818,65.21937545252712,-2.18
18.86,0.011503334393166939,65.21403293967205,-2.18
18.87,0.011503473883675437,65.20955669208568,-2.18
18.88,0.011503721083410955,65.20585404852906,-2.18
18.89,0.011504020442004674,65.2028132730769,-2.18
18.900000000000002,0.011504319106668508,65.2003146500434,-2.18
18.91,0.011504571852418615,65.19823576685573,-2.18
18.92,0.011504744626831822,65.19645161899798,-2.18
18.93,0.011504816293653625,65.19483204874443,-2.18
18.94,0.011504778467608057,65.19323978667539,-2.18
18.95,0.011504633662168223,65.19153168252527,-2.18
18.96,0.011504392242474069,65.1895638771789,-2.18
18.97,0.01150406882689303,65.18719949614508,-2.18
18.98,0.01150367879304324,65.18431620150022,-2.18
18.990000000000002,0.011503235434984566,65.18081174465112,-2.18
19.0,0.01150274813073432,65.17660806672798,-2.18
19.01,0.011502221665106846,65.17165631815311,-2.18
19.02,0.011501656653927548,65.16594456373076,-2.18
19.03,0.011501050855137595,65.15950728175964,-2.18
19.04,0.011500401040049917,65.15243326144468,-2.18
19.05,0.011499705039022713,65.14486808554108,-2.18
19.06,0.011498963574260184,65.1370091271074,-2.18
19.07,0.011498181551845269,65.12909337469884,-2.18
19.080000000000002,0.011497368604101967,65.12137986474123,-2.18
19.09,0.011496538836376777,65.11412877119326,-2.18
19.1,0.011495709903517322,65.1075791385068,-2.18
19.11,0.011494901674354288,65.1019274023896,-2.18
19.12,0.011494134800766392,65.09730888659088,-2.18
19.13,0.011493429478496762,65.09378407089662,-2.18
19.14,0.011492804583778713,65.09133088524128,-2.18
19.150000000000002,0.011492277230134717,65.08984398750985,-2.18
19.16,0.01149186265929353,65.08914183083607,-2.18
19.17,0.011491574292920435,65.08898174202096,-2.18
19.18,0.011491423739794981,65.08908179880834,-2.18
19.19,0.011491420572211185,65.08914651363666,-2.18
19.2,0.011491571745184071,65.0888924383506,-2.18
19.21,0.01149188061992142,65.088070578694,-2.18
19.22,0.01149234565520924,65.0864843698159,-2.18
19.23,0.011492958932201838,65.08400333295486,-2.18
19.240000000000002,0.011493704764332141,65.08057236869924,-2.18
19.25,0.011494558699180778,65.07621566936947,-2.18
19.26,0.011495487227974803,65.07103402790933,-2.18
19.27,0.011496448467388043,65.06519520408789,-2.18
19.28,0.011497393960624915,65.0589179208991,-2.18
19.29,0.011498271570318727,65.05245053673522,-2.18
19.3,0.011499029237823975,65.04604614329078,-2.18
19.31,0.011499619209358828,65.03993691608268,-2.18
19.32,0.011500002220396769,65.03431104550994,-2.18
19.330000000000002,0.011500151106862998,65.02929500553844,-2.18
19.34,0.011500053372495435,65.02494290362647,-2.18
19.35,0.011499712363042954,65.02123372815217,-2.18
19.36,0.011499146849569455,65.01807634615639,-2.18
19.37,0.011498388986581993,65.01532128749355,-2.18
19.38,0.011497480783735685,65.01277825511622,-2.18
19.39,0.011496469409923148,65.01023862927487,-2.18
19.400000000000002,0.01149540181636037,65.0075017872363,-2.18
19.41,0.011494319289359737,65.00440248607411,-2.18
19.42,0.011493252598654111,65.00083506200383,-2.18
19.43,0.01149221838461156,64.9967700516503,-2.18
19.44,0.011491217330555583,64.99226005507533,-2.18
19.45,0.011490234501624091,64.98743347633417,-2.18
19.46,0.011489242005327652,64.98247668049585,-2.18
19.47,0.011488203845818654,64.97760713902605,-2.18
19.48,0.011487082514524228,64.97304225684705,-2.18
19.490000000000002,0.011485846519234037,64.96896986039263,-2.18
19.5,0.011484477773579416,64.96552559875845,-2.18
19.51,0.01148297764106746,64.9627799983151,-2.18
19.52,0.011481370527467399,64.96073532918734,-2.18
19.53,0.01147970426692376,64.9593310516346,-2.18
19.54,0.011478047099894063,64.95845607695207,-2.18
19.55,0.011476481662540363,64.95796554480775,-2.18
19.56,0.011475096925281982,64.95769922199226,-2.18
19.57,0.011473979294779,64.95749850042714,-2.18
19.580000000000002,0.011473204074699078,64.95721950225987,-2.18
19.59,0.011472828208042745,64.95674067240196,-2.18
19.6,0.011472884821704941,64.95596439158696,-2.18
19.61,0.01147337971732787,64.95481384520093,-2.18
19.62,0.011474289712605173,64.95322816545116,-2.18
19.63,0.01147556266328391,64.95115931927602,-2.18
19.64,0.01147711905022119,64.94857257785887,-2.18
19.650000000000002,0.011478855124014788,64.94544978117364,-2.18
19.66,0.011480647678986936,64.94179298577089,-2.18
19.67,0.011482360510913812,64.93762629555884,-2.18
19.68,0.01148385246570645,64.93299494283941,-2.18
19.69,0.011484986725352983,64.92796199347116,-2.18
19.7,0.011485640672531747,64.92260413093972,-2.18
19.71,0.011485715428433959,64.91700868095441,-2.18
19.72,0.011485144063550043,64.91127358467585,-2.18
19.73,0.011483897589338753,64.90550989969655,-2.18
19.740000000000002,0.011481988132037628,64.89984390241851,-2.18
19.75,0.011479469075690713,64.8944152636539,-2.18
19.76,0.011476432314534272,64.88936947996736,-2.18
19.77,0.011473002990074144,64.88484490675434,-2.18
19.78,0.011469332194551329,64.88095603743919,-2.18
19.79,0.011465588139098292,64.87777551762701,-2.18
19.8,0.01146194626316281,64.8753181712085,-2.18
19.81,0.011458578745076557,64.87353064051614,-2.18
19.82,0.011455643889573477,64.87228980677926,-2.18
19.830000000000002,0.011453275925071841,64.87141201296599,-2.18
19.84,0.011451575829793118,64.870673350306,-2.18
19.85,0.011450603889949305,64.86983910833179,-2.18
19.86,0.011450374727557834,64.86869827246883,-2.18
19.87,0.011450855463434276,64.86709708559465,-2.18
19.88,0.011451967457786724,64.86496479098959,-2.18
19.89,0.011453591701473935,64.86232550345628,-2.18
19.900000000000002,0.01145557749449436,64.85929301586087,-2.18
19.91,0.011457753664443735,64.85604948670341,-2.18
19.92,0.011459941335585996,64.85281271258496,-2.18
19.93,0.011461967179201954,64.8497985660841,-2.18
19.94,0.011463676124770705,64.847184851533,-2.18
19.95,0.011464942633422926,64.84508118767212,-2.18
19.96,0.011465679778255768,64.84350787344295,-2.18
19.97,0.011465845514486565,64.8423858043298,-2.18
19.98,0.011465445660269987,64.84153914966507,-2.18
19.990000000000002,0.01146453326419362,64.84071176188712,-2.18
20.0,0.011463204221634687,64.83959640990992,-2.18
20.01,0.011461589228904619,64.83787311168102,-2.18
20.02,0.011459842447268255,64.83525037223586,-2.18
20.03,0.011458127603124242,64.8315024416119,-2.18
20.04,0.01145660265482364,64.82649705984907,-2.18
20.05,0.011455404527071215,64.82021054364704,-2.18
20.06,0.011454635625796445,64.81272946712768,-2.18
20.07,0.011454353790644725,64.80424038581677,-2.18
20.080000000000002,0.011454566973125618,64.79501096737386,-2.18
20.09,0.011455233292868298,64.78536677269862,-2.18
20.1,0.011456266365943848,64.77566705650123,-2.18
20.11,0.011457545104176181,64.76628097578688,-2.18
20.12,0.011458926691436996,64.7575642008227,-2.18
20.13,0.011460261197146195,64.74983602586376,-2.18
20.14,0.01146140626117493,64.74335804721657,-2.18
20.150000000000002,0.011462240418592633,64.73831621444766,-2.18
20.16,0.011462673867484957,64.73480806686818,-2.18
20.17,0.011462655781190937,64.73283634534496,-2.18
20.18,0.011462177614971014,64.73230931454334,-2.18
20.19,0.011461272244154046,64.73304750003821,-2.18
20.2,0.011460009162547056,64.7347962694183,-2.18
20.21,0.011458486320745236,64.73724358053168,-2.18
20.22,0.011456819466046379,64.74004214559272,-2.18
20.23,0.011455130058069115,64.74283493774901,-2.18
20.240000000000002,0.01145353298039443,64.74528198329303,-2.18
20.25,0.011452125331916651,64.7470851062375,-2.18
20.26,0.011450977526112792,64.74800691540648,-2.18
20.27,0.011450127716975764,64.74788140086922,-2.18
20.28,0.011449580194941654,64.74661539427925,-2.18
20.29,0.011449307887332751,64.74418211389056,-2.18
20.3,0.011449258541498053,64.74060966694704,-2.18
20.31,0.011449363675276457,64.7359680268497,-2.18
20.32,0.011449549030919728,64.73035707587071,-2.18
20.330000000000002,0.011449745095371576,64.7238965130431,-2.18
20.34,0.011449896249039257,64.71671730803932,-2.18
20.35,0.011449967268922528,64.70895471386216,-2.18
20.36,0.011449946238024465,64.700743977797,-2.18
20.37,0.011449843401323986,64.69222031221922,-2.18
20.38,0.01144968614230369,64.68352336801705,-2.18
20.39,0.011449510962329122,64.67480400697414,-2.18
20.400000000000002,0.011449353980560267,64.66622950195652,-2.18
20.41,0.011449241847676277,64.65798382237797,-2.18
20.42,0.011449184936430986,64.65026208685951,-2.18
20.43,0.01144917419316002,64.64326096241417,-2.18
20.44,0.011449182198554697,64.63716815968849,-2.18
20.45,0.011449168017130824,64.63215362804917,-2.18
20.46,0.011449084596096913,64.62836309379014,-2.18
20.47,0.011448887029043597,64.62591244406649,-2.18
20.48,0.011448540015118141,64.62488043399598,-2.18
20.490000000000002,0.011448023260896532,64.62529777183016,-2.18
20.5,0.01144733421123412,64.62713237938115,-2.18
20.51,0.011446488130491046,64.6302728456499,-2.18
20.52,0.011445516012038236,64.63451417681436,-2.18
20.53,0.0114444610032038,64.63955116088727,-2.18
20.54,0.01144337402090973,64.6449843203033,-2.18
20.55,0.011442309086073958,64.65034139726266,-2.18
20.56,0.01144131872762143,64.6551140969385,-2.18
20.57,0.011440449681479965,64.65880616258441,-2.18
20.580000000000002,0.011439739070908837,64.66098577042538,-2.18
20.59,0.011439211290573488,64.66133387034786,-2.18
20.6,0.011438875882378354,64.65968103349475,-2.18
20.61,0.011438726724968498,64.656027911078,-2.18
20.62,0.011438742807719421,64.65054707874393,-2.18
20.63,0.011438890698323255,64.64356589996358,-2.18
20.64,0.011439128556980092,64.63553151407753,-2.18
20.650000000000002,0.011439411261379612,64.62696115747653,-2.18
20.66,0.011439695969326025,64.61838389060901,-2.18
20.67,0.011439947326566868,64.6102823815575,-2.18
20.68,0.01144014155153478,64.6030442839776,-2.18
20.69,0.011440268782985517,64.59693092716245,-2.18
20.7,0.011440333321514031,64.59206671193482,-2.18
20.71,0.011440351684043401,64.58844763956989,-2.18
20.72,0.011440348685449143,64.58596397375939,-2.18
20.73,0.011440352043287525,64.5844308389037,-2.18
20.740000000000002,0.011440386249677395,64.58362088360896,-2.18
20.75,0.01144046663201693,64.58329415754989,-2.18
20.76,0.011440594583415196,64.58322167806114,-2.18
20.77,0.011440754845677921,64.58320066838165,-2.18
20.78,0.011440915461613941,64.58306106059152,-2.18
20.79,0.011441030610183736,64.58266448355462,-2.18
20.8,0.011441046073459884,64.581898333901,-2.18
20.81,0.01144090665658678,64.58066813318771,-2.18
20.82,0.011440564571284728,64.57889089905561,-2.18
20.830000000000002,0.011439987639535007,64.57649124076349,-2.18
20.84,0.011439166178525702,64.57340123673842,-2.18
20.85,0.011438117567209447,64.56956490950867,-2.18
20.86,0.011436887738054223,64.56494746492103,-2.18
20.87,0.01143554916512755,64.55954799485201,-2.18
20.88,0.011434195323050261,64.55341267871268,-2.18
20.89,0.011432932047698838,64.54664476192156,-2.18
20.900000000000002,0.01143186667901904,64.53940832972266,-2.18
20.91,0.0114310962243168,64.53192449407291,-2.18
20.92,0.011430695973724205,64.52445975283767,-2.18
20.93,0.011430709992149147,64.51730666605577,-2.18
20.94,0.01143114471162583,64.5107578139897,-2.18
20.95,0.011431966500391685,64.50507606883765,-2.18
20.96,0.011433103649375283,64.50046641320495,-2.18
20.97,0.01143445273162513,64.49705494142056,-2.18
20.98,0.011435888769925372,64.49487871143037,-2.18
20.990000000000002,0.01143727812248762,64.49388707901996,-2.18
21.0,0.011438492548414971,64.49395276305545,-2.18
21.01,0.011439422661448687,64.49488968102482,-2.18
21.02,0.011439989020848862,64.49647388731046,-2.18
21.03,0.01144014947486389,64.49846335255022,-2.18
21.04,0.011439902004408123,64.50061261101638,-2.18
21.05,0.011439283055587276,64.50268037972923,-2.18
21.06,0.011438362002109285,64.50443157921272,-2.18
21.07,0.011437232796386582,64.505637780485,-2.18
21.080000000000002,0.011436004007262576,64.50608032601001,-2.18
21.09,0.011434788348235634,64.5055585088124,-2.18
21.1,0.01143369257250469,64.50390289872371,-2.18
21.11,0.011432808363258037,64.50099234067584,-2.18
21.12,0.011432204663205103,64.49677231330091,-2.18
21.13,0.011431921798044573,64.49127184608717,-2.18
21.14,0.011431967736876995,64.48461592237506,-2.18
21.150000000000002,0.011432316845631294,64.47703032447932,-2.18
21.16,0.011432911458015848,64.46883633064424,-2.18
21.17,0.011433666449949375,64.46043367174278,-2.18
21.18,0.011434476726043,64.45227176631529,-2.18
21.19,0.011435227132845397,64.44481132310854,-2.18
21.2,0.011435803890294359,64.43848043047163,-2.18
21.21,0.01143610630319778,64.43363066425638,-2.18
21.22,0.01143605738180869,64.43049927730125,-2.18
21.23,0.011435612109133722,64.42918311634166,-2.18
21.240000000000002,0.011434762417135935,64.4296284393024,-2.18
21.25,0.011433538387108706,64.43163837599336,-2.18
21.26,0.011432005660192208,64.43489686129591,-2.18
21.27,0.01143025945341698,64.43900509459414,-2.18
21.28,0.011428415899658026,64.44352456980747,-2.18
21.29,0.011426601667037505,64.44801996353237,-2.18
21.3,0.011424942955971646,64.45209578366935,-2.18
21.31,0.011423554996054906,64.4554225457797,-2.18
21.32,0.011422533046186486,64.45775104029417,-2.18
21.330000000000002,0.01142194563572978,64.45891598935421,-2.18
21.34,0.011421830409750202,64.45883167817064,-2.18
21.35,0.011422192546180973,64.45748173372446,-2.18
21.36,0.011423005406142162,64.4549045924262,-2.18
21.37,0.011424212933666687,64.45117680452559,-2.18
21.38,0.011425733344811779,64.44639773199359,-2.18
21.39,0.011427463789769277,64.44067959068549,-2.18
21.400000000000002,0.011429285854516824,64.43414502011318,-2.18
21.41,0.011431071903451854,64.42693110365802,-2.18
21.42,0.01143269228313668,64.41919593517039,-2.18
21.43,0.011434023280756912,64.4111231521611,-2.18
21.44,0.011434955482523395,64.40292145200556,-2.18
21.45,0.01143540188505123,64.39481841894256,-2.18
21.46,0.0114353048865392,64.38704940336703,-2.18
21.47,0.011434641224477208,64.37984250528157,-2.18
21.48,0.011433424086879033,64.37340076373383,-2.18
21.490000000000002,0.011431701986813633,64.36788314579205,-2.18
21.5,0.011429554458529851,64.36338686867632,-2.18
21.51,0.011427085074344931,64.35993440785656,-2.18
21.52,0.011424412597534923,64.3574685750869,-2.18
21.53,0.011421661250981619,64.3558580078633,-2.18
21.54,0.011418951113710905,64.35491343700755,-2.18
21.55,0.011416389586257196,64.3544126482739,-2.18
21.56,0.0114140647111755,64.35412986575982,-2.18
21.57,0.011412040906817147,64.35386410993627,-2.18
21.580000000000002,0.011410357378465682,64.3534613717642,-2.18
21.59,0.011409029135316467,64.35282715204252,-2.18
21.6,0.011408050217679537,64.35192830463862,-2.18
21.61,0.011407398491622724,64.35078523703984,-2.18
21.62,0.011407041240721779,64.34945709277717,-2.18
21.63,0.011406940780093227,64.34802366451443,-2.18
21.64,0.011407059413335125,64.34656793122048,-2.18
21.650000000000002,0.011407363217628029,64.34516170479563,-2.18
21.66,0.01140782434672787,64.34385471947012,-2.18
21.67,0.011408421759925859,64.34266635389679,-2.18
21.68,0.011409140494719253,64.34157979680026,-2.18
21.69,0.011409969782601358,64.34053993862578,-2.18
21.7,0.011410900444454352,64.33945708195081,-2.18
21.71,0.011411922080125664,64.33821767436648,-2.18
21.72,0.011413020573812799,64.33670083085214,-2.18
21.73,0.01141417636649646,64.33479705049274,-2.18
21.740000000000002,0.011415363806127805,64.33242495411666,-2.18
21.75,0.011416551701608796,64.32954305199478,-2.18
21.76,0.011417705014138418,64.32615513516386,-2.18
21.77,0.011418787448976028,64.32230891676305,-2.18
21.78,0.01141976457756931,64.31808827267126,-2.18
21.79,0.011420607032110579,64.31360064345871,-2.18
21.8,0.011421293281173856,64.30896275089712,-2.18
21.81,0.011421811529409184,64.30428836936316,-2.18
21.82,0.011422160400098507,64.2996806398395,-2.18
21.830000000000002,0.011422348260706447,64.29522925873161,-2.18
21.84,0.011422391314093491,64.29101121676516,-2.18
21.85,0.011422310838101607,64.28709304501447,-2.18
21.86,0.011422130130236761,64.28353250251186,-2.18
21.87,0.011421871739332581,64.28037810027712,-2.18
21.88,0.011421555428056751,64.27766573781057,-2.18
21.89,0.011421197049729305,64.27541296107694,-2.18
21.900000000000002,0.011420808228757191,64.27361266295254,-2.18
21.91,0.011420396513941902,64.27222884379533,-2.18
21.92,0.011419965611988964,64.27119673388563,-2.18
21.93,0.011419515432935354,64.2704281464054,-2.18
21.94,0.011419041947459548,64.26982112828657,-2.18
21.95,0.01141853715758791,64.26927183638324,-2.18
21.96,0.011417989676118083,64.26868660897733,-2.18
21.97,0.01141738638646226,64.26799292700278,-2.18
21.98,0.01141671538033202,64.26714843855993,-2.18
21.990000000000002,0.011415969907629915,64.26614720984145,-2.18
22.0,0.011415152573082954,64.26502222348121,-2.18
22.01,0.011414278670040112,64.26384307761334,-2.18
22.02,0.011413377506090906,64.26270805533179,-2.18
22.03,0.011412490902804818,64.2617306033001,-2.18
22.04,0.011411668678089385,64.26102159101859,-2.18
22.05,0.011410961666915003,64.26066980868893,-2.18
22.06,0.01141041347532196,64.26072375826652,-2.18
22.07,0.011410052509506536,64.26117800230946,-2.18
22.080000000000002,0.01140988579818346,64.26196681679046,-2.18
22.09,0.011409895767411431,64.26296649603309,-2.18
22.1,0.011410040559520006,64.26400621564301,-2.18
22.11,0.011410257875761698,64.26488651114705,-2.18
22.12,0.01141047179329619,64.26540351406122,-2.18
22.13,0.01141060161789601,64.2653754923929,-2.18
22.14,0.0114105715932688,64.2646668785884,-2.18
22.150000000000002,0.0114103201925503,64.26320519760746,-2.18
22.16,0.011409807767994206,64.26098812622273,-2.18
22.17,0.011409021537230182,64.25808002621852,-2.18
22.18,0.011407977238480029,64.25459869265225,-2.18
22.19,0.01140671726073209,64.25069405096748,-2.18
22.2,0.011405305567155315,64.24652198570519,-2.18
22.21,0.011403820175008806,64.24221821617897,-2.18
22.22,0.01140234425230507,64.23787778017689,-2.18
22.23,0.011400957012177484,64.23354425821789,-2.18
22.240000000000002,0.01139972554431587,64.22920995148267,-2.18
22.25,0.011398698554038264,64.224825417398,-2.18
22.26,0.011397902720448518,64.22031522492796,-2.18
22.27,0.011397342059264908,64.21559648146678,-2.18
22.28,0.011397000295662868,64.21059705450573,-2.18
22.29,0.011396845843436173,64.205271233979,-2.18
22.3,0.011396838608044364,64.19961163127762,-2.18
22.31,0.011396937560563786,64.19365681449301,-2.18
22.32,0.011397107925587756,64.18749424562473,-2.18
22.330000000000002,0.011397326904778153,64.18125790002796,-2.18
22.34,0.011397587095689016,64.1751200554515,-2.18
22.35,0.011397897112837398,64.16927740040099,-2.18
22.36,0.011398279316536834,64.16393284581767,-2.18
22.37,0.011398764957730654,64.15927595679285,-2.18
22.38,0.011399387422617833,64.15546594792548,-2.18
22.39,0.011400174577250665,64.15262060725415,-2.18
22.400000000000002,0.0114011414207334,64.15081200301447,-2.18
22.41,0.011402284295612245,64.15006666435711,-2.18
22.42,0.01140357772496383,64.15036624734348,-2.18
22.43,0.011404974533545062,64.15164571450784,-2.18
22.44,0.01140640931788989,64.15378911512303,-2.18
22.45,0.011407804690662113,64.1566261896434,-2.18
22.46,0.011409079211838612,64.15993427327685,-2.18
22.47,0.011410155671787485,64.1634486520366,-2.18
22.48,0.011410968460504335,64.16688161688306,-2.18
22.490000000000002,0.011411469096612725,64.16994760519216,-2.18
22.5,0.01141162946906423,64.17238999959268,-2.18
22.51,0.011411442801901683,64.1740046305994,-2.18
22.52,0.011410922668991253,64.17465584901086,-2.18
22.53,0.01141010052359059,64.17428295392324,-2.18
22.54,0.011409022196182648,64.1728970089998,-2.18
22.55,0.011407743718649969,64.17056966143767,-2.18
22.56,0.011406326729238293,64.16741603091043,-2.18
22.57,0.011404833663599897,64.16357367128883,-2.18
22.580000000000002,0.0114033229742137,64.159180192149,-2.18
22.59,0.011401844730912662,64.15435368874566,-2.18
22.6,0.011400437078786515,64.14918140337481,-2.18
22.61,0.011399124080838671,64.14372099875452,-2.18
22.62,0.011397915381208731,64.13801469114729,-2.18
22.63,0.011396807867342894,64.13211117522664,-2.18
22.64,0.011395789127112158,64.12608709858807,-2.18
22.650000000000002,0.01139484209480859,64.12006050503717,-2.18
22.66,0.011393949992361058,64.11419203822754,-2.18
22.67,0.011393100602407983,64.10867362028752,-2.18
22.68,0.011392289090526975,64.10370753501923,-2.18
22.69,0.011391518976725579,64.09948099206473,-2.18
22.7,0.011390801322613674,64.0961420310586,-2.18
22.71,0.011390152602117603,64.093781729651,-2.18
22.72,0.011389591942793783,64.0924253290815,-2.18
22.73,0.011389138415161149,64.09203212329842,-2.18
22.740000000000002,0.011388808841611591,64.09250203433733,-2.18
22.75,0.011388616294756296,64.0936862189424,-2.18
22.76,0.011388569185692182,64.09539940709541,-2.18
22.77,0.011388670703409903,64.09743235561898,-2.18
22.78,0.01138891839008015,64.09956348911608,-2.18
22.79,0.011389303790595018,64.10156938786872,-2.18
22.8,0.011389812316463424,64.10323421677273,-2.18
22.81,0.01139042361223864,64.10435843980943,-2.18
22.82,0.011391112725050929,64.10476722121913,-2.18
22.830000000000002,0.011391852221949569,64.1043187894006,-2.18
22.84,0.0113926151085739,64.10291276555101,-2.18
22.85,0.011393378074626348,64.10049808848807,-2.18
22.86,0.011394124356154079,64.09707976913907,-2.18
22.87,0.011394845464235302,64.09272336556609,-2.18
22.88,0.011395541220038528,64.08755587424561,-2.18
22.89,0.011396217915067163,64.08176178229378,-2.18
22.900000000000002,0.011396884870888628,64.07557341416776,-2.18
22.91,0.011397550063177104,64.06925548453425,-2.18
22.92,0.011398215689167698,64.06308477548289,-2.18
22.93,0.011398874551337196,64.05732663515832,-2.18
22.94,0.011399507927938562,64.05221026625297,-2.18
22.95,0.011400085281421174,64.04790506347943,-2.18
22.96,0.011400565819385106,64.044501347414,-2.18
22.97,0.011400901650430997,64.04200021455856,-2.18
22.98,0.0114010421069949,64.04031692011219,-2.18
22.990000000000002,0.011400938737108419,64.03929904740293,-2.18
23.0,0.01140055046900823,64.03875623698131,-2.18
23.01,0.011399848491679434,64.03849537532265,-2.18
23.02,0.011398820449710769,64.03835494986484,-2.18
23.03,0.01139747362059332,64.03823327428891,-2.18
23.04,0.011395836828819079,64.03810608126129,-2.18
23.05,0.01139396094338603,64.03803013174495,-2.18
23.06,0.01139191788482245,64.03813205178868,-2.18
23.07,0.011389798124975313,64.03858497617648,-2.18
23.080000000000002,0.011387706705546756,64.039577845528,-2.18
23.09,0.011385757848676754,64.04128228834647,-2.18
23.1,0.0113840683041854,64.04382073125213,-2.18
23.11,0.01138274968602548,64.0472383057502,-2.18
23.12,0.011381900196223068,64.05148099734684,-2.18
23.13,0.011381596305204862,64.05638292854991,-2.18
23.14,0.011381885125334867,64.06166585191109,-2.18
23.150000000000002,0.011382778338431428,64.06695306055423,-2.18
23.16,0.011384248566220202,64.07179777042278,-2.18
23.17,0.011386228950345164,64.07572340600302,-2.18
23.18,0.011388616398676584,64.07827124877457,-2.18
23.19,0.011391278476470854,64.07904982893908,-2.18
23.2,0.011394063374556862,64.07777998688479,-2.18
23.21,0.011396811917499706,64.07432983225766,-2.18
23.22,0.011399370297619383,64.06873509765262,-2.18
23.23,0.011401602175878371,64.06120235355982,-2.18
23.240000000000002,0.011403398948477998,64.05209466216735,-2.18
23.25,0.01140468726463677,64.0419009522049,-2.18
23.26,0.011405433214274873,64.031191539558,-2.18
23.27,0.011405642933526602,64.02056345531076,-2.18
23.28,0.011405359691901259,64.01058131561626,-2.18
23.29,0.011404657828793711,64.00172168655914,-2.18
23.3,0.01140363417853973,63.99432933167217,-2.18
23.31,0.011402397825535173,63.98859134529011,-2.18
23.32,0.011401059140924872,63.98453102328862,-2.18
23.330000000000002,0.011399719074537316,63.9820194808992,-2.18
23.34,0.011398459629049123,63.98080094573896,-2.18
23.35,0.011397336343075574,63.980527458379505,-2.18
23.36,0.011396373461152118,63.98079949512578,-2.18
23.37,0.01139556226918819,63.981209574462156,-2.18
23.38,0.011394862821595575,63.9813855434783,-2.18
23.39,0.011394208989420989,63.981029387627984,-2.18
23.400000000000002,0.011393516444217877,63.97994712073257,-2.18
23.41,0.011392692897621836,63.97806612921894,-2.18
23.42,0.011391649672769904,63.975437964928204,-2.18
23.43,0.01139031350791547,63.97222653350596,-2.18
23.44,0.011388637395220683,63.96868369503194,-2.18
23.45,0.01138660925237585,63.965116232290114,-2.18
23.46,0.011384257332144591,63.96184926233387,-2.18
23.47,0.011381651520321575,63.95919068768986,-2.18
23.48,0.011378900071276,63.95739947043866,-2.18
23.490000000000002,0.011376141859093332,63.95665898973795,-2.18
23.5,0.011373534800297694,63.957056868276275,-2.18
23.51,0.011371241616008896,63.95857381434582,-2.18
23.52,0.011369414450505997,63.96108424236052,-2.18
23.53,0.011368180004190305,63.964369578950716,-2.18
23.54,0.011367626777864567,63.9681421984502,-2.18
23.55,0.011367795804249731,63.972075895942766,-2.18
23.56,0.011368675910634635,63.975838715184466,-2.18
23.57,0.01137020413464013,63.9791249388514,-2.18
23.580000000000002,0.011372271396982084,63.981683688080686,-2.18
23.59,0.01137473293576111,63.98334161385363,-2.18
23.6,0.011377422405181345,63.98401744081556,-2.18
23.61,0.011380168057357375,63.98372716282105,-2.18
23.62,0.011382809151903536,63.982580000622995,-2.18
23.63,0.011385210703796498,63.98076590801395,-2.18
23.64,0.011387274866162207,63.978535226623094,-2.18
23.650000000000002,0.011388947611996594,63.9761711202961,-2.18
23.66,0.01139021989175117,63.973956894931675,-2.18
23.67,0.011391123084508932,63.972142538165116,-2.18
23.68,0.01139171931452381,63.9709155772362,-2.18
23.69,0.011392088007727551,63.97037983468332,-2.18
23.7,0.011392310760878944,63.97054355101599,-2.18
23.71,0.011392456986770836,63.971317467961214,-2.18
23.72,0.011392572726240367,63.972523496639596,-2.18
23.73,0.011392674442464487,63.97391384772382,-2.18
23.740000000000002,0.011392748638803993,63.97519839903711,-2.18
23.75,0.011392757004465726,63.976075952938146,-2.18
23.76,0.011392645785386948,63.97626447778966,-2.18
23.77,0.011392357432122914,63.97552661828378,-2.18
23.78,0.011391842389995918,63.97368864106598,-2.18
23.79,0.011391069132940202,63.97065232723272,-2.18
23.8,0.011390031063236477,63.96639960343218,-2.18
23.81,0.011388749528486551,63.960989521010205,-2.18
23.82,0.011387272810659156,63.95454772127348,-2.18
23.830000000000002,0.011385671461277756,63.94725015534027,-2.18
23.84,0.011384030776380711,63.939304566175025,-2.18
23.85,0.01138244150908874,63.93093361502651,-2.18
23.86,0.011380990080351283,63.922362089778886,-2.18
23.87,0.011379749547256424,63.9138084817706,-2.18
23.88,0.011378772419832815,63.905479850094274,-2.18
23.89,0.01137808610919852,63.897568588613375,-2.18
23.900000000000002,0.011377691403813645,63.89024969975831,-2.18
23.91,0.011377563980708213,63.883677143062414,-2.18
23.92,0.011377658616232382,63.87797833803456,-2.18
23.93,0.011377915482385086,63.87324723662555,-2.18
23.94,0.01137826770371088,63.869537809165735,-2.18
23.95,0.011378649222409973,63.86686044429622,-2.18
23.96,0.011379002004623651,63.86518336487967,-2.18
23.97,0.01137928174167871,63.86443965359981,-2.18
23.98,0.011379461455249191,63.864538200210035,-2.18
23.990000000000002,0.011379532766895397,63.865375112633664,-2.18
24.0,0.011379504962552684,63.866842203986245,-2.18
24.01,0.011379402276963472,63.868830945294995,-2.18
24.02,0.011379259971510881,63.8712323288279,-2.18
24.03,0.011379119762104867,63.87393423644395,-2.18
24.04,0.011379025008852302,63.876818127134484,-2.18
24.05,0.011379015891310906,63.87975664960782,-2.18
24.060000000000002,0.011379124665592903,63.8826133454885,-2.18
24.07,0.011379371110047687,63.88524510461269,-2.18
24.080000000000002,0.01137975843402231,63.8875078047747,-2.18
24.09,0.011380270195360595,63.88926541139575,-2.18
24.1,0.011380869022659142,63.89040206358718,-2.18
24.11,0.0113814980118843,63.890835394345864,-2.18
24.12,0.011382085440500385,63.89052843184798,-2.18
24.13,0.011382552879798726,63.88949746992333,-2.18
24.14,0.011382825976567151,63.88781402160006,-2.18
24.150000000000002,0.011382846339475233,63.885599932152076,-2.18
24.16,0.011382582389127515,63.88301575962243,-2.18
24.17,0.011382036944628002,63.88024365978879,-2.18
24.18,0.01138124981135959,63.877467260673654,-2.18
24.19,0.011380294609921324,63.87485215185143,-2.18
24.2,0.011379270274911625,63.87253092899377,-2.18
24.21,0.011378288705242058,63.87059541159154,-2.18
24.22,0.011377460690076656,63.86909593129875,-2.18
24.23,0.01137688235759918,63.86804511981763,-2.18
24.240000000000002,0.011376624052898281,63.86742300638878,-2.18
24.25,0.011376722921332913,63.86718143070469,-2.18
24.26,0.011377179771368583,63.867247400572566,-2.18
24.27,0.011377960177907697,63.86752592393933,-2.18
24.28,0.011378999327365878,63.86790302098841,-2.18
24.29,0.01138020979541939,63.86824959229065,-2.18
24.3,0.011381491263028001,63.86842675248708,-2.18
24.310000000000002,0.011382741092597645,63.86829311604393,-2.18
24.32,0.011383864685009409,63.867714373336874,-2.18
24.330000000000002,0.011384784605442741,63.86657508810057,-2.18
24.34,0.011385447592676345,63.864791681663,-2.18
24.35,0.01138582875026541,63.862324353286034,-2.18
24.36,0.011385932463399822,63.85918509413584,-2.18
24.37,0.011385789903562172,63.85543955335639,-2.18
24.38,0.011385453379373536,63.85120189421596,-2.18
24.39,0.011384988236338963,63.846623089839525,-2.18
24.400000000000002,0.011384463416224287,63.84187413736285,-2.18
24.41,0.011383942044181033,63.83712659203582,-2.18
24.42,0.011383473429134396,63.83253332880455,-2.18
24.43,0.011383087614553254,63.828212204463014,-2.18
24.44,0.011382793150893245,63.82423469217525,-2.18
24.45,0.011382578191660834,63.820620910475604,-2.18
24.46,0.011382414482323968,63.81734144167914,-2.18
24.47,0.011382263423060895,63.81432486725302,-2.18
24.48,0.011382083187036157,63.8114688814452,-2.18
24.490000000000002,0.011381835855457038,63.80865297888561,-2.18
24.5,0.011381493646945556,63.80575170039293,-2.18
24.51,0.011381043520784966,63.802648171038875,-2.18
24.52,0.011380489683231233,63.79924760677521,-2.18
24.53,0.011379853803429417,63.79548991384687,-2.18
24.54,0.011379173033020783,63.791359981394045,-2.18
24.55,0.01137849618981615,63.78689402799045,-2.18
24.560000000000002,0.01137787866975151,63.78218047365993,-2.18
24.57,0.011377376760248971,63.777354301953075,-2.18
24.580000000000002,0.011377042031204536,63.772584784687176,-2.18
24.59,0.011376916390362752,63.76805775437081,-2.18
24.6,0.01137702824101055,63.7639550695706,-2.18
24.61,0.011377390010480883,63.760434782262074,-2.18
24.62,0.011377997152620958,63.75761494460955,-2.18
24.63,0.011378828571994948,63.75556219904082,-2.18
24.64,0.011379848275369451,63.754284862806834,-2.18
24.650000000000002,0.011381007944032365,63.75373047730017,-2.18
24.66,0.011382250065497732,63.75378912287204,-2.18
24.67,0.011383511283189734,63.75430422888519,-2.18
24.68,0.011384725714209887,63.755091033987206,-2.18
24.69,0.011385828120715523,63.75596023495802,-2.18
24.7,0.011386756952708414,63.75674258670417,-2.18
24.71,0.011387457357456216,63.757310069048465,-2.18
24.72,0.011387884238636545,63.757590096770336,-2.18
24.73,0.011388005342564974,63.757570553223346,-2.18
24.740000000000002,0.011387804178189284,63.757295258872965,-2.18
24.75,0.011387282398246793,63.75685158355809,-2.18
24.76,0.011386461151137263,63.756353387734904,-2.18
24.77,0.011385380919012367,63.755922843594234,-2.18
24.78,0.011384099519954598,63.75567424064435,-2.18
24.79,0.01138268825158337,63.755701953353444,-2.18
24.8,0.011381226509278405,63.756073305764154,-2.18
24.810000000000002,0.011379795511771805,63.756825380621486,-2.18
24.82,0.011378471920755742,63.75796394110551,-2.18
24.830000000000002,0.011377322117563112,63.75946336792664,-2.18
24.84,0.011376397725607695,63.76126807905892,-2.18
24.85,0.011375732712384139,63.76329655546745,-2.18
24.86,0.011375342153166075,63.765448253363886,-2.18
24.87,0.011375222548827524,63.76761245657125,-2.18
24.88,0.01137535347877766,63.769677591887046,-2.18
24.89,0.011375700323104428,63.77153959587514,-2.18
24.900000000000002,0.01137621778101529,63.773108255009085,-2.18
24.91,0.011376853919749696,63.774311160187516,-2.18
24.92,0.011377554486043072,63.77509579309758,-2.18
24.93,0.01137826718583644,63.77543060218099,-2.18
24.94,0.01137894559062284,63.77530556006003,-2.18
24.95,0.01137955228882178,63.774732013713866,-2.18
24.96,0.011380060911178767,63.77374088176379,-2.18
24.97,0.011380456757188547,63.772377700983185,-2.18
24.98,0.011380735946117219,63.770693315117846,-2.18
24.990000000000002,0.011380903283253441,63.76873049369146,-2.18
25.0,0.011380969299051313,63.76650907208132,-2.18
25.01,0.011380947096183168,63.76401432448966,-2.18
25.02,0.011380849659574878,63.76119374711347,-2.18
25.03,0.0113806881294332,63.7579650822441,-2.18
25.04,0.011380471245670695,63.75423407663023,-2.18
25.05,0.01138020583150984,63.74991690278348,-2.18
25.060000000000002,0.011379897902213174,63.74496139571669,-2.18
25.07,0.011379553847144525,63.739362718289435,-2.18
25.080000000000002,0.011379181174082589,63.733171112978766,-2.18
25.09,0.011378788500299193,63.726491370101535,-2.18
25.1,0.011378384751067082,63.71947560249027,-2.18
25.11,0.011377977786514828,63.71231233028256,-2.18
25.12,0.011377572845601312,63.705214930439325,-2.18
25.13,0.011377171239157748,63.69841127828992,-2.18
25.14,0.011376769652253562,63.692134804426225,-2.18
25.150000000000002,0.011376360268751988,63.68661597444217,-2.18
25.16,0.011375931758021476,63.68207264034718,-2.18
25.17,0.011375471005475674,63.67869782021822,-2.18
25.18,0.011374965345357695,63.67664418369381,-2.18
25.19,0.01137440497279938,63.67600577981945,-2.18
25.2,0.011373785175489051,63.676799204668036,-2.18
25.21,0.011373108036488451,63.67894807760271,-2.18
25.22,0.011372383322497442,63.68227549663046,-2.18
25.23,0.011371628386239245,63.686508107652635,-2.18
25.240000000000002,0.011370867065550053,63.69129265112977,-2.18
25.25,0.011370127725385069,63.6962228783166,-2.18
25.26,0.011369440722776484,63.70087311085214,-2.18
25.27,0.011368835646968426,63.704834605662064,-2.18
25.28,0.011368338685258382,63.70775139940424,-2.18
25.29,0.011367970399533236,63.709352677746544,-2.18
25.3,0.011367744098135731,63.70947873369046,-2.18
25.310000000000002,0.011367664888171303,63.70809750855135,-2.18
25.32,0.011367729419144254,63.705309161403214,-2.18
25.330000000000002,0.011367926285006302,63.70133752704928,-2.18
25.34,0.01136823702970567,63.69650928154386,-2.18
25.35,0.011368637687684728,63.69122316903957,-2.18
25.36,0.011369100771710673,63.68591233043001,-2.18
25.37,0.011369597583838523,63.68100303961176,-2.18
25.38,0.011370100665180242,63.67687355220062,-2.18
25.39,0.011370586125163302,63.673817347270514,-2.18
25.400000000000002,0.011371035529786126,63.672015283527976,-2.18
25.41,0.011371437021089678,63.671520506876476,-2.18
25.42,0.011371785419327853,63.6722582657687,-2.18
25.43,0.011372081233872646,63.67404057063409,-2.18
25.44,0.011372328751853553,63.67659335326332,-2.18
25.45,0.011372533619966547,63.679591796422514,-2.18
25.46,0.011372700502409877,63.68269829323166,-2.18
25.47,0.01137283142294281,63.685597516909866,-2.18
25.48,0.011372925261453217,63.688024261300214,-2.18
25.490000000000002,0.011372978604480197,63.689781452952985,-2.18
25.5,0.011372987817479946,63.690747469112154,-2.18
25.51,0.011372951905387839,63.69087340140836,-2.18
25.52,0.011372875530321964,63.690172184200186,-2.18
25.53,0.011372771495098343,63.68870258032592,-2.18
25.54,0.011372662075309799,63.686551721066344,-2.18
25.55,0.011372578761435671,63.683819795656056,-2.18
25.560000000000002,0.011372560215504533,63.680609341176975,-2.18
25.57,0.011372648520616297,63.67701998587448,-2.18
25.580000000000002,0.011372884083391665,63.67314838663976,-2.18
25.59,0.011373299813415916,63.66909257266957,-2.18
25.6,0.011373915407603866,63.66495933755223,-2.18
25.61,0.011374732656884264,63.66087255178345,-2.18
25.62,0.01137573262058231,63.65697968175426,-2.18
25.63,0.011376875261644295,63.65345361533338,-2.18
25.64,0.011378101734796408,63.65048731247717,-2.18
25.650000000000002,0.011379339060600577,63.64828017131997,-2.18
25.66,0.011380506521926015,63.64701706635258,-2.18
25.67,0.011381522881408406,63.646842825857696,-2.18
25.68,0.011382313476086604,63.64783589880028,-2.18
25.69,0.011382816376475128,63.64998531874937,-2.18
25.7,0.011382987036044182,63.653175029322654,-2.18
25.71,0.011382801124491691,63.657179009115275,-2.18
25.72,0.011382255480336197,63.6616693145486,-2.18
25.73,0.01138136731953735,63.666237395981604,-2.18
25.740000000000002,0.011380171998056257,63.67042701817707,-2.18
25.75,0.011378719740216064,63.67377499570116,-2.18
25.76,0.011377071795852225,63.67585448750926,-2.18
25.77,0.011375296470552087,63.67631565070401,-2.18
25.78,0.011373465395152743,63.67491979301416,-2.18
25.79,0.01137165028487553,63.67156448265178,-2.18
25.8,0.011369920308549556,63.66629742467576,-2.18
25.810000000000002,0.011368340063279511,63.659316725160735,-2.18
25.82,0.011366968041013033,63.650955682427366,-2.18
25.830000000000002,0.011365855386924154,63.64165216707578,-2.1800000000000037
25.84,0.011365044695343617,63.63190556470832,-2.19
25.85,0.01136456858754506,63.62222701080263,-2.18
25.86,0.011364447890285323,63.6130900295762,-2.18
25.87,0.011364689393445666,63.60488819341685,-2.18
25.88,0.011365283392302259,63.597904644663,-2.18
25.89,0.011366201469699352,63.592296333071644,-2.18
25.900000000000002,0.011367395176838756,63.58809412738249,-2.18
25.91,0.011368796349864655,63.5852182362138,-2.18
25.92,0.011370319686734019,63.58350623360103,-2.18
25.93,0.011371867877359292,63.58274885501454,-2.18
25.94,0.011373339071022642,63.58272758768544,-2.18
25.95,0.011374635903264074,63.58324835256673,-2.18
25.96,0.011375674859444128,63.58416683414325,-2.18
25.97,0.0113763945638708,63.585402648073725,-2.18
25.98,0.01137676171004055,63.58694119130432,-2.18
25.990000000000002,0.011376773751251158,63.58882339765195,-2.18
26.0,0.011376458028358488,63.59112440037325,-2.18
26.01,0.011375867565145385,63.59392244152928,-2.18
26.02,0.011375074194685107,63.59726010133646,-2.18
26.03,0.011374159951133974,63.601101565626024,-2.18
26.04,0.011373207782463122,63.605291609121565,-2.18
26.05,0.011372292639197343,63.60952328904228,-2.19
26.060000000000002,0.011371473898237412,63.613321535112235,-2.18
26.07,0.011370789907196177,63.61604861149971,-2.18
26.080000000000002,0.011370255195530301,63.61693467417052,-2.18
26.09,0.011369860610022467,63.61513295963063,-2.18
26.1,0.011369576321104243,63.60979568636823,-2.18
26.11,0.011369357345365585,63.60016420396166,-2.18
26.12,0.01136915096104653,63.58566516365479,-2.18
26.13,0.011368905167576207,63.56600326546378,-2.18
26.14,0.011368577170027594,63.54124057213226,-2.18
26.150000000000002,0.011368140784331389,63.51185280697867,-2.18
26.16,0.011367591701502013,63.47875465945573,-2.18
26.17,0.011366949755097059,63.443288605091084,-2.19
26.18,0.011366257714880293,63.40717447291844,-2.18
26.19,0.011365576642718443,63.37241975567824,-2.19
26.2,0.011364978399171508,63.3411937902211,-2.19
26.21,0.011364536357412578,63.31567216574982,-2.19
26.22,0.011364315664940438,63.297859658061135,-2.19
26.23,0.011364364448519276,63.28939969368813,-2.19
26.240000000000002,0.011364707195298722,63.29137688686195,-2.19
26.25,0.01136534121600939,63.30411897408913,-2.19
26.26,0.011366236670925374,63.32700716687407,-2.19
26.27,0.01136734016264027,63.358309017631036,-2.19
26.28,0.011368581395014342,63.39505301900155,-2.19
26.29,0.01136988190287547,63.43296718796207,-2.19
26.3,0.011371164459008511,63.466503985184936,-2.19
26.310000000000002,0.01137236158143803,63.48897063453307,-2.19
26.32,0.01137342168833536,63.49277645778928,-2.19
26.330000000000002,0.01137431190247311,63.46979699486606,-2.19
26.34,0.011375017216261992,63.41183958931033,-2.19
26.35,0.011375536516467614,63.31117902146386,-2.19
26.36,0.01137587661597003,63.16111716370732,-2.19
26.37,0.01137604578118307,62.95650971875834,-2.19
26.38,0.011376048218737894,62.694198271928954,-2.19
26.39,0.011375880640341427,62.37329057584952,-2.19
26.400000000000002,0.011375531484827629,61.995249422023285,-2.18
26.41,0.011374982796237698,61.56377955642814,-2.18
26.42,0.011374214263031372,61.08453467289903,-2.18
26.43,0.011373208584135779,60.5646909322574,-2.19
26.44,0.011371957159696626,60.01244276479422,-2.18
26.45,0.011370465095596746,59.43647281620887,-2.18
26.46,0.011368754639405832,58.84543797921326,-2.19
26.47,0.011366866417755984,58.24750390436759,-2.19
26.48,0.011364858211651556,57.649953647333646,-2.18
26.490000000000002,0.011362801449775693,57.058890789628514,-2.19
26.5,0.01136077603039838,56.479050327935234,-2.19
26.51,0.011358864379143843,55.913720351604645,-2.19
26.52,0.011357145716359863,55.364766432219824,-2.18
26.53,0.011355691314744187,54.832743239173865,-2.18
26.54,0.011354561131003556,54.31707606709655,-2.19
26.55,0.01135380173125516,53.81629607771638,-2.18
26.560000000000002,0.011353445067083537,53.328312897605606,-2.19
26.57,0.01135350752032983,52.850704615884496,-2.19
26.580000000000002,0.011353988751745071,52.3809993955089,-2.19
26.59,0.011354870206852954,51.91691894545802,-2.19
26.6,0.011356113535141616,51.45655679449447,-2.18
26.61,0.01135765952521752,50.99847538693343,-2.19
26.62,0.011359428330223314,50.54172193619987,-2.19
26.63,0.011361321692460371,50.08577717787532,-2.19
26.64,0.011363227585173342,49.63045892250283,-2.18
26.650000000000002,0.011365027257674474,49.17580334177183,-2.18
26.66,0.011366604220248759,48.72194426061719,-2.18
26.67,0.011367854340472891,48.269007662585196,-2.18
26.68,0.011368695993785156,47.81703620940092,-2.19
26.69,0.011369079125267774,47.36595516635667,-2.19
26.7,0.011368992120008463,46.91558409743022,-2.19
26.71,0.011368465526969239,46.465687684130685,-2.19
26.72,0.011367571932414706,46.01604794199009,-2.18
26.73,0.011366421641383736,45.56653493626745,-2.18
26.740000000000002,0.011365154284905999,45.11715669705015,-2.1899999999999964
26.75,0.011363926961741848,44.66807862125169,-2.18
26.76,0.011362899949054964,44.21961248833721,-2.18
26.77,0.011362221296366218,43.77218108457445,-2.18
26.78,0.011362011719205058,43.32626594230749,-2.18
26.79,0.011362351148669883,42.88234566306259,-2.18
26.8,0.011363268119464604,42.44083384120629,-2.19
26.810000000000002,0.011364732946514355,42.00202890508395,-2.1899999999999964
26.82,0.011366655376480598,41.56608964641118,-2.18
26.830000000000002,0.011368887099664975,41.13304562042223,-2.18
26.84,0.01137122916195594,40.702840775063244,-2.18
26.85,0.011373443947076579,40.275396731497274,-2.18
26.86,0.01137527105297344,39.85067570223606,-2.18
26.87,0.011376446104886587,39.42872497982837,-2.18
26.88,0.011376721348969561,39.0096930322318,-2.18
26.89,0.011375886744465245,38.59381674257701,-2.18
26.900000000000002,0.011373790190492946,38.181385987300175,-2.18
26.91,0.0113703554626371,37.77269403990976,-2.18
26.92,0.011365596409814533,37.36798221077931,-2.18
26.93,0.011359626024502134,36.967387767211534,-2.17
26.94,0.011352659187400574,36.570905925581606,-2.18
26.95,0.011345008181783113,36.17837693751686,-2.18
26.96,0.011337070416717651,35.78950535409928,-2.18
26.97,0.011329308160024624,35.40391020045182,-2.18
26.98,0.011322220479620396,35.021194753838685,-2.18
26.990000000000002,0.011316308063648734,34.641017651547415,-2.18
27.0,0.011312032150711488,34.26314699516373,-2.18
27.01,0.011309769424048396,33.887485832793416,-2.17
27.02,0.011309765337724292,33.51406702934427,-2.17
27.03,0.011312088858343061,33.143023374507045,-2.18
27.04,0.01131659195933283,32.77454212695353,-2.17
27.05,0.011322877395110705,32.408812963681875,-2.17
27.060000000000002,0.011330278335182372,32.04597782256306,-2.17
27.07,0.011337853328073964,31.68609212794506,-2.17
27.080000000000002,0.011344399684888972,31.329107410741884,-2.17
27.09,0.011348487575426811,30.974882368748048,-2.17
27.1,0.011348515793730484,30.623222357760376,-2.17
27.11,0.011342788232825803,30.273938364775073,-2.17
27.12,0.01132960769481325,29.92690936539648,-2.17
27.13,0.01130738098185497,29.58213033323279,-2.17
27.14,0.011274726623393861,29.239733531158187,-2.17
27.150000000000002,0.011230574562827866,28.89998021200638,-2.17
27.16,0.011174246254257104,28.563227943660884,-2.17
27.17,0.011105504639717769,28.229882002047972,-2.17
27.18,0.011024566972660462,27.900338579557783,-2.17
27.19,0.010932079184862777,27.574926104012903,-2.16
27.2,0.010829056950260568,27.253851257348405,-2.17
27.21,0.01071680361889364,26.93715857333678,-2.17
27.22,0.010596817279298081,26.624714143948843,-2.16
27.23,0.010470698206603428,26.316221042880915,-2.16
27.240000000000002,0.010340064744327032,26.011265366194745,-2.16
27.25,0.010206481567373037,25.709381222645607,-2.16
27.26,0.010071400616715735,25.41011697614404,-2.16
27.27,0.00993611283063537,25.113086962151716,-2.16
27.28,0.009801708645673625,24.81800071243013,-2.16
27.29,0.00966904690049675,24.524670324463987,-2.16
27.3,0.009538734270634478,24.23300177154109,-2.16
27.310000000000002,0.009411119291562119,23.94297656032488,-2.16
27.32,0.009286305200306197,23.65462833438587,-2.16
27.330000000000002,0.009164183736086766,23.36801809225964,-2.16
27.34,0.009044488089643388,23.083212886855843,-2.16
27.35,0.008926858665948749,22.800274126796634,-2.16
27.36,0.00881091190915505,22.519259806160374,-2.16
27.37,0.008696301411787104,22.240239494783147,-2.15
27.38,0.008582762276028694,21.96331451384696,-2.15
27.39,0.00847013367513676,21.68863233009161,-2.15
27.400000000000002,0.008358359523640821,21.416385966609322,-2.15
27.41,0.008247471578126029,21.14679538925416,-2.15
27.42,0.008137561948251944,20.88007527782414,-2.15
27.43,0.008028752392271991,20.616398376563648,-2.15
27.44,0.007921166168383639,20.355863509984754,-2.15
27.45,0.007814905535350664,20.098473900607182,-2.15
27.46,0.007710035438490317,19.844128506109776,-2.15
27.47,0.007606572396571629,19.592628779206002,-2.15
27.48,0.007504477437840486,19.343703848955784,-2.15
27.490000000000002,0.007403652854776745,19.09705522949484,-2.15
27.5,0.007303943875594323,18.852416214669393,-2.15
27.51,0.007205147243714645,18.609613486179665,-2.14
27.52,0.007107028475436348,18.368614275482763,-2.14
27.53,0.0070093479688293795,18.129545283081743,-2.15
27.54,0.006911893476027182,17.892678191056344,-2.14
27.55,0.006814513630066855,17.658386093933913,-2.14
27.560000000000002,0.006717145421818244,17.427081163418716,-2.14
27.57,0.006619828685953516,17.199145273574427,-2.14
27.580000000000002,0.006522703071118122,16.974863971211914,-2.14
27.59,0.006425987139349794,16.754372588772053,-2.14
27.6,0.0063299439175198025,16.537622431248916,-2.14
27.61,0.006234840828474822,16.324373779630314,-2.13
27.62,0.006140913208177357,16.114219238506717,-2.13
27.63,0.00604833910489017,15.906634952357523,-2.13
27.64,0.005957229243320436,15.701049686158727,-2.13
27.650000000000002,0.005867631273268927,15.496916055222895,-2.13
27.66,0.0057795434291483495,15.293767676912543,-2.13
27.67,0.005692930822029494,15.09125123923019,-2.13
27.68,0.005607738214804482,14.889130699283905,-2.13
27.69,0.0055238958432610305,14.687268438545697,-2.13
27.7,0.005441318494658012,14.48559292330407,-2.13
27.71,0.005359901214442836,14.28406361824886,-2.13
27.72,0.005279516535950077,14.082642281516737,-2.13
27.73,0.005200017533719084,13.881276882018556,-2.13
27.740000000000002,0.005121248587481142,13.679901627782034,-2.1299999999999963
27.75,0.00504306252007995,13.478454199460378,-2.12
27.76,0.00496534006435435,13.276908285524152,-2.12
27.77,0.0048880064593208915,13.075315316052546,-2.12
27.78,0.004811040744477657,12.873845236977955,-2.12
27.79,0.004734475669979822,12.67281479388457,-2.12
27.8,0.004658389150577001,12.472694373379442,-2.12
27.810000000000002,0.0045828907075204815,12.274089904645834,-2.12
27.82,0.0045081074515151975,12.077702370268732,-2.12
27.830000000000002,0.004434173509612492,11.884272034934437,-2.12
27.84,0.0043612246927549805,11.694516359163883,-2.12
27.85,0.0042893975244133456,11.509069956097186,-2.11
27.86,0.004218829635126292,11.328433584441466,-2.11
27.87,0.004149657835740994,11.152938415693884,-2.11
27.88,0.004082011184169821,10.982730828985646,-2.11
27.89,0.0040159986910498074,10.817779922878511,-2.11
27.900000000000002,0.00395169407990303,10.657904714991643,-2.11
27.91,0.003889122113302495,10.502812896176815,-2.11
27.92,0.0038282515094183217,10.352140704945214,-2.11
27.93,0.0037689980313473704,10.205485095480395,-2.1
27.94,0.003711238284107361,10.062423870717112,-2.1
27.95,0.003654831174769174,9.922524501986386,-2.1
27.96,0.0035996412847971193,9.785345653761976,-2.1
27.97,0.003545557648854762,9.650436016847374,-2.1
27.98,0.0034925029577644417,9.517333869662734,-2.1
27.990000000000002,0.0034404315130507476,9.385569733214723,-2.09
28.0,0.0033893181852898222,9.254674592865175,-2.09
28.01,0.0033391437179310403,9.124196685242024,-2.09
28.02,0.0032898828213027962,8.99372902487457,-2.09
28.03,0.003241500177086602,8.862946506762038,-2.09
28.04,0.003193956152509666,8.731646309476563,-2.09
28.05,0.0031472199545219794,8.599781044619192,-2.09
28.060000000000002,0.0031012847485706136,8.46747341508263,-2.0899999999999963
28.07,0.0030561781762337022,8.335004868438638,-2.08
28.080000000000002,0.0030119631522687487,8.20277723704585,-2.08
28.09,0.0029687273061687145,8.071252991324714,-2.08
28.1,0.0029265636783035306,7.940884388384418,-2.08
28.11,0.002885548676749682,7.812043608495088,-2.08
28.12,0.002845724563373004,7.684965381822468,-2.08
28.13,0.0028070923640753256,7.559711655888274,-2.07
28.14,0.0027696175283942834,7.436164985293341,-2.07
28.150000000000002,0.0027332462051449275,7.314053120367636,-2.07
28.16,0.00269792633949421,7.193001409958079,-2.07
28.17,0.002663626238386058,7.072603056418555,-2.07
28.18,0.0026303442479339084,6.95249246287738,-2.07
28.19,0.0025981062958133766,6.832406530332388,-2.07
28.2,0.0025669521181402445,6.712223245137348,-2.07
28.21,0.002536914566446254,6.591973918788227,-2.06
28.22,0.0025079983160077994,6.471831755214474,-2.06
28.23,0.002480164076716667,6.352082911364655,-2.06
28.240000000000002,0.002453322298563405,6.233086761149835,-2.06
28.25,0.0024273372741373225,6.115231247761658,-2.06
28.26,0.002402039658532389,5.9988886959350065,-2.06
28.27,0.002377243675936906,5.8843774443736825,-2.06
28.28,0.002352765004979264,5.771934198872697,-2.06
28.29,0.0023284363167913862,5.661700311175623,-2.06
28.3,0.002304119072211989,5.553722148596972,-2.06
28.310000000000002,0.0022797117178993066,5.447962147042141,-2.05
28.32,0.002255155271234632,5.344314775197612,-2.05
28.330000000000002,0.0022304372224350587,5.242621928819759,-2.05
28.34,0.002205593866639754,5.14268496126268,-2.05
28.35,0.00218071008789907,5.044273798060319,-2.05
28.36,0.002155914866579683,4.947135349160592,-2.05
28.37,0.0021313708567369995,4.851002973958824,-2.05
28.38,0.002107257445647071,4.755607203618483,-2.04
28.39,0.0020837485359883486,4.660687268343991,-2.04
28.400000000000002,0.0020609882847087025,4.566003957798619,-2.04
28.41,0.0020390694220551856,4.471355512582638,-2.04
28.42,0.0020180189378071114,4.376597587566708,-2.04
28.43,0.001997794625333979,4.281665595375505,-2.04
28.44,0.0019782934861458474,4.186594565732305,-2.04
28.45,0.001959370076969891,4.091529895501853,-2.03
28.46,0.001940860507234853,3.996723047836168,-2.03
28.47,0.0019226067259445752,3.9025094343260536,-2.03
28.48,0.0019044762341734278,3.809270315736735,-2.03
28.490000000000002,0.0018863741578790917,3.7173846731893248,-2.03
28.5,0.0018682470292871122,3.627178974856537,-2.03
28.51,0.001850079801906904,3.5388824497508535,-2.03
28.52,0.0018318888985760012,3.45259416753287,-2.02
28.53,0.0018137142009688287,3.3682669277805712,-2.02
28.54,0.0017956119944607205,3.2857114041447324,-2.02
28.55,0.0017776494873501837,3.204621512085943,-2.02
28.560000000000002,0.0017599002708169073,3.1246185027304008,-2.02
28.57,0.0017424394790507718,3.0453073970215083,-2.02
28.580000000000002,0.0017253376378113753,2.9663362417350387,-2.02
28.59,0.0017086531082561498,2.8874475760185683,-2.02
28.6,0.001692424219345255,2.8085128896770484,-2.02
28.61,0.0016766630961318474,2.729544301834195,-2.02
28.62,0.0016613533975908658,2.6506823950277636,-2.01
28.63,0.0016464535055066344,2.5721640154349954,-2.01
28.64,0.0016319053127836509,2.4942776980440446,-2.01
28.650000000000002,0.0016176471125358691,2.417316395330122,-2.01
28.66,0.0016036277940591167,2.341537121642552,-2.01
28.67,0.0015898190796458202,2.267135131100175,-2.01
28.68,0.0015762230486751772,2.194236813958875,-2.01
28.69,0.00156287351663112,2.1229112077010415,-2.0
28.7,0.0015498315102837835,2.0531955126567105,-2.0
28.71,0.0015371765328982168,1.985126490891823,-2.0
28.72,0.001524996088994365,1.9187686670751711,-2.0
28.73,0.0015133758523766415,1.8542322390413726,-2.0
28.740000000000002,0.0015023920377325874,1.7916772323352543,-1.9999999999999964
28.75,0.0014921063663400733,1.7313039437547841,-1.99
28.76,0.0014825630013018541,1.6733321837910935,-1.99
28.77,0.0014737863458683636,1.6179734537059294,-1.99
28.78,0.0014657787692135466,1.565401606860324,-1.99
28.79,0.001458518011456432,1.515728364516784,-1.99
28.8,0.001451954898867135,1.4689888927030348,-1.99
28.810000000000002,0.0014460126712021687,1.4251391979859382,-1.99
28.82,0.0014405893589290466,1.3840631487941402,-1.99
28.830000000000002,0.0014355641093884372,1.3455846043582775,-1.98
28.84,0.0014308072646904652,1.309480135675618,-1.98
28.85,0.001426192719383297,1.2754894307087434,-1.98
28.86,0.0014216101370881755,1.243322384550762,-1.98
28.87,0.0014169743791786515,1.2126632320683857,-1.98
28.88,0.001412230126988155,1.18317312395384,-1.98
28.89,0.0014073509899022686,1.1544936996227886,-1.97
28.900000000000002,0.0014023339481592774,1.1262547749586125,-1.97
28.91,0.0013971912348339727,1.0980881781463094,-1.97
28.92,0.0013919422924982224,1.0696474704821692,-1.97
28.93,0.0013866080952846852,1.0406314423019796,-1.97
28.94,0.0013812090558586534,1.0108086239768974,-1.97
28.95,0.0013757663424877806,0.9800399550003128,-1.97
28.96,0.0013703052235727695,0.9482967188908055,-1.96
28.97,0.0013648584376346866,0.9156710480914798,-1.96
28.98,0.0013594677148377036,0.8823767642547422,-1.96
28.990000000000002,0.0013541823479613834,0.8487390114434503,-1.96
29.0,0.0013490548051320686,0.8151724665682873,-1.96
29.01,0.0013441343794491486,0.7821499899574667,-1.96
29.02,0.0013394604506947435,0.750165357423898,-1.96
29.03,0.001335056953001601,0.7196938732374766,-1.95
29.04,0.0013309291667427904,0.6911534257354685,-1.95
29.05,0.0013270632166856157,0.664867757544865,-1.95
29.060000000000002,0.0013234279626218592,0.6410346632093715,-1.95
29.07,0.001319978544646555,0.6197035191331839,-1.95
29.080000000000002,0.001316660776044533,0.600766906936327,-1.9499999999999964
29.09,0.0013134158022451374,0.5839693409842085,-1.94
29.1,0.001310184802440538,0.5689332079068622,-1.94
29.11,0.0013069138024680033,0.5551990783989227,-1.94
29.12,0.0013035587390755647,0.5422750439217447,-1.94
29.13,0.0013000907126466447,0.5296880917213311,-1.94
29.14,0.0012965009550549077,0.5170302238293781,-1.94
29.150000000000002,0.001292804601594397,0.5039931186557131,-1.93
29.16,0.0012890421223508799,0.49038750396044223,-1.93
29.17,0.0012852774227256703,0.4761467794677658,-1.93
29.18,0.001281592222831371,0.46131772458312725,-1.93
29.19,0.0012780772579708063,0.44604271533792167,-1.93
29.2,0.0012748218206684676,0.430537008481344,-1.93
29.21,0.0012719038192973826,0.4150624519985997,-1.92
29.22,0.0012693825638634998,0.39989763883542667,-1.92
29.23,0.0012672958051060529,0.38530522062875955,-1.92
29.240000000000002,0.0012656613035341685,0.37149898836781253,-1.92
29.25,0.0012644817968118257,0.3586147787615877,-1.92
29.26,0.00126375118407413,0.34668949647445063,-1.92
29.27,0.001263459449140379,0.3356517376922561,-1.92
29.28,0.0012635944211410886,0.3253261024012773,-1.91
29.29,0.0012641397368674872,0.31545148462919365,-1.91
29.3,0.0012650698827153793,0.3057113845697795,-1.91
29.310000000000002,0.001266344405790241,0.29577179124484393,-1.91
29.32,0.001267903854994731,0.2853202068118891,-1.91
29.330000000000002,0.0012696695693620024,0.27409895263313216,-1.91
29.34,0.0012715482168485412,0.26192755528459033,-1.91
29.35,0.001273440441219235,0.24871222164677792,-1.9
29.36,0.0012752516695698627,0.23444383680759606,-1.9
29.37,0.0012769025208644782,0.21918828097764165,-1.9
29.38,0.0012783365068816037,0.2030734579164738,-1.91
29.39,0.0012795236931345394,0.1862763154299562,-1.9
29.400000000000002,0.0012804602946765158,0.16901120961687793,-1.9
29.41,0.001281165322669282,0.15151942133108384,-1.9
29.42,0.0012816759876633417,0.13405911228616957,-1.9
29.43,0.0012820434653046636,0.11689529749910416,-1.89
29.44,0.001282329954015777,0.10029000063353363,-1.9
29.45,0.0012826070158144126,0.08449339332467773,-1.89
29.46,0.0012829543833291388,0.0697371572460412,-1.89
29.47,0.0012834580463727341,0.05623096431289179,-1.89
29.48,0.0012842066200165984,0.04416151330384004,-1.89
29.490000000000002,0.0012852856561501851,0.033691741711538846,-1.89
29.5,0.0012867704301569608,0.024957170100085524,-1.89
29.51,0.0012887184731830406,0.018057777462583247,-1.89
29.52,0.0012911634498136084,0.01304669208785054,-1.88
29.53,0.0012941117806759086,0.009919490802423658,-1.88
29.54,0.0012975427503497128,0.008608511536741976,-1.88
29.55,0.001301411968203889,0.008984960248448321,-1.88
29.560000000000002,0.0013056572837690204,0.010868537554884573,-1.88
29.57,0.00131020584242208,0.014041499352801055,-1.88
29.580000000000002,0.0013149809807276745,0.01826306346109073,-1.8799999999999963
29.59,0.0013199080282456641,0.023280992107718418,-1.87
29.6,0.001324918622386576,0.028838997674125497,-1.87
29.61,0.0013299536373933352,0.034680653820488225,-1.87
29.62,0.0013349651074964534,0.04055244294407935,-1.87
29.63,0.001339917518237481,0.04620952205945164,-1.87
29.64,0.001344788593018181,0.05142657911051734,-1.87
29.650000000000002,0.0013495693576643874,0.05601302848764209,-1.8699999999999966
29.66,0.001354263012603066,0.0598288924430932,-1.86
29.67,0.0013588821313253114,0.06279703383738286,-1.86
29.68,0.0013634439906087875,0.06490870907013138,-1.86
29.69,0.0013679643595344382,0.06622105426254925,-1.86
29.7,0.0013724506565768661,0.06684638274847524,-1.86
29.71,0.0013768958032337976,0.06693449340579205,-1.86
29.72,0.0013812741833618895,0.06665060816983763,-1.85
29.73,0.0013855407986493348,0.06615247570454284,-1.85
29.740000000000002,0.001389634063236128,0.06557042507078752,-1.85
29.75,0.0013934818916177267,0.0649939000543586,-1.85
29.76,0.0013970100429772075,0.06446693355295727,-1.85
29.77,0.001400151286171653,0.06399283952936748,-1.85
29.78,0.001402853927231078,0.06354575344927357,-1.84
29.79,0.0014050885545560516,0.06308465335924748,-1.85
29.8,0.0014068523564472856,0.06256489408753423,-1.84
29.810000000000002,0.0014081708581400515,0.06194336117795262,-1.84
29.82,0.001409097269565485,0.061175860379257006,-1.84
29.830000000000002,0.0014097097888853053,0.06020843361380245,-1.84
29.84,0.0014101072090314144,0.058966632593219194,-1.84
29.85,0.001410403104160271,0.05734728846593668,-1.84
29.86,0.001410718817403141,0.055215966333431475,-1.83
29.87,0.0014111754989311032,0.052411257830398995,-1.83
29.88,0.001411885583085702,0.048755640966201635,-1.83
29.89,0.0014129443203938369,0.044072182067349586,-1.83
29.900000000000002,0.0014144222134039582,0.03820617192574299,-1.8200000000000036
29.91,0.0014163593310017166,0.031050036013549276,-1.83
29.92,0.001418762393564488,0.022568662493514944,-1.82
29.93,0.0014216051851912279,0.012821347569437,-1.83
29.94,0.0014248323032660772,0.0019759805807939923,-1.82
29.95,0.0014283656448802735,-0.009689114077722225,-1.82
29.96,0.00143211254740887,-0.021799335955623864,-1.82
29.97,0.0014359742928692428,-0.03391485873625648,-1.82
29.98,0.0014398537943507575,-0.04557522661082114,-1.82
29.990000000000002,0.0014436616478745278,-0.05634987960913323,-1.8199999999999965
30.0,0.0014473202219809974,-0.06588458291291062,-1.81
30.01,0.0014507659147521034,-0.07393453966469146,-1.81
30.02,0.0014539500171412026,-0.0803787495657657,-1.81
30.03,0.0014568387368017878,-0.08521515794524974,-1.81
30.04,0.001459412875429068,-0.0885402196447649,-1.81
30.05,0.0014616674730232873,-0.09051870886055953,-1.81
30.060000000000002,0.0014636115094902153,-0.09135032892606663,-1.81
30.07,0.0014652675553811177,-0.09123938508017809,-1.81
30.080000000000002,0.0014666711340797058,-0.09037230815991398,-1.8
30.09,0.0014678695140597417,-0.08890525114375017,-1.8
30.1,0.0014689196827810558,-0.08696131028072897,-1.8
30.11,0.001469885341249065,-0.08463511638060305,-1.8
30.12,0.0014708328840298114,-0.08200163948083745,-1.8
30.13,0.0014718264884508638,-0.07912579864482382,-1.8
30.14,0.0014729226200487465,-0.07607019635744602,-1.79
30.150000000000002,0.001474164441767984,-0.07290012377968746,-1.79
30.16,0.0014755767504447573,-0.06968679282083098,-1.79
30.17,0.001477162117656783,-0.0665101428666502,-1.79
30.18,0.0014788988622802765,-0.06346140367914337,-1.79
30.19,0.0014807413310801542,-0.06064395169752696,-1.79
30.2,0.0014826227355547357,-0.05817018505603009,-1.79
30.21,0.0014844605227716883,-0.05615295030700819,-1.79
30.22,0.0014861639725872052,-0.054692229443042424,-1.78
30.23,0.0014876434297183716,-0.0538600083662145,-1.78
30.240000000000002,0.0014888203174080322,-0.053687076720347324,-1.78
30.25,0.0014896368807834864,-0.05415482986798443,-1.78
30.26,0.001490064529696615,-0.055194051522095285,-1.78
30.27,0.0014901097467631915,-0.0566916844170682,-1.78
30.28,0.0014898168212067301,-0.058505090329346664,-1.78
30.29,0.0014892671267146226,-0.06048116002060191,-1.77
30.3,0.0014885751686351592,-0.062476230130718236,-1.77
30.310000000000002,0.0014878820302854185,-0.06437320245761757,-1.77
30.32,0.0014873470334072288,-0.06609387683503641,-1.77
30.330000000000002,0.0014871383631671145,-0.06760589859074992,-1.77
30.34,0.0014874231588462483,-0.06892440568505993,-1.77
30.35,0.0014883572829549694,-0.07010876209799431,-1.77
30.36,0.0014900748242882356,-0.07125489428025548,-1.76
30.37,0.001492677479211018,-0.07248392103358596,-1.76
30.38,0.001496224299856402,-0.07392835574529927,-1.76
30.39,0.0015007227983127387,-0.0757179358970459,-1.76
30.400000000000002,0.0015061228639797924,-0.07796718879797784,-1.76
30.41,0.0015123151581118981,-0.08076572940763725,-1.76
30.42,0.0015191353970345836,-0.08417073670738842,-1.76
30.43,0.0015263751338659812,-0.08820038222385422,-1.75
30.44,0.0015337984003807208,-0.09282777745723511,-1.75
30.45,0.0015411622080875288,-0.09797654047605234,-1.75
30.46,0.0015482378827545904,-0.10352026863966798,-1.75
30.47,0.001554829881612334,-0.10928847067022016,-1.75
30.48,0.001560789246226899,-0.11508052418251358,-1.75
30.490000000000002,0.0015660200376036652,-0.1206869362708124,-1.7499999999999964
30.5,0.0015704786126204276,-0.1259143509926224,-1.74
30.51,0.0015741669717434176,-0.13060877423544853,-1.74
30.52,0.0015771222939469224,-0.13467163906838206,-1.74
30.53,0.0015794050582110968,-0.1380657097177529,-1.74
30.54,0.001581087902871032,-0.14081106843819408,-1.74
30.55,0.001582246771582625,-0.14297389273848085,-1.74
30.560000000000002,0.0015829551469286943,-0.144651558024846,-1.7399999999999964
30.57,0.0015832814556603055,-0.1459569738029635,-1.73
30.580000000000002,0.0015832891528050365,-0.1470040709799163,-1.73
30.59,0.0015830386043052752,-0.1478960098679455,-1.73
30.6,0.0015825896975042609,-0.14871766437637504,-1.73
30.61,0.0015820041048264526,-0.1495332259058009,-1.73
30.62,0.0015813462990118545,-0.15038815014825097,-1.73
30.63,0.0015806827588094043,-0.15131299035663034,-1.72
30.64,0.0015800792714715283,-0.15232599995557194,-1.72
30.650000000000002,0.0015795967358490433,-0.1534322628789861,-1.72
30.66,0.001579286267304768,-0.15461924209563357,-1.72
30.67,0.0015791845960079123,-0.1558511880913636,-1.72
30.68,0.0015793106893918077,-0.1570665053176788,-1.72
30.69,0.0015796642481491398,-0.1581815817417235,-1.72
30.7,0.0015802263200309892,-0.15910165950350816,-1.72
30.71,0.0015809618711237247,-0.15973576395526431,-1.71
30.72,0.001581823843814911,-0.16001069572175838,-1.71
30.73,0.001582758049812668,-0.1598796666409698,-1.71
30.740000000000002,0.0015837081896437318,-0.15932379053253226,-1.71
30.75,0.0015846203375521576,-0.15834776705549397,-1.71
30.76,0.0015854463641490485,-0.15697293382353855,-1.71
30.77,0.0015861459750639833,-0.15523053617048285,-1.7
30.78,0.0015866873078731055,-0.1531566062932867,-1.7
30.79,0.0015870463194195296,-0.1507890372706356,-1.7
30.8,0.0015872054494159504,-0.14816736163251373,-1.7
30.810000000000002,0.0015871521887064095,-0.1453349702184058,-1.7
30.82,0.0015868781585090923,-0.14234183072946235,-1.7
30.830000000000002,0.0015863791132728568,-0.13924491899171926,-1.6999999999999964
30.84,0.0015856559591117877,-0.13610489167340845,-1.69
30.85,0.0015847165217488203,-0.13298015660362145,-1.69
30.86,0.0015835775116529738,-0.12992131321062134,-1.69
30.87,0.0015822660096774972,-0.12696864435603353,-1.69
30.88,0.0015808198752148782,-0.1241534613783071,-1.69
30.89,0.0015792867367932267,-0.12150221962978898,-1.69
30.900000000000002,0.00157772157281758,-0.11904153524004861,-1.6899999999999964
30.91,0.0015761832070103165,-0.1168022977066268,-1.68
30.92,0.0015747302332789533,-0.11482114211375016,-1.68
30.93,0.0015734169121552023,-0.11313760270750016,-1.68
30.94,0.0015722894702521742,-0.11178612817019488,-1.68
30.95,0.0015713830556300427,-0.11078401296656104,-1.68
30.96,0.0015707194409442242,-0.11011809309388783,-1.68
30.970000000000002,0.0015703054836893882,-0.10973339253099915,-1.6799999999999964
30.98,0.0015701323634669901,-0.1095257171662213,-1.67
30.990000000000002,0.001570175692169098,-0.10933882961186983,-1.67
31.0,0.0015703966776019396,-0.10896637990911481,-1.67
31.01,0.001570744547001992,-0.10815891279851524,-1.67
31.02,0.001571160348318441,-0.1066363755190707,-1.67
31.03,0.0015715820217583284,-0.1041066533819667,-1.67
31.04,0.0015719503049814274,-0.10029062821443567,-1.67
31.05,0.001572214699583304,-0.09495302534591799,-1.66
31.060000000000002,0.001572338514760478,-0.0879355655830136,-1.66
31.07,0.0015723020225516268,-0.07918663139724982,-1.66
31.080000000000002,0.0015721030458487875,-0.06878181803522011,-1.66
31.09,0.0015717548054544153,-0.05693156662283009,-1.66
31.1,0.0015712814406003584,-0.043973668172602405,-1.66
31.11,0.0015707121158528064,-0.03035006663296517,-1.66
31.12,0.0015700749027266242,-0.016570378916483424,-1.65
31.13,0.001569391626495706,-0.003168113602034952,-1.65
31.14,0.001568674625848061,0.009342724490052124,-1.65
31.150000000000002,0.0015679259672291485,0.020504276121006453,-1.6499999999999964
31.16,0.0015671391880215236,0.02994137236063578,-1.64
31.17,0.0015663031941925553,0.037377226222128614,-1.65
31.18,0.001565407555508787,0.042638919406214996,-1.64
31.19,0.001564448157005917,0.045654276068065595,-1.64
31.2,0.0015634320196281097,0.046442799579463734,-1.64
31.21,0.001562380144331697,0.045104210930051986,-1.64
31.220000000000002,0.001561327500230706,0.041807949500942944,-1.64
31.23,0.0015603197707291393,0.03678544257085643,-1.64
31.240000000000002,0.0015594071291190573,0.030324751475783413,-1.6300000000000034
31.25,0.001558635995087342,0.022765677131430594,-1.64
31.26,0.0015580402442103886,0.014493262547375386,-1.63
31.27,0.0015576335568790111,0.005928479850725483,-1.63
31.28,0.0015574044410042892,-0.0024841944072776755,-1.63
31.29,0.0015573149854284693,-0.010292354009318203,-1.63
31.3,0.0015573037295991052,-0.017054955951595483,-1.62
31.310000000000002,0.0015572923402702012,-0.02236667461391558,-1.63
31.32,0.0015571952020147677,-0.02588846936869682,-1.63
31.330000000000002,0.0015569306174300968,-0.027383232551847075,-1.62
31.34,0.0015564320876041387,-0.026751622246712983,-1.62
31.35,0.0015556581019312739,-0.024060342036238306,-1.62
31.36,0.001554599010605882,-0.019555002510509043,-1.62
31.37,0.001553279890864399,-0.013652122289359072,-1.62
31.38,0.0015517588473515371,-0.006908652521097497,-1.62
31.39,0.001550120859622873,2.8477130509507517e-05,-1.62
31.400000000000002,0.0015484679865384852,0.006486832503918291,-1.61
31.41,0.0015469073004708192,0.011838946546196485,-1.61
31.42,0.0015455382289999312,0.015570299357728875,-1.61
31.43,0.001544440981651205,0.017336915887042198,-1.61
31.44,0.001543667469496227,0.01700580400891883,-1.61
31.45,0.0015432356846885411,0.014673185484449607,-1.61
31.46,0.0015431280149180136,0.010658005571835454,-1.61
31.470000000000002,0.0015432935099428554,0.005471128443712057,-1.6
31.48,0.0015436537241517339,-0.00023670619265677513,-1.6
31.490000000000002,0.0015441114324685136,-0.0057428103499347904,-1.6
31.5,0.001544561264077999,-0.010328921645694156,-1.6
31.51,0.0015449011380226946,-0.013357111067534594,-1.6
31.52,0.0015450433330572242,-0.014336308157024854,-1.6
31.53,0.0015449240846214657,-0.012972015254997214,-1.6
31.54,0.001544510762423366,-0.009193937028989203,-1.6
31.55,0.0015438059183868515,-0.0031587014256305996,-1.59
31.560000000000002,0.001542847780708224,0.004772178326049799,-1.59
31.57,0.001541707092715169,0.014075594618623849,-1.59
31.580000000000002,0.0015404805533843502,0.024124990481349248,-1.5899999999999965
31.59,0.0015392814934376427,0.03425543078612318,-1.58
31.6,0.0015382287639927731,0.04382764668604536,-1.59
31.61,0.0015374350462742205,0.05228409405279947,-1.58
31.62,0.0015369958452304518,0.05919176986158877,-1.58
31.63,0.0015369802827180647,0.06426873458556182,-1.58
31.64,0.0015374244896339299,0.06739344849464321,-1.58
31.650000000000002,0.0015383279997864144,0.06859785039563211,-1.58
31.66,0.0015396531814123795,0.06804684994007042,-1.58
31.67,0.0015413274799658807,0.0660084618990231,-1.58
31.68,0.0015432481017481302,0.06281945481055438,-1.57
31.69,0.00154528871309351,0.058850783887849194,-1.57
31.7,0.0015473077219061056,0.05447571351655242,-1.57
31.71,0.0015491577086825172,0.050042106308896765,-1.57
31.720000000000002,0.0015506955551903298,0.0458494122118217,-1.5699999999999965
31.73,0.0015517927682610125,0.04213082804357243,-1.56
31.740000000000002,0.0015523454183014752,0.03904172105208611,-1.5699999999999965
31.75,0.0015522830288570147,0.036655661078834695,-1.56
31.76,0.001551575701451979,0.03496839551790852,-1.56
31.77,0.0015502387842857197,0.033908343431455275,-1.56
31.78,0.0015483345321971524,0.03335104972173864,-1.56
31.79,0.0015459704602332521,0.033135176350754136,-1.56
31.8,0.0015432944102441043,0.03307847586771731,-1.56
31.810000000000002,0.0015404866447239665,0.03299290305491839,-1.56
31.82,0.001537749493378449,0.032698248897447074,-1.56
31.830000000000002,0.0015352951958009162,0.032033711664448176,-1.55
31.84,0.0015333326377021002,0.03086687476873108,-1.55
31.85,0.0015320537124870045,0.029099642458380818,-1.55
31.86,0.0015316200902402894,0.026671049217786125,-1.55
31.87,0.0015321512497565094,0.023557818952660254,-1.55
31.88,0.0015337147011909077,0.019774638353652826,-1.55
31.89,0.0015363193558735797,0.015376036042135569,-1.54
31.900000000000002,0.0015399129448549242,0.010459756827925855,-1.54
31.91,0.0015443842060581237,0.00516872337340584,-1.54
31.92,0.0015495701971816839,-0.0003126327745585267,-1.54
31.93,0.0015552685052149249,-0.005770585172038263,-1.54
31.94,0.001561253354585258,-0.010982691339133077,-1.54
31.95,0.001567293840839926,-0.015743260463990924,-1.54
31.96,0.0015731719911489751,-0.019888026874332235,-1.53
31.970000000000002,0.0015786982820175791,-0.023312062690216538,-1.53
31.98,0.0015837226925703106,-0.025976903554761864,-1.53
31.990000000000002,0.0015881402390824772,-0.02790631522875793,-1.53
32.0,0.0015918909819582444,-0.02917345011295542,-1.53
32.01,0.001594955427589453,-0.02988397255114682,-1.53
32.02,0.0015973468522059383,-0.030159745035653836,-1.53
32.03,0.0015991022860269337,-0.0301261318888503,-1.52
32.04,0.0016002737602397118,-0.029903669269830922,-1.52
32.05,0.0016009210381424737,-0.029603013130034064,-1.52
32.06,0.0016011065408892235,-0.029321347586384463,-1.52
32.07,0.0016008926403841821,-0.0291384904255265,-1.52
32.08,0.0016003410045804555,-0.029111512985711258,-1.52
32.09,0.0015995132997749604,-0.029267886985353344,-1.52
32.1,0.0015984723230079774,-0.02959866405995766,-1.51
32.11,0.0015972825897496504,-0.030054145558524314,-1.51
32.12,0.0015960095644179727,-0.030544343321413824,-1.51
32.13,0.001594717098677155,-0.030945528927877428,-1.51
32.14,0.001593463183309206,-0.03111289954442127,-1.51
32.15,0.001592294693901411,-0.03089808184632154,-1.51
32.160000000000004,0.0015912422463222101,-0.0301690492029122,-1.509999999999993
32.17,0.001590316435356836,-0.028829448400659773,-1.5
32.18,0.0015895065544274116,-0.026834344603899423,-1.5
32.19,0.0015887824306246884,-0.024199677727864563,-1.5
32.2,0.0015880993896049264,-0.021003368170252914,-1.5
32.21,0.0015874057593200496,-0.01737734903904439,-1.5
32.22,0.001586651864220755,-0.013491619013253908,-1.5
32.230000000000004,0.0015857992125420768,-0.009532932057741295,-1.499999999999993
32.24,0.001584828538262734,-0.005681464732801694,-1.49
32.25,0.0015837454948807324,-0.0020890062996595914,-1.49
32.26,0.0015825830716735734,0.0011377572666158575,-1.49
32.27,0.001581400186534205,0.0039459536855997,-1.49
32.28,0.001580276384208285,0.006336264509084112,-1.49
32.29,0.0015793031011302192,0.008355194781246,-1.49
32.3,0.0015785724780998716,0.010082683132092204,-1.49
32.31,0.001578165116237752,0.01161750383699574,-1.48
32.32,0.0015781383993315845,0.013062068812800608,-1.48
32.33,0.001578517004797677,0.014508013335253589,-1.48
32.34,0.0015792869993265,0.016024055310218745,-1.48
32.35,0.0015803945069316778,0.017647281336419275,-1.48
32.36,0.0015817494048000803,0.019378283318835825,-1.48
32.37,0.00158323388628174,0.02118020149540064,-1.48
32.38,0.0015847150536001822,0.02298203618509283,-1.47
32.39,0.0015860600202902487,0.024686772027555284,-1.47
32.4,0.0015871514437076689,0.026183996860238593,-1.47
32.410000000000004,0.0015879011467669207,0.027365145166968353,-1.4699999999999929
32.42,0.001588259670131613,0.0281384041291296,-1.46
32.43,0.0015882202658103217,0.028440373033610324,-1.47
32.44,0.001587816894988699,0.02824278500239617,-1.46
32.45,0.0015871169609320143,0.027554340960179734,-1.46
32.46,0.0015862104529419452,0.026418820082516805,-1.46
32.47,0.0015851976404470496,0.02491060865686908,-1.46
32.480000000000004,0.0015841773532807245,0.02312827138646951,-1.450000000000007
32.49,0.0015832373124393007,0.02118657438742936,-1.46
32.5,0.0015824471743626995,0.01920753936958628,-1.45
32.51,0.0015818542127855127,0.017311144734133588,-1.45
32.52,0.0015814811092935363,0.01560594054727133,-1.45
32.53,0.0015813252414449148,0.014179680400562248,-1.45
32.54,0.001581359089865851,0.013090652448110026,-1.45
32.55,0.0015815317697560234,0.012361390391049885,-1.45
32.56,0.001581772020706951,0.011976974344655849,-1.44
32.57,0.0015819930949686049,0.011889294777833476,-1.45
32.58,0.0015820997978715549,0.012026300525449176,-1.44
32.59,0.001581997496447905,0.012302895770880135,-1.44
32.6,0.0015816023651704471,0.012630016334704005,-1.44
32.61,0.0015808516711380814,0.012920752071632008,-1.44
32.62,0.0015797126736056002,0.01309475264406071,-1.43
32.63,0.0015781887980837396,0.01308228753065314,-1.44
32.64,0.0015763221174172773,0.01282781657259793,-1.43
32.65,0.001574191717256199,0.012291985329238326,-1.43
32.660000000000004,0.001571908089739964,0.01145135319909541,-1.43
32.67,0.0015696041725513717,0.010295800371951264,-1.43
32.68,0.001567423987739603,0.008823673179074693,-1.42
32.69,0.001565510040699057,0.0070349373060871676,-1.43
32.7,0.0015639907302191624,0.004923696668678171,-1.43
32.71,0.0015629690029758795,0.0024728792556305713,-1.42
32.72,0.0015625133548215406,-0.0003458621567421038,-1.42
32.730000000000004,0.0015626520286545103,-0.0035657358215417604,-1.42
32.74,0.0015633709000670406,-0.007213227133718829,-1.42
32.75,0.0015646151350710033,-0.011294288059513479,-1.42
32.76,0.0015662943263814798,-0.015781167445978867,-1.42
32.77,0.0015682905152865558,-0.020602068512536115,-1.42
32.78,0.001570468288278034,-0.02563540228361545,-1.41
32.79,0.0015726859865607306,-0.030709815250291178,-1.41
32.8,0.001574806982802176,-0.03561005249948601,-1.41
32.81,0.001576709982639937,-0.04008775770280753,-1.41
32.82,0.0015782974194298114,-0.04387600681243364,-1.41
32.83,0.001579501234280316,-0.04670636676513648,-1.41
32.84,0.0015802856461609735,-0.04832730761573914,-1.41
32.85,0.0015806468643950271,-0.04852300013009724,-1.4
32.86,0.0015806100136314376,-0.047131693757354376,-1.4
32.87,0.0015802237895490158,-0.044062493443991914,-1.4
32.88,0.0015795535382874058,-0.039308556954595245,-1.4
32.89,0.0015786735632731458,-0.03295444830610064,-1.4
32.9,0.0015776595063864097,-0.025176117847600592,-1.4
32.910000000000004,0.0015765816100362627,-0.016233026013543414,-1.3999999999999928
32.92,0.001575499531262196,-0.006452576435684895,-1.39
32.93,0.0015744591552591836,0.0037922550271880812,-1.39
32.94,0.0015734915721061866,0.014109764682017727,-1.39
32.95,0.0015726140837350432,0.024117021396088834,-1.39
32.96,0.0015718328500664124,0.03346421934002748,-1.39
32.97,0.0015711466009734635,0.04185390492068563,-1.39
32.980000000000004,0.0015705507482768428,0.0490550260003919,-1.3899999999999928
32.99,0.0015700412269986134,0.05491214357288317,-1.38
33.0,0.0015696174693029218,0.05934942216470962,-1.38
33.01,0.0015692840586440365,0.06236861229551622,-1.38
33.02,0.0015690508158199882,0.06404074459538983,-1.38
33.03,0.0015689313188502877,0.06449224464276167,-1.37
33.04,0.0015689401282552658,0.0638870341504479,-1.38
33.05,0.0015690892338898524,0.062406727931797634,-1.37
33.06,0.001569384404875172,0.06023143781822068,-1.37
33.07,0.0015698221651305924,0.057523995185486544,-1.37
33.08,0.0015703880133170261,0.05442039148325931,-1.37
33.09,0.0015710562739500741,0.05102836628057898,-1.36
33.1,0.0015717916612704463,0.04743378320890688,-1.37
33.11,0.0015725523329972926,0.043711494985530536,-1.36
33.12,0.0015732939652943192,0.03993591140443844,-1.36
33.13,0.001573974219308205,0.03618750969632586,-1.36
33.14,0.0015745568998465694,0.03255393822738271,-1.36
33.15,0.0015750151321930754,0.029126353638250845,-1.36
33.160000000000004,0.001575333011856281,0.0259923715916824,-1.359999999999993
33.17,0.001575505422925024,0.02322701379953048,-1.35
33.18,0.0015755360688048626,0.020883118677772632,-1.36
33.19,0.001575434169280902,0.01898282938456329,-1.35
33.2,0.0015752106484637116,0.017511596258554717,-1.35
33.21,0.0015748748394782493,0.01641571443319639,-1.35
33.22,0.0015744326653363342,0.015603999152633892,-1.35
33.230000000000004,0.0015738868984777566,0.01495389807450533,-1.3400000000000072
33.24,0.0015732395248987203,0.014322191132831612,-1.35
33.25,0.0015724956020211828,0.01356012272711712,-1.34
33.26,0.0015716675007823953,0.012531807495588222,-1.34
33.27,0.0015707782195039342,0.011133035270309488,-1.34
33.28,0.0015698626134134435,0.0093062011938601,-1.34
33.29,0.0015689658548171562,0.00704740132111903,-1.34
33.3,0.0015681390852543135,0.004403865461874623,-1.34
33.31,0.0015674328603440793,0.0014624154398780846,-1.34
33.32,0.0015668894730909847,-0.0016685321575130928,-1.34
33.33,0.001566535500522444,-0.004879636149706567,-1.33
33.34,0.0015663759433025264,-0.008079459904786193,-1.33
33.35,0.0015663911443481802,-0.011207351799072696,-1.33
33.36,0.001566537315511932,-0.014238031841727783,-1.33
33.37,0.0015667509965689773,-0.017177816684515197,-1.33
33.38,0.0015669571413898993,-0.020054096992379068,-1.33
33.39,0.0015670798349367767,-0.02290049409943109,-1.33
33.4,0.001567054025574183,-0.025740430324407378,-1.32
33.410000000000004,0.001566836285229537,-0.028571814911978473,-1.32
33.42,0.001566412626750072,-0.031355181168242895,-1.32
33.43,0.0015658018617547508,-0.03400699319450233,-1.32
33.44,0.0015650537972142268,-0.03639897580714036,-1.32
33.45,0.001564242544539943,-0.0383634112302301,-1.32
33.46,0.0015634560943759172,-0.03970395447980535,-1.32
33.47,0.001562783891939342,-0.0402117428731854,-1.31
33.480000000000004,0.0015623043491316832,-0.03968657271191835,-1.31
33.49,0.0015620740793416388,-0.03796190233808745,-1.31
33.5,0.0015621202421010106,-0.03493075698512752,-1.31
33.51,0.0015624368642522522,-0.030568251355559874,-1.31
33.52,0.0015629854556475917,-0.02494598714450433,-1.31
33.53,0.0015636997030583852,-0.0182343384862668,-1.31
33.54,0.0015644935316802538,-0.010691049763963251,-1.3
33.55,0.0015652714168422034,-0.0026382482164507377,-1.3
33.56,0.0015659395756710361,0.005566903923986969,-1.3
33.57,0.0015664166225632795,0.01356196484501047,-1.3
33.58,0.0015666424461700558,0.02100520911281996,-1.3
33.59,0.0015665844182979265,0.027596404634680136,-1.3
33.6,0.0015662404831780223,0.03309282249828317,-1.3
33.61,0.0015656390854341298,0.037321551503658214,-1.3
33.62,0.0015648361955378847,0.04018888639060679,-1.29
33.63,0.0015639098610195665,0.041686611889687794,-1.29
33.64,0.001562952778700057,0.04189379501535411,-1.28
33.65,0.0015620634041485166,0.0409721380952679,-1.29
33.660000000000004,0.001561336151327913,0.03915375841838022,-1.29
33.67,0.001560851332604221,0.03672202291824149,-1.29
33.68,0.0015606656562766042,0.0339875147029054,-1.28
33.69,0.001560804296621452,0.031261618444514146,-1.28
33.7,0.0015612556908221908,0.02882998634776871,-1.28
33.71,0.0015619701822027524,0.02692789954616007,-1.28
33.72,0.0015628633217701251,0.025719460348867035,-1.28
33.730000000000004,0.00156382402555191,0.025282680044121764,-1.28
33.74,0.00156472693722799,0.02560264208280467,-1.28
33.75,0.0015654474641553927,0.026574380719826082,-1.27
33.76,0.0015658773054020472,0.02801558148153791,-1.27
33.77,0.0015659380874183057,0.029687206994078844,-1.27
33.78,0.0015655910475200904,0.03131868101377538,-1.26
33.79,0.0015648414766414173,0.032634058429359916,-1.27
33.8,0.0015637376218236964,0.03337662754252896,-1.27
33.81,0.0015623646647283554,0.0333308208631624,-1.27
33.82,0.001560835014525002,0.03234108743191102,-1.26
33.83,0.001559276404337436,0.0303269790922926,-1.26
33.84,0.00155781921014605,0.02729269399917566,-1.26
33.85,0.0015565841494118624,0.023328885772000273,-1.26
33.86,0.0015556712153119736,0.0186052891772591,-1.26
33.87,0.0015551504730951802,0.013354213806297671,-1.26
33.88,0.001555055227513569,0.007846479289864703,-1.26
33.89,0.0015553780397504987,0.0023626789094541184,-1.25
33.9,0.001556070060980962,-0.0028361264117171595,-1.25
33.910000000000004,0.001557044071507434,-0.007533529893759582,-1.249999999999993
33.92,0.001558181392842491,-0.011574720180150933,-1.24
33.93,0.001559342438229848,-0.01487321541815424,-1.25
33.94,0.001560380120412778,-0.017407342104695234,-1.24
33.95,0.0015611547675362198,-0.019207888951476362,-1.25
33.96,0.0015615487816280753,-0.020339799923589575,-1.24
33.97,0.0015614791540506582,-0.020882149965901178,-1.24
33.980000000000004,0.0015609061896615165,-0.020911172930354136,-1.24
33.99,0.001559837342295105,-0.020490300416591386,-1.24
34.0,0.0015583257868933887,-0.01966920768016733,-1.24
34.01,0.001556464066496806,-0.018491085452030074,-1.24
34.02,0.00155437372213181,-0.017004490669948996,-1.23
34.03,0.001552192195696885,-0.015274647071864789,-1.23
34.04,0.001550058503079172,-0.013389920218595865,-1.23
34.05,0.0015480992312587934,-0.011461505655084114,-1.23
34.06,0.0015464163342835506,-0.009616510118401308,-1.23
34.07,0.0015450779940084252,-0.007985883707514437,-1.23
34.08,0.001544113476874355,-0.006689326977180562,-1.23
34.09,0.001543512479170239,-0.005819789618510875,-1.22
34.1,0.001543228960251305,-0.005430567208049074,-1.22
34.11,0.001543188978554908,-0.0055277540613930054,-1.22
34.12,0.0015433016111512405,-0.006069535860258692,-1.22
34.13,0.0015434716687656497,-0.006972059974432204,-1.22
34.14,0.0015436126333932155,-0.008120231325042228,-1.22
34.15,0.0015436580980037866,-0.009380940140437418,-1.22
34.160000000000004,0.0015435700559917722,-0.01061585444828612,-1.2199999999999929
34.17,0.0015433427368330011,-0.01169128793697175,-1.21
34.18,0.001543001325249293,-0.012484037046395103,-1.21
34.19,0.0015425957568602118,-0.012883904629951424,-1.21
34.2,0.0015421906758975594,-0.012794784739272551,-1.21
34.21,0.0015418533440888713,-0.012136134838866604,-1.21
34.22,0.0015416416265265182,-0.010845791857132801,-1.21
34.230000000000004,0.001541594082561891,-0.008884148122635292,-1.2
34.24,0.0015417237074386223,-0.006239255174859386,-1.2
34.25,0.0015420161488415355,-0.00293236510040188,-1.2
34.26,0.0015424324442737901,0.000977019462730243,-1.2
34.27,0.0015429156313085085,0.005388585755126616,-1.2
34.28,0.001543400040295518,0.01016370770737317,-1.2
34.29,0.001543821713486109,0.015134416779719377,-1.2
34.300000000000004,0.0015441282327002554,0.02011789831097275,-1.19
34.31,0.0015442863174104761,0.024933675988278968,-1.19
34.32,0.0015442859077906016,0.029420191407941665,-1.19
34.33,0.0015441400685461514,0.033448128057952796,-1.19
34.34,0.0015438808592110977,0.0369288550946726,-1.19
34.35,0.0015435521388196013,0.03981727640423269,-1.18
34.36,0.001543200884166872,0.04210907612326339,-1.18
34.37,0.0015428688278603222,0.04383317281951781,-1.18
34.38,0.0015425860076111928,0.04504106336850791,-1.18
34.39,0.0015423672361491753,0.045794997488278866,-1.18
34.4,0.0015422117407249251,0.046156592541651734,-1.18
34.410000000000004,0.0015421055185401325,0.04617734370118903,-1.170000000000007
34.42,0.001542025493696668,0.04589251852198732,-1.18
34.43,0.0015419444165060488,0.04531952018642907,-1.17
34.44,0.0015418355843504416,0.044461040447927785,-1.17
34.45,0.0015416767743313788,0.04331263364564357,-1.17
34.46,0.0015414531223461828,0.041873442897428496,-1.17
34.47,0.0015411589520101792,0.04015737284317421,-1.16
34.480000000000004,0.0015407987025341122,0.03820093086893781,-1.1699999999999928
34.49,0.0015403871334060044,0.03606466562686333,-1.16
34.5,0.001539948934122866,0.033827606381089996,-1.16
34.51,0.0015395177890343815,0.03157671204288081,-1.16
34.52,0.0015391348811641572,0.02939451287231903,-1.16
34.53,0.001538846786326573,0.02734764965523169,-1.16
34.54,0.0015387027167524435,0.025477884209407872,-1.16
34.550000000000004,0.001538751120945405,0.02379648197040231,-1.150000000000007
34.56,0.0015390357282007616,0.022282725912143888,-1.16
34.57,0.0015395912322742813,0.020887026638723456,-1.15
34.58,0.001540438924587114,0.0195384331217288,-1.15
34.59,0.00154158269407358,0.018155623031822894,-1.15
34.6,0.0015430058852927118,0.01665964669273625,-1.15
34.61,0.001544669522613664,0.01498576484017562,-1.14
34.62,0.001546512339597302,0.013091406220796638,-1.15
34.63,0.0015484528818480025,0.010958490692008263,-1.15
34.64,0.0015503936899217967,0.008590572647539037,-1.14
34.65,0.0015522272690616493,0.00600657346400526,-1.14
34.660000000000004,0.0015538432920241625,0.003232439087685263,-1.14
34.67,0.0015551363252811904,0.0002912879968789916,-1.14
34.68,0.0015560133451211287,-0.0028068088483876913,-1.14
34.69,0.0015564004030240953,-0.006072685977582886,-1.14
34.7,0.0015562479571416552,-0.009540090280980023,-1.14
34.71,0.0015555345466606073,-0.013259509034354957,-1.13
34.72,0.0015542686129419757,-0.017283921385814006,-1.13
34.730000000000004,0.0015524883696904916,-0.021648948599625156,-1.13
34.74,0.0015502597152347354,-0.0263514200251583,-1.13
34.75,0.0015476722758423743,-0.03133097732056892,-1.13
34.76,0.0015448337729087739,-0.0364592174099993,-1.13
34.77,0.0015418630269827074,-0.04154003387758733,-1.12
34.78,0.0015388820610699313,-0.04632275310339641,-1.12
34.79,0.0015360079384662694,-0.05052627462000607,-1.12
34.800000000000004,0.001533345120381291,-0.053869092254698055,-1.12
34.81,0.0015309791816866484,-0.05609874398449918,-1.12
34.82,0.0015289726135832822,-0.05701546196511381,-1.12
34.83,0.001527363146018839,-0.056487282257734285,-1.12
34.84,0.0015261645831453228,-0.05445604766762586,-1.11
34.85,0.0015253696776866088,-0.050935189838062674,-1.11
34.86,0.0015249542217654845,-0.046001312080350805,-1.11
34.87,0.0015248814081587504,-0.03978247246701367,-1.11
34.88,0.0015251056399366652,-0.03244627841266377,-1.11
34.89,0.0015255752844719672,-0.02419011884407949,-1.11
34.9,0.0015262342752894145,-0.015234216161229728,-1.11
34.910000000000004,0.001527022840863265,-0.005816516507723343,-1.1
34.92,0.0015278778850482274,0.003812225629276689,-1.1
34.93,0.0015287336099514724,0.013394382900276825,-1.1
34.94,0.001529522864911922,0.022672905507762665,-1.1
34.95,0.0015301794807896691,0.0314002411118408,-1.1
34.96,0.0015306415879898394,0.039348059401810305,-1.09
34.97,0.0015308556889576418,0.046316383046381505,-1.1
34.980000000000004,0.0015307810978873353,0.052140700996659295,-1.09
34.99,0.0015303942775705063,0.056696970058994905,-1.09
35.0,0.0015296925807755178,0.059906103286820896,-1.09
35.01,0.0015286969213984072,0.06173971481235677,-1.09
35.02,0.001527452950782274,0.0622271373368716,-1.08
35.03,0.0015260304041432025,0.061461560594136974,-1.09
35.04,0.0015245204180553565,0.05960207410514159,-1.08
35.050000000000004,0.0015230307941736343,0.056868767090474726,-1.08
35.06,0.0015216793758674697,0.053529616248589124,-1.08
35.07,0.001520585894217333,0.04988036323731257,-1.08
35.08,0.0015198628176475272,0.04622078590858847,-1.08
35.09,0.0015196058973643903,0.04283104220666349,-1.08
35.1,0.0015198852240566848,0.03995029068842716,-1.07
35.11,0.0015207376747292292,0.03775869671899692,-1.08
35.12,0.001522161598186137,0.03636409270152202,-1.07
35.13,0.0015241144338706306,0.03579464407496368,-1.07
35.14,0.0015265136828297612,0.035998082052001106,-1.07
35.15,0.0015292413019810545,0.03684728682642134,-1.07
35.160000000000004,0.001532151250677096,0.038151920698764094,-1.0600000000000072
35.17,0.0015350796369624194,0.039675749505537906,-1.07
35.18,0.0015378567012149845,0.04115838988788727,-1.06
35.19,0.0015403197239354455,0.042338776436409445,-1.06
35.2,0.0015423258423256255,0.042976882137429756,-1.06
35.21,0.0015437637118074063,0.0428709595978151,-1.06
35.22,0.0015445629719761024,0.04186928874115955,-1.05
35.230000000000004,0.0015447005932937138,0.039876761700938824,-1.059999999999993
35.24,0.0015442033976172055,0.03685686677183829,-1.05
35.25,0.001543146341286294,0.03282937547559845,-1.06
35.26,0.0015416464905545048,0.02786440490940817,-1.05
35.27,0.001539852991059805,0.022074814246123575,-1.05
35.28,0.001537933742351268,0.015609970508358861,-1.05
35.29,0.0015360599222707856,0.008652980821794618,-1.05
35.300000000000004,0.00153438989486208,0.00142027052273667,-1.0400000000000071
35.31,0.001533054270145991,-0.005840774239098557,-1.05
35.32,0.0015321438697888533,-0.012860726604328071,-1.05
35.33,0.001531702051836843,-0.019365277772165543,-1.04
35.34,0.0015317222990510375,-0.025098135840083257,-1.04
35.35,0.0015321512917606287,-0.029844658170161447,-1.04
35.36,0.0015328970100570297,-0.03345162173262849,-1.04
35.37,0.0015338408444336897,-0.03584053019682881,-1.04
35.38,0.001534852274432329,-0.037013528306340776,-1.04
35.39,0.001535804404405612,-0.03705196208344152,-1.04
35.4,0.0015365885370223784,-0.03610831268655845,-1.03
35.410000000000004,0.0015371260494616696,-0.03439244107224735,-1.03
35.42,0.0015373761443073862,-0.03215256907355612,-1.03
35.43,0.0015373385797619126,-0.02965112973538235,-1.03
35.44,0.0015370511869691548,-0.02713678810290228,-1.03
35.45,0.0015365827284467388,-0.02481608331965955,-1.03
35.46,0.0015360222791026092,-0.022829345648686522,-1.02
35.47,0.001535466697271597,-0.021234796191289717,-1.02
35.480000000000004,0.0015350078558625125,-0.020002919274213743,-1.02
35.49,0.001534721155452401,-0.019021799305446813,-1.02
35.5,0.0015346565226734912,-0.018113663853715652,-1.02
35.51,0.001534832701970595,-0.017062351497509978,-1.02
35.52,0.0015352352440418198,-0.015649411765163202,-1.02
35.53,0.001535818208121079,-0.013693303303916722,-1.01
35.54,0.0015365092388656143,-0.011083859482044213,-1.01
35.550000000000004,0.0015372173720304388,-0.007804753408515952,-1.01
35.56,0.001537842696344766,-0.003939872741653111,-1.01
35.57,0.0015382868755312233,0.0003365835042991727,-1.0
35.58,0.0015384635193403274,0.004783414968526548,-1.01
35.59,0.0015383074706988248,0.009124466342596569,-1.01
35.6,0.0015377822166383341,0.013084189103066806,-1.0
35.61,0.0015368848008911434,0.016422001840460554,-1.0
35.62,0.0015356478003342138,0.018961644241937848,-1.0
35.63,0.001534138131093987,0.020612495351563547,-0.99
35.64,0.0015324526815771557,0.02138054096957604,-1.0
35.65,0.0015307110225931423,0.02136762239081014,-1.0
35.660000000000004,0.001529045700264246,0.020758851744257498,-0.99
35.67,0.0015275908598513315,0.01979944152456295,-0.99
35.68,0.0015264701693311665,0.018763470518967387,-0.99
35.69,0.0015257851942982845,0.01791832675387924,-0.98
35.7,0.001525605481957585,0.017489586923507307,-0.99
35.71,0.0015259615838501743,0.01763134979064629,-0.99
35.72,0.0015268420260396672,0.018406229884876,-0.99
35.730000000000004,0.0015281947914207493,0.019777678561016376,-0.98
35.74,0.0015299332497394785,0.021615511601212497,-0.98
35.75,0.00153194578575916,0.023713714231721396,-0.98
35.76,0.0015341078101627737,0.025817948661610822,-0.98
35.77,0.0015362945250899061,0.027658971396418368,-0.97
35.78,0.0015383927991487972,0.028987416881869444,-0.98
35.79,0.0015403107470406254,0.02960497997313281,-0.98
35.800000000000004,0.0015419840197857116,0.02938724995762693,-0.97
35.81,0.0015433782957172174,0.02829489259413241,-0.97
35.82,0.0015444879506897593,0.026372313760353233,-0.97
35.83,0.0015453313465476103,0.023735325016482556,-0.96
35.84,0.0015459435861213562,0.020550912600235963,-0.97
35.85,0.0015463678952552869,0.017013067655167666,-0.97
35.86,0.0015466469469012348,0.013319081682810449,-0.97
35.87,0.0015468153959599937,0.009650379079289888,-0.96
35.88,0.0015468946440001486,0.006160227704153334,-0.96
35.89,0.0015468904442212388,0.0029681284731672363,-0.95
35.9,0.0015467934730448096,0.00015885797655638078,-0.96
35.910000000000004,0.0015465825351902408,-0.002216263043671348,-0.96
35.92,0.001546229713699461,-0.004137609524682281,-0.96
35.93,0.0015457065649120655,-0.005615449213244424,-0.95
35.94,0.00154499039391927,-0.0066872189843298225,-0.95
35.95,0.0015440697070929614,-0.007412307624383785,-0.95
35.96,0.0015429480957156103,-0.007863228450326942,-0.95
35.97,0.0015416460390167213,-0.00811371423573177,-0.95
35.980000000000004,0.0015402004164121064,-0.008226356080688451,-0.9499999999999929
35.99,0.0015386618643422586,-0.00824358499523625,-0.94
36.0,0.00153709044613818,-0.008185058137204519,-0.94
36.01,0.0015355503470221327,-0.008052080182677087,-0.94
36.02,0.0015341044004385728,-0.007836966016160615,-0.94
36.03,0.0015328091781957756,-0.007533671154760323,-0.94
36.04,0.001531711165015178,-0.007146026033596996,-0.94
36.050000000000004,0.0015308442584357784,-0.006691280286475258,-0.9399999999999928
36.06,0.00153022857215075,-0.006198886893617748,-0.93
36.07,0.0015298703352528893,-0.005706472428023905,-0.93
36.08,0.0015297625901679306,-0.0052556075600916335,-0.93
36.09,0.0015298863868726516,-0.004889079542022687,-0.93
36.1,0.0015302122275729793,-0.004649710199695274,-0.93
36.11,0.0015307016095741112,-0.0045796257797101675,-0.93
36.12,0.0015313086204214981,-0.004718898053077773,-0.93
36.13,0.0015319816361202504,-0.005103076387849493,-0.92
36.14,0.001532665240778787,-0.0057594340610016,-0.92
36.15,0.0015333025085378289,-0.006701583570217357,-0.92
36.160000000000004,0.0015338377547837443,-0.007921969218960769,-0.92
36.17,0.0015342197677978419,-0.009382309665270157,-0.92
36.18,0.0015344053789236956,-0.01100362911874909,-0.92
36.19,0.0015343630435502794,-0.0126592646738547,-0.91
36.2,0.0015340759364929515,-0.014174559776089796,-0.91
36.21,0.0015335439783091154,-0.015335196108532286,-0.91
36.22,0.0015327842603176333,-0.01590361294577874,-0.91
36.230000000000004,0.0015318295508087599,-0.015641457743970674,-0.91
36.24,0.001530724914605912,-0.014335482768863888,-0.91
36.25,0.0015295228718257476,-0.011823639580910778,-0.91
36.26,0.0015282778374344512,-0.008017425788454444,-0.9
36.27,0.0015270407261168818,-0.0029170367127964152,-0.9
36.28,0.0015258545448262849,0.0033821327474204263,-0.9
36.29,0.0015247515588934669,0.010690874673100346,-0.9
36.300000000000004,0.0015237522842779243,0.01873370365809882,-0.9
36.31,0.0015228662220117244,0.027161256796758012,-0.9
36.32,0.0015220939818837698,0.03556717804869116,-0.9
36.33,0.0015214302710825562,0.043509575072254114,-0.89
36.34,0.0015208671511113894,0.05053694300396385,-0.89
36.35,0.001520396983540661,0.05621771926915509,-0.89
36.36,0.0015200145811163118,0.060171847174967937,-0.89
36.37,0.0015197182440560425,0.06210232759684867,-0.89
36.38,0.0015195095768519662,0.06182430338595593,-0.88
36.39,0.0015193922214843316,0.05928820828508335,-0.89
36.4,0.001519369864539205,0.05459268187414272,-0.88
36.410000000000004,0.0015194440256803728,0.04798364679928776,-0.88
36.42,0.0015196121705403048,0.03983829563260459,-0.88
36.43,0.0015198665956369316,0.030635570549958347,-0.88
36.44,0.001520194326875539,0.020916897729807295,-0.88
36.45,0.001520578016314217,0.011242126337841734,-0.88
36.46,0.0015209975923422799,0.002145925365899842,-0.87
36.47,0.0015214322771525753,-0.005900628122230865,-0.87
36.480000000000004,0.0015218625552707828,-0.01251978859685722,-0.87
36.49,0.0015222717450506032,-0.0174464395701272,-0.87
36.5,0.0015226469542438076,-0.02053688554649004,-0.86
36.51,0.001522979345750118,-0.021768280476257923,-0.87
36.52,0.0015232637657353813,-0.02123039579594294,-0.87
36.53,0.001523497877811439,-0.019111546891494493,-0.87
36.54,0.001523681001970566,-0.01568030189002309,-0.86
36.550000000000004,0.0015238128788240624,-0.011264228743331238,-0.86
36.56,0.0015238925729972258,-0.006226644350474075,-0.86
36.57,0.0015239176992165129,-0.0009422256284458272,-0.86
36.58,0.001523884105810528,0.0042274854781947325,-0.86
36.59,0.0015237860882863824,0.008957067198871706,-0.86
36.6,0.0015236171357571084,0.012976336811159835,-0.85
36.61,0.0015233711409754671,0.016083114846593596,-0.85
36.62,0.0015230439366651198,0.018148344293543554,-0.85
36.63,0.001522634963327415,0.01911444552654638,-0.85
36.64,0.0015221488338792132,0.018989135984902154,-0.84
36.65,0.001521596545953131,0.01783628727379426,-0.85
36.660000000000004,0.0015209961113373833,0.015764215903411007,-0.8499999999999929
36.67,0.0015203724310034292,0.012912231864567995,-0.84
36.68,0.0015197563456779179,0.009437773102382785,-0.84
36.69,0.001519182924539713,0.005506638585272697,-0.84
36.7,0.0015186891876857575,0.0012867980867540497,-0.84
36.71,0.0015183115496807725,-0.0030562566569408756,-0.84
36.72,0.001518083286963333,-0.00736524851693201,-0.84
36.730000000000004,0.0015180322591357301,-0.011498681624322707,-0.83
36.74,0.0015181789751060656,-0.015338405267661946,-0.83
36.75,0.0015185349473755168,-0.01879448081023265,-0.83
36.76,0.0015191011940913443,-0.02180610568563189,-0.83
36.77,0.0015198667801188492,-0.024339260788266218,-0.83
36.78,0.0015208074411043576,-0.026382170839682167,-0.83
36.79,0.0015218845632323414,-0.027938954446845785,-0.83
36.800000000000004,0.001523045007478484,-0.02902169722234554,-0.82
36.81,0.0015242223645288635,-0.029642129034822478,-0.82
36.82,0.0015253401216497886,-0.029805064530881116,-0.82
36.83,0.0015263168890169837,-0.029505753788869438,-0.82
36.84,0.001527073325548908,-0.028732374956668166,-0.82
36.85,0.0015275398658115469,-0.027473645221579714,-0.82
36.86,0.0015276639674038802,-0.02573001722274757,-0.82
36.87,0.00152741552721655,-0.023525172837935236,-0.81
36.88,0.0015267894174180263,-0.02091340464588009,-0.81
36.89,0.0015258047065673619,-0.017979381707125333,-0.81
36.9,0.0015245008734190442,-0.014830015176088965,-0.81
36.910000000000004,0.0015229319516409522,-0.011581853357455256,-0.81
36.92,0.0015211598811247738,-0.008348951170928097,-0.81
36.93,0.0015192483260802047,-0.0052344369530260716,-0.81
36.94,0.0015172579061039043,-0.002325684567508505,-0.8
36.95,0.0015152433058325436,0.0003092061045110727,-0.8
36.96,0.0015132522392400762,0.0026256662152990377,-0.8
36.97,0.001511325869586522,0.004607794009960017,-0.8
36.980000000000004,0.0015095000831946907,0.006272635573431082,-0.8
36.99,0.001507806983458498,0.0076710837858972435,-0.8
37.0,0.0015062760710726568,0.008883427496246894,-0.8
37.01,0.0015049347515034102,0.010009324734922033,-0.79
37.02,0.0015038080115728205,0.011154096239763895,-0.79
37.03,0.0015029173012897166,0.012414416471103633,-0.79
37.04,0.001502278825281781,0.013865943672277338,-0.79
37.050000000000004,0.001501901575613276,0.015553899412684919,-0.79
37.06,0.0015017855091713436,0.017486743549780852,-0.79
37.07,0.0015019202709402584,0.01963351658083683,-0.78
37.08,0.0015022847769654308,0.021925933493136627,-0.78
37.09,0.001502847807751103,0.024265782265996367,-0.78
37.1,0.0015035695688596846,0.026536981126858067,-0.78
37.11,0.001504404013707337,0.02862055542774739,-0.78
37.12,0.0015053016410545154,0.030409993688562186,-0.78
37.13,0.001506212487186177,0.03182396944756276,-0.77
37.14,0.0015070891072885139,0.032813555511486604,-0.78
37.15,0.0015078894372267358,0.03336210506755752,-0.77
37.160000000000004,0.001508579495703769,0.03347771977291568,-0.77
37.17,0.0015091358917546126,0.03318006981320165,-0.77
37.18,0.0015095480348369587,0.03248503783918297,-0.77
37.19,0.0015098198262910062,0.031392072052229845,-0.76
37.2,0.001509970491058542,0.029879425097258765,-0.77
37.21,0.001510034149428745,0.027910795800635598,-0.76
37.22,0.0015100577818843313,0.02545344062400779,-0.76
37.230000000000004,0.0015100974271303874,0.022503692283317188,-0.76
37.24,0.001510212750723847,0.01911264193429454,-0.76
37.25,0.0015104604578669242,0.015403940270804021,-0.76
37.26,0.0015108873023174875,0.011577575620335345,-0.76
37.27,0.0015115235836679888,0.007897069093720725,-0.75
37.28,0.0015123779915904784,0.004661202328456844,-0.75
37.29,0.0015134344641124667,0.0021643162181164298,-0.75
37.300000000000004,0.0015146514394211233,0.0006516329039017112,-0.75
37.31,0.0015159635777401092,0.0002779798767669336,-0.75
37.32,0.00151728577151351,0.001078581038461985,-0.75
37.33,0.0015185190696623682,0.0029580857182596606,-0.74
37.34,0.0015195580099985893,0.005699433893070982,-0.75
37.35,0.0015202987716829448,0.008989855428114719,-0.74
37.36,0.0015206475209601751,0.012458908930294754,-0.74
37.37,0.0015205283316743498,0.01572252770925356,-0.74
37.38,0.0015198901243148883,0.01842664664245648,-0.74
37.39,0.0015187121771929077,0.020284440801723758,-0.74
37.4,0.001517007888890807,0.021103052210574423,-0.74
37.410000000000004,0.0015148265701121438,0.02079829947370981,-0.73
37.42,0.001512253095218421,0.01939796012409337,-0.73
37.43,0.0015094052648003215,0.01703507207613832,-0.73
37.44,0.0015064287579162998,0.013932650919122025,-0.73
37.45,0.0015034896247211559,0.010380960852701704,-0.73
37.46,0.0015007644173408014,0.006708347183303718,-0.73
37.47,0.0014984282978410695,0.0032469242110024377,-0.73
37.480000000000004,0.0014966417955485367,0.0002955388424125264,-0.73
37.49,0.0014955372713152662,-0.0019157983630388076,-0.73
37.5,0.0014952064919914352,-0.0032543452095846817,-0.72
37.51,0.0014956908989292104,-0.0036998793304624145,-0.72
37.52,0.0014969760515206288,-0.0033419356709343388,-0.72
37.53,0.0014989912775509769,-0.002357373493188691,-0.72
37.54,0.0015016148128909584,-0.0009713626289607077,-0.72
37.550000000000004,0.001504683845051815,0.0005904680835930104,-0.7199999999999929
37.56,0.0015080081373516684,0.002148284261310119,-0.71
37.57,0.001511385491536859,0.0036024637318516875,-0.71
37.58,0.0015146172624686592,0.004948989996475286,-0.71
37.59,0.0015175224061129285,0.006273520484687826,-0.71
37.6,0.0015199489866070648,0.007726647160866801,-0.71
37.61,0.0015217825402882494,0.009486113098698748,-0.71
37.62,0.0015229510917743278,0.011713464393204375,-0.71
37.63,0.0015234269073278893,0.014513392370715436,-0.7
37.64,0.0015232252647848091,0.017903524098392715,-0.7
37.65,0.0015224006362829852,0.02180006576774283,-0.7
37.660000000000004,0.0015210407393158724,0.026021243588389125,-0.7
37.67,0.0015192589429978043,0.030307573397134604,-0.7
37.68,0.0015171855565198295,0.03435616706009499,-0.69
37.69,0.001514958593061866,0.03786459807873717,-0.7
37.7,0.0015127146711956911,0.040577760242824445,-0.69
37.71,0.0015105807346414118,0.0423295699595962,-0.69
37.72,0.0015086671954412385,0.043071378191155515,-0.69
37.730000000000004,0.0015070629241556008,0.04288081991203584,-0.6899999999999928
37.74,0.001505832252927878,0.04194833254388751,-0.68
37.75,0.001505013887123234,0.040543291403983786,-0.69
37.76,0.001504621411985295,0.03896658181400082,-0.68
37.77,0.0015046449782316555,0.037499716364383415,-0.68
37.78,0.0015050537567870492,0.036360914408445105,-0.68
37.79,0.001505798839320073,0.03567613201246249,-0.68
37.800000000000004,0.0015068163884116102,0.03546919024563651,-0.6700000000000071
37.81,0.0015080309689726266,0.03567064500192099,-0.68
37.82,0.0015093590844292095,0.03614052110948255,-0.67
37.83,0.0015107129703169097,0.03669724296558843,-0.67
37.84,0.0015120046577734385,0.03714541945409551,-0.67
37.85,0.001513150230727697,0.037297874762605585,-0.67
37.86,0.001514074102149415,0.03699053512772598,-0.67
37.87,0.0015147130631420788,0.03609097247801415,-0.67
37.88,0.0015150198340787774,0.03450222344006805,-0.66
37.89,0.0015149658691211037,0.032163686904960444,-0.67
37.9,0.0015145432163714138,0.02905113250972031,-0.66
37.910000000000004,0.0015137652930028618,0.02517766771836098,-0.66
37.92,0.0015126664891840192,0.020596107695893335,-0.66
37.93,0.001511300575335317,0.015401156959060785,-0.66
37.94,0.0015097379638235424,0.009728922319898844,-0.65
37.95,0.001508061961934846,0.0037522000453982735,-0.66
37.96,0.0015063642285920618,-0.0023284831417111906,-0.66
37.97,0.0015047396984099466,-0.008297154676172055,-0.66
37.980000000000004,0.001503281262723558,-0.01393685427460533,-0.65
37.99,0.001502074505601387,-0.01904516708620723,-0.65
38.0,0.0015011927896400898,-0.02344954831652889,-0.65
38.01,0.0015006929704487325,-0.02702062463118322,-0.65
38.02,0.0015006119802132422,-0.02968140632817763,-0.65
38.03,0.0015009644477401555,-0.0314107800959571,-0.65
38.04,0.0015017414193022553,-0.03224044628347029,-0.65
38.050000000000004,0.0015029101447991311,-0.032245419175548996,-0.64
38.06,0.0015044148444617919,-0.031529489854104815,-0.64
38.07,0.0015061784003538707,-0.030208431335568886,-0.64
38.08,0.0015081050135921379,-0.028394460199996523,-0.64
38.09,0.0015100839876101412,-0.02618508423014739,-0.64
38.1,0.0015119948742370205,-0.02365831068562921,-0.64
38.11,0.0015137141847180865,-0.020874880701298382,-0.64
38.12,0.0015151236739542405,-0.01788678314822255,-0.63
38.13,0.0015161198469912601,-0.014749550730337919,-0.63
38.14,0.0015166238691985473,-0.011534102613555277,-0.63
38.15,0.0015165906136570908,-0.00833326748178876,-0.63
38.160000000000004,0.0015160153181736976,-0.005259648608053485,-0.63
38.17,0.0015149363947376075,-0.0024349544673779562,-0.63
38.18,0.0015134334012302457,2.5580203644652274e-05,-0.63
38.19,0.0015116199876977134,0.0020286983859878127,-0.62
38.2,0.001509632565621025,0.003514875887181136,-0.62
38.21,0.0015076162472028513,0.004465075049075027,-0.62
38.22,0.0015057100504189422,0.004902673066079878,-0.62
38.230000000000004,0.0015040333871100381,0.004890625759806383,-0.62
38.24,0.0015026754985295971,0.004523663682169788,-0.62
38.25,0.0015016889192635443,0.003916301270655654,-0.62
38.26,0.0015010874080097763,0.003189204787214949,-0.61
38.27,0.0015008482074074642,0.0024573506280156413,-0.61
38.28,0.0015009180335753315,0.0018226543177331962,-0.61
38.29,0.0015012218535658242,0.0013720193902866022,-0.61
38.300000000000004,0.0015016732876786652,0.001179848972719067,-0.61
38.31,0.001502185383512051,0.0013124184474813914,-0.61
38.32,0.0015026805549525387,0.001830710590260309,-0.6
38.33,0.0015030986519295457,0.0027887832124167864,-0.6
38.34,0.0015034023983115424,0.004226250253955862,-0.6
38.35,0.0015035797643941859,0.006155701047326371,-0.59
38.36,0.0015036431833226184,0.00854842490806098,-0.6
38.37,0.001503625847485625,0.011323418349230592,-0.6
38.38,0.0015035756180697068,0.014344175445037723,-0.6
38.39,0.0015035473365079986,0.01742546917729314,-0.59
38.4,0.001503594514414174,0.020349567056836184,-0.59
38.410000000000004,0.001503761461764945,0.022889321645036487,-0.59
38.42,0.0015040768604871752,0.024834671890683196,-0.59
38.43,0.0015045495926105845,0.026018766541843295,-0.58
38.44,0.0015051673119932936,0.02633979704922829,-0.59
38.45,0.001505897865047637,0.025774939596012462,-0.58
38.46,0.001506693293242105,0.02438376861027237,-0.58
38.47,0.001507495844614473,0.022300109013332882,-0.58
38.480000000000004,0.001508245206014903,0.01971346300636778,-0.5799999999999929
38.49,0.001508886044847614,0.016843367273350448,-0.57
38.5,0.001509374919222393,0.013911513495590675,-0.58
38.51,0.0015096856843217783,0.011116749043483379,-0.57
38.52,0.0015098126988283501,0.008617015662296924,-0.58
38.53,0.0015097714193430642,0.0065200687166401695,-0.57
38.54,0.001509596337389052,0.0048823276392309075,-0.57
38.550000000000004,0.0015093365991862568,0.0037135383870454683,-0.57
38.56,0.0015090499697238452,0.002984570627311973,-0.57
38.57,0.0015087959958679181,0.0026363130063628264,-0.57
38.58,0.001508629266257176,0.0025884748432729514,-0.57
38.59,0.0015085935748487833,0.0027475538844930806,-0.56
38.6,0.001508717611203776,0.003013443809765953,-0.56
38.61,0.0015090125709872559,0.003284689582145423,-0.56
38.62,0.0015094718375149333,0.0034632244179446346,-0.56
38.63,0.0015100726433336289,0.003459687245817217,-0.56
38.64,0.0015107793909363962,0.0031995589484305796,-0.56
38.65,0.0015115481188057202,0.0026289625387613375,-0.55
38.660000000000004,0.001512331477851602,0.00171816402198015,-0.559999999999993
38.67,0.0015130835600676005,0.000461316812201172,-0.55
38.68,0.00151376400020774,-0.001127162784917882,-0.55
38.69,0.0015143409323036855,-0.00301701880096965,-0.55
38.7,0.0015147925850987156,-0.0051640759790369545,-0.55
38.71,0.001515107496741563,-0.007507993110270096,-0.55
38.72,0.001515283485905003,-0.00996681291444018,-0.55
38.730000000000004,0.0015153256234396928,-0.012430603968233235,-0.54
38.74,0.00151524351174427,-0.014756224739411006,-0.54
38.75,0.001515048210474701,-0.01676506206069032,-0.54
38.76,0.0015147491604037833,-0.018246289528862338,-0.54
38.77,0.0015143514645864211,-0.01896853047414563,-0.54
38.78,0.0015138538942352862,-0.01870134748731485,-0.54
38.79,0.0015132479875371134,-0.017244751087801047,-0.54
38.800000000000004,0.0015125185740662646,-0.014461563199849037,-0.5399999999999929
38.81,0.0015116459461979612,-0.010305964061810675,-0.53
38.82,0.0015106096843128603,-0.004842545551057809,-0.53
38.83,0.0015093938276678441,0.0017473047978809769,-0.53
38.84,0.0015079927147098797,0.009172354619868308,-0.53
38.85,0.0015064164889717411,0.01705086006211041,-0.53
38.86,0.0015046950953882807,0.02494056172897623,-0.53
38.87,0.0015028796711352096,0.03237704807721912,-0.52
38.88,0.001501040599957806,0.038917217520877914,-0.52
38.89,0.0014992620993095375,0.04418315841648157,-0.52
38.9,0.0014976339048597888,0.04790047084299907,-0.52
38.910000000000004,0.0014962412213682644,0.049924751054010036,-0.5100000000000071
38.92,0.0014951544709957216,0.050251445940100864,-0.52
38.93,0.001494420422233309,0.04900771952243281,-0.52
38.94,0.0014940560453181606,0.046429194016763556,-0.51
38.95,0.0014940460028815843,0.042827374850800785,-0.51
38.96,0.0014943441624445653,0.038554213473150765,-0.51
38.97,0.0014948789935122116,0.033969386025910174,-0.51
38.980000000000004,0.0014955622201799342,0.02941442931385722,-0.51
38.99,0.0014962996612597765,0.025195858734035837,-0.51
39.0,0.0014970028521300066,0.021576704556274414,-0.5
39.01,0.001497599877059979,0.01877336828680265,-0.5
39.02,0.001498043906134124,0.016953666436557158,-0.5
39.03,0.0014983182427996682,0.01623295897035003,-0.5
39.04,0.0014984372041205365,0.016667466332026714,-0.49
39.050000000000004,0.0014984427758168036,0.01824599649002595,-0.4999999999999929
39.06,0.0014983975833341213,0.02088280201594568,-0.49
39.07,0.00149837520274415,0.024414863427115303,-0.5
39.08,0.001498449158655426,0.028606240565738423,-0.49
39.09,0.0014986821118621978,0.03316073407476794,-0.49
39.1,0.0014991167243926314,0.03774276516316866,-0.49
39.11,0.0014997694954898527,0.04200503015717549,-0.49
39.12,0.0015006284779983687,0.045619699371179136,-0.48
39.13,0.0015016552160819498,0.04830826854272592,-0.49
39.14,0.0015027905508893547,0.04986482174655305,-0.48
39.15,0.0015039632559522105,0.05016889343355038,-0.48
39.160000000000004,0.0015050999637807269,0.04918679091787798,-0.48
39.17,0.001506134666259763,0.046963214552913246,-0.48
39.18,0.0015070162594623597,0.04360709069757152,-0.47
39.19,0.0015077130995777026,0.039275682498119524,-0.48
39.2,0.0015082141918157947,0.03415958615947251,-0.47
39.21,0.0015085272639451819,0.028469700790437903,-0.47
39.22,0.001508674440211452,0.022426619578659934,-0.47
39.230000000000004,0.0015086864748671473,0.016252630397955416,-0.46999999999999287
39.24,0.0015085965433046795,0.010165880764962923,-0.46
39.25,0.001508434477621878,0.004375391635550472,-0.47
39.26,0.0015082221382079208,-0.000924913172281547,-0.46
39.27,0.0015079703869606542,-0.005564908858783776,-0.47
39.28,0.0015076779016218204,-0.009410569365062089,-0.46
39.29,0.0015073318582067875,-0.012378768580428155,-0.46
39.300000000000004,0.0015069103164655642,-0.014451003237143888,-0.46
39.31,0.0015063859769030236,-0.01568118013135786,-0.46
39.32,0.0015057308423402052,-0.016193920851927238,-0.45
39.33,0.0015049212186177508,-0.016173066060780828,-0.46
39.34,0.001503942435990313,-0.015842837152225016,-0.45
39.35,0.001502792675516675,-0.015444811556986678,-0.45
39.36,0.001501485356148318,-0.015213189659627663,-0.45
39.37,0.0015000496917020548,-0.015350410446739012,-0.45
39.38,0.0014985292676691579,-0.0160055144747969,-0.45
39.39,0.0014969787942680378,-0.017257972137536905,-0.45
39.4,0.001495459503829649,-0.019108988756221672,-0.44
39.410000000000004,0.0014940338955044723,-0.021480493929684003,-0.44
39.42,0.0014927606223444191,-0.0242203819573393,-0.44
39.43,0.0014916902406997747,-0.027112465697660227,-0.44
39.44,0.0014908623230376298,-0.029890905865609923,-0.44
39.45,0.0014903041371631253,-0.032259991640760086,-0.44
39.46,0.001490030796367416,-0.0339196595117013,-0.44
39.47,0.0014900465423417304,-0.034595272528577296,-0.43
39.480000000000004,0.0014903466555514708,-0.03406838153257044,-0.43
39.49,0.0014909194006572154,-0.032204287277478656,-0.43
39.5,0.001491747420946255,-0.028972009760572525,-0.43
39.51,0.001492808117081574,-0.0244527635242846,-0.43
39.52,0.0014940727921687246,-0.018834744882887042,-0.43
39.53,0.0014955046987043812,-0.0123947676388784,-0.42
39.54,0.0014970565238955661,-0.005469779698723366,-0.42
39.550000000000004,0.0014986681960958183,0.0015774346274472484,-0.42
39.56,0.0015002660670857802,0.008393672566745934,-0.42
39.57,0.0015017644296862161,0.014666939725856263,-0.42
39.58,0.0015030699390126475,0.020149639071818867,-0.42
39.59,0.0015040888797423703,0.02467024009378724,-0.42
39.6,0.00150473651687361,0.02813315157110471,-0.41
39.61,0.001504947187767679,0.03050950745767568,-0.41
39.62,0.0015046835096203667,0.03182350822830823,-0.41
39.63,0.001503943167279279,0.03213909817983004,-0.41
39.64,0.001502762174494942,0.0315502032675198,-0.41
39.65,0.0015012141218322544,0.03017540086364726,-0.41
39.660000000000004,0.0014994055440930392,0.028155915110317044,-0.40999999999999287
39.67,0.0014974680147043775,0.02565492133046382,-0.4
39.68,0.0014955478552597574,0.02285611213002649,-0.4
39.69,0.0014937944596525434,0.019959809692126698,-0.4
39.7,0.0014923482295883615,0.017175468485076905,-0.4
39.71,0.0014913290570842733,0.014710247003893165,-0.4
39.72,0.0014908262035128808,0.0127543856765654,-0.4
39.730000000000004,0.0014908903210146133,0.011465419792155748,-0.3999999999999929
39.74,0.0014915282365214816,0.010954532640938078,-0.39
39.75,0.0014927009714721235,0.011278752788021557,-0.39
39.76,0.0014943253029004362,0.012441380116746786,-0.39
39.77,0.0014962789720349826,0.014400202056925014,-0.39
39.78,0.001498409391847631,0.017080244588793547,-0.39
39.79,0.001500545388420906,0.020386615512819305,-0.38
39.800000000000004,0.0015025111662269348,0.024213636754982924,-0.38
39.81,0.0015041413776324018,0.028447979525170267,-0.38
39.82,0.0015052959603270998,0.03296532519260214,-0.38
39.83,0.0015058733152337675,0.03762215320188621,-0.38
39.84,0.0015058204412014907,0.042246236649350254,-0.38
39.85,0.0015051388192704159,0.046630434656455874,-0.37
39.86,0.0015038851492057673,0.050533827308584106,-0.38
39.87,0.0015021664996975532,0.053692409524325746,-0.37
39.88,0.0015001300550671927,0.05583908498101848,-0.37
39.89,0.001497948384006609,0.05673008274745581,-0.37
39.9,0.0014958018825447787,0.056172960718690754,-0.37
39.910000000000004,0.001493860560182852,0.054051087309430694,-0.3600000000000071
39.92,0.001492267488293449,0.05034096670216096,-0.37
39.93,0.00149112595893893,0.04512092746878545,-0.36
39.94,0.0014904917729560692,0.03857140175551404,-0.36
39.95,0.001490371251696174,0.030967639936938997,-0.36
39.96,0.0014907247467510342,0.022665345111323534,-0.36
39.97,0.001491474750684796,0.014079466445566834,-0.36
39.980000000000004,0.0014925172407140527,0.005657296432902956,-0.3599999999999929
39.99,0.0014937346152020068,-0.0021515788354243347,-0.35
40.0,0.0014950085086259835,-0.008925900666032334,-0.36
40.01,0.0014962309066542255,-0.014303035926447162,-0.35
40.02,0.0014973123380874257,-0.01800920770015069,-0.35
40.03,0.0014981864756447917,-0.019888610276324718,-0.35
40.04,0.0014988111570276802,-0.01992745528336528,-0.35
40.050000000000004,0.0014991664957508424,-0.018266760309104405,-0.35
40.06,0.0014992512127053493,-0.01519774831281123,-0.35
40.07,0.0014990784558457384,-0.011136563550803235,-0.35
40.08,0.0014986721563707414,-0.006579809137763066,-0.34
40.09,0.00149806447423555,-0.0020473109504761085,-0.34
40.1,0.001497294286884331,0.001978257666140412,-0.34
40.11,0.0014964061849589837,0.005104632728364844,-0.34
40.12,0.0014954492267394107,0.007067854864508699,-0.34
40.13,0.00149447483742237,0.00775037951426661,-0.34
40.14,0.0014935336649502674,0.007179260106998504,-0.34
40.15,0.0014926717503539882,0.005507738076126867,-0.33
40.160000000000004,0.001491926813239316,0.0029855159173353893,-0.33
40.17,0.0014913256124840283,-7.652543494491563e-05,-0.33
40.18,0.001490883149513058,-0.003341746324148301,-0.33
40.19,0.0014906039954547213,-0.006478638237673737,-0.33
40.2,0.0014904854147471083,-0.009183874636625356,-0.33
40.21,0.0014905214439162083,-0.01119640268655469,-0.32
40.22,0.0014907068329459493,-0.012303901075347703,-0.32
40.230000000000004,0.0014910398280586939,-0.012344532144326969,-0.32
40.24,0.0014915231218722274,-0.011207162738099559,-0.32
40.25,0.0014921627925805604,-0.008832499762987448,-0.32
40.26,0.0014929655390774413,-0.005216484932901448,-0.32
40.27,0.0014939348650761222,-0.00041615916571942656,-0.32
40.28,0.0014950670107552772,0.005442845339207709,-0.31
40.29,0.0014963473829063794,0.012159076416559268,-0.31
40.300000000000004,0.001497748055535512,0.019451391102442074,-0.31
40.31,0.0014992266859783616,0.026962544048626913,-0.31
40.32,0.0015007269810979693,0.03427401768125015,-0.31
40.33,0.0015021806795280227,0.04093351915808569,-0.31
40.34,0.0015035108873564464,0.04649319130139401,-0.31
40.35,0.0015046365060878504,0.0505539519584628,-0.3
40.36,0.001505477416012123,0.05280998715079743,-0.3
40.37,0.0015059600252665835,0.05308674933019172,-0.3
40.38,0.0015060227703745015,0.05136599921731748,-0.3
40.39,0.001505621160300472,0.04779321480830426,-0.3
40.4,0.00150473198619909,0.042665927525255415,-0.29
40.410000000000004,0.0015033563644195678,0.03640499299887995,-0.2999999999999929
40.42,0.0015015213454936836,0.029513302798741686,-0.29
40.43,0.001499279923538662,0.022527651735481092,-0.29
40.44,0.0014967094233134235,0.01596953870830075,-0.29
40.45,0.0014939083972912556,0.010299902331307217,-0.29
40.46,0.0014909922829257152,0.005881751102246244,-0.28
40.47,0.001488088115386103,0.0029537486142412845,-0.29
40.480000000000004,0.0014853285629281964,0.0016167029543088555,-0.28
40.49,0.001482845481691641,0.0018332282258894889,-0.28
40.5,0.001480763123163534,0.003439272338934702,-0.28
40.51,0.001479191118937099,0.006165710060006354,-0.28
40.52,0.0014782174389781205,0.009668438079331836,-0.28
40.53,0.0014779016633930965,0.013564808876572758,-0.28
40.54,0.0014782690877775903,0.017472157113760007,-0.27
40.550000000000004,0.0014793063448618584,0.021042163161654283,-0.2799999999999929
40.56,0.0014809593064193975,0.023984966341175168,-0.27
40.57,0.0014831339638399946,0.026079720992339902,-0.27
40.58,0.0014857007276138133,0.027172330931951053,-0.27
40.59,0.00148850214799949,0.027164569769844767,-0.27
40.6,0.0014913635374839771,0.026000604562185385,-0.26
40.61,0.0014941055142735343,0.023656930308316386,-0.27
40.62,0.0014965572012420097,0.020139988874447585,-0.27
40.63,0.0014985687503486945,0.01549259319117833,-0.26
40.64,0.0015000219950920218,0.00980669089522104,-0.26
40.65,0.0015008382973066268,0.0032372456288236547,-0.26
40.660000000000004,0.001500982977141472,-0.0039890435867639615,-0.2500000000000071
40.67,0.00150046605611432,-0.011575437336576852,-0.26
40.68,0.0014993393998359895,-0.019169583610789947,-0.26
40.69,0.0014976907132354803,-0.026389142602525326,-0.26
40.7,0.0014956351692543054,-0.03285390139924813,-0.25
40.71,0.0014933056675810806,-0.03821849829097972,-0.25
40.72,0.0014908427721420298,-0.04220074298178095,-0.25
40.730000000000004,0.0014883852656871282,-0.044602354206962874,-0.25
40.74,0.0014860620306292067,-0.04532070445727148,-0.25
40.75,0.0014839856822218597,-0.044351492891821415,-0.25
40.76,0.0014822481067387524,-0.041783214848812526,-0.25
40.77,0.0014809178344652495,-0.03778501051887898,-0.24
40.78,0.0014800390179520975,-0.032590077713259565,-0.24
40.79,0.0014796316903147688,-0.026477248555852706,-0.24
40.800000000000004,0.0014796929500665542,-0.019753196648197795,-0.24
40.81,0.0014801987629294796,-0.012736841934065745,-0.24
40.82,0.001481106178916389,-0.0057462886054462405,-0.24
40.83,0.0014823559067225335,0.0009122884941939034,-0.24
40.84,0.0014838753267272717,0.006954940768408463,-0.23
40.85,0.0014855821161466767,0.012130980049074298,-0.23
40.86,0.0014873886660219592,0.016236325382332377,-0.23
40.87,0.001489207358364533,0.01912959760526997,-0.23
40.88,0.0014909565322206047,0.020748877072303072,-0.23
40.89,0.001492566636128454,0.021124332225126836,-0.22
40.9,0.0014939857411881577,0.02038103419715817,-0.23
40.910000000000004,0.0014951834092873583,0.018728339897598523,-0.22
40.92,0.0014961519873776734,0.016436541600562217,-0.22
40.93,0.0014969047719994649,0.013805785902752532,-0.22
40.94,0.0014974710990833288,0.01113420911015672,-0.22
40.95,0.0014978890998213232,0.008691232758886534,-0.22
40.96,0.0014981974143004008,0.006699301481174864,-0.22
40.97,0.0014984274082007031,0.0053244065964105965,-0.22
40.980000000000004,0.0014985973362278324,0.004673242193777342,-0.21
40.99,0.00149870948504192,0.00479363855644645,-0.21
41.0,0.0014987507315639425,0.005675801919367778,-0.21
41.01,0.0014986963223548192,0.007254288275685581,-0.21
41.02,0.0014985161385811232,0.009412583981749087,-0.21
41.03,0.0014981823229080838,0.011992159224903268,-0.21
41.04,0.001497676931719171,0.014806384734671725,-0.21
41.050000000000004,0.0014969982456865102,0.01765815707801458,-0.2
41.06,0.0014961645302951937,0.02035888399325215,-0.2
41.07,0.0014952143925829786,0.022745519291239618,-0.2
41.08,0.001494203423784786,0.024692217721463895,-0.2
41.09,0.0014931974922839945,0.026114493277092303,-0.19
41.1,0.0014922637260692013,0.026965928609100666,-0.2
41.11,0.001491460727849622,0.02722937846452436,-0.19
41.12,0.001490829761987743,0.026905762229791914,-0.19
41.13,0.0014903884881023355,0.02600403885465239,-0.19
41.14,0.0014901283368424143,0.024535579443468146,-0.19
41.15,0.0014900159596567323,0.022514599959082962,-0.18
41.160000000000004,0.0014899985023326563,0.01996420173885505,-0.1899999999999929
41.17,0.0014900118799225093,0.016925899428483666,-0.18
41.18,0.0014899908255762652,0.013469549462163857,-0.18
41.19,0.0014898792577956667,0.009700303142167972,-0.18
41.2,0.0014896394586602427,0.005760004891936405,-0.18
41.21,0.0014892586827655342,0.0018223850713287592,-0.18
41.22,0.0014887521284181451,-0.0019166119599780985,-0.18
41.230000000000004,0.0014881616925127136,-0.005251327856059801,-0.18
41.24,0.0014875505523711786,-0.007980504333759337,-0.18
41.25,0.0014869942685465617,-0.009923032069901687,-0.17
41.26,0.0014865696488669399,-0.01093571657173915,-0.17
41.27,0.0014863429488218972,-0.010932456584642406,-0.17
41.28,0.0014863590609952675,-0.009902430646714614,-0.17
41.29,0.0014866331820125604,-0.007923458726675537,-0.17
41.300000000000004,0.0014871460999396622,-0.005166568621778732,-0.1699999999999929
41.31,0.001487843793882005,-0.0018890068924182443,-0.16
41.32,0.0014886415351933868,0.0015849674055708784,-0.16
41.33,0.0014894321515356872,0.004893846291089587,-0.16
41.34,0.0014900975883407608,0.007675750074174906,-0.16
41.35,0.0014905224374827453,0.00960803871154444,-0.16
41.36,0.0014906077858148556,0.01044485664545844,-0.16
41.37,0.0014902836412672607,0.010047643493669265,-0.16
41.38,0.0014895183549033968,0.008404096482469925,-0.15
41.39,0.0014883238497571572,0.005632698356823526,-0.15
41.4,0.0014867560095466776,0.0019725500653066156,-0.15
41.410000000000004,0.0014849101667500318,-0.002239323176193606,-0.15
41.42,0.0014829121844596434,-0.006600063170270341,-0.15
41.43,0.0014809061217549567,-0.010679743491597667,-0.15
41.44,0.0014790398907131696,-0.014064230326256437,-0.15
41.45,0.0014774506078908771,-0.016398251698281782,-0.15
41.46,0.0014762514404463658,-0.01742303736877135,-0.14
41.47,0.0014755215808790849,-0.01700278809472605,-0.14
41.480000000000004,0.0014753005329278042,-0.015136276075912001,-0.14
41.49,0.0014755872110394819,-0.011952739804627972,-0.14
41.5,0.0014763435940766646,-0.007693730158241869,-0.14
41.51,0.0014775020175804784,-0.002684348664791564,-0.14
41.52,0.0014789747741941989,0.002701789461218248,-0.13
41.53,0.0014806645575265913,0.008079531945922301,-0.13
41.54,0.0014824743925675018,0.01308719870579518,-0.13
41.550000000000004,0.0014843159705014196,0.017416228270747958,-0.13
41.56,0.0014861156667766188,0.020832900836735186,-0.13
41.57,0.0014878179061794195,0.023191011496703988,-0.13
41.58,0.0014893859095733409,0.024435918097529635,-0.13
41.59,0.0014908001860983522,0.024601246211209286,-0.12
41.6,0.0014920553887894782,0.02379974323317167,-0.12
41.61,0.0014931562950759546,0.022210026945013436,-0.12
41.62,0.0014941136840922636,0.02006113752659826,-0.12
41.63,0.0014949407625555664,0.01761586873955531,-0.12
41.64,0.0014956505701980696,0.015151875656566456,-0.12
41.65,0.001496254528682807,0.012938508553312043,-0.12
41.660000000000004,0.0014967620487272531,0.011208961587883707,-0.11
41.67,0.001497180931189911,0.010130808147907105,-0.11
41.68,0.0014975182154061482,0.009780790716966022,-0.11
41.69,0.001497781138743878,0.010130275683550799,-0.11
41.7,0.0014979779459167253,0.011046109327512842,-0.1
41.71,0.00149811838421805,0.012308375855646193,-0.11
41.72,0.0014982138098749934,0.01364276733264797,-0.1
41.730000000000004,0.001498276898662345,0.01476225374539163,-0.1
41.74,0.0014983210016253877,0.015411311301270852,-0.1
41.75,0.0014983592190924752,0.015405860841992535,-0.1
41.76,0.0014984032875547224,0.014662646227002267,-0.09
41.77,0.0014984623876721636,0.013213103058017227,-0.1
41.78,0.0014985419895902365,0.01119918882234447,-0.09
41.79,0.0014986428546553418,0.008851668726974226,-0.09
41.800000000000004,0.0014987603101680265,0.0064540905993367695,-0.09
41.81,0.0014988839048533937,0.004298000292704456,-0.09
41.82,0.0014989975356493003,0.002636894795108037,-0.09
41.83,0.0014990801095946707,0.0016471808809357064,-0.09
41.84,0.0014991067669290275,0.0014029377594111454,-0.08
41.85,0.0014990506429205883,0.0018677498850029118,-0.09
41.86,0.0014988850879189546,0.0029029804532406398,-0.08
41.87,0.001498586201189729,0.00428916241485652,-0.08
41.88,0.001498135470087251,0.00575586472425129,-0.08
41.89,0.0014975222504168386,0.007015068182133683,-0.08
41.9,0.001496745787240945,0.007793588882313872,-0.07
41.910000000000004,0.0014958164708712969,0.00786107057710652,-0.0799999999999929
41.92,0.0014947560642621397,0.007051127880372903,-0.07
41.93,0.0014935967352762303,0.0052742610240117515,-0.07
41.94,0.0014923788758400111,0.0025221453141108952,-0.07
41.95,0.001491147864319005,-0.0011361491989473138,-0.07
41.96,0.0014899500899262764,-0.005564408937764492,-0.07
41.97,0.001488828678041453,-0.010573452711448404,-0.07
41.980000000000004,0.0014878194191687121,-0.015936337678304786,-0.0600000000000071
41.99,0.0014869474098934941,-0.021402341090472676,-0.07
42.0,0.0014862248627569995,-0.02670902003854457,-0.06
42.01,0.0014856504325632563,-0.03159331658329749,-0.06
42.02,0.0014852102350927804,-0.03580330730427695,-0.06
42.03,0.0014848805003082619,-0.03911146837424804,-0.06
42.04,0.0014846315277611893,-0.04132908758788162,-0.05
42.050000000000004,0.0014844323533253862,-0.04232061618338269,-0.06
42.06,0.0014842553684388234,-0.04201634204398418,-0.06
42.07,0.0014840801138544554,-0.040421552644021724,-0.05
42.08,0.0014838956164263904,-0.03762072334630138,-0.05
42.09,0.0014837009193317317,-0.0337764113188554,-0.05
42.1,0.0014835038016814276,-0.029123472551167824,-0.05
42.11,0.0014833180041362924,-0.023958884195734786,-0.05
42.12,0.0014831595035315857,-0.018626317673362272,-0.05
42.13,0.0014830424818294212,-0.013494154305166923,-0.05
42.14,0.0014829756201392133,-0.008926692960083832,-0.04
42.15,0.0014829592494592177,-0.0052505593083122535,-0.04
42.160000000000004,0.0014829837473491663,-0.002720813506320809,-0.04
42.17,0.0014830294152654558,-0.0014926409577092075,-0.04
42.18,0.001483067917991043,-0.001603834960420139,-0.04
42.19,0.0014830652153071755,-0.0029709720570639457,-0.04
42.2,0.0014829857642282222,-0.005399599479388023,-0.04
42.21,0.0014827976164278288,-0.008606610276246245,-0.03
42.22,0.0014824778818067989,-0.01225127032648965,-0.03
42.230000000000004,0.0014820178847869802,-0.01597036194780572,-0.03
42.24,0.0014814272297638416,-0.01941287867768556,-0.03
42.25,0.0014807359613261957,-0.02227021539500397,-0.03
42.26,0.001479994109044461,-0.024298488392223594,-0.03
42.27,0.0014792681906907312,-0.025330839086163993,-0.03
42.28,0.001478634719770618,-0.02527958440351771,-0.02
42.29,0.001478171364107272,-0.0241303356199852,-0.02
42.300000000000004,0.0014779469913186623,-0.02193172296851061,-0.02
42.31,0.0014780122308332116,-0.01878443688682517,-0.02
42.32,0.001478392230273157,-0.01483203093634427,-0.02
42.33,0.0014790829291986337,-0.010254183558446402,-0.02
42.34,0.0014800514819994439,-0.005261858197694891,-0.02
42.35,0.0014812406242453524,-9.336326017215017e-05,-0.01
42.36,0.0014825760384478055,0.004989781628194384,-0.01
42.37,0.0014839753248519745,0.00970867115117733,-0.01
42.38,0.0014853570888748722,0.013776783754234702,-0.01
42.39,0.0014866488749109487,0.016916203509498535,-0.01
42.4,0.001487793086551622,0.018881502601395084,-0.01
42.410000000000004,0.0014887504920292002,0.019489633580437645,-0.01
42.42,0.001489501312046804,0.018650975936426537,-0.01
42.43,0.0014900441779009462,0.01639437046882349,-0.01
42.44,0.0014903934284462548,0.012878343264591313,-0.01
42.45,0.0014905753000774864,0.008382491185802999,-0.01
42.46,0.001490623573651648,0.0032773473970514133,-0.01
