0 168 167 208
0 12469 16446 16305
0 15950 2787 15580
0 8408 16050 10207
0 16087 16490 12865
0 5499 286 348
0 5688 7667 3374
0 8408 11633 15631
0 315 230 296
0 116 46 69
0 608 15995 14388
0 201 121 105
0 265 220 191
0 4242 16054 4275
0 145 66 159
0 8768 67 119
0 8768 119 159
0 221 167 155
0 386 432 408
0 315 296 384
0 5499 348 385
0 4242 16043 16494
0 5688 1537 7667
0 16444 16033 12105
0 3240 16447 16450
0 74 151 134
0 13476 2208 5722
0 7181 371 331
0 13566 10878 4503
0 10536 3448 8381
0 74 73 123
0 265 294 220
0 119 199 170
0 2942 9439 1709
0 116 155 167
0 116 69 80
0 116 80 155
0 240 331 10324
0 191 220 146
0 135 72 77
0 4524 77 72
0 4550 8005 13499
0 12429 10867 72
0 237 222 275
0 13566 11900 10878
0 97 11773 59
0 145 159 197
0 4005 10936 9816
0 3448 13499 1709
0 2942 136 7045
0 14510 15986 10710
0 340 271 281
0 1675 3670 3539
0 384 296 388
0 3238 16330 15970
0 4550 13499 10536
0 4524 59 73
0 16329 16420 11800
0 3647 6623 6704
0 6704 6216 3647
0 11497 374 313
0 11497 334 374
0 13313 13476 4005
0 11439 16053 16094
0 6956 374 328
0 3914 7797 10211
0 3914 3515 7797
0 316 237 275
0 12429 7503 7768
0 16082 14187 16092
0 136 4326 165
0 6302 13497 9169
0 15953 12870 3361
0 14339 15468 3515
0 7820 10735 3515
0 9169 3115 12651
0 16048 15691 15627
0 228 244 281
0 10343 77 4524
0 67 30 69
0 66 30 67
0 4326 283 250
0 4326 250 165
0 374 334 316
0 8808 4503 14205
0 10711 11900 13662
0 331 240 208
0 13280 4636 5677
0 313 374 345
0 345 374 6956
0 3687 2208 8219
0 325 11900 8378
0 13466 5236 8847
0 7503 321 13662
0 7727 10211 7725
0 11655 16086 16058
0 16051 15951 16056
0 4240 3361 16093
0 16092 11633 14553
0 1675 8220 10588
0 1675 4830 8220
0 1675 10588 3670
0 15636 16485 15066
0 208 240 168
0 374 316 328
0 7739 3717 7732
0 15963 4454 3722
0 16419 15962 15961
0 2541 15963 3722
0 209 313 345
0 313 209 240
0 3730 3717 15993
0 8381 3448 4926
0 3448 3687 4926
0 3687 9797 2208
0 5677 4636 8220
0 5677 8220 8837
0 7847 5235 13468
0 7847 13468 4954
0 271 228 281
0 15465 8808 9428
0 69 46 67
0 4830 1675 4954
0 11137 5235 7847
0 151 237 191
0 10211 7727 7303
0 7727 2944 7303
0 11913 7984 10666
0 69 30 80
0 432 386 402
0 249 9774 7726
0 164 248 230
0 164 230 139
0 6624 6613 14338
0 249 7726 10878
0 16303 5062 15271
0 3448 9797 3687
0 2208 9797 5722
0 11553 9480 16445
0 358 359 6956
0 345 6956 359
0 6984 283 4326
0 12752 6302 10997
0 12752 10997 13574
0 11137 15457 5235
0 8005 4550 13951
0 97 59 7045
0 7045 9136 9439
0 299 7053 358
0 299 283 7053
0 4524 73 10343
0 95 209 77
0 209 95 168
0 6984 325 283
0 364 7181 303
0 13476 4928 4005
0 95 77 43
0 7293 15850 13497
0 15850 7293 15351
0 16055 12002 15564
0 159 170 228
0 7847 11959 8219
0 240 209 168
0 9683 4830 13383
0 13859 6128 15981
0 15981 11635 13859
0 3240 8936 3719
0 159 228 197
0 12474 5235 15457
0 7797 12474 15457
0 7374 16114 5617
0 5499 398 12885
0 8409 16053 14065
0 16450 8936 3240
0 237 151 222
0 15985 16449 15655
0 4005 7504 10936
0 4928 7504 4005
0 299 254 250
0 299 250 283
0 16032 14179 16081
0 16452 16448 16458
0 8033 8410 13742
0 15494 14117 16053
0 11165 11865 15580
0 16093 14197 13742
0 386 248 263
0 15042 5683 11222
0 15640 11635 5683
0 9816 7774 8808
0 8808 7774 4503
0 386 263 355
0 199 146 220
0 4636 14552 8220
0 15457 12581 7797
0 5476 15960 10978
0 8033 14712 8410
0 5683 7066 11222
0 5683 11635 7066
0 222 157 254
0 16094 14389 8033
0 14389 14712 8033
0 3647 7884 7725
0 4926 3687 3670
0 11070 9774 8381
0 228 271 197
0 209 345 223
0 136 8005 13951
0 2942 8005 136
0 359 321 345
0 10711 13662 321
0 303 331 221
0 221 331 208
0 9480 11699 16453
0 250 254 180
0 6704 14205 7726
0 13476 8219 2208
0 10536 9774 249
0 3193 14702 3891
0 4262 7578 15960
0 4262 15004 7578
0 6623 3647 13030
0 16095 9117 14560
0 8733 14560 9117
0 358 8378 359
0 7053 8378 358
0 7672 15662 13325
0 15205 15960 7578
0 9816 10936 7774
0 325 8378 7053
0 135 12429 72
0 15465 9816 8808
0 7726 9774 6704
0 8695 12951 13466
0 8699 74 41
0 8699 41 43
0 16089 3377 16057
0 3448 1709 9797
0 9797 1709 5722
0 11373 4636 8731
0 13280 8731 4636
0 4270 4242 16494
0 16078 16037 4236
0 7504 7768 319
0 4928 7768 7504
0 249 10878 13951
0 249 13951 4550
0 66 67 8768
0 66 8768 159
0 6075 8337 8772
0 8337 6216 8772
0 9945 5794 3253
0 8847 9367 13330
0 8847 13330 7983
0 6624 4502 10735
0 3891 8937 3193
0 8695 9683 13383
0 8808 14205 9428
0 14205 4503 7726
0 7984 10998 14607
0 73 74 8699
0 73 8699 43
0 1675 3539 11959
0 386 355 402
0 9119 3884 7236
0 7236 10735 9119
0 5722 4928 13476
0 72 9136 4524
0 9136 59 4524
0 7303 14552 4636
0 7293 6624 15351
0 4282 15953 3361
0 7503 135 223
0 12951 14339 5236
0 13030 7797 12581
0 13180 6613 6622
0 8847 5236 9367
0 5236 4502 9367
0 8220 2944 10588
0 7820 3515 3914
0 10536 249 4550
0 16094 8033 14197
0 5701 8107 11975
0 105 121 63
0 6623 5764 9428
0 9428 14205 6623
0 10309 7884 8337
0 11137 11923 15457
0 254 275 222
0 7768 13662 11956
0 10735 14339 3515
0 4928 12429 7768
0 4830 5144 8837
0 151 157 222
0 16057 4270 16089
0 12024 11975 5699
0 12024 15439 16305
0 248 296 230
0 248 386 296
0 219 355 263
0 8337 6075 10588
0 8695 83 9683
0 7053 283 325
0 15465 9428 5764
0 371 7181 332
0 9718 8782 3884
0 228 170 244
0 3884 11373 9718
0 203 14338 6613
0 4954 13468 13383
0 9774 11070 6704
0 12024 16305 5607
0 16090 10674 16051
0 12870 9945 3253
0 15353 15103 15968
0 7884 6216 8337
0 11558 15952 8763
0 319 11956 13566
0 13030 3647 7725
0 13030 7725 7797
0 14264 15958 8410
0 165 180 97
0 340 281 10860
0 340 10860 364
0 4933 10666 4654
0 4933 11913 10666
0 11137 11818 4468
0 180 123 11773
0 180 157 123
0 13313 4468 11818
0 7236 6624 10735
0 1487 14875 229
0 14527 8972 15964
0 3647 6216 7884
0 7045 59 9136
0 3515 15468 7797
0 86 119 67
0 13497 15850 3115
0 13476 11818 8219
0 13476 13313 11818
0 12272 294 332
0 10536 13499 3448
0 16038 4258 4262
0 219 164 1487
0 219 1487 229
0 13499 2942 1709
0 15850 8782 9718
0 7236 3884 8782
0 10207 15439 5699
0 5677 8837 9871
0 16084 16041 16079
0 16086 16084 16079
0 10309 10588 2944
0 2944 7727 10309
0 46 43 41
0 316 275 328
0 240 10324 313
0 5764 12581 11923
0 11923 13877 5764
0 223 321 7503
0 8337 10588 10309
0 43 77 10343
0 10343 73 43
0 74 86 41
0 74 134 86
0 119 86 146
0 199 119 146
0 11323 3275 15390
0 136 13951 4326
0 15986 9480 3216
0 14527 15994 15355
0 15964 8972 10978
0 15468 14339 12951
0 7732 7415 7739
0 11373 8731 9718
0 16032 15553 14918
0 10324 331 371
0 8005 2942 13499
0 180 254 157
0 7820 10211 3884
0 7303 3884 10211
0 11913 13330 203
0 165 250 180
0 7176 13765 15958
0 7176 3212 13765
0 4240 16093 2629
0 299 328 275
0 299 275 254
0 201 187 14917
0 2444 15979 10572
0 4830 9683 5144
0 13030 12581 6623
0 9683 83 5144
0 9762 5680 15181
0 187 195 15008
0 10674 16086 11655
0 16084 16086 10674
0 11913 7983 13330
0 8378 11900 10711
0 359 10711 321
0 7181 364 10860
0 16493 10901 518
0 7045 136 97
0 165 97 136
0 15953 15271 12870
0 6128 5657 10865
0 3311 6128 10865
0 11417 5701 5607
0 5617 5701 11417
0 5607 5701 11975
0 195 101 139
0 101 195 187
0 15581 15965 3732
0 15581 10971 16443
0 8125 9992 15433
0 4262 15433 9992
0 4468 13313 13877
0 13468 12951 8695
0 14943 16053 14117
0 10032 15956 2629
0 15956 10032 14710
0 4654 12651 3193
0 12651 3115 3193
0 10860 281 332
0 237 265 191
0 4926 3670 6075
0 5707 16458 16457
0 5703 16049 5704
0 8124 8115 5688
0 10901 12192 518
0 16420 526 535
0 46 95 43
0 95 46 116
0 10936 7504 319
0 15654 5794 9945
0 41 67 46
0 41 86 67
0 15984 16305 14537
0 13466 8847 7983
0 2445 10207 16050
0 3222 7066 608
0 608 7066 15995
0 10936 319 7774
0 4503 10878 7726
0 9718 8731 15850
0 13280 15850 8731
0 7415 16037 7739
0 4275 16044 16043
0 164 219 263
0 101 124 139
0 7983 83 13466
0 8695 13466 83
0 16052 16114 3377
0 7181 10860 332
0 14183 3187 7176
0 14264 7176 15958
0 14544 3102 16081
0 5680 16055 15525
0 3734 3719 15993
0 3734 15993 3717
0 3719 8936 15993
0 12317 33 12651
0 10666 33 12317
0 15271 15606 9945
0 151 191 134
0 8772 11070 8381
0 11070 6216 6704
0 11818 7847 8219
0 11818 11137 7847
0 16454 7662 7374
0 7662 16114 7374
0 3222 9630 6348
0 3222 608 9630
0 5764 13877 15465
0 13313 15465 13877
0 13877 11923 4468
0 2444 11111 15993
0 3730 15993 11111
0 532 15638 526
0 16444 12105 2629
0 2629 15956 16444
0 319 4503 7774
0 319 13566 4503
0 15640 4264 11635
0 9367 4502 13330
0 15580 2984 15950
0 11137 4468 11923
0 12272 244 294
0 535 525 578
0 15059 5144 83
0 7983 15059 83
0 3222 6348 8733
0 6348 14560 8733
0 95 116 168
0 4326 13951 6984
0 7293 13574 6622
0 7293 6622 13380
0 5707 16457 1537
0 5707 1537 8115
0 12870 15271 9945
0 167 168 116
0 208 167 221
0 294 244 220
0 10309 7727 7884
0 16095 2599 2787
0 3102 15553 16081
0 348 286 13180
0 6302 9169 15159
0 379 385 15370
0 15355 15994 10710
0 432 402 15638
0 5722 10867 4928
0 14521 7402 15957
0 5476 16038 15960
0 4262 15960 16038
0 33 10666 54
0 12192 12405 420
0 3670 10588 6075
0 574 4282 12599
0 16033 574 12599
0 11900 325 10878
0 164 263 248
0 229 15354 227
0 14744 11558 8763
0 15170 9869 1644
0 15170 5680 10563
0 574 518 523
0 219 229 300
0 6216 11070 8772
0 303 7181 331
0 11773 123 73
0 11773 73 59
0 11451 10971 3732
0 3891 9871 5144
0 371 334 11497
0 4262 9992 15004
0 6075 8772 8381
0 16050 15631 15269
0 359 8378 10711
0 5707 8115 16113
0 15494 11865 11165
0 16033 553 574
0 15983 2442 15691
0 16455 3275 11699
0 9480 15986 11699
0 11123 2398 3212
0 11123 15081 15978
0 7293 6302 12752
0 7293 12752 13574
0 11800 16420 15956
0 10867 12429 4928
0 16493 525 10901
0 7578 4260 16083
0 16051 11655 8107
0 502 532 559
0 14918 14980 16032
0 11074 15964 15205
0 209 135 77
0 135 209 223
0 114 111 54
0 111 64 54
0 9762 15181 3311
0 16444 16493 16033
0 578 16493 16444
0 16031 7415 11739
0 7404 11739 7415
0 15433 11691 8125
0 191 146 134
0 134 146 86
0 16087 12865 1411
0 12865 15571 1411
0 310 12872 379
0 12872 409 12161
0 6623 12581 5764
0 180 11773 97
0 15980 15664 15563
0 14607 54 10666
0 74 123 151
0 123 157 151
0 14183 7176 9630
0 15606 15978 15081
0 3252 11439 3361
0 11439 16093 3361
0 11451 3732 15967
0 402 416 15638
0 14943 16094 16053
0 15066 16485 11864
0 8381 4926 6075
0 15996 2404 3730
0 3730 2404 7404
0 10360 3245 11967
0 15981 6128 3245
0 16485 3245 15010
0 3216 11553 3720
0 12192 436 12405
0 10901 436 12192
0 559 510 502
0 16455 14510 13325
0 3891 5144 15059
0 14751 1401 1407
0 1407 15412 14751
0 15957 16035 11739
0 7404 15957 11739
0 15408 16443 15194
0 15970 16451 16447
0 5617 16456 7374
0 7768 11956 319
0 388 296 386
0 5722 1709 10867
0 11975 8107 5699
0 8937 3891 15059
0 5617 15951 5701
0 4258 3374 11691
0 12469 15996 2444
0 12275 14563 8972
0 16446 12469 2444
0 416 355 300
0 423 416 300
0 7374 12006 16454
0 12006 15979 16454
0 15959 5476 2419
0 2446 2445 10865
0 423 398 12540
0 559 539 510
0 14552 2944 8220
0 13662 11900 11956
0 494 406 422
0 494 430 406
0 16329 11800 14423
0 15951 8107 5701
0 12405 409 420
0 422 408 435
0 14751 11645 15966
0 15165 15950 15632
0 2446 10865 5657
0 11123 3212 11414
0 11864 16485 1644
0 3235 15633 11865
0 358 328 299
0 358 6956 328
0 7392 2541 16419
0 4933 7983 11913
0 4933 15059 7983
0 7667 11699 11917
0 532 502 432
0 15638 532 432
0 223 345 321
0 12429 135 7503
0 11523 16442 15692
0 15470 15692 16442
0 12872 12161 379
0 379 12161 15622
0 3275 11917 11699
0 7303 4636 11373
0 3884 7303 11373
0 16055 5680 12002
0 170 199 244
0 3311 10865 9762
0 518 12192 15428
0 3341 10710 15980
0 10710 15994 15980
0 15650 12041 2984
0 15650 11967 12041
0 8410 15958 13856
0 11553 3216 9480
0 398 15622 411
0 523 15333 561
0 10572 15979 12006
0 15959 16038 5476
0 15400 15966 2531
0 300 355 219
0 313 10324 371
0 11074 16083 15470
0 371 11497 313
0 2629 12105 4240
0 10696 14187 16082
0 16082 9558 10696
0 525 535 15085
0 15085 535 15638
0 15984 15535 12469
0 12002 5680 9762
0 281 12272 332
0 281 244 12272
0 423 12885 398
0 12885 423 300
0 9869 11864 1644
0 13951 325 6984
0 10878 325 13951
0 16082 16042 15486
0 16443 15486 16042
0 316 265 237
0 436 12564 12405
0 2634 4260 12203
0 532 526 14524
0 576 532 14524
0 10674 11655 16051
0 559 16303 539
0 559 576 16303
0 14376 2404 16331
0 15535 16331 2404
0 4454 14895 11553
0 3275 11323 11917
0 16048 8409 14026
0 16048 14026 16449
0 16041 15957 7402
0 72 9439 9136
0 72 10867 9439
0 16455 15986 14510
0 16048 12276 15691
0 12203 4260 8763
0 10867 1709 9439
0 3732 14376 16331
0 14666 3732 16331
0 13817 15983 12276
0 13817 3187 15983
0 13325 5696 3275
0 3275 16455 13325
0 334 371 332
0 15564 12002 15631
0 15408 9558 15486
0 10207 5699 5692
0 2445 15439 10207
0 411 12405 12564
0 15984 12469 16305
0 10901 15085 436
0 12498 436 15085
0 502 510 435
0 14875 1487 111
0 423 12498 15085
0 12498 423 12540
0 15428 12192 420
0 7847 4954 11959
0 1675 11959 4954
0 15613 11780 420
0 12024 5607 11975
0 12540 398 411
0 15622 409 411
0 12161 409 15622
0 12564 12540 411
0 5607 16305 16446
0 15613 409 12872
0 510 494 435
0 420 409 15613
0 411 409 12405
0 12564 12498 12540
0 7797 7725 10211
0 539 494 510
0 334 332 294
0 164 139 124
0 1487 164 124
0 11417 5607 16446
0 3115 15850 13280
0 3115 13280 3193
0 12862 286 10998
0 111 1487 124
0 5657 13859 4264
0 3191 33 63
0 4830 4954 13383
0 13496 6302 15159
0 15159 9169 3191
0 16453 1537 16457
0 15457 11923 12581
0 3539 8219 11959
0 8381 9774 10536
0 3187 12834 7176
0 203 6613 12862
0 14866 12862 10998
0 15985 12866 15545
0 5794 15654 12866
0 3253 3252 12870
0 14607 10998 227
0 5236 14339 4502
0 14179 16032 11222
0 15468 12951 5235
0 13468 5235 12951
0 111 124 64
0 101 64 124
0 6704 6623 14205
0 8937 4654 3193
0 4933 4654 8937
0 316 334 265
0 532 576 559
0 16329 14423 11123
0 11956 11900 13566
0 7768 7503 13662
0 4005 9816 15465
0 334 294 265
0 13280 14702 3193
0 12862 6613 13180
0 8219 3539 3687
0 3539 3670 3687
0 13313 4005 15465
0 16032 16081 15553
0 7984 14866 10998
0 201 13496 121
0 5062 15978 15606
0 14544 10563 3102
0 15165 9869 1959
0 9869 10563 14544
0 16049 5703 7662
0 4454 16343 14895
0 15393 1421 1425
0 12870 3252 3361
0 7293 13497 6302
0 4830 8837 8220
0 33 3191 12651
0 5144 9871 8837
0 10997 352 13574
0 13574 352 6622
0 10997 293 352
0 6302 13496 10997
0 114 14875 111
0 121 15159 3191
0 11222 7066 14810
0 15986 16455 11699
0 13742 8410 13856
0 16093 13742 2629
0 14521 7404 2404
0 13765 2398 15958
0 13765 3212 2398
0 7293 13380 6624
0 6624 13380 6613
0 4502 14339 10735
0 13468 8695 13383
0 199 220 244
0 12226 2535 14980
0 54 64 63
0 13742 13856 2629
0 10360 11967 2442
0 16420 16329 526
0 15978 14524 16329
0 119 170 159
0 12862 13180 286
0 2419 5476 10978
0 10978 8972 14563
0 10971 15194 16443
0 10971 11451 15194
0 10710 15986 14762
0 14762 12275 10710
0 16457 16458 16448
0 14026 8409 14585
0 14026 15655 16449
0 7725 7884 7727
0 63 64 101
0 2942 7045 9439
0 3253 14065 3252
0 3252 14065 11439
0 15959 2419 16343
0 15321 11400 10861
0 11165 2787 14117
0 2787 2599 14117
0 15968 15412 15353
0 15412 15968 11645
0 3720 2419 14563
0 10978 14563 2419
0 14917 15008 310
0 310 379 14917
0 8733 9117 14179
0 8733 14179 14810
0 608 3187 14183
0 608 14183 9630
0 10696 3102 14187
0 15525 16055 14187
0 11439 14197 16093
0 9871 3891 5677
0 13280 5677 14702
0 15061 11865 15494
0 15061 8409 16048
0 11510 15393 11400
0 11510 15968 15103
0 522 561 15333
0 522 15333 494
0 15439 12024 5699
0 16343 15963 16344
0 9630 7176 14264
0 12834 3187 13817
0 8409 14065 14585
0 14302 16095 2787
0 14302 2787 15950
0 10861 15952 15321
0 13330 4502 14338
0 6624 14338 4502
0 3914 10211 7820
0 14521 14376 15965
0 608 14388 3187
0 16094 14943 14389
0 3433 6348 14389
0 15654 11414 15545
0 293 13496 201
0 408 388 386
0 14423 11800 14710
0 14423 2398 11123
0 14302 1959 16095
0 14302 15950 15165
0 2541 7392 15963
0 406 404 356
0 7672 14510 3341
0 15412 11645 14751
0 7404 14521 15957
0 2531 14527 15964
0 2531 15994 14527
0 114 14607 227
0 14666 16331 14537
0 1959 14544 16081
0 7303 2944 14552
0 14553 11633 16058
0 14553 16058 16086
0 388 408 422
0 16095 14560 2599
0 4654 12317 12651
0 10666 12317 4654
0 3253 5794 14585
0 14585 14065 3253
0 63 101 105
0 114 54 14607
0 14553 16086 16079
0 9869 15170 10563
0 7176 12834 3212
0 12834 15985 3212
0 10861 11400 15469
0 15967 3732 14666
0 2446 15967 14666
0 14389 6348 14712
0 16490 15952 15571
0 11558 15662 7672
0 14744 15662 11558
0 10998 286 227
0 14702 5677 3891
0 14710 10032 2398
0 9630 14712 6348
0 7662 16450 16049
0 14721 15952 10861
0 15293 1959 16081
0 15983 3187 14388
0 15983 14388 15301
0 12951 5236 13466
0 14721 15571 15952
0 1541 1416 14721
0 430 523 15264
0 15428 11780 15264
0 227 15192 229
0 14744 15004 8125
0 16442 15595 14751
0 416 423 15085
0 15004 4260 7578
0 14762 15986 3216
0 3216 12275 14762
0 9169 12651 3191
0 14810 7066 3222
0 3222 8733 14810
0 11323 15390 11691
0 13380 6622 6613
0 15004 9992 8125
0 14179 15293 16081
0 16033 16493 553
0 203 12862 14866
0 7984 203 14866
0 14875 15354 229
0 8763 4260 14744
0 14744 4260 15004
0 14895 3720 11553
0 3720 14895 2419
0 3341 14510 10710
0 16344 16040 15959
0 229 15192 300
0 13856 10032 2629
0 5499 12885 227
0 14918 9558 12226
0 10696 9558 14918
0 3433 14943 2599
0 15469 14721 10861
0 11780 15613 404
0 404 15613 356
0 195 139 230
0 14980 11222 16032
0 14980 15042 11222
0 494 422 435
0 14510 7672 13325
0 3311 15010 6128
0 15010 3311 1644
0 12226 15194 2535
0 10696 15553 3102
0 494 539 522
0 14026 14585 5794
0 14197 8033 13742
0 9869 14544 1959
0 15640 5683 15042
0 14980 2535 15042
0 14721 1416 15571
0 14895 16343 2419
0 4933 8937 15059
0 8125 5696 14744
0 3235 11865 15061
0 3235 15061 15627
0 11635 4264 13859
0 7667 16453 11699
0 12041 15066 2984
0 16448 16452 16451
0 7820 3884 9119
0 9119 10735 7820
0 7236 8782 15351
0 15351 6624 7236
0 15008 195 356
0 15008 356 310
0 2599 14560 3433
0 4258 16038 16040
0 4258 16040 4257
0 11123 11414 15081
0 15654 15081 11414
0 6348 3433 14560
0 11645 2531 15966
0 1413 1421 15103
0 15103 15393 11510
0 16042 16079 15307
0 12275 3216 3720
0 12275 3720 14563
0 15981 15995 11635
0 11635 15995 7066
0 293 10997 13496
0 9869 15165 11864
0 15271 5062 15606
0 11451 4264 2535
0 15194 11451 2535
0 14943 3433 14389
0 16084 10674 16090
0 2599 14943 14117
0 14537 16305 2445
0 12834 13817 15985
0 13497 3115 9169
0 16085 4258 4257
0 16085 3374 4258
0 4264 11451 15967
0 5657 4264 15967
0 15412 1407 1413
0 5680 15170 1644
0 15632 15066 11864
0 15980 15180 15664
0 15181 5680 1644
0 15181 1644 3311
0 12885 15192 227
0 561 522 15195
0 16303 15195 539
0 11074 15205 7578
0 348 352 385
0 15980 15563 3341
0 3374 7667 11323
0 11691 3374 11323
0 15307 15213 16042
0 15213 7402 15965
0 15228 523 561
0 523 15228 574
0 5657 6128 13859
0 2535 4264 15640
0 16042 15240 16079
0 2446 14537 2445
0 356 195 315
0 16490 12203 8763
0 8763 15952 16490
0 11645 15968 15180
0 430 15264 404
0 15264 11780 404
0 15269 12002 9762
0 10696 14918 15553
0 10865 15269 9762
0 14179 9117 15293
0 4258 11691 15433
0 5062 14524 15978
0 15981 10360 15995
0 15301 14388 10360
0 15301 10360 2442
0 7402 15307 16041
0 15307 16079 16041
0 6128 15010 3245
0 14264 8410 14712
0 7672 3341 15321
0 15061 16048 15627
0 523 430 15333
0 15980 15994 15180
0 348 13180 6622
0 348 6622 352
0 5692 16058 11633
0 15850 15351 8782
0 14423 14710 2398
0 1413 15103 15353
0 422 384 388
0 422 406 384
0 15354 114 227
0 14875 114 15354
0 12275 8972 15355
0 12275 15355 10710
0 16493 578 525
0 12885 300 15192
0 121 13496 15159
0 15530 15595 16442
0 385 352 15370
0 15370 352 293
0 2446 14666 14537
0 7984 11913 203
0 15390 3275 5696
0 8125 15390 5696
0 15580 2787 11165
0 15691 2442 3235
0 578 16420 535
0 15964 15400 2531
0 15964 11074 15400
0 15408 12226 9558
0 12226 15408 15194
0 355 416 402
0 14179 11222 14810
0 15103 1421 15393
0 14524 526 16329
0 385 398 5499
0 15321 3341 11400
0 9480 16453 16445
0 15463 11523 2634
0 11780 15428 420
0 4262 4258 15433
0 54 63 33
0 3235 2442 15650
0 227 286 5499
0 15412 1413 15353
0 1425 1541 15469
0 15469 11400 15393
0 2404 14376 14521
0 1401 15595 1396
0 3212 15545 11414
0 12599 4282 4240
0 16033 12599 4240
0 15469 15393 1425
0 15530 11523 15463
0 1405 1399 15463
0 1541 14721 15469
0 15400 15470 15966
0 1405 16087 1411
0 15463 16087 1405
0 11917 11323 7667
0 16082 15486 9558
0 15662 5696 13325
0 15654 15606 15081
0 15606 15654 9945
0 15494 16053 8409
0 430 404 406
0 15240 14553 16079
0 379 15370 293
0 14917 379 293
0 5794 12866 15655
0 14026 5794 15655
0 15581 15213 15965
0 416 15085 15638
0 14607 10666 7984
0 3102 10563 15525
0 5680 15525 10563
0 293 201 14917
0 1399 1396 15530
0 15960 15205 15964
0 15996 15535 2404
0 384 406 315
0 406 356 315
0 518 15428 523
0 11558 7672 15321
0 14527 15355 8972
0 16457 15543 16445
0 1399 15530 15463
0 16442 14751 15966
0 11165 14117 15494
0 15981 3245 10360
0 15982 16445 15543
0 16445 15982 15969
0 15563 11510 11400
0 15563 11400 3341
0 15631 11633 15564
0 16092 15564 11633
0 8408 5692 11633
0 15571 1416 1411
0 539 15195 522
0 15535 15996 12469
0 15580 11865 15633
0 10971 15581 3732
0 195 230 315
0 2444 15996 11111
0 3730 11111 15996
0 3102 15525 14187
0 310 15613 12872
0 15390 8125 11691
0 15530 1396 15595
0 10865 2445 16050
0 10865 16050 15269
0 553 518 574
0 523 15428 15264
0 11074 7578 16083
0 15595 1401 14751
0 14917 187 15008
0 379 15622 385
0 398 385 15622
0 15627 15691 3235
0 15333 430 494
0 16303 576 5062
0 576 14524 5062
0 15613 310 356
0 8408 15631 16050
0 2984 15632 15950
0 2984 15066 15632
0 15580 15633 2984
0 15061 15494 8409
0 12041 15636 15066
0 12041 11967 15636
0 101 187 105
0 201 105 187
0 15638 535 526
0 14302 15165 1959
0 15650 2442 11967
0 2535 15640 15042
0 3245 15636 11967
0 12226 14980 14918
0 11645 15180 2531
0 436 12498 12564
0 15470 16083 15692
0 3235 15650 15633
0 15968 11510 15664
0 15664 11510 15563
0 7402 15213 15307
0 15545 12866 15654
0 15985 15655 12866
0 15631 12002 15269
0 14744 5696 15662
0 15664 15180 15968
0 525 15085 10901
0 15470 16442 15966
0 11523 15530 16442
0 15165 15632 11864
0 11074 15470 15400
0 12276 15983 15691
0 16048 16449 12276
0 13817 12276 16449
0 15985 13817 16449
0 11523 15692 2634
0 16443 15408 15486
0 15633 15650 2984
0 15468 5235 12474
0 7797 15468 12474
0 7404 7732 3730
0 16419 16330 2539
0 16329 11123 15978
0 15993 8936 15979
0 15982 15971 15969
0 16035 16084 16080
0 7662 16454 16450
0 4236 16037 16091
0 2418 16034 2168
0 16056 16091 16090
0 16490 15571 12865
0 4276 16040 16044
0 15213 16443 16042
0 15951 16052 16056
0 7662 5703 15954
0 16412 5703 5704
0 16447 3240 3238
0 15984 16331 15535
0 16452 5704 16049
0 15982 15970 15971
0 15979 16450 16454
0 15439 2445 16305
0 16049 16447 16452
0 3722 15969 15971
0 16457 16448 15543
0 16456 11417 16446
0 15983 15301 2442
0 16447 3238 15970
0 2531 15180 15994
0 408 502 435
0 16343 4454 15963
0 2539 15962 16419
0 2539 3734 2418
0 15958 10032 13856
0 7415 7732 7404
0 10032 15958 2398
0 15956 16420 578
0 15956 578 16444
0 3734 2539 3719
0 14376 3732 15965
0 16443 15213 15581
0 3212 15985 15545
0 14521 15965 7402
0 518 553 16493
0 2418 15962 2539
0 63 121 3191
0 203 13330 14338
0 16452 16447 16451
0 16412 5704 16113
0 16114 7662 15954
0 1537 5688 8115
0 16113 5704 7663
0 7663 5707 16113
0 8124 8119 8115
0 11558 15321 15952
0 16450 16447 16049
0 15953 16303 15271
0 7663 16452 16458
0 2541 3722 15971
0 16445 16453 16457
0 16445 15969 11553
0 16330 16419 15970
0 3722 4454 15969
0 4454 11553 15969
0 16419 15971 15970
0 14388 15995 10360
0 15979 2444 15993
0 3719 2539 16330
0 2541 15971 16419
0 14537 16331 15984
0 16419 15961 7392
0 3717 3730 7732
0 16039 16036 2168
0 7415 16031 16037
0 15982 16451 15970
0 7374 16456 12006
0 16452 7663 5704
0 15982 15543 16448
0 16446 10572 16456
0 16456 10572 12006
0 2444 10572 16446
0 16485 15636 3245
0 502 408 432
0 16485 15010 1644
0 16450 15979 8936
0 7667 1537 16453
0 7663 16458 5707
0 16456 5617 11417
0 15982 16448 16451
0 3240 16330 3238
0 3240 3719 16330
0 2446 5657 15967
0 561 15195 15953
0 16052 15951 16114
0 16054 8123 8119
0 16058 5692 8107
0 4242 16059 16054
0 16092 16055 15564
0 16089 4270 16078
0 4257 4276 16085
0 4276 8124 16085
0 8124 4276 4275
0 3377 16114 15954
0 5692 5699 8107
0 8124 4275 16054
0 16303 15953 15195
0 8119 16113 8115
0 3377 5703 16412
0 8408 10207 5692
0 14065 16053 11439
0 16095 15293 9117
0 3377 16412 16057
0 4236 16052 16088
0 16095 1959 15293
0 16078 16088 16089
0 8124 5688 3374
0 3377 15954 5703
0 15951 5617 16114
0 16051 8107 15951
0 8123 16412 16113
0 16113 8119 8123
0 16034 2418 7739
0 14264 14712 9630
0 11739 16035 16031
0 15963 7388 16344
0 11800 15956 14710
0 16037 16078 16034
0 10978 15960 15964
0 12105 16033 4240
0 4276 16044 4275
0 15692 16083 2634
0 7739 3734 3717
0 7388 15963 7392
0 2168 15961 15962
0 15961 2168 16036
0 4270 16494 16039
0 16078 16039 16034
0 15961 16036 7392
0 15962 2418 2168
0 16344 15959 16343
0 3734 7739 2418
0 7392 16036 7388
0 16088 16052 3377
0 16044 16040 16344
0 16056 4236 16091
0 16088 3377 16089
0 4282 15228 561
0 16040 16038 15959
0 11439 16094 14197
0 16059 4242 16057
0 4270 16057 4242
0 14187 16055 16092
0 16080 16091 16037
0 8119 8124 16054
0 16080 16037 16031
0 16051 16056 16090
0 16085 8124 3374
0 4270 16039 16078
0 16080 16031 16035
0 16042 16082 15240
0 4236 16056 16052
0 11655 16058 8107
0 15953 4282 561
0 8123 16054 16059
0 16087 12203 16490
0 4240 4282 3361
0 16059 16412 8123
0 16059 16057 16412
0 16041 16035 15957
0 16084 16035 16041
0 4276 4257 16040
0 7739 16037 16034
0 15228 4282 574
0 16043 7388 16036
0 16044 16344 7388
0 16039 2168 16034
0 2634 12203 16087
0 16043 16036 16494
0 16082 16092 15240
0 16092 14553 15240
0 4275 16043 4242
0 16080 16084 16090
0 16494 16036 16039
0 7388 16043 16044
0 2634 16087 15463
0 4236 16088 16078
0 16080 16090 16091
0 2634 16083 4260
1 1069 1067 1064
1 1094 1080 1093
1 1105 1094 1127
1 1121 1149 1147
1 5294 3887 4542
1 9276 10397 7788
1 1375 12111 1370
1 1108 1090 1105
1 1128 1112 1122
1 1240 1257 1229
1 1232 16289 16291
1 1270 1284 1290
1 1154 1140 1108
1 1270 1280 1257
1 1280 1270 1290
1 1380 11901 4425
1 1065 1064 1067
1 1125 1169 1149
1 1154 1108 1105
1 1154 1105 1155
1 1125 1098 1137
1 1114 1098 1091
1 1149 1169 1170
1 1127 1155 1105
1 1147 1149 1170
1 1168 1145 1130
1 1114 1091 1103
1 1103 1091 1082
1 1117 1101 1110
1 1128 1174 1146
1 1174 1128 1160
1 5167 14404 8121
1 1125 1164 1169
1 6895 11095 1100
1 1087 1097 1086
1 1065 1073 1064
1 1074 1086 7660
1 9276 7713 4061
1 12485 1168 1135
1 1082 11133 1079
1 1133 1140 1176
1 9413 9695 3743
1 5724 1166 1177
1 4901 1073 1065
1 1192 1176 1178
1 1176 1140 1178
1 1072 1082 1081
1 8053 3743 9695
1 4810 7912 6012
1 3392 1192 12477
1 8639 3425 3392
1 7908 7631 12425
1 7908 12425 10535
1 10235 1095 1084
1 1100 1140 1133
1 12485 3425 8639
1 11059 4143 14957
1 1173 9699 1186
1 1141 1102 1147
1 1104 1102 1141
1 4547 7217 3816
1 11932 8404 1181
1 8184 4061 9970
1 1066 7660 1065
1 1173 1155 5724
1 11903 12388 4441
1 10220 3984 4441
1 1099 1121 1102
1 1102 1121 1147
1 5294 6467 3887
1 4579 4675 11777
1 4441 10514 4579
1 11098 4441 4579
1 1192 1191 12477
1 1143 1209 1172
1 3888 11385 5371
1 4901 1065 7660
1 14740 14346 16292
1 6012 1096 8311
1 10689 16292 8013
1 1087 1091 1098
1 1103 1117 1145
1 1103 1145 1114
1 3390 9215 7512
1 11687 1192 1178
1 5140 10983 11752
1 1078 1072 1068
1 3392 1176 1192
1 3882 11385 3888
1 4901 1099 1102
1 7217 1135 10235
1 10590 1380 1374
1 7508 1089 1079
1 1079 1075 7508
1 8584 1065 1067
1 6474 10535 12425
1 1084 7631 10235
1 1102 1088 4901
1 8404 10203 1181
1 1145 1168 1191
1 7798 10147 8432
1 7912 4810 6467
1 7787 8403 9695
1 12485 8639 12477
1 1135 7217 12485
1 11059 15451 1333
1 9603 1189 1221
1 1145 1191 1171
1 1125 1097 1098
1 1178 1140 1154
1 1094 1105 1080
1 1076 1080 1105
1 8584 1080 1076
1 11095 1092 1100
1 1097 1087 1098
1 7908 10535 6893
1 6895 6893 10535
1 6464 8426 5369
1 1095 1110 1089
1 1080 8584 1067
1 7631 1084 12425
1 1102 1104 1088
1 12477 8639 3392
1 9276 7788 13073
1 1245 12456 1248
1 3888 5371 12644
1 10590 10486 14312
1 1369 10486 10590
1 10397 9276 7814
1 7514 14331 7814
1 9413 8426 6464
1 5724 1175 1184
1 11737 1225 1202
1 11687 1191 1192
1 1191 11687 1171
1 1125 1137 1164
1 1288 1276 1252
1 6884 16292 14346
1 8184 6884 14257
1 1078 1068 1090
1 1084 1089 7508
1 1143 1907 9767
1 5140 14237 1907
1 1078 1090 1092
1 1188 2726 8572
1 1188 8572 1240
1 3939 10486 10758
1 3984 3939 10758
1 1117 1130 1145
1 4541 13981 6472
1 1081 1091 1087
1 6895 10535 6474
1 1090 1076 1105
1 1184 1173 5724
1 12485 7217 7969
1 3392 3425 1744
1 8184 14257 12748
1 8432 5371 10646
1 7713 8404 11932
1 8013 6884 8184
1 1092 1107 1100
1 1100 1107 1140
1 1083 7908 6893
1 1231 1246 9603
1 1172 1122 1143
1 1251 9623 1229
1 9623 1211 1229
1 3392 1744 1176
1 12748 7514 7814
1 7814 9276 14332
1 1173 1184 9699
1 1184 1169 9699
1 1276 11330 1219
1 1276 1219 1252
1 4901 1088 1073
1 1212 8013 8555
1 1143 9767 1209
1 9767 14237 1209
1 3390 7512 8924
1 1082 1089 1101
1 1082 1101 1103
1 11095 6474 8716
1 9699 1169 1186
1 1177 1175 5724
1 1109 1096 8053
1 6012 8053 1096
1 8432 10646 8311
1 1093 1080 1077
1 1188 1240 1211
1 1094 1093 1124
1 1186 11687 1178
1 1092 4858 1078
1 1172 1179 1122
1 1160 1122 1179
1 1198 11931 1202
1 8555 13827 7512
1 1089 1082 1079
1 11359 7912 3743
1 11359 3743 8053
1 8426 6467 5369
1 5369 6467 5294
1 1074 1066 10160
1 1068 10160 1066
1 11095 8716 1092
1 1092 8716 4858
1 4143 7470 5167
1 10233 6464 12168
1 9215 16290 11381
1 7788 13835 7798
1 14922 11201 8121
1 10235 8423 3816
1 1068 8584 1076
1 1076 1090 1068
1 4675 15168 10400
1 1074 1081 1087
1 1240 1284 1270
1 1240 1246 1284
1 3882 13774 11385
1 3882 16292 13774
1 1171 11687 1186
1 7713 1109 8053
1 1319 1301 1296
1 11430 1248 1220
1 12456 1172 1209
1 1220 12456 1209
1 1074 7660 1066
1 1251 10983 10454
1 1251 10454 9623
1 12061 6467 4810
1 13827 1743 7512
1 1099 1086 1097
1 1154 1155 1173
1 4858 6474 1075
1 8013 8184 9970
1 6472 13909 4541
1 7700 4858 1075
1 1083 7787 9413
1 11133 7700 1079
1 1072 1078 7700
1 1083 9413 6464
1 8432 12001 7798
1 1135 1168 1130
1 1135 1130 1110
1 1240 1229 1211
1 8013 16292 6884
1 13774 4542 3887
1 1151 1188 13909
1 13909 1188 4541
1 1160 1128 1122
1 1195 1172 12456
1 1125 1149 1121
1 1252 1202 1242
1 1198 1219 1221
1 9695 9413 7787
1 11752 14237 5140
1 1273 11156 11108
1 1323 1328 1296
1 1323 1296 1290
1 1289 1252 1242
1 1289 1242 1272
1 1103 1101 1117
1 1198 1160 11931
1 4724 12111 9238
1 12001 7788 7798
1 10758 1369 1360
1 1143 6013 1907
1 13073 7788 12001
1 5167 8121 11901
1 11901 10590 5167
1 13835 12399 7798
1 1112 6013 1143
1 1202 1252 1219
1 1171 1186 1164
1 1137 1171 1164
1 15447 12388 1323
1 1082 1072 11133
1 1072 7700 11133
1 1270 1257 1240
1 10590 14312 5167
1 1369 10590 1374
1 11156 1195 1245
1 9970 4061 11932
1 8013 9970 1181
1 10486 1369 10758
1 16291 8394 1211
1 10514 3984 10758
1 11108 1283 1301
1 1301 1283 1296
1 1202 1219 1198
1 10758 1360 1355
1 10514 10758 1355
1 1184 1170 1169
1 7908 8423 7631
1 1235 14237 11752
1 11059 1333 7470
1 10147 6472 8432
1 7700 1078 4858
1 1743 10203 8403
1 10203 9695 8403
1 11330 1221 1219
1 1231 1221 11330
1 7631 8423 10235
1 1271 11430 1257
1 4540 12168 5369
1 4540 4546 4547
1 8402 4546 4540
1 8394 14481 3888
1 8394 4541 1211
1 4542 10689 8396
1 4547 10233 12168
1 8394 13981 4541
1 14740 16292 3882
1 4579 11777 11098
1 11777 7982 11098
1 1154 1173 1178
1 1173 1186 1178
1 10203 8053 9695
1 8013 1181 8555
1 12425 7508 1075
1 12456 1245 1195
1 10397 13835 7788
1 1907 10397 5140
1 10943 1355 1358
1 10514 1355 10943
1 1318 11857 1312
1 3887 6467 12061
1 1099 1097 1121
1 7470 6903 14404
1 11098 1319 1328
1 11201 4425 8121
1 5210 7787 6893
1 7787 5210 8403
1 5724 1155 1166
1 1175 1147 1170
1 1175 1182 1147
1 1147 1182 1141
1 1175 1170 1184
1 1074 1072 1081
1 12111 14299 1370
1 10646 4810 6012
1 9603 1246 2726
1 10203 1743 13827
1 1257 1235 1251
1 15547 7982 1318
1 1296 1328 1319
1 1358 1365 11219
1 1317 15460 1288
1 1229 1257 1251
1 1370 11219 1365
1 11219 10943 1358
1 1092 1090 1107
1 11156 1273 1225
1 1074 10160 1072
1 1068 1072 10160
1 11931 11737 1202
1 1179 1195 11737
1 11752 1251 1235
1 10646 6012 8311
1 1225 1242 1202
1 1301 7982 15547
1 11903 4441 11098
1 1391 11130 1386
1 8572 2726 1246
1 8572 1246 1240
1 12477 1191 1168
1 14237 12301 1209
1 11201 1391 4425
1 1086 1099 4901
1 1086 4901 7660
1 1317 12262 1333
1 12262 15656 1333
1 1179 11737 11931
1 1248 11430 1271
1 1068 1066 8584
1 1066 1065 8584
1 16292 4542 13774
1 16290 3390 13510
1 16289 14481 8394
1 16290 4546 8402
1 7969 3425 12485
1 13510 4546 16290
1 11931 1160 1179
1 12485 12477 1168
1 11430 1235 1257
1 11694 15688 4181
1 15688 15363 4181
1 7217 14364 7969
1 15688 11857 15363
1 10400 11777 4675
1 11857 1313 1312
1 15589 11694 4181
1 11694 15589 6903
1 1311 1298 14847
1 14331 10397 7814
1 4724 9238 14068
1 4542 16292 10689
1 4542 8396 5112
1 1391 11201 11130
1 1328 12388 11903
1 1328 11903 11098
1 1322 1313 11857
1 1317 1322 12262
1 1380 10590 11901
1 11219 1370 14299
1 11201 14922 11130
1 12154 11430 1220
1 14237 12154 12301
1 1290 1296 1280
1 11130 1381 1386
1 11130 9238 1381
1 1257 1280 1271
1 1288 1252 1289
1 1189 1146 1174
1 8396 1212 11381
1 1166 1155 1127
1 10689 8013 1212
1 1067 1069 1077
1 1097 1125 1121
1 1283 1280 1296
1 13680 11460 1133
1 1284 1298 12254
1 1284 12254 1290
1 1375 1381 12111
1 12111 1381 9238
1 7912 6467 8426
1 1109 9276 13073
1 1100 11526 6895
1 1067 1077 1080
1 15656 11694 6903
1 12301 1220 1209
1 12301 12154 1220
1 9238 11130 14922
1 7908 1083 13271
1 7908 13271 8423
1 12456 1220 1248
1 15363 10400 4181
1 6893 6895 5210
1 5210 6895 11526
1 1273 11108 1301
1 8311 1096 13073
1 7798 12399 10147
1 13909 6472 10147
1 1272 1225 1273
1 1225 1272 1242
1 15460 1276 1288
1 1283 1271 1280
1 11108 11156 1245
1 1140 1107 1108
1 1245 1283 11108
1 1245 1248 1283
1 8432 6472 12644
1 1087 1086 1074
1 1272 1273 15547
1 9970 11932 1181
1 11156 1225 1195
1 11737 1195 1225
1 1091 1081 1082
1 1283 1248 1271
1 1235 11430 12154
1 5112 8396 8402
1 14237 1235 12154
1 1169 1164 1186
1 2726 1189 9603
1 5371 12061 4810
1 3887 12061 5371
1 11381 8402 8396
1 1175 1177 1182
1 1084 1095 1089
1 5210 11460 1742
1 11526 1100 11460
1 1130 1117 1110
1 13271 3816 8423
1 5369 5294 5112
1 1095 1135 1110
1 1095 10235 1135
1 3390 8924 1744
1 8924 1742 1744
1 6464 13271 1083
1 8432 12644 5371
1 3888 12644 6472
1 8184 12748 4061
1 12748 7814 14332
1 9215 3390 16290
1 9413 3743 8426
1 1143 1122 1112
1 1112 1119 12399
1 12399 1119 10147
1 3425 3390 1744
1 7217 10235 3816
1 1109 13073 1096
1 13971 1743 8403
1 1743 13971 8924
1 6893 7787 1083
1 1112 12399 6013
1 10646 5371 4810
1 7969 14364 13510
1 3425 7969 13510
1 14299 15208 11219
1 8396 10689 1212
1 7512 9215 8555
1 9215 11381 1212
1 1090 1108 1107
1 1101 1089 1110
1 13510 3390 3425
1 14847 1275 1311
1 1744 1133 1176
1 1133 11460 1100
1 1171 1137 1114
1 1171 1114 1145
1 12425 1084 7508
1 8555 9215 1212
1 1744 13680 1133
1 12425 1075 6474
1 6895 6474 11095
1 1743 8924 7512
1 1114 1137 1098
1 16289 8394 16291
1 10203 13827 1181
1 6013 13835 1907
1 10397 1907 13835
1 13680 1742 11460
1 1742 13680 1744
1 1094 1124 1127
1 1127 1124 1166
1 5210 13971 8403
1 13971 1742 8924
1 8394 3888 13981
1 13981 3888 6472
1 9603 1221 1231
1 1119 1146 1151
1 1119 1128 1146
1 11385 3887 5371
1 14612 10943 11219
1 10514 10943 14612
1 4441 3984 10514
1 15451 11059 10445
1 1298 1311 15447
1 10983 1251 11752
1 15024 15363 11857
1 15024 10400 15363
1 15447 10445 10220
1 14257 7514 12748
1 1232 7514 14257
1 1319 7982 1301
1 1146 1189 2726
1 7700 1075 1079
1 1742 13971 5210
1 7713 11932 4061
1 11526 11460 5210
1 4540 5112 8402
1 5369 5112 4540
1 11059 14957 10445
1 10445 14957 10220
1 1907 14237 9767
1 10454 10983 16291
1 14299 4724 4675
1 4143 14312 3939
1 14312 4143 5167
1 7514 15381 14331
1 5140 10397 14331
1 14332 9276 4061
1 12748 14332 4061
1 4540 4547 12168
1 16289 1232 14346
1 14257 14346 1232
1 13774 3887 11385
1 4547 4546 14364
1 14364 4546 13510
1 5369 12168 6464
1 4675 4724 15168
1 15168 4724 14068
1 7425 14404 6903
1 10400 15024 11777
1 1322 1317 15501
1 15501 1313 1322
1 1318 15024 11857
1 6012 7912 11359
1 6012 11359 8053
1 16291 10983 15381
1 14481 3882 3888
1 16289 3882 14481
1 16290 8402 11381
1 13271 6464 10233
1 4547 3816 10233
1 8716 6474 4858
1 15460 1317 1311
1 15208 14612 11219
1 10514 14612 4579
1 5294 4542 5112
1 7713 8053 8404
1 4425 11901 8121
1 12388 10220 4441
1 16289 14346 14740
1 16289 14740 3882
1 8555 1181 13827
1 10454 16291 9623
1 10220 3939 3984
1 1231 1276 1275
1 1231 11330 1276
1 1188 1151 2726
1 14312 10486 3939
1 1172 1195 1179
1 1246 1231 14847
1 7425 8121 14404
1 1198 1221 1174
1 1174 1221 1189
1 14957 3939 10220
1 1119 13909 10147
1 6013 12399 13835
1 1298 15447 1323
1 1174 1160 1198
1 6884 14346 14257
1 12254 1298 1323
1 12254 1323 1290
1 1318 7982 15024
1 3816 13271 10233
1 11098 7982 1319
1 5140 15381 10983
1 15381 5140 14331
1 4143 11059 7470
1 7217 4547 14364
1 16291 1211 9623
1 13909 1119 1151
1 1151 1146 2726
1 1318 1312 15547
1 1119 1112 1128
1 14957 4143 3939
1 1231 1275 14847
1 15208 4675 4579
1 4579 14612 15208
1 1284 14847 1298
1 15460 1275 1276
1 1288 1289 1313
1 1289 1312 1313
1 15447 10220 12388
1 1232 15381 7514
1 16291 15381 1232
1 7425 15589 14068
1 12111 4724 14299
1 15168 14068 4181
1 8432 8311 12001
1 8311 13073 12001
1 1211 4541 1188
1 1323 12388 1328
1 1322 11857 15688
1 10400 15168 4181
1 1289 1272 1312
1 14299 4675 15208
1 15447 15451 10445
1 7470 14404 5167
1 15024 7982 11777
1 15501 1317 1288
1 1288 1313 15501
1 7425 14068 9238
1 14847 1284 1246
1 12262 1322 15656
1 15688 11694 15656
1 15547 1273 1301
1 9238 14922 7425
1 7425 14922 8121
1 1311 15451 15447
1 1317 1333 1311
1 15451 1311 1333
1 15589 7425 6903
1 15547 1312 1272
1 1275 15460 1311
1 15656 6903 7470
1 1333 15656 7470
1 15589 4181 14068
1 1322 15688 15656
1 3743 7912 8426
1 8404 8053 10203
1 9276 1109 7713
2 13199 6710 16400
2 8994 8357 6616
2 3806 9511 3807
2 6688 14803 15944
2 42 11744 29
2 380 428 399
2 8813 8516 5449
2 5902 12020 10249
2 267 317 284
2 5110 3043 13568
2 13530 3013 9158
2 82 156 107
2 161 192 213
2 4361 9190 9721
2 186 226 291
2 9625 13440 8439
2 267 284 246
2 5006 1464 7906
2 15018 12634 10832
2 295 238 243
2 6269 13689 7702
2 565 7621 1854
2 495 15304 540
2 213 177 131
2 317 369 5077
2 122 8323 70
2 166 96 138
2 172 202 153
2 341 255 284
2 9625 8439 8440
2 378 426 393
2 329 295 5957
2 175 309 218
2 47 8323 38
2 421 391 393
2 291 264 186
2 13440 37 75
2 8813 5052 8516
2 378 393 377
2 499 421 16310
2 127 211 183
2 7018 9868 273
2 182 306 216
2 317 329 369
2 7906 4495 13978
2 14157 8440 8439
2 246 284 255
2 15848 8080 8175
2 12526 7963 6714
2 9158 6598 4881
2 15817 3801 10370
2 161 153 192
2 5902 6511 6616
2 6511 12814 6616
2 2267 8756 1464
2 16399 6577 8228
2 6577 16399 10363
2 6683 1640 1645
2 7606 7261 14108
2 14410 10418 10132
2 13617 8179 8802
2 8179 9974 8802
2 5444 12957 12728
2 14595 11426 15751
2 6598 9158 11343
2 10067 15630 11338
2 6675 7346 8950
2 12959 16015 9348
2 6604 7975 11684
2 15517 11338 15630
2 5100 5103 6261
2 11602 12338 7607
2 504 3328 9531
2 6087 8222 5912
2 7906 14191 5004
2 282 154 186
2 107 156 186
2 380 431 428
2 16398 2810 9026
2 7905 11862 5007
2 410 431 380
2 11073 9625 8440
2 13978 14191 7906
2 7906 10691 5006
2 4361 4052 9190
2 273 4052 7018
2 257 247 213
2 16401 15937 2379
2 7018 3679 9868
2 317 341 284
2 392 414 378
2 102 177 14578
2 4620 11715 6717
2 8994 12814 7359
2 9374 2382 5052
2 5052 8813 9374
2 9927 15751 11426
2 15945 9995 4442
2 75 14717 173
2 14634 3157 4245
2 3543 14634 4245
2 6004 15804 6092
2 8179 12706 4281
2 5007 11215 7905
2 11409 8076 13798
2 7468 7469 2991
2 7468 16012 7469
2 7963 2267 13731
2 2384 7963 13731
2 6577 3726 10039
2 9998 6594 6261
2 5096 7851 15359
2 5103 4305 4304
2 5851 2864 7527
2 3431 10273 15940
2 5953 2382 9927
2 5110 4421 13933
2 12520 11575 15949
2 5759 8718 3026
2 4620 8228 14842
2 3026 2864 5851
2 2368 5851 7527
2 1464 5006 11318
2 6759 6023 12814
2 6759 12814 6511
2 15751 3920 14287
2 8179 3758 9974
2 11351 4677 3679
2 11575 12520 6680
2 10576 8516 5052
2 13442 6597 15283
2 5100 5104 4306
2 12143 10049 6090
2 13648 6099 8705
2 12356 16414 10049
2 8179 13617 12706
2 4504 10842 16414
2 5959 8790 5968
2 5851 12362 3026
2 5935 10742 6565
2 13914 6090 10049
2 15817 13674 3801
2 15027 6557 7621
2 3340 3338 15948
2 14157 8439 9489
2 14360 11663 6848
2 9608 15804 11174
2 10691 13062 5006
2 5105 9628 12771
2 5902 11623 6511
2 4300 5096 15359
2 4306 5104 4300
2 5094 4304 6559
2 4307 5107 4308
2 9927 14489 15751
2 3445 6997 8718
2 15946 8525 5904
2 6683 1645 10607
2 11744 2129 6023
2 15945 10275 6289
2 15945 4442 10275
2 14287 6651 15751
2 6243 9678 2686
2 5445 11532 5051
2 5424 6243 2686
2 9481 6676 9728
2 3445 2864 6997
2 6997 2864 3026
2 4837 3447 5445
2 13559 272 206
2 2384 10733 5959
2 3156 7643 11409
2 4668 5709 6561
2 6131 5709 14455
2 13504 16077 6603
2 3024 2992 14598
2 4552 5005 10052
2 16411 175 3569
2 8538 504 414
2 8538 412 504
2 6616 12814 8994
2 6505 10151 1415
2 6099 13648 3772
2 5636 15848 5730
2 4533 6616 11178
2 6333 8718 5759
2 3353 14829 5004
2 5005 13045 10052
2 7643 8076 11409
2 4067 4121 10993
2 3333 12060 6264
2 6604 6627 7975
2 15151 4442 9995
2 2494 11690 3352
2 5098 6590 13494
2 3334 7702 13494
2 12489 5638 15817
2 144 29 13172
2 13828 11663 4681
2 5636 5726 12438
2 4881 8819 14108
2 193 238 267
2 6680 12696 16077
2 12926 6563 11848
2 10318 9330 5102
2 5449 12184 14809
2 6676 6848 11663
2 6089 12764 15803
2 5730 15848 13973
2 8328 13228 6000
2 15849 12554 16414
2 12809 3738 4767
2 4767 3920 12809
2 5652 12634 6456
2 7843 7845 4305
2 13985 6988 3801
2 10480 6988 14293
2 141 15803 12764
2 6848 16076 11684
2 11850 12362 5851
2 11215 5007 10524
2 6676 16076 6848
2 10067 14823 15630
2 10842 4504 3829
2 8950 9427 5532
2 5532 9427 11445
2 10531 42 108
2 10531 11744 42
2 11223 3679 7018
2 5366 11223 7018
2 11631 11665 15849
2 8525 7455 3348
2 10370 3801 3810
2 7261 4556 15099
2 4556 7261 7600
2 16414 13527 15849
2 267 329 317
2 15943 6288 13620
2 351 264 291
2 10052 3445 3772
2 10052 3772 6092
2 13351 16415 15550
2 104 16415 13351
2 6049 2730 7399
2 7399 2730 2652
2 12387 501 12512
2 6456 3168 14127
2 5961 7052 16415
2 5450 5002 11146
2 3447 4837 5110
2 15848 12438 8080
2 6716 5759 3026
2 9427 7346 6598
2 3769 14823 12184
2 3788 10132 13171
2 4777 6675 9481
2 15749 9838 11463
2 16015 5632 11541
2 14595 6651 3811
2 6651 14595 15751
2 336 4052 273
2 5366 7501 10249
2 5904 10132 3788
2 15946 5904 3788
2 15747 9708 8301
2 6720 7905 10494
2 9511 12026 3807
2 15941 3600 3601
2 15680 7723 15626
2 10733 8915 1948
2 10063 3078 7723
2 15145 9833 3446
2 392 218 309
2 6594 3340 6256
2 11268 6099 3175
2 11343 3809 6607
2 6598 11343 6607
2 3829 11984 7581
2 3829 7581 10273
2 572 10871 540
2 392 8538 414
2 392 412 8538
2 291 7643 351
2 15940 9026 3431
2 9531 414 504
2 15941 12177 6713
2 3802 7136 14105
2 5656 6261 6256
2 6261 5656 5100
2 6004 8705 11831
2 15849 5382 4829
2 8367 10576 5052
2 5008 3174 5912
2 15946 3788 7247
2 6279 15948 3338
2 1948 3808 8790
2 9489 8994 7359
2 3340 6287 15943
2 14298 11602 6289
2 206 144 13559
2 516 549 12512
2 7906 13183 4495
2 13172 6023 6759
2 13477 5301 7083
2 4677 10531 10840
2 6663 243 7524
2 4677 2129 10531
2 9030 504 549
2 549 15031 9030
2 504 412 549
2 14652 6425 4999
2 9030 3328 504
2 1463 10208 143
2 4305 5103 5100
2 7604 15031 13970
2 16012 12338 14221
2 7754 4556 14155
2 7754 14155 15947
2 7178 6333 5759
2 6716 7178 5759
2 9190 4052 336
2 9190 336 372
2 2368 7527 9191
2 15747 2368 9191
2 7605 6279 6688
2 15804 6004 11629
2 7083 15214 13477
2 8076 7643 291
2 3596 8175 3600
2 4308 5094 6559
2 4306 7843 13417
2 4777 9481 9728
2 7793 6600 7843
2 194 269 262
2 91 49 106
2 49 91 78
2 11464 3601 8080
2 14798 3347 6269
2 429 501 12387
2 3338 3340 6594
2 12625 8076 156
2 10809 10993 6715
2 7576 10809 6715
2 7844 7468 2991
2 4308 6559 2991
2 6616 8357 11178
2 3431 14059 7990
2 5995 15295 10882
2 11858 7495 323
2 14171 3806 16413
2 13062 8089 5006
2 10607 1645 6677
2 6689 10607 6677
2 175 194 262
2 7483 14958 6451
2 10151 1424 1420
2 10151 16077 13833
2 5916 5911 13085
2 13085 5726 5916
2 11783 8228 6577
2 13504 13833 16077
2 6988 3810 3801
2 14049 1941 5051
2 15804 9462 7493
2 7493 9462 8576
2 10599 14853 2946
2 9874 6669 11068
2 13913 8488 7582
2 8438 7359 2129
2 13273 2129 7359
2 280 338 257
2 7505 5638 3771
2 3771 5638 9196
2 192 257 213
2 3788 6592 7247
2 7606 8819 6675
2 4777 8525 9652
2 8089 10238 5424
2 5424 10238 16413
2 89 8328 5002
2 226 156 8076
2 11532 9271 8222
2 8222 9271 5912
2 6425 11862 4999
2 15848 8175 13973
2 13970 6669 9874
2 8114 537 567
2 6677 11128 1642
2 6677 1642 7971
2 9722 11068 6669
2 9722 6597 2034
2 8488 13913 5445
2 6333 6710 10208
2 9721 372 335
2 13707 3352 5005
2 6090 13914 12195
2 14798 3334 8604
2 8610 7586 14049
2 7963 11257 6714
2 3806 13575 9678
2 11232 15145 5913
2 11541 9330 16015
2 7845 6600 1645
2 8272 5911 4281
2 7905 10352 11862
2 262 269 301
2 11649 301 383
2 6049 12184 5449
2 5366 4361 7501
2 7493 276 7492
2 11174 7493 7492
2 9191 7527 10992
2 10685 3174 15817
2 10685 15817 8081
2 7607 7601 11314
2 13440 75 8439
2 13085 5911 7004
2 10806 9838 3598
2 4361 5366 4052
2 4052 5366 7018
2 15938 16400 10137
2 7004 5911 8272
2 7599 13730 9454
2 13486 8813 5301
2 15802 4552 9608
2 12184 14823 14809
2 7606 14108 8819
2 247 330 225
2 9190 372 9721
2 378 377 260
2 6675 8950 9481
2 6717 10232 8326
2 8326 10232 3759
2 6713 8411 6710
2 143 6710 8411
2 5916 5726 5636
2 276 8301 9708
2 10609 8576 8301
2 5959 11257 2384
2 7963 2384 11257
2 10238 14171 16413
2 11665 13085 7004
2 7501 4361 11623
2 16015 13052 5632
2 6710 6333 7178
2 16400 6710 7178
2 13045 5005 11690
2 13091 3818 5992
2 7490 2730 11040
2 2864 11690 7527
2 2864 13045 11690
2 8323 79 38
2 11532 8222 11341
2 2034 15099 11068
2 255 280 202
2 14446 9874 7754
2 7493 8576 10609
2 8076 4676 13798
2 6577 10363 3726
2 15747 10992 10810
2 15747 10810 9708
2 11409 3157 14634
2 7601 11471 6683
2 12300 15944 3337
2 10104 3328 565
2 1854 10104 565
2 7844 1640 7468
2 3505 12957 5444
2 10039 3726 6000
2 10136 335 272
2 13559 10136 272
2 5008 9271 3447
2 9271 5445 3447
2 6680 11437 5500
2 6680 12520 11437
2 10137 16400 14272
2 10137 14272 14853
2 9158 2034 13530
2 10399 11164 15495
2 521 431 410
2 3809 16015 9330
2 9569 4698 7581
2 7581 11984 9569
2 13933 4421 9196
2 6603 4668 13326
2 10576 14867 14458
2 5959 10733 8790
2 7606 6675 4777
2 4777 9652 7606
2 13575 5968 8790
2 8705 10806 11831
2 11831 10806 3598
2 226 8076 291
2 11575 6680 10151
2 6680 16077 10151
2 5102 9330 6454
2 12543 3772 8883
2 8883 1463 3175
2 10363 16399 4504
2 347 330 247
2 5425 14105 7136
2 49 78 39
2 13273 7359 12814
2 10362 6093 11232
2 16401 6711 12177
2 6713 12177 8411
2 5916 11698 5108
2 13648 8705 6004
2 12300 3337 9995
2 6594 12159 9001
2 338 347 257
2 9026 14059 3431
2 4533 12972 3543
2 9489 8439 75
2 410 380 375
2 380 298 375
2 7905 6720 8326
2 8326 10352 7905
2 9868 3679 4677
2 7576 9511 13703
2 6454 10418 5102
2 10132 10418 6454
2 380 399 298
2 175 133 194
2 118 193 172
2 9721 335 10136
2 3446 9332 143
2 572 540 10994
2 13442 572 10994
2 3447 9196 5008
2 9196 5638 5008
2 5916 5108 5911
2 2383 16399 4620
2 7460 7795 11506
2 7606 9652 7600
2 7600 9652 15946
2 216 306 279
2 6505 1415 9829
2 1410 9829 1415
2 12311 12960 12764
2 13985 9678 3808
2 6004 11831 8079
2 11575 6505 9829
2 11690 5005 3352
2 521 12423 499
2 14619 8081 10370
2 403 499 401
2 1645 6600 11128
2 5450 11146 3759
2 12696 5500 6131
2 4442 6260 10970
2 15849 4829 12554
2 15283 9722 6669
2 15283 6597 9722
2 13166 14413 16017
2 13166 10970 6260
2 524 555 501
2 5051 1941 8488
2 5656 3343 5104
2 186 154 107
2 6261 6594 6256
2 276 10609 8301
2 7493 10609 276
2 9332 1463 143
2 10480 3810 6988
2 10480 1948 11190
2 175 262 309
2 8950 10063 9481
2 10063 8950 3078
2 8525 4777 9728
2 11946 6711 2379
2 9678 13985 2686
2 11274 12362 2381
2 3156 13270 7643
2 13410 8411 6711
2 12177 6711 8411
2 12972 3156 14634
2 342 391 382
2 391 403 382
2 6600 7793 7460
2 238 295 329
2 9833 9332 3446
2 247 177 213
2 15949 15018 10832
2 7990 11631 15849
2 6089 15803 11118
2 15938 11119 15749
2 13970 9874 14446
2 13552 9517 14685
2 11105 8440 8438
2 6287 15948 6687
2 8819 7346 6675
2 11296 4681 11663
2 8114 6606 10994
2 7605 6687 15948
2 11575 14403 15949
2 6287 6687 6288
2 7605 15948 6279
2 537 8114 540
2 12026 5968 3807
2 9002 5968 12026
2 4281 5911 12843
2 264 351 12124
2 3328 554 12245
2 565 3328 12245
2 2384 5422 8915
2 2384 8915 10733
2 12809 9374 3738
2 9374 3902 3738
2 14272 2946 14853
2 11012 2383 6717
2 15946 7247 7600
2 2368 13147 10800
2 6720 10494 9569
2 9569 6376 6720
2 11984 6376 9569
2 9475 14476 3343
2 5953 12648 14598
2 5953 14598 8367
2 4552 10052 6092
2 12393 5301 13477
2 9608 4552 6092
2 264 12124 349
2 349 12124 373
2 10871 495 540
2 495 10871 524
2 365 3156 12972
2 11831 3598 12157
2 7460 1642 6600
2 13326 4668 9628
2 14127 9829 1410
2 13925 5382 7004
2 7004 8272 13925
2 572 8264 10871
2 3598 10599 12157
2 391 421 403
2 3445 13045 2864
2 8525 9728 7455
2 15945 11620 7607
2 11602 7607 11620
2 11613 2381 13147
2 8915 3043 7582
2 8915 7582 1948
2 3343 5656 6256
2 521 499 1854
2 10132 6454 13171
2 8080 3601 8175
2 15750 11613 13147
2 12430 11463 3596
2 8175 3596 10362
2 10810 12487 3608
2 12362 11274 3026
2 6716 3026 11274
2 78 175 16411
2 13228 10039 6000
2 8114 10994 540
2 383 301 407
2 5007 11862 3180
2 10871 8264 524
2 11437 9454 5500
2 6607 3809 10318
2 14417 9475 15943
2 12337 10599 2946
2 14476 9475 14417
2 243 10449 7524
2 5709 6610 11605
2 6131 6610 5709
2 3323 7975 10972
2 10972 11602 14298
2 5485 14333 7490
2 13865 7524 15187
2 7524 14287 6663
2 12157 10599 12337
2 8264 13970 555
2 6627 13484 7852
2 7793 7795 7460
2 6610 7851 11605
2 7469 7852 2991
2 211 11092 183
2 11092 269 183
2 302 231 282
2 6606 8114 6557
2 10840 9868 4677
2 434 12512 549
2 10396 15281 10742
2 13486 9374 8813
2 14809 13556 5449
2 11119 14853 15749
2 11119 10137 14853
2 9531 16310 414
2 5449 8516 11124
2 11124 6049 5449
2 15943 13620 14417
2 10742 5935 10449
2 257 347 247
2 5444 12728 3353
2 14864 7848 14538
2 6557 8114 567
2 6559 7844 2991
2 4308 7852 4307
2 9950 4304 5094
2 4306 7795 7793
2 4305 7845 4304
2 4304 7844 6559
2 6557 15027 6606
2 85 172 153
2 12423 401 499
2 401 12423 410
2 2992 8610 4066
2 2992 12649 8610
2 11649 383 309
2 287 382 306
2 9973 2267 1464
2 11318 4421 9973
2 15945 12300 9995
2 15151 9995 11853
2 373 12877 347
2 373 351 12877
2 2034 4881 15099
2 9158 4881 2034
2 12159 6594 9998
2 8756 13183 1464
2 8756 7963 12526
2 12438 5726 3803
2 5650 5094 10023
2 1415 10151 1420
2 3174 12489 15817
2 14200 5485 10859
2 15848 5636 12438
2 3726 10049 12143
2 13631 6867 11605
2 4121 2494 3505
2 15151 6260 4442
2 15940 7581 9517
2 15940 10273 7581
2 4067 12487 4121
2 11532 5445 9271
2 572 6669 8264
2 2267 7963 8756
2 5632 6454 11541
2 6676 10063 16076
2 10063 7723 16076
2 104 10685 16415
2 7795 6610 11506
2 10063 6676 9481
2 12487 12242 3608
2 3608 12242 9757
2 11068 12650 9874
2 4990 4797 15558
2 5422 3043 8915
2 5422 13568 3043
2 6717 11715 10232
2 10232 11524 3759
2 11105 11351 8440
2 5366 10249 4245
2 5902 6616 12020
2 4620 6717 2383
2 3598 9838 10599
2 6716 14272 16400
2 4301 12959 9348
2 5901 225 330
2 6716 2381 14272
2 3431 3829 10273
2 3829 10274 6376
2 554 3328 9030
2 8079 11831 12157
2 6688 14768 6689
2 7261 7606 7600
2 3818 11336 5992
2 6716 11274 2381
2 14221 7469 16012
2 429 495 11293
2 11293 501 429
2 12311 7495 12960
2 5424 16413 6243
2 16413 3806 6243
2 16015 12959 14789
2 14789 13052 16015
2 5904 8525 3348
2 3348 14410 5904
2 2946 14272 2381
2 10840 108 190
2 190 9868 10840
2 10363 4504 3726
2 5995 10882 15554
2 5902 7501 11623
2 8301 8576 15750
2 10733 1948 8790
2 6089 12998 12764
2 7852 13484 14864
2 4307 7852 14864
2 12337 2946 11613
2 4556 7754 12650
2 3343 4300 5104
2 8705 6099 10806
2 6683 11471 1640
2 11293 495 524
2 15420 401 410
2 10806 11463 9838
2 5968 9002 5959
2 9002 6714 5959
2 9002 7576 14177
2 7576 9002 9511
2 7852 7469 6627
2 14783 71 15281
2 186 156 226
2 11946 9974 6711
2 6597 3013 13530
2 4681 8604 7455
2 7455 9728 4681
2 302 349 353
2 10494 7905 11215
2 10494 4698 9569
2 10742 10449 15087
2 15222 14652 8328
2 15817 7505 13674
2 12338 7601 7607
2 6087 104 11040
2 7490 11040 104
2 243 15583 132
2 4194 10524 4281
2 10524 8272 4281
2 7495 11858 141
2 169 132 15583
2 7490 14333 2730
2 5961 15939 7585
2 7585 15939 1941
2 10531 2129 11744
2 11409 4119 3157
2 9722 2034 11068
2 11068 15099 12650
2 11040 11243 12828
2 9271 5008 5912
2 2946 2381 11613
2 8301 13147 15747
2 2368 15747 13147
2 238 15583 243
2 9838 15749 10599
2 10599 15749 14853
2 3446 4998 10602
2 5500 9454 10358
2 6090 6425 14652
2 15804 7493 11174
2 65 34 27
2 34 103 27
2 4121 10992 2494
2 11629 6004 8079
2 11629 8079 9462
2 5105 12771 6561
2 12771 4668 6561
2 298 301 269
2 15438 11164 163
2 262 301 11649
2 262 11649 309
2 7906 5004 10691
2 10691 5004 3178
2 9868 190 273
2 323 10809 13703
2 10418 6590 11269
2 8155 6590 10418
2 4680 10970 15445
2 11040 12828 6087
2 8089 11318 5006
2 15541 10396 70
2 7604 554 15031
2 15018 15949 14403
2 15947 6592 5632
2 11164 10399 163
2 10972 7975 6627
2 12362 11850 10800
2 12362 10800 2381
2 5077 369 353
2 14360 11296 11663
2 11296 4680 3347
2 8367 14598 10576
2 9974 4998 6711
2 3811 15652 11338
2 11341 14484 4066
2 11341 8222 11495
2 9158 3013 11343
2 3013 3809 11343
2 10806 6099 11268
2 12487 10810 4121
2 14295 3920 4767
2 211 375 11092
2 9330 11541 6454
2 15359 6610 7795
2 15359 7851 6610
2 8079 12157 8576
2 11341 11495 14484
2 10840 10531 108
2 9348 3809 3013
2 9348 16015 3809
2 13091 5992 3769
2 11397 5912 3174
2 399 301 298
2 399 407 301
2 3445 8883 3772
2 14458 14867 4797
2 13970 14446 7604
2 5969 5953 11426
2 5953 9927 11426
2 6604 3282 14979
2 2992 14867 10576
2 5977 11445 4303
2 10859 3813 3024
2 3024 12648 10859
2 330 12877 365
2 9427 6598 6607
2 11490 8488 1941
2 2368 11850 5851
2 11850 2368 10800
2 11524 5450 3759
2 6677 1645 11128
2 5902 10249 7501
2 10275 4442 10970
2 501 516 12512
2 555 516 501
2 11532 11341 5051
2 10449 15187 7524
2 12481 6597 13442
2 15747 9191 10992
2 10993 4121 3505
2 9002 12026 9511
2 12960 141 12764
2 12960 7495 141
2 11684 16076 6604
2 6717 8326 11012
2 4990 6049 11124
2 4990 11124 14458
2 9462 8079 8576
2 434 412 383
2 434 383 433
2 15945 6289 11620
2 11602 11620 6289
2 9652 8525 15946
2 11073 4676 12625
2 15817 5638 7505
2 11269 4303 5102
2 10800 13147 2381
2 8175 3601 3600
2 15937 15941 3601
2 11178 8357 5901
2 11128 6600 1642
2 4066 10577 11341
2 5098 12224 14791
2 5098 5483 12224
2 8440 4676 11073
2 4676 8076 12625
2 172 246 255
2 8718 8883 3445
2 9608 11174 15802
2 12972 11178 5901
2 12590 11164 15438
2 6279 9001 14803
2 12590 14295 4767
2 12590 4767 15495
2 5638 12489 5008
2 4680 10275 10970
2 14723 10275 4680
2 13166 6260 14413
2 2809 11268 6093
2 3078 5532 5977
2 12648 5953 10859
2 71 163 10399
2 163 71 14783
2 5650 10023 6450
2 12157 12337 15750
2 13631 6264 6867
2 11318 3771 4421
2 8328 14652 5002
2 399 428 12395
2 12395 407 399
2 1463 8718 6333
2 11351 4676 8440
2 11351 4119 4676
2 7524 13865 6651
2 12649 7586 8610
2 10882 7586 12649
2 161 103 153
2 12828 11495 6087
2 7083 13556 14809
2 8813 5449 13556
2 6590 3334 13494
2 3334 6590 14588
2 85 118 172
2 5935 15187 10449
2 10396 10742 70
2 11463 2809 3596
2 2810 16398 11464
2 14556 6663 8973
2 143 8411 13410
2 15626 12224 5483
2 10494 11215 4698
2 15680 3282 7723
2 8950 7346 9427
2 137 5450 11524
2 5957 366 13665
2 495 429 428
2 15233 216 127
2 106 137 127
2 14979 11848 7848
2 6563 7848 11848
2 524 8264 555
2 7851 5096 11605
2 11623 9721 10136
2 6604 7764 6627
2 12224 5977 4303
2 14791 12224 4303
2 12728 3350 3353
2 11623 13559 6511
2 15849 11665 5382
2 14446 7754 15947
2 3323 11684 7975
2 433 12387 434
2 429 12387 433
2 3282 16076 7723
2 5959 6714 11257
2 5913 10602 11698
2 5913 11698 3173
2 12393 3902 5301
2 433 12395 429
2 407 12395 433
2 8973 3920 14295
2 13172 11744 6023
2 10067 11338 15652
2 13703 10809 7576
2 12625 156 82
2 11073 12625 82
2 8718 6997 3026
2 12337 11613 15750
2 6093 11268 3175
2 16399 8228 4620
2 11858 3802 14105
2 9950 9998 5103
2 5002 14652 4999
2 11146 5002 4999
2 11146 4999 3759
2 8576 12157 15750
2 4245 10249 3543
2 12387 12512 434
2 3808 13575 8790
2 3829 6376 11984
2 2382 8367 5052
2 5953 8367 2382
2 130 13791 16411
2 138 154 231
2 282 231 154
2 12020 4533 3543
2 4533 12020 6616
2 2494 7527 11690
2 166 138 231
2 107 50 82
2 234 4495 13183
2 8756 12526 13183
2 7399 12184 6049
2 15222 12143 6090
2 3726 12143 6000
2 524 501 11293
2 12159 5650 6450
2 6450 3337 12159
2 10352 3759 4999
2 10352 8326 3759
2 6090 12195 6425
2 6425 12195 11862
2 12159 3337 9001
2 12195 3180 11862
2 14864 7764 7848
2 7495 12242 323
2 16411 13791 39
2 4119 11351 3679
2 11223 5366 4245
2 3157 3679 11223
2 6606 12481 13442
2 4677 11351 11105
2 7582 11190 1948
2 12311 12764 15802
2 6867 6264 12060
2 169 122 132
2 13870 5444 13978
2 9974 11946 8802
2 8718 1463 8883
2 14578 177 225
2 173 225 8357
2 3726 12356 10049
2 4504 12356 3726
2 377 376 337
2 71 12393 6565
2 122 169 15675
2 13417 5100 4306
2 3600 12430 3596
2 3600 15942 12430
2 330 365 5901
2 15939 11490 1941
2 8357 225 5901
2 12481 3013 6597
2 4301 3013 12481
2 7845 7844 4304
2 7844 7845 1640
2 5098 15597 5483
2 6607 10318 15101
2 12520 15949 14958
2 6511 13559 6759
2 234 12526 6714
2 6099 12543 3175
2 3175 12543 8883
2 12554 10049 16414
2 12554 4829 10049
2 13559 11623 10136
2 11623 4361 9721
2 3803 5726 11631
2 11631 5726 11665
2 6456 13215 5652
2 10810 10992 4121
2 344 366 12590
2 9489 75 173
2 8994 9489 173
2 3027 182 137
2 12634 3333 10832
2 15802 12998 4552
2 15750 13147 8301
2 177 247 225
2 225 173 14578
2 91 194 133
2 11665 7004 5382
2 6680 5500 12696
2 12706 4698 4194
2 3173 5916 5636
2 12726 15942 6713
2 16400 15938 12726
2 14458 11124 8516
2 14458 8516 10576
2 7247 6592 15947
2 85 153 103
2 5005 12998 13707
2 12998 5005 4552
2 12998 15802 12764
2 16012 7468 11471
2 1463 9332 3175
2 6289 10275 14723
2 4680 14360 6685
2 14723 6685 6289
2 3173 5730 11232
2 14200 2652 5485
2 14410 10132 5904
2 11092 375 298
2 12809 3920 14489
2 3157 4119 3679
2 14459 353 369
2 369 13665 14459
2 10602 3758 5108
2 11698 10602 5108
2 12843 3758 8179
2 6269 3347 15445
2 15445 10970 13166
2 13484 7764 14864
2 37 82 50
2 10358 1642 7460
2 7582 8488 11490
2 12877 351 365
2 9511 3802 13703
2 302 353 15122
2 4067 10993 10809
2 12194 14446 15947
2 7604 12194 554
2 4067 323 12242
2 3168 9829 14127
2 82 37 13440
2 13895 3818 10859
2 15597 12926 11848
2 7702 12926 13494
2 5002 5450 39
2 89 5002 39
2 13665 329 5957
2 192 280 257
2 2494 3352 12957
2 3505 2494 12957
2 78 133 175
2 3803 2810 12438
2 365 12972 5901
2 6715 10993 13870
2 144 13172 6759
2 8179 4281 12843
2 12957 3352 12728
2 16310 3328 10104
2 1854 16310 10104
2 15947 13052 6452
2 16017 14413 6564
2 91 133 78
2 344 12590 15438
2 15947 5632 13052
2 3178 5425 13062
2 173 8357 8994
2 2652 3818 13091
2 10859 5485 3813
2 9680 7621 15311
2 349 373 14821
2 202 172 255
2 75 37 14801
2 14459 15122 353
2 8802 11946 2379
2 2379 6711 16401
2 13171 5632 6592
2 13171 6454 5632
2 29 11744 13172
2 7492 276 9757
2 6713 6710 13199
2 12726 6713 13199
2 3913 5935 6565
2 13689 6563 7702
2 365 13270 3156
2 12706 4194 4281
2 5105 13215 14819
2 10832 14958 15949
2 15652 15214 10067
2 3348 8155 14410
2 14177 234 6714
2 6715 234 14177
2 391 342 376
2 13410 6711 4998
2 13410 4998 3446
2 4421 3771 9196
2 13270 351 7643
2 3505 5444 13870
2 6023 13273 12814
2 6023 2129 13273
2 15943 6287 6288
2 1642 10358 7971
2 5961 15748 15939
2 15748 5961 14619
2 9026 2810 14059
2 8973 14295 366
2 10882 15295 7586
2 3157 11223 4245
2 5650 12159 9998
2 2382 9374 12809
2 4677 11105 2129
2 2129 11105 8438
2 12423 521 410
2 8323 122 79
2 103 161 51
2 6603 13326 13963
2 8326 6720 11012
2 15804 11629 9462
2 50 65 27
2 10577 4066 8610
2 5107 10023 5094
2 7490 13351 5995
2 104 13351 7490
2 5709 11605 6561
2 12438 2810 8080
2 2810 11464 8080
2 1645 1640 7845
2 14801 102 75
2 161 131 51
2 11314 15944 12300
2 143 13410 3446
2 5444 3353 13978
2 13417 7843 4305
2 4305 5100 13417
2 12526 234 13183
2 267 246 193
2 12195 4829 3180
2 7990 14059 11631
2 7906 1464 13183
2 3348 14588 8155
2 14588 6590 8155
2 6606 13442 10994
2 4829 5382 3180
2 5382 13925 3180
2 12124 351 373
2 12649 2992 3024
2 3569 260 14163
2 14163 130 3569
2 6565 12393 13477
2 13477 3913 6565
2 7492 12311 15802
2 6627 7764 13484
2 3902 13486 5301
2 3902 9374 13486
2 15803 141 14105
2 280 341 15479
2 11783 14163 337
2 11437 12520 9454
2 1419 1424 13504
2 2686 7505 5424
2 11783 212 14163
2 5094 5650 9950
2 14598 2992 10576
2 6577 10039 11783
2 14417 7483 6451
2 13045 3445 10052
2 7990 13527 3431
2 13527 7990 15849
2 14417 6451 14476
2 13530 2034 6597
2 6685 3323 14298
2 10972 14298 3323
2 14115 5995 15554
2 14115 7490 5995
2 7083 5301 13556
2 8813 13556 5301
2 14803 9001 3337
2 14803 3337 15944
2 1463 6333 10208
2 6710 143 10208
2 5422 2267 13568
2 5110 13568 2267
2 15311 6452 9680
2 9680 6452 14789
2 13575 3806 3807
2 3807 5968 13575
2 8089 13062 10238
2 5425 14171 10238
2 12998 6089 3350
2 127 216 211
2 14556 243 6663
2 10067 15214 7083
2 555 13970 15031
2 5105 14819 9628
2 5096 4300 13631
2 144 6759 13559
2 51 131 102
2 15554 10882 12649
2 3024 3813 12649
2 3813 15554 12649
2 13648 6092 3772
2 6092 13648 6004
2 5445 13913 4837
2 4837 3043 5110
2 15436 3902 12393
2 13674 2686 3801
2 13674 7505 2686
2 13575 3808 9678
2 12060 3333 12634
2 91 106 127
2 14798 6269 7702
2 13913 3043 4837
2 7621 6557 567
2 3802 3806 14171
2 3802 14171 7136
2 10806 2809 11463
2 12728 3352 13707
2 365 351 13270
2 1464 11318 9973
2 15940 9517 14372
2 13552 14840 9517
2 8264 6669 13970
2 10358 13730 7971
2 13731 2267 5422
2 2384 13731 5422
2 4504 10274 3829
2 15448 373 338
2 14713 14798 8604
2 4681 14713 8604
2 9927 2382 14489
2 12809 14489 2382
2 6848 11684 3323
2 14783 15281 10396
2 11575 10151 6505
2 12242 7495 9757
2 103 34 85
2 13791 89 39
2 130 89 13791
2 383 412 309
2 412 392 309
2 11409 13798 4119
2 13798 4676 4119
2 5652 5105 13806
2 5500 10358 11506
2 15939 11190 11490
2 9728 13828 4681
2 9728 6676 13828
2 13527 16414 10842
2 3431 10842 3829
2 14127 1410 1404
2 5913 3173 11232
2 14108 7261 15099
2 10151 13833 1424
2 13504 1424 13833
2 287 11715 342
2 4620 14842 11715
2 11506 6131 5500
2 11506 6610 6131
2 3569 218 260
2 218 3569 175
2 37 15186 51
2 13865 3811 6651
2 6715 13870 234
2 392 378 260
2 6689 6683 10607
2 193 246 172
2 14768 11314 7601
2 6688 15944 11314
2 15087 10449 243
2 10577 8610 14049
2 5969 11336 13895
2 5969 13895 5953
2 3027 11715 287
2 3788 13171 6592
2 15151 16016 6260
2 3043 13913 7582
2 4829 13914 10049
2 13914 4829 12195
2 13925 8272 14807
2 306 401 279
2 401 306 403
2 5110 13933 3447
2 3447 13933 9196
2 14155 7247 15947
2 13963 1414 1419
2 499 16310 1854
2 13552 14685 12706
2 6093 9833 15145
2 11232 6093 15145
2 5730 13973 10362
2 13973 8175 10362
2 16016 15151 11853
2 234 13978 4495
2 9531 3328 16310
2 15420 410 375
2 15803 14105 14825
2 13985 3801 2686
2 11848 7846 15597
2 12020 3543 10249
2 382 403 306
2 13085 11665 5726
2 7793 7843 4306
2 4990 11243 6049
2 6049 11243 2730
2 3446 10602 5913
2 6099 3772 12543
2 15748 10480 11190
2 14049 7586 7585
2 2810 3803 14059
2 79 118 85
2 13963 13504 6603
2 10480 14293 1948
2 15311 12245 6452
2 6452 12245 12194
2 5110 2267 9973
2 4421 5110 9973
2 137 106 5450
2 106 49 5450
2 49 39 5450
2 37 50 15186
2 4881 14108 15099
2 3431 13527 10842
2 4306 15359 7795
2 5485 14115 3813
2 5485 7490 14115
2 1408 13326 9628
2 1414 13326 1408
2 5424 3771 8089
2 8089 3771 11318
2 6264 12231 3333
2 6451 3333 12231
2 6456 14127 14156
2 7607 12300 15945
2 16012 7601 12338
2 255 341 280
2 14155 4556 7600
2 14156 14127 1404
2 1398 14156 1404
2 8438 8440 14157
2 7359 8438 14157
2 16399 2383 6376
2 6376 2383 6720
2 14171 5425 7136
2 15233 182 216
2 14417 13620 7599
2 14417 7599 7483
2 1419 13504 13963
2 14191 3353 5004
2 13978 3353 14191
2 5007 14807 10524
2 11858 14105 141
2 7505 3771 5424
2 3818 14200 10859
2 3818 2652 14200
2 51 27 103
2 13707 12998 3350
2 10972 7469 14221
2 14221 11602 10972
2 3180 14807 5007
2 11471 7468 1640
2 34 79 85
2 11409 14634 3156
2 138 15533 65
2 15533 138 96
2 82 13440 9625
2 4300 6264 13631
2 14821 15448 5077
2 342 382 287
2 5008 12489 3174
2 8973 6663 14287
2 9628 4668 12771
2 14293 3808 1948
2 366 14295 12590
2 15031 554 9030
2 13062 10691 3178
2 16411 3569 130
2 14298 6289 6685
2 9475 3340 15943
2 6256 3340 9475
2 137 11524 3027
2 7971 6288 6687
2 14287 3920 8973
2 5485 2652 14333
2 14333 2652 2730
2 3811 11338 15517
2 13062 5425 10238
2 10577 5051 11341
2 376 377 393
2 391 376 393
2 4301 9348 3013
2 337 8228 11783
2 6685 14360 3323
2 5094 4308 5107
2 14372 9517 14840
2 14372 2379 16398
2 9974 3758 4998
2 4998 3758 10602
2 11575 9829 14403
2 3168 14403 9829
2 14059 3803 11631
2 8155 10418 14410
2 14413 6260 16016
2 234 13870 13978
2 392 260 218
2 78 16411 39
2 7469 10972 6627
2 212 10039 13228
2 212 13228 130
2 521 1854 567
2 14455 12696 6131
2 96 14783 47
2 47 14783 10396
2 7460 11506 10358
2 14459 344 270
2 7604 14446 12194
2 10232 3027 11524
2 12520 14958 7599
2 7483 7599 14958
2 11464 15937 3601
2 537 540 15304
2 202 192 153
2 192 202 280
2 14484 4797 4066
2 14484 11495 15558
2 14489 3920 15751
2 13215 14156 1398
2 7492 9757 12311
2 13963 13326 1414
2 7524 6651 14287
2 260 377 14163
2 337 14163 377
2 5098 12926 15597
2 412 434 549
2 12520 7599 9454
2 13228 89 130
2 338 373 347
2 3802 11858 13703
2 302 15574 231
2 15574 270 166
2 4194 11215 10524
2 7359 14157 9489
2 13689 16017 14538
2 366 344 13665
2 12060 12634 5652
2 295 14556 5957
2 295 243 14556
2 7848 6563 14538
2 3168 6456 12634
2 3811 13865 3944
2 14717 14578 173
2 104 3174 10685
2 11397 3174 104
2 38 34 65
2 169 193 15675
2 3348 15296 14588
2 5969 14595 15517
2 549 516 15031
2 555 15031 516
2 306 182 287
2 337 14972 8228
2 14819 1402 1408
2 14819 1408 9628
2 7346 4881 6598
2 7346 8819 4881
2 6689 14768 6683
2 3809 9330 10318
2 12395 428 429
2 3810 15748 14619
2 107 154 50
2 154 65 50
2 6087 11495 8222
2 11698 5916 3173
2 11445 15101 4303
2 4300 3343 12231
2 6264 4300 12231
2 3543 12972 14634
2 337 376 14972
2 342 14972 376
2 7600 7247 14155
2 572 15283 6669
2 572 13442 15283
2 14476 12231 3343
2 264 349 282
2 4301 7621 12959
2 12959 7621 9680
2 10362 11232 5730
2 6689 6677 6687
2 13620 7971 13730
2 4698 14685 7581
2 14685 4698 12706
2 11715 3027 10232
2 11296 3347 14713
2 3347 14798 14713
2 238 193 169
2 75 102 14717
2 102 14578 14717
2 8950 5532 3078
2 11445 5977 5532
2 4680 6685 14723
2 11783 10039 212
2 6687 7605 6689
2 6689 7605 6688
2 163 14783 96
2 7971 6687 6677
2 12590 15495 11164
2 11862 10352 4999
2 3024 14598 12648
2 5969 11426 14595
2 7455 15296 3348
2 14768 7601 6683
2 14455 5709 4668
2 4533 11178 12972
2 6603 14455 4668
2 14360 6848 3323
2 14791 4303 11269
2 4698 11215 4194
2 212 130 14163
2 3334 14798 7702
2 14801 37 51
2 51 102 14801
2 6688 6279 14803
2 14413 16016 15285
2 13925 14807 3180
2 10067 7083 14809
2 15396 11269 6590
2 15396 14791 11269
2 349 14821 353
2 353 14821 5077
2 14823 3769 5992
2 521 537 431
2 14825 14105 5425
2 3178 14825 5425
2 3353 3350 14829
2 14829 3350 6089
2 565 12245 15311
2 302 282 349
2 14372 14840 2379
2 14842 342 11715
2 5051 8488 5445
2 3806 9678 6243
2 6603 12696 14455
2 6603 16077 12696
2 183 194 91
2 127 183 91
2 15938 10137 11119
2 15940 14854 9026
2 15940 14372 14854
2 1395 13215 1398
2 14789 6452 13052
2 4307 14864 6564
2 14867 4066 4797
2 2992 4066 14867
2 12194 12245 554
2 282 186 264
2 14177 6714 9002
2 15938 15749 12430
2 10992 7527 2494
2 9475 3343 6256
2 9757 7495 12311
2 138 65 154
2 10806 11268 2809
2 15804 9608 6092
2 14685 9517 7581
2 14115 15554 3813
2 9680 14789 12959
2 13806 6561 6867
2 12060 13806 6867
2 3168 15018 14403
2 14840 8802 2379
2 5051 10577 14049
2 14293 6988 13985
2 8604 3334 15296
2 15296 3334 14588
2 15533 38 65
2 11118 15803 14825
2 15626 3078 5977
2 82 9625 11073
2 14842 8228 14972
2 14829 11118 5004
2 14556 8973 5957
2 6604 14979 7764
2 7764 14979 7848
2 11853 9995 3337
2 10399 15436 71
2 71 15436 12393
2 15436 10399 15495
2 13870 10993 3505
2 13091 7399 2652
2 11490 11190 7582
2 15517 11336 5969
2 11336 15517 5992
2 11040 2730 11243
2 3168 12634 15018
2 14049 7585 1941
2 4301 15027 7621
2 15027 12481 6606
2 3810 14619 10370
2 5652 13806 12060
2 6451 12231 14476
2 330 347 12877
2 16401 12177 15937
2 15942 15941 6713
2 8973 366 5957
2 14842 14972 342
2 11853 6450 10023
2 11853 3337 6450
2 5096 13631 11605
2 10742 15087 132
2 132 15087 243
2 13215 1395 1402
2 14819 13215 1402
2 537 521 567
2 211 279 375
2 12430 15749 11463
2 7702 6563 12926
2 495 428 15304
2 431 15304 428
2 5105 6561 13806
2 302 15122 15574
2 14459 270 15122
2 5108 3758 12843
2 12843 5911 5108
2 14979 7846 11848
2 7599 13620 13730
2 9833 3175 9332
2 6093 3175 9833
2 5913 15145 3446
2 6000 12143 15222
2 15222 8328 6000
2 4067 12242 12487
2 323 4067 10809
2 298 269 11092
2 14807 8272 10524
2 14293 13985 3808
2 369 329 13665
2 14459 13665 344
2 407 433 383
2 269 194 183
2 15186 27 51
2 15186 50 27
2 3913 3944 15187
2 11314 14768 6688
2 4990 15558 11243
2 14979 3282 7846
2 6604 16076 3282
2 3944 3913 15214
2 6090 14652 15222
2 137 15233 127
2 137 182 15233
2 13703 11858 323
2 5977 12224 15626
2 15680 15626 5483
2 216 279 211
2 3350 12728 13707
2 15281 71 6565
2 15281 6565 10742
2 14484 15558 4797
2 15285 16016 5107
2 15285 5107 4307
2 15295 7052 7586
2 15550 7052 15295
2 10362 2809 6093
2 10362 3596 2809
2 537 15304 431
2 15311 7621 565
2 11314 12300 7607
2 13494 12926 5098
2 12650 15099 4556
2 12650 7754 9874
2 4300 15359 4306
2 11445 9427 6607
2 11445 6607 15101
2 4681 11296 14713
2 13351 15550 5995
2 122 15675 79
2 4680 11296 14360
2 7399 3769 12184
2 8328 89 13228
2 15027 4301 12481
2 14221 12338 11602
2 5098 15396 6590
2 5098 14791 15396
2 3608 9757 276
2 276 9708 3608
2 14809 14823 10067
2 11269 5102 10418
2 279 401 15420
2 279 15420 375
2 3902 15436 3738
2 270 15438 163
2 344 15438 270
2 3913 15187 5935
2 4680 15445 3347
2 341 5077 15448
2 341 15448 15479
2 14413 15285 6564
2 10810 3608 9708
2 5102 4303 15101
2 6716 16400 7178
2 11336 3818 13895
2 15479 338 280
2 15479 15448 338
2 13865 15187 3944
2 15517 14595 3811
2 4797 4990 14458
2 4767 3738 15495
2 10832 6451 14958
2 10832 3333 6451
2 47 10396 15541
2 47 15541 8323
2 6087 5912 11397
2 6087 11397 104
2 11118 14825 3178
2 118 15675 193
2 14821 373 15448
2 317 5077 341
2 267 238 329
2 47 38 15533
2 15214 3913 13477
2 8323 15541 70
2 15652 3944 15214
2 6269 16017 13689
2 6269 13166 16017
2 122 70 132
2 70 10742 132
2 5995 15550 15295
2 38 79 34
2 6563 13689 14538
2 8604 15296 7455
2 15630 14823 5992
2 14864 14538 6564
2 15574 15122 270
2 231 15574 166
2 238 169 15583
2 15597 7846 15680
2 15558 12828 11243
2 12828 15558 11495
2 15597 15680 5483
2 15517 15630 5992
2 166 163 96
2 163 166 270
2 47 15533 96
2 15626 7723 3078
2 3811 3944 15652
2 15436 15495 3738
2 6269 15445 13166
2 15675 118 79
2 15680 7846 3282
2 3600 15941 15942
2 7052 7585 7586
2 378 414 426
2 287 182 3027
2 102 131 177
2 213 131 161
2 15938 15942 12726
2 16398 2379 15937
2 7576 6715 14177
2 15938 12430 15942
2 3173 5636 5730
2 15802 11174 7492
2 15941 15937 12177
2 6452 12194 15947
2 6279 3338 9001
2 13215 6456 14156
2 13828 6676 11663
2 7971 13620 6288
2 3340 15948 6287
2 10318 5102 15101
2 6594 9001 3338
2 5103 4304 9950
2 14538 16017 6564
2 6564 15285 4307
2 16016 10023 5107
2 9950 5650 9998
2 5105 5652 13215
2 5100 5656 5104
2 6261 5103 9998
2 11605 6867 6561
2 16016 11853 10023
2 567 1854 7621
2 9454 13730 10358
2 7601 16012 11471
2 12726 13199 16400
2 13552 8802 14840
2 7052 15550 16415
2 13895 10859 5953
2 16310 421 426
2 403 421 499
2 16398 15937 11464
2 4504 16399 10274
2 14854 16398 9026
2 14854 14372 16398
2 14619 5961 8081
2 13552 12706 13617
2 8802 13552 13617
2 15748 3810 10480
2 10274 16399 6376
2 6720 2383 11012
2 7585 7052 5961
2 15748 11190 15939
2 16310 426 414
2 426 421 393
2 6089 11118 14829
2 3178 5004 11118
2 3769 7399 13091
2 6600 7845 7843
2 2991 7852 4308
2 8081 15817 10370
2 12356 4504 16414
2 10685 8081 16415
2 3806 3802 9511
2 8081 5961 16415
3 14486 4496 983
3 13677 13253 5973
3 6053 13190 13851
3 991 11281 4496
3 3256 10855 4380
3 10522 3243 5567
3 15722 1793 15125
3 6731 10568 10668
3 15386 2831 5390
3 13851 5869 6053
3 854 15397 868
3 4375 2680 1668
3 952 1004 961
3 9709 4302 10917
3 1244 1226 1266
3 14503 5975 5934
3 16468 11405 2178
3 863 865 2689
3 970 927 942
3 1793 4985 6917
3 5975 5835 11689
3 1226 1190 1196
3 10950 1452 9792
3 12999 11745 5429
3 14954 1364 15480
3 1139 7819 1136
3 911 918 903
3 913 15039 951
3 11943 923 947
3 5934 5975 11577
3 15171 14516 5880
3 5258 10793 16236
3 13830 13220 887
3 939 976 992
3 15556 4383 6388
3 1215 12077 1207
3 1227 1215 1207
3 5411 14461 16259
3 1126 1134 1159
3 11195 1215 1259
3 1165 1134 1131
3 6069 11401 16261
3 16153 2844 8158
3 996 983 1025
3 1057 7124 1052
3 1009 992 976
3 1223 11195 1259
3 15419 11745 16349
3 5313 10100 9734
3 16247 11578 16261
3 1672 9483 13428
3 13428 9483 4383
3 13965 991 4496
3 8773 15665 3051
3 939 929 976
3 16168 8877 8215
3 1111 1115 1136
3 12266 3051 15700
3 5568 5795 10239
3 15721 3171 16243
3 16258 12266 13015
3 3084 16243 3171
3 12271 15402 5383
3 14673 8195 6011
3 4290 8040 10598
3 996 1022 15594
3 1237 1224 10815
3 5313 8159 8877
3 5313 9164 6640
3 10835 16187 4594
3 13246 1237 1205
3 11546 3983 6707
3 3171 15721 15723
3 1115 15699 5418
3 16467 11401 12035
3 10855 4382 4380
3 14327 15183 15698
3 6668 13965 13924
3 1324 1330 14834
3 847 14976 5934
3 5934 11577 11662
3 6053 5869 11918
3 4501 16170 14623
3 5026 9979 4949
3 14367 15698 13773
3 1683 16254 11106
3 4381 16185 2849
3 16169 8158 2844
3 4949 10380 5026
3 11750 1262 1260
3 1287 1278 1295
3 16154 5563 2684
3 5026 13626 9281
3 15700 13602 13015
3 6861 15723 13082
3 1793 15722 6919
3 16252 12466 16260
3 14501 15701 16263
3 16248 6917 12064
3 10815 1224 15314
3 1287 1258 1278
3 11482 16241 16467
3 15665 15700 3051
3 6057 12943 6011
3 6032 16153 6748
3 2851 10522 5567
3 8065 14704 14367
3 1324 12483 1302
3 16215 1677 11804
3 3033 10100 5313
3 11606 2827 5134
3 1302 1281 1259
3 13785 8322 14631
3 6919 5973 9105
3 13795 5654 5563
3 13625 5319 5304
3 13481 14941 9477
3 3532 5134 11078
3 5312 9734 1792
3 11066 2182 16250
3 14704 1015 5986
3 5835 3201 14516
3 5835 14516 14321
3 3084 11033 16243
3 16185 11909 2849
3 16170 14363 1670
3 5816 8435 14319
3 8609 13848 5795
3 5221 6388 14170
3 14673 5934 8195
3 14142 13516 5909
3 12441 11066 16262
3 13101 6388 2856
3 16187 4983 7074
3 12785 961 1004
3 14371 11106 7883
3 12785 1004 11259
3 10598 12990 8322
3 1585 16168 12990
3 5563 5654 2684
3 5392 10431 16258
3 10209 3033 6640
3 6640 3033 5313
3 2543 9726 13252
3 10999 2543 13252
3 13144 9571 3243
3 8195 13459 6011
3 6878 8159 3256
3 4380 6878 3256
3 14597 1337 4416
3 16246 13629 16186
3 16249 13629 15038
3 2849 16154 8258
3 6057 6011 13459
3 3256 8159 8368
3 8368 8159 9734
3 1452 9571 13144
3 13957 2274 8601
3 11943 969 14248
3 5654 5433 2684
3 16235 5433 5654
3 15559 6265 10376
3 7297 1335 4846
3 16245 10616 13253
3 3532 4302 9709
3 3532 9709 5134
3 5567 3243 9571
3 14478 6265 15559
3 5433 7519 2684
3 16235 7519 5433
3 1332 10261 15071
3 16187 7074 4594
3 14162 14030 9726
3 4827 14002 6282
3 1144 16238 6420
3 11717 6420 16238
3 4594 7074 11066
3 10932 16238 1144
3 4375 1668 14905
3 14516 3201 5880
3 10917 4302 10999
3 15060 13481 10855
3 5304 2071 2856
3 7412 10616 5461
3 7074 2181 11066
3 13848 5411 16236
3 2178 16259 14461
3 6553 13632 937
3 12013 2742 2178
3 11089 6032 4374
3 11089 16153 6032
3 4290 14137 8040
3 14137 16250 12110
3 6921 16239 12170
3 1144 6420 16241
3 11717 16241 6420
3 9211 16253 7710
3 1024 14974 13686
3 1204 1158 1159
3 1126 1159 1158
3 3977 13252 9726
3 7805 4070 14631
3 13767 1024 2870
3 6861 13834 15723
3 6738 992 3654
3 5568 16237 8609
3 857 847 13976
3 2674 14170 4383
3 1244 1263 1227
3 5568 10239 4380
3 5392 12013 8609
3 16237 5392 8609
3 919 942 908
3 908 942 927
3 863 854 850
3 1057 1052 1049
3 10431 12266 16258
3 6069 4960 11401
3 11714 1368 1378
3 5410 12725 16155
3 8215 8162 16168
3 1260 1255 11732
3 14597 15566 10261
3 11457 4960 6069
3 9792 6069 16234
3 16234 10950 9792
3 16248 12064 14501
3 6061 972 12595
3 6061 12595 10451
3 6668 12595 972
3 10429 1501 1684
3 6069 1684 16234
3 1684 6069 16261
3 1285 1279 11205
3 1326 1279 1285
3 16376 6061 1026
3 14254 4290 8322
3 12544 12459 16348
3 16255 12110 12212
3 1207 1244 1227
3 16259 11747 5258
3 8407 5258 16257
3 3983 16235 1686
3 10739 3983 1686
3 949 1003 952
3 13834 6861 10522
3 11259 1004 1034
3 13896 3977 16262
3 1062 1049 1046
3 16186 5332 6608
3 16214 14425 6730
3 3256 8368 10820
3 11384 1326 1285
3 13972 1017 1005
3 13972 3654 1017
3 945 906 912
3 936 9792 1452
3 865 886 885
3 8157 8158 2836
3 10775 11089 4374
3 8601 2274 1672
3 7883 8601 1672
3 1791 6917 6921
3 1207 12077 1185
3 16348 12170 12544
3 936 13957 8601
3 2685 2677 10624
3 6553 14546 2878
3 5980 11078 5134
3 10624 2677 5563
3 4807 864 7818
3 1144 11446 16185
3 10739 6707 3983
3 14910 8773 11491
3 14910 5461 8773
3 970 995 15484
3 2681 2680 16156
3 14199 8825 1683
3 4367 8825 14199
3 16185 4381 16186
3 2844 14667 16169
3 16168 14715 8877
3 5313 8877 9164
3 8609 5795 5568
3 5879 5026 10380
3 5879 4280 5026
3 16249 12334 8927
3 1672 14371 7883
3 1035 16376 1026
3 2543 14162 9726
3 5392 16258 2742
3 10209 2742 16258
3 7124 1057 1063
3 2071 5304 2827
3 8215 8877 8159
3 11742 938 878
3 1254 1305 1266
3 9105 5973 13253
3 6061 16376 15387
3 11909 16185 11446
3 10451 4149 961
3 15721 15232 13082
3 16348 10510 1070
3 11634 16396 15725
3 2852 16396 11634
3 5980 12227 16187
3 5134 12227 5980
3 10239 16155 4380
3 16465 9210 15162
3 9210 15725 15162
3 869 878 889
3 14968 4501 5816
3 1131 1163 1185
3 8435 5816 11738
3 996 995 970
3 13256 848 862
3 1063 12792 7124
3 1163 12303 7819
3 12303 1163 1131
3 987 974 1005
3 13771 847 857
3 14390 10431 9477
3 1672 2274 9483
3 5392 2742 12013
3 1165 1199 11925
3 993 13972 1005
3 16261 16467 11717
3 2274 3243 9572
3 870 938 11742
3 855 870 11742
3 1196 1254 1226
3 1196 1255 1254
3 16186 8927 10932
3 16186 10932 16185
3 11969 1206 11907
3 1223 11907 1206
3 1254 1266 1226
3 2274 9572 9483
3 11738 4501 16215
3 11195 1223 1206
3 5770 936 7883
3 936 8601 7883
3 1016 7263 15007
3 9709 11606 5134
3 10510 16260 6728
3 927 970 15484
3 1207 1185 1163
3 8258 16154 8485
3 2684 8485 16154
3 1161 12163 15314
3 926 14381 949
3 7818 864 869
3 1259 1281 1223
3 4280 10376 14928
3 11457 6069 9792
3 4983 2181 7074
3 10668 10568 6728
3 16260 10668 6728
3 1281 1241 1223
3 5879 11978 1306
3 11978 3896 1306
3 1163 1190 1207
3 933 895 906
3 2180 1683 10600
3 1683 2180 16254
3 6057 13190 6053
3 6553 937 13480
3 11662 849 14273
3 6657 6919 9105
3 8258 8485 14140
3 3654 1009 1017
3 15270 16235 3983
3 15270 11561 7519
3 16235 15270 7519
3 1332 14834 1330
3 7297 4872 11173
3 4846 4872 7297
3 1017 1009 15119
3 1237 10815 1205
3 12163 10815 15314
3 11732 1255 12390
3 13632 6553 11686
3 5973 5267 11686
3 10105 4949 9979
3 926 949 952
3 1684 11578 10429
3 1794 10755 16466
3 8773 5461 15665
3 10088 1794 7022
3 10100 1792 9734
3 3033 13602 10100
3 912 885 903
3 3745 7124 12792
3 12158 1134 1165
3 1165 11925 12158
3 1126 1158 1129
3 14858 7805 3251
3 931 878 12185
3 931 12185 954
3 870 12698 938
3 963 938 12698
3 1263 1306 1309
3 15038 10739 16249
3 11546 15270 3983
3 9918 15402 10390
3 14974 13953 14938
3 5302 15722 8065
3 5302 8065 2876
3 10376 15478 14928
3 3654 992 1009
3 10568 14938 6728
3 1267 1297 1259
3 1302 1259 1297
3 10246 15724 16169
3 8195 5934 11662
3 12278 1378 14831
3 12278 11714 1378
3 6265 10261 15560
3 10600 1673 3977
3 2180 10600 3977
3 11925 1204 1159
3 1206 11969 1185
3 870 2193 13814
3 1279 10319 5879
3 1279 1326 10319
3 10775 10334 15425
3 15023 1016 1003
3 1129 15699 1126
3 5463 1048 1052
3 8825 10600 1683
3 4367 14625 8825
3 15487 1362 1356
3 16245 5461 10616
3 16251 10739 1686
3 16249 10739 16251
3 4375 6032 2680
3 5267 5973 5302
3 15129 10376 10319
3 11470 1498 6731
3 6731 16263 11470
3 14597 1330 14146
3 865 885 2689
3 2178 2742 16468
3 4983 10459 5319
3 14938 13953 1059
3 3977 1673 13252
3 10510 6728 14938
3 14883 6318 15724
3 5390 15443 8724
3 7805 14968 5816
3 11205 1254 1255
3 2685 4369 14816
3 14816 4369 14041
3 6608 5332 11634
3 5304 10459 2827
3 14938 10568 14974
3 1309 1267 1263
3 12212 12110 16250
3 10598 8040 11413
3 12483 1281 1302
3 12483 1307 1281
3 6265 14478 10261
3 13252 7515 10999
3 10999 7515 10917
3 1223 1241 11907
3 6657 10616 7412
3 6657 9105 10616
3 11093 11714 4804
3 9281 4804 11714
3 10624 2849 11909
3 10088 10755 1794
3 948 962 12176
3 6921 12418 16239
3 12418 6921 6917
3 11100 10105 14475
3 1388 11100 14475
3 4290 10598 8322
3 1685 11546 9735
3 1326 11384 1327
3 16241 10748 1144
3 14012 1669 7199
3 16354 14311 16243
3 16169 2836 8158
3 6731 10668 14501
3 10246 6320 6151
3 10390 15443 9918
3 884 911 903
3 12064 15701 14501
3 16234 1667 12601
3 12601 1667 15536
3 1285 11205 1255
3 4290 10835 4594
3 10835 4290 8004
3 1794 16466 14841
3 10246 6151 16242
3 1306 1266 1305
3 5879 1306 1305
3 14353 9571 14790
3 13190 875 917
3 13851 13190 917
3 865 863 850
3 12869 9772 1049
3 12411 12646 2844
3 14425 16214 12604
3 905 13830 913
3 14381 926 905
3 10932 1144 16185
3 6388 13101 15556
3 13101 1054 16163
3 1196 12390 1255
3 7124 3745 1052
3 11907 1241 15572
3 15392 11100 11064
3 12064 6917 4985
3 12064 4985 15701
3 15026 15725 9210
3 9772 15128 1049
3 10359 15128 9772
3 9483 9572 4383
3 2674 4383 9572
3 13795 11015 5654
3 1686 11015 1501
3 14503 5934 14976
3 12698 923 963
3 5312 8368 9734
3 6282 14425 12604
3 1015 991 5986
3 5742 7419 7412
3 1302 1297 7297
3 1302 7297 1324
3 1335 7297 1297
3 13159 7398 933
3 7629 5980 8004
3 11697 15725 16396
3 15162 15725 11697
3 1266 1306 1263
3 1234 1216 1258
3 13626 4804 9281
3 5816 14319 3532
3 885 912 2689
3 912 906 2689
3 1070 10510 14938
3 1335 1297 1309
3 16155 8162 8215
3 4372 10950 15536
3 16155 8215 8159
3 10793 8407 16215
3 11172 13454 6698
3 928 900 925
3 15345 880 900
3 9164 8877 14715
3 9164 8038 6640
3 11173 4642 14146
3 11173 4872 4642
3 2878 8368 5312
3 15345 924 876
3 924 15345 928
3 14367 13773 8065
3 15572 1241 1216
3 16153 8157 6748
3 8157 16153 8158
3 5011 11401 4960
3 11745 12999 6151
3 4642 6698 14146
3 6318 9211 7710
3 5319 14841 16240
3 14597 14146 1337
3 14146 6698 1337
3 991 1015 11281
3 4902 11384 1291
3 1054 10917 16163
3 9709 10917 1054
3 16155 8159 6878
3 4380 16155 6878
3 5770 11332 936
3 11033 11332 5770
3 11033 5011 4960
3 6608 16246 16186
3 11332 4960 936
3 11033 4960 11332
3 1237 11750 1224
3 1237 1262 11750
3 6731 1498 10568
3 10568 1498 13686
3 1309 1297 1267
3 1215 11195 1206
3 1206 12077 1215
3 13246 3657 11377
3 6698 11388 1337
3 15443 10390 8724
3 12411 15699 12646
3 11405 16468 8038
3 8038 1585 11413
3 16469 8038 11413
3 11106 11435 16354
3 16354 11435 10755
3 966 11918 12101
3 966 12101 962
3 13454 11388 6698
3 5319 16240 4983
3 924 11767 876
3 11767 924 13329
3 936 4960 11457
3 11467 11388 15487
3 913 14381 905
3 1336 5211 11469
3 15617 11469 4416
3 6730 12062 11470
3 11470 16263 6730
3 4642 11172 6698
3 12646 1129 14667
3 12035 11482 16467
3 14523 993 1005
3 15124 11467 15487
3 3051 6752 11491
3 11491 8773 3051
3 14890 876 11767
3 13015 13602 3033
3 15536 5416 4372
3 4983 16240 2181
3 16256 2181 16240
3 13896 16262 2181
3 8195 11662 14273
3 12308 3030 15026
3 11467 1337 11388
3 7022 14063 13625
3 14063 7022 1794
3 9211 16242 4925
3 11813 9211 4925
3 11873 1291 1287
3 1287 1295 11873
3 6921 12170 6915
3 6921 6915 14704
3 10668 11886 14501
3 9735 11546 15048
3 16248 14501 11886
3 4367 4383 15556
3 11577 5975 11689
3 11189 6752 4099
3 16247 16251 11578
3 10429 11578 16251
3 889 878 931
3 945 946 6738
3 16254 11435 11106
3 946 945 912
3 1054 2071 11606
3 2071 2827 11606
3 5011 11033 3084
3 14475 10105 9979
3 865 14188 864
3 16465 12308 9210
3 16465 9735 12308
3 1669 4374 4375
3 16257 14773 14985
3 5909 2515 12101
3 12176 2515 5880
3 12101 11918 5909
3 12101 2515 12176
3 1335 1309 3896
3 11388 1367 1362
3 15487 11388 1362
3 1262 11957 1260
3 1262 1287 11957
3 16354 11033 5770
3 4925 12999 5429
3 12999 4925 6151
3 1165 11969 1199
3 872 11689 902
3 11689 14321 902
3 992 6738 946
3 5973 11686 13677
3 5302 15014 5267
3 15014 4827 5267
3 11689 5835 14321
3 15124 1359 14954
3 15458 12397 7022
3 6318 11697 15724
3 6053 12943 6057
3 16238 16247 11717
3 4375 4374 6032
3 4925 5429 11813
3 4094 11813 5429
3 10775 15274 10334
3 11738 5816 4501
3 10909 14477 15369
3 11745 15419 15502
3 11747 16257 5258
3 11747 16255 16257
3 1291 11384 1285
3 8485 2681 16156
3 2685 11909 2847
3 12170 1053 6915
3 13807 16255 16259
3 1190 1163 7819
3 7819 1196 1190
3 6320 16169 14667
3 12185 878 938
3 12185 938 954
3 5383 3084 3171
3 11804 14162 2543
3 8435 11804 2543
3 12397 6861 13082
3 1216 16349 1204
3 1216 1234 16349
3 16249 12249 12334
3 16238 12249 16247
3 16245 15665 5461
3 945 968 13159
3 906 945 13159
3 2685 14816 2677
3 1206 1185 12077
3 12785 1026 10451
3 10451 1026 6061
3 16245 1792 13602
3 4094 5429 11377
3 11377 3657 4094
3 12785 3745 1026
3 13353 3532 4070
3 13120 11089 10775
3 1262 1247 1234
3 1262 1234 1258
3 935 11918 947
3 11918 966 947
3 15402 9918 11482
3 929 960 976
3 960 929 914
3 15232 12397 13082
3 11377 11745 15502
3 1278 15052 1295
3 5975 14890 11767
3 10359 4496 11281
3 16262 11066 2181
3 1159 1134 12158
3 12158 11925 1159
3 15060 14546 6284
3 1336 11093 5211
3 5211 11093 4804
3 1161 1205 12163
3 1205 10815 12163
3 5416 14291 4071
3 5416 4071 14353
3 5721 13297 973
3 14856 5721 973
3 16348 1053 12170
3 12266 14390 3051
3 10431 14390 12266
3 8609 12013 5411
3 5411 14981 16236
3 14546 13480 6284
3 949 15023 1003
3 864 886 865
3 1199 15572 1204
3 7398 968 5721
3 968 13297 5721
3 16261 11717 16247
3 6730 16263 7419
3 5011 3084 12035
3 5383 12035 3084
3 15665 13602 15700
3 13203 4071 5390
3 14353 4071 13203
3 5383 11482 12035
3 5390 8724 13203
3 12441 16262 9726
3 6812 1498 12062
3 6282 14260 6812
3 14002 14260 6282
3 3030 16246 15026
3 5312 1792 13253
3 16153 11089 12411
3 16153 12411 2844
3 15007 7263 1036
3 1036 7263 15594
3 16255 16244 12110
3 16244 8040 12110
3 9164 14715 8038
3 876 862 880
3 8825 14625 10600
3 876 13256 862
3 962 12101 12176
3 16349 11745 15184
3 9709 1054 11606
3 13773 15698 13767
3 876 859 13256
3 12303 1136 7819
3 1136 12303 1131
3 12062 1498 11470
3 5304 5319 10459
3 11576 935 898
3 898 857 11576
3 16253 7199 13193
3 7199 14905 13193
3 3532 11078 4070
3 11401 5011 12035
3 966 11943 947
3 966 15326 11943
3 11969 11907 1199
3 12227 2827 16187
3 5134 2827 12227
3 924 928 13329
3 928 15326 13329
3 12308 9735 15048
3 6707 3030 12308
3 16251 16247 12249
3 14140 11634 5332
3 14291 4369 2685
3 2847 14291 2685
3 14975 16214 14477
3 3171 12271 5383
3 12271 3171 5027
3 14993 848 13256
3 15724 11697 16396
3 4902 14478 1327
3 14478 4902 15071
3 1196 1201 12390
3 12334 16238 8927
3 12334 12249 16238
3 5721 963 14248
3 1215 1267 1259
3 1267 1215 1227
3 10932 8927 16238
3 11767 13329 948
3 13329 962 948
3 987 951 974
3 16239 12418 16252
3 933 925 15134
3 1285 1255 1260
3 1199 11907 15572
3 11078 5980 7629
3 925 933 5055
3 16252 16260 12459
3 12459 16260 10510
3 11957 1291 1260
3 1285 1260 1291
3 16248 11886 12466
3 960 15229 927
3 1139 1201 7819
3 11925 1199 1204
3 1201 1196 7819
3 1165 1131 1185
3 11969 1165 1185
3 935 15216 898
3 2689 895 15397
3 15314 1201 1139
3 12418 16248 12466
3 11750 1260 1224
3 1260 11732 1224
3 16239 16252 12544
3 12544 12170 16239
3 12544 16252 12459
3 12390 1201 11732
3 1224 1201 15314
3 1224 11732 1201
3 906 895 2689
3 2193 870 14880
3 1003 14265 1034
3 14265 1037 1034
3 908 927 15229
3 4846 1335 13845
3 6738 993 13993
3 13993 945 6738
3 1049 1048 12869
3 3977 9726 16262
3 5332 4381 8258
3 974 14523 1005
3 4149 930 961
3 2856 7022 13625
3 14523 974 954
3 1207 1190 1226
3 961 12785 10451
3 6921 14704 1791
3 2182 11066 12441
3 14030 12441 9726
3 12785 11259 3745
3 14140 5332 8258
3 1026 3745 12792
3 963 14856 938
3 14910 7412 5461
3 4099 6752 14390
3 919 13220 905
3 908 13220 919
3 954 974 931
3 8407 14608 16215
3 16257 14608 8407
3 4827 12604 13632
3 15722 5973 6919
3 15722 5302 5973
3 869 14441 878
3 864 14441 869
3 864 14188 14441
3 4496 10359 1025
3 1025 983 4496
3 3896 1309 1306
3 5410 14454 12725
3 12725 14454 8162
3 889 888 869
3 1035 12792 1059
3 918 911 939
3 2515 13516 5880
3 12869 1048 1042
3 9571 15366 14790
3 16376 1035 13953
3 10820 8368 2878
3 10820 2878 15060
3 3657 13246 15169
3 12943 13976 6011
3 11576 12943 6053
3 12974 2851 5027
3 13976 14673 6011
3 13015 3033 10209
3 13015 10209 16258
3 4846 4949 10105
3 14212 10105 11100
3 13965 14486 4149
3 3201 5835 15391
3 2684 7519 13796
3 2684 13796 8485
3 15392 14212 11100
3 2071 13101 2856
3 863 15397 854
3 12212 14773 16257
3 15502 13246 11377
3 2274 13144 3243
3 13957 13144 2274
3 4381 5332 16186
3 906 13159 933
3 11078 7629 4070
3 14390 9477 14941
3 8162 14454 3251
3 888 15039 913
3 6057 14370 13190
3 16253 13193 15379
3 5879 1305 1279
3 10568 13686 14974
3 4149 14486 13255
3 16245 13253 1792
3 930 13255 919
3 8724 5027 14531
3 854 868 15029
3 970 942 983
3 14170 6388 4383
3 5567 9571 14353
3 16469 16255 13807
3 11405 16469 2178
3 15179 10775 15425
3 1332 1330 14597
3 15029 15371 880
3 8157 2836 16396
3 930 4149 13255
3 7515 16163 10917
3 1452 13144 13957
3 12595 4149 10451
3 10950 15366 1452
3 14199 13428 4367
3 15331 9572 3243
3 15331 3243 10522
3 6861 15331 10522
3 1367 13454 1376
3 6057 13459 14370
3 10947 8724 14531
3 5567 10947 15108
3 4382 13481 9477
3 13481 4382 10855
3 4381 2849 8258
3 14573 16156 6748
3 11172 15413 13454
3 2677 1501 13795
3 13516 15171 5880
3 10624 5563 16154
3 2681 11561 1668
3 2681 1668 2680
3 14546 6553 13480
3 923 12698 14898
3 870 14898 12698
3 1672 13428 14199
3 5026 9281 9979
3 5975 11767 5835
3 5835 11767 15391
3 2856 13625 5304
3 5026 4280 13626
3 13629 8927 16186
3 16249 8927 13629
3 2193 854 848
3 5267 13632 11686
3 13686 1498 6812
3 3201 14687 5880
3 3171 12974 5027
3 1048 5463 13660
3 1048 13660 1042
3 1305 1254 1279
3 5312 13253 13677
3 2878 5312 13677
3 939 992 946
3 13255 14486 919
3 7805 16170 14968
3 14968 16170 4501
3 13480 937 11189
3 10334 3657 15169
3 15007 1036 1037
3 3256 15060 10855
3 3256 10820 15060
3 14687 12176 5880
3 16236 1670 13848
3 13767 15698 985
3 2193 848 13771
3 2876 8065 13773
3 2870 2876 13773
3 7629 13785 4070
3 7629 8004 13785
3 1016 1017 7263
3 1501 11015 13795
3 857 12943 11576
3 13796 7519 2681
3 13796 2681 8485
3 2178 16469 13807
3 5221 2856 6388
3 2856 5221 7022
3 13814 857 898
3 13814 2193 13771
3 888 887 7818
3 13830 888 913
3 888 13830 887
3 13834 12974 15723
3 2851 13834 10522
3 13353 5816 3532
3 15179 12080 10775
3 949 913 951
3 951 987 949
3 8609 5411 13848
3 930 926 961
3 11172 11064 15378
3 13845 1335 3896
3 1016 987 14549
3 2180 3977 13896
3 16256 2180 13896
3 13924 13965 4149
3 13924 4149 12595
3 1686 1501 10429
3 1686 10429 16251
3 9979 9281 14831
3 10598 1585 12990
3 10319 4280 5879
3 4280 10319 10376
3 908 914 14592
3 936 1452 13957
3 14486 13965 4496
3 16396 2836 15724
3 8159 5313 9734
3 4382 5568 4380
3 16237 5568 4382
3 15119 1006 15594
3 968 945 13993
3 15458 6861 12397
3 14353 10947 5567
3 2876 2870 14002
3 4094 3657 14012
3 15335 951 889
3 951 15335 974
3 1677 2182 14030
3 2182 12441 14030
3 1070 1059 1063
3 14041 4369 1667
3 1667 1501 14041
3 13845 3896 10380
3 13297 993 973
3 13993 993 13297
3 14063 5319 13625
3 5319 14063 1794
3 11064 11100 15378
3 900 15134 925
3 5390 4071 15386
3 15386 4071 14291
3 14993 13256 851
3 13771 848 14993
3 6730 7419 5742
3 6284 13480 4099
3 12411 11089 13120
3 13459 842 853
3 8195 14273 13459
3 935 6053 11918
3 1016 14549 1017
3 4099 13480 11189
3 6861 15458 2674
3 4290 4594 14137
3 4594 16250 14137
3 14140 8485 2852
3 7818 894 4807
3 969 15326 928
3 961 926 952
3 1677 14030 14162
3 919 15327 930
3 926 930 15327
3 917 959 14142
3 865 850 14188
3 14188 850 855
3 14371 14199 1683
3 4846 10105 14212
3 4872 4846 14212
3 5055 933 7398
3 8004 4290 14254
3 13785 8004 14254
3 9211 15202 16242
3 15202 14883 16242
3 14260 1024 13686
3 2870 1024 14260
3 908 14592 13220
3 1003 1016 14265
3 1016 15007 14265
3 14273 842 13459
3 10598 11413 1585
3 1111 1131 1134
3 10616 9105 13253
3 16354 10755 14311
3 15721 14311 15232
3 14327 6668 972
3 14319 8435 4302
3 14319 4302 3532
3 14321 14516 902
3 991 6668 14327
3 8065 1791 14704
3 5411 16259 14981
3 14363 5410 1670
3 5410 14363 14454
3 5986 15698 14367
3 14367 14704 5986
3 1683 11106 14371
3 14883 10246 16242
3 14381 913 949
3 4983 14391 10459
3 10459 14391 2827
3 13953 1035 1059
3 1063 1059 12792
3 6812 12062 14425
3 6812 14425 6282
3 3251 12990 8162
3 14441 855 878
3 14370 853 875
3 14370 13459 853
3 11093 15480 11714
3 5411 12013 14461
3 2178 14461 12013
3 14516 940 902
3 2847 11909 11446
3 13953 14974 12432
3 14477 16214 6730
3 14477 6730 5742
3 14478 15071 10261
3 14486 942 919
3 14486 983 942
3 1063 1057 1062
3 1070 1063 1062
3 10668 16260 11886
3 14890 5975 14503
3 859 14503 851
3 5267 4827 13632
3 973 993 14523
3 5795 5410 10239
3 1052 1048 1049
3 14531 5027 2851
3 10947 14531 15108
3 14543 15556 16163
3 14543 14625 4367
3 1307 15052 1281
3 14549 987 1005
3 14549 1005 1017
3 13602 1792 10100
3 6053 935 11576
3 1006 960 995
3 16156 14573 2852
3 14573 16396 2852
3 11491 10909 15369
3 13830 905 13220
3 10319 1326 15129
3 1054 13101 2071
3 1034 1037 5463
3 13193 1668 1685
3 887 14592 894
3 14592 914 894
3 1332 14597 10261
3 10246 14883 15724
3 14608 1677 16215
3 16257 14985 14608
3 2178 13807 16259
3 4375 14905 1669
3 13015 12266 15700
3 13454 1367 11388
3 14623 16170 1670
3 14623 10793 4501
3 14625 1673 10600
3 8322 3251 14631
3 14631 3251 7805
3 15326 969 11943
3 14248 7398 5721
3 4807 894 884
3 6320 14667 1129
3 5055 928 925
3 16253 9211 11813
3 11686 6553 2878
3 13677 11686 2878
3 1237 1247 1262
3 935 947 15216
3 7263 1017 15119
3 948 12176 14687
3 1003 1004 952
3 1004 1003 1034
3 880 15371 900
3 5055 969 928
3 15007 1037 14265
3 14273 849 842
3 4949 4846 13845
3 14715 1585 8038
3 7297 11173 1324
3 1324 11173 1330
3 15484 960 927
3 15484 995 960
3 1037 13660 5463
3 13660 1022 1042
3 4872 14212 15392
3 14441 14188 855
3 917 14142 13851
3 995 15594 1006
3 7263 15119 15594
3 886 4807 884
3 4807 886 864
3 7199 1669 14905
3 885 886 903
3 936 11457 9792
3 10748 2831 11446
3 2847 11446 2831
3 11804 1677 14162
3 903 886 884
3 847 5934 14673
3 14773 2182 1677
3 16250 2182 14773
3 5258 8407 10793
3 14790 4372 5416
3 14353 14790 5416
3 16256 13896 2181
3 855 11742 878
3 6151 4925 16242
3 12943 857 13976
3 1247 1237 13246
3 5980 10835 8004
3 8435 2543 10999
3 4302 8435 10999
3 985 12432 13767
3 14841 16256 16240
3 11804 11738 16215
3 14543 1673 14625
3 954 938 14856
3 16168 1585 14715
3 7805 14858 16170
3 15326 966 962
3 14543 4367 15556
3 14880 870 855
3 850 14880 855
3 7818 869 888
3 876 14890 859
3 923 14898 898
3 13814 898 14898
3 1389 14475 1383
3 14475 14831 1383
3 1052 3745 11259
3 14002 2870 14260
3 5055 14248 969
3 1022 996 1025
3 1022 1025 1042
3 15392 11064 11172
3 15326 962 13329
3 14941 6284 4099
3 14390 14941 4099
3 12411 5418 15699
3 1336 14954 11093
3 5221 14170 15458
3 14137 12110 8040
3 11189 14975 10909
3 11189 937 14975
3 847 851 14976
3 14503 14976 851
3 5319 1794 14841
3 2870 13773 13767
3 1324 1307 12483
3 14981 5258 16236
3 14981 16259 5258
3 1036 13660 1037
3 14985 14773 1677
3 14985 1677 14608
3 1685 11561 15270
3 1046 11281 1015
3 1046 10359 11281
3 847 14993 851
3 13771 14993 847
3 5770 7883 11106
3 16354 5770 11106
3 6284 13481 15060
3 13834 2851 12974
3 12646 15699 1129
3 5302 2876 15014
3 14002 4827 15014
3 7818 887 894
3 987 1016 15023
3 949 987 15023
3 12308 15026 9210
3 16154 2849 10624
3 848 15029 862
3 862 15029 880
3 14831 1378 1383
3 9281 12278 14831
3 6707 15038 3030
3 15038 16246 3030
3 15039 889 951
3 888 889 15039
3 1673 7515 13252
3 15048 11546 6707
3 12308 15048 6707
3 15052 1241 1281
3 15274 3657 10334
3 3657 15274 14012
3 13481 6284 14941
3 2852 11634 14140
3 5869 5909 11918
3 964 940 14516
3 1070 14938 1059
3 6032 6748 2680
3 2193 850 854
3 850 2193 14880
3 6707 10739 15038
3 16466 16254 15064
3 2180 15064 16254
3 954 14856 973
3 2876 14002 15014
3 5742 7412 14910
3 11491 15369 14910
3 963 5721 14856
3 6738 3654 13972
3 8157 14573 6748
3 13814 13771 857
3 15232 10755 10088
3 15232 14311 10755
3 959 13516 14142
3 6318 15162 11697
3 6265 15478 10376
3 1247 13246 15502
3 15274 4374 1669
3 13626 14928 4804
3 14928 5211 4804
3 15038 13629 16246
3 4902 1327 11384
3 854 15029 848
3 5567 15108 2851
3 15108 14531 2851
3 9281 11714 12278
3 1006 15119 1009
3 859 14890 14503
3 1026 12792 1035
3 1336 11467 15124
3 14954 15480 11093
3 15125 1793 6917
3 15125 1791 8065
3 1025 9772 1042
3 1042 9772 12869
3 15128 1046 1049
3 15129 1326 1327
3 10950 4372 15366
3 15366 4372 14790
3 1356 1359 15124
3 1672 14199 14371
3 15134 868 895
3 8435 11738 11804
3 14260 13686 6812
3 5429 11745 11377
3 13976 847 14673
3 1359 1364 14954
3 15124 14954 1336
3 1263 1244 1266
3 15169 13246 1205
3 10334 15169 15425
3 14841 15064 16256
3 959 964 15171
3 13516 959 15171
3 1161 15179 1205
3 1161 15361 15179
3 14327 972 15183
3 985 15183 15387
3 6608 11634 15725
3 15184 11745 6151
3 15184 6151 6320
3 15274 1669 14012
3 9211 6318 15202
3 6318 14883 15202
3 939 911 929
3 964 14516 15171
3 15216 923 898
3 15216 947 923
3 15397 863 2689
3 11957 1287 1291
3 1009 976 1006
3 960 914 15229
3 908 15229 914
3 15232 10088 12397
3 15724 2836 16169
3 1685 15270 11546
3 1053 1062 1046
3 1053 1046 6915
3 5909 13516 2515
3 970 983 996
3 1267 1227 1263
3 16241 9918 10748
3 15402 12271 5027
3 5879 10380 11978
3 10380 3896 11978
3 15378 1382 1376
3 11172 15378 15413
3 16244 11413 8040
3 911 884 894
3 10359 1046 15128
3 11173 14146 1330
3 2847 15386 14291
3 919 905 15327
3 926 15327 905
3 12974 3171 15723
3 1685 1668 11561
3 4280 14928 13626
3 6861 2674 15331
3 1279 1254 11205
3 931 15335 889
3 15335 931 974
3 1025 10359 9772
3 13101 16163 15556
3 14370 875 13190
3 15345 900 928
3 5795 1670 5410
3 13848 1670 5795
3 1670 16236 10793
3 14623 1670 10793
3 876 880 15345
3 1336 15617 11467
3 1295 15052 1307
3 15179 15425 1205
3 11943 14248 15481
3 1161 15314 1139
3 14975 14477 10909
3 1161 1139 15361
3 1115 15361 1139
3 16253 11813 7199
3 15366 9571 1452
3 15369 5742 14910
3 1216 1204 15572
3 15029 868 15371
3 15371 15134 900
3 15378 11100 1388
3 1685 9735 15379
3 15379 9735 16465
3 2847 2831 15386
3 15387 16376 985
3 4367 13428 4383
3 3201 15391 14687
3 15391 11767 948
3 4872 15392 4642
3 15397 895 868
3 5869 13851 5909
3 13851 14142 5909
3 16465 6318 7710
3 16465 15162 6318
3 14687 15391 948
3 12080 5418 13120
3 12411 13120 5418
3 15413 1376 13454
3 15413 15378 1376
3 14831 14475 9979
3 1324 14834 1307
3 1332 15226 14834
3 1364 1368 15480
3 15480 1368 11714
3 14592 887 13220
3 7419 6657 7412
3 13159 968 7398
3 15425 15169 1205
3 15226 1295 1307
3 16234 12601 10950
3 15378 1388 1382
3 1295 15226 4902
3 11943 15481 923
3 5390 2831 15443
3 16376 13953 12432
3 985 16376 12432
3 15617 1337 11467
3 15725 15026 6608
3 870 13814 14898
3 4416 1337 15617
3 946 918 939
3 946 903 918
3 2677 13795 5563
3 16250 14773 12212
3 2674 9572 15331
3 15478 5211 14928
3 15560 5211 15478
3 6265 15560 15478
3 13767 12432 1024
3 12432 14974 1024
3 6915 1015 14704
3 1144 10748 11446
3 15481 14248 963
3 15481 963 923
3 11577 872 849
3 11662 11577 849
3 11491 6752 10909
3 6752 11189 10909
3 15124 15487 1356
3 13785 14631 4070
3 15184 6320 1158
3 13193 14905 1668
3 15125 6917 1791
3 1158 6320 1129
3 1216 1241 1278
3 1278 1241 15052
3 1388 14475 1389
3 10624 11909 2685
3 1234 15419 16349
3 15419 1234 1247
3 5383 15402 11482
3 2844 12646 14667
3 2677 14816 14041
3 4369 15536 1667
3 973 14523 954
3 914 911 894
3 914 929 911
3 968 13993 13297
3 15502 15419 1247
3 15379 13193 1685
3 15458 14170 2674
3 11469 5211 15560
3 15560 10261 15566
3 11469 15560 4416
3 15129 15559 10376
3 14478 15559 1327
3 14597 4416 15566
3 15560 15566 4416
3 1034 5463 11259
3 10950 12601 15536
3 14425 12062 6730
3 1046 1015 6915
3 15226 15071 4902
3 15226 1332 15071
3 16348 1062 1053
3 16348 1070 1062
3 8724 10390 5027
3 15402 5027 10390
3 872 11577 11689
3 15536 4369 14291
3 15392 11172 4642
3 15594 1022 1036
3 1262 1258 1287
3 15617 1336 11469
3 13660 1036 1022
3 996 15594 995
3 15226 1307 14834
3 993 6738 13972
3 15371 868 15134
3 15361 5418 12080
3 15361 12080 15179
3 12080 13120 10775
3 1327 15559 15129
3 933 15134 895
3 5986 991 14327
3 1258 1216 1278
3 4094 14012 7199
3 11813 4094 7199
3 15387 15183 972
3 7398 14248 5055
3 14390 6752 3051
3 903 946 912
3 4827 6282 12604
3 937 12604 16214
3 13632 12604 937
3 2831 10748 9918
3 9918 15443 2831
3 14353 13203 10947
3 12397 10088 7022
3 13203 8724 10947
3 15369 14477 5742
3 859 851 13256
3 5416 15536 14291
3 1052 11259 5463
3 1667 16234 1501
3 11015 16235 5654
3 16237 4382 9477
3 9477 10431 16237
3 14975 937 16214
3 16245 13602 15665
3 16354 16243 11033
3 16255 16469 16244
3 976 960 1006
3 10246 16169 6320
3 2681 7519 11561
3 8038 16469 11405
3 16254 16466 11435
3 4985 1793 6919
3 4949 13845 10380
3 1244 1207 1226
3 1115 1111 15699
3 1131 1111 1136
3 8162 12990 16168
3 3251 8322 12990
3 5221 15458 7022
3 1126 15699 1111
3 4983 16187 14391
3 11482 9918 16241
3 1057 1049 1062
3 12418 12466 16252
3 16466 15064 14841
3 16259 16255 11747
3 12466 11886 16260
3 10209 16468 2742
3 16467 16241 11717
3 16263 6657 7419
3 16253 15379 16465
3 1686 16235 11015
3 1684 16261 11578
3 10209 6640 16468
3 16263 6731 14501
3 16155 10239 5410
3 1126 1111 1134
3 16155 12725 8162
3 14391 16187 2827
3 13785 14254 8322
3 985 15698 15183
3 14858 14454 16170
3 14454 14858 3251
3 15722 15125 8065
3 1139 1136 1115
3 10431 5392 16237
3 4501 10793 16215
3 7515 14543 16163
3 7805 5816 13353
3 15387 972 6061
3 6668 13924 12595
3 14546 15060 2878
3 14363 16170 14454
3 10775 4374 15274
3 7515 1673 14543
3 8485 16156 2852
3 7805 13353 4070
3 2680 6748 16156
3 1115 5418 15361
3 1684 1501 16234
3 14041 1501 2677
3 13965 6668 991
3 8157 16396 14573
3 15723 15721 13082
3 16187 10835 5980
3 5986 14327 15698
3 11435 16466 10755
3 16248 12418 6917
3 16467 16261 11401
3 4594 11066 16250
3 16255 12212 16257
3 15701 6657 16263
3 16468 6640 8038
3 15721 16243 14311
3 16251 12249 16249
3 16469 11413 16244
3 2180 16256 15064
3 16349 15184 1158
3 6657 4985 6919
3 4902 1291 11873
3 15026 16246 6608
3 11873 1295 4902
3 4985 6657 15701
3 1158 1204 16349
3 16348 12459 10510
3 7710 16253 16465
4 5180 15973 12600
4 5270 12151 15790
4 11844 5974 10703
4 16109 9711 14301
4 11801 4155 2950
4 427 492 530
4 13809 15773 15838
4 304 241 200
4 3303 3304 6773
4 427 389 424
4 15787 6475 14923
4 14843 16064 16386
4 207 233 268
4 304 200 288
4 268 327 288
4 12495 6914 4294
4 4793 11902 15783
4 11398 2000 8550
4 500 566 547
4 4892 6436 2050
4 8448 2249 8450
4 245 266 322
4 14950 16106 2017
4 215 277 252
4 16337 15798 12962
4 256 305 205
4 236 252 278
4 236 185 252
4 15918 10038 15156
4 16061 16060 16022
4 148 68 113
4 10561 5413 15868
4 14415 6107 2009
4 232 176 245
4 322 324 245
4 15766 15676 16403
4 15898 16437 11938
4 492 419 506
4 15762 16418 4940
4 419 394 400
4 324 394 389
4 419 424 394
4 16097 16096 16046
4 1903 9377 6419
4 381 418 390
4 397 390 415
4 6406 6387 15867
4 16096 3563 16098
4 15706 15511 4233
4 16391 7714 16416
4 149 233 207
4 6419 9377 11238
4 16065 16391 2745
4 15602 13364 15715
4 6406 15841 15493
4 6068 16103 6067
4 16061 16022 7714
4 497 425 437
4 15862 15877 16421
4 4195 6430 15706
4 15914 8450 2249
4 15916 2239 8469
4 8472 2253 2248
4 15607 15763 6522
4 8958 2719 1654
4 5331 1654 2719
4 5276 6525 11504
4 3189 2784 5331
4 2784 10228 5331
4 14697 15919 13786
4 10974 6419 3189
4 16066 8321 10974
4 6939 16006 9839
4 15203 11916 10038
4 7229 15772 14033
4 16352 6890 3054
4 12585 9711 14316
4 13209 1986 6865
4 7721 7080 16066
4 5146 1654 5331
4 113 215 148
4 174 94 185
4 8684 8708 11254
4 16409 15292 13779
4 12822 8708 9232
4 6068 2020 2021
4 2458 15795 11643
4 3824 10974 3189
4 2719 3824 3189
4 10019 6782 6783
4 7288 3824 8958
4 15812 16383 15808
4 176 158 245
4 8734 3382 4791
4 4791 6876 8734
4 15900 10322 13750
4 14378 12139 16379
4 6138 10055 10929
4 15704 7482 4170
4 15820 11693 15434
4 13209 6865 4511
4 566 16296 546
4 14303 15784 6205
4 3298 10589 15779
4 4130 3298 15779
4 8174 506 497
4 12502 9881 6769
4 4791 11238 9377
4 6067 2020 6068
4 3640 6764 16045
4 3281 16307 6777
4 6067 16107 2016
4 2066 15799 15829
4 15834 5251 15713
4 14462 15786 9803
4 15870 8450 15914
4 15910 14661 15710
4 370 10615 3907
4 3921 4791 9377
4 3921 4389 6876
4 15455 8613 11487
4 9682 5043 1903
4 14942 2023 11382
4 11814 12075 15891
4 12042 10966 16324
4 16431 15899 15862
4 5471 5180 8634
4 2066 15911 13508
4 3460 8087 12495
4 15872 6387 15874
4 4198 3910 15875
4 11331 10651 15933
4 3648 13612 16299
4 200 6635 10945
4 9207 4318 14428
4 11789 9934 8810
4 6769 9769 8581
4 7229 13362 4319
4 4293 12504 4317
4 3461 14219 7651
4 16010 15716 2007
4 9769 11157 8581
4 5043 4389 3921
4 9682 4389 5043
4 4318 11536 14428
4 3921 6876 4791
4 3382 15717 3019
4 15772 5952 9059
4 4511 16350 13209
4 16352 15999 16008
4 16006 6939 8178
4 15840 210 7539
4 8171 15716 16350
4 16007 13370 16000
4 16000 13370 9955
4 15374 14487 16011
4 16105 11382 2023
4 6419 11238 2784
4 15866 14224 15806
4 126 16403 55
4 13540 6217 6268
4 6656 6217 13612
4 2266 8461 8460
4 16409 5196 15292
4 15851 12502 12316
4 11394 10096 4966
4 2019 3019 9229
4 3019 15717 9229
4 4315 11536 4318
4 4317 4822 8288
4 15833 15836 6354
4 13735 10302 16112
4 14235 15828 15778
4 6433 15819 4892
4 11583 14970 4924
4 8708 8684 9232
4 5331 8684 5146
4 3189 6419 2784
4 4669 15821 4640
4 15912 2239 4198
4 15796 15795 15776
4 9059 8286 8713
4 11210 10905 12688
4 16005 9839 15998
4 11210 12688 11829
4 12502 178 12316
4 7436 15752 7340
4 11789 7685 6496
4 6496 7685 13070
4 16495 15258 2324
4 9064 15783 5196
4 15741 15197 15763
4 2007 15716 2020
4 4481 8454 5601
4 15809 16379 11904
4 13302 6272 14083
4 10096 2019 4966
4 2019 10096 3019
4 15905 9019 6641
4 9019 8979 6641
4 15263 13020 9745
4 15903 13737 14659
4 489 490 405
4 10356 12836 8809
4 16319 5180 11083
4 16332 14996 14567
4 8734 15717 3382
4 12502 6769 178
4 4791 3382 11238
4 200 1995 207
4 13302 1736 6272
4 10974 8321 6419
4 6876 4389 7284
4 15911 13491 10055
4 9859 5601 8454
4 15703 15824 15835
4 6272 1736 5257
4 16409 6487 11653
4 10905 292 3579
4 13020 11568 14462
4 14167 15757 15773
4 12883 6804 15758
4 8912 16111 14103
4 3910 8476 2257
4 16428 4793 11357
4 12139 15890 16379
4 16405 5363 10653
4 15809 14378 16379
4 11083 9682 7080
4 7080 9682 1903
4 15707 15057 15521
4 9642 2066 15829
4 5180 16319 15973
4 11676 7430 5363
4 10671 12822 4707
4 4707 12279 10671
4 15829 15774 14449
4 7284 7223 6876
4 14764 6876 7223
4 142 16301 14436
4 10693 11348 8550
4 10703 5974 8550
4 15932 15903 14659
4 8455 15509 3964
4 15904 8963 13967
4 15841 15562 258
4 14764 15717 8734
4 14764 8734 6876
4 8178 13143 8912
4 15974 8912 13143
4 16005 14646 9865
4 15616 16441 12961
4 8290 5119 15642
4 7288 10974 3824
4 2719 8958 3824
4 277 215 241
4 14148 3298 16423
4 14148 16423 12449
4 12291 15776 15795
4 14449 15774 15263
4 15898 8455 13664
4 16003 5146 11254
4 16003 1654 5146
4 14747 16418 12782
4 15236 10079 5964
4 11530 1468 15886
4 14872 8483 7253
4 2256 8483 14872
4 418 381 7298
4 15709 5251 6433
4 12939 16430 15629
4 15784 1568 12930
4 6487 15784 12930
4 12574 14234 16384
4 15661 16301 12938
4 158 198 15623
4 13384 16422 11935
4 15303 8469 2240
4 6635 241 215
4 16000 6852 13394
4 13242 16429 8494
4 16425 6347 14994
4 15891 12075 16378
4 10079 16428 13522
4 16428 8461 13522
4 15820 15570 15513
4 15973 8331 7106
4 4707 15973 7106
4 4887 13452 15765
4 14720 4940 16418
4 7284 9573 7223
4 11387 9573 7284
4 9865 6939 9839
4 6939 9865 14408
4 11789 9431 8979
4 13096 125 10850
4 14748 14017 15822
4 15929 3925 6266
4 15871 6266 15423
4 6782 7721 16066
4 6782 16319 7721
4 15762 13803 16418
4 2268 13822 15918
4 11404 2353 3485
4 8168 7012 2015
4 13762 6656 14031
4 12688 10905 3579
4 13690 15823 3695
4 4886 15823 13690
4 324 389 285
4 324 232 245
4 324 285 232
4 8470 3908 14940
4 15058 10474 2260
4 15537 2067 4669
4 14747 10604 16418
4 8810 7832 7685
4 7685 7832 4822
4 11063 7436 15861
4 10923 15690 10636
4 15752 2458 11716
4 15057 15707 15708
4 16324 15343 10732
4 15873 15072 9859
4 9859 15072 5290
4 16425 14994 11580
4 8958 8111 4661
4 9060 14551 15805
4 15808 7616 14862
4 2009 8026 8027
4 11345 3926 2254
4 12290 15784 6487
4 9060 12290 6487
4 15903 15932 13540
4 7334 6782 7288
4 4661 7288 8958
4 4661 7334 7288
4 6783 7334 4661
4 7198 15820 15513
4 4793 15783 7683
4 11357 4793 7683
4 11829 2615 13264
4 318 13264 261
4 200 207 288
4 5276 7430 2027
4 10653 7430 5276
4 9934 5936 8810
4 15905 8135 9019
4 10356 4742 12836
4 15434 11693 4170
4 12279 7106 16112
4 7106 15987 16112
4 9934 8979 9019
4 11789 8979 9934
4 15668 15260 15820
4 11238 10228 2784
4 16386 15261 15401
4 8752 13762 6647
4 15851 2615 7670
4 6840 3579 292
4 16109 4726 14912
4 361 314 390
4 13051 15931 10467
4 10467 12688 3579
4 16066 1903 8321
4 8321 1903 6419
4 9881 10134 9769
4 3933 2246 12285
4 3933 12285 15604
4 6525 7706 15762
4 5270 7706 6525
4 418 415 390
4 2615 15851 12316
4 6079 6068 2021
4 6070 6079 2009
4 215 113 6635
4 16298 1602 278
4 10096 4707 12822
4 13869 13404 15771
4 6079 2021 2009
4 8135 11061 9019
4 16063 16019 12965
4 15637 9083 14764
4 15637 13080 9083
4 8448 15889 12731
4 15876 8453 15897
4 98 8581 61
4 12822 9232 10096
4 7444 13797 14385
4 98 6769 8581
4 3906 6857 11944
4 15754 13803 15762
4 7037 6996 13797
4 13875 4315 7037
4 6431 15827 15828
4 13264 12316 261
4 8331 15987 7106
4 9769 10134 11157
4 16319 6782 10019
4 8431 4325 8713
4 4905 15743 4906
4 6996 10130 14385
4 10130 16299 14230
4 7229 10440 15772
4 13362 4317 4319
4 8288 4319 4317
4 15604 12647 6404
4 2324 13304 16495
4 3907 10615 7337
4 1903 3921 9377
4 1903 5043 3921
4 6647 11331 15933
4 16010 1986 15716
4 5952 10356 8809
4 8809 8752 7063
4 15706 6430 6431
4 6433 15792 15819
4 7318 9573 11387
4 11459 15931 11829
4 8752 6268 13762
4 4169 15912 2027
4 2028 5363 13676
4 6390 13649 15839
4 6436 15793 14674
4 11210 13264 318
4 9083 13080 14942
4 11829 13264 11210
4 6840 11376 3579
4 15909 2268 15156
4 14270 14405 15759
4 7611 13096 12128
4 12128 13096 10850
4 32 62 44
4 16407 15788 15185
4 10945 6635 88
4 6914 14083 6272
4 15752 15776 12291
4 160 5498 100
4 14096 3270 12600
4 185 236 174
4 15906 15934 13930
4 427 530 531
4 11157 9275 8581
4 15865 9952 5949
4 15800 11890 10924
4 6433 4892 15709
4 10467 11376 13051
4 11157 4292 15759
4 15900 13750 2650
4 13750 14269 2650
4 10055 6138 5979
4 10055 5979 15911
4 9431 9520 8979
4 8111 16019 12136
4 579 15504 530
4 579 3257 15504
4 16003 11254 3856
4 15851 6496 13070
4 15929 6266 3931
4 9520 4212 15931
4 9431 4212 9520
4 8288 15853 9456
4 15853 11941 9456
4 6641 8979 9520
4 1867 14628 8214
4 14628 6510 8214
4 5453 14870 9756
4 3565 15611 7215
4 150 256 9552
4 9552 140 150
4 10356 5311 4448
4 10356 4448 4742
4 3649 3641 16046
4 2775 6796 16045
4 16045 7703 2775
4 16045 3651 3640
4 8809 12836 8752
4 8331 15973 16319
4 11304 8469 15303
4 16361 3301 6796
4 3640 3293 6764
4 3293 3640 16308
4 15851 4316 9881
4 8362 58 117
4 140 117 58
4 6857 3906 15921
4 11075 6857 15921
4 2310 15865 2028
4 189 5498 160
4 3044 12965 8383
4 6485 15178 4948
4 15782 12899 2313
4 4822 15853 8288
4 6890 3056 16065
4 16352 16008 16004
4 8462 6765 14911
4 16006 10499 12188
4 2737 15809 11071
4 3565 7284 4389
4 3565 11387 7284
4 3056 16350 4511
4 3054 15999 16352
4 15249 8024 16010
4 9756 13587 5453
4 11376 15902 13051
4 214 125 6840
4 15759 7611 12128
4 9456 11941 3155
4 14407 6268 8752
4 16067 16389 16388
4 7721 16319 11083
4 13020 14462 53
4 11067 13508 233
4 12316 178 261
4 394 322 400
4 6496 7670 11789
4 15905 6641 11088
4 3151 5453 4315
4 5453 3460 4315
4 7721 11083 7080
4 15394 12701 6347
4 14125 9059 8713
4 178 6769 98
4 210 15871 15423
4 506 419 425
4 15907 8135 12043
4 15851 13070 4316
4 4198 2239 8468
4 2239 15916 8468
4 1406 14849 16306
4 14950 2017 8024
4 11061 9934 9019
4 12043 8431 15907
4 14567 15813 16332
4 6804 14269 1876
4 16066 7080 1903
4 15906 5933 14433
4 10927 81 128
4 81 10927 31
4 8111 8958 8383
4 11248 8383 8958
4 4325 8431 11795
4 8431 14665 11795
4 7063 9059 5952
4 6514 2302 15777
4 15801 15777 2302
4 11693 11564 4170
4 2246 10322 15900
4 16006 16001 9839
4 2260 10474 6415
4 15987 13735 16112
4 4212 2615 11829
4 15389 4224 2247
4 4316 4292 10134
4 9881 4316 10134
4 15933 8135 15907
4 8135 15933 11061
4 14325 15761 5964
4 11061 15933 5936
4 2019 9229 11382
4 13094 343 15934
4 16296 500 418
4 7436 9398 15752
4 15776 15752 9398
4 6373 15915 14944
4 2296 15785 76
4 357 367 16298
4 9298 11654 6501
4 15806 9298 6501
4 506 425 497
4 15782 11484 12089
4 15898 8480 15880
4 16437 15898 15880
4 4314 13653 7037
4 15903 13540 14407
4 125 13096 6840
4 16110 2014 15977
4 15871 3931 6266
4 15871 10799 3931
4 52 9982 40
4 8634 5180 12600
4 5311 10356 13393
4 2323 13352 15779
4 7229 14219 10440
4 10440 14219 13393
4 11088 6641 15931
4 14270 14225 4293
4 4293 7728 14270
4 9474 15278 16020
4 15759 14405 7611
4 3933 15604 11705
4 14303 15744 15784
4 10561 11705 15604
4 15717 9083 14942
4 9229 15717 14942
4 15115 16062 7318
4 11083 5180 5471
4 13786 15919 2263
4 15910 13786 2263
4 15924 9463 7203
4 2650 11530 15900
4 13393 10356 10440
4 14764 7223 9573
4 12409 15786 233
4 8135 15905 12043
4 8483 15925 12166
4 7670 9431 11789
4 15782 15811 12899
4 1468 13894 15781
4 12043 15905 14665
4 1568 7683 12930
4 15869 7683 1568
4 11829 15931 4212
4 3579 11376 10467
4 5276 2027 147
4 5119 14301 9711
4 8469 2239 2240
4 120 62 11778
4 62 31 11778
4 15879 10567 11337
4 15935 10567 15879
4 16062 14430 16098
4 16388 3563 16067
4 14491 10615 9641
4 251 129 179
4 2002 9642 15829
4 2002 4536 9642
4 15987 8331 10019
4 149 92 9803
4 8713 8286 8431
4 60 26 10850
4 10850 9275 12128
4 3565 4389 13915
4 13915 15611 3565
4 363 354 11210
4 2296 55 16403
4 55 2296 76
4 3257 3271 558
4 68 148 94
4 7444 3151 13797
4 354 292 10905
4 8472 14697 2253
4 11459 10467 15931
4 15772 10440 5952
4 6268 6217 6656
4 10651 5936 15933
4 11941 5936 10651
4 312 16298 278
4 16298 312 357
4 9083 15717 14764
4 3298 4130 16423
4 350 1602 16298
4 11404 10073 6477
4 5367 531 558
4 9232 3382 3019
4 10302 5810 16112
4 16480 14780 15743
4 11941 15853 8810
4 8810 5936 11941
4 9865 9839 16005
4 11458 4378 4376
4 14735 12600 3270
4 150 44 62
4 14485 10615 370
4 15873 9859 14064
4 2240 9859 8454
4 7063 6647 8286
4 10440 10356 5952
4 26 61 8581
4 26 8581 9275
4 26 9275 10850
4 15809 11904 11071
4 15809 11458 14378
4 10902 16019 6765
4 14351 16019 16063
4 15998 1409 16005
4 15884 10604 16378
4 16336 2314 15074
4 14750 9952 15816
4 16409 11653 5196
4 1897 15822 14386
4 13452 2388 15765
4 14937 2388 11583
4 12530 8288 9456
4 2319 15178 6485
4 7640 6804 15757
4 252 277 312
4 13915 4389 9682
4 10850 125 60
4 16496 15834 15839
4 10038 15909 15156
4 14407 13540 6268
4 15713 15839 15834
4 15987 10019 6783
4 3155 11941 6656
4 15758 5908 12500
4 12500 12883 15758
4 3587 362 360
4 15141 16021 10046
4 15839 15713 14490
4 14285 8586 8290
4 16434 13438 15923
4 370 15923 13438
4 8286 15907 8431
4 1995 11352 92
4 14628 11743 7432
4 9635 6862 2746
4 10096 9232 3019
4 14428 13869 15771
4 11210 354 10905
4 8810 15853 7832
4 7832 15853 4822
4 15858 12731 15857
4 16384 14845 14148
4 6268 6656 13762
4 14031 10651 11331
4 13762 14031 11331
4 10130 10075 14385
4 6475 15787 11940
4 16065 3056 4511
4 16046 3281 6777
4 16097 16046 16022
4 200 10945 1995
4 1995 10945 12378
4 15713 14580 14490
4 15713 3926 14580
4 289 1736 224
4 16361 6796 7714
4 13587 9303 5453
4 15761 6501 15586
4 11795 14665 12437
4 362 3587 307
4 10228 11238 3382
4 4155 12042 4907
4 1897 14386 14873
4 12285 2246 3924
4 12285 3924 15604
4 12215 15753 15266
4 10277 16429 13242
4 52 12031 9982
4 13747 45 12031
4 14911 16109 14912
4 4169 11676 2028
4 2028 11676 5363
4 16019 14351 6765
4 15886 15929 11790
4 3931 11790 15929
4 419 400 425
4 13051 15902 11088
4 558 15504 3257
4 12379 5119 8290
4 12379 11930 5119
4 361 390 326
4 4742 15903 14407
4 7318 15997 9573
4 3460 9303 8087
4 9303 3460 5453
4 1400 1397 16386
4 16386 6790 1400
4 8168 2015 11930
4 11930 2015 4726
4 7340 15752 11716
4 395 7298 285
4 16064 14843 15998
4 16422 12574 16384
4 2615 4212 7670
4 174 204 128
4 7670 4212 9431
4 9635 9955 6862
4 6852 16000 9955
4 13249 16021 7215
4 16021 15141 7215
4 15705 15389 2247
4 15816 9952 15807
4 15816 15807 15755
4 4207 2257 4224
4 11167 162 239
4 15807 14869 15755
4 2059 15706 6431
4 14405 11795 7065
4 6641 9520 15931
4 15906 13930 5933
4 9232 10228 3382
4 15794 10552 15352
4 4130 13352 1862
4 171 224 1736
4 12128 9275 11157
4 562 579 530
4 15776 9398 3661
4 13668 15908 10601
4 15884 15895 10604
4 16418 10604 14914
4 10923 11458 2737
4 15190 381 258
4 10615 14491 7337
4 14870 11487 9756
4 5908 15838 12500
4 13905 8024 16011
4 13905 16010 8024
4 11504 15760 10653
4 15834 16496 15789
4 233 12513 11067
4 233 15786 12513
4 14315 8276 16064
4 16064 8276 16297
4 5974 10693 8550
4 5974 15936 10693
4 2239 15912 2240
4 9244 10799 15871
4 2950 4155 10703
4 15914 14857 6418
4 15320 15906 14433
4 15874 12873 15872
4 3955 15628 4193
4 16404 13846 15815
4 4709 9865 14569
4 5331 2719 3189
4 35 11584 58
4 12961 4907 12042
4 15709 13475 3964
4 15349 3662 7616
4 12836 4742 14407
4 15608 16433 10732
4 6647 13762 11331
4 363 11210 318
4 7298 15190 285
4 10134 4292 11157
4 1736 289 15320
4 15320 289 15906
4 13387 15825 14997
4 7611 14405 7065
4 1995 12378 11352
4 3271 3257 14779
4 205 117 140
4 15051 12166 16301
4 15562 15841 189
4 4935 11395 7216
4 3856 11159 16003
4 11248 16003 11159
4 8713 4325 7728
4 14675 12647 14706
4 3924 14706 12647
4 9198 10937 15143
4 13809 15838 6404
4 11382 9229 14942
4 11564 3906 4170
4 4170 11944 15704
4 10799 14706 3931
4 14757 3931 14706
4 2014 8032 10499
4 10499 8032 12188
4 14219 7229 4319
4 285 389 395
4 3968 2054 14602
4 16351 16009 6890
4 8027 16004 8031
4 16350 8026 8171
4 6865 1986 16389
4 12647 14675 6404
4 2009 8027 8031
4 15268 16432 15889
4 12688 11459 11829
4 2020 15716 8171
4 11459 12688 10467
4 333 312 277
4 2021 8026 2009
4 16004 16008 8031
4 8031 16008 16007
4 7065 15902 11376
4 15714 10918 15346
4 11376 7611 7065
4 12530 9456 15852
4 3155 15852 9456
4 8810 7685 11789
4 15879 6138 10929
4 12956 7616 3662
4 4966 12600 15973
4 11801 2950 2004
4 15856 12283 9463
4 15856 1822 12283
4 10601 15908 15714
4 15714 15346 10601
4 2326 13641 2323
4 4942 2319 9066
4 8461 16428 8460
4 11902 5196 15783
4 200 241 6635
4 11504 4940 4906
4 12379 3856 8168
4 6996 3648 10130
4 14969 339 16324
4 12449 16423 11075
4 7265 1867 11063
4 1867 8214 11063
4 14369 224 204
4 15844 2054 12717
4 4219 11069 2264
4 11069 8460 2264
4 11703 3911 10474
4 394 324 322
4 15843 11077 15492
4 6364 16332 13911
4 6364 4203 16332
4 15909 4197 11345
4 15909 11345 2268
4 14814 387 290
4 2246 14554 10322
4 5471 8634 14735
4 15611 5471 14735
4 7158 343 217
4 217 196 7158
4 5367 418 7298
4 7298 395 5367
4 174 128 81
4 2565 16438 16433
4 2737 2298 10923
4 2298 15690 10923
4 15783 9064 7683
4 174 81 94
4 274 16480 15069
4 15069 15440 274
4 5952 8809 7063
4 12279 5810 10671
4 5810 12279 16112
4 16002 11159 8586
4 16000 13394 12188
4 15091 16440 15780
4 11083 5471 9682
4 9682 5471 13915
4 11337 16435 2566
4 11337 10567 16435
4 327 360 288
4 6783 4661 12136
4 12136 10902 6783
4 360 327 3587
4 13756 7216 4481
4 427 424 492
4 492 424 419
4 109 11659 181
4 52 11659 109
4 15782 15856 15811
4 15811 15856 16431
4 11628 15861 7436
4 4905 4906 4940
4 181 205 242
4 158 266 245
4 181 117 205
4 11801 14748 15822
4 11071 11242 2737
4 1654 16003 11248
4 10589 8558 15779
4 31 62 32
4 81 31 32
4 2243 15046 15920
4 15885 11283 4907
4 5974 11844 11283
4 16378 12190 15891
4 15785 15050 15065
4 1876 11996 6804
4 11916 3909 15870
4 239 307 11167
4 16404 12290 13846
4 11297 15755 2319
4 6205 12290 16404
4 58 44 150
4 58 150 140
4 15485 16388 16062
4 2299 3241 3485
4 52 40 8362
4 2566 11628 3881
4 11628 7340 3881
4 7203 1876 13750
4 13750 10322 7203
4 11345 4197 14580
4 569 14361 14285
4 5978 4536 11348
4 2002 11348 4536
4 15870 15703 15496
4 11242 11071 15075
4 15075 11071 15858
4 11357 7683 15869
4 11357 15869 2585
4 2256 4203 12886
4 12886 4203 6364
4 15592 15842 15766
4 16403 15592 15766
4 4707 10096 11394
4 15795 2000 11398
4 6482 15753 12215
4 14405 4325 11795
4 12899 7617 2313
4 12899 15811 13198
4 8475 361 326
4 13747 12021 53
4 53 14462 13747
4 4640 6475 14005
4 16424 14610 3176
4 14551 15844 15687
4 4536 5978 10055
4 2004 2950 2000
4 2004 2000 15797
4 9552 256 205
4 205 140 9552
4 15809 2737 11458
4 5964 15761 15586
4 7242 15927 4483
4 76 87 48
4 129 87 76
4 9232 8684 10228
4 14147 10927 128
4 11659 117 181
4 11844 10703 4155
4 11504 4906 15639
4 15775 11484 15555
4 205 305 242
4 13747 109 12021
4 162 12021 109
4 16360 16297 14770
4 15450 15770 15767
4 15770 15793 15767
4 16386 15401 6790
4 9641 10615 14485
4 10228 8684 5331
4 6487 9064 11653
4 14114 16105 3297
4 13249 14114 14422
4 2745 3054 6890
4 11790 11530 15886
4 11536 3460 4294
4 4315 3460 11536
4 11504 15639 15760
4 12190 4923 15859
4 15859 15891 12190
4 13168 2253 13786
4 16409 11436 15241
4 16437 15741 15106
4 7482 10552 11692
4 7482 15704 10552
4 10038 15466 15909
4 14862 7616 12956
4 15794 11692 10552
4 15847 12962 15831
4 14970 11583 16407
4 6852 9955 9635
4 15758 14584 16336
4 5936 9934 11061
4 4709 14569 12796
4 16102 15975 12796
4 162 10937 11603
4 14422 14114 3297
4 2054 3968 12717
4 10693 5978 11348
4 10693 12117 5978
4 12117 15935 5978
4 3281 16046 3641
4 2319 2310 9066
4 6501 15761 14336
4 16011 8024 15602
4 11075 15923 6857
4 8024 13364 15602
4 14876 7012 8708
4 14876 10671 5810
4 14876 8708 10671
4 16435 15861 11628
4 15684 10732 16433
4 11643 15795 2002
4 11653 9064 5196
4 11654 5196 11902
4 13802 11994 15690
4 10277 9519 15130
4 14462 11568 15786
4 11568 15799 15786
4 6769 9881 9769
4 4169 2027 11676
4 15842 15841 6406
4 15842 126 15841
4 13094 15934 350
4 232 160 176
4 13096 7611 11376
4 6840 13096 11376
4 28 11584 68
4 9803 92 45
4 13531 4923 12190
4 12128 11157 15759
4 3906 11564 3925
4 5146 8684 11254
4 16109 13986 9711
4 322 266 400
4 5251 3960 15218
4 397 415 413
4 52 109 12031
4 15797 3661 11765
4 6510 11765 3661
4 15401 16360 16101
4 16360 15199 16101
4 14665 8431 12043
4 15714 15910 13387
4 15714 13168 15910
4 15779 8558 15003
4 8500 11814 15891
4 15928 15899 11347
4 2556 16301 12166
4 5290 3911 11703
4 5290 11703 3264
4 40 11352 88
4 12378 88 11352
4 15243 15928 15001
4 15936 15893 15896
4 12027 16379 15890
4 15401 15261 16360
4 2327 15609 15778
4 8497 14341 2576
4 15883 8497 2576
4 11603 15780 12021
4 53 12021 15780
4 16323 15888 14940
4 15367 7227 2566
4 11337 2566 7227
4 10929 10055 5978
4 15935 10929 5978
4 11882 16430 15863
4 15813 13500 16332
4 11889 5315 3485
4 15609 11890 15825
4 15780 16440 7227
4 15780 7227 9745
4 14997 15825 15800
4 11890 15800 15825
4 6157 13114 13356
4 13114 6157 15764
4 15888 15858 11904
4 15858 11071 11904
4 2023 14297 16108
4 405 297 413
4 10302 14884 5810
4 333 15507 304
4 304 15207 333
4 15760 15639 11910
4 15639 11859 11910
4 14814 297 405
4 6783 6782 7334
4 5119 11930 4726
4 15898 11938 16427
4 15742 16427 11938
4 14818 16101 16047
4 16101 15199 16047
4 11014 10552 15704
4 35 40 57
4 40 88 57
4 11436 15492 15844
4 15844 15492 2054
4 6415 10474 3911
4 3911 5949 6415
4 15758 16336 5908
4 16336 5413 5908
4 11167 15143 10937
4 10937 162 11167
4 15245 179 112
4 15245 253 179
4 11994 2031 15690
4 2031 11994 2033
4 15842 15814 15766
4 15814 15842 15867
4 1875 15863 15894
4 1879 15863 1875
4 9839 16001 14315
4 15816 14209 16404
4 2950 10703 2000
4 3695 15823 15788
4 7288 6782 16066
4 3695 15788 16407
4 11904 16379 12027
4 8470 15888 12027
4 7432 6510 14628
4 7432 11940 6510
4 8708 7012 11254
4 14697 14610 16424
4 15864 6435 15823
4 6435 15788 15823
4 10974 7288 16066
4 15810 7617 13198
4 13198 15862 15810
4 10653 5363 7430
4 6522 15763 6479
4 15770 6522 6479
4 11890 2327 10924
4 14462 9803 12400
4 1897 14873 339
4 1897 339 14969
4 11814 15884 12075
4 12075 15884 16378
4 11844 4907 11283
4 1862 13641 6815
4 13641 2301 6815
4 13954 4946 14325
4 14325 4946 12864
4 2015 5810 14884
4 11088 15931 13051
4 11487 8613 7158
4 7158 9756 11487
4 16425 12112 6347
4 6347 12112 11889
4 15896 15935 12117
4 14219 14250 7651
4 12530 7651 14250
4 12530 4319 8288
4 13920 6347 12701
4 15603 16432 11736
4 162 181 239
4 181 162 109
4 149 207 1995
4 92 149 1995
4 13747 14462 12400
4 8111 12136 4661
4 15555 15769 15775
4 15190 259 285
4 259 15442 285
4 253 15016 179
4 5270 147 12151
4 12836 14407 8752
4 40 9982 11352
4 7215 14735 13249
4 13249 14735 3270
4 1867 16441 11743
4 3960 15509 2258
4 11693 210 11564
4 15260 210 11693
4 2319 15755 14869
4 4155 4907 11844
4 57 88 113
4 88 6635 113
4 3241 11889 3485
4 360 304 288
4 304 360 15207
4 5409 14491 339
4 14873 5409 339
4 13364 2008 15715
4 13364 14297 2008
4 1882 13284 12215
4 15754 15765 2388
4 6809 15754 2388
4 13114 15764 6494
4 5270 15790 12229
4 12229 15754 5270
4 53 15780 14777
4 11654 9298 5196
4 15531 15075 99
4 11177 15764 6157
4 12151 147 16359
4 11352 9982 92
4 8500 2257 8476
4 11814 8500 8476
4 12899 13198 7617
4 15973 4707 11394
4 15861 15896 15893
4 6525 12273 5270
4 5270 12273 147
4 14602 2054 11077
4 11077 2054 15492
4 13954 1570 15661
4 4707 7106 12279
4 6205 15784 12290
4 12291 15795 2458
4 15752 12291 2458
4 12378 10945 88
4 4102 99 15857
4 11994 15818 2033
4 15818 11994 13802
4 12701 6157 13356
4 12701 13356 15546
4 4318 9207 14249
4 12400 9803 45
4 4314 14249 7651
4 13747 12400 45
4 16300 13756 11942
4 16300 4939 13756
4 45 9982 12031
4 1867 11743 14628
4 10636 15346 10918
4 15924 11347 9463
4 15509 8455 15917
4 6134 15917 8455
4 149 12409 233
4 15975 4709 12796
4 12409 149 9803
4 4939 16300 15070
4 15343 9641 15608
4 14518 7198 15513
4 15794 2326 15002
4 2326 15794 15352
4 251 179 15016
4 15851 7670 6496
4 14665 15905 12437
4 14693 4219 15057
4 4219 14693 11069
4 15902 12437 11088
4 52 117 11659
4 52 8362 117
4 3565 15141 11387
4 15141 3565 7215
4 11795 12437 7065
4 8912 14103 10499
4 8362 40 35
4 15913 13668 2033
4 4292 4316 14225
4 16021 13249 14422
4 7063 8752 6647
4 8286 6647 15907
4 6647 15933 15907
4 15813 6501 14336
4 9059 7063 8286
4 15934 8613 13930
4 15851 9881 12502
4 9982 45 92
4 11297 6485 13881
4 7300 16063 7314
4 7300 16018 16063
4 12961 12042 15892
4 214 6840 292
4 4314 7651 12530
4 12269 12585 8174
4 12269 8174 569
4 15003 8558 5999
4 2615 12316 13264
4 16422 12449 15921
4 8211 13844 6379
4 13020 15263 15774
4 8500 13995 2257
4 2257 13995 4224
4 16384 12449 16422
4 15236 5964 11902
4 8495 2264 8460
4 14225 4316 12504
4 171 56 14147
4 4314 12530 15852
4 13967 8963 8484
4 12190 8397 13531
4 14937 11583 13531
4 16384 14148 12449
4 16422 13384 12574
4 5119 9711 15642
4 12042 4155 10966
4 4481 5290 11942
4 15868 11705 10561
4 15898 13664 8480
4 8634 12600 14735
4 4966 14096 12600
4 15868 12603 3933
4 2245 3933 12603
4 14777 15780 9745
4 14408 9865 4709
4 3908 8470 14913
4 15908 3908 2248
4 14230 10075 10130
4 14230 15932 10075
4 16001 14398 8276
4 100 158 176
4 87 158 100
4 8032 13988 16007
4 2007 2020 2016
4 6067 2016 2020
4 8472 2248 14913
4 15890 8472 14913
4 15858 15888 12731
4 3931 14757 11790
4 12782 6809 8397
4 16378 12782 8397
4 4219 2264 14602
4 16389 13905 16011
4 15772 9059 14125
4 15761 14325 12864
4 14782 13452 3695
4 15874 15551 12873
4 100 176 160
4 15757 6804 12883
4 14125 8713 7728
4 343 367 15147
4 12930 7683 9064
4 6487 12930 9064
4 16425 12939 15605
4 12961 16441 15885
4 15885 4907 12961
4 7314 16063 12965
4 15934 15021 8613
4 14775 3485 2353
4 15768 14775 2353
4 56 10927 14147
4 15886 1468 13384
4 16384 14234 13304
4 9635 2746 2747
4 10589 3298 14845
4 10589 14518 8558
4 11387 10046 7318
4 16002 14361 13064
4 3297 16108 8370
4 13070 7685 4822
4 13070 4822 12504
4 13080 15715 2008
4 15637 15715 13080
4 12495 8087 56
4 14083 6914 12495
4 15782 15555 11484
4 367 343 13094
4 15309 3941 15705
4 8460 16428 2585
4 547 7300 550
4 547 566 7300
4 3044 11159 16002
4 11063 8214 14395
4 8178 14408 13143
4 14328 3964 15509
4 3964 14328 15709
4 4207 3910 2257
4 14646 1417 1423
4 2253 13168 15908
4 15117 15243 3973
4 14316 562 8174
4 579 562 14316
4 16005 1412 1417
4 15050 16338 4946
4 15781 6514 13304
4 15716 1986 13209
4 10474 15058 8494
4 10499 8178 8912
4 15744 13242 7242
4 14787 13242 8494
4 13508 268 233
4 15794 15002 5999
4 5999 15002 15003
4 16360 15261 16297
4 6762 16063 16018
4 1866 6804 7640
4 10897 16383 15812
4 15130 9519 13881
4 16105 14096 11382
4 15016 397 413
4 15912 16359 2027
4 13927 13995 8500
4 14361 16002 14285
4 76 112 129
4 171 13302 56
4 15897 13927 8500
4 11765 15610 14017
4 12504 4822 4317
4 13334 15309 8453
4 16390 4511 6865
4 13356 99 4102
4 16047 15989 16309
4 15989 16047 3304
4 15107 15872 3942
4 2050 6435 15705
4 4293 4317 13362
4 7229 14033 13362
4 3461 7651 14249
4 8338 13366 14779
4 13366 6762 3271
4 15764 13367 13303
4 16007 15999 13370
4 425 400 396
4 13384 1468 12574
4 15923 14252 6857
4 11944 6857 14252
4 15710 15825 13387
4 13387 15910 15710
4 14436 16301 2556
4 3461 5311 13393
4 16427 15742 15172
4 8211 13404 13844
4 9207 15771 15188
4 15188 14249 9207
4 14889 11177 15403
4 14889 15791 11177
4 11248 8958 1654
4 3461 13393 14219
4 4887 13690 13452
4 13458 11530 2650
4 13458 2650 1866
4 14678 10073 11404
4 1876 7203 12283
4 13475 2050 3964
4 2050 13475 4892
4 5774 14307 3176
4 15812 15037 14307
4 11801 10966 4155
4 13491 4536 10055
4 3297 16100 14422
4 15116 3968 8459
4 15669 12228 15499
4 13508 327 268
4 14083 12495 56
4 15924 15498 3973
4 13540 16299 6217
4 13531 11583 4924
4 6765 8462 10902
4 11942 5290 3264
4 12449 11075 15921
4 14147 224 171
4 15927 12228 15669
4 11941 14031 6656
4 11941 10651 14031
4 3911 13581 5949
4 15865 5949 13581
4 120 9303 13587
4 8963 10075 13590
4 13590 8484 8963
4 15977 2014 14103
4 14382 8211 6379
4 15771 8211 14382
4 2023 13606 16105
4 3297 16105 13606
4 14382 6379 13737
4 15442 232 285
4 11584 44 58
4 15805 13846 9060
4 9060 13846 12290
4 3942 12873 8475
4 2326 2323 15002
4 15203 10038 11580
4 9642 13491 2066
4 2326 15176 13641
4 7428 13643 1868
4 6475 13643 7428
4 3304 6781 14572
4 16020 14572 6781
4 2353 13649 15768
4 15768 13649 15836
4 15507 241 304
4 13653 3648 6996
4 7037 13653 6996
4 13664 8455 3964
4 15768 13667 2299
4 15908 13668 3908
4 2028 13676 2310
4 15872 15107 2256
4 4886 13690 4887
4 5979 327 13508
4 6217 16299 13612
4 15852 3155 13612
4 2585 8495 8460
4 12089 2314 1822
4 16018 546 577
4 15766 5275 16338
4 15766 15814 5275
4 15840 15651 14908
4 14908 9244 15871
4 15909 15466 6354
4 13735 10902 8462
4 15903 4742 13737
4 4448 13737 4742
4 16405 2310 13676
4 13458 1468 11530
4 13458 1866 13894
4 6852 15278 9474
4 3151 7444 11487
4 437 490 536
4 15493 314 6406
4 13779 15843 11436
4 16409 13779 11436
4 12965 8111 8383
4 15856 12089 1822
4 2008 14297 2023
4 7037 13797 13875
4 2302 15757 14167
4 2302 14167 15801
4 2298 14839 13802
4 15754 6809 13803
4 16418 13803 12782
4 15826 14167 13809
4 15826 13809 6404
4 196 217 150
4 224 128 204
4 15435 10924 10897
4 15435 10897 15149
4 15800 10924 15435
4 6773 16020 14348
4 16383 2327 2335
4 16047 13854 14818
4 87 100 48
4 16101 9123 14182
4 8613 15021 7158
4 6914 13869 4294
4 6914 13404 13869
4 217 256 150
4 16404 13881 6205
4 13881 9519 6205
4 16404 14209 13881
4 15637 15997 11797
4 15715 15637 11797
4 569 14893 536
4 16010 13905 1986
4 16389 1986 13905
4 13906 15172 15742
4 236 1602 204
4 12782 13803 6809
4 15915 3968 15116
4 6364 13911 15814
4 13500 15814 13911
4 13915 5471 15611
4 14669 13372 15892
4 10671 8708 12822
4 16296 418 5367
4 531 5367 14947
4 531 14947 427
4 174 236 204
4 12816 8446 15882
4 8453 2247 13927
4 13930 8613 15455
4 14659 13737 6379
4 14659 6379 8484
4 11354 14839 15671
4 13954 15661 4946
4 14064 9859 2240
4 14064 2240 4169
4 16300 3264 14414
4 207 268 288
4 13964 1485 2014
4 16110 13964 2014
4 7617 15810 14862
4 13967 8484 6379
4 14487 16388 16389
4 320 367 13501
4 8032 16007 12188
4 12437 15902 7065
4 14779 13986 8338
4 8031 13988 1485
4 13995 2247 4224
4 500 16296 566
4 4640 14005 2301
4 489 405 413
4 497 437 14893
4 14893 437 536
4 15147 217 343
4 2004 15797 14017
4 1897 14969 10966
4 7617 3662 15756
4 14033 15772 14125
4 14033 4293 13362
4 2015 7012 14876
4 56 14180 10927
4 8087 14180 56
4 9303 14180 8087
4 12965 16019 8111
4 3906 3925 15921
4 217 320 256
4 4169 2028 14064
4 14942 13080 2008
4 11014 14089 7337
4 3907 7337 14089
4 14987 11304 11395
4 14987 8469 11304
4 2019 14096 4966
4 2263 15919 14493
4 14103 2014 10499
4 566 16018 7300
4 16384 2324 14845
4 15921 3925 15929
4 15904 14166 5257
4 3270 16105 14114
4 13249 3270 14114
4 4293 14125 7728
4 6914 6272 13404
4 13844 13404 6272
4 7012 8168 11254
4 11254 8168 3856
4 14148 14845 3298
4 44 11584 28
4 35 57 11584
4 3649 16100 3297
4 8370 3649 3297
4 6379 13844 14166
4 14166 13967 6379
4 9303 31 14180
4 6482 6522 15450
4 6477 1879 6396
4 6396 15568 6483
4 14414 16429 10277
4 15764 13303 15449
4 2066 13508 11067
4 15118 3908 15913
4 14033 14125 4293
4 13500 14336 5275
4 15816 15755 14209
4 14209 15755 11297
4 16384 13304 2324
4 14224 15843 13779
4 15521 15843 14224
4 14270 4292 14225
4 12574 15781 14234
4 15781 13304 14234
4 2059 14235 15825
4 13302 14083 56
4 15637 14764 9573
4 3926 15218 14341
4 8497 2254 14341
4 14219 4319 14250
4 12530 14250 4319
4 15923 370 14252
4 11944 14252 3907
4 13352 2323 13641
4 13894 1866 7640
4 4948 16300 14414
4 6804 1866 14269
4 14269 1866 2650
4 7728 4325 14270
4 14096 2019 11382
4 6390 15836 13649
4 14285 12269 569
4 14297 2017 16108
4 16109 14301 4726
4 5119 4726 14301
4 9519 14303 6205
4 9519 15744 14303
4 15149 10897 14307
4 9839 14315 15998
4 11584 57 68
4 15930 8450 15467
4 12089 11484 2314
4 3960 14328 15509
4 3926 14341 2254
4 112 15785 142
4 6656 13612 3155
4 14348 16020 15278
4 6762 14351 16063
4 13366 6765 14351
4 1406 14182 14849
4 14182 1406 6790
4 13844 5257 14166
4 8446 4233 2263
4 550 14361 536
4 289 224 14369
4 10079 15565 5964
4 3924 12647 15604
4 5774 12139 14378
4 14830 15771 14382
4 5311 14382 4448
4 6790 1406 1400
4 12873 361 8475
4 14385 10075 7444
4 4640 15821 14386
4 6477 6396 16406
4 6477 16406 16496
4 15767 14838 15753
4 171 1736 13302
4 11063 14395 7436
4 9398 7436 14395
4 1602 236 278
4 6939 14408 8178
4 357 312 15347
4 6107 14415 1485
4 8031 1485 14415
4 13070 12504 4316
4 198 87 129
4 16021 14422 14430
4 15624 13372 1868
4 14433 5933 8963
4 15904 14433 8963
4 2458 11643 14449
4 11716 2458 14449
4 48 5498 55
4 274 15916 8469
4 13690 3695 13452
4 5774 3176 12139
4 10718 3941 8480
4 10718 2050 3941
4 1485 8032 2014
4 3460 12495 4294
4 2050 10718 3964
4 8480 13664 10718
4 10073 15217 6477
4 15217 11882 15863
4 4293 14225 12504
4 15829 14449 11643
4 128 224 14147
4 14487 16389 16011
4 6415 13532 2260
4 15839 14490 6390
4 14490 4197 6390
4 8290 12269 14285
4 4202 15117 3973
4 4202 3973 15498
4 339 14491 9641
4 14492 2246 15900
4 14493 16439 15882
4 15882 8446 14493
4 9955 13370 15999
4 7216 15204 4481
4 11304 8454 15204
4 4905 15069 15743
4 16480 15743 15069
4 16001 8276 14315
4 5413 10561 15838
4 15258 7198 14518
4 10589 14845 14518
4 15241 11436 14551
4 569 536 14361
4 5276 11504 10653
4 6157 12701 15403
4 11177 6157 15403
4 15513 11692 5999
4 4923 4924 4123
4 14430 14422 16100
4 13664 3964 10718
4 11436 15844 14551
4 4318 11360 4315
4 11360 7037 4315
4 14554 2245 10322
4 2245 14554 3933
4 10075 5933 7444
4 8963 5933 10075
4 15218 3960 2258
4 15218 2258 14341
4 15895 14914 10604
4 15106 1882 15742
4 3485 14678 11404
4 5315 14678 3485
4 189 160 259
4 15347 368 13501
4 577 558 3271
4 5311 3461 15188
4 14567 15708 15707
4 15866 14567 15707
4 15001 15924 3973
4 14569 9865 14646
4 3304 14572 6773
4 16020 6773 14572
4 4946 12938 15065
4 15660 16301 142
4 11790 14492 11530
4 14341 2258 2576
4 14580 4197 14490
4 14336 15761 12864
4 14584 2314 16336
4 14584 1822 2314
4 15821 10786 14386
4 5409 14873 10786
4 11942 3264 16300
4 147 2027 16359
4 8586 12379 8290
4 15466 11916 6429
4 15417 368 15207
4 14602 2264 3968
4 15927 8456 12228
4 8456 15927 7242
4 14610 15890 12139
4 8472 15890 14610
4 14646 1423 14569
4 14385 13797 6996
4 6272 5257 13844
4 7444 15455 11487
4 7444 5933 15455
4 15852 13612 3648
4 9745 13020 14777
4 150 120 196
4 489 413 500
4 6762 13366 14351
4 9641 14485 2565
4 14378 4376 5774
4 11360 4318 14249
4 126 5498 189
4 126 189 15841
4 16408 14838 14645
4 16005 1417 14646
4 15266 15753 14838
4 13114 6494 13356
4 7215 15611 14735
4 14755 11014 7337
4 11014 14755 2067
4 15932 14659 8484
4 14661 4233 15710
4 2263 4233 14661
4 15485 3563 16388
4 16098 3563 15485
4 6483 15568 11538
4 15568 1875 11538
4 10732 15684 14669
4 16324 10732 14669
4 14671 15810 15855
4 14671 14862 15810
4 15770 15788 14674
4 9244 14675 10799
4 16377 14678 5315
4 16064 15998 14315
4 14872 8461 14681
4 2256 14681 4203
4 15117 4182 15628
4 15628 2243 15117
4 7428 14005 6475
4 15292 15806 13779
4 15806 15292 9298
4 14843 1409 15998
4 1403 1409 14843
4 15708 14693 15057
4 2266 14693 15708
4 14693 8460 11069
4 14270 4325 14405
4 15826 14675 9244
4 3257 579 13986
4 4905 14720 184
4 4905 4940 14720
4 3044 7314 12965
4 10079 13522 15565
4 8461 14872 13522
4 6435 6436 14674
4 11347 15899 16431
4 3909 11916 15203
4 16378 14747 12782
4 16378 10604 14747
4 11801 2004 14748
4 4935 14780 11395
4 15836 15833 15768
4 15833 13667 15768
4 3661 9398 6510
4 6510 9398 8214
4 3924 14757 14706
4 10924 2327 10897
4 2313 15769 15555
4 14769 8495 2585
4 14769 2585 15869
4 14770 16020 6781
4 14369 204 1602
4 350 14369 1602
4 274 15440 15916
4 3881 7340 11716
4 418 500 415
4 413 415 500
4 13367 15824 13303
4 120 150 62
4 1862 13352 13641
4 2299 3485 14775
4 15768 2299 14775
4 14777 13020 53
4 16002 13064 3044
4 7314 3044 13064
4 2031 10601 15346
4 4935 11859 14780
4 11583 2388 14782
4 7242 13242 14787
4 7242 14787 8456
4 11910 11859 15625
4 4935 15625 11859
4 14361 550 13064
4 15834 6433 5251
4 307 239 362
4 11436 15843 15492
4 16433 4134 15684
4 3257 13986 14779
4 4294 13869 14428
4 8462 10302 13735
4 15623 14814 290
4 14814 251 297
4 14818 13854 15988
4 68 94 28
4 13954 5964 15565
4 5311 14830 14382
4 5311 15188 14830
4 2004 14017 14748
4 15787 15822 14017
4 15197 7274 4123
4 14835 8456 15058
4 13394 6852 14398
4 9952 13532 5949
4 6415 5949 13532
4 14838 15767 14645
4 14839 84 13802
4 11354 84 14839
4 1403 14843 16386
4 15773 15757 12883
4 14845 2324 14518
4 8024 2017 13364
4 13364 2017 14297
4 15690 2031 10636
4 2249 15913 14857
4 15708 14996 2266
4 14996 14681 2266
4 16405 14861 9066
4 9066 14861 4943
4 14671 15808 14862
4 11743 15624 7432
4 16426 15624 11743
4 15897 8453 13927
4 15807 2310 14869
4 2319 14869 2310
4 5453 3151 14870
4 3151 11487 14870
4 6815 7428 15273
4 15273 7428 4134
4 14873 14386 10786
4 15913 2033 14874
4 15818 14874 2033
4 2015 14876 5810
4 15143 14877 9198
4 14877 3587 5979
4 10302 4726 14884
4 2015 14884 4726
4 13881 14209 11297
4 13501 367 357
4 15511 15710 4233
4 2059 15710 15511
4 13667 14889 2299
4 15974 13143 4709
4 14893 8174 497
4 12031 109 13747
4 15840 14908 210
4 210 14908 15871
4 490 437 15324
4 490 15324 405
4 8338 16109 14911
4 14912 4726 10302
4 8462 14912 10302
4 11676 2027 7430
4 14923 6475 4640
4 14923 14386 15822
4 14924 16440 15091
4 6138 14924 9198
4 6396 15515 16406
4 16427 6134 15898
4 15898 6134 8455
4 11996 1822 14584
4 6809 2388 14937
4 8397 6809 14937
4 14940 3908 15118
4 14940 2249 16323
4 15854 15881 15882
4 14947 5367 395
4 11703 14949 3264
4 14949 16429 3264
4 2007 2016 14950
4 15249 14950 8024
4 120 11778 9303
4 11778 31 9303
4 15324 437 396
4 14492 3924 2246
4 14492 11790 14757
4 5257 15320 15904
4 5257 1736 15320
4 312 278 252
4 16005 1409 1412
4 15820 15260 11693
4 15107 8483 2256
4 15107 3942 8483
4 10966 14969 16324
4 14970 6479 4924
4 6479 14970 16407
4 4793 15236 11902
4 16480 14987 11395
4 274 8469 14987
4 15016 326 397
4 7298 381 15190
4 14994 15887 11580
4 11736 15887 14994
4 13458 13894 1468
4 6510 11940 11765
4 15714 14997 10918
4 10918 14997 15800
4 15394 6347 11889
4 3241 15394 11889
4 13854 15974 15975
4 15001 11347 15924
4 15779 15003 2323
4 12574 1468 15781
4 99 15858 15857
4 15773 12883 12500
4 350 289 14369
4 10799 14675 14706
4 15623 266 158
4 15623 290 266
4 15934 343 15021
4 15021 343 7158
4 15878 16430 12939
4 15888 11904 12027
4 15546 13920 12701
4 4905 184 15069
4 14645 15793 4892
4 3955 15046 2243
4 55 5498 126
4 3151 4315 13875
4 13875 13797 3151
4 15676 16338 15050
4 15050 15785 2296
4 1570 7253 15051
4 8494 16429 14949
4 15058 8456 8494
4 12585 14316 8174
4 4481 5601 5290
4 9859 5290 5601
4 11360 14249 4314
4 15785 15065 142
4 142 15065 15660
4 15610 15787 14017
4 4942 4939 15070
4 15873 13581 15072
4 15072 3911 5290
4 14994 6347 11736
4 142 14436 15245
4 2314 15775 15074
4 99 15075 15858
4 550 7300 13064
4 158 87 198
4 3881 11716 15263
4 15367 15263 9745
4 15091 10937 9198
4 11603 10937 15091
4 4448 14382 13737
4 14493 8446 2263
4 15881 12816 15882
4 4946 16338 12864
4 13920 11736 6347
4 15603 11736 13920
4 14681 8461 2266
4 15050 4946 15065
4 6852 9474 14398
4 7253 8483 12166
4 15110 15711 4202
4 15110 4202 12603
4 10046 15115 7318
4 10046 16021 15115
4 15499 15116 8459
4 15915 15116 3967
4 2249 15118 15913
4 14940 15118 2249
4 7640 6514 15781
4 13894 7640 15781
4 11304 15204 7216
4 4948 15130 6485
4 15493 15841 258
4 57 113 68
4 162 11603 12021
4 8276 14398 9474
4 251 15623 198
4 129 251 198
4 7216 15139 4935
4 4935 15139 4943
4 8448 12731 16323
4 15742 11938 15106
4 2565 14485 13438
4 381 314 258
4 15147 367 320
4 320 217 15147
4 15149 4376 4378
4 5774 4376 15149
4 15870 15914 15703
4 16418 14914 14720
4 15895 184 14914
4 11703 10474 15500
4 11703 15500 14949
4 7227 15367 9745
4 15367 2566 3881
4 15918 15156 2268
4 8168 11930 12379
4 1876 1822 11996
4 12283 1822 1876
4 350 15934 10692
4 350 10692 289
4 16332 4203 14996
4 15872 6364 6387
4 10322 15164 7203
4 10322 2245 15164
4 16427 15172 1875
4 13906 1875 15172
4 4378 15435 15149
4 15176 2301 13641
4 2301 15176 4669
4 2319 4942 15178
4 10277 13242 15744
4 14947 395 427
4 395 389 427
4 15975 15974 4709
4 253 326 15016
4 14770 9474 16020
4 15185 15788 15770
4 6479 15185 15770
4 15466 6429 6354
4 3461 14249 15188
4 13927 2247 13995
4 15197 4123 15763
4 15199 6781 16047
4 16360 6781 15199
4 2388 13452 14782
4 11354 11242 15531
4 14180 31 10927
4 15591 15203 11580
4 15204 8454 4481
4 15207 368 333
4 11337 7227 16440
4 8462 14911 14912
4 15217 1879 6477
4 1879 15217 15863
4 15713 15218 3926
4 13020 15774 11568
4 15774 15799 11568
4 15821 15476 10786
4 5409 10786 15476
4 7714 16022 6777
4 15262 15988 16102
4 16306 14849 15262
4 14693 2266 8460
4 2016 16106 14950
4 12112 5315 11889
4 2256 14872 14681
4 15236 4793 16428
4 4294 14428 11536
4 14857 14874 6418
4 13501 368 305
4 320 305 256
4 4924 4923 13531
4 15616 16426 11743
4 15241 9060 6487
4 16323 12731 15888
4 15117 2243 15243
4 15243 2243 15928
4 142 15245 112
4 14436 253 15245
4 215 252 185
4 215 185 148
4 2007 15249 16010
4 2007 14950 15249
4 15339 550 536
4 2254 8497 13822
4 15878 13822 8497
4 14872 7253 13522
4 14182 6790 16101
4 15258 15820 7198
4 15258 15668 15820
4 7539 210 15260
4 14378 11458 4376
4 16297 15261 16064
4 15663 15262 16102
4 16306 15262 1418
4 15190 258 259
4 15800 4378 10636
4 10918 15800 10636
4 12215 15266 15510
4 16408 6483 15266
4 15887 16432 15268
4 15926 15887 15268
4 5413 15838 5908
4 15777 13304 6514
4 6396 1879 15568
4 6406 15551 15874
4 13387 14997 15714
4 569 8174 14893
4 6815 15273 1862
4 1862 15273 4134
4 6852 2752 15278
4 1422 1418 15663
4 12283 7203 9463
4 2053 7935 14750
4 15826 9244 15651
4 15801 15826 15651
4 2066 11067 15799
4 12513 15799 11067
4 12513 15786 15799
4 4314 7037 11360
4 14408 4709 13143
4 400 266 396
4 15292 5196 9298
4 8586 11159 3856
4 8586 3856 12379
4 15828 16402 15778
4 16402 2335 15778
4 16101 6790 15401
4 11345 2254 2268
4 15586 11654 11902
4 5964 15586 11902
4 8454 15303 2240
4 11304 15303 8454
4 8453 15309 2247
4 2247 15309 15705
4 15710 2059 15825
4 394 424 389
4 11538 1875 13906
4 15404 15037 16380
4 16380 16439 15404
4 15826 6404 14675
4 2245 12603 15498
4 15815 13846 15805
4 11743 16441 15616
4 387 15324 396
4 4942 4943 4939
4 4942 9066 4943
4 13750 1876 14269
4 13643 15624 1868
4 15886 11935 15929
4 15886 13384 11935
4 490 15339 536
4 15339 490 489
4 14849 15988 15262
4 15343 339 9641
4 15919 15404 16439
4 10636 2031 15346
4 15347 312 333
4 368 15347 333
4 2335 15349 7616
4 16402 15349 2335
4 11014 2067 15352
4 361 15551 314
4 6406 314 15551
4 16380 15808 15854
4 16439 16380 15854
4 32 28 81
4 81 28 94
4 13438 14485 370
4 12961 15892 15616
4 15892 16426 15616
4 11942 13756 4481
4 2299 14889 3241
4 10692 15934 15906
4 289 10692 15906
4 15870 15496 11916
4 11916 15496 6429
4 14940 15888 8470
4 12816 3932 4233
4 3881 15263 15367
4 15339 489 547
4 15856 9463 15368
4 11347 15368 9463
4 2556 12166 15925
4 11248 11159 3044
4 3044 8383 11248
4 15997 14487 15374
4 15997 15374 11797
4 15815 15816 16404
4 14750 15816 15815
4 14235 15778 15609
4 16102 15988 15975
4 14492 15900 11530
4 15707 15521 14224
4 7640 15380 6514
4 15380 2302 6514
4 4224 15389 4886
4 15546 13356 4102
4 35 58 8362
4 15423 6266 3925
4 15423 3925 11564
4 4924 6479 15763
4 4123 4924 15763
4 13581 3911 15072
4 9756 196 120
4 7158 196 9756
4 2028 15865 15873
4 15865 13581 15873
4 15403 12701 15394
4 320 13501 305
4 15997 15637 9573
4 15406 8453 15876
4 15406 15876 7274
4 14944 14835 7935
4 8397 14937 13531
4 14720 14914 184
4 9756 120 13587
4 2256 12886 15872
4 15872 12886 6364
4 13303 15824 84
4 6483 11538 15510
4 11538 13906 15510
4 1882 13906 15742
4 3587 15143 307
4 360 362 15417
4 360 15417 15207
4 12500 15838 15773
4 15417 15489 368
4 242 15489 362
4 2053 14750 15815
4 357 15347 13501
4 11014 15352 10552
4 9123 16101 14818
4 14414 10277 15130
4 13334 8453 15406
4 14348 15278 2752
4 210 15423 11564
4 253 2556 326
4 8475 326 2556
4 15709 3960 5251
4 14328 3960 15709
4 14779 13366 3271
4 14923 4640 14386
4 1897 11801 15822
4 1897 10966 11801
4 274 14987 16480
4 15820 15434 15570
4 7482 15434 4170
4 10636 4378 10923
4 10923 4378 11458
4 15800 15435 4378
4 10601 2031 2033
4 2033 13668 10601
4 16436 15854 14671
4 14316 9711 13986
4 15901 15669 8459
4 15901 4483 15669
4 7935 14835 2260
4 9952 14750 13532
4 259 160 15442
4 160 232 15442
4 13394 16006 12188
4 3587 14877 15143
4 15449 84 11354
4 11354 15531 15449
4 15130 13881 6485
4 11242 15075 15531
4 15016 413 297
4 13930 15455 5933
4 13643 7432 15624
4 10073 14678 11882
4 14569 1423 1422
4 4669 2067 15476
4 387 14814 405
4 15791 15835 13367
4 1570 15051 15661
4 15711 15117 4202
4 15711 15845 4182
4 2566 16435 11628
4 15489 305 368
4 10038 11916 15466
4 15467 15870 3909
4 15988 14849 9123
4 14167 15773 13809
4 14861 11910 4943
4 15878 15918 13822
4 15918 15878 12939
4 2053 14944 7935
4 2268 2254 13822
4 3942 8475 15925
4 15925 8475 2556
4 14697 13786 2253
4 5409 15476 14755
4 3907 14252 370
4 6475 11940 13643
4 14182 9123 14849
4 15115 16021 14430
4 48 55 76
4 2326 15352 2067
4 258 314 15493
4 5774 15149 14307
4 8472 14610 14697
4 396 266 387
4 15496 15835 6429
4 15924 2245 15498
4 15499 12228 3967
4 3967 15116 15499
4 15500 10474 8494
4 15500 8494 14949
4 15904 15320 14433
4 558 531 15504
4 4170 3906 11944
4 333 277 15507
4 277 241 15507
4 14996 15708 14567
4 2258 15509 15917
4 1882 12215 15510
4 5999 8558 15513
4 15241 14551 9060
4 16425 11580 15918
4 11580 10038 15918
4 13954 15565 1570
4 6396 6483 15515
4 6483 16408 15515
4 15110 15846 15711
4 7617 12956 3662
4 14862 12956 7617
4 13284 15106 15741
4 15741 15607 13284
4 15504 531 530
4 1868 13372 15684
4 3176 14610 12139
4 15671 2737 11242
4 15671 11242 11354
4 15324 387 405
4 15831 15798 15827
4 6404 15838 10561
4 15521 4219 11077
4 15824 15703 6418
4 15914 6418 15703
4 14336 12864 5275
4 15671 14839 2298
4 2565 16434 16438
4 16434 2565 13438
4 6494 15531 99
4 11716 14449 15263
4 2008 2023 14942
4 11345 14580 3926
4 15605 12939 16377
4 1882 15106 13284
4 2326 2067 15537
4 15176 2326 15537
4 14996 4203 14681
4 4102 15603 15546
4 15910 13168 13786
4 15551 361 12873
4 15440 15069 184
4 15847 15837 12962
4 6522 15770 15450
4 185 94 148
4 6501 15866 15806
4 15782 2313 15555
4 14924 15091 9198
4 11395 11304 7216
4 16430 15878 15883
4 15792 16406 15515
4 15562 259 258
4 259 15562 189
4 251 14814 15623
4 1570 15565 7253
4 1879 1875 15568
4 15510 13906 1882
4 1868 4134 7428
4 15684 4134 1868
4 266 290 387
4 11692 15794 5999
4 437 425 396
4 15570 11692 15513
4 14316 13986 579
4 15926 3909 15591
4 3909 15203 15591
4 8459 3968 2264
4 8459 2264 8495
4 2324 15258 14518
4 2327 15778 2335
4 15003 15002 2323
4 4886 15389 15864
4 13756 4939 15139
4 13756 15139 7216
4 14285 16002 8586
4 11014 15704 14089
4 15711 4182 15117
4 253 14436 2556
4 15586 6501 11654
4 15775 15830 15074
4 15178 4942 15070
4 15919 16424 15404
4 15591 11580 15887
4 126 15842 15592
4 16403 126 15592
4 16495 7539 15668
4 367 13094 350
4 16298 367 350
4 12269 15642 12585
4 11603 15091 15780
4 12796 14569 15663
4 16102 12796 15663
4 14414 15130 4948
4 11692 15570 7482
4 15570 15434 7482
4 5251 15218 15713
4 14336 13500 15813
4 3909 15926 15467
4 15715 11797 15602
4 4102 16432 15603
4 7253 12166 15051
4 15764 11177 15791
4 15217 10073 11882
4 12112 15605 5315
4 15663 14569 1422
4 6482 15607 6522
4 2565 16433 15608
4 15608 9641 2565
4 2327 11890 15609
4 15057 4219 15521
4 14224 13779 15806
4 11940 15610 11765
4 15988 9123 14818
4 13303 84 15449
4 15603 13920 15546
4 15714 15908 13168
4 15374 15602 11797
4 14913 8470 12027
4 8290 15642 12269
4 15604 6404 10561
4 6482 13284 15607
4 2053 6373 14944
4 4935 4943 15625
4 15628 4182 15847
4 14492 14757 3924
4 11882 14678 15629
4 15629 16430 11882
4 15565 13522 7253
4 16432 4102 15857
4 15889 16432 15857
4 14567 15866 15813
4 6364 15814 15867
4 6364 15867 6387
4 15840 7539 15777
4 4906 15743 15639
4 11387 15141 10046
4 15642 9711 12585
4 4211 15046 3955
4 11167 307 15143
4 13334 3941 15309
4 3908 14913 2248
4 15639 14780 11859
4 297 251 15016
4 14944 3967 14835
4 15651 9244 14908
4 14755 15476 2067
4 12864 16338 5275
4 16403 15676 2296
4 2296 15676 15050
4 12938 16301 15660
4 15660 15065 12938
4 12938 4946 15661
4 3973 15243 15001
4 14889 15403 3241
4 6765 13366 8338
4 14911 6765 8338
4 7539 15260 15668
4 15531 6494 15449
4 2298 2737 15671
4 7617 15756 2313
4 8456 3967 12228
4 3967 8456 14835
4 15766 16338 15676
4 12939 15629 16377
4 5409 7337 14491
4 5409 14755 7337
4 362 239 242
4 15268 15889 15930
4 13356 6494 99
4 362 15489 15417
4 13284 6482 12215
4 15624 16426 13372
4 15510 15266 6483
4 15046 8464 15920
4 15877 15920 8464
4 15928 2243 15920
4 15899 15928 15920
4 14307 15037 3176
4 14835 15058 2260
4 1418 15262 15663
4 2260 13532 7935
4 14750 7935 13532
4 11910 15625 4943
4 5263 15687 6373
4 5263 15805 15687
4 8459 15669 15499
4 14551 15687 15805
4 13954 14325 5964
4 2298 13802 15690
4 15403 15394 3241
4 6418 15818 14766
4 15818 6418 14874
4 15684 13372 14669
4 13372 16426 15892
4 14518 15513 8558
4 15818 13802 84
4 15818 84 14766
4 10732 15343 15608
4 15712 4193 6370
4 13475 15709 4892
4 6406 15874 6387
4 2050 15705 3941
4 15912 4198 16359
4 15877 16436 16421
4 16408 14645 15819
4 15847 4182 15845
4 16359 4198 15875
4 15712 6370 6430
4 2066 13491 15911
4 4211 4193 15712
4 13988 8032 1485
4 16009 8027 8026
4 16350 16009 8026
4 8031 14415 2009
4 2021 8171 8026
4 2021 2020 8171
4 12229 15790 15765
4 14830 15188 15771
4 7640 15757 15380
4 14167 15826 15801
4 16406 15789 16496
4 6370 15831 6430
4 15846 15832 15830
4 3661 15797 15796
4 9398 14395 8214
4 6430 15831 15827
4 2000 15795 15796
4 6392 12151 16359
4 5263 15815 15805
4 15832 15846 15868
4 15828 15827 16402
4 2059 15828 14235
4 8448 15930 15889
4 15919 16439 14493
4 15926 15268 15930
4 15932 16299 13540
4 15875 6392 16359
4 15704 11944 3907
4 3932 4195 15706
4 15885 15936 11283
4 15932 14230 16299
4 16309 15974 13854
4 16307 3281 16103
4 16351 8027 16009
4 6773 14348 16099
4 6773 16099 3293
4 6781 3304 16047
4 3301 3292 6796
4 16046 6777 16022
4 3303 6773 3293
4 3292 16045 6796
4 16046 16096 3649
4 3301 16361 16307
4 15976 6107 3632
4 6070 16104 6079
4 8912 15974 16111
4 16106 8370 16108
4 13064 7300 7314
4 500 547 489
4 16006 8178 10499
4 2775 7703 2747
4 16297 8276 9474
4 6764 16099 7703
4 13590 10075 15932
4 11088 12437 15905
4 2353 16496 15839
4 8500 15891 15897
4 16425 15605 12112
4 15859 4123 7274
4 1568 15784 15744
4 15901 15869 4483
4 1875 15894 16427
4 492 562 530
4 15977 16111 15972
4 16111 15989 15972
4 3640 16110 16308
4 4511 16390 16387
4 10019 8331 16319
4 15976 3632 3651
4 3303 15972 15989
4 16047 16309 13854
4 3641 8370 16106
4 3640 3651 3632
4 3649 8370 3641
4 16019 10902 12136
4 3651 16045 3292
4 15972 3303 16308
4 10902 15987 6783
4 15987 10902 13735
4 3640 3632 16110
4 3301 16307 3651
4 3303 15989 3304
4 16307 16103 16104
4 6107 16110 3632
4 16309 16111 15974
4 16107 3281 3641
4 13986 16109 8338
4 15988 13854 15975
4 16309 15989 16111
4 16062 16098 15485
4 16388 7318 16062
4 3303 3293 16308
4 16096 16098 3649
4 16307 16361 6777
4 3293 16099 6764
4 5367 546 16296
4 3301 3651 3292
4 14877 6138 9198
4 16436 14671 15855
4 16324 339 15343
4 8476 3910 8468
4 8446 12816 4233
4 2243 15628 3955
4 14554 2246 3933
4 3910 4198 8468
4 2263 14661 15910
4 10079 15236 16428
4 6134 16427 15894
4 15814 13500 5275
4 15791 15833 15835
4 15833 15791 13667
4 15769 12962 15837
4 2353 15839 13649
4 15842 6406 15867
4 15837 15775 15769
4 14235 15609 15825
4 15868 5413 15832
4 7539 16495 15777
4 15819 14645 4892
4 6390 4197 6354
4 2059 15511 15706
4 15767 15793 14645
4 4887 4207 4886
4 12717 3968 15915
4 12717 15915 6373
4 15845 15711 15846
4 15521 11077 15843
4 4195 15712 6430
4 6354 4197 15909
4 15389 15705 15864
4 15864 15705 6435
4 15844 12717 6373
4 13500 13911 16332
4 16408 15819 15792
4 15758 11996 14584
4 6479 16407 15185
4 11996 15758 6804
4 11628 7436 7340
4 4207 4887 6392
4 32 44 28
4 15759 4292 14270
4 14428 15771 9207
4 8211 15771 13404
4 3056 16009 16350
4 3056 6890 16009
4 16004 8027 16351
4 16008 15999 16007
4 15374 16011 15602
4 16000 12188 16007
4 3054 6862 15999
4 16006 13394 16001
4 8031 16007 13988
4 6890 16352 16351
4 16004 16351 16352
4 7318 14487 15997
4 7318 16388 14487
4 15716 13209 16350
4 1397 1403 16386
4 15868 15110 12603
4 15498 12603 4202
4 13668 15913 3908
4 2249 14857 15914
4 3932 4211 4195
4 4211 15712 4195
4 15706 4233 3932
4 4211 3955 4193
4 14064 2028 15873
4 15875 3910 4207
4 5979 13508 15911
4 8464 3932 12816
4 2253 15908 2248
4 3932 8464 4211
4 15915 3967 14944
4 4886 4207 4224
4 15913 14874 14857
4 8450 15870 15467
4 3907 14089 15704
4 15872 12873 3942
4 15912 4169 2240
4 14602 11077 4219
4 10693 15936 12117
4 15884 11814 8476
4 327 5979 3587
4 4193 15847 6370
4 4193 15628 15847
4 6392 15875 4207
4 3933 11705 15868
4 4211 8464 15046
4 16098 14430 16100
4 2746 2775 2747
4 16018 577 6762
4 6764 7703 16045
4 16361 7714 6777
4 16099 2752 2747
4 16099 14348 2752
4 16099 2747 7703
4 577 546 558
4 16098 16100 3649
4 16096 16097 16060
4 15904 13967 14166
4 15932 8484 13590
4 6070 15976 16104
4 14096 16105 3270
4 14103 16111 15977
4 15977 15972 16308
4 6067 16103 16107
4 8174 562 506
4 16106 2016 16107
4 16106 16108 2017
4 3651 16104 15976
4 6107 6070 2009
4 6107 1485 13964
4 16104 6068 6079
4 2023 16108 13606
4 15973 11394 4966
4 16308 16110 15977
4 16110 6107 13964
4 16307 16104 3651
4 6068 16104 16103
4 16107 16103 3281
4 492 506 562
4 3297 13606 16108
4 3641 16106 16107
4 15976 6070 6107
4 1568 15744 7242
4 15629 14678 16377
4 15879 16440 14924
4 15856 15368 16431
4 10567 15896 16435
4 15070 16300 4948
4 4130 15779 13352
4 16428 11357 2585
4 13334 15880 8480
4 15859 4923 4123
4 14780 16480 11395
4 4134 15860 1862
4 181 242 239
4 10897 2327 16383
4 15753 6482 15450
4 4940 6525 15762
4 6485 11297 2319
4 15785 112 76
4 15862 15811 16431
4 15812 16380 15037
4 15605 16377 5315
4 4130 1862 15860
4 16383 7616 15808
4 11940 7432 13643
4 7428 6815 14005
4 15925 8483 3942
4 397 326 390
4 14787 8494 8456
4 16424 15037 15404
4 16387 16065 4511
4 16065 16387 16391
4 2745 6890 16065
4 16067 16390 6865
4 16387 16390 16061
4 550 15339 547
4 2752 9635 2747
4 13394 14398 16001
4 3054 2745 2746
4 3563 16060 16067
4 3054 2746 6862
4 9955 15999 6862
4 6865 16389 16067
4 9635 2752 6852
4 16067 16060 16390
4 2775 2746 2745
4 16061 16390 16060
4 16360 14770 6781
4 15261 16386 16064
4 15846 15830 15845
4 15827 15798 16402
4 15764 15791 13367
4 15829 11643 2002
4 15789 6433 15834
4 15840 15777 15801
4 2002 11398 8550
4 9066 2310 16405
4 14782 3695 16407
4 7706 15754 15762
4 2310 15807 15865
4 11504 6525 4940
4 4669 15476 15821
4 16409 15241 6487
4 15787 14923 15822
4 16496 2353 11404
4 6815 2301 14005
4 2313 16337 15769
4 16405 15760 14861
4 16337 2313 15756
4 15775 15837 15830
4 15074 15832 16336
4 3662 16337 15756
4 15845 15830 15837
4 15796 15797 2000
4 11583 14782 16407
4 16405 13676 5363
4 16496 11404 6477
4 15757 2302 15380
4 48 100 5498
4 381 390 314
4 3648 16299 10130
4 15852 3648 13653
4 4314 15852 13653
4 566 546 16018
4 16060 16097 16022
4 16387 16061 16391
4 16297 9474 14770
4 15115 14430 16062
4 2745 16416 2775
4 6796 16416 7714
4 2775 16416 6796
4 7714 16391 16061
4 3271 6762 577
4 5367 558 546
4 3563 16096 16060
4 16416 2745 16391
4 15074 15830 15832
4 15178 15070 4948
4 14861 15760 11910
4 16378 8397 12190
4 15741 15763 15607
4 15639 15743 14780
4 6501 15813 15866
4 16383 2335 7616
4 14307 10897 15812
4 112 179 129
4 15855 16421 16436
4 15862 16421 15855
4 15661 15051 16301
4 15936 15885 15893
4 10653 15760 16405
4 6418 14766 15824
4 15687 15844 6373
4 5263 2053 15815
4 5263 6373 2053
4 15845 15837 15847
4 15807 9952 15865
4 15707 14224 15866
4 5270 15754 7706
4 6525 5276 12273
4 8448 16323 2249
4 2576 2258 15917
4 15922 8468 15916
4 15922 8476 8468
4 6138 14877 5979
4 184 15895 15440
4 15926 15591 15887
4 8448 8450 15930
4 8480 3941 13334
4 15467 15926 15930
4 11935 15921 15929
4 5974 11283 15936
4 6134 15894 15917
4 15857 12731 15889
4 15928 11347 15001
4 15892 12042 16324
4 16324 14669 15892
4 2576 15894 15883
4 15489 242 305
4 15923 11075 16423
4 15854 15882 16439
4 15883 15863 16430
4 11347 16431 15368
4 15862 15899 15877
4 15918 12939 16425
4 15847 15831 6370
4 15831 12962 15798
4 13367 15835 15824
4 6429 15835 15833
4 15801 15651 15840
4 15703 15835 15496
4 14766 84 15824
4 15770 14674 15793
4 16336 15832 5413
4 3662 16402 15798
4 6392 4887 15790
4 16406 15792 15789
4 15792 6433 15789
4 15790 12151 6392
4 6435 14674 15788
4 16495 15668 15258
4 15786 12409 9803
4 2002 8550 11348
4 2301 4669 4640
4 16495 13304 15777
4 15827 6431 6430
4 3661 15796 15776
4 6431 15828 2059
4 15868 15846 15110
4 4886 15864 15823
4 15775 2314 11484
4 15449 6494 15764
4 13667 15791 14889
4 15774 15829 15799
4 6429 15833 6354
4 6390 6354 15836
4 6435 2050 6436
4 15769 16337 12962
4 16408 15266 14838
4 11940 15787 15610
4 12273 5276 147
4 15795 11398 2002
4 2000 10703 8550
4 4892 15793 6436
4 9642 4536 13491
4 15176 15537 4669
4 3662 15798 16337
4 15797 11765 14017
4 15792 15515 16408
4 15767 15753 15450
4 16402 3662 15349
4 15765 15790 4887
4 15765 15754 12229
4 15881 16436 15877
4 15164 15924 7203
4 15881 15854 16436
4 16432 15887 11736
4 15885 7265 15893
4 15901 8495 14769
4 15901 14769 15869
4 15920 15877 15899
4 14697 16424 15919
4 15880 13334 15406
4 6138 15879 14924
4 15894 2576 15917
4 3264 16429 14414
4 4483 1568 7242
4 15895 15922 15916
4 16423 16434 15923
4 15901 8459 8495
4 15856 15782 12089
4 15881 15877 8464
4 15880 7274 16437
4 15881 8464 12816
4 15811 15862 13198
4 15935 15896 10567
4 4483 15869 1568
4 15896 12117 15936
4 15884 8476 15922
4 15880 15406 7274
4 14913 12027 15890
4 15921 11935 16422
4 15859 15897 15891
4 15139 4939 4943
4 16437 7274 15197
4 16437 15197 15741
4 15922 15895 15884
4 15854 15808 14671
4 7265 11063 15861
4 1867 7265 16441
4 15883 15878 8497
4 11337 16440 15879
4 15810 15862 15855
4 16424 3176 15037
4 16380 15812 15808
4 15859 15876 15897
4 15669 4483 15927
4 15744 9519 10277
4 15164 2245 15924
4 7274 15876 15859
4 15916 15440 15895
4 15860 16433 16438
4 16433 15860 4134
4 15879 10929 15935
4 7265 15885 16441
4 15106 11938 16437
4 15894 15863 15883
4 4130 16434 16423
4 15860 16438 16434
4 15893 7265 15861
4 16434 4130 15860
4 15861 16435 15896
5 1230 1253 1265
5 1243 1274 1253
5 1197 1218 1194
5 656 667 643
5 517 515 1705
5 1230 1180 1213
5 15678 7160 2926
5 623 640 626
5 514 498 1858
5 10565 7627 8030
5 1197 1194 1157
5 1180 1157 1194
5 14136 4721 748
5 1858 498 508
5 15567 10788 16164
5 1308 1274 1314
5 16356 1217 1187
5 1213 1194 1218
5 1213 1243 1253
5 1286 15137 1315
5 7598 12838 10941
5 1256 15137 1286
5 1256 1286 1264
5 1316 1315 15137
5 602 10954 591
5 1314 1274 1243
5 1213 1253 1230
5 1308 1299 1274
5 1299 1253 1274
5 1183 1193 1162
5 10071 12995 6908
5 3953 3714 13946
5 545 509 514
5 1958 1964 12108
5 583 551 4816
5 1316 13890 1315
5 15395 11028 5847
5 1249 1238 1233
5 1233 16283 1249
5 4817 4816 15702
5 16385 493 491
5 498 503 493
5 8509 15514 6486
5 651 682 671
5 661 688 1996
5 508 517 1858
5 575 1858 551
5 673 694 692
5 1123 1138 1148
5 3085 4015 4014
5 16385 1849 493
5 1256 1264 1239
5 16265 3844 15365
5 1047 1041 11262
5 12699 7729 819
5 1228 2227 1218
5 1138 1118 1132
5 15683 16316 14494
5 661 655 688
5 7367 11985 6900
5 517 551 1858
5 16492 6977 12313
5 1233 1238 1210
5 16281 2922 7185
5 544 514 1858
5 7941 10520 12906
5 1299 1265 1253
5 1230 1203 1180
5 10468 12370 13092
5 8379 697 695
5 1047 11262 1043
5 779 12382 796
5 10678 6908 13092
5 620 619 597
5 619 620 625
5 1839 625 620
5 7429 5528 8539
5 775 6902 779
5 503 514 509
5 825 11295 4466
5 15312 7154 12221
5 16226 15267 4628
5 796 4525 7073
5 15540 16151 1118
5 6977 16492 15477
5 2635 9578 11528
5 1217 16356 1256
5 6239 15177 3421
5 6900 11985 3183
5 517 1705 551
5 508 515 517
5 661 654 635
5 2869 7073 4525
5 1213 1180 1194
5 1243 2227 1314
5 9106 7073 2869
5 1193 7506 1261
5 16314 15464 4339
5 6204 778 3186
5 6981 16181 3480
5 810 7810 823
5 703 701 696
5 16395 696 701
5 5212 12265 14964
5 2005 629 609
5 1243 1218 2227
5 16205 3489 3317
5 1716 3317 3489
5 15198 541 7760
5 7954 8982 9866
5 13216 15121 9907
5 8183 13671 11974
5 7494 4444 7151
5 9619 7271 15955
5 789 10374 11250
5 5592 6237 764
5 4525 7410 2869
5 15132 12421 4015
5 13582 15287 16280
5 5862 12108 16339
5 3840 5817 5845
5 5852 16228 4034
5 7887 7704 9964
5 12370 2697 10678
5 12370 10678 13092
5 8274 6548 9771
5 16395 684 687
5 6351 11774 773
5 3158 10435 4081
5 8374 6432 7182
5 10626 8130 5321
5 5321 7810 6637
5 14324 13891 7507
5 5848 775 13891
5 7598 10941 7986
5 11964 16194 15590
5 15529 15590 16194
5 1703 16193 15621
5 9221 7887 9964
5 2132 8982 488
5 488 12810 2132
5 757 5592 764
5 7954 9866 9989
5 13596 5347 4458
5 775 5848 6902
5 5592 765 7086
5 602 4554 10954
5 12906 5870 3953
5 3953 5870 3714
5 3775 5458 14664
5 766 10071 6908
5 13320 8180 8795
5 15635 689 15237
5 1210 15490 11009
5 7409 12472 2426
5 5881 5340 5506
5 9106 7058 7082
5 586 6085 599
5 5877 13467 1331
5 5877 1329 13467
5 620 597 609
5 6351 13111 13174
5 13174 5882 6351
5 5863 7557 7532
5 13081 6236 15142
5 6821 13111 6351
5 4586 10186 4855
5 7769 14529 8183
5 7760 1849 528
5 5566 14992 3693
5 764 6237 768
5 2132 6274 9866
5 11479 7822 6274
5 4768 2697 12370
5 2697 4768 7855
5 13596 4429 5347
5 778 7058 2869
5 796 7073 7627
5 8967 16464 5561
5 8374 2785 6432
5 703 697 8379
5 810 6637 7810
5 5129 6486 9106
5 12240 5809 2496
5 9106 6486 7627
5 5839 14380 16280
5 13810 5809 12240
5 5408 10186 4965
5 4965 7829 5408
5 6274 7271 9866
5 7409 3326 12995
5 6548 6460 5619
5 12995 3326 13092
5 14324 7507 10022
5 12270 15508 3089
5 14488 810 823
5 13513 14488 823
5 7810 7424 12366
5 7614 7769 13186
5 7769 7614 14529
5 11250 10374 782
5 5129 7082 7704
5 7887 5129 7704
5 586 6822 6085
5 12733 14337 7761
5 7761 590 12733
5 10520 564 587
5 10435 5212 4840
5 5212 7358 4840
5 767 4082 6908
5 12570 5882 6692
5 11329 2426 5340
5 1264 1268 1249
5 9182 15431 10331
5 5212 5348 7358
5 7358 5348 6589
5 6691 817 13186
5 4339 14998 16314
5 16314 14998 15356
5 12681 5045 12295
5 15955 14054 14195
5 6902 7201 773
5 6902 2697 7201
5 14793 1261 7506
5 8180 10287 11302
5 822 14488 13513
5 9221 8509 7887
5 832 8275 7287
5 7287 8275 2360
5 720 10186 5408
5 5408 7829 720
5 13992 7155 10776
5 15697 14570 8070
5 10792 4553 4635
5 707 15255 10538
5 4553 9171 4554
5 4554 9171 3721
5 598 599 6946
5 6946 6085 7720
5 8583 7941 12906
5 11009 12213 1233
5 1118 16151 15585
5 13165 9465 832
5 757 12472 7409
5 757 7409 12995
5 7410 3186 8582
5 7410 12382 3186
5 7769 786 6691
5 786 7769 11974
5 5348 11604 6589
5 8274 765 6215
5 16265 14575 5845
5 13014 15206 16358
5 14397 13014 16358
5 16326 1239 6056
5 16283 6056 1239
5 11290 4081 1030
5 5528 4855 5545
5 7058 6237 7057
5 5561 3116 3094
5 507 8583 4692
5 687 1996 697
5 695 697 1996
5 16174 1711 12893
5 15567 16461 9209
5 10788 15567 9209
5 9182 6961 9830
5 13001 746 4721
5 782 788 9221
5 10374 786 6789
5 6789 788 782
5 13123 2568 16152
5 16213 7682 7991
5 9981 2568 13123
5 15702 4816 563
5 16314 16193 15464
5 16204 15644 5622
5 694 11673 14650
5 16264 15376 7154
5 8260 8244 16188
5 796 10565 12366
5 11849 15153 3207
5 5153 6961 10339
5 13682 1325 5562
5 8422 13682 5562
5 7057 769 7704
5 13687 8068 16280
5 13687 14887 8068
5 7151 6946 7494
5 8539 5528 727
5 4692 12810 488
5 7771 5814 7688
5 16312 7771 7688
5 6306 14488 7598
5 13725 4037 16277
5 6173 4279 11533
5 7598 11466 12838
5 2635 14846 9578
5 1917 16464 8967
5 5785 16313 15298
5 747 7224 7429
5 4586 4965 10186
5 8344 7738 774
5 7507 8344 774
5 7424 8344 7507
5 6637 810 8093
5 6637 8093 10342
5 7273 11288 16277
5 4475 11288 7273
5 15365 14865 16265
5 564 10520 7941
5 5317 16471 11835
5 5169 5544 12907
5 557 512 7954
5 9049 7954 9989
5 8066 5169 9404
5 16222 5540 16228
5 16339 14463 5862
5 7676 15666 16488
5 4027 11964 16357
5 16272 5812 3831
5 4034 2922 16281
5 5830 7556 4034
5 7424 796 12366
5 7058 768 6237
5 2920 15634 7170
5 2920 7170 16266
5 6946 599 6085
5 7364 717 5887
5 16161 16177 15520
5 3831 5812 14397
5 6692 11329 12570
5 10565 8030 822
5 8030 15514 822
5 780 773 3186
5 11774 3186 773
5 778 8582 3186
5 14529 7614 9465
5 8509 5129 7887
5 747 7429 13997
5 6215 14324 10022
5 778 6204 768
5 765 5592 766
5 7516 6953 16182
5 7516 16182 16213
5 9387 8583 12906
5 9818 782 9964
5 6334 10521 11764
5 2663 10521 6334
5 5881 5882 12570
5 10776 7155 15526
5 9543 12114 15114
5 544 545 514
5 6965 16208 7676
5 16213 6246 7682
5 7682 6246 1964
5 8093 9957 817
5 3158 4081 11290
5 10521 13946 1977
5 10391 7287 2360
5 6965 7676 12286
5 14497 16147 15282
5 3471 16172 14497
5 14887 16364 16487
5 584 13761 7907
5 788 791 8509
5 764 768 5506
5 16312 7688 16189
5 10342 6691 789
5 7410 8582 2869
5 778 2869 8582
5 6460 6548 7738
5 766 5592 757
5 6460 8130 8833
5 8833 11250 9818
5 766 6908 4082
5 1917 8967 9261
5 2132 9866 8982
5 8093 12660 9957
5 9106 7082 5129
5 10785 6900 5009
5 503 498 514
5 12699 11533 9637
5 12699 9637 13671
5 8583 12810 4692
5 4635 4553 10797
5 721 717 7829
5 825 4466 11034
5 11034 12040 8275
5 13640 6305 8011
5 11726 881 10777
5 8833 8130 10626
5 11466 4279 12838
5 16492 3111 3116
5 6835 8374 7182
5 557 6822 586
5 8070 7184 15534
5 6486 15514 7627
5 8248 3091 11493
5 4458 7480 14562
5 7057 7086 769
5 1008 1041 10934
5 10934 15158 1008
5 7954 512 8982
5 7855 4768 6821
5 773 7855 10163
5 773 10163 6351
5 557 9049 6822
5 15175 659 9923
5 2426 11079 3326
5 8967 3094 9261
5 4768 9205 6821
5 7151 587 598
5 598 6946 7151
5 14525 2682 2785
5 2682 14525 14195
5 14263 4512 7692
5 12472 5506 5340
5 791 15514 8509
5 9182 10331 4510
5 14131 13535 4965
5 4510 10331 10471
5 10527 2785 2682
5 14066 12114 12757
5 717 720 7829
5 788 8509 9221
5 16173 3289 10402
5 603 15702 619
5 583 4817 611
5 583 4816 4817
5 8274 9771 10697
5 9771 769 10697
5 6237 7086 7057
5 7507 13594 7424
5 7627 15514 8030
5 16223 16167 12519
5 7170 5317 8974
5 7170 8974 11641
5 551 583 611
5 5881 6204 3186
5 11295 14514 6753
5 10697 769 7086
5 4523 12846 8205
5 7598 14488 11466
5 9404 5169 10942
5 12907 10942 5169
5 10734 7357 6239
5 4840 10734 6239
5 11974 7769 8183
5 10792 10471 8853
5 7507 775 13594
5 13891 775 7507
5 7738 6548 774
5 6692 12284 749
5 15683 14494 7168
5 14494 16278 7168
5 10520 587 4444
5 7151 4444 587
5 6173 12838 4279
5 874 877 11604
5 14296 748 6236
5 557 7954 9049
5 817 6691 10342
5 10342 8093 817
5 9619 8374 9989
5 9989 9866 9619
5 9637 791 788
5 620 609 1839
5 14488 12660 810
5 7775 819 830
5 757 12995 10071
5 9543 15114 12541
5 10402 3289 5829
5 7368 13376 11007
5 780 779 6902
5 507 520 8583
5 8422 5562 13729
5 10468 5566 3693
5 768 7058 778
5 1157 1148 1197
5 6460 9818 5619
5 13201 1051 1061
5 10560 5877 15109
5 7738 8130 6460
5 5321 8130 8344
5 9771 6548 5619
5 11456 16158 1916
5 10368 1043 1028
5 10682 15043 2360
5 648 659 640
5 6173 7775 12838
5 6108 7364 5887
5 8843 8149 11110
5 8149 8795 11110
5 9387 11479 12810
5 9599 7822 9387
5 5592 7086 6237
5 14684 8205 9994
5 6307 873 7362
5 15137 1256 16356
5 13111 759 755
5 5848 767 2697
5 6637 10342 789
5 8583 520 7941
5 7082 7058 7057
5 12284 6692 13174
5 9866 7271 9619
5 603 4817 15702
5 498 493 496
5 9957 826 817
5 9957 12660 826
5 7224 13081 4855
5 15686 16209 16489
5 4554 3721 10954
5 5619 9818 9964
5 6306 852 6754
5 10022 7507 774
5 11528 9578 15033
5 8274 10022 774
5 4580 817 13517
5 817 826 13517
5 757 10071 766
5 10797 4553 4554
5 12472 757 764
5 15109 1334 10560
5 8068 13582 16280
5 16395 691 677
5 5881 5506 768
5 6204 5881 768
5 597 563 588
5 1696 3111 16492
5 12660 6306 6754
5 6754 826 12660
5 683 15362 691
5 604 15552 593
5 604 15288 15552
5 15033 9578 9127
5 7760 496 493
5 4034 16281 5852
5 4580 13517 833
5 11982 4580 833
5 16173 1716 2568
5 11483 8842 9171
5 5839 4628 16273
5 11466 14488 822
5 10712 755 759
5 3184 14308 10712
5 15681 14904 16461
5 11533 791 9637
5 8267 3092 9261
5 9261 3092 1917
5 822 4279 11466
5 7775 830 7986
5 12838 7775 10941
5 725 10186 720
5 727 10186 725
5 767 6908 10678
5 659 644 640
5 644 659 15175
5 6970 14231 16487
5 14231 16200 16487
5 1839 635 639
5 1000 1029 9981
5 9533 819 7729
5 830 819 9533
5 2518 4475 11009
5 16484 2518 11808
5 16148 3126 14931
5 7224 4855 7429
5 831 9539 14263
5 8833 789 11250
5 10339 6961 4510
5 10712 759 758
5 13081 756 752
5 14648 11869 6900
5 14896 721 5009
5 14648 6900 3183
5 7368 10785 5253
5 13729 3791 8422
5 491 15056 16385
5 7837 2526 4635
5 10339 2526 7837
5 7367 6900 10785
5 12472 764 5506
5 789 786 10374
5 7177 16278 14494
5 1150 1187 5507
5 1187 1150 1156
5 2360 15043 10391
5 852 6306 7598
5 4580 11982 7614
5 13810 2529 11719
5 2529 4101 11719
5 14699 689 9543
5 14699 9543 695
5 16281 7185 2920
5 2869 7058 9106
5 12265 4467 890
5 779 7424 13594
5 7810 8344 7424
5 11796 7829 5253
5 5253 10785 11796
5 1056 7915 10981
5 5076 1056 10981
5 15694 16365 15678
5 7113 14181 15528
5 15086 3116 5561
5 9599 5169 7822
5 5169 9599 5544
5 7674 14178 9504
5 683 9923 15362
5 3326 5566 10468
5 9620 4027 1958
5 9620 4568 4027
5 515 519 7761
5 6274 2132 11479
5 12810 11479 2132
5 934 15177 7357
5 7775 6173 12699
5 1839 609 629
5 16148 11374 15579
5 1028 13992 10776
5 2785 10527 9902
5 12699 819 7775
5 5317 11835 8974
5 11869 5009 6900
5 15955 8374 9619
5 9049 6835 6822
5 7429 4855 5528
5 4931 12295 13470
5 8833 10626 789
5 6637 789 10626
5 12906 10520 5870
5 16276 4627 15287
5 16476 16211 8064
5 16179 16211 16476
5 916 9778 15063
5 16281 16266 5852
5 6835 7182 6822
5 3834 4629 4563
5 3840 5853 14986
5 7551 5853 3840
5 7548 16266 7170
5 16267 7996 2926
5 9599 12906 5544
5 4628 14692 16273
5 10678 2697 767
5 3099 2923 11977
5 2923 2785 11977
5 1142 1157 1180
5 782 10374 6789
5 1217 5507 1187
5 891 14004 9878
5 13997 10541 747
5 3183 11985 10541
5 11990 826 6754
5 13517 826 11990
5 1582 9830 6961
5 8022 9830 1582
5 14901 590 605
5 5809 14662 10287
5 8022 14662 5809
5 684 660 687
5 687 660 1996
5 9907 15078 1000
5 16267 2926 7551
5 16173 2568 9981
5 9981 3289 16173
5 3289 14061 5829
5 14804 16160 12206
5 12206 1561 15673
5 10777 881 11688
5 12740 14548 649
5 15955 7271 14054
5 1997 13623 1325
5 6236 14131 15142
5 625 623 619
5 667 648 643
5 12084 5153 15083
5 1928 5153 12084
5 10501 11759 15338
5 660 656 639
5 643 639 656
5 654 660 639
5 16224 15120 16328
5 14324 766 4082
5 3480 16182 12113
5 13112 12113 16462
5 12366 10565 13513
5 7994 1963 8056
5 13081 13931 756
5 14443 16313 5785
5 3184 7367 750
5 5802 12167 4574
5 7729 13165 9533
5 4475 12213 11009
5 5507 14121 16326
5 14964 874 11604
5 16487 16364 16483
5 10941 7775 7986
5 611 575 551
5 14045 3111 1696
5 1303 1310 1329
5 1329 14304 1303
5 10527 8795 8149
5 1249 1239 1264
5 11411 7837 4635
5 5347 10500 10988
5 4817 622 611
5 14266 5903 9778
5 830 9533 10777
5 7452 12561 4821
5 7986 830 11688
5 10777 11688 830
5 16470 2497 15158
5 12318 3086 3344
5 3422 3086 12318
5 651 683 682
5 833 11990 7362
5 4466 11121 8011
5 11121 4466 14785
5 15528 4014 1051
5 12846 6740 14079
5 6740 11290 14079
5 8843 14145 8149
5 8022 2717 5593
5 9127 9578 15561
5 15634 16471 5317
5 12332 825 832
5 5056 715 14355
5 5198 14896 14355
5 15280 16146 6971
5 16222 5852 7548
5 5852 16266 7548
5 1928 11237 5153
5 11237 1928 16334
5 684 677 667
5 707 703 10365
5 684 667 656
5 7822 5169 8066
5 6789 9637 788
5 9637 6789 11974
5 683 11673 682
5 9171 8842 15020
5 832 7287 9533
5 9533 7287 10391
5 13186 4580 7614
5 7367 11007 750
5 1043 10435 1028
5 1028 10435 6239
5 8842 10442 15020
5 10442 8180 11302
5 684 656 660
5 8003 12104 16364
5 16483 12104 12193
5 16483 16364 12104
5 1156 1180 1203
5 575 584 544
5 644 15414 12635
5 12417 16157 11456
5 12417 11456 3091
5 5848 2697 6902
5 881 14047 12451
5 8074 7995 16282
5 9989 6835 9049
5 6754 852 6307
5 4821 14468 7452
5 7915 1056 15360
5 707 10365 11516
5 520 564 7941
5 7996 16267 14575
5 611 618 15323
5 6215 766 14324
5 15582 1921 11632
5 1921 16463 11950
5 16374 8069 15653
5 15653 16482 16374
5 1329 5877 10560
5 10560 1334 1329
5 12463 1308 14051
5 7995 1963 15364
5 2635 11528 10954
5 1228 1193 1261
5 13761 616 7907
5 659 667 677
5 659 677 15362
5 1264 1286 1294
5 1294 1315 13890
5 1286 1315 1294
5 9818 11250 782
5 11726 9533 10391
5 8066 14054 7271
5 7822 8066 7271
5 3489 16161 11811
5 6968 16461 14904
5 3344 9907 1000
5 11977 1977 3099
5 541 13639 519
5 16147 12417 12519
5 12084 15083 1838
5 982 14181 7113
5 4768 12370 3693
5 3693 12370 10468
5 755 12284 13174
5 5347 9504 10500
5 6754 6307 11990
5 8180 2496 10287
5 5809 10287 2496
5 1839 629 635
5 10776 5076 10368
5 16232 9620 5862
5 5862 9620 12108
5 10365 703 8379
5 10785 5009 721
5 7480 13760 7452
5 4635 2526 10792
5 7506 15601 1269
5 602 594 10797
5 4635 10797 11411
5 15644 15341 15645
5 16279 10803 11028
5 10306 2360 8275
5 6637 10626 5321
5 891 14359 916
5 916 14359 957
5 8274 774 6548
5 999 12667 11290
5 15686 14955 7160
5 1914 12594 16161
5 1914 16165 12594
5 519 7760 541
5 12196 13725 16277
5 11288 12196 16277
5 7991 12221 7154
5 7991 7682 1964
5 8274 6215 10022
5 15077 16484 16159
5 10846 3862 5814
5 14901 636 633
5 10435 4840 6239
5 16373 16210 16372
5 5852 16222 16228
5 14844 7986 11688
5 11226 10422 15360
5 10988 13760 7480
5 3721 11302 2635
5 2635 11302 5593
5 16173 10402 16205
5 15524 15674 16148
5 10368 10981 1047
5 9182 11719 4101
5 8064 16370 16476
5 16370 8064 15683
5 16148 15579 3126
5 981 1000 9981
5 4856 12681 4931
5 13151 4856 4931
5 12193 4475 2518
5 16484 15077 2518
5 3326 10468 13092
5 1310 1303 2227
5 16356 1265 15137
5 9387 7822 11479
5 14808 14785 14004
5 13603 6966 6967
5 15702 597 619
5 597 15702 563
5 7548 5814 5825
5 5347 4429 9504
5 15678 16365 15686
5 873 6307 10975
5 10975 6307 899
5 6696 12681 4856
5 15678 2926 15694
5 581 615 605
5 5076 10981 10368
5 15043 899 14047
5 6307 14047 899
5 695 1996 688
5 881 15043 14047
5 13470 1366 1361
5 934 7357 7802
5 934 7802 11209
5 852 7598 14844
5 12451 852 14844
5 15431 2663 6334
5 10521 3953 13946
5 12907 3953 10521
5 5129 8509 6486
5 580 594 15350
5 8982 512 488
5 2496 9423 12240
5 1282 1321 11871
5 14793 1321 1282
5 11811 16161 10033
5 8011 3775 10306
5 8011 13557 3775
5 13939 10422 11226
5 11226 1060 15092
5 2518 11009 11808
5 796 7627 10565
5 1203 1187 1156
5 16204 15399 6977
5 11683 16339 12108
5 14785 4466 11295
5 6753 14785 11295
5 8344 8130 7738
5 6460 8833 9818
5 1387 1384 14073
5 12235 16461 6968
5 12756 1056 1060
5 12756 1060 11226
5 3480 12113 13112
5 12145 3480 13112
5 14066 12757 689
5 12757 9543 689
5 11418 8059 14865
5 16148 12235 6969
5 4082 13891 14324
5 13174 6692 5882
5 16462 15508 12270
5 9539 6371 4512
5 16368 14955 15686
5 16489 16368 15686
5 14529 9465 13165
5 5882 5881 11774
5 5882 11774 6351
5 15227 12165 10538
5 703 707 12165
5 6334 11764 8853
5 8843 8853 11764
5 14892 7802 14193
5 10186 5545 4855
5 4721 746 737
5 737 746 13376
5 1384 1377 5045
5 12331 16167 3103
5 11237 1582 5153
5 13186 7769 6691
5 16326 6056 16277
5 14844 11688 12451
5 16175 15670 15238
5 16175 16207 15670
5 13890 4464 1294
5 11262 1041 13876
5 16147 16157 12417
5 5825 5814 7771
5 7452 13760 13777
5 12417 3091 12519
5 16367 15694 7996
5 7729 8183 13165
5 7729 12699 8183
5 12169 3848 11879
5 3848 4564 11879
5 13879 1849 11266
5 7598 7986 14844
5 832 9533 13165
5 7494 3714 4444
5 10520 4444 3714
5 7915 16470 10934
5 766 6215 765
5 14480 13876 1041
5 1919 16460 15040
5 8180 13320 2496
5 12842 4512 6371
5 6226 12842 6371
5 9261 3094 4566
5 16148 15674 11374
5 14154 12270 3089
5 3089 16232 14154
5 15328 14497 16172
5 3848 4563 4564
5 594 580 11411
5 11411 10797 594
5 11121 890 4467
5 11121 4467 13640
5 12040 10306 8275
5 7907 616 6159
5 616 607 6159
5 11302 10287 5593
5 14662 5593 10287
5 16481 14310 2497
5 12561 1385 1390
5 16182 11474 16213
5 15330 1299 1308
5 9981 13123 981
5 2529 10942 4101
5 2663 4101 10942
5 3091 1916 11493
5 16165 7771 10033
5 6966 15444 16488
5 4771 725 11502
5 14579 4566 5818
5 3821 11641 14820
5 14051 1334 12463
5 14304 1334 14051
5 11418 12944 8059
5 12944 15696 8059
5 12561 6649 4821
5 2497 14310 15158
5 7367 3184 11985
5 13075 10975 897
5 5839 16273 14380
5 8539 730 15648
5 16375 15174 16208
5 7676 16208 15174
5 6108 5887 12114
5 715 5198 14355
5 7409 2426 3326
5 673 692 15635
5 825 11034 832
5 832 11034 8275
5 7177 16316 12944
5 15596 3471 12331
5 15288 594 602
5 11632 1921 11950
5 16208 6965 14679
5 2886 4464 12565
5 14564 7837 11411
5 15227 10538 704
5 14329 12565 4464
5 749 746 11079
5 11079 13001 3326
5 7810 12366 823
5 4475 7273 12213
5 13922 10712 758
5 5619 9964 769
5 9964 7704 769
5 671 15473 673
5 6246 11683 1964
5 4562 16227 5837
5 1183 1162 1132
5 10934 16470 15158
5 8003 5792 12196
5 11288 8003 12196
5 7543 3844 15329
5 1390 1387 14711
5 3821 3862 11641
5 14076 1561 12167
5 1243 1213 1218
5 14632 11374 16190
5 5515 11371 3085
5 11371 4015 3085
5 10442 11302 15020
5 691 11673 683
5 16473 11997 16471
5 16471 11997 16205
5 1310 1282 11871
5 1156 1142 1180
5 767 13891 4082
5 767 5848 13891
5 11791 7991 7154
5 15666 15415 11791
5 3489 11811 1716
5 653 683 651
5 3489 16205 11997
5 5829 8974 11835
5 11835 16205 10402
5 16462 12270 13112
5 1030 4081 11262
5 16232 14448 9620
5 7557 14463 1970
5 7557 15538 7184
5 16204 6977 16206
5 11847 916 957
5 957 998 11847
5 16204 16206 16366
5 15376 1963 7994
5 1963 15376 16272
5 3465 5056 11869
5 5056 5009 11869
5 16484 11808 16160
5 698 11759 10501
5 12108 9620 1958
5 1996 654 661
5 1996 660 654
5 13112 12270 15620
5 13112 15620 12145
5 16312 2568 1716
5 6961 9182 4510
5 12421 3821 14110
5 10697 7086 765
5 5619 769 9771
5 6822 7182 6085
5 7170 15634 5317
5 11079 2426 11329
5 6692 749 11329
5 15649 3121 16150
5 16150 3121 14443
5 4027 4568 11964
5 6108 12114 14066
5 14066 5736 6108
5 11987 11454 15524
5 11987 15383 16178
5 15520 1914 16161
5 11861 1711 16174
5 11861 10083 1711
5 3099 1977 13946
5 1331 13467 14509
5 6965 12286 15512
5 1120 15540 1116
5 5829 14820 8974
5 11641 8974 14820
5 5212 3158 12265
5 11937 16483 12193
5 4475 12104 11288
5 15491 12056 16191
5 12145 1920 16460
5 15350 589 14933
5 589 15350 601
5 16334 15561 2717
5 15635 14066 689
5 15635 692 14066
5 13216 3344 3086
5 6966 11839 15444
5 15647 16146 15280
5 5903 12126 14193
5 3344 13216 9907
5 16460 3480 12145
5 14136 5566 3326
5 16463 13529 14679
5 6965 16463 14679
5 12165 709 701
5 703 12165 701
5 1239 16326 14121
5 1969 3848 12169
5 2697 7855 7201
5 7201 7855 773
5 16150 11861 1712
5 15220 11861 16150
5 7177 12944 11418
5 5792 16273 12196
5 16147 14497 15328
5 15221 10083 5785
5 14076 9393 12205
5 6246 15588 11683
5 16339 11683 15588
5 12309 1970 15022
5 15132 3821 12421
5 3190 14076 12205
5 16334 15685 15561
5 16488 15088 16479
5 16488 16479 15471
5 1958 12221 1964
5 7991 1964 12221
5 1920 14658 15040
5 730 15153 11849
5 14931 12235 16148
5 16481 13518 11565
5 16481 2497 13518
5 1921 13529 16463
5 15646 12251 11454
5 1928 15056 12257
5 7704 7082 7057
5 11418 16275 7177
5 11906 5550 11964
5 1329 1334 14304
5 15645 15341 10803
5 9404 14054 8066
5 7676 16488 12286
5 782 9221 9964
5 1193 1183 7506
5 1214 7506 1183
5 10846 11641 3862
5 6307 852 14047
5 11474 12309 15022
5 12451 14047 852
5 16194 11964 4568
5 3422 12318 14930
5 9393 14076 5802
5 6970 11454 11987
5 12331 11658 15596
5 10777 9533 11726
5 12165 707 10538
5 12235 15475 6969
5 765 8274 10697
5 12699 6173 11533
5 12104 4475 12193
5 12344 8069 16374
5 1920 15620 16166
5 15644 15157 15341
5 16150 14443 15220
5 636 15426 627
5 1919 15576 12724
5 11849 3207 11516
5 15040 16188 1919
5 14658 16188 15040
5 8843 11764 14145
5 14632 16224 3126
5 3126 15579 14632
5 14443 3121 16231
5 15220 14443 5785
5 12451 11688 881
5 6821 9205 13195
5 9205 752 756
5 8374 14525 2785
5 15955 14525 8374
5 7182 7720 6085
5 14515 8207 12332
5 7614 12332 9465
5 6691 786 789
5 14515 11982 8207
5 683 14062 9923
5 653 14062 683
5 6789 786 11974
5 605 615 15426
5 13075 897 6226
5 4466 8011 12040
5 8011 10306 12040
5 1071 2925 13836
5 2925 1050 13836
5 11533 4279 15514
5 4525 796 12382
5 730 8539 727
5 899 15043 10682
5 13470 7674 5553
5 12265 12667 4467
5 982 981 13123
5 1150 16230 16192
5 16492 3116 15086
5 1997 15330 1308
5 498 496 508
5 5736 692 15096
5 3861 16328 15120
5 13470 12295 1366
5 14964 12265 890
5 13876 9994 8205
5 9404 10942 2529
5 644 646 15414
5 15414 646 636
5 16265 5845 3844
5 12561 7452 13777
5 8379 695 12541
5 11774 5881 3186
5 752 14296 6236
5 14468 7480 7452
5 15225 544 584
5 15225 15332 593
5 622 618 611
5 3791 12565 14329
5 12570 5340 5881
5 737 4965 13535
5 14525 15955 14195
5 16481 11565 14504
5 9387 12906 9599
5 696 687 697
5 696 697 703
5 607 615 595
5 12635 618 622
5 12642 16157 16176
5 12642 11456 16157
5 10981 7915 10934
5 779 796 7424
5 13195 759 6821
5 12667 999 967
5 12667 967 4467
5 8248 14453 12675
5 14062 15175 9923
5 14062 646 15175
5 14711 6649 12561
5 4771 13855 725
5 4771 5573 13855
5 13855 5573 730
5 612 588 12733
5 612 624 12740
5 12740 629 2005
5 16370 15136 15682
5 897 12739 6226
5 9387 12810 8583
5 750 14308 3184
5 15341 15679 1969
5 14664 5458 897
5 14664 10975 899
5 9902 1977 11977
5 2925 14110 3821
5 15362 677 691
5 12739 14694 975
5 12205 9393 15647
5 11977 2785 9902
5 16276 13582 7175
5 9106 7627 7073
5 1197 1162 1193
5 14136 14992 5566
5 6966 16459 11839
5 3421 15177 14504
5 975 13557 6305
5 5458 3775 14694
5 8011 6305 13557
5 6908 12995 13092
5 10934 1041 1047
5 5812 15667 13014
5 12667 3158 11290
5 6740 999 11290
5 13382 1061 1071
5 1060 13382 1071
5 7494 2923 3099
5 7494 7720 2923
5 12421 4014 4015
5 4821 15109 14468
5 3422 14930 7113
5 10527 13320 8795
5 11007 746 15385
5 6821 759 13111
5 12699 13671 8183
5 10339 15083 5153
5 10339 7837 15083
5 7761 13639 590
5 15322 934 11209
5 10391 15043 11726
5 652 13148 629
5 8379 12541 14044
5 2886 1294 4464
5 10776 10368 1028
5 11982 831 8207
5 575 544 1858
5 13201 5076 5289
5 13186 817 4580
5 13195 756 758
5 758 759 13195
5 4768 3693 14194
5 4768 14194 9205
5 1310 11871 13467
5 10954 11528 560
5 14061 2925 5829
5 653 651 633
5 15360 1056 12756
5 15360 12756 11226
5 12265 3158 12667
5 4523 15584 12846
5 12846 998 6740
5 7907 6159 15618
5 602 10797 4554
5 14664 10682 3775
5 10501 14512 5736
5 4771 11502 14512
5 10501 5736 15096
5 14855 5903 14193
5 1917 1916 16158
5 1917 3092 1916
5 6307 7362 11990
5 6649 6696 12788
5 624 15082 633
5 13623 6385 4856
5 1997 1334 6385
5 13320 2682 9423
5 5809 13810 9830
5 1197 1228 1218
5 6966 15677 16459
5 12126 14892 14193
5 14480 15377 9994
5 15377 12126 9994
5 14136 13001 4721
5 6108 14512 11502
5 13201 1061 13382
5 1060 1056 13382
5 14195 4436 9423
5 15641 2920 7185
5 1917 16158 13423
5 3472 13423 16158
5 9902 10527 8149
5 4525 12382 7410
5 12382 780 3186
5 10435 3158 5212
5 1997 12463 1334
5 611 15323 575
5 13467 1329 1310
5 13596 12565 4429
5 3791 4429 12565
5 15532 560 529
5 15431 9182 4101
5 6649 12788 4821
5 1969 12169 15341
5 16478 13741 16201
5 8068 15247 13582
5 633 15082 14901
5 15096 698 10501
5 13529 16462 6953
5 8422 3791 14329
5 748 4721 13535
5 737 13535 4721
5 10792 2526 10471
5 10365 8379 14044
5 695 9543 12541
5 14694 3775 13557
5 5045 6696 14073
5 14178 7674 13470
5 2717 14508 16334
5 2426 12472 5340
5 7829 4965 13659
5 7829 13659 5253
5 15506 16151 1120
5 16151 15506 12206
5 3791 9504 4429
5 7674 9504 3791
5 779 13594 775
5 15430 13596 4458
5 3099 13946 3714
5 5870 10520 3714
5 3472 16210 13599
5 6966 13603 15677
5 2920 15641 15634
5 623 626 603
5 4817 603 626
5 779 780 12382
5 10500 1357 1363
5 1997 6385 13623
5 13939 15078 10422
5 13639 541 581
5 967 13640 4467
5 15682 15497 15679
5 15497 8001 16269
5 15682 8001 15497
5 15341 12169 10803
5 773 780 6902
5 13659 4965 737
5 13659 737 5253
5 655 661 13148
5 652 655 13148
5 13671 9637 11974
5 755 13174 13111
5 10942 12907 2663
5 1316 1325 13682
5 8422 13890 13682
5 15140 16276 7175
5 15242 13687 16280
5 8003 16364 13687
5 8842 8795 10442
5 8795 8180 10442
5 15272 11565 3086
5 15272 11277 11565
5 3953 12907 5544
5 11483 4553 10792
5 4553 11483 9171
5 9171 15020 3721
5 15020 11302 3721
5 13760 1379 1385
5 6589 11604 15342
5 612 12733 15082
5 612 15082 624
5 2005 609 597
5 612 2005 588
5 12196 16273 13725
5 13725 16273 14692
5 6649 14073 6696
5 7674 13729 5553
5 13729 7674 3791
5 622 4817 626
5 16178 15383 13741
5 16478 16178 13741
5 15532 593 15552
5 15175 646 644
5 618 616 13761
5 15323 618 13761
5 3085 4014 15528
5 15409 10788 9209
5 13777 13760 1385
5 12561 13777 1385
5 15237 689 688
5 4821 12788 15109
5 6226 6371 13075
5 2886 1321 1294
5 12846 1030 8205
5 7224 13931 13081
5 1150 16192 1120
5 12240 2529 13810
5 10339 4510 2526
5 7182 6432 2923
5 6432 2785 2923
5 1071 13836 1060
5 13836 1050 1060
5 12739 979 12842
5 12739 975 979
5 6239 13992 1028
5 8344 7810 5321
5 3472 16180 16464
5 14620 16340 3861
5 13855 727 725
5 13872 16172 3471
5 13872 16489 16172
5 4036 8260 14657
5 14657 5862 4036
5 15696 8063 13599
5 8205 1030 13876
5 11262 13876 1030
5 528 1849 13879
5 528 13879 580
5 13376 746 11007
5 8853 14400 11483
5 8842 11483 14400
5 11759 14282 7642
5 10538 7642 14282
5 5458 14694 897
5 12739 897 14694
5 13922 7224 747
5 16334 14508 11237
5 13929 16278 16275
5 3852 13929 5821
5 7995 15364 16282
5 15092 13939 11226
5 1050 1029 13939
5 12906 3953 5544
5 10565 822 13513
5 873 13075 7362
5 5887 14896 5198
5 8207 831 14514
5 1705 515 563
5 648 640 623
5 12332 8207 825
5 6239 7357 15177
5 13195 9205 756
5 9404 2529 4436
5 3421 13992 6239
5 7494 6946 7720
5 13997 7429 735
5 735 10541 13997
5 2886 12565 13596
5 891 15063 14004
5 877 874 14004
5 967 6305 13640
5 15657 14164 16149
5 11989 4339 15464
5 16149 11989 15657
5 11374 15201 16190
5 12251 15201 11374
5 975 14694 13557
5 7995 8056 1963
5 15472 8056 7995
5 16194 11632 15529
5 979 998 957
5 14044 715 5056
5 10365 14044 5056
5 14045 1696 15221
5 14045 4585 3111
5 12114 5887 15114
5 1314 14051 1308
5 1303 14051 1314
5 15153 11759 7642
5 563 14337 588
5 6274 7822 7271
5 9404 4436 14054
5 14195 14054 4436
5 1997 1325 15330
5 1050 2925 14061
5 653 646 14062
5 692 5736 14066
5 15235 10988 7480
5 14076 3190 1561
5 1030 12846 14079
5 14079 11290 1030
5 721 7829 11796
5 11796 10785 721
5 15342 10644 6589
5 10644 14855 14193
5 580 14933 528
5 10500 1363 10988
5 14119 7113 1023
5 3422 7113 14119
5 5507 1217 14121
5 1239 14121 1217
5 691 709 11673
5 748 13535 14131
5 6236 748 14131
5 3326 13001 14136
5 621 15527 616
5 15426 615 621
5 15527 621 615
5 752 6236 13081
5 9902 14145 1977
5 14145 11764 1977
5 13081 4586 4855
5 644 626 640
5 14045 15221 5785
5 1361 14178 13470
5 14181 5515 3085
5 982 5515 14181
5 1325 13151 5562
5 9923 659 15362
5 7182 2923 7720
5 14194 752 9205
5 10981 10934 1047
5 2682 14195 9423
5 3289 1050 14061
5 1050 3289 1029
5 3099 3714 7494
5 14851 671 673
5 14851 673 668
5 7907 15618 15332
5 10368 1047 1043
5 14570 12131 7184
5 7184 8070 14570
5 6970 16178 14231
5 2663 12907 10521
5 644 12635 626
5 891 7692 14359
5 8843 11110 8842
5 11110 8795 8842
5 3207 15153 7642
5 1928 15685 16334
5 5809 9830 8022
5 10988 1363 1371
5 9539 4512 14263
5 916 14266 9778
5 15444 11839 12286
5 12286 16488 15444
5 5056 14355 5009
5 14355 14896 5009
5 14131 4965 4586
5 13623 13151 1325
5 5550 16191 15667
5 698 704 14282
5 10538 14282 704
5 1331 5414 15430
5 11456 1916 3091
5 5873 15120 16224
5 15120 5873 3861
5 1157 1123 1148
5 1118 1138 1123
5 14296 3693 14992
5 14194 3693 14296
5 1303 14304 14051
5 12284 750 15385
5 755 750 12284
5 14308 755 10712
5 750 755 14308
5 16481 15322 14310
5 14310 980 1008
5 6589 10644 7802
5 7802 10644 14193
5 8007 15672 14620
5 14329 4464 13890
5 8422 14329 13890
5 1331 14468 5877
5 14562 7480 14468
5 7761 14337 515
5 14865 7543 11418
5 14904 6967 16175
5 15280 16483 11937
5 1308 12463 1997
5 9504 14716 10500
5 8207 14514 825
5 11295 825 14514
5 5825 7771 5540
5 5540 7771 16165
5 1214 15601 7506
5 3465 11869 14648
5 625 643 648
5 625 1839 643
5 14380 16273 5792
5 6753 14263 7692
5 14514 14263 6753
5 749 11079 11329
5 10163 7855 6821
5 10163 6821 6351
5 3831 14397 4562
5 14397 16358 4562
5 8853 8843 14400
5 8842 14400 8843
5 14679 13529 6953
5 16272 16271 1963
5 15364 16271 16282
5 9539 833 7362
5 833 13517 11990
5 14964 11604 5348
5 13123 16152 982
5 1023 15528 1051
5 15528 1023 7113
5 15666 11791 15276
5 9878 6753 7692
5 9878 14785 6753
5 14443 16231 16313
5 979 975 13991
5 14448 4568 9620
5 2886 13596 15430
5 2886 15430 5414
5 3092 14453 8248
5 9182 9830 11719
5 14463 7557 4036
5 15109 5877 14468
5 14178 14716 9504
5 15142 14131 4586
5 16199 15247 8068
5 8068 16200 16199
5 7364 11502 725
5 2663 15431 4101
5 1008 980 14480
5 1008 14480 1041
5 1029 3289 9981
5 5347 10988 15235
5 11565 11277 14504
5 671 682 15473
5 682 11673 15473
5 3471 14497 12331
5 2717 8022 14508
5 14508 8022 1582
5 822 15514 4279
5 1331 14509 5414
5 13467 11871 14509
5 6108 5736 14512
5 7614 14515 12332
5 7614 11982 14515
5 601 15288 604
5 601 15350 15288
5 8183 14529 13165
5 12788 1334 15109
5 14904 13603 6967
5 1233 12213 16283
5 4081 1043 11262
5 4081 10435 1043
5 7358 7357 10734
5 4840 7358 10734
5 12240 9423 4436
5 9778 14855 877
5 14855 10644 15342
5 7367 10785 7368
5 13810 11719 9830
5 14548 633 651
5 14892 980 11209
5 12126 15377 14892
5 1838 14564 580
5 1331 14562 14468
5 580 14564 11411
5 15063 891 916
5 14570 8069 12131
5 627 616 618
5 16265 7172 14575
5 7996 14575 14800
5 11245 15356 14998
5 899 10682 14664
5 14579 5818 15329
5 14579 9261 4566
5 16470 15160 15121
5 5528 5545 727
5 10186 727 5545
5 584 15323 13761
5 1390 14711 12561
5 14296 14992 748
5 8853 11483 10792
5 11879 11028 12169
5 7915 15160 16470
5 16147 12519 16167
5 16223 12519 3091
5 1334 12788 6385
5 6226 12739 12842
5 5515 982 16152
5 1379 10988 1371
5 10988 1379 13760
5 14716 1361 1357
5 14716 1357 10500
5 8374 6835 9989
5 14632 15579 11374
5 16150 1712 15076
5 6305 967 15461
5 15534 12309 14973
5 15096 14650 698
5 704 698 14650
5 14901 15426 636
5 14620 7175 8007
5 14657 8260 16166
5 16166 8260 14658
5 16166 14658 1920
5 14896 717 721
5 5887 717 14896
5 6306 12660 14488
5 8093 810 12660
5 8022 5593 14662
5 6385 6696 4856
5 6385 12788 6696
5 639 635 654
5 14772 5873 16224
5 16460 6981 3480
5 11329 5340 12570
5 4523 8205 14684
5 5903 4523 14684
5 6740 998 13991
5 15446 7155 11277
5 11277 7155 13992
5 1331 15430 4458
5 688 689 14699
5 688 14699 695
5 6970 16487 14705
5 737 13376 5253
5 7368 5253 13376
5 14711 1387 14073
5 6305 15461 975
5 975 15461 13991
5 14178 1361 14716
5 11034 4466 12040
5 3184 10712 747
5 747 10712 13922
5 11007 15385 750
5 14453 4599 12675
5 5553 4931 13470
5 7364 720 717
5 13931 758 756
5 13922 13931 7224
5 4436 2529 12240
5 13890 1316 13682
5 16270 16328 3861
5 13075 9539 7362
5 625 648 623
5 15584 14266 11847
5 13929 3852 16278
5 11209 980 15322
5 14310 15322 980
5 10501 15338 14512
5 1056 13201 13382
5 6371 9539 13075
5 12635 622 626
5 12114 9543 12757
5 649 651 671
5 649 14851 652
5 668 655 652
5 13991 999 6740
5 15461 999 13991
5 4816 551 1705
5 3489 16177 16161
5 16177 3489 16473
5 5812 16272 16357
5 16264 16357 16272
5 13518 2497 15121
5 15477 14799 6977
5 16159 14804 15673
5 16159 16484 14804
5 890 14808 874
5 874 14808 14004
5 10471 2526 4510
5 5903 14266 4523
5 11266 15056 1928
5 12740 649 652
5 668 652 14851
5 5829 2925 14820
5 3821 14820 2925
5 758 13931 13922
5 15695 7172 14865
5 10846 7170 11641
5 7761 519 13639
5 13855 730 727
5 649 671 14851
5 3721 2635 10954
5 15342 11604 877
5 3844 4599 15329
5 9778 5903 14855
5 15473 11673 694
5 15063 9778 877
5 15063 877 14004
5 16160 16151 12206
5 6159 601 604
5 16146 4339 11989
5 16200 8068 14887
5 14463 4036 5862
5 7160 15678 15686
5 5562 13151 15318
5 13729 5562 15318
5 4037 14878 16277
5 4574 14878 4037
5 890 11121 14808
5 5045 1377 12295
5 16200 14887 16487
5 12842 979 957
5 12842 957 14359
5 11209 7802 14892
5 16370 15682 16366
5 16200 14231 16199
5 14692 4037 13725
5 1839 639 643
5 605 15426 14901
5 9907 10422 15078
5 7802 7357 6589
5 7358 6589 7357
5 873 10975 13075
5 14679 6953 7516
5 623 603 619
5 14926 16174 16374
5 14926 1712 16174
5 14648 3183 15516
5 735 15516 10541
5 3183 10541 15516
5 515 14337 563
5 6971 16149 14705
5 14705 16487 6971
5 14930 981 982
5 14930 982 7113
5 9209 12235 14931
5 15409 9209 14931
5 14933 589 570
5 14933 570 528
5 15473 694 673
5 8267 4599 14453
5 12681 12295 4931
5 16368 15641 14955
5 831 14263 14514
5 16356 1187 14960
5 735 7429 8539
5 16472 14973 12309
5 1849 15056 11266
5 15056 1849 16385
5 1316 12902 1325
5 12902 15330 1325
5 890 874 14964
5 2886 5414 14509
5 11871 1321 14509
5 7506 1269 14793
5 15142 4586 13081
5 12082 15599 16227
5 589 601 595
5 6159 607 595
5 629 13148 635
5 13148 661 635
5 3840 14986 5817
5 16223 5817 14986
5 1071 14110 2925
5 12421 1071 1061
5 14136 748 14992
5 14998 4339 16146
5 14692 4577 4037
5 4628 11399 14692
5 5153 1582 6961
5 15022 15588 6246
5 11474 15022 6246
5 624 633 14548
5 15082 12733 590
5 11079 746 13001
5 505 529 15033
5 560 15033 529
5 15041 4627 16276
5 4627 15041 16225
5 13623 4856 13151
5 11516 10365 3465
5 5056 3465 10365
5 15585 1167 1132
5 1132 1118 15585
5 7185 14955 15641
5 1157 1142 1123
5 560 11528 15033
5 11835 10402 5829
5 15067 16372 16210
5 16183 15067 16210
5 659 648 667
5 1023 5289 15526
5 8070 14973 15697
5 16482 15076 1712
5 11937 15077 16159
5 11937 12193 15077
5 15078 1029 1000
5 15083 7837 1838
5 16356 14960 1265
5 15096 692 694
5 12284 15385 749
5 5561 1723 15086
5 15088 15666 15276
5 15666 15088 16488
5 16151 16160 15585
5 14998 9393 11245
5 13687 16364 14887
5 15092 1060 1050
5 1050 13939 15092
5 15645 10803 12344
5 15645 12344 16374
5 7175 15247 8007
5 15247 7175 13582
5 4568 15239 16194
5 16194 15239 11632
5 509 545 529
5 16368 15112 16473
5 16177 16473 15112
5 11683 12108 1964
5 5198 715 15114
5 15590 11906 11964
5 16183 16158 12642
5 8074 16282 16340
5 16470 15121 2497
5 7364 725 720
5 10306 3775 2360
5 3775 10682 2360
5 652 629 12740
5 12113 16182 6953
5 11985 747 10541
5 3862 3821 15132
5 3862 15132 16229
5 16160 15619 15585
5 15137 15658 1316
5 15322 16481 14504
5 13320 9423 2496
5 3861 15140 7175
5 3861 5873 15140
5 15576 3121 15649
5 15576 15649 12724
5 12842 14359 4512
5 16316 7177 14494
5 9465 12332 832
5 730 5573 15153
5 15160 10422 9907
5 4564 4600 11879
5 624 14548 12740
5 1265 1299 15658
5 12902 1299 15330
5 12113 6953 16462
5 621 616 627
5 15082 590 14901
5 12635 627 618
5 16375 15415 15174
5 7676 15174 15666
5 4599 8267 15329
5 15160 9907 15121
5 752 14194 14296
5 16277 16283 12213
5 16283 16277 6056
5 15043 881 11726
5 1193 1228 1197
5 13879 1838 580
5 897 10975 14664
5 496 519 515
5 496 515 508
5 3840 16267 7551
5 595 615 581
5 14004 14785 9878
5 6977 14799 16206
5 528 15198 7760
5 15198 528 570
5 12251 15646 15201
5 16358 15206 16164
5 636 653 633
5 4458 14562 1331
5 10083 11861 15220
5 15689 1711 15221
5 3089 1921 15582
5 2682 13320 10527
5 545 544 15225
5 545 15225 593
5 13939 1029 15078
5 9127 15685 12257
5 15685 1928 12257
5 14865 7172 16265
5 15682 15679 16366
5 709 12165 15227
5 709 15227 704
5 15619 16160 11808
5 11808 11009 15490
5 1061 4014 12421
5 15587 12318 3344
5 3344 1000 15587
5 15056 15398 12257
5 4599 3844 12675
5 4458 15235 7480
5 5347 15235 4458
5 668 15237 655
5 655 15237 688
5 15255 7642 10538
5 12126 5903 9994
5 4568 14448 15239
5 15239 15582 11632
5 1838 7837 14564
5 6108 11502 7364
5 8003 13687 15242
5 8003 15242 5792
5 16199 8007 15247
5 3126 16224 15248
5 16328 15248 16224
5 4816 1705 563
5 15158 14310 1008
5 1265 14960 1230
5 1203 1230 14960
5 11516 3207 15255
5 3207 7642 15255
5 5847 11028 11879
5 981 15587 1000
5 12313 6977 15399
5 15689 1696 12313
5 15672 15670 8074
5 12131 7532 7184
5 15267 11399 4628
5 13518 3086 11565
5 3422 15272 3086
5 15446 11277 15272
5 15088 15276 8056
5 15276 7994 8056
5 13014 16191 15206
5 14497 15282 12331
5 12331 15282 16167
5 16340 16270 3861
5 15287 4627 5839
5 16280 15287 5839
5 602 591 15288
5 15659 15206 16191
5 1913 16164 15206
5 1148 1162 1197
5 979 13991 998
5 5785 15298 14045
5 15298 4564 4585
5 15299 4627 16225
5 16193 15299 16225
5 11399 4577 14692
5 16227 16328 5837
5 3422 14119 15446
5 14073 1384 5045
5 15506 1561 12206
5 6696 5045 12681
5 14548 651 649
5 15512 15612 16463
5 11950 16463 15612
5 11632 11950 15529
5 14846 5593 2717
5 2635 5593 14846
5 15220 5785 10083
5 15312 1958 4027
5 15576 16188 15643
5 15267 16226 16314
5 15318 4931 5553
5 13729 15318 5553
5 1316 15658 12902
5 589 595 570
5 15323 584 575
5 16204 5622 12893
5 16174 12893 5622
5 16204 16366 15157
5 16165 11658 5540
5 16147 15328 16157
5 15328 16486 16157
5 833 9539 11982
5 831 11982 9539
5 15683 8064 16316
5 15332 584 7907
5 15225 584 15332
5 12594 10033 16161
5 12594 16165 10033
5 15022 1970 15588
5 10471 6334 8853
5 6334 10471 15431
5 1838 13879 11266
5 15620 14154 16166
5 11849 11516 731
5 14480 980 15377
5 15648 11849 731
5 8539 15648 735
5 15338 11759 4771
5 15338 4771 14512
5 14855 15342 877
5 11418 7543 16275
5 5802 11245 9393
5 4577 11245 5802
5 12056 15659 16191
5 15659 12056 16459
5 15350 594 15288
5 11764 10521 1977
5 15086 1723 16492
5 11399 15356 11245
5 15360 10422 15160
5 1963 16271 15364
5 15365 3844 7543
5 7543 14865 15365
5 1849 7760 493
5 541 570 581
5 570 595 581
5 15376 11791 7154
5 15377 980 14892
5 1183 1132 15557
5 15376 16264 16272
5 11987 15524 15383
5 15383 6969 13741
5 15385 746 749
5 4577 11399 11245
5 15242 14380 5792
5 15414 627 12635
5 11516 3465 731
5 15395 16279 11028
5 15398 491 505
5 15056 491 15398
5 12893 1711 15399
5 12313 15399 15689
5 16482 15697 16475
5 16475 16171 16482
5 1692 15491 11906
5 16181 11474 16182
5 16165 1914 11658
5 1214 1183 15557
5 12082 15409 15599
5 13513 823 12366
5 7368 11007 7367
5 627 15414 636
5 15415 7991 11791
5 15415 16375 7991
5 668 15635 15237
5 698 14282 11759
5 11237 14508 1582
5 15426 621 627
5 2886 14509 1321
5 15432 3834 4563
5 15432 16269 3834
5 11849 15648 730
5 12733 588 14337
5 1203 14960 1187
5 14044 12541 715
5 9878 7692 891
5 3422 15446 15272
5 2005 597 588
5 7160 14955 7185
5 15114 715 12541
5 15464 16193 1703
5 14800 14575 7172
5 15461 967 999
5 10954 560 591
5 12295 1377 1366
5 11989 15464 15657
5 8069 12344 16279
5 16367 7996 14800
5 16222 7548 5825
5 636 646 653
5 6966 15471 6967
5 15471 16479 6967
5 16207 16175 15472
5 7995 16207 15472
5 12235 6968 15475
5 16474 15475 6968
5 11028 10803 12169
5 14231 16178 16199
5 15477 16492 1723
5 1723 14799 15477
5 14145 9902 8149
5 14648 15516 731
5 11839 16459 15491
5 12056 15491 16459
5 15415 15666 15174
5 11658 3103 5540
5 1210 1167 15490
5 11839 15491 1692
5 12740 2005 612
5 6649 14711 14073
5 1969 15497 16269
5 14930 12318 15587
5 15526 14119 1023
5 15157 15679 15341
5 15506 1120 16192
5 15508 1921 3089
5 16462 13529 15508
5 16367 15695 16372
5 16367 7172 15695
5 1692 15512 11839
5 12286 11839 15512
5 11009 1233 1210
5 590 13639 581
5 581 605 590
5 15360 15160 7915
5 1703 15646 14164
5 5622 15644 15645
5 16188 8244 15518
5 8244 5863 15518
5 13582 16276 15287
5 3126 15409 14931
5 15520 13872 3471
5 15520 16177 13872
5 601 6159 595
5 6969 15524 16148
5 5289 5076 15526
5 15527 607 616
5 607 15527 615
5 15528 14181 3085
5 5903 14684 9994
5 15529 11950 15612
5 16275 7543 5818
5 7543 15329 5818
5 14359 7692 4512
5 545 15532 529
5 545 593 15532
5 15534 7184 15538
5 1970 12309 15534
5 14772 14632 16190
5 14045 15298 4585
5 15497 1969 15679
5 7557 1970 15538
5 15534 15538 1970
5 15540 1123 1116
5 1123 15540 1118
5 15518 15643 16188
5 11399 15267 15356
5 15136 7168 8001
5 6981 12724 6978
5 15077 12193 2518
5 13741 6969 16474
5 16201 13741 16474
5 1282 1261 14793
5 591 560 15552
5 3471 1914 15520
5 14570 15653 8069
5 15557 1132 1167
5 6978 12724 15649
5 15649 15076 6978
5 12205 15280 11937
5 16172 16209 15328
5 15561 9578 14846
5 580 15350 14933
5 15532 15552 560
5 1913 15567 16164
5 505 491 509
5 505 509 529
5 2922 7556 2926
5 2926 7160 2922
5 9994 13876 14480
5 1310 1228 1261
5 1310 2227 1228
5 5550 15667 16357
5 1919 16188 15576
5 15673 14804 12206
5 15561 14846 2717
5 15288 591 15552
5 15620 12270 14154
5 15239 3089 15582
5 15584 998 12846
5 11847 998 15584
5 14930 15587 981
5 15524 6969 15383
5 13151 4931 15318
5 704 14650 11673
5 709 704 11673
5 1692 11906 15590
5 1914 3471 15596
5 11658 1914 15596
5 14266 916 11847
5 1958 15312 12221
5 4562 15598 16227
5 15598 12082 16227
5 15599 15409 3126
5 1268 15601 1238
5 15153 5573 11759
5 15588 1970 14463
5 13529 1921 15508
5 4771 11759 5573
5 15276 11791 7994
5 15529 15612 1692
5 9393 14998 15647
5 1913 15206 15659
5 8069 15614 12131
5 12131 15614 16274
5 15693 9127 12257
5 12257 15398 15693
5 1269 1294 1321
5 14793 1269 1321
5 1282 1310 1261
5 15618 604 593
5 15619 1167 15585
5 15490 15619 11808
5 15557 1167 1210
5 12145 15620 1920
5 16373 14865 8059
5 5812 13014 14397
5 15201 15621 16190
5 16225 16190 15621
5 3421 11277 13992
5 1913 15681 15567
5 14448 3089 15239
5 1214 1238 15601
5 15512 1692 15612
5 15472 16175 6967
5 668 673 15635
5 1167 15619 15490
5 1692 15590 15529
5 15137 1265 15658
5 15693 15033 9127
5 15576 15643 3121
5 15518 3121 15643
5 1703 15621 15201
5 16482 15653 15697
5 3126 15248 15599
5 14076 12167 5802
5 15114 5887 5198
5 707 11516 15255
5 15646 1703 15201
5 4523 14266 15584
5 12205 15647 15280
5 735 15648 15516
5 16460 12724 6981
5 1919 12724 16460
5 3848 1969 15432
5 15332 15618 593
5 15689 15399 1711
5 15618 6159 604
5 16171 6978 15076
5 8069 16279 15614
5 15657 15464 1703
5 16204 12893 15399
5 15658 1299 12902
5 12313 1696 16492
5 16367 14800 7172
5 15677 15659 16459
5 15534 14973 8070
5 15674 12251 11374
5 12251 15674 11454
5 15322 14504 934
5 15667 16191 13014
5 15673 3190 16159
5 15673 1561 3190
5 15524 11454 15674
5 15491 16191 11906
5 11906 16191 5550
5 1913 15659 15677
5 14504 15177 934
5 6970 14164 11454
5 2922 7160 7185
5 13603 15681 1913
5 15677 13603 1913
5 1120 16151 15540
5 1238 1214 1210
5 1214 15557 1210
5 694 14650 15096
5 13518 13216 3086
5 13518 15121 13216
5 15598 16164 12082
5 12205 11937 16159
5 12205 16159 3190
5 13603 14904 15681
5 16460 1920 15040
5 11277 3421 14504
5 15561 15685 9127
5 6968 14904 16175
5 6968 16175 15238
5 1696 15689 15221
5 6970 16149 14164
5 14705 16149 6970
5 15516 15648 731
5 505 15033 15693
5 15693 15398 505
5 1703 14164 15657
5 15221 1711 10083
5 15646 11454 14164
5 16474 6969 15475
5 15526 5076 10776
5 16395 687 696
5 5212 14964 5348
5 14808 11121 14785
5 7995 8074 15670
5 11533 15514 791
5 16316 15696 12944
5 11121 13640 8011
5 16146 16149 6971
5 12331 3103 11658
5 16231 3121 15518
5 6966 16488 15471
5 5814 16229 16189
5 16358 16164 15598
5 14772 16224 14632
5 14658 8260 16188
5 5540 3103 16228
5 16205 3317 16173
5 15634 16369 16471
5 14620 15672 16340
5 15694 16371 16365
5 16371 15694 16367
5 16282 16271 16270
5 16264 7154 15312
5 16274 16279 15395
5 496 7760 519
5 1917 13423 16464
5 15695 14865 16373
5 7994 11791 15376
5 16475 14973 16472
5 15697 14973 16475
5 12344 10803 16279
5 7177 16275 16278
5 15696 16316 8063
5 15694 2926 7996
5 16201 15670 15672
5 8064 16211 8063
5 16316 8064 8063
5 16167 5537 3103
5 16167 16223 5537
5 3862 16229 5814
5 16228 5830 4034
5 12167 16192 4574
5 14154 16232 16166
5 5537 16228 3103
5 1303 1314 2227
5 12421 14110 1071
5 16226 4627 15299
5 4564 16313 4600
5 4628 4627 16226
5 3116 3111 8273
5 1217 1256 1239
5 4613 4563 4629
5 16283 1239 1249
5 16225 15621 16193
5 8248 12675 5817
5 12675 3844 5845
5 12675 5845 5817
5 4036 7557 5863
5 15132 4015 16229
5 8248 5817 16223
5 2920 16266 16281
5 4629 3834 4035
5 4562 5837 3831
5 4566 13929 5818
5 16339 15588 14463
5 5853 7556 5830
5 8267 14579 15329
5 5853 5537 16223
5 15599 15248 16227
5 7175 14620 3861
5 3091 8248 16223
5 8267 9261 14579
5 16233 3116 8273
5 5830 16228 5537
5 1023 1051 5289
5 7155 14119 15526
5 3094 3116 16233
5 503 509 491
5 5837 16270 16271
5 16270 16340 16282
5 5847 7530 16274
5 16280 14380 15242
5 5818 13929 16275
5 3852 3834 16268
5 14878 16326 16277
5 3852 16268 16278
5 1268 1269 15601
5 5845 14575 3840
5 16269 16268 3834
5 8001 16268 16269
5 15432 1969 16269
5 7168 16278 16268
5 16268 8001 7168
5 3848 15432 4563
5 5863 5847 4591
5 7530 5863 7532
5 5289 1051 13201
5 5847 16274 15395
5 1061 1051 4014
5 16267 3840 14575
5 16328 16270 5837
5 5839 4627 4628
5 13201 1056 5076
5 15614 16279 16274
5 7184 7532 7557
5 16274 7530 7532
5 16274 7532 12131
5 16264 15312 4027
5 3852 5821 4035
5 3831 16271 16272
5 3834 3852 4035
5 7551 2926 7556
5 7548 7170 10846
5 16271 3831 5837
5 5847 5863 7530
5 5847 4600 4591
5 16471 16205 11835
5 1249 1268 1238
5 1264 1294 1268
5 7556 2922 4034
5 7551 7556 5853
5 4027 16357 16264
5 4562 16358 15598
5 16328 16227 15248
5 5802 4574 4577
5 14448 16232 3089
5 1150 5507 16230
5 16313 4564 15298
5 16326 4574 16230
5 16192 16230 4574
5 16190 16225 14772
5 4629 8273 4613
5 16357 11964 5550
5 15518 5863 16231
5 8244 4036 5863
5 4037 4577 4574
5 8273 4629 4035
5 4613 4585 4563
5 11879 4600 5847
5 4585 4613 3111
5 16226 16193 16314
5 16193 16226 15299
5 4574 16326 14878
5 4035 16233 8273
5 4563 4585 4564
5 16223 14986 5853
5 16222 5825 5540
5 16233 4035 5821
5 5821 13929 4566
5 7548 10846 5814
5 16230 5507 16326
5 16233 5821 4566
5 8273 3111 4613
5 12167 1561 16192
5 3092 8267 14453
5 16232 14657 16166
5 16233 4566 3094
5 4036 8244 8260
5 4591 16231 5863
5 4600 16231 4591
5 15667 5812 16357
5 16232 5862 14657
5 5853 5830 5537
5 5515 16189 11371
5 16231 4600 16313
5 5814 16189 7688
5 16189 16229 11371
5 15140 5873 16276
5 5873 15041 16276
5 16225 5873 14772
5 15041 5873 16225
5 541 15198 570
5 16372 16212 16367
5 15672 8007 16478
5 16368 16489 15112
5 15641 16369 15634
5 16368 16473 16369
5 16478 16201 15672
5 16477 16371 16212
5 15697 15653 14570
5 15672 8074 16340
5 15136 15683 7168
5 15682 15136 8001
5 15157 15644 16204
5 16373 8059 15696
5 1294 1269 1268
5 10331 15431 10471
5 11266 12084 1838
5 16395 701 691
5 15267 16314 15356
5 691 701 709
5 731 3465 14648
5 11985 3184 747
5 684 16395 677
5 15641 16368 16369
5 16370 15683 15136
5 1928 12084 11266
5 15446 14119 7155
5 11456 12642 16158
5 5561 16464 16162
5 16164 10788 12082
5 5561 16162 1723
5 10033 7771 16312
5 15282 16147 16167
5 8248 11493 3092
5 16229 4015 11371
5 493 503 491
5 16162 16180 16179
5 16199 16178 16478
5 1716 16173 3317
5 16473 16471 16369
5 16486 16365 16371
5 16212 16372 15067
5 12309 11474 16472
5 16212 16371 16367
5 16365 16209 15686
5 16213 16375 16208
5 16479 15088 8056
5 8056 15472 16479
5 16487 16483 6971
5 16482 14926 16374
5 5622 15645 16374
5 16210 15696 13599
5 12104 8003 11288
5 12213 7273 16277
5 16475 16184 16171
5 16478 8007 16199
5 16213 7991 16375
5 16213 11474 6246
5 16477 16212 16176
5 16373 16372 15695
5 15157 16366 15679
5 7995 15670 16207
5 16373 15696 16210
5 14799 16476 16206
5 16150 15076 15649
5 3472 16158 16183
5 1712 11861 16174
5 16476 14799 16179
5 16182 3480 16181
5 16479 15472 6967
5 16209 16365 16486
5 16464 16180 16162
5 16312 16152 2568
5 16482 16171 15076
5 6978 16171 16184
5 16184 6981 6978
5 16472 16184 16475
5 6981 16184 16181
5 16472 16181 16184
5 6968 15238 16474
5 15238 15670 16474
5 16177 16489 13872
5 16177 15112 16489
5 16486 16477 16176
5 16183 12642 16176
5 16201 16474 15670
5 16208 14679 7516
5 16366 16206 16370
5 3472 16211 16180
5 16211 16179 16180
5 16181 16472 11474
5 16476 16370 16206
5 14804 16484 16160
5 15328 16209 16486
5 16483 15280 6971
5 16486 16371 16477
5 16208 7516 16213
5 13599 8063 16211
5 16482 1712 14926
5 3472 13599 16211
5 16209 16172 16489
5 16210 3472 16183
5 11997 16473 3489
5 16183 16176 16212
5 16183 16212 15067
5 3472 16464 13423
5 16312 1716 11811
5 15567 15681 16461
5 16152 16189 5515
5 1138 1162 1148
5 16157 16486 16176
5 12082 10788 15409
5 1150 1116 1156
5 9209 16461 12235
5 1132 1162 1138
5 16149 16146 11989
5 16312 11811 10033
5 1116 1142 1156
5 1142 1116 1123
5 1120 1116 1150
5 1561 15506 16192
5 16189 16152 16312
5 8967 5561 3094
5 15647 14998 16146
5 11493 1916 3092
5 6970 11987 16178
5 16174 5622 16374
5 1723 16179 14799
5 6965 15512 16463
5 16179 1723 16162
6 2895 2508 5991
6 16355 6785 16136
6 16134 12261 10018
6 9053 3162 3742
6 12917 10002 806
6 7857 5874 5659
6 11350 3131 4150
6 6490 10219 5991
6 10935 674 678
6 678 674 6252
6 1603 808 9070
6 16140 16135 824
6 8363 15575 15578
6 5019 9289 2898
6 7856 16142 16143
6 5017 3609 8163
6 7372 1040 1018
6 6182 3315 6572
6 6980 12863 10727
6 7891 10240 3576
6 8677 6575 6568
6 4323 3998 2502
6 7005 14982 15523
6 5183 5492 669
6 11227 7114 10283
6 5017 8163 9277
6 1809 2875 3785
6 15348 8217 7866
6 5718 16023 12751
6 676 669 4832
6 676 5183 669
6 7117 6931 2514
6 2696 1031 1836
6 1836 1031 3952
6 7230 9435 3488
6 1836 3952 12521
6 7230 8923 8636
6 3468 2354 6937
6 4963 2354 3468
6 1019 2669 16196
6 4963 3468 2149
6 5356 896 986
6 896 7025 986
6 6312 8670 1934
6 4969 9141 2128
6 10856 3857 1934
6 10856 1934 2594
6 2506 10283 2083
6 16355 16136 16139
6 2513 2512 7118
6 9214 3704 2502
6 2632 8975 2751
6 4555 24 6575
6 24 2962 6575
6 1347 1344 3211
6 4026 6986 12186
6 866 804 3760
6 5534 6574 5919
6 2895 8788 3206
6 12012 7453 3572
6 4809 16133 16131
6 4199 16133 4809
6 632 2149 4575
6 9053 3127 3162
6 15732 4097 5494
6 4696 8975 2632
6 2657 3878 3837
6 3878 2117 3837
6 4138 8235 2722
6 4766 5091 9228
6 3169 3966 3508
6 4093 3169 2899
6 3206 2508 2895
6 2329 1580 1572
6 1572 1580 2252
6 3206 8788 2897
6 2333 3488 4995
6 2679 9809 4269
6 6018 4399 9606
6 7256 8636 7214
6 2638 6414 2894
6 5983 9242 9505
6 3329 953 3131
6 1628 2333 953
6 6569 6936 9768
6 10219 1628 953
6 6158 5091 3351
6 5755 6661 4204
6 4062 8147 9606
6 9378 8783 3841
6 9378 5230 5604
6 5604 5230 9092
6 6194 9228 11912
6 9616 4150 5782
6 4370 6805 10407
6 2575 2207 5497
6 8794 9068 2875
6 2816 2491 6751
6 3585 2116 2295
6 1628 10219 6490
6 1628 6270 2333
6 6617 7755 4247
6 24 3320 2962
6 4555 15578 24
6 5991 10219 3169
6 5991 3169 4093
6 3050 5299 2816
6 7188 4269 9809
6 10313 5695 2960
6 1343 3420 3380
6 3401 6990 6664
6 4932 3315 585
6 2333 4995 5782
6 6043 16013 3620
6 7889 7868 16142
6 3570 11062 4396
6 3574 4057 6785
6 4323 3624 795
6 2894 4766 2638
6 7525 2508 3206
6 3206 2897 6814
6 7431 5132 5490
6 7431 9294 5739
6 3508 9606 4399
6 3841 6194 4323
6 3165 3305 4178
6 8975 3837 2751
6 4178 3305 8020
6 676 10856 675
6 676 675 5183
6 7107 3162 6990
6 10935 3742 7107
6 676 4832 10856
6 16069 5177 3393
6 4537 5919 6574
6 4537 6574 6022
6 5462 12983 2960
6 2575 4761 7207
6 8670 6733 4153
6 7973 10005 4704
6 5462 2960 3127
6 4696 3928 3164
6 3928 5113 3164
6 15734 4157 15730
6 8783 9228 6194
6 866 3760 896
6 3797 22 2930
6 2751 5605 7214
6 2170 4062 3545
6 15734 4158 4157
6 3935 4157 4158
6 4097 658 5492
6 3660 7756 2628
6 6733 4995 3488
6 6733 8670 4995
6 5497 2207 6567
6 2207 4961 6567
6 4363 2115 4269
6 6182 6572 4363
6 2120 4696 3164
6 4093 1580 2329
6 7977 5781 22
6 1934 2291 5864
6 4073 6078 2123
6 6078 7267 2123
6 7418 4073 2123
6 5843 3095 4051
6 542 6839 9547
6 6195 1954 2651
6 1954 1836 2651
6 3893 2128 2117
6 5133 3760 804
6 5133 804 3424
6 3211 1344 3380
6 8923 2632 2751
6 4138 2120 3580
6 2772 3580 2120
6 3424 804 1603
6 4404 9570 4405
6 3424 1603 2483
6 15733 4157 10680
6 7378 2139 2329
6 4073 4344 6078
6 9717 8805 16137
6 9717 16137 5749
6 2502 3704 3624
6 4995 8670 7306
6 634 1908 614
6 2679 4269 2658
6 2658 4269 7152
6 3263 9309 1428
6 6022 6574 2853
6 2502 3624 4323
6 4172 4603 14722
6 4138 3580 2569
6 5755 4437 4852
6 4058 2128 3893
6 2116 3585 7256
6 10286 3572 4054
6 5230 6619 795
6 795 6619 3841
6 3966 2588 3508
6 4869 9606 2588
6 2588 9606 3508
6 3998 7148 3218
6 3837 2117 4702
6 15733 8209 5177
6 7372 3541 3737
6 2894 4993 5316
6 2594 2295 3330
6 6046 2658 8006
6 8363 15578 4555
6 4832 3785 10856
6 9289 4656 9302
6 8874 16138 2720
6 4151 4156 8201
6 6820 4288 14722
6 11356 6566 6673
6 7446 4969 2128
6 4671 3351 5906
6 5676 4671 5906
6 6405 7127 3213
6 6405 3213 5628
6 953 4605 3131
6 4150 3131 4605
6 7499 1665 7278
6 7278 1665 4419
6 3050 6575 5299
6 3050 4555 6575
6 4621 5518 630
6 11134 6567 8490
6 10457 16127 7013
6 3127 2960 3672
6 1666 5353 4828
6 16028 16073 3889
6 16028 3889 5591
6 6571 5365 3688
6 3688 2231 6571
6 6584 7372 10183
6 1040 7372 6584
6 8109 5718 7084
6 3742 4120 6196
6 7306 9616 4995
6 11912 9228 5091
6 9309 2252 4026
6 2252 6986 4026
6 6531 4157 3935
6 16131 6531 3935
6 6414 2638 2772
6 4251 16302 7583
6 6414 2772 5685
6 1583 3928 8923
6 5019 2898 6853
6 3351 6853 2898
6 1954 7366 2696
6 4058 3305 2804
6 3841 6619 9378
6 9407 7188 5711
6 4993 6853 5316
6 7891 2598 3385
6 1954 2696 1836
6 4452 2651 1836
6 6178 16137 5768
6 4398 3576 9562
6 5355 5356 4418
6 7214 8923 2751
6 4911 8975 4696
6 4057 10286 4054
6 7454 12969 4438
6 7132 16355 9570
6 16355 7132 4056
6 8882 15577 13102
6 3351 5316 6853
6 5676 5659 3934
6 2772 2569 3580
6 6854 11912 3952
6 11134 11044 6567
6 8788 2139 5019
6 7499 4802 6931
6 1661 4802 7499
6 3165 7756 3305
6 795 3624 5997
6 3751 5894 5772
6 7583 16302 1663
6 11134 8020 4058
6 7129 2082 7500
6 3541 3218 7148
6 5604 2638 4766
6 7891 3576 8282
6 3576 4398 8282
6 4344 2116 6078
6 5298 4671 4679
6 2120 4911 4696
6 6936 6569 8299
6 4603 3773 3639
6 10262 1427 2651
6 2651 1427 6210
6 7003 1884 4976
6 1884 7003 6325
6 2231 2207 2575
6 2207 7757 7755
6 11962 4040 5789
6 2171 11962 5789
6 4893 1809 3785
6 2962 3947 6575
6 6196 4120 7024
6 3313 542 3639
6 3313 3639 3773
6 984 3541 1014
6 15575 3797 2930
6 15575 7248 3797
6 4814 1665 7500
6 4814 1666 4828
6 4419 4423 4246
6 2119 4969 2118
6 2119 2118 7256
6 7418 7212 4073
6 6195 2651 6210
6 3119 818 4336
6 6986 2252 7400
6 8788 2895 2139
6 4704 16141 7973
6 16141 10629 7973
6 3934 8590 4679
6 4679 8590 2542
6 4098 10680 4157
6 3751 896 5356
6 1603 9070 5864
6 2187 2551 10133
6 5755 7958 16138
6 10005 4852 4437
6 3575 7447 3573
6 809 4054 808
6 10035 11044 11134
6 10005 2598 4852
6 8466 16302 5539
6 5353 7100 5899
6 9407 2853 7188
6 9294 5490 5743
6 5743 4161 9294
6 10320 7427 14092
6 3385 9265 4446
6 4178 8020 8490
6 15348 7866 4446
6 16302 2088 11911
6 9068 3857 3785
6 3889 16073 16072
6 16073 16115 16072
6 556 3639 542
6 2207 7755 4961
6 7212 1908 4073
6 4097 5492 5494
6 4423 12371 3756
6 4651 16069 3393
6 5826 10569 5546
6 5546 10569 5181
6 632 4963 2149
6 4156 5488 632
6 7042 4537 3746
6 4537 5997 1532
6 4649 9407 5711
6 9008 2594 3330
6 16071 16070 9640
6 15735 9640 16070
6 3934 4679 4671
6 7042 3746 5230
6 4327 6584 10183
6 7000 4649 5711
6 5587 4651 3393
6 3755 8874 2720
6 4893 3785 4832
6 4666 16138 9188
6 585 4363 4269
6 4896 16075 606
6 4896 606 10505
6 15730 16072 5939
6 15730 5939 15734
6 647 6751 7024
6 16069 16027 16072
6 16072 15730 16069
6 2804 3660 7446
6 5618 7731 1348
6 1350 1348 7731
6 3878 2657 6046
6 6046 2117 3878
6 2508 3164 5113
6 16027 9986 5017
6 4150 871 901
6 11534 901 871
6 5185 16133 4199
6 5185 4199 5820
6 3508 4399 2899
6 9313 2899 4399
6 16130 662 645
6 4963 645 662
6 5488 645 632
6 645 4963 632
6 3746 9407 4744
6 5230 3746 4744
6 5782 4995 9616
6 9809 2569 5711
6 3704 3119 5997
6 7075 4809 16131
6 11713 4809 7075
6 2194 4616 3313
6 2121 8478 7525
6 16122 16127 16119
6 5714 8109 7084
6 10114 3755 10383
6 5025 8118 13185
6 4398 4852 2598
6 5755 4852 6661
6 9070 6312 5864
6 15539 5820 7011
6 9265 11636 4446
6 630 5518 4893
6 6929 11636 10243
6 630 642 4097
6 630 4893 642
6 15734 4159 4158
6 4744 4649 9092
6 9557 6400 5789
6 7112 9781 6572
6 7953 5177 8209
6 3393 5177 7953
6 10394 6918 6638
6 582 9354 3615
6 16029 16068 5511
6 3615 16119 582
6 2086 12413 10283
6 16029 5511 16014
6 16013 6043 12729
6 4671 5298 6158
6 4651 16013 12729
6 12521 6158 5298
6 12186 6986 2287
6 6567 4961 8490
6 4649 7000 9092
6 4744 9407 4649
6 5230 4744 9092
6 6937 2354 3401
6 4415 11832 4406
6 8712 8478 2121
6 7024 2491 6918
6 8854 16014 16030
6 1676 6820 3639
6 6751 2491 7024
6 2118 9461 7267
6 8674 5983 4404
6 5019 2897 8788
6 2508 6490 5991
6 5741 4151 4098
6 7924 5741 4098
6 6290 5457 7626
6 7626 5457 5183
6 663 4120 678
6 7024 4120 663
6 10262 2651 2792
6 4452 2792 2651
6 9505 5361 5984
6 10980 5355 4415
6 4702 2117 2128
6 10383 3755 5358
6 2170 3371 4062
6 2506 901 11534
6 901 11350 4150
6 15452 12462 16125
6 3211 7003 4976
6 4976 5689 3211
6 12637 16145 14420
6 6270 1628 5113
6 5459 6247 12367
6 6252 5184 8291
6 9448 7597 2287
6 16133 4092 5741
6 5490 8946 5743
6 5741 4156 4151
6 12413 2669 10283
6 669 5492 658
6 1954 6980 7366
6 11227 11534 8528
6 6929 6928 2082
6 6928 7500 2082
6 5452 5185 5820
6 5714 3603 8109
6 11134 4058 3893
6 7282 568 596
6 568 9278 596
6 7282 596 7076
6 16138 7958 2720
6 2329 2139 2895
6 2895 4093 2329
6 4452 1836 2140
6 1836 12521 2140
6 7282 10796 568
6 568 12824 9278
6 2588 3329 4869
6 10219 3966 3169
6 10394 6196 7024
6 7024 6918 10394
6 12825 8862 6780
6 16118 8862 12825
6 867 15035 843
6 867 843 3704
6 3704 843 3119
6 7016 16125 12462
6 5546 4434 5826
6 5492 5628 5494
6 16139 4405 9570
6 7757 2231 3688
6 7757 2207 2231
6 16069 15730 5177
6 7731 10407 1354
6 5676 3934 4671
6 16128 3408 10631
6 10622 10631 3408
6 4336 12983 5344
6 807 12983 4336
6 16128 9656 7007
6 1884 6980 4370
6 5497 6567 6566
6 11044 6566 6567
6 5782 4150 4605
6 658 4832 669
6 2894 2897 4993
6 2897 5019 4993
6 16130 670 662
6 662 670 4788
6 613 9278 6751
6 7076 613 10622
6 2724 8805 3690
6 6918 1453 4932
6 4932 1453 3315
6 1453 6572 3315
6 5591 16024 11104
6 16025 3618 3616
6 16120 16129 7091
6 3206 6814 7525
6 4537 7042 795
6 4537 795 5997
6 8291 5815 5185
6 8946 5042 5743
6 866 5772 16140
6 866 3751 5772
6 5738 4158 4159
6 4156 5741 5488
6 12200 8916 2672
6 8916 4538 2672
6 5755 16138 4666
6 5755 4666 8846
6 8291 5184 5815
6 3213 8944 5197
6 8944 5460 5197
6 16140 824 835
6 835 824 804
6 4963 4788 7107
6 10394 6638 5534
6 3380 1344 1343
6 9277 16027 5017
6 8670 4153 1934
6 1934 4153 2594
6 12371 10197 3756
6 7016 10817 15539
6 568 10796 548
6 3095 2628 25
6 4051 3095 25
6 4051 25 4140
6 4140 25 4288
6 15578 15575 2930
6 6178 4204 3792
6 6178 2723 4204
6 6188 4932 585
6 6854 6194 11912
6 2361 6196 10394
6 7100 5353 1666
6 1603 5864 2483
6 7129 1665 7499
6 9053 3742 6196
6 3320 3688 5365
6 2962 3320 5365
6 5894 4406 4405
6 2114 3660 3095
6 1427 10262 5068
6 5820 4199 6251
6 5820 6251 7011
6 6195 6210 4332
6 4161 5743 5738
6 5738 15737 4161
6 12186 2287 7597
6 7306 8670 9070
6 3169 3508 2899
6 1040 8686 907
6 3620 6417 10796
6 2088 16302 4251
6 10197 5768 3756
6 2088 4251 8938
6 2443 5539 9242
6 5894 5355 10980
6 4405 16139 4411
6 4405 4411 5894
6 658 4893 4832
6 7282 3620 10796
6 9268 1489 16197
6 4336 818 807
6 807 818 3570
6 2638 5604 7737
6 6839 552 9337
6 552 3399 9337
6 3572 7356 4054
6 814 7306 9070
6 7453 7356 3572
6 1347 5618 1348
6 907 5358 965
6 907 965 1040
6 4704 7471 16141
6 4538 12018 5361
6 4098 4157 6531
6 16131 4098 6531
6 5587 16013 4651
6 5782 4605 953
6 953 2333 5782
6 6638 6574 5534
6 1583 7230 3488
6 1583 8923 7230
6 6661 4398 3792
6 6661 4852 4398
6 4397 10025 4706
6 7889 4706 10025
6 16355 16139 9570
6 15733 8201 8209
6 4160 15732 5628
6 4160 15736 15732
6 7446 3660 2114
6 7977 3853 5781
6 5676 5906 10179
6 6568 3947 9501
6 6568 9501 6569
6 4160 4161 15735
6 4160 5739 4161
6 5605 3837 4702
6 4344 2295 2116
6 9278 2816 6751
6 3574 6785 4056
6 16355 4056 6785
6 9606 4869 4062
6 2119 5605 4702
6 953 3329 2588
6 953 2588 3966
6 1572 2252 3263
6 3263 2252 9309
6 3371 2863 2551
6 16134 8946 12261
6 3315 6182 585
6 6414 5685 2121
6 12979 5361 9242
6 2657 3837 8975
6 3380 6229 4327
6 3420 6229 3380
6 1884 6325 8206
6 5547 4656 1572
6 9070 8670 6312
6 1583 3488 2333
6 6772 5899 2720
6 2894 6414 6814
6 2632 3928 4696
6 839 5695 829
6 3572 3573 7450
6 3573 3572 3574
6 10018 5455 6250
6 6574 6188 2853
6 6312 1934 5864
6 7446 11160 4969
6 9053 5462 3127
6 6325 3211 3380
6 2512 9716 9824
6 4961 7755 6617
6 795 7042 5230
6 5091 5316 3351
6 7000 5711 2569
6 9501 8299 6569
6 3624 3704 5997
6 4153 6733 2594
6 2594 6733 2295
6 9707 5460 7127
6 1665 7129 7500
6 7499 2082 7129
6 10509 8247 4409
6 5344 2361 1532
6 7152 4269 2115
6 3773 23 2194
6 2508 5113 6490
6 2895 5991 4093
6 5711 7188 9809
6 7000 2772 2638
6 7737 9092 7000
6 596 613 7076
6 11911 2672 5539
6 9435 7230 8636
6 7418 4140 1676
6 6733 3488 9435
6 16074 5587 3393
6 16417 571 2977
6 571 16417 9233
6 16120 12123 16129
6 9663 9233 16417
6 5457 5460 9707
6 6247 5197 12367
6 16122 3615 16116
6 3773 4172 23
6 2117 6673 3893
6 7075 7947 5042
6 4096 5042 7947
6 3742 3162 7107
6 16137 12578 5749
6 6733 9435 2295
6 7356 814 4054
6 7453 814 7356
6 2772 7000 2569
6 6018 9313 4399
6 7498 16125 13398
6 5864 2291 2483
6 2894 5316 4766
6 16302 11911 5539
6 3575 3574 4056
6 3575 3573 3574
6 4397 3576 10025
6 7889 10025 3576
6 16026 5012 3614
6 16026 8854 5012
6 904 984 2503
6 904 3218 984
6 15519 15548 7009
6 1884 10064 12863
6 5769 16139 16136
6 15523 5460 5457
6 5457 7015 15523
6 922 3760 5133
6 4993 5019 6853
6 1031 6194 6854
6 4976 1884 4370
6 11607 7013 6290
6 6290 7626 666
6 666 7626 675
6 4404 4405 4406
6 4058 2804 2128
6 4406 8674 4404
6 2575 6936 2231
6 7583 16195 2086
6 12863 10064 3737
6 1676 3639 7126
6 7107 6990 3401
6 809 808 1603
6 2672 4538 12979
6 6935 8938 7119
6 7048 3545 3329
6 2361 10394 5534
6 4172 3773 4603
6 5605 2751 3837
6 1884 8206 10064
6 5068 10262 2792
6 5068 2792 8977
6 4140 4288 6820
6 6980 1884 12863
6 3609 16118 7730
6 8478 3164 2508
6 8478 2508 7525
6 7132 3690 4056
6 3998 2696 7148
6 3541 7148 7366
6 3857 2291 1934
6 4423 3756 5984
6 7207 4761 7152
6 1346 3267 1345
6 3371 2170 7238
6 3267 9557 5789
6 5739 4160 11700
6 3841 4323 795
6 5739 11700 3213
6 4671 6158 3351
6 4419 4246 1661
6 6196 2361 9053
6 5983 8674 2443
6 10821 8674 11832
6 7207 7152 2115
6 2594 9008 10856
6 675 7626 5183
6 7418 4051 4140
6 8020 3305 4058
6 9265 10629 11636
6 7366 7148 2696
6 7924 16133 5741
6 1572 7378 2329
6 10509 4409 8805
6 12123 4469 16346
6 16121 5130 12751
6 3267 2337 9557
6 7630 2337 3267
6 3213 5197 7431
6 3213 7431 5739
6 7448 3545 7048
6 2082 7972 7117
6 7972 2082 7499
6 9313 10699 6986
6 600 632 4575
6 10361 8201 10102
6 5628 15732 5494
6 7132 2724 3690
6 3263 5547 1572
6 4057 16135 16136
6 6245 7075 12941
6 8590 3067 7596
6 6936 8299 2231
6 2977 571 4575
6 2491 1453 6918
6 3050 2816 9278
6 1453 2491 2816
6 7112 6572 1453
6 4656 7378 1572
6 16124 8163 14637
6 2354 7107 3401
6 16120 7084 7618
6 7618 4469 16120
6 8172 11636 6929
6 1908 4344 4073
6 2361 5534 1532
6 7117 8172 2082
6 3742 10935 4120
6 7076 3408 8862
6 7737 7000 2638
6 9378 5604 4766
6 12776 2542 4452
6 4452 2542 2792
6 5983 2443 9242
6 1031 2696 3998
6 2512 9824 12200
6 7427 7114 14092
6 7427 2085 7114
6 2171 10569 5826
6 8261 16068 15736
6 16030 16068 8261
6 4417 1018 1002
6 1018 1040 1002
6 10764 5455 10018
6 7010 5455 10764
6 5452 8291 5185
6 2503 984 1489
6 5452 5737 8291
6 3218 3541 984
6 3545 4869 3329
6 7450 12012 3572
6 3305 7756 3660
6 9501 3947 6571
6 9501 6571 8299
6 9823 5547 7857
6 11227 10283 2506
6 7025 896 922
6 5983 8247 4404
6 6582 7009 11621
6 4616 4621 606
6 15731 16075 4896
6 573 4616 606
6 606 16075 3399
6 573 606 3399
6 8862 16118 12679
6 2722 2679 2657
6 7119 12539 6935
6 7005 12746 16129
6 2962 6571 3947
6 2962 5365 6571
6 16196 2669 11751
6 11751 2669 12413
6 5983 9505 4409
6 6772 7958 4204
6 11832 8466 10821
6 3690 4059 9139
6 12983 10313 2960
6 7973 10629 9265
6 5738 5743 4096
6 3797 7977 22
6 3797 2977 7977
6 9824 4802 8916
6 2140 12521 5298
6 8006 2658 4761
6 4246 4423 12018
6 3751 5356 5355
6 3585 8636 7256
6 6617 4178 4961
6 7448 2170 3545
6 2514 14165 8526
6 7431 5490 9294
6 2672 2088 12200
6 12376 10320 14092
6 7214 2119 7256
6 10838 6252 5737
6 9656 5737 7007
6 16128 6780 3408
6 8862 3408 6780
6 7498 13398 7011
6 5695 8504 2960
6 5462 9053 2361
6 5462 2361 5344
6 5025 12524 8118
6 4911 4138 8975
6 11713 7075 6245
6 11713 6245 6251
6 3371 2551 8147
6 8674 4406 11832
6 5659 3067 3934
6 3934 3067 8590
6 984 1014 1489
6 2114 3095 5843
6 10796 6417 13511
6 6078 2118 7267
6 2116 2118 6078
6 804 809 1603
6 4404 8247 2724
6 6566 4761 5497
6 10361 9233 16074
6 600 4575 571
6 600 571 10361
6 7005 15523 7015
6 6581 7015 7013
6 7005 7015 6581
6 12367 5460 15523
6 7015 5457 6290
6 839 10114 879
6 839 879 5695
6 9188 16138 8874
6 9823 5676 9302
6 5906 3351 2898
6 8862 7282 7076
6 7119 13883 15410
6 15410 12539 7119
6 9092 7737 5604
6 8846 11062 4437
6 4423 4419 9312
6 9312 12371 4423
6 7891 3385 7866
6 7866 3385 4446
6 4437 4704 10005
6 15577 15575 8363
6 15577 8363 4555
6 8975 4138 2722
6 16027 16023 5256
6 3755 10114 8874
6 3760 922 896
6 675 9008 666
6 10197 6178 5768
6 16417 2977 11971
6 16130 5184 670
6 5132 5197 6247
6 7431 5197 5132
6 2252 1580 7400
6 7084 16120 5714
6 2115 4363 6572
6 8938 2085 7427
6 5130 5718 12751
6 3614 16117 3619
6 16117 5714 7091
6 3785 3857 10856
6 12979 9242 5539
6 2672 12979 5539
6 1031 3998 4323
6 1031 4323 6194
6 5130 16347 7084
6 6178 12578 16137
6 10197 2723 6178
6 9008 675 10856
6 6270 1583 2333
6 871 4150 9616
6 13819 11566 6929
6 2514 14007 7117
6 8526 14007 2514
6 2513 14165 2514
6 5755 8846 4437
6 9435 3585 2295
6 3585 9435 8636
6 5983 4409 8247
6 4093 2899 1580
6 5025 13185 7630
6 1346 7630 3267
6 1349 7630 1346
6 12925 2337 8118
6 808 4054 814
6 2863 6400 12925
6 7076 10622 3408
6 5299 6575 8677
6 8677 7112 5299
6 7119 8938 7427
6 5738 4096 4158
6 8235 2679 2722
6 8712 2120 3164
6 5685 8712 2121
6 1532 5919 4537
6 5534 5919 1532
6 4761 2658 7152
6 6619 5230 9378
6 11486 16142 7454
6 10361 571 9233
6 7454 4706 11486
6 9228 8783 4766
6 556 542 9547
6 9547 6839 16025
6 2123 5843 4051
6 2123 4051 7418
6 2123 7283 5843
6 7118 8956 12539
6 3853 2977 4575
6 573 3313 4616
6 573 552 3313
6 3330 4344 1908
6 6417 5589 9663
6 15542 5455 7010
6 2804 7446 2128
6 9716 2512 2513
6 613 6751 631
6 613 631 10622
6 6980 10727 7366
6 12824 8882 9278
6 5025 7630 12523
6 634 650 1908
6 650 3330 1908
6 4437 11062 4704
6 10764 10018 6247
6 6582 11621 7008
6 7008 11621 15548
6 8946 16134 5042
6 9407 3746 6022
6 1429 7597 9448
6 6638 6918 4932
6 3737 12374 7372
6 9141 4702 2128
6 9461 4969 11160
6 8235 9809 2679
6 3131 5181 7048
6 5184 4092 5815
6 5465 12440 10580
6 4370 1954 6195
6 16024 5012 5020
6 8923 3928 2632
6 5299 7112 1453
6 5299 1453 2816
6 2875 9068 3785
6 16125 7498 13021
6 10838 5737 9656
6 12983 5462 5344
6 1532 3119 5344
6 16025 9354 9547
6 5899 3754 5353
6 4097 642 658
6 642 4893 658
6 6936 2575 7207
6 4056 9139 3575
6 4056 3690 9139
6 4969 2119 9141
6 2119 4702 9141
6 7214 5605 2119
6 5789 4040 3267
6 5316 5091 4766
6 7372 1014 3541
6 16198 1489 1014
6 1014 7372 1018
6 1014 1018 16198
6 13102 15577 4555
6 5012 8854 5020
6 10991 8854 16030
6 12523 7630 1349
6 7117 14007 11636
6 3305 3660 2804
6 10018 5132 6247
6 8478 8712 3164
6 7256 2118 2116
6 7972 6931 7117
6 5183 9707 7127
6 5457 9707 5183
6 1031 6854 3952
6 4178 4247 3165
6 4178 6617 4247
6 5019 2139 9289
6 2139 4656 9289
6 1347 3211 5618
6 9302 5676 10179
6 8466 5539 2443
6 4251 2085 8938
6 3095 3660 2628
6 10064 8206 3737
6 8206 5064 3737
6 666 9008 3330
6 6569 9781 6568
6 5997 3119 1532
6 3841 8783 6194
6 6178 3792 12578
6 5185 5815 16133
6 5815 4092 16133
6 8291 5737 6252
6 2085 10283 7114
6 16346 7010 6580
6 16346 6580 12123
6 8528 11324 7936
6 6582 16347 12555
6 7891 8282 2598
6 4398 2598 8282
6 8846 4666 4396
6 6986 7400 9313
6 10699 9313 6018
6 2287 6018 2187
6 7009 11365 3412
6 3412 11365 12555
6 11832 1663 8466
6 1663 16302 8466
6 7864 16144 7447
6 4706 4438 4059
6 4438 4706 7454
6 15575 8882 7945
6 4040 1345 3267
6 2171 5826 11962
6 7453 12012 16145
6 4344 3330 2295
6 7857 1428 5874
6 5492 7127 6405
6 5492 6405 5628
6 5676 9823 5659
6 11324 8528 11534
6 634 10457 650
6 11607 10457 7013
6 13008 6400 9557
6 12018 4423 5984
6 3385 2598 10005
6 8109 3603 16024
6 7126 3639 556
6 582 7126 556
6 582 556 9354
6 9354 556 9547
6 5894 3751 5355
6 5459 10764 6247
6 12969 3575 4438
6 16071 9640 15737
6 600 10102 632
6 632 10102 4156
6 13104 15737 9640
6 5755 4204 7958
6 15730 4157 15733
6 10505 606 630
6 606 4621 630
6 15731 4896 10505
6 5589 9233 9663
6 7499 7278 1661
6 1661 7278 4419
6 15539 5452 5820
6 4138 2569 8235
6 2569 9809 8235
6 10631 10622 631
6 3380 4327 9700
6 6325 3380 9700
6 4062 3371 8147
6 3690 8805 9717
6 3313 3773 2194
6 814 844 9616
6 814 9616 7306
6 814 7453 7936
6 585 4269 7188
6 585 7188 2853
6 3385 10005 7973
6 11636 10629 10243
6 10243 13819 6929
6 7977 2977 3853
6 6572 9768 2115
6 3574 3572 10286
6 4057 3574 10286
6 4415 1663 11832
6 6936 7207 2115
6 9768 6936 2115
6 5497 4761 2575
6 7454 16142 7864
6 7856 7864 16142
6 2121 6814 6414
6 4802 9824 6931
6 600 10361 10102
6 10631 9656 16128
6 5064 6325 9700
6 8206 6325 5064
6 9606 8147 2187
6 8147 2551 2187
6 2187 6018 9606
6 4059 3690 9717
6 4537 6022 3746
6 3611 16124 16121
6 5123 16121 16124
6 14420 7858 14021
6 7858 14420 7450
6 950 2083 997
6 2506 2083 950
6 7858 13883 12376
6 4963 7107 2354
6 8975 2722 2657
6 2657 2679 2658
6 7891 7866 10240
6 4651 9986 16069
6 4097 10505 630
6 10002 4396 4666
6 10002 4666 9188
6 7450 12734 7858
6 6490 5113 1628
6 6195 4332 6805
6 16143 7868 8524
6 6673 10035 3893
6 3893 10035 11134
6 986 16196 4418
6 986 1010 16196
6 986 7025 1010
6 8528 7936 16145
6 4418 5356 986
6 6928 1489 9268
6 7450 3573 12734
6 16144 7858 12734
6 3570 4396 12917
6 843 834 3119
6 9794 834 843
6 844 871 9616
6 7107 4788 10935
6 843 15035 9794
6 10948 13793 7498
6 7009 10948 15519
6 1013 997 2669
6 2083 2669 997
6 6772 2720 7958
6 15733 10680 4151
6 4098 4151 10680
6 16070 10170 16030
6 16030 10170 10991
6 10179 5906 2898
6 10183 7372 12374
6 5064 10183 12374
6 9302 10179 2898
6 16121 5123 10221
6 10221 5123 3412
6 5689 5618 3211
6 4370 5689 4976
6 10457 634 614
6 10457 614 16119
6 12012 7450 16145
6 10114 13657 8874
6 5017 9986 4651
6 13657 9188 8874
6 11062 3570 4704
6 4251 7583 2086
6 7471 4704 3570
6 9823 7857 5659
6 813 13657 829
6 813 829 10313
6 7007 10817 9820
6 10817 7007 15539
6 866 16140 835
6 866 835 804
6 7119 7427 10320
6 13883 7119 10320
6 9407 6022 2853
6 678 6252 10838
6 678 10838 9656
6 10240 7866 10341
6 10341 7866 8217
6 904 867 9214
6 15035 904 13819
6 11518 5546 5181
6 4404 2724 9570
6 7283 2114 5843
6 8590 7596 5465
6 10916 11518 5181
6 10916 950 997
6 16070 16071 10170
6 10170 16071 5020
6 14420 16145 7450
6 16135 8823 809
6 4054 809 8823
6 4415 16195 1663
6 16195 7583 1663
6 3928 1583 6270
6 901 2506 950
6 901 950 11350
6 4406 10980 4415
6 5894 10980 4406
6 2086 10283 2085
6 6751 647 631
6 647 10631 631
6 3619 16026 3614
6 614 582 16119
6 614 7126 582
6 2724 8247 10509
6 2724 10509 8805
6 16125 7016 13398
6 4199 4809 11713
6 4199 11713 6251
6 867 3704 9214
6 8846 4396 11062
6 1908 5291 614
6 5291 1908 7212
6 818 3119 834
6 834 7471 3570
6 7471 834 9794
6 3570 818 834
6 5546 1010 4434
6 1010 7025 4434
6 8590 10580 2542
6 10580 8977 2542
6 6566 8006 4761
6 6566 11356 8006
6 9781 6569 9768
6 16126 16122 16123
6 2170 10549 6400
6 5511 16068 16030
6 5511 16030 16014
6 10283 2669 2083
6 10002 9188 813
6 6673 2117 6046
6 9312 4419 5353
6 10699 2287 6986
6 2287 10699 6018
6 15737 5738 12340
6 10102 8201 4156
6 8490 8020 11134
6 3399 16068 16029
6 7859 16144 7864
6 10727 3737 3541
6 15519 6251 11922
6 11922 6251 6245
6 5291 7212 1676
6 5291 1676 7126
6 10727 3541 7366
6 3575 9139 4438
6 814 7936 844
6 4363 585 6182
6 5618 5689 7731
6 1019 5546 1013
6 1019 1013 2669
6 11324 844 7936
6 11324 871 844
6 4911 2120 4138
6 3371 7238 2863
6 2863 7238 6400
6 6935 8956 2088
6 12539 8956 6935
6 6820 4603 3639
6 7448 10569 2170
6 3935 4158 4096
6 7947 3935 4096
6 10875 10549 2171
6 5789 10875 2171
6 14023 14092 7114
6 6188 585 2853
6 6115 7248 7945
6 16131 3935 7947
6 7075 16131 7947
6 1013 11518 997
6 10916 997 11518
6 11227 2506 11534
6 663 647 7024
6 10631 647 663
6 678 9656 663
6 5020 8854 10991
6 10991 10170 5020
6 2120 5685 2772
6 16129 12123 6580
6 871 11324 11534
6 1013 5546 11518
6 11350 950 10916
6 10035 6566 11044
6 1489 16198 16197
6 2443 8674 10821
6 2443 10821 8466
6 4332 1354 6805
6 10407 6805 1354
6 4418 16195 4415
6 4415 5355 4418
6 11104 16024 5020
6 4251 2086 2085
6 7100 3755 5899
6 3952 11912 11176
6 12729 6043 3609
6 10631 663 9656
6 6839 9337 16029
6 542 3313 552
6 11700 5628 3213
6 11700 4160 5628
6 3385 7973 9265
6 2231 8299 6571
6 9214 3218 904
6 13819 904 2503
6 8805 5768 16137
6 8217 14165 7868
6 2187 10133 9448
6 11356 6046 8006
6 6673 6046 11356
6 6046 2657 2658
6 2502 3998 3218
6 3797 7248 2977
6 7248 6115 11971
6 16074 7953 8209
6 3393 7953 16074
6 614 5291 7126
6 7731 5689 10407
6 10569 10549 2170
6 9278 8882 3050
6 16068 16075 12920
6 6638 4932 6574
6 6574 4932 6188
6 7132 9570 2724
6 2503 6928 11566
6 13819 2503 11566
6 4411 5769 5772
6 4814 4828 1665
6 4706 4059 4397
6 813 10313 12983
6 16135 809 824
6 824 809 804
6 8209 8201 16074
6 12578 9562 5749
6 11912 5091 6158
6 11751 12413 16195
6 4418 11751 16195
6 2140 5298 4679
6 4828 5353 4419
6 4828 4419 1665
6 9824 8916 12200
6 8217 7868 7889
6 5455 5454 6250
6 15542 5454 5455
6 7010 10764 5459
6 1676 4140 6820
6 9277 8163 3611
6 7267 9461 7283
6 4417 5358 1666
6 15519 11922 5454
6 5454 11922 6245
6 9337 3399 16029
6 1428 7857 3263
6 5659 5874 3067
6 5685 2120 8712
6 5181 7448 7048
6 9562 3576 4397
6 9562 4397 5749
6 11971 2977 7248
6 12376 14092 14021
6 7858 12376 14021
6 650 666 3330
6 11607 666 650
6 666 11607 6290
6 11176 11912 6158
6 15736 15731 15732
6 2502 3218 9214
6 11911 2088 2672
6 16120 4469 12123
6 6814 2121 7525
6 7010 5459 4433
6 3131 10916 5181
6 3131 11350 10916
6 2114 11160 7446
6 3792 4398 9562
6 867 904 15035
6 8172 6929 2082
6 16129 14700 7005
6 14982 7005 14700
6 10935 678 4120
6 12261 5132 10018
6 12261 8946 5490
6 12261 5490 5132
6 5358 7100 1666
6 5358 3755 7100
6 6580 7010 4433
6 16027 9277 16023
6 16071 16028 5020
6 5020 16028 11104
6 13819 10629 15035
6 6839 542 552
6 16072 16027 5256
6 6144 11962 4434
6 13904 15542 7010
6 16073 15737 12340
6 5547 3263 7857
6 12367 5197 5460
6 3754 2723 12371
6 12963 12367 15523
6 9601 8118 1394
6 12413 2086 16195
6 8217 8526 14165
6 7003 3211 6325
6 12440 5068 8977
6 7868 16143 16142
6 3320 7757 3688
6 5126 6780 12462
6 7016 12462 6780
6 9289 9302 2898
6 2503 1489 6928
6 9461 2114 7283
6 9781 7112 8677
6 6572 9781 9768
6 5042 4096 5743
6 4656 2139 7378
6 13793 3412 7498
6 12018 4538 1661
6 12524 1394 8118
6 15735 16070 15736
6 4160 15735 15736
6 4961 4178 8490
6 3213 7127 8944
6 7127 5460 8944
6 9448 2287 2187
6 3792 9562 12578
6 3756 12614 5984
6 9505 9242 5361
6 907 879 10383
6 907 8686 879
6 907 10383 5358
6 8528 16145 12637
6 14092 14023 12637
6 3611 12751 16023
6 6785 4057 16136
6 10549 10875 6400
6 12637 14023 8528
6 7238 2170 6400
6 7400 1580 2899
6 9313 7400 2899
6 9794 16141 7471
6 5130 12555 16347
6 5017 12729 3609
6 4204 2723 6772
6 2723 3754 6772
6 12734 3573 7447
6 7005 6581 12746
6 12746 6581 16126
6 6568 9781 8677
6 7212 7418 1676
6 4969 9461 2118
6 4679 12776 2140
6 4438 9139 4059
6 8977 2792 2542
6 12340 5738 4159
6 6245 6250 5454
6 9268 7500 6928
6 7500 9268 16197
6 7011 10948 7498
6 10948 7011 6251
6 9700 4327 5064
6 5064 4327 10183
6 12863 3737 10727
6 16125 13021 10029
6 10029 5123 16124
6 10133 4114 4959
6 1394 4959 4114
6 2863 4114 2551
6 2551 4114 10133
6 4802 4538 8916
6 16068 12920 15736
6 12920 15731 15736
6 650 10457 11607
6 12925 6400 13008
6 6245 12941 6250
6 6250 12941 16134
6 5459 12367 12963
6 4433 5459 12963
6 12969 7864 7447
6 4538 5361 12979
6 16025 12716 3618
6 12716 16025 16014
6 9461 11160 2114
6 2337 13008 9557
6 12925 13008 2337
6 596 9278 613
6 14023 11227 8528
6 4434 11962 5826
6 3050 13102 4555
6 8882 13102 3050
6 15735 13104 9640
6 15735 4161 13104
6 568 6115 12824
6 568 548 6115
6 3952 11176 12521
6 6158 12521 11176
6 2863 9601 4114
6 9294 4161 5739
6 6772 3754 5899
6 13185 8118 2337
6 7630 13185 2337
6 4656 9823 9302
6 9823 4656 5547
6 12917 4396 10002
6 813 12983 806
6 1661 4246 12018
6 9716 6931 9824
6 9601 1394 4114
6 14070 6582 7008
6 16347 6582 14070
6 4802 1661 4538
6 5181 10569 7448
6 807 806 12983
6 807 12917 806
6 813 806 10002
6 12555 10221 3412
6 4651 12729 5017
6 16197 4417 1666
6 6931 7972 7499
6 8854 16026 16014
6 13398 7016 7011
6 12941 7075 5042
6 10383 879 10114
6 7889 16142 11486
6 7945 8882 6115
6 6115 8882 12824
6 5361 12018 5984
6 6661 3792 4204
6 7924 4098 16131
6 3131 7048 3329
6 5718 5130 7084
6 3756 5768 12614
6 12614 5768 4409
6 4679 2542 12776
6 6400 10875 5789
6 6673 6566 10035
6 14982 12963 15523
6 10629 16141 9794
6 9794 15035 10629
6 6115 548 11971
6 5353 3754 9312
6 839 829 13657
6 10240 7889 3576
6 10240 10341 7889
6 7889 10341 8217
6 2863 12925 8118
6 2863 8118 9601
6 15542 15548 5454
6 4409 9505 12614
6 16347 7618 7084
6 2140 12776 4452
6 16123 16117 5127
6 3619 16117 16123
6 10114 839 13657
6 7856 8524 7118
6 4059 9717 5749
6 4397 4059 5749
6 8805 4409 5768
6 10948 7009 13793
6 7009 3412 13793
6 16126 5127 12746
6 13883 10320 12376
6 2723 10197 12371
6 16197 4814 7500
6 4097 15732 10505
6 15542 13904 7008
6 13904 16346 7008
6 7214 8636 8923
6 12679 3620 7282
6 5689 4370 10407
6 16144 12734 7447
6 11621 7009 15548
6 2088 8938 6935
6 15410 7118 12539
6 15410 7856 7118
6 3119 4336 5344
6 5256 16023 5591
6 5591 16023 6050
6 10796 13511 548
6 548 9663 16417
6 11971 548 16417
6 548 13511 9663
6 11227 14023 7114
6 9820 7016 6780
6 10817 7016 9820
6 9448 4959 1429
6 4469 14070 16346
6 7858 7859 13883
6 7858 16144 7859
6 3928 6270 5113
6 10569 2171 10549
6 3615 16025 3616
6 16070 8261 15736
6 3570 12917 807
6 7618 14070 4469
6 11566 6928 6929
6 8862 12679 7282
6 16124 14637 10029
6 8686 5695 879
6 7008 15548 15542
6 12825 7730 16118
6 9505 5984 12614
6 10133 4959 9448
6 14637 7730 5126
6 15452 10029 14637
6 5123 13021 3412
6 13021 7498 3412
6 9312 3754 12371
6 7859 7864 14916
6 16121 10221 5130
6 5126 7730 12825
6 3609 7730 14637
6 14637 8163 3609
6 4433 12963 14982
6 2514 9716 2513
6 2514 6931 9716
6 12440 8977 10580
6 8590 5465 10580
6 5064 12374 3737
6 16129 6580 14700
6 4433 14700 6580
6 829 5695 10313
6 9663 13511 6417
6 8172 7117 11636
6 7859 14916 15410
6 813 9188 13657
6 5126 12825 6780
6 12523 1349 1353
6 14916 7864 7856
6 14916 7856 15410
6 8956 12200 2088
6 16124 3611 8163
6 4433 14982 14700
6 7447 3575 12969
6 11365 7009 6582
6 6582 12555 11365
6 2513 8524 14165
6 12637 14420 14021
6 13021 5123 10029
6 5126 12462 15452
6 7118 2512 8956
6 12200 8956 2512
6 5126 15452 14637
6 7856 16143 8524
6 2513 7118 8524
6 8526 15348 14007
6 13819 10243 10629
6 15410 13883 7859
6 15519 10948 6251
6 7016 15539 7011
6 15575 7945 7248
6 15575 15577 8882
6 7015 6290 7013
6 5737 15539 7007
6 15539 5737 5452
6 5454 15548 15519
6 8201 10361 16074
6 5488 16130 645
6 16115 5939 16072
6 16070 16030 8261
6 3615 16122 16119
6 4092 5184 16130
6 16135 4057 8823
6 16136 16135 5769
6 16197 1666 4814
6 4417 16198 1018
6 14092 12637 14021
6 1019 16196 1010
6 1019 1010 5546
6 16197 16198 4417
6 1002 1040 965
6 1002 965 4417
6 4418 16196 11751
6 4417 965 5358
6 8783 9378 4766
6 6568 6575 3947
6 7267 7283 2123
6 3545 4062 4869
6 662 4788 4963
6 16134 12941 5042
6 674 4788 670
6 674 670 5184
6 16131 16133 7924
6 16130 5488 4092
6 674 5184 6252
6 4788 674 10935
6 5741 4092 5488
6 16134 10018 6250
6 7127 5492 5183
6 7454 7864 12969
6 11486 4706 7889
6 11636 14007 15348
6 4446 11636 15348
6 15348 8526 8217
6 14165 8524 7868
6 10219 953 3966
6 6980 1954 4370
6 7013 16127 6581
6 5714 16120 7091
6 16128 9820 6780
6 16125 10029 15452
6 7008 16346 14070
6 7010 16346 13904
6 16126 6581 16127
6 7618 16347 14070
6 7007 9820 16128
6 5769 16135 16140
6 5772 5769 16140
6 808 814 9070
6 4411 5772 5894
6 4054 8823 4057
6 5769 4411 16139
6 866 896 3751
6 2720 5899 3755
6 3620 12679 16118
6 16116 16123 16122
6 3609 6043 16118
6 5127 16117 7091
6 3620 16118 6043
6 12746 5127 16129
6 5127 7091 16129
6 5130 10221 12555
6 2894 6814 2897
6 4370 6195 6805
6 16116 3615 3616
6 6839 16029 16014
6 7936 7453 16145
6 16126 16123 5127
6 16126 16127 16122
6 12340 4159 16115
6 16073 12340 16115
6 573 3399 552
6 5589 16074 9233
6 15733 4151 8201
6 16075 15731 12920
6 15731 10505 15732
6 13104 4161 15737
6 4159 15734 16115
6 15733 5177 15730
6 5939 16115 15734
6 3889 16072 5591
6 16072 5256 5591
6 16026 3618 12716
6 3619 3618 16026
6 16023 5718 6050
6 3611 16023 9277
6 6820 14722 4603
6 3603 3614 5012
6 5589 6417 16013
6 9354 16025 3615
6 5714 3614 3603
6 5718 8109 16024
6 3603 5012 16024
6 5591 6050 16024
6 16116 3618 16123
6 3618 3619 16123
6 3620 16013 6417
6 5718 16024 6050
6 3614 5714 16117
6 3611 16121 12751
6 3616 3618 16116
6 16127 10457 16119
6 12716 16014 16026
6 11104 16028 5591
6 5587 5589 16013
6 16028 16071 16073
6 9986 16027 16069
6 5587 16074 5589
6 16075 16068 3399
6 15737 16073 16071
6 6839 16014 16025
