1 5285 5066 0
1 5698 0 5066
1 5698 5066 524
1 13743 5698 524
1 524 4775 13743
1 4775 13744 13743
1 4775 5456 13744
1 13744 5456 1587
1 5456 4587 1587
1 13745 1587 4587
1 4587 13680 13745
1 13745 13680 5504
1 5937 13745 5504
1 13748 5937 5504
1 13748 5504 6123
1 13748 6123 925
1 13748 925 13751
1 2906 13751 925
1 13686 2906 925
1 925 5575 13686
1 1820 13686 5575
1 1820 5575 4778
1 4778 13688 1820
1 4763 1820 13688
1 5265 4763 13688
1 5265 13688 4720
1 13690 5265 4720
1 13690 4720 4833
1 13690 4833 4748
1 13690 4748 5350
1 13690 5350 6357
1 13690 6357 5265
1 4763 5265 6357
1 5406 4763 6357
1 5406 6357 5350
1 5479 5406 5350
1 5350 4748 5479
1 4748 2537 5479
1 4487 5479 2537
1 13693 4487 2537
1 13693 2537 13695
1 13693 13695 1708
1 13693 1708 648
1 5505 13693 648
1 5505 648 13701
1 3252 5505 13701
1 3252 13701 5924
1 3252 5924 2149
1 13754 3252 2149
1 13754 5505 3252
1 13754 1276 5505
1 1276 13753 5505
1 13753 6270 5505
1 6270 13693 5505
1 6270 983 13693
1 13693 983 4487
1 983 5479 4487
1 13694 5479 983
1 13694 983 6270
1 13749 13694 6270
1 6270 13753 13749
1 13694 13749 5936
1 13694 5936 2511
1 13694 2511 4668
1 6309 13694 4668
1 4668 5406 6309
1 6309 5406 5479
1 5479 13694 6309
1 4668 4763 5406
1 4668 13686 4763
1 4763 13686 1820
1 13686 4668 2511
1 13686 2511 2906
1 2906 2511 13751
1 2511 5936 13751
1 5479 13694 6309
1 13686 4668 2511
1 2511 5936 13751
1 5479 13694 6309
1 13694 983 6270
1 6270 13753 13749
1 2149 5924 13756
1 5924 5503 13756
1 4323 13756 5503
1 4323 5503 3182
1 4323 3182 1330
1 4323 1330 366
1 1330 5675 366
1 13721 5675 1330
1 3182 13721 1330
1 3182 5503 13721
1 13721 5503 598
1 598 1782 13721
1 13735 13721 1782
1 13736 13735 1782
1 13736 1782 13723
1 3293 13736 13723
1 2921 3293 13723
1 2921 13723 4686
1 2066 2921 4686
1 13715 2066 4686
1 4686 13714 13715
1 13714 4829 13715
1 4829 1939 13715
1 13715 1939 3530
1 13715 3530 8260
1 2066 13715 8260
1 8260 2456 2066
1 2066 2456 13725
1 2066 13725 2921
1 2921 13725 13737
1 3293 2921 13737
1 3293 13737 13736
1 13725 13738 13737
1 13725 6433 13738
1 13738 6433 2063
1 4667 2063 6433
1 5245 4667 6433
1 5245 6433 2456
1 2456 3609 5245
1 5245 3609 13726
1 13726 3534 5245
1 3534 4329 5245
1 5314 5245 4329
1 5314 4329 2561
1 13740 5314 2561
1 13740 4667 5314
1 4667 5245 5314
1 13740 2063 4667
1 2561 4329 13741
1 13741 4329 2989
1 1462 13741 2989
1 1462 2989 4115
1 1145 1462 4115
1 3962 1145 4115
1 13720 3962 4115
1 13719 13720 4115
1 4115 1064 13719
1 1064 4080 13719
1 13719 4080 4133
1 13719 4133 8179
1 13719 8179 3116
1 13719 3116 13720
1 3116 4838 13720
1 2652 13720 4838
1 2652 4838 2519
1 4457 2652 2519
1 4457 2519 5459
1 5044 4457 5459
1 5459 4896 5044
1 4896 825 5044
1 825 1928 5044
1 5044 1928 4457
1 1928 13728 4457
1 1068 4457 13728
1 4594 1068 13728
1 4990 4594 13728
1 1585 4990 13728
1 1585 13728 1558
1 5051 1585 1558
1 5051 1558 4416
1 5051 4416 6966
1 5051 6966 827
1 2527 5051 827
1 2273 2527 827
1 828 2273 827
1 827 8412 828
1 828 8412 4579
1 828 4579 367
1 828 367 5664
1 13742 828 5664
1 13742 2273 828
1 13742 4235 2273
1 2273 4235 2527
1 4235 5051 2527
1 1585 5051 4235
1 4235 663 1585
1 663 4990 1585
1 663 8866 4990
1 566 4990 8866
1 4143 566 8866
1 8865 566 4143
1 8865 1145 566
1 1145 4594 566
1 4594 4990 566
1 4594 1145 3962
1 13720 4594 3962
1 4594 13720 1068
1 1068 13720 2652
1 1068 2652 4457
1 1145 8865 1462
1 8865 13741 1462
1 4594 4990 566
1 8866 663 1977
1 1977 663 8867
1 663 4235 8867
1 8867 4235 13742
1 663 4235 8867
1 8867 4235 13742
1 8412 2717 4579
1 8412 826 2717
1 2717 826 1110
1 2132 1110 826
1 1107 2132 826
1 4598 1107 826
1 827 4598 826
1 8412 827 826
1 6966 4598 827
1 6966 4416 4598
1 4416 2152 4598
1 2152 1380 4598
1 1380 1107 4598
1 823 1107 1380
1 823 1380 6160
1 823 6160 3463
1 1864 823 3463
1 1864 3463 1450
1 820 1864 1450
1 820 1450 2097
1 820 2097 4815
1 4815 4758 820
1 4758 4066 820
1 4066 1864 820
1 4816 1864 4066
1 4066 821 4816
1 4816 821 3418
1 4816 3418 824
1 824 2905 4816
1 2905 823 4816
1 4816 823 1864
1 823 2905 1107
1 2905 824 1107
1 1107 824 2132
1 8166 2132 824
1 3418 8166 824
1 3046 8166 3418
1 3046 3418 821
1 821 3045 3046
1 821 260 3045
1 1292 3045 260
1 817 1292 260
1 817 260 4758
1 816 817 4758
1 816 4758 4815
1 4757 816 4815
1 2097 4757 4815
1 819 4757 2097
1 819 2097 1450
1 819 1450 4597
1 819 4597 3906
1 819 3906 4893
1 819 4893 2256
1 2256 3813 819
1 819 3813 4757
1 3813 815 4757
1 3523 4757 815
1 4718 3523 815
1 4718 815 1166
1 4718 1166 5098
1 5098 1572 4718
1 4718 1572 1289
1 1289 3523 4718
1 816 3523 1289
1 4719 816 1289
1 4922 4719 1289
1 809 4922 1289
1 1289 1572 809
1 1572 4754 809
1 809 4754 3632
1 809 3632 4755
1 809 4755 4922
1 4922 4755 810
1 5445 4922 810
1 810 742 5445
1 742 4719 5445
1 4719 4922 5445
1 817 4719 742
1 4792 817 742
1 6901 4792 742
1 742 5979 6901
1 5979 6098 6901
1 6901 6098 3044
1 3044 4792 6901
1 3044 1292 4792
1 4792 1292 817
1 3044 1919 1292
1 1919 3045 1292
1 5979 3043 6098
1 3043 5979 5620
1 3043 5620 1412
1 3043 1412 3042
1 3042 1412 805
1 3042 805 7970
1 7970 805 2128
1 7970 2128 797
1 797 3041 7970
1 949 3041 797
1 1910 949 797
1 1910 797 4020
1 1910 4020 4749
1 789 1910 4749
1 789 4749 5365
1 5365 4812 789
1 4812 811 789
1 3040 789 811
1 3040 811 3039
1 811 782 3039
1 3039 782 5988
1 782 5451 5988
1 5451 1 5988
1 1390 5451 782
1 5993 1390 782
1 5993 782 1979
1 781 5993 1979
1 3253 781 1979
1 1077 3253 1979
1 1077 1979 4812
1 1077 4812 3023
1 1077 3023 788
1 1077 788 1209
1 4119 1077 1209
1 4119 1209 5356
1 6099 4119 5356
1 4437 6099 5356
1 5356 787 4437
1 4437 787 4519
1 4437 4519 5446
1 2259 4437 5446
1 2259 5446 780
1 2259 780 5221
1 13204 2259 5221
1 5221 1589 13204
1 5221 13202 1589
1 1073 13202 5221
1 779 1073 5221
1 779 5221 4836
1 2278 779 4836
1 4836 785 2278
1 2278 785 2744
1 4860 2278 2744
1 4860 2744 1411
1 2219 4860 1411
1 778 2219 1411
1 1411 4835 778
1 4835 777 778
1 778 777 2956
1 778 2956 2265
1 2265 3877 778
1 3877 2219 778
1 1073 2219 3877
1 13201 1073 3877
1 13200 13201 3877
1 13200 3877 2265
1 2265 2956 13200
1 2956 13198 13200
1 5220 13198 2956
1 777 5220 2956
1 5220 777 5724
1 5220 5724 776
1 776 2893 5220
1 2893 13197 5220
1 5220 13197 2912
1 13198 5220 2912
1 13197 2893 1177
1 13197 1177 13196
1 1177 4118 13196
1 13196 4118 5285
1 5285 4118 5066
1 4118 524 5066
1 4118 4254 524
1 524 4254 4775
1 4254 4404 4775
1 790 4775 4404
1 4253 790 4404
1 4253 4404 5002
1 4253 5002 4920
1 4253 4920 312
1 4253 312 3953
1 2470 4253 3953
1 2470 3953 4194
1 516 2470 4194
1 8427 516 4194
1 3143 8427 4194
1 798 3143 4194
1 4194 4305 798
1 791 798 4305
1 4305 1059 791
1 1059 4765 791
1 4765 2558 791
1 2558 4766 791
1 4766 2598 791
1 791 2598 798
1 3063 798 2598
1 799 3063 2598
1 799 2598 4766
1 4545 799 4766
1 800 4545 4766
1 800 4766 2175
1 2175 4814 800
1 800 4814 4744
1 800 4744 1517
1 800 1517 4545
1 4545 1517 6178
1 4545 6178 806
1 806 799 4545
1 2960 799 806
1 2960 806 2423
1 4762 2960 2423
1 4762 2423 13691
1 4762 13691 2221
1 13688 4762 2221
1 4720 13688 2221
1 4720 2221 13691
1 4720 13691 2123
1 4720 2123 13692
1 4833 4720 13692
1 4833 13692 1034
1 4748 4833 1034
1 4748 1034 2537
1 1034 13695 2537
1 4828 13695 1034
1 4828 1034 2645
1 4828 2645 13697
1 4828 13697 1277
1 4828 1277 993
1 4828 993 2964
1 13695 4828 2964
1 13695 2964 4858
1 1708 13695 4858
1 1708 4858 648
1 648 4858 13701
1 4858 1777 13701
1 4859 13701 1777
1 2312 4859 1777
1 2312 1777 13702
1 2312 13702 993
1 2312 993 4829
1 13714 2312 4829
1 13714 4859 2312
1 4859 13714 4286
1 4859 4286 5924
1 13701 4859 5924
1 5924 4286 5503
1 5503 4286 598
1 598 4286 2735
1 598 2735 4686
1 13723 598 4686
1 598 13723 1782
1 2735 13714 4686
1 2735 4286 13714
1 2735 4286 13714
1 2735 4286 13714
1 993 1939 4829
1 993 13704 1939
1 1939 13704 2139
1 1939 2139 3530
1 3530 2139 13716
1 8260 3530 13716
1 8260 13716 13717
1 13717 3609 8260
1 8260 3609 2456
1 13717 13726 3609
1 13726 13717 2619
1 4080 13726 2619
1 4133 4080 2619
1 4133 2619 6015
1 4133 6015 8179
1 8179 6015 13710
1 8179 13710 2714
1 8179 2714 4838
1 3116 8179 4838
1 2714 5628 4838
1 2519 4838 5628
1 2519 5628 13711
1 13711 2618 2519
1 2618 4896 2519
1 5459 2519 4896
1 2618 4597 4896
1 4896 4597 825
1 3463 825 4597
1 1450 3463 4597
1 6160 825 3463
1 825 6160 2152
1 1558 825 2152
1 1558 2152 4416
1 825 1558 1928
1 1558 13728 1928
1 2152 6160 1380
1 2618 3906 4597
1 822 3906 2618
1 13711 822 2618
1 2668 822 13711
1 13711 5052 2668
1 6283 2668 5052
1 1071 6283 5052
1 1085 1071 5052
1 1085 5052 4123
1 1085 4123 13710
1 4862 1085 13710
1 1859 4862 13710
1 1859 13710 6015
1 5945 1859 6015
1 6015 3436 5945
1 5945 3436 13707
1 13707 1859 5945
1 13707 4925 1859
1 4925 4862 1859
1 4862 4925 913
1 4862 913 13698
1 4521 4862 13698
1 4521 13698 6540
1 4521 6540 4861
1 4521 4861 13709
1 6881 4521 13709
1 13709 1085 6881
1 6881 1085 4862
1 4862 4521 6881
1 1085 13709 1071
1 1071 13709 6263
1 1071 6263 818
1 818 4596 1071
1 4596 6283 1071
1 6283 4596 2668
1 2668 4596 822
1 4893 822 4596
1 2256 4893 4596
1 2738 2256 4596
1 814 2738 4596
1 818 814 4596
1 818 4274 814
1 906 814 4274
1 4274 813 906
1 813 1527 906
1 1527 6162 906
1 906 6162 807
1 906 807 2502
1 906 2502 814
1 814 2502 4717
1 814 4717 2738
1 2738 4717 5994
1 2738 5994 815
1 2738 815 2256
1 2256 815 3813
1 1166 815 5994
1 5994 4717 1166
1 4717 808 1166
1 5098 1166 808
1 808 3762 5098
1 5098 3762 1572
1 3762 4754 1572
1 2042 4754 3762
1 2042 3762 808
1 4753 2042 808
1 3623 4753 808
1 3623 808 4717
1 807 3623 4717
1 2502 807 4717
1 3623 807 4753
1 807 5758 4753
1 5758 802 4753
1 802 1584 4753
1 1584 4523 4753
1 4753 4523 2042
1 4523 803 2042
1 2042 803 4754
1 4754 803 2109
1 4754 2109 3632
1 3632 2109 804
1 3632 804 4755
1 804 805 4755
1 4755 805 3141
1 4755 3141 810
1 1412 810 3141
1 3141 805 1412
1 5620 810 1412
1 5620 742 810
1 5979 742 5620
1 3141 805 1412
1 4752 805 804
1 1713 4752 804
1 4751 1713 804
1 2109 4751 804
1 803 4751 2109
1 803 4599 4751
1 4599 795 4751
1 795 2992 4751
1 4751 2992 1713
1 2992 796 1713
1 796 4752 1713
1 4020 4752 796
1 4749 4020 796
1 796 5222 4749
1 788 4749 5222
1 788 5222 444
1 788 444 4113
1 1209 788 4113
1 1209 4113 3780
1 1209 3780 787
1 5356 1209 787
1 963 787 3780
1 1365 963 3780
1 1365 3780 4113
1 4377 1365 4113
1 4377 4113 3049
1 4581 4377 3049
1 4581 3049 795
1 4750 4581 795
1 4599 4750 795
1 4599 7214 4750
1 7214 1756 4750
1 1783 4750 1756
1 794 1783 1756
1 794 1756 1173
1 1173 523 794
1 786 794 523
1 523 2198 786
1 2198 1961 786
1 1961 8143 786
1 8143 963 786
1 786 963 1365
1 794 786 1365
1 794 1365 4377
1 794 4377 4581
1 1783 794 4581
1 4750 1783 4581
1 8143 787 963
1 8143 4519 787
1 8143 780 4519
1 4519 780 5446
1 4608 780 8143
1 4836 4608 8143
1 4836 8143 1961
1 4836 1961 785
1 2198 785 1961
1 4164 785 2198
1 2198 523 4164
1 4164 523 793
1 4101 4164 793
1 4101 793 3570
1 792 4101 3570
1 792 3570 2175
1 2175 2558 792
1 4765 792 2558
1 3879 792 4765
1 1364 3879 4765
1 1364 4765 783
1 4835 1364 783
1 3390 4835 783
1 4811 3390 783
1 4811 783 4920
1 5002 4811 4920
1 4811 5002 776
1 776 4520 4811
1 4811 4520 3390
1 4520 777 3390
1 3390 777 4835
1 5724 777 4520
1 776 5724 4520
1 776 5724 4520
1 5002 2316 776
1 5168 776 2316
1 1177 5168 2316
1 1177 2316 4254
1 4118 1177 4254
1 4254 2316 4404
1 2316 5002 4404
1 2893 5168 1177
1 5168 2893 776
1 5168 2893 776
1 2316 5002 4404
1 4920 783 6419
1 4920 6419 312
1 312 6419 1059
1 4305 312 1059
1 3953 312 4305
1 3953 4305 4194
1 6419 783 1059
1 783 4765 1059
1 6419 783 1059
1 4811 4520 3390
1 3390 777 4835
1 4835 1411 1364
1 1411 784 1364
1 784 3879 1364
1 784 4813 3879
1 3879 4813 792
1 4813 4101 792
1 4813 4164 4101
1 2744 4164 4813
1 784 2744 4813
1 1411 2744 784
1 2744 785 4164
1 784 2744 4813
1 1411 2744 784
1 783 4765 1059
1 784 3879 1364
1 3879 4813 792
1 2175 4766 2558
1 3570 4814 2175
1 4814 3570 1508
1 4814 1508 801
1 4814 801 4744
1 801 4403 4744
1 1517 4744 4403
1 1517 4403 2449
1 1517 2449 3914
1 1517 3914 6178
1 6178 3914 806
1 3914 4895 806
1 2423 806 4895
1 13691 2423 4895
1 13691 4895 4934
1 13691 4934 6010
1 2123 13691 6010
1 2123 6010 13692
1 3894 13692 6010
1 4769 3894 6010
1 4769 6010 1950
1 4769 1950 3519
1 3519 1324 4769
1 1324 13698 4769
1 4769 13698 1398
1 4769 1398 2645
1 3894 4769 2645
1 13692 3894 2645
1 1034 13692 2645
1 1398 13697 2645
1 1398 4837 13697
1 1277 13697 4837
1 13704 1277 4837
1 2139 13704 4837
1 13707 2139 4837
1 913 13707 4837
1 5911 913 4837
1 5911 4837 1398
1 13698 5911 1398
1 13698 913 5911
1 13698 913 5911
1 4925 13707 913
1 13707 13716 2139
1 3436 13716 13707
1 3436 13717 13716
1 6015 13717 3436
1 2619 13717 6015
1 1277 13704 993
1 5911 4837 1398
1 13698 5911 1398
1 1324 6540 13698
1 1324 4861 6540
1 878 4861 1324
1 878 1324 3519
1 878 3519 813
1 878 813 4274
1 818 878 4274
1 818 4861 878
1 6263 4861 818
1 13709 4861 6263
1 3519 1076 813
1 813 1076 1527
1 1076 4403 1527
1 1527 4403 6460
1 6460 5758 1527
1 5758 6162 1527
1 5758 807 6162
1 6460 802 5758
1 801 802 6460
1 6460 4403 801
1 801 4767 802
1 802 4767 1915
1 802 1915 1584
1 1584 1915 7214
1 4599 1584 7214
1 803 1584 4599
1 1584 803 4523
1 7214 1915 1756
1 1173 1756 1915
1 1173 1915 4767
1 4767 523 1173
1 4767 793 523
1 1508 793 4767
1 1508 4767 801
1 1508 3570 793
1 1173 1915 4767
1 1508 4767 801
1 6460 4403 801
1 1076 2449 4403
1 1076 812 2449
1 2449 812 4895
1 3914 2449 4895
1 812 994 4895
1 994 4934 4895
1 994 6010 4934
1 994 1950 6010
1 994 3519 1950
1 812 3519 994
1 3519 812 1076
1 812 3519 994
1 3519 812 1076
1 3519 812 1076
1 818 4861 878
1 878 1324 3519
1 994 3519 1950
1 994 1950 6010
1 3894 4769 2645
1 13692 3894 2645
1 994 6010 4934
1 994 4934 4895
1 3914 2449 4895
1 3914 2449 4895
1 1076 2449 4403
1 6460 4403 801
1 1508 4767 801
1 1508 3570 793
1 4813 4101 792
1 1508 3570 793
1 4813 4164 4101
1 4767 793 523
1 2744 785 4164
1 4836 5221 4608
1 5221 780 4608
1 5221 780 4608
1 4836 8143 1961
1 2198 785 1961
1 2198 523 4164
1 794 786 1365
1 4767 523 1173
1 1173 1756 1915
1 1783 794 4581
1 4750 1783 4581
1 7214 1915 1756
1 4599 1584 7214
1 4750 1783 4581
1 3049 444 795
1 2992 795 444
1 796 2992 444
1 444 5222 796
1 4113 444 3049
1 794 4377 4581
1 4113 444 3049
1 794 1365 4377
1 786 963 1365
1 8143 787 963
1 1365 3780 4113
1 4113 444 3049
1 444 5222 796
1 3023 4749 788
1 5365 4749 3023
1 4812 5365 3023
1 444 5222 796
1 797 4752 4020
1 797 2128 4752
1 2128 805 4752
1 796 2992 444
1 2992 795 444
1 4599 4750 795
1 803 1584 4599
1 4751 2992 1713
1 796 4752 1713
1 2128 805 4752
1 2109 4751 804
1 803 4751 2109
1 1584 803 4523
1 1584 803 4523
1 802 1915 1584
1 6460 802 5758
1 5758 807 6162
1 3623 807 4753
1 4753 4523 2042
1 2042 803 4754
1 2042 3762 808
1 3623 808 4717
1 5994 4717 1166
1 2502 807 4717
1 2502 807 4717
1 5758 807 6162
1 5758 6162 1527
1 813 1076 1527
1 878 813 4274
1 906 2502 814
1 818 878 4274
1 814 4717 2738
1 2738 815 2256
1 3906 822 4893
1 818 814 4596
1 6263 4861 818
1 13709 4861 6263
1 4862 4521 6881
1 13709 4861 6263
1 1324 4861 6540
1 1324 6540 13698
1 4862 4521 6881
1 13698 913 5911
1 4925 13707 913
1 4925 13707 913
1 3436 13716 13707
1 6015 13717 3436
1 13707 1859 5945
1 4925 4862 1859
1 6881 1085 4862
1 4123 2714 13710
1 4736 2714 4123
1 5052 4736 4123
1 5052 13711 4736
1 4736 13711 5628
1 4736 5628 2714
1 4736 5628 2714
1 5052 4736 4123
1 1085 13709 1071
1 4596 6283 1071
1 6283 4596 2668
1 5052 13711 4736
1 2668 4596 822
1 3906 822 4893
1 13711 822 2618
1 4736 13711 5628
1 4736 5628 2714
1 4123 2714 13710
1 1859 13710 6015
1 2619 13717 6015
1 1064 13726 4080
1 1064 3534 13726
1 1064 4329 3534
1 4115 4329 1064
1 2989 4329 4115
1 2619 13717 6015
1 3436 13717 13716
1 13707 13716 2139
1 2139 13704 4837
1 1277 13704 993
1 2964 993 13702
1 2964 13702 4858
1 4858 13702 1777
1 4858 13702 1777
1 13714 4859 2312
1 13701 4859 5924
1 4858 13702 1777
1 2964 13702 4858
1 2964 993 13702
1 1277 13704 993
1 1277 13697 4837
1 1398 13697 2645
1 1034 13692 2645
1 13695 4828 2964
1 1034 13692 2645
1 2123 6010 13692
1 2123 13691 6010
1 13688 2193 4762
1 13683 4762 2193
1 13683 2193 5093
1 13683 5093 2448
1 2448 3143 13683
1 3143 798 13683
1 3063 13683 798
1 3086 13683 3063
1 799 3086 3063
1 3086 799 2960
1 4762 3086 2960
1 3086 4762 13683
1 3086 4762 13683
1 6014 3143 2448
1 6014 2448 13682
1 3654 6014 13682
1 5504 3654 13682
1 6123 5504 13682
1 6123 13682 2932
1 925 6123 2932
1 925 2932 5575
1 2932 4778 5575
1 2448 4778 2932
1 13682 2448 2932
1 2448 5093 4778
1 5093 2193 4778
1 13688 4778 2193
1 13682 2448 2932
1 5504 13680 3654
1 13680 6014 3654
1 13680 8427 6014
1 6014 8427 3143
1 516 8427 13680
1 4587 516 13680
1 4587 790 516
1 516 790 2470
1 790 4253 2470
1 5456 790 4587
1 4775 790 5456
1 13680 6014 3654
1 13682 2448 2932
1 6014 8427 3143
1 2448 5093 4778
1 5093 2193 4778
1 3086 4762 13683
1 13688 4778 2193
1 4720 2221 13691
1 13691 2423 4895
1 4762 3086 2960
1 2423 806 4895
1 3086 799 2960
1 6178 3914 806
1 1517 3914 6178
1 1517 4744 4403
1 4814 801 4744
1 3570 4814 2175
1 2175 4766 2558
1 800 1517 4545
1 806 799 4545
1 799 3086 3063
1 3063 13683 798
1 799 2598 4766
1 2175 4766 2558
1 4765 792 2558
1 783 4765 1059
1 4305 312 1059
1 791 2598 798
1 3953 4305 4194
1 3143 798 13683
1 6014 8427 3143
1 516 8427 13680
1 516 790 2470
1 3953 4305 4194
1 790 4253 2470
1 3953 312 4305
1 4920 6419 312
1 5002 4811 4920
1 2316 5002 4404
1 790 4253 2470
1 4775 790 5456
1 4254 2316 4404
1 4118 1177 4254
1 4118 1177 4254
1 2893 5168 1177
1 5168 2893 776
1 776 5724 4520
1 5724 777 4520
1 13198 5220 2912
1 13202 1073 13201
1 1073 779 2219
1 2219 779 4860
1 2278 4860 779
1 13200 3877 2265
1 2265 2956 13200
1 777 5220 2956
1 3390 777 4835
1 4835 1411 1364
1 3877 2219 778
1 2219 779 4860
1 1411 2744 784
1 2278 4860 779
1 2744 785 4164
1 4836 1961 785
1 2278 4860 779
1 4836 5221 4608
1 1073 779 2219
1 13202 1073 13201
1 13204 5049 2259
1 5049 4437 2259
1 5385 4437 5049
1 13205 5385 5049
1 6044 5385 13205
1 13206 6044 13205
1 13206 3528 6044
1 3528 781 6044
1 3253 6044 781
1 4119 6044 3253
1 1077 4119 3253
1 6044 4119 6099
1 6044 6099 5385
1 6099 4437 5385
1 3528 1390 781
1 781 1390 5993
1 13207 1390 3528
1 13206 13207 3528
1 13207 5451 1390
1 13206 13207 3528
1 6044 6099 5385
1 6099 4437 5385
1 5221 780 4608
1 4519 780 5446
1 5049 4437 2259
1 4519 780 5446
1 8143 4519 787
1 5356 1209 787
1 6099 4437 5385
1 6044 4119 6099
1 5356 1209 787
1 1077 4119 3253
1 1209 788 4113
1 3023 4749 788
1 4812 5365 3023
1 1979 5061 4812
1 4812 5061 811
1 5061 782 811
1 1979 782 5061
1 1979 782 5061
1 1077 4119 3253
1 3253 6044 781
1 781 1390 5993
1 1979 782 5061
1 781 1390 5993
1 13207 5451 1390
1 5061 782 811
1 789 3040 949
1 789 949 1910
1 949 3040 3041
1 4812 5061 811
1 4812 5365 3023
1 5365 4749 3023
1 789 949 1910
1 4749 4020 796
1 797 4752 4020
1 789 949 1910
1 949 3040 3041
1 797 2128 4752
1 2128 805 4752
1 3141 805 1412
1 5620 810 1412
1 5979 742 5620
1 5979 742 5620
1 3044 4792 6901
1 4792 1292 817
1 4719 817 816
1 5620 742 810
1 4719 4922 5445
1 4755 3141 810
1 3632 804 4755
1 4754 2109 3632
1 3762 4754 1572
1 809 4755 4922
1 4719 4922 5445
1 4719 817 816
1 816 4757 3523
1 1289 1572 809
1 5098 3762 1572
1 5098 1166 808
1 1166 815 5994
1 1289 3523 4718
1 816 4757 3523
1 2256 815 3813
1 2256 815 3813
1 2256 4893 4596
1 3906 822 4893
1 2618 3906 4597
1 1450 3463 4597
1 819 3813 4757
1 816 4757 3523
1 4719 817 816
1 4758 260 4066
1 4066 260 821
1 4792 1292 817
1 1919 3045 1292
1 4066 260 821
1 8166 1110 2132
1 2905 824 1107
1 3418 8166 824
1 3046 3418 821
1 4066 260 821
1 4816 823 1864
1 4758 260 4066
1 816 4758 4815
1 2097 4757 4815
1 819 2097 1450
1 4066 1864 820
1 1450 3463 4597
1 4816 823 1864
1 6160 825 3463
1 2152 6160 1380
1 823 2905 1107
1 2152 6160 1380
1 1558 2152 4416
1 1380 1107 4598
1 1107 824 2132
1 8166 1110 2132
1 8412 827 826
1 8412 827 826
1 13742 2273 828
1 2273 4235 2527
1 4235 5051 2527
1 6966 4598 827
1 6966 4416 4598
1 1558 2152 4416
1 1585 5051 4235
1 1558 13728 1928
1 663 4990 1585
1 4594 4990 566
1 4594 13720 1068
1 1068 2652 4457
1 1558 13728 1928
1 825 1558 1928
1 4896 4597 825
1 5459 2519 4896
1 5044 1928 4457
1 5459 2519 4896
1 1068 2652 4457
1 2519 4838 5628
1 1068 13720 2652
1 3116 8179 4838
1 3116 8179 4838
1 4133 6015 8179
1 4133 4080 2619
1 1064 13726 4080
1 4115 4329 1064
1 13719 3116 13720
1 13720 4594 3962
1 4594 1145 3962
1 1145 8865 1462
1 2989 4329 4115
1 8865 13741 1462
1 2989 4329 4115
1 4667 5245 5314
1 1064 4329 3534
1 1064 3534 13726
1 13717 13726 3609
1 8260 3609 2456
1 2456 6433 13725
1 4667 5245 5314
1 13740 2063 4667
1 2456 6433 13725
1 2456 6433 13725
1 8260 3609 2456
1 8260 3530 13716
1 1939 2139 3530
1 993 1939 4829
1 13714 2312 4829
1 2735 13714 4686
1 2066 13715 8260
1 2066 13725 2921
1 13723 598 4686
1 3293 2921 13737
1 3293 13737 13736
1 598 13723 1782
1 13735 5675 13721
1 598 13723 1782
1 5503 4286 598
1 13735 5675 13721
1 3182 13721 1330
1 3182 5503 13721
1 5924 4286 5503
1 13701 4859 5924
1 13754 5505 3252
1 648 4858 13701
1 6270 13693 5505
1 1708 4858 648
1 1708 13695 4858
1 1034 13695 2537
1 13693 983 4487
1 983 5479 4487
1 4748 1034 2537
1 6309 5406 5479
1 4668 4763 5406
1 5406 6357 5350
1 5350 4748 5479
1 4748 4833 1034
1 4833 4720 13692
1 13690 6357 5265
1 4720 13688 2221
1 4763 5265 6357
1 4763 13686 1820
1 13688 4778 2193
1 2932 4778 5575
1 4763 13686 1820
1 925 2932 5575
1 13686 2511 2906
1 2906 2511 13751
1 925 6123 2932
1 6123 5504 13682
1 5504 13680 3654
1 4587 516 13680
1 5456 790 4587
1 4775 790 5456
1 524 4254 4775
1 4118 524 5066
1 5285 4118 5066
2 42 9 4
2 42 4 18
2 42 18 27
2 42 27 38
2 42 38 43
2 43 63 42
2 42 63 70
2 70 80 42
2 80 86 42
2 42 86 79
2 69 42 79
2 12348 69 79
2 86 12348 79
2 1471 12348 86
2 80 1471 86
2 4045 1471 80
2 4045 80 70
2 4045 70 11567
2 4045 11567 2911
2 4045 2911 11919
2 11919 1471 4045
2 11919 1470 1471
2 1471 1470 1457
2 1471 1457 12348
2 1457 14353 12348
2 12348 14353 69
2 57 69 14353
2 10991 57 14353
2 2397 10991 14353
2 11815 2397 14353
2 1457 11815 14353
2 1457 8467 11815
2 11815 8467 14354
2 14354 2397 11815
2 14354 10305 2397
2 10305 11613 2397
2 2397 11613 2723
2 2397 2723 10745
2 2397 10745 10991
2 10991 10745 57
2 10745 48 57
2 48 42 57
2 57 42 69
2 48 33 42
2 42 33 21
2 9 42 21
2 9 21 11430
2 12870 9 11430
2 1082 12870 11430
2 1082 11430 3927
2 1082 3927 12964
2 14229 1082 12964
2 12644 14229 12964
2 12644 12964 14230
2 12644 14230 4564
2 12644 4564 11513
2 12644 11513 2574
2 2574 14229 12644
2 14229 2574 12769
2 14229 12769 1082
2 12769 12870 1082
2 12769 4 12870
2 9 12870 4
2 4 12769 18
2 12769 12727 18
2 18 12727 27
2 2089 27 12727
2 2089 12727 2574
2 11513 2089 2574
2 11513 2299 2089
2 2089 2299 10891
2 2089 10891 43
2 43 38 2089
2 27 2089 38
2 43 10891 559
2 559 63 43
2 70 63 559
2 559 11567 70
2 559 2911 11567
2 559 12319 2911
2 12319 1692 2911
2 2911 1692 10529
2 2911 10529 11919
2 11919 10529 14385
2 14385 1470 11919
2 14385 12890 1470
2 1470 12890 8467
2 1470 8467 1457
2 12890 14380 8467
2 14380 14354 8467
2 10282 14354 14380
2 9788 10282 14380
2 13595 9788 14380
2 14408 13595 14380
2 12890 14408 14380
2 13975 14408 12890
2 14385 13975 12890
2 14385 13932 13975
2 13975 13932 2775
2 13975 2775 3007
2 14408 13975 3007
2 14408 3007 13595
2 3007 3008 13595
2 13595 3008 14382
2 13595 14382 9788
2 14357 9788 14382
2 12115 14357 14382
2 11034 12115 14382
2 8732 11034 14382
2 14382 3008 8732
2 8732 3008 7087
2 8732 7087 10481
2 8732 10481 564
2 564 13199 8732
2 13199 11034 8732
2 14383 11034 13199
2 14383 13199 3010
2 14383 3010 14381
2 14383 14381 14359
2 14383 14359 11034
2 11034 14359 12115
2 1868 12115 14359
2 6438 1868 14359
2 1874 6438 14359
2 1874 14359 14356
2 9148 1874 14356
2 9148 14356 14360
2 1870 9148 14360
2 1870 14360 13958
2 13958 13768 1870
2 1870 13768 14323
2 14323 9148 1870
2 14323 1858 9148
2 9148 1858 1874
2 1874 1858 14324
2 1874 14324 6438
2 6438 14324 1868
2 14324 11120 1868
2 11120 1873 1868
2 1873 12115 1868
2 1873 14357 12115
2 14357 1873 12684
2 14357 12684 2398
2 10282 14357 2398
2 14354 10282 2398
2 14354 2398 10305
2 2398 14326 10305
2 10305 14326 11613
2 11613 14326 14302
2 11613 14302 2723
2 3721 2723 14302
2 2196 3721 14302
2 2196 14302 11798
2 11798 3927 2196
2 2196 3927 11430
2 2196 11430 12067
2 2196 12067 3721
2 12067 33 3721
2 48 3721 33
2 48 10745 3721
2 10745 2723 3721
2 33 12067 21
2 11430 21 12067
2 11430 21 12067
2 11798 10589 3927
2 3927 10589 14188
2 12964 3927 14188
2 14230 12964 14188
2 14230 14188 13126
2 14230 13126 1087
2 1087 12797 14230
2 12797 4564 14230
2 4564 12797 2568
2 995 4564 2568
2 9638 995 2568
2 12231 9638 2568
2 2568 8479 12231
2 8479 14221 12231
2 12231 14221 2570
2 2090 12231 2570
2 2090 2570 12706
2 12706 12036 2090
2 2090 12036 1591
2 1591 13022 2090
2 2090 13022 9638
2 2090 9638 12231
2 13022 14102 9638
2 9638 14102 995
2 995 14102 10892
2 995 10892 11513
2 11513 4564 995
2 11513 10892 2299
2 2299 10892 1692
2 2299 1692 12319
2 2299 12319 559
2 10891 2299 559
2 11359 1692 10892
2 14102 11359 10892
2 14102 13685 11359
2 11359 13685 2775
2 2775 13932 11359
2 13932 10529 11359
2 11359 10529 1692
2 14385 10529 13932
2 2775 13685 12989
2 3007 2775 12989
2 3007 12989 3008
2 3008 12989 7087
2 12989 749 7087
2 7087 749 11282
2 7087 11282 10481
2 750 10481 11282
2 12036 750 11282
2 1591 12036 11282
2 1591 11282 749
2 749 13022 1591
2 749 14102 13022
2 14102 749 13685
2 13685 749 12989
2 750 12036 13961
2 750 13961 13730
2 750 13730 564
2 750 564 10481
2 13730 12959 564
2 3010 564 12959
2 3010 12959 10103
2 10103 3011 3010
2 3010 3011 14381
2 3011 8276 14381
2 8276 14405 14381
2 14360 14381 14405
2 14360 14405 13958
2 13958 14405 14729
2 887 13958 14729
2 14729 13939 887
2 13939 1865 887
2 13768 887 1865
2 1865 13913 13768
2 13768 13913 14323
2 14323 13913 14304
2 14304 1858 14323
2 1858 14304 14307
2 14307 14324 1858
2 14324 14307 10789
2 14324 10789 11120
2 10789 14305 11120
2 14305 14325 11120
2 11120 14325 1873
2 12684 1873 14325
2 14326 12684 14325
2 14325 14306 14326
2 14306 12575 14326
2 12575 14302 14326
2 2184 14302 12575
2 2184 12575 14306
2 11352 2184 14306
2 1279 11352 14306
2 1279 14306 12672
2 1279 12672 14305
2 14305 12417 1279
2 11726 1279 12417
2 11726 12417 2197
2 3699 11726 2197
2 2197 12093 3699
2 3699 12093 11198
2 3699 11198 1089
2 3699 1089 14186
2 3699 14186 11726
2 11726 14186 11968
2 11726 11968 1088
2 1088 3939 11726
2 11726 3939 1279
2 12758 1279 3939
2 12757 12758 3939
2 1088 12757 3939
2 14221 12757 1088
2 11968 14221 1088
2 12930 14221 11968
2 2011 12930 11968
2 2011 11968 14186
2 14186 12557 2011
2 2011 12557 4202
2 4202 2570 2011
2 12930 2011 2570
2 14221 12930 2570
2 4202 2091 2570
2 2570 2091 12706
2 13961 12706 2091
2 14104 13961 2091
2 14104 2091 13825
2 14104 13825 9550
2 14104 9550 10695
2 7777 14104 10695
2 10695 11029 7777
2 7777 11029 10103
2 7777 10103 12959
2 7777 12959 13730
2 14104 7777 13730
2 13730 13961 14104
2 11029 2766 10103
2 3011 10103 2766
2 8276 3011 2766
2 13517 8276 2766
2 13517 2766 13312
2 9633 13517 13312
2 9633 13312 11032
2 9633 11032 13900
2 12613 9633 13900
2 12613 13900 753
2 14365 12613 753
2 12725 14365 753
2 12725 753 12392
2 570 12725 12392
2 570 12392 3838
2 14034 570 3838
2 13994 14034 3838
2 14032 13994 3838
2 12944 14032 3838
2 14065 12944 3838
2 14065 3838 13468
2 1625 14065 13468
2 1625 13468 10117
2 1625 10117 12968
2 1625 12968 10283
2 1625 10283 14086
2 1625 14086 2580
2 1625 2580 12944
2 1625 12944 14065
2 12944 2580 14032
2 2580 1626 14032
2 1626 13994 14032
2 1626 11563 13994
2 11563 752 13994
2 752 14034 13994
2 14034 752 12471
2 570 14034 12471
2 12471 14049 570
2 570 14049 12420
2 570 12420 12725
2 12725 12420 14365
2 14365 12420 14387
2 14386 14365 14387
2 14387 13659 14386
2 14386 13659 14404
2 14404 14384 14386
2 9633 14386 14384
2 13517 9633 14384
2 14384 8276 13517
2 14405 8276 14384
2 12916 14405 14384
2 14404 12916 14384
2 14404 14729 12916
2 12916 14729 14405
2 14729 14404 11850
2 13939 14729 11850
2 11850 888 13939
2 888 12278 13939
2 13939 12278 1865
2 1865 12278 14322
2 1865 14322 13913
2 14322 14733 13913
2 13913 14733 14304
2 14733 1283 14304
2 3704 14304 1283
2 1803 3704 1283
2 3703 1803 1283
2 3703 1283 13916
2 1818 3703 13916
2 1818 13916 1280
2 1818 1280 13909
2 1818 13909 12914
2 1818 12914 1091
2 1818 1091 3703
2 1091 1803 3703
2 14710 1803 1091
2 14710 1091 12812
2 12812 14708 14710
2 14710 14708 14225
2 14225 14187 14710
2 1803 14710 14187
2 1803 14187 1089
2 11198 1803 1089
2 11198 3704 1803
2 12093 3704 11198
2 3704 12093 14307
2 3704 14307 14304
2 12093 2197 14307
2 14307 2197 10789
2 10789 2197 14305
2 14305 2197 12417
2 14228 1089 14187
2 14187 14225 14228
2 14228 14225 12518
2 14228 12518 2005
2 12557 14228 2005
2 12557 2005 12809
2 12557 12809 4202
2 12809 2091 4202
2 13825 2091 12809
2 9550 13825 12809
2 9550 12809 2005
2 12526 9550 2005
2 12518 12526 2005
2 12518 1623 12526
2 12526 1623 1592
2 12526 1592 13820
2 12526 13820 10695
2 10695 9550 12526
2 10695 13820 11029
2 13820 1592 11029
2 11029 1592 2766
2 2766 1592 13312
2 13312 1592 11032
2 8578 11032 1592
2 1592 1623 8578
2 11909 8578 1623
2 2571 11909 1623
2 2571 1623 12518
2 2571 12518 14225
2 14708 2571 14225
2 2571 14708 13216
2 2571 13216 11909
2 13216 14076 11909
2 14076 14103 11909
2 11909 14103 8578
2 14103 11032 8578
2 14103 13900 11032
2 14103 13880 13900
2 13900 13880 753
2 753 13880 10117
2 753 10117 12392
2 10117 13468 12392
2 13468 3838 12392
2 12968 10117 13880
2 13880 1624 12968
2 14224 12968 1624
2 13629 14224 1624
2 13216 13629 1624
2 13216 1624 14076
2 1624 14103 14076
2 1624 13880 14103
2 14708 13629 13216
2 14708 12812 13629
2 12812 14231 13629
2 13629 14231 14224
2 14231 13998 14224
2 13998 13837 14224
2 14224 13837 10283
2 14224 10283 12968
2 13837 14222 10283
2 14222 14086 10283
2 13662 14086 14222
2 14226 13662 14222
2 12376 14226 14222
2 13837 12376 14222
2 13998 12376 13837
2 14189 12376 13998
2 14189 13998 14080
2 13909 14189 14080
2 13909 14080 12914
2 14231 12914 14080
2 14080 13998 14231
2 12812 12914 14231
2 12812 1091 12914
2 13909 11841 14189
2 11841 13952 14189
2 14189 13952 12376
2 13952 12457 12376
2 12457 14226 12376
2 14226 12457 1819
2 1819 14220 14226
2 14226 14220 13662
2 13662 14220 2580
2 13662 2580 14086
2 14220 13535 2580
2 2580 13535 1626
2 13535 11496 1626
2 11496 8289 1626
2 1626 8289 11563
2 8289 3841 11563
2 754 11563 3841
2 11695 754 3841
2 10637 11695 3841
2 1627 10637 3841
2 3841 8289 1627
2 11496 1627 8289
2 2006 1627 11496
2 2006 11496 10170
2 10170 2016 2006
2 2006 2016 8486
2 1627 2006 8486
2 1627 8486 3922
2 1627 3922 3840
2 1627 3840 10637
2 3840 11695 10637
2 3840 3034 11695
2 3034 14363 11695
2 11695 14363 754
2 4131 754 14363
2 2914 4131 14363
2 14363 2917 2914
2 2914 2917 14731
2 14731 11756 2914
2 10848 2914 11756
2 14407 10848 11756
2 14407 11756 10951
2 14407 10951 14379
2 14407 14379 11586
2 11586 2916 14407
2 14407 2916 10848
2 10848 2916 12471
2 12471 4131 10848
2 4131 2914 10848
2 12471 752 4131
2 752 13856 4131
2 13856 754 4131
2 754 13856 11563
2 13856 752 11563
2 13856 752 11563
2 12471 2916 14049
2 14049 2916 13766
2 12420 14049 13766
2 12420 13766 14387
2 14387 13766 14403
2 14387 14403 13659
2 11850 13659 14403
2 11850 14403 11427
2 888 11850 11427
2 12107 888 11427
2 12107 11427 14361
2 2485 12107 14361
2 14361 14379 2485
2 10951 2485 14379
2 9198 2485 10951
2 9198 10951 14731
2 9792 9198 14731
2 14731 2917 9792
2 14406 9792 2917
2 14406 2917 11324
2 14406 11324 7213
2 14406 7213 12258
2 12258 14355 14406
2 14355 8339 14406
2 8339 5465 14406
2 5465 9792 14406
2 5465 12316 9792
2 12316 9198 9792
2 12316 2394 9198
2 9198 2394 12754
2 9198 12754 889
2 4436 9198 889
2 7508 4436 889
2 12963 7508 889
2 14301 12963 889
2 12754 14301 889
2 10174 14301 12754
2 10174 12754 2394
2 2543 10174 2394
2 2543 2394 11143
2 2543 11143 2611
2 12238 2543 2611
2 12238 2611 3025
2 11522 12238 3025
2 13881 11522 3025
2 11854 13881 3025
2 11854 3025 885
2 13911 11854 885
2 885 13848 13911
2 13911 13848 102
2 103 13911 102
2 103 102 13914
2 103 13914 13807
2 103 13807 13617
2 126 103 13617
2 126 13617 13031
2 126 13031 162
2 13812 126 162
2 13812 162 13895
2 13812 13895 1800
2 1278 13812 1800
2 13988 1278 1800
2 14003 13988 1800
2 14191 14003 1800
2 14048 14191 1800
2 1813 14048 1800
2 1800 13895 1813
2 1813 13895 13664
2 175 1813 13664
2 175 13664 179
2 175 179 11548
2 175 11548 14665
2 14665 14428 175
2 175 14428 149
2 149 1813 175
2 149 14036 1813
2 14036 14709 1813
2 1813 14709 14048
2 14191 14048 14709
2 14191 14709 14227
2 14227 14190 14191
2 3696 14191 14190
2 14190 10902 3696
2 10902 14732 3696
2 3696 14732 12724
2 3696 12724 13988
2 3696 13988 14003
2 14191 3696 14003
2 13988 12724 1278
2 11047 1278 12724
2 11047 12724 14732
2 11047 14732 13881
2 13881 12873 11047
2 13590 11047 12873
2 103 13590 12873
2 103 12873 13911
2 13911 12873 11854
2 12873 13881 11854
2 126 13590 103
2 126 1278 13590
2 13590 1278 11047
2 1278 126 13812
2 13590 1278 11047
2 12873 13881 11854
2 14732 11522 13881
2 14732 12747 11522
2 12747 1281 11522
2 11522 1281 12238
2 12238 1281 2543
2 1281 11576 2543
2 2543 11576 10174
2 14301 10174 11576
2 4230 14301 11576
2 13037 4230 11576
2 13037 11576 1281
2 12716 13037 1281
2 1281 4122 12716
2 12716 4122 1807
2 1807 12832 12716
2 12832 13984 12716
2 13984 4230 12716
2 12716 4230 13037
2 1282 4230 13984
2 13984 3648 1282
2 3648 12637 1282
2 1284 1282 12637
2 3937 1284 12637
2 3937 12637 14192
2 3937 14192 10097
2 3937 10097 12638
2 3937 12638 12576
2 3937 12576 1284
2 12576 11516 1284
2 11516 1286 1284
2 1286 1282 1284
2 1286 13687 1282
2 1282 13687 4230
2 13687 14301 4230
2 14301 13687 12963
2 13687 1286 12963
2 1286 11516 12963
2 12963 11516 7508
2 14303 7508 11516
2 11516 12576 14303
2 14303 12576 3705
2 3705 13007 14303
2 1860 14303 13007
2 13007 12719 1860
2 2400 1860 12719
2 12719 12278 2400
2 888 2400 12278
2 2400 888 12107
2 2400 12107 2485
2 2400 2485 8413
2 1860 2400 8413
2 1860 8413 4436
2 7508 1860 4436
2 14303 1860 7508
2 8413 2485 4436
2 4436 2485 9198
2 8413 2485 4436
2 12719 14013 12278
2 14013 14322 12278
2 13041 14322 14013
2 13041 14013 9764
2 12260 13041 9764
2 3705 12260 9764
2 3705 9764 13007
2 9764 12719 13007
2 9764 14013 12719
2 11841 12260 3705
2 3705 3744 11841
2 13952 11841 3744
2 13952 3744 12457
2 12457 3744 1819
2 12638 1819 3744
2 3705 12638 3744
2 12638 3705 12576
2 10097 1819 12638
2 13420 1819 10097
2 13420 10097 14192
2 10170 13420 14192
2 11471 10170 14192
2 11471 14192 12637
2 3648 11471 12637
2 3648 14194 11471
2 2016 11471 14194
2 14194 13122 2016
2 3767 2016 13122
2 3767 13122 4139
2 3767 4139 2098
2 3767 2098 12631
2 3922 3767 12631
2 3922 12631 11752
2 3922 11752 3840
2 11752 10078 3840
2 3840 10078 3034
2 10078 10909 3034
2 10909 573 3034
2 3034 573 13505
2 3034 13505 14363
2 13505 2917 14363
2 13505 11324 2917
2 573 11324 13505
2 573 7213 11324
2 573 12699 7213
2 7564 7213 12699
2 7564 12699 2873
2 7564 2873 13924
2 7564 13924 11817
2 7564 11817 12922
2 7564 12922 14693
2 12611 7564 14693
2 12258 12611 14693
2 14693 14730 12258
2 14730 14355 12258
2 14730 14358 14355
2 14355 14358 885
2 14355 885 2611
2 14355 2611 11143
2 14355 11143 8339
2 8339 11143 5465
2 5465 11143 2394
2 5465 2394 12316
2 3025 2611 885
2 885 14358 13848
2 13848 14358 124
2 13848 124 102
2 124 13962 102
2 102 13962 13914
2 13962 10039 13914
2 13914 10039 10489
2 13914 10489 13807
2 13807 10489 10600
2 13807 10600 13617
2 13617 10600 10005
2 4488 13617 10005
2 4488 10005 13061
2 4488 13061 12823
2 4488 12823 4205
2 4205 13031 4488
2 13617 4488 13031
2 4205 13250 13031
2 13250 162 13031
2 179 162 13250
2 179 13250 13048
2 207 179 13048
2 207 13048 233
2 207 233 14073
2 207 14073 1116
2 179 207 1116
2 179 1116 11548
2 11548 1116 14665
2 14665 1116 13991
2 14665 13991 217
2 14665 217 11779
2 11779 14428 14665
2 14184 14428 11779
2 11779 12341 14184
2 14183 14184 12341
2 14183 12341 12587
2 14183 12587 6223
2 14183 6223 13348
2 14183 13348 14184
2 14184 13348 9855
2 9855 7728 14184
2 7728 12507 14184
2 12507 14428 14184
2 14428 12507 727
2 14428 727 8582
2 8582 149 14428
2 117 149 8582
2 117 8582 12277
2 117 12277 99
2 2002 117 99
2 2002 99 13852
2 2095 2002 13852
2 2095 13852 12816
2 9140 2095 12816
2 12816 560 9140
2 560 11817 9140
2 11817 13605 9140
2 9140 13605 11599
2 9140 11599 2095
2 11599 14223 2095
2 2095 14223 2001
2 2001 2002 2095
2 2002 2001 14709
2 2002 14709 14036
2 2002 14036 149
2 149 117 2002
2 14709 2001 14227
2 14227 2001 14223
2 1084 14227 14223
2 1084 14223 9431
2 1084 9431 2098
2 1084 2098 4139
2 1084 4139 14193
2 1084 14193 14190
2 14190 14227 1084
2 14190 14193 10902
2 14193 1807 10902
2 1807 12747 10902
2 12747 14732 10902
2 12747 1807 4122
2 12747 4122 1281
2 1807 14193 12604
2 1807 12604 14194
2 1807 14194 12832
2 3648 12832 14194
2 12832 3648 13984
2 4139 14194 12604
2 4139 12604 14193
2 14194 4139 13122
2 4139 12604 14193
2 4139 12604 14193
2 2098 9431 1628
2 2098 1628 14038
2 2098 14038 12631
2 13964 12631 14038
2 13964 14038 1628
2 13964 1628 13391
2 13964 13391 10078
2 11752 13964 10078
2 11752 12631 13964
2 13391 10909 10078
2 13391 14016 10909
2 13953 10909 14016
2 2873 13953 14016
2 2873 14016 6861
2 13605 2873 6861
2 13605 6861 11599
2 11599 6861 11179
2 11179 14223 11599
2 9431 14223 11179
2 9431 11179 1628
2 11179 6861 1628
2 13391 1628 6861
2 13391 6861 14016
2 11179 6861 1628
2 13924 2873 13605
2 11817 13924 13605
2 13391 6861 14016
2 12699 13953 2873
2 12699 573 13953
2 13953 573 10909
2 13953 573 10909
2 13391 6861 14016
2 13391 1628 6861
2 11752 12631 13964
2 13964 14038 1628
2 9431 11179 1628
2 9431 14223 11179
2 14190 14227 1084
2 14227 2001 14223
2 11179 14223 11599
2 13605 6861 11599
2 11817 13924 13605
2 560 14364 11817
2 11817 14364 12922
2 14693 12922 14364
2 2922 14693 14364
2 14364 14409 2922
2 2922 14409 14362
2 14362 14693 2922
2 14693 14362 14730
2 14358 14730 14362
2 14358 14362 14402
2 14402 141 14358
2 14358 141 124
2 124 141 13305
2 124 13305 13962
2 13962 13305 8971
2 13962 8971 10039
2 10039 8971 118
2 10039 118 10489
2 10489 118 97
2 10489 97 112
2 10600 10489 112
2 10600 112 10005
2 10005 112 130
2 10005 130 13061
2 130 157 13061
2 13061 157 178
2 13061 178 12823
2 12823 178 202
2 202 13047 12823
2 13047 4428 12823
2 4428 4205 12823
2 13048 4205 4428
2 13048 4428 13193
2 13048 13193 233
2 255 233 13193
2 10365 255 13193
2 10309 10365 13193
2 13193 9582 10309
2 247 10309 9582
2 247 9582 230
2 184 247 230
2 230 202 184
2 184 202 178
2 178 157 184
2 184 157 130
2 130 112 184
2 184 112 97
2 118 184 97
2 118 142 184
2 180 184 142
2 8971 180 142
2 8971 142 118
2 8017 180 8971
2 8017 8971 13305
2 8017 13305 141
2 168 8017 141
2 14402 168 141
2 14402 187 168
2 187 13353 168
2 13353 3526 168
2 168 3526 8017
2 3526 11646 8017
2 11646 180 8017
2 11646 194 180
2 194 184 180
2 184 194 216
2 216 241 184
2 184 241 259
2 265 184 259
2 265 259 10675
2 10675 10309 265
2 247 265 10309
2 265 247 184
2 13236 10309 10675
2 13236 10675 10234
2 13236 10234 245
2 279 13236 245
2 13902 279 245
2 245 6195 13902
2 13902 6195 3298
2 3298 12180 13902
2 12180 279 13902
2 279 12180 8701
2 279 8701 255
2 279 255 13236
2 13236 255 10365
2 10365 10309 13236
2 255 8701 12339
2 255 12339 233
2 12339 14509 233
2 14073 233 14509
2 14073 14509 2261
2 1116 14073 2261
2 1116 2261 13991
2 13991 2261 2253
2 13440 13991 2253
2 13963 13440 2253
2 13963 2253 2261
2 13963 2261 1130
2 1120 13963 1130
2 14516 1120 1130
2 1130 13973 14516
2 3627 14516 13973
2 3627 13973 12339
2 8701 3627 12339
2 8701 3613 3627
2 3627 3613 11061
2 11061 10131 3627
2 10736 3627 10131
2 10736 10131 9485
2 10736 9485 1126
2 14516 10736 1126
2 14516 1126 1120
2 914 1120 1126
2 11071 914 1126
2 9485 11071 1126
2 9485 12617 11071
2 12617 1133 11071
2 2258 11071 1133
2 2258 1133 9580
2 2258 9580 14553
2 13367 2258 14553
2 1477 13367 14553
2 1478 1477 14553
2 13432 1478 14553
2 3065 13432 14553
2 9580 3065 14553
2 9580 1133 3065
2 3065 1133 2260
2 911 3065 2260
2 911 2260 2249
2 7904 911 2249
2 2250 7904 2249
2 2249 2683 2250
2 2250 2683 1124
2 2250 1124 5042
2 14552 2250 5042
2 14552 5042 8756
2 14552 8756 14555
2 14552 14555 13069
2 14552 13069 8527
2 14552 8527 13070
2 14552 13070 7904
2 14552 7904 2250
2 13070 14556 7904
2 7904 14556 911
2 14556 13432 911
2 13432 3065 911
2 14556 1479 13432
2 1479 1478 13432
2 1479 2465 1478
2 2465 13319 1478
2 13319 656 1478
2 656 1477 1478
2 656 12534 1477
2 12534 853 1477
2 853 12129 1477
2 14554 1477 12129
2 14554 12129 637
2 637 12681 14554
2 14554 12681 914
2 14554 914 13446
2 14554 13446 2258
2 2258 13367 14554
2 13367 1477 14554
2 2258 13446 11071
2 13446 914 11071
2 13446 914 11071
2 12681 13724 914
2 914 13724 1120
2 13724 14551 1120
2 14551 13963 1120
2 13963 14551 13440
2 13440 14551 636
2 636 243 13440
2 243 217 13440
2 13440 217 13991
2 243 12341 217
2 11779 217 12341
2 243 12587 12341
2 269 12587 243
2 269 243 636
2 269 636 12895
2 12895 271 269
2 13336 269 271
2 13336 271 10505
2 7870 13336 10505
2 7870 10505 2907
2 12917 7870 2907
2 10647 12917 2907
2 2907 11564 10647
2 11564 1035 10647
2 10647 1035 4000
2 5267 10647 4000
2 7419 5267 4000
2 7419 4000 6983
2 6983 10488 7419
2 10488 5532 7419
2 5532 5267 7419
2 5267 5532 10863
2 5267 10863 6529
2 5267 6529 12917
2 5267 12917 10647
2 6529 7870 12917
2 7870 6529 12688
2 7870 12688 13336
2 12688 12587 13336
2 269 13336 12587
2 6223 12587 12688
2 6529 6223 12688
2 10863 6223 6529
2 13348 6223 10863
2 10764 13348 10863
2 5532 10764 10863
2 5532 10173 10764
2 10764 10173 2539
2 11325 10764 2539
2 11325 2539 14436
2 13328 11325 14436
2 14436 6696 13328
2 13328 6696 7728
2 7728 11325 13328
2 11325 7728 9855
2 9855 13348 11325
2 13348 10764 11325
2 7728 6696 13011
2 727 7728 13011
2 1096 727 13011
2 1096 13011 6696
2 1096 6696 11820
2 3639 1096 11820
2 9601 3639 11820
2 9601 11820 1552
2 9601 1552 5237
2 9601 5237 12579
2 11018 9601 12579
2 12579 12102 11018
2 12102 7278 11018
2 11018 7278 3681
2 3681 3639 11018
2 3639 9601 11018
2 3639 3681 11251
2 3639 11251 1096
2 11251 12062 1096
2 12062 12277 1096
2 727 1096 12277
2 727 12277 8582
2 12062 13995 12277
2 13995 99 12277
2 99 13995 13257
2 13257 98 99
2 12816 99 98
2 98 560 12816
2 560 98 120
2 560 120 14364
2 120 144 14364
2 144 14409 14364
2 14409 144 160
2 187 14409 160
2 187 160 3818
2 187 3818 2691
2 2691 3714 187
2 213 187 3714
2 3714 14692 213
2 14692 1394 213
2 1394 1393 213
2 1393 187 213
2 1393 1569 187
2 205 187 1569
2 1569 14501 205
2 205 14501 14738
2 8264 205 14738
2 8264 14738 9214
2 8264 9214 216
2 8264 216 194
2 8264 194 11646
2 8264 11646 3526
2 205 8264 3526
2 205 3526 13353
2 205 13353 187
2 10234 216 9214
2 245 10234 9214
2 245 9214 14738
2 245 14738 6195
2 14738 14501 6195
2 14501 14498 6195
2 6195 14498 1787
2 6195 1787 3298
2 1787 13849 3298
2 3298 13849 14006
2 12180 3298 14006
2 12180 14006 1452
2 12180 1452 3613
2 8701 12180 3613
2 3613 1452 11061
2 11061 1452 3897
2 3616 11061 3897
2 3616 3897 10522
2 1118 3616 10522
2 1118 10522 833
2 1118 833 12481
2 1133 1118 12481
2 1133 12481 2685
2 2260 1133 2685
2 2685 2249 2260
2 1122 2249 2685
2 1122 2685 14089
2 1122 14089 2683
2 1122 2683 2249
2 2683 14089 13597
2 2683 13597 3891
2 2683 3891 3615
2 3615 1124 2683
2 3615 10316 1124
2 10316 10822 1124
2 5042 1124 10822
2 10822 14508 5042
2 5042 14508 11406
2 8756 5042 11406
2 8756 11406 12883
2 8756 12883 14555
2 9470 14555 12883
2 12883 6452 9470
2 1481 9470 6452
2 1481 6452 678
2 1481 678 4573
2 4573 9600 1481
2 9600 1264 1481
2 9676 1481 1264
2 12737 9676 1264
2 1264 9188 12737
2 12737 9188 847
2 855 12737 847
2 855 847 9830
2 12413 855 9830
2 1480 12413 9830
2 1480 9830 1263
2 1480 1263 11380
2 1480 11380 8527
2 1480 8527 13069
2 13069 12413 1480
2 14555 12413 13069
2 14555 7499 12413
2 855 12413 7499
2 855 7499 9676
2 855 9676 12737
2 9676 7499 9470
2 9470 1481 9676
2 14555 9470 7499
2 14555 9470 7499
2 11380 13070 8527
2 11380 14556 13070
2 11380 1479 14556
2 11380 13171 1479
2 13171 2465 1479
2 2465 13171 5429
2 11188 2465 5429
2 11188 5429 765
2 14643 11188 765
2 14643 765 12517
2 14643 12517 764
2 764 12366 14643
2 656 14643 12366
2 656 12366 14745
2 656 14745 12534
2 12534 14745 853
2 14745 9362 853
2 9362 13425 853
2 637 853 13425
2 637 13425 1262
2 637 1262 13774
2 13774 14072 637
2 637 14072 12681
2 12681 14072 13724
2 14072 14551 13724
2 13774 14551 14072
2 13774 636 14551
2 13774 1262 636
2 12895 636 1262
2 3085 12895 1262
2 13425 3085 1262
2 9362 3085 13425
2 3085 9362 13421
2 3085 13421 14743
2 12895 3085 14743
2 271 12895 14743
2 14692 271 14743
2 14743 14737 14692
2 1394 14692 14737
2 1394 14737 1574
2 1574 1795 1394
2 1393 1394 1795
2 1393 1795 1569
2 14501 1569 1795
2 1795 14498 14501
2 1574 14498 1795
2 1574 12229 14498
2 12229 10457 14498
2 1787 14498 10457
2 6085 1787 10457
2 6085 10457 10255
2 10255 13525 6085
2 6085 13525 13452
2 10541 6085 13452
2 1452 10541 13452
2 1452 13452 9757
2 1452 9757 3897
2 3897 9757 10522
2 9757 1825 10522
2 10522 1825 833
2 1825 10630 833
2 10630 13842 833
2 2685 833 13842
2 2685 13842 14089
2 14089 13842 3624
2 14089 3624 13597
2 13639 13597 3624
2 3624 1828 13639
2 13639 1828 2970
2 2970 1829 13639
2 3891 13639 1829
2 1831 3891 1829
2 1831 1829 1521
2 5219 1831 1521
2 5219 1521 9197
2 5219 9197 13258
2 8124 5219 13258
2 3895 8124 13258
2 3895 13258 1838
2 1812 3895 1838
2 1812 1838 9971
2 8945 1812 9971
2 8945 9971 1832
2 3892 8945 1832
2 3892 1832 1453
2 3892 1453 11445
2 11445 3618 3892
2 3618 14091 3892
2 14091 8945 3892
2 14091 13060 8945
2 13060 3617 8945
2 1812 8945 3617
2 10316 1812 3617
2 10316 3617 10822
2 3617 2673 10822
2 2673 14508 10822
2 2673 12998 14508
2 13385 14508 12998
2 1127 13385 12998
2 1127 12998 2674
2 11901 1127 2674
2 3618 11901 2674
2 2674 14091 3618
2 2674 12998 14091
2 12998 13060 14091
2 12998 2673 13060
2 13060 2673 3617
2 3618 14511 11901
2 14511 7973 11901
2 11901 7973 1127
2 7973 9358 1127
2 1127 9358 14550
2 1127 14550 13385
2 13385 14550 11406
2 11406 14508 13385
2 11406 14550 12883
2 14550 6452 12883
2 14550 678 6452
2 678 14550 9358
2 678 9358 3072
2 3072 8148 678
2 8148 4573 678
2 1665 4573 8148
2 14735 1665 8148
2 3072 14735 8148
2 14735 3072 3061
2 14735 3061 11869
2 11869 4442 14735
2 4442 6895 14735
2 1665 14735 6895
2 6895 4078 1665
2 4078 13666 1665
2 13666 1261 1665
2 1665 1261 4573
2 4573 1261 9600
2 9600 1261 9280
2 2631 9600 9280
2 5880 2631 9280
2 5880 9280 848
2 8594 5880 848
2 13304 8594 848
2 770 13304 848
2 848 6770 770
2 6770 12126 770
2 14527 770 12126
2 14527 12126 3081
2 10945 14527 3081
2 10012 10945 3081
2 3081 6712 10012
2 10012 6712 2633
2 2633 772 10012
2 772 14528 10012
2 10012 14528 10945
2 6351 10945 14528
2 1328 6351 14528
2 1328 14528 12771
2 7225 1328 12771
2 7225 12771 14529
2 14531 7225 14529
2 14531 14529 7746
2 14531 7746 10270
2 10270 8833 14531
2 14531 8833 7828
2 14531 7828 7225
2 7225 7828 1328
2 1328 7828 1790
2 1790 12524 1328
2 6351 1328 12524
2 6351 12524 7759
2 6351 7759 1327
2 1327 10945 6351
2 1327 14527 10945
2 14527 1327 7884
2 14527 7884 770
2 7884 8120 770
2 770 8120 13304
2 13304 8120 8594
2 8120 14526 8594
2 8594 14526 12476
2 8594 12476 5880
2 12476 769 5880
2 769 2631 5880
2 769 9188 2631
2 1264 2631 9188
2 9600 2631 1264
2 9188 769 13167
2 9188 13167 847
2 847 13167 768
2 768 3078 847
2 3078 10512 847
2 10512 9830 847
2 1263 9830 10512
2 3869 1263 10512
2 9563 3869 10512
2 9563 10512 3078
2 9563 3078 4627
2 9563 4627 1534
2 7734 9563 1534
2 12937 7734 1534
2 1534 4912 12937
2 1576 12937 4912
2 1791 1576 4912
2 1791 4912 1326
2 1791 1326 3497
2 1791 3497 11577
2 11577 6497 1791
2 1791 6497 2890
2 1791 2890 1576
2 2890 5823 1576
2 1576 5823 14530
2 1576 14530 6308
2 1576 6308 12937
2 6308 766 12937
2 12937 766 7734
2 766 5912 7734
2 5912 9563 7734
2 3869 9563 5912
2 2626 3869 5912
2 2626 5912 766
2 5429 2626 766
2 5799 5429 766
2 766 6308 5799
2 6308 14530 5799
2 5799 14530 765
2 765 5429 5799
2 14530 1532 765
2 12517 765 1532
2 764 12517 1532
2 7108 764 1532
2 1575 7108 1532
2 1532 9962 1575
2 12099 1575 9962
2 11172 12099 9962
2 11172 9962 14530
2 5823 11172 14530
2 5823 8459 11172
2 8459 12099 11172
2 11846 12099 8459
2 11846 8459 6353
2 3400 11846 6353
2 3400 6353 13526
2 3400 13526 9656
2 3400 9656 10255
2 3400 10255 14502
2 12736 3400 14502
2 12736 14502 1530
2 7108 12736 1530
2 1530 764 7108
2 1530 14745 764
2 764 14745 12366
2 9362 14745 1530
2 1525 9362 1530
2 12229 1525 1530
2 12229 1530 14502
2 12229 14502 10457
2 10255 10457 14502
2 1574 1525 12229
2 1574 14737 1525
2 13421 1525 14737
2 14743 13421 14737
2 13421 9362 1525
2 13421 9362 1525
2 1575 12736 7108
2 1575 3400 12736
2 3400 1575 11846
2 11846 1575 12099
2 12229 1530 14502
2 1575 3400 12736
2 10255 10457 14502
2 10255 9656 13525
2 13525 9656 13452
2 13452 9656 1520
2 9757 13452 1520
2 9757 1520 1825
2 1520 13320 1825
2 13320 10630 1825
2 13320 8784 10630
2 10630 8784 1828
2 1828 3624 10630
2 10630 3624 13842
2 1828 8784 2970
2 6353 2970 8784
2 13320 6353 8784
2 13526 6353 13320
2 9656 13526 13320
2 9656 13320 1520
2 6353 8161 2970
2 8161 6497 2970
2 2970 6497 2740
2 2740 1829 2970
2 1521 1829 2740
2 2740 6497 1521
2 6497 11577 1521
2 11577 9197 1521
2 11577 6105 9197
2 6105 13258 9197
2 6105 8988 13258
2 8988 1838 13258
2 1838 8988 6471
2 1838 6471 11518
2 1838 11518 9971
2 2973 9971 11518
2 2973 11518 8176
2 2973 8176 6999
2 6999 2974 2973
2 2973 2974 1832
2 2973 1832 9971
2 1453 1832 2974
2 2974 1522 1453
2 10825 1453 1522
2 14674 10825 1522
2 1522 2974 14674
2 12230 14674 2974
2 6999 12230 2974
2 14497 12230 6999
2 6999 7450 14497
2 14497 7450 6498
2 6498 6563 14497
2 6563 8112 14497
2 8112 14674 14497
2 14674 12230 14497
2 8673 14674 8112
2 1573 8673 8112
2 6563 1573 8112
2 6563 14526 1573
2 1573 14526 8120
2 8120 7884 1573
2 1573 7884 9498
2 1573 9498 8673
2 9498 7275 8673
2 8673 7275 14674
2 14674 7275 10825
2 10825 7275 2976
2 2976 1833 10825
2 10825 1833 13311
2 10825 13311 1453
2 3884 1453 13311
2 3884 13311 1833
2 12972 3884 1833
2 3885 12972 1833
2 1833 1834 3885
2 3885 1834 11024
2 3885 11024 14090
2 3885 14090 13483
2 3885 13483 3620
2 3620 12972 3885
2 3620 3884 12972
2 3884 3620 10557
2 3884 10557 3618
2 3884 3618 11445
2 11445 1453 3884
2 10557 14511 3618
2 3620 14511 10557
2 3620 12514 14511
2 1128 14511 12514
2 1128 12514 14512
2 10584 1128 14512
2 14507 10584 14512
2 14507 14512 10068
2 14507 10068 14513
2 14513 14506 14507
2 3059 14507 14506
2 6548 3059 14506
2 9102 6548 14506
2 14510 9102 14506
2 14506 11655 14510
2 11655 837 14510
2 14510 837 7106
2 9445 14510 7106
2 9445 7106 3628
2 3628 14514 9445
2 1129 9445 14514
2 1129 14514 10464
2 1129 10464 3071
2 11408 1129 3071
2 11408 3071 5311
2 6548 11408 5311
2 10631 6548 5311
2 661 10631 5311
2 661 5311 5494
2 661 5494 13262
2 661 13262 8036
2 1265 661 8036
2 8036 2636 1265
2 1265 2636 2633
2 1484 1265 2633
2 2633 6712 1484
2 6712 10201 1484
2 1484 10201 12925
2 660 1484 12925
2 660 12925 14667
2 14667 3067 660
2 10203 660 3067
2 10631 10203 3067
2 3067 6548 10631
2 3067 3059 6548
2 3059 3067 14667
2 3059 14667 3058
2 3059 3058 14507
2 3058 10584 14507
2 11869 10584 3058
2 11869 3058 4442
2 3058 14667 4442
2 4442 14667 1482
2 4442 1482 6895
2 1482 856 6895
2 6895 856 4078
2 856 13811 4078
2 4931 4078 13811
2 6770 4931 13811
2 3081 6770 13811
2 3081 13811 6712
2 13811 856 6712
2 6712 856 10201
2 856 1482 10201
2 10201 1482 12925
2 12925 1482 14667
2 6770 3081 12126
2 848 4931 6770
2 848 13666 4931
2 13666 4078 4931
2 848 1261 13666
2 1261 848 9280
2 13666 4078 4931
2 13811 856 6712
2 856 1482 10201
2 12925 1482 14667
2 11869 3061 10584
2 10584 3061 1128
2 1128 3061 13166
2 14511 1128 13166
2 14511 13166 7973
2 3072 7973 13166
2 13166 3061 3072
2 7973 3072 9358
2 13166 3061 3072
2 3058 14667 4442
2 661 10203 10631
2 10203 661 1265
2 660 10203 1265
2 1265 1484 660
2 660 10203 1265
2 3059 3067 14667
2 12925 1482 14667
2 1265 1484 660
2 10201 1482 12925
2 6712 856 10201
2 1265 1484 660
2 2636 12306 2633
2 2633 12306 772
2 772 12306 14529
2 12771 772 14529
2 12771 14528 772
2 12306 3083 14529
2 14529 3083 7746
2 7746 3083 552
2 10270 7746 552
2 552 9080 10270
2 10270 9080 8833
2 8833 9080 4982
2 14500 8833 4982
2 14500 4982 1395
2 1395 12753 14500
2 14500 12753 1918
2 1918 12864 14500
2 12864 8005 14500
2 10797 14500 8005
2 8005 13252 10797
2 1790 10797 13252
2 1790 13252 6151
2 1790 6151 12524
2 6151 7054 12524
2 12524 7054 7759
2 7054 6142 7759
2 14499 7759 6142
2 6142 10709 14499
2 10709 7275 14499
2 14499 7275 9498
2 9498 7884 14499
2 7884 1327 14499
2 1327 7759 14499
2 7275 10709 2976
2 13295 2976 10709
2 10709 6142 13295
2 6142 8952 13295
2 8952 1834 13295
2 13295 1834 2976
2 2976 1834 1833
2 8952 11938 1834
2 11024 1834 11938
2 11024 11938 1272
2 11024 1272 14090
2 14090 1272 7474
2 14090 7474 10068
2 14090 10068 14512
2 13483 14090 14512
2 3620 13483 14512
2 3620 14512 12514
2 7474 14513 10068
2 837 14513 7474
2 7474 1272 837
2 1835 837 1272
2 1272 11938 1835
2 1835 11938 8952
2 1835 8952 13294
2 1835 13294 1523
2 11462 1835 1523
2 5707 11462 1523
2 6151 5707 1523
2 6151 1523 7054
2 7054 1523 13294
2 7054 13294 6142
2 6142 13294 8952
2 5707 6151 13252
2 1524 5707 13252
2 13252 8005 1524
2 8005 11890 1524
2 11890 9603 1524
2 1524 9603 1451
2 1524 1451 10871
2 1524 10871 8008
2 1524 8008 5707
2 5707 8008 11462
2 8008 837 11462
2 1835 11462 837
2 7106 837 8008
2 10871 7106 8008
2 3628 7106 10871
2 3628 10871 1451
2 3628 1451 5608
2 3628 5608 14514
2 8218 14514 5608
2 5608 4863 8218
2 14515 8218 4863
2 14515 4863 10743
2 14515 10743 292
2 14515 292 9992
2 14515 9992 910
2 8218 14515 910
2 10464 8218 910
2 10464 910 3071
2 6687 3071 910
2 6687 910 9992
2 14666 6687 9992
2 14666 9992 280
2 286 14666 280
2 280 322 286
2 286 322 296
2 14666 286 296
2 14666 296 8847
2 14668 14666 8847
2 5493 14668 8847
2 5493 8847 315
2 323 5493 315
2 323 315 322
2 323 322 341
2 323 341 14744
2 5094 323 14744
2 9387 5094 14744
2 9387 14744 12251
2 1811 9387 12251
2 12251 9529 1811
2 1811 9529 2765
2 1811 2765 13414
2 5030 1811 13414
2 5030 13414 11409
2 11409 9385 5030
2 9385 738 5030
2 5030 738 9571
2 5030 9571 9387
2 5030 9387 1811
2 9571 5094 9387
2 1948 5094 9571
2 5494 1948 9571
2 5494 9571 738
2 13262 5494 738
2 738 8853 13262
2 13262 8853 8036
2 8853 2636 8036
2 2636 8853 3083
2 2636 3083 12306
2 3083 8853 9385
2 9385 552 3083
2 552 9385 6950
2 552 6950 9080
2 6950 11409 9080
2 13414 9080 11409
2 1395 9080 13414
2 12753 1395 13414
2 2765 12753 13414
2 2142 12753 2765
2 9529 2142 2765
2 9529 13142 2142
2 2142 13142 8220
2 12753 2142 8220
2 12753 8220 1918
2 8220 7439 1918
2 7439 13357 1918
2 9128 1918 13357
2 9128 13357 2318
2 9128 2318 9603
2 9128 9603 11890
2 11890 1918 9128
2 12864 1918 11890
2 8005 12864 11890
2 1451 9603 2318
2 1451 2318 8396
2 5608 1451 8396
2 5608 8396 4863
2 4863 8396 4914
2 4863 4914 10743
2 10743 4914 11803
2 10743 11803 314
2 314 302 10743
2 292 10743 302
2 322 292 302
2 314 322 302
2 329 322 314
2 12738 329 314
2 11803 12738 314
2 4914 12738 11803
2 12738 4914 6389
2 12541 12738 6389
2 2967 12541 6389
2 2967 6389 13357
2 7439 2967 13357
2 7781 2967 7439
2 13142 7781 7439
2 8220 13142 7439
2 13142 1570 7781
2 346 7781 1570
2 346 1570 355
2 355 322 346
2 336 346 322
2 322 329 336
2 336 329 12541
2 7781 336 12541
2 7781 12541 2967
2 336 7781 346
2 12541 329 12738
2 336 7781 346
2 322 355 364
2 322 364 356
2 356 347 322
2 322 347 341
2 341 347 14744
2 14744 347 8899
2 14744 8899 9529
2 14744 9529 12251
2 9208 9529 8899
2 356 9208 8899
2 356 8899 347
2 356 1570 9208
2 9208 1570 9529
2 9529 1570 13142
2 356 364 1570
2 355 1570 364
2 9208 1570 9529
2 356 8899 347
2 356 8899 347
2 356 364 1570
2 355 1570 364
2 355 1570 364
2 336 7781 346
2 9529 1570 13142
2 7781 12541 2967
2 6389 2318 13357
2 4914 2318 6389
2 8396 2318 4914
2 7781 12541 2967
2 12541 329 12738
2 4914 2318 6389
2 12541 329 12738
2 322 329 336
2 280 292 322
2 292 280 9992
2 314 322 302
2 11803 12738 314
2 4914 12738 11803
2 8396 2318 4914
2 8396 2318 4914
2 6389 2318 13357
2 11890 1918 9128
2 7439 2967 13357
2 8220 13142 7439
2 8220 13142 7439
2 9529 1570 13142
2 12753 2142 8220
2 1395 4982 9080
2 6950 9385 11409
2 6950 9385 11409
2 8853 738 9385
2 8853 738 9385
2 5494 7605 1948
2 7605 14668 1948
2 1948 14668 5493
2 5094 1948 5493
2 5094 5493 323
2 6687 14668 7605
2 6687 7605 3071
2 5311 3071 7605
2 5494 5311 7605
2 14666 14668 6687
2 5494 5311 7605
2 5094 1948 5493
2 5494 9571 738
2 8853 738 9385
2 6950 9385 11409
2 13414 9080 11409
2 5030 9387 1811
2 2765 12753 13414
2 9529 2142 2765
2 14744 9529 12251
2 5030 9387 1811
2 14744 9529 12251
2 9571 5094 9387
2 5094 5493 323
2 341 347 14744
2 322 347 341
2 303 322 315
2 8847 303 315
2 8847 296 303
2 322 303 296
2 322 303 296
2 5094 5493 323
2 8847 303 315
2 1948 14668 5493
2 14666 14668 6687
2 8847 296 303
2 322 303 296
2 280 292 322
2 14666 286 296
2 292 280 9992
2 14666 14668 6687
2 6687 7605 3071
2 10464 14514 8218
2 6687 910 9992
2 292 280 9992
2 292 10743 302
2 4863 4914 10743
2 8218 14515 910
2 5608 8396 4863
2 10464 14514 8218
2 5608 1451 8396
2 10871 7106 8008
2 3628 10871 1451
2 1451 9603 2318
2 9128 9603 11890
2 8005 12864 11890
2 1524 8008 5707
2 5707 8008 11462
2 1835 11462 837
2 7054 1523 13294
2 6142 13294 8952
2 1835 11462 837
2 14513 837 11655
2 14506 14513 11655
2 7474 1272 837
2 1272 11938 1835
2 1835 11938 8952
2 6142 13294 8952
2 13295 1834 2976
2 10709 6142 13295
2 1327 7759 14499
2 7054 13294 6142
2 6151 1523 7054
2 5707 6151 13252
2 7828 10797 1790
2 10797 7828 8833
2 14500 10797 8833
2 13252 8005 1524
2 14500 10797 8833
2 8005 12864 11890
2 12864 1918 11890
2 12753 8220 1918
2 12753 1395 13414
2 1395 4982 9080
2 14500 10797 8833
2 1395 4982 9080
2 552 6950 9080
2 9385 552 3083
2 2636 3083 12306
2 2636 3083 12306
2 8853 2636 8036
2 10203 661 1265
2 13262 8853 8036
2 13262 5494 738
2 5494 5311 7605
2 661 10203 10631
2 3067 6548 10631
2 1129 11408 6548
2 1129 6548 9102
2 14510 1129 9102
2 1129 14510 9445
2 5311 3071 7605
2 1129 11408 6548
2 10464 910 3071
2 10464 14514 8218
2 1129 14510 9445
2 3628 5608 14514
2 3628 7106 10871
2 1129 14510 9445
2 7106 837 8008
2 14513 837 11655
2 14506 14513 11655
2 14510 1129 9102
2 1129 6548 9102
2 3067 3059 6548
2 3059 3058 14507
2 14506 14513 11655
2 7474 14513 10068
2 14090 10068 14512
2 3058 10584 14507
2 10584 3061 1128
2 3620 14512 12514
2 14511 1128 13166
2 3620 14512 12514
2 3620 14511 10557
2 3620 13483 14512
2 13483 14090 14512
2 11024 1272 14090
2 11024 1834 11938
2 2976 1834 1833
2 3620 12972 3885
2 3620 3884 12972
2 11445 1453 3884
2 3884 13311 1833
2 2976 1834 1833
2 7275 10709 2976
2 14499 7275 9498
2 9498 7884 14499
2 6498 14526 6563
2 9883 14526 6498
2 9883 6498 14525
2 9883 14525 769
2 14526 9883 769
2 12476 14526 769
2 769 14525 13167
2 13167 14525 768
2 14532 768 14525
2 14532 14525 1793
2 14532 1793 4627
2 14532 4627 3078
2 14532 3078 768
2 4627 1793 4074
2 4627 4074 1326
2 1534 4627 1326
2 1534 1326 4912
2 6053 1326 4074
2 6053 4074 1793
2 6053 1793 4303
2 6105 6053 4303
2 6105 4303 6471
2 8988 6105 6471
2 6471 4303 14496
2 8176 6471 14496
2 6999 8176 14496
2 6999 14496 7450
2 7450 14496 6498
2 12082 6498 14496
2 4303 12082 14496
2 1793 12082 4303
2 14525 12082 1793
2 14525 6498 12082
2 14525 6498 12082
2 11518 6471 8176
2 4303 12082 14496
2 6053 6105 11577
2 3497 6053 11577
2 3497 1326 6053
2 1793 12082 4303
2 3497 1326 6053
2 6053 4074 1793
2 14525 12082 1793
2 14532 3078 768
2 14525 6498 12082
2 14526 9883 769
2 1573 9498 8673
2 8673 7275 14674
2 6563 1573 8112
2 6498 14526 6563
2 7450 14496 6498
2 6999 14496 7450
2 14674 12230 14497
2 14674 12230 14497
2 14674 7275 10825
2 10825 13311 1453
2 1522 2974 14674
2 6999 12230 2974
2 6999 8176 14496
2 11518 6471 8176
2 2973 1832 9971
2 11518 6471 8176
2 8988 6105 6471
2 8988 6105 6471
2 6053 6105 11577
2 2740 6497 1521
2 2890 6497 8161
2 8459 2890 8161
2 8459 8161 6353
2 2890 8459 5823
2 8459 8161 6353
2 13320 6353 8784
2 9656 13320 1520
2 9656 13320 1520
2 9656 13526 13320
2 13526 6353 13320
2 3400 1575 11846
2 8459 8161 6353
2 11846 1575 12099
2 2890 8459 5823
2 1532 14530 9962
2 8459 12099 11172
2 11846 1575 12099
2 1532 14530 9962
2 1575 12736 7108
2 1530 764 7108
2 1532 14530 9962
2 765 5429 5799
2 5429 13171 2626
2 2626 13171 1263
2 2626 1263 3869
2 11380 1263 13171
2 2626 1263 3869
2 2626 5912 766
2 766 6308 5799
2 6308 14530 5799
2 5823 11172 14530
2 2890 8459 5823
2 2890 6497 8161
2 6497 11577 1521
2 3497 6053 11577
2 3497 1326 6053
2 1534 1326 4912
2 1791 2890 1576
2 1576 6308 12937
2 1534 1326 4912
2 12937 766 7734
2 5912 9563 7734
2 1534 4627 1326
2 14532 4627 3078
2 3869 9563 5912
2 2626 1263 3869
2 9563 10512 3078
2 14532 3078 768
2 13167 14525 768
2 769 14525 13167
2 12476 14526 769
2 12476 14526 769
2 1573 14526 8120
2 8120 7884 1573
2 7884 1327 14499
2 1327 7759 14499
2 12524 7054 7759
2 1790 6151 12524
2 7828 10797 1790
2 10797 7828 8833
2 10270 9080 8833
2 10270 7746 552
2 14529 3083 7746
2 14531 7828 7225
2 12771 772 14529
2 7225 7828 1328
2 12771 14528 772
2 6351 1328 12524
2 1327 10945 6351
2 12771 14528 772
2 2633 12306 772
2 2633 6712 1484
2 3081 13811 6712
2 10012 14528 10945
2 1327 14527 10945
2 6770 3081 12126
2 14527 7884 770
2 6770 3081 12126
2 848 4931 6770
2 770 8120 13304
2 13304 8120 8594
2 8594 12476 5880
2 1261 848 9280
2 769 2631 5880
2 9600 2631 1264
2 1261 848 9280
2 848 1261 13666
2 13666 4078 4931
2 6895 856 4078
2 4442 1482 6895
2 11869 3058 4442
2 11869 3061 10584
2 13166 3061 3072
2 1665 14735 6895
2 1665 1261 4573
2 3072 14735 8148
2 7973 3072 9358
2 678 14550 9358
2 7973 3072 9358
2 14511 13166 7973
2 10557 14511 3618
2 11901 7973 1127
2 2674 12998 14091
2 1127 14550 13385
2 11406 14508 13385
2 12998 2673 13060
2 13060 2673 3617
2 3895 1812 10316
2 10316 8347 3895
2 3895 8347 8124
2 8347 12505 8124
2 8124 12505 1831
2 8124 1831 5219
2 12505 3891 1831
2 3615 3891 12505
2 3615 12505 8347
2 10316 3615 8347
2 3615 12505 8347
2 10316 3615 8347
2 13060 2673 3617
2 12998 13060 14091
2 2674 14091 3618
2 3884 3618 11445
2 11445 1453 3884
2 1453 1832 2974
2 14091 8945 3892
2 2973 1832 9971
2 1812 8945 3617
2 1838 11518 9971
2 3895 1812 10316
2 8988 1838 13258
2 3895 8347 8124
2 8124 1831 5219
2 6105 13258 9197
2 11577 9197 1521
2 8124 1831 5219
2 1521 1829 2740
2 12505 3891 1831
2 13639 3891 13597
2 2740 1829 2970
2 1828 8784 2970
2 1828 3624 10630
2 13639 3891 13597
2 10630 3624 13842
2 12481 833 2685
2 10630 3624 13842
2 13320 10630 1825
2 9757 1520 1825
2 9757 13452 1520
2 1452 14006 10541
2 14006 13849 10541
2 13849 6085 10541
2 1787 6085 13849
2 13849 6085 10541
2 13525 9656 13452
2 10255 9656 13525
2 10255 10457 14502
2 1787 6085 13849
2 12229 14502 10457
2 1574 1525 12229
2 1574 14498 1795
2 1574 14737 1525
2 14743 13421 14737
2 14692 10505 271
2 13661 10505 14692
2 14692 3714 13661
2 13661 3714 3715
2 13661 3715 3996
2 3996 10505 13661
2 3996 2907 10505
2 13660 2907 3996
2 3996 3715 13660
2 13660 3715 1319
2 3821 13660 1319
2 11952 3821 1319
2 1319 3848 11952
2 13049 11952 3848
2 14021 13049 3848
2 3848 3188 14021
2 14021 3188 13257
2 14021 13257 3681
2 7278 14021 3681
2 13049 14021 7278
2 3524 13049 7278
2 7278 12102 3524
2 12102 12579 3524
2 12579 12978 3524
2 13808 3524 12978
2 3819 13808 12978
2 3819 12978 8966
2 3819 8966 11438
2 1318 3819 11438
2 11438 11810 1318
2 10206 1318 11810
2 10206 11810 13845
2 10206 13845 1036
2 10206 1036 7528
2 13832 10206 7528
2 13832 7528 1035
2 13832 1035 9416
2 1318 13832 9416
2 1318 9416 12096
2 12096 3819 1318
2 3819 12096 13808
2 13808 12096 7578
2 13808 7578 10856
2 13808 10856 3524
2 10856 13049 3524
2 10856 11952 13049
2 10856 7578 11952
2 7578 3821 11952
2 9416 3821 7578
2 9416 7578 12096
2 9416 1035 3821
2 1035 11564 3821
2 11564 2907 3821
2 3821 2907 13660
2 10856 7578 11952
2 9416 7578 12096
2 9416 7578 12096
2 13832 1318 10206
2 9416 1035 3821
2 7528 4000 1035
2 7528 9953 4000
2 6983 4000 9953
2 6983 9953 13293
2 13293 8023 6983
2 8023 10488 6983
2 10488 8023 11200
2 10488 11200 10173
2 10488 10173 5532
2 10173 11200 13100
2 10173 13100 2539
2 10411 2539 13100
2 14112 10411 13100
2 13100 11200 14112
2 14112 11200 14182
2 14182 14185 14112
2 14435 14112 14185
2 14185 14437 14435
2 14437 726 14435
2 726 10411 14435
2 14435 10411 14112
2 726 1098 10411
2 13272 10411 1098
2 1098 10833 13272
2 13272 10833 14436
2 14436 2539 13272
2 13272 2539 10411
2 10833 6696 14436
2 10833 1552 6696
2 11820 6696 1552
2 1098 1552 10833
2 1098 11370 1552
2 5237 1552 11370
2 5237 11370 9868
2 10319 5237 9868
2 13583 10319 9868
2 9868 11225 13583
2 13583 11225 105
2 13583 105 90
2 10319 13583 90
2 8243 10319 90
2 8243 90 111
2 111 1074 8243
2 8243 1074 9686
2 9686 10319 8243
2 9686 5237 10319
2 12579 5237 9686
2 12579 9686 8966
2 12579 8966 12978
2 9686 1074 8966
2 11438 8966 1074
2 1074 3852 11438
2 3852 11810 11438
2 3852 3849 11810
2 3849 13845 11810
2 13845 3849 1038
2 13845 1038 215
2 1036 13845 215
2 253 1036 215
2 13076 253 215
2 3507 13076 215
2 14660 3507 215
2 215 200 14660
2 14676 14660 200
2 200 1033 14676
2 14676 1033 2507
2 2507 219 14676
2 219 3333 14676
2 14660 14676 3333
2 14660 3333 1333
2 3507 14660 1333
2 3507 1333 13054
2 10665 3507 13054
2 10665 13054 3509
2 3509 6766 10665
2 10665 6766 12858
2 10665 12858 253
2 10665 253 13076
2 3507 10665 13076
2 278 253 12858
2 10472 278 12858
2 10472 12858 6766
2 4664 10472 6766
2 4664 6766 9629
2 4664 9629 7874
2 4664 7874 14625
2 10472 4664 14625
2 14625 8960 10472
2 10472 8960 262
2 278 10472 262
2 278 262 13293
2 13567 278 13293
2 13567 13293 9953
2 1036 13567 9953
2 1036 9953 7528
2 1036 253 13567
2 253 278 13567
2 253 278 13567
2 262 8023 13293
2 262 242 8023
2 8023 242 14182
2 8023 14182 11200
2 242 223 14182
2 14182 223 14185
2 223 198 14185
2 14437 14185 198
2 198 186 14437
2 167 14437 186
2 167 186 176
2 167 176 2067
2 167 2067 151
2 151 14437 167
2 14437 151 13484
2 14437 13484 726
2 13484 11225 726
2 11225 1098 726
2 9868 1098 11225
2 1098 9868 11370
2 11225 13484 105
2 13484 151 105
2 1657 105 151
2 1657 151 13071
2 1657 13071 1220
2 4336 1657 1220
2 10271 4336 1220
2 1220 2072 10271
2 2072 11966 10271
2 10271 11966 11089
2 11089 12694 10271
2 10271 12694 4336
2 498 4336 12694
2 498 12694 13086
2 13086 9135 498
2 9135 14329 498
2 14329 9728 498
2 14726 498 9728
2 14726 9728 13578
2 13601 14726 13578
2 13601 13578 105
2 13601 105 1657
2 14726 13601 1657
2 1657 4336 14726
2 498 14726 4336
2 13578 90 105
2 13388 90 13578
2 13388 13578 9728
2 14329 13388 9728
2 14329 10376 13388
2 13388 10376 111
2 90 13388 111
2 10376 133 111
2 133 1074 111
2 133 3817 1074
2 1074 3817 3852
2 3849 3852 3817
2 3817 1038 3849
2 3817 159 1038
2 159 1033 1038
2 200 1038 1033
2 200 215 1038
2 1033 159 3902
2 166 1033 3902
2 3422 166 3902
2 3422 3902 11485
2 11485 2107 3422
2 3422 2107 3421
2 14352 3422 3421
2 3485 14352 3421
2 3485 3421 8351
2 7813 3485 8351
2 7813 8351 14349
2 3486 7813 14349
2 11320 3486 14349
2 14378 11320 14349
2 14378 14349 3419
2 12451 14378 3419
2 3419 8502 12451
2 12451 8502 3903
2 12451 3903 12501
2 14378 12451 12501
2 12501 11611 14378
2 14378 11611 11320
2 11320 11611 12052
2 3486 11320 12052
2 12052 3488 3486
2 3488 7813 3486
2 3488 13144 7813
2 13144 3485 7813
2 13144 8679 3485
2 13143 3485 8679
2 8679 2279 13143
2 2279 108 13143
2 13143 108 96
2 96 12601 13143
2 12601 3485 13143
2 14352 3485 12601
2 12601 13352 14352
2 14352 13352 3422
2 13352 138 3422
2 3422 138 166
2 138 12667 166
2 166 12667 2587
2 2587 2507 166
2 166 2507 1033
2 2587 4043 2507
2 2507 4043 219
2 219 4043 1494
2 1494 236 219
2 219 236 14565
2 219 14565 3333
2 14565 3353 3333
2 3333 3353 1333
2 3353 12426 1333
2 3391 1333 12426
2 3352 3391 12426
2 12426 2170 3352
2 3352 2170 1999
2 1999 11781 3352
2 11781 3392 3352
2 13006 3352 3392
2 13006 3392 14544
2 3391 13006 14544
2 14544 3509 3391
2 3509 13054 3391
2 13054 1333 3391
2 3195 3509 14544
2 9264 3195 14544
2 14544 1960 9264
2 1960 2839 9264
2 8615 9264 2839
2 2839 12496 8615
2 8733 8615 12496
2 14644 8733 12496
2 14644 12496 7867
2 7867 13223 14644
2 13223 14111 14644
2 14644 14111 7076
2 7076 8733 14644
2 9715 8733 7076
2 7076 7866 9715
2 9715 7866 7874
2 7874 5806 9715
2 5806 3289 9715
2 9715 3289 8733
2 8733 3289 8615
2 3289 9264 8615
2 3289 3195 9264
2 3289 5806 3195
2 5806 3509 3195
2 5806 9629 3509
2 9629 6766 3509
2 9629 5806 7874
2 3289 5806 3195
2 9629 5806 7874
2 7874 7866 14625
2 7042 14625 7866
2 7042 7866 14574
2 7042 14574 13464
2 7042 13464 14478
2 14578 7042 14478
2 14578 14478 13495
2 14578 13495 14480
2 14480 12034 14578
2 8960 14578 12034
2 242 8960 12034
2 12034 223 242
2 198 223 12034
2 2655 198 12034
2 2655 12034 14480
2 2655 14480 10399
2 2655 10399 3301
2 2655 3301 1559
2 2655 1559 2648
2 198 2655 2648
2 186 198 2648
2 2648 199 186
2 199 2211 186
2 176 186 2211
2 2211 154 176
2 154 14233 176
2 176 14233 14242
2 14242 2067 176
2 2067 14242 12973
2 12973 1220 2067
2 2067 1220 13071
2 2067 13071 151
2 2072 1220 12973
2 2072 12973 12069
2 2072 12069 14243
2 2072 14243 11966
2 11966 14243 13957
2 11966 13957 1015
2 11966 1015 13466
2 11089 11966 13466
2 1219 11089 13466
2 1219 13466 1021
2 12573 1219 1021
2 10022 12573 1021
2 10022 1021 11948
2 10022 11948 3831
2 3956 10022 3831
2 3956 3831 12264
2 3956 12264 1020
2 3956 1020 12070
2 12070 4011 3956
2 4011 4621 3956
2 3956 4621 10022
2 10022 4621 12573
2 13089 12573 4621
2 13138 13089 4621
2 4621 4011 13138
2 1215 13138 4011
2 13121 1215 4011
2 13121 4011 12070
2 8752 13121 12070
2 3998 8752 12070
2 3998 12070 9794
2 3998 9794 12463
2 12463 4015 3998
2 4015 13429 3998
2 13429 8752 3998
2 14294 8752 13429
2 14294 13429 12759
2 14294 12759 1454
2 14294 1454 12543
2 14294 12543 14020
2 14294 14020 12710
2 14294 12710 8752
2 8752 12710 13121
2 12710 1215 13121
2 12710 4706 1215
2 4706 11275 1215
2 1215 11275 13138
2 11275 1455 13138
2 13138 1455 13089
2 13089 1455 12984
2 13089 12984 1216
2 1216 12573 13089
2 1216 1219 12573
2 12694 1219 1216
2 12694 1216 13086
2 13086 1216 12984
2 13086 12984 12997
2 8528 13086 12997
2 8528 12997 8774
2 8774 9135 8528
2 8528 9135 13086
2 8774 11568 9135
2 11568 3120 9135
2 3120 14329 9135
2 14329 3120 10376
2 10376 3120 2484
2 133 10376 2484
2 133 2484 159
2 133 159 3817
2 159 2484 3902
2 11485 3902 2484
2 11485 2484 2851
2 2107 11485 2851
2 2851 2849 2107
2 2107 2849 3923
2 2107 3923 3421
2 8228 3421 3923
2 3419 8228 3923
2 3419 3923 8502
2 8502 3923 10344
2 8502 10344 2487
2 3903 8502 2487
2 2487 11600 3903
2 11600 11672 3903
2 5932 3903 11672
2 5932 11672 7231
2 5932 7231 12500
2 5932 12500 9386
2 5932 9386 1143
2 12501 5932 1143
2 12501 1143 11611
2 1143 2734 11611
2 11611 2734 12052
2 2734 13907 12052
2 12643 12052 13907
2 12643 13907 9910
2 12643 9910 2290
2 1680 12643 2290
2 2292 1680 2290
2 1515 2292 2290
2 2290 1015 1515
2 1515 1015 13957
2 1515 13957 14243
2 1515 14243 13889
2 13889 2292 1515
2 14239 2292 13889
2 13889 12069 14239
2 14239 12069 14242
2 14239 14242 14233
2 14233 14300 14239
2 14300 9899 14239
2 9899 2292 14239
2 2292 9899 2279
2 2292 2279 12867
2 2292 12867 1680
2 12867 13144 1680
2 3488 1680 13144
2 1680 3488 12643
2 12643 3488 12052
2 12867 8679 13144
2 8679 12867 2279
2 8679 12867 2279
2 9899 14300 2279
2 14300 108 2279
2 108 14300 129
2 108 129 14098
2 10172 108 14098
2 9303 10172 14098
2 3223 9303 14098
2 3223 14098 2209
2 2209 14438 3223
2 14438 3183 3223
2 12029 3223 3183
2 2409 12029 3183
2 2409 3183 10780
2 10780 14179 2409
2 14179 10813 2409
2 10813 7573 2409
2 10581 2409 7573
2 7573 13518 10581
2 3186 10581 13518
2 13518 11265 3186
2 11783 3186 11265
2 2208 11783 11265
2 2208 11265 14439
2 2208 14439 14079
2 14099 2208 14079
2 14079 11750 14099
2 13012 14099 11750
2 135 13012 11750
2 135 11750 153
2 135 153 14264
2 14264 14261 135
2 13657 135 14261
2 14258 13657 14261
2 14258 14261 14262
2 14256 14258 14262
2 14266 14256 14262
2 14266 14262 5375
2 5375 14265 14266
2 14265 14257 14266
2 14257 1406 14266
2 14266 1406 14256
2 3577 14256 1406
2 3577 1406 3579
2 2786 3577 3579
2 3579 1443 2786
2 2020 2786 1443
2 2027 2020 1443
2 1443 1444 2027
2 2027 1444 1771
2 2027 1771 1768
2 2027 1768 12239
2 2027 12239 1769
2 1769 2020 2027
2 2020 1769 1187
2 2023 2020 1187
2 1187 2028 2023
2 2021 2023 2028
2 2021 2028 1753
2 1753 109 2021
2 2028 14411 1753
2 14411 14413 1753
2 143 1753 14413
2 165 143 14413
2 165 14413 14416
2 1195 165 14416
2 14416 14015 1195
2 14042 1195 14015
2 14703 14042 14015
2 14703 14015 668
2 14703 668 134
2 14703 134 13623
2 14703 13623 12793
2 14042 14703 12793
2 1195 14042 12793
2 1195 12793 14718
2 1195 14718 190
2 1195 190 165
2 190 2506 165
2 2030 165 2506
2 2505 2030 2506
2 214 2505 2506
2 2506 190 214
2 13235 214 190
2 14718 13235 190
2 13580 13235 14718
2 220 13580 14718
2 1256 220 14718
2 14718 12793 1256
2 12793 2206 1256
2 2206 702 1256
2 1422 1256 702
2 702 1423 1422
2 3115 1422 1423
2 13030 3115 1423
2 12991 13030 1423
2 12991 1423 12391
2 12991 12391 8548
2 12991 8548 3555
2 12991 3555 13030
2 5304 13030 3555
2 5304 3555 12261
2 5304 12261 12456
2 5304 12456 11595
2 5304 11595 14127
2 11808 5304 14127
2 11808 14127 13759
2 11808 13759 14005
2 3115 11808 14005
2 3115 13030 11808
2 13030 5304 11808
2 602 13759 14127
2 11017 602 14127
2 11017 14127 11595
2 3173 11017 11595
2 12485 3173 11595
2 12485 11595 2955
2 14027 12485 2955
2 11596 14027 2955
2 2955 9616 11596
2 3457 11596 9616
2 3457 9616 1421
2 12743 3457 1421
2 1421 9768 12743
2 12743 9768 13557
2 12743 13557 9887
2 9887 3457 12743
2 9887 12910 3457
2 2482 3457 12910
2 2482 12910 275
2 2482 275 250
2 2482 250 11247
2 2482 11247 2313
2 2313 11596 2482
2 3457 2482 11596
2 2313 14027 11596
2 13792 14027 2313
2 1581 13792 2313
2 3241 1581 2313
2 11247 3241 2313
2 3241 11247 3239
2 3239 2431 3241
2 2431 2434 3241
2 2434 2753 3241
2 2753 1581 3241
2 2753 2430 1581
2 2430 13792 1581
2 13792 2430 14434
2 1579 13792 14434
2 1579 14434 14431
2 14431 12777 1579
2 1579 12777 3173
2 1579 3173 12485
2 1579 12485 14027
2 13792 1579 14027
2 12777 8377 3173
2 8377 11017 3173
2 8377 602 11017
2 8377 8954 602
2 8954 2752 602
2 222 602 2752
2 212 222 2752
2 14432 212 2752
2 14432 2752 14429
2 14432 14429 14424
2 14424 156 14432
2 156 174 14432
2 183 14432 174
2 183 174 171
2 183 171 3185
2 183 3185 210
2 2047 183 210
2 2047 210 1207
2 1207 2048 2047
2 2048 12546 2047
2 2047 12546 212
2 183 2047 212
2 212 14432 183
2 212 12546 222
2 12546 1222 222
2 1222 732 222
2 257 222 732
2 257 602 222
2 602 257 13759
2 11491 732 1222
2 1222 2049 11491
2 11491 2049 7677
2 7677 2944 11491
2 2944 732 11491
2 732 2944 10814
2 10814 13604 732
2 13604 10814 14633
2 13651 13604 14633
2 14633 1722 13651
2 14633 14569 1722
2 2728 1722 14569
2 14569 1723 2728
2 11877 2728 1723
2 1734 11877 1723
2 1734 1723 3249
2 3249 10227 1734
2 10227 10818 1734
2 1735 1734 10818
2 14570 1735 10818
2 10227 14570 10818
2 10227 3258 14570
2 3258 11996 14570
2 10773 14570 11996
2 11037 10773 11996
2 11037 11996 3250
2 14573 11037 3250
2 3250 12221 14573
2 12221 7944 14573
2 7944 3256 14573
2 2725 14573 3256
2 3256 2269 2725
2 14448 2725 2269
2 2269 12674 14448
2 9866 14448 12674
2 9866 12674 14446
2 9866 14446 13530
2 13530 4527 9866
2 4527 12940 9866
2 14535 9866 12940
2 14535 12940 14697
2 12670 14535 14697
2 14697 11733 12670
2 12670 11733 14650
2 14650 3763 12670
2 12670 3763 11589
2 11589 14535 12670
2 11589 12051 14535
2 14535 12051 11769
2 14448 14535 11769
2 2725 14448 11769
2 2725 11769 9004
2 14573 2725 9004
2 9004 11037 14573
2 14704 11037 9004
2 9004 12993 14704
2 14704 12993 14452
2 14704 14452 12636
2 12636 1735 14704
2 14570 14704 1735
2 14704 14570 10773
2 14704 10773 11037
2 14442 1735 12636
2 14492 14442 12636
2 14452 14492 12636
2 14493 14492 14452
2 14452 12993 14493
2 12993 13072 14493
2 13072 12138 14493
2 14488 14493 12138
2 11860 14488 12138
2 2936 11860 12138
2 2936 12138 14489
2 14489 3763 2936
2 14650 2936 3763
2 2936 14650 13015
2 13015 13083 2936
2 13083 11860 2936
2 9209 11860 13083
2 9209 13083 14651
2 1633 9209 14651
2 1633 14651 14652
2 1633 14652 14698
2 3918 1633 14698
2 13053 3918 14698
2 13053 14698 12878
2 12878 14699 13053
2 12781 13053 14699
2 14699 14533 12781
2 12781 14533 14495
2 12781 14495 12297
2 3918 12781 12297
2 12297 2496 3918
2 2496 12614 3918
2 1633 3918 12614
2 1633 12614 14603
2 14603 9209 1633
2 9209 14603 11860
2 14603 14488 11860
2 14488 14603 8810
2 14488 8810 14492
2 14488 14492 14493
2 8810 14442 14492
2 2496 14442 8810
2 14603 2496 8810
2 2496 14603 12614
2 2496 9549 14442
2 1734 14442 9549
2 1734 9549 11877
2 11877 9549 14441
2 11877 14441 2728
2 14453 2728 14441
2 14495 14453 14441
2 12297 14495 14441
2 12297 14441 9549
2 2496 12297 9549
2 14494 14453 14495
2 14601 14494 14495
2 14495 14533 14601
2 14601 14533 12742
2 12742 14533 14699
2 4262 12742 14699
2 12878 4262 14699
2 4262 12878 3667
2 3679 4262 3667
2 3667 4096 3679
2 8391 3679 4096
2 4096 3748 8391
2 8391 3748 3751
2 8391 3751 3679
2 3679 3751 1039
2 14646 3679 1039
2 1039 264 14646
2 248 264 1039
2 4005 248 1039
2 4005 1039 3751
2 3750 4005 3751
2 3751 1205 3750
2 3750 1205 2049
2 2048 3750 2049
2 1222 2048 2049
2 12546 2048 1222
2 3750 2048 1207
2 1207 225 3750
2 3750 225 4005
2 225 248 4005
2 248 225 3947
2 248 3947 13934
2 248 13934 264
2 264 13934 11023
2 13934 1427 11023
2 1427 12641 11023
2 12641 2192 11023
2 2192 3356 11023
2 2192 9162 3356
2 3356 9162 1496
2 1496 9162 8286
2 1496 8286 3783
2 2046 3783 8286
2 2046 8286 11326
2 9432 2046 11326
2 9432 11326 2586
2 9055 9432 2586
2 2621 9055 2586
2 2621 2586 11422
2 2621 11422 8433
2 8433 11113 2621
2 11113 10740 2621
2 10486 2621 10740
2 10486 10740 3694
2 8446 10486 3694
2 3694 11711 8446
2 8446 11711 5280
2 12176 8446 5280
2 12176 5280 11062
2 1582 12176 11062
2 1582 11062 7520
2 1582 7520 12349
2 12349 12896 1582
2 12896 13631 1582
2 13631 10502 1582
2 12176 1582 10502
2 10502 4067 12176
2 12176 4067 8446
2 8446 4067 10486
2 4067 2621 10486
2 9055 2621 4067
2 10502 9055 4067
2 13631 9055 10502
2 9055 13631 9432
2 13631 2032 9432
2 2032 2505 9432
2 2046 9432 2505
2 2046 2505 11207
2 2046 11207 3783
2 11207 228 3783
2 11207 214 228
2 228 214 14601
2 13235 14601 214
2 13235 14494 14601
2 14494 13235 13580
2 618 14494 13580
2 1722 618 13580
2 11267 1722 13580
2 220 11267 13580
2 11267 220 14672
2 1722 11267 14672
2 14672 220 1422
2 1422 220 1256
2 1722 11267 14672
2 618 1722 2728
2 618 2728 14453
2 618 14453 14494
2 618 14453 14494
2 11207 2505 214
2 11207 2505 214
2 2505 2032 2030
2 4068 2030 2032
2 4068 2032 12896
2 12349 4068 12896
2 4068 12349 14039
2 4068 14039 109
2 13275 14039 12349
2 13275 12349 7520
2 10129 13275 7520
2 3458 10129 7520
2 11062 3458 7520
2 10674 3458 11062
2 10674 11062 5280
2 5307 10674 5280
2 5280 11711 5307
2 11711 7177 5307
2 7177 10172 5307
2 10172 7693 5307
2 7693 5203 5307
2 5203 10674 5307
2 10674 5203 3458
2 5203 13478 3458
2 13478 9645 3458
2 3458 9645 10129
2 10129 9645 13968
2 10129 13968 13275
2 13968 107 13275
2 135 107 13968
2 135 13968 13012
2 13968 9645 13012
2 13012 9645 14099
2 9645 13478 14099
2 13478 13215 14099
2 14099 13215 11783
2 14099 11783 2208
2 13215 3225 11783
2 11783 3225 3186
2 3225 9843 3186
2 9843 12029 3186
2 3186 12029 10581
2 12029 2409 10581
2 9843 3223 12029
2 9843 3119 3223
2 3223 3119 9303
2 9303 3119 7693
2 10172 9303 7693
2 7693 3119 5203
2 3119 11764 5203
2 11764 13478 5203
2 13478 11764 13215
2 3225 13215 11764
2 11764 3119 3225
2 3225 3119 9843
2 11764 3119 3225
2 3225 3119 9843
2 3225 3119 9843
2 3225 13215 11764
2 13478 11764 13215
2 135 13657 107
2 13657 13897 107
2 13657 1598 13897
2 13057 13897 1598
2 8490 13057 1598
2 1598 14256 8490
2 8490 14256 3577
2 3577 2786 8490
2 8490 2786 11848
2 8490 11848 2021
2 13057 8490 2021
2 2021 11848 2023
2 11848 2786 2023
2 2020 2023 2786
2 11848 2786 2023
2 14256 1598 14258
2 14258 1598 13657
2 13057 8490 2021
2 14258 1598 13657
2 13968 9645 13012
2 9645 13478 14099
2 11764 13478 5203
2 7693 3119 5203
2 10172 9303 7693
2 7177 12132 10172
2 12132 108 10172
2 108 12132 96
2 9422 96 12132
2 9422 12132 7177
2 11231 9422 7177
2 3694 11231 7177
2 3694 7177 11711
2 11009 11231 3694
2 3694 10740 11009
2 11009 10740 3693
2 3693 9422 11009
2 11009 9422 11231
2 3693 119 9422
2 96 9422 119
2 12601 96 119
2 12601 119 13352
2 119 138 13352
2 10820 138 119
2 3693 10820 119
2 10820 3693 12667
2 138 10820 12667
2 12667 3693 2622
2 12667 2622 2587
2 2587 2622 8433
2 2587 8433 2585
2 2587 2585 4043
2 3781 4043 2585
2 2585 2045 3781
2 2899 3781 2045
2 5874 2899 2045
2 11422 5874 2045
2 8433 11422 2045
2 2585 8433 2045
2 2586 5874 11422
2 2586 3782 5874
2 3782 10940 5874
2 10940 2899 5874
2 5262 2899 10940
2 9162 5262 10940
2 9162 10940 3782
2 9162 3782 8286
2 11326 8286 3782
2 11326 3782 2586
2 7013 5262 9162
2 2192 7013 9162
2 2192 7573 7013
2 7013 7573 10494
2 7013 10494 5262
2 5262 10494 5271
2 11398 5262 5271
2 10771 11398 5271
2 12152 10771 5271
2 7882 12152 5271
2 14179 7882 5271
2 10494 14179 5271
2 10813 14179 10494
2 7573 10813 10494
2 14179 5928 7882
2 7882 5928 239
2 7882 239 12152
2 239 267 12152
2 267 10771 12152
2 10771 267 258
2 10771 258 1494
2 10771 1494 7416
2 10771 7416 11398
2 11398 7416 5262
2 5262 7416 2899
2 7416 3781 2899
2 1494 3781 7416
2 3781 1494 4043
2 1494 3781 7416
2 236 1494 258
2 236 258 2173
2 14565 236 2173
2 14568 14565 2173
2 2173 12908 14568
2 12908 2174 14568
2 2170 14568 2174
2 2170 2174 2166
2 2170 2166 1999
2 1999 2166 14559
2 3571 1999 14559
2 3222 3571 14559
2 3222 14559 10471
2 10281 3222 10471
2 10281 10471 5340
2 3568 10281 5340
2 3568 5340 4716
2 3568 4716 12038
2 12038 9865 3568
2 9865 14663 3568
2 14663 10281 3568
2 14663 10606 10281
2 10606 3571 10281
2 10281 3571 3222
2 10606 9657 3571
2 9657 2055 3571
2 2055 3392 3571
2 3571 3392 11781
2 1999 3571 11781
2 2055 8712 3392
2 8712 1960 3392
2 1960 14544 3392
2 1960 8712 2839
2 3510 2839 8712
2 12985 3510 8712
2 12985 8712 9657
2 9657 14546 12985
2 9129 12985 14546
2 9129 14546 3511
2 3511 3099 9129
2 3099 3409 9129
2 9129 3409 5888
2 5888 12985 9129
2 3510 12985 5888
2 8305 3510 5888
2 8305 5888 3409
2 8305 3409 3274
2 3408 8305 3274
2 3408 3274 13223
2 3408 13223 7867
2 7867 9032 3408
2 3510 3408 9032
2 9032 2839 3510
2 2839 9032 12496
2 7867 12496 9032
2 3510 8305 3408
2 7867 12496 9032
2 3274 9997 13223
2 13223 9997 3273
2 13223 3273 14111
2 10872 14111 3273
2 10872 3273 9997
2 9997 14576 10872
2 10872 14576 1429
2 10872 1429 14481
2 14574 10872 14481
2 14574 14481 13464
2 1430 13464 14481
2 14481 2656 1430
2 1430 2656 9951
2 1430 9951 3876
2 3876 10083 1430
2 1430 10083 14478
2 1430 14478 13464
2 10083 2649 14478
2 2649 13495 14478
2 2649 14480 13495
2 10399 14480 2649
2 2649 3301 10399
2 12859 3301 2649
2 3876 12859 2649
2 3876 2649 10083
2 1488 12859 3876
2 1488 3876 10473
2 1488 10473 2504
2 13474 1488 2504
2 13801 13474 2504
2 2503 13801 2504
2 2503 2504 7399
2 2503 7399 3377
2 2503 3377 6070
2 2503 6070 1747
2 7280 2503 1747
2 2166 7280 1747
2 2166 1747 2167
2 14559 2166 2167
2 10471 14559 2167
2 1309 10471 2167
2 1309 2167 8382
2 2862 1309 8382
2 2862 8382 6070
2 6070 3377 2862
2 3377 2919 2862
2 2862 2919 13018
2 1309 2862 13018
2 13018 11181 1309
2 10471 1309 11181
2 5340 10471 11181
2 1749 5340 11181
2 1749 11181 2872
2 7036 1749 2872
2 5986 7036 2872
2 1669 5986 2872
2 13018 1669 2872
2 2872 11181 13018
2 2919 1669 13018
2 1669 2919 1557
2 1669 1557 10171
2 1669 10171 5986
2 10171 14581 5986
2 5986 14581 3370
2 5986 3370 7036
2 3370 2863 7036
2 2863 10864 7036
2 10864 1749 7036
2 1749 10864 4716
2 1749 4716 5340
2 10864 2168 4716
2 13788 4716 2168
2 14560 13788 2168
2 14560 2168 10363
2 14560 10363 2782
2 14560 2782 5060
2 12218 14560 5060
2 3566 12218 5060
2 5060 14561 3566
2 3566 14561 5105
2 5105 4468 3566
2 3566 4468 7995
2 3566 7995 3350
2 3566 3350 12218
2 12218 3350 6844
2 14560 12218 6844
2 12038 14560 6844
2 6844 9865 12038
2 6844 3350 9865
2 3350 6198 9865
2 9865 6198 11455
2 9865 11455 14663
2 11455 14546 14663
2 14663 14546 9657
2 14663 9657 10606
2 3511 14546 11455
2 3511 11455 6198
2 3511 6198 6227
2 11995 3511 6227
2 3407 11995 6227
2 3407 6227 3104
2 11544 3407 3104
2 11544 3104 3284
2 10803 11544 3284
2 1298 10803 3284
2 1298 3284 3100
2 1298 3100 10722
2 4075 1298 10722
2 4075 10722 1299
2 14110 4075 1299
2 1299 11490 14110
2 14110 11490 10603
2 10603 8299 14110
2 14110 8299 7219
2 14110 7219 12436
2 12436 4075 14110
2 14482 4075 12436
2 9420 14482 12436
2 9420 12436 3306
2 9420 3306 6422
2 6422 1562 9420
2 2659 9420 1562
2 2659 1562 13226
2 2659 13226 11921
2 2659 11921 9001
2 2659 9001 14482
2 2659 14482 9420
2 9001 13632 14482
2 14482 13632 4075
2 1298 4075 13632
2 14579 1298 13632
2 14579 13632 9001
2 14579 9001 2658
2 14579 2658 9131
2 10803 14579 9131
2 7349 10803 9131
2 7349 9131 14580
2 11630 7349 14580
2 14580 1297 11630
2 11630 1297 3099
2 11995 11630 3099
2 11995 3099 3511
2 14645 11630 11995
2 11995 3407 14645
2 11544 14645 3407
2 10803 14645 11544
2 10803 7349 14645
2 14645 7349 11630
2 14645 7349 11630
2 3099 1297 3274
2 3274 3409 3099
2 3274 1297 9997
2 1297 14576 9997
2 1297 6134 14576
2 14479 14576 6134
2 14580 14479 6134
2 1297 14580 6134
2 14479 14580 7648
2 14479 7648 1561
2 14479 1561 12109
2 14479 12109 3303
2 9784 14479 3303
2 1429 9784 3303
2 3303 2656 1429
2 2656 14481 1429
2 3303 1560 2656
2 9951 2656 1560
2 1557 9951 1560
2 1560 10171 1557
2 10171 1560 7934
2 14581 10171 7934
2 14581 7934 13718
2 11801 14581 13718
2 11801 13718 1561
2 1561 7590 11801
2 7590 3370 11801
2 3370 14581 11801
2 12763 3370 7590
2 11254 12763 7590
2 1561 11254 7590
2 7648 11254 1561
2 7648 2658 11254
2 8102 11254 2658
2 13226 8102 2658
2 11921 13226 2658
2 11921 2658 9001
2 13226 14584 8102
2 14584 12763 8102
2 11254 8102 12763
2 14584 3371 12763
2 3371 9769 12763
2 3370 12763 9769
2 3370 9769 2863
2 9769 10243 2863
2 12208 2863 10243
2 1751 12208 10243
2 10243 2868 1751
2 2868 9398 1751
2 14105 1751 9398
2 1310 14105 9398
2 2866 1310 9398
2 2868 2866 9398
2 1670 2866 2868
2 11050 1670 2868
2 3371 11050 2868
2 10243 3371 2868
2 9769 3371 10243
2 3371 14584 11050
2 11050 14584 9518
2 11050 9518 5500
2 1670 11050 5500
2 1670 5500 14586
2 1670 14586 10521
2 1670 10521 13377
2 1670 13377 2866
2 2866 13377 1310
2 13377 2867 1310
2 2867 12438 1310
2 1310 12438 6911
2 1310 6911 14105
2 14105 6911 14561
2 14105 14561 5060
2 5060 2782 14105
2 14105 2782 1751
2 12208 1751 2782
2 2782 10363 12208
2 10363 2168 12208
2 1750 12208 2168
2 2168 10864 1750
2 2863 1750 10864
2 2863 12208 1750
2 2863 12208 1750
2 6911 11621 14561
2 14561 11621 5105
2 11621 1997 5105
2 1997 8792 5105
2 8792 4468 5105
2 10084 4468 8792
2 8792 12720 10084
2 3513 10084 12720
2 3513 12720 11972
2 3513 11972 3100
2 3513 3100 10244
2 10244 14538 3513
2 3513 14538 10084
2 14538 4468 10084
2 14538 7995 4468
2 14538 3350 7995
2 3350 14538 10470
2 3350 10470 6198
2 10470 6227 6198
2 6227 10470 3104
2 14538 3104 10470
2 3104 14538 10244
2 10244 11864 3104
2 3284 3104 11864
2 3284 11864 3100
2 10244 3100 11864
2 10244 3100 11864
2 14538 3104 10470
2 3104 14538 10244
2 10244 3100 11864
2 3100 11972 10374
2 3100 10374 1299
2 10722 3100 1299
2 10374 11490 1299
2 13637 11490 10374
2 10374 3105 13637
2 3105 6579 13637
2 6579 8441 13637
2 8441 11490 13637
2 11490 8441 10603
2 10603 8441 6281
2 6281 8299 10603
2 6281 14483 8299
2 8299 14483 11039
2 8299 11039 7219
2 11039 3306 7219
2 7219 3306 12436
2 1563 3306 11039
2 1563 11039 7428
2 10636 1563 7428
2 1564 10636 7428
2 10620 1564 7428
2 10620 7428 14483
2 5829 10620 14483
2 5829 14483 2476
2 14484 5829 2476
2 14484 2476 10383
2 14484 10383 7589
2 14484 7589 7657
2 6663 14484 7657
2 6663 7657 14577
2 14577 10263 6663
2 1566 6663 10263
2 11364 1566 10263
2 3874 11364 10263
2 3874 10263 2660
2 3874 2660 3312
2 3309 3874 3312
2 3309 3312 2651
2 11055 3309 2651
2 3300 11055 2651
2 2651 10423 3300
2 10423 281 3300
2 281 287 3300
2 3300 287 298
2 3300 298 9907
2 3300 9907 14690
2 11055 3300 14690
2 3309 11055 14690
2 3309 14690 7175
2 3309 7175 14583
2 3874 3309 14583
2 3874 14583 8778
2 3874 8778 11364
2 11364 8778 3875
2 3875 1566 11364
2 1566 3875 9017
2 10588 1566 9017
2 3307 10588 9017
2 3307 9017 13238
2 3307 13238 1564
2 3307 1564 10620
2 3307 10620 5829
2 3307 5829 14484
2 3307 14484 10588
2 14484 6663 10588
2 1566 10588 6663
2 1564 13238 6655
2 1564 6655 11272
2 1564 11272 1674
2 10636 1564 1674
2 10636 1674 1563
2 5594 1563 1674
2 1489 5594 1674
2 1674 7541 1489
2 1489 7541 2864
2 2864 5776 1489
2 1489 5776 3372
2 3372 5594 1489
2 3372 14586 5594
2 5594 14586 6422
2 1563 5594 6422
2 3306 1563 6422
2 6422 14586 1562
2 1562 14586 5500
2 1562 5500 9518
2 1562 9518 13226
2 9518 14584 13226
2 10521 14586 3372
2 10521 3372 2867
2 13377 10521 2867
2 5776 2867 3372
2 2867 5776 7634
2 2867 7634 12438
2 2172 12438 7634
2 2172 7634 9213
2 9213 8644 2172
2 8644 14563 2172
2 6911 2172 14563
2 6911 14563 11621
2 11621 14563 1997
2 1997 14563 8710
2 3398 1997 8710
2 3398 8710 3514
2 3398 3514 10204
2 3398 10204 10676
2 3398 10676 14541
2 3398 14541 8792
2 8792 1997 3398
2 8792 14541 12720
2 12720 14541 11972
2 11972 14541 3105
2 11972 3105 10374
2 3105 14541 10676
2 10676 7768 3105
2 3105 7768 6579
2 7768 10257 6579
2 10257 8441 6579
2 10257 1301 8441
2 8441 1301 6281
2 6281 1301 2476
2 2476 14483 6281
2 8270 2476 1301
2 3288 8270 1301
2 9802 3288 1301
2 9802 1301 10257
2 7768 9802 10257
2 7768 3517 9802
2 3517 3288 9802
2 3288 3517 8751
2 3288 8751 3111
2 3111 7534 3288
2 7534 1302 3288
2 3288 1302 8270
2 10383 8270 1302
2 7589 10383 1302
2 7589 1302 7478
2 14577 7589 7478
2 14577 7478 2477
2 14577 2477 4949
2 2660 14577 4949
2 2660 4949 3312
2 4949 14575 3312
2 3312 14575 10687
2 3312 10687 2651
2 1428 2651 10687
2 10687 10396 1428
2 1428 10396 304
2 304 290 1428
2 10423 1428 290
2 10423 290 281
2 324 281 290
2 290 304 324
2 324 304 319
2 319 330 324
2 324 330 337
2 337 348 324
2 324 348 358
2 359 324 358
2 358 11886 359
2 11886 12462 359
2 12462 349 359
2 324 359 349
2 324 349 342
2 342 332 324
2 324 332 317
2 317 305 324
2 305 298 324
2 324 298 287
2 287 281 324
2 9907 298 305
2 4526 9907 305
2 4526 305 317
2 12014 4526 317
2 317 9914 12014
2 7620 12014 9914
2 9914 1308 7620
2 1308 10731 7620
2 10731 3367 7620
2 7620 3367 9216
2 7620 9216 4526
2 7620 4526 12014
2 9216 14690 4526
2 4526 14690 9907
2 3367 14690 9216
2 14690 3367 7175
2 7175 3367 11760
2 7175 11760 14583
2 14587 14583 11760
2 13445 14587 11760
2 1491 13445 11760
2 11760 3367 1491
2 1491 3367 10731
2 8891 1491 10731
2 8891 10731 13279
2 8891 13279 1752
2 13626 8891 1752
2 2501 13626 1752
2 2501 1752 10409
2 2501 10409 2169
2 2169 2865 2501
2 3378 2501 2865
2 3378 2865 13046
2 13046 14587 3378
2 3378 14587 13445
2 13445 2501 3378
2 2501 13445 13626
2 13445 1491 13626
2 13626 1491 8891
2 13046 8778 14587
2 14587 8778 14583
2 3875 8778 13046
2 3875 13046 14588
2 3875 14588 10017
2 11433 3875 10017
2 11433 10017 1490
2 6655 11433 1490
2 7541 6655 1490
2 7541 1490 11532
2 7541 11532 2864
2 2864 11532 4916
2 4916 9213 2864
2 9213 7634 2864
2 5776 2864 7634
2 14562 9213 4916
2 14562 4916 12317
2 14562 12317 1660
2 14562 1660 3514
2 14562 3514 8644
2 14562 8644 9213
2 8644 3514 8710
2 8710 14563 8644
2 3572 3514 1660
2 3572 1660 6640
2 3572 6640 3351
2 3572 3351 12957
2 12957 10204 3572
2 3514 3572 10204
2 10204 12957 14540
2 10676 10204 14540
2 14540 7768 10676
2 14540 3517 7768
2 3517 14540 12904
2 3517 12904 8291
2 3517 8291 8751
2 8751 8291 3111
2 12905 3111 8291
2 12905 8291 3351
2 12905 3351 8245
2 14543 12905 8245
2 14543 8245 14547
2 14543 14547 11639
2 14543 11639 11790
2 14543 11790 3111
2 14543 3111 12905
2 3111 11790 7534
2 11790 3412 7534
2 8946 7534 3412
2 11796 8946 3412
2 14671 11796 3412
2 3412 10570 14671
2 10570 12553 14671
2 12553 9221 14671
2 2477 14671 9221
2 2477 9221 4949
2 9221 14575 4949
2 14575 9221 2469
2 14575 2469 10687
2 10687 2469 10396
2 3717 10396 2469
2 3717 2469 13128
2 3717 13128 9691
2 3717 9691 3098
2 11393 3717 3098
2 319 11393 3098
2 3098 330 319
2 337 330 3098
2 8069 337 3098
2 3107 8069 3098
2 3107 3098 9691
2 3107 9691 12726
2 3107 12726 14542
2 14536 3107 14542
2 14536 14542 14545
2 11886 14536 14545
2 14566 11886 14545
2 14566 14545 12938
2 12938 14677 14566
2 14677 12462 14566
2 11886 14566 12462
2 14677 12766 12462
2 12766 349 12462
2 342 349 12766
2 12766 2164 342
2 342 2164 332
2 2164 9914 332
2 332 9914 317
2 2164 1308 9914
2 2164 11081 1308
2 11081 13279 1308
2 13279 10731 1308
2 11081 1752 13279
2 7705 1752 11081
2 14677 7705 11081
2 14677 11081 2164
2 14677 2164 12766
2 7705 14677 12938
2 7705 12938 2000
2 14558 7705 2000
2 11945 14558 2000
2 11945 2000 13332
2 11945 13332 14548
2 3354 11945 14548
2 14547 3354 14548
2 14539 14547 14548
2 14539 14548 13270
2 14539 13270 10236
2 14539 10236 3516
2 11639 14539 3516
2 11639 3516 11790
2 3412 11790 3516
2 3412 3516 10570
2 10570 3516 10236
2 10570 10236 3102
2 10570 3102 12553
2 12553 3102 5506
2 5506 9221 12553
2 5506 2469 9221
2 13128 2469 5506
2 5506 3102 13128
2 13128 3102 9691
2 12726 9691 3102
2 12726 3102 3103
2 3103 14537 12726
2 12726 14537 13359
2 12726 13359 14542
2 14542 13359 12004
2 14542 12004 14545
2 14545 12004 13008
2 12938 14545 13008
2 12938 13008 2000
2 13008 9002 2000
2 9002 13332 2000
2 9002 14537 13332
2 13332 14537 13270
2 13332 13270 14548
2 13270 14537 3103
2 13270 3103 10236
2 10236 3103 3102
2 9002 12004 14537
2 13359 14537 12004
2 13008 12004 9002
2 13008 12004 9002
2 13008 12004 9002
2 13359 14537 12004
2 13359 14537 12004
2 13270 14537 3103
2 10236 3103 3102
2 5506 3102 13128
2 10236 3103 3102
2 11639 14547 14539
2 10570 3516 10236
2 13270 3103 10236
2 13332 13270 14548
2 11639 14547 14539
2 3354 14547 9070
2 9923 3354 9070
2 14567 9923 9070
2 14567 9070 3347
2 3347 6640 14567
2 6036 14567 6640
2 6036 6640 1660
2 12317 6036 1660
2 12317 9082 6036
2 6036 9082 1748
2 6036 1748 14564
2 6036 14564 14567
2 9923 14567 14564
2 9923 14564 14557
2 14557 1998 9923
2 3354 9923 1998
2 3354 1998 11945
2 1998 14558 11945
2 1998 14557 14558
2 2169 14558 14557
2 14557 9403 2169
2 2169 9403 2865
2 9403 11533 2865
2 2865 11533 14588
2 13046 2865 14588
2 11533 10017 14588
2 11533 6800 10017
2 10017 6800 1490
2 1490 6800 11532
2 11532 6800 9082
2 4916 11532 9082
2 12317 4916 9082
2 6800 1748 9082
2 6800 11533 1748
2 9403 1748 11533
2 9403 14564 1748
2 14557 14564 9403
2 6800 11533 1748
2 9403 1748 11533
2 14557 14564 9403
2 2169 10409 14558
2 10409 1752 14558
2 14558 1752 7705
2 1998 14557 14558
2 14557 14564 9403
2 9403 14564 1748
2 6800 1748 9082
2 12317 4916 9082
2 6036 14564 14567
2 6640 3347 3351
2 3347 8245 3351
2 3347 14547 8245
2 9070 14547 3347
2 9070 14547 3347
2 9923 14567 14564
2 3354 9923 1998
2 9070 14547 3347
2 3354 1998 11945
2 13332 13270 14548
2 9002 13332 2000
2 1998 14558 11945
2 14558 1752 7705
2 12938 13008 2000
2 14558 1752 7705
2 14677 11081 2164
2 14677 2164 12766
2 14677 2164 12766
2 7705 14677 12938
2 12938 14545 13008
2 11886 14566 12462
2 348 14536 11886
2 348 11886 358
2 14536 348 337
2 8069 14536 337
2 3107 14536 8069
2 14542 12004 14545
2 3107 14536 8069
2 12726 13359 14542
2 12726 9691 3102
2 3107 14536 8069
2 8069 14536 337
2 11393 319 304
2 11393 304 10396
2 3717 11393 10396
2 3717 11393 10396
2 3107 3098 9691
2 13128 3102 9691
2 13128 2469 5506
2 3717 11393 10396
2 5506 2469 9221
2 2477 7478 14671
2 14671 7478 11796
2 11796 7478 8946
2 7478 1302 8946
2 8946 1302 7534
2 5506 9221 12553
2 10570 3102 12553
2 3412 3516 10570
2 14671 7478 11796
2 11796 7478 8946
2 8946 1302 7534
2 3412 11790 3516
2 11639 3516 11790
2 11639 14547 14539
2 3347 14547 8245
2 14543 3111 12905
2 3347 8245 3351
2 8291 12904 3351
2 12904 12957 3351
2 12904 14540 12957
2 14543 3111 12905
2 8291 12904 3351
2 12904 14540 12957
2 12904 14540 12957
2 12904 12957 3351
2 6640 3347 3351
2 6036 6640 1660
2 3514 3572 10204
2 12317 6036 1660
2 12317 4916 9082
2 14562 8644 9213
2 4916 11532 9082
2 1490 6800 11532
2 7541 11272 6655
2 1674 11272 7541
2 9017 11433 6655
2 13238 9017 6655
2 9017 3875 11433
2 10017 6800 1490
2 9017 3875 11433
2 11533 10017 14588
2 13046 2865 14588
2 13046 2865 14588
2 13445 2501 3378
2 2169 9403 2865
2 2169 10409 14558
2 10409 1752 14558
2 2501 13445 13626
2 13626 1491 8891
2 11081 1752 13279
2 13279 10731 1308
2 13626 1491 8891
2 13445 1491 13626
2 3378 14587 13445
2 14587 8778 14583
2 11760 3367 1491
2 3367 14690 9216
2 1491 3367 10731
2 13279 10731 1308
2 2164 1308 9914
2 7620 4526 12014
2 332 9914 317
2 7620 4526 12014
2 4526 14690 9907
2 4526 305 317
2 332 9914 317
2 342 2164 332
2 342 349 12766
2 12766 349 12462
2 11886 14566 12462
2 348 11886 358
2 324 359 349
2 348 11886 358
2 14536 348 337
2 337 330 3098
2 3098 330 319
2 11393 319 304
2 287 281 324
2 2651 1428 10423
2 290 304 324
2 11393 304 10396
2 10687 2469 10396
2 2651 1428 10423
2 14575 2469 10687
2 9221 14575 4949
2 14577 2660 10263
2 2477 9221 4949
2 2477 7478 14671
2 7657 7589 14577
2 7478 1302 8946
2 10383 2476 8270
2 8946 1302 7534
2 3111 11790 7534
2 8751 8291 3111
2 3517 8291 8751
2 14540 3517 7768
2 3517 3288 9802
2 3288 1302 8270
2 10383 2476 8270
2 9802 1301 10257
2 7768 9802 10257
2 14540 7768 10676
2 3105 14541 10676
2 10676 10204 14540
2 3514 3572 10204
2 8644 3514 8710
2 8792 1997 3398
2 8710 14563 8644
2 12438 2172 6911
2 8710 14563 8644
2 14562 8644 9213
2 9213 7634 2864
2 12438 2172 6911
2 5776 2864 7634
2 5776 2867 3372
2 5776 2864 7634
2 7541 11532 2864
2 1674 11272 7541
2 3372 5594 1489
2 1563 5594 6422
2 1674 11272 7541
2 7541 11272 6655
2 13238 9017 6655
2 13238 9017 6655
2 3307 14484 10588
2 1566 10588 6663
2 9017 3875 11433
2 3875 8778 13046
2 14587 8778 14583
2 7175 11760 14583
2 14690 3367 7175
2 4526 14690 9907
2 9907 298 305
2 324 298 287
2 287 281 324
2 10423 290 281
2 2651 1428 10423
2 11055 3300 14690
2 3309 11055 14690
2 3312 10687 2651
2 3874 3309 14583
2 2660 4949 3312
2 14577 2660 10263
2 3874 8778 11364
2 3875 1566 11364
2 1566 10588 6663
2 14577 2660 10263
2 7657 7589 14577
2 14484 6663 10588
2 7657 7589 14577
2 7589 10383 1302
2 10383 2476 8270
2 3307 5829 14484
2 2476 14483 6281
2 3307 10620 5829
2 14483 7428 11039
2 3307 1564 10620
2 10636 1564 1674
2 10636 1674 1563
2 14483 7428 11039
2 3306 1563 6422
2 14483 7428 11039
2 2476 14483 6281
2 8441 1301 6281
2 10257 8441 6579
2 3105 7768 6579
2 11972 3105 10374
2 8441 11490 13637
2 11972 3105 10374
2 12720 14541 11972
2 3513 14538 10084
2 8792 14541 12720
2 14538 4468 10084
2 8792 1997 3398
2 11621 14563 1997
2 6911 14563 11621
2 12438 2172 6911
2 2867 7634 12438
2 13377 10521 2867
2 13377 10521 2867
2 10521 14586 3372
2 1562 14586 5500
2 1562 5500 9518
2 9518 14584 13226
2 1670 11050 5500
2 1670 13377 2866
2 2866 13377 1310
2 1310 6911 14105
2 14105 2782 1751
2 2868 2866 9398
2 10243 3371 2868
2 12208 1751 2782
2 2863 12208 1750
2 9769 3371 10243
2 9769 3371 10243
2 3371 14584 11050
2 9518 14584 13226
2 11254 8102 12763
2 7648 9131 2658
2 7648 14580 9131
2 11254 8102 12763
2 3370 12763 9769
2 1561 11254 7590
2 13718 12109 1561
2 7934 12109 13718
2 7934 3303 12109
2 1560 3303 7934
2 3370 14581 11801
2 7934 12109 13718
2 1560 3303 7934
2 1557 14582 9951
2 3876 9951 14582
2 10473 3876 14582
2 10473 14582 7399
2 10473 7399 2504
2 7399 14582 3377
2 1557 3377 14582
2 2919 3377 1557
2 1557 3377 14582
2 1560 3303 7934
2 9784 1429 14576
2 14479 9784 14576
2 14479 9784 14576
2 7934 3303 12109
2 13718 12109 1561
2 7648 11254 1561
2 7648 14580 9131
2 14479 9784 14576
2 1297 14580 6134
2 1297 14580 6134
2 14645 7349 11630
2 7648 14580 9131
2 10803 7349 14645
2 10803 1298 14579
2 7648 9131 2658
2 11921 2658 9001
2 10803 1298 14579
2 14579 13632 9001
2 11921 2658 9001
2 11921 13226 2658
2 1562 9518 13226
2 2659 14482 9420
2 6422 14586 1562
2 3306 1563 6422
2 7219 3306 12436
2 2659 14482 9420
2 14482 13632 4075
2 7219 3306 12436
2 8299 11039 7219
2 6281 8299 10603
2 11490 8441 10603
2 10374 11490 1299
2 12436 4075 14110
2 10722 3100 1299
2 1298 4075 13632
2 10722 3100 1299
2 3284 11864 3100
2 10803 1298 14579
2 10803 14645 11544
2 3284 3104 11864
2 11544 14645 3407
2 6227 10470 3104
2 11995 3407 14645
2 11995 3099 3511
2 10470 6227 6198
2 3511 11455 6198
2 3350 10470 6198
2 12038 13788 14560
2 12038 4716 13788
2 6844 3350 9865
2 14538 3350 7995
2 14538 7995 4468
2 8792 4468 5105
2 14561 11621 5105
2 14105 14561 5060
2 3566 3350 12218
2 14560 12218 6844
2 5060 2782 14105
2 2782 10363 12208
2 10363 2168 12208
2 12038 13788 14560
2 12038 4716 13788
2 2168 10864 1750
2 2863 1750 10864
2 3370 9769 2863
2 3370 14581 11801
2 14581 10171 7934
2 1560 10171 1557
2 2919 3377 1557
2 1669 10171 5986
2 5986 3370 7036
2 10864 1749 7036
2 2872 11181 13018
2 1749 4716 5340
2 2872 11181 13018
2 2919 1669 13018
2 2919 3377 1557
2 6070 8382 1747
2 8382 2167 1747
2 1309 2862 13018
2 8382 2167 1747
2 10471 1309 11181
2 8382 2167 1747
2 2166 13801 7280
2 7280 13801 2503
2 2174 13801 2166
2 2174 13350 13801
2 13801 13350 13474
2 13350 6381 13474
2 13474 6381 9496
2 1488 13474 9496
2 1488 9496 11125
2 11125 14585 1488
2 3301 1488 14585
2 1559 3301 14585
2 224 1559 14585
2 224 14585 239
2 224 239 5928
2 224 5928 14467
2 199 224 14467
2 14467 2211 199
2 2211 14467 14438
2 2209 2211 14438
2 2211 2209 14098
2 2211 14098 154
2 154 14098 129
2 129 14233 154
2 14233 129 14300
2 14467 3183 14438
2 14467 5928 3183
2 10780 3183 5928
2 14179 10780 5928
2 224 199 1559
2 1559 199 2648
2 14467 5928 3183
2 239 14585 11125
2 11125 267 239
2 11125 9496 267
2 6381 267 9496
2 6381 258 267
2 2173 258 6381
2 2173 6381 13350
2 12908 2173 13350
2 2174 12908 13350
2 224 199 1559
2 1488 3301 12859
2 239 14585 11125
2 11125 9496 267
2 6381 267 9496
2 2173 6381 13350
2 2174 12908 13350
2 7280 13801 2503
2 6070 8382 1747
2 6070 3377 2862
2 7399 14582 3377
2 10473 7399 2504
2 7280 13801 2503
2 13801 13350 13474
2 1488 13474 9496
2 10473 7399 2504
2 10473 3876 14582
2 1488 3301 12859
2 1488 3301 12859
2 3876 2649 10083
2 3876 2649 10083
2 3876 9951 14582
2 9951 2656 1560
2 2656 14481 1429
2 1430 14478 13464
2 14111 10872 14574
2 7076 14111 14574
2 7866 7076 14574
2 2656 14481 1429
2 9784 1429 14576
2 1297 14576 9997
2 14111 10872 14574
2 10872 3273 9997
2 3274 1297 9997
2 3510 8305 3408
2 3274 3409 3099
2 3510 8305 3408
2 8305 5888 3409
2 3274 3409 3099
2 11995 3099 3511
2 3511 14546 11455
2 5888 12985 9129
2 14663 14546 9657
2 9657 8712 2055
2 3510 12985 5888
2 9032 2839 3510
2 9657 8712 2055
2 9657 8712 2055
2 14663 9657 10606
2 14663 9657 10606
2 9865 11455 14663
2 6844 9865 12038
2 12038 4716 13788
2 1749 4716 5340
2 14663 10281 3568
2 5340 10471 11181
2 10281 3571 3222
2 10471 14559 2167
2 10281 3571 3222
2 1999 3571 11781
2 14559 2166 2167
2 2174 13801 2166
2 12426 14568 2170
2 3353 14568 12426
2 14568 3353 14565
2 2174 12908 13350
2 12908 2173 13350
2 14568 3353 14565
2 2173 258 6381
2 6381 258 267
2 11125 267 239
2 224 239 5928
2 14179 10780 5928
2 7882 239 12152
2 267 10771 12152
2 10771 7416 11398
2 11398 7416 5262
2 10494 14179 5271
2 7573 10813 10494
2 12641 7573 2192
2 7573 12641 13518
2 13518 12641 3187
2 3187 11265 13518
2 11265 3187 14439
2 14439 3187 3947
2 3185 14439 3947
2 3185 3947 225
2 225 210 3185
2 225 1207 210
2 14079 14439 3185
2 3224 14079 3185
2 171 3224 3185
2 153 3224 171
2 3559 153 171
2 14218 3559 171
2 171 174 14218
2 14218 174 156
2 156 1356 14218
2 14218 1356 3559
2 14216 3559 1356
2 14284 14216 1356
2 1356 8386 14284
2 14284 8386 13928
2 14284 13928 14276
2 14276 13194 14284
2 14216 14284 13194
2 14216 13194 14285
2 14216 14285 13210
2 13322 14216 13210
2 13210 10221 13322
2 5375 13322 10221
2 10221 14265 5375
2 1685 14265 10221
2 14214 1685 10221
2 14214 10221 13210
2 13210 14285 14214
2 14285 12272 14214
2 14286 14214 12272
2 14286 12272 13273
2 13273 14277 14286
2 14277 5641 14286
2 14286 5641 14210
2 14286 14210 11502
2 14286 11502 14214
2 14214 11502 1685
2 1685 11502 14210
2 14210 7190 1685
2 1685 7190 9713
2 1685 9713 14265
2 14257 14265 9713
2 14257 9713 14263
2 14263 1410 14257
2 14257 1410 1603
2 1603 1406 14257
2 3579 1406 1603
2 3579 1603 1602
2 1602 1444 3579
2 1443 3579 1444
2 1444 1602 1442
2 1444 1442 1771
2 1771 1442 1438
2 1771 1438 2120
2 1771 2120 1768
2 5484 1768 2120
2 14410 5484 2120
2 14410 2120 2029
2 1767 14410 2029
2 1767 2029 9157
2 7845 1767 9157
2 7845 9157 4382
2 4382 1766 7845
2 12945 7845 1766
2 1766 14421 12945
2 4623 12945 14421
2 3479 4623 14421
2 3479 14421 9144
2 3479 9144 10127
2 4210 3479 10127
2 4210 10127 14420
2 3478 4210 14420
2 14420 10280 3478
2 3478 10280 7930
2 3478 7930 4726
2 3478 4726 8354
2 3478 8354 14367
2 4210 3478 14367
2 3479 4210 14367
2 3479 14367 7155
2 3479 7155 14366
2 3479 14366 4623
2 4623 14366 13770
2 4623 13770 12945
2 13770 3480 12945
2 3480 3945 12945
2 3945 7845 12945
2 1767 7845 3945
2 3945 13656 1767
2 13656 14410 1767
2 14410 13656 14419
2 14419 5484 14410
2 14419 1768 5484
2 14419 14417 1768
2 14417 12239 1768
2 14417 1769 12239
2 8022 1769 14417
2 8022 14417 14371
2 14422 8022 14371
2 14371 12217 14422
2 12217 14415 14422
2 14415 1187 14422
2 14422 1187 1769
2 14422 1769 8022
2 14415 13370 1187
2 2028 1187 13370
2 14411 2028 13370
2 13370 13318 14411
2 14411 13318 3476
2 14413 14411 3476
2 14416 14413 3476
2 668 14416 3476
2 865 668 3476
2 865 3476 13428
2 11679 865 13428
2 666 11679 13428
2 13318 666 13428
2 13318 13428 3476
2 14415 666 13318
2 13370 14415 13318
2 12217 666 14415
2 666 12217 14369
2 14369 11679 666
2 14369 12597 11679
2 12597 14344 11679
2 11679 14344 865
2 8642 865 14344
2 14341 8642 14344
2 14341 14344 13403
2 11031 14341 13403
2 11031 13403 13241
2 11031 13241 14276
2 13928 11031 14276
2 95 11031 13928
2 13928 116 95
2 1556 95 116
2 9079 1556 116
2 140 9079 116
2 116 8386 140
2 1356 140 8386
2 1356 156 140
2 156 14424 140
2 14424 9079 140
2 14424 1715 9079
2 9079 1715 1556
2 13422 1556 1715
2 1715 14429 13422
2 13422 14429 2692
2 10937 13422 2692
2 13619 10937 2692
2 14431 13619 2692
2 14431 2692 14433
2 14431 14433 8377
2 14431 8377 12777
2 14433 8954 8377
2 14433 2752 8954
2 2752 14433 14429
2 14429 14433 2692
2 14429 14433 2692
2 14431 11984 13619
2 11984 2395 13619
2 2395 13600 13619
2 13600 10937 13619
2 13600 2564 10937
2 10937 2564 11637
2 10937 11637 1556
2 10937 1556 13422
2 11637 95 1556
2 13292 95 11637
2 13292 11637 7524
2 528 13292 7524
2 10415 528 7524
2 272 10415 7524
2 272 7524 11637
2 272 11637 2564
2 272 2564 10657
2 272 10657 9672
2 272 9672 8812
2 3465 272 8812
2 3465 8812 11838
2 13106 3465 11838
2 9417 13106 11838
2 9417 11838 4338
2 13439 9417 4338
2 529 13439 4338
2 529 4338 12962
2 529 12962 14070
2 14070 114 529
2 136 529 114
2 136 114 2222
2 136 2222 3913
2 136 3913 3438
2 136 3438 164
2 12255 136 164
2 12255 164 703
2 12255 703 704
2 14041 12255 704
2 14052 14041 704
2 14052 704 13537
2 14033 14052 13537
2 14033 13537 553
2 13844 14033 553
2 10142 13844 553
2 553 11146 10142
2 13670 10142 11146
2 13670 11146 8498
2 3917 13670 8498
2 8498 12391 3917
2 12391 12559 3917
2 3917 12559 4153
2 3917 4153 8602
2 8602 13670 3917
2 13843 13670 8602
2 13843 8602 11892
2 11892 5292 13843
2 5292 10142 13843
2 10142 13670 13843
2 10142 5292 13844
2 13844 5292 13941
2 14035 13844 13941
2 9417 14035 13941
2 9417 13941 11892
2 13106 9417 11892
2 3465 13106 11892
2 3465 11892 3493
2 3465 3493 10415
2 272 3465 10415
2 10415 3493 12275
2 10415 12275 528
2 4153 528 12275
2 3493 4153 12275
2 8602 4153 3493
2 11892 8602 3493
2 528 4153 13492
2 2612 528 13492
2 13492 702 2612
2 2206 2612 702
2 2612 2206 12793
2 12793 13623 2612
2 13623 528 2612
2 13623 134 528
2 528 134 110
2 528 110 13292
2 13292 110 95
2 95 110 14341
2 14341 11031 95
2 14341 110 8642
2 8642 110 134
2 134 865 8642
2 134 668 865
2 8642 110 134
2 12559 702 13492
2 12559 13492 4153
2 702 12559 1423
2 12391 1423 12559
2 13623 528 2612
2 12559 13492 4153
2 3493 4153 12275
2 11892 8602 3493
2 13941 5292 11892
2 9417 13439 14035
2 13439 529 14035
2 529 14033 14035
2 14035 14033 13844
2 14033 529 14041
2 14033 14041 14052
2 14041 529 12255
2 12255 529 136
2 14035 14033 13844
2 13941 5292 11892
2 13941 5292 11892
2 11892 8602 3493
2 10142 13670 13843
2 8602 4153 3493
2 12559 13492 4153
2 12391 1423 12559
2 8548 12391 8498
2 13160 8548 8498
2 1421 13160 8498
2 9768 1421 8498
2 11146 9768 8498
2 553 9768 11146
2 553 13557 9768
2 553 13677 13557
2 13677 1255 13557
2 13557 1255 9887
2 9887 1255 13972
2 13972 14012 9887
2 9887 14012 12910
2 14012 275 12910
2 261 275 14012
2 261 14012 13972
2 238 261 13972
2 13972 13834 238
2 14653 238 13834
2 14653 13834 1257
2 1257 556 14653
2 556 14045 14653
2 14045 2550 14653
2 2550 238 14653
2 13898 238 2550
2 14612 13898 2550
2 14612 2550 14075
2 14612 14075 12177
2 14612 12177 13679
2 3590 14612 13679
2 13679 4314 3590
2 3590 4314 12941
2 3590 12941 13955
2 13955 14612 3590
2 13955 13898 14612
2 13955 261 13898
2 238 13898 261
2 13955 275 261
2 13955 12941 275
2 12941 12584 275
2 12584 250 275
2 12854 250 12584
2 2820 12854 12584
2 13983 2820 12584
2 13983 12584 12941
2 4314 13983 12941
2 13983 4314 14628
2 2820 13983 14628
2 14599 2820 14628
2 11800 14599 14628
2 11800 14628 8596
2 11800 8596 1244
2 1244 14009 11800
2 14009 14597 11800
2 11800 14597 14599
2 13636 14599 14597
2 2825 13636 14597
2 2825 14597 14594
2 2828 2825 14594
2 2828 14594 8997
2 2828 8997 14596
2 14596 13775 2828
2 13775 12691 2828
2 14173 2828 12691
2 12691 1047 14173
2 14173 1047 12103
2 14173 12103 12687
2 2825 14173 12687
2 2825 12687 13636
2 13636 12687 1055
2 1055 14523 13636
2 13636 14523 14599
2 14599 14523 2820
2 2820 14523 14170
2 14178 2820 14170
2 14170 700 14178
2 14178 700 699
2 14178 699 13999
2 13943 14178 13999
2 13943 13999 14681
2 211 13943 14681
2 211 14681 14687
2 12398 211 14687
2 161 12398 14687
2 14687 1403 161
2 14201 161 1403
2 14201 1403 14686
2 14201 14686 14683
2 14201 14683 14685
2 1885 14201 14685
2 14685 1884 1885
2 1884 1875 1885
2 1885 1875 13893
2 13893 122 1885
2 139 1885 122
2 139 122 14066
2 14066 13777 139
2 139 13777 161
2 14201 139 161
2 1885 139 14201
2 161 13777 12398
2 13777 14430 12398
2 14430 2431 12398
2 12398 2431 211
2 211 2431 3239
2 211 3239 226
2 211 226 13943
2 13943 226 12854
2 14178 13943 12854
2 14178 12854 2820
2 250 12854 226
2 11247 250 226
2 11247 226 3239
2 11247 226 3239
2 2431 14430 2434
2 14430 14425 2434
2 14425 2753 2434
2 14425 14426 2753
2 14426 2430 2753
2 14426 14427 2430
2 14427 14434 2430
2 14434 14427 1711
2 14434 1711 11984
2 14431 14434 11984
2 13929 11984 1711
2 10938 13929 1711
2 1711 14426 10938
2 1714 10938 14426
2 1714 14426 14425
2 1714 14425 14050
2 14050 1373 1714
2 14074 1714 1373
2 12962 14074 1373
2 14083 12962 1373
2 14068 14083 1373
2 1373 14423 14068
2 14068 14423 14066
2 14068 14066 122
2 122 94 14068
2 14083 14068 94
2 14083 94 92
2 14070 14083 92
2 92 114 14070
2 92 13431 114
2 114 13431 2222
2 13431 2417 2222
2 2417 12379 2222
2 3447 2222 12379
2 3447 12379 14093
2 14093 3449 3447
2 3447 3449 3904
2 3437 3447 3904
2 3437 3904 14399
2 14399 3958 3437
2 3958 3913 3437
2 3437 3913 2222
2 3437 2222 3447
2 3958 3438 3913
2 3958 14401 3438
2 14401 177 3438
2 14701 3438 177
2 14701 177 192
2 192 556 14701
2 14701 556 703
2 164 14701 703
2 164 3438 14701
2 703 556 1257
2 704 703 1257
2 1257 1255 704
2 13677 704 1255
2 13537 704 13677
2 13537 13677 553
2 13834 1255 1257
2 13972 1255 13834
2 192 14045 556
2 192 14463 14045
2 11960 14045 14463
2 3237 11960 14463
2 14463 3730 3237
2 3730 11106 3237
2 11106 3727 3237
2 14466 3237 3727
2 14464 14466 3727
2 3727 14505 14464
2 14505 1930 14464
2 14504 14464 1930
2 1930 13435 14504
2 13435 13796 14504
2 13796 1291 14504
2 12144 14504 1291
2 1291 10956 12144
2 12144 10956 13872
2 12144 13872 14655
2 12144 14655 2551
2 2551 13850 12144
2 12144 13850 14504
2 14464 14504 13850
2 14464 13850 2086
2 14464 2086 14466
2 14466 2086 14470
2 14466 14470 3237
2 3237 14470 13987
2 3237 13987 11960
2 2550 11960 13987
2 2550 13987 14075
2 14075 13987 14470
2 14075 14470 12177
2 11689 12177 14470
2 2086 11689 14470
2 2086 2551 11689
2 11689 2551 13679
2 12177 11689 13679
2 2551 14655 13679
2 14655 4314 13679
2 14655 8596 4314
2 8596 14628 4314
2 14655 13872 8596
2 8596 13872 1244
2 13872 10956 1244
2 10956 14085 1244
2 1244 14085 14009
2 14085 14627 14009
2 14627 14597 14009
2 14594 14597 14627
2 14594 14627 14062
2 14594 14062 8997
2 14062 11910 8997
2 8997 11910 14596
2 14596 11910 14054
2 14596 14054 14629
2 13096 14596 14629
2 2745 13096 14629
2 14629 13019 2745
2 11742 2745 13019
2 1245 11742 13019
2 1245 13019 14071
2 1245 14071 13147
2 13147 14616 1245
2 1245 14616 14077
2 11614 1245 14077
2 11614 14077 12953
2 14019 11614 12953
2 14019 12953 4328
2 4042 14019 4328
2 12954 4042 4328
2 12954 4328 12190
2 12190 14617 12954
2 12954 14617 4042
2 12683 4042 14617
2 12683 14617 3591
2 12321 12683 3591
2 1944 12321 3591
2 1944 3591 11937
2 1944 11937 11591
2 1944 11591 12050
2 1944 12050 14590
2 12321 1944 14590
2 8940 12321 14590
2 8940 14590 14705
2 12441 8940 14705
2 14705 12019 12441
2 12019 1057 12441
2 1057 14044 12441
2 14044 10894 12441
2 10894 8940 12441
2 4470 8940 10894
2 4470 10894 13050
2 13050 4042 4470
2 4470 4042 12321
2 4470 12321 8940
2 12321 4042 12683
2 13050 14019 4042
2 2745 14019 13050
2 2745 13050 4632
2 2745 4632 13096
2 4632 13891 13096
2 13096 13891 11010
2 13096 11010 14596
2 14596 11010 13775
2 13775 11010 14175
2 14175 12691 13775
2 14175 1047 12691
2 14175 12704 1047
2 1047 12704 11642
2 11642 7689 1047
2 7689 12103 1047
2 1507 12103 7689
2 7689 12290 1507
2 12290 14624 1507
2 13981 1507 14624
2 14624 9932 13981
2 13981 9932 1045
2 1507 13981 1045
2 1045 12103 1507
2 12687 12103 1045
2 13227 12687 1045
2 9932 13227 1045
2 1506 13227 9932
2 1506 9932 7974
2 7974 13857 1506
2 13857 14642 1506
2 14642 512 1506
2 699 1506 512
2 699 512 218
2 196 699 218
2 1468 196 218
2 8912 1468 218
2 240 8912 218
2 240 218 512
2 240 512 9394
2 240 9394 9405
2 240 9405 9106
2 9106 8912 240
2 9106 13554 8912
2 1468 8912 13554
2 1468 13554 7143
2 1468 7143 1551
2 1468 1551 3768
2 3768 196 1468
2 3768 170 196
2 196 170 14687
2 14687 14681 196
2 699 196 14681
2 13999 699 14681
2 14687 170 1403
2 1403 170 1100
2 1100 14686 1403
2 1100 3387 14686
2 3387 14683 14686
2 926 14683 3387
2 3387 147 926
2 147 115 926
2 11953 926 115
2 89 11953 115
2 12911 89 115
2 12911 115 1258
2 1503 12911 1258
2 7183 1503 1258
2 1258 2411 7183
2 7183 2411 8274
2 7183 8274 11155
2 7183 11155 7501
2 7183 7501 1503
2 7501 5272 1503
2 5272 8194 1503
2 8194 12911 1503
2 12911 8194 12831
2 12911 12831 89
2 89 12831 10548
2 89 10548 106
2 89 106 12343
2 89 12343 12352
2 12352 11953 89
2 6705 11953 12352
2 12352 14319 6705
2 6705 14319 9725
2 6705 9725 10404
2 10404 3255 6705
2 3255 11953 6705
2 3255 926 11953
2 12018 926 3255
2 8293 12018 3255
2 11979 8293 3255
2 10404 11979 3255
2 1974 11979 10404
2 10404 9725 1974
2 4088 1974 9725
2 4088 9725 12466
2 12466 12722 4088
2 12722 7575 4088
2 4088 7575 2160
2 4088 2160 9261
2 1974 4088 9261
2 1974 9261 14317
2 14317 10932 1974
2 3211 1974 10932
2 3211 10932 10790
2 10638 3211 10790
2 10790 12810 10638
2 10638 12810 3638
2 3638 11561 10638
2 10638 11561 11979
2 3211 10638 11979
2 1974 3211 11979
2 11561 8293 11979
2 11561 7692 8293
2 7692 1102 8293
2 8293 1102 12018
2 12018 1102 14683
2 926 12018 14683
2 14683 1102 14208
2 14684 14683 14208
2 14208 14202 14684
2 14684 14202 1003
2 1884 14684 1003
2 1003 14313 1884
2 1884 14313 1875
2 1875 14313 2417
2 1875 2417 13772
2 1875 13772 13989
2 13989 13893 1875
2 94 13893 13989
2 13989 92 94
2 13989 13772 92
2 92 13772 13431
2 13772 2417 13431
2 122 13893 94
2 13989 13772 92
2 13772 2417 13431
2 2417 14313 3150
2 2417 3150 12491
2 2417 12491 14093
2 2417 14093 12379
2 12491 3153 14093
2 14093 3153 13458
2 3449 14093 13458
2 3449 13458 9927
2 9927 11156 3449
2 3449 11156 8961
2 14394 3449 8961
2 14394 8961 7575
2 14394 7575 13979
2 14394 13979 1658
2 13947 14394 1658
2 14399 13947 1658
2 1658 11569 14399
2 11569 14345 14399
2 14399 14345 14069
2 14399 14069 3958
2 14069 14401 3958
2 14069 14345 14401
2 14017 14401 14345
2 4090 14017 14345
2 4090 14345 11569
2 4090 11569 1658
2 4090 1658 7769
2 14319 4090 7769
2 14319 7769 12466
2 12466 9725 14319
2 12466 7769 12722
2 7769 1658 12722
2 12722 1658 13979
2 12722 13979 7575
2 4090 14319 12343
2 4090 12343 106
2 106 14017 4090
2 106 145 14017
2 145 14401 14017
2 177 14401 145
2 1637 177 145
2 13945 1637 145
2 13945 145 106
2 13945 106 13534
2 3055 13945 13534
2 3051 3055 13534
2 3051 13534 10548
2 3051 10548 8487
2 3051 8487 9643
2 9643 11046 3051
2 3051 11046 3055
2 185 3055 11046
2 11046 13700 185
2 185 13700 11888
2 1539 185 11888
2 1539 11888 12373
2 1539 12373 12520
2 12520 8405 1539
2 1539 8405 13951
2 1539 13951 185
2 3055 185 13951
2 3055 13951 1637
2 3055 1637 13945
2 1637 13951 8405
2 1637 8405 14055
2 1637 14055 13838
2 177 1637 13838
2 177 13838 192
2 192 13838 206
2 206 14463 192
2 14722 14463 206
2 14055 14722 206
2 14055 206 13838
2 14722 14055 8405
2 14722 8405 12520
2 14722 12520 9281
2 14722 9281 256
2 14722 256 9276
2 14722 9276 3730
2 14722 3730 14463
2 3730 9276 3809
2 3730 3809 11106
2 11106 3809 13532
2 3727 11106 13532
2 13532 6922 3727
2 6922 13523 3727
2 3727 13523 14505
2 13523 1930 14505
2 13523 13546 1930
2 13546 13435 1930
2 13546 14460 13435
2 13435 14460 13796
2 13796 14460 12148
2 12148 1291 13796
2 12927 1291 12148
2 12927 12148 3466
2 11602 12927 3466
2 14616 11602 3466
2 14616 3466 14077
2 14077 3466 11845
2 12953 14077 11845
2 12953 11845 12190
2 12953 12190 4328
2 11845 14471 12190
2 14471 3872 12190
2 3872 3931 12190
2 3931 14617 12190
2 3931 8926 14617
2 8926 3591 14617
2 14619 3591 8926
2 3931 14619 8926
2 12602 14619 3931
2 12602 3931 14469
2 14657 12602 14469
2 14657 14469 10276
2 14657 10276 11918
2 11201 14657 11918
2 11201 11918 3881
2 14614 11201 3881
2 14614 3881 11911
2 14614 11911 14658
2 11806 14614 14658
2 3161 11806 14658
2 3161 14658 12003
2 11309 3161 12003
2 14613 11309 12003
2 10670 14613 12003
2 12003 14473 10670
2 10670 14473 10114
2 12074 10670 10114
2 12074 10114 1929
2 12074 1929 11423
2 12074 11423 14615
2 12074 14615 13114
2 12074 13114 14613
2 12074 14613 10670
2 14613 13114 4657
2 14613 4657 13224
2 14613 13224 1248
2 14613 1248 11309
2 11309 1248 12760
2 11309 12760 3161
2 3161 12760 1247
2 3161 1247 11806
2 11806 1247 12847
2 11806 12847 14614
2 14614 12847 4222
2 14614 4222 12657
2 11201 14614 12657
2 11201 12657 4566
2 11201 4566 14657
2 14657 4566 3593
2 3593 14619 14657
2 14657 14619 12602
2 3593 3591 14619
2 11937 3591 3593
2 1246 11937 3593
2 1246 3593 4566
2 1246 4566 12657
2 12657 12848 1246
2 12194 1246 12848
2 12194 12848 4222
2 4339 12194 4222
2 4339 4222 12847
2 13013 4339 12847
2 13013 12847 1247
2 14747 13013 1247
2 12760 14747 1247
2 13017 14747 12760
2 4453 13017 12760
2 4453 12760 1248
2 13224 4453 1248
2 12950 4453 13224
2 1947 12950 13224
2 1947 13224 4657
2 1947 4657 1249
2 1947 1249 12207
2 1947 12207 14595
2 14595 13032 1947
2 13032 14626 1947
2 1947 14626 12950
2 12950 14626 4453
2 4453 14626 12891
2 4453 12891 14589
2 13017 4453 14589
2 14747 13017 14589
2 14747 14589 12071
2 14747 12071 14591
2 13013 14747 14591
2 4339 13013 14591
2 4339 14591 9282
2 13058 4339 9282
2 14749 13058 9282
2 9031 14749 9282
2 4177 9031 9282
2 9282 11603 4177
2 11603 8737 4177
2 8737 13208 4177
2 13208 14177 4177
2 2822 4177 14177
2 2822 14177 14176
2 2822 14176 2834
2 2822 2834 12050
2 2822 12050 14592
2 2822 14592 9031
2 2822 9031 4177
2 14592 14749 9031
2 11591 14749 14592
2 12050 11591 14592
2 14749 11591 1246
2 12194 14749 1246
2 14749 12194 13058
2 13058 12194 4339
2 11591 11937 1246
2 12050 11591 14592
2 13104 12050 2834
2 13104 2834 14172
2 14705 13104 14172
2 14172 12019 14705
2 14172 1509 12019
2 12019 1509 1057
2 1057 1509 11974
2 14030 1057 11974
2 1511 14030 11974
2 13593 1511 11974
2 11974 9925 13593
2 13338 13593 9925
2 2239 13338 9925
2 2239 9925 11878
2 11878 8156 2239
2 2239 8156 4105
2 2239 4105 11110
2 1206 2239 11110
2 1206 11110 2790
2 2790 14623 1206
2 13338 1206 14623
2 14623 13593 13338
2 3218 13593 14623
2 14623 11642 3218
2 12704 3218 11642
2 1511 3218 12704
2 1511 12704 12594
2 12594 14030 1511
2 14524 14030 12594
2 13891 14524 12594
2 11010 13891 12594
2 11010 12594 14175
2 12704 14175 12594
2 14524 13891 4632
2 14524 4632 13954
2 14524 13954 14044
2 1057 14524 14044
2 14524 1057 14030
2 13954 10894 14044
2 13050 10894 13954
2 13050 13954 4632
2 13050 13954 4632
2 14524 1057 14030
2 12704 14175 12594
2 3218 1511 13593
2 14623 2790 11642
2 11642 2790 7689
2 7689 2790 13616
2 7689 13616 12290
2 13616 12598 12290
2 12290 12598 14624
2 12598 2244 14624
2 7974 14624 2244
2 7974 2244 12767
2 7974 12767 10196
2 13857 7974 10196
2 10196 13965 13857
2 13857 13965 14642
2 14642 13965 6953
2 6953 9394 14642
2 9394 512 14642
2 9394 6953 9346
2 9405 9394 9346
2 9346 277 9405
2 9361 9405 277
2 9361 277 13638
2 13638 3832 9361
2 9106 9361 3832
2 3832 13554 9106
2 3832 7143 13554
2 13029 7143 3832
2 13029 3832 7641
2 5472 13029 7641
2 10662 5472 7641
2 10662 7641 3426
2 3426 5300 10662
2 5300 5472 10662
2 5300 2064 5472
2 2064 1320 5472
2 5472 1320 11736
2 5472 11736 7143
2 7143 13029 5472
2 1551 7143 11736
2 1551 11736 1320
2 1320 10778 1551
2 1551 10778 8274
2 2411 1551 8274
2 1551 2411 3768
2 2408 3768 2411
2 2411 1258 2408
2 147 2408 1258
2 147 1258 115
2 170 2408 147
2 147 1100 170
2 1100 147 3387
2 3768 2408 170
2 3768 2408 170
2 10778 12677 8274
2 8274 12677 2861
2 2861 11155 8274
2 2861 7501 11155
2 7501 2861 5899
2 5899 5272 7501
2 5272 5899 11448
2 4945 5272 11448
2 4945 11448 6826
2 4945 6826 7723
2 4945 7723 5633
2 9248 4945 5633
2 9248 5633 3053
2 9592 9248 3053
2 9592 3053 11310
2 9592 11310 3054
2 9592 3054 9643
2 5718 9592 9643
2 9643 8487 5718
2 8487 8194 5718
2 5718 8194 5272
2 5718 5272 10430
2 5718 10430 9592
2 10430 4945 9592
2 4945 9248 9592
2 10430 5272 4945
2 10430 5272 4945
2 10548 8194 8487
2 12831 8194 10548
2 5718 10430 9592
2 9643 3054 11046
2 3054 10308 11046
2 11046 10308 13700
2 11888 13700 10308
2 8921 11888 10308
2 2103 8921 10308
2 2103 10308 2739
2 2103 2739 8213
2 2103 8213 1537
2 14549 2103 1537
2 737 14549 1537
2 12622 737 1537
2 12622 1537 2747
2 1538 12622 2747
2 1538 2747 2748
2 173 1538 2748
2 173 2748 155
2 173 155 2303
2 3843 173 2303
2 2302 3843 2303
2 2302 2303 3990
2 14026 2302 3990
2 7434 14026 3990
2 7434 3990 10178
2 13110 7434 10178
2 10178 6248 13110
2 13110 6248 1880
2 2119 13110 1880
2 2119 1880 12296
2 2119 12296 3331
2 13110 2119 3331
2 3331 7434 13110
2 3132 7434 3331
2 6559 3132 3331
2 3331 6720 6559
2 6559 6720 12632
2 12632 7101 6559
2 6559 7101 10793
2 6559 10793 3132
2 3132 10793 1204
2 3132 1204 13074
2 3132 13074 9189
2 3132 9189 7434
2 9189 14026 7434
2 9189 3847 14026
2 14026 3847 2302
2 2302 3847 3843
2 3847 2799 3843
2 3843 2799 4061
2 152 3843 4061
2 152 4061 137
2 2414 152 137
2 137 9259 2414
2 2414 9259 11431
2 11431 2413 2414
2 2413 1487 2414
2 2414 1487 3951
2 14680 2414 3951
2 14680 3951 14476
2 14476 201 14680
2 201 173 14680
2 14680 173 3843
2 152 14680 3843
2 14680 152 2414
2 1538 173 201
2 221 1538 201
2 201 1347 221
2 1347 4054 221
2 234 221 4054
2 234 4054 2383
2 234 2383 273
2 234 273 3193
2 737 234 3193
2 737 3193 14549
2 14549 3193 12308
2 14549 12308 3191
2 10336 14549 3191
2 10336 3191 3520
2 10336 3520 2103
2 14549 10336 2103
2 3520 8921 2103
2 3520 11888 8921
2 12373 11888 3520
2 12373 3520 3426
2 12373 3426 8082
2 12373 8082 13491
2 12520 12373 13491
2 9281 12520 13491
2 9281 13491 13638
2 9281 13638 6897
2 256 9281 6897
2 256 6897 277
2 256 277 14084
2 256 14084 9315
2 9276 256 9315
2 9276 9315 3809
2 9315 14084 3809
2 14084 13965 3809
2 13965 11525 3809
2 11525 13532 3809
2 11525 6922 13532
2 11351 6922 11525
2 12767 11351 11525
2 10196 12767 11525
2 10196 11525 13965
2 12767 2241 11351
2 2241 6922 11351
2 2241 3725 6922
2 13523 6922 3725
2 13546 13523 3725
2 13546 3725 13684
2 13546 13684 3729
2 3733 13546 3729
2 3733 3729 12898
2 3733 12898 4105
2 4105 11830 3733
2 3733 11830 3231
2 12912 3733 3231
2 12912 3231 14460
2 13546 12912 14460
2 13546 3733 12912
2 12568 14460 3231
2 10744 12568 3231
2 3707 10744 3231
2 3735 3707 3231
2 11830 3735 3231
2 4105 3735 11830
2 3735 4105 8156
2 3735 8156 4134
2 12084 3735 4134
2 3238 12084 4134
2 3238 4134 3736
2 3736 3650 3238
2 3238 3650 14469
2 14469 3872 3238
2 3238 3872 12084
2 12084 3872 14471
2 14471 3707 12084
2 3735 12084 3707
2 14471 10744 3707
2 11845 10744 14471
2 3466 10744 11845
2 3466 12568 10744
2 3466 14460 12568
2 12148 14460 3466
2 14469 3931 3872
2 3650 10276 14469
2 3650 8304 10276
2 14462 10276 8304
2 8304 3594 14462
2 8387 14462 3594
2 8387 3594 13706
2 8387 13706 9709
2 3737 8387 9709
2 3737 9709 13841
2 3737 13841 2403
2 3737 2403 8680
2 3737 8680 9467
2 3737 9467 14462
2 3737 14462 8387
2 9467 12422 14462
2 14462 12422 14503
2 14462 14503 10276
2 11918 10276 14503
2 14503 3881 11918
2 14503 11911 3881
2 12422 11911 14503
2 12422 14658 11911
2 3666 14658 12422
2 9467 3666 12422
2 14461 3666 9467
2 8680 14461 9467
2 9501 14461 8680
2 8680 10760 9501
2 9501 10760 4393
2 4393 12444 9501
2 12444 14461 9501
2 14461 12444 12094
2 14461 12094 3666
2 12094 14658 3666
2 12094 12003 14658
2 14473 12003 12094
2 12444 14473 12094
2 12444 3749 14473
2 3749 10114 14473
2 11900 10114 3749
2 3740 11900 3749
2 3740 3749 8178
2 8178 10113 3740
2 10113 3804 3740
2 12112 3740 3804
2 13579 12112 3804
2 3804 12605 13579
2 13579 12605 3741
2 3741 13358 13579
2 13358 12112 13579
2 2083 12112 13358
2 12220 2083 13358
2 12220 13358 3741
2 3741 14459 12220
2 12461 12220 14459
2 14459 14472 12461
2 14620 12461 14472
2 14620 14472 14618
2 14618 14656 14620
2 12983 14620 14656
2 4073 12983 14656
2 4073 14656 3124
2 4073 3124 1936
2 4073 1936 10925
2 4073 10925 9047
2 4073 9047 3127
2 4073 3127 2983
2 4073 2983 12983
2 2794 12983 2983
2 2794 2983 14615
2 11423 2794 14615
2 11423 14620 2794
2 2794 14620 12983
2 12461 14620 11423
2 1929 12461 11423
2 12461 1929 12220
2 1929 2083 12220
2 1929 10114 2083
2 11900 2083 10114
2 3740 2083 11900
2 2083 3740 12112
2 3127 14615 2983
2 1249 14615 3127
2 1249 3127 12207
2 12207 3127 14748
2 12207 14748 14595
2 14595 14748 11399
2 12909 14595 11399
2 694 12909 11399
2 694 11399 14598
2 14598 11634 694
2 11178 694 11634
2 11178 11634 14171
2 14171 1046 11178
2 1046 11955 11178
2 11955 3527 11178
2 11178 3527 694
2 3527 12563 694
2 12563 12728 694
2 12728 12909 694
2 2826 12909 12728
2 2826 12728 12827
2 12827 12291 2826
2 2826 12291 13032
2 14595 2826 13032
2 12909 2826 14595
2 12291 14626 13032
2 12291 2682 14626
2 14626 2682 12891
2 12891 2682 14589
2 2682 11206 14589
2 11206 2838 14589
2 2838 12071 14589
2 2838 14591 12071
2 2838 11603 14591
2 11603 9282 14591
2 2838 8737 11603
2 2838 12211 8737
2 1051 8737 12211
2 1051 12211 14174
2 14174 9559 1051
2 7353 1051 9559
2 7353 9559 3050
2 3050 8696 7353
2 8696 13157 7353
2 7353 13157 12162
2 12162 1051 7353
2 3216 1051 12162
2 12162 14641 3216
2 3216 14641 11988
2 3216 11988 12807
2 12807 12522 3216
2 12522 1051 3216
2 1051 12522 8737
2 12522 4084 8737
2 8737 4084 13208
2 13208 4084 14177
2 14177 4084 12852
2 14177 12852 14176
2 12852 1049 14176
2 14172 14176 1049
2 10804 14172 1049
2 1510 10804 1049
2 1510 1049 12852
2 1510 12852 13309
2 11791 1510 13309
2 14621 11791 13309
2 14621 13309 4438
2 11988 14621 4438
2 12807 11988 4438
2 4438 4084 12807
2 4084 12522 12807
2 12852 4084 4438
2 13309 12852 4438
2 11988 10876 14621
2 14621 10876 13640
2 14621 13640 2177
2 2177 11791 14621
2 2177 12616 11791
2 12616 2925 11791
2 2925 1510 11791
2 12139 1510 2925
2 2242 12139 2925
2 2242 2925 8361
2 2242 8361 7357
2 2242 7357 11878
2 11878 9925 2242
2 9925 3219 2242
2 12139 2242 3219
2 1509 12139 3219
2 1509 3219 11974
2 11974 3219 9925
2 12139 1509 10804
2 10804 1510 12139
2 1509 14172 10804
2 11974 3219 9925
2 8156 11878 7357
2 7357 8571 8156
2 4134 8156 8571
2 4134 8571 3803
2 3736 4134 3803
2 9126 3736 3803
2 8747 9126 3803
2 3803 7357 8747
2 8361 8747 7357
2 13339 8747 8361
2 13339 8361 12616
2 2177 13339 12616
2 2177 8601 13339
2 13339 8601 9126
2 13339 9126 8747
2 8601 3736 9126
2 3736 8601 11913
2 3736 11913 3650
2 11913 8304 3650
2 11913 3594 8304
2 11913 3801 3594
2 13706 3594 3801
2 14063 13706 3801
2 3801 13640 14063
2 14063 13640 10109
2 14063 10109 11205
2 11205 13706 14063
2 11205 9709 13706
2 3815 9709 11205
2 11205 10109 3815
2 10109 3171 3815
2 3171 8483 3815
2 3815 8483 13841
2 3815 13841 9709
2 8483 2403 13841
2 8483 14037 2403
2 14037 13826 2403
2 8680 2403 13826
2 8680 13826 10760
2 10760 13826 9891
2 9891 13577 10760
2 13577 3802 10760
2 10760 3802 4393
2 4393 3802 10113
2 4393 10113 8178
2 8178 3749 4393
2 4393 3749 12444
2 3802 10554 10113
2 10554 2180 10113
2 10113 2180 3804
2 3804 2180 13668
2 3804 13668 12605
2 12605 13668 10386
2 3702 12605 10386
2 3702 10386 2294
2 12310 3702 2294
2 12310 2294 11313
2 3720 12310 11313
2 3720 11313 321
2 3720 321 338
2 338 3228 3720
2 12310 3720 3228
2 12310 3228 11922
2 3702 12310 11922
2 3741 3702 11922
2 3741 11922 14459
2 11922 14465 14459
2 2076 14459 14465
2 2076 14465 360
2 360 12110 2076
2 2076 12110 14472
2 14472 14459 2076
2 14618 14472 12110
2 12110 13362 14618
2 12886 14618 13362
2 12886 13362 351
2 351 334 12886
2 13170 12886 334
2 13170 334 320
2 13170 320 13133
2 3124 13170 13133
2 3124 13133 1936
2 13133 13373 1936
2 1936 13373 14593
2 1936 14593 14598
2 10925 1936 14598
2 14598 9047 10925
2 11399 9047 14598
2 11399 14748 9047
2 9047 14748 3127
2 11634 14598 14593
2 2840 11634 14593
2 2840 14593 13648
2 2840 13648 291
2 283 2840 291
2 291 11297 283
2 11297 289 283
2 9449 283 289
2 289 1046 9449
2 9449 1046 14171
2 2840 9449 14171
2 2840 14171 11634
2 2840 283 9449
2 1046 289 301
2 3883 1046 301
2 3883 301 311
2 3883 311 9442
2 3883 9442 13052
2 3883 13052 11993
2 1046 3883 11993
2 11955 1046 11993
2 3527 11955 11993
2 3527 11993 3215
2 12563 3527 3215
2 1054 12563 3215
2 1054 3215 3863
2 1054 3863 10322
2 1054 10322 12827
2 1054 12827 12728
2 12563 1054 12728
2 1958 12827 10322
2 1958 10322 1052
2 9877 1958 1052
2 14174 9877 1052
2 14174 1052 9559
2 1052 3050 9559
2 3050 1052 10322
2 10322 12693 3050
2 12693 10537 3050
2 10537 2381 3050
2 3050 2381 8696
2 2181 8696 2381
2 2181 2381 12751
2 2181 12751 7713
2 2181 7713 13577
2 2181 13577 9891
2 2181 9891 13869
2 2181 13869 8696
2 13869 12199 8696
2 13157 8696 12199
2 12199 3171 13157
2 3171 14641 13157
2 13157 14641 12162
2 14641 3171 11988
2 3171 10876 11988
2 3171 10109 10876
2 10109 13640 10876
2 3171 12199 8483
2 12199 14088 8483
2 8483 14088 14037
2 14088 9891 14037
2 9891 13826 14037
2 13869 9891 14088
2 13869 14088 12199
2 13869 14088 12199
2 13869 14088 12199
2 13869 9891 14088
2 13577 7713 3802
2 7713 10554 3802
2 10554 7713 4130
2 14622 10554 4130
2 4130 10537 14622
2 3863 14622 10537
2 3863 10537 12693
2 10322 3863 12693
2 3215 14622 3863
2 3215 12064 14622
2 13669 14622 12064
2 10386 13669 12064
2 10386 12064 2298
2 10386 2298 2294
2 2298 13052 2294
2 13052 9442 2294
2 2294 9442 11313
2 11313 9442 311
2 11313 311 321
2 11297 321 311
2 301 11297 311
2 289 11297 301
2 11297 338 321
2 12089 338 11297
2 13823 12089 11297
2 13823 11297 13675
2 14081 13823 13675
2 13675 300 14081
2 300 310 14081
2 14081 310 320
2 320 13823 14081
2 320 13992 13823
2 13992 12089 13823
2 351 12089 13992
2 351 13992 334
2 334 13992 320
2 360 12089 351
2 351 13362 360
2 13362 12110 360
2 360 361 12089
2 361 352 12089
2 12089 352 338
2 338 352 3228
2 352 14465 3228
2 11922 3228 14465
2 352 361 14465
2 360 14465 361
2 352 361 14465
2 360 14465 361
2 334 13992 320
2 320 310 13133
2 13133 310 13373
2 13373 310 300
2 13373 300 13648
2 13373 13648 14593
2 300 291 13648
2 291 300 13675
2 13675 11297 291
2 13373 310 300
2 291 300 13675
2 320 13823 14081
2 13675 11297 291
2 13992 12089 13823
2 12089 352 338
2 13052 2298 11993
2 3215 11993 2298
2 3215 2298 12064
2 3215 2298 12064
2 13668 13669 10386
2 13668 2180 13669
2 2180 14622 13669
2 2180 10554 14622
2 2180 14622 13669
2 3215 2298 12064
2 10537 4130 2381
2 12751 2381 4130
2 12751 4130 7713
2 2180 10554 14622
2 12751 4130 7713
2 12751 4130 7713
2 12751 2381 4130
2 2181 13869 8696
2 10537 4130 2381
2 3863 10537 12693
2 10322 3863 12693
2 14174 2838 9877
2 9877 2838 11206
2 9877 11206 2682
2 1958 9877 2682
2 1958 2682 12291
2 1958 12291 12827
2 2838 14174 12211
2 1958 9877 2682
2 3050 1052 10322
2 1958 12291 12827
2 10322 3863 12693
2 3215 14622 3863
2 12563 1054 12728
2 3215 11993 2298
2 13052 2298 11993
2 13052 9442 2294
2 11313 9442 311
2 301 11297 311
2 1046 3883 11993
2 289 11297 301
2 2840 283 9449
2 289 11297 301
2 13675 11297 291
2 2840 283 9449
2 300 291 13648
2 13373 13648 14593
2 2840 14171 11634
2 13373 13648 14593
2 13133 310 13373
2 3124 12886 13170
2 12886 3124 14656
2 14656 14618 12886
2 320 310 13133
2 334 13992 320
2 3124 12886 13170
2 351 13992 334
2 351 13362 360
2 14656 14618 12886
2 13362 12110 360
2 13362 12110 360
2 360 14465 361
2 14472 14459 2076
2 11922 3228 14465
2 12605 3702 3741
2 11922 3228 14465
2 338 352 3228
2 11297 338 321
2 11313 311 321
2 12310 3720 3228
2 2294 9442 11313
2 3702 12310 11922
2 10386 2298 2294
2 12605 3702 3741
2 13668 13669 10386
2 13668 2180 13669
2 2180 10554 14622
2 7713 10554 3802
2 13577 7713 3802
2 2181 13577 9891
2 9891 13826 14037
2 9891 13826 14037
2 8483 14088 14037
2 3171 12199 8483
2 3171 10109 10876
2 3815 13841 9709
2 11205 10109 3815
2 10109 13640 10876
2 3801 2177 13640
2 2177 3801 8601
2 8601 3801 11913
2 11205 13706 14063
2 8601 3801 11913
2 8601 3801 11913
2 2177 3801 8601
2 12616 8361 2925
2 13339 9126 8747
2 7357 3803 8571
2 13339 9126 8747
2 8601 3736 9126
2 7357 3803 8571
2 7357 3803 8571
2 8361 8747 7357
2 12616 8361 2925
2 12139 2242 3219
2 10804 1510 12139
2 12616 8361 2925
2 2177 13339 12616
2 3801 2177 13640
2 10109 13640 10876
2 3171 10876 11988
2 13309 12852 4438
2 2177 11791 14621
2 2925 1510 11791
2 13309 12852 4438
2 10804 1510 12139
2 1509 14172 10804
2 14176 14172 2834
2 1510 1049 12852
2 12852 4084 4438
2 4084 12522 12807
2 4084 12522 12807
2 12807 11988 4438
2 14641 3171 11988
2 13157 14641 12162
2 12522 1051 3216
2 13157 14641 12162
2 13157 8696 12199
2 3050 2381 8696
2 1052 3050 9559
2 12162 1051 7353
2 14174 1052 9559
2 2838 14174 12211
2 1051 12522 8737
2 2838 14174 12211
2 9877 2838 11206
2 9877 11206 2682
2 1958 2682 12291
2 1958 12291 12827
2 1054 12827 12728
2 12909 2826 14595
2 12563 1054 12728
2 12563 3527 3215
2 3527 11955 11993
2 11955 1046 11993
2 9449 1046 14171
2 2840 14171 11634
2 11178 3527 694
2 11634 14598 14593
2 11399 9047 14598
2 12728 12909 694
2 12909 2826 14595
2 11399 14748 9047
2 9047 14748 3127
2 1249 13114 14615
2 13114 1249 4657
2 2794 14620 12983
2 3127 14615 2983
2 9047 14748 3127
2 14598 9047 10925
2 10925 1936 14598
2 3124 13133 1936
2 12886 3124 14656
2 4073 2983 12983
2 2794 14620 12983
2 14656 14618 12886
2 14618 14472 12110
2 12461 14620 11423
2 14472 14459 2076
2 12461 1929 12220
2 3741 11922 14459
2 1929 2083 12220
2 2083 3740 12112
2 12220 13358 3741
2 12605 3702 3741
2 3804 13668 12605
2 13358 12112 13579
2 2083 3740 12112
2 10113 2180 3804
2 4393 10113 8178
2 8178 3749 4393
2 3740 2083 11900
2 11900 2083 10114
2 4393 3749 12444
2 12444 14473 12094
2 4393 3749 12444
2 10760 3802 4393
2 8680 13826 10760
2 12444 14461 9501
2 14461 12094 3666
2 12094 14658 3666
2 12422 11911 14503
2 9467 3666 12422
2 8680 14461 9467
2 8680 2403 13826
2 8483 2403 13841
2 3815 13841 9709
2 3737 14462 8387
2 11205 9709 13706
2 13706 3594 3801
2 3737 14462 8387
2 11913 3594 8304
2 14462 14503 10276
2 11913 8304 3650
2 3736 11913 3650
2 3736 4134 3803
2 3238 3872 12084
2 3735 12084 3707
2 4134 8156 8571
2 3735 12084 3707
2 14471 10744 3707
2 3466 12568 10744
2 3466 14460 12568
2 13546 3733 12912
2 11830 3735 3231
2 4105 3735 11830
2 4105 12898 12752
2 11110 4105 12752
2 2240 11110 12752
2 12752 3729 2240
2 13684 2240 3729
2 11962 2240 13684
2 11962 13684 3725
2 2241 11962 3725
2 2244 11962 2241
2 2244 2241 12767
2 11962 2244 12598
2 11962 12598 2240
2 13616 2240 12598
2 13616 2790 2240
2 11110 2240 2790
2 11962 12598 2240
2 12898 3729 12752
2 11110 2240 2790
2 12898 3729 12752
2 12898 3729 12752
2 13546 3733 12912
2 13684 2240 3729
2 11962 13684 3725
2 2241 11962 3725
2 2244 2241 12767
2 2241 6922 11351
2 10196 11525 13965
2 9346 13965 14084
2 9346 14084 277
2 6953 13965 9346
2 9315 14084 3809
2 9346 14084 277
2 6897 13638 277
2 6897 13638 277
2 8599 13638 13491
2 8082 8599 13491
2 8082 7641 8599
2 7641 3832 8599
2 8599 3832 13638
2 3426 7641 8082
2 8599 3832 13638
2 8082 8599 13491
2 3426 7641 8082
2 3426 3520 10497
2 10497 5300 3426
2 3191 5300 10497
2 10497 3520 3191
2 10783 5300 3191
2 7384 10783 3191
2 7384 3191 12308
2 7384 12308 3193
2 12191 7384 3193
2 273 12191 3193
2 273 2065 12191
2 12191 2065 7384
2 2065 8978 7384
2 8978 2064 7384
2 7384 2064 10783
2 10783 2064 5300
2 2064 8978 8699
2 2064 8699 10155
2 2064 10155 1320
2 1320 10155 13779
2 1320 13779 10778
2 12677 10778 13779
2 2412 12677 13779
2 13779 13343 2412
2 13343 14001 2412
2 10591 2412 14001
2 10591 14001 1504
2 1504 11889 10591
2 10591 11889 9908
2 10591 9908 5899
2 10591 5899 2861
2 2861 2412 10591
2 12677 2412 2861
2 6826 5899 9908
2 6826 9908 11889
2 13132 6826 11889
2 101 13132 11889
2 101 11889 13524
2 101 13524 127
2 13938 101 127
2 127 3261 13938
2 1693 13938 3261
2 1693 3261 13746
2 1842 1693 13746
2 1842 13746 14197
2 1842 14197 14106
2 1841 1842 14106
2 13678 1841 14106
2 10691 13678 14106
2 10691 14106 14197
2 14245 10691 14197
2 14197 14196 14245
2 14196 148 14245
2 123 14245 148
2 123 148 13739
2 123 13739 13767
2 93 123 13767
2 93 13767 12311
2 93 12311 12364
2 100 93 12364
2 9293 100 12364
2 11723 9293 12364
2 11723 12364 3080
2 2915 11723 3080
2 2915 3080 10977
2 11290 2915 10977
2 11290 10977 13644
2 12558 11290 13644
2 132 12558 13644
2 132 13644 104
2 132 104 13476
2 132 13476 158
2 12558 132 158
2 12558 158 12390
2 12558 12390 2898
2 11290 12558 2898
2 2915 11290 2898
2 12225 2915 2898
2 7584 12225 2898
2 12390 7584 2898
2 9205 7584 12390
2 12845 9205 12390
2 12845 10879 9205
2 10879 3499 9205
2 9205 3499 3952
2 3952 8155 9205
2 9205 8155 7584
2 7584 8155 12225
2 8155 2415 12225
2 12225 2415 13793
2 13793 2915 12225
2 13793 11723 2915
2 3518 11723 13793
2 13793 2415 3518
2 2415 11431 3518
2 9259 3518 11431
2 3518 9259 9293
2 9293 11723 3518
2 9259 121 9293
2 100 9293 121
2 13980 100 121
2 13980 121 4061
2 13980 4061 2799
2 1966 13980 2799
2 13786 1966 2799
2 13786 2799 3847
2 13786 3847 13074
2 1418 13786 13074
2 1418 13074 1204
2 1418 1204 11980
2 11980 9677 1418
2 9677 1962 1418
2 1418 1962 14031
2 1418 14031 13786
2 14031 1966 13786
2 14031 8409 1966
2 1966 8409 13658
2 1966 13658 13980
2 13658 100 13980
2 100 13658 93
2 13658 13904 93
2 13904 13482 93
2 13482 123 93
2 14245 123 13482
2 14245 13482 2812
2 2812 10691 14245
2 2812 10610 10691
2 10610 13678 10691
2 10610 1847 13678
2 1847 1841 13678
2 14107 1841 1847
2 1847 6502 14107
2 6502 10232 14107
2 10232 11994 14107
2 14107 11994 8495
2 14107 8495 11939
2 14107 11939 1841
2 7070 1841 11939
2 7070 11939 2595
2 1691 7070 2595
2 2595 10468 1691
2 1691 10468 1737
2 1693 1691 1737
2 13938 1693 1737
2 13504 13938 1737
2 6248 13504 1737
2 6248 1737 10468
2 1880 6248 10468
2 4239 1880 10468
2 2595 4239 10468
2 7287 4239 2595
2 9844 7287 2595
2 11939 9844 2595
2 11939 8495 9844
2 8495 1740 9844
2 2594 9844 1740
2 2594 1740 8573
2 2594 8573 11019
2 11019 8119 2594
2 1850 2594 8119
2 8119 13073 1850
2 13073 1618 1850
2 1618 7659 1850
2 7287 1850 7659
2 7287 7659 1880
2 4239 7287 1880
2 12296 1880 7659
2 1618 12296 7659
2 1618 6720 12296
2 12296 6720 3331
2 1618 2307 6720
2 6720 2307 12632
2 12632 2307 8540
2 11867 12632 8540
2 1203 11867 8540
2 1203 8540 3131
2 3131 13203 1203
2 1203 13203 9889
2 1203 9889 4063
2 1203 4063 11867
2 11867 4063 7101
2 11867 7101 12632
2 7101 4063 12213
2 7101 12213 8189
2 7101 8189 10793
2 10793 8189 1204
2 11980 1204 8189
2 8189 9677 11980
2 13091 9677 8189
2 2811 13091 8189
2 2811 8189 12213
2 2811 12213 4063
2 4063 7065 2811
2 1973 2811 7065
2 1973 7065 8318
2 1973 8318 3608
2 9452 1973 3608
2 8657 9452 3608
2 9430 8657 3608
2 2815 9430 3608
2 2815 3608 8127
2 2815 8127 9287
2 14247 2815 9287
2 14247 9287 11555
2 12889 14247 11555
2 7463 12889 11555
2 7463 11555 1549
2 4341 7463 1549
2 1549 2818 4341
2 8808 4341 2818
2 8704 8808 2818
2 1590 8704 2818
2 2818 7886 1590
2 7886 3504 1590
2 3504 1967 1590
2 1967 12874 1590
2 8704 1590 12874
2 3503 8704 12874
2 3503 12874 1971
2 7071 3503 1971
2 3588 7071 1971
2 3588 1971 13672
2 1972 3588 13672
2 2809 1972 13672
2 2809 13672 7263
2 2809 7263 6399
2 2809 6399 10165
2 10165 1419 2809
2 2809 1419 8597
2 1963 2809 8597
2 1963 8597 1970
2 3605 1963 1970
2 1970 9775 3605
2 1546 3605 9775
2 1546 9775 10862
2 6274 1546 10862
2 14713 6274 10862
2 10862 3502 14713
2 14713 3502 11868
2 14713 11868 13833
2 14713 13833 6614
2 14713 6614 6274
2 6274 6614 14195
2 5600 6274 14195
2 14195 10149 5600
2 5600 10149 4616
2 4616 5967 5600
2 5967 6274 5600
2 5967 1546 6274
2 5967 12707 1546
2 3607 1546 12707
2 3607 12707 8669
2 3607 8669 13274
2 1972 3607 13274
2 1972 13274 3588
2 13274 3611 3588
2 7071 3588 3611
2 3611 8809 7071
2 8809 12322 7071
2 7071 12322 3503
2 12322 8808 3503
2 8704 3503 8808
2 12322 4341 8808
2 12322 1548 4341
2 11722 4341 1548
2 3814 11722 1548
2 14716 3814 1548
2 14716 1548 13366
2 8753 14716 13366
2 11091 8753 13366
2 11091 13366 1547
2 11091 1547 5347
2 11091 5347 5756
2 14109 11091 5756
2 5756 11834 14109
2 14109 11834 6626
2 14109 6626 9730
2 14109 9730 9857
2 14109 9857 8753
2 14109 8753 11091
2 8753 9857 14716
2 14716 9857 3814
2 9857 3267 3814
2 3267 10303 3814
2 10303 11722 3814
2 10303 7463 11722
2 11722 7463 4341
2 1845 7463 10303
2 10303 12512 1845
2 1845 12512 11925
2 11925 3270 1845
2 12889 1845 3270
2 14247 12889 3270
2 1846 14247 3270
2 1846 3270 11930
2 11930 12409 1846
2 7979 1846 12409
2 14714 7979 12409
2 14714 12409 5603
2 14714 5603 10232
2 6502 14714 10232
2 9430 14714 6502
2 8657 9430 6502
2 6502 2819 8657
2 2819 3836 8657
2 8657 3836 9452
2 3836 11119 9452
2 11119 1973 9452
2 1973 11119 2811
2 2811 11119 13091
2 11119 13867 13091
2 13867 1965 13091
2 13091 1965 9677
2 9677 1965 11508
2 9677 11508 1962
2 1962 11508 8409
2 1962 8409 14031
2 11508 3452 8409
2 11882 8409 3452
2 3452 2812 11882
2 11882 2812 13482
2 11882 13482 13904
2 11882 13904 13658
2 11882 13658 8409
2 10610 2812 3452
2 11527 10610 3452
2 1965 11527 3452
2 1965 3452 11508
2 1965 13867 11527
2 13867 3836 11527
2 11527 3836 2819
2 2819 13195 11527
2 13195 10610 11527
2 10610 13195 1847
2 2819 1847 13195
2 2819 6502 1847
2 2819 1847 13195
2 11119 3836 13867
2 13195 10610 11527
2 11882 13658 8409
2 1965 3452 11508
2 1965 3452 11508
2 1965 13867 11527
2 11119 3836 13867
2 11119 3836 13867
2 11527 3836 2819
2 2819 6502 1847
2 2815 14714 9430
2 14714 2815 7979
2 7979 2815 14247
2 7979 14247 1846
2 10232 5603 11994
2 3268 11994 5603
2 3268 5603 12409
2 12409 12654 3268
2 12654 8573 3268
2 8573 1740 3268
2 11994 3268 1740
2 8495 11994 1740
2 1739 8573 12654
2 11930 1739 12654
2 11930 12654 12409
2 11930 11875 1739
2 1739 11875 7317
2 11019 1739 7317
2 7317 1994 11019
2 11019 1994 8119
2 8119 1994 8884
2 8884 13073 8119
2 8884 2307 13073
2 2307 1618 13073
2 2307 8884 11758
2 8540 2307 11758
2 8540 11758 3131
2 3131 11758 3984
2 3131 3984 12748
2 12748 11195 3131
2 3131 11195 8735
2 3131 8735 13203
2 1420 13203 8735
2 1420 8735 13563
2 1420 13563 5646
2 1420 5646 6470
2 2803 1420 6470
2 1969 2803 6470
2 1969 6470 2804
2 1969 2804 1967
2 1969 1967 3504
2 3504 8896 1969
2 8896 3834 1969
2 3834 2803 1969
2 8318 2803 3834
2 8318 3834 3608
2 8127 3608 3834
2 3606 8127 3834
2 8896 3606 3834
2 3504 3606 8896
2 3606 3504 11782
2 11555 3606 11782
2 11555 11782 1549
2 11782 7886 1549
2 7886 2818 1549
2 11782 3504 7886
2 11555 9287 3606
2 8127 3606 9287
2 11782 3504 7886
2 8127 3606 9287
2 8318 7065 2803
2 9889 2803 7065
2 4063 9889 7065
2 9889 1420 2803
2 13203 1420 9889
2 8896 3606 3834
2 3504 3606 8896
2 2810 1967 2804
2 2810 2804 4060
2 11978 2810 4060
2 11978 4060 1201
2 6399 11978 1201
2 6399 1201 8019
2 6399 8019 10165
2 10165 8019 1200
2 1419 10165 1200
2 1200 10146 1419
2 10146 1199 1419
2 11696 1419 1199
2 6962 11696 1199
2 11114 6962 1199
2 11114 1199 3129
2 1198 11114 3129
2 3181 1198 3129
2 3992 3181 3129
2 3992 3129 10749
2 12934 3992 10749
2 12934 10749 3138
2 12934 3138 9332
2 9332 11543 12934
2 1183 12934 11543
2 11543 1741 1183
2 1741 4691 1183
2 4691 5965 1183
2 5965 10466 1183
2 12934 1183 10466
2 12934 10466 1856
2 12934 1856 3992
2 3992 1856 3328
2 3328 3134 3992
2 3992 3134 3181
2 3134 9755 3181
2 9755 8499 3181
2 8499 1198 3181
2 1198 8499 4062
2 4062 11523 1198
2 1198 11523 11114
2 11523 6962 11114
2 6071 6962 11523
2 6071 11523 4062
2 4062 10444 6071
2 6071 10444 3837
2 3837 12662 6071
2 12662 11897 6071
2 6071 11897 6962
2 11897 2808 6962
2 6962 2808 11696
2 11696 2808 1419
2 2808 8597 1419
2 1970 8597 2808
2 2808 12662 1970
2 1970 12662 3502
2 1970 3502 9775
2 10862 9775 3502
2 12662 3837 3502
2 3837 12406 3502
2 11868 3502 12406
2 1545 11868 12406
2 1545 12406 3604
2 3604 6961 1545
2 1843 1545 6961
2 1843 6961 6919
2 1843 6919 5430
2 1843 5430 14108
2 1843 14108 13368
2 13368 6132 1843
2 1843 6132 1545
2 6132 11868 1545
2 6132 13833 11868
2 13833 6132 6329
2 13833 6329 6614
2 9797 6614 6329
2 3265 9797 6329
2 13368 3265 6329
2 6329 6132 13368
2 10267 3265 13368
2 14108 10267 13368
2 3264 10267 14108
2 3264 14108 6066
2 6066 11785 3264
2 3264 11785 10018
2 2591 3264 10018
2 2591 10018 4189
2 7028 2591 4189
2 4189 1852 7028
2 7028 1852 12868
2 7028 12868 9069
2 1992 7028 9069
2 1992 9069 1620
2 1992 1620 5965
2 4691 1992 5965
2 4691 2588 1992
2 2588 9881 1992
2 2591 1992 9881
2 2591 9881 10267
2 2591 10267 3264
2 9881 3265 10267
2 2588 3265 9881
2 2588 9797 3265
2 2588 10656 9797
2 10656 3266 9797
2 9797 3266 6614
2 6614 3266 14195
2 3266 10149 14195
2 2589 10149 3266
2 3266 10656 2589
2 10656 1741 2589
2 9233 2589 1741
2 9233 1741 11543
2 9233 11543 1621
2 6543 9233 1621
2 6342 6543 1621
2 3106 6342 1621
2 1621 12401 3106
2 3106 12401 3329
2 3329 8012 3106
2 3106 8012 6342
2 2592 6342 8012
2 2592 8012 6106
2 10942 2592 6106
2 8233 10942 6106
2 8233 6106 12762
2 1738 8233 12762
2 1738 12762 8170
2 8587 1738 8170
2 11661 8587 8170
2 11661 8170 2593
2 11728 11661 2593
2 2593 9581 11728
2 9581 2941 11728
2 11728 2941 1744
2 11925 11728 1744
2 1744 11928 11925
2 11928 3270 11925
2 11875 3270 11928
2 11928 1744 11875
2 1744 2590 11875
2 7317 11875 2590
2 2590 9790 7317
2 7317 9790 1994
2 1994 9790 3330
2 3330 8884 1994
2 3984 8884 3330
2 3330 12748 3984
2 3330 3982 12748
2 3982 11195 12748
2 3982 6488 11195
2 6488 1202 11195
2 11195 1202 13563
2 11195 13563 8735
2 13563 1202 5646
2 5646 1202 4060
2 5646 4060 2804
2 5646 2804 6470
2 1202 10708 4060
2 10708 1201 4060
2 11197 1201 10708
2 11197 10708 1202
2 1202 6488 11197
2 9418 11197 6488
2 6488 3982 9418
2 9418 3982 2308
2 1857 9418 2308
2 5843 1857 2308
2 5843 2308 8550
2 1185 5843 8550
2 1185 8550 3330
2 9790 1185 3330
2 2590 1185 9790
2 2590 13447 1185
2 13447 2941 1185
2 2941 5843 1185
2 2941 9581 5843
2 9581 1184 5843
2 5843 1184 1857
2 1184 3329 1857
2 3329 3983 1857
2 3983 9418 1857
2 2301 9418 3983
2 2301 3983 12560
2 12560 1201 2301
2 2301 1201 11197
2 9418 2301 11197
2 12560 8019 1201
2 7803 8019 12560
2 2306 7803 12560
2 12560 3983 2306
2 2306 3983 3329
2 3329 12401 2306
2 10720 2306 12401
2 10720 12401 1617
2 3138 10720 1617
2 9332 3138 1617
2 1617 11543 9332
2 1617 1621 11543
2 1621 1617 12401
2 10720 3138 12323
2 2306 10720 12323
2 2306 12323 7803
2 12323 1200 7803
2 7803 1200 8019
2 3130 1200 12323
2 3138 3130 12323
2 11739 3130 3138
2 10749 11739 3138
2 3129 11739 10749
2 3129 1199 11739
2 11739 1199 3130
2 3130 1199 10146
2 3130 10146 1200
2 11739 1199 3130
2 3130 10146 1200
2 3138 3130 12323
2 1621 1617 12401
2 2306 10720 12323
2 2306 12323 7803
2 7803 1200 8019
2 12560 3983 2306
2 9418 2301 11197
2 2306 3983 3329
2 1184 8012 3329
2 12762 8012 1184
2 12762 1184 2593
2 8170 12762 2593
2 2593 1184 9581
2 6106 8012 12762
2 2593 1184 9581
2 2941 13447 1744
2 13447 2590 1744
2 13447 2590 1744
2 8550 3982 3330
2 2308 3982 8550
2 2941 5843 1185
2 2308 3982 8550
2 5843 1184 1857
2 3983 9418 1857
2 2308 3982 8550
2 9418 2301 11197
2 2301 1201 11197
2 11197 10708 1202
2 1202 6488 11197
2 6488 3982 9418
2 8550 3982 3330
2 11758 8884 3984
2 9790 1185 3330
2 2590 1185 9790
2 13447 2590 1744
2 3270 11875 11930
2 11928 1744 11875
2 11728 11925 12512
2 11728 12512 3267
2 11728 3267 11661
2 11661 3267 5905
2 11661 5905 8587
2 8587 5905 1738
2 5905 9730 1738
2 9730 6626 1738
2 6626 8233 1738
2 6626 10942 8233
2 11834 10942 6626
2 11834 9327 10942
2 9327 2592 10942
2 2592 9327 6543
2 2592 6543 6342
2 9327 1743 6543
2 9233 6543 1743
2 9233 1743 2589
2 1743 10149 2589
2 10149 1743 7586
2 4616 10149 7586
2 4616 7586 11834
2 4616 11834 5756
2 5756 5967 4616
2 5347 5967 5756
2 5967 5347 8669
2 5967 8669 12707
2 5347 1547 8669
2 8669 1547 13274
2 3611 13274 1547
2 1547 13366 3611
2 13366 8809 3611
2 13366 1548 8809
2 8809 1548 12322
2 7586 9327 11834
2 7586 1743 9327
2 7586 1743 9327
2 7586 1743 9327
2 7586 9327 11834
2 9857 9730 5905
2 9857 5905 3267
2 9857 5905 3267
2 3267 12512 10303
2 2941 13447 1744
2 2941 9581 5843
2 2593 1184 9581
2 11728 3267 11661
2 8170 12762 2593
2 11661 5905 8587
2 8587 5905 1738
2 8170 12762 2593
2 6626 8233 1738
2 6106 8012 12762
2 6626 10942 8233
2 9327 2592 10942
2 6106 8012 12762
2 2592 6543 6342
2 1184 8012 3329
2 3329 12401 2306
2 1621 1617 12401
2 3106 8012 6342
2 2592 6543 6342
2 9233 6543 1743
2 1617 1621 11543
2 9233 1743 2589
2 1741 10656 4691
2 10656 2588 4691
2 1743 10149 2589
2 3266 10656 2589
2 10656 2588 4691
2 1992 2591 7028
2 2588 3265 9881
2 10656 2588 4691
2 5965 1620 10466
2 10466 1620 1856
2 1620 3328 1856
2 1620 9069 3328
2 9069 13131 3328
2 3328 13131 3134
2 13131 2305 3134
2 3134 2305 9755
2 9755 2305 2309
2 2309 12785 9755
2 12785 8499 9755
2 7432 8499 12785
2 7432 12785 1196
2 7432 1196 2800
2 2800 11824 7432
2 11824 2806 7432
2 7432 2806 4062
2 8499 7432 4062
2 4062 2806 10444
2 1588 10444 2806
2 1588 2806 8512
2 3500 1588 8512
2 3500 8512 13733
2 13733 6961 3500
2 3604 3500 6961
2 3500 3604 1588
2 12851 1588 3604
2 3837 12851 3604
2 3837 3604 12406
2 12851 3837 10444
2 1588 12851 10444
2 1588 12851 10444
2 1544 6961 13733
2 10353 1544 13733
2 13733 8512 10353
2 8512 11079 10353
2 1440 10353 11079
2 11079 6514 1440
2 13734 1440 6514
2 4418 13734 6514
2 4418 6514 12206
2 4418 12206 7057
2 3505 4418 7057
2 3505 7057 11804
2 3505 11804 6520
2 3505 6520 7002
2 8770 3505 7002
2 8770 7002 7786
2 13625 8770 7786
2 13625 7786 25
2 25 15 13625
2 13625 15 13232
2 13625 13232 14715
2 14715 8770 13625
2 14715 1543 8770
2 1543 3505 8770
2 3505 1543 4418
2 4418 1543 13734
2 1543 6345 13734
2 13734 6345 1440
2 6345 13520 1440
2 1440 13520 10353
2 13520 1544 10353
2 13520 9355 1544
2 1544 9355 14198
2 5430 1544 14198
2 5430 14198 6066
2 5430 6066 14108
2 11785 6066 14198
2 14198 10981 11785
2 1178 11785 10981
2 1178 10981 7587
2 1178 7587 10186
2 1178 10186 1990
2 1990 9204 1178
2 9204 10018 1178
2 10018 11785 1178
2 4189 10018 9204
2 9204 1852 4189
2 9204 12761 1852
2 10661 1852 12761
2 10661 12761 8078
2 1854 10661 8078
2 1854 8078 1615
2 13461 1854 1615
2 2300 13461 1615
2 10697 2300 1615
2 1615 8782 10697
2 8782 50 10697
2 50 61 10697
2 61 13496 10697
2 13496 2300 10697
2 13496 7680 2300
2 7680 3128 2300
2 2300 3128 13327
2 13327 13461 2300
2 13327 1854 13461
2 9371 1854 13327
2 13327 3128 9371
2 10805 9371 3128
2 3128 3175 10805
2 13260 10805 3175
2 3175 3846 13260
2 3846 5563 13260
2 13260 5563 9186
2 9186 10805 13260
2 9186 8814 10805
2 10805 8814 9371
2 8814 2304 9371
2 9371 2304 10661
2 1854 9371 10661
2 2304 11400 10661
2 11400 1852 10661
2 12920 1852 11400
2 12920 11400 9696
2 12920 9696 2305
2 2305 13131 12920
2 9069 12920 13131
2 12868 12920 9069
2 1852 12920 12868
2 2305 9696 2309
2 2304 2309 9696
2 2304 9696 11400
2 2309 2304 8814
2 2309 8814 1196
2 2309 1196 12785
2 8814 13462 1196
2 2800 1196 13462
2 13462 7968 2800
2 8598 2800 7968
2 10223 8598 7968
2 5563 10223 7968
2 5563 7968 9186
2 9186 7968 13462
2 8814 9186 13462
2 5563 1416 10223
2 6514 10223 1416
2 12206 6514 1416
2 12206 1416 7057
2 7057 1416 8995
2 7057 8995 11804
2 11804 8995 3327
2 11804 3327 7716
2 6520 11804 7716
2 6520 7716 52
2 6520 52 32
2 7002 6520 32
2 7786 7002 32
2 7786 32 25
2 6928 25 32
2 6928 32 5617
2 6813 6928 5617
2 6813 5617 11794
2 6813 11794 3282
2 6813 3282 61
2 6813 61 50
2 6813 50 6527
2 6527 6958 6813
2 6958 6928 6813
2 6958 15 6928
2 6928 15 25
2 6 15 6958
2 14 6 6958
2 6527 14 6958
2 24 14 6527
2 6527 36 24
2 1690 24 36
2 8782 1690 36
2 8782 36 50
2 6527 50 36
2 11141 1690 8782
2 11141 8782 1615
2 1990 11141 1615
2 1990 1615 8078
2 1990 8078 9204
2 9204 8078 12761
2 3656 11141 1990
2 10186 3656 1990
2 10186 7587 3656
2 3656 7587 12830
2 3656 12830 3263
2 1690 3656 3263
2 1690 3263 14
2 1690 14 24
2 12887 14 3263
2 3263 1840 12887
2 12887 1840 13232
2 12887 13232 6
2 14 12887 6
2 13232 15 6
2 1840 14715 13232
2 1840 12411 14715
2 1543 14715 12411
2 1543 12411 14246
2 1543 14246 6345
2 6345 14246 9355
2 6345 9355 13520
2 9355 14246 14198
2 14246 9731 14198
2 10981 14198 9731
2 7587 10981 9731
2 7587 9731 12830
2 1840 12830 9731
2 12411 1840 9731
2 14246 12411 9731
2 3263 12830 1840
2 14246 12411 9731
2 14246 12411 9731
2 12411 1840 9731
2 3263 12830 1840
2 14 12887 6
2 3656 1690 11141
2 3263 12830 1840
2 7587 9731 12830
2 3656 1690 11141
2 3656 1690 11141
2 1690 14 24
2 6527 50 36
2 1690 14 24
2 14 12887 6
2 13232 15 6
2 6527 14 6958
2 6527 50 36
2 3282 75 61
2 75 13496 61
2 75 7680 13496
2 9227 7680 75
2 9227 75 84
2 84 9447 9227
2 9227 9447 6623
2 9227 6623 3175
2 3175 7680 9227
2 3175 3128 7680
2 3846 3175 6623
2 3846 6623 9225
2 3846 9225 11775
2 11775 5563 3846
2 11775 1416 5563
2 1416 11775 8995
2 11775 1417 8995
2 8995 1417 3327
2 3327 1417 73
2 3327 73 62
2 7716 3327 62
2 52 7716 62
2 8452 52 62
2 11794 8452 62
2 11794 62 73
2 73 85 11794
2 11794 85 84
2 3282 11794 84
2 3282 84 75
2 84 85 7795
2 84 7795 9447
2 9225 9447 7795
2 9225 7795 1417
2 9225 1417 11775
2 7795 73 1417
2 7795 85 73
2 6623 9447 9225
2 7795 85 73
2 7795 85 73
2 8452 11794 5617
2 8452 5617 52
2 5617 32 52
2 8452 5617 52
2 11794 62 73
2 7795 73 1417
2 9225 1417 11775
2 9225 1417 11775
2 6623 9447 9225
2 6623 9447 9225
2 84 7795 9447
2 3282 84 75
2 3175 7680 9227
2 3282 84 75
2 3282 11794 84
2 8452 11794 5617
2 6958 6928 6813
2 5617 32 52
2 6928 15 25
2 5617 32 52
2 52 7716 62
2 7716 3327 62
2 8995 1417 3327
2 1416 11775 8995
2 6514 8598 10223
2 6514 11079 8598
2 11079 8512 8598
2 8512 11824 8598
2 11824 2800 8598
2 2806 11824 8512
2 11775 1416 5563
2 6514 8598 10223
2 11824 2800 8598
2 9186 7968 13462
2 8814 9186 13462
2 2304 9696 11400
2 1852 12920 12868
2 2304 9696 11400
2 2309 2304 8814
2 8814 9186 13462
2 5563 7968 9186
2 11775 5563 3846
2 3846 3175 6623
2 9186 10805 13260
2 3175 3128 7680
2 10805 8814 9371
2 1854 9371 10661
2 13327 3128 9371
2 3175 3128 7680
2 75 7680 13496
2 75 13496 61
2 6813 61 50
2 8782 36 50
2 11141 8782 1615
2 13496 2300 10697
2 13327 13461 2300
2 13327 1854 13461
2 1990 1615 8078
2 1854 9371 10661
2 9204 8078 12761
2 11400 1852 10661
2 9204 8078 12761
2 1990 8078 9204
2 10186 3656 1990
2 10186 7587 3656
2 7587 10981 9731
2 10018 11785 1178
2 10981 14198 9731
2 6919 1544 5430
2 6919 6961 1544
2 9355 14246 14198
2 6345 9355 13520
2 6345 9355 13520
2 1543 14246 6345
2 1543 14715 12411
2 1840 14715 13232
2 13232 15 6
2 6928 15 25
2 7786 32 25
2 14715 8770 13625
2 7786 7002 32
2 1543 3505 8770
2 7002 6520 32
2 6520 11804 7716
2 7057 8995 11804
2 3505 1543 4418
2 12206 1416 7057
2 12206 6514 1416
2 4418 1543 13734
2 13734 6345 1440
2 6514 11079 8598
2 1440 13520 10353
2 11079 8512 8598
2 13520 1544 10353
2 6919 6961 1544
2 13733 8512 10353
2 3500 3604 1588
2 2806 11824 8512
2 1588 12851 10444
2 2806 11824 8512
2 11824 2800 8598
2 2800 1196 13462
2 2309 1196 12785
2 8499 7432 4062
2 2309 1196 12785
2 2305 9696 2309
2 2305 13131 12920
2 9069 12920 13131
2 1620 9069 3328
2 1992 2591 7028
2 12868 12920 9069
2 1852 12920 12868
2 9204 1852 4189
2 1992 2591 7028
2 4189 10018 9204
2 2591 10267 3264
2 10018 11785 1178
2 11785 6066 14198
2 5430 6066 14108
2 2591 10267 3264
2 9881 3265 10267
2 2588 9797 3265
2 9797 3266 6614
2 6329 6132 13368
2 6329 6132 13368
2 14108 10267 13368
2 5430 6066 14108
2 6919 1544 5430
2 6919 6961 1544
2 1843 6132 1545
2 3604 3500 6961
2 3837 3604 12406
2 6132 11868 1545
2 3837 3604 12406
2 12662 2808 11897
2 12662 2808 11897
2 12662 2808 11897
2 12662 3837 3502
2 12851 3837 10444
2 4062 2806 10444
2 6071 11897 6962
2 6071 11523 4062
2 8499 7432 4062
2 12785 8499 9755
2 3134 2305 9755
2 3328 13131 3134
2 1620 3328 1856
2 10466 1620 1856
2 5965 1620 10466
2 4691 1992 5965
2 1741 10656 4691
2 9233 1741 11543
2 12934 1183 10466
2 1617 11543 9332
2 9332 3138 1617
2 10749 11739 3138
2 12934 1856 3992
2 3129 11739 10749
2 3992 3134 3181
2 8499 1198 3181
2 1198 11523 11114
2 3129 1199 11739
2 11523 6962 11114
2 6962 2808 11696
2 11696 2808 1419
2 3130 1199 10146
2 3130 10146 1200
2 7803 1200 8019
2 12560 8019 1201
2 7263 11978 6399
2 7263 2810 11978
2 2810 7263 1971
2 2810 1971 12874
2 2810 12874 1967
2 13672 1971 7263
2 10708 1201 4060
2 7263 2810 11978
2 5646 4060 2804
2 2810 12874 1967
2 5646 2804 6470
2 3834 2803 1969
2 9889 1420 2803
2 5646 2804 6470
2 13563 1202 5646
2 11195 13563 8735
2 13203 1420 9889
2 11195 13563 8735
2 3982 11195 12748
2 3330 12748 3984
2 11758 8884 3984
2 11758 8884 3984
2 3330 8884 1994
2 7317 9790 1994
2 11019 8573 1739
2 7317 11875 2590
2 3270 11875 11930
2 11019 8573 1739
2 11930 12654 12409
2 11994 3268 1740
2 3268 5603 12409
2 14714 2815 7979
2 7979 14247 1846
2 11930 12654 12409
2 3270 11875 11930
2 7979 14247 1846
2 12889 7463 1845
2 11928 3270 11925
2 11728 11925 12512
2 3267 12512 10303
2 12889 7463 1845
2 3267 12512 10303
2 9857 5905 3267
2 9857 9730 5905
2 9730 6626 1738
2 11834 10942 6626
2 4616 11834 5756
2 14109 8753 11091
2 5347 5967 5756
2 5347 1547 8669
2 1547 13366 3611
2 14109 8753 11091
2 8753 9857 14716
2 13366 1548 8809
2 14716 9857 3814
2 10303 11722 3814
2 11722 7463 4341
2 8809 1548 12322
2 8809 1548 12322
2 13366 8809 3611
2 3611 13274 1547
2 1972 1963 3607
2 3605 3607 1963
2 3605 1546 3607
2 2809 1963 1972
2 8669 1547 13274
2 5967 8669 12707
2 3605 1546 3607
2 5967 8669 12707
2 5756 5967 4616
2 4616 10149 7586
2 3266 10149 14195
2 5967 6274 5600
2 6614 3266 14195
2 13833 6329 6614
2 6132 13833 11868
2 11868 3502 12406
2 10862 9775 3502
2 14713 6614 6274
2 5967 1546 6274
2 10862 9775 3502
2 3605 1546 3607
2 1970 3502 9775
2 3605 3607 1963
2 1970 8597 2808
2 2809 1963 1972
2 2808 8597 1419
2 1419 10165 1200
2 6399 8019 10165
2 7263 11978 6399
2 13672 1971 7263
2 2809 1963 1972
2 1972 13274 3588
2 13672 1971 7263
2 7071 3588 3611
2 7071 12322 3503
2 2810 1971 12874
2 8704 3503 8808
2 2810 12874 1967
2 1969 1967 3504
2 11782 3504 7886
2 7886 2818 1549
2 8704 1590 12874
2 8704 3503 8808
2 12322 4341 8808
2 7886 2818 1549
2 11722 7463 4341
2 11555 11782 1549
2 12889 7463 1845
2 14247 12889 3270
2 11555 9287 3606
2 7979 2815 14247
2 8127 3606 9287
2 8127 3608 3834
2 2815 14714 9430
2 8657 9430 6502
2 8657 3836 9452
2 11119 1973 9452
2 8318 3834 3608
2 8318 7065 2803
2 1973 11119 2811
2 4063 9889 7065
2 2811 11119 13091
2 13091 1965 9677
2 2811 8189 12213
2 2811 12213 4063
2 4063 9889 7065
2 13203 1420 9889
2 3131 8735 13203
2 8540 11758 3131
2 1203 4063 11867
2 11867 7101 12632
2 8540 2307 11758
2 2307 1618 13073
2 2594 1850 7287
2 2594 7287 9844
2 1618 12296 7659
2 2307 1618 13073
2 8884 13073 8119
2 2594 1850 7287
2 11019 1994 8119
2 11019 8573 1739
2 8573 1740 3268
2 2594 7287 9844
2 8495 11994 1740
2 2594 7287 9844
2 4239 7287 1880
2 4239 7287 1880
2 13504 6248 10178
2 13504 10178 9859
2 13504 9859 13411
2 101 13504 13411
2 13132 101 13411
2 7723 13132 13411
2 7723 13411 12346
2 12346 5633 7723
2 5633 12346 9099
2 5633 9099 3053
2 3053 9099 2747
2 2747 8213 3053
2 8213 2739 3053
2 2739 11310 3053
2 2739 10308 11310
2 10308 3054 11310
2 1537 8213 2747
2 9099 2748 2747
2 9099 155 2748
2 125 155 9099
2 9099 12346 125
2 13411 125 12346
2 125 13411 3990
2 2303 125 3990
2 155 125 2303
2 9859 3990 13411
2 10178 3990 9859
2 155 125 2303
2 9099 12346 125
2 13411 125 12346
2 7723 6826 13132
2 101 13938 13504
2 9859 3990 13411
2 10178 3990 9859
2 101 13938 13504
2 1842 1691 1693
2 7070 1691 1842
2 1841 7070 1842
2 6248 1737 10468
2 2595 4239 10468
2 7070 1691 1842
2 11939 9844 2595
2 1841 7070 1842
2 11939 8495 9844
2 8495 11994 1740
2 10232 5603 11994
2 6502 14714 10232
2 2819 6502 1847
2 14107 11939 1841
2 10610 13195 1847
2 10610 2812 3452
2 11882 2812 13482
2 11882 13482 13904
2 11882 13904 13658
2 11882 13658 8409
2 1962 8409 14031
2 1962 8409 14031
2 9677 11508 1962
2 8189 9677 11980
2 11980 1204 8189
2 1418 14031 13786
2 13074 3847 9189
2 14031 1966 13786
2 1966 13658 13980
2 4061 121 137
2 137 121 9259
2 13658 100 13980
2 137 121 9259
2 2413 11431 2415
2 3952 2413 2415
2 3952 2415 8155
2 3952 2500 2413
2 2413 2500 1487
2 13010 1487 2500
2 1720 13010 2500
2 1720 2500 3499
2 11161 1720 3499
2 8107 11161 3499
2 10879 8107 3499
2 13760 8107 10879
2 204 13760 10879
2 204 10879 12845
2 204 232 13760
2 13760 232 252
2 11636 13760 252
2 11636 252 266
2 11377 11636 266
2 11377 266 10611
2 3076 11377 10611
2 3076 10611 2924
2 10954 3076 2924
2 10954 2924 2762
2 14053 10954 2762
2 2762 13896 14053
2 14053 13896 244
2 270 14053 244
2 270 244 13899
2 13899 14043 270
2 274 270 14043
2 14024 274 14043
2 14024 14043 12926
2 11144 14024 12926
2 11144 12926 7375
2 14058 11144 7375
2 14058 7375 3706
2 14046 14058 3706
2 14101 14046 3706
2 14101 3706 12484
2 14101 12484 13810
2 14101 13810 14477
2 14477 14046 14101
2 14477 3794 14046
2 14046 3794 14058
2 3794 11144 14058
2 3794 13165 11144
2 13165 14024 11144
2 13165 237 14024
2 237 274 14024
2 237 14007 274
2 274 14007 13813
2 274 13813 270
2 13813 14053 270
2 13813 10954 14053
2 13813 11799 10954
2 10954 11799 3090
2 10954 3090 3076
2 11377 3076 3090
2 2988 11377 3090
2 11799 2988 3090
2 11268 2988 11799
2 11268 11799 14007
2 237 11268 14007
2 237 13010 11268
2 11268 13010 1720
2 11268 1720 2988
2 11161 2988 1720
2 8107 2988 11161
2 8107 11636 2988
2 2988 11636 11377
2 8107 13760 11636
2 237 229 13010
2 1487 13010 229
2 229 208 1487
2 1487 208 3951
2 14476 3951 208
2 229 14476 208
2 8876 14476 229
2 237 8876 229
2 13165 8876 237
2 8876 13165 14474
2 8876 14474 14475
2 14475 14476 8876
2 14476 14475 1347
2 201 14476 1347
2 1348 1347 14475
2 14475 14474 1348
2 14474 14454 1348
2 1348 14454 13840
2 1348 13840 4054
2 4054 1347 1348
2 13840 2383 4054
2 13522 2383 13840
2 1159 13522 13840
2 13840 14454 1159
2 14454 14456 1159
2 7771 1159 14456
2 7771 14456 14457
2 1343 7771 14457
2 14457 7012 1343
2 7012 13481 1343
2 13481 13233 1343
2 13233 4050 1343
2 4050 7771 1343
2 7771 4050 8090
2 7771 8090 1159
2 1228 1159 8090
2 1228 8090 11126
2 11126 10627 1228
2 10627 6324 1228
2 6324 13522 1228
2 13522 1159 1228
2 6324 2383 13522
2 6324 11787 2383
2 11787 273 2383
2 11787 13876 273
2 13876 254 273
2 2065 273 254
2 235 2065 254
2 14010 235 254
2 1645 14010 254
2 254 13876 1645
2 13876 3317 1645
2 13814 1645 3317
2 3317 13329 13814
2 13329 10717 13814
2 12527 13814 10717
2 7762 12527 10717
2 7762 10717 1432
2 12529 7762 1432
2 13797 12529 1432
2 1432 7687 13797
2 13797 7687 3432
2 3432 10550 13797
2 1648 13797 10550
2 1648 10550 7602
2 7602 13473 1648
2 1648 13473 13436
2 13436 971 1648
2 971 12529 1648
2 1648 12529 13797
2 12529 971 7473
2 7762 12529 7473
2 7473 12527 7762
2 970 12527 7473
2 7473 8843 970
2 13263 970 8843
2 11396 13263 8843
2 13585 11396 8843
2 13977 13585 8843
2 13977 8843 7473
2 971 13977 7473
2 971 960 13977
2 960 13585 13977
2 3166 13585 960
2 8600 3166 960
2 13611 8600 960
2 13611 960 971
2 9748 13611 971
2 971 13436 9748
2 13436 7832 9748
2 9748 7832 10910
2 2461 9748 10910
2 2461 10910 2952
2 2461 2952 11219
2 11219 11835 2461
2 3708 2461 11835
2 3787 3708 11835
2 3787 11835 10378
2 10378 12262 3787
2 3787 12262 3643
2 3787 3643 10976
2 3787 10976 11729
2 3787 11729 3708
2 10575 3708 11729
2 10575 11729 8979
2 13382 10575 8979
2 13382 8979 7491
2 1155 13382 7491
2 13034 1155 7491
2 3706 13034 7491
2 7491 12484 3706
2 7491 3455 12484
2 12484 3455 14457
2 12484 14457 13810
2 14457 14456 13810
2 13810 14456 14477
2 14477 14456 14454
2 14474 14477 14454
2 3794 14477 14474
2 14474 13165 3794
2 14457 3455 7012
2 7012 3455 13162
2 7012 13162 6578
2 4051 7012 6578
2 4051 6578 13033
2 13033 4052 4051
2 4052 13481 4051
2 7012 4051 13481
2 4052 13233 13481
2 14606 13233 4052
2 14606 4052 13533
2 14606 13533 11665
2 14606 11665 14637
2 11126 14606 14637
2 14637 10627 11126
2 14637 3310 10627
2 10627 3310 6324
2 13329 6324 3310
2 13329 3310 10717
2 3310 1432 10717
2 7687 1432 3310
2 14637 7687 3310
2 14637 11665 7687
2 11665 3432 7687
2 11665 14638 3432
2 3432 14638 12465
2 13892 3432 12465
2 1433 13892 12465
2 1433 12465 8727
2 11976 1433 8727
2 13192 11976 8727
2 8727 3743 13192
2 13192 3743 3311
2 6269 13192 3311
2 11456 6269 3311
2 13140 11456 3311
2 14639 13140 3311
2 3311 3743 14639
2 14639 3743 9687
2 2613 14639 9687
2 2613 9687 1226
2 2613 1226 13543
2 13543 10485 2613
2 2613 10485 12212
2 12212 13302 2613
2 14639 2613 13302
2 14639 13302 14678
2 14639 14678 13562
2 14639 13562 13140
2 13562 4047 13140
2 4047 1649 13140
2 1649 11456 13140
2 11456 1649 1640
2 1640 11673 11456
2 11673 6269 11456
2 13985 6269 11673
2 13663 13985 11673
2 13663 11673 13448
2 13448 13689 13663
2 13689 587 13663
2 13663 587 10216
2 13663 10216 3026
2 3026 13985 13663
2 11976 13985 3026
2 11976 3026 1433
2 7602 1433 3026
2 7602 3026 10216
2 13473 7602 10216
2 10216 13372 13473
2 13372 7832 13473
2 7832 13436 13473
2 7832 13372 2952
2 10910 7832 2952
2 13372 587 2952
2 587 10993 2952
2 10993 6518 2952
2 2952 6518 11219
2 6518 11835 11219
2 6518 1156 11835
2 11835 1156 10378
2 13615 10378 1156
2 13615 1156 10590
2 13615 10590 11108
2 13615 11108 11677
2 13615 11677 3850
2 13615 3850 10378
2 10378 3850 12262
2 14517 12262 3850
2 14517 3850 11677
2 11677 12015 14517
2 14517 12015 9612
2 14517 9612 14455
2 14455 12418 14517
2 12262 14517 12418
2 12262 12418 3643
2 14455 3643 12418
2 12039 3643 14455
2 1344 12039 14455
2 1344 14455 10485
2 1344 10485 13543
2 13543 2390 1344
2 13033 1344 2390
2 13246 13033 2390
2 14607 13246 2390
2 2390 1226 14607
2 12585 14607 1226
2 3743 12585 1226
2 9687 3743 1226
2 8727 12585 3743
2 8727 12465 12585
2 12465 14638 12585
2 14638 14607 12585
2 14638 13533 14607
2 4052 14607 13533
2 14607 4052 13246
2 4052 13033 13246
2 13533 14638 11665
2 14638 14607 12585
2 13543 1226 2390
2 14607 4052 13246
2 4052 13033 13246
2 1344 13033 12039
2 13033 6578 12039
2 6578 3643 12039
2 6578 10976 3643
2 6578 13162 10976
2 13162 13465 10976
2 10976 13465 8979
2 11729 10976 8979
2 13465 3455 8979
2 7491 8979 3455
2 13162 3455 13465
2 13162 3455 13465
2 13543 1226 2390
2 9612 10485 14455
2 10485 9612 1345
2 10485 1345 12212
2 12212 1345 4057
2 14678 12212 4057
2 4057 14608 14678
2 14608 1445 14678
2 14678 1445 13562
2 1445 4047 13562
2 1445 11956 4047
2 11956 1649 4047
2 1649 11956 11724
2 1649 11724 1641
2 1640 1649 1641
2 6921 1640 1641
2 6921 1641 1426
2 1426 11521 6921
2 6921 11521 14522
2 14522 11657 6921
2 11657 1640 6921
2 13448 1640 11657
2 11536 13448 11657
2 14522 11536 11657
2 11536 14522 11552
2 11552 7482 11536
2 7482 13689 11536
2 13689 13448 11536
2 13689 7482 10993
2 587 13689 10993
2 7482 6518 10993
2 7482 12266 6518
2 6518 12266 1156
2 12266 14181 1156
2 10590 1156 14181
2 14181 12655 10590
2 12655 3712 10590
2 11108 10590 3712
2 3712 3453 11108
2 3788 11108 3453
2 3453 13094 3788
2 3788 13094 899
2 3788 899 11677
2 11108 3788 11677
2 11677 899 12015
2 899 14458 12015
2 12015 14458 9612
2 1345 9612 14458
2 1346 1345 14458
2 1346 14458 13000
2 1346 13000 4347
2 4347 1350 1346
2 1350 11743 1346
2 4057 1346 11743
2 4057 11743 14608
2 11743 1350 14608
2 1350 14610 14608
2 14610 1449 14608
2 14608 1449 11905
2 14608 11905 1445
2 11956 1445 11905
2 3433 11956 11905
2 11905 1449 3433
2 12815 3433 1449
2 3747 12815 1449
2 3747 1449 1446
2 12072 3747 1446
2 13178 12072 1446
2 14609 13178 1446
2 1446 14640 14609
2 12656 14609 14640
2 2614 12656 14640
2 14640 14610 2614
2 1350 2614 14610
2 1350 1161 2614
2 12656 2614 1161
2 12656 1161 11683
2 2615 12656 11683
2 2615 11683 1349
2 9458 2615 1349
2 9458 1349 12340
2 9458 12340 2388
2 14605 9458 2388
2 11590 14605 2388
2 13933 11590 2388
2 2388 11078 13933
2 11078 12355 13933
2 12355 595 13933
2 595 12516 13933
2 13933 12516 11590
2 12516 952 11590
2 952 14605 11590
2 7817 14605 952
2 7817 952 3434
2 3430 7817 3434
2 12586 3430 3434
2 1644 12586 3434
2 1644 3434 12119
2 8900 1644 12119
2 1405 8900 12119
2 1405 12119 1436
2 1436 13371 1405
2 13480 1405 13371
2 13371 1404 13480
2 1404 4104 13480
2 13480 4104 11389
2 8368 13480 11389
2 11389 9034 8368
2 3544 8368 9034
2 9034 10006 3544
2 10006 14180 3544
2 14180 12250 3544
2 3544 12250 594
2 13330 3544 594
2 13330 594 13051
2 13480 13330 13051
2 13480 13051 1405
2 13051 9165 1405
2 9165 8900 1405
2 9165 1644 8900
2 13098 1644 9165
2 9165 12395 13098
2 13098 12395 2378
2 2378 1644 13098
2 2378 7569 1644
2 12586 1644 7569
2 12586 7569 8021
2 1435 12586 8021
2 1435 8021 11946
2 1435 11946 13667
2 12072 1435 13667
2 12072 13667 3747
2 3747 13667 10318
2 3747 10318 12815
2 12815 10318 14022
2 12815 14022 1434
2 1434 3433 12815
2 1434 11724 3433
2 11724 11956 3433
2 11724 1434 10197
2 1641 11724 10197
2 1641 10197 1426
2 1426 10197 13512
2 12374 1426 13512
2 12374 13512 1643
2 13477 12374 1643
2 13477 1643 11946
2 11946 11369 13477
2 593 13477 11369
2 593 11369 2378
2 2378 7940 593
2 593 7940 11357
2 11357 2948 593
2 2948 11049 593
2 11049 13477 593
2 11049 12374 13477
2 591 12374 11049
2 12595 591 11049
2 12595 11049 2948
2 2637 12595 2948
2 10884 2637 2948
2 2512 10884 2948
2 2512 2948 11357
2 2512 11357 2513
2 2513 11720 2512
2 2512 11720 2447
2 2512 2447 9944
2 2512 9944 10884
2 10884 9944 2637
2 9944 2462 2637
2 2637 2462 11617
2 2637 11617 4010
2 4010 12595 2637
2 591 12595 4010
2 591 4010 11521
2 1426 591 11521
2 591 1426 12374
2 11617 11521 4010
2 11617 2510 11521
2 2510 14522 11521
2 2510 11552 14522
2 14181 11552 2510
2 2510 12655 14181
2 2510 9127 12655
2 3712 12655 9127
2 3712 9127 8532
2 8532 3453 3712
2 3709 3453 8532
2 2462 3709 8532
2 8532 9127 2462
2 11617 2462 9127
2 2510 11617 9127
2 9150 3709 2462
2 9944 9150 2462
2 9944 2447 9150
2 3779 9150 2447
2 3779 2447 11776
2 3779 11776 9409
2 3779 9409 8491
2 3779 8491 3789
2 10648 3779 3789
2 3709 10648 3789
2 3709 3789 12956
2 3709 12956 8434
2 3709 8434 13094
2 3709 13094 3453
2 14519 13094 8434
2 14519 8434 12956
2 12956 4362 14519
2 14519 4362 2749
2 14519 2749 11668
2 14519 11668 899
2 13094 14519 899
2 4347 899 11668
2 4347 11668 12977
2 12977 1350 4347
2 1161 1350 12977
2 1161 12977 2749
2 1161 2749 12172
2 12172 11683 1161
2 14520 11683 12172
2 4362 14520 12172
2 4362 12172 2749
2 14520 4362 12915
2 14520 12915 3798
2 14520 3798 11100
2 1349 14520 11100
2 1349 11100 12340
2 12340 11100 903
2 12340 903 3482
2 2388 12340 3482
2 2388 3482 11997
2 2388 11997 11078
2 11078 11997 12355
2 12355 11997 13780
2 12355 13780 5550
2 5550 595 12355
2 5550 10507 595
2 595 10507 2635
2 595 2635 12031
2 595 12031 12454
2 595 12454 12516
2 12516 12454 952
2 12454 13237 952
2 12119 952 13237
2 12119 13237 1436
2 1436 13237 12454
2 12031 1436 12454
2 1436 12031 13948
2 13371 1436 13948
2 13371 13948 1404
2 13948 11411 1404
2 11411 11453 1404
2 1404 11453 4104
2 11453 1425 4104
2 4104 1425 2950
2 11389 4104 2950
2 2950 9034 11389
2 2950 2460 9034
2 2460 7354 9034
2 7354 10006 9034
2 7354 9010 10006
2 3095 10006 9010
2 3095 9010 12332
2 3095 12332 13618
2 9409 3095 13618
2 9409 13618 8491
2 8491 13618 3798
2 3798 12915 8491
2 3789 8491 12915
2 3789 12915 4362
2 3789 4362 12956
2 3798 13618 8830
2 11100 3798 8830
2 11100 8830 903
2 903 8830 8330
2 903 8330 9762
2 903 9762 11997
2 3482 903 11997
2 11997 9762 13780
2 13780 9762 1163
2 13780 1163 5550
2 5550 1163 9271
2 5550 9271 10086
2 5550 10086 5336
2 5550 5336 10507
2 5336 2635 10507
2 5336 10633 2635
2 1431 2635 10633
2 10633 4944 1431
2 1174 1431 4944
2 1174 4944 8488
2 1174 8488 6316
2 1174 6316 11453
2 11411 1174 11453
2 11411 1431 1174
2 13948 1431 11411
2 1431 13948 13851
2 1431 13851 2635
2 13851 12031 2635
2 12031 13851 13948
2 12031 13851 13948
2 1425 11453 6316
2 1425 6316 10475
2 9230 1425 10475
2 9230 10475 7123
2 10730 9230 7123
2 1149 10730 7123
2 5390 1149 7123
2 5390 7123 10475
2 8488 5390 10475
2 10475 6316 8488
2 8488 4784 5390
2 5390 4784 1149
2 4784 7468 1149
2 7468 8360 1149
2 1149 8360 1424
2 1149 1424 10730
2 972 10730 1424
2 972 1424 5523
2 5523 10462 972
2 10462 2458 972
2 2251 972 2458
2 13159 2251 2458
2 13159 2458 9998
2 4678 13159 9998
2 8765 4678 9998
2 13614 8765 9998
2 9998 2458 13614
2 2458 308 13614
2 308 313 13614
2 327 13614 313
2 6624 327 313
2 313 308 6624
2 6624 308 295
2 5786 6624 295
2 5786 295 285
2 5786 285 284
2 294 5786 284
2 294 284 3690
2 7772 294 3690
2 10220 7772 3690
2 3690 1424 10220
2 8360 10220 1424
2 10220 8360 9479
2 10220 9479 6896
2 10220 6896 7772
2 6896 307 7772
2 7772 307 294
2 294 307 6330
2 294 6330 5786
2 5786 6330 10385
2 5786 10385 6624
2 6624 10385 363
2 353 6624 363
2 353 363 12421
2 353 12421 13005
2 13763 353 13005
2 13763 13005 14100
2 14100 4507 13763
2 13763 4507 8765
2 340 13763 8765
2 340 8765 327
2 327 6624 340
2 6624 353 340
2 340 353 13763
2 327 8765 13614
2 340 353 13763
2 8765 4507 4678
2 4507 3785 4678
2 4678 3785 10821
2 4678 10821 1580
2 4678 1580 13159
2 1580 2959 13159
2 13159 2959 2251
2 2959 972 2251
2 6652 972 2959
2 2460 6652 2959
2 1580 2460 2959
2 2460 1580 9999
2 2460 9999 7354
2 9999 1157 7354
2 7354 1157 6829
2 7354 6829 9010
2 6829 3790 9010
2 9010 3790 12332
2 12332 3790 14712
2 8330 12332 14712
2 9762 8330 14712
2 14712 3464 9762
2 9762 3464 1163
2 9271 1163 3464
2 10062 9271 3464
2 10062 3464 14518
2 3454 10062 14518
2 3454 14518 6533
2 3454 6533 8303
2 8303 7230 3454
2 7230 11778 3454
2 3454 11778 1162
2 10062 3454 1162
2 1162 9271 10062
2 10086 9271 1162
2 10086 1162 1164
2 1164 13937 10086
2 13937 5336 10086
2 13937 3314 5336
2 5336 3314 10633
2 3314 4944 10633
2 3314 1781 4944
2 4944 1781 8488
2 4784 8488 1781
2 4784 1781 13822
2 4784 13822 7468
2 8695 7468 13822
2 6797 8695 13822
2 6797 13822 1781
2 11184 6797 1781
2 3314 11184 1781
2 11184 3314 6580
2 14611 11184 6580
2 1164 14611 6580
2 1164 6580 13937
2 6580 3314 13937
2 6295 14611 1164
2 1164 11778 6295
2 11778 7230 6295
2 6295 7230 956
2 956 8720 6295
2 8720 14611 6295
2 8720 6797 14611
2 14611 6797 11184
2 8720 1610 6797
2 1610 8695 6797
2 1610 11713 8695
2 8695 11713 9139
2 8695 9139 7468
2 7468 9139 9479
2 7468 9479 8360
2 9139 6896 9479
2 9139 11713 6896
2 11713 316 6896
2 6896 316 307
2 6330 307 316
2 6330 316 10385
2 339 10385 316
2 331 339 316
2 11713 331 316
2 331 11713 1610
2 339 331 1610
2 339 1610 8720
2 956 339 8720
2 345 339 956
2 345 956 362
2 10385 345 362
2 363 10385 362
2 362 12209 363
2 363 12209 12421
2 12421 12209 8303
2 12421 8303 14100
2 13005 12421 14100
2 8303 6533 14100
2 14100 6533 3785
2 14100 3785 4507
2 6533 8450 3785
2 8450 10821 3785
2 8450 1157 10821
2 10821 1157 1580
2 1580 1157 9999
2 6829 1157 8450
2 3790 6829 8450
2 7152 3790 8450
2 8450 14518 7152
2 3464 7152 14518
2 3464 14712 7152
2 3790 7152 14712
2 6533 14518 8450
2 3790 7152 14712
2 6533 14518 8450
2 12209 7230 8303
2 956 7230 12209
2 956 12209 362
2 956 12209 362
2 339 345 10385
2 956 12209 362
2 339 345 10385
2 339 331 1610
2 339 345 10385
2 11713 331 316
2 9139 11713 6896
2 331 11713 1610
2 339 1610 8720
2 956 339 8720
2 956 7230 12209
2 1164 1162 11778
2 8720 14611 6295
2 14611 6797 11184
2 6580 3314 13937
2 14611 6797 11184
2 1610 8695 6797
2 8695 9139 7468
2 6797 13822 1781
2 3314 11184 1781
2 6580 3314 13937
2 1164 6580 13937
2 1164 1162 11778
2 1164 1162 11778
2 11778 7230 6295
2 12209 7230 8303
2 8303 6533 14100
2 6533 14518 8450
2 10062 3454 1162
2 3464 7152 14518
2 1162 9271 10062
2 3464 14712 7152
2 8330 13618 12332
2 8830 13618 8330
2 3790 7152 14712
2 3790 6829 8450
2 6829 1157 8450
2 1580 1157 9999
2 1580 1157 9999
2 6652 2460 2950
2 1425 6652 2950
2 6652 1425 9230
2 972 6652 9230
2 972 9230 10730
2 972 6652 9230
2 1580 2460 2959
2 10821 1157 1580
2 8450 10821 3785
2 14100 3785 4507
2 14100 3785 4507
2 13005 12421 14100
2 340 353 13763
2 13005 12421 14100
2 363 12209 12421
2 6624 353 340
2 363 10385 362
2 6330 316 10385
2 6330 307 316
2 6896 316 307
2 9139 6896 9479
2 7468 9479 8360
2 3690 10295 1424
2 5523 1424 10295
2 10295 10462 5523
2 10295 285 10462
2 295 10462 285
2 295 2458 10462
2 308 2458 295
2 284 285 10295
2 284 10295 3690
2 284 10295 3690
2 10220 6896 7772
2 7772 307 294
2 284 10295 3690
2 294 6330 5786
2 284 285 10295
2 295 10462 285
2 5786 10385 6624
2 308 2458 295
2 327 6624 340
2 327 8765 13614
2 313 308 6624
2 308 2458 295
2 327 8765 13614
2 8765 4507 4678
2 4678 1580 13159
2 9998 2458 13614
2 13159 2959 2251
2 2959 972 2251
2 295 2458 10462
2 10295 10462 5523
2 5523 1424 10295
2 972 9230 10730
2 8360 10220 1424
2 7468 9479 8360
2 4784 13822 7468
2 4784 8488 1781
2 5390 4784 1149
2 1149 1424 10730
2 972 9230 10730
2 5390 7123 10475
2 6652 1425 9230
2 10475 6316 8488
2 10475 6316 8488
2 4944 1781 8488
2 11411 1431 1174
2 3314 4944 10633
2 1431 13851 2635
2 5336 3314 10633
2 13937 5336 10086
2 10086 9271 1162
2 9271 1163 3464
2 9762 3464 1163
2 9762 8330 14712
2 8830 13618 8330
2 8830 13618 8330
2 9409 14180 3095
2 14180 10006 3095
2 9409 11776 14180
2 11720 14180 11776
2 11720 11776 2447
2 2513 14180 11720
2 2513 12250 14180
2 12250 2513 12395
2 12250 12395 594
2 9165 594 12395
2 13051 594 9165
2 7940 12395 2513
2 11357 7940 2513
2 2378 12395 7940
2 8330 13618 12332
2 9010 3790 12332
2 14180 10006 3095
2 7354 6829 9010
2 2460 9999 7354
2 6652 2460 2950
2 1425 6652 2950
2 1425 11453 6316
2 11411 1174 11453
2 13948 1431 11411
2 12031 13851 13948
2 3434 952 12119
2 1436 13237 12454
2 12031 1436 12454
2 13851 12031 2635
2 5336 2635 10507
2 5550 5336 10507
2 13780 1163 5550
2 11997 9762 13780
2 3482 903 11997
2 3482 903 11997
2 11100 8830 903
2 14520 1349 11683
2 11100 3798 8830
2 3798 12915 8491
2 3789 12915 4362
2 14520 1349 11683
2 4362 12172 2749
2 12977 11668 2749
2 12977 11668 2749
2 899 4347 13000
2 899 13000 14458
2 12977 11668 2749
2 4362 12172 2749
2 3789 4362 12956
2 13094 14519 899
2 14519 8434 12956
2 3789 4362 12956
2 10648 3709 9150
2 3779 10648 9150
2 3779 10648 9150
2 3789 8491 12915
2 9409 13618 8491
2 9409 11776 14180
2 11720 11776 2447
2 3779 10648 9150
2 10648 3709 9150
2 3709 13094 3453
2 8532 9127 2462
2 2510 11617 9127
2 7482 11552 14181
2 7482 14181 12266
2 2510 11617 9127
2 11617 11521 4010
2 11617 2462 9127
2 9944 9150 2462
2 9944 2447 9150
2 11720 11776 2447
2 2513 14180 11720
2 11357 7940 2513
2 2512 9944 10884
2 10884 9944 2637
2 4010 12595 2637
2 591 12595 4010
2 591 1426 12374
2 12595 11049 2948
2 2512 2948 11357
2 11357 7940 2513
2 2378 12395 7940
2 8021 2378 11369
2 8021 11369 11946
2 2378 8021 7569
2 11049 13477 593
2 8021 11369 11946
2 13667 11946 1643
2 10318 13667 1643
2 1643 14022 10318
2 13512 14022 1643
2 13512 1434 14022
2 10197 1434 13512
2 11049 12374 13477
2 13512 14022 1643
2 591 1426 12374
2 10197 1434 13512
2 10197 1434 13512
2 13512 1434 14022
2 1643 14022 10318
2 10318 13667 1643
2 12072 3430 1435
2 1435 3430 12586
2 3430 12072 13178
2 14609 3430 13178
2 14609 12554 3430
2 12554 7817 3430
2 12554 14605 7817
2 12554 9458 14605
2 12554 2615 9458
2 12554 14609 2615
2 2615 14609 12656
2 12554 14609 2615
2 13667 11946 1643
2 8021 11369 11946
2 1435 3430 12586
2 2378 8021 7569
2 2378 8021 7569
2 2378 12395 7940
2 9165 594 12395
2 2378 1644 13098
2 13051 594 9165
2 13330 13480 8368
2 8368 3544 13330
2 13051 594 9165
2 8368 3544 13330
2 12250 12395 594
2 2513 12250 14180
2 14180 10006 3095
2 7354 10006 9034
2 8368 3544 13330
2 2950 9034 11389
2 13330 13480 8368
2 11389 4104 2950
2 1404 11453 4104
2 13371 13948 1404
2 13480 13051 1405
2 13371 1436 13948
2 12119 13237 1436
2 9165 8900 1405
2 9165 1644 8900
2 3434 952 12119
2 12586 1644 7569
2 1435 3430 12586
2 12554 7817 3430
2 3434 952 12119
2 12554 14605 7817
2 12516 12454 952
2 595 12454 12516
2 5550 595 12355
2 11078 11997 12355
2 2388 11997 11078
2 13933 12516 11590
2 952 14605 11590
2 12554 9458 14605
2 2388 12340 3482
2 1349 11100 12340
2 12554 2615 9458
2 14520 1349 11683
2 2615 14609 12656
2 12172 11683 1161
2 1161 1350 12977
2 14610 14640 1449
2 1446 1449 14640
2 12656 2614 1161
2 2615 14609 12656
2 1446 1449 14640
2 14609 3430 13178
2 3430 12072 13178
2 12072 13667 3747
2 1446 1449 14640
2 3747 10318 12815
2 1434 3433 12815
2 11724 11956 3433
2 11905 1449 3433
2 14610 14640 1449
2 1350 2614 14610
2 1346 4057 1345
2 11743 1350 14608
2 12977 1350 4347
2 899 4347 13000
2 899 13000 14458
2 1346 4057 1345
2 899 13000 14458
2 13094 14519 899
2 3709 13094 3453
2 11108 3788 11677
2 8532 3453 3712
2 3712 12655 9127
2 2510 12655 14181
2 7482 14181 12266
2 7482 14181 12266
2 7482 11552 14181
2 2510 11552 14522
2 13689 13448 11536
2 13448 11673 1640
2 14522 11536 11657
2 2510 14522 11521
2 1426 591 11521
2 1641 10197 1426
2 11657 1640 6921
2 1641 11724 10197
2 11724 11956 3433
2 11956 1445 11905
2 14608 11905 1445
2 4057 11743 14608
2 14678 13302 12212
2 1346 4057 1345
2 1345 9612 14458
2 1344 13033 12039
2 6578 3643 12039
2 14455 3643 12418
2 9612 10485 14455
2 12015 14458 9612
2 11677 899 12015
2 12262 14517 12418
2 14517 3850 11677
2 11108 3788 11677
2 11108 10590 3712
2 10590 1156 14181
2 13615 3850 10378
2 6518 12266 1156
2 7482 6518 10993
2 587 13689 10993
2 587 13372 10216
2 587 13372 10216
2 7602 13456 1433
2 13892 1433 13456
2 3432 13892 13456
2 3432 13456 10550
2 7602 10550 13456
2 7602 10550 13456
2 11976 6269 13985
2 6269 11976 13192
2 7602 3026 10216
2 587 13372 10216
2 587 13689 10993
2 13689 13448 11536
2 13448 11673 1640
2 3026 13985 13663
2 11976 6269 13985
2 13448 11673 1640
2 1640 1649 1641
2 11956 1649 4047
2 1445 4047 13562
2 14678 1445 13562
2 14678 13302 12212
2 14678 13302 12212
2 10485 1345 12212
2 1344 10485 13543
2 13543 1226 2390
2 9687 3743 1226
2 14639 2613 13302
2 9687 3743 1226
2 14639 13562 13140
2 1649 11456 13140
2 11673 6269 11456
2 6269 11976 13192
2 3311 3743 14639
2 8727 12585 3743
2 6269 11976 13192
2 11976 3026 1433
2 8727 12465 12585
2 13892 1433 13456
2 3432 13892 13456
2 12465 14638 12585
2 13533 14638 11665
2 3317 6324 13329
2 6324 3317 11787
2 3317 13876 11787
2 14637 7687 3310
2 4050 14606 11126
2 11126 8090 4050
2 14606 4050 13233
2 14637 11665 7687
2 13533 14638 11665
2 4052 14607 13533
2 14606 4050 13233
2 4052 13033 13246
2 13033 6578 12039
2 7012 4051 13481
2 6578 13162 10976
2 13162 3455 13465
2 7491 8979 3455
2 7375 13034 3706
2 7375 12974 13034
2 12974 3166 13034
2 13034 3166 1155
2 3166 13382 1155
2 3166 8600 13382
2 13382 8600 10575
2 8600 2461 10575
2 10575 2461 3708
2 2461 8600 9748
2 8600 13611 9748
2 12974 13585 3166
2 11396 13585 12974
2 11396 12974 7496
2 13874 11396 7496
2 964 13874 7496
2 964 7496 12363
2 13899 964 12363
2 13899 12363 14043
2 14043 12363 12926
2 12363 7496 12926
2 12926 7496 7375
2 7496 12974 7375
2 13417 964 13899
2 244 13417 13899
2 227 13417 244
2 227 244 13896
2 2581 227 13896
2 2581 13896 2762
2 8893 2581 2762
2 2924 8893 2762
2 2572 8893 2924
2 2924 8999 2572
2 8999 2938 2572
2 2572 2938 11574
2 11574 8893 2572
2 2581 8893 11574
2 2582 2581 11574
2 2582 11574 1784
2 1784 13119 2582
2 13119 605 2582
2 605 181 2582
2 2582 181 209
2 2581 2582 209
2 2581 209 227
2 227 209 14521
2 227 14521 13417
2 964 13417 14521
2 14521 13479 964
2 970 964 13479
2 11245 970 13479
2 12371 11245 13479
2 12371 13479 14521
2 14468 12371 14521
2 14468 14521 209
2 209 181 14468
2 195 14468 181
2 195 181 1505
2 1505 12117 195
2 13758 195 12117
2 1467 13758 12117
2 1467 12117 3770
2 1467 3770 8699
2 2065 1467 8699
2 8978 2065 8699
2 1467 2065 235
2 13758 1467 235
2 195 13758 235
2 195 235 1638
2 195 1638 14468
2 1638 12371 14468
2 1638 11226 12371
2 11226 1646 12371
2 12371 1646 11245
2 11245 1646 970
2 1646 12527 970
2 12527 1646 13814
2 1645 13814 1646
2 11226 1645 1646
2 14010 1645 11226
2 1638 14010 11226
2 1638 235 14010
2 11226 1645 1646
2 1638 14010 11226
2 1638 235 14010
2 3770 13343 8699
2 13343 13779 8699
2 8699 13779 10155
2 13343 3770 14001
2 14001 3770 11242
2 14001 11242 1504
2 1504 11242 13996
2 1504 13996 1505
2 1504 1505 13918
2 1504 13918 13524
2 1504 13524 11889
2 13918 127 13524
2 127 13918 146
2 127 146 3261
2 163 3261 146
2 163 146 1505
2 163 1505 181
2 3271 163 181
2 181 605 3271
2 14196 3271 605
2 605 148 14196
2 148 605 13119
2 148 13119 13739
2 13739 13119 1784
2 13739 1784 11169
2 13767 13739 11169
2 13767 11169 10417
2 13767 10417 12311
2 12311 10417 3016
2 12311 3016 12364
2 12364 3016 3080
2 3016 10915 3080
2 3080 10915 10977
2 10977 10915 13454
2 10977 13454 13644
2 13644 13454 104
2 13454 113 104
2 113 11311 104
2 104 11311 13476
2 113 131 11311
2 11311 131 150
2 11170 150 131
2 11170 131 12249
2 2835 11170 12249
2 10915 2835 12249
2 10915 12249 13454
2 12249 113 13454
2 113 12249 131
2 3016 2835 10915
2 10296 2835 3016
2 10417 10296 3016
2 10417 2557 10296
2 10296 2557 2835
2 2835 2557 11170
2 4056 11170 2557
2 12929 4056 2557
2 1784 12929 2557
2 11169 1784 2557
2 10417 11169 2557
2 11574 12929 1784
2 11574 2938 12929
2 4056 12929 2938
2 2938 11573 4056
2 11573 12549 4056
2 4056 12549 11170
2 12549 150 11170
2 11185 11573 2938
2 11185 2938 8999
2 10558 11185 8999
2 2924 10558 8999
2 10611 10558 2924
2 249 10558 10611
2 10611 266 249
2 10906 249 266
2 252 10906 266
2 13475 10906 252
2 232 13475 252
2 204 13475 232
2 13475 11311 10906
2 11311 249 10906
2 249 11311 231
2 249 231 10558
2 10558 231 11185
2 11185 231 203
2 203 11573 11185
2 203 189 11573
2 11311 189 203
2 11311 203 231
2 11311 203 231
2 11311 203 231
2 11311 249 10906
2 249 231 10558
2 10558 231 11185
2 203 11573 11185
2 4056 12929 2938
2 4056 12549 11170
2 10417 11169 2557
2 10296 2557 2835
2 2835 2557 11170
2 113 12249 131
2 12549 150 11170
2 113 12249 131
2 12249 113 13454
2 10915 12249 13454
2 3016 2835 10915
2 10417 10296 3016
2 10417 11169 2557
2 11169 1784 2557
2 14196 13746 3271
2 13746 3261 3271
2 163 3271 3261
2 14196 14197 13746
2 163 3271 3261
2 13918 1505 146
2 163 3271 3261
2 13918 1505 146
2 13918 1505 146
2 1505 13996 12117
2 13996 3770 12117
2 11242 3770 13996
2 11242 3770 13996
2 11242 3770 13996
2 13996 3770 12117
2 13758 1467 235
2 195 13758 235
2 1505 13996 12117
2 163 1505 181
2 195 1638 14468
2 1638 12371 14468
2 12371 1646 11245
2 11245 1646 970
2 13263 964 970
2 13874 964 13263
2 11396 13874 13263
2 12371 13479 14521
2 14468 14521 209
2 209 181 14468
2 181 605 3271
2 148 605 13119
2 13739 13119 1784
2 11574 12929 1784
2 2581 2582 209
2 11574 2938 12929
2 11185 2938 8999
2 2924 10558 8999
2 11574 8893 2572
2 2581 8893 11574
2 2581 209 227
2 227 14521 13417
2 964 13417 14521
2 12363 7496 12926
2 13874 964 13263
2 11396 13874 13263
2 7496 12974 7375
2 7496 12974 7375
2 13034 3166 1155
2 3166 13382 1155
2 7491 8979 3455
2 13382 8600 10575
2 11729 10976 8979
2 10575 2461 3708
2 11729 10976 8979
2 6578 10976 3643
2 12262 12418 3643
2 10378 3850 12262
2 11835 1156 10378
2 3787 11729 3708
2 10575 2461 3708
2 6518 11835 11219
2 2952 6518 11219
2 10910 7832 2952
2 2461 8600 9748
2 10910 7832 2952
2 7832 13436 13473
2 8600 13611 9748
2 8600 13611 9748
2 3166 8600 13382
2 12974 13585 3166
2 13611 960 971
2 960 13585 13977
2 11396 13585 12974
2 11396 13874 13263
2 13263 964 970
2 13977 8843 7473
2 1646 12527 970
2 971 13977 7473
2 971 13436 9748
2 7832 13436 13473
2 13473 7602 10216
2 7602 10550 13456
2 1648 12529 13797
2 3432 13456 10550
2 11665 3432 7687
2 7687 1432 3310
2 1648 12529 13797
2 7762 12529 7473
2 3310 1432 10717
2 7473 12527 7762
2 12527 1646 13814
2 13329 3310 10717
2 3317 6324 13329
2 1645 13814 1646
2 3317 13876 11787
2 14010 1645 11226
2 1638 235 14010
2 1467 2065 235
2 254 13876 1645
2 3317 13876 11787
2 6324 3317 11787
2 10627 3310 6324
2 14637 10627 11126
2 11126 8090 4050
2 13522 1159 1228
2 11126 8090 4050
2 14606 4050 13233
2 4052 13233 13481
2 7012 4051 13481
2 14457 3455 7012
2 4050 7771 1343
2 14457 14456 13810
2 7771 8090 1159
2 14477 14456 14454
2 13522 1159 1228
2 6324 2383 13522
2 13840 14454 1159
2 14474 14477 14454
2 4054 1347 1348
2 14475 14474 1348
2 14474 13165 3794
2 14475 14476 8876
2 229 14476 208
2 237 8876 229
2 14007 11799 13813
2 11268 1720 2988
2 2988 11636 11377
2 11799 2988 3090
2 14007 11799 13813
2 14007 11799 13813
2 237 11268 14007
2 13165 8876 237
2 14474 13165 3794
2 3794 14477 14474
2 13810 14456 14477
2 12484 14457 13810
2 7491 12484 3706
2 14477 14046 14101
2 14046 3794 14058
2 7375 13034 3706
2 3794 11144 14058
2 12926 7496 7375
2 13165 14024 11144
2 14043 12363 12926
2 237 274 14024
2 274 13813 270
2 13899 12363 14043
2 244 13417 13899
2 13813 14053 270
2 227 244 13896
2 2581 13896 2762
2 13813 10954 14053
2 2924 8893 2762
2 10954 3090 3076
2 10611 10558 2924
2 11377 3076 3090
2 10611 266 249
2 2988 11636 11377
2 252 10906 266
2 8107 13760 11636
2 232 13475 252
2 204 13475 232
2 8107 13760 11636
2 8107 2988 11161
2 11161 2988 1720
2 3499 2500 3952
2 11268 13010 1720
2 1487 13010 229
2 3499 2500 3952
2 9293 11723 3518
2 13793 2415 3518
2 3952 2415 8155
2 3952 2415 8155
2 3499 2500 3952
2 10879 8107 3499
2 204 10879 12845
2 9205 8155 7584
2 7584 8155 12225
2 13793 2915 12225
2 12390 7584 2898
2 104 11311 13476
2 13644 13454 104
2 12558 132 158
2 11290 12558 2898
2 10977 13454 13644
2 2915 11290 2898
2 3080 10915 10977
2 13793 11723 2915
2 12364 3016 3080
2 9293 11723 3518
2 100 9293 121
2 100 13658 93
2 12311 3016 12364
2 13767 10417 12311
2 13482 123 93
2 13767 13739 11169
2 148 13119 13739
2 14245 123 13482
2 605 148 14196
2 14196 14197 13746
2 2812 10691 14245
2 10610 13678 10691
2 1847 1841 13678
2 1841 7070 1842
2 10691 14106 14197
2 14196 14197 13746
2 1842 1691 1693
2 13746 3261 3271
2 13938 1693 1737
2 127 146 3261
2 101 13938 13504
2 13918 127 13524
2 1504 13524 11889
2 13132 101 13411
2 7723 6826 13132
2 11448 5899 6826
2 6826 9908 11889
2 1504 13524 11889
2 14001 11242 1504
2 2861 2412 10591
2 13343 3770 14001
2 13343 13779 8699
2 12677 2412 2861
2 8699 13779 10155
2 8699 13779 10155
2 8978 2065 8699
2 8978 2065 8699
2 2065 273 254
2 12191 2065 7384
2 7384 2064 10783
2 10783 2064 5300
2 10497 3520 3191
2 10497 3520 3191
2 14549 10336 2103
2 7384 3191 12308
2 7384 12308 3193
2 234 737 221
2 1538 221 737
2 1538 737 12622
2 273 12191 3193
2 11787 273 2383
2 13840 2383 4054
2 234 737 221
2 4054 1347 1348
2 201 14476 1347
2 1538 221 737
2 201 14476 1347
2 14476 3951 208
2 14680 152 2414
2 1487 208 3951
2 2413 2500 1487
2 2413 11431 2415
2 9259 3518 11431
2 137 121 9259
2 14680 152 2414
2 4061 121 137
2 152 14680 3843
2 13980 4061 2799
2 13786 2799 3847
2 13074 3847 9189
2 13074 3847 9189
2 1418 13074 1204
2 10793 8189 1204
2 7101 8189 10793
2 11867 7101 12632
2 6720 2307 12632
2 12296 6720 3331
2 6559 10793 3132
2 3132 9189 7434
2 12296 6720 3331
2 12296 1880 7659
2 13110 2119 3331
2 1880 6248 10468
2 13504 6248 10178
2 3331 7434 13110
2 10178 3990 9859
2 9189 14026 7434
2 14026 3847 2302
2 2303 125 3990
2 2302 3847 3843
2 14680 173 3843
2 155 125 2303
2 9099 155 2748
2 1538 173 201
2 9099 2748 2747
2 1538 737 12622
2 1537 8213 2747
2 1538 737 12622
2 737 3193 14549
2 14549 10336 2103
2 1537 8213 2747
2 8213 2739 3053
2 2739 10308 11310
2 3520 8921 2103
2 3520 11888 8921
2 10308 3054 11310
2 10308 3054 11310
2 2739 11310 3053
2 4945 9248 9592
2 5633 9099 3053
2 4945 9248 9592
2 12346 5633 7723
2 7723 6826 13132
2 11448 5899 6826
2 10430 5272 4945
2 11448 5899 6826
2 10591 5899 2861
2 12677 2412 2861
2 12677 10778 13779
2 1320 13779 10778
2 1551 11736 1320
2 2064 10155 1320
2 10783 2064 5300
2 10497 5300 3426
2 3426 7641 8082
2 5300 5472 10662
2 7143 13029 5472
2 7641 3832 8599
2 7143 13029 5472
2 9106 9405 9361
2 8599 3832 13638
2 6897 13638 277
2 9106 9405 9361
2 9346 14084 277
2 6953 13965 9346
2 6953 13965 9346
2 10196 11525 13965
2 10196 12767 11525
2 2244 2241 12767
2 7974 9932 14624
2 11962 2244 12598
2 13616 2240 12598
2 13616 2790 2240
2 3218 1511 13593
2 2239 1206 13338
2 14623 2790 11642
2 11110 2240 2790
2 2239 1206 13338
2 11110 4105 12752
2 3735 4105 8156
2 8156 11878 7357
2 11878 9925 2242
2 2239 1206 13338
2 14623 13593 13338
2 11974 3219 9925
2 3218 1511 13593
2 12594 14030 1511
2 14524 1057 14030
2 1509 3219 11974
2 1509 14172 10804
2 14590 13104 14705
2 14590 12050 13104
2 14176 14172 2834
2 14590 12050 13104
2 14176 14172 2834
2 14177 12852 14176
2 2822 9031 4177
2 13208 4084 14177
2 8737 4084 13208
2 2838 8737 11603
2 11603 9282 14591
2 2822 9031 4177
2 14592 14749 9031
2 14749 12194 13058
2 13058 12194 4339
2 11603 9282 14591
2 2838 14591 12071
2 2838 12071 14589
2 12891 2682 14589
2 14626 2682 12891
2 12291 14626 13032
2 14595 2826 13032
2 12207 14748 14595
2 1249 3127 12207
2 13114 1249 4657
2 1947 14626 12950
2 12950 14626 4453
2 13017 4453 14589
2 14747 13017 14589
2 13013 14747 14591
2 4339 13013 14591
2 13058 12194 4339
2 12657 4222 12848
2 12194 14749 1246
2 12657 4222 12848
2 11591 11937 1246
2 1246 3593 4566
2 1246 4566 12657
2 12657 4222 12848
2 4339 4222 12847
2 13013 12847 1247
2 12760 14747 1247
2 4453 12760 1248
2 13224 4453 1248
2 1947 13224 4657
2 13114 1249 4657
2 1249 13114 14615
2 11423 2794 14615
2 1929 12461 11423
2 1929 10114 2083
2 12074 14613 10670
2 3749 10114 14473
2 14473 12003 12094
2 12074 14613 10670
2 14613 1248 11309
2 11309 12760 3161
2 12094 12003 14658
2 3161 1247 11806
2 11806 12847 14614
2 12422 14658 11911
2 14503 11911 3881
2 11201 14614 12657
2 14503 3881 11918
2 11201 4566 14657
2 11918 10276 14503
2 3650 10276 14469
2 14657 14619 12602
2 14469 3931 3872
2 14657 14619 12602
2 3593 3591 14619
2 3931 14619 8926
2 14469 3931 3872
2 12084 3872 14471
2 11845 10744 14471
2 3466 10744 11845
2 11602 14616 13147
2 14087 11602 13147
2 2742 14087 13147
2 14071 2742 13147
2 14071 14054 2742
2 14054 11910 2742
2 13862 2742 11910
2 14062 13862 11910
2 14627 13862 14062
2 8470 13862 14627
2 14085 8470 14627
2 13976 8470 14085
2 10956 13976 14085
2 1291 13976 10956
2 12927 13976 1291
2 12927 3592 13976
2 13976 3592 8470
2 8470 3592 2742
2 8470 2742 13862
2 3592 14087 2742
2 14087 3592 12927
2 11602 14087 12927
2 14087 3592 12927
2 13976 3592 8470
2 8470 2742 13862
2 8470 2742 13862
2 14071 14629 14054
2 14629 14071 13019
2 3592 14087 2742
2 11602 14087 12927
2 11602 14087 12927
2 12148 14460 3466
2 12927 13976 1291
2 12148 14460 3466
2 13546 12912 14460
2 13546 13523 3725
2 13523 6922 3725
2 11525 6922 13532
2 11525 13532 3809
2 9276 9315 3809
2 9276 256 9315
2 256 9281 6897
2 9281 12520 13491
2 14722 3730 14463
2 14055 206 13838
2 14055 206 13838
2 14722 14055 8405
2 1637 13951 8405
2 14722 8405 12520
2 12520 12373 13491
2 12373 11888 3520
2 1539 13951 185
2 11888 13700 10308
2 11046 10308 13700
2 3055 185 13951
2 9643 3054 11046
2 9643 8487 5718
2 10548 8194 8487
2 13534 106 10548
2 3051 11046 3055
2 3055 1637 13945
2 13534 106 10548
2 3055 1637 13945
2 177 1637 13838
2 13945 145 106
2 12343 14319 12352
2 7769 1658 12722
2 106 14017 4090
2 145 14401 14017
2 14069 14345 14401
2 4090 14345 11569
2 4090 11569 1658
2 14399 3904 13947
2 13947 3904 14394
2 3449 14394 3904
2 13947 3904 14394
2 12722 1658 13979
2 12722 13979 7575
2 8961 2160 7575
2 8961 3912 2160
2 2161 2160 3912
2 2161 3912 6426
2 2161 6426 14400
2 14400 4870 2161
2 8724 2161 4870
2 8724 4870 4092
2 4092 14318 8724
2 8724 14318 10877
2 8724 10877 4094
2 2161 8724 4094
2 2160 2161 4094
2 9261 2160 4094
2 9261 4094 14317
2 10877 14317 4094
2 14317 10877 2608
2 14317 2608 10932
2 10790 10932 2608
2 10790 2608 3210
2 3210 6793 10790
2 10790 6793 12810
2 12810 6793 12540
2 3638 12810 12540
2 3638 12540 1114
2 3638 1114 7692
2 3638 7692 11561
2 14207 7692 1114
2 1114 12175 14207
2 14250 14207 12175
2 14250 12175 8212
2 12063 14250 8212
2 12063 8212 12163
2 14249 12063 12163
2 14249 12163 14682
2 14249 14682 10642
2 14249 10642 945
2 10870 14249 945
2 945 9158 10870
2 10870 9158 1889
2 1889 14250 10870
2 14250 12063 10870
2 12063 14249 10870
2 1889 1888 14250
2 11674 14250 1888
2 1003 11674 1888
2 1883 1003 1888
2 1883 1888 2895
2 1883 2895 14311
2 1883 14311 3150
2 3150 14313 1883
2 14313 1003 1883
2 14311 3153 3150
2 12491 3150 3153
2 3153 14311 14094
2 3153 14094 9927
2 13458 3153 9927
2 9927 14094 14092
2 14092 6815 9927
2 9927 6815 11156
2 3912 11156 6815
2 3912 6815 6426
2 6426 6815 2226
2 2226 14400 6426
2 2226 10692 14400
2 10692 3441 14400
2 3441 9490 14400
2 9490 4870 14400
2 9848 4870 9490
2 14374 9848 9490
2 14374 9490 13542
2 14374 13542 2159
2 14374 2159 9928
2 14374 9928 4086
2 14374 4086 9848
2 9848 4086 13342
2 9848 13342 4092
2 4870 9848 4092
2 13342 14332 4092
2 14332 14318 4092
2 14332 2606 14318
2 14318 2606 3209
2 14318 3209 8331
2 14318 8331 2608
2 10877 14318 2608
2 3210 2608 8331
2 3210 8331 9345
2 10846 3210 9345
2 10846 9345 3209
2 3209 3543 10846
2 10846 3543 13819
2 10846 13819 1113
2 6793 10846 1113
2 1113 12540 6793
2 12540 1113 1114
2 1113 8212 1114
2 1114 8212 12175
2 1113 12163 8212
2 1113 14682 12163
2 14682 1113 13819
2 14682 13819 7061
2 14682 7061 13361
2 10642 14682 13361
2 13361 8838 10642
2 10642 8838 945
2 8838 9191 945
2 945 9191 13321
2 13321 9158 945
2 13321 12359 9158
2 12359 7557 9158
2 7557 2895 9158
2 1889 9158 2895
2 1889 2895 1888
2 7557 14310 2895
2 2895 14310 14311
2 14310 14094 14311
2 7924 14094 14310
2 7557 7924 14310
2 7924 7557 3140
2 3140 8095 7924
2 7924 8095 14092
2 14092 14094 7924
2 8095 2226 14092
2 14092 2226 6815
2 2220 2226 8095
2 3140 2220 8095
2 9668 2220 3140
2 9668 3140 12359
2 3148 9668 12359
2 3148 12359 13321
2 3148 13321 9191
2 9939 3148 9191
2 9939 9191 2237
2 14724 9939 2237
2 14724 2237 1814
2 14724 1814 4577
2 14724 4577 11097
2 14724 11097 14096
2 14724 14096 4948
2 14724 4948 9319
2 14724 9319 9939
2 9319 14097 9939
2 9939 14097 3148
2 14097 9668 3148
2 14097 10535 9668
2 10535 2220 9668
2 7608 2220 10535
2 3915 7608 10535
2 3915 10535 2218
2 2218 11588 3915
2 3915 11588 11372
2 3915 11372 7305
2 3915 7305 7608
2 7608 7305 3441
2 7608 3441 10692
2 10692 2220 7608
2 2226 2220 10692
2 9490 3441 7305
2 7305 13542 9490
2 7305 2159 13542
2 2159 7305 11372
2 2159 11372 13219
2 2159 13219 8292
2 4085 2159 8292
2 8292 6349 4085
2 5609 4085 6349
2 2602 5609 6349
2 2602 6349 14706
2 14706 6756 2602
2 2602 6756 13608
2 2602 13608 9366
2 2602 9366 13080
2 2602 13080 5609
2 13080 8196 5609
2 8196 9584 5609
2 9584 4085 5609
2 9584 9928 4085
2 2159 4085 9928
2 14333 9928 9584
2 13397 14333 9584
2 8196 13397 9584
2 13397 8196 3207
2 8116 13397 3207
2 3207 10398 8116
2 8116 10398 6420
2 6420 10672 8116
2 10672 13397 8116
2 10672 3212 13397
2 14333 13397 3212
2 13536 14333 3212
2 2606 13536 3212
2 3631 2606 3212
2 3631 3212 10672
2 8018 3631 10672
2 8018 10672 3636
2 8018 3636 7001
2 12818 8018 7001
2 12818 7001 1112
2 3543 12818 1112
2 3543 1112 7061
2 7061 13819 3543
2 13361 7061 1112
2 1112 9745 13361
2 13361 9745 8838
2 9745 6531 8838
2 6531 2237 8838
2 8838 2237 9191
2 14248 2237 6531
2 3860 14248 6531
2 9745 3860 6531
2 3176 3860 9745
2 1112 3176 9745
2 1112 7001 3176
2 7001 7269 3176
2 3176 7269 3860
2 7269 5196 3860
2 5196 6411 3860
2 6411 14248 3860
2 8083 14248 6411
2 6411 1111 8083
2 8083 1111 4991
2 8083 4991 4126
2 4126 5343 8083
2 5343 14248 8083
2 1814 14248 5343
2 4577 1814 5343
2 4577 5343 6739
2 6739 7797 4577
2 4577 7797 11097
2 11097 7797 8160
2 11097 8160 14096
2 8160 5579 14096
2 5579 6378 14096
2 14096 6378 4948
2 6378 12513 4948
2 4948 12513 9319
2 12513 2218 9319
2 9319 2218 14097
2 14097 2218 10535
2 12513 11588 2218
2 7612 11588 12513
2 12513 6378 7612
2 7612 6378 11082
2 7612 11082 1472
2 7612 1472 7291
2 14391 7612 7291
2 14391 7291 7820
2 13219 14391 7820
2 13219 7820 8292
2 8292 7820 2962
2 2962 6349 8292
2 2962 14706 6349
2 13347 14706 2962
2 14398 13347 2962
2 12566 14398 2962
2 7820 12566 2962
2 7820 7291 12566
2 12566 7291 14398
2 7291 2401 14398
2 2401 11249 14398
2 14398 11249 8431
2 14398 8431 13347
2 8431 14706 13347
2 10102 14706 8431
2 10102 8431 7369
2 10102 7369 2238
2 6756 10102 2238
2 13374 6756 2238
2 7429 13374 2238
2 4640 7429 2238
2 7369 4640 2238
2 13099 4640 7369
2 13099 7369 14375
2 4072 13099 14375
2 14375 9738 4072
2 9738 5713 4072
2 5713 9263 4072
2 1980 4072 9263
2 7307 1980 9263
2 7307 9263 14331
2 14321 7307 14331
2 7210 14321 14331
2 14331 2157 7210
2 12049 7210 2157
2 12049 2157 14396
2 14372 12049 14396
2 14372 14396 14389
2 14389 5997 14372
2 5997 9060 14372
2 9060 4069 14372
2 14372 4069 6542
2 14372 6542 12049
2 12049 6542 7210
2 7210 6542 14330
2 7210 14330 7942
2 7210 7942 14321
2 14321 7942 10015
2 14321 10015 12924
2 14321 12924 7307
2 7307 12924 3200
2 1980 7307 3200
2 3202 1980 3200
2 3547 3202 3200
2 3200 11702 3547
2 11702 1108 3547
2 9642 3547 1108
2 1108 14203 9642
2 9642 14203 13286
2 9642 13286 8163
2 9642 8163 3868
2 12628 9642 3868
2 3868 7626 12628
2 3202 12628 7626
2 3202 7626 10528
2 3202 10528 4640
2 1980 3202 4640
2 4072 1980 4640
2 4072 4640 13099
2 10528 7429 4640
2 10528 7626 7429
2 7626 3539 7429
2 7429 3539 13374
2 13374 3539 13376
2 13374 13376 10761
2 3206 13374 10761
2 3206 10761 13092
2 13092 13608 3206
2 13608 6756 3206
2 3206 6756 13374
2 13092 9366 13608
2 3541 9366 13092
2 13092 13016 3541
2 13016 5031 3541
2 3541 5031 4991
2 13527 3541 4991
2 13527 4991 1111
2 10398 13527 1111
2 5196 10398 1111
2 5196 1111 6411
2 6420 10398 5196
2 6420 5196 7269
2 3636 6420 7269
2 3636 7269 7001
2 3636 10672 6420
2 8871 13527 10398
2 3207 8871 10398
2 8196 8871 3207
2 8196 13080 8871
2 13080 9366 8871
2 13527 8871 9366
2 3541 13527 9366
2 13527 8871 9366
2 3541 13527 9366
2 4126 4991 5031
2 4126 5031 7664
2 4126 7664 6620
2 14255 4126 6620
2 14255 6620 13064
2 14255 13064 13450
2 14255 13450 6492
2 14255 6492 8315
2 14255 8315 1006
2 14255 1006 6739
2 6739 4126 14255
2 4126 6739 5343
2 6739 1006 7797
2 7797 1006 8160
2 8160 1006 14316
2 14316 5579 8160
2 14316 9088 5579
2 9088 11082 5579
2 11082 6378 5579
2 2216 11082 9088
2 2216 9088 5954
2 3157 2216 5954
2 3157 5954 13441
2 3157 13441 10153
2 3157 10153 8795
2 8795 9560 3157
2 9560 2216 3157
2 9560 10439 2216
2 5229 2216 10439
2 5229 10439 2401
2 2401 1472 5229
2 5229 1472 2216
2 11082 2216 1472
2 7291 1472 2401
2 10439 4394 2401
2 2401 4394 11249
2 4394 4891 11249
2 11249 4891 8431
2 4891 14375 8431
2 8431 14375 7369
2 14375 4891 3861
2 14375 3861 9738
2 9738 3861 14397
2 9738 14397 5713
2 5713 14397 9316
2 2157 5713 9316
2 2157 9316 14396
2 14396 9316 14392
2 14396 14392 10370
2 14396 10370 14389
2 14389 10370 6556
2 14389 6556 14388
2 14389 14388 5997
2 5997 14388 13494
2 5997 13494 9060
2 13494 14373 9060
2 9060 14373 13802
2 4069 9060 13802
2 13802 6630 4069
2 6630 14330 4069
2 6542 4069 14330
2 6630 14320 14330
2 14320 7942 14330
2 7942 14320 9778
2 10015 7942 9778
2 9778 13285 10015
2 13285 3546 10015
2 12924 10015 3546
2 11702 12924 3546
2 3546 7211 11702
2 11702 7211 1108
2 1108 7211 9993
2 1108 9993 14203
2 14253 14203 9993
2 14253 9993 14204
2 14253 14204 13345
2 14253 13345 12499
2 14253 12499 1005
2 1005 8073 14253
2 8073 5565 14253
2 14203 14253 5565
2 5565 13286 14203
2 14251 13286 5565
2 8085 14251 5565
2 8073 8085 5565
2 8085 8073 14315
2 8085 14315 13179
2 8085 13179 3165
2 7784 8085 3165
2 2900 7784 3165
2 2900 3165 11447
2 2900 11447 14314
2 3596 2900 14314
2 9935 3596 14314
2 10153 9935 14314
2 8795 10153 14314
2 8795 14314 12356
2 12356 1066 8795
2 1066 9560 8795
2 1066 10439 9560
2 8697 10439 1066
2 1066 11148 8697
2 8697 11148 4394
2 8697 4394 10439
2 11148 14393 4394
2 4891 4394 14393
2 14393 3861 4891
2 14393 10874 3861
2 10874 14397 3861
2 14397 10874 5126
2 14397 5126 14392
2 9316 14397 14392
2 10755 14392 5126
2 10755 5126 5867
2 5867 2420 10755
2 10755 2420 2223
2 2223 14392 10755
2 2223 10370 14392
2 10370 2223 6556
2 2223 14095 6556
2 14095 2225 6556
2 6556 2225 14388
2 2225 11214 14388
2 11214 13494 14388
2 11214 14390 13494
2 13494 14390 14395
2 13494 14395 14373
2 12884 14373 14395
2 2520 12884 14395
2 14395 13398 2520
2 2520 13398 83
2 2520 83 8888
2 2520 8888 12884
2 9152 12884 8888
2 72 9152 8888
2 72 8888 83
2 72 83 4997
2 72 4997 5167
2 72 5167 64
2 64 9152 72
2 6749 9152 64
2 6749 64 47
2 10901 6749 47
2 47 5673 10901
2 5673 7645 10901
2 7306 10901 7645
2 7645 4795 7306
2 4795 3194 7306
2 14320 7306 3194
2 9778 14320 3194
2 12080 9778 3194
2 12080 3194 3545
2 12080 3545 3381
2 12080 3381 4782
2 3634 12080 4782
2 3634 4782 1105
2 1105 13285 3634
2 9778 3634 13285
2 3634 9778 12080
2 1105 3546 13285
2 1105 7211 3546
2 1105 14204 7211
2 7211 14204 9993
2 1105 3460 14204
2 14254 14204 3460
2 3460 10455 14254
2 7710 14254 10455
2 7710 10455 1878
2 6728 7710 1878
2 6728 1878 2037
2 5735 6728 2037
2 14312 5735 2037
2 3760 14312 2037
2 3760 2037 14723
2 3760 14723 7314
2 3151 3760 7314
2 7314 8302 3151
2 8302 11811 3151
2 11811 2419 3151
2 3151 2419 1062
2 3151 1062 3760
2 3760 1062 2257
2 3760 2257 14312
2 2257 3152 14312
2 5735 14312 3152
2 13407 5735 3152
2 3152 10250 13407
2 10250 2904 13407
2 2062 13407 2904
2 13021 2062 2904
2 1005 13021 2904
2 1005 2904 12424
2 1005 12424 14315
2 8073 1005 14315
2 12424 3155 14315
2 14315 3155 3761
2 3761 13179 14315
2 3761 3165 13179
2 10069 3165 3761
2 3761 5704 10069
2 5704 10373 10069
2 10069 10373 3172
2 3172 3165 10069
2 3172 11447 3165
2 3172 14314 11447
2 12356 14314 3172
2 3172 1066 12356
2 3172 10373 1066
2 1066 10373 11148
2 10373 3440 11148
2 3440 14393 11148
2 14393 3440 10874
2 5126 10874 3440
2 5867 5126 3440
2 5704 5867 3440
2 10373 5704 3440
2 5704 10023 5867
2 10023 2420 5867
2 2420 10023 3155
2 9863 2420 3155
2 10250 9863 3155
2 2904 10250 3155
2 2904 3155 12424
2 3152 9863 10250
2 14095 9863 3152
2 2257 14095 3152
2 14095 2257 1062
2 14095 1062 2225
2 1062 2232 2225
2 2225 2232 11214
2 11214 2232 14390
2 2231 14390 2232
2 2232 2419 2231
2 2231 2419 66
2 74 2231 66
2 74 66 4997
2 4997 82 74
2 74 82 13398
2 74 13398 2231
2 14390 2231 13398
2 14390 13398 14395
2 13398 82 83
2 4997 83 82
2 4997 83 82
2 4997 66 55
2 6602 4997 55
2 6602 55 5525
2 6602 5525 5842
2 5813 6602 5842
2 7 5813 5842
2 7 5842 17
2 12921 7 17
2 17 11189 12921
2 12921 11189 14205
2 8042 12921 14205
2 8042 14205 5930
2 5370 8042 5930
2 5370 5930 3381
2 3545 5370 3381
2 7304 5370 3545
2 7304 3545 4795
2 6840 7304 4795
2 6840 4795 7645
2 5636 6840 7645
2 5636 7645 5673
2 35 5636 5673
2 47 35 5673
2 35 47 5477
2 5813 35 5477
2 5477 6602 5813
2 5167 6602 5477
2 64 5167 5477
2 64 5477 47
2 5167 4997 6602
2 23 35 5813
2 13 23 5813
2 13 5813 7
2 13 7 6618
2 23 13 6618
2 5894 23 6618
2 5894 6618 8042
2 7304 5894 8042
2 7304 8042 5370
2 5894 7304 6840
2 6840 5636 5894
2 23 5894 5636
2 23 5636 35
2 6618 12921 8042
2 7 12921 6618
2 23 5894 5636
2 7 12921 6618
2 23 13 6618
2 23 5636 35
2 64 5477 47
2 23 5636 35
2 6840 5636 5894
2 5894 7304 6840
2 4795 3545 3194
2 7304 8042 5370
2 3381 5930 14205
2 14205 5578 3381
2 5578 4782 3381
2 5578 4148 4782
2 14199 4782 4148
2 933 14199 4148
2 933 4148 5578
2 14252 933 5578
2 14252 5578 14205
2 11189 14252 14205
2 9243 14252 11189
2 9243 11189 17
2 31 9243 17
2 5525 31 17
2 5842 5525 17
2 41 31 5525
2 5525 55 41
2 55 11811 41
2 8302 41 11811
2 31 41 8302
2 31 8302 9243
2 9243 8302 5519
2 5519 14252 9243
2 7265 14252 5519
2 5519 14723 7265
2 14723 2037 7265
2 7265 2037 1878
2 1878 933 7265
2 933 14252 7265
2 10455 933 1878
2 14199 933 10455
2 14199 10455 3460
2 1105 14199 3460
2 1105 4782 14199
2 7314 14723 5519
2 8302 7314 5519
2 933 14252 7265
2 8302 7314 5519
2 55 2419 11811
2 55 66 2419
2 31 41 8302
2 31 8302 9243
2 5519 14252 9243
2 933 14252 7265
2 14199 933 10455
2 1105 4782 14199
2 933 4148 5578
2 14252 5578 14205
2 7304 8042 5370
2 3381 5930 14205
2 6618 12921 8042
2 11189 14252 14205
2 9243 11189 17
2 7 12921 6618
2 5842 5525 17
2 13 5813 7
2 5477 6602 5813
2 5842 5525 17
2 5525 55 41
2 5167 4997 6602
2 55 66 2419
2 74 13398 2231
2 55 66 2419
2 2419 2232 1062
2 14390 2231 13398
2 2419 2232 1062
2 14095 11070 9863
2 11070 2420 9863
2 2223 2420 11070
2 2223 11070 14095
2 2223 11070 14095
2 11070 2420 9863
2 3155 10023 3761
2 10023 5704 3761
2 10023 5704 3761
2 10373 5704 3440
2 3172 10373 1066
2 10373 5704 3440
2 10023 5704 3761
2 3172 3165 10069
2 3155 10023 3761
2 2904 3155 12424
2 2904 3155 12424
2 13021 1005 12499
2 1886 13021 12499
2 1886 12499 14254
2 7710 1886 14254
2 1886 7710 2062
2 1886 2062 13021
2 2062 7710 6728
2 13407 2062 6728
2 13407 6728 5735
2 13345 14254 12499
2 13345 14204 14254
2 1886 2062 13021
2 1886 2062 13021
2 13407 2062 6728
2 2904 10250 3155
2 3152 9863 10250
2 13407 6728 5735
2 2257 14095 3152
2 14095 2257 1062
2 2419 2232 1062
2 55 2419 11811
2 8302 41 11811
2 8302 7314 5519
2 3151 1062 3760
2 7314 14723 5519
2 14723 2037 7265
2 3760 2257 14312
2 5735 14312 3152
2 13407 6728 5735
2 7265 2037 1878
2 2062 7710 6728
2 10455 933 1878
2 7710 1886 14254
2 14199 10455 3460
2 13345 14204 14254
2 1105 14199 3460
2 1105 4782 14199
2 3634 9778 12080
2 5578 4782 3381
2 3545 5370 3381
2 4795 3545 3194
2 3634 9778 12080
2 7306 14320 6630
2 7306 6630 56
2 10901 7306 56
2 10901 56 10045
2 10901 10045 6749
2 10045 12884 6749
2 6749 12884 9152
2 10045 14373 12884
2 13802 14373 10045
2 13802 10045 56
2 56 6630 13802
2 13802 10045 56
2 56 6630 13802
2 4795 3545 3194
2 6840 4795 7645
2 10901 7306 56
2 5636 7645 5673
2 47 35 5673
2 10901 10045 6749
2 64 5477 47
2 6749 12884 9152
2 64 5167 5477
2 5167 4997 6602
2 4997 83 82
2 64 9152 72
2 6749 12884 9152
2 72 8888 83
2 13398 82 83
2 14390 13398 14395
2 2520 8888 12884
2 10045 14373 12884
2 14390 13398 14395
2 11214 2232 14390
2 2225 2232 11214
2 14095 1062 2225
2 2223 11070 14095
2 2223 2420 11070
2 10023 2420 5867
2 5867 5126 3440
2 2223 14392 10755
2 5126 10874 3440
2 14393 3440 10874
2 3440 14393 11148
2 1066 10373 11148
2 8697 4394 10439
2 3172 1066 12356
2 12356 14314 3172
2 10153 13245 9935
2 13450 9935 13245
2 6492 13450 13245
2 6492 13245 8315
2 7739 8315 13245
2 7739 13245 13441
2 14316 7739 13441
2 14316 13441 9088
2 13441 5954 9088
2 14316 1006 7739
2 7739 1006 8315
2 13441 13245 10153
2 7739 1006 8315
2 13450 14200 9935
2 3596 9935 14200
2 14200 10623 3596
2 3596 10623 2900
2 10623 14251 2900
2 7784 2900 14251
2 8085 7784 14251
2 14251 10623 11337
2 14251 11337 8163
2 14251 8163 13286
2 8163 11337 3868
2 3868 11337 6407
2 3868 6407 3539
2 3868 3539 7626
2 6407 13376 3539
2 6407 1109 13376
2 1109 10761 13376
2 10761 1109 13016
2 10761 13016 13092
2 1109 7664 13016
2 13016 7664 5031
2 13064 7664 1109
2 14206 13064 1109
2 6407 14206 1109
2 11337 14206 6407
2 14206 11337 14200
2 14200 13450 14206
2 13450 13064 14206
2 10623 14200 11337
2 13450 13064 14206
2 6620 7664 13064
2 6407 14206 1109
2 11337 14206 6407
2 10623 14200 11337
2 10623 14200 11337
2 14200 13450 14206
2 13441 13245 10153
2 3596 9935 14200
2 3596 10623 2900
2 3172 14314 11447
2 3172 11447 3165
2 7784 2900 14251
2 8085 7784 14251
2 3761 3165 13179
2 3761 13179 14315
2 8073 1005 14315
2 8085 7784 14251
2 14251 8163 13286
2 8073 8085 5565
2 8073 1005 14315
2 13021 1005 12499
2 13345 14254 12499
2 13345 14204 14254
2 7211 14204 9993
2 14203 14253 5565
2 7211 14204 9993
2 1105 7211 3546
2 3200 12924 11702
2 1105 3546 13285
2 9778 3634 13285
2 9778 14320 3194
2 7306 14320 6630
2 56 6630 13802
2 13802 14373 10045
2 13494 14395 14373
2 11214 13494 14388
2 6556 2225 14388
2 10370 2223 6556
2 2223 10370 14392
2 9316 14397 14392
2 2157 14331 5713
2 5713 14331 9263
2 9316 14397 14392
2 10874 14397 3861
2 14393 3861 4891
2 4891 4394 14393
2 8697 4394 10439
2 5229 1472 2216
2 1066 10439 9560
2 1066 9560 8795
2 8795 10153 14314
2 13441 13245 10153
2 13441 5954 9088
2 9560 2216 3157
2 13441 5954 9088
2 11082 2216 1472
2 14316 13441 9088
2 14316 1006 7739
2 7739 1006 8315
2 6492 13245 8315
2 6492 13450 13245
2 13450 13064 14206
2 6620 7664 13064
2 6739 4126 14255
2 6620 7664 13064
2 13016 7664 5031
2 13016 7664 5031
2 10761 13016 13092
2 3541 13527 9366
2 10761 13016 13092
2 3206 6756 13374
2 1109 10761 13376
2 6407 13376 3539
2 3868 3539 7626
2 10528 7626 7429
2 3202 3547 12628
2 3547 9642 12628
2 3868 3539 7626
2 3547 9642 12628
2 8163 11337 3868
2 14251 8163 13286
2 5565 13286 14203
2 1108 9993 14203
2 3547 9642 12628
2 11702 7211 1108
2 3200 12924 11702
2 3202 3547 12628
2 1980 3202 4640
2 3200 12924 11702
2 12924 10015 3546
2 10015 7942 9778
2 14320 7942 14330
2 6542 4069 14330
2 6542 4069 14330
2 4069 9060 13802
2 5997 13494 9060
2 14389 14388 5997
2 14396 10370 14389
2 14372 6542 12049
2 2157 9316 14396
2 12049 6542 7210
2 2157 14331 5713
2 7210 7942 14321
2 14321 12924 7307
2 5713 14331 9263
2 1980 7307 3200
2 4072 1980 4640
2 5713 14331 9263
2 9738 14397 5713
2 14375 3861 9738
2 4072 4640 13099
2 8431 14375 7369
2 4072 4640 13099
2 10528 7429 4640
2 7429 3539 13374
2 3206 6756 13374
2 14706 10102 6756
2 7369 4640 2238
2 8431 14375 7369
2 14706 10102 6756
2 11249 4891 8431
2 2401 4394 11249
2 7291 1472 2401
2 12566 7291 14398
2 14398 8431 13347
2 8431 14706 13347
2 7820 12566 2962
2 13219 11372 14391
2 11588 14391 11372
2 7612 14391 11588
2 7820 7291 12566
2 7612 14391 11588
2 7291 1472 2401
2 11082 2216 1472
2 11082 6378 5579
2 7612 14391 11588
2 12513 6378 7612
2 11082 6378 5579
2 14316 5579 8160
2 7797 1006 8160
2 6739 1006 7797
2 4126 6739 5343
2 14248 1814 2237
2 4126 6739 5343
2 4126 4991 5031
2 13527 4991 1111
2 5196 1111 6411
2 5343 14248 8083
2 5196 1111 6411
2 6420 5196 7269
2 3636 7269 7001
2 3176 7269 3860
2 6411 14248 3860
2 14248 1814 2237
2 9745 3860 6531
2 1112 3176 9745
2 12818 3543 3631
2 8018 12818 3631
2 3631 3543 3209
2 3209 2606 3631
2 1112 7001 3176
2 8018 12818 3631
2 3636 7269 7001
2 3636 10672 6420
2 8018 12818 3631
2 3209 2606 3631
2 13536 2606 14332
2 13536 14332 4086
2 14333 13536 4086
2 14333 4086 9928
2 4086 14332 13342
2 14333 13536 4086
2 3631 3212 10672
2 3636 10672 6420
2 6420 10398 5196
2 3207 8871 10398
2 10672 13397 8116
2 8196 8871 3207
2 14333 13397 3212
2 14333 4086 9928
2 8196 13397 9584
2 8196 13080 8871
2 13080 9366 8871
2 13092 9366 13608
2 13608 6756 3206
2 14706 10102 6756
2 2962 14706 6349
2 2602 13080 5609
2 9584 4085 5609
2 2962 6349 8292
2 2159 4085 9928
2 13219 7820 8292
2 13219 11372 14391
2 2159 7305 11372
2 11588 14391 11372
2 12513 11588 2218
2 14097 2218 10535
2 3915 7305 7608
2 10692 2220 7608
2 14097 2218 10535
2 9319 2218 14097
2 4948 12513 9319
2 14096 6378 4948
2 11097 8160 14096
2 4577 7797 11097
2 4577 1814 5343
2 14248 1814 2237
2 14724 9319 9939
2 8838 2237 9191
2 9939 14097 3148
2 14097 9668 3148
2 3140 7557 12359
2 10535 2220 9668
2 2226 2220 10692
2 3140 2220 8095
2 3140 7557 12359
2 14092 14094 7924
2 7557 7924 14310
2 3140 7557 12359
2 3148 12359 13321
2 3148 13321 9191
2 8838 2237 9191
2 13361 9745 8838
2 13361 7061 1112
2 7061 13819 3543
2 3210 10846 6793
2 14682 1113 13819
2 7061 13819 3543
2 3631 3543 3209
2 9345 8331 3209
2 3210 10846 6793
2 9345 8331 3209
2 9345 8331 3209
2 3209 2606 3631
2 13536 2606 14332
2 4086 14332 13342
2 4086 14332 13342
2 14333 4086 9928
2 2159 4085 9928
2 7305 2159 13542
2 7305 13542 9490
2 14374 4086 9848
2 4870 9848 4092
2 9490 3441 7305
2 7608 3441 10692
2 2226 2220 10692
2 14092 2226 6815
2 8961 11156 3912
2 14092 2226 6815
2 14092 14094 7924
2 14310 14094 14311
2 2895 14310 14311
2 1889 2895 1888
2 14313 1003 1883
2 14202 11674 1003
2 14207 11674 14202
2 14208 14207 14202
2 1102 14207 14208
2 14207 1102 7692
2 14207 14250 11674
2 14207 14250 11674
2 1889 2895 1888
2 1889 9158 2895
2 13321 9158 945
2 12063 14249 10870
2 10642 8838 945
2 10642 14682 13361
2 1113 14682 12163
2 12063 14249 10870
2 1113 12163 8212
2 14250 12063 10870
2 1114 8212 12175
2 14207 14250 11674
2 1114 8212 12175
2 14207 1102 7692
2 12540 1113 1114
2 1113 12540 6793
2 3210 10846 6793
2 3210 2608 8331
2 10877 14318 2608
2 10877 14317 4094
2 10877 14318 2608
2 14332 14318 4092
2 4870 9848 4092
2 2161 8724 4094
2 9490 4870 14400
2 2226 14400 6426
2 3912 6815 6426
2 2160 2161 4094
2 8961 11156 3912
2 3449 14394 3904
2 8961 11156 3912
2 9927 6815 11156
2 13458 3153 9927
2 13458 3153 9927
2 12491 3150 3153
2 12491 3150 3153
2 3150 14313 1883
2 14313 1003 1883
2 1884 14685 14684
2 14683 14684 14685
2 14202 11674 1003
2 14208 14207 14202
2 14683 14684 14685
2 1102 14207 14208
2 14207 1102 7692
2 3638 7692 11561
2 3638 7692 11561
2 3638 12810 12540
2 10790 6793 12810
2 3211 10638 11979
2 10790 10932 2608
2 1974 3211 11979
2 14317 2608 10932
2 9261 4094 14317
2 9261 2160 4094
2 8961 2160 7575
2 12722 13979 7575
2 12466 7769 12722
2 12466 9725 14319
2 1974 4088 9261
2 1974 3211 11979
2 11561 8293 11979
2 8293 1102 12018
2 926 12018 14683
2 10404 11979 3255
2 10404 9725 1974
2 12466 9725 14319
2 12343 14319 12352
2 3255 11953 6705
2 12343 14319 12352
2 4090 12343 106
2 13534 106 10548
2 12831 8194 10548
2 12831 8194 10548
2 5718 8194 5272
2 5899 5272 7501
2 2861 7501 11155
2 2861 11155 8274
2 2411 1551 8274
2 2411 1258 2408
2 7183 7501 1503
2 8194 12911 1503
2 147 1258 115
2 12911 12831 89
2 12352 11953 89
2 3255 926 11953
2 147 1258 115
2 1100 147 3387
2 926 12018 14683
2 1100 147 3387
2 147 1100 170
2 3768 2408 170
2 1551 2411 3768
2 1551 7143 11736
2 3832 7143 13554
2 3832 13554 9106
2 9106 9405 9361
2 9405 9394 9346
2 9394 512 14642
2 9106 8912 240
2 1468 8912 13554
2 3768 196 1468
2 699 196 14681
2 240 218 512
2 1506 699 700
2 1506 700 13227
2 700 1055 13227
2 13227 1055 12687
2 1055 700 14170
2 14523 1055 14170
2 9394 512 14642
2 13857 13965 14642
2 13857 7974 10196
2 7974 9932 14624
2 1506 700 13227
2 13227 1055 12687
2 9932 13227 1045
2 7974 9932 14624
2 1507 13981 1045
2 12290 12598 14624
2 7689 13616 12290
2 1045 12103 1507
2 11642 2790 7689
2 12704 3218 11642
2 12704 14175 12594
2 11010 12594 14175
2 11010 13891 12594
2 14524 13891 4632
2 13050 13954 4632
2 2745 11614 14019
2 2745 11742 11614
2 11742 1245 11614
2 13050 10894 13954
2 4470 12321 8940
2 13954 10894 14044
2 1057 14524 14044
2 12019 1509 1057
2 14172 12019 14705
2 10894 8940 12441
2 14590 13104 14705
2 4470 12321 8940
2 14590 12050 13104
2 12050 11591 14592
2 11591 11937 1246
2 11937 3591 3593
2 12321 1944 14590
2 12321 4042 12683
2 8926 3591 14617
2 12321 4042 12683
2 3931 14617 12190
2 12953 12190 4328
2 12954 14617 4042
2 13050 14019 4042
2 12953 12190 4328
2 2745 11614 14019
2 12953 14077 11845
2 11742 1245 11614
2 14616 3466 14077
2 11602 14616 13147
2 14071 2742 13147
2 14629 14071 13019
2 11742 1245 11614
2 2745 11742 11614
2 14629 14071 13019
2 2745 4632 13096
2 13096 11010 14596
2 14071 14629 14054
2 14054 11910 2742
2 14062 13862 11910
2 14627 13862 14062
2 14085 8470 14627
2 10956 13976 14085
2 2551 2086 13850
2 12177 11689 13679
2 14045 11960 2550
2 14075 13987 14470
2 2086 11689 14470
2 2551 2086 13850
2 2551 2086 13850
2 2551 14655 13679
2 14655 13872 8596
2 13872 10956 1244
2 1291 13976 10956
2 12144 13850 14504
2 12148 1291 13796
2 13435 14460 13796
2 13546 13435 1930
2 14464 14504 13850
2 13523 1930 14505
2 3727 13523 14505
2 14464 2086 14466
2 14466 14470 3237
2 3727 11106 13532
2 3730 3809 11106
2 14722 3730 14463
2 3237 13987 11960
2 14045 11960 2550
2 206 14463 192
2 177 13838 192
2 164 3438 14701
2 177 14401 145
2 14069 14401 3958
2 14399 14069 3958
2 14399 3904 13947
2 3437 2222 3447
2 3449 14394 3904
2 3449 14093 13458
2 2417 14093 12379
2 3437 2222 3447
2 2417 14093 12379
2 13772 2417 13431
2 92 13772 13431
2 12962 14083 14070
2 13989 92 94
2 122 13893 94
2 14423 13777 14066
2 14423 14430 13777
2 14423 14050 14430
2 14050 14425 14430
2 14050 14423 1373
2 14050 14423 1373
2 14083 14068 94
2 12962 14083 14070
2 14074 12962 4338
2 5732 14074 4338
2 4338 11838 5732
2 11838 9672 5732
2 5732 9672 10938
2 5732 10938 1714
2 5732 1714 14074
2 10938 9672 13929
2 9672 2395 13929
2 13929 2395 11984
2 9672 10657 2395
2 10657 2564 2395
2 2395 2564 13600
2 8812 9672 11838
2 5732 1714 14074
2 5732 1714 14074
2 14050 14423 1373
2 14050 14425 14430
2 5732 10938 1714
2 1711 14427 14426
2 10938 9672 13929
2 13929 2395 11984
2 1711 14427 14426
2 1711 14427 14426
2 1714 14426 14425
2 14050 14425 14430
2 14423 14430 13777
2 14423 13777 14066
2 14068 14066 122
2 1885 139 14201
2 122 13893 94
2 13989 13893 1875
2 1884 14313 1875
2 1884 14685 14684
2 1885 139 14201
2 14683 14684 14685
2 3387 14683 14686
2 1100 14686 1403
2 14201 139 161
2 14687 170 1403
2 161 13777 12398
2 12398 2431 211
2 14687 14681 196
2 211 226 13943
2 13999 699 14681
2 14178 13943 12854
2 13999 699 14681
2 1506 699 700
2 1055 700 14170
2 14178 12854 2820
2 14523 1055 14170
2 14523 1055 14170
2 13227 1055 12687
2 2825 2828 14173
2 12687 12103 1045
2 7689 12103 1047
2 14175 1047 12691
2 2825 2828 14173
2 14175 12691 13775
2 14596 11010 13775
2 8997 11910 14596
2 14594 14062 8997
2 2825 2828 14173
2 14594 14597 14627
2 2825 12687 13636
2 13636 14523 14599
2 14627 14597 14009
2 1244 14085 14009
2 8596 13872 1244
2 8596 14628 4314
2 11800 14597 14599
2 14599 14523 2820
2 8596 14628 4314
2 2820 13983 14628
2 14178 12854 2820
2 250 12854 226
2 13983 12584 12941
2 13955 12941 275
2 4314 13983 12941
2 14655 4314 13679
2 13955 14612 3590
2 12177 11689 13679
2 14075 14470 12177
2 2550 13987 14075
2 13955 13898 14612
2 238 13898 261
2 14045 11960 2550
2 192 14045 556
2 703 556 1257
2 13834 1255 1257
2 2550 238 14653
2 13972 1255 13834
2 238 13898 261
2 13955 275 261
2 261 14012 13972
2 13972 1255 13834
2 13677 704 1255
2 13537 13677 553
2 9616 13160 1421
2 12261 13160 9616
2 9616 12456 12261
2 9616 2955 12456
2 12456 2955 11595
2 13160 12261 8548
2 8548 12261 3555
2 13160 12261 8548
2 8602 13670 3917
2 11146 9768 8498
2 10142 13670 13843
2 553 9768 11146
2 10142 5292 13844
2 14035 14033 13844
2 13537 13677 553
2 14033 14041 14052
2 13537 704 13677
2 14033 14041 14052
2 14041 529 12255
2 704 703 1257
2 164 14701 703
2 12255 529 136
2 164 3438 14701
2 3958 3438 3913
2 3437 3913 2222
2 114 13431 2222
2 12255 529 136
2 92 114 14070
2 12962 14083 14070
2 14074 12962 4338
2 13439 529 14035
2 9417 13439 14035
2 4338 11838 5732
2 13106 9417 11892
2 3465 13106 11892
2 8812 9672 11838
2 272 3465 10415
2 8812 9672 11838
2 9672 10657 2395
2 10657 2564 2395
2 272 3465 10415
2 10415 12275 528
2 528 110 13292
2 272 7524 11637
2 13292 110 95
2 272 11637 2564
2 2395 2564 13600
2 2395 2564 13600
2 13929 2395 11984
2 14431 14434 11984
2 13600 10937 13619
2 10937 1556 13422
2 14429 14433 2692
2 1715 14424 14429
2 10937 1556 13422
2 1715 14424 14429
2 8386 116 13928
2 14424 9079 140
2 9079 1715 1556
2 11637 95 1556
2 8386 116 13928
2 14341 11031 95
2 13241 13467 14276
2 14276 13467 13194
2 13467 14285 13194
2 14285 13467 8909
2 12272 14285 8909
2 13273 12272 8909
2 13118 13273 8909
2 3512 13118 8909
2 3512 8909 13241
2 13403 3512 13241
2 3512 13403 12597
2 3512 12597 687
2 3512 687 13118
2 13118 687 1703
2 13118 1703 14277
2 13118 14277 13273
2 1702 14277 1703
2 1703 7245 1702
2 7245 14343 1702
2 14343 12609 1702
2 1702 12609 14278
2 14278 10212 1702
2 14277 1702 10212
2 14277 10212 5641
2 10212 9926 5641
2 9926 14210 5641
2 9926 6873 14210
2 6873 5106 14210
2 14210 5106 7190
2 5106 14263 7190
2 7190 14263 9713
2 5624 14263 5106
2 13081 5624 5106
2 13081 5106 6873
2 14212 13081 6873
2 14291 14212 6873
2 14291 6873 9926
2 10212 14291 9926
2 14291 10212 14278
2 14291 14278 11734
2 11734 6847 14291
2 14291 6847 14212
2 14212 6847 14292
2 14292 9922 14212
2 14212 9922 1689
2 14212 1689 13081
2 1689 5624 13081
2 9685 5624 1689
2 10643 9685 1689
2 9922 10643 1689
2 9922 12979 10643
2 12979 14215 10643
2 3556 10643 14215
2 14215 13284 3556
2 3556 13284 1687
2 3556 1687 7646
2 3556 7646 1147
2 3556 1147 10643
2 1147 9685 10643
2 1147 1409 9685
2 9685 1409 5624
2 7063 5624 1409
2 7063 1409 3575
2 1410 7063 3575
2 3575 1602 1410
2 1603 1410 1602
2 1442 1602 3575
2 1442 3575 3601
2 3601 1438 1442
2 9502 1438 3601
2 3601 6719 9502
2 9502 6719 1437
2 1437 2029 9502
2 9502 2029 1438
2 2120 1438 2029
2 1437 9157 2029
2 1437 4382 9157
2 4382 1437 3598
2 8560 4382 3598
2 3598 6307 8560
2 8560 6307 2795
2 2795 4382 8560
2 10402 4382 2795
2 2025 10402 2795
2 2025 2795 11926
2 2025 11926 1439
2 2025 1439 13401
2 10020 2025 13401
2 10020 13401 1764
2 1764 10127 10020
2 10127 9144 10020
2 9144 14421 10020
2 10020 14421 1766
2 1766 2025 10020
2 1766 10402 2025
2 1766 4382 10402
2 1764 14420 10127
2 1764 1763 14420
2 14420 1763 10280
2 1762 10280 1763
2 2116 1762 1763
2 2126 2116 1763
2 2126 1763 2117
2 989 2126 2117
2 13752 989 2117
2 1439 13752 2117
2 1439 2117 13401
2 1764 13401 2117
2 2117 1763 1764
2 1597 13752 1439
2 1597 1439 10663
2 1597 10663 1601
2 1601 4333 1597
2 8762 1597 4333
2 4333 13703 8762
2 10810 8762 13703
2 1600 10810 13703
2 14259 1600 13703
2 14259 13703 4333
2 14259 4333 9572
2 6383 14259 9572
2 6383 9572 13254
2 3561 6383 13254
2 3561 13254 1179
2 10384 3561 1179
2 14219 10384 1179
2 8121 14219 1179
2 1179 1601 8121
2 8121 1601 9967
2 14260 8121 9967
2 14260 9967 1408
2 1408 11486 14260
2 7646 14260 11486
2 7646 11486 6912
2 1147 7646 6912
2 11638 1147 6912
2 11638 6912 1594
2 1594 10064 11638
2 11638 10064 1409
2 1147 11638 1409
2 10064 9719 1409
2 9719 3575 1409
2 3601 3575 9719
2 3601 9719 6719
2 6719 9719 10064
2 6719 10064 1594
2 6719 1594 3598
2 6719 3598 1437
2 3598 1594 6307
2 6307 1594 11658
2 6307 11658 1408
2 3603 6307 1408
2 13587 3603 1408
2 9967 13587 1408
2 9967 1601 13587
2 10663 13587 1601
2 10663 3603 13587
2 3603 10663 10313
2 3603 10313 2795
2 2795 6307 3603
2 10313 11926 2795
2 10313 1439 11926
2 10663 1439 10313
2 10663 1439 10313
2 10663 3603 13587
2 2795 6307 3603
2 1408 11658 11486
2 11658 6912 11486
2 6912 11658 1594
2 6912 11658 1594
2 6719 9719 10064
2 6719 10064 1594
2 6912 11658 1594
2 1147 11638 1409
2 11658 6912 11486
2 7646 1687 14260
2 1687 8121 14260
2 14219 8121 1687
2 14219 1687 11831
2 14219 11831 14209
2 14219 14209 10384
2 14209 13120 10384
2 10384 13120 14211
2 3561 10384 14211
2 3561 14211 8731
2 3561 8731 6383
2 6383 8731 10164
2 10164 14259 6383
2 7407 14259 10164
2 7407 10164 5010
2 5010 11949 7407
2 7407 11949 10205
2 7407 10205 1600
2 14259 7407 1600
2 10205 1596 1600
2 1596 10810 1600
2 988 10810 1596
2 988 1596 9852
2 9852 9103 988
2 2114 988 9103
2 2124 2114 9103
2 2124 9103 2024
2 1759 2124 2024
2 1759 2024 2113
2 2113 13088 1759
2 13088 14414 1759
2 6473 1759 14414
2 6168 6473 14414
2 2077 6168 14414
2 8974 2077 14414
2 8974 14414 13088
2 8974 13088 1758
2 12713 8974 1758
2 10277 12713 1758
2 10277 1758 2026
2 3765 10277 2026
2 2026 2789 3765
2 3765 2789 9175
2 3765 9175 1757
2 1757 10277 3765
2 10277 1757 14412
2 12713 10277 14412
2 12713 14412 8146
2 8146 3477 12713
2 3477 8974 12713
2 2077 8974 3477
2 6000 2077 3477
2 12592 6000 3477
2 863 12592 3477
2 8146 863 3477
2 7878 863 8146
2 12024 7878 8146
2 12024 8146 12214
2 3473 12024 12214
2 3473 12214 7489
2 3473 7489 88
2 3473 88 81
2 81 71 3473
2 3473 71 14721
2 3473 14721 7878
2 3473 7878 12024
2 14342 7878 14721
2 14721 60 14342
2 51 14342 60
2 51 60 45
2 34 51 45
2 26 34 45
2 45 16 26
2 16 12256 26
2 12256 11404 26
2 10980 26 11404
2 10980 11404 14279
2 10980 14279 2515
2 2515 10166 10980
2 10980 10166 34
2 34 26 10980
2 10166 51 34
2 7022 51 10166
2 7022 10166 2515
2 2977 7022 2515
2 10930 2977 2515
2 2515 8932 10930
2 10930 8932 5626
2 8836 10930 5626
2 1697 8836 5626
2 5626 8340 1697
2 9301 1697 8340
2 8340 2521 9301
2 9301 2521 7322
2 7322 5110 9301
2 9301 5110 2187
2 9301 2187 1697
2 2187 10088 1697
2 10088 14340 1697
2 1697 14340 8836
2 9256 8836 14340
2 863 9256 14340
2 10088 863 14340
2 10088 12592 863
2 10088 6000 12592
2 2187 6000 10088
2 5110 6000 2187
2 5110 14368 6000
2 6000 14368 6168
2 6000 6168 2077
2 14368 866 6168
2 6168 866 6473
2 14418 6473 866
2 866 7930 14418
2 10280 14418 7930
2 14418 10280 1762
2 1762 12118 14418
2 12118 2124 14418
2 2124 6473 14418
2 2124 1759 6473
2 12118 2114 2124
2 1762 2114 12118
2 1762 2116 2114
2 988 2114 2116
2 988 2116 7706
2 988 7706 10810
2 989 10810 7706
2 7706 2116 989
2 2126 989 2116
2 10810 989 8762
2 8762 989 1597
2 13752 1597 989
2 7706 2116 989
2 1762 2114 12118
2 5411 7930 866
2 5411 866 14368
2 14339 5411 14368
2 14339 14368 9699
2 3443 14339 9699
2 1698 3443 9699
2 9699 5110 1698
2 1698 5110 7322
2 7322 2521 1698
2 1698 2521 13511
2 1698 13511 8448
2 8448 3443 1698
2 2522 3443 8448
2 14281 2522 8448
2 14281 8448 13511
2 13511 9708 14281
2 14281 9708 3535
2 3535 3659 14281
2 3659 4551 14281
2 14281 4551 14282
2 14281 14282 2522
2 10853 2522 14282
2 3017 10853 14282
2 3017 14282 13234
2 3017 13234 14289
2 3017 14289 13573
2 13573 1699 3017
2 1699 10853 3017
2 10853 1699 10395
2 2522 10853 10395
2 2522 10395 3443
2 14339 3443 10395
2 14339 10395 13571
2 5411 14339 13571
2 5411 13571 5322
2 4726 5411 5322
2 4726 5322 8354
2 8354 5322 682
2 14367 8354 682
2 682 8256 14367
2 8256 8476 14367
2 7155 14367 8476
2 7155 8476 684
2 7155 684 14366
2 14366 684 10009
2 14366 10009 7779
2 13770 14366 7779
2 3480 13770 7779
2 3480 7779 862
2 6646 3480 862
2 5793 6646 862
2 7750 5793 862
2 685 7750 862
2 685 862 7779
2 7779 10009 685
2 12572 685 10009
2 9597 12572 10009
2 9597 10009 684
2 2525 9597 684
2 2525 684 7335
2 2525 7335 13449
2 14287 2525 13449
2 14287 13449 11893
2 11893 14209 14287
2 3537 14287 14209
2 3537 14209 11831
2 11831 13284 3537
2 14290 3537 13284
2 14290 13284 14215
2 9057 14290 14215
2 12979 9057 14215
2 14292 9057 12979
2 14292 12979 9922
2 9212 9057 14292
2 13023 9212 14292
2 3019 13023 14292
2 3019 14292 6847
2 11734 3019 6847
2 1701 3019 11734
2 1701 11734 14278
2 12609 1701 14278
2 14343 1701 12609
2 14343 12703 1701
2 12703 9683 1701
2 9683 3019 1701
2 3019 9683 10514
2 13023 3019 10514
2 9212 13023 10514
2 9212 10514 12572
2 2517 9212 12572
2 12572 9597 2517
2 2517 9597 2525
2 2517 2525 13434
2 13434 14290 2517
2 14290 9212 2517
2 9212 14290 9057
2 13502 14290 13434
2 14287 13502 13434
2 13434 2525 14287
2 3537 13502 14287
2 3537 14290 13502
2 3537 14290 13502
2 13434 2525 14287
2 14290 9212 2517
2 10514 12147 12572
2 685 12572 12147
2 12147 7750 685
2 12147 9683 7750
2 7750 9683 12703
2 7750 12703 5793
2 12703 11690 5793
2 11690 14720 5793
2 14720 6646 5793
2 13656 6646 14720
2 13656 14720 14419
2 14720 11213 14419
2 3481 14419 11213
2 11690 3481 11213
2 11690 11213 14720
2 14370 3481 11690
2 14370 11690 14343
2 14370 14343 7245
2 7245 6669 14370
2 6669 12415 14370
2 12415 3481 14370
2 14417 3481 12415
2 14417 12415 14371
2 6669 14371 12415
2 14369 14371 6669
2 687 14369 6669
2 6669 12054 687
2 687 12054 1703
2 12054 7245 1703
2 6669 7245 12054
2 6669 7245 12054
2 14369 687 12597
2 12217 14371 14369
2 3481 14417 14419
2 6669 14371 12415
2 6669 7245 12054
2 11690 12703 14343
2 12415 3481 14370
2 3481 14417 14419
2 11690 11213 14720
2 6646 13656 3945
2 3480 6646 3945
2 11690 11213 14720
2 11690 12703 14343
2 9683 12147 10514
2 9683 12147 10514
2 9683 12147 10514
2 7750 9683 12703
2 11690 12703 14343
2 9683 3019 1701
2 13023 3019 10514
2 9212 13023 10514
2 9212 14290 9057
2 9212 14290 9057
2 3537 14290 13502
2 11831 1687 13284
2 3537 13502 14287
2 14209 11893 14283
2 14283 13120 14209
2 14283 14288 13120
2 13120 14288 14211
2 13399 14211 14288
2 13399 14288 14289
2 2929 13399 14289
2 2929 14289 13234
2 2929 13234 14282
2 4551 2929 14282
2 2929 4551 14217
2 8731 2929 14217
2 8731 14217 10164
2 14217 5010 10164
2 14217 8566 5010
2 8566 11483 5010
2 1146 5010 11483
2 1146 11483 8663
2 10690 1146 8663
2 10690 8663 922
2 922 1407 10690
2 1407 11751 10690
2 10690 11751 1146
2 11751 1599 1146
2 11949 1146 1599
2 11949 1599 10205
2 1599 9852 10205
2 9852 1596 10205
2 13406 9852 1599
2 13406 1599 11751
2 1595 13406 11751
2 1595 11751 1407
2 13650 1595 1407
2 3799 13650 1407
2 922 3799 1407
2 922 8235 3799
2 3576 3799 8235
2 3576 8235 13182
2 2798 3576 13182
2 2798 13182 8221
2 8221 9175 2798
2 2789 2798 9175
2 8736 2798 2789
2 986 8736 2789
2 2789 2026 986
2 986 2026 2113
2 986 2113 5669
2 1441 986 5669
2 1595 1441 5669
2 1595 5669 987
2 1595 987 13406
2 9852 13406 987
2 987 2024 9852
2 2024 9103 9852
2 987 2113 2024
2 5669 2113 987
2 5669 2113 987
2 1441 1595 13650
2 1441 13650 3576
2 3576 8736 1441
2 1441 8736 986
2 3576 2798 8736
2 3576 13650 3799
2 1441 8736 986
2 5669 2113 987
2 1758 2113 2026
2 1758 13088 2113
2 1441 8736 986
2 3576 2798 8736
2 8221 13803 9175
2 13803 1757 9175
2 13803 5217 1757
2 5217 11270 1757
2 1757 11270 7489
2 1757 7489 12214
2 1757 12214 14412
2 12214 8146 14412
2 7807 7489 11270
2 12842 7807 11270
2 5217 12842 11270
2 5217 984 12842
2 12842 984 10157
2 12842 10157 7807
2 10157 65 7807
2 78 7807 65
2 65 45 78
2 78 45 88
2 78 88 7807
2 7807 88 7489
2 45 81 88
2 71 81 45
2 45 60 71
2 60 14721 71
2 54 45 65
2 10157 54 65
2 10157 8296 54
2 54 8296 8140
2 54 8140 40
2 45 54 40
2 45 40 29
2 29 20 45
2 45 20 12
2 12 8 45
2 45 8 16
2 16 8 12256
2 8 6172 12256
2 12256 6172 14213
2 14213 11404 12256
2 14213 14279 11404
2 13240 14279 14213
2 13240 14213 1354
2 3532 13240 1354
2 8051 3532 1354
2 8051 1354 6947
2 6947 7507 8051
2 8051 7507 3554
2 8051 3554 10498
2 10498 3532 8051
2 10498 12337 3532
2 12337 9544 3532
2 9544 8932 3532
2 8932 13240 3532
2 8932 14279 13240
2 14279 8932 2515
2 5626 8932 9544
2 9544 14280 5626
2 5626 14280 8340
2 14280 5682 8340
2 5682 13009 8340
2 8340 13009 2521
2 9708 2521 13009
2 9708 13009 6683
2 9708 6683 3535
2 3535 6683 3560
2 3560 6658 3535
2 6658 8566 3535
2 8566 3659 3535
2 8566 4551 3659
2 8566 14217 4551
2 8566 6658 11483
2 6658 3560 11483
2 8663 11483 3560
2 11816 8663 3560
2 8660 11816 3560
2 6683 8660 3560
2 6683 13009 8660
2 13009 5682 8660
2 5682 14280 8660
2 8660 14280 10498
2 8660 10498 11816
2 3554 11816 10498
2 3554 1695 11816
2 1695 8663 11816
2 922 8663 1695
2 922 1695 3554
2 7507 922 3554
2 922 7507 8235
2 7507 4463 8235
2 13182 8235 4463
2 13182 4463 8444
2 8221 13182 8444
2 8221 8444 10161
2 10161 13803 8221
2 13803 10161 5217
2 10161 984 5217
2 10161 13696 984
2 7627 984 13696
2 13116 7627 13696
2 13116 13696 3580
2 1413 13116 3580
2 1413 3580 8444
2 8444 4463 1413
2 7507 1413 4463
2 6947 1413 7507
2 7681 1413 6947
2 14695 7681 6947
2 6947 1354 14695
2 1354 6172 14695
2 6172 8 14695
2 12 14695 8
2 20 14695 12
2 12387 14695 20
2 12387 20 29
2 12387 29 40
2 12387 40 12610
2 12387 12610 7627
2 12387 7627 7681
2 14695 12387 7681
2 7681 7627 13116
2 7681 13116 1413
2 12610 8140 7627
2 8140 984 7627
2 8296 984 8140
2 10157 984 8296
2 40 8140 12610
2 40 8140 12610
2 14695 12387 7681
2 6172 1354 14213
2 14695 12387 7681
2 7681 13116 1413
2 8444 3580 10161
2 10161 3580 13696
2 7681 13116 1413
2 10161 3580 13696
2 7681 7627 13116
2 8140 984 7627
2 10161 3580 13696
2 8444 3580 10161
2 8444 4463 1413
2 7507 1413 4463
2 922 1695 3554
2 10498 14280 12337
2 14280 9544 12337
2 8660 10498 11816
2 1695 8663 11816
2 6658 3560 11483
2 6683 8660 3560
2 6683 13009 8660
2 2521 9708 13511
2 13009 5682 8660
2 5682 14280 8660
2 14280 9544 12337
2 14280 9544 12337
2 10498 14280 12337
2 3554 11816 10498
2 7507 922 3554
2 6947 1413 7507
2 6947 1354 14695
2 10498 3532 8051
2 8932 13240 3532
2 6172 1354 14213
2 8932 14279 13240
2 6172 1354 14213
2 6172 8 14695
2 12 14695 8
2 20 14695 12
2 12387 20 29
2 12387 29 40
2 40 8140 12610
2 8296 984 8140
2 10157 984 8296
2 45 54 40
2 78 88 7807
2 10157 54 65
2 10157 984 8296
2 10161 984 5217
2 12842 10157 7807
2 7807 88 7489
2 5217 12842 11270
2 13803 10161 5217
2 10161 13803 8221
2 8221 13182 8444
2 3576 2798 8736
2 13182 8235 4463
2 3576 13650 3799
2 922 7507 8235
2 3576 13650 3799
2 1441 1595 13650
2 1595 987 13406
2 9852 13406 987
2 5010 1146 11949
2 13406 1599 11751
2 1595 11751 1407
2 922 3799 1407
2 922 8663 1695
2 10690 11751 1146
2 8663 11483 3560
2 5010 1146 11949
2 8566 6658 11483
2 8566 14217 4551
2 13399 2929 8731
2 14211 13399 8731
2 8566 14217 4551
2 13399 2929 8731
2 14288 13515 14289
2 2524 14289 13515
2 2524 13515 14283
2 14283 13785 2524
2 2524 13785 1700
2 1700 10179 2524
2 10179 13573 2524
2 13573 14289 2524
2 10179 1699 13573
2 10179 5322 1699
2 1699 5322 13571
2 13571 10395 1699
2 10179 682 5322
2 682 10179 1700
2 8256 682 1700
2 7335 8256 1700
2 7335 1700 13785
2 13449 7335 13785
2 11893 13449 13785
2 11893 13785 14283
2 8476 8256 7335
2 684 8476 7335
2 682 10179 1700
2 7335 1700 13785
2 11893 13785 14283
2 14288 14283 13515
2 13573 14289 2524
2 14288 14283 13515
2 14211 13399 8731
2 14288 14283 13515
2 11893 13785 14283
2 11893 13449 13785
2 13434 2525 14287
2 13449 7335 13785
2 684 8476 7335
2 2517 9597 2525
2 12572 9597 2517
2 685 12572 12147
2 12147 7750 685
2 7750 12703 5793
2 14720 6646 5793
2 3480 6646 3945
2 685 862 7779
2 7779 10009 685
2 9597 10009 684
2 684 8476 7335
2 8476 8256 7335
2 8256 682 1700
2 10179 682 5322
2 5411 4726 7930
2 1699 5322 13571
2 13571 10395 1699
2 13571 10395 1699
2 10179 1699 13573
2 13573 14289 2524
2 2929 14289 13234
2 2929 13234 14282
2 1699 10853 3017
2 2522 10853 10395
2 4551 2929 14282
2 8566 4551 3659
2 8566 3659 3535
2 9708 6683 3535
2 2521 9708 13511
2 14281 14282 2522
2 2522 10395 3443
2 14281 8448 13511
2 2521 9708 13511
2 9699 14368 5110
2 8448 3443 1698
2 14339 3443 10395
2 9699 14368 5110
2 5411 14339 13571
2 5411 4726 7930
2 2124 6473 14418
2 5411 866 14368
2 9699 14368 5110
2 863 7878 9256
2 9256 7878 14342
2 9256 14342 2977
2 2977 8836 9256
2 8836 2977 10930
2 2977 14342 7022
2 7022 14342 51
2 2977 8836 9256
2 10088 863 14340
2 2187 6000 10088
2 5110 6000 2187
2 1698 5110 7322
2 7322 2521 1698
2 8340 13009 2521
2 9301 2187 1697
2 5626 14280 8340
2 1697 14340 8836
2 8836 2977 10930
2 5626 8932 9544
2 14279 8932 2515
2 8836 2977 10930
2 2977 14342 7022
2 7022 14342 51
2 7022 10166 2515
2 14279 8932 2515
2 14213 14279 11404
2 34 26 10980
2 14213 11404 12256
2 16 8 12256
2 45 8 16
2 34 26 10980
2 10166 51 34
2 45 60 71
2 7022 14342 51
2 60 14721 71
2 9256 7878 14342
2 60 14721 71
2 71 81 45
2 45 81 88
2 7807 88 7489
2 1757 7489 12214
2 3473 7878 12024
2 12214 8146 14412
2 3473 7878 12024
2 863 7878 9256
2 10088 12592 863
2 10088 6000 12592
2 6000 6168 2077
2 8146 863 3477
2 12214 8146 14412
2 1757 12214 14412
2 13803 1757 9175
2 2789 2798 9175
2 2789 2026 986
2 1757 10277 3765
2 1758 2113 2026
2 12713 10277 14412
2 3477 8974 12713
2 1758 13088 2113
2 2077 8974 3477
2 6000 6168 2077
2 6168 866 6473
2 2124 1759 6473
2 8974 14414 13088
2 1758 13088 2113
2 987 2113 2024
2 2124 1759 6473
2 2024 9103 9852
2 12118 2114 2124
2 988 2114 2116
2 2024 9103 9852
2 9852 1596 10205
2 988 7706 10810
2 9852 1596 10205
2 11949 1599 10205
2 5010 1146 11949
2 14217 5010 10164
2 14259 7407 1600
2 8731 14217 10164
2 14211 13399 8731
2 13120 14288 14211
2 14283 13120 14209
2 3537 14209 11831
2 11831 1687 13284
2 1408 11658 11486
2 9967 13587 1408
2 1687 8121 14260
2 9967 1601 13587
2 13254 1601 1179
2 13254 9572 1601
2 9572 4333 1601
2 14219 8121 1687
2 14219 14209 10384
2 3561 10384 14211
2 13254 1601 1179
2 3561 8731 6383
2 13254 9572 1601
2 10164 14259 6383
2 9572 4333 1601
2 14259 7407 1600
2 1596 10810 1600
2 10810 989 8762
2 14259 13703 4333
2 8762 989 1597
2 9572 4333 1601
2 10663 13587 1601
2 10663 1439 10313
2 13752 1597 989
2 13752 1597 989
2 2126 989 2116
2 2117 1763 1764
2 2126 989 2116
2 1762 2116 2114
2 14418 10280 1762
2 2117 1763 1764
2 1764 13401 2117
2 1766 2025 10020
2 1439 2117 13401
2 10313 1439 11926
2 10313 11926 2795
2 1766 10402 2025
2 1766 4382 10402
2 2795 6307 3603
2 3598 1594 6307
2 2795 4382 8560
2 6719 3598 1437
2 6719 3598 1437
2 3601 9719 6719
2 9502 2029 1438
2 3601 3575 9719
2 1410 5624 7063
2 1410 14263 5624
2 9719 3575 1409
2 1410 5624 7063
2 1147 11638 1409
2 1147 7646 6912
2 7646 1687 14260
2 11831 1687 13284
2 14290 13284 14215
2 3556 1147 10643
2 12979 9057 14215
2 14292 12979 9922
2 1147 9685 10643
2 9685 1409 5624
2 9922 10643 1689
2 14292 12979 9922
2 3019 14292 6847
2 11734 3019 6847
2 1701 11734 14278
2 14291 6847 14212
2 14212 1689 13081
2 1689 5624 13081
2 1410 14263 5624
2 13081 5106 6873
2 14291 6873 9926
2 10212 14291 9926
2 14291 10212 14278
2 12609 1701 14278
2 14343 1701 12609
2 14370 14343 7245
2 12054 7245 1703
2 14277 1702 10212
2 687 12054 1703
2 14369 687 12597
2 13403 14344 12597
2 13241 8909 13467
2 3512 687 13118
2 13118 14277 13273
2 13241 8909 13467
2 13241 8909 13467
2 13403 3512 13241
2 14341 11031 95
2 13403 14344 12597
2 14341 110 8642
2 134 865 8642
2 13403 14344 12597
2 14369 687 12597
2 12217 14371 14369
2 14369 11679 666
2 11679 14344 865
2 13318 13428 3476
2 134 668 865
2 14416 668 14015
2 13318 13428 3476
2 13370 14415 13318
2 13370 14415 13318
2 12217 666 14415
2 12217 14371 14369
2 14422 1769 8022
2 14417 12415 14371
2 14422 1769 8022
2 3481 14417 14419
2 13656 14720 14419
2 6646 13656 3945
2 3480 6646 3945
2 3480 13770 7779
2 13770 14366 7779
2 7155 684 14366
2 7155 14367 8476
2 14367 8354 682
2 4726 5322 8354
2 5411 4726 7930
2 10280 14418 7930
2 14420 1763 10280
2 4210 3478 14367
2 1764 14420 10127
2 3479 4210 14367
2 10127 9144 10020
2 9144 14421 10020
2 3479 14366 4623
2 4623 13770 12945
2 10020 14421 1766
2 3945 7845 12945
2 1766 4382 10402
2 1437 4382 9157
2 1767 7845 3945
2 1437 9157 2029
2 13656 14410 1767
2 2120 1438 2029
2 14419 5484 14410
2 14419 1768 5484
2 2120 1438 2029
2 3601 1438 1442
2 1442 1602 3575
2 1603 1410 1602
2 1603 1410 1602
2 1410 14263 5624
2 7190 14263 9713
2 7190 14263 9713
2 14210 5106 7190
2 1685 11502 14210
2 9926 14210 5641
2 14277 10212 5641
2 13118 14277 13273
2 13273 12272 8909
2 14286 11502 14214
2 12272 14285 8909
2 14214 11502 1685
2 1685 9713 14265
2 14261 13322 5375
2 5375 14262 14261
2 13322 14261 3559
2 13322 3559 14216
2 14261 14264 3559
2 14264 153 3559
2 14214 10221 13210
2 13322 3559 14216
2 13210 14285 14214
2 13467 14285 13194
2 14276 13467 13194
2 13928 11031 14276
2 8386 116 13928
2 1356 140 8386
2 14216 14284 13194
2 13322 3559 14216
2 1356 156 140
2 14218 1356 3559
2 14264 153 3559
2 3224 153 11750
2 3224 11750 14079
2 3224 11750 14079
2 3947 3187 1427
2 13934 3947 1427
2 12641 1427 3187
2 12641 1427 3187
2 7013 10494 5262
2 5262 7416 2899
2 9162 10940 3782
2 11326 3782 2586
2 10940 2899 5874
2 7416 3781 2899
2 2585 8433 2045
2 3781 1494 4043
2 2585 8433 2045
2 8433 2622 11113
2 2622 10740 11113
2 10740 2622 3693
2 10740 2622 3693
2 138 10820 12667
2 3693 10820 119
2 10740 2622 3693
2 11009 9422 11231
2 11009 9422 11231
2 96 9422 119
2 9422 12132 7177
2 3694 7177 11711
2 5203 10674 5307
2 10674 5203 3458
2 3458 9645 10129
2 10129 13968 13275
2 12896 2032 13631
2 12896 2032 13631
2 10502 9055 4067
2 13631 9055 10502
2 12896 2032 13631
2 12349 4068 12896
2 13275 12349 7520
2 11062 3458 7520
2 12176 1582 10502
2 10674 11062 5280
2 12176 4067 8446
2 5280 11711 5307
2 3694 7177 11711
2 8446 4067 10486
2 3694 10740 11009
2 4067 2621 10486
2 2622 10740 11113
2 8433 2622 11113
2 8433 11422 2045
2 2586 5874 11422
2 9055 2621 4067
2 9055 13631 9432
2 11326 3782 2586
2 2046 9432 2505
2 11326 8286 3782
2 2046 11207 3783
2 9162 3782 8286
2 2192 7013 9162
2 12641 7573 2192
2 12641 1427 3187
2 13934 3947 1427
2 13934 3947 1427
2 3185 3947 225
2 225 1207 210
2 1205 2052 2049
2 7677 2049 2052
2 2875 7677 2052
2 2875 2052 8824
2 2875 8824 7618
2 7618 13969 2875
2 13969 733 2875
2 2875 733 12901
2 2875 12901 7677
2 12901 2944 7677
2 2944 12901 868
2 10814 2944 868
2 14633 10814 868
2 868 10446 14633
2 10446 14569 14633
2 10446 1723 14569
2 3249 1723 10446
2 868 3249 10446
2 3249 868 3001
2 3001 11837 3249
2 3249 11837 10227
2 11837 3258 10227
2 11837 8617 3258
2 3258 8617 735
2 735 13806 3258
2 13806 11996 3258
2 3965 11996 13806
2 3965 13806 12784
2 3965 12784 734
2 12618 3965 734
2 10835 12618 734
2 734 10854 10835
2 10835 10854 1224
2 1224 1381 10835
2 870 10835 1381
2 1382 870 1381
2 1382 1381 12318
2 1382 12318 11291
2 1382 11291 11986
2 14632 1382 11986
2 14632 11986 11771
2 14634 14632 11771
2 14634 11771 8281
2 10890 14634 8281
2 14571 10890 8281
2 14571 8281 13427
2 14571 13427 5461
2 13831 14571 5461
2 11754 13831 5461
2 5461 11940 11754
2 11940 4506 11754
2 2272 11754 4506
2 2272 4506 10867
2 10867 10082 2272
2 10082 14444 2272
2 13790 2272 14444
2 14490 13790 14444
2 14444 14485 14490
2 14490 14485 12804
2 14490 12804 14487
2 14487 14491 14490
2 14490 14491 14440
2 14490 14440 13790
2 1729 13790 14440
2 1729 14440 2726
2 1729 2726 2270
2 1729 2270 14571
2 14571 2272 1729
2 1729 2272 13790
2 14571 13831 2272
2 2272 13831 11754
2 2270 10890 14571
2 2270 14634 10890
2 14634 2270 2269
2 2269 12723 14634
2 12723 14632 14634
2 3256 14632 12723
2 2269 3256 12723
2 14632 3256 7944
2 1382 14632 7944
2 1382 7944 870
2 870 7944 12221
2 870 12221 12618
2 870 12618 10835
2 12221 3250 12618
2 12618 3250 3965
2 3965 3250 11996
2 2269 3256 12723
2 2270 2726 2269
2 14446 2269 2726
2 2726 14440 14446
2 14446 14440 14491
2 13530 14446 14491
2 14487 13530 14491
2 14600 13530 14487
2 14487 12804 14600
2 14600 12804 14696
2 13115 14600 14696
2 12551 13115 14696
2 8773 12551 14696
2 9084 8773 14696
2 12804 9084 14696
2 9084 12804 14485
2 14485 14604 9084
2 14604 4499 9084
2 9084 4499 8773
2 4499 3670 8773
2 3670 12551 8773
2 7181 12551 3670
2 7181 3670 8652
2 8652 14051 7181
2 14051 14082 7181
2 14082 8715 7181
2 7181 8715 12551
2 8715 14078 12551
2 3671 12551 14078
2 1041 3671 14078
2 1041 14078 8556
2 1041 8556 4165
2 12739 1041 4165
2 2056 12739 4165
2 10163 2056 4165
2 4165 12532 10163
2 10163 12532 5488
2 5488 2880 10163
2 10163 2880 13755
2 10163 13755 10850
2 2056 10163 10850
2 2056 10850 13859
2 2056 13859 13331
2 2056 13331 613
2 2056 613 12739
2 613 4099 12739
2 4099 1041 12739
2 1041 4099 12647
2 1041 12647 12966
2 1041 12966 3671
2 12966 4527 3671
2 4527 13115 3671
2 3671 13115 12551
2 4527 14600 13115
2 14600 4527 13530
2 12940 4527 12966
2 12940 12966 3669
2 14697 12940 3669
2 3669 11733 14697
2 10125 11733 3669
2 3734 10125 3669
2 12647 3734 3669
2 12966 12647 3669
2 12647 4099 3734
2 3734 4099 11915
2 3734 11915 3752
2 12166 3734 3752
2 1040 12166 3752
2 1040 3752 4097
2 1040 4097 12169
2 12169 13015 1040
2 1040 13015 14650
2 1040 14650 10125
2 12166 1040 10125
2 3734 12166 10125
2 10125 14650 11733
2 3680 13015 12169
2 12169 4004 3680
2 4004 3686 3680
2 3686 14651 3680
2 3680 14651 13083
2 3680 13083 13015
2 3686 14652 14651
2 3685 14652 3686
2 4003 3685 3686
2 3686 12749 4003
2 12282 4003 12749
2 12282 12749 611
2 2051 12282 611
2 7943 2051 611
2 4004 7943 611
2 4004 611 12749
2 3686 4004 12749
2 4097 7943 4004
2 12169 4097 4004
2 4097 3752 7943
2 3752 8139 7943
2 8139 953 7943
2 2885 7943 953
2 12942 2885 953
2 1593 12942 953
2 10320 1593 953
2 10320 953 612
2 10320 612 9252
2 9252 12257 10320
2 12257 1593 10320
2 1224 1593 12257
2 1224 12257 12695
2 1224 12695 1381
2 12318 1381 12695
2 13884 12318 12695
2 13894 13884 12695
2 2878 13894 12695
2 2878 12695 12257
2 2878 12257 9252
2 9252 13331 2878
2 13331 13859 2878
2 2878 13859 13894
2 13894 13859 12696
2 12696 13884 13894
2 12696 1383 13884
2 1383 11291 13884
2 11291 12318 13884
2 11291 1383 11986
2 11986 1383 13609
2 11771 11986 13609
2 11771 13609 8281
2 13609 1384 8281
2 8281 1384 13427
2 13427 1384 13935
2 13427 13935 10431
2 5461 13427 10431
2 5461 10431 13584
2 13584 11940 5461
2 3916 11940 13584
2 13584 11480 3916
2 11480 11416 3916
2 11416 1385 3916
2 10679 3916 1385
2 11354 10679 1385
2 13168 11354 1385
2 2881 13168 1385
2 2881 1385 13365
2 2881 13365 2882
2 2882 12856 2881
2 12856 8606 2881
2 13168 2881 8606
2 1386 13168 8606
2 1386 8606 14057
2 13497 1386 14057
2 13497 14057 4300
2 9829 13497 4300
2 12607 9829 4300
2 12986 12607 4300
2 2058 12986 4300
2 2058 4300 14057
2 2058 14057 12856
2 12856 13326 2058
2 2058 13326 9569
2 9569 12986 2058
2 615 12986 9569
2 9569 11616 615
2 11616 6745 615
2 6745 13400 615
2 615 13400 4363
2 615 4363 12986
2 12986 4363 12607
2 4363 2876 12607
2 12607 2876 2190
2 9829 12607 2190
2 2190 8748 9829
2 13497 9829 8748
2 13497 8748 2450
2 1386 13497 2450
2 11354 1386 2450
2 12475 11354 2450
2 12475 2450 14630
2 14630 1171 12475
2 12475 1171 12999
2 12475 12999 3286
2 12475 3286 11354
2 3286 10679 11354
2 3286 11384 10679
2 11384 3916 10679
2 3916 11384 11940
2 11940 11384 4506
2 11384 3286 4506
2 3286 12999 4506
2 10867 4506 12999
2 10867 12999 2274
2 10867 2274 14451
2 14451 10082 10867
2 10082 14451 14486
2 12066 10082 14486
2 14604 12066 14486
2 14486 9854 14604
2 2942 14604 9854
2 2942 9854 12879
2 12879 12817 2942
2 2942 12817 12113
2 14649 2942 12113
2 9049 14649 12113
2 12113 14648 9049
2 1042 9049 14648
2 1042 14648 12292
2 12799 1042 12292
2 3673 12799 12292
2 3673 12292 3833
2 2937 3673 3833
2 3833 14602 2937
2 14602 9729 2937
2 2937 9729 12001
2 12001 12164 2937
2 2937 12164 3673
2 12640 3673 12164
2 1043 12640 12164
2 1043 12164 14647
2 9599 1043 14647
2 9599 14647 3716
2 13123 9599 3716
2 13123 3716 12701
2 335 13123 12701
2 12701 344 335
2 325 335 344
2 354 325 344
2 344 12701 354
2 11441 354 12701
2 11441 12701 14700
2 14750 11441 14700
2 13084 14750 14700
2 13084 14700 12001
2 9729 13084 12001
2 2133 13084 9729
2 2133 9729 14602
2 14602 11174 2133
2 12899 2133 11174
2 14450 12899 11174
2 14450 11174 14534
2 14534 14447 14450
2 2276 14450 14447
2 11340 2276 14447
2 11340 14447 12141
2 2274 11340 12141
2 14451 2274 12141
2 10962 14451 12141
2 10962 12141 14447
2 14534 10962 14447
2 10962 14534 1311
2 12879 10962 1311
2 1311 4368 12879
2 12879 4368 12817
2 14648 12817 4368
2 14648 4368 3833
2 12292 14648 3833
2 11943 3833 4368
2 1311 11943 4368
2 14534 11943 1311
2 14534 14602 11943
2 14602 3833 11943
2 14602 14534 11174
2 14602 3833 11943
2 12113 12817 14648
2 1311 11943 4368
2 14486 10962 12879
2 14486 12879 9854
2 10962 14486 14451
2 14534 11943 1311
2 10962 14486 14451
2 2274 1171 11340
2 11340 1171 14635
2 2276 11340 14635
2 2276 14635 13145
2 2276 13145 1172
2 1172 12483 2276
2 12899 2276 12483
2 12899 12483 1726
2 14449 12899 1726
2 14572 14449 1726
2 1726 12744 14572
2 12744 1724 14572
2 14572 1724 622
2 622 14443 14572
2 14572 14443 12814
2 14572 12814 14449
2 14449 12814 14750
2 2133 14449 14750
2 2133 14750 13084
2 2133 12899 14449
2 12814 14443 14750
2 14750 14443 11441
2 11441 14443 8927
2 11441 8927 354
2 365 354 8927
2 622 365 8927
2 622 8927 14443
2 622 357 365
2 365 357 325
2 354 365 325
2 325 357 350
2 325 350 343
2 325 343 333
2 333 318 325
2 318 306 325
2 293 325 306
2 12825 293 306
2 9890 12825 306
2 9890 306 318
2 318 11410 9890
2 11410 2779 9890
2 9890 2779 13077
2 13077 1221 9890
2 9890 1221 12825
2 1221 4214 12825
2 12825 4214 12841
2 12825 12841 282
2 282 293 12825
2 282 325 293
2 288 325 282
2 12841 288 282
2 12136 288 12841
2 609 12136 12841
2 609 12841 4214
2 12582 609 4214
2 4196 12582 4214
2 4196 4214 1221
2 4196 1221 1378
2 4196 1378 13960
2 4196 13960 1194
2 4196 1194 12582
2 1194 11721 12582
2 11721 609 12582
2 609 11721 3898
2 609 3898 4001
2 609 4001 12136
2 4001 299 12136
2 12136 299 288
2 299 325 288
2 309 325 299
2 4001 309 299
2 4001 9741 309
2 309 9741 328
2 309 328 325
2 325 328 335
2 335 328 13123
2 328 9599 13123
2 328 9741 9599
2 9741 1043 9599
2 4001 1043 9741
2 1043 4001 3898
2 12640 1043 3898
2 11461 12640 3898
2 7748 11461 3898
2 11721 7748 3898
2 7748 11721 1194
2 7748 1194 12443
2 7748 12443 13400
2 13400 11461 7748
2 6745 11461 13400
2 6745 4396 11461
2 4396 12640 11461
2 3673 12640 4396
2 3673 4396 12799
2 6745 12799 4396
2 6745 1042 12799
2 1042 6745 11616
2 1042 11616 8990
2 8990 9049 1042
2 4100 9049 8990
2 4100 8990 13326
2 13326 1211 4100
2 1211 11645 4100
2 4100 11645 8204
2 8204 12478 4100
2 4100 12478 9049
2 9049 12478 14649
2 12478 3683 14649
2 3683 12715 14649
2 14649 12715 13249
2 14649 13249 2942
2 14604 2942 13249
2 14604 13249 4499
2 13249 12715 4499
2 4499 12715 3670
2 12715 8652 3670
2 3683 8652 12715
2 3753 8652 3683
2 3753 3683 8204
2 8204 11645 3753
2 11645 1210 3753
2 1210 14051 3753
2 8652 3753 14051
2 1210 14082 14051
2 1210 12532 14082
2 12532 4165 14082
2 8556 14082 4165
2 14082 8556 8715
2 8556 14078 8715
2 12532 1210 5488
2 1210 12073 5488
2 12073 11732 5488
2 11732 2880 5488
2 11732 8000 2880
2 8000 11578 2880
2 11578 3870 2880
2 3870 13755 2880
2 3870 10850 13755
2 3870 13971 10850
2 13971 12696 10850
2 10850 12696 13859
2 13971 13713 12696
2 13713 1383 12696
2 13609 1383 13713
2 13609 13713 1384
2 13713 10568 1384
2 10568 13935 1384
2 10568 14011 13935
2 14011 1377 13935
2 1377 10431 13935
2 1377 13584 10431
2 1377 11480 13584
2 1377 14040 11480
2 14040 1225 11480
2 11480 1225 11416
2 11416 1225 1385
2 1385 1225 13365
2 2057 13365 1225
2 11732 2057 1225
2 1225 14040 11732
2 14040 8000 11732
2 14040 1377 8000
2 8000 1377 11578
2 1377 14011 11578
2 14011 10568 11578
2 11578 10568 3870
2 10568 13713 3870
2 3870 13713 13971
2 2057 11732 12073
2 12073 614 2057
2 614 2882 2057
2 13365 2057 2882
2 614 1211 2882
2 2882 1211 12856
2 12856 1211 13326
2 614 11645 1211
2 614 12073 11645
2 11645 12073 1210
2 614 12073 11645
2 13365 2057 2882
2 1225 14040 11732
2 14040 1377 8000
2 1377 14011 11578
2 14011 10568 11578
2 10568 13713 3870
2 3870 13713 13971
2 3870 13713 13971
2 11578 10568 3870
2 8000 1377 11578
2 14040 8000 11732
2 2057 11732 12073
2 11645 12073 1210
2 11645 12073 1210
2 8204 3683 12478
2 8652 3753 14051
2 13249 12715 4499
2 3683 8652 12715
2 8204 3683 12478
2 8204 3683 12478
2 8204 11645 3753
2 614 11645 1211
2 12856 1211 13326
2 13326 8990 9569
2 9569 8990 11616
2 4100 12478 9049
2 9569 8990 11616
2 6745 12799 4396
2 13400 12443 4363
2 12443 12838 4363
2 2876 4363 12838
2 2876 12838 13787
2 2876 13787 2190
2 2190 13787 871
2 11545 2190 871
2 871 9343 11545
2 11545 9343 13912
2 11545 13912 14630
2 14630 8748 11545
2 8748 2190 11545
2 14630 2450 8748
2 14635 14630 13912
2 14635 13912 9343
2 14635 9343 13145
2 13145 9343 1172
2 9343 14631 1172
2 1172 14631 11836
2 11836 1726 1172
2 1172 1726 12483
2 14636 1726 11836
2 14636 11836 12639
2 14636 12639 3190
2 14636 3190 11618
2 1724 14636 11618
2 1724 11618 13158
2 622 1724 13158
2 622 13158 350
2 357 622 350
2 343 350 13158
2 343 13158 11618
2 333 343 11618
2 11618 11821 333
2 11821 11410 333
2 11410 318 333
2 3190 11410 11821
2 11618 3190 11821
2 3190 2779 11410
2 12639 2779 3190
2 14631 2779 12639
2 11836 14631 12639
2 14631 11390 2779
2 2779 11390 1378
2 13077 2779 1378
2 1378 1221 13077
2 13959 1378 11390
2 10279 13959 11390
2 10279 11390 871
2 13787 10279 871
2 12838 10279 13787
2 12838 13959 10279
2 12838 13960 13959
2 13960 1378 13959
2 12838 1194 13960
2 1194 12838 12443
2 14631 871 11390
2 871 14631 9343
2 12838 13959 10279
2 13960 1378 13959
2 14631 871 11390
2 11618 3190 11821
2 343 13158 11618
2 14636 1724 12744
2 14636 12744 1726
2 11618 3190 11821
2 12639 2779 3190
2 11836 14631 12639
2 14636 12744 1726
2 11836 14631 12639
2 871 14631 9343
2 14630 14635 1171
2 14635 13912 9343
2 871 14631 9343
2 8748 2190 11545
2 13787 10279 871
2 12838 10279 13787
2 1194 12838 12443
2 1194 12838 12443
2 13400 11461 7748
2 4396 12640 11461
2 328 9741 9599
2 4001 1043 9741
2 309 328 325
2 4001 309 299
2 1043 4001 3898
2 11721 7748 3898
2 7748 11721 1194
2 12838 1194 13960
2 13960 1378 13959
2 1378 1221 13077
2 4196 1194 12582
2 11721 609 12582
2 609 4001 12136
2 12136 299 288
2 299 325 288
2 12841 288 282
2 609 12841 4214
2 4196 4214 1221
2 1378 1221 13077
2 13077 2779 1378
2 3190 2779 11410
2 11410 318 333
2 9890 1221 12825
2 282 293 12825
2 282 325 293
2 9890 306 318
2 11410 318 333
2 333 343 11618
2 343 350 13158
2 357 622 350
2 357 622 350
2 354 365 325
2 622 8927 14443
2 12814 14443 14750
2 622 8927 14443
2 622 1724 13158
2 14636 1724 12744
2 14636 12744 1726
2 14572 12814 14449
2 2133 12899 14449
2 1172 1726 12483
2 2276 12899 14450
2 1172 1726 12483
2 13145 9343 1172
2 14635 9343 13145
2 14630 14635 1171
2 1171 2274 12999
2 10962 12141 14447
2 2276 11340 14635
2 2276 12899 14450
2 14534 10962 14447
2 14602 14534 11174
2 2276 12899 14450
2 2133 12899 14449
2 14602 14534 11174
2 2133 14750 13084
2 3716 12001 14700
2 12701 3716 14700
2 3716 14647 12001
2 12001 14647 12164
2 2133 14750 13084
2 14750 14443 11441
2 12701 3716 14700
2 11441 8927 354
2 354 365 325
2 325 328 335
2 344 12701 354
2 335 328 13123
2 12701 3716 14700
2 328 9599 13123
2 3716 14647 12001
2 9741 1043 9599
2 12001 14647 12164
2 12640 1043 3898
2 3673 12640 4396
2 12001 14647 12164
2 9729 13084 12001
2 2133 9729 14602
2 14602 3833 11943
2 2937 12164 3673
2 12292 14648 3833
2 3673 4396 12799
2 6745 1042 12799
2 12292 14648 3833
2 8990 9049 1042
2 12113 12817 14648
2 9049 12478 14649
2 14649 13249 2942
2 12113 12817 14648
2 12879 4368 12817
2 14486 12879 9854
2 14604 2942 13249
2 14486 12879 9854
2 14485 12066 14604
2 14444 12066 14485
2 14444 10082 12066
2 14444 10082 12066
2 10962 14486 14451
2 14451 2274 12141
2 1171 2274 12999
2 11384 3286 4506
2 3286 12999 4506
2 1171 2274 12999
2 14630 14635 1171
2 14630 2450 8748
2 12475 3286 11354
2 1386 11354 13168
2 14630 2450 8748
2 8748 2190 11545
2 2876 13787 2190
2 2876 4363 12838
2 13400 12443 4363
2 6745 11461 13400
2 1042 6745 11616
2 9569 8990 11616
2 615 4363 12986
2 13326 8990 9569
2 12856 1211 13326
2 12856 14057 8606
2 9569 12986 2058
2 12986 4363 12607
2 9829 12607 2190
2 13497 9829 8748
2 2058 4300 14057
2 1386 13497 2450
2 12856 14057 8606
2 1386 11354 13168
2 12856 14057 8606
2 2882 1211 12856
2 13365 2057 2882
2 1385 1225 13365
2 13168 2881 8606
2 1386 11354 13168
2 3286 10679 11354
2 11384 3916 10679
2 11416 1225 1385
2 11480 1225 11416
2 1377 11480 13584
2 3916 11384 11940
2 1377 13584 10431
2 1377 10431 13935
2 10568 13935 1384
2 13609 13713 1384
2 13609 1383 13713
2 13713 1383 12696
2 10850 12696 13859
2 13331 9252 613
2 9252 612 613
2 11915 613 612
2 3752 11915 612
2 3752 612 8139
2 612 953 8139
2 4099 613 11915
2 2878 13859 13894
2 12696 13884 13894
2 11291 12318 13884
2 2878 12695 12257
2 1224 12942 1593
2 1224 10854 12942
2 10854 2885 12942
2 2885 10854 1223
2 2885 1223 12949
2 2885 12949 7943
2 7943 12949 2051
2 7618 2051 12949
2 12949 1223 7618
2 7618 1223 13969
2 1223 12784 13969
2 13969 12784 8115
2 13969 8115 733
2 733 8115 8617
2 733 8617 3001
2 733 3001 12901
2 12901 3001 868
2 11837 3001 8617
2 8115 735 8617
2 735 8115 12784
2 13806 735 12784
2 735 8115 12784
2 1223 734 12784
2 734 1223 10854
2 7618 8824 2051
2 2051 8824 12282
2 12282 8824 1208
2 1208 4003 12282
2 4003 1208 4096
2 4096 3685 4003
2 4096 3667 3685
2 3667 14652 3685
2 12878 14652 3667
2 14652 12878 14698
2 4096 1208 3748
2 3748 1208 2052
2 1205 3748 2052
2 3751 3748 1205
2 8824 2052 1208
2 8824 2052 1208
2 12949 1223 7618
2 734 1223 10854
2 2878 12257 9252
2 9252 612 613
2 612 953 8139
2 12257 1593 10320
2 1224 12942 1593
2 10854 2885 12942
2 2885 12949 7943
2 612 953 8139
2 3752 612 8139
2 7943 12949 2051
2 2051 8824 12282
2 4004 611 12749
2 1208 4003 12282
2 3686 4004 12749
2 4096 3685 4003
2 3667 14652 3685
2 3686 4004 12749
2 12169 4097 4004
2 3680 13083 13015
2 12169 4097 4004
2 4097 3752 7943
2 12166 1040 10125
2 3734 12166 10125
2 3752 11915 612
2 4099 613 11915
2 3734 12166 10125
2 10125 14650 11733
2 12966 12647 3669
2 12966 12647 3669
2 12647 4099 3734
2 4099 613 11915
2 13331 9252 613
2 13331 13859 2878
2 10850 12696 13859
2 3870 10850 13755
2 3870 13755 2880
2 11732 2880 5488
2 12532 1210 5488
2 12532 4165 14082
2 2056 10163 10850
2 2056 613 12739
2 4099 1041 12739
2 8556 14082 4165
2 8556 14078 8715
2 1041 12966 3671
2 3671 13115 12551
2 8556 14078 8715
2 14082 8556 8715
2 1210 14082 14051
2 8652 3753 14051
2 12715 8652 3670
2 7181 8715 12551
2 4499 12715 3670
2 14604 13249 4499
2 14485 12066 14604
2 9084 4499 8773
2 3670 12551 8773
2 3671 13115 12551
2 4527 14600 13115
2 12804 9084 14696
2 14600 4527 13530
2 2269 14446 12674
2 2270 2726 2269
2 2726 14440 14446
2 1729 2272 13790
2 14446 14440 14491
2 14487 13530 14491
2 14487 12804 14600
2 9084 12804 14485
2 14444 12066 14485
2 14490 14440 13790
2 1729 2272 13790
2 14444 10082 12066
2 14451 10082 10867
2 10867 4506 12999
2 2272 13831 11754
2 11940 11384 4506
2 13584 11940 5461
2 2272 13831 11754
2 14571 13831 2272
2 5461 13427 10431
2 8281 1384 13427
2 2270 10890 14571
2 2270 14634 10890
2 11771 13609 8281
2 12723 14632 14634
2 11771 11986 13609
2 1382 14632 7944
2 11291 1383 11986
2 11291 12318 13884
2 12318 1381 12695
2 1382 7944 870
2 870 12618 10835
2 1224 12695 1381
2 1224 10854 12942
2 734 1223 10854
2 870 12618 10835
2 12618 3250 3965
2 1223 734 12784
2 13806 735 12784
2 3965 3250 11996
2 13806 735 12784
2 8115 735 8617
2 11837 3001 8617
2 11837 3001 8617
2 12901 3001 868
2 868 3249 10446
2 12901 3001 868
2 733 3001 12901
2 13969 8115 733
2 7618 1223 13969
2 7618 8824 2051
2 8824 2052 1208
2 2875 12901 7677
2 1205 3748 2052
2 3751 3748 1205
2 3750 225 4005
2 225 248 4005
2 248 13934 264
2 4262 3679 14646
2 12877 4262 14646
2 4262 12877 12742
2 4005 1039 3751
2 3751 3748 1205
2 4096 1208 3748
2 8391 3751 3679
2 4096 3667 3685
2 4262 3679 14646
2 12878 14652 3667
2 4262 12877 12742
2 13235 14494 14601
2 618 14453 14494
2 618 2728 14453
2 12297 14441 9549
2 1735 14442 1734
2 2496 12297 9549
2 14603 2496 8810
2 2496 14603 12614
2 2496 14603 12614
2 2496 12297 9549
2 12781 3918 13053
2 12297 14495 14441
2 14495 14533 14601
2 12742 14533 14699
2 12781 3918 13053
2 12878 4262 14699
2 14652 12878 14698
2 12781 3918 13053
2 1633 3918 12614
2 14652 12878 14698
2 3686 14652 14651
2 14603 9209 1633
2 3680 14651 13083
2 9209 14603 11860
2 3680 13083 13015
2 1040 13015 14650
2 14489 9040 3763
2 9040 11589 3763
2 9040 2902 11589
2 12051 11589 2902
2 14445 12051 2902
2 14445 2902 13072
2 12993 14445 13072
2 12993 9004 14445
2 11769 14445 9004
2 12051 14445 11769
2 14489 13072 2902
2 14489 2902 9040
2 14489 12138 13072
2 12051 14445 11769
2 14489 2902 9040
2 14489 2902 9040
2 14489 12138 13072
2 13083 11860 2936
2 14603 14488 11860
2 14488 14492 14493
2 14489 12138 13072
2 12993 14445 13072
2 14488 14492 14493
2 8810 14442 14492
2 1735 14442 1734
2 14452 14492 12636
2 14452 12993 14493
2 12993 9004 14445
2 14704 10773 11037
2 11769 14445 9004
2 9866 14535 14448
2 12051 14445 11769
2 12051 11589 2902
2 9040 11589 3763
2 14650 2936 3763
2 10125 14650 11733
2 3669 11733 14697
2 11589 14535 12670
2 14697 12940 3669
2 9866 14535 14448
2 12940 4527 12966
2 14600 4527 13530
2 13530 14446 14491
2 2269 14446 12674
2 9866 14535 14448
2 2269 14446 12674
2 2725 14448 11769
2 2269 3256 12723
2 14573 2725 9004
2 14632 3256 7944
2 870 7944 12221
2 12221 3250 12618
2 9004 11037 14573
2 3965 3250 11996
2 14704 10773 11037
2 14704 14570 10773
2 13806 11996 3258
2 11837 3258 10227
2 14570 14704 1735
2 1735 14442 1734
2 10227 14570 10818
2 3249 11837 10227
2 3249 1723 10446
2 1734 9549 11877
2 11877 14441 2728
2 10446 1723 14569
2 618 1722 2728
2 10446 14569 14633
2 14633 10814 868
2 10814 2944 868
2 12901 2944 7677
2 7677 2049 2052
2 1222 2048 2049
2 2944 732 11491
2 12546 2048 1222
2 12546 2048 1222
2 3750 2048 1207
2 225 1207 210
2 183 2047 212
2 225 210 3185
2 171 3224 3185
2 171 174 14218
2 212 14432 183
2 14218 174 156
2 156 14424 140
2 1715 14424 14429
2 2752 14433 14429
2 212 14432 183
2 212 12546 222
2 257 602 222
2 14433 2752 8954
2 14433 8954 8377
2 14431 8377 12777
2 14431 8377 12777
2 14431 14434 11984
2 13792 1579 14027
2 14427 14434 2430
2 14426 2430 2753
2 14425 2753 2434
2 2431 14430 2434
2 211 2431 3239
2 11247 226 3239
2 2753 1581 3241
2 2430 13792 1581
2 13792 1579 14027
2 11247 3241 2313
2 11247 250 226
2 12584 250 275
2 14012 275 12910
2 3457 2482 11596
2 9887 14012 12910
2 13557 1255 9887
2 553 13557 9768
2 9768 1421 8498
2 9887 3457 12743
2 9616 13160 1421
2 3457 2482 11596
2 9616 2955 12456
2 2313 14027 11596
2 1579 12485 14027
2 12456 2955 11595
2 1579 3173 12485
2 8377 11017 3173
2 8377 602 11017
2 602 257 13759
2 13030 5304 11808
2 11017 14127 11595
2 12456 2955 11595
2 9616 12456 12261
2 8548 12261 3555
2 13030 5304 11808
2 8548 12261 3555
2 8548 12391 8498
2 12391 1423 12559
2 12991 3555 13030
2 3115 13030 11808
2 702 12559 1423
2 1422 220 1256
2 2206 2612 702
2 2612 2206 12793
2 1422 220 1256
2 220 11267 13580
2 14494 13235 13580
2 13235 14601 214
2 11207 2505 214
2 2505 2032 2030
2 165 2030 143
2 2506 190 214
2 14718 13235 190
2 14718 12793 1256
2 12793 13623 2612
2 13623 134 528
2 134 668 865
2 14416 668 14015
2 14042 14703 12793
2 1195 14042 12793
2 14416 668 14015
2 1195 190 165
2 14416 14413 3476
2 165 2030 143
2 14413 14411 3476
2 14411 2028 13370
2 2021 11848 2023
2 2028 1187 13370
2 2020 2023 2786
2 14422 1187 1769
2 14417 1769 12239
2 14417 12239 1768
2 1771 2120 1768
2 1444 1442 1771
2 1443 3579 1444
2 1769 2020 2027
2 2020 2023 2786
2 1443 3579 1444
2 3577 2786 8490
2 3579 1406 1603
2 8490 14256 3577
2 1603 1406 14257
2 14257 14265 9713
2 10221 14265 5375
2 5375 14262 14261
2 14266 1406 14256
2 14256 1598 14258
2 5375 14262 14261
2 14258 1598 13657
2 135 13657 107
2 14261 14264 3559
2 14264 153 3559
2 3224 153 11750
2 135 13968 13012
2 13012 9645 14099
2 3224 11750 14079
2 14099 11783 2208
2 14079 14439 3185
2 11265 3187 14439
2 14099 11783 2208
2 11783 3225 3186
2 3187 11265 13518
2 3186 12029 10581
2 7573 12641 13518
2 12029 2409 10581
2 7573 10813 10494
2 10813 14179 10494
2 14179 10780 5928
2 10780 3183 5928
2 12029 2409 10581
2 9843 3223 12029
2 14467 3183 14438
2 2209 2211 14438
2 2211 2209 14098
2 3223 3119 9303
2 10172 9303 7693
2 12132 108 10172
2 154 14098 129
2 14233 129 14300
2 9899 14300 2279
2 14233 129 14300
2 12973 14242 12069
2 13889 14243 12069
2 9899 2292 14239
2 13889 14243 12069
2 2290 9910 1015
2 9910 13942 1015
2 13466 1015 13942
2 13466 13942 1021
2 13942 11948 1021
2 14717 11948 13942
2 9910 14717 13942
2 14717 9910 13907
2 14717 13907 14273
2 8593 14717 14273
2 12567 8593 14273
2 12567 14273 12987
2 12987 1684 12567
2 12567 1684 14235
2 12264 12567 14235
2 1020 12264 14235
2 10693 1020 14235
2 14270 10693 14235
2 14235 1684 14270
2 2289 14270 1684
2 12932 2289 1684
2 8126 12932 1684
2 8126 1684 12987
2 8126 12987 14273
2 2437 8126 14273
2 2437 14273 13907
2 2734 2437 13907
2 2734 13799 2437
2 13799 12580 2437
2 2437 12580 8126
2 12580 3491 8126
2 8126 3491 12932
2 14018 12932 3491
2 13993 14018 3491
2 11428 13993 3491
2 3491 12580 11428
2 12580 1143 11428
2 11428 1143 9386
2 13993 11428 9386
2 2455 13993 9386
2 2455 9386 13830
2 2455 13830 14376
2 13646 2455 14376
2 13927 13646 14376
2 13927 14376 11770
2 11470 13927 11770
2 8879 11470 11770
2 8879 11770 3423
2 3423 13919 8879
2 13919 13855 8879
2 14348 8879 13855
2 14348 13855 1254
2 14348 1254 11746
2 1141 14348 11746
2 1141 11746 13853
2 13853 9903 1141
2 9903 3489 1141
2 3489 13267 1141
2 13267 1142 1141
2 1141 1142 14348
2 1142 11470 14348
2 14348 11470 8879
2 1142 13847 11470
2 13847 10609 11470
2 11470 10609 13927
2 10609 13646 13927
2 13646 10609 13642
2 2455 13646 13642
2 2455 13642 11137
2 2455 11137 14018
2 13993 2455 14018
2 2289 14018 11137
2 2289 11137 13906
2 2289 13906 14270
2 13906 11920 14270
2 13560 14270 11920
2 14295 13560 11920
2 14295 11920 4562
2 14295 4562 10478
2 10478 11127 14295
2 14234 14295 11127
2 14236 14234 11127
2 14236 11127 14269
2 14236 14269 11033
2 14236 11033 10728
2 14236 10728 1013
2 1013 14234 14236
2 14234 1013 9794
2 14234 9794 13809
2 13809 14295 14234
2 13560 14295 13809
2 10693 13560 13809
2 13809 9794 10693
2 9794 1020 10693
2 12070 1020 9794
2 14270 13560 10693
2 13809 9794 10693
2 9794 1013 12463
2 3291 12463 1013
2 10728 3291 1013
2 10965 3291 10728
2 2070 10965 10728
2 14244 2070 10728
2 11033 14244 10728
2 14244 11033 14232
2 14232 9340 14244
2 13230 14244 9340
2 8521 13230 9340
2 8521 9340 3954
2 13443 8521 3954
2 877 13443 3954
2 877 3954 13259
2 877 13259 1019
2 1019 6404 877
2 4012 877 6404
2 4012 6404 12469
2 4012 12469 1213
2 13549 4012 1213
2 13549 1213 9972
2 13549 9972 14327
2 14327 8367 13549
2 8367 4012 13549
2 4012 8367 10055
2 4012 10055 7164
2 7164 877 4012
2 13443 877 7164
2 4014 13443 7164
2 7164 1214 4014
2 7999 4014 1214
2 7999 1214 11735
2 7999 11735 14740
2 979 7999 14740
2 14740 6988 979
2 6988 9782 979
2 979 9782 2213
2 979 2213 8288
2 979 8288 7999
2 8288 4014 7999
2 4014 8288 13230
2 4014 13230 8521
2 4014 8521 13443
2 13230 8288 2070
2 2070 14244 13230
2 8288 2213 2070
2 2070 2213 10965
2 2213 6024 10965
2 10965 6024 3291
2 6024 4015 3291
2 3291 4015 12463
2 7038 4015 6024
2 7038 6024 9782
2 11237 7038 9782
2 9782 6988 11237
2 14337 11237 6988
2 14337 6988 11252
2 11252 3118 14337
2 3118 12958 14337
2 12958 2847 14337
2 9516 14337 2847
2 12433 9516 2847
2 2847 9589 12433
2 12433 9589 12548
2 3960 12433 12548
2 3960 12548 2858
2 3960 2858 13681
2 13681 13750 3960
2 14334 3960 13750
2 12543 14334 13750
2 12543 13750 14020
2 14020 13750 4706
2 14020 4706 12710
2 4706 13750 12178
2 4706 12178 14741
2 11275 4706 14741
2 14741 13028 11275
2 13028 1455 11275
2 4361 1455 13028
2 13028 9986 4361
2 9986 719 4361
2 4361 719 12997
2 12997 12984 4361
2 12984 1455 4361
2 719 8774 12997
2 10344 8774 719
2 2487 10344 719
2 2487 719 9986
2 2487 9986 11600
2 11600 9986 3123
2 2486 11600 3123
2 3123 12786 2486
2 12786 13871 2486
2 2486 13871 11066
2 2486 11066 13299
2 2486 13299 7231
2 2486 7231 11600
2 11600 7231 11672
2 14008 7231 13299
2 14376 14008 13299
2 14376 13299 1252
2 14376 1252 11770
2 11770 1252 3423
2 13883 3423 1252
2 11066 13883 1252
2 13299 11066 1252
2 11066 2858 13883
2 12548 13883 2858
2 12548 3423 13883
2 9589 3423 12548
2 13919 3423 9589
2 9717 13919 9589
2 13498 9717 9589
2 2847 13498 9589
2 2847 2857 13498
2 2857 9717 13498
2 3901 9717 2857
2 2857 9348 3901
2 9348 12885 3901
2 3901 12885 7267
2 14347 3901 7267
2 13300 14347 7267
2 8530 13300 7267
2 8530 7267 1251
2 14673 8530 1251
2 6989 14673 1251
2 2491 6989 1251
2 2491 1251 6055
2 2491 6055 7893
2 2491 7893 2853
2 2491 2853 6181
2 2491 6181 6989
2 6989 6181 4732
2 13097 6989 4732
2 5824 13097 4732
2 13268 5824 4732
2 7651 13268 4732
2 7651 4732 2490
2 9941 7651 2490
2 2490 2852 9941
2 9941 2852 11388
2 3924 9941 11388
2 3924 11388 2860
2 2860 3413 3924
2 3413 13762 3924
2 13762 3414 3924
2 3924 3414 9941
2 9941 3414 7651
2 3414 14346 7651
2 7651 14346 13268
2 13268 14346 13795
2 10592 13268 13795
2 10592 13795 2284
2 12158 10592 2284
2 13065 12158 2284
2 13065 2284 14299
2 2287 13065 14299
2 2287 14299 10553
2 2287 10553 7514
2 7514 1139 2287
2 2287 1139 12158
2 2287 12158 13065
2 13097 12158 1139
2 13097 1139 14673
2 13097 14673 6989
2 7091 14673 1139
2 7514 7091 1139
2 7514 2436 7091
2 2436 1140 7091
2 7091 1140 8530
2 14673 7091 8530
2 8530 1140 13300
2 13300 1140 14347
2 14347 1140 9903
2 14347 9903 13853
2 14347 13853 13078
2 13078 3901 14347
2 9717 3901 13078
2 9717 13078 1254
2 13919 9717 1254
2 1254 13855 13919
2 13078 11746 1254
2 13853 11746 13078
2 13853 11746 13078
2 9903 1140 10047
2 9903 10047 3489
2 13886 3489 10047
2 7296 13886 10047
2 7296 10047 2436
2 1681 7296 2436
2 1681 2436 7514
2 10553 1681 7514
2 14272 1681 10553
2 12370 14272 10553
2 12370 10553 14299
2 14275 12370 14299
2 14299 11394 14275
2 14274 14275 11394
2 14274 11394 12865
2 12865 14271 14274
2 2756 14274 14271
2 2756 14271 3383
2 2756 3383 1018
2 10301 2756 1018
2 10301 1018 2069
2 7300 10301 2069
2 6404 7300 2069
2 12469 6404 2069
2 12469 2069 4013
2 12469 4013 1213
2 1213 4013 8234
2 9972 1213 8234
2 9972 8234 4698
2 4698 12434 9972
2 12434 9475 9972
2 9972 9475 14327
2 9959 14327 9475
2 9959 9475 9087
2 9959 9087 2844
2 14338 9959 2844
2 10207 14338 2844
2 2853 10207 2844
2 2853 2844 7055
2 6181 2853 7055
2 2490 6181 7055
2 2852 2490 7055
2 2852 7055 3764
2 2852 3764 2842
2 2842 11388 2852
2 2842 2860 11388
2 2860 2842 2848
2 3121 2860 2848
2 3121 2848 14336
2 6932 3121 14336
2 6932 14336 4713
2 6932 4713 10026
2 3126 6932 10026
2 3126 10026 7079
2 3126 7079 8980
2 6982 3126 8980
2 6982 8980 67
2 67 76 6982
2 87 6982 76
2 87 76 44
2 44 77 87
2 87 77 14377
2 6025 87 14377
2 2488 6025 14377
2 2488 14377 4359
2 2488 4359 8437
2 2488 8437 2850
2 2488 2850 6982
2 2488 6982 6025
2 6025 6982 87
2 2850 3126 6982
2 2850 13129 3126
2 3126 13129 6932
2 13129 3121 6932
2 3121 13129 8496
2 3121 8496 2860
2 3413 2860 8496
2 3413 8496 8437
2 8437 2106 3413
2 13762 3413 2106
2 13762 2106 14351
2 3414 13762 14351
2 14351 13423 3414
2 13423 14346 3414
2 13423 1137 14346
2 13795 14346 1137
2 13795 1137 12865
2 13795 12865 2284
2 12865 11394 2284
2 11394 14299 2284
2 12865 1137 2283
2 12865 2283 5208
2 12865 5208 14271
2 5208 7997 14271
2 14271 7997 3383
2 7997 14268 3383
2 3383 14268 1011
2 3383 1011 1018
2 1018 1011 6374
2 4291 1018 6374
2 4291 6374 10036
2 3997 4291 10036
2 3997 10036 6456
2 3997 6456 8028
2 7185 3997 8028
2 7185 8028 9523
2 7185 9523 5973
2 5973 8451 7185
2 8451 12326 7185
2 7185 12326 1212
2 1212 3997 7185
2 1212 3864 3997
2 3997 3864 4291
2 4291 3864 1018
2 3864 5684 1018
2 5684 2069 1018
2 2069 5684 4013
2 9168 4013 5684
2 3864 9168 5684
2 1212 9168 3864
2 1212 14309 9168
2 14309 8234 9168
2 8234 4013 9168
2 4698 8234 14309
2 14328 4698 14309
2 14328 14309 12326
2 14328 12326 4713
2 4713 14336 14328
2 14335 14328 14336
2 14335 14336 2848
2 14335 2848 2842
2 14335 2842 12434
2 4698 14335 12434
2 14328 14335 4698
2 12434 2842 3764
2 9475 12434 3764
2 9475 3764 9087
2 9087 3764 7055
2 2844 9087 7055
2 14328 14335 4698
2 4713 12326 7131
2 7131 10026 4713
2 14308 10026 7131
2 14308 7131 5973
2 5973 2978 14308
2 2978 14293 14308
2 14308 14293 5187
2 14308 5187 7079
2 14308 7079 10026
2 5187 11296 7079
2 11296 11594 7079
2 8980 7079 11594
2 8980 11594 58
2 58 67 8980
2 67 58 44
2 44 76 67
2 44 58 49
2 49 37 44
2 37 28 44
2 44 28 19
2 19 10 44
2 44 10 5
2 11 44 5
2 5 12076 11
2 1512 11 12076
2 1009 1512 12076
2 12076 3364 1009
2 3365 1009 3364
2 3364 882 3365
2 5559 3365 882
2 5559 882 2978
2 5973 5559 2978
2 9523 5559 5973
2 12320 5559 9523
2 9523 8028 12320
2 8028 6456 12320
2 6456 1017 12320
2 12320 1017 3365
2 12320 3365 5559
2 12449 3365 1017
2 12449 1017 7987
2 10602 12449 7987
2 5588 10602 7987
2 5588 7987 14237
2 14267 5588 14237
2 14267 14237 4781
2 14267 4781 1011
2 1011 6315 14267
2 14267 6315 14297
2 14267 14297 5588
2 5588 14297 9093
2 10602 5588 9093
2 1512 10602 9093
2 1512 9093 14298
2 30 1512 14298
2 30 14298 39
2 44 30 39
2 44 39 53
2 44 53 59
2 44 59 68
2 44 68 77
2 14377 77 68
2 14377 68 14350
2 14377 14350 4359
2 14350 9242 4359
2 4359 9242 2106
2 4359 2106 8437
2 9242 13393 2106
2 13393 14351 2106
2 11541 14351 13393
2 11541 13393 9242
2 1135 11541 9242
2 1135 9242 14350
2 10387 1135 14350
2 59 10387 14350
2 59 14350 68
2 59 2282 10387
2 10387 2282 1135
2 1135 2282 5752
2 1135 5752 4983
2 4983 11541 1135
2 2736 11541 4983
2 2736 4983 14297
2 14297 7981 2736
2 2736 7981 8842
2 2736 8842 11541
2 8842 1136 11541
2 14351 11541 1136
2 13630 14351 1136
2 2283 13630 1136
2 12994 2283 1136
2 8842 12994 1136
2 7981 12994 8842
2 12994 7981 14296
2 2283 12994 14296
2 5208 2283 14296
2 14296 7997 5208
2 14296 14268 7997
2 7981 14268 14296
2 6315 14268 7981
2 14297 6315 7981
2 1011 14268 6315
2 7981 14268 14296
2 2283 12994 14296
2 1137 13630 2283
2 13630 1137 13423
2 13630 13423 14351
2 13630 13423 14351
2 8842 12994 1136
2 7981 12994 8842
2 14297 6315 7981
2 4983 5752 14297
2 5752 9093 14297
2 5752 14298 9093
2 5752 2282 14298
2 39 14298 2282
2 39 2282 53
2 59 53 2282
2 2736 8842 11541
2 4983 5752 14297
2 5752 2282 14298
2 59 53 2282
2 10387 2282 1135
2 4983 11541 1135
2 14351 11541 1136
2 11541 13393 9242
2 1135 9242 14350
2 59 14350 68
2 59 14350 68
2 59 53 2282
2 39 2282 53
2 22 30 44
2 22 44 11
2 1512 22 11
2 1512 30 22
2 1512 30 22
2 39 14298 2282
2 1512 30 22
2 5752 14298 9093
2 1512 1009 10602
2 10602 1009 12449
2 1009 3365 12449
2 5752 9093 14297
2 14297 6315 7981
2 1011 14268 6315
2 10036 1011 4781
2 10036 4781 14237
2 6456 10036 14237
2 1017 6456 14237
2 7987 1017 14237
2 6374 1011 10036
2 10036 4781 14237
2 14267 14297 5588
2 7987 1017 14237
2 10602 5588 9093
2 10602 1009 12449
2 7987 1017 14237
2 1009 3365 12449
2 1017 6456 14237
2 12320 3365 5559
2 2978 882 14293
2 8208 14293 882
2 8208 882 8607
2 8208 8607 19
2 28 8208 19
2 28 37 8208
2 5187 8208 37
2 5187 37 11296
2 11296 37 49
2 11296 49 11594
2 49 58 11594
2 14293 8208 5187
2 8607 3364 19
2 19 3364 10
2 5 10 3364
2 5 3364 12076
2 882 3364 8607
2 882 3364 8607
2 14293 8208 5187
2 12320 3365 5559
2 882 3364 8607
2 1009 3365 12449
2 5 3364 12076
2 1512 1009 10602
2 1512 22 11
2 5 3364 12076
2 22 44 11
2 5 10 3364
2 19 3364 10
2 28 8208 19
2 28 37 8208
2 11296 37 49
2 49 58 11594
2 49 58 11594
2 11296 49 11594
2 5187 37 11296
2 14293 8208 5187
2 2978 882 14293
2 5973 5559 2978
2 7131 8451 5973
2 7131 12326 8451
2 14308 7079 10026
2 7131 12326 8451
2 1212 12326 14309
2 14328 14335 4698
2 1212 12326 14309
2 8234 4013 9168
2 3864 9168 5684
2 1212 9168 3864
2 1212 12326 14309
2 7131 12326 8451
2 7131 8451 5973
2 9523 5559 5973
2 9523 8028 12320
2 1212 3997 7185
2 8028 6456 12320
2 6456 10036 14237
2 3997 3864 4291
2 6374 1011 10036
2 4291 3864 1018
2 6374 1011 10036
2 1011 14268 6315
2 14296 14268 7997
2 14296 7997 5208
2 5208 2283 14296
2 1137 13630 2283
2 13630 1137 13423
2 13630 13423 14351
2 13393 14351 2106
2 4359 2106 8437
2 8437 8496 2850
2 13129 2850 8496
2 13129 2850 8496
2 13129 2850 8496
2 8437 8496 2850
2 4359 2106 8437
2 14377 14350 4359
2 2488 6982 6025
2 6025 6982 87
2 14377 77 68
2 44 68 77
2 44 76 67
2 6025 6982 87
2 44 76 67
2 58 67 8980
2 2850 3126 6982
2 8980 7079 11594
2 14308 7079 10026
2 3126 13129 6932
2 7131 10026 4713
2 4713 14336 14328
2 13129 3121 6932
2 14335 14336 2848
2 3121 8496 2860
2 14335 2848 2842
2 12434 2842 3764
2 9087 3764 7055
2 2490 4732 6181
2 2844 9087 7055
2 7893 10207 2853
2 7893 3117 10207
2 3117 10496 10207
2 10207 10496 14338
2 14338 10496 7412
2 14338 7412 11129
2 9959 14338 11129
2 9959 11129 14327
2 14327 11129 8367
2 11129 7412 8367
2 13528 8367 7412
2 1214 13528 7412
2 11735 1214 7412
2 10496 11735 7412
2 7519 11735 10496
2 10496 3117 7519
2 3117 10885 7519
2 7519 10885 11252
2 11252 14740 7519
2 7519 14740 11735
2 6988 14740 11252
2 10885 3118 11252
2 3118 10885 10342
2 3118 10342 2857
2 2857 12958 3118
2 2857 2847 12958
2 10342 9348 2857
2 10342 2854 9348
2 12885 9348 2854
2 6055 12885 2854
2 7893 6055 2854
2 7893 2854 3117
2 3117 2854 10885
2 10885 2854 10342
2 12885 6055 7267
2 7267 6055 1251
2 10885 2854 10342
2 10885 2854 10342
2 3117 2854 10885
2 7519 14740 11735
2 10055 13528 1214
2 10055 1214 7164
2 10055 8367 13528
2 10055 8367 13528
2 11129 7412 8367
2 10496 11735 7412
2 10496 3117 7519
2 7893 2854 3117
2 10207 10496 14338
2 9959 14338 11129
2 2844 9087 7055
2 9475 3764 9087
2 9959 11129 14327
2 9475 12434 3764
2 4698 14335 12434
2 4698 8234 14309
2 8234 4013 9168
2 2069 5684 4013
2 11895 7300 6404
2 1019 11895 6404
2 11895 1019 14241
2 14241 14238 11895
2 11895 14238 7300
2 7300 14238 10301
2 14238 2756 10301
2 14274 2756 14238
2 14274 14238 14275
2 14275 14238 14241
2 14241 12370 14275
2 14241 14272 12370
2 14241 14240 14272
2 14272 14240 13764
2 13764 1681 14272
2 7296 1681 13764
2 10935 7296 13764
2 14232 10935 13764
2 14232 13764 14240
2 14232 14240 9340
2 14240 3954 9340
2 14240 14241 3954
2 13259 3954 14241
2 1019 13259 14241
2 14232 14269 10935
2 13886 10935 14269
2 13886 14269 13647
2 13886 13647 3489
2 13647 13267 3489
2 13267 13647 10478
2 10478 10349 13267
2 1142 13267 10349
2 13408 1142 10349
2 4562 13408 10349
2 10349 10478 4562
2 13408 4562 11920
2 2733 13408 11920
2 2733 11920 13906
2 13642 2733 13906
2 13642 13906 11137
2 13642 10609 2733
2 10609 13408 2733
2 10609 13847 13408
2 13847 1142 13408
2 10609 13408 2733
2 13847 1142 13408
2 10349 10478 4562
2 13647 14269 10478
2 10478 14269 11127
2 13647 14269 10478
2 13886 7296 10935
2 11033 14269 14232
2 13886 7296 10935
2 14232 13764 14240
2 14240 14241 3954
2 14275 14238 14241
2 1019 13259 14241
2 11895 14238 7300
2 7300 14238 10301
2 5684 2069 1018
2 14238 2756 10301
2 3383 1011 1018
2 14271 7997 3383
2 14274 2756 14238
2 12865 5208 14271
2 12865 11394 2284
2 14274 14238 14275
2 11394 14299 2284
2 14241 12370 14275
2 14241 14272 12370
2 13764 1681 14272
2 7296 1681 13764
2 10047 1140 2436
2 13886 7296 10935
2 13886 13647 3489
2 10047 1140 2436
2 10047 1140 2436
2 1681 2436 7514
2 14673 7091 8530
2 13097 5824 12158
2 5824 10592 12158
2 10592 5824 13268
2 7514 7091 1139
2 10553 1681 7514
2 12370 10553 14299
2 2287 12158 13065
2 11394 14299 2284
2 2287 12158 13065
2 5824 10592 12158
2 13795 12865 2284
2 10592 5824 13268
2 13795 14346 1137
2 13423 14346 3414
2 3414 13762 14351
2 13762 3413 2106
2 3413 2860 8496
2 2842 2860 11388
2 3924 3414 9941
2 2842 11388 2852
2 2852 2490 7055
2 9941 3414 7651
2 2490 4732 6181
2 7651 14346 13268
2 10592 5824 13268
2 13097 5824 12158
2 13097 14673 6989
2 2490 4732 6181
2 6181 2853 7055
2 7893 10207 2853
2 7893 6055 2854
2 7267 6055 1251
2 2491 6181 6989
2 13097 14673 6989
2 14673 7091 8530
2 7267 6055 1251
2 8530 1140 13300
2 13300 1140 14347
2 13078 3901 14347
2 12885 6055 7267
2 12885 9348 2854
2 10342 9348 2857
2 9717 3901 13078
2 2857 2847 12958
2 2857 9717 13498
2 13919 9717 1254
2 13871 2858 11066
2 12786 2858 13871
2 13681 2858 12786
2 12786 12178 13681
2 13681 12178 13750
2 3123 12178 12786
2 14741 12178 3123
2 13028 14741 3123
2 3123 9986 13028
2 12548 3423 13883
2 13299 11066 1252
2 14008 14376 13830
2 12500 14008 13830
2 12500 13830 9386
2 12500 7231 14008
2 12500 7231 14008
2 13299 11066 1252
2 13871 2858 11066
2 12786 2858 13871
2 3123 12178 12786
2 2486 7231 11600
2 3123 9986 13028
2 10344 2849 8774
2 2849 11568 8774
2 3120 11568 2849
2 2849 2851 3120
2 3120 2851 2484
2 10344 3923 2849
2 2487 719 9986
2 3123 9986 13028
2 12984 1455 4361
2 13028 14741 3123
2 14741 12178 3123
2 13681 12178 13750
2 1454 14334 12543
2 1454 9516 14334
2 12433 14334 9516
2 14334 12433 3960
2 9516 1454 11237
2 11237 14337 9516
2 1454 7038 11237
2 12759 7038 1454
2 12759 4015 7038
2 12759 13429 4015
2 14334 12433 3960
2 13681 12178 13750
2 13681 2858 12786
2 12548 13883 2858
2 14334 12433 3960
2 9589 3423 12548
2 2847 13498 9589
2 12433 14334 9516
2 11237 14337 9516
2 2857 2847 12958
2 2857 12958 3118
2 10885 3118 11252
2 6988 14740 11252
2 11237 14337 9516
2 1454 7038 11237
2 9782 6024 2213
2 12759 4015 7038
2 9782 6024 2213
2 8288 2213 2070
2 9782 6024 2213
2 9782 6988 11237
2 6988 14740 11252
2 979 8288 7999
2 7519 14740 11735
2 11735 1214 7412
2 8288 4014 7999
2 10055 1214 7164
2 4014 8521 13443
2 10055 1214 7164
2 10055 8367 13528
2 14327 11129 8367
2 9972 9475 14327
2 9972 1213 8234
2 8367 4012 13549
2 12469 4013 1213
2 12469 6404 2069
2 7164 877 4012
2 1019 11895 6404
2 1019 13259 14241
2 13259 3954 14241
2 13443 877 7164
2 4014 8521 13443
2 14240 3954 9340
2 4014 13230 8521
2 2070 14244 13230
2 14232 14240 9340
2 11033 14269 14232
2 2070 14244 13230
2 2070 2213 10965
2 10965 6024 3291
2 3291 4015 12463
2 10728 3291 1013
2 11033 14244 10728
2 11033 14269 14232
2 10478 14269 11127
2 1013 14234 14236
2 13809 14295 14234
2 10478 14269 11127
2 10349 10478 4562
2 13408 4562 11920
2 13560 14295 13809
2 14270 13560 10693
2 2733 11920 13906
2 13642 13906 11137
2 2289 12932 14018
2 13642 13906 11137
2 13642 10609 2733
2 10609 13847 13408
2 13847 1142 13408
2 1142 13267 10349
2 13647 13267 3489
2 9903 10047 3489
2 14347 9903 13853
2 13853 11746 13078
2 1141 1142 14348
2 13078 11746 1254
2 1254 13855 13919
2 14348 11470 8879
2 1254 13855 13919
2 13919 3423 9589
2 11770 1252 3423
2 14348 11470 8879
2 11470 10609 13927
2 14376 1252 11770
2 10609 13646 13927
2 2455 13646 13642
2 14008 14376 13830
2 12500 13830 9386
2 13993 2455 14018
2 13799 1143 12580
2 2734 1143 13799
2 13993 11428 9386
2 13993 2455 14018
2 2289 12932 14018
2 3491 12580 11428
2 13799 1143 12580
2 2734 1143 13799
2 2437 12580 8126
2 8126 3491 12932
2 2289 12932 14018
2 2289 13906 14270
2 14270 13560 10693
2 9794 1020 10693
2 12264 3831 12567
2 8593 12567 3831
2 14717 8593 3831
2 14717 3831 11948
2 14235 1684 14270
2 8126 1684 12987
2 8126 12987 14273
2 8593 12567 3831
2 14717 8593 3831
2 2437 14273 13907
2 14717 3831 11948
2 9910 14717 13942
2 13889 2292 1515
2 2292 12867 1680
2 1680 3488 12643
2 2290 9910 1015
2 14717 9910 13907
2 12643 3488 12052
2 2734 2437 13907
2 2734 1143 13799
2 12501 3903 5932
2 11428 1143 9386
2 12500 13830 9386
2 12500 7231 14008
2 11600 7231 11672
2 12501 3903 5932
2 11600 7231 11672
2 2487 9986 11600
2 2487 10344 719
2 10344 3923 2849
2 8228 3419 14349
2 8351 8228 14349
2 3421 8228 8351
2 3421 8228 8351
2 10344 3923 2849
2 2849 2851 3120
2 3120 2851 2484
2 3120 2851 2484
2 3120 11568 2849
2 2849 11568 8774
2 719 8774 12997
2 8528 9135 13086
2 12997 12984 4361
2 1219 12694 11089
2 13086 1216 12984
2 12984 1455 4361
2 13028 1455 11275
2 11275 4706 14741
2 14020 4706 12710
2 14020 4706 12710
2 12543 13750 14020
2 1454 14334 12543
2 12759 7038 1454
2 12759 13429 4015
2 14294 12710 8752
2 12759 13429 4015
2 3291 4015 12463
2 9794 1013 12463
2 12070 1020 9794
2 13429 8752 3998
2 8752 12710 13121
2 12710 1215 13121
2 1215 11275 13138
2 13138 1455 13089
2 1216 12573 13089
2 4621 4011 13138
2 13121 4011 12070
2 12070 1020 9794
2 1020 12264 14235
2 12264 3831 12567
2 3956 4621 10022
2 14717 3831 11948
2 13942 11948 1021
2 10022 4621 12573
2 1216 1219 12573
2 13466 13942 1021
2 1219 12694 11089
2 13466 1015 13942
2 1515 1015 13957
2 1515 13957 14243
2 13889 14243 12069
2 12973 14242 12069
2 12973 14242 12069
2 14239 14242 14233
2 129 14233 154
2 2211 14098 154
2 14467 2211 199
2 1559 199 2648
2 1559 199 2648
2 1559 3301 14585
2 2649 3301 10399
2 10399 14480 2649
2 198 2655 2648
2 8960 242 262
2 8960 14625 14578
2 14578 14625 7042
2 2655 12034 14480
2 2649 14480 13495
2 2649 13495 14478
2 14578 14625 7042
2 1430 14478 13464
2 14574 14481 13464
2 7866 7076 14574
2 14578 14625 7042
2 7866 7076 14574
2 9715 3289 8733
2 7076 14111 14574
2 13223 3273 14111
2 3408 13223 7867
2 7867 12496 9032
2 7076 8733 14644
2 8733 3289 8615
2 2839 9032 12496
2 3289 9264 8615
2 1960 8712 2839
2 1960 14544 3392
2 3289 3195 9264
2 5806 3509 3195
2 3391 3352 13006
2 1960 14544 3392
2 3391 3352 13006
2 3571 3392 11781
2 1999 3571 11781
2 2170 2166 1999
2 12426 14568 2170
2 3391 3352 13006
2 13054 1333 3391
2 3353 14568 12426
2 14568 3353 14565
2 14565 236 2173
2 236 1494 258
2 3781 1494 4043
2 2587 2585 4043
2 12667 2622 2587
2 138 10820 12667
2 119 138 13352
2 12601 119 13352
2 12601 96 119
2 108 12132 96
2 14300 108 2279
2 8679 12867 2279
2 12601 3485 13143
2 12867 8679 13144
2 3488 1680 13144
2 12643 3488 12052
2 11611 2734 12052
2 12501 1143 11611
2 12501 3903 5932
2 3903 8502 2487
2 3419 3923 8502
2 14378 12451 12501
2 8228 3419 14349
2 14378 11611 11320
2 3486 11320 12052
2 3488 7813 3486
2 8351 8228 14349
2 13144 3485 7813
2 3421 8228 8351
2 14352 3485 12601
2 14352 13352 3422
2 2107 3923 3421
2 2107 11485 2851
2 11485 3902 2484
2 3422 138 166
2 166 2507 1033
2 159 2484 3902
2 133 159 3817
2 133 159 3817
2 133 10376 2484
2 14329 3120 10376
2 90 13388 111
2 14726 13601 1657
2 13388 13578 9728
2 498 14726 4336
2 14329 13388 9728
2 3120 14329 9135
2 8528 9135 13086
2 12694 1216 13086
2 498 14726 4336
2 1219 12694 11089
2 11089 11966 13466
2 2072 14243 11966
2 2072 1220 12973
2 10271 12694 4336
2 1657 4336 14726
2 2067 1220 13071
2 2067 13071 151
2 13601 105 1657
2 13484 151 105
2 2067 13071 151
2 14242 2067 176
2 176 186 2211
2 151 14437 167
2 186 198 2648
2 198 223 12034
2 12034 223 242
2 8960 242 262
2 8960 242 262
2 8960 14625 14578
2 7874 7866 14625
2 9629 5806 7874
2 9629 6766 3509
2 10472 4664 14625
2 278 10472 262
2 253 278 13567
2 10472 12858 6766
2 9629 6766 3509
2 3509 13054 3391
2 3507 10665 13076
2 13054 1333 3391
2 3333 3353 1333
2 219 14565 3333
2 2507 4043 219
2 166 2507 1033
2 200 1038 1033
2 14660 14676 3333
2 200 215 1038
2 3507 14660 1333
2 3507 10665 13076
2 10665 253 13076
2 1036 253 13567
2 200 215 1038
2 3817 1038 3849
2 3849 3852 3817
2 1074 3817 3852
2 9686 1074 8966
2 133 1074 111
2 90 13388 111
2 9686 10319 8243
2 13578 90 105
2 11225 13484 105
2 9868 1098 11225
2 10319 13583 90
2 9686 5237 10319
2 1098 9868 11370
2 1098 9868 11370
2 1098 1552 10833
2 13272 2539 10411
2 11225 1098 726
2 14437 13484 726
2 14437 14185 198
2 14435 10411 14112
2 14182 223 14185
2 8023 14182 11200
2 14435 10411 14112
2 13272 2539 10411
2 13100 11200 14112
2 8023 14182 11200
2 262 8023 13293
2 13567 13293 9953
2 1036 9953 7528
2 13832 1318 10206
2 1036 9953 7528
2 1036 13845 215
2 3849 13845 11810
2 13832 1318 10206
2 3852 11810 11438
2 12096 3819 1318
2 11438 8966 1074
2 12579 8966 12978
2 3819 12096 13808
2 13808 10856 3524
2 12579 8966 12978
2 10856 13049 3524
2 13257 12062 3681
2 11251 3681 12062
2 13995 12062 13257
2 3188 98 13257
2 120 98 3188
2 120 3188 3525
2 120 3525 144
2 3525 3818 144
2 3818 160 144
2 3525 13572 3818
2 2691 3818 13572
2 2691 13572 1319
2 3715 2691 1319
2 2691 3715 3714
2 3848 1319 13572
2 3848 13572 3525
2 3525 3188 3848
2 3848 13572 3525
2 3525 3188 3848
2 3525 3188 3848
2 13049 14021 7278
2 10856 11952 13049
2 3848 1319 13572
2 7578 3821 11952
2 3821 2907 13660
2 3715 2691 1319
2 3821 2907 13660
2 3996 3715 13660
2 2691 3715 3714
2 3996 10505 13661
2 14743 13421 14737
2 13421 9362 1525
2 12895 3085 14743
2 13774 14551 14072
2 13774 1262 636
2 13425 3085 1262
2 853 637 12129
2 9362 3085 13425
2 9362 14745 1530
2 764 14745 12366
2 13319 14643 656
2 2465 14643 13319
2 14643 2465 11188
2 764 14745 12366
2 764 12517 1532
2 12517 765 1532
2 14643 2465 11188
2 765 5429 5799
2 14643 2465 11188
2 5429 13171 2626
2 11380 1263 13171
2 11380 1263 13171
2 1263 9830 10512
2 13069 12413 1480
2 855 12413 7499
2 10512 9830 847
2 855 9676 12737
2 9188 13167 847
2 1264 2631 9188
2 855 9676 12737
2 9470 1481 9676
2 9600 2631 1264
2 4573 1261 9600
2 8148 4573 678
2 14550 678 6452
2 9470 1481 9676
2 14550 6452 12883
2 14555 9470 7499
2 11406 14550 12883
2 11406 14508 13385
2 2673 14508 10822
2 10316 3617 10822
2 10316 3615 8347
2 3615 3891 12505
2 13639 3891 13597
2 14089 3624 13597
2 2685 13842 14089
2 1122 2683 2249
2 12481 833 2685
2 12617 1118 1133
2 1118 12617 3616
2 12617 9485 3616
2 9485 10131 3616
2 11061 3616 10131
2 12481 833 2685
2 10522 1825 833
2 1118 12617 3616
2 3897 9757 10522
2 11061 3616 10131
2 1452 9757 3897
2 1452 14006 10541
2 14006 13849 10541
2 1787 6085 13849
2 1787 14498 10457
2 1795 14498 14501
2 10234 241 216
2 10234 259 241
2 10234 10675 259
2 245 9214 14738
2 205 8264 3526
2 14738 14501 6195
2 14501 1569 1795
2 205 13353 187
2 1393 1795 1569
2 1393 1394 1795
2 1394 14692 14737
2 14692 3714 13661
2 1393 187 213
2 2691 3715 3714
2 2691 3818 13572
2 3818 160 144
2 14402 14409 187
2 14362 14409 14402
2 3818 160 144
2 120 3525 144
2 120 98 3188
2 12816 13852 99
2 3188 98 13257
2 13995 12062 13257
2 13995 12062 13257
2 11251 3681 12062
2 11251 3681 12062
2 7278 14021 3681
2 7278 12102 3524
2 12102 12579 3524
2 3639 9601 11018
2 12579 5237 9686
2 5237 1552 11370
2 11820 6696 1552
2 3639 9601 11018
2 3639 11251 1096
2 11820 6696 1552
2 727 1096 12277
2 727 12507 7728
2 1096 13011 6696
2 10833 6696 14436
2 7728 11325 13328
2 14436 2539 13272
2 13348 10764 11325
2 10173 13100 2539
2 10488 10173 5532
2 13348 10764 11325
2 6529 6223 12688
2 10863 6223 6529
2 5532 10764 10863
2 10488 10173 5532
2 8023 10488 6983
2 6983 4000 9953
2 5532 5267 7419
2 5267 12917 10647
2 7528 4000 1035
2 1035 11564 3821
2 11564 2907 3821
2 5267 12917 10647
2 6529 7870 12917
2 3996 2907 10505
2 7870 12688 13336
2 14692 10505 271
2 269 13336 12587
2 271 12895 14743
2 12895 636 1262
2 269 13336 12587
2 269 243 636
2 13774 636 14551
2 14072 14551 13724
2 12681 14072 13724
2 637 14072 12681
2 853 637 12129
2 13367 1477 14554
2 853 637 12129
2 12534 14745 853
2 656 14745 12534
2 13319 14643 656
2 2465 14643 13319
2 13171 2465 1479
2 11380 1479 14556
2 11380 14556 13070
2 11380 13070 8527
2 1480 8527 13069
2 14555 12413 13069
2 8756 12883 14555
2 8756 5042 11406
2 14552 7904 2250
2 5042 1124 10822
2 3615 1124 2683
2 1122 2683 2249
2 14552 7904 2250
2 7904 14556 911
2 2685 2249 2260
2 13432 3065 911
2 2260 1133 2685
2 13432 3065 911
2 1479 1478 13432
2 656 1477 1478
2 13367 1477 14554
2 2258 13367 14554
2 9580 3065 14553
2 9580 1133 3065
2 2258 13446 11071
2 12617 1118 1133
2 12617 9485 3616
2 13446 914 11071
2 914 13724 1120
2 14516 3627 10736
2 9485 11071 1126
2 9485 10131 3616
2 14516 3627 10736
2 11061 3616 10131
2 3613 1452 11061
2 8701 12180 3613
2 14509 12339 13973
2 1130 14509 13973
2 1130 2261 14509
2 14516 3627 10736
2 1130 14509 13973
2 14516 1126 1120
2 14551 13963 1120
2 1130 2261 14509
2 13963 14551 13440
2 13440 217 13991
2 13963 2253 2261
2 1130 2261 14509
2 14509 12339 13973
2 8701 3627 12339
2 8701 12180 3613
2 12180 3298 14006
2 6195 1787 3298
2 245 14738 6195
2 12180 279 13902
2 279 255 13236
2 245 10234 9214
2 10234 10675 259
2 10365 10309 13236
2 10234 10675 259
2 265 247 184
2 10234 259 241
2 10234 241 216
2 8264 216 194
2 8264 194 11646
2 8264 11646 3526
2 205 3526 13353
2 205 13353 187
2 14402 14409 187
2 168 3526 8017
2 11646 180 8017
2 194 184 180
2 8971 142 118
2 202 230 13047
2 9582 13047 230
2 4428 13047 9582
2 4428 9582 13193
2 265 247 184
2 9582 13047 230
2 247 265 10309
2 4428 9582 13193
2 10365 10309 13236
2 13236 255 10365
2 255 12339 233
2 4428 9582 13193
2 13250 4205 13048
2 4428 13047 9582
2 202 230 13047
2 184 202 178
2 178 157 184
2 184 157 130
2 130 112 184
2 184 112 97
2 118 184 97
2 8971 142 118
2 8017 8971 13305
2 8017 13305 141
2 14402 168 141
2 14362 14409 14402
2 14362 14409 14402
2 144 14409 14364
2 14362 14693 2922
2 560 120 14364
2 98 560 12816
2 9140 11599 2095
2 12816 13852 99
2 2001 2002 2095
2 12816 13852 99
2 149 117 2002
2 13995 99 12277
2 727 12277 8582
2 149 117 2002
2 727 12277 8582
2 727 12507 7728
2 727 12507 7728
2 11325 7728 9855
2 9855 13348 11325
2 13348 6223 10863
2 6223 12587 12688
2 243 12587 12341
2 14183 13348 14184
2 11779 217 12341
2 12507 14428 14184
2 11779 217 12341
2 13440 217 13991
2 1116 2261 13991
2 1116 14073 2261
2 14073 233 14509
2 13048 13193 233
2 179 207 1116
2 13250 4205 13048
2 13664 162 179
2 13664 13895 162
2 13250 4205 13048
2 4428 4205 12823
2 13061 178 12823
2 10005 130 13061
2 13617 4488 13031
2 10600 112 10005
2 10600 10489 112
2 10039 118 10489
2 13962 8971 10039
2 124 13305 13962
2 14358 141 124
2 14358 14730 14362
2 14693 14362 14730
2 12258 7213 12611
2 7213 7564 12611
2 7213 7564 12611
2 14693 12922 14364
2 11817 14364 12922
2 11817 13924 13605
2 13924 2873 13605
2 12699 13953 2873
2 7213 7564 12611
2 12699 573 13953
2 573 11324 13505
2 13953 573 10909
2 13391 10909 10078
2 11752 13964 10078
2 11752 12631 13964
2 8486 3767 3922
2 8486 2016 3767
2 2098 14038 12631
2 1084 2098 4139
2 14194 4139 13122
2 8486 2016 3767
2 14194 4139 13122
2 2016 10170 11471
2 3648 12832 14194
2 2016 10170 11471
2 13420 10170 11496
2 14220 13420 11496
2 14220 11496 13535
2 14220 1819 13420
2 14220 1819 13420
2 3705 12638 3744
2 11841 13909 12260
2 13909 1280 12260
2 1280 13041 12260
2 1280 14733 13041
2 14733 14322 13041
2 13916 14733 1280
2 1283 14733 13916
2 1280 13041 12260
2 9764 14013 12719
2 14733 14322 13041
2 9764 14013 12719
2 1860 2400 8413
2 9764 12719 13007
2 14303 1860 7508
2 3705 9764 13007
2 12638 3705 12576
2 14303 1860 7508
2 13687 1286 12963
2 1286 11516 12963
2 11516 12576 14303
2 12638 3705 12576
2 10097 1819 12638
2 13420 10097 14192
2 11471 14192 12637
2 3937 12576 1284
2 1286 1282 1284
2 3648 11471 12637
2 12832 3648 13984
2 1282 13687 4230
2 12832 3648 13984
2 1807 14194 12832
2 12747 1807 4122
2 12747 4122 1281
2 12716 4230 13037
2 12716 4230 13037
2 13687 14301 4230
2 13037 11576 1281
2 12747 4122 1281
2 12747 14732 10902
2 13590 1278 11047
2 11047 12724 14732
2 12747 14732 10902
2 14190 14193 10902
2 14191 3696 14003
2 14190 14227 1084
2 14709 2001 14227
2 2002 14709 14036
2 2002 14036 149
2 8582 149 14428
2 11779 14428 14665
2 11548 1116 14665
2 179 1116 11548
2 13664 162 179
2 149 1813 175
2 13664 13895 162
2 1813 14709 14048
2 14191 14048 14709
2 14191 3696 14003
2 3696 13988 14003
2 13988 12724 1278
2 1278 126 13812
2 1800 13895 1813
2 13664 13895 162
2 1278 126 13812
2 13250 162 13031
2 13617 4488 13031
2 126 13590 103
2 13807 10600 13617
2 13914 10489 13807
2 102 13962 13914
2 103 12873 13911
2 13848 124 102
2 885 14358 13848
2 13911 12873 11854
2 3025 2611 885
2 12873 13881 11854
2 14732 11522 13881
2 11522 1281 12238
2 3025 2611 885
2 12238 1281 2543
2 14355 2611 11143
2 5465 11143 2394
2 2543 11576 10174
2 14301 10174 11576
2 14301 13687 12963
2 12963 11516 7508
2 7508 1860 4436
2 4436 2485 9198
2 12754 14301 889
2 10174 12754 2394
2 5465 2394 12316
2 5465 2394 12316
2 8339 11143 5465
2 14355 11143 8339
2 14730 14355 12258
2 12258 7213 12611
2 573 7213 11324
2 13505 11324 2917
2 5465 9792 14406
2 12316 9198 9792
2 11756 14731 10951
2 4436 2485 9198
2 11586 14379 14361
2 14403 11586 14361
2 11427 14403 14361
2 14403 13766 11586
2 13766 2916 11586
2 2400 12107 2485
2 11427 14403 14361
2 2400 888 12107
2 11427 14403 14361
2 11850 14404 13659
2 14403 13766 11586
2 13766 2916 11586
2 13766 2916 11586
2 11586 14379 14361
2 10951 2485 14379
2 11756 14731 10951
2 14407 2916 10848
2 4131 2914 10848
2 11756 14731 10951
2 14731 2917 9792
2 13505 2917 14363
2 4131 2914 10848
2 13856 754 4131
2 3034 13505 14363
2 3840 10078 3034
2 3922 11752 3840
2 8486 3767 3922
2 8486 2016 3767
2 2016 10170 11471
2 13420 10170 11496
2 1627 2006 8486
2 1627 3840 10637
2 3840 11695 10637
2 11695 14363 754
2 754 13856 11563
2 3841 8289 1627
2 11496 1627 8289
2 14220 11496 13535
2 14220 11496 13535
2 14220 1819 13420
2 12457 3744 1819
2 13952 3744 12457
2 13952 11841 3744
2 11841 13909 12260
2 14080 13998 14231
2 14189 13952 12376
2 12457 14226 12376
2 14226 14220 13662
2 13662 2580 14086
2 13837 12376 14222
2 13998 12376 13837
2 14080 13998 14231
2 12812 12914 14231
2 13629 14231 14224
2 14224 10283 12968
2 1624 13880 14103
2 1624 13880 14103
2 1624 14103 14076
2 13216 1624 14076
2 14708 13629 13216
2 2571 13216 11909
2 11909 14103 8578
2 14103 11032 8578
2 13820 1592 11029
2 1592 1623 8578
2 2571 1623 12518
2 10695 9550 12526
2 9550 12809 2005
2 14228 12557 1089
2 12557 14186 1089
2 12518 12526 2005
2 2571 12518 14225
2 14228 12557 1089
2 14187 14225 14228
2 14708 2571 14225
2 14708 12812 13629
2 12812 1091 12914
2 1803 14710 14187
2 12812 1091 12914
2 13909 14080 12914
2 13909 1280 12260
2 13916 14733 1280
2 1818 1091 3703
2 1283 14733 13916
2 1091 1803 3703
2 11198 3704 1803
2 3704 14307 14304
2 1283 14733 13916
2 14733 14322 13041
2 14013 14322 12278
2 888 2400 12278
2 888 11850 11427
2 11850 14404 13659
2 12916 14729 14405
2 14386 9633 12613
2 14386 12613 14365
2 14404 12916 14384
2 11850 14404 13659
2 14387 14403 13659
2 14386 12613 14365
2 12420 13766 14387
2 12420 14049 13766
2 12471 2916 14049
2 12471 752 4131
2 13856 752 11563
2 1626 8289 11563
2 2580 13535 1626
2 13662 2580 14086
2 14222 14086 10283
2 14224 10283 12968
2 12968 10117 13880
2 10117 13468 12392
2 1625 12944 14065
2 13468 3838 12392
2 1625 12944 14065
2 12944 2580 14032
2 1626 13994 14032
2 752 14034 13994
2 570 14034 12471
2 13468 3838 12392
2 570 12420 12725
2 753 10117 12392
2 12725 12420 14365
2 14386 12613 14365
2 13900 13880 753
2 14386 9633 12613
2 14103 13900 11032
2 13312 1592 11032
2 13517 9633 14384
2 2766 1592 13312
2 14384 8276 13517
2 11029 1592 2766
2 10695 13820 11029
2 14104 7777 13730
2 10695 9550 12526
2 9550 13825 12809
2 13825 2091 12809
2 13730 13961 14104
2 12036 12706 13961
2 12809 2091 4202
2 12557 12809 4202
2 12557 14186 1089
2 12930 2011 2570
2 14221 12930 2570
2 14221 8479 12757
2 8479 1087 12757
2 3928 12757 1087
2 1087 13126 3928
2 10589 3928 13126
2 13126 14188 10589
2 2184 3928 10589
2 2184 10589 11798
2 2184 11798 14302
2 2184 11352 3928
2 11352 12758 3928
2 12757 3928 12758
2 11352 1279 12758
2 12757 3928 12758
2 8479 12797 1087
2 12797 8479 2568
2 12757 3928 12758
2 11352 1279 12758
2 1088 12757 3939
2 11968 14221 1088
2 2011 11968 14186
2 12557 14186 1089
2 11198 1803 1089
2 12093 3704 11198
2 12093 2197 14307
2 3699 14186 11726
2 14305 2197 12417
2 11726 3939 1279
2 14305 2197 12417
2 14305 12672 14325
2 12672 14306 14325
2 12672 14306 14325
2 11352 1279 12758
2 2184 11352 3928
2 2184 11798 14302
2 2184 12575 14306
2 12672 14306 14325
2 14326 2398 12684
2 14305 12672 14325
2 10789 2197 14305
2 14307 2197 10789
2 3704 14307 14304
2 13913 14733 14304
2 1865 14322 13913
2 13958 887 13768
2 13939 12278 1865
2 13939 14729 11850
2 13958 887 13768
2 12916 14729 14405
2 14381 14360 14356
2 14356 14359 14381
2 14405 8276 14384
2 8276 3011 2766
2 3011 10103 2766
2 7777 10103 12959
2 564 3010 13199
2 7777 12959 13730
2 13730 13961 14104
2 12036 12706 13961
2 750 564 10481
2 1591 11282 749
2 13685 749 12989
2 13685 749 12989
2 14102 749 13685
2 11359 10529 1692
2 14102 11359 10892
2 749 14102 13022
2 749 13022 1591
2 1591 12036 11282
2 12036 12706 13961
2 2570 2091 12706
2 2090 9638 12231
2 14221 12930 2570
2 14221 8479 12757
2 12797 8479 2568
2 2090 9638 12231
2 9638 14102 995
2 11513 4564 995
2 12797 8479 2568
2 8479 12797 1087
2 1087 13126 3928
2 13126 14188 10589
2 13126 14188 10589
2 2184 10589 11798
2 2184 11798 14302
2 2196 12067 3721
2 10745 2723 3721
2 12575 14302 14326
2 14326 2398 12684
2 14357 10282 9788
2 14326 2398 12684
2 12684 1873 14325
2 11120 14325 1873
2 14324 10789 11120
2 14307 14324 1858
2 14304 1858 14323
2 13768 13913 14323
2 13958 887 13768
2 14360 14405 13958
2 14323 9148 1870
2 14381 14360 14356
2 9148 1858 1874
2 14356 14359 14381
2 1874 14324 6438
2 6438 14324 1868
2 1873 12115 1868
2 14356 14359 14381
2 3010 3011 14381
2 564 3010 13199
2 14383 14359 11034
2 564 3010 13199
2 750 564 10481
2 7087 11282 10481
2 3008 12989 7087
2 13199 11034 8732
2 11034 14359 12115
2 1873 14357 12115
2 14357 10282 9788
2 14382 3008 8732
2 3007 12989 3008
2 3007 2775 12989
2 2775 13932 11359
2 14385 10529 13932
2 14408 13975 3007
2 14408 3007 13595
2 13595 14382 9788
2 14357 10282 9788
2 14354 10282 2398
2 12890 14408 14380
2 14385 13975 12890
2 14385 10529 13932
2 11359 10529 1692
2 2299 1692 12319
2 2299 12319 559
2 10891 2299 559
2 10891 2299 559
2 11513 10892 2299
2 12769 2574 12727
2 27 2089 38
2 12769 2574 12727
2 12769 2574 12727
2 11513 2089 2574
2 11513 4564 995
2 12797 4564 14230
2 14230 12964 14188
2 2574 14229 12644
2 14229 12769 1082
2 12964 3927 14188
2 2196 3927 11430
2 12769 12870 1082
2 9 12870 4
2 11430 21 12067
2 33 12067 21
2 48 3721 33
2 48 10745 3721
2 10745 2723 3721
2 11613 14302 2723
2 10305 14326 11613
2 14354 2398 10305
2 14380 14354 8467
2 1470 8467 1457
2 14354 2397 11815
2 2397 10745 10991
2 10991 10745 57
2 57 42 69
2 1457 11815 14353
2 1470 8467 1457
2 14385 1470 11919
2 2911 10529 11919
2 559 2911 11567
2 559 11567 70
2 11919 1471 4045
2 1471 1457 12348
2 12348 14353 69
2 57 42 69
2 86 12348 79
2 80 1471 86
2 4045 80 70
2 70 63 559
2 559 63 43
2 43 38 2089
2 27 2089 38
2 18 12727 27
2 4 12769 18
2 9 12870 4
2 9 42 21
