1 455 15459 12130
1 15459 5382 12130
1 12130 5382 16574
1 12130 16574 4308
1 4308 16574 10702
1 5382 10702 16574
1 5382 1393 10702
1 5382 10702 16574
2 458 6209 10540
2 15914 458 10540
2 15914 10540 13718
2 471 13718 10540
2 10540 6123 471
2 6123 10540 6209
2 6123 10540 6209
3 506 6683 10400
3 14447 6683 506
3 10221 14447 506
4 477 15055 13070
4 13070 15055 6269
4 6620 13070 6269
4 6620 6269 13040
4 4476 6620 13040
4 6620 4476 13070
4 13070 4476 5440
4 6620 4476 13070
5 16585 12247 469
5 12247 16585 7407
5 7407 16585 10264
5 7407 10264 493
5 16585 6742 10264
6 3477 3469 3476
6 3476 11210 3477
6 3477 11210 14850
6 3469 15581 3476
6 11794 3469 3477
7 5159 6487 15122
7 15122 15159 5159
7 15122 6487 15162
7 15161 6487 5159
7 5159 14242 15161
7 6487 15161 15119
8 6734 4333 3442
8 13303 6734 3442
8 13303 3442 5679
8 13303 7519 6734
8 6734 7519 4333
8 13303 15060 7519
8 6734 7519 4333
9 6863 3484 5622
9 3484 14913 5622
9 3484 10801 14913
9 6863 13222 3484
10 14161 0 11608
10 7884 14161 11608
10 15430 7884 11608
10 3773 15430 11608
10 3773 3774 15430
10 15430 3774 14358
10 15430 14358 15579
10 3619 15430 15579
10 3619 15579 13657
10 3619 13657 3616
10 745 3619 3616
10 3617 745 3616
10 3616 3618 3617
10 6374 3617 3618
10 4038 6374 3618
10 3632 4038 3618
10 13657 3632 3618
10 3616 13657 3618
10 13657 6185 3632
10 4254 3632 6185
10 3607 4254 6185
10 6185 395 3607
10 6128 3607 395
10 5451 6128 395
10 5451 395 4814
10 15563 5451 4814
10 4814 14358 15563
10 3764 15563 14358
10 3764 14358 3774
10 3768 15563 3764
10 3768 7901 15563
10 5451 15563 7901
10 7901 4122 5451
10 5451 4122 15741
10 6128 5451 15741
10 3607 6128 15741
10 15741 6862 3607
10 13209 3607 6862
10 15781 13209 6862
10 15781 6862 4600
10 15781 4600 6647
10 3633 15781 6647
10 6647 16214 3633
10 16214 16213 3633
10 16213 11249 3633
10 3633 11249 13209
10 3633 13209 15781
10 13221 13209 11249
10 13221 11249 3631
10 3631 3632 13221
10 3632 4254 13221
10 3607 13221 4254
10 13209 13221 3607
10 3631 4038 3632
10 3932 4038 3631
10 12060 3932 3631
10 12060 3631 11249
10 12060 11249 16213
10 4301 12060 16213
10 6244 4301 16213
10 6244 16213 16214
10 12070 6244 16214
10 12070 16214 6031
10 12070 6031 3654
10 12070 3654 7279
10 3936 12070 7279
10 7279 15305 3936
10 15305 11752 3936
10 3936 11752 15437
10 3936 15437 10183
10 12067 3936 10183
10 15178 12067 10183
10 10183 3935 15178
10 15178 3935 5256
10 15178 5256 5174
10 5174 4301 15178
10 4301 12067 15178
10 12067 4301 6244
10 3936 12067 6244
10 3936 6244 12070
10 12060 4301 5174
10 5174 3932 12060
10 5256 3932 5174
10 5256 13870 3932
10 4038 3932 13870
10 13870 14567 4038
10 14567 6374 4038
10 14567 4024 6374
10 6374 4024 9434
10 3617 6374 9434
10 3745 3617 9434
10 4023 3617 3745
10 3617 4023 745
10 6463 745 4023
10 14161 6463 4023
10 14161 7884 6463
10 7884 745 6463
10 7884 3619 745
10 3619 7884 15430
10 7884 745 6463
10 14567 6518 4024
10 6518 11668 4024
10 4579 11668 6518
10 4579 6518 13870
10 4579 13870 5256
10 5256 14170 4579
10 4579 14170 3934
10 4025 4579 3934
10 6597 4025 3934
10 6256 6597 3934
10 6256 3934 5632
10 6256 5632 5066
10 6256 5066 6810
10 6810 5066 4027
10 5066 625 4027
10 4027 625 1739
10 1739 4028 4027
10 4028 1739 1230
10 4028 1230 6079
10 6079 9818 4028
10 6079 1951 9818
10 1951 4022 9818
10 3924 4022 1951
10 4030 3924 1951
10 4030 1951 6079
10 4030 6079 4473
10 4473 3941 4030
10 15199 4030 3941
10 3941 10340 15199
10 15103 15199 10340
10 10340 4445 15103
10 15683 15103 4445
10 15683 4445 3950
10 3950 3964 15683
10 4031 15683 3964
10 3964 5925 4031
10 5573 5925 3964
10 3949 5573 3964
10 3964 3950 3949
10 8617 3949 3950
10 3950 13302 8617
10 13302 3952 8617
10 8617 3952 11550
10 3949 8617 11550
10 3949 11550 4250
10 3949 4250 12708
10 3949 12708 5573
10 12708 1674 5573
10 1674 14945 5573
10 11669 5573 14945
10 14945 4032 11669
10 15031 4032 14945
10 14945 1482 15031
10 15031 1482 5070
10 5070 6248 15031
10 15031 6248 16357
10 15031 16357 4032
10 1914 6248 5070
10 1914 5070 11934
10 4033 1914 11934
10 4033 11934 15116
10 4033 15116 4034
10 4034 15116 7222
10 4034 7222 11670
10 11670 7222 3987
10 11670 3987 4035
10 3987 4003 4035
10 4003 4036 4035
10 11664 4036 4003
10 5278 11664 4003
10 11929 5278 4003
10 11929 4003 3987
10 3479 11929 3987
10 7222 3479 3987
10 7222 11008 3479
10 3479 11008 3989
10 3989 11929 3479
10 3989 3988 11929
10 3988 5278 11929
10 3988 15101 5278
10 15101 15351 5278
10 15351 11664 5278
10 15351 4037 11664
10 11664 4037 11667
10 11667 4036 11664
10 4037 15351 2412
10 4037 2412 14162
10 2412 6479 14162
10 14162 6479 378
10 378 6479 11609
10 11609 6479 4045
10 6479 14686 4045
10 14686 4046 4045
10 5093 4045 4046
10 4042 5093 4046
10 4046 11325 4042
10 11325 4043 4042
10 4005 4043 11325
10 11325 15155 4005
10 15155 5200 4005
10 4005 5200 9750
10 4005 9750 14152
10 5572 4005 14152
10 5572 14152 5565
10 4004 5572 5565
10 4004 5565 3925
10 4006 4004 3925
10 3925 4423 4006
10 4423 8075 4006
10 8075 4041 4006
10 4006 4041 15420
10 15420 4040 4006
10 4040 4004 4006
10 4004 4040 5572
10 4040 12039 5572
10 12039 4043 5572
10 5572 4043 4005
10 8075 4044 4041
10 4044 8075 15597
10 15597 10916 4044
10 14024 10916 15597
10 15597 14370 14024
10 14370 4007 14024
10 14024 4007 8844
10 14024 8844 957
10 4047 14024 957
10 4051 4047 957
10 4051 957 15105
10 13414 4051 15105
10 4009 13414 15105
10 4009 15105 8844
10 4009 8844 5142
10 4009 5142 9346
10 4009 9346 12313
10 13414 4009 12313
10 13414 12313 6324
10 3926 13414 6324
10 3926 6324 4012
10 4012 6062 3926
10 6062 4050 3926
10 3926 4050 13894
10 3926 13894 13414
10 13414 13894 4052
10 13414 4052 4051
10 6062 4048 4050
10 6062 9104 4048
10 9104 4053 4048
10 4053 9104 4014
10 4054 4053 4014
10 11605 4054 4014
10 4013 11605 4014
10 7208 4013 4014
10 7208 4014 9104
10 15393 7208 9104
10 4012 15393 9104
10 6062 4012 9104
10 15393 4012 4010
10 5341 15393 4010
10 5341 4010 8553
10 5341 8553 3998
10 5341 3998 4699
10 16663 5341 4699
10 16663 4699 11341
10 4002 16663 11341
10 11341 3999 4002
10 3999 4000 4002
10 4000 10715 4002
10 16663 4002 10715
10 16663 10715 4013
10 4013 7208 16663
10 5341 16663 7208
10 15393 5341 7208
10 6023 4013 10715
10 6023 10715 8569
10 6023 8569 5578
10 6023 5578 5271
10 5271 15651 6023
10 15651 4913 6023
10 4913 11605 6023
10 6023 11605 4013
10 4913 4049 11605
10 4049 4054 11605
10 3928 4049 4913
10 15651 3928 4913
10 4015 3928 15651
10 4015 15651 14595
10 14595 4597 4015
10 4597 12422 4015
10 4015 12422 12294
10 4015 12294 3928
10 4056 3928 12294
10 12294 4057 4056
10 4057 12294 14229
10 4058 4057 14229
10 4058 14229 16515
10 4058 16515 6428
10 4058 6428 9628
10 6428 379 9628
10 16268 379 6428
10 16054 16268 6428
10 16054 6428 16515
10 3738 16054 16515
10 3738 16515 3739
10 3739 13401 3738
10 13401 15329 3738
10 15329 3763 3738
10 3738 3763 6100
10 3738 6100 16054
10 6100 16268 16054
10 3762 3763 15329
10 3736 3762 15329
10 16607 3736 15329
10 13401 16607 15329
10 3737 16607 13401
10 6972 3737 13401
10 6972 13401 3739
10 6972 3739 12422
10 4597 6972 12422
10 14595 6972 4597
10 14595 3731 6972
10 10218 6972 3731
10 10218 3731 5618
10 10218 5618 5196
10 10218 5196 10936
10 10218 10936 15802
10 3737 10218 15802
10 3737 15802 12285
10 12285 16607 3737
10 12285 3736 16607
10 3735 3736 12285
10 3734 3735 12285
10 15802 3734 12285
10 15802 10936 3734
10 3734 10936 15440
10 3734 15440 11237
10 3734 11237 3735
10 11237 13277 3735
10 13277 3761 3735
10 14858 3735 3761
10 3735 14858 3736
10 14858 3762 3736
10 3760 3761 13277
10 6373 3760 13277
10 3729 6373 13277
10 11237 3729 13277
10 11237 12141 3729
10 15450 3729 12141
10 12141 5374 15450
10 15450 5374 13771
10 3728 15450 13771
10 13771 7944 3728
10 7944 16027 3728
10 16027 3759 3728
10 14861 3728 3759
10 14861 15746 3728
10 3728 15746 3729
10 3728 3729 15450
10 15746 6373 3729
10 15746 3760 6373
10 14861 3760 15746
10 14861 3760 15746
10 3759 16027 3758
10 16027 3722 3758
10 14859 3758 3722
10 3721 14859 3722
10 3720 3721 3722
10 3722 7944 3720
10 7264 3720 7944
10 4667 7264 7944
10 4667 7944 13771
10 4667 13771 5374
10 5374 11588 4667
10 4667 11588 13772
10 13772 7264 4667
10 12692 7264 13772
10 3719 12692 13772
10 13772 9739 3719
10 3290 3719 9739
10 5702 3290 9739
10 5702 9739 15867
10 7071 5702 15867
10 7071 15867 4111
10 7071 4111 3725
10 3723 7071 3725
10 3725 12085 3723
10 10535 3723 12085
10 12085 5872 10535
10 2242 10535 5872
10 16072 2242 5872
10 16072 5872 5493
10 13409 16072 5493
10 4555 13409 5493
10 4555 5493 12160
10 4555 12160 13410
10 4555 13410 6302
10 4555 6302 13408
10 13409 4555 13408
10 7150 13409 13408
10 3985 7150 13408
10 13408 6302 3985
10 3985 6302 4822
10 3985 4822 14403
10 3985 14403 3986
10 3986 11981 3985
10 7150 3985 11981
10 7150 11981 8369
10 8558 7150 8369
10 8369 5620 8558
10 16072 8558 5620
10 16072 5620 2242
10 2242 5620 10535
10 5620 9812 10535
10 10535 9812 3723
10 9812 16217 3723
10 16217 10716 3723
10 3723 10716 7071
10 7071 10716 5008
10 5008 5702 7071
10 5008 11005 5702
10 5702 11005 3290
10 11005 3719 3290
10 15230 3719 11005
10 15230 11005 13996
10 15230 13996 5205
10 8028 15230 5205
10 3710 8028 5205
10 3710 5205 10802
10 10802 8535 3710
10 8535 4392 3710
10 15556 3710 4392
10 4526 15556 4392
10 4526 4392 13240
10 4526 13240 7325
10 4526 7325 12222
10 12222 6101 4526
10 4526 6101 15557
10 15557 15556 4526
10 15557 12692 15556
10 12692 8028 15556
10 15556 8028 3710
10 12692 3719 8028
10 8028 3719 15230
10 7264 12692 15557
10 3720 7264 15557
10 3720 15557 6101
10 3721 3720 6101
10 3721 6101 16030
10 3721 16030 3757
10 14859 3721 3757
10 16030 14509 3757
10 16030 3756 14509
10 3714 3756 16030
10 12222 3714 16030
10 12222 16030 6101
10 12222 3712 3714
10 3712 4773 3714
10 4773 3756 3714
10 4773 3755 3756
10 4773 3692 3755
10 14763 3755 3692
10 14763 3692 3746
10 3693 3746 3692
10 3692 10808 3693
10 3693 10808 3691
10 3691 4459 3693
10 3693 4459 7967
10 7967 3746 3693
10 7967 3754 3746
10 3754 7967 12942
10 3753 3754 12942
10 3753 12942 2732
10 4672 3753 2732
10 4672 2732 3677
10 3676 4672 3677
10 14751 3676 3677
10 7870 14751 3677
10 7870 3677 4447
10 12944 7870 4447
10 4447 8292 12944
10 12944 8292 15464
10 12944 15464 3744
10 3744 12538 12944
10 12944 12538 7870
10 7870 12538 14751
10 12538 4926 14751
10 4926 13021 14751
10 13021 3676 14751
10 16029 3676 13021
10 16029 13021 3664
10 3751 16029 3664
10 3751 3664 14860
10 3664 3663 14860
10 14860 3663 3750
10 16028 3750 3663
10 10717 16028 3663
10 3662 10717 3663
10 3664 3662 3663
10 3662 3664 1168
10 3662 1168 8295
10 12030 3662 8295
10 12030 8295 16575
10 12030 16575 3742
10 3742 11218 12030
10 12030 11218 5848
10 12030 5848 16039
10 12030 16039 3662
10 16039 10717 3662
10 16529 10717 16039
10 5848 16529 16039
10 6476 16529 5848
10 16038 6476 5848
10 11218 16038 5848
10 3741 16038 11218
10 3741 11218 14910
10 3741 14910 3649
10 3741 3649 3740
10 3740 16528 3741
10 16528 16038 3741
10 16528 6476 16038
10 6861 6476 16528
10 3740 6861 16528
10 6861 3740 3653
10 3651 6861 3653
10 11757 3651 3653
10 11757 3653 13749
10 3628 11757 13749
10 3628 13749 3609
10 3628 3609 6649
10 3628 6649 7603
10 7603 14157 3628
10 3628 14157 11757
10 14157 4115 11757
10 11757 4115 3651
10 3651 4115 1159
10 3651 1159 3652
10 3651 3652 6861
10 6861 3652 6476
10 6476 3652 16529
10 16529 3652 10717
10 10717 3652 16028
10 4711 16028 3652
10 4711 3652 1159
10 3749 4711 1159
10 3749 1159 14857
10 4115 14857 1159
10 4115 3748 14857
10 14157 3748 4115
10 3162 3748 14157
10 3747 3162 14157
10 3747 14157 7603
10 9513 3747 7603
10 7603 6649 9513
10 9513 6649 1041
10 1 9513 1041
10 1 1041 10956
10 1041 6649 10956
10 10956 6649 2346
10 2346 3769 10956
10 2346 1081 3769
10 1081 3780 3769
10 1081 1828 3780
10 1828 3627 3780
10 3779 3780 3627
10 3627 3770 3779
10 3627 15232 3770
10 5212 3770 15232
10 15232 5481 5212
10 5481 15605 5212
10 12567 5212 15605
10 12567 15605 6118
10 12567 6118 7086
10 12567 7086 3778
10 3771 12567 3778
10 3771 5212 12567
10 3771 3770 5212
10 7086 9133 3778
10 9133 14502 3778
10 14756 14502 9133
10 4927 14756 9133
10 4927 9133 3623
10 14755 4927 3623
10 14755 3623 14322
10 3648 14755 14322
10 7026 3648 14322
10 7026 14322 12106
10 4306 7026 12106
10 13477 4306 12106
10 12106 5481 13477
10 2211 13477 5481
10 15232 2211 5481
10 2211 15232 1602
10 13413 2211 1602
10 1602 7137 13413
10 10870 13413 7137
10 14392 10870 7137
10 7137 13749 14392
10 14392 13749 3653
10 14392 3653 3740
10 14392 3740 7779
10 14392 7779 10870
10 7779 5358 10870
10 5692 10870 5358
10 5692 5358 12104
10 5692 12104 4306
10 13477 5692 4306
10 13477 10870 5692
10 13413 10870 13477
10 13413 13477 2211
10 12104 7618 4306
10 7026 4306 7618
10 7618 1741 7026
10 7026 1741 3648
10 6133 3648 1741
10 6133 1741 2182
10 6133 2182 15734
10 6133 15734 15255
10 3644 6133 15255
10 15423 3644 15255
10 12926 15423 15255
10 12926 15255 3645
10 3645 15130 12926
10 12926 15130 5449
10 5449 5359 12926
10 12926 5359 15423
10 5359 9974 15423
10 15423 9974 3644
10 9974 8058 3644
10 3644 8058 11731
10 11731 13281 3644
10 13281 6133 3644
10 13281 3648 6133
10 14755 3648 13281
10 13281 11731 14755
10 11731 4927 14755
10 11731 5264 4927
10 5264 14756 4927
10 5264 11100 14756
10 14756 11100 3777
10 14756 3777 14502
10 3777 11100 3772
10 11100 15317 3772
10 8505 3772 15317
10 8505 15317 7932
10 7932 3767 8505
10 15640 3767 7932
10 7932 3605 15640
10 3605 14853 15640
10 14853 3776 15640
10 3776 3767 15640
10 14853 3606 3776
10 3606 13978 3776
10 15138 13978 3606
10 15138 3606 3620
10 3608 15138 3620
10 15225 3608 3620
10 3620 3621 15225
10 5202 15225 3621
10 3621 15226 5202
10 5202 15226 14999
10 14999 5584 5202
10 15225 5202 5584
10 6596 15225 5584
10 13711 6596 5584
10 13711 5584 15761
10 11301 13711 15761
10 11301 15761 3639
10 11301 3639 3636
10 11301 3636 3635
10 11301 3635 3637
10 13711 11301 3637
10 13247 13711 3637
10 5482 13247 3637
10 15610 5482 3637
10 3637 3635 15610
10 15610 3635 3634
10 15610 3634 4600
10 15610 4600 7902
10 5482 15610 7902
10 7902 14947 5482
10 5482 14947 10814
10 5482 10814 13247
10 13247 10814 4949
10 6596 13247 4949
10 4949 13385 6596
10 13385 3608 6596
10 3608 15225 6596
10 8085 3608 13385
10 8085 13385 4949
10 1710 8085 4949
10 14693 1710 4949
10 10814 14693 4949
10 10814 5007 14693
10 14693 5007 8177
10 14693 8177 3765
10 14693 3765 1710
10 1710 3765 3766
10 1710 3766 8085
10 3766 15648 8085
10 8085 15648 3608
10 3608 15648 15138
10 15648 3775 15138
10 15138 3775 13978
10 5007 3768 8177
10 5007 7901 3768
10 15609 7901 5007
10 10814 15609 5007
10 4122 15609 10814
10 14947 4122 10814
10 7902 4122 14947
10 15741 4122 7902
10 15741 7902 6862
10 4600 6862 7902
10 4122 7901 15609
10 4122 7901 15609
10 10814 15609 5007
10 14693 3765 1710
10 1710 3766 8085
10 8085 15648 3608
10 8085 13385 4949
10 13247 6596 13711
10 10814 14693 4949
10 14947 4122 10814
10 7902 4122 14947
10 4600 6862 7902
10 6647 4600 3634
10 6647 3634 16571
10 16571 10690 6647
10 10690 6031 6647
10 6647 6031 16214
10 10690 3654 6031
10 3654 10690 15944
10 15944 3656 3654
10 3656 15304 3654
10 3654 15304 7279
10 15304 15305 7279
10 15304 5268 15305
10 5268 15306 15305
10 15305 15306 11752
10 15306 3939 11752
10 11752 3939 16254
10 11752 16254 5367
10 15437 11752 5367
10 15437 5367 10183
10 4780 10183 5367
10 7722 4780 5367
10 5367 15435 7722
10 4039 7722 15435
10 4039 15435 3937
10 4039 3937 522
10 4039 522 1230
10 4039 1230 1739
10 1739 625 4039
10 7722 4039 625
10 7722 625 3292
10 3935 7722 3292
10 3292 14170 3935
10 3935 14170 5256
10 3292 5632 14170
10 5632 3934 14170
10 3292 625 5632
10 5632 625 5066
10 4780 7722 3935
10 10183 4780 3935
10 3292 625 5632
10 1230 522 4473
10 4473 6079 1230
10 522 9288 4473
10 9288 3941 4473
10 1173 3941 9288
10 1173 9288 4956
10 3944 1173 4956
10 3944 4956 4935
10 2912 3944 4935
10 4935 5538 2912
10 5538 15427 2912
10 2912 15427 3942
10 3942 7697 2912
10 7697 3944 2912
10 3944 7697 5155
10 3944 5155 6499
10 6499 1173 3944
10 6499 3941 1173
10 6499 10340 3941
10 6499 13302 10340
10 13302 4445 10340
10 4445 13302 3950
10 13302 6499 2969
10 3952 13302 2969
10 12771 3952 2969
10 2969 5155 12771
10 7697 12771 5155
10 7697 12669 12771
10 12669 4880 12771
10 4880 3952 12771
10 15714 3952 4880
10 3953 15714 4880
10 12669 3953 4880
10 16590 3953 12669
10 12544 16590 12669
10 12544 12669 3942
10 15427 12544 3942
10 15427 11984 12544
10 11984 3945 12544
10 12544 3945 891
10 891 16590 12544
10 16554 16590 891
10 891 11524 16554
10 3956 16554 11524
10 11524 14605 3956
10 14605 15308 3956
10 3956 15308 8487
10 3954 3956 8487
10 7227 3954 8487
10 6280 7227 8487
10 6280 8487 3968
10 15268 6280 3968
10 15268 3968 15901
10 8331 15268 15901
10 15901 6797 8331
10 8331 6797 3969
10 3969 15268 8331
10 15268 3969 3967
10 12073 15268 3967
10 11252 12073 3967
10 11252 3967 16216
10 16216 12062 11252
10 12062 3966 11252
10 3966 12073 11252
10 3966 6041 12073
10 6041 6280 12073
10 12073 6280 15268
10 6041 10481 6280
10 10481 7227 6280
10 10481 3954 7227
10 10481 3953 3954
10 3954 3953 16554
10 16554 3956 3954
10 16554 3953 16590
10 15714 3953 10481
10 15714 10481 5548
10 5548 11550 15714
10 15714 11550 3952
10 5548 4250 11550
10 15365 4250 5548
10 6011 15365 5548
10 5548 6041 6011
10 6011 6041 3966
10 3966 15365 6011
10 15365 3966 2894
10 15365 2894 11248
10 15365 11248 11551
10 15365 11551 4250
10 12708 4250 11551
10 1674 12708 11551
10 3963 1674 11551
10 3963 11551 11248
10 3214 3963 11248
10 6032 3214 11248
10 12062 6032 11248
10 12062 11248 2894
10 12062 2894 3966
10 12062 6246 6032
10 4919 6032 6246
10 3979 4919 6246
10 4715 3979 6246
10 4302 4715 6246
10 12062 4302 6246
10 12062 16216 4302
10 16216 6255 4302
10 6255 12065 4302
10 12065 4715 4302
10 11254 4715 12065
10 3980 11254 12065
10 3980 12065 3981
10 3981 3982 3980
10 3982 10607 3980
10 16532 3980 10607
10 16532 10607 13110
10 13110 4685 16532
10 16532 4685 15497
10 3111 16532 15497
10 6301 3111 15497
10 6301 15497 3990
10 6301 3990 10662
10 6301 10662 6036
10 5157 6301 6036
10 11251 5157 6036
10 11251 6036 3976
10 3976 4274 11251
10 11251 4274 6254
10 4919 11251 6254
10 4919 6254 6032
10 6254 3214 6032
10 6254 12871 3214
10 3214 12871 3963
10 1482 3963 12871
10 5070 1482 12871
10 5070 12871 11934
10 11934 12871 3978
10 15116 11934 3978
10 3977 15116 3978
10 3977 3978 3976
10 3976 11008 3977
10 7222 3977 11008
10 15116 3977 7222
10 6036 11008 3976
10 6036 5379 11008
10 3989 11008 5379
10 7409 3989 5379
10 10662 7409 5379
10 10662 5379 6036
10 7409 10662 3990
10 3990 3991 7409
10 7409 3991 10889
10 3988 7409 10889
10 15101 3988 10889
10 15101 10889 5158
10 15101 5158 7891
10 15101 7891 15351
10 15351 7891 6479
10 2412 15351 6479
10 6479 7891 14686
10 14686 7891 5158
10 5158 15155 14686
10 15155 4046 14686
10 4046 15155 11325
10 15155 5158 5200
10 5158 10889 5200
10 10889 9750 5200
10 10889 3991 9750
10 9750 3991 12484
10 9750 12484 14152
10 14152 12484 4760
10 5565 14152 4760
10 5565 4760 14151
10 3925 5565 14151
10 3925 14151 13231
10 3925 13231 15607
10 3925 15607 4423
10 8075 4423 15607
10 8075 15607 6326
10 15597 8075 6326
10 15597 6326 14370
10 6326 4816 14370
10 14370 4816 13482
10 7293 14370 13482
10 7293 13482 3994
10 7293 3994 9122
10 7293 9122 4007
10 4007 14370 7293
10 15136 4007 9122
10 15136 9122 13999
10 5142 15136 13999
10 6900 5142 13999
10 4811 6900 13999
10 4811 13999 3996
10 3996 14402 4811
10 4811 14402 5591
10 4811 5591 6900
10 6900 5591 15768
10 15133 6900 15768
10 3997 15133 15768
10 15768 16396 3997
10 13410 3997 16396
10 13410 16396 6302
10 6302 16396 4822
10 5591 4822 16396
10 5591 16396 15768
10 14347 4822 5591
10 14402 14347 5591
10 4494 14347 14402
10 4494 14402 13107
10 4494 13107 7488
10 4494 7488 3984
10 4494 3984 6739
10 13108 4494 6739
10 13108 6739 3986
10 13108 3986 14403
10 13108 14403 14347
10 13108 14347 4494
10 14347 14403 4822
10 3986 6739 5688
10 5688 5881 3986
10 1827 3986 5881
10 5683 1827 5881
10 5683 5881 16087
10 3973 5683 16087
10 3973 16087 4106
10 3973 4106 15493
10 11122 3973 15493
10 11122 15493 5406
10 3694 11122 5406
10 3694 5406 3695
10 10552 3694 3695
10 3698 10552 3695
10 7643 3698 3695
10 3695 15492 7643
10 7643 15492 3696
10 3696 6770 7643
10 6770 3698 7643
10 6770 16535 3698
10 14276 3698 16535
10 16535 3684 14276
10 3683 14276 3684
10 3682 3683 3684
10 3682 3684 16215
10 16215 861 3682
10 7957 3682 861
10 3671 7957 861
10 3671 861 8447
10 8447 13880 3671
10 13880 5714 3671
10 5714 5091 3671
10 7957 3671 5091
10 5091 3918 7957
10 7957 3918 3682
10 3683 3682 3918
10 3683 3918 8669
10 8669 6474 3683
10 3683 6474 13332
10 3683 13332 14276
10 3697 14276 13332
10 7098 3697 13332
10 13332 6474 7098
10 7098 6474 15923
10 13573 7098 15923
10 3704 13573 15923
10 3704 15923 9606
10 3704 9606 3706
10 3704 3706 3703
10 3702 3704 3703
10 3702 3703 8535
10 10802 3702 8535
10 10802 15229 3702
10 15229 4647 3702
10 3702 4647 13720
10 3702 13720 3704
10 3704 13720 13573
10 13720 4899 13573
10 13573 4899 3699
10 3699 7098 13573
10 7098 3699 3697
10 3697 3699 15236
10 3697 15236 10552
10 3698 3697 10552
10 3697 3698 14276
10 10552 15236 3694
10 15236 9631 3694
10 11122 3694 9631
10 15611 11122 9631
10 15611 9631 3717
10 15611 3717 9160
10 3973 15611 9160
10 9160 14197 3973
10 5683 3973 14197
10 5683 14197 3972
10 1827 5683 3972
10 1827 3972 11981
10 3986 1827 11981
10 8369 11981 3972
10 3972 13995 8369
10 6210 8369 13995
10 6210 13995 3974
10 6034 6210 3974
10 3974 16227 6034
10 16227 6046 6034
10 6046 12522 6034
10 6034 12522 16217
10 9812 6034 16217
10 6034 9812 6210
10 5620 6210 9812
10 5620 8369 6210
10 16217 12522 10716
10 12522 3718 10716
10 10716 3718 5008
10 3718 11005 5008
10 11005 3718 13996
10 13996 3718 6279
10 5205 13996 6279
10 5205 6279 15229
10 10802 5205 15229
10 15229 6279 4647
10 6279 13721 4647
10 13721 7117 4647
10 7117 6927 4647
10 4647 6927 13720
10 6927 4899 13720
10 7117 4899 6927
10 4899 7117 14669
10 4899 14669 7986
10 7986 3699 4899
10 15236 3699 7986
10 15236 7986 9631
10 3717 9631 7986
10 3717 7986 14669
10 3717 14669 3975
10 9160 3717 3975
10 3974 9160 3975
10 3975 16227 3974
10 14669 16227 3975
10 7117 16227 14669
10 6046 16227 7117
10 13721 6046 7117
10 3718 6046 13721
10 6279 3718 13721
10 6046 3718 12522
10 3974 13995 9160
10 13995 14197 9160
10 13995 3972 14197
10 14669 16227 3975
10 3717 7986 14669
10 7117 16227 14669
10 7117 4899 6927
10 13721 6046 7117
10 6279 3718 13721
10 6279 3718 13721
10 6046 3718 12522
10 6046 3718 12522
10 6046 16227 7117
10 3975 16227 3974
10 6034 9812 6210
10 3974 13995 9160
10 5620 8369 6210
10 13995 3972 14197
10 13995 3972 14197
10 13995 14197 9160
10 15611 3973 11122
10 9160 3717 3975
10 3717 9631 7986
10 15611 3973 11122
10 15236 7986 9631
10 15236 3699 7986
10 7986 3699 4899
10 6927 4899 13720
10 4647 6927 13720
10 15229 6279 4647
10 10802 5205 15229
10 13750 8535 3703
10 3703 3706 13750
10 3706 6028 13750
10 13750 6028 6010
10 13750 6010 3709
10 8535 13750 3709
10 8535 3709 4392
10 13240 4392 3709
10 15924 13240 3709
10 6010 15924 3709
10 15924 6010 12872
10 15924 12872 3061
10 15924 3061 6415
10 15924 6415 13808
10 15924 13808 13240
10 7325 13240 13808
10 12222 7325 13808
10 13808 3715 12222
10 3715 3712 12222
10 3715 10808 3712
10 3692 3712 10808
10 3712 3692 4773
10 3715 6415 10808
10 10808 6415 3691
10 6415 15323 3691
10 3691 15323 8292
10 3691 8292 4459
10 4459 8292 4447
10 12942 4459 4447
10 3677 12942 4447
10 3677 2732 12942
10 7967 4459 12942
10 15323 3612 8292
10 8292 3612 15464
10 15464 3612 12447
10 15464 12447 3744
10 1155 3744 12447
10 1155 12447 5324
10 1155 5324 11580
10 1155 11580 1392
10 1155 1392 3744
10 3744 1392 3675
10 3675 12538 3744
10 3675 6116 12538
10 12538 6116 4926
10 4926 6116 16333
10 16333 16575 4926
10 4926 16575 13021
10 16575 1168 13021
10 1168 3664 13021
10 8295 1168 16575
10 16333 3742 16575
10 3661 3742 16333
10 16333 11745 3661
10 6383 3661 11745
10 11745 9100 6383
10 9100 6382 6383
10 6383 6382 4107
10 12152 6383 4107
10 4311 12152 4107
10 6381 4311 4107
10 4107 4133 6381
10 6381 4133 8430
10 8430 12153 6381
10 12153 4311 6381
10 12153 14911 4311
10 4311 14911 6745
10 4311 6745 4992
10 4311 4992 12152
10 12152 4992 5672
10 5672 3742 12152
10 3661 12152 3742
10 12152 3661 6383
10 5672 11218 3742
10 4992 11218 5672
10 4992 14910 11218
10 7898 14910 4992
10 6745 7898 4992
10 14911 7898 6745
10 14911 5854 7898
10 5854 16044 7898
10 16044 3649 7898
10 7898 3649 14910
10 3649 16044 12104
10 5358 3649 12104
10 3740 3649 5358
10 3740 5358 7779
10 16044 5854 12104
10 5854 7618 12104
10 5854 3646 7618
10 7618 3646 1741
10 3646 2182 1741
10 3646 4249 2182
10 2182 4249 15734
10 15734 4249 2411
10 15734 2411 3645
10 15255 15734 3645
10 2411 11416 3645
10 3645 11416 15130
10 12100 15130 11416
10 3660 12100 11416
10 5077 3660 11416
10 2411 5077 11416
10 4249 5077 2411
10 1854 5077 4249
10 8430 1854 4249
10 3646 8430 4249
10 3646 12153 8430
10 3646 5854 12153
10 12153 5854 14911
10 8430 4133 1854
10 1854 4133 12206
10 4615 1854 12206
10 12206 3659 4615
10 3659 3660 4615
10 4615 3660 5077
10 5077 1854 4615
10 3659 11117 3660
10 11117 15707 3660
10 3660 15707 12100
10 15707 5546 12100
10 12100 5546 5140
10 12100 5140 15130
10 15130 5140 10283
10 5449 15130 10283
10 10283 15422 5449
10 15422 5359 5449
10 15422 4867 5359
10 9974 5359 4867
10 4867 6330 9974
10 9974 6330 8058
10 6330 3610 8058
10 3610 5264 8058
10 8058 5264 11731
10 5264 3610 11100
10 11100 3610 15317
10 2861 15317 3610
10 2861 3610 12323
10 7932 2861 12323
10 7932 12323 3605
10 12323 3622 3605
10 2545 3605 3622
10 2545 3622 13263
10 5184 2545 13263
10 5184 13263 3621
10 3620 5184 3621
10 3620 3606 5184
10 3606 14853 5184
10 14853 2545 5184
10 14853 3605 2545
10 6371 3621 13263
10 11756 6371 13263
10 3622 11756 13263
10 4867 11756 3622
10 11215 4867 3622
10 11215 3622 12323
10 3610 11215 12323
10 11215 3610 6330
10 4867 11215 6330
10 4867 11215 6330
10 11756 4867 15422
10 15422 3642 11756
10 11756 3642 7923
10 11756 7923 6371
10 3641 6371 7923
10 3641 7923 11685
10 3640 3641 11685
10 11685 4915 3640
10 4915 5825 3640
10 3640 5825 5275
10 3640 5275 16058
10 3640 16058 3641
10 16058 15226 3641
10 3641 15226 6371
10 15226 3621 6371
10 15226 16058 14999
10 14999 16058 3639
10 15761 14999 3639
10 5584 14999 15761
10 16058 14027 3639
10 3639 14027 3636
10 14027 14771 3636
10 3636 14771 11751
10 3636 11751 5014
10 3636 5014 16571
10 3636 16571 3635
10 3634 3635 16571
10 16571 5014 10690
10 5014 11751 10690
10 11751 15944 10690
10 11751 15238 15944
10 15238 2911 15944
10 2911 3655 15944
10 3655 3656 15944
10 15703 3656 3655
10 15703 3655 5613
10 15703 5613 6417
10 15703 6417 5544
10 5544 15304 15703
10 15304 3656 15703
10 5544 5268 15304
10 8071 5268 5544
10 15596 8071 5544
10 15596 5544 6417
10 15596 6417 7467
10 15596 7467 3665
10 3940 15596 3665
10 3940 3665 9175
10 16238 3940 9175
10 9175 3824 16238
10 3824 11984 16238
10 16238 11984 4289
10 16237 16238 4289
10 16237 4289 6058
10 16237 6058 8071
10 3940 16237 8071
10 3940 8071 15596
10 16237 3940 16238
10 8071 6058 5268
10 6058 15306 5268
10 6058 11985 15306
10 11985 3939 15306
10 3939 11985 12510
10 12510 10091 3939
10 16254 3939 10091
10 5367 16254 10091
10 10091 15435 5367
10 3937 15435 10091
10 3937 10091 14778
10 3937 14778 522
10 14778 9288 522
10 4956 9288 14778
10 4935 4956 14778
10 14778 12510 4935
10 4935 12510 5538
10 12510 11985 5538
10 11985 4289 5538
10 5538 4289 15427
10 4289 11984 15427
10 6058 4289 11985
10 14778 10091 12510
10 14778 10091 12510
10 14778 10091 12510
10 12510 11985 5538
10 6058 4289 11985
10 6058 4289 11985
10 16237 3940 16238
10 4289 11984 15427
10 3824 3945 11984
10 3945 3824 13305
10 3945 13305 2753
10 891 3945 2753
10 891 2753 11524
10 6559 11524 2753
10 2753 9807 6559
10 9807 1807 6559
10 6559 1807 3959
10 6559 3959 14605
10 11524 6559 14605
10 3959 5616 14605
10 5616 15308 14605
10 5616 5270 15308
10 15308 5270 8270
10 8487 15308 8270
10 8270 3968 8487
10 15901 3968 8270
10 8270 5270 15901
10 5270 12610 15901
10 15901 12610 6797
10 12610 10232 6797
10 10232 5447 6797
10 6797 5447 15554
10 6797 15554 3969
10 6350 3969 15554
10 6350 15554 5447
10 10010 6350 5447
10 10010 5447 6508
10 2002 10010 6508
10 6025 2002 6508
10 16539 6025 6508
10 7284 16539 6508
10 7284 6508 3983
10 3984 7284 3983
10 3984 3983 12701
10 6739 3984 12701
10 6739 12701 5688
10 12701 3526 5688
10 5688 3526 5265
10 5265 4675 5688
10 5881 5688 4675
10 11169 5881 4675
10 5265 11169 4675
10 10027 11169 5265
10 5758 10027 5265
10 3971 5758 5265
10 5265 3526 3971
10 3526 6247 3971
10 3971 6247 10232
10 3971 10232 3970
10 3970 11170 3971
10 5758 3971 11170
10 10027 5758 11170
10 11170 4235 10027
10 10027 4235 15855
10 10027 15855 4106
10 10027 4106 11169
10 11169 4106 16087
10 11169 16087 5881
10 5880 4106 15855
10 5880 15855 4235
10 5880 4235 11168
10 11168 15492 5880
10 5406 5880 15492
10 3695 5406 15492
10 15493 5880 5406
10 15493 4106 5880
10 15492 11168 12502
10 15492 12502 3696
10 3696 12502 6575
10 3696 6575 1499
10 1499 6770 3696
10 3681 6770 1499
10 1499 6575 3681
10 12822 3681 6575
10 6575 3782 12822
10 12822 3782 3679
10 3679 3680 12822
10 3680 5921 12822
10 12822 5921 1008
10 12822 1008 3681
10 1008 6174 3681
10 12761 3681 6174
10 12761 6174 9021
10 12761 9021 16215
10 3684 12761 16215
10 12761 3684 16535
10 12761 16535 6770
10 3681 12761 6770
10 16215 9021 6033
10 861 16215 6033
10 8447 861 6033
10 8447 6033 3669
10 3669 11118 8447
10 8447 11118 13880
10 11118 4478 13880
10 4478 5844 13880
10 5714 13880 5844
10 10500 5714 5844
10 10500 5844 6035
10 5490 10500 6035
10 8431 5490 6035
10 5365 8431 6035
10 5365 6035 12206
10 4133 5365 12206
10 5519 5365 4133
10 4107 5519 4133
10 4107 6382 5519
10 6382 8431 5519
10 5519 8431 5365
10 6382 3743 8431
10 3743 3672 8431
10 8431 3672 5490
10 3672 10500 5490
10 3672 8580 10500
10 10500 8580 5714
10 8580 9787 5714
10 5714 9787 5091
10 5754 5091 9787
10 5754 9787 3674
10 15537 5754 3674
10 8730 15537 3674
10 3673 8730 3674
10 3674 3672 3673
10 3672 6699 3673
10 6699 11580 3673
10 8730 3673 11580
10 8730 11580 5324
10 16240 8730 5324
10 16240 5324 13383
10 3687 16240 13383
10 13383 4297 3687
10 9606 3687 4297
10 3706 9606 4297
10 3706 4297 6028
10 13383 6028 4297
10 13383 12872 6028
10 6028 12872 6010
10 12872 13383 3689
10 12872 3689 3061
10 3061 3689 15323
10 6415 3061 15323
10 3612 15323 3689
10 3689 12447 3612
10 3689 5324 12447
10 13383 5324 3689
10 13383 5324 3689
10 3687 9606 3685
10 3687 3685 8730
10 3687 8730 16240
10 8730 3685 15537
10 3685 5754 15537
10 3686 5754 3685
10 3686 3685 9606
10 15923 3686 9606
10 6474 3686 15923
10 3686 6474 8669
10 8669 5754 3686
10 3918 5754 8669
10 3918 5091 5754
10 8669 5754 3686
10 3686 3685 9606
10 13383 6028 4297
10 3687 8730 16240
10 13383 5324 3689
10 3687 8730 16240
10 11580 6699 6436
10 11580 6436 3675
10 1392 11580 3675
10 3675 6436 9100
10 3675 9100 11745
10 3675 11745 6116
10 11745 16333 6116
10 6436 6699 9100
10 9100 6699 6382
10 6699 3743 6382
10 6699 3672 3743
10 6436 6699 9100
10 6699 3672 3743
10 3672 3674 8580
10 8580 3674 9787
10 8730 3673 11580
10 8730 3685 15537
10 3685 5754 15537
10 8580 3674 9787
10 3918 5091 5754
10 8580 3674 9787
10 3672 3674 8580
10 6699 3672 3743
10 6699 3743 6382
10 5519 8431 5365
10 12206 6035 3659
10 6035 16035 3659
10 13050 3659 16035
10 13050 16035 5844
10 5844 4478 13050
10 13050 4478 4233
10 13050 4233 11117
10 3659 13050 11117
10 4233 14452 11117
10 14452 15707 11117
10 14452 5546 15707
10 14452 7212 5546
10 7212 15706 5546
10 5546 15706 15131
10 5546 15131 5140
10 5140 15131 10283
10 15131 6245 10283
10 10283 6245 6595
10 10283 6595 3642
10 10283 3642 15422
10 3642 6595 11685
10 11685 7923 3642
10 6595 4915 11685
10 4915 6595 6245
10 4915 6245 15340
10 14732 4915 15340
10 14732 15340 12998
10 3657 14732 12998
10 12998 13696 3657
10 13696 7058 3657
10 7058 16507 3657
10 16507 14772 3657
10 14772 5825 3657
10 14732 3657 5825
10 4915 14732 5825
10 5825 14772 5275
10 5275 14772 4932
10 14027 5275 4932
10 14027 4932 14771
10 14771 4932 15238
10 11751 14771 15238
10 4932 6500 15238
10 15238 6500 2911
10 6500 6376 2911
10 2911 6376 3655
10 14998 3655 6376
10 6376 4217 14998
10 6417 14998 4217
10 4217 10812 6417
10 6417 10812 7467
10 7467 10812 3665
10 3665 10812 6869
10 6098 3665 6869
10 6098 6869 5625
10 6098 5625 10774
10 10774 3678 6098
10 6098 3678 1998
10 13305 6098 1998
10 13305 1998 9807
10 2753 13305 9807
10 9807 1998 3946
10 9807 3946 1807
10 1807 3946 13670
10 1807 13670 3959
10 3959 13670 3958
10 3959 3958 1231
10 5616 3959 1231
10 1231 12530 5616
10 5270 5616 12530
10 12530 15307 5270
10 5270 15307 12610
10 15307 3970 12610
10 12610 3970 10232
10 11816 3970 15307
10 11816 15307 12530
10 3960 11816 12530
10 12530 1231 3960
10 1231 3958 3960
10 4836 3960 3958
10 798 4836 3958
10 798 3958 13670
10 3782 798 13670
10 3782 13670 6004
10 3782 6004 3679
10 3946 3679 6004
10 3946 6004 13670
10 3678 3679 3946
10 1998 3678 3946
10 3680 3679 3678
10 3678 10774 3680
10 4738 3680 10774
10 2698 4738 10774
10 2698 10774 3668
10 11764 2698 3668
10 3668 11238 11764
10 15986 11764 11238
10 15986 11238 6345
10 6345 3669 15986
10 3669 5627 15986
10 5627 9021 15986
10 3705 15986 9021
10 3705 9021 7941
10 3705 7941 5921
10 11764 3705 5921
10 11764 5921 2698
10 4738 2698 5921
10 5921 3680 4738
10 11764 15986 3705
10 1008 5921 7941
10 1008 7941 9021
10 1008 9021 6174
10 1008 7941 9021
10 11764 15986 3705
10 6033 9021 5627
10 6033 5627 3669
10 6033 5627 3669
10 3670 3669 6345
10 6345 16229 3670
10 3670 16229 4536
10 3670 4536 15705
10 11118 3670 15705
10 11118 15705 4233
10 4478 11118 4233
10 15705 11473 4233
10 4233 11473 14452
10 11473 7212 14452
10 15705 7212 11473
10 7212 15705 14451
10 14451 15706 7212
10 14451 3658 15706
10 15706 3658 15131
10 15131 3658 15340
10 15131 15340 6245
10 12998 15340 3658
10 12050 12998 3658
10 14451 12050 3658
10 12050 14451 16229
10 4298 12050 16229
10 12051 4298 16229
10 12051 16229 11238
10 3668 12051 11238
10 3666 12051 3668
10 3666 3668 5175
10 5175 3251 3666
10 3251 4217 3666
10 4217 7925 3666
10 12051 3666 7925
10 12051 7925 4298
10 4298 7925 13696
10 12050 4298 13696
10 12050 13696 12998
10 13696 7925 7058
10 16507 7058 7925
10 16507 7925 6376
10 6500 16507 6376
10 14772 16507 6500
10 6500 4932 14772
10 6376 7925 4217
10 6376 7925 4217
10 3251 10812 4217
10 6869 10812 3251
10 6869 3251 5175
10 6869 5175 5625
10 5175 3668 5625
10 3668 10774 5625
10 6869 3251 5175
10 5175 3668 5625
10 12051 3666 7925
10 11238 16229 6345
10 12051 7925 4298
10 12050 4298 13696
10 4536 16229 14451
10 4536 14451 15705
10 12050 13696 12998
10 14451 12050 3658
10 4536 14451 15705
10 15705 7212 11473
10 3669 3670 11118
10 4536 14451 15705
10 4536 16229 14451
10 11238 16229 6345
10 3669 3670 11118
10 11238 16229 6345
10 11764 15986 3705
10 3668 12051 11238
10 11764 5921 2698
10 3668 10774 5625
10 4738 2698 5921
10 5921 3680 4738
10 3946 6004 13670
10 6575 798 3782
10 6575 12502 798
10 12502 4836 798
10 11168 4836 12502
10 11168 3960 4836
10 11168 4235 3960
10 4235 11816 3960
10 4235 11170 11816
10 3970 11816 11170
10 12502 4836 798
10 11168 3960 4836
10 4235 11816 3960
10 3970 11816 11170
10 11816 15307 12530
10 12530 1231 3960
10 1231 3958 3960
10 798 3958 13670
10 3946 6004 13670
10 1998 3678 3946
10 13305 9175 6098
10 3665 6098 9175
10 3824 9175 13305
10 1998 3678 3946
10 3678 10774 3680
10 3668 10774 5625
10 6869 5175 5625
10 3665 6098 9175
10 6869 10812 3251
10 3251 10812 4217
10 5613 14998 6417
10 3655 14998 5613
10 6376 7925 4217
10 3655 14998 5613
10 6500 16507 6376
10 6500 4932 14772
10 5275 14027 16058
10 6500 4932 14772
10 14772 16507 6500
10 16507 7058 7925
10 13696 7925 7058
10 12050 13696 12998
10 14732 3657 5825
10 12998 15340 3658
10 4915 14732 5825
10 15131 15340 6245
10 4915 6595 6245
10 15131 15340 6245
10 15706 3658 15131
10 14451 15706 7212
10 11473 7212 14452
10 4233 11473 14452
10 4478 11118 4233
10 6035 5844 16035
10 3659 13050 11117
10 6035 5844 16035
10 5519 8431 5365
10 8431 3672 5490
10 3672 10500 5490
10 6035 5844 16035
10 10500 8580 5714
10 5844 4478 13050
10 4478 11118 4233
10 3669 3670 11118
10 6033 5627 3669
10 6033 9021 5627
10 1008 9021 6174
10 3681 12761 6770
10 1008 9021 6174
10 1008 5921 7941
10 5921 3680 4738
10 3680 3679 3678
10 3782 6004 3679
10 6575 798 3782
10 12822 1008 3681
10 3681 12761 6770
10 1499 6575 3681
10 6575 12502 798
10 11168 4836 12502
10 11168 4235 3960
10 15493 4106 5880
10 5880 15855 4235
10 4235 11170 11816
10 3970 11816 11170
10 12610 3970 10232
10 10232 6247 15555
10 10232 15555 5447
10 6508 5447 15555
10 6508 15555 3983
10 6247 3983 15555
10 12701 3983 6247
10 12701 6247 3526
10 6247 3983 15555
10 12701 6247 3526
10 5758 3971 11170
10 10027 5758 11170
10 10027 4106 11169
10 11169 16087 5881
10 5265 11169 4675
10 5265 3526 3971
10 12701 6247 3526
10 12701 3983 6247
10 3984 6828 7284
10 6828 16539 7284
10 15757 16539 6828
10 3995 15757 6828
10 13107 3995 6828
10 7488 13107 6828
10 3984 7488 6828
10 3995 13107 3996
10 3995 3996 3994
10 3994 2079 3995
10 3995 2079 8012
10 3995 8012 15757
10 15757 8012 5582
10 15757 5582 16539
10 5582 6025 16539
10 5582 3554 6025
10 3554 13110 6025
10 6025 13110 3982
10 6025 3982 2002
10 3982 10010 2002
10 3982 3981 10010
10 3981 6350 10010
10 6255 6350 3981
10 12065 6255 3981
10 746 6350 6255
10 746 6255 16216
10 16216 3967 746
10 3969 746 3967
10 3969 6350 746
10 3969 6350 746
10 3982 13110 10607
10 3554 16631 13110
10 8680 13110 16631
10 3992 8680 16631
10 3992 16631 6839
10 14371 3992 6839
10 6839 13482 14371
10 13482 4816 14371
10 4816 15607 14371
10 14371 15607 13231
10 13231 3992 14371
10 13231 14151 3992
10 14151 15744 3992
10 3992 15744 8680
10 5749 8680 15744
10 5749 15744 5567
10 15387 5749 5567
10 5567 12484 15387
10 12484 3991 15387
10 3990 15387 3991
10 15497 15387 3990
10 15497 5749 15387
10 4685 5749 15497
10 8680 5749 4685
10 13110 8680 4685
10 4760 12484 5567
10 4760 5567 14151
10 14151 5567 15744
10 15497 5749 15387
10 14151 5567 15744
10 8680 5749 4685
10 14151 5567 15744
10 15607 4816 6326
10 13482 6839 3994
10 6839 2079 3994
10 6839 8012 2079
10 16631 8012 6839
10 8012 16631 3554
10 3554 5582 8012
10 13231 3992 14371
10 16631 8012 6839
10 3992 15744 8680
10 13110 8680 4685
10 8012 16631 3554
10 3554 5582 8012
10 3554 5582 8012
10 6839 8012 2079
10 6839 2079 3994
10 3996 9122 3994
10 13999 9122 3996
10 3996 13107 14402
10 3995 8012 15757
10 15757 5582 16539
10 3984 7488 6828
10 6508 15555 3983
10 6828 16539 7284
10 5582 6025 16539
10 6025 3982 2002
10 3982 10010 2002
10 6508 5447 15555
10 3981 6350 10010
10 3969 6350 746
10 6350 15554 5447
10 10232 15555 5447
10 12610 3970 10232
10 5270 15307 12610
10 8270 5270 15901
10 5270 5616 12530
10 5616 3959 1231
10 1807 13670 3959
10 9807 3946 1807
10 2753 13305 9807
10 11524 6559 14605
10 2753 13305 9807
10 3824 9175 13305
10 3824 9175 13305
10 16237 3940 16238
10 3665 6098 9175
10 3940 8071 15596
10 7467 10812 3665
10 6417 10812 7467
10 3940 8071 15596
10 8071 6058 5268
10 15596 5544 6417
10 5613 14998 6417
10 3655 14998 5613
10 15304 3656 15703
10 2911 6376 3655
10 15238 6500 2911
10 11751 14771 15238
10 5014 11751 10690
10 11751 14771 15238
10 14027 4932 14771
10 5275 14027 16058
10 5275 14027 16058
10 5825 14772 5275
10 4915 14732 5825
10 6595 4915 11685
10 3640 16058 3641
10 11685 7923 3642
10 3641 15226 6371
10 11685 7923 3642
10 10283 3642 15422
10 11756 7923 6371
10 15226 3621 6371
10 14853 2545 5184
10 3622 11756 13263
10 14853 3605 2545
10 11215 3622 12323
10 7932 15317 2861
10 3610 11215 12323
10 7932 15317 2861
10 11215 3610 6330
10 4867 11215 6330
10 11756 4867 15422
10 10283 3642 15422
10 5140 15131 10283
10 5546 15131 5140
10 14452 5546 15707
10 14452 15707 11117
10 3659 13050 11117
10 12206 6035 3659
10 5077 1854 4615
10 4133 5365 12206
10 5077 1854 4615
10 4615 3660 5077
10 3660 15707 12100
10 12100 5140 15130
10 2411 5077 11416
10 4249 5077 2411
10 3646 8430 4249
10 3646 5854 12153
10 16044 5854 12104
10 12153 5854 14911
10 7898 3649 14910
10 4992 11218 5672
10 6745 7898 4992
10 14911 7898 6745
10 12153 5854 14911
10 3646 12153 8430
10 8430 4133 1854
10 4107 5519 4133
10 12153 4311 6381
10 4311 4992 12152
10 12152 3661 6383
10 4107 6382 5519
10 9100 6699 6382
10 3675 9100 11745
10 12152 3661 6383
10 11745 16333 6116
10 3661 12152 3742
10 11745 16333 6116
10 3675 11745 6116
10 1392 11580 3675
10 1392 11580 3675
10 8730 11580 5324
10 3689 5324 12447
10 1155 1392 3744
10 3689 12447 3612
10 3612 15323 3689
10 6415 3061 15323
10 13808 6415 3715
10 13808 6415 3715
10 13808 6415 3715
10 6415 3061 15323
10 12872 3689 3061
10 6028 12872 6010
10 15924 13808 13240
10 6010 15924 3709
10 6028 12872 6010
10 3706 4297 6028
10 8535 13750 3709
10 3702 13720 3704
10 3703 3706 13750
10 3706 9606 4297
10 15923 3686 9606
10 3704 13720 13573
10 3699 7098 13573
10 6474 3686 15923
10 7098 3699 3697
10 3697 3698 14276
10 13332 6474 7098
10 3686 6474 8669
10 3918 5754 8669
10 3918 5091 5754
10 5714 9787 5091
10 5714 13880 5844
10 8447 11118 13880
10 8447 861 6033
10 7957 3671 5091
10 7957 3918 3682
10 861 16215 6033
10 3684 12761 16215
10 3683 3682 3918
10 3683 13332 14276
10 12761 3684 16535
10 3697 3698 14276
10 12761 16535 6770
10 1499 6770 3696
10 15492 12502 3696
10 3695 5406 15492
10 6770 3698 7643
10 3698 3697 10552
10 10552 15236 3694
10 3695 5406 15492
10 11122 3694 9631
10 15493 5880 5406
10 15611 3973 11122
10 15493 4106 5880
10 11169 4106 16087
10 5683 3973 14197
10 11169 16087 5881
10 1827 5683 3972
10 3986 1827 11981
10 5881 5688 4675
10 6739 12701 5688
10 13108 14347 4494
10 6739 3984 12701
10 3984 7488 6828
10 7488 13107 6828
10 3996 13107 14402
10 13108 14347 4494
10 14347 14403 4822
10 8926 3997 13410
10 8926 13410 12160
10 3998 8926 12160
10 12160 15626 3998
10 15626 6273 3998
10 4699 3998 6273
10 4699 6273 11341
10 15626 11341 6273
10 15626 10038 11341
10 10038 3999 11341
10 16070 3999 10038
10 5872 16070 10038
10 5872 10038 5493
10 5493 10038 15626
10 12160 5493 15626
10 5872 12085 16070
10 12085 10719 16070
10 16070 10719 3999
10 10719 4001 3999
10 4000 3999 4001
10 4000 4001 12895
10 9272 4000 12895
10 9272 12895 3732
10 3731 9272 3732
10 5618 3731 3732
10 5618 3732 5196
10 5196 3732 12834
10 10936 5196 12834
10 10936 12834 5370
10 15440 10936 5370
10 15440 5370 12141
10 11237 15440 12141
10 5370 15449 12141
10 15449 5374 12141
10 5374 15449 11588
10 15449 3726 11588
10 11588 3726 9739
10 13772 11588 9739
10 15867 9739 3726
10 4111 15867 3726
10 4111 3726 15868
10 4111 15868 16341
10 16341 3725 4111
10 16341 1352 3725
10 10719 3725 1352
10 10719 1352 1780
10 4001 10719 1780
10 4001 1780 12895
10 1780 6088 12895
10 12895 6088 3732
10 6088 12834 3732
10 12834 6088 6189
10 12834 6189 5370
10 5370 6189 15449
10 15449 6189 3726
10 15868 3726 6189
10 15868 6189 6088
10 16341 15868 6088
10 16341 6088 1352
10 1352 6088 1780
10 15868 6189 6088
10 1352 6088 1780
10 1352 6088 1780
10 12085 3725 10719
10 16341 6088 1352
10 16341 15868 6088
10 15868 3726 6189
10 15449 6189 3726
10 5370 6189 15449
10 12834 6189 5370
10 6088 12834 3732
10 3731 5578 9272
10 9272 5578 8607
10 9272 8607 4000
10 8607 8569 4000
10 8569 10715 4000
10 5578 8569 8607
10 5578 8569 8607
10 3731 14595 5578
10 14595 5271 5578
10 14595 15651 5271
10 12895 6088 3732
10 9272 8607 4000
10 4001 1780 12895
10 4001 10719 1780
10 12085 3725 10719
10 16070 10719 3999
10 5493 10038 15626
10 15626 11341 6273
10 12160 5493 15626
10 3998 1679 8926
10 1679 5387 8926
10 8926 5387 15465
10 8926 15465 3997
10 3997 15465 9346
10 9346 15133 3997
10 9346 5142 15133
10 15133 5142 6900
10 9346 15465 12313
10 15465 5387 12313
10 5387 6324 12313
10 4010 6324 5387
10 4010 5387 1679
10 4010 1679 8553
10 8553 1679 3998
10 4012 6324 4010
10 15465 5387 12313
10 4010 5387 1679
10 8553 1679 3998
10 8926 15465 3997
10 5591 16396 15768
10 9346 15133 3997
10 15133 5142 6900
10 5591 16396 15768
10 14402 14347 5591
10 3996 13107 14402
10 13999 9122 3996
10 4811 5591 6900
10 15133 5142 6900
10 5142 8844 15136
10 8844 4007 15136
10 13999 9122 3996
10 8844 4007 15136
10 3996 9122 3994
10 13482 6839 3994
10 4007 14370 7293
10 13482 4816 14371
10 15607 4816 6326
10 15607 4816 6326
10 14371 15607 13231
10 13231 14151 3992
10 4760 5567 14151
10 4760 12484 5567
10 12484 3991 15387
10 14686 7891 5158
10 5158 10889 5200
10 3988 3989 7409
10 10889 3991 9750
10 3990 15387 3991
10 3988 3989 7409
10 10662 5379 6036
10 3976 3978 4274
10 4274 3978 6254
10 3978 12871 6254
10 15116 3977 7222
10 3978 12871 6254
10 1674 3963 1482
10 14945 1674 1482
10 3978 12871 6254
10 3979 11251 4919
10 3979 5157 11251
10 3979 8679 5157
10 5157 8679 6301
10 6301 8679 3111
10 8679 16532 3111
10 16532 8679 11254
10 3980 16532 11254
10 11254 8679 3979
10 4715 11254 3979
10 11254 8679 3979
10 4274 3978 6254
10 3976 3978 4274
10 6036 11008 3976
10 3979 5157 11251
10 5157 8679 6301
10 10662 5379 6036
10 7409 10662 3990
10 15497 15387 3990
10 6301 8679 3111
10 8679 16532 3111
10 4685 5749 15497
10 13110 8680 4685
10 3982 13110 10607
10 3980 16532 11254
10 3982 13110 10607
10 3982 3981 10010
10 12065 6255 3981
10 3980 16532 11254
10 4715 11254 3979
10 12065 6255 3981
10 746 6255 16216
10 12065 4715 4302
10 4715 11254 3979
10 3979 11251 4919
10 4919 6254 6032
10 12062 4302 6246
10 6254 3214 6032
10 3214 12871 3963
10 1674 3963 1482
10 3963 11551 11248
10 12062 11248 2894
10 12062 2894 3966
10 5548 10481 6041
10 3966 15365 6011
10 15365 11551 4250
10 5548 10481 6041
10 5548 10481 6041
10 6011 6041 3966
10 12062 2894 3966
10 12062 16216 4302
10 16216 3967 746
10 3966 12073 11252
10 12073 6280 15268
10 3969 746 3967
10 6797 15554 3969
10 15901 12610 6797
10 3969 15268 8331
10 15901 3968 8270
10 12073 6280 15268
10 8270 3968 8487
10 10481 7227 6280
10 10481 3954 7227
10 16554 3956 3954
10 8487 15308 8270
10 5616 15308 14605
10 11524 6559 14605
10 16554 3956 3954
10 891 2753 11524
10 16554 3953 16590
10 891 3945 2753
10 3824 3945 11984
10 4289 11984 15427
10 3942 12669 7697
10 891 16590 12544
10 16554 3953 16590
10 15714 3953 10481
10 15714 11550 3952
10 12669 3953 4880
10 3942 12669 7697
10 2969 6499 5155
10 4880 3952 12771
10 2969 6499 5155
10 2969 6499 5155
10 7697 12771 5155
10 3942 12669 7697
10 15427 12544 3942
10 5538 4289 15427
10 4935 12510 5538
10 7697 3944 2912
10 4935 4956 14778
10 6499 1173 3944
10 4956 9288 14778
10 6499 3941 1173
10 14778 9288 522
10 3937 14778 522
10 3937 15435 10091
10 7722 4039 625
10 10091 15435 5367
10 4780 7722 3935
10 10183 4780 3935
10 5367 16254 10091
10 16254 3939 10091
10 11985 3939 15306
10 6058 15306 5268
10 5544 5268 15304
10 15304 3656 15703
10 3655 3656 15944
10 11751 15944 10690
10 16571 5014 10690
10 3634 3635 16571
10 3634 3635 16571
10 5482 15610 7902
10 5482 10814 13247
10 13247 6596 13711
10 3637 3635 15610
10 3636 16571 3635
10 3639 14027 3636
10 15761 14999 3639
10 13711 11301 3637
10 5584 14999 15761
10 13247 6596 13711
10 3608 15225 6596
10 5584 14999 15761
10 15226 16058 14999
10 15226 3621 6371
10 15225 5202 5584
10 3620 5184 3621
10 3608 15225 6596
10 3608 15648 15138
10 3620 3606 5184
10 15138 3775 13978
10 3606 14853 5184
10 14853 3605 2545
10 7932 12323 3605
10 3776 3767 15640
10 7932 15317 2861
10 11100 3610 15317
10 5264 3610 11100
10 8058 5264 11731
10 13281 11731 14755
10 8058 5264 11731
10 9974 6330 8058
10 9974 5359 4867
10 15422 5359 5449
10 5449 15130 10283
10 3645 11416 15130
10 15255 15734 3645
10 12926 5359 15423
10 15423 9974 3644
10 13281 6133 3644
10 15255 15734 3645
10 2182 4249 15734
10 3646 2182 1741
10 13281 3648 6133
10 7618 3646 1741
10 5854 7618 12104
10 5358 3649 12104
10 13477 10870 5692
10 3740 5358 7779
10 3740 5358 7779
10 13437 13749 7137
10 1602 13437 7137
10 1828 13437 1602
10 3627 1828 1602
10 1602 15232 3627
10 1081 13437 1828
10 3609 13437 1081
10 3609 1081 2346
10 6649 3609 2346
10 3609 13749 13437
10 3609 13749 13437
10 14392 7779 10870
10 13413 10870 13477
10 1602 13437 7137
10 13413 13477 2211
10 1602 15232 3627
10 13413 13477 2211
10 12106 15605 5481
10 15605 12106 3623
10 6118 15605 3623
10 6118 3623 7086
10 7086 3623 9133
10 12106 14322 3623
10 13477 5692 4306
10 7026 4306 7618
10 12106 14322 3623
10 7026 1741 3648
10 14755 3648 13281
10 12106 14322 3623
10 11731 4927 14755
10 7086 3623 9133
10 5264 14756 4927
10 14756 3777 14502
10 7086 3623 9133
10 6118 3623 7086
10 6118 15605 3623
10 3771 5212 12567
10 12106 15605 5481
10 15232 2211 5481
10 3771 3770 5212
10 1602 15232 3627
10 3627 1828 1602
10 1081 13437 1828
10 3609 1081 2346
10 6649 3609 2346
10 1041 6649 10956
10 3749 16028 4711
10 3749 3750 16028
10 3749 16028 4711
10 4711 3652 1159
10 4115 14857 1159
10 14157 3748 4115
10 3747 14157 7603
10 7603 6649 9513
10 6649 3609 2346
10 3609 13749 13437
10 3628 14157 11757
10 14392 13749 3653
10 11757 4115 3651
10 3651 3652 6861
10 14392 3653 3740
10 6861 3652 6476
10 3740 6861 16528
10 3740 3649 5358
10 7898 3649 14910
10 4992 14910 11218
10 16528 16038 3741
10 16528 6476 16038
10 6476 3652 16529
10 16529 3652 10717
10 5848 16529 16039
10 11218 16038 5848
10 5672 11218 3742
10 16333 3742 16575
10 8295 1168 16575
10 12030 16039 3662
10 8295 1168 16575
10 1168 3664 13021
10 16039 10717 3662
10 10717 3652 16028
10 3749 3750 16028
10 3664 3662 3663
10 3751 3752 16029
10 4672 16029 3752
10 3753 4672 3752
10 3676 16029 4672
10 1168 3664 13021
10 3676 16029 4672
10 4926 16575 13021
10 12538 6116 4926
10 3675 12538 3744
10 15464 12447 3744
10 8292 3612 15464
10 4459 8292 4447
10 12944 12538 7870
10 3677 12942 4447
10 7870 12538 14751
10 13021 3676 14751
10 3676 16029 4672
10 3677 2732 12942
10 3753 4672 3752
10 3677 2732 12942
10 7967 4459 12942
10 7967 4459 12942
10 3691 8292 4459
10 10808 6415 3691
10 3692 3712 10808
10 7967 3746 3693
10 3712 3692 4773
10 3712 3692 4773
10 3715 3712 12222
10 4773 3756 3714
10 12222 16030 6101
10 3720 15557 6101
10 12222 16030 6101
10 12222 7325 13808
10 7325 13240 13808
10 13240 4392 3709
10 15557 15556 4526
10 15556 8028 3710
10 8535 3709 4392
10 10802 3702 8535
10 10802 5205 15229
10 15556 8028 3710
10 8028 3719 15230
10 5205 13996 6279
10 11005 3718 13996
10 8028 3719 15230
10 3718 11005 5008
10 10716 3718 5008
10 16217 12522 10716
10 9812 6034 16217
10 5620 6210 9812
10 16072 13409 8558
10 8558 13409 7150
10 5620 8369 6210
10 8558 13409 7150
10 8369 11981 3972
10 3986 1827 11981
10 13108 3986 14403
10 14347 14403 4822
10 6302 16396 4822
10 7150 3985 11981
10 8558 13409 7150
10 13408 6302 3985
10 13410 16396 6302
10 8926 13410 12160
10 12160 5493 15626
10 13409 4555 13408
10 16072 13409 8558
10 5872 10038 5493
10 16072 5620 2242
10 2242 5620 10535
10 5872 12085 16070
10 10535 9812 3723
10 12085 3725 10719
10 3723 10716 7071
10 16341 3725 4111
10 4111 15867 3726
10 5008 5702 7071
10 15867 9739 3726
10 5702 11005 3290
10 11005 3719 3290
10 13772 11588 9739
10 12692 3719 8028
10 7264 12692 15557
10 13772 11588 9739
10 5374 15449 11588
10 13772 7264 4667
10 3720 7264 15557
10 3722 16027 7944
10 3721 3720 6101
10 14859 3721 3757
10 3722 16027 7944
10 3722 16027 7944
10 4667 7944 13771
10 3728 3729 15450
10 4667 13771 5374
10 15449 5374 12141
10 3728 3729 15450
10 11237 15440 12141
10 15746 6373 3729
10 15746 3760 6373
10 11237 3729 13277
10 11237 15440 12141
10 15440 10936 5370
10 3734 11237 3735
10 3735 14858 3736
10 15802 3734 12285
10 6972 10218 3737
10 15802 10936 3734
10 10936 5196 12834
10 5618 3732 5196
10 5618 3731 3732
10 6972 10218 3737
10 3731 14595 5578
10 14229 12422 3739
10 14229 3739 16515
10 12294 12422 14229
10 6972 10218 3737
10 12285 16607 3737
10 12285 3736 16607
10 14858 3762 3736
10 13401 16607 15329
10 6972 13401 3739
10 14229 3739 16515
10 3738 6100 16054
10 6100 16268 16054
10 16054 6428 16515
10 14229 3739 16515
10 12294 12422 14229
10 4055 3928 4056
10 4049 3928 4055
10 12294 12422 14229
10 4597 6972 12422
10 14595 6972 4597
10 14595 15651 5271
10 4015 12294 3928
10 4049 3928 4055
10 15651 3928 4913
10 14595 15651 5271
10 14595 5271 5578
10 5578 8569 8607
10 8569 10715 4000
10 6023 11605 4013
10 8569 10715 4000
10 4000 3999 4001
10 10038 3999 11341
10 16663 4002 10715
10 4699 6273 11341
10 5341 16663 7208
10 4699 3998 6273
10 8553 1679 3998
10 4010 1679 8553
10 15393 5341 7208
10 4012 6324 4010
10 15393 5341 7208
10 4013 7208 16663
10 6023 11605 4013
10 4049 4054 11605
10 7208 4014 9104
10 6062 4012 9104
10 6062 4012 9104
10 4012 6324 4010
10 3926 13894 13414
10 5387 6324 12313
10 9346 15465 12313
10 9346 5142 15133
10 5142 8844 15136
10 957 8844 15105
10 13414 4009 12313
10 13414 4052 4051
10 957 8844 15105
10 14024 4047 10916
10 957 8844 15105
10 8844 4007 15136
10 4007 14370 7293
10 15597 6326 14370
10 14024 4047 10916
10 15597 8075 6326
10 8075 4423 15607
10 3925 15607 4423
10 4040 4004 4006
10 3925 5565 14151
10 4004 4040 5572
10 5565 14152 4760
10 5572 4043 4005
10 9750 12484 14152
10 10889 9750 5200
10 15155 5158 5200
10 4046 15155 11325
10 5572 4043 4005
10 4046 15155 11325
10 15155 4046 14686
10 6479 7891 14686
10 2412 15351 6479
10 2412 15351 6479
10 15101 7891 15351
10 15101 3988 10889
10 3988 3989 7409
10 3989 11008 5379
10 7222 3977 11008
10 3989 11929 3479
10 3988 5278 11929
10 15351 11664 5278
10 11667 4036 11664
10 11929 4003 3987
10 7222 3479 3987
10 15116 3977 7222
10 15116 11934 3978
10 5070 12871 11934
10 5070 1482 12871
10 14945 1674 1482
10 15031 16357 4032
10 5573 11669 5925
10 14945 1674 1482
10 1674 12708 11551
10 12708 4250 11551
10 5548 4250 11550
10 15714 11550 3952
10 3952 13302 2969
10 4445 13302 3950
10 3949 8617 11550
10 3949 12708 5573
10 5573 11669 5925
10 4031 4029 15683
10 15683 4029 15103
10 4029 13887 15103
10 13887 15199 15103
10 15199 13887 3924
10 15199 3924 4030
10 3924 13887 4022
10 3964 3950 3949
10 4445 13302 3950
10 15683 4029 15103
10 13302 4445 10340
10 13887 15199 15103
10 6499 10340 3941
10 15199 3924 4030
10 9288 3941 4473
10 4473 6079 1230
10 15199 3924 4030
10 3924 13887 4022
10 4030 1951 6079
10 4473 6079 1230
10 4039 1230 1739
10 1739 625 4039
10 5632 625 5066
10 5632 625 5066
10 5632 3934 14170
10 4579 4025 11668
10 5632 3934 14170
10 3935 14170 5256
10 13870 6518 14567
10 4579 4025 11668
10 13870 6518 14567
10 13870 6518 14567
10 4579 13870 5256
10 5256 3932 5174
10 3935 14170 5256
10 10183 4780 3935
10 4301 12067 15178
10 3936 12067 6244
10 15437 5367 10183
10 15437 11752 5367
10 15305 15306 11752
10 15304 15305 7279
10 3936 6244 12070
10 3654 15304 7279
10 10690 3654 6031
10 6647 6031 16214
10 3936 6244 12070
10 12067 4301 6244
10 12060 4301 5174
10 5174 3932 12060
10 4038 3932 13870
10 12060 3631 11249
10 13209 13221 3607
10 12060 11249 16213
10 6244 16213 16214
10 6647 6031 16214
10 3633 13209 15781
10 6647 4600 3634
10 4600 6862 7902
10 3633 13209 15781
10 13209 13221 3607
10 15741 7902 6862
10 15741 4122 7902
10 4122 7901 15609
10 5007 7901 3768
10 15579 14358 4814
10 15579 4814 6185
10 6185 13657 15579
10 6185 4814 395
10 5451 15563 7901
10 6185 4814 395
10 6128 5451 15741
10 3607 6128 15741
10 6185 4814 395
10 3607 13221 4254
10 3632 4254 13221
10 6185 13657 15579
10 3631 4038 3632
10 14567 6374 4038
10 3617 6374 9434
10 3616 13657 3618
10 3617 4023 745
10 7884 3619 745
10 3616 13657 3618
10 6185 13657 15579
10 3619 7884 15430
10 15579 14358 4814
10 3764 14358 3774
10 3619 7884 15430
10 14161 7884 6463
11 11 44 4
11 2895 11 4
11 2895 4 10850
11 2895 10850 3351
11 2895 3351 7533
11 2895 7533 5297
11 2895 5297 911
11 2895 911 11
11 1032 11 911
11 14813 1032 911
11 5297 14813 911
11 5297 13959 14813
11 3819 14813 13959
11 3819 13959 1031
11 10822 3819 1031
11 14462 10822 1031
11 1031 12912 14462
11 14462 12912 3264
11 3264 2339 14462
11 2339 10822 14462
11 10822 2339 1798
11 3819 10822 1798
11 3819 1798 9245
11 3819 9245 16050
11 3819 16050 9167
11 9167 14813 3819
11 15925 14813 9167
11 9167 16050 15925
11 15925 16050 13390
11 15925 13390 16052
11 16052 35 15925
11 23 15925 35
11 44 23 35
11 44 35 54
11 54 70 44
11 78 44 70
11 70 16131 78
11 16131 88 78
11 88 44 78
11 88 82 44
11 82 71 44
11 44 71 61
11 50 44 61
11 61 16026 50
11 34 50 16026
11 7242 34 16026
11 1682 7242 16026
11 1682 16026 2386
11 2386 11648 1682
11 12116 1682 11648
11 3158 12116 11648
11 3158 11648 2388
11 2388 9429 3158
11 9429 15417 3158
11 3158 15417 3906
11 12116 3158 3906
11 1692 12116 3906
11 1692 3906 3351
11 1692 3351 10850
11 9783 1692 10850
11 27 9783 10850
11 17 27 10850
11 17 10850 4
11 4 44 17
11 17 44 27
11 27 44 34
11 34 7242 27
11 7242 9783 27
11 7242 1692 9783
11 7242 1682 1692
11 1692 1682 12116
11 50 34 44
11 17 44 27
11 7242 9783 27
11 7242 1692 9783
11 3351 3906 8737
11 7533 3351 8737
11 7533 8737 2902
11 7533 2902 5297
11 2902 12696 5297
11 14139 5297 12696
11 15224 14139 12696
11 15224 12696 3150
11 15224 3150 12912
11 12912 1031 15224
11 1031 14139 15224
11 14139 1031 13959
11 5297 14139 13959
11 12912 3150 14624
11 12912 14624 15844
11 2648 12912 15844
11 7650 2648 15844
11 3149 7650 15844
11 3149 15844 3157
11 3163 3149 3157
11 13224 3163 3157
11 3157 14624 13224
11 14624 3150 13224
11 2902 13224 3150
11 2902 3150 12696
11 15417 13224 2902
11 3906 15417 2902
11 8737 3906 2902
11 15417 12719 13224
11 12719 3163 13224
11 3163 12719 9429
11 1836 3163 9429
11 6537 1836 9429
11 9429 2388 6537
11 3123 6537 2388
11 3123 2388 2389
11 3305 3123 2389
11 2389 12405 3305
11 3305 12405 7528
11 7528 7662 3305
11 7662 7144 3305
11 3305 7144 3123
11 9488 3123 7144
11 9488 7144 3314
11 2375 9488 3314
11 3306 2375 3314
11 3783 3306 3314
11 12652 3783 3314
11 7144 12652 3314
11 7662 12652 7144
11 12652 7662 2820
11 2820 3783 12652
11 2820 2259 3783
11 2259 3300 3783
11 3783 3300 3306
11 3300 13659 3306
11 3306 13659 2375
11 6283 2375 13659
11 6283 13659 3307
11 2376 6283 3307
11 2376 3307 12017
11 12017 2377 2376
11 2377 12762 2376
11 2376 12762 508
11 508 9486 2376
11 9486 6283 2376
11 16025 6283 9486
11 9486 10604 16025
11 16025 10604 1836
11 16025 1836 6537
11 9488 16025 6537
11 3123 9488 6537
11 2375 16025 9488
11 16025 2375 6283
11 3163 1836 10604
11 10604 10570 3163
11 10570 3149 3163
11 7401 3149 10570
11 7504 7401 10570
11 10604 7504 10570
11 10604 3907 7504
11 3907 7401 7504
11 7401 3907 1867
11 14348 7401 1867
11 14348 1867 7611
11 14566 14348 7611
11 14566 7611 2904
11 2904 9355 14566
11 9355 6695 14566
11 6695 9020 14566
11 9020 14348 14566
11 2649 14348 9020
11 6695 2649 9020
11 2649 6695 15289
11 6694 2649 15289
11 3820 6694 15289
11 3820 15289 12387
11 3820 12387 219
11 3820 219 12411
11 3820 12411 9262
11 3820 9262 6694
11 9262 1033 6694
11 1033 10013 6694
11 10013 2649 6694
11 2649 10013 10288
11 2649 10288 14348
11 10288 2896 14348
11 2896 7401 14348
11 7401 2896 3149
11 3149 2896 7650
11 2896 14131 7650
11 14131 2648 7650
11 14131 1033 2648
11 13686 2648 1033
11 14406 13686 1033
11 1033 15243 14406
11 15243 16053 14406
11 14406 16053 2339
11 2339 3264 14406
11 14406 3264 13686
11 3264 2648 13686
11 12912 2648 3264
11 2339 16053 10260
11 2339 10260 1798
11 4067 1798 10260
11 16053 4067 10260
11 4067 16053 4062
11 4067 4062 16112
11 4067 16112 2098
11 4067 2098 16071
11 1798 4067 16071
11 16071 9245 1798
11 16071 14280 9245
11 14280 16067 9245
11 16050 9245 16067
11 16050 16067 11825
11 16050 11825 16069
11 16069 13390 16050
11 16069 16052 13390
11 16052 16069 54
11 16052 54 35
11 70 54 16069
11 70 16069 11320
11 70 11320 16131
11 11320 3344 16131
11 6343 16131 3344
11 13015 6343 3344
11 3344 11825 13015
11 13015 11825 16067
11 13015 16067 16108
11 13015 16108 6730
11 6730 6343 13015
11 6730 6936 6343
11 6343 6936 15245
11 6343 15245 16131
11 12059 16131 15245
11 15245 2257 12059
11 82 12059 2257
11 3143 82 2257
11 3143 2257 13687
11 2387 3143 13687
11 11508 2387 13687
11 2389 11508 13687
11 2389 13687 12405
11 12405 13687 4610
11 7452 12405 4610
11 4610 5131 7452
11 5131 10375 7452
11 10375 7528 7452
11 7528 12405 7452
11 7528 10375 14308
11 7528 14308 10341
11 7662 7528 10341
11 7662 10341 2188
11 2820 7662 2188
11 4162 2820 2188
11 14294 4162 2188
11 9704 14294 2188
11 9704 2188 10341
11 9704 10341 14308
11 3349 9704 14308
11 3349 14308 10319
11 3349 10319 6730
11 6730 16108 3349
11 16108 10492 3349
11 10492 10222 3349
11 3349 10222 9704
11 10222 14294 9704
11 10492 14294 10222
11 10492 2098 14294
11 14294 2098 4162
11 4162 2098 14319
11 4162 14319 2820
11 14319 2259 2820
11 16112 2259 14319
11 14319 2098 16112
11 14115 2259 16112
11 4062 14115 16112
11 4062 16111 14115
11 16123 14115 16111
11 14377 16123 16111
11 15431 14377 16111
11 16111 11692 15431
11 15431 11692 12411
11 15431 12411 219
11 15431 219 10454
11 10454 16109 15431
11 16109 14377 15431
11 16109 13586 14377
11 14377 13586 16123
11 16123 13586 2819
11 16123 2819 14699
11 16123 14699 14115
11 14699 2259 14115
11 14699 3300 2259
11 3300 14699 2819
11 13681 3300 2819
11 2817 13681 2819
11 13586 2817 2819
11 16120 2817 13586
11 16109 16120 13586
11 16109 8057 16120
11 8057 7135 16120
11 7135 2817 16120
11 7135 13526 2817
11 2817 13526 3301
11 2817 3301 3784
11 3784 13681 2817
11 13681 3784 3307
11 3307 13659 13681
11 13659 3300 13681
11 3307 3784 12017
11 3301 12017 3784
11 12017 3301 3308
11 12017 3308 2377
11 2377 3308 3303
11 3303 14141 2377
11 2377 14141 16490
11 2377 16490 12762
11 16490 2429 12762
11 12762 2429 508
11 2429 1837 508
11 1837 9486 508
11 9486 1837 10604
11 1837 3907 10604
11 1837 13295 3907
11 3907 13295 3352
11 1867 3907 3352
11 1867 3352 7611
11 3352 2904 7611
11 1868 2904 3352
11 13138 1868 3352
11 15344 13138 3352
11 13295 15344 3352
11 13295 2429 15344
11 2429 1835 15344
11 1835 3904 15344
11 15344 3904 13138
11 3904 1868 13138
11 3904 10507 1868
11 14684 1868 10507
11 3153 14684 10507
11 10507 11817 3153
11 11817 3909 3153
11 3153 3909 11897
11 3153 11897 1869
11 3153 1869 9867
11 3153 9867 14684
11 9867 2652 14684
11 2651 14684 2652
11 2651 2652 2642
11 2651 2642 2641
11 2641 2650 2651
11 14684 2651 2650
11 14684 2650 13973
11 14684 13973 1868
11 13973 14612 1868
11 1868 14612 2904
11 14612 9355 2904
11 14612 2790 9355
11 2790 6695 9355
11 6695 2790 15289
11 1034 15289 2790
11 2790 12820 1034
11 12820 2641 1034
11 2340 1034 2641
11 2340 2641 12245
11 2340 12245 13495
11 2340 13495 1799
11 1799 12387 2340
11 2340 12387 1034
11 12387 15289 1034
11 1799 219 12387
11 1799 10454 219
11 1799 4064 10454
11 4064 8057 10454
11 8057 16109 10454
11 4064 16115 8057
11 3347 8057 16115
11 13707 3347 16115
11 16125 13707 16115
11 16115 13555 16125
11 13555 16114 16125
11 16114 12819 16125
11 1139 16125 12819
11 1139 12819 13292
11 12207 1139 13292
11 13292 3310 12207
11 12207 3310 12792
11 2381 12207 12792
11 16491 2381 12792
11 16491 12792 3144
11 16491 3144 14775
11 16491 14775 11308
11 16491 11308 12600
11 16491 12600 16034
11 16034 2381 16491
11 16034 13061 2381
11 10411 2381 13061
11 10411 13061 2380
11 3303 10411 2380
11 3303 2380 14141
11 14141 2380 7704
11 16490 14141 7704
11 1835 16490 7704
11 1835 7704 10663
11 1835 10663 11817
11 1835 11817 3904
11 3904 11817 10507
11 11817 10663 3909
11 10663 1685 3909
11 1685 11115 3909
11 3117 3909 11115
11 3117 11115 3905
11 3905 1870 3117
11 1870 14052 3117
11 14052 1869 3117
11 11897 3117 1869
11 11897 3909 3117
11 14687 1869 14052
11 14687 14052 1870
11 1870 14690 14687
11 14690 2653 14687
11 14687 2653 10138
11 14687 10138 9867
11 14687 9867 1869
11 10138 2652 9867
11 10138 14383 2652
11 2642 2652 14383
11 2341 2642 14383
11 2341 14383 2643
11 2342 2341 2643
11 12996 2342 2643
11 2643 2653 12996
11 12996 2653 3821
11 3821 15927 12996
11 12996 15927 2342
11 15927 4190 2342
11 2341 2342 4190
11 14903 2341 4190
11 14903 4190 4063
11 14903 4063 7776
11 14903 7776 4064
11 4064 13495 14903
11 12245 14903 13495
11 12245 2341 14903
11 12245 2642 2341
11 12245 2641 2642
11 4064 1799 13495
11 4064 7776 16115
11 7776 4063 16115
11 13555 16115 4063
11 16114 13555 4063
11 4063 13961 16114
11 13961 16077 16114
11 16077 16107 16114
11 16114 16107 16128
11 16114 16128 12819
11 13292 12819 16128
11 13292 16128 3790
11 13292 3790 3310
11 3310 3790 3793
11 3793 3144 3310
11 3144 12792 3310
11 2382 3144 3793
11 3312 2382 3793
11 3792 3312 3793
11 3793 2270 3792
11 14469 3792 2270
11 2270 16129 14469
11 14469 16129 10832
11 3786 14469 10832
11 3786 10832 16135
11 16135 12491 3786
11 3786 12491 3304
11 3792 3786 3304
11 3792 3304 12824
11 3792 12824 3312
11 12824 2742 3312
11 2382 3312 2742
11 12109 2382 2742
11 3159 12109 2742
11 3159 2742 12571
11 10328 3159 12571
11 1833 10328 12571
11 2741 1833 12571
11 2741 12571 12824
11 2741 12824 3304
11 3311 2741 3304
11 12491 3311 3304
11 12491 3785 3311
11 3311 3785 3794
11 3794 2383 3311
11 12195 3311 2383
11 2383 13447 12195
11 12195 13447 1833
11 12195 1833 2741
11 2741 3311 12195
11 13447 13355 1833
11 13355 3161 1833
11 1833 3161 10328
11 10328 3161 16567
11 10328 16567 3119
11 3159 10328 3119
11 3119 16618 3159
11 3159 16618 12109
11 12109 16618 11308
11 14775 12109 11308
11 14775 2382 12109
11 14775 3144 2382
11 16618 3905 11308
11 11308 3905 12600
11 12600 3905 1685
11 1685 16034 12600
11 1685 10663 16034
11 10663 7704 16034
11 7704 2380 16034
11 16034 2380 13061
11 1685 3905 11115
11 16618 3118 3905
11 3905 3118 1871
11 3905 1871 1870
11 2897 1870 1871
11 3154 2897 1871
11 3118 3154 1871
11 3119 3154 3118
11 16618 3119 3118
11 3154 3119 16567
11 16567 1872 3154
11 1872 2898 3154
11 3154 2898 2897
11 2897 2898 1732
11 2897 1732 2654
11 2897 2654 14690
11 1870 2897 14690
11 14690 2654 2653
11 2653 2654 2644
11 2653 2644 3821
11 2644 9978 3821
11 3826 3821 9978
11 3826 9978 2343
11 786 3826 2343
11 786 2343 2344
11 786 2344 16051
11 15391 786 16051
11 4061 15391 16051
11 4061 16051 3825
11 3825 6425 4061
11 6425 3340 4061
11 3340 9582 4061
11 9582 16106 4061
11 16106 15391 4061
11 16106 12500 15391
11 12500 786 15391
11 4066 786 12500
11 6957 4066 12500
11 6957 12500 16106
11 16106 16117 6957
11 6957 16117 12560
11 6957 12560 16113
11 16113 4066 6957
11 16113 16066 4066
11 16066 11637 4066
11 4066 11637 3826
11 4066 3826 786
11 11637 14963 3826
11 14963 15927 3826
11 15927 3821 3826
11 14963 10920 15927
11 10920 4190 15927
11 10920 4063 4190
11 13961 4063 10920
11 16077 13961 10920
11 16077 10920 14963
11 14963 16066 16077
11 16107 16077 16066
11 16066 16113 16107
11 16113 11477 16107
11 11477 16128 16107
11 11477 3790 16128
11 3790 11477 2270
11 2270 3793 3790
11 2270 11477 16129
11 16113 16129 11477
11 16129 16113 12560
11 10832 16129 12560
11 10832 12560 16117
11 16135 10832 16117
11 16135 16117 16116
11 16135 16116 12398
11 3785 16135 12398
11 3785 12398 2260
11 3794 3785 2260
11 3794 2260 2816
11 2816 3302 3794
11 3794 3302 3315
11 3315 15534 3794
11 15534 2383 3794
11 14238 2383 15534
11 15534 16033 14238
11 1839 14238 16033
11 1680 1839 16033
11 1680 16033 16036
11 16036 114 1680
11 3902 1680 114
11 114 134 3902
11 134 3116 3902
11 3902 3116 3120
11 1680 3902 3120
11 1839 1680 3120
11 1839 3120 11353
11 1839 11353 12278
11 1839 12278 14635
11 1839 14635 14238
11 14238 14635 13355
11 14238 13355 13447
11 14238 13447 2383
11 14635 12278 13355
11 13355 12278 11854
11 3161 13355 11854
11 3161 11854 16567
11 16567 11854 3155
11 16567 3155 1872
11 3155 14050 1872
11 14050 15297 1872
11 1872 15297 2898
11 15297 15193 2898
11 15193 1732 2898
11 15193 15325 1732
11 1732 15325 2343
11 1732 2343 2644
11 2654 1732 2644
11 2644 2343 9978
11 15325 2344 2343
11 15325 2789 2344
11 2789 3825 2344
11 3825 16051 2344
11 2789 13864 3825
11 13864 1037 3825
11 1037 11406 3825
11 3825 11406 6425
11 11406 3823 6425
11 14974 6425 3823
11 14974 3823 13964
11 14681 14974 13964
11 13964 92 14681
11 119 14681 92
11 119 92 14805
11 119 14805 14022
11 119 14022 143
11 16079 119 143
11 16079 143 16122
11 16122 16121 16079
11 5824 16079 16121
11 16121 10177 5824
11 5824 10177 3340
11 6425 5824 3340
11 14974 5824 6425
11 14974 16079 5824
11 14681 16079 14974
11 119 16079 14681
11 10177 2260 3340
11 2260 16116 3340
11 9582 3340 16116
11 16106 9582 16116
11 16106 16116 16117
11 12398 16116 2260
11 10177 2816 2260
11 2816 10177 16121
11 16121 13219 2816
11 3302 2816 13219
11 3302 13219 14278
11 14278 3315 3302
11 3313 3315 14278
11 3313 14278 3787
11 3313 3787 160
11 3313 160 16428
11 2385 3313 16428
11 16428 16036 2385
11 2385 16036 13632
11 3315 2385 13632
11 3315 13632 15534
11 13632 16033 15534
11 13632 16036 16033
11 3315 3313 2385
11 13632 16036 16033
11 16036 16428 112
11 16036 112 94
11 114 16036 94
11 114 94 10647
11 16305 114 10647
11 16305 10647 13837
11 16305 13837 13914
11 16305 13914 12659
11 12659 15244 16305
11 134 16305 15244
11 15244 167 134
11 3116 134 167
11 167 2903 3116
11 3116 2903 3152
11 3120 3116 3152
11 3120 3152 14003
11 3120 14003 11353
11 11353 14003 3156
11 11353 3156 12278
11 12278 3156 14175
11 12278 14175 3155
11 11854 12278 3155
11 14175 2899 3155
11 3155 2899 14050
11 14050 2899 14304
11 15297 14050 14304
11 15297 14304 15193
11 14304 1733 15193
11 15193 1733 15325
11 1733 2789 15325
11 13864 2789 1733
11 1733 11595 13864
11 13864 11595 1037
11 1037 11595 1734
11 3933 1037 1734
11 1734 11311 3933
11 1729 3933 11311
11 11311 2906 1729
11 2906 14565 1729
11 14565 157 1729
11 1729 157 136
11 1729 136 12016
11 1729 12016 3933
11 3933 12016 13964
11 3823 3933 13964
11 3823 1037 3933
11 3823 11406 1037
11 13964 12016 105
11 13964 105 92
11 105 1143 92
11 14805 92 1143
11 1143 13629 14805
11 13629 13946 14805
11 14022 14805 13946
11 13946 13457 14022
11 14022 13457 143
11 143 13457 2072
11 2072 170 143
11 16122 143 170
11 16122 170 14474
11 16122 14474 3787
11 16121 16122 3787
11 16121 3787 13219
11 14278 13219 3787
11 3787 14474 160
11 14474 183 160
11 183 632 160
11 632 13680 160
11 13680 13969 160
11 16428 160 13969
11 16428 13969 6473
11 112 16428 6473
11 112 6473 10804
11 94 112 10804
11 10647 94 10804
11 10647 10804 14410
11 13837 10647 14410
11 13837 14410 106
11 13837 106 139
11 13914 13837 139
11 13914 139 155
11 13914 155 12659
11 155 174 12659
11 12659 174 12743
11 12659 12743 15179
11 15244 12659 15179
11 1840 15244 15179
11 14721 1840 15179
11 14721 15179 12743
11 14721 12743 15580
11 14721 15580 13117
11 14721 13117 226
11 226 203 14721
11 1840 14721 203
11 1840 203 187
11 1840 187 167
11 167 15244 1840
11 167 187 14674
11 14674 2906 167
11 2903 167 2906
11 11311 2903 2906
11 2903 11311 2901
11 3152 2903 2901
11 14003 3152 2901
11 14003 2901 2900
11 3156 14003 2900
11 3156 2900 2899
11 3156 2899 14175
11 2900 1733 2899
11 1733 14304 2899
11 1733 2900 11595
11 11595 2900 1734
11 2901 1734 2900
11 2901 11311 1734
11 2901 1734 2900
11 2901 11311 1734
11 14674 14565 2906
11 14565 14674 2522
11 2522 157 14565
11 2522 2726 157
11 2726 2228 157
11 157 2228 136
11 11746 136 2228
11 3558 11746 2228
11 2228 10855 3558
11 10855 9672 3558
11 9672 10563 3558
11 3558 10563 1570
11 3558 1570 1143
11 3558 1143 11746
11 11746 1143 105
11 11746 105 136
11 12016 136 105
11 12960 1143 1570
11 2919 12960 1570
11 2919 1570 3066
11 2919 3066 11052
11 2919 11052 9883
11 12960 2919 9883
11 12960 9883 13629
11 1143 12960 13629
11 4705 13629 9883
11 8708 4705 9883
11 11052 8708 9883
11 6612 8708 11052
11 15837 6612 11052
11 11052 3066 15837
11 15837 3066 2707
11 13126 15837 2707
11 13126 2707 12994
11 110 13126 12994
11 110 12994 12417
11 110 12417 10059
11 129 110 10059
11 2118 129 10059
11 2118 10059 13065
11 13065 6816 2118
11 2118 6816 2715
11 2715 2717 2118
11 2118 2717 2721
11 2721 13729 2118
11 13729 129 2118
11 158 129 13729
11 2721 158 13729
11 2721 2716 158
11 16475 158 2716
11 178 16475 2716
11 178 2716 2812
11 178 2812 161
11 1728 178 161
11 12305 1728 161
11 145 12305 161
11 3297 145 161
11 2812 3297 161
11 3366 3297 2812
11 2712 3366 2812
11 2721 2712 2812
11 2716 2721 2812
11 2721 2717 2712
11 2712 2717 2807
11 1593 2712 2807
11 2806 1593 2807
11 2715 2806 2807
11 2807 2717 2715
11 2715 2183 2806
11 8337 2806 2183
11 8337 2183 10905
11 4088 8337 10905
11 4088 10905 10900
11 14316 4088 10900
11 13133 14316 10900
11 1182 13133 10900
11 15233 1182 10900
11 15233 10900 10905
11 15233 10905 1245
11 15233 1245 2793
11 2793 5257 15233
11 8011 15233 5257
11 8011 5257 8542
11 8011 8542 13882
11 8011 13882 4336
11 16045 8011 4336
11 16045 4336 15960
11 16045 15960 13095
11 16045 13095 7224
11 1182 16045 7224
11 1182 7224 13133
11 7224 13123 13133
11 7471 13133 13123
11 13123 2720 7471
11 7471 2720 2133
11 16674 7471 2133
11 2133 3368 16674
11 3368 12238 16674
11 12238 4088 16674
11 4088 14316 16674
11 14316 7471 16674
11 14316 13133 7471
11 12238 5485 4088
11 5485 8337 4088
11 5485 2806 8337
11 5485 1592 2806
11 2806 1592 2440
11 2806 2440 1593
11 1591 1593 2440
11 1591 2440 9406
11 1591 9406 3291
11 15980 1591 3291
11 3291 11012 15980
11 15915 15980 11012
11 15915 11012 1696
11 15915 1696 15910
11 3199 15915 15910
11 3199 15910 16485
11 2739 3199 16485
11 2739 16485 2738
11 2739 2738 1955
11 2739 1955 12581
11 12581 15663 2739
11 2739 15663 16019
11 16019 3199 2739
11 2614 3199 16019
11 2614 16019 1487
11 2614 1487 13714
11 13714 15881 2614
11 15915 2614 15881
11 15881 15980 15915
11 15920 15980 15881
11 2613 15920 15881
11 2613 15881 13714
11 13714 1487 2613
11 16460 2613 1487
11 16460 1487 1952
11 2569 16460 1952
11 2569 1952 11344
11 4089 2569 11344
11 4089 11344 2561
11 14252 4089 2561
11 2466 14252 2561
11 13121 2466 2561
11 2561 15663 13121
11 13121 15663 12581
11 13121 12581 1955
11 1955 13252 13121
11 13121 13252 4092
11 4092 14689 13121
11 14689 2466 13121
11 14689 13882 2466
11 13882 8542 2466
11 2466 8542 13228
11 2466 13228 14252
11 14252 13228 4089
11 13228 15966 4089
11 4089 15966 1668
11 1668 2569 4089
11 1948 2569 1668
11 2559 1948 1668
11 2559 1668 15961
11 2559 15961 122
11 2559 122 142
11 1946 2559 142
11 1946 142 165
11 165 1945 1946
11 1946 1945 15656
11 1946 15656 2559
11 2559 15656 1948
11 15686 1948 15656
11 10983 15686 15656
11 2727 10983 15656
11 1945 2727 15656
11 172 2727 1945
11 1945 180 172
11 194 172 180
11 204 194 180
11 204 180 1255
11 204 1255 1256
11 204 1256 232
11 232 1517 204
11 1517 16459 204
11 16459 194 204
11 16459 216 194
11 16462 194 216
11 216 2110 16462
11 2113 16462 2110
11 2113 2110 14929
11 2111 2113 14929
11 8879 2111 14929
11 14929 2110 8879
11 2110 236 8879
11 236 253 8879
11 253 14384 8879
11 2570 8879 14384
11 14384 9079 2570
11 2503 2570 9079
11 1286 2503 9079
11 9079 9291 1286
11 9291 2430 1286
11 1286 2430 8975
11 1286 8975 16361
11 2503 1286 16361
11 2503 16361 14784
11 2503 14784 8390
11 2570 2503 8390
11 2570 8390 13896
11 8879 2570 13896
11 8879 13896 2111
11 9003 2111 13896
11 9330 9003 13896
11 9330 13896 8390
11 2156 9330 8390
11 2156 8390 12470
11 2156 12470 2502
11 11049 2156 2502
11 2502 9142 11049
11 9142 7846 11049
11 11049 7846 2112
11 11049 2112 5895
11 2115 11049 5895
11 3053 2115 5895
11 3053 5895 14174
11 14174 2708 3053
11 3053 2708 3052
11 2115 3053 3052
11 2115 3052 14340
11 14340 8254 2115
11 8254 9003 2115
11 2115 9003 2156
11 2156 11049 2115
11 2156 9003 9330
11 8254 2111 9003
11 2113 2111 8254
11 2113 8254 13623
11 2113 13623 2710
11 2113 2710 16462
11 172 16462 2710
11 172 2710 147
11 2727 172 147
11 147 2616 2727
11 2616 10983 2727
11 2616 2728 10983
11 10983 2728 15686
11 2728 16460 15686
11 16460 1948 15686
11 2569 1948 16460
11 16460 2728 2613
11 2613 2728 16184
11 2613 16184 15920
11 16184 15863 15920
11 15920 15863 15981
11 9933 15920 15981
11 15981 1847 9933
11 9933 1847 15980
11 15980 15920 9933
11 1847 1591 15980
11 1591 1847 16060
11 1591 16060 1593
11 1593 16060 3366
11 1593 3366 2712
11 3366 16060 13236
11 125 3366 13236
11 125 13236 14596
11 96 125 14596
11 96 14596 93
11 96 93 14726
11 125 96 14726
11 14726 8484 125
11 125 8484 12305
11 125 12305 145
11 3297 125 145
11 3297 3366 125
11 12305 8484 13234
11 13234 1728 12305
11 14654 1728 13234
11 15511 14654 13234
11 15511 13234 1725
11 15511 1725 13587
11 13587 8504 15511
11 1087 15511 8504
11 1087 8504 11011
11 1087 11011 234
11 2297 1087 234
11 215 2297 234
11 4768 215 234
11 234 8736 4768
11 8736 4762 4768
11 4768 4762 2683
11 4768 2683 2677
11 2681 4768 2677
11 2681 2677 208
11 201 2681 208
11 16475 201 208
11 208 3088 16475
11 3088 2071 16475
11 158 16475 2071
11 129 158 2071
11 129 2071 1891
11 129 1891 11399
11 129 11399 110
11 110 11399 13126
11 13126 11399 15837
11 15837 11399 6612
11 11399 1846 6612
11 1846 8708 6612
11 1846 3034 8708
11 8708 3034 4705
11 3034 13200 4705
11 13200 11865 4705
11 4705 11865 13629
11 11865 13946 13629
11 12495 13946 11865
11 13200 12495 11865
11 13200 15299 12495
11 13457 12495 15299
11 13457 15299 2072
11 15299 12377 2072
11 12377 1163 2072
11 2072 1163 170
11 170 1163 183
11 170 183 14474
11 1163 214 183
11 4094 183 214
11 4094 214 14180
11 3075 4094 14180
11 3075 14180 546
11 546 13368 3075
11 13368 3067 3075
11 3075 3067 13666
11 13666 3379 3075
11 3379 4094 3075
11 1125 4094 3379
11 3379 1396 1125
11 1396 12493 1125
11 12493 235 1125
11 205 1125 235
11 205 235 14934
11 632 205 14934
11 632 14934 13680
11 13680 14934 3920
11 13680 3920 13969
11 3920 15567 13969
11 13969 15567 6473
11 15567 14204 6473
11 14204 14417 6473
11 10804 6473 14417
11 10804 14417 14410
11 14417 107 14410
11 14410 107 106
11 106 107 188
11 188 139 106
11 155 139 188
11 188 174 155
11 174 188 190
11 12743 174 190
11 12743 190 15580
11 190 212 15580
11 212 242 15580
11 15580 242 16185
11 15580 16185 13117
11 13117 16185 266
11 226 13117 266
11 266 8560 226
11 226 8560 16402
11 203 226 16402
11 203 16402 9869
11 203 9869 187
11 187 9869 202
11 202 2522 187
11 14674 187 2522
11 2522 202 7368
11 7368 2726 2522
11 2588 2726 7368
11 2588 7368 230
11 2134 2588 230
11 262 2134 230
11 230 8191 262
11 262 8191 1963
11 16376 262 1963
11 3129 16376 1963
11 13929 3129 1963
11 1963 16201 13929
11 13929 16201 16256
11 16256 3129 13929
11 11912 3129 16256
11 16455 11912 16256
11 16455 16256 567
11 13419 16455 567
11 13419 567 16200
11 3132 13419 16200
11 3132 16200 11296
11 3132 11296 16407
11 16407 11596 3132
11 3132 11596 16278
11 16373 3132 16278
11 16278 10704 16373
11 3237 16373 10704
11 3237 10704 2629
11 3237 2629 9993
11 3237 9993 2293
11 3237 2293 11395
11 16373 3237 11395
11 11395 3131 16373
11 3131 3132 16373
11 13419 3132 3131
11 13227 13419 3131
11 13227 3131 1568
11 16455 13227 1568
11 11195 16455 1568
11 3234 11195 1568
11 11395 3234 1568
11 3131 11395 1568
11 11395 2288 3234
11 3234 2288 2630
11 12301 3234 2630
11 3240 12301 2630
11 3240 2630 11856
11 3240 11856 16653
11 3240 16653 2628
11 3240 2628 12443
11 3240 12443 16375
11 3240 16375 12301
11 12301 16375 3234
11 3234 16375 11195
11 16455 11195 16375
11 16455 16375 11912
11 11912 16375 3129
11 3129 16375 12443
11 3129 12443 16376
11 12443 2628 16376
11 16376 2628 282
11 16376 282 262
11 262 282 16153
11 2134 262 16153
11 16153 10735 2134
11 2588 2134 10735
11 12790 2588 10735
11 12790 10735 13911
11 13078 12790 13911
11 9697 13078 13911
11 9697 13911 7353
11 4572 9697 7353
11 4572 7353 5951
11 4572 5951 11132
11 4572 11132 8871
11 4572 8871 11693
11 4572 11693 9697
11 11693 10849 9697
11 10849 13078 9697
11 9672 13078 10849
11 10849 10197 9672
11 6407 9672 10197
11 6407 10197 12951
11 12951 3066 6407
11 3066 1570 6407
11 10563 6407 1570
11 9672 6407 10563
11 2707 3066 12951
11 12951 5810 2707
11 5810 122 2707
11 2707 122 12994
11 15961 12994 122
11 15961 12417 12994
11 15961 15964 12417
11 15964 14516 12417
11 12417 14516 10059
11 10059 14516 13065
11 5806 13065 14516
11 5806 14516 4860
11 12149 5806 4860
11 12149 4860 10645
11 5257 12149 10645
11 10645 8542 5257
11 13228 8542 10645
11 15966 13228 10645
11 15966 10645 4860
11 15966 4860 15964
11 1668 15966 15964
11 1668 15964 15961
11 15964 4860 14516
11 12149 5257 2793
11 5806 12149 2793
11 2793 13065 5806
11 2793 6816 13065
11 1245 6816 2793
11 1245 2183 6816
11 2715 6816 2183
11 10905 2183 1245
11 15966 10645 4860
11 5806 12149 2793
11 15964 4860 14516
11 2793 13065 5806
11 15964 4860 14516
11 1668 15964 15961
11 122 5810 142
11 5810 2725 142
11 165 142 2725
11 165 2725 1255
11 165 1255 180
11 165 180 1945
11 13532 1255 2725
11 2725 14598 13532
11 14598 3559 13532
11 3559 15527 13532
11 13532 15527 9388
11 14914 13532 9388
11 16257 14914 9388
11 16257 9388 11182
11 16257 11182 7423
11 16257 7423 1754
11 13216 16257 1754
11 1754 6072 13216
11 13216 6072 14504
11 13216 14504 283
11 13216 283 257
11 257 14786 13216
11 13216 14786 16257
11 1256 16257 14786
11 1256 14786 232
11 257 232 14786
11 13246 232 257
11 13246 257 14709
11 13246 14709 15699
11 16260 13246 15699
11 7569 16260 15699
11 14483 7569 15699
11 15699 7262 14483
11 7262 14490 14483
11 14490 11576 14483
11 11223 14483 11576
11 11223 11576 4854
11 4853 11223 4854
11 4853 4854 12221
11 4853 12221 13740
11 4853 13740 12666
11 4853 12666 16301
11 4853 16301 11223
11 11223 16301 7569
11 11223 7569 14483
11 16301 16487 7569
11 7569 16487 14075
11 7569 14075 16260
11 14075 3864 16260
11 3864 8246 16260
11 8246 13246 16260
11 8246 11266 13246
11 11266 1517 13246
11 232 13246 1517
11 1517 11266 3866
11 3866 16459 1517
11 2584 16459 3866
11 2582 2584 3866
11 14621 2582 3866
11 3866 8246 14621
11 14621 8246 2583
11 8263 14621 2583
11 12452 8263 2583
11 12452 2583 12406
11 1620 12452 12406
11 1620 12406 12987
11 12987 1791 1620
11 1620 1791 12452
11 1791 15701 12452
11 8263 12452 15701
11 15701 14976 8263
11 14976 2582 8263
11 8263 2582 14621
11 2582 14976 9098
11 2582 9098 14876
11 2584 2582 14876
11 2584 14876 236
11 216 2584 236
11 216 236 2110
11 16459 2584 216
11 14876 253 236
11 14876 12585 253
11 16685 253 12585
11 16685 12585 9228
11 16685 9228 285
11 16685 285 9079
11 9079 14384 16685
11 16685 14384 253
11 9079 285 9291
11 259 9291 285
11 259 285 8998
11 8736 259 8998
11 8736 8998 3000
11 8736 3000 4762
11 1552 4762 3000
11 3000 10809 1552
11 10809 5615 1552
11 1552 5615 14318
11 1552 14318 16412
11 1552 16412 13988
11 1552 13988 1195
11 1552 1195 4762
11 2683 4762 1195
11 2683 1195 1554
11 2677 2683 1554
11 2677 1554 921
11 921 1193 2677
11 208 2677 1193
11 1193 3088 208
11 3088 1193 3400
11 3088 3400 14457
11 14457 3032 3088
11 2071 3088 3032
11 3032 1891 2071
11 13111 1891 3032
11 3032 3399 13111
11 13111 3399 3033
11 3033 1846 13111
11 13111 1846 1891
11 11399 1891 1846
11 1846 3033 3034
11 13196 3034 3033
11 1755 13196 3033
11 3033 12455 1755
11 1755 12455 1515
11 1515 8709 1755
11 8709 10918 1755
11 1755 10918 2074
11 1755 2074 13196
11 2074 3034 13196
11 2074 13200 3034
11 2074 10964 13200
11 10964 15299 13200
11 12705 15299 10964
11 12705 10964 10918
11 97 12705 10918
11 8709 97 10918
11 97 8709 13031
11 97 13031 15074
11 10670 97 15074
11 12079 10670 15074
11 15074 3781 12079
11 12079 3781 14144
11 12079 14144 256
11 256 10670 12079
11 231 10670 256
11 256 546 231
11 546 14180 231
11 14180 214 231
11 231 214 10935
11 231 10935 10670
11 10935 12705 10670
11 10670 12705 97
11 12705 10935 12377
11 12705 12377 15299
11 1163 12377 10935
11 1163 10935 214
11 1163 10935 214
11 16653 546 256
11 2628 16653 256
11 276 2628 256
11 276 256 14144
11 276 14144 10925
11 276 10925 282
11 276 282 2628
11 10925 16153 282
11 16153 10925 1959
11 16153 1959 9773
11 16153 9773 10735
11 9773 13911 10735
11 7353 13911 9773
11 7353 9773 5951
11 5951 9773 1959
11 5951 1959 13958
11 5951 13958 7744
11 11132 5951 7744
11 1754 11132 7744
11 1754 7744 6072
11 6072 7744 13631
11 8180 6072 13631
11 13631 12940 8180
11 12940 13976 8180
11 13976 13923 8180
11 8180 13923 6072
11 14504 6072 13923
11 284 14504 13923
11 14532 284 13923
11 13976 14532 13923
11 13188 14532 13976
11 13976 3400 13188
11 13188 3400 1193
11 1193 272 13188
11 13188 272 14532
11 272 284 14532
11 272 14789 284
11 284 14789 7327
11 284 7327 283
11 284 283 14504
11 7262 283 7327
11 7327 14490 7262
11 7327 8119 14490
11 8119 12804 14490
11 11576 14490 12804
11 5472 11576 12804
11 5472 12804 15841
11 5472 15841 12908
11 5472 12908 12917
11 3583 5472 12917
11 3583 12917 9561
11 13412 3583 9561
11 13412 9561 16
11 922 13412 16
11 922 16 14073
11 14073 12309 922
11 12309 6193 922
11 922 6193 12192
11 922 12192 12806
11 922 12806 13412
11 13412 12806 3583
11 3583 12806 11142
11 4854 3583 11142
11 12221 4854 11142
11 12221 11142 12806
11 5660 12221 12806
11 5660 12806 12192
11 9256 5660 12192
11 9256 12192 6193
11 2769 9256 6193
11 2769 6193 12328
11 2769 12328 2536
11 2536 15028 2769
11 9261 2769 15028
11 9261 15028 16309
11 9261 16309 16302
11 1367 9261 16302
11 16302 13844 1367
11 13844 16306 1367
11 16306 11345 1367
11 5660 1367 11345
11 5660 11345 13740
11 12221 5660 13740
11 11345 16259 13740
11 16259 12666 13740
11 16259 7637 12666
11 10106 12666 7637
11 12989 10106 7637
11 12989 7637 7673
11 7673 12406 12989
11 12989 12406 3864
11 12989 3864 16487
11 16487 10106 12989
11 16301 10106 16487
11 16301 12666 10106
11 16487 3864 14075
11 12406 2583 3864
11 8246 3864 2583
11 7673 12987 12406
11 14932 12987 7673
11 12490 14932 7673
11 7673 7637 12490
11 12490 7637 9815
11 9815 14932 12490
11 10034 14932 9815
11 10034 9815 9758
11 10034 9758 1618
11 8526 10034 1618
11 9756 8526 1618
11 6851 9756 1618
11 6851 1618 4352
11 6851 4352 12024
11 10121 6851 12024
11 12024 16306 10121
11 1148 10121 16306
11 1148 16306 13844
11 1148 13844 8163
11 1148 8163 13433
11 1520 1148 13433
11 1520 13433 9673
11 1520 9673 11919
11 11919 9756 1520
11 10121 1520 9756
11 6851 10121 9756
11 1148 1520 10121
11 11919 8526 9756
11 11919 1421 8526
11 1421 6625 8526
11 6625 7847 8526
11 7847 10034 8526
11 7847 2602 10034
11 14932 10034 2602
11 14932 2602 13265
11 14932 13265 1794
11 12987 14932 1794
11 1794 1791 12987
11 13084 1791 1794
11 2216 13084 1794
11 13265 2216 1794
11 2216 13265 10424
11 16382 2216 10424
11 16382 10424 2209
11 2209 5130 16382
11 5130 5026 16382
11 16382 5026 12525
11 2216 16382 12525
11 2212 2216 12525
11 9963 2212 12525
11 9963 12525 5026
11 9963 5026 13150
11 13150 4661 9963
11 9963 4661 1449
11 1449 2212 9963
11 2212 1449 13673
11 2212 13673 1788
11 2212 1788 13084
11 2212 13084 2216
11 13084 1788 1791
11 15701 1791 1788
11 5235 15701 1788
11 5235 1788 15773
11 9228 5235 15773
11 8998 9228 15773
11 10968 8998 15773
11 9759 10968 15773
11 13673 9759 15773
11 13673 15773 1788
11 1449 9759 13673
11 9759 1449 5615
11 9759 5615 10809
11 9759 10809 3000
11 10968 9759 3000
11 8998 10968 3000
11 1449 4661 5615
11 4661 10062 5615
11 14318 5615 10062
11 14318 10062 14921
11 14318 14921 16412
11 12908 16412 14921
11 12908 14921 12917
11 12917 14921 8416
11 12917 8416 14712
11 14712 9561 12917
11 5332 9561 14712
11 13468 5332 14712
11 13468 14712 10062
11 4661 13468 10062
11 4661 3008 13468
11 3008 5332 13468
11 5332 3008 13198
11 13198 16 5332
11 5332 16 9561
11 3854 16 13198
11 3854 13198 12553
11 3854 12553 9186
11 3854 9186 2678
11 2678 13710 3854
11 3854 13710 547
11 3854 547 14073
11 3854 14073 16
11 547 12309 14073
11 547 923 12309
11 923 6193 12309
11 923 12328 6193
11 12328 923 2536
11 2536 923 12948
11 2536 12948 1201
11 10070 2536 1201
11 11641 10070 1201
11 1201 16203 11641
11 11641 16203 1202
11 11641 1202 2537
11 2537 10070 11641
11 2537 2540 10070
11 10070 2540 15028
11 2536 10070 15028
11 16309 15028 2540
11 2540 11041 16309
11 16309 11041 14047
11 1518 16309 14047
11 1518 14047 12849
11 12849 3861 1518
11 1518 3861 12725
11 1518 12725 3862
11 1518 3862 5433
11 5433 16309 1518
11 5433 16302 16309
11 8163 16302 5433
11 8163 5433 13433
11 13433 5433 3862
11 3862 9512 13433
11 13433 9512 2586
11 9673 13433 2586
11 2586 8976 9673
11 9673 8976 11919
11 8976 1421 11919
11 8976 6962 1421
11 6962 6625 1421
11 12695 6625 6962
11 12695 6962 1792
11 12695 1792 3397
11 3397 16383 12695
11 14169 12695 16383
11 14169 16383 5053
11 5130 14169 5053
11 5053 4826 5130
11 4826 10923 5130
11 10923 5026 5130
11 4567 5026 10923
11 4567 10923 4826
11 7784 4567 4826
11 2678 7784 4826
11 2678 4826 14604
11 2678 14604 8049
11 2678 8049 13710
11 8049 2686 13710
11 13710 2686 547
11 13125 547 2686
11 9118 13125 2686
11 9544 9118 2686
11 3001 9544 2686
11 8049 3001 2686
11 8049 14604 3001
11 3001 14604 8978
11 8978 12388 3001
11 12388 9236 3001
11 9236 13989 3001
11 3001 13989 9544
11 10449 9544 13989
11 2687 10449 13989
11 2687 13989 8841
11 2687 8841 2688
11 2688 13804 2687
11 13804 6496 2687
11 2687 6496 10449
11 10449 6496 9118
11 10449 9118 9544
11 9118 6496 13125
11 923 13125 6496
11 12948 923 6496
11 1201 12948 6496
11 6496 13804 1201
11 13804 16203 1201
11 16203 13804 2688
11 16203 2688 11151
11 1202 16203 11151
11 1202 11151 16206
11 16206 1203 1202
11 13323 1202 1203
11 1203 1641 13323
11 1641 2770 13323
11 8138 13323 2770
11 1370 8138 2770
11 2770 12007 1370
11 14042 1370 12007
11 14042 12007 16310
11 16310 16304 14042
11 14042 16304 10633
11 14042 10633 16504
11 16504 16303 14042
11 1370 14042 16303
11 11041 1370 16303
11 14047 11041 16303
11 12849 14047 16303
11 16504 12849 16303
11 16504 3861 12849
11 3861 16504 14299
11 1617 3861 14299
11 1617 14299 3863
11 1617 3863 6944
11 9036 1617 6944
11 15314 9036 6944
11 15314 6944 3865
11 15314 3865 12969
11 15314 12969 15274
11 15274 1793 15314
11 1793 14066 15314
11 14066 9036 15314
11 14066 1423 9036
11 1423 1617 9036
11 1423 15282 1617
11 15282 13709 1617
11 1617 13709 3861
11 13709 2581 3861
11 3861 2581 12725
11 12725 2581 3862
11 3862 2581 13206
11 3862 13206 9512
11 13206 7983 9512
11 9512 7983 2586
11 2586 7983 1792
11 2586 1792 8976
11 1792 6962 8976
11 12645 1792 7983
11 12645 7983 1422
11 2600 12645 1422
11 9842 2600 1422
11 9842 1422 2581
11 13709 9842 2581
11 15282 9842 13709
11 12373 9842 15282
11 2601 12373 15282
11 2601 15282 1423
11 8169 2601 1423
11 14066 8169 1423
11 1793 8169 14066
11 8169 1793 14570
11 11453 8169 14570
11 11453 14570 6261
11 11453 6261 2226
11 16464 11453 2226
11 8756 16464 2226
11 8756 2226 1479
11 13262 8756 1479
11 4754 13262 1479
11 13162 4754 1479
11 13162 1479 12461
11 3002 13162 12461
11 1478 3002 12461
11 2226 1478 12461
11 12461 1479 2226
11 2226 6261 1478
11 16388 1478 6261
11 14570 16388 6261
11 12766 16388 14570
11 1793 12766 14570
11 1793 12347 12766
11 12347 16463 12766
11 16463 16388 12766
11 16463 16386 16388
11 16386 5074 16388
11 16388 5074 1478
11 1478 5074 11748
11 1478 11748 3002
11 11024 3002 11748
11 3007 11024 11748
11 3007 11748 5074
11 3007 5074 5078
11 5078 13974 3007
11 3007 13974 3006
11 3006 11024 3007
11 11024 3006 12001
11 11024 12001 16206
11 3003 11024 16206
11 16206 11151 3003
11 2688 3003 11151
11 3003 2688 3005
11 3003 3005 13162
11 3003 13162 3002
11 3003 3002 11024
11 13162 3005 4754
11 3005 14336 4754
11 14336 8841 4754
11 4687 4754 8841
11 4687 8841 13989
11 4687 13989 9236
11 12388 4687 9236
11 5064 4687 12388
11 5064 12388 13310
11 16387 5064 13310
11 16387 13310 11017
11 16387 11017 14564
11 14564 10991 16387
11 16387 10991 13262
11 16387 13262 5064
11 5064 13262 4687
11 4754 4687 13262
11 10991 8756 13262
11 14564 8756 10991
11 14564 11591 8756
11 11591 16464 8756
11 12373 16464 11591
11 14564 12373 11591
11 12373 14564 2600
11 12373 2600 9842
11 11017 2600 14564
11 12645 2600 11017
11 3397 12645 11017
11 13310 3397 11017
11 3397 13310 16383
11 16383 13310 12388
11 16383 12388 8978
11 16383 8978 5053
11 8978 14604 5053
11 14604 4826 5053
11 3397 1792 12645
11 2601 16464 12373
11 8169 16464 2601
11 16464 8169 11453
11 14564 12373 11591
11 14564 8756 10991
11 11017 2600 14564
11 13310 3397 11017
11 16387 13262 5064
11 16383 13310 12388
11 5064 13262 4687
11 4754 4687 13262
11 8841 14336 2688
11 14336 3005 2688
11 14336 3005 2688
11 14336 3005 2688
11 3003 3002 11024
11 16206 12001 11597
11 1203 16206 11597
11 1203 11597 13641
11 13641 6124 1203
11 1203 6124 1641
11 6124 2019 1641
11 1641 2019 2770
11 2770 2019 16310
11 2770 16310 12007
11 2019 11790 16310
11 16307 16310 11790
11 16307 11790 1371
11 8330 16307 1371
11 9505 8330 1371
11 9505 1371 2768
11 5237 9505 2768
11 5237 2768 2538
11 2539 5237 2538
11 1206 2539 2538
11 2538 924 1206
11 924 16211 1206
11 1206 16211 14759
11 14135 1206 14759
11 14135 14759 10344
11 10344 9560 14135
11 14135 9560 9169
11 14135 9169 2539
11 1206 14135 2539
11 2539 9169 13300
11 2541 2539 13300
11 2541 13300 11114
11 2541 11114 8042
11 2541 8042 1358
11 2541 1358 5237
11 5237 2539 2541
11 5237 1358 9505
11 9505 1358 3076
11 3076 8330 9505
11 7009 8330 3076
11 12117 7009 3076
11 16220 12117 3076
11 16220 3076 8042
11 16220 8042 13396
11 3858 16220 13396
11 3858 13396 14216
11 7037 3858 14216
11 4717 7037 14216
11 4717 14216 12937
11 12937 16300 4717
11 10202 4717 16300
11 14006 10202 16300
11 16300 9185 14006
11 9185 16299 14006
11 10959 14006 16299
11 304 10959 16299
11 16299 311 304
11 304 311 332
11 295 304 332
11 295 332 299
11 295 299 1419
11 4407 295 1419
11 10671 4407 1419
11 16609 10671 1419
11 16609 1419 1795
11 9856 16609 1795
11 1795 2215 9856
11 9856 2215 10998
11 9856 10998 10082
11 10082 16609 9856
11 16609 10082 1621
11 11971 16609 1621
11 1621 2587 11971
11 2587 7509 11971
11 7509 10671 11971
11 10671 16609 11971
11 7509 11111 10671
11 11111 4407 10671
11 14006 4407 11111
11 11111 10202 14006
11 7509 10202 11111
11 7509 4717 10202
11 4717 7509 7037
11 2587 7037 7509
11 2587 7991 7037
11 7991 3858 7037
11 15320 3858 7991
11 15320 7991 11832
11 15320 11832 2603
11 2603 8269 15320
11 15320 8269 3860
11 3858 15320 3860
11 3860 16220 3858
11 3860 12117 16220
11 3860 7009 12117
11 3860 13765 7009
11 13765 1521 7009
11 7009 1521 16219
11 7009 16219 8330
11 16219 16307 8330
11 16307 16219 13112
11 16307 13112 16304
11 16304 16310 16307
11 3865 16304 13112
11 12969 3865 13112
11 12969 13112 16219
11 1521 12969 16219
11 12969 1521 15274
11 8269 15274 1521
11 1521 13765 8269
11 13765 3860 8269
11 1424 15274 8269
11 13315 1424 8269
11 13315 8269 2603
11 13315 2603 2597
11 1424 13315 2597
11 1424 2597 12347
11 1424 12347 14746
11 15274 1424 14746
11 14746 1793 15274
11 14746 12347 1793
11 14746 12347 1793
11 16463 12347 2597
11 12408 16463 2597
11 2603 12408 2597
11 3396 12408 2603
11 13402 3396 2603
11 13402 2603 11832
11 4011 13402 11832
11 4011 11832 5709
11 6707 4011 5709
11 1621 6707 5709
11 1621 5709 2587
11 2587 5709 7991
11 7991 5709 11832
11 1621 10082 6707
11 10082 14734 6707
11 6707 14734 4011
11 14734 5915 4011
11 5915 16385 4011
11 16385 3396 4011
11 4011 3396 13402
11 16385 10873 3396
11 10873 12408 3396
11 10873 16463 12408
11 16386 16463 10873
11 16386 10873 1480
11 5078 16386 1480
11 4636 5078 1480
11 12608 4636 1480
11 12608 1480 5006
11 12608 5006 4642
11 12608 4642 10287
11 12608 10287 3004
11 4636 12608 3004
11 4636 3004 8004
11 4636 8004 13974
11 5078 4636 13974
11 13974 8004 3006
11 2693 3006 8004
11 3004 2693 8004
11 16211 2693 3004
11 16211 3004 14759
11 3004 10287 14759
11 14759 10287 10344
11 10287 9238 10344
11 10344 9238 7408
11 925 10344 7408
11 7408 6951 925
11 925 6951 6455
11 13300 925 6455
11 13300 6455 11114
11 11114 6455 14145
11 15997 11114 14145
11 16308 15997 14145
11 14145 4781 16308
11 4781 10499 16308
11 16308 10499 16300
11 12937 16308 16300
11 12937 15997 16308
11 16503 15997 12937
11 16503 12937 14216
11 14216 13396 16503
11 13396 8042 16503
11 16503 8042 15997
11 11114 15997 8042
11 16503 8042 15997
11 16300 10499 9185
11 9185 10499 16299
11 16299 10499 8771
11 16299 8771 321
11 16299 321 311
11 332 311 321
11 332 321 337
11 332 337 347
11 347 360 332
11 360 371 332
11 332 371 372
11 372 361 332
11 332 361 348
11 348 339 332
11 332 339 330
11 332 330 318
11 308 332 318
11 318 1795 308
11 1419 308 1795
11 1419 299 308
11 308 299 332
11 1795 318 2215
11 330 2215 318
11 2215 330 1477
11 16384 2215 1477
11 12907 16384 1477
11 2999 12907 1477
11 1477 361 2999
11 2999 361 2998
11 14563 2999 2998
11 16202 14563 2998
11 16202 2998 371
11 371 360 16202
11 16202 360 9881
11 16202 9881 13566
11 9639 16202 13566
11 10092 9639 13566
11 10092 13566 14217
11 11072 10092 14217
11 11072 14217 6211
11 6188 11072 6211
11 14145 6188 6211
11 14145 6211 4781
11 4781 6211 14122
11 4781 14122 14146
11 4781 14146 10499
11 14146 8771 10499
11 14146 321 8771
11 337 321 14146
11 14146 11967 337
11 337 11967 347
11 11967 10112 347
11 10112 360 347
11 9881 360 10112
11 13566 9881 10112
11 13566 10112 14217
11 14217 10112 14122
11 6211 14217 14122
11 11967 14122 10112
11 11967 14146 14122
11 11967 14122 10112
11 11967 14146 14122
11 11967 14146 14122
11 6211 14217 14122
11 14145 12316 6188
11 14218 6188 12316
11 6455 14218 12316
11 14145 6455 12316
11 6951 14218 6455
11 16212 14218 6951
11 16212 6951 7408
11 7408 16476 16212
11 16212 16476 6815
11 16212 6815 12893
11 12893 9912 16212
11 9912 14218 16212
11 6188 14218 9912
11 6188 9912 4399
11 6188 4399 11072
11 11072 4399 10092
11 2682 10092 4399
11 4399 6095 2682
11 8527 2682 6095
11 8527 6095 12893
11 15396 8527 12893
11 12893 6676 15396
11 15396 6676 11883
11 11883 4673 15396
11 15396 4673 8527
11 8527 4673 13510
11 4531 8527 13510
11 4531 13510 10877
11 4531 10877 2999
11 4531 2999 14563
11 14563 9639 4531
11 9639 2682 4531
11 4531 2682 8527
11 2682 9639 10092
11 16202 9639 14563
11 2999 10877 12907
11 10877 13510 12907
11 12907 13510 5003
11 5003 16384 12907
11 14734 16384 5003
11 14734 5003 10796
11 14734 10796 5915
11 5915 10796 11778
11 5915 11778 16385
11 5006 16385 11778
11 11778 4642 5006
11 11778 11883 4642
11 11883 16476 4642
11 10287 4642 16476
11 10287 16476 9238
11 9238 16476 7408
11 6676 16476 11883
11 6815 16476 6676
11 12893 6815 6676
11 10796 11883 11778
11 10796 4673 11883
11 5003 4673 10796
11 13510 4673 5003
11 16385 5006 1480
11 10873 16385 1480
11 10796 11883 11778
11 5003 4673 10796
11 10082 16384 14734
11 10082 10998 16384
11 10998 2215 16384
11 13510 4673 5003
11 10877 13510 12907
11 4531 2682 8527
11 13510 4673 5003
11 10796 4673 11883
11 6676 16476 11883
11 12893 6815 6676
11 15396 4673 8527
11 12893 6095 9912
11 4399 9912 6095
11 4531 2682 8527
11 4399 9912 6095
11 2682 9639 10092
11 4399 9912 6095
11 12893 6095 9912
11 12893 6815 6676
11 6815 16476 6676
11 9238 16476 7408
11 9912 14218 16212
11 6188 14218 9912
11 14145 6455 12316
11 6188 4399 11072
11 6211 14217 14122
11 11072 4399 10092
11 13566 10112 14217
11 2682 9639 10092
11 16202 9639 14563
11 13566 9881 10112
11 9881 360 10112
11 372 371 2998
11 2998 361 372
11 16202 9639 14563
11 4531 2999 14563
11 2998 361 372
11 1477 348 361
11 348 1477 339
11 1477 330 339
11 2999 10877 12907
11 5003 16384 12907
11 10998 2215 16384
11 1477 330 339
11 308 299 332
11 330 2215 318
11 1477 330 339
11 348 1477 339
11 1477 348 361
11 2998 361 372
11 372 371 2998
11 371 360 16202
11 10112 360 347
11 337 11967 347
11 337 321 14146
11 14146 321 8771
11 14146 8771 10499
11 4781 14146 10499
11 14145 6211 4781
11 12937 15997 16308
11 11114 15997 8042
11 14145 6455 12316
11 9169 925 13300
11 9560 925 9169
11 10344 925 9560
11 6951 14218 6455
11 16212 6951 7408
11 10344 925 9560
11 9238 16476 7408
11 10287 16476 9238
11 2693 16211 16208
11 2690 2693 16208
11 11597 2690 16208
11 13641 11597 16208
11 13641 16208 924
11 924 6124 13641
11 2538 6124 924
11 2768 6124 2538
11 6124 2768 2019
11 1371 2019 2768
11 2019 1371 11790
11 16208 16211 924
11 12001 2690 11597
11 3006 2690 12001
11 3006 2693 2690
11 3006 2693 2690
11 16208 16211 924
11 3006 2693 2690
11 3004 2693 8004
11 3004 10287 14759
11 10287 4642 16476
11 11778 4642 5006
11 16385 5006 1480
11 4636 12608 3004
11 5078 4636 13974
11 5078 5074 16386
11 10873 16385 1480
11 10873 16385 1480
11 5915 11778 16385
11 14734 10796 5915
11 10082 16384 14734
11 6707 14734 4011
11 7991 5709 11832
11 4011 3396 13402
11 4011 3396 13402
11 10873 12408 3396
11 10873 16463 12408
11 2603 12408 2597
11 1424 13315 2597
11 15274 1424 14746
11 16304 3865 12716
11 16304 12716 10633
11 12716 3863 10633
11 10633 3863 16504
11 16504 3863 14299
11 6944 3863 12716
11 6944 12716 3865
11 6944 12716 3865
11 12969 13112 16219
11 1521 12969 16219
11 1521 13765 8269
11 13765 3860 8269
11 13765 3860 8269
11 13315 8269 2603
11 13402 2603 11832
11 7991 5709 11832
11 3858 15320 3860
11 2587 5709 7991
11 14006 10959 4407
11 10959 295 4407
11 304 295 10959
11 7509 10202 11111
11 2587 7037 7509
11 1621 5709 2587
11 10671 16609 11971
11 1621 10082 6707
11 10082 10998 16384
11 10998 2215 16384
11 1795 318 2215
11 10082 16609 9856
11 1419 308 1795
11 10671 16609 11971
11 11111 4407 10671
11 10959 295 4407
11 1419 299 308
11 308 299 332
11 304 295 10959
11 332 311 321
11 16299 321 311
11 304 295 10959
11 14006 10959 4407
11 9185 10499 16299
11 16300 10499 9185
11 11111 10202 14006
11 7509 4717 10202
11 12937 16308 16300
11 16503 12937 14216
11 4717 7509 7037
11 7991 3858 7037
11 14216 13396 16503
11 3860 16220 3858
11 13396 8042 16503
11 8042 3076 1358
11 3860 12117 16220
11 3860 7009 12117
11 7009 16219 8330
11 8042 3076 1358
11 8042 3076 1358
11 11114 15997 8042
11 13300 6455 11114
11 5237 2539 2541
11 9169 925 13300
11 9560 925 9169
11 10344 925 9560
11 14759 10287 10344
11 1206 14135 2539
11 16211 3004 14759
11 16208 16211 924
11 2538 6124 924
11 1206 14135 2539
11 5237 2539 2541
11 2768 6124 2538
11 5237 1358 9505
11 1371 2019 2768
11 3076 8330 9505
11 16219 16307 8330
11 2019 1371 11790
11 16304 16310 16307
11 2019 1371 11790
11 6124 2768 2019
11 924 6124 13641
11 13641 11597 16208
11 12001 2690 11597
11 3006 2690 12001
11 13974 8004 3006
11 5078 4636 13974
11 5078 5074 16386
11 3006 11024 3007
11 3003 3002 11024
11 3007 11748 5074
11 5078 5074 16386
11 16386 16463 10873
11 16463 12347 2597
11 14746 12347 1793
11 16463 16388 12766
11 16388 5074 1478
11 1478 11748 3002
11 3003 13162 3002
11 12461 1479 2226
11 13162 3005 4754
11 4754 4687 13262
11 10991 8756 13262
11 12461 1479 2226
11 11591 16464 8756
11 16464 8169 11453
11 2226 6261 1478
11 14570 16388 6261
11 16464 8169 11453
11 1793 12766 14570
11 8169 16464 2601
11 2601 16464 12373
11 12373 2600 9842
11 1422 13206 2581
11 7983 13206 1422
11 12373 2600 9842
11 12645 2600 11017
11 7983 13206 1422
11 3397 1792 12645
11 7983 13206 1422
11 1422 13206 2581
11 13709 9842 2581
11 15282 9842 13709
11 2601 15282 1423
11 14066 8169 1423
11 1793 8169 14066
11 14746 1793 15274
11 12969 1521 15274
11 12969 3865 13112
11 6944 12716 3865
11 14066 9036 15314
11 1423 1617 9036
11 6944 3863 12716
11 16504 3863 14299
11 1617 13709 3861
11 16504 3863 14299
11 2540 1370 11041
11 1370 2540 8138
11 8138 2540 2537
11 8138 2537 13323
11 2537 1202 13323
11 16504 12849 16303
11 10633 3863 16504
11 16304 12716 10633
11 16304 16310 16307
11 2770 16310 12007
11 1370 14042 16303
11 2770 16310 12007
11 1370 2540 8138
11 8138 2537 13323
11 1641 2019 2770
11 1203 6124 1641
11 2537 1202 13323
11 1203 16206 11597
11 16206 11151 3003
11 2688 3003 11151
11 13125 923 547
11 6496 13804 1201
11 16203 13804 2688
11 8841 14336 2688
11 4687 8841 13989
11 2687 6496 10449
11 10449 9118 9544
11 4687 13989 9236
11 12388 4687 9236
11 16383 12388 8978
11 8978 14604 5053
11 3001 13989 9544
11 10449 9118 9544
11 9118 6496 13125
11 13125 923 547
11 8049 3001 2686
11 8049 14604 3001
11 14604 4826 5053
11 9186 7784 2678
11 12553 7784 9186
11 12553 4567 7784
11 3008 4567 12553
11 13198 3008 12553
11 3008 13150 4567
11 4567 13150 5026
11 3008 4661 13150
11 12553 4567 7784
11 4567 13150 5026
11 4567 10923 4826
11 14604 4826 5053
11 2209 14169 5130
11 2209 12695 14169
11 12695 2209 6625
11 6625 2209 7847
11 7847 2209 2602
11 2602 2209 10424
11 10424 13265 2602
11 16383 8978 5053
11 2209 12695 14169
11 3397 13310 16383
11 3397 1792 12645
11 1792 6962 8976
11 12695 2209 6625
11 1792 6962 8976
11 2586 1792 8976
11 9512 7983 2586
11 3862 13206 9512
11 13844 16302 8163
11 13433 5433 3862
11 12725 2581 3862
11 3861 2581 12725
11 16504 3861 12849
11 12849 14047 16303
11 5433 16309 1518
11 14047 11041 16303
11 2540 1370 11041
11 8138 2540 2537
11 2537 1202 13323
11 1202 16203 11151
11 13804 16203 1201
11 2537 10070 11641
11 2536 10070 15028
11 1201 12948 6496
11 12948 923 6496
11 13125 923 547
11 13710 2686 547
11 2678 8049 13710
11 9186 7784 2678
11 12553 7784 9186
11 13198 3008 12553
11 3854 14073 16
11 13198 3008 12553
11 3008 4661 13150
11 8416 10062 14712
11 14921 10062 8416
11 3008 5332 13468
11 5332 16 9561
11 8416 10062 14712
11 14921 10062 8416
11 12908 1204 16412
11 13988 16412 1204
11 14927 13988 1204
11 15841 14927 1204
11 12908 15841 1204
11 8119 14927 15841
11 15841 12804 8119
11 8119 921 14927
11 921 1554 14927
11 1554 13988 14927
11 1195 13988 1554
11 14789 921 8119
11 7327 14789 8119
11 272 921 14789
11 921 272 1193
11 1554 13988 14927
11 12908 15841 1204
11 14921 10062 8416
11 4661 13468 10062
11 10968 9759 3000
11 8998 10968 3000
11 8998 285 9228
11 9228 9098 5235
11 9098 14976 5235
11 14976 15701 5235
11 12585 9098 9228
11 14876 9098 12585
11 13673 15773 1788
11 14976 15701 5235
11 13673 15773 1788
11 1449 9759 13673
11 1449 4661 5615
11 3008 4661 13150
11 4567 13150 5026
11 1449 2212 9963
11 2212 13084 2216
11 9963 12525 5026
11 10923 5026 5130
11 2209 14169 5130
11 2602 2209 10424
11 2216 16382 12525
11 10424 13265 2602
11 2212 13084 2216
11 13084 1788 1791
11 13265 2216 1794
11 10424 13265 2602
11 7847 2209 2602
11 6625 2209 7847
11 6962 6625 1421
11 8976 1421 11919
11 9673 8976 11919
11 9673 13433 2586
11 1148 1520 10121
11 8163 5433 13433
11 13844 16302 8163
11 1148 1520 10121
11 16259 16306 12024
11 12024 4352 16259
11 4352 7637 16259
11 7637 4352 9815
11 9758 9815 4352
11 1618 9758 4352
11 11345 16306 16259
11 6851 10121 9756
11 12024 4352 16259
11 1618 9758 4352
11 6851 10121 9756
11 11919 8526 9756
11 7847 10034 8526
11 1618 9758 4352
11 9758 9815 4352
11 14932 10034 2602
11 7637 4352 9815
11 9815 14932 12490
11 12987 14932 1794
11 7673 7637 12490
11 16487 10106 12989
11 16301 12666 10106
11 4352 7637 16259
11 11345 16306 16259
11 5660 9256 1367
11 1367 9256 2769
11 1367 2769 9261
11 11345 16306 16259
11 1148 16306 13844
11 13844 16302 8163
11 1367 2769 9261
11 5433 16302 16309
11 16309 15028 2540
11 1367 2769 9261
11 2536 10070 15028
11 12328 923 2536
11 923 12328 6193
11 1367 9256 2769
11 5660 9256 1367
11 12221 5660 13740
11 5472 3583 4854
11 5472 4854 11576
11 12221 11142 12806
11 5660 12806 12192
11 9256 12192 6193
11 923 6193 12309
11 547 12309 14073
11 3854 14073 16
11 922 12806 13412
11 5332 16 9561
11 13412 12806 3583
11 14712 9561 12917
11 5472 3583 4854
11 12908 14921 12917
11 12908 15841 1204
11 15841 12804 8119
11 5472 4854 11576
11 15841 12804 8119
11 7327 14789 8119
11 14709 283 7262
11 15699 14709 7262
11 14709 257 283
11 7327 14789 8119
11 272 921 14789
11 921 272 1193
11 13976 13349 3400
11 3400 13349 3399
11 3400 3399 14457
11 3399 3032 14457
11 13349 1515 3399
11 12455 3399 1515
11 3033 3399 12455
11 13976 1515 13349
11 13976 12940 1515
11 12940 5097 1515
11 8709 1515 5097
11 8709 5097 13031
11 13031 5097 1658
11 1658 9668 13031
11 13031 9668 15074
11 9668 3781 15074
11 1959 3781 9668
11 13958 1959 9668
11 13958 9668 1658
11 13958 1658 7744
11 13631 7744 1658
11 1658 12940 13631
11 1658 5097 12940
11 10925 3781 1959
11 14144 3781 10925
11 13958 9668 1658
11 1658 5097 12940
11 1658 5097 12940
11 13976 1515 13349
11 13188 272 14532
11 272 284 14532
11 284 283 14504
11 13976 14532 13923
11 13976 12940 1515
11 1658 12940 13631
11 8180 13923 6072
11 13631 7744 1658
11 1754 13712 11132
11 13712 8871 11132
11 1257 8871 13712
11 7423 1257 13712
11 7423 13712 1754
11 11182 1257 7423
11 1257 11182 13832
11 1257 13832 9592
11 1257 9592 10143
11 8871 1257 10143
11 8871 10143 11693
11 10143 10849 11693
11 10143 9592 10849
11 9592 10197 10849
11 13832 10197 9592
11 13832 3559 10197
11 12951 10197 3559
11 3559 5810 12951
11 14598 5810 3559
11 2725 5810 14598
11 3559 13832 15527
11 11182 15527 13832
11 9388 15527 11182
11 10143 9592 10849
11 13832 10197 9592
11 11182 15527 13832
11 8871 1257 10143
11 7423 13712 1754
11 13958 1658 7744
11 13958 1959 9668
11 5951 9773 1959
11 10925 3781 1959
11 14144 3781 10925
11 276 282 2628
11 13368 546 16653
11 3387 13368 16653
11 11856 3387 16653
11 2630 3387 11856
11 3387 2630 7100
11 3387 7100 3067
11 13368 3387 3067
11 3067 7100 11004
11 3067 11004 3072
11 13666 3067 3072
11 1396 13666 3072
11 3072 5681 1396
11 2595 1396 5681
11 2595 5681 12596
11 2595 12596 16294
11 13149 2595 16294
11 3809 13149 16294
11 3809 16294 8670
11 8670 14164 3809
11 2798 3809 14164
11 2798 14164 1748
11 2632 2798 1748
11 937 2632 1748
11 1748 938 937
11 14380 937 938
11 14380 938 1749
11 1749 8762 14380
11 8762 16404 14380
11 14380 16404 16201
11 14380 16201 14536
11 14536 937 14380
11 8560 937 14536
11 13796 8560 14536
11 13796 14536 16408
11 16402 13796 16408
11 16408 8300 16402
11 8300 9869 16402
11 8300 202 9869
11 230 202 8300
11 230 8300 16408
11 16408 8191 230
11 16408 13131 8191
11 13131 16201 8191
11 1963 8191 16201
11 13131 14536 16201
11 16408 14536 13131
11 16408 14536 13131
11 7368 202 230
11 230 8300 16408
11 16402 8560 13796
11 16408 14536 13131
11 16402 8560 13796
11 2632 937 8560
11 2632 8560 11465
11 2135 2632 11465
11 2135 11465 266
11 2135 266 289
11 2135 289 16489
11 2135 16489 2592
11 13149 2135 2592
11 2592 2595 13149
11 255 2595 2592
11 16489 255 2592
11 16513 255 16489
11 16513 16489 10708
11 16513 10708 269
11 248 16513 269
11 188 248 269
11 188 269 281
11 188 281 263
11 188 263 242
11 212 188 242
11 212 190 188
11 242 263 16185
11 9946 16185 263
11 281 9946 263
11 10708 9946 281
11 10708 281 269
11 9946 10708 289
11 266 9946 289
11 266 16185 9946
11 10708 16489 289
11 266 16185 9946
11 281 9946 263
11 10708 281 269
11 229 248 188
11 198 229 188
11 198 188 176
11 12105 198 176
11 14269 12105 176
11 14269 176 150
11 14387 14269 150
11 14204 14387 150
11 127 14204 150
11 127 150 188
11 107 127 188
11 14417 127 107
11 14204 127 14417
11 188 150 176
11 14204 127 14417
11 14204 15567 14387
11 15567 14269 14387
11 15567 3920 14269
11 3920 12105 14269
11 3920 14934 12105
11 16099 12105 14934
11 16099 14934 235
11 255 16099 235
11 235 12493 255
11 12493 2595 255
11 2595 12493 1396
11 255 16513 16099
11 16099 16513 229
11 16099 229 12105
11 12105 229 198
11 16513 248 229
11 16099 229 12105
11 15567 14269 14387
11 188 150 176
11 3920 12105 14269
11 12105 229 198
11 188 150 176
11 12105 229 198
11 16513 248 229
11 16513 248 229
11 10708 281 269
11 10708 16489 289
11 255 16513 16099
11 12493 2595 255
11 13753 2135 13149
11 3809 13753 13149
11 13753 3809 2798
11 13753 2798 2632
11 2135 13753 2632
11 2135 13753 2632
11 16489 255 2592
11 10708 16489 289
11 266 9946 289
11 11465 8560 266
11 2135 13753 2632
11 11465 8560 266
11 13131 14536 16201
11 16201 16404 16256
11 567 16256 16404
11 14028 567 16404
11 16404 8762 14028
11 16200 14028 8762
11 16200 8762 14430
11 13817 16200 14430
11 13817 14430 14578
11 13817 14578 13668
11 14390 13817 13668
11 14390 13668 939
11 939 14503 14390
11 14390 14503 16407
11 14390 16407 11296
11 14390 11296 13817
11 13817 11296 16200
11 14503 14393 16407
11 1990 16407 14393
11 1990 14393 10901
11 1990 10901 14133
11 11440 1990 14133
11 11440 14133 16188
11 1280 11440 16188
11 1280 16188 16186
11 1280 16186 1282
11 3134 1280 1282
11 3134 1282 16276
11 16276 1661 3134
11 3134 1661 11866
11 11866 1280 3134
11 860 1280 11866
11 860 11866 3235
11 13079 860 3235
11 3235 7265 13079
11 13079 7265 3390
11 2629 13079 3390
11 9993 2629 3390
11 14517 9993 3390
11 14614 14517 3390
11 3390 7265 14614
11 14614 7265 2285
11 12972 14614 2285
11 3383 12972 2285
11 2285 14454 3383
11 14454 3068 3383
11 3383 3068 4947
11 14396 3383 4947
11 4947 1128 14396
11 716 14396 1128
11 13757 716 1128
11 16430 13757 1128
11 16430 1128 1399
11 1399 13839 16430
11 13839 13542 16430
11 16430 13542 12549
11 12549 6021 16430
11 13757 16430 6021
11 16293 13757 6021
11 6021 11703 16293
11 11703 2136 16293
11 11219 16293 2136
11 16359 11219 2136
11 2136 3810 16359
11 16359 3810 10618
11 16359 10618 16289
11 3244 16359 16289
11 16289 10114 3244
11 3244 10114 11409
11 3244 11409 1398
11 1398 12816 3244
11 11219 3244 12816
11 11219 12816 16293
11 716 16293 12816
11 716 12816 8451
11 716 8451 14396
11 8451 4097 14396
11 4097 3383 14396
11 4097 12972 3383
11 12972 4097 1398
11 3074 12972 1398
11 3074 1398 10574
11 3074 10574 13034
11 3074 13034 14517
11 14517 14614 3074
11 12972 3074 14614
11 14517 13034 3388
11 3388 9993 14517
11 3388 2293 9993
11 2293 3388 11759
11 2288 2293 11759
11 2288 11759 3380
11 2630 2288 3380
11 7100 2630 3380
11 7100 3380 4167
11 11004 7100 4167
11 11004 4167 1126
11 11004 1126 3072
11 3072 1126 5681
11 12596 5681 1126
11 15742 12596 1126
11 3243 15742 1126
11 3243 1126 5285
11 3243 5285 13981
11 9630 3243 13981
11 16289 9630 13981
11 16289 13981 10114
11 11512 10114 13981
11 11512 13981 5285
11 4266 11512 5285
11 5285 4167 4266
11 4167 13731 4266
11 13731 3382 4266
11 4266 3382 1130
11 4266 1130 11512
11 1130 10114 11512
11 1130 11409 10114
11 1130 10574 11409
11 10574 1398 11409
11 13034 10574 1130
11 13034 1130 3382
11 13034 3382 3388
11 3382 11759 3388
11 11759 3382 13731
11 11759 13731 3380
11 4167 3380 13731
11 13034 1130 3382
11 11759 3382 13731
11 4167 3380 13731
11 4167 5285 1126
11 4266 1130 11512
11 1130 10114 11512
11 9303 9630 16289
11 10618 9303 16289
11 10618 11989 9303
11 10922 9303 11989
11 10922 11989 14774
11 11066 10922 14774
11 8304 11066 14774
11 8304 14774 14578
11 1749 8304 14578
11 14430 1749 14578
11 1749 14430 8762
11 1748 8304 1749
11 1748 1749 938
11 1748 14164 8304
11 14164 11066 8304
11 11066 14164 8670
11 9303 11066 8670
11 9303 8670 16290
11 9303 16290 9630
11 3243 9630 16290
11 3243 16290 15742
11 15742 16290 16294
11 12596 15742 16294
11 8670 16294 16290
11 8670 16294 16290
11 11066 9303 10922
11 14578 14774 13668
11 13695 13668 14774
11 11989 13695 14774
11 2192 13695 11989
11 3810 2192 11989
11 10618 3810 11989
11 11726 2192 3810
11 2136 11726 3810
11 2136 15392 11726
11 11726 15392 4657
11 11726 4657 2192
11 2192 4657 11626
11 2192 11626 939
11 2192 939 13695
11 13695 939 13668
11 939 11626 14503
11 14503 11626 14393
11 11626 3354 14393
11 3354 10901 14393
11 14399 10901 3354
11 14399 3354 7099
11 15715 14399 7099
11 2634 15715 7099
11 3354 2634 7099
11 3354 4657 2634
11 15392 2634 4657
11 2799 2634 15392
11 15392 6021 2799
11 6021 12549 2799
11 2799 12549 8145
11 8145 2635 2799
11 2799 2635 2634
11 2634 2635 15715
11 2635 940 15715
11 15715 940 14404
11 14404 10810 15715
11 10810 14399 15715
11 16188 14399 10810
11 10810 16186 16188
11 14404 16186 10810
11 16186 14404 13135
11 16186 13135 1282
11 13135 15672 1282
11 15672 16276 1282
11 15672 13828 16276
11 16374 16276 13828
11 14064 16374 13828
11 16046 14064 13828
11 13828 15672 16046
11 1283 16046 15672
11 1283 15672 16191
11 1283 16191 13925
11 9264 1283 13925
11 14407 9264 13925
11 14407 13925 7630
11 14407 7630 3355
11 3355 15469 14407
11 15469 10181 14407
11 16192 14407 10181
11 16192 10181 14413
11 16192 14413 13023
11 13023 13256 16192
11 12129 16192 13256
11 12129 13256 16187
11 16187 7524 12129
11 7524 6818 12129
11 6818 6587 12129
11 12129 6587 1966
11 1966 16192 12129
11 1966 9264 16192
11 14407 16192 9264
11 1966 1283 9264
11 1966 3125 1283
11 1283 3125 16046
11 3125 11528 16046
11 11528 6986 16046
11 14064 16046 6986
11 14064 6986 13871
11 16374 14064 13871
11 16374 13871 3241
11 1661 16374 3241
11 6009 1661 3241
11 13971 6009 3241
11 2290 13971 3241
11 14353 2290 3241
11 14353 3241 13871
11 2286 14353 13871
11 2286 13871 15998
11 12646 2286 15998
11 15998 12223 12646
11 12646 12223 2295
11 2295 3389 12646
11 3389 2286 12646
11 14372 2286 3389
11 3389 3070 14372
11 3070 4166 14372
11 14372 4166 11954
11 3069 14372 11954
11 3069 11954 5859
11 3069 5859 4098
11 3069 4098 12036
11 2296 3069 12036
11 2296 12036 14749
11 13971 2296 14749
11 13971 14749 7707
11 2631 13971 7707
11 2631 7707 14454
11 7265 2631 14454
11 7265 14454 2285
11 3235 2631 7265
11 3235 6009 2631
11 2631 6009 13971
11 3235 1661 6009
11 11866 1661 3235
11 3068 14454 7707
11 3068 7707 14749
11 14749 12036 3068
11 12036 13838 3068
11 3068 13838 4947
11 1128 4947 13838
11 1128 13838 1399
11 4098 1399 13838
11 12036 4098 13838
11 1399 4098 11805
11 1399 11805 3374
11 1399 3374 13839
11 3374 13542 13839
11 3374 3816 13542
11 2187 13542 3816
11 2187 3816 2193
11 2187 2193 2633
11 2187 2633 8145
11 2187 8145 12549
11 13542 2187 12549
11 2633 2635 8145
11 2633 940 2635
11 2633 13811 940
11 940 13811 14404
11 7630 14404 13811
11 7630 13811 3355
11 2633 3355 13811
11 3355 2633 10019
11 935 3355 10019
11 2193 935 10019
11 2633 2193 10019
11 2193 12870 935
11 12870 12648 935
11 12648 2191 935
11 935 2191 15469
11 935 15469 3355
11 2191 1751 15469
11 15469 1751 14413
11 15469 14413 10181
11 1751 3356 14413
11 3356 14414 14413
11 13023 14413 14414
11 13023 14414 16187
11 13023 16187 13256
11 14414 11809 16187
11 16187 11809 3136
11 16187 3136 7524
11 3136 3127 7524
11 3127 6818 7524
11 3127 16371 6818
11 6818 16371 6587
11 6587 16371 16378
11 3125 6587 16378
11 3125 16378 11528
11 12223 11528 16378
11 12223 16378 2295
11 16378 3238 2295
11 12665 2295 3238
11 2287 12665 3238
11 2287 3238 10764
11 10764 8134 2287
11 2287 8134 3071
11 3071 12982 2287
11 12665 2287 12982
11 12982 3391 12665
11 3391 2295 12665
11 3389 2295 3391
11 3391 3070 3389
11 3391 7743 3070
11 7743 4099 3070
11 3070 4099 4166
11 4166 4099 12444
11 10521 4166 12444
11 12444 13500 10521
11 13500 3246 10521
11 10521 3246 13350
11 13350 4166 10521
11 11954 4166 13350
11 11954 13350 5859
11 1400 5859 13350
11 13350 3246 1400
11 1400 3246 13818
11 1400 13818 3374
11 11805 1400 3374
11 11805 4098 1400
11 1400 4098 5859
11 3374 13818 13571
11 3374 13571 3816
11 3816 13571 2193
11 2193 13571 3808
11 3808 12870 2193
11 3808 12648 12870
11 3808 9719 12648
11 9719 2596 12648
11 9466 12648 2596
11 12670 9466 2596
11 12670 2596 2504
11 16288 12670 2504
11 2623 16288 2504
11 2623 2504 1395
11 2623 1395 10627
11 2623 10627 13685
11 2623 13685 16288
11 13685 3813 16288
11 16288 3813 12823
11 2190 16288 12823
11 2190 12823 15662
11 15662 12731 2190
11 12731 1746 2190
11 2190 1746 9466
11 2190 9466 12670
11 12670 16288 2190
11 9466 1746 2191
11 12648 9466 2191
11 2191 1746 1751
11 1746 10819 1751
11 3356 1751 10819
11 3356 10819 15662
11 15662 12626 3356
11 12626 12061 3356
11 12061 14414 3356
11 14414 12061 11809
11 12061 12052 11809
11 11809 12052 4232
11 9482 11809 4232
11 11619 9482 4232
11 9632 11619 4232
11 7648 9632 4232
11 7648 4232 8093
11 7648 8093 1984
11 1984 6753 7648
11 7648 6753 7269
11 7269 7591 7648
11 7591 9632 7648
11 7591 16432 9632
11 11799 9632 16432
11 9316 11799 16432
11 16432 9691 9316
11 9316 9691 3127
11 3127 10052 9316
11 10052 11799 9316
11 10052 11619 11799
11 11799 11619 9632
11 10052 3136 11619
11 11619 3136 9482
11 3136 11809 9482
11 3127 3136 10052
11 3127 3136 10052
11 9691 16371 3127
11 16371 9691 10764
11 3238 16371 10764
11 16371 3238 16378
11 10764 9691 7814
11 8134 10764 7814
11 8134 7814 3236
11 15472 8134 3236
11 3236 6800 15472
11 6800 4441 15472
11 1660 15472 4441
11 16377 1660 4441
11 3126 16377 4441
11 3126 4441 7269
11 7269 4393 3126
11 4393 736 3126
11 736 16370 3126
11 16377 3126 16370
11 16370 1662 16377
11 16377 1662 10384
11 16377 10384 1660
11 10384 3392 1660
11 3392 12009 1660
11 12009 15472 1660
11 12009 15301 15472
11 15472 15301 8134
11 8134 15301 14244
11 3071 8134 14244
11 5120 3071 14244
11 5120 14244 13982
11 1395 5120 13982
11 1395 13982 10627
11 13982 14192 10627
11 10627 14192 7490
11 13685 10627 7490
11 7490 2622 13685
11 13685 2622 3813
11 2622 7954 3813
11 7954 12228 3813
11 3813 12228 2189
11 2189 12823 3813
11 12823 2189 15662
11 2189 10303 15662
11 656 15662 10303
11 656 10303 934
11 656 934 10975
11 656 10975 3955
11 3955 12052 656
11 12052 12626 656
11 15662 656 12626
11 12052 12061 12626
11 1984 12052 3955
11 1984 3955 10564
11 1984 10564 4393
11 1984 4393 6753
11 6753 4393 7269
11 10564 16403 4393
11 736 4393 16403
11 1983 736 16403
11 1983 16403 8224
11 1983 8224 298
11 298 307 1983
11 307 16281 1983
11 16281 736 1983
11 16281 16372 736
11 16370 736 16372
11 16370 16372 1662
11 1662 16372 342
11 1662 342 2243
11 1662 2243 2284
11 2284 10384 1662
11 2284 3392 10384
11 2283 3392 2284
11 2283 2284 2243
11 2283 2243 359
11 2283 359 369
11 12229 2283 369
11 12229 369 375
11 13127 12229 375
11 1394 13127 375
11 375 368 1394
11 1394 368 358
11 2594 1394 358
11 350 2594 358
11 350 358 331
11 331 341 350
11 341 2594 350
11 2594 341 3361
11 2594 3361 3806
11 2594 3806 16285
11 16285 3249 2594
11 3249 1394 2594
11 1394 3249 411
11 1394 411 4775
11 1394 4775 13127
11 13127 4775 12229
11 4775 6938 12229
11 3392 12229 6938
11 3392 6938 1722
11 12009 3392 1722
11 15301 12009 1722
11 15271 15301 1722
11 1722 14192 15271
11 15271 14192 13982
11 15271 13982 14244
11 15271 14244 15301
11 14192 1722 13019
11 7490 14192 13019
11 7490 13019 14301
11 14301 12325 7490
11 7490 12325 2622
11 12325 13004 2622
11 2622 13004 7954
11 13004 3806 7954
11 3806 3811 7954
11 7954 3811 12228
11 12228 3811 2797
11 2189 12228 2797
11 2189 2797 10303
11 934 10303 2797
11 2797 2196 934
11 2196 2800 934
11 2800 3357 934
11 10975 934 3357
11 10975 3357 3955
11 3955 3357 15383
11 16403 3955 15383
11 16403 15383 8224
11 15383 294 8224
11 8224 294 298
11 298 294 331
11 307 298 331
11 317 307 331
11 331 327 317
11 317 327 16372
11 317 16372 16281
11 307 317 16281
11 342 16372 327
11 342 327 331
11 331 351 342
11 342 351 2243
11 2243 351 359
11 331 359 351
11 331 369 359
11 331 375 369
11 368 375 331
11 331 358 368
11 331 359 351
11 342 327 331
11 307 317 16281
11 294 306 331
11 306 316 331
11 331 316 326
11 331 326 341
11 326 2143 341
11 341 2143 3361
11 3361 2143 3806
11 2143 3811 3806
11 2143 2196 3811
11 2797 3811 2196
11 2143 326 2196
11 326 2800 2196
11 326 316 2800
11 306 2800 316
11 1028 2800 306
11 294 1028 306
11 294 15383 1028
11 1028 15383 3357
11 3357 2800 1028
11 3357 2800 1028
11 2143 326 2196
11 326 316 2800
11 306 2800 316
11 294 1028 306
11 294 15383 1028
11 10564 3955 16403
11 1028 15383 3357
11 3357 2800 1028
11 326 2800 2196
11 2797 3811 2196
11 2797 3811 2196
11 2143 3811 3806
11 13004 16285 3806
11 13004 3249 16285
11 12325 3249 13004
11 411 3249 12325
11 411 12325 14301
11 411 14301 4775
11 14301 13019 4775
11 13019 1722 4775
11 4775 1722 6938
11 12325 3249 13004
11 411 12325 14301
11 14301 13019 4775
11 13019 1722 4775
11 15271 14244 15301
11 4775 1722 6938
11 12229 3392 2283
11 4775 1722 6938
11 411 14301 4775
11 411 3249 12325
11 13004 3249 16285
11 13004 16285 3806
11 3361 2143 3806
11 341 2143 3361
11 331 326 341
11 331 358 368
11 341 2594 350
11 3249 1394 2594
11 331 358 368
11 368 375 331
11 1394 4775 13127
11 13127 4775 12229
11 331 375 369
11 12229 3392 2283
11 331 369 359
11 2243 351 359
11 12229 3392 2283
11 2283 2284 2243
11 342 351 2243
11 342 16372 327
11 317 16372 16281
11 307 317 16281
11 307 298 331
11 8224 294 298
11 16403 15383 8224
11 16281 736 1983
11 10564 3955 16403
11 10564 3955 16403
11 1984 8093 12052
11 8093 4232 12052
11 10975 3357 3955
11 10975 934 3357
11 934 10303 2797
11 15662 656 12626
11 2189 2797 10303
11 2189 12228 2797
11 7954 3811 12228
11 2622 13004 7954
11 7490 12325 2622
11 7490 14192 13019
11 15271 14192 13982
11 1395 12995 5120
11 12995 3071 5120
11 12995 7743 3071
11 12982 3071 7743
11 3391 12982 7743
11 12995 4099 7743
11 9119 4099 12995
11 9119 12995 1395
11 2504 9119 1395
11 2504 13608 9119
11 13608 16431 9119
11 16431 12444 9119
11 12444 4099 9119
11 16431 13500 12444
11 3808 13500 16431
11 9719 3808 16431
11 2596 9719 16431
11 13608 2596 16431
11 2504 2596 13608
11 3808 898 13500
11 13500 898 3246
11 898 13571 3246
11 13818 3246 13571
11 3808 13571 898
11 3808 13571 898
11 13608 2596 16431
11 2504 2596 13608
11 12444 4099 9119
11 9119 12995 1395
11 15271 13982 14244
11 12995 3071 5120
11 15271 14244 15301
11 15301 12009 1722
11 12009 3392 1722
11 2284 3392 10384
11 2284 10384 1662
11 16370 16372 1662
11 16370 736 16372
11 736 4393 16403
11 6753 4393 7269
11 7269 4441 6800
11 7269 6800 7591
11 7591 6800 16432
11 3236 16432 6800
11 7814 16432 3236
11 7814 9691 16432
11 16377 3126 16370
11 16377 10384 1660
11 12009 15472 1660
11 7269 4441 6800
11 3236 16432 6800
11 15472 15301 8134
11 7814 16432 3236
11 7814 9691 16432
11 7814 9691 16432
11 10052 11799 9316
11 11799 11619 9632
11 7591 6800 16432
11 7269 6800 7591
11 6753 4393 7269
11 1984 4393 6753
11 1984 8093 12052
11 8093 4232 12052
11 7591 9632 7648
11 11799 11619 9632
11 11619 3136 9482
11 3136 11809 9482
11 8093 4232 12052
11 12052 12061 12626
11 12052 12061 12626
11 15662 656 12626
11 12731 15662 10819
11 1746 12731 10819
11 1746 12731 10819
11 1746 12731 10819
11 12731 15662 10819
11 12823 2189 15662
11 12670 16288 2190
11 2189 12823 3813
11 13685 2622 3813
11 13685 10627 7490
11 1395 13982 10627
11 2504 9119 1395
11 2623 13685 16288
11 12670 16288 2190
11 2504 2596 13608
11 2190 9466 12670
11 12648 9466 2191
11 2596 9719 16431
11 9719 3808 16431
11 3808 13571 898
11 13818 3246 13571
11 13818 3246 13571
11 1400 4098 5859
11 13350 3246 1400
11 13500 898 3246
11 16431 13500 12444
11 13350 4166 10521
11 12444 4099 9119
11 12995 4099 7743
11 3391 12982 7743
11 3391 12982 7743
11 12982 3071 7743
11 3071 8134 14244
11 8134 10764 7814
11 3238 16371 10764
11 12665 2287 12982
11 3391 2295 12665
11 16371 3238 16378
11 6986 11528 12223
11 6986 12223 15998
11 13871 6986 15998
11 6587 3125 1966
11 16371 3238 16378
11 9691 16371 3127
11 3127 3136 10052
11 3136 11809 9482
11 14414 12061 11809
11 12061 14414 3356
11 3356 1751 10819
11 2191 1746 1751
11 12648 9466 2191
11 3808 12648 12870
11 3808 12870 2193
11 935 15469 3355
11 2633 2193 10019
11 14404 7630 16191
11 13135 14404 16191
11 13135 16191 15672
11 7630 13925 16191
11 2633 3355 13811
11 2633 2193 10019
11 3816 13571 2193
11 13542 2187 12549
11 3374 13571 3816
11 11805 1400 3374
11 11805 4098 1400
11 12036 4098 13838
11 2631 6009 13971
11 3068 7707 14749
11 13971 2290 2296
11 12715 2296 2290
11 14353 12715 2290
11 2286 12715 14353
11 2286 14372 12715
11 14372 3069 12715
11 2296 12715 3069
11 2296 12715 3069
11 14749 12036 3068
11 2296 12715 3069
11 12036 4098 13838
11 1400 4098 5859
11 11954 13350 5859
11 14372 3069 12715
11 11954 4166 13350
11 3070 4099 4166
11 3391 3070 3389
11 2286 14372 12715
11 3389 2295 3391
11 12223 16378 2295
11 6986 12223 15998
11 3389 2286 12646
11 13871 6986 15998
11 2286 12715 14353
11 14353 12715 2290
11 13971 2290 2296
11 2631 6009 13971
11 3235 1661 6009
11 16276 16374 1661
11 14353 3241 13871
11 13871 6986 15998
11 6986 11528 12223
11 3125 16378 11528
11 6587 3125 1966
11 6587 3125 1966
11 6818 16371 6587
11 3127 6818 7524
11 16187 3136 7524
11 13023 16187 13256
11 1966 16192 12129
11 13023 16187 13256
11 13023 14413 14414
11 15469 14413 10181
11 14407 16192 9264
11 15469 14413 10181
11 935 15469 3355
11 7630 13811 3355
11 7630 13925 16191
11 14407 16192 9264
11 1966 1283 9264
11 7630 13925 16191
11 13135 16191 15672
11 1283 3125 16046
11 14064 16046 6986
11 16374 14064 13871
11 16276 16374 1661
11 13828 15672 16046
11 13135 16191 15672
11 13135 14404 16191
11 16188 10901 14399
11 14133 10901 16188
11 14404 16186 10810
11 940 13811 14404
11 2633 940 2635
11 2633 2635 8145
11 2187 8145 12549
11 11703 6021 15392
11 2136 11703 15392
11 2799 2635 2634
11 3354 11626 4657
11 2634 2635 15715
11 10810 14399 15715
11 3354 2634 7099
11 16188 10901 14399
11 3354 11626 4657
11 3354 11626 4657
11 15392 2634 4657
11 2136 11703 15392
11 11726 4657 2192
11 2192 939 13695
11 13695 939 13668
11 14164 11066 8304
11 11066 9303 10922
11 11989 13695 14774
11 11066 9303 10922
11 10618 3810 11989
11 9303 16290 9630
11 3243 9630 16290
11 11512 13981 5285
11 4167 5285 1126
11 3243 16290 15742
11 12596 15742 16294
11 4167 5285 1126
11 4167 3380 13731
11 11759 13731 3380
11 11395 2293 2288
11 3382 11759 3388
11 13034 3382 3388
11 13034 10574 1130
11 10574 1398 11409
11 12972 3074 14614
11 8451 1398 4097
11 1398 8451 12816
11 8451 1398 4097
11 1398 8451 12816
11 13757 16293 716
11 16359 3244 11219
11 1398 8451 12816
11 10574 1398 11409
11 1130 11409 10114
11 16289 13981 10114
11 16359 3244 11219
11 10618 9303 16289
11 10618 3810 11989
11 2136 11726 3810
11 16359 3244 11219
11 11219 12816 16293
11 2136 11703 15392
11 11703 6021 15392
11 13757 16293 716
11 6021 12549 2799
11 13542 2187 12549
11 3374 13542 13839
11 1399 3374 13839
11 1128 13838 1399
11 13757 16430 6021
11 13757 16293 716
11 716 8451 14396
11 1128 4947 13838
11 4097 3383 14396
11 3068 13838 4947
11 3068 14454 7707
11 7265 14454 2285
11 4097 12972 3383
11 12972 3074 14614
11 7265 14454 2285
11 14517 14614 3074
11 3388 9993 14517
11 2629 860 13079
11 860 2629 10704
11 14389 860 10704
11 16278 14389 10704
11 16278 14433 14389
11 14433 1701 14389
11 14389 1701 860
11 1701 1280 860
11 11440 1280 1701
11 1990 11440 1701
11 1990 1701 14433
11 1990 14433 16278
11 11596 1990 16278
11 16407 1990 11596
11 1990 1701 14433
11 1990 14433 16278
11 14389 1701 860
11 3390 7265 14614
11 3235 2631 7265
11 2629 860 13079
11 11866 1661 3235
11 1701 1280 860
11 11866 1661 3235
11 16276 16374 1661
11 15672 16276 1282
11 11866 1280 3134
11 16186 13135 1282
11 10810 16186 16188
11 11440 1280 1701
11 14133 10901 16188
11 1990 11440 1701
11 14133 10901 16188
11 3354 10901 14393
11 16407 1990 11596
11 14503 11626 14393
11 939 11626 14503
11 13695 939 13668
11 14390 11296 13817
11 14578 14774 13668
11 14430 1749 14578
11 13817 11296 16200
11 1749 14430 8762
11 16200 567 14028
11 16200 567 14028
11 16404 8762 14028
11 1749 14430 8762
11 1748 1749 938
11 14536 937 14380
11 1748 1749 938
11 2632 937 8560
11 13753 2798 2632
11 1748 14164 8304
11 13753 3809 2798
11 11066 14164 8670
11 8670 16294 16290
11 3809 13753 13149
11 2592 2595 13149
11 12596 15742 16294
11 12596 5681 1126
11 2595 12493 1396
11 3072 1126 5681
11 13666 1396 3379
11 11004 1126 3072
11 11004 7100 4167
11 7100 2630 3380
11 13368 3387 3067
11 231 10935 10670
11 276 256 14144
11 14144 3781 10925
11 9668 3781 15074
11 256 10670 12079
11 10670 12705 97
11 13031 9668 15074
11 8709 5097 13031
11 10670 12705 97
11 10918 10964 2074
11 12705 12377 15299
11 10918 10964 2074
11 10918 10964 2074
11 8709 97 10918
11 8709 1515 5097
11 12455 3399 1515
11 3033 3399 12455
11 1755 2074 13196
11 2074 3034 13196
11 3033 3399 12455
11 3399 3032 14457
11 13111 1846 1891
11 3399 3032 14457
11 3400 3399 14457
11 13188 3400 1193
11 921 272 1193
11 921 1554 14927
11 1195 13988 1554
11 1195 13988 1554
11 13988 16412 1204
11 14318 14921 16412
11 14318 5615 10062
11 9759 5615 10809
11 9759 10809 3000
11 1552 1195 4762
11 8998 10968 3000
11 234 259 8736
11 259 234 11011
11 259 11011 14667
11 9291 259 14667
11 9291 14667 2430
11 14667 11011 2430
11 14868 2430 11011
11 8504 14868 11011
11 8504 3147 14868
11 3147 2430 14868
11 3147 8975 2430
11 3147 14323 8975
11 14323 3148 8975
11 3148 16361 8975
11 3148 14559 16361
11 16361 14559 2506
11 14784 16361 2506
11 8390 14784 2506
11 8390 2506 12470
11 2502 12470 2506
11 2502 2506 9310
11 2502 9310 14777
11 14777 9142 2502
11 14777 7846 9142
11 7846 14777 8507
11 9324 7846 8507
11 14884 9324 8507
11 8507 8859 14884
11 14884 8859 280
11 14884 280 261
11 261 9324 14884
11 261 13374 9324
11 13374 2112 9324
11 7846 9324 2112
11 2155 2112 13374
11 2155 13374 14602
11 2155 14602 13814
11 2155 13814 3887
11 3887 14174 2155
11 2155 14174 2112
11 5895 2112 14174
11 14174 3887 2708
11 3887 2709 2708
11 2709 11949 2708
11 11949 4484 2708
11 3052 2708 4484
11 14340 3052 4484
11 14340 4484 10071
11 3888 14340 10071
11 15685 3888 10071
11 15685 10071 16397
11 12938 15685 16397
11 2250 12938 16397
11 11267 2250 16397
11 10480 11267 16397
11 13326 10480 16397
11 10071 13326 16397
11 4484 13326 10071
11 4484 2109 13326
11 2109 10480 13326
11 2109 2438 10480
11 10480 2438 14683
11 10480 14683 11267
11 11267 14683 2250
11 5047 2250 14683
11 14683 14456 5047
11 5047 14456 8484
11 5047 8484 14726
11 14726 2250 5047
11 14726 93 2250
11 93 12938 2250
11 124 12938 93
11 93 11532 124
11 124 11532 2616
11 147 124 2616
11 147 14014 124
11 124 14014 12938
11 14014 15685 12938
11 2710 15685 14014
11 2710 14014 147
11 13623 15685 2710
11 3888 15685 13623
11 13623 8254 3888
11 14340 3888 8254
11 2710 14014 147
11 11532 15863 2616
11 16184 2616 15863
11 16184 2728 2616
11 9929 15863 11532
11 93 9929 11532
11 14596 9929 93
11 14596 15666 9929
11 9929 15666 15981
11 15981 15863 9929
11 15981 15666 1847
11 16060 1847 15666
11 13236 16060 15666
11 14596 13236 15666
11 14596 13236 15666
11 15981 15863 9929
11 93 9929 11532
11 124 14014 12938
11 1725 8484 14456
11 12548 1725 14456
11 12548 14456 12526
11 12548 12526 2467
11 3221 12548 2467
11 2467 8188 3221
11 8188 13693 3221
11 13693 15886 3221
11 3221 15886 14466
11 3221 14466 3330
11 12548 3221 3330
11 13587 12548 3330
11 3330 14810 13587
11 14810 8504 13587
11 3147 8504 14810
11 14810 14323 3147
11 14323 14810 3330
11 2431 14323 3330
11 2431 3330 14466
11 2431 14466 15886
11 2431 15886 14288
11 12031 2431 14288
11 12031 14288 11337
11 11337 16360 12031
11 12031 16360 3148
11 3148 2431 12031
11 14323 2431 3148
11 3148 16360 14559
11 14559 16360 2506
11 2506 16360 9310
11 9310 16360 14825
11 9310 14825 14777
11 14825 8507 14777
11 8507 14825 8859
11 8859 14825 4187
11 277 8859 4187
11 12413 277 4187
11 4187 8817 12413
11 12413 8817 8906
11 254 12413 8906
11 254 8906 209
11 254 209 14078
11 254 14078 14293
11 254 14293 277
11 254 277 12413
11 277 14293 2573
11 277 2573 280
11 277 280 8859
11 2573 2842 280
11 261 280 2842
11 261 2842 9012
11 9012 14385 261
11 14385 2154 261
11 261 2154 13374
11 2154 14602 13374
11 14602 2154 197
11 14602 197 13814
11 12651 13814 197
11 1758 12651 197
11 195 1758 197
11 2887 195 197
11 2154 2887 197
11 2154 14731 2887
11 14731 2273 2887
11 2877 2887 2273
11 2877 2273 14302
11 1011 2877 14302
11 1011 14302 2878
11 8565 1011 2878
11 8565 2878 8467
11 3855 8565 8467
11 8467 2879 3855
11 3855 2879 10941
11 3855 10941 2782
11 14889 3855 2782
11 1351 14889 2782
11 13775 1351 2782
11 2782 10147 13775
11 13775 10147 2310
11 2310 13917 13775
11 13775 13917 1351
11 13917 11858 1351
11 2309 1351 11858
11 2309 11858 3010
11 3010 14313 2309
11 16546 2309 14313
11 16546 14313 2783
11 2783 12977 16546
11 12977 15857 16546
11 15857 14889 16546
11 16546 14889 2309
11 1351 2309 14889
11 3855 14889 15857
11 3855 15857 8565
11 8565 15857 12977
11 8565 12977 1011
11 1147 1011 12977
11 12977 2783 1147
11 1147 2783 14412
11 1147 14412 267
11 267 241 1147
11 1147 241 1011
11 2877 1011 241
11 2877 241 221
11 2877 221 2887
11 195 2887 221
11 221 3332 195
11 3332 171 195
11 1758 195 171
11 14088 1758 171
11 1756 14088 171
11 1756 171 148
11 6540 1756 148
11 148 118 6540
11 6540 118 14513
11 6540 14513 2557
11 6540 2557 1098
11 6540 1098 952
11 6540 952 1756
11 1756 952 3184
11 3184 14088 1756
11 2058 14088 3184
11 2058 3184 1769
11 1769 13698 2058
11 13698 15735 2058
11 11443 2058 15735
11 11443 15735 13956
11 11443 13956 1254
11 98 11443 1254
11 13654 98 1254
11 2636 13654 1254
11 2636 1254 832
11 7767 2636 832
11 2639 7767 832
11 832 5923 2639
11 5923 15003 2639
11 2639 15003 12558
11 2639 12558 1636
11 1636 7767 2639
11 1636 9743 7767
11 9743 1637 7767
11 1637 2636 7767
11 2636 1637 13654
11 13654 1637 14214
11 13654 14214 128
11 13654 128 111
11 111 98 13654
11 98 111 14704
11 14438 98 14704
11 14438 14704 2108
11 2709 14438 2108
11 2108 11949 2709
11 12354 11949 2108
11 2108 2910 12354
11 2910 2439 12354
11 12354 2439 2109
11 2109 11949 12354
11 2109 4484 11949
11 2439 2438 2109
11 2438 2439 1616
11 12526 2438 1616
11 2467 12526 1616
11 1616 8188 2467
11 1616 8576 8188
11 8576 1246 8188
11 1246 3220 8188
11 8188 3220 13693
11 3220 15886 13693
11 15886 3220 13691
11 15886 13691 11262
11 14288 15886 11262
11 11337 14288 11262
11 11337 11262 8817
11 8817 4187 11337
11 11337 4187 14253
11 11337 14253 16360
11 14825 16360 14253
11 14825 14253 4187
11 14825 14253 4187
11 8817 11262 8906
11 8906 11262 3329
11 8906 3329 209
11 209 3329 1726
11 209 1726 193
11 209 193 200
11 1243 209 200
11 713 1243 200
11 223 713 200
11 223 200 1583
11 223 1583 1438
11 223 1438 249
11 223 249 13207
11 223 13207 713
11 13207 3019 713
11 3019 13476 713
11 13476 3564 713
11 1243 713 3564
11 996 1243 3564
11 16097 996 3564
11 16097 3564 714
11 16097 714 9766
11 16097 9766 10932
11 997 16097 10932
11 997 10932 1244
11 2256 997 1244
11 2256 1244 989
11 2574 2256 989
11 703 2574 989
11 703 989 990
11 703 990 11339
11 1800 703 11339
11 704 1800 11339
11 704 11339 991
11 991 10054 704
11 2576 704 10054
11 10054 11542 2576
11 11542 1547 2576
11 2576 1547 2104
11 5719 2576 2104
11 13913 5719 2104
11 2104 2103 13913
11 13913 2103 2839
11 13913 2839 703
11 1800 13913 703
11 5719 13913 1800
11 2576 5719 1800
11 2576 1800 704
11 703 2839 2574
11 2574 2839 2838
11 2838 13847 2574
11 13847 15185 2574
11 15185 2256 2574
11 997 2256 15185
11 997 15185 7267
11 997 7267 996
11 16097 997 996
11 7267 4070 996
11 996 4070 14293
11 14078 996 14293
11 996 14078 1243
11 14078 209 1243
11 14293 4070 2573
11 2573 4070 8628
11 2573 8628 8776
11 2573 8776 2842
11 8776 1545 2842
11 6104 2842 1545
11 6104 1545 8441
11 569 6104 8441
11 569 8441 8086
11 569 8086 2878
11 14476 569 2878
11 14302 14476 2878
11 14302 2273 14476
11 2273 569 14476
11 15237 569 2273
11 2273 14731 15237
11 14731 14385 15237
11 15237 14385 9012
11 15237 9012 6104
11 15237 6104 569
11 9012 2842 6104
11 14731 2154 14385
11 15237 6104 569
11 2273 569 14476
11 8086 8467 2878
11 8086 6224 8467
11 6224 2879 8467
11 6224 14486 2879
11 14486 2880 2879
11 3856 2879 2880
11 3856 2880 1013
11 1013 2202 3856
11 3856 2202 2469
11 3856 2469 10147
11 10941 3856 10147
11 10941 10147 2782
11 10941 2879 3856
11 10147 2469 2310
11 2469 2784 2310
11 2784 4599 2310
11 2310 4599 15157
11 2310 15157 13917
11 3566 13917 15157
11 1821 3566 15157
11 1821 15157 3011
11 3011 1822 1821
11 3573 1821 1822
11 3573 1822 2281
11 998 3573 2281
11 2281 2280 998
11 2280 11339 998
11 11339 990 998
11 998 990 989
11 989 999 998
11 999 3573 998
11 715 3573 999
11 715 999 3561
11 3561 1821 715
11 3573 715 1821
11 6859 1821 3561
11 2604 6859 3561
11 3561 9766 2604
11 2604 9766 12598
11 1818 2604 12598
11 1818 12598 714
11 14065 1818 714
11 3019 14065 714
11 3019 714 13476
11 714 3564 13476
11 3010 14065 3019
11 3019 12211 3010
11 12211 2308 3010
11 3010 2308 14313
11 2783 14313 2308
11 14412 2783 2308
11 14412 2308 14558
11 286 14412 14558
11 286 14558 274
11 286 274 5523
11 286 5523 12999
11 286 12999 267
11 286 267 14412
11 267 12999 9257
11 267 9257 241
11 3360 241 9257
11 3360 9257 2831
11 3360 2831 3362
11 3362 13395 3360
11 13395 3332 3360
11 221 3360 3332
11 221 241 3360
11 13395 3164 3332
11 3164 171 3332
11 148 171 3164
11 7732 148 3164
11 1943 7732 3164
11 1943 3164 13395
11 1943 13395 3362
11 1943 3362 3334
11 1149 1943 3334
11 1149 3334 7211
11 7211 6686 1149
11 6686 3385 1149
11 1149 3385 10724
11 1149 10724 7732
11 1943 1149 7732
11 10724 118 7732
11 7732 118 148
11 101 118 10724
11 10407 101 10724
11 10724 3385 10407
11 8570 10407 3385
11 6686 8570 3385
11 6686 8534 8570
11 1802 8570 8534
11 8534 12978 1802
11 1802 12978 13943
11 1802 13943 2350
11 2350 11499 1802
11 11499 12267 1802
11 1802 12267 10407
11 1802 10407 8570
11 12267 101 10407
11 12267 109 101
11 101 109 14373
11 14373 14513 101
11 101 14513 118
11 14373 2557 14513
11 14373 2248 2557
11 2557 2248 6294
11 2557 6294 1098
11 6294 3328 1098
11 1095 1098 3328
11 3328 14812 1095
11 14812 15227 1095
11 15227 1766 1095
11 1095 1766 9369
11 1095 9369 1767
11 1095 1767 952
11 952 1098 1095
11 943 952 1767
11 1767 1771 943
11 1771 1769 943
11 1769 3184 943
11 952 943 3184
11 1771 2055 1769
11 1769 2055 13698
11 2055 15735 13698
11 2055 12456 15735
11 15735 12456 13956
11 12456 828 13956
11 13956 828 832
11 832 1254 13956
11 832 828 9777
11 832 9777 5923
11 14226 5923 9777
11 2054 14226 9777
11 15311 2054 9777
11 15311 9777 828
11 2055 15311 828
11 12456 2055 828
11 15311 2055 9340
11 15311 9340 2054
11 9455 2054 9340
11 9455 9340 1766
11 1765 9455 1766
11 3186 1765 1766
11 1766 15227 3186
11 15227 959 3186
11 1764 3186 959
11 1764 959 10250
11 1764 10250 1094
11 1094 3185 1764
11 9243 1764 3185
11 9135 9243 3185
11 10773 9135 3185
11 15030 10773 3185
11 15030 3185 1094
11 1003 15030 1094
11 1094 985 1003
11 1003 985 977
11 13225 1003 977
11 13225 977 10971
11 984 13225 10971
11 984 10971 976
11 4578 984 976
11 4578 976 10415
11 4578 10415 8094
11 983 4578 8094
11 11013 983 8094
11 13213 11013 8094
11 13213 8094 7848
11 7848 3205 13213
11 13213 3205 12604
11 13213 12604 2400
11 13213 2400 2398
11 2398 975 13213
11 13213 975 11013
11 975 983 11013
11 983 975 14952
11 14952 14705 983
11 983 14705 11504
11 983 11504 1968
11 983 1968 4578
11 1968 958 4578
11 4578 958 984
11 958 15030 984
11 984 15030 13225
11 13225 15030 1003
11 15030 958 10773
11 8623 10773 958
11 3188 8623 958
11 3188 958 1968
11 3188 1968 1762
11 9528 3188 1762
11 9528 1762 1761
11 1761 1362 9528
11 11506 9528 1362
11 11506 1362 9641
11 1363 11506 9641
11 1364 1363 9641
11 9641 830 1364
11 833 1364 830
11 830 13647 833
11 2637 833 13647
11 2637 13647 13624
11 2795 2637 13624
11 12909 2795 13624
11 12909 13624 9266
11 9360 12909 9266
11 1639 9360 9266
11 1639 9266 1608
11 1608 13539 1639
11 13539 14629 1639
11 14675 1639 14629
11 14675 14629 15032
11 2302 14675 15032
11 15032 7357 2302
11 2302 7357 8681
11 7412 2302 8681
11 3205 7412 8681
11 3205 8681 12604
11 12604 8681 2400
11 2400 8681 1936
11 11563 2400 1936
11 13579 11563 1936
11 14246 13579 1936
11 9023 14246 1936
11 7357 9023 1936
11 8681 7357 1936
11 11786 9023 7357
11 15032 11786 7357
11 9463 11786 15032
11 15032 14629 9463
11 14818 9463 14629
11 14629 13539 14818
11 14818 13539 13008
11 13008 13915 14818
11 13915 14018 14818
11 8789 14818 14018
11 9865 8789 14018
11 9865 14018 1607
11 8164 9865 1607
11 1607 1638 8164
11 1638 2446 8164
11 8164 2446 10185
11 8164 10185 9041
11 9865 8164 9041
11 8789 9865 9041
11 9463 8789 9041
11 9041 11786 9463
11 9041 10185 11786
11 11786 10185 9023
11 10185 2446 9023
11 9023 2446 14246
11 2301 14246 2446
11 2446 6629 2301
11 6629 2445 2301
11 2445 13237 2301
11 2301 13237 1228
11 2301 1228 13579
11 2301 13579 14246
11 1228 11563 13579
11 11563 1228 2401
11 2398 11563 2401
11 2398 2401 14593
11 2398 14593 974
11 2398 974 975
11 982 975 974
11 982 974 15152
11 15152 981 982
11 981 947 982
11 982 947 6916
11 982 6916 1096
11 1096 14952 982
11 975 982 14952
11 1096 14705 14952
11 10100 14705 1096
11 1096 1760 10100
11 16056 10100 1760
11 1760 1761 16056
11 1761 1762 16056
11 16056 1762 10100
11 1762 9614 10100
11 14705 10100 9614
11 14705 9614 11504
11 11504 9614 1968
11 1762 1968 9614
11 1762 1968 9614
11 1761 1760 12386
11 1360 1761 12386
11 1360 12386 1322
11 13360 1360 1322
11 13360 1322 6561
11 2057 13360 6561
11 2057 6561 8521
11 2057 8521 1842
11 18 2057 1842
11 1842 9 18
11 9 45 18
11 18 45 28
11 1365 18 28
11 1365 28 36
11 1365 36 561
11 561 9508 1365
11 9508 2057 1365
11 2057 18 1365
11 13360 2057 9508
11 9508 12730 13360
11 13360 12730 1360
11 16522 1360 12730
11 9433 16522 12730
11 11173 9433 12730
11 11173 12730 9508
11 562 11173 9508
11 9508 561 562
11 556 562 561
11 556 561 36
11 556 36 52
11 1614 556 52
11 1614 52 59
11 1614 59 67
11 1614 67 1635
11 1614 1635 14728
11 14728 6959 1614
11 6959 556 1614
11 562 556 6959
11 562 6959 11369
11 10380 562 11369
11 11369 2796 10380
11 9608 10380 2796
11 2796 13776 9608
11 9608 13776 2445
11 6885 9608 2445
11 6629 6885 2445
11 1638 6885 6629
11 2446 1638 6629
11 13869 6885 1638
11 1607 13869 1638
11 1607 12124 13869
11 13869 12124 558
11 558 1605 13869
11 13869 1605 6885
11 6885 1605 9608
11 9608 1605 10380
11 10380 1605 557
11 557 13536 10380
11 13536 562 10380
11 11173 562 13536
11 11173 13536 557
11 9433 11173 557
11 557 558 9433
11 558 14946 9433
11 826 9433 14946
11 826 14946 13678
11 13678 15023 826
11 15023 1362 826
11 1761 826 1362
11 1761 1360 826
11 826 1360 16522
11 9433 826 16522
11 9641 1362 15023
11 829 9641 15023
11 829 15023 13678
11 10596 829 13678
11 10596 13678 14946
11 12124 10596 14946
11 558 12124 14946
11 1607 10596 12124
11 1607 14018 10596
11 14018 13915 10596
11 10596 13915 829
11 13915 11415 829
11 9641 829 11415
11 9641 11415 830
11 830 11415 1608
11 830 1608 13647
11 13624 13647 1608
11 9266 13624 1608
11 13008 1608 11415
11 13915 13008 11415
11 13539 1608 13008
11 13915 13008 11415
11 10596 13915 829
11 9641 829 11415
11 829 15023 13678
11 10596 13678 14946
11 9433 826 16522
11 558 12124 14946
11 558 557 1605
11 11173 13536 557
11 558 557 1605
11 558 557 1605
11 558 12124 14946
11 1607 10596 12124
11 13869 1605 6885
11 6885 1605 9608
11 12334 2445 13776
11 12334 13776 2447
11 9195 12334 2447
11 3873 9195 2447
11 2447 2444 3873
11 2450 3873 2444
11 2450 2444 14728
11 2450 14728 1635
11 79 2450 1635
11 67 79 1635
11 79 67 45
11 89 79 45
11 45 81 89
11 3872 89 81
11 3872 81 2392
11 2392 1226 3872
11 1226 3873 3872
11 3872 3873 2451
11 3872 2451 89
11 79 89 2451
11 2450 79 2451
11 2451 3873 2450
11 2451 3873 2450
11 1226 9195 3873
11 1226 10487 9195
11 10487 10659 9195
11 10659 12334 9195
11 13237 12334 10659
11 1228 13237 10659
11 1228 10659 2401
11 9752 2401 10659
11 1935 9752 10659
11 1935 10659 10487
11 1935 10487 1226
11 1226 2392 1935
11 2392 2391 1935
11 1935 2391 2249
11 1935 2249 9752
11 14593 9752 2249
11 2249 15152 14593
11 14593 15152 974
11 2249 2980 15152
11 2980 981 15152
11 980 981 2980
11 973 980 2980
11 973 2980 2391
11 973 2391 63
11 973 63 48
11 973 48 40
11 973 40 30
11 30 979 973
11 979 980 973
11 980 979 946
11 980 946 675
11 675 981 980
11 947 981 675
11 1967 947 675
11 1967 675 946
11 946 1768 1967
11 1768 1842 1967
11 1967 1842 8521
11 1967 8521 6561
11 1770 1967 6561
11 1770 6561 1322
11 1760 1770 1322
11 12386 1760 1322
11 947 1770 1760
11 1760 6916 947
11 1760 1096 6916
11 947 1967 1770
11 947 1967 1770
11 1842 1768 9
11 9 1768 6
11 6 45 9
11 19 45 6
11 946 19 6
11 1768 946 6
11 946 979 19
11 19 979 30
11 30 45 19
11 40 45 30
11 45 40 48
11 63 45 48
11 45 63 73
11 45 73 81
11 2392 81 73
11 2392 73 2391
11 63 2391 73
11 63 2391 73
11 30 45 19
11 1768 946 6
11 1768 946 6
11 947 1967 1770
11 1967 675 946
11 946 979 19
11 19 979 30
11 40 45 30
11 45 40 48
11 63 45 48
11 63 2391 73
11 2391 2980 2249
11 979 980 973
11 675 981 980
11 2391 2980 2249
11 14593 2401 9752
11 2391 2980 2249
11 2392 73 2391
11 1935 2249 9752
11 14593 2401 9752
11 2445 12334 13237
11 1935 10659 10487
11 1935 10487 1226
11 1226 2392 1935
11 2392 81 73
11 3872 2451 89
11 45 73 81
11 79 89 2451
11 67 59 45
11 52 45 59
11 36 45 52
11 28 45 36
11 2450 79 2451
11 2444 11870 14728
11 14728 11870 11369
11 14728 11369 6959
11 11870 2796 11369
11 2444 2796 11870
11 2447 2796 2444
11 2796 2447 13776
11 2444 2796 11870
11 2451 3873 2450
11 2447 2796 2444
11 1226 9195 3873
11 10659 12334 9195
11 2796 2447 13776
11 2445 12334 13237
11 2796 2447 13776
11 9608 1605 10380
11 11870 2796 11369
11 13536 562 10380
11 14728 11369 6959
11 14728 11369 6959
11 2450 14728 1635
11 67 79 1635
11 67 59 45
11 52 45 59
11 6959 556 1614
11 36 45 52
11 562 556 6959
11 11173 562 13536
11 9433 11173 557
11 9433 826 16522
11 826 1360 16522
11 11173 12730 9508
11 9508 561 562
11 556 561 36
11 28 45 36
11 2057 18 1365
11 28 45 36
11 6 45 9
11 1842 1768 9
11 2057 18 1365
11 1967 1842 8521
11 1967 8521 6561
11 13360 2057 9508
11 1770 6561 1322
11 13360 12730 1360
11 12386 1760 1322
11 1761 1360 826
11 12386 1760 1322
11 16056 1762 10100
11 1760 1096 6916
11 14705 10100 9614
11 1760 1096 6916
11 1760 6916 947
11 947 981 675
11 2980 981 15152
11 14593 15152 974
11 975 982 14952
11 14593 15152 974
11 14593 2401 9752
11 2398 2400 11563
11 1228 10659 2401
11 1228 13237 10659
11 2445 12334 13237
11 6629 6885 2445
11 2446 1638 6629
11 2301 13579 14246
11 14818 8789 9463
11 9041 10185 11786
11 10185 2446 9023
11 2446 1638 6629
11 1607 13869 1638
11 9865 8164 9041
11 1607 14018 10596
11 8789 9865 9041
11 14818 8789 9463
11 14018 13915 10596
11 13915 13008 11415
11 13539 1608 13008
11 14818 8789 9463
11 9041 11786 9463
11 11786 10185 9023
11 9023 2446 14246
11 2301 13579 14246
11 1228 11563 13579
11 2398 2400 11563
11 8681 7357 1936
11 3205 11466 7412
11 11466 2302 7412
11 11372 2302 11466
11 11466 14136 11372
11 2303 11372 14136
11 2303 14136 1937
11 2303 1937 9207
11 10339 2303 9207
11 14623 10339 9207
11 14623 9207 12307
11 2674 14623 12307
11 2674 12307 1938
11 238 2674 1938
11 2304 238 1938
11 1938 8486 2304
11 8486 10939 2304
11 10939 15313 2304
11 2306 2304 15313
11 2306 15313 10815
11 10815 1631 2306
11 1631 9338 2306
11 9338 12534 2306
11 12534 2304 2306
11 238 2304 12534
11 12534 14234 238
11 238 14234 9880
11 9880 2674 238
11 14623 2674 9880
11 9880 15059 14623
11 14623 15059 10339
11 15059 12909 10339
11 12909 6985 10339
11 6985 2303 10339
11 11372 2303 6985
11 15036 11372 6985
11 9800 15036 6985
11 12909 9800 6985
11 9360 9800 12909
11 9360 15036 9800
11 1639 15036 9360
11 15036 1639 14675
11 2302 15036 14675
11 15036 2302 11372
11 9360 15036 9800
11 15036 2302 11372
11 12909 9800 6985
11 12909 15059 2795
11 2795 15059 9222
11 2795 9222 8853
11 2795 8853 2637
11 8853 9188 2637
11 14079 2637 9188
11 1253 14079 9188
11 1253 9188 13939
11 1253 13939 1251
11 1251 9696 1253
11 1253 9696 12924
11 1253 12924 13759
11 14079 1253 13759
11 833 14079 13759
11 833 13759 13626
11 833 13626 1364
11 1364 13626 3200
11 1364 3200 1363
11 1363 3200 2994
11 1363 2994 9528
11 1363 9528 11506
11 2994 3188 9528
11 520 3188 2994
11 2994 3200 520
11 8160 520 3200
11 8160 3200 13759
11 12924 8160 13759
11 9696 8160 12924
11 9696 9163 8160
11 8160 9163 9135
11 9135 12577 8160
11 12577 520 8160
11 520 12577 10773
11 8623 520 10773
11 3188 520 8623
11 12577 9135 10773
11 12577 9135 10773
11 9163 2053 9135
11 9135 2053 9243
11 9243 2053 521
11 9243 521 1764
11 1764 521 3186
11 1765 3186 521
11 1765 521 1841
11 2054 1765 1841
11 2054 1841 827
11 14226 2054 827
11 827 831 14226
11 831 5923 14226
11 831 15003 5923
11 831 12460 15003
11 1611 15003 12460
11 1611 12460 3146
11 1610 1611 3146
11 3146 10847 1610
11 10847 1251 1610
11 1610 1251 11541
11 11062 1610 11541
11 11062 11541 13939
11 12607 11062 13939
11 12607 13939 8853
11 8853 9222 12607
11 9222 14234 12607
11 14234 9338 12607
11 12607 9338 11062
11 9338 1631 11062
11 11062 1631 1610
11 1631 14779 1610
11 1610 14779 1611
11 1632 1611 14779
11 14779 2307 1632
11 2307 14990 1632
11 5777 1632 14990
11 12409 5777 14990
11 14990 15623 12409
11 12409 15623 14606
11 14606 5777 12409
11 5777 14606 12558
11 15003 5777 12558
11 15003 1632 5777
11 1632 15003 1611
11 12558 14606 1636
11 14606 2305 1636
11 9743 1636 2305
11 1637 9743 2305
11 2305 14723 1637
11 14723 14214 1637
11 14723 128 14214
11 152 128 14723
11 152 14723 2453
11 2453 193 152
11 3219 152 193
11 3219 193 1726
11 3218 3219 1726
11 3218 1726 3329
11 3220 3218 3329
11 3329 13691 3220
11 13691 3329 11262
11 1246 3218 3220
11 3218 1246 12889
11 3218 12889 152
11 3219 3218 152
11 13527 152 12889
11 3851 13527 12889
11 3851 12889 1246
11 8576 3851 1246
11 12410 3851 8576
11 2439 12410 8576
11 8576 1616 2439
11 2910 12410 2439
11 2910 2252 12410
11 3851 12410 2252
11 13527 3851 2252
11 111 13527 2252
11 14704 111 2252
11 2910 14704 2252
11 2108 14704 2910
11 111 128 13527
11 152 13527 128
11 2910 14704 2252
11 3851 12410 2252
11 13527 3851 2252
11 152 13527 128
11 3851 12889 1246
11 3219 3218 152
11 3219 3218 152
11 11105 193 2453
11 2452 11105 2453
11 2453 14723 2452
11 14723 2305 2452
11 2300 2452 2305
11 2305 11078 2300
11 2300 11078 8552
11 2397 2300 8552
11 2396 2397 8552
11 16637 2396 8552
11 8552 11078 16637
11 15623 16637 11078
11 14606 15623 11078
11 14606 11078 2305
11 12536 16637 15623
11 1941 12536 15623
11 10960 1941 15623
11 15623 14990 10960
11 14990 2449 10960
11 2449 1941 10960
11 2449 1939 1941
11 12148 1941 1939
11 1939 3203 12148
11 2246 12148 3203
11 3203 15987 2246
11 14854 2246 15987
11 12022 14854 15987
11 15987 14883 12022
11 977 12022 14883
11 14883 12449 977
11 12449 2245 977
11 977 2245 10971
11 2245 976 10971
11 2245 11239 976
11 11239 2399 976
11 10415 976 2399
11 8094 10415 2399
11 7848 8094 2399
11 2399 3205 7848
11 12773 3205 2399
11 2393 12773 2399
11 2399 11239 2393
11 11239 13690 2393
11 2393 13690 1937
11 12773 2393 1937
11 12773 1937 14136
11 12773 14136 11466
11 3205 12773 11466
11 13690 14038 1937
11 12307 1937 14038
11 12307 14038 1938
11 3202 1938 14038
11 13690 3202 14038
11 11239 3202 13690
11 3202 11239 2245
11 3202 2245 12449
11 3202 12449 12760
11 3202 12760 1938
11 8486 1938 12760
11 8486 12760 2394
11 10939 8486 2394
11 10939 2394 12580
11 10939 12580 10405
11 10939 10405 15313
11 10405 10815 15313
11 10405 2449 10815
11 10815 2449 2307
11 2307 14779 10815
11 10815 14779 1631
11 14990 2307 2449
11 10405 1939 2449
11 10405 12580 1939
11 3203 1939 12580
11 3203 12580 12661
11 15987 3203 12661
11 15987 12661 14883
11 12661 2394 14883
11 2394 12760 14883
11 12760 12449 14883
11 12580 2394 12661
11 12580 2394 12661
11 10405 12580 1939
11 12580 2394 12661
11 2394 12760 14883
11 12760 12449 14883
11 3202 12760 1938
11 9207 1937 12307
11 13690 3202 14038
11 11239 3202 13690
11 12773 2393 1937
11 3205 12773 11466
11 2399 11239 2393
11 3202 11239 2245
11 3202 2245 12449
11 12760 12449 14883
11 977 985 12022
11 985 8689 12022
11 12022 8689 14854
11 6321 14854 8689
11 7129 6321 8689
11 7129 8689 985
11 7129 985 10250
11 7129 10250 959
11 7129 959 1097
11 7129 1097 6321
11 2556 6321 1097
11 2556 1097 14812
11 2556 14812 3328
11 2556 3328 9276
11 9276 978 2556
11 2247 2556 978
11 13801 2247 978
11 13801 978 14890
11 15371 13801 14890
11 15371 14890 2396
11 12854 15371 2396
11 16637 12854 2396
11 12536 12854 16637
11 12536 3204 12854
11 3204 15371 12854
11 13801 15371 3204
11 3204 10266 13801
11 10266 2247 13801
11 2246 2247 10266
11 3204 2246 10266
11 2246 3204 12148
11 3204 1941 12148
11 1941 3204 12536
11 2247 2246 14854
11 2247 14854 6321
11 2247 6321 2556
11 3204 2246 10266
11 1941 3204 12536
11 3204 15371 12854
11 2397 2396 14890
11 2397 14890 15385
11 15385 6601 2397
11 6601 2300 2397
11 2300 6601 13341
11 2300 13341 2452
11 13341 11105 2452
11 3871 11105 13341
11 13341 6601 3871
11 6601 156 3871
11 3871 156 173
11 3871 173 11105
11 11105 173 193
11 200 193 173
11 200 173 1581
11 1581 1583 200
11 2590 1583 1581
11 1581 2352 2590
11 2352 1439 2590
11 1439 1438 2590
11 1438 1583 2590
11 1438 1439 11887
11 1157 1438 11887
11 1157 11887 1437
11 1437 130 1157
11 16283 1157 130
11 16283 130 8502
11 8502 16391 16283
11 16391 10664 16283
11 10664 5523 16283
11 5523 12154 16283
11 16283 12154 1157
11 12154 1438 1157
11 12154 249 1438
11 12154 274 249
11 2317 249 274
11 14558 2317 274
11 2308 2317 14558
11 2317 2308 12211
11 3019 2317 12211
11 13207 2317 3019
11 13207 249 2317
11 13207 249 2317
11 5523 274 12154
11 5523 274 12154
11 5523 10664 3555
11 12999 5523 3555
11 12999 3555 9257
11 3555 16675 9257
11 2831 9257 16675
11 16675 3850 2831
11 2831 3850 3362
11 3362 3850 15458
11 15458 3334 3362
11 15458 3363 3334
11 3334 3363 2018
11 1944 3334 2018
11 2020 1944 2018
11 3849 2020 2018
11 3363 3849 2018
11 3363 13016 3849
11 13016 3359 3849
11 3849 3359 3333
11 3333 2017 3849
11 2017 2020 3849
11 2020 2017 1151
11 1151 1944 2020
11 3852 1944 1151
11 1150 3852 1151
11 14450 1150 1151
11 14450 1151 2017
11 144 14450 2017
11 168 144 2017
11 168 2017 3333
11 168 3333 186
11 168 186 3231
11 3231 16439 168
11 16439 144 168
11 16439 2460 144
11 121 144 2460
11 121 2460 8965
11 121 8965 95
11 121 95 1150
11 14450 121 1150
11 144 121 14450
11 1150 95 8275
11 8275 2833 1150
11 2833 3852 1150
11 3852 2833 8534
11 3852 8534 6686
11 3852 6686 1944
11 6686 7211 1944
11 7211 3334 1944
11 2833 1559 8534
11 8534 1559 12978
11 12978 1559 13943
11 3827 13943 1559
11 1559 2468 3827
11 12793 3827 2468
11 2353 12793 2468
11 2349 2353 2468
11 2349 2468 3901
11 9144 2349 3901
11 9144 3901 8275
11 95 9144 8275
11 95 113 9144
11 16689 9144 113
11 16689 113 8984
11 16689 8984 14601
11 153 16689 14601
11 14601 2327 153
11 2327 179 153
11 179 1580 153
11 1580 7914 153
11 7914 16689 153
11 9144 16689 7914
11 2349 9144 7914
11 2349 7914 1582
11 1582 12423 2349
11 12423 2353 2349
11 7816 2353 12423
11 7816 12423 1582
11 2676 7816 1582
11 2676 1582 1580
11 1580 2106 2676
11 2676 2106 217
11 2107 2676 217
11 2107 217 245
11 2107 245 8686
11 8686 1442 2107
11 7816 2107 1442
11 1442 1441 7816
11 1441 2353 7816
11 1441 12793 2353
11 1441 4351 12793
11 4351 9114 12793
11 3827 12793 9114
11 9114 13943 3827
11 9114 2350 13943
11 13002 2350 9114
11 4351 13002 9114
11 1439 13002 4351
11 1437 1439 4351
11 1437 4351 1440
11 1437 1440 130
11 1440 16282 130
11 15861 130 16282
11 859 15861 16282
11 859 16282 8686
11 859 8686 14555
11 14844 859 14555
11 14844 14555 275
11 275 288 14844
11 14844 288 8378
11 8378 859 14844
11 862 859 8378
11 3895 862 8378
11 3895 8378 14339
11 14339 15223 3895
11 3895 15223 3020
11 3895 3020 11833
11 862 3895 11833
11 862 11833 16391
11 15861 862 16391
11 15861 16391 8502
11 8502 130 15861
11 862 15861 859
11 12505 16391 11833
11 11833 10439 12505
11 12505 10439 16675
11 16675 3555 12505
11 3555 16391 12505
11 3555 10664 16391
11 16675 10439 3850
11 10439 3020 3850
11 11650 3850 3020
11 11650 3020 15223
11 9322 11650 15223
11 9322 15223 14603
11 12477 9322 14603
11 12477 14603 246
11 228 12477 246
11 246 3875 228
11 3875 210 228
11 228 210 3359
11 228 3359 12477
11 3359 9322 12477
11 3359 13016 9322
11 13016 3363 9322
11 11650 9322 3363
11 11650 3363 3850
11 15458 3850 3363
11 3333 3359 210
11 3333 210 186
11 210 3874 186
11 186 3874 1123
11 186 1123 1100
11 3231 186 1100
11 1100 15745 3231
11 3232 3231 15745
11 2862 3232 15745
11 2704 2862 15745
11 2704 15745 1100
11 137 2704 1100
11 137 1100 14918
11 137 14918 9161
11 116 137 9161
11 16400 116 9161
11 9161 14315 16400
11 16400 14315 15063
11 14797 16400 15063
11 14925 14797 15063
11 8286 14925 15063
11 9034 8286 15063
11 15063 14315 9034
11 9075 9034 14315
11 14315 14562 9075
11 14562 4997 9075
11 9075 4997 4709
11 9075 4709 4801
11 9075 4801 9034
11 9034 4801 5087
11 5087 5094 9034
11 5094 8286 9034
11 4859 8286 5094
11 4859 5094 14600
11 4859 14600 14511
11 4859 14511 6825
11 4859 6825 14848
11 4859 14848 9069
11 4859 9069 8286
11 9069 14925 8286
11 9069 14797 14925
11 14797 9069 13618
11 14797 13618 13694
11 13694 104 14797
11 104 16400 14797
11 100 16400 104
11 100 104 14666
11 116 100 14666
11 116 14666 1882
11 116 1882 137
11 2704 137 1882
11 15948 2704 1882
11 15948 1882 16000
11 15953 15948 16000
11 15953 16000 16004
11 15953 16004 8538
11 8538 7849 15953
11 2849 15953 7849
11 2849 7849 16688
11 2849 16688 7920
11 2849 7920 2875
11 12027 2849 2875
11 2875 3104 12027
11 12027 3104 15738
11 15738 2849 12027
11 15953 2849 15738
11 15953 15738 2862
11 15948 15953 2862
11 15948 2862 2704
11 3102 2862 15738
11 3102 15738 3104
11 3102 3104 1911
11 1911 12679 3102
11 12679 9125 3102
11 13547 3102 9125
11 3232 13547 9125
11 16439 3232 9125
11 16439 9125 2460
11 2460 9125 9157
11 9157 15900 2460
11 15900 8965 2460
11 8965 15900 2946
11 8965 2946 95
11 95 2946 8984
11 95 8984 113
11 2946 2945 8984
11 2945 2332 8984
11 14601 8984 2332
11 2332 2327 14601
11 10464 2327 2332
11 8247 10464 2332
11 2945 8247 2332
11 7996 8247 2945
11 15954 7996 2945
11 15954 2945 11663
11 15954 11663 15900
11 15900 8824 15954
11 8824 8809 15954
11 8599 15954 8809
11 1865 8599 8809
11 8809 15893 1865
11 1865 15893 14880
11 1865 14880 3371
11 3371 14711 1865
11 1865 14711 16086
11 1865 16086 14919
11 1865 14919 8599
11 7899 8599 14919
11 7899 14919 16086
11 7899 16086 8371
11 8371 13141 7899
11 7899 13141 16690
11 16690 8599 7899
11 8599 16690 7996
11 7996 15954 8599
11 16690 10994 7996
11 10994 8247 7996
11 10994 3087 8247
11 3087 11689 8247
11 11689 10464 8247
11 10464 11689 1589
11 2761 10464 1589
11 1589 3401 2761
11 2761 3401 146
11 1584 2761 146
11 1584 146 192
11 1584 192 179
11 179 2327 1584
11 2327 2761 1584
11 10464 2761 2327
11 179 192 15326
11 2106 179 15326
11 15326 217 2106
11 15326 2001 217
11 2001 245 217
11 245 2001 14761
11 251 245 14761
11 12349 251 14761
11 12349 14761 1507
11 2893 12349 1507
11 13954 2893 1507
11 1507 14870 13954
11 14870 2016 13954
11 2016 1431 13954
11 1431 2893 13954
11 1431 11583 2893
11 11583 13291 2893
11 2893 13291 2926
11 12349 2893 2926
11 14895 12349 2926
11 14824 14895 2926
11 1383 14824 2926
11 13291 1383 2926
11 13291 12576 1383
11 2749 1383 12576
11 2749 12576 2750
11 5373 2749 2750
11 1922 5373 2750
11 1922 2750 13886
11 1922 13886 771
11 9666 1922 771
11 3257 9666 771
11 3257 771 1379
11 773 3257 1379
11 773 1379 772
11 772 774 773
11 1924 773 774
11 1924 774 11710
11 1924 11710 13120
11 3881 1924 13120
11 3881 13120 3882
11 3882 3886 3881
11 3886 3879 3881
11 3881 3879 1924
11 1924 3879 13343
11 773 1924 13343
11 773 13343 3257
11 13343 3879 3257
11 3257 3879 15142
11 15142 9666 3257
11 15142 1922 9666
11 1922 15142 15186
11 15186 3885 1922
11 5373 1922 3885
11 3878 5373 3885
11 3885 3548 3878
11 3548 14495 3878
11 14495 3875 3878
11 8567 3878 3875
11 14928 8567 3875
11 246 14928 3875
11 246 265 14928
11 14928 265 14824
11 14928 14824 8567
11 8567 14824 1383
11 2749 8567 1383
11 2749 3878 8567
11 5373 3878 2749
11 265 288 14824
11 14824 288 14895
11 275 14895 288
11 275 12349 14895
11 275 251 12349
11 275 14555 251
11 14555 8686 251
11 245 251 8686
11 265 14339 288
11 14339 8378 288
11 265 14603 14339
11 14603 15223 14339
11 246 14603 265
11 246 14603 265
11 14928 14824 8567
11 2749 3878 8567
11 3542 3875 14495
11 14495 8581 3542
11 224 3542 8581
11 8581 3317 224
11 252 224 3317
11 252 3317 278
11 252 278 13215
11 252 13215 13273
11 13273 224 252
11 224 13273 2834
11 2834 1123 224
11 224 1123 3874
11 3874 3542 224
11 210 3542 3874
11 3875 3542 210
11 1123 2834 3217
11 1123 3217 1100
11 1100 3217 14918
11 3217 8622 14918
11 14918 8622 14315
11 14918 14315 9161
11 8622 14562 14315
11 12020 14562 8622
11 12020 8622 3217
11 12020 3217 2834
11 2835 12020 2834
11 13273 2835 2834
11 8077 2835 13273
11 13273 14367 8077
11 8077 14367 11719
11 8077 11719 4548
11 4548 11349 8077
11 11349 2835 8077
11 2835 11349 10834
11 2835 10834 12020
11 12020 10834 14562
11 14562 10834 4997
11 13667 4997 10834
11 10834 1122 13667
11 1122 14917 13667
11 14917 10949 13667
11 13667 10949 4709
11 4997 13667 4709
11 4709 10949 13965
11 4801 4709 13965
11 12966 4801 13965
11 12966 13965 14314
11 15066 12966 14314
11 15066 14314 12370
11 12370 13214 15066
11 13214 4096 15066
11 4096 12092 15066
11 12092 1958 15066
11 1958 12966 15066
11 1958 5094 12966
11 12966 5094 5087
11 4801 12966 5087
11 14600 5094 1958
11 14600 1958 14511
11 14511 1958 4613
11 14828 14511 4613
11 14828 4613 14209
11 14209 12407 14828
11 14828 12407 3038
11 3038 8067 14828
11 8067 14511 14828
11 8067 6825 14511
11 14827 6825 8067
11 3038 14827 8067
11 3038 11306 14827
11 14827 11306 3115
11 3115 14848 14827
11 14827 14848 6825
11 3115 13618 14848
11 14848 13618 9069
11 13618 3115 14965
11 14965 9055 13618
11 9055 13694 13618
11 16471 13694 9055
11 16471 9055 146
11 3401 16471 146
11 16471 3401 8685
11 16471 8685 104
11 16471 104 13694
11 8685 14666 104
11 14666 8685 16000
11 14666 16000 1882
11 16012 16000 8685
11 8685 3401 16012
11 3401 11494 16012
11 11494 3403 16012
11 3403 2949 16012
11 16004 16012 2949
11 8538 16004 2949
11 14580 8538 2949
11 14580 2949 16017
11 16688 14580 16017
11 16688 16017 14547
11 16688 14547 8791
11 16688 8791 7920
11 8837 7920 8791
11 8791 14953 8837
11 14953 2852 8837
11 15832 8837 2852
11 2852 15956 15832
11 15956 2874 15832
11 14250 15832 2874
11 3225 14250 2874
11 3225 2874 15809
11 14155 3225 15809
11 15809 15759 14155
11 14155 15759 2490
11 2490 3225 14155
11 2490 2496 3225
11 14250 3225 2496
11 2497 14250 2496
11 15903 2497 2496
11 13719 15903 2496
11 15905 13719 2496
11 15905 2496 2490
11 14426 15905 2490
11 14519 14426 2490
11 2490 15759 14519
11 14519 15759 12885
11 2500 14519 12885
11 2500 12885 14887
11 14535 2500 14887
11 14535 14887 16416
11 1863 14535 16416
11 1863 16416 8665
11 1863 8665 14886
11 1863 14886 8775
11 1863 8775 16064
11 13867 1863 16064
11 1864 13867 16064
11 11110 1864 16064
11 14790 11110 16064
11 2984 14790 16064
11 2984 16064 8775
11 7393 2984 8775
11 2044 7393 8775
11 2044 8775 14886
11 2044 14886 700
11 2044 700 12418
11 2044 12418 9040
11 2329 2044 9040
11 2329 9040 10335
11 10335 9244 2329
11 10423 2329 9244
11 10423 9244 3528
11 10423 3528 3529
11 3084 10423 3529
11 3084 3529 2763
11 3085 3084 2763
11 2763 9317 3085
11 9317 8939 3085
11 8939 2330 3085
11 3084 3085 2330
11 3084 2330 9140
11 3084 9140 3077
11 3084 3077 10423
11 3077 2329 10423
11 3077 2984 2329
11 7393 2329 2984
11 2044 2329 7393
11 2984 3077 14790
11 14790 3077 2985
11 2985 15591 14790
11 14790 15591 11110
11 15591 1864 11110
11 14841 1864 15591
11 16586 14841 15591
11 16586 15591 14909
11 16586 14909 16065
11 14954 16586 16065
11 1857 14954 16065
11 1857 16065 2944
11 1857 2944 8438
11 8438 7713 1857
11 7713 14648 1857
11 14648 3182 1857
11 3182 14954 1857
11 3182 16586 14954
11 8259 16586 3182
11 3182 13719 8259
11 8259 13719 15905
11 15905 14864 8259
11 8259 14864 1864
11 8259 1864 14841
11 8259 14841 16586
11 14864 16417 1864
11 1864 16417 13867
11 14535 13867 16417
11 14535 16417 2500
11 2500 16417 14426
11 2500 14426 14519
11 14426 16417 14864
11 14426 14864 15905
11 13867 14535 1863
11 14426 16417 14864
11 14426 14864 15905
11 3182 15903 13719
11 14648 15903 3182
11 7713 15903 14648
11 11233 15903 7713
11 8219 11233 7713
11 7713 14769 8219
11 15906 8219 14769
11 14769 3371 15906
11 15906 3371 14880
11 15906 14880 14888
11 14888 2498 15906
11 2498 8219 15906
11 8219 2498 8997
11 8219 8997 11233
11 11233 8997 2497
11 15903 11233 2497
11 3227 2497 8997
11 8997 8860 3227
11 8860 8891 3227
11 15832 3227 8891
11 15832 8891 8837
11 8837 8891 7920
11 8891 2875 7920
11 2875 8891 8860
11 2875 8860 3104
11 2498 3104 8860
11 2498 8860 8997
11 2498 12372 3104
11 1911 3104 12372
11 1911 12372 14888
11 1911 14888 5065
11 1911 5065 9157
11 9157 12679 1911
11 9157 9125 12679
11 9157 5065 15893
11 9157 15893 8824
11 9157 8824 15900
11 8824 15893 8809
11 5065 14888 15893
11 14888 14880 15893
11 5065 14888 15893
11 12372 2498 14888
11 12372 2498 14888
11 15832 14250 3227
11 3227 14250 2497
11 2875 8891 8860
11 2498 8860 8997
11 3227 14250 2497
11 2498 8860 8997
11 12372 2498 14888
11 14888 14880 15893
11 14769 8438 3371
11 3371 8438 14711
11 8438 16088 14711
11 14711 16088 16086
11 2045 16086 16088
11 2045 16088 9341
11 9341 2331 2045
11 2045 2331 14581
11 2045 14581 8371
11 16086 2045 8371
11 8371 14581 3086
11 15092 8371 3086
11 3086 9071 15092
11 9071 3532 15092
11 15092 3532 3087
11 15092 3087 13141
11 8371 15092 13141
11 13141 3087 10994
11 16690 13141 10994
11 3087 3532 1589
11 11689 3087 1589
11 3532 3142 1589
11 3142 11494 1589
11 11494 3401 1589
11 3403 11494 3142
11 8499 3403 3142
11 8499 3142 1569
11 3404 8499 1569
11 3404 1569 8251
11 3404 8251 3407
11 8889 3404 3407
11 8889 3407 16014
11 8889 16014 16005
11 8889 16005 14547
11 8889 14547 16017
11 3404 8889 16017
11 8499 3404 16017
11 2949 8499 16017
11 8499 2949 3403
11 14547 16005 8791
11 8791 16005 14953
11 14953 16005 2852
11 16005 16006 2852
11 16006 15956 2852
11 15940 15956 16006
11 15940 16006 16007
11 16007 14286 15940
11 15940 14286 15951
11 15956 15940 15951
11 2874 15956 15951
11 2874 15951 15809
11 15951 2848 15809
11 2848 15810 15809
11 15759 15809 15810
11 15759 15810 14692
11 14692 12885 15759
11 3223 12885 14692
11 14692 15810 3223
11 15810 13874 3223
11 13874 13744 3223
11 15758 3223 13744
11 15758 13744 14794
11 15758 14794 8215
11 15758 8215 14887
11 14887 12885 15758
11 3223 15758 12885
11 8215 16416 14887
11 16416 8215 14961
11 16416 14961 15904
11 16416 15904 8744
11 8665 16416 8744
11 8665 8744 1862
11 8665 1862 700
11 14886 8665 700
11 1862 16477 700
11 2982 700 16477
11 2982 16477 16083
11 2982 16083 2328
11 12395 2982 2328
11 10404 12395 2328
11 10404 2328 3082
11 1587 10404 3082
11 1587 3082 3081
11 3535 1587 3081
11 3535 3081 3080
11 8448 3535 3080
11 3527 8448 3080
11 3080 3079 3527
11 3527 3079 3078
11 8397 3527 3078
11 8397 3078 8471
11 1214 8397 8471
11 1214 8471 8443
11 3402 1214 8443
11 3402 8443 2760
11 3402 2760 3138
11 3138 16008 3402
11 16008 16009 3402
11 13578 3402 16009
11 3283 13578 16009
11 3283 16009 10765
11 3283 10765 3284
11 3283 3284 1215
11 3283 1215 1214
11 3283 1214 13578
11 13578 1214 3402
11 1215 3527 1214
11 1214 3527 8397
11 1215 8448 3527
11 1215 3535 8448
11 8116 3535 1215
11 8116 1215 3284
11 1216 8116 3284
11 1216 3284 16577
11 1216 16577 11190
11 11190 9940 1216
11 1216 9940 1587
11 3535 1216 1587
11 1216 3535 8116
11 9940 1588 1587
11 1587 1588 10404
11 10335 10404 1588
11 10335 1588 9244
11 9244 1588 3528
11 3528 1588 1218
11 3528 1218 15345
11 1219 3528 15345
11 1219 15345 11851
11 11851 12026 1219
11 12026 3405 1219
11 3405 1220 1219
11 3529 1219 1220
11 1220 2763 3529
11 2763 1220 1221
11 2763 1221 3531
11 9317 2763 3531
11 3531 3530 9317
11 3530 3086 9317
11 9317 3086 2331
11 8939 9317 2331
11 2944 8939 2331
11 9341 2944 2331
11 9341 16088 2944
11 8438 2944 16088
11 2983 8939 2944
11 2983 2944 16065
11 2983 16065 9351
11 2983 9351 2330
11 8939 2983 2330
11 9351 2985 2330
11 2985 9140 2330
11 2985 3077 9140
11 15591 2985 9351
11 15591 9351 14909
11 14909 9351 16065
11 14909 9351 16065
11 8939 2983 2330
11 14581 2331 3086
11 3530 9071 3086
11 9071 3530 1569
11 3532 9071 1569
11 3142 3532 1569
11 1569 3530 8251
11 8251 3530 14715
11 8251 14715 3407
11 14715 1221 3407
11 3406 3407 1221
11 3406 1221 1220
11 3405 3406 1220
11 3406 3405 16007
11 16014 3406 16007
11 16007 16006 16014
11 16006 16005 16014
11 3406 16014 3407
11 3405 12437 16007
11 15935 16007 12437
11 15935 12437 8408
11 15935 8408 12691
11 15935 12691 2848
11 2848 15951 15935
11 14286 15935 15951
11 16007 15935 14286
11 15810 2848 12691
11 15810 12691 13874
11 13874 12691 2482
11 3280 13874 2482
11 3280 2482 14106
11 3280 14106 2702
11 3280 2702 14231
11 3101 3280 14231
11 3101 14231 15806
11 3101 15806 8142
11 3101 8142 16438
11 3101 16438 1903
11 14794 3101 1903
11 14794 1903 14961
11 14794 14961 8215
11 14961 1903 15904
11 13244 15904 1903
11 16438 13244 1903
11 15908 13244 16438
11 15908 16438 12623
11 15908 12623 2462
11 3370 15908 2462
11 5669 3370 2462
11 2495 5669 2462
11 2462 11590 2495
11 11590 16399 2495
11 16399 10614 2495
11 10614 15785 2495
11 8048 2495 15785
11 8048 15785 2459
11 8048 2459 5669
11 2495 8048 5669
11 2459 16415 5669
11 5669 16415 3370
11 2826 3370 16415
11 1860 2826 16415
11 7449 1860 16415
11 16415 8151 7449
11 7449 8151 15897
11 15897 1860 7449
11 15897 10568 1860
11 5782 1860 10568
11 10568 16062 5782
11 16089 5782 16062
11 12047 16089 16062
11 16082 12047 16062
11 16062 14436 16082
11 14436 16061 16082
11 16061 16080 16082
11 2326 16082 16080
11 13519 2326 16080
11 1330 13519 16080
11 1330 16080 8214
11 1330 8214 74
11 12304 1330 74
11 74 85 12304
11 10842 12304 85
11 85 14215 10842
11 14215 3533 10842
11 10842 3533 11730
11 11730 14955 10842
11 10842 14955 12304
11 1330 12304 14955
11 1330 14955 13519
11 13519 14955 2326
11 5145 2326 14955
11 11730 5145 14955
11 3534 5145 11730
11 3533 3534 11730
11 3533 12986 3534
11 12986 14543 3534
11 3534 14543 7659
11 7659 5145 3534
11 15144 5145 7659
11 15144 7659 8471
11 3078 15144 8471
11 3078 15595 15144
11 15144 15595 13825
11 15144 13825 5145
11 13825 2326 5145
11 13825 12047 2326
11 2326 12047 16082
11 15595 12047 13825
11 15595 16089 12047
11 15595 2333 16089
11 2333 16085 16089
11 16085 5782 16089
11 16059 5782 16085
11 16085 8720 16059
11 8720 16081 16059
11 16059 16081 5057
11 2826 16059 5057
11 2826 5057 16057
11 16057 1861 2826
11 1861 3370 2826
11 1861 13815 3370
11 13815 15908 3370
11 13815 3369 15908
11 13244 15908 3369
11 14846 13244 3369
11 1862 14846 3369
11 3369 13756 1862
11 1862 13756 16477
11 13756 1861 16477
11 1861 16057 16477
11 16477 16057 16083
11 16057 9797 16083
11 2335 16083 9797
11 2335 9797 16081
11 2334 2335 16081
11 2334 16081 8720
11 2334 8720 16085
11 2333 2334 16085
11 2334 2333 3079
11 2334 3079 3080
11 3080 2335 2334
11 3080 3081 2335
11 2335 3081 3082
11 2328 2335 3082
11 16083 2335 2328
11 2333 3078 3079
11 2333 15595 3078
11 3080 2335 2334
11 16057 16081 9797
11 5057 16081 16057
11 16083 2335 2328
11 16057 16081 9797
11 1861 13756 13815
11 13756 3369 13815
11 13756 3369 13815
11 8744 14846 1862
11 15904 14846 8744
11 15904 13244 14846
11 15904 13244 14846
11 13756 3369 13815
11 1861 13756 13815
11 1861 16057 16477
11 5057 16081 16057
11 1860 16059 2826
11 16059 1860 5782
11 5057 16081 16057
11 2334 16081 8720
11 2334 8720 16085
11 16059 1860 5782
11 2333 2334 16085
11 2333 15595 3078
11 15595 12047 13825
11 2333 15595 3078
11 7659 2760 8471
11 8443 8471 2760
11 14543 2760 7659
11 14543 3138 2760
11 14527 3138 14543
11 14527 14543 4639
11 14527 4639 8927
11 13665 14527 8927
11 8927 1880 13665
11 1880 11945 13665
11 11945 16008 13665
11 3138 13665 16008
11 13665 3138 14527
11 2408 16008 11945
11 2859 2408 11945
11 2859 11945 1880
11 9386 2859 1880
11 9386 1880 9326
11 2873 9386 9326
11 15254 2873 9326
11 2402 15254 9326
11 8927 2402 9326
11 9326 1880 8927
11 8927 4639 2402
11 4639 15057 2402
11 2402 15057 14867
11 14867 2407 2402
11 15254 2402 2407
11 2407 14109 15254
11 14109 2873 15254
11 15824 2873 14109
11 15824 14109 2699
11 15825 15824 2699
11 2699 15 15825
11 15825 15 7
11 7 8498 15825
11 8498 16398 15825
11 15824 15825 16398
11 15824 16398 9047
11 15824 9047 2873
11 2873 9047 2695
11 2873 2695 9386
11 9386 2695 2859
11 2859 2695 10853
11 2859 10853 15827
11 2860 2859 15827
11 2703 2860 15827
11 2703 15827 3106
11 2865 2703 3106
11 2865 3106 9595
11 2865 9595 15805
11 2865 15805 11503
11 11503 9916 2865
11 9916 15930 2865
11 15930 2703 2865
11 15930 15938 2703
11 2860 2703 15938
11 2860 15938 2408
11 2860 2408 2859
11 16009 2408 15938
11 15938 15930 16009
11 15930 10765 16009
11 10765 15930 9916
11 9916 3428 10765
11 3284 10765 3428
11 3284 3428 16577
11 10896 16577 3428
11 15941 10896 3428
11 15941 3428 9916
11 15941 9916 11503
11 15941 11503 2484
11 2484 13636 15941
11 10354 15941 13636
11 10354 13636 2702
11 15931 10354 2702
11 15931 2702 14106
11 15931 14106 2482
11 14329 15931 2482
11 8408 14329 2482
11 12691 8408 2482
11 8408 16002 14329
11 14329 16002 15931
11 16002 16003 15931
11 16003 10354 15931
11 15941 10354 16003
11 15941 16003 10896
11 16003 16577 10896
11 16003 11190 16577
11 16003 3289 11190
11 3289 9940 11190
11 9940 3289 1218
11 9940 1218 1588
11 1218 3289 11192
11 1218 11192 11851
11 15345 1218 11851
11 12126 11851 11192
11 12126 11192 16002
11 16002 8408 12126
11 12126 8408 12437
11 12437 11851 12126
11 12026 11851 12437
11 3405 12026 12437
11 11192 3289 16002
11 16002 3289 16003
11 12437 11851 12126
11 11192 3289 16002
11 16002 3289 16003
11 16002 3289 16003
11 16002 8408 12126
11 14329 16002 15931
11 16003 10354 15931
11 2702 13636 15806
11 14231 2702 15806
11 13636 2484 15806
11 2484 8142 15806
11 2484 16399 8142
11 11590 8142 16399
11 8142 11590 16438
11 16438 11590 12623
11 12623 11590 2462
11 2484 15805 16399
11 16399 15805 10614
11 10614 15805 15785
11 15785 15805 9595
11 15785 9595 3106
11 15786 15785 3106
11 3106 15827 15786
11 15827 14187 15786
11 15349 15786 14187
11 15349 14187 7727
11 7727 15713 15349
11 8151 15349 15713
11 8151 15713 15897
11 15713 12931 15897
11 12931 10568 15897
11 15899 10568 12931
11 15713 15899 12931
11 15899 15713 7727
11 7727 15712 15899
11 15712 8312 15899
11 15899 8312 1492
11 1492 13404 15899
11 13404 10568 15899
11 10568 13404 16062
11 13404 1492 16062
11 1492 14436 16062
11 1492 16061 14436
11 1492 10937 16061
11 10937 14035 16061
11 16061 14035 16080
11 16080 14035 16063
11 16080 16063 8214
11 11382 8214 16063
11 1859 11382 16063
11 16063 14808 1859
11 1859 14808 15909
11 1859 15909 14046
11 1859 14046 31
11 41 1859 31
11 41 31 46
11 46 56 41
11 56 1859 41
11 1859 56 11382
11 56 8214 11382
11 56 65 8214
11 74 8214 65
11 65 46 74
11 46 85 74
11 46 86 85
11 86 14215 85
11 14215 86 75
11 14362 14215 75
11 3139 14362 75
11 64 3139 75
11 46 64 75
11 86 46 75
11 64 46 49
11 64 49 1881
11 1881 3139 64
11 1881 15057 3139
11 3141 3139 15057
11 3141 15057 12986
11 3141 12986 3533
11 3533 14215 3141
11 3141 14215 14362
11 3139 3141 14362
11 4639 12986 15057
11 4639 14543 12986
11 3139 3141 14362
11 14867 15057 1881
11 1881 2407 14867
11 2404 2407 1881
11 2404 1881 49
11 2404 49 37
11 2404 37 25
11 2699 2404 25
11 2699 25 15
11 46 15 25
11 37 46 25
11 46 37 49
11 7 15 46
11 7 46 10
11 10 8498 7
11 8498 10 1960
11 16398 8498 1960
11 16398 1960 14641
11 16398 14641 5083
11 16398 5083 9047
11 8545 9047 5083
11 8545 5083 15712
11 7727 8545 15712
11 14187 8545 7727
11 2695 8545 14187
11 2695 14187 10853
11 10853 14187 15827
11 8545 2695 9047
11 8346 15712 5083
11 14641 8346 5083
11 2458 8346 14641
11 2458 14641 1960
11 1960 20 2458
11 20 14046 2458
11 14046 15909 2458
11 8346 2458 15909
11 14189 8346 15909
11 14189 15909 6511
11 6511 8312 14189
11 8312 8346 14189
11 15712 8346 8312
11 10937 8312 6511
11 14035 10937 6511
11 16063 14035 6511
11 16063 6511 14808
11 14808 6511 15909
11 1492 8312 10937
11 14808 6511 15909
11 8312 8346 14189
11 14046 20 31
11 46 31 20
11 20 10 46
11 10 20 1960
11 10 20 1960
11 8346 2458 15909
11 15712 8346 8312
11 8545 2695 9047
11 14641 8346 5083
11 2458 14641 1960
11 10 20 1960
11 20 10 46
11 2407 2404 2699
11 2699 14109 2407
11 37 46 25
11 46 37 49
11 2407 2404 2699
11 2404 1881 49
11 46 37 49
11 1881 3139 64
11 3139 3141 14362
11 3141 14215 14362
11 86 46 75
11 86 46 75
11 65 56 46
11 65 56 46
11 65 56 46
11 46 31 20
11 56 1859 41
11 14046 20 31
11 14046 15909 2458
11 14808 6511 15909
11 16063 6511 14808
11 1859 56 11382
11 56 8214 11382
11 16063 14035 6511
11 14035 10937 6511
11 1492 8312 10937
11 13404 1492 16062
11 1492 8312 10937
11 15712 8346 8312
11 7727 8545 15712
11 13404 10568 15899
11 15713 15899 12931
11 10153 15349 8151
11 2459 10153 8151
11 2459 8151 16415
11 10153 2459 15786
11 15349 10153 15786
11 2459 15785 15786
11 15349 10153 15786
11 15899 15713 7727
11 14187 8545 7727
11 15349 10153 15786
11 10853 14187 15827
11 2459 15785 15786
11 11503 15805 2484
11 15941 10354 16003
11 13636 2484 15806
11 11503 15805 2484
11 15941 16003 10896
11 16003 16577 10896
11 15941 3428 9916
11 2408 16009 16008
11 15938 15930 16009
11 10765 15930 9916
11 15941 9916 11503
11 11503 15805 2484
11 15785 15805 9595
11 15785 9595 3106
11 15930 2703 2865
11 3106 15827 15786
11 2860 2703 15938
11 2860 2408 2859
11 10853 14187 15827
11 2695 14187 10853
11 8545 2695 9047
11 16398 5083 9047
11 16398 8498 1960
11 10 8498 7
11 7 15 46
11 2699 25 15
11 15824 15825 16398
11 2699 14109 2407
11 15824 9047 2873
11 2699 14109 2407
11 1881 2407 14867
11 14867 15057 1881
11 4639 12986 15057
11 15254 2402 2407
11 14109 2873 15254
11 2873 2695 9386
11 9326 1880 8927
11 9386 2695 2859
11 2860 2408 2859
11 2408 16009 16008
11 2859 11945 1880
11 9326 1880 8927
11 13665 3138 14527
11 8927 4639 2402
11 4639 14543 12986
11 13665 3138 14527
11 15144 13825 5145
11 14543 2760 7659
11 4639 14543 12986
11 3141 12986 3533
11 7659 5145 3534
11 13825 2326 5145
11 11730 5145 14955
11 3533 3534 11730
11 3533 14215 3141
11 86 14215 85
11 10842 14955 12304
11 46 85 74
11 1330 12304 14955
11 74 8214 65
11 16080 16063 8214
11 1330 14955 13519
11 13519 14955 2326
11 2326 12047 16082
11 16061 14035 16080
11 1492 16061 14436
11 1492 14436 16062
11 2326 12047 16082
11 15595 16089 12047
11 16085 5782 16089
11 10568 13404 16062
11 16059 1860 5782
11 12931 10568 15897
11 8151 15713 15897
11 2459 8151 16415
11 15897 1860 7449
11 1860 16059 2826
11 1861 3370 2826
11 2459 8151 16415
11 2459 15785 15786
11 2495 8048 5669
11 10614 15805 15785
11 16399 15805 10614
11 11590 8142 16399
11 12623 11590 2462
11 2495 8048 5669
11 5669 16415 3370
11 13815 15908 3370
11 12623 11590 2462
11 16438 11590 12623
11 13244 15908 3369
11 15904 13244 14846
11 14794 13744 3101
11 3280 3101 13744
11 13874 3280 13744
11 16438 13244 1903
11 8142 11590 16438
11 2484 8142 15806
11 14231 2702 15806
11 3280 3101 13744
11 14231 2702 15806
11 15931 2702 14106
11 15931 14106 2482
11 13874 3280 13744
11 12691 8408 2482
11 12691 8408 2482
11 12126 8408 12437
11 16007 15935 14286
11 3405 12026 12437
11 3406 16014 3407
11 14715 3531 1221
11 14715 3530 3531
11 14715 3530 3531
11 14715 3530 3531
11 14715 3531 1221
11 3406 1221 1220
11 1219 3529 3528
11 3405 3406 1220
11 3405 12026 12437
11 12026 11851 12437
11 15345 1218 11851
11 1219 3529 3528
11 15345 1218 11851
11 9940 1218 1588
11 10335 9040 10404
11 10404 9040 12395
11 12418 12395 9040
11 12418 2982 12395
11 12418 700 2982
11 9940 1218 1588
11 3289 9940 11190
11 16003 11190 16577
11 3284 3428 16577
11 1216 3535 8116
11 1216 3535 8116
11 8116 1215 3284
11 3284 10765 3428
11 15930 10765 16009
11 3283 1214 13578
11 13578 1214 3402
11 2408 16009 16008
11 3138 13665 16008
11 14543 3138 2760
11 8443 8471 2760
11 13578 1214 3402
11 8443 8471 2760
11 1214 3527 8397
11 3078 15144 8471
11 1214 3527 8397
11 2333 3078 3079
11 2334 3079 3080
11 1215 8448 3527
11 1215 3535 8448
11 3080 3081 2335
11 3535 1216 1587
11 2335 3081 3082
11 1587 1588 10404
11 2328 2335 3082
11 10404 9040 12395
11 12418 2982 12395
11 16083 2335 2328
11 16477 16057 16083
11 12418 700 2982
11 1862 13756 16477
11 8744 14846 1862
11 15904 14846 8744
11 14961 1903 15904
11 14794 14961 8215
11 14794 14961 8215
11 14794 13744 3101
11 3223 15758 12885
11 13874 3280 13744
11 15810 12691 13874
11 3223 15758 12885
11 14692 15810 3223
11 15810 2848 12691
11 2848 15951 15935
11 14286 15935 15951
11 16007 15935 14286
11 16007 16006 16014
11 15956 15940 15951
11 16006 16005 16014
11 16006 16005 16014
11 3406 16014 3407
11 3404 8889 16017
11 8251 14715 3407
11 1569 3530 8251
11 8499 3404 16017
11 3142 3532 1569
11 8499 2949 3403
11 3142 3532 1569
11 3532 9071 1569
11 3530 9071 3086
11 8371 15092 13141
11 14581 2331 3086
11 14581 2331 3086
11 9341 2944 2331
11 9341 16088 2944
11 16086 2045 8371
11 8438 2944 16088
11 7713 8438 14769
11 2498 8219 15906
11 7713 8438 14769
11 8219 8997 11233
11 15903 11233 2497
11 8259 14841 16586
11 14648 15903 3182
11 7713 15903 14648
11 7713 8438 14769
11 8438 2944 16088
11 2983 2944 16065
11 3182 14954 1857
11 3182 16586 14954
11 14909 9351 16065
11 15591 9351 14909
11 8259 14841 16586
11 8259 1864 14841
11 15591 2985 9351
11 2985 3077 9140
11 2985 3077 9140
11 2985 9140 2330
11 8939 2983 2330
11 8939 9317 2331
11 9317 2763 3531
11 3084 3085 2330
11 1220 2763 3529
11 3084 3077 10423
11 1219 3529 3528
11 9244 1588 3528
11 3077 2329 10423
11 10335 1588 9244
11 10335 9040 10404
11 2044 2329 7393
11 12418 12395 9040
11 12418 700 2982
11 14886 8665 700
11 2044 2329 7393
11 7393 2329 2984
11 2984 3077 14790
11 14790 15591 11110
11 15591 1864 11110
11 1864 16417 13867
11 13867 14535 1863
11 2984 16064 8775
11 2044 8775 14886
11 14886 8665 700
11 8665 16416 8744
11 13867 14535 1863
11 8215 16416 14887
11 14535 16417 2500
11 14887 12885 15758
11 2500 14426 14519
11 14692 12885 15759
11 2500 14426 14519
11 14426 14864 15905
11 8259 13719 15905
11 3182 15903 13719
11 15903 11233 2497
11 3227 14250 2497
11 15905 2496 2490
11 2490 15759 14519
11 15759 15809 15810
11 2490 3225 14155
11 2874 15951 15809
11 14250 3225 2496
11 15832 14250 3227
11 2874 15956 15951
11 16006 15956 2852
11 15832 8891 8837
11 14953 16005 2852
11 8791 16005 14953
11 8837 8891 7920
11 14547 16005 8791
11 8889 14547 16017
11 14580 16688 7849
11 8538 14580 7849
11 2949 8499 16017
11 8538 14580 7849
11 16000 16012 16004
11 8499 2949 3403
11 3403 11494 3142
11 11494 3401 1589
11 16000 16012 16004
11 8685 3401 16012
11 146 9055 3114
11 192 146 3114
11 3114 218 192
11 15326 192 218
11 15326 218 14525
11 2001 15326 14525
11 2001 14525 15347
11 15347 13545 2001
11 13545 1507 2001
11 14761 2001 1507
11 14870 1507 13545
11 2016 14870 13545
11 13991 2016 13545
11 15347 13991 13545
11 13991 15347 3029
11 2530 13991 3029
11 3027 2530 3029
11 16324 3027 3029
11 3029 11873 16324
11 11873 10043 16324
11 10043 16394 16324
11 16324 16394 16321
11 16324 16321 3027
11 12605 3027 16321
11 16348 12605 16321
11 13565 16348 16321
11 8008 13565 16321
11 8008 16321 16394
11 11643 8008 16394
11 11643 16394 3323
11 11643 3323 3324
11 7260 11643 3324
11 7260 3324 11728
11 728 7260 11728
11 3544 728 11728
11 11728 13766 3544
11 12891 3544 13766
11 12891 13766 15186
11 12891 15186 15142
11 12891 15142 3886
11 3886 3544 12891
11 3886 729 3544
11 3544 729 728
11 728 729 3326
11 3326 7260 728
11 7260 3326 16499
11 7260 16499 11000
11 7260 11000 11643
11 11000 8008 11643
11 16499 8008 11000
11 8008 16499 13565
11 13565 16499 2148
11 2148 16348 13565
11 2148 10910 16348
11 16348 10910 2078
11 2078 12903 16348
11 13440 16348 12903
11 12903 15390 13440
11 13440 15390 15389
11 13440 15389 12662
11 13440 12662 12605
11 13440 12605 16348
11 12662 3027 12605
11 2530 3027 12662
11 12662 15389 2530
11 2530 15389 15369
11 15369 13991 2530
11 15369 2016 13991
11 10617 2016 15369
11 10617 15369 15389
11 2003 10617 15389
11 15390 2003 15389
11 2003 15390 2004
11 2003 2004 1508
11 10617 2003 1508
11 14346 10617 1508
11 2922 14346 1508
11 1508 13238 2922
11 9985 2922 13238
11 2927 9985 13238
11 2927 13238 2890
11 2890 12763 2927
11 12763 1379 2927
11 2927 1379 771
11 2927 771 9985
11 9985 771 13886
11 9985 13886 3912
11 2922 9985 3912
11 2922 3912 11583
11 14346 2922 11583
11 1431 14346 11583
11 1431 10617 14346
11 2016 10617 1431
11 11583 3912 13291
11 3912 12576 13291
11 3912 2750 12576
11 2750 3912 13886
11 2750 3912 13886
11 1384 1379 12763
11 12763 12350 1384
11 1384 12350 2923
11 2923 2928 1384
11 772 1384 2928
11 2928 3915 772
11 3915 774 772
11 774 3915 13576
11 774 13576 11710
11 13576 2752 11710
11 2230 11710 2752
11 2230 2752 13115
11 3549 2230 13115
11 3549 13115 3883
11 3883 14802 3549
11 3543 3549 14802
11 3543 14802 2231
11 2231 3547 3543
11 3547 13327 3543
11 13327 2477 3543
11 13035 3543 2477
11 13645 13035 2477
11 13645 2477 12478
11 10917 13645 12478
11 10917 12478 3325
11 10917 3325 11106
11 13308 10917 11106
11 1991 13308 11106
11 1991 11106 695
11 695 729 1991
11 1991 729 3882
11 13308 1991 3882
11 13308 3882 13120
11 13308 13120 2230
11 16136 13308 2230
11 16136 2230 3549
11 16136 3549 13035
11 16136 13035 13645
11 16136 13645 10917
11 16136 10917 13308
11 13035 3549 3543
11 16136 10917 13308
11 11710 2230 13120
11 3886 3882 729
11 695 3326 729
11 3326 695 3327
11 3327 7110 3326
11 7110 16499 3326
11 7110 11241 16499
11 2148 16499 11241
11 2148 11241 16364
11 2148 16364 8887
11 2148 8887 3022
11 2148 3022 10910
11 10910 3022 2078
11 2078 3022 13940
11 13940 13184 2078
11 2078 13184 2029
11 12903 2078 2029
11 15390 12903 2029
11 2029 2004 15390
11 2029 9053 2004
11 1651 2004 9053
11 9053 13703 1651
11 1651 13703 2890
11 1651 2890 13238
11 1651 13238 1508
11 1651 1508 2004
11 2890 13703 12350
11 12350 12763 2890
11 1432 12350 13703
11 9053 1432 13703
11 2006 1432 9053
11 13184 2006 9053
11 2029 13184 9053
11 15441 2006 13184
11 15441 13184 2533
11 15441 2533 2528
11 2528 15353 15441
11 15353 2844 15441
11 15441 2844 14142
11 15441 14142 2006
11 2006 14142 1432
11 14142 8321 1432
11 1432 8321 2923
11 12350 1432 2923
11 8321 12365 2923
11 2923 12365 2928
11 12365 2924 2928
11 2924 3915 2928
11 11309 3915 2924
11 11309 2924 1829
11 9211 11309 1829
11 9211 1829 12677
11 9211 12677 2005
11 1509 9211 2005
11 2005 5038 1509
11 11481 1509 5038
11 11481 5038 2007
11 1510 11481 2007
11 2007 8541 1510
11 8541 1830 1510
11 1830 2680 1510
11 1510 2680 15955
11 1510 15955 7971
11 11481 1510 7971
11 11481 7971 1509
11 1509 7971 2931
11 1509 2931 9211
11 9211 2931 11309
11 2931 15358 11309
11 15358 3915 11309
11 15358 775 3915
11 775 13576 3915
11 775 2752 13576
11 775 14401 2752
11 13115 2752 14401
11 13115 14401 3883
11 14401 1925 3883
11 1925 2231 3883
11 3883 2231 14802
11 1925 14148 2231
11 14148 14676 2231
11 14676 3547 2231
11 3547 14676 13834
11 3547 13834 730
11 3547 730 13327
11 2476 13327 730
11 730 7671 2476
11 7671 10884 2476
11 2476 10884 3321
11 3321 3319 2476
11 3319 13327 2476
11 3319 2477 13327
11 11928 2477 3319
11 11928 3319 16498
11 12478 11928 16498
11 3582 12478 16498
11 16392 3582 16498
11 16498 11806 16392
11 11806 16330 16392
11 16330 3412 16392
11 3412 2151 16392
11 3582 16392 2151
11 11265 3582 2151
11 2151 13319 11265
11 13319 16319 11265
11 11265 16319 12789
11 12789 16500 11265
11 16500 3582 11265
11 16500 3325 3582
11 12478 3582 3325
11 12179 3325 16500
11 12179 16500 3327
11 695 12179 3327
11 11106 12179 695
11 11106 3325 12179
11 3327 16500 16364
11 3327 16364 7110
11 16364 11241 7110
11 12789 16364 16500
11 12789 16319 16364
11 8887 16364 16319
11 3022 8887 16319
11 16319 3028 3022
11 2533 3022 3028
11 3028 2528 2533
11 3028 3025 2528
11 2528 3025 9397
11 9397 2027 2528
11 2528 2027 15353
11 15353 2027 2844
11 2844 2027 12677
11 1829 2844 12677
11 2844 1829 8321
11 2844 8321 14142
11 8321 1829 12365
11 1829 2924 12365
11 2027 12268 12677
11 12677 12268 2005
11 2028 2005 12268
11 2525 2028 12268
11 2525 12268 9397
11 9397 3025 2525
11 3025 5172 2525
11 2525 5172 13558
11 2525 13558 2028
11 13558 13739 2028
11 13739 5038 2028
11 5038 2005 2028
11 15361 5038 13739
11 13739 3030 15361
11 3030 10213 15361
11 10213 2532 15361
11 2532 13805 15361
11 2007 15361 13805
11 2007 13805 2529
11 8541 2007 2529
11 2845 8541 2529
11 2845 2529 14737
11 9693 2845 14737
11 9693 14737 2526
11 9693 2526 2008
11 1654 9693 2008
11 2008 13985 1654
11 13985 2929 1654
11 2929 10576 1654
11 10576 15194 1654
11 8354 1654 15194
11 1830 8354 15194
11 1830 15194 2680
11 15518 2680 15194
11 1386 15518 15194
11 10576 1386 15194
11 2929 1386 10576
11 1386 2929 13417
11 1386 13417 1389
11 1389 16100 1386
11 16100 15518 1386
11 10643 15518 16100
11 10643 16100 1711
11 1414 10643 1711
11 1414 1711 1918
11 1918 9919 1414
11 9919 1926 1414
11 14484 1414 1926
11 9961 14484 1926
11 1926 14274 9961
11 9961 14274 10227
11 9961 10227 12805
11 2751 9961 12805
11 14676 2751 12805
11 14676 12805 13834
11 12805 10227 13834
11 10227 10044 13834
11 10044 7671 13834
11 7671 730 13834
11 11080 7671 10044
11 11080 10044 2233
11 11080 2233 8579
11 11080 8579 6953
11 11080 6953 12874
11 11080 12874 10884
11 11080 10884 7671
11 10884 12874 16501
11 10884 16501 3321
11 3321 16501 9785
11 3321 9785 2034
11 2034 3319 3321
11 3319 2034 11806
11 3319 11806 16498
11 2034 16330 11806
11 16330 2034 16474
11 16474 10213 16330
11 10213 3030 16330
11 3030 3412 16330
11 13558 3412 3030
11 13558 3030 13739
11 13558 5172 3412
11 5172 3025 3412
11 3412 3025 2151
11 2151 3025 13319
11 3025 3028 13319
11 16319 13319 3028
11 16474 3026 10213
11 3026 2532 10213
11 14505 2532 3026
11 2527 14505 3026
11 2527 3026 5727
11 2527 5727 16235
11 14737 2527 16235
11 2526 14737 16235
11 16235 14691 2526
11 14691 11502 2526
11 2008 2526 11502
11 2008 11502 9025
11 13186 2008 9025
11 13186 9025 15482
11 15989 13186 15482
11 8937 15989 15482
11 10304 8937 15482
11 10304 15482 13537
11 14159 10304 13537
11 13537 16356 14159
11 14159 16356 2153
11 2153 11456 14159
11 11456 12953 14159
11 14159 12953 10304
11 12953 9221 10304
11 9221 8937 10304
11 9221 8258 8937
11 8258 15989 8937
11 14270 15989 8258
11 5236 14270 8258
11 9015 5236 8258
11 9015 8258 9221
11 12953 9015 9221
11 16355 9015 12953
11 12953 2147 16355
11 2147 11871 16355
11 16355 11871 7574
11 16355 7574 9015
11 9015 7574 5236
11 7574 12107 5236
11 5236 12107 1415
11 1415 14270 5236
11 1415 6670 14270
11 6670 14646 14270
11 14270 14646 15989
11 14646 2456 15989
11 15989 2456 13186
11 13186 2456 13985
11 2008 13186 13985
11 13985 2456 2929
11 2456 7548 2929
11 2929 7548 3913
11 13417 2929 3913
11 13417 3913 14639
11 13417 14639 1389
11 12965 1389 14639
11 12965 14639 15495
11 15495 10309 12965
11 12965 10309 1416
11 1416 1389 12965
11 1389 1416 16100
11 11776 16100 1416
11 11776 1416 3880
11 11179 11776 3880
11 11179 3880 3550
11 11179 3550 4554
11 12810 11179 4554
11 12810 4554 14220
11 12810 14220 10086
11 12810 10086 14274
11 9919 12810 14274
11 1926 9919 14274
11 9919 1918 12810
11 12810 1918 11179
11 11179 1918 1711
11 1711 11776 11179
11 1711 16100 11776
11 10086 2233 14274
11 2233 10227 14274
11 10227 2233 10044
11 10086 8579 2233
11 14220 8579 10086
11 14220 6953 8579
11 4554 6953 14220
11 6953 4554 731
11 6953 731 9323
11 6953 9323 12874
11 3584 12874 9323
11 3584 9323 3316
11 3584 3316 7018
11 3584 7018 16362
11 2035 3584 16362
11 16473 2035 16362
11 16362 2153 16473
11 16356 16473 2153
11 16356 13613 16473
11 16473 13613 14043
11 14043 2035 16473
11 3584 2035 14043
11 16501 3584 14043
11 15332 16501 14043
11 16320 15332 14043
11 13613 16320 14043
11 5727 16320 13613
11 5727 13613 16235
11 16235 13613 16356
11 16235 16356 14691
11 14691 16356 13537
11 13537 11502 14691
11 13537 9025 11502
11 13537 15482 9025
11 3026 16320 5727
11 16474 16320 3026
11 16320 16474 15332
11 16474 9785 15332
11 16501 15332 9785
11 16474 2034 9785
11 16320 16474 15332
11 16501 15332 9785
11 3584 16501 12874
11 13613 16320 14043
11 16235 13613 16356
11 2153 16362 16395
11 11456 2153 16395
11 2147 11456 16395
11 2147 16395 9364
11 2147 9364 7404
11 7404 7729 2147
11 2147 7729 11871
11 11871 7729 2077
11 11871 2077 13432
11 11871 13432 7574
11 7574 13432 12107
11 12107 13432 13516
11 13516 11931 12107
11 12107 11931 1415
11 11931 14739 1415
11 14739 6670 1415
11 6670 14739 2932
11 9600 6670 2932
11 5182 9600 2932
11 14356 5182 2932
11 2941 14356 2932
11 2941 2932 5628
11 1652 2941 5628
11 11931 1652 5628
11 11931 5628 14739
11 14739 5628 2932
11 11931 13936 1652
11 13936 11321 1652
11 11321 12205 1652
11 12572 1652 12205
11 12572 12205 355
11 12572 355 2930
11 12572 2930 1652
11 2941 1652 2930
11 2930 10692 2941
11 10692 14356 2941
11 10692 3255 14356
11 14356 3255 1413
11 1413 14531 14356
11 14356 14531 5182
11 14531 2748 5182
11 2748 7154 5182
11 7154 3913 5182
11 5182 3913 9600
11 7548 9600 3913
11 2456 9600 7548
11 2456 14646 9600
11 14646 6670 9600
11 15495 3913 7154
11 15110 15495 7154
11 13470 15110 7154
11 13470 7154 2748
11 1921 13470 2748
11 14531 1921 2748
11 10438 1921 14531
11 1413 10438 14531
11 1409 10438 1413
11 1413 3255 1409
11 3255 319 1409
11 319 301 1409
11 1409 301 3876
11 3876 10438 1409
11 11029 10438 3876
11 13312 11029 3876
11 293 13312 3876
11 293 3876 301
11 293 301 334
11 302 293 334
11 310 302 334
11 334 320 310
11 692 310 320
11 692 320 3580
11 692 3580 3318
11 725 692 3318
11 725 3318 693
11 725 693 9416
11 9642 725 9416
11 9642 9416 8221
11 8221 4565 9642
11 10032 9642 4565
11 10032 4565 8634
11 10032 8634 11029
11 13312 10032 11029
11 9642 10032 13312
11 13312 725 9642
11 13312 726 725
11 725 726 692
11 726 310 692
11 310 726 302
11 302 726 293
11 293 726 13312
11 293 726 13312
11 8634 10438 11029
11 8634 1921 10438
11 4565 1921 8634
11 4565 10231 1921
11 13948 1921 10231
11 4539 13948 10231
11 4539 10231 8221
11 8221 9416 4539
11 4539 9416 11940
11 13560 4539 11940
11 11601 13560 11940
11 11601 11940 14411
11 732 11601 14411
11 12574 732 14411
11 2822 12574 14411
11 14411 9364 2822
11 2822 9364 16395
11 16362 2822 16395
11 7018 2822 16362
11 7018 12574 2822
11 7018 3316 12574
11 3316 732 12574
11 732 3316 14633
11 3550 732 14633
11 3550 14633 731
11 3550 731 4554
11 14633 3316 731
11 3316 9323 731
11 3550 13480 732
11 13480 13311 732
11 732 13311 11601
11 11601 13311 13560
11 7198 13560 13311
11 13311 4533 7198
11 10309 7198 4533
11 1416 10309 4533
11 1416 4533 10846
11 1416 10846 3880
11 10846 13480 3880
11 3550 3880 13480
11 4533 13480 10846
11 4533 13311 13480
11 4533 13480 10846
11 7198 10309 15110
11 3877 7198 15110
11 3877 15110 10154
11 10154 13560 3877
11 7198 3877 13560
11 4539 13560 10154
11 4539 10154 13948
11 10154 13470 13948
11 13948 13470 1921
11 10154 15110 13470
11 10154 15110 13470
11 7198 3877 13560
11 15495 15110 10309
11 4533 13311 13480
11 7198 3877 13560
11 4533 13311 13480
11 3550 3880 13480
11 14633 3316 731
11 14411 6610 9364
11 6610 693 9364
11 7404 9364 693
11 3318 7404 693
11 7404 3318 10463
11 7404 10463 7729
11 10463 12682 7729
11 7729 12682 2077
11 2077 12682 12108
11 12108 13432 2077
11 2531 13432 12108
11 2531 12108 16352
11 370 2531 16352
11 370 16352 362
11 362 334 370
11 370 334 377
11 2531 370 377
11 377 10721 2531
11 13516 2531 10721
11 10721 11321 13516
11 11321 13936 13516
11 13936 11931 13516
11 10721 12205 11321
11 10721 367 12205
11 355 12205 367
11 334 355 367
11 377 334 367
11 377 367 10721
11 334 343 355
11 2930 355 343
11 2930 343 328
11 1378 2930 328
11 319 1378 328
11 328 334 319
11 319 334 301
11 343 334 328
11 3255 1378 319
11 1378 3255 10692
11 2930 1378 10692
11 2930 1378 10692
11 343 334 328
11 343 334 328
11 377 367 10721
11 13516 13432 2531
11 377 367 10721
11 377 334 367
11 352 334 362
11 362 16352 352
11 1643 352 16352
11 16352 12108 1643
11 1643 12108 12682
11 12682 1645 1643
11 9645 1643 1645
11 3580 9645 1645
11 1645 3318 3580
11 10463 3318 1645
11 10463 1645 12682
11 3580 329 9645
11 329 1643 9645
11 1643 329 340
11 352 1643 340
11 352 340 334
11 329 334 340
11 329 320 334
11 3580 320 329
11 329 334 340
11 3580 320 329
11 329 1643 9645
11 10463 1645 12682
11 352 1643 340
11 352 340 334
11 362 16352 352
11 2531 370 377
11 16352 12108 1643
11 13516 13432 2531
11 1643 12108 12682
11 10463 1645 12682
11 10463 3318 1645
11 6610 11940 693
11 9416 693 11940
11 14411 11940 6610
11 14411 11940 6610
11 7018 12574 2822
11 3316 732 12574
11 732 13311 11601
11 14411 11940 6610
11 11601 13311 13560
11 4539 13560 10154
11 9416 693 11940
11 10231 4565 8221
11 4539 10154 13948
11 13948 13470 1921
11 10231 4565 8221
11 4565 1921 8634
11 9642 10032 13312
11 10231 4565 8221
11 8221 9416 4539
11 13312 725 9642
11 9416 693 11940
11 3318 7404 693
11 725 726 692
11 1645 3318 3580
11 3580 320 329
11 726 310 692
11 329 320 334
11 310 726 302
11 302 726 293
11 319 334 301
11 293 726 13312
11 13312 10032 11029
11 8634 10438 11029
11 293 3876 301
11 319 334 301
11 3255 1378 319
11 3876 10438 1409
11 8634 1921 10438
11 13948 13470 1921
11 10154 15110 13470
11 15495 15110 10309
11 15495 14639 3913
11 13470 7154 2748
11 14531 1921 2748
11 1413 10438 14531
11 1413 3255 1409
11 1378 3255 10692
11 2930 1378 10692
11 2930 355 343
11 355 12205 367
11 12572 2930 1652
11 10721 12205 11321
11 11321 13936 13516
11 13936 11931 13516
11 2941 1652 2930
11 14739 5628 2932
11 10692 14356 2941
11 14356 14531 5182
11 5182 3913 9600
11 14646 6670 9600
11 14739 5628 2932
11 11931 5628 14739
11 13936 11931 13516
11 13516 13432 2531
11 12108 13432 2077
11 7729 12682 2077
11 7404 10463 7729
11 7404 9364 693
11 2822 9364 16395
11 11456 2147 12953
11 16362 2822 16395
11 14043 2035 16473
11 3584 2035 14043
11 7018 2822 16362
11 7018 3316 12574
11 3316 9323 731
11 3584 16501 12874
11 3316 9323 731
11 3550 731 4554
11 14220 8579 10086
11 4554 6953 14220
11 12810 1918 11179
11 3550 731 4554
11 3550 3880 13480
11 1711 11776 11179
11 1416 10846 3880
11 1711 16100 11776
11 1416 10309 4533
11 15495 15110 10309
11 15495 14639 3913
11 1416 1389 12965
11 15495 14639 3913
11 7548 9600 3913
11 2456 9600 7548
11 2456 14646 9600
11 14646 6670 9600
11 14739 6670 1415
11 12107 11931 1415
11 7574 13432 12107
11 11871 13432 7574
11 2147 7729 11871
11 11456 2147 12953
11 16355 7574 9015
11 9015 7574 5236
11 1415 14270 5236
11 14270 14646 15989
11 9015 8258 9221
11 12953 9015 9221
11 11456 2147 12953
11 11456 2153 16395
11 16356 16473 2153
11 14691 16356 13537
11 14159 12953 10304
11 13537 15482 9025
11 9221 8937 10304
11 8258 15989 8937
11 15989 2456 13186
11 13537 15482 9025
11 2008 13186 13985
11 13537 9025 11502
11 13537 11502 14691
11 16235 16356 14691
11 2529 2527 14737
11 14505 2527 2529
11 2532 14505 2529
11 2532 2529 13805
11 5727 13613 16235
11 3026 16320 5727
11 14505 2527 2529
11 2532 14505 2529
11 16474 16320 3026
11 16474 2034 9785
11 16474 2034 9785
11 16501 15332 9785
11 3584 16501 12874
11 6953 9323 12874
11 14220 6953 8579
11 10086 8579 2233
11 10227 2233 10044
11 11080 10884 7671
11 10227 2233 10044
11 14676 14148 2751
11 14148 776 2751
11 776 14484 2751
11 2751 14484 9961
11 776 13134 14484
11 14484 13134 1414
11 13134 1385 1414
11 1414 1385 10643
11 10643 1385 15518
11 1385 2680 15518
11 1385 15955 2680
11 1385 10891 15955
11 10891 3916 15955
11 3916 7971 15955
11 3916 2931 7971
11 2931 3916 9659
11 2931 9659 15358
11 8114 15358 9659
11 8114 9659 3916
11 776 8114 3916
11 10891 776 3916
11 776 10891 13134
11 1385 13134 10891
11 14148 8114 776
11 1925 8114 14148
11 1925 775 8114
11 8114 775 15358
11 775 1925 14401
11 8114 775 15358
11 8114 9659 3916
11 10891 776 3916
11 1385 13134 10891
11 1385 13134 10891
11 776 10891 13134
11 14148 8114 776
11 2751 14484 9961
11 12805 10227 13834
11 2233 10227 14274
11 1926 9919 14274
11 2751 14484 9961
11 14484 13134 1414
11 1926 9919 14274
11 9919 1918 12810
11 11179 1918 1711
11 1414 1385 10643
11 1711 16100 11776
11 10643 1385 15518
11 1389 1416 16100
11 13417 14639 1389
11 13417 2929 3913
11 16100 15518 1386
11 1385 2680 15518
11 8354 1830 2845
11 8354 2845 9693
11 1654 8354 9693
11 8541 2845 1830
11 1654 8354 9693
11 10576 1386 15194
11 2929 1386 10576
11 13985 2456 2929
11 2008 13186 13985
11 1654 8354 9693
11 2008 2526 11502
11 2526 14737 16235
11 8354 2845 9693
11 2529 2527 14737
11 8541 2845 1830
11 2532 2529 13805
11 15361 2007 5038
11 2532 2529 13805
11 3026 2532 10213
11 10213 3030 16330
11 13558 3030 13739
11 15361 2007 5038
11 13558 3030 13739
11 13558 5172 3412
11 5172 3025 3412
11 12268 2027 9397
11 2525 13558 2028
11 5038 2005 2028
11 12268 2027 9397
11 12268 2027 9397
11 9397 3025 2525
11 3025 3028 13319
11 13940 3022 2533
11 2533 13184 13940
11 16319 13319 3028
11 11106 3325 12179
11 12789 16364 16500
11 12789 16319 16364
11 16319 13319 3028
11 2151 3025 13319
11 16500 3582 11265
11 3412 3025 2151
11 3030 3412 16330
11 2034 16330 11806
11 3319 11806 16498
11 3582 16392 2151
11 12478 3582 3325
11 12478 2477 11928
11 3319 11806 16498
11 12478 2477 11928
11 2034 3319 3321
11 10884 16501 3321
11 11080 10884 7671
11 7671 730 13834
11 3319 13327 2476
11 7671 730 13834
11 14676 12805 13834
11 14676 14148 2751
11 1925 8114 14148
11 775 1925 14401
11 775 1925 14401
11 8114 775 15358
11 2931 9659 15358
11 3916 2931 7971
11 3916 7971 15955
11 1385 15955 2680
11 1830 15194 2680
11 8541 2845 1830
11 8541 2007 2529
11 11481 1510 7971
11 15361 2007 5038
11 11481 7971 1509
11 5038 2005 2028
11 1509 2931 9211
11 12677 12268 2005
11 1829 2844 12677
11 9211 2931 11309
11 1829 2924 12365
11 15358 3915 11309
11 1829 2924 12365
11 8321 1829 12365
11 2844 8321 14142
11 2844 8321 14142
11 15353 2027 2844
11 2528 2027 15353
11 3028 2528 2533
11 2533 13184 13940
11 15441 14142 2006
11 2006 14142 1432
11 12350 1432 2923
11 9053 1432 13703
11 1651 1508 2004
11 2029 13184 9053
11 2029 13184 9053
11 2533 13184 13940
11 13940 3022 2533
11 3022 8887 16319
11 8887 16364 16319
11 16364 11241 7110
11 16364 11241 7110
11 3327 16364 7110
11 695 12179 3327
11 11106 12179 695
11 13308 1991 3882
11 16136 10917 13308
11 11106 3325 12179
11 12478 3582 3325
11 16136 13645 10917
11 12478 2477 11928
11 16136 13035 13645
11 13035 3549 3543
11 3319 2477 13327
11 3547 730 13327
11 14676 3547 2231
11 3883 2231 14802
11 13035 3549 3543
11 3883 2231 14802
11 13115 14401 3883
11 16136 2230 3549
11 13115 2752 14401
11 11710 2230 13120
11 775 2752 13576
11 775 13576 3915
11 2924 3915 2928
11 1384 772 1379
11 2923 12365 2928
11 12350 1432 2923
11 12350 12763 2890
11 1384 772 1379
11 12350 12763 2890
11 1651 2890 13238
11 2927 771 9985
11 2922 9985 3912
11 1651 13238 1508
11 14346 2922 11583
11 1431 10617 14346
11 1651 1508 2004
11 2029 2004 15390
11 10617 2003 1508
11 2016 10617 1431
11 10617 15369 15389
11 12662 15389 2530
11 15390 2003 15389
11 15390 12903 2029
11 13440 12605 16348
11 12903 2078 2029
11 10910 3022 2078
11 2148 3022 10910
11 2148 16499 11241
11 16499 8008 11000
11 7110 16499 3326
11 695 3326 729
11 3886 3882 729
11 3886 15142 3879
11 3885 15186 13766
11 13766 11792 3885
11 11792 3548 3885
11 11792 727 3548
11 8581 3548 727
11 727 3317 8581
11 3324 3317 727
11 3324 727 11728
11 11728 727 13766
11 13766 727 11792
11 3324 3323 3317
11 3317 3323 278
11 3323 287 278
11 12369 278 287
11 12369 287 13540
11 12369 13540 14312
11 14997 12369 14312
11 14997 14312 4800
11 14997 4800 4976
11 5009 14997 4976
11 13280 5009 4976
11 14632 13280 4976
11 4800 14632 4976
11 4800 9039 14632
11 9039 3278 14632
11 3278 12381 14632
11 13595 14632 12381
11 291 13595 12381
11 291 12381 250
11 14203 291 250
11 250 3215 14203
11 14203 3215 1720
11 14203 1720 1188
11 1188 291 14203
11 291 1188 16369
11 291 16369 279
11 13994 291 279
11 279 12737 13994
11 13994 12737 15035
11 15035 13595 13994
11 13994 13595 291
11 15035 14632 13595
11 14632 15035 13280
11 14368 13280 15035
11 12737 14368 15035
11 14368 12737 14054
11 14054 12214 14368
11 4815 14368 12214
11 4548 4815 12214
11 9935 4548 12214
11 9935 12214 14054
11 3921 9935 14054
11 13900 3921 14054
11 13900 14054 258
11 233 13900 258
11 233 258 16311
11 2660 233 16311
11 2660 16311 1108
11 1108 2667 2660
11 2660 2667 16193
11 2660 16193 16194
11 211 2660 16194
11 211 16194 196
11 211 196 2197
11 211 2197 2836
11 211 2836 233
11 2660 211 233
11 233 2836 13900
11 13900 2836 3921
11 2836 2198 3921
11 3921 2198 15474
11 13011 3921 15474
11 13011 15474 14917
11 1122 13011 14917
11 13011 1122 9935
11 3921 13011 9935
11 9935 1122 4548
11 4548 1122 11349
11 11349 1122 10834
11 15474 13249 14917
11 14917 13249 13672
11 14917 13672 10949
11 10949 13672 14314
11 13965 10949 14314
11 13672 12370 14314
11 13672 103 12370
11 12370 103 13214
11 103 91 13214
11 120 13214 91
11 120 91 13520
11 120 13520 3092
11 120 3092 141
11 141 8327 120
11 8327 719 120
11 719 11998 120
11 11998 13214 120
11 11998 4096 13214
11 719 4096 11998
11 4096 719 13649
11 4096 13649 12092
11 12092 13649 4613
11 4613 1958 12092
11 13649 14209 4613
11 13649 3556 14209
11 3331 14209 3556
11 3556 11681 3331
11 3331 11681 3035
11 4084 3331 3035
11 3278 4084 3035
11 12035 3278 3035
11 12035 3035 3253
11 225 12035 3253
11 206 225 3253
11 2933 206 3253
11 3253 3035 2933
11 11681 2933 3035
11 3556 2933 11681
11 3556 7070 2933
11 7070 166 2933
11 166 185 2933
11 206 2933 185
11 206 185 207
11 3536 206 207
11 3536 207 222
11 222 5453 3536
11 3536 5453 3537
11 3536 3537 206
11 225 206 3537
11 3537 3215 225
11 225 3215 250
11 225 250 12035
11 12035 250 12381
11 3278 12035 12381
11 3215 3537 3848
11 3848 3045 3215
11 3215 3045 1720
11 1720 3045 1708
11 1188 1720 1708
11 13203 1188 1708
11 1189 13203 1708
11 1189 1708 13724
11 1189 13724 3574
11 11810 1189 3574
11 3574 1405 11810
11 6580 11810 1405
11 6580 1405 12095
11 12095 16314 6580
11 6580 16314 16366
11 16366 1189 6580
11 6580 1189 11810
11 16366 13203 1189
11 13203 16366 14071
11 1188 13203 14071
11 1188 14071 16369
11 14071 16317 16369
11 16369 16317 16311
11 258 16369 16311
11 279 16369 258
11 279 258 12737
11 12737 258 14054
11 1108 16311 16317
11 1108 16317 16315
11 16315 4784 1108
11 13656 1108 4784
11 2668 13656 4784
11 2668 4784 13347
11 2668 13347 13922
11 16196 2668 13922
11 1027 16196 13922
11 13922 14378 1027
11 1027 14378 14225
11 10872 1027 14225
11 10872 14225 1258
11 10872 1258 3267
11 13515 10872 3267
11 5037 13515 3267
11 3267 10658 5037
11 5037 10658 3832
11 5037 3832 11695
11 5037 11695 3831
11 5037 3831 10150
11 5037 10150 16255
11 5037 16255 13515
11 16255 10872 13515
11 16255 1027 10872
11 1027 16255 16196
11 16255 11479 16196
11 11479 12096 16196
11 2668 16196 12096
11 2668 12096 13656
11 13656 12096 16199
11 16199 2667 13656
11 1108 13656 2667
11 2667 16199 16193
11 3274 16193 16199
11 11647 3274 16199
11 16253 11647 16199
11 16253 16199 12096
11 16253 12096 11479
11 16263 16253 11479
11 16263 11479 16255
11 10150 16263 16255
11 10150 3831 16263
11 7101 16263 3831
11 7101 3831 14875
11 14186 7101 14875
11 14186 14875 1813
11 2083 14186 1813
11 1813 10126 2083
11 10126 7354 2083
11 2083 7354 290
11 13730 2083 290
11 264 13730 290
11 264 290 14355
11 264 14355 12910
11 264 12910 240
11 264 240 3258
11 13546 264 3258
11 13546 3258 11647
11 11647 2025 13546
11 2025 2936 13546
11 13546 2936 13730
11 13730 264 13546
11 2936 2083 13730
11 2936 14186 2083
11 2936 7101 14186
11 2936 16263 7101
11 16263 2936 2025
11 16263 2025 16253
11 16253 2025 11647
11 16263 2936 2025
11 16253 2025 11647
11 3258 3274 11647
11 3258 240 3274
11 3274 240 227
11 3274 227 16194
11 3274 16194 16193
11 16194 227 196
11 196 227 609
11 609 181 196
11 2197 196 181
11 181 169 2197
11 169 2198 2197
11 2197 2198 2836
11 169 2442 2198
11 2442 15474 2198
11 15474 2442 13249
11 13249 2442 13672
11 14287 13672 2442
11 14287 2442 151
11 14287 151 103
11 13672 14287 103
11 103 151 1068
11 103 1068 11516
11 11516 91 103
11 11516 600 91
11 600 13520 91
11 600 899 13520
11 13520 899 3092
11 3092 899 16444
11 16148 3092 16444
11 9230 16148 16444
11 9230 16444 3802
11 16443 9230 3802
11 8108 16443 3802
11 1731 8108 3802
11 3802 3900 1731
11 3900 12832 1731
11 12832 3122 1731
11 1731 3122 12676
11 12676 16141 1731
11 1731 16141 8108
11 16141 239 8108
11 8108 239 12166
11 16443 8108 12166
11 1929 16443 12166
11 1929 12166 239
11 1929 239 12260
11 1929 12260 16096
11 16096 13780 1929
11 13780 1259 1929
11 1259 11060 1929
11 1929 11060 16443
11 11060 9230 16443
11 15384 9230 11060
11 15384 11060 16453
11 11039 15384 16453
11 11039 16453 16452
11 16102 11039 16452
11 11274 16102 16452
11 11274 16452 1777
11 1777 117 11274
11 117 138 11274
11 138 16102 11274
11 138 7431 16102
11 1931 16102 7431
11 886 1931 7431
11 886 7431 159
11 159 177 886
11 16492 886 177
11 185 16492 177
11 207 185 177
11 207 177 12825
11 207 12825 11617
11 222 207 11617
11 222 11617 247
11 247 16231 222
11 5453 222 16231
11 5453 16231 3250
11 5611 5453 3250
11 5611 3250 5494
11 5611 5494 3848
11 5611 3848 5453
11 5453 3848 3537
11 5494 13020 3848
11 13020 3045 3848
11 3045 13020 3844
11 3844 3046 3045
11 3045 3046 1708
11 3046 13724 1708
11 3046 3574 13724
11 3046 13352 3574
11 13352 14108 3574
11 14108 11464 3574
11 3574 11464 1405
11 11464 15140 1405
11 15140 16610 1405
11 16610 4077 1405
11 12095 1405 4077
11 4077 7917 12095
11 12095 7917 11104
11 12095 11104 16314
11 11104 14378 16314
11 13347 16314 14378
11 13922 13347 14378
11 16314 13347 16315
11 16366 16314 16315
11 16366 16315 16317
11 16366 16317 14071
11 13347 4784 16315
11 7917 14378 11104
11 11662 14378 7917
11 2417 11662 7917
11 4077 2417 7917
11 2417 4077 14147
11 2417 14147 4083
11 1009 2417 4083
11 10940 1009 4083
11 10940 4083 1406
11 1626 10940 1406
11 1406 1574 1626
11 1626 1574 11970
11 16316 1626 11970
11 15936 16316 11970
11 2419 15936 11970
11 2419 11970 4082
11 14040 2419 4082
11 11099 14040 4082
11 11099 4082 1407
11 11099 1407 1408
11 1785 11099 1408
11 1785 1408 1191
11 1785 1191 4589
11 2420 1785 4589
11 4589 9625 2420
11 2420 9625 1114
11 2420 1114 13197
11 2420 13197 5213
11 5213 1785 2420
11 11099 1785 5213
11 14040 11099 5213
11 14040 5213 1112
11 14040 1112 10707
11 2419 14040 10707
11 2419 10707 14781
11 2419 14781 15936
11 15936 14781 1111
11 1009 15936 1111
11 13013 1009 1111
11 2669 13013 1111
11 1111 5747 2669
11 2669 5747 3268
11 2669 3268 11577
11 2669 11577 2427
11 2427 10978 2669
11 10978 13013 2669
11 1110 13013 10978
11 1110 10978 1258
11 1110 1258 11662
11 2417 1110 11662
11 1009 1110 2417
11 1110 1009 13013
11 1258 14225 11662
11 14225 14378 11662
11 2427 1258 10978
11 1258 2427 3260
11 3267 1258 3260
11 3267 3260 10658
11 10658 3260 3832
11 3260 10835 3832
11 2086 3832 10835
11 7980 2086 10835
11 7980 10835 3833
11 16437 7980 3833
11 3834 16437 3833
11 3833 16265 3834
11 8876 3834 16265
11 8876 16265 13671
11 8876 13671 3269
11 16264 8876 3269
11 16264 3269 3270
11 3270 14569 16264
11 3835 16264 14569
11 3835 14569 12930
11 2084 3835 12930
11 2084 12930 15366
11 1815 2084 15366
11 15366 14177 1815
11 14177 2092 1815
11 14485 1815 2092
11 2092 16244 14485
11 8953 14485 16244
11 15126 8953 16244
11 15126 16244 5902
11 15126 5902 3845
11 3540 15126 3845
11 3540 3845 10529
11 3540 10529 3539
11 3540 3539 13258
11 3540 13258 16250
11 8953 3540 16250
11 2091 8953 16250
11 2091 16250 11656
11 2091 11656 1533
11 2091 1533 11468
11 11468 14485 2091
11 8953 2091 14485
11 11468 1815 14485
11 2084 1815 11468
11 2084 11468 12292
11 2084 12292 3835
11 3835 12292 13321
11 3835 13321 8876
11 16264 3835 8876
11 13321 3834 8876
11 3834 13321 2088
11 3834 2088 16437
11 16437 2088 9332
11 15621 16437 9332
11 2090 15621 9332
11 2090 9332 1533
11 11656 2090 1533
11 11656 11787 2090
11 11787 16248 2090
11 16248 10241 2090
11 10241 15621 2090
11 16273 15621 10241
11 12527 16273 10241
11 16248 12527 10241
11 8302 12527 16248
11 5580 8302 16248
11 5580 16248 11787
11 5580 11787 13258
11 5580 13258 3539
11 5580 3539 3040
11 5580 3040 8302
11 3040 16246 8302
11 8302 16246 12527
11 12527 16246 16273
11 12918 16273 16246
11 9724 12918 16246
11 14004 9724 16246
11 7632 14004 16246
11 7632 16246 3040
11 7632 3040 3207
11 7632 3207 12546
11 7632 12546 3047
11 7632 3047 14004
11 3847 14004 3047
11 3847 3047 14108
11 14108 9456 3847
11 9456 12353 3847
11 3847 12353 16247
11 3847 16247 14004
11 14004 16247 9724
11 16247 12918 9724
11 2089 12918 16247
11 9555 2089 16247
11 12714 9555 16247
11 12353 12714 16247
11 12353 16228 12714
11 12714 16228 16272
11 12714 16272 9555
11 9555 16272 1529
11 9984 9555 1529
11 11414 9984 1529
11 1529 1530 11414
11 1530 11695 11414
11 11414 11695 3832
11 2086 11414 3832
11 2086 9984 11414
11 1814 9984 2086
11 2086 7980 1814
11 11518 1814 7980
11 15621 11518 7980
11 7980 16437 15621
11 16273 11518 15621
11 16273 1814 11518
11 16273 2089 1814
11 9984 1814 2089
11 9555 9984 2089
11 2089 16273 12918
11 16273 1814 11518
11 9984 1814 2089
11 3831 11695 1530
11 14305 3831 1530
11 14747 14305 1530
11 1529 14747 1530
11 16272 14747 1529
11 16272 4966 14747
11 1813 14747 4966
11 4966 16274 1813
11 1813 16274 10126
11 10126 16274 7354
11 7354 16274 11472
11 7354 11472 247
11 7354 247 271
11 7354 271 290
11 13790 290 271
11 13790 271 13444
11 13444 2889 13790
11 13790 2889 12314
11 12314 11687 13790
11 13790 11687 14355
11 13790 14355 290
11 11687 10699 14355
11 14355 10699 12910
11 12910 10699 14993
11 12910 14993 2825
11 240 12910 2825
11 240 2825 227
11 227 2825 609
11 2825 10036 609
11 10036 1153 609
11 12197 609 1153
11 11569 12197 1153
11 9072 11569 1153
11 1153 12150 9072
11 12150 1154 9072
11 9072 1154 3296
11 3296 3384 9072
11 3384 12318 9072
11 12318 11569 9072
11 126 11569 12318
11 12318 102 126
11 641 126 102
11 641 102 117
11 117 1777 641
11 1777 11990 641
11 6094 641 11990
11 6094 11990 1776
11 640 6094 1776
11 640 1776 12686
11 15700 640 12686
11 15700 12686 15807
11 15700 15807 10519
11 13377 15700 10519
11 13377 10519 639
11 639 2168 13377
11 2168 10591 13377
11 13377 10591 2920
11 15700 13377 2920
11 15700 2920 14408
11 640 15700 14408
11 640 14408 1675
11 640 1675 13984
11 6094 640 13984
11 13984 2169 6094
11 2169 641 6094
11 641 2169 8226
11 641 8226 126
11 126 8226 2175
11 126 2175 162
11 11569 126 162
11 11569 162 12197
11 181 12197 162
11 162 2507 181
11 169 181 2507
11 169 2507 2520
11 2520 151 169
11 169 151 2442
11 2520 1068 151
11 7874 1068 2520
11 2520 14295 7874
11 14295 2515 7874
11 7874 2515 2511
11 2511 1074 7874
11 1074 1068 7874
11 1068 1074 2777
11 11516 1068 2777
11 2777 600 11516
11 600 2777 13387
11 600 13387 899
11 13387 3900 899
11 16444 899 3900
11 3900 3802 16444
11 8192 3900 13387
11 13387 2777 8192
11 10467 8192 2777
11 10467 2777 1074
11 13760 10467 1074
11 2511 13760 1074
11 2511 11815 13760
11 13760 11815 14609
11 14609 10467 13760
11 1981 10467 14609
11 14609 1073 1981
11 8208 1981 1073
11 1073 9977 8208
11 8208 9977 1976
11 8208 1976 12712
11 3122 8208 12712
11 3122 12712 12676
11 12676 12712 3097
11 3097 16141 12676
11 3097 3801 16141
11 11317 16141 3801
11 16442 11317 3801
11 1454 16442 3801
11 6845 1454 3801
11 3097 6845 3801
11 3097 13653 6845
11 13653 15102 6845
11 6845 15102 8773
11 8773 1454 6845
11 1454 8773 10040
11 10040 408 1454
11 408 16442 1454
11 408 11840 16442
11 11840 7563 16442
11 16442 7563 10530
11 11317 16442 10530
11 11317 10530 892
11 239 11317 892
11 12260 239 892
11 16096 12260 892
11 13499 16096 892
11 16454 13499 892
11 892 10530 16454
11 10530 7563 16454
11 7563 9336 16454
11 9336 9903 16454
11 9903 907 16454
11 13499 16454 907
11 16096 13499 907
11 907 9311 16096
11 9311 13780 16096
11 9311 1774 13780
11 1774 1259 13780
11 1774 16453 1259
11 1259 16453 11060
11 1774 7332 16453
11 7332 16452 16453
11 7332 1776 16452
11 11990 16452 1776
11 16452 11990 1777
11 1774 1776 7332
11 12686 1776 1774
11 12686 1774 15807
11 9311 15807 1774
11 907 15807 9311
11 639 15807 907
11 907 9903 639
11 638 639 9903
11 638 9903 3525
11 3525 637 638
11 637 14258 638
11 14258 2168 638
11 639 638 2168
11 5918 2168 14258
11 5918 14258 637
11 13963 5918 637
11 2164 13963 637
11 2164 637 9087
11 2164 9087 10357
11 9742 2164 10357
11 9742 10357 15503
11 2916 9742 15503
11 15503 14529 2916
11 14529 2514 2916
11 2916 2514 13022
11 2916 13022 9742
11 13022 16447 9742
11 9742 16447 3169
11 2164 9742 3169
11 3169 13963 2164
11 3169 5918 13963
11 3169 3180 5918
11 3180 15849 5918
11 15849 2168 5918
11 2168 15849 10591
11 10591 15849 16466
11 14664 10591 16466
11 14664 16466 3172
11 2920 14664 3172
11 3172 3173 2920
11 3173 13556 2920
11 2920 13556 14408
11 14408 13556 1177
11 14408 1177 1675
11 1675 1177 13972
11 1675 13972 13984
11 13972 2169 13984
11 2181 2169 13972
11 13972 3167 2181
11 2181 3167 2519
11 12297 2181 2519
11 2519 2511 12297
11 12297 2511 2515
11 2515 10841 12297
11 10841 2181 12297
11 2169 2181 10841
11 10841 8226 2169
11 10841 2175 8226
11 2175 10841 2515
11 2515 14295 2175
11 14295 2507 2175
11 2175 2507 162
11 14295 2520 2507
11 2175 10841 2515
11 2519 11815 2511
11 2519 15650 11815
11 11815 15650 14609
11 15650 1073 14609
11 1073 15650 14285
11 1073 14285 2510
11 1073 2510 9977
11 9977 2510 15804
11 9977 15804 1072
11 9977 1072 1976
11 1072 10331 1976
11 10331 598 1976
11 1976 598 12712
11 3097 12712 598
11 3097 598 13653
11 598 10331 13653
11 13653 10331 1980
11 13653 1980 15102
11 15102 1980 1974
11 8773 15102 1974
11 8773 1974 8274
11 10040 8773 8274
11 3094 10040 8274
11 8274 3093 3094
11 3094 3093 16138
11 16138 16163 3094
11 3094 16163 10582
11 3094 10582 6920
11 3094 6920 10040
11 6920 16165 10040
11 10040 16165 408
11 408 16165 9715
11 408 9715 11840
11 9715 9115 11840
11 9115 5028 11840
11 5028 7563 11840
11 7563 5028 9336
11 9336 5028 7361
11 16090 9336 7361
11 8625 16090 7361
11 16098 8625 7361
11 7361 10001 16098
11 16098 10001 12954
11 16098 12954 9840
11 16098 9840 14636
11 16098 14636 8625
11 3524 8625 14636
11 10886 3524 14636
11 10886 14636 7477
11 10886 7477 2220
11 3058 10886 2220
11 3058 2220 2219
11 2219 906 3058
11 906 14607 3058
11 3058 14607 636
11 3058 636 10886
11 10886 636 16075
11 3524 10886 16075
11 16075 9087 3524
11 3525 3524 9087
11 3525 9087 637
11 3525 16090 3524
11 3524 16090 8625
11 16090 3525 9903
11 16090 9903 9336
11 10357 9087 16075
11 16075 15503 10357
11 15503 16075 636
11 13903 15503 636
11 2163 13903 636
11 2163 636 2827
11 2827 11009 2163
11 14001 2163 11009
11 14001 11009 5674
11 15842 14001 5674
11 15842 5674 14748
11 14748 10830 15842
11 3176 15842 10830
11 3176 10830 3174
11 3174 12624 3176
11 12624 15800 3176
11 12901 3176 15800
11 15799 12901 15800
11 15799 15800 1070
11 1070 10077 15799
11 10077 13677 15799
11 13677 3170 15799
11 12901 15799 3170
11 12901 3170 15842
11 3176 12901 15842
11 3170 14001 15842
11 3170 2915 14001
11 14001 2915 2163
11 2163 2915 14529
11 13903 2163 14529
11 15503 13903 14529
11 2915 2514 14529
11 2915 14625 2514
11 14625 13677 2514
11 13677 15794 2514
11 2514 15794 13022
11 13022 15794 13908
11 16447 13022 13908
11 13908 15798 16447
11 16447 15798 14498
11 3169 16447 14498
11 3169 14498 5878
11 3180 3169 5878
11 3180 5878 2516
11 2516 14615 3180
11 14615 15849 3180
11 16466 15849 14615
11 2516 16466 14615
11 16466 2516 15783
11 3172 16466 15783
11 3172 15783 2517
11 3172 2517 3173
11 3173 2517 15650
11 2519 3173 15650
11 2519 3167 3173
11 3173 3167 13556
11 13556 3167 1177
11 1177 3167 13972
11 15650 2517 14285
11 14285 2517 2510
11 15783 2510 2517
11 15804 2510 15783
11 15804 15783 2516
11 9853 15804 2516
11 5878 9853 2516
11 15803 9853 5878
11 5878 14498 15803
11 14498 15798 15803
11 15018 15803 15798
11 15018 15798 11961
11 11961 6606 15018
11 15018 6606 1980
11 15018 1980 1072
11 1072 15803 15018
11 1072 9853 15803
11 1072 15804 9853
11 1980 10331 1072
11 1974 1980 6606
11 6606 595 1974
11 595 3093 1974
11 8274 1974 3093
11 3798 3093 595
11 1427 3798 595
11 1975 1427 595
11 595 16561 1975
11 1071 1975 16561
11 1071 16561 6606
11 1071 6606 11961
11 11961 13908 1071
11 1071 13908 15794
11 15794 13677 1071
11 10077 1071 13677
11 1975 1071 10077
11 1070 1975 10077
11 1975 1070 13431
11 1975 13431 1427
11 13431 8196 1427
11 8196 12037 1427
11 1427 12037 3798
11 3898 3798 12037
11 545 3898 12037
11 545 12037 3095
11 3095 13950 545
11 13950 6952 545
11 545 6952 7640
11 545 7640 3898
11 3898 7640 16138
11 16138 12518 3898
11 3898 12518 3798
11 12518 3093 3798
11 16138 3093 12518
11 16138 3093 12518
11 2351 16138 7640
11 2351 7640 14597
11 5039 2351 14597
11 14597 9991 5039
11 9991 2223 5039
11 10101 5039 2223
11 2223 11819 10101
11 11819 906 10101
11 10101 906 2219
11 2219 5039 10101
11 13792 5039 2219
11 647 13792 2219
11 2219 2220 647
11 2220 7798 647
11 647 7798 10582
11 647 10582 16163
11 647 16163 13792
11 13792 16163 2351
11 5039 13792 2351
11 16163 16138 2351
11 7798 15617 10582
11 15617 8352 10582
11 6920 10582 8352
11 6920 8352 16165
11 9951 16165 8352
11 15617 9951 8352
11 9840 9951 15617
11 9840 15617 7477
11 9840 7477 14636
11 15617 2220 7477
11 2220 15617 7798
11 9840 12954 9951
11 16165 9951 12954
11 16165 12954 9115
11 16165 9115 9715
11 9115 12954 10001
11 9115 10001 5028
11 7361 5028 10001
11 16165 9951 12954
11 15617 9951 8352
11 2220 15617 7798
11 2220 15617 7798
11 647 16163 13792
11 5039 13792 2351
11 906 11819 4663
11 906 4663 14607
11 14607 4663 2827
11 14607 2827 636
11 14545 2827 4663
11 11819 14545 4663
11 11819 635 14545
11 635 1625 14545
11 1625 5674 14545
11 14545 5674 2827
11 2827 5674 11009
11 1625 14748 5674
11 1625 2165 14748
11 2165 10830 14748
11 2165 15840 10830
11 10830 15840 3174
11 14521 3174 15840
11 15840 12833 14521
11 14521 12833 2518
11 2518 13574 14521
11 14521 13574 15792
11 3174 14521 15792
11 12624 3174 15792
11 5445 12624 15792
11 5445 15792 12389
11 2776 5445 12389
11 2776 12389 624
11 2776 624 10763
11 2776 10763 1977
11 1977 9246 2776
11 9246 1979 2776
11 1979 5445 2776
11 1979 13279 5445
11 5445 13279 12624
11 13279 15800 12624
11 13279 14044 15800
11 14044 1070 15800
11 14016 1070 14044
11 14016 14044 13279
11 1979 14016 13279
11 8196 14016 1979
11 1979 10609 8196
11 3095 8196 10609
11 3095 10609 11564
11 3095 11564 16155
11 13950 3095 16155
11 16155 14710 13950
11 14710 6952 13950
11 889 6952 14710
11 889 14710 16629
11 16629 11694 889
11 11694 14930 889
11 12396 889 14930
11 14930 11747 12396
11 12396 11747 905
11 2223 12396 905
11 2223 905 11819
11 905 635 11819
11 905 2968 635
11 2968 12368 635
11 12368 1625 635
11 12368 2165 1625
11 2165 12368 11470
11 2165 11470 15840
11 11470 15856 15840
11 15840 15856 12833
11 12833 15856 16465
11 12833 16465 2518
11 2518 16465 12886
11 12886 14113 2518
11 2518 14113 1308
11 2518 1308 13574
11 12389 13574 1308
11 624 12389 1308
11 624 1308 7424
11 11552 624 7424
11 7424 10883 11552
11 10883 4658 11552
11 15796 11552 4658
11 8554 15796 4658
11 8554 4658 16084
11 10345 8554 16084
11 15847 10345 16084
11 15847 16084 15851
11 15847 15851 22
11 22 8 15847
11 15847 8 10345
11 8 13 10345
11 13 15606 10345
11 15796 10345 15606
11 2775 15796 15606
11 2775 15606 1067
11 2775 1067 13951
11 13951 1066 2775
11 2775 1066 11814
11 11814 15796 2775
11 11814 11552 15796
11 11552 11814 10763
11 10763 624 11552
11 10763 11814 1977
11 11420 1977 11814
11 1066 11420 11814
11 1066 16342 11420
11 16342 1977 11420
11 1977 16342 12629
11 1977 12629 593
11 9246 1977 593
11 1979 9246 593
11 593 10609 1979
11 593 3897 10609
11 11564 10609 3897
11 11564 3897 3800
11 3800 16155 11564
11 16155 3800 10159
11 16155 10159 16629
11 14710 16155 16629
11 16629 10159 16174
11 16629 16174 11694
11 1930 11694 16174
11 1930 16174 8326
11 1930 8326 11968
11 1972 1930 11968
11 1972 11968 13584
11 903 1972 13584
11 903 13584 14194
11 12566 903 14194
11 16092 12566 14194
11 16092 14194 2222
11 7737 16092 2222
11 16093 7737 2222
11 16093 2222 788
11 16093 788 10327
11 3059 16093 10327
11 3059 10327 11891
11 11891 11684 3059
11 2830 3059 11684
11 2830 11684 11956
11 11956 2917 2830
11 2830 2917 10557
11 2830 10557 3059
11 15398 3059 10557
11 15398 10557 15967
11 15967 16520 15398
11 16520 16092 15398
11 16092 7737 15398
11 15398 7737 16093
11 16093 3059 15398
11 16520 12566 16092
11 16520 903 12566
11 16520 11952 903
11 11952 634 903
11 634 14111 903
11 1972 903 14111
11 1972 14111 904
11 904 14405 1972
11 1930 1972 14405
11 1930 14405 11694
11 14405 14930 11694
11 904 14930 14405
11 904 11747 14930
11 11747 904 2968
11 905 11747 2968
11 2968 904 634
11 2968 634 2162
11 12368 2968 2162
11 12368 2162 11470
11 11470 2162 15856
11 15856 2162 1627
11 1627 15852 15856
11 16465 15856 15852
11 12886 16465 15852
11 15848 12886 15852
11 15852 2161 15848
11 2161 2673 15848
11 4658 15848 2673
11 4658 2673 16084
11 2673 2917 16084
11 2917 15851 16084
11 15851 2917 11956
11 15851 11956 32
11 22 15851 32
11 32 47 22
11 22 47 8
11 47 13 8
11 13 47 26
11 1067 13 26
11 1067 26 1978
11 1978 13951 1067
11 1978 591 13951
11 13951 591 16343
11 13951 16343 6216
11 13951 6216 1066
11 1066 6216 16342
11 15504 16342 6216
11 7875 15504 6216
11 3899 7875 6216
11 3899 6216 16343
11 3899 16343 591
11 894 3899 591
11 591 893 894
11 894 893 3896
11 3797 894 3896
11 3797 3896 68
11 3797 68 80
11 80 16149 3797
11 3797 16149 3799
11 3797 3799 894
11 894 3799 3899
11 10008 3899 3799
11 10008 3799 16441
11 4075 10008 16441
11 16441 16150 4075
11 4075 16150 11869
11 4075 11869 11618
11 4075 11618 15504
11 15504 7875 4075
11 7875 3899 4075
11 4075 3899 10008
11 11618 4071 15504
11 15504 4071 11606
11 15504 11606 16342
11 11606 12629 16342
11 11606 593 12629
11 593 11606 3897
11 3897 11606 4071
11 3897 4071 3800
11 4071 16145 3800
11 10159 3800 16145
11 10159 16145 16174
11 16145 8326 16174
11 16145 11869 8326
11 11869 15139 8326
11 11968 8326 15139
11 11968 15139 14194
11 13584 11968 14194
11 4777 14194 15139
11 4777 15139 7854
11 16441 4777 7854
11 16441 7854 16150
11 16150 7854 11869
11 11869 7854 15139
11 4777 16441 14210
11 2222 4777 14210
11 2222 14210 788
11 788 14210 87
11 77 788 87
11 77 87 47
11 69 77 47
11 57 69 47
11 47 42 57
11 57 42 11684
11 57 11684 11891
11 11891 69 57
11 11891 10327 69
11 69 10327 77
11 10327 788 77
11 11956 11684 42
11 11956 42 32
11 42 47 32
11 42 47 32
11 11891 69 57
11 69 10327 77
11 47 87 90
11 90 80 47
11 80 68 47
11 68 60 47
11 53 47 60
11 60 893 53
11 1978 53 893
11 1978 893 591
11 1978 38 53
11 38 47 53
11 26 47 38
11 1978 26 38
11 1978 26 38
11 893 60 3896
11 3896 60 68
11 38 47 53
11 3896 60 68
11 90 16149 80
11 90 7958 16149
11 7958 16441 16149
11 16441 3799 16149
11 7958 14210 16441
11 90 14210 7958
11 90 87 14210
11 90 14210 7958
11 90 87 14210
11 10327 788 77
11 90 87 14210
11 14194 4777 2222
11 7958 14210 16441
11 11869 7854 15139
11 14194 4777 2222
11 11869 7854 15139
11 11869 16145 4071
11 11618 11869 4071
11 11869 16145 4071
11 3897 11606 4071
11 11618 11869 4071
11 11618 11869 4071
11 16150 7854 11869
11 16441 7854 16150
11 4075 3899 10008
11 16441 3799 16149
11 4075 3899 10008
11 16441 3799 16149
11 90 16149 80
11 80 68 47
11 3896 60 68
11 3797 3799 894
11 893 60 3896
11 1978 893 591
11 894 3799 3899
11 7875 3899 4075
11 15504 7875 4075
11 15504 11606 16342
11 3899 6216 16343
11 3899 16343 591
11 1978 893 591
11 1978 26 38
11 15606 13 1067
11 26 47 38
11 42 47 32
11 11956 42 32
11 9707 2917 2673
11 2161 9707 2673
11 15967 9707 2161
11 2161 2455 15967
11 2455 16520 15967
11 11952 16520 2455
11 1627 11952 2455
11 1627 2455 2161
11 15852 1627 2161
11 1627 634 11952
11 634 1627 2162
11 1627 2455 2161
11 15967 2917 9707
11 10557 2917 15967
11 15967 2917 9707
11 10883 15848 4658
11 7424 15848 10883
11 7424 12886 15848
11 12886 7424 14113
11 14113 7424 1308
11 2161 9707 2673
11 15852 1627 2161
11 7424 12886 15848
11 15852 1627 2161
11 634 1627 2162
11 634 1627 2162
11 634 904 14111
11 904 14930 14405
11 634 904 14111
11 634 904 14111
11 1627 634 11952
11 11952 16520 2455
11 2455 16520 15967
11 10557 2917 15967
11 16093 3059 15398
11 10557 2917 15967
11 15851 2917 11956
11 11956 11684 42
11 2830 10557 3059
11 57 11684 11891
11 11891 10327 69
11 16093 3059 15398
11 10327 788 77
11 2222 14210 788
11 15398 7737 16093
11 16092 7737 15398
11 14194 4777 2222
11 16520 12566 16092
11 16520 903 12566
11 13584 11968 14194
11 1972 903 14111
11 13584 11968 14194
11 1930 1972 14405
11 11968 8326 15139
11 16145 8326 16174
11 1930 14405 11694
11 10159 16145 16174
11 10159 3800 16145
11 3897 4071 3800
11 593 11606 3897
11 11606 593 12629
11 11606 12629 16342
11 1066 6216 16342
11 16342 1977 11420
11 1066 11420 11814
11 13951 6216 1066
11 1978 13951 1067
11 15606 13 1067
11 11814 15796 2775
11 10345 15796 8554
11 15606 13 1067
11 47 13 8
11 22 47 8
11 22 15851 32
11 2917 15851 16084
11 15847 8 10345
11 10345 15796 8554
11 4658 2673 16084
11 10345 15796 8554
11 11814 11552 15796
11 10883 15848 4658
11 7424 15848 10883
11 10763 624 11552
11 14113 7424 1308
11 12389 15792 13574
11 14113 7424 1308
11 12886 7424 14113
11 12886 16465 15852
11 16465 15856 15852
11 11470 2162 15856
11 12368 2162 11470
11 12368 2968 2162
11 905 11747 2968
11 2223 9991 12396
11 12396 9991 889
11 889 9991 6952
11 6952 9991 14597
11 14597 7640 6952
11 905 11747 2968
11 904 11747 14930
11 12396 9991 889
11 14405 14930 11694
11 16629 16174 11694
11 14710 16155 16629
11 889 9991 6952
11 14710 16155 16629
11 3800 16155 11564
11 11564 10609 3897
11 3095 12037 8196
11 593 10609 1979
11 8196 13431 14016
11 13431 1070 14016
11 13431 1070 14016
11 14016 14044 13279
11 1979 14016 13279
11 1979 9246 593
11 9246 1977 593
11 10763 11814 1977
11 10763 624 11552
11 624 12389 1308
11 1979 5445 2776
11 12389 15792 13574
11 5445 13279 12624
11 12389 15792 13574
11 2518 1308 13574
11 12833 16465 2518
11 15840 15856 12833
11 3174 14521 15792
11 2165 11470 15840
11 12368 2165 1625
11 12368 1625 635
11 905 635 11819
11 14545 5674 2827
11 11819 14545 4663
11 2223 905 11819
11 2219 5039 10101
11 2223 9991 12396
11 6952 9991 14597
11 5039 13792 2351
11 14597 7640 6952
11 16163 16138 2351
11 14597 7640 6952
11 14710 6952 13950
11 13950 3095 16155
11 3095 12037 8196
11 545 7640 3898
11 3898 12518 3798
11 3095 12037 8196
11 8196 13431 14016
11 13431 1070 14016
11 11961 15798 13908
11 595 6606 16561
11 1975 1071 10077
11 595 6606 16561
11 1975 13431 1427
11 1427 12037 3798
11 12518 3093 3798
11 595 6606 16561
11 1071 6606 11961
11 11961 15798 13908
11 1072 15803 15018
11 1072 9853 15803
11 1072 15804 9853
11 15783 2510 2517
11 15804 15783 2516
11 2516 16466 14615
11 5878 9853 2516
11 5878 14498 15803
11 14498 15798 15803
11 11961 15798 13908
11 1071 13908 15794
11 15794 13677 1071
11 3170 13677 14625
11 2915 3170 14625
11 2915 3170 14625
11 2915 3170 14625
11 3170 13677 14625
11 10077 1071 13677
11 1070 1975 10077
11 14044 1070 15800
11 12901 15799 3170
11 3176 12901 15842
11 13279 15800 12624
11 12624 3174 15792
11 10830 15840 3174
11 3176 12901 15842
11 2165 10830 14748
11 1625 14748 5674
11 3170 14001 15842
11 2827 5674 11009
11 14001 2915 2163
11 2827 5674 11009
11 14607 2827 636
11 13903 2163 14529
11 15503 13903 14529
11 15503 16075 636
11 14607 2827 636
11 906 4663 14607
11 10101 906 2219
11 2219 2220 647
11 3058 636 10886
11 15617 2220 7477
11 9840 7477 14636
11 3524 10886 16075
11 3524 16090 8625
11 9840 7477 14636
11 9840 12954 9951
11 9115 12954 10001
11 7361 5028 10001
11 16098 14636 8625
11 3524 16090 8625
11 16090 9903 9336
11 7361 5028 10001
11 9115 10001 5028
11 16165 9115 9715
11 16165 9115 9715
11 6920 8352 16165
11 6920 10582 8352
11 647 10582 16163
11 16163 16138 2351
11 16138 3093 12518
11 8274 1974 3093
11 3094 6920 10040
11 8274 1974 3093
11 1974 1980 6606
11 1980 10331 1072
11 598 10331 13653
11 1980 10331 1072
11 1072 15804 9853
11 15804 2510 15783
11 14285 2517 2510
11 15650 2517 14285
11 2519 3173 15650
11 10841 2181 12297
11 2519 3167 3173
11 1177 3167 13972
11 2169 2181 10841
11 1177 3167 13972
11 13556 3167 1177
11 3173 3167 13556
11 3172 2517 3173
11 2920 10591 14664
11 3172 16466 15783
11 2920 10591 14664
11 16466 15849 14615
11 14615 15849 3180
11 3180 3169 5878
11 3169 16447 14498
11 16447 13022 13908
11 2514 15794 13022
11 2915 2514 14529
11 15503 13903 14529
11 2916 13022 9742
11 16075 15503 10357
11 2164 9742 3169
11 10357 9087 16075
11 3525 9087 637
11 3169 13963 2164
11 3169 5918 13963
11 15849 2168 5918
11 5918 14258 637
11 3525 9087 637
11 16090 3525 9903
11 639 638 2168
11 10519 15807 639
11 1774 1776 7332
11 9311 15807 1774
11 907 15807 9311
11 907 9903 639
11 16090 9903 9336
11 7563 5028 9336
11 13499 16454 907
11 16096 13499 907
11 16141 11317 239
11 892 10530 16454
11 10530 7563 16454
11 5028 7563 11840
11 408 9715 11840
11 10040 16165 408
11 10040 8773 8274
11 8773 15102 1974
11 13653 1980 15102
11 3097 598 13653
11 8773 1454 6845
11 408 16442 1454
11 11317 16442 10530
11 16141 11317 239
11 3097 6845 3801
11 3097 12712 598
11 1981 8208 3122
11 3122 12832 1981
11 1981 12832 8192
11 1981 8192 10467
11 3900 8192 12832
11 1976 598 12712
11 9977 1072 1976
11 1073 2510 9977
11 1981 8208 3122
11 15650 1073 14609
11 1981 8192 10467
11 11815 15650 14609
11 2519 11815 2511
11 14609 10467 13760
11 1981 8192 10467
11 3900 8192 12832
11 13387 2777 8192
11 10467 2777 1074
11 2511 13760 1074
11 12297 2511 2515
11 2515 14295 2175
11 14295 2520 2507
11 1074 1068 7874
11 14295 2520 2507
11 2175 2507 162
11 181 609 12197
11 2175 2507 162
11 10841 2175 8226
11 10841 8226 2169
11 13972 2169 13984
11 1675 13972 13984
11 14408 1177 1675
11 2920 13556 14408
11 2920 10591 14664
11 2168 15849 10591
11 639 638 2168
11 10519 15807 639
11 15700 13377 2920
11 10519 15807 639
11 12686 1774 15807
11 640 15700 14408
11 12686 1776 1774
11 6094 640 13984
11 11990 16452 1776
11 2169 641 6094
11 16452 11990 1777
11 13745 117 102
11 13745 102 9242
11 9242 3817 13745
11 13745 3817 11448
11 117 13745 11448
11 11448 138 117
11 6097 138 11448
11 9361 6097 11448
11 11448 3817 9361
11 9361 3817 13294
11 13294 5648 9361
11 1124 9361 5648
11 1124 5648 8592
11 8128 1124 8592
11 164 8128 8592
11 164 8592 140
11 164 140 189
11 164 189 182
11 164 182 8128
11 13313 8128 182
11 13313 182 13583
11 383 13313 13583
11 383 13583 1665
11 12476 383 1665
11 14202 12476 1665
11 14202 1665 3919
11 2889 14202 3919
11 2889 3919 15463
11 2889 15463 12314
11 12314 15463 3165
11 12314 3165 1787
11 12314 1787 10650
11 12314 10650 11687
11 10650 9321 11687
11 11687 9321 10699
11 10699 9321 14993
11 14993 9321 2675
11 15397 14993 2675
11 213 15397 2675
11 2675 243 213
11 189 213 243
11 243 268 189
11 268 292 189
11 292 270 189
11 189 270 244
11 244 220 189
11 189 220 199
11 182 189 199
11 13583 182 199
11 13583 199 220
11 13361 13583 220
11 220 244 13361
11 13361 244 15463
11 15463 3919 13361
11 3919 13583 13361
11 3919 1665 13583
11 15463 244 3165
11 3165 244 270
11 3165 270 1787
11 1787 270 292
11 1787 292 268
11 268 9321 1787
11 1787 9321 10650
11 268 2675 9321
11 268 243 2675
11 3919 13583 13361
11 13583 199 220
11 220 244 13361
11 3165 244 270
11 1787 270 292
11 1787 292 268
11 268 243 2675
11 191 213 189
11 175 191 189
11 175 189 149
11 149 1154 175
11 175 1154 4404
11 175 4404 191
11 4404 15397 191
11 15397 213 191
11 9402 15397 4404
11 12150 9402 4404
11 4404 1154 12150
11 1153 9402 12150
11 9402 1153 10036
11 2825 9402 10036
11 11886 9402 2825
11 2825 14993 11886
11 11886 14993 15397
11 15397 9402 11886
11 15397 9402 11886
11 15397 9402 11886
11 4404 1154 12150
11 3296 1154 149
11 149 2781 3296
11 3296 2781 3384
11 12446 3384 2781
11 2781 10598 12446
11 3818 12446 10598
11 3818 10598 99
11 3818 99 108
11 140 3818 108
11 140 108 189
11 99 189 108
11 123 189 99
11 2781 123 99
11 2781 99 10598
11 123 2781 149
11 123 149 189
11 123 149 189
11 3818 140 5648
11 3818 5648 13294
11 3818 13294 12446
11 13294 3817 12446
11 3817 9242 12446
11 3384 12446 9242
11 3384 9242 12318
11 12318 9242 102
11 8592 5648 140
11 99 189 108
11 2781 99 10598
11 3818 13294 12446
11 2781 99 10598
11 3384 12446 9242
11 123 2781 149
11 123 149 189
11 175 4404 191
11 15397 213 191
11 268 243 2675
11 15397 213 191
11 11886 14993 15397
11 268 2675 9321
11 1787 9321 10650
11 1787 9321 10650
11 3165 270 1787
11 15463 244 3165
11 15463 3919 13361
11 1357 14202 2889
11 1357 2889 13444
11 13444 11617 1357
11 11617 1355 1357
11 12476 1357 1355
11 1355 13314 12476
11 13314 383 12476
11 13314 1124 383
11 1124 8128 383
11 383 8128 13313
11 1355 1124 13314
11 1124 1355 6097
11 9361 1124 6097
11 12825 6097 1355
11 12825 1355 11617
11 12825 159 6097
11 159 138 6097
11 138 159 7431
11 159 12825 177
11 1355 1124 13314
11 1357 12476 14202
11 12825 1355 11617
11 247 11617 13444
11 13444 271 247
11 1357 12476 14202
11 3919 1665 13583
11 1357 12476 14202
11 13314 383 12476
11 3919 1665 13583
11 383 8128 13313
11 13583 182 199
11 383 8128 13313
11 182 189 199
11 140 108 189
11 8592 5648 140
11 164 182 8128
11 1124 8128 383
11 8592 5648 140
11 9361 1124 6097
11 3818 5648 13294
11 13294 3817 12446
11 9361 1124 6097
11 159 138 6097
11 11448 3817 9361
11 3817 9242 12446
11 12318 9242 102
11 117 13745 11448
11 641 8226 126
11 12318 9242 102
11 11569 126 162
11 3384 9242 12318
11 3296 2781 3384
11 3296 1154 149
11 4404 1154 12150
11 1153 9402 12150
11 12318 11569 9072
11 11569 162 12197
11 181 609 12197
11 9402 1153 10036
11 2825 9402 10036
11 2825 14993 11886
11 10699 9321 14993
11 11687 9321 10699
11 12314 10650 11687
11 2889 15463 12314
11 1357 2889 13444
11 13444 271 247
11 13790 14355 290
11 13444 271 247
11 16231 247 11472
11 16231 11472 3250
11 3250 11472 16274
11 3250 16274 4966
11 5494 3250 4966
11 16228 5494 4966
11 4966 16272 16228
11 16228 15117 5494
11 3844 5494 15117
11 3844 15117 9456
11 3046 3844 9456
11 3046 9456 13352
11 13352 9456 14108
11 9456 15117 12353
11 12353 15117 16228
11 5494 3844 13020
11 12353 15117 16228
11 3250 11472 16274
11 3250 16274 4966
11 14747 1813 14875
11 14747 14875 14305
11 14875 3831 14305
11 4966 16272 16228
11 14747 14875 14305
11 14875 3831 14305
11 1529 14747 1530
11 2086 9984 11414
11 9555 9984 2089
11 16272 14747 1529
11 4966 16272 16228
11 12353 15117 16228
11 12714 16272 9555
11 9555 9984 2089
11 2089 16273 12918
11 12353 12714 16247
11 9456 15117 12353
11 13352 9456 14108
11 15140 14108 3047
11 3047 3575 15140
11 1190 15140 3575
11 1190 3575 1406
11 4083 1190 1406
11 1190 4083 16610
11 15140 1190 16610
11 16610 4083 14147
11 16610 14147 4077
11 6183 1406 3575
11 3575 3207 6183
11 6183 3207 1712
11 1712 1406 6183
11 1712 1574 1406
11 1574 1712 13658
11 13658 13676 1574
11 1574 13676 4082
11 11970 1574 4082
11 13676 1407 4082
11 13658 1407 13676
11 1407 13658 15394
11 1407 15394 1713
11 1713 1408 1407
11 1713 1714 1408
11 1714 1191 1408
11 1714 1402 1191
11 1191 1402 9309
11 9309 4589 1191
11 8801 4589 9309
11 14865 8801 9309
11 14865 9309 15652
11 15652 13859 14865
11 14865 13859 9774
11 9224 14865 9774
11 9774 8062 9224
11 8062 14735 9224
11 9224 14735 11187
11 11187 14865 9224
11 8801 14865 11187
11 8801 11187 9625
11 4589 8801 9625
11 9625 11187 1114
11 11187 10176 1114
11 1114 10176 2663
11 2663 13197 1114
11 2663 1112 13197
11 13197 1112 5213
11 2663 12146 1112
11 12146 1260 1112
11 1112 1260 10707
11 10707 1260 11864
11 10707 11864 14781
11 14781 11864 5747
11 14781 5747 1111
11 5747 11864 3268
11 11864 14303 3268
11 14303 13671 3268
11 13671 16265 3268
11 3268 16265 9357
11 11577 3268 9357
11 2427 11577 9357
11 2427 9357 3260
11 3260 9357 3833
11 3260 3833 10835
11 9357 16265 3833
11 9357 16265 3833
11 3269 13671 14303
11 11864 3269 14303
11 3269 11864 1260
11 3270 3269 1260
11 3270 1260 12146
11 3270 12146 2663
11 13346 3270 2663
11 10176 13346 2663
11 10176 3259 13346
11 3259 16252 13346
11 13346 16252 3270
11 3270 16252 14569
11 14569 16252 16262
11 14569 16262 12930
11 12930 16262 16140
11 15366 12930 16140
11 12053 15366 16140
11 13592 12053 16140
11 16140 13602 13592
11 13592 13602 16266
11 3837 13592 16266
11 3837 16266 16267
11 16267 3838 3837
11 3837 3838 3839
11 13592 3837 3839
11 13592 3839 12053
11 12053 3839 12713
11 16221 12053 12713
11 12713 16271 16221
11 16271 2092 16221
11 16221 2092 14177
11 15366 16221 14177
11 15366 12053 16221
11 2092 16271 16244
11 16244 16271 16234
11 16244 16234 5902
11 16234 5426 5902
11 5426 3041 5902
11 3579 5902 3041
11 3579 3041 1714
11 3579 1714 1713
11 1713 11820 3579
11 3845 3579 11820
11 3845 11820 10529
11 11820 3211 10529
11 10529 3211 3539
11 3539 3211 7489
11 3539 7489 3040
11 3040 7489 3207
11 7489 1712 3207
11 13658 1712 7489
11 3211 13658 7489
11 15394 13658 3211
11 11820 15394 3211
11 1713 15394 11820
11 3211 13658 7489
11 11820 15394 3211
11 5902 3579 3845
11 1713 15394 11820
11 3041 3576 1714
11 1402 1714 3576
11 3576 10903 1402
11 1402 10903 9309
11 9309 10903 15652
11 15652 10903 14013
11 7631 15652 14013
11 9987 7631 14013
11 9987 14013 14349
11 9987 14349 1718
11 1403 9987 1718
11 1403 1718 9024
11 1403 9024 10170
11 10305 1403 10170
11 4080 10305 10170
11 4080 10170 1185
11 14188 4080 1185
11 1185 11276 14188
11 16195 14188 11276
11 16195 11276 12262
11 12262 10284 16195
11 10284 5144 16195
11 16195 5144 14617
11 16195 14617 16318
11 16318 14188 16195
11 16318 4080 14188
11 16318 10204 4080
11 10204 16368 4080
11 16368 10305 4080
11 10338 10305 16368
11 10338 16368 13855
11 10338 13855 2422
11 7930 10338 2422
11 7930 2422 7864
11 16312 7930 7864
11 16312 7864 7635
11 16312 7635 13859
11 7631 16312 13859
11 7631 13859 15652
11 9987 16312 7631
11 7930 16312 9987
11 10338 7930 9987
11 10338 9987 1403
11 10305 10338 1403
11 13859 7635 9467
11 13859 9467 9774
11 9774 9467 10785
11 9774 10785 8062
11 8856 8062 10785
11 1262 8856 10785
11 1262 10785 9509
11 10365 1262 9509
11 1115 10365 9509
11 7635 1115 9509
11 7635 9509 9467
11 9467 9509 10785
11 1115 7635 7864
11 10173 1115 7864
11 10173 7864 2422
11 13855 10173 2422
11 4192 10173 13855
11 4192 13855 13307
11 4192 13307 16611
11 4192 16611 6064
11 4192 6064 11649
11 4192 11649 2571
11 2571 10173 4192
11 2571 10365 10173
11 10365 1115 10173
11 2571 11635 10365
11 10365 11635 3273
11 1262 10365 3273
11 7410 1262 3273
11 7410 3273 16270
11 16267 7410 16270
11 16270 3838 16267
11 16270 3829 3838
11 3838 3829 11947
11 3838 11947 3839
11 1535 3839 11947
11 1535 11947 1808
11 1535 1808 10263
11 13652 1535 10263
11 2097 13652 10263
11 2097 10263 8781
11 2097 8781 2096
11 14620 2097 2096
11 16275 14620 2096
11 2096 2093 16275
11 2093 16226 16275
11 16275 16226 4356
11 4356 14039 16275
11 14039 14620 16275
11 14039 3842 14620
11 14620 3842 5652
11 5652 2097 14620
11 2097 5652 10261
11 2097 10261 13652
11 10261 14421 13652
11 14421 5649 13652
11 13652 5649 581
11 1535 13652 581
11 1535 581 12713
11 12713 3839 1535
11 12713 581 16271
11 16234 16271 581
11 581 5649 16234
11 5426 16234 5649
11 3843 5426 5649
11 3042 3843 5649
11 3042 5649 14421
11 3042 14421 10261
11 8293 3042 10261
11 8293 10261 5652
11 3842 8293 5652
11 3842 3216 8293
11 8293 3216 10087
11 8293 10087 3042
11 10087 7949 3042
11 7949 3048 3042
11 3048 3843 3042
11 3048 14422 3843
11 14422 5426 3843
11 3041 5426 14422
11 3041 14422 3576
11 14422 14328 3576
11 14328 10903 3576
11 1884 10903 14328
11 14328 3048 1884
11 1884 3048 7949
11 1884 7949 14922
11 14922 14013 1884
11 10903 1884 14013
11 14349 14013 14922
11 8614 14349 14922
11 8614 14922 3216
11 1718 8614 3216
11 7582 1718 3216
11 3842 7582 3216
11 3842 14039 7582
11 7582 14039 10505
11 10505 1718 7582
11 9024 1718 10505
11 3213 9024 10505
11 3846 3213 10505
11 14039 3846 10505
11 14039 4356 3846
11 3538 3846 4356
11 12497 3538 4356
11 4356 15069 12497
11 12497 15069 8749
11 8749 3841 12497
11 11492 12497 3841
11 3044 11492 3841
11 11442 3044 3841
11 3841 3577 11442
11 11442 3577 13344
11 13344 12262 11442
11 11442 12262 3044
11 3044 12262 8971
11 3044 8971 8198
11 3538 3044 8198
11 3538 8198 3213
11 3213 3846 3538
11 8198 1719 3213
11 3213 1719 9024
11 10170 9024 1719
11 10170 1719 1185
11 1719 8971 1185
11 8971 11276 1185
11 8971 12262 11276
11 8971 1719 8198
11 8971 1719 8198
11 3044 3538 11492
11 3538 12497 11492
11 8971 1719 8198
11 8971 12262 11276
11 12262 13344 10284
11 13344 1187 10284
11 4079 10284 1187
11 4079 1187 8955
11 8955 323 4079
11 323 2424 4079
11 2424 14788 4079
11 4079 14788 14480
11 10284 4079 14480
11 10284 14480 5144
11 14480 5907 5144
11 5144 5907 14232
11 5144 14232 14617
11 14617 14232 2658
11 2658 16318 14617
11 2658 10204 16318
11 2658 13307 10204
11 10204 13307 16368
11 16368 13307 13855
11 13307 2658 16611
11 2658 10982 16611
11 16611 10982 16458
11 6064 16611 16458
11 4384 6064 16458
11 14514 4384 16458
11 10982 14514 16458
11 1107 14514 10982
11 1107 10982 5907
11 14788 1107 5907
11 14480 14788 5907
11 2424 1107 14788
11 11119 1107 2424
11 303 11119 2424
11 303 2424 313
11 11603 303 313
11 323 11603 313
11 313 2424 323
11 323 11174 11603
11 11603 11174 11124
11 11603 11124 9493
11 11603 9493 11857
11 11603 11857 297
11 303 11603 297
11 297 9851 303
11 9851 11119 303
11 9851 1107 11119
11 14514 1107 9851
11 14514 9851 13359
11 3265 14514 13359
11 3265 13359 11554
11 3265 11554 1092
11 3265 1092 4384
11 14514 3265 4384
11 15197 4384 1092
11 1092 1247 15197
11 1247 8988 15197
11 8988 16269 15197
11 11649 15197 16269
11 11649 16269 11635
11 2571 11649 11635
11 11635 16269 16270
11 3273 11635 16270
11 3829 16270 16269
11 3829 16269 8988
11 3829 8988 2087
11 3829 2087 2085
11 2085 11947 3829
11 1808 11947 2085
11 2085 13548 1808
11 8781 1808 13548
11 2096 8781 13548
11 13548 2093 2096
11 13548 6808 2093
11 6808 1817 2093
11 2093 1817 11835
11 11835 16226 2093
11 2095 16226 11835
11 11835 1817 2095
11 1817 4712 2095
11 4712 1809 2095
11 2095 1809 10895
11 2095 10895 15069
11 2095 15069 16226
11 4356 16226 15069
11 10895 16225 15069
11 15069 16225 8749
11 8749 16225 12765
11 8749 12765 13418
11 3841 8749 13418
11 3841 13418 14205
11 14205 3577 3841
11 3577 14205 363
11 9909 3577 363
11 353 9909 363
11 353 363 11174
11 344 353 11174
11 344 11174 323
11 344 323 8955
11 8955 353 344
11 9909 353 8955
11 1170 9909 8955
11 1170 8955 1187
11 13344 1170 1187
11 13344 3577 1170
11 1170 3577 9909
11 1170 3577 9909
11 8955 353 344
11 11174 363 11124
11 373 11124 363
11 14205 373 363
11 373 14205 374
11 374 11124 373
11 374 364 11124
11 9493 11124 364
11 356 9493 364
11 356 364 1811
11 1249 356 1811
11 1249 1811 1809
11 1809 8511 1249
11 1249 8511 3840
11 7079 1249 3840
11 755 7079 3840
11 11554 755 3840
11 1092 11554 3840
11 1247 1092 3840
11 3840 1248 1247
11 1247 1248 13336
11 8988 1247 13336
11 13336 2087 8988
11 13336 6808 2087
11 2087 6808 13548
11 2087 13548 2085
11 1817 6808 13336
11 1248 1817 13336
11 1248 4712 1817
11 1248 8511 4712
11 4712 8511 1809
11 8511 1248 3840
11 1248 1817 13336
11 8511 1248 3840
11 11554 13359 755
11 13359 9851 755
11 9851 297 755
11 305 755 297
11 297 11857 305
11 305 11857 314
11 305 314 755
11 755 314 324
11 755 324 7079
11 7079 324 1249
11 324 336 1249
11 1249 336 346
11 1249 346 356
11 346 9493 356
11 336 9493 346
11 9493 336 324
11 324 11857 9493
11 324 314 11857
11 336 9493 346
11 9493 336 324
11 324 314 11857
11 324 314 11857
11 305 314 755
11 755 324 7079
11 7079 324 1249
11 8511 1248 3840
11 4712 8511 1809
11 1811 16225 1809
11 10895 1809 16225
11 1811 12765 16225
11 1811 364 12765
11 9809 12765 364
11 374 9809 364
11 14205 9809 374
11 13418 9809 14205
11 13418 12765 9809
11 13418 12765 9809
11 1249 346 356
11 1811 364 12765
11 346 9493 356
11 374 9809 364
11 14205 9809 374
11 374 11124 373
11 9909 353 8955
11 1170 3577 9909
11 14205 373 363
11 13418 9809 14205
11 13418 12765 9809
11 1811 12765 16225
11 10895 1809 16225
11 10895 1809 16225
11 4712 8511 1809
11 1248 4712 1817
11 2095 15069 16226
11 11835 1817 2095
11 1817 6808 13336
11 2087 6808 13548
11 10263 1808 8781
11 2087 13548 2085
11 2087 13548 2085
11 13336 2087 8988
11 15197 11649 9714
11 15197 9714 4384
11 4384 9714 6064
11 9714 11649 6064
11 9714 11649 6064
11 3829 16269 8988
11 8988 1247 13336
11 1247 1092 3840
11 15197 9714 4384
11 1092 11554 3840
11 11554 13359 755
11 14514 3265 4384
11 13359 9851 755
11 9851 297 755
11 297 11857 305
11 324 11857 9493
11 9493 11124 364
11 11174 363 11124
11 344 11174 323
11 303 11603 297
11 313 2424 323
11 9851 11119 303
11 9851 1107 11119
11 10982 14232 5907
11 10982 2658 14232
11 14514 1107 9851
11 14514 3265 4384
11 4384 9714 6064
11 10982 14514 16458
11 10982 2658 14232
11 10982 2658 14232
11 10982 14232 5907
11 14480 14788 5907
11 14480 14788 5907
11 2424 1107 14788
11 313 2424 323
11 344 323 8955
11 1170 8955 1187
11 10284 4079 14480
11 13344 1170 1187
11 13344 3577 1170
11 14205 3577 3841
11 11442 12262 3044
11 3044 3538 11492
11 3538 12497 11492
11 3841 8749 13418
11 15069 16225 8749
11 4356 16226 15069
11 3538 12497 11492
11 3213 3846 3538
11 3213 3846 3538
11 3213 1719 9024
11 14039 3846 10505
11 10505 1718 7582
11 1718 14349 8614
11 14922 10087 3216
11 14922 7949 10087
11 1718 14349 8614
11 14922 7949 10087
11 14422 3048 14328
11 10903 1884 14013
11 14422 3048 14328
11 14422 3048 14328
11 1884 3048 7949
11 14922 7949 10087
11 14922 10087 3216
11 3842 7582 3216
11 8293 10087 3042
11 3048 3843 3042
11 14422 5426 3843
11 581 5649 16234
11 3042 5649 14421
11 3042 14421 10261
11 8293 10261 5652
11 3842 8293 5652
11 3842 14039 7582
11 14039 4356 3846
11 4356 16226 15069
11 11835 16226 2093
11 13548 2093 2096
11 14039 14620 16275
11 5652 2097 14620
11 2096 8781 13548
11 10263 1808 8781
11 2097 10261 13652
11 1535 13652 581
11 10263 1808 8781
11 1808 11947 2085
11 12713 3839 1535
11 2085 11947 3829
11 3829 16270 16269
11 2589 7410 16267
11 2589 16267 16266
11 10360 2589 16266
11 16470 10360 16266
11 13602 16470 16266
11 16262 16470 13602
11 16140 16262 13602
11 16252 16470 16262
11 3259 16470 16252
11 16470 3259 7177
11 16470 7177 10360
11 7177 7842 10360
11 2589 10360 7842
11 2589 7842 8856
11 2589 8856 7410
11 7410 8856 1262
11 8856 7842 8062
11 7842 14735 8062
11 7177 14735 7842
11 14735 7177 10176
11 11187 14735 10176
11 7177 3259 10176
11 7177 14735 7842
11 7177 3259 10176
11 16470 7177 10360
11 2589 10360 7842
11 2589 8856 7410
11 3273 11635 16270
11 7410 8856 1262
11 3273 11635 16270
11 2571 11649 11635
11 2571 11649 11635
11 9714 11649 6064
11 6064 16611 16458
11 13307 2658 16611
11 16368 13307 13855
11 2571 10173 4192
11 10365 1115 10173
11 10365 1115 10173
11 1262 10365 3273
11 9467 9509 10785
11 7410 8856 1262
11 8856 7842 8062
11 9467 9509 10785
11 7635 9509 9467
11 1115 7635 7864
11 7930 16312 9987
11 10173 7864 2422
11 10338 7930 9987
11 13855 10173 2422
11 16368 13307 13855
11 10305 10338 1403
11 10204 13307 16368
11 2658 10204 16318
11 2658 16318 14617
11 5144 14232 14617
11 10284 14480 5144
11 12262 13344 10284
11 8971 12262 11276
11 16318 14188 16195
11 8971 11276 1185
11 16318 4080 14188
11 10170 1719 1185
11 16368 10305 4080
11 10305 10338 1403
11 10170 9024 1719
11 9024 1718 10505
11 10338 9987 1403
11 1718 14349 8614
11 14349 14013 14922
11 9987 16312 7631
11 7631 13859 15652
11 10903 1884 14013
11 14328 10903 3576
11 3041 14422 3576
11 5902 3579 3845
11 3041 5426 14422
11 5426 16234 5649
11 16234 16271 581
11 12713 581 16271
11 15366 12053 16221
11 12713 3839 1535
11 3838 11947 3839
11 16270 3838 16267
11 2589 16267 16266
11 13592 3837 3839
11 13602 16470 16266
11 16140 16262 13602
11 13592 3839 12053
11 15366 12053 16221
11 16140 16262 13602
11 16252 16470 16262
11 3259 16470 16252
11 7177 3259 10176
11 13346 16252 3270
11 11864 3269 14303
11 3269 11864 1260
11 3270 1260 12146
11 3270 12146 2663
11 10176 13346 2663
11 11187 14735 10176
11 11187 14735 10176
11 7842 14735 8062
11 9774 10785 8062
11 11187 14865 9224
11 13859 9467 9774
11 7631 13859 15652
11 9309 10903 15652
11 8801 14865 11187
11 4589 8801 9625
11 1402 10903 9309
11 1402 1714 3576
11 3579 1714 1713
11 1713 15394 11820
11 15394 13658 3211
11 13658 1407 13676
11 13658 1712 7489
11 7489 1712 3207
11 3575 12546 3207
11 3575 3047 12546
11 1712 1406 6183
11 15140 1190 16610
11 3575 3047 12546
11 14108 15140 11464
11 3847 16247 14004
11 3575 3047 12546
11 3575 12546 3207
11 3040 7489 3207
11 7632 3047 14004
11 14004 16247 9724
11 16247 12918 9724
11 2089 16273 12918
11 7632 16246 3040
11 3539 7489 3040
11 11787 16250 13258
11 16250 11787 11656
11 5580 3040 8302
11 8302 16246 12527
11 12527 16246 16273
11 16273 11518 15621
11 16248 12527 10241
11 5580 16248 11787
11 16250 11787 11656
11 9332 2088 1533
11 12292 1533 2088
11 13321 12292 2088
11 12292 11468 1533
11 10241 15621 2090
11 7980 16437 15621
11 9332 2088 1533
11 13321 12292 2088
11 13321 12292 2088
11 12292 11468 1533
11 12292 11468 1533
11 11656 2090 1533
11 16250 11787 11656
11 8953 2091 14485
11 15126 3540 8953
11 11787 16250 13258
11 5580 13258 3539
11 10529 3211 3539
11 3845 11820 10529
11 15126 3540 8953
11 5902 3579 3845
11 16244 16234 5902
11 15126 3540 8953
11 8953 2091 14485
11 2092 16271 16244
11 11468 1815 14485
11 16221 2092 14177
11 15366 16221 14177
11 2084 1815 11468
11 15366 12930 16140
11 2084 12292 3835
11 14569 16262 12930
11 16264 3835 8876
11 3270 16252 14569
11 3270 3269 1260
11 16264 3835 8876
11 3269 13671 14303
11 13671 16265 3268
11 13321 3834 8876
11 9357 16265 3833
11 3834 2088 16437
11 7980 16437 15621
11 3260 3833 10835
11 2086 7980 1814
11 2086 11414 3832
11 3260 3833 10835
11 2427 9357 3260
11 1110 1009 13013
11 2427 1258 10978
11 2427 11577 9357
11 11577 3268 9357
11 5747 11864 3268
11 14781 5747 1111
11 10978 13013 2669
11 1110 1009 13013
11 15936 1009 16316
11 16316 1009 10940
11 16316 10940 1626
11 14781 5747 1111
11 10707 11864 14781
11 1112 1260 10707
11 13197 1112 5213
11 13197 1112 5213
11 2663 13197 1114
11 9625 11187 1114
11 4589 8801 9625
11 5213 1785 2420
11 9309 4589 1191
11 1714 1191 1408
11 11099 1785 5213
11 1713 1408 1407
11 13676 1407 4082
11 14040 11099 5213
11 2419 14040 10707
11 11970 1574 4082
11 2419 14781 15936
11 15936 1009 16316
11 16316 10940 1626
11 11970 1574 4082
11 1712 1574 1406
11 16316 10940 1626
11 4083 1190 1406
11 16316 1009 10940
11 1009 1110 2417
11 16610 4083 14147
11 16610 14147 4077
11 2417 1110 11662
11 14225 14378 11662
11 7917 14378 11104
11 4077 2417 7917
11 16610 14147 4077
11 15140 1190 16610
11 14108 15140 11464
11 14108 15140 11464
11 13352 9456 14108
11 3046 9456 13352
11 3046 3844 9456
11 5494 3844 13020
11 5494 3844 13020
11 5494 3250 4966
11 5611 3848 5453
11 16231 11472 3250
11 16231 247 11472
11 247 11617 13444
11 12825 1355 11617
11 159 12825 177
11 16492 185 166
11 16492 166 2754
11 16156 16492 2754
11 2754 13494 16156
11 13494 14213 16156
11 14213 1931 16156
11 16156 1931 886
11 16156 886 16492
11 16494 1931 14213
11 13494 16494 14213
11 16148 16494 13494
11 16148 13494 3092
11 13494 2754 3092
11 3092 2754 141
11 141 2754 166
11 141 166 7070
11 141 7070 8327
11 8327 7070 3556
11 8327 3556 719
11 13649 719 3556
11 16148 9230 16494
11 16494 9230 15384
11 15384 13287 16494
11 13287 1931 16494
11 1931 13287 16102
11 16102 13287 11039
11 13287 15384 11039
11 13287 15384 11039
11 13287 1931 16494
11 13494 16494 14213
11 13494 2754 3092
11 16156 886 16492
11 141 2754 166
11 16156 886 16492
11 159 12825 177
11 138 159 7431
11 16156 1931 886
11 1931 13287 16102
11 138 159 7431
11 11448 138 117
11 117 1777 641
11 16452 11990 1777
11 138 16102 11274
11 16102 13287 11039
11 7332 16452 16453
11 13287 15384 11039
11 1259 16453 11060
11 16494 9230 15384
11 1259 16453 11060
11 1774 1259 13780
11 9311 13780 16096
11 16096 12260 892
11 12260 239 892
11 1929 11060 16443
11 1929 12166 239
11 16141 11317 239
11 3097 16141 12676
11 3122 12712 12676
11 3122 12832 1981
11 3900 8192 12832
11 3900 3802 16444
11 1731 16141 8108
11 16443 8108 12166
11 11060 9230 16443
11 3900 3802 16444
11 16148 9230 16494
11 16148 13494 3092
11 16444 899 3900
11 600 13387 899
11 2777 600 11516
11 11516 1068 2777
11 2520 1068 151
11 169 151 2442
11 13672 14287 103
11 169 151 2442
11 169 181 2507
11 181 609 12197
11 227 2825 609
11 240 2825 227
11 13730 264 13546
11 3258 240 3274
11 240 12910 2825
11 14355 10699 12910
11 13790 14355 290
11 13730 264 13546
11 2936 2083 13730
11 7354 271 290
11 10126 16274 7354
11 1813 16274 10126
11 2936 14186 2083
11 14747 1813 14875
11 2936 7101 14186
11 14875 3831 14305
11 2936 16263 7101
11 16263 2025 16253
11 16253 2025 11647
11 3258 3274 11647
11 3274 16194 16193
11 16253 16199 12096
11 16253 12096 11479
11 16263 11479 16255
11 10150 16263 16255
11 10150 3831 16263
11 3831 11695 1530
11 11414 11695 3832
11 10658 3260 3832
11 3267 3260 10658
11 5037 16255 13515
11 16255 10872 13515
11 3267 1258 3260
11 1258 14225 11662
11 16255 1027 10872
11 14225 14378 11662
11 13922 13347 14378
11 1027 16255 16196
11 2668 16196 12096
11 13922 13347 14378
11 13347 4784 16315
11 2668 12096 13656
11 1108 13656 2667
11 13347 4784 16315
11 16366 16315 16317
11 16366 16317 14071
11 16366 16317 14071
11 16366 16314 16315
11 12095 11104 16314
11 12095 1405 4077
11 6580 1189 11810
11 3574 11464 1405
11 6580 1189 11810
11 3046 3574 13724
11 3046 13724 1708
11 16366 13203 1189
11 1188 13203 14071
11 3045 3046 1708
11 13020 3045 3848
11 5453 3848 3537
11 5453 3848 3537
11 5453 222 16231
11 222 207 11617
11 3536 3537 206
11 207 185 177
11 16492 185 166
11 141 166 7070
11 8327 7070 3556
11 206 2933 185
11 225 206 3537
11 225 250 12035
11 3253 3035 2933
11 3278 12035 12381
11 4084 3278 9039
11 4084 9039 14809
11 12407 4084 14809
11 12407 14809 3038
11 14809 3254 3038
11 3254 11306 3038
11 3254 13283 11306
11 13283 3036 11306
11 3036 14970 11306
11 11306 14970 3115
11 3115 14970 14965
11 14970 3037 14965
11 14965 3037 8717
11 9055 14965 8717
11 3114 9055 8717
11 8717 3037 3114
11 3037 13878 3114
11 13878 218 3114
11 13878 14333 218
11 218 14333 237
11 237 14525 218
11 237 15347 14525
11 15347 237 3029
11 3029 237 11873
11 237 260 11873
11 260 287 11873
11 287 10043 11873
11 3323 10043 287
11 3323 16394 10043
11 260 13540 287
11 260 237 13540
11 13540 237 14333
11 13540 14333 3036
11 14312 13540 3036
11 14312 3036 13283
11 14312 13283 3254
11 3254 4800 14312
11 9039 4800 3254
11 14809 9039 3254
11 3037 3036 14333
11 3037 14333 13878
11 3036 3037 14970
11 260 237 13540
11 13540 237 14333
11 3037 14333 13878
11 3037 14333 13878
11 8717 3037 3114
11 3036 3037 14970
11 3036 3037 14970
11 14312 3036 13283
11 14312 13283 3254
11 14809 9039 3254
11 3331 4084 12407
11 12407 14209 3331
11 14809 9039 3254
11 3331 4084 12407
11 11681 2933 3035
11 3556 2933 11681
11 12407 14209 3331
11 13649 719 3556
11 13649 719 3556
11 719 4096 11998
11 8327 3556 719
11 141 7070 8327
11 3092 2754 141
11 13520 899 3092
11 600 13520 91
11 11998 13214 120
11 11516 91 103
11 13672 14287 103
11 13249 2442 13672
11 15474 2442 13249
11 3921 13011 9935
11 2442 15474 2198
11 2197 2198 2836
11 2197 2198 2836
11 2197 196 181
11 16194 227 196
11 2660 211 233
11 3274 16194 16193
11 2667 16199 16193
11 1108 13656 2667
11 1108 16311 16317
11 2660 211 233
11 258 16369 16311
11 233 2836 13900
11 12737 258 14054
11 13900 2836 3921
11 3921 13011 9935
11 9935 1122 4548
11 4548 11719 4815
11 5009 4815 11719
11 5009 11719 14733
11 14997 5009 14733
11 14997 14733 12369
11 12310 12369 14733
11 14367 12310 14733
11 14367 14733 11719
11 14367 13215 12310
11 13215 278 12310
11 278 12369 12310
11 13215 14367 13273
11 278 12369 12310
11 14367 14733 11719
11 4815 5009 13280
11 4815 13280 14368
11 4815 13280 14368
11 9935 12214 14054
11 12737 258 14054
11 4815 13280 14368
11 12737 14368 15035
11 279 258 12737
11 13994 13595 291
11 279 16369 258
11 1188 14071 16369
11 1188 1720 1708
11 3215 3045 1720
11 225 3215 250
11 1188 291 14203
11 12035 250 12381
11 13994 13595 291
11 15035 14632 13595
11 3278 12035 12381
11 4084 3278 9039
11 9039 4800 3254
11 14632 15035 13280
11 4815 5009 13280
11 14997 5009 14733
11 4800 14632 4976
11 3254 4800 14312
11 14997 14733 12369
11 14312 13540 3036
11 260 13540 287
11 278 12369 12310
11 3323 10043 287
11 3548 8581 14495
11 13766 727 11792
11 13766 727 11792
11 3886 3544 12891
11 11728 727 13766
11 3544 729 728
11 3326 7260 728
11 3324 727 11728
11 7260 11000 11643
11 3324 3323 3317
11 3323 16394 10043
11 11000 8008 11643
11 8008 16499 13565
11 2148 16348 13565
11 13440 12605 16348
11 12662 3027 12605
11 8008 16321 16394
11 3323 16394 10043
11 287 10043 11873
11 3029 237 11873
11 16324 16321 3027
11 2530 3027 12662
11 15369 13991 2530
11 15347 237 3029
11 15369 2016 13991
11 15347 13991 13545
11 237 15347 14525
11 237 14525 218
11 13878 218 3114
11 3114 9055 8717
11 16471 104 13694
11 9055 14965 8717
11 3115 14970 14965
11 11306 14970 3115
11 3254 11306 3038
11 14827 14848 6825
11 3038 14827 8067
11 12407 14809 3038
11 12407 14209 3331
11 13649 14209 4613
11 8067 14511 14828
11 4613 1958 12092
11 4613 1958 12092
11 4096 13649 12092
11 11998 4096 13214
11 12370 103 13214
11 13672 12370 14314
11 1958 12966 15066
11 13965 10949 14314
11 4801 12966 5087
11 13965 10949 14314
11 14917 13672 10949
11 1122 13011 14917
11 11349 1122 10834
11 4997 13667 4709
11 11349 1122 10834
11 4548 1122 11349
11 4548 11719 4815
11 14367 14733 11719
11 13215 14367 13273
11 11349 2835 8077
11 2835 10834 12020
11 12020 10834 14562
11 12020 8622 3217
11 12020 3217 2834
11 13273 2835 2834
11 13215 14367 13273
11 13215 278 12310
11 3317 3323 278
11 13273 224 252
11 727 3317 8581
11 3874 3542 224
11 3548 8581 14495
11 3875 3542 210
11 3548 8581 14495
11 11792 3548 3885
11 5373 3878 2749
11 3885 15186 13766
11 12891 15186 15142
11 3886 15142 3879
11 13343 3879 3257
11 3886 15142 3879
11 3886 3882 729
11 13308 3882 13120
11 3881 3879 1924
11 11710 2230 13120
11 774 13576 11710
11 773 1924 13343
11 3915 774 772
11 1384 772 1379
11 773 13343 3257
11 2927 1379 771
11 15142 9666 3257
11 15142 1922 9666
11 9985 771 13886
11 2750 3912 13886
11 5373 1922 3885
11 5373 3878 2749
11 3912 2750 12576
11 2749 8567 1383
11 3912 12576 13291
11 8567 14824 1383
11 14824 288 14895
11 275 12349 14895
11 13291 1383 2926
11 11583 3912 13291
11 1431 14346 11583
11 2016 10617 1431
11 2016 14870 13545
11 14870 1507 13545
11 1431 2893 13954
11 12349 2893 2926
11 14761 2001 1507
11 275 251 12349
11 245 251 8686
11 14761 2001 1507
11 2001 15326 14525
11 2106 1580 179
11 15326 192 218
11 192 146 3114
11 2327 2761 1584
11 3401 16471 146
11 11494 3401 1589
11 10464 2761 2327
11 11689 3087 1589
11 11689 3087 1589
11 13141 3087 10994
11 16690 13141 10994
11 16690 13141 10994
11 8371 15092 13141
11 16086 2045 8371
11 16690 8599 7899
11 7899 14919 16086
11 14711 16088 16086
11 3371 8438 14711
11 15906 3371 14880
11 14888 14880 15893
11 8824 15893 8809
11 1865 14919 8599
11 7996 15954 8599
11 8824 15893 8809
11 9157 8824 15900
11 11663 2946 15900
11 2945 2946 11663
11 2945 2946 11663
11 7996 15954 8599
11 10994 8247 7996
11 11689 10464 8247
11 10464 2761 2327
11 2945 8247 2332
11 2945 2946 11663
11 11663 2946 15900
11 9157 8824 15900
11 9157 9125 12679
11 3232 16439 3231
11 3232 2862 13547
11 13547 2862 3102
11 13547 2862 3102
11 9157 9125 12679
11 9157 12679 1911
11 1911 3104 12372
11 13547 2862 3102
11 3102 15738 3104
11 2875 8860 3104
11 15738 2849 12027
11 8891 2875 7920
11 16688 8791 7920
11 14580 16688 7849
11 15953 2849 15738
11 8538 14580 7849
11 8538 16004 2949
11 16000 16012 16004
11 15948 15953 2862
11 14666 16000 1882
11 15948 2862 2704
11 14666 16000 1882
11 16400 100 116
11 8685 14666 104
11 16400 100 116
11 16471 104 13694
11 9055 13694 13618
11 14848 13618 9069
11 14848 13618 9069
11 14827 14848 6825
11 8067 6825 14511
11 14600 1958 14511
11 14600 5094 1958
11 4859 9069 8286
11 12966 5094 5087
11 4801 12966 5087
11 4801 4709 13965
11 4997 13667 4709
11 14562 10834 4997
11 8622 14562 14315
11 9075 4801 9034
11 5094 8286 9034
11 9069 14925 8286
11 9069 14797 14925
11 104 16400 14797
11 15063 14315 9034
11 14918 14315 9161
11 16400 100 116
11 116 1882 137
11 14918 14315 9161
11 1100 3217 14918
11 2704 137 1882
11 15948 2862 2704
11 3232 2862 13547
11 3232 16439 3231
11 2704 15745 1100
11 1123 3217 1100
11 224 1123 3874
11 210 3542 3874
11 3875 3542 210
11 246 14928 3875
11 228 3359 12477
11 246 14603 265
11 3359 9322 12477
11 14603 15223 14339
11 11650 9322 3363
11 11650 3363 3850
11 11833 3020 10439
11 11833 3020 10439
11 3555 16391 12505
11 11833 3020 10439
11 11650 3020 15223
11 14603 15223 14339
11 14339 8378 288
11 862 3895 11833
11 862 15861 859
11 14339 8378 288
11 275 14895 288
11 275 14555 251
11 8378 859 14844
11 14555 8686 251
11 16282 1442 8686
11 1442 16282 1440
11 1441 1442 1440
11 1441 1440 4351
11 862 15861 859
11 8502 130 15861
11 1442 16282 1440
11 1441 1440 4351
11 11887 1439 1437
11 1439 2348 13002
11 2348 2350 13002
11 2350 2348 2347
11 2347 11499 2350
11 2347 131 11499
11 131 109 11499
11 11499 109 12267
11 13268 109 131
11 13268 131 11880
11 15770 13268 11880
11 15770 11880 15385
11 14829 15770 15385
11 14829 15385 14890
11 14890 978 14829
11 14829 978 6294
11 2248 14829 6294
11 2248 15770 14829
11 2248 13268 15770
11 2248 14373 13268
11 14373 109 13268
11 6294 978 9276
11 9276 3328 6294
11 2248 15770 14829
11 6601 15385 11880
11 6601 11880 131
11 6601 131 156
11 2347 156 131
11 156 2347 2352
11 2352 173 156
11 2352 1581 173
11 2347 2348 2352
11 2352 2348 1439
11 2248 13268 15770
11 6601 11880 131
11 14373 109 13268
11 2347 156 131
11 2347 2348 2352
11 2352 2348 1439
11 2348 2350 13002
11 4351 13002 9114
11 1441 1440 4351
11 1441 1442 1440
11 7816 2676 2107
11 16282 1442 8686
11 245 251 8686
11 2001 245 217
11 7816 2676 2107
11 15326 217 2106
11 2106 1580 179
11 1582 7914 1580
11 7816 2676 2107
11 1441 2353 7816
11 7816 12423 1582
11 1582 7914 1580
11 1582 7914 1580
11 2106 1580 179
11 179 2327 1584
11 2332 2327 14601
11 7914 16689 153
11 14601 8984 2332
11 95 8984 113
11 9144 16689 7914
11 95 8984 113
11 8275 3901 2833
11 2833 3901 1559
11 3901 2468 1559
11 2349 9144 7914
11 3901 2468 1559
11 12423 2353 2349
11 1441 12793 2353
11 3827 12793 9114
11 3901 2468 1559
11 9114 13943 3827
11 2833 3901 1559
11 8275 3901 2833
11 95 9144 8275
11 8965 2946 95
11 15900 8965 2460
11 144 121 14450
11 16439 9125 2460
11 3232 16439 3231
11 3231 186 1100
11 3333 210 186
11 16439 144 168
11 144 121 14450
11 14450 121 1150
11 2833 3852 1150
11 3852 6686 1944
11 14450 1151 2017
11 168 2017 3333
11 3333 3359 210
11 3359 13016 9322
11 13016 3363 9322
11 2017 2020 3849
11 1151 1944 2020
11 7211 3334 1944
11 3363 3849 2018
11 15458 3850 3363
11 15458 3850 3363
11 16675 10439 3850
11 16675 3555 12505
11 3555 10664 16391
11 3555 10664 16391
11 15861 16391 8502
11 8502 130 15861
11 16283 12154 1157
11 1437 1440 130
11 11887 1439 1437
11 12154 1438 1157
11 11887 1439 1437
11 2352 2348 1439
11 2352 1581 173
11 1438 1583 2590
11 2352 1581 173
11 2352 173 156
11 6601 131 156
11 3871 173 11105
11 13341 6601 3871
11 6601 15385 11880
11 14829 15385 14890
11 13801 15371 3204
11 14890 978 14829
11 10266 2247 13801
11 2247 6321 2556
11 6294 978 9276
11 9276 3328 6294
11 14812 1097 15227
11 1097 959 15227
11 2247 6321 2556
11 1097 959 15227
11 985 1094 10250
11 7129 1097 6321
11 2247 14854 6321
11 7129 8689 985
11 15987 12661 14883
11 12022 8689 14854
11 2247 2246 14854
11 15987 3203 12661
11 2246 3204 12148
11 3203 1939 12580
11 3204 1941 12148
11 10405 1939 2449
11 14990 2307 2449
11 2449 1941 10960
11 1941 3204 12536
11 12536 12854 16637
11 16637 12854 2396
11 2397 2396 14890
11 6601 2300 2397
11 8552 11078 16637
11 14606 11078 2305
11 2300 13341 2452
11 13341 11105 2452
11 11105 173 193
11 2453 14723 2452
11 152 13527 128
11 14723 2305 2452
11 14606 11078 2305
11 14606 15623 11078
11 15623 14990 10960
11 14606 5777 12409
11 15003 1632 5777
11 14990 2307 2449
11 2307 14779 10815
11 1632 15003 1611
11 10815 14779 1631
11 9338 14234 12534
11 14234 9222 9880
11 9222 15059 9880
11 8853 13939 9188
11 12607 9338 11062
11 13939 11541 1251
11 11062 1631 1610
11 13939 11541 1251
11 10847 11935 1251
11 11935 9696 1251
11 9696 11935 2053
11 9696 2053 9163
11 11935 9618 2053
11 9618 2056 2053
11 521 2053 2056
11 521 2056 1841
11 1841 2056 827
11 2056 9618 827
11 9618 10296 827
11 10296 831 827
11 12460 831 10296
11 3146 12460 10296
11 3146 10296 9618
11 3146 9618 10847
11 9618 11935 10847
11 3146 10296 9618
11 2056 9618 827
11 9618 11935 10847
11 9618 11935 10847
11 3146 9618 10847
11 1610 14779 1611
11 3146 12460 10296
11 1632 15003 1611
11 12460 831 10296
11 10296 831 827
11 1841 2056 827
11 1765 2054 9455
11 521 2056 1841
11 521 2053 2056
11 9696 2053 9163
11 9696 2053 9163
11 13626 13759 3200
11 12577 520 8160
11 3188 520 8623
11 2994 3200 520
11 13626 13759 3200
11 13626 13759 3200
11 2637 14079 833
11 12924 8160 13759
11 9696 8160 12924
11 11935 9696 1251
11 13939 11541 1251
11 8853 13939 9188
11 14079 1253 13759
11 2637 14079 833
11 8853 13939 9188
11 8853 9222 12607
11 9222 15059 9880
11 9222 15059 9880
11 14234 9222 9880
11 9338 14234 12534
11 9338 14234 12534
11 9338 1631 11062
11 10815 14779 1631
11 10405 10815 15313
11 12534 2304 2306
11 10939 10405 15313
11 10939 8486 2394
11 8486 1938 12760
11 238 2304 12534
11 9880 2674 238
11 12307 14038 1938
11 14623 2674 9880
11 9207 1937 12307
11 14623 15059 10339
11 6985 2303 10339
11 9207 1937 12307
11 12773 1937 14136
11 11372 2303 6985
11 12773 14136 11466
11 15036 2302 11372
11 3205 12773 11466
11 11466 2302 7412
11 8681 7357 1936
11 15032 11786 7357
11 2302 15036 14675
11 15032 14629 9463
11 15036 1639 14675
11 14629 13539 14818
11 13539 1608 13008
11 9266 13624 1608
11 1639 15036 9360
11 9360 9800 12909
11 9266 13624 1608
11 12909 15059 2795
11 2795 8853 2637
11 13624 13647 1608
11 2637 14079 833
11 830 1608 13647
11 833 13626 1364
11 9641 11415 830
11 1364 3200 1363
11 1363 9528 11506
11 9641 1362 15023
11 1363 9528 11506
11 1761 826 1362
11 1761 1762 16056
11 2994 3188 9528
11 1762 1968 9614
11 3188 520 8623
11 8623 520 10773
11 3188 958 1968
11 11504 9614 1968
11 14705 9614 11504
11 1096 14705 14952
11 975 982 14952
11 2398 974 975
11 2398 2400 11563
11 12604 8681 2400
11 3205 8681 12604
11 2399 3205 7848
11 7848 8094 2399
11 13213 975 11013
11 975 983 11013
11 983 1968 4578
11 8094 10415 2399
11 10415 976 2399
11 4578 958 984
11 2245 976 10971
11 984 15030 13225
11 977 2245 10971
11 13225 15030 1003
11 977 985 12022
11 985 1094 10250
11 13225 15030 1003
11 15030 958 10773
11 12577 9135 10773
11 9135 2053 9243
11 9243 521 1764
11 15030 3185 1094
11 985 1094 10250
11 7129 10250 959
11 1764 521 3186
11 1097 959 15227
11 1765 3186 521
11 1765 2054 9455
11 1766 9340 9369
11 9369 9340 1767
11 1767 9340 1771
11 1771 9340 2055
11 1765 2054 9455
11 1771 9340 2055
11 15311 9340 2054
11 14226 2054 827
11 831 5923 14226
11 15311 9777 828
11 12456 2055 828
11 12456 2055 828
11 1771 9340 2055
11 1767 9340 1771
11 952 943 3184
11 9369 9340 1767
11 1766 9340 9369
11 1766 15227 3186
11 14812 1097 15227
11 2556 14812 3328
11 952 1098 1095
11 9276 3328 6294
11 2248 14829 6294
11 2248 14373 13268
11 14373 109 13268
11 11499 109 12267
11 11499 109 12267
11 2347 11499 2350
11 9114 2350 13943
11 12978 1559 13943
11 8534 1559 12978
11 1802 10407 8570
11 3852 8534 6686
11 1802 10407 8570
11 12267 101 10407
11 101 14513 118
11 10724 3385 10407
11 6686 8570 3385
11 6686 7211 1944
11 7211 3334 1944
11 1943 1149 7732
11 15458 3334 3362
11 1943 1149 7732
11 7732 118 148
11 1943 3164 13395
11 1943 13395 3362
11 2831 3850 3362
11 2831 9257 16675
11 221 241 3360
11 12999 3555 9257
11 12999 5523 3555
11 5523 274 12154
11 14558 2317 274
11 286 267 14412
11 2308 2317 14558
11 2317 2308 12211
11 3019 2317 12211
11 3010 1818 14065
11 10852 1818 3010
11 10852 3010 11858
11 10852 11858 13917
11 3566 10852 13917
11 3566 2604 10852
11 10852 2604 1818
11 3566 6859 2604
11 3566 1821 6859
11 10852 2604 1818
11 3010 1818 14065
11 9766 714 12598
11 10852 2604 1818
11 9766 714 12598
11 10932 9766 3561
11 1244 10932 3561
11 3561 999 1244
11 999 989 1244
11 3566 6859 2604
11 3566 1821 6859
11 3561 999 1244
11 3573 715 1821
11 999 989 1244
11 991 11339 2280
11 4329 991 2280
11 9968 4329 2280
11 9968 2280 2281
11 6318 9968 2281
11 1822 6318 2281
11 1822 3567 6318
11 3567 2908 6318
11 6318 2908 9968
11 7351 9968 2908
11 7642 7351 2908
11 2908 3012 7642
11 2279 7642 3012
11 3012 3568 2279
11 3568 3569 2279
11 2279 3569 5259
11 3562 2279 5259
11 3562 5259 2605
11 2605 2609 3562
11 3562 2609 1242
11 3562 1242 16296
11 3562 16296 1000
11 2279 3562 1000
11 1000 7351 2279
11 2279 7351 7642
11 7351 1000 4329
11 9968 7351 4329
11 1000 8461 4329
11 8461 991 4329
11 705 991 8461
11 705 8461 992
11 13841 705 992
11 992 708 13841
11 2840 13841 708
11 2840 708 709
11 2579 2840 709
11 2579 709 13930
11 2579 13930 2841
11 2579 2841 1548
11 1548 6082 2579
11 6082 2100 2579
11 2100 2840 2579
11 2100 6467 2840
11 6444 2840 6467
11 6444 6467 3922
11 6444 3922 11843
11 8407 6444 11843
11 571 8407 11843
11 2883 571 11843
11 11843 572 2883
11 572 2884 2883
11 3857 2883 2884
11 2884 1020 3857
11 2203 3857 1020
11 9741 2203 1020
11 6317 9741 1020
11 6317 1020 12897
11 12897 11921 6317
11 10140 6317 11921
11 11921 14663 10140
11 14663 2204 10140
11 10140 2204 2475
11 10140 2475 13193
11 10140 13193 16144
11 6317 10140 16144
11 2554 6317 16144
11 2315 2554 16144
11 16144 11015 2315
11 3013 2315 11015
11 3013 11015 10996
11 3013 10996 10623
11 2607 3013 10623
11 2607 10623 3017
11 2607 3017 2608
11 16291 2607 2608
11 2282 16291 2608
11 2282 2608 3014
11 3014 11570 2282
11 2282 11570 3560
11 2282 3560 988
11 2282 988 1002
11 16291 2282 1002
11 16291 1002 3563
11 16291 3563 2606
11 16291 2606 2607
11 2607 2606 3013
11 2605 3013 2606
11 2606 2609 2605
11 3563 2609 2606
11 1001 2609 3563
11 1002 1001 3563
11 1001 1002 2158
11 1001 2158 993
11 1242 1001 993
11 1242 993 992
11 16296 1242 992
11 1000 16296 992
11 1000 992 8461
11 993 708 992
11 993 709 708
11 993 2158 709
11 2158 15270 709
11 15270 13930 709
11 2575 13930 15270
11 15270 2766 2575
11 2766 4069 2575
11 2572 2575 4069
11 4069 13159 2572
11 13159 349 2572
11 338 2572 349
11 338 349 333
11 325 338 333
11 312 325 333
11 333 300 312
11 300 1544 312
11 2105 312 1544
11 2105 1544 2101
11 2105 2101 2837
11 2105 2837 325
11 312 2105 325
11 2837 338 325
11 2572 338 2837
11 2572 2837 2575
11 2575 2837 2101
11 2101 2841 2575
11 2575 2841 13930
11 2841 2101 1548
11 1548 2101 912
11 1548 912 11882
11 1542 1548 11882
11 1542 11882 574
11 1542 574 572
11 572 3922 1542
11 2100 1542 3922
11 6467 2100 3922
11 1542 2100 6082
11 1542 6082 1548
11 572 11843 3922
11 572 574 2885
11 572 2885 2884
11 2884 2885 1020
11 1020 2885 12897
11 2885 12048 12897
11 12897 12048 11921
11 11921 12048 14663
11 14663 12048 1021
11 14663 1021 2204
11 9914 2204 1021
11 12155 9914 1021
11 12155 1021 2042
11 1023 12155 2042
11 1023 2042 2276
11 296 1023 2276
11 2276 300 296
11 296 300 333
11 309 296 333
11 315 309 333
11 322 315 333
11 322 333 335
11 322 335 15708
11 11834 322 15708
11 3062 11834 15708
11 3062 15708 10496
11 3062 10496 2316
11 3062 2316 11417
11 9914 3062 11417
11 9914 11417 2204
11 2204 11417 2475
11 11417 2316 2475
11 2787 2475 2316
11 9422 2787 2316
11 9422 2316 13173
11 9422 13173 3017
11 10623 9422 3017
11 10996 9422 10623
11 2787 9422 10996
11 10996 11015 2787
11 16144 2787 11015
11 2787 16144 13193
11 2787 13193 2475
11 3017 13173 2608
11 13173 3018 2608
11 3018 3014 2608
11 3014 3018 5644
11 3014 5644 354
11 3014 354 366
11 3014 366 3572
11 3014 3572 11570
11 11570 3572 3560
11 3572 376 3560
11 365 3560 376
11 333 365 376
11 333 376 366
11 333 366 354
11 333 354 345
11 333 345 335
11 15708 335 345
11 11557 15708 345
11 11557 345 354
11 5644 11557 354
11 5644 3335 11557
11 3335 15708 11557
11 10496 15708 3335
11 2316 10496 3335
11 13173 2316 3335
11 3335 3018 13173
11 3018 3335 5644
11 3018 3335 5644
11 3335 15708 11557
11 11557 345 354
11 3572 366 376
11 333 357 365
11 365 357 10413
11 10413 3560 365
11 10413 2157 3560
11 2157 988 3560
11 994 988 2157
11 2766 994 2157
11 2157 4069 2766
11 4069 2157 10413
11 4069 10413 13159
11 13159 10413 357
11 13159 357 349
11 333 349 357
11 994 2766 15270
11 994 15270 2158
11 1002 994 2158
11 1002 988 994
11 1002 988 994
11 4069 2157 10413
11 13159 10413 357
11 333 349 357
11 10413 3560 365
11 3572 366 376
11 3572 366 376
11 333 366 354
11 5644 11557 354
11 3018 3335 5644
11 3335 3018 13173
11 13173 2316 3335
11 2787 9422 10996
11 2787 13193 2475
11 15404 3062 9914
11 1023 15404 9914
11 1023 9914 12155
11 1023 12102 15404
11 12102 315 15404
11 15404 315 11834
11 11834 3062 15404
11 315 322 11834
11 12102 309 315
11 12102 296 309
11 1023 296 12102
11 1023 296 12102
11 11834 3062 15404
11 11417 2316 2475
11 2316 10496 3335
11 10496 15708 3335
11 11834 3062 15404
11 315 322 11834
11 15708 335 345
11 333 345 335
11 315 322 11834
11 12102 309 315
11 12102 296 309
11 2276 3923 300
11 300 3923 1544
11 1544 3923 575
11 912 1544 575
11 912 575 7016
11 912 7016 11882
11 2275 11882 7016
11 2275 7016 575
11 2275 575 2042
11 2042 1021 2275
11 2275 1021 12048
11 10300 2275 12048
11 2885 10300 12048
11 10300 2885 11882
11 2275 10300 11882
11 11882 2885 574
11 2275 10300 11882
11 2042 575 2276
11 3923 2276 575
11 2275 10300 11882
11 2275 7016 575
11 912 2101 1544
11 3923 2276 575
11 3923 2276 575
11 1023 296 12102
11 2042 575 2276
11 1023 9914 12155
11 2042 1021 2275
11 1023 9914 12155
11 9914 11417 2204
11 2275 1021 12048
11 2885 10300 12048
11 11882 2885 574
11 11882 2885 574
11 1542 6082 1548
11 912 7016 11882
11 912 2101 1544
11 2575 2837 2101
11 912 2101 1544
11 312 2105 325
11 300 3923 1544
11 296 300 333
11 312 2105 325
11 2837 338 325
11 333 349 357
11 2572 338 2837
11 13159 357 349
11 4069 10413 13159
11 2572 2837 2575
11 2157 4069 2766
11 994 2766 15270
11 2575 2841 13930
11 994 15270 2158
11 1242 2609 1001
11 993 2158 709
11 1002 994 2158
11 1242 2609 1001
11 2605 4844 3013
11 4844 2315 3013
11 3337 2315 4844
11 4844 3569 3337
11 3337 3569 15034
11 3337 15034 2314
11 3337 2314 2553
11 3337 2553 2315
11 2315 2553 2554
11 2203 2554 2553
11 2203 2553 2786
11 2203 2786 13504
11 2203 13504 3857
11 3857 13504 12277
11 3857 12277 2883
11 2883 12277 9921
11 9921 571 2883
11 2886 571 9921
11 1017 2886 9921
11 9921 12277 1017
11 2471 1017 12277
11 13504 2471 12277
11 2552 2471 13504
11 13504 2786 2552
11 2552 2786 2314
11 3336 2552 2314
11 2314 15034 3336
11 15034 3569 3336
11 3569 3568 3336
11 3568 3012 3336
11 3336 3012 12512
11 3336 12512 2552
11 12512 2313 2552
11 2552 2313 2551
11 2551 2471 2552
11 2551 2473 2471
11 1017 2471 2473
11 1017 2473 12203
11 1017 12203 2882
11 2882 2886 1017
11 15231 2886 2882
11 15231 2882 2881
11 9124 15231 2881
11 9124 2881 570
11 11439 9124 570
11 570 6069 11439
11 6069 2103 11439
11 11439 2103 2104
11 2104 6070 11439
11 6070 15231 11439
11 9124 11439 15231
11 6071 15231 6070
11 1547 6071 6070
11 2104 1547 6070
11 11312 6071 1547
11 11312 1547 2578
11 13821 11312 2578
11 2578 13841 13821
11 13821 13841 2840
11 2840 11312 13821
11 11312 2840 6444
11 11312 6444 8407
11 11312 8407 6071
11 571 6071 8407
11 571 15231 6071
11 15231 571 2886
11 2578 705 13841
11 2578 11542 705
11 10054 705 11542
11 991 705 10054
11 2578 1547 11542
11 2840 11312 13821
11 2578 1547 11542
11 11312 8407 6071
11 571 15231 6071
11 2104 1547 6070
11 2103 6069 1540
11 1540 2099 2103
11 2839 2103 2099
11 2099 2838 2839
11 2099 1546 2838
11 1546 12728 2838
11 13847 2838 12728
11 13847 12728 2102
11 8628 13847 2102
11 8776 8628 2102
11 2102 1545 8776
11 8488 1545 2102
11 1546 8488 2102
11 12728 1546 2102
11 6498 8488 1546
11 1546 9761 6498
11 6224 6498 9761
11 6224 9761 1540
11 6224 1540 14486
11 570 14486 1540
11 570 1540 6069
11 2880 14486 570
11 570 2485 2880
11 1013 2880 2485
11 1013 2485 2881
11 1013 2881 12147
11 12147 2202 1013
11 2202 12147 2472
11 2550 2202 2472
11 2550 2472 11581
11 11581 2312 2550
11 2550 2312 2311
11 2784 2550 2311
11 2784 2311 4599
11 3011 4599 2311
11 3571 3011 2311
11 3571 2311 2312
11 3571 2312 3565
11 3565 3567 3571
11 8829 3571 3567
11 8829 3567 1822
11 3011 8829 1822
11 3011 3571 8829
11 3011 3571 8829
11 5513 3567 3565
11 2313 5513 3565
11 2313 3565 16110
11 2551 2313 16110
11 2551 16110 2785
11 2551 2785 2473
11 2473 2785 12936
11 12936 1014 2473
11 12203 2473 1014
11 12203 1014 2882
11 2881 2882 1014
11 1014 12147 2881
11 1014 2472 12147
11 2472 1014 12936
11 12936 2785 2472
11 11581 2472 2785
11 2785 2312 11581
11 2785 16110 2312
11 2312 16110 3565
11 2472 1014 12936
11 12936 2785 2472
11 2785 16110 2312
11 2312 16110 3565
11 3012 5513 2313
11 12512 3012 2313
11 5513 3012 2908
11 3567 5513 2908
11 3567 5513 2908
11 2312 16110 3565
11 3011 3571 8829
11 4599 3011 15157
11 2202 2550 2784
11 2784 2469 2202
11 3571 2311 2312
11 2785 2312 11581
11 11581 2472 2785
11 2202 2550 2784
11 1014 2472 12147
11 1014 12147 2881
11 570 2881 2485
11 570 2881 2485
11 1546 1540 9761
11 1546 2099 1540
11 8086 6498 6224
11 8441 6498 8086
11 8441 8488 6498
11 8488 8441 1545
11 1546 1540 9761
11 8441 8488 6498
11 8488 8441 1545
11 8628 7267 13847
11 13847 7267 15185
11 8628 4070 7267
11 12728 1546 2102
11 12728 1546 2102
11 1546 2099 1540
11 1546 2099 1540
11 570 1540 6069
11 570 1540 6069
11 9124 11439 15231
11 570 2881 2485
11 9124 11439 15231
11 2881 2882 1014
11 15231 571 2886
11 12203 1014 2882
11 12203 2473 1014
11 2551 2785 2473
11 2551 2313 16110
11 12512 3012 2313
11 12512 3012 2313
11 3336 12512 2552
11 2786 2553 2314
11 2551 2471 2552
11 1017 2471 2473
11 2882 2886 1017
11 15231 571 2886
11 9921 12277 1017
11 13504 2471 12277
11 13504 2786 2552
11 2786 2553 2314
11 2203 9741 2554
11 9741 6317 2554
11 2786 2553 2314
11 2314 15034 3336
11 15034 3569 3336
11 3569 4844 2605
11 5259 3569 2605
11 3337 2553 2315
11 3569 4844 2605
11 3563 2609 2606
11 1002 1001 3563
11 1002 988 994
11 2157 988 3560
11 11570 3572 3560
11 3014 3572 11570
11 3018 3014 2608
11 16291 2282 1002
11 16291 2606 2607
11 3017 13173 2608
11 10623 9422 3017
11 2607 2606 3013
11 10996 9422 10623
11 10996 11015 2787
11 4844 2315 3013
11 16144 2787 11015
11 2315 2553 2554
11 9741 6317 2554
11 2787 16144 13193
11 2787 13193 2475
11 2204 11417 2475
11 14663 1021 2204
11 11921 12048 14663
11 6317 10140 16144
11 12897 12048 11921
11 1020 2885 12897
11 9741 6317 2554
11 2203 9741 2554
11 2203 13504 3857
11 2884 2885 1020
11 3857 12277 2883
11 572 2885 2884
11 572 11843 3922
11 9921 571 2883
11 571 6071 8407
11 11312 6444 8407
11 572 11843 3922
11 6467 2100 3922
11 11312 2840 6444
11 6467 2100 3922
11 1542 2100 6082
11 1542 6082 1548
11 2841 2101 1548
11 2575 2841 13930
11 15270 13930 709
11 2100 2840 2579
11 993 709 708
11 13821 13841 2840
11 993 708 992
11 2578 705 13841
11 1000 992 8461
11 991 705 10054
11 1000 992 8461
11 1000 16296 992
11 16296 1242 992
11 1242 2609 1001
11 2606 2609 2605
11 5259 3569 2605
11 2279 3562 1000
11 5259 3569 2605
11 3569 3568 3336
11 3568 3012 3336
11 2279 7351 7642
11 5513 3012 2908
11 2279 7351 7642
11 9968 7351 4329
11 3567 5513 2908
11 8829 3567 1822
11 6318 2908 9968
11 9968 7351 4329
11 8461 991 4329
11 9968 2280 2281
11 999 3573 998
11 1822 6318 2281
11 3573 715 1821
11 3011 8829 1822
11 4599 3011 15157
11 3566 1821 6859
11 3566 10852 13917
11 4599 3011 15157
11 2784 2311 4599
11 2784 2469 2202
11 2784 2469 2202
11 12147 2202 1013
11 1013 2880 2485
11 10941 2879 3856
11 2880 14486 570
11 6224 1540 14486
11 8086 6498 6224
11 8441 6498 8086
11 15237 6104 569
11 8488 8441 1545
11 9012 2842 6104
11 2102 1545 8776
11 8776 8628 2102
11 8628 4070 7267
11 8628 4070 7267
11 13847 7267 15185
11 13847 7267 15185
11 13847 2838 12728
11 2099 2838 2839
11 2839 2103 2099
11 11439 2103 2104
11 5719 13913 1800
11 2576 5719 1800
11 2104 1547 6070
11 2578 1547 11542
11 10054 705 11542
11 2576 1800 704
11 991 705 10054
11 991 11339 2280
11 2576 1800 704
11 1800 13913 703
11 11339 990 998
11 998 990 989
11 703 2839 2574
11 15185 2256 2574
11 999 989 1244
11 997 2256 15185
11 1244 10932 3561
11 16097 997 996
11 10932 9766 3561
11 9766 714 12598
11 714 3564 13476
11 16097 997 996
11 996 14078 1243
11 714 3564 13476
11 3019 714 13476
11 13207 2317 3019
11 13207 249 2317
11 12154 249 1438
11 1438 1583 2590
11 1581 1583 200
11 223 13207 713
11 1243 713 3564
11 14078 209 1243
11 200 193 173
11 3219 193 1726
11 3218 1726 3329
11 13691 3329 11262
11 13691 3329 11262
11 3329 13691 3220
11 1246 3218 3220
11 8576 3851 1246
11 8576 1616 2439
11 14456 2438 12526
11 2438 14456 14683
11 8576 1616 2439
11 2910 12410 2439
11 2108 14704 2910
11 2109 11949 12354
11 2709 12717 14438
11 115 14438 12717
11 115 12717 584
11 115 584 11443
11 115 11443 98
11 115 98 14438
11 584 2058 11443
11 584 154 2058
11 14088 2058 154
11 1758 14088 154
11 12651 1758 154
11 584 12651 154
11 12717 12651 584
11 12717 3887 12651
11 3887 13814 12651
11 2709 3887 12717
11 584 12651 154
11 12717 12651 584
11 115 98 14438
11 2709 3887 12717
11 2108 14704 2910
11 115 98 14438
11 14704 111 2252
11 111 128 13527
11 14723 128 14214
11 14723 14214 1637
11 1637 9743 2305
11 9743 1636 2305
11 12558 14606 1636
11 15003 5777 12558
11 831 15003 5923
11 832 9777 5923
11 1636 7767 2639
11 1637 2636 7767
11 832 1254 13956
11 2636 1637 13654
11 111 98 13654
11 115 11443 98
11 832 1254 13956
11 15735 12456 13956
11 584 2058 11443
11 2055 15735 13698
11 1769 2055 13698
11 1769 3184 943
11 14088 2058 154
11 952 943 3184
11 952 1098 1095
11 2557 6294 1098
11 14373 2557 14513
11 101 14513 118
11 7732 118 148
11 6540 952 1756
11 148 171 3164
11 3184 14088 1756
11 1758 14088 154
11 3164 171 3332
11 221 3360 3332
11 221 241 3360
11 267 9257 241
11 286 267 14412
11 14412 2783 2308
11 1147 241 1011
11 8565 15857 12977
11 12977 2783 1147
11 2783 14313 2308
11 16546 14889 2309
11 3010 2308 14313
11 10852 3010 11858
11 1351 2309 14889
11 10852 11858 13917
11 2310 15157 13917
11 10147 2469 2310
11 10941 10147 2782
11 13775 13917 1351
11 1351 2309 14889
11 3855 14889 15857
11 10941 10147 2782
11 10941 2879 3856
11 6224 2879 8467
11 3855 15857 8565
11 8086 8467 2878
11 8565 12977 1011
11 14302 14476 2878
11 2877 1011 241
11 14302 2273 14476
11 2877 221 2887
11 2273 14731 15237
11 14731 2154 14385
11 195 2887 221
11 1758 195 171
11 12651 1758 154
11 3887 13814 12651
11 2154 2887 197
11 14731 2154 14385
11 15237 14385 9012
11 9012 2842 6104
11 2573 8776 2842
11 14293 4070 2573
11 14078 996 14293
11 14078 209 1243
11 8906 3329 209
11 254 277 12413
11 8817 11262 8906
11 8817 4187 11337
11 254 277 12413
11 277 280 8859
11 14825 14253 4187
11 14825 16360 14253
11 11337 14253 16360
11 11337 14288 11262
11 3148 2431 12031
11 14288 15886 11262
11 14323 2431 3148
11 14323 14810 3330
11 13587 1725 12548
11 2431 3330 14466
11 2431 14466 15886
11 3220 15886 13693
11 8188 3220 13693
11 1616 8188 2467
11 12548 3221 3330
11 2467 12526 1616
11 14456 2438 12526
11 13587 1725 12548
11 8484 1725 13234
11 2438 14456 14683
11 14726 2250 5047
11 2438 14456 14683
11 2439 2438 2109
11 2109 4484 11949
11 2109 10480 13326
11 10480 14683 11267
11 11267 14683 2250
11 93 12938 2250
11 14014 15685 12938
11 10071 13326 16397
11 3888 15685 13623
11 14340 3888 8254
11 4484 13326 10071
11 2109 4484 11949
11 2108 11949 2709
11 2709 3887 12717
11 3887 13814 12651
11 14602 197 13814
11 2154 14602 13374
11 2155 14174 2112
11 261 2154 13374
11 261 280 2842
11 277 280 8859
11 8507 14825 8859
11 261 9324 14884
11 7846 9324 2112
11 14825 8507 14777
11 9310 14825 14777
11 2506 16360 9310
11 14559 16360 2506
11 3148 16360 14559
11 14323 2431 3148
11 14810 14323 3147
11 3147 8504 14810
11 3147 2430 14868
11 14667 11011 2430
11 8998 285 9228
11 9291 259 14667
11 8998 285 9228
11 12585 9098 9228
11 16685 14384 253
11 14876 9098 12585
11 14876 9098 12585
11 9098 14976 5235
11 14976 15701 5235
11 15701 1791 1788
11 1794 1791 12987
11 7673 12987 12406
11 1620 1791 12452
11 12406 2583 3864
11 8263 12452 15701
11 8263 2582 14621
11 8246 3864 2583
11 11266 8246 3866
11 8263 2582 14621
11 2584 2582 14876
11 16459 2584 216
11 11266 8246 3866
11 11266 8246 3866
11 8246 3864 2583
11 16487 3864 14075
11 16487 3864 14075
11 16301 10106 16487
11 16301 12666 10106
11 16259 12666 13740
11 12221 5660 13740
11 12221 4854 11142
11 4853 16301 11223
11 5472 4854 11576
11 11223 7569 14483
11 11576 14490 12804
11 7327 14490 7262
11 15699 14709 7262
11 11223 7569 14483
11 7569 14075 16260
11 8246 13246 16260
11 15699 14709 7262
11 14709 257 283
11 232 13246 1517
11 1256 14914 16257
11 1256 1255 14914
11 1255 13532 14914
11 257 232 14786
11 14709 257 283
11 284 283 14504
11 14504 6072 13923
11 1754 7744 6072
11 13216 14786 16257
11 7423 13712 1754
11 11182 1257 7423
11 9388 15527 11182
11 1256 14914 16257
11 1255 13532 14914
11 9388 15527 11182
11 3559 13832 15527
11 14598 5810 3559
11 2725 5810 14598
11 1255 13532 14914
11 2725 5810 14598
11 3559 5810 12951
11 12951 10197 3559
11 9672 6407 10563
11 9592 10197 10849
11 9672 12790 13078
11 12790 9672 10855
11 12790 10855 2228
11 12790 2228 2726
11 2588 12790 2726
11 10143 10849 11693
11 8871 10143 11693
11 13712 8871 11132
11 11132 5951 7744
11 7353 9773 5951
11 4572 11693 9697
11 7353 13911 9773
11 10849 13078 9697
11 9672 12790 13078
11 9773 13911 10735
11 2588 12790 2726
11 16153 9773 10735
11 10925 16153 282
11 276 282 2628
11 3129 16375 12443
11 12443 2628 16376
11 2628 16653 256
11 11856 3387 16653
11 2630 3387 11856
11 3240 16375 12301
11 12301 16375 3234
11 2630 2288 3380
11 11395 2293 2288
11 3234 16375 11195
11 16455 11195 16375
11 13419 13227 16455
11 3131 11395 1568
11 13419 13227 16455
11 3131 11395 1568
11 11395 2293 2288
11 3388 2293 9993
11 9993 2629 3390
11 860 2629 10704
11 16373 3237 11395
11 16278 14389 10704
11 3131 3132 16373
11 11596 1990 16278
11 16407 1990 11596
11 14390 16407 11296
11 13817 11296 16200
11 13419 3132 3131
11 16200 567 14028
11 13419 13227 16455
11 567 16256 16404
11 16455 16375 11912
11 11912 16375 3129
11 16201 16404 16256
11 1963 8191 16201
11 16256 3129 13929
11 3129 12443 16376
11 16376 282 262
11 1963 8191 16201
11 16408 8191 230
11 2134 262 16153
11 2588 2134 10735
11 7368 202 230
11 2588 12790 2726
11 7368 202 230
11 8300 202 9869
11 8300 9869 16402
11 16402 8560 13796
11 11465 8560 266
11 266 16185 9946
11 242 263 16185
11 212 188 242
11 212 190 188
11 212 190 188
11 107 127 188
11 14417 127 107
11 14204 127 14417
11 14204 15567 14387
11 15567 3920 14269
11 3920 14934 12105
11 183 205 632
11 183 4094 205
11 1125 205 4094
11 16099 14934 235
11 1125 205 4094
11 235 12493 255
11 2595 12493 1396
11 13666 1396 3379
11 1125 205 4094
11 13666 1396 3379
11 13666 3067 3072
11 13368 3387 3067
11 13368 546 16653
11 546 14180 231
11 3379 4094 3075
11 14180 214 231
11 183 4094 205
11 1163 10935 214
11 1163 12377 10935
11 12705 12377 15299
11 13946 12495 13457
11 10964 15299 13200
11 13946 12495 13457
11 13200 12495 11865
11 2074 13200 3034
11 1846 3033 3034
11 11399 1891 1846
11 11399 1891 1846
11 3032 1891 2071
11 2071 3088 3032
11 1193 3088 208
11 178 201 16475
11 201 178 1728
11 201 1728 215
11 215 2681 201
11 2681 215 4768
11 215 1728 2297
11 1728 1087 2297
11 14654 1087 1728
11 15511 1087 14654
11 215 2681 201
11 208 2677 1193
11 2681 215 4768
11 2677 2683 1554
11 2683 4762 1195
11 8736 3000 4762
11 234 259 8736
11 2681 215 4768
11 215 1728 2297
11 1728 1087 2297
11 259 234 11011
11 8504 14868 11011
11 15511 1087 14654
11 14810 8504 13587
11 13587 1725 12548
11 8484 1725 13234
11 15511 1087 14654
11 14654 1087 1728
11 8484 1725 13234
11 5047 8484 14726
11 14726 93 2250
11 14596 9929 93
11 125 96 14726
11 14596 13236 15666
11 3297 3366 125
11 13236 16060 15666
11 16060 1847 15666
11 15981 15666 1847
11 15980 15920 9933
11 15981 15863 9929
11 16184 2616 15863
11 16184 2728 2616
11 16184 2728 2616
11 147 124 2616
11 2710 14014 147
11 194 16462 172
11 13623 15685 2710
11 13623 8254 3888
11 14340 3888 8254
11 14340 3052 4484
11 3052 2708 4484
11 14174 3887 2708
11 5895 2112 14174
11 2115 3053 3052
11 2156 11049 2115
11 5895 2112 14174
11 7846 9324 2112
11 14777 7846 9142
11 14777 9142 2502
11 2156 11049 2115
11 2502 12470 2506
11 8390 2506 12470
11 2156 9003 9330
11 2156 9003 9330
11 8254 2111 9003
11 9330 13896 8390
11 8390 14784 2506
11 14784 16361 2506
11 3148 16361 8975
11 3147 8975 2430
11 9291 14667 2430
11 9079 285 9291
11 2503 1286 16361
11 2570 2503 8390
11 9079 14384 16685
11 8879 2570 13896
11 16685 14384 253
11 14876 253 236
11 216 236 2110
11 8879 13896 2111
11 2113 2111 8254
11 14929 2110 8879
11 2113 2710 16462
11 216 236 2110
11 194 16462 172
11 16459 2584 216
11 3866 16459 1517
11 232 13246 1517
11 1256 14786 232
11 1256 1255 14914
11 165 1255 180
11 16459 194 204
11 194 16462 172
11 165 180 1945
11 2727 172 147
11 2616 10983 2727
11 10983 2728 15686
11 16460 1948 15686
11 1945 2727 15656
11 165 180 1945
11 165 142 2725
11 1946 15656 2559
11 122 5810 142
11 15961 12994 122
11 1668 15964 15961
11 2559 15656 1948
11 2569 1948 16460
11 1668 15966 15964
11 15966 13228 10645
11 13228 8542 10645
11 4092 13882 14689
11 13882 4092 4336
11 4336 4092 11599
11 4336 11599 15960
11 15960 11599 4090
11 15960 4090 13643
11 15960 13643 4389
11 13095 15960 4389
11 13095 4389 7224
11 7224 4389 2792
11 7224 2792 13123
11 2792 4086 13123
11 2719 13123 4086
11 4086 2130 2719
11 2130 2131 2719
11 11859 2719 2131
11 1598 11859 2131
11 1598 2131 14499
11 1598 14499 2128
11 1598 2128 2809
11 3299 1598 2809
11 3299 2809 7963
11 5311 3299 7963
11 5311 7963 3378
11 3378 1849 5311
11 12514 5311 1849
11 1849 15917 12514
11 15917 15865 12514
11 15865 15913 12514
11 15913 5311 12514
11 15913 9735 5311
11 9735 3299 5311
11 1700 3299 9735
11 15913 1700 9735
11 12056 1700 15913
11 12056 15913 15864
11 9294 12056 15864
11 9294 15864 3190
11 15862 9294 3190
11 3190 3197 15862
11 3197 3191 15862
11 15862 3191 14750
11 16481 15862 14750
11 16481 14750 10135
11 10135 6769 16481
11 16481 6769 8825
11 16481 8825 1700
11 16481 1700 12056
11 15862 16481 12056
11 15862 12056 9294
11 3293 1700 8825
11 3293 8825 15992
11 15992 11380 3293
11 3293 11380 12563
11 3293 12563 1599
11 1599 10531 3293
11 3293 10531 1700
11 10531 3299 1700
11 3299 10531 1598
11 10531 1599 1598
11 11859 1598 1599
11 11859 1599 2132
11 11859 2132 2719
11 2720 2719 2132
11 2132 2133 2720
11 2133 2132 2811
11 2133 2811 3368
11 1600 3368 2811
11 2811 12563 1600
11 11380 1600 12563
11 3375 1600 11380
11 3375 11380 15992
11 15992 12454 3375
11 12454 1696 3375
11 1696 5912 3375
11 8244 3375 5912
11 5912 1592 8244
11 1592 12238 8244
11 8244 12238 3368
11 3368 1600 8244
11 3375 8244 1600
11 5485 12238 1592
11 1592 5912 3291
11 9406 1592 3291
11 9406 2440 1592
11 3291 5912 11012
11 11012 5912 1696
11 3375 8244 1600
11 11012 5912 1696
11 1696 12454 15910
11 12454 15992 15910
11 15911 15910 15992
11 15911 15992 8825
11 6769 15911 8825
11 15873 15911 6769
11 15873 6769 10135
11 10135 10186 15873
11 15873 10186 3192
11 3192 16485 15873
11 15873 16485 15911
11 15910 15911 16485
11 16485 3192 2738
11 3192 7414 2738
11 2738 7414 15664
11 2738 15664 14642
11 2738 14642 1955
11 1949 1955 14642
11 1949 14642 15664
11 2564 1949 15664
11 2564 15664 14335
11 2564 14335 15670
11 15670 11638 2564
11 2564 11638 1673
11 2564 1673 4090
11 2564 4090 1949
11 1949 4090 11599
11 13252 1949 11599
11 13252 11599 4092
11 1955 1949 13252
11 15957 4090 1673
11 1673 10881 15957
11 16424 15957 10881
11 10881 10902 16424
11 2990 16424 10902
11 2990 10902 16426
11 2990 16426 16043
11 2990 16043 1180
11 1180 1181 2990
11 2990 1181 13086
11 2990 13086 16424
11 16424 13086 2792
11 4389 16424 2792
11 16424 4389 15957
11 13643 15957 4389
11 13643 4090 15957
11 13086 4086 2792
11 2130 4086 13086
11 2130 13086 1181
11 1181 4085 2130
11 2718 2130 4085
11 7383 2718 4085
11 4085 2127 7383
11 7383 2127 2128
11 2128 2718 7383
11 14499 2718 2128
11 2131 2718 14499
11 2130 2718 2131
11 2127 2126 2128
11 2128 2126 2809
11 2126 1597 2809
11 7963 2809 1597
11 7963 1597 3378
11 1597 11539 3378
11 11539 13689 3378
11 3378 13689 1849
11 13689 9702 1849
11 1849 9702 12483
11 1849 12483 15917
11 12483 2617 15917
11 15917 2617 14198
11 15917 14198 15865
11 3189 15865 14198
11 3189 14198 2617
11 2617 2735 3189
11 2735 15674 3189
11 3189 15674 15682
11 7346 3189 15682
11 2736 7346 15682
11 7786 2736 15682
11 15682 2567 7786
11 7786 2567 9093
11 1671 7786 9093
11 1671 9093 13928
11 8995 1671 13928
11 15959 8995 13928
11 13928 16426 15959
11 10902 15959 16426
11 10881 15959 10902
11 14757 15959 10881
11 1673 14757 10881
11 3893 14757 1673
11 11638 3893 1673
11 15670 3893 11638
11 7374 3893 15670
11 15670 3197 7374
11 7374 3197 2737
11 2737 3893 7374
11 14183 3893 2737
11 3892 14183 2737
11 2737 2736 3892
11 3892 2736 7786
11 3892 7786 1671
11 8995 3892 1671
11 1672 3892 8995
11 15959 1672 8995
11 15959 14757 1672
11 1672 14757 3893
11 14183 1672 3893
11 3892 1672 14183
11 3892 1672 14183
11 16484 2736 2737
11 16484 2737 3190
11 3190 15864 16484
11 15865 16484 15864
11 15865 15864 15913
11 7346 16484 15865
11 3189 7346 15865
11 16484 7346 2736
11 3190 2737 3197
11 16484 7346 2736
11 3892 1672 14183
11 14183 1672 3893
11 3190 2737 3197
11 15670 8678 3197
11 3197 8678 3191
11 8678 3198 3191
11 3198 10186 3191
11 14750 3191 10186
11 10135 14750 10186
11 3198 3192 10186
11 3192 3198 7414
11 7414 3198 15664
11 3198 14335 15664
11 3198 15670 14335
11 15670 3198 8678
11 15670 3198 8678
11 15670 3198 8678
11 2737 3893 7374
11 1672 14757 3893
11 15959 14757 1672
11 7309 16426 13928
11 2186 7309 13928
11 2186 13928 15965
11 15965 6622 2186
11 2186 6622 11593
11 11593 16423 2186
11 2186 16423 16043
11 16043 7309 2186
11 16043 16426 7309
11 16043 16423 13738
11 1180 16043 13738
11 13738 2127 1180
11 2127 4085 1180
11 4085 1181 1180
11 1179 2127 13738
11 13738 16423 1179
11 1179 16423 10125
11 1179 10125 5337
11 1179 5337 2125
11 1179 2125 13069
11 1179 13069 2127
11 13069 2126 2127
11 13069 10258 2126
11 2126 10258 11539
11 2126 11539 1597
11 3367 11539 10258
11 3367 10258 2124
11 3367 2124 1595
11 1595 3376 3367
11 3298 3367 3376
11 3298 3376 1697
11 3298 1697 9702
11 3298 9702 13689
11 11539 3298 13689
11 3367 3298 11539
11 9702 1697 12483
11 15912 12483 1697
11 2618 15912 1697
11 1697 15985 2618
11 15985 15921 2618
11 2618 15921 15878
11 2618 15878 15869
11 15869 15912 2618
11 15912 15869 2617
11 15912 2617 12483
11 13147 2617 15869
11 3196 13147 15869
11 3196 15869 15878
11 3195 3196 15878
11 3195 15878 3194
11 3195 3194 10039
11 3195 10039 1488
11 3195 1488 1485
11 1485 3196 3195
11 3196 1485 15675
11 1954 3196 15675
11 3891 1954 15675
11 3891 15675 16461
11 3891 16461 2560
11 3891 2560 1670
11 3891 1670 2566
11 1954 3891 2566
11 2566 15674 1954
11 15674 2735 1954
11 1954 2735 13147
11 1954 13147 3196
11 2735 2617 13147
11 15674 2566 7498
11 15674 7498 2567
11 15682 15674 2567
11 2567 7498 15643
11 9093 2567 15643
11 15643 15965 9093
11 9093 15965 13928
11 15965 15643 6622
11 15643 6713 6622
11 6622 6713 15963
11 6622 15963 11593
11 11593 15963 16040
11 5337 11593 16040
11 2791 5337 16040
11 2048 2791 16040
11 2048 16040 15962
11 2048 15962 15958
11 2048 15958 6363
11 2989 2048 6363
11 12265 2989 6363
11 6363 16584 12265
11 16584 2986 12265
11 12265 2986 14123
11 7922 12265 14123
11 7922 14123 10403
11 7922 10403 2121
11 7922 2121 4955
11 2989 7922 4955
11 2048 2989 4955
11 2048 4955 2791
11 4955 11889 2791
11 2791 11889 2123
11 5337 2791 2123
11 2125 5337 2123
11 2124 2125 2123
11 2123 11727 2124
11 1595 2124 11727
11 11727 11433 1595
11 12008 1595 11433
11 2804 12008 11433
11 2804 11433 2122
11 14477 2804 2122
11 2121 14477 2122
11 2122 4087 2121
11 11889 2121 4087
11 2123 11889 4087
11 4087 11727 2123
11 11433 11727 4087
11 4087 2122 11433
11 4955 2121 11889
11 4087 2122 11433
11 2121 10403 14477
11 14477 10403 10151
11 10151 7780 14477
11 7780 2804 14477
11 12584 2804 7780
11 12584 7780 2120
11 9525 12584 2120
11 10037 9525 2120
11 2120 8624 10037
11 10037 8624 9669
11 9669 13113 10037
11 12145 10037 13113
11 12145 13113 10115
11 12145 10115 6714
11 8301 12145 6714
11 10212 8301 6714
11 10212 6714 11392
11 1024 10212 11392
11 11392 12074 1024
11 12074 11714 1024
11 11714 10697 1024
11 10697 3294 1024
11 10212 1024 3294
11 10212 3294 7196
11 8066 10212 7196
11 3364 8066 7196
11 3364 7196 15014
11 3364 15014 13296
11 3364 13296 9525
11 9525 12145 3364
11 8066 3364 12145
11 8301 8066 12145
11 10212 8066 8301
11 12145 9525 10037
11 9525 13296 12584
11 12584 13296 1594
11 12584 1594 2804
11 2804 1594 12008
11 12008 1594 3377
11 1595 12008 3377
11 3377 13683 1595
11 13683 3376 1595
11 13683 11771 3376
11 1697 3376 11771
11 1697 11771 15985
11 11771 3377 15985
11 15985 3377 16198
11 15985 16198 15921
11 15921 16198 15983
11 15983 3194 15921
11 15878 15921 3194
11 15983 7710 3194
11 2733 3194 7710
11 2733 7710 2612
11 11510 2733 2612
11 1486 11510 2612
11 16482 1486 2612
11 2612 15916 16482
11 16482 15916 16483
11 24 16482 16483
11 16483 33 24
11 33 10790 24
11 10790 8657 24
11 24 8657 14
11 24 14 16482
11 14 9551 16482
11 9551 1486 16482
11 1486 9551 15659
11 11510 1486 15659
11 15659 5035 11510
11 11510 5035 3889
11 3889 2733 11510
11 10039 2733 3889
11 1488 10039 3889
11 14236 1488 3889
11 3889 9411 14236
11 9411 2558 14236
11 14236 2558 2563
11 14236 2563 11064
11 14236 11064 1488
11 11064 16461 1488
11 1485 1488 16461
11 16461 15675 1485
11 11064 2563 16461
11 2560 16461 2563
11 4091 2560 2563
11 12142 4091 2563
11 2558 12142 2563
11 2047 12142 2558
11 5581 2047 2558
11 2619 5581 2558
11 9411 2619 2558
11 5035 2619 9411
11 3889 5035 9411
11 5035 2562 2619
11 2562 5581 2619
11 12425 5581 2562
11 2562 2081 12425
11 2081 11351 12425
11 12425 11351 5581
11 11351 8544 5581
11 8544 2047 5581
11 2047 8544 16584
11 2047 16584 6363
11 2047 6363 12142
11 12142 6363 15958
11 4091 12142 15958
11 4091 15958 15962
11 2082 4091 15962
11 2082 15962 15963
11 2082 15963 1670
11 1670 2560 2082
11 4091 2082 2560
11 15963 6713 1670
11 2566 1670 6713
11 2566 6713 7498
11 7498 6713 15643
11 16040 15963 15962
11 4091 2082 2560
11 8544 12401 16584
11 2986 16584 12401
11 10053 2986 12401
11 10053 12401 5376
11 418 10053 5376
11 5376 7017 418
11 11403 418 7017
11 7017 7900 11403
11 7900 51 11403
11 51 58 11403
11 13469 11403 58
11 66 13469 58
11 58 8827 66
11 8827 76 66
11 13469 66 76
11 13469 76 14222
11 13469 14222 16550
11 11403 13469 16550
11 418 11403 16550
11 10358 418 16550
11 16550 10399 10358
11 10399 2713 10358
11 10358 2713 7215
11 7215 13091 10358
11 10053 10358 13091
11 2986 10053 13091
11 14123 2986 13091
11 14123 13091 9669
11 14123 9669 8624
11 14123 8624 10403
11 2120 10403 8624
11 10151 10403 2120
11 2120 7780 10151
11 9669 13091 7215
11 7215 10115 9669
11 9669 10115 13113
11 7215 2713 10115
11 10115 2713 6714
11 2713 11392 6714
11 2713 10399 11392
11 10399 16630 11392
11 11392 16630 12074
11 12074 16630 2119
11 11714 12074 2119
11 2119 84 11714
11 84 72 11714
11 72 10697 11714
11 62 10697 72
11 10790 62 72
11 10790 72 8661
11 10790 8661 7348
11 10790 7348 8657
11 10020 8657 7348
11 10020 7348 8827
11 58 10020 8827
11 51 10020 58
11 51 8657 10020
11 51 39 8657
11 39 29 8657
11 29 21 8657
11 12 8657 21
11 12 21 10024
11 12 10024 2433
11 5 12 2433
11 15659 5 2433
11 15659 2433 5035
11 2433 2562 5035
11 10024 2562 2433
11 2562 10024 2081
11 10024 13486 2081
11 13369 2081 13486
11 13369 13486 29
11 39 13369 29
11 13369 39 7017
11 2081 13369 7017
11 2081 7017 11351
11 7017 5376 11351
11 11351 5376 12401
11 8544 11351 12401
11 39 7900 7017
11 39 51 7900
11 21 29 13486
11 10024 21 13486
11 2081 13369 7017
11 10024 21 13486
11 9551 5 15659
11 5 9551 14
11 14 8657 5
11 5 8657 12
11 5 8657 12
11 10024 2562 2433
11 10024 21 13486
11 5 8657 12
11 21 29 13486
11 39 13369 29
11 39 51 7900
11 8827 7348 83
11 8827 83 76
11 83 14222 76
11 2119 14222 83
11 2119 83 84
11 8661 84 83
11 8661 83 7348
11 8661 72 84
11 2119 16630 14222
11 16630 16550 14222
11 16550 16630 10399
11 8661 83 7348
11 51 8657 10020
11 8661 83 7348
11 8661 72 84
11 62 10790 55
11 62 55 1850
11 62 1850 10697
11 10697 1850 3294
11 1850 10406 3294
11 10406 3372 3294
11 3372 7196 3294
11 3373 7196 3372
11 3373 3372 15983
11 3373 15983 16198
11 3373 16198 15014
11 3373 15014 7196
11 15014 16198 8276
11 15014 8276 1594
11 15014 1594 13296
11 8276 3377 1594
11 8276 16198 3377
11 8276 16198 3377
11 15983 3372 15916
11 15983 15916 7710
11 7710 15916 2612
11 15982 15916 3372
11 10406 15982 3372
11 1850 15982 10406
11 15982 1850 12845
11 12845 16483 15982
11 16483 15916 15982
11 33 16483 12845
11 33 12845 43
11 43 10790 33
11 55 10790 43
11 55 43 1850
11 12845 1850 43
11 12845 1850 43
11 12845 1850 43
11 16483 15916 15982
11 3373 15014 7196
11 10406 15982 3372
11 1850 15982 10406
11 55 43 1850
11 55 10790 43
11 62 1850 10697
11 8661 72 84
11 2119 83 84
11 2119 16630 14222
11 16550 16630 10399
11 10053 418 10358
11 9669 13091 7215
11 7215 2713 10115
11 2713 10399 11392
11 16550 16630 10399
11 10053 418 10358
11 16630 16550 14222
11 83 14222 76
11 8827 83 76
11 58 10020 8827
11 13469 66 76
11 11403 13469 16550
11 51 10020 58
11 39 51 7900
11 39 7900 7017
11 418 11403 16550
11 7017 5376 11351
11 10053 418 10358
11 11351 5376 12401
11 2986 10053 13091
11 8544 11351 12401
11 8544 11351 12401
11 2081 7017 11351
11 2562 10024 2081
11 12425 11351 5581
11 2433 2562 5035
11 2562 5581 2619
11 8544 2047 5581
11 2047 6363 12142
11 4091 12142 15958
11 4091 2082 2560
11 11064 2563 16461
11 2558 12142 2563
11 9411 2619 2558
11 3889 5035 9411
11 14236 11064 1488
11 10039 3194 2733
11 3889 5035 9411
11 15659 2433 5035
11 9551 5 15659
11 5 9551 14
11 14 8657 5
11 10790 7348 8657
11 43 10790 33
11 33 16483 12845
11 24 14 16482
11 16483 15916 15982
11 7710 15916 2612
11 9551 1486 16482
11 11510 1486 15659
11 3889 2733 11510
11 7710 15916 2612
11 10039 3194 2733
11 15983 15916 7710
11 3373 15983 16198
11 8276 16198 3377
11 3377 11771 13683
11 3377 11771 13683
11 3377 11771 13683
11 8276 3377 1594
11 15014 1594 13296
11 15014 1594 13296
11 3373 15014 7196
11 8066 3364 12145
11 10212 8066 8301
11 3372 7196 3294
11 10697 1850 3294
11 72 10697 11714
11 11714 12074 2119
11 11392 16630 12074
11 10212 1024 3294
11 2713 11392 6714
11 10212 8066 8301
11 8301 8066 12145
11 10115 2713 6714
11 9669 10115 13113
11 12145 9525 10037
11 9669 10115 13113
11 14123 9669 8624
11 2120 10403 8624
11 12145 9525 10037
11 9525 13296 12584
11 2120 7780 10151
11 12584 1594 2804
11 2120 7780 10151
11 10151 10403 2120
11 7780 2804 14477
11 4087 2122 11433
11 2804 1594 12008
11 1595 12008 3377
11 11433 11727 4087
11 4087 11727 2123
11 2125 2124 10258
11 2125 10258 13069
11 2123 11889 4087
11 4955 2121 11889
11 2989 12265 7922
11 4955 2121 11889
11 2121 10403 14477
11 14123 8624 10403
11 2989 12265 7922
11 14123 2986 13091
11 2986 16584 12401
11 2047 16584 6363
11 2989 12265 7922
11 2048 2989 4955
11 12142 6363 15958
11 4091 15958 15962
11 16040 15963 15962
11 2048 4955 2791
11 5337 2791 2123
11 5337 10125 11593
11 10125 16423 11593
11 16040 15963 15962
11 15963 6713 1670
11 7498 6713 15643
11 7498 6713 15643
11 2566 6713 7498
11 2566 1670 6713
11 1670 2560 2082
11 2560 16461 2563
11 16461 15675 1485
11 1954 3891 2566
11 1954 13147 3196
11 16461 15675 1485
11 1485 1488 16461
11 1488 10039 3889
11 10039 3194 2733
11 15878 15921 3194
11 1485 3196 3195
11 1954 13147 3196
11 2735 2617 13147
11 3196 15869 15878
11 15878 15921 3194
11 15985 16198 15921
11 1697 11771 15985
11 15869 15912 2618
11 15912 2617 12483
11 1697 3376 11771
11 3367 3298 11539
11 13683 3376 1595
11 1595 2124 11727
11 2125 2124 10258
11 3367 3298 11539
11 2125 10258 13069
11 2125 10258 13069
11 2125 5337 2123
11 5337 10125 11593
11 10125 16423 11593
11 1179 13069 2127
11 13738 16423 1179
11 10125 16423 11593
11 6622 15963 11593
11 15965 15643 6622
11 9093 15965 13928
11 16043 7309 2186
11 16043 16426 7309
11 15959 1672 8995
11 8995 3892 1671
11 9093 15965 13928
11 3892 7786 1671
11 9093 2567 15643
11 15682 15674 2567
11 3892 2736 7786
11 16484 7346 2736
11 3189 7346 15865
11 15682 15674 2567
11 15674 2735 1954
11 2735 2617 13147
11 3189 7346 15865
11 3189 14198 2617
11 15912 2617 12483
11 9702 1697 12483
11 3298 9702 13689
11 11539 3298 13689
11 2126 11539 1597
11 2126 11539 1597
11 13069 2126 2127
11 2127 4085 1180
11 2128 2718 7383
11 2130 2718 2131
11 4085 1181 1180
11 2130 13086 1181
11 4085 1181 1180
11 1180 16043 13738
11 16043 16426 7309
11 10902 15959 16426
11 2990 13086 16424
11 10881 15959 10902
11 16424 4389 15957
11 1673 14757 10881
11 13643 4090 15957
11 11638 3893 1673
11 15670 3893 11638
11 3198 15670 14335
11 3198 14335 15664
11 2564 4090 1949
11 1955 1949 13252
11 1949 14642 15664
11 7414 3198 15664
11 3192 3198 7414
11 3198 3192 10186
11 10135 14750 10186
11 15873 16485 15911
11 15910 15911 16485
11 12454 15992 15910
11 3375 8244 1600
11 2811 1599 12563
11 2811 2132 1599
11 3368 1600 8244
11 2811 2132 1599
11 2719 2720 13123
11 2811 2132 1599
11 10531 1599 1598
11 2811 1599 12563
11 11380 1600 12563
11 3375 11380 15992
11 15911 15992 8825
11 3293 10531 1700
11 6769 15911 8825
11 15873 6769 10135
11 10135 14750 10186
11 15862 16481 12056
11 14750 3191 10186
11 3197 8678 3191
11 3190 2737 3197
11 15862 12056 9294
11 3190 15864 16484
11 15862 12056 9294
11 15865 15864 15913
11 16481 1700 12056
11 10531 3299 1700
11 15913 1700 9735
11 15865 15864 15913
11 15917 14198 15865
11 1849 12483 15917
11 15913 5311 12514
11 3378 13689 1849
11 7963 1597 3378
11 9735 3299 5311
11 7963 2809 1597
11 3299 10531 1598
11 2128 2126 2809
11 14499 2718 2128
11 2131 2718 14499
11 11859 1598 1599
11 11859 2132 2719
11 2130 2718 2131
11 2130 4086 13086
11 2719 2720 13123
11 13086 4086 2792
11 4389 16424 2792
11 13643 15957 4389
11 13643 4090 15957
11 1949 4090 11599
11 13252 11599 4092
11 4092 13882 14689
11 13252 11599 4092
11 1955 1949 13252
11 15663 2561 13517
11 13517 1487 15663
11 1487 16019 15663
11 1952 1487 13517
11 13517 2561 1952
11 11344 1952 2561
11 13517 2561 1952
11 14689 2466 13121
11 2466 13228 14252
11 14252 13228 4089
11 11344 1952 2561
11 1668 2569 4089
11 11344 1952 2561
11 2569 1948 16460
11 1952 1487 13517
11 16460 2728 2613
11 2613 16184 15920
11 15980 15920 9933
11 2614 15915 3199
11 2613 15881 13714
11 13714 1487 2613
11 1487 16019 15663
11 2614 15915 3199
11 1487 16019 15663
11 13121 15663 12581
11 13121 12581 1955
11 2738 14642 1955
11 16485 3192 2738
11 16019 3199 2739
11 15910 15911 16485
11 2614 15915 3199
11 1696 12454 15910
11 11012 5912 1696
11 15881 15980 15915
11 3291 5912 11012
11 1847 1591 15980
11 9406 1592 3291
11 9406 2440 1592
11 1591 16060 1593
11 9406 2440 1592
11 5485 12238 1592
11 5485 12238 1592
11 8244 12238 3368
11 2133 2811 3368
11 14316 7471 16674
11 2132 2133 2720
11 2719 2720 13123
11 14316 13133 7471
11 7224 2792 13123
11 8011 16045 1182
11 1182 15233 8011
11 13095 4389 7224
11 13095 15960 4389
11 4336 11599 15960
11 8011 16045 1182
11 13882 4092 4336
11 13882 8542 2466
11 10645 8542 5257
11 1182 15233 8011
11 12149 5257 2793
11 1245 6816 2793
11 10905 2183 1245
11 1182 15233 8011
11 1182 7224 13133
11 14316 13133 7471
11 4088 14316 16674
11 15233 10900 10905
11 5485 8337 4088
11 10905 2183 1245
11 5485 2806 8337
11 2715 6816 2183
11 2806 2440 1593
11 1593 3366 2712
11 2807 2717 2715
11 1593 3366 2712
11 3297 3366 125
11 3297 125 145
11 125 12305 145
11 13234 1728 12305
11 201 178 1728
11 2812 3297 161
11 2716 2721 2812
11 178 201 16475
11 158 16475 2071
11 2716 2721 2812
11 129 158 2071
11 2721 158 13729
11 2721 2717 2712
11 2807 2717 2715
11 2715 6816 2183
11 2793 6816 13065
11 10059 14516 13065
11 13729 129 2118
11 129 11399 110
11 12417 14516 10059
11 15961 12417 12994
11 110 11399 13126
11 2707 122 12994
11 13126 11399 15837
11 2707 3066 12951
11 15837 11399 6612
11 1846 8708 6612
11 8708 3034 4705
11 4705 11865 13629
11 11052 8708 9883
11 11052 3066 15837
11 3066 1570 6407
11 12960 2919 9883
11 1143 12960 13629
11 10563 6407 1570
11 9672 6407 10563
11 12790 9672 10855
11 12790 10855 2228
11 3558 1143 11746
11 11746 105 136
11 12790 2228 2726
11 7368 2726 2522
11 14674 187 2522
11 14674 187 2522
11 203 9869 187
11 203 226 16402
11 226 13117 266
11 15580 16185 13117
11 12743 190 15580
11 1840 14721 203
11 167 15244 1840
11 14721 15179 12743
11 12743 174 190
11 188 174 155
11 155 139 188
11 188 139 106
11 14410 107 106
11 10804 14417 14410
11 10804 6473 14417
11 13969 15567 6473
11 13680 3920 13969
11 632 14934 13680
11 183 205 632
11 170 183 14474
11 170 183 14474
11 2072 1163 170
11 13457 15299 2072
11 13946 12495 13457
11 11865 13946 13629
11 1143 12960 13629
11 11746 1143 105
11 12016 136 105
11 12016 136 105
11 157 2228 136
11 2522 157 14565
11 14674 14565 2906
11 11311 2903 2906
11 1729 12016 3933
11 2901 11311 1734
11 3823 1037 3933
11 11595 2900 1734
11 1733 2900 11595
11 1733 14304 2899
11 1733 14304 2899
11 3156 2899 14175
11 3156 2899 14175
11 3156 14003 2900
11 14003 3152 2901
11 3152 2903 2901
11 2903 167 2906
11 167 15244 1840
11 114 16305 134
11 15244 12659 15179
11 13914 155 12659
11 13914 13837 139
11 13837 10647 14410
11 114 16305 134
11 10647 94 10804
11 94 112 10804
11 112 16428 6473
11 3315 3313 2385
11 16428 160 13969
11 3787 14474 160
11 14278 13219 3787
11 3315 3313 2385
11 14278 13219 3787
11 16121 3787 13219
11 2816 10177 16121
11 14974 16079 5824
11 16121 16122 3787
11 16122 143 170
11 119 16079 14681
11 14022 13457 143
11 14022 14805 13946
11 14805 92 1143
11 119 16079 14681
11 13964 105 92
11 14681 16079 14974
11 3823 3933 13964
11 14974 5824 6425
11 3823 11406 1037
11 3823 11406 1037
11 13864 11595 1037
11 13864 2789 1733
11 1733 2789 15325
11 15193 1733 15325
11 15297 14304 15193
11 15297 14050 14304
11 3155 2899 14050
11 11854 12278 3155
11 11854 12278 3155
11 14635 12278 13355
11 11353 3156 12278
11 3120 14003 11353
11 3120 3116 3152
11 3116 134 167
11 114 16305 134
11 1680 3902 3120
11 114 16036 94
11 13632 16036 16033
11 1839 1680 3120
11 1839 14635 14238
11 13632 16033 15534
11 14238 13447 2383
11 3315 13632 15534
11 14278 3315 3302
11 3302 2816 13219
11 10177 2816 2260
11 12398 16116 2260
11 16135 3785 12491
11 12398 16116 2260
11 16106 16116 16117
11 16113 16129 11477
11 16066 14963 11637
11 16077 10920 14963
11 16066 14963 11637
11 16066 14963 11637
11 16066 16113 16107
11 16129 16113 12560
11 10832 12560 16117
11 16106 16116 16117
11 16113 4066 6957
11 4066 3826 786
11 6957 12500 16106
11 16106 9582 16116
11 9582 3340 16116
11 6425 5824 3340
11 3825 11406 6425
11 3825 16051 2344
11 16106 15391 4061
11 12500 786 15391
11 3825 16051 2344
11 15325 2344 2343
11 4066 3826 786
11 2644 2343 9978
11 15927 3821 3826
11 2644 2343 9978
11 2654 1732 2644
11 2654 1732 2644
11 15193 1732 2898
11 1872 15297 2898
11 16567 3155 1872
11 3154 2898 2897
11 1870 2897 14690
11 3118 3154 1871
11 16618 3119 3118
11 16618 3119 3118
11 3154 3119 16567
11 3161 11854 16567
11 3161 13355 11854
11 14238 13355 13447
11 14238 13447 2383
11 2741 3311 12195
11 15534 2383 3794
11 3794 3785 2260
11 16135 3785 12491
11 2741 3311 12195
11 12824 12571 2742
11 12195 1833 2741
11 1833 3161 10328
11 3159 10328 3119
11 12824 12571 2742
11 3159 16618 12109
11 14775 2382 12109
11 12824 12571 2742
11 2741 12824 3304
11 3786 3792 14469
11 12491 3311 3304
11 16135 3785 12491
11 16135 10832 16117
11 3786 3792 14469
11 10832 16129 12560
11 2270 11477 16129
11 3786 3792 14469
11 2270 3793 3790
11 3792 12824 3312
11 2382 3312 2742
11 14775 3144 2382
11 2270 3793 3790
11 11477 3790 16128
11 11477 16128 16107
11 16107 16077 16066
11 16077 13961 10920
11 13961 4063 10920
11 7776 4063 16115
11 10920 4063 4190
11 12245 2341 14903
11 10920 4190 15927
11 15927 3821 3826
11 2653 2644 3821
11 2653 2643 10138
11 10138 2643 14383
11 12996 15927 2342
11 2341 2342 4190
11 10138 2643 14383
11 12245 2642 2341
11 10138 2643 14383
11 2653 2643 10138
11 14690 2654 2653
11 1870 2897 14690
11 14687 9867 1869
11 14687 14052 1870
11 3905 1871 1870
11 1685 3905 11115
11 11897 3909 3117
11 1685 3905 11115
11 1685 10663 16034
11 10663 7704 16034
11 2429 16490 1835
11 7704 2380 16034
11 3303 14437 10411
11 14437 3795 10411
11 2381 10411 3795
11 3795 12207 2381
11 12207 3795 1139
11 12633 1139 3795
11 14437 12633 3795
11 2268 12633 14437
11 3791 2268 14437
11 3303 3791 14437
11 3788 3791 3303
11 3788 3303 3308
11 3788 3308 3301
11 2267 3788 3301
11 13526 2267 3301
11 7135 2267 13526
11 3347 2267 7135
11 3347 7135 8057
11 2268 2267 3347
11 3347 9089 2268
11 9089 12633 2268
11 9089 1139 12633
11 9089 16125 1139
11 13707 16125 9089
11 3347 13707 9089
11 3347 13707 9089
11 2267 2268 3788
11 3788 2268 3791
11 2267 2268 3788
11 3788 2268 3791
11 3788 2268 3791
11 9089 12633 2268
11 9089 1139 12633
11 14437 12633 3795
11 3303 3791 14437
11 16034 2380 13061
11 2381 10411 3795
11 16034 2380 13061
11 1685 16034 12600
11 11308 3905 12600
11 14775 12109 11308
11 14775 3144 2382
11 3144 12792 3310
11 16034 2381 16491
11 3795 12207 2381
11 3144 12792 3310
11 13292 3790 3310
11 12207 3795 1139
11 13292 12819 16128
11 9089 16125 1139
11 16114 16128 12819
11 16114 13555 4063
11 13555 16115 4063
11 13707 16125 9089
11 3347 13707 9089
11 3347 7135 8057
11 4064 7776 16115
11 4064 1799 13495
11 4064 1799 13495
11 12245 14903 13495
11 12245 2641 2642
11 2340 12387 1034
11 2650 2641 12820
11 2650 12820 2790
11 14612 2650 2790
11 13973 2650 14612
11 2650 12820 2790
11 12387 15289 1034
11 14612 2650 2790
11 13973 2650 14612
11 13973 2650 14612
11 2650 2641 12820
11 12245 2641 2642
11 2642 2652 14383
11 14684 2651 2650
11 10138 2652 9867
11 14687 9867 1869
11 11897 3117 1869
11 11897 3909 3117
11 11817 10663 3909
11 3904 11817 10507
11 3153 9867 14684
11 14684 13973 1868
11 3904 11817 10507
11 1835 11817 3904
11 2429 16490 1835
11 1837 2429 13295
11 15344 3904 13138
11 3904 1868 13138
11 1868 14612 2904
11 13295 15344 3352
11 1837 2429 13295
11 1837 2429 13295
11 2429 16490 1835
11 16490 14141 7704
11 3303 2380 14141
11 3788 3303 3308
11 3788 3308 3301
11 3301 12017 3784
11 13526 2267 3301
11 7135 2267 13526
11 3347 7135 8057
11 8057 16109 10454
11 7135 2817 16120
11 3784 13681 2817
11 13659 3300 13681
11 3300 14699 2819
11 13586 2817 2819
11 16109 16120 13586
11 8057 16109 10454
11 1799 10454 219
11 11692 4062 12411
11 12411 4062 16053
11 12411 16053 15243
11 9262 12411 15243
11 15243 1033 9262
11 16111 4062 11692
11 16111 4062 11692
11 16109 14377 15431
11 14377 13586 16123
11 16123 14699 14115
11 16111 4062 11692
11 14699 2259 14115
11 14319 2098 16112
11 16071 2098 10492
11 16071 10492 14280
11 14280 10492 16067
11 16067 10492 16108
11 10492 14294 10222
11 16067 10492 16108
11 10319 5131 6730
11 6730 5131 6936
11 6936 5131 4610
11 15245 6936 4610
11 10613 15245 4610
11 4610 13687 10613
11 10613 13687 2257
11 2257 15245 10613
11 2257 15245 10613
11 10319 10375 5131
11 10319 14308 10375
11 10319 14308 10375
11 3349 10222 9704
11 10222 14294 9704
11 14294 2098 4162
11 4162 14319 2820
11 9704 2188 10341
11 9704 10341 14308
11 10319 14308 10375
11 10319 10375 5131
11 6936 5131 4610
11 7528 12405 7452
11 4610 13687 10613
11 11508 2389 2386
11 2387 11508 2386
11 2387 2386 16026
11 16026 61 2387
11 61 71 2387
11 71 3143 2387
11 71 82 3143
11 2389 11648 2386
11 2389 2388 11648
11 2387 11508 2386
11 71 3143 2387
11 10613 13687 2257
11 71 82 3143
11 88 12059 82
11 88 16131 12059
11 2257 15245 10613
11 88 16131 12059
11 15245 6936 4610
11 6730 5131 6936
11 6730 16108 3349
11 16067 10492 16108
11 3344 16069 11825
11 11320 16069 3344
11 6730 6343 13015
11 6343 15245 16131
11 11320 16069 3344
11 11320 16069 3344
11 3344 16069 11825
11 13015 11825 16067
11 14280 10492 16067
11 16071 10492 14280
11 16071 2098 10492
11 14319 2098 16112
11 4062 14115 16112
11 12411 4062 16053
11 1798 4067 16071
11 16053 4067 10260
11 12411 16053 15243
11 15243 1033 9262
11 14406 3264 13686
11 3264 2648 13686
11 10013 1033 14131
11 10288 10013 14131
11 14131 2896 10288
11 14131 2896 10288
11 14131 2896 10288
11 10288 10013 14131
11 10013 1033 14131
11 15243 1033 9262
11 9262 12411 15243
11 15431 12411 219
11 1799 219 12387
11 12387 15289 1034
11 3820 9262 6694
11 10013 2649 6694
11 6695 2790 15289
11 2649 10288 14348
11 6695 2649 9020
11 2790 6695 9355
11 14612 9355 2904
11 3352 2904 7611
11 9020 14348 14566
11 1867 3352 7611
11 2896 7401 14348
11 1867 3907 3352
11 1837 3907 10604
11 3907 7401 7504
11 7401 2896 3149
11 10604 7504 10570
11 9486 1837 10604
11 16025 2375 6283
11 1837 9486 508
11 12762 2429 508
11 2377 16490 12762
11 12017 3308 2377
11 3307 3784 12017
11 9486 6283 2376
11 3307 13659 13681
11 16025 2375 6283
11 13659 3300 13681
11 14699 3300 2259
11 14319 2259 2820
11 2820 7662 2188
11 2820 3783 12652
11 3783 3300 3306
11 3306 13659 2375
11 2375 16025 9488
11 7144 12652 3314
11 3123 9488 6537
11 7662 12652 7144
11 7662 7528 10341
11 7528 12405 7452
11 2389 13687 12405
11 3305 7144 3123
11 2389 2388 11648
11 3123 9488 6537
11 16025 1836 6537
11 3163 1836 10604
11 12719 15417 9429
11 12719 15417 9429
11 15844 14624 3157
11 12719 3163 13224
11 10570 3149 3163
11 15844 14624 3157
11 3149 2896 7650
11 14131 2648 7650
11 12912 2648 3264
11 15844 14624 3157
11 14624 3150 13224
11 2902 3150 12696
11 1031 14139 15224
11 5297 14139 13959
11 2902 3150 12696
11 8737 3906 2902
11 8737 3906 2902
11 1692 1682 12116
11 3906 15417 2902
11 12719 15417 9429
11 9429 2388 6537
11 2389 2388 11648
11 12116 3158 3906
11 1692 1682 12116
11 2389 11648 2386
11 2387 2386 16026
11 7242 1682 1692
11 34 7242 27
11 50 34 44
11 16026 61 2387
11 50 34 44
11 61 71 2387
11 71 82 3143
11 88 12059 82
11 88 16131 12059
11 70 11320 16131
11 88 44 78
11 70 54 16069
11 16052 54 35
11 11 23 44
11 11 1032 23
11 23 1032 15925
11 15925 1032 14813
11 23 1032 15925
11 16052 54 35
11 16069 16052 13390
11 16069 13390 16050
11 15925 1032 14813
11 9167 16050 15925
11 16050 9245 16067
11 16071 9245 1798
11 2339 10260 1798
11 2339 3264 14406
11 12912 2648 3264
11 12912 1031 15224
11 2339 10822 14462
11 3819 10822 1798
11 14139 1031 13959
11 9167 14813 3819
11 5297 14139 13959
11 15925 1032 14813
11 11 1032 23
11 5297 14813 911
11 7533 2902 5297
11 7533 3351 8737
11 1692 3351 10850
11 17 10850 4
11 2895 911 11
11 4 44 17
11 11 23 44
12 8060 2 7736
12 15191 8060 7736
12 15191 7736 446
12 15784 15191 446
12 16527 15784 446
12 446 13466 16527
12 16527 13466 6470
12 6470 11240 16527
12 16527 11240 15784
12 11240 10021 15784
12 15784 10021 2975
12 15784 2975 15191
12 2975 8060 15191
12 2976 2975 10021
12 2976 10021 13970
12 2976 13970 3595
12 9827 3595 13970
12 9827 13970 9289
12 9827 9289 475
12 9827 475 13192
12 9827 13192 12775
12 3595 9827 12775
12 13192 3599 12775
12 2965 12775 3599
12 13192 14320 3599
12 3599 14320 3600
12 14320 10533 3600
12 10533 3601 3600
12 6077 3600 3601
12 3601 10533 474
12 474 2977 3601
12 2977 474 3596
12 3596 474 5495
12 3596 5495 4424
12 4424 11944 3596
12 9682 11944 4424
12 4424 5495 9682
12 9682 5495 12920
12 9682 12920 447
12 447 15453 9682
12 15453 11944 9682
12 15453 3591 11944
12 2961 11944 3591
12 15453 10050 3591
12 15550 3591 10050
12 10050 3590 15550
12 15570 3590 10050
12 443 15570 10050
12 10050 12750 443
12 443 12750 4727
12 4727 14582 443
12 14572 443 14582
12 5415 14572 14582
12 5415 14582 4878
12 13202 5415 4878
12 13202 4878 8922
12 13403 13202 8922
12 13403 8922 450
12 450 12163 13403
12 13403 12163 13763
12 13403 13763 448
12 448 13202 13403
12 9864 13202 448
12 448 15615 9864
12 15615 3597 9864
12 9864 3597 15356
12 3598 9864 15356
12 3598 4885 9864
12 5415 9864 4885
12 4885 14572 5415
12 14572 4885 15649
12 14572 15649 15570
12 443 14572 15570
12 15570 15649 3590
12 3598 15649 4885
12 9864 5415 13202
12 3598 15649 4885
12 15615 14332 3597
12 14332 3592 3597
12 3597 3592 6432
12 10885 6432 3592
12 15026 10885 3592
12 14332 15026 3592
12 15446 15026 14332
12 15446 14332 448
12 15446 448 13763
12 5372 15446 13763
12 5372 13763 4665
12 13716 5372 4665
12 13716 4665 13762
12 13376 13716 13762
12 13376 13762 452
12 452 6886 13376
12 13376 6886 451
12 451 13716 13376
12 451 5826 13716
12 5826 5372 13716
12 5826 6315 5372
12 6315 15026 5372
12 5372 15026 15446
12 10885 15026 6315
12 3593 10885 6315
12 3593 6315 15618
12 11549 3593 15618
12 6911 11549 15618
12 451 6911 15618
12 15618 5826 451
12 5826 15618 6315
12 6911 451 12698
12 12698 15593 6911
12 3594 6911 15593
12 3594 15593 6996
12 3594 6996 10869
12 1684 3594 10869
12 14427 10869 6996
12 14427 6996 11163
12 1376 14427 11163
12 11163 1915 1376
12 1915 11495 1376
12 11495 1915 5499
12 5499 11374 11495
12 11495 11374 1377
12 11495 1377 3228
12 9772 1377 11374
12 11374 9749 9772
12 9772 9749 6358
12 6358 4310 9772
12 9772 4310 11666
12 11666 1377 9772
12 11666 840 1377
12 3496 11666 4310
12 3496 4310 7245
12 6059 3496 7245
12 6059 7245 5917
12 16239 6059 5917
12 16239 5917 4114
12 3420 16239 4114
12 3420 4114 7244
12 3420 7244 14036
12 15599 3420 14036
12 14104 15599 14036
12 3419 14104 14036
12 3419 14036 16422
12 3419 16422 484
12 3419 484 12068
12 3419 12068 13105
12 13105 16410 3419
12 16410 14104 3419
12 14104 16410 3870
12 4751 14104 3870
12 3870 1288 4751
12 1288 14103 4751
12 14103 5926 4751
12 5926 15599 4751
12 4751 15599 14104
12 5926 3420 15599
12 5926 6359 3420
12 6359 16239 3420
12 6359 6059 16239
12 6253 6059 6359
12 4337 6253 6359
12 5150 4337 6359
12 5150 6359 11478
12 3497 5150 11478
12 9875 3497 11478
12 9875 11478 3341
12 3422 9875 3341
12 3422 3341 14103
12 3422 14103 5021
12 11582 3422 5021
12 11582 5021 6466
12 6466 5534 11582
12 15681 11582 5534
12 15681 5534 13114
12 3430 15681 13114
12 3430 13114 3431
12 3431 3502 3430
12 4383 3430 3502
12 3498 3430 4383
12 3498 3424 3430
12 15681 3430 3424
12 14048 15681 3424
12 14048 3424 5330
12 9875 14048 5330
12 9875 5330 15382
12 9875 15382 3497
12 3422 14048 9875
12 14048 3422 11582
12 11582 15681 14048
12 3498 5330 3424
12 11582 15681 14048
12 3498 5330 3424
12 3502 3431 3503
12 3431 902 3503
12 902 3444 3503
12 3503 3444 3499
12 3503 3499 1374
12 3629 3499 3444
12 3444 11094 3629
12 3629 11094 3504
12 11094 3435 3504
12 3435 3505 3504
12 2221 3504 3505
12 3505 3435 11716
12 11716 11665 3505
12 6329 3505 11665
12 3450 11665 11716
12 5575 3450 11716
12 3449 5575 11716
12 3449 11716 15510
12 3449 15510 3456
12 3456 5082 3449
12 5082 5055 3449
12 3449 5055 5575
12 5575 5055 15416
12 5575 15416 15748
12 3450 5575 15748
12 15748 3506 3450
12 3450 3506 11665
12 11755 3506 15748
12 15748 15483 11755
12 15483 11054 11755
12 11054 3460 11755
12 3460 3500 11755
12 15174 11755 3500
12 15174 15169 11755
12 11755 15169 3506
12 3500 3460 4700
12 3500 4700 3501
12 3501 4700 16680
12 16680 10228 3501
12 3501 10228 3507
12 3501 3507 15525
12 3501 15525 6752
12 15525 3507 15168
12 15168 3507 11750
12 16600 15168 11750
12 16600 11750 3508
12 6847 3508 11750
12 6847 11750 3473
12 7856 6847 3473
12 7856 3473 15000
12 7856 15000 5252
12 15281 7856 5252
12 5252 9894 15281
12 15281 9894 3814
12 15281 3814 3492
12 15281 3492 4970
12 15281 4970 7856
12 4970 9315 7856
12 9315 6847 7856
12 9315 3508 6847
12 3508 9315 14163
12 3508 14163 15412
12 15412 14163 15410
12 14163 381 15410
12 381 14163 8235
12 8235 658 381
12 14163 6060 8235
12 6060 954 8235
12 8235 954 3523
12 6405 8235 3523
12 3523 954 13918
12 13918 14518 3523
12 13918 16542 14518
12 16542 3520 14518
12 6538 3520 16542
12 6538 16542 4696
12 4696 5775 6538
12 5942 6538 5775
12 11878 5942 5775
12 11878 5775 4522
12 11878 4522 6164
12 11878 6164 6863
12 9007 11878 6863
12 9007 6863 5622
12 9007 5622 5807
12 10630 9007 5807
12 2995 10630 5807
12 5807 4882 2995
12 2995 4882 3481
12 14573 2995 3481
12 4552 14573 3481
12 5327 4552 3481
12 7340 5327 3481
12 3481 3358 7340
12 3358 8348 7340
12 8348 5327 7340
12 5327 8348 13599
12 4552 5327 13599
12 5858 4552 13599
12 4374 5858 13599
12 4374 13599 4105
12 4374 4105 3478
12 4374 3478 718
12 4374 718 3490
12 3490 15302 4374
12 15302 5858 4374
12 5858 15302 13392
12 13392 4552 5858
12 4552 13392 14573
12 13392 11112 14573
12 14573 11112 3491
12 3491 5752 14573
12 14573 5752 2995
12 5752 10630 2995
12 5752 9417 10630
12 9417 3472 10630
12 10630 3472 9007
12 3472 11878 9007
12 3472 5942 11878
12 5942 3472 6967
12 4990 5942 6967
12 4990 6967 9417
12 4990 9417 14896
12 14896 12654 4990
12 3519 4990 12654
12 3519 12654 5431
12 3519 7494 4990
12 7494 6538 4990
12 6538 5942 4990
12 7494 3520 6538
12 3520 7494 3519
12 3520 7494 3519
12 14896 3510 12654
12 15539 3510 14896
12 3491 15539 14896
12 14896 9417 3491
12 3491 9417 5752
12 11112 15539 3491
12 11112 13998 15539
12 10652 15539 13998
12 13998 3512 10652
12 13261 3512 13998
12 3489 13261 13998
12 3489 13998 11112
12 3489 11112 13392
12 13392 15302 3489
12 4766 3489 15302
12 4766 15302 3488
12 3488 5956 4766
12 5956 13261 4766
12 3489 4766 13261
12 13261 5956 3413
12 9683 13261 3413
12 3413 3511 9683
12 5969 3511 3413
12 5956 5969 3413
12 3488 5969 5956
12 3488 2138 5969
12 5969 2138 8615
12 8615 3511 5969
12 8615 3522 3511
12 3418 3522 8615
12 8615 15189 3418
12 3418 15189 1686
12 3521 3418 1686
12 10297 3521 1686
12 10297 1686 3414
12 10297 3414 3518
12 10297 3518 5666
12 5666 3518 3128
12 3128 3518 3517
12 3518 7087 3517
12 3517 7087 15568
12 3516 3517 15568
12 3516 15568 3417
12 3417 3515 3516
12 3417 16232 3515
12 16232 3509 3515
12 15276 3515 3509
12 6055 3509 16232
12 5411 6055 16232
12 15509 5411 16232
12 3417 15509 16232
12 16647 15509 3417
12 16647 3417 15568
12 15568 10705 16647
12 16647 10705 3470
12 16647 3470 1561
12 16647 1561 11900
12 11900 15509 16647
12 11900 5411 15509
12 4276 5411 11900
12 11900 5483 4276
12 5483 15309 4276
12 4276 15309 11898
12 11898 5528 4276
12 5528 8639 4276
12 4276 8639 5411
12 8639 16233 5411
12 5411 16233 6055
12 6055 16233 3353
12 6055 3353 3509
12 13093 3509 3353
12 13093 3353 5531
12 5531 3514 13093
12 3514 5531 15632
12 15632 3513 3514
12 1459 3514 3513
12 1459 3513 12749
12 3513 7125 12749
12 12749 7125 9088
12 12749 9088 380
12 380 15188 12749
12 9088 7125 7364
12 7364 7125 5535
12 5535 691 7364
12 15688 691 5535
12 5535 473 15688
12 15688 473 505
12 505 14943 15688
12 15688 14943 691
12 14943 10723 691
12 10723 690 691
12 10723 14530 690
12 689 690 14530
12 7919 689 14530
12 7492 7919 14530
12 504 7492 14530
12 504 14530 13639
12 7768 504 13639
12 13639 4621 7768
12 7768 4621 10400
12 6683 7768 10400
12 6683 504 7768
12 12066 504 6683
12 14449 12066 6683
12 14449 6683 14447
12 4842 14449 14447
12 4842 14447 10221
12 4842 10221 4487
12 761 4842 4487
12 761 4487 11431
12 761 11431 14446
12 761 14446 4842
12 14446 4129 4842
12 4129 14449 4842
12 4129 12066 14449
12 7661 12066 4129
12 1369 7661 4129
12 14448 1369 4129
12 2229 14448 4129
12 14446 2229 4129
12 499 2229 14446
12 499 14446 11431
12 15575 499 11431
12 14831 15575 11431
12 11431 4263 14831
12 15571 14831 4263
12 11429 15571 4263
12 4263 3415 11429
12 11429 3415 5771
12 11429 5771 184
12 11429 184 503
12 11429 503 501
12 501 16645 11429
12 16645 15571 11429
12 16645 4962 15571
12 4962 7077 15571
12 15571 7077 14831
12 14831 7077 5455
12 14831 5455 15575
12 15575 5455 6272
12 13073 15575 6272
12 6272 13072 13073
12 13072 4486 13073
12 13073 4486 13044
12 6682 13073 13044
12 6682 13044 498
12 6682 498 14448
12 2229 6682 14448
12 499 6682 2229
12 13073 6682 499
12 499 15575 13073
12 14448 498 14445
12 14448 14445 1369
12 14445 4841 1369
12 1369 4841 7661
12 4841 12066 7661
12 4841 7317 12066
12 7317 504 12066
12 7492 504 7317
12 7919 7492 7317
12 4841 7919 7317
12 7919 4841 688
12 688 689 7919
12 4841 12201 688
12 688 12201 16549
12 16549 12201 2373
12 12201 498 2373
12 498 3931 2373
12 2372 2373 3931
12 2372 3931 6271
12 14856 2372 6271
12 14856 6271 12200
12 2371 14856 12200
12 2371 12200 494
12 494 16032 2371
12 16032 2370 2371
12 14906 2371 2370
12 2370 12814 14906
12 2370 16425 12814
12 16425 2365 12814
12 16425 8165 2365
12 8165 11999 2365
12 11999 16010 2365
12 16010 11095 2365
12 15562 2365 11095
12 15562 11095 2238
12 2238 11095 2363
12 2363 4757 2238
12 5911 4757 2363
12 2363 11930 5911
12 2363 5913 11930
12 5913 5634 11930
12 11930 5634 2364
12 5634 10778 2364
12 10778 14725 2364
12 10778 2369 14725
12 10778 486 2369
12 2369 486 2368
12 486 6249 2368
12 6249 12199 2368
12 12199 14855 2368
12 12199 2367 14855
12 478 2367 12199
12 478 12199 13037
12 6678 478 13037
12 13051 6678 13037
12 13051 13037 4479
12 13051 4479 13071
12 6250 13051 13071
12 6250 13071 487
12 9569 6250 487
12 2374 9569 487
12 487 6454 2374
12 2374 6454 7716
12 7716 16578 2374
12 2374 16578 9569
12 16578 5892 9569
12 5892 4109 9569
12 4109 6570 9569
12 9569 6570 6250
12 6570 2659 6250
12 2659 13051 6250
12 479 13051 2659
12 2403 479 2659
12 6570 2403 2659
12 2403 6570 6679
12 10702 2403 6679
12 10702 6679 12132
12 4308 10702 12132
12 8433 4308 12132
12 8433 12132 480
12 8433 480 10457
12 8433 10457 12523
12 12523 4134 8433
12 4134 4308 8433
12 4134 7356 4308
12 7356 12130 4308
12 7356 455 12130
12 5819 455 7356
12 5819 7356 12131
12 16676 5819 12131
12 8432 16676 12131
12 8432 12131 4134
12 8432 4134 10460
12 12520 8432 10460
12 12520 10460 4361
12 4361 4964 12520
12 4964 14835 12520
12 14835 475 12520
12 8432 12520 475
12 16676 8432 475
12 475 9289 16676
12 5819 16676 9289
12 9289 445 5819
12 13512 5819 445
12 13512 445 11240
12 13512 11240 6470
12 13512 6470 6999
12 455 13512 6999
12 6999 14099 455
12 14099 15459 455
12 5635 15459 14099
12 15111 5635 14099
12 15111 14099 454
12 15111 454 11097
12 15111 11097 5658
12 5129 15111 5658
12 5129 5658 15275
12 15275 15112 5129
12 7964 5129 15112
12 6678 7964 15112
12 6678 15112 478
12 15112 16031 478
12 2367 478 16031
12 2367 16031 2366
12 16031 15275 2366
12 15275 13797 2366
12 5658 13797 15275
12 5658 2362 13797
12 11097 2362 5658
12 11097 6523 2362
12 2362 6523 12235
12 12235 6523 2361
12 6523 12667 2361
12 12667 14811 2361
12 12667 7736 14811
12 7736 2 14811
12 2 8149 14811
12 446 7736 12667
12 13466 446 12667
12 13466 12667 6523
12 11097 13466 6523
12 11097 454 13466
12 13466 454 6470
12 454 14099 6470
12 6999 6470 14099
12 13466 12667 6523
12 11097 13466 6523
12 15112 15275 16031
12 15112 15275 16031
12 6678 15113 7964
12 4858 7964 15113
12 5382 4858 15113
12 5382 15113 1393
12 15113 479 1393
12 1393 479 10702
12 10702 479 2403
12 479 15113 6678
12 479 6678 13051
12 5382 15459 4858
12 4858 15459 5635
12 4858 5635 15111
12 4858 15111 5129
12 4858 5129 7964
12 4858 5129 7964
12 479 15113 6678
12 4858 5129 7964
12 15112 15275 16031
12 5658 13797 15275
12 4858 15111 5129
12 11097 2362 5658
12 11097 454 13466
12 454 14099 6470
12 4858 5635 15111
12 4858 15459 5635
12 6999 6470 14099
12 455 5819 13512
12 6999 6470 14099
12 445 10021 11240
12 445 13970 10021
12 13970 445 9289
12 455 5819 13512
12 13970 445 9289
12 13192 475 14835
12 14835 14320 13192
12 14835 4964 14320
12 14320 4964 10533
12 9833 10533 4964
12 8216 9833 4964
12 4361 8216 4964
12 12524 8216 4361
12 4361 7339 12524
12 7339 5086 12524
12 12524 5086 10459
12 12524 10459 16143
12 15053 12524 16143
12 15053 16143 1702
12 15054 15053 1702
12 15054 1702 477
12 477 8360 15054
12 12920 15054 8360
12 8360 447 12920
12 8342 447 8360
12 8342 8360 12880
12 4438 8342 12880
12 12880 5440 4438
12 4438 5440 15690
12 4438 15690 12879
12 12879 4727 4438
12 4438 4727 8342
12 8342 4727 12750
12 447 8342 12750
12 15453 447 12750
12 15453 12750 10050
12 4727 12879 14582
12 12879 449 14582
12 14582 449 4878
12 4878 449 8922
12 8922 449 14680
12 13012 8922 14680
12 13012 14680 4902
12 13012 4902 5375
12 12533 13012 5375
12 4362 12533 5375
12 4362 5375 10402
12 12532 4362 10402
12 12532 10402 6700
12 484 12532 6700
12 12068 484 6700
12 14444 12068 6700
12 14444 6700 8220
12 10879 14444 8220
12 4840 10879 8220
12 12064 4840 8220
12 12064 8220 483
12 12064 483 6685
12 6685 8217 12064
12 12064 8217 4128
12 4128 4840 12064
12 4840 4128 8218
12 8218 14442 4840
12 14442 12069 4840
12 12069 10879 4840
12 12069 4303 10879
12 4303 14444 10879
12 4303 12068 14444
12 13105 12068 4303
12 13105 4303 4493
12 13105 4493 5599
12 13105 5599 16410
12 5599 3870 16410
12 5599 16411 3870
12 16411 1288 3870
12 7472 1288 16411
12 16411 13893 7472
12 7472 13893 6466
12 7472 6466 5021
12 5021 14103 7472
12 14103 1288 7472
12 13893 3494 6466
12 15315 6466 3494
12 3495 15315 3494
12 3429 3495 3494
12 3429 3494 5964
12 3429 5964 11713
12 15060 3429 11713
12 5388 15060 11713
12 5388 11713 4794
12 4794 3427 5388
12 3427 15060 5388
12 15060 3427 7519
12 3427 9050 7519
12 5589 7519 9050
12 3439 5589 9050
12 11023 3439 9050
12 11023 9050 4601
12 11023 4601 3426
12 3426 660 11023
12 660 15972 11023
12 15972 12968 11023
12 11023 12968 3440
12 11023 3440 3439
12 3440 3438 3439
12 11381 3439 3438
12 15011 11381 3438
12 15011 3438 5830
12 16013 15011 5830
12 16013 5830 4857
12 16013 4857 9980
12 16013 9980 4251
12 16013 4251 11259
12 16013 11259 3433
12 3433 15011 16013
12 3454 15011 3433
12 3454 3433 3448
12 3448 16583 3454
12 16583 11696 3454
12 5452 3454 11696
12 11696 7437 5452
12 5452 7437 4807
12 15528 5452 4807
12 15528 4807 5589
12 5589 3439 15528
12 3439 11381 15528
12 11381 5452 15528
12 11381 3454 5452
12 15011 3454 11381
12 5589 4807 4333
12 4333 7519 5589
12 4807 6065 4333
12 4333 6065 3442
12 14964 3442 6065
12 5012 14964 6065
12 5012 6065 3434
12 14962 5012 3434
12 16638 14962 3434
12 11260 16638 3434
12 11696 11260 3434
12 11696 3434 7437
12 7437 3434 6065
12 7437 6065 4807
12 11260 11696 16583
12 3448 11260 16583
12 11260 3448 4998
12 11260 4998 14176
12 11260 14176 16638
12 14176 13785 16638
12 16638 13785 3455
12 3455 14962 16638
12 3455 11160 14962
12 11160 5381 14962
12 5381 5012 14962
12 12164 5012 5381
12 10706 12164 5381
12 3456 10706 5381
12 3456 5381 11160
12 11160 5082 3456
12 11160 10307 5082
12 10307 5055 5082
12 10307 5185 5055
12 5185 15204 5055
12 15204 15416 5055
12 15204 3467 15416
12 15416 3467 15483
12 15748 15416 15483
12 3467 11054 15483
12 11054 3467 16679
12 11054 16679 7366
12 5214 11054 7366
12 5214 7366 15462
12 16680 5214 15462
12 16680 15462 3485
12 3485 9779 16680
12 10228 16680 9779
12 9779 3473 10228
12 10228 3473 3507
12 3473 11750 3507
12 15000 3473 9779
12 5252 15000 9779
12 5252 9779 15839
12 15839 9894 5252
12 15839 4522 9894
12 3814 9894 4522
12 5775 3814 4522
12 5775 5060 3814
12 5060 3492 3814
12 4696 3492 5060
12 4696 5060 5775
12 13918 3492 4696
12 4696 16542 13918
12 954 3492 13918
12 6433 3492 954
12 6060 6433 954
12 6433 6060 4970
12 4970 3492 6433
12 9315 4970 6060
12 14163 9315 6060
12 4970 3492 6433
12 4696 5060 5775
12 15839 13222 4522
12 6164 4522 13222
12 6863 6164 13222
12 15839 14702 13222
12 14702 3484 13222
12 5425 3484 14702
12 15531 5425 14702
12 14702 3485 15531
12 15531 3485 15462
12 15531 15462 7366
12 5425 15531 7366
12 5425 7366 16681
12 15532 5425 16681
12 15532 16681 12488
12 3466 15532 12488
12 3466 12488 4408
12 9022 3466 4408
12 9022 4408 6223
12 13785 9022 6223
12 13785 6223 3455
12 6223 10307 3455
12 3455 10307 11160
12 6223 5185 10307
12 6223 4408 5185
12 4408 15204 5185
12 12488 15204 4408
12 12488 3467 15204
12 12488 16681 3467
12 16681 16679 3467
12 16681 7366 16679
12 4669 9022 13785
12 4669 13785 14176
12 14176 4998 4669
12 4998 13784 4669
12 13784 5393 4669
12 5393 9022 4669
12 5393 15477 9022
12 15477 3466 9022
12 15477 14360 3466
12 14360 8909 3466
12 15532 3466 8909
12 5425 15532 8909
12 5425 8909 3484
12 10801 3484 8909
12 14360 10801 8909
12 4215 10801 14360
12 5393 4215 14360
12 5393 14360 15477
12 10800 4215 5393
12 10800 5393 13784
12 3465 10800 13784
12 3465 13784 11740
12 3447 3465 11740
12 11740 16218 3447
12 16218 11256 3447
12 11256 12782 3447
12 14912 3447 12782
12 14912 12782 4993
12 767 14912 4993
12 4993 8338 767
12 4215 767 8338
12 14913 4215 8338
12 14913 8338 15801
12 5622 14913 15801
12 5807 5622 15801
12 5807 15801 4882
12 4882 15801 3358
12 3481 4882 3358
12 3358 15801 3483
12 8348 3358 3483
12 8348 3483 8802
12 13394 8348 8802
12 13394 8802 4608
12 13394 4608 13597
12 5857 13394 13597
12 5857 13597 10474
12 1090 5857 10474
12 10474 15201 1090
12 15201 11210 1090
12 1090 11210 3478
12 3478 4105 1090
12 1090 4105 5857
12 5857 4105 13394
12 4105 8348 13394
12 13599 8348 4105
12 5396 3478 11210
12 11210 3476 5396
12 5396 3476 6471
12 5396 6471 15480
12 5396 15480 3478
12 15480 718 3478
12 15480 3490 718
12 11286 3490 15480
12 15480 6471 11286
12 11286 6471 9516
12 11286 9516 3487
12 11286 3487 2138
12 3488 11286 2138
12 3490 11286 3488
12 15302 3490 3488
12 3487 8615 2138
12 8615 3487 15189
12 15189 3487 5015
12 7670 15189 5015
12 5015 6040 7670
12 7670 6040 3471
12 3471 3486 7670
12 7670 3486 15189
12 1686 15189 3486
12 3414 1686 3486
12 3486 3410 3414
12 3414 3410 756
12 3414 756 3518
12 7087 3518 756
12 7087 756 4713
12 7087 4713 10705
12 7087 10705 15568
12 4713 3410 10705
12 12613 10705 3410
12 12613 3410 3471
12 12613 3471 11749
12 12613 11749 6039
12 12613 6039 3470
12 12613 3470 10705
12 15206 3470 6039
12 6039 3475 15206
12 3475 6918 15206
12 3474 15206 6918
12 16622 3474 6918
12 6918 10782 16622
12 502 16622 10782
12 7811 502 10782
12 184 7811 10782
12 184 10782 6410
12 184 6410 503
12 6410 15977 503
12 15977 7041 503
12 7041 501 503
12 501 7041 7076
12 501 7076 16645
12 16645 7076 4962
12 7076 15574 4962
12 4962 15574 14830
12 4962 14830 7077
12 7077 14830 15572
12 7077 15572 5455
12 5455 15572 14820
12 6272 5455 14820
12 6272 14820 4385
12 4385 13072 6272
12 4385 495 13072
12 13072 495 6681
12 13072 6681 13043
12 13072 13043 4486
12 13043 13044 4486
12 6271 13044 13043
12 12200 6271 13043
12 12200 13043 494
12 6681 494 13043
12 6681 10295 494
12 494 10295 6940
12 494 6940 15753
12 16032 494 15753
12 2370 16032 15753
12 2370 15753 8165
12 2370 8165 16425
12 15753 6940 8165
12 8165 6940 11999
12 11999 6940 466
12 466 11413 11999
12 11413 16010 11999
12 11413 15969 16010
12 15969 11095 16010
12 15969 2363 11095
12 2363 15969 1927
12 2363 1927 5913
12 1927 10779 5913
12 10779 4213 5913
12 5913 4213 5634
12 4213 10778 5634
12 4213 8238 10778
12 4307 10778 8238
12 6680 4307 8238
12 10208 6680 8238
12 10208 8238 4130
12 10208 4130 4574
12 10208 4574 6454
12 487 10208 6454
12 487 4296 10208
12 4296 6680 10208
12 4296 13071 6680
12 13042 6680 13071
12 4479 13042 13071
12 6249 13042 4479
12 13037 6249 4479
12 12199 6249 13037
12 6249 486 13042
12 13042 486 6680
12 6680 486 4307
12 486 10778 4307
12 13042 486 6680
12 487 13071 4296
12 487 13071 4296
12 6454 4574 4540
12 7716 6454 4540
12 7716 4540 9957
12 7716 9957 4121
12 15654 7716 4121
12 4121 6716 15654
12 15654 6716 4245
12 15654 4245 16578
12 15654 16578 7716
12 16578 4245 5892
12 6569 5892 4245
12 11428 6569 4245
12 6716 11428 4245
12 6716 15655 11428
12 15655 490 11428
12 13455 11428 490
12 4987 13455 490
12 4987 490 15146
12 4987 15146 16078
12 16078 4849 4987
12 4849 13456 4987
12 4987 13456 7962
12 7962 13455 4987
12 12210 13455 7962
12 4103 12210 7962
12 13456 4103 7962
12 5657 4103 13456
12 5642 5657 13456
12 5642 13456 4320
12 5642 4320 1844
12 1844 15815 5642
12 15813 5642 15815
12 15813 15815 6251
12 481 15813 6251
12 481 6251 13038
12 13038 6674 481
12 6674 13040 481
12 13040 15050 481
12 15050 6687 481
12 481 6687 15813
12 6687 15814 15813
12 15813 15814 7523
12 15813 7523 5642
12 7523 5657 5642
12 15814 5657 7523
12 15814 4103 5657
12 15814 4110 4103
12 4110 15817 4103
12 4103 15817 12210
12 12210 15817 5643
12 12210 5643 4571
12 12210 4571 13455
12 4571 6569 13455
12 6569 11428 13455
12 10175 6569 4571
12 10175 4571 13453
12 10175 13453 13688
12 4109 10175 13688
12 6570 4109 13688
12 6679 6570 13688
12 6679 13688 480
12 12132 6679 480
12 13688 13453 480
12 480 13453 15816
12 10457 480 15816
12 10457 15816 2577
12 15052 10457 2577
12 15052 2577 4110
12 10456 15052 4110
12 10456 4110 11388
12 10456 11388 6687
12 9274 10456 6687
12 15050 9274 6687
12 15050 5080 9274
12 5080 10456 9274
12 5927 10456 5080
12 5080 16143 5927
12 5927 16143 10459
12 5927 10459 9432
12 15052 5927 9432
12 15052 9432 4179
12 15052 4179 10457
12 12523 10457 4179
12 12523 4179 5086
12 10460 12523 5086
12 7339 10460 5086
12 4361 10460 7339
12 12523 10460 4134
12 5086 4179 10459
12 9432 10459 4179
12 9432 10459 4179
12 5927 15052 10456
12 9432 10459 4179
12 15055 16143 5080
12 6269 15055 5080
12 15050 6269 5080
12 13040 6269 15050
12 1702 16143 15055
12 1702 15055 477
12 5927 15052 10456
12 15050 6269 5080
12 5080 10456 9274
12 6687 11388 15814
12 11388 4110 15814
12 11388 4110 15814
12 5927 15052 10456
12 4110 2577 15817
12 2577 5643 15817
12 2577 15816 5643
12 5643 15816 13453
12 5643 13453 4571
12 15052 4179 10457
12 2577 15816 5643
12 5643 15816 13453
12 4109 6569 10175
12 6569 4109 5892
12 13688 13453 480
12 5643 13453 4571
12 4109 6569 10175
12 5643 13453 4571
12 2577 5643 15817
12 4110 2577 15817
12 11388 4110 15814
12 15814 5657 7523
12 6687 11388 15814
12 15050 9274 6687
12 13040 6269 15050
12 13041 13040 6674
12 3272 13041 6674
12 13039 3272 6674
12 13038 13039 6674
12 4475 13039 13038
12 13038 13045 4475
12 4475 13045 13046
12 13046 6252 4475
12 6252 13039 4475
12 6252 482 13039
12 3272 13039 482
12 3272 482 15691
12 13041 3272 15691
12 13041 15691 5539
12 4476 13041 5539
12 4476 5539 15690
12 5440 4476 15690
12 15692 15690 5539
12 15692 5539 5076
12 15692 5076 15047
12 12879 15692 15047
12 12879 15047 449
12 15047 14680 449
12 4902 14680 15047
12 4902 15047 5076
12 4902 5076 7705
12 15044 4902 7705
12 6685 15044 7705
12 7705 482 6685
12 6685 482 8217
12 482 6252 8217
12 8217 6252 14837
12 8217 14837 4128
12 14837 12519 4128
12 4128 12519 4965
12 4128 4965 8218
12 8218 4965 14836
12 8218 14836 3421
12 14442 8218 3421
12 3421 12069 14442
12 16409 12069 3421
12 16409 3421 11712
12 16409 11712 633
12 16409 633 11903
12 16409 11903 4493
12 4493 12069 16409
12 4493 4303 12069
12 4493 11903 5599
12 5599 11903 16411
12 16411 11903 3286
12 3286 13893 16411
12 3286 5964 13893
12 5964 3494 13893
12 12649 5964 3286
12 3286 11903 12649
12 11903 633 12649
12 633 4240 12649
12 12649 4240 4259
12 12649 4259 11713
12 5964 12649 11713
12 4794 11713 4259
12 4259 10641 4794
12 4794 10641 14254
12 14254 3427 4794
12 14254 4601 3427
12 3427 4601 9050
12 14254 3426 4601
12 14254 492 3426
12 3426 492 1004
12 3426 1004 2855
12 3426 2855 660
12 2855 3425 660
12 660 3425 15972
12 3425 1135 15972
12 15972 1135 698
12 15972 698 1284
12 1284 12968 15972
12 1284 5830 12968
12 5830 3438 12968
12 3440 12968 3438
12 6671 5830 1284
12 1284 698 6671
12 698 470 6671
12 4788 6671 470
12 4788 470 12299
12 5916 4788 12299
12 12299 8767 5916
12 3451 5916 8767
12 11754 3451 8767
12 8767 496 11754
12 15693 11754 496
12 463 15693 496
12 463 496 12247
12 6964 463 12247
12 6964 12247 510
12 510 6482 6964
12 6964 6482 463
12 6482 472 463
12 472 14851 463
12 14851 4975 463
12 463 4975 15693
12 4975 14852 15693
12 15693 14852 11754
12 14852 497 11754
12 3451 11754 497
12 3452 3451 497
12 7857 3452 497
12 11258 7857 497
12 14852 11258 497
12 14852 11849 11258
12 11849 500 11258
12 500 7857 11258
12 500 1458 7857
12 1458 5302 7857
12 7857 5302 15094
12 7857 15094 3452
12 15094 10235 3452
12 6556 3452 10235
12 6556 10235 15990
12 14770 6556 15990
12 14770 15990 3463
12 14770 3463 10988
12 10988 3100 14770
12 14770 3100 3464
12 3464 6556 14770
12 6556 3464 4763
12 11642 6556 4763
12 11642 4763 2255
12 9748 11642 2255
12 9748 2255 3453
12 9748 3453 2038
12 9748 2038 5916
12 9748 5916 3451
12 9748 3451 3452
12 3452 11642 9748
12 3452 6556 11642
12 4788 5916 2038
12 4788 2038 6671
12 2038 4686 6671
12 6671 4686 5830
12 4686 4857 5830
12 4686 9980 4857
12 2038 9980 4686
12 9980 2038 3453
12 3446 9980 3453
12 2255 3446 3453
12 4839 3446 2255
12 4763 4839 2255
12 14441 4839 4763
12 14441 4763 3464
12 1877 14441 3464
12 1877 3464 3100
12 1877 3100 6653
12 1877 6653 3458
12 14441 1877 3458
12 3458 12063 14441
12 12063 3039 14441
12 3039 4839 14441
12 3446 4839 3039
12 3446 3039 6038
12 3446 6038 11259
12 4251 3446 11259
12 3446 4251 9980
12 6038 1699 11259
12 1699 16164 11259
12 11259 16164 3433
12 3448 3433 16164
12 16164 11740 3448
12 4998 3448 11740
12 4998 11740 13784
12 11740 16164 1699
12 1699 16218 11740
12 6038 16218 1699
12 6038 12063 16218
12 12063 11256 16218
12 3458 11256 12063
12 3458 13597 11256
12 13597 12782 11256
12 13597 4608 12782
12 12782 4608 4993
12 4993 4608 3483
12 8338 4993 3483
12 15801 8338 3483
12 4608 8802 3483
12 10474 13597 3458
12 3458 6653 10474
12 10474 6653 15201
12 4973 15201 6653
12 4973 6653 3100
12 10988 4973 3100
12 10988 9293 4973
12 4973 9293 14850
12 15201 4973 14850
12 15201 14850 11210
12 9293 3477 14850
12 11794 3477 9293
12 16287 11794 9293
12 16287 9293 3462
12 3462 16626 16287
12 6956 16287 16626
12 6956 16626 15258
12 6956 15258 5851
12 13511 6956 5851
12 13511 5851 5302
12 13511 5302 1458
12 13511 1458 6037
12 3461 13511 6037
12 7041 3461 6037
12 7041 6037 7076
12 7076 6037 12258
12 7076 12258 15574
12 15574 12258 4112
12 15574 4112 11732
12 15574 11732 14830
12 11732 4101 14830
12 4101 15572 14830
12 4101 14351 15572
12 14820 15572 14351
12 14820 14351 495
12 4385 14820 495
12 14351 10784 495
12 495 10784 8676
12 495 8676 5769
12 5769 6681 495
12 5769 10295 6681
12 5947 10295 5769
12 466 5947 5769
12 12080 466 5769
12 8676 12080 5769
12 8676 471 12080
12 471 6123 12080
12 12080 6123 3789
12 12080 3789 466
12 3789 11413 466
12 3789 748 11413
12 748 464 11413
12 15969 11413 464
12 1927 15969 464
12 464 10779 1927
12 10779 464 2938
12 10779 2938 11943
12 5943 10779 11943
12 4130 5943 11943
12 4130 11943 5104
12 4130 5104 5002
12 4574 4130 5002
12 4574 5002 4540
12 5002 13320 4540
12 13320 4532 4540
12 4532 9292 4540
12 4540 9292 9957
12 9957 9292 4121
12 4121 9292 7715
12 7715 11427 4121
12 11427 6716 4121
12 15655 6716 11427
12 5521 15655 11427
12 2415 5521 11427
12 7715 2415 11427
12 4442 2415 7715
12 7715 5744 4442
12 4442 5744 3409
12 4442 3409 15386
12 456 4442 15386
12 456 15386 12904
12 5665 456 12904
12 6184 5665 12904
12 16614 6184 12904
12 467 16614 12904
12 12904 11699 467
12 467 11699 10783
12 7075 467 10783
12 7075 10783 5454
12 3015 7075 5454
12 3015 5454 11732
12 4112 3015 11732
12 4112 7626 3015
12 7626 7075 3015
12 7626 4328 7075
12 4328 13380 7075
12 13380 467 7075
12 467 13380 16614
12 16614 13380 6184
12 13380 16329 6184
12 16329 10065 6184
12 2360 6184 10065
12 457 2360 10065
12 8930 457 10065
12 10065 472 8930
12 8930 472 6482
12 510 8930 6482
12 8930 510 459
12 457 8930 459
12 15061 457 459
12 8456 15061 459
12 8456 459 493
12 14697 8456 493
12 14697 493 5317
12 14697 5317 7679
12 4905 14697 7679
12 7679 4477 4905
12 13047 4905 4477
12 13048 13047 4477
12 13048 4477 6270
12 6270 13074 13048
12 13048 13074 489
12 489 6675 13048
12 13048 6675 13047
12 6675 488 13047
12 13047 488 14696
12 14696 4905 13047
12 14696 1738 4905
12 1738 4620 4905
12 4905 4620 14697
12 4620 12209 14697
12 12209 8456 14697
12 12209 3130 8456
12 3130 15061 8456
12 4136 15061 3130
12 4136 3130 12209
12 4136 12209 14695
12 4136 14695 16078
12 4136 16078 4008
12 4136 4008 5147
12 4136 5147 15061
12 15061 5147 777
12 457 15061 777
12 457 777 10051
12 2360 457 10051
12 6184 2360 10051
12 6184 10051 5665
12 5665 10051 456
12 456 10051 11176
12 456 11176 2415
12 456 2415 4442
12 11176 5521 2415
12 11176 5147 5521
12 5521 5147 15146
12 5521 15146 15655
12 15655 15146 490
12 5147 4008 15146
12 4008 16078 15146
12 11176 777 5147
12 11176 10051 777
12 11176 10051 777
12 11176 10051 777
12 11176 777 5147
12 5147 4008 15146
12 4008 16078 15146
12 14695 4320 16078
12 16078 4320 4849
12 4320 13456 4849
12 14695 5874 4320
12 1844 4320 5874
12 1844 5874 6798
12 1844 6798 15815
12 15815 6798 3073
12 15815 3073 488
12 15815 488 13045
12 6251 15815 13045
12 6251 13045 13038
12 13045 488 6675
12 13046 13045 6675
12 13046 6675 489
12 489 16365 13046
12 16365 6252 13046
12 6252 16365 12519
12 6252 12519 14837
12 12519 16365 489
12 13074 12519 489
12 4965 12519 13074
12 4965 13074 4488
12 14836 4965 4488
12 14836 4488 13064
12 10718 14836 13064
12 10718 13064 492
12 492 11158 10718
12 11158 10641 10718
12 10641 11712 10718
12 10718 11712 3421
12 3421 14836 10718
12 10641 4259 11712
12 4240 11712 4259
12 633 11712 4240
12 11158 14254 10641
12 11158 492 14254
12 11158 492 14254
12 13064 12612 492
12 1004 492 12612
12 1004 12612 3425
12 2855 1004 3425
12 12612 2970 3425
12 3425 2970 4722
12 4722 1135 3425
12 460 1135 4722
12 4722 2970 460
12 2970 491 460
12 491 6733 460
12 4178 460 6733
12 4178 6733 10264
12 6742 4178 10264
12 6742 460 4178
12 3436 460 6742
12 3436 6742 12299
12 3436 12299 470
12 698 3436 470
12 1135 3436 698
12 460 3436 1135
12 16585 12299 6742
12 469 12299 16585
12 469 8767 12299
12 469 496 8767
12 12247 496 469
12 460 3436 1135
12 10264 6733 5317
12 10264 5317 493
12 7679 5317 6733
12 13049 7679 6733
12 491 13049 6733
12 491 4078 13049
12 4078 6270 13049
12 4477 13049 6270
12 4477 7679 13049
12 4078 15750 6270
12 4488 6270 15750
12 4488 15750 13064
12 13064 15750 12612
12 12612 15750 2970
12 15750 491 2970
12 491 15750 4078
12 13074 6270 4488
12 491 15750 4078
12 491 15750 4078
12 4477 7679 13049
12 6742 460 4178
12 491 13049 6733
12 15750 491 2970
12 460 3436 1135
12 4722 2970 460
12 12612 15750 2970
12 13064 15750 12612
12 3421 14836 10718
12 4488 15750 13064
12 13074 6270 4488
12 12519 16365 489
12 14696 488 3073
12 14696 3073 5874
12 1738 14696 5874
12 2743 1738 5874
12 2743 5874 14695
12 12209 2743 14695
12 12209 1738 2743
12 1738 12209 4620
12 12209 1738 2743
12 6798 5874 3073
12 6798 5874 3073
12 6798 5874 3073
12 2743 5874 14695
12 12209 2743 14695
12 4136 5147 15061
12 4136 3130 12209
12 1738 12209 4620
12 1738 12209 4620
12 1738 14696 5874
12 14696 488 3073
12 13045 488 6675
12 13046 6675 489
12 13074 12519 489
12 13074 6270 4488
12 4477 13049 6270
12 13048 6675 13047
12 14696 4905 13047
12 4477 7679 13049
12 4905 4620 14697
12 7679 5317 6733
12 10264 5317 493
12 12209 8456 14697
12 510 493 459
12 7407 493 510
12 12247 7407 510
12 3130 15061 8456
12 457 15061 777
12 510 493 459
12 472 10065 16329
12 13380 472 16329
12 472 13380 15242
12 472 15242 14851
12 14851 15242 5469
12 14851 5469 4975
12 5469 11849 4975
12 4975 11849 14852
12 12259 11849 5469
12 12259 5469 4328
12 1055 12259 4328
12 7626 1055 4328
12 4112 1055 7626
12 12258 1055 4112
12 12258 566 1055
12 1055 566 12259
12 566 500 12259
12 11849 12259 500
12 1458 500 566
12 1458 566 6037
12 12258 6037 566
12 12258 6037 566
12 1055 566 12259
12 4328 5469 15242
12 13380 4328 15242
12 11849 12259 500
12 4328 5469 15242
12 13380 4328 15242
12 457 8930 459
12 2360 457 10051
12 6184 2360 10051
12 472 10065 16329
12 13380 472 16329
12 13380 4328 15242
12 7626 1055 4328
12 4112 1055 7626
12 5454 15573 11732
12 11732 15573 4101
12 4101 15573 10784
12 4101 10784 14351
12 15573 4214 10784
12 10784 4214 13875
12 8676 10784 13875
12 8676 13875 471
12 13875 13718 471
12 13718 13875 5336
12 4646 13718 5336
12 11699 4646 5336
12 11699 5336 10783
12 4214 10783 5336
12 4214 5336 13875
12 5454 10783 4214
12 15573 5454 4214
12 15386 4646 11699
12 12904 15386 11699
12 15386 3409 4646
12 3409 5744 4646
12 5744 15914 4646
12 4646 15914 13718
12 5744 458 15914
12 9292 458 5744
12 9292 5744 7715
12 4532 458 9292
12 7109 458 4532
12 13320 7109 4532
12 13320 12272 7109
12 7109 12272 458
12 458 12272 6209
12 6123 6209 12272
12 12272 748 6123
12 6123 748 3789
12 748 12272 2938
12 464 748 2938
12 2938 12272 6385
12 11943 2938 6385
12 11943 6385 13320
12 5104 11943 13320
12 5104 13320 5002
12 6385 12272 13320
12 6385 12272 13320
12 6385 12272 13320
12 7109 12272 458
12 4646 15914 13718
12 4214 5336 13875
12 4214 5336 13875
12 15573 5454 4214
12 15573 5454 4214
12 7626 7075 3015
12 5454 10783 4214
12 13380 467 7075
12 11699 5336 10783
12 12904 15386 11699
12 467 13380 16614
12 16614 13380 6184
12 6184 10051 5665
12 5665 10051 456
12 12904 15386 11699
12 456 2415 4442
12 15386 3409 4646
12 3409 5744 4646
12 9292 5744 7715
12 456 2415 4442
12 11176 5521 2415
12 5521 15146 15655
12 7715 2415 11427
12 9292 5744 7715
12 4532 458 9292
12 13320 7109 4532
12 5104 13320 5002
12 5104 13320 5002
12 5104 11943 13320
12 4213 5943 4130
12 8238 4213 4130
12 4213 10779 5943
12 4213 10779 5943
12 11943 2938 6385
12 464 748 2938
12 464 748 2938
12 6123 748 3789
12 6123 748 3789
12 8676 13875 471
12 12080 3789 466
12 6940 5947 466
12 6940 10295 5947
12 6940 10295 5947
12 8676 12080 5769
12 8676 10784 13875
12 4101 10784 14351
12 4101 10784 14351
12 11732 15573 4101
12 4112 3015 11732
12 12258 1055 4112
12 12258 6037 566
12 15977 3461 7041
12 3461 15977 16627
12 16627 13511 3461
12 16627 6956 13511
12 16627 4267 6956
12 6956 4267 16287
12 4267 11794 16287
12 11794 4267 6151
12 11794 6151 7645
12 11794 7645 3469
12 7645 6092 3469
12 6092 15581 3469
12 6092 6040 15581
12 5015 15581 6040
12 9516 15581 5015
12 3487 9516 5015
12 9516 3476 15581
12 6471 3476 9516
12 3468 6040 6092
12 3468 6092 7645
12 3468 7645 3457
12 3475 3468 3457
12 3475 3457 15929
12 3475 15929 6918
12 15929 6410 6918
12 6918 6410 10782
12 15929 15977 6410
12 15929 7565 15977
12 15977 7565 16627
12 16627 7565 4267
12 7565 3457 4267
12 4267 3457 6151
12 6151 3457 7645
12 3457 7565 15929
12 3457 7565 15929
12 3457 7565 15929
12 3468 3475 6039
12 3468 6039 11749
12 3468 11749 6040
12 11749 3471 6040
12 6151 3457 7645
12 3468 11749 6040
12 3468 6092 7645
12 6151 3457 7645
12 4267 3457 6151
12 16627 7565 4267
12 15977 7565 16627
12 16627 13511 3461
12 1458 566 6037
12 5851 15258 5302
12 5302 15258 15094
12 10235 15094 15258
12 15258 3463 10235
12 15990 10235 3463
12 3463 15258 3462
12 10988 3463 3462
12 3462 9293 10988
12 3462 15258 16626
12 16627 6956 13511
12 5851 15258 5302
12 3462 15258 16626
12 6956 4267 16287
12 3462 15258 16626
12 3462 9293 10988
12 4267 11794 16287
12 3462 9293 10988
12 15201 4973 14850
12 3039 12063 6038
12 11740 16164 1699
12 6038 16218 1699
12 3039 12063 6038
12 3039 12063 6038
12 3458 11256 12063
12 3458 6653 10474
12 4973 6653 3100
12 14441 1877 3458
12 3039 4839 14441
12 3446 4839 3039
12 3446 4251 9980
12 2038 9980 4686
12 9980 2038 3453
12 2255 3446 3453
12 3452 11642 9748
12 4763 4839 2255
12 3452 6556 11642
12 14441 4763 3464
12 1877 3464 3100
12 10988 4973 3100
12 10988 3463 3462
12 15990 10235 3463
12 3464 6556 14770
12 15990 10235 3463
12 3452 6556 11642
12 10235 15094 15258
12 5302 15258 15094
12 13511 5302 1458
12 1458 500 566
12 11849 12259 500
12 4975 11849 14852
12 500 7857 11258
12 7857 15094 3452
12 9748 3451 3452
12 14852 11258 497
12 4975 11849 14852
12 14851 5469 4975
12 472 15242 14851
12 8930 472 6482
12 510 8930 6482
12 12247 7407 510
12 6964 6482 463
12 12247 496 469
12 463 4975 15693
12 15693 14852 11754
12 469 496 8767
12 3451 11754 497
12 9748 5916 3451
12 469 8767 12299
12 4788 5916 2038
12 3436 12299 470
12 4788 2038 6671
12 698 3436 470
12 6671 4686 5830
12 1284 698 6671
12 1135 3436 698
12 4722 1135 3425
12 2855 1004 3425
12 2855 1004 3425
12 1004 492 12612
12 11158 492 14254
12 11158 14254 10641
12 10641 4259 11712
12 4240 11712 4259
12 633 11712 4240
12 5964 12649 11713
12 3286 11903 12649
12 11903 633 12649
12 633 11712 4240
12 10718 11712 3421
12 4493 12069 16409
12 3421 14836 10718
12 14836 4965 4488
12 4965 12519 13074
12 6252 12519 14837
12 6252 12519 14837
12 7705 15691 482
12 5076 15691 7705
12 5539 15691 5076
12 483 15044 6685
12 15451 15044 483
12 10402 15451 483
12 936 10402 483
12 8220 936 483
12 8220 6700 936
12 936 6700 10402
12 936 6700 10402
12 10402 5375 15451
12 5375 4902 15451
12 15451 4902 15044
12 15451 4902 15044
12 15451 4902 15044
12 5076 15691 7705
12 15690 15692 12879
12 4902 15047 5076
12 5539 15691 5076
12 15690 15692 12879
12 13041 4476 13040
12 5539 15691 5076
12 7705 15691 482
12 482 6252 8217
12 16365 6252 13046
12 13046 13045 6675
12 6251 13045 13038
12 6252 13039 4475
12 3272 13039 482
12 13041 3272 15691
12 13041 4476 13040
12 13038 13039 6674
12 6251 13045 13038
12 481 6687 15813
12 6251 15815 13045
12 15813 7523 5642
12 1844 6798 15815
12 1844 4320 5874
12 4320 13456 4849
12 7523 5657 5642
12 15814 4103 5657
12 4103 15817 12210
12 12210 4571 13455
12 13456 4103 7962
12 4320 13456 4849
12 16078 4320 4849
12 4008 16078 15146
12 15655 15146 490
12 7962 13455 4987
12 6569 11428 13455
12 15655 15146 490
12 15655 6716 11427
12 6569 11428 13455
12 6569 4109 5892
12 6716 11428 4245
12 11427 6716 4121
12 15654 16578 7716
12 9957 9292 4121
12 4540 9292 9957
12 4574 5002 4540
12 4574 4130 5002
12 8238 4213 4130
12 4296 6680 10208
12 6680 486 4307
12 486 10778 4307
12 8238 4213 4130
12 4213 10779 5943
12 464 10779 1927
12 1927 15969 464
12 15969 11413 464
12 3789 11413 466
12 6940 5947 466
12 15753 6940 8165
12 6940 10295 5947
12 5769 10295 6681
12 498 13044 6271
12 3931 498 6271
12 6681 494 13043
12 5769 6681 495
12 4385 14820 495
12 4385 14820 495
12 14820 15572 14351
12 4101 15572 14830
12 15574 11732 14830
12 7076 12258 15574
12 7041 6037 7076
12 15977 3461 7041
12 15929 15977 6410
12 6918 6410 10782
12 5771 7811 184
12 5771 3415 7811
12 4487 7811 3415
12 11431 4487 3415
12 11431 3415 4263
12 4487 1493 7811
12 502 7811 1493
12 502 1493 11255
12 502 11255 507
12 16622 502 507
12 3474 16622 507
12 3474 507 4367
12 3474 4367 15206
12 3470 15206 4367
12 3470 4367 1561
12 1561 4367 5483
12 1561 5483 11900
12 4367 15309 5483
12 15309 4367 507
12 15309 507 11255
12 11898 15309 11255
12 11898 11255 506
12 506 5528 11898
12 10400 5528 506
12 7375 5528 10400
12 7375 10400 4621
12 4621 15669 7375
12 7375 15669 5528
12 5528 15669 8639
12 15669 16233 8639
12 1563 16233 15669
12 1563 15669 8452
12 1563 8452 5531
12 4212 1563 5531
12 3353 4212 5531
12 3353 16233 4212
12 16233 1563 4212
12 16233 1563 4212
12 5531 8452 15632
12 15632 8452 473
12 15632 473 7125
12 3513 15632 7125
12 7125 473 5535
12 473 8452 505
12 505 8452 4621
12 505 4621 13639
12 505 13639 10723
12 505 10723 14943
12 13639 14530 10723
12 4621 8452 15669
12 4621 8452 15669
12 16233 1563 4212
12 4621 8452 15669
12 7375 15669 5528
12 10221 506 11255
12 10221 11255 1493
12 4487 10221 1493
12 15309 4367 507
12 15309 507 11255
12 10221 11255 1493
12 4487 10221 1493
12 502 7811 1493
12 16622 502 507
12 6918 6410 10782
12 3474 16622 507
12 3474 4367 15206
12 3475 15929 6918
12 3468 3475 6039
12 3470 15206 4367
12 3468 6039 11749
12 11749 3471 6040
12 3486 3471 3410
12 12613 3470 10705
12 4713 756 3410
12 4713 756 3410
12 4713 756 3410
12 3486 3471 3410
12 3486 3471 3410
12 11749 3471 6040
12 5015 15581 6040
12 7670 3486 15189
12 3487 9516 5015
12 3487 9516 5015
12 6471 3476 9516
12 3490 11286 3488
12 15480 6471 11286
12 6471 3476 9516
12 5396 15480 3478
12 15201 14850 11210
12 10474 6653 15201
12 1090 4105 5857
12 10474 13597 3458
12 5857 4105 13394
12 13597 4608 12782
12 4608 8802 3483
12 4105 8348 13394
12 4608 8802 3483
12 15801 8338 3483
12 15801 8338 3483
12 10801 4215 14913
12 10800 767 4215
12 10800 14912 767
12 3465 14912 10800
12 3447 14912 3465
12 8338 4993 3483
12 10800 14912 767
12 12782 4608 4993
12 3447 14912 3465
12 13597 12782 11256
12 12063 11256 16218
12 1699 16218 11740
12 3447 14912 3465
12 4998 11740 13784
12 3465 14912 10800
12 10800 767 4215
12 10801 4215 14913
12 14360 10801 8909
12 5393 14360 15477
12 5393 14360 15477
12 10800 5393 13784
12 4998 11740 13784
12 5393 9022 4669
12 6223 4408 5185
12 15477 3466 9022
12 12488 15204 4408
12 15532 3466 8909
12 12488 16681 3467
12 5425 15532 8909
12 16681 7366 16679
12 15839 3485 14702
12 15839 9779 3485
12 5425 15531 7366
12 5425 8909 3484
12 15839 3485 14702
12 15839 9779 3485
12 15839 9779 3485
12 15531 3485 15462
12 16680 3460 5214
12 3460 11054 5214
12 4700 3460 16680
12 15531 15462 7366
12 3460 11054 5214
12 16681 7366 16679
12 16681 16679 3467
12 12488 3467 15204
12 4408 15204 5185
12 6223 5185 10307
12 3455 10307 11160
12 10706 3456 8758
12 7417 10706 8758
12 7417 8758 4817
12 3445 7417 4817
12 3445 4817 2185
12 2185 11069 3445
12 9593 3445 11069
12 9593 11069 6102
12 3495 9593 6102
12 3495 6102 3432
12 3495 3432 15315
12 5534 15315 3432
12 13114 5534 3432
12 13114 3432 3431
12 3431 3432 11069
12 11069 902 3431
12 11069 2185 902
12 2185 3444 902
12 2185 4817 3444
12 11094 3444 4817
12 11094 4817 8758
12 11094 8758 15510
12 3435 11094 15510
12 15510 11716 3435
12 15510 8758 3456
12 6102 11069 3432
12 5534 6466 15315
12 6102 11069 3432
12 5679 9593 3495
12 5679 3495 13303
12 3495 3429 13303
12 3429 15060 13303
12 9593 5679 13297
12 3445 9593 13297
12 3445 13297 12164
12 10706 3445 12164
12 3445 10706 7417
12 13297 14964 12164
12 12164 14964 5012
12 13297 3442 14964
12 13297 5679 3442
12 13297 5679 3442
12 6102 11069 3432
12 3445 9593 13297
12 11069 2185 902
12 2185 4817 3444
12 3445 10706 7417
12 11094 4817 8758
12 3445 10706 7417
12 15510 8758 3456
12 10706 3445 12164
12 12164 14964 5012
12 3456 5381 11160
12 3455 10307 11160
12 13785 6223 3455
12 4669 13785 14176
12 14176 4998 4669
12 4998 3448 11740
12 11260 14176 16638
12 3455 14962 16638
12 5381 5012 14962
12 7437 3434 6065
12 12164 14964 5012
12 13297 3442 14964
12 7437 6065 4807
12 11381 5452 15528
12 7437 6065 4807
12 11696 3434 7437
12 11381 3454 5452
12 11260 11696 16583
12 3448 11260 16583
12 3448 3433 16164
12 15011 3454 11381
12 11259 16164 3433
12 4251 3446 11259
12 3446 4251 9980
12 4686 9980 4857
12 4686 4857 5830
12 3433 15011 16013
12 5830 3438 12968
12 15011 3454 11381
12 3439 11381 15528
12 3440 12968 3438
12 3440 12968 3438
12 1284 12968 15972
12 660 3425 15972
12 3426 2855 660
12 14254 3426 4601
12 3427 4601 9050
12 11023 3440 3439
12 5589 3439 15528
12 4333 7519 5589
12 3427 4601 9050
12 14254 3427 4794
12 4794 11713 4259
12 3427 15060 5388
12 3429 15060 13303
12 5964 12649 11713
12 5964 3494 13893
12 3495 3429 13303
12 3495 3432 15315
12 5534 6466 15315
12 5964 3494 13893
12 3286 13893 16411
12 14103 1288 7472
12 5599 11903 16411
12 4493 11903 5599
12 4493 4303 12069
12 4493 4303 12069
12 3421 12069 14442
12 14442 8218 3421
12 4128 4965 8218
12 8217 14837 4128
12 6685 482 8217
12 483 15044 6685
12 8220 936 483
12 4128 4840 12064
12 12069 10879 4840
12 4303 14444 10879
12 8220 6700 936
12 4303 12068 14444
12 484 15159 12532
12 15159 15122 12532
12 12532 15122 4362
12 4362 15122 15162
12 4362 15162 12533
12 12533 15162 4451
12 12533 4451 450
12 450 13012 12533
12 13012 450 8922
12 450 4451 12163
12 4451 5132 12163
12 12163 5132 4665
12 12163 4665 13763
12 5132 13762 4665
12 5132 15119 13762
12 15119 452 13762
12 15161 452 15119
12 452 15161 662
12 452 662 16541
12 452 16541 6886
12 6886 16541 13505
12 13505 12698 6886
12 451 6886 12698
12 13505 444 12698
12 444 15593 12698
12 6996 15593 444
12 6996 444 11163
12 444 5499 11163
12 11163 5499 1915
12 5499 444 13505
12 5499 13505 453
12 9749 5499 453
12 9749 453 5558
12 5558 6358 9749
12 485 6358 5558
12 5558 453 485
12 485 453 16541
12 662 485 16541
12 662 14242 485
12 15124 485 14242
12 5141 15124 14242
12 5159 5141 14242
12 15132 5141 5159
12 15159 15132 5159
12 484 15132 15159
12 16422 15132 484
12 7244 15132 16422
12 16422 14036 7244
12 7244 5141 15132
12 4114 5141 7244
12 4114 15124 5141
12 5917 15124 4114
12 5917 6358 15124
12 6358 485 15124
12 7245 6358 5917
12 4310 6358 7245
12 7244 5141 15132
12 4114 15124 5141
12 6358 485 15124
12 15161 14242 662
12 16541 453 13505
12 6358 485 15124
12 5558 453 485
12 11374 5499 9749
12 16541 453 13505
12 5499 444 13505
12 16541 453 13505
12 662 485 16541
12 15161 14242 662
12 6487 15119 5132
12 15162 6487 5132
12 15162 5132 4451
12 15162 5132 4451
12 15162 5132 4451
12 484 15132 15159
12 936 6700 10402
12 12532 15122 4362
12 10402 5375 15451
12 4362 15162 12533
12 450 13012 12533
12 5375 4902 15451
12 4902 14680 15047
12 13012 450 8922
12 15047 14680 449
12 12879 15047 449
12 15690 15692 12879
12 5440 4476 15690
12 13070 5440 12880
12 477 13070 12880
12 12880 8360 477
12 4438 4727 8342
12 12880 8360 477
12 447 8342 12750
12 12920 5079 15054
12 5079 15053 15054
12 5079 6268 15053
12 15053 6268 12524
12 6268 8216 12524
12 6268 4936 8216
12 8216 4936 9833
12 4936 474 9833
12 9833 474 10533
12 4936 15049 474
12 5495 474 15049
12 12920 5495 15049
12 12920 15049 5079
12 15049 6268 5079
12 6268 15049 4936
12 6268 15049 4936
12 6268 15049 4936
12 15049 6268 5079
12 12920 15049 5079
12 12880 8360 477
12 1702 15055 477
12 5079 15053 15054
12 1702 16143 15055
12 15053 6268 12524
12 5927 16143 10459
12 5086 4179 10459
12 7339 10460 5086
12 4361 10460 7339
12 6268 8216 12524
12 8216 4936 9833
12 9833 474 10533
12 14835 4964 14320
12 4361 8216 4964
12 4361 10460 7339
12 8432 12520 475
12 12523 10460 4134
12 12131 7356 4134
12 16676 8432 475
12 5819 16676 9289
12 12131 7356 4134
12 455 5819 13512
12 12131 7356 4134
12 12523 10460 4134
12 12523 10457 4179
12 10457 480 15816
12 12132 6679 480
12 4134 4308 8433
12 12132 6679 480
12 10702 479 2403
12 6679 6570 13688
12 10702 479 2403
12 479 6678 13051
12 6570 2403 2659
12 6570 4109 13688
12 6569 4109 5892
12 16578 4245 5892
12 15654 16578 7716
12 7716 6454 4540
12 487 10208 6454
12 2374 16578 9569
12 9569 6570 6250
12 487 13071 4296
12 2659 13051 6250
12 4479 13042 13071
12 13037 6249 4479
12 479 6678 13051
12 6678 15112 478
12 12199 6249 13037
12 2367 478 16031
12 12199 6249 13037
12 6249 486 13042
12 486 10778 4307
12 4213 10778 5634
12 5913 4213 5634
12 2363 1927 5913
12 15969 2363 11095
12 15969 11095 16010
12 11413 16010 11999
12 8165 6940 11999
12 2370 8165 16425
12 2370 8165 16425
12 2371 14906 6311
12 2371 6311 14856
12 14856 6311 10322
12 14856 10322 2372
12 2370 16032 15753
12 16032 494 15753
12 12200 13043 494
12 2371 6311 14856
12 12200 6271 13043
12 14856 10322 2372
12 3931 498 6271
12 3931 498 6271
12 498 12201 14445
12 4841 14445 12201
12 4841 14445 12201
12 4841 7919 7317
12 4841 14445 12201
12 498 12201 14445
12 498 13044 6271
12 13073 6682 499
12 13043 13044 4486
12 13072 13043 4486
12 4385 13072 6272
12 499 15575 13073
12 6272 5455 14820
12 7077 15572 5455
12 4962 14830 7077
12 16645 7076 4962
12 501 7076 16645
12 7041 501 503
12 184 6410 503
12 5771 7811 184
12 5771 3415 7811
12 11431 3415 4263
12 16645 15571 11429
12 15571 7077 14831
12 11431 3415 4263
12 14831 5455 15575
12 499 15575 13073
12 499 6682 2229
12 2229 6682 14448
12 14448 14445 1369
12 1369 4841 7661
12 4841 12066 7661
12 14446 2229 4129
12 499 14446 11431
12 11431 4487 3415
12 761 14446 4842
12 4487 10221 1493
12 4129 14449 4842
12 4129 12066 14449
12 7317 504 12066
12 7375 10400 4621
12 505 4621 13639
12 6683 504 7768
12 13639 14530 10723
12 7492 504 7317
12 7919 7492 7317
12 688 689 7919
12 13639 14530 10723
12 505 10723 14943
12 505 10723 14943
12 473 8452 505
12 7125 473 5535
12 15688 14943 691
12 7125 473 5535
12 3513 15632 7125
12 3513 15632 7125
12 5531 8452 15632
12 3353 4212 5531
12 3353 16233 4212
12 15669 16233 8639
12 5528 15669 8639
12 506 5528 11898
12 11898 15309 11255
12 4367 15309 5483
12 1561 5483 11900
12 4276 8639 5411
12 1561 5483 11900
12 3470 4367 1561
12 12613 3470 10705
12 7087 10705 15568
12 11900 15509 16647
12 11900 5411 15509
12 5411 16233 6055
12 6055 3353 3509
12 3417 15509 16232
12 16647 3417 15568
12 7087 10705 15568
12 7087 3518 756
12 3414 756 3518
12 3414 1686 3486
12 3521 3522 3418
12 1686 15189 3486
12 8615 3487 15189
12 3521 3522 3418
12 3487 8615 2138
12 3488 11286 2138
12 8615 3511 5969
12 3512 13261 9683
12 5956 5969 3413
12 3488 5969 5956
12 15302 3490 3488
12 3489 4766 13261
12 3489 4766 13261
12 3512 13261 9683
12 3510 15539 10652
12 3489 13998 11112
12 3510 15539 10652
12 14896 9417 3491
12 6967 3472 9417
12 6538 5942 4990
12 6967 3472 9417
12 6967 3472 9417
12 3491 9417 5752
12 3491 9417 5752
12 11112 15539 3491
12 3489 11112 13392
12 13392 15302 3489
12 15302 3490 3488
12 15480 3490 718
12 15480 718 3478
12 3478 4105 1090
12 13599 8348 4105
12 15302 5858 4374
12 13392 4552 5858
12 13599 8348 4105
12 8348 3358 3483
12 3481 4882 3358
12 8348 5327 7340
12 4552 5327 13599
12 4552 13392 14573
12 14573 5752 2995
12 3481 4882 3358
12 5807 15801 4882
12 5752 10630 2995
12 10630 3472 9007
12 5807 5622 15801
12 3472 11878 9007
12 6863 6164 13222
12 6164 4522 13222
12 5775 3814 4522
12 3472 5942 11878
12 6538 5942 4990
12 4696 5060 5775
12 4696 16542 13918
12 7494 3520 6538
12 4696 16542 13918
12 954 3492 13918
12 6060 6433 954
12 14163 9315 6060
12 14163 9315 6060
12 9315 4970 6060
12 4970 3492 6433
12 5060 3492 3814
12 3814 9894 4522
12 15839 9894 5252
12 15281 4970 7856
12 5252 15000 9779
12 15000 3473 9779
12 9315 6847 7856
12 3473 11750 3507
12 9315 3508 6847
12 3473 11750 3507
12 10228 3473 3507
12 10228 16680 9779
12 4700 3460 16680
12 4700 3460 16680
12 3460 11054 5214
12 3467 11054 15483
12 15748 15416 15483
12 11755 15169 3506
12 15748 15416 15483
12 15204 15416 5055
12 10307 5055 5082
12 11160 5082 3456
12 15510 8758 3456
12 15510 11716 3435
12 3449 5055 5575
12 3450 5575 15748
12 3450 3506 11665
12 15510 11716 3435
12 3435 11094 15510
12 11094 3444 4817
12 2185 3444 902
12 11069 902 3431
12 13114 3432 3431
12 15681 3430 3424
12 13114 5534 3432
12 11582 15681 14048
12 5534 6466 15315
12 7472 6466 5021
12 14048 3422 11582
12 5021 14103 7472
12 3341 5926 14103
12 11478 5926 3341
12 5926 11478 6359
12 3422 14048 9875
12 11478 5926 3341
12 9875 15382 3497
12 3497 4337 5150
12 5926 11478 6359
12 3497 4337 5150
12 6253 3496 6059
12 11282 3496 6253
12 5926 11478 6359
12 3341 5926 14103
12 14103 1288 7472
12 16411 1288 3870
12 4751 15599 14104
12 5599 3870 16410
12 13105 5599 16410
12 13105 12068 4303
12 12068 484 6700
12 16422 15132 484
12 16422 14036 7244
12 16410 14104 3419
12 4751 15599 14104
12 5926 3420 15599
12 16422 14036 7244
12 4114 5141 7244
12 6359 16239 3420
12 5917 15124 4114
12 6359 6059 16239
12 7245 6358 5917
12 6253 3496 6059
12 4310 6358 7245
12 4310 6358 7245
12 5558 6358 9749
12 11374 5499 9749
12 11666 1377 9772
12 11374 5499 9749
12 11163 5499 1915
12 11163 5499 1915
12 1376 15216 14427
12 6996 444 11163
12 14427 3 10869
12 10869 3 15007
12 6996 15593 444
12 3594 11549 6911
12 444 15593 12698
12 451 6886 12698
12 3594 11549 6911
12 5826 15618 6315
12 5826 15618 6315
12 15618 5826 451
12 451 6886 12698
12 452 16541 6886
12 15119 452 13762
12 451 13716 13376
12 5132 13762 4665
12 5826 5372 13716
12 12163 4665 13763
12 5372 15026 15446
12 448 14332 15615
12 5372 15026 15446
12 10885 15026 6315
12 14332 15026 3592
12 448 14332 15615
12 448 14332 15615
12 9864 5415 13202
12 15446 448 13763
12 12163 4665 13763
12 450 4451 12163
12 13012 450 8922
12 448 13202 13403
12 4878 449 8922
12 9864 5415 13202
12 14582 449 4878
12 4885 14572 5415
12 443 14572 15570
12 4727 12879 14582
12 8342 4727 12750
12 15453 12750 10050
12 443 14572 15570
12 15570 15649 3590
12 15453 12750 10050
12 15453 447 12750
12 8360 447 12920
12 12920 5495 15049
12 15453 11944 9682
12 4424 5495 9682
12 5495 474 15049
12 9833 474 10533
12 14320 4964 10533
12 14835 14320 13192
12 13192 475 14835
12 475 9289 16676
12 13970 445 9289
12 3595 9827 12775
12 445 13970 10021
12 445 10021 11240
12 13512 11240 6470
12 13466 454 6470
12 13466 446 12667
12 16527 11240 15784
12 15784 2975 15191
12 446 7736 12667
12 2975 8060 15191
12 7736 2 14811
