0 142 117 170
0 117 142 67
0 123 133 191
0 97 114 66
0 52 38 85
0 217 181 220
0 141 87 114
0 184 141 114
0 194 221 233
0 1888 9956 8042
0 147 80 141
0 1665 1702 1703
0 45 56 99
0 56 26 43
0 190 220 178
0 45 26 56
0 220 142 170
0 99 56 86
0 76 36 981
0 117 67 52
0 38 26 45
0 9832 9836 9837
0 164 178 210
0 210 170 157
0 85 117 52
0 117 157 170
0 133 68 81
0 147 141 190
0 217 220 190
0 354 357 2442
0 190 184 217
0 9800 7360 3495
0 83 6588 4694
0 2793 1238 3495
0 9941 1075 1697
0 241 9970 327
0 59 68 34
0 2640 194 1468
0 1421 1748 8738
0 7570 3439 3441
0 9970 230 306
0 3600 327 9970
0 230 156 3669
0 9834 5150 7994
0 9801 8670 9838
0 9836 9832 8659
0 50 66 981
0 3669 156 194
0 156 1468 194
0 9835 9373 1880
0 114 167 184
0 3602 5775 4754
0 181 217 212
0 212 217 184
0 210 178 220
0 8652 1238 1699
0 9831 1702 9766
0 173 5513 2719
0 80 43 87
0 3441 2427 7184
0 3441 1748 7570
0 133 81 165
0 7772 2440 2877
0 6625 5986 5058
0 9800 3494 7274
0 2447 9950 9956
0 7994 6244 3500
0 248 9770 306
0 981 43 26
0 26 38 52
0 9959 5269 8770
0 8770 8482 9959
0 1236 9302 4069
0 8564 4069 9302
0 8406 2988 8564
0 5906 2717 3440
0 3441 83 5471
0 3494 1237 9256
0 1705 8406 2439
0 2427 192 7184
0 7567 9960 3731
0 5269 3764 8770
0 165 197 241
0 50 1800 97
0 7030 3278 9771
0 50 981 36
0 210 220 170
0 6191 3731 4637
0 2838 6870 64
0 1800 50 36
0 3503 9833 9831
0 3602 9766 1702
0 9772 8817 9769
0 1705 1699 4405
0 1238 4405 1699
0 97 167 114
0 2438 1665 7862
0 7667 2877 9767
0 3140 3879 110
0 2986 2438 1934
0 2986 4754 2438
0 3439 6870 6838
0 1802 1801 7009
0 9960 8080 2678
0 2862 8020 3603
0 3441 5471 2427
0 3603 5715 4940
0 3439 8452 6870
0 981 67 76
0 2454 9960 4102
0 4637 2678 7994
0 8054 919 925
0 2456 5715 7516
0 8054 2862 9407
0 1800 6790 97
0 4491 1941 7759
0 8006 2862 8054
0 2862 8006 8594
0 3259 6439 2719
0 194 2640 221
0 4839 3259 6337
0 9951 8846 9838
0 9768 9835 1693
0 8846 9951 9839
0 9602 9800 8600
0 2678 8080 6244
0 9837 3500 1888
0 9771 5363 5058
0 1243 7318 4475
0 6530 4694 5293
0 4494 36 4694
0 6790 4494 7946
0 4794 5663 8342
0 9300 6124 2436
0 6124 9300 2849
0 908 8670 9801
0 5906 3440 5293
0 9771 8642 7030
0 3602 4754 2437
0 2986 2437 4754
0 6580 2877 2440
0 2435 5058 5363
0 7395 9117 110
0 3278 5150 9771
0 9771 5150 9767
0 4925 2456 9840
0 3669 194 233
0 4694 1788 4494
0 9766 3602 8265
0 9117 2719 6439
0 156 103 1468
0 4102 9960 7567
0 4637 3278 6191
0 5150 3278 4637
0 2454 2440 6799
0 6799 1879 2454
0 2453 9956 7397
0 76 5906 5293
0 76 5293 36
0 6838 3441 3439
0 80 87 141
0 9771 9767 5363
0 6580 5363 2877
0 6625 5058 2435
0 2227 4783 2946
0 67 26 52
0 5663 4839 8342
0 5471 6530 3440
0 5471 3440 2427
0 68 133 123
0 1421 5513 1748
0 128 86 147
0 99 86 128
0 9271 5663 60
0 9271 4839 5663
0 4491 2838 64
0 2440 6284 2453
0 2456 7516 9840
0 9801 917 913
0 2456 1897 5715
0 2717 6466 3440
0 2437 2447 2453
0 5775 1665 2438
0 5902 3259 2719
0 147 178 128
0 7629 2946 2717
0 4102 2435 2454
0 6530 5293 3440
0 4794 8551 5663
0 34 60 5663
0 5902 1421 89
0 5775 1702 1665
0 181 5906 124
0 5979 9062 2439
0 157 117 85
0 6790 2946 8768
0 241 197 230
0 230 9970 241
0 5513 5902 2719
0 1705 4405 9539
0 2946 4783 2427
0 5715 3603 8020
0 6124 8642 2436
0 9202 8642 5058
0 8652 3495 1238
0 2717 2946 6466
0 6466 2427 3440
0 926 917 8827
0 56 43 80
0 6244 1879 1888
0 80 147 86
0 1667 2437 6284
0 357 318 327
0 4494 6790 1800
0 164 99 128
0 5293 4694 36
0 6284 2437 2453
0 8452 1802 6870
0 2454 8080 9960
0 3764 6191 1243
0 145 60 123
0 5979 8564 3267
0 3600 306 9770
0 2447 2437 2986
0 6466 2946 2427
0 246 224 318
0 241 318 224
0 2849 7030 6124
0 8042 3502 9837
0 9271 5815 4839
0 197 103 156
0 9302 6602 3267
0 6602 9514 2793
0 2640 9117 6439
0 2640 6439 9275
0 83 2838 6588
0 6870 2838 6838
0 3601 1706 1659
0 181 142 220
0 6790 167 97
0 164 128 178
0 912 919 8616
0 6799 2440 2453
0 2453 1879 6799
0 191 133 224
0 56 80 86
0 7463 2640 1468
0 83 3441 6838
0 6870 1802 64
0 2442 3267 8600
0 233 221 229
0 233 229 250
0 321 250 2854
0 9772 5715 1897
0 3764 3731 6191
0 306 230 248
0 248 230 3669
0 123 60 68
0 8600 9800 354
0 1802 7009 64
0 9772 1897 8804
0 248 250 321
0 248 233 250
0 7030 2849 1243
0 89 7009 1801
0 4940 5715 9772
0 227 9499 123
0 190 178 147
0 4794 3140 5494
0 5494 110 2040
0 165 81 103
0 248 321 9770
0 103 59 1468
0 3441 7184 1748
0 7184 192 1748
0 5513 7570 1748
0 1659 3600 3601
0 7318 2849 9539
0 7463 110 2640
0 167 212 184
0 8452 3439 3879
0 2227 6532 192
0 7759 6532 2227
0 7946 2946 6790
0 2453 7397 1879
0 7397 1888 1879
0 156 230 197
0 110 7463 2040
0 302 224 246
0 7516 5715 8020
0 357 327 3600
0 7463 1468 2040
0 8482 5986 6625
0 2988 2436 5986
0 64 1941 4491
0 4494 1800 36
0 1236 4069 8770
0 7567 5269 9959
0 184 190 141
0 981 26 67
0 6337 89 1801
0 2227 192 4783
0 4783 192 2427
0 7395 3879 173
0 173 2719 7395
0 8702 2439 1706
0 1699 8702 1706
0 7570 173 3439
0 3439 173 3879
0 114 87 66
0 66 50 97
0 5986 9202 5058
0 1667 2440 7772
0 7772 1708 1667
0 9802 4925 9840
0 9840 9296 9802
0 2992 7862 1897
0 191 227 123
0 1699 1705 8702
0 908 907 8670
0 9767 2877 5363
0 8768 2946 7629
0 167 7629 212
0 2227 2946 7946
0 7629 2717 212
0 83 4694 6530
0 8616 8054 9768
0 9834 7994 3500
0 925 8006 8054
0 8006 925 8594
0 4940 9769 3603
0 4102 7567 9959
0 1953 8020 2862
0 8042 9956 1884
0 1884 3502 8042
0 7318 1238 4475
0 7395 110 3879
0 302 2854 227
0 64 6112 1941
0 9772 9769 4940
0 2454 1879 8080
0 9951 1880 9296
0 6838 2838 83
0 1801 8154 4794
0 1802 3140 8154
0 6580 2454 2435
0 7667 1708 7772
0 7274 3494 2854
0 1705 2439 8702
0 9840 9951 9296
0 9951 9840 9290
0 165 241 224
0 8564 9302 3267
0 6588 2838 4491
0 1802 8154 1801
0 241 327 318
0 8265 8659 9766
0 1667 1708 8265
0 354 246 318
0 2854 3494 321
0 4794 8342 1801
0 1244 9804 1075
0 1884 9950 8350
0 3140 110 5494
0 6244 1888 3500
0 124 76 67
0 4491 7759 1788
0 2227 1788 7759
0 2436 2988 8406
0 1705 2436 8406
0 919 8054 8616
0 8342 4839 6337
0 3140 1802 8452
0 124 142 181
0 5471 83 6530
0 3259 5815 6439
0 5815 3259 4839
0 321 1698 9770
0 1237 1698 9256
0 907 912 8697
0 8616 9768 8697
0 8770 4069 8482
0 2988 8482 4069
0 9772 8804 2842
0 165 103 197
0 912 8616 8697
0 8551 34 5663
0 34 8551 2040
0 2988 4069 8564
0 8054 9407 9768
0 8594 925 926
0 7009 89 6112
0 8642 6124 7030
0 1237 8652 1699
0 1237 3495 8652
0 2442 8600 354
0 8265 1708 8659
0 1243 2849 7318
0 9801 9839 8827
0 9801 8827 917
0 8827 8594 926
0 2992 2456 4925
0 9271 145 162
0 8738 1748 192
0 8738 192 6532
0 1953 8594 9839
0 2227 7946 1788
0 89 1421 6112
0 6790 8768 167
0 167 8768 7629
0 8770 3764 8878
0 64 7009 6112
0 8804 1897 1665
0 8804 1665 2842
0 9772 2842 8817
0 1697 8817 2842
0 8827 9839 8594
0 7360 2793 3495
0 7360 6602 2793
0 8342 6337 1801
0 8846 9801 9838
0 9801 8846 9839
0 4475 8878 3764
0 1667 8265 8869
0 1667 8869 2437
0 9117 7395 2719
0 8770 8878 1236
0 4475 1236 8878
0 907 8697 8670
0 191 302 227
0 302 191 224
0 5513 173 7570
0 354 7274 246
0 7318 9539 1238
0 1468 59 2040
0 913 908 9801
0 34 2040 59
0 5775 2438 4754
0 3731 2678 4637
0 3731 9960 2678
0 5815 9275 6439
0 354 318 357
0 133 165 224
0 221 9499 229
0 3500 9128 9834
0 9128 9836 9350
0 7862 1665 1897
0 67 142 124
0 9117 2640 110
0 5906 212 2717
0 3140 8452 3879
0 4794 5494 8551
0 162 145 9499
0 9499 145 123
0 7274 302 246
0 8738 6532 1941
0 2988 5986 8482
0 9514 6602 9302
0 2793 1236 4475
0 9832 3497 9831
0 3502 3497 9832
0 2436 8642 9202
0 5986 2436 9202
0 2854 302 7274
0 5513 1421 5902
0 7946 4494 1788
0 1788 6588 4491
0 9959 2435 4102
0 9959 6625 2435
0 6580 2440 2454
0 3494 9256 321
0 9256 1698 321
0 227 229 9499
0 2435 5363 6580
0 9275 162 221
0 2640 9275 221
0 181 212 5906
0 7994 5150 4637
0 1953 2862 8594
0 1934 2438 7862
0 9951 9290 9839
0 1953 9839 9290
0 7516 8020 1953
0 1705 9300 2436
0 9300 9539 2849
0 1897 2456 2992
0 227 2854 229
0 5815 162 9275
0 9957 2992 4925
0 9128 9350 9834
0 9834 9350 7667
0 8519 9768 3603
0 9769 8519 3603
0 8519 9835 9768
0 145 9271 60
0 1075 9802 9373
0 1697 1075 9373
0 3764 1243 4475
0 248 3669 233
0 1237 3494 3495
0 3494 9800 3495
0 9767 9834 7667
0 2439 9062 1706
0 9062 1659 1706
0 9407 2862 3603
0 9407 3603 9768
0 1880 9591 9835
0 1693 9835 9591
0 9835 9621 9373
0 9271 162 5815
0 2678 6244 7994
0 1941 6532 7759
0 4475 1238 2793
0 76 124 5906
0 7667 9350 1708
0 9835 8519 9769
0 7567 3764 5269
0 3764 7567 3731
0 5979 2442 1659
0 5979 1659 9062
0 221 162 9499
0 9514 1236 2793
0 1236 9514 9302
0 6337 3259 89
0 3259 5902 89
0 6602 8600 3267
0 6112 1421 8738
0 6112 8738 1941
0 9300 1705 9539
0 9836 8659 1708
0 6191 7030 1243
0 6191 3278 7030
0 8080 1879 6244
0 9951 9838 9591
0 8551 5494 2040
0 5979 2439 8564
0 2442 5979 3267
0 1244 1075 9941
0 2854 250 229
0 8406 8564 2439
0 9951 9591 1880
0 1888 8042 9837
0 6602 9602 8600
0 9602 6602 7360
0 4925 9802 9804
0 1075 9804 9802
0 1953 9290 7516
0 9621 1697 9373
0 9769 1697 9621
0 9373 9802 1880
0 9296 1880 9802
0 43 66 87
0 66 43 981
0 4694 6588 1788
0 8154 3140 4794
0 59 103 81
0 68 60 34
0 59 81 68
0 1693 9838 8697
0 8697 9838 8670
0 1693 9591 9838
0 3502 9832 9837
0 3500 9837 9128
0 1238 9539 4405
0 1244 9941 9833
0 1237 1699 1698
0 2842 9941 1697
0 8697 9768 1693
0 9941 2842 9833
0 9833 3503 1244
0 9831 3497 3503
0 1698 3601 9770
0 9950 2447 2986
0 3497 8350 9803
0 2447 9956 2453
0 9371 9957 9803
0 1934 9957 9371
0 9803 9804 1244
0 3503 3497 9803
0 9803 1244 3503
0 3497 1884 8350
0 1884 3497 3502
0 7516 9290 9840
0 1934 2992 9957
0 357 3600 1659
0 9804 9803 9957
0 9800 9602 7360
0 1934 7862 2992
0 1659 2442 357
0 9956 1888 7397
0 9957 4925 9804
0 8350 9950 9803
0 9950 1884 9956
0 9371 9803 9950
0 354 9800 7274
0 9371 9950 2986
0 2986 1934 9371
0 9959 8482 6625
0 8869 8265 3602
0 3602 1702 5775
0 2877 7667 7772
0 5150 9834 9767
0 1665 1703 2842
0 3601 1698 1706
0 3600 9770 3601
0 1697 9769 8817
0 306 3600 9970
0 9766 8659 9832
0 9837 9836 9128
0 9350 9836 1708
0 1667 6284 2440
0 8869 3602 2437
0 8642 9771 5058
0 9766 9832 9831
0 1706 1698 1699
0 9831 9833 1703
0 1703 9833 2842
0 9831 1703 1702
0 9769 9621 9835
1 747 737 745
1 750 767 778
1 816 813 805
1 772 770 752
1 9532 8029 3202
1 829 795 813
1 751 745 738
1 747 745 2547
1 745 737 727
1 719 718 725
1 724 738 727
1 719 725 726
1 760 779 759
1 726 740 742
1 720 727 719
1 719 727 737
1 720 724 727
1 9697 720 726
1 9697 726 732
1 3665 9523 2303
1 778 751 750
1 813 816 829
1 795 3077 813
1 797 1917 7816
1 3077 805 813
1 9696 7305 1676
1 739 9697 732
1 9523 767 2303
1 783 761 749
1 780 759 779
1 2302 767 750
1 3375 746 6942
1 826 796 820
1 746 752 756
1 3223 772 752
1 1475 3611 9376
1 3223 752 746
1 1475 9376 2546
1 3611 5703 2519
1 770 756 752
1 8381 1719 1472
1 724 720 9697
1 760 759 740
1 3375 8958 1019
1 2235 9241 3037
1 8150 5703 3037
1 805 9039 794
1 739 1674 730
1 795 829 820
1 796 795 820
1 820 829 848
1 2547 783 780
1 6242 3224 1917
1 863 4645 854
1 796 770 772
1 893 887 8841
1 8589 7738 9406
1 9314 4485 8910
1 900 5694 899
1 7738 899 5694
1 900 8877 5694
1 728 9697 9528
1 9147 7688 9039
1 736 738 724
1 1720 2235 1675
1 5703 8150 2519
1 759 742 740
1 759 749 742
1 780 783 749
1 9528 9697 739
1 8958 5905 1019
1 8100 1471 1676
1 736 9060 728
1 9060 9697 728
1 719 726 720
1 8589 882 888
1 3077 1917 7572
1 7738 894 899
1 888 894 8589
1 796 772 795
1 747 757 729
1 795 772 3223
1 1917 3224 7816
1 3223 7291 6242
1 3223 6242 1917
1 8589 8940 882
1 6405 7572 797
1 2871 4485 8841
1 6405 9453 9581
1 7816 3224 1472
1 2302 750 736
1 5589 6154 8158
1 8158 9672 5589
1 736 750 738
1 738 750 751
1 6556 2304 797
1 780 749 759
1 1719 1471 8100
1 1676 1675 6788
1 8958 3375 755
1 9582 773 757
1 719 737 729
1 719 729 718
1 6242 1019 3224
1 726 725 740
1 1721 8100 6788
1 790 803 784
1 736 728 2302
1 744 755 7223
1 3223 746 7291
1 7291 746 3375
1 756 758 746
1 1675 7305 1674
1 784 758 756
1 848 851 820
1 3611 735 7432
1 7223 1493 7432
1 1472 5905 735
1 8589 894 7738
1 6556 797 1719
1 7688 9581 7223
1 1720 1675 7624
1 7624 1675 1674
1 6405 9581 7688
1 8029 848 846
1 730 2863 739
1 5703 9297 8988
1 6942 746 758
1 826 770 796
1 826 790 770
1 784 756 790
1 770 790 756
1 851 826 820
1 6405 9147 7572
1 2235 6788 1675
1 8940 881 882
1 779 760 777
1 8029 2509 3202
1 7816 1472 1719
1 2783 8743 8776
1 9143 2871 4645
1 4645 2871 2783
1 8988 2304 6556
1 8776 2509 2783
1 732 749 739
1 749 761 739
1 3665 2303 1720
1 1720 7624 3665
1 9453 6405 797
1 3077 795 1917
1 795 3223 1917
1 1676 6788 8100
1 2871 8743 2783
1 2303 767 2302
1 758 787 794
1 9494 3375 6942
1 9494 6942 9039
1 1721 6556 1719
1 833 803 821
1 8776 881 8940
1 854 827 823
1 787 823 794
1 758 784 787
1 818 823 787
1 851 848 8029
1 745 751 2547
1 794 6942 758
1 6942 794 9039
1 1675 1676 7305
1 2960 8910 866
1 3665 7624 1674
1 747 729 737
1 2509 8940 8589
1 859 826 851
1 794 816 805
1 787 784 818
1 2783 8029 4645
1 1472 3224 5905
1 1019 7291 3375
1 8988 1721 3037
1 779 9582 2547
1 779 2547 780
1 8743 887 881
1 2871 8841 8743
1 8776 8743 881
1 8940 2509 8776
1 8799 2863 6154
1 784 803 818
1 8841 887 8743
1 893 8841 8877
1 5694 8877 6181
1 8877 8841 4485
1 9297 5703 3611
1 850 866 833
1 728 2863 8799
1 745 727 738
1 2302 5002 2303
1 2546 1676 1471
1 7738 5694 6181
1 749 732 742
1 3224 1019 5905
1 744 8958 755
1 863 9572 839
1 779 773 9582
1 779 777 773
1 859 2960 850
1 6154 6029 8158
1 3665 761 783
1 5002 9672 9055
1 2301 1720 9055
1 7688 7223 755
1 736 724 9060
1 724 9697 9060
1 833 839 803
1 728 9528 2863
1 797 7816 1719
1 730 6029 2863
1 1676 2546 9696
1 863 9143 4645
1 2546 731 9696
1 9147 805 7572
1 893 8877 900
1 7291 1019 6242
1 803 839 818
1 8381 1475 1471
1 735 3611 1475
1 2960 866 850
1 7572 1917 797
1 803 790 821
1 790 826 821
1 9696 731 6029
1 1674 739 761
1 3665 1674 761
1 2235 2301 9241
1 3037 9241 8150
1 1471 1719 8381
1 5002 9055 2303
1 850 833 821
1 805 9147 9039
1 781 9297 1493
1 9297 781 8988
1 2960 865 9314
1 2960 9314 8910
1 829 846 848
1 866 863 839
1 731 9376 2519
1 7223 781 1493
1 3611 7432 1493
1 2301 8150 9241
1 2783 2509 8029
1 9039 7688 755
1 6181 9406 7738
1 726 742 732
1 778 783 2547
1 751 778 2547
1 731 2546 9376
1 827 846 829
1 794 823 827
1 816 794 827
1 833 866 839
1 1721 1719 8100
1 1471 1475 2546
1 9453 2304 781
1 2304 9453 797
1 4645 8029 854
1 854 8029 846
1 9581 9453 781
1 3611 2519 9376
1 821 826 859
1 821 859 850
1 1721 6788 2235
1 829 816 827
1 1721 2235 3037
1 5703 8988 3037
1 755 3375 9494
1 755 9494 9039
1 9581 781 7223
1 5589 8799 6154
1 9582 757 747
1 778 9523 783
1 3665 783 9523
1 3077 7572 805
1 778 767 9523
1 739 2863 9528
1 851 8029 9532
1 846 827 854
1 9696 1674 7305
1 730 1674 9696
1 818 9572 823
1 9572 818 839
1 2871 8170 4485
1 2871 9143 8170
1 744 7223 7432
1 9314 9406 6181
1 8158 731 2519
1 735 1475 8381
1 865 9532 3202
1 5589 5002 2302
1 2302 728 5589
1 9406 3202 8589
1 2509 8589 3202
1 8170 8910 4485
1 865 3202 9406
1 744 5905 8958
1 9147 6405 7688
1 5589 9672 5002
1 6154 2863 6029
1 9696 6029 730
1 2304 8988 781
1 9532 859 851
1 8158 6029 731
1 9572 863 854
1 6181 4485 9314
1 1721 8988 6556
1 8170 866 8910
1 865 9406 9314
1 9143 863 8170
1 6181 8877 4485
1 5589 728 8799
1 1493 9297 3611
1 9672 2301 9055
1 823 9572 854
1 744 735 5905
1 7432 735 744
1 865 859 9532
1 8158 2301 9672
1 863 866 8170
1 2547 9582 747
1 2519 2301 8158
1 2519 8150 2301
1 859 865 2960
1 9055 1720 2303
1 2235 1720 2301
1 735 8381 1472
2 7538 4157 1233
2 58 29 31
2 9811 4667 9423
2 9674 112 122
2 1000 8992 9694
2 7024 9125 3781
2 9816 9814 8264
2 88 168 163
2 1872 9656 1877
2 7391 215 4718
2 6868 1875 6703
2 88 49 136
2 88 136 168
2 5405 7108 5194
2 6489 28 49
2 49 58 136
2 88 6489 49
2 101 84 116
2 135 101 116
2 28 54 29
2 28 29 49
2 71 58 31
2 46 42 31
2 58 49 29
2 84 46 96
2 172 9224 9704
2 96 153 116
2 108 54 92
2 108 1923 54
2 1235 163 168
2 5865 6489 7505
2 9590 9693 9482
2 5855 7391 4718
2 7211 2413 2411
2 46 29 54
2 135 153 195
2 185 118 122
2 231 9945 243
2 6384 5632 4393
2 4303 2672 4371
2 4490 2959 7517
2 2672 7517 5965
2 9813 2589 6164
2 9482 7201 1534
2 9073 2953 1872
2 1089 1872 2140
2 9717 75 8546
2 1361 8637 4349
2 7646 1361 9807
2 2080 8399 2077
2 8602 3621 27
2 46 84 42
2 9548 7197 1533
2 3789 9683 3860
2 3636 3860 9683
2 3658 6826 5204
2 1604 4157 7538
2 1322 7454 2408
2 2390 6027 2995
2 1088 5424 3644
2 2409 33 5379
2 4157 1604 4138
2 9814 2418 9809
2 5483 2589 9813
2 8312 1320 2778
2 8913 9805 976
2 3287 3155 993
2 1361 7646 2945
2 2028 9716 4147
2 3621 8602 90
2 5641 9716 2821
2 8863 2419 8258
2 9813 6164 2754
2 4168 6304 6302
2 4168 6302 4870
2 1887 9808 9545
2 7975 4144 7197
2 6702 4157 4138
2 4144 1533 7197
2 3789 3860 2950
2 3636 2950 3860
2 1235 1604 4192
2 3649 6273 8129
2 3649 2865 6273
2 163 3155 4618
2 5769 3154 8440
2 976 9805 331
2 6658 4899 2101
2 2779 5523 4850
2 1321 4026 9718
2 1453 1998 7065
2 8789 2393 1453
2 3287 5736 2788
2 3636 3918 2950
2 3918 3636 5204
2 8511 3154 5284
2 9695 9590 7488
2 2708 9670 9695
2 8691 9806 7201
2 2756 4024 1942
2 8142 5545 4496
2 2420 4496 4115
2 2411 3247 4090
2 3658 9716 6826
2 5545 1942 4496
2 4167 2801 3250
2 8861 4167 3250
2 1868 2956 8131
2 8964 7254 3634
2 8360 3632 2391
2 2409 2313 5187
2 9705 2801 4167
2 9233 2030 2140
2 2420 4115 9806
2 9267 4473 8916
2 2589 5727 9012
2 9012 4642 9616
2 4642 2635 9616
2 3918 1088 2950
2 1088 3918 5204
2 5097 6302 6304
2 9719 9717 3644
2 8789 7065 2390
2 5641 9719 2389
2 9719 3644 5424
2 3644 9717 3643
2 2995 2393 8789
2 2393 2995 8608
2 4983 3789 4604
2 8855 3789 5571
2 8360 2956 2951
2 3658 2387 6824
2 9635 3650 8514
2 1535 7208 9519
2 3799 2313 7519
2 5832 968 9946
2 3247 8189 4090
2 7024 9810 8264
2 9693 9695 9670
2 2708 9417 5076
2 1535 5076 9677
2 2028 4147 2789
2 4147 3658 6824
2 3632 2953 95
2 4192 1604 7538
2 9553 4613 9808
2 9695 4667 9165
2 8948 9095 9816
2 9165 4667 9811
2 2672 5965 4371
2 8264 9814 9809
2 4349 9061 6344
2 2080 9029 8399
2 109 58 71
2 6302 9549 6315
2 6702 7142 3645
2 2394 6702 4138
2 63 91 73
2 69 40 73
2 40 63 73
2 921 915 9812
2 7950 3366 2422
2 2101 9110 2959
2 2077 6841 9229
2 6302 3768 9549
2 8033 4477 4488
2 4488 3768 6779
2 4371 5965 7308
2 3768 9229 6841
2 2410 7261 4532
2 8189 5603 4090
2 3998 2821 9716
2 1088 7230 1089
2 1875 2959 4490
2 8607 2788 5736
2 999 4259 1532
2 7784 1604 1235
2 8387 223 171
2 3155 163 4813
2 4192 4813 163
2 163 4618 88
2 4252 9229 6440
2 7211 5603 4899
2 153 135 116
2 1870 9224 4953
2 3634 2958 9702
2 3636 9683 7653
2 3636 7653 2387
2 1321 7254 7751
2 6398 3645 7142
2 95 3644 3643
2 3643 2391 95
2 3645 2393 2103
2 3645 2788 1453
2 3645 1453 2393
2 9717 9719 75
2 2390 7065 2789
2 7583 9595 6889
2 5965 9234 7308
2 1868 1356 4915
2 2789 7065 8511
2 5284 2789 8511
2 2077 8399 6841
2 7875 4983 4604
2 5109 8863 8258
2 6304 4225 6440
2 136 179 168
2 7793 9807 8701
2 1361 8701 9807
2 3643 33 2391
2 2313 5379 7519
2 5379 33 8546
2 3768 6302 5097
2 5097 6440 3768
2 993 1234 4883
2 2028 7875 4604
2 2028 4604 8855
2 3549 6703 1875
2 6260 9346 7108
2 2389 1088 5204
2 3250 5142 2787
2 4953 3249 8497
2 4371 1870 8497
2 134 5187 1356
2 183 214 3962
2 172 7683 9224
2 9224 7683 4953
2 5284 3154 7875
2 3789 4983 9683
2 63 40 8565
2 9601 5299 5314
2 1234 8440 4883
2 8115 9332 7367
2 8126 195 219
2 9029 5405 5194
2 1088 2389 5424
2 9719 5424 2389
2 3796 183 3962
2 1532 1000 8129
2 4225 71 27
2 8460 5483 9813
2 1442 973 5483
2 90 3796 5490
2 2957 1875 6868
2 7074 5523 2779
2 1322 2408 5523
2 3633 7517 5632
2 4850 9069 5142
2 8481 5490 2545
2 7074 1322 5523
2 4157 159 1233
2 9719 5641 4548
2 2821 4548 5641
2 5571 2821 3998
2 1323 3631 4367
2 1323 4367 2413
2 6499 2413 4367
2 8850 9524 9694
2 8850 5314 5299
2 8131 1356 1868
2 2956 1358 8131
2 8951 154 5194
2 5931 8951 5194
2 3644 7230 1088
2 7793 3178 5855
2 9144 2756 9813
2 2030 75 4548
2 9705 8155 2801
2 6344 8748 3650
2 7590 6685 9682
2 1604 2100 4138
2 5948 9682 6685
2 3633 9234 5965
2 2957 5963 1875
2 2101 5963 2957
2 2100 1604 7784
2 2100 115 55
2 9808 9430 9553
2 2394 4138 2100
2 6091 2394 2100
2 2387 3635 6027
2 2951 1868 4915
2 2410 4532 6781
2 993 4813 1233
2 4192 7538 4813
2 9656 4915 1877
2 2756 2865 4024
2 3649 4024 2865
2 214 4168 4870
2 4870 3962 214
2 8033 8200 4477
2 4303 4532 6704
2 2103 8608 159
2 172 3226 7683
2 2957 6293 6658
2 6094 4548 2821
2 8200 207 199
2 8951 5931 8200
2 5736 4883 2029
2 1532 5727 8570
2 6192 4026 3429
2 179 219 168
2 183 8126 214
2 6273 3072 999
2 6273 7728 3072
2 4490 3549 1875
2 6293 2956 6658
2 6384 7101 5632
2 4915 9656 2951
2 183 135 195
2 9694 8992 973
2 9667 7673 8608
2 6164 9616 2635
2 5204 3636 8834
2 6398 7371 2788
2 2786 6398 2394
2 5523 9069 4850
2 9430 9808 9418
2 33 3643 8546
2 4192 163 1235
2 101 127 90
2 4532 7261 3549
2 9946 968 6462
2 3155 4813 993
2 55 28 6489
2 9548 3019 4115
2 9548 4115 1942
2 3942 6713 7089
2 4625 2411 2413
2 127 135 183
2 4367 33 6499
2 2409 6499 33
2 6440 4225 5942
2 2422 2420 9806
2 2313 2409 5379
2 2703 1534 7132
2 3799 7519 75
2 4473 928 924
2 228 185 122
2 4047 8481 2545
2 8481 4047 4252
2 9667 8608 2995
2 2786 6091 5865
2 2100 55 6091
2 2103 6702 3645
2 4393 7517 2959
2 3768 6841 6779
2 161 6779 102
2 1875 5963 2959
2 3998 8855 5571
2 6704 4532 3549
2 6094 2821 5571
2 2801 6713 3250
2 5405 9029 2080
2 5948 6685 9263
2 7975 7197 4024
2 3942 8565 6728
2 115 92 55
2 6889 5381 7583
2 6728 2779 4850
2 1321 8312 4026
2 2394 6091 2786
2 4488 6779 8033
2 6027 3635 2995
2 5931 4477 8200
2 6384 6846 7101
2 8654 6846 2410
2 6824 2390 2789
2 6826 2389 5204
2 6826 9716 2389
2 7683 9311 4953
2 9716 5641 2389
2 6489 88 4618
2 1358 6868 1232
2 2957 6868 1358
2 5379 8546 7519
2 2313 3799 1877
2 4915 2313 1877
2 2706 9809 8453
2 6704 3549 4490
2 3658 5204 8834
2 4090 5603 7211
2 2028 2789 5284
2 7590 7074 2779
2 6384 4393 9110
2 6841 102 6779
2 58 109 136
2 5627 7023 9489
2 7865 9418 9808
2 4883 8440 2029
2 3287 2788 7371
2 2012 7089 171
2 63 7089 2012
2 3621 90 5490
2 2778 1320 7101
2 161 8033 6779
2 5405 8075 7108
2 2545 6260 7108
2 3942 6728 4850
2 7089 8565 3942
2 154 9029 5194
2 94 9029 154
2 2703 7132 9285
2 5942 4225 27
2 3621 5942 27
2 4259 5381 7807
2 6702 2394 7142
2 6398 7142 2394
2 1872 9233 2140
2 6192 9718 4026
2 6192 3435 9718
2 8387 171 7089
2 219 179 8126
2 7454 1322 7254
2 3435 9311 7683
2 93 6685 7590
2 152 7784 1235
2 152 115 7784
2 6260 6315 9346
2 6304 6440 5097
2 9716 3658 4147
2 1357 2950 2140
2 2950 1089 2140
2 3644 95 7230
2 112 9674 2012
2 8189 3247 7261
2 7261 3247 3549
2 6094 2030 4548
2 122 91 9674
2 2030 6094 2140
2 2589 8570 5727
2 5483 8570 2589
2 6384 5603 6846
2 4371 7308 1870
2 7308 2955 1870
2 6398 2786 7371
2 3287 7371 3155
2 2415 5832 9946
2 33 4367 2391
2 9718 7454 1321
2 4252 6440 5942
2 3155 7371 2786
2 4625 2413 6499
2 3435 7580 9718
2 9705 9682 8155
2 332 996 9266
2 1233 1234 993
2 1089 7230 9073
2 7488 1534 2703
2 2703 4667 7488
2 2950 1088 1089
2 8460 9813 2756
2 5865 7505 2786
2 2786 7505 3155
2 7708 5603 6384
2 1536 2705 7024
2 7519 8546 75
2 5632 1320 3633
2 4367 3631 8360
2 7538 1233 4813
2 2077 4047 2080
2 75 9719 4548
2 1870 4953 8497
2 7580 2408 9718
2 9207 8912 5109
2 7653 9683 3635
2 7653 3635 2387
2 4613 9545 9808
2 2028 3998 9716
2 4047 2545 8075
2 4532 4303 8335
2 159 7673 1234
2 7673 159 8608
2 9946 6462 9276
2 7708 2101 4899
2 4899 5603 7708
2 7865 7807 3177
2 7729 1532 4259
2 7793 1531 2707
2 2707 1531 340
2 2958 7074 9682
2 8843 2958 9682
2 2411 134 3849
2 3849 9015 1232
2 8312 7751 3633
2 92 54 55
2 71 31 27
2 4850 5142 3942
2 909 9812 915
2 8453 9809 9812
2 2703 9423 4667
2 333 342 9471
2 2100 7784 115
2 8843 9702 2958
2 7807 6889 3177
2 9695 9165 2708
2 3154 211 7875
2 6703 3247 1232
2 4144 9694 9524
2 7683 7580 3435
2 239 185 228
2 9601 9285 5299
2 1531 996 332
2 2956 8360 3631
2 7367 9332 2601
2 6594 4473 9267
2 3789 1357 5571
2 3789 2950 1357
2 215 3650 8748
2 9815 3366 7950
2 7950 2752 2421
2 6273 2865 7728
2 7101 6846 8654
2 7975 3649 1000
2 3649 7975 4024
2 9682 7074 7590
2 6781 4532 8335
2 3249 3429 6781
2 7505 4618 3155
2 6344 9061 8748
2 161 207 8033
2 4393 5632 7517
2 9207 5109 2421
2 9814 9816 2419
2 8075 5405 2080
2 4047 8075 2080
2 2411 3849 3247
2 3247 3849 1232
2 8082 5136 8913
2 8514 3196 2753
2 4887 3196 7728
2 7132 3019 1533
2 1923 96 46
2 1923 46 54
2 135 127 101
2 1536 8115 7367
2 8126 179 214
2 8399 44 48
2 7101 1320 5632
2 1532 8129 999
2 9705 9702 8843
2 96 116 84
2 2705 9810 7024
2 46 31 29
2 2415 4496 2420
2 7729 9012 5727
2 1887 7729 4259
2 172 9704 9705
2 9705 4167 172
2 8155 5948 2801
2 9178 7793 5855
2 69 93 8240
2 9816 8258 2419
2 9110 2101 7708
2 9110 7708 6384
2 7024 8264 9125
2 9809 9125 8264
2 8033 207 8200
2 8202 168 219
2 4983 211 9683
2 8481 3621 5490
2 4349 6344 9553
2 239 196 185
2 2600 7208 8217
2 7208 8520 8217
2 6094 1357 2140
2 7108 5931 5194
2 6702 159 4157
2 42 101 90
2 118 185 196
2 5832 9423 968
2 1000 9694 4144
2 2801 5948 8387
2 322 226 243
2 9636 332 322
2 3633 1320 8312
2 2672 4303 6704
2 5483 973 8570
2 8335 4303 3249
2 6781 8335 3249
2 2864 8912 2752
2 8729 342 333
2 8807 8729 2945
2 5948 9263 223
2 8637 2945 2037
2 9635 6344 3650
2 6164 4887 2754
2 1361 4349 5146
2 3072 3196 8514
2 6658 2956 3631
2 9639 4613 2753
2 9816 9095 8258
2 171 223 225
2 152 108 115
2 92 115 108
2 243 226 225
2 3632 95 2391
2 7646 2707 346
2 9163 203 242
2 8440 3154 2029
2 7646 9807 2707
2 1357 6094 5571
2 906 8453 909
2 1232 9015 1358
2 8460 5545 1442
2 5545 8460 2756
2 2103 159 6702
2 225 226 112
2 247 239 331
2 101 42 84
2 55 6489 5865
2 5865 6091 55
2 5942 8481 4252
2 1323 2413 7211
2 7488 4667 9695
2 8497 3249 4303
2 1321 7454 7254
2 4147 6824 2789
2 1535 8520 7208
2 9073 95 2953
2 7230 95 9073
2 5680 5627 9480
2 8948 9810 9417
2 9163 242 244
2 7729 5727 1532
2 331 333 247
2 7089 63 8565
2 1532 8570 973
2 9204 996 976
2 340 9636 9945
2 4367 8360 2391
2 346 2707 340
2 9805 8729 333
2 8155 9682 5948
2 993 4883 5736
2 1998 8607 2029
2 1998 1453 8607
2 2393 8608 2103
2 9946 5545 8142
2 5109 2600 8863
2 231 243 225
2 340 332 9636
2 1361 2945 8637
2 1323 4899 6658
2 1323 7211 4899
2 7101 8654 2778
2 342 8729 8807
2 7646 8807 2945
2 3178 5146 9418
2 172 4167 8861
2 172 8861 3226
2 113 69 73
2 7208 8912 9519
2 231 225 188
2 2864 8691 1001
2 8691 9255 9806
2 3649 8129 1000
2 7517 3633 5965
2 1361 5146 8701
2 3429 2778 6781
2 4393 2959 9110
2 342 7646 346
2 113 73 118
2 73 91 118
2 9810 8948 9816
2 2865 2756 9144
2 1235 168 8202
2 2415 7062 5832
2 909 8453 9812
2 8202 219 186
2 1356 8131 134
2 922 928 9480
2 9677 2705 8520
2 9601 5314 6462
2 8075 2545 7108
2 2995 3635 9667
2 2995 8789 2390
2 239 311 331
2 3177 215 7391
2 5855 9085 7391
2 2410 8189 7261
2 2029 8511 1998
2 2029 3154 8511
2 8834 3636 2387
2 3658 8834 2387
2 973 8850 9694
2 8836 9704 9224
2 9705 8843 9682
2 8748 5136 4718
2 8850 973 1442
2 7074 2958 1322
2 4604 3789 8855
2 2411 4090 7211
2 1322 2958 3634
2 8863 8901 2601
2 3634 7254 1322
2 8129 6273 999
2 176 214 179
2 176 4168 214
2 7728 3196 3072
2 8729 2037 2945
2 7367 8901 8217
2 8863 2600 8901
2 69 148 93
2 6841 48 102
2 7208 2600 8912
2 8916 2417 2418
2 1440 9815 8948
2 1000 4144 7975
2 1531 332 340
2 8912 2600 5109
2 2030 3799 75
2 199 8951 8200
2 4718 5136 8082
2 2955 7254 8964
2 2955 8964 1870
2 2415 8142 4496
2 9946 8142 2415
2 7197 1942 4024
2 7197 9548 1942
2 3998 2028 8855
2 1321 7751 8312
2 1000 1532 8992
2 8992 1532 973
2 1358 6293 2957
2 8861 3250 2787
2 3226 8861 2787
2 1887 4642 9012
2 3849 134 9015
2 5545 2756 1942
2 3072 8514 7583
2 8082 976 996
2 1453 7065 8789
2 340 9945 346
2 2787 7580 3226
2 9061 2037 8748
2 4349 8637 9061
2 2408 2787 9069
2 5523 2408 9069
2 226 322 228
2 6658 2101 2957
2 1531 9072 996
2 8082 996 9072
2 1089 9073 1872
2 8916 4473 2417
2 9085 3177 7391
2 9085 3178 9418
2 8691 9482 1001
2 136 176 179
2 136 109 176
2 134 8131 1358
2 9015 134 1358
2 8948 9815 9095
2 9815 2421 9095
2 8399 48 6841
2 8115 5627 5680
2 151 9664 148
2 148 9664 188
2 8514 3650 9595
2 6192 9414 3435
2 3645 6398 2788
2 2865 9144 2754
2 7583 5381 999
2 90 127 3796
2 1533 9524 5299
2 4144 9524 1533
2 7646 342 8807
2 7875 2028 5284
2 151 203 9163
2 9664 9163 244
2 2708 9165 1440
2 1531 7793 9178
2 2672 6704 4490
2 4625 134 2411
2 2012 171 112
2 6846 8189 2410
2 928 6594 9480
2 5680 9480 6594
2 2390 6824 2387
2 2390 2387 6027
2 2752 8912 9207
2 2752 9207 2421
2 8836 9224 1870
2 3287 993 5736
2 2955 7751 7254
2 3633 7751 9596
2 215 3177 9503
2 6889 9595 9503
2 3768 6440 9229
2 9029 94 44
2 3799 2030 9233
2 1872 1877 9233
2 9234 2955 7308
2 3633 9596 9234
2 3549 3247 6703
2 244 346 9945
2 9664 231 188
2 9204 311 322
2 9266 996 9204
2 7367 2601 8901
2 8511 7065 1998
2 8399 9029 44
2 2864 2752 9255
2 2752 7950 9255
2 3621 8481 5942
2 27 31 42
2 2754 9144 9813
2 9263 188 223
2 9263 6685 9585
2 332 9266 322
2 322 9266 9204
2 2601 9267 8916
2 6594 9267 9332
2 2707 9807 7793
2 8691 2864 9255
2 2037 9805 8913
2 9805 2037 8729
2 9417 9677 5076
2 2705 9417 9810
2 9276 6462 5314
2 5545 9276 1442
2 906 910 7023
2 3178 8701 5146
2 28 55 54
2 7673 9667 1234
2 4371 8497 4303
2 968 2703 9285
2 1877 3799 9233
2 8520 1536 8217
2 8637 2037 9061
2 8082 9072 4718
2 8964 8836 1870
2 9489 910 916
2 6594 928 4473
2 9311 3249 4953
2 3435 9414 9311
2 6781 2778 8654
2 1442 5483 8460
2 9561 322 311
2 9561 311 239
2 5680 6594 9332
2 4613 9553 2753
2 9553 6344 9635
2 9346 4477 5931
2 9346 5931 7108
2 7729 1887 9012
2 9069 2787 5142
2 2417 9812 2418
2 1234 5769 8440
2 2589 9012 9616
2 8082 8913 976
2 906 7023 8453
2 3250 3942 5142
2 247 242 9597
2 999 3072 7583
2 9178 5855 4718
2 4259 999 5381
2 8240 2779 6728
2 8240 7590 2779
2 9165 9811 9413
2 9413 9811 3366
2 3249 9414 3429
2 9414 3249 9311
2 8948 9417 2708
2 9332 9267 2601
2 8217 8901 2600
2 9503 3177 6889
2 2865 2754 7728
2 8115 5680 9332
2 9430 5146 4349
2 5146 9430 9418
2 215 8748 4718
2 6192 3429 9414
2 4026 2778 3429
2 8312 2778 4026
2 1531 9178 9072
2 2601 2419 8863
2 5948 223 8387
2 4496 1942 4115
2 9553 9430 4349
2 1235 8202 186
2 152 1235 186
2 4490 7517 2672
2 9346 6315 9549
2 9346 9549 4477
2 9178 4718 9072
2 6781 8654 2410
2 2801 7089 6713
2 2801 8387 7089
2 242 9471 346
2 9480 5627 9489
2 9482 9693 1001
2 96 1923 153
2 7865 3177 9418
2 1887 4259 7807
2 2029 8607 5736
2 6304 71 4225
2 6304 109 71
2 9480 9489 916
2 9489 7023 910
2 8951 199 154
2 9471 242 247
2 9503 3650 215
2 152 186 108
2 9667 211 5769
2 211 3154 5769
2 6164 2589 9616
2 7950 2422 9255
2 9809 2706 9125
2 176 109 6304
2 9285 7132 1533
2 1535 9519 9658
2 1001 9519 2864
2 186 9522 153
2 186 219 9522
2 9590 1534 7488
2 8850 5299 9524
2 9636 243 9945
2 27 42 8602
2 3942 3250 6713
2 1358 2956 6293
2 9482 8691 7201
2 4252 4047 2077
2 2077 9229 4252
2 3178 7793 8701
2 1440 9165 9413
2 6315 3962 4870
2 6315 6260 3962
2 976 311 9204
2 1533 5299 9285
2 211 4983 7875
2 921 9812 2417
2 1887 9545 4642
2 9545 2635 4642
2 5109 8258 2421
2 9095 2421 8258
2 3019 7201 4115
2 7201 3019 7132
2 3019 9548 1533
2 4488 4477 9549
2 183 195 8126
2 9417 2705 9677
2 228 122 112
2 112 226 228
2 2415 2422 7062
2 2415 2420 2422
2 8565 40 6728
2 118 196 203
2 6302 6315 4870
2 8115 3781 5627
2 9693 9670 9658
2 1535 9670 5076
2 8520 2705 1536
2 311 976 331
2 108 186 153
2 1923 108 153
2 228 322 9561
2 228 9561 239
2 2409 4625 6499
2 4613 9623 9545
2 9085 9418 3177
2 9519 8912 2864
2 9549 3768 4488
2 4887 7728 2754
2 9816 8264 9810
2 1536 7024 8115
2 7024 3781 8115
2 176 6304 4168
2 9667 5769 1234
2 242 346 244
2 9623 4613 9639
2 2635 9639 4887
2 93 9585 6685
2 9585 93 148
2 2951 9656 2953
2 2953 3632 2951
2 9480 916 922
2 69 8240 40
2 8240 6728 40
2 9639 3196 4887
2 148 188 9585
2 333 9471 247
2 2635 4887 6164
2 8602 42 90
2 1534 9590 9482
2 7683 3226 7580
2 118 91 122
2 5187 2313 1356
2 2313 4915 1356
2 9596 7751 2955
2 9596 2955 9234
2 9597 242 203
2 9597 203 196
2 2409 5187 134
2 2409 134 4625
2 968 9285 9601
2 6868 6703 1232
2 2545 3796 3962
2 2545 3962 6260
2 9276 5314 1442
2 3796 127 183
2 5490 3796 2545
2 9125 2706 3781
2 7580 2787 2408
2 188 225 223
2 231 9664 9945
2 1440 9413 9815
2 9471 342 346
2 9623 2635 9545
2 2635 9623 9639
2 2037 8913 5136
2 2037 5136 8748
2 1440 8948 2708
2 5314 8850 1442
2 171 225 112
2 2753 9635 8514
2 9595 3650 9503
2 1887 7865 9808
2 7865 1887 7807
2 2421 9815 7950
2 924 921 2417
2 9553 9635 2753
2 243 9636 322
2 2753 3196 9639
2 7201 9806 4115
2 2706 7023 3781
2 5627 3781 7023
2 9658 1001 9693
2 9658 9519 1001
2 968 9601 6462
2 9674 91 63
2 9674 63 2012
2 203 151 113
2 203 113 118
2 9658 9670 1535
2 8240 93 7590
2 69 113 151
2 69 151 148
2 151 9163 9664
2 7807 5381 6889
2 9263 9585 188
2 9945 9664 244
2 247 196 239
2 247 9597 196
2 2708 5076 9670
2 924 2417 4473
2 2703 968 9423
2 9811 9423 5832
2 7062 9811 5832
2 1535 9677 8520
2 9702 9704 8836
2 8964 3634 8836
2 9667 9703 211
2 9656 1872 2953
2 1868 2951 2956
2 2101 2959 5963
2 3632 8360 2951
2 9522 195 153
2 9522 219 195
2 9590 9695 9693
2 5855 3178 9085
2 159 1234 1233
2 9667 3635 9703
2 8836 3634 9702
2 9683 211 9703
2 9703 3635 9683
2 9705 9704 9702
2 8607 1453 2788
2 6846 5603 8189
2 7454 9718 2408
2 7505 6489 4618
2 9717 8546 3643
2 1323 6658 3631
2 7201 7132 1534
2 9809 2418 9812
2 9815 9413 3366
2 2418 9814 2419
2 333 331 9805
2 9255 2422 9806
2 8217 1536 7367
2 8514 9595 7583
2 8453 7023 2706
2 5545 9946 9276
2 2419 8916 2418
2 2419 2601 8916
2 7062 2422 3366
2 7062 3366 9811
3 7764 2046 722
3 6744 1381 9364
3 9936 804 835
3 567 561 574
3 9024 9896 8024
3 9058 3220 2532
3 9050 2141 3276
3 2322 9495 2994
3 2954 2323 9086
3 3251 6818 5714
3 623 640 601
3 628 6818 3251
3 771 768 753
3 753 764 771
3 597 9090 595
3 1382 748 768
3 3321 856 822
3 824 810 802
3 3276 2141 558
3 9084 9895 9626
3 6045 9598 8946
3 597 595 1319
3 8474 5875 1416
3 9466 9593 2993
3 836 8928 1401
3 640 623 636
3 9568 9898 687
3 6045 644 9598
3 1937 9188 8946
3 1319 629 626
3 2055 7837 9927
3 2744 8746 2559
3 3251 6668 4921
3 7632 710 9609
3 9900 9910 1021
3 8512 1842 2812
3 9680 7798 9968
3 4726 4194 9040
3 6855 7450 9952
3 2929 8321 9931
3 5919 9427 864
3 8989 3014 9911
3 2660 2143 8333
3 3170 2136 9102
3 3113 8633 2553
3 8899 2127 2465
3 6213 9298 6268
3 2441 3555 7061
3 8582 8957 2750
3 8575 4726 9040
3 8395 8784 2372
3 2136 4726 8906
3 768 748 753
3 2812 9077 8739
3 8903 9911 2812
3 1417 3027 2323
3 3027 1417 2744
3 2286 571 3367
3 3276 9005 587
3 633 636 623
3 9931 8941 2929
3 9952 9086 8024
3 862 2372 8784
3 2113 2660 8333
3 3461 771 793
3 8465 9019 9952
3 3100 3014 8989
3 802 776 9936
3 2929 8281 9895
3 9927 1842 2465
3 9938 8949 9930
3 2813 3170 7754
3 1417 8746 2744
3 3556 9607 3221
3 2872 9916 9527
3 2943 2928 9054
3 7061 3555 3088
3 2127 9927 2465
3 8655 2401 8957
3 8655 2795 2401
3 8373 9931 8321
3 3220 9058 1434
3 2401 2750 8957
3 845 828 857
3 9931 8373 8906
3 3281 3233 9101
3 9054 2928 3113
3 2812 9911 9077
3 2685 1434 8039
3 638 8740 1247
3 606 640 660
3 3221 2938 2536
3 2533 2532 2526
3 2800 6452 9917
3 584 567 574
3 8516 597 1319
3 9443 3555 4712
3 3054 9900 9930
3 6744 5205 3555
3 828 845 824
3 9916 8676 3166
3 2051 9579 9926
3 1520 9912 1518
3 9913 7096 9415
3 9571 1526 9914
3 686 702 703
3 660 670 651
3 651 664 2445
3 1319 595 629
3 5003 4257 7304
3 7304 4257 9613
3 3555 9443 6744
3 3321 834 836
3 9427 9589 9710
3 9427 5919 5396
3 673 640 636
3 3166 1519 9918
3 599 9247 565
3 892 885 8435
3 842 834 815
3 7798 4961 9968
3 7035 2044 9916
3 2147 8633 2928
3 2533 9041 2892
3 628 3251 4921
3 587 628 4921
3 1401 842 860
3 810 8655 8957
3 798 815 801
3 8633 5579 2553
3 3220 1434 6090
3 6090 1434 8138
3 8633 2147 5579
3 587 4921 6611
3 4961 2054 9968
3 2143 4194 7936
3 2054 4961 789
3 2617 8281 2929
3 3220 2812 8739
3 764 793 771
3 3054 2127 1525
3 1525 2127 8899
3 2943 1382 776
3 8582 2943 776
3 3276 558 9005
3 5642 2812 3220
3 6823 6090 9896
3 9896 6090 1547
3 2055 6855 9952
3 5672 567 584
3 584 8960 5672
3 6452 2808 9917
3 815 845 842
3 845 815 824
3 9918 9527 3166
3 5714 9558 609
3 9936 776 804
3 804 776 768
3 9500 9913 7752
3 8194 609 3281
3 609 3233 3281
3 2553 5579 2514
3 2514 5579 7754
3 8919 2848 9113
3 7798 8333 789
3 9101 9050 559
3 2445 617 651
3 4257 5003 9002
3 6738 9002 5003
3 9937 9537 8531
3 3687 8344 9915
3 8927 5106 1520
3 8204 9926 9917
3 7498 9466 2993
3 703 9437 1111
3 9437 693 668
3 1204 9272 658
3 3166 9937 7852
3 8870 2514 2795
3 3276 6611 9006
3 6504 8512 6823
3 2655 7929 2046
3 9367 9479 9898
3 9926 2800 9917
3 8893 7752 9913
3 7872 6504 9896
3 9576 661 618
3 7477 2720 8552
3 9238 6355 2372
3 8965 3691 8952
3 717 714 708
3 9090 585 576
3 8409 7477 2553
3 1713 9619 9112
3 617 596 606
3 2514 9102 2795
3 9676 9894 9444
3 9024 7872 9896
3 690 6711 708
3 1401 8928 842
3 2441 7061 7529
3 8474 2808 5875
3 7752 7867 9500
3 9251 693 6711
3 6711 693 713
3 7465 644 6045
3 8740 9491 6818
3 6823 2812 5642
3 7061 1764 8987
3 801 815 834
3 798 801 763
3 8903 2812 1842
3 6268 9047 2655
3 647 618 9512
3 7096 714 722
3 2525 714 7096
3 6504 8745 8899
3 6504 8899 2465
3 6090 6823 5642
3 8906 2750 2401
3 9367 7035 5516
3 708 8946 9188
3 8089 9966 5039
3 8089 9367 9966
3 2720 3113 8552
3 9937 3166 8676
3 8344 3687 3557
3 764 763 801
3 9505 2655 8682
3 2994 7304 3557
3 8946 714 9640
3 5039 4651 9465
3 4651 9894 9465
3 9090 597 623
3 8409 2553 2514
3 5106 2543 9289
3 8194 8663 624
3 609 9558 565
3 2055 9952 9019
3 763 2720 7477
3 798 763 7477
3 5919 8874 5396
3 576 9512 618
3 9476 3051 8271
3 678 702 686
3 7867 7465 6145
3 7529 682 1380
3 8334 2848 8919
3 2800 8344 2723
3 9915 8344 9211
3 7529 7061 8987
3 2795 8655 8870
3 2559 8746 7632
3 1723 1418 9938
3 8657 8925 1723
3 3014 8933 9911
3 624 3251 5714
3 6823 9896 6504
3 9606 7299 1338
3 9912 9393 2938
3 1937 9511 690
3 4257 8525 9613
3 9912 1519 1518
3 3166 7852 1519
3 3251 8851 6668
3 605 9127 625
3 9127 6668 625
3 9463 5919 8334
3 9225 1520 9917
3 8676 9537 9937
3 9363 644 7465
3 4961 7798 789
3 7764 711 704
3 704 1204 7764
3 9911 8903 7837
3 9361 9894 4651
3 9657 1713 7794
3 8745 6504 7872
3 3027 2744 7872
3 9225 9912 1520
3 2054 8933 3014
3 7752 687 7867
3 1419 9533 2543
3 601 9090 623
3 9968 2054 8039
3 3087 7970 1434
3 5777 1434 7970
3 8899 2744 2559
3 620 9057 9675
3 8851 634 625
3 768 776 1382
3 2655 9567 7929
3 2720 1382 3113
3 822 855 804
3 835 804 855
3 9952 8024 1547
3 9896 1547 8024
3 9968 8039 5777
3 8039 1434 5777
3 8946 708 714
3 2848 860 8824
3 9927 6855 2055
3 8927 2543 5106
3 8927 8425 9647
3 7632 9943 9076
3 633 623 597
3 8981 5516 9916
3 5516 8981 3088
3 9895 8230 2929
3 2685 8138 1434
3 9898 9479 5205
3 5919 9463 8874
3 3008 4651 5039
3 9465 8089 5039
3 2044 7035 8089
3 609 8194 624
3 9047 7558 9567
3 1338 9567 7558
3 7465 6045 6145
3 640 673 660
3 903 898 8151
3 8151 9455 6355
3 8333 2143 2892
3 3251 8663 8851
3 8230 2147 2929
3 8062 8151 4878
3 4878 8151 6355
3 6090 5642 3220
3 3220 8739 2532
3 860 857 8824
3 845 857 860
3 1417 2323 8949
3 8949 2323 2954
3 661 668 629
3 4712 3555 2441
3 7304 9613 3557
3 9367 9898 9966
3 8682 2046 7764
3 3461 822 804
3 8321 2147 2928
3 9446 856 862
3 855 9446 862
3 1111 9437 661
3 661 9437 668
3 3221 682 1764
3 661 9576 1111
3 9576 9509 1111
3 647 664 9576
3 2943 8373 2928
3 8373 2943 2750
3 3557 9492 2994
3 5579 3174 7754
3 1111 9509 688
3 748 1382 2720
3 4194 4726 2136
3 3170 4194 2136
3 9966 3008 5039
3 9926 9211 2800
3 9926 9348 9211
3 1338 7558 9361
3 9444 9894 4712
3 798 7477 8409
3 8870 8409 2514
3 2445 8415 9273
3 2533 2870 8009
3 8009 3087 2532
3 601 640 606
3 6355 9455 8435
3 764 801 793
3 617 660 651
3 1547 8138 2685
3 8138 1547 6090
3 903 8151 8062
3 763 764 2720
3 9158 9710 9589
3 2685 3100 8465
3 8465 1547 2685
3 9652 8525 4257
3 9910 9076 9943
3 8489 3088 8981
3 8489 7061 3088
3 3461 793 3321
3 2800 2723 6452
3 7754 3174 2813
3 789 2892 9041
3 2465 1842 8512
3 6504 2465 8512
3 834 793 801
3 9936 835 828
3 704 711 9237
3 7477 8552 2553
3 8552 3113 2553
3 8395 855 8784
3 2445 9642 8415
3 673 636 686
3 2617 8575 2113
3 802 810 8582
3 802 8582 776
3 6744 9443 1381
3 5875 2808 6452
3 3221 1764 2872
3 1519 9912 9918
3 2113 8575 2660
3 595 8840 618
3 8899 2559 1525
3 587 567 5672
3 633 597 8516
3 5714 609 624
3 8655 812 798
3 615 634 8663
3 8663 3251 624
3 9050 562 559
3 8380 9665 576
3 862 9158 4878
3 3321 793 834
3 626 629 668
3 9415 7299 9913
3 685 7228 643
3 2055 8989 7837
3 9476 8657 3051
3 7936 4194 3170
3 7936 3170 2813
3 2532 8739 2526
3 8740 8960 1247
3 628 8740 6818
3 9090 8840 595
3 8745 2744 8899
3 2744 8745 7872
3 1417 710 8746
3 1382 2943 9054
3 828 835 857
3 864 1401 860
3 3461 804 771
3 862 8784 855
3 5875 6452 9652
3 2954 9086 7450
3 8525 2723 9613
3 9916 2044 8676
3 2141 9101 3233
3 812 824 798
3 798 824 815
3 664 670 9576
3 2559 7632 1525
3 7754 3170 9102
3 593 3281 564
3 798 8409 8870
3 856 836 9710
3 8575 9040 2660
3 764 753 748
3 2054 2685 8039
3 8903 1842 7837
3 3281 9101 564
3 615 8194 3281
3 615 3281 593
3 8194 615 8663
3 8906 8373 2750
3 3054 6855 2127
3 828 824 802
3 8663 634 8851
3 8870 8655 798
3 812 8655 810
3 2943 8582 2750
3 1418 8925 1671
3 6668 8851 625
3 8933 9041 9911
3 2054 789 8933
3 5672 8960 587
3 8960 628 587
3 9912 2808 9393
3 8941 2617 2929
3 2617 8941 8575
3 3054 9930 7450
3 717 708 9434
3 8949 2954 9930
3 8740 628 8960
3 3174 8965 2813
3 8230 8965 3174
3 8989 9911 7837
3 8824 857 8395
3 8442 704 9899
3 2113 7798 8651
3 2147 3174 5579
3 2147 8230 3174
3 2401 2136 8906
3 2401 2795 9102
3 3276 9006 9050
3 2660 4194 2143
3 9040 4194 2660
3 9005 567 587
3 9005 558 567
3 9006 605 562
3 605 9006 9127
3 810 824 812
3 1764 8489 2872
3 1764 7061 8489
3 617 606 660
3 8840 576 618
3 9090 576 8840
3 8465 3100 9019
3 8989 9019 3100
3 9272 644 658
3 2323 9024 8024
3 2323 3027 9024
3 8952 7936 2813
3 9289 8204 5106
3 2051 9926 8204
3 7798 2113 8333
3 2525 7867 6145
3 2533 8009 2532
3 8933 789 9041
3 2372 2848 8824
3 3027 7872 9024
3 9050 9006 562
3 9936 828 802
3 1382 9054 3113
3 7867 687 3558
3 8746 710 7632
3 6823 8512 2812
3 3087 9058 2532
3 9058 3087 1434
3 9102 2136 2401
3 2954 7450 9930
3 3276 587 6611
3 7632 9076 1525
3 9910 9900 9076
3 606 585 601
3 8739 9077 2526
3 9077 9911 2526
3 2055 9019 8989
3 9900 1525 9076
3 9659 9084 8009
3 9086 2323 8024
3 2533 2892 2870
3 7852 1518 1519
3 8957 8582 810
3 2872 9527 9918
3 9558 599 565
3 9006 6611 9127
3 8334 8919 880
3 1518 8927 1520
3 836 834 8928
3 8928 834 842
3 564 9101 559
3 2928 8633 3113
3 9898 9568 8893
3 3557 3687 9492
3 4921 6668 6611
3 7754 9102 2514
3 704 8442 1204
3 8442 9272 1204
3 6611 6668 9127
3 678 686 636
3 8373 8321 2928
3 2685 2054 3100
3 2054 3014 3100
3 6855 3054 7450
3 789 8333 2892
3 2141 9050 9101
3 558 2141 3233
3 6744 687 5205
3 9898 5205 687
3 2533 2526 9041
3 2704 7936 8952
3 2872 8981 9916
3 8987 1764 682
3 7529 8987 682
3 6738 9533 9002
3 633 8516 616
3 688 9509 673
3 9378 1416 1419
3 2993 1416 9378
3 2993 9378 7498
3 8435 9113 2848
3 9608 2372 6355
3 2993 9593 3556
3 9647 7498 9378
3 6268 9298 9047
3 1381 7558 9047
3 8395 857 835
3 9298 6213 3558
3 9075 2872 9918
3 2872 9075 3221
3 3051 1526 9571
3 1381 9361 7558
3 9579 9348 9926
3 8281 9678 9895
3 9112 596 617
3 9112 617 2445
3 8435 885 9113
3 9272 643 637
3 835 855 8395
3 8415 639 9668
3 9495 5003 7304
3 685 643 8442
3 1518 8425 8927
3 9158 856 9710
3 856 9158 862
3 6595 8676 2044
3 2441 8531 5075
3 1937 690 9188
3 9188 690 708
3 9211 8344 2800
3 703 688 686
3 686 688 673
3 3367 9625 9488
3 768 771 804
3 9225 2808 9912
3 616 1319 626
3 616 8516 1319
3 8489 8981 2872
3 685 678 616
3 690 626 9251
3 8204 9917 1520
3 8204 1520 5106
3 9434 9237 717
3 862 9238 2372
3 9238 862 4878
3 599 9675 9247
3 561 9247 563
3 9646 8246 571
3 9329 8334 864
3 693 9251 668
3 9251 626 668
3 2286 9646 571
3 6738 9289 9533
3 7299 9415 7929
3 9660 578 639
3 897 903 8062
3 9289 6738 2051
3 2051 8204 9289
3 1671 9492 4902
3 9492 9661 2994
3 3556 8474 1416
3 2536 8474 3556
3 9647 8425 7498
3 3321 836 856
3 1518 7852 2542
3 685 616 7228
3 9937 8531 9612
3 601 585 9090
3 2372 9608 2848
3 860 2848 9329
3 860 9329 864
3 8334 880 886
3 633 616 678
3 703 1111 688
3 9619 579 596
3 632 9511 1937
3 9348 1522 9915
3 9579 1522 9348
3 558 3233 565
3 609 565 3233
3 4902 9492 2721
3 9492 3687 2721
3 9512 9642 647
3 9298 1381 9047
3 3558 687 9364
3 8089 7035 9367
3 8380 585 9425
3 8380 576 585
3 897 8062 8874
3 9421 9363 6213
3 6213 6268 9421
3 3555 5205 3088
3 2536 9393 2808
3 713 693 9396
3 3367 9619 1713
3 714 717 711
3 711 717 9237
3 702 9396 703
3 5875 9652 4257
3 3558 9363 7465
3 9483 4257 9002
3 9415 7096 722
3 658 644 9363
3 658 9363 9421
3 8380 9425 579
3 579 9425 596
3 9427 1401 864
3 9443 9361 1381
3 733 5003 9495
3 637 7228 632
3 7228 637 643
3 713 9899 9434
3 703 693 9437
3 2655 2046 8682
3 5875 4257 9483
3 9364 9298 3558
3 2441 5075 9444
3 822 856 9446
3 855 822 9446
3 7299 7929 1338
3 1021 9910 1526
3 661 629 618
3 578 8246 9646
3 8151 898 9455
3 9463 886 891
3 1401 9710 836
3 9465 9894 9676
3 7228 9673 632
3 9273 8415 9668
3 8874 9463 891
3 651 670 664
3 9479 5516 3088
3 9367 5516 9479
3 1416 9483 1419
3 5875 9483 1416
3 860 842 845
3 9488 574 561
3 8740 638 9491
3 733 9495 2322
3 3560 632 1937
3 9598 3560 1937
3 1723 8925 1418
3 9500 7867 2525
3 2536 2808 8474
3 658 9505 8682
3 670 660 9509
3 1416 2993 3556
3 9421 9505 658
3 9511 626 690
3 632 9673 9511
3 658 8682 1204
3 576 608 9512
3 9576 670 9509
3 584 574 9625
3 9625 574 9488
3 9479 3088 5205
3 9364 1381 9298
3 3687 9915 9914
3 9527 9916 3166
3 703 9396 693
3 880 8919 885
3 8919 9113 885
3 3367 1713 9657
3 2372 8824 8395
3 9533 9289 2543
3 8009 2870 9659
3 892 8435 9455
3 608 639 9642
3 9537 6595 5075
3 561 567 9547
3 9547 567 558
3 9466 2542 1380
3 9652 2723 8525
3 9652 6452 2723
3 558 565 9547
3 9427 5396 9589
3 6818 9491 620
3 2542 8425 1518
3 8009 9084 3087
3 8246 9660 608
3 9533 1419 9002
3 886 9463 8334
3 3321 822 3461
3 9047 9567 2655
3 7752 9568 687
3 9568 7752 8893
3 1401 9427 9710
3 595 618 629
3 2525 6145 9640
3 6145 6045 9640
3 9657 9625 3367
3 8435 9608 6355
3 1522 3051 9571
3 571 8380 579
3 9505 6268 2655
3 637 632 3560
3 702 678 685
3 9943 7632 9609
3 1526 3051 1021
3 1723 1021 3051
3 9673 616 626
3 7228 616 9673
3 647 9642 664
3 3687 9943 2721
3 9943 3687 9914
3 9443 4712 9894
3 9579 8271 1522
3 1380 682 9593
3 9593 9607 3556
3 9495 7304 2994
3 9598 1937 8946
3 8334 5919 864
3 708 6711 713
3 9434 708 713
3 4878 9158 9589
3 3008 9606 1338
3 9606 8893 9913
3 2542 9612 1380
3 9607 682 3221
3 9593 682 9607
3 9608 8435 2848
3 9642 639 8415
3 584 1247 8960
3 9943 9609 2721
3 2892 2704 2870
3 2704 2892 2143
3 9914 9915 1522
3 1522 9571 9914
3 9434 9899 9237
3 7852 9612 2542
3 9613 8344 3557
3 8380 571 9665
3 8246 9665 571
3 9211 9348 9915
3 8874 891 897
3 1380 9593 9466
3 9665 8246 608
3 6355 9238 4878
3 9619 596 9112
3 2046 9415 722
3 8965 8952 2813
3 685 8442 9899
3 9606 3008 8893
3 2848 8334 9329
3 1247 584 9625
3 9084 9626 7970
3 1420 7970 9626
3 2543 9378 1419
3 3008 1338 4651
3 1338 9361 4651
3 2525 7096 9500
3 9444 4712 2441
3 6595 9537 8676
3 9273 7794 2445
3 733 9579 2051
3 8925 8657 9655
3 639 578 9057
3 9057 9668 639
3 9567 1338 7929
3 711 7764 722
3 9640 714 2525
3 7498 2542 9466
3 8425 2542 7498
3 2445 664 9642
3 2143 7936 2704
3 2441 7529 8531
3 733 2051 6738
3 2286 563 9646
3 733 9476 8271
3 2322 8657 9476
3 690 9251 6711
3 8927 9647 2543
3 9455 898 892
3 2543 9647 9378
3 3558 6213 9363
3 5396 4878 9589
3 8062 4878 5396
3 8874 8062 5396
3 9655 8657 2322
3 9661 9655 2322
3 9613 2723 8344
3 561 9547 9247
3 565 9247 9547
3 2044 8089 9465
3 620 9675 599
3 9509 660 673
3 1671 9655 9661
3 9505 9421 6268
3 596 585 606
3 9425 585 596
3 9895 3691 8230
3 8230 3691 8965
3 9659 2870 3691
3 8271 3051 1522
3 8246 578 9660
3 9492 1671 9661
3 733 6738 5003
3 638 1247 9681
3 638 7794 9273
3 2721 9609 4902
3 576 9665 608
3 733 8271 9579
3 4902 9609 710
3 637 644 9272
3 733 2322 9476
3 9676 6595 2044
3 9465 9676 2044
3 9057 638 9668
3 1247 9657 9681
3 8682 7764 1204
3 5714 6818 620
3 620 599 5714
3 9537 5075 8531
3 9673 626 9511
3 3087 9084 7970
3 8952 2870 2704
3 8952 3691 2870
3 9273 9668 638
3 9675 578 563
3 2286 3367 9488
3 647 9576 618
3 6595 9676 9444
3 9968 5777 9680
3 578 9646 563
3 620 638 9057
3 9491 638 620
3 1420 9626 9678
3 713 702 9899
3 6595 9444 5075
3 9483 9002 1419
3 8531 7529 1380
3 2617 8651 8281
3 2617 2113 8651
3 3558 7465 7867
3 1671 4902 710
3 710 1418 1671
3 1247 9625 9657
3 571 579 3367
3 3367 579 9619
3 9272 8442 643
3 9660 639 608
3 9415 2046 7929
3 8651 1420 9678
3 608 9642 9512
3 9675 563 9247
3 1713 9112 2445
3 7794 1713 2445
3 8651 7798 9680
3 9680 1420 8651
3 561 563 2286
3 561 2286 9488
3 9612 8531 1380
3 5714 599 9558
3 638 9681 7794
3 9681 9657 7794
3 8651 9678 8281
3 9057 578 9675
3 3691 9084 9659
3 3691 9895 9084
3 1420 5777 7970
3 9680 5777 1420
3 9598 644 3560
3 633 678 636
3 2536 3556 3221
3 9500 7096 9913
3 748 2720 764
3 9678 9626 9895
3 1526 9910 9914
3 9952 1547 8465
3 9075 2938 3221
3 9917 2808 9225
3 2526 9911 9041
3 7035 9916 5516
3 1418 1417 9938
3 1418 710 1417
3 2929 2147 8321
3 1417 8949 9938
3 9931 8575 8941
3 2322 2994 9661
3 9931 4726 8575
3 9938 1021 1723
3 9086 9952 7450
3 9443 9894 9361
3 1671 8925 9655
3 9364 687 6744
3 644 637 3560
3 8657 1723 3051
3 9900 1021 9930
3 7852 9937 9612
3 9931 8906 4726
3 9640 6045 8946
3 702 685 9899
3 702 713 9396
3 8893 3008 9966
3 1525 9900 3054
3 7837 1842 9927
3 2938 9075 9918
3 6855 9927 2127
3 9966 9898 8893
3 2938 9918 9912
3 2536 2938 9393
3 9910 9943 9914
3 722 714 711
3 7299 9606 9913
3 9930 1021 9938
3 704 9237 9899
4 7765 41 3978
4 177 218 2364
4 1404 7648 9747
4 120 78 79
4 9775 2481 6346
4 213 189 149
4 137 104 74
4 324 308 317
4 2538 9787 8568
4 6501 2692 9757
4 35 65 74
4 9746 6372 3978
4 2200 1500 1466
4 6540 3114 7236
4 1296 7386 3160
4 126 98 65
4 119 132 180
4 9820 1516 1511
4 2496 3061 7680
4 911 1461 914
4 9752 7085 3260
4 2349 1977 1586
4 9828 1515 9824
4 234 198 222
4 9784 2470 2463
4 9746 326 6372
4 1985 1652 1982
4 2305 105 139
4 198 245 238
4 129 100 160
4 238 245 9973
4 125 205 236
4 1564 1567 1565
4 205 235 236
4 238 9973 317
4 5978 3736 6963
4 1298 3624 6386
4 9280 2176 106
4 328 1028 232
4 107 104 155
4 1461 911 905
4 2229 1227 6453
4 126 65 82
4 2229 6453 9761
4 2560 2562 7568
4 37 2562 9280
4 1514 9324 9823
4 1565 1160 8548
4 7155 1565 8548
4 158 9139 1341
4 180 143 213
4 2065 2358 1976
4 1586 9820 9822
4 1552 1971 3517
4 1657 2073 2471
4 7287 7165 7780
4 7634 7421 3056
4 198 234 245
4 1228 6453 1943
4 2293 1798 2513
4 169 7622 9724
4 7353 2094 9722
4 324 232 308
4 3115 1943 4553
4 2154 1977 1976
4 9786 9824 1981
4 317 9973 349
4 9782 1657 2471
4 2464 2065 2349
4 2358 2154 1976
4 3501 9964 8260
4 9961 9369 9755
4 6737 9281 9714
4 1938 6737 9714
4 137 155 104
4 1301 1302 5541
4 9786 9828 9824
4 9786 9792 9828
4 2158 2151 2157
4 9340 6373 1446
4 3617 9756 8550
4 3264 1378 1373
4 2200 8161 1500
4 9538 8161 9775
4 3614 9935 5503
4 9261 2296 3231
4 1784 2285 2274
4 2289 8715 1793
4 1795 6878 9755
4 2280 2279 1296
4 1449 2283 3000
4 7571 2281 9962
4 3713 1290 4955
4 2284 5294 2511
4 4988 1302 6971
4 7449 1451 3482
4 9756 9510 9573
4 3230 6878 2295
4 2696 2698 1794
4 6501 9201 2692
4 2285 1784 9962
4 2283 1798 2999
4 2300 2275 9118
4 1784 2274 3231
4 204 160 138
4 204 1028 160
4 8962 2489 2932
4 6133 3488 5331
4 7811 1449 2510
4 2064 1586 2355
4 6327 6501 9757
4 2073 2158 2157
4 2983 2151 2158
4 9762 4373 2363
4 2367 3184 9785
4 2367 1466 1500
4 9795 2647 8214
4 2129 9715 5464
4 9778 2611 3289
4 2171 1169 5079
4 5793 4795 2489
4 5793 2489 8962
4 1404 9747 6161
4 1284 3934 1448
4 3934 6156 9278
4 308 238 317
4 2470 2065 2464
4 3501 8918 5252
4 7127 2064 2466
4 4676 4903 7780
4 1370 1567 2494
4 2494 9304 1370
4 4733 2500 2725
4 2181 7022 5046
4 3163 1359 3624
4 6776 3597 3624
4 2295 1448 2510
4 1342 1798 2283
4 3230 2295 1449
4 1160 9301 3501
4 6566 3501 9301
4 2492 4843 2495
4 9722 9317 2932
4 4400 7155 2298
4 9399 5981 9752
4 9824 1515 1510
4 9797 7127 2466
4 7155 3713 2298
4 9830 2352 3470
4 4370 9764 9761
4 4868 9764 9763
4 9763 9764 2362
4 9798 2481 2612
4 137 121 189
4 9746 3978 9744
4 7155 1290 3713
4 8235 9760 3232
4 3161 3162 3846
4 174 5528 9934
4 8025 2176 3433
4 4880 9254 4988
4 9526 3934 9278
4 9961 8968 7515
4 2500 4733 2492
4 5118 5341 8672
4 3846 5623 5046
4 2491 6151 8527
4 5674 2498 2502
4 2492 2495 2500
4 1291 1567 1564
4 4843 2492 2561
4 5046 6434 3846
4 2182 5046 5623
4 9755 8968 9961
4 9755 6878 9935
4 9194 4310 2758
4 1285 1450 4310
4 4666 1404 4868
4 9699 4666 4868
4 3618 4301 9750
4 5101 6649 2152
4 4880 5541 9254
4 2492 4733 4935
4 8660 9714 9720
4 2150 9791 8503
4 1446 6373 9513
4 1938 9714 8660
4 234 236 245
4 320 323 236
4 2295 2510 1449
4 9932 2276 8585
4 2305 139 143
4 2305 143 132
4 180 132 143
4 2174 7135 5057
4 213 206 187
4 9278 9711 9135
4 3073 7041 1229
4 2174 5029 5040
4 3597 6386 3624
4 3929 3515 3266
4 9783 3289 2611
4 1971 6218 3517
4 2362 1228 6218
4 1985 2356 1653
4 2349 1976 1977
4 308 232 237
4 3433 3929 7850
4 6737 4795 9281
4 4795 1283 9281
4 105 7185 182
4 5953 1298 2900
4 324 328 232
4 232 1028 204
4 6132 3018 1791
4 6132 200 3018
4 9317 9722 8790
4 8550 1714 3617
4 3618 9304 9721
4 3618 8000 9304
4 6983 9752 9730
4 7041 3073 9744
4 107 177 140
4 9749 7709 2189
4 7709 3966 9712
4 3115 6540 1943
4 121 137 74
4 9821 9828 9792
4 2981 2482 6484
4 2513 8488 2276
4 9757 4828 6327
4 9310 8935 9776
4 9823 9789 9252
4 3157 3158 3624
4 4856 9278 9135
4 3158 3163 3624
4 3627 1294 1301
4 6314 2190 9932
4 6314 9932 8585
4 8061 2810 1503
4 2151 2148 9792
4 2352 8536 9791
4 2151 9792 9786
4 2500 2495 1294
4 2149 8210 9790
4 158 3227 198
4 9828 9821 1515
4 9823 9324 8210
4 6656 9820 6445
4 2148 9790 9792
4 1362 8759 5393
4 7418 5393 8759
4 82 51 106
4 1503 2810 7909
4 4876 2129 9422
4 4876 9422 8434
4 8715 3227 158
4 313 236 235
4 236 323 245
4 8169 9961 4458
4 7674 9412 8268
4 1792 2284 8366
4 8214 923 8445
4 2511 8366 2284
4 7243 2150 9829
4 9829 2460 7243
4 9797 9783 2611
4 3227 8715 9756
4 2491 4344 5623
4 7388 5623 4344
4 78 47 79
4 100 129 47
4 4301 2094 200
4 2355 1982 1652
4 1653 9026 1985
4 2356 1985 9788
4 5981 9753 9934
4 7579 3266 3515
4 8434 1342 4876
4 4425 7335 8628
4 329 313 235
4 8536 2538 9791
4 8536 9787 2538
4 9964 6566 8044
4 2362 4370 1228
4 9454 9713 8402
4 8402 2189 4511
4 100 47 78
4 2363 4373 1229
4 2356 9826 8491
4 2171 131 4400
4 8923 1461 3180
4 1461 8923 8070
4 9787 317 349
4 317 9787 1967
4 8163 4843 3542
4 2560 8163 4744
4 920 927 1978
4 8061 9791 2538
4 927 8214 1978
4 2154 2358 2157
4 2981 1968 2983
4 2073 2358 2065
4 2073 2157 2358
4 2466 2064 2355
4 2065 1976 2349
4 2983 9794 2482
4 2983 2482 2981
4 1798 2293 2999
4 8268 9412 8680
4 8268 8680 1465
4 9059 3261 2693
4 2698 2300 9118
4 8628 9964 8044
4 9750 1169 8881
4 9746 4666 326
4 9699 326 4666
4 201 237 146
4 5651 328 324
4 324 1967 5651
4 1446 6132 2508
4 2495 5263 9034
4 3597 9399 3260
4 6265 9698 2638
4 2173 4877 9328
4 8821 328 5651
4 1565 1567 9301
4 65 98 74
4 1404 9748 4868
4 4632 2174 5057
4 8962 1791 5793
4 5331 5793 1791
4 4876 1342 7811
4 100 138 160
4 2275 8211 4678
4 9599 32 57
4 7725 6736 3499
4 4678 8211 6151
4 7244 9961 8169
4 4632 3260 7085
4 2498 3163 3160
4 1294 3627 2500
4 3627 2725 2500
4 7135 6896 5057
4 6964 7386 2496
4 1371 2489 4795
4 9739 6983 2900
4 9541 1371 8873
4 9963 9541 8873
4 121 149 189
4 4988 5101 8648
4 3499 2343 4856
4 9781 6070 9136
4 2181 4877 1373
4 9962 1373 4877
4 1404 4666 3256
4 1227 130 70
4 4676 8317 4903
4 9730 5953 2900
4 100 146 138
4 2152 4935 4733
4 9822 9976 1586
4 9976 2355 1586
4 5029 9018 5040
4 3736 6684 2171
4 5079 9340 1446
4 6963 3736 5079
4 3073 1229 4373
4 7622 9761 2637
4 9724 7622 2637
4 5118 2495 4843
4 9964 3501 6566
4 1373 7707 2181
4 1291 6684 3736
4 3114 1228 7236
4 9194 8793 9712
4 125 3617 3056
4 9394 4678 2491
4 7727 9744 3978
4 166 126 144
4 5252 3060 39
4 39 1160 5252
4 5981 3253 9753
4 2279 2280 3232
4 2481 9798 1652
4 8163 6291 5118
4 2362 9764 4370
4 2757 1285 6722
4 2495 5118 5263
4 5263 4676 7165
4 4676 7780 7165
4 9760 5411 3265
4 98 149 121
4 98 121 74
4 6158 3162 1794
4 3300 2694 9027
4 5046 7022 6434
4 2296 1295 3759
4 8660 9720 2190
4 9422 5464 3057
4 4268 3057 5464
4 7725 9751 6736
4 5528 5981 9934
4 9730 9752 5981
4 326 9699 9698
4 41 1226 7041
4 7727 7041 9744
4 5503 3230 9751
4 7725 5503 9751
4 9829 5446 8935
4 9730 5981 5528
4 4666 9746 3256
4 9746 6634 3256
4 9578 3626 5541
4 144 126 82
4 6900 2074 216
4 6900 216 3433
4 1228 3114 6218
4 9963 6133 5938
4 9715 8031 6736
4 6736 9723 9715
4 2349 1586 2064
4 72 2491 5623
4 3073 4373 1552
4 9788 9826 2356
4 3060 4828 8382
4 8382 4828 9757
4 2064 2464 2349
4 3482 1451 5669
4 2502 3265 5707
4 2502 5707 5674
4 7041 1226 1229
4 5707 5411 3253
4 5341 6291 5681
4 6291 6892 5681
4 2503 2181 7707
4 9722 4301 8790
4 3159 3759 7418
4 6971 209 5101
4 8260 9964 2689
4 204 146 237
4 175 106 2176
4 39 3060 5896
4 5896 3060 8382
4 4370 9761 6453
4 2173 2182 9027
4 2492 4935 2561
4 2560 6892 6291
4 3159 1296 9603
4 5938 200 2094
4 8317 4676 5341
4 2229 130 1227
4 5446 9776 8935
4 1816 209 7287
4 9574 6346 9795
4 9034 5263 2984
4 7430 3515 2561
4 9180 9749 3482
4 1291 3736 5978
4 4301 9513 6373
4 3114 3517 6218
4 3260 9399 9752
4 4903 2074 6014
4 6900 6014 2074
4 204 138 146
4 2508 1791 8962
4 6983 9739 7085
4 2283 1449 1342
4 9422 3057 1574
4 2199 1574 3057
4 9281 2199 6974
4 1567 1291 2494
4 4876 7811 8433
4 8433 2343 4876
4 6307 1285 2757
4 7780 4903 3266
4 1446 9513 6132
4 1791 3018 6133
4 6156 1284 2757
4 7622 7883 9761
4 9748 6161 1403
4 5331 1283 5793
4 1296 3160 7400
4 8997 1816 7430
4 5029 5101 2152
4 2190 9720 2188
4 3613 9750 8881
4 3736 2171 5079
4 9777 1510 2204
4 6247 9763 2362
4 5118 6291 5341
4 9724 1403 7788
4 2201 8529 9780
4 2511 6307 1284
4 6314 1938 2190
4 6327 4828 2689
4 1226 2364 1229
4 3890 8090 3604
4 8407 9739 4880
4 9750 4301 6373
4 1298 6386 3156
4 6386 3597 3156
4 9798 9209 9783
4 9369 1795 9755
4 9783 2466 9798
4 2692 2698 2694
4 5681 62 119
4 5681 6892 62
4 5541 3626 1301
4 1403 6161 9747
4 1565 9301 1160
4 3163 2498 1359
4 3158 3160 3163
4 2501 3630 6434
4 9750 6373 9340
4 3501 8260 8918
4 3060 8260 4828
4 7155 131 1565
4 5331 3488 8820
4 6445 9820 1511
4 3289 6445 1511
4 6475 1448 1795
4 1448 6475 1284
4 144 82 106
4 7155 8548 1290
4 2482 9796 6484
4 9762 2363 2638
4 1298 3156 3841
4 2900 1298 3841
4 2275 4678 9394
4 9780 8529 9795
4 9779 2463 9778
4 9779 9784 2463
4 9747 3114 6540
4 9261 1295 2296
4 2367 9822 1513
4 9027 2182 3300
4 7388 4344 3300
4 9699 2638 9698
4 9823 8210 9789
4 3929 3837 4744
4 7758 9775 8161
4 100 78 146
4 8881 1169 4425
4 9723 6736 9751
4 9749 9180 7709
4 6649 1816 2152
4 6649 209 1816
4 1513 6656 6445
4 1513 9822 6656
4 1791 6133 5331
4 4268 9720 3057
4 1291 1564 6684
4 9394 6158 2275
4 9822 2367 9976
4 2367 9785 9976
4 3265 9759 9760
4 3614 5503 7725
4 9288 6896 7135
4 3626 7135 5040
4 1938 8873 6737
4 2174 5040 7135
4 2696 1794 2281
4 5393 9153 1362
4 1359 6776 3624
4 3260 6777 3597
4 3597 6777 3156
4 2209 3191 1510
4 3630 8299 5174
4 8628 2689 9964
4 2188 9720 4268
4 2204 1510 1515
4 2560 4744 8687
4 9699 4868 9763
4 9826 3180 9375
4 2984 4177 1294
4 209 4177 2984
4 8214 2647 1978
4 4955 1290 8211
4 120 201 146
4 3966 8169 9712
4 6501 3713 4955
4 2498 6964 2502
4 9278 6156 9711
4 9779 1510 9777
4 6892 2560 7568
4 6896 3156 5057
4 1299 6896 9288
4 6878 3230 9935
4 4458 9961 7515
4 9711 4458 7515
4 1359 2498 5674
4 137 189 155
4 177 155 189
4 9746 9744 6634
4 6634 9744 3073
4 5294 1450 1285
4 78 120 146
4 208 193 7622
4 2692 2300 2698
4 235 160 1028
4 1446 2508 6963
4 2508 1573 6963
4 6964 2496 2502
4 6971 1302 209
4 3115 9747 6540
4 6974 2199 3057
4 6983 9730 2900
4 9748 1404 6161
4 9963 8873 6314
4 6484 9796 9166
4 9795 6346 2647
4 9711 6156 4458
4 9722 2094 4301
4 7648 3114 9747
4 129 160 235
4 9711 7515 3614
4 6307 2757 1284
4 2503 8809 2501
4 5978 6963 1573
4 8672 5341 4676
4 4511 2189 7709
4 8527 4344 2491
4 1967 324 317
4 7674 2605 9830
4 1793 1286 8773
4 7568 2562 37
4 144 175 9450
4 2464 2064 7127
4 9797 2464 7127
4 1451 5294 5669
4 8061 9825 9791
4 98 126 149
4 3162 2281 1794
4 5263 7165 2984
4 7214 7449 9749
4 9749 2189 7214
4 9739 6664 4880
4 1299 4880 6664
4 9775 7758 2481
4 6540 7236 1943
4 7189 119 187
4 3618 9750 8000
4 8031 9715 2343
4 1362 8713 3061
4 3617 222 9756
4 218 202 182
4 155 177 107
4 3517 3114 6634
4 9764 4868 9748
4 209 2984 7287
4 3470 2150 7243
4 7243 2460 3470
4 5713 7244 3966
4 3966 7244 8169
4 2482 9794 9799
4 9739 8407 3254
4 6247 1971 1552
4 4425 1169 7335
4 7335 1169 2171
4 4678 6151 2491
4 174 3158 3157
4 3158 174 8090
4 3517 6634 3073
4 7189 216 2074
4 9762 1552 4373
4 6656 9822 9820
4 7568 37 62
4 6892 7568 62
4 1574 1342 8434
4 2296 3759 2279
4 9757 150 8382
4 2204 1515 6070
4 6070 1515 7368
4 65 30 82
4 9724 7788 169
4 9778 1397 9779
4 1397 2209 9779
4 1397 3289 1511
4 1397 9778 3289
4 9541 2094 7353
4 2489 1371 7353
4 313 329 9774
4 4880 1299 5541
4 3261 7680 3061
4 65 35 30
4 6070 7368 1514
4 1514 7368 9821
4 9933 4268 9723
4 8687 4744 3837
4 3056 3617 7634
4 4935 7430 2561
4 6777 5057 3156
4 1296 3159 7386
4 2182 5623 7388
4 2182 7388 3300
4 2279 9603 1296
4 920 9793 9974
4 1296 7400 2280
4 70 32 1227
4 3159 7418 8759
4 3115 4553 7586
4 32 4553 1227
4 3264 3061 8713
4 2276 8488 2199
4 3073 1552 3517
4 119 62 132
4 2352 9791 8872
4 1448 1570 2510
4 2481 1653 6346
4 4177 1302 1301
4 209 1302 4177
4 9711 3614 9135
4 9327 2494 1291
4 1226 41 61
4 61 107 1226
4 1283 9440 9281
4 6070 1514 9136
4 2503 1378 8809
4 3929 3433 3837
4 9706 30 35
4 3115 9745 7500
4 1403 7500 9745
4 106 175 144
4 3841 3156 6896
4 1816 7287 7579
4 7430 7579 3515
4 5101 209 6649
4 3597 6776 9399
4 9762 9699 9763
4 2182 9328 5046
4 2513 2276 2293
4 4988 6971 5101
4 3433 7850 6900
4 6634 3114 3256
4 2696 2281 7571
4 7571 2173 2696
4 5252 1160 3501
4 7586 4553 32
4 7586 9599 9745
4 7515 9935 3614
4 2689 2298 6327
4 1371 4795 6737
4 9739 2900 6664
4 7418 3759 1295
4 9450 175 206
4 7634 3617 1714
4 166 149 126
4 9194 6722 1285
4 1404 3256 7648
4 3256 3114 7648
4 3934 9526 1448
4 1938 8660 2190
4 3160 6964 2498
4 9762 9763 6247
4 202 218 189
4 5674 3253 1359
4 1403 9745 7788
4 2503 7707 1378
4 1373 1378 7707
4 3614 7725 3499
4 41 7727 3978
4 41 7041 7727
4 2561 3515 3542
4 1714 7421 7634
4 9820 9827 1516
4 3191 1516 9827
4 2725 3626 5040
4 9773 7758 2200
4 9773 2612 7758
4 7765 105 53
4 111 7788 57
4 1229 2364 2363
4 1342 1449 7811
4 2693 2279 7810
4 9059 7810 9759
4 9575 9823 9252
4 7826 2204 9781
4 9796 7826 9781
4 7850 3929 3266
4 3056 47 129
4 3056 129 125
4 6434 2503 2501
4 1503 9252 9825
4 9252 9789 9825
4 7622 193 7883
4 1294 4177 1301
4 1567 6566 9301
4 187 216 7189
4 187 206 216
4 1283 4795 5793
4 9538 9556 8161
4 1570 4856 2343
4 2209 1516 3191
4 6722 9712 2757
4 2156 9789 2149
4 150 7955 2694
4 9799 9782 7826
4 198 238 201
4 2463 2464 9797
4 1503 9825 8061
4 7400 3890 8235
4 7400 3160 3890
4 3230 1449 3000
4 9751 3230 3000
4 8000 1370 9304
4 1370 8000 3613
4 3890 3604 8235
4 189 213 202
4 1567 1370 6566
4 8491 1978 2647
4 175 2176 8025
4 216 175 8025
4 130 2229 193
4 8031 3499 6736
4 3499 8031 2343
4 7421 47 3056
4 3613 4425 8044
4 7788 9745 9599
4 2496 7680 2502
4 1226 140 2364
4 8687 2176 2562
4 6372 8758 3978
4 6372 7185 8758
4 39 6151 8412
4 1461 8070 914
4 2285 2281 3161
4 3254 2174 4632
4 2343 9715 2129
4 2149 9789 8210
4 9056 8070 9780
4 9778 2463 2611
4 2560 6291 8163
4 2150 9789 2156
4 4458 2757 8169
4 2211 9776 9136
4 2900 3841 6664
4 8759 3061 2496
4 2074 8317 5341
4 2605 8268 9774
4 6156 2757 4458
4 8821 2605 8646
4 9541 5938 2094
4 8211 8412 6151
4 1465 9774 8268
4 8902 5713 3482
4 4903 6014 3266
4 6900 7850 6014
4 4744 3542 3929
4 3232 2280 8235
4 8820 1283 5331
4 9641 9713 7222
4 4310 9501 2758
4 4310 1450 9501
4 4828 8260 2689
4 2362 1971 6247
4 8412 1290 1160
4 8412 1160 39
4 2511 1285 6307
4 7883 193 2229
4 8715 8772 1793
4 3978 105 7765
4 53 41 7765
4 8317 2074 4903
4 3260 5057 6777
4 3470 2352 8872
4 6247 1552 9762
4 9753 8361 9934
4 8361 9753 5411
4 35 74 61
4 35 6301 53
4 61 6301 35
4 9369 8366 1795
4 329 328 8646
4 1028 328 329
4 2981 6484 2156
4 2692 2694 7955
4 4955 8211 2275
4 6501 4955 9201
4 9713 9454 7222
4 2150 8503 9789
4 8503 9825 9789
4 8445 9056 9780
4 8402 9713 1714
4 6684 131 2171
4 4988 8407 4880
4 8407 4988 3254
4 2364 9351 6265
4 920 1978 9793
4 143 202 213
4 8433 7811 1570
4 1570 2343 8433
4 8434 9422 1574
4 2352 9787 8536
4 1967 2352 2345
4 2501 9153 5393
4 2157 1981 2154
4 7415 5713 8902
4 1985 9785 9788
4 9788 9785 3184
4 7287 7780 7579
4 8568 9787 349
4 3265 2502 7680
4 6372 326 9698
4 7236 1228 1943
4 8477 9751 3000
4 9751 8477 9723
4 8488 1574 2199
4 8488 2513 1574
4 8491 9826 9375
4 9166 9776 5446
4 320 313 9774
4 8361 9760 3604
4 8527 6151 39
4 8646 9774 329
4 9538 9775 8529
4 8529 9574 9795
4 3157 3624 1298
4 6964 3160 7386
4 235 1028 329
4 1341 79 1571
4 79 7421 1571
4 8548 1160 1290
4 3057 9720 6974
4 9724 9748 1403
4 2637 9748 9724
4 53 6301 41
4 1299 6664 3841
4 3617 125 222
4 9935 3230 5503
4 2356 8491 2647
4 8715 9510 9756
4 216 206 175
4 9949 1466 1513
4 9756 222 3227
4 9974 9121 905
4 2508 6132 1791
4 8585 8820 3488
4 6314 8585 3488
4 2181 9328 4877
4 120 8818 201
4 201 8818 198
4 1371 9541 7353
4 3115 7500 9747
4 79 1341 9139
4 1359 3253 6776
4 2689 4400 2298
4 2689 8628 4400
4 2496 7386 3159
4 5669 2284 1792
4 3482 5669 8902
4 2538 8568 1465
4 79 47 7421
4 4988 8648 3254
4 2174 3254 8648
4 8997 7430 4935
4 2692 7955 9757
4 3261 8658 7680
4 9759 8658 3261
4 107 140 1226
4 9043 1465 8568
4 120 158 8818
4 8818 158 198
4 5118 8672 5263
4 5263 8672 4676
4 8821 5651 2345
4 328 8821 8646
4 2560 8687 2562
4 61 41 6301
4 7758 2612 2481
4 1341 1571 9206
4 5669 5294 2284
4 8090 174 9934
4 201 238 237
4 8872 9791 2150
4 3470 8872 2150
4 1362 1378 8713
4 3264 8713 1378
4 2209 1397 1516
4 236 313 320
4 9962 2281 2285
4 1299 3841 6896
4 6463 2460 8935
4 105 2305 53
4 8680 2538 1465
4 8758 105 3978
4 8758 7185 105
4 1362 3061 8759
4 8044 6566 3613
4 1370 3613 6566
4 5707 3253 5674
4 1341 8772 158
4 8715 158 8772
4 8773 9501 1450
4 8366 6475 1795
4 9721 8790 3618
4 8790 4301 3618
4 2758 4511 8793
4 4511 7709 8793
4 8658 3265 7680
4 8809 9153 2501
4 8809 1378 1362
4 3265 5411 5707
4 238 308 237
4 4876 2343 2129
4 2276 9440 8820
4 182 9351 218
4 9327 1291 5978
4 139 105 182
4 9796 2482 9799
4 914 8070 9056
4 9056 918 914
4 3604 8090 9934
4 8866 1501 1460
4 1501 8866 9826
4 2152 4733 9018
4 9018 4733 2725
4 3613 8881 4425
4 918 9056 923
4 927 923 8214
4 5651 1967 2345
4 323 349 9973
4 323 9043 349
4 8445 923 9056
4 143 139 182
4 182 202 143
4 4268 9715 9723
4 4268 5464 9715
4 2074 5341 5681
4 5681 119 2074
4 30 37 51
4 30 51 82
4 7415 8902 1792
4 8902 5669 1792
4 6434 3630 3846
4 8918 3060 5252
4 8918 8260 3060
4 2367 1513 1466
4 9829 8935 2460
4 8821 2345 2605
4 9206 1793 8772
4 3180 1461 9121
4 3180 9121 9793
4 7244 5713 7415
4 1461 905 9121
4 9351 7185 6265
4 1978 9375 9793
4 3180 9793 9375
4 3542 4843 2561
4 1573 2508 8962
4 8962 2932 1573
4 2647 1653 2356
4 8968 9935 7515
4 9755 9935 8968
4 2174 8648 5029
4 9759 3261 9059
4 2275 6158 9118
4 2152 1816 8997
4 2152 8997 4935
4 9194 9712 6722
4 7850 3266 6014
4 5029 2152 9018
4 9026 1652 1985
4 2481 1652 9026
4 2696 2173 9027
4 1564 1565 131
4 1564 131 6684
4 2495 9034 1294
4 1294 9034 2984
4 2501 8299 3630
4 2501 5393 8299
4 2693 7810 9059
4 3158 8090 3890
4 3890 3160 3158
4 9961 7244 7415
4 2510 1570 7811
4 9706 62 30
4 62 9706 132
4 104 107 61
4 74 104 61
4 4400 7335 2171
4 5174 1295 2274
4 5174 8299 1295
4 1448 2295 1795
4 6878 1795 2295
4 1794 9118 6158
4 2289 8773 9506
4 1450 1451 8773
4 8000 9750 3613
4 3161 3846 3630
4 1285 4310 9194
4 72 3162 6158
4 9327 5978 9349
4 5978 1573 9349
4 2758 8793 9194
4 1816 7579 7430
4 9776 9166 9781
4 9136 9776 9781
4 9136 1514 2211
4 182 7185 9351
4 158 120 9139
4 79 9139 120
4 8445 9780 9795
4 8809 1362 9153
4 8759 2496 3159
4 9823 9575 2211
4 6484 9166 5446
4 2074 119 7189
4 9721 9317 8790
4 9721 9349 9317
4 174 3157 1298
4 174 1298 5953
4 9829 2150 2156
4 1570 9526 4856
4 5079 1169 9340
4 9180 5713 3966
4 5713 9180 3482
4 7788 111 169
4 9201 2300 2692
4 2300 9201 2275
4 9201 4955 2275
4 9206 1571 9641
4 1793 9206 1286
4 7571 4877 2173
4 2511 5294 1285
4 9209 2612 9773
4 9798 2612 9209
4 119 180 187
4 9513 200 6132
4 1295 5393 7418
4 3161 3630 5174
4 3161 5174 2285
4 8527 39 5896
4 7780 3266 7579
4 7674 2460 9412
4 9412 2460 6463
4 9823 2211 1514
4 9963 3488 6133
4 3254 4632 7085
4 7085 9739 3254
4 9254 1302 4988
4 9254 5541 1302
4 8163 5118 4843
4 1798 1342 2513
4 2513 1342 1574
4 1503 7909 2211
4 2274 9261 3231
4 2274 1295 9261
4 3232 9760 9759
4 5896 8382 150
4 9829 6484 5446
4 8585 2276 8820
4 6463 9310 7909
4 9781 2204 6070
4 51 37 9280
4 2181 2503 7022
4 7022 2503 6434
4 1460 2201 8070
4 8923 1460 8070
4 3626 9288 7135
4 9578 9288 3626
4 1295 8299 5393
4 2211 9310 9776
4 9310 2211 7909
4 9369 7415 1792
4 3018 5938 6133
4 3614 3499 9135
4 6463 8935 9310
4 9761 7883 2229
4 4344 5896 150
4 4344 8527 5896
4 1501 8161 9556
4 174 9730 5528
4 3934 1284 6156
4 1514 9790 9324
4 9324 9790 8210
4 1792 8366 9369
4 2188 4268 9933
4 9754 2188 9933
4 1460 8923 3180
4 9304 2494 9327
4 9328 2181 5046
4 2285 5174 2274
4 206 213 166
4 7586 32 9599
4 9750 9340 1169
4 2298 3713 6501
4 6327 2298 6501
4 2364 218 9351
4 8402 1714 8550
4 51 9280 106
4 9961 7415 9369
4 2362 6218 1971
4 72 6158 9394
4 3162 72 3846
4 3542 3515 3929
4 1446 6963 5079
4 8070 2201 9780
4 72 9394 2491
4 9399 3253 5981
4 6776 3253 9399
4 9706 35 53
4 3626 3627 1301
4 3627 3626 2725
4 6463 7909 2810
4 9412 6463 2810
4 8680 9412 2810
4 7421 1714 9713
4 7421 9713 1571
4 7287 2984 7165
4 3433 2176 3837
4 2176 8687 3837
4 2698 9118 1794
4 3260 4632 5057
4 8491 9375 1978
4 2129 5464 9422
4 3180 8866 1460
4 9826 8866 3180
4 2511 6475 8366
4 6475 2511 1284
4 2460 9830 3470
4 2460 7674 9830
4 8061 8680 2810
4 1451 1450 5294
4 9440 2199 9281
4 2276 2199 9440
4 72 5623 3846
4 3161 2281 3162
4 144 9450 166
4 166 9450 206
4 9440 1283 8820
4 2489 7353 9722
4 2489 9722 2932
4 7222 9454 9624
4 2758 9454 4511
4 4400 131 7155
4 9830 2345 2352
4 2345 9830 2605
4 8773 1286 9501
4 8873 1371 6737
4 213 149 166
4 6346 1653 2647
4 4553 1943 1227
4 1943 6453 1227
4 2289 1793 8773
4 9773 1466 9949
4 3499 4856 9135
4 9209 9773 9949
4 7400 8235 2280
4 9698 7185 6372
4 320 9043 323
4 9501 9624 2758
4 7758 8161 2200
4 9506 1451 7449
4 9506 8773 1451
4 9510 2289 7214
4 8715 2289 9510
4 4301 200 9513
4 8061 2538 8680
4 7214 2289 7449
4 9526 1570 1448
4 2201 9538 8529
4 8628 8044 4425
4 1573 2932 9349
4 9317 9349 2932
4 2201 1460 9538
4 9730 174 5953
4 1286 7222 9624
4 9501 1286 9624
4 1341 9206 8772
4 200 5938 3018
4 9538 1460 9556
4 1501 9556 1460
4 150 2694 3300
4 2305 9706 53
4 9756 9573 8550
4 2605 9774 8646
4 1500 1501 3184
4 8161 1501 1500
4 9180 3966 7709
4 320 9774 9043
4 9788 3184 9826
4 1501 9826 3184
4 3300 4344 150
4 2605 7674 8268
4 9573 9510 7214
4 9573 7214 8550
4 9775 6346 9574
4 8529 9775 9574
4 1503 9575 9252
4 9575 1503 2211
4 2289 9506 7449
4 1299 9578 5541
4 1299 9288 9578
4 8568 349 9043
4 1286 9641 7222
4 9206 9641 1286
4 8163 3542 4744
4 169 208 7622
4 8873 1938 6314
4 3604 9760 8235
4 9934 8361 3604
4 6983 7085 9752
4 9327 9721 9304
4 8211 1290 8412
4 7788 9599 57
4 4370 6453 1228
4 3159 9603 3759
4 2279 3759 9603
4 4511 9454 8402
4 8550 7214 2189
4 2189 8402 8550
4 9624 9454 2758
4 1571 9713 9641
4 9043 9774 1465
4 237 232 204
4 9764 2637 9761
4 9714 9281 6974
4 5040 9018 2725
4 9280 2562 2176
4 62 37 30
4 8169 2757 9712
4 6974 9720 9714
4 9349 9721 9327
4 3261 3061 3264
4 8793 7709 9712
4 9526 9278 4856
4 180 213 187
4 2696 9027 2694
4 9699 9762 2638
4 218 177 189
4 9791 9825 8503
4 1982 9976 9785
4 9792 9790 9821
4 1967 9787 2352
4 2149 9790 1968
4 1981 9824 2154
4 2073 2065 2470
4 6484 9829 2156
4 9794 2983 2158
4 2148 1968 9790
4 1657 2158 2073
4 1657 9799 9794
4 8214 8445 9795
4 9827 9820 1977
4 9824 9827 2154
4 2470 9784 2471
4 2470 2471 2073
4 1373 9962 9758
4 125 129 205
4 5411 9753 3253
4 9932 2188 9754
4 9758 2693 3264
4 3231 2296 2693
4 8628 7335 4400
4 2693 2296 2279
4 7810 2279 3232
4 2693 3261 3264
4 3000 2283 2999
4 2293 9932 9754
4 9932 2190 2188
4 2293 2276 9932
4 2694 2698 2696
4 7810 3232 9759
4 9963 6314 3488
4 2364 140 177
4 2364 6265 2363
4 2638 2363 6265
4 2470 2464 2463
4 2466 9783 9797
4 129 235 205
4 9797 2611 2463
4 9949 3289 9783
4 2200 1466 9773
4 9779 2209 1510
4 9784 9782 2471
4 9782 9777 2204
4 3289 1513 6445
4 1513 3289 9949
4 9764 9748 2637
4 2305 132 9706
4 9698 6265 7185
4 9166 9796 9781
4 9783 9209 9949
4 2481 9026 1653
4 2355 1652 9798
4 2466 2355 9798
4 2158 1657 9794
4 9784 9779 9777
4 9782 2204 7826
4 9782 9784 9777
4 9796 9799 7826
4 1657 9782 9799
4 1403 9747 7500
4 3115 7586 9745
4 125 236 234
4 9759 3265 8658
4 9541 9963 5938
4 9962 4877 7571
4 9754 2999 2293
4 1373 9758 3264
4 2173 9328 2182
4 9933 3000 2999
4 9933 8477 3000
4 9760 8361 5411
4 1784 9758 9962
4 9758 3231 2693
4 9758 1784 3231
4 9933 2999 9754
4 150 9757 7955
4 216 8025 3433
4 222 125 234
4 8477 9933 9723
4 3227 222 198
4 5029 8648 5101
4 9749 7449 3482
4 9121 9974 9793
4 9973 245 323
4 3191 9824 1510
4 3184 2367 1500
4 1516 1397 1511
4 1982 9785 1985
4 1968 2981 2149
4 2149 2981 2156
4 2151 9786 1981
4 2148 2151 2983
4 2355 9976 1982
4 3191 9827 9824
4 7368 1515 9821
4 1586 1977 9820
4 1968 2148 2983
4 1514 9821 9790
4 1977 2154 9827
4 2151 1981 2157
5 861 2646 8369
5 404 395 1282
5 315 3599 1107
5 3562 545 9052
5 1267 3423 9215
5 7795 3183 8606
5 393 7626 1282
5 1837 9969 8331
5 9879 723 9878
5 788 825 817
5 9881 9870 1123
5 7944 5292 481
5 2240 7119 8699
5 9874 2584 1143
5 1445 2729 8398
5 817 844 808
5 9857 9873 9872
5 8314 446 437
5 837 825 830
5 2737 9889 8690
5 3562 9052 2515
5 2386 8473 8963
5 9863 9856 1222
5 9856 9885 9877
5 2429 2327 586
5 9890 1115 9876
5 1141 2565 1223
5 416 434 415
5 4231 1606 8617
5 1032 2737 9902
5 9742 7842 9923
5 2743 8690 1126
5 1122 2216 1121
5 1123 9891 1032
5 2216 2738 1121
5 1032 9902 1739
5 825 788 830
5 415 397 416
5 443 8056 434
5 7496 374 352
5 430 437 440
5 837 830 853
5 1826 1506 7325
5 8242 2288 2457
5 5754 9131 648
5 8322 1176 8711
5 1102 1103 481
5 9142 642 9977
5 430 440 417
5 7496 362 379
5 2748 8969 9906
5 9079 2740 9907
5 9909 7859 2743
5 9923 9079 9907
5 3286 436 450
5 9889 9879 9878
5 2853 345 364
5 7631 9908 8802
5 9908 2747 8524
5 9906 8969 2971
5 8632 853 2608
5 1224 8509 1222
5 380 385 372
5 1443 3709 1445
5 9687 532 7027
5 9925 7717 9904
5 9887 2747 2745
5 8606 3183 2024
5 9860 1140 8894
5 381 351 378
5 723 1131 8626
5 8337 9857 2566
5 2697 9048 2118
5 2374 2118 9010
5 2386 1606 7790
5 7790 1606 4231
5 2968 8699 2973
5 378 9107 393
5 2192 456 8924
5 434 417 440
5 2748 9906 1118
5 1218 9902 9920
5 2738 2216 1741
5 1352 2214 9905
5 1026 8690 2743
5 2133 6683 7903
5 9905 9924 9921
5 2697 2973 7119
5 8704 9594 2326
5 8231 2583 2766
5 3941 7374 3949
5 378 375 379
5 532 2326 9594
5 7027 1443 9687
5 2583 8231 861
5 9928 2591 1606
5 861 8601 2646
5 2775 840 8833
5 2673 2608 8645
5 2608 2673 8352
5 9887 8621 2747
5 2748 1118 1120
5 1123 9870 9880
5 9878 9929 9020
5 9893 2215 9890
5 9929 9094 9886
5 8765 2714 2968
5 4231 8617 2714
5 1125 9881 1123
5 8328 6683 960
5 6683 8328 4780
5 2766 2775 8833
5 1350 1127 775
5 2714 8699 2968
5 2254 1057 586
5 9864 8796 2042
5 1123 2217 1125
5 1837 1129 9864
5 2912 9862 1132
5 2971 2970 6383
5 2971 6383 9906
5 1837 9864 2042
5 853 3079 2608
5 7795 9904 3183
5 5795 3944 3941
5 1103 1176 481
5 8699 7119 2973
5 3471 8868 8057
5 2240 2714 8716
5 2714 2591 8716
5 2596 9869 9876
5 2743 1126 8523
5 4628 3172 7684
5 2214 1352 1354
5 9872 9893 9890
5 2287 8047 602
5 1222 9856 1141
5 450 436 8444
5 3442 4309 9577
5 8329 5807 9182
5 3709 9542 2729
5 370 1106 6263
5 2829 1935 9154
5 315 316 325
5 555 2327 2329
5 7258 5754 9627
5 1718 8071 5521
5 6681 410 1936
5 580 9217 3138
5 3138 1620 8060
5 1223 2565 9742
5 316 2853 358
5 7763 1224 9919
5 3888 3323 6263
5 2160 8159 1999
5 7795 1127 1350
5 1350 9903 7795
5 1999 1176 1103
5 8279 9638 5754
5 2760 2761 706
5 416 392 417
5 416 417 434
5 416 397 392
5 8279 5259 6311
5 8257 2583 861
5 9893 1352 2215
5 7554 6683 8329
5 6500 2972 1739
5 2853 364 358
5 3172 4127 7684
5 1555 3888 1506
5 8744 3598 2169
5 861 8369 8257
5 774 788 766
5 1121 1114 1122
5 591 2328 2327
5 486 2829 482
5 1132 1221 9740
5 2911 2566 4732
5 9857 4732 2566
5 3680 8337 2566
5 2829 486 8091
5 4780 5807 8329
5 8302 506 8071
5 2911 8858 9924
5 9858 9870 9871
5 2968 2973 7717
5 3681 9884 9063
5 9884 1120 1118
5 811 8592 814
5 9743 1026 7859
5 7859 1026 2743
5 8674 879 883
5 409 430 417
5 3424 7396 575
5 1267 1057 3423
5 3423 2254 6465
5 9977 642 8796
5 9861 5638 2565
5 9742 2565 5638
5 9901 1349 2215
5 2215 1349 9890
5 9885 8984 1355
5 1379 5527 648
5 9978 754 9883
5 775 9883 754
5 9919 8429 9923
5 9923 9907 9919
5 1718 485 6917
5 8047 642 3104
5 1355 8806 2740
5 9888 1355 2740
5 9886 9928 9882
5 1034 9886 9882
5 1902 799 8598
5 799 1902 8108
5 1406 2071 8693
5 8645 2608 3079
5 8618 9094 734
5 9094 9929 734
5 8693 9883 1406
5 2024 1406 9883
5 8606 2024 9883
5 1267 9215 545
5 706 2761 5673
5 5673 712 706
5 5675 700 2760
5 5675 8808 700
5 4780 8328 7374
5 1223 9923 8429
5 9122 1935 509
5 2829 8091 1935
5 8091 5521 1935
5 9154 488 2829
5 2254 3423 1057
5 586 2327 2254
5 642 8047 669
5 669 8248 642
5 667 9977 650
5 9864 650 9977
5 1175 460 3285
5 1176 8671 481
5 667 1115 1349
5 8598 2071 1902
5 2386 2374 9882
5 460 1175 464
5 1445 3709 2729
5 1191 8349 8534
5 7258 8345 9336
5 9336 2287 602
5 9083 4231 1902
5 9865 2570 9857
5 9878 8942 9929
5 9888 9874 9877
5 1114 9874 9888
5 6683 4780 8329
5 3944 4127 3491
5 380 372 358
5 532 9594 535
5 5238 6917 2457
5 9860 7978 1140
5 8601 861 7309
5 1435 6311 5259
5 504 6335 3598
5 6683 7554 1645
5 8325 5292 7944
5 4628 7804 3172
5 325 358 372
5 648 9097 5259
5 659 5791 655
5 3767 2515 7874
5 5129 3075 8593
5 6401 8839 4058
5 7258 9007 3139
5 384 358 364
5 7337 2326 5661
5 648 8279 5754
5 1443 7177 3709
5 9862 9866 8426
5 8509 2972 9740
5 2515 525 8704
5 8451 577 2852
5 659 9477 5791
5 8593 5795 3941
5 1057 655 5791
5 9978 9883 8693
5 9743 2595 8915
5 1645 7684 1171
5 382 355 381
5 5971 3562 560
5 3442 1171 4309
5 1612 3972 1173
5 1206 1173 3972
5 659 6041 9477
5 404 410 395
5 379 375 7496
5 375 359 374
5 8410 1435 2105
5 8410 2105 3139
5 9217 8162 3562
5 3562 5971 9217
5 382 364 345
5 4668 6401 339
5 3172 6263 3323
5 3172 3323 4127
5 9141 3599 352
5 3599 9141 309
5 300 1603 1107
5 316 1107 1603
5 8257 8721 2583
5 479 1718 6917
5 7842 1741 9923
5 504 7428 6335
5 362 3599 350
5 315 350 3599
5 9195 1935 5521
5 1173 8898 9765
5 1173 359 8898
5 4127 3944 1171
5 384 380 358
5 504 7523 7428
5 1225 6500 1218
5 3172 7804 6263
5 9217 5971 591
5 2217 1739 8288
5 2972 8288 1739
5 546 6465 9409
5 555 535 6465
5 8451 1267 6977
5 301 1107 3599
5 443 434 446
5 8060 1620 3139
5 8103 2105 8972
5 9741 2566 2911
5 884 879 8721
5 8257 884 8721
5 381 355 351
5 7626 397 415
5 3598 8744 7478
5 7337 515 2326
5 417 392 400
5 415 8056 404
5 2133 960 6683
5 1282 7626 404
5 2169 8775 8744
5 9217 580 8162
5 386 382 6681
5 9860 7845 1138
5 8839 6401 4668
5 2591 8618 2569
5 3598 6335 2169
5 8806 1355 1737
5 2217 1737 8984
5 2911 4732 2570
5 1225 2912 1132
5 3075 9105 3245
5 5129 374 3075
5 6895 2973 2697
5 3183 6895 9092
5 5791 586 1057
5 2969 1138 2567
5 2969 2567 8494
5 9743 8188 2595
5 2595 8188 734
5 9477 591 2429
5 9477 6041 591
5 8108 2968 7717
5 9126 5458 2169
5 555 2329 9152
5 1906 2595 1131
5 2912 1225 1906
5 8345 7258 3139
5 9105 7930 3245
5 3888 8857 1506
5 8369 895 890
5 316 358 325
5 9865 2596 1129
5 7374 5807 4780
5 8248 705 2042
5 7027 532 2329
5 1603 319 316
5 5807 1555 9182
5 8942 734 9929
5 1445 6016 9370
5 1741 9079 9923
5 409 417 400
5 9219 7167 4628
5 9219 1191 7167
5 347 370 7804
5 8485 7804 4628
5 7944 481 488
5 788 785 766
5 9865 9869 2596
5 1173 7930 359
5 9904 9903 9925
5 8537 446 1927
5 8175 350 372
5 7325 1506 8857
5 307 7325 334
5 2853 319 345
5 319 355 345
5 1230 8328 960
5 7177 2329 549
5 7177 549 3709
5 8704 515 516
5 2515 8704 7874
5 8248 2042 642
5 9007 7258 9627
5 1141 8429 1224
5 1718 5521 8234
5 1027 7859 9909
5 844 7309 819
5 7309 843 819
5 2970 2971 8708
5 4058 8816 1612
5 7325 1191 1826
5 9336 9131 5754
5 8188 2569 734
5 4628 7684 9219
5 9908 8524 1219
5 545 3562 8162
5 8349 1191 7325
5 338 359 375
5 8056 443 410
5 504 7337 5661
5 7478 515 7337
5 847 844 817
5 389 409 400
5 840 853 830
5 3949 1230 4668
5 5129 8593 4668
5 7396 655 1057
5 883 889 8526
5 9977 8796 9864
5 319 2853 316
5 6335 7647 2169
5 2169 7647 9126
5 4127 3323 3491
5 8597 2646 2673
5 8597 8369 2646
5 1176 482 8671
5 3245 1206 5795
5 3245 7930 1206
5 555 9152 535
5 3944 4309 1171
5 9920 8690 1026
5 8487 1218 9920
5 7496 375 374
5 9862 1906 1131
5 1906 9862 2912
5 8808 707 700
5 8103 700 707
5 2215 1352 9921
5 769 9978 8693
5 486 485 8234
5 2760 700 5527
5 1141 9856 1143
5 1191 7554 1826
5 7554 9219 1645
5 8159 464 1999
5 2214 7631 1220
5 7631 8037 2745
5 9217 591 6041
5 393 397 7626
5 8593 3941 3949
5 1435 8073 655
5 1620 8073 1435
5 7647 495 496
5 1445 9370 1444
5 9687 504 5661
5 482 1176 8322
5 382 386 364
5 5458 8775 2169
5 2567 3680 9082
5 2972 8509 7763
5 2972 7763 1737
5 4628 7167 8485
5 6500 1739 1218
5 9902 1218 1739
5 2386 7790 8473
5 8108 1902 2968
5 8429 9919 1224
5 8911 462 1927
5 2240 7835 1027
5 2240 2569 7835
5 9742 8708 7842
5 2971 2742 7842
5 7845 3681 1138
5 3681 7845 9884
5 2775 2763 853
5 817 785 788
5 9542 549 3767
5 3709 549 9542
5 5673 2761 716
5 1927 462 9354
5 9354 3285 1927
5 9521 8325 7944
5 8711 1176 1999
5 9082 3680 2566
5 7874 8704 516
5 2737 1032 9891
5 8103 707 2878
5 2970 7978 1138
5 1645 1171 7903
5 546 3423 6465
5 809 843 852
5 6016 9197 511
5 9650 429 422
5 5129 4668 339
5 9521 7944 8763
5 9892 8037 2214
5 1129 2570 9865
5 3471 8057 461
5 470 461 8057
5 8494 1219 2969
5 6383 2969 1219
5 706 5675 2760
5 9336 5754 7258
5 8103 5259 9097
5 8073 659 655
5 1620 659 8073
5 430 9456 422
5 785 782 754
5 2329 7177 7027
5 9687 1443 8700
5 8569 2970 1138
5 1445 1444 9408
5 1107 316 315
5 2970 8569 6383
5 9370 6016 511
5 8242 2457 8689
5 404 8056 410
5 3767 516 9542
5 395 6681 382
5 6681 395 410
5 817 825 847
5 362 352 3599
5 811 840 830
5 8601 844 847
5 9904 7717 6895
5 2595 1906 2976
5 1435 655 6311
5 3424 6311 655
5 3424 655 7396
5 9869 9872 9890
5 659 3138 6041
5 6041 3138 9217
5 602 8047 3104
5 351 355 319
5 351 319 1603
5 9740 2972 6500
5 456 464 8159
5 1612 8816 3972
5 9126 7647 496
5 852 843 8231
5 8231 7309 861
5 6977 8162 580
5 2583 8674 2766
5 8242 485 486
5 300 338 1603
5 669 705 8248
5 362 8175 379
5 2878 707 8995
5 2878 8995 669
5 8369 890 8257
5 1225 1132 9740
5 5661 2326 532
5 2217 8288 1737
5 2972 1737 8288
5 852 8833 849
5 1718 479 8071
5 479 8302 8071
5 8509 1221 1222
5 9740 1221 8509
5 8352 2646 8601
5 1123 1032 1739
5 705 8993 2042
5 436 8314 437
5 1718 8234 485
5 8322 8178 482
5 1927 3285 3492
5 8325 479 5292
5 723 8879 9862
5 9862 1131 723
5 2595 8626 1131
5 844 819 808
5 2910 8331 9922
5 9901 9922 8331
5 825 837 847
5 380 384 392
5 5820 4058 1612
5 4058 5820 6401
5 475 1175 465
5 890 884 8257
5 2760 619 8351
5 8601 847 8352
5 8526 2763 2775
5 460 464 456
5 3285 465 1175
5 3139 2105 8345
5 1445 8398 6016
5 5458 6016 8398
5 1936 9322 9650
5 2763 8900 3079
5 8900 8645 3079
5 8593 3949 4668
5 8426 9866 9858
5 8426 9858 1132
5 1230 3949 8328
5 1141 1223 8429
5 1444 511 9559
5 2591 9928 8618
5 7978 2970 8708
5 8231 843 7309
5 301 6401 5820
5 6401 301 309
5 2608 8352 8632
5 712 8993 705
5 1225 9740 6500
5 8473 1406 2024
5 8473 7790 1406
5 840 811 849
5 775 809 1350
5 1026 8487 9920
5 5292 1102 481
5 5292 479 1102
5 9878 723 8942
5 479 5238 1102
5 5238 479 6917
5 5458 8398 2729
5 2697 8507 9048
5 1620 1435 8410
5 1620 8410 3139
5 8188 7835 2569
5 9863 1132 9858
5 9490 1927 3492
5 8524 2747 9906
5 2766 8674 8526
5 8526 8900 2763
5 7554 8329 1826
5 799 8108 9925
5 814 799 9925
5 8444 422 429
5 1555 1506 9182
5 8322 475 8178
5 8915 2595 2976
5 525 9409 2325
5 8091 486 8234
5 560 2515 3767
5 8982 2215 9921
5 9891 9880 9879
5 2969 8569 1138
5 8569 2969 6383
5 1230 960 8816
5 1222 1221 9863
5 8523 1126 9886
5 8451 575 7396
5 446 8911 1927
5 7684 4127 1171
5 8721 879 8674
5 8645 8597 2673
5 347 7804 8485
5 7167 9600 8485
5 791 8592 811
5 2761 8351 667
5 9857 9066 9873
5 786 769 8598
5 8693 2071 8598
5 7795 8606 1127
5 488 8671 2829
5 8103 2878 2105
5 8617 1606 2591
5 8617 2591 2714
5 8618 9928 9094
5 8618 734 2569
5 8507 2697 7119
5 8775 2729 516
5 8621 1118 2747
5 8621 9884 1118
5 8369 8597 895
5 8592 799 814
5 8942 8626 734
5 2595 734 8626
5 479 8325 8302
5 837 853 8632
5 837 8632 847
5 1122 1114 9888
5 8534 299 303
5 901 895 8597
5 7631 2214 8037
5 443 446 8537
5 775 782 809
5 9857 8337 9066
5 1026 2976 8487
5 9909 8523 1734
5 8314 436 3286
5 8671 488 481
5 545 6977 1267
5 8721 8674 2583
5 380 392 397
5 6383 1219 8524
5 3680 9859 8337
5 819 843 809
5 8690 9920 2737
5 8242 8689 485
5 6917 485 8689
5 6917 8689 2457
5 9886 9020 9929
5 766 9978 774
5 8674 883 8526
5 1173 1206 7930
5 2327 555 2254
5 2240 8699 2714
5 9133 9887 8706
5 1175 8711 464
5 464 8711 1999
5 2240 8716 2569
5 8716 2591 2569
5 8632 8352 847
5 785 754 766
5 754 782 775
5 8593 3075 3245
5 7903 6683 1645
5 2911 9924 9741
5 8091 8234 5521
5 2737 9891 9889
5 840 2775 853
5 8103 8972 5259
5 4231 8765 1902
5 1902 8765 2968
5 9892 9859 8706
5 902 8645 896
5 2763 3079 853
5 2976 1225 1218
5 8487 2976 1218
5 3895 3941 3944
5 3941 3895 7374
5 8833 8231 2766
5 8349 299 8534
5 2697 2118 9092
5 6895 2697 9092
5 1034 8523 9886
5 1034 1734 8523
5 1114 2584 9874
5 8796 642 2042
5 8802 1219 8494
5 1219 8802 9908
5 8808 8995 707
5 782 808 819
5 7119 2240 1027
5 1140 9861 8894
5 840 849 8833
5 852 8231 8833
5 844 8601 7309
5 438 443 8537
5 1103 1102 1999
5 1999 1102 5238
5 438 427 9186
5 9083 7790 4231
5 475 2288 8178
5 8178 2288 8242
5 2911 9922 8858
5 9921 8858 9922
5 8598 799 786
5 1349 8867 667
5 1349 716 8867
5 2160 2457 8868
5 9742 5638 1140
5 1140 5638 9861
5 3245 5795 8593
5 8322 8711 1175
5 2766 8526 2775
5 723 9879 8879
5 896 8645 8900
5 8888 3681 9868
5 591 2327 2429
5 723 8626 8942
5 9063 9884 8621
5 2133 7903 3442
5 7903 1171 3442
5 9875 9860 8894
5 667 650 1115
5 8900 889 896
5 8526 889 8900
5 8706 9887 8037
5 9887 2745 8037
5 1118 9906 2747
5 2976 1026 8915
5 8744 516 515
5 2584 1114 9861
5 1220 8802 8494
5 475 8322 1175
5 2386 9882 1606
5 8763 7944 488
5 8763 488 2145
5 7631 8802 1220
5 482 8178 486
5 8178 8242 486
5 9977 8351 9142
5 2160 5238 2457
5 3183 8963 2024
5 8671 482 2829
5 2748 2742 8969
5 8969 2742 2971
5 706 8808 5675
5 712 8808 706
5 9901 8982 9922
5 9901 2215 8982
5 8645 901 8597
5 2217 8984 1125
5 9885 1125 8984
5 4231 2714 8765
5 1837 2910 1129
5 7717 2973 6895
5 2133 8816 960
5 8995 705 669
5 8509 1224 7763
5 1034 9882 9010
5 9010 2118 9048
5 8606 9883 1127
5 819 809 782
5 8839 1230 4058
5 1230 8839 4668
5 791 811 830
5 9020 1126 9878
5 799 8592 786
5 8963 8473 2024
5 8857 360 334
5 3888 360 8857
5 1027 9909 8507
5 7325 8857 334
5 8888 3680 2567
5 9860 1138 7978
5 7835 7859 1027
5 1734 1034 9048
5 2910 1837 8331
5 619 2760 5527
5 8911 8314 462
5 619 3104 9142
5 9142 8351 619
5 3681 2567 1138
5 901 8645 902
5 7763 8806 1737
5 9010 9048 1034
5 3681 9063 9868
5 9490 8537 1927
5 8867 2761 667
5 1027 8507 7119
5 314 8534 303
5 546 9052 545
5 8898 338 9765
5 8898 359 338
5 3767 7874 516
5 2216 2740 9079
5 9741 9082 2566
5 2071 9083 1902
5 1406 9083 2071
5 716 712 5673
5 8984 1737 1355
5 446 8314 8911
5 8808 705 8995
5 2374 9092 2118
5 9094 9928 9886
5 2429 586 9477
5 8924 8159 2160
5 8868 2767 8924
5 769 8693 8598
5 438 9186 443
5 8708 1140 7978
5 8708 2971 7842
5 9092 2374 8963
5 9892 9066 9859
5 9859 9066 8337
5 769 786 791
5 791 786 8592
5 9978 769 774
5 1741 2216 9079
5 9741 8494 9082
5 360 3888 1106
5 9888 9877 1355
5 9577 3972 3442
5 9082 8494 2567
5 791 774 769
5 8888 9133 9859
5 9010 9882 2374
5 2288 8057 2457
5 9048 8507 1734
5 1406 7790 9083
5 9859 9133 8706
5 3104 642 9142
5 1435 5259 8972
5 8972 2105 1435
5 3104 619 1379
5 6401 309 339
5 577 9007 2852
5 2325 8704 525
5 325 372 350
5 496 9197 6016
5 385 393 9107
5 1057 1267 7396
5 8816 2133 3972
5 2133 3442 3972
5 546 525 9052
5 535 2325 9409
5 9409 6465 535
5 514 7523 8700
5 434 8056 415
5 5971 560 591
5 301 3599 309
5 648 700 9097
5 8103 9097 700
5 359 9105 374
5 3075 374 9105
5 378 379 9107
5 385 9107 8175
5 7804 370 6263
5 1936 9650 402
5 511 9122 509
5 511 2145 9122
5 7167 8534 9600
5 351 375 378
5 496 6016 9126
5 422 436 9379
5 6465 2254 555
5 3895 3944 3491
5 9131 1379 648
5 602 1379 9131
5 339 9141 352
5 9141 339 309
5 434 440 446
5 446 440 437
5 9152 2329 532
5 9152 532 535
5 9154 1935 2145
5 2145 488 9154
5 389 384 364
5 602 9131 9336
5 6938 4442 9645
5 9645 9629 6938
5 5527 700 648
5 1826 9182 1506
5 9186 427 1936
5 9186 410 443
5 1936 402 9439
5 6681 1936 9439
5 509 1935 9195
5 509 9195 506
5 9197 2145 511
5 496 2145 9197
5 560 3562 2515
5 8328 3949 7374
5 3944 5795 4309
5 9215 546 545
5 3423 546 9215
5 8047 2287 669
5 2287 2878 669
5 549 2329 2328
5 2329 2327 2328
5 8345 2105 2287
5 2287 2105 2878
5 1206 3972 9577
5 5795 9577 4309
5 362 7496 352
5 315 325 350
5 3138 659 1620
5 8349 7325 307
5 8349 307 299
5 4058 1230 8816
5 382 345 355
5 1444 8700 9408
5 362 350 8175
5 1555 3323 3888
5 648 5259 8279
5 7626 415 404
5 7428 2631 495
5 1555 3895 3491
5 3895 1555 5807
5 514 9617 7523
5 8060 3139 577
5 9007 577 3139
5 429 9322 427
5 9322 429 9650
5 3888 6263 1106
5 8451 7396 1267
5 2673 2646 8352
5 8444 436 422
5 9354 462 465
5 465 3285 9354
5 8775 516 8744
5 470 8057 2288
5 7167 1191 8534
5 2160 1999 5238
5 9370 511 1444
5 1282 395 381
5 382 381 395
5 436 437 9379
5 422 9379 430
5 384 400 392
5 400 384 389
5 495 2631 8325
5 470 475 465
5 7177 1443 7027
5 9186 1936 410
5 830 788 774
5 830 774 791
5 430 9379 437
5 9126 6016 5458
5 3285 460 3492
5 1445 9408 1443
5 9408 8700 1443
5 525 546 9409
5 1444 514 8700
5 6681 9439 386
5 8279 6311 3424
5 359 7930 9105
5 1612 1173 9765
5 5820 1612 9765
5 402 9529 9439
5 1282 381 378
5 378 393 1282
5 301 5820 9765
5 9765 300 301
5 9122 2145 1935
5 515 8704 2326
5 3471 461 9648
5 9600 314 347
5 9600 347 8485
5 506 498 9432
5 9432 509 506
5 9439 389 386
5 2328 560 549
5 560 2328 591
5 2729 8775 5458
5 577 580 8060
5 545 8162 6977
5 9432 9617 514
5 352 5129 339
5 352 374 5129
5 8744 515 7478
5 8924 456 8159
5 9456 9650 422
5 9456 409 402
5 8444 4442 450
5 4442 8444 9645
5 619 5527 1379
5 385 397 393
5 397 385 380
5 1826 8329 9182
5 580 3138 8060
5 3104 1379 602
5 8451 2852 575
5 9627 5754 9638
5 9627 9638 575
5 496 8763 2145
5 8071 9195 5521
5 514 1444 9559
5 9648 461 3286
5 2631 7428 498
5 496 495 9521
5 496 9521 8763
5 495 8325 9521
5 402 409 9529
5 351 338 375
5 430 409 9456
5 9529 389 9439
5 9529 409 389
5 580 577 6977
5 6977 577 8451
5 8345 2287 9336
5 9477 586 5791
5 9322 1936 427
5 3767 549 560
5 9542 516 2729
5 8868 2457 8057
5 460 9555 3492
5 456 2192 9555
5 498 506 8302
5 9559 511 509
5 8868 3471 2767
5 470 465 462
5 470 462 461
5 9555 6938 3492
5 5795 1206 9577
5 7374 3895 5807
5 9052 525 2515
5 7554 1191 9219
5 1555 3491 3323
5 6938 9629 9490
5 438 9490 427
5 7428 7523 9617
5 8704 2325 9594
5 535 9594 2325
5 9219 7684 1645
5 514 9559 9432
5 3598 7478 504
5 504 7478 7337
5 9600 8534 314
5 8700 7523 9687
5 9687 7523 504
5 9555 4442 6938
5 8175 9107 379
5 470 2288 475
5 456 9555 460
5 7428 9617 498
5 389 364 386
5 9007 9627 2852
5 438 8537 9490
5 2852 9627 575
5 8071 506 9195
5 429 427 9629
5 9629 427 9490
5 3471 9648 9534
5 9534 3286 450
5 8924 2160 8868
5 8279 3424 9638
5 3424 575 9638
5 9679 2192 9534
5 429 9629 9645
5 9648 3286 9534
5 2767 9534 2192
5 6938 9490 3492
5 9456 402 9650
5 2192 8924 2767
5 8325 2631 8302
5 9432 9559 509
5 8314 461 462
5 461 8314 3286
5 3471 9534 2767
5 9555 2192 4442
5 9432 498 9617
5 8302 2631 498
5 8444 429 9645
5 6335 495 7647
5 7428 495 6335
5 9679 4442 2192
5 450 9679 9534
5 450 4442 9679
5 372 385 8175
5 9687 5661 532
5 9925 9903 814
5 811 814 832
5 9921 9924 8858
5 2976 1906 1225
5 9743 7835 8188
5 2911 2910 9922
5 9857 9872 9869
5 9859 3680 8888
5 9857 2570 4732
5 1115 650 9876
5 9858 9866 9870
5 9875 1121 1120
5 9887 9133 9868
5 1121 9875 1114
5 8963 2374 2386
5 9885 9881 1125
5 8879 9879 9866
5 9919 9907 8806
5 8108 7717 9925
5 7795 9903 9904
5 9905 2214 1220
5 9891 9879 9889
5 3183 9092 8963
5 9861 1114 9875
5 9889 1126 8690
5 2748 1120 2738
5 1121 2738 1120
5 9892 8706 8037
5 1352 9893 1354
5 9888 2740 1122
5 2761 2760 8351
5 9870 9866 9880
5 9879 9880 9866
5 3681 8888 2567
5 1129 2596 9864
5 338 351 1603
5 2910 2570 1129
5 782 785 808
5 785 817 808
5 2596 9876 9864
5 2584 1141 1143
5 1837 2042 8993
5 9871 9870 9881
5 9871 9881 9885
5 9862 8426 1132
5 1222 1141 1224
5 9871 9885 9856
5 9860 9867 9884
5 1221 1132 9863
5 7835 9743 7859
5 9893 9872 9873
5 2911 2570 2910
5 1107 301 300
5 9741 9924 1220
5 9921 1352 9905
5 852 832 809
5 9908 7631 2745
5 716 2761 8867
5 2747 9908 2745
5 2740 8806 9907
5 9906 6383 8524
5 9924 9905 1220
5 2742 2748 2738
5 809 9903 1350
5 1741 2742 2738
5 9920 9902 2737
5 9909 2743 8523
5 1122 2740 2216
5 8507 9909 1734
5 852 849 832
5 1837 8993 9969
5 8982 9921 9922
5 716 1349 9901
5 338 300 9765
5 712 705 8808
5 849 811 832
5 716 9969 712
5 1223 9742 9923
5 8915 1026 9743
5 3183 9904 6895
5 1140 8708 9742
5 716 9901 9969
5 814 809 832
5 814 9903 809
5 712 9969 8993
5 7763 9919 8806
5 2742 1741 7842
5 1220 8494 9741
5 9901 8331 9969
5 9864 9876 650
5 9867 9875 1120
5 9884 9867 1120
5 8888 9868 9133
5 9066 9892 9873
5 9876 9869 9890
5 9874 1143 9877
5 1123 1739 2217
5 9866 9862 8879
5 9882 9928 1606
5 9892 2214 1354
5 9892 1354 9873
5 775 1127 9883
5 1115 9890 1349
5 2584 2565 1141
5 754 9978 766
5 9977 667 8351
5 9856 9863 9871
5 9858 9871 9863
5 9875 8894 9861
5 9857 9869 9865
5 9877 1143 9856
5 9887 9063 8621
5 9878 1126 9889
5 9893 9873 1354
5 9886 1126 9020
5 1355 9877 9885
5 9880 9891 1123
5 7845 9860 9884
5 9861 2565 2584
5 9875 9867 9860
5 9887 9868 9063
6 3141 4624 2828
6 4704 3053 2858
6 672 641 7045
6 8336 2804 1153
6 5977 1217 9853
6 2406 2239 1431
6 4086 4343 5932
6 1779 1149 2164
6 3344 1157 5811
6 547 573 1330
6 6249 627 665
6 627 9735 665
6 3361 5004 3843
6 5385 3950 3792
6 4467 9732 3935
6 3298 9819 7173
6 2353 3364 4842
6 1425 8043 1430
6 1200 1584 4029
6 4465 1152 6456
6 5996 7131 2397
6 1181 1856 1257
6 1548 3131 4017
6 1549 4597 1898
6 3363 1647 1549
6 1562 23 5659
6 1587 1562 3512
6 23 1562 1587
6 2811 23 1587
6 1608 4279 1108
6 4465 1384 1152
6 1647 1139 1549
6 1157 3534 9843
6 3552 7710 3410
6 6400 8723 1260
6 5224 8977 1217
6 1898 4279 1549
6 1838 5207 3297
6 3123 2179 3121
6 2488 4993 4017
6 4017 4183 2488
6 4799 6574 7112
6 3508 1562 2035
6 9733 3125 3121
6 1621 2811 2041
6 3843 2388 3268
6 9738 6406 7695
6 4504 4389 5073
6 1584 2371 2388
6 3043 1330 6947
6 2474 4187 3808
6 2811 1587 3512
6 1856 3532 1257
6 1584 5493 2371
6 1152 1384 6455
6 1156 1779 1781
6 1260 2162 401
6 1779 1156 1149
6 4003 5811 1157
6 2335 7987 8269
6 2017 5149 7239
6 4029 1584 2388
6 5999 6581 5165
6 3510 5734 7017
6 8557 4108 2014
6 1109 2376 4050
6 6175 4799 7112
6 698 3044 3363
6 3808 4187 2728
6 4001 2376 3853
6 2914 3303 5435
6 6339 2816 3563
6 8557 2014 5747
6 5447 3136 7848
6 3022 4799 6175
6 1608 2376 4001
6 4050 3133 531
6 5435 3303 536
6 3853 6285 3363
6 4710 5602 3362
6 3362 5264 4710
6 4307 4704 3990
6 2144 3124 2098
6 4029 4215 1200
6 3699 2859 3044
6 3363 1549 4001
6 3358 23 2811
6 4528 4570 4514
6 3301 1256 1257
6 2164 8419 2161
6 1781 1779 2164
6 7705 1781 2161
6 2161 1781 2164
6 1384 5335 3344
6 7734 3350 1385
6 4564 5264 2093
6 3950 3554 6426
6 5385 3554 3950
6 662 5892 5461
6 2247 5618 2195
6 2193 2782 1994
6 9707 2247 2195
6 6403 4591 1213
6 4591 3950 1213
6 2468 3229 520
6 2846 520 3229
6 1996 2249 1994
6 1551 3297 3243
6 3297 520 3243
6 3363 3044 3365
6 2247 6644 2078
6 3374 2247 9707
6 1926 698 6285
6 7902 1184 1744
6 2035 1562 5659
6 4001 1549 4279
6 4001 3853 3363
6 1155 3141 1152
6 2609 2895 4440
6 5743 5466 2376
6 1551 1683 2380
6 2914 2728 3303
6 3954 5455 3131
6 2041 2811 3512
6 3575 3327 2925
6 3361 3843 3268
6 3228 3361 2093
6 9738 7786 2239
6 1433 2239 7786
6 1433 1431 2239
6 2241 1425 1430
6 2590 3217 1548
6 3891 3217 3775
6 9733 2179 9732
6 2344 2804 8336
6 3952 7710 3552
6 3715 3255 1200
6 1584 1200 3255
6 1179 4504 4838
6 3122 3514 5415
6 3361 3268 2093
6 1926 6285 1109
6 2518 3228 4322
6 3816 1755 3511
6 2506 3511 1755
6 1149 4003 2164
6 2164 4003 1157
6 5330 3699 698
6 698 3699 3044
6 1624 2452 3786
6 5944 8269 419
6 3696 3582 391
6 3696 391 5558
6 3134 5996 2806
6 4993 1548 4017
6 6680 1905 2063
6 3136 2098 3135
6 1551 3243 1683
6 1241 1683 3243
6 2341 3582 3696
6 2341 3696 5558
6 1241 3009 5027
6 5743 3020 5564
6 5564 7115 4556
6 4030 5898 3255
6 2063 3786 1623
6 3098 9065 2342
6 3950 6426 1213
6 3554 2627 6426
6 5004 697 4674
6 4674 697 3928
6 4322 3228 1177
6 2335 8269 4650
6 4650 8269 5944
6 3131 5455 4650
6 3876 2506 4509
6 2619 6324 2290
6 5999 7273 4230
6 5999 7017 7273
6 3298 1857 1258
6 4436 2506 3876
6 3928 697 3009
6 3151 2623 5917
6 4556 7679 7163
6 3268 2371 2093
6 4505 3699 4086
6 3699 4505 2859
6 3129 5564 6121
6 1216 1429 5059
6 5059 4812 1216
6 3980 4463 21
6 2989 3980 21
6 3511 5476 3816
6 3044 2859 3365
6 2179 3935 9732
6 684 3898 3362
6 3358 2811 3812
6 4307 3358 3812
6 4424 2967 6026
6 3775 3217 2590
6 3775 2590 2609
6 2590 1548 4993
6 3792 4335 3537
6 3537 4335 3510
6 3783 5147 4505
6 2341 7710 3952
6 3043 6947 1056
6 4281 3792 3537
6 4624 6339 2828
6 3141 6456 1152
6 406 2474 5228
6 3053 3812 1621
6 6455 1415 2816
6 4509 2506 1755
6 1331 4812 9851
6 1608 5743 2376
6 2092 4858 4266
6 3842 3829 983
6 5007 7873 3328
6 4865 2924 2195
6 2376 1109 3853
6 2193 2926 2782
6 9708 9707 2924
6 1647 3365 2353
6 6347 5007 1997
6 3020 2967 4424
6 2922 5685 2924
6 8330 2922 2924
6 4389 1661 5073
6 3582 361 391
6 391 361 4956
6 4307 3053 4704
6 5059 1429 5962
6 1177 3228 3898
6 4278 5417 6911
6 684 1177 3898
6 6835 1787 5761
6 5306 2353 3365
6 2406 4191 6467
6 4210 8430 5461
6 6705 8377 4210
6 2629 4529 2628
6 1178 3361 3827
6 3756 2179 3123
6 4683 3563 2816
6 1549 1139 4597
6 3955 3775 2609
6 3808 7863 5228
6 1661 931 5635
6 4389 5179 931
6 4389 931 1661
6 4529 22 4457
6 4266 4858 871
6 2041 3512 2815
6 9236 9850 583
6 3510 3401 3984
6 3990 4704 2989
6 3783 6714 5147
6 9160 9736 4557
6 7755 5742 1997
6 3715 4030 3255
6 2353 4842 3082
6 5607 3792 3950
6 3297 5207 520
6 2468 520 5207
6 2468 5207 3884
6 4798 6997 2804
6 531 1926 1109
6 2895 1926 4440
6 2815 4956 5450
6 2179 24 3935
6 874 7402 1624
6 1109 4050 531
6 5179 7423 931
6 6670 4529 4457
6 3374 5192 3315
6 9130 8432 2397
6 1993 9708 2082
6 871 4858 873
6 3135 3121 8363
6 5999 4230 4470
6 6121 3130 3129
6 3129 3130 3133
6 3133 4050 3129
6 3512 6054 3984
6 2563 2506 4436
6 3136 5447 2144
6 5447 6782 2144
6 1724 7847 6937
6 7045 983 4056
6 7786 1216 1433
6 4106 4527 3133
6 4001 4279 1608
6 2488 5332 4993
6 4108 6714 2014
6 4017 3131 4650
6 4108 933 6714
6 4277 4810 3169
6 7044 9736 6424
6 6844 4858 2092
6 4624 3141 1155
6 7402 7040 1624
6 4556 4424 7679
6 4183 5042 2488
6 5149 9552 7239
6 5149 2017 6400
6 2817 3563 4683
6 5962 1429 6028
6 1200 4215 1213
6 4086 5932 3783
6 4322 1177 6591
6 4858 6937 873
6 3136 2144 2098
6 548 2248 568
6 548 2197 2248
6 6406 6467 6517
6 6406 6517 2078
6 3127 5653 6562
6 6782 7611 7163
6 6705 6680 1623
6 3302 1256 3301
6 3301 3534 3302
6 5248 9818 9842
6 5248 9842 2165
6 5467 3318 8983
6 336 3053 4254
6 9819 3298 3302
6 6054 3508 3984
6 3573 3328 7873
6 2926 3572 3326
6 2081 3328 5296
6 1139 1647 2353
6 6899 6926 6876
6 3533 1744 1184
6 4308 4810 3126
6 3169 4810 4308
6 3098 9374 6086
6 5742 6347 1997
6 7755 3314 5742
6 2623 4318 6558
6 3792 6925 4335
6 4335 6773 3510
6 4440 3955 2609
6 531 3891 3955
6 1752 4183 5944
6 1625 4108 8557
6 3322 2926 6413
6 7641 3120 2098
6 1745 1856 9262
6 7273 2035 4230
6 2035 5659 4230
6 7847 878 5636
6 2290 4467 9653
6 7451 2344 2342
6 878 7847 5994
6 1181 3410 9688
6 3584 3586 8998
6 6562 4556 7611
6 3756 24 2179
6 5994 5635 878
6 4942 6581 5999
6 4527 3891 531
6 4527 531 3133
6 3134 4528 1340
6 4528 3134 2806
6 2785 540 533
6 2236 5467 8983
6 3303 2380 536
6 6028 3318 5962
6 2017 7239 9137
6 4415 3808 2728
6 1993 2082 7855
6 547 6413 534
6 531 3955 4440
6 391 4447 407
6 2815 4447 4956
6 2518 3827 3228
6 6354 6591 2579
6 3343 1384 4465
6 2241 5467 2236
6 3984 3401 3512
6 9065 1332 9081
6 2388 2371 3268
6 5999 4470 4942
6 6049 3361 1178
6 6591 4489 7576
6 1055 4081 641
6 6126 5027 3009
6 3350 9842 7814
6 3891 3775 3955
6 9817 348 371
6 2590 4993 540
6 3699 5330 4086
6 1043 5743 1608
6 3365 1647 3363
6 2338 6339 3563
6 2193 2197 536
6 536 6413 2193
6 3808 5228 2474
6 3584 2337 1332
6 8590 3586 3584
6 3407 8590 3584
6 4029 2388 3843
6 5932 4343 2452
6 547 1683 573
6 3343 4465 396
6 6771 387 396
6 396 387 3343
6 1898 5602 4710
6 1898 4710 4564
6 6761 3350 1260
6 3228 5264 3362
6 697 4390 3829
6 3009 697 3829
6 6426 1200 1213
6 1755 3816 3884
6 4509 1755 1838
6 4945 5761 1787
6 1217 4778 7551
6 4778 1217 1431
6 2338 7710 5629
6 2197 548 536
6 2371 4564 2093
6 1108 4564 2371
6 2925 4865 2081
6 9283 1056 1055
6 3532 8419 9843
6 3141 418 6456
6 418 406 6456
6 5936 3408 1857
6 5059 9851 4812
6 407 4447 4436
6 6467 4191 3314
6 4514 4106 3130
6 607 573 5027
6 1241 5027 573
6 4183 1752 5042
6 3315 8983 3318
6 698 2623 5330
6 6648 6911 5417
6 1993 5192 6106
6 5192 8983 3315
6 4230 5659 3514
6 1184 343 335
6 335 343 2619
6 1256 1258 3552
6 1178 4390 6049
6 2563 2815 5282
6 1385 1153 6997
6 1683 534 2380
6 3876 1551 4187
6 418 4187 2474
6 3715 6426 6392
6 4030 3715 6026
6 4570 2806 3954
6 4570 4528 2806
6 4436 4187 418
6 3243 520 1241
6 4674 1241 520
6 533 5332 539
6 533 539 2082
6 2081 5296 2925
6 5296 3571 8355
6 2629 2628 2619
6 3364 2353 5306
6 407 418 3141
6 418 407 4436
6 361 4254 4956
6 1994 2782 1996
6 1384 3343 5335
6 3343 9819 5335
6 5147 4075 4505
6 5147 2053 4075
6 4187 4436 3876
6 3009 3829 3842
6 6126 3842 7045
6 5466 5743 3129
6 548 568 5435
6 5493 1108 2371
6 5618 4865 2195
6 3228 2093 5264
6 3217 3954 1548
6 1548 3954 3131
6 3792 4281 5385
6 4050 2376 5466
6 5743 1043 3020
6 5493 3255 5898
6 22 4529 2629
6 1584 3255 5493
6 3552 1258 3408
6 5435 536 548
6 390 5542 401
6 390 401 2162
6 5558 3141 2828
6 5558 2828 2341
6 3408 3952 3552
6 7939 2785 2922
6 3129 5743 5564
6 1608 1108 1043
6 1898 4597 5602
6 4591 6403 3884
6 4029 3843 2846
6 3843 5004 2846
6 6455 1384 5811
6 4215 4029 2468
6 2247 1997 5618
6 5618 1997 2081
6 1043 5612 3020
6 2338 5629 6339
6 3408 3582 3952
6 8330 1331 6832
6 6832 1331 9851
6 3853 1109 6285
6 3322 7312 1330
6 3827 3361 3228
6 4086 3783 4505
6 2922 2785 5685
6 4056 983 5682
6 1890 5682 983
6 4650 4183 4017
6 9842 9818 6378
6 6378 9818 1183
6 3952 3582 2341
6 3984 3508 5734
6 1625 5747 7040
6 5747 2452 1624
6 7705 9967 2165
6 3581 9688 5772
6 5772 2338 3581
6 1331 9852 4812
6 3151 4343 5802
6 6455 5811 1415
6 536 534 6413
6 536 2380 534
6 5415 4278 4614
6 406 418 2474
6 2782 3326 8016
6 8016 3326 5007
6 4570 3891 4527
6 4570 4527 4106
6 3891 4570 3954
6 3715 1200 6426
6 1149 5811 4003
6 5537 1661 5994
6 5073 1661 5537
6 4390 6114 3829
6 1178 4504 4390
6 4390 4504 6114
6 7714 6883 5917
6 2623 6558 5917
6 3582 5936 361
6 5032 4981 5944
6 4470 4230 3514
6 874 1624 872
6 2518 4322 6354
6 5977 5224 1217
6 9819 3534 3344
6 3534 9819 3302
6 341 336 1857
6 1139 3082 5602
6 1139 2353 3082
6 1257 6025 1181
6 1181 6025 3410
6 6026 3715 6392
6 3315 3318 6028
6 5629 2828 6339
6 3053 336 2858
6 341 2858 336
6 5004 3361 6049
6 6049 4390 697
6 1562 3508 6054
6 3322 6413 7312
6 540 4993 533
6 5612 2967 3020
6 4440 1926 531
6 9374 1744 6086
6 4974 6249 4056
6 3374 6406 6644
6 4050 5466 3129
6 4514 3127 1340
6 3829 6114 3872
6 4624 2816 6339
6 3151 5802 5330
6 7045 641 6126
6 2468 4029 3229
6 641 607 6126
6 5558 407 3141
6 3970 5165 6581
6 2017 8336 1153
6 1624 2063 872
6 2506 2563 3511
6 697 5004 6049
6 3320 568 2248
6 627 568 3320
6 3582 3408 5936
6 3358 4307 3990
6 1260 401 6400
6 3322 3572 2926
6 9737 1432 7136
6 1385 3350 6761
6 675 672 4056
6 4858 1724 6937
6 4337 6249 4974
6 1139 5602 4597
6 4674 520 2846
6 2846 3229 4029
6 6285 698 3363
6 6413 2926 2193
6 1331 3327 3575
6 1890 6318 5682
6 1724 6318 1890
6 6321 6670 4457
6 5802 4086 5330
6 5996 2335 2806
6 2335 5455 2806
6 7040 7402 1625
6 1996 5007 6347
6 1994 2249 2248
6 3320 2248 2249
6 3533 6378 7585
6 1257 3532 9843
6 6106 5192 3374
6 6106 3374 9707
6 6392 6426 2627
6 5450 2041 2815
6 4638 4463 2858
6 547 534 1683
6 5455 3954 2806
6 1217 1214 9853
6 1152 6455 1155
6 6347 5742 1996
6 4528 4514 1340
6 1430 5059 5962
6 3564 2804 7451
6 9081 3564 7451
6 3328 8724 3571
6 5898 1108 5493
6 4956 4447 391
6 3970 3537 5165
6 672 675 9737
6 4106 3133 3130
6 5898 5612 1043
6 5131 2053 5147
6 6542 2590 540
6 551 6542 540
6 594 554 5892
6 4942 3509 6581
6 4981 1752 5944
6 6574 1787 7112
6 6574 4945 1787
6 4489 6253 6835
6 5042 1752 6564
6 6114 5073 3872
6 7129 4981 5032
6 3564 8287 4798
6 4307 3812 3053
6 9967 2161 3532
6 3575 8355 9852
6 5564 4556 6562
6 5564 6562 6121
6 3928 1241 4674
6 3374 6644 2247
6 6644 6406 2078
6 401 5542 5032
6 3123 7712 6648
6 6648 3756 3123
6 3876 1838 1551
6 3876 4509 1838
6 2895 698 1926
6 3891 3954 3217
6 1056 9853 3043
6 1623 6680 2063
6 1881 6680 6705
6 7695 6406 3374
6 5004 4674 2846
6 3343 387 366
6 5629 2341 2828
6 2628 4529 6670
6 6321 2628 6670
6 6714 933 5147
6 1621 2041 5450
6 3401 2815 3512
6 5282 2815 3401
6 4081 1056 6947
6 1153 6761 1260
6 5228 6771 396
6 4638 387 6771
6 4432 6773 2339
6 4650 5455 2335
6 1157 9843 8419
6 5996 2397 2335
6 5049 2628 6321
6 4281 4810 5385
6 684 3082 6835
6 3362 5602 684
6 2623 3151 5330
6 3320 9735 627
6 5558 391 407
6 4254 5450 4956
6 6249 675 4056
6 873 6937 876
6 9852 1331 3575
6 7712 3120 6911
6 4183 4650 5944
6 607 5027 6126
6 6876 6926 1179
6 1993 2246 5192
6 2989 2858 3980
6 2989 4704 2858
6 3311 3320 6424
6 698 2895 2623
6 6947 1330 573
6 6876 2518 6899
6 6925 2339 4335
6 5415 4614 3122
6 7724 1905 1881
6 3898 3228 3362
6 5032 5542 7129
6 4266 4974 2092
6 3537 7017 5165
6 9738 1429 7786
6 3537 3510 7017
6 2967 4030 6026
6 1258 3302 3298
6 6403 2468 3884
6 2628 335 2619
6 7040 5747 1624
6 2397 8432 2335
6 4191 9736 7044
6 2922 8330 6832
6 539 5332 554
6 9852 9855 1216
6 3169 7490 6782
6 7163 3169 6782
6 5742 2249 1996
6 3314 7044 5742
6 9653 3935 24
6 9653 4467 3935
6 2338 3563 7042
6 7163 3425 3169
6 4756 1780 7703
6 8332 1781 7703
6 6025 1256 3410
6 6025 1257 1256
6 4557 5224 9160
6 1624 3786 2063
6 3425 4424 6026
6 6175 7112 3364
6 3020 7115 5564
6 6126 3009 3842
6 5996 3134 7131
6 396 406 5228
6 396 4465 406
6 1415 5811 1149
6 3082 1787 6835
6 4514 4570 4106
6 6121 5653 3130
6 7115 4424 4556
6 3020 4424 7115
6 540 2785 7939
6 4465 6456 406
6 6253 1177 684
6 390 5049 3015
6 390 371 5049
6 371 390 2162
6 4279 4564 1108
6 9737 7136 672
6 1838 3297 1551
6 5802 4343 4086
6 2452 4343 1623
6 4591 5607 3950
6 3298 7173 341
6 3343 366 7173
6 5917 6883 3151
6 6324 7194 2290
6 3786 2452 1623
6 1056 5977 9853
6 1428 5977 1056
6 1752 4981 6564
6 4942 3514 3122
6 2785 533 2082
6 5332 533 4993
6 7312 547 1330
6 7312 6413 547
6 675 665 9737
6 675 6249 665
6 9737 665 9735
6 5772 3410 7710
6 4778 9855 1215
6 1217 7551 1214
6 348 5049 371
6 3508 2035 7273
6 1213 4215 6403
6 1857 3298 341
6 2406 8977 5224
6 6354 2579 7541
6 9732 7913 7131
6 9733 9732 7131
6 6114 4504 5073
6 7136 1055 641
6 672 7136 641
6 9967 8563 9818
6 3301 9843 3534
6 2619 343 6324
6 4614 4278 6911
6 1153 2804 6997
6 4056 5682 2092
6 4974 4056 2092
6 1043 1108 5898
6 1241 3928 3009
6 672 7045 4056
6 3425 6026 4277
6 594 8466 554
6 5192 2246 8983
6 1428 9160 5977
6 7451 2804 2344
6 2623 2895 4318
6 2246 8466 3309
6 5282 3511 2563
6 6354 4322 6591
6 2815 2563 4447
6 7902 3406 367
6 343 367 6324
6 9634 1333 9507
6 4075 3365 2859
6 1055 1056 4081
6 3320 2249 6424
6 4030 2967 5898
6 1055 7136 1432
6 9160 5224 5977
6 5296 8355 2925
6 3575 2925 8355
6 6324 6695 7194
6 551 540 7939
6 6899 2518 6354
6 3984 5734 3510
6 5447 3127 6562
6 7585 1183 9689
6 2728 2380 3303
6 7596 7039 3407
6 5811 1384 3344
6 4254 361 336
6 5936 336 361
6 348 2628 5049
6 9817 1184 348
6 7611 4556 7163
6 7551 4778 1215
6 7939 6832 5757
6 1997 2247 2078
6 6354 7541 6899
6 6899 7541 1470
6 6026 6392 2627
6 2858 4463 3980
6 3406 8825 367
6 4624 6455 2816
6 1179 5179 4389
6 5179 1179 6926
6 9841 7799 2162
6 9817 7799 9841
6 3511 3401 4432
6 3511 5282 3401
6 6028 7695 3315
6 9738 7695 6028
6 3315 7695 3374
6 8088 1340 7848
6 3135 7742 7712
6 5747 5932 2452
6 3410 1256 3552
6 1996 8016 5007
6 3327 1331 8330
6 2165 7734 4756
6 9842 7734 2165
6 9689 7596 1332
6 7679 4424 3425
6 2609 2590 6542
6 3792 5607 6925
6 3970 4281 3537
6 4838 4504 1178
6 8505 2609 6542
6 7703 1781 7705
6 2629 2619 9653
6 5417 3756 6648
6 9236 7939 5757
6 1178 3827 4838
6 4591 3884 3816
6 5653 3127 4514
6 5607 3816 5476
6 4470 3514 4942
6 7045 3842 983
6 2924 4865 3327
6 5636 876 6937
6 9707 2195 2924
6 2078 7755 1997
6 2078 3314 7755
6 9236 5757 9850
6 6883 7714 6705
6 1781 8332 1156
6 3350 7814 9841
6 5653 4514 3130
6 5994 1724 5537
6 874 875 7402
6 5537 1724 1890
6 1993 8466 2246
6 1256 3302 1258
6 5447 7848 3127
6 7044 2249 5742
6 7855 539 554
6 7855 554 8466
6 594 5892 662
6 594 662 3309
6 341 7173 366
6 7799 371 2162
6 9817 371 7799
6 4557 9736 4191
6 9855 1433 1216
6 3511 2339 5476
6 607 4081 6947
6 607 6947 573
6 9736 2407 6424
6 9736 1426 2407
6 983 3829 3872
6 2816 1414 4683
6 2816 1415 1414
6 3532 2161 8419
6 343 1184 7902
6 9967 7705 2161
6 8139 3572 3043
6 1155 6455 4624
6 9733 3121 2179
6 3425 4277 3169
6 7855 2082 539
6 8088 3125 3134
6 3134 1340 8088
6 5007 3326 7873
6 3573 7873 3326
6 1385 6997 4756
6 5685 9708 2924
6 3327 4865 2925
6 5602 3082 684
6 933 5131 5147
6 4447 2563 4436
6 2144 8114 3124
6 3564 2337 8287
6 9081 1332 2337
6 9081 2337 3564
6 7112 1787 4842
6 2165 4756 7705
6 6517 6467 3314
6 6517 3314 2078
6 7423 6926 1470
6 5450 4254 1621
6 4254 3053 1621
6 3039 7551 1215
6 6811 2342 2344
6 1996 2782 8016
6 6400 2017 8723
6 4710 5264 4564
6 390 3015 5542
6 1881 1905 6680
6 2926 3326 2782
6 3124 8114 7912
6 1551 2380 4187
6 7585 6378 1183
6 8998 3586 2817
6 3407 3581 8590
6 4614 6911 3120
6 7714 8377 6705
6 348 335 2628
6 335 348 1184
6 4277 6026 2627
6 3314 4191 7044
6 336 5936 1857
6 3350 2162 1260
6 3350 9841 2162
6 3042 3572 8139
6 8139 9853 3042
6 6835 6253 684
6 4075 2053 3364
6 2053 6175 3364
6 6782 8114 2144
6 7490 8114 6782
6 4756 6997 1780
6 2236 1425 2241
6 1881 5461 7724
6 1993 6106 9708
6 9708 6106 9707
6 641 4081 607
6 1898 4564 4279
6 4838 6919 1179
6 2081 4865 5618
6 4075 2859 4505
6 5994 1661 5635
6 4614 6316 3122
6 4557 2406 5224
6 8287 2817 2018
6 8363 3121 3125
6 6925 5607 5476
6 3327 8330 2924
6 2344 8336 2017
6 6086 1744 7585
6 7596 3407 3584
6 5306 3365 4075
6 3364 5306 4075
6 1787 3082 4842
6 3125 7848 8363
6 1430 5962 2241
6 3564 4798 2804
6 4389 4504 1179
6 4683 1414 2817
6 5447 6562 7611
6 2164 1157 8419
6 5944 419 5032
6 3812 2811 1621
6 2241 3318 5467
6 6925 5476 2339
6 1415 1149 1414
6 8355 3571 9852
6 8466 594 3309
6 3970 6581 6526
6 7714 677 8377
6 7912 8114 7490
6 2014 5932 5747
6 9851 1430 9850
6 9850 5757 9851
6 1890 5073 5537
6 3872 5073 1890
6 3320 3311 9735
6 7596 3584 1332
6 2082 9708 2785
6 5685 2785 9708
6 3816 5607 4591
6 2014 3783 5932
6 2014 6714 3783
6 2053 5131 3022
6 2579 6591 7576
6 9855 4778 1431
6 7712 6911 6648
6 7712 7742 3120
6 9854 8856 8043
6 6467 9738 2239
6 6406 9738 6467
6 3554 5385 2627
6 5385 4810 2627
6 6876 1179 2518
6 6919 2518 1179
6 677 9734 662
6 677 662 8430
6 5179 6926 7423
6 398 408 8432
6 8432 7987 2335
6 3309 9734 2236
6 1625 8557 5747
6 9967 3532 8563
6 1856 8563 3532
6 6403 4215 2468
6 6899 1470 6926
6 3326 3572 3573
6 3572 3042 3573
6 8505 551 583
6 9967 9818 5248
6 9967 5248 2165
6 5165 7017 5999
6 6811 9320 3580
6 4810 4277 2627
6 2407 9737 3311
6 9735 3311 9737
6 3135 8363 3136
6 8363 7848 3136
6 2098 3120 7742
6 7112 4842 3364
6 1993 7855 8466
6 1890 983 3872
6 1724 4858 6844
6 3581 3586 8590
6 6400 401 414
6 5032 414 401
6 5962 3318 2241
6 7042 3563 3586
6 3581 7042 3586
6 7014 7039 1183
6 7014 1183 9818
6 5636 6937 7847
6 4799 4945 6574
6 1153 1385 6761
6 9841 7814 3533
6 3125 8088 7848
6 3581 2338 7042
6 7848 1340 3127
6 2895 2609 4318
6 4318 2609 8505
6 4756 7734 1385
6 3126 4281 3970
6 3533 7585 1744
6 6883 6705 1623
6 6883 1623 4343
6 3151 6883 4343
6 7814 9842 3533
6 9842 6378 3533
6 8723 1153 1260
6 8723 2017 1153
6 4756 7703 7705
6 2406 4557 4191
6 5898 2967 5612
6 6121 6562 5653
6 551 8505 6542
6 3135 3123 3121
6 1881 4210 5461
6 6705 4210 1881
6 6695 9732 7194
6 2236 8983 2246
6 3584 8998 2337
6 5757 6832 9851
6 7679 3425 7163
6 656 677 7714
6 8856 1430 8043
6 9850 1430 8856
6 341 366 4638
6 341 4638 2858
6 8287 2337 8998
6 3122 3509 4942
6 3022 6175 2053
6 4798 1780 6997
6 4281 3126 4810
6 9065 9081 2342
6 9065 9689 1332
6 1414 1149 1156
6 2342 9081 7451
6 7993 6316 7641
6 6591 1177 4489
6 4489 1177 6253
6 3169 4308 7490
6 343 7902 367
6 387 4638 366
6 7913 2397 7131
6 6695 9130 7913
6 8977 1431 1217
6 2406 1431 8977
6 3509 6316 7993
6 7993 7912 6526
6 3043 3572 1330
6 1724 6844 6318
6 3098 6086 9689
6 6086 7585 9689
6 3039 1214 7551
6 9137 7239 9320
6 3042 3039 3573
6 2728 4187 2380
6 6844 2092 6318
6 4945 932 5761
6 9130 2397 7913
6 9507 1333 7239
6 7987 413 8269
6 408 413 7987
6 2017 9137 2344
6 6581 3509 6526
6 9855 9852 1215
6 1215 9852 3571
6 8377 677 4210
6 4210 677 8430
6 7194 9732 2290
6 5007 2081 1997
6 2081 5007 3328
6 7273 7017 3508
6 5734 3508 7017
6 656 7714 5917
6 9173 3407 1745
6 9173 3581 3407
6 3586 3563 2817
6 8432 408 7987
6 4432 3510 6773
6 3401 3510 4432
6 4798 8287 2018
6 3124 7641 2098
6 4335 2339 6773
6 2018 1414 1156
6 1414 2018 2817
6 1428 1056 9283
6 3039 3042 1214
6 9818 8563 7014
6 551 7939 9236
6 3509 3122 6316
6 9688 9262 1181
6 1181 9262 1856
6 5149 419 9552
6 6318 2092 5682
6 7912 3126 6526
6 3970 6526 3126
6 1426 9160 1428
6 656 1425 677
6 1425 656 8043
6 4432 2339 3511
6 1055 1432 9283
6 4614 3120 6316
6 6316 3120 7641
6 9689 7039 7596
6 1183 7039 9689
6 398 8432 9130
6 3098 9689 9065
6 7576 4489 932
6 9320 7239 1333
6 3573 3039 8724
6 7993 6526 3509
6 7490 4308 3126
6 551 9236 583
6 7902 1744 3406
6 3406 1744 9374
6 7993 3124 7912
6 7912 7490 3126
6 1426 1432 2407
6 1428 1432 1426
6 9173 1745 9262
6 7847 1724 5994
6 6811 3580 3098
6 662 9734 3309
6 8332 7703 1780
6 1333 9634 8825
6 1215 3571 3039
6 1856 1745 7014
6 8563 1856 7014
6 9160 1426 9736
6 7039 1745 3407
6 7014 1745 7039
6 4489 6835 932
6 8332 2018 1156
6 4838 3827 6919
6 7993 7641 3124
6 662 5461 8430
6 9507 413 408
6 9552 9507 7239
6 398 9130 6695
6 6695 383 398
6 8825 398 383
6 8724 3039 3571
6 9283 1432 1428
6 1780 2018 8332
6 2018 1780 4798
6 419 5149 6400
6 6400 414 419
6 414 5032 419
6 9854 612 583
6 612 6558 583
6 6558 4318 583
6 9850 9854 583
6 4318 8505 583
6 677 1425 9734
6 413 9507 9552
6 413 419 8269
6 9552 419 413
6 6811 2344 9137
6 2817 8287 8998
6 2236 9734 1425
6 9374 3580 3406
6 9732 6695 7913
6 6558 656 5917
6 656 6558 612
6 656 612 9854
6 9854 8043 656
6 6811 3098 2342
6 3406 3580 8825
6 6695 367 383
6 8825 383 367
6 367 6695 6324
6 3098 3580 9374
6 6835 5761 932
6 398 9634 408
6 9634 398 8825
6 9634 9507 408
6 6811 9137 9320
6 9320 1333 3580
6 1333 8825 3580
6 6424 2249 7044
6 3309 2236 2246
6 9688 3410 5772
6 9688 9173 9262
6 9688 3581 9173
6 1431 1433 9855
6 2248 2197 1994
6 2193 1994 2197
6 1429 1216 7786
6 2407 1432 9737
6 3311 6424 2407
6 2406 6467 2239
6 3322 1330 3572
6 9852 1216 4812
6 9853 1214 3042
6 573 1683 1241
6 1755 3884 5207
6 1755 5207 1838
6 1429 9738 6028
6 2098 7742 3135
6 9850 8856 9854
6 6832 7939 2922
6 1430 9851 5059
6 3328 3571 5296
6 3043 9853 8139
6 3328 3573 8724
6 3125 9733 3134
6 7131 3134 9733
6 1562 6054 3512
6 3827 2518 6919
6 7710 2338 5772
6 5629 7710 2341
6 2290 9732 4467
6 3343 7173 9819
6 3344 3534 1157
6 1857 3408 1258
6 9817 9841 3533
6 9842 3350 7734
6 3533 1184 9817
6 1257 9843 3301
6 5335 9819 3344
6 2619 2290 9653
6 6782 5447 7611
6 3135 7712 3123
