# OBJ generated by ONSHAPE BY PTC INC, 1.214 Units = meters
mtllib tacIL_gripper_v2_with_selectors - selctor_C2.mtl
g selctor_C2
v 0.039 0.00249117 0.00866218 
v 0.039 0.00242145 0.00897895 
v 0.039 0.00228525 0.00927333 
v 0.039 0.00208896 0.00953155 
v 0.039 0.00184175 0.00974153 
v 0.039 0.00155517 0.00989347 
v 0.039 0.00124264 0.00998024 
v 0.039 0.000918758 0.0099978 
v 0.039 0.000598674 0.00994532 
v 0.039 0.000297353 0.00982527 
v 0.039 2.88867e-05 0.00964324 
v 0.039 -0.000194173 0.00940776 
v 0.039 -0.000361397 0.00912983 
v 0.039 -0.000464965 0.00882246 
v 0.039 -0.000500034 0.0085 
v 0.039 -0.000464965 0.00817754 
v 0.039 -0.000361397 0.00787017 
v 0.039 -0.000194173 0.00759224 
v 0.039 2.88867e-05 0.00735676 
v 0.039 0.000297353 0.00717473 
v 0.039 0.000598674 0.00705468 
v 0.039 0.000918758 0.0070022 
v 0.039 0.00124264 0.00701976 
v 0.039 0.00155517 0.00710653 
v 0.039 0.00184175 0.00725847 
v 0.039 0.00208896 0.00746845 
v 0.039 0.00228525 0.00772667 
v 0.039 0.00242145 0.00802105 
v 0.039 0.00249117 0.00833782 
v 0.039 0.00249997 0.0085 
v 0.039 0.000999966 0.0085 
v 0.0323723 -0.000500034 0.0085 
v 0.0323723 -0.000464965 0.00817754 
v 0.0323723 -0.000361397 0.00787017 
v 0.0323723 -0.000194173 0.00759224 
v 0.0323723 2.88867e-05 0.00735676 
v 0.0323723 0.000297353 0.00717473 
v 0.0323723 0.000598674 0.00705468 
v 0.0323723 0.000918758 0.0070022 
v 0.0323723 0.00124264 0.00701976 
v 0.0323723 0.00155517 0.00710653 
v 0.0323723 0.00184175 0.00725847 
v 0.0323723 0.00208896 0.00746845 
v 0.0323723 0.00228525 0.00772667 
v 0.0323723 0.00242145 0.00802105 
v 0.0323723 0.00249117 0.00833782 
v 0.0323723 0.00249997 0.0085 
v 0.0323723 0.00249117 0.00866218 
v 0.0323723 0.00242145 0.00897895 
v 0.0323723 0.00228525 0.00927333 
v 0.0323723 0.00208896 0.00953155 
v 0.0323723 0.00184175 0.00974153 
v 0.0323723 0.00155517 0.00989347 
v 0.0323723 0.00124264 0.00998024 
v 0.0323723 0.000918758 0.0099978 
v 0.0323723 0.000598674 0.00994532 
v 0.0323723 0.000297353 0.00982527 
v 0.0323723 2.88867e-05 0.00964324 
v 0.0323723 -0.000194173 0.00940776 
v 0.0323723 -0.000361397 0.00912983 
v 0.0323723 -0.000464965 0.00882246 
v 0.0308402 -0.00190365 0.00882246 
v 0.0308752 -0.00190585 0.0085 
v 0.0307369 -0.00189715 0.00912983 
v 0.03057 -0.00188665 0.00940776 
v 0.0303474 -0.00187264 0.00964324 
v 0.0300794 -0.00185578 0.00982527 
v 0.0297787 -0.00183686 0.00994532 
v 0.0294593 -0.00181677 0.0099978 
v 0.029136 -0.00179643 0.00998024 
v 0.0288241 -0.00177681 0.00989347 
v 0.0285381 -0.00175881 0.00974153 
v 0.0282914 -0.00174329 0.00953155 
v 0.0280955 -0.00173096 0.00927333 
v 0.0279595 -0.00172241 0.00897895 
v 0.0278899 -0.00171803 0.00866218 
v 0.0278812 -0.00171748 0.0085 
v 0.0278899 -0.00171803 0.00833782 
v 0.0279595 -0.00172241 0.00802105 
v 0.0280955 -0.00173096 0.00772667 
v 0.0282914 -0.00174329 0.00746845 
v 0.0285381 -0.00175881 0.00725847 
v 0.0288241 -0.00177681 0.00710653 
v 0.029136 -0.00179643 0.00701976 
v 0.0294593 -0.00181677 0.0070022 
v 0.0297787 -0.00183686 0.00705468 
v 0.0300794 -0.00185578 0.00717473 
v 0.0303474 -0.00187264 0.00735676 
v 0.03057 -0.00188665 0.00759224 
v 0.0307369 -0.00189715 0.00787017 
v 0.0308402 -0.00190365 0.00817754 
v 0.03093 -0.00158802 0.0085 
v 0.0308963 -0.00157838 0.00882246 
v 0.0310514 -0.00128923 0.0085 
v 0.0310205 -0.00127261 0.00882246 
v 0.0312339 -0.00102331 0.0085 
v 0.0312073 -0.00100047 0.00882246 
v 0.031469 -0.000802531 0.0085 
v 0.0314478 -0.000774534 0.00882246 
v 0.0317458 -0.000637116 0.0085 
v 0.0317312 -0.000605251 0.00882246 
v 0.0320516 -0.000534705 0.0085 
v 0.0320441 -0.000500446 0.00882246 
v 0.0307967 -0.00154994 0.00912983 
v 0.0309293 -0.00122354 0.00912983 
v 0.0311286 -0.000933032 0.00912983 
v 0.0313855 -0.000691853 0.00912983 
v 0.0316879 -0.000511148 0.00912983 
v 0.032022 -0.000399273 0.00912983 
v 0.0306359 -0.001504 0.00940776 
v 0.0307821 -0.00114429 0.00940776 
v 0.0310017 -0.000824144 0.00940776 
v 0.0312848 -0.000558352 0.00940776 
v 0.0316181 -0.000359207 0.00940776 
v 0.0319863 -0.000235914 0.00940776 
v 0.0304214 -0.00144274 0.00964324 
v 0.0305856 -0.00103859 0.00964324 
v 0.0308324 -0.000678898 0.00964324 
v 0.0311504 -0.000380276 0.00964324 
v 0.0315249 -0.000156532 0.00964324 
v 0.0319386 -1.80099e-05 0.00964324 
v 0.0301633 -0.00136899 0.00982527 
v 0.0303492 -0.000911376 0.00982527 
v 0.0306287 -0.000504085 0.00982527 
v 0.0309888 -0.000165949 0.00982527 
v 0.0314128 8.74002e-05 0.00982527 
v 0.0318812 0.000244251 0.00982527 
v 0.0298735 -0.00128623 0.00994532 
v 0.0300839 -0.00076859 0.00994532 
v 0.0304 -0.00030788 0.00994532 
v 0.0308073 7.46052e-05 0.00994532 
v 0.031287 0.000361183 0.00994532 
v 0.0318168 0.000538607 0.00994532 
v 0.0295658 -0.00119831 0.0099978 
v 0.029802 -0.000616912 0.0099978 
v 0.0301571 -9.94563e-05 0.0099978 
v 0.0306146 0.00033014 0.0099978 
v 0.0311533 0.000652016 0.0099978 
v 0.0317484 0.000851293 0.0099978 
v 0.0292543 -0.00110934 0.00998024 
v 0.0295168 -0.000463435 0.00998024 
v 0.0299113 0.00011144 0.00998024 
v 0.0304195 0.000588705 0.00998024 
v 0.031018 0.000946298 0.00998024 
v 0.0316791 0.00116769 0.00998024 
v 0.0289538 -0.0010235 0.00989347 
v 0.0292416 -0.000315335 0.00989347 
v 0.0296741 0.000314947 0.00989347 
v 0.0302313 0.000838212 0.00989347 
v 0.0308875 0.00123027 0.00989347 
v 0.0316123 0.001473 0.00989347 
v 0.0286783 -0.000944783 0.00974153 
v 0.0289892 -0.000179538 0.00974153 
v 0.0294566 0.00050155 0.00974153 
v 0.0300587 0.00106699 0.00974153 
v 0.0307678 0.00149065 0.00974153 
v 0.0315511 0.00175295 0.00974153 
v 0.0284406 -0.00087688 0.00953155 
v 0.0287715 -6.23914e-05 0.00953155 
v 0.029269 0.000662523 0.00953155 
v 0.0299098 0.00126435 0.00953155 
v 0.0306646 0.00171528 0.00953155 
v 0.0314982 0.00199445 0.00953155 
v 0.0282518 -0.000822962 0.00927333 
v 0.0285987 3.06253e-05 0.00927333 
v 0.02912 0.000790339 0.00927333 
v 0.0297916 0.00142106 0.00927333 
v 0.0305826 0.00189363 0.00927333 
v 0.0314563 0.0021862 0.00927333 
v 0.0281209 -0.000785553 0.00897895 
v 0.0284788 9.51633e-05 0.00897895 
v 0.0290166 0.000879022 0.00897895 
v 0.0297096 0.00152979 0.00897895 
v 0.0305257 0.00201738 0.00897895 
v 0.0314271 0.00231925 0.00897895 
v 0.0280538 -0.000766401 0.00866218 
v 0.0284173 0.000128205 0.00866218 
v 0.0289637 0.000924425 0.00866218 
v 0.0296676 0.00158545 0.00866218 
v 0.0304966 0.00208073 0.00866218 
v 0.0314122 0.00238736 0.00866218 
v 0.0280538 -0.000766401 0.00833782 
v 0.0284173 0.000128205 0.00833782 
v 0.0289637 0.000924425 0.00833782 
v 0.0296676 0.00158545 0.00833782 
v 0.0304966 0.00208073 0.00833782 
v 0.0314122 0.00238736 0.00833782 
v 0.0281209 -0.000785553 0.00802105 
v 0.0284788 9.51633e-05 0.00802105 
v 0.0290166 0.000879022 0.00802105 
v 0.0297096 0.00152979 0.00802105 
v 0.0305257 0.00201738 0.00802105 
v 0.0314271 0.00231925 0.00802105 
v 0.0282518 -0.000822962 0.00772667 
v 0.0285987 3.06253e-05 0.00772667 
v 0.02912 0.000790339 0.00772667 
v 0.0297916 0.00142106 0.00772667 
v 0.0305826 0.00189363 0.00772667 
v 0.0314563 0.0021862 0.00772667 
v 0.0284406 -0.00087688 0.00746845 
v 0.0287715 -6.23914e-05 0.00746845 
v 0.029269 0.000662523 0.00746845 
v 0.0299098 0.00126435 0.00746845 
v 0.0306646 0.00171528 0.00746845 
v 0.0314982 0.00199445 0.00746845 
v 0.0286783 -0.000944783 0.00725847 
v 0.0289892 -0.000179538 0.00725847 
v 0.0294566 0.00050155 0.00725847 
v 0.0300587 0.00106699 0.00725847 
v 0.0307678 0.00149065 0.00725847 
v 0.0315511 0.00175295 0.00725847 
v 0.0289538 -0.0010235 0.00710653 
v 0.0292416 -0.000315335 0.00710653 
v 0.0296741 0.000314947 0.00710653 
v 0.0302313 0.000838212 0.00710653 
v 0.0308875 0.00123027 0.00710653 
v 0.0316123 0.001473 0.00710653 
v 0.0292543 -0.00110934 0.00701976 
v 0.0295168 -0.000463435 0.00701976 
v 0.0299113 0.00011144 0.00701976 
v 0.0304195 0.000588705 0.00701976 
v 0.031018 0.000946298 0.00701976 
v 0.0316791 0.00116769 0.00701976 
v 0.0295658 -0.00119831 0.0070022 
v 0.029802 -0.000616912 0.0070022 
v 0.0301571 -9.94563e-05 0.0070022 
v 0.0306146 0.00033014 0.0070022 
v 0.0311533 0.000652016 0.0070022 
v 0.0317484 0.000851293 0.0070022 
v 0.0298735 -0.00128623 0.00705468 
v 0.0300839 -0.00076859 0.00705468 
v 0.0304 -0.00030788 0.00705468 
v 0.0308073 7.46052e-05 0.00705468 
v 0.031287 0.000361183 0.00705468 
v 0.0318168 0.000538607 0.00705468 
v 0.0301633 -0.00136899 0.00717473 
v 0.0303492 -0.000911376 0.00717473 
v 0.0306287 -0.000504085 0.00717473 
v 0.0309888 -0.000165949 0.00717473 
v 0.0314128 8.74002e-05 0.00717473 
v 0.0318812 0.000244251 0.00717473 
v 0.0304214 -0.00144274 0.00735676 
v 0.0305856 -0.00103859 0.00735676 
v 0.0308324 -0.000678898 0.00735676 
v 0.0311504 -0.000380276 0.00735676 
v 0.0315249 -0.000156532 0.00735676 
v 0.0319386 -1.80099e-05 0.00735676 
v 0.0306359 -0.001504 0.00759224 
v 0.0307821 -0.00114429 0.00759224 
v 0.0310017 -0.000824144 0.00759224 
v 0.0312848 -0.000558352 0.00759224 
v 0.0316181 -0.000359207 0.00759224 
v 0.0319863 -0.000235914 0.00759224 
v 0.0307967 -0.00154994 0.00787017 
v 0.0309293 -0.00122354 0.00787017 
v 0.0311286 -0.000933032 0.00787017 
v 0.0313855 -0.000691853 0.00787017 
v 0.0316879 -0.000511148 0.00787017 
v 0.032022 -0.000399273 0.00787017 
v 0.0308963 -0.00157838 0.00817754 
v 0.0310205 -0.00127261 0.00817754 
v 0.0312073 -0.00100047 0.00817754 
v 0.0314478 -0.000774534 0.00817754 
v 0.0317312 -0.000605251 0.00817754 
v 0.0320441 -0.000500446 0.00817754 
v 0.0249259 -0.0490715 0.00874752 
v 0.0249658 -0.0490749 0.0088835 
v 0.0249176 -0.0490712 0.00866152 
v 0.0249201 -0.0490713 0.00868678 
v 0.0249927 -0.0490772 0.00897532 
v 0.0250041 -0.0490782 0.00901418 
v 0.0251435 -0.04909 0.00928176 
v 0.0253236 -0.0491053 0.00950417 
v 0.0251342 -0.0490892 0.00926389 
v 0.0253563 -0.0491081 0.00954452 
v 0.0255129 -0.0491214 0.00967365 
v 0.0253323 -0.0491061 0.00951489 
v 0.0255731 -0.0491266 0.00972332 
v 0.0256037 -0.0491292 0.00974847 
v 0.0258501 -0.0491501 0.00988178 
v 0.0258647 -0.0491514 0.0098897 
v 0.0261255 -0.0491735 0.00997151 
v 0.0261558 -0.0491761 0.0099747 
v 0.0263971 -0.0491966 0.01 
v 0.0264901 -0.0492045 0.00999114 
v 0.0266437 -0.0492176 0.00997651 
v 0.0264775 -0.0492035 0.00999234 
v 0.0267931 -0.0492303 0.00993233 
v 0.0269094 -0.0492402 0.00989796 
v 0.0270841 -0.0492551 0.00980626 
v 0.0270866 -0.0492553 0.00980496 
v 0.027176 -0.0492629 0.00975807 
v 0.0272931 -0.0492728 0.00966258 
v 0.0273457 -0.0492773 0.00961969 
v 0.0274378 -0.0492851 0.00954452 
v 0.027565 -0.049296 0.00938955 
v 0.0276387 -0.0493022 0.00929978 
v 0.0277358 -0.0493105 0.00912008 
v 0.0277803 -0.0493143 0.00903781 
v 0.0278235 -0.0493179 0.00890018 
v 0.0278488 -0.0493201 0.00881986 
v 0.0278625 -0.0493213 0.00877616 
v 0.027874 -0.0493222 0.00831273 
v 0.0278683 -0.0493217 0.00825248 
v 0.0278919 -0.0493236 0.0085 
v 0.0278282 -0.0493183 0.008116 
v 0.02779 -0.0493151 0.00798582 
v 0.0278471 -0.0493199 0.00818046 
v 0.0276506 -0.0493032 0.00771824 
v 0.0275639 -0.0492959 0.00761114 
v 0.0277349 -0.0493104 0.00788005 
v 0.0274378 -0.0492851 0.00745548 
v 0.0273459 -0.0492773 0.00737972 
v 0.0271905 -0.0492641 0.00725153 
v 0.0270862 -0.0492552 0.00719515 
v 0.0270854 -0.0492552 0.0071947 
v 0.0269294 -0.0492419 0.0071103 
v 0.0264895 -0.0492045 0.0070097 
v 0.0264773 -0.0492035 0.00700842 
v 0.0267929 -0.0492303 0.00706749 
v 0.0266686 -0.0492197 0.00702849 
v 0.0263971 -0.0491966 0.007 
v 0.0258847 -0.0491531 0.00710204 
v 0.0258508 -0.0491502 0.00711988 
v 0.0261555 -0.0491761 0.00702301 
v 0.0261504 -0.0491757 0.00702349 
v 0.0256181 -0.0491304 0.00724193 
v 0.025574 -0.0491266 0.00727793 
v 0.0253563 -0.0491081 0.00745548 
v 0.025332 -0.0491061 0.00748508 
v 0.0255015 -0.0491205 0.00733705 
v 0.0251554 -0.049091 0.00770022 
v 0.0251355 -0.0490893 0.00773714 
v 0.0253167 -0.0491048 0.00750374 
v 0.0250139 -0.049079 0.00796219 
v 0.024994 -0.0490773 0.00802533 
v 0.0249316 -0.049072 0.00822384 
v 0.0249243 -0.0490716 0.00829194 
v 0.0249721 -0.0490755 0.00809491 
v 0.0249194 -0.0490714 0.00833874 
v 0.0249022 -0.0490705 0.00850001 
v 0.0112689 -0.0861492 0.00999121 
v 0.0113613 -0.0862365 0.00996324 
v 0.0114991 -0.0863668 0.00992148 
v 0.0115105 -0.0863775 0.00991426 
v 0.0117131 -0.0865689 0.00978529 
v 0.0118148 -0.0866651 0.00967888 
v 0.0119008 -0.0867463 0.00958899 
v 0.0120534 -0.0868905 0.00934178 
v 0.0120657 -0.0869021 0.00930984 
v 0.0121638 -0.0869949 0.00905521 
v 0.0121949 -0.0870242 0.00890111 
v 0.0122269 -0.0870545 0.00874267 
v 0.0122294 -0.0870566 0.00870347 
v 0.0122397 -0.0870665 0.00841879 
v 0.0122272 -0.0870547 0.00831367 
v 0.0122422 -0.0870678 0.0085 
v 0.0122015 -0.0870305 0.00809871 
v 0.0121472 -0.0869792 0.00791122 
v 0.0121143 -0.086948 0.00779739 
v 0.0120598 -0.0868966 0.00768688 
v 0.011982 -0.086823 0.00752892 
v 0.0118108 -0.0866613 0.00730586 
v 0.0118075 -0.0866582 0.00730312 
v 0.0116088 -0.0864704 0.00713864 
v 0.0115099 -0.0863769 0.00709278 
v 0.0113854 -0.0862593 0.00703507 
v 0.0113641 -0.0862392 0.00703189 
v 0.011151 -0.0860378 0.007 
v 0.0110835 -0.085974 0.0070101 
v 0.0109166 -0.0858164 0.00703507 
v 0.0107941 -0.0857006 0.00709188 
v 0.0106932 -0.0856053 0.00713864 
v 0.0104912 -0.0854144 0.00730586 
v 0.0104832 -0.0854068 0.00731633 
v 0.0103201 -0.0852526 0.00752892 
v 0.0102423 -0.0851791 0.00768676 
v 0.0101878 -0.0851276 0.00779739 
v 0.0101608 -0.0851022 0.00789032 
v 0.0101005 -0.0850452 0.00809871 
v 0.0100774 -0.0850233 0.00829276 
v 0.0100623 -0.0850091 0.00841879 
v 0.0100598 -0.0850078 0.0085 
v 0.0100716 -0.0850181 0.00868685 
v 0.0100751 -0.0850212 0.00874267 
v 0.0101037 -0.0850482 0.00888425 
v 0.0101382 -0.0850808 0.00905521 
v 0.0101518 -0.0850937 0.00909063 
v 0.0102486 -0.0851851 0.00934178 
v 0.0103563 -0.0852869 0.00951628 
v 0.0104012 -0.0853294 0.00958899 
v 0.0104966 -0.0854194 0.00968869 
v 0.0105889 -0.0855067 0.00978529 
v 0.0106426 -0.0855574 0.00981947 
v 0.0108029 -0.0857089 0.00992148 
v 0.0109384 -0.0858369 0.00996251 
v 0.0110331 -0.0859264 0.00999121 
v 0.0110827 -0.0859733 0.00999491 
v 0.011151 -0.0860378 0.01 
v 0.0181236 -0.0728434 0.00829137 
v 0.0142524 -0.0794563 0.00829137 
v 0.0142385 -0.079447 0.0085 
v 0.0181655 -0.0728647 0.00809294 
v 0.0142915 -0.0794824 0.00809294 
v 0.0182369 -0.0729009 0.00789188 
v 0.0143579 -0.0795269 0.00789188 
v 0.0183401 -0.0729534 0.00769207 
v 0.0144541 -0.0795913 0.00769207 
v 0.0184762 -0.0730226 0.00750065 
v 0.014581 -0.0796762 0.00750065 
v 0.0186401 -0.073106 0.00733032 
v 0.0147337 -0.0797785 0.00733032 
v 0.0188292 -0.0732021 0.00718759 
v 0.01491 -0.0798965 0.00718759 
v 0.0190094 -0.0732938 0.0070926 
v 0.0150779 -0.0800089 0.0070926 
v 0.0191885 -0.0733848 0.00703211 
v 0.0152448 -0.0801206 0.00703211 
v 0.0193632 -0.0734736 0.00700336 
v 0.0154076 -0.0802296 0.00700336 
v 0.0195299 -0.0735584 0.00700336 
v 0.015563 -0.0803336 0.00700336 
v 0.0197075 -0.0736487 0.00703284 
v 0.0157285 -0.0804445 0.00703284 
v 0.019886 -0.0737395 0.00709361 
v 0.0158948 -0.0805558 0.00709361 
v 0.0200656 -0.0738308 0.00718868 
v 0.0160622 -0.0806678 0.00718868 
v 0.0202417 -0.0739204 0.00732033 
v 0.0162263 -0.0807777 0.00732033 
v 0.0204102 -0.074006 0.00749255 
v 0.0163833 -0.0808828 0.00749255 
v 0.0205531 -0.0740787 0.0076922 
v 0.0165165 -0.080972 0.0076922 
v 0.0206648 -0.0741355 0.00791225 
v 0.0166207 -0.0810417 0.00791225 
v 0.0207333 -0.0741704 0.00811408 
v 0.0166845 -0.0810844 0.00811408 
v 0.0207723 -0.0741902 0.00831233 
v 0.0167208 -0.0811087 0.00831233 
v 0.0207843 -0.0741963 0.0085 
v 0.0167321 -0.0811162 0.0085 
v 0.0207701 -0.0741891 0.00870371 
v 0.0167188 -0.0811074 0.00870371 
v 0.0207289 -0.0741681 0.00890215 
v 0.0166804 -0.0810817 0.00890215 
v 0.0206583 -0.0741322 0.00910317 
v 0.0166146 -0.0810376 0.00910317 
v 0.0205559 -0.0740801 0.00930309 
v 0.0165192 -0.0809737 0.00930309 
v 0.0204206 -0.0740113 0.00949483 
v 0.0163931 -0.0808893 0.00949483 
v 0.0202534 -0.0739263 0.00966931 
v 0.0162373 -0.080785 0.00966931 
v 0.0200643 -0.0738301 0.00981215 
v 0.016061 -0.080667 0.00981215 
v 0.0198841 -0.0737385 0.00990722 
v 0.015893 -0.0805546 0.00990722 
v 0.019705 -0.0736475 0.00996779 
v 0.0157262 -0.0804429 0.00996779 
v 0.0195303 -0.0735586 0.00999661 
v 0.0155634 -0.0803339 0.00999661 
v 0.0193628 -0.0734734 0.00999661 
v 0.0154072 -0.0802294 0.00999661 
v 0.0191851 -0.0733831 0.00996706 
v 0.0152417 -0.0801185 0.00996706 
v 0.0190067 -0.0732924 0.00990621 
v 0.0150754 -0.0800072 0.00990621 
v 0.0188271 -0.0732011 0.00981106 
v 0.014908 -0.0798952 0.00981106 
v 0.018651 -0.0731115 0.00967932 
v 0.0147439 -0.0797853 0.00967932 
v 0.0184826 -0.0730259 0.00950703 
v 0.0145869 -0.0796802 0.00950703 
v 0.0183397 -0.0729532 0.00930733 
v 0.0144538 -0.0795911 0.00930733 
v 0.018228 -0.0728964 0.00908724 
v 0.0143497 -0.0795214 0.00908724 
v 0.0181596 -0.0728617 0.00888542 
v 0.014286 -0.0794788 0.00888542 
v 0.0181207 -0.0728419 0.00868718 
v 0.0142497 -0.0794545 0.00868718 
v 0.0181087 -0.0728358 0.0085 
v 0.0212028 -0.0657728 0.00829137 
v 0.0212469 -0.065789 0.00809294 
v 0.0213221 -0.0658165 0.00789188 
v 0.0214308 -0.0658564 0.00769207 
v 0.0215742 -0.0659089 0.00750065 
v 0.0217468 -0.0659722 0.00733032 
v 0.0219461 -0.0660452 0.00718759 
v 0.0221359 -0.0661148 0.0070926 
v 0.0223245 -0.0661839 0.00703211 
v 0.0225085 -0.0662514 0.00700336 
v 0.0226841 -0.0663157 0.00700336 
v 0.0228713 -0.0663843 0.00703284 
v 0.0230593 -0.0664532 0.00709361 
v 0.0232484 -0.0665226 0.00718868 
v 0.0234339 -0.0665906 0.00732033 
v 0.0236114 -0.0666556 0.00749255 
v 0.0237619 -0.0667108 0.0076922 
v 0.0238797 -0.066754 0.00791225 
v 0.0239518 -0.0667804 0.00811408 
v 0.0239929 -0.0667954 0.00831233 
v 0.0240056 -0.0668001 0.0085 
v 0.0239906 -0.0667946 0.00870371 
v 0.0239472 -0.0667787 0.00890215 
v 0.0238728 -0.0667514 0.00910317 
v 0.0237649 -0.0667119 0.00930309 
v 0.0236224 -0.0666597 0.00949483 
v 0.0234463 -0.0665951 0.00966931 
v 0.023247 -0.0665221 0.00981215 
v 0.0230572 -0.0664525 0.00990722 
v 0.0228686 -0.0663834 0.00996779 
v 0.0226846 -0.0663159 0.00999661 
v 0.0225081 -0.0662512 0.00999661 
v 0.022321 -0.0661826 0.00996706 
v 0.022133 -0.0661137 0.00990621 
v 0.0219438 -0.0660444 0.00981106 
v 0.0217583 -0.0659764 0.00967932 
v 0.0215809 -0.0659114 0.00950703 
v 0.0214304 -0.0658562 0.00930733 
v 0.0213128 -0.0658131 0.00908724 
v 0.0212407 -0.0657867 0.00888542 
v 0.0211997 -0.0657717 0.00868718 
v 0.0211871 -0.065767 0.0085 
v 0.0234209 -0.0583284 0.0085 
v 0.0234372 -0.0583323 0.00829137 
v 0.0234829 -0.058343 0.00809294 
v 0.0235608 -0.0583614 0.00789188 
v 0.0236735 -0.0583879 0.00769207 
v 0.0238221 -0.0584229 0.00750065 
v 0.024001 -0.0584651 0.00733032 
v 0.0242075 -0.0585137 0.00718759 
v 0.0244042 -0.0585601 0.0070926 
v 0.0245997 -0.0586061 0.00703211 
v 0.0247904 -0.0586511 0.00700336 
v 0.0249724 -0.0586939 0.00700336 
v 0.0251664 -0.0587396 0.00703284 
v 0.0253612 -0.0587855 0.00709361 
v 0.0255572 -0.0588317 0.00718868 
v 0.0257495 -0.058877 0.00732033 
v 0.0259334 -0.0589203 0.00749255 
v 0.0260894 -0.0589571 0.0076922 
v 0.0262115 -0.0589858 0.00791225 
v 0.0262862 -0.0590034 0.00811408 
v 0.0263288 -0.0590135 0.00831233 
v 0.0263419 -0.0590166 0.0085 
v 0.0263264 -0.0590129 0.00870371 
v 0.0262814 -0.0590023 0.00890215 
v 0.0262044 -0.0589842 0.00910317 
v 0.0260926 -0.0589578 0.00930309 
v 0.0259449 -0.058923 0.00949483 
v 0.0257623 -0.05888 0.00966931 
v 0.0255558 -0.0588314 0.00981215 
v 0.0253591 -0.058785 0.00990722 
v 0.0251636 -0.058739 0.00996779 
v 0.0249729 -0.058694 0.00999661 
v 0.02479 -0.058651 0.00999661 
v 0.024596 -0.0586053 0.00996706 
v 0.0244012 -0.0585594 0.00990621 
v 0.0242052 -0.0585132 0.00981106 
v 0.0240129 -0.0584679 0.00967932 
v 0.023829 -0.0584246 0.00950703 
v 0.0236731 -0.0583878 0.00930733 
v 0.0235511 -0.0583591 0.00908724 
v 0.0234765 -0.0583415 0.00888542 
v 0.023434 -0.0583315 0.00868718 
v 0.0246909 -0.0511483 0.0085 
v 0.0247075 -0.0511503 0.00829137 
v 0.0247542 -0.0511558 0.00809294 
v 0.0248336 -0.0511652 0.00789188 
v 0.0249485 -0.0511788 0.00769207 
v 0.0251001 -0.0511967 0.00750065 
v 0.0252826 -0.0512183 0.00733032 
v 0.0254932 -0.0512432 0.00718759 
v 0.0256939 -0.0512669 0.0070926 
v 0.0258932 -0.0512905 0.00703211 
v 0.0260878 -0.0513135 0.00700336 
v 0.0262734 -0.0513354 0.00700336 
v 0.0264712 -0.0513588 0.00703284 
v 0.0266699 -0.0513823 0.00709361 
v 0.0268699 -0.051406 0.00718868 
v 0.027066 -0.0514291 0.00732033 
v 0.0272536 -0.0514513 0.00749255 
v 0.0274127 -0.0514701 0.0076922 
v 0.0275372 -0.0514849 0.00791225 
v 0.0276135 -0.0514939 0.00811408 
v 0.0276568 -0.051499 0.00831233 
v 0.0276703 -0.0515006 0.0085 
v 0.0276544 -0.0514987 0.00870371 
v 0.0276085 -0.0514933 0.00890215 
v 0.0275299 -0.051484 0.00910317 
v 0.0274159 -0.0514705 0.00930309 
v 0.0272653 -0.0514527 0.00949483 
v 0.0270791 -0.0514307 0.00966931 
v 0.0268684 -0.0514058 0.00981215 
v 0.0266678 -0.0513821 0.00990722 
v 0.0264684 -0.0513585 0.00996779 
v 0.0262739 -0.0513355 0.00999661 
v 0.0260873 -0.0513134 0.00999661 
v 0.0258895 -0.05129 0.00996706 
v 0.0256908 -0.0512665 0.00990621 
v 0.0254908 -0.0512429 0.00981106 
v 0.0252947 -0.0512197 0.00967932 
v 0.0251072 -0.0511975 0.00950703 
v 0.0249481 -0.0511787 0.00930733 
v 0.0248238 -0.051164 0.00908724 
v 0.0247476 -0.051155 0.00888542 
v 0.0247043 -0.0511499 0.00868718 
v 0.00460671 -0.090934 0.001 
v 0.00475743 -0.0906489 0.001 
v 0.00451995 -0.0912465 0.001 
v 0.00460585 -0.0909357 0.001 
v 0.0045024 -0.0915704 0.001 
v 0.00451946 -0.0912483 0.001 
v 0.00455487 -0.0918904 0.001 
v 0.0045023 -0.0915722 0.001 
v 0.00467492 -0.0921917 0.001 
v 0.00455517 -0.0918922 0.001 
v 0.00485692 -0.0924601 0.001 
v 0.0046756 -0.0921934 0.001 
v 0.00485796 -0.0924616 0.001 
v 0.00509238 -0.0926832 0.001 
v 0.00509371 -0.0926844 0.001 
v 0.00537027 -0.0928504 0.001 
v 0.00537185 -0.0928513 0.001 
v 0.00567761 -0.0929539 0.001 
v 0.00567935 -0.0929545 0.001 
v 0.00600002 -0.092989 0.001 
v 0.00600185 -0.0929892 0.001 
v 0.00632243 -0.0929539 0.001 
v 0.00632427 -0.0929537 0.001 
v 0.00662977 -0.0928503 0.001 
v 0.00663152 -0.0928497 0.001 
v 0.00690766 -0.0926831 0.001 
v 0.00690924 -0.0926822 0.001 
v 0.00714311 -0.0924601 0.001 
v 0.00714444 -0.0924588 0.001 
v 0.0073251 -0.0921917 0.001 
v 0.00732614 -0.0921901 0.001 
v 0.00744514 -0.0918904 0.001 
v 0.00744582 -0.0918887 0.001 
v 0.0074976 -0.0915703 0.001 
v 0.0074979 -0.0915685 0.001 
v 0.00748004 -0.0912465 0.001 
v 0.00747994 -0.0912447 0.001 
v 0.00739327 -0.090934 0.001 
v 0.00739278 -0.0909322 0.001 
v 0.00724136 -0.0906475 0.001 
v 0.00724049 -0.0906458 0.001 
v 0.0070314 -0.0904003 0.001 
v 0.0070302 -0.0903989 0.001 
v 0.00677321 -0.090204 0.001 
v 0.00677174 -0.0902029 0.001 
v 0.00647887 -0.0900679 0.001 
v 0.0064772 -0.0900671 0.001 
v 0.00616214 -0.0899981 0.001 
v 0.00616034 -0.0899978 0.001 
v 0.00583782 -0.0899982 0.001 
v 0.00583598 -0.0899982 0.001 
v 0.00552109 -0.0900679 0.001 
v 0.00551929 -0.0900683 0.001 
v 0.00522675 -0.0902041 0.001 
v 0.00522508 -0.0902048 0.001 
v 0.00496857 -0.0904003 0.001 
v 0.00490973 -0.090459 0.001 
v 0.00496711 -0.0904014 0.001 
v 0.00475858 -0.0906475 0.001 
v 0.00727958 -0.0906045 0.00182688 
v 0.00706906 -0.0903578 0.00182207 
v 0.0072849 -0.0901293 0.0030767 
v 0.00749668 -0.0903747 0.00308884 
v 0.0076804 -0.0897108 0.00423483 
v 0.00789449 -0.0899537 0.00425374 
v 0.00823716 -0.0891216 0.00524264 
v 0.0084545 -0.0893611 0.00526744 
v 0.00892933 -0.088389 0.0060533 
v 0.00915072 -0.0886242 0.00608284 
v 0.00972473 -0.0875473 0.00662915 
v 0.00995077 -0.0877775 0.00666205 
v 0.0105864 -0.0866353 0.00694342 
v 0.00743254 -0.0908902 0.00184107 
v 0.00765337 -0.0906565 0.00312469 
v 0.00805799 -0.0902282 0.00430957 
v 0.00862762 -0.0896254 0.00534067 
v 0.00933578 -0.0888759 0.00617007 
v 0.0101496 -0.0880147 0.00675922 
v 0.0108175 -0.0868603 0.00697815 
v 0.00752078 -0.0912014 0.00186398 
v 0.00774762 -0.0909614 0.00318257 
v 0.00816328 -0.0905215 0.00439973 
v 0.00874842 -0.0899022 0.00545892 
v 0.00947587 -0.0891324 0.0063109 
v 0.0103118 -0.0882477 0.0069161 
v 0.0110312 -0.0870817 0.00708075 
v 0.00754019 -0.0915238 0.00189454 
v 0.00777505 -0.0912752 0.00325977 
v 0.00820541 -0.0908198 0.00451999 
v 0.00881125 -0.0901786 0.00561664 
v 0.00956444 -0.0893815 0.00649877 
v 0.01043 -0.0884655 0.00712538 
v 0.0112174 -0.0872893 0.00724639 
v 0.00748985 -0.0918421 0.00193133 
v 0.00773437 -0.0915833 0.00335269 
v 0.00818242 -0.0911091 0.00466473 
v 0.00881318 -0.0904416 0.00580648 
v 0.00959733 -0.0896117 0.00672488 
v 0.0104984 -0.0886581 0.00737725 
v 0.0113676 -0.0874732 0.00746735 
v 0.00737211 -0.0921415 0.00197261 
v 0.00762748 -0.0918712 0.00345698 
v 0.00809539 -0.091376 0.00482719 
v 0.00875411 -0.0906789 0.00601954 
v 0.00957302 -0.0898122 0.00697865 
v 0.0105141 -0.0888163 0.00765995 
v 0.0114746 -0.0876249 0.00773328 
v 0.00719249 -0.092408 0.00201647 
v 0.00745937 -0.0921255 0.00356777 
v 0.00794838 -0.091608 0.00499975 
v 0.0086368 -0.0908795 0.00624588 
v 0.00949264 -0.0899737 0.00724823 
v 0.0104761 -0.0889329 0.00796025 
v 0.0115336 -0.0877374 0.00803176 
v 0.00695939 -0.0926291 0.00206084 
v 0.00723791 -0.0923343 0.00367987 
v 0.00774827 -0.0917942 0.00517437 
v 0.00846675 -0.0910339 0.0064749 
v 0.00935995 -0.0900886 0.00752101 
v 0.0103864 -0.0890023 0.00826411 
v 0.0115416 -0.0878053 0.00834883 
v 0.00668369 -0.0927945 0.00210366 
v 0.00697346 -0.0924879 0.00378804 
v 0.00750442 -0.0919259 0.00534287 
v 0.0082519 -0.0911349 0.00669589 
v 0.00918115 -0.0901515 0.00778423 
v 0.010249 -0.0890213 0.00855733 
v 0.0114983 -0.0878255 0.00866965 
v 0.0063783 -0.0928965 0.00214293 
v 0.00667838 -0.0925789 0.00388723 
v 0.00722823 -0.091997 0.00549737 
v 0.00800229 -0.0911778 0.00689853 
v 0.00896461 -0.0901594 0.00802559 
v 0.0100705 -0.0889891 0.00882619 
v 0.0114058 -0.087797 0.00897924 
v 0.00605748 -0.0929303 0.0021768 
v 0.00636646 -0.0926033 0.0039728 
v 0.0069326 -0.0920041 0.00563066 
v 0.00772961 -0.0911607 0.00707334 
v 0.00872045 -0.0901121 0.0082338 
v 0.00985907 -0.0889071 0.00905812 
v 0.0112685 -0.0877212 0.00926311 
v 0.00573626 -0.0928943 0.00220369 
v 0.00605229 -0.0925598 0.00404074 
v 0.00663138 -0.091947 0.00573648 
v 0.0074466 -0.0910842 0.00721214 
v 0.00846008 -0.0900116 0.00839912 
v 0.00962472 -0.0887791 0.00924228 
v 0.0110926 -0.0876016 0.00950799 
v 0.00542963 -0.0927901 0.00222235 
v 0.00575057 -0.0924505 0.00408788 
v 0.00633863 -0.0918282 0.00580991 
v 0.00716649 -0.090952 0.00730844 
v 0.00819568 -0.0898628 0.00851382 
v 0.00937838 -0.0886112 0.00937006 
v 0.0108864 -0.0874438 0.00970243 
v 0.00515195 -0.0926228 0.00223191 
v 0.00547539 -0.0922805 0.00411201 
v 0.00606805 -0.0916533 0.0058475 
v 0.00690238 -0.0907703 0.00735774 
v 0.00793962 -0.0896726 0.00857255 
v 0.00913156 -0.0884112 0.00943547 
v 0.0106596 -0.0872552 0.00983734 
v 0.00491619 -0.0924 0.00223191 
v 0.00523964 -0.0920577 0.00411201 
v 0.00583229 -0.0914305 0.0058475 
v 0.00666663 -0.0905475 0.00735774 
v 0.00770386 -0.0894498 0.00857255 
v 0.0088958 -0.0881884 0.00943547 
v 0.0104228 -0.0870446 0.00990641 
v 0.00473339 -0.0921323 0.00222235 
v 0.00505432 -0.0917926 0.00408788 
v 0.00564238 -0.0911703 0.00580991 
v 0.00647024 -0.0902941 0.00730844 
v 0.00749943 -0.0892049 0.00851382 
v 0.00868213 -0.0879533 0.00937006 
v 0.0101871 -0.0868218 0.00990641 
v 0.00461207 -0.091832 0.00220369 
v 0.00492811 -0.0914976 0.00404074 
v 0.00550719 -0.0908847 0.00573648 
v 0.00632242 -0.090022 0.00721214 
v 0.0073359 -0.0889494 0.00839912 
v 0.00850054 -0.0877168 0.00924228 
v 0.00996338 -0.0865973 0.00983734 
v 0.00455793 -0.0915133 0.0021768 
v 0.00486691 -0.0911864 0.0039728 
v 0.00543305 -0.0905872 0.00563066 
v 0.00623006 -0.0897437 0.00707334 
v 0.0072209 -0.0886951 0.0082338 
v 0.00835952 -0.0874901 0.00905812 
v 0.00976222 -0.0863816 0.00970243 
v 0.00457349 -0.0911911 0.00214293 
v 0.00487357 -0.0908736 0.00388723 
v 0.00542342 -0.0902916 0.00549737 
v 0.00619749 -0.0894725 0.00689853 
v 0.00715981 -0.088454 0.00802559 
v 0.00826566 -0.0872837 0.00882619 
v 0.00959301 -0.0861847 0.00950799 
v 0.00465802 -0.0908805 0.00210366 
v 0.0049478 -0.0905738 0.00378804 
v 0.00547876 -0.0900119 0.00534287 
v 0.00622623 -0.0892208 0.00669589 
v 0.00715549 -0.0882374 0.00778423 
v 0.00822335 -0.0871073 0.00855733 
v 0.00946365 -0.0860159 0.00926311 
v 0.00480758 -0.0905958 0.00206084 
v 0.00508611 -0.0903011 0.00367987 
v 0.00559647 -0.089761 0.00517437 
v 0.00631494 -0.0890006 0.0064749 
v 0.00720814 -0.0880553 0.00752101 
v 0.00823457 -0.086969 0.00826411 
v 0.00938018 -0.085883 0.00897924 
v 0.00501516 -0.0903506 0.00201647 
v 0.00528204 -0.0900681 0.00356777 
v 0.00577105 -0.0895506 0.00499975 
v 0.00645947 -0.0888221 0.00624588 
v 0.00731531 -0.0879163 0.00724823 
v 0.0082988 -0.0868755 0.00796025 
v 0.00934652 -0.0857923 0.00866965 
v 0.00527106 -0.0901562 0.00197261 
v 0.00552642 -0.0898859 0.00345698 
v 0.00599434 -0.0893907 0.00482719 
v 0.00665306 -0.0886936 0.00601954 
v 0.00747197 -0.0878269 0.00697865 
v 0.00841303 -0.086831 0.00765995 
v 0.00936424 -0.0857479 0.00834883 
v 0.00556332 -0.0900217 0.00193133 
v 0.00580784 -0.0897629 0.00335269 
v 0.00625589 -0.0892887 0.00466473 
v 0.00688665 -0.0886212 0.00580648 
v 0.00767081 -0.0877913 0.00672488 
v 0.00857192 -0.0868377 0.00737725 
v 0.0094325 -0.0857521 0.00803176 
v 0.00587827 -0.0899534 0.00189454 
v 0.00611313 -0.0897048 0.00325977 
v 0.00654349 -0.0892494 0.00451999 
v 0.00714933 -0.0886082 0.00561664 
v 0.00790252 -0.0878111 0.00649877 
v 0.00876804 -0.0868951 0.00712538 
v 0.00954811 -0.0858046 0.00773328 
v 0.00620118 -0.0899545 0.00186398 
v 0.00642802 -0.0897145 0.00318257 
v 0.00684367 -0.0892746 0.00439973 
v 0.00742882 -0.0886553 0.00545892 
v 0.00815627 -0.0878854 0.0063109 
v 0.00899222 -0.0870008 0.0069161 
v 0.00970568 -0.0859028 0.00746735 
v 0.00651696 -0.090025 0.00184107 
v 0.00673778 -0.0897913 0.00312469 
v 0.00714241 -0.0893631 0.00430957 
v 0.00771204 -0.0887602 0.00534067 
v 0.0084202 -0.0880108 0.00617007 
v 0.00923398 -0.0871496 0.00675922 
v 0.00989783 -0.0860424 0.00724639 
v 0.00681083 -0.0901616 0.00182688 
v 0.00702793 -0.0899318 0.00308884 
v 0.00742574 -0.0895108 0.00425374 
v 0.00798575 -0.0889181 0.00526744 
v 0.00868197 -0.0881813 0.00608284 
v 0.00948202 -0.0873346 0.00666205 
v 0.0101156 -0.0862166 0.00708075 
v 0.0103487 -0.0864174 0.00697815 
v 0.00632246 -0.0929541 -0.013 
v 0.006 -0.0929892 -0.013 
v 0.00662983 -0.0928505 -0.013 
v 0.00690776 -0.0926833 -0.013 
v 0.00714324 -0.0924602 -0.013 
v 0.00732527 -0.0921918 -0.013 
v 0.00744532 -0.0918905 -0.013 
v 0.0074978 -0.0915704 -0.013 
v 0.00748024 -0.0912465 -0.013 
v 0.00739347 -0.090934 -0.013 
v 0.00724153 -0.0906474 -0.013 
v 0.00703155 -0.0904002 -0.013 
v 0.00677333 -0.0902039 -0.013 
v 0.00647895 -0.0900677 -0.013 
v 0.00616218 -0.089998 -0.013 
v 0.00583782 -0.089998 -0.013 
v 0.00552105 -0.0900677 -0.013 
v 0.00522667 -0.0902039 -0.013 
v 0.00496845 -0.0904002 -0.013 
v 0.00490973 -0.090459 -0.013 
v 0.00475847 -0.0906474 -0.013 
v 0.00460653 -0.090934 -0.013 
v 0.00451976 -0.0912465 -0.013 
v 0.0045022 -0.0915704 -0.013 
v 0.00455468 -0.0918905 -0.013 
v 0.00467473 -0.0921918 -0.013 
v 0.00485676 -0.0924602 -0.013 
v 0.00509224 -0.0926833 -0.013 
v 0.00537017 -0.0928505 -0.013 
v 0.00567754 -0.0929541 -0.013 
v 0.006 -0.0914892 -0.013 
vn 1 0 0 
vn 0 -1 0 
vn 0 -0.976621 -0.21497 
vn 0 -0.907575 -0.419889 
vn 0 -0.796093 -0.605174 
vn 0 -0.647386 -0.762162 
vn 0 -0.468408 -0.883512 
vn 0 -0.267528 -0.96355 
vn 0 -0.0541389 -0.998533 
vn 0 0.161782 -0.986827 
vn 0 0.370138 -0.928977 
vn 0 0.561187 -0.827689 
vn 0 0.725995 -0.687699 
vn 0 0.856857 -0.515554 
vn 0 0.947653 -0.319302 
vn 0 0.994138 -0.108119 
vn 0 0.994138 0.108119 
vn 0 1 0 
vn 0 0.994138 -0.108119 
vn 0 0.994138 0.108119 
vn 0 0.947653 0.319302 
vn 0 0.856857 0.515554 
vn 0 0.725995 0.687699 
vn 0 0.561187 0.827689 
vn 0 0.370138 0.928977 
vn 0 0.161782 0.986827 
vn 0 -0.0541389 0.998533 
vn 0 -0.267528 0.96355 
vn 0 -0.468408 0.883512 
vn 0 -0.647386 0.762162 
vn 0 -0.796093 0.605174 
vn 0 -0.907575 0.419889 
vn 0 -0.976621 0.21497 
vn 0.974693 -0.0613213 0.21497 
vn 0.998027 -0.0627892 1.22465e-16 
vn 0.961536 -0.274677 1.22465e-16 
vn 0.939056 -0.268256 0.21497 
vn 0.880596 -0.473868 1.22465e-16 
vn 0.860008 -0.462789 0.21497 
vn 0.758947 -0.651152 1.22465e-16 
vn 0.741203 -0.635929 0.21497 
vn 0.602214 -0.798335 1.22465e-16 
vn 0.588134 -0.77967 0.21497 
vn 0.417641 -0.908612 1.22465e-16 
vn 0.407877 -0.887369 0.21497 
vn 0.213761 -0.976886 1.22465e-16 
vn 0.208764 -0.954047 0.21497 
vn 1.38778e-16 -1 1.22465e-16 
vn 0.905785 -0.056986 0.419889 
vn 0.872667 -0.249291 0.419889 
vn 0.799207 -0.430071 0.419889 
vn 0.688802 -0.59097 0.419889 
vn 0.546554 -0.724549 0.419889 
vn 0.379041 -0.824634 0.419889 
vn 0.194005 -0.886598 0.419889 
vn 8.32667e-17 -0.976621 0.21497 
vn 0.794522 -0.0499861 0.605174 
vn 0.765472 -0.218669 0.605174 
vn 0.701036 -0.377243 0.605174 
vn 0.604193 -0.518378 0.605174 
vn 0.479418 -0.635549 0.605174 
vn 0.332481 -0.72334 0.605174 
vn 0.170174 -0.777692 0.605174 
vn 1.80411e-16 -0.907575 0.419889 
vn 0.646109 -0.0406489 0.762162 
vn 0.622485 -0.177822 0.762162 
vn 0.570086 -0.306776 0.762162 
vn 0.491332 -0.421547 0.762162 
vn 0.389865 -0.516831 0.762162 
vn 0.270375 -0.588223 0.762162 
vn 0.138386 -0.632423 0.762162 
vn 1.249e-16 -0.796093 0.605174 
vn 0.467484 -0.029411 0.883512 
vn 0.450392 -0.128661 0.883512 
vn 0.412479 -0.221964 0.883512 
vn 0.355497 -0.305005 0.883512 
vn 0.282082 -0.373947 0.883512 
vn 0.195627 -0.425602 0.883512 
vn 0.100128 -0.457582 0.883512 
vn 1.17961e-16 -0.647386 0.762162 
vn 0.267 -0.0167979 0.96355 
vn 0.257238 -0.073484 0.96355 
vn 0.235584 -0.126773 0.96355 
vn 0.20304 -0.174202 0.96355 
vn 0.161109 -0.213577 0.96355 
vn 0.111731 -0.24308 0.96355 
vn 0.0571872 -0.261345 0.96355 
vn 1.07553e-16 -0.468408 0.883512 
vn 0.0540321 -0.00339934 0.998533 
vn 0.0520565 -0.0148707 0.998533 
vn 0.0476745 -0.0256547 0.998533 
vn 0.0410886 -0.0352527 0.998533 
vn 0.0326032 -0.043221 0.998533 
vn 0.0226106 -0.0491913 0.998533 
vn 0.0115728 -0.0528875 0.998533 
vn 4.51028e-17 -0.267528 0.96355 
vn -0.161463 0.0101582 0.986827 
vn -0.155559 0.0444379 0.986827 
vn -0.142465 0.0766633 0.986827 
vn -0.122784 0.105345 0.986827 
vn -0.0974273 0.129156 0.986827 
vn -0.0675668 0.146997 0.986827 
vn -0.0345827 0.158043 0.986827 
vn 1.30104e-17 -0.0541389 0.998533 
vn -0.369408 0.0232407 0.928977 
vn -0.355901 0.101669 0.928977 
vn -0.325942 0.175397 0.928977 
vn -0.280915 0.241016 0.928977 
vn -0.222902 0.295494 0.928977 
vn -0.154585 0.336312 0.928977 
vn -0.0791212 0.361583 0.928977 
vn -3.1225e-17 0.161782 0.986827 
vn -0.56008 0.0352365 0.827689 
vn -0.539602 0.154145 0.827689 
vn -0.494179 0.265929 0.827689 
vn -0.425911 0.365418 0.827689 
vn -0.337955 0.448015 0.827689 
vn -0.234375 0.509901 0.827689 
vn -0.11996 0.548216 0.827689 
vn -7.63278e-17 0.370138 0.928977 
vn -0.724563 0.0455847 0.687699 
vn -0.698071 0.199415 0.687699 
vn -0.639309 0.344026 0.687699 
vn -0.550992 0.472734 0.687699 
vn -0.437204 0.579588 0.687699 
vn -0.303205 0.659648 0.687699 
vn -0.15519 0.709215 0.687699 
vn -1.04083e-16 0.561187 0.827689 
vn -0.855166 0.0538014 0.515554 
vn -0.823899 0.235359 0.515554 
vn -0.754545 0.406037 0.515554 
vn -0.650309 0.557944 0.515554 
vn -0.516011 0.684059 0.515554 
vn -0.357859 0.778551 0.515554 
vn -0.183163 0.837052 0.515554 
vn -1.52656e-16 0.725995 0.687699 
vn -0.945783 0.0595024 0.319302 
vn -0.911203 0.260299 0.319302 
vn -0.8345 0.449062 0.319302 
vn -0.719219 0.617066 0.319302 
vn -0.57069 0.756545 0.319302 
vn -0.395779 0.861049 0.319302 
vn -0.202572 0.925749 0.319302 
vn -1.66533e-16 0.856857 0.515554 
vn -0.992176 0.0624212 0.108119 
vn -0.9559 0.273067 0.108119 
vn -0.875434 0.47109 0.108119 
vn -0.754498 0.647335 0.108119 
vn -0.598683 0.793655 0.108119 
vn -0.415193 0.903286 0.108119 
vn -0.212508 0.971159 0.108119 
vn -1.8735e-16 0.947653 0.319302 
vn -0.9559 0.273067 -0.108119 
vn -0.998027 0.0627892 0 
vn -0.992176 0.0624212 -0.108119 
vn -0.875434 0.47109 -0.108119 
vn -0.754498 0.647335 -0.108119 
vn -0.598683 0.793655 -0.108119 
vn -0.415193 0.903286 -0.108119 
vn -0.212508 0.971159 -0.108119 
vn 0 1 0 
vn -2.15106e-16 0.994138 0.108119 
vn -0.945783 0.0595024 -0.319302 
vn -0.911203 0.260299 -0.319302 
vn -0.8345 0.449062 -0.319302 
vn -0.719219 0.617066 -0.319302 
vn -0.57069 0.756545 -0.319302 
vn -0.395779 0.861049 -0.319302 
vn -0.202572 0.925749 -0.319302 
vn -2.15106e-16 0.994138 -0.108119 
vn -0.855166 0.0538014 -0.515554 
vn -0.823899 0.235359 -0.515554 
vn -0.754545 0.406037 -0.515554 
vn -0.650309 0.557944 -0.515554 
vn -0.516011 0.684059 -0.515554 
vn -0.357859 0.778551 -0.515554 
vn -0.183163 0.837052 -0.515554 
vn -1.8735e-16 0.947653 -0.319302 
vn -0.724563 0.0455847 -0.687699 
vn -0.698071 0.199415 -0.687699 
vn -0.639309 0.344026 -0.687699 
vn -0.550992 0.472734 -0.687699 
vn -0.437204 0.579588 -0.687699 
vn -0.303205 0.659648 -0.687699 
vn -0.15519 0.709215 -0.687699 
vn -1.66533e-16 0.856857 -0.515554 
vn -0.56008 0.0352365 -0.827689 
vn -0.539602 0.154145 -0.827689 
vn -0.494179 0.265929 -0.827689 
vn -0.425911 0.365418 -0.827689 
vn -0.337955 0.448015 -0.827689 
vn -0.234375 0.509901 -0.827689 
vn -0.11996 0.548216 -0.827689 
vn -1.52656e-16 0.725995 -0.687699 
vn -0.369408 0.0232407 -0.928977 
vn -0.355901 0.101669 -0.928977 
vn -0.325942 0.175397 -0.928977 
vn -0.280915 0.241016 -0.928977 
vn -0.222902 0.295494 -0.928977 
vn -0.154585 0.336312 -0.928977 
vn -0.0791212 0.361583 -0.928977 
vn -1.04083e-16 0.561187 -0.827689 
vn -0.161463 0.0101582 -0.986827 
vn -0.155559 0.0444379 -0.986827 
vn -0.142465 0.0766633 -0.986827 
vn -0.122784 0.105345 -0.986827 
vn -0.0974273 0.129156 -0.986827 
vn -0.0675668 0.146997 -0.986827 
vn -0.0345827 0.158043 -0.986827 
vn -7.63278e-17 0.370138 -0.928977 
vn 0.0540321 -0.00339934 -0.998533 
vn 0.0520565 -0.0148707 -0.998533 
vn 0.0476745 -0.0256547 -0.998533 
vn 0.0410886 -0.0352527 -0.998533 
vn 0.0326032 -0.043221 -0.998533 
vn 0.0226106 -0.0491913 -0.998533 
vn 0.0115728 -0.0528875 -0.998533 
vn -3.1225e-17 0.161782 -0.986827 
vn 0.267 -0.0167979 -0.96355 
vn 0.257238 -0.073484 -0.96355 
vn 0.235584 -0.126773 -0.96355 
vn 0.20304 -0.174202 -0.96355 
vn 0.161109 -0.213577 -0.96355 
vn 0.111731 -0.24308 -0.96355 
vn 0.0571872 -0.261345 -0.96355 
vn 1.30104e-17 -0.0541389 -0.998533 
vn 0.467484 -0.029411 -0.883512 
vn 0.450392 -0.128661 -0.883512 
vn 0.412479 -0.221964 -0.883512 
vn 0.355497 -0.305005 -0.883512 
vn 0.282082 -0.373947 -0.883512 
vn 0.195627 -0.425602 -0.883512 
vn 0.100128 -0.457582 -0.883512 
vn 4.51028e-17 -0.267528 -0.96355 
vn 0.646109 -0.0406489 -0.762162 
vn 0.622485 -0.177822 -0.762162 
vn 0.570086 -0.306776 -0.762162 
vn 0.491332 -0.421547 -0.762162 
vn 0.389865 -0.516831 -0.762162 
vn 0.270375 -0.588223 -0.762162 
vn 0.138386 -0.632423 -0.762162 
vn 1.07553e-16 -0.468408 -0.883512 
vn 0.794522 -0.0499861 -0.605174 
vn 0.765472 -0.218669 -0.605174 
vn 0.701036 -0.377243 -0.605174 
vn 0.604193 -0.518378 -0.605174 
vn 0.479418 -0.635549 -0.605174 
vn 0.332481 -0.72334 -0.605174 
vn 0.170174 -0.777692 -0.605174 
vn 1.8735e-16 -0.647386 -0.762162 
vn 0.905785 -0.056986 -0.419889 
vn 0.872667 -0.249291 -0.419889 
vn 0.799207 -0.430071 -0.419889 
vn 0.688802 -0.59097 -0.419889 
vn 0.546554 -0.724549 -0.419889 
vn 0.379041 -0.824634 -0.419889 
vn 0.194005 -0.886598 -0.419889 
vn 2.15106e-16 -0.796093 -0.605174 
vn 0.974693 -0.0613213 -0.21497 
vn 0.939056 -0.268256 -0.21497 
vn 0.860008 -0.462789 -0.21497 
vn 0.741203 -0.635929 -0.21497 
vn 0.588134 -0.77967 -0.21497 
vn 0.407877 -0.887369 -0.21497 
vn 0.208764 -0.954047 -0.21497 
vn 1.80411e-16 -0.907575 -0.419889 
vn 2.15106e-16 -0.976621 -0.21497 
vn -0.945783 0.0595024 0.319302 
vn -0.984285 0.0619247 0.165373 
vn -0.964237 0.0606634 0.258005 
vn -0.992176 0.0624212 0.108119 
vn -0.99217 0.0624208 0.108175 
vn -0.990193 0.0622964 0.125046 
vn -0.855166 0.0538014 0.515554 
vn -0.94567 0.0594953 0.319639 
vn -0.936651 0.0589279 0.345273 
vn -0.724563 0.0455847 0.687699 
vn -0.847637 0.0533277 0.52789 
vn -0.729981 0.0459256 0.681923 
vn -0.854716 0.0537731 0.516303 
vn -0.56008 0.0352365 0.827689 
vn -0.705626 0.0443933 0.707192 
vn -0.601801 0.0378614 0.797748 
vn -0.723582 0.045523 0.688736 
vn -0.369408 0.0232407 0.928977 
vn -0.558809 0.0351566 0.828551 
vn -0.53658 0.0337581 0.843174 
vn -0.161463 0.0101582 0.986827 
vn -0.368403 0.0231775 0.929377 
vn -0.358041 0.0225256 0.933434 
vn -0.181725 0.0114329 0.983283 
vn 0.0540321 -0.00339934 0.998533 
vn -0.16165 0.0101699 0.986796 
vn -1.89013e-13 9.25186e-15 1 
vn 0.267 -0.0167979 0.96355 
vn 0.0623759 -0.00392428 0.998045 
vn 0.164957 -0.010378 0.986246 
vn 0.0538747 -0.00338944 0.998542 
vn 0.467484 -0.029411 0.883512 
vn 0.266821 -0.0167866 0.9636 
vn 0.344432 -0.0216694 0.938561 
vn 0.465821 -0.0293064 0.884393 
vn 0.646109 -0.0406489 0.762162 
vn 0.467504 -0.0294123 0.883502 
vn 0.526652 -0.0331334 0.849435 
vn 0.610529 -0.0384104 0.791062 
vn 0.794522 -0.0499861 0.605174 
vn 0.646395 -0.0406669 0.761918 
vn 0.705626 -0.0443933 0.707192 
vn 0.905785 -0.056986 0.419889 
vn 0.794944 -0.0500126 0.604617 
vn 0.839858 -0.0528383 0.540228 
vn 0.974693 -0.0613213 0.21497 
vn 0.906137 -0.0570082 0.419124 
vn 0.930599 -0.0585471 0.361328 
vn 0.961164 -0.0604701 0.26927 
vn 0.998027 -0.0627892 0 
vn 0.974801 -0.061328 0.214479 
vn 0.980877 -0.0617103 0.184586 
vn 0.974693 -0.0613213 -0.21497 
vn 0.990152 -0.0622938 -0.125372 
vn 0.984285 -0.0619247 -0.165373 
vn 0.998027 -0.0627892 0 
vn 0.905785 -0.056986 -0.419889 
vn 0.964147 -0.0606578 -0.258343 
vn 0.936651 -0.0589279 -0.345273 
vn 0.974795 -0.0613276 -0.214509 
vn 0.847637 -0.0533277 -0.52789 
vn 0.794885 -0.0500089 -0.604696 
vn 0.906062 -0.0570034 -0.419289 
vn 0.794522 -0.0499861 -0.605174 
vn 0.705626 -0.0443933 -0.707192 
vn 0.646306 -0.0406613 -0.761994 
vn 0.646109 -0.0406489 -0.762162 
vn 0.53658 -0.0337581 -0.843174 
vn 0.46733 -0.0294013 -0.883594 
vn 0.267 -0.0167979 -0.96355 
vn 0.466774 -0.0293663 -0.883889 
vn 0.358041 -0.0225256 -0.933434 
vn 0.467484 -0.029411 -0.883512 
vn 0.062014 -0.00390151 -0.998068 
vn 0.0538142 -0.00338564 -0.998545 
vn 0.266679 -0.0167777 -0.963639 
vn 0.181725 -0.0114329 -0.983283 
vn 0.0540321 -0.00339934 -0.998533 
vn 3.10082e-14 -4.62593e-15 -1 
vn -0.161463 0.0101582 -0.986827 
vn -0.344432 0.0216694 -0.938561 
vn -0.368392 0.0231768 -0.929382 
vn -0.161581 0.0101656 -0.986807 
vn -0.164957 0.010378 -0.986246 
vn -0.369408 0.0232407 -0.928977 
vn -0.526652 0.0331334 -0.849435 
vn -0.558805 0.0351563 -0.828553 
vn -0.56008 0.0352365 -0.827689 
vn -0.705626 0.0443933 -0.707192 
vn -0.723672 0.0455286 -0.688641 
vn -0.610208 0.0383902 -0.791311 
vn -0.724563 0.0455847 -0.687699 
vn -0.839858 0.0528383 -0.540228 
vn -0.854799 0.0537783 -0.516165 
vn -0.734826 0.0462304 -0.676678 
vn -0.855166 0.0538014 -0.515554 
vn -0.930599 0.0585471 -0.361328 
vn -0.945717 0.0594982 -0.3195 
vn -0.992176 0.0624212 -0.108119 
vn -0.980877 0.0617103 -0.184586 
vn -0.988278 0.0621759 -0.13943 
vn -0.945783 0.0595024 -0.319302 
vn -0.960228 0.0604112 -0.272603 
vn -0.998027 0.0627892 0 
vn -0.992175 0.0624211 -0.108129 
vn -0.998027 0.0627892 4.13074e-06 
vn -0.88033 0.447295 -0.157941 
vn -0.820796 0.548968 -0.15789 
vn -0.831222 0.55594 0 
vn -0.850357 0.432068 -0.30035 
vn -0.792866 0.53029 -0.30026 
vn -0.802339 0.407672 -0.435952 
vn -0.748118 0.500367 -0.435836 
vn -0.736765 0.374358 -0.563057 
vn -0.687003 0.459497 -0.562929 
vn -0.653657 0.332134 -0.680014 
vn -0.609536 0.407691 -0.679893 
vn -0.554414 0.281711 -0.783112 
vn -0.517015 0.345815 -0.783012 
vn -0.43668 0.221891 -0.871823 
vn -0.407241 0.272398 -0.871753 
vn -0.318316 0.16175 -0.934083 
vn -0.296867 0.198575 -0.934044 
vn -0.193164 0.0981561 -0.976244 
vn -0.180152 0.120506 -0.976229 
vn -0.0637975 0.0324192 -0.997436 
vn -0.0595006 0.0398018 -0.997434 
vn 0.0637973 -0.0324196 -0.997436 
vn 0.0595002 -0.0398024 -0.997434 
vn 0.195269 -0.0992304 -0.975717 
vn 0.182113 -0.121826 -0.975701 
vn 0.319904 -0.162569 -0.933398 
vn 0.298342 -0.199584 -0.933359 
vn 0.43777 -0.222471 -0.871128 
vn 0.408248 -0.273114 -0.871058 
vn 0.547482 -0.278229 -0.78921 
vn 0.510536 -0.341551 -0.789111 
vn 0.64956 -0.33011 -0.684909 
vn 0.605692 -0.405219 -0.684788 
vn 0.736782 -0.374442 -0.562979 
vn 0.686987 -0.459616 -0.562852 
vn 0.807962 -0.41062 -0.422596 
vn 0.753321 -0.504002 -0.422481 
vn 0.85435 -0.434198 -0.285583 
vn 0.796544 -0.532925 -0.285497 
vn 0.882389 -0.448449 -0.14242 
vn 0.822669 -0.550405 -0.142374 
vn 0.891476 -0.453068 -4.03185e-12 
vn 0.831135 -0.556071 2.15833e-12 
vn 0.880799 -0.447641 0.154306 
vn 0.821187 -0.549414 0.154257 
vn 0.851271 -0.432633 0.296928 
vn 0.793675 -0.531005 0.296839 
vn 0.803693 -0.40845 0.432719 
vn 0.749342 -0.50134 0.432602 
vn 0.738554 -0.375342 0.56005 
vn 0.688639 -0.460721 0.559923 
vn 0.655886 -0.333325 0.67728 
vn 0.611588 -0.409165 0.677159 
vn 0.554652 -0.281873 0.782885 
vn 0.517219 -0.346023 0.782785 
vn 0.436937 -0.222047 0.871654 
vn 0.407471 -0.272594 0.871585 
vn 0.318597 -0.161905 0.933961 
vn 0.297124 -0.198769 0.933921 
vn 0.193461 -0.0983119 0.97617 
vn 0.180427 -0.120699 0.976155 
vn 0.0641036 -0.0325753 0.997411 
vn 0.0597859 -0.0399935 0.99741 
vn -0.0641038 0.0325749 0.997411 
vn -0.0597862 0.0399929 0.99741 
vn -0.195565 0.0993761 0.975643 
vn -0.182391 0.122004 0.975627 
vn -0.320189 0.162701 0.933278 
vn -0.298614 0.199743 0.933238 
vn -0.438043 0.222584 0.870962 
vn -0.408513 0.273248 0.870892 
vn -0.547741 0.27832 0.788998 
vn -0.510793 0.341655 0.788899 
vn -0.649792 0.33017 0.684659 
vn -0.605932 0.405281 0.684539 
vn -0.73699 0.374472 0.562687 
vn -0.687212 0.459637 0.56256 
vn -0.808137 0.410618 0.422266 
vn -0.753521 0.503979 0.422151 
vn -0.854484 0.434164 0.285234 
vn -0.796711 0.532862 0.285148 
vn -0.882479 0.448387 0.142059 
vn -0.822797 0.550306 0.142013 
vn -0.891521 0.45298 0 
vn -0.927084 0.339952 -0.157948 
vn -0.895517 0.328376 -0.300364 
vn -0.844947 0.309831 -0.43597 
vn -0.775888 0.284506 -0.563076 
vn -0.688364 0.25241 -0.680033 
vn -0.583849 0.214084 -0.783127 
vn -0.459863 0.168619 -0.871833 
vn -0.335215 0.122913 -0.93409 
vn -0.203419 0.0745862 -0.976247 
vn -0.0671847 0.0246339 -0.997436 
vn 0.0671848 -0.0246337 -0.997436 
vn 0.205638 -0.0753976 -0.975719 
vn 0.336895 -0.123522 -0.933405 
vn 0.461027 -0.169032 -0.871139 
vn 0.576573 -0.211394 -0.789225 
vn 0.684083 -0.250809 -0.684927 
vn 0.77595 -0.284488 -0.562999 
vn 0.850923 -0.311973 -0.422614 
vn 0.899783 -0.329886 -0.285597 
vn 0.929317 -0.340713 -0.142427 
vn 0.938888 -0.344222 -1.45753e-11 
vn 0.927642 -0.340099 0.154314 
vn 0.89654 -0.328697 0.296942 
vn 0.846426 -0.310325 0.432737 
vn 0.777817 -0.285172 0.560069 
vn 0.690746 -0.253252 0.677299 
vn 0.584124 -0.214163 0.782901 
vn 0.460149 -0.168711 0.871665 
vn 0.335519 -0.123017 0.933967 
vn 0.203735 -0.0746997 0.976172 
vn 0.0675073 -0.024752 0.997412 
vn -0.0675073 0.0247522 0.997412 
vn -0.205947 0.0755134 0.975645 
vn -0.337188 0.123636 0.933284 
vn -0.461299 0.169146 0.870972 
vn -0.576821 0.211507 0.789013 
vn -0.684293 0.250917 0.684678 
vn -0.776124 0.284593 0.562706 
vn -0.851052 0.31207 0.422284 
vn -0.899863 0.32997 0.285248 
vn -0.929346 0.340782 0.142067 
vn -0.938869 0.344274 0 
vn -0.973247 0.229763 0 
vn -0.961037 0.22688 -0.157906 
vn -0.928331 0.219156 -0.300288 
vn -0.875932 0.206782 -0.435872 
vn -0.804369 0.189883 -0.562969 
vn -0.713662 0.168464 -0.679931 
vn -0.605332 0.142886 -0.783043 
vn -0.476804 0.112542 -0.871775 
vn -0.347576 0.0820353 -0.934056 
vn -0.210924 0.0497803 -0.976234 
vn -0.0696646 0.0164408 -0.997435 
vn 0.0696647 -0.0164401 -0.997435 
vn 0.213226 -0.0503167 -0.975706 
vn 0.349319 -0.0824278 -0.933371 
vn 0.478014 -0.11279 -0.87108 
vn 0.597796 -0.141047 -0.789142 
vn 0.709234 -0.167333 -0.684826 
vn 0.804445 -0.18979 -0.562892 
vn 0.882138 -0.208114 -0.422517 
vn 0.932766 -0.220054 -0.285524 
vn 0.963366 -0.227271 -0.142388 
vn 0.973283 -0.22961 -1.98363e-11 
vn 0.961631 -0.226862 0.154272 
vn 0.929406 -0.219262 0.296867 
vn 0.877479 -0.207015 0.432639 
vn 0.80638 -0.190246 0.559963 
vn 0.71614 -0.168962 0.677197 
vn 0.605624 -0.142894 0.782816 
vn 0.477105 -0.112576 0.871606 
vn 0.347893 -0.0820912 0.933933 
vn 0.211253 -0.049851 0.976159 
vn 0.0699992 -0.016519 0.99741 
vn -0.069999 0.0165197 0.99741 
vn -0.213546 0.0503991 0.975632 
vn -0.349621 0.0825181 0.93325 
vn -0.478293 0.112893 0.870914 
vn -0.598048 0.141166 0.78893 
vn -0.709443 0.167468 0.684577 
vn -0.804614 0.189941 0.562599 
vn -0.882258 0.208276 0.422187 
vn -0.932834 0.22022 0.285175 
vn -0.963381 0.227433 0.142028 
vn -0.993054 0.117656 0 
vn -0.980603 0.11618 -0.15786 
vn -0.947249 0.112228 -0.300207 
vn -0.893808 0.105894 -0.435767 
vn -0.820815 0.0972439 -0.562855 
vn -0.728284 0.0862787 -0.679822 
vn -0.617761 0.0731823 -0.782953 
vn -0.486615 0.0576435 -0.871713 
vn -0.354738 0.0420199 -0.934021 
vn -0.215276 0.025499 -0.97622 
vn -0.0711025 0.00842161 -0.997433 
vn 0.0711025 -0.00842128 -0.997433 
vn 0.217624 -0.025774 -0.975692 
vn 0.356514 -0.0422216 -0.933335 
vn 0.487843 -0.0577722 -0.871018 
vn 0.610062 -0.072243 -0.789053 
vn 0.723752 -0.0857027 -0.684718 
vn 0.820874 -0.0972002 -0.562778 
vn 0.900115 -0.106581 -0.422414 
vn 0.951746 -0.112692 -0.285446 
vn 0.98295 -0.116386 -0.142347 
vn 0.993063 -0.117583 -8.11929e-12 
vn 0.981181 -0.116177 0.154227 
vn 0.948319 -0.112287 0.296786 
vn 0.895363 -0.106018 0.432534 
vn 0.822847 -0.0974338 0.559848 
vn 0.730796 -0.0865367 0.677088 
vn 0.618048 -0.0731885 0.782726 
vn 0.486915 -0.0576624 0.871544 
vn 0.355058 -0.0420492 0.933898 
vn 0.21561 -0.0255355 0.976146 
vn 0.0714438 -0.00846171 0.997409 
vn -0.0714438 0.00846204 0.997409 
vn -0.217951 0.025816 0.975618 
vn -0.356825 0.0422671 0.933214 
vn -0.488134 0.0578235 0.870851 
vn -0.610329 0.0723016 0.788842 
vn -0.72398 0.0857686 0.684469 
vn -0.821065 0.0972735 0.562485 
vn -0.900261 0.106659 0.422084 
vn -0.951842 0.112772 0.285097 
vn -0.982993 0.116464 0.141986 
vn -0.934172 0.0794417 -0.347867 
vn -0.950446 0.0808256 -0.3002 
vn -0.841253 0.0715399 -0.535888 
vn -0.91779 0.0780486 -0.389319 
vn -0.730748 0.0621426 -0.679813 
vn -0.704564 0.0599159 -0.707107 
vn -0.720656 0.0612844 -0.690579 
vn -0.573747 0.0487912 -0.817578 
vn -0.619853 0.0527121 -0.782946 
vn -0.395741 0.0336537 -0.917745 
vn -0.544579 0.0463108 -0.83743 
vn -0.185732 0.0157946 -0.982474 
vn -0.182063 0.0154826 -0.983165 
vn 0 0 -1 
vn 0.061849 -0.00525962 -0.998072 
vn 0.0713437 -0.00606705 -0.997433 
vn 0.203898 -0.0173394 -0.978839 
vn 0.293693 -0.0249755 -0.955574 
vn 0.385542 -0.0327863 -0.922108 
vn 0.489494 -0.0416264 -0.871013 
vn 0.490084 -0.0416766 -0.870678 
vn 0.651891 -0.0554366 -0.756284 
vn 0.553601 -0.0470781 -0.83145 
vn 0.704564 -0.0599159 -0.707107 
vn 0.785007 -0.0667567 -0.615879 
vn 0.834411 -0.070958 -0.546556 
vn 0.892047 -0.0758594 -0.445531 
vn 0.924301 -0.0786023 -0.373482 
vn 0.967434 -0.0822703 -0.239379 
vn 0.978938 -0.0832485 -0.186416 
vn 0.95495 -0.0812086 -0.285439 
vn 0.986258 -0.083871 -0.142344 
vn 0.996404 -0.0847338 0 
vn 0.974771 -0.0828942 0.207243 
vn 0.96745 -0.0822716 0.239317 
vn 0.951512 -0.0809162 0.29678 
vn 0.91779 -0.0780486 0.389319 
vn 0.892132 -0.0758666 0.445359 
vn 0.827003 -0.070328 0.557782 
vn 0.785069 -0.066762 0.6158 
vn 0.704564 -0.0599159 0.707107 
vn 0.651972 -0.0554435 0.756213 
vn 0.544579 -0.0463108 0.83743 
vn 0.620137 -0.0527363 0.782719 
vn 0.490242 -0.04169 0.870589 
vn 0.488563 -0.0415472 0.871539 
vn 0.372126 -0.0316455 0.927642 
vn 0.293842 -0.0249882 0.955527 
vn 0.185732 -0.0157946 0.982474 
vn 0.0716862 -0.00609617 0.997409 
vn 0.0619132 -0.00526507 0.998068 
vn -2.59691e-13 2.20841e-14 1 
vn -0.182173 0.015492 0.983144 
vn -0.203898 0.0173394 0.978839 
vn -0.385542 0.0327863 0.922108 
vn -0.395718 0.0336517 0.917755 
vn -0.553601 0.0470781 0.83145 
vn -0.573736 0.0487903 0.817586 
vn -0.704564 0.0599159 0.707107 
vn -0.720576 0.0612775 0.690663 
vn -0.612395 0.0520779 0.788834 
vn -0.726429 0.0617753 0.68446 
vn -0.834411 0.070958 0.546556 
vn -0.841186 0.0715342 0.535994 
vn -0.924301 0.0786023 0.373482 
vn -0.934131 0.0794382 0.34798 
vn -0.955053 0.0812174 0.28509 
vn -0.978938 0.0832485 0.186416 
vn -0.988794 0.0840924 0.123349 
vn -0.986309 0.0838794 0.141983 
vn -0.996402 0.0847503 4.78416e-06 
vn -0.988798 0.0840939 -0.123317 
vn -0.974771 0.0828942 -0.207243 
vn -0.983911 0.0836755 -0.157856 
vn 0.0939883 -0.0794358 0.992399 
vn 0.165828 -0.140153 0.976145 
vn 0.265064 -0.224024 0.937846 
vn 0.27308 -0.230798 0.933895 
vn 0.408348 -0.345122 0.84507 
vn 0.475344 -0.401745 0.782719 
vn 0.526479 -0.444963 0.72445 
vn 0.623707 -0.527137 0.577162 
vn 0.632851 -0.534865 0.559839 
vn 0.700558 -0.592088 0.39831 
vn 0.729347 -0.61642 0.29678 
vn 0.750889 -0.634627 0.182795 
vn 0.75462 -0.63778 0.154224 
vn 0.762271 -0.644246 -0.0623764 
vn 0.755981 -0.63893 -0.142344 
vn 0.763758 -0.645503 9.50528e-11 
vn 0.729723 -0.616738 -0.295193 
vn 0.692275 -0.585088 -0.422406 
vn 0.664883 -0.561937 -0.492095 
vn 0.631333 -0.533582 -0.562768 
vn 0.577545 -0.488122 -0.654354 
vn 0.470249 -0.397439 -0.787977 
vn 0.469202 -0.396554 -0.789046 
vn 0.340145 -0.287479 -0.895353 
vn 0.274199 -0.231744 -0.933332 
vn 0.18286 -0.154548 -0.970916 
vn 0.167377 -0.141462 -0.975691 
vn 6.70004e-12 7.96511e-12 -1 
vn -0.0546897 0.0462144 -0.997433 
vn -0.182904 0.154498 -0.970915 
vn -0.27293 0.230476 -0.934018 
vn -0.3403 0.287299 -0.895352 
vn -0.470555 0.397079 -0.787976 
vn -0.475437 0.401193 -0.782946 
vn -0.578019 0.487561 -0.654353 
vn -0.631865 0.532871 -0.562846 
vn -0.665524 0.561176 -0.492097 
vn -0.688117 0.58018 -0.435759 
vn -0.730505 0.615808 -0.295198 
vn -0.755017 0.63642 -0.157856 
vn -0.763131 0.643226 -0.0623789 
vn -0.764614 0.644488 0 
vn -0.756861 0.637967 0.141983 
vn -0.751722 0.633639 0.182801 
vn -0.732847 0.617786 0.28509 
vn -0.701274 0.591236 0.398314 
vn -0.693092 0.58436 0.422075 
vn -0.624266 0.526474 0.577163 
vn -0.557255 0.470088 0.68446 
vn -0.526868 0.444504 0.724449 
vn -0.469712 0.396372 0.788834 
vn -0.408575 0.344856 0.845069 
vn -0.375618 0.317078 0.870846 
vn -0.265157 0.223917 0.937845 
vn -0.167665 0.141633 0.975617 
vn -0.0939997 0.0794228 0.992399 
vn -0.0549523 0.0464362 0.997409 
vn -6.73189e-12 -7.93778e-12 1 
vn -0.372126 0.0316455 -0.927642 
vn -0.827003 0.070328 -0.557782 
vn 0.820669 0.555515 -0.133809 
vn 0.680325 0.71999 -0.137012 
vn 0.644352 0.681919 -0.346117 
vn 0.785537 0.518334 -0.338025 
vn 0.578436 0.612161 -0.539138 
vn 0.721163 0.450207 -0.526534 
vn 0.485642 0.513957 -0.707107 
vn 0.630538 0.354299 -0.690575 
vn 0.370281 0.39187 -0.842217 
vn 0.517874 0.235066 -0.822527 
vn 0.237714 0.251573 -0.938191 
vn 0.388406 0.0980496 -0.916257 
vn 0.0941003 0.0995867 -0.990569 
vn 0.92264 0.365065 -0.124349 
vn 0.889992 0.330513 -0.314127 
vn 0.830169 0.267202 -0.489309 
vn 0.745951 0.178074 -0.641753 
vn 0.641252 0.0672708 -0.764376 
vn 0.520937 -0.0600589 -0.851479 
vn 0.24815 -0.0503837 -0.96741 
vn 0.98147 0.157544 -0.109075 
vn 0.952831 0.127236 -0.275541 
vn 0.900357 0.0717024 -0.429204 
vn 0.826484 -0.0064774 -0.562923 
vn 0.734646 -0.10367 -0.670483 
vn 0.62911 -0.215359 -0.746888 
vn 0.390597 -0.197998 -0.899016 
vn 0.994406 -0.0573427 -0.0886999 
vn 0.971118 -0.0819891 -0.224071 
vn 0.928445 -0.12715 -0.349031 
vn 0.868372 -0.190726 -0.457771 
vn 0.793688 -0.269763 -0.54524 
vn 0.707866 -0.360589 -0.607372 
vn 0.51478 -0.336355 -0.788585 
vn 0.960846 -0.269548 -0.0641777 
vn 0.943996 -0.287381 -0.162124 
vn 0.91312 -0.320056 -0.252537 
vn 0.869655 -0.366056 -0.331215 
vn 0.815619 -0.423243 -0.394502 
vn 0.753523 -0.488959 -0.439457 
vn 0.614893 -0.458983 -0.641281 
vn 0.882357 -0.46915 -0.0366547 
vn 0.872733 -0.479335 -0.0925961 
vn 0.855099 -0.497998 -0.144235 
vn 0.830274 -0.52427 -0.189171 
vn 0.799412 -0.556932 -0.225317 
vn 0.763946 -0.594465 -0.250993 
vn 0.686253 -0.560151 -0.463991 
vn 0.762611 -0.646815 -0.0074177 
vn 0.760663 -0.648876 -0.0187384 
vn 0.757095 -0.652653 -0.0291884 
vn 0.752071 -0.65797 -0.038282 
vn 0.745825 -0.664579 -0.0455967 
vn 0.738648 -0.672175 -0.0507927 
vn 0.725526 -0.635126 -0.265005 
vn 0.607205 -0.794236 0.0221661 
vn 0.613025 -0.788077 0.0559955 
vn 0.623689 -0.776791 0.0872229 
vn 0.638701 -0.760903 0.114397 
vn 0.657365 -0.741152 0.136256 
vn 0.678812 -0.718454 0.151782 
vn 0.730873 -0.680403 -0.0536283 
vn 0.423408 -0.904519 0.0507135 
vn 0.436723 -0.890427 0.128111 
vn 0.46112 -0.864607 0.199556 
vn 0.495467 -0.828258 0.261727 
vn 0.538167 -0.783069 0.311737 
vn 0.587235 -0.73114 0.34726 
vn 0.702046 -0.693866 0.160256 
vn 0.219812 -0.972507 0.0768896 
vn 0.24 -0.951143 0.194236 
vn 0.27699 -0.911995 0.302557 
vn 0.329065 -0.856884 0.396819 
vn 0.393804 -0.788371 0.472641 
vn 0.468199 -0.709638 0.526501 
vn 0.640392 -0.674884 0.366648 
vn 0.00593783 -0.995023 0.0994703 
vn 0.0320543 -0.967384 0.251279 
vn 0.0799084 -0.916739 0.391412 
vn 0.147277 -0.845444 0.513356 
vn 0.231028 -0.756809 0.611446 
vn 0.327271 -0.654954 0.681123 
vn 0.548793 -0.624345 0.555895 
vn -0.208214 -0.971012 0.1174 
vn -0.17739 -0.938391 0.296573 
vn -0.12091 -0.878618 0.461965 
vn -0.0413985 -0.794471 0.60589 
vn 0.0574494 -0.68986 0.72166 
vn 0.171041 -0.569646 0.803896 
vn 0.431534 -0.544613 0.719149 
vn -0.412629 -0.901598 0.12984 
vn -0.378539 -0.86552 0.327999 
vn -0.316075 -0.799413 0.510916 
vn -0.228138 -0.70635 0.670092 
vn -0.118816 -0.590654 0.79813 
vn 0.00681231 -0.457701 0.88908 
vn 0.294097 -0.439415 0.848776 
vn -0.597751 -0.790026 0.136209 
vn -0.561989 -0.752178 0.344088 
vn -0.49646 -0.682829 0.535978 
vn -0.40421 -0.5852 0.702962 
vn -0.289525 -0.463829 0.83728 
vn -0.157735 -0.324355 0.932692 
vn 0.142908 -0.313671 0.938716 
vn -0.754923 -0.641513 0.136209 
vn -0.71916 -0.603666 0.344088 
vn -0.653631 -0.534316 0.535978 
vn -0.561381 -0.436688 0.702962 
vn -0.446696 -0.315316 0.83728 
vn -0.314906 -0.175842 0.932692 
vn -0.014963 -0.173259 0.984763 
vn -0.876795 -0.463004 0.12984 
vn -0.842704 -0.426926 0.327999 
vn -0.78024 -0.360819 0.510916 
vn -0.692303 -0.267756 0.670092 
vn -0.582981 -0.15206 0.79813 
vn -0.457353 -0.0191074 0.88908 
vn -0.172134 -0.0247466 0.984763 
vn -0.957669 -0.262845 0.1174 
vn -0.926845 -0.230224 0.296573 
vn -0.870365 -0.170451 0.461965 
vn -0.790854 -0.0863042 0.60589 
vn -0.692006 0.0183069 0.72166 
vn -0.578414 0.138521 0.803896 
vn -0.321257 0.124923 0.938716 
vn -0.993763 -0.0503962 0.0994703 
vn -0.967647 -0.0227571 0.251279 
vn -0.919793 0.0278871 0.391412 
vn -0.852425 0.099183 0.513356 
vn -0.768673 0.187818 0.611446 
vn -0.67243 0.289672 0.681123 
vn -0.455358 0.268752 0.848776 
vn -0.983391 0.164409 0.0768896 
vn -0.963203 0.185774 0.194236 
vn -0.926212 0.224922 0.302557 
vn -0.874137 0.280033 0.396819 
vn -0.809398 0.348546 0.472641 
vn -0.735003 0.427279 0.526501 
vn -0.568167 0.400014 0.719149 
vn -0.927036 0.371527 0.0507135 
vn -0.913721 0.385619 0.128111 
vn -0.889323 0.411439 0.199556 
vn -0.854976 0.447788 0.261727 
vn -0.812277 0.492977 0.311737 
vn -0.763209 0.544906 0.34726 
vn -0.654409 0.512572 0.555895 
vn -0.827334 0.561273 0.0221661 
vn -0.821514 0.567432 0.0559955 
vn -0.81085 0.578718 0.0872229 
vn -0.795838 0.594605 0.114397 
vn -0.777174 0.614357 0.136256 
vn -0.755727 0.637054 0.151782 
vn -0.710052 0.601162 0.366648 
vn -0.688947 0.724774 -0.0074177 
vn -0.690894 0.722713 -0.0187384 
vn -0.694463 0.718936 -0.0291884 
vn -0.699487 0.71362 -0.038282 
vn -0.705732 0.70701 -0.0455967 
vn -0.712909 0.699415 -0.0507927 
vn -0.732493 0.661643 0.160256 
vn -0.518345 0.854386 -0.0366547 
vn -0.527969 0.844201 -0.0925961 
vn -0.545603 0.825538 -0.144235 
vn -0.570428 0.799266 -0.189171 
vn -0.60129 0.766604 -0.225317 
vn -0.636756 0.729071 -0.250993 
vn -0.720684 0.691186 -0.0536283 
vn -0.323506 0.944047 -0.0641777 
vn -0.340356 0.926215 -0.162124 
vn -0.371231 0.893539 -0.252537 
vn -0.414697 0.847539 -0.331215 
vn -0.468733 0.790353 -0.394502 
vn -0.530829 0.724637 -0.439457 
vn -0.675177 0.68841 -0.265005 
vn -0.11354 0.989566 -0.0886999 
vn -0.136829 0.96492 -0.224071 
vn -0.179502 0.919759 -0.349031 
vn -0.239575 0.856183 -0.457771 
vn -0.314258 0.777145 -0.54524 
vn -0.400081 0.686319 -0.607372 
vn -0.598099 0.653445 -0.463991 
vn 0.101734 0.988814 -0.109075 
vn 0.0730962 0.958506 -0.275541 
vn 0.0206216 0.902972 -0.429204 
vn -0.0532512 0.824792 -0.562923 
vn -0.145089 0.7276 -0.670483 
vn -0.250625 0.615911 -0.746888 
vn -0.493054 0.587925 -0.641281 
vn 0.312252 0.941826 -0.124349 
vn 0.279604 0.907274 -0.314127 
vn 0.219781 0.843963 -0.489309 
vn 0.135563 0.754835 -0.641753 
vn 0.030864 0.644032 -0.764376 
vn -0.0894509 0.516702 -0.851479 
vn -0.364955 0.494915 -0.788585 
vn 0.508169 0.850799 -0.133809 
vn 0.473037 0.813619 -0.338025 
vn 0.408663 0.745491 -0.526534 
vn 0.318038 0.649583 -0.690575 
vn 0.205374 0.53035 -0.822527 
vn 0.0759061 0.393334 -0.916257 
vn -0.219791 0.378763 -0.899016 
vn -0.0643498 0.244901 -0.96741 
vn -0.719795 0.680141 -0.138939 
vn -0.700351 0.661768 -0.267528 
vn -0.725779 0.685795 -0.0541389 
vn -0.663435 0.626886 -0.408495 
vn -0.609292 0.575725 -0.545255 
vn -0.642176 0.606798 -0.468408 
vn -0.553973 0.523454 -0.647386 
vn -0.445692 0.421138 -0.789938 
vn -0.439868 0.415635 -0.796093 
vn -0.239338 0.226153 -0.944231 
vn -0.305194 0.288381 -0.907575 
vn -0.15625 0.147642 -0.976621 
vn -0.0452184 0.0427273 -0.998063 
vn 4.74596e-15 -7.21642e-15 -1 
vn 0.142339 -0.134498 -0.980638 
vn 0.15625 -0.147642 -0.976621 
vn 0.24064 -0.227382 -0.943605 
vn 0.305194 -0.288381 -0.907575 
vn 0.437828 -0.413708 -0.798218 
vn 0.439868 -0.415635 -0.796093 
vn 0.553973 -0.523454 -0.647386 
vn 0.609331 -0.575762 -0.545173 
vn 0.642176 -0.606798 -0.468408 
vn 0.667835 -0.631043 -0.394692 
vn 0.721156 -0.681427 -0.124867 
vn 0.700351 -0.661768 -0.267528 
vn 0.726845 -0.686802 2.84849e-08 
vn 0.725779 -0.685795 -0.0541389 
vn 0.720105 -0.68043 0.135883 
vn 0.71727 -0.677754 0.161782 
vn 0.700057 -0.66149 0.26898 
vn 0.611223 -0.57755 0.541148 
vn 0.675222 -0.638023 0.370138 
vn 0.601601 -0.568458 0.561187 
vn 0.499851 -0.472313 0.725995 
vn 0.445146 -0.420622 0.79052 
vn 0.239926 -0.226708 0.943949 
vn 0.374728 -0.354083 0.856857 
vn 0.232083 -0.219297 0.947653 
vn 0.140954 -0.133189 0.981016 
vn 0.0785857 -0.0742563 0.994138 
vn 8.4227e-15 -5.77314e-15 1 
vn -0.0455987 0.0430866 0.99803 
vn -0.142558 0.134704 0.980577 
vn -0.0785857 0.0742563 0.994138 
vn -0.232083 0.219297 0.947653 
vn -0.340428 0.321674 0.883535 
vn -0.438875 0.414697 0.797129 
vn -0.374728 0.354083 0.856857 
vn -0.532368 0.50304 0.680834 
vn -0.601601 0.568458 0.561187 
vn -0.499851 0.472313 0.725995 
vn -0.667816 0.631025 0.394751 
vn -0.702302 0.663612 0.257665 
vn -0.675222 0.638023 0.370138 
vn -0.72116 0.681426 0.12485 
vn -0.726845 0.686802 2.8474e-08 
vn -0.71727 0.677754 0.161782 
vn -0.928982 0.370125 4.47093e-16 
vn -0.828382 0.560164 2.6757e-16 
vn -0.986829 0.161768 9.32105e-16 
vn -0.929433 0.36899 6.07795e-16 
vn -0.998533 -0.0541531 1.20847e-15 
vn -0.987026 0.160563 9.33618e-16 
vn -0.963546 -0.267542 1.4161e-15 
vn -0.998466 -0.0553726 1.20969e-15 
vn -0.883505 -0.468421 1.15126e-15 
vn -0.963219 -0.268719 1.41699e-15 
vn -0.762153 -0.647397 1.19864e-15 
vn -0.882933 -0.4695 1.56625e-15 
vn -0.761362 -0.648327 1.65431e-15 
vn -0.605163 -0.796102 1.19891e-15 
vn -0.60419 -0.79684 1.65431e-15 
vn -0.419876 -0.907581 1.15205e-15 
vn -0.418767 -0.908094 1.56625e-15 
vn -0.214957 -0.976624 1.41788e-15 
vn -0.213764 -0.976885 1.41699e-15 
vn 1.42e-05 -1 1.21092e-15 
vn 0.00123556 -0.999999 1.20969e-15 
vn 0.214984 -0.976618 9.35129e-16 
vn 0.216177 -0.976354 9.33618e-16 
vn 0.419902 -0.907569 4.49653e-16 
vn 0.42101 -0.907056 6.07795e-16 
vn 0.605186 -0.796084 2.69249e-16 
vn 0.606157 -0.795345 2.6732e-16 
vn 0.762171 -0.647375 -8.81432e-17 
vn 0.762961 -0.646444 -9.01969e-17 
vn 0.883519 -0.468396 -3.25363e-16 
vn 0.88409 -0.467316 -4.4129e-16 
vn 0.963554 -0.267515 -5.66371e-16 
vn 0.96388 -0.266338 -7.77009e-16 
vn 0.998534 -0.0541247 -1.07328e-15 
vn 0.9986 -0.0529051 -1.07506e-15 
vn 0.986824 0.161796 -1.31257e-15 
vn 0.986626 0.163001 -1.31402e-15 
vn 0.928971 0.370151 -1.08926e-15 
vn 0.928519 0.371286 -1.50678e-15 
vn 0.827681 0.561199 -1.19266e-15 
vn 0.826995 0.562209 -1.61414e-15 
vn 0.687689 0.726005 -1.19262e-15 
vn 0.686802 0.726845 -1.66244e-15 
vn 0.515542 0.856864 -1.19346e-15 
vn 0.514495 0.857494 -1.61414e-15 
vn 0.319288 0.947658 -1.09076e-15 
vn 0.31813 0.948047 -1.50678e-15 
vn 0.108105 0.994139 -1.31547e-15 
vn 0.106891 0.994271 -1.31402e-15 
vn -0.108133 0.994136 -1.07683e-15 
vn -0.109347 0.994004 -1.07506e-15 
vn -0.319315 0.947649 -5.69258e-16 
vn -0.320472 0.947258 -7.77009e-16 
vn -0.515566 0.85685 -3.28401e-16 
vn -0.516612 0.85622 -4.4129e-16 
vn -0.68771 0.725986 -9.22514e-17 
vn -0.726845 0.686802 5.0331e-29 
vn -0.688596 0.725145 -9.01969e-17 
vn -0.827693 0.56118 2.6538e-16 
vn 0.21497 -0.976621 0 
vn 0.214984 -0.976618 0 
vn 0.00123556 -0.999999 0 
vn 0 -1 0 
vn 0.419889 -0.907575 0 
vn 0.419902 -0.907569 0 
vn 0.216177 -0.976354 0 
vn 0.605174 -0.796093 0 
vn 0.605186 -0.796084 0 
vn 0.42101 -0.907056 0 
vn 0.762162 -0.647386 0 
vn 0.762171 -0.647375 0 
vn 0.606157 -0.795345 0 
vn 0.883512 -0.468408 0 
vn 0.883519 -0.468396 0 
vn 0.762961 -0.646444 0 
vn 0.96355 -0.267528 0 
vn 0.963554 -0.267515 0 
vn 0.88409 -0.467316 0 
vn 0.998533 -0.0541389 0 
vn 0.998534 -0.0541247 0 
vn 0.96388 -0.266338 0 
vn 0.986827 0.161782 0 
vn 0.986824 0.161796 0 
vn 0.9986 -0.0529051 0 
vn 0.928977 0.370138 0 
vn 0.928971 0.370151 0 
vn 0.986626 0.163001 0 
vn 0.827689 0.561187 0 
vn 0.827681 0.561199 0 
vn 0.928519 0.371286 0 
vn 0.687699 0.725995 0 
vn 0.687689 0.726005 0 
vn 0.826995 0.562209 0 
vn 0.515554 0.856857 0 
vn 0.515542 0.856864 0 
vn 0.686802 0.726845 0 
vn 0.319302 0.947653 0 
vn 0.319288 0.947658 0 
vn 0.514495 0.857494 0 
vn 0.108119 0.994138 0 
vn 0.108105 0.994139 0 
vn 0.31813 0.948047 0 
vn -0.108119 0.994138 0 
vn -0.108133 0.994136 0 
vn 0.106891 0.994271 0 
vn -0.319302 0.947653 0 
vn -0.319315 0.947649 0 
vn -0.109347 0.994004 0 
vn -0.515554 0.856857 0 
vn -0.515566 0.85685 0 
vn -0.320472 0.947258 0 
vn -0.687699 0.725995 0 
vn -0.68771 0.725986 0 
vn -0.516612 0.85622 0 
vn -0.726845 0.686802 0 
vn -0.688596 0.725145 0 
vn -0.827689 0.561187 0 
vn -0.827693 0.56118 0 
vn -0.928977 0.370138 0 
vn -0.928982 0.370125 0 
vn -0.828382 0.560164 0 
vn -0.986827 0.161782 0 
vn -0.986829 0.161768 0 
vn -0.929433 0.36899 0 
vn -0.998533 -0.0541389 0 
vn -0.998533 -0.0541531 0 
vn -0.987026 0.160563 0 
vn -0.96355 -0.267528 0 
vn -0.963546 -0.267542 0 
vn -0.998466 -0.0553726 0 
vn -0.883512 -0.468408 0 
vn -0.883505 -0.468421 0 
vn -0.963219 -0.268719 0 
vn -0.762162 -0.647386 0 
vn -0.762153 -0.647397 0 
vn -0.882933 -0.4695 0 
vn -0.605174 -0.796093 0 
vn -0.605163 -0.796102 0 
vn -0.761362 -0.648327 0 
vn -0.419889 -0.907575 0 
vn -0.419876 -0.907581 0 
vn -0.60419 -0.79684 0 
vn -0.21497 -0.976621 0 
vn -0.214957 -0.976624 0 
vn -0.418767 -0.908094 0 
vn 1.42e-05 -1 0 
vn -0.213764 -0.976885 0 
vn 2.37389e-17 -2.24311e-17 -1 
usemtl 0.325490_0.529412_0.752941_0.000000_0.000000
o mesh0
f 31//1 1//1 2//1 
f 2//1 3//1 31//1 
f 3//1 4//1 31//1 
f 4//1 5//1 31//1 
f 5//1 6//1 31//1 
f 6//1 7//1 31//1 
f 7//1 8//1 31//1 
f 8//1 9//1 31//1 
f 9//1 10//1 31//1 
f 10//1 11//1 31//1 
f 11//1 12//1 31//1 
f 12//1 13//1 31//1 
f 13//1 14//1 31//1 
f 14//1 15//1 31//1 
f 15//1 16//1 31//1 
f 16//1 17//1 31//1 
f 17//1 18//1 31//1 
f 18//1 19//1 31//1 
f 19//1 20//1 31//1 
f 20//1 21//1 31//1 
f 21//1 22//1 31//1 
f 22//1 23//1 31//1 
f 23//1 24//1 31//1 
f 24//1 25//1 31//1 
f 25//1 26//1 31//1 
f 26//1 27//1 31//1 
f 27//1 28//1 31//1 
f 28//1 29//1 31//1 
f 29//1 30//1 31//1 
f 30//1 1//1 31//1 
o mesh1
f 15//2 32//2 33//3 
f 16//3 33//3 34//4 
f 17//4 34//4 35//5 
f 18//5 35//5 36//6 
f 19//6 36//6 37//7 
f 20//7 37//7 38//8 
f 21//8 38//8 39//9 
f 22//9 39//9 40//10 
f 23//10 40//10 41//11 
f 24//11 41//11 42//12 
f 25//12 42//12 43//13 
f 26//13 43//13 44//14 
f 27//14 44//14 45//15 
f 28//15 45//15 46//16 
f 1//17 30//18 47//18 
f 46//16 47//18 30//18 
f 30//18 29//19 46//16 
f 1//17 48//20 49//21 
f 2//21 49//21 50//22 
f 3//22 50//22 51//23 
f 4//23 51//23 52//24 
f 5//24 52//24 53//25 
f 6//25 53//25 54//26 
f 7//26 54//26 55//27 
f 8//27 55//27 56//28 
f 9//28 56//28 57//29 
f 10//29 57//29 58//30 
f 11//30 58//30 59//31 
f 12//31 59//31 60//32 
f 13//32 60//32 61//33 
f 14//33 61//33 32//2 
f 32//2 15//2 14//33 
f 61//33 14//33 13//32 
f 60//32 13//32 12//31 
f 59//31 12//31 11//30 
f 58//30 11//30 10//29 
f 57//29 10//29 9//28 
f 56//28 9//28 8//27 
f 55//27 8//27 7//26 
f 54//26 7//26 6//25 
f 53//25 6//25 5//24 
f 52//24 5//24 4//23 
f 51//23 4//23 3//22 
f 50//22 3//22 2//21 
f 49//21 2//21 1//17 
f 47//18 48//20 1//17 
f 46//16 29//19 28//15 
f 45//15 28//15 27//14 
f 44//14 27//14 26//13 
f 43//13 26//13 25//12 
f 42//12 25//12 24//11 
f 41//11 24//11 23//10 
f 40//10 23//10 22//9 
f 39//9 22//9 21//8 
f 38//8 21//8 20//7 
f 37//7 20//7 19//6 
f 36//6 19//6 18//5 
f 35//5 18//5 17//4 
f 34//4 17//4 16//3 
f 33//3 16//3 15//2 
o mesh2
f 62//34 63//35 92//36 
f 93//37 92//36 94//38 
f 95//39 94//38 96//40 
f 97//41 96//40 98//42 
f 99//43 98//42 100//44 
f 101//45 100//44 102//46 
f 103//47 102//46 32//48 
f 64//49 62//34 93//37 
f 104//50 93//37 95//39 
f 105//51 95//39 97//41 
f 106//52 97//41 99//43 
f 107//53 99//43 101//45 
f 108//54 101//45 103//47 
f 109//55 103//47 61//56 
f 65//57 64//49 104//50 
f 110//58 104//50 105//51 
f 111//59 105//51 106//52 
f 112//60 106//52 107//53 
f 113//61 107//53 108//54 
f 114//62 108//54 109//55 
f 115//63 109//55 60//64 
f 66//65 65//57 110//58 
f 116//66 110//58 111//59 
f 117//67 111//59 112//60 
f 118//68 112//60 113//61 
f 119//69 113//61 114//62 
f 120//70 114//62 115//63 
f 121//71 115//63 59//72 
f 67//73 66//65 116//66 
f 122//74 116//66 117//67 
f 123//75 117//67 118//68 
f 124//76 118//68 119//69 
f 125//77 119//69 120//70 
f 126//78 120//70 121//71 
f 127//79 121//71 58//80 
f 68//81 67//73 122//74 
f 128//82 122//74 123//75 
f 129//83 123//75 124//76 
f 130//84 124//76 125//77 
f 131//85 125//77 126//78 
f 132//86 126//78 127//79 
f 133//87 127//79 57//88 
f 69//89 68//81 128//82 
f 134//90 128//82 129//83 
f 135//91 129//83 130//84 
f 136//92 130//84 131//85 
f 137//93 131//85 132//86 
f 138//94 132//86 133//87 
f 139//95 133//87 56//96 
f 70//97 69//89 134//90 
f 140//98 134//90 135//91 
f 141//99 135//91 136//92 
f 142//100 136//92 137//93 
f 143//101 137//93 138//94 
f 144//102 138//94 139//95 
f 145//103 139//95 55//104 
f 71//105 70//97 140//98 
f 146//106 140//98 141//99 
f 147//107 141//99 142//100 
f 148//108 142//100 143//101 
f 149//109 143//101 144//102 
f 150//110 144//102 145//103 
f 151//111 145//103 54//112 
f 72//113 71//105 146//106 
f 152//114 146//106 147//107 
f 153//115 147//107 148//108 
f 154//116 148//108 149//109 
f 155//117 149//109 150//110 
f 156//118 150//110 151//111 
f 157//119 151//111 53//120 
f 73//121 72//113 152//114 
f 158//122 152//114 153//115 
f 159//123 153//115 154//116 
f 160//124 154//116 155//117 
f 161//125 155//117 156//118 
f 162//126 156//118 157//119 
f 163//127 157//119 52//128 
f 74//129 73//121 158//122 
f 164//130 158//122 159//123 
f 165//131 159//123 160//124 
f 166//132 160//124 161//125 
f 167//133 161//125 162//126 
f 168//134 162//126 163//127 
f 169//135 163//127 51//136 
f 75//137 74//129 164//130 
f 170//138 164//130 165//131 
f 171//139 165//131 166//132 
f 172//140 166//132 167//133 
f 173//141 167//133 168//134 
f 174//142 168//134 169//135 
f 175//143 169//135 50//144 
f 76//145 75//137 170//138 
f 176//146 170//138 171//139 
f 177//147 171//139 172//140 
f 178//148 172//140 173//141 
f 179//149 173//141 174//142 
f 180//150 174//142 175//143 
f 181//151 175//143 49//152 
f 176//146 182//153 77//154 
f 182//153 78//155 77//154 
f 182//153 176//146 177//147 
f 183//156 177//147 178//148 
f 184//157 178//148 179//149 
f 185//158 179//149 180//150 
f 186//159 180//150 181//151 
f 187//160 181//151 47//161 
f 181//151 48//162 47//161 
f 79//163 78//155 182//153 
f 188//164 182//153 183//156 
f 189//165 183//156 184//157 
f 190//166 184//157 185//158 
f 191//167 185//158 186//159 
f 192//168 186//159 187//160 
f 193//169 187//160 46//170 
f 80//171 79//163 188//164 
f 194//172 188//164 189//165 
f 195//173 189//165 190//166 
f 196//174 190//166 191//167 
f 197//175 191//167 192//168 
f 198//176 192//168 193//169 
f 199//177 193//169 45//178 
f 81//179 80//171 194//172 
f 200//180 194//172 195//173 
f 201//181 195//173 196//174 
f 202//182 196//174 197//175 
f 203//183 197//175 198//176 
f 204//184 198//176 199//177 
f 205//185 199//177 44//186 
f 82//187 81//179 200//180 
f 206//188 200//180 201//181 
f 207//189 201//181 202//182 
f 208//190 202//182 203//183 
f 209//191 203//183 204//184 
f 210//192 204//184 205//185 
f 211//193 205//185 43//194 
f 83//195 82//187 206//188 
f 212//196 206//188 207//189 
f 213//197 207//189 208//190 
f 214//198 208//190 209//191 
f 215//199 209//191 210//192 
f 216//200 210//192 211//193 
f 217//201 211//193 42//202 
f 84//203 83//195 212//196 
f 218//204 212//196 213//197 
f 219//205 213//197 214//198 
f 220//206 214//198 215//199 
f 221//207 215//199 216//200 
f 222//208 216//200 217//201 
f 223//209 217//201 41//210 
f 85//211 84//203 218//204 
f 224//212 218//204 219//205 
f 225//213 219//205 220//206 
f 226//214 220//206 221//207 
f 227//215 221//207 222//208 
f 228//216 222//208 223//209 
f 229//217 223//209 40//218 
f 86//219 85//211 224//212 
f 230//220 224//212 225//213 
f 231//221 225//213 226//214 
f 232//222 226//214 227//215 
f 233//223 227//215 228//216 
f 234//224 228//216 229//217 
f 235//225 229//217 39//226 
f 87//227 86//219 230//220 
f 236//228 230//220 231//221 
f 237//229 231//221 232//222 
f 238//230 232//222 233//223 
f 239//231 233//223 234//224 
f 240//232 234//224 235//225 
f 241//233 235//225 38//234 
f 88//235 87//227 236//228 
f 242//236 236//228 237//229 
f 243//237 237//229 238//230 
f 244//238 238//230 239//231 
f 245//239 239//231 240//232 
f 246//240 240//232 241//233 
f 247//241 241//233 37//242 
f 89//243 88//235 242//236 
f 248//244 242//236 243//237 
f 249//245 243//237 244//238 
f 250//246 244//238 245//239 
f 251//247 245//239 246//240 
f 252//248 246//240 247//241 
f 253//249 247//241 36//250 
f 90//251 89//243 248//244 
f 254//252 248//244 249//245 
f 255//253 249//245 250//246 
f 256//254 250//246 251//247 
f 257//255 251//247 252//248 
f 258//256 252//248 253//249 
f 259//257 253//249 35//258 
f 91//259 90//251 254//252 
f 260//260 254//252 255//253 
f 261//261 255//253 256//254 
f 262//262 256//254 257//255 
f 263//263 257//255 258//256 
f 264//264 258//256 259//257 
f 265//265 259//257 34//266 
f 63//35 91//259 260//260 
f 92//36 260//260 261//261 
f 94//38 261//261 262//262 
f 96//40 262//262 263//263 
f 98//42 263//263 264//264 
f 100//44 264//264 265//265 
f 102//46 265//265 33//267 
f 33//267 32//48 102//46 
f 265//265 102//46 100//44 
f 264//264 100//44 98//42 
f 263//263 98//42 96//40 
f 262//262 96//40 94//38 
f 261//261 94//38 92//36 
f 260//260 92//36 63//35 
f 34//266 33//267 265//265 
f 259//257 265//265 264//264 
f 258//256 264//264 263//263 
f 257//255 263//263 262//262 
f 256//254 262//262 261//261 
f 255//253 261//261 260//260 
f 254//252 260//260 91//259 
f 35//258 34//266 259//257 
f 253//249 259//257 258//256 
f 252//248 258//256 257//255 
f 251//247 257//255 256//254 
f 250//246 256//254 255//253 
f 249//245 255//253 254//252 
f 248//244 254//252 90//251 
f 36//250 35//258 253//249 
f 247//241 253//249 252//248 
f 246//240 252//248 251//247 
f 245//239 251//247 250//246 
f 244//238 250//246 249//245 
f 243//237 249//245 248//244 
f 242//236 248//244 89//243 
f 37//242 36//250 247//241 
f 241//233 247//241 246//240 
f 240//232 246//240 245//239 
f 239//231 245//239 244//238 
f 238//230 244//238 243//237 
f 237//229 243//237 242//236 
f 236//228 242//236 88//235 
f 38//234 37//242 241//233 
f 235//225 241//233 240//232 
f 234//224 240//232 239//231 
f 233//223 239//231 238//230 
f 232//222 238//230 237//229 
f 231//221 237//229 236//228 
f 230//220 236//228 87//227 
f 39//226 38//234 235//225 
f 229//217 235//225 234//224 
f 228//216 234//224 233//223 
f 227//215 233//223 232//222 
f 226//214 232//222 231//221 
f 225//213 231//221 230//220 
f 224//212 230//220 86//219 
f 40//218 39//226 229//217 
f 223//209 229//217 228//216 
f 222//208 228//216 227//215 
f 221//207 227//215 226//214 
f 220//206 226//214 225//213 
f 219//205 225//213 224//212 
f 218//204 224//212 85//211 
f 41//210 40//218 223//209 
f 217//201 223//209 222//208 
f 216//200 222//208 221//207 
f 215//199 221//207 220//206 
f 214//198 220//206 219//205 
f 213//197 219//205 218//204 
f 212//196 218//204 84//203 
f 42//202 41//210 217//201 
f 211//193 217//201 216//200 
f 210//192 216//200 215//199 
f 209//191 215//199 214//198 
f 208//190 214//198 213//197 
f 207//189 213//197 212//196 
f 206//188 212//196 83//195 
f 43//194 42//202 211//193 
f 205//185 211//193 210//192 
f 204//184 210//192 209//191 
f 203//183 209//191 208//190 
f 202//182 208//190 207//189 
f 201//181 207//189 206//188 
f 200//180 206//188 82//187 
f 44//186 43//194 205//185 
f 199//177 205//185 204//184 
f 198//176 204//184 203//183 
f 197//175 203//183 202//182 
f 196//174 202//182 201//181 
f 195//173 201//181 200//180 
f 194//172 200//180 81//179 
f 45//178 44//186 199//177 
f 193//169 199//177 198//176 
f 192//168 198//176 197//175 
f 191//167 197//175 196//174 
f 190//166 196//174 195//173 
f 189//165 195//173 194//172 
f 188//164 194//172 80//171 
f 46//170 45//178 193//169 
f 187//160 193//169 192//168 
f 186//159 192//168 191//167 
f 185//158 191//167 190//166 
f 184//157 190//166 189//165 
f 183//156 189//165 188//164 
f 182//153 188//164 79//163 
f 47//161 46//170 187//160 
f 181//151 187//160 186//159 
f 180//150 186//159 185//158 
f 179//149 185//158 184//157 
f 178//148 184//157 183//156 
f 177//147 183//156 182//153 
f 77//154 76//145 176//146 
f 49//152 48//162 181//151 
f 175//143 181//151 180//150 
f 174//142 180//150 179//149 
f 173//141 179//149 178//148 
f 172//140 178//148 177//147 
f 171//139 177//147 176//146 
f 170//138 176//146 76//145 
f 50//144 49//152 175//143 
f 169//135 175//143 174//142 
f 168//134 174//142 173//141 
f 167//133 173//141 172//140 
f 166//132 172//140 171//139 
f 165//131 171//139 170//138 
f 164//130 170//138 75//137 
f 51//136 50//144 169//135 
f 163//127 169//135 168//134 
f 162//126 168//134 167//133 
f 161//125 167//133 166//132 
f 160//124 166//132 165//131 
f 159//123 165//131 164//130 
f 158//122 164//130 74//129 
f 52//128 51//136 163//127 
f 157//119 163//127 162//126 
f 156//118 162//126 161//125 
f 155//117 161//125 160//124 
f 154//116 160//124 159//123 
f 153//115 159//123 158//122 
f 152//114 158//122 73//121 
f 53//120 52//128 157//119 
f 151//111 157//119 156//118 
f 150//110 156//118 155//117 
f 149//109 155//117 154//116 
f 148//108 154//116 153//115 
f 147//107 153//115 152//114 
f 146//106 152//114 72//113 
f 54//112 53//120 151//111 
f 145//103 151//111 150//110 
f 144//102 150//110 149//109 
f 143//101 149//109 148//108 
f 142//100 148//108 147//107 
f 141//99 147//107 146//106 
f 140//98 146//106 71//105 
f 55//104 54//112 145//103 
f 139//95 145//103 144//102 
f 138//94 144//102 143//101 
f 137//93 143//101 142//100 
f 136//92 142//100 141//99 
f 135//91 141//99 140//98 
f 134//90 140//98 70//97 
f 56//96 55//104 139//95 
f 133//87 139//95 138//94 
f 132//86 138//94 137//93 
f 131//85 137//93 136//92 
f 130//84 136//92 135//91 
f 129//83 135//91 134//90 
f 128//82 134//90 69//89 
f 57//88 56//96 133//87 
f 127//79 133//87 132//86 
f 126//78 132//86 131//85 
f 125//77 131//85 130//84 
f 124//76 130//84 129//83 
f 123//75 129//83 128//82 
f 122//74 128//82 68//81 
f 58//80 57//88 127//79 
f 121//71 127//79 126//78 
f 120//70 126//78 125//77 
f 119//69 125//77 124//76 
f 118//68 124//76 123//75 
f 117//67 123//75 122//74 
f 116//66 122//74 67//73 
f 59//72 58//80 121//71 
f 115//63 121//71 120//70 
f 114//62 120//70 119//69 
f 113//61 119//69 118//68 
f 112//60 118//68 117//67 
f 111//59 117//67 116//66 
f 110//58 116//66 66//65 
f 60//64 59//72 115//63 
f 109//55 115//63 114//62 
f 108//54 114//62 113//61 
f 107//53 113//61 112//60 
f 106//52 112//60 111//59 
f 105//51 111//59 110//58 
f 104//50 110//58 65//57 
f 61//56 60//64 109//55 
f 103//47 109//55 108//54 
f 101//45 108//54 107//53 
f 99//43 107//53 106//52 
f 97//41 106//52 105//51 
f 95//39 105//51 104//50 
f 93//37 104//50 64//49 
f 32//48 61//56 103//47 
f 102//46 103//47 101//45 
f 100//44 101//45 99//43 
f 98//42 99//43 97//41 
f 96//40 97//41 95//39 
f 94//38 95//39 93//37 
f 92//36 93//37 62//34 
o mesh3
f 75//268 266//269 267//270 
f 76//271 268//272 269//273 
f 269//273 75//268 76//271 
f 269//273 266//269 75//268 
f 74//274 75//268 270//275 
f 270//275 271//276 74//274 
f 73//277 272//278 273//279 
f 73//277 74//274 274//280 
f 274//280 272//278 73//277 
f 72//281 275//282 276//283 
f 72//281 73//277 277//284 
f 277//284 275//282 72//281 
f 71//285 72//281 278//286 
f 278//286 279//287 71//285 
f 70//288 71//285 280//289 
f 280//289 281//290 70//288 
f 281//290 282//291 70//288 
f 69//292 70//288 283//293 
f 283//293 284//294 69//292 
f 68//295 285//296 286//297 
f 68//295 69//292 287//298 
f 287//298 285//296 68//295 
f 67//299 68//295 288//300 
f 288//300 289//301 67//299 
f 289//301 290//302 67//299 
f 66//303 67//299 291//304 
f 291//304 292//305 66//303 
f 292//305 293//306 66//303 
f 65//307 66//303 294//308 
f 294//308 295//309 65//307 
f 64//310 65//307 296//311 
f 296//311 297//312 64//310 
f 62//313 64//310 298//314 
f 298//314 299//315 62//313 
f 299//315 300//316 62//313 
f 63//317 62//313 301//318 
f 301//318 302//319 63//317 
f 91//320 303//321 304//322 
f 63//317 305//323 303//321 
f 303//321 91//320 63//317 
f 90//324 306//325 307//326 
f 91//320 308//327 306//325 
f 306//325 90//324 91//320 
f 90//324 309//328 310//329 
f 90//324 311//330 309//328 
f 89//331 312//332 313//333 
f 89//331 310//329 312//332 
f 88//334 314//335 315//336 
f 88//334 313//333 314//335 
f 86//337 316//338 317//339 
f 87//340 315//336 316//338 
f 316//338 86//337 87//340 
f 86//337 318//341 319//342 
f 86//337 320//343 321//344 
f 321//344 318//341 86//337 
f 85//345 319//342 322//346 
f 322//346 84//347 85//345 
f 84//347 323//348 324//349 
f 84//347 325//350 326//351 
f 326//351 323//348 84//347 
f 83//352 327//353 328//354 
f 83//352 324//349 327//353 
f 82//355 329//356 330//357 
f 82//355 328//354 331//358 
f 331//358 329//356 82//355 
f 81//359 332//360 333//361 
f 81//359 330//357 334//362 
f 334//362 332//360 81//359 
f 80//363 335//364 336//365 
f 80//363 333//361 335//364 
f 78//366 337//367 338//368 
f 79//369 336//365 339//370 
f 339//370 78//366 79//369 
f 339//370 337//367 78//366 
f 77//371 78//366 340//372 
f 77//371 341//373 268//272 
f 268//272 76//271 77//371 
f 340//372 341//373 77//371 
f 338//368 340//372 78//366 
f 336//365 79//369 80//363 
f 333//361 80//363 81//359 
f 330//357 81//359 82//355 
f 328//354 82//355 83//352 
f 324//349 83//352 84//347 
f 322//346 325//350 84//347 
f 319//342 85//345 86//337 
f 317//339 320//343 86//337 
f 315//336 87//340 88//334 
f 313//333 88//334 89//331 
f 310//329 89//331 90//324 
f 307//326 311//330 90//324 
f 304//322 308//327 91//320 
f 302//319 305//323 63//317 
f 300//316 301//318 62//313 
f 297//312 298//314 64//310 
f 295//309 296//311 65//307 
f 293//306 294//308 66//303 
f 290//302 291//304 67//299 
f 286//297 288//300 68//295 
f 284//294 287//298 69//292 
f 282//291 283//293 70//288 
f 279//287 280//289 71//285 
f 276//283 278//286 72//281 
f 273//279 277//284 73//277 
f 271//276 274//280 74//274 
f 267//270 270//275 75//268 
o mesh4
f 400//374 401//375 402//376 
f 403//377 404//378 401//375 
f 405//379 406//380 404//378 
f 407//381 408//382 406//380 
f 409//383 410//384 408//382 
f 411//385 412//386 410//384 
f 413//387 414//388 412//386 
f 415//389 416//390 414//388 
f 417//391 418//392 416//390 
f 419//393 420//394 418//392 
f 421//395 422//396 420//394 
f 423//397 424//398 422//396 
f 425//399 426//400 424//398 
f 427//401 428//402 426//400 
f 429//403 430//404 428//402 
f 431//405 432//406 430//404 
f 433//407 434//408 432//406 
f 435//409 436//410 434//408 
f 437//411 438//412 436//410 
f 439//413 440//414 438//412 
f 441//415 442//416 440//414 
f 441//415 443//417 444//418 
f 443//417 445//419 446//420 
f 445//419 447//421 448//422 
f 447//421 449//423 450//424 
f 449//423 451//425 452//426 
f 451//425 453//427 454//428 
f 453//427 455//429 456//430 
f 455//429 457//431 458//432 
f 457//431 459//433 460//434 
f 459//433 461//435 462//436 
f 461//435 463//437 464//438 
f 463//437 465//439 466//440 
f 465//439 467//441 468//442 
f 467//441 469//443 470//444 
f 469//443 471//445 472//446 
f 471//445 473//447 474//448 
f 473//447 475//449 476//450 
f 475//449 477//451 478//452 
f 477//451 479//453 480//454 
f 479//453 481//455 482//456 
f 481//455 483//457 402//376 
f 484//458 400//374 483//457 
f 485//459 403//377 400//374 
f 486//460 405//379 403//377 
f 487//461 407//381 405//379 
f 488//462 409//383 407//381 
f 489//463 411//385 409//383 
f 490//464 413//387 411//385 
f 491//465 415//389 413//387 
f 492//466 417//391 415//389 
f 493//467 419//393 417//391 
f 494//468 421//395 419//393 
f 495//469 423//397 421//395 
f 496//470 425//399 423//397 
f 497//471 427//401 425//399 
f 498//472 429//403 427//401 
f 499//473 431//405 429//403 
f 500//474 433//407 431//405 
f 501//475 435//409 433//407 
f 502//476 437//411 435//409 
f 503//477 439//413 437//411 
f 504//478 441//415 439//413 
f 504//478 505//479 443//417 
f 505//479 506//480 445//419 
f 506//480 507//481 447//421 
f 507//481 508//482 449//423 
f 508//482 509//483 451//425 
f 509//483 510//484 453//427 
f 510//484 511//485 455//429 
f 511//485 512//486 457//431 
f 512//486 513//487 459//433 
f 513//487 514//488 461//435 
f 514//488 515//489 463//437 
f 515//489 516//490 465//439 
f 516//490 517//491 467//441 
f 517//491 518//492 469//443 
f 518//492 519//493 471//445 
f 519//493 520//494 473//447 
f 520//494 521//495 475//449 
f 521//495 522//496 477//451 
f 522//496 523//497 479//453 
f 523//497 524//498 481//455 
f 524//498 525//499 483//457 
f 484//458 525//499 526//500 
f 485//459 484//458 527//501 
f 486//460 485//459 528//502 
f 487//461 486//460 529//503 
f 488//462 487//461 530//504 
f 489//463 488//462 531//505 
f 490//464 489//463 532//506 
f 491//465 490//464 533//507 
f 492//466 491//465 534//508 
f 493//467 492//466 535//509 
f 494//468 493//467 536//510 
f 495//469 494//468 537//511 
f 496//470 495//469 538//512 
f 497//471 496//470 539//513 
f 498//472 497//471 540//514 
f 499//473 498//472 541//515 
f 500//474 499//473 542//516 
f 501//475 500//474 543//517 
f 502//476 501//475 544//518 
f 503//477 502//476 545//519 
f 504//478 503//477 546//520 
f 504//478 547//521 548//522 
f 505//479 548//522 549//523 
f 506//480 549//523 550//524 
f 507//481 550//524 551//525 
f 508//482 551//525 552//526 
f 509//483 552//526 553//527 
f 510//484 553//527 554//528 
f 511//485 554//528 555//529 
f 512//486 555//529 556//530 
f 513//487 556//530 557//531 
f 514//488 557//531 558//532 
f 515//489 558//532 559//533 
f 516//490 559//533 560//534 
f 517//491 560//534 561//535 
f 518//492 561//535 562//536 
f 519//493 562//536 563//537 
f 520//494 563//537 564//538 
f 521//495 564//538 565//539 
f 522//496 565//539 566//540 
f 523//497 566//540 567//541 
f 524//498 567//541 526//500 
f 527//501 526//500 568//542 
f 528//502 527//501 569//543 
f 529//503 528//502 570//544 
f 530//504 529//503 571//545 
f 531//505 530//504 572//546 
f 532//506 531//505 573//547 
f 533//507 532//506 574//548 
f 534//508 533//507 575//549 
f 535//509 534//508 576//550 
f 536//510 535//509 577//551 
f 537//511 536//510 578//552 
f 538//512 537//511 579//553 
f 539//513 538//512 580//554 
f 540//514 539//513 581//555 
f 541//515 540//514 582//556 
f 542//516 541//515 583//557 
f 543//517 542//516 584//558 
f 544//518 543//517 585//559 
f 545//519 544//518 586//560 
f 546//520 545//519 587//561 
f 547//521 546//520 588//562 
f 547//521 589//563 590//564 
f 548//522 590//564 591//565 
f 549//523 591//565 592//566 
f 550//524 592//566 593//567 
f 551//525 593//567 594//568 
f 552//526 594//568 595//569 
f 553//527 595//569 596//570 
f 554//528 596//570 597//571 
f 555//529 597//571 598//572 
f 556//530 598//572 599//573 
f 557//531 599//573 600//574 
f 558//532 600//574 601//575 
f 559//533 601//575 602//576 
f 560//534 602//576 603//577 
f 561//535 603//577 604//578 
f 562//536 604//578 605//579 
f 563//537 605//579 606//580 
f 564//538 606//580 607//581 
f 565//539 607//581 608//582 
f 566//540 608//582 609//583 
f 567//541 609//583 568//542 
f 571//545 570//544 336//584 
f 570//544 339//585 336//584 
f 333//586 572//546 571//545 
f 571//545 335//587 333//586 
f 334//588 573//547 572//546 
f 574//548 573//547 329//589 
f 573//547 334//588 330//590 
f 330//590 329//589 573//547 
f 575//549 574//548 328//591 
f 574//548 331//592 328//591 
f 324//593 576//550 575//549 
f 575//549 327//594 324//593 
f 326//595 577//551 576//550 
f 577//551 326//595 325//596 
f 325//596 578//552 577//551 
f 579//553 578//552 322//597 
f 322//597 319//598 579//553 
f 580//554 579//553 318//599 
f 580//554 321//600 320//601 
f 320//601 581//555 580//554 
f 582//556 581//555 317//602 
f 582//556 316//603 315//604 
f 315//604 583//557 582//556 
f 584//558 583//557 313//605 
f 583//557 314//606 313//605 
f 584//558 312//607 310//608 
f 310//608 585//559 584//558 
f 586//560 585//559 309//609 
f 309//609 311//610 586//560 
f 587//561 586//560 307//611 
f 588//562 587//561 308//612 
f 308//612 304//613 588//562 
f 587//561 306//614 308//612 
f 589//563 588//562 303//615 
f 305//616 302//617 590//564 
f 590//564 302//617 301//618 
f 301//618 591//565 590//564 
f 591//565 300//619 299//620 
f 592//566 298//621 297//622 
f 592//566 299//620 298//621 
f 296//623 295//624 594//568 
f 593//567 297//622 296//623 
f 594//568 295//624 294//625 
f 294//625 595//569 594//568 
f 596//570 595//569 292//626 
f 595//569 293//627 292//626 
f 292//626 291//628 596//570 
f 596//570 290//629 289//630 
f 288//631 286//632 598//572 
f 597//571 289//630 288//631 
f 598//572 286//632 285//633 
f 599//573 287//634 284//635 
f 599//573 285//633 287//634 
f 600//574 284//635 283//636 
f 283//636 601//575 600//574 
f 282//637 281//638 602//576 
f 280//639 279//640 603//577 
f 602//576 281//638 280//639 
f 603//577 279//640 278//641 
f 278//641 604//578 603//577 
f 605//579 275//642 277//643 
f 604//578 276//644 275//642 
f 275//642 605//579 604//578 
f 273//645 272//646 606//580 
f 274//647 271//648 607//581 
f 606//580 272//646 274//647 
f 607//581 271//648 270//649 
f 270//649 608//582 607//581 
f 608//582 267//650 266//651 
f 266//651 609//583 608//582 
f 568//542 609//583 268//652 
f 609//583 269//653 268//652 
f 568//542 341//654 340//655 
f 340//655 569//543 568//542 
f 570//544 569//543 337//656 
f 569//543 338//657 337//656 
f 460//434 462//436 342//658 
f 458//432 460//434 343//659 
f 343//659 344//660 458//432 
f 456//430 458//432 345//661 
f 454//428 456//430 346//662 
f 452//426 454//428 347//663 
f 450//424 452//426 348//664 
f 348//664 349//665 450//424 
f 448//422 450//424 350//666 
f 446//420 448//422 351//667 
f 444//418 446//420 352//668 
f 352//668 353//669 444//418 
f 442//416 444//418 354//670 
f 442//416 355//671 356//672 
f 442//416 357//673 355//671 
f 440//414 356//672 358//674 
f 438//412 358//674 359//675 
f 436//410 360//676 361//677 
f 436//410 359//675 360//676 
f 434//408 361//677 362//678 
f 432//406 363//679 364//680 
f 432//406 362//678 363//679 
f 430//404 364//680 365//681 
f 428//402 365//681 366//682 
f 426//400 367//683 368//684 
f 426//400 366//682 367//683 
f 424//398 368//684 369//685 
f 422//396 369//685 370//686 
f 420//394 370//686 371//687 
f 418//392 371//687 372//688 
f 416//390 372//688 373//689 
f 414//388 374//690 375//691 
f 414//388 373//689 374//690 
f 412//386 375//691 376//692 
f 410//384 376//692 377//693 
f 408//382 378//694 379//695 
f 408//382 377//693 378//694 
f 406//380 379//695 380//696 
f 404//378 380//696 381//697 
f 402//376 401//375 382//698 
f 401//375 381//697 382//698 
f 482//456 402//376 383//699 
f 482//456 384//700 385//701 
f 385//701 480//454 482//456 
f 478//452 480//454 386//702 
f 386//702 387//703 478//452 
f 476//450 478//452 388//704 
f 474//448 476//450 389//705 
f 472//446 474//448 390//706 
f 390//706 391//707 472//446 
f 470//444 472//446 392//708 
f 392//708 393//709 470//444 
f 468//442 470//444 394//710 
f 466//440 468//442 395//711 
f 464//438 466//440 396//712 
f 396//712 397//713 464//438 
f 462//436 464//438 398//714 
f 398//714 399//715 462//436 
f 399//715 342//658 462//436 
f 397//713 398//714 464//438 
f 395//711 396//712 466//440 
f 394//710 395//711 468//442 
f 393//709 394//710 470//444 
f 391//707 392//708 472//446 
f 389//705 390//706 474//448 
f 388//704 389//705 476//450 
f 387//703 388//704 478//452 
f 385//701 386//702 480//454 
f 383//699 384//700 482//456 
f 382//698 383//699 402//376 
f 381//697 401//375 404//378 
f 380//696 404//378 406//380 
f 379//695 406//380 408//382 
f 377//693 408//382 410//384 
f 376//692 410//384 412//386 
f 375//691 412//386 414//388 
f 373//689 414//388 416//390 
f 372//688 416//390 418//392 
f 371//687 418//392 420//394 
f 370//686 420//394 422//396 
f 369//685 422//396 424//398 
f 368//684 424//398 426//400 
f 366//682 426//400 428//402 
f 365//681 428//402 430//404 
f 364//680 430//404 432//406 
f 362//678 432//406 434//408 
f 361//677 434//408 436//410 
f 359//675 436//410 438//412 
f 358//674 438//412 440//414 
f 356//672 440//414 442//416 
f 354//670 357//673 442//416 
f 353//669 354//670 444//418 
f 351//667 352//668 446//420 
f 350//666 351//667 448//422 
f 349//665 350//666 450//424 
f 347//663 348//664 452//426 
f 346//662 347//663 454//428 
f 345//661 346//662 456//430 
f 344//660 345//661 458//432 
f 342//658 343//659 460//434 
f 337//656 339//585 570//544 
f 340//655 338//657 569//543 
f 268//652 341//654 568//542 
f 266//651 269//653 609//583 
f 270//649 267//650 608//582 
f 607//581 606//580 274//647 
f 606//580 605//579 273//645 
f 277//643 273//645 605//579 
f 278//641 276//644 604//578 
f 603//577 602//576 280//639 
f 602//576 601//575 282//637 
f 283//636 282//637 601//575 
f 284//635 600//574 599//573 
f 285//633 599//573 598//572 
f 598//572 597//571 288//631 
f 289//630 597//571 596//570 
f 291//628 290//629 596//570 
f 294//625 293//627 595//569 
f 594//568 593//567 296//623 
f 297//622 593//567 592//566 
f 299//620 592//566 591//565 
f 301//618 300//619 591//565 
f 590//564 589//563 305//616 
f 303//615 305//616 589//563 
f 304//613 303//615 588//562 
f 307//611 306//614 587//561 
f 311//610 307//611 586//560 
f 310//608 309//609 585//559 
f 313//605 312//607 584//558 
f 315//604 314//606 583//557 
f 317//602 316//603 582//556 
f 320//601 317//602 581//555 
f 318//599 321//600 580//554 
f 319//598 318//599 579//553 
f 325//596 322//597 578//552 
f 576//550 323//716 326//595 
f 324//593 323//716 576//550 
f 328//591 327//594 575//549 
f 329//589 331//592 574//548 
f 572//546 332//717 334//588 
f 333//586 332//717 572//546 
f 336//584 335//587 571//545 
f 568//542 526//500 567//541 
f 609//583 567//541 566//540 
f 608//582 566//540 565//539 
f 607//581 565//539 564//538 
f 606//580 564//538 563//537 
f 605//579 563//537 562//536 
f 604//578 562//536 561//535 
f 603//577 561//535 560//534 
f 602//576 560//534 559//533 
f 601//575 559//533 558//532 
f 600//574 558//532 557//531 
f 599//573 557//531 556//530 
f 598//572 556//530 555//529 
f 597//571 555//529 554//528 
f 596//570 554//528 553//527 
f 595//569 553//527 552//526 
f 594//568 552//526 551//525 
f 593//567 551//525 550//524 
f 592//566 550//524 549//523 
f 591//565 549//523 548//522 
f 590//564 548//522 547//521 
f 588//562 589//563 547//521 
f 587//561 588//562 546//520 
f 586//560 587//561 545//519 
f 585//559 586//560 544//518 
f 584//558 585//559 543//517 
f 583//557 584//558 542//516 
f 582//556 583//557 541//515 
f 581//555 582//556 540//514 
f 580//554 581//555 539//513 
f 579//553 580//554 538//512 
f 578//552 579//553 537//511 
f 577//551 578//552 536//510 
f 576//550 577//551 535//509 
f 575//549 576//550 534//508 
f 574//548 575//549 533//507 
f 573//547 574//548 532//506 
f 572//546 573//547 531//505 
f 571//545 572//546 530//504 
f 570//544 571//545 529//503 
f 569//543 570//544 528//502 
f 568//542 569//543 527//501 
f 526//500 525//499 524//498 
f 567//541 524//498 523//497 
f 566//540 523//497 522//496 
f 565//539 522//496 521//495 
f 564//538 521//495 520//494 
f 563//537 520//494 519//493 
f 562//536 519//493 518//492 
f 561//535 518//492 517//491 
f 560//534 517//491 516//490 
f 559//533 516//490 515//489 
f 558//532 515//489 514//488 
f 557//531 514//488 513//487 
f 556//530 513//487 512//486 
f 555//529 512//486 511//485 
f 554//528 511//485 510//484 
f 553//527 510//484 509//483 
f 552//526 509//483 508//482 
f 551//525 508//482 507//481 
f 550//524 507//481 506//480 
f 549//523 506//480 505//479 
f 548//522 505//479 504//478 
f 546//520 547//521 504//478 
f 545//519 546//520 503//477 
f 544//518 545//519 502//476 
f 543//517 544//518 501//475 
f 542//516 543//517 500//474 
f 541//515 542//516 499//473 
f 540//514 541//515 498//472 
f 539//513 540//514 497//471 
f 538//512 539//513 496//470 
f 537//511 538//512 495//469 
f 536//510 537//511 494//468 
f 535//509 536//510 493//467 
f 534//508 535//509 492//466 
f 533//507 534//508 491//465 
f 532//506 533//507 490//464 
f 531//505 532//506 489//463 
f 530//504 531//505 488//462 
f 529//503 530//504 487//461 
f 528//502 529//503 486//460 
f 527//501 528//502 485//459 
f 526//500 527//501 484//458 
f 483//457 481//455 524//498 
f 481//455 479//453 523//497 
f 479//453 477//451 522//496 
f 477//451 475//449 521//495 
f 475//449 473//447 520//494 
f 473//447 471//445 519//493 
f 471//445 469//443 518//492 
f 469//443 467//441 517//491 
f 467//441 465//439 516//490 
f 465//439 463//437 515//489 
f 463//437 461//435 514//488 
f 461//435 459//433 513//487 
f 459//433 457//431 512//486 
f 457//431 455//429 511//485 
f 455//429 453//427 510//484 
f 453//427 451//425 509//483 
f 451//425 449//423 508//482 
f 449//423 447//421 507//481 
f 447//421 445//419 506//480 
f 445//419 443//417 505//479 
f 443//417 441//415 504//478 
f 439//413 503//477 504//478 
f 437//411 502//476 503//477 
f 435//409 501//475 502//476 
f 433//407 500//474 501//475 
f 431//405 499//473 500//474 
f 429//403 498//472 499//473 
f 427//401 497//471 498//472 
f 425//399 496//470 497//471 
f 423//397 495//469 496//470 
f 421//395 494//468 495//469 
f 419//393 493//467 494//468 
f 417//391 492//466 493//467 
f 415//389 491//465 492//466 
f 413//387 490//464 491//465 
f 411//385 489//463 490//464 
f 409//383 488//462 489//463 
f 407//381 487//461 488//462 
f 405//379 486//460 487//461 
f 403//377 485//459 486//460 
f 400//374 484//458 485//459 
f 483//457 525//499 484//458 
f 402//376 482//456 481//455 
f 482//456 480//454 479//453 
f 480//454 478//452 477//451 
f 478//452 476//450 475//449 
f 476//450 474//448 473//447 
f 474//448 472//446 471//445 
f 472//446 470//444 469//443 
f 470//444 468//442 467//441 
f 468//442 466//440 465//439 
f 466//440 464//438 463//437 
f 464//438 462//436 461//435 
f 462//436 460//434 459//433 
f 460//434 458//432 457//431 
f 458//432 456//430 455//429 
f 456//430 454//428 453//427 
f 454//428 452//426 451//425 
f 452//426 450//424 449//423 
f 450//424 448//422 447//421 
f 448//422 446//420 445//419 
f 446//420 444//418 443//417 
f 444//418 442//416 441//415 
f 440//414 439//413 441//415 
f 438//412 437//411 439//413 
f 436//410 435//409 437//411 
f 434//408 433//407 435//409 
f 432//406 431//405 433//407 
f 430//404 429//403 431//405 
f 428//402 427//401 429//403 
f 426//400 425//399 427//401 
f 424//398 423//397 425//399 
f 422//396 421//395 423//397 
f 420//394 419//393 421//395 
f 418//392 417//391 419//393 
f 416//390 415//389 417//391 
f 414//388 413//387 415//389 
f 412//386 411//385 413//387 
f 410//384 409//383 411//385 
f 408//382 407//381 409//383 
f 406//380 405//379 407//381 
f 404//378 403//377 405//379 
f 401//375 400//374 403//377 
f 402//376 483//457 400//374 
o mesh5
f 669//718 670//719 671//720 
f 672//721 671//720 673//722 
f 674//723 673//722 675//724 
f 676//725 675//724 677//726 
f 678//727 677//726 679//728 
f 680//729 679//728 681//730 
f 682//731 669//718 672//721 
f 683//732 672//721 674//723 
f 684//733 674//723 676//725 
f 685//734 676//725 678//727 
f 686//735 678//727 680//729 
f 687//736 680//729 688//737 
f 689//738 682//731 683//732 
f 690//739 683//732 684//733 
f 691//740 684//733 685//734 
f 692//741 685//734 686//735 
f 693//742 686//735 687//736 
f 694//743 687//736 695//744 
f 696//745 689//738 690//739 
f 697//746 690//739 691//740 
f 698//747 691//740 692//741 
f 699//748 692//741 693//742 
f 700//749 693//742 694//743 
f 701//750 694//743 702//751 
f 703//752 696//745 697//746 
f 704//753 697//746 698//747 
f 705//754 698//747 699//748 
f 706//755 699//748 700//749 
f 707//756 700//749 701//750 
f 708//757 701//750 709//758 
f 710//759 703//752 704//753 
f 711//760 704//753 705//754 
f 712//761 705//754 706//755 
f 713//762 706//755 707//756 
f 714//763 707//756 708//757 
f 715//764 708//757 716//765 
f 717//766 710//759 711//760 
f 718//767 711//760 712//761 
f 719//768 712//761 713//762 
f 720//769 713//762 714//763 
f 721//770 714//763 715//764 
f 722//771 715//764 723//772 
f 724//773 717//766 718//767 
f 725//774 718//767 719//768 
f 726//775 719//768 720//769 
f 727//776 720//769 721//770 
f 728//777 721//770 722//771 
f 729//778 722//771 730//779 
f 731//780 724//773 725//774 
f 732//781 725//774 726//775 
f 733//782 726//775 727//776 
f 734//783 727//776 728//777 
f 735//784 728//777 729//778 
f 736//785 729//778 737//786 
f 738//787 731//780 732//781 
f 739//788 732//781 733//782 
f 740//789 733//782 734//783 
f 741//790 734//783 735//784 
f 742//791 735//784 736//785 
f 743//792 736//785 744//793 
f 745//794 738//787 739//788 
f 746//795 739//788 740//789 
f 747//796 740//789 741//790 
f 748//797 741//790 742//791 
f 749//798 742//791 743//792 
f 750//799 743//792 751//800 
f 752//801 745//794 746//795 
f 753//802 746//795 747//796 
f 754//803 747//796 748//797 
f 755//804 748//797 749//798 
f 756//805 749//798 750//799 
f 757//806 750//799 758//807 
f 759//808 752//801 753//802 
f 760//809 753//802 754//803 
f 761//810 754//803 755//804 
f 762//811 755//804 756//805 
f 763//812 756//805 757//806 
f 764//813 757//806 765//814 
f 766//815 759//808 760//809 
f 767//816 760//809 761//810 
f 768//817 761//810 762//811 
f 769//818 762//811 763//812 
f 770//819 763//812 764//813 
f 771//820 764//813 772//821 
f 773//822 766//815 767//816 
f 774//823 767//816 768//817 
f 775//824 768//817 769//818 
f 776//825 769//818 770//819 
f 777//826 770//819 771//820 
f 778//827 771//820 779//828 
f 780//829 773//822 774//823 
f 781//830 774//823 775//824 
f 782//831 775//824 776//825 
f 783//832 776//825 777//826 
f 784//833 777//826 778//827 
f 785//834 778//827 786//835 
f 787//836 780//829 781//830 
f 788//837 781//830 782//831 
f 789//838 782//831 783//832 
f 790//839 783//832 784//833 
f 791//840 784//833 785//834 
f 792//841 785//834 793//842 
f 794//843 787//836 788//837 
f 795//844 788//837 789//838 
f 796//845 789//838 790//839 
f 797//846 790//839 791//840 
f 798//847 791//840 792//841 
f 799//848 792//841 800//849 
f 801//850 794//843 795//844 
f 802//851 795//844 796//845 
f 803//852 796//845 797//846 
f 804//853 797//846 798//847 
f 805//854 798//847 799//848 
f 806//855 799//848 807//856 
f 808//857 801//850 802//851 
f 809//858 802//851 803//852 
f 810//859 803//852 804//853 
f 811//860 804//853 805//854 
f 812//861 805//854 806//855 
f 813//862 806//855 814//863 
f 815//864 808//857 809//858 
f 816//865 809//858 810//859 
f 817//866 810//859 811//860 
f 818//867 811//860 812//861 
f 819//868 812//861 813//862 
f 820//869 813//862 821//870 
f 822//871 815//864 816//865 
f 823//872 816//865 817//866 
f 824//873 817//866 818//867 
f 825//874 818//867 819//868 
f 826//875 819//868 820//869 
f 827//876 820//869 828//877 
f 829//878 822//871 823//872 
f 830//879 823//872 824//873 
f 831//880 824//873 825//874 
f 832//881 825//874 826//875 
f 833//882 826//875 827//876 
f 834//883 827//876 835//884 
f 836//885 829//878 830//879 
f 837//886 830//879 831//880 
f 838//887 831//880 832//881 
f 839//888 832//881 833//882 
f 840//889 833//882 834//883 
f 841//890 834//883 842//891 
f 843//892 836//885 837//886 
f 844//893 837//886 838//887 
f 845//894 838//887 839//888 
f 846//895 839//888 840//889 
f 847//896 840//889 841//890 
f 848//897 841//890 849//898 
f 850//899 843//892 844//893 
f 851//900 844//893 845//894 
f 852//901 845//894 846//895 
f 853//902 846//895 847//896 
f 854//903 847//896 848//897 
f 855//904 848//897 856//905 
f 857//906 850//899 851//900 
f 858//907 851//900 852//901 
f 859//908 852//901 853//902 
f 860//909 853//902 854//903 
f 861//910 854//903 855//904 
f 862//911 855//904 863//912 
f 864//913 857//906 858//907 
f 865//914 858//907 859//908 
f 866//915 859//908 860//909 
f 867//916 860//909 861//910 
f 868//917 861//910 862//911 
f 869//918 862//911 870//919 
f 670//719 864//913 865//914 
f 671//720 865//914 866//915 
f 673//722 866//915 867//916 
f 675//724 867//916 868//917 
f 677//726 868//917 869//918 
f 679//728 869//918 871//920 
f 381//921 380//922 842//891 
f 835//884 382//923 381//921 
f 849//898 842//891 379//924 
f 842//891 380//922 379//924 
f 856//905 849//898 377//925 
f 849//898 378//926 377//925 
f 856//905 376//927 375//928 
f 375//928 863//912 856//905 
f 870//919 863//912 374//929 
f 871//920 870//919 372//930 
f 870//919 373//931 372//930 
f 871//920 371//932 370//933 
f 370//933 681//730 871//920 
f 681//730 369//934 368//935 
f 368//935 688//737 681//730 
f 688//737 367//936 366//937 
f 366//937 695//744 688//737 
f 702//751 695//744 365//938 
f 365//938 364//939 702//751 
f 709//758 702//751 363//940 
f 709//758 362//941 361//942 
f 361//942 716//765 709//758 
f 716//765 360//943 359//944 
f 359//944 723//772 716//765 
f 356//945 730//779 723//772 
f 723//772 358//946 356//945 
f 737//786 730//779 357//947 
f 730//779 355//948 357//947 
f 357//947 354//949 737//786 
f 737//786 353//950 352//951 
f 352//951 744//793 737//786 
f 350//952 751//800 744//793 
f 744//793 351//953 350//952 
f 758//807 751//800 349//954 
f 758//807 348//955 347//956 
f 347//956 765//814 758//807 
f 345//957 772//821 765//814 
f 765//814 346//958 345//957 
f 772//821 344//959 343//960 
f 343//960 779//828 772//821 
f 779//828 342//961 399//962 
f 399//962 786//835 779//828 
f 399//962 398//963 786//835 
f 793//842 786//835 396//964 
f 786//835 397//965 396//964 
f 793//842 395//966 394//967 
f 394//967 800//849 793//842 
f 807//856 800//849 392//968 
f 800//849 393//969 392//968 
f 390//970 389//971 814//863 
f 807//856 391//972 390//970 
f 814//863 389//971 388//973 
f 388//973 821//870 814//863 
f 828//877 821//870 386//974 
f 821//870 387//975 386//974 
f 828//877 384//976 383//977 
f 828//877 385//978 384//976 
f 383//977 835//884 828//877 
f 610//979 808//857 815//864 
f 815//864 611//980 610//979 
f 612//981 801//850 808//857 
f 808//857 613//982 612//981 
f 614//983 794//843 801//850 
f 801//850 615//984 614//983 
f 616//985 787//836 794//843 
f 794//843 617//986 616//985 
f 618//987 780//829 787//836 
f 787//836 619//988 618//987 
f 620//989 773//822 780//829 
f 780//829 621//990 620//989 
f 773//822 622//991 623//992 
f 623//992 766//815 773//822 
f 766//815 624//993 625//994 
f 625//994 759//808 766//815 
f 759//808 626//995 627//996 
f 627//996 752//801 759//808 
f 752//801 628//997 629//998 
f 629//998 745//794 752//801 
f 745//794 630//999 631//1000 
f 631//1000 738//787 745//794 
f 738//787 632//1001 633//1002 
f 633//1002 731//780 738//787 
f 731//780 634//1003 635//1004 
f 635//1004 724//773 731//780 
f 724//773 636//1005 637//1006 
f 637//1006 717//766 724//773 
f 717//766 638//1007 639//1008 
f 639//1008 710//759 717//766 
f 710//759 640//1009 641//1010 
f 641//1010 703//752 710//759 
f 703//752 642//1011 643//1012 
f 643//1012 696//745 703//752 
f 696//745 644//1013 645//1014 
f 645//1014 689//738 696//745 
f 689//738 646//1015 647//1016 
f 647//1016 682//731 689//738 
f 682//731 648//1017 649//1018 
f 649//1018 669//718 682//731 
f 669//718 650//1019 651//1020 
f 651//1020 670//719 669//718 
f 864//913 670//719 652//1021 
f 652//1021 653//1022 864//913 
f 857//906 864//913 654//1023 
f 654//1023 655//1024 857//906 
f 850//899 857//906 656//1025 
f 656//1025 657//1026 850//899 
f 843//892 850//899 658//1027 
f 658//1027 659//1028 843//892 
f 836//885 843//892 660//1029 
f 660//1029 661//1030 836//885 
f 829//878 836//885 662//1031 
f 662//1031 663//1032 829//878 
f 822//871 829//878 664//1033 
f 664//1033 665//1034 822//871 
f 815//864 822//871 666//1035 
f 822//871 667//1036 666//1035 
f 666//1035 668//1037 815//864 
f 668//1037 611//980 815//864 
f 665//1034 667//1036 822//871 
f 663//1032 664//1033 829//878 
f 661//1030 662//1031 836//885 
f 659//1028 660//1029 843//892 
f 657//1026 658//1027 850//899 
f 655//1024 656//1025 857//906 
f 653//1022 654//1023 864//913 
f 651//1020 652//1021 670//719 
f 649//1018 650//1019 669//718 
f 647//1016 648//1017 682//731 
f 645//1014 646//1015 689//738 
f 643//1012 644//1013 696//745 
f 641//1010 642//1011 703//752 
f 639//1008 640//1009 710//759 
f 637//1006 638//1007 717//766 
f 635//1004 636//1005 724//773 
f 633//1002 634//1003 731//780 
f 631//1000 632//1001 738//787 
f 629//998 630//999 745//794 
f 627//996 628//997 752//801 
f 625//994 626//995 759//808 
f 623//992 624//993 766//815 
f 620//989 622//991 773//822 
f 618//987 621//990 780//829 
f 616//985 619//988 787//836 
f 614//983 617//986 794//843 
f 612//981 615//984 801//850 
f 610//979 613//982 808//857 
f 383//977 382//923 835//884 
f 386//974 385//978 828//877 
f 388//973 387//975 821//870 
f 814//863 807//856 390//970 
f 392//968 391//972 807//856 
f 394//967 393//969 800//849 
f 396//964 395//966 793//842 
f 398//963 397//965 786//835 
f 343//960 342//961 779//828 
f 345//957 344//959 772//821 
f 347//956 346//958 765//814 
f 349//954 348//955 758//807 
f 350//952 349//954 751//800 
f 352//951 351//953 744//793 
f 354//949 353//950 737//786 
f 356//945 355//948 730//779 
f 359//944 358//946 723//772 
f 361//942 360//943 716//765 
f 363//940 362//941 709//758 
f 364//939 363//940 702//751 
f 366//937 365//938 695//744 
f 368//935 367//936 688//737 
f 370//933 369//934 681//730 
f 372//930 371//932 871//920 
f 374//929 373//931 870//919 
f 375//928 374//929 863//912 
f 377//925 376//927 856//905 
f 379//924 378//926 849//898 
f 842//891 835//884 381//921 
f 871//920 681//730 679//728 
f 869//918 679//728 677//726 
f 868//917 677//726 675//724 
f 867//916 675//724 673//722 
f 866//915 673//722 671//720 
f 865//914 671//720 670//719 
f 870//919 871//920 869//918 
f 862//911 869//918 868//917 
f 861//910 868//917 867//916 
f 860//909 867//916 866//915 
f 859//908 866//915 865//914 
f 858//907 865//914 864//913 
f 863//912 870//919 862//911 
f 855//904 862//911 861//910 
f 854//903 861//910 860//909 
f 853//902 860//909 859//908 
f 852//901 859//908 858//907 
f 851//900 858//907 857//906 
f 856//905 863//912 855//904 
f 848//897 855//904 854//903 
f 847//896 854//903 853//902 
f 846//895 853//902 852//901 
f 845//894 852//901 851//900 
f 844//893 851//900 850//899 
f 849//898 856//905 848//897 
f 841//890 848//897 847//896 
f 840//889 847//896 846//895 
f 839//888 846//895 845//894 
f 838//887 845//894 844//893 
f 837//886 844//893 843//892 
f 842//891 849//898 841//890 
f 834//883 841//890 840//889 
f 833//882 840//889 839//888 
f 832//881 839//888 838//887 
f 831//880 838//887 837//886 
f 830//879 837//886 836//885 
f 835//884 842//891 834//883 
f 827//876 834//883 833//882 
f 826//875 833//882 832//881 
f 825//874 832//881 831//880 
f 824//873 831//880 830//879 
f 823//872 830//879 829//878 
f 828//877 835//884 827//876 
f 820//869 827//876 826//875 
f 819//868 826//875 825//874 
f 818//867 825//874 824//873 
f 817//866 824//873 823//872 
f 816//865 823//872 822//871 
f 821//870 828//877 820//869 
f 813//862 820//869 819//868 
f 812//861 819//868 818//867 
f 811//860 818//867 817//866 
f 810//859 817//866 816//865 
f 809//858 816//865 815//864 
f 814//863 821//870 813//862 
f 806//855 813//862 812//861 
f 805//854 812//861 811//860 
f 804//853 811//860 810//859 
f 803//852 810//859 809//858 
f 802//851 809//858 808//857 
f 807//856 814//863 806//855 
f 799//848 806//855 805//854 
f 798//847 805//854 804//853 
f 797//846 804//853 803//852 
f 796//845 803//852 802//851 
f 795//844 802//851 801//850 
f 800//849 807//856 799//848 
f 792//841 799//848 798//847 
f 791//840 798//847 797//846 
f 790//839 797//846 796//845 
f 789//838 796//845 795//844 
f 788//837 795//844 794//843 
f 793//842 800//849 792//841 
f 785//834 792//841 791//840 
f 784//833 791//840 790//839 
f 783//832 790//839 789//838 
f 782//831 789//838 788//837 
f 781//830 788//837 787//836 
f 786//835 793//842 785//834 
f 778//827 785//834 784//833 
f 777//826 784//833 783//832 
f 776//825 783//832 782//831 
f 775//824 782//831 781//830 
f 774//823 781//830 780//829 
f 779//828 786//835 778//827 
f 771//820 778//827 777//826 
f 770//819 777//826 776//825 
f 769//818 776//825 775//824 
f 768//817 775//824 774//823 
f 767//816 774//823 773//822 
f 772//821 779//828 771//820 
f 764//813 771//820 770//819 
f 763//812 770//819 769//818 
f 762//811 769//818 768//817 
f 761//810 768//817 767//816 
f 760//809 767//816 766//815 
f 765//814 772//821 764//813 
f 757//806 764//813 763//812 
f 756//805 763//812 762//811 
f 755//804 762//811 761//810 
f 754//803 761//810 760//809 
f 753//802 760//809 759//808 
f 758//807 765//814 757//806 
f 750//799 757//806 756//805 
f 749//798 756//805 755//804 
f 748//797 755//804 754//803 
f 747//796 754//803 753//802 
f 746//795 753//802 752//801 
f 751//800 758//807 750//799 
f 743//792 750//799 749//798 
f 742//791 749//798 748//797 
f 741//790 748//797 747//796 
f 740//789 747//796 746//795 
f 739//788 746//795 745//794 
f 744//793 751//800 743//792 
f 736//785 743//792 742//791 
f 735//784 742//791 741//790 
f 734//783 741//790 740//789 
f 733//782 740//789 739//788 
f 732//781 739//788 738//787 
f 737//786 744//793 736//785 
f 729//778 736//785 735//784 
f 728//777 735//784 734//783 
f 727//776 734//783 733//782 
f 726//775 733//782 732//781 
f 725//774 732//781 731//780 
f 730//779 737//786 729//778 
f 722//771 729//778 728//777 
f 721//770 728//777 727//776 
f 720//769 727//776 726//775 
f 719//768 726//775 725//774 
f 718//767 725//774 724//773 
f 723//772 730//779 722//771 
f 715//764 722//771 721//770 
f 714//763 721//770 720//769 
f 713//762 720//769 719//768 
f 712//761 719//768 718//767 
f 711//760 718//767 717//766 
f 716//765 723//772 715//764 
f 708//757 715//764 714//763 
f 707//756 714//763 713//762 
f 706//755 713//762 712//761 
f 705//754 712//761 711//760 
f 704//753 711//760 710//759 
f 709//758 716//765 708//757 
f 701//750 708//757 707//756 
f 700//749 707//756 706//755 
f 699//748 706//755 705//754 
f 698//747 705//754 704//753 
f 697//746 704//753 703//752 
f 702//751 709//758 701//750 
f 694//743 701//750 700//749 
f 693//742 700//749 699//748 
f 692//741 699//748 698//747 
f 691//740 698//747 697//746 
f 690//739 697//746 696//745 
f 695//744 702//751 694//743 
f 687//736 694//743 693//742 
f 686//735 693//742 692//741 
f 685//734 692//741 691//740 
f 684//733 691//740 690//739 
f 683//732 690//739 689//738 
f 688//737 695//744 687//736 
f 680//729 687//736 686//735 
f 678//727 686//735 685//734 
f 676//725 685//734 684//733 
f 674//723 684//733 683//732 
f 672//721 683//732 682//731 
f 681//730 688//737 680//729 
f 679//728 680//729 678//727 
f 677//726 678//727 676//725 
f 675//724 676//725 674//723 
f 673//722 674//723 672//721 
f 671//720 672//721 669//718 
o mesh6
f 872//1038 631//1039 630//1040 
f 630//1040 873//1041 872//1038 
f 874//1042 633//1043 632//1044 
f 632//1044 872//1038 874//1042 
f 875//1045 635//1046 634//1047 
f 634//1047 874//1042 875//1045 
f 876//1048 637//1049 636//1050 
f 636//1050 875//1045 876//1048 
f 877//1051 639//1052 638//1053 
f 638//1053 876//1048 877//1051 
f 878//1054 641//1055 640//1056 
f 640//1056 877//1051 878//1054 
f 879//1057 643//1058 642//1059 
f 642//1059 878//1054 879//1057 
f 880//1060 645//1061 644//1062 
f 644//1062 879//1057 880//1060 
f 881//1063 647//1064 646//1065 
f 646//1065 880//1060 881//1063 
f 882//1066 649//1067 648//1068 
f 648//1068 881//1063 882//1066 
f 883//1069 651//1070 650//1071 
f 650//1071 882//1066 883//1069 
f 884//1072 653//1073 652//1074 
f 652//1074 883//1069 884//1072 
f 885//1075 655//1076 654//1077 
f 654//1077 884//1072 885//1075 
f 886//1078 657//1079 656//1080 
f 656//1080 885//1075 886//1078 
f 887//1081 659//1082 658//1083 
f 658//1083 886//1078 887//1081 
f 888//1084 661//1085 660//1086 
f 660//1086 887//1081 888//1084 
f 889//1087 663//1088 662//1089 
f 662//1089 888//1084 889//1087 
f 890//1090 665//1091 664//1092 
f 664//1092 889//1087 890//1090 
f 891//1093 666//1093 667//1094 
f 667//1094 890//1090 891//1093 
f 891//1093 892//1095 668//1096 
f 668//1096 666//1093 891//1093 
f 893//1097 610//1098 611//1099 
f 611//1099 892//1095 893//1097 
f 894//1100 612//1101 613//1102 
f 613//1102 893//1097 894//1100 
f 895//1103 614//1104 615//1105 
f 615//1105 894//1100 895//1103 
f 896//1106 616//1107 617//1108 
f 617//1108 895//1103 896//1106 
f 897//1109 618//1110 619//1111 
f 619//1111 896//1106 897//1109 
f 898//1112 620//1113 621//1114 
f 621//1114 897//1109 898//1112 
f 899//1115 623//1116 622//1117 
f 622//1117 898//1112 899//1115 
f 900//1118 625//1119 624//1120 
f 624//1120 899//1115 900//1118 
f 901//1121 627//1122 626//1123 
f 626//1123 900//1118 901//1121 
f 873//1041 629//1124 628//1125 
f 628//1125 901//1121 873//1041 
f 628//1125 627//1122 901//1121 
f 626//1123 625//1119 900//1118 
f 624//1120 623//1116 899//1115 
f 622//1117 620//1113 898//1112 
f 621//1114 618//1110 897//1109 
f 619//1111 616//1107 896//1106 
f 617//1108 614//1104 895//1103 
f 615//1105 612//1101 894//1100 
f 613//1102 610//1098 893//1097 
f 611//1099 668//1096 892//1095 
f 667//1094 665//1091 890//1090 
f 664//1092 663//1088 889//1087 
f 662//1089 661//1085 888//1084 
f 660//1086 659//1082 887//1081 
f 658//1083 657//1079 886//1078 
f 656//1080 655//1076 885//1075 
f 654//1077 653//1073 884//1072 
f 652//1074 651//1070 883//1069 
f 650//1071 649//1067 882//1066 
f 648//1068 647//1064 881//1063 
f 646//1065 645//1061 880//1060 
f 644//1062 643//1058 879//1057 
f 642//1059 641//1055 878//1054 
f 640//1056 639//1052 877//1051 
f 638//1053 637//1049 876//1048 
f 636//1050 635//1046 875//1045 
f 634//1047 633//1043 874//1042 
f 632//1044 631//1039 872//1038 
f 630//1040 629//1124 873//1041 
o mesh7
f 902//1126 890//1126 889//1126 
f 889//1126 888//1126 902//1126 
f 888//1126 887//1126 902//1126 
f 887//1126 886//1126 902//1126 
f 886//1126 885//1126 902//1126 
f 885//1126 884//1126 902//1126 
f 884//1126 883//1126 902//1126 
f 883//1126 882//1126 902//1126 
f 882//1126 881//1126 902//1126 
f 881//1126 880//1126 902//1126 
f 880//1126 879//1126 902//1126 
f 879//1126 878//1126 902//1126 
f 878//1126 877//1126 902//1126 
f 877//1126 876//1126 902//1126 
f 876//1126 875//1126 902//1126 
f 875//1126 874//1126 902//1126 
f 874//1126 872//1126 902//1126 
f 872//1126 873//1126 902//1126 
f 873//1126 901//1126 902//1126 
f 901//1126 900//1126 902//1126 
f 900//1126 899//1126 902//1126 
f 899//1126 898//1126 902//1126 
f 898//1126 897//1126 902//1126 
f 897//1126 896//1126 902//1126 
f 896//1126 895//1126 902//1126 
f 895//1126 894//1126 902//1126 
f 894//1126 893//1126 902//1126 
f 893//1126 892//1126 902//1126 
f 892//1126 891//1126 902//1126 
f 891//1126 890//1126 902//1126 
