0 2172 3107 989
0 1482 1744 1295
0 1411 1314 1994
0 1480 524 484
0 2536 2237 1487
0 2429 3114 2182
0 2483 1476 1473
0 2122 723 1471
0 4171 2237 2536
0 1473 1478 2420
0 989 3107 3197
0 972 2350 1682
0 1027 3136 2181
0 505 1025 1812
0 2453 505 1812
0 2158 1994 1314
0 1027 1999 3137
0 794 2358 1484
0 794 2269 695
0 2055 1270 2011
0 484 2358 1480
0 0 2256 2378
0 2019 1080 2068
0 1997 2429 2420
0 4170 772 4169
0 3136 1027 3137
0 1480 2358 794
0 3144 1573 2211
0 1480 601 1479
0 767 2350 972
0 972 3116 767
0 2453 1469 308
0 2506 3137 1999
0 1270 1481 2011
0 1482 2011 1481
0 484 2047 1410
0 2797 1489 772
0 589 2171 1944
0 967 1511 1999
0 2380 2797 2047
0 2047 2797 1410
0 524 1480 1479
0 1270 727 1511
0 2253 3139 2009
0 822 1744 695
0 2021 727 1483
0 2068 1080 3135
0 1605 1026 723
0 2011 1482 2055
0 2466 2350 3102
0 2269 772 822
0 1744 2059 853
0 557 1744 853
0 3110 3114 2429
0 767 3117 2019
0 3110 2429 2158
0 1314 1266 2158
0 2181 2314 2053
0 2506 1999 2021
0 4167 1431 1414
0 1266 3116 972
0 1471 777 2122
0 1730 3143 2466
0 1786 1999 1027
0 964 3107 2172
0 1475 601 1059
0 2429 1997 2158
0 2158 1997 1994
0 967 1106 1511
0 2256 1491 2453
0 1605 1492 2184
0 723 1812 1025
0 1479 912 524
0 3144 3098 2384
0 3144 2211 3098
0 2110 4168 2268
0 4168 2110 1485
0 2384 3098 2172
0 2954 1475 2486
0 4167 1485 1431
0 522 2453 3096
0 2384 2172 1002
0 2211 1573 3096
0 557 1059 1744
0 822 772 4170
0 2053 1951 3125
0 1106 1270 1511
0 2486 2483 1026
0 2184 1490 1605
0 941 1038 2106
0 1485 4167 4168
0 1593 2158 1266
0 1573 2378 522
0 2134 855 1314
0 2954 1479 601
0 2070 1944 2123
0 822 695 2269
0 1026 1490 1354
0 2483 1470 1471
0 1471 1470 777
0 1489 2797 1488
0 2591 2171 2059
0 4171 349 2237
0 4169 772 1489
0 964 777 3114
0 1682 2350 3141
0 1473 2420 1472
0 2380 2047 348
0 2453 1491 505
0 2358 2797 1484
0 484 1410 2358
0 1295 1414 1431
0 3107 964 3114
0 1717 1786 1378
0 1490 1026 1605
0 2021 1999 1511
0 767 2019 2198
0 1488 2797 2380
0 3105 964 2172
0 3105 2172 308
0 1475 1476 2483
0 522 2378 2256
0 912 1479 2954
0 2123 1411 2070
0 723 1026 1471
0 3110 972 1682
0 3197 1682 3140
0 1002 3197 3140
0 1314 3116 1266
0 3117 855 2019
0 3140 1682 3141
0 601 1480 1059
0 3197 3110 1682
0 1730 2466 3102
0 3096 308 2211
0 1354 912 1474
0 1744 1482 2059
0 2194 1717 2071
0 2070 1478 1944
0 308 2172 3098
0 3098 2211 308
0 2420 2182 1472
0 589 1059 557
0 2797 2358 1410
0 855 2134 2106
0 3110 1593 972
0 723 1025 1605
0 4171 2536 2268
0 1994 2070 1411
0 2068 3102 2198
0 2198 2019 2068
0 505 1492 1025
0 2420 2429 2182
0 1431 2055 1482
0 2071 2053 3125
0 3139 3138 1483
0 1511 727 2021
0 2591 2123 1944
0 1270 1485 2110
0 1295 4170 1414
0 1812 777 1469
0 941 1951 2314
0 777 2182 3114
0 1478 2070 2420
0 853 2171 589
0 3110 2158 1593
0 522 2256 2453
0 2110 2268 2536
0 2483 1473 1470
0 1593 1266 972
0 2053 2071 1378
0 2350 2466 3143
0 3141 2350 3143
0 1475 2483 2086
0 2106 1038 1080
0 2086 2483 2486
0 589 1475 1059
0 2009 1483 1487
0 2237 349 2009
0 1270 2110 727
0 727 2110 2536
0 695 1059 794
0 2122 777 723
0 1473 1477 1478
0 2021 3138 2506
0 2453 1812 1469
0 3116 1314 855
0 2019 855 2106
0 1997 2420 1994
0 2070 1994 2420
0 2350 767 3102
0 3135 3102 2068
0 589 1944 1477
0 1106 2591 1481
0 1812 723 777
0 1026 1354 2486
0 3138 2021 1483
0 1717 967 1786
0 941 2314 1038
0 1027 1378 1786
0 1002 3140 2384
0 1485 2055 1431
0 1717 2591 1106
0 1487 2237 2009
0 1717 1106 967
0 3102 2257 1
0 3102 1 1730
0 1474 2954 2486
0 601 1475 2954
0 1473 1472 1470
0 695 1744 1059
0 3197 1002 989
0 1786 967 1999
0 2269 794 1484
0 822 4170 1295
0 1314 1411 2134
0 1717 2194 2591
0 1472 2182 1470
0 964 1469 777
0 3110 3197 3107
0 1411 3125 2134
0 589 557 853
0 2053 2314 1951
0 1951 941 2134
0 349 2253 2009
0 1481 2591 2059
0 1484 772 2269
0 2086 2486 1475
0 1026 2483 1471
0 1944 1478 1477
0 1106 1481 1270
0 2591 1944 2171
0 2194 2071 3125
0 3125 1951 2134
0 964 3105 1469
0 2123 2194 1411
0 1059 1480 794
0 727 2536 1487
0 3096 2453 308
0 1473 1476 1477
0 1487 1483 727
0 589 1477 1475
0 308 1469 3105
0 2053 1378 1027
0 2053 1027 2181
0 1482 1481 2059
0 1295 1431 1482
0 777 1470 2182
0 2106 2134 941
0 2106 1080 2019
0 1477 1476 1475
0 1354 1474 2486
0 912 2954 1474
0 3096 1573 522
0 1484 2797 772
0 822 1295 1744
0 2198 3102 767
0 1411 2194 3125
0 3116 3117 767
0 3107 3114 3110
0 989 1002 2172
0 3117 3116 855
0 853 2059 2171
0 1605 1025 1492
0 2055 1485 1270
0 2071 1717 1378
0 3135 2257 3102
0 2009 3139 1483
0 2591 2194 2123
1 1575 2642 863
1 3273 2814 1447
1 940 3959 3365
1 285 277 1830
1 2647 1941 4385
1 1365 1349 1706
1 3626 4182 2887
1 982 3626 2887
1 4246 4268 1405
1 582 4406 1961
1 876 1971 3574
1 4335 747 3910
1 980 1642 887
1 3834 3858 1929
1 1904 756 873
1 2276 272 877
1 452 333 2889
1 83 4088 3304
1 4330 3594 1620
1 3456 1808 1839
1 4138 134 95
1 3868 95 134
1 1913 123 1449
1 1594 1337 458
1 1044 4197 4550
1 812 959 1774
1 675 939 2839
1 1199 2375 2339
1 1934 1336 2245
1 462 110 142
1 2082 2008 3354
1 2058 2899 1255
1 2225 79 69
1 116 4014 3010
1 956 4479 199
1 1115 3721 1523
1 3866 3361 1890
1 3242 1194 1188
1 2179 3980 833
1 4115 3351 1108
1 3319 1801 3215
1 1286 3184 2684
1 1582 55 63
1 758 3585 2727
1 1664 2547 1205
1 4485 2653 3774
1 205 184 842
1 4152 229 4479
1 1929 3858 3824
1 3839 1000 3441
1 2995 264 4118
1 61 1441 71
1 1331 1302 3971
1 3399 118 140
1 4375 4574 3341
1 3836 3888 1567
1 137 2930 3016
1 1640 413 200
1 4235 149 119
1 79 970 2974
1 4470 3438 554
1 1330 4334 4199
1 1292 4408 150
1 830 1545 1455
1 3211 962 1434
1 4244 1870 1723
1 2348 3961 3241
1 786 785 3373
1 3740 3332 4077
1 176 1972 4464
1 3746 3433 3568
1 342 306 343
1 3989 2292 2440
1 3843 317 1422
1 2842 3368 4441
1 3615 588 4490
1 3287 529 2057
1 3936 3975 3910
1 4121 1564 555
1 1024 4370 3928
1 3822 795 2846
1 6 769 9
1 1213 1212 3960
1 1538 1697 581
1 4317 134 151
1 1113 130 1075
1 180 184 4433
1 202 180 4433
1 99 1374 119
1 2925 2860 4496
1 211 202 4145
1 211 1409 202
1 1505 146 1906
1 1409 3849 1407
1 180 164 1894
1 1438 3263 3093
1 4414 75 80
1 4218 94 125
1 94 1162 125
1 588 1313 3727
1 4039 604 1774
1 4131 3772 2731
1 1160 2896 3658
1 530 3870 3429
1 1614 3164 2897
1 331 306 342
1 1426 1876 3927
1 4347 2632 94
1 391 3579 2851
1 173 170 196
1 173 119 149
1 173 149 170
1 173 99 119
1 4197 4516 4550
1 784 4508 4237
1 4491 241 228
1 179 1665 191
1 4176 698 1665
1 4364 3840 4370
1 2790 2421 3844
1 561 922 3961
1 144 783 4562
1 640 1644 4444
1 4020 1905 1400
1 4276 4277 1962
1 3200 3753 3787
1 1945 218 541
1 1809 2179 4512
1 956 4478 4479
1 4323 4087 1771
1 4015 3922 3993
1 1750 19 4306
1 933 894 3929
1 1111 4397 4391
1 1670 2778 1679
1 4020 1375 1397
1 1013 631 679
1 3216 3703 3172
1 2092 67 2114
1 2755 4324 2327
1 1847 436 745
1 582 1961 436
1 783 4424 4446
1 2579 3802 4347
1 78 67 2092
1 12 2225 7
1 4075 1736 1639
1 585 834 4500
1 661 4030 1607
1 1243 209 722
1 1576 1464 2891
1 1197 1987 4300
1 1985 4302 4303
1 1188 1194 4326
1 3877 968 4307
1 960 2961 2267
1 3309 2451 2368
1 4153 4420 1065
1 4328 1126 1381
1 3921 4589 129
1 470 129 4589
1 2972 4121 555
1 1229 461 2425
1 1872 1231 3536
1 2952 810 1342
1 970 78 2092
1 79 78 970
1 3363 824 329
1 3908 1247 1457
1 4229 830 1455
1 3791 829 1551
1 945 3180 3545
1 1901 1356 4144
1 3746 2926 2104
1 4051 3977 4193
1 802 744 3395
1 548 3913 2028
1 1191 1078 4066
1 753 203 868
1 868 1368 1400
1 1195 3242 4348
1 1368 868 226
1 3827 2065 1854
1 4075 3773 1035
1 1533 4004 2343
1 3347 611 3631
1 1829 4442 3554
1 70 4414 80
1 560 4452 1681
1 2613 2589 3133
1 3548 4329 1206
1 1195 1194 3242
1 4350 4351 691
1 128 155 3929
1 2507 555 4471
1 6 18 769
1 769 18 771
1 27 771 18
1 4203 3518 1794
1 3480 2927 471
1 3851 3169 3438
1 836 1467 757
1 1567 661 4557
1 2633 2430 4312
1 751 1631 1434
1 1892 4291 681
1 3368 2925 4441
1 1078 4350 691
1 1078 691 4555
1 834 4033 836
1 834 1809 4033
1 51 61 40
1 3636 4435 816
1 1009 706 765
1 559 4051 4193
1 559 4193 1259
1 1862 986 980
1 122 152 677
1 985 1865 1254
1 2857 54 978
1 499 1363 1864
1 40 65 57
1 553 559 4094
1 4583 4015 1838
1 150 4408 165
1 1440 1170 1733
1 208 187 1440
1 1130 766 708
1 679 1012 1013
1 1013 1012 1441
1 970 2092 738
1 1013 1441 4362
1 4350 2159 2730
1 1186 4228 1017
1 1111 1104 4397
1 555 4472 4471
1 844 4178 846
1 3090 4278 3479
1 2421 2790 3500
1 4492 1952 1727
1 310 306 298
1 4091 3983 1056
1 3726 2650 3089
1 4548 4258 854
1 1276 3062 4581
1 4415 1240 4411
1 3855 1136 4384
1 2481 860 4381
1 2368 1995 3480
1 2730 4348 4351
1 1500 3633 1524
1 2646 3480 471
1 3580 2646 471
1 3573 875 2436
1 4301 1087 3951
1 2964 4094 1259
1 789 1267 4006
1 1348 536 4273
1 744 1118 3395
1 4327 2710 2739
1 703 2422 1280
1 3309 2368 570
1 3309 570 2052
1 3273 2755 3700
1 2823 2402 1937
1 1732 1174 4074
1 2650 3726 3366
1 3570 4541 4542
1 1950 3570 4542
1 1619 2197 1595
1 2421 1357 3844
1 4531 2922 1077
1 2783 1288 1716
1 3469 706 971
1 3995 1092 1777
1 1130 3827 709
1 1615 1200 3612
1 757 755 835
1 755 757 872
1 183 4430 204
1 166 4430 183
1 1890 1413 3007
1 4512 1355 4499
1 4021 4522 2561
1 3911 4529 4230
1 217 192 4464
1 1686 2876 1855
1 1051 1686 3231
1 1660 703 4580
1 1813 4000 4176
1 3773 1036 1035
1 4570 2137 3433
1 4570 2784 2137
1 782 4367 4365
1 1212 992 889
1 4365 4003 782
1 53 66 3923
1 309 3809 319
1 3809 336 319
1 4033 1809 4512
1 836 835 4500
1 3495 1753 3817
1 4299 2730 2159
1 3929 1243 2680
1 60 1031 4386
1 3047 838 3645
1 1879 1881 168
1 1191 2159 4350
1 4522 4021 4257
1 812 1774 3664
1 1209 210 228
1 4491 210 1681
1 4099 4522 1246
1 4407 3413 1959
1 943 981 986
1 2084 2758 1766
1 943 986 1862
1 2137 4481 3568
1 554 3438 2972
1 796 226 203
1 4201 2611 946
1 1731 3020 934
1 1312 1932 3496
1 821 1312 3496
1 3913 1766 2028
1 4450 1294 591
1 1508 1871 2946
1 1329 3941 1759
1 675 1530 939
1 3843 939 1530
1 4404 992 3963
1 1466 1902 1903
1 1902 871 1903
1 3829 1514 3832
1 1245 4232 4113
1 2794 4097 4122
1 2741 625 1199
1 4235 1374 3010
1 1071 3953 4372
1 1542 3674 1139
1 324 1685 4487
1 4400 1697 991
1 4406 1787 3963
1 4309 1895 1887
1 162 1443 1167
1 1690 4453 1425
1 1513 4309 1887
1 3907 52 44
1 1139 320 310
1 2847 2755 735
1 3386 2650 1818
1 3020 3268 2575
1 2293 3268 3020
1 2829 771 1381
1 2499 3532 2900
1 3035 3705 3401
1 163 140 172
1 43 978 54
1 3247 4085 1506
1 750 3247 1507
1 1946 3120 4482
1 1230 509 3997
1 1721 2783 1716
1 2646 3580 3277
1 2650 3386 1597
1 2920 4481 4425
1 716 1785 3035
1 3327 3583 3624
1 1830 1542 1532
1 3089 2650 1597
1 1035 2983 4075
1 182 1970 203
1 51 1441 61
1 775 776 901
1 1757 2852 1651
1 3784 1533 2343
1 2964 1995 2451
1 3994 3089 1597
1 1995 2964 2927
1 1825 1633 1976
1 3564 1926 3398
1 3768 4387 2998
1 2202 3531 3276
1 2286 1543 1638
1 2657 471 714
1 1088 775 1987
1 4266 4272 1402
1 4244 1857 1870
1 578 4416 3201
1 2028 2758 2607
1 63 1983 74
1 570 3421 2052
1 1338 603 4122
1 1538 581 1740
1 838 4513 3645
1 1571 2505 1301
1 14 7 2225
1 4025 4564 2794
1 3943 4287 153
1 1990 153 1736
1 4287 1736 153
1 1990 138 153
1 3798 1691 4492
1 3697 1726 1173
1 1562 4439 205
1 3943 153 4292
1 153 138 4292
1 1440 1733 208
1 2336 3066 4526
1 2225 67 78
1 2028 4086 548
1 3237 4407 1959
1 4073 1394 1399
1 1632 4294 4289
1 1620 4267 1406
1 3986 450 857
1 181 172 207
1 172 233 207
1 233 172 254
1 267 3228 250
1 267 250 3598
1 825 795 1244
1 1455 829 1459
1 206 1241 1242
1 1970 1019 1460
1 1959 1599 3936
1 2225 59 46
1 2705 1133 3243
1 1638 3620 2286
1 1576 2891 1904
1 1902 1466 1465
1 71 40 61
1 4467 4459 4457
1 1578 1901 1905
1 4375 3009 2585
1 4144 1356 4498
1 1466 1903 754
1 1853 4247 1052
1 3277 1518 4426
1 1571 3904 1850
1 2126 2010 1023
1 1956 4492 4493
1 4345 2459 4334
1 138 1990 929
1 4359 1827 3534
1 3917 4502 2825
1 59 69 1790
1 1787 4404 3963
1 1113 1075 1940
1 1294 343 588
1 3996 1775 3635
1 2611 4201 1794
1 3635 3493 1806
1 264 3989 640
1 3872 2041 556
1 1600 3273 1447
1 2225 58 67
1 2045 1513 1276
1 1920 2104 1946
1 1946 2104 572
1 166 1269 1267
1 162 1167 1748
1 4419 2812 2097
1 4521 4528 4527
1 1247 4527 4528
1 4521 4527 3066
1 1033 4413 4386
1 1186 1017 4525
1 1594 3210 1337
1 1758 1404 4244
1 1816 4365 3030
1 1777 1092 3907
1 2533 1149 1155
1 3540 4487 1685
1 1119 4566 4532
1 4532 4566 1685
1 1620 1406 1641
1 4050 1750 4332
1 1750 4306 4332
1 3319 1802 3954
1 1639 2630 2593
1 3623 2739 1126
1 2077 4523 2434
1 4523 2077 4256
1 1811 2507 4471
1 3947 395 2784
1 1429 1427 3446
1 3989 1516 2292
1 3796 3933 2733
1 3872 1564 2041
1 1557 816 4435
1 4298 3476 1729
1 2917 4447 1688
1 4153 785 4148
1 4121 2972 716
1 2316 3412 2743
1 722 209 231
1 4174 2554 1720
1 1946 572 2400
1 414 259 4058
1 258 4058 259
1 258 259 3365
1 294 4045 286
1 6 40 18
1 4463 1497 1719
1 1088 776 775
1 1548 3766 1553
1 2497 929 2983
1 1962 500 4274
1 1990 2983 929
1 3766 1548 827
1 2819 4130 1976
1 3326 1548 1418
1 1418 1548 1546
1 3981 864 2389
1 188 159 168
1 2077 1015 4256
1 1037 2462 2843
1 2462 1037 2364
1 471 2927 714
1 714 2927 2875
1 3433 3746 2104
1 4057 1043 4494
1 1467 836 4499
1 620 629 2157
1 2368 2451 1995
1 2157 629 1379
1 3977 3258 4193
1 1853 1052 4123
1 271 275 307
1 307 288 271
1 4579 576 2163
1 3275 1671 1672
1 128 4393 155
1 509 1090 1346
1 1145 1381 3148
1 3164 3275 1046
1 2706 613 2845
1 1195 4348 2730
1 696 3266 1120
1 3326 1418 1245
1 630 1975 629
1 4343 38 49
1 2408 2375 3304
1 2407 3240 1806
1 4559 4069 1156
1 4069 4559 1980
1 1135 4411 3281
1 1047 3947 1039
1 1432 4451 923
1 1035 1036 2497
1 4356 4341 3665
1 956 661 1607
1 3763 1628 1801
1 3763 1570 1628
1 4242 3018 3299
1 1604 1610 3808
1 212 239 934
1 1557 3469 971
1 3612 3681 700
1 3429 533 530
1 530 533 2196
1 2196 533 529
1 3390 2197 1619
1 4574 4375 4124
1 614 3508 1623
1 953 2089 743
1 3913 1657 1766
1 1167 4159 791
1 4321 4546 2687
1 1400 1391 4020
1 4148 4417 961
1 4148 785 4417
1 1394 2939 2819
1 4200 2958 4355
1 4363 2246 2958
1 1503 2454 3041
1 1109 1673 1677
1 3369 1677 1673
1 1765 3033 3299
1 1598 3386 2973
1 3128 4394 4397
1 22 2402 30
1 2218 3919 4062
1 1639 414 2630
1 981 4112 888
1 4355 3284 3109
1 609 2698 610
1 862 2693 1707
1 863 862 1707
1 1892 2031 4291
1 3373 1789 4430
1 945 3545 2974
1 3438 4470 4474
1 46 2633 31
1 873 1927 1904
1 2490 1203 699
1 2490 699 3152
1 1163 1893 1894
1 531 1893 1896
1 4259 4521 3066
1 1502 4017 4294
1 155 171 3929
1 1421 4063 940
1 3429 1166 1164
1 1785 2926 3035
1 2104 2926 1785
1 2402 2823 2218
1 844 4361 4178
1 4470 554 2507
1 2679 296 457
1 1915 946 2611
1 1625 3756 3808
1 59 2225 69
1 165 158 179
1 581 1697 4400
1 3717 1558 766
1 3717 4437 1558
1 1288 3066 2336
1 2084 3434 2758
1 1621 1131 48
1 1131 613 2706
1 2758 3434 2607
1 4020 1391 1375
1 1122 4114 1809
1 4549 2076 4392
1 4460 4461 1722
1 306 291 280
1 306 280 269
1 3787 2783 3427
1 4256 4021 4523
1 3647 1732 1133
1 1172 469 4239
1 1640 200 176
1 3256 4381 1795
1 1616 2309 3236
1 1614 2309 1584
1 3628 4061 1802
1 4350 1078 1191
1 306 269 277
1 179 191 165
1 2462 4154 2843
1 4154 2462 2364
1 1073 2560 4017
1 4449 1549 3404
1 3319 2147 1801
1 2084 1656 1310
1 1752 1242 592
1 1950 2348 916
1 539 3204 630
1 2114 67 58
1 4568 2743 3412
1 4449 1168 2665
1 2443 4107 1097
1 949 3762 2285
1 949 2285 2613
1 4026 3791 3788
1 500 3411 1864
1 4243 4242 1764
1 1237 876 120
1 1764 1881 120
1 1434 227 198
1 33 4146 43
1 2741 1199 2712
1 1897 3870 530
1 530 4290 1897
1 2927 1259 2875
1 3787 1288 2783
1 1928 1370 1398
1 4020 1397 4198
1 1392 871 870
1 1397 1392 870
1 187 850 160
1 3361 3134 1890
1 1433 1423 4451
1 1135 958 4411
1 1268 1093 3964
1 2757 3109 1527
1 959 814 1774
1 2823 4234 3919
1 624 4240 531
1 624 531 3474
1 3124 2414 1166
1 639 1648 4093
1 1939 4457 4459
1 3104 1716 4463
1 235 216 1789
1 1789 3373 1067
1 285 306 277
1 1794 1792 840
1 948 103 82
1 613 2584 3741
1 4300 4069 1980
1 1601 1600 4321
1 1601 4321 2687
1 4407 1798 1702
1 889 4405 4401
1 2807 1707 2693
1 79 2225 78
1 3215 1568 3628
1 1627 4023 4105
1 3426 2807 2693
1 680 4081 1720
1 681 4261 3377
1 2638 4375 2585
1 4466 3933 3796
1 3377 4261 839
1 301 291 306
1 813 812 4097
1 4098 2926 3746
1 1204 1810 3958
1 3705 2926 4098
1 1203 2482 4475
1 4470 4477 4580
1 2561 4026 2434
1 2434 4026 3788
1 179 1813 1665
1 4472 4475 2482
1 1887 1895 4310
1 3299 2500 1765
1 340 4476 347
1 1241 592 1242
1 1813 4176 1665
1 179 197 1813
1 1241 4233 592
1 1983 43 54
1 140 163 3024
1 140 3024 3399
1 1946 4482 1920
1 3120 2199 4482
1 3571 1285 3516
1 2238 1366 3660
1 17 3092 26
1 1853 1130 4247
1 63 55 1983
1 23 2225 31
1 2877 1039 3423
1 3993 951 2131
1 3650 710 768
1 3348 710 3650
1 2472 3204 1931
1 258 3365 3959
1 2477 56 64
1 1389 2855 4275
1 400 3065 2093
1 1830 2740 1542
1 801 1906 1116
1 4328 1129 1126
1 3770 4085 749
1 4193 2875 1259
1 3589 478 14
1 1129 3623 1126
1 2430 3520 2393
1 837 2792 3047
1 2144 4080 4293
1 2635 4358 4059
1 3062 1513 1887
1 4589 4422 4423
1 3379 2402 22
1 3379 22 12
1 4073 757 1559
1 1950 4542 1319
1 3561 884 2023
1 2477 48 56
1 4391 4397 4394
1 4149 4391 4394
1 863 236 206
1 236 4063 206
1 1616 4011 2309
1 863 258 236
1 258 3959 236
1 2309 4011 1584
1 1418 1546 1545
1 830 1418 1545
1 4248 3348 4091
1 1009 1008 1049
1 2684 4256 1286
1 542 3797 571
1 1405 4209 4246
1 2497 4262 929
1 1434 962 751
1 3304 2375 3248
1 2547 1664 702
1 942 4182 3626
1 1862 980 3934
1 888 986 981
1 985 1254 496
1 1518 3844 2294
1 3811 1103 2702
1 1103 1988 2702
1 3065 400 2024
1 4354 4185 2125
1 172 96 126
1 401 3051 400
1 1336 401 400
1 3369 1673 1674
1 2219 3676 2045
1 1878 2615 2452
1 1820 1401 1743
1 952 4140 1622
1 120 880 103
1 120 103 1764
1 1886 4242 3846
1 1886 3846 2989
1 1983 55 47
1 168 1881 1883
1 1886 1764 4242
1 2529 2993 2930
1 2503 2481 1094
1 2672 2691 327
1 327 4468 2672
1 296 571 288
1 259 414 238
1 259 238 3365
1 948 82 4318
1 3632 2113 3568
1 4098 2113 3632
1 2084 4541 2516
1 3300 2743 4568
1 1762 3328 1880
1 2219 1094 4135
1 282 275 1922
1 4347 3802 3250
1 3808 4564 4025
1 4097 2794 4564
1 945 946 1915
1 1660 4477 1811
1 188 1209 1971
1 870 869 1397
1 3454 4507 2418
1 1743 2418 4507
1 2330 861 1309
1 1925 757 4073
1 4506 3454 2418
1 2096 1935 2831
1 1163 146 1162
1 23 14 2225
1 1399 1976 1926
1 1399 1926 872
1 1239 1762 1882
1 1762 2908 1882
1 2814 1032 1033
1 4003 4365 1816
1 3273 1032 2814
1 2081 860 1097
1 2633 23 31
1 3204 3355 1931
1 1679 2076 2909
1 3496 611 3347
1 3496 3311 611
1 73 62 1675
1 73 1675 74
1 979 981 1863
1 873 1926 3564
1 868 203 226
1 333 452 340
1 452 4476 340
1 1975 630 2472
1 3093 2190 4160
1 1376 2046 4536
1 2421 3500 393
1 838 756 2891
1 756 1904 2891
1 4553 4388 3219
1 709 3827 1854
1 1693 3539 1696
1 1854 3593 709
1 4154 3423 4482
1 2877 3423 4154
1 3992 4045 2035
1 4181 3250 2947
1 4508 2035 4045
1 4311 3870 2832
1 1917 1940 197
1 1113 1940 1917
1 4358 2329 4059
1 4294 2282 901
1 2616 3508 3530
1 1382 534 3475
1 4075 4419 3773
1 740 4421 4424
1 3475 534 4282
1 835 3047 4500
1 1624 3803 671
1 3644 2585 3623
1 3644 2638 2585
1 396 3407 2686
1 2686 1230 396
1 1894 842 184
1 2585 3009 4032
1 1875 2601 922
1 1976 1399 2819
1 2348 1950 920
1 26 37 40
1 1140 4095 1315
1 3681 1810 1204
1 4462 3973 2684
1 1763 743 2089
1 4241 2315 1765
1 3426 249 2807
1 4057 4538 3365
1 940 3365 4538
1 285 298 306
1 2672 556 1565
1 2672 1565 2691
1 3611 1288 2336
1 685 2497 1036
1 1018 2550 671
1 1288 3611 1716
1 2865 1335 2264
1 2865 3236 1335
1 4039 2163 1738
1 3911 4524 4529
1 2513 4488 2539
1 4308 849 2743
1 848 847 3596
1 4325 3596 847
1 3469 4435 4436
1 4431 4436 4435
1 1532 1139 310
1 2084 4542 4541
1 757 1467 1559
1 1794 3518 1792
1 3369 1674 3218
1 3369 3218 4083
1 1961 4402 3838
1 3984 2516 4541
1 435 4205 4409
1 531 4240 3776
1 4415 958 4384
1 1335 3036 461
1 2615 4415 4384
1 1961 4406 3614
1 280 291 675
1 1695 4208 1579
1 327 2691 318
1 500 1383 4274
1 3385 1388 497
1 1386 1387 3181
1 2679 318 2691
1 570 2646 4426
1 570 2368 2646
1 1512 544 3919
1 16 25 39
1 5 16 39
1 4299 4301 2730
1 10 4568 5
1 3244 948 3566
1 54 2857 62
1 942 985 496
1 556 4472 3872
1 2407 1806 3493
1 1096 1268 3709
1 3233 2232 2948
1 4464 4461 217
1 1023 1018 297
1 3308 175 3573
1 1138 4128 1448
1 231 209 4511
1 4188 2226 1693
1 3874 4502 3917
1 4313 1436 2888
1 2196 1436 4313
1 4478 4576 4479
1 1395 1576 1782
1 554 2972 555
1 2497 2983 1035
1 1533 4019 4004
1 3608 3071 4357
1 3912 1055 3348
1 1069 779 4263
1 861 2330 3403
1 3172 4092 3986
1 3623 1129 3644
1 2753 916 2348
1 2876 1050 1824
1 3892 1854 1054
1 3750 704 1841
1 2567 1865 985
1 3626 2567 985
1 1937 1935 2823
1 1721 3104 3173
1 1534 1829 1658
1 1721 1716 3104
1 1455 4072 1551
1 1455 1551 829
1 289 305 299
1 2705 3243 911
1 39 24 10
1 39 10 5
1 1830 4440 2740
1 899 4558 1156
1 1985 1088 1989
1 1985 776 1088
1 2454 1522 3041
1 876 880 120
1 4316 4240 4315
1 2218 2823 3919
1 788 789 4006
1 1575 1707 2391
1 1201 1575 2391
1 2763 4313 4314
1 687 747 1699
1 3595 4314 4313
1 3918 3486 935
1 4383 2745 3811
1 1043 4086 4466
1 4494 1043 4466
1 4521 4259 4524
1 4062 2303 2218
1 944 885 1692
1 3532 2024 3017
1 3033 2456 4055
1 3033 4055 3364
1 4028 2805 1127
1 2978 961 2605
1 1436 529 2822
1 2822 2562 1436
1 394 3535 1357
1 1334 3939 3586
1 1763 2452 2273
1 1763 2273 743
1 609 1974 3636
1 294 2818 4045
1 294 4237 2818
1 8 13 20
1 3650 3912 3348
1 3676 2219 4135
1 4440 1830 277
1 3809 294 286
1 232 391 4165
1 1095 2081 1097
1 1095 1097 4107
1 1136 4382 4384
1 47 35 1983
1 1532 1542 1139
1 4443 1040 2842
1 3965 3619 1284
1 2331 4539 1339
1 31 2225 46
1 1280 2422 2835
1 3057 1635 3437
1 251 220 413
1 2818 4508 4045
1 4345 4584 4344
1 1741 1737 1375
1 2082 2020 3752
1 293 284 763
1 1824 1050 4247
1 3089 3994 4566
1 4247 708 1824
1 3569 246 3613
1 3569 3313 246
1 1671 3275 4392
1 1614 1589 3164
1 3275 3164 1589
1 2561 4099 4026
1 1737 1338 4122
1 3376 1233 4260
1 1621 1233 3376
1 3778 789 3710
1 3710 113 3778
1 1847 1850 3807
1 4263 4366 3953
1 4263 3953 1069
1 582 1847 3807
1 3884 3874 3200
1 4374 4373 4060
1 3973 4256 2684
1 3836 1567 4446
1 935 3486 1376
1 1040 1042 2937
1 674 2937 1042
1 1407 1114 1409
1 1893 151 1894
1 1595 3532 3600
1 3600 1933 1595
1 2495 143 2541
1 4582 4287 3943
1 3056 3339 4537
1 4507 1820 1743
1 551 3091 1042
1 2935 3249 4019
1 4158 3249 2935
1 583 687 2623
1 675 3091 280
1 2505 745 1302
1 4536 3927 3597
1 1301 2505 1302
1 1301 1302 4192
1 1870 4209 1723
1 3927 1876 3597
1 4112 1110 888
1 1867 2863 2848
1 938 1422 1423
1 1422 938 3843
1 2042 4546 4321
1 3448 542 571
1 2425 461 808
1 4456 2917 3241
1 2910 2605 94
1 1775 2800 3635
1 1559 1467 3686
1 4499 3686 1467
1 1505 1906 801
1 166 1267 3778
1 699 1585 3152
1 278 270 3809
1 4233 626 3248
1 3918 1877 3486
1 3008 3000 4315
1 2952 401 810
1 401 807 810
1 3008 3703 3000
1 3718 3305 2878
1 4376 2559 4389
1 988 2509 670
1 907 1852 4504
1 1334 2771 3939
1 1900 2340 1895
1 1199 2339 2712
1 2774 4443 2928
1 4443 2774 1040
1 1957 3674 4540
1 3674 1537 4540
1 3952 1758 1723
1 1723 1758 4244
1 1820 784 1636
1 2842 2928 4443
1 4507 4508 1820
1 111 3410 3083
1 2023 884 2578
1 4476 4475 3193
1 4475 4476 452
1 4331 1406 4304
1 452 1203 4475
1 1519 1169 1630
1 3348 1055 4091
1 173 117 97
1 737 623 3546
1 3546 623 4087
1 952 2131 4140
1 1062 1856 4024
1 1731 934 686
1 3866 196 170
1 3000 3216 841
1 841 4316 3000
1 1404 1758 4307
1 3180 2393 1790
1 3180 1790 3545
1 4071 3525 828
1 4071 1549 3525
1 1276 1513 3062
1 1508 2946 1867
1 2946 2863 1867
1 1170 1440 204
1 4493 3724 3885
1 4149 1613 4390
1 2205 2964 2451
1 3026 4545 3760
1 3026 1771 4545
1 2896 4127 3487
1 1723 1405 1949
1 1405 1723 4209
1 4094 2964 2205
1 2910 680 2554
1 1620 4271 4267
1 4580 702 4142
1 3056 937 1432
1 303 293 763
1 1579 1609 3772
1 2807 249 2351
1 4046 3846 3033
1 1299 3007 1413
1 994 1703 1702
1 1703 994 4371
1 435 4409 3807
1 413 4265 1211
1 1925 1399 872
1 1321 4357 3979
1 1326 1859 4584
1 116 93 729
1 116 3852 93
1 1205 2690 3575
1 2690 1205 1911
1 724 1021 4194
1 1735 1645 2440
1 265 1645 1735
1 3380 16 5
1 1983 54 62
1 1599 4345 4344
1 3600 3532 2499
1 2351 266 251
1 776 1985 4303
1 62 73 1983
1 1251 3233 2604
1 2562 2840 840
1 1402 3921 4304
1 4304 3921 4339
1 3847 4537 3339
1 1050 1052 4247
1 1751 338 4489
1 3363 338 1751
1 4301 1146 1087
1 4472 2482 1661
1 4586 2489 3341
1 1053 2065 3827
1 1674 1673 1110
1 4311 4309 2442
1 4311 2832 4309
1 4148 961 3878
1 4327 2739 4032
1 3381 861 3403
1 2958 4342 3950
1 716 3035 3401
1 1610 1604 3679
1 1552 3695 1749
1 4514 1519 253
1 2948 2232 2428
1 1995 2927 3480
1 750 962 749
1 962 3211 749
1 2725 1303 4335
1 4187 1303 2725
1 1897 2590 1900
1 2390 4481 2137
1 1341 937 3056
1 1930 3355 2275
1 3834 2275 2450
1 4080 3943 4293
1 4296 1525 2757
1 3699 1356 1901
1 2593 4129 895
1 1595 1933 1619
1 2978 2605 2910
1 3513 3272 4251
1 2729 1158 4082
1 635 669 843
1 620 2729 4082
1 2729 469 1158
1 1334 3586 460
1 1231 1334 460
1 1341 4537 3876
1 3118 4496 3238
1 3874 2973 1818
1 3386 1818 2973
1 271 288 3797
1 410 265 1735
1 1256 45 30
1 58 45 1256
1 275 271 3797
1 1516 1735 2292
1 411 1735 1516
1 4244 1404 4008
1 4244 4008 1857
1 1405 800 3790
1 3211 883 3079
1 4142 702 1664
1 3882 4007 1187
1 3201 4416 2286
1 1371 1322 3528
1 1299 3786 1371
1 3786 4225 1371
1 3897 4373 4369
1 4003 4364 4036
1 4157 3774 4534
1 3775 4160 3034
1 1382 20 534
1 4146 20 1382
1 1250 3906 252
1 1098 300 290
1 1702 1703 3413
1 2508 3401 3705
1 2633 46 3520
1 1924 1861 497
1 3698 300 1098
1 731 729 3172
1 3172 729 4038
1 1601 2755 3273
1 1601 4324 2755
1 3724 3777 923
1 1550 3791 1551
1 1361 2851 392
1 1843 2467 1585
1 3624 4070 3860
1 3715 464 3620
1 2286 3620 464
1 1871 1508 4269
1 3722 4194 4263
1 4053 726 4336
1 1880 1240 2089
1 3508 1880 2089
1 2778 1692 885
1 3884 2973 3874
1 2778 1643 1692
1 1359 282 1922
1 4116 4518 1208
1 3897 3900 1444
1 809 1090 3296
1 247 3528 224
1 1232 3090 1347
1 1231 1232 1347
1 1187 195 224
1 1311 1187 224
1 43 2948 978
1 2728 1932 1312
1 1171 3697 997
1 3487 628 3507
1 628 3487 1932
1 235 3268 255
1 235 255 3799
1 1187 178 195
1 116 3010 3852
1 2430 2393 839
1 1098 290 615
1 206 189 1241
1 3545 69 79
1 1741 1375 1391
1 1794 840 2611
1 3407 1318 458
1 458 2686 3407
1 1657 2520 1310
1 2520 915 1310
1 536 3886 1385
1 1099 3886 536
1 2990 1062 4270
1 2351 251 1211
1 3163 3594 4330
1 3163 4330 3115
1 1598 2973 1817
1 4063 560 206
1 206 560 189
1 1885 4055 1238
1 244 3989 264
1 244 264 2995
1 558 244 2995
1 1389 2941 1963
1 1963 2941 1862
1 2440 1645 3888
1 1941 1103 3811
1 1718 3184 3370
1 2906 2343 821
1 2906 821 818
1 704 3681 1204
1 3591 1941 2647
1 2647 3364 4077
1 250 3581 3598
1 4104 1076 4533
1 3228 230 250
1 3581 250 230
1 4289 4294 901
1 1247 3908 1249
1 1071 3614 1070
1 3953 1071 1070
1 1776 2144 1771
1 1776 2883 2144
1 128 625 2741
1 1960 77 4212
1 1512 3457 544
1 755 837 835
1 1336 400 2093
1 4546 2316 4286
1 1762 1880 3508
1 3612 700 4054
1 1122 4105 4023
1 2561 4522 4099
1 2225 30 45
1 3949 687 583
1 1112 4112 981
1 981 979 1112
1 1649 788 1095
1 946 3436 4201
1 4378 946 945
1 784 1820 4508
1 1643 2696 2857
1 3282 3534 635
1 3534 3336 635
1 1018 671 3252
1 3252 671 3803
1 919 3701 1957
1 1841 3819 3750
1 2673 839 3180
1 3900 4340 4331
1 945 2673 3180
1 775 901 900
1 900 901 2282
1 4332 4305 3072
1 4198 1397 869
1 4540 1142 1957
1 919 1957 1142
1 863 2642 258
1 993 3838 4402
1 4423 4444 4445
1 1644 4445 4444
1 2824 1013 3335
1 814 960 4579
1 2447 4381 860
1 4371 4367 4369
1 1022 4369 4367
1 626 112 83
1 83 112 2702
1 3818 4233 3248
1 2275 3355 2450
1 3611 2336 4520
1 1597 2962 4535
1 3386 2962 1597
1 162 139 173
1 3929 171 1243
1 1243 171 511
1 933 2680 3495
1 933 3929 2680
1 3363 329 338
1 3076 2527 4185
1 4185 2527 2125
1 3076 3092 2527
1 2935 4019 3053
1 1533 3053 4019
1 561 1681 4452
1 4452 922 561
1 1577 1395 1780
1 1783 1780 1395
1 4338 3115 4336
1 2906 818 768
1 1584 3731 4392
1 1246 3289 1016
1 4113 1246 1016
1 4368 993 4372
1 4033 4499 836
1 1287 1497 4463
1 4548 289 4258
1 590 4455 3798
1 1523 3719 1563
1 3777 1429 1432
1 298 1532 310
1 3906 1523 1563
1 1664 3575 1663
1 4315 2785 2841
1 1934 2898 2191
1 4437 823 2698
1 3146 2990 3842
1 823 610 2698
1 4303 4302 127
1 144 4303 127
1 3163 3115 800
1 2670 3444 2377
1 48 2706 32
1 1131 2706 48
1 3412 3380 5
1 435 3940 4205
1 3990 635 843
1 3495 2693 1753
1 1054 1854 2065
1 236 3959 4063
1 979 1864 2933
1 958 1135 1030
1 4367 782 1022
1 782 726 1022
1 4098 3746 2113
1 2113 3746 3568
1 4155 2605 961
1 2173 4127 2896
1 2173 1932 4127
1 1959 3937 437
1 178 162 173
1 4338 4036 1024
1 4415 2716 1240
1 4364 1816 3840
1 3884 1817 2973
1 819 4438 3443
1 3322 2414 639
1 2720 3261 4377
1 3261 2720 3467
1 1648 639 2521
1 171 4393 4396
1 2841 2785 1668
1 3648 3493 2800
1 1895 2340 4310
1 24 39 32
1 173 195 178
1 4030 1567 243
1 1567 1645 243
1 1645 265 243
1 494 2372 4089
1 4273 4089 2372
1 667 634 2216
1 2216 4124 667
1 2650 3366 1818
1 1818 3366 4502
1 4157 1596 2118
1 1522 1151 3041
1 1596 4157 1353
1 1638 1543 108
1 4135 1648 3676
1 1648 4135 2376
1 2554 4174 2978
1 4469 1659 1814
1 195 173 224
1 743 2742 953
1 703 1280 702
1 4580 703 702
1 2186 4249 2754
1 1646 3014 738
1 1402 4304 1406
1 1402 1406 4266
1 685 2339 2408
1 3429 4311 3124
1 4311 2414 3124
1 1347 3090 3479
1 1105 984 4173
1 3592 4239 2735
1 627 3151 1719
1 2763 530 2196
1 2196 4313 2763
1 2163 4039 814
1 3218 3517 4395
1 1678 4395 3517
1 1263 4519 4517
1 604 4039 2571
1 2876 1824 2439
1 2910 2953 680
1 2929 3277 2008
1 1825 4506 2418
1 680 2953 4136
1 1778 2538 3078
1 3787 4259 1288
1 1399 1925 4073
1 1568 3215 1628
1 1568 1628 1570
1 1872 3210 1334
1 3397 4280 3543
1 2613 2285 613
1 2589 2613 613
1 4072 1552 1551
1 2329 2509 636
1 2613 3133 2908
1 2908 3133 1882
1 2520 4544 241
1 751 4544 1631
1 1657 4544 2520
1 2046 3260 2570
1 39 25 36
1 72 81 679
1 2775 3694 3948
1 2775 3948 1594
1 4456 3241 2601
1 4456 2601 1877
1 4278 4279 2694
1 2762 4142 3958
1 1754 3049 4465
1 93 3852 3863
1 570 4426 4096
1 93 3868 4038
1 93 4038 729
1 95 93 3863
1 1576 3785 1464
1 96 2023 2578
1 1576 1395 3785
1 4381 2447 4379
1 2730 4351 4350
1 1741 1338 1737
1 1938 1089 3732
1 1600 1601 3273
1 81 40 71
1 1421 3230 4063
1 4063 3230 560
1 500 1962 3083
1 4276 1962 4274
1 1389 1964 498
1 1318 47 1588
1 4275 1964 1389
1 2293 1731 3719
1 4358 2635 4357
1 1496 1329 1725
1 1759 1725 1329
1 896 2940 2097
1 218 1945 1947
1 2455 2312 2788
1 3718 2878 664
1 4251 664 2878
1 719 4581 3062
1 719 3062 4310
1 2422 1842 2835
1 1843 2550 4156
1 2168 3380 2042
1 3412 2042 3380
1 719 4310 3387
1 1774 814 4039
1 4329 1188 4326
1 4377 4588 688
1 1778 3078 1635
1 2775 1588 1583
1 1719 3151 4501
1 1930 2275 4172
1 4501 3151 2342
1 3276 1028 4325
1 2656 3276 4325
1 3410 500 3083
1 3851 3438 4474
1 193 1757 1044
1 1493 4006 857
1 4550 193 1044
1 4256 3973 4021
1 1525 2454 4342
1 540 1159 620
1 201 1408 221
1 201 221 4569
1 866 3404 1751
1 181 2787 3903
1 2919 2907 3287
1 2549 1412 3047
1 3922 4015 4583
1 2964 1259 2927
1 3695 1747 2539
1 2812 896 2097
1 3585 572 1785
1 3681 1200 1814
1 3681 3612 1200
1 3581 230 213
1 343 1294 4450
1 1424 342 4450
1 2819 1739 4130
1 716 2972 2374
1 716 2374 1785
1 4132 1446 2721
1 1254 1865 1253
1 1253 494 1254
1 267 3613 246
1 267 246 3831
1 3598 3613 267
1 3741 2584 4308
1 548 1044 3119
1 1004 4050 4332
1 4382 3748 2827
1 3748 4128 1138
1 3748 4382 1137
1 3313 223 194
1 3569 223 3313
1 556 2672 4472
1 4488 1749 3695
1 315 304 3252
1 3801 3992 4034
1 3801 4045 3992
1 213 3981 186
1 213 3314 3581
1 240 260 172
1 172 260 254
1 172 194 223
1 240 172 223
1 978 2428 2857
1 3412 2316 2042
1 590 1690 4455
1 693 4572 4103
1 4554 4103 4572
1 4123 1052 911
1 4123 911 3243
1 3997 4282 534
1 1500 1156 4180
1 1302 1331 4192
1 1331 4012 4192
1 4180 1156 4069
1 2822 3287 682
1 3437 1635 2656
1 3981 2389 511
1 186 3981 511
1 2860 773 3847
1 3876 4537 3847
1 4395 4390 3218
1 3629 3259 2495
1 3808 3756 4564
1 3552 4498 2913
1 3552 832 4498
1 4249 4563 2754
1 4563 3759 2754
1 504 2696 3142
1 2910 2554 2978
1 2855 3543 4280
1 4184 272 276
1 4358 4361 2329
1 2509 2329 4361
1 60 50 1031
1 1031 50 1447
1 1028 2327 4325
1 2721 1446 3760
1 3721 2291 1523
1 4322 3760 1446
1 3571 2670 3370
1 3370 2670 2377
1 807 3130 462
1 810 807 462
1 413 1211 251
1 4419 2097 3773
1 4151 4407 3237
1 4061 3954 1802
1 4145 4090 3824
1 2408 4262 685
1 1380 1379 2556
1 1757 3119 1044
1 2197 3390 1011
1 4023 2147 1122
1 3819 3657 3750
1 4125 1615 1535
1 4420 4153 852
1 3748 1137 3259
1 43 4146 2948
1 1618 3036 1617
1 809 3536 1090
1 1090 3536 1346
1 4558 4559 1156
1 1897 1895 3458
1 2832 3458 1895
1 2455 2788 1324
1 1324 2788 3905
1 2316 4546 2042
1 775 4069 4300
1 775 900 4069
1 4183 1197 4066
1 3486 2885 1376
1 2766 3425 4057
1 1842 2637 3625
1 75 64 39
1 532 3287 2057
1 2057 2831 532
1 1842 3625 2835
1 60 4386 70
1 2888 3595 4313
1 4190 2836 2291
1 452 2889 699
1 281 1603 4009
1 4132 2721 1103
1 1591 1619 2944
1 837 755 756
1 1647 1309 738
1 1309 861 738
1 3705 483 2893
1 1517 2842 4441
1 3142 1582 504
1 4431 1974 607
1 3024 152 122
1 906 908 4147
1 307 296 288
1 1174 3624 3860
1 57 65 4573
1 1674 3517 3218
1 3438 3169 2972
1 1155 1150 2533
1 1078 4555 4572
1 1206 3009 4349
1 3319 3954 3334
1 4549 2909 2076
1 4500 3047 2226
1 3838 1298 583
1 848 909 1804
1 1804 909 3762
1 1422 317 325
1 325 1424 1422
1 1424 325 331
1 4228 3788 1244
1 2443 1276 4107
1 2443 1097 2503
1 1182 1181 4561
1 1380 2157 1379
1 540 2157 1380
1 3568 4481 2920
1 4286 4100 4546
1 4324 4546 4100
1 199 4565 956
1 4557 956 4565
1 894 2375 1199
1 1355 4512 2179
1 315 307 304
1 40 49 38
1 3078 2538 4087
1 616 1718 3370
1 533 3429 1164
1 1766 2758 2028
1 1141 1140 1315
1 826 3615 4490
1 3615 826 591
1 1590 4108 2909
1 2219 2443 2503
1 1094 2219 2503
1 107 1779 1653
1 2000 4122 4097
1 4122 2000 1737
1 1126 2739 1381
1 1569 2961 814
1 1611 1569 1627
1 2941 498 943
1 4215 3904 1496
1 4484 4488 4509
1 4484 3556 1749
1 4488 4484 1749
1 1112 2943 4112
1 1055 3983 4091
1 4132 1103 3591
1 1664 1663 4142
1 2186 1612 3342
1 631 4387 679
1 1699 747 4335
1 220 200 413
1 4037 3941 1329
1 4037 1329 3904
1 1562 4434 4439
1 4439 4434 4090
1 1239 1882 3376
1 3376 4413 1239
1 749 3211 3606
1 4342 2454 1503
1 2968 4398 3369
1 806 2342 1077
1 4188 4105 1122
1 1809 4188 1122
1 3839 3441 3445
1 1897 1900 1895
1 805 2118 2342
1 1242 862 206
1 2310 1010 634
1 525 2354 1565
1 2529 4464 192
1 1160 3658 4070
1 693 4103 694
1 694 4066 693
1 571 1898 3448
1 1898 571 296
1 1785 2374 3585
1 4455 1425 2736
1 2560 2282 4017
1 833 1466 754
1 3445 3441 1262
1 1202 2490 1281
1 8 1983 15
1 1913 4582 123
1 4582 1805 123
1 3230 922 4452
1 3436 3315 4201
1 819 2343 2906
1 3912 3892 1055
1 478 4291 2031
1 1246 4113 4229
1 852 109 132
1 30 2402 1083
1 46 59 3520
1 2031 3379 478
1 1763 1878 2452
1 942 496 3181
1 1386 3181 496
1 2903 4285 4280
1 4280 4285 4275
1 1659 4469 3977
1 4280 4275 2855
1 681 3377 2907
1 3240 948 3244
1 4463 1719 4134
1 4445 1644 3836
1 2046 3238 4536
1 1526 2455 1503
1 2940 2643 685
1 2712 2339 2643
1 1503 2455 1324
1 2616 2908 1762
1 818 976 768
1 1964 2996 498
1 233 3581 3314
1 498 2996 1863
1 2998 4387 631
1 814 3763 1569
1 3356 764 4248
1 2097 2940 3773
1 17 26 40
1 2785 624 1900
1 4142 1663 3958
1 2653 4534 3774
1 1839 2800 2883
1 2562 2888 1436
1 1776 1839 2883
1 2888 2562 1792
1 1937 1892 1935
1 3648 1808 3993
1 2131 3648 3993
1 4259 3066 1288
1 785 786 4417
1 3276 3097 2279
1 1238 2315 2273
1 1238 2273 1885
1 3302 2930 3924
1 917 916 1688
1 3570 916 917
1 2212 2294 1037
1 2294 3535 1037
1 1393 2939 1394
1 1394 874 1393
1 2778 885 1679
1 436 1847 582
1 4114 3980 2179
1 1901 832 4056
1 3527 1209 228
1 3574 1210 2436
1 3014 1647 738
1 1647 3014 4062
1 4140 2365 2500
1 1156 1500 1524
1 4157 2118 805
1 209 2389 4511
1 172 181 163
1 333 3803 2889
1 2889 3803 1624
1 1203 452 699
1 4051 559 4473
1 2933 1864 3411
1 4211 215 190
1 4249 2186 3342
1 1081 3644 1129
1 1081 2638 3644
1 4323 3026 4322
1 4323 1771 3026
1 2159 1191 1980
1 1202 1661 2490
1 1646 2303 3014
1 3322 1512 1166
1 1783 319 1780
1 1783 784 309
1 3322 1166 2414
1 3964 4093 1648
1 911 3514 1132
1 911 1132 2705
1 1191 4300 1980
1 4455 3967 3798
1 1427 3967 4455
1 3785 1395 1577
1 3705 3035 2926
1 4341 3037 3665
1 3037 4297 1527
1 3331 4341 4356
1 4136 801 744
1 1505 801 4136
1 1522 2454 1525
1 3284 4360 4356
1 4397 1104 677
1 2929 2790 3844
1 2294 1357 3535
1 461 1229 2264
1 461 2264 1335
1 3831 1017 2178
1 2636 472 758
1 1617 1335 3236
1 4323 3546 4087
1 2919 3287 532
1 3523 4501 806
1 3085 213 230
1 83 2702 1988
1 1988 4320 106
1 553 4094 2724
1 1594 3948 2771
1 135 626 4233
1 3081 3597 1876
1 1876 4454 3081
1 1603 4208 4009
1 4583 1838 3057
1 1838 1635 3057
1 2814 1033 4386
1 3058 539 4082
1 301 306 317
1 746 1303 3971
1 4335 1303 1699
1 4187 3971 1303
1 3665 1527 1323
1 3231 1686 3263
1 2593 4075 1639
1 1438 3231 3263
1 1557 971 708
1 1824 708 971
1 3658 3507 1157
1 738 2114 1646
1 2092 2114 738
1 1421 1875 3230
1 1875 922 3230
1 757 835 836
1 1232 460 2264
1 2865 2264 460
1 1083 1256 30
1 1719 1497 4462
1 428 3738 2880
1 1932 3311 3496
1 2173 3311 1932
1 1497 3973 4462
1 2578 884 111
1 3246 1689 1514
1 4507 3075 2035
1 1963 1958 1389
1 2989 3846 4385
1 455 881 1572
1 1777 3907 34
1 1750 1777 34
1 2680 722 3495
1 3679 1607 1630
1 2623 687 746
1 746 687 1699
1 1382 3475 2372
1 1382 2604 3233
1 1382 2372 2604
1 2696 504 1675
1 3855 958 1030
1 2696 1675 2857
1 495 1254 3213
1 2041 525 1565
1 2508 525 2041
1 4547 1241 168
1 4276 4283 4277
1 154 4277 176
1 116 730 136
1 116 136 4014
1 4298 769 3476
1 551 1042 1040
1 3622 1846 4341
1 2731 3321 3539
1 3539 2549 2731
1 4165 4569 232
1 4411 958 4415
1 1546 3695 1545
1 993 3928 1072
1 3524 1438 3093
1 3990 843 4363
1 4363 2958 3990
1 73 74 1983
1 1780 319 336
1 2607 3434 1652
1 1652 2733 2607
1 949 3530 4319
1 2741 2712 91
1 4189 4157 2924
1 391 4031 3579
1 4515 1686 1855
1 1686 4515 3263
1 3238 4078 4539
1 75 39 80
1 1658 1140 1534
1 4543 1140 1658
1 305 290 300
1 39 36 50
1 2343 819 3784
1 2556 610 823
1 1622 3018 2640
1 4355 3109 4200
1 3109 2757 4200
1 2640 2407 1622
1 3861 3383 844
1 3580 471 2657
1 2817 1642 1677
1 4398 2817 1677
1 894 3818 3248
1 4588 4377 3261
1 3903 152 3024
1 3395 1118 1115
1 457 296 307
1 4396 152 171
1 677 152 4396
1 3356 4248 3728
1 539 3058 2058
1 3822 2846 864
1 1133 2705 4239
1 264 4556 4041
1 264 640 4556
1 640 218 4556
1 4041 4556 218
1 908 907 4147
1 1990 1736 2983
1 1603 274 4034
1 1642 980 1109
1 133 115 4111
1 133 4111 1019
1 2740 2984 1542
1 1879 120 1881
1 159 1879 168
1 1054 2065 913
1 4432 815 4436
1 746 745 2623
1 859 1094 2481
1 4381 859 2481
1 859 4381 2129
1 3281 1884 3930
1 2490 2482 1203
1 410 4467 215
1 2801 3048 865
1 896 2812 1734
1 1621 3376 3133
1 3299 3033 3846
1 3554 3916 1829
1 3625 1911 2835
1 1341 939 938
1 939 1341 674
1 2694 1387 1386
1 880 876 881
1 3040 1173 3890
1 1719 4462 1718
1 1146 4301 4558
1 2836 3268 2293
1 817 1555 976
1 2710 903 3148
1 799 3148 903
1 1355 3686 4499
1 1558 708 766
1 1448 1446 3332
1 1448 3409 1446
1 1044 4086 4197
1 616 627 1718
1 804 2924 627
1 1627 4105 1611
1 168 1883 4383
1 2917 4456 4454
1 2364 1037 3535
1 539 2058 3204
1 1843 3693 2467
1 3718 3126 1696
1 4383 135 4547
1 3126 1693 1696
1 3514 1050 1051
1 4491 915 241
1 1051 910 3514
1 3818 894 3817
1 2757 1525 4200
1 2428 1692 1643
1 3818 1752 592
1 3549 774 1155
1 30 2225 22
1 2058 3058 2899
1 3632 3568 2920
1 1893 3776 151
1 1623 2089 953
1 1656 1766 1657
1 2635 4352 4357
1 4352 1325 4357
1 2503 1097 860
1 1039 3835 1047
1 1505 2953 4218
1 3385 497 1861
1 1101 3538 1136
1 1101 2202 3538
1 3071 4358 4357
1 1992 4379 2447
1 733 4379 1992
1 1657 1631 4544
1 3162 1528 1325
1 4297 3881 799
1 1806 3240 3244
1 3635 1806 3244
1 756 755 873
1 2666 4238 3001
1 3001 4238 4186
1 2202 2495 3538
1 3291 3149 1268
1 3291 1268 3964
1 2495 2202 2279
1 1643 2857 2428
1 786 145 4417
1 3831 246 4254
1 4325 4100 4286
1 1323 1527 3109
1 1686 1051 2876
1 1821 4186 1338
1 4291 4312 4076
1 1231 1347 1348
1 3918 935 3081
1 1085 2249 636
1 1085 636 4552
1 765 815 1284
1 2742 4143 953
1 4143 2742 951
1 1811 1661 1202
1 3660 3444 4480
1 1722 4480 2670
1 2670 4480 3444
1 3415 2902 3608
1 988 636 2509
1 1618 1617 2897
1 1617 1614 2897
1 1776 1771 4087
1 3119 1757 1651
1 2372 494 2604
1 3997 534 13
1 3411 500 3410
1 4497 2810 4022
1 4055 2456 1238
1 2315 1238 2456
1 3092 4298 3622
1 1313 588 335
1 2640 4243 3240
1 1678 1112 3352
1 1112 2933 3352
1 688 4348 3242
1 1244 1891 825
1 583 1298 3949
1 874 2709 1398
1 1370 2939 1393
1 1393 1398 1370
1 863 206 862
1 625 3929 894
1 2444 3486 1874
1 1382 3233 4146
1 3256 1795 2955
1 1512 2096 1166
1 1164 2096 2831
1 4511 2389 1181
1 4362 4360 3335
1 4362 3331 4360
1 1493 450 2447
1 395 1047 1840
1 395 1840 3693
1 2081 1493 2447
1 1571 1301 4037
1 3929 625 128
1 1149 4297 799
1 799 903 1149
1 4359 3534 3282
1 1251 2604 494
1 279 4102 3012
1 1918 2790 2929
1 1918 2929 2008
1 4083 3218 4390
1 132 150 852
1 4420 852 150
1 3256 1793 3894
1 3894 2888 3518
1 3078 623 143
1 3958 1810 4473
1 124 999 105
1 114 4199 4334
1 1504 105 92
1 2245 1336 2093
1 3112 2906 768
1 1244 3788 1891
1 958 3855 4384
1 1244 3228 4228
1 2893 1898 525
1 1898 2354 525
1 1036 2940 685
1 1036 3773 2940
1 47 3407 35
1 743 2315 3431
1 685 4262 2497
1 758 472 2400
1 1107 982 1108
1 1108 1672 1107
1 327 307 337
1 3954 4061 1800
1 2637 4154 2364
1 536 1348 1099
1 4017 1321 1073
1 2805 4131 1127
1 1887 4310 3062
1 3124 1166 3429
1 307 326 333
1 4468 337 347
1 4476 4468 347
1 2725 2848 2863
1 2190 3557 3034
1 3263 3557 2190
1 2947 3250 3459
1 4481 2390 2126
1 2390 4156 2126
1 499 1964 1390
1 3256 3208 4381
1 2578 3302 96
1 3302 126 96
1 1947 2020 3879
1 3752 2020 1947
1 2282 4294 4017
1 1729 3881 4297
1 1729 4297 3037
1 4472 555 3872
1 3816 680 4136
1 1927 3564 3398
1 873 3564 1927
1 327 337 4468
1 3598 3581 254
1 1210 1209 3527
1 1808 3456 4015
1 3319 3215 1802
1 4042 3988 4139
1 3208 4380 3149
1 1794 4380 3208
1 4107 1276 4581
1 2226 1412 1693
1 1073 1321 3979
1 241 4544 4519
1 3608 4357 1321
1 241 4519 3527
1 2906 3112 819
1 1093 1096 2966
1 33 43 1983
1 478 3589 4291
1 4291 3589 4312
1 1551 1552 1749
1 4290 2763 4314
1 2801 865 2596
1 3115 3938 800
1 3938 3115 724
1 802 3395 1117
1 1892 2919 1935
1 2226 3047 1412
1 3415 1321 1845
1 1621 2589 1131
1 2589 613 1131
1 4529 4217 3541
1 3040 913 4074
1 3040 4074 3860
1 1324 4353 4342
1 1841 394 3290
1 1375 1392 1397
1 1434 883 3211
1 881 3229 880
1 1230 3296 509
1 3296 1230 2686
1 1742 1392 1375
1 872 1926 873
1 4337 3877 1213
1 755 872 873
1 2948 4146 3233
1 788 4006 1493
1 1199 625 894
1 4068 4206 3738
1 1082 57 4573
1 1872 1334 1231
1 117 1748 3716
1 2971 631 2824
1 1668 2590 1969
1 3008 4315 2841
1 396 1983 35
1 910 1051 3231
1 1377 3053 877
1 3703 3216 3000
1 4180 900 1967
1 504 1582 63
1 3163 800 4269
1 2527 4341 2125
1 1197 4300 1191
1 2769 1325 1528
1 4324 1601 2687
1 1914 999 124
1 998 1572 4106
1 2246 2310 634
1 2571 4039 1738
1 2939 2571 1738
1 4214 2925 4141
1 143 623 2541
1 4087 623 3078
1 4554 988 670
1 3851 715 3169
1 4206 4068 467
1 1693 3126 4188
1 2589 1621 3133
1 560 1681 4448
1 4448 189 560
1 4515 4505 3263
1 279 290 305
1 4548 279 305
1 3253 3782 1866
1 605 3759 4563
1 2709 1559 3686
1 4068 4109 467
1 2556 611 1380
1 823 3631 2556
1 4213 121 3266
1 708 4247 1130
1 2312 3162 2788
1 2455 2985 2312
1 815 4432 4434
1 1093 4093 3964
1 3539 1412 2549
1 1046 2817 4398
1 842 1894 151
1 2312 1528 3162
1 4352 2788 3162
1 4296 1149 2533
1 1666 4155 961
1 4561 864 865
1 2365 4241 2500
1 2500 4241 1765
1 2421 3290 1357
1 552 4469 463
1 463 4469 1814
1 614 3530 3508
1 2390 2784 4156
1 1753 3818 3817
1 980 888 1109
1 1200 4000 1814
1 3520 59 1790
1 1428 1339 936
1 463 1814 4000
1 148 126 3924
1 1361 3605 2851
1 602 1384 4530
1 3794 4530 1384
1 4003 1816 4364
1 3158 3500 2790
1 3029 4295 2985
1 20 1983 8
1 2672 4468 3193
1 4230 4231 828
1 763 284 3946
1 1561 4437 3717
1 3017 2903 2900
1 823 4437 1561
1 3865 990 4401
1 3865 890 990
1 470 3620 100
1 1277 845 1278
1 3647 1133 4239
1 307 275 282
1 3340 1933 1618
1 4355 2246 3284
1 3201 84 578
1 1104 3352 2933
1 2445 3607 3118
1 3574 1971 1209
1 4138 151 134
1 1110 4112 2943
1 588 343 335
1 2178 267 3831
1 3269 4274 1383
1 4274 3269 4281
1 3718 1696 3321
1 2902 4178 3071
1 3608 2902 3071
1 681 2907 2919
1 681 2919 1892
1 4230 828 1457
1 3525 1457 828
1 1286 1285 3571
1 1286 1015 1285
1 40 57 49
1 3867 3799 255
1 3867 255 257
1 255 4190 257
1 3849 257 4190
1 544 4093 1647
1 4093 1093 1647
1 4358 3071 4361
1 3409 4323 4322
1 1688 4447 3246
1 917 1688 3769
1 2990 4270 3842
1 704 700 3681
1 704 3750 700
1 1884 4411 3328
1 820 861 3381
1 1874 3486 1877
1 2727 759 758
1 3835 2877 2637
1 3835 2637 1842
1 4092 3172 3703
1 3794 2539 1185
1 905 1733 1439
1 2499 2425 808
1 3905 4359 3282
1 1280 2547 702
1 2547 1280 2835
1 4260 4413 3376
1 3017 2900 3532
1 4008 1948 3253
1 2020 2657 3879
1 33 20 4146
1 1612 3521 3126
1 3521 4188 3126
1 4088 2408 3304
1 977 229 3770
1 245 229 4152
1 245 3770 229
1 4235 4236 149
1 984 2933 3411
1 272 4184 283
1 3281 3930 2667
1 116 729 730
1 876 2436 875
1 876 875 881
1 1811 4471 1661
1 885 944 1865
1 1865 944 1253
1 4452 560 3230
1 4151 3988 4042
1 3940 1755 4205
1 1611 4105 3521
1 3722 4210 4194
1 4210 3722 4333
1 2225 12 22
1 3604 1826 4223
1 3878 4174 2866
1 194 172 177
1 3988 3237 4067
1 688 4349 2489
1 1829 3723 4442
1 4386 4413 4414
1 1229 4278 3090
1 3441 1000 998
1 60 39 50
1 1618 3600 3036
1 2814 1031 1447
1 4196 4092 3703
1 342 1424 331
1 72 40 81
1 2607 2733 3933
1 4497 3980 2810
1 1661 4471 4472
1 1251 1253 944
1 753 515 190
1 1253 1251 494
1 1428 936 3446
1 1911 3625 1769
1 3340 2944 1933
1 679 81 1012
1 4465 3049 3392
1 4517 3247 3976
1 1718 2684 3184
1 3184 3571 3370
1 499 1864 979
1 3392 4495 4465
1 4299 4559 4558
1 3314 2787 181
1 96 172 98
1 2529 192 2993
1 194 2993 192
1 4427 147 4562
1 4506 3214 605
1 4506 1825 3214
1 1497 1287 4257
1 3851 2724 1258
1 4147 1171 1767
1 3633 2769 1528
1 174 165 191
1 150 165 174
1 1109 1110 1673
1 1441 1012 71
1 3536 1348 1346
1 1129 4328 4343
1 3133 3376 1882
1 2978 3878 961
1 4474 4142 3751
1 39 70 80
1 827 1548 3326
1 1249 3326 1245
1 1808 2800 1839
1 199 4427 4562
1 307 282 297
1 4141 3118 3607
1 4027 4504 1307
1 4587 1277 157
1 1935 4234 2823
1 1405 2776 1949
1 3291 2376 859
1 2125 4341 3331
1 3269 535 4281
1 1138 1448 3332
1 223 3569 240
1 4484 2653 3556
1 4484 4509 2653
1 2653 4509 4534
1 1848 109 87
1 3023 87 109
1 1062 2990 1304
1 66 53 41
1 132 109 1848
1 1913 1449 3839
1 1261 1913 3839
1 41 77 66
1 3109 3284 1323
1 1448 737 3409
1 4298 3092 17
1 245 3985 3770
1 4265 4129 1211
1 4555 988 4572
1 4552 636 988
1 2666 263 4238
1 3342 1612 3718
1 858 1096 3709
1 4380 858 3709
1 604 2938 3664
1 714 1257 4119
1 4119 2657 714
1 3607 2445 3392
1 4251 2878 3513
1 842 3882 205
1 842 4007 3882
1 3459 2340 1936
1 4310 2340 3387
1 3193 4475 4472
1 2672 3193 4472
1 2374 3169 2727
1 3291 859 2129
1 3585 2374 2727
1 1948 3955 4305
1 3072 4305 3955
1 2616 1762 3508
1 4314 1969 4290
1 226 2666 1368
1 1368 2666 3001
1 4314 4253 1969
1 4333 3952 1949
1 178 1443 162
1 3946 3443 4438
1 3016 2930 3302
1 561 3961 920
1 4221 4102 273
1 60 70 39
1 1961 3614 4402
1 1071 4402 3614
1 4223 1826 4048
1 304 1018 3252
1 1418 830 1245
1 620 4082 629
1 1906 202 1116
1 3200 3917 3753
1 1769 2637 2364
1 4509 2513 4531
1 4222 3069 512
1 3331 4356 4360
1 1355 2179 833
1 1743 1633 1825
1 1960 4401 4205
1 1960 4205 1755
1 428 1439 3738
1 1439 4068 3738
1 3425 940 4538
1 3014 2303 4062
1 4216 4333 1949
1 3664 1774 604
1 2508 3705 525
1 395 3693 1843
1 91 2643 110
1 2131 951 2365
1 1505 4218 125
1 4308 2584 909
1 1505 125 146
1 1162 146 125
1 3308 1208 175
1 4151 4042 1798
1 544 1647 4062
1 3852 1374 1403
1 3868 841 4038
1 4134 1719 4501
1 190 215 4457
1 1287 3611 1016
1 2131 2365 4140
1 929 4262 106
1 3508 2089 1623
1 199 4562 4565
1 1810 1659 3977
1 3681 1659 1810
1 4046 3364 2647
1 2791 3916 3554
1 2940 110 2643
1 32 39 48
1 860 2081 2447
1 1577 4177 4010
1 1936 2340 1900
1 2216 634 1010
1 1010 4551 2216
1 1213 4264 1212
1 753 4056 831
1 2762 3958 4473
1 3587 1537 762
1 3598 254 260
1 2885 2444 3425
1 2885 3425 2766
1 3922 951 3993
1 1627 1801 4023
1 1801 1627 1569
1 624 1936 1900
1 157 1277 1278
1 180 1894 184
1 4184 322 314
1 1597 4535 3994
1 940 4063 3959
1 3261 669 4389
1 1896 1163 4181
1 1163 1896 1893
1 101 1586 128
1 101 128 2741
1 1983 396 15
1 946 4378 3403
1 3403 4378 3381
1 1518 4096 4426
1 3425 4538 4057
1 91 462 3130
1 2968 3340 3164
1 1727 1952 3832
1 3531 1101 2847
1 1101 3855 2847
1 949 4319 3762
1 2196 529 1436
1 888 1110 1109
1 3458 3870 1897
1 2832 3870 3458
1 3305 1629 1608
1 667 3335 634
1 1613 1934 2361
1 3911 4230 4528
1 307 347 337
1 307 340 347
1 4008 3253 1759
1 4520 1016 3611
1 2445 4495 3392
1 1841 3290 3819
1 682 2907 2840
1 877 1533 2276
1 3336 1085 4552
1 3336 1978 1085
1 3423 1039 4570
1 3433 1920 4570
1 1920 3423 4570
1 4257 1287 1016
1 3961 2601 3241
1 3961 2348 920
1 956 1607 4025
1 3802 4084 3873
1 4426 2646 3277
1 3997 8 15
1 1277 4175 4223
1 1703 995 1697
1 942 3181 3385
1 3181 1387 3385
1 1254 495 496
1 495 1385 496
1 3000 4316 4315
1 3631 611 2556
1 3983 3890 4503
1 3890 1726 4503
1 4561 865 3048
1 716 3401 4121
1 4018 322 334
1 4287 4582 1909
1 2851 3605 4483
1 1943 1945 541
1 1722 4461 1972
1 189 168 1241
1 166 786 4430
1 145 786 166
1 4235 3010 4236
1 850 4236 4014
1 615 290 3012
1 279 3012 290
1 3736 4022 4498
1 3048 4510 1182
1 1555 709 3593
1 1891 1550 825
1 825 2596 2846
1 3408 4249 2193
1 1257 3258 552
1 4173 3410 884
1 3661 3278 266
1 3661 266 249
1 1636 784 1783
1 1395 1636 1783
1 2439 971 706
1 1760 4141 3607
1 3488 1600 1447
1 339 4227 4177
1 1765 2315 2456
1 1282 1768 1535
1 1282 1535 1615
1 730 729 731
1 4182 3385 1861
1 4182 1861 2887
1 47 1318 3407
1 4414 70 4386
1 1365 1171 997
1 1658 3916 3984
1 3908 1457 3185
1 2902 3415 4585
1 2425 4101 3397
1 4537 1341 3056
1 2490 1661 2482
1 4288 124 4289
1 1517 4441 4214
1 4214 4441 2925
1 2861 3749 1517
1 320 1313 335
1 3474 1896 2947
1 4242 4243 3018
1 1894 164 1163
1 3361 170 149
1 1933 2944 1619
1 1244 795 3228
1 3158 1361 3500
1 1095 788 2081
1 4438 764 763
1 1718 627 1719
1 805 3151 627
1 856 3787 3427
1 856 3427 3173
1 4298 17 769
1 769 17 9
1 105 1504 124
1 3366 2825 4502
1 1326 4584 4345
1 1804 3762 4319
1 1948 3782 3253
1 1040 773 3368
1 3817 894 933
1 4090 4224 3824
1 3607 3392 1760
1 3315 1794 4201
1 84 3201 107
1 1790 2393 3520
1 1779 107 3201
1 1640 1734 413
1 4067 747 2767
1 2742 743 3431
1 1891 3791 1550
1 3446 1427 1428
1 1053 3243 2065
1 3965 815 4434
1 670 2509 844
1 4258 4217 854
1 3984 3434 2516
1 3436 3403 2330
1 946 3403 3436
1 3258 3977 4469
1 552 3258 4469
1 3861 844 846
1 2490 3152 1281
1 881 4111 882
1 1614 1584 1589
1 881 875 4111
1 2730 4301 3951
1 743 2273 2315
1 3431 951 2742
1 1934 2245 2361
1 1087 4326 3951
1 1195 3951 4326
1 3036 808 461
1 3328 4411 1240
1 3548 1188 4329
1 3571 3516 2670
1 393 3783 3657
1 1720 109 2866
1 3152 1585 1281
1 1245 4113 1249
1 326 307 315
1 3459 3250 3387
1 3873 3387 3250
1 4311 3429 3870
1 1754 2791 3049
1 3595 2888 1793
1 3894 1793 2888
1 1741 1821 1338
1 4542 1310 1319
1 215 4211 4514
1 4361 844 2509
1 803 1076 804
1 843 668 2310
1 2310 2246 4363
1 2472 630 3204
1 1974 2472 1931
1 1948 4305 3782
1 4583 3122 3558
1 1117 3395 1115
1 3939 2771 4011
1 802 1060 131
1 3454 4506 605
1 3272 3454 3408
1 1596 4531 1077
1 1596 1077 2118
1 3971 4187 1331
1 4028 1695 2805
1 3399 3561 118
1 3788 3791 1891
1 4551 4574 4124
1 738 861 970
1 1359 2270 1023
1 4436 815 3469
1 71 1012 81
1 172 118 98
1 1441 4354 4362
1 1922 275 3797
1 902 4289 901
1 3115 4338 724
1 3613 260 240
1 3399 3024 122
1 3122 3057 848
1 3863 1403 3716
1 1964 535 1390
1 2713 4285 535
1 2713 535 1964
1 2640 3018 4243
1 1858 3146 4267
1 1858 1859 3146
1 2439 1824 971
1 504 63 74
1 2206 1811 1202
1 3816 131 4081
1 4081 131 114
1 3229 455 1000
1 881 455 3229
1 864 2846 865
1 1268 4380 3709
1 2847 1030 3899
1 2656 4325 847
1 2276 1533 3784
1 3443 2276 3784
1 4004 1312 2343
1 3937 3413 4399
1 3413 1703 4399
1 4258 3541 4217
1 3862 1706 1705
1 2459 4345 1599
1 3408 3454 605
1 3660 4480 2238
1 2745 1941 3811
1 4551 1010 3419
1 1245 830 4232
1 3476 769 2829
1 3421 2212 3199
1 1146 904 1151
1 4482 3423 1920
1 2812 4419 895
1 4160 3775 3032
1 3032 1364 3524
1 3984 4541 4543
1 4090 4432 4224
1 1342 142 4283
1 1137 3538 3259
1 1859 1326 1304
1 2579 4084 3802
1 1167 791 1748
1 894 3248 2375
1 345 4487 4489
1 1053 4123 3243
1 3302 3924 126
1 4035 3775 4206
1 3769 1688 3246
1 607 4432 4431
1 4432 4436 4431
1 4309 2832 1895
1 2163 576 1739
1 2883 1775 2144
1 94 88 2579
1 94 4155 88
1 113 88 4155
1 113 2579 88
1 3919 2096 1512
1 3809 321 332
1 3728 4248 4091
1 1828 2902 4585
1 2907 682 3287
1 3627 4281 2385
1 4281 535 2385
1 233 3314 207
1 1380 611 3311
1 1439 1733 996
1 877 283 292
1 1902 1465 3699
1 1356 3699 1465
1 1906 146 164
1 3813 1528 2312
1 138 929 106
1 138 106 742
1 2104 1920 3433
1 3158 3605 1361
1 3158 3765 3605
1 1596 1353 4531
1 4509 4531 1353
1 3518 4203 3894
1 2966 858 2330
1 1591 2968 3369
1 1828 4585 3604
1 3952 4307 1758
1 4015 4065 1838
1 1679 2567 1107
1 3459 1936 3474
1 1261 3839 3445
1 2714 551 4440
1 1512 3322 3457
1 4404 1787 3447
1 825 1550 2596
1 529 3287 2822
1 4327 4032 1206
1 2729 620 1159
1 4229 1455 1459
1 1246 4229 1459
1 1708 157 1278
1 1708 1278 167
1 3988 4067 4139
1 3892 1054 3889
1 3892 3889 3983
1 1054 913 3889
1 328 4184 323
1 2679 1898 296
1 2354 2679 2691
1 3457 4093 544
1 1767 3862 3825
1 172 148 177
1 799 3881 3148
1 1762 1239 3328
1 903 1155 1149
1 4332 3072 1004
1 1519 265 253
1 265 1519 243
1 4057 4516 4197
1 3431 4241 2365
1 4140 3018 1622
1 2130 4058 2642
1 1324 4342 1503
1 3390 1619 1591
1 2385 4285 3627
1 4000 1200 1662
1 3538 2495 3259
1 2822 682 2562
1 307 333 340
1 911 1052 3514
1 2058 1255 3204
1 531 1896 3474
1 2327 4100 4325
1 4555 4552 988
1 2430 2633 3520
1 4187 4246 4012
1 41 68 76
1 1099 3479 3886
1 504 74 1675
1 4520 2336 4526
1 3824 3858 234
1 3796 1754 4465
1 257 3849 234
1 257 234 3858
1 1579 4208 1609
1 1950 916 3570
1 1912 1262 1914
1 1262 1912 3079
1 1805 3943 3635
1 4184 292 283
1 2541 623 737
1 535 4285 2385
1 624 3474 1936
1 3766 3185 1531
1 1871 4269 4268
1 910 1438 1132
1 1438 1172 1132
1 840 1915 2611
1 1210 3527 3308
1 4077 3332 4132
1 3026 3760 4322
1 3342 664 2193
1 3598 260 3613
1 4462 2684 1718
1 4434 4432 4090
1 291 1530 675
1 2694 3673 1387
1 4176 1662 4125
1 4176 4000 1662
1 3488 1447 36
1 2168 3488 36
1 4046 3033 3364
1 181 207 3314
1 2917 4454 4447
1 2275 3834 4172
1 4369 4373 893
1 4467 4457 215
1 2694 1386 3886
1 4278 2694 3886
1 3419 1010 668
1 668 1010 2310
1 2946 1871 2725
1 2206 3324 1660
1 4046 2647 4385
1 4215 1496 4202
1 703 672 2422
1 968 1404 4307
1 3321 1629 3305
1 1083 2303 1256
1 1646 1256 2303
1 4448 210 188
1 3075 3272 3542
1 40 9 17
1 2785 4240 624
1 4315 4240 2785
1 3503 4449 3404
1 1168 4449 3503
1 1082 4343 49
1 58 1646 2114
1 2292 1735 2440
1 90 87 3023
1 90 4334 87
1 114 90 3023
1 26 3076 37
1 2430 4261 4076
1 1659 3681 1814
1 3493 3648 952
1 147 1914 124
1 147 124 4288
1 3566 948 4318
1 1926 1633 3398
1 4062 3919 544
1 4312 23 2633
1 4108 1670 2909
1 694 3219 4126
1 1056 1852 3728
1 2800 1775 2883
1 1861 3934 887
1 3542 3513 4250
1 4250 3513 1608
1 1861 887 2887
1 96 3561 2023
1 3016 3302 2578
1 4184 312 323
1 4583 3558 3922
1 1708 190 1938
1 1642 2817 3351
1 3523 3173 3104
1 2202 3276 2279
1 610 1379 1975
1 4327 4329 3549
1 1420 3525 1549
1 3377 839 1791
1 3219 4554 4553
1 916 2753 1688
1 2590 4290 1969
1 2590 1897 4290
1 3838 583 1961
1 4018 314 322
1 2729 2735 469
1 2735 4239 469
1 2024 1350 3017
1 2495 2279 143
1 4328 1381 771
1 2955 1795 4043
1 2093 1011 2245
1 3284 4356 1323
1 1024 724 4338
1 4114 3334 3980
1 3299 3846 4242
1 2216 4551 4124
1 3569 3613 240
1 6 9 40
1 4226 4222 321
1 41 29 21
1 1187 1443 178
1 1625 1568 3756
1 4545 2144 4293
1 865 2846 2596
1 2801 4485 3048
1 1575 2130 2642
1 338 345 4489
1 2971 667 4124
1 3627 1350 2024
1 841 3868 4317
1 1261 3445 883
1 3948 3694 3731
1 1633 1743 3398
1 980 986 888
1 1385 495 3213
1 3213 536 1385
1 615 3012 2825
1 1571 1850 2505
1 186 2787 213
1 982 4115 1108
1 1642 3351 4115
1 3467 668 843
1 2665 1553 1531
1 746 1302 745
1 3334 4114 3319
1 3319 4114 2147
1 4203 3256 3894
1 2908 949 2613
1 1752 3818 1753
1 862 1752 2693
1 3676 2414 2442
1 2414 4311 2442
1 4131 2731 3450
1 4533 1352 1182
1 1181 1352 4511
1 249 4511 3661
1 2246 4360 3284
1 3241 2753 2348
1 1584 3275 1589
1 864 4561 1181
1 3034 4160 2190
1 4252 4043 2988
1 2733 1754 3796
1 47 55 1588
1 172 140 118
1 1105 4173 122
1 1376 3597 935
1 118 3561 98
1 327 318 307
1 3290 394 1357
1 3941 4037 1301
1 16 3380 25
1 909 2584 3762
1 2285 3762 2584
1 4077 3591 2647
1 3813 1524 1528
1 3647 4239 3592
1 4519 1263 3527
1 1881 1764 1886
1 619 3867 3834
1 1009 1049 2439
1 3943 1805 4582
1 48 39 56
1 56 39 64
1 4149 128 1586
1 814 959 3763
1 2989 4385 2745
1 1747 1548 1553
1 401 2952 3051
1 3606 3079 1912
1 1877 1875 1874
1 2601 1875 1877
1 2733 1652 1754
1 4266 1406 4270
1 3486 2444 2885
1 874 1559 2709
1 688 4588 690
1 690 4348 688
1 922 2601 3961
1 3545 79 2974
1 10 24 4568
1 4568 24 3300
1 400 3051 3627
1 4184 328 344
1 675 2839 3091
1 1862 1924 1963
1 1096 858 2966
1 583 2623 1961
1 2928 1537 2984
1 4427 3606 1912
1 2740 2928 2984
1 2193 664 4251
1 3272 2193 4251
1 1688 2753 2917
1 4381 4379 1795
1 171 186 511
1 3581 233 254
1 3007 225 196
1 741 4423 4421
1 3434 2084 2516
1 4558 4301 4299
1 1284 4133 765
1 3104 4134 3523
1 393 3290 2421
1 1118 1114 1115
1 1114 3721 1115
1 3134 1413 1890
1 4508 4507 2035
1 4421 740 741
1 3041 1526 1503
1 1681 561 4491
1 667 2824 3335
1 2787 3314 213
1 3760 4320 2721
1 2615 4382 3880
1 2452 2615 3880
1 4438 763 3946
1 1348 3536 1231
1 4536 3597 1376
1 1364 3032 3058
1 4038 841 3216
1 4339 4331 4304
1 1618 1933 3600
1 2168 1600 3488
1 722 2680 1243
1 4292 742 4293
1 4292 4293 3943
1 4332 4306 4305
1 3130 807 2191
1 1519 1800 1169
1 3119 3913 548
1 3534 1978 3336
1 3796 4494 4466
1 1039 3947 4570
1 4570 3947 2784
1 1890 3007 3866
1 3007 196 3866
1 3759 605 3214
1 1230 15 396
1 3698 1119 4532
1 192 217 3313
1 4087 2538 1776
1 4574 4586 3341
1 4574 3419 4586
1 588 3727 4490
1 3185 1420 1531
1 837 756 2792
1 2792 756 838
1 4388 4175 4587
1 840 1792 2562
1 11 1866 4
1 2690 704 3575
1 3575 704 1204
1 1769 2364 394
1 394 2364 3535
1 2218 2303 1083
1 942 3626 985
1 582 3807 3447
1 2958 4200 4342
1 2840 2907 3377
1 1652 2791 1754
1 4157 4189 2588
1 3387 2340 3459
1 3514 910 1132
1 470 3715 3620
1 4198 1578 4020
1 3215 3628 1802
1 3629 2541 737
1 1356 3736 4498
1 111 884 3410
1 1363 500 1864
1 4189 2924 804
1 3243 913 2065
1 3631 823 1561
1 1805 3566 4318
1 3244 3566 3635
1 4107 4581 4346
1 719 4346 4581
1 105 999 4106
1 105 4106 1572
1 1500 798 3633
1 3112 768 710
1 2690 1911 1769
1 2993 3924 2930
1 200 2238 4480
1 4392 3275 1584
1 3214 1825 4130
1 816 2698 3636
1 609 3636 2698
1 1107 1672 1671
1 3415 3608 1321
1 4331 1641 1406
1 1641 4331 4340
1 803 2377 3444
1 72 4387 4573
1 679 4387 72
1 3892 3983 1055
1 2709 754 3966
1 1398 2709 3966
1 3459 3474 2947
1 2827 4055 1885
1 2035 3075 3992
1 1672 1046 3275
1 2724 4094 1258
1 2938 1742 1737
1 4014 4236 3010
1 904 899 3029
1 753 868 4056
1 4254 246 217
1 246 3313 217
1 3847 2937 3876
1 604 2571 2938
1 194 177 2993
1 4252 3008 2841
1 1420 3460 1531
1 2665 1531 3460
1 4211 465 4514
1 4279 2425 3397
1 45 58 2225
1 677 4396 3128
1 4202 42 53
1 42 4202 1496
1 4583 3057 3122
1 2888 1792 3518
1 798 2560 1073
1 4389 669 3336
1 820 970 861
1 1646 58 1256
1 2130 2630 4058
1 3365 238 4516
1 674 1042 2839
1 4425 4481 3461
1 1523 2291 3719
1 3719 2291 2293
1 2694 4279 3673
1 4356 3665 1323
1 2840 3377 1791
1 2928 762 1537
1 3775 3034 4206
1 869 1902 3699
1 315 3252 3803
1 4136 2953 1505
1 585 1809 834
1 1555 1561 3717
1 4534 1353 4157
1 2246 4355 2958
1 1108 1046 1672
1 2503 860 2481
1 2550 1585 671
1 143 3097 3078
1 98 3561 96
1 2279 3097 143
1 1649 1095 4107
1 1649 4107 4346
1 4065 2538 1778
1 3162 1325 4352
1 3979 1325 2769
1 3979 4357 1325
1 4322 1446 3409
1 2206 1281 3324
1 3674 1313 1139
1 741 3675 3743
1 1404 968 3955
1 1557 708 1558
1 4102 279 273
1 960 814 2961
1 3718 3321 3305
1 4084 790 4346
1 1334 3210 2771
1 1872 1337 3210
1 4035 1255 2899
1 2709 3686 754
1 1355 754 3686
1 3772 1629 2731
1 318 457 307
1 186 3903 2787
1 1578 3699 1901
1 4486 3404 866
1 4198 3699 1578
1 1840 2422 672
1 4463 4134 3104
1 578 3732 1089
1 885 2567 1679
1 3476 2829 1145
1 338 329 305
1 4082 539 630
1 988 4554 4572
1 3997 13 8
1 2807 2391 1707
1 1135 3281 3899
1 3586 3939 1616
1 82 103 880
1 948 4243 103
1 103 4243 1764
1 3998 29 1725
1 3998 1759 1866
1 674 3876 2937
1 674 1341 3876
1 3954 4022 2810
1 1379 629 1975
1 4445 4421 4423
1 316 3698 4532
1 1151 1522 2533
1 1151 2533 1150
1 2057 529 533
1 2057 533 1164
1 3701 826 4490
1 1828 846 4178
1 1033 1032 3930
1 4184 303 312
1 3419 2720 4586
1 4193 3258 2875
1 1739 2939 1738
1 3467 2720 668
1 2940 142 110
1 1166 2096 1164
1 3790 800 3938
1 1751 1549 4071
1 4468 4476 3193
1 3401 2508 4121
1 2508 1564 4121
1 824 305 329
1 1677 1642 1109
1 3748 1138 2827
1 2704 4158 2935
1 2774 2740 4440
1 2774 4440 551
1 3700 2847 2667
1 938 937 1341
1 4316 3711 4240
1 3711 4316 841
1 2836 255 3268
1 255 2836 4190
1 3867 619 3799
1 1407 3849 4190
1 4513 838 4220
1 1648 2521 3676
1 3743 464 3715
1 3272 3408 2193
1 2887 4115 982
1 1519 465 1800
1 1660 4580 4477
1 3906 1115 1523
1 3809 286 278
1 1022 4340 3900
1 3172 4038 3216
1 305 824 313
1 1956 1952 4492
1 1211 2391 2351
1 3521 1612 1694
1 2186 1694 1612
1 2885 2766 3260
1 392 2851 3579
1 1854 3912 3593
1 1723 1949 3952
1 395 1843 4156
1 1089 1938 1939
1 301 1530 291
1 2784 395 4156
1 1852 1273 3728
1 1426 1425 1876
1 607 1931 1930
1 464 1779 3201
1 2442 4309 1513
1 1992 450 4092
1 699 2889 1624
1 2245 1011 2361
1 3736 1356 4497
1 4497 4022 3736
1 1653 1779 3675
1 1425 4453 1876
1 3981 3822 864
1 3208 2129 4381
1 1101 3531 2202
1 3521 4105 4188
1 3860 4074 1174
1 3743 3675 464
1 2219 2045 2443
1 3743 3715 470
1 1961 2623 436
1 789 1649 790
1 790 1649 4346
1 613 3741 2845
1 2575 3268 1067
1 2575 3373 1065
1 2575 1067 3373
1 1507 4519 4544
1 3243 1133 1732
1 3243 1732 913
1 3399 884 3561
1 3399 122 104
1 4173 104 122
1 228 210 4491
1 3983 3889 3890
1 2407 952 1622
1 1614 3236 2309
1 4261 2430 839
1 995 1703 893
1 905 1439 428
1 150 132 1292
1 2940 896 4418
1 4003 4338 4336
1 4392 2076 1671
1 1107 1671 2076
1 4070 3658 997
1 3575 1204 1663
1 1611 2961 1569
1 1732 4074 913
1 42 29 41
1 1514 1689 1690
1 1689 4453 1690
1 4011 3948 3731
1 740 3675 741
1 1164 2831 2057
1 3751 4142 2762
1 895 4075 2593
1 4075 895 4419
1 4184 293 303
1 3786 1299 1413
1 1209 188 210
1 1853 3827 1130
1 813 4564 3756
1 1960 1755 3923
1 3665 3037 1527
1 3476 1145 3881
1 3801 274 270
1 751 1507 4544
1 1850 4215 435
1 2082 3354 2020
1 3766 1531 1553
1 305 316 324
1 2985 3813 2312
1 576 3759 3214
1 2972 3169 2374
1 2031 1892 1937
1 1663 1204 3958
1 4132 3332 1446
1 3386 1598 2962
1 3173 3523 3430
1 4207 428 4505
1 1583 1582 3142
1 4573 4387 3768
1 3075 3454 3272
1 834 836 4500
1 1082 49 57
1 2638 3768 2998
1 216 4109 996
1 1255 4035 2450
1 4535 1168 3503
1 1157 3507 1161
1 1349 1157 1161
1 309 4237 294
1 108 1543 130
1 917 3769 1317
1 1138 3332 3740
1 3163 1508 3594
1 1185 2665 3942
1 4451 3885 923
1 305 313 299
1 2893 525 3705
1 1668 1969 2841
1 1281 1585 2467
1 2829 1381 1145
1 34 44 41
1 3354 2008 3580
1 4184 344 341
1 345 305 330
1 305 345 338
1 324 330 305
1 832 831 4056
1 831 832 2458
1 3379 12 478
1 3020 2575 934
1 4265 895 4129
1 3341 3009 4375
1 1346 3475 4282
1 4216 2776 3790
1 177 148 2993
1 3887 4060 1444
1 3887 1444 4339
1 4442 4141 1760
1 4214 4141 4442
1 4187 1871 4246
1 1871 4268 4246
1 1898 483 3448
1 899 1146 4558
1 899 904 1146
1 3363 4231 3442
1 3552 2458 832
1 3120 1946 2400
1 3809 309 294
1 1741 1391 1821
1 3530 614 4319
1 885 1865 2567
1 1384 2922 3794
1 1384 4150 2922
1 1727 3798 4492
1 857 4410 731
1 4181 2632 3250
1 4347 3250 2632
1 4024 4245 4266
1 465 2458 3552
1 1286 3571 3184
1 4034 4250 2856
1 3623 2585 4032
1 1433 938 1423
1 1466 833 4497
1 4257 1016 3289
1 1782 1401 1636
1 3256 4203 3208
1 4574 4551 3419
1 1956 1142 3074
1 3587 3074 1142
1 2877 4154 2637
1 997 1157 1349
1 470 1770 3743
1 269 280 2714
1 2843 4482 2199
1 2843 2199 3199
1 4398 3164 1046
1 2691 1565 2354
1 4308 2845 3741
1 4308 3300 2845
1 802 1117 1060
1 3597 3081 935
1 1612 3126 3718
1 2440 1644 640
1 4589 4423 1770
1 2736 1427 4455
1 3918 3081 4454
1 208 1413 3134
1 1298 4403 4042
1 4042 3949 1298
1 1693 1412 3539
1 4566 3540 1685
1 1324 3905 4353
1 3324 703 1660
1 672 703 3324
1 1075 1089 1939
1 97 117 1403
1 2899 3032 3775
1 1000 89 82
1 1449 89 1000
1 3910 4067 3936
1 3237 3936 4067
1 4215 1850 3904
1 3536 809 1872
1 4136 744 3816
1 4553 4554 3861
1 709 1555 3717
1 269 2714 4440
1 269 4440 277
1 1507 4517 4519
1 1069 1070 1823
1 1182 4561 3048
1 3204 1255 3355
1 316 305 300
1 3366 615 2825
1 245 4152 4238
1 2767 4139 4067
1 4111 1460 1019
1 1800 2913 4022
1 3076 26 3092
1 4031 391 252
1 2293 3020 1731
1 1610 1625 3808
1 4486 3540 4566
1 2839 1042 3091
1 939 674 2839
1 4474 4580 4142
1 4185 51 37
1 37 3076 4185
1 737 3546 3409
1 3816 744 802
1 1374 99 97
1 1403 1374 97
1 2941 1389 498
1 32 2845 24
1 3300 24 2845
1 3049 2791 3554
1 1040 2937 773
1 1408 1115 1250
1 1117 1115 1408
1 4486 866 3540
1 4123 3827 1853
1 3431 2315 4241
1 3843 1530 301
1 317 3843 301
1 3832 1315 3829
1 877 3053 1533
1 1040 2774 551
1 1727 590 3798
1 41 44 52
1 664 3342 3718
1 4249 3342 2193
1 32 2706 2845
1 4378 820 3381
1 235 3799 4109
1 4514 465 1519
1 2089 2716 1878
1 3540 4489 4487
1 3674 3727 1313
1 588 3615 1294
1 4216 4210 4333
1 1172 1438 3524
1 2434 4523 2561
1 1795 2341 4043
1 4379 2341 1795
1 2125 4362 4354
1 4095 4543 4578
1 4095 4578 3246
1 3146 3842 4267
1 1406 4267 3842
1 1420 1457 3525
1 4449 3460 1549
1 1420 1549 3460
1 4016 1695 4028
1 3955 968 3072
1 968 4337 3072
1 3185 1457 1420
1 248 225 1299
1 3341 2489 3009
1 3009 2489 4349
1 3606 977 3770
1 1783 309 319
1 1616 3939 4011
1 1081 4573 3768
1 3674 1957 3727
1 2407 3493 952
1 164 180 1906
1 1349 4158 1705
1 765 706 815
1 815 706 3469
1 268 3528 247
1 173 268 247
1 3863 3852 1403
1 4119 4117 2657
1 1047 3835 1842
1 1352 3278 3661
1 1352 3129 3278
1 3661 4511 1352
1 4235 119 1374
1 1425 1426 2736
1 3942 2665 1168
1 2843 3199 1037
1 763 764 3356
1 3942 1168 2962
1 3627 2024 400
1 3970 686 239
1 239 686 934
1 4422 4589 169
1 541 169 1943
1 4203 1794 3208
1 3089 4566 1119
1 1119 3726 3089
1 95 3868 93
1 2052 2199 3120
1 472 2052 3120
1 4202 53 3923
1 1049 1008 4505
1 607 1974 1931
1 999 1914 3441
1 3441 1914 1262
1 857 4006 4410
1 1395 1782 1636
1 288 571 3797
1 1172 1364 4179
1 4096 2212 3421
1 4096 3421 570
1 3260 1376 2885
1 3409 3546 4323
1 1874 1421 940
1 1421 1874 1875
1 2197 3065 1595
1 4212 3865 4401
1 52 890 3865
1 1011 3065 2197
1 4296 1522 1525
1 4140 2500 3018
1 2928 2740 2774
1 1331 4187 4012
1 41 53 42
1 4208 1695 4009
1 2377 804 616
1 4041 1947 3879
1 719 3387 3873
1 4206 3034 3557
1 826 3885 591
1 813 4097 4564
1 3843 938 939
1 4533 3129 1352
1 742 4545 4293
1 4320 4545 742
1 1294 3615 591
1 4539 3339 936
1 953 4143 614
1 3922 3558 4143
1 4271 1867 1858
1 1868 1858 1867
1 3524 4160 3032
1 4486 4535 3503
1 3946 276 3443
1 293 4184 284
1 3729 323 312
1 2847 3855 1030
1 4382 2615 4384
1 92 105 1572
1 3336 4552 4389
1 4376 4389 4552
1 1371 268 248
1 3904 1329 1496
1 1040 3368 2842
1 2861 1517 4214
1 3528 1322 1311
1 3834 2450 619
1 41 28 34
1 4027 4147 4504
1 620 2157 540
1 11 41 21
1 3410 4173 984
1 847 3437 2656
1 3437 848 3057
1 299 3956 289
1 4547 4233 1241
1 2731 1629 3321
1 3864 1922 542
1 278 4045 3801
1 3801 4034 274
1 2173 1380 3311
1 2173 540 1380
1 994 1798 3030
1 1722 3516 4460
1 2635 4059 1827
1 1964 499 2996
1 979 1863 2996
1 1371 248 1299
1 3976 4518 4116
1 4215 1755 3940
1 1404 1948 4008
1 121 3732 578
1 3266 102 84
1 84 102 578
1 1751 4489 866
1 3836 1644 3888
1 1343 2952 1342
1 3540 866 4489
1 2571 2939 1370
1 719 3873 4346
1 2041 1565 556
1 2861 4214 3723
1 4400 1292 581
1 4408 1292 4400
1 2168 2042 4321
1 1600 2168 4321
1 3731 3694 1590
1 41 4 19
1 41 11 4
1 41 19 28
1 4545 1771 2144
1 1561 1555 817
1 3347 1561 817
1 3890 3889 3040
1 3531 735 3276
1 3729 3728 1273
1 3729 1207 3728
1 934 1066 212
1 472 3120 2400
1 3847 773 2937
1 2489 4586 688
1 1900 2590 1668
1 224 3528 1311
1 4239 2705 1172
1 1748 791 3716
1 3716 791 4138
1 1132 1172 2705
1 4272 4589 1402
1 628 1161 3507
1 1161 628 3249
1 396 35 3407
1 1649 789 788
1 2330 858 3436
1 4478 956 4025
1 3210 1594 2771
1 1159 540 3327
1 3934 1924 1862
1 4208 2856 1609
1 1617 3036 1335
1 1284 815 3965
1 3787 856 3200
1 4207 4505 1667
1 3880 4382 1885
1 2452 3880 1885
1 4035 4206 467
1 3528 268 1371
1 1578 1905 4020
1 3335 1013 4362
1 1959 3936 3237
1 1350 4285 2903
1 2045 2442 1513
1 323 908 328
1 3782 4 1866
1 3627 4285 1350
1 1594 1318 2775
1 1318 1588 2775
1 3445 1262 3079
1 3448 483 2448
1 1359 1023 297
1 3595 4253 4314
1 4043 4253 2955
1 2955 4253 3595
1 883 3445 3079
1 3983 4503 4504
1 3884 3173 1817
1 1620 1641 4053
1 1250 252 232
1 3008 4252 2988
1 1959 3413 3937
1 1393 874 1398
1 1423 1422 1424
1 3040 3860 1173
1 948 3240 4243
1 315 3803 326
1 333 326 3803
1 4518 226 796
1 2710 1381 2739
1 4511 249 231
1 2330 1309 2966
1 341 334 4184
1 1551 3565 1550
1 2801 1550 3565
1 3010 1374 3852
1 4339 1444 4331
1 1850 435 3807
1 3807 4409 3447
1 2448 3632 2920
1 532 2831 1935
1 3074 3587 1141
1 3836 4424 4421
1 740 783 1653
1 3697 1173 4070
1 3260 2046 1376
1 891 3960 1212
1 1049 4515 1855
1 907 908 1273
1 4486 3994 4535
1 1811 2206 1660
1 2052 3421 2199
1 2212 1037 3199
1 1365 997 1349
1 1438 910 3231
1 1543 4416 1075
1 4148 2866 852
1 863 1707 1575
1 2848 4584 1868
1 1011 2093 3065
1 312 303 3729
1 999 3441 4106
1 1149 4296 4297
1 4407 1702 3413
1 1972 176 200
1 2440 640 3989
1 3587 762 1517
1 795 825 2846
1 817 818 821
1 821 3496 3347
1 817 821 3347
1 2679 457 318
1 3476 3881 1729
1 243 1519 1630
1 4264 1823 1212
1 984 3411 3410
1 1065 1066 2575
1 152 3903 171
1 3627 3051 4281
1 3219 3920 696
1 3920 3219 4388
1 750 4085 3247
1 3018 2500 3299
1 1383 535 3269
1 1114 1116 1409
1 1618 2897 3340
1 1804 3122 848
1 182 753 190
1 3749 1534 1141
1 1402 4589 3921
1 511 2389 209
1 1975 2472 609
1 25 2168 36
1 3380 2168 25
1 4413 4260 4414
1 4543 4095 1140
1 1949 2776 4216
1 4327 1206 4329
1 3729 303 1207
1 3619 4005 1667
1 3694 1583 1590
1 2775 1583 3694
1 3889 913 3040
1 1092 890 3907
1 806 4501 2342
1 1255 2450 3355
1 4444 4423 4422
1 698 4176 4125
1 3058 4179 1364
1 1158 3058 4082
1 602 3430 4150
1 1318 1594 458
1 1703 1697 4399
1 1956 3074 1141
1 3885 3724 923
1 50 36 1447
1 2762 553 2724
1 1921 3752 1923
1 1542 2984 3674
1 346 336 3809
1 313 3806 299
1 1366 3278 3129
1 2743 849 2316
1 1729 3037 1846
1 4532 1685 324
1 4008 3941 1857
1 1273 908 323
1 3729 1273 323
1 3531 2847 735
1 3785 4010 1464
1 1543 1075 130
1 4215 3940 435
1 820 4378 2974
1 249 266 2351
1 4401 990 889
1 990 891 889
1 470 4589 1770
1 693 4066 1078
1 1078 4572 693
1 4576 4152 4479
1 3838 1072 4403
1 907 4504 4147
1 3383 670 844
1 670 3383 4554
1 763 1207 303
1 2745 4385 1941
1 4536 2331 3927
1 1047 395 3947
1 3711 4317 3776
1 4449 2665 3460
1 221 1408 1250
1 1202 1281 2206
1 4051 1810 3977
1 3679 1604 1607
1 1604 4025 1607
1 344 906 3825
1 2118 1077 2342
1 1720 3023 109
1 4250 3992 3542
1 1855 2439 1049
1 3334 3954 2810
1 4576 4186 4238
1 3714 1125 3806
1 3956 3806 1125
1 1125 3541 3956
1 4252 2841 1969
1 4340 1022 726
1 1066 934 2575
1 1960 3923 77
1 3495 3817 933
1 2714 3091 551
1 2941 943 1862
1 1377 877 292
1 795 3822 3085
1 4517 1507 3247
1 4450 591 4451
1 801 1116 1118
1 1114 1118 1116
1 4057 4494 2766
1 3163 4269 1508
1 4143 951 3922
1 2993 148 3924
1 1617 3236 1614
1 3937 4399 1538
1 3173 3427 1721
1 3917 1715 3753
1 2646 2368 3480
1 1690 1425 4455
1 1701 4459 411
1 1516 1701 411
1 284 4184 276
1 742 4292 138
1 1759 3998 1725
1 1072 3840 4403
1 4521 4524 4528
1 3390 4083 2361
1 4083 3390 1591
1 2361 1011 3390
1 4195 3583 3327
1 798 1500 1967
1 1967 1500 4180
1 1033 3930 4412
1 3130 2191 2898
1 1172 3524 1364
1 3075 4507 3454
1 2375 2408 2339
1 3456 2538 4065
1 4466 4086 3933
1 2028 3933 4086
1 1691 3967 3724
1 1169 3679 1630
1 3660 803 3444
1 1366 1076 3660
1 4335 2848 2725
1 1009 2439 706
1 1893 531 3776
1 3806 3956 299
1 4027 1307 3697
1 1499 1715 854
1 4217 1499 854
1 117 3716 1403
1 2562 682 2840
1 4409 4405 4404
1 1609 1608 1629
1 4152 4576 4238
1 3065 2024 3532
1 3532 1595 3065
1 3917 2825 4102
1 1858 4267 4271
1 3029 2985 1526
1 3282 635 3990
1 286 4045 278
1 3990 4353 3282
1 1674 1110 2943
1 1678 3517 2943
1 3549 1155 903
1 937 938 1433
1 1748 139 162
1 1210 3574 1209
1 1928 1392 1370
1 1742 1370 1392
1 1281 672 3324
1 15 1230 3997
1 4211 515 831
1 515 753 831
1 1884 3281 4411
1 1391 1368 1821
1 1770 741 3743
1 3228 267 2178
1 284 276 3946
1 798 1073 2769
1 1073 3979 2769
1 2935 3053 2704
1 1115 3906 1250
1 1909 4582 1913
1 3897 4060 4373
1 2533 1522 4296
1 3719 1731 1563
1 1857 3941 4192
1 1301 4192 3941
1 4493 4492 1691
1 1603 281 274
1 1004 3072 4337
1 3798 3967 1691
1 2459 1599 437
1 3975 1599 4344
1 3936 1599 3975
1 344 908 906
1 2286 464 3201
1 1085 1978 2249
1 1978 1827 2249
1 2784 2390 2137
1 2827 1138 3740
1 86 1638 108
1 2876 2439 1855
1 976 818 817
1 891 890 1092
1 990 890 891
1 1914 4427 1912
1 1638 100 3620
1 3130 1586 91
1 3921 100 4339
1 232 252 391
1 2129 3149 3291
1 2178 4228 3228
1 2339 685 2643
1 3877 3722 779
1 4342 4353 3950
1 244 1701 1516
1 1076 3129 4533
1 3443 3784 819
1 458 809 3296
1 2104 1785 572
1 3007 1299 225
1 1644 2440 3888
1 3431 2365 951
1 3877 779 1213
1 198 2852 185
1 850 3134 3361
1 1022 3897 4369
1 1426 3927 1339
1 1843 1585 2550
1 876 3574 2436
1 212 698 239
1 239 698 3970
1 2852 227 1651
1 227 1434 1631
1 1550 2801 2596
1 615 3366 1098
1 1302 746 3971
1 4363 843 2310
1 344 328 908
1 2704 302 3512
1 3606 3770 749
1 3724 4493 1691
1 995 893 4373
1 1740 2459 437
1 1538 1740 437
1 1621 48 2477
1 1621 2477 1233
1 191 1066 174
1 3368 773 2860
1 169 201 1943
1 201 4569 1943
1 225 173 196
1 4070 997 3697
1 4223 4175 3861
1 4320 3760 4545
1 4127 1932 3487
1 170 3361 3866
1 880 3229 82
1 82 3229 1000
1 75 4414 4260
1 1119 1098 3726
1 603 4478 957
1 3995 1777 4050
1 2400 3585 758
1 824 3714 313
1 779 4264 1213
1 1069 4264 779
1 3722 4263 779
1 1959 437 1599
1 3693 1840 672
1 1366 251 266
1 266 3278 1366
1 630 629 4082
1 754 1903 3966
1 1928 1398 3966
1 174 4420 150
1 2341 4379 733
1 2341 2988 4043
1 21 29 3998
1 11 3998 1866
1 189 4448 188
1 790 2579 3710
1 789 790 3710
1 2630 4129 2593
1 3361 4236 850
1 4473 553 2762
1 1449 1000 3839
1 212 191 1665
1 212 1665 698
1 762 2928 2842
1 3937 1538 437
1 1607 4030 1630
1 4450 1423 1424
1 4451 1423 4450
1 1695 4016 4009
1 2513 2922 4531
1 201 169 1907
1 169 1060 1907
1 2513 3794 2922
1 1952 1315 3832
1 1613 2898 1934
1 1903 871 3966
1 871 1928 3966
1 3503 3404 4486
1 3378 1826 3968
1 3968 92 3378
1 1428 1427 2736
1 2943 3517 1674
1 139 1748 117
1 3994 4486 4566
1 628 2728 3249
1 4569 4165 4483
1 2966 1309 1647
1 21 3998 11
1 1648 2376 3964
1 868 1905 4056
1 856 3884 3200
1 3628 1625 4061
1 2836 2293 2291
1 590 1727 3832
1 4369 893 4371
1 3115 4330 4336
1 3041 1151 3070
1 3976 3247 1506
1 4133 1008 1009
1 3557 3738 4206
1 86 100 1638
1 1141 1952 1956
1 244 1516 3989
1 3759 4579 2754
1 464 3675 1779
1 1927 3398 1401
1 1211 1201 2391
1 4129 1201 1211
1 3981 213 3085
1 1444 4060 3897
1 2946 2725 2863
1 532 1935 2919
1 458 3296 2686
1 3238 2046 2445
1 1848 1740 132
1 3164 3340 2897
1 1096 1093 1268
1 2728 1312 4004
1 3960 1092 1004
1 278 3801 270
1 173 225 248
1 1443 4007 1167
1 4007 1443 1187
1 3717 766 709
1 709 766 1130
1 4194 4368 4366
1 4368 4372 4366
1 3995 4050 1004
1 1004 1092 3995
1 344 3825 341
1 4059 2329 636
1 747 687 2767
1 1289 4524 4259
1 3753 1289 4259
1 4493 3701 919
1 4493 3885 3701
1 919 1142 1956
1 4147 1767 3825
1 1407 4190 2291
1 3910 3975 4344
1 2880 4505 428
1 3635 3566 1805
1 3263 2880 3557
1 4505 2880 3263
1 4019 2728 4004
1 3249 2728 4019
1 1111 3352 1104
1 731 3986 857
1 1545 3695 1552
1 1653 783 4204
1 4053 4336 4330
1 3825 334 341
1 126 148 172
1 1958 1388 3543
1 1668 2785 1900
1 1499 3753 1715
1 3364 4055 2827
1 2827 3740 3364
1 1609 2856 1608
1 4250 1608 2856
1 117 173 139
1 4227 512 4177
1 1044 548 4086
1 1043 4197 4086
1 89 4318 82
1 762 2842 1517
1 3825 3862 334
1 137 4277 154
1 137 154 2930
1 3016 111 137
1 111 1962 137
1 219 1701 244
1 3129 1076 1366
1 943 498 1863
1 1703 4371 893
1 764 3112 710
1 4248 764 710
1 923 3777 1432
1 28 19 1750
1 4057 3365 4516
1 891 1092 3960
1 1240 2716 2089
1 889 891 1212
1 3629 737 1448
1 4104 804 1076
1 2819 1399 1394
1 661 1567 4030
1 735 2755 2327
1 4031 252 686
1 4454 1876 4453
1 252 1563 686
1 3906 1563 252
1 616 3370 2377
1 1065 4420 1066
1 1129 4343 1082
1 4187 2725 1871
1 173 97 99
1 3697 1171 4027
1 2847 3899 2667
1 1678 3352 1111
1 1112 1678 2943
1 753 182 203
1 1009 765 4133
1 2825 3012 4102
1 2656 1635 3097
1 3276 2656 3097
1 3711 3776 4240
1 3782 4305 4306
1 218 4444 541
1 2896 1160 540
1 4416 1089 1075
1 1823 3963 1212
1 289 3956 4258
1 952 3648 2131
1 1585 699 1624
1 1624 671 1585
1 1359 297 282
1 1731 686 1563
1 1726 1307 4504
1 4003 4036 4338
1 1024 4036 4370
1 1856 1330 4199
1 2286 4416 1543
1 173 248 268
1 4060 108 130
1 1848 2459 1740
1 4334 2459 1848
1 3594 4271 1620
1 826 3701 3885
1 1590 2909 4549
1 1590 4549 3731
1 1985 1989 1198
1 34 28 1750
1 3351 2817 1046
1 3892 3912 1854
1 3985 4085 3770
1 2857 1675 62
1 1066 191 212
1 2513 2539 3794
1 1185 2539 1747
1 1185 1747 1553
1 1867 2848 1868
1 1947 4041 218
1 235 4109 216
1 219 4458 1701
1 4459 1701 4458
1 614 4143 3558
1 4585 3415 3830
1 803 804 2377
1 1087 1150 774
1 3589 23 4312
1 1569 3763 1801
1 4177 512 4010
1 677 3128 4397
1 3897 1022 3900
1 1937 3379 2031
1 1383 500 1363
1 572 3585 2400
1 1032 3273 2667
1 3799 619 4109
1 247 224 173
1 4528 4524 3911
1 558 219 244
1 2995 4118 4120
1 4270 1406 3842
1 4270 1062 4024
1 3942 3794 1185
1 4530 3794 3942
1 1743 1401 3398
1 3385 1387 1388
1 1388 1387 3543
1 3673 3543 1387
1 2588 4510 3774
1 1558 4437 816
1 4437 2698 816
1 201 1907 1408
1 2126 4156 2010
1 2550 2010 4156
1 3029 899 4295
1 591 3885 4451
1 1787 582 3447
1 1304 3146 1859
1 1877 3918 4456
1 3834 1929 4172
1 3907 890 52
1 158 1113 1917
1 1122 2147 4114
1 1737 3664 2938
1 3421 3199 2199
1 3369 4398 1677
1 4124 4375 2638
1 2638 2998 4124
1 4498 4022 2913
1 86 3887 100
1 3864 542 2448
1 4116 1263 4517
1 726 4053 1641
1 1444 3900 4331
1 2227 1930 4172
1 919 1956 4493
1 1105 677 1104
1 1852 907 1273
1 346 4177 1577
1 227 1631 1651
1 1111 4391 4395
1 4391 4390 4395
1 1670 2696 1643
1 942 3385 4182
1 86 108 4060
1 809 1337 1872
1 1098 3366 3726
1 2125 3331 4362
1 3461 4481 2126
1 3963 992 1212
1 3523 806 3430
1 300 3698 316
1 1136 1137 4382
1 1579 3772 4131
1 2448 542 3448
1 86 4060 3887
1 4550 4516 238
1 4550 238 214
1 1620 4053 4330
1 1641 4340 726
1 1963 1924 497
1 1963 497 1388
1 3990 3950 4353
1 7 14 478
1 3751 2762 2724
1 316 4532 324
1 3907 44 34
1 4183 1198 1989
1 1584 4011 3731
1 4512 4499 4033
1 1017 4228 2178
1 1750 4050 1777
1 824 3442 3714
1 1119 3698 1098
1 3363 3442 824
1 798 1967 2560
1 4149 1586 2898
1 4319 3122 1804
1 4299 2159 1980
1 3592 3327 3624
1 3548 1206 4349
1 4349 1188 3548
1 1249 4113 4526
1 4145 4433 4090
1 798 2769 3633
1 2547 1911 1205
1 1911 2547 2835
1 690 691 4351
1 2270 2126 1023
1 3461 2126 2270
1 1970 1460 175
1 1208 1970 175
1 3899 3281 2667
1 2096 4234 1935
1 3775 4035 2899
1 4496 2860 3847
1 4078 4496 3847
1 3847 4539 4078
1 4337 968 3877
1 1008 4133 1667
1 4505 1008 1667
1 1765 2456 3033
1 3968 1826 3604
1 1028 3276 735
1 2955 3595 1793
1 1793 3256 2955
1 4395 1678 1111
1 4579 3759 576
1 2924 805 627
1 3676 2442 2045
1 1588 1582 1583
1 4144 4498 832
1 2948 2428 978
1 226 261 2666
1 4518 261 226
1 261 4518 1506
1 4317 151 3776
1 816 1557 1558
1 1233 2477 64
1 4260 64 75
1 1233 64 4260
1 1609 1629 3772
1 1778 1635 1838
1 1778 1838 4065
1 3309 2052 472
1 494 4089 3213
1 536 3213 4089
1 2186 2754 960
1 127 107 1653
1 127 4302 107
1 1198 1120 84
1 84 107 1198
1 4302 1985 1198
1 1062 1304 1856
1 1304 1330 1856
1 4066 1197 1191
1 845 4048 133
1 115 133 4048
1 1127 3450 4513
1 1527 4297 2757
1 4482 2843 4154
1 4295 1156 1524
1 4295 1524 3813
1 3327 540 4195
1 1103 2721 1988
1 2721 4320 1988
1 94 2579 4347
1 4061 1625 1610
1 111 3083 1962
1 4333 4307 3952
1 1992 2447 450
1 1355 833 754
1 3233 1251 2232
1 175 875 3573
1 2642 4058 258
1 3130 2898 1586
1 101 2741 91
1 101 91 1586
1 3988 4151 3237
1 2147 4023 1801
1 1077 2922 4150
1 1384 602 4150
1 4150 806 1077
1 234 1409 211
1 234 211 3824
1 1409 234 3849
1 3728 4091 1056
1 1670 1643 2778
1 1743 1825 2418
1 957 4025 2794
1 2794 603 957
1 4195 540 1160
1 2736 1426 1428
1 1428 1426 1339
1 3142 2696 1670
1 251 2238 220
1 2238 251 1366
1 2205 1258 4094
1 3622 4341 2527
1 1846 3622 4298
1 1992 4092 4196
1 4059 2249 1827
1 1101 1136 3855
1 850 4014 160
1 4552 4555 4376
1 4078 3238 4496
1 2285 2584 613
1 768 976 3650
1 976 3593 3650
1 1263 4116 1208
1 731 3172 3986
1 3304 3248 626
1 559 1259 4094
1 2929 1518 3277
1 2929 3844 1518
1 856 3173 3884
1 3676 2521 2414
1 1926 1976 1633
1 4191 1504 92
1 92 3968 4191
1 1170 996 1733
1 1159 3592 2735
1 2735 2729 1159
1 3208 3149 2129
1 2865 1616 3236
1 2865 3586 1616
1 3568 3433 2137
1 4349 3242 1188
1 688 3242 4349
1 1555 3593 976
1 1182 1352 1181
1 1963 1388 1958
1 1526 2985 2455
1 747 4067 3910
1 3008 2988 3703
1 2988 4196 3703
1 2578 111 3016
1 1769 394 2690
1 1185 1553 2665
1 2212 1518 2294
1 321 3809 311
1 996 4068 1439
1 4068 996 4109
1 3965 1562 3619
1 1969 4253 4252
1 4043 4252 4253
1 4523 4021 2561
1 4109 619 467
1 619 2450 467
1 1840 1047 1842
1 1840 1842 2422
1 715 759 2727
1 4586 4377 688
1 2720 4377 4586
1 1141 1534 1140
1 2570 4495 2046
1 176 4464 2529
1 1883 2989 2745
1 2989 1883 1886
1 1231 460 1232
1 3873 4084 4346
1 2966 1647 1093
1 1801 1628 3215
1 211 4145 3824
1 3648 2800 1808
1 1383 1363 1390
1 1108 3351 1046
1 121 157 3732
1 1958 3543 2855
1 874 1394 4073
1 2944 3340 2968
1 2968 3164 4398
1 4138 791 4159
1 4543 1317 4578
1 1841 2690 394
1 4360 634 3335
1 3699 4198 869
1 4261 681 4076
1 4291 4076 681
1 2045 1276 2443
1 3378 92 115
1 882 115 92
1 790 4084 2579
1 949 2616 3530
1 1928 871 1392
1 3542 3272 3513
1 4497 833 3980
1 192 3313 194
1 217 4461 4254
1 3589 14 23
1 3092 3622 2527
1 827 3326 1249
1 1922 3797 542
1 1751 3404 1549
1 4095 3829 1315
1 2877 3835 1039
1 827 1249 3908
1 3766 3908 3185
1 788 1493 2081
1 1104 984 1105
1 283 877 272
1 2425 2499 2900
1 4101 2903 4280
1 2903 4101 2900
1 51 4185 4354
1 51 4354 1441
1 3695 2539 4488
1 1546 1747 3695
1 1775 4080 2144
1 1775 3996 4080
1 3783 393 3500
1 1870 4192 4012
1 1924 3934 1861
1 669 3261 3467
1 669 3467 843
1 3844 1357 2294
1 4390 1613 4083
1 4128 3259 3629
1 4434 1562 3965
1 4396 4393 4394
1 128 4394 4393
1 1429 936 3056
1 1464 4010 4220
1 1937 2402 3379
1 998 4106 3441
1 2616 949 2908
1 7 478 12
1 4051 4473 1810
1 2407 2640 3240
1 1145 3148 3881
1 1604 3808 4025
1 1081 3768 2638
1 2771 3948 4011
1 3645 3450 3047
1 3450 2549 3047
1 3860 4070 1173
1 2507 554 555
1 2783 1721 3427
1 1805 4318 123
1 4230 1247 4528
1 1247 4230 1457
1 3624 1160 4070
1 112 3811 2702
1 83 3304 626
1 1591 3369 4083
1 2657 2020 3354
1 1925 872 757
1 2428 2232 1692
1 496 1385 1386
1 1385 3886 1386
1 4085 750 749
1 3700 2667 3273
1 3151 805 2342
1 789 3778 1267
1 2520 241 915
1 3315 3436 858
1 4126 3219 696
1 1845 3830 3415
1 181 3903 163
1 3903 3024 163
1 3705 4098 483
1 4277 4283 176
1 3090 2264 1229
1 4059 636 2249
1 2974 970 820
1 585 2226 4188
1 3886 3479 4278
1 4275 4285 2713
1 4173 884 104
1 104 884 3399
1 1610 1169 4061
1 4061 1169 1800
1 4262 4088 106
1 3200 3874 3917
1 3657 392 1768
1 3500 1361 3783
1 3783 392 3657
1 536 4089 4273
1 4518 796 1208
1 1208 796 1970
1 4274 4281 4284
1 2865 460 3586
1 1579 4131 2805
1 1695 1579 2805
1 1941 3591 1103
1 3085 3822 3981
1 4231 3714 3442
1 2529 2930 154
1 4092 450 3986
1 1160 3583 4195
1 1160 3624 3583
1 3872 555 1564
1 4276 1343 4283
1 3956 3541 4258
1 837 3047 835
1 4473 559 553
1 3819 3290 393
1 1915 839 2673
1 1915 2673 945
1 4533 1182 3957
1 3957 4104 4533
1 2790 1918 3158
1 3765 2008 2082
1 776 902 901
1 776 4303 902
1 4117 4120 3879
1 1251 944 2232
1 2232 944 1692
1 91 2712 2643
1 3093 4160 3524
1 1346 4273 3475
1 2372 3475 4273
1 807 401 1336
1 2794 4122 603
1 1670 1679 2909
1 307 297 304
1 3899 1030 1135
1 1518 2212 4096
1 1551 1749 3565
1 3556 3565 1749
1 3796 4465 2570
1 1018 2010 2550
1 1317 3570 917
1 4541 3570 1317
1 1429 3056 1432
1 220 2238 200
1 1381 2710 3148
1 870 1902 869
1 1970 796 203
1 2636 3309 472
1 4207 905 428
1 1330 4345 4334
1 984 1104 2933
1 2753 3241 2917
1 4494 2570 2766
1 3700 2755 2847
1 20 13 534
1 3851 1258 715
1 690 2559 691
1 3710 2579 113
1 1898 2679 2354
1 91 110 462
1 1776 2538 3456
1 2961 1611 2267
1 960 2267 2186
1 2267 1694 2186
1 3142 4108 1583
1 3905 3282 4353
1 1076 803 3660
1 4535 2962 1168
1 2205 2636 759
1 2451 2636 2205
1 2880 3738 3557
1 1239 4412 1884
1 1342 810 462
1 95 3863 3716
1 801 1118 744
1 1400 1905 868
1 2667 3930 1032
1 2089 1878 1763
1 2444 940 3425
1 3211 3079 3606
1 1389 1958 2855
1 231 3426 722
1 786 3373 4430
1 3580 2008 3277
1 4256 1015 1286
1 3875 4478 603
1 3980 3334 2810
1 4587 4175 1277
1 4329 774 3549
1 1082 1081 1129
1 1082 4573 1081
1 3934 980 887
1 4548 305 289
1 850 187 3134
1 208 3134 187
1 1455 1545 4072
1 1552 4072 1545
1 4101 4280 3397
1 3090 1232 2264
1 1353 4534 4509
1 228 241 3527
1 186 171 3903
1 1945 1923 1947
1 1205 3575 1664
1 4342 4200 1525
1 4325 4286 3596
1 3748 3259 4128
1 694 4183 4066
1 862 1242 1752
1 4101 2425 2900
1 112 626 135
1 1631 1657 1651
1 3927 2331 1339
1 458 1337 809
1 3142 1670 4108
1 3626 982 2567
1 2567 982 1107
1 3875 603 1338
1 2436 1210 3308
1 4157 2588 3774
1 2560 1967 2282
1 900 2282 1967
1 3542 3992 3075
1 3058 3032 2899
1 1572 882 92
1 4077 4132 3591
1 1737 2000 3664
1 4097 812 2000
1 3664 2000 812
1 2046 4495 2445
1 2173 2896 540
1 2731 2549 3450
1 3600 2499 3036
1 1159 3327 3592
1 870 871 1902
1 3437 847 848
1 231 249 3426
1 3291 3964 2376
1 3228 3085 230
1 3749 3587 1517
1 4286 2316 849
1 463 3848 552
1 4088 83 106
1 83 1988 106
1 176 2529 154
1 864 1181 2389
1 552 1556 1257
1 4117 1257 1556
1 2402 2218 1083
1 750 1507 751
1 750 751 962
1 1090 509 3296
1 4504 4503 1726
1 4138 95 3716
1 3868 134 4317
1 4102 4548 854
1 4007 4159 1167
1 1407 3721 1114
1 2507 1811 4477
1 1312 821 2343
1 1326 4345 1330
1 4130 1739 3214
1 2495 2541 3629
1 2887 887 4115
1 1642 4115 887
1 4054 700 3750
1 1820 1636 1401
1 4083 1613 2361
1 4118 264 4041
1 467 2450 4035
1 3916 2791 3434
1 774 1150 1155
1 20 33 1983
1 2451 3309 2636
1 1051 1050 2876
1 1161 3249 4158
1 1161 4158 1349
1 3593 3912 3650
1 827 3908 3766
1 2903 3017 1350
1 1261 883 4428
1 1732 3647 1174
1 785 1065 3373
1 4541 1317 4543
1 313 3714 3806
1 4302 1198 107
1 2499 808 3036
1 1817 3430 602
1 3430 1817 3173
1 115 882 4111
1 3180 839 2393
1 3556 2653 2801
1 2444 1874 940
1 1753 2693 1752
1 68 52 3865
1 4125 1535 698
1 1898 2893 483
1 1120 4126 696
1 4417 1666 961
1 1448 4128 3629
1 3829 4095 3246
1 3829 3246 1514
1 4149 4390 4391
1 4196 733 1992
1 2925 3118 4141
1 4559 4299 1980
1 3612 4054 1282
1 4117 1556 4120
1 3383 3861 4554
1 1878 4415 2615
1 4415 1878 2716
1 198 185 4428
1 1249 4526 4527
1 616 804 627
1 3809 339 346
1 3809 332 339
1 1598 1817 602
1 4530 2962 1598
1 2077 2434 1186
1 2434 3788 1186
1 1151 904 3070
1 2861 1534 3749
1 1526 3041 3070
1 4204 127 1653
1 3753 4259 3787
1 3918 4454 4456
1 4352 2635 4359
1 4352 4359 2788
1 1370 1742 2938
1 1370 2938 2571
1 1137 1136 3538
1 3635 2800 3493
1 393 3657 3819
1 3750 3657 4054
1 1757 185 2852
1 2570 3260 2766
1 1603 2856 4208
1 1603 4034 2856
1 981 943 1863
1 639 2414 2521
1 2605 4155 94
1 469 4179 1158
1 3058 1158 4179
1 1326 1330 1304
1 3619 1667 4133
1 1284 3619 4133
1 1904 1927 1782
1 1782 1927 1401
1 953 614 1623
1 2508 2041 1564
1 977 4427 199
1 1229 2425 4279
1 42 1725 29
1 1496 1725 42
1 628 1932 2728
1 3647 3624 1174
1 133 1019 156
1 4081 114 3023
1 1766 1656 2084
1 1559 874 4073
1 3645 4513 3450
1 979 2933 1112
1 182 167 1970
1 631 1013 2824
1 667 2971 2824
1 1884 3328 1239
1 4231 4071 828
1 3916 3434 3984
1 3580 2657 3354
1 4225 1322 1371
1 3305 1608 2878
1 3513 2878 1608
1 2163 1739 1738
1 3523 4134 4501
1 610 2556 1379
1 2891 4220 838
1 4031 686 3970
1 4031 3970 1535
1 4139 3949 4042
1 4139 2767 3949
1 167 156 1970
1 3752 1921 2082
1 1921 3765 2082
1 4587 3920 4388
1 4069 900 4180
1 3322 639 3457
1 3957 4510 2588
1 1493 857 450
1 1689 4454 4453
1 1658 1829 3916
1 77 3923 66
1 3816 802 131
1 160 4014 136
1 160 136 1269
1 1269 136 730
1 909 849 4308
1 1901 4144 832
1 4130 1825 1976
1 1918 2008 3765
1 1768 4054 3657
1 735 2327 1028
1 1127 4131 3450
1 1808 4015 3993
1 3456 4065 4015
1 3878 2866 4148
1 465 2913 1800
1 465 3552 2913
1 609 2472 1974
1 1760 3049 3554
1 4034 3992 4250
1 3983 4504 1056
1 845 1277 4223
1 1207 3356 3728
1 763 3356 1207
1 3624 3647 3592
1 4295 899 1156
1 722 3426 2693
1 3495 722 2693
1 1361 392 3783
1 3693 672 2467
1 1281 2467 672
1 106 4320 742
1 4196 2988 733
1 585 4500 2226
1 261 1506 3985
1 3970 698 1535
1 4520 4113 1016
1 3732 157 1938
1 3679 1169 1610
1 3611 1287 1716
1 1287 4463 1716
1 3858 3834 3867
1 4018 3512 314
1 745 436 2623
1 905 208 1733
1 848 4286 849
1 849 909 848
1 1809 4114 2179
1 109 852 2866
1 3802 3873 3250
1 166 3778 145
1 113 145 3778
1 1880 3328 1240
1 3753 1499 1289
1 4217 1289 1499
1 977 199 229
1 199 4479 229
1 746 1699 1303
1 785 4153 1065
1 462 142 1342
1 2940 4418 142
1 3796 2570 4494
1 2554 680 1720
1 202 4433 4145
1 631 2971 2998
1 3336 669 635
1 1821 1368 3001
1 4147 3825 906
1 4286 848 3596
1 4446 4562 783
1 759 2636 758
1 3461 1359 1922
1 3461 2270 1359
1 1429 3446 936
1 759 715 1258
1 2875 1257 714
1 3097 1635 3078
1 4429 1945 1943
1 1945 4429 1923
1 1502 1632 1845
1 4294 1632 1502
1 1171 1365 1706
1 4454 1689 4447
1 3246 4447 1689
1 3658 1157 997
1 690 4351 4348
1 3228 795 3085
1 1127 4513 3069
1 1931 3355 1930
1 4432 607 2227
1 607 1930 2227
1 4488 2513 4509
1 102 121 578
1 102 3266 121
1 1201 2130 1575
1 2130 1201 4129
1 128 4149 4394
1 1107 2076 1679
1 585 4188 1809
1 1570 813 3756
1 4118 4041 4120
1 1321 4017 1502
1 993 4402 3896
1 3896 4372 993
1 2391 2807 2351
1 219 558 4219
1 3851 3751 2724
1 4474 3751 3851
1 4218 2910 94
1 3984 4543 1658
1 1975 609 610
1 1696 3539 3321
1 859 2376 1094
1 4135 1094 2376
1 2607 3933 2028
1 238 414 214
1 3070 904 3029
1 4080 3996 3943
1 1904 1782 1576
1 896 1640 4418
1 4210 4216 3938
1 2898 1613 4149
1 1860 1856 4199
1 3824 4224 1929
1 3976 4116 4517
1 1591 2944 2968
1 3527 1208 3308
1 1845 1632 3830
1 1363 499 1390
1 1120 1198 4126
1 4120 1556 2995
1 4226 311 4028
1 1534 3723 1829
1 1856 1860 4245
1 4024 1856 4245
1 4425 3864 2448
1 4225 3914 1322
1 1720 2866 4174
1 115 4048 3378
1 3920 4213 696
1 4213 3920 4587
1 831 2458 4211
1 4211 2458 465
1 3300 4308 2743
1 715 2727 3169
1 807 1336 1934
1 807 1934 2191
1 3890 1173 1726
1 4088 4262 2408
1 1257 4117 4119
1 89 1449 123
1 89 123 4318
1 499 979 2996
1 3628 1568 1625
1 1921 3605 3765
1 171 155 4393
1 4093 3457 639
1 2341 733 2988
1 4428 883 1434
1 494 3213 1254
1 1570 3756 1568
1 704 2690 1841
1 2630 414 4058
1 1053 3827 4123
1 592 4233 3818
1 4178 4361 3071
1 1460 875 175
1 1117 1408 1907
1 1117 1907 1060
1 1577 336 346
1 1780 336 1577
1 4284 4276 4274
1 1598 602 4530
1 680 3816 4081
1 1828 4178 2902
1 1172 4179 469
1 144 4562 4303
1 1632 1504 3830
1 1535 1768 4031
1 2978 4174 3878
1 2990 3146 1304
1 1307 1726 3697
1 3861 4175 4388
1 3786 237 256
1 256 237 4207
1 4225 3786 256
1 4220 512 3069
1 3378 4048 1826
1 4214 4442 3723
1 2875 3258 1257
1 1909 1913 1261
1 1261 4428 1909
1 2953 2910 4218
1 1504 1632 124
1 4231 3363 4071
1 3765 3158 1918
1 3263 2190 3093
1 552 3848 1556
1 4579 960 2754
1 3830 4191 4585
1 4571 215 4514
1 4571 410 215
1 4571 253 410
1 4571 4514 253
1 1611 1694 2267
1 3521 1694 1611
1 4104 4189 804
1 1690 590 1514
1 3832 1514 590
1 2757 4297 4296
1 2971 4124 2998
1 1827 4359 2635
1 3957 1182 4510
1 634 4360 2246
1 4010 512 4220
1 3430 806 4150
1 4129 2630 2130
1 4153 4148 852
1 4539 3847 3339
1 3070 3029 1526
1 4104 2588 4189
1 1052 1050 3514
1 1572 881 882
1 2448 2920 4425
1 905 237 208
1 1413 208 237
1 2632 1162 94
1 3625 2637 1769
1 1759 3253 1866
1 4485 3774 4510
1 2924 4157 805
1 2730 3951 1195
1 1258 2205 759
1 4333 3877 4307
1 3877 4333 3722
1 1657 3913 1651
1 188 168 189
1 3487 3507 2896
1 1922 3864 3461
1 4536 3238 2331
1 1921 1923 4483
1 1816 3030 3840
1 3122 4319 3558
1 297 1018 304
1 483 4098 3632
1 1263 1208 3527
1 4465 4495 2570
1 4212 68 3865
1 76 68 4212
1 1800 4022 3954
1 2448 483 3632
1 1921 4483 3605
1 1018 1023 2010
1 112 135 3811
1 3811 135 4383
1 2276 276 272
1 3606 4427 977
1 2276 3443 276
1 1839 1776 3456
1 2588 4104 3957
1 4194 1021 4368
1 1667 4005 4207
1 1662 1615 4125
1 4283 142 161
1 3949 2767 687
1 4368 1021 3928
1 4368 3928 993
1 69 3545 1790
1 4268 800 1405
1 3963 1823 1070
1 4406 3963 1070
1 3587 3749 1141
1 1066 4420 174
1 515 4211 190
1 4230 4529 1125
1 1125 4231 4230
1 4018 3862 1705
1 1407 2291 3721
1 558 2995 3848
1 4204 783 144
1 144 127 4204
1 1427 1429 3967
1 1562 222 242
1 242 222 3882
1 1929 4224 4172
1 2851 4483 4165
1 4165 391 2851
1 1315 1952 1141
1 3238 2445 3118
1 4041 3879 4120
1 3914 3882 1187
1 3339 3056 936
1 1400 1368 1391
1 1249 4527 1247
1 270 274 3809
1 1562 242 3619
1 1860 114 131
1 846 4223 3861
1 3604 4223 846
1 346 339 4177
1 993 1072 3838
1 3579 1768 392
1 2436 3308 3573
1 4207 4005 262
1 724 4194 4210
1 1720 4081 3023
1 455 998 1000
1 998 455 1572
1 1751 4071 3363
1 3541 1125 4529
1 1652 3434 2791
1 4513 4220 3069
1 4209 1870 4012
1 1852 1056 4504
1 3785 1577 4010
1 4111 875 1460
1 3579 4031 1768
1 273 279 4548
1 4054 1768 1282
1 4548 4221 273
1 242 4005 3619
1 4005 242 262
1 3914 262 242
1 4186 1821 3001
1 4186 3875 1338
1 4212 77 76
1 3882 3914 242
1 4562 4446 4565
1 2704 3053 1377
1 1292 132 1740
1 581 1292 1740
1 3658 2896 3507
1 4117 3879 2657
1 902 4303 4562
1 3830 1504 4191
1 1923 3752 1947
1 845 133 156
1 146 1163 164
1 3049 1760 3392
1 3840 3030 1798
1 158 4408 4400
1 243 1630 4030
1 1708 182 190
1 167 182 1708
1 4427 1914 147
1 4209 4012 4246
1 3266 696 4213
1 41 76 77
1 1666 145 113
1 4155 1666 113
1 4231 1125 3714
1 1429 3777 3967
1 3724 3967 3777
1 3914 1311 1322
1 3914 1187 1311
1 1413 237 3786
1 4207 237 905
1 1615 3612 1282
1 1698 4403 3840
1 3809 295 311
1 4184 334 322
1 845 4223 4048
1 41 52 68
1 4222 4226 3069
1 332 4222 4227
1 339 332 4227
1 292 2704 1377
1 292 302 2704
1 1404 3955 1948
1 842 151 4159
1 4138 4159 151
1 3512 4158 2704
1 3512 4018 4158
1 167 1278 156
1 1506 4518 3976
1 4085 3985 1506
1 2632 4181 1162
1 4467 410 411
1 410 253 265
1 222 205 3882
1 314 3512 302
1 3266 84 1120
1 1706 1349 1705
1 4433 184 205
1 3848 2995 1556
1 4018 1705 4158
1 1289 4217 4524
1 4016 295 287
1 4028 1127 4226
1 4226 1127 3069
1 1798 4042 1698
1 4007 842 4159
1 147 4288 4562
1 1767 1706 3862
1 4226 321 311
1 4578 3769 3246
1 4224 4432 2227
1 1798 1698 3840
1 1938 157 1708
1 3867 257 3858
1 1588 55 1582
1 1200 1615 1662
1 1767 1171 1706
1 1583 4108 1590
1 4289 902 4288
1 4009 287 281
1 4009 4016 287
1 1848 87 4334
1 4288 902 4562
1 4027 1171 4147
1 4222 332 321
1 3862 4018 334
1 4224 2227 4172
1 4207 262 256
1 4225 256 262
1 724 4210 3938
1 292 4184 302
1 4008 1759 3941
1 295 4028 311
1 3938 4216 3790
1 90 114 4334
1 3809 274 281
1 261 3985 263
1 261 263 2666
1 3809 287 295
1 295 4016 4028
1 4184 314 302
1 1755 4215 4202
1 4217 4529 4524
1 3914 4225 262
1 3923 1755 4202
1 1339 4539 936
1 3809 281 287
1 4042 4403 1698
1 190 4457 1938
1 1868 1859 1858
1 2848 4344 4584
1 2848 4335 4344
1 830 4229 4232
1 829 3791 4026
1 829 4026 1459
1 4547 135 4233
1 1789 3268 235
1 3268 1789 1067
1 1567 3888 1645
1 216 1170 204
1 4430 1789 204
1 4290 530 2763
1 4236 3361 149
1 3348 4248 710
1 1570 3763 959
1 1015 1186 4525
1 4254 4255 3831
1 1015 2077 1186
1 4412 4413 1033
1 4547 168 4383
1 2745 4383 1883
1 1886 1883 1881
1 2827 1885 4382
1 3149 4380 1268
1 1069 1823 4264
1 4374 4060 130
1 4366 4372 3953
1 4194 4366 4263
1 1639 214 414
1 4284 1343 4276
1 4283 1343 1342
1 1229 4279 4278
1 3397 3543 3673
1 161 176 4283
1 3051 4284 4281
1 509 1346 4282
1 3635 3943 3996
1 3711 841 4317
1 4326 774 4329
1 903 2710 3549
1 3904 1571 4037
1 1069 3953 1070
1 4032 3009 1206
1 1197 4183 1987
1 1072 3928 4370
1 991 4374 130
1 4367 4371 3030
1 995 4373 4374
1 995 4374 991
1 1021 1024 3928
1 994 3030 4371
1 4376 4555 691
1 3128 4396 4394
1 1070 3614 4406
1 4403 1298 3838
1 4046 4385 3846
1 1736 4075 2983
1 187 183 1440
1 4439 4090 4433
1 3516 4254 4460
1 4422 541 4444
1 1909 4428 185
1 1760 3554 4442
1 3836 4421 4445
1 2801 2653 4485
1 219 197 4458
1 1938 4457 1939
1 197 4219 1813
1 511 209 1243
1 4527 4526 3066
1 193 214 1639
1 193 1736 185
1 159 1237 1879
1 1971 876 1237
1 3968 3604 4585
1 159 188 1971
1 1971 1237 159
1 1237 120 1879
1 4585 4191 3968
1 1828 3604 846
1 2958 3950 3990
1 3905 2788 4359
1 1827 1978 3534
1 3461 3864 4425
1 4429 4569 4483
1 4424 3836 4446
1 4483 1923 4429
1 3874 1818 4502
1 200 4480 1972
1 4418 176 161
1 4287 1909 185
1 1532 285 1830
1 3368 2860 2925
1 3723 1534 2861
1 1651 3913 3119
1 2925 4496 3118
1 1722 2670 3516
1 4461 4460 4254
1 4254 3516 4255
1 1015 4255 1285
1 3973 1497 4257
1 1715 4102 854
1 4221 4548 4102
1 4464 1972 4461
1 1722 1972 4480
1 3731 4549 4392
1 677 1105 122
1 1747 1546 1548
1 2801 3565 3556
1 193 185 1757
1 3238 4539 2331
1 1170 216 996
1 1440 183 204
1 166 183 187
1 204 1789 216
1 4103 3219 694
1 72 65 40
1 690 4588 2559
1 72 4573 65
1 156 1278 845
1 4553 3861 4388
1 800 4268 4269
1 4 4306 19
1 4337 1213 3960
1 4337 3960 1004
1 3921 129 100
1 470 100 129
1 306 320 335
1 306 331 325
1 343 306 335
1 306 310 320
1 343 4450 342
1 317 306 325
1 1432 1433 4451
1 937 1433 1432
1 2974 4378 945
1 731 4410 730
1 1794 3315 4380
1 4380 3315 858
1 4410 1269 730
1 1267 1269 4006
1 4006 1269 4410
1 166 187 160
1 166 160 1269
1 1987 775 4300
1 1087 1146 1150
1 4327 3549 2710
1 774 4326 1087
1 4416 578 1089
1 158 4400 991
1 3942 2962 4530
1 4186 4576 3875
1 959 812 813
1 959 813 1570
1 4563 4249 3408
1 4579 2163 814
1 4222 512 4227
1 3047 2792 838
1 1905 1901 4056
1 1356 1465 4497
1 1466 4497 1465
1 4220 2891 1464
1 4485 4510 3048
1 330 324 4487
1 330 4487 345
1 4578 1317 3769
1 245 263 3985
1 245 4238 263
1 3740 4077 3364
1 2814 4386 1031
1 3930 1884 4412
1 2452 1885 2273
1 1239 4413 4412
1 202 1906 180
1 4431 4435 3636
1 4435 3469 1557
1 4438 819 3112
1 3636 1974 4431
1 3347 3631 1561
1 4324 4100 2327
1 4324 2687 4546
1 40 38 27
1 2739 3623 4032
1 4126 1198 4183
1 1640 896 1734
1 3412 5 4568
1 142 4418 161
1 176 4418 1640
1 232 4569 221
1 232 221 1250
1 4422 169 541
1 4245 4272 4266
1 1049 4505 4515
1 3261 4389 4588
1 4554 3219 4103
1 4126 4183 694
1 4405 4205 4401
1 582 1787 4406
1 4205 4405 4409
1 411 4459 4467
1 1960 4212 4401
1 4335 3910 4344
1 4367 3030 4365
1 1798 4407 4151
1 4399 1697 1538
1 179 158 1917
1 992 4405 889
1 4405 992 4404
1 4404 3447 4409
1 193 1639 1736
1 4265 413 1734
1 1734 895 4265
1 1734 2812 895
1 2818 4237 4508
1 576 3214 1739
1 4237 309 784
1 2939 1739 2819
1 1737 1742 1375
1 2430 4076 4312
1 840 1791 1915
1 1791 839 1915
1 2840 1791 840
1 4542 2084 1310
1 920 1319 915
1 3701 4490 1957
1 1319 920 1950
1 561 920 4491
1 4448 1681 210
1 4024 4266 4270
1 4245 131 1060
1 4192 1870 1857
1 4245 1860 131
1 1508 1867 4271
1 4429 1943 4569
1 4298 1729 1846
1 40 27 18
1 1528 1524 3633
1 1151 1150 1146
1 2829 769 771
1 4341 1846 3037
1 124 1632 4289
1 2985 4295 3813
1 4576 4478 3875
1 4563 3408 605
1 4478 4025 957
1 4328 771 27
1 4326 1194 1195
1 1987 4183 1989
1 4328 27 4343
1 1989 1088 1987
1 38 4343 27
1 197 1940 4458
1 198 4428 1434
1 198 227 2852
1 1736 4287 185
1 4474 4470 4580
1 4470 2507 4477
1 4219 4000 1813
1 3848 463 4219
1 463 4000 4219
1 3848 4219 558
1 764 4438 3112
1 205 222 1562
1 205 4439 4433
1 4181 1163 1162
1 214 193 4550
1 2714 280 3091
1 1043 4057 4197
1 3919 4234 2096
1 1116 202 1409
1 2947 1896 4181
1 614 3558 4319
1 2505 1847 745
1 1850 1847 2505
1 4584 1859 1868
1 4199 114 1860
1 51 40 37
1 1502 1845 1321
1 3289 4522 4257
1 3831 4255 4525
1 1246 1459 4099
1 4099 1459 4026
1 1186 3788 4228
1 1285 4255 3516
1 1015 4525 4255
1 3831 4525 1017
1 4520 4526 4113
1 1246 4522 3289
1 1715 3917 4102
1 4113 4232 4229
1 3973 4257 4021
1 4275 2713 1964
1 3997 509 4282
1 4279 3397 3673
1 4277 137 1962
1 1343 4284 2952
1 1348 1347 1099
1 1347 3479 1099
1 1346 1348 4273
1 1383 1390 535
1 3051 2952 4284
1 3587 1142 4540
1 3587 4540 1537
1 1537 3674 2984
1 1139 1313 320
1 1319 1310 915
1 1657 1310 1656
1 3727 1957 4490
1 298 285 1532
1 915 4491 920
1 145 1666 4417
1 4408 158 165
1 2720 3419 668
1 157 4213 4587
1 4376 691 2559
1 2559 4588 4389
1 157 121 4213
1 4036 4364 4370
1 158 130 1113
1 1021 724 1024
1 4370 3840 1072
1 782 4336 726
1 4336 782 4003
1 991 130 158
1 995 991 1697
1 3896 4402 1071
1 994 1702 1798
1 1071 4372 3896
1 3782 4306 4
1 4339 100 3887
1 741 1770 4423
1 2776 1405 3790
1 3594 1508 4271
1 219 4219 197
1 1735 411 410
1 1940 4459 4458
1 156 1019 1970
1 197 179 1917
1 1075 1939 1940
1 1939 4459 1940
1 4589 4272 169
1 640 4444 218
1 4557 4565 4446
1 4557 4446 1567
1 740 4424 783
1 740 1653 3675
1 4272 1060 169
1 4557 661 956
1 4272 4245 1060
2 1713 660 2487
2 642 1463 641
2 1226 2449 584
2 2296 728 2297
2 780 652 649
2 1520 2498 2167
2 3641 2170 3680
2 3688 490 3689
2 2150 473 1074
2 3194 3685 1007
2 2258 1177 2155
2 659 932 1228
2 2648 1713 2180
2 594 705 2326
2 647 2297 2934
2 1179 2039 1178
2 1074 1291 2102
2 454 2102 1291
2 2115 2352 1226
2 2151 2102 3670
2 3656 3653 2156
2 892 2075 3683
2 3 2258 2185
2 2148 1001 2296
2 654 1700 2386
2 718 651 1700
2 2039 1179 1180
2 646 543 2326
2 594 3663 1981
2 1091 2431 351
2 2297 1068 2498
2 490 878 3682
2 2200 1998 473
2 655 580 2200
2 1178 1124 643
2 1274 721 657
2 1486 3638 1430
2 3680 1849 3643
2 2176 2 2379
2 2176 2404 2
2 1797 1788 2029
2 921 3656 3663
2 2185 2258 2223
2 3643 3651 921
2 3655 2271 3666
2 584 2449 350
2 584 350 2048
2 3195 734 490
2 2386 1700 2167
2 734 3196 490
2 647 1001 2148
2 2029 3683 1236
2 732 642 1419
2 2150 2162 649
2 3684 892 584
2 651 1520 1700
2 1180 2296 2039
2 1007 3685 2176
2 2117 1007 2176
2 734 1007 2117
2 2117 2170 734
2 892 3683 2029
2 3194 490 3688
2 643 1124 642
2 3663 2152 433
2 543 2162 648
2 3638 1486 2170
2 647 2326 1001
2 3652 1463 2568
2 921 2090 1148
2 3690 3682 878
2 654 658 2307
2 2622 1713 2648
2 2271 433 3666
2 3196 878 490
2 1001 2039 2296
2 1954 2119 2431
2 1463 642 732
2 3196 2056 2175
2 2119 2648 653
2 734 3195 1007
2 1981 644 705
2 2102 454 3670
2 3666 2151 2056
2 655 2200 652
2 732 2568 1463
2 1981 2156 644
2 1134 2722 1849
2 2487 718 1700
2 3655 2056 2287
2 3655 3666 2056
2 1998 1788 473
2 580 1993 1998
2 3646 2568 2722
2 3646 1134 3652
2 2167 2498 2386
2 2326 705 717
2 3179 580 655
2 718 2487 780
2 2156 732 644
2 2722 2568 3651
2 2326 543 594
2 1274 653 2004
2 717 1001 2326
2 2223 2155 641
2 594 543 648
2 658 2004 653
2 1134 3646 2722
2 2200 580 1998
2 473 1788 1291
2 2176 1430 2117
2 2149 646 647
2 641 2155 642
2 2487 2230 780
2 2175 2056 2151
2 1797 3667 1291
2 2223 1045 2185
2 646 2162 543
2 644 717 705
2 1713 658 2180
2 1713 1086 660
2 3682 3689 490
2 1091 2622 2648
2 2498 1274 2386
2 650 2162 2715
2 490 1007 3195
2 892 2029 1788
2 2029 1236 1797
2 650 780 649
2 2271 3663 433
2 3179 655 1227
2 3194 3687 3685
2 2498 1068 673
2 1068 2297 728
2 892 1788 689
2 3653 921 3651
2 658 654 2004
2 2149 651 2715
2 2485 1177 643
2 643 1177 1178
2 2162 645 648
2 2648 2119 1954
2 780 650 718
2 3685 2404 2176
2 2297 2498 2934
2 1274 2498 721
2 2498 673 721
2 2352 580 3179
2 1274 657 2119
2 3690 878 3667
2 878 3670 3667
2 646 2149 2715
2 651 718 650
2 3688 3687 3194
2 1236 3690 3667
2 659 1228 655
2 2258 2155 2223
2 2934 2498 1520
2 1993 2115 689
2 1520 2167 1700
2 3663 3655 921
2 2151 3669 2102
2 1520 2149 2934
2 2150 2012 473
2 3641 2090 2170
2 2287 2090 921
2 2115 584 892
2 689 2115 892
2 2119 657 2431
2 1419 2039 1001
2 1091 2648 1954
2 645 3669 2151
2 3663 594 648
2 1074 473 1291
2 3669 1074 2102
2 2287 734 2090
2 1993 689 1788
2 594 1981 705
2 655 2230 656
2 1713 2622 1086
2 717 732 1419
2 1700 2307 2487
2 2297 2148 2296
2 654 2386 2004
2 2090 3643 1148
2 3643 2090 3641
2 3643 1849 2722
2 3194 1007 490
2 2150 652 2012
2 1788 1797 1291
2 3669 645 2150
2 3655 2287 921
2 2152 3663 648
2 2162 650 649
2 1228 1227 655
2 656 2487 660
2 1430 2176 2379
2 2200 2012 652
2 1124 1178 1419
2 1178 2039 1419
2 2297 647 2148
2 1993 1788 1998
2 3652 2568 3646
2 780 655 652
2 2151 3666 433
2 2151 2152 645
2 2151 433 2152
2 656 2230 2487
2 641 1463 3652
2 3641 3680 3643
2 2056 3196 734
2 717 1419 1001
2 660 659 655
2 653 1274 2119
2 2223 641 3652
2 2156 3653 3651
2 3667 1797 1236
2 1086 932 660
2 646 2715 2162
2 780 2230 655
2 2934 2149 647
2 3655 3663 2271
2 3656 1981 3663
2 2151 3670 2175
2 1713 2487 658
2 644 732 717
2 3667 3670 454
2 2150 649 652
2 2115 1226 584
2 2150 1074 3669
2 2117 3638 2170
2 2090 734 2170
2 728 2296 1180
2 1148 3643 921
2 2715 651 650
2 655 656 660
2 2117 1430 3638
2 2012 2200 473
2 2352 1993 580
2 2115 1993 2352
2 654 2307 1700
2 1520 651 2149
2 1419 642 1124
2 1981 3656 2156
2 1045 2223 3652
2 2487 2307 658
2 2722 3651 3643
2 3670 878 2175
2 642 2485 643
2 1226 2352 3179
2 645 2152 648
2 645 2162 2150
2 1291 3667 454
2 2156 2568 732
2 2568 2156 3651
2 921 3653 3656
2 2004 2386 1274
2 2180 653 2648
2 1954 2431 1091
2 660 932 659
2 2180 658 653
2 2287 2056 734
2 2326 647 646
2 1486 2280 3680
2 1486 3680 2170
2 2155 1177 2485
2 642 2155 2485
2 3684 2075 892
2 3684 584 2048
2 878 3196 2175
2 3652 1134 1045
