,sim_times_s,volumes_cm3,i_poke
0,0.018333333333333333,3.851382643915713e-06,0
1,0.02,4.158637239015661e-06,0
2,0.021666666666666667,4.016817001684103e-06,0
3,0.023333333333333334,4.072477167937905e-06,0
4,0.025,4.052269105159212e-06,0
5,0.02666666666666667,4.0623758650326636e-06,0
6,0.028333333333333335,4.0557792999607045e-06,0
7,0.030000000000000002,4.0579502638138365e-06,0
8,0.03166666666666667,4.059186721860897e-06,0
9,0.03333333333333333,4.058544163854094e-06,0
10,0.034999999999999996,4.05719265472726e-06,0
11,0.03666666666666666,4.058661943417974e-06,0
12,0.03833333333333332,4.0586510294815525e-06,0
13,0.03999999999999999,4.057862497575115e-06,0
14,0.04166666666666665,4.057662863488076e-06,0
15,0.043333333333333314,4.058405920659425e-06,0
16,0.04499999999999998,4.058040758536663e-06,0
17,0.04666666666666664,4.0574295780970715e-06,0
18,0.048333333333333305,4.057968453707872e-06,0
19,0.04999999999999997,4.058107151649892e-06,0
20,0.05166666666666663,4.057619207742391e-06,0
21,0.053333333333333295,4.057283149450086e-06,0
22,0.05499999999999996,4.057304067828227e-06,0
23,0.05666666666666662,4.057010301039554e-06,0
24,0.058333333333333286,4.056563739140984e-06,0
25,0.05999999999999995,4.056405941810226e-06,0
26,0.06166666666666661,4.056577836308861e-06,0
27,0.06333333333333328,4.056415036757244e-06,0
28,0.06499999999999995,4.055969384353375e-06,0
29,0.06666666666666661,4.055689259985229e-06,0
30,0.06833333333333327,4.055400950164767e-06,0
31,0.06999999999999994,4.0549944060330745e-06,0
32,0.0716666666666666,4.054641522088787e-06,0
33,0.07333333333333326,4.054548298881855e-06,0
34,0.07499999999999993,4.054419605381554e-06,0
35,0.07666666666666659,4.0539530345995445e-06,0
36,0.07833333333333325,4.053635166201275e-06,0
37,0.07999999999999992,4.053266366099706e-06,0
38,0.08166666666666658,4.052913936902769e-06,0
39,0.08333333333333325,4.0525310396333225e-06,0
40,0.08499999999999991,4.052205440530088e-06,0
41,0.08666666666666657,4.051865744258976e-06,0
42,0.08833333333333324,4.051370979141211e-06,0
43,0.0899999999999999,4.051082214573398e-06,0
44,0.09166666666666656,4.050640200148337e-06,0
45,0.09333333333333323,4.0502800402464345e-06,0
46,0.09499999999999989,4.049868039146531e-06,0
47,0.09666666666666655,4.049478320666822e-06,0
48,0.09833333333333322,4.049090875923866e-06,0
49,0.09999999999999988,4.048633400088875e-06,0
50,0.10166666666666654,4.048267783218762e-06,0
51,0.10333333333333321,4.04783577323542e-06,0
52,0.10499999999999987,4.0474160414305516e-06,0
53,0.10666666666666653,4.047025868203491e-06,0
54,0.1083333333333332,4.046612502861535e-06,0
55,0.10999999999999986,4.046262347401353e-06,0
56,0.11166666666666653,4.045824425702449e-06,0
57,0.11333333333333319,4.045441073685652e-06,0
58,0.11499999999999985,4.044989964313572e-06,0
59,0.11666666666666652,4.0445966078550555e-06,0
60,0.11833333333333318,4.0441600503982045e-06,0
61,0.11999999999999984,4.043700755573809e-06,0
62,0.1216666666666665,4.043261469632853e-06,0
63,0.12333333333333317,4.042928139824653e-06,0
64,0.12499999999999983,4.042446107632713e-06,0
65,0.1266666666666665,4.042056843900355e-06,0
66,0.1283333333333332,4.041526608489221e-06,0
67,0.12999999999999987,4.041293777845567e-06,0
68,0.13166666666666654,4.040741714561591e-06,0
69,0.13333333333333322,4.040391559101408e-06,0
70,0.1349999999999999,4.039816758449888e-06,0
71,0.13666666666666658,4.039613031636691e-06,0
72,0.13833333333333325,4.038931820105063e-06,0
73,0.13999999999999993,4.03862759412732e-06,0
74,0.1416666666666666,4.03822741645854e-06,0
75,0.14333333333333328,4.0377276491199154e-06,0
76,0.14499999999999996,4.037858616356971e-06,0
77,0.14666666666666664,4.037772214360302e-06,0
78,0.14833333333333332,4.037792223243741e-06,0
79,0.15,4.037810413137777e-06,0
80,0.15166666666666667,4.037653525301721e-06,0
81,0.15333333333333335,4.037841335957637e-06,0
82,0.15500000000000003,4.0377917684963904e-06,0
83,0.1566666666666667,4.0377876757702325e-06,0
84,0.15833333333333338,4.037829967273865e-06,0
85,0.16000000000000006,4.037691724079195e-06,0
86,0.16166666666666674,4.037805865664268e-06,0
87,0.1633333333333334,4.037804501422215e-06,0
88,0.1650000000000001,4.037820872326847e-06,0
89,0.16666666666666677,4.037819053337444e-06,0
90,0.16833333333333345,4.037762209918583e-06,0
91,0.17000000000000012,4.037865892314585e-06,0
92,0.1716666666666668,4.03775038648746e-06,0
93,0.17333333333333348,4.037833150505321e-06,0
94,0.17500000000000016,4.0376794459007215e-06,0
95,0.17666666666666683,4.037700819026213e-06,0
96,0.1783333333333335,4.037839971715584e-06,0
97,0.1800000000000002,4.037790859001689e-06,0
98,0.18166666666666687,4.037830876768567e-06,0
99,0.18333333333333354,4.037816779600689e-06,0
100,0.18500000000000022,4.037679900648072e-06,0
101,0.1866666666666669,4.0378836274612695e-06,0
102,0.18833333333333357,4.037792677991092e-06,0
103,0.19000000000000025,4.037752660224214e-06,0
104,0.19166666666666693,4.037788130517583e-06,0
105,0.1933333333333336,4.037574854010018e-06,0
106,0.19500000000000028,4.037828603031812e-06,0
107,0.19666666666666696,4.0377713048656005e-06,0
108,0.19833333333333364,4.037816779600689e-06,0
109,0.20000000000000032,4.037724465888459e-06,0
110,0.201666666666667,4.037752660224214e-06,0
111,0.20333333333333367,4.03769900003681e-06,0
112,0.20500000000000035,4.037712187709985e-06,0
113,0.20666666666666703,4.037761755171232e-06,0
114,0.2083333333333337,4.0377435652771965e-06,0
115,0.21000000000000038,4.037702183268266e-06,0
116,0.21166666666666706,4.03778631152818e-06,0
117,0.21333333333333374,4.037792223243741e-06,0
118,0.2150000000000004,4.037790859001689e-06,0
119,0.2166666666666671,4.037617600261001e-06,0
120,0.21833333333333377,4.037741746287793e-06,0
121,0.22000000000000045,4.037736289319582e-06,0
122,0.22166666666666712,4.037746748508653e-06,0
123,0.2233333333333338,4.0378035919275135e-06,0
124,0.22500000000000048,4.0377913137490395e-06,0
125,0.22666666666666715,4.037779035570566e-06,0
126,0.22833333333333383,4.0376594370172825e-06,0
127,0.2300000000000005,4.037874532514252e-06,0
128,0.2316666666666672,4.037779035570566e-06,0
129,0.23333333333333386,4.037748567498056e-06,0
130,0.23500000000000054,4.037726284877863e-06,0
131,0.23666666666666722,4.037838152726181e-06,0
132,0.2383333333333339,4.03764806833351e-06,0
133,0.24000000000000057,4.037722646899056e-06,0
134,0.24166666666666725,4.0377954064751975e-06,0
135,0.24333333333333393,4.037713551952038e-06,0
136,0.2450000000000006,4.037813596369233e-06,0
137,0.24666666666666728,4.037698090542108e-06,0
138,0.24833333333333396,4.037844973936444e-06,0
139,0.2500000000000006,4.0376994547841605e-06,0
140,0.25166666666666726,4.037753114971565e-06,0
141,0.2533333333333339,4.0376994547841605e-06,0
142,0.25500000000000056,4.037744929519249e-06,0
143,0.2566666666666672,4.03777085011825e-06,0
144,0.25833333333333386,4.037832241010619e-06,0
145,0.2600000000000005,4.037879079987761e-06,0
146,0.26166666666666716,4.037696726300055e-06,0
147,0.2633333333333338,4.037835878989426e-06,0
148,0.26500000000000046,4.037652615807019e-06,0
149,0.2666666666666671,4.0377717596129514e-06,0
150,0.26833333333333376,4.037772214360302e-06,0
151,0.2700000000000004,4.03760168410372e-06,0
152,0.27166666666666706,4.037828148284461e-06,0
153,0.2733333333333337,4.0377872210228816e-06,0
154,0.27500000000000036,4.037790404254338e-06,0
155,0.276666666666667,4.037810867885128e-06,0
156,0.27833333333333365,4.037792223243741e-06,0
157,0.2800000000000003,4.037806320411619e-06,0
158,0.28166666666666695,4.037756752950372e-06,0
159,0.2833333333333336,4.0378477024205495e-06,0
160,0.28500000000000025,4.037790859001689e-06,0
161,0.2866666666666669,4.037854523630813e-06,0
162,0.28833333333333355,4.037825874547707e-06,0
163,0.2900000000000002,4.037673988932511e-06,0
164,0.29166666666666685,4.0378595258516725e-06,0
165,0.2933333333333335,4.0377030927629676e-06,0
166,0.29500000000000015,4.03783269575797e-06,0
167,0.2966666666666668,4.037704911752371e-06,0
168,0.29833333333333345,4.037826784042409e-06,0
169,0.3000000000000001,4.037662620248739e-06,0
170,0.30166666666666675,4.037866347061936e-06,0
171,0.3033333333333334,4.037678081658669e-06,0
172,0.30500000000000005,4.037869985040743e-06,0
173,0.3066666666666667,4.037794951727847e-06,0
174,0.30833333333333335,4.03784270019969e-06,0
175,0.31,4.03777630708646e-06,0
176,0.31166666666666665,4.037818598590093e-06,0
177,0.3133333333333333,4.037818598590093e-06,0
178,0.31499999999999995,4.037711732962634e-06,0
179,0.3166666666666666,4.037824055558303e-06,0
180,0.31833333333333325,4.0378317862632684e-06,0
181,0.3199999999999999,4.037748112750705e-06,0
182,0.32166666666666655,4.037814960611286e-06,0
183,0.3233333333333332,4.037786766275531e-06,0
184,0.32499999999999984,4.037838607473532e-06,0
185,0.3266666666666665,4.0378517951467074e-06,0
186,0.32833333333333314,4.037804046674864e-06,0
187,0.3299999999999998,4.037745839013951e-06,0
188,0.33166666666666644,4.037726739625214e-06,0
189,0.3333333333333331,4.037862254335778e-06,0
190,0.33499999999999974,4.037734470330179e-06,0
191,0.3366666666666664,4.037714006699389e-06,0
192,0.33833333333333304,4.037873168272199e-06,0
193,0.3399999999999997,4.0377954064751975e-06,0
194,0.34166666666666634,4.0377276491199154e-06,0
195,0.343333333333333,4.03785315938876e-06,0
196,0.34499999999999964,4.037809958390426e-06,0
197,0.3466666666666663,4.037762664665934e-06,0
198,0.34833333333333294,4.0385366446571425e-06,0
199,0.3499999999999996,4.038879524159711e-06,0
200,0.35166666666666624,4.040152361994842e-06,0
201,0.3533333333333329,4.03942794946488e-06,0
202,0.35499999999999954,4.041123247588985e-06,0
203,0.3566666666666662,4.040099156554788e-06,0
204,0.35833333333333284,4.041227384732338e-06,0
205,0.3599999999999995,4.041170541313477e-06,0
206,0.36166666666666614,4.041978172608651e-06,0
207,0.3633333333333328,4.042068667331478e-06,0
208,0.36499999999999944,4.0427262320008595e-06,0
209,0.3666666666666661,4.043067292514024e-06,0
210,0.36833333333333274,4.0435029404761735e-06,0
211,0.3699999999999994,4.0439836084260605e-06,0
212,0.37166666666666603,4.044360593979945e-06,0
213,0.3733333333333327,4.04479396820534e-06,0
214,0.37499999999999933,4.045138666697312e-06,0
215,0.376666666666666,4.045582500111777e-06,0
216,0.37833333333333263,4.046024514536839e-06,0
217,0.3799999999999993,4.046407866553636e-06,0
218,0.38166666666666593,4.046797585033346e-06,0
219,0.3833333333333326,4.0472200453223195e-06,0
220,0.38499999999999923,4.047623860969907e-06,0
221,0.3866666666666659,4.04802585762809e-06,0
222,0.38833333333333253,4.048426944791572e-06,0
223,0.3899999999999992,4.048833488923265e-06,0
224,0.39166666666666583,4.0492345760867465e-06,0
225,0.3933333333333325,4.049629296787316e-06,0
226,0.39499999999999913,4.050027200719342e-06,0
227,0.3966666666666658,4.0504442040401045e-06,0
228,0.39833333333333243,4.050853931403253e-06,0
229,0.3999999999999991,4.051198175147874e-06,0
230,0.40166666666666573,4.0515415093977936e-06,0
231,0.4033333333333324,4.052034910273505e-06,0
232,0.404999999999999,4.052345957461512e-06,0
233,0.4066666666666657,4.0527511373511516e-06,0
234,0.4083333333333323,4.053090378874913e-06,0
235,0.409999999999999,4.053474640386412e-06,0
236,0.4116666666666656,4.053827979078051e-06,0
237,0.4133333333333323,4.0542095121054444e-06,0
238,0.4149999999999989,4.054531018482521e-06,0
239,0.4166666666666656,4.0545814954384696e-06,0
240,0.4183333333333322,4.054825240018545e-06,0
241,0.4199999999999989,4.055200861330377e-06,0
242,0.4216666666666655,4.055510544276331e-06,0
243,0.4233333333333322,4.05585888074711e-06,0
244,0.4249999999999988,4.056215402670205e-06,0
245,0.4266666666666655,4.056490979564842e-06,0
246,0.4283333333333321,4.056488705828087e-06,0
247,0.42999999999999877,4.056556008436019e-06,0
248,0.4316666666666654,4.056794296047883e-06,0
249,0.43333333333333207,4.057054866279941e-06,0
250,0.4349999999999987,4.057318619743455e-06,0
251,0.43666666666666537,4.057584192196373e-06,0
252,0.438333333333332,4.057845217175782e-06,0
253,0.43999999999999867,4.057872047269484e-06,0
254,0.4416666666666653,4.057871592522133e-06,0
255,0.44333333333333197,4.057889327668818e-06,0
256,0.4449999999999986,4.057977093907539e-06,0
257,0.44666666666666527,4.058076683577383e-06,0
258,0.4483333333333319,4.058145805174718e-06,0
259,0.44999999999999857,4.058243121107807e-06,0
260,0.4516666666666652,4.058319063915405e-06,0
261,0.45333333333333187,4.058288595842896e-06,0
262,0.4549999999999985,4.058284503116738e-06,0
263,0.45666666666666517,4.058283138874685e-06,0
264,0.4583333333333318,4.058278136653826e-06,0
265,0.45999999999999847,4.058291324327001e-06,0
266,0.4616666666666651,4.058257673023036e-06,0
267,0.46333333333333176,4.058276772411773e-06,0
268,0.4649999999999984,4.058287231600843e-06,0
269,0.46666666666666506,4.058283138874685e-06,0
270,0.4683333333333317,4.058281774632633e-06,0
271,0.46999999999999836,4.0582708606962115e-06,0
272,0.471666666666665,4.058265858475352e-06,0
273,0.47333333333333166,4.0582826841273345e-06,0
274,0.4749999999999983,4.058275862917071e-06,0
275,0.47666666666666496,4.058276772411773e-06,0
276,0.4783333333333316,4.058286322106142e-06,0
277,0.47999999999999826,4.058278136653826e-06,0
278,0.4816666666666649,4.058260401507141e-06,0
279,0.48333333333333156,4.058286322106142e-06,0
280,0.4849999999999982,4.058273589180317e-06,0
281,0.48666666666666486,4.0582749534223694e-06,0
282,0.4883333333333315,4.058271315443562e-06,0
283,0.48999999999999816,4.058283138874685e-06,0
284,0.4916666666666648,4.05828541261144e-06,0
285,0.49333333333333146,4.058267677464755e-06,0
286,0.4949999999999981,4.058279500895878e-06,0
287,0.49666666666666476,4.058279500895878e-06,0
288,0.4983333333333314,4.058276317664422e-06,0
289,0.49999999999999806,4.058276772411773e-06,0
290,0.5016666666666647,4.058280865137931e-06,0
291,0.5033333333333314,4.058273134432966e-06,0
292,0.5049999999999981,4.058273589180317e-06,0
293,0.5066666666666648,4.058284048369387e-06,0
294,0.5083333333333315,4.058280865137931e-06,0
295,0.5099999999999982,4.058280865137931e-06,0
296,0.5116666666666649,4.0582908695796505e-06,0
297,0.5133333333333316,4.058289050590247e-06,0
298,0.5149999999999983,4.0582704059488606e-06,0
299,0.516666666666665,4.058271770190913e-06,0
300,0.5183333333333318,4.058277227159124e-06,0
301,0.5199999999999985,4.058279046148527e-06,0
302,0.5216666666666652,4.05827540816972e-06,0
303,0.5233333333333319,4.058281774632633e-06,0
304,0.5249999999999986,4.0582744986750185e-06,0
305,0.5266666666666653,4.058286322106142e-06,0
306,0.528333333333332,4.058265858475352e-06,0
307,0.5299999999999987,4.058276772411773e-06,0
308,0.5316666666666654,4.058292233821703e-06,0
309,0.5333333333333321,4.058278136653826e-06,0
310,0.5349999999999988,4.058280865137931e-06,0
311,0.5366666666666655,4.0582708606962115e-06,0
312,0.5383333333333322,4.058283593622036e-06,0
313,0.5399999999999989,4.058293143316405e-06,0
314,0.5416666666666656,4.058284503116738e-06,0
315,0.5433333333333323,4.0582785914011765e-06,0
316,0.544999999999999,4.0582785914011765e-06,0
317,0.5466666666666657,4.0582704059488606e-06,0
318,0.5483333333333325,4.058276772411773e-06,0
319,0.5499999999999992,4.058269041706808e-06,0
320,0.5516666666666659,4.058266313222703e-06,0
321,0.5533333333333326,4.058279955643229e-06,0
322,0.5549999999999993,4.05828041039058e-06,0
323,0.556666666666666,4.058279500895878e-06,0
324,0.5583333333333327,4.058265858475352e-06,0
325,0.5599999999999994,4.058281319885282e-06,0
326,0.5616666666666661,4.058278136653826e-06,0
327,0.5633333333333328,4.058279955643229e-06,0
328,0.5649999999999995,4.058281774632633e-06,0
329,0.5666666666666662,4.058267677464755e-06,0
330,0.5683333333333329,4.058279046148527e-06,0
331,0.5699999999999996,4.058264494233299e-06,0
332,0.5716666666666663,4.058279046148527e-06,0
333,0.573333333333333,4.0582826841273345e-06,0
334,0.5749999999999997,4.058269041706808e-06,0
335,0.5766666666666664,4.058272224938264e-06,0
336,0.5783333333333331,4.058269041706808e-06,0
337,0.5799999999999998,4.058277227159124e-06,0
338,0.5816666666666666,4.058273589180317e-06,0
339,0.5833333333333333,4.0582826841273345e-06,0
340,0.585,4.0582708606962115e-06,0
341,0.5866666666666667,4.058267677464755e-06,0
342,0.5883333333333334,4.058292233821703e-06,0
343,0.5900000000000001,4.058280865137931e-06,0
344,0.5916666666666668,4.058283138874685e-06,0
345,0.5933333333333335,4.058271770190913e-06,0
346,0.5950000000000002,4.0582785914011765e-06,0
347,0.5966666666666669,4.0582785914011765e-06,0
348,0.5983333333333336,4.0582667679700535e-06,0
349,0.6000000000000003,4.058284048369387e-06,0
350,0.601666666666667,4.0582826841273345e-06,0
351,0.6033333333333337,4.058278136653826e-06,0
352,0.6050000000000004,4.058282229379984e-06,0
353,0.6066666666666671,4.058265403728001e-06,0
354,0.6083333333333338,4.05825994675979e-06,0
355,0.6100000000000005,4.058276317664422e-06,0
356,0.6116666666666672,4.058272679685615e-06,0
357,0.613333333333334,4.058279955643229e-06,0
358,0.6150000000000007,4.0582667679700535e-06,0
359,0.6166666666666674,4.058277681906475e-06,0
360,0.6183333333333341,4.058285867358791e-06,0
361,0.6200000000000008,4.0582626752438955e-06,0
362,0.6216666666666675,4.058279046148527e-06,0
363,0.6233333333333342,4.058285867358791e-06,0
364,0.6250000000000009,4.0582867768534925e-06,1
365,0.6266666666666676,4.058277227159124e-06,1
366,0.6283333333333343,4.058272679685615e-06,1
367,0.630000000000001,4.058285867358791e-06,1
368,0.6316666666666677,4.058289505337598e-06,1
369,0.6333333333333344,4.058281774632633e-06,1
370,0.6350000000000011,4.058287686348194e-06,1
371,0.6366666666666678,4.058283138874685e-06,1
372,0.6383333333333345,4.058281774632633e-06,1
373,0.6400000000000012,4.058281319885282e-06,1
374,0.6416666666666679,4.058282229379984e-06,1
375,0.6433333333333346,4.058266313222703e-06,1
376,0.6450000000000014,4.058287686348194e-06,1
377,0.646666666666668,4.0582749534223694e-06,1
378,0.6483333333333348,4.058256308780983e-06,1
379,0.6500000000000015,4.058165359310806e-06,1
380,0.6516666666666682,4.0579620872449595e-06,1
381,0.6533333333333349,4.0577942854724824e-06,1
382,0.6550000000000016,4.057598744111601e-06,1
383,0.6566666666666683,4.057423211634159e-06,1
384,0.658333333333335,4.057343176100403e-06,1
385,0.6600000000000017,4.057344540342456e-06,1
386,0.6616666666666684,4.0572772377345245e-06,1
387,0.6633333333333351,4.0570412238594145e-06,1
388,0.6650000000000018,4.056634679727722e-06,1
389,0.6666666666666685,4.056222678627819e-06,1
390,0.6683333333333352,4.0558024920756e-06,1
391,0.6700000000000019,4.055425961269066e-06,1
392,0.6716666666666686,4.055213139508851e-06,1
393,0.6733333333333353,4.055122190038674e-06,1
394,0.675000000000002,4.0549061850470025e-06,1
395,0.6766666666666687,4.054470082337502e-06,1
396,0.6783333333333355,4.053998509334633e-06,1
397,0.6800000000000022,4.053501015732763e-06,1
398,0.6816666666666689,4.0529994294047356e-06,1
399,0.6833333333333356,4.0526151678932365e-06,1
400,0.6850000000000023,4.052294116263511e-06,1
401,0.686666666666669,4.0521263144910336e-06,1
402,0.6883333333333357,4.051604719279567e-06,1
403,0.6900000000000024,4.051159066875698e-06,1
404,0.6916666666666691,4.05065748054767e-06,1
405,0.6933333333333358,4.050181814818643e-06,1
406,0.6950000000000025,4.0497034206055105e-06,1
407,0.6966666666666692,4.049269136885414e-06,1
408,0.6983333333333359,4.048911705467617e-06,1
409,0.7000000000000026,4.048480150231626e-06,1
410,0.7016666666666693,4.047942184115527e-06,1
411,0.703333333333336,4.047547463414958e-06,1
412,0.7050000000000027,4.04709226131672e-06,1
413,0.7066666666666694,4.046688900416484e-06,1
414,0.7083333333333361,4.046249614475528e-06,1
415,0.7100000000000029,4.045851255796151e-06,1
416,0.7116666666666696,4.045398327434668e-06,1
417,0.7133333333333363,4.044971319672186e-06,1
418,0.715000000000003,4.044598426844459e-06,1
419,0.7166666666666697,4.0442159843223635e-06,1
420,0.7183333333333364,4.043780336360214e-06,1
421,0.7200000000000031,4.0433669710182585e-06,1
422,0.7216666666666698,4.042953150928952e-06,1
423,0.7233333333333365,4.042548425786663e-06,1
424,0.7250000000000032,4.042144155391725e-06,1
425,0.7266666666666699,4.041773991048103e-06,1
426,0.7283333333333366,4.041234205942601e-06,1
427,0.7300000000000033,4.0408913264400326e-06,1
428,0.73166666666667,4.040508429170586e-06,1
429,0.7333333333333367,4.040015028294874e-06,1
430,0.7350000000000034,4.039791292598238e-06,1
431,0.7366666666666701,4.039174655190436e-06,1
432,0.7383333333333368,4.0388490560872015e-06,1
433,0.7400000000000035,4.038399765704526e-06,1
434,0.7416666666666702,4.03799685955164e-06,1
435,0.743333333333337,4.0375593926000874e-06,1
436,0.7450000000000037,4.037144663016079e-06,1
437,0.7466666666666704,4.036804057250265e-06,1
438,0.7483333333333371,4.036255177197745e-06,1
439,0.7500000000000038,4.035846814076649e-06,1
440,0.7516666666666705,4.035403890156886e-06,1
441,0.7533333333333372,4.035532128909836e-06,1
442,0.7550000000000039,4.035523488710169e-06,1
443,0.7566666666666706,4.0355366763833445e-06,1
444,0.7583333333333373,4.035551228298573e-06,1
445,0.760000000000004,4.035541223856853e-06,1
446,0.7616666666666707,4.0355607779929414e-06,1
447,0.7633333333333374,4.03555986849824e-06,1
448,0.7650000000000041,4.035557140014134e-06,1
449,0.7666666666666708,4.035567599203205e-06,1
450,0.7683333333333375,4.035541223856853e-06,1
451,0.7700000000000042,4.035543042846257e-06,1
452,0.7716666666666709,4.035555321024731e-06,1
453,0.7733333333333376,4.035552137793275e-06,1
454,0.7750000000000044,4.035551228298573e-06,1
455,0.7766666666666711,4.035558959003538e-06,1
456,0.7783333333333378,4.035550318803871e-06,1
457,0.7800000000000045,4.0355603232455906e-06,1
458,0.7816666666666712,4.035553502035327e-06,1
459,0.7833333333333379,4.035549409309169e-06,1
460,0.7850000000000046,4.0355607779929414e-06,1
461,0.7866666666666713,4.035553502035327e-06,1
462,0.788333333333338,4.035567144455854e-06,1
463,0.7900000000000047,4.035545316583011e-06,1
464,0.7916666666666714,4.035557594761485e-06,1
465,0.7933333333333381,4.035557594761485e-06,1
466,0.7950000000000048,4.03554986405652e-06,1
467,0.7966666666666715,4.035559413750889e-06,1
468,0.7983333333333382,4.035558959003538e-06,1
469,0.8000000000000049,4.035562596982345e-06,1
470,0.8016666666666716,4.035579422634328e-06,1
471,0.8033333333333383,4.035549409309169e-06,1
472,0.805000000000005,4.035563961224398e-06,1
473,0.8066666666666718,4.0355484998144675e-06,1
474,0.8083333333333385,4.035551683045924e-06,1
475,0.8100000000000052,4.0355566852667835e-06,1
476,0.8116666666666719,4.0355325836571865e-06,1
477,0.8133333333333386,4.035548045067117e-06,1
478,0.8150000000000053,4.035552137793275e-06,1
479,0.816666666666672,4.035543952340959e-06,1
480,0.8183333333333387,4.03554986405652e-06,1
481,0.8200000000000054,4.035558049508836e-06,1
482,0.8216666666666721,4.035557594761485e-06,1
483,0.8233333333333388,4.035551683045924e-06,1
484,0.8250000000000055,4.03555986849824e-06,1
485,0.8266666666666722,4.035551228298573e-06,1
486,0.8283333333333389,4.035558959003538e-06,1
487,0.8300000000000056,4.035562142234994e-06,1
488,0.8316666666666723,4.035548954561818e-06,1
489,0.833333333333339,4.035553502035327e-06,1
490,0.8350000000000057,4.035557140014134e-06,1
491,0.8366666666666724,4.035555775772082e-06,1
492,0.8383333333333391,4.0355607779929414e-06,1
493,0.8400000000000059,4.035550318803871e-06,1
494,0.8416666666666726,4.035566689708503e-06,1
495,0.8433333333333393,4.035557140014134e-06,1
496,0.845000000000006,4.03555486627738e-06,1
497,0.8466666666666727,4.035555775772082e-06,1
498,0.8483333333333394,4.035537131130695e-06,1
499,0.8500000000000061,4.035555775772082e-06,1
500,0.8516666666666728,4.035548954561818e-06,1
501,0.8533333333333395,4.035548045067117e-06,1
502,0.8550000000000062,4.0355685086979065e-06,1
503,0.8566666666666729,4.035577148897573e-06,1
504,0.8583333333333396,4.03555986849824e-06,1
505,0.8600000000000063,4.035563961224398e-06,1
506,0.861666666666673,4.035561687487643e-06,1
507,0.8633333333333397,4.035563051729696e-06,1
508,0.8650000000000064,4.035547135572415e-06,1
509,0.8666666666666731,4.035545316583011e-06,1
510,0.8683333333333398,4.035547590319766e-06,1
511,0.8700000000000065,4.035557594761485e-06,1
512,0.8716666666666733,4.0355603232455906e-06,1
513,0.87333333333334,4.035568053950556e-06,1
514,0.8750000000000067,4.035561232740292e-06,1
515,0.8766666666666734,4.0355403143621515e-06,1
516,0.8783333333333401,4.0355562305194326e-06,1
517,0.8800000000000068,4.035546226077713e-06,1
518,0.8816666666666735,4.03553940486745e-06,1
519,0.8833333333333402,4.0355603232455906e-06,1
520,0.8850000000000069,4.035566234961152e-06,1
521,0.8866666666666736,4.035553956782678e-06,1
522,0.8883333333333403,4.03554486183566e-06,1
523,0.890000000000007,4.03555986849824e-06,1
524,0.8916666666666737,4.035553047287976e-06,1
525,0.8933333333333404,4.0355484998144675e-06,1
526,0.8950000000000071,4.035568053950556e-06,1
527,0.8966666666666738,4.0355644159717485e-06,1
528,0.8983333333333405,4.035561232740292e-06,1
529,0.9000000000000072,4.0355525925406255e-06,1
530,0.9016666666666739,4.0355484998144675e-06,1
531,0.9033333333333406,4.035549409309169e-06,1
532,0.9050000000000074,4.0355607779929414e-06,1
533,0.9066666666666741,4.035567144455854e-06,1
534,0.9083333333333408,4.0355603232455906e-06,1
535,0.9100000000000075,4.035555321024731e-06,1
536,0.9116666666666742,4.0355766941502225e-06,1
537,0.9133333333333409,4.035553502035327e-06,1
538,0.9150000000000076,4.03555486627738e-06,1
539,0.9166666666666743,4.035541223856853e-06,1
540,0.918333333333341,4.0355562305194326e-06,1
541,0.9200000000000077,4.035551228298573e-06,1
542,0.9216666666666744,4.035555321024731e-06,1
543,0.9233333333333411,4.03556532546645e-06,1
544,0.9250000000000078,4.035552137793275e-06,1
545,0.9266666666666745,4.0355644159717485e-06,1
546,0.9283333333333412,4.035547590319766e-06,1
547,0.9300000000000079,4.0355562305194326e-06,1
548,0.9316666666666746,4.035551683045924e-06,1
549,0.9333333333333413,4.035555775772082e-06,1
550,0.935000000000008,4.035547135572415e-06,1
551,0.9366666666666748,4.035537131130695e-06,1
552,0.9383333333333415,4.035557140014134e-06,1
553,0.9400000000000082,4.0355566852667835e-06,1
554,0.9416666666666749,4.035550773551222e-06,1
555,0.9433333333333416,4.0355766941502225e-06,1
556,0.9450000000000083,4.035557594761485e-06,1
557,0.946666666666675,4.0355525925406255e-06,1
558,0.9483333333333417,4.0355603232455906e-06,1
559,0.9500000000000084,4.03555486627738e-06,1
560,0.9516666666666751,4.035554411530029e-06,1
561,0.9533333333333418,4.035559413750889e-06,1
562,0.9550000000000085,4.035971869598143e-06,1
563,0.9566666666666752,4.036366590298712e-06,1
564,0.9583333333333419,4.0367981455347035e-06,1
565,0.9600000000000086,4.037173766846536e-06,1
566,0.9616666666666753,4.037582129967632e-06,1
567,0.963333333333342,4.038862698507728e-06,1
568,0.9650000000000087,4.0382760744250845e-06,1
569,0.9666666666666754,4.039212853967911e-06,1
570,0.9683333333333421,4.03924832426128e-06,1
571,0.9700000000000089,4.039999112137593e-06,1
572,0.9716666666666756,4.0401623664365616e-06,1
573,0.9733333333333423,4.040388830617303e-06,1
574,0.975000000000009,4.0409959183307365e-06,1
575,0.9766666666666757,4.0412319322058465e-06,1
576,0.9783333333333424,4.041778083774261e-06,1
577,0.9800000000000091,4.042131877213251e-06,1
578,0.9816666666666758,4.042569344164804e-06,1
579,0.9833333333333425,4.042995442432584e-06,1
580,0.9850000000000092,4.0433910726278555e-06,1
581,0.9866666666666759,4.04380898544332e-06,1
582,0.9883333333333426,4.044223715027329e-06,1
583,0.9900000000000093,4.044614797749091e-06,1
584,0.991666666666676,4.0450290725857485e-06,1
585,0.9933333333333427,4.045447440148564e-06,1
586,0.9950000000000094,4.0458780858898535e-06,1
587,0.9966666666666761,4.046300091431476e-06,1
588,0.9983333333333428,4.046749836561503e-06,1
589,1.0000000000000095,4.0471641113981605e-06,1
590,1.0016666666666763,4.0475924834026955e-06,1
591,1.003333333333343,4.0480013012711424e-06,1
592,1.0050000000000097,4.0484455894329585e-06,1
593,1.0066666666666764,4.048891696584178e-06,1
594,1.008333333333343,4.049288236274151e-06,1
595,1.0100000000000098,4.049732069688616e-06,1
596,1.0116666666666765,4.050196821481222e-06,1
597,1.0133333333333432,4.050723418913549e-06,1
598,1.01500000000001,4.0511895349482074e-06,1
599,1.0166666666666766,4.051647920277901e-06,1
600,1.0183333333333433,4.052156782563543e-06,1
601,1.02000000000001,4.052320491609862e-06,1
602,1.0216666666666767,4.052661097375676e-06,1
603,1.0233333333333434,4.05302216677228e-06,1
604,1.0250000000000101,4.053521934110904e-06,1
605,1.0266666666666768,4.054025794175686e-06,1
606,1.0283333333333435,4.054495548189152e-06,1
607,1.0300000000000102,4.054940291098319e-06,1
608,1.031666666666677,4.055137196701253e-06,1
609,1.0333333333333437,4.0552304199081846e-06,1
610,1.0350000000000104,4.055445515405154e-06,1
611,1.036666666666677,4.055831141158706e-06,1
612,1.0383333333333438,4.056250418216223e-06,1
613,1.0400000000000105,4.056654688611161e-06,1
614,1.0416666666666772,4.057053956785239e-06,1
615,1.0433333333333439,4.057290880155051e-06,1
616,1.0450000000000106,4.057355454278877e-06,1
617,1.0466666666666773,4.057354090036824e-06,1
618,1.048333333333344,4.057448677485809e-06,1
619,1.0500000000000107,4.057625119457953e-06,1
620,1.0516666666666774,4.0578383959655184e-06,1
621,1.0533333333333441,4.058010745211504e-06,1
622,1.0550000000000108,4.05819810112007e-06,1
623,1.0566666666666775,4.058284957864089e-06,1
624,1.0583333333333442,4.058288595842896e-06,1
625,1.060000000000011,4.058272224938264e-06,1
626,1.0616666666666776,4.058268586959457e-06,1
627,1.0633333333333443,4.058279046148527e-06,1
628,1.065000000000011,4.058286322106142e-06,1
629,1.0666666666666778,4.058275862917071e-06,1
630,1.0683333333333445,4.05828041039058e-06,1
631,1.0700000000000112,4.058267222717404e-06,1
632,1.0716666666666779,4.058281319885282e-06,1
633,1.0733333333333446,4.058283138874685e-06,1
634,1.0750000000000113,4.058281774632633e-06,1
635,1.076666666666678,4.058271315443562e-06,1
636,1.0783333333333447,4.058284503116738e-06,1
637,1.0800000000000114,4.058285867358791e-06,1
638,1.081666666666678,4.058279955643229e-06,1
639,1.0833333333333448,4.058282229379984e-06,1
640,1.0850000000000115,4.058292233821703e-06,1
641,1.0866666666666782,4.058277681906475e-06,1
642,1.088333333333345,4.0582626752438955e-06,1
643,1.0900000000000116,4.058283593622036e-06,1
644,1.0916666666666783,4.058266313222703e-06,1
645,1.093333333333345,4.058276317664422e-06,1
646,1.0950000000000117,4.0582826841273345e-06,1
647,1.0966666666666784,4.058279046148527e-06,1
648,1.0983333333333452,4.05827540816972e-06,1
649,1.1000000000000119,4.058273134432966e-06,1
650,1.1016666666666786,4.0582749534223694e-06,1
651,1.1033333333333453,4.05828541261144e-06,1
652,1.105000000000012,4.05826995120151e-06,1
653,1.1066666666666787,4.058281319885282e-06,1
654,1.1083333333333454,4.05826995120151e-06,1
655,1.110000000000012,4.058273589180317e-06,1
656,1.1116666666666788,4.058272224938264e-06,1
657,1.1133333333333455,4.0582785914011765e-06,1
658,1.1150000000000122,4.058276772411773e-06,1
659,1.116666666666679,4.058285867358791e-06,1
660,1.1183333333333456,4.058291779074352e-06,1
661,1.1200000000000123,4.058275862917071e-06,1
662,1.121666666666679,4.058273589180317e-06,1
663,1.1233333333333457,4.0582826841273345e-06,1
664,1.1250000000000124,4.058279955643229e-06,1
665,1.1266666666666791,4.058275862917071e-06,1
666,1.1283333333333458,4.058281774632633e-06,1
667,1.1300000000000125,4.058286322106142e-06,1
668,1.1316666666666793,4.0582785914011765e-06,1
669,1.133333333333346,4.058267222717404e-06,1
670,1.1350000000000127,4.058269496454159e-06,1
671,1.1366666666666794,4.058267222717404e-06,1
672,1.138333333333346,4.058266313222703e-06,1
673,1.1400000000000128,4.058281319885282e-06,1
674,1.1416666666666795,4.058274043927668e-06,1
675,1.1433333333333462,4.0582785914011765e-06,1
676,1.145000000000013,4.058262220496545e-06,1
677,1.1466666666666796,4.058284957864089e-06,1
678,1.1483333333333463,4.058265403728001e-06,1
679,1.150000000000013,4.058279955643229e-06,1
680,1.1516666666666797,4.058257673023036e-06,1
681,1.1533333333333464,4.058276317664422e-06,1
682,1.1550000000000131,4.058283593622036e-06,1
683,1.1566666666666798,4.058269496454159e-06,1
684,1.1583333333333465,4.058268586959457e-06,1
685,1.1600000000000132,4.058266313222703e-06,1
686,1.16166666666668,4.058278136653826e-06,1
687,1.1633333333333467,4.058263129991246e-06,1
688,1.1650000000000134,4.058292233821703e-06,1
689,1.16666666666668,4.05828541261144e-06,1
690,1.1683333333333468,4.058284048369387e-06,1
691,1.1700000000000135,4.058275862917071e-06,1
692,1.1716666666666802,4.058276317664422e-06,1
693,1.1733333333333469,4.058293143316405e-06,1
694,1.1750000000000136,4.058275862917071e-06,1
695,1.1766666666666803,4.0582949623058084e-06,1
696,1.178333333333347,4.0582704059488606e-06,1
697,1.1800000000000137,4.05828041039058e-06,1
698,1.1816666666666804,4.058277681906475e-06,1
699,1.1833333333333471,4.058279046148527e-06,1
700,1.1850000000000138,4.058269496454159e-06,1
701,1.1866666666666805,4.0582785914011765e-06,1
702,1.1883333333333472,4.058288141095545e-06,1
703,1.190000000000014,4.058275862917071e-06,1
704,1.1916666666666806,4.058284957864089e-06,1
705,1.1933333333333473,4.058288595842896e-06,1
706,1.195000000000014,4.0582785914011765e-06,1
707,1.1966666666666808,4.058276317664422e-06,1
708,1.1983333333333475,4.0582908695796505e-06,1
709,1.2000000000000142,4.058279955643229e-06,1
710,1.2016666666666809,4.058289960084949e-06,1
711,1.2033333333333476,4.058281319885282e-06,1
712,1.2050000000000143,4.058265858475352e-06,1
713,1.206666666666681,4.058281319885282e-06,1
714,1.2083333333333477,4.05826494898065e-06,1
715,1.2100000000000144,4.05826995120151e-06,1
716,1.211666666666681,4.0582785914011765e-06,1
717,1.2133333333333478,4.058261765749194e-06,1
718,1.2150000000000145,4.0582785914011765e-06,1
719,1.2166666666666812,4.058269496454159e-06,1
720,1.218333333333348,4.058282229379984e-06,1
721,1.2200000000000146,4.058284503116738e-06,1
722,1.2216666666666813,4.058279046148527e-06,1
723,1.223333333333348,4.058275862917071e-06,1
724,1.2250000000000147,4.0582749534223694e-06,1
725,1.2266666666666814,4.058287231600843e-06,1
726,1.2283333333333482,4.058279955643229e-06,1
727,1.2300000000000149,4.058272224938264e-06,1
728,1.2316666666666816,4.058274043927668e-06,2
729,1.2333333333333483,4.058277227159124e-06,2
730,1.235000000000015,4.058279500895878e-06,2
731,1.2366666666666817,4.0582704059488606e-06,2
732,1.2383333333333484,4.05826995120151e-06,2
733,1.240000000000015,4.058272679685615e-06,2
734,1.2416666666666818,4.058268586959457e-06,2
735,1.2433333333333485,4.05829587180051e-06,2
736,1.2450000000000152,4.058271770190913e-06,2
737,1.246666666666682,4.0582704059488606e-06,2
738,1.2483333333333486,4.058271315443562e-06,2
739,1.2500000000000153,4.0582704059488606e-06,2
740,1.251666666666682,4.058279046148527e-06,2
741,1.2533333333333487,4.05827540816972e-06,2
742,1.2550000000000154,4.058216291014105e-06,2
743,1.2566666666666821,4.058148988406174e-06,2
744,1.2583333333333488,4.058047579746926e-06,2
745,1.2600000000000156,4.0579780034022406e-06,2
746,1.2616666666666823,4.057888418174116e-06,2
747,1.263333333333349,4.0578502193966415e-06,2
748,1.2650000000000157,4.05786977353273e-06,2
749,1.2666666666666824,4.057834757986711e-06,2
750,1.268333333333349,4.057702426507603e-06,2
751,1.2700000000000158,4.057517344335793e-06,2
752,1.2716666666666825,4.057312708027894e-06,2
753,1.2733333333333492,4.057112619193504e-06,2
754,1.275000000000016,4.056938450958114e-06,2
755,1.2766666666666826,4.056866600876674e-06,2
756,1.2783333333333493,4.056847501487937e-06,2
757,1.280000000000016,4.0566565076005645e-06,2
758,1.2816666666666827,4.056430043419823e-06,2
759,1.2833333333333494,4.0561517380410805e-06,2
760,1.2850000000000161,4.0559234548709355e-06,2
761,1.2866666666666828,4.055660610902123e-06,2
762,1.2883333333333495,4.0554787119617686e-06,2
763,1.2900000000000162,4.055334102304187e-06,2
764,1.291666666666683,4.055153112858534e-06,2
765,1.2933333333333497,4.054852524859598e-06,2
766,1.2950000000000164,4.054584678669926e-06,2
767,1.296666666666683,4.0542895476392005e-06,2
768,1.2983333333333498,4.054018063470721e-06,2
769,1.3000000000000165,4.053770680911839e-06,2
770,1.3016666666666832,4.053519205626799e-06,2
771,1.3033333333333499,4.053286829730496e-06,2
772,1.3050000000000166,4.052982603752753e-06,2
773,1.3066666666666833,4.052741587656783e-06,2
774,1.30833333333335,4.052430085721426e-06,2
775,1.3100000000000167,4.0521904338675085e-06,2
776,1.3116666666666834,4.0518984860682394e-06,2
777,1.3133333333333501,4.051632913615322e-06,2
778,1.3150000000000168,4.051355517731281e-06,2
779,1.3166666666666835,4.05106266043731e-06,2
780,1.3183333333333502,4.050791631016182e-06,2
781,1.320000000000017,4.050491497764597e-06,2
782,1.3216666666666836,4.050250936415978e-06,2
783,1.3233333333333503,4.049988547194516e-06,2
784,1.325000000000017,4.049647941428702e-06,2
785,1.3266666666666838,4.04934417019831e-06,2
786,1.3283333333333505,4.049088147439761e-06,2
787,1.3300000000000172,4.048838945891475e-06,2
788,1.3316666666666839,4.048565187986242e-06,2
789,1.3333333333333506,4.048278242407832e-06,2
790,1.3350000000000173,4.047978109156247e-06,2
791,1.336666666666684,4.047707079735119e-06,2
792,1.3383333333333507,4.0474365050613414e-06,2
793,1.3400000000000174,4.047130460094195e-06,2
794,1.341666666666684,4.046868525620084e-06,2
795,1.3433333333333508,4.046588401251938e-06,2
796,1.3450000000000175,4.046297362947371e-06,2
797,1.3466666666666842,4.046028607262997e-06,2
798,1.348333333333351,4.045751666126307e-06,2
799,1.3500000000000176,4.045461082569091e-06,2
800,1.3516666666666843,4.045198693347629e-06,2
801,1.353333333333351,4.0449526750308e-06,2
802,1.3550000000000177,4.0446484490530565e-06,2
803,1.3566666666666845,4.0443760553898755e-06,2
804,1.3583333333333512,4.044098659505835e-06,2
805,1.3600000000000179,4.0441359487886075e-06,2
806,1.3616666666666846,4.044120487378677e-06,2
807,1.3633333333333513,4.0441063902108e-06,2
808,1.365000000000018,4.0441200326313265e-06,2
809,1.3666666666666847,4.04409638576908e-06,2
810,1.3683333333333514,4.0440995690005366e-06,2
811,1.370000000000018,4.044082288601203e-06,2
812,1.3716666666666848,4.0441063902108e-06,2
813,1.3733333333333515,4.0441041164740454e-06,2
814,1.3750000000000182,4.044105935463449e-06,2
815,1.376666666666685,4.044084562337957e-06,2
816,1.3783333333333516,4.044088200316764e-06,2
817,1.3800000000000183,4.044096840516431e-06,2
818,1.381666666666685,4.044085471832659e-06,2
819,1.3833333333333517,4.044093202537624e-06,2
820,1.3850000000000184,4.044090474053519e-06,2
821,1.3866666666666851,4.044088200316764e-06,2
822,1.3883333333333518,4.044088655064115e-06,2
823,1.3900000000000186,4.04409092880087e-06,2
824,1.3916666666666853,4.044104571221396e-06,2
825,1.393333333333352,4.044090474053519e-06,2
826,1.3950000000000187,4.0440841075906064e-06,2
827,1.3966666666666854,4.044088200316764e-06,2
828,1.398333333333352,4.0440877455694135e-06,2
829,1.4000000000000188,4.044077741127694e-06,2
830,1.4016666666666855,4.044085017085308e-06,2
831,1.4033333333333522,4.044075012643589e-06,2
832,1.405000000000019,4.044076376885641e-06,2
833,1.4066666666666856,4.044074103148887e-06,2
834,1.4083333333333523,4.044095021527028e-06,2
835,1.410000000000019,4.044095021527028e-06,2
836,1.4116666666666857,4.0440841075906064e-06,2
837,1.4133333333333524,4.044105480716098e-06,2
838,1.4150000000000191,4.0441041164740454e-06,2
839,1.4166666666666858,4.0441118471790105e-06,2
840,1.4183333333333525,4.044090474053519e-06,2
841,1.4200000000000192,4.044101842737291e-06,2
842,1.421666666666686,4.044114120915765e-06,2
843,1.4233333333333527,4.04410138798994e-06,2
844,1.4250000000000194,4.044094112032326e-06,2
845,1.426666666666686,4.044097750011133e-06,2
846,1.4283333333333528,4.044095021527028e-06,2
847,1.4300000000000195,4.044108663947554e-06,2
848,1.4316666666666862,4.04409638576908e-06,2
849,1.4333333333333529,4.0441036617266946e-06,2
850,1.4350000000000196,4.0440995690005366e-06,2
851,1.4366666666666863,4.0441077544528525e-06,2
852,1.438333333333353,4.044090474053519e-06,2
853,1.4400000000000197,4.044098659505835e-06,2
854,1.4416666666666864,4.044080469611799e-06,2
855,1.4433333333333531,4.044096840516431e-06,2
856,1.4450000000000198,4.044082743348554e-06,2
857,1.4466666666666865,4.044104571221396e-06,2
858,1.4483333333333532,4.044094566779677e-06,2
859,1.45000000000002,4.044096840516431e-06,2
860,1.4516666666666866,4.044102297484642e-06,2
861,1.4533333333333533,4.044072284159483e-06,2
862,1.45500000000002,4.044093202537624e-06,2
863,1.4566666666666868,4.044085471832659e-06,2
864,1.4583333333333535,4.044090019306168e-06,2
865,1.4600000000000202,4.044099114253186e-06,2
866,1.4616666666666869,4.044092293042922e-06,2
867,1.4633333333333536,4.0440918382955715e-06,2
868,1.4650000000000203,4.0441000237478875e-06,2
869,1.466666666666687,4.044095021527028e-06,2
870,1.4683333333333537,4.04408592658001e-06,2
871,1.4700000000000204,4.044100478495238e-06,2
872,1.471666666666687,4.044107299705502e-06,2
873,1.4733333333333538,4.044084562337957e-06,2
874,1.4750000000000205,4.044108663947554e-06,2
875,1.4766666666666872,4.044098204758484e-06,2
876,1.478333333333354,4.044081379106501e-06,2
877,1.4800000000000206,4.044108209200203e-06,2
878,1.4816666666666873,4.0440959310217295e-06,2
879,1.483333333333354,4.044096840516431e-06,2
880,1.4850000000000207,4.0440759221382905e-06,2
881,1.4866666666666875,4.04409638576908e-06,2
882,1.4883333333333542,4.044075012643589e-06,2
883,1.4900000000000209,4.044072284159483e-06,2
884,1.4916666666666876,4.044077286380343e-06,2
885,1.4933333333333543,4.044081833853852e-06,2
886,1.495000000000021,4.0441063902108e-06,2
887,1.4966666666666877,4.044090019306168e-06,2
888,1.4983333333333544,4.044089564558817e-06,2
889,1.500000000000021,4.044102752231993e-06,2
890,1.5016666666666878,4.044094566779677e-06,2
891,1.5033333333333545,4.044100478495238e-06,2
892,1.5050000000000212,4.044094112032326e-06,2
893,1.506666666666688,4.044083198095905e-06,2
894,1.5083333333333546,4.044080469611799e-06,2
895,1.5100000000000213,4.044103206979344e-06,2
896,1.511666666666688,4.044084562337957e-06,2
897,1.5133333333333547,4.04408592658001e-06,2
898,1.5150000000000214,4.044105935463449e-06,2
899,1.5166666666666881,4.044097750011133e-06,2
900,1.5183333333333549,4.04408092435915e-06,2
901,1.5200000000000216,4.044079105369747e-06,2
902,1.5216666666666883,4.0440759221382905e-06,2
903,1.523333333333355,4.044097750011133e-06,2
904,1.5250000000000217,4.044094112032326e-06,2
905,1.5266666666666884,4.044105480716098e-06,2
906,1.528333333333355,4.044103206979344e-06,2
907,1.5300000000000218,4.044099114253186e-06,2
908,1.5316666666666885,4.044087290822063e-06,2
909,1.5333333333333552,4.044094566779677e-06,2
910,1.535000000000022,4.0440841075906064e-06,2
911,1.5366666666666886,4.0441036617266946e-06,2
912,1.5383333333333553,4.044086836074712e-06,2
913,1.540000000000022,4.044097295263782e-06,2
914,1.5416666666666887,4.044094566779677e-06,2
915,1.5433333333333554,4.044100933242589e-06,2
916,1.5450000000000221,4.04410138798994e-06,2
917,1.5466666666666888,4.044114120915765e-06,2
918,1.5483333333333555,4.044103206979344e-06,2
919,1.5500000000000222,4.044096840516431e-06,2
920,1.551666666666689,4.044105935463449e-06,2
921,1.5533333333333557,4.044094112032326e-06,2
922,1.5550000000000224,4.044090019306168e-06,2
923,1.556666666666689,4.044101842737291e-06,2
924,1.5583333333333558,4.044086381327361e-06,2
925,1.5600000000000225,4.044109573442256e-06,2
926,1.5616666666666892,4.044463366881246e-06,2
927,1.563333333333356,4.0446961975249e-06,2
928,1.5650000000000226,4.0450090637023095e-06,2
929,1.5666666666666893,4.0452855500916485e-06,2
930,1.568333333333356,4.045603418489918e-06,2
931,1.5700000000000227,4.0466234167979565e-06,2
932,1.5716666666666894,4.045969944854733e-06,2
933,1.5733333333333561,4.04661477659829e-06,2
934,1.5750000000000228,4.046550202474464e-06,2
935,1.5766666666666895,4.0470158637617715e-06,2
936,1.5783333333333562,4.047275069751777e-06,2
937,1.580000000000023,4.048244591103867e-06,2
938,1.5816666666666896,4.047721176902996e-06,2
939,1.5833333333333564,4.048720711580245e-06,2
940,1.585000000000023,4.04843603973859e-06,2
941,1.5866666666666898,4.048376467835624e-06,2
942,1.5883333333333565,4.0491427171218675e-06,2
943,1.5900000000000232,4.048949449497741e-06,2
944,1.5916666666666899,4.0496352085028775e-06,2
945,1.5933333333333566,4.049633844260825e-06,2
946,1.5950000000000233,4.050061761518009e-06,2
947,1.59666666666669,4.050297320645768e-06,2
948,1.5983333333333567,4.0505483411834575e-06,2
949,1.6000000000000234,4.050871211802587e-06,2
950,1.60166666666669,4.05115497414954e-06,2
951,1.6033333333333568,4.051412361150142e-06,2
952,1.6050000000000235,4.051700216223253e-06,2
953,1.6066666666666902,4.0519503272662405e-06,2
954,1.608333333333357,4.052236363349948e-06,2
955,1.6100000000000236,4.052499662066111e-06,2
956,1.6116666666666903,4.0527834244130645e-06,2
957,1.613333333333357,4.053046723129228e-06,2
958,1.6150000000000237,4.0533041101298295e-06,2
959,1.6166666666666905,4.053574684803607e-06,2
960,1.6183333333333572,4.0537966015108395e-06,2
961,1.6200000000000239,4.054055807500845e-06,2
962,1.6216666666666906,4.054332293890184e-06,2
963,1.6233333333333573,4.054601049574558e-06,2
964,1.625000000000024,4.054904366057599e-06,2
965,1.6266666666666907,4.05515629608999e-06,2
966,1.6283333333333574,4.0553268263465725e-06,2
967,1.630000000000024,4.055500539834611e-06,2
968,1.6316666666666908,4.05564378525014e-06,2
969,1.6333333333333575,4.055937097291462e-06,2
970,1.6350000000000242,4.056189936818555e-06,2
971,1.636666666666691,4.056441866850946e-06,2
972,1.6383333333333576,4.05667969971546e-06,2
973,1.6400000000000243,4.056844318256481e-06,2
974,1.641666666666691,4.05687478632899e-06,2
975,1.6433333333333577,4.056927991769044e-06,2
976,1.6450000000000244,4.057114438182907e-06,2
977,1.6466666666666911,4.05732635044842e-06,2
978,1.6483333333333579,4.057517344335793e-06,2
979,1.6500000000000246,4.0577019717602525e-06,2
980,1.6516666666666913,4.057830665260553e-06,2
981,1.653333333333358,4.057864316564519e-06,2
982,1.6550000000000247,4.057870683027431e-06,2
983,1.6566666666666914,4.057897513121134e-06,2
984,1.658333333333358,4.057979367644293e-06,2
985,1.6600000000000248,4.058077138324734e-06,2
986,1.6616666666666915,4.0581662688055076e-06,2
987,1.6633333333333582,4.058239028381649e-06,2
988,1.665000000000025,4.058276772411773e-06,2
989,1.6666666666666916,4.058272224938264e-06,2
990,1.6683333333333583,4.058271315443562e-06,2
991,1.670000000000025,4.058276772411773e-06,2
992,1.6716666666666917,4.0582785914011765e-06,2
993,1.6733333333333584,4.058288595842896e-06,2
994,1.6750000000000251,4.058281319885282e-06,2
995,1.6766666666666918,4.058283138874685e-06,2
996,1.6783333333333585,4.058282229379984e-06,2
997,1.6800000000000253,4.0582704059488606e-06,2
998,1.681666666666692,4.058295417053159e-06,2
999,1.6833333333333587,4.058283593622036e-06,2
1000,1.6850000000000254,4.0582785914011765e-06,2
1001,1.686666666666692,4.058287686348194e-06,2
1002,1.6883333333333588,4.0582826841273345e-06,2
1003,1.6900000000000255,4.058276317664422e-06,2
1004,1.6916666666666922,4.058276772411773e-06,2
1005,1.693333333333359,4.058284048369387e-06,2
1006,1.6950000000000256,4.058272224938264e-06,2
1007,1.6966666666666923,4.05828041039058e-06,2
1008,1.698333333333359,4.058278136653826e-06,2
1009,1.7000000000000257,4.05828541261144e-06,2
1010,1.7016666666666924,4.0582826841273345e-06,2
1011,1.7033333333333591,4.058272224938264e-06,2
1012,1.7050000000000258,4.0582744986750185e-06,2
1013,1.7066666666666925,4.058276772411773e-06,2
1014,1.7083333333333592,4.058284503116738e-06,2
1015,1.710000000000026,4.058272679685615e-06,2
1016,1.7116666666666926,4.058276317664422e-06,2
1017,1.7133333333333594,4.05828541261144e-06,2
1018,1.715000000000026,4.058276772411773e-06,2
1019,1.7166666666666928,4.058284048369387e-06,2
1020,1.7183333333333595,4.05826995120151e-06,2
1021,1.7200000000000262,4.058281774632633e-06,2
1022,1.7216666666666929,4.058283593622036e-06,2
1023,1.7233333333333596,4.0582708606962115e-06,2
1024,1.7250000000000263,4.058286322106142e-06,2
1025,1.726666666666693,4.0582867768534925e-06,2
1026,1.7283333333333597,4.058282229379984e-06,2
1027,1.7300000000000264,4.058276317664422e-06,2
1028,1.731666666666693,4.058289960084949e-06,2
1029,1.7333333333333598,4.058276772411773e-06,2
1030,1.7350000000000265,4.058271315443562e-06,2
1031,1.7366666666666932,4.0582867768534925e-06,2
1032,1.73833333333336,4.058267222717404e-06,2
1033,1.7400000000000266,4.0582785914011765e-06,2
1034,1.7416666666666933,4.0582708606962115e-06,2
1035,1.74333333333336,4.058279500895878e-06,2
1036,1.7450000000000268,4.05827540816972e-06,2
1037,1.7466666666666935,4.05827540816972e-06,2
1038,1.7483333333333602,4.05825994675979e-06,2
1039,1.7500000000000269,4.058274043927668e-06,2
1040,1.7516666666666936,4.0582826841273345e-06,2
1041,1.7533333333333603,4.058264494233299e-06,2
1042,1.755000000000027,4.058279500895878e-06,2
1043,1.7566666666666937,4.058278136653826e-06,2
1044,1.7583333333333604,4.058278136653826e-06,2
1045,1.760000000000027,4.05828041039058e-06,2
1046,1.7616666666666938,4.058293598063756e-06,2
1047,1.7633333333333605,4.05828041039058e-06,2
1048,1.7650000000000272,4.058283593622036e-06,2
1049,1.766666666666694,4.058277681906475e-06,2
1050,1.7683333333333606,4.058280865137931e-06,2
1051,1.7700000000000273,4.058272679685615e-06,2
1052,1.771666666666694,4.0582749534223694e-06,2
1053,1.7733333333333607,4.0582867768534925e-06,2
1054,1.7750000000000274,4.058280865137931e-06,2
1055,1.7766666666666941,4.058276772411773e-06,2
1056,1.7783333333333609,4.058284957864089e-06,2
1057,1.7800000000000276,4.0582867768534925e-06,2
1058,1.7816666666666943,4.058284048369387e-06,2
1059,1.783333333333361,4.05827540816972e-06,2
1060,1.7850000000000277,4.058273134432966e-06,2
1061,1.7866666666666944,4.058275862917071e-06,2
1062,1.788333333333361,4.0582749534223694e-06,2
1063,1.7900000000000278,4.0582749534223694e-06,2
1064,1.7916666666666945,4.058282229379984e-06,2
1065,1.7933333333333612,4.058273134432966e-06,2
1066,1.795000000000028,4.058273589180317e-06,2
1067,1.7966666666666946,4.058280865137931e-06,2
1068,1.7983333333333613,4.05825994675979e-06,2
1069,1.800000000000028,4.058279955643229e-06,2
1070,1.8016666666666947,4.058287231600843e-06,2
1071,1.8033333333333614,4.058287231600843e-06,2
1072,1.8050000000000281,4.0582867768534925e-06,2
1073,1.8066666666666948,4.058282229379984e-06,2
1074,1.8083333333333615,4.058280865137931e-06,2
1075,1.8100000000000283,4.058268586959457e-06,2
1076,1.811666666666695,4.058279955643229e-06,2
1077,1.8133333333333617,4.05826995120151e-06,2
1078,1.8150000000000284,4.058273589180317e-06,2
1079,1.816666666666695,4.058268586959457e-06,2
1080,1.8183333333333618,4.058274043927668e-06,2
1081,1.8200000000000285,4.058279955643229e-06,2
1082,1.8216666666666952,4.058271770190913e-06,2
1083,1.823333333333362,4.0582744986750185e-06,2
1084,1.8250000000000286,4.0582904148322996e-06,2
1085,1.8266666666666953,4.058277227159124e-06,2
1086,1.828333333333362,4.058268586959457e-06,2
1087,1.8300000000000287,4.058277227159124e-06,2
1088,1.8316666666666954,4.05828041039058e-06,2
1089,1.8333333333333621,4.05826494898065e-06,2
1090,1.8350000000000288,4.058272224938264e-06,2
1091,1.8366666666666955,4.05826995120151e-06,2
1092,1.8383333333333622,4.058272224938264e-06,3
1093,1.840000000000029,4.058275862917071e-06,3
1094,1.8416666666666957,4.058274043927668e-06,3
1095,1.8433333333333624,4.058283138874685e-06,3
1096,1.845000000000029,4.058257673023036e-06,3
1097,1.8466666666666958,4.05827540816972e-06,3
1098,1.8483333333333625,4.058291324327001e-06,3
1099,1.8500000000000292,4.05826995120151e-06,3
1100,1.8516666666666959,4.058279500895878e-06,3
1101,1.8533333333333626,4.058309968968388e-06,3
1102,1.8550000000000293,4.058272224938264e-06,3
1103,1.856666666666696,4.058285867358791e-06,3
1104,1.8583333333333627,4.0582667679700535e-06,3
1105,1.8600000000000294,4.05827540816972e-06,3
1106,1.8616666666666961,4.058284048369387e-06,3
1107,1.8633333333333628,4.058279046148527e-06,3
1108,1.8650000000000295,4.058280865137931e-06,3
1109,1.8666666666666962,4.058284503116738e-06,3
1110,1.868333333333363,4.058191279909806e-06,3
1111,1.8700000000000296,4.057991645822767e-06,3
1112,1.8716666666666963,4.0577861000201665e-06,3
1113,1.873333333333363,4.057515070599038e-06,3
1114,1.8750000000000298,4.057279511471279e-06,3
1115,1.8766666666666965,4.057113983435556e-06,3
1116,1.8783333333333632,4.057073965668678e-06,3
1117,1.8800000000000299,4.057053502037888e-06,3
1118,1.8816666666666966,4.056890702486271e-06,3
1119,1.8833333333333633,4.056422312714858e-06,3
1120,1.88500000000003,4.05590026275604e-06,3
1121,1.8866666666666967,4.0552909013058525e-06,3
1122,1.8883333333333634,4.054707005707314e-06,3
1123,1.89000000000003,4.0542090573580936e-06,3
1124,1.8916666666666968,4.053966677020071e-06,3
1125,1.8933333333333635,4.053849352203542e-06,3
1126,1.8950000000000302,4.053404609294375e-06,3
1127,1.896666666666697,4.052729309478309e-06,3
1128,1.8983333333333636,4.0519826143281534e-06,3
1129,1.9000000000000303,4.0511613406124525e-06,3
1130,1.901666666666697,4.050346888107015e-06,3
1131,1.9033333333333637,4.049637027492281e-06,3
1132,1.9050000000000304,4.049315975862555e-06,3
1133,1.9066666666666972,4.04884121962823e-06,3
1134,1.9083333333333639,4.048001756018493e-06,3
1135,1.9100000000000306,4.047245056426618e-06,3
1136,1.9116666666666973,4.0463628465658985e-06,3
1137,1.913333333333364,4.045451987622073e-06,3
1138,1.9150000000000307,4.0446366256219335e-06,3
1139,1.9166666666666974,4.043823082611198e-06,3
1140,1.918333333333364,4.042975888296496e-06,3
1141,1.9200000000000308,4.042095952172531e-06,3
1142,1.9216666666666975,4.041266947751865e-06,3
1143,1.9233333333333642,4.04042339141597e-06,3
1144,1.925000000000031,4.039673058287008e-06,3
1145,1.9266666666666976,4.038595761812758e-06,3
1146,1.9283333333333643,4.0378154153586365e-06,3
1147,1.930000000000031,4.036922746308846e-06,3
1148,1.9316666666666977,4.036019618069986e-06,3
1149,1.9333333333333644,4.035177880723495e-06,3
1150,1.9350000000000311,4.034253379359143e-06,3
1151,1.9366666666666978,4.03331841880572e-06,3
1152,1.9383333333333645,4.032467586512212e-06,3
1153,1.9400000000000313,4.031650405522669e-06,3
1154,1.941666666666698,4.030643140140455e-06,3
1155,1.9433333333333647,4.0298291423823684e-06,3
1156,1.9450000000000314,4.0290678953169845e-06,3
1157,1.946666666666698,4.028144758194685e-06,3
1158,1.9483333333333648,4.027323939226335e-06,3
1159,1.9500000000000315,4.026530859846389e-06,3
1160,1.9516666666666982,4.025560883746948e-06,3
1161,1.953333333333365,4.024748250230914e-06,3
1162,1.9550000000000316,4.0236650420411024e-06,3
1163,1.9566666666666983,4.022749180876417e-06,3
1164,1.958333333333365,4.021853328595171e-06,3
1165,1.9600000000000317,4.020861524622887e-06,3
1166,1.9616666666666984,4.020194865006488e-06,3
1167,1.9633333333333651,4.019200332550099e-06,3
1168,1.9650000000000318,4.015911599708488e-06,3
1169,1.9666666666666985,4.013023954030359e-06,3
1170,1.9683333333333652,4.019025254820008e-06,3
1171,1.970000000000032,4.018729669041932e-06,3
1172,1.9716666666666987,4.01822080675629e-06,3
1173,1.9733333333333654,4.0186259866459295e-06,3
1174,1.975000000000032,4.018452273157891e-06,3
1175,1.9766666666666988,4.018462732346961e-06,3
1176,1.9783333333333655,4.01861097998335e-06,3
1177,1.9800000000000322,4.018429081042996e-06,3
1178,1.9816666666666989,4.0186018850363325e-06,3
1179,1.9833333333333656,4.0185300349548925e-06,3
1180,1.9850000000000323,4.01850820708205e-06,3
1181,1.986666666666699,4.018560957774753e-06,3
1182,1.9883333333333657,4.018490926682716e-06,3
1183,1.9900000000000324,4.0184577301261015e-06,3
1184,1.9916666666666991,4.018506842839997e-06,3
1185,1.9933333333333658,4.01849274567212e-06,3
1186,1.9950000000000325,4.018547770101577e-06,3
1187,1.9966666666666992,4.0185736907005776e-06,3
1188,1.998333333333366,4.018551408080384e-06,3
1189,2.0000000000000324,4.0170880311052315e-06,3
1190,2.001666666666699,4.018376330350293e-06,3
1191,2.0033333333333654,4.0178288145398255e-06,3
1192,2.005000000000032,4.018566414742963e-06,3
1193,2.0066666666666984,4.0185977923101746e-06,3
1194,2.008333333333365,4.013121269963449e-06,3
1195,2.0100000000000313,4.018594609078718e-06,3
1196,2.011666666666698,4.019084826722974e-06,3
1197,2.0133333333333643,4.0174968489736784e-06,3
1198,2.0150000000000308,4.018848812847864e-06,3
1199,2.0166666666666972,4.018683739559492e-06,3
1200,2.0183333333333637,4.018327217636397e-06,3
1201,2.02000000000003,4.01839042751817e-06,3
1202,2.0216666666666967,4.018624622403877e-06,3
1203,2.023333333333363,4.018198069388745e-06,3
1204,2.0250000000000297,4.018482286483049e-06,3
1205,2.026666666666696,4.018198524136096e-06,3
1206,2.0283333333333626,4.018673280370422e-06,3
1207,2.030000000000029,4.018532308691647e-06,3
1208,2.0316666666666956,4.018488198198611e-06,3
1209,2.033333333333362,4.018463187094312e-06,3
1210,2.0350000000000286,4.01846727982047e-06,3
1211,2.036666666666695,4.018536401417805e-06,3
1212,2.0383333333333615,4.018550498585682e-06,3
1213,2.040000000000028,4.016660568595398e-06,3
1214,2.0416666666666945,4.018828803964425e-06,3
1215,2.043333333333361,4.017835635750089e-06,3
1216,2.0450000000000275,4.018590971099911e-06,3
1217,2.046666666666694,4.018237177660922e-06,3
1218,2.0483333333333604,4.018319941678783e-06,3
1219,2.050000000000027,4.0185736907005776e-06,3
1220,2.0516666666666934,4.018508661829401e-06,3
1221,2.05333333333336,4.018535037175752e-06,3
1222,2.0550000000000264,4.018520030513173e-06,3
1223,2.056666666666693,4.0185100260714535e-06,3
1224,2.0583333333333593,4.018526851723436e-06,3
1225,2.060000000000026,4.012247700302396e-06,3
1226,2.0616666666666923,4.018518211523769e-06,3
1227,2.0633333333333588,4.0191266634792555e-06,3
1228,2.0650000000000253,4.0170120882976335e-06,3
1229,2.0666666666666917,4.018875188194215e-06,3
1230,2.0683333333333582,4.017807441414334e-06,3
1231,2.0700000000000247,4.018311301479116e-06,3
1232,2.071666666666691,4.018686468043597e-06,3
1233,2.0733333333333577,4.018332674604608e-06,3
1234,2.075000000000024,4.018568233732367e-06,3
1235,2.0766666666666906,4.017709215986542e-06,3
1236,2.078333333333357,4.018574600195279e-06,3
1237,2.0800000000000236,4.018118033854989e-06,3
1238,2.08166666666669,4.018080289824866e-06,3
1239,2.0833333333333566,4.01874422095716e-06,3
1240,2.085000000000023,4.018198524136096e-06,3
1241,2.0866666666666895,4.018556865048595e-06,3
1242,2.088333333333356,4.018611889478052e-06,3
1243,2.0900000000000225,4.0179493225878105e-06,3
1244,2.091666666666689,4.018227173219202e-06,3
1245,2.0933333333333555,4.018402250949293e-06,3
1246,2.095000000000022,4.018495474156225e-06,3
1247,2.0966666666666884,4.0184095269069076e-06,3
1248,2.098333333333355,4.013132638647221e-06,3
1249,2.1000000000000214,4.0185536818171386e-06,3
1250,2.101666666666688,4.0189465835283045e-06,3
1251,2.1033333333333544,4.018062554678181e-06,3
1252,2.105000000000021,4.018678737338632e-06,3
1253,2.1066666666666873,4.018394974991679e-06,3
1254,2.108333333333354,4.017791980004404e-06,3
1255,2.1100000000000203,4.018780600745231e-06,3
1256,2.111666666666687,4.017771516373614e-06,3
1257,2.1133333333333533,4.018743311462458e-06,3
1258,2.1150000000000198,4.018389063276118e-06,3
1259,2.1166666666666862,4.018430900032399e-06,3
1260,2.1183333333333527,4.018501385871787e-06,3
1261,2.120000000000019,4.018524123239331e-06,3
1262,2.1216666666666857,4.018334948341362e-06,3
1263,2.123333333333352,4.018575964437332e-06,3
1264,2.1250000000000187,4.017697392555419e-06,3
1265,2.126666666666685,4.0187019294535276e-06,3
1266,2.1283333333333516,4.018517302029068e-06,3
1267,2.130000000000018,4.018502750113839e-06,3
1268,2.1316666666666846,4.018558684037998e-06,3
1269,2.133333333333351,4.01844681618968e-06,3
1270,2.1350000000000176,4.018517302029068e-06,3
1271,2.136666666666684,4.018545496364823e-06,3
1272,2.1383333333333505,4.018538675154559e-06,3
1273,2.140000000000017,4.018532763438998e-06,3
1274,2.1416666666666835,4.018112576886779e-06,3
1275,2.14333333333335,4.018633262603544e-06,3
1276,2.1450000000000164,4.017988430859987e-06,3
1277,2.146666666666683,4.018124400317902e-06,3
1278,2.1483333333333494,4.012498266092734e-06,3
1279,2.150000000000016,4.018208983325167e-06,3
1280,2.1516666666666824,4.019199877802748e-06,3
1281,2.153333333333349,4.017878382001072e-06,3
1282,2.1550000000000153,4.018674644612474e-06,3
1283,2.156666666666682,4.01859051635256e-06,3
1284,2.1583333333333483,4.0182576412917115e-06,3
1285,2.160000000000015,4.018567778985016e-06,3
1286,2.1616666666666813,4.01847728426219e-06,3
1287,2.1633333333333478,4.018427262053592e-06,3
1288,2.1650000000000142,4.0174309106078e-06,3
1289,2.1666666666666807,4.018650543002877e-06,3
1290,2.168333333333347,4.018308572995011e-06,3
1291,2.1700000000000137,4.019588686787756e-06,3
1292,2.17166666666668,4.02164778279257e-06,3
1293,2.1733333333333467,4.02132445742609e-06,3
1294,2.175000000000013,4.02202203986235e-06,3
1295,2.1766666666666796,4.023285782750463e-06,3
1296,2.178333333333346,4.023830570076825e-06,3
1297,2.1800000000000126,4.024953796033515e-06,3
1298,2.181666666666679,4.0252548387798015e-06,3
1299,2.1833333333333456,4.02662908527418e-06,3
1300,2.185000000000012,4.027398063044529e-06,3
1301,2.1866666666666785,4.0283835005539e-06,3
1302,2.188333333333345,4.029341653222218e-06,3
1303,2.1900000000000115,4.0301215449289884e-06,3
1304,2.191666666666678,4.030222498840885e-06,3
1305,2.1933333333333445,4.031960543215973e-06,3
1306,2.195000000000011,4.032782726426376e-06,3
1307,2.1966666666666774,4.033693585370202e-06,3
1308,2.198333333333344,4.034582161693834e-06,3
1309,2.2000000000000104,4.035415713588009e-06,3
1310,2.201666666666677,4.036279733554693e-06,3
1311,2.2033333333333434,4.03718604502501e-06,3
1312,2.20500000000001,4.03794047088013e-06,3
1313,2.2066666666666763,4.03885860578157e-06,3
1314,2.208333333333343,4.039779923914466e-06,3
1315,2.2100000000000093,4.040699877805309e-06,3
1316,2.2116666666666758,4.041490683448501e-06,3
1317,2.2133333333333423,4.042391537950607e-06,3
1318,2.2150000000000087,4.043269200337818e-06,3
1319,2.2166666666666752,4.044113666168414e-06,3
1320,2.2183333333333417,4.044948127557291e-06,3
1321,2.220000000000008,4.04579941459815e-06,3
1322,2.2216666666666747,4.046609319630079e-06,3
1323,2.223333333333341,4.047441962029552e-06,3
1324,2.2250000000000076,4.048215942020761e-06,3
1325,2.226666666666674,4.049037215736462e-06,3
1326,2.2283333333333406,4.049538347317139e-06,3
1327,2.230000000000007,4.049873041367391e-06,3
1328,2.2316666666666736,4.0505924516764935e-06,3
1329,2.23333333333334,4.051420091855107e-06,3
1330,2.2350000000000065,4.052179519931087e-06,3
1331,2.236666666666673,4.052942585985875e-06,3
1332,2.2383333333333395,4.053539214510238e-06,3
1333,2.240000000000006,4.053958036820404e-06,3
1334,2.2416666666666725,4.05405853598495e-06,3
1335,2.243333333333339,4.0543095565226395e-06,3
1336,2.2450000000000054,4.054964847455267e-06,3
1337,2.246666666666672,4.0555473788117524e-06,3
1338,2.2483333333333384,4.056116722495062e-06,3
1339,2.250000000000005,4.056625584780704e-06,3
1340,2.2516666666666714,4.057017576997168e-06,3
1341,2.253333333333338,4.057135356561048e-06,3
1342,2.2550000000000043,4.0571330828242935e-06,3
1343,2.256666666666671,4.0572413126938045e-06,3
1344,2.2583333333333373,4.05749551646295e-06,3
1345,2.260000000000004,4.057736987306271e-06,3
1346,2.2616666666666703,4.0580184759164695e-06,3
1347,2.2633333333333367,4.05819810112007e-06,3
1348,2.2650000000000032,4.0583386180514935e-06,3
1349,2.2666666666666697,4.058337708556792e-06,3
1350,2.268333333333336,4.058288595842896e-06,3
1351,2.2700000000000027,4.058264494233299e-06,3
1352,2.271666666666669,4.058283138874685e-06,3
1353,2.2733333333333356,4.058284503116738e-06,3
1354,2.275000000000002,4.058273134432966e-06,3
1355,2.2766666666666686,4.058284503116738e-06,3
1356,2.278333333333335,4.058284503116738e-06,3
1357,2.2800000000000016,4.05828541261144e-06,3
1358,2.281666666666668,4.058272679685615e-06,3
1359,2.2833333333333345,4.058264039485948e-06,3
1360,2.285000000000001,4.058273589180317e-06,3
1361,2.2866666666666675,4.058282229379984e-06,3
1362,2.288333333333334,4.058274043927668e-06,3
1363,2.2900000000000005,4.058269041706808e-06,3
1364,2.291666666666667,4.058281774632633e-06,3
1365,2.2933333333333334,4.0582867768534925e-06,3
1366,2.295,4.058288141095545e-06,3
1367,2.2966666666666664,4.058276317664422e-06,3
1368,2.298333333333333,4.058292233821703e-06,3
1369,2.2999999999999994,4.058276772411773e-06,3
1370,2.301666666666666,4.058264494233299e-06,3
1371,2.3033333333333323,4.058271770190913e-06,3
1372,2.304999999999999,4.058281319885282e-06,3
1373,2.3066666666666653,4.058273134432966e-06,3
1374,2.308333333333332,4.058264039485948e-06,3
1375,2.3099999999999983,4.058269041706808e-06,3
1376,2.3116666666666648,4.058273134432966e-06,3
1377,2.3133333333333312,4.058285867358791e-06,3
1378,2.3149999999999977,4.058273589180317e-06,3
1379,2.316666666666664,4.058275862917071e-06,3
1380,2.3183333333333307,4.0582708606962115e-06,3
1381,2.319999999999997,4.058285867358791e-06,3
1382,2.3216666666666637,4.058275862917071e-06,3
1383,2.32333333333333,4.058273134432966e-06,3
1384,2.3249999999999966,4.058282229379984e-06,3
1385,2.326666666666663,4.058284957864089e-06,3
1386,2.3283333333333296,4.058269496454159e-06,3
1387,2.329999999999996,4.058274043927668e-06,3
1388,2.3316666666666626,4.058272224938264e-06,3
1389,2.333333333333329,4.0582744986750185e-06,3
1390,2.3349999999999955,4.058288141095545e-06,3
1391,2.336666666666662,4.0582867768534925e-06,3
1392,2.3383333333333285,4.058273134432966e-06,3
1393,2.339999999999995,4.0582744986750185e-06,3
1394,2.3416666666666615,4.058279046148527e-06,3
1395,2.343333333333328,4.058274043927668e-06,3
1396,2.3449999999999944,4.05827540816972e-06,3
1397,2.346666666666661,4.058261311001843e-06,3
1398,2.3483333333333274,4.058287231600843e-06,3
1399,2.349999999999994,4.058268586959457e-06,3
1400,2.3516666666666604,4.058281774632633e-06,3
1401,2.353333333333327,4.058263584738597e-06,3
1402,2.3549999999999933,4.058261765749194e-06,3
1403,2.35666666666666,4.058273589180317e-06,3
1404,2.3583333333333263,4.058281319885282e-06,3
1405,2.3599999999999928,4.058277681906475e-06,3
1406,2.3616666666666593,4.058274043927668e-06,3
1407,2.3633333333333257,4.058274043927668e-06,3
1408,2.364999999999992,4.058285867358791e-06,3
1409,2.3666666666666587,4.058280865137931e-06,3
1410,2.368333333333325,4.058275862917071e-06,3
1411,2.3699999999999917,4.058276317664422e-06,3
1412,2.371666666666658,4.058289505337598e-06,3
1413,2.3733333333333246,4.0582749534223694e-06,3
1414,2.374999999999991,4.0582708606962115e-06,3
1415,2.3766666666666576,4.058264039485948e-06,3
1416,2.378333333333324,4.058282229379984e-06,3
1417,2.3799999999999906,4.058268132212106e-06,3
1418,2.381666666666657,4.05828041039058e-06,3
1419,2.3833333333333235,4.058288595842896e-06,3
1420,2.38499999999999,4.05828541261144e-06,3
1421,2.3866666666666565,4.0582708606962115e-06,3
1422,2.388333333333323,4.058277681906475e-06,3
1423,2.3899999999999895,4.0582704059488606e-06,3
1424,2.391666666666656,4.058277681906475e-06,3
1425,2.3933333333333224,4.058279500895878e-06,3
1426,2.394999999999989,4.05826995120151e-06,3
1427,2.3966666666666554,4.058260856254492e-06,3
1428,2.398333333333322,4.058265403728001e-06,3
1429,2.3999999999999884,4.0582744986750185e-06,3
1430,2.401666666666655,4.058274043927668e-06,3
1431,2.4033333333333213,4.0582667679700535e-06,3
1432,2.404999999999988,4.058279955643229e-06,3
1433,2.4066666666666543,4.058280865137931e-06,3
1434,2.408333333333321,4.0582904148322996e-06,3
1435,2.4099999999999873,4.058274043927668e-06,3
1436,2.4116666666666537,4.05826995120151e-06,3
1437,2.4133333333333202,4.058271315443562e-06,3
1438,2.4149999999999867,4.058288595842896e-06,3
1439,2.416666666666653,4.058272224938264e-06,3
1440,2.4183333333333197,4.0582749534223694e-06,3
1441,2.419999999999986,4.05827540816972e-06,3
1442,2.4216666666666526,4.058272224938264e-06,3
1443,2.423333333333319,4.058272224938264e-06,3
1444,2.4249999999999856,4.058259492012439e-06,3
1445,2.426666666666652,4.058274043927668e-06,3
1446,2.4283333333333186,4.058276317664422e-06,3
1447,2.429999999999985,4.058265858475352e-06,3
1448,2.4316666666666515,4.05826494898065e-06,3
1449,2.433333333333318,4.058277227159124e-06,3
1450,2.4349999999999845,4.058279955643229e-06,3
1451,2.436666666666651,4.058272224938264e-06,3
1452,2.4383333333333175,4.058284957864089e-06,3
1453,2.439999999999984,4.0582704059488606e-06,3
1454,2.4416666666666504,4.058276772411773e-06,3
1455,2.443333333333317,4.058268586959457e-06,3
1456,2.4449999999999834,4.058283138874685e-06,3
1457,2.44666666666665,4.058276317664422e-06,3
1458,2.4483333333333164,4.058273589180317e-06,4
1459,2.449999999999983,4.0582826841273345e-06,4
1460,2.4516666666666493,4.058271770190913e-06,4
1461,2.453333333333316,4.058283593622036e-06,4
1462,2.4549999999999823,4.058277681906475e-06,4
1463,2.456666666666649,4.058267222717404e-06,4
1464,2.4583333333333153,4.058284048369387e-06,4
1465,2.4599999999999818,4.0582744986750185e-06,4
1466,2.4616666666666482,4.05828041039058e-06,4
1467,2.4633333333333147,4.058275862917071e-06,4
1468,2.464999999999981,4.0582785914011765e-06,4
1469,2.4666666666666477,4.0582744986750185e-06,4
1470,2.468333333333314,4.058277227159124e-06,4
1471,2.4699999999999807,4.058278136653826e-06,4
1472,2.471666666666647,4.05827540816972e-06,4
1473,2.4733333333333136,4.058269041706808e-06,4
1474,2.47499999999998,4.058286322106142e-06,4
1475,2.4766666666666466,4.05821901949821e-06,4
1476,2.478333333333313,4.0581385292171035e-06,4
1477,2.4799999999999796,4.05787523050094e-06,4
1478,2.481666666666646,4.057616934005637e-06,4
1479,2.4833333333333125,4.0574095692136325e-06,4
1480,2.484999999999979,4.057194018969312e-06,4
1481,2.4866666666666455,4.0570530472905375e-06,4
1482,2.488333333333312,4.057070327689871e-06,4
1483,2.4899999999999785,4.056992111145519e-06,4
1484,2.491666666666645,4.0567524592916016e-06,4
1485,2.4933333333333114,4.056072612002026e-06,4
1486,2.494999999999978,4.055480076203821e-06,4
1487,2.4966666666666444,4.05490482080495e-06,4
1488,2.498333333333311,4.05427408622927e-06,4
1489,2.4999999999999774,4.053821157867787e-06,4
1490,2.501666666666644,4.053546035720501e-06,4
1491,2.5033333333333103,4.05346872867085e-06,4
1492,2.504999999999977,4.053194970765617e-06,4
1493,2.5066666666666433,4.052013082400663e-06,4
1494,2.5083333333333098,4.0513614294468425e-06,4
1495,2.5099999999999763,4.050585175718879e-06,4
1496,2.5116666666666427,4.049783910886617e-06,4
1497,2.513333333333309,4.0491909203410614e-06,4
1498,2.5149999999999757,4.04836418965715e-06,4
1499,2.516666666666642,4.048350547236623e-06,4
1500,2.5183333333333087,4.0471481952408794e-06,4
1501,2.519999999999975,4.046341018693056e-06,4
1502,2.5216666666666416,4.045426521770423e-06,4
1503,2.523333333333308,4.044569323014002e-06,4
1504,2.5249999999999746,4.043645731144352e-06,4
1505,2.526666666666641,4.0427421481581405e-06,4
1506,2.5283333333333076,4.042002728965599e-06,4
1507,2.529999999999974,4.0410636756860185e-06,4
1508,2.5316666666666405,4.0399145291303284e-06,4
1509,2.533333333333307,4.039188752358314e-06,4
1510,2.5349999999999735,4.037699909531511e-06,4
1511,2.53666666666664,4.037086910102516e-06,4
1512,2.5383333333333065,4.035998244944494e-06,4
1513,2.539999999999973,4.03513922719867e-06,4
1514,2.5416666666666394,4.033877758047311e-06,4
1515,2.543333333333306,4.032956439914415e-06,4
1516,2.5449999999999724,4.031890057376586e-06,4
1517,2.546666666666639,4.030895979667548e-06,4
1518,2.5483333333333054,4.029783212899929e-06,4
1519,2.549999999999972,4.0286913645104505e-06,4
1520,2.5516666666666383,4.027651357318973e-06,4
1521,2.553333333333305,4.026552232971881e-06,4
1522,2.5549999999999713,4.0254590203403495e-06,4
1523,2.5566666666666378,4.0244776755571365e-06,4
1524,2.5583333333333043,4.023239398520673e-06,4
1525,2.5599999999999707,4.022252142021898e-06,4
1526,2.5616666666666372,4.021455424663145e-06,4
1527,2.5633333333333037,4.020030701212818e-06,4
1528,2.56499999999997,4.019135758426273e-06,4
1529,2.5666666666666367,4.018134859506972e-06,4
1530,2.568333333333303,4.017024366476107e-06,4
1531,2.5699999999999696,4.015812010038644e-06,4
1532,2.571666666666636,4.0150694076146465e-06,4
1533,2.5733333333333026,4.0135751078196336e-06,4
1534,2.574999999999969,4.012636964034755e-06,4
1535,2.5766666666666356,4.013032594230026e-06,4
1536,2.578333333333302,4.012842055090005e-06,4
1537,2.5799999999999685,4.012931185570778e-06,4
1538,2.581666666666635,4.0128543332684785e-06,4
1539,2.5833333333333015,4.012899353256216e-06,4
1540,2.584999999999968,4.0128866203303915e-06,4
1541,2.5866666666666345,4.012868885183707e-06,4
1542,2.588333333333301,4.012857061752584e-06,4
1543,2.5899999999999674,4.012850695289671e-06,4
1544,2.591666666666634,4.012840236100601e-06,4
1545,2.5933333333333004,4.012841600342654e-06,4
1546,2.594999999999967,4.01281931772246e-06,4
1547,2.5966666666666334,4.012903445982374e-06,4
1548,2.5983333333333,4.0128661566996016e-06,4
1549,2.5999999999999663,4.012879344372777e-06,4
1550,2.601666666666633,4.012876161141321e-06,4
1551,2.6033333333332993,4.012871158920461e-06,4
1552,2.604999999999966,4.012857061752584e-06,4
1553,2.6066666666666323,4.0128502405423205e-06,4
1554,2.6083333333332988,4.012851604784373e-06,4
1555,2.6099999999999652,4.012835688627092e-06,4
1556,2.6116666666666317,4.012831141153583e-06,4
1557,2.613333333333298,4.012897079519462e-06,4
1558,2.6149999999999647,4.012884346593637e-06,4
1559,2.616666666666631,4.012892986793304e-06,4
1560,2.6183333333332977,4.0128861655830406e-06,4
1561,2.619999999999964,4.012892986793304e-06,4
1562,2.6216666666666306,4.012862973468145e-06,4
1563,2.623333333333297,4.012876161141321e-06,4
1564,2.6249999999999636,4.0128702494257595e-06,4
1565,2.62666666666663,4.0128543332684785e-06,4
1566,2.6283333333332966,4.01283978135325e-06,4
1567,2.629999999999963,4.012836143374443e-06,4
1568,2.6316666666666295,4.0128384171111975e-06,4
1569,2.633333333333296,4.012832960142987e-06,4
1570,2.6349999999999625,4.012822955701267e-06,4
1571,2.636666666666629,4.0128302316588815e-06,4
1572,2.6383333333332954,4.012909812445287e-06,4
1573,2.639999999999962,4.012863882962847e-06,4
1574,2.6416666666666284,4.012900262750918e-06,4
1575,2.643333333333295,4.012879799120128e-06,4
1576,2.6449999999999614,4.012881163362181e-06,4
1577,2.646666666666628,4.0128861655830406e-06,4
1578,2.6483333333332943,4.012871613667812e-06,4
1579,2.649999999999961,4.012881618109532e-06,4
1580,2.6516666666666273,4.012872068415163e-06,4
1581,2.653333333333294,4.0128784348780755e-06,4
1582,2.6549999999999603,4.012899353256216e-06,4
1583,2.6566666666666268,4.012868430436356e-06,4
1584,2.6583333333332932,4.0128707041731104e-06,4
1585,2.6599999999999597,4.012877525383374e-06,4
1586,2.661666666666626,4.012861154478742e-06,4
1587,2.6633333333332927,4.012851150037022e-06,4
1588,2.664999999999959,4.012851604784373e-06,4
1589,2.6666666666666257,4.0128461478161626e-06,4
1590,2.668333333333292,4.0128265936800744e-06,4
1591,2.6699999999999586,4.01283978135325e-06,4
1592,2.671666666666625,4.012822955701267e-06,4
1593,2.6733333333332916,4.012821136711864e-06,4
1594,2.674999999999958,4.0128102227754425e-06,4
1595,2.6766666666666246,4.012897079519462e-06,4
1596,2.678333333333291,4.012863882962847e-06,4
1597,2.6799999999999575,4.012877070636023e-06,4
1598,2.681666666666624,4.012877070636023e-06,4
1599,2.6833333333332905,4.012883891846286e-06,4
1600,2.684999999999957,4.012884346593637e-06,4
1601,2.6866666666666235,4.012887075077742e-06,4
1602,2.68833333333329,4.012887529825093e-06,4
1603,2.6899999999999564,4.0128625187207945e-06,4
1604,2.691666666666623,4.012887075077742e-06,4
1605,2.6933333333332894,4.012868885183707e-06,4
1606,2.694999999999956,4.012901626992971e-06,4
1607,2.6966666666666224,4.012879344372777e-06,4
1608,2.698333333333289,4.012883891846286e-06,4
1609,2.6999999999999553,4.01290117224562e-06,4
1610,2.701666666666622,4.012865701952251e-06,4
1611,2.7033333333332883,4.0128866203303915e-06,4
1612,2.7049999999999548,4.01288571083569e-06,4
1613,2.7066666666666213,4.0128866203303915e-06,4
1614,2.7083333333332877,4.012892077298602e-06,4
1615,2.7099999999999542,4.012878889625426e-06,4
1616,2.7116666666666207,4.012858880741987e-06,4
1617,2.713333333333287,4.0128425098373555e-06,4
1618,2.7149999999999537,4.012851150037022e-06,4
1619,2.71666666666662,4.012837507616496e-06,4
1620,2.7183333333332866,4.012832050648285e-06,4
1621,2.719999999999953,4.0128902583091985e-06,4
1622,2.7216666666666196,4.0128625187207945e-06,4
1623,2.723333333333286,4.012892077298602e-06,4
1624,2.7249999999999526,4.012873887404567e-06,4
1625,2.726666666666619,4.012880253867479e-06,4
1626,2.7283333333332855,4.012894805782707e-06,4
1627,2.729999999999952,4.012865701952251e-06,4
1628,2.7316666666666185,4.012869339931058e-06,4
1629,2.733333333333285,4.012867520941654e-06,4
1630,2.7349999999999515,4.012855697510531e-06,4
1631,2.736666666666618,4.012852059531724e-06,4
1632,2.7383333333332844,4.012837962363847e-06,4
1633,2.739999999999951,4.012891622551251e-06,4
1634,2.7416666666666174,4.012867520941654e-06,4
1635,2.743333333333284,4.012873432657216e-06,4
1636,2.7449999999999504,4.012859335489338e-06,4
1637,2.746666666666617,4.0128502405423205e-06,4
1638,2.7483333333332833,4.012859335489338e-06,4
1639,2.74999999999995,4.012895715277409e-06,4
1640,2.7516666666666163,4.012888439319795e-06,4
1641,2.753333333333283,4.012892986793304e-06,4
1642,2.7549999999999493,4.012876161141321e-06,4
1643,2.7566666666666158,4.012879344372777e-06,4
1644,2.7583333333332822,4.012873432657216e-06,4
1645,2.7599999999999487,4.012891622551251e-06,4
1646,2.761666666666615,4.012869339931058e-06,4
1647,2.7633333333332817,4.012876615888672e-06,4
1648,2.764999999999948,4.012879799120128e-06,4
1649,2.7666666666666146,4.01287570639397e-06,4
1650,2.768333333333281,4.012871613667812e-06,4
1651,2.7699999999999476,4.012837962363847e-06,4
1652,2.771666666666614,4.0128265936800744e-06,4
1653,2.7733333333332806,4.012837052869145e-06,4
1654,2.774999999999947,4.012845693068812e-06,4
1655,2.7766666666666135,4.012876615888672e-06,4
1656,2.77833333333328,4.012869794678409e-06,4
1657,2.7799999999999465,4.014396836282685e-06,4
1658,2.781666666666613,4.015236754639773e-06,4
1659,2.7833333333332795,4.0163909034163225e-06,4
1660,2.784999999999946,4.017398168798536e-06,4
1661,2.7866666666666124,4.018480012746295e-06,4
1662,2.788333333333279,4.0195150177169126e-06,4
1663,2.7899999999999454,4.020630512968637e-06,4
1664,2.791666666666612,4.021630957140587e-06,4
1665,2.7933333333332784,4.022693246952258e-06,4
1666,2.794999999999945,4.023728251922876e-06,4
1667,2.7966666666666113,4.024811914860038e-06,4
1668,2.798333333333278,4.025966063636588e-06,4
1669,2.7999999999999443,4.027008799312171e-06,4
1670,2.801666666666611,4.028063358418876e-06,4
1671,2.8033333333332773,4.02910154662095e-06,4
1672,2.8049999999999438,4.03014792027534e-06,4
1673,2.8066666666666102,4.03118428948801e-06,4
1674,2.8083333333332767,4.0322438508155756e-06,4
1675,2.809999999999943,4.033246113976929e-06,4
1676,2.8116666666666097,4.034380708617391e-06,4
1677,2.813333333333276,4.035383426526096e-06,4
1678,2.8149999999999427,4.036376139993081e-06,4
1679,2.816666666666609,4.037239250465063e-06,4
1680,2.8183333333332756,4.038289716845611e-06,4
1681,2.819999999999942,4.03939702664502e-06,4
1682,2.8216666666666086,4.040380190417636e-06,4
1683,2.823333333333275,4.041354713990586e-06,4
1684,2.8249999999999416,4.042170530738076e-06,4
1685,2.826666666666608,4.043171429657377e-06,4
1686,2.8283333333332745,4.043997705593938e-06,4
1687,2.829999999999941,4.044919023726834e-06,4
1688,2.8316666666666075,4.045783043693518e-06,4
1689,2.833333333333274,4.046682079206221e-06,4
1690,2.8349999999999405,4.047521088068606e-06,4
1691,2.836666666666607,4.04864113079384e-06,4
1692,2.8383333333332734,4.0485697354597505e-06,4
1693,2.83999999999994,4.049521976412507e-06,4
1694,2.8416666666666064,4.050102688779589e-06,4
1695,2.843333333333273,4.050911229569465e-06,4
1696,2.8449999999999394,4.051658834214322e-06,4
1697,2.846666666666606,4.052481017424725e-06,4
1698,2.8483333333332723,4.0532040657126345e-06,4
1699,2.849999999999939,4.053557859151624e-06,4
1700,2.8516666666666053,4.053568773088045e-06,4
1701,2.8533333333332718,4.053978045703843e-06,4
1702,2.8549999999999383,4.054544660903048e-06,4
1703,2.8566666666666047,4.055109002365498e-06,4
1704,2.858333333333271,4.055706540384563e-06,4
1705,2.8599999999999377,4.056350917380769e-06,4
1706,2.861666666666604,4.056943907926325e-06,4
1707,2.8633333333332707,4.057025762449484e-06,4
1708,2.864999999999937,4.057035766891204e-06,4
1709,2.8666666666666036,4.057120349898469e-06,4
1710,2.86833333333327,4.057308160554385e-06,4
1711,2.8699999999999366,4.057547812408302e-06,4
1712,2.871666666666603,4.057762907905271e-06,4
1713,2.8733333333332696,4.05801347369561e-06,4
1714,2.874999999999936,4.058268132212106e-06,4
1715,2.8766666666666025,4.058281774632633e-06,4
1716,2.878333333333269,4.058244030602509e-06,4
1717,2.8799999999999355,4.05827540816972e-06,4
1718,2.881666666666602,4.05828041039058e-06,4
1719,2.8833333333332685,4.058283138874685e-06,4
1720,2.884999999999935,4.058280865137931e-06,4
1721,2.8866666666666014,4.058273589180317e-06,4
1722,2.888333333333268,4.058283138874685e-06,4
1723,2.8899999999999344,4.05825994675979e-06,4
1724,2.891666666666601,4.0582704059488606e-06,4
1725,2.8933333333332674,4.0582785914011765e-06,4
1726,2.894999999999934,4.05828541261144e-06,4
1727,2.8966666666666003,4.058289050590247e-06,4
1728,2.898333333333267,4.05826995120151e-06,4
1729,2.8999999999999333,4.058273589180317e-06,4
1730,2.9016666666666,4.058272224938264e-06,4
1731,2.9033333333332663,4.058269496454159e-06,4
1732,2.9049999999999327,4.058279046148527e-06,4
1733,2.9066666666665992,4.058289505337598e-06,4
1734,2.9083333333332657,4.058283138874685e-06,4
1735,2.909999999999932,4.0582667679700535e-06,4
1736,2.9116666666665987,4.058279500895878e-06,4
1737,2.913333333333265,4.05828041039058e-06,4
1738,2.9149999999999316,4.058284503116738e-06,4
1739,2.916666666666598,4.058273589180317e-06,4
1740,2.9183333333332646,4.058282229379984e-06,4
1741,2.919999999999931,4.058266313222703e-06,4
1742,2.9216666666665976,4.058269496454159e-06,4
1743,2.923333333333264,4.058282229379984e-06,4
1744,2.9249999999999305,4.058279046148527e-06,4
1745,2.926666666666597,4.058261765749194e-06,4
1746,2.9283333333332635,4.058279500895878e-06,4
1747,2.92999999999993,4.058265858475352e-06,4
1748,2.9316666666665965,4.058288141095545e-06,4
1749,2.933333333333263,4.058281319885282e-06,4
1750,2.9349999999999294,4.058276317664422e-06,4
1751,2.936666666666596,4.058287231600843e-06,4
1752,2.9383333333332624,4.058267677464755e-06,4
1753,2.939999999999929,4.058276317664422e-06,4
1754,2.9416666666665954,4.058274043927668e-06,4
1755,2.943333333333262,4.0582744986750185e-06,4
1756,2.9449999999999283,4.058271315443562e-06,4
1757,2.946666666666595,4.058277227159124e-06,4
1758,2.9483333333332613,4.058276772411773e-06,4
1759,2.949999999999928,4.05827540816972e-06,4
1760,2.9516666666665943,4.058289960084949e-06,4
1761,2.9533333333332608,4.058289050590247e-06,4
1762,2.9549999999999272,4.0582826841273345e-06,4
1763,2.9566666666665937,4.058276317664422e-06,4
1764,2.95833333333326,4.058272224938264e-06,4
1765,2.9599999999999267,4.058280865137931e-06,4
1766,2.961666666666593,4.0582744986750185e-06,4
1767,2.9633333333332597,4.058265858475352e-06,4
1768,2.964999999999926,4.058268586959457e-06,4
1769,2.9666666666665926,4.058271770190913e-06,4
1770,2.968333333333259,4.058279955643229e-06,4
1771,2.9699999999999256,4.05826995120151e-06,4
1772,2.971666666666592,4.058266313222703e-06,4
1773,2.9733333333332586,4.058276772411773e-06,4
1774,2.974999999999925,4.058275862917071e-06,4
1775,2.9766666666665915,4.058275862917071e-06,4
1776,2.978333333333258,4.058272224938264e-06,4
1777,2.9799999999999245,4.058279500895878e-06,4
1778,2.981666666666591,4.05826995120151e-06,4
1779,2.9833333333332575,4.058272679685615e-06,4
1780,2.984999999999924,4.058287686348194e-06,4
1781,2.9866666666665904,4.058265858475352e-06,4
1782,2.988333333333257,4.058281319885282e-06,4
1783,2.9899999999999234,4.058289960084949e-06,4
1784,2.99166666666659,4.0582867768534925e-06,4
1785,2.9933333333332564,4.058268586959457e-06,4
1786,2.994999999999923,4.058284048369387e-06,4
1787,2.9966666666665893,4.058279500895878e-06,4
1788,2.998333333333256,4.058269041706808e-06,4
1789,2.9999999999999223,4.058264039485948e-06,4
1790,3.0016666666665888,4.058283593622036e-06,4
1791,3.0033333333332553,4.0582667679700535e-06,4
1792,3.0049999999999217,4.058262220496545e-06,4
1793,3.006666666666588,4.0582704059488606e-06,4
1794,3.0083333333332547,4.058279500895878e-06,4
1795,3.009999999999921,4.058263129991246e-06,4
1796,3.0116666666665877,4.058282229379984e-06,4
1797,3.013333333333254,4.05826494898065e-06,4
1798,3.0149999999999206,4.058284957864089e-06,4
1799,3.016666666666587,4.0582826841273345e-06,4
1800,3.0183333333332536,4.0582708606962115e-06,4
1801,3.01999999999992,4.058264494233299e-06,4
1802,3.0216666666665866,4.058281319885282e-06,4
1803,3.023333333333253,4.058269041706808e-06,4
1804,3.0249999999999195,4.058288595842896e-06,4
1805,3.026666666666586,4.0582744986750185e-06,4
1806,3.0283333333332525,4.058283138874685e-06,4
1807,3.029999999999919,4.058273589180317e-06,4
1808,3.0316666666665855,4.058273589180317e-06,4
1809,3.033333333333252,4.058271315443562e-06,4
1810,3.0349999999999184,4.058265858475352e-06,4
1811,3.036666666666585,4.058274043927668e-06,4
1812,3.0383333333332514,4.05827540816972e-06,4
1813,3.039999999999918,4.05827540816972e-06,4
1814,3.0416666666665844,4.058269041706808e-06,4
1815,3.043333333333251,4.0582749534223694e-06,4
1816,3.0449999999999173,4.058288595842896e-06,4
1817,3.046666666666584,4.058266313222703e-06,4
1818,3.0483333333332503,4.058271770190913e-06,4
1819,3.0499999999999168,4.0582826841273345e-06,4
1820,3.0516666666665833,4.058305421494879e-06,4
1821,3.0533333333332497,4.058279955643229e-06,4
1822,3.0549999999999162,4.058272224938264e-06,4
1823,3.0566666666665827,4.058265403728001e-06,4
1824,3.058333333333249,4.058284048369387e-06,5
1825,3.0599999999999157,4.058277227159124e-06,5
1826,3.061666666666582,4.058272679685615e-06,5
1827,3.0633333333332486,4.058272224938264e-06,5
1828,3.064999999999915,4.058288595842896e-06,5
1829,3.0666666666665816,4.058279955643229e-06,5
1830,3.068333333333248,4.058278136653826e-06,5
1831,3.0699999999999146,4.0582704059488606e-06,5
1832,3.071666666666581,4.058277227159124e-06,5
1833,3.0733333333332475,4.058273589180317e-06,5
1834,3.074999999999914,4.0582904148322996e-06,5
1835,3.0766666666665805,4.058272679685615e-06,5
1836,3.078333333333247,4.058281774632633e-06,5
1837,3.0799999999999135,4.058269496454159e-06,5
1838,3.08166666666658,4.058283593622036e-06,5
1839,3.0833333333332464,4.058272679685615e-06,5
1840,3.084999999999913,4.058284048369387e-06,5
1841,3.0866666666665794,4.05826995120151e-06,5
1842,3.088333333333246,4.058282229379984e-06,5
1843,3.0899999999999124,4.05826995120151e-06,5
1844,3.091666666666579,4.058255399286281e-06,5
1845,3.0933333333332453,4.058102149429033e-06,5
1846,3.094999999999912,4.057902970089344e-06,5
1847,3.0966666666665783,4.0577579056844115e-06,5
1848,3.098333333333245,4.057583737449022e-06,5
1849,3.0999999999999113,4.057406840729527e-06,5
1850,3.1016666666665778,4.057360456499737e-06,5
1851,3.1033333333332442,4.057395926793106e-06,5
1852,3.1049999999999107,4.057347723573912e-06,5
1853,3.106666666666577,4.056983925693203e-06,5
1854,3.1083333333332437,4.0565405470260885e-06,5
1855,3.10999999999991,4.056101715832483e-06,5
1856,3.1116666666665767,4.0556792555435095e-06,5
1857,3.113333333333243,4.055248155054869e-06,5
1858,3.1149999999999096,4.054980763612548e-06,5
1859,3.116666666666576,4.05498167310725e-06,5
1860,3.1183333333332426,4.054847522638738e-06,5
1861,3.119999999999909,4.054194505442865e-06,5
1862,3.1216666666665756,4.053601514897309e-06,5
1863,3.123333333333242,4.053018983540824e-06,5
1864,3.1249999999999085,4.052411441080039e-06,5
1865,3.126666666666575,4.051828000228852e-06,5
1866,3.1283333333332415,4.051427367812721e-06,5
1867,3.129999999999908,4.051235009683296e-06,5
1868,3.1316666666665745,4.050743882544339e-06,5
1869,3.133333333333241,4.050004463351797e-06,5
1870,3.1349999999999074,4.049350536661223e-06,5
1871,3.136666666666574,4.048711161885876e-06,5
1872,3.1383333333332404,4.048034043080406e-06,5
1873,3.139999999999907,4.047381025884533e-06,5
1874,3.1416666666665733,4.046682988700923e-06,5
1875,3.14333333333324,4.046181402372895e-06,5
1876,3.1449999999999063,4.045244168082718e-06,5
1877,3.146666666666573,4.044657544000074e-06,5
1878,3.1483333333332393,4.043921308038989e-06,5
1879,3.1499999999999058,4.043210083182203e-06,5
1880,3.1516666666665722,4.042477030452574e-06,5
1881,3.1533333333332387,4.041769443574594e-06,5
1882,3.154999999999905,4.040996827825438e-06,5
1883,3.1566666666665717,4.040231942781247e-06,5
1884,3.158333333333238,4.039482973894337e-06,5
1885,3.1599999999999047,4.038748102175305e-06,5
1886,3.161666666666571,4.038007318740711e-06,5
1887,3.1633333333332376,4.037292001157766e-06,5
1888,3.164999999999904,4.036496648041066e-06,5
1889,3.1666666666665706,4.035709480376681e-06,5
1890,3.168333333333237,4.035073743580142e-06,5
1891,3.1699999999999036,4.034302037325688e-06,5
1892,3.17166666666657,4.033556251670234e-06,5
1893,3.1733333333332365,4.032780452689622e-06,5
1894,3.174999999999903,4.0320719563169405e-06,5
1895,3.1766666666665695,4.031288426631363e-06,5
1896,3.178333333333236,4.0307263589056674e-06,5
1897,3.1799999999999025,4.029784122394631e-06,5
1898,3.181666666666569,4.029058345622616e-06,5
1899,3.1833333333332354,4.028257990285056e-06,5
1900,3.184999999999902,4.027553586638533e-06,5
1901,3.1866666666665684,4.0277823245560285e-06,5
1902,3.188333333333235,4.027759132441133e-06,5
1903,3.1899999999999014,4.027761860925239e-06,5
1904,3.191666666666568,4.027772320114309e-06,5
1905,3.1933333333332343,4.027772320114309e-06,5
1906,3.194999999999901,4.0277500374941155e-06,5
1907,3.1966666666665673,4.027770501124905e-06,5
1908,3.1983333333332338,4.027755494462326e-06,5
1909,3.1999999999999003,4.027747763757361e-06,5
1910,3.2016666666665667,4.027764134661993e-06,5
1911,3.2033333333332332,4.027821887575556e-06,5
1912,3.2049999999998997,4.027737304568291e-06,5
1913,3.206666666666566,4.027735940326238e-06,5
1914,3.2083333333332327,4.027716840937501e-06,5
1915,3.209999999999899,4.027719114674255e-06,5
1916,3.2116666666665656,4.027724116895115e-06,5
1917,3.213333333333232,4.0277263906318694e-06,5
1918,3.2149999999998986,4.027735030831536e-06,5
1919,3.216666666666565,4.027729119115975e-06,5
1920,3.2183333333332316,4.027744125778554e-06,5
1921,3.219999999999898,4.0277382140629925e-06,5
1922,3.2216666666665645,4.027745035273256e-06,5
1923,3.223333333333231,4.027723207400413e-06,5
1924,3.2249999999998975,4.027733211842133e-06,5
1925,3.226666666666564,4.027788691018941e-06,5
1926,3.2283333333332305,4.027799150208011e-06,5
1927,3.229999999999897,4.027780960313976e-06,5
1928,3.2316666666665634,4.027760951430537e-06,5
1929,3.23333333333323,4.027783688798081e-06,5
1930,3.2349999999998964,4.027765044156695e-06,5
1931,3.236666666666563,4.027740033052396e-06,5
1932,3.2383333333332294,4.027824616059661e-06,5
1933,3.239999999999896,4.027799604955362e-06,5
1934,3.2416666666665623,4.027780505566625e-06,5
1935,3.243333333333229,4.0277823245560285e-06,5
1936,3.2449999999998953,4.027763679914642e-06,5
1937,3.246666666666562,4.027730483358027e-06,5
1938,3.2483333333332283,4.0277864172821864e-06,5
1939,3.2499999999998948,4.0277659536513966e-06,5
1940,3.2516666666665612,4.02774730901001e-06,5
1941,3.2533333333332277,4.027739578305045e-06,5
1942,3.254999999999894,4.0277182051795535e-06,5
1943,3.2566666666665607,4.027724571642466e-06,5
1944,3.258333333333227,4.027709564979887e-06,5
1945,3.2599999999998936,4.0277905100083444e-06,5
1946,3.26166666666656,4.02773684982094e-06,5
1947,3.2633333333332266,4.027733666589484e-06,5
1948,3.264999999999893,4.02772138841101e-06,5
1949,3.2666666666665596,4.027755949209677e-06,5
1950,3.268333333333226,4.027713657706045e-06,5
1951,3.2699999999998925,4.0277341213368345e-06,5
1952,3.271666666666559,4.0277141124533955e-06,5
1953,3.2733333333332255,4.0278023334394675e-06,5
1954,3.274999999999892,4.02778323405073e-06,5
1955,3.2766666666665585,4.027770501124905e-06,5
1956,3.278333333333225,4.0277623156725895e-06,5
1957,3.2799999999998914,4.027768682135502e-06,5
1958,3.281666666666558,4.027760951430537e-06,5
1959,3.2833333333332244,4.027771865366958e-06,5
1960,3.284999999999891,4.027769136882853e-06,5
1961,3.2866666666665574,4.027846898679854e-06,5
1962,3.288333333333224,4.027794602734502e-06,5
1963,3.2899999999998903,4.02778823627159e-06,5
1964,3.291666666666557,4.027760951430537e-06,5
1965,3.2933333333332233,4.0277418520417996e-06,5
1966,3.29499999999989,4.0277300286106765e-06,5
1967,3.2966666666665563,4.027723662147764e-06,5
1968,3.2983333333332228,4.027708655485185e-06,5
1969,3.2999999999998892,4.027713202958694e-06,5
1970,3.3016666666665557,4.02772684537922e-06,5
1971,3.303333333333222,4.027720024168957e-06,5
1972,3.3049999999998887,4.027754584967624e-06,5
1973,3.306666666666555,4.027737304568291e-06,5
1974,3.3083333333332217,4.027744580525905e-06,5
1975,3.309999999999888,4.027722752653062e-06,5
1976,3.3116666666665546,4.02773184760008e-06,5
1977,3.313333333333221,4.027718659926904e-06,5
1978,3.3149999999998876,4.027779596071923e-06,5
1979,3.316666666666554,4.027769136882853e-06,5
1980,3.3183333333332206,4.027744125778554e-06,5
1981,3.319999999999887,4.027785053040134e-06,5
1982,3.3216666666665535,4.027757768199081e-06,5
1983,3.32333333333322,4.0277382140629925e-06,5
1984,3.3249999999998865,4.0277782318298705e-06,5
1985,3.326666666666553,4.027765044156695e-06,5
1986,3.3283333333332195,4.02776277041994e-06,5
1987,3.329999999999886,4.027749582746765e-06,5
1988,3.3316666666665524,4.027732302347431e-06,5
1989,3.333333333333219,4.027737304568291e-06,5
1990,3.3349999999998854,4.02777277486166e-06,5
1991,3.336666666666552,4.0277677726408e-06,5
1992,3.3383333333332184,4.027759132441133e-06,5
1993,3.339999999999885,4.027782779303379e-06,5
1994,3.3416666666665513,4.027743216283852e-06,5
1995,3.343333333333218,4.027755494462326e-06,5
1996,3.3449999999998843,4.027787326776888e-06,5
1997,3.3466666666665508,4.027763225167291e-06,5
1998,3.3483333333332173,4.02777777708252e-06,5
1999,3.3499999999998837,4.0277664083987474e-06,5
2000,3.35166666666655,4.027725026389817e-06,5
2001,3.3533333333332167,4.027736395073589e-06,5
2002,3.354999999999883,4.027770501124905e-06,5
2003,3.3566666666665497,4.027776867587818e-06,5
2004,3.358333333333216,4.027735030831536e-06,5
2005,3.3599999999998826,4.027750946988817e-06,5
2006,3.361666666666549,4.027742761536501e-06,5
2007,3.3633333333332156,4.027740942547098e-06,5
2008,3.364999999999882,4.027720478916308e-06,5
2009,3.3666666666665486,4.027715931442799e-06,5
2010,3.368333333333215,4.027725026389817e-06,5
2011,3.3699999999998815,4.027727754873922e-06,5
2012,3.371666666666548,4.027730483358027e-06,5
2013,3.3733333333332145,4.0277218431583606e-06,5
2014,3.374999999999881,4.027724116895115e-06,5
2015,3.3766666666665475,4.027720478916308e-06,5
2016,3.378333333333214,4.027732757094782e-06,5
2017,3.3799999999998804,4.027737304568291e-06,5
2018,3.381666666666547,4.02780369768152e-06,5
2019,3.3833333333332134,4.02778823627159e-06,5
2020,3.38499999999988,4.027773684356362e-06,5
2021,3.3866666666665464,4.027759132441133e-06,5
2022,3.388333333333213,4.027776867587818e-06,5
2023,3.3899999999998793,4.028696821478661e-06,5
2024,3.391666666666546,4.029373030789429e-06,5
2025,3.3933333333332123,4.0301574699697085e-06,5
2026,3.394999999999879,4.030888703709934e-06,5
2027,3.3966666666665453,4.031640401080949e-06,5
2028,3.3983333333332117,4.032382094010245e-06,5
2029,3.3999999999998782,4.033123786939541e-06,5
2030,3.4016666666665447,4.033868663100293e-06,5
2031,3.403333333333211,4.034609446534887e-06,5
2032,3.4049999999998777,4.035373422084376e-06,5
2033,3.406666666666544,4.036104201077251e-06,5
2034,3.4083333333332106,4.036840891785687e-06,5
2035,3.409999999999877,4.03758622269379e-06,5
2036,3.4116666666665436,4.03835065299063e-06,5
2037,3.41333333333321,4.039052782900399e-06,5
2038,3.4149999999998766,4.039794475829694e-06,5
2039,3.416666666666543,4.040521616843762e-06,5
2040,3.4183333333332095,4.0412483031104784e-06,5
2041,3.419999999999876,4.041973625135142e-06,5
2042,3.4216666666665425,4.04269576392835e-06,5
2043,3.423333333333209,4.043405624543084e-06,5
2044,3.4249999999998755,4.044136858283309e-06,5
2045,3.426666666666542,4.044681645609671e-06,5
2046,3.4283333333332084,4.045515197503846e-06,5
2047,3.429999999999875,4.046314188599354e-06,5
2048,3.4316666666665414,4.046981302963104e-06,5
2049,3.433333333333208,4.047573838761309e-06,5
2050,3.4349999999998744,4.048237769893603e-06,5
2051,3.436666666666541,4.048919436172582e-06,5
2052,3.4383333333332073,4.049561994179385e-06,5
2053,3.439999999999874,4.050230927532539e-06,5
2054,3.4416666666665403,4.0507247831556015e-06,5
2055,3.443333333333207,4.051463292853441e-06,5
2056,3.4449999999998733,4.051533323945478e-06,5
2057,3.4466666666665398,4.0520021684642415e-06,5
2058,3.4483333333332062,4.052585609315429e-06,5
2059,3.4499999999998727,4.0531881495553534e-06,5
2060,3.451666666666539,4.053774318890646e-06,5
2061,3.4533333333332057,4.0543663999415e-06,5
2062,3.454999999999872,4.054953024024144e-06,5
2063,3.4566666666665387,4.055065346619813e-06,5
2064,3.458333333333205,4.055013505421812e-06,5
2065,3.4599999999998716,4.0553591134084854e-06,5
2066,3.461666666666538,4.055823865201091e-06,5
2067,3.4633333333332046,4.056243142258609e-06,5
2068,3.464999999999871,4.056686975673074e-06,5
2069,3.4666666666665376,4.057127171108732e-06,5
2070,3.468333333333204,4.0574377635493875e-06,5
2071,3.4699999999998705,4.057412297697738e-06,5
2072,3.471666666666537,4.057374098920263e-06,5
2073,3.4733333333332035,4.057498244947055e-06,5
2074,3.47499999999987,4.057699698023498e-06,5
2075,3.4766666666665365,4.057915703015169e-06,5
2076,3.478333333333203,4.058113063365454e-06,5
2077,3.4799999999998694,4.058278136653826e-06,5
2078,3.481666666666536,4.058385002281284e-06,5
2079,3.4833333333332024,4.058320882904809e-06,5
2080,3.484999999999869,4.058249942318071e-06,5
2081,3.4866666666665354,4.058292233821703e-06,5
2082,3.488333333333202,4.058286322106142e-06,5
2083,3.4899999999998683,4.058262220496545e-06,5
2084,3.491666666666535,4.058268586959457e-06,5
2085,3.4933333333332013,4.058269496454159e-06,5
2086,3.4949999999998678,4.0582749534223694e-06,5
2087,3.4966666666665343,4.058278136653826e-06,5
2088,3.4983333333332007,4.058284503116738e-06,5
2089,3.499999999999867,4.058276772411773e-06,5
2090,3.5016666666665337,4.058279955643229e-06,5
2091,3.5033333333332,4.05827540816972e-06,5
2092,3.5049999999998667,4.058295417053159e-06,5
2093,3.506666666666533,4.05828541261144e-06,5
2094,3.5083333333331996,4.0582744986750185e-06,5
2095,3.509999999999866,4.058281774632633e-06,5
2096,3.5116666666665326,4.058268586959457e-06,5
2097,3.513333333333199,4.0582785914011765e-06,5
2098,3.5149999999998656,4.058284503116738e-06,5
2099,3.516666666666532,4.058288595842896e-06,5
2100,3.5183333333331985,4.058280865137931e-06,5
2101,3.519999999999865,4.058279955643229e-06,5
2102,3.5216666666665315,4.058273589180317e-06,5
2103,3.523333333333198,4.05828041039058e-06,5
2104,3.5249999999998645,4.05828041039058e-06,5
2105,3.526666666666531,4.058280865137931e-06,5
2106,3.5283333333331974,4.058287231600843e-06,5
2107,3.529999999999864,4.05827540816972e-06,5
2108,3.5316666666665304,4.058279500895878e-06,5
2109,3.533333333333197,4.058267677464755e-06,5
2110,3.5349999999998634,4.058289050590247e-06,5
2111,3.53666666666653,4.058271315443562e-06,5
2112,3.5383333333331963,4.058279500895878e-06,5
2113,3.539999999999863,4.058274043927668e-06,5
2114,3.5416666666665293,4.05826995120151e-06,5
2115,3.543333333333196,4.058291779074352e-06,5
2116,3.5449999999998623,4.058266313222703e-06,5
2117,3.5466666666665287,4.058276772411773e-06,5
2118,3.5483333333331952,4.058272224938264e-06,5
2119,3.5499999999998617,4.058272679685615e-06,5
2120,3.551666666666528,4.058279046148527e-06,5
2121,3.5533333333331947,4.058283593622036e-06,5
2122,3.554999999999861,4.058289505337598e-06,5
2123,3.5566666666665276,4.05827540816972e-06,5
2124,3.558333333333194,4.0582708606962115e-06,5
2125,3.5599999999998606,4.058259037265088e-06,5
2126,3.561666666666527,4.058260856254492e-06,5
2127,3.5633333333331936,4.058284957864089e-06,5
2128,3.56499999999986,4.058271770190913e-06,5
2129,3.5666666666665265,4.058264494233299e-06,5
2130,3.568333333333193,4.058263584738597e-06,5
2131,3.5699999999998595,4.058273134432966e-06,5
2132,3.571666666666526,4.058271315443562e-06,5
2133,3.5733333333331925,4.05827540816972e-06,5
2134,3.574999999999859,4.05826494898065e-06,5
2135,3.5766666666665254,4.05828541261144e-06,5
2136,3.578333333333192,4.058279955643229e-06,5
2137,3.5799999999998584,4.058272224938264e-06,5
2138,3.581666666666525,4.058269041706808e-06,5
2139,3.5833333333331914,4.0582708606962115e-06,5
2140,3.584999999999858,4.058261765749194e-06,5
2141,3.5866666666665243,4.058272224938264e-06,5
2142,3.588333333333191,4.058284048369387e-06,5
2143,3.5899999999998573,4.0582826841273345e-06,5
2144,3.591666666666524,4.05828041039058e-06,5
2145,3.5933333333331903,4.058267222717404e-06,5
2146,3.5949999999998568,4.058274043927668e-06,5
2147,3.5966666666665232,4.058278136653826e-06,5
2148,3.5983333333331897,4.058276772411773e-06,5
2149,3.599999999999856,4.0582585825177375e-06,5
2150,3.6016666666665227,4.05826494898065e-06,5
2151,3.603333333333189,4.05825994675979e-06,5
2152,3.6049999999998557,4.058289960084949e-06,5
2153,3.606666666666522,4.0582708606962115e-06,5
2154,3.6083333333331886,4.058277227159124e-06,5
2155,3.609999999999855,4.05827540816972e-06,5
2156,3.6116666666665216,4.058281774632633e-06,5
2157,3.613333333333188,4.05828041039058e-06,5
2158,3.6149999999998546,4.058263584738597e-06,5
2159,3.616666666666521,4.058266313222703e-06,5
2160,3.6183333333331875,4.058268586959457e-06,5
2161,3.619999999999854,4.058273134432966e-06,5
2162,3.6216666666665205,4.058268586959457e-06,5
2163,3.623333333333187,4.058264039485948e-06,5
2164,3.6249999999998535,4.05827540816972e-06,5
2165,3.62666666666652,4.058279955643229e-06,5
2166,3.6283333333331864,4.058272679685615e-06,5
2167,3.629999999999853,4.0582744986750185e-06,5
2168,3.6316666666665194,4.058277227159124e-06,5
2169,3.633333333333186,4.058282229379984e-06,5
2170,3.6349999999998523,4.0582704059488606e-06,5
2171,3.636666666666519,4.058273589180317e-06,5
2172,3.6383333333331853,4.05828041039058e-06,5
2173,3.639999999999852,4.058279500895878e-06,5
2174,3.6416666666665183,4.05828041039058e-06,5
2175,3.6433333333331848,4.058256763528334e-06,5
2176,3.6449999999998512,4.058283593622036e-06,5
2177,3.6466666666665177,4.05828041039058e-06,5
2178,3.648333333333184,4.058266313222703e-06,5
2179,3.6499999999998507,4.058269496454159e-06,5
2180,3.651666666666517,4.058267677464755e-06,5
2181,3.6533333333331837,4.058264494233299e-06,5
2182,3.65499999999985,4.058274043927668e-06,5
2183,3.6566666666665166,4.0582744986750185e-06,5
2184,3.658333333333183,4.058268586959457e-06,5
2185,3.6599999999998496,4.058279500895878e-06,5
2186,3.661666666666516,4.058264039485948e-06,5
2187,3.6633333333331826,4.058268132212106e-06,5
2188,3.664999999999849,4.058289960084949e-06,5
2189,3.6666666666665155,4.0582708606962115e-06,5
2190,3.668333333333182,4.058297236042563e-06,6
2191,3.6699999999998485,4.0582667679700535e-06,6
2192,3.671666666666515,4.0582826841273345e-06,6
2193,3.6733333333331815,4.058269041706808e-06,6
2194,3.674999999999848,4.0582704059488606e-06,6
2195,3.6766666666665144,4.058271770190913e-06,6
2196,3.678333333333181,4.058279046148527e-06,6
2197,3.6799999999998474,4.058279046148527e-06,6
2198,3.681666666666514,4.058279955643229e-06,6
2199,3.6833333333331804,4.058269041706808e-06,6
2200,3.684999999999847,4.058289050590247e-06,6
2201,3.6866666666665133,4.05826995120151e-06,6
2202,3.68833333333318,4.058283138874685e-06,6
2203,3.6899999999998463,4.058268586959457e-06,6
2204,3.6916666666665128,4.058265403728001e-06,6
2205,3.6933333333331793,4.058272679685615e-06,6
2206,3.6949999999998457,4.05827540816972e-06,6
2207,3.6966666666665122,4.058257218275685e-06,6
2208,3.6983333333331787,4.058111699123401e-06,6
2209,3.699999999999845,4.05798800784396e-06,6
2210,3.7016666666665117,4.0578543121227995e-06,6
2211,3.703333333333178,4.057689238834428e-06,6
2212,3.7049999999998446,4.057575097249355e-06,6
2213,3.706666666666511,4.05753644372453e-06,6
2214,3.7083333333331776,4.057558271597372e-06,6
2215,3.709999999999844,4.057491423736792e-06,6
2216,3.7116666666665106,4.057215846842155e-06,6
2217,3.713333333333177,4.056979832967045e-06,6
2218,3.7149999999998435,4.0566364987171255e-06,6
2219,3.71666666666651,4.05657738156151e-06,6
2220,3.7183333333331765,4.056322268297663e-06,6
2221,3.719999999999843,4.056202214997029e-06,6
2222,3.7216666666665095,4.056301804666873e-06,6
2223,3.723333333333176,4.056140369357308e-06,6
2224,3.7249999999998424,4.055888439324917e-06,6
2225,3.726666666666509,4.055680619785562e-06,6
2226,3.7283333333331754,4.055656063428614e-06,6
2227,3.729999999999842,4.055487352161435e-06,6
2228,3.7316666666665084,4.0552386053605005e-06,6
2229,3.733333333333175,4.055120825796621e-06,6
2230,3.7349999999998413,4.054927103425143e-06,6
2231,3.736666666666508,4.054732016811613e-06,6
2232,3.7383333333331743,4.054465989611344e-06,6
2233,3.739999999999841,4.054445071233204e-06,6
2234,3.7416666666665073,4.054332293890184e-06,6
2235,3.7433333333331738,4.053968041262124e-06,6
2236,3.7449999999998402,4.053786142321769e-06,6
2237,3.7466666666665067,4.0531758713768795e-06,6
2238,3.748333333333173,4.052888471051119e-06,6
2239,3.7499999999998397,4.0530876503908075e-06,6
2240,3.751666666666506,4.05171431339113e-06,6
2241,3.7533333333331727,4.0524628275306895e-06,6
2242,3.754999999999839,4.050554252899019e-06,6
2243,3.7566666666665056,4.048276423418429e-06,6
2244,3.758333333333172,4.047525635542115e-06,6
2245,3.7599999999998386,4.047247330163373e-06,6
2246,3.761666666666505,4.0472523323842324e-06,6
2247,3.7633333333331715,4.046158210258e-06,6
2248,3.764999999999838,4.0497711779607926e-06,6
2249,3.7666666666665045,4.049792096338933e-06,6
2250,3.768333333333171,4.048591108585242e-06,6
2251,3.7699999999998375,4.048863502248423e-06,6
2252,3.771666666666504,4.048396021971712e-06,6
2253,3.7733333333331704,4.049745257361792e-06,6
2254,3.774999999999837,4.048743448947789e-06,6
2255,3.7766666666665034,4.048955815960653e-06,6
2256,3.77833333333317,4.050130428367993e-06,6
2257,3.7799999999998364,4.0476566027791705e-06,6
2258,3.781666666666503,4.05175524065271e-06,6
2259,3.7833333333331693,4.047381935379235e-06,6
2260,3.784999999999836,4.047787570016226e-06,6
2261,3.7866666666665023,4.046260528411949e-06,6
2262,3.788333333333169,4.050850293424446e-06,6
2263,3.7899999999998353,4.0489944694854785e-06,6
2264,3.7916666666665018,4.049866220157128e-06,6
2265,3.7933333333331682,4.0484296732756775e-06,6
2266,3.7949999999998347,4.049444214615505e-06,6
2267,3.796666666666501,4.048961272928864e-06,6
2268,3.7983333333331677,4.049258222948993e-06,6
2269,3.799999999999834,4.049229119118536e-06,6
2270,3.8016666666665007,4.049705694342265e-06,6
2271,3.803333333333167,4.049387371196644e-06,6
2272,3.8049999999998336,4.0492950574844144e-06,6
2273,3.8066666666665,4.049658400617773e-06,6
2274,3.8083333333331666,4.049417839269154e-06,6
2275,3.809999999999833,4.049244125781115e-06,6
2276,3.8116666666664996,4.0497475310985465e-06,6
2277,3.813333333333166,4.0493787309969775e-06,6
2278,3.8149999999998325,4.049184099130798e-06,6
2279,3.816666666666499,4.049670678796247e-06,6
2280,3.8183333333331655,4.049504696013173e-06,6
2281,3.819999999999832,4.049205927003641e-06,6
2282,3.8216666666664985,4.049360995850293e-06,6
2283,3.823333333333165,4.049167273478815e-06,6
2284,3.8249999999998314,4.0493105188943446e-06,6
2285,3.826666666666498,4.04912361773313e-06,6
2286,3.8283333333331644,4.049316885357257e-06,6
2287,3.829999999999831,4.049508788739331e-06,6
2288,3.8316666666664974,4.049492417834699e-06,6
2289,3.833333333333164,4.049113613291411e-06,6
2290,3.8349999999998303,4.049013568874216e-06,6
2291,3.836666666666497,4.0496674955647904e-06,6
2292,3.8383333333331633,4.049368726555258e-06,6
2293,3.8399999999998298,4.049699782626703e-06,6
2294,3.8416666666664963,4.0496151996194385e-06,6
2295,3.8433333333331627,4.04896945838118e-06,6
2296,3.844999999999829,4.049389190186048e-06,6
2297,3.8466666666664957,4.049562448926736e-06,6
2298,3.848333333333162,4.049463314004242e-06,6
2299,3.8499999999998287,4.049582457810175e-06,6
2300,3.851666666666495,4.049513790960191e-06,6
2301,3.8533333333331616,4.049496965308208e-06,6
2302,3.854999999999828,4.049552444485016e-06,6
2303,3.8566666666664946,4.0495351640856825e-06,6
2304,3.858333333333161,4.0496993278793525e-06,6
2305,3.8599999999998276,4.049501512781717e-06,6
2306,3.861666666666494,4.049550625495613e-06,6
2307,3.8633333333331605,4.0495442590327e-06,6
2308,3.864999999999827,4.049542440043297e-06,6
2309,3.8666666666664935,4.049525159643963e-06,6
2310,3.86833333333316,4.049721155752195e-06,6
2311,3.8699999999998265,4.0494346649211366e-06,6
2312,3.871666666666493,4.0495829125575256e-06,6
2313,3.8733333333331594,4.049527888128068e-06,6
2314,3.874999999999826,4.049586550536333e-06,6
2315,3.8766666666664924,4.049557446705876e-06,6
2316,3.878333333333159,4.049488779855892e-06,6
2317,3.8799999999998254,4.049114068038762e-06,6
2318,3.881666666666492,4.049371455039363e-06,6
2319,3.8833333333331583,4.049526069138665e-06,6
2320,3.884999999999825,4.04949787480291e-06,6
2321,3.8866666666664913,4.0495792745787185e-06,6
2322,3.888333333333158,4.049552444485016e-06,6
2323,3.8899999999998243,4.049535618833033e-06,6
2324,3.8916666666664907,4.049460130772786e-06,6
2325,3.8933333333331572,4.049680228490615e-06,6
2326,3.8949999999998237,4.049443759868154e-06,6
2327,3.89666666666649,4.0491545405529905e-06,6
2328,3.8983333333331567,4.049712515552528e-06,6
2329,3.899999999999823,4.049424205732066e-06,6
2330,3.9016666666664896,4.048994924232829e-06,6
2331,3.903333333333156,4.049296421726467e-06,6
2332,3.9049999999998226,4.049696599395247e-06,6
2333,3.906666666666489,4.049393282912206e-06,6
2334,3.9083333333331556,4.049240942549659e-06,6
2335,3.909999999999822,4.049232757097343e-06,6
2336,3.9116666666664885,4.049083599966252e-06,6
2337,3.913333333333155,4.049179096909938e-06,6
2338,3.9149999999998215,4.049783001391916e-06,6
2339,3.916666666666488,4.04939009968075e-06,6
2340,3.9183333333331545,4.0490663195669185e-06,6
2341,3.919999999999821,4.049228209623834e-06,6
2342,3.9216666666664874,4.049566541652894e-06,6
2343,3.923333333333154,4.049464223498944e-06,6
2344,3.9249999999998204,4.049148174090078e-06,6
2345,3.926666666666487,4.049265498906607e-06,6
2346,3.9283333333331534,4.049037215736462e-06,6
2347,3.92999999999982,4.049685685458826e-06,6
2348,3.9316666666664863,4.04942602472147e-06,6
2349,3.933333333333153,4.049622020829702e-06,6
2350,3.9349999999998193,4.049674771522405e-06,6
2351,3.936666666666486,4.04947240895126e-06,6
2352,3.9383333333331523,4.0491627260053065e-06,6
2353,3.9399999999998188,4.048879873153055e-06,6
2354,3.9416666666664852,4.049323251820169e-06,6
2355,3.9433333333331517,4.048912614962319e-06,6
2356,3.944999999999818,4.0489826460543554e-06,6
2357,3.9466666666664847,4.049487415613839e-06,6
2358,3.948333333333151,4.049469680467155e-06,6
2359,3.9499999999998177,4.049101335112937e-06,6
2360,3.951666666666484,4.049407380080083e-06,6
2361,3.9533333333331506,4.049598828714807e-06,6
2362,3.954999999999817,4.049404651595978e-06,6
2363,3.9566666666664836,4.049660674354527e-06,6
2364,3.95833333333315,4.049529707117472e-06,6
2365,3.9599999999998166,4.049080416734796e-06,6
2366,3.961666666666483,4.049325980304275e-06,6
2367,3.9633333333331495,4.049119979754323e-06,6
2368,3.964999999999816,4.0493105188943446e-06,6
2369,3.9666666666664825,4.049148628837429e-06,6
2370,3.968333333333149,4.049698873132002e-06,6
2371,3.9699999999998155,4.04940055886982e-06,6
2372,3.971666666666482,4.049571998621104e-06,6
2373,3.9733333333331484,4.048913524457021e-06,6
2374,3.974999999999815,4.049858944199514e-06,6
2375,3.9766666666664814,4.049277777085081e-06,6
2376,3.978333333333148,4.049317794851959e-06,6
2377,3.9799999999998144,4.049188191856956e-06,6
2378,3.981666666666481,4.049592007504543e-06,6
2379,3.9833333333331473,4.0495388020644896e-06,6
2380,3.984999999999814,4.049818471685285e-06,6
2381,3.9866666666664803,4.048977643833496e-06,6
2382,3.9883333333331468,4.049803010275355e-06,6
2383,3.9899999999998133,4.048618393426295e-06,6
2384,3.9916666666664797,4.050071311212378e-06,6
2385,3.993333333333146,4.049169092468219e-06,6
2386,3.9949999999998127,4.049753442814108e-06,6
2387,3.996666666666479,4.049392373417504e-06,6
2388,3.9983333333331457,4.049592007504543e-06,6
2389,3.999999999999812,4.049163635500008e-06,6
2390,4.001666666666479,4.049972631037235e-06,6
2391,4.003333333333146,4.049564267916139e-06,6
2392,4.0049999999998125,4.047817583341384e-06,6
2393,4.006666666666479,4.046202320751036e-06,6
2394,4.008333333333146,4.048567916470347e-06,6
2395,4.009999999999813,4.04895399697125e-06,6
2396,4.01166666666648,4.0485338104190305e-06,6
2397,4.013333333333147,4.048599294037558e-06,6
2398,4.014999999999814,4.048788923682878e-06,6
2399,4.016666666666481,4.049001745443093e-06,6
2400,4.018333333333148,4.049309609399643e-06,6
2401,4.019999999999815,4.049456038046628e-06,6
2402,4.021666666666482,4.048589289595839e-06,6
2403,4.023333333333149,4.0484133023710456e-06,6
2404,4.024999999999816,4.0493869164492935e-06,6
2405,4.0266666666664825,4.049545168527402e-06,6
2406,4.0283333333331495,4.046462436235743e-06,6
2407,4.029999999999816,4.050130428367993e-06,6
2408,4.031666666666483,4.0508325582777616e-06,6
2409,4.03333333333315,4.051175892527681e-06,6
2410,4.034999999999817,4.048075425089337e-06,6
2411,4.036666666666484,4.047818038088735e-06,6
2412,4.038333333333151,4.048027676617494e-06,6
2413,4.039999999999818,4.052020813105628e-06,6
2414,4.041666666666485,4.049830295116408e-06,6
2415,4.043333333333152,4.052363237860845e-06,6
2416,4.044999999999819,4.0527711462345906e-06,6
2417,4.046666666666486,4.0529876059736125e-06,6
2418,4.048333333333153,4.053401426062919e-06,6
2419,4.0499999999998195,4.0539571273257025e-06,6
2420,4.0516666666664864,4.0544214243709575e-06,6
2421,4.053333333333153,4.054452801938169e-06,6
2422,4.05499999999982,4.054575128975557e-06,6
2423,4.056666666666487,4.054718374391086e-06,6
2424,4.058333333333154,4.054862984048668e-06,6
2425,4.059999999999821,4.055198132846272e-06,6
2426,4.061666666666488,4.055293175042607e-06,6
2427,4.063333333333155,4.055501449329313e-06,6
2428,4.064999999999822,4.055730187246809e-06,6
2429,4.066666666666489,4.055726549268002e-06,6
2430,4.068333333333156,4.0559275475970935e-06,6
2431,4.069999999999823,4.056138550367905e-06,6
2432,4.07166666666649,4.056302714161575e-06,6
2433,4.0733333333331565,4.056234502058942e-06,6
2434,4.074999999999823,4.0563122638559435e-06,6
2435,4.07666666666649,4.056627858517459e-06,6
2436,4.078333333333157,4.056721991219092e-06,6
2437,4.079999999999824,4.056990292156115e-06,6
2438,4.081666666666491,4.057224032294471e-06,6
2439,4.083333333333158,4.057440037286142e-06,6
2440,4.084999999999825,4.057567821291741e-06,6
2441,4.086666666666492,4.0575218918093015e-06,6
2442,4.088333333333159,4.0576096580480225e-06,6
2443,4.089999999999826,4.057736077811569e-06,6
2444,4.091666666666493,4.057883415953256e-06,6
2445,4.09333333333316,4.058038030052558e-06,6
2446,4.094999999999827,4.058148078911472e-06,6
2447,4.0966666666664935,4.0582785914011765e-06,6
2448,4.09833333333316,4.058281319885282e-06,6
2449,4.099999999999827,4.058253580296878e-06,6
2450,4.101666666666494,4.058277681906475e-06,6
2451,4.103333333333161,4.058293598063756e-06,6
2452,4.104999999999828,4.0582744986750185e-06,6
2453,4.106666666666495,4.058268586959457e-06,6
2454,4.108333333333162,4.058276772411773e-06,6
2455,4.109999999999829,4.058272679685615e-06,6
2456,4.111666666666496,4.058287686348194e-06,6
2457,4.113333333333163,4.058273589180317e-06,6
2458,4.11499999999983,4.0582708606962115e-06,6
2459,4.116666666666497,4.058277227159124e-06,6
2460,4.1183333333331635,4.058269496454159e-06,6
2461,4.1199999999998305,4.0582704059488606e-06,6
2462,4.121666666666497,4.058273589180317e-06,6
2463,4.123333333333164,4.058276317664422e-06,6
2464,4.124999999999831,4.058264039485948e-06,6
2465,4.126666666666498,4.058268586959457e-06,6
2466,4.128333333333165,4.058263584738597e-06,6
2467,4.129999999999832,4.05827540816972e-06,6
2468,4.131666666666499,4.058268586959457e-06,6
2469,4.133333333333166,4.058271315443562e-06,6
2470,4.134999999999833,4.0582744986750185e-06,6
2471,4.1366666666665,4.058267677464755e-06,6
2472,4.138333333333167,4.0582708606962115e-06,6
2473,4.139999999999834,4.058265858475352e-06,6
2474,4.1416666666665005,4.058284048369387e-06,6
2475,4.1433333333331674,4.058276317664422e-06,6
2476,4.144999999999834,4.058292688569054e-06,6
2477,4.146666666666501,4.058272224938264e-06,6
2478,4.148333333333168,4.05828541261144e-06,6
2479,4.149999999999835,4.058278136653826e-06,6
2480,4.151666666666502,4.058271770190913e-06,6
2481,4.153333333333169,4.058281774632633e-06,6
2482,4.154999999999836,4.058277681906475e-06,6
2483,4.156666666666503,4.058277227159124e-06,6
2484,4.15833333333317,4.058279500895878e-06,6
2485,4.159999999999837,4.058282229379984e-06,6
2486,4.161666666666504,4.058284048369387e-06,6
2487,4.163333333333171,4.0582667679700535e-06,6
2488,4.1649999999998375,4.058273589180317e-06,6
2489,4.166666666666504,4.058276772411773e-06,6
2490,4.168333333333171,4.05828541261144e-06,6
2491,4.169999999999838,4.058288141095545e-06,6
2492,4.171666666666505,4.0582626752438955e-06,6
2493,4.173333333333172,4.058274043927668e-06,6
2494,4.174999999999839,4.0582867768534925e-06,6
2495,4.176666666666506,4.058272224938264e-06,6
2496,4.178333333333173,4.0582744986750185e-06,6
2497,4.17999999999984,4.0582708606962115e-06,6
2498,4.181666666666507,4.058281319885282e-06,6
2499,4.183333333333174,4.058279955643229e-06,6
2500,4.184999999999841,4.05828541261144e-06,6
2501,4.1866666666665076,4.058258127770387e-06,6
2502,4.1883333333331745,4.0582826841273345e-06,6
2503,4.189999999999841,4.058277227159124e-06,6
2504,4.191666666666508,4.058263584738597e-06,6
2505,4.193333333333175,4.058267222717404e-06,6
2506,4.194999999999842,4.0582785914011765e-06,6
2507,4.196666666666509,4.058277227159124e-06,6
2508,4.198333333333176,4.0582708606962115e-06,6
2509,4.199999999999843,4.058274043927668e-06,6
2510,4.20166666666651,4.058265403728001e-06,6
2511,4.203333333333177,4.058268586959457e-06,6
2512,4.204999999999844,4.0582785914011765e-06,6
2513,4.206666666666511,4.05825994675979e-06,6
2514,4.208333333333178,4.058282229379984e-06,6
2515,4.2099999999998445,4.058277227159124e-06,6
2516,4.2116666666665115,4.058277227159124e-06,6
2517,4.213333333333178,4.058263584738597e-06,6
2518,4.214999999999845,4.05828541261144e-06,6
2519,4.216666666666512,4.058275862917071e-06,6
2520,4.218333333333179,4.05827540816972e-06,6
2521,4.219999999999846,4.058266313222703e-06,6
2522,4.221666666666513,4.058272679685615e-06,6
2523,4.22333333333318,4.058267222717404e-06,6
2524,4.224999999999847,4.058265858475352e-06,6
2525,4.226666666666514,4.0582708606962115e-06,6
2526,4.228333333333181,4.058268132212106e-06,6
2527,4.229999999999848,4.058273589180317e-06,6
2528,4.231666666666515,4.0582826841273345e-06,6
2529,4.2333333333331815,4.0582785914011765e-06,6
2530,4.234999999999848,4.058282229379984e-06,6
2531,4.236666666666515,4.058281319885282e-06,6
2532,4.238333333333182,4.058277227159124e-06,6
2533,4.239999999999849,4.058273589180317e-06,6
2534,4.241666666666516,4.058273589180317e-06,6
2535,4.243333333333183,4.058278136653826e-06,6
2536,4.24499999999985,4.058269041706808e-06,6
2537,4.246666666666517,4.05826995120151e-06,6
2538,4.248333333333184,4.058268586959457e-06,6
2539,4.249999999999851,4.058252670802176e-06,6
2540,4.251666666666518,4.058278136653826e-06,6
2541,4.253333333333185,4.058268132212106e-06,6
2542,4.254999999999852,4.05828541261144e-06,6
2543,4.2566666666665185,4.058286322106142e-06,6
2544,4.258333333333185,4.0582708606962115e-06,6
2545,4.259999999999852,4.058267677464755e-06,6
2546,4.261666666666519,4.058274043927668e-06,6
2547,4.263333333333186,4.0582744986750185e-06,6
2548,4.264999999999853,4.058273134432966e-06,6
2549,4.26666666666652,4.0582704059488606e-06,6
2550,4.268333333333187,4.0582826841273345e-06,6
2551,4.269999999999854,4.058273589180317e-06,6
2552,4.271666666666521,4.0582708606962115e-06,6
2553,4.273333333333188,4.058281774632633e-06,6
2554,4.274999999999855,4.0582785914011765e-06,6
2555,4.276666666666522,4.058286322106142e-06,7
2556,4.2783333333331885,4.058268132212106e-06,7
2557,4.2799999999998555,4.0582744986750185e-06,7
2558,4.281666666666522,4.058268132212106e-06,7
2559,4.283333333333189,4.058263129991246e-06,7
2560,4.284999999999856,4.058271770190913e-06,7
2561,4.286666666666523,4.058267677464755e-06,7
2562,4.28833333333319,4.05828041039058e-06,7
2563,4.289999999999857,4.058271770190913e-06,7
2564,4.291666666666524,4.05826995120151e-06,7
2565,4.293333333333191,4.058286322106142e-06,7
2566,4.294999999999858,4.05827540816972e-06,7
2567,4.296666666666525,4.058287686348194e-06,7
2568,4.298333333333192,4.058259037265088e-06,7
2569,4.299999999999859,4.058267677464755e-06,7
2570,4.3016666666665255,4.058189915667754e-06,7
2571,4.3033333333331925,4.05810078518698e-06,7
2572,4.304999999999859,4.057990736328065e-06,7
2573,4.306666666666526,4.057904334331397e-06,7
2574,4.308333333333193,4.057816113345325e-06,7
2575,4.30999999999986,4.057792011735728e-06,7
2576,4.311666666666527,4.057791102241026e-06,7
2577,4.313333333333194,4.057738351548323e-06,7
2578,4.314999999999861,4.05748505727388e-06,7
2579,4.316666666666528,4.0571876525064e-06,7
2580,4.318333333333195,4.05688524551806e-06,7
2581,4.319999999999862,4.056590114487335e-06,7
2582,4.321666666666529,4.056299530930119e-06,7
2583,4.323333333333196,4.056184934597695e-06,7
2584,4.3249999999998625,4.056145826325519e-06,7
2585,4.326666666666529,4.055862518725917e-06,7
2586,4.328333333333196,4.0555460145697e-06,7
2587,4.329999999999863,4.0550985431764275e-06,7
2588,4.33166666666653,4.0547060962126125e-06,7
2589,4.333333333333197,4.054281816934235e-06,7
2590,4.334999999999864,4.053944394399878e-06,7
2591,4.336666666666531,4.053829798067454e-06,7
2592,4.338333333333198,4.053445081808604e-06,7
2593,4.339999999999865,4.053043085150421e-06,7
2594,4.341666666666532,4.052641543239588e-06,7
2595,4.343333333333199,4.052181338920491e-06,7
2596,4.344999999999866,4.051747964695096e-06,7
2597,4.346666666666533,4.051339146826649e-06,7
2598,4.3483333333331995,4.05086757382378e-06,7
2599,4.349999999999866,4.050486495543737e-06,7
2600,4.351666666666533,4.050055395055097e-06,7
2601,4.3533333333332,4.049557446705876e-06,7
2602,4.354999999999867,4.049200015288079e-06,7
2603,4.356666666666534,4.0486420402885415e-06,7
2604,4.358333333333201,4.048232312925393e-06,7
2605,4.359999999999868,4.047731636092067e-06,7
2606,4.361666666666535,4.047275524499128e-06,7
2607,4.363333333333202,4.046828962600557e-06,7
2608,4.364999999999869,4.046332378493389e-06,7
2609,4.366666666666536,4.045868081448134e-06,7
2610,4.368333333333203,4.045389232487651e-06,7
2611,4.3699999999998695,4.044865363539429e-06,7
2612,4.3716666666665365,4.044470188091509e-06,7
2613,4.373333333333203,4.0439399526803754e-06,7
2614,4.37499999999987,4.043502030981472e-06,7
2615,4.376666666666537,4.042997716169339e-06,7
2616,4.378333333333204,4.042571163154207e-06,7
2617,4.379999999999871,4.042099590151338e-06,7
2618,4.381666666666538,4.0416284718958195e-06,7
2619,4.383333333333205,4.041171450808179e-06,7
2620,4.384999999999872,4.040752173750661e-06,7
2621,4.386666666666539,4.040387921122601e-06,7
2622,4.388333333333206,4.039721261506202e-06,7
2623,4.389999999999873,4.039357918372843e-06,7
2624,4.39166666666654,4.038831320940517e-06,7
2625,4.3933333333332065,4.038420684082666e-06,7
2626,4.3949999999998735,4.037916824017884e-06,7
2627,4.39666666666654,4.037375674670329e-06,7
2628,4.398333333333207,4.036977315990953e-06,7
2629,4.399999999999874,4.036478912894381e-06,7
2630,4.401666666666541,4.035971414850792e-06,7
2631,4.403333333333208,4.0355407691095024e-06,7
2632,4.404999999999875,4.035722668049857e-06,7
2633,4.406666666666542,4.035657184431329e-06,7
2634,4.408333333333209,4.035679921798874e-06,7
2635,4.409999999999876,4.035690380987944e-06,7
2636,4.411666666666543,4.035646270494908e-06,7
2637,4.41333333333321,4.035720394313103e-06,7
2638,4.414999999999877,4.03564717998961e-06,7
2639,4.4166666666665435,4.035675374325365e-06,7
2640,4.41833333333321,4.035680376546225e-06,7
2641,4.419999999999877,4.035659003420733e-06,7
2642,4.421666666666544,4.035696292703506e-06,7
2643,4.423333333333211,4.035686743009137e-06,7
2644,4.424999999999878,4.03569856644026e-06,7
2645,4.426666666666545,4.035685833514435e-06,7
2646,4.428333333333212,4.035695383208804e-06,7
2647,4.429999999999879,4.035678557556821e-06,7
2648,4.431666666666546,4.035677648062119e-06,7
2649,4.433333333333213,4.035696292703506e-06,7
2650,4.43499999999988,4.035671736346558e-06,7
2651,4.436666666666547,4.035677193314768e-06,7
2652,4.438333333333214,4.035689016745891e-06,7
2653,4.4399999999998805,4.035677193314768e-06,7
2654,4.441666666666547,4.03567310058861e-06,7
2655,4.443333333333214,4.035679921798874e-06,7
2656,4.444999999999881,4.035675374325365e-06,7
2657,4.446666666666548,4.035672191093909e-06,7
2658,4.448333333333215,4.035674464830663e-06,7
2659,4.449999999999882,4.035650363221066e-06,7
2660,4.451666666666549,4.035663096146891e-06,7
2661,4.453333333333216,4.03568310503033e-06,7
2662,4.454999999999883,4.035681740788277e-06,7
2663,4.45666666666655,4.035691290482646e-06,7
2664,4.458333333333217,4.035655820189277e-06,7
2665,4.459999999999884,4.035715392092243e-06,7
2666,4.4616666666665505,4.0356649151362944e-06,7
2667,4.4633333333332175,4.035679921798874e-06,7
2668,4.464999999999884,4.035663096146891e-06,7
2669,4.466666666666551,4.035666279378347e-06,7
2670,4.468333333333218,4.035695837956155e-06,7
2671,4.469999999999885,4.0357049329031724e-06,7
2672,4.471666666666552,4.035682195535628e-06,7
2673,4.473333333333219,4.035659458168084e-06,7
2674,4.474999999999886,4.035717211081646e-06,7
2675,4.476666666666553,4.035686288261786e-06,7
2676,4.47833333333322,4.035686743009137e-06,7
2677,4.479999999999887,4.035694928461453e-06,7
2678,4.481666666666554,4.0356685531151015e-06,7
2679,4.483333333333221,4.035689471493242e-06,7
2680,4.4849999999998875,4.035674919578014e-06,7
2681,4.4866666666665544,4.035658093926031e-06,7
2682,4.488333333333221,4.035663096146891e-06,7
2683,4.489999999999888,4.035664005641593e-06,7
2684,4.491666666666555,4.035705387650523e-06,7
2685,4.493333333333222,4.035659458168084e-06,7
2686,4.494999999999889,4.035716301586945e-06,7
2687,4.496666666666556,4.035659458168084e-06,7
2688,4.498333333333223,4.03571903007105e-06,7
2689,4.49999999999989,4.035673555335961e-06,7
2690,4.501666666666557,4.035689016745891e-06,7
2691,4.503333333333224,4.035693109472049e-06,7
2692,4.504999999999891,4.035648089484312e-06,7
2693,4.506666666666558,4.035678557556821e-06,7
2694,4.5083333333332245,4.035655365441926e-06,7
2695,4.509999999999891,4.035679012304172e-06,7
2696,4.511666666666558,4.0356608224101365e-06,7
2697,4.513333333333225,4.0356808312935755e-06,7
2698,4.514999999999892,4.0356844692723826e-06,7
2699,4.516666666666559,4.0356649151362944e-06,7
2700,4.518333333333226,4.035701294924365e-06,7
2701,4.519999999999893,4.03565218221047e-06,7
2702,4.52166666666656,4.035667188873049e-06,7
2703,4.523333333333227,4.0356685531151015e-06,7
2704,4.524999999999894,4.035682650282979e-06,7
2705,4.526666666666561,4.035671281599207e-06,7
2706,4.528333333333228,4.035681740788277e-06,7
2707,4.5299999999998946,4.035691290482646e-06,7
2708,4.5316666666665615,4.035697656945558e-06,7
2709,4.533333333333228,4.0356726458412595e-06,7
2710,4.534999999999895,4.0357167563342955e-06,7
2711,4.536666666666562,4.035664005641593e-06,7
2712,4.538333333333229,4.035703113913769e-06,7
2713,4.539999999999896,4.035669917357154e-06,7
2714,4.541666666666563,4.035675829072716e-06,7
2715,4.54333333333323,4.035679012304172e-06,7
2716,4.544999999999897,4.035666734125698e-06,7
2717,4.546666666666564,4.035650363221066e-06,7
2718,4.548333333333231,4.035638085042592e-06,7
2719,4.549999999999898,4.035709480376681e-06,7
2720,4.551666666666565,4.035669007862452e-06,7
2721,4.5533333333332315,4.035699475934962e-06,7
2722,4.5549999999998985,4.035659458168084e-06,7
2723,4.556666666666565,4.03571402785019e-06,7
2724,4.558333333333232,4.03565763917868e-06,7
2725,4.559999999999899,4.035674464830663e-06,7
2726,4.561666666666566,4.035646270494908e-06,7
2727,4.563333333333233,4.035684014525032e-06,7
2728,4.5649999999999,4.0357090256293304e-06,7
2729,4.566666666666567,4.035683559777681e-06,7
2730,4.568333333333234,4.0356967474508565e-06,7
2731,4.569999999999901,4.035676283820067e-06,7
2732,4.571666666666568,4.035690835735295e-06,7
2733,4.573333333333235,4.035686288261786e-06,7
2734,4.574999999999902,4.035681740788277e-06,7
2735,4.5766666666665685,4.035680376546225e-06,7
2736,4.5783333333332354,4.03567810280947e-06,7
2737,4.579999999999902,4.03568810725119e-06,7
2738,4.581666666666569,4.0356844692723826e-06,7
2739,4.583333333333236,4.035673555335961e-06,7
2740,4.584999999999903,4.035680376546225e-06,7
2741,4.58666666666657,4.0356967474508565e-06,7
2742,4.588333333333237,4.035700385429664e-06,7
2743,4.589999999999904,4.0356767385674175e-06,7
2744,4.591666666666571,4.0356849240197334e-06,7
2745,4.593333333333238,4.035654455947224e-06,7
2746,4.594999999999905,4.035693109472049e-06,7
2747,4.596666666666572,4.035671736346558e-06,7
2748,4.598333333333239,4.03567810280947e-06,7
2749,4.5999999999999055,4.035673555335961e-06,7
2750,4.601666666666572,4.035674010083312e-06,7
2751,4.603333333333239,4.0357008401770145e-06,7
2752,4.604999999999906,4.035686743009137e-06,7
2753,4.606666666666573,4.036273821839131e-06,7
2754,4.60833333333324,4.037352482555434e-06,7
2755,4.609999999999907,4.036887730762828e-06,7
2756,4.611666666666574,4.037731741846073e-06,7
2757,4.613333333333241,4.038011411466869e-06,7
2758,4.614999999999908,4.038628048874671e-06,7
2759,4.616666666666575,4.039029590785503e-06,7
2760,4.618333333333242,4.0395020732830744e-06,7
2761,4.619999999999909,4.040032763441559e-06,7
2762,4.6216666666665756,4.0404393075732514e-06,7
2763,4.6233333333332425,4.040933163196314e-06,7
2764,4.624999999999909,4.041414740640903e-06,7
2765,4.626666666666576,4.041847205371596e-06,7
2766,4.628333333333243,4.042332875542343e-06,7
2767,4.62999999999991,4.04278307541972e-06,7
2768,4.631666666666577,4.043243734486168e-06,7
2769,4.633333333333244,4.0436952986055985e-06,7
2770,4.634999999999911,4.04418869948131e-06,7
2771,4.636666666666578,4.044647084811004e-06,7
2772,4.638333333333245,4.045113655593013e-06,7
2773,4.639999999999912,4.0455697671859525e-06,7
2774,4.641666666666579,4.046023150294786e-06,7
2775,4.643333333333246,4.046507910970831e-06,7
2776,4.6449999999999125,4.046977664984297e-06,7
2777,4.6466666666665795,4.0474565139447805e-06,7
2778,4.648333333333246,4.04791262553772e-06,7
2779,4.649999999999913,4.048371010867413e-06,7
2780,4.65166666666658,4.048836672154721e-06,7
2781,4.653333333333247,4.049257313454291e-06,7
2782,4.654999999999914,4.049834842589917e-06,7
2783,4.656666666666581,4.050134975841502e-06,7
2784,4.658333333333248,4.050723418913549e-06,7
2785,4.659999999999915,4.051064024679363e-06,7
2786,4.661666666666582,4.051527866977267e-06,7
2787,4.663333333333249,4.051915766467573e-06,7
2788,4.664999999999916,4.0523627831134945e-06,7
2789,4.666666666666583,4.05279661208624e-06,7
2790,4.6683333333332495,4.053174507134827e-06,7
2791,4.669999999999916,4.0535842344979756e-06,7
2792,4.671666666666583,4.053891643707175e-06,7
2793,4.67333333333325,4.054023520438932e-06,7
2794,4.674999999999917,4.054456894664327e-06,7
2795,4.676666666666584,4.0548343349655624e-06,7
2796,4.678333333333251,4.055257704749238e-06,7
2797,4.679999999999918,4.055659701407421e-06,7
2798,4.681666666666585,4.05597211283748e-06,7
2799,4.683333333333252,4.056216766912257e-06,7
2800,4.684999999999919,4.0562076719652396e-06,7
2801,4.686666666666586,4.0563963921158575e-06,7
2802,4.688333333333253,4.056718353240285e-06,7
2803,4.68999999999992,4.057008482050151e-06,7
2804,4.6916666666665865,4.05732089348021e-06,7
2805,4.693333333333253,4.057600108353654e-06,7
2806,4.69499999999992,4.057801106682746e-06,7
2807,4.696666666666587,4.057789737998974e-06,7
2808,4.698333333333254,4.057806563650956e-06,7
2809,4.699999999999921,4.057881142216502e-06,7
2810,4.701666666666588,4.058000286022434e-06,7
2811,4.703333333333255,4.058113063365454e-06,7
2812,4.704999999999922,4.058201739098877e-06,7
2813,4.706666666666589,4.05826995120151e-06,7
2814,4.708333333333256,4.058307240484282e-06,7
2815,4.709999999999923,4.0582749534223694e-06,7
2816,4.71166666666659,4.0582785914011765e-06,7
2817,4.7133333333332565,4.0582785914011765e-06,7
2818,4.7149999999999235,4.058265403728001e-06,7
2819,4.71666666666659,4.058281774632633e-06,7
2820,4.718333333333257,4.0582667679700535e-06,7
2821,4.719999999999924,4.058279500895878e-06,7
2822,4.721666666666591,4.0582708606962115e-06,7
2823,4.723333333333258,4.0582704059488606e-06,7
2824,4.724999999999925,4.058291324327001e-06,7
2825,4.726666666666592,4.058272224938264e-06,7
2826,4.728333333333259,4.058279046148527e-06,7
2827,4.729999999999926,4.058283138874685e-06,7
2828,4.731666666666593,4.058276317664422e-06,7
2829,4.73333333333326,4.058278136653826e-06,7
2830,4.734999999999927,4.0582749534223694e-06,7
2831,4.7366666666665935,4.058276772411773e-06,7
2832,4.7383333333332605,4.058272224938264e-06,7
2833,4.739999999999927,4.058273589180317e-06,7
2834,4.741666666666594,4.058265858475352e-06,7
2835,4.743333333333261,4.058273589180317e-06,7
2836,4.744999999999928,4.0582826841273345e-06,7
2837,4.746666666666595,4.058284048369387e-06,7
2838,4.748333333333262,4.058271770190913e-06,7
2839,4.749999999999929,4.0582744986750185e-06,7
2840,4.751666666666596,4.058264494233299e-06,7
2841,4.753333333333263,4.058260856254492e-06,7
2842,4.75499999999993,4.05825994675979e-06,7
2843,4.756666666666597,4.058283138874685e-06,7
2844,4.758333333333264,4.058278136653826e-06,7
2845,4.7599999999999305,4.058272679685615e-06,7
2846,4.761666666666597,4.0582704059488606e-06,7
2847,4.763333333333264,4.0582749534223694e-06,7
2848,4.764999999999931,4.058264039485948e-06,7
2849,4.766666666666598,4.058289505337598e-06,7
2850,4.768333333333265,4.058261311001843e-06,7
2851,4.769999999999932,4.058282229379984e-06,7
2852,4.771666666666599,4.058273134432966e-06,7
2853,4.773333333333266,4.058261765749194e-06,7
2854,4.774999999999933,4.058272679685615e-06,7
2855,4.7766666666666,4.058263584738597e-06,7
2856,4.778333333333267,4.058280865137931e-06,7
2857,4.779999999999934,4.058272224938264e-06,7
2858,4.781666666666601,4.0582626752438955e-06,7
2859,4.7833333333332675,4.058282229379984e-06,7
2860,4.784999999999934,4.058268132212106e-06,7
2861,4.786666666666601,4.058288141095545e-06,7
2862,4.788333333333268,4.058269041706808e-06,7
2863,4.789999999999935,4.058261311001843e-06,7
2864,4.791666666666602,4.058269496454159e-06,7
2865,4.793333333333269,4.058268132212106e-06,7
2866,4.794999999999936,4.058281774632633e-06,7
2867,4.796666666666603,4.0582749534223694e-06,7
2868,4.79833333333327,4.0582749534223694e-06,7
2869,4.799999999999937,4.058285867358791e-06,7
2870,4.801666666666604,4.0582867768534925e-06,7
2871,4.803333333333271,4.058265858475352e-06,7
2872,4.8049999999999375,4.05828541261144e-06,7
2873,4.8066666666666045,4.058262220496545e-06,7
2874,4.808333333333271,4.058277681906475e-06,7
2875,4.809999999999938,4.058265858475352e-06,7
2876,4.811666666666605,4.058281319885282e-06,7
2877,4.813333333333272,4.0582867768534925e-06,7
2878,4.814999999999939,4.0582667679700535e-06,7
2879,4.816666666666606,4.058281319885282e-06,7
2880,4.818333333333273,4.0582908695796505e-06,7
2881,4.81999999999994,4.058276317664422e-06,7
2882,4.821666666666607,4.058258127770387e-06,7
2883,4.823333333333274,4.058277681906475e-06,7
2884,4.824999999999941,4.058267222717404e-06,7
2885,4.826666666666608,4.0582826841273345e-06,7
2886,4.8283333333332745,4.058272679685615e-06,7
2887,4.8299999999999415,4.058268132212106e-06,7
2888,4.831666666666608,4.058271770190913e-06,7
2889,4.833333333333275,4.0582904148322996e-06,7
2890,4.834999999999942,4.058285867358791e-06,7
2891,4.836666666666609,4.058268586959457e-06,7
2892,4.838333333333276,4.058269496454159e-06,7
2893,4.839999999999943,4.058271315443562e-06,7
2894,4.84166666666661,4.058267677464755e-06,7
2895,4.843333333333277,4.05825994675979e-06,7
2896,4.844999999999944,4.058283593622036e-06,7
2897,4.846666666666611,4.058278136653826e-06,7
2898,4.848333333333278,4.058267222717404e-06,7
2899,4.849999999999945,4.058260856254492e-06,7
2900,4.8516666666666115,4.058272224938264e-06,7
2901,4.853333333333278,4.058289505337598e-06,7
2902,4.854999999999945,4.058266313222703e-06,7
2903,4.856666666666612,4.058272224938264e-06,7
2904,4.858333333333279,4.058269041706808e-06,7
2905,4.859999999999946,4.0582708606962115e-06,7
2906,4.861666666666613,4.05827540816972e-06,7
2907,4.86333333333328,4.058277227159124e-06,7
2908,4.864999999999947,4.058279046148527e-06,7
2909,4.866666666666614,4.0582626752438955e-06,7
2910,4.868333333333281,4.058274043927668e-06,7
2911,4.869999999999948,4.058268132212106e-06,7
2912,4.871666666666615,4.058263584738597e-06,7
2913,4.873333333333282,4.0582749534223694e-06,7
2914,4.8749999999999485,4.0582708606962115e-06,7
2915,4.876666666666615,4.058274043927668e-06,7
2916,4.878333333333282,4.058284957864089e-06,7
2917,4.879999999999949,4.058289505337598e-06,7
2918,4.881666666666616,4.058269041706808e-06,7
2919,4.883333333333283,4.058292688569054e-06,8
2920,4.88499999999995,4.058292688569054e-06,8
2921,4.886666666666617,4.058271770190913e-06,8
2922,4.888333333333284,4.058287686348194e-06,8
2923,4.889999999999951,4.05826995120151e-06,8
2924,4.891666666666618,4.0582749534223694e-06,8
2925,4.893333333333285,4.058271315443562e-06,8
2926,4.894999999999952,4.058277681906475e-06,8
2927,4.8966666666666185,4.058272679685615e-06,8
2928,4.8983333333332855,4.058273589180317e-06,8
2929,4.899999999999952,4.058273589180317e-06,8
2930,4.901666666666619,4.05827540816972e-06,8
2931,4.903333333333286,4.058275862917071e-06,8
2932,4.904999999999953,4.058271315443562e-06,8
2933,4.90666666666662,4.05830087402137e-06,8
2934,4.908333333333287,4.0582467590866145e-06,8
2935,4.909999999999954,4.058164449816104e-06,8
2936,4.911666666666621,4.058080776303541e-06,8
2937,4.913333333333288,4.058000740769785e-06,8
2938,4.914999999999955,4.057935257151257e-06,8
2939,4.916666666666622,4.057907972310204e-06,8
2940,4.918333333333289,4.0578943298896775e-06,8
2941,4.9199999999999555,4.057889782416169e-06,8
2942,4.9216666666666224,4.0577501749794465e-06,8
2943,4.923333333333289,4.057573278259952e-06,8
2944,4.924999999999956,4.0573577280156314e-06,8
2945,4.926666666666623,4.057150817970978e-06,8
2946,4.92833333333329,4.056970283272676e-06,8
2947,4.929999999999957,4.056851594214095e-06,8
2948,4.931666666666624,4.056876150571043e-06,8
2949,4.933333333333291,4.056742454849882e-06,8
2950,4.934999999999958,4.056483248859877e-06,8
2951,4.936666666666625,4.056190846313257e-06,8
2952,4.938333333333292,4.055920271639479e-06,8
2953,4.939999999999959,4.05565378969186e-06,8
2954,4.941666666666626,4.05544369641575e-06,8
2955,4.9433333333332925,4.055343197251204e-06,8
2956,4.944999999999959,4.055149020132376e-06,8
2957,4.946666666666626,4.054828423250001e-06,8
2958,4.948333333333293,4.054546934639802e-06,8
2959,4.94999999999996,4.05423270422034e-06,8
2960,4.951666666666627,4.05397122449358e-06,8
2961,4.953333333333294,4.053706106788013e-06,8
2962,4.954999999999961,4.05343280363013e-06,8
2963,4.956666666666628,4.053176780871581e-06,8
2964,4.958333333333295,4.052869826409733e-06,8
2965,4.959999999999962,4.052558324474376e-06,8
2966,4.961666666666629,4.052260919706896e-06,8
2967,4.963333333333296,4.051979885844048e-06,8
2968,4.9649999999999626,4.051657015224919e-06,8
2969,4.9666666666666295,4.051388259540545e-06,8
2970,4.968333333333296,4.0510690269002225e-06,8
2971,4.969999999999963,4.050821189593989e-06,8
2972,4.97166666666663,4.0504605749447364e-06,8
2973,4.973333333333297,4.050192728755064e-06,8
2974,4.974999999999964,4.04992397307069e-06,8
2975,4.976666666666631,4.049576546094613e-06,8
2976,4.978333333333298,4.049337348988047e-06,8
2977,4.979999999999965,4.049035851494409e-06,8
2978,4.981666666666632,4.0488580452802125e-06,8
2979,4.983333333333299,4.048399205203168e-06,8
2980,4.984999999999966,4.048168193548918e-06,8
2981,4.986666666666633,4.047826223541051e-06,8
2982,4.9883333333332995,4.04756383431959e-06,8
2983,4.9899999999999665,4.047266884299461e-06,8
2984,4.991666666666633,4.046949925395893e-06,8
2985,4.9933333333333,4.046691628900589e-06,8
2986,4.994999999999967,4.046382400701987e-06,8
2987,4.996666666666634,4.046096364618279e-06,8
2988,4.998333333333301,4.0458298826706596e-06,8
2989,4.999999999999968,4.045492005388951e-06,8
2990,5.001666666666635,4.045210971526103e-06,8
2991,5.003333333333302,4.044914476253325e-06,8
2992,5.004999999999969,4.0446484490530565e-06,8
2993,5.006666666666636,4.044339675601805e-06,8
2994,5.008333333333303,4.0440318116452545e-06,8
2995,5.00999999999997,4.0437512325297575e-06,8
2996,5.0116666666666365,4.043815806653583e-06,8
2997,5.013333333333303,4.04381898988504e-06,8
2998,5.01499999999997,4.043810804432724e-06,8
2999,5.016666666666637,4.043814897158882e-06,8
3000,5.018333333333304,4.043819899379741e-06,8
3001,5.019999999999971,4.043824901600601e-06,8
3002,5.021666666666638,4.043806256959215e-06,8
3003,5.023333333333305,4.043806256959215e-06,8
3004,5.024999999999972,4.043814897158882e-06,8
3005,5.026666666666639,4.0438194446323905e-06,8
3006,5.028333333333306,4.043813532916829e-06,8
3007,5.029999999999973,4.043804892717162e-06,8
3008,5.03166666666664,4.043813078169478e-06,8
3009,5.033333333333307,4.0438076212012675e-06,8
3010,5.0349999999999735,4.043817625642987e-06,8
3011,5.03666666666664,4.043814897158882e-06,8
3012,5.038333333333307,4.043823992105899e-06,8
3013,5.039999999999974,4.043804892717162e-06,8
3014,5.041666666666641,4.04381898988504e-06,8
3015,5.043333333333308,4.0438153519062325e-06,8
3016,5.044999999999975,4.0438153519062325e-06,8
3017,5.046666666666642,4.043816716148285e-06,8
3018,5.048333333333309,4.043821263621794e-06,8
3019,5.049999999999976,4.043817170895636e-06,8
3020,5.051666666666643,4.043818080390338e-06,8
3021,5.05333333333331,4.043828994326759e-06,8
3022,5.054999999999977,4.043817625642987e-06,8
3023,5.0566666666666436,4.043816716148285e-06,8
3024,5.0583333333333105,4.043822173116496e-06,8
3025,5.059999999999977,4.043814897158882e-06,8
3026,5.061666666666644,4.043819899379741e-06,8
3027,5.063333333333311,4.043809440190671e-06,8
3028,5.064999999999978,4.0438112591800746e-06,8
3029,5.066666666666645,4.043802164233057e-06,8
3030,5.068333333333312,4.043825356347952e-06,8
3031,5.069999999999979,4.04381398766418e-06,8
3032,5.071666666666646,4.0438153519062325e-06,8
3033,5.073333333333313,4.043804892717162e-06,8
3034,5.07499999999998,4.04381898988504e-06,8
3035,5.076666666666647,4.043821718369145e-06,8
3036,5.078333333333314,4.0438153519062325e-06,8
3037,5.0799999999999805,4.043825356347952e-06,8
3038,5.0816666666666475,4.04380898544332e-06,8
3039,5.083333333333314,4.0438117139274254e-06,8
3040,5.084999999999981,4.0438153519062325e-06,8
3041,5.086666666666648,4.0438076212012675e-06,8
3042,5.088333333333315,4.043809894938022e-06,8
3043,5.089999999999982,4.043816261400934e-06,8
3044,5.091666666666649,4.04380898544332e-06,8
3045,5.093333333333316,4.043795797770144e-06,8
3046,5.094999999999983,4.043798981001601e-06,8
3047,5.09666666666665,4.0438112591800746e-06,8
3048,5.098333333333317,4.043819899379741e-06,8
3049,5.099999999999984,4.043809440190671e-06,8
3050,5.101666666666651,4.043801709485706e-06,8
3051,5.1033333333333175,4.043813078169478e-06,8
3052,5.104999999999984,4.043819899379741e-06,8
3053,5.106666666666651,4.043819899379741e-06,8
3054,5.108333333333318,4.0438112591800746e-06,8
3055,5.109999999999985,4.043816261400934e-06,8
3056,5.111666666666652,4.0438194446323905e-06,8
3057,5.113333333333319,4.043814897158882e-06,8
3058,5.114999999999986,4.043817170895636e-06,8
3059,5.116666666666653,4.0438153519062325e-06,8
3060,5.11833333333332,4.043806711706566e-06,8
3061,5.119999999999987,4.0438153519062325e-06,8
3062,5.121666666666654,4.04381398766418e-06,8
3063,5.123333333333321,4.043810804432724e-06,8
3064,5.124999999999988,4.04381398766418e-06,8
3065,5.1266666666666545,4.043810349685373e-06,8
3066,5.128333333333321,4.043825356347952e-06,8
3067,5.129999999999988,4.043809894938022e-06,8
3068,5.131666666666655,4.043827175337356e-06,8
3069,5.133333333333322,4.043816261400934e-06,8
3070,5.134999999999989,4.043817625642987e-06,8
3071,5.136666666666656,4.04382444685325e-06,8
3072,5.138333333333323,4.043809894938022e-06,8
3073,5.13999999999999,4.04381898988504e-06,8
3074,5.141666666666657,4.043794888275443e-06,8
3075,5.143333333333324,4.043812168674776e-06,8
3076,5.144999999999991,4.043826265842654e-06,8
3077,5.146666666666658,4.043820354127092e-06,8
3078,5.1483333333333245,4.0438235373585485e-06,8
3079,5.1499999999999915,4.0438194446323905e-06,8
3080,5.151666666666658,4.043822627863847e-06,8
3081,5.153333333333325,4.043820808874443e-06,8
3082,5.154999999999992,4.0437994357489515e-06,8
3083,5.156666666666659,4.043817170895636e-06,8
3084,5.158333333333326,4.043812623422127e-06,8
3085,5.159999999999993,4.043818080390338e-06,8
3086,5.16166666666666,4.043817625642987e-06,8
3087,5.163333333333327,4.043809440190671e-06,8
3088,5.164999999999994,4.0438117139274254e-06,8
3089,5.166666666666661,4.0438194446323905e-06,8
3090,5.168333333333328,4.04381398766418e-06,8
3091,5.169999999999995,4.043820808874443e-06,8
3092,5.1716666666666615,4.043809894938022e-06,8
3093,5.1733333333333285,4.043810349685373e-06,8
3094,5.174999999999995,4.04381398766418e-06,8
3095,5.176666666666662,4.043845365231391e-06,8
3096,5.178333333333329,4.043828994326759e-06,8
3097,5.179999999999996,4.043818080390338e-06,8
3098,5.181666666666663,4.043813532916829e-06,8
3099,5.18333333333333,4.043808530695969e-06,8
3100,5.184999999999997,4.043809894938022e-06,8
3101,5.186666666666664,4.043824901600601e-06,8
3102,5.188333333333331,4.04381398766418e-06,8
3103,5.189999999999998,4.043823992105899e-06,8
3104,5.191666666666665,4.043814442411531e-06,8
3105,5.193333333333332,4.043817625642987e-06,8
3106,5.1949999999999985,4.043820354127092e-06,8
3107,5.196666666666665,4.04381398766418e-06,8
3108,5.198333333333332,4.043805347464513e-06,8
3109,5.199999999999999,4.043813078169478e-06,8
3110,5.201666666666666,4.043828994326759e-06,8
3111,5.203333333333333,4.043821263621794e-06,8
3112,5.205,4.0438153519062325e-06,8
3113,5.206666666666667,4.043813532916829e-06,8
3114,5.208333333333334,4.043823992105899e-06,8
3115,5.210000000000001,4.043806711706566e-06,8
3116,5.211666666666668,4.043820808874443e-06,8
3117,5.213333333333335,4.044172783324029e-06,8
3118,5.215000000000002,4.04445518142893e-06,8
3119,5.216666666666669,4.04477850679541e-06,8
3120,5.2183333333333355,4.045058631163556e-06,8
3121,5.220000000000002,4.0453414840158075e-06,8
3122,5.221666666666669,4.045644345751498e-06,8
3123,5.223333333333336,4.045905825478258e-06,8
3124,5.225000000000003,4.046231879328843e-06,8
3125,5.22666666666667,4.046516096423147e-06,8
3126,5.228333333333337,4.047594302392099e-06,8
3127,5.230000000000004,4.046989943162771e-06,8
3128,5.231666666666671,4.0473241824656725e-06,8
3129,5.233333333333338,4.047681613883469e-06,8
3130,5.235000000000005,4.04791262553772e-06,8
3131,5.236666666666672,4.048310074722394e-06,8
3132,5.238333333333339,4.048446044180309e-06,8
3133,5.2400000000000055,4.0488739614374936e-06,8
3134,5.2416666666666725,4.049085418955656e-06,8
3135,5.243333333333339,4.049409653816838e-06,8
3136,5.245000000000006,4.0496993278793525e-06,8
3137,5.246666666666673,4.049983999721007e-06,8
3138,5.24833333333334,4.050289589940803e-06,8
3139,5.250000000000007,4.05058563046623e-06,8
3140,5.251666666666674,4.050882580486359e-06,8
3141,5.253333333333341,4.05117043555947e-06,8
3142,5.255000000000008,4.051469204569003e-06,8
3143,5.256666666666675,4.051746600453043e-06,8
3144,5.258333333333342,4.052049462188734e-06,8
3145,5.260000000000009,4.052345502714161e-06,8
3146,5.261666666666676,4.052631993545219e-06,8
3147,5.2633333333333425,4.0529316720494535e-06,8
3148,5.2650000000000095,4.053173597640125e-06,8
3149,5.266666666666676,4.05344781029271e-06,8
3150,5.268333333333343,4.053806151205208e-06,8
3151,5.27000000000001,4.053995326103177e-06,8
3152,5.271666666666677,4.054307282785885e-06,8
3153,5.273333333333344,4.054577402712312e-06,8
3154,5.275000000000011,4.054868441016879e-06,8
3155,5.276666666666678,4.055193585372763e-06,8
3156,5.278333333333345,4.055365934618749e-06,8
3157,5.280000000000012,4.055450517626014e-06,8
3158,5.281666666666679,4.055685622006422e-06,8
3159,5.283333333333346,4.0559475564805325e-06,8
3160,5.285000000000013,4.056236321048345e-06,8
3161,5.2866666666666795,4.056491434312193e-06,8
3162,5.288333333333346,4.0567529140389524e-06,8
3163,5.290000000000013,4.056869329360779e-06,8
3164,5.29166666666668,4.056878424307797e-06,8
3165,5.293333333333347,4.056984380440554e-06,8
3166,5.295000000000014,4.0571771933173295e-06,8
3167,5.296666666666681,4.057376827404369e-06,8
3168,5.298333333333348,4.057576916238759e-06,8
3169,5.300000000000015,4.057764272147324e-06,8
3170,5.301666666666682,4.057888418174116e-06,8
3171,5.303333333333349,4.0579143387731165e-06,8
3172,5.305000000000016,4.057907517562853e-06,8
3173,5.306666666666683,4.0579579945188016e-06,8
3174,5.30833333333335,4.0580262066214345e-06,8
3175,5.3100000000000165,4.058115791849559e-06,8
3176,5.311666666666683,4.058192644151859e-06,8
3177,5.31333333333335,4.058242211613106e-06,8
3178,5.315000000000017,4.0582867768534925e-06,8
3179,5.316666666666684,4.058283593622036e-06,8
3180,5.318333333333351,4.058273589180317e-06,8
3181,5.320000000000018,4.0582749534223694e-06,8
3182,5.321666666666685,4.058279500895878e-06,8
3183,5.323333333333352,4.058267677464755e-06,8
3184,5.325000000000019,4.0582826841273345e-06,8
3185,5.326666666666686,4.058279046148527e-06,8
3186,5.328333333333353,4.058265858475352e-06,8
3187,5.33000000000002,4.058273134432966e-06,8
3188,5.3316666666666865,4.058269041706808e-06,8
3189,5.3333333333333535,4.058264039485948e-06,8
3190,5.33500000000002,4.058272224938264e-06,8
3191,5.336666666666687,4.058267222717404e-06,8
3192,5.338333333333354,4.058283138874685e-06,8
3193,5.340000000000021,4.058265858475352e-06,8
3194,5.341666666666688,4.058269041706808e-06,8
3195,5.343333333333355,4.0582749534223694e-06,8
3196,5.345000000000022,4.058273134432966e-06,8
3197,5.346666666666689,4.058274043927668e-06,8
3198,5.348333333333356,4.058284957864089e-06,8
3199,5.350000000000023,4.0582749534223694e-06,8
3200,5.35166666666669,4.05828041039058e-06,8
3201,5.353333333333357,4.058272224938264e-06,8
3202,5.3550000000000235,4.058280865137931e-06,8
3203,5.3566666666666904,4.058275862917071e-06,8
3204,5.358333333333357,4.0582826841273345e-06,8
3205,5.360000000000024,4.058264494233299e-06,8
3206,5.361666666666691,4.058264039485948e-06,8
3207,5.363333333333358,4.058271315443562e-06,8
3208,5.365000000000025,4.058276772411773e-06,8
3209,5.366666666666692,4.058265403728001e-06,8
3210,5.368333333333359,4.058265858475352e-06,8
3211,5.370000000000026,4.058268586959457e-06,8
3212,5.371666666666693,4.058264039485948e-06,8
3213,5.37333333333336,4.058272224938264e-06,8
3214,5.375000000000027,4.05828041039058e-06,8
3215,5.376666666666694,4.058274043927668e-06,8
3216,5.3783333333333605,4.058274043927668e-06,8
3217,5.380000000000027,4.058267222717404e-06,8
3218,5.381666666666694,4.058280865137931e-06,8
3219,5.383333333333361,4.058257673023036e-06,8
3220,5.385000000000028,4.058281319885282e-06,8
3221,5.386666666666695,4.058272224938264e-06,8
3222,5.388333333333362,4.058284048369387e-06,8
3223,5.390000000000029,4.058263129991246e-06,8
3224,5.391666666666696,4.0582667679700535e-06,8
3225,5.393333333333363,4.05827540816972e-06,8
3226,5.39500000000003,4.058281319885282e-06,8
3227,5.396666666666697,4.058279500895878e-06,8
3228,5.398333333333364,4.058278136653826e-06,8
3229,5.4000000000000306,4.058276317664422e-06,8
3230,5.4016666666666975,4.058274043927668e-06,8
3231,5.403333333333364,4.0582826841273345e-06,8
3232,5.405000000000031,4.058269496454159e-06,8
3233,5.406666666666698,4.058274043927668e-06,8
3234,5.408333333333365,4.058271770190913e-06,8
3235,5.410000000000032,4.058257218275685e-06,8
3236,5.411666666666699,4.0582749534223694e-06,8
3237,5.413333333333366,4.058259492012439e-06,8
3238,5.415000000000033,4.058268132212106e-06,8
3239,5.4166666666667,4.058264039485948e-06,8
3240,5.418333333333367,4.058265858475352e-06,8
3241,5.420000000000034,4.058285867358791e-06,8
3242,5.421666666666701,4.058268132212106e-06,8
3243,5.4233333333333675,4.058279955643229e-06,8
3244,5.4250000000000345,4.058277227159124e-06,8
3245,5.426666666666701,4.058289960084949e-06,8
3246,5.428333333333368,4.058268586959457e-06,8
3247,5.430000000000035,4.058272224938264e-06,8
3248,5.431666666666702,4.0582708606962115e-06,8
3249,5.433333333333369,4.058267222717404e-06,8
3250,5.435000000000036,4.058294052811107e-06,8
3251,5.436666666666703,4.058264494233299e-06,8
3252,5.43833333333337,4.058288595842896e-06,8
3253,5.440000000000037,4.058269041706808e-06,8
3254,5.441666666666704,4.058267222717404e-06,8
3255,5.443333333333371,4.058276317664422e-06,8
3256,5.445000000000038,4.058261311001843e-06,8
3257,5.4466666666667045,4.0582826841273345e-06,8
3258,5.448333333333371,4.058277227159124e-06,8
3259,5.450000000000038,4.058279046148527e-06,8
3260,5.451666666666705,4.0582708606962115e-06,8
3261,5.453333333333372,4.0582749534223694e-06,8
3262,5.455000000000039,4.0582949623058084e-06,8
3263,5.456666666666706,4.0582749534223694e-06,8
3264,5.458333333333373,4.0582704059488606e-06,8
3265,5.46000000000004,4.058279500895878e-06,8
3266,5.461666666666707,4.0582826841273345e-06,8
3267,5.463333333333374,4.058273589180317e-06,8
3268,5.465000000000041,4.058281319885282e-06,8
3269,5.466666666666708,4.058288595842896e-06,8
3270,5.468333333333375,4.0582867768534925e-06,8
3271,5.4700000000000415,4.058265858475352e-06,8
3272,5.471666666666708,4.058281319885282e-06,8
3273,5.473333333333375,4.058283138874685e-06,8
3274,5.475000000000042,4.058279046148527e-06,8
3275,5.476666666666709,4.058268132212106e-06,8
3276,5.478333333333376,4.058255854033632e-06,8
3277,5.480000000000043,4.05827540816972e-06,8
3278,5.48166666666671,4.058278136653826e-06,8
3279,5.483333333333377,4.058268132212106e-06,8
3280,5.485000000000044,4.0582785914011765e-06,8
3281,5.486666666666711,4.05825994675979e-06,8
3282,5.488333333333378,4.058279500895878e-06,8
