,sim_times_s,volumes_cm3,i_poke
0,0.018333333333333333,3.888648279826157e-06,0
1,0.02,4.173144589003641e-06,0
2,0.021666666666666667,4.039543455292005e-06,0
3,0.023333333333333334,4.094114956387784e-06,0
4,0.025,4.07410107072792e-06,0
5,0.02666666666666667,4.084366992174182e-06,0
6,0.028333333333333335,4.076361619809177e-06,0
7,0.030000000000000002,4.0799836824589875e-06,0
8,0.03166666666666667,4.081266524735838e-06,0
9,0.03333333333333333,4.079332938999869e-06,0
10,0.034999999999999996,4.079059181094635e-06,0
11,0.03666666666666666,4.080480721313506e-06,0
12,0.03833333333333332,4.0796030589262955e-06,0
13,0.03999999999999999,4.079709924553754e-06,0
14,0.04166666666666665,4.07954394177068e-06,0
15,0.043333333333333314,4.080341113876784e-06,0
16,0.04499999999999998,4.079541213286575e-06,0
17,0.04666666666666664,4.079578502569348e-06,0
18,0.048333333333333305,4.080116923432797e-06,0
19,0.04999999999999997,4.079852260474581e-06,0
20,0.05166666666666663,4.079578047821997e-06,0
21,0.053333333333333295,4.079826794622932e-06,0
22,0.05499999999999996,4.079984137206338e-06,0
23,0.05666666666666662,4.079757218278246e-06,0
24,0.058333333333333286,4.079673999513034e-06,0
25,0.05999999999999995,4.07989273298881e-06,0
26,0.06166666666666661,4.079889095010003e-06,0
27,0.06333333333333328,4.079719928995473e-06,0
28,0.06499999999999995,4.079765858477913e-06,0
29,0.06666666666666661,4.079873633600073e-06,0
30,0.06833333333333327,4.079831796843791e-06,0
31,0.06999999999999994,4.079758127772948e-06,0
32,0.0716666666666666,4.079822701896774e-06,0
33,0.07333333333333326,4.079849986737827e-06,0
34,0.07499999999999993,4.079791779076913e-06,0
35,0.07666666666666659,4.0798072404868435e-06,0
36,0.07833333333333325,4.0798272493702825e-06,0
37,0.07999999999999992,4.079822247149423e-06,0
38,0.08166666666666658,4.079798600287177e-06,0
39,0.08333333333333325,4.079832706338493e-06,0
40,0.08499999999999991,4.079800874023931e-06,0
41,0.08666666666666657,4.079807695234194e-06,0
42,0.08833333333333324,4.079720838490175e-06,0
43,0.0899999999999999,4.079656264366349e-06,0
44,0.09166666666666656,4.079570317117032e-06,0
45,0.09333333333333323,4.079551672475645e-06,0
46,0.09499999999999989,4.079524842381943e-06,0
47,0.09666666666666655,4.079575319337891e-06,0
48,0.09833333333333322,4.079546215507435e-06,0
49,0.09999999999999988,4.079498012288241e-06,0
50,0.10166666666666654,4.079095106135355e-06,0
51,0.10333333333333321,4.078819983988069e-06,0
52,0.10499999999999987,4.078495294379536e-06,0
53,0.10666666666666653,4.0783452277537435e-06,0
54,0.1083333333333332,4.0782410906103905e-06,0
55,0.10999999999999986,4.078283382114023e-06,0
56,0.11166666666666653,4.078267920704093e-06,0
57,0.11333333333333319,4.077895027876366e-06,0
58,0.11499999999999985,4.077290668647038e-06,0
59,0.11666666666666652,4.076836830790853e-06,0
60,0.11833333333333318,4.0763907236396335e-06,0
61,0.11999999999999984,4.076145160070155e-06,0
62,0.1216666666666665,4.075928700331133e-06,0
63,0.12333333333333317,4.075967353855958e-06,0
64,0.12499999999999983,4.0755257941782475e-06,0
65,0.1266666666666665,4.075089691468747e-06,0
66,0.1283333333333332,4.074591743119527e-06,0
67,0.12999999999999987,4.07408560931799e-06,0
68,0.13166666666666654,4.07361358156777e-06,0
69,0.13333333333333322,4.0732384150032885e-06,0
70,0.1349999999999999,4.072960109624546e-06,0
71,0.13666666666666658,4.072956471645739e-06,0
72,0.13833333333333325,4.072771844221279e-06,0
73,0.13999999999999993,4.072102001373423e-06,0
74,0.1416666666666666,4.071878720424138e-06,0
75,0.14333333333333328,4.071422608831199e-06,0
76,0.14499999999999996,4.070480372320162e-06,0
77,0.14666666666666664,4.070332124683773e-06,0
78,0.14833333333333332,4.070091108587803e-06,0
79,0.15,4.068932412337745e-06,0
80,0.15166666666666667,4.0690529203857295e-06,0
81,0.15333333333333335,4.068371254106751e-06,0
82,0.15500000000000003,4.0681038626644295e-06,0
83,0.1566666666666667,4.0673830881132744e-06,0
84,0.15833333333333338,4.06711387768155e-06,0
85,0.16000000000000006,4.06689878218458e-06,0
86,0.16166666666666674,4.0663817344466224e-06,0
87,0.1633333333333334,4.0659929254616145e-06,0
88,0.1650000000000001,4.065559096488869e-06,0
89,0.16666666666666677,4.064838321937714e-06,0
90,0.16833333333333345,4.064529093739111e-06,0
91,0.17000000000000012,4.0639583858137485e-06,0
92,0.1716666666666668,4.063673259224743e-06,0
93,0.17333333333333348,4.063302185386419e-06,0
94,0.17500000000000016,4.06211756853736e-06,0
95,0.17666666666666683,4.061914296471514e-06,0
96,0.1783333333333335,4.061279014422325e-06,0
97,0.1800000000000002,4.060505034431117e-06,0
98,0.18166666666666687,4.061238087160746e-06,0
99,0.18333333333333354,4.0598770283395424e-06,0
100,0.18500000000000022,4.059132606926141e-06,0
101,0.1866666666666669,4.060054379806388e-06,0
102,0.18833333333333357,4.058032573084347e-06,0
103,0.19000000000000025,4.059782440890558e-06,0
104,0.19166666666666693,4.0581303437647875e-06,0
105,0.1933333333333336,4.058955255459296e-06,0
106,0.19500000000000028,4.057487331010634e-06,0
107,0.19666666666666696,4.058115337102208e-06,0
108,0.19833333333333364,4.057173555338522e-06,0
109,0.20000000000000032,4.057301794091472e-06,0
110,0.201666666666667,4.056542366015492e-06,0
111,0.20333333333333367,4.056118086737115e-06,0
112,0.20500000000000035,4.055493718624348e-06,0
113,0.20666666666666703,4.0553386497776955e-06,0
114,0.2083333333333337,4.0544377952755895e-06,0
115,0.21000000000000038,4.054336841363693e-06,0
116,0.21166666666666706,4.05310947826365e-06,0
117,0.21333333333333374,4.053516022395343e-06,0
118,0.2150000000000004,4.052185886394e-06,0
119,0.2166666666666671,4.052183157909894e-06,0
120,0.21833333333333377,4.051456016895827e-06,0
121,0.22000000000000045,4.051230007462436e-06,0
122,0.22166666666666712,4.050541065225843e-06,0
123,0.2233333333333338,4.050086317874957e-06,0
124,0.22500000000000048,4.0496870497008786e-06,0
125,0.22666666666666715,4.049209564982448e-06,0
126,0.22833333333333383,4.048774826515e-06,0
127,0.2300000000000005,4.04814863941283e-06,0
128,0.2316666666666672,4.047741185786435e-06,0
129,0.23333333333333386,4.0473364606441464e-06,0
130,0.23500000000000054,4.047853508382104e-06,0
131,0.23666666666666722,4.047607490065275e-06,0
132,0.2383333333333339,4.047924448968843e-06,0
133,0.24000000000000057,4.047643415105995e-06,0
134,0.24166666666666725,4.04783077101456e-06,0
135,0.24333333333333393,4.047778929816559e-06,0
136,0.2450000000000006,4.047649781568907e-06,0
137,0.24666666666666728,4.047866241307929e-06,0
138,0.24833333333333396,4.047761194669874e-06,0
139,0.2500000000000006,4.04768707085168e-06,0
140,0.25166666666666726,4.047823949804297e-06,0
141,0.2533333333333339,4.04768707085168e-06,0
142,0.25500000000000056,4.047772108606296e-06,0
143,0.2566666666666672,4.047617494506994e-06,0
144,0.25833333333333386,4.047921265737386e-06,0
145,0.2600000000000005,4.0475642890669405e-06,0
146,0.26166666666666716,4.047943093610229e-06,0
147,0.2633333333333338,4.047608854307327e-06,0
148,0.26500000000000046,4.047715265187435e-06,0
149,0.2666666666666671,4.047749825986102e-06,0
150,0.26833333333333376,4.047706170240417e-06,0
151,0.2700000000000004,4.047877609991701e-06,0
152,0.27166666666666706,4.047653419547714e-06,0
153,0.2733333333333337,4.047838501719525e-06,0
154,0.27500000000000036,4.047655693284469e-06,0
155,0.276666666666667,4.047959919262212e-06,0
156,0.27833333333333365,4.047658876515925e-06,0
157,0.2800000000000003,4.047755737701664e-06,0
158,0.28166666666666695,4.04774345952319e-06,0
159,0.2833333333333336,4.0477607399225235e-06,0
160,0.28500000000000025,4.047756192449015e-06,0
161,0.2866666666666669,4.047663878736785e-06,0
162,0.28833333333333355,4.047794391226489e-06,0
163,0.2900000000000002,4.047817583341384e-06,0
164,0.29166666666666685,4.04772799811326e-06,0
165,0.2933333333333335,4.047825314046349e-06,0
166,0.29500000000000015,4.047759830427822e-06,0
167,0.2966666666666668,4.047772108606296e-06,0
168,0.29833333333333345,4.047715719934786e-06,0
169,0.3000000000000001,4.047772108606296e-06,0
170,0.30166666666666675,4.047808033647016e-06,0
171,0.3033333333333334,4.047696165798698e-06,0
172,0.30500000000000005,4.0479008021065965e-06,0
173,0.3066666666666667,4.047702987008961e-06,0
174,0.30833333333333335,4.047693892061943e-06,0
175,0.31,4.0478971641277894e-06,0
176,0.31166666666666665,4.0476461435901e-06,0
177,0.3133333333333333,4.047817583341384e-06,0
178,0.31499999999999995,4.0477889342582785e-06,0
179,0.3166666666666666,4.0477366383129265e-06,0
180,0.31833333333333325,4.0477330003341194e-06,0
181,0.3199999999999999,4.047683887620224e-06,0
182,0.32166666666666655,4.047858510602964e-06,0
183,0.3233333333333332,4.047737093060277e-06,0
184,0.32499999999999984,4.047727088618558e-06,0
185,0.3266666666666665,4.047842594445683e-06,0
186,0.32833333333333314,4.04768206863082e-06,0
187,0.3299999999999998,4.047899892611895e-06,0
188,0.33166666666666644,4.047601578349713e-06,0
189,0.3333333333333331,4.04782031182549e-06,0
190,0.33499999999999974,4.047786660521524e-06,0
191,0.3366666666666664,4.047643415105995e-06,0
192,0.33833333333333304,4.047802576678805e-06,0
193,0.3399999999999997,4.047778929816559e-06,0
194,0.34166666666666634,4.047803940920858e-06,0
195,0.343333333333333,4.047651600558311e-06,0
196,0.34499999999999964,4.04787169827614e-06,0
197,0.3466666666666663,4.047675702167908e-06,0
198,0.34833333333333294,4.0479208109900355e-06,0
199,0.3499999999999996,4.047619313496398e-06,0
200,0.35166666666666624,4.0478448681824375e-06,0
201,0.3533333333333329,4.047743914270541e-06,0
202,0.35499999999999954,4.047695256303996e-06,0
203,0.3566666666666662,4.047850325150648e-06,0
204,0.35833333333333284,4.0477489164914005e-06,0
205,0.3599999999999995,4.047881247970508e-06,0
206,0.36166666666666614,4.047629772685468e-06,0
207,0.3633333333333328,4.0477689253748395e-06,0
208,0.36499999999999944,4.047802576678805e-06,0
209,0.3666666666666661,4.047651600558311e-06,0
210,0.36833333333333274,4.047783932037419e-06,0
211,0.3699999999999994,4.047736183565576e-06,0
212,0.37166666666666603,4.047796210215893e-06,0
213,0.3733333333333327,4.047786205774173e-06,0
214,0.37499999999999933,4.0477607399225235e-06,0
215,0.376666666666666,4.04771299145068e-06,0
216,0.37833333333333263,4.0478448681824375e-06,0
217,0.3799999999999993,4.04769207307254e-06,0
218,0.38166666666666593,4.0477807488059625e-06,0
219,0.3833333333333326,4.047795755468542e-06,0
220,0.38499999999999923,4.047690708830487e-06,0
221,0.3866666666666659,4.0478166738466825e-06,0
222,0.38833333333333253,4.047662969242083e-06,0
223,0.3899999999999992,4.047857601108262e-06,0
224,0.39166666666666583,4.0477248148818035e-06,0
225,0.3933333333333325,4.047811671625823e-06,0
226,0.39499999999999913,4.047711627208628e-06,0
227,0.3966666666666658,4.047874881507596e-06,0
228,0.39833333333333243,4.047750280733453e-06,0
229,0.3999999999999991,4.047732090839418e-06,0
230,0.40166666666666573,4.04781530960463e-06,0
231,0.4033333333333324,4.047704351251014e-06,0
232,0.404999999999999,4.04788715968607e-06,0
233,0.4066666666666657,4.047669335704995e-06,0
234,0.4083333333333323,4.047802121931454e-06,0
235,0.409999999999999,4.047669335704995e-06,0
236,0.4116666666666656,4.047884431201965e-06,0
237,0.4133333333333323,4.04770753448247e-06,0
238,0.4149999999999989,4.04787169827614e-06,0
239,0.4166666666666656,4.047616130264942e-06,0
240,0.4183333333333322,4.047894435643684e-06,0
241,0.4199999999999989,4.0476643334841356e-06,0
242,0.4216666666666655,4.047846687171841e-06,0
243,0.4233333333333322,4.047674792673206e-06,0
244,0.4249999999999988,4.047870788781438e-06,0
245,0.4266666666666655,4.047694346809294e-06,0
246,0.4283333333333321,4.047747097501997e-06,0
247,0.42999999999999877,4.047790298500331e-06,0
248,0.4316666666666654,4.047741640533786e-06,0
249,0.43333333333333207,4.047687980346382e-06,0
250,0.4349999999999987,4.047830316267209e-06,0
251,0.43666666666666537,4.0477325455867685e-06,0
252,0.438333333333332,4.0478125811205246e-06,0
253,0.43999999999999867,4.047725724376505e-06,0
254,0.4416666666666653,4.047775291837752e-06,0
255,0.44333333333333197,4.0477125367033295e-06,0
256,0.4449999999999986,4.047809852636419e-06,0
257,0.44666666666666527,4.047720267408295e-06,0
258,0.4483333333333319,4.047741185786435e-06,0
259,0.44999999999999857,4.047832135256613e-06,0
260,0.4516666666666652,4.04767160944175e-06,0
261,0.45333333333333187,4.047806214657612e-06,0
262,0.4549999999999985,4.047689344588434e-06,0
263,0.45666666666666517,4.047832135256613e-06,0
264,0.4583333333333318,4.0477525544702075e-06,0
265,0.45999999999999847,4.047726179123856e-06,0
266,0.4616666666666651,4.047767106385436e-06,0
267,0.46333333333333176,4.0477884795109276e-06,0
268,0.4649999999999984,4.047854417876806e-06,0
269,0.46666666666666506,4.047627498948714e-06,0
270,0.4683333333333317,4.04785123464535e-06,0
271,0.46999999999999836,4.0477325455867685e-06,0
272,0.471666666666665,4.047719357913593e-06,0
273,0.47333333333333166,4.047853963129455e-06,0
274,0.4749999999999983,4.047724360134453e-06,0
275,0.47666666666666496,4.047763468406629e-06,0
276,0.4783333333333316,4.047743914270541e-06,0
277,0.47999999999999826,4.047774837090401e-06,0
278,0.4816666666666649,4.047761649417225e-06,0
279,0.48333333333333156,4.047770744364243e-06,0
280,0.4849999999999982,4.047686161356978e-06,0
281,0.48666666666666486,4.047808488394367e-06,0
282,0.4883333333333315,4.047805759910261e-06,0
283,0.48999999999999816,4.047727543365909e-06,0
284,0.4916666666666648,4.047771653858945e-06,0
285,0.49333333333333146,4.04775391871226e-06,0
286,0.4949999999999981,4.047803486173507e-06,0
287,0.49666666666666476,4.04773845730233e-06,0
288,0.4983333333333314,4.047847596666543e-06,0
289,0.49999999999999806,4.047751190228155e-06,0
290,0.5016666666666647,4.0478207665728405e-06,0
291,0.5033333333333314,4.047726633871207e-06,0
292,0.5049999999999981,4.047782567795366e-06,0
293,0.5066666666666648,4.0477689253748395e-06,0
294,0.5083333333333315,4.04781030738377e-06,0
295,0.5099999999999982,4.04775892093312e-06,0
296,0.5116666666666649,4.047704351251014e-06,0
297,0.5133333333333316,4.047831225761911e-06,0
298,0.5149999999999983,4.047659786010627e-06,0
299,0.516666666666665,4.047759830427822e-06,0
300,0.5183333333333318,4.04776938012219e-06,0
301,0.5199999999999985,4.047761649417225e-06,0
302,0.5216666666666652,4.04777438234305e-06,0
303,0.5233333333333319,4.0477807488059625e-06,0
304,0.5249999999999986,4.047896254633088e-06,0
305,0.5266666666666653,4.0476884350937326e-06,0
306,0.528333333333332,4.047858965350315e-06,0
307,0.5299999999999987,4.047606580570573e-06,0
308,0.5316666666666654,4.047871243528789e-06,0
309,0.5333333333333321,4.047730271850014e-06,0
310,0.5349999999999988,4.047797119710594e-06,0
311,0.5366666666666655,4.047680249641417e-06,0
312,0.5383333333333322,4.047758011438418e-06,0
313,0.5399999999999989,4.047811216878472e-06,0
314,0.5416666666666656,4.047734819323523e-06,0
315,0.5433333333333323,4.047770289616892e-06,0
316,0.544999999999999,4.0477330003341194e-06,0
317,0.5466666666666657,4.047796210215893e-06,0
318,0.5483333333333325,4.047705715493066e-06,0
319,0.5499999999999992,4.04776938012219e-06,0
320,0.5516666666666659,4.047722541145049e-06,0
321,0.5533333333333326,4.047752099722857e-06,0
322,0.5549999999999993,4.047802121931454e-06,0
323,0.556666666666666,4.047726633871207e-06,0
324,0.5583333333333327,4.0478889786754735e-06,0
325,0.5599999999999994,4.0476725189364515e-06,0
326,0.5616666666666661,4.047791207995033e-06,0
327,0.5633333333333328,4.047827587783104e-06,0
328,0.5649999999999995,4.047745278512593e-06,0
329,0.5666666666666662,4.047749371238751e-06,0
330,0.5683333333333329,4.0478125811205246e-06,0
331,0.5699999999999996,4.047731181344716e-06,0
332,0.5716666666666663,4.0478371374774724e-06,0
333,0.573333333333333,4.047653419547714e-06,0
334,0.5749999999999997,4.047747552249348e-06,0
335,0.5766666666666664,4.0477048059983645e-06,0
336,0.5783333333333331,4.047744369017892e-06,0
337,0.5799999999999998,4.047725269629154e-06,0
338,0.5816666666666666,4.04784623242449e-06,0
339,0.5833333333333333,4.047735728818225e-06,0
340,0.585,4.047822585562244e-06,0
341,0.5866666666666667,4.047741185786435e-06,0
342,0.5883333333333334,4.047843958687736e-06,0
343,0.5900000000000001,4.047694346809294e-06,0
344,0.5916666666666668,4.047815764351981e-06,0
345,0.5933333333333335,4.047741185786435e-06,0
346,0.5950000000000002,4.047637503390433e-06,0
347,0.5966666666666669,4.0478730625181925e-06,0
348,0.5983333333333336,4.047693892061943e-06,0
349,0.6000000000000003,4.047821221320191e-06,0
350,0.601666666666667,4.047706624987768e-06,0
351,0.6033333333333337,4.047738912049681e-06,0
352,0.6050000000000004,4.047758011438418e-06,0
353,0.6066666666666671,4.047679794894066e-06,0
354,0.6083333333333338,4.0478648770658765e-06,0
355,0.6100000000000005,4.047679794894066e-06,0
356,0.6116666666666672,4.047903530590702e-06,0
357,0.613333333333334,4.0476847971149255e-06,0
358,0.6150000000000007,4.0478407754562795e-06,0
359,0.6166666666666674,4.047706624987768e-06,0
360,0.6183333333333341,4.04782031182549e-06,0
361,0.6200000000000008,4.047713446198031e-06,0
362,0.6216666666666675,4.047637048643082e-06,0
363,0.6233333333333342,4.047794391226489e-06,0
364,0.6250000000000009,4.047718448418891e-06,0
365,0.6266666666666676,4.047775746585103e-06,0
366,0.6283333333333343,4.047762558911927e-06,0
367,0.630000000000001,4.0477566471963655e-06,0
368,0.6316666666666677,4.047765287396032e-06,0
369,0.6333333333333344,4.0476884350937326e-06,0
370,0.6350000000000011,4.047826678288402e-06,0
371,0.6366666666666678,4.047848051413894e-06,0
372,0.6383333333333345,4.0476884350937326e-06,0
373,0.6400000000000012,4.047759830427822e-06,0
374,0.6416666666666679,4.04777438234305e-06,0
375,0.6433333333333346,4.047750735480804e-06,0
376,0.6450000000000014,4.047689344588434e-06,0
377,0.646666666666668,4.04786169383442e-06,0
378,0.6483333333333348,4.047570655529853e-06,0
379,0.6500000000000015,4.0478289520251565e-06,0
380,0.6516666666666682,4.047630227432819e-06,0
381,0.6533333333333349,4.047836227982771e-06,0
382,0.6550000000000016,4.0477048059983645e-06,0
383,0.6566666666666683,4.047761194669874e-06,0
384,0.658333333333335,4.047721176902996e-06,0
385,0.6600000000000017,4.047824404551648e-06,0
386,0.6616666666666684,4.047749825986102e-06,0
387,0.6633333333333351,4.047822130814893e-06,0
388,0.6650000000000018,4.047691618325189e-06,0
389,0.6666666666666685,4.0477889342582785e-06,0
390,0.6683333333333352,4.047787570016226e-06,0
391,0.6700000000000019,4.0477366383129265e-06,0
392,0.6716666666666686,4.0477648326486815e-06,0
393,0.6733333333333353,4.047838501719525e-06,0
394,0.675000000000002,4.047762558911927e-06,0
395,0.6766666666666687,4.047783477290068e-06,0
396,0.6783333333333355,4.0478207665728405e-06,0
397,0.6800000000000022,4.04766660722089e-06,0
398,0.6816666666666689,4.047858965350315e-06,0
399,0.6833333333333356,4.04767706640996e-06,0
400,0.6850000000000023,4.047947641083738e-06,0
401,0.686666666666669,4.047685251862276e-06,0
402,0.6883333333333357,4.0478007576894015e-06,0
403,0.6900000000000024,4.0477366383129265e-06,0
404,0.6916666666666691,4.047757556691067e-06,0
405,0.6933333333333358,4.0478089431417175e-06,0
406,0.6950000000000025,4.0477889342582785e-06,0
407,0.6966666666666692,4.047746642754646e-06,0
408,0.6983333333333359,4.047778475069208e-06,0
409,0.7000000000000026,4.047662059747381e-06,0
410,0.7016666666666693,4.047827587783104e-06,0
411,0.703333333333336,4.047587935929187e-06,0
412,0.7050000000000027,4.047862603329122e-06,0
413,0.7066666666666694,4.047626589454012e-06,0
414,0.7083333333333361,4.047914444527123e-06,0
415,0.7100000000000029,4.047642050863942e-06,0
416,0.7116666666666696,4.0478089431417175e-06,0
417,0.7133333333333363,4.047737547807628e-06,0
418,0.715000000000003,4.047762104164576e-06,0
419,0.7166666666666697,4.04773345508147e-06,0
420,0.7183333333333364,4.0477448237652425e-06,0
421,0.7200000000000031,4.0478967093804386e-06,0
422,0.7216666666666698,4.047672064189101e-06,0
423,0.7233333333333365,4.047857601108262e-06,0
424,0.7250000000000032,4.047702987008961e-06,0
425,0.7266666666666699,4.047858510602964e-06,0
426,0.7283333333333366,4.047783477290068e-06,0
427,0.7300000000000033,4.047810762131121e-06,0
428,0.73166666666667,4.047682523378171e-06,0
429,0.7333333333333367,4.04786169383442e-06,0
430,0.7350000000000034,4.047691163577838e-06,0
431,0.7366666666666701,4.048295522807166e-06,0
432,0.7383333333333368,4.048629307362717e-06,0
433,0.7400000000000035,4.0490544961357955e-06,0
434,0.7416666666666702,4.049709787068423e-06,0
435,0.743333333333337,4.050013558298815e-06,0
436,0.7450000000000037,4.05063155994867e-06,0
437,0.7466666666666704,4.051007181260502e-06,0
438,0.7483333333333371,4.0514814827474765e-06,0
439,0.7500000000000038,4.052019903610926e-06,0
440,0.7516666666666705,4.0523304960515816e-06,0
441,0.7533333333333372,4.052941221743822e-06,0
442,0.7550000000000039,4.053301836393075e-06,0
443,0.7566666666666706,4.053779321111506e-06,0
444,0.7583333333333373,4.054231339978287e-06,0
445,0.760000000000004,4.054712462675525e-06,0
446,0.7616666666666707,4.0551744859840255e-06,0
447,0.7633333333333374,4.055533281643875e-06,0
448,0.7650000000000041,4.056118086737115e-06,0
449,0.7666666666666708,4.056406851304928e-06,0
450,0.7683333333333375,4.0568966142018326e-06,0
451,0.7700000000000042,4.057361820741789e-06,0
452,0.7716666666666709,4.05736727771e-06,0
453,0.7733333333333376,4.057844762428431e-06,0
454,0.7750000000000044,4.058417289343197e-06,0
455,0.7766666666666711,4.058941158291418e-06,0
456,0.7783333333333378,4.0576455830887426e-06,0
457,0.7800000000000045,4.0597765291749965e-06,0
458,0.7816666666666712,4.0562317735748366e-06,0
459,0.7833333333333379,4.058705144416308e-06,0
460,0.7850000000000046,4.058080776303541e-06,0
461,0.7866666666666713,4.0618192542751785e-06,0
462,0.788333333333338,4.0603531488159206e-06,0
463,0.7900000000000047,4.0617956074129324e-06,0
464,0.7916666666666714,4.061283107148483e-06,0
465,0.7933333333333381,4.063424967171159e-06,0
466,0.7950000000000048,4.062565494677983e-06,0
467,0.7966666666666715,4.063798769493587e-06,0
468,0.7983333333333382,4.063770575157832e-06,0
469,0.8000000000000049,4.062973857799079e-06,0
470,0.8016666666666716,4.065224857185967e-06,0
471,0.8033333333333383,4.065363100380637e-06,0
472,0.805000000000005,4.064631866640411e-06,0
473,0.8066666666666718,4.0666900531505235e-06,0
474,0.8083333333333385,4.066581368533662e-06,0
475,0.8100000000000052,4.068880116392393e-06,0
476,0.8116666666666719,4.0671584429219365e-06,0
477,0.8133333333333386,4.06864273827523e-06,0
478,0.8150000000000053,4.069372153026052e-06,0
479,0.816666666666672,4.068557700520614e-06,0
480,0.8183333333333387,4.07137713409611e-06,0
481,0.8200000000000054,4.06908384320559e-06,0
482,0.8216666666666721,4.071082457812736e-06,0
483,0.8233333333333388,4.07171046390431e-06,0
484,0.8250000000000055,4.070756858709501e-06,0
485,0.8266666666666722,4.073639956914121e-06,0
486,0.8283333333333389,4.071541752637131e-06,0
487,0.8300000000000056,4.073678155691596e-06,0
488,0.8316666666666723,4.072580395586556e-06,0
489,0.833333333333339,4.073272066307254e-06,0
490,0.8350000000000057,4.07334164265194e-06,0
491,0.8366666666666724,4.073866875842214e-06,0
492,0.8383333333333391,4.074507160112262e-06,0
493,0.8400000000000059,4.075058313901536e-06,0
494,0.8416666666666726,4.0752170207269955e-06,0
495,0.8433333333333393,4.07622474085656e-06,0
496,0.845000000000006,4.075777269463288e-06,0
497,0.8466666666666727,4.076143795828102e-06,0
498,0.8483333333333394,4.076233381056227e-06,0
499,0.8500000000000061,4.076719505974324e-06,0
500,0.8516666666666728,4.077206540387124e-06,0
501,0.8533333333333395,4.077669473190326e-06,0
502,0.8550000000000062,4.078211986779934e-06,0
503,0.8566666666666729,4.078319307154743e-06,0
504,0.8583333333333396,4.07824063586304e-06,0
505,0.8600000000000063,4.078340680280235e-06,0
506,0.861666666666673,4.078453002875904e-06,0
507,0.8633333333333397,4.078777237737086e-06,0
508,0.8650000000000064,4.0790905586618464e-06,0
509,0.8666666666666731,4.079413884028327e-06,0
510,0.8683333333333398,4.079618065588875e-06,0
511,0.8700000000000065,4.079542122781277e-06,0
512,0.8716666666666733,4.079572136106435e-06,0
513,0.87333333333334,4.079554400959751e-06,0
514,0.8750000000000067,4.079666268808069e-06,0
515,0.8766666666666734,4.079740847373614e-06,0
516,0.8783333333333401,4.079809514223598e-06,0
517,0.8800000000000068,4.079845894011669e-06,0
518,0.8816666666666735,4.079848167748423e-06,0
519,0.8833333333333402,4.079816335433861e-06,0
520,0.8850000000000069,4.079821337654721e-06,0
521,0.8866666666666736,4.0798113332130015e-06,0
522,0.8883333333333403,4.079822247149423e-06,0
523,0.890000000000007,4.079817244928563e-06,0
524,0.8916666666666737,4.079818154423265e-06,0
525,0.8933333333333404,4.079817699675914e-06,0
526,0.8950000000000071,4.079814516444458e-06,0
527,0.8966666666666738,4.07980542149744e-06,0
528,0.8983333333333405,4.079837253812002e-06,0
529,0.9000000000000072,4.079814061697107e-06,0
530,0.9016666666666739,4.079825430380879e-06,0
531,0.9033333333333406,4.0798104237183e-06,0
532,0.9050000000000074,4.079824975633528e-06,0
533,0.9066666666666741,4.079816335433861e-06,0
534,0.9083333333333408,4.079814061697107e-06,0
535,0.9100000000000075,4.0798231566441245e-06,0
536,0.9116666666666742,4.07982088290737e-06,0
537,0.9133333333333409,4.079816335433861e-06,0
538,0.9150000000000076,4.079818609170616e-06,0
539,0.9166666666666743,4.079828613612335e-06,0
540,0.918333333333341,4.07982588512823e-06,0
541,0.9200000000000077,4.079820428160019e-06,0
542,0.9216666666666744,4.079834070580546e-06,0
543,0.9233333333333411,4.079818154423265e-06,0
544,0.9250000000000078,4.079813152202405e-06,0
545,0.9266666666666745,4.079827704117633e-06,0
546,0.9283333333333412,4.079824975633528e-06,0
547,0.9300000000000079,4.0798195186653174e-06,0
548,0.9316666666666746,4.079832706338493e-06,0
549,0.9333333333333413,4.079819973412668e-06,0
550,0.935000000000008,4.07982588512823e-06,0
551,0.9366666666666748,4.079828158864984e-06,0
552,0.9383333333333415,4.079837708559353e-06,0
553,0.9400000000000082,4.0798072404868435e-06,0
554,0.9416666666666749,4.079808149981545e-06,0
555,0.9433333333333416,4.079824066138826e-06,0
556,0.9450000000000083,4.079829523107037e-06,0
557,0.946666666666675,4.079834070580546e-06,0
558,0.9483333333333417,4.079822701896774e-06,0
559,0.9500000000000084,4.079808149981545e-06,0
560,0.9516666666666751,4.079811787960352e-06,0
561,0.9533333333333418,4.079822701896774e-06,0
562,0.9550000000000085,4.079833615833195e-06,0
563,0.9566666666666752,4.079812242707703e-06,0
564,0.9583333333333419,4.079814971191809e-06,0
565,0.9600000000000086,4.079828613612335e-06,0
566,0.9616666666666753,4.079816335433861e-06,0
567,0.963333333333342,4.07982588512823e-06,0
568,0.9650000000000087,4.079812242707703e-06,0
569,0.9666666666666754,4.079800874023931e-06,0
570,0.9683333333333421,4.079837708559353e-06,0
571,0.9700000000000089,4.079814971191809e-06,0
572,0.9716666666666756,4.079826339875581e-06,0
573,0.9733333333333423,4.079830432601739e-06,0
574,0.975000000000009,4.079824520886177e-06,0
575,0.9766666666666757,4.079832251591142e-06,0
576,0.9783333333333424,4.079812242707703e-06,0
577,0.9800000000000091,4.079834525327897e-06,0
578,0.9816666666666758,4.07982088290737e-06,0
579,0.9833333333333425,4.0798113332130015e-06,0
580,0.9850000000000092,4.0798231566441245e-06,0
581,0.9866666666666759,4.079816790181212e-06,0
582,0.9883333333333426,4.079817244928563e-06,0
583,0.9900000000000093,4.079826339875581e-06,0
584,0.991666666666676,4.079822701896774e-06,0
585,0.9933333333333427,4.079833161085844e-06,0
586,0.9950000000000094,4.079807695234194e-06,0
587,0.9966666666666761,4.079828613612335e-06,0
588,0.9983333333333428,4.0798236113914754e-06,0
589,1.0000000000000095,4.079819973412668e-06,0
590,1.0016666666666763,4.079822701896774e-06,0
591,1.003333333333343,4.079835889569949e-06,0
592,1.0050000000000097,4.079837708559353e-06,0
593,1.0066666666666764,4.079821792402072e-06,0
594,1.008333333333343,4.07981588068651e-06,0
595,1.0100000000000098,4.079842710780213e-06,0
596,1.0116666666666765,4.079816790181212e-06,0
597,1.0133333333333432,4.079814061697107e-06,0
598,1.01500000000001,4.0798113332130015e-06,0
599,1.0166666666666766,4.079820428160019e-06,0
600,1.0183333333333433,4.079829068359686e-06,0
601,1.02000000000001,4.079814516444458e-06,0
602,1.0216666666666767,4.079822247149423e-06,0
603,1.0233333333333434,4.079828613612335e-06,0
604,1.0250000000000101,4.079822701896774e-06,0
605,1.0266666666666768,4.0798231566441245e-06,0
606,1.0283333333333435,4.079828613612335e-06,0
607,1.0300000000000102,4.0798272493702825e-06,0
608,1.031666666666677,4.079827704117633e-06,0
609,1.0333333333333437,4.079836799064651e-06,0
610,1.0350000000000104,4.0798154259391595e-06,0
611,1.036666666666677,4.07983088734909e-06,0
612,1.0383333333333438,4.079829068359686e-06,0
613,1.0400000000000105,4.079833161085844e-06,0
614,1.0416666666666772,4.079826794622932e-06,0
615,1.0433333333333439,4.079835889569949e-06,0
616,1.0450000000000106,4.079820428160019e-06,0
617,1.0466666666666773,4.079831796843791e-06,0
618,1.048333333333344,4.07981588068651e-06,0
619,1.0500000000000107,4.0798195186653174e-06,0
620,1.0516666666666774,4.079841801285511e-06,0
621,1.0533333333333441,4.079838618054055e-06,0
622,1.0550000000000108,4.079826339875581e-06,0
623,1.0566666666666775,4.0798236113914754e-06,0
624,1.0583333333333442,4.079826339875581e-06,0
625,1.060000000000011,4.07981588068651e-06,0
626,1.0616666666666776,4.079813152202405e-06,0
627,1.0633333333333443,4.079812697455054e-06,0
628,1.065000000000011,4.079835889569949e-06,0
629,1.0666666666666778,4.079821792402072e-06,0
630,1.0683333333333445,4.079837708559353e-06,0
631,1.0700000000000112,4.079828158864984e-06,0
632,1.0716666666666779,4.079812697455054e-06,0
633,1.0733333333333446,4.079837253812002e-06,0
634,1.0750000000000113,4.079831796843791e-06,0
635,1.076666666666678,4.0798363443173e-06,0
636,1.0783333333333447,4.079824066138826e-06,0
637,1.0800000000000114,4.079832251591142e-06,0
638,1.081666666666678,4.079826339875581e-06,0
639,1.0833333333333448,4.079822247149423e-06,0
640,1.0850000000000115,4.0798190639179666e-06,0
641,1.0866666666666782,4.0798195186653174e-06,0
642,1.088333333333345,4.0798236113914754e-06,0
643,1.0900000000000116,4.0798272493702825e-06,0
644,1.0916666666666783,4.079829068359686e-06,0
645,1.093333333333345,4.079814061697107e-06,0
646,1.0950000000000117,4.07982088290737e-06,0
647,1.0966666666666784,4.0798231566441245e-06,0
648,1.0983333333333452,4.0798154259391595e-06,0
649,1.1000000000000119,4.0798236113914754e-06,0
650,1.1016666666666786,4.079820428160019e-06,0
651,1.1033333333333453,4.079836799064651e-06,1
652,1.105000000000012,4.079814061697107e-06,1
653,1.1066666666666787,4.079829523107037e-06,1
654,1.1083333333333454,4.079812242707703e-06,1
655,1.110000000000012,4.079829977854388e-06,1
656,1.1116666666666788,4.079832251591142e-06,1
657,1.1133333333333455,4.079826339875581e-06,1
658,1.1150000000000122,4.0798195186653174e-06,1
659,1.116666666666679,4.079814061697107e-06,1
660,1.1183333333333456,4.079834980075248e-06,1
661,1.1200000000000123,4.0798195186653174e-06,1
662,1.121666666666679,4.079816335433861e-06,1
663,1.1233333333333457,4.079822701896774e-06,1
664,1.1250000000000124,4.079828158864984e-06,1
665,1.1266666666666791,4.079818609170616e-06,1
666,1.1283333333333458,4.079824975633528e-06,1
667,1.1300000000000125,4.079836799064651e-06,1
668,1.1316666666666793,4.0798313420964405e-06,1
669,1.133333333333346,4.079806330992142e-06,1
670,1.1350000000000127,4.079822247149423e-06,1
671,1.1366666666666794,4.0798195186653174e-06,1
672,1.138333333333346,4.079830432601739e-06,1
673,1.1400000000000128,4.079814971191809e-06,1
674,1.1416666666666795,4.079842256032862e-06,1
675,1.1433333333333462,4.079817699675914e-06,1
676,1.145000000000013,4.079817244928563e-06,1
677,1.1466666666666796,4.079827704117633e-06,1
678,1.1483333333333463,4.079822247149423e-06,1
679,1.150000000000013,4.079829068359686e-06,1
680,1.1516666666666797,4.079813152202405e-06,1
681,1.1533333333333464,4.079836799064651e-06,1
682,1.1550000000000131,4.079829068359686e-06,1
683,1.1566666666666798,4.079811787960352e-06,1
684,1.1583333333333465,4.079822701896774e-06,1
685,1.1600000000000132,4.079814061697107e-06,1
686,1.16166666666668,4.079816335433861e-06,1
687,1.1633333333333467,4.07981588068651e-06,1
688,1.1650000000000134,4.079813152202405e-06,1
689,1.16666666666668,4.079810878465651e-06,1
690,1.1683333333333468,4.079816790181212e-06,1
691,1.1700000000000135,4.079833161085844e-06,1
692,1.1716666666666802,4.079826339875581e-06,1
693,1.1733333333333469,4.0798313420964405e-06,1
694,1.1750000000000136,4.079828158864984e-06,1
695,1.1766666666666803,4.07974403060507e-06,1
696,1.178333333333347,4.079575774085242e-06,1
697,1.1800000000000137,4.079384325450519e-06,1
698,1.1816666666666804,4.07920015277341e-06,1
699,1.1833333333333471,4.079060090589337e-06,1
700,1.1850000000000138,4.079000973433722e-06,1
701,1.1866666666666805,4.079009613633389e-06,1
702,1.1883333333333472,4.078955498698633e-06,1
703,1.190000000000014,4.078684469277505e-06,1
704,1.1916666666666806,4.07813831770909e-06,1
705,1.1933333333333473,4.077546236658236e-06,1
706,1.195000000000014,4.077008270542137e-06,1
707,1.1966666666666808,4.0766790334600955e-06,1
708,1.1983333333333475,4.076580808032304e-06,1
709,1.2000000000000142,4.076593086210778e-06,1
710,1.2016666666666809,4.07632205678965e-06,1
711,1.2033333333333476,4.075690867466619e-06,1
712,1.2050000000000143,4.075006927450886e-06,1
713,1.206666666666681,4.074302069057012e-06,1
714,1.2083333333333477,4.073666332260473e-06,1
715,1.2100000000000144,4.07328025175957e-06,1
716,1.211666666666681,4.073092895851005e-06,1
717,1.2133333333333478,4.072819137945771e-06,1
718,1.2150000000000145,4.0724776226852555e-06,1
719,1.2166666666666812,4.071790954185417e-06,1
720,1.218333333333348,4.071245257364353e-06,1
721,1.2200000000000146,4.070585873705568e-06,1
722,1.2216666666666813,4.0700065255805384e-06,1
723,1.223333333333348,4.069608621648513e-06,1
724,1.2250000000000147,4.069432179676369e-06,1
725,1.2266666666666814,4.06914568884531e-06,1
726,1.2283333333333482,4.068944235768868e-06,1
727,1.2300000000000149,4.068827820447041e-06,1
728,1.2316666666666816,4.067607733304612e-06,1
729,1.2333333333333483,4.068113412358798e-06,1
730,1.235000000000015,4.067235749971587e-06,1
731,1.2366666666666817,4.066704150318401e-06,1
732,1.2383333333333484,4.065625489602098e-06,1
733,1.240000000000015,4.065567736688536e-06,1
734,1.2416666666666818,4.064910626766505e-06,1
735,1.2433333333333485,4.064637778355973e-06,1
736,1.2450000000000152,4.063921096530976e-06,1
737,1.246666666666682,4.063531378051266e-06,1
738,1.2483333333333486,4.06308708988945e-06,1
739,1.2500000000000153,4.062686457473319e-06,1
740,1.251666666666682,4.062243078806205e-06,1
741,1.2533333333333487,4.061909294250654e-06,1
742,1.2550000000000154,4.0614827412355226e-06,1
743,1.2566666666666821,4.061023446411127e-06,1
744,1.2583333333333488,4.06059916713275e-06,1
745,1.2600000000000156,4.060179435327882e-06,1
746,1.2616666666666823,4.059764250996523e-06,1
747,1.263333333333349,4.059371349285357e-06,1
748,1.2650000000000157,4.058945705764927e-06,1
749,1.2666666666666824,4.058537342643831e-06,1
750,1.268333333333349,4.058125341543928e-06,1
751,1.2700000000000158,4.057664227730129e-06,1
752,1.2716666666666825,4.05731088903849e-06,1
753,1.2733333333333492,4.056834313814761e-06,1
754,1.275000000000016,4.056497800775105e-06,1
755,1.2766666666666826,4.0560080378782e-06,1
756,1.2783333333333493,4.055583758599823e-06,1
757,1.280000000000016,4.055185854667798e-06,1
758,1.2816666666666827,4.054772944073193e-06,1
759,1.2833333333333494,4.054368218930904e-06,1
760,1.2850000000000161,4.053947577631334e-06,1
761,1.2866666666666828,4.053538759762887e-06,1
762,1.2883333333333495,4.0531276681576855e-06,1
763,1.2900000000000162,4.052616532135289e-06,1
764,1.291666666666683,4.052199528814526e-06,1
765,1.2933333333333497,4.051783889735816e-06,1
766,1.2950000000000164,4.051412815897493e-06,1
767,1.296666666666683,4.050914867548272e-06,1
768,1.2983333333333498,4.050547431688756e-06,1
769,1.3000000000000165,4.050074949191185e-06,1
770,1.3016666666666832,4.0496511246601585e-06,1
771,1.3033333333333499,4.049171820952324e-06,1
772,1.3050000000000166,4.048811206303071e-06,1
773,1.3066666666666833,4.048355549457483e-06,1
774,1.30833333333335,4.047930360684404e-06,1
775,1.3100000000000167,4.047536094731186e-06,1
776,1.3116666666666834,4.0470999920216855e-06,1
777,1.3133333333333501,4.046680714964168e-06,1
778,1.3150000000000168,4.046258254675195e-06,1
779,1.3166666666666835,4.045865352964029e-06,1
780,1.3183333333333502,4.045416517328704e-06,1
781,1.320000000000017,4.044979050377151e-06,1
782,1.3216666666666836,4.045163677801611e-06,1
783,1.3233333333333503,4.045277819386683e-06,1
784,1.325000000000017,4.045227797178086e-06,1
785,1.3266666666666838,4.045224159199279e-06,1
786,1.3283333333333505,4.045201876579085e-06,1
787,1.3300000000000172,4.045212335768156e-06,1
788,1.3316666666666839,4.045210062031401e-06,1
789,1.3333333333333506,4.045196874358226e-06,1
790,1.3350000000000173,4.0452050598105416e-06,1
791,1.336666666666684,4.045192781632068e-06,1
792,1.3383333333333507,4.045193691126769e-06,1
793,1.3400000000000174,4.045200967084384e-06,1
794,1.341666666666684,4.045198238600278e-06,1
795,1.3433333333333508,4.045210516778752e-06,1
796,1.3450000000000175,4.045205969305243e-06,1
797,1.3466666666666842,4.045194600621471e-06,1
798,1.348333333333351,4.045197783852927e-06,1
799,1.3500000000000176,4.045202331326436e-06,1
800,1.3516666666666843,4.045182777190348e-06,1
801,1.353333333333351,4.045186415169155e-06,1
802,1.3550000000000177,4.045202331326436e-06,1
803,1.3566666666666845,4.045184141432401e-06,1
804,1.3583333333333512,4.045186869916506e-06,1
805,1.3600000000000179,4.045200057589682e-06,1
806,1.3616666666666846,4.045198693347629e-06,1
807,1.3633333333333513,4.045195510116173e-06,1
808,1.365000000000018,4.045196874358226e-06,1
809,1.3666666666666847,4.0452055145578925e-06,1
810,1.3683333333333514,4.045196874358226e-06,1
811,1.370000000000018,4.045210516778752e-06,1
812,1.3716666666666848,4.0451973291055765e-06,1
813,1.3733333333333515,4.045190053147962e-06,1
814,1.3750000000000182,4.04520415031584e-06,1
815,1.376666666666685,4.045180958200945e-06,1
816,1.3783333333333516,4.045190053147962e-06,1
817,1.3800000000000183,4.045193691126769e-06,1
818,1.381666666666685,4.045198238600278e-06,1
819,1.3833333333333517,4.045192326884717e-06,1
820,1.3850000000000184,4.045200057589682e-06,1
821,1.3866666666666851,4.045184596179752e-06,1
822,1.3883333333333518,4.045190962642664e-06,1
823,1.3900000000000186,4.04519914809498e-06,1
824,1.3916666666666853,4.045200967084384e-06,1
825,1.393333333333352,4.045197783852927e-06,1
826,1.3950000000000187,4.045190507895313e-06,1
827,1.3966666666666854,4.045190507895313e-06,1
828,1.398333333333352,4.045203695568489e-06,1
829,1.4000000000000188,4.045195510116173e-06,1
830,1.4016666666666855,4.04519414587412e-06,1
831,1.4033333333333522,4.045203695568489e-06,1
832,1.405000000000019,4.045191872137366e-06,1
833,1.4066666666666856,4.045200512337033e-06,1
834,1.4083333333333523,4.045198693347629e-06,1
835,1.410000000000019,4.045199602842331e-06,1
836,1.4116666666666857,4.0452050598105416e-06,1
837,1.4133333333333524,4.045200512337033e-06,1
838,1.4150000000000191,4.045192781632068e-06,1
839,1.4166666666666858,4.045201876579085e-06,1
840,1.4183333333333525,4.045203695568489e-06,1
841,1.4200000000000192,4.0451895984006114e-06,1
842,1.421666666666686,4.045211426273454e-06,1
843,1.4233333333333527,4.0451932363794185e-06,1
844,1.4250000000000194,4.045206424052594e-06,1
845,1.426666666666686,4.045198693347629e-06,1
846,1.4283333333333528,4.045192781632068e-06,1
847,1.4300000000000195,4.045202331326436e-06,1
848,1.4316666666666862,4.045200967084384e-06,1
849,1.4333333333333529,4.0451895984006114e-06,1
850,1.4350000000000196,4.0451973291055765e-06,1
851,1.4366666666666863,4.045196419610875e-06,1
852,1.438333333333353,4.045190962642664e-06,1
853,1.4400000000000197,4.0452050598105416e-06,1
854,1.4416666666666864,4.045208243041998e-06,1
855,1.4433333333333531,4.045207333547296e-06,1
856,1.4450000000000198,4.045195510116173e-06,1
857,1.4466666666666865,4.045202331326436e-06,1
858,1.4483333333333532,4.045195055368822e-06,1
859,1.45000000000002,4.045198238600278e-06,1
860,1.4516666666666866,4.045200967084384e-06,1
861,1.4533333333333533,4.0452055145578925e-06,1
862,1.45500000000002,4.0452014218317345e-06,1
863,1.4566666666666868,4.045202786073787e-06,1
864,1.4583333333333535,4.045204605063191e-06,1
865,1.4600000000000202,4.045200057589682e-06,1
866,1.4616666666666869,4.04517868446419e-06,1
867,1.4633333333333536,4.045207333547296e-06,1
868,1.4650000000000203,4.045188234158559e-06,1
869,1.466666666666687,4.045201876579085e-06,1
870,1.4683333333333537,4.045190507895313e-06,1
871,1.4700000000000204,4.045191872137366e-06,1
872,1.471666666666687,4.045203695568489e-06,1
873,1.4733333333333538,4.04519414587412e-06,1
874,1.4750000000000205,4.045188234158559e-06,1
875,1.4766666666666872,4.045192326884717e-06,1
876,1.478333333333354,4.045205969305243e-06,1
877,1.4800000000000206,4.045202786073787e-06,1
878,1.4816666666666873,4.045190507895313e-06,1
879,1.483333333333354,4.045206424052594e-06,1
880,1.4850000000000207,4.045200512337033e-06,1
881,1.4866666666666875,4.04519414587412e-06,1
882,1.4883333333333542,4.045210971526103e-06,1
883,1.4900000000000209,4.045202331326436e-06,1
884,1.4916666666666876,4.045200512337033e-06,1
885,1.4933333333333543,4.0452050598105416e-06,1
886,1.495000000000021,4.045193691126769e-06,1
887,1.4966666666666877,4.045207333547296e-06,1
888,1.4983333333333544,4.0451973291055765e-06,1
889,1.500000000000021,4.045196874358226e-06,1
890,1.5016666666666878,4.045191872137366e-06,1
891,1.5033333333333545,4.045184596179752e-06,1
892,1.5050000000000212,4.04519414587412e-06,1
893,1.506666666666688,4.0451895984006114e-06,1
894,1.5083333333333546,4.0452096072840504e-06,1
895,1.5100000000000213,4.045196874358226e-06,1
896,1.511666666666688,4.045207333547296e-06,1
897,1.5133333333333547,4.045192781632068e-06,1
898,1.5150000000000214,4.0451895984006114e-06,1
899,1.5166666666666881,4.045187779411208e-06,1
900,1.5183333333333549,4.04518868890591e-06,1
901,1.5200000000000216,4.045203695568489e-06,1
902,1.5216666666666883,4.0452050598105416e-06,1
903,1.523333333333355,4.045206878799945e-06,1
904,1.5250000000000217,4.045198238600278e-06,1
905,1.5266666666666884,4.045179593958892e-06,1
906,1.528333333333355,4.045192326884717e-06,1
907,1.5300000000000218,4.045198238600278e-06,1
908,1.5316666666666885,4.045208697789349e-06,1
909,1.5333333333333552,4.045191417390015e-06,1
910,1.535000000000022,4.04519414587412e-06,1
911,1.5366666666666886,4.045191872137366e-06,1
912,1.5383333333333553,4.045198238600278e-06,1
913,1.540000000000022,4.045187779411208e-06,1
914,1.5416666666666887,4.045205969305243e-06,1
915,1.5433333333333554,4.045199602842331e-06,1
916,1.5450000000000221,4.045200057589682e-06,1
917,1.5466666666666888,4.045187324663857e-06,1
918,1.5483333333333555,4.04518368668505e-06,1
919,1.5500000000000222,4.045198693347629e-06,1
920,1.551666666666689,4.045211426273454e-06,1
921,1.5533333333333557,4.04519414587412e-06,1
922,1.5550000000000224,4.045202786073787e-06,1
923,1.556666666666689,4.045202331326436e-06,1
924,1.5583333333333558,4.045196874358226e-06,1
925,1.5600000000000225,4.045210062031401e-06,1
926,1.5616666666666892,4.045216428494314e-06,1
927,1.563333333333356,4.045210062031401e-06,1
928,1.5650000000000226,4.04520415031584e-06,1
929,1.5666666666666893,4.045176410727436e-06,1
930,1.568333333333356,4.045196419610875e-06,1
931,1.5700000000000227,4.045199602842331e-06,1
932,1.5716666666666894,4.045217792736366e-06,1
933,1.5733333333333561,4.045186415169155e-06,1
934,1.5750000000000228,4.045205969305243e-06,1
935,1.5766666666666895,4.045190053147962e-06,1
936,1.5783333333333562,4.04518868890591e-06,1
937,1.580000000000023,4.045193691126769e-06,1
938,1.5816666666666896,4.0451932363794185e-06,1
939,1.5833333333333564,4.045185960421804e-06,1
940,1.585000000000023,4.045200967084384e-06,1
941,1.5866666666666898,4.045179139211541e-06,1
942,1.5883333333333565,4.045190053147962e-06,1
943,1.5900000000000232,4.045198238600278e-06,1
944,1.5916666666666899,4.0451973291055765e-06,1
945,1.5933333333333566,4.0451973291055765e-06,1
946,1.5950000000000233,4.045207333547296e-06,1
947,1.59666666666669,4.045200967084384e-06,1
948,1.5983333333333567,4.045198693347629e-06,1
949,1.6000000000000234,4.045215518999612e-06,1
950,1.60166666666669,4.045185960421804e-06,1
951,1.6033333333333568,4.04518368668505e-06,1
952,1.6050000000000235,4.045196874358226e-06,1
953,1.6066666666666902,4.045202786073787e-06,1
954,1.608333333333357,4.045197783852927e-06,1
955,1.6100000000000236,4.04520415031584e-06,1
956,1.6116666666666903,4.04520415031584e-06,1
957,1.613333333333357,4.045182777190348e-06,1
958,1.6150000000000237,4.045203695568489e-06,1
959,1.6166666666666905,4.045206878799945e-06,1
960,1.6183333333333572,4.045203240821138e-06,1
961,1.6200000000000239,4.045203695568489e-06,1
962,1.6216666666666906,4.045198693347629e-06,1
963,1.6233333333333573,4.045213700010208e-06,1
964,1.625000000000024,4.045207333547296e-06,1
965,1.6266666666666907,4.045195964863524e-06,1
966,1.6283333333333574,4.045195964863524e-06,1
967,1.630000000000024,4.04519914809498e-06,1
968,1.6316666666666908,4.045201876579085e-06,1
969,1.6333333333333575,4.045198693347629e-06,1
970,1.6350000000000242,4.045200057589682e-06,1
971,1.636666666666691,4.045196874358226e-06,1
972,1.6383333333333576,4.045202331326436e-06,1
973,1.6400000000000243,4.045198693347629e-06,1
974,1.641666666666691,4.045211426273454e-06,1
975,1.6433333333333577,4.0452050598105416e-06,1
976,1.6450000000000244,4.045198238600278e-06,1
977,1.6466666666666911,4.045195510116173e-06,1
978,1.6483333333333579,4.045200057589682e-06,1
979,1.6500000000000246,4.045195055368822e-06,1
980,1.6516666666666913,4.04519414587412e-06,1
981,1.653333333333358,4.045191417390015e-06,1
982,1.6550000000000247,4.045204605063191e-06,1
983,1.6566666666666914,4.045200057589682e-06,1
984,1.658333333333358,4.045203695568489e-06,1
985,1.6600000000000248,4.045202331326436e-06,1
986,1.6616666666666915,4.045192781632068e-06,1
987,1.6633333333333582,4.0451932363794185e-06,1
988,1.665000000000025,4.045204605063191e-06,1
989,1.6666666666666916,4.04519914809498e-06,1
990,1.6683333333333583,4.045195510116173e-06,1
991,1.670000000000025,4.0451895984006114e-06,1
992,1.6716666666666917,4.045198238600278e-06,1
993,1.6733333333333584,4.0451932363794185e-06,1
994,1.6750000000000251,4.045200967084384e-06,1
995,1.6766666666666918,4.045200512337033e-06,1
996,1.6783333333333585,4.0452091525366995e-06,1
997,1.6800000000000253,4.045185960421804e-06,1
998,1.681666666666692,4.045205969305243e-06,1
999,1.6833333333333587,4.045200057589682e-06,1
1000,1.6850000000000254,4.0451814129482955e-06,1
1001,1.686666666666692,4.045196419610875e-06,1
1002,1.6883333333333588,4.045201876579085e-06,1
1003,1.6900000000000255,4.045199602842331e-06,1
1004,1.6916666666666922,4.045195964863524e-06,1
1005,1.693333333333359,4.045203695568489e-06,1
1006,1.6950000000000256,4.045200967084384e-06,1
1007,1.6966666666666923,4.045197783852927e-06,1
1008,1.698333333333359,4.0451850509271026e-06,1
1009,1.7000000000000257,4.045203695568489e-06,1
1010,1.7016666666666924,4.045202331326436e-06,1
1011,1.7033333333333591,4.045190507895313e-06,1
1012,1.7050000000000258,4.045198238600278e-06,1
1013,1.7066666666666925,4.045192781632068e-06,1
1014,1.7083333333333592,4.045222794957226e-06,1
1015,1.710000000000026,4.045197783852927e-06,1
1016,1.7116666666666926,4.045203240821138e-06,1
1017,1.7133333333333594,4.045202786073787e-06,1
1018,1.715000000000026,4.045203695568489e-06,1
1019,1.7166666666666928,4.0452091525366995e-06,1
1020,1.7183333333333595,4.04519914809498e-06,1
1021,1.7200000000000262,4.045210516778752e-06,1
1022,1.7216666666666929,4.04520415031584e-06,1
1023,1.7233333333333596,4.045197783852927e-06,1
1024,1.7250000000000263,4.04520415031584e-06,1
1025,1.726666666666693,4.045203240821138e-06,1
1026,1.7283333333333597,4.0452050598105416e-06,1
1027,1.7300000000000264,4.045200512337033e-06,1
1028,1.731666666666693,4.045191872137366e-06,1
1029,1.7333333333333598,4.045191872137366e-06,1
1030,1.7350000000000265,4.045196419610875e-06,1
1031,1.7366666666666932,4.045198693347629e-06,1
1032,1.73833333333336,4.045202786073787e-06,1
1033,1.7400000000000266,4.045179139211541e-06,1
1034,1.7416666666666933,4.045199602842331e-06,1
1035,1.74333333333336,4.04520415031584e-06,1
1036,1.7450000000000268,4.0452055145578925e-06,1
1037,1.7466666666666935,4.045200512337033e-06,1
1038,1.7483333333333602,4.0451973291055765e-06,1
1039,1.7500000000000269,4.04518368668505e-06,1
1040,1.7516666666666936,4.045202331326436e-06,1
1041,1.7533333333333603,4.045187779411208e-06,1
1042,1.755000000000027,4.045202786073787e-06,1
1043,1.7566666666666937,4.045204605063191e-06,1
1044,1.7583333333333604,4.045186415169155e-06,1
1045,1.760000000000027,4.045194600621471e-06,1
1046,1.7616666666666938,4.045190053147962e-06,1
1047,1.7633333333333605,4.045207333547296e-06,1
1048,1.7650000000000272,4.045211426273454e-06,1
1049,1.766666666666694,4.045201876579085e-06,1
1050,1.7683333333333606,4.045198238600278e-06,1
1051,1.7700000000000273,4.045195510116173e-06,1
1052,1.771666666666694,4.04519414587412e-06,1
1053,1.7733333333333607,4.045210062031401e-06,1
1054,1.7750000000000274,4.045207788294647e-06,1
1055,1.7766666666666941,4.045204605063191e-06,1
1056,1.7783333333333609,4.045197783852927e-06,1
1057,1.7800000000000276,4.045190962642664e-06,1
1058,1.7816666666666943,4.045184596179752e-06,1
1059,1.783333333333361,4.045204605063191e-06,1
1060,1.7850000000000277,4.045187779411208e-06,1
1061,1.7866666666666944,4.045212790515507e-06,1
1062,1.788333333333361,4.045192781632068e-06,1
1063,1.7900000000000278,4.045196874358226e-06,1
1064,1.7916666666666945,4.045198693347629e-06,1
1065,1.7933333333333612,4.045195964863524e-06,1
1066,1.795000000000028,4.045203240821138e-06,1
1067,1.7966666666666946,4.045199602842331e-06,1
1068,1.7983333333333613,4.045196419610875e-06,1
1069,1.800000000000028,4.045203695568489e-06,1
1070,1.8016666666666947,4.045212335768156e-06,1
1071,1.8033333333333614,4.0451973291055765e-06,1
1072,1.8050000000000281,4.045191872137366e-06,1
1073,1.8066666666666948,4.045194600621471e-06,1
1074,1.8083333333333615,4.045195964863524e-06,1
1075,1.8100000000000283,4.045192781632068e-06,1
1076,1.811666666666695,4.04519914809498e-06,1
1077,1.8133333333333617,4.045206878799945e-06,1
1078,1.8150000000000284,4.045196419610875e-06,1
1079,1.816666666666695,4.0451973291055765e-06,1
1080,1.8183333333333618,4.045195510116173e-06,1
1081,1.8200000000000285,4.045201876579085e-06,1
1082,1.8216666666666952,4.045202786073787e-06,1
1083,1.823333333333362,4.045693458465394e-06,1
1084,1.8250000000000286,4.046136837132508e-06,1
1085,1.8266666666666953,4.046550202474464e-06,1
1086,1.828333333333362,4.046993126394227e-06,1
1087,1.8300000000000287,4.047409674967639e-06,1
1088,1.8316666666666954,4.047828042530455e-06,1
1089,1.8333333333333621,4.048270056955516e-06,1
1090,1.8350000000000288,4.048694336233893e-06,1
1091,1.8366666666666955,4.049121798743727e-06,1
1092,1.8383333333333622,4.049556991958525e-06,1
1093,1.840000000000029,4.049960807606112e-06,1
1094,1.8416666666666957,4.050395091326209e-06,1
1095,1.8433333333333624,4.050815277878428e-06,1
1096,1.845000000000029,4.051235009683296e-06,1
1097,1.8466666666666958,4.051653377246112e-06,1
1098,1.8483333333333625,4.052048097946681e-06,1
1099,1.8500000000000292,4.05250420953962e-06,1
1100,1.8516666666666959,4.052902568218997e-06,1
1101,1.8533333333333626,4.053306383866584e-06,1
1102,1.8550000000000293,4.053742941323435e-06,1
1103,1.856666666666696,4.054152668686584e-06,1
1104,1.8583333333333627,4.054567853017943e-06,1
1105,1.8600000000000294,4.0549903133069165e-06,1
1106,1.8616666666666961,4.055389126733644e-06,1
1107,1.8633333333333628,4.0558034015703015e-06,1
1108,1.8650000000000295,4.056224497617222e-06,1
1109,1.8666666666666962,4.056650595885003e-06,1
1110,1.868333333333363,4.057052137795836e-06,1
1111,1.8700000000000296,4.0574896047473885e-06,1
1112,1.8716666666666963,4.057879323227098e-06,1
1113,1.873333333333363,4.058295417053159e-06,1
1114,1.8750000000000298,4.058713784615975e-06,1
1115,1.8766666666666965,4.059116236021509e-06,1
1116,1.8783333333333632,4.0595723476144485e-06,1
1117,1.8800000000000299,4.060924766235985e-06,1
1118,1.8816666666666966,4.060335868416587e-06,1
1119,1.8833333333333633,4.061495474161347e-06,1
1120,1.88500000000003,4.061167601321358e-06,1
1121,1.8866666666666967,4.062240350322099e-06,1
1122,1.8883333333333634,4.061984782310901e-06,1
1123,1.89000000000003,4.0638142309035175e-06,1
1124,1.8916666666666968,4.063053893332835e-06,1
1125,1.8933333333333635,4.064196218678262e-06,1
1126,1.8950000000000302,4.064223503519315e-06,1
1127,1.896666666666697,4.065415396325989e-06,1
1128,1.8983333333333636,4.06482604375924e-06,1
1129,1.9000000000000303,4.066129804414231e-06,1
1130,1.901666666666697,4.065686425747117e-06,1
1131,1.9033333333333637,4.06674462283263e-06,1
1132,1.9050000000000304,4.067113422934199e-06,1
1133,1.9066666666666972,4.0681275095266756e-06,1
1134,1.9083333333333639,4.068225280207116e-06,1
1135,1.9100000000000306,4.068946054758271e-06,1
1136,1.9116666666666973,4.068691396241775e-06,1
1137,1.913333333333364,4.069214810442645e-06,1
1138,1.9150000000000307,4.0695763345866e-06,1
1139,1.9166666666666974,4.069359420100227e-06,1
1140,1.918333333333364,4.069750502821989e-06,1
1141,1.9200000000000308,4.070242084708298e-06,1
1142,1.9216666666666975,4.070714567205869e-06,1
1143,1.9233333333333642,4.071327111887513e-06,1
1144,1.925000000000031,4.072363481100183e-06,1
1145,1.9266666666666976,4.0725935832597315e-06,1
1146,1.9283333333333643,4.073176114616217e-06,1
1147,1.930000000000031,4.073139734828146e-06,1
1148,1.9316666666666977,4.073272521054605e-06,1
1149,1.9333333333333644,4.073795935255475e-06,1
1150,1.9350000000000311,4.074373464391101e-06,1
1151,1.9366666666666978,4.07515244660317e-06,1
1152,1.9383333333333645,4.075866399944061e-06,1
1153,1.9400000000000313,4.076427558175055e-06,1
1154,1.941666666666698,4.076625373272691e-06,1
1155,1.9433333333333647,4.0765871744952165e-06,1
1156,1.9450000000000314,4.076700406585587e-06,1
1157,1.946666666666698,4.077070116181858e-06,1
1158,1.9483333333333648,4.0775885281618685e-06,1
1159,1.9500000000000315,4.078213805769337e-06,1
1160,1.9516666666666982,4.078782694705296e-06,1
1161,1.953333333333365,4.078994606970809e-06,1
1162,1.9550000000000316,4.079035079485038e-06,1
1163,1.9566666666666983,4.079006885149283e-06,1
1164,1.958333333333365,4.0790905586618464e-06,1
1165,1.9600000000000317,4.07922561862506e-06,1
1166,1.9616666666666984,4.079448444826994e-06,1
1167,1.9633333333333651,4.079628524777945e-06,1
1168,1.9650000000000318,4.079781774635194e-06,1
1169,1.9666666666666985,4.079829068359686e-06,1
1170,1.9683333333333652,4.079832706338493e-06,1
1171,1.970000000000032,4.079821337654721e-06,1
1172,1.9716666666666987,4.079819973412668e-06,1
1173,1.9733333333333654,4.0798190639179666e-06,1
1174,1.975000000000032,4.079825430380879e-06,1
1175,1.9766666666666988,4.0798236113914754e-06,1
1176,1.9783333333333655,4.079814061697107e-06,1
1177,1.9800000000000322,4.079796781297773e-06,1
1178,1.9816666666666989,4.079829977854388e-06,1
1179,1.9833333333333656,4.079834070580546e-06,1
1180,1.9850000000000323,4.07983088734909e-06,1
1181,1.986666666666699,4.079825430380879e-06,1
1182,1.9883333333333657,4.079812697455054e-06,1
1183,1.9900000000000324,4.079824975633528e-06,1
1184,1.9916666666666991,4.0798313420964405e-06,1
1185,1.9933333333333658,4.07982588512823e-06,1
1186,1.9950000000000325,4.079814061697107e-06,1
1187,1.9966666666666992,4.079819973412668e-06,1
1188,1.998333333333366,4.079808604728896e-06,1
1189,2.0000000000000324,4.079821337654721e-06,1
1190,2.001666666666699,4.0798113332130015e-06,1
1191,2.0033333333333654,4.0798154259391595e-06,1
1192,2.005000000000032,4.0798236113914754e-06,1
1193,2.0066666666666984,4.079824975633528e-06,1
1194,2.008333333333365,4.07980542149744e-06,1
1195,2.0100000000000313,4.079821792402072e-06,1
1196,2.011666666666698,4.079802238265984e-06,1
1197,2.0133333333333643,4.079807695234194e-06,1
1198,2.0150000000000308,4.0798231566441245e-06,1
1199,2.0166666666666972,4.07981588068651e-06,1
1200,2.0183333333333637,4.079829523107037e-06,1
1201,2.02000000000003,4.079817244928563e-06,1
1202,2.0216666666666967,4.0798231566441245e-06,1
1203,2.023333333333363,4.0798272493702825e-06,1
1204,2.0250000000000297,4.079826794622932e-06,1
1205,2.026666666666696,4.079820428160019e-06,1
1206,2.0283333333333626,4.0798272493702825e-06,1
1207,2.030000000000029,4.079827704117633e-06,1
1208,2.0316666666666956,4.079820428160019e-06,1
1209,2.033333333333362,4.079822701896774e-06,1
1210,2.0350000000000286,4.079835889569949e-06,1
1211,2.036666666666695,4.079826794622932e-06,1
1212,2.0383333333333615,4.079820428160019e-06,1
1213,2.040000000000028,4.079831796843791e-06,1
1214,2.0416666666666945,4.079814516444458e-06,1
1215,2.043333333333361,4.0798231566441245e-06,1
1216,2.0450000000000275,4.079819973412668e-06,1
1217,2.046666666666694,4.0798154259391595e-06,1
1218,2.0483333333333604,4.079812242707703e-06,1
1219,2.050000000000027,4.079829068359686e-06,1
1220,2.0516666666666934,4.079814971191809e-06,1
1221,2.05333333333336,4.079828613612335e-06,1
1222,2.0550000000000264,4.079822701896774e-06,1
1223,2.056666666666693,4.0798113332130015e-06,1
1224,2.0583333333333593,4.0798313420964405e-06,1
1225,2.060000000000026,4.0798031477606855e-06,1
1226,2.0616666666666923,4.079811787960352e-06,1
1227,2.0633333333333588,4.07982088290737e-06,1
1228,2.0650000000000253,4.0798354348225985e-06,1
1229,2.0666666666666917,4.079822701896774e-06,1
1230,2.0683333333333582,4.07982088290737e-06,1
1231,2.0700000000000247,4.07982588512823e-06,1
1232,2.071666666666691,4.079829977854388e-06,1
1233,2.0733333333333577,4.0798190639179666e-06,1
1234,2.075000000000024,4.079824066138826e-06,1
1235,2.0766666666666906,4.0798113332130015e-06,1
1236,2.078333333333357,4.079830432601739e-06,1
1237,2.0800000000000236,4.079828613612335e-06,1
1238,2.08166666666669,4.0798190639179666e-06,1
1239,2.0833333333333566,4.07983088734909e-06,1
1240,2.085000000000023,4.0798395275487565e-06,1
1241,2.0866666666666895,4.079821337654721e-06,1
1242,2.088333333333356,4.079826339875581e-06,1
1243,2.0900000000000225,4.079828613612335e-06,1
1244,2.091666666666689,4.079817699675914e-06,1
1245,2.0933333333333555,4.079826794622932e-06,1
1246,2.095000000000022,4.079814516444458e-06,1
1247,2.0966666666666884,4.079824066138826e-06,1
1248,2.098333333333355,4.07983088734909e-06,1
1249,2.1000000000000214,4.079829977854388e-06,1
1250,2.101666666666688,4.079817699675914e-06,1
1251,2.1033333333333544,4.079822247149423e-06,1
1252,2.105000000000021,4.079814971191809e-06,1
1253,2.1066666666666873,4.079825430380879e-06,1
1254,2.108333333333354,4.079824520886177e-06,1
1255,2.1100000000000203,4.079808604728896e-06,1
1256,2.111666666666687,4.079833161085844e-06,1
1257,2.1133333333333533,4.0798104237183e-06,1
1258,2.1150000000000198,4.079822701896774e-06,1
1259,2.1166666666666862,4.079804057255387e-06,1
1260,2.1183333333333527,4.079829523107037e-06,1
1261,2.120000000000019,4.079821792402072e-06,1
1262,2.1216666666666857,4.079834980075248e-06,1
1263,2.123333333333352,4.079829068359686e-06,1
1264,2.1250000000000187,4.079821337654721e-06,1
1265,2.126666666666685,4.079835889569949e-06,1
1266,2.1283333333333516,4.079834070580546e-06,1
1267,2.130000000000018,4.079822247149423e-06,1
1268,2.1316666666666846,4.079818609170616e-06,1
1269,2.133333333333351,4.079840437043458e-06,1
1270,2.1350000000000176,4.079814516444458e-06,1
1271,2.136666666666684,4.079826339875581e-06,1
1272,2.1383333333333505,4.079824520886177e-06,1
1273,2.140000000000017,4.079821337654721e-06,1
1274,2.1416666666666835,4.079835889569949e-06,1
1275,2.14333333333335,4.079825430380879e-06,1
1276,2.1450000000000164,4.07983088734909e-06,1
1277,2.146666666666683,4.07982588512823e-06,1
1278,2.1483333333333494,4.079837708559353e-06,1
1279,2.150000000000016,4.079817699675914e-06,1
1280,2.1516666666666824,4.079828158864984e-06,1
1281,2.153333333333349,4.079810878465651e-06,1
1282,2.1550000000000153,4.079821792402072e-06,1
1283,2.156666666666682,4.079814971191809e-06,1
1284,2.1583333333333483,4.079822701896774e-06,1
1285,2.160000000000015,4.079808604728896e-06,1
1286,2.1616666666666813,4.0798031477606855e-06,1
1287,2.1633333333333478,4.079817244928563e-06,1
1288,2.1650000000000142,4.079812242707703e-06,1
1289,2.1666666666666807,4.079818609170616e-06,1
1290,2.168333333333347,4.0798272493702825e-06,1
1291,2.1700000000000137,4.079816335433861e-06,1
1292,2.17166666666668,4.079837253812002e-06,1
1293,2.1733333333333467,4.079840437043458e-06,1
1294,2.175000000000013,4.079828158864984e-06,1
1295,2.1766666666666796,4.079819973412668e-06,1
1296,2.178333333333346,4.079803602508036e-06,1
1297,2.1800000000000126,4.079834980075248e-06,1
1298,2.181666666666679,4.079833615833195e-06,1
1299,2.1833333333333456,4.079826339875581e-06,1
1300,2.185000000000012,4.079810878465651e-06,1
1301,2.1866666666666785,4.079838163306704e-06,1
1302,2.188333333333345,4.07982588512823e-06,1
1303,2.1900000000000115,4.0798195186653174e-06,1
1304,2.191666666666678,4.0798104237183e-06,2
1305,2.1933333333333445,4.079828613612335e-06,2
1306,2.195000000000011,4.079826339875581e-06,2
1307,2.1966666666666774,4.079821792402072e-06,2
1308,2.198333333333344,4.079828158864984e-06,2
1309,2.2000000000000104,4.079814516444458e-06,2
1310,2.201666666666677,4.079820428160019e-06,2
1311,2.2033333333333434,4.079818609170616e-06,2
1312,2.20500000000001,4.079813152202405e-06,2
1313,2.2066666666666763,4.079836799064651e-06,2
1314,2.208333333333343,4.079817699675914e-06,2
1315,2.2100000000000093,4.079814971191809e-06,2
1316,2.2116666666666758,4.079832251591142e-06,2
1317,2.2133333333333423,4.079818154423265e-06,2
1318,2.2150000000000087,4.079834070580546e-06,2
1319,2.2166666666666752,4.0798190639179666e-06,2
1320,2.2183333333333417,4.079817244928563e-06,2
1321,2.220000000000008,4.079822247149423e-06,2
1322,2.2216666666666747,4.0798313420964405e-06,2
1323,2.223333333333341,4.079842710780213e-06,2
1324,2.2250000000000076,4.079822701896774e-06,2
1325,2.226666666666674,4.079827704117633e-06,2
1326,2.2283333333333406,4.0798272493702825e-06,2
1327,2.230000000000007,4.079807695234194e-06,2
1328,2.2316666666666736,4.079829068359686e-06,2
1329,2.23333333333334,4.0798236113914754e-06,2
1330,2.2350000000000065,4.079824975633528e-06,2
1331,2.236666666666673,4.0798236113914754e-06,2
1332,2.2383333333333395,4.07981588068651e-06,2
1333,2.240000000000006,4.079824066138826e-06,2
1334,2.2416666666666725,4.079821792402072e-06,2
1335,2.243333333333339,4.079821337654721e-06,2
1336,2.2450000000000054,4.079818154423265e-06,2
1337,2.246666666666672,4.07983088734909e-06,2
1338,2.2483333333333384,4.079801328771282e-06,2
1339,2.250000000000005,4.079832251591142e-06,2
1340,2.2516666666666714,4.079829523107037e-06,2
1341,2.253333333333338,4.079809514223598e-06,2
1342,2.2550000000000043,4.079830432601739e-06,2
1343,2.256666666666671,4.079822247149423e-06,2
1344,2.2583333333333373,4.0797995097818784e-06,2
1345,2.260000000000004,4.079822701896774e-06,2
1346,2.2616666666666703,4.079811787960352e-06,2
1347,2.2633333333333367,4.079795871803071e-06,2
1348,2.2650000000000032,4.079717200511368e-06,2
1349,2.2666666666666697,4.079633981746156e-06,2
1350,2.268333333333336,4.079562131664716e-06,2
1351,2.2700000000000027,4.079486188857118e-06,2
1352,2.271666666666669,4.079427981196204e-06,2
1353,2.2733333333333356,4.079459358763415e-06,2
1354,2.275000000000002,4.079452082805801e-06,2
1355,2.2766666666666686,4.079284735780675e-06,2
1356,2.278333333333335,4.0790141611068975e-06,2
1357,2.2800000000000016,4.07876405006391e-06,2
1358,2.281666666666668,4.078517122252379e-06,2
1359,2.2833333333333345,4.078357051184867e-06,2
1360,2.285000000000001,4.078289748576935e-06,2
1361,2.2866666666666675,4.078310666955076e-06,2
1362,2.288333333333334,4.078106030647177e-06,2
1363,2.2900000000000005,4.077817266079364e-06,2
1364,2.291666666666667,4.077379344380461e-06,2
1365,2.2933333333333334,4.077066478203051e-06,2
1366,2.295,4.076741333847167e-06,2
1367,2.2966666666666664,4.07657853429555e-06,2
1368,2.298333333333333,4.076520781381987e-06,2
1369,2.2999999999999994,4.07622974307742e-06,2
1370,2.301666666666666,4.075948254467221e-06,2
1371,2.3033333333333323,4.075548531545792e-06,2
1372,2.304999999999999,4.075258857483277e-06,2
1373,2.3066666666666653,4.074931439390639e-06,2
1374,2.308333333333332,4.074790012964513e-06,2
1375,2.3099999999999983,4.074387561558979e-06,2
1376,2.3116666666666648,4.074204298376571e-06,2
1377,2.3133333333333312,4.074070602655411e-06,2
1378,2.3149999999999977,4.073571744811488e-06,2
1379,2.316666666666664,4.073368927492993e-06,2
1380,2.3183333333333307,4.072867795912316e-06,2
1381,2.319999999999997,4.072681349498453e-06,2
1382,2.3216666666666637,4.072260708198883e-06,2
1383,2.32333333333333,4.071974217367824e-06,2
1384,2.3249999999999966,4.07169500249438e-06,2
1385,2.326666666666663,4.07136167268618e-06,2
1386,2.3283333333333296,4.071080184075981e-06,2
1387,2.329999999999996,4.070796421729028e-06,2
1388,2.3316666666666626,4.070489922014531e-06,2
1389,2.333333333333329,4.070207069162279e-06,2
1390,2.3349999999999955,4.069919214089168e-06,2
1391,2.336666666666662,4.0696295400266536e-06,2
1392,2.3383333333333285,4.069339411216788e-06,2
1393,2.339999999999995,4.069040187459905e-06,2
1394,2.3416666666666615,4.068750968144741e-06,2
1395,2.343333333333328,4.068470843776595e-06,2
1396,2.3449999999999944,4.068198450113414e-06,2
1397,2.346666666666661,4.067926056450233e-06,2
1398,2.3483333333333274,4.067595455126138e-06,2
1399,2.349999999999994,4.067362169735134e-06,2
1400,2.3516666666666604,4.067061581736198e-06,2
1401,2.353333333333327,4.066760993737262e-06,2
1402,2.3549999999999933,4.066502697241958e-06,2
1403,2.35666666666666,4.066232122568181e-06,2
1404,2.3583333333333263,4.065946995979175e-06,2
1405,2.3599999999999928,4.065661414642818e-06,2
1406,2.3616666666666593,4.065467692271341e-06,2
1407,2.3633333333333257,4.065224857185967e-06,2
1408,2.364999999999992,4.064844233653275e-06,2
1409,2.3666666666666587,4.0647310015629046e-06,2
1410,2.368333333333325,4.064429049321916e-06,2
1411,2.3699999999999917,4.064128006575629e-06,2
1412,2.371666666666658,4.063804681209149e-06,2
1413,2.3733333333333246,4.063510004925774e-06,2
1414,2.374999999999991,4.063174856128171e-06,2
1415,2.3766666666666576,4.0628765418659896e-06,2
1416,2.378333333333324,4.062606876686914e-06,2
1417,2.3799999999999906,4.0623281165608205e-06,2
1418,2.381666666666657,4.062058451381745e-06,2
1419,2.3833333333333235,4.061825620738091e-06,2
1420,2.38499999999999,4.061569143232191e-06,2
1421,2.3866666666666565,4.061269464727957e-06,2
1422,2.388333333333323,4.061053004988935e-06,2
1423,2.3899999999999895,4.0607460505270865e-06,2
1424,2.391666666666656,4.060429091623519e-06,2
1425,2.3933333333333224,4.0601412365504075e-06,2
1426,2.394999999999989,4.05976788897533e-06,2
1427,2.3966666666666554,4.059582806803519e-06,2
1428,2.398333333333322,4.059067123307614e-06,2
1429,2.3999999999999884,4.0588874981040135e-06,2
1430,2.401666666666655,4.058410013385583e-06,2
1431,2.4033333333333213,4.058255399286281e-06,2
1432,2.404999999999988,4.058084869029699e-06,2
1433,2.4066666666666543,4.05737227993086e-06,2
1434,2.408333333333321,4.05709033657331e-06,2
1435,2.4099999999999873,4.0576578612672165e-06,2
1436,2.4116666666666537,4.057367732457351e-06,2
1437,2.4133333333333202,4.0577579056844115e-06,2
1438,2.4149999999999867,4.057616479258286e-06,2
1439,2.416666666666653,4.05766468247748e-06,2
1440,2.4183333333333197,4.057777005073149e-06,2
1441,2.419999999999986,4.057655132783111e-06,2
1442,2.4216666666666526,4.0576737774244975e-06,2
1443,2.423333333333319,4.057765636389377e-06,2
1444,2.4249999999999856,4.0576619539933745e-06,2
1445,2.426666666666652,4.057676051161252e-06,2
1446,2.4283333333333186,4.057741080032429e-06,2
1447,2.429999999999985,4.05768014388741e-06,2
1448,2.4316666666666515,4.057705154991709e-06,2
1449,2.433333333333318,4.0577101572125684e-06,2
1450,2.4349999999999845,4.057679234392708e-06,2
1451,2.436666666666651,4.0577219806436915e-06,2
1452,2.4383333333333175,4.057735623064218e-06,2
1453,2.439999999999984,4.0576860556029715e-06,2
1454,2.4416666666666504,4.0577738218416926e-06,2
1455,2.443333333333317,4.057661044498673e-06,2
1456,2.4449999999999834,4.057728801853955e-06,2
1457,2.44666666666665,4.057725618622499e-06,2
1458,2.4483333333333164,4.057697424286744e-06,2
1459,2.449999999999983,4.0576655919721816e-06,2
1460,2.4516666666666493,4.057738806295674e-06,2
1461,2.453333333333316,4.057677415403305e-06,2
1462,2.4549999999999823,4.057729256601306e-06,2
1463,2.456666666666649,4.057691057823831e-06,2
1464,2.4583333333333153,4.0576619539933745e-06,2
1465,2.4599999999999818,4.057718342664884e-06,2
1466,2.4616666666666482,4.0576937863079365e-06,2
1467,2.4633333333333147,4.057671048940392e-06,2
1468,2.464999999999981,4.057718797412235e-06,2
1469,2.4666666666666477,4.05771606892813e-06,2
1470,2.468333333333314,4.057735623064218e-06,2
1471,2.4699999999999807,4.057661044498673e-06,2
1472,2.471666666666647,4.057681053382112e-06,2
1473,2.4733333333333136,4.0577178879175335e-06,2
1474,2.47499999999998,4.0576901483291294e-06,2
1475,2.4766666666666466,4.057715614180779e-06,2
1476,2.478333333333313,4.057723799633095e-06,2
1477,2.4799999999999796,4.0576660467195325e-06,2
1478,2.481666666666646,4.0576660467195325e-06,2
1479,2.4833333333333125,4.057715614180779e-06,2
1480,2.484999999999979,4.057738806295674e-06,2
1481,2.4866666666666455,4.057642854604637e-06,2
1482,2.488333333333312,4.057763362652622e-06,2
1483,2.4899999999999785,4.057704245497007e-06,2
1484,2.491666666666645,4.0576655919721816e-06,2
1485,2.4933333333333114,4.057666956214234e-06,2
1486,2.494999999999978,4.057719252159586e-06,2
1487,2.4966666666666444,4.05771606892813e-06,2
1488,2.498333333333311,4.057724254380446e-06,2
1489,2.4999999999999774,4.057715614180779e-06,2
1490,2.501666666666644,4.057707883475814e-06,2
1491,2.5033333333333103,4.057716978422832e-06,2
1492,2.504999999999977,4.0577501749794465e-06,2
1493,2.5066666666666433,4.057684691360919e-06,2
1494,2.5083333333333098,4.057716978422832e-06,2
1495,2.5099999999999763,4.057677415403305e-06,2
1496,2.5116666666666427,4.057695150549989e-06,2
1497,2.513333333333309,4.057724709127797e-06,2
1498,2.5149999999999757,4.057662863488076e-06,2
1499,2.516666666666642,4.05772107114899e-06,2
1500,2.5183333333333087,4.05767514166655e-06,2
1501,2.519999999999975,4.0577137951913755e-06,2
1502,2.5216666666666416,4.057697424286744e-06,2
1503,2.523333333333308,4.057675596413901e-06,2
1504,2.5249999999999746,4.057715159433428e-06,2
1505,2.526666666666641,4.057696060044691e-06,2
1506,2.5283333333333076,4.05767514166655e-06,2
1507,2.529999999999974,4.057661499246024e-06,2
1508,2.5316666666666405,4.0577097024652176e-06,2
1509,2.533333333333307,4.057711521454621e-06,2
1510,2.5349999999999735,4.057682872371515e-06,2
1511,2.53666666666664,4.057715159433428e-06,2
1512,2.5383333333333065,4.057698788528796e-06,2
1513,2.539999999999973,4.0576619539933745e-06,2
1514,2.5416666666666394,4.057681053382112e-06,2
1515,2.543333333333306,4.057640580867883e-06,2
1516,2.5449999999999724,4.057658770761918e-06,2
1517,2.546666666666639,4.0577142499387264e-06,2
1518,2.5483333333333054,4.0577297113486566e-06,2
1519,2.549999999999972,4.057692876813235e-06,2
1520,2.5516666666666383,4.0576655919721816e-06,2
1521,2.553333333333305,4.05769060307648e-06,2
1522,2.5549999999999713,4.057670594193041e-06,2
1523,2.5566666666666378,4.057701062265551e-06,2
1524,2.5583333333333043,4.0577006075182e-06,2
1525,2.5599999999999707,4.057722890138393e-06,2
1526,2.5616666666666372,4.0576937863079365e-06,2
1527,2.5633333333333037,4.057668320456287e-06,2
1528,2.56499999999997,4.057654223288409e-06,2
1529,2.5666666666666367,4.057651949551655e-06,2
1530,2.568333333333303,4.057706519233761e-06,2
1531,2.5699999999999696,4.057699698023498e-06,2
1532,2.571666666666636,4.0577297113486566e-06,2
1533,2.5733333333333026,4.057725163875148e-06,2
1534,2.574999999999969,4.057648311572848e-06,2
1535,2.5766666666666356,4.057691512571182e-06,2
1536,2.578333333333302,4.057718797412235e-06,2
1537,2.5799999999999685,4.057717433170183e-06,2
1538,2.581666666666635,4.057672867929796e-06,2
1539,2.5833333333333015,4.057674232171848e-06,2
1540,2.584999999999968,4.057706973981112e-06,2
1541,2.5866666666666345,4.057682417624164e-06,2
1542,2.588333333333301,4.057661499246024e-06,2
1543,2.5899999999999674,4.057674232171848e-06,2
1544,2.591666666666634,4.057661044498673e-06,2
1545,2.5933333333333004,4.057731075590709e-06,2
1546,2.594999999999967,4.057684691360919e-06,2
1547,2.5966666666666334,4.057671503687743e-06,2
1548,2.5983333333333,4.057715614180779e-06,2
1549,2.5999999999999663,4.0576860556029715e-06,2
1550,2.601666666666633,4.057712430949323e-06,2
1551,2.6033333333332993,4.0576937863079365e-06,2
1552,2.604999999999966,4.0577019717602525e-06,2
1553,2.6066666666666323,4.057669229950989e-06,2
1554,2.6083333333332988,4.05769560529734e-06,2
1555,2.6099999999999652,4.057715614180779e-06,2
1556,2.6116666666666317,4.057698788528796e-06,2
1557,2.613333333333298,4.057681053382112e-06,2
1558,2.6149999999999647,4.057667865708936e-06,2
1559,2.616666666666631,4.057716978422832e-06,2
1560,2.6183333333332977,4.057682872371515e-06,2
1561,2.619999999999964,4.0576660467195325e-06,2
1562,2.6216666666666306,4.057767910126131e-06,2
1563,2.623333333333297,4.057681053382112e-06,2
1564,2.6249999999999636,4.057685600855621e-06,2
1565,2.62666666666663,4.057687419845024e-06,2
1566,2.6283333333332966,4.057702426507603e-06,2
1567,2.629999999999963,4.057722435391042e-06,2
1568,2.6316666666666295,4.057731985085411e-06,2
1569,2.633333333333296,4.0576737774244975e-06,2
1570,2.6349999999999625,4.057718797412235e-06,2
1571,2.636666666666629,4.057716523675481e-06,2
1572,2.6383333333332954,4.0577101572125684e-06,2
1573,2.639999999999962,4.057673322677147e-06,2
1574,2.6416666666666284,4.057748810737394e-06,2
1575,2.643333333333295,4.057650585309602e-06,2
1576,2.6449999999999614,4.057694241055287e-06,2
1577,2.646666666666628,4.057710611959919e-06,2
1578,2.6483333333332943,4.057715614180779e-06,2
1579,2.649999999999961,4.057667865708936e-06,2
1580,2.6516666666666273,4.057678779645357e-06,2
1581,2.653333333333294,4.057707883475814e-06,2
1582,2.6549999999999603,4.057711521454621e-06,2
1583,2.6566666666666268,4.057719706906937e-06,2
1584,2.6583333333332932,4.057749265484745e-06,2
1585,2.6599999999999597,4.0576778701506555e-06,2
1586,2.661666666666626,4.057719252159586e-06,2
1587,2.6633333333332927,4.0577219806436915e-06,2
1588,2.664999999999959,4.057658316014567e-06,2
1589,2.6666666666666257,4.057691967318533e-06,2
1590,2.668333333333292,4.057709247717867e-06,2
1591,2.6699999999999586,4.057674232171848e-06,2
1592,2.671666666666625,4.057696060044691e-06,2
1593,2.6733333333332916,4.0577060644864105e-06,2
1594,2.674999999999958,4.057696060044691e-06,2
1595,2.6766666666666246,4.057719252159586e-06,2
1596,2.678333333333291,4.0576660467195325e-06,2
1597,2.6799999999999575,4.057754722452955e-06,2
1598,2.681666666666624,4.057682872371515e-06,2
1599,2.6833333333332905,4.057742444274481e-06,2
1600,2.684999999999957,4.057655132783111e-06,2
1601,2.6866666666666235,4.057657406519866e-06,2
1602,2.68833333333329,4.057713340444025e-06,2
1603,2.6899999999999564,4.057647856825497e-06,2
1604,2.691666666666623,4.057654223288409e-06,2
1605,2.6933333333332894,4.057704700244358e-06,2
1606,2.694999999999956,4.057702881254954e-06,2
1607,2.6966666666666224,4.0576660467195325e-06,2
1608,2.698333333333289,4.05770560973906e-06,2
1609,2.6999999999999553,4.057691057823831e-06,2
1610,2.701666666666622,4.057674686919199e-06,2
1611,2.7033333333332883,4.0576660467195325e-06,2
1612,2.7049999999999548,4.057725618622499e-06,2
1613,2.7066666666666213,4.057704700244358e-06,2
1614,2.7083333333332877,4.057647402078146e-06,2
1615,2.7099999999999542,4.0576701394456904e-06,2
1616,2.7116666666666207,4.057687874592375e-06,2
1617,2.713333333333287,4.057643764099339e-06,2
1618,2.7149999999999537,4.057694695802638e-06,2
1619,2.71666666666662,4.057720616401639e-06,2
1620,2.7183333333332866,4.057701517012902e-06,2
1621,2.719999999999953,4.057664227730129e-06,2
1622,2.7216666666666196,4.057703336002305e-06,2
1623,2.723333333333286,4.057671503687743e-06,2
1624,2.7249999999999526,4.057677415403305e-06,2
1625,2.726666666666619,4.057696969539393e-06,2
1626,2.7283333333332855,4.0577342588221654e-06,2
1627,2.729999999999952,4.057697424286744e-06,2
1628,2.7316666666666185,4.057679234392708e-06,2
1629,2.733333333333285,4.057702881254954e-06,2
1630,2.7349999999999515,4.057731985085411e-06,2
1631,2.736666666666618,4.05768014388741e-06,2
1632,2.7383333333332844,4.057666956214234e-06,2
1633,2.739999999999951,4.05770560973906e-06,2
1634,2.7416666666666174,4.05771106670727e-06,2
1635,2.743333333333284,4.057688784087077e-06,2
1636,2.7449999999999504,4.057696514792042e-06,2
1637,2.746666666666617,4.057706519233761e-06,2
1638,2.7483333333332833,4.057686510350322e-06,2
1639,2.74999999999995,4.057676051161252e-06,2
1640,2.7516666666666163,4.0577097024652176e-06,2
1641,2.753333333333283,4.0576860556029715e-06,2
1642,2.7549999999999493,4.057704700244358e-06,2
1643,2.7566666666666158,4.057724709127797e-06,2
1644,2.7583333333332822,4.057705154991709e-06,2
1645,2.7599999999999487,4.057701062265551e-06,2
1646,2.761666666666615,4.057687419845024e-06,2
1647,2.7633333333332817,4.057699243276147e-06,2
1648,2.764999999999948,4.057687419845024e-06,2
1649,2.7666666666666146,4.057739261043025e-06,2
1650,2.768333333333281,4.057691057823831e-06,2
1651,2.7699999999999476,4.057716978422832e-06,2
1652,2.771666666666614,4.057706519233761e-06,2
1653,2.7733333333332806,4.057710611959919e-06,2
1654,2.774999999999947,4.057682417624164e-06,2
1655,2.7766666666666135,4.057724709127797e-06,2
1656,2.77833333333328,4.057701517012902e-06,2
1657,2.7799999999999465,4.057731985085411e-06,2
1658,2.781666666666613,4.057683781866217e-06,2
1659,2.7833333333332795,4.057691967318533e-06,2
1660,2.784999999999946,4.0576978790340945e-06,2
1661,2.7866666666666124,4.057679689140059e-06,2
1662,2.788333333333279,4.057707883475814e-06,2
1663,2.7899999999999454,4.057739261043025e-06,2
1664,2.791666666666612,4.05772107114899e-06,2
1665,2.7933333333332784,4.05767514166655e-06,2
1666,2.794999999999945,4.05769560529734e-06,2
1667,2.7966666666666113,4.05768014388741e-06,2
1668,2.798333333333278,4.057666501466883e-06,2
1669,2.7999999999999443,4.0576819628768135e-06,2
1670,2.801666666666611,4.057675596413901e-06,2
1671,2.8033333333332773,4.05771606892813e-06,2
1672,2.8049999999999438,4.057700152770849e-06,2
1673,2.8066666666666102,4.057704700244358e-06,2
1674,2.8083333333332767,4.057704700244358e-06,2
1675,2.809999999999943,4.057665137224831e-06,2
1676,2.8116666666666097,4.057678324898006e-06,2
1677,2.813333333333276,4.057719706906937e-06,2
1678,2.8149999999999427,4.0577178879175335e-06,2
1679,2.816666666666609,4.05770560973906e-06,2
1680,2.8183333333332756,4.057703790749656e-06,2
1681,2.819999999999942,4.057681053382112e-06,2
1682,2.8216666666666086,4.057693331560586e-06,2
1683,2.823333333333275,4.0577060644864105e-06,2
1684,2.8249999999999416,4.057698333781445e-06,2
1685,2.826666666666608,4.057668775203638e-06,2
1686,2.8283333333332745,4.057665137224831e-06,2
1687,2.829999999999941,4.057673322677147e-06,2
1688,2.8316666666666075,4.0577178879175335e-06,2
1689,2.833333333333274,4.057706973981112e-06,2
1690,2.8349999999999405,4.057697424286744e-06,2
1691,2.836666666666607,4.057729256601306e-06,2
1692,2.8383333333332734,4.057710611959919e-06,2
1693,2.83999999999994,4.057728347106604e-06,2
1694,2.8416666666666064,4.057720616401639e-06,2
1695,2.843333333333273,4.057733349327464e-06,2
1696,2.8449999999999394,4.057735168316867e-06,2
1697,2.846666666666606,4.057726982864551e-06,2
1698,2.8483333333332723,4.057730620843358e-06,2
1699,2.849999999999939,4.057722890138393e-06,2
1700,2.8516666666666053,4.057708792970516e-06,2
1701,2.8533333333332718,4.057713340444025e-06,2
1702,2.8549999999999383,4.057682417624164e-06,2
1703,2.8566666666666047,4.057663772982778e-06,2
1704,2.858333333333271,4.057713340444025e-06,2
1705,2.8599999999999377,4.057732439832762e-06,2
1706,2.861666666666604,4.057715614180779e-06,2
1707,2.8633333333332707,4.057708792970516e-06,2
1708,2.864999999999937,4.0577101572125684e-06,2
1709,2.8666666666666036,4.057676051161252e-06,2
1710,2.86833333333327,4.0577260733698495e-06,2
1711,2.8699999999999366,4.057705154991709e-06,2
1712,2.871666666666603,4.0576901483291294e-06,2
1713,2.8733333333332696,4.0577260733698495e-06,2
1714,2.874999999999936,4.0577101572125684e-06,2
1715,2.8766666666666025,4.057725163875148e-06,2
1716,2.878333333333269,4.057708338223165e-06,2
1717,2.8799999999999355,4.057725163875148e-06,2
1718,2.881666666666602,4.057662408740725e-06,2
1719,2.8833333333332685,4.057682417624164e-06,2
1720,2.884999999999935,4.057709247717867e-06,2
1721,2.8866666666666014,4.05763921662583e-06,2
1722,2.888333333333268,4.057696514792042e-06,2
1723,2.8899999999999344,4.057687419845024e-06,2
1724,2.891666666666601,4.0577006075182e-06,2
1725,2.8933333333332674,4.057736077811569e-06,2
1726,2.894999999999934,4.057669229950989e-06,2
1727,2.8966666666666003,4.057728347106604e-06,2
1728,2.898333333333267,4.057694241055287e-06,2
1729,2.8999999999999333,4.057709247717867e-06,2
1730,2.9016666666666,4.057704700244358e-06,2
1731,2.9033333333332663,4.0576737774244975e-06,2
1732,2.9049999999999327,4.057683327118866e-06,2
1733,2.9066666666665992,4.05768514610827e-06,2
1734,2.9083333333332657,4.057712885696674e-06,2
1735,2.909999999999932,4.057701517012902e-06,2
1736,2.9116666666665987,4.057670594193041e-06,2
1737,2.913333333333265,4.0578142943559214e-06,2
1738,2.9149999999999316,4.057753358210903e-06,2
1739,2.916666666666598,4.058063495904207e-06,2
1740,2.9183333333332646,4.058592821820639e-06,2
1741,2.919999999999931,4.058736521983519e-06,2
1742,2.9216666666665976,4.059081675222842e-06,2
1743,2.923333333333264,4.059325419802917e-06,2
1744,2.9249999999999305,4.059663297084626e-06,2
1745,2.926666666666597,4.060012088302756e-06,2
1746,2.9283333333332635,4.0602653825771995e-06,2
1747,2.92999999999993,4.060566880070837e-06,2
1748,2.9316666666665965,4.06084018322872e-06,2
1749,2.933333333333263,4.061135769006796e-06,2
1750,2.9349999999999294,4.061441813973943e-06,2
1751,2.936666666666596,4.061734671267914e-06,2
1752,2.9383333333332624,4.06206618208671e-06,2
1753,2.939999999999929,4.062311290908838e-06,2
1754,2.9416666666665954,4.062611424160423e-06,2
1755,2.943333333333262,4.062921561853727e-06,2
1756,2.9449999999999283,4.063127562403679e-06,2
1757,2.946666666666595,4.06339995606686e-06,2
1758,2.9483333333332613,4.063695087097585e-06,2
1759,2.949999999999928,4.063967935508117e-06,2
1760,2.9516666666665943,4.0642585190653335e-06,2
1761,2.9533333333332608,4.064526365255006e-06,2
1762,2.9549999999999272,4.064816494064871e-06,2
1763,2.9566666666665937,4.0651079871167894e-06,2
1764,2.95833333333326,4.065390839969041e-06,2
1765,2.9599999999999267,4.065663688379573e-06,2
1766,2.961666666666593,4.065947905473877e-06,2
1767,2.9633333333332597,4.0662293940840755e-06,2
1768,2.964999999999926,4.066512246936327e-06,2
1769,2.9666666666665926,4.066797373525333e-06,2
1770,2.968333333333259,4.067089321324602e-06,2
1771,2.9699999999999256,4.067360805493081e-06,2
1772,2.971666666666592,4.067663667228771e-06,2
1773,2.9733333333332586,4.0679556150280405e-06,2
1774,2.974999999999925,4.068233010912081e-06,2
1775,2.9766666666665915,4.068520865985192e-06,2
1776,2.978333333333258,4.068815087521216e-06,2
1777,2.9799999999999245,4.0690970308787655e-06,2
1778,2.981666666666591,4.0693812479730695e-06,2
1779,2.9833333333332575,4.0696777432458475e-06,2
1780,2.984999999999924,4.069970600539818e-06,2
1781,2.9866666666665904,4.070249815413263e-06,2
1782,2.988333333333257,4.070557224622462e-06,2
1783,2.9899999999999234,4.070878276252188e-06,2
1784,2.99166666666659,4.072170668223407e-06,2
1785,2.9933333333332564,4.071462171850726e-06,2
1786,2.994999999999923,4.072529009135906e-06,2
1787,2.9966666666665893,4.071871899213875e-06,2
1788,2.998333333333256,4.073379841429414e-06,2
1789,2.9999999999999223,4.07335710406187e-06,2
1790,3.0016666666665888,4.073461695952574e-06,2
1791,3.0033333333332553,4.073144282301655e-06,2
1792,3.0049999999999217,4.074786829733057e-06,2
1793,3.006666666666588,4.073643594892928e-06,2
1794,3.0083333333332547,4.074240678164642e-06,2
1795,3.009999999999921,4.074455318914261e-06,2
1796,3.0116666666665877,4.074923253938323e-06,2
1797,3.013333333333254,4.0750910557108e-06,2
1798,3.0149999999999206,4.075267952430295e-06,2
1799,3.016666666666587,4.0757577153271995e-06,2
1800,3.0183333333332536,4.0759864532446954e-06,2
1801,3.01999999999992,4.076327059010509e-06,2
1802,3.0216666666665866,4.076550339959795e-06,2
1803,3.023333333333253,4.076604000147199e-06,2
1804,3.0249999999999195,4.076777713635238e-06,2
1805,3.026666666666586,4.077174708072562e-06,2
1806,3.0283333333332525,4.077426183357602e-06,2
1807,3.029999999999919,4.077887297171401e-06,2
1808,3.0316666666665855,4.0781328607408796e-06,2
1809,3.033333333333252,4.078347956237849e-06,2
1810,3.0349999999999184,4.078299298271304e-06,2
1811,3.036666666666585,4.0783493204799015e-06,2
1812,3.0383333333332514,4.078559868503362e-06,2
1813,3.039999999999918,4.078778601979138e-06,2
1814,3.0416666666665844,4.079049176652916e-06,2
1815,3.043333333333251,4.079302016180009e-06,2
1816,3.0449999999999173,4.079457085026661e-06,2
1817,3.046666666666584,4.079460723005468e-06,2
1818,3.0483333333332503,4.079447990079643e-06,2
1819,3.0499999999999168,4.079491645825328e-06,2
1820,3.0516666666665833,4.079524842381943e-06,2
1821,3.0533333333332497,4.079652171640191e-06,2
1822,3.0549999999999162,4.079725840711035e-06,2
1823,3.0566666666665827,4.0797990550345276e-06,2
1824,3.058333333333249,4.079817244928563e-06,2
1825,3.0599999999999157,4.079832251591142e-06,2
1826,3.061666666666582,4.079817244928563e-06,2
1827,3.0633333333332486,4.07982088290737e-06,2
1828,3.064999999999915,4.079804057255387e-06,2
1829,3.0666666666665816,4.079825430380879e-06,2
1830,3.068333333333248,4.079830432601739e-06,2
1831,3.0699999999999146,4.079816335433861e-06,2
1832,3.071666666666581,4.079824975633528e-06,2
1833,3.0733333333332475,4.079829523107037e-06,2
1834,3.074999999999914,4.079829977854388e-06,2
1835,3.0766666666665805,4.07981588068651e-06,2
1836,3.078333333333247,4.0798363443173e-06,2
1837,3.0799999999999135,4.079829977854388e-06,2
1838,3.08166666666658,4.079826794622932e-06,2
1839,3.0833333333332464,4.0798072404868435e-06,2
1840,3.084999999999913,4.079821792402072e-06,2
1841,3.0866666666665794,4.0798272493702825e-06,2
1842,3.088333333333246,4.079833161085844e-06,2
1843,3.0899999999999124,4.079812697455054e-06,2
1844,3.091666666666579,4.0798190639179666e-06,2
1845,3.0933333333332453,4.0798154259391595e-06,2
1846,3.094999999999912,4.079818154423265e-06,2
1847,3.0966666666665783,4.079831796843791e-06,2
1848,3.098333333333245,4.07983088734909e-06,2
1849,3.0999999999999113,4.079821792402072e-06,2
1850,3.1016666666665778,4.079813606949756e-06,2
1851,3.1033333333332442,4.079825430380879e-06,2
1852,3.1049999999999107,4.079828613612335e-06,2
1853,3.106666666666577,4.079828158864984e-06,2
1854,3.1083333333332437,4.079824066138826e-06,2
1855,3.10999999999991,4.079818154423265e-06,2
1856,3.1116666666665767,4.079824520886177e-06,2
1857,3.113333333333243,4.0798236113914754e-06,2
1858,3.1149999999999096,4.079833615833195e-06,2
1859,3.116666666666576,4.079820428160019e-06,2
1860,3.1183333333332426,4.079827704117633e-06,2
1861,3.119999999999909,4.079828613612335e-06,2
1862,3.1216666666665756,4.079833615833195e-06,2
1863,3.123333333333242,4.079829068359686e-06,2
1864,3.1249999999999085,4.079817244928563e-06,2
1865,3.126666666666575,4.079829068359686e-06,2
1866,3.1283333333332415,4.079821792402072e-06,2
1867,3.129999999999908,4.079816790181212e-06,2
1868,3.1316666666665745,4.079828613612335e-06,2
1869,3.133333333333241,4.079819973412668e-06,2
1870,3.1349999999999074,4.079817699675914e-06,2
1871,3.136666666666574,4.0798190639179666e-06,2
1872,3.1383333333332404,4.079805876244791e-06,2
1873,3.139999999999907,4.079821792402072e-06,2
1874,3.1416666666665733,4.079824520886177e-06,2
1875,3.14333333333324,4.079840437043458e-06,2
1876,3.1449999999999063,4.079812697455054e-06,2
1877,3.146666666666573,4.0798272493702825e-06,2
1878,3.1483333333332393,4.079834525327897e-06,2
1879,3.1499999999999058,4.079809968970949e-06,2
1880,3.1516666666665722,4.079818154423265e-06,2
1881,3.1533333333332387,4.079828158864984e-06,2
1882,3.154999999999905,4.07982088290737e-06,2
1883,3.1566666666665717,4.079809968970949e-06,2
1884,3.158333333333238,4.079829068359686e-06,2
1885,3.1599999999999047,4.07983088734909e-06,2
1886,3.161666666666571,4.079814516444458e-06,2
1887,3.1633333333332376,4.079824520886177e-06,2
1888,3.164999999999904,4.079828613612335e-06,2
1889,3.1666666666665706,4.0798154259391595e-06,2
1890,3.168333333333237,4.079814061697107e-06,2
1891,3.1699999999999036,4.079814061697107e-06,2
1892,3.17166666666657,4.079821792402072e-06,2
1893,3.1733333333332365,4.0798236113914754e-06,2
1894,3.174999999999903,4.079817244928563e-06,2
1895,3.1766666666665695,4.079824975633528e-06,2
1896,3.178333333333236,4.0797990550345276e-06,2
1897,3.1799999999999025,4.0798190639179666e-06,2
1898,3.181666666666569,4.079828613612335e-06,2
1899,3.1833333333332354,4.079825430380879e-06,2
1900,3.184999999999902,4.079830432601739e-06,2
1901,3.1866666666665684,4.079818154423265e-06,2
1902,3.188333333333235,4.079827704117633e-06,2
1903,3.1899999999999014,4.079831796843791e-06,2
1904,3.191666666666568,4.0798272493702825e-06,2
1905,3.1933333333332343,4.079814061697107e-06,2
1906,3.194999999999901,4.079817699675914e-06,2
1907,3.1966666666665673,4.0798313420964405e-06,2
1908,3.1983333333332338,4.079820428160019e-06,2
1909,3.1999999999999003,4.079833615833195e-06,2
1910,3.2016666666665667,4.0798236113914754e-06,2
1911,3.2033333333332332,4.079804966750089e-06,2
1912,3.2049999999998997,4.07983088734909e-06,2
1913,3.206666666666566,4.079832251591142e-06,2
1914,3.2083333333332327,4.079808149981545e-06,2
1915,3.209999999999899,4.0798190639179666e-06,2
1916,3.2116666666665656,4.07981588068651e-06,2
1917,3.213333333333232,4.079820428160019e-06,2
1918,3.2149999999998986,4.079834525327897e-06,2
1919,3.216666666666565,4.0798236113914754e-06,2
1920,3.2183333333332316,4.079839982296107e-06,2
1921,3.219999999999898,4.079820428160019e-06,2
1922,3.2216666666665645,4.0798272493702825e-06,2
1923,3.223333333333231,4.079818609170616e-06,2
1924,3.2249999999998975,4.079822247149423e-06,2
1925,3.226666666666564,4.079816790181212e-06,2
1926,3.2283333333332305,4.079826339875581e-06,2
1927,3.229999999999897,4.079821337654721e-06,2
1928,3.2316666666665634,4.079820428160019e-06,2
1929,3.23333333333323,4.079816790181212e-06,2
1930,3.2349999999998964,4.079805876244791e-06,2
1931,3.236666666666563,4.0798154259391595e-06,2
1932,3.2383333333332294,4.079828613612335e-06,2
1933,3.239999999999896,4.079821792402072e-06,2
1934,3.2416666666665623,4.0798113332130015e-06,2
1935,3.243333333333229,4.079816335433861e-06,2
1936,3.2449999999998953,4.07983088734909e-06,2
1937,3.246666666666562,4.0798113332130015e-06,2
1938,3.2483333333332283,4.079819973412668e-06,2
1939,3.2499999999998948,4.079818154423265e-06,2
1940,3.2516666666665612,4.0798363443173e-06,2
1941,3.2533333333332277,4.079818609170616e-06,2
1942,3.254999999999894,4.0798195186653174e-06,2
1943,3.2566666666665607,4.079829977854388e-06,2
1944,3.258333333333227,4.079838618054055e-06,2
1945,3.2599999999998936,4.0798363443173e-06,2
1946,3.26166666666656,4.07983088734909e-06,2
1947,3.2633333333332266,4.079826339875581e-06,2
1948,3.264999999999893,4.079834070580546e-06,2
1949,3.2666666666665596,4.079822701896774e-06,2
1950,3.268333333333226,4.079824066138826e-06,2
1951,3.2699999999998925,4.079818154423265e-06,2
1952,3.271666666666559,4.079832251591142e-06,2
1953,3.2733333333332255,4.079826794622932e-06,2
1954,3.274999999999892,4.0798354348225985e-06,2
1955,3.2766666666665585,4.079826794622932e-06,2
1956,3.278333333333225,4.0798313420964405e-06,2
1957,3.2799999999998914,4.07982088290737e-06,2
1958,3.281666666666558,4.079809059476247e-06,3
1959,3.2833333333332244,4.079827704117633e-06,3
1960,3.284999999999891,4.079816790181212e-06,3
1961,3.2866666666665574,4.079831796843791e-06,3
1962,3.288333333333224,4.079828158864984e-06,3
1963,3.2899999999998903,4.0798272493702825e-06,3
1964,3.291666666666557,4.079824520886177e-06,3
1965,3.2933333333332233,4.079816335433861e-06,3
1966,3.29499999999989,4.07982088290737e-06,3
1967,3.2966666666665563,4.079834525327897e-06,3
1968,3.2983333333332228,4.079824066138826e-06,3
1969,3.2999999999998892,4.0798154259391595e-06,3
1970,3.3016666666665557,4.0798190639179666e-06,3
1971,3.303333333333222,4.079814971191809e-06,3
1972,3.3049999999998887,4.079829068359686e-06,3
1973,3.306666666666555,4.079833161085844e-06,3
1974,3.3083333333332217,4.079829977854388e-06,3
1975,3.309999999999888,4.0798231566441245e-06,3
1976,3.3116666666665546,4.079817699675914e-06,3
1977,3.313333333333221,4.0798231566441245e-06,3
1978,3.3149999999998876,4.07981588068651e-06,3
1979,3.316666666666554,4.0798436202749144e-06,3
1980,3.3183333333332206,4.079824975633528e-06,3
1981,3.319999999999887,4.0798231566441245e-06,3
1982,3.3216666666665535,4.079816790181212e-06,3
1983,3.32333333333322,4.079831796843791e-06,3
1984,3.3249999999998865,4.07981588068651e-06,3
1985,3.326666666666553,4.079808604728896e-06,3
1986,3.3283333333332195,4.079832706338493e-06,3
1987,3.329999999999886,4.0798113332130015e-06,3
1988,3.3316666666665524,4.0798313420964405e-06,3
1989,3.333333333333219,4.0798236113914754e-06,3
1990,3.3349999999998854,4.079827704117633e-06,3
1991,3.336666666666552,4.079824066138826e-06,3
1992,3.3383333333332184,4.079816335433861e-06,3
1993,3.339999999999885,4.079824520886177e-06,3
1994,3.3416666666665513,4.079825430380879e-06,3
1995,3.343333333333218,4.079833615833195e-06,3
1996,3.3449999999998843,4.079818609170616e-06,3
1997,3.3466666666665508,4.079804512002738e-06,3
1998,3.3483333333332173,4.079842256032862e-06,3
1999,3.3499999999998837,4.079818609170616e-06,3
2000,3.35166666666655,4.07983088734909e-06,3
2001,3.3533333333332167,4.079831796843791e-06,3
2002,3.354999999999883,4.07983088734909e-06,3
2003,3.3566666666665497,4.079846803506371e-06,3
2004,3.358333333333216,4.079824066138826e-06,3
2005,3.3599999999998826,4.079774043930229e-06,3
2006,3.361666666666549,4.079617610841524e-06,3
2007,3.3633333333332156,4.07941570301773e-06,3
2008,3.364999999999882,4.079172413185006e-06,3
2009,3.3666666666665486,4.0789459490042645e-06,3
2010,3.368333333333215,4.078860456502298e-06,3
2011,3.3699999999998815,4.078862730239052e-06,3
2012,3.371666666666548,4.078876372659579e-06,3
2013,3.3733333333332145,4.078755409864243e-06,3
2014,3.374999999999881,4.078184701938881e-06,3
2015,3.3766666666665475,4.078259280504426e-06,3
2016,3.378333333333214,4.076552158949198e-06,3
2017,3.3799999999998804,4.077326593687758e-06,3
2018,3.381666666666547,4.075417109561386e-06,3
2019,3.3833333333332134,4.075699962413637e-06,3
2020,3.38499999999988,4.075578999618301e-06,3
2021,3.3866666666665464,4.075395281688543e-06,3
2022,3.388333333333213,4.075195192854153e-06,3
2023,3.3899999999998793,4.073177024110919e-06,3
2024,3.391666666666546,4.071977855346631e-06,3
2025,3.3933333333332123,4.071529474458657e-06,3
2026,3.394999999999879,4.070529939781409e-06,3
2027,3.3966666666665453,4.069413989782333e-06,3
2028,3.3983333333332117,4.069803253514692e-06,3
2029,3.3999999999998782,4.069247552251909e-06,3
2030,3.4016666666665447,4.068570433446439e-06,3
2031,3.403333333333211,4.066929705004441e-06,3
2032,3.4049999999998777,4.066291694471147e-06,3
2033,3.406666666666544,4.065037501277402e-06,3
2034,3.4083333333332106,4.063684173161164e-06,3
2035,3.409999999999877,4.063117557961959e-06,3
2036,3.4116666666665436,4.062505013280315e-06,3
2037,3.41333333333321,4.061960680701304e-06,3
2038,3.4149999999998766,4.061257186549483e-06,3
2039,3.416666666666543,4.0615309444547165e-06,3
2040,3.4183333333332095,4.060043465869967e-06,3
2041,3.419999999999876,4.058165359310806e-06,3
2042,3.4216666666665425,4.0581385292171035e-06,3
2043,3.423333333333209,4.056897978443885e-06,3
2044,3.4249999999998755,4.05573609896237e-06,3
2045,3.426666666666542,4.054051260027336e-06,3
2046,3.4283333333332084,4.054099008499179e-06,3
2047,3.429999999999875,4.051760697620921e-06,3
2048,3.4316666666665414,4.05156015403918e-06,3
2049,3.433333333333208,4.050898041896289e-06,3
2050,3.4349999999998744,4.050238658237504e-06,3
2051,3.436666666666541,4.047029051434947e-06,3
2052,3.4383333333332073,4.045700279675657e-06,3
2053,3.439999999999874,4.046972208016086e-06,3
2054,3.4416666666665403,4.045593414048199e-06,3
2055,3.443333333333207,4.044511115353089e-06,3
2056,3.4449999999998733,4.043426088173874e-06,3
2057,3.4466666666665398,4.041779448016314e-06,3
2058,3.4483333333332062,4.042472937726416e-06,3
2059,3.4499999999998727,4.042643922730349e-06,3
2060,3.451666666666539,4.039654413645621e-06,3
2061,3.4533333333332057,4.039418854517862e-06,3
2062,3.454999999999872,4.038013685203623e-06,3
2063,3.4566666666665387,4.038437509734649e-06,3
2064,3.458333333333205,4.036719474243e-06,3
2065,3.4599999999998716,4.036111477034865e-06,3
2066,3.461666666666538,4.034556695842184e-06,3
2067,3.4633333333332046,4.033650384371867e-06,3
2068,3.464999999999871,4.0331028685614e-06,3
2069,3.4666666666665376,4.031268872495275e-06,3
2070,3.468333333333204,4.0320919652003795e-06,3
2071,3.4699999999998705,4.029190677101724e-06,3
2072,3.471666666666537,4.030431682622293e-06,3
2073,3.4733333333332035,4.026917395094642e-06,3
2074,3.47499999999987,4.027244813187281e-06,3
2075,3.4766666666665365,4.028157036373159e-06,3
2076,3.478333333333203,4.0223267205874436e-06,3
2077,3.4799999999998694,4.0202962736657355e-06,3
2078,3.481666666666536,4.021896984340856e-06,3
2079,3.4833333333332024,4.022598204755923e-06,3
2080,3.484999999999869,4.022060693387175e-06,3
2081,3.4866666666665354,4.022762823296944e-06,3
2082,3.488333333333202,4.020749202027218e-06,3
2083,3.4899999999998683,4.020001597382361e-06,3
2084,3.491666666666535,4.019535936095053e-06,3
2085,3.4933333333332013,4.018836989416741e-06,3
2086,3.4949999999998678,4.017758328700438e-06,3
2087,3.4966666666665343,4.016568709630519e-06,3
2088,3.4983333333332007,4.015532340417849e-06,3
2089,3.499999999999867,4.016662387584802e-06,3
2090,3.5016666666665337,4.016886578028789e-06,3
2091,3.5033333333332,4.016583716293098e-06,3
2092,3.5049999999998667,4.016601906187134e-06,3
2093,3.506666666666533,4.0166232793126255e-06,3
2094,3.5083333333331996,4.016590537503362e-06,3
2095,3.509999999999866,4.016654656879837e-06,3
2096,3.5116666666665326,4.016642378701363e-06,3
2097,3.513333333333199,4.016581897303695e-06,3
2098,3.5149999999998656,4.016650109406328e-06,3
2099,3.516666666666532,4.016618277091766e-06,3
2100,3.5183333333331985,4.016530510853045e-06,3
2101,3.519999999999865,4.016625098302029e-06,3
2102,3.5216666666665315,4.016653747385135e-06,3
2103,3.523333333333198,4.016558250441449e-06,3
2104,3.5249999999998645,4.016634647996398e-06,3
2105,3.526666666666531,4.016616458102362e-06,3
2106,3.5283333333331974,4.016590537503362e-06,3
2107,3.529999999999864,4.016598722955678e-06,3
2108,3.5316666666665304,4.016590082756011e-06,3
2109,3.533333333333197,4.016621005575871e-06,3
2110,3.5349999999998634,4.01662055082852e-06,3
2111,3.53666666666653,4.0166073631553445e-06,3
2112,3.5383333333331963,4.016568254883168e-06,3
2113,3.539999999999863,4.016622369817924e-06,3
2114,3.5416666666665293,4.016536877315957e-06,3
2115,3.543333333333196,4.016670118289767e-06,3
2116,3.5449999999998623,4.016566890641116e-06,3
2117,3.5466666666665287,4.016557340946747e-06,3
2118,3.5483333333331952,4.016600996692432e-06,3
2119,3.5499999999998617,4.016592356492765e-06,3
2120,3.551666666666528,4.016565526399063e-06,3
2121,3.5533333333331947,4.016609636892099e-06,3
2122,3.554999999999861,4.016633738501696e-06,3
2123,3.5566666666665276,4.01662055082852e-06,3
2124,3.558333333333194,4.016560069430852e-06,3
2125,3.5599999999998606,4.016640104964608e-06,3
2126,3.561666666666527,4.016629645775538e-06,3
2127,3.5633333333331936,4.0167233237298205e-06,3
2128,3.56499999999986,4.0165673453884665e-06,3
2129,3.5666666666665265,4.0166191865864675e-06,3
2130,3.568333333333193,4.016537332063308e-06,3
2131,3.5699999999998595,4.016618277091766e-06,3
2132,3.571666666666526,4.016584171040449e-06,3
2133,3.5733333333331925,4.01662555304938e-06,3
2134,3.574999999999859,4.016662387584802e-06,3
2135,3.5766666666665254,4.016702860099031e-06,3
2136,3.578333333333192,4.0165350583265536e-06,3
2137,3.5799999999998584,4.016669663542416e-06,3
2138,3.581666666666525,4.01663055527024e-06,3
2139,3.5833333333331914,4.016570073872572e-06,3
2140,3.584999999999858,4.016556431452045e-06,3
2141,3.5866666666665243,4.016814273199998e-06,3
2142,3.588333333333191,4.0165791688195895e-06,3
2143,3.5899999999998573,4.016697857878171e-06,3
2144,3.591666666666524,4.0165750760934316e-06,3
2145,3.5933333333331903,4.016661023342749e-06,3
2146,3.5949999999998568,4.016620096081169e-06,3
2147,3.5966666666665232,4.016597813460976e-06,3
2148,3.5983333333331897,4.016594175482169e-06,3
2149,3.599999999999856,4.0166873986891005e-06,3
2150,3.6016666666665227,4.01662555304938e-06,3
2151,3.603333333333189,4.016582806798397e-06,3
2152,3.6049999999998557,4.016642833448714e-06,3
2153,3.606666666666522,4.016575985588133e-06,3
2154,3.6083333333331886,4.0165914469980635e-06,3
2155,3.609999999999855,4.016616912849713e-06,3
2156,3.6116666666665216,4.016601906187134e-06,3
2157,3.613333333333188,4.016523689642781e-06,3
2158,3.6149999999998546,4.01667193727917e-06,3
2159,3.616666666666521,4.016566435893765e-06,3
2160,3.6183333333331875,4.016552338725887e-06,3
2161,3.619999999999854,4.016680577478837e-06,3
2162,3.6216666666665205,4.0165955397242215e-06,3
2163,3.623333333333187,4.016656930616591e-06,3
2164,3.6249999999998535,4.016636466985801e-06,3
2165,3.62666666666652,4.016648290416924e-06,3
2166,3.6283333333331864,4.016609636892099e-06,3
2167,3.629999999999853,4.016536877315957e-06,3
2168,3.6316666666665194,4.0165750760934316e-06,3
2169,3.633333333333186,4.016684670204995e-06,3
2170,3.6349999999998523,4.016607817902695e-06,3
2171,3.636666666666519,4.016673756268574e-06,3
2172,3.6383333333331853,4.0167997212847695e-06,3
2173,3.639999999999852,4.016557795694098e-06,3
2174,3.6416666666665183,4.016625098302029e-06,3
2175,3.6433333333331848,4.016616458102362e-06,3
2176,3.6449999999998512,4.016593265987467e-06,3
2177,3.6466666666665177,4.016645107185468e-06,3
2178,3.648333333333184,4.016561433672905e-06,3
2179,3.6499999999998507,4.016634193249047e-06,3
2180,3.651666666666517,4.0166073631553445e-06,3
2181,3.6533333333331837,4.016577804577537e-06,3
2182,3.65499999999985,4.016921593574807e-06,3
2183,3.6566666666665166,4.016509137727553e-06,3
2184,3.658333333333183,4.0166432881960645e-06,3
2185,3.6599999999998496,4.0165755308407824e-06,3
2186,3.661666666666516,4.016708317067241e-06,3
2187,3.6633333333331826,4.016554157715291e-06,3
2188,3.664999999999849,4.0166614780901e-06,3
2189,3.6666666666665155,4.016573257104028e-06,3
2190,3.668333333333182,4.016628281533485e-06,3
2191,3.6699999999998485,4.016686034447048e-06,3
2192,3.671666666666515,4.016541879536817e-06,3
2193,3.6733333333331815,4.01664101445931e-06,3
2194,3.674999999999848,4.016550064989133e-06,3
2195,3.6766666666665144,4.016766979475506e-06,3
2196,3.678333333333181,4.016600541945081e-06,3
2197,3.6799999999998474,4.016607817902695e-06,3
2198,3.681666666666514,4.016606453660643e-06,3
2199,3.6833333333331804,4.016819275420858e-06,3
2200,3.684999999999847,4.016523689642781e-06,3
2201,3.6866666666665133,4.0167396946344525e-06,3
2202,3.68833333333318,4.016580987808993e-06,3
2203,3.6899999999998463,4.016643742943415e-06,3
2204,3.6916666666665128,4.016586444777204e-06,3
2205,3.6933333333331793,4.016766979475506e-06,3
2206,3.6949999999998457,4.016556431452045e-06,3
2207,3.6966666666665122,4.016652837890433e-06,3
2208,3.6983333333331787,4.0165632526623085e-06,3
2209,3.699999999999845,4.0165791688195895e-06,3
2210,3.7016666666665117,4.016653747385135e-06,3
2211,3.703333333333178,4.016646926174872e-06,3
2212,3.7049999999998446,4.016598722955678e-06,3
2213,3.706666666666511,4.0165991777030285e-06,3
2214,3.7083333333331776,4.016664661321556e-06,3
2215,3.709999999999844,4.016621005575871e-06,3
2216,3.7116666666665106,4.016612820123555e-06,3
2217,3.713333333333177,4.016586899524555e-06,3
2218,3.7149999999998435,4.016636466985801e-06,3
2219,3.71666666666651,4.016610546386801e-06,3
2220,3.7183333333331765,4.0167037695937324e-06,3
2221,3.719999999999843,4.016600541945081e-06,3
2222,3.7216666666665095,4.01653824155801e-06,3
2223,3.723333333333176,4.016618277091766e-06,3
2224,3.7249999999998424,4.016598268208327e-06,3
2225,3.726666666666509,4.016641923954012e-06,3
2226,3.7283333333331754,4.016609182144748e-06,3
2227,3.729999999999842,4.016618277091766e-06,3
2228,3.7316666666665084,4.016652837890433e-06,3
2229,3.733333333333175,4.016566890641116e-06,3
2230,3.7349999999998413,4.016578259324888e-06,3
2231,3.736666666666508,4.016732873424189e-06,3
2232,3.7383333333331743,4.016612365376204e-06,3
2233,3.739999999999841,4.016727871203329e-06,3
2234,3.7416666666665073,4.016806087747682e-06,3
2235,3.7433333333331738,4.016540060547413e-06,3
2236,3.7449999999998402,4.016652837890433e-06,3
2237,3.7466666666665067,4.016627826786134e-06,3
2238,3.748333333333173,4.016644652438117e-06,3
2239,3.7499999999998397,4.016604634671239e-06,3
2240,3.751666666666506,4.016537332063308e-06,3
2241,3.7533333333331727,4.016653747385135e-06,3
2242,3.754999999999839,4.016284037788864e-06,3
2243,3.7566666666665056,4.0155582610168494e-06,3
2244,3.758333333333172,4.016398634121288e-06,3
2245,3.7599999999998386,4.016636466985801e-06,3
2246,3.761666666666505,4.016526872874238e-06,3
2247,3.7633333333331715,4.0167074075725395e-06,3
2248,3.764999999999838,4.016629645775538e-06,3
2249,3.7666666666665045,4.016552338725887e-06,3
2250,3.768333333333171,4.016636921733152e-06,3
2251,3.7699999999998375,4.016637831227854e-06,3
2252,3.771666666666504,4.016655111627188e-06,3
2253,3.7733333333331704,4.0166391954699066e-06,3
2254,3.774999999999837,4.016618277091766e-06,3
2255,3.7766666666665034,4.0165755308407824e-06,3
2256,3.77833333333317,4.016548245999729e-06,3
2257,3.7799999999998364,4.016608727397397e-06,3
2258,3.781666666666503,4.016610546386801e-06,3
2259,3.7833333333331693,4.016568709630519e-06,3
2260,3.784999999999836,4.016613274870906e-06,3
2261,3.7866666666665023,4.0166396502172574e-06,3
2262,3.788333333333169,4.016612365376204e-06,3
2263,3.7899999999998353,4.016755156044383e-06,3
2264,3.7916666666665018,4.0165955397242215e-06,3
2265,3.7933333333331682,4.016625098302029e-06,3
2266,3.7949999999998347,4.016572802356677e-06,3
2267,3.796666666666501,4.01661009163945e-06,3
2268,3.7983333333331677,4.0165846257878e-06,3
2269,3.799999999999834,4.016606453660643e-06,3
2270,3.8016666666665007,4.016642378701363e-06,3
2271,3.803333333333167,4.016546427010326e-06,3
2272,3.8049999999998336,4.016585535282502e-06,3
2273,3.8066666666665,4.01663055527024e-06,3
2274,3.8083333333331666,4.016592811240116e-06,3
2275,3.809999999999833,4.016592811240116e-06,3
2276,3.8116666666664996,4.016614639112959e-06,3
2277,3.813333333333166,4.016606908407994e-06,3
2278,3.8149999999998325,4.016593265987467e-06,3
2279,3.816666666666499,4.016582806798397e-06,3
2280,3.8183333333331655,4.016716957266908e-06,3
2281,3.819999999999832,4.0166837607102934e-06,3
2282,3.8216666666664985,4.0165314203477465e-06,3
2283,3.823333333333165,4.016597813460976e-06,3
2284,3.8249999999998314,4.016616912849713e-06,3
2285,3.826666666666498,4.016733782918891e-06,3
2286,3.8283333333331644,4.016532329842448e-06,3
2287,3.829999999999831,4.016586444777204e-06,3
2288,3.8316666666664974,4.0166150938603096e-06,3
2289,3.833333333333164,4.016575985588133e-06,3
2290,3.8349999999998303,4.0165796235669404e-06,3
2291,3.836666666666497,4.016646926174872e-06,3
2292,3.8383333333331633,4.016577349830186e-06,3
2293,3.8399999999998298,4.01667193727917e-06,3
2294,3.8416666666664963,4.016596903966274e-06,3
2295,3.8433333333331627,4.016761067759944e-06,3
2296,3.844999999999829,4.016648745164275e-06,3
2297,3.8466666666664957,4.016696948383469e-06,3
2298,3.848333333333162,4.0166191865864675e-06,3
2299,3.8499999999998287,4.016504590254044e-06,3
2300,3.851666666666495,4.016565071651712e-06,3
2301,3.8533333333331616,4.016674211015925e-06,3
2302,3.854999999999828,4.016629645775538e-06,3
2303,3.8566666666664946,4.0165473365050275e-06,3
2304,3.858333333333161,4.016631919512292e-06,3
2305,3.8599999999998276,4.016604634671239e-06,3
2306,3.861666666666494,4.0165714381146245e-06,3
2307,3.8633333333331605,4.016650564153679e-06,3
2308,3.864999999999827,4.0166073631553445e-06,3
2309,3.8666666666664935,4.016646471427521e-06,3
2310,3.86833333333316,4.01660508941859e-06,3
2311,3.8699999999998265,4.016628736280836e-06,3
2312,3.871666666666493,4.016572802356677e-06,3
2313,3.8733333333331594,4.016701041109627e-06,3
2314,3.874999999999826,4.016695129394066e-06,3
2315,3.8766666666664924,4.016598268208327e-06,3
2316,3.878333333333159,4.016592356492765e-06,3
2317,3.8799999999998254,4.016570073872572e-06,3
2318,3.881666666666492,4.01660008719773e-06,3
2319,3.8833333333331583,4.016673756268574e-06,3
2320,3.884999999999825,4.016628281533485e-06,3
2321,3.8866666666664913,4.0165314203477465e-06,3
2322,3.888333333333158,4.016626007796731e-06,3
2323,3.8899999999998243,4.016600541945081e-06,3
2324,3.8916666666664907,4.016637831227854e-06,3
2325,3.8933333333331572,4.016617822344415e-06,3
2326,3.8949999999998237,4.016795173811261e-06,3
2327,3.89666666666649,4.016580533061642e-06,3
2328,3.8983333333331567,4.016633738501696e-06,3
2329,3.899999999999823,4.016766524728155e-06,3
2330,3.9016666666664896,4.016555976704694e-06,3
2331,3.903333333333156,4.016581897303695e-06,3
2332,3.9049999999998226,4.016624643554678e-06,3
2333,3.906666666666489,4.016613729618257e-06,3
2334,3.9083333333331556,4.016572802356677e-06,3
2335,3.909999999999822,4.0166150938603096e-06,3
2336,3.9116666666664885,4.016645561932819e-06,3
2337,3.913333333333155,4.016606908407994e-06,3
2338,3.9149999999998215,4.016627826786134e-06,3
2339,3.916666666666488,4.0166032704291865e-06,3
2340,3.9183333333331545,4.016597813460976e-06,3
2341,3.919999999999821,4.0165555219573434e-06,3
2342,3.9216666666664874,4.016654656879837e-06,3
2343,3.923333333333154,4.01659463022952e-06,3
2344,3.9249999999998204,4.016598268208327e-06,3
2345,3.926666666666487,4.016572802356677e-06,3
2346,3.9283333333331534,4.016647835669573e-06,3
2347,3.92999999999982,4.016604179923888e-06,3
2348,3.9316666666664863,4.016597358713625e-06,3
2349,3.933333333333153,4.016612820123555e-06,3
2350,3.9349999999998193,4.016611910628853e-06,3
2351,3.936666666666486,4.016718321508961e-06,3
2352,3.9383333333331523,4.016737875645049e-06,3
2353,3.9399999999998188,4.016634193249047e-06,3
2354,3.9416666666664852,4.016689217678504e-06,3
2355,3.9433333333331517,4.016577804577537e-06,3
2356,3.944999999999818,4.016616458102362e-06,3
2357,3.9466666666664847,4.016605544165941e-06,3
2358,3.948333333333151,4.01655370296794e-06,3
2359,3.9499999999998177,4.016588263766607e-06,3
2360,3.951666666666484,4.016652383143082e-06,3
2361,3.9533333333331506,4.016585535282502e-06,3
2362,3.954999999999817,4.016602815681836e-06,3
2363,3.9566666666664836,4.016646926174872e-06,3
2364,3.95833333333315,4.016608272650046e-06,3
2365,3.9599999999998166,4.0165991777030285e-06,3
2366,3.961666666666483,4.016647835669573e-06,3
2367,3.9633333333331495,4.016636921733152e-06,3
2368,3.964999999999816,4.01652823711629e-06,3
2369,3.9666666666664825,4.016721049993066e-06,3
2370,3.968333333333149,4.016572802356677e-06,3
2371,3.9699999999998155,4.016674211015925e-06,3
2372,3.971666666666482,4.016584171040449e-06,3
2373,3.9733333333331484,4.016528691863641e-06,3
2374,3.974999999999815,4.016691946162609e-06,3
2375,3.9766666666664814,4.016611001134152e-06,3
2376,3.978333333333148,4.016549610241782e-06,3
2377,3.9799999999998144,4.016736056655645e-06,3
2378,3.981666666666481,4.016521415906027e-06,3
2379,3.9833333333331473,4.016661932837451e-06,3
2380,3.984999999999814,4.0167715269490145e-06,3
2381,3.9866666666664803,4.016514139948413e-06,3
2382,3.9883333333331468,4.016648745164275e-06,3
2383,3.9899999999998133,4.016646471427521e-06,3
2384,3.9916666666664797,4.016584171040449e-06,3
2385,3.993333333333146,4.016603725176537e-06,3
2386,3.9949999999998127,4.01663055527024e-06,3
2387,3.996666666666479,4.016675120510627e-06,3
2388,3.9983333333331457,4.01663601223845e-06,3
2389,3.999999999999812,4.01653824155801e-06,3
2390,4.001666666666479,4.0166396502172574e-06,3
2391,4.003333333333146,4.0174081732402556e-06,3
2392,4.0049999999998125,4.018531853944296e-06,3
2393,4.006666666666479,4.0191948755818885e-06,3
2394,4.008333333333146,4.020166215923382e-06,3
2395,4.009999999999813,4.021017957711592e-06,3
2396,4.01166666666648,4.020665073767304e-06,3
2397,4.013333333333147,4.023024303023703e-06,3
2398,4.014999999999814,4.0232239371107426e-06,3
2399,4.016666666666481,4.023419478471624e-06,3
2400,4.018333333333148,4.022650955448626e-06,3
2401,4.019999999999815,4.026477199658984e-06,3
2402,4.021666666666482,4.020309916086262e-06,3
2403,4.023333333333149,4.026946044177748e-06,3
2404,4.024999999999816,4.0288996387971565e-06,3
2405,4.0266666666664825,4.025048383482499e-06,3
2406,4.0283333333331495,4.0251147765957285e-06,3
2407,4.029999999999816,4.028278453915846e-06,3
2408,4.031666666666483,4.031493517686613e-06,3
2409,4.03333333333315,4.0315953810932115e-06,3
2410,4.034999999999817,4.032162905787118e-06,3
2411,4.036666666666484,4.034930043417262e-06,3
2412,4.038333333333151,4.033735422126483e-06,3
2413,4.039999999999818,4.036403424834134e-06,3
2414,4.041666666666485,4.036472091684118e-06,3
2415,4.043333333333152,4.0377872210228816e-06,3
2416,4.044999999999819,4.037772669107653e-06,3
2417,4.046666666666486,4.036469363200013e-06,3
2418,4.048333333333153,4.040430667373585e-06,3
2419,4.0499999999998195,4.042479304189328e-06,3
2420,4.0516666666664864,4.042580712848576e-06,3
2421,4.053333333333153,4.043335593451047e-06,3
2422,4.05499999999982,4.042891760036582e-06,3
2423,4.056666666666487,4.0446925595460925e-06,3
2424,4.058333333333154,4.0462869037583005e-06,3
2425,4.059999999999821,4.047009042551508e-06,3
2426,4.061666666666488,4.047164566145511e-06,3
2427,4.063333333333155,4.050225470564328e-06,3
2428,4.064999999999822,4.050685674883425e-06,3
2429,4.066666666666489,4.051578343933215e-06,3
2430,4.068333333333156,4.0522145354771055e-06,3
2431,4.069999999999823,4.054624241689453e-06,3
2432,4.07166666666649,4.054645160067594e-06,3
2433,4.0733333333331565,4.056098987348378e-06,3
2434,4.074999999999823,4.056970283272676e-06,3
2435,4.07666666666649,4.057301794091472e-06,3
2436,4.078333333333157,4.0605054891784675e-06,3
2437,4.079999999999824,4.059263119415846e-06,3
2438,4.081666666666491,4.060933406435652e-06,3
2439,4.083333333333158,4.062014340888709e-06,3
2440,4.084999999999825,4.061331310367677e-06,3
2441,4.086666666666492,4.062264451931696e-06,3
2442,4.088333333333159,4.063023880007677e-06,3
2443,4.089999999999826,4.063254891661927e-06,3
2444,4.091666666666493,4.064725999342045e-06,3
2445,4.09333333333316,4.065932444063947e-06,3
2446,4.094999999999827,4.066686869919067e-06,3
2447,4.0966666666664935,4.068337148055434e-06,3
2448,4.09833333333316,4.068389444000786e-06,3
2449,4.099999999999827,4.069418082508491e-06,3
2450,4.101666666666494,4.07007928515668e-06,3
2451,4.103333333333161,4.0698382690607104e-06,3
2452,4.104999999999828,4.070789600518765e-06,3
2453,4.106666666666495,4.071661351190414e-06,3
2454,4.108333333333162,4.072566753166029e-06,3
2455,4.109999999999829,4.073984200658742e-06,3
2456,4.111666666666496,4.074945991305867e-06,3
2457,4.113333333333163,4.075062406627694e-06,3
2458,4.11499999999983,4.076478035131004e-06,3
2459,4.116666666666497,4.074969183420762e-06,3
2460,4.1183333333331635,4.076202912983717e-06,3
2461,4.1199999999998305,4.076042841916205e-06,3
2462,4.121666666666497,4.077132416568929e-06,3
2463,4.123333333333164,4.07772768085124e-06,3
2464,4.124999999999831,4.0784893826639745e-06,3
2465,4.126666666666498,4.078886831848649e-06,3
2466,4.128333333333165,4.078971414855914e-06,3
2467,4.129999999999832,4.078775873495033e-06,3
2468,4.131666666666499,4.078968686371809e-06,3
2469,4.133333333333166,4.0790982893668115e-06,3
2470,4.134999999999833,4.07934885515715e-06,3
2471,4.1366666666665,4.079629434272647e-06,3
2472,4.138333333333167,4.079761311004404e-06,3
2473,4.139999999999834,4.079859991179546e-06,3
2474,4.1416666666665005,4.079817244928563e-06,3
2475,4.1433333333331674,4.079794052813668e-06,3
2476,4.144999999999834,4.0797954170557205e-06,3
2477,4.146666666666501,4.079792233824264e-06,3
2478,4.148333333333168,4.07978495786665e-06,3
2479,4.149999999999835,4.079798600287177e-06,3
2480,4.151666666666502,4.079793598066317e-06,3
2481,4.153333333333169,4.079790869582212e-06,3
2482,4.154999999999836,4.079802238265984e-06,3
2483,4.156666666666503,4.07978495786665e-06,3
2484,4.15833333333317,4.079783593624597e-06,3
2485,4.159999999999837,4.0798104237183e-06,3
2486,4.161666666666504,4.079782684129896e-06,3
2487,4.163333333333171,4.079808149981545e-06,3
2488,4.1649999999998375,4.079788595845457e-06,3
2489,4.166666666666504,4.079794052813668e-06,3
2490,4.168333333333171,4.0797913243295625e-06,3
2491,4.169999999999838,4.079784503119299e-06,3
2492,4.171666666666505,4.079798600287177e-06,3
2493,4.173333333333172,4.079781774635194e-06,3
2494,4.174999999999839,4.079798600287177e-06,3
2495,4.176666666666506,4.07979496230837e-06,3
2496,4.178333333333173,4.079791779076913e-06,3
2497,4.17999999999984,4.079798600287177e-06,3
2498,4.181666666666507,4.079785867361352e-06,3
2499,4.183333333333174,4.079805876244791e-06,3
2500,4.184999999999841,4.079792233824264e-06,3
2501,4.1866666666665076,4.079793143318966e-06,3
2502,4.1883333333331745,4.079793598066317e-06,3
2503,4.189999999999841,4.079794507561019e-06,3
2504,4.191666666666508,4.079785412614001e-06,3
2505,4.193333333333175,4.079795871803071e-06,3
2506,4.194999999999842,4.079788595845457e-06,3
2507,4.196666666666509,4.079790869582212e-06,3
2508,4.198333333333176,4.079787686350755e-06,3
2509,4.199999999999843,4.07978996008751e-06,3
2510,4.20166666666651,4.0797872316034045e-06,3
2511,4.203333333333177,4.079783593624597e-06,3
2512,4.204999999999844,4.079807695234194e-06,3
2513,4.206666666666511,4.079798145539826e-06,3
2514,4.208333333333178,4.079804966750089e-06,3
2515,4.2099999999998445,4.079788595845457e-06,3
2516,4.2116666666665115,4.079803602508036e-06,3
2517,4.213333333333178,4.0797872316034045e-06,3
2518,4.214999999999845,4.0797995097818784e-06,3
2519,4.216666666666512,4.079789050592808e-06,3
2520,4.218333333333179,4.079797236045124e-06,3
2521,4.219999999999846,4.079806330992142e-06,3
2522,4.221666666666513,4.079802238265984e-06,3
2523,4.22333333333318,4.079799964529229e-06,3
2524,4.224999999999847,4.079788595845457e-06,3
2525,4.226666666666514,4.079804512002738e-06,3
2526,4.228333333333181,4.079802238265984e-06,3
2527,4.229999999999848,4.0797913243295625e-06,3
2528,4.231666666666515,4.079809059476247e-06,3
2529,4.2333333333331815,4.079792688571615e-06,3
2530,4.234999999999848,4.079788141098106e-06,3
2531,4.236666666666515,4.079780865140492e-06,3
2532,4.238333333333182,4.079798600287177e-06,3
2533,4.239999999999849,4.079807695234194e-06,3
2534,4.241666666666516,4.079804057255387e-06,3
2535,4.243333333333183,4.079789505340159e-06,3
2536,4.24499999999985,4.079791779076913e-06,3
2537,4.246666666666517,4.079788595845457e-06,3
2538,4.248333333333184,4.079797690792475e-06,3
2539,4.249999999999851,4.079784048371948e-06,3
2540,4.251666666666518,4.079789505340159e-06,3
2541,4.253333333333185,4.079804057255387e-06,3
2542,4.254999999999852,4.07978996008751e-06,3
2543,4.2566666666665185,4.079808149981545e-06,3
2544,4.258333333333185,4.079802693013335e-06,3
2545,4.259999999999852,4.079790869582212e-06,3
2546,4.261666666666519,4.079796781297773e-06,3
2547,4.263333333333186,4.079794507561019e-06,3
2548,4.264999999999853,4.079784048371948e-06,3
2549,4.26666666666652,4.07979496230837e-06,3
2550,4.268333333333187,4.079790869582212e-06,3
2551,4.269999999999854,4.07980041927658e-06,3
2552,4.271666666666521,4.079787686350755e-06,3
2553,4.273333333333188,4.079794507561019e-06,3
2554,4.274999999999855,4.079800874023931e-06,3
2555,4.276666666666522,4.07978495786665e-06,3
2556,4.2783333333331885,4.079804512002738e-06,3
2557,4.2799999999998555,4.079795871803071e-06,3
2558,4.281666666666522,4.07980542149744e-06,3
2559,4.283333333333189,4.0797954170557205e-06,3
2560,4.284999999999856,4.079791779076913e-06,3
2561,4.286666666666523,4.079782684129896e-06,3
2562,4.28833333333319,4.079790869582212e-06,3
2563,4.289999999999857,4.07980041927658e-06,3
2564,4.291666666666524,4.079812242707703e-06,3
2565,4.293333333333191,4.07980041927658e-06,3
2566,4.294999999999858,4.07978996008751e-06,3
2567,4.296666666666525,4.0797995097818784e-06,3
2568,4.298333333333192,4.079782229382545e-06,3
2569,4.299999999999859,4.079810878465651e-06,3
2570,4.3016666666665255,4.079797690792475e-06,3
2571,4.3033333333331925,4.079804512002738e-06,3
2572,4.304999999999859,4.079797236045124e-06,3
2573,4.306666666666526,4.079798145539826e-06,3
2574,4.308333333333193,4.079802238265984e-06,3
2575,4.30999999999986,4.079803602508036e-06,3
2576,4.311666666666527,4.0797995097818784e-06,3
2577,4.313333333333194,4.079788595845457e-06,3
2578,4.314999999999861,4.079792233824264e-06,3
2579,4.316666666666528,4.079793143318966e-06,3
2580,4.318333333333195,4.079796781297773e-06,3
2581,4.319999999999862,4.07979496230837e-06,3
2582,4.321666666666529,4.079794052813668e-06,3
2583,4.323333333333196,4.079787686350755e-06,3
2584,4.3249999999998625,4.079794052813668e-06,3
2585,4.326666666666529,4.079793598066317e-06,3
2586,4.328333333333196,4.079790869582212e-06,3
2587,4.329999999999863,4.0797913243295625e-06,3
2588,4.33166666666653,4.0798113332130015e-06,3
2589,4.333333333333197,4.0797954170557205e-06,3
2590,4.334999999999864,4.079798600287177e-06,3
2591,4.336666666666531,4.079783593624597e-06,3
2592,4.338333333333198,4.079796326550422e-06,3
2593,4.339999999999865,4.079804057255387e-06,3
2594,4.341666666666532,4.079790414834861e-06,3
2595,4.343333333333199,4.07978495786665e-06,3
2596,4.344999999999866,4.0797913243295625e-06,3
2597,4.346666666666533,4.079806330992142e-06,3
2598,4.3483333333331995,4.079784503119299e-06,3
2599,4.349999999999866,4.0797913243295625e-06,3
2600,4.351666666666533,4.079784048371948e-06,3
2601,4.3533333333332,4.079783593624597e-06,3
2602,4.354999999999867,4.079790414834861e-06,3
2603,4.356666666666534,4.079788141098106e-06,3
2604,4.358333333333201,4.079793143318966e-06,3
2605,4.359999999999868,4.079793598066317e-06,3
2606,4.361666666666535,4.079782684129896e-06,3
2607,4.363333333333202,4.079802238265984e-06,3
2608,4.364999999999869,4.079791779076913e-06,3
2609,4.366666666666536,4.079789505340159e-06,3
2610,4.368333333333203,4.079797690792475e-06,3
2611,4.3699999999998695,4.07978996008751e-06,4
2612,4.3716666666665365,4.079796781297773e-06,4
2613,4.373333333333203,4.0797913243295625e-06,4
2614,4.37499999999987,4.079807695234194e-06,4
2615,4.376666666666537,4.079805876244791e-06,4
2616,4.378333333333204,4.0797954170557205e-06,4
2617,4.379999999999871,4.079805876244791e-06,4
2618,4.381666666666538,4.0798113332130015e-06,4
2619,4.383333333333205,4.079786322108703e-06,4
2620,4.384999999999872,4.079802693013335e-06,4
2621,4.386666666666539,4.0798031477606855e-06,4
2622,4.388333333333206,4.079792233824264e-06,4
2623,4.389999999999873,4.07977995564579e-06,4
2624,4.39166666666654,4.079796781297773e-06,4
2625,4.3933333333332065,4.079802238265984e-06,4
2626,4.3949999999998735,4.079799964529229e-06,4
2627,4.39666666666654,4.079792233824264e-06,4
2628,4.398333333333207,4.079798600287177e-06,4
2629,4.399999999999874,4.079789505340159e-06,4
2630,4.401666666666541,4.079795871803071e-06,4
2631,4.403333333333208,4.079793143318966e-06,4
2632,4.404999999999875,4.07978996008751e-06,4
2633,4.406666666666542,4.079796781297773e-06,4
2634,4.408333333333209,4.07980542149744e-06,4
2635,4.409999999999876,4.079801783518633e-06,4
2636,4.411666666666543,4.079796326550422e-06,4
2637,4.41333333333321,4.079804966750089e-06,4
2638,4.414999999999877,4.07978996008751e-06,4
2639,4.4166666666665435,4.079785412614001e-06,4
2640,4.41833333333321,4.079796781297773e-06,4
2641,4.419999999999877,4.079801328771282e-06,4
2642,4.421666666666544,4.079809059476247e-06,4
2643,4.423333333333211,4.079796326550422e-06,4
2644,4.424999999999878,4.079789050592808e-06,4
2645,4.426666666666545,4.079800874023931e-06,4
2646,4.428333333333212,4.079789050592808e-06,4
2647,4.429999999999879,4.079794507561019e-06,4
2648,4.431666666666546,4.079802238265984e-06,4
2649,4.433333333333213,4.0797913243295625e-06,4
2650,4.43499999999988,4.079800874023931e-06,4
2651,4.436666666666547,4.079791779076913e-06,4
2652,4.438333333333214,4.079791779076913e-06,4
2653,4.4399999999998805,4.079793143318966e-06,4
2654,4.441666666666547,4.079807695234194e-06,4
2655,4.443333333333214,4.079784503119299e-06,4
2656,4.444999999999881,4.079797236045124e-06,4
2657,4.446666666666548,4.079788595845457e-06,4
2658,4.448333333333215,4.079684913449455e-06,4
2659,4.449999999999882,4.079430254932959e-06,4
2660,4.451666666666549,4.0792206164042e-06,4
2661,4.453333333333216,4.079026894032722e-06,4
2662,4.454999999999883,4.078875463164877e-06,4
2663,4.45666666666655,4.078909569216194e-06,4
2664,4.458333333333217,4.078882739122491e-06,4
2665,4.459999999999884,4.078813162777806e-06,4
2666,4.4616666666665505,4.0785535020404495e-06,4
2667,4.4633333333332175,4.077685389347607e-06,4
2668,4.464999999999884,4.07695824833354e-06,4
2669,4.466666666666551,4.0761747186479624e-06,4
2670,4.468333333333218,4.075567630934529e-06,4
2671,4.469999999999885,4.075286597071681e-06,4
2672,4.471666666666552,4.075371180078946e-06,4
2673,4.473333333333219,4.0753170651441906e-06,4
2674,4.474999999999886,4.074987828062149e-06,4
2675,4.476666666666553,4.073638137924718e-06,4
2676,4.47833333333322,4.072560386703117e-06,4
2677,4.479999999999887,4.07131028623553e-06,4
2678,4.481666666666554,4.070336217409931e-06,4
2679,4.483333333333221,4.06916069550789e-06,4
2680,4.4849999999998875,4.068603630003054e-06,4
2681,4.4866666666665544,4.068485850439174e-06,4
2682,4.488333333333221,4.067960162501549e-06,4
2683,4.489999999999888,4.067967893206514e-06,4
2684,4.491666666666555,4.0665058804734144e-06,4
2685,4.493333333333222,4.064727818331448e-06,4
2686,4.494999999999889,4.063773303641938e-06,4
2687,4.496666666666556,4.0622921915201005e-06,4
2688,4.498333333333223,4.0613308556203265e-06,4
2689,4.49999999999989,4.0602653825771995e-06,4
2690,4.501666666666557,4.059657840116415e-06,4
2691,4.503333333333224,4.059334969497286e-06,4
2692,4.504999999999891,4.05888567911461e-06,4
2693,4.506666666666558,4.059511866216781e-06,4
2694,4.5083333333332245,4.056887974002166e-06,4
2695,4.509999999999891,4.057775640831096e-06,4
2696,4.511666666666558,4.0543936847825535e-06,4
2697,4.513333333333225,4.0551785787101835e-06,4
2698,4.514999999999892,4.051111773151206e-06,4
2699,4.516666666666559,4.05256059821113e-06,4
2700,4.518333333333226,4.04880529458751e-06,4
2701,4.519999999999893,4.049962171848165e-06,4
2702,4.52166666666656,4.046752110298257e-06,4
2703,4.523333333333227,4.04619959226693e-06,4
2704,4.524999999999894,4.045242349093314e-06,4
2705,4.526666666666561,4.044376964884577e-06,4
2706,4.528333333333228,4.042743967147544e-06,4
2707,4.5299999999998946,4.042031378048705e-06,4
2708,4.5316666666665615,4.040227395307738e-06,4
2709,4.533333333333228,4.039410214318195e-06,4
2710,4.534999999999895,4.038693077745847e-06,4
2711,4.536666666666562,4.037692178826546e-06,4
2712,4.538333333333229,4.036084646941163e-06,4
2713,4.539999999999896,4.035179699712899e-06,4
2714,4.541666666666563,4.034135599795263e-06,4
2715,4.54333333333323,4.03313879360212e-06,4
2716,4.544999999999897,4.0322320273844525e-06,4
2717,4.546666666666564,4.031222033518134e-06,4
2718,4.548333333333231,4.030144737043884e-06,4
2719,4.549999999999898,4.029112915304722e-06,4
2720,4.551666666666565,4.028136117995018e-06,4
2721,4.5533333333332315,4.027130671602208e-06,4
2722,4.5549999999998985,4.026101578347152e-06,4
2723,4.556666666666565,4.025096131954342e-06,4
2724,4.558333333333232,4.024092959298287e-06,4
2725,4.559999999999899,4.023066594527336e-06,4
2726,4.561666666666566,4.022081611765316e-06,4
2727,4.563333333333233,4.021070253656944e-06,4
2728,4.5649999999999,4.0200798139267135e-06,4
2729,4.566666666666567,4.019073003291851e-06,4
2730,4.568333333333234,4.018076197098708e-06,4
2731,4.569999999999901,4.017074388684705e-06,4
2732,4.571666666666568,4.016079856228316e-06,4
2733,4.573333333333235,4.015062131657032e-06,4
2734,4.574999999999902,4.01405532102217e-06,4
2735,4.5766666666665685,4.013033503724728e-06,4
2736,4.5783333333332354,4.012032150058076e-06,4
2737,4.579999999999902,4.011020337202353e-06,4
2738,4.581666666666569,4.010012162325438e-06,4
2739,4.583333333333236,4.008970790891908e-06,4
2740,4.584999999999903,4.007926690974273e-06,4
2741,4.58666666666657,4.006944891443709e-06,4
2742,4.588333333333237,4.006790732091758e-06,4
2743,4.589999999999904,4.00658655053121e-06,4
2744,4.591666666666571,4.006717517768266e-06,4
2745,4.593333333333238,4.006689323432511e-06,4
2746,4.594999999999905,4.006689323432511e-06,4
2747,4.596666666666572,4.006692506663967e-06,4
2748,4.598333333333239,4.006682502222247e-06,4
2749,4.5999999999999055,4.00667886424344e-06,4
2750,4.601666666666572,4.0066838664643e-06,4
2751,4.603333333333239,4.006685230706353e-06,4
2752,4.604999999999906,4.0066861402010545e-06,4
2753,4.606666666666573,4.00669387090602e-06,4
2754,4.60833333333324,4.006689778179862e-06,4
2755,4.609999999999907,4.00668886868516e-06,4
2756,4.611666666666574,4.006692961411318e-06,4
2757,4.613333333333241,4.006692961411318e-06,4
2758,4.614999999999908,4.0066820474748965e-06,4
2759,4.616666666666575,4.006676590506686e-06,4
2760,4.618333333333242,4.006689778179862e-06,4
2761,4.619999999999909,4.00668886868516e-06,4
2762,4.6216666666665756,4.006685685453704e-06,4
2763,4.6233333333332425,4.006676590506686e-06,4
2764,4.624999999999909,4.00669387090602e-06,4
2765,4.626666666666576,4.0066743167699315e-06,4
2766,4.628333333333243,4.006692506663967e-06,4
2767,4.62999999999991,4.006698873126879e-06,4
2768,4.631666666666577,4.0066861402010545e-06,4
2769,4.633333333333244,4.0066743167699315e-06,4
2770,4.634999999999911,4.006683411716949e-06,4
2771,4.636666666666578,4.006692506663967e-06,4
2772,4.638333333333245,4.006692506663967e-06,4
2773,4.639999999999912,4.00668886868516e-06,4
2774,4.641666666666579,4.006694780400721e-06,4
2775,4.643333333333246,4.006688413937809e-06,4
2776,4.6449999999999125,4.006679318990791e-06,4
2777,4.6466666666665795,4.006691142421914e-06,4
2778,4.648333333333246,4.006684321211651e-06,4
2779,4.649999999999913,4.006672043033177e-06,4
2780,4.65166666666658,4.006688413937809e-06,4
2781,4.653333333333247,4.006670678791124e-06,4
2782,4.654999999999914,4.006687959190458e-06,4
2783,4.656666666666581,4.006700692116283e-06,4
2784,4.658333333333248,4.006685230706353e-06,4
2785,4.659999999999915,4.006687504443107e-06,4
2786,4.661666666666582,4.006677045254037e-06,4
2787,4.663333333333249,4.006681137980195e-06,4
2788,4.664999999999916,4.00668886868516e-06,4
2789,4.666666666666583,4.006686594948405e-06,4
2790,4.6683333333332495,4.00668886868516e-06,4
2791,4.669999999999916,4.006679318990791e-06,4
2792,4.671666666666583,4.006687959190458e-06,4
2793,4.67333333333325,4.006680228485493e-06,4
2794,4.674999999999917,4.006675226264633e-06,4
2795,4.676666666666584,4.0066902329272125e-06,4
2796,4.678333333333251,4.006676590506686e-06,4
2797,4.679999999999918,4.0066838664643e-06,4
2798,4.681666666666585,4.006677500001388e-06,4
2799,4.683333333333252,4.006672952527879e-06,4
2800,4.684999999999919,4.006679318990791e-06,4
2801,4.686666666666586,4.006688413937809e-06,4
2802,4.688333333333253,4.006684321211651e-06,4
2803,4.68999999999992,4.006677500001388e-06,4
2804,4.6916666666665865,4.006681137980195e-06,4
2805,4.693333333333253,4.00669387090602e-06,4
2806,4.69499999999992,4.00669387090602e-06,4
2807,4.696666666666587,4.0066861402010545e-06,4
2808,4.698333333333254,4.006687504443107e-06,4
2809,4.699999999999921,4.006687049695756e-06,4
2810,4.701666666666588,4.00667340727523e-06,4
2811,4.703333333333255,4.006692506663967e-06,4
2812,4.704999999999922,4.006687504443107e-06,4
2813,4.706666666666589,4.006679318990791e-06,4
2814,4.708333333333256,4.006684321211651e-06,4
2815,4.709999999999923,4.006696599390125e-06,4
2816,4.71166666666659,4.00668886868516e-06,4
2817,4.7133333333332565,4.006685230706353e-06,4
2818,4.7149999999999235,4.0066784094960894e-06,4
2819,4.71666666666659,4.006694780400721e-06,4
2820,4.718333333333257,4.006684775959002e-06,4
2821,4.719999999999924,4.006677500001388e-06,4
2822,4.721666666666591,4.006683411716949e-06,4
2823,4.723333333333258,4.0066902329272125e-06,4
2824,4.724999999999925,4.00669387090602e-06,4
2825,4.726666666666592,4.006682502222247e-06,4
2826,4.728333333333259,4.006687959190458e-06,4
2827,4.729999999999926,4.006695235148072e-06,4
2828,4.731666666666593,4.006686594948405e-06,4
2829,4.73333333333326,4.006671588285826e-06,4
2830,4.734999999999927,4.006682956969598e-06,4
2831,4.7366666666665935,4.006671588285826e-06,4
2832,4.7383333333332605,4.0066861402010545e-06,4
2833,4.739999999999927,4.006684321211651e-06,4
2834,4.741666666666594,4.006680228485493e-06,4
2835,4.743333333333261,4.006691142421914e-06,4
2836,4.744999999999928,4.0066861402010545e-06,4
2837,4.746666666666595,4.0066743167699315e-06,4
2838,4.748333333333262,4.0066979636321776e-06,4
2839,4.749999999999929,4.006677045254037e-06,4
2840,4.751666666666596,4.006686594948405e-06,4
2841,4.753333333333263,4.006684775959002e-06,4
2842,4.75499999999993,4.006680683232844e-06,4
2843,4.756666666666597,4.006673862022581e-06,4
2844,4.758333333333264,4.006679773738142e-06,4
2845,4.7599999999999305,4.006691597169265e-06,4
2846,4.761666666666597,4.006686594948405e-06,4
2847,4.763333333333264,4.0066779547487386e-06,4
2848,4.764999999999931,4.006682956969598e-06,4
2849,4.766666666666598,4.006695235148072e-06,4
2850,4.768333333333265,4.006679318990791e-06,4
2851,4.769999999999932,4.006685230706353e-06,4
2852,4.771666666666599,4.0066902329272125e-06,4
2853,4.773333333333266,4.006681592727546e-06,4
2854,4.774999999999933,4.006680228485493e-06,4
2855,4.7766666666666,4.0066902329272125e-06,4
2856,4.778333333333267,4.006697508884827e-06,4
2857,4.779999999999934,4.0066784094960894e-06,4
2858,4.781666666666601,4.006679318990791e-06,4
2859,4.7833333333332675,4.006672497780528e-06,4
2860,4.784999999999934,4.006680228485493e-06,4
2861,4.786666666666601,4.006682956969598e-06,4
2862,4.788333333333268,4.006688413937809e-06,4
2863,4.789999999999935,4.006683411716949e-06,4
2864,4.791666666666602,4.006682956969598e-06,4
2865,4.793333333333269,4.006688413937809e-06,4
2866,4.794999999999936,4.006684321211651e-06,4
2867,4.796666666666603,4.0067020563583355e-06,4
2868,4.79833333333327,4.006680683232844e-06,4
2869,4.799999999999937,4.0066861402010545e-06,4
2870,4.801666666666604,4.006685685453704e-06,4
2871,4.803333333333271,4.006680683232844e-06,4
2872,4.8049999999999375,4.0066861402010545e-06,4
2873,4.8066666666666045,4.006685685453704e-06,4
2874,4.808333333333271,4.006692961411318e-06,4
2875,4.809999999999938,4.0066784094960894e-06,4
2876,4.811666666666605,4.006692961411318e-06,4
2877,4.813333333333272,4.006688413937809e-06,4
2878,4.814999999999939,4.00669387090602e-06,4
2879,4.816666666666606,4.006680228485493e-06,4
2880,4.818333333333273,4.006681592727546e-06,4
2881,4.81999999999994,4.006692051916616e-06,4
2882,4.821666666666607,4.006692051916616e-06,4
2883,4.823333333333274,4.006683411716949e-06,4
2884,4.824999999999941,4.006671133538475e-06,4
2885,4.826666666666608,4.006687049695756e-06,4
2886,4.8283333333332745,4.006685685453704e-06,4
2887,4.8299999999999415,4.006685230706353e-06,4
2888,4.831666666666608,4.006677500001388e-06,4
2889,4.833333333333275,4.006691597169265e-06,4
2890,4.834999999999942,4.00669387090602e-06,4
2891,4.836666666666609,4.006689778179862e-06,4
2892,4.838333333333276,4.0066743167699315e-06,4
2893,4.839999999999943,4.0066820474748965e-06,4
2894,4.84166666666661,4.006687049695756e-06,4
2895,4.843333333333277,4.006687049695756e-06,4
2896,4.844999999999944,4.006682502222247e-06,4
2897,4.846666666666611,4.006695235148072e-06,4
2898,4.848333333333278,4.0066779547487386e-06,4
2899,4.849999999999945,4.006684775959002e-06,4
2900,4.8516666666666115,4.006685230706353e-06,4
2901,4.853333333333278,4.006700237368932e-06,4
2902,4.854999999999945,4.006682956969598e-06,4
2903,4.856666666666612,4.006680228485493e-06,4
2904,4.858333333333279,4.006680228485493e-06,4
2905,4.859999999999946,4.006675681011984e-06,4
2906,4.861666666666613,4.006696599390125e-06,4
2907,4.86333333333328,4.006685685453704e-06,4
2908,4.864999999999947,4.006692506663967e-06,4
2909,4.866666666666614,4.006684321211651e-06,4
2910,4.868333333333281,4.006683411716949e-06,4
2911,4.869999999999948,4.006692506663967e-06,4
2912,4.871666666666615,4.006683411716949e-06,4
2913,4.873333333333282,4.006683411716949e-06,4
2914,4.8749999999999485,4.006685230706353e-06,4
2915,4.876666666666615,4.006697508884827e-06,4
2916,4.878333333333282,4.006677045254037e-06,4
2917,4.879999999999949,4.006686594948405e-06,4
2918,4.881666666666616,4.006677045254037e-06,4
2919,4.883333333333283,4.006689323432511e-06,4
2920,4.88499999999995,4.006681137980195e-06,4
2921,4.886666666666617,4.006685685453704e-06,4
2922,4.888333333333284,4.006677500001388e-06,4
2923,4.889999999999951,4.006685230706353e-06,4
2924,4.891666666666618,4.006687504443107e-06,4
2925,4.893333333333285,4.0066902329272125e-06,4
2926,4.894999999999952,4.0066861402010545e-06,4
2927,4.8966666666666185,4.006675681011984e-06,4
2928,4.8983333333332855,4.006677500001388e-06,4
2929,4.899999999999952,4.006685685453704e-06,4
2930,4.901666666666619,4.006689323432511e-06,4
2931,4.903333333333286,4.0066861402010545e-06,4
2932,4.904999999999953,4.0066861402010545e-06,4
2933,4.90666666666662,4.006691142421914e-06,4
2934,4.908333333333287,4.006682956969598e-06,4
2935,4.909999999999954,4.006695235148072e-06,4
2936,4.911666666666621,4.006681592727546e-06,4
2937,4.913333333333288,4.006688413937809e-06,4
2938,4.914999999999955,4.006669769296423e-06,4
2939,4.916666666666622,4.006686594948405e-06,4
2940,4.918333333333289,4.006697054137476e-06,4
2941,4.9199999999999555,4.006685230706353e-06,4
2942,4.9216666666666224,4.006675681011984e-06,4
2943,4.923333333333289,4.0066784094960894e-06,4
2944,4.924999999999956,4.006701146863634e-06,4
2945,4.926666666666623,4.006683411716949e-06,4
2946,4.92833333333329,4.00669387090602e-06,4
2947,4.929999999999957,4.0066779547487386e-06,4
2948,4.931666666666624,4.006682956969598e-06,4
2949,4.933333333333291,4.006682956969598e-06,4
2950,4.934999999999958,4.0066902329272125e-06,4
2951,4.936666666666625,4.006679318990791e-06,4
2952,4.938333333333292,4.006675681011984e-06,4
2953,4.939999999999959,4.0066784094960894e-06,4
2954,4.941666666666626,4.006686594948405e-06,4
2955,4.9433333333332925,4.006692051916616e-06,4
2956,4.944999999999959,4.006684321211651e-06,4
2957,4.946666666666626,4.0067020563583355e-06,4
2958,4.948333333333293,4.006687959190458e-06,4
2959,4.94999999999996,4.006685685453704e-06,4
2960,4.951666666666627,4.006676590506686e-06,4
2961,4.953333333333294,4.006666586064966e-06,4
2962,4.954999999999961,4.006689778179862e-06,4
2963,4.956666666666628,4.006690687674563e-06,4
2964,4.958333333333295,4.0066861402010545e-06,4
2965,4.959999999999962,4.006682956969598e-06,4
2966,4.961666666666629,4.006673862022581e-06,4
2967,4.963333333333296,4.006680683232844e-06,4
2968,4.9649999999999626,4.0066743167699315e-06,4
2969,4.9666666666666295,4.0066820474748965e-06,4
2970,4.968333333333296,4.006681137980195e-06,4
2971,4.969999999999963,4.006683411716949e-06,4
2972,4.97166666666663,4.006684321211651e-06,4
2973,4.973333333333297,4.006667495559668e-06,4
2974,4.974999999999964,4.0066838664643e-06,4
2975,4.976666666666631,4.006674771517282e-06,4
2976,4.978333333333298,4.006670678791124e-06,4
2977,4.979999999999965,4.006680228485493e-06,4
2978,4.981666666666632,4.006682502222247e-06,4
2979,4.983333333333299,4.006699782621581e-06,4
2980,4.984999999999966,4.006684775959002e-06,4
2981,4.986666666666633,4.00666840505437e-06,4
2982,4.9883333333332995,4.006674771517282e-06,4
2983,4.9899999999999665,4.0066784094960894e-06,4
2984,4.991666666666633,4.0066779547487386e-06,4
2985,4.9933333333333,4.006676590506686e-06,4
2986,4.994999999999967,4.006690687674563e-06,4
2987,4.996666666666634,4.0066902329272125e-06,4
2988,4.998333333333301,4.006682502222247e-06,4
2989,4.999999999999968,4.006695235148072e-06,4
2990,5.001666666666635,4.006684321211651e-06,4
2991,5.003333333333302,4.006683411716949e-06,4
2992,5.004999999999969,4.006674771517282e-06,4
2993,5.006666666666636,4.006682956969598e-06,4
2994,5.008333333333303,4.006687049695756e-06,4
2995,5.00999999999997,4.006682956969598e-06,4
2996,5.0116666666666365,4.006694780400721e-06,4
2997,5.013333333333303,4.006689778179862e-06,4
2998,5.01499999999997,4.006691142421914e-06,4
2999,5.016666666666637,4.006684775959002e-06,4
3000,5.018333333333304,4.006687504443107e-06,4
3001,5.019999999999971,4.006671133538475e-06,4
3002,5.021666666666638,4.00668886868516e-06,4
3003,5.023333333333305,4.006682956969598e-06,4
3004,5.024999999999972,4.006683411716949e-06,4
3005,5.026666666666639,4.006682502222247e-06,4
3006,5.028333333333306,4.006688413937809e-06,4
3007,5.029999999999973,4.006691142421914e-06,4
3008,5.03166666666664,4.0066902329272125e-06,4
3009,5.033333333333307,4.006681592727546e-06,4
3010,5.0349999999999735,4.006677045254037e-06,4
3011,5.03666666666664,4.00667886424344e-06,4
3012,5.038333333333307,4.006685230706353e-06,4
3013,5.039999999999974,4.006683411716949e-06,4
3014,5.041666666666641,4.006699782621581e-06,4
3015,5.043333333333308,4.006691142421914e-06,4
3016,5.044999999999975,4.006687049695756e-06,4
3017,5.046666666666642,4.006676590506686e-06,4
3018,5.048333333333309,4.006686594948405e-06,4
3019,5.049999999999976,4.006687959190458e-06,4
3020,5.051666666666643,4.00667886424344e-06,4
3021,5.05333333333331,4.006687504443107e-06,4
3022,5.054999999999977,4.006680228485493e-06,4
3023,5.0566666666666436,4.0067020563583355e-06,4
3024,5.0583333333333105,4.006683411716949e-06,4
3025,5.059999999999977,4.006688413937809e-06,4
3026,5.061666666666644,4.006690687674563e-06,4
3027,5.063333333333311,4.006691597169265e-06,4
3028,5.064999999999978,4.006689778179862e-06,4
3029,5.066666666666645,4.006685230706353e-06,4
3030,5.068333333333312,4.006677500001388e-06,4
3031,5.069999999999979,4.006692506663967e-06,4
3032,5.071666666666646,4.0066820474748965e-06,4
3033,5.073333333333313,4.006689323432511e-06,4
3034,5.07499999999998,4.006681137980195e-06,4
3035,5.076666666666647,4.006687049695756e-06,4
3036,5.078333333333314,4.006689778179862e-06,4
3037,5.0799999999999805,4.006695689895423e-06,4
3038,5.0816666666666475,4.006666586064966e-06,4
3039,5.083333333333314,4.00668886868516e-06,4
3040,5.084999999999981,4.006680228485493e-06,4
3041,5.086666666666648,4.0066984183795284e-06,4
3042,5.088333333333315,4.006676135759335e-06,4
3043,5.089999999999982,4.007607913081301e-06,4
3044,5.091666666666649,4.0084682950691786e-06,4
3045,5.093333333333316,4.009574695373885e-06,4
3046,5.094999999999983,4.0105551306623966e-06,4
3047,5.09666666666665,4.011604232800892e-06,4
3048,5.098333333333317,4.0126301428244915e-06,4
3049,5.099999999999984,4.013638317701407e-06,4
3050,5.101666666666651,4.01466604671441e-06,4
3051,5.1033333333333175,4.0156660361390095e-06,4
3052,5.104999999999984,4.016705133835785e-06,4
3053,5.106666666666651,4.01770785174449e-06,4
3054,5.108333333333318,4.018734671262791e-06,4
3055,5.109999999999985,4.019752395834075e-06,4
3056,5.111666666666652,4.020766027679201e-06,4
3057,5.113333333333319,4.021773747808766e-06,4
3058,5.114999999999986,4.022808298032032e-06,4
3059,5.116666666666653,4.023815108666895e-06,4
3060,5.11833333333332,4.024859663331881e-06,4
3061,5.119999999999987,4.026157512271311e-06,4
3062,5.121666666666654,4.026887836516835e-06,4
3063,5.123333333333321,4.028189778182423e-06,4
3064,5.124999999999988,4.029495357826818e-06,4
3065,5.1266666666666545,4.0301092667505145e-06,4
3066,5.128333333333321,4.0311347220267635e-06,4
3067,5.129999999999988,4.032162451039767e-06,4
3068,5.131666666666655,4.033094683109084e-06,4
3069,5.133333333333322,4.035602160001872e-06,4
3070,5.134999999999989,4.034838184452383e-06,4
3071,5.136666666666656,4.03775584345567e-06,4
3072,5.138333333333323,4.036759037262527e-06,4
3073,5.13999999999999,4.041143256472424e-06,4
3074,5.141666666666657,4.039236955577508e-06,4
3075,5.143333333333324,4.043997705593938e-06,4
3076,5.144999999999991,4.042677119286964e-06,4
3077,5.146666666666658,4.044531124236528e-06,4
3078,5.1483333333333245,4.046159574500052e-06,4
3079,5.1499999999999915,4.045689365739236e-06,4
3080,5.151666666666658,4.049321887578117e-06,4
3081,5.153333333333325,4.047080892632948e-06,4
3082,5.154999999999992,4.052703843626659e-06,4
3083,5.156666666666659,4.048325081384974e-06,4
3084,5.158333333333326,4.054134024045197e-06,4
3085,5.159999999999993,4.0519785216019955e-06,4
3086,5.16166666666666,4.055342287756503e-06,4
3087,5.163333333333327,4.057264050061349e-06,4
3088,5.164999999999994,4.055400495417416e-06,4
3089,5.166666666666661,4.059801995026646e-06,4
3090,5.168333333333328,4.058323156641563e-06,4
3091,5.169999999999995,4.058934337081155e-06,4
3092,5.1716666666666615,4.059538241563132e-06,4
3093,5.1733333333333285,4.05976788897533e-06,4
3094,5.174999999999995,4.060770606884034e-06,4
3095,5.176666666666662,4.061614163219929e-06,4
3096,5.178333333333329,4.0628287933941465e-06,4
3097,5.179999999999996,4.064757376909256e-06,4
3098,5.181666666666663,4.065001576236682e-06,4
3099,5.18333333333333,4.0686486499907915e-06,4
3100,5.184999999999997,4.066636392963119e-06,4
3101,5.186666666666664,4.0685922613192815e-06,4
3102,5.188333333333331,4.06856088375207e-06,4
3103,5.189999999999998,4.0687127693672664e-06,4
3104,5.191666666666665,4.069671831530286e-06,4
3105,5.193333333333332,4.070698651048588e-06,4
3106,5.1949999999999985,4.0719169192016125e-06,4
3107,5.196666666666665,4.072771844221279e-06,4
3108,5.198333333333332,4.0737349991104566e-06,4
3109,5.199999999999999,4.0754612200544216e-06,4
3110,5.201666666666666,4.075140168424696e-06,4
3111,5.203333333333333,4.075146534887608e-06,4
3112,5.205,4.075495326105738e-06,4
3113,5.206666666666667,4.075815013493411e-06,4
3114,5.208333333333334,4.076553977938602e-06,4
3115,5.210000000000001,4.077243374922546e-06,4
3116,5.211666666666668,4.078151050634915e-06,4
3117,5.213333333333335,4.078823621966876e-06,4
3118,5.215000000000002,4.078749043401331e-06,4
3119,5.216666666666669,4.078855454281438e-06,4
3120,5.2183333333333355,4.078916390426457e-06,4
3121,5.220000000000002,4.078939127794001e-06,4
3122,5.221666666666669,4.07921015721513e-06,4
3123,5.223333333333336,4.0794002416078e-06,4
3124,5.225000000000003,4.07958486903226e-06,4
3125,5.22666666666667,4.0797872316034045e-06,4
3126,5.228333333333337,4.079762220499106e-06,4
3127,5.230000000000004,4.079758582520299e-06,4
3128,5.231666666666671,4.079805876244791e-06,4
3129,5.233333333333338,4.079790414834861e-06,4
3130,5.235000000000005,4.079791779076913e-06,4
3131,5.236666666666672,4.079818609170616e-06,4
3132,5.238333333333339,4.079787686350755e-06,4
3133,5.2400000000000055,4.079782684129896e-06,4
3134,5.2416666666666725,4.079798600287177e-06,4
3135,5.243333333333339,4.079791779076913e-06,4
3136,5.245000000000006,4.07978495786665e-06,4
3137,5.246666666666673,4.079792688571615e-06,4
3138,5.24833333333334,4.0797872316034045e-06,4
3139,5.250000000000007,4.079788595845457e-06,4
3140,5.251666666666674,4.07979496230837e-06,4
3141,5.253333333333341,4.0797954170557205e-06,4
3142,5.255000000000008,4.0798031477606855e-06,4
3143,5.256666666666675,4.0797995097818784e-06,4
3144,5.258333333333342,4.079802238265984e-06,4
3145,5.260000000000009,4.079800874023931e-06,4
3146,5.261666666666676,4.079794052813668e-06,4
3147,5.2633333333333425,4.079812242707703e-06,4
3148,5.2650000000000095,4.079782684129896e-06,4
3149,5.266666666666676,4.079804966750089e-06,4
3150,5.268333333333343,4.079794507561019e-06,4
3151,5.27000000000001,4.079793598066317e-06,4
3152,5.271666666666677,4.079790414834861e-06,4
3153,5.273333333333344,4.07980041927658e-06,4
3154,5.275000000000011,4.0798072404868435e-06,4
3155,5.276666666666678,4.079793143318966e-06,4
3156,5.278333333333345,4.079789505340159e-06,4
3157,5.280000000000012,4.079784048371948e-06,4
3158,5.281666666666679,4.079806330992142e-06,4
3159,5.283333333333346,4.079802238265984e-06,4
3160,5.285000000000013,4.07978996008751e-06,4
3161,5.2866666666666795,4.079802238265984e-06,4
3162,5.288333333333346,4.079794507561019e-06,4
3163,5.290000000000013,4.07978996008751e-06,4
3164,5.29166666666668,4.079802238265984e-06,4
3165,5.293333333333347,4.079799964529229e-06,4
3166,5.295000000000014,4.079793598066317e-06,4
3167,5.296666666666681,4.079786322108703e-06,4
3168,5.298333333333348,4.079794052813668e-06,4
3169,5.300000000000015,4.079796326550422e-06,4
3170,5.301666666666682,4.079797690792475e-06,4
3171,5.303333333333349,4.07980041927658e-06,4
3172,5.305000000000016,4.07978996008751e-06,4
3173,5.306666666666683,4.079798600287177e-06,4
3174,5.30833333333335,4.079804512002738e-06,4
3175,5.3100000000000165,4.07980041927658e-06,4
3176,5.311666666666683,4.07980542149744e-06,4
3177,5.31333333333335,4.079799964529229e-06,4
3178,5.315000000000017,4.0797872316034045e-06,4
3179,5.316666666666684,4.079792688571615e-06,4
3180,5.318333333333351,4.0797872316034045e-06,4
3181,5.320000000000018,4.079791779076913e-06,4
3182,5.321666666666685,4.0797913243295625e-06,4
3183,5.323333333333352,4.0798031477606855e-06,4
3184,5.325000000000019,4.079791779076913e-06,4
3185,5.326666666666686,4.079792233824264e-06,4
3186,5.328333333333353,4.0797872316034045e-06,4
3187,5.33000000000002,4.079782684129896e-06,4
3188,5.3316666666666865,4.07978495786665e-06,4
3189,5.3333333333333535,4.079796781297773e-06,4
3190,5.33500000000002,4.0797995097818784e-06,4
3191,5.336666666666687,4.079784048371948e-06,4
3192,5.338333333333354,4.079782229382545e-06,4
3193,5.340000000000021,4.07979496230837e-06,4
3194,5.341666666666688,4.079799964529229e-06,4
3195,5.343333333333355,4.079786776856054e-06,4
3196,5.345000000000022,4.079772679688176e-06,4
3197,5.346666666666689,4.07979496230837e-06,4
3198,5.348333333333356,4.079790869582212e-06,4
3199,5.350000000000023,4.079793598066317e-06,4
3200,5.35166666666669,4.0797995097818784e-06,4
3201,5.353333333333357,4.079796326550422e-06,4
3202,5.3550000000000235,4.079800874023931e-06,4
3203,5.3566666666666904,4.0797990550345276e-06,4
3204,5.358333333333357,4.079789050592808e-06,4
3205,5.360000000000024,4.0797954170557205e-06,4
3206,5.361666666666691,4.0797872316034045e-06,4
3207,5.363333333333358,4.079786322108703e-06,4
3208,5.365000000000025,4.079790414834861e-06,4
3209,5.366666666666692,4.07979496230837e-06,4
3210,5.368333333333359,4.079796326550422e-06,4
3211,5.370000000000026,4.079788595845457e-06,4
3212,5.371666666666693,4.079777227161685e-06,4
3213,5.37333333333336,4.0797872316034045e-06,4
3214,5.375000000000027,4.079782684129896e-06,4
3215,5.376666666666694,4.079794052813668e-06,4
3216,5.3783333333333605,4.07980041927658e-06,4
3217,5.380000000000027,4.079801783518633e-06,4
3218,5.381666666666694,4.079802238265984e-06,4
3219,5.383333333333361,4.079792688571615e-06,4
3220,5.385000000000028,4.0797995097818784e-06,4
3221,5.386666666666695,4.079804966750089e-06,4
3222,5.388333333333362,4.079792233824264e-06,4
3223,5.390000000000029,4.079799964529229e-06,4
3224,5.391666666666696,4.07979496230837e-06,4
3225,5.393333333333363,4.0797995097818784e-06,4
3226,5.39500000000003,4.0797990550345276e-06,4
3227,5.396666666666697,4.079793143318966e-06,4
3228,5.398333333333364,4.079798600287177e-06,4
3229,5.4000000000000306,4.079800874023931e-06,4
3230,5.4016666666666975,4.079797236045124e-06,4
3231,5.403333333333364,4.079796781297773e-06,4
3232,5.405000000000031,4.0797995097818784e-06,4
3233,5.406666666666698,4.07979496230837e-06,4
3234,5.408333333333365,4.079799964529229e-06,4
3235,5.410000000000032,4.079796326550422e-06,4
3236,5.411666666666699,4.07979496230837e-06,4
3237,5.413333333333366,4.0797990550345276e-06,4
3238,5.415000000000033,4.079804512002738e-06,4
3239,5.4166666666667,4.079780865140492e-06,4
3240,5.418333333333367,4.079784048371948e-06,4
3241,5.420000000000034,4.0797954170557205e-06,4
3242,5.421666666666701,4.079804512002738e-06,4
3243,5.4233333333333675,4.07980041927658e-06,4
3244,5.4250000000000345,4.079789050592808e-06,4
3245,5.426666666666701,4.079791779076913e-06,4
3246,5.428333333333368,4.079789505340159e-06,4
3247,5.430000000000035,4.079785867361352e-06,4
3248,5.431666666666702,4.079802238265984e-06,4
3249,5.433333333333369,4.079795871803071e-06,4
3250,5.435000000000036,4.079793598066317e-06,4
3251,5.436666666666703,4.079790414834861e-06,4
3252,5.43833333333337,4.079794052813668e-06,4
3253,5.440000000000037,4.079784503119299e-06,4
3254,5.441666666666704,4.079793598066317e-06,4
3255,5.443333333333371,4.079789505340159e-06,4
3256,5.445000000000038,4.07978996008751e-06,4
3257,5.4466666666667045,4.079794052813668e-06,4
3258,5.448333333333371,4.079803602508036e-06,4
3259,5.450000000000038,4.0797995097818784e-06,4
3260,5.451666666666705,4.079794052813668e-06,4
3261,5.453333333333372,4.079796326550422e-06,4
3262,5.455000000000039,4.079792688571615e-06,4
3263,5.456666666666706,4.079792688571615e-06,5
3264,5.458333333333373,4.079797236045124e-06,5
3265,5.46000000000004,4.0798031477606855e-06,5
3266,5.461666666666707,4.0797990550345276e-06,5
3267,5.463333333333374,4.079804966750089e-06,5
3268,5.465000000000041,4.079797690792475e-06,5
3269,5.466666666666708,4.079795871803071e-06,5
3270,5.468333333333375,4.079794507561019e-06,5
3271,5.4700000000000415,4.079798600287177e-06,5
3272,5.471666666666708,4.079785412614001e-06,5
3273,5.473333333333375,4.079797690792475e-06,5
3274,5.475000000000042,4.079798600287177e-06,5
3275,5.476666666666709,4.079797690792475e-06,5
3276,5.478333333333376,4.07978996008751e-06,5
3277,5.480000000000043,4.079796781297773e-06,5
3278,5.48166666666671,4.079801783518633e-06,5
3279,5.483333333333377,4.079804057255387e-06,5
3280,5.485000000000044,4.079799964529229e-06,5
3281,5.486666666666711,4.079788141098106e-06,5
3282,5.488333333333378,4.079790869582212e-06,5
3283,5.490000000000045,4.0797995097818784e-06,5
3284,5.4916666666667115,4.079781774635194e-06,5
3285,5.4933333333333785,4.079790414834861e-06,5
3286,5.495000000000045,4.079797690792475e-06,5
3287,5.496666666666712,4.0797872316034045e-06,5
3288,5.498333333333379,4.079801328771282e-06,5
3289,5.500000000000046,4.079792233824264e-06,5
3290,5.501666666666713,4.079812697455054e-06,5
3291,5.50333333333338,4.079786322108703e-06,5
3292,5.505000000000047,4.079792688571615e-06,5
3293,5.506666666666714,4.0797954170557205e-06,5
3294,5.508333333333381,4.079793143318966e-06,5
3295,5.510000000000048,4.079786776856054e-06,5
3296,5.511666666666715,4.079799964529229e-06,5
3297,5.513333333333382,4.079808149981545e-06,5
3298,5.5150000000000485,4.079793598066317e-06,5
3299,5.5166666666667155,4.079795871803071e-06,5
3300,5.518333333333382,4.079796326550422e-06,5
3301,5.520000000000049,4.079789505340159e-06,5
3302,5.521666666666716,4.079805876244791e-06,5
3303,5.523333333333383,4.079791779076913e-06,5
3304,5.52500000000005,4.079793143318966e-06,5
3305,5.526666666666717,4.079791779076913e-06,5
3306,5.528333333333384,4.079808604728896e-06,5
3307,5.530000000000051,4.079806785739493e-06,5
3308,5.531666666666718,4.079789505340159e-06,5
3309,5.533333333333385,4.079792233824264e-06,5
3310,5.535000000000052,4.0798031477606855e-06,5
3311,5.536666666666719,4.079790414834861e-06,5
3312,5.5383333333333855,4.079772679688176e-06,5
3313,5.540000000000052,4.079632162756752e-06,5
3314,5.541666666666719,4.079430254932959e-06,5
3315,5.543333333333386,4.079259724676376e-06,5
3316,5.545000000000053,4.079107384313829e-06,5
3317,5.54666666666672,4.079016889591003e-06,5
3318,5.548333333333387,4.079069185536355e-06,5
3319,5.550000000000054,4.079077370988671e-06,5
3320,5.551666666666721,4.079024620295968e-06,5
3321,5.553333333333388,4.078488473169273e-06,5
3322,5.555000000000055,4.0778645598038565e-06,5
3323,5.556666666666722,4.077319317730144e-06,5
3324,5.558333333333389,4.076783625350799e-06,5
3325,5.560000000000056,4.076483946846565e-06,5
3326,5.5616666666667225,4.076475306646898e-06,5
3327,5.563333333333389,4.076518507645233e-06,5
3328,5.565000000000056,4.076370260008844e-06,5
3329,5.566666666666723,4.07555262427195e-06,5
3330,5.56833333333339,4.07476272812346e-06,5
3331,5.570000000000057,4.07387005907367e-06,5
3332,5.571666666666724,4.073075615451671e-06,5
3333,5.573333333333391,4.072444880875992e-06,5
3334,5.575000000000058,4.071996499988018e-06,5
3335,5.576666666666725,4.071810963068856e-06,5
3336,5.578333333333392,4.071851890330436e-06,5
3337,5.580000000000059,4.0708473534323275e-06,5
3338,5.581666666666726,4.070391696586739e-06,5
3339,5.5833333333333925,4.069172064191662e-06,5
3340,5.5850000000000595,4.068454018124612e-06,5
3341,5.586666666666726,4.0672625800652895e-06,5
3342,5.588333333333393,4.0666095628694165e-06,5
3343,5.59000000000006,4.066049768880475e-06,5
3344,5.591666666666727,4.06564686272759e-06,5
3345,5.593333333333394,4.065561370225623e-06,5
3346,5.595000000000061,4.0651557355886325e-06,5
3347,5.596666666666728,4.063822416355833e-06,5
3348,5.598333333333395,4.06370281780255e-06,5
3349,5.600000000000062,4.061142135469709e-06,5
3350,5.601666666666729,4.063314918312244e-06,5
3351,5.603333333333396,4.059643742948538e-06,5
3352,5.605000000000063,4.059571892867098e-06,5
3353,5.6066666666667295,4.0587033254269045e-06,5
3354,5.6083333333333965,4.05762875743676e-06,5
3355,5.610000000000063,4.057928890688345e-06,5
3356,5.61166666666673,4.056274974573171e-06,5
3357,5.613333333333397,4.055111730849603e-06,5
3358,5.615000000000064,4.054698365507647e-06,5
3359,5.616666666666731,4.05363789468538e-06,5
3360,5.618333333333398,4.053046268381877e-06,5
3361,5.620000000000065,4.0522986637370195e-06,5
3362,5.621666666666732,4.0515378714189865e-06,5
3363,5.623333333333399,4.05080618293141e-06,5
3364,5.625000000000066,4.050061306770658e-06,5
3365,5.626666666666733,4.049319159094011e-06,5
3366,5.6283333333334,4.0486338548362255e-06,5
3367,5.6300000000000665,4.047863058076473e-06,5
3368,5.631666666666733,4.047158199682599e-06,5
3369,5.6333333333334,4.0464346966473386e-06,5
3370,5.635000000000067,4.045709374622675e-06,5
3371,5.636666666666734,4.044966772198677e-06,5
3372,5.638333333333401,4.044238721689908e-06,5
3373,5.640000000000068,4.043522494612262e-06,5
3374,5.641666666666735,4.042816726723686e-06,5
3375,5.643333333333402,4.0420809455099516e-06,5
3376,5.645000000000069,4.041379725094885e-06,5
3377,5.646666666666736,4.04067986892187e-06,5
3378,5.648333333333403,4.039944542455487e-06,5
3379,5.65000000000007,4.0392656046606135e-06,5
3380,5.651666666666737,4.038565293740248e-06,5
3381,5.6533333333334035,4.037845428683795e-06,5
3382,5.65500000000007,4.03711419494357e-06,5
3383,5.656666666666737,4.0364175220020115e-06,5
3384,5.658333333333404,4.035711299366085e-06,5
3385,5.660000000000071,4.034983248857316e-06,5
3386,5.661666666666738,4.034263383800862e-06,5
3387,5.663333333333405,4.03331296183751e-06,5
3388,5.665000000000072,4.032665401609847e-06,5
3389,5.666666666666739,4.031808202853426e-06,5
3390,5.668333333333406,4.031119715364184e-06,5
3391,5.670000000000073,4.029971023555845e-06,5
3392,5.67166666666674,4.029579031339381e-06,5
3393,5.673333333333407,4.028472176287323e-06,5
3394,5.6750000000000735,4.028946023026947e-06,5
3395,5.6766666666667405,4.028940111311385e-06,5
3396,5.678333333333407,4.028859166282928e-06,5
3397,5.680000000000074,4.029080628242809e-06,5
3398,5.681666666666741,4.02876275984454e-06,5
3399,5.683333333333408,4.029041519970633e-06,5
3400,5.685000000000075,4.028750481666066e-06,5
3401,5.686666666666742,4.028833700431278e-06,5
3402,5.688333333333409,4.02880414185347e-06,5
3403,5.690000000000076,4.028934199595824e-06,5
3404,5.691666666666743,4.028720013593556e-06,5
3405,5.69333333333341,4.028885541629279e-06,5
3406,5.695000000000077,4.028725470561767e-06,5
3407,5.696666666666744,4.0287472984346095e-06,5
3408,5.6983333333334105,4.028893727081595e-06,5
3409,5.7000000000000774,4.028697276226012e-06,5
3410,5.701666666666744,4.0288114178110845e-06,5
3411,5.703333333333411,4.028794592159102e-06,5
3412,5.705000000000078,4.028764124086592e-06,5
3413,5.706666666666745,4.028796865895856e-06,5
3414,5.708333333333412,4.029095634905389e-06,5
3415,5.710000000000079,4.028694547741907e-06,5
3416,5.711666666666746,4.028834155178629e-06,5
3417,5.713333333333413,4.028751845908118e-06,5
3418,5.71500000000008,4.028757302876329e-06,5
3419,5.716666666666747,4.0287554838869255e-06,5
3420,5.718333333333414,4.028868261229945e-06,5
3421,5.720000000000081,4.028805506095523e-06,5
3422,5.7216666666667475,4.028798230137909e-06,5
3423,5.723333333333414,4.028778676001821e-06,5
3424,5.725000000000081,4.02877822125447e-06,5
3425,5.726666666666748,4.028776857012417e-06,5
3426,5.728333333333415,4.028884177387226e-06,5
3427,5.730000000000082,4.028830517199822e-06,5
3428,5.731666666666749,4.029002866445808e-06,5
3429,5.733333333333416,4.02905516239116e-06,5
3430,5.735000000000083,4.028777311759768e-06,5
3431,5.73666666666675,4.028846888104454e-06,5
3432,5.738333333333417,4.028930106869666e-06,5
3433,5.740000000000084,4.0287636693392415e-06,5
3434,5.741666666666751,4.028820967505453e-06,5
3435,5.743333333333418,4.0287677620653994e-06,5
3436,5.7450000000000845,4.028770945296856e-06,5
3437,5.746666666666751,4.0287873162014876e-06,5
3438,5.748333333333418,4.028840976388892e-06,5
3439,5.750000000000085,4.0287836782226805e-06,5
3440,5.751666666666752,4.0288236959895585e-06,5
3441,5.753333333333419,4.0287554838869255e-06,5
3442,5.755000000000086,4.028797775390558e-06,5
3443,5.756666666666753,4.028781404485926e-06,5
3444,5.75833333333342,4.0287072806677315e-06,5
3445,5.760000000000087,4.028780040243873e-06,5
3446,5.761666666666754,4.028790954180295e-06,5
3447,5.763333333333421,4.028790954180295e-06,5
3448,5.765000000000088,4.02881914851605e-06,5
3449,5.7666666666667545,4.028812327305786e-06,5
3450,5.7683333333334215,4.029029241792159e-06,5
3451,5.770000000000088,4.028885086881928e-06,5
3452,5.771666666666755,4.029032425023615e-06,5
3453,5.773333333333422,4.028706825920381e-06,5
3454,5.775000000000089,4.028809598821681e-06,5
3455,5.776666666666756,4.0287877709488384e-06,5
3456,5.778333333333423,4.028903276775964e-06,5
3457,5.78000000000009,4.02873729399289e-06,5
3458,5.781666666666757,4.028914190712385e-06,5
3459,5.783333333333424,4.028984221804421e-06,5
3460,5.785000000000091,4.0287436604558025e-06,5
3461,5.786666666666758,4.029011506645475e-06,5
3462,5.788333333333425,4.02880414185347e-06,5
3463,5.7900000000000915,4.02891691919649e-06,5
3464,5.7916666666667584,4.028775038023014e-06,5
3465,5.793333333333425,4.0290760807693005e-06,5
3466,5.795000000000092,4.028956936963368e-06,5
3467,5.796666666666759,4.02884506911505e-06,5
3468,5.798333333333426,4.028925104648806e-06,5
3469,5.800000000000093,4.028860985272331e-06,5
3470,5.80166666666676,4.028800503874663e-06,5
3471,5.803333333333427,4.028802322864067e-06,5
3472,5.805000000000094,4.028770035802154e-06,5
3473,5.806666666666761,4.028768671560101e-06,5
3474,5.808333333333428,4.02878868044354e-06,5
3475,5.810000000000095,4.0289037315233145e-06,5
3476,5.811666666666762,4.028908733744174e-06,5
3477,5.8133333333334285,4.029000137961702e-06,5
3478,5.815000000000095,4.028777311759768e-06,5
3479,5.816666666666762,4.028796865895856e-06,5
3480,5.818333333333429,4.02876821681275e-06,5
3481,5.820000000000096,4.028998318972299e-06,5
3482,5.821666666666763,4.028750026918715e-06,5
3483,5.82333333333343,4.0288673517352436e-06,5
3484,5.825000000000097,4.0288714444614016e-06,5
3485,5.826666666666764,4.028748662676662e-06,5
3486,5.828333333333431,4.028803232358769e-06,5
3487,5.830000000000098,4.028825514978962e-06,5
3488,5.831666666666765,4.028917373943841e-06,5
3489,5.833333333333432,4.028753664897522e-06,5
3490,5.8350000000000986,4.028929652122315e-06,5
3491,5.8366666666667655,4.0287836782226805e-06,5
3492,5.838333333333432,4.0287595766130835e-06,5
3493,5.840000000000099,4.02888599637663e-06,5
3494,5.841666666666766,4.028718649351504e-06,5
3495,5.843333333333433,4.028809598821681e-06,5
3496,5.8450000000001,4.028758212371031e-06,5
3497,5.846666666666767,4.028808234579628e-06,5
3498,5.848333333333434,4.028773673780961e-06,5
3499,5.850000000000101,4.028837793157436e-06,5
3500,5.851666666666768,4.028994226246141e-06,5
3501,5.853333333333435,4.02875275540282e-06,5
3502,5.855000000000102,4.028784132970031e-06,5
3503,5.856666666666769,4.028784132970031e-06,5
3504,5.8583333333334355,4.029037427244475e-06,5
3505,5.8600000000001025,4.028734110761434e-06,5
3506,5.861666666666769,4.028905095765367e-06,5
3507,5.863333333333436,4.0288473428518046e-06,5
3508,5.865000000000103,4.028757302876329e-06,5
3509,5.86666666666677,4.02881414629519e-06,5
3510,5.868333333333437,4.029095634905389e-06,5
3511,5.870000000000104,4.028688181278994e-06,5
3512,5.871666666666771,4.028792318422347e-06,5
3513,5.873333333333438,4.029102456115652e-06,5
3514,5.875000000000105,4.028769126307452e-06,5
3515,5.876666666666772,4.0288277887157165e-06,5
3516,5.878333333333439,4.028912826470332e-06,5
3517,5.880000000000106,4.028773673780961e-06,5
3518,5.8816666666667725,4.028780949738575e-06,5
3519,5.883333333333439,4.028796865895856e-06,5
3520,5.885000000000106,4.028794137411751e-06,5
3521,5.886666666666773,4.0288878153660335e-06,5
3522,5.88833333333344,4.02895284423721e-06,5
3523,5.890000000000107,4.02885507355677e-06,5
3524,5.891666666666774,4.028884177387226e-06,5
3525,5.893333333333441,4.028766397823347e-06,5
3526,5.895000000000108,4.0290397009812295e-06,5
3527,5.896666666666775,4.028722287330311e-06,5
3528,5.898333333333442,4.028830517199822e-06,5
3529,5.900000000000109,4.028875082440209e-06,5
3530,5.901666666666776,4.028820967505453e-06,5
3531,5.903333333333443,4.029099272884196e-06,5
3532,5.9050000000001095,4.028714556625346e-06,5
3533,5.906666666666776,4.028882813145174e-06,5
3534,5.908333333333443,4.028888724860735e-06,5
3535,5.91000000000011,4.028746388939908e-06,5
3536,5.911666666666777,4.028782313980628e-06,5
3537,5.913333333333444,4.028794137411751e-06,5
3538,5.915000000000111,4.02877321903361e-06,5
3539,5.916666666666778,4.028838702652138e-06,5
3540,5.918333333333445,4.028755029139575e-06,5
3541,5.920000000000112,4.0288637137564365e-06,5
3542,5.921666666666779,4.029000592709053e-06,5
3543,5.923333333333446,4.028920557175297e-06,5
3544,5.925000000000113,4.0288718992087524e-06,5
3545,5.9266666666667795,4.028753210150171e-06,5
3546,5.9283333333334465,4.02880914407433e-06,5
3547,5.930000000000113,4.0287436604558025e-06,5
3548,5.93166666666678,4.028776402265066e-06,5
3549,5.933333333333447,4.028759121865733e-06,5
3550,5.935000000000114,4.028818693768699e-06,5
3551,5.936666666666781,4.028884632134577e-06,5
3552,5.938333333333448,4.0287513911607675e-06,5
3553,5.940000000000115,4.028779130749172e-06,5
3554,5.941666666666782,4.028772764286259e-06,5
3555,5.943333333333449,4.029056526633212e-06,5
3556,5.945000000000116,4.02870637117303e-06,5
3557,5.946666666666783,4.028818239021348e-06,5
3558,5.94833333333345,4.02880414185347e-06,5
3559,5.9500000000001165,4.028777311759768e-06,5
3560,5.9516666666667835,4.028785497212084e-06,5
3561,5.95333333333345,4.028774583275663e-06,5
3562,5.955000000000117,4.028765033581294e-06,5
3563,5.956666666666784,4.028910552733578e-06,5
3564,5.958333333333451,4.028750936413417e-06,5
3565,5.960000000000118,4.028881903650472e-06,5
3566,5.961666666666785,4.0287714000442065e-06,5
3567,5.963333333333452,4.028926014143508e-06,5
3568,5.965000000000119,4.028736384498188e-06,5
3569,5.966666666666786,4.028800503874663e-06,5
3570,5.968333333333453,4.02877822125447e-06,5
3571,5.97000000000012,4.02897831008886e-06,5
3572,5.971666666666787,4.02870637117303e-06,5
3573,5.9733333333334535,4.028912371722981e-06,5
3574,5.97500000000012,4.028785497212084e-06,5
3575,5.976666666666787,4.028753664897522e-06,5
3576,5.978333333333454,4.0288914533448406e-06,5
3577,5.980000000000121,4.028776857012417e-06,5
3578,5.981666666666788,4.0287636693392415e-06,5
3579,5.983333333333455,4.028876446682261e-06,5
3580,5.985000000000122,4.0288473428518046e-06,5
3581,5.986666666666789,4.028710463899188e-06,5
3582,5.988333333333456,4.0287873162014876e-06,5
3583,5.990000000000123,4.028746843687259e-06,5
3584,5.99166666666679,4.02882460548426e-06,5
3585,5.993333333333457,4.0288964555657e-06,5
3586,5.995000000000124,4.028755938634276e-06,5
3587,5.9966666666667905,4.028840976388892e-06,5
3588,5.998333333333457,4.028781404485926e-06,5
3589,6.000000000000124,4.028949661005754e-06,5
3590,6.001666666666791,4.028726380056469e-06,5
3591,6.003333333333458,4.0288964555657e-06,5
3592,6.005000000000125,4.028782313980628e-06,5
3593,6.006666666666792,4.0290356082550716e-06,5
3594,6.008333333333459,4.0287754927703645e-06,5
3595,6.010000000000126,4.029037427244475e-06,5
3596,6.011666666666793,4.028784587717382e-06,5
3597,6.01333333333346,4.0291479308507405e-06,5
3598,6.015000000000127,4.028889179608086e-06,5
3599,6.016666666666794,4.028826879221015e-06,5
3600,6.0183333333334605,4.028830517199822e-06,5
3601,6.0200000000001275,4.028845978609752e-06,5
3602,6.021666666666794,4.028770490549505e-06,5
3603,6.023333333333461,4.028785497212084e-06,5
3604,6.025000000000128,4.028982857562369e-06,5
3605,6.026666666666795,4.028865987493191e-06,5
3606,6.028333333333462,4.028857802040875e-06,5
3607,6.030000000000129,4.028775947517715e-06,5
3608,6.031666666666796,4.028918738185894e-06,5
3609,6.033333333333463,4.029021056339843e-06,5
3610,6.03500000000013,4.0288114178110845e-06,5
3611,6.036666666666797,4.028788225696189e-06,5
3612,6.038333333333464,4.028782313980628e-06,5
3613,6.040000000000131,4.028793227917049e-06,5
3614,6.0416666666667975,4.028781404485926e-06,5
3615,6.0433333333334645,4.02873729399289e-06,5
3616,6.045000000000131,4.029038336739177e-06,5
3617,6.046666666666798,4.028672265121713e-06,5
3618,6.048333333333465,4.028817329526646e-06,5
3619,6.050000000000132,4.028962393931579e-06,5
3620,6.051666666666799,4.029049705422949e-06,5
3621,6.053333333333466,4.029033334518317e-06,5
3622,6.055000000000133,4.028991497762036e-06,5
3623,6.0566666666668,4.028785497212084e-06,5
3624,6.058333333333467,4.028806870337576e-06,5
3625,6.060000000000134,4.0290078686666675e-06,5
3626,6.061666666666801,4.028740477224346e-06,5
3627,6.063333333333468,4.028922830912052e-06,5
3628,6.0650000000001345,4.028892817586893e-06,5
3629,6.066666666666801,4.028970579383895e-06,5
3630,6.068333333333468,4.028733656014083e-06,5
3631,6.070000000000135,4.028804596600821e-06,5
3632,6.071666666666802,4.028780949738575e-06,5
3633,6.073333333333469,4.0288114178110845e-06,5
3634,6.075000000000136,4.028794592159102e-06,5
3635,6.076666666666803,4.02875775762368e-06,5
3636,6.07833333333347,4.029071533295792e-06,5
3637,6.080000000000137,4.028725470561767e-06,5
3638,6.081666666666804,4.028853709314717e-06,5
3639,6.083333333333471,4.028761395602487e-06,5
3640,6.085000000000138,4.0288277887157165e-06,5
3641,6.086666666666805,4.028941020806087e-06,5
3642,6.0883333333334715,4.028775947517715e-06,5
3643,6.090000000000138,4.028864168503787e-06,5
3644,6.091666666666805,4.028790499432944e-06,5
3645,6.093333333333472,4.028760486107785e-06,5
3646,6.095000000000139,4.028745934192557e-06,5
3647,6.096666666666806,4.028813691547839e-06,5
3648,6.098333333333473,4.0290601646120194e-06,5
3649,6.10000000000014,4.0287673073180486e-06,5
3650,6.101666666666807,4.028845523862401e-06,5
3651,6.103333333333474,4.02893238060642e-06,5
3652,6.105000000000141,4.028855983051471e-06,5
3653,6.106666666666808,4.028815965284593e-06,5
3654,6.108333333333475,4.028784587717382e-06,5
3655,6.1100000000001415,4.029008778161369e-06,5
3656,6.1116666666668085,4.0287795854965225e-06,5
3657,6.113333333333475,4.028805506095523e-06,5
3658,6.115000000000142,4.028760940855136e-06,5
3659,6.116666666666809,4.028885086881928e-06,5
3660,6.118333333333476,4.028757302876329e-06,5
3661,6.120000000000143,4.028810053569032e-06,5
3662,6.12166666666681,4.028888270113384e-06,5
3663,6.123333333333477,4.028849616588559e-06,5
3664,6.125000000000144,4.028854164062068e-06,5
3665,6.126666666666811,4.0287432057084516e-06,5
3666,6.128333333333478,4.028815965284593e-06,5
3667,6.130000000000145,4.029088813695125e-06,5
3668,6.131666666666812,4.028784587717382e-06,5
3669,6.1333333333334785,4.028864168503787e-06,5
3670,6.1350000000001454,4.028764578833943e-06,5
3671,6.136666666666812,4.028917828691192e-06,5
3672,6.138333333333479,4.028748662676662e-06,5
3673,6.140000000000146,4.028842795378296e-06,5
3674,6.141666666666813,4.028818239021348e-06,5
3675,6.14333333333348,4.0289514799951576e-06,5
3676,6.145000000000147,4.028817784273997e-06,5
3677,6.146666666666814,4.029064712085528e-06,5
3678,6.148333333333481,4.028773673780961e-06,5
3679,6.150000000000148,4.028986495541176e-06,5
3680,6.151666666666815,4.028757302876329e-06,5
3681,6.153333333333482,4.028785042464733e-06,5
3682,6.155000000000149,4.028760031360434e-06,5
3683,6.1566666666668155,4.02881914851605e-06,5
3684,6.158333333333482,4.029042429465335e-06,5
3685,6.160000000000149,4.02888599637663e-06,5
3686,6.161666666666816,4.0288277887157165e-06,5
3687,6.163333333333483,4.028824150736909e-06,5
3688,6.16500000000015,4.028756393381627e-06,5
3689,6.166666666666817,4.0287395677296445e-06,5
3690,6.168333333333484,4.028761395602487e-06,5
3691,6.170000000000151,4.028870989714051e-06,5
3692,6.171666666666818,4.029056981380563e-06,5
3693,6.173333333333485,4.028713647130644e-06,5
3694,6.175000000000152,4.0291561163030565e-06,5
3695,6.176666666666819,4.0294003156304825e-06,5
3696,6.1783333333334856,4.030202035210095e-06,5
3697,6.1800000000001525,4.030867785331793e-06,5
3698,6.181666666666819,4.031664047943195e-06,5
3699,6.183333333333486,4.032506694784388e-06,5
3700,6.185000000000153,4.033308869111352e-06,5
3701,6.18666666666682,4.034048743051244e-06,5
3702,6.188333333333487,4.03479589294875e-06,5
3703,6.190000000000154,4.035511210531695e-06,5
3704,6.191666666666821,4.0362297113460954e-06,5
3705,6.193333333333488,4.036977770738304e-06,5
3706,6.195000000000155,4.037689905089792e-06,5
3707,6.196666666666822,4.038434326503193e-06,5
3708,6.198333333333489,4.039148279844085e-06,5
3709,6.200000000000156,4.039889972773381e-06,5
3710,6.2016666666668225,4.040600288135465e-06,5
3711,6.2033333333334895,4.04131560571841e-06,5
3712,6.205000000000156,4.042051386932144e-06,5
3713,6.206666666666823,4.04278307541972e-06,5
3714,6.20833333333349,4.043522039864911e-06,5
3715,6.210000000000157,4.044259640068049e-06,5
3716,6.211666666666824,4.0449785956298e-06,5
3717,6.213333333333491,4.045726655022008e-06,5
3718,6.215000000000158,4.046443791594356e-06,5
3719,6.216666666666825,4.047165020892862e-06,5
3720,6.218333333333492,4.047899892611895e-06,5
3721,6.220000000000159,4.0486497709935065e-06,5
3722,6.221666666666826,4.049383278470486e-06,5
3723,6.223333333333493,4.05014452553587e-06,5
3724,6.2250000000001595,4.050901225127745e-06,5
3725,6.226666666666826,4.052662461617729e-06,5
3726,6.228333333333493,4.052507847518427e-06,5
3727,6.23000000000016,4.0531717786507215e-06,5
3728,6.231666666666827,4.054076271131635e-06,5
3729,6.233333333333494,4.054610144521575e-06,5
3730,6.235000000000161,4.057127625856083e-06,5
3731,6.236666666666828,4.056096258864272e-06,5
3732,6.238333333333495,4.058497324876953e-06,5
3733,6.240000000000162,4.057562819070881e-06,5
3734,6.241666666666829,4.060738774569472e-06,5
3735,6.243333333333496,4.0591680772195105e-06,5
3736,6.245000000000163,4.062916104885517e-06,5
3737,6.24666666666683,4.061391337017994e-06,5
3738,6.2483333333334965,4.065088432980701e-06,5
3739,6.250000000000163,4.062417247041594e-06,5
3740,6.25166666666683,4.065034772793297e-06,5
3741,6.253333333333497,4.06642675443436e-06,5
3742,6.255000000000164,4.065562279720325e-06,5
3743,6.256666666666831,4.06557001042529e-06,5
3744,6.258333333333498,4.066243491251953e-06,5
3745,6.260000000000165,4.0668219298822805e-06,5
3746,6.261666666666832,4.0679633457330056e-06,5
3747,6.263333333333499,4.068743237439776e-06,5
3748,6.265000000000166,4.069629085279303e-06,5
3749,6.266666666666833,4.0708473534323275e-06,5
3750,6.2683333333335,4.071453076903708e-06,5
3751,6.2700000000001666,4.071953298989683e-06,5
3752,6.2716666666668335,4.071978310093982e-06,5
3753,6.2733333333335,4.072040155733703e-06,5
3754,6.275000000000167,4.07271591029712e-06,5
3755,6.276666666666834,4.073496711498592e-06,5
3756,6.278333333333501,4.074400749232154e-06,5
3757,6.280000000000168,4.075248398294207e-06,5
3758,6.281666666666835,4.076237019035034e-06,5
3759,6.283333333333502,4.076625828020042e-06,5
3760,6.285000000000169,4.076582172274357e-06,5
3761,6.286666666666836,4.076516233908478e-06,5
3762,6.288333333333503,4.076593540958129e-06,5
3763,6.29000000000017,4.077062385476893e-06,5
3764,6.291666666666837,4.077690391568467e-06,5
3765,6.2933333333335035,4.078311121702427e-06,5
3766,6.2950000000001705,4.078875008417526e-06,5
3767,6.296666666666837,4.079272457602201e-06,5
3768,6.298333333333504,4.0791665014694445e-06,5
3769,6.300000000000171,4.079026894032722e-06,5
3770,6.301666666666838,4.079085101693636e-06,5
3771,6.303333333333505,4.079263362655183e-06,5
3772,6.305000000000172,4.079457994521363e-06,5
3773,6.306666666666839,4.07966672355542e-06,5
3774,6.308333333333506,4.079792233824264e-06,5
3775,6.310000000000173,4.079885911778547e-06,5
3776,6.31166666666684,4.079808149981545e-06,5
3777,6.313333333333507,4.0797713154461235e-06,5
3778,6.315000000000174,4.079798145539826e-06,5
3779,6.3166666666668405,4.079788595845457e-06,5
3780,6.318333333333507,4.0797831388772465e-06,5
3781,6.320000000000174,4.079801328771282e-06,5
3782,6.321666666666841,4.079798600287177e-06,5
3783,6.323333333333508,4.07979496230837e-06,5
3784,6.325000000000175,4.079799964529229e-06,5
3785,6.326666666666842,4.079801328771282e-06,5
3786,6.328333333333509,4.0797795008984394e-06,5
3787,6.330000000000176,4.079791779076913e-06,5
3788,6.331666666666843,4.079807695234194e-06,5
3789,6.33333333333351,4.0798031477606855e-06,5
3790,6.335000000000177,4.0798031477606855e-06,5
3791,6.336666666666844,4.079799964529229e-06,5
3792,6.338333333333511,4.079802693013335e-06,5
3793,6.3400000000001775,4.0797995097818784e-06,5
3794,6.341666666666844,4.079790869582212e-06,5
3795,6.343333333333511,4.07980041927658e-06,5
3796,6.345000000000178,4.079803602508036e-06,5
3797,6.346666666666845,4.079790414834861e-06,5
3798,6.348333333333512,4.07978996008751e-06,5
3799,6.350000000000179,4.079796326550422e-06,5
3800,6.351666666666846,4.079791779076913e-06,5
3801,6.353333333333513,4.079786776856054e-06,5
3802,6.35500000000018,4.079802693013335e-06,5
3803,6.356666666666847,4.079788595845457e-06,5
3804,6.358333333333514,4.079789050592808e-06,5
3805,6.360000000000181,4.0797995097818784e-06,5
3806,6.3616666666668475,4.0797872316034045e-06,5
3807,6.3633333333335145,4.079796326550422e-06,5
3808,6.365000000000181,4.079784048371948e-06,5
3809,6.366666666666848,4.079773589182878e-06,5
3810,6.368333333333515,4.079793143318966e-06,5
3811,6.370000000000182,4.07980542149744e-06,5
3812,6.371666666666849,4.079785867361352e-06,5
3813,6.373333333333516,4.079789050592808e-06,5
3814,6.375000000000183,4.079795871803071e-06,5
3815,6.37666666666685,4.079801328771282e-06,5
3816,6.378333333333517,4.079790414834861e-06,5
3817,6.380000000000184,4.079814971191809e-06,5
3818,6.381666666666851,4.079786776856054e-06,5
3819,6.383333333333518,4.079800874023931e-06,5
3820,6.3850000000001845,4.07979496230837e-06,5
3821,6.3866666666668515,4.079791779076913e-06,5
3822,6.388333333333518,4.0797995097818784e-06,5
3823,6.390000000000185,4.079784503119299e-06,5
3824,6.391666666666852,4.079799964529229e-06,5
3825,6.393333333333519,4.079791779076913e-06,5
3826,6.395000000000186,4.079802238265984e-06,5
3827,6.396666666666853,4.079789050592808e-06,5
3828,6.39833333333352,4.0798031477606855e-06,5
3829,6.400000000000187,4.079790869582212e-06,5
3830,6.401666666666854,4.079793598066317e-06,5
3831,6.403333333333521,4.079798145539826e-06,5
3832,6.405000000000188,4.079785412614001e-06,5
3833,6.406666666666855,4.079784048371948e-06,5
3834,6.4083333333335215,4.079788595845457e-06,5
3835,6.410000000000188,4.079786776856054e-06,5
3836,6.411666666666855,4.079792688571615e-06,5
3837,6.413333333333522,4.079790869582212e-06,5
3838,6.415000000000189,4.079802238265984e-06,5
3839,6.416666666666856,4.079786776856054e-06,5
3840,6.418333333333523,4.079801783518633e-06,5
3841,6.42000000000019,4.0797995097818784e-06,5
3842,6.421666666666857,4.079790869582212e-06,5
3843,6.423333333333524,4.079801328771282e-06,5
3844,6.425000000000191,4.079780865140492e-06,5
3845,6.426666666666858,4.079789050592808e-06,5
3846,6.428333333333525,4.079799964529229e-06,5
3847,6.430000000000192,4.079792688571615e-06,5
3848,6.4316666666668585,4.079797690792475e-06,5
3849,6.433333333333525,4.079796326550422e-06,5
3850,6.435000000000192,4.0798031477606855e-06,5
3851,6.436666666666859,4.079804512002738e-06,5
3852,6.438333333333526,4.079792688571615e-06,5
3853,6.440000000000193,4.0797913243295625e-06,5
3854,6.44166666666686,4.079792233824264e-06,5
3855,6.443333333333527,4.079798600287177e-06,5
3856,6.445000000000194,4.079796781297773e-06,5
3857,6.446666666666861,4.079791779076913e-06,5
3858,6.448333333333528,4.079795871803071e-06,5
3859,6.450000000000195,4.079798145539826e-06,5
3860,6.451666666666862,4.079800874023931e-06,5
3861,6.4533333333335285,4.079803602508036e-06,5
3862,6.4550000000001955,4.079798145539826e-06,5
3863,6.456666666666862,4.079778136656387e-06,5
3864,6.458333333333529,4.079792688571615e-06,5
3865,6.460000000000196,4.0797913243295625e-06,5
3866,6.461666666666863,4.079793143318966e-06,5
3867,6.46333333333353,4.079792688571615e-06,5
3868,6.465000000000197,4.079797690792475e-06,5
3869,6.466666666666864,4.079796326550422e-06,5
3870,6.468333333333531,4.079797236045124e-06,5
3871,6.470000000000198,4.079806785739493e-06,5
3872,6.471666666666865,4.079785867361352e-06,5
3873,6.473333333333532,4.0797954170557205e-06,5
3874,6.475000000000199,4.079798145539826e-06,5
3875,6.4766666666668655,4.079803602508036e-06,5
3876,6.4783333333335325,4.079802238265984e-06,5
3877,6.480000000000199,4.079809059476247e-06,5
3878,6.481666666666866,4.079792233824264e-06,5
3879,6.483333333333533,4.079807695234194e-06,5
3880,6.4850000000002,4.079788595845457e-06,5
3881,6.486666666666867,4.079792688571615e-06,5
3882,6.488333333333534,4.0797954170557205e-06,5
3883,6.490000000000201,4.07978996008751e-06,5
3884,6.491666666666868,4.079794052813668e-06,5
3885,6.493333333333535,4.0797990550345276e-06,5
3886,6.495000000000202,4.079807695234194e-06,5
3887,6.496666666666869,4.07979496230837e-06,5
3888,6.498333333333536,4.079809059476247e-06,5
3889,6.5000000000002025,4.07978996008751e-06,5
3890,6.501666666666869,4.079790869582212e-06,5
3891,6.503333333333536,4.079811787960352e-06,5
3892,6.505000000000203,4.079783593624597e-06,5
3893,6.50666666666687,4.079806330992142e-06,5
3894,6.508333333333537,4.079798600287177e-06,5
3895,6.510000000000204,4.079787686350755e-06,5
3896,6.511666666666871,4.079787686350755e-06,5
3897,6.513333333333538,4.0797995097818784e-06,5
3898,6.515000000000205,4.0797990550345276e-06,5
3899,6.516666666666872,4.079793598066317e-06,5
3900,6.518333333333539,4.079788595845457e-06,5
3901,6.520000000000206,4.079790414834861e-06,5
3902,6.521666666666873,4.079788595845457e-06,5
3903,6.5233333333335395,4.07979496230837e-06,5
3904,6.525000000000206,4.079780410393141e-06,5
3905,6.526666666666873,4.079789505340159e-06,5
3906,6.52833333333354,4.07979496230837e-06,5
3907,6.530000000000207,4.079788141098106e-06,5
3908,6.531666666666874,4.079790414834861e-06,5
3909,6.533333333333541,4.079803602508036e-06,5
3910,6.535000000000208,4.0797749534249306e-06,5
3911,6.536666666666875,4.079791779076913e-06,5
3912,6.538333333333542,4.0797990550345276e-06,5
3913,6.540000000000209,4.079791779076913e-06,5
3914,6.541666666666876,4.079793143318966e-06,5
3915,6.543333333333543,4.0798113332130015e-06,6
3916,6.5450000000002095,4.079773134435527e-06,6
3917,6.5466666666668765,4.079794507561019e-06,6
3918,6.548333333333543,4.079793598066317e-06,6
3919,6.55000000000021,4.07980041927658e-06,6
3920,6.551666666666877,4.079783593624597e-06,6
3921,6.553333333333544,4.079790869582212e-06,6
3922,6.555000000000211,4.079797236045124e-06,6
3923,6.556666666666878,4.079793598066317e-06,6
3924,6.558333333333545,4.079798600287177e-06,6
3925,6.560000000000212,4.079796781297773e-06,6
3926,6.561666666666879,4.079791779076913e-06,6
3927,6.563333333333546,4.079809968970949e-06,6
3928,6.565000000000213,4.079797236045124e-06,6
3929,6.56666666666688,4.079782684129896e-06,6
3930,6.5683333333335465,4.079796326550422e-06,6
3931,6.5700000000002134,4.079785867361352e-06,6
3932,6.57166666666688,4.079793143318966e-06,6
3933,6.573333333333547,4.079796781297773e-06,6
3934,6.575000000000214,4.079793598066317e-06,6
3935,6.576666666666881,4.079788141098106e-06,6
3936,6.578333333333548,4.079788595845457e-06,6
3937,6.580000000000215,4.07980041927658e-06,6
3938,6.581666666666882,4.079802238265984e-06,6
3939,6.583333333333549,4.079784503119299e-06,6
3940,6.585000000000216,4.079788141098106e-06,6
3941,6.586666666666883,4.0797913243295625e-06,6
3942,6.58833333333355,4.079785412614001e-06,6
3943,6.590000000000217,4.079792688571615e-06,6
3944,6.5916666666668835,4.079787686350755e-06,6
3945,6.59333333333355,4.079793598066317e-06,6
3946,6.595000000000217,4.0798031477606855e-06,6
3947,6.596666666666884,4.079783593624597e-06,6
3948,6.598333333333551,4.079791779076913e-06,6
3949,6.600000000000218,4.079809514223598e-06,6
3950,6.601666666666885,4.079803602508036e-06,6
3951,6.603333333333552,4.079801783518633e-06,6
3952,6.605000000000219,4.079797690792475e-06,6
3953,6.606666666666886,4.0797872316034045e-06,6
3954,6.608333333333553,4.079789505340159e-06,6
3955,6.61000000000022,4.079796781297773e-06,6
3956,6.611666666666887,4.07979496230837e-06,6
3957,6.6133333333335536,4.079796781297773e-06,6
3958,6.6150000000002205,4.079791779076913e-06,6
3959,6.616666666666887,4.079788141098106e-06,6
3960,6.618333333333554,4.079798600287177e-06,6
3961,6.620000000000221,4.079806785739493e-06,6
3962,6.621666666666888,4.079712653037859e-06,6
3963,6.623333333333555,4.079557129443856e-06,6
3964,6.625000000000222,4.0794029700919054e-06,6
3965,6.626666666666889,4.079235168319428e-06,6
3966,6.628333333333556,4.079141945112497e-06,6
3967,6.630000000000223,4.079108748555882e-06,6
3968,6.63166666666689,4.079121026734356e-06,6
3969,6.633333333333557,4.0791542232909705e-06,6
3970,6.635000000000224,4.07889729103772e-06,6
3971,6.6366666666668905,4.078596703038784e-06,6
3972,6.6383333333335575,4.078235178894829e-06,6
3973,6.640000000000224,4.077988251083298e-06,6
3974,6.641666666666891,4.0776885725790635e-06,6
3975,6.643333333333558,4.077531684743008e-06,6
3976,6.645000000000225,4.07762536269729e-06,6
3977,6.646666666666892,4.077486210007919e-06,6
3978,6.648333333333559,4.077267021784792e-06,6
3979,6.650000000000226,4.0768113649392035e-06,6
3980,6.651666666666893,4.076424374943599e-06,6
3981,6.65333333333356,4.076327059010509e-06,6
3982,6.655000000000227,4.075873221154325e-06,6
3983,6.656666666666894,4.075643118994776e-06,6
3984,6.658333333333561,4.075787273905007e-06,6
3985,6.6600000000002275,4.075055585417431e-06,6
3986,6.661666666666894,4.074506705364911e-06,6
3987,6.663333333333561,4.073981472174637e-06,6
3988,6.665000000000228,4.072813680977561e-06,6
3989,6.666666666666895,4.073643594892928e-06,6
3990,6.668333333333562,4.073475793120451e-06,6
3991,6.670000000000229,4.071123385074316e-06,6
3992,6.671666666666896,4.069439000886632e-06,6
3993,6.673333333333563,4.070021532243118e-06,6
3994,6.67500000000023,4.069870556122623e-06,6
3995,6.676666666666897,4.0705549508857075e-06,6
3996,6.678333333333564,4.071595412824536e-06,6
3997,6.680000000000231,4.07050993089797e-06,6
3998,6.681666666666898,4.066691872139927e-06,6
3999,6.6833333333335645,4.069114311278099e-06,6
4000,6.685000000000231,4.066587280249223e-06,6
4001,6.686666666666898,4.072915544384159e-06,6
4002,6.688333333333565,4.0685322346689645e-06,6
4003,6.690000000000232,4.065603206981905e-06,6
4004,6.691666666666899,4.064645963808289e-06,6
4005,6.693333333333566,4.068234829901485e-06,6
4006,6.695000000000233,4.069680471729953e-06,6
4007,6.6966666666669,4.069200258527417e-06,6
4008,6.698333333333567,4.068465386808384e-06,6
4009,6.700000000000234,4.068858743266901e-06,6
4010,6.701666666666901,4.0704671846469864e-06,6
4011,6.703333333333568,4.067973350174725e-06,6
4012,6.7050000000002346,4.067547706654295e-06,6
4013,6.7066666666669015,4.0679196899873205e-06,6
4014,6.708333333333568,4.067368536198046e-06,6
4015,6.710000000000235,4.066273959324462e-06,6
4016,6.711666666666902,4.067173449584516e-06,6
4017,6.713333333333569,4.070940576639259e-06,6
4018,6.715000000000236,4.067814188601915e-06,6
4019,6.716666666666903,4.06579556511133e-06,6
4020,6.71833333333357,4.065441316924989e-06,6
4021,6.720000000000237,4.069830993103096e-06,6
4022,6.721666666666904,4.063536835019477e-06,6
4023,6.723333333333571,4.065766006533522e-06,6
4024,6.725000000000238,4.064291260874597e-06,6
4025,6.726666666666905,4.069861461175606e-06,6
4026,6.7283333333335715,4.068845555593725e-06,6
4027,6.7300000000002385,4.068938778800657e-06,6
4028,6.731666666666905,4.068886937602656e-06,6
4029,6.733333333333572,4.068088401254499e-06,6
4030,6.735000000000239,4.068275302415714e-06,6
4031,6.736666666666906,4.067877398483688e-06,6
4032,6.738333333333573,4.067488134751329e-06,6
4033,6.74000000000024,4.067297595611308e-06,6
4034,6.741666666666907,4.066959263582248e-06,6
4035,6.743333333333574,4.066833298566053e-06,6
4036,6.745000000000241,4.0663376239535864e-06,6
4037,6.746666666666908,4.066309884365182e-06,6
4038,6.748333333333575,4.066035216965247e-06,6
4039,6.750000000000242,4.06566232413752e-06,6
4040,6.7516666666669085,4.0652116695127916e-06,6
4041,6.753333333333575,4.064634140377166e-06,6
4042,6.755000000000242,4.0645390981808305e-06,6
4043,6.756666666666909,4.064118911628611e-06,6
4044,6.758333333333576,4.0636336962052155e-06,6
4045,6.760000000000243,4.0630206967762206e-06,6
4046,6.76166666666691,4.06354365622974e-06,6
4047,6.763333333333577,4.063319920533104e-06,6
4048,6.765000000000244,4.062654625158757e-06,6
4049,6.766666666666911,4.063587766722776e-06,6
4050,6.768333333333578,4.063340838911245e-06,6
4051,6.770000000000245,4.063027972733835e-06,6
4052,6.771666666666912,4.0635659388499334e-06,6
4053,6.773333333333579,4.063411324750632e-06,6
4054,6.7750000000002455,4.062600964971352e-06,6
4055,6.776666666666912,4.063543201482389e-06,6
4056,6.778333333333579,4.063632786710514e-06,6
4057,6.780000000000246,4.062999323650729e-06,6
4058,6.781666666666913,4.0638019527250435e-06,6
4059,6.78333333333358,4.063151664013276e-06,6
4060,6.785000000000247,4.06313347411924e-06,6
4061,6.786666666666914,4.06349727199995e-06,6
4062,6.788333333333581,4.063156666234136e-06,6
4063,6.790000000000248,4.063791948283324e-06,6
4064,6.791666666666915,4.062757398060057e-06,6
4065,6.793333333333582,4.063315827806946e-06,6
4066,6.795000000000249,4.062804237037199e-06,6
4067,6.7966666666669155,4.063791948283324e-06,6
4068,6.7983333333335825,4.063494543515844e-06,6
4069,6.800000000000249,4.063213964400347e-06,6
4070,6.801666666666916,4.063388587383088e-06,6
4071,6.803333333333583,4.063462711201282e-06,6
4072,6.80500000000025,4.063603228132706e-06,6
4073,6.806666666666917,4.062829702888848e-06,6
4074,6.808333333333584,4.0636737139720935e-06,6
4075,6.810000000000251,4.062870630150428e-06,6
4076,6.811666666666918,4.063426786160562e-06,6
4077,6.813333333333585,4.062715106556425e-06,6
4078,6.815000000000252,4.06364097216283e-06,6
4079,6.816666666666919,4.063083451910643e-06,6
4080,6.818333333333586,4.063391770614544e-06,6
4081,6.8200000000002525,4.063698725076392e-06,6
4082,6.8216666666669195,4.063475444127107e-06,6
4083,6.823333333333586,4.06348226533737e-06,6
4084,6.825000000000253,4.062761490786215e-06,6
4085,6.82666666666692,4.063520009367494e-06,6
4086,6.828333333333587,4.063504547957564e-06,6
4087,6.830000000000254,4.062806965521304e-06,6
4088,6.831666666666921,4.063559572387021e-06,6
4089,6.833333333333588,4.062730567966355e-06,6
4090,6.835000000000255,4.063526830577757e-06,6
4091,6.836666666666922,4.062945663463324e-06,6
4092,6.838333333333589,4.063670530740637e-06,6
4093,6.840000000000256,4.062741027155425e-06,6
4094,6.841666666666923,4.063237611262593e-06,6
4095,6.8433333333335895,4.063187134306645e-06,6
4096,6.845000000000256,4.063449978275457e-06,6
4097,6.846666666666923,4.063721007696586e-06,6
4098,6.84833333333359,4.062431344209472e-06,6
4099,6.850000000000257,4.063455435243668e-06,6
4100,6.851666666666924,4.0635013647261076e-06,6
4101,6.853333333333591,4.062489551870385e-06,6
4102,6.855000000000258,4.063685537403217e-06,6
4103,6.856666666666925,4.062510470248526e-06,6
4104,6.858333333333592,4.06350272896816e-06,6
4105,6.860000000000259,4.063134838361293e-06,6
4106,6.861666666666926,4.063342657900648e-06,6
4107,6.863333333333593,4.0634813558426686e-06,6
4108,6.86500000000026,4.062699190399144e-06,6
4109,6.8666666666669265,4.063613232574426e-06,6
4110,6.868333333333593,4.062868356413674e-06,6
4111,6.87000000000026,4.063594133185688e-06,6
4112,6.871666666666927,4.063525011588354e-06,6
4113,6.873333333333594,4.062436801177682e-06,6
4114,6.875000000000261,4.063409051013878e-06,6
4115,6.876666666666928,4.062701464135898e-06,6
4116,6.878333333333595,4.0633012758917175e-06,6
4117,6.880000000000262,4.063198502990417e-06,6
4118,6.881666666666929,4.063392680109246e-06,6
4119,6.883333333333596,4.063051619596081e-06,6
4120,6.885000000000263,4.0636296034790576e-06,6
4121,6.88666666666693,4.0634017750562634e-06,6
4122,6.8883333333335965,4.062480911670718e-06,6
4123,6.8900000000002635,4.063246706209611e-06,6
4124,6.89166666666693,4.062555035488913e-06,6
4125,6.893333333333597,4.06352319259895e-06,6
4126,6.895000000000264,4.062430889462121e-06,6
4127,6.896666666666931,4.0635095501784235e-06,6
4128,6.898333333333598,4.063442247570492e-06,6
4129,6.900000000000265,4.063079359184485e-06,6
4130,6.901666666666932,4.0637778511154465e-06,6
4131,6.903333333333599,4.06281014875276e-06,6
4132,6.905000000000266,4.0628528950037435e-06,6
4133,6.906666666666933,4.063012511323905e-06,6
4134,6.9083333333336,4.063243522978155e-06,6
4135,6.910000000000267,4.06335402658442e-06,6
4136,6.9116666666669335,4.0634054130350705e-06,6
4137,6.9133333333336005,4.063243522978155e-06,6
4138,6.915000000000267,4.063374944962561e-06,6
4139,6.916666666666934,4.063439519086387e-06,6
4140,6.918333333333601,4.062424977746559e-06,6
4141,6.920000000000268,4.063719643454533e-06,6
4142,6.921666666666935,4.063389042130439e-06,6
4143,6.923333333333602,4.0633094613440335e-06,6
4144,6.925000000000269,4.0637301026436035e-06,6
4145,6.926666666666936,4.062509106006473e-06,6
4146,6.928333333333603,4.063423148181755e-06,6
4147,6.93000000000027,4.063615961058531e-06,6
4148,6.931666666666937,4.062754214828601e-06,6
4149,6.933333333333604,4.0636018638906535e-06,6
4150,6.9350000000002705,4.062478637933964e-06,6
4151,6.936666666666937,4.063719643454533e-06,6
4152,6.938333333333604,4.0631412048242055e-06,6
4153,6.940000000000271,4.062539574078983e-06,6
4154,6.941666666666938,4.063782398588955e-06,6
4155,6.943333333333605,4.063280812260928e-06,6
4156,6.945000000000272,4.062847892782884e-06,6
4157,6.946666666666939,4.063309916091384e-06,6
4158,6.948333333333606,4.063475898874458e-06,6
4159,6.950000000000273,4.062914740643464e-06,6
4160,6.95166666666694,4.0634736251377035e-06,6
4161,6.953333333333607,4.062177595187677e-06,6
4162,6.955000000000274,4.063617325300584e-06,6
4163,6.956666666666941,4.063424057676457e-06,6
4164,6.9583333333336075,4.063738288095919e-06,6
4165,6.960000000000274,4.063472715643002e-06,6
4166,6.961666666666941,4.063490450789686e-06,6
4167,6.963333333333608,4.063631422468461e-06,6
4168,6.965000000000275,4.062647349201143e-06,6
4169,6.966666666666942,4.063431333634071e-06,6
4170,6.968333333333609,4.062744210386882e-06,6
4171,6.970000000000276,4.063455435243668e-06,6
4172,6.971666666666943,4.0631171032146085e-06,6
4173,6.97333333333361,4.063042524649063e-06,6
4174,6.975000000000277,4.0637282836542e-06,6
4175,6.976666666666944,4.063181677338434e-06,6
4176,6.978333333333611,4.0637783058627974e-06,6
4177,6.9800000000002775,4.062759217049461e-06,6
4178,6.9816666666669445,4.063489086547634e-06,6
4179,6.983333333333611,4.0627287489769515e-06,6
4180,6.985000000000278,4.063602773385355e-06,6
4181,6.986666666666945,4.063594587933039e-06,6
4182,6.988333333333612,4.0636255107528996e-06,6
4183,6.990000000000279,4.063376309204614e-06,6
4184,6.991666666666946,4.063135293108644e-06,6
4185,6.993333333333613,4.063488177052932e-06,6
4186,6.99500000000028,4.062382686242927e-06,6
4187,6.996666666666947,4.063443611812545e-06,6
4188,6.998333333333614,4.062630978296511e-06,6
4189,7.000000000000281,4.063753294758499e-06,6
4190,7.001666666666948,4.062778771185549e-06,6
4191,7.0033333333336145,4.063620963279391e-06,6
4192,7.0050000000002814,4.063309006596683e-06,6
4193,7.006666666666948,4.063483174832072e-06,6
4194,7.008333333333615,4.063278993271524e-06,6
4195,7.010000000000282,4.063371306983754e-06,6
4196,7.011666666666949,4.062254902237328e-06,6
4197,7.013333333333616,4.063603682880057e-06,6
4198,7.015000000000283,4.062621883349493e-06,6
4199,7.01666666666695,4.0634536162542645e-06,6
4200,7.018333333333617,4.063587311975425e-06,6
4201,7.020000000000284,4.062763309775619e-06,6
4202,7.021666666666951,4.063519099872792e-06,6
4203,7.023333333333618,4.062985681230202e-06,6
4204,7.025000000000285,4.0635900404595304e-06,6
4205,7.0266666666669515,4.0631412048242055e-06,6
4206,7.028333333333618,4.063653250341304e-06,6
4207,7.030000000000285,4.06386698159622e-06,6
4208,7.031666666666952,4.063008418597747e-06,6
4209,7.033333333333619,4.0634577089804225e-06,6
4210,7.035000000000286,4.063009328092448e-06,6
4211,7.036666666666953,4.063196229253663e-06,6
4212,7.03833333333362,4.063451797264861e-06,6
4213,7.040000000000287,4.063329015480122e-06,6
4214,7.041666666666954,4.062997959408676e-06,6
4215,7.043333333333621,4.063484084326774e-06,6
4216,7.045000000000288,4.063325832248665e-06,6
4217,7.046666666666955,4.063094820594415e-06,6
4218,7.0483333333336216,4.063272626808612e-06,6
4219,7.0500000000002885,4.063567757839337e-06,6
4220,7.051666666666955,4.063232154294383e-06,6
4221,7.053333333333622,4.062838343088515e-06,6
4222,7.055000000000289,4.063508185936371e-06,6
4223,7.056666666666956,4.063496362505248e-06,6
4224,7.058333333333623,4.063362666784087e-06,6
4225,7.06000000000029,4.0626846384839155e-06,6
4226,7.061666666666957,4.06343087888672e-06,6
4227,7.063333333333624,4.062746938870987e-06,6
4228,7.065000000000291,4.063544110977091e-06,6
4229,7.066666666666958,4.063468168169493e-06,6
4230,7.068333333333625,4.063573214807548e-06,6
4231,7.070000000000292,4.062957486894447e-06,6
4232,7.0716666666669585,4.06352319259895e-06,6
4233,7.0733333333336255,4.062566858920036e-06,6
4234,7.075000000000292,4.063631422468461e-06,6
4235,7.076666666666959,4.063370397489052e-06,6
4236,7.078333333333626,4.062789230374619e-06,6
4237,7.080000000000293,4.063520918862196e-06,6
4238,7.08166666666696,4.063489996042335e-06,6
4239,7.083333333333627,4.062602783960756e-06,6
4240,7.085000000000294,4.063565029355232e-06,6
4241,7.086666666666961,4.063584128743969e-06,6
4242,7.088333333333628,4.0625363908475265e-06,6
4243,7.090000000000295,4.063511823915178e-06,6
4244,7.091666666666962,4.0627792259329e-06,6
4245,7.093333333333629,4.063557298650267e-06,6
4246,7.0950000000002955,4.063492724526441e-06,6
4247,7.096666666666962,4.062617335875984e-06,6
4248,7.098333333333629,4.063509095431073e-06,6
4249,7.100000000000296,4.062816060468322e-06,6
4250,7.101666666666963,4.063622782268794e-06,6
4251,7.10333333333363,4.06338449465693e-06,6
4252,7.105000000000297,4.063307187607279e-06,6
4253,7.106666666666964,4.063535470777424e-06,6
4254,7.108333333333631,4.063132564624539e-06,6
4255,7.110000000000298,4.062881544086849e-06,6
4256,7.111666666666965,4.063479536853265e-06,6
4257,7.113333333333632,4.0625563997309655e-06,6
4258,7.115000000000299,4.063700998813147e-06,6
4259,7.116666666666966,4.0626564441481605e-06,6
4260,7.1183333333336325,4.063509095431073e-06,6
4261,7.120000000000299,4.0635536606714595e-06,6
4262,7.121666666666966,4.063717369717779e-06,6
4263,7.123333333333633,4.06349727199995e-06,6
4264,7.1250000000003,4.063716914970428e-06,6
4265,7.126666666666967,4.063442247570492e-06,6
4266,7.128333333333634,4.063703272549901e-06,6
4267,7.130000000000301,4.063672349730041e-06,6
4268,7.131666666666968,4.062834705109708e-06,6
4269,7.133333333333635,4.063655524078058e-06,6
4270,7.135000000000302,4.062201242049923e-06,6
4271,7.136666666666969,4.063535470777424e-06,6
4272,7.138333333333636,4.063590949954232e-06,6
4273,7.1400000000003025,4.06374874728499e-06,6
4274,7.1416666666669695,4.063594133185688e-06,6
4275,7.143333333333636,4.06345634473837e-06,6
4276,7.145000000000303,4.063620963279391e-06,6
4277,7.14666666666697,4.063768301421078e-06,6
4278,7.148333333333637,4.0630357034388e-06,6
4279,7.150000000000304,4.0634977267473005e-06,6
4280,7.151666666666971,4.063479082105914e-06,6
4281,7.153333333333638,4.062590960529633e-06,6
4282,7.155000000000305,4.063477263116511e-06,6
4283,7.156666666666972,4.063288997713244e-06,6
4284,7.158333333333639,4.063465894432738e-06,6
4285,7.160000000000306,4.063344476890052e-06,6
4286,7.161666666666973,4.063663254783023e-06,6
4287,7.1633333333336395,4.062429070472717e-06,6
4288,7.1650000000003065,4.063680535182357e-06,6
4289,7.166666666666973,4.0618874663778115e-06,6
4290,7.16833333333364,4.0635736695548985e-06,6
4291,7.170000000000307,4.062867446918972e-06,6
4292,7.171666666666974,4.063496362505248e-06,6
4293,7.173333333333641,4.063530923303915e-06,6
4294,7.175000000000308,4.062102561874781e-06,6
4295,7.176666666666975,4.063798769493587e-06,6
4296,7.178333333333642,4.063515916641336e-06,6
4297,7.180000000000309,4.062736024934566e-06,6
4298,7.181666666666976,4.063621418026742e-06,6
4299,7.183333333333643,4.062802872795146e-06,6
4300,7.18500000000031,4.063402684550965e-06,6
4301,7.1866666666669765,4.063012511323905e-06,6
4302,7.188333333333643,4.063677351950901e-06,6
4303,7.19000000000031,4.06336403102614e-06,6
4304,7.191666666666977,4.062690550199477e-06,6
4305,7.193333333333644,4.063586402480723e-06,6
4306,7.195000000000311,4.063424057676457e-06,6
4307,7.196666666666978,4.06342587666586e-06,6
4308,7.198333333333645,4.062602783960756e-06,6
4309,7.200000000000312,4.063426786160562e-06,6
4310,7.201666666666979,4.063472715643002e-06,6
4311,7.203333333333646,4.062800144311041e-06,6
4312,7.205000000000313,4.063517280883389e-06,6
4313,7.20666666666698,4.063007054355694e-06,6
4314,7.208333333333647,4.063454071001615e-06,6
4315,7.2100000000003135,4.062498646817403e-06,6
4316,7.21166666666698,4.063540472998284e-06,6
4317,7.213333333333647,4.062943844473921e-06,6
4318,7.215000000000314,4.063578217028407e-06,6
4319,7.216666666666981,4.063100277562626e-06,6
4320,7.218333333333648,4.0626405279908795e-06,6
4321,7.220000000000315,4.063660071551567e-06,6
4322,7.221666666666982,4.063506366946967e-06,6
4323,7.223333333333649,4.062551397510106e-06,6
4324,7.225000000000316,4.063440428581089e-06,6
4325,7.226666666666983,4.06245089834556e-06,6
4326,7.22833333333365,4.063615051563829e-06,6
4327,7.230000000000317,4.063479082105914e-06,6
4328,7.2316666666669835,4.063511823915178e-06,6
4329,7.2333333333336505,4.0628560782352e-06,6
4330,7.235000000000317,4.063598680659197e-06,6
4331,7.236666666666984,4.063291726197349e-06,6
4332,7.238333333333651,4.062757398060057e-06,6
4333,7.240000000000318,4.063555024913512e-06,6
4334,7.241666666666985,4.06275876230211e-06,6
4335,7.243333333333652,4.063475898874458e-06,6
4336,7.245000000000319,4.062497737322701e-06,6
4337,7.246666666666986,4.063609139848268e-06,6
4338,7.248333333333653,4.06349727199995e-06,6
4339,7.25000000000032,4.062495918333298e-06,6
4340,7.251666666666987,4.063551841682056e-06,6
4341,7.253333333333654,4.06335902880528e-06,6
4342,7.2550000000003205,4.063402684550965e-06,6
4343,7.2566666666669875,4.0628569877299014e-06,6
4344,7.258333333333654,4.063570486323442e-06,6
4345,7.260000000000321,4.063563665113179e-06,6
4346,7.261666666666988,4.063826963829342e-06,6
4347,7.263333333333655,4.063351298100315e-06,6
4348,7.265000000000322,4.064248514623614e-06,6
4349,7.266666666666989,4.0648351387062576e-06,6
4350,7.268333333333656,4.065141638420755e-06,6
4351,7.270000000000323,4.065458597324323e-06,6
4352,7.27166666666699,4.065730990987504e-06,6
4353,7.273333333333657,4.065900157002034e-06,6
4354,7.275000000000324,4.066715973749524e-06,6
4355,7.276666666666991,4.066285782755585e-06,6
4356,7.2783333333336575,4.066921519552125e-06,6
4357,7.280000000000324,4.0673348848940805e-06,6
4358,7.281666666666991,4.067301233590115e-06,6
4359,7.283333333333658,4.067594090884086e-06,6
4360,7.285000000000325,4.068167072546203e-06,6
4361,7.286666666666992,4.068137059221044e-06,6
4362,7.288333333333659,4.0683762563276105e-06,6
4363,7.290000000000326,4.0685845306143165e-06,6
4364,7.291666666666993,4.0690051719138864e-06,6
4365,7.29333333333366,4.0690847527002916e-06,6
4366,7.295000000000327,4.069312581123086e-06,6
4367,7.296666666666994,4.069732312927954e-06,6
4368,7.298333333333661,4.069903297931887e-06,6
4369,7.300000000000328,4.069793249072973e-06,6
4370,7.3016666666669945,4.069235728820786e-06,6
4371,7.303333333333661,4.066901055921335e-06,6
4372,7.305000000000328,4.065905613970244e-06,6
4373,7.306666666666995,4.066380824951921e-06,6
4374,7.308333333333662,4.070282102475176e-06,6
4375,7.310000000000329,4.0657164390722755e-06,6
4376,7.311666666666996,4.069182068633381e-06,6
4377,7.313333333333663,4.069939222972607e-06,6
4378,7.31500000000033,4.0672866816748865e-06,6
4379,7.316666666666997,4.068249381816713e-06,6
4380,7.318333333333664,4.070733666594606e-06,6
4381,7.320000000000331,4.0717127376410645e-06,6
4382,7.321666666666998,4.0683758015802596e-06,6
4383,7.3233333333336645,4.068164344062097e-06,6
4384,7.3250000000003315,4.067105692229234e-06,6
4385,7.326666666666998,4.070300747116562e-06,6
4386,7.328333333333665,4.065618668391835e-06,6
4387,7.330000000000332,4.068176622240571e-06,6
4388,7.331666666666999,4.066262135893339e-06,6
4389,7.333333333333666,4.06889421356027e-06,6
4390,7.335000000000333,4.070227078045718e-06,6
4391,7.336666666667,4.069818714924622e-06,6
4392,7.338333333333667,4.068207545060432e-06,6
4393,7.340000000000334,4.067586360179121e-06,6
4394,7.341666666667001,4.071293915330898e-06,6
4395,7.343333333333668,4.0683039514988195e-06,6
4396,7.345000000000335,4.068136149726342e-06,6
4397,7.3466666666670015,4.071852345077787e-06,6
4398,7.3483333333336684,4.069789156346815e-06,6
4399,7.350000000000335,4.069407623319421e-06,6
4400,7.351666666667002,4.072707724844804e-06,6
4401,7.353333333333669,4.072850515512982e-06,6
4402,7.355000000000336,4.0734307731327135e-06,6
4403,7.356666666667003,4.0728218664298765e-06,6
4404,7.35833333333367,4.072579940839205e-06,6
4405,7.360000000000337,4.072644514963031e-06,6
4406,7.361666666667004,4.0728659769229125e-06,6
4407,7.363333333333671,4.075151991855819e-06,6
4408,7.365000000000338,4.076028744748328e-06,6
4409,7.366666666667005,4.075758624821901e-06,6
4410,7.368333333333672,4.076328877999913e-06,6
4411,7.3700000000003385,4.07622974307742e-06,6
4412,7.371666666667005,4.076825916854432e-06,6
4413,7.373333333333672,4.077319317730144e-06,6
4414,7.375000000000339,4.07770221499959e-06,6
4415,7.376666666667006,4.077582616446307e-06,6
4416,7.378333333333673,4.077521680301288e-06,6
4417,7.38000000000034,4.07769175581052e-06,6
4418,7.381666666667007,4.078064193890896e-06,6
4419,7.383333333333674,4.078280198882567e-06,6
4420,7.385000000000341,4.0786217141430825e-06,6
4421,7.386666666667008,4.0789864215184934e-06,6
4422,7.388333333333675,4.079172413185006e-06,6
4423,7.390000000000342,4.079099653608864e-06,6
4424,7.391666666667009,4.079116934008198e-06,6
4425,7.3933333333336755,4.0791701394482516e-06,6
4426,7.395000000000342,4.079271548107499e-06,6
4427,7.396666666667009,4.079432528669713e-06,6
4428,7.398333333333676,4.079576228832593e-06,6
4429,7.400000000000343,4.079734026163351e-06,6
4430,7.40166666666701,4.079780865140492e-06,6
4431,7.403333333333677,4.079793143318966e-06,6
4432,7.405000000000344,4.079793598066317e-06,6
4433,7.406666666667011,4.079780865140492e-06,6
4434,7.408333333333678,4.079795871803071e-06,6
4435,7.410000000000345,4.079793143318966e-06,6
4436,7.411666666667012,4.079793598066317e-06,6
4437,7.413333333333679,4.079793598066317e-06,6
4438,7.4150000000003455,4.07978996008751e-06,6
4439,7.4166666666670125,4.079806330992142e-06,6
4440,7.418333333333679,4.079804057255387e-06,6
4441,7.420000000000346,4.079792233824264e-06,6
4442,7.421666666667013,4.079821792402072e-06,6
4443,7.42333333333368,4.07980041927658e-06,6
4444,7.425000000000347,4.07979496230837e-06,6
4445,7.426666666667014,4.079783593624597e-06,6
4446,7.428333333333681,4.079786776856054e-06,6
4447,7.430000000000348,4.079792233824264e-06,6
4448,7.431666666667015,4.079791779076913e-06,6
4449,7.433333333333682,4.079806785739493e-06,6
4450,7.435000000000349,4.079789050592808e-06,6
4451,7.436666666667016,4.07979496230837e-06,6
4452,7.4383333333336825,4.07978996008751e-06,6
4453,7.4400000000003494,4.079788595845457e-06,6
4454,7.441666666667016,4.079806785739493e-06,6
4455,7.443333333333683,4.079785412614001e-06,6
4456,7.44500000000035,4.0797990550345276e-06,6
4457,7.446666666667017,4.07979496230837e-06,6
4458,7.448333333333684,4.079793598066317e-06,6
4459,7.450000000000351,4.079777227161685e-06,6
4460,7.451666666667018,4.079796326550422e-06,6
4461,7.453333333333685,4.07978996008751e-06,6
4462,7.455000000000352,4.0797831388772465e-06,6
4463,7.456666666667019,4.079810878465651e-06,6
4464,7.458333333333686,4.0797990550345276e-06,6
4465,7.460000000000353,4.079791779076913e-06,6
4466,7.4616666666670195,4.079798145539826e-06,6
4467,7.463333333333686,4.079791779076913e-06,6
4468,7.465000000000353,4.079803602508036e-06,6
4469,7.46666666666702,4.07978495786665e-06,6
4470,7.468333333333687,4.079790414834861e-06,6
4471,7.470000000000354,4.079798145539826e-06,6
4472,7.471666666667021,4.079800874023931e-06,6
4473,7.473333333333688,4.079804966750089e-06,6
4474,7.475000000000355,4.079786776856054e-06,6
4475,7.476666666667022,4.079803602508036e-06,6
4476,7.478333333333689,4.079802238265984e-06,6
4477,7.480000000000356,4.079798600287177e-06,6
4478,7.481666666667023,4.079796326550422e-06,6
4479,7.4833333333336896,4.079817699675914e-06,6
4480,7.4850000000003565,4.079773134435527e-06,6
4481,7.486666666667023,4.079806330992142e-06,6
4482,7.48833333333369,4.07977995564579e-06,6
4483,7.490000000000357,4.0797990550345276e-06,6
4484,7.491666666667024,4.079786322108703e-06,6
4485,7.493333333333691,4.079790414834861e-06,6
4486,7.495000000000358,4.079796781297773e-06,6
4487,7.496666666667025,4.0797913243295625e-06,6
4488,7.498333333333692,4.079796781297773e-06,6
4489,7.500000000000359,4.079789050592808e-06,6
4490,7.501666666667026,4.079786776856054e-06,6
4491,7.503333333333693,4.0797995097818784e-06,6
4492,7.50500000000036,4.079795871803071e-06,6
4493,7.5066666666670265,4.079798145539826e-06,6
4494,7.5083333333336935,4.079797690792475e-06,6
4495,7.51000000000036,4.079805876244791e-06,6
4496,7.511666666667027,4.079793143318966e-06,6
4497,7.513333333333694,4.079805876244791e-06,6
4498,7.515000000000361,4.079788141098106e-06,6
4499,7.516666666667028,4.079809514223598e-06,6
4500,7.518333333333695,4.0797954170557205e-06,6
4501,7.520000000000362,4.07980041927658e-06,6
4502,7.521666666667029,4.079790414834861e-06,6
4503,7.523333333333696,4.079793598066317e-06,6
4504,7.525000000000363,4.079800874023931e-06,6
4505,7.52666666666703,4.079803602508036e-06,6
4506,7.528333333333697,4.079789505340159e-06,6
4507,7.5300000000003635,4.079790869582212e-06,6
4508,7.53166666666703,4.079792233824264e-06,6
4509,7.533333333333697,4.079795871803071e-06,6
4510,7.535000000000364,4.0798031477606855e-06,6
4511,7.536666666667031,4.079796326550422e-06,6
4512,7.538333333333698,4.079794507561019e-06,6
4513,7.540000000000365,4.079785412614001e-06,6
4514,7.541666666667032,4.079802693013335e-06,6
4515,7.543333333333699,4.079798145539826e-06,6
4516,7.545000000000366,4.0797913243295625e-06,6
4517,7.546666666667033,4.07980041927658e-06,6
4518,7.5483333333337,4.079801783518633e-06,6
4519,7.550000000000367,4.07979496230837e-06,6
4520,7.551666666667034,4.079799964529229e-06,6
4521,7.5533333333337005,4.079793143318966e-06,6
4522,7.555000000000367,4.07980041927658e-06,6
4523,7.556666666667034,4.079798600287177e-06,6
4524,7.558333333333701,4.0797913243295625e-06,6
4525,7.560000000000368,4.079796326550422e-06,6
4526,7.561666666667035,4.079794052813668e-06,6
4527,7.563333333333702,4.079792688571615e-06,6
4528,7.565000000000369,4.079795871803071e-06,6
4529,7.566666666667036,4.079810878465651e-06,6
4530,7.568333333333703,4.079794507561019e-06,6
4531,7.57000000000037,4.07980542149744e-06,6
4532,7.571666666667037,4.0797872316034045e-06,6
4533,7.573333333333704,4.079809514223598e-06,6
4534,7.5750000000003705,4.079797236045124e-06,6
4535,7.5766666666670375,4.079792233824264e-06,6
4536,7.578333333333704,4.079801328771282e-06,6
4537,7.580000000000371,4.079793598066317e-06,6
4538,7.581666666667038,4.079796326550422e-06,6
4539,7.583333333333705,4.079789050592808e-06,6
4540,7.585000000000372,4.079784048371948e-06,6
4541,7.586666666667039,4.079793598066317e-06,6
4542,7.588333333333706,4.079792688571615e-06,6
4543,7.590000000000373,4.079786322108703e-06,6
4544,7.59166666666704,4.079794052813668e-06,6
4545,7.593333333333707,4.0797954170557205e-06,6
4546,7.595000000000374,4.079795871803071e-06,6
4547,7.596666666667041,4.079803602508036e-06,6
4548,7.5983333333337075,4.079783593624597e-06,6
4549,7.6000000000003745,4.079802693013335e-06,6
4550,7.601666666667041,4.0797995097818784e-06,6
4551,7.603333333333708,4.079798145539826e-06,6
4552,7.605000000000375,4.079793598066317e-06,6
4553,7.606666666667042,4.079786322108703e-06,6
4554,7.608333333333709,4.0797913243295625e-06,6
4555,7.610000000000376,4.079796781297773e-06,6
4556,7.611666666667043,4.079787686350755e-06,6
4557,7.61333333333371,4.079784503119299e-06,6
4558,7.615000000000377,4.079789505340159e-06,6
4559,7.616666666667044,4.079799964529229e-06,6
4560,7.618333333333711,4.0797995097818784e-06,6
4561,7.620000000000378,4.079797236045124e-06,6
4562,7.6216666666670445,4.079796781297773e-06,6
4563,7.623333333333711,4.079807695234194e-06,6
4564,7.625000000000378,4.079790869582212e-06,6
4565,7.626666666667045,4.079786776856054e-06,6
4566,7.628333333333712,4.079795871803071e-06,6
4567,7.630000000000379,4.07978996008751e-06,7
4568,7.631666666667046,4.079786776856054e-06,7
4569,7.633333333333713,4.079796781297773e-06,7
4570,7.63500000000038,4.07978996008751e-06,7
4571,7.636666666667047,4.079796326550422e-06,7
4572,7.638333333333714,4.0797831388772465e-06,7
4573,7.640000000000381,4.079787686350755e-06,7
4574,7.641666666667048,4.07979496230837e-06,7
4575,7.643333333333715,4.079809059476247e-06,7
4576,7.6450000000003815,4.0797990550345276e-06,7
4577,7.646666666667048,4.079788141098106e-06,7
4578,7.648333333333715,4.079794052813668e-06,7
4579,7.650000000000382,4.079786776856054e-06,7
4580,7.651666666667049,4.079788141098106e-06,7
4581,7.653333333333716,4.079803602508036e-06,7
4582,7.655000000000383,4.079814516444458e-06,7
4583,7.65666666666705,4.079785867361352e-06,7
4584,7.658333333333717,4.0797795008984394e-06,7
4585,7.660000000000384,4.079798145539826e-06,7
4586,7.661666666667051,4.079806785739493e-06,7
4587,7.663333333333718,4.079787686350755e-06,7
4588,7.665000000000385,4.079800874023931e-06,7
4589,7.6666666666670515,4.079799964529229e-06,7
4590,7.6683333333337185,4.07980041927658e-06,7
4591,7.670000000000385,4.0798072404868435e-06,7
4592,7.671666666667052,4.07978996008751e-06,7
4593,7.673333333333719,4.0797990550345276e-06,7
4594,7.675000000000386,4.079796326550422e-06,7
4595,7.676666666667053,4.079774043930229e-06,7
4596,7.67833333333372,4.079796326550422e-06,7
4597,7.680000000000387,4.079791779076913e-06,7
4598,7.681666666667054,4.079804966750089e-06,7
4599,7.683333333333721,4.0797990550345276e-06,7
4600,7.685000000000388,4.079794052813668e-06,7
4601,7.686666666667055,4.0797872316034045e-06,7
4602,7.688333333333722,4.0797913243295625e-06,7
4603,7.6900000000003885,4.079795871803071e-06,7
4604,7.6916666666670555,4.079797690792475e-06,7
4605,7.693333333333722,4.079795871803071e-06,7
4606,7.695000000000389,4.079792233824264e-06,7
4607,7.696666666667056,4.079794052813668e-06,7
4608,7.698333333333723,4.0797995097818784e-06,7
4609,7.70000000000039,4.079785867361352e-06,7
4610,7.701666666667057,4.0797913243295625e-06,7
4611,7.703333333333724,4.079729478689842e-06,7
4612,7.705000000000391,4.079660357092507e-06,7
4613,7.706666666667058,4.079537120560417e-06,7
4614,7.708333333333725,4.079484824615065e-06,7
4615,7.710000000000392,4.079407972312765e-06,7
4616,7.711666666667059,4.079403424839256e-06,7
4617,7.7133333333337255,4.079404789081309e-06,7
4618,7.715000000000392,4.0794029700919054e-06,7
4619,7.716666666667059,4.079086920683039e-06,7
4620,7.718333333333726,4.078765414305963e-06,7
4621,7.720000000000393,4.0783411350275856e-06,7
4622,7.72166666666706,4.078043275512755e-06,7
4623,7.723333333333727,4.077790890733013e-06,7
4624,7.725000000000394,4.077765879628714e-06,7
4625,7.726666666667061,4.077794983459171e-06,7
4626,7.728333333333728,4.077507583133411e-06,7
4627,7.730000000000395,4.077057383256033e-06,7
4628,7.731666666667062,4.076432105648564e-06,7
4629,7.733333333333729,4.0758700379228685e-06,7
4630,7.735000000000396,4.075431206729263e-06,7
4631,7.7366666666670625,4.075085598742589e-06,7
4632,7.738333333333729,4.0750051084614825e-06,7
4633,7.740000000000396,4.074950084032025e-06,7
4634,7.741666666667063,4.074148364452412e-06,7
4635,7.74333333333373,4.073784111824352e-06,7
4636,7.745000000000397,4.073252057423815e-06,7
4637,7.746666666667064,4.0727782106841914e-06,7
4638,7.748333333333731,4.0721329241932835e-06,7
4639,7.750000000000398,4.0718364289205056e-06,7
4640,7.751666666667065,4.071644980285782e-06,7
4641,7.753333333333732,4.0709714994591195e-06,7
4642,7.755000000000399,4.071056082466384e-06,7
4643,7.756666666667066,4.069908754900098e-06,7
4644,7.7583333333337325,4.069888291269308e-06,7
4645,7.7600000000003995,4.070061550009996e-06,7
4646,7.761666666667066,4.068557245773263e-06,7
4647,7.763333333333733,4.068143425683957e-06,7
4648,7.7650000000004,4.067774625582388e-06,7
4649,7.766666666667067,4.067793270223774e-06,7
4650,7.768333333333734,4.066276687808568e-06,7
4651,7.770000000000401,4.066188466822496e-06,7
4652,7.771666666667068,4.06555454901536e-06,7
4653,7.773333333333735,4.065544999320991e-06,7
4654,7.775000000000402,4.064437689521583e-06,7
4655,7.776666666667069,4.064290351379896e-06,7
4656,7.778333333333736,4.063620053784689e-06,7
4657,7.780000000000403,4.063214873895049e-06,7
4658,7.7816666666670695,4.062771949975286e-06,7
4659,7.7833333333337364,4.062302650709171e-06,7
4660,7.785000000000403,4.061858362547355e-06,7
4661,7.78666666666707,4.061369509145152e-06,7
4662,7.788333333333737,4.060909304826055e-06,7
4663,7.790000000000404,4.060475021105958e-06,7
4664,7.791666666667071,4.060010269313352e-06,7
4665,7.793333333333738,4.059546427015448e-06,7
4666,7.795000000000405,4.05908076572814e-06,7
4667,7.796666666667072,4.05861374019878e-06,7
4668,7.798333333333739,4.058171725773718e-06,7
4669,7.800000000000406,4.057722435391042e-06,7
4670,7.801666666667073,4.057263595313998e-06,7
4671,7.80333333333374,4.056807028973708e-06,7
4672,7.8050000000004065,4.0563641050539445e-06,7
4673,7.806666666667073,4.055914359923918e-06,7
4674,7.80833333333374,4.055461886309786e-06,7
4675,7.810000000000407,4.0550262383476365e-06,7
4676,7.811666666667074,4.0545696720073465e-06,7
4677,7.813333333333741,4.054110831930302e-06,7
4678,7.815000000000408,4.053670181747293e-06,7
4679,7.816666666667075,4.053204520459985e-06,7
4680,7.818333333333742,4.052753411087906e-06,7
4681,7.820000000000409,4.052297754242318e-06,7
4682,7.821666666667076,4.051835276186466e-06,7
4683,7.823333333333743,4.051392807014054e-06,7
4684,7.82500000000041,4.050935331179062e-06,7
4685,7.8266666666670766,4.050471943628509e-06,7
4686,7.8283333333337435,4.050020379509078e-06,7
4687,7.83000000000041,4.049554718221771e-06,7
4688,7.831666666667077,4.04909269491327e-06,7
4689,7.833333333333744,4.048635219078278e-06,7
4690,7.835000000000411,4.048147275170777e-06,7
4691,7.836666666667078,4.047243692184566e-06,7
4692,7.838333333333745,4.047238235216355e-06,7
4693,7.840000000000412,4.0462027754983865e-06,7
4694,7.841666666667079,4.04630736738909e-06,7
4695,7.843333333333746,4.045226432936033e-06,7
4696,7.845000000000413,4.045426976517774e-06,7
4697,7.84666666666708,4.044282832182944e-06,7
4698,7.848333333333747,4.044965862703975e-06,7
4699,7.8500000000004135,4.044705292471917e-06,7
4700,7.8516666666670805,4.044961769977817e-06,7
4701,7.853333333333747,4.044777142553357e-06,7
4702,7.855000000000414,4.044872184749693e-06,7
4703,7.856666666667081,4.044868546770886e-06,7
4704,7.858333333333748,4.044827619509306e-06,7
4705,7.860000000000415,4.044878096465254e-06,7
4706,7.861666666667082,4.044838533445727e-06,7
4707,7.863333333333749,4.0448489926347975e-06,7
4708,7.865000000000416,4.044848083140096e-06,7
4709,7.866666666667083,4.0448567233397625e-06,7
4710,7.86833333333375,4.0448571780871134e-06,7
4711,7.870000000000417,4.044859906571219e-06,7
4712,7.871666666667084,4.044858087581815e-06,7
4713,7.8733333333337505,4.044846718898043e-06,7
4714,7.875000000000417,4.0448448999086395e-06,7
4715,7.876666666667084,4.0448530853609554e-06,7
4716,7.878333333333751,4.04485035687685e-06,7
4717,7.880000000000418,4.044853994855657e-06,7
4718,7.881666666667085,4.044853994855657e-06,7
4719,7.883333333333752,4.044854904350359e-06,7
4720,7.885000000000419,4.044843990413938e-06,7
4721,7.886666666667086,4.044851721118903e-06,7
4722,7.888333333333753,4.044861725560622e-06,7
4723,7.89000000000042,4.0448489926347975e-06,7
4724,7.891666666667087,4.044849447382148e-06,7
4725,7.893333333333754,4.044844445161289e-06,7
4726,7.895000000000421,4.044859451823868e-06,7
4727,7.8966666666670875,4.044845809403341e-06,7
4728,7.898333333333754,4.044841261929832e-06,7
4729,7.900000000000421,4.044855813845061e-06,7
4730,7.901666666667088,4.0448448999086395e-06,7
4731,7.903333333333755,4.044848083140096e-06,7
4732,7.905000000000422,4.044833531224867e-06,7
4733,7.906666666667089,4.044858997076517e-06,7
4734,7.908333333333756,4.044847628392745e-06,7
4735,7.910000000000423,4.044853994855657e-06,7
4736,7.91166666666709,4.044846718898043e-06,7
4737,7.913333333333757,4.0448690015182365e-06,7
4738,7.915000000000424,4.0448571780871134e-06,7
4739,7.916666666667091,4.044853994855657e-06,7
4740,7.9183333333337576,4.044858087581815e-06,7
4741,7.9200000000004245,4.044854449603008e-06,7
4742,7.921666666667091,4.0448526306136046e-06,7
4743,7.923333333333758,4.044862635055324e-06,7
4744,7.925000000000425,4.044847173645394e-06,7
4745,7.926666666667092,4.044863089802675e-06,7
4746,7.928333333333759,4.04485035687685e-06,7
4747,7.930000000000426,4.0448649087920785e-06,7
4748,7.931666666667093,4.044846264150692e-06,7
4749,7.93333333333376,4.0448571780871134e-06,7
4750,7.935000000000427,4.04486581828678e-06,7
4751,7.936666666667094,4.0448530853609554e-06,7
4752,7.938333333333761,4.044856268592412e-06,7
4753,7.940000000000428,4.044851266371552e-06,7
4754,7.9416666666670945,4.044853540108306e-06,7
4755,7.9433333333337615,4.044850811624201e-06,7
4756,7.945000000000428,4.044869456265587e-06,7
4757,7.946666666667095,4.0448526306136046e-06,7
4758,7.948333333333762,4.044854449603008e-06,7
4759,7.950000000000429,4.04485035687685e-06,7
4760,7.951666666667096,4.044853540108306e-06,7
4761,7.953333333333763,4.044858087581815e-06,7
4762,7.95500000000043,4.044868092023535e-06,7
4763,7.956666666667097,4.04485035687685e-06,7
4764,7.958333333333764,4.0448567233397625e-06,7
4765,7.960000000000431,4.044850811624201e-06,7
4766,7.961666666667098,4.044862180307973e-06,7
4767,7.963333333333765,4.044849902129499e-06,7
4768,7.9650000000004315,4.0448571780871134e-06,7
4769,7.966666666667098,4.044848537887447e-06,7
4770,7.968333333333765,4.04485535909771e-06,7
4771,7.970000000000432,4.044854449603008e-06,7
4772,7.971666666667099,4.044859451823868e-06,7
4773,7.973333333333766,4.0448571780871134e-06,7
4774,7.975000000000433,4.044854449603008e-06,7
4775,7.9766666666671,4.044847173645394e-06,7
4776,7.978333333333767,4.044847173645394e-06,7
4777,7.980000000000434,4.044859451823868e-06,7
4778,7.981666666667101,4.04485035687685e-06,7
4779,7.983333333333768,4.044846718898043e-06,7
4780,7.985000000000435,4.044848537887447e-06,7
4781,7.986666666667102,4.044849902129499e-06,7
4782,7.9883333333337685,4.044854904350359e-06,7
4783,7.990000000000435,4.0448649087920785e-06,7
4784,7.991666666667102,4.044849447382148e-06,7
4785,7.993333333333769,4.044858997076517e-06,7
4786,7.995000000000436,4.044852175866254e-06,7
4787,7.996666666667103,4.044852175866254e-06,7
4788,7.99833333333377,4.044850811624201e-06,7
4789,8.000000000000437,4.044851266371552e-06,7
4790,8.001666666667104,4.044847173645394e-06,7
4791,8.00333333333377,4.0448526306136046e-06,7
4792,8.005000000000438,4.044858542329166e-06,7
4793,8.006666666667105,4.044849447382148e-06,7
4794,8.008333333333772,4.044868092023535e-06,7
4795,8.010000000000439,4.044830347993411e-06,7
4796,8.011666666667105,4.044851721118903e-06,7
4797,8.013333333333772,4.0448489926347975e-06,7
4798,8.01500000000044,4.044858997076517e-06,7
4799,8.016666666667106,4.044859906571219e-06,7
4800,8.018333333333773,4.044850811624201e-06,7
4801,8.02000000000044,4.0448408071824815e-06,7
4802,8.021666666667107,4.044840352435131e-06,7
4803,8.023333333333774,4.044854449603008e-06,7
4804,8.025000000000441,4.044852175866254e-06,7
4805,8.026666666667108,4.044854449603008e-06,7
4806,8.028333333333775,4.044854449603008e-06,7
4807,8.030000000000442,4.044847628392745e-06,7
4808,8.031666666667109,4.044840352435131e-06,7
4809,8.033333333333776,4.0448571780871134e-06,7
4810,8.035000000000442,4.044853540108306e-06,7
4811,8.03666666666711,4.044857632834464e-06,7
4812,8.038333333333776,4.0448489926347975e-06,7
4813,8.040000000000443,4.044849902129499e-06,7
4814,8.04166666666711,4.0448530853609554e-06,7
4815,8.043333333333777,4.0448530853609554e-06,7
4816,8.045000000000444,4.044858087581815e-06,7
4817,8.046666666667111,4.044852175866254e-06,7
4818,8.048333333333778,4.044849902129499e-06,7
4819,8.050000000000445,4.044841261929832e-06,7
4820,8.051666666667112,4.044851266371552e-06,7
4821,8.053333333333779,4.044852175866254e-06,7
4822,8.055000000000446,4.044858997076517e-06,7
4823,8.056666666667113,4.044858997076517e-06,7
4824,8.05833333333378,4.044845809403341e-06,7
4825,8.060000000000446,4.044847628392745e-06,7
4826,8.061666666667113,4.044848537887447e-06,7
4827,8.06333333333378,4.0448530853609554e-06,7
4828,8.065000000000447,4.0448526306136046e-06,7
4829,8.066666666667114,4.044861270813271e-06,7
4830,8.068333333333781,4.044849902129499e-06,7
4831,8.070000000000448,4.044862635055324e-06,7
4832,8.071666666667115,4.044853994855657e-06,7
4833,8.073333333333782,4.044851721118903e-06,7
4834,8.075000000000449,4.044854904350359e-06,7
4835,8.076666666667116,4.044853540108306e-06,7
4836,8.078333333333783,4.044854904350359e-06,7
4837,8.08000000000045,4.044858542329166e-06,7
4838,8.081666666667116,4.044838988193078e-06,7
4839,8.083333333333783,4.044851721118903e-06,7
4840,8.08500000000045,4.044855813845061e-06,7
4841,8.086666666667117,4.044863089802675e-06,7
4842,8.088333333333784,4.044836259708973e-06,7
4843,8.090000000000451,4.0448567233397625e-06,7
4844,8.091666666667118,4.044854449603008e-06,7
4845,8.093333333333785,4.044861270813271e-06,7
4846,8.095000000000452,4.044847628392745e-06,7
4847,8.096666666667119,4.044863544550026e-06,7
4848,8.098333333333786,4.044856268592412e-06,7
4849,8.100000000000453,4.044859906571219e-06,7
4850,8.10166666666712,4.044852175866254e-06,7
4851,8.103333333333786,4.044851721118903e-06,7
4852,8.105000000000453,4.044866727781482e-06,7
4853,8.10666666666712,4.044848083140096e-06,7
4854,8.108333333333787,4.044862635055324e-06,7
4855,8.110000000000454,4.044854449603008e-06,7
4856,8.111666666667121,4.044848083140096e-06,7
4857,8.113333333333788,4.044846264150692e-06,7
4858,8.115000000000455,4.044853540108306e-06,7
4859,8.116666666667122,4.0448526306136046e-06,7
4860,8.118333333333789,4.044850811624201e-06,7
4861,8.120000000000456,4.044848537887447e-06,7
4862,8.121666666667123,4.0448489926347975e-06,7
4863,8.12333333333379,4.044849447382148e-06,7
4864,8.125000000000457,4.0448530853609554e-06,7
4865,8.126666666667123,4.044859451823868e-06,7
4866,8.12833333333379,4.0448690015182365e-06,7
4867,8.130000000000457,4.04485535909771e-06,7
4868,8.131666666667124,4.044841716677183e-06,7
4869,8.133333333333791,4.044858997076517e-06,7
4870,8.135000000000458,4.044849447382148e-06,7
4871,8.136666666667125,4.04486036131857e-06,7
4872,8.138333333333792,4.044857632834464e-06,7
4873,8.140000000000459,4.0448571780871134e-06,7
4874,8.141666666667126,4.044848083140096e-06,7
4875,8.143333333333793,4.044853540108306e-06,7
4876,8.14500000000046,4.044851721118903e-06,7
4877,8.146666666667127,4.044852175866254e-06,7
4878,8.148333333333794,4.04483489546692e-06,7
4879,8.15000000000046,4.044851266371552e-06,7
4880,8.151666666667127,4.044846718898043e-06,7
4881,8.153333333333794,4.044862180307973e-06,7
4882,8.155000000000461,4.04485535909771e-06,7
4883,8.156666666667128,4.044854449603008e-06,7
4884,8.158333333333795,4.044854449603008e-06,7
4885,8.160000000000462,4.044846718898043e-06,7
4886,8.161666666667129,4.044863544550026e-06,7
4887,8.163333333333796,4.044863999297377e-06,7
4888,8.165000000000463,4.044848537887447e-06,7
4889,8.16666666666713,4.044839442940429e-06,7
4890,8.168333333333797,4.044853994855657e-06,7
4891,8.170000000000464,4.044853540108306e-06,7
4892,8.17166666666713,4.04485035687685e-06,7
4893,8.173333333333797,4.044843990413938e-06,7
4894,8.175000000000464,4.0448571780871134e-06,7
4895,8.176666666667131,4.044854449603008e-06,7
4896,8.178333333333798,4.044849447382148e-06,7
4897,8.180000000000465,4.044853994855657e-06,7
4898,8.181666666667132,4.0448571780871134e-06,7
4899,8.183333333333799,4.044844445161289e-06,7
4900,8.185000000000466,4.0448489926347975e-06,7
4901,8.186666666667133,4.044854449603008e-06,7
4902,8.1883333333338,4.044858542329166e-06,7
4903,8.190000000000467,4.044859451823868e-06,7
4904,8.191666666667134,4.044838988193078e-06,7
4905,8.1933333333338,4.044863089802675e-06,7
4906,8.195000000000467,4.0448567233397625e-06,7
4907,8.196666666667134,4.044855813845061e-06,7
4908,8.198333333333801,4.044859906571219e-06,7
4909,8.200000000000468,4.044861725560622e-06,7
4910,8.201666666667135,4.044845809403341e-06,7
4911,8.203333333333802,4.044847173645394e-06,7
4912,8.205000000000469,4.044843535666587e-06,7
4913,8.206666666667136,4.044851266371552e-06,7
4914,8.208333333333803,4.04486036131857e-06,7
4915,8.21000000000047,4.044854449603008e-06,7
4916,8.211666666667137,4.044838078698376e-06,7
4917,8.213333333333804,4.044850811624201e-06,7
4918,8.21500000000047,4.044846718898043e-06,7
4919,8.216666666667138,4.044853540108306e-06,7
4920,8.218333333333804,4.0448530853609554e-06,7
4921,8.220000000000471,4.044839442940429e-06,7
4922,8.221666666667138,4.044843080919236e-06,7
4923,8.223333333333805,4.04486036131857e-06,7
4924,8.225000000000472,4.044858997076517e-06,7
4925,8.226666666667139,4.044857632834464e-06,7
4926,8.228333333333806,4.044856268592412e-06,7
4927,8.230000000000473,4.044861270813271e-06,7
4928,8.23166666666714,4.044847173645394e-06,7
4929,8.233333333333807,4.044843990413938e-06,7
4930,8.235000000000474,4.044849902129499e-06,7
4931,8.23666666666714,4.044846718898043e-06,7
4932,8.238333333333808,4.044858542329166e-06,7
4933,8.240000000000475,4.044869911012938e-06,7
4934,8.241666666667141,4.044862180307973e-06,7
4935,8.243333333333808,4.0448530853609554e-06,7
4936,8.245000000000475,4.044843535666587e-06,7
4937,8.246666666667142,4.044849447382148e-06,7
4938,8.24833333333381,4.04485535909771e-06,7
4939,8.250000000000476,4.0448767322232015e-06,7
4940,8.251666666667143,4.044858087581815e-06,7
4941,8.25333333333381,4.0448448999086395e-06,7
4942,8.255000000000477,4.044858542329166e-06,7
4943,8.256666666667144,4.044852175866254e-06,7
4944,8.25833333333381,4.044858997076517e-06,7
4945,8.260000000000478,4.04486581828678e-06,7
4946,8.261666666667145,4.0448530853609554e-06,7
4947,8.263333333333811,4.0448530853609554e-06,7
4948,8.265000000000478,4.044852175866254e-06,7
4949,8.266666666667145,4.044859906571219e-06,7
4950,8.268333333333812,4.0448530853609554e-06,7
4951,8.27000000000048,4.04484535465599e-06,7
4952,8.271666666667146,4.044847628392745e-06,7
4953,8.273333333333813,4.044856268592412e-06,7
4954,8.27500000000048,4.044858087581815e-06,7
4955,8.276666666667147,4.0448530853609554e-06,7
4956,8.278333333333814,4.04485535909771e-06,7
4957,8.28000000000048,4.044865363539429e-06,7
4958,8.281666666667148,4.0448448999086395e-06,7
4959,8.283333333333815,4.044853994855657e-06,7
4960,8.285000000000482,4.0448408071824815e-06,7
4961,8.286666666667148,4.044855813845061e-06,7
4962,8.288333333333815,4.044848083140096e-06,7
4963,8.290000000000482,4.044843080919236e-06,7
4964,8.29166666666715,4.044856268592412e-06,7
4965,8.293333333333816,4.044848083140096e-06,7
4966,8.295000000000483,4.044850811624201e-06,7
4967,8.29666666666715,4.044852175866254e-06,7
4968,8.298333333333817,4.044845809403341e-06,7
4969,8.300000000000484,4.044842171424534e-06,7
4970,8.30166666666715,4.0448571780871134e-06,7
4971,8.303333333333818,4.044847628392745e-06,7
4972,8.305000000000485,4.044846718898043e-06,7
4973,8.306666666667152,4.044851721118903e-06,7
4974,8.308333333333819,4.044856268592412e-06,7
4975,8.310000000000485,4.044842171424534e-06,7
4976,8.311666666667152,4.044841261929832e-06,7
4977,8.31333333333382,4.044851266371552e-06,7
4978,8.315000000000486,4.044849902129499e-06,7
4979,8.316666666667153,4.044858997076517e-06,7
4980,8.31833333333382,4.044852175866254e-06,7
4981,8.320000000000487,4.0448567233397625e-06,7
4982,8.321666666667154,4.044847173645394e-06,7
4983,8.32333333333382,4.044855813845061e-06,7
4984,8.325000000000488,4.044849902129499e-06,7
4985,8.326666666667155,4.044849447382148e-06,7
4986,8.328333333333822,4.044848537887447e-06,7
4987,8.330000000000489,4.044840352435131e-06,7
4988,8.331666666667155,4.044857632834464e-06,7
4989,8.333333333333822,4.044857632834464e-06,7
4990,8.33500000000049,4.044853994855657e-06,7
4991,8.336666666667156,4.044842626171885e-06,7
4992,8.338333333333823,4.044858997076517e-06,7
4993,8.34000000000049,4.044856268592412e-06,7
4994,8.341666666667157,4.044847628392745e-06,7
4995,8.343333333333824,4.044866273034131e-06,7
4996,8.345000000000491,4.044848537887447e-06,7
4997,8.346666666667158,4.044847173645394e-06,7
4998,8.348333333333825,4.0448608160659205e-06,7
4999,8.350000000000492,4.045336027047597e-06,7
5000,8.351666666667159,4.0457421164319385e-06,7
5001,8.353333333333826,4.0462346078129485e-06,7
5002,8.355000000000492,4.046696176374098e-06,7
5003,8.35666666666716,4.047154561703792e-06,7
5004,8.358333333333826,4.047645688842749e-06,7
5005,8.360000000000493,4.0480931602360215e-06,7
5006,8.36166666666716,4.048592927574646e-06,7
5007,8.363333333333827,4.0490463106834795e-06,7
5008,8.365000000000494,4.0495028770237695e-06,7
5009,8.366666666667161,4.049984909215709e-06,7
5010,8.368333333333828,4.050445568282157e-06,7
5011,8.370000000000495,4.050879397254903e-06,7
5012,8.371666666667162,4.05139098802465e-06,7
5013,8.373333333333829,4.051839823659975e-06,7
5014,8.375000000000496,4.052289568790002e-06,7
5015,8.376666666667163,4.052746135130292e-06,7
5016,8.37833333333383,4.053216343891108e-06,7
5017,8.380000000000496,4.053670636494644e-06,7
5018,8.381666666667163,4.0541249290981796e-06,7
5019,8.38333333333383,4.054584678669926e-06,7
5020,8.385000000000497,4.055033514305251e-06,7
5021,8.386666666667164,4.055485533172032e-06,7
5022,8.388333333333831,4.055944827996427e-06,7
5023,8.390000000000498,4.056415036757244e-06,7
5024,8.391666666667165,4.056870693602832e-06,7
5025,8.393333333333832,4.0573336264060345e-06,7
5026,8.395000000000499,4.057807018398307e-06,7
5027,8.396666666667166,4.058268132212106e-06,7
5028,8.398333333333833,4.0586915019957814e-06,7
5029,8.4000000000005,4.059177626913879e-06,7
5030,8.401666666667166,4.059613274876028e-06,7
5031,8.403333333333833,4.0600971260573715e-06,7
5032,8.4050000000005,4.060569153807592e-06,7
5033,8.406666666667167,4.061017534695566e-06,7
5034,8.408333333333834,4.0620034269522876e-06,7
5035,8.410000000000501,4.0617633203510195e-06,7
5036,8.411666666667168,4.062870175403077e-06,7
5037,8.413333333333835,4.062706466356758e-06,7
5038,8.415000000000502,4.064999302499928e-06,7
5039,8.416666666667169,4.0632812670082785e-06,7
5040,8.418333333333836,4.065675057063345e-06,7
5041,8.420000000000503,4.064217591803754e-06,7
5042,8.42166666666717,4.065852408530191e-06,7
5043,8.423333333333836,4.0668942347110715e-06,7
5044,8.425000000000503,4.065932444063947e-06,7
5045,8.42666666666717,4.068337602802785e-06,7
5046,8.428333333333837,4.0672866816748865e-06,7
5047,8.430000000000504,4.068871930940077e-06,7
5048,8.431666666667171,4.068549969815649e-06,7
5049,8.433333333333838,4.07008428737754e-06,7
5050,8.435000000000505,4.069598162459442e-06,7
5051,8.436666666667172,4.071176135767018e-06,7
5052,8.438333333333839,4.070169325132156e-06,7
5053,8.440000000000506,4.071180228493176e-06,7
5054,8.441666666667173,4.071323019161355e-06,7
5055,8.44333333333384,4.071795501658926e-06,7
5056,8.445000000000507,4.071938292327104e-06,7
5057,8.446666666667173,4.072343017469393e-06,7
5058,8.44833333333384,4.072849606018281e-06,7
5059,8.450000000000507,4.073575837537646e-06,7
5060,8.451666666667174,4.074061507708393e-06,7
5061,8.453333333333841,4.074829121236689e-06,7
5062,8.455000000000508,4.074770458828425e-06,7
5063,8.456666666667175,4.075102879141923e-06,7
5064,8.458333333333842,4.075189735885942e-06,7
5065,8.460000000000509,4.075690412719268e-06,7
5066,8.461666666667176,4.076118784723803e-06,7
5067,8.463333333333843,4.076738150615711e-06,7
5068,8.46500000000051,4.077316589246038e-06,7
5069,8.466666666667177,4.07763036491815e-06,7
5070,8.468333333333844,4.077858648088295e-06,7
5071,8.47000000000051,4.077765424881363e-06,7
5072,8.471666666667177,4.0778927541396115e-06,7
5073,8.473333333333844,4.078217898495495e-06,7
5074,8.475000000000511,4.078602160006994e-06,7
5075,8.476666666667178,4.079015980096301e-06,7
5076,8.478333333333845,4.079284281033324e-06,7
5077,8.480000000000512,4.079484824615065e-06,7
5078,8.481666666667179,4.079368864040589e-06,7
5079,8.483333333333846,4.0794147935230285e-06,7
5080,8.485000000000513,4.0794425331114326e-06,7
5081,8.48666666666718,4.07959532822133e-06,7
5082,8.488333333333847,4.0796749090077356e-06,7
5083,8.490000000000514,4.079756308783544e-06,7
5084,8.49166666666718,4.0797995097818784e-06,7
5085,8.493333333333847,4.079791779076913e-06,7
5086,8.495000000000514,4.07977995564579e-06,7
5087,8.496666666667181,4.0797872316034045e-06,7
5088,8.498333333333848,4.079794052813668e-06,7
5089,8.500000000000515,4.079770405951422e-06,7
5090,8.501666666667182,4.079794052813668e-06,7
5091,8.503333333333849,4.079806330992142e-06,7
5092,8.505000000000516,4.0797913243295625e-06,7
5093,8.506666666667183,4.079791779076913e-06,7
5094,8.50833333333385,4.079789050592808e-06,7
5095,8.510000000000517,4.079792233824264e-06,7
5096,8.511666666667184,4.079790869582212e-06,7
5097,8.51333333333385,4.0798031477606855e-06,7
5098,8.515000000000517,4.0797990550345276e-06,7
5099,8.516666666667184,4.079799964529229e-06,7
5100,8.518333333333851,4.079789505340159e-06,7
5101,8.520000000000518,4.079806785739493e-06,7
5102,8.521666666667185,4.0797872316034045e-06,7
5103,8.523333333333852,4.07980041927658e-06,7
5104,8.525000000000519,4.079810878465651e-06,7
5105,8.526666666667186,4.079794507561019e-06,7
5106,8.528333333333853,4.079805876244791e-06,7
5107,8.53000000000052,4.07979496230837e-06,7
5108,8.531666666667187,4.079786776856054e-06,7
5109,8.533333333333854,4.079793598066317e-06,7
5110,8.53500000000052,4.079798600287177e-06,7
5111,8.536666666667188,4.079800874023931e-06,7
5112,8.538333333333854,4.079798145539826e-06,7
5113,8.540000000000521,4.07980041927658e-06,7
5114,8.541666666667188,4.079792233824264e-06,7
5115,8.543333333333855,4.079801783518633e-06,7
5116,8.545000000000522,4.079795871803071e-06,7
5117,8.546666666667189,4.07979496230837e-06,7
5118,8.548333333333856,4.079804512002738e-06,7
5119,8.550000000000523,4.079801783518633e-06,7
5120,8.55166666666719,4.079805876244791e-06,7
5121,8.553333333333857,4.07980041927658e-06,7
5122,8.555000000000524,4.079793598066317e-06,7
5123,8.55666666666719,4.079794507561019e-06,7
5124,8.558333333333858,4.079804512002738e-06,7
5125,8.560000000000525,4.079799964529229e-06,7
5126,8.561666666667191,4.079796326550422e-06,7
5127,8.563333333333858,4.0798031477606855e-06,7
5128,8.565000000000525,4.07979496230837e-06,7
5129,8.566666666667192,4.079787686350755e-06,7
5130,8.56833333333386,4.079802693013335e-06,7
5131,8.570000000000526,4.079785412614001e-06,7
5132,8.571666666667193,4.0797872316034045e-06,7
5133,8.57333333333386,4.079805876244791e-06,7
5134,8.575000000000527,4.079784503119299e-06,7
5135,8.576666666667194,4.079794507561019e-06,7
5136,8.57833333333386,4.079798600287177e-06,7
5137,8.580000000000528,4.079804512002738e-06,7
5138,8.581666666667195,4.079800874023931e-06,7
5139,8.583333333333862,4.07978996008751e-06,7
5140,8.585000000000528,4.079798145539826e-06,7
5141,8.586666666667195,4.079797690792475e-06,7
5142,8.588333333333862,4.079789050592808e-06,7
5143,8.59000000000053,4.079789505340159e-06,7
5144,8.591666666667196,4.07979496230837e-06,7
5145,8.593333333333863,4.079801783518633e-06,7
5146,8.59500000000053,4.0797954170557205e-06,7
5147,8.596666666667197,4.079807695234194e-06,7
5148,8.598333333333864,4.0797990550345276e-06,7
5149,8.60000000000053,4.07980041927658e-06,7
5150,8.601666666667198,4.0797872316034045e-06,7
5151,8.603333333333865,4.0797790461510886e-06,7
5152,8.605000000000532,4.079796326550422e-06,7
5153,8.606666666667198,4.079793598066317e-06,7
5154,8.608333333333865,4.07980542149744e-06,7
5155,8.610000000000532,4.079798145539826e-06,7
5156,8.6116666666672,4.0797913243295625e-06,7
5157,8.613333333333866,4.079793143318966e-06,7
5158,8.615000000000533,4.0797990550345276e-06,7
5159,8.6166666666672,4.079794507561019e-06,7
5160,8.618333333333867,4.079792233824264e-06,7
5161,8.620000000000534,4.079780865140492e-06,7
5162,8.6216666666672,4.0797913243295625e-06,7
5163,8.623333333333868,4.079780410393141e-06,7
5164,8.625000000000535,4.0797913243295625e-06,7
5165,8.626666666667202,4.079789505340159e-06,7
5166,8.628333333333869,4.07980041927658e-06,7
5167,8.630000000000535,4.079799964529229e-06,7
5168,8.631666666667202,4.079802238265984e-06,7
5169,8.63333333333387,4.079783593624597e-06,7
5170,8.635000000000536,4.079783593624597e-06,7
5171,8.636666666667203,4.079806330992142e-06,7
5172,8.63833333333387,4.07978495786665e-06,7
5173,8.640000000000537,4.079782229382545e-06,7
5174,8.641666666667204,4.079808604728896e-06,7
5175,8.64333333333387,4.0797995097818784e-06,7
5176,8.645000000000538,4.079792233824264e-06,7
5177,8.646666666667205,4.0798031477606855e-06,7
5178,8.648333333333872,4.079782229382545e-06,7
5179,8.650000000000539,4.079782684129896e-06,7
5180,8.651666666667206,4.079801328771282e-06,7
5181,8.653333333333872,4.0797954170557205e-06,7
5182,8.65500000000054,4.079794507561019e-06,7
5183,8.656666666667206,4.07979496230837e-06,7
5184,8.658333333333873,4.079794507561019e-06,7
5185,8.66000000000054,4.0797995097818784e-06,7
5186,8.661666666667207,4.079784048371948e-06,7
5187,8.663333333333874,4.079798145539826e-06,7
5188,8.665000000000541,4.079806785739493e-06,7
5189,8.666666666667208,4.0797990550345276e-06,7
5190,8.668333333333875,4.079797236045124e-06,7
5191,8.670000000000542,4.07979496230837e-06,7
5192,8.671666666667209,4.079793143318966e-06,7
5193,8.673333333333876,4.079795871803071e-06,7
5194,8.675000000000542,4.079792688571615e-06,7
5195,8.67666666666721,4.079799964529229e-06,7
5196,8.678333333333876,4.0797990550345276e-06,7
5197,8.680000000000543,4.079785867361352e-06,7
5198,8.68166666666721,4.079791779076913e-06,7
5199,8.683333333333877,4.079801328771282e-06,7
5200,8.685000000000544,4.079791779076913e-06,7
5201,8.686666666667211,4.079794507561019e-06,7
5202,8.688333333333878,4.079806785739493e-06,7
5203,8.690000000000545,4.079789505340159e-06,7
5204,8.691666666667212,4.0797954170557205e-06,7
5205,8.693333333333879,4.079787686350755e-06,7
5206,8.695000000000546,4.079796781297773e-06,7
5207,8.696666666667213,4.079788595845457e-06,7
5208,8.69833333333388,4.079784503119299e-06,7
5209,8.700000000000546,4.079797236045124e-06,7
5210,8.701666666667213,4.079794507561019e-06,7
5211,8.70333333333388,4.079790869582212e-06,7
5212,8.705000000000547,4.0797990550345276e-06,7
5213,8.706666666667214,4.079792233824264e-06,7
5214,8.708333333333881,4.079783593624597e-06,7
5215,8.710000000000548,4.07980542149744e-06,7
5216,8.711666666667215,4.0797990550345276e-06,7
5217,8.713333333333882,4.079784503119299e-06,7
5218,8.715000000000549,4.0798031477606855e-06,7
5219,8.716666666667216,4.079787686350755e-06,8
5220,8.718333333333883,4.079803602508036e-06,8
5221,8.72000000000055,4.079792233824264e-06,8
5222,8.721666666667216,4.0797990550345276e-06,8
5223,8.723333333333883,4.0797913243295625e-06,8
5224,8.72500000000055,4.0797954170557205e-06,8
5225,8.726666666667217,4.079794052813668e-06,8
5226,8.728333333333884,4.0797995097818784e-06,8
5227,8.730000000000551,4.079797690792475e-06,8
5228,8.731666666667218,4.079792233824264e-06,8
5229,8.733333333333885,4.079801328771282e-06,8
5230,8.735000000000552,4.079798600287177e-06,8
5231,8.736666666667219,4.079793598066317e-06,8
5232,8.738333333333886,4.079792688571615e-06,8
5233,8.740000000000553,4.079788595845457e-06,8
5234,8.74166666666722,4.079793143318966e-06,8
5235,8.743333333333887,4.079790414834861e-06,8
5236,8.745000000000553,4.0797995097818784e-06,8
5237,8.74666666666722,4.07978495786665e-06,8
5238,8.748333333333887,4.079792688571615e-06,8
5239,8.750000000000554,4.079793143318966e-06,8
5240,8.751666666667221,4.079780865140492e-06,8
5241,8.753333333333888,4.079793598066317e-06,8
5242,8.755000000000555,4.0797913243295625e-06,8
5243,8.756666666667222,4.079792688571615e-06,8
5244,8.758333333333889,4.0797954170557205e-06,8
5245,8.760000000000556,4.079785412614001e-06,8
5246,8.761666666667223,4.0797831388772465e-06,8
5247,8.76333333333389,4.0797913243295625e-06,8
5248,8.765000000000557,4.079795871803071e-06,8
5249,8.766666666667223,4.079785412614001e-06,8
5250,8.76833333333389,4.07978495786665e-06,8
5251,8.770000000000557,4.079806330992142e-06,8
5252,8.771666666667224,4.079796326550422e-06,8
5253,8.773333333333891,4.0797913243295625e-06,8
5254,8.775000000000558,4.0797913243295625e-06,8
5255,8.776666666667225,4.07980041927658e-06,8
5256,8.778333333333892,4.079776772414334e-06,8
5257,8.780000000000559,4.0797872316034045e-06,8
5258,8.781666666667226,4.079807695234194e-06,8
5259,8.783333333333893,4.0798072404868435e-06,8
5260,8.78500000000056,4.079794052813668e-06,8
5261,8.786666666667227,4.079800874023931e-06,8
5262,8.788333333333894,4.079797236045124e-06,8
5263,8.79000000000056,4.079770405951422e-06,8
5264,8.791666666667227,4.07971310778521e-06,8
5265,8.793333333333894,4.079618520336226e-06,8
5266,8.795000000000561,4.079554400959751e-06,8
5267,8.796666666667228,4.079469817952486e-06,8
5268,8.798333333333895,4.079453447047854e-06,8
5269,8.800000000000562,4.079459358763415e-06,8
5270,8.801666666667229,4.079455720784608e-06,8
5271,8.803333333333896,4.079353402630659e-06,8
5272,8.805000000000563,4.079057816852583e-06,8
5273,8.80666666666723,4.078784968442051e-06,8
5274,8.808333333333897,4.078514393768273e-06,8
5275,8.810000000000564,4.078334768564673e-06,8
5276,8.81166666666723,4.078295660292497e-06,8
5277,8.813333333333897,4.078312940691831e-06,8
5278,8.815000000000564,4.0782251744531095e-06,8
5279,8.816666666667231,4.077811809111154e-06,8
5280,8.818333333333898,4.077387529832777e-06,8
5281,8.820000000000565,4.076985533174593e-06,8
5282,8.821666666667232,4.076677669218043e-06,8
5283,8.823333333333899,4.076479854120407e-06,8
5284,8.825000000000566,4.07641437050188e-06,8
5285,8.826666666667233,4.0763429751677904e-06,8
5286,8.8283333333339,4.075825017935131e-06,8
5287,8.830000000000567,4.075493961863685e-06,8
5288,8.831666666667234,4.075039214512799e-06,8
5289,8.8333333333339,4.074739081261214e-06,8
5290,8.835000000000568,4.074491698702332e-06,8
5291,8.836666666667234,4.074335265613627e-06,8
5292,8.838333333333901,4.074121079611359e-06,8
5293,8.840000000000568,4.073708623764105e-06,8
5294,8.841666666667235,4.073751824762439e-06,8
5295,8.843333333333902,4.073000127391424e-06,8
5296,8.845000000000569,4.072764568263665e-06,8
5297,8.846666666667236,4.072313004144235e-06,8
5298,8.848333333333903,4.07205925512244e-06,8
5299,8.85000000000057,4.0717322917771526e-06,8
5300,8.851666666667237,4.0714321585255675e-06,8
5301,8.853333333333904,4.071189323440194e-06,8
5302,8.85500000000057,4.070856448379345e-06,8
5303,8.856666666667238,4.070573140779743e-06,8
5304,8.858333333333904,4.070311206305632e-06,8
5305,8.860000000000571,4.070003342349082e-06,8
5306,8.861666666667238,4.06972003474948e-06,8
5307,8.863333333333905,4.069424903718755e-06,8
5308,8.865000000000572,4.06915069106617e-06,8
5309,8.86666666666724,4.0688687477086205e-06,8
5310,8.868333333333906,4.068594535056036e-06,8
5311,8.870000000000573,4.068323505634908e-06,8
5312,8.87166666666724,4.068041562277358e-06,8
5313,8.873333333333907,4.0677750803297386e-06,8
5314,8.875000000000574,4.067500867677154e-06,8
5315,8.87666666666724,4.067228474013973e-06,8
5316,8.878333333333908,4.066945166414371e-06,8
5317,8.880000000000575,4.066678684466751e-06,8
5318,8.881666666667241,4.066403107572114e-06,8
5319,8.883333333333908,4.0661370803718455e-06,8
5320,8.885000000000575,4.065833763888804e-06,8
5321,8.886666666667242,4.065570919919992e-06,8
5322,8.88833333333391,4.0653121686773375e-06,8
5323,8.890000000000576,4.06505205319263e-06,8
5324,8.891666666667243,4.064794211444678e-06,8
5325,8.89333333333391,4.064536824444076e-06,8
5326,8.895000000000577,4.064203949383227e-06,8
5327,8.896666666667244,4.063932465214748e-06,8
5328,8.89833333333391,4.063322194269858e-06,8
5329,8.900000000000578,4.063495907757897e-06,8
5330,8.901666666667245,4.062640073243529e-06,8
5331,8.903333333333912,4.062657808390213e-06,8
5332,8.905000000000578,4.062144853378413e-06,8
5333,8.906666666667245,4.06200479119434e-06,8
5334,8.908333333333912,4.0616273508931044e-06,8
5335,8.91000000000058,4.0613467717776075e-06,8
5336,8.911666666667246,4.0610184441902675e-06,8
5337,8.913333333333913,4.060649189341348e-06,8
5338,8.91500000000058,4.06034769184771e-06,8
5339,8.916666666667247,4.060016181028914e-06,8
5340,8.918333333333914,4.059733782924013e-06,8
5341,8.92000000000058,4.059454113303218e-06,8
5342,8.921666666667248,4.0591639844933525e-06,8
5343,8.923333333333915,4.0587356124888174e-06,8
5344,8.925000000000582,4.058298145537265e-06,8
5345,8.926666666667249,4.0578538573754486e-06,8
5346,8.928333333333915,4.057475962326862e-06,8
5347,8.930000000000582,4.057091700815363e-06,8
5348,8.93166666666725,4.05680793846841e-06,8
5349,8.933333333333916,4.056546003994299e-06,8
5350,8.935000000000583,4.056861143908463e-06,8
5351,8.93666666666725,4.056747002323391e-06,8
5352,8.938333333333917,4.057094429299468e-06,8
5353,8.940000000000584,4.056912530359114e-06,8
5354,8.94166666666725,4.056968464283273e-06,8
5355,8.943333333333918,4.056976194988238e-06,8
5356,8.945000000000585,4.056907528138254e-06,8
5357,8.946666666667252,4.056964371557115e-06,8
5358,8.948333333333919,4.056962552567711e-06,8
5359,8.950000000000585,4.056933903484605e-06,8
5360,8.951666666667252,4.056943453178974e-06,8
5361,8.95333333333392,4.056913894601166e-06,8
5362,8.955000000000586,4.057029400428291e-06,8
5363,8.956666666667253,4.056892521475675e-06,8
5364,8.95833333333392,4.0570052988186944e-06,8
5365,8.960000000000587,4.056870693602832e-06,8
5366,8.961666666667254,4.0568006625107955e-06,8
5367,8.963333333333921,4.057056230521994e-06,8
5368,8.965000000000588,4.05678247261676e-06,8
5369,8.966666666667255,4.056890702486271e-06,8
5370,8.968333333333922,4.056894340465078e-06,8
5371,8.970000000000589,4.0569811972090974e-06,8
5372,8.971666666667256,4.056842044519726e-06,8
5373,8.973333333333922,4.056865236634621e-06,8
5374,8.97500000000059,4.0569730117567815e-06,8
5375,8.976666666667256,4.056917987327324e-06,8
5376,8.978333333333923,4.0569771044829395e-06,8
5377,8.98000000000059,4.056971647514729e-06,8
5378,8.981666666667257,4.056921625306131e-06,8
5379,8.983333333333924,4.056983470945852e-06,8
5380,8.985000000000591,4.0569370867160615e-06,8
5381,8.986666666667258,4.056925718032289e-06,8
5382,8.988333333333925,4.056984380440554e-06,8
5383,8.990000000000592,4.056991201650817e-06,8
5384,8.991666666667259,4.05701348427101e-06,8
5385,8.993333333333926,4.056958914588904e-06,8
5386,8.995000000000593,4.056790658069076e-06,8
5387,8.99666666666726,4.057015758007765e-06,8
5388,8.998333333333926,4.056959369336255e-06,8
5389,9.000000000000593,4.056999841850484e-06,8
5390,9.00166666666726,4.0569129851064645e-06,8
5391,9.003333333333927,4.0570007513451856e-06,8
5392,9.005000000000594,4.056933448737254e-06,8
5393,9.006666666667261,4.0570052988186944e-06,8
5394,9.008333333333928,4.057026217196835e-06,8
5395,9.010000000000595,4.056927991769044e-06,8
5396,9.011666666667262,4.056981651956448e-06,8
5397,9.013333333333929,4.056945726915728e-06,8
5398,9.015000000000596,4.056986199429957e-06,8
5399,9.016666666667263,4.056947545905132e-06,8
5400,9.01833333333393,4.056911166117061e-06,8
5401,9.020000000000596,4.057003479829291e-06,8
5402,9.021666666667263,4.056914349348517e-06,8
5403,9.02333333333393,4.056991656398168e-06,8
5404,9.025000000000597,4.056963007315062e-06,8
5405,9.026666666667264,4.056932084495202e-06,8
5406,9.028333333333931,4.056998477608431e-06,8
5407,9.030000000000598,4.056963007315062e-06,8
5408,9.031666666667265,4.057002570334589e-06,8
5409,9.033333333333932,4.056993930134922e-06,8
5410,9.035000000000599,4.056832040078007e-06,8
5411,9.036666666667266,4.0568688746134285e-06,8
5412,9.038333333333933,4.056975285493536e-06,8
5413,9.0400000000006,4.056904344906798e-06,8
5414,9.041666666667266,4.0570012060925364e-06,8
5415,9.043333333333933,4.0569411794422194e-06,8
5416,9.0450000000006,4.056903890159447e-06,8
5417,9.046666666667267,4.057047590322327e-06,8
5418,9.048333333333934,4.056808393215761e-06,8
5419,9.050000000000601,4.056804300489603e-06,8
5420,9.051666666667268,4.056906618643552e-06,8
5421,9.053333333333935,4.0570448618382215e-06,8
5422,9.055000000000602,4.056886155012762e-06,8
5423,9.056666666667269,4.057078513142187e-06,8
5424,9.058333333333936,4.056830675835954e-06,8
5425,9.060000000000603,4.057041678606765e-06,8
5426,9.06166666666727,4.056939815200167e-06,8
5427,9.063333333333937,4.0569311750005e-06,8
5428,9.065000000000603,4.056998932355782e-06,8
5429,9.06666666666727,4.05699256589287e-06,8
5430,9.068333333333937,4.056930265505798e-06,8
5431,9.070000000000604,4.056944362673676e-06,8
5432,9.071666666667271,4.056951183883939e-06,8
5433,9.073333333333938,4.056964371557115e-06,8
5434,9.075000000000605,4.056967554788571e-06,8
5435,9.076666666667272,4.057007117808098e-06,8
5436,9.078333333333939,4.056976649735589e-06,8
5437,9.080000000000606,4.056876150571043e-06,8
5438,9.081666666667273,4.056784291606164e-06,8
5439,9.08333333333394,4.057011210534256e-06,8
5440,9.085000000000607,4.056996658619028e-06,8
5441,9.086666666667274,4.0569730117567815e-06,8
5442,9.08833333333394,4.057058049511397e-06,8
5443,9.090000000000607,4.056932539242553e-06,8
5444,9.091666666667274,4.056957550346851e-06,8
5445,9.093333333333941,4.056975285493536e-06,8
5446,9.095000000000608,4.056934358231956e-06,8
5447,9.096666666667275,4.056938450958114e-06,8
5448,9.098333333333942,4.056976194988238e-06,8
5449,9.100000000000609,4.056910256622359e-06,8
5450,9.101666666667276,4.057010755786905e-06,8
5451,9.103333333333943,4.056964371557115e-06,8
5452,9.10500000000061,4.056951183883939e-06,8
5453,9.106666666667277,4.056872512592236e-06,8
5454,9.108333333333944,4.0567524592916016e-06,8
5455,9.11000000000061,4.056974830746185e-06,8
5456,9.111666666667277,4.0570048440713435e-06,8
5457,9.113333333333944,4.0568447730038315e-06,8
5458,9.115000000000611,4.056954821862746e-06,8
5459,9.116666666667278,4.056984380440554e-06,8
5460,9.118333333333945,4.056998932355782e-06,8
5461,9.120000000000612,4.056795660289936e-06,8
5462,9.121666666667279,4.056934812979307e-06,8
5463,9.123333333333946,4.0568088479631115e-06,8
5464,9.125000000000613,4.056958914588904e-06,8
5465,9.12666666666728,4.057003479829291e-06,8
5466,9.128333333333947,4.057018941239221e-06,8
5467,9.130000000000614,4.056927082274342e-06,8
5468,9.13166666666728,4.056990746903466e-06,8
5469,9.133333333333947,4.056969373777974e-06,8
5470,9.135000000000614,4.056963916809764e-06,8
5471,9.136666666667281,4.0569889279140625e-06,8
5472,9.138333333333948,4.057015303260414e-06,8
5473,9.140000000000615,4.056927537021693e-06,8
5474,9.141666666667282,4.056963916809764e-06,8
5475,9.143333333333949,4.056878879055148e-06,8
5476,9.145000000000616,4.056948455399834e-06,8
5477,9.146666666667283,4.056943453178974e-06,8
5478,9.14833333333395,4.05697755923029e-06,8
5479,9.150000000000617,4.056926627526991e-06,8
5480,9.151666666667284,4.057030764670344e-06,8
5481,9.15333333333395,4.056907073390903e-06,8
5482,9.155000000000618,4.0570248529547825e-06,8
5483,9.156666666667284,4.056924353790237e-06,8
5484,9.158333333333951,4.056963007315062e-06,8
5485,9.160000000000618,4.0569648263044655e-06,8
5486,9.161666666667285,4.056976649735589e-06,8
5487,9.163333333333952,4.0569971133663785e-06,8
5488,9.165000000000619,4.056978468724992e-06,8
5489,9.166666666667286,4.057006208313396e-06,8
5490,9.168333333333953,4.056947545905132e-06,8
5491,9.17000000000062,4.057010755786905e-06,8
5492,9.171666666667287,4.056958914588904e-06,8
5493,9.173333333333954,4.056990292156115e-06,8
5494,9.17500000000062,4.056965735799167e-06,8
5495,9.176666666667288,4.056933903484605e-06,8
5496,9.178333333333955,4.057012120028958e-06,8
5497,9.180000000000621,4.056926627526991e-06,8
5498,9.181666666667288,4.056963916809764e-06,8
5499,9.183333333333955,4.0569329939899035e-06,8
5500,9.185000000000622,4.056983925693203e-06,8
5501,9.18666666666729,4.056924353790237e-06,8
5502,9.188333333333956,4.056949819641886e-06,8
5503,9.190000000000623,4.056979832967045e-06,8
5504,9.19166666666729,4.056882971781306e-06,8
5505,9.193333333333957,4.056953457620693e-06,8
5506,9.195000000000624,4.056790658069076e-06,8
5507,9.19666666666729,4.057040314364713e-06,8
5508,9.198333333333958,4.0569248085375875e-06,8
5509,9.200000000000625,4.0570171222498175e-06,8
5510,9.201666666667291,4.0569771044829395e-06,8
5511,9.203333333333958,4.056946181663079e-06,8
5512,9.205000000000625,4.056890702486271e-06,8
5513,9.206666666667292,4.0569811972090974e-06,8
5514,9.20833333333396,4.056922989548184e-06,8
5515,9.210000000000626,4.057010301039554e-06,8
5516,9.211666666667293,4.056917532579973e-06,8
5517,9.21333333333396,4.0569289012637455e-06,8
5518,9.215000000000627,4.056974375998834e-06,8
5519,9.216666666667294,4.056950729136588e-06,8
5520,9.21833333333396,4.056967554788571e-06,8
5521,9.220000000000628,4.05699256589287e-06,8
5522,9.221666666667295,4.056934812979307e-06,8
5523,9.223333333333962,4.056971192767378e-06,8
5524,9.225000000000628,4.0569889279140625e-06,8
5525,9.226666666667295,4.056989837408764e-06,8
5526,9.228333333333962,4.056938905705465e-06,8
5527,9.23000000000063,4.0569607335783076e-06,8
5528,9.231666666667296,4.0568370422988664e-06,8
5529,9.233333333333963,4.056942998431623e-06,8
5530,9.23500000000063,4.057019850733923e-06,8
5531,9.236666666667297,4.056911620864412e-06,8
5532,9.238333333333964,4.056978923472343e-06,8
5533,9.24000000000063,4.056959824083606e-06,8
5534,9.241666666667298,4.056914349348517e-06,8
5535,9.243333333333965,4.0570489545643795e-06,8
5536,9.245000000000632,4.056819761899533e-06,8
5537,9.246666666667299,4.056978923472343e-06,8
5538,9.248333333333965,4.057020305481274e-06,8
5539,9.250000000000632,4.056902525917394e-06,8
5540,9.2516666666673,4.056978468724992e-06,8
5541,9.253333333333966,4.0569771044829395e-06,8
5542,9.255000000000633,4.056967554788571e-06,8
5543,9.2566666666673,4.0569566408521496e-06,8
5544,9.258333333333967,4.056929810758447e-06,8
5545,9.260000000000634,4.056975285493536e-06,8
5546,9.2616666666673,4.056953457620693e-06,8
5547,9.263333333333968,4.056966645293869e-06,8
5548,9.265000000000635,4.056970738020027e-06,8
5549,9.266666666667302,4.056943453178974e-06,8
5550,9.268333333333969,4.056959824083606e-06,8
5551,9.270000000000636,4.056967554788571e-06,8
5552,9.271666666667302,4.057010301039554e-06,8
5553,9.27333333333397,4.056929810758447e-06,8
5554,9.275000000000636,4.057036676385906e-06,8
5555,9.276666666667303,4.056993930134922e-06,8
5556,9.27833333333397,4.05694663641043e-06,8
5557,9.280000000000637,4.0569411794422194e-06,8
5558,9.281666666667304,4.057023033965379e-06,8
5559,9.283333333333971,4.0567929318058304e-06,8
5560,9.285000000000638,4.056996203871677e-06,8
5561,9.286666666667305,4.056902525917394e-06,8
5562,9.288333333333972,4.057013939018361e-06,8
5563,9.290000000000639,4.056978468724992e-06,8
5564,9.291666666667306,4.056927082274342e-06,8
5565,9.293333333333972,4.056924353790237e-06,8
5566,9.29500000000064,4.057048499817029e-06,8
5567,9.296666666667306,4.0567247197031975e-06,8
5568,9.298333333333973,4.057029855175642e-06,8
5569,9.30000000000064,4.056911620864412e-06,8
5570,9.301666666667307,4.056968464283273e-06,8
5571,9.303333333333974,4.056914804095868e-06,8
5572,9.305000000000641,4.056964371557115e-06,8
5573,9.306666666667308,4.056972557009431e-06,8
5574,9.308333333333975,4.056953457620693e-06,8
5575,9.310000000000642,4.056918442074675e-06,8
5576,9.311666666667309,4.056971192767378e-06,8
5577,9.313333333333976,4.056826128362445e-06,8
5578,9.315000000000643,4.056918442074675e-06,8
5579,9.31666666666731,4.0569648263044655e-06,8
5580,9.318333333333976,4.0569489101471845e-06,8
5581,9.320000000000643,4.056984380440554e-06,8
5582,9.32166666666731,4.0570212149759755e-06,8
5583,9.323333333333977,4.056935722474009e-06,8
5584,9.325000000000644,4.057033493154449e-06,8
5585,9.326666666667311,4.056845227751182e-06,8
5586,9.328333333333978,4.056897523696534e-06,8
5587,9.330000000000645,4.0568688746134285e-06,8
5588,9.331666666667312,4.057050773553783e-06,8
5589,9.333333333333979,4.057006663060747e-06,8
5590,9.335000000000646,4.05692617277964e-06,8
5591,9.336666666667313,4.05704395234352e-06,8
5592,9.33833333333398,4.056929810758447e-06,8
5593,9.340000000000646,4.05702849093359e-06,8
5594,9.341666666667313,4.05691071136971e-06,8
5595,9.34333333333398,4.05701348427101e-06,8
5596,9.345000000000647,4.056933903484605e-06,8
5597,9.346666666667314,4.0568770600657444e-06,8
5598,9.348333333333981,4.057046680827625e-06,8
5599,9.350000000000648,4.0568888834968675e-06,8
5600,9.351666666667315,4.05702348871273e-06,8
5601,9.353333333333982,4.0568966142018326e-06,8
5602,9.355000000000649,4.05699256589287e-06,8
5603,9.356666666667316,4.056970283272676e-06,8
5604,9.358333333333983,4.056963007315062e-06,8
5605,9.36000000000065,4.0569607335783076e-06,8
5606,9.361666666667317,4.056985744682606e-06,8
5607,9.363333333333983,4.05694163418957e-06,8
5608,9.36500000000065,4.05700302508194e-06,8
5609,9.366666666667317,4.056907073390903e-06,8
5610,9.368333333333984,4.0570648707216606e-06,8
5611,9.370000000000651,4.056758371007163e-06,8
5612,9.371666666667318,4.057081696373643e-06,8
5613,9.373333333333985,4.056902071170043e-06,8
5614,9.375000000000652,4.057006208313396e-06,8
5615,9.376666666667319,4.056980287714396e-06,8
5616,9.378333333333986,4.056758825754514e-06,8
5617,9.380000000000653,4.0569848351879045e-06,8
5618,9.38166666666732,4.056914804095868e-06,8
5619,9.383333333333987,4.056984380440554e-06,8
5620,9.385000000000653,4.0569811972090974e-06,8
5621,9.38666666666732,4.056968464283273e-06,8
5622,9.388333333333987,4.056953912368044e-06,8
5623,9.390000000000654,4.05676701120683e-06,8
5624,9.391666666667321,4.057014393765712e-06,8
5625,9.393333333333988,4.0569289012637455e-06,8
5626,9.395000000000655,4.057047590322327e-06,8
5627,9.396666666667322,4.056975285493536e-06,8
5628,9.398333333333989,4.057008482050151e-06,8
5629,9.400000000000656,4.056931629747851e-06,8
5630,9.401666666667323,4.057083515363047e-06,8
5631,9.40333333333399,4.056956186104799e-06,8
5632,9.405000000000657,4.056933903484605e-06,8
5633,9.406666666667324,4.057010755786905e-06,8
5634,9.40833333333399,4.056906618643552e-06,8
5635,9.410000000000657,4.056963007315062e-06,8
5636,9.411666666667324,4.056942543684272e-06,8
5637,9.413333333333991,4.056950729136588e-06,8
5638,9.415000000000658,4.056958005094202e-06,8
5639,9.416666666667325,4.057060323248152e-06,8
5640,9.418333333333992,4.0567515497969e-06,8
5641,9.420000000000659,4.05698256145115e-06,8
5642,9.421666666667326,4.056949364894535e-06,8
5643,9.423333333333993,4.056978013977641e-06,8
5644,9.42500000000066,4.0569530028733425e-06,8
5645,9.426666666667327,4.056953912368044e-06,8
5646,9.428333333333994,4.057014848513063e-06,8
5647,9.43000000000066,4.057005753566045e-06,8
5648,9.431666666667327,4.056942998431623e-06,8
5649,9.433333333333994,4.056880243297201e-06,8
5650,9.435000000000661,4.056811121699866e-06,8
5651,9.436666666667328,4.057298156112665e-06,8
5652,9.438333333333995,4.057483693031827e-06,8
5653,9.440000000000662,4.057794740219833e-06,8
5654,9.441666666667329,4.05821356253e-06,8
5655,9.443333333333996,4.058490048919339e-06,8
5656,9.445000000000663,4.059040747961262e-06,8
5657,9.44666666666733,4.059394541400252e-06,8
5658,9.448333333333997,4.059751518070698e-06,8
5659,9.450000000000664,4.060053470311686e-06,8
5660,9.45166666666733,4.060314950038446e-06,8
5661,9.453333333333998,4.060635546920821e-06,8
5662,9.455000000000664,4.060987066623056e-06,8
5663,9.456666666667331,4.0612785596749745e-06,8
5664,9.458333333333998,4.061614163219929e-06,8
5665,9.460000000000665,4.0619434003019705e-06,8
5666,9.461666666667332,4.062251264258521e-06,8
5667,9.463333333333999,4.062527295900509e-06,8
5668,9.465000000000666,4.062804237037199e-06,8
5669,9.466666666667333,4.063091637362959e-06,8
5670,9.468333333334,4.063376309204614e-06,8
5671,9.470000000000667,4.063673259224743e-06,8
5672,9.471666666667334,4.063963842781959e-06,8
5673,9.473333333334,4.06424624088686e-06,8
5674,9.475000000000668,4.0645236367709e-06,8
5675,9.476666666667334,4.064812401338713e-06,8
5676,9.478333333334001,4.065106168127386e-06,8
5677,9.480000000000668,4.065371285832953e-06,8
5678,9.481666666667335,4.06561593990773e-06,8
5679,9.483333333334002,4.0658965190232266e-06,8
5680,9.48500000000067,4.066169822181109e-06,8
5681,9.486666666667336,4.066449037054554e-06,8
5682,9.488333333334003,4.066707788297208e-06,8
5683,9.49000000000067,4.067005193064688e-06,8
5684,9.491666666667337,4.067265308549395e-06,8
5685,9.493333333334004,4.067541340191383e-06,8
5686,9.49500000000067,4.067807822139002e-06,8
5687,9.496666666667338,4.068092493980657e-06,8
5688,9.498333333334005,4.0683707993594e-06,8
5689,9.500000000000671,4.068650923727546e-06,8
5690,9.501666666667338,4.068928319611587e-06,8
5691,9.503333333334005,4.069224814884365e-06,8
5692,9.505000000000672,4.0694994822843e-06,8
5693,9.50666666666734,4.069797341799131e-06,8
5694,9.508333333334006,4.070081558893435e-06,8
5695,9.510000000000673,4.0703748709347565e-06,8
5696,9.51166666666734,4.070681825396605e-06,8
5697,9.513333333334007,4.070962404512102e-06,8
5698,9.515000000000674,4.07288507631165e-06,8
5699,9.51666666666734,4.071633156854659e-06,8
5700,9.518333333334008,4.072678621014347e-06,8
5701,9.520000000000675,4.072086994710844e-06,8
5702,9.521666666667342,4.072313913638936e-06,8
5703,9.523333333334008,4.073523996339645e-06,8
5704,9.525000000000675,4.073589479958173e-06,8
5705,9.526666666667342,4.073783657077001e-06,8
5706,9.52833333333401,4.074088792549446e-06,8
5707,9.530000000000676,4.074264325026888e-06,8
5708,9.531666666667343,4.074426215083804e-06,8
5709,9.53333333333401,4.074518074048683e-06,8
5710,9.535000000000677,4.074806383869145e-06,8
5711,9.536666666667344,4.075228844158119e-06,8
5712,9.53833333333401,4.075573997397441e-06,8
5713,9.540000000000678,4.076079221704276e-06,8
5714,9.541666666667345,4.076216100656893e-06,8
5715,9.543333333334012,4.076502591487952e-06,8
5716,9.545000000000678,4.076586265000515e-06,8
5717,9.546666666667345,4.076740879099816e-06,8
5718,9.548333333334012,4.077053745277226e-06,8
5719,9.55000000000068,4.07743527830462e-06,8
5720,9.551666666667346,4.07792276746477e-06,8
5721,9.553333333334013,4.078262463735882e-06,8
5722,9.55500000000068,4.078344318259042e-06,8
5723,9.556666666667347,4.078299298271304e-06,8
5724,9.558333333334014,4.078374786331551e-06,8
5725,9.56000000000068,4.078570327692432e-06,8
5726,9.561666666667348,4.078828624187736e-06,8
5727,9.563333333334015,4.079099653608864e-06,8
5728,9.565000000000682,4.079393420397537e-06,8
5729,9.566666666667349,4.079488007846521e-06,8
5730,9.568333333334015,4.0794348024064675e-06,8
5731,9.570000000000682,4.079453901795205e-06,8
5732,9.57166666666735,4.079472546436591e-06,8
5733,9.573333333334016,4.079578047821997e-06,8
5734,9.575000000000683,4.0796348912408575e-06,8
5735,9.57666666666735,4.079712653037859e-06,8
5736,9.578333333334017,4.079792233824264e-06,8
5737,9.580000000000684,4.0797872316034045e-06,8
5738,9.581666666667351,4.079797236045124e-06,8
5739,9.583333333334018,4.079787686350755e-06,8
5740,9.585000000000685,4.0797990550345276e-06,8
5741,9.586666666667352,4.079806785739493e-06,8
5742,9.588333333334019,4.079794507561019e-06,8
5743,9.590000000000686,4.079796326550422e-06,8
5744,9.591666666667352,4.07978996008751e-06,8
5745,9.59333333333402,4.079797236045124e-06,8
5746,9.595000000000686,4.079798600287177e-06,8
5747,9.596666666667353,4.079786322108703e-06,8
5748,9.59833333333402,4.079792688571615e-06,8
5749,9.600000000000687,4.079796781297773e-06,8
5750,9.601666666667354,4.079786776856054e-06,8
5751,9.603333333334021,4.079792233824264e-06,8
5752,9.605000000000688,4.079783593624597e-06,8
5753,9.606666666667355,4.079804966750089e-06,8
5754,9.608333333334022,4.07980041927658e-06,8
5755,9.610000000000689,4.079788595845457e-06,8
5756,9.611666666667356,4.079797690792475e-06,8
5757,9.613333333334023,4.079792688571615e-06,8
5758,9.61500000000069,4.079797236045124e-06,8
5759,9.616666666667356,4.079796326550422e-06,8
5760,9.618333333334023,4.079788141098106e-06,8
5761,9.62000000000069,4.0797954170557205e-06,8
5762,9.621666666667357,4.079798600287177e-06,8
5763,9.623333333334024,4.079784503119299e-06,8
5764,9.625000000000691,4.079790869582212e-06,8
5765,9.626666666667358,4.079801783518633e-06,8
5766,9.628333333334025,4.0797995097818784e-06,8
5767,9.630000000000692,4.0797872316034045e-06,8
5768,9.631666666667359,4.0797872316034045e-06,8
5769,9.633333333334026,4.079791779076913e-06,8
5770,9.635000000000693,4.079807695234194e-06,8
5771,9.63666666666736,4.079804512002738e-06,8
5772,9.638333333334026,4.079791779076913e-06,8
5773,9.640000000000693,4.0797831388772465e-06,8
5774,9.64166666666736,4.079806785739493e-06,8
5775,9.643333333334027,4.079790869582212e-06,8
5776,9.645000000000694,4.079801783518633e-06,8
5777,9.646666666667361,4.079794052813668e-06,8
5778,9.648333333334028,4.0797795008984394e-06,8
5779,9.650000000000695,4.079793598066317e-06,8
5780,9.651666666667362,4.07978996008751e-06,8
5781,9.653333333334029,4.0797913243295625e-06,8
5782,9.655000000000696,4.0797954170557205e-06,8
5783,9.656666666667363,4.079803602508036e-06,8
5784,9.65833333333403,4.07979496230837e-06,8
5785,9.660000000000696,4.079804966750089e-06,8
5786,9.661666666667363,4.079786322108703e-06,8
5787,9.66333333333403,4.079788595845457e-06,8
5788,9.665000000000697,4.079800874023931e-06,8
5789,9.666666666667364,4.07980542149744e-06,8
5790,9.668333333334031,4.079792688571615e-06,8
5791,9.670000000000698,4.079792688571615e-06,8
5792,9.671666666667365,4.079782229382545e-06,8
5793,9.673333333334032,4.079799964529229e-06,8
5794,9.675000000000699,4.079792688571615e-06,8
5795,9.676666666667366,4.079788595845457e-06,8
5796,9.678333333334033,4.0797954170557205e-06,8
5797,9.6800000000007,4.079802693013335e-06,8
5798,9.681666666667367,4.079802693013335e-06,8
5799,9.683333333334033,4.0797954170557205e-06,8
5800,9.6850000000007,4.0797990550345276e-06,8
5801,9.686666666667367,4.079809059476247e-06,8
5802,9.688333333334034,4.079793598066317e-06,8
5803,9.690000000000701,4.07980542149744e-06,8
5804,9.691666666667368,4.079814516444458e-06,8
5805,9.693333333334035,4.079797690792475e-06,8
5806,9.695000000000702,4.0797913243295625e-06,8
5807,9.696666666667369,4.079789505340159e-06,8
5808,9.698333333334036,4.079799964529229e-06,8
5809,9.700000000000703,4.079785867361352e-06,8
5810,9.70166666666737,4.0797990550345276e-06,8
5811,9.703333333334037,4.079801783518633e-06,8
5812,9.705000000000704,4.079799964529229e-06,8
5813,9.70666666666737,4.079793143318966e-06,8
5814,9.708333333334037,4.079804057255387e-06,8
5815,9.710000000000704,4.079790869582212e-06,8
5816,9.711666666667371,4.0797990550345276e-06,8
5817,9.713333333334038,4.079793598066317e-06,8
5818,9.715000000000705,4.079790414834861e-06,8
5819,9.716666666667372,4.079789050592808e-06,8
5820,9.718333333334039,4.079788595845457e-06,8
5821,9.720000000000706,4.079790869582212e-06,8
5822,9.721666666667373,4.07978996008751e-06,8
5823,9.72333333333404,4.079786776856054e-06,8
5824,9.725000000000707,4.079778136656387e-06,8
5825,9.726666666667374,4.079794507561019e-06,8
5826,9.72833333333404,4.079798600287177e-06,8
5827,9.730000000000707,4.079793598066317e-06,8
5828,9.731666666667374,4.079798145539826e-06,8
5829,9.733333333334041,4.07979496230837e-06,8
5830,9.735000000000708,4.079788141098106e-06,8
5831,9.736666666667375,4.079782684129896e-06,8
5832,9.738333333334042,4.079793598066317e-06,8
5833,9.740000000000709,4.079788595845457e-06,8
5834,9.741666666667376,4.079804966750089e-06,8
5835,9.743333333334043,4.079803602508036e-06,8
5836,9.74500000000071,4.07980041927658e-06,8
5837,9.746666666667377,4.079794507561019e-06,8
5838,9.748333333334044,4.079785412614001e-06,8
5839,9.75000000000071,4.079798600287177e-06,8
5840,9.751666666667377,4.079789050592808e-06,8
5841,9.753333333334044,4.079782229382545e-06,8
5842,9.755000000000711,4.079788141098106e-06,8
5843,9.756666666667378,4.079790414834861e-06,8
5844,9.758333333334045,4.079790414834861e-06,8
5845,9.760000000000712,4.079790869582212e-06,8
5846,9.761666666667379,4.079801328771282e-06,8
5847,9.763333333334046,4.079793143318966e-06,8
5848,9.765000000000713,4.079790414834861e-06,8
5849,9.76666666666738,4.079800874023931e-06,8
5850,9.768333333334047,4.0797913243295625e-06,8
5851,9.770000000000714,4.079786776856054e-06,8
5852,9.77166666666738,4.07978996008751e-06,8
5853,9.773333333334048,4.0797872316034045e-06,8
5854,9.775000000000714,4.079796781297773e-06,8
5855,9.776666666667381,4.079792233824264e-06,8
5856,9.778333333334048,4.079809059476247e-06,8
5857,9.780000000000715,4.079805876244791e-06,8
5858,9.781666666667382,4.079793598066317e-06,8
5859,9.783333333334049,4.07980041927658e-06,8
5860,9.785000000000716,4.079801328771282e-06,8
5861,9.786666666667383,4.0797831388772465e-06,8
5862,9.78833333333405,4.0797954170557205e-06,8
5863,9.790000000000717,4.079795871803071e-06,8
5864,9.791666666667384,4.07978996008751e-06,8
5865,9.79333333333405,4.079781774635194e-06,8
5866,9.795000000000718,4.079804057255387e-06,8
5867,9.796666666667385,4.079800874023931e-06,8
5868,9.798333333334051,4.079795871803071e-06,8
5869,9.800000000000718,4.079793143318966e-06,8
5870,9.801666666667385,4.079797690792475e-06,8
