1 2117 0 1967
1 2117 1967 557
1 557 1504 2117
1 1504 557 561
1 1504 561 1631
1 1631 561 686
1 1631 686 1488
1 2309 1631 1488
1 452 2309 1488
1 1488 686 452
1 452 686 2336
1 1998 452 2336
1 2336 1907 1998
1 1200 1998 1907
1 564 1200 1907
1 1907 2003 564
1 2003 562 564
1 562 1003 564
1 1003 567 564
1 567 1200 564
1 567 570 1200
1 570 1276 1200
1 1200 1276 1916
1 1200 1916 1998
1 1916 452 1998
1 2372 452 1916
1 1916 2390 2372
1 2390 2110 2372
1 2110 1490 2372
1 1785 2372 1490
1 2536 1785 1490
1 2536 1490 1506
1 1506 1505 2536
1 1785 2536 1505
1 1505 617 1785
1 1489 1785 617
1 1489 617 2309
1 1489 2309 452
1 2372 1489 452
1 1785 1489 2372
1 1785 1489 2372
1 1490 1492 1506
1 1506 1492 640
1 1894 640 1492
1 2080 1894 1492
1 1493 2080 1492
1 1492 1490 1493
1 2110 1493 1490
1 1481 1493 2110
1 2110 1711 1481
1 2080 1481 1711
1 2080 1711 1868
1 1868 1483 2080
1 1483 1894 2080
1 1494 1894 1483
1 1494 1483 2017
1 1496 1494 2017
1 1497 1496 2017
1 2017 1483 1497
1 1483 2650 1497
1 2559 1497 2650
1 2559 2650 2988
1 1775 2559 2988
1 2491 1775 2988
1 2202 2491 2988
1 2650 2202 2988
1 2202 2650 1721
1 1721 1498 2202
1 1498 1499 2202
1 2491 2202 1499
1 1954 2491 1499
1 1499 1783 1954
1 1954 1783 1775
1 1775 2491 1954
1 1783 1508 1775
1 1508 1783 1509
1 1783 2194 1509
1 1509 2194 1510
1 2194 2055 1510
1 2055 1807 1510
1 2055 1501 1807
1 2675 1807 1501
1 2177 2675 1501
1 1501 2074 2177
1 1371 2177 2074
1 2074 1897 1371
1 1897 1500 1371
1 1500 2624 1371
1 2624 579 1371
1 1371 579 1568
1 1568 2177 1371
1 2006 2177 1568
1 607 2006 1568
1 607 1568 2361
1 2361 576 607
1 852 607 576
1 852 576 1021
1 1021 2141 852
1 2141 1394 852
1 1394 607 852
1 1394 580 607
1 607 580 2006
1 580 2405 2006
1 2006 2405 2177
1 2675 2177 2405
1 2675 2405 2338
1 2675 2338 2364
1 2675 2364 1807
1 2364 2338 362
1 2338 1895 362
1 2405 1895 2338
1 2405 1396 1895
1 1396 2405 1395
1 580 1395 2405
1 580 1394 1395
1 2405 1895 2338
1 580 1395 2405
1 580 1394 1395
1 2855 1394 2141
1 2855 2141 1021
1 1919 2855 1021
1 1021 1470 1919
1 707 1919 1470
1 1470 2005 707
1 565 707 2005
1 2069 565 2005
1 2005 554 2069
1 572 2069 554
1 554 571 572
1 571 692 572
1 570 572 692
1 1276 570 692
1 1276 692 573
1 2362 1276 573
1 2745 2362 573
1 573 571 2745
1 2745 571 574
1 2745 574 1988
1 2745 1988 1711
1 1711 2362 2745
1 2362 1711 1491
1 2362 1491 1276
1 1491 1916 1276
1 1491 2390 1916
1 2390 1491 1711
1 2110 2390 1711
1 2390 1491 1711
1 2059 1711 1988
1 1988 944 2059
1 1498 2059 944
1 1498 944 2624
1 2624 1500 1498
1 1500 1499 1498
1 1897 1499 1500
1 2194 1499 1897
1 1897 2055 2194
1 2055 1897 2074
1 2055 2074 1501
1 2194 1783 1499
1 944 575 2624
1 578 2624 575
1 578 575 2096
1 2096 1021 578
1 578 1021 576
1 578 576 2361
1 578 2361 2624
1 2361 579 2624
1 2361 1568 579
1 2027 1021 2096
1 2096 679 2027
1 3081 2027 679
1 679 575 3081
1 574 3081 575
1 1988 574 575
1 1988 575 944
1 3081 574 571
1 571 2027 3081
1 571 2005 2027
1 1470 2027 2005
1 1021 2027 1470
1 554 2005 571
1 2096 575 679
1 571 2027 3081
1 2096 575 679
1 1021 2027 1470
1 2096 575 679
1 578 2361 2624
1 1988 575 944
1 1721 2059 1498
1 1868 2059 1721
1 1495 1868 1721
1 1721 2650 1495
1 1483 1495 2650
1 1868 1495 1483
1 1868 1495 1483
1 1868 1711 2059
1 1988 575 944
1 1868 1711 2059
1 1988 574 575
1 3081 574 571
1 571 573 692
1 1711 2362 2745
1 2362 1491 1276
1 571 573 692
1 570 567 572
1 1003 572 567
1 1003 2337 572
1 572 2337 2069
1 1315 2069 2337
1 1003 1315 2337
1 1315 1003 1962
1 2002 1315 1962
1 558 2002 1962
1 1962 1984 558
1 1984 559 558
1 558 559 2002
1 2002 559 2247
1 1084 2002 2247
1 2247 565 1084
1 565 2069 1084
1 2069 1315 1084
1 1084 1315 2002
1 565 2247 1947
1 568 565 1947
1 568 1947 569
1 568 569 707
1 565 568 707
1 707 569 1919
1 569 2855 1919
1 2855 569 1393
1 1393 2862 2855
1 2855 2862 1394
1 1393 569 2036
1 2036 569 1392
1 1392 569 566
1 1391 1392 566
1 1391 566 2004
1 1391 2004 2264
1 1391 2264 2324
1 560 2324 2264
1 2558 560 2264
1 2558 2264 2004
1 2004 1947 2558
1 2558 1947 2247
1 2107 2558 2247
1 559 2107 2247
1 559 3084 2107
1 2107 3084 1047
1 1047 2085 2107
1 2558 2107 2085
1 2085 560 2558
1 2085 2199 560
1 2199 2324 560
1 2199 1 2324
1 2199 2085 1047
1 2199 2085 1047
1 1984 3084 559
1 2558 2107 2085
1 566 1947 2004
1 566 569 1947
1 2085 560 2558
1 2199 2324 560
1 2558 2264 2004
1 566 1947 2004
1 566 569 1947
1 566 569 1947
1 565 568 707
1 2558 1947 2247
1 1084 1315 2002
1 559 2107 2247
1 1984 3084 559
1 1962 1944 1984
1 1046 1984 1944
1 1944 3083 1046
1 2031 3083 1944
1 1962 2031 1944
1 1003 2031 1962
1 536 2031 1003
1 562 536 1003
1 562 2003 536
1 536 2003 785
1 536 785 2031
1 2031 785 1045
1 2031 1045 3083
1 2001 1045 785
1 2360 2001 785
1 2360 785 563
1 561 2360 563
1 563 686 561
1 686 563 2336
1 2336 563 785
1 2336 785 2003
1 1907 2336 2003
1 561 557 2360
1 2360 557 1967
1 2001 2360 1967
1 2336 563 785
1 2001 2360 1967
1 2336 785 2003
1 536 785 2031
1 2031 1045 3083
1 1962 2031 1944
1 558 559 2002
1 1084 1315 2002
1 1003 2031 1962
1 2069 1315 1084
1 1003 1315 2337
1 571 573 692
1 554 2005 571
1 572 2337 2069
1 554 2005 571
1 565 2069 1084
1 565 568 707
1 1470 2027 2005
1 707 569 1919
1 1021 2027 1470
1 569 2855 1919
1 2855 2862 1394
1 2855 2141 1021
1 578 1021 576
1 1394 607 852
1 578 576 2361
1 2361 1568 579
1 607 580 2006
1 2006 2405 2177
1 2361 1568 579
1 2361 579 2624
1 2624 1500 1498
1 1897 1499 1500
1 2055 1897 2074
1 1568 2177 1371
1 2055 2074 1501
1 2675 2177 2405
1 2675 2364 1807
1 2055 2074 1501
1 1897 2055 2194
1 2194 1783 1499
1 2194 1783 1499
1 1775 2491 1954
1 1500 1499 1498
1 1721 2059 1498
1 1721 2650 1495
1 2491 2202 1499
1 1775 2491 1954
1 2559 1775 3093
1 3093 1891 2559
1 1497 2559 1891
1 1589 1497 1891
1 1057 1589 1891
1 1507 1057 1891
1 1507 1891 3093
1 1507 2250 1057
1 2250 361 1057
1 2040 1057 361
1 1910 2040 361
1 1910 723 2040
1 2040 723 1496
1 1496 1057 2040
1 1589 1057 1496
1 1497 1589 1496
1 1496 723 1494
1 723 640 1494
1 1894 1494 640
1 1496 1057 2040
1 1589 1057 1496
1 1497 1589 1496
1 1507 1891 3093
1 2650 2202 2988
1 1497 2559 1891
1 1483 1495 2650
1 1497 1589 1496
1 1496 723 1494
1 2017 1483 1497
1 1894 1494 640
1 1868 1495 1483
1 1868 1711 2059
1 2080 1493 1481
1 2110 2390 1711
1 2080 1493 1481
1 2080 1493 1481
1 1483 1894 2080
1 1894 1494 640
1 1492 1490 1493
1 1785 2536 1505
1 1785 1489 2372
1 2110 1493 1490
1 2110 2390 1711
1 1491 2390 1916
1 2372 1489 452
1 1491 1916 1276
1 1276 570 692
1 570 567 572
1 1003 572 567
1 562 536 1003
1 562 2003 536
1 1907 2336 2003
1 567 1200 564
1 1200 1916 1998
1 1907 2336 2003
1 1916 452 1998
1 686 563 2336
1 1489 2309 452
1 1488 686 452
1 563 686 561
1 561 557 2360
1 2360 557 1967
2 13 4 45
2 45 23 13
2 13 23 700
2 13 700 4
2 4 700 1700
2 14 4 1700
2 1700 4362 14
2 4420 14 4362
2 2299 4420 4362
2 4159 2299 4362
2 4362 1706 4159
2 4017 4159 1706
2 1706 4416 4017
2 4017 4416 698
2 4361 4017 698
2 698 701 4361
2 4361 701 3124
2 4423 4361 3124
2 4423 3124 4428
2 4428 985 4423
2 985 4152 4423
2 4423 4152 4139
2 4139 4361 4423
2 4139 4159 4361
2 4361 4159 4017
2 4159 4139 2299
2 3930 2299 4139
2 4139 4129 3930
2 4179 3930 4129
2 4179 4129 1758
2 1758 2630 4179
2 2630 1759 4179
2 1759 3930 4179
2 970 3930 1759
2 970 1759 3616
2 970 3616 33
2 970 33 4420
2 3930 970 4420
2 2299 3930 4420
2 24 4420 33
2 45 24 33
2 41 45 33
2 33 3616 41
2 3616 55 41
2 45 41 55
2 63 45 55
2 55 3766 63
2 72 63 3766
2 72 3766 4463
2 1531 72 4463
2 1210 1531 4463
2 2064 1210 4463
2 2630 2064 4463
2 2630 4463 3766
2 1759 2630 3766
2 3766 3616 1759
2 3766 55 3616
2 2630 1616 2064
2 2064 1616 3046
2 2064 3046 2657
2 1210 2064 2657
2 1210 2657 1530
2 1530 1531 1210
2 788 1531 1530
2 788 1530 1473
2 1474 788 1473
2 1320 1474 1473
2 1320 1473 4459
2 1083 1320 4459
2 1083 4459 1579
2 1083 1579 1580
2 3498 1083 1580
2 1927 3498 1580
2 2968 1927 1580
2 1580 1213 2968
2 1213 3437 2968
2 3437 1532 2968
2 2968 1532 1927
2 1577 1927 1532
2 3819 1577 1532
2 3258 3819 1532
2 3280 3258 1532
2 3280 1532 3437
2 3437 4215 3280
2 4215 3258 3280
2 4215 2394 3258
2 3258 2394 4476
2 3258 4476 3819
2 1533 3819 4476
2 1533 4476 3722
2 1533 3722 1893
2 4173 1533 1893
2 4173 1893 3673
2 3673 1321 4173
2 1321 3471 4173
2 3471 3968 4173
2 3968 1533 4173
2 3819 1533 3968
2 3968 1577 3819
2 4460 1577 3968
2 4460 3968 3471
2 3471 4252 4460
2 4252 3878 4460
2 4460 3878 1081
2 1081 1577 4460
2 1081 4192 1577
2 4192 1927 1577
2 4192 3498 1927
2 4192 2550 3498
2 3498 2550 1083
2 2550 1765 1083
2 1320 1083 1765
2 1320 1765 4291
2 1888 1320 4291
2 1888 4291 1762
2 1762 1318 1888
2 1888 1318 1474
2 1888 1474 1320
2 61 1474 1318
2 3906 61 1318
2 1762 3906 1318
2 3409 3906 1762
2 1762 4045 3409
2 3409 4045 4414
2 23 3409 4414
2 23 4414 700
2 3500 700 4414
2 4414 4045 3500
2 4045 4002 3500
2 3500 4002 1419
2 4416 3500 1419
2 4416 1419 698
2 698 1419 3468
2 698 3468 701
2 3468 699 701
2 701 699 3185
2 3336 701 3185
2 3336 3185 4417
2 4417 4279 3336
2 3124 3336 4279
2 4279 4280 3124
2 4428 3124 4280
2 2257 4428 4280
2 2257 4280 3459
2 3311 2257 3459
2 3311 3459 4360
2 2471 3311 4360
2 4360 3224 2471
2 3224 4359 2471
2 4359 4421 2471
2 4421 4563 2471
2 2471 4563 3311
2 4563 2307 3311
2 2307 2257 3311
2 2307 4428 2257
2 2307 985 4428
2 1145 985 2307
2 1145 2307 1555
2 1555 2615 1145
2 1145 2615 3696
2 2252 1145 3696
2 2252 3696 4215
2 2252 4215 4186
2 4186 1616 2252
2 2893 2252 1616
2 1616 1758 2893
2 4129 2893 1758
2 4129 4152 2893
2 1145 2893 4152
2 1145 4152 985
2 2893 1145 2252
2 4129 4139 4152
2 2630 1758 1616
2 2893 1145 2252
2 3046 1616 4186
2 2657 3046 4186
2 4186 4477 2657
2 1213 2657 4477
2 4477 3437 1213
2 4186 3437 4477
2 4186 4215 3437
2 1530 2657 1213
2 1578 1530 1213
2 1213 1579 1578
2 1578 1579 4459
2 4459 1473 1578
2 1473 1530 1578
2 1579 1213 1580
2 1473 1530 1578
2 4186 3437 4477
2 4186 4215 3437
2 4215 3696 2615
2 4215 2615 2394
2 2615 1617 2394
2 2394 1617 721
2 721 4476 2394
2 721 3722 4476
2 3722 721 3483
2 3483 717 3722
2 1893 3722 717
2 1893 717 3723
2 1893 3723 3074
2 3074 3673 1893
2 3673 3074 3736
2 3736 3302 3673
2 3673 3302 1321
2 3302 4288 1321
2 3715 1321 4288
2 3715 4288 4289
2 3715 4289 4299
2 4299 3471 3715
2 3471 1321 3715
2 3471 4299 4252
2 4252 4299 3049
2 3878 4252 3049
2 4444 3878 3049
2 4444 3049 3695
2 4444 3695 3524
2 4444 3524 2663
2 2663 4192 4444
2 4444 4192 1081
2 1081 3878 4444
2 4192 2663 2550
2 4448 2550 2663
2 4448 2663 3524
2 4448 3524 699
2 699 4283 4448
2 1765 4448 4283
2 4283 4002 1765
2 4002 4291 1765
2 4291 4002 1762
2 4002 4045 1762
2 4002 4283 1419
2 3468 1419 4283
2 4283 699 3468
2 1765 2550 4448
2 4283 699 3468
2 3524 4417 699
2 3185 699 4417
2 3524 3695 4417
2 4417 3695 3688
2 4279 4417 3688
2 4279 3688 4204
2 4204 3459 4279
2 4279 3459 4280
2 4204 4360 3459
2 3224 4360 4204
2 2529 3224 4204
2 2529 4204 3688
2 3688 3922 2529
2 2529 3922 2494
2 2529 2494 702
2 702 3224 2529
2 4275 3224 702
2 702 2721 4275
2 4275 2721 4276
2 4425 4275 4276
2 4427 4425 4276
2 4427 4276 3822
2 2514 4427 3822
2 984 2514 3822
2 4319 984 3822
2 4319 3822 3770
2 4424 4319 3770
2 3770 4419 4424
2 4197 4424 4419
2 91 4197 4419
2 91 4419 117
2 91 117 2433
2 91 2433 4167
2 95 91 4167
2 95 4167 3911
2 3911 122 95
2 122 4256 95
2 95 4256 4197
2 4197 91 95
2 4197 4256 2215
2 4197 2215 2171
2 4197 2171 4424
2 4424 2171 1146
2 4424 1146 4319
2 1146 984 4319
2 984 1146 3327
2 984 3327 1940
2 984 1940 2514
2 2514 1940 3219
2 4422 2514 3219
2 4422 3219 973
2 3935 4422 973
2 4421 3935 973
2 973 3206 4421
2 3206 4563 4421
2 3206 4144 4563
2 1555 4563 4144
2 1555 4144 1617
2 1555 1617 2615
2 4144 2525 1617
2 721 1617 2525
2 721 2525 3483
2 2525 4305 3483
2 3723 3483 4305
2 4479 3723 4305
2 4305 1598 4479
2 1598 2613 4479
2 2613 1534 4479
2 1534 3074 4479
2 4479 3074 3723
2 3074 1534 3736
2 2385 3736 1534
2 3758 2385 1534
2 1534 2613 3758
2 3758 2613 4271
2 3758 4271 4461
2 4461 2385 3758
2 4461 4095 2385
2 4095 3736 2385
2 3736 4095 3302
2 4095 1082 3302
2 4288 3302 1082
2 4443 4288 1082
2 2970 4443 1082
2 1082 4095 2970
2 1878 2970 4095
2 4095 4089 1878
2 3587 1878 4089
2 3642 3587 4089
2 3644 3642 4089
2 3644 4089 4461
2 3644 4461 4271
2 2847 3644 4271
2 4478 2847 4271
2 4271 2613 4478
2 4465 4478 2613
2 1598 4465 2613
2 4202 4465 1598
2 4202 1598 3399
2 3219 4202 3399
2 4113 3219 3399
2 4113 3399 4305
2 4305 2525 4113
2 2525 3914 4113
2 3914 973 4113
2 973 3219 4113
2 3914 3206 973
2 3914 4144 3206
2 4144 3914 2525
2 4144 3914 2525
2 3399 1598 4305
2 973 3219 4113
2 3219 1940 4202
2 4202 1940 4201
2 4465 4202 4201
2 4201 4464 4465
2 4464 3493 4465
2 4465 3493 4478
2 4478 3493 3154
2 4478 3154 2847
2 4462 2847 3154
2 1535 4462 3154
2 1535 3154 1211
2 4580 1535 1211
2 4580 1211 3959
2 4580 3959 144
2 163 4580 144
2 163 144 862
2 163 862 4482
2 163 4482 3189
2 176 163 3189
2 176 3189 1138
2 176 1138 205
2 205 1597 176
2 176 1597 2871
2 2871 4143 176
2 176 4143 204
2 176 204 732
2 176 732 161
2 1212 176 161
2 161 3864 1212
2 1212 3864 1535
2 4580 1212 1535
2 163 1212 4580
2 176 1212 163
2 1535 3864 4462
2 1475 4462 3864
2 1475 3864 125
2 93 1475 125
2 125 4069 93
2 3125 93 4069
2 3125 4069 2230
2 2230 1859 3125
2 90 3125 1859
2 90 1859 3274
2 90 3274 116
2 90 116 4415
2 3850 90 4415
2 3850 4415 4046
2 3850 4046 1373
2 1373 4216 3850
2 4216 3319 3850
2 3850 3319 90
2 90 3319 93
2 3125 90 93
2 93 3319 1475
2 1475 3319 3642
2 3642 1080 1475
2 4462 1475 1080
2 1080 2847 4462
2 1080 3644 2847
2 3644 1080 3642
2 3644 1080 3642
2 3319 4216 3642
2 4216 3587 3642
2 3587 4216 1764
2 1764 1878 3587
2 1878 1764 2448
2 1878 2448 2970
2 2448 4447 2970
2 2970 4447 4443
2 4443 4447 2355
2 2355 4446 4443
2 4446 4289 4443
2 4288 4443 4289
2 4446 2900 4289
2 2900 4445 4289
2 4445 4299 4289
2 4299 4445 3049
2 3049 4445 3695
2 3922 3695 4445
2 4445 2900 3922
2 3922 2900 2494
2 4446 2494 2900
2 1093 2494 4446
2 1093 4446 1974
2 1093 1974 702
2 702 2494 1093
2 1705 702 1974
2 1705 1974 2781
2 1705 2781 2952
2 1705 2952 4023
2 1705 4023 2721
2 1705 2721 702
2 4023 4276 2721
2 4023 3924 4276
2 3924 3822 4276
2 3822 3924 3770
2 3986 3770 3924
2 3986 3924 1701
2 3919 3986 1701
2 3919 1701 4272
2 167 3919 4272
2 4282 167 4272
2 4282 4272 1703
2 1703 166 4282
2 4282 166 180
2 4282 180 167
2 1121 167 180
2 1121 180 197
2 197 1123 1121
2 1121 1123 4353
2 1121 4353 673
2 1121 673 167
2 167 673 142
2 142 4426 167
2 167 4426 3919
2 3919 4426 3770
2 3919 3770 3986
2 4426 4419 3770
2 117 4419 4426
2 4426 142 117
2 4321 117 142
2 142 673 4321
2 4353 4321 673
2 4321 4353 3404
2 3523 4321 3404
2 3404 2102 3523
2 4303 3523 2102
2 4303 2102 1656
2 1656 4205 4303
2 2213 4303 4205
2 4205 2510 2213
2 2510 3911 2213
2 3911 4167 2213
2 2213 4167 4303
2 4167 2433 4303
2 2433 3523 4303
2 2433 117 3523
2 117 4321 3523
2 3911 2510 3464
2 3911 3464 862
2 3911 862 122
2 144 122 862
2 3959 122 144
2 3959 4256 122
2 3959 2215 4256
2 3959 4464 2215
2 4201 2215 4464
2 2171 2215 4201
2 1146 2171 4201
2 1146 4201 3327
2 1940 3327 4201
2 4464 3959 1211
2 4464 1211 3493
2 3493 1211 3154
2 4482 862 3464
2 3464 4285 4482
2 4285 835 4482
2 835 3189 4482
2 3189 835 1138
2 539 1138 835
2 835 2755 539
2 539 2755 3821
2 539 3821 4209
2 1138 539 4209
2 1138 4209 538
2 538 223 1138
2 1138 223 205
2 223 1597 205
2 2642 1597 223
2 2642 223 245
2 1983 2642 245
2 263 1983 245
2 263 245 4222
2 263 4222 3187
2 263 3187 270
2 263 270 1983
2 270 808 1983
2 1983 808 1999
2 1999 2642 1983
2 1007 2642 1999
2 1999 3343 1007
2 3560 1007 3343
2 3343 1302 3560
2 1302 3254 3560
2 3323 3560 3254
2 1467 3323 3254
2 1467 3254 1275
2 1275 1468 1467
2 1468 4281 1467
2 1467 4281 4485
2 1467 4485 3323
2 3323 4485 3984
2 3984 3560 3323
2 3560 3984 1007
2 3120 1007 3984
2 3120 3984 1462
2 3501 3120 1462
2 1462 1588 3501
2 3501 1588 2871
2 1597 3501 2871
2 3501 1597 3120
2 3120 1597 1007
2 1597 2642 1007
2 2871 1588 4143
2 4143 1588 942
2 229 4143 942
2 942 255 229
2 255 1423 229
2 229 1423 1478
2 1478 204 229
2 204 4143 229
2 1478 732 204
2 1478 733 732
2 161 732 733
2 729 161 733
2 729 733 1952
2 4225 729 1952
2 4225 1952 2392
2 2392 2478 4225
2 4069 4225 2478
2 2478 2230 4069
2 1634 2230 2478
2 2392 1634 2478
2 1634 2392 2709
2 2709 3190 1634
2 1634 3190 4008
2 1634 4008 2230
2 4008 4294 2230
2 2230 4294 1859
2 4294 1048 1859
2 1048 3274 1859
2 1048 1050 3274
2 166 3274 1050
2 166 1050 1235
2 166 1235 180
2 191 180 1235
2 1235 2287 191
2 234 191 2287
2 234 2287 4020
2 257 234 4020
2 4020 2186 257
2 4250 257 2186
2 4250 2186 2162
2 4250 2162 2942
2 255 4250 2942
2 255 2942 1423
2 2942 4212 1423
2 1478 1423 4212
2 1479 1478 4212
2 1479 4212 1480
2 1479 1480 2376
2 776 1479 2376
2 2376 731 776
2 776 731 730
2 730 1952 776
2 1952 733 776
2 1479 776 733
2 1478 1479 733
2 730 2392 1952
2 1234 2392 730
2 730 160 1234
2 124 1234 160
2 160 966 124
2 966 106 124
2 106 1234 124
2 106 2709 1234
2 2709 2392 1234
2 106 86 2709
2 86 3190 2709
2 2891 3190 86
2 109 2891 86
2 109 86 4246
2 768 109 4246
2 4106 768 4246
2 4246 3424 4106
2 1292 4106 3424
2 980 1292 3424
2 966 980 3424
2 4295 966 3424
2 4246 4295 3424
2 86 4295 4246
2 86 106 4295
2 106 966 4295
2 106 966 4295
2 1829 980 966
2 1829 966 160
2 1322 1829 160
2 160 503 1322
2 1322 503 1659
2 1659 1661 1322
2 3569 1322 1661
2 3243 3569 1661
2 3243 1661 3879
2 3243 3879 2283
2 3243 2283 3917
2 3243 3917 3225
2 3243 3225 1324
2 3243 1324 3569
2 1324 1827 3569
2 3783 3569 1827
2 1827 983 3783
2 980 3783 983
2 1292 980 983
2 2892 1292 983
2 983 969 2892
2 969 3200 2892
2 2892 3200 4106
2 4106 1292 2892
2 3200 4277 4106
2 4277 768 4106
2 4277 4429 768
2 2984 768 4429
2 2049 2984 4429
2 4429 4437 2049
2 2049 4437 1109
2 1109 3862 2049
2 3862 4436 2049
2 2049 4436 2984
2 4436 4431 2984
2 4431 768 2984
2 109 768 4431
2 126 109 4431
2 4137 126 4431
2 4436 4137 4431
2 4436 1108 4137
2 817 4137 1108
2 4390 817 1108
2 1108 3862 4390
2 4399 4390 3862
2 816 4399 3862
2 3862 1109 816
2 816 1109 719
2 4402 816 719
2 719 4398 4402
2 4402 4398 4442
2 4195 4402 4442
2 1443 4195 4442
2 4442 878 1443
2 878 855 1443
2 2836 1443 855
2 2836 855 4365
2 2836 4365 3917
2 4367 2836 3917
2 3917 2283 4367
2 2283 3724 4367
2 4076 4367 3724
2 3427 4076 3724
2 1660 3427 3724
2 1660 3724 3879
2 3879 1659 1660
2 1659 134 1660
2 1660 134 110
2 87 1660 110
2 87 110 2768
2 2768 2349 87
2 2349 100 87
2 1113 87 100
2 1113 100 114
2 3949 1113 114
2 3949 114 4390
2 4399 3949 4390
2 4399 4195 3949
2 4195 3068 3949
2 3949 3068 1113
2 3427 1113 3068
2 4076 3427 3068
2 4076 3068 1443
2 4076 1443 4367
2 4367 1443 2836
2 3068 4195 1443
2 87 1113 3427
2 3427 1660 87
2 3068 4195 1443
2 4399 4402 4195
2 4399 816 4402
2 114 156 4390
2 4390 156 817
2 179 817 156
2 179 156 1125
2 1125 195 179
2 674 179 195
2 459 674 195
2 217 459 195
2 544 217 195
2 195 1125 544
2 544 1125 1126
2 544 1126 1158
2 217 544 1158
2 1158 235 217
2 235 524 217
2 217 524 459
2 461 459 524
2 461 524 528
2 461 528 3561
2 675 461 3561
2 3561 3868 675
2 675 3868 770
2 770 769 675
2 675 769 218
2 218 674 675
2 459 675 674
2 461 675 459
2 674 218 196
2 179 674 196
2 4088 179 196
2 4088 196 861
2 4088 861 146
2 4088 146 817
2 4088 817 179
2 146 4137 817
2 146 126 4137
2 146 1244 126
2 1244 2476 126
2 126 2476 2891
2 109 126 2891
2 2891 2476 1835
2 3190 2891 1835
2 3190 1835 4008
2 1835 4294 4008
2 2741 4294 1835
2 2476 2741 1835
2 3866 2741 2476
2 2476 1244 3866
2 1244 3403 3866
2 3866 3403 2158
2 1048 3866 2158
2 1048 2158 1049
2 1049 1050 1048
2 1049 2595 1050
2 1235 1050 2595
2 1235 2595 2287
2 2595 1281 2287
2 4020 2287 1281
2 1116 4020 1281
2 1116 1281 2201
2 1116 2201 3651
2 2725 1116 3651
2 3651 266 2725
2 3161 2725 266
2 268 3161 266
2 4036 268 266
2 1511 4036 266
2 592 1511 266
2 237 592 266
2 237 266 3651
2 3651 218 237
2 237 218 769
2 592 237 769
2 769 597 592
2 1511 592 597
2 1513 1511 597
2 597 4307 1513
2 1515 1513 4307
2 709 1515 4307
2 3356 709 4307
2 597 3356 4307
2 597 770 3356
2 770 3868 3356
2 3868 677 3356
2 3356 677 680
2 709 3356 680
2 771 709 680
2 680 4183 771
2 4183 3516 771
2 3516 3648 771
2 3648 1516 771
2 709 771 1516
2 1516 1515 709
2 1516 4207 1515
2 1515 4207 662
2 1515 662 661
2 1513 1515 661
2 661 1751 1513
2 1751 663 1513
2 1513 663 1511
2 663 4036 1511
2 254 4036 663
2 663 915 254
2 254 915 228
2 228 2376 254
2 1480 254 2376
2 3161 254 1480
2 3161 1480 2162
2 2162 2725 3161
2 2162 2186 2725
2 2186 1116 2725
2 2186 4020 1116
2 4212 2162 1480
2 2942 2162 4212
2 3161 268 254
2 254 268 4036
2 203 2376 228
2 203 228 4502
2 4490 203 4502
2 4490 4502 2777
2 2777 2000 4490
2 3885 4490 2000
2 994 3885 2000
2 2000 4489 994
2 4489 3408 994
2 994 3408 1181
2 994 1181 3885
2 3885 1181 1571
2 1571 215 3885
2 200 3885 215
2 200 215 4347
2 4347 4356 200
2 200 4356 4483
2 200 4483 177
2 4490 200 177
2 4490 177 203
2 203 177 731
2 203 731 2376
2 731 177 160
2 730 731 160
2 503 160 177
2 503 177 159
2 1659 503 159
2 134 1659 159
2 159 4480 134
2 134 4480 1180
2 110 134 1180
2 110 1180 3563
2 110 3563 2768
2 2768 3563 2282
2 1022 2768 2282
2 2290 1022 2282
2 2290 2282 3535
2 3535 113 2290
2 2290 113 3562
2 2290 3562 2050
2 1022 2290 2050
2 2690 1022 2050
2 2050 2838 2690
2 2838 1687 2690
2 156 2690 1687
2 1125 156 1687
2 1125 1687 457
2 1125 457 1126
2 3170 1126 457
2 3744 3170 457
2 457 2838 3744
2 2838 753 3744
2 458 3744 753
2 753 754 458
2 458 754 545
2 543 458 545
2 216 543 545
2 216 545 194
2 1194 216 194
2 193 1194 194
2 193 194 175
2 1069 193 175
2 175 154 1069
2 154 4322 1069
2 1069 4322 1074
2 1074 1068 1069
2 1608 1069 1068
2 1068 611 1608
2 3011 1608 611
2 3011 611 1525
2 1193 3011 1525
2 1193 1525 1191
2 1191 211 1193
2 1193 211 241
2 241 3704 1193
2 3011 1193 3704
2 3011 3704 4117
2 4117 4508 3011
2 1608 3011 4508
2 4508 1609 1608
2 1069 1608 1609
2 193 1069 1609
2 1609 1192 193
2 193 1192 220
2 193 220 1086
2 193 1086 1194
2 1086 1199 1194
2 4511 1194 1199
2 1398 4511 1199
2 1398 1199 1655
2 1398 1655 4525
2 1398 4525 4526
2 4526 4511 1398
2 4526 1374 4511
2 233 4511 1374
2 1374 253 233
2 233 253 1561
2 543 233 1561
2 543 1561 873
2 543 873 458
2 3744 458 873
2 873 3170 3744
2 2963 3170 873
2 2775 2963 873
2 873 1561 2775
2 2775 1561 267
2 3184 2775 267
2 2254 3184 267
2 2254 267 274
2 4244 2254 274
2 247 4244 274
2 247 274 2716
2 2716 1309 247
2 227 247 1309
2 227 1309 189
2 841 227 189
2 189 172 841
2 841 172 4481
2 4481 842 841
2 4358 841 842
2 4357 4358 842
2 842 4380 4357
2 4346 4357 4380
2 2380 4346 4380
2 3827 2380 4380
2 4273 3827 4380
2 4273 4380 4100
2 4100 690 4273
2 4273 690 2265
2 4273 2265 3556
2 4273 3556 3827
2 843 3827 3556
2 3556 4483 843
2 4356 843 4483
2 843 4356 3700
2 843 3700 2380
2 843 2380 3827
2 3700 2954 2380
2 2344 2380 2954
2 4255 2344 2954
2 3907 4255 2954
2 3907 2954 240
2 276 3907 240
2 276 240 1571
2 276 1571 2980
2 276 2980 3053
2 261 276 3053
2 3053 4532 261
2 235 261 4532
2 524 235 4532
2 4532 528 524
2 3939 528 4532
2 3939 4532 3053
2 3053 2980 3939
2 3939 2980 4098
2 4098 3980 3939
2 3980 469 3939
2 3939 469 528
2 3561 528 469
2 525 3561 469
2 469 4531 525
2 464 525 4531
2 3953 464 4531
2 3953 4531 3784
2 4564 3953 3784
2 4564 3784 1348
2 4564 1348 3969
2 3969 4293 4564
2 4564 4293 3663
2 4564 3663 3953
2 3953 3663 464
2 464 3663 4122
2 4122 3261 464
2 464 3261 3619
2 525 464 3619
2 525 3619 3561
2 677 3561 3619
2 677 3619 678
2 677 678 680
2 3261 680 678
2 3261 678 3619
2 3261 4183 680
2 3261 4122 4183
2 2562 4183 4122
2 4122 3663 2562
2 4293 2562 3663
2 2562 4293 465
2 681 2562 465
2 465 683 681
2 683 3908 681
2 3908 589 681
2 2562 681 589
2 772 2562 589
2 594 772 589
2 594 589 3229
2 3229 4286 594
2 4286 1613 594
2 1613 3648 594
2 594 3648 772
2 772 3648 3516
2 4183 772 3516
2 772 4183 2562
2 1517 3648 1613
2 1517 1613 664
2 4376 1517 664
2 664 911 4376
2 662 4376 911
2 3313 662 911
2 911 4507 3313
2 4507 4505 3313
2 4141 3313 4505
2 4505 4503 4141
2 4141 4503 2028
2 2028 916 4141
2 916 1751 4141
2 1751 661 4141
2 661 662 4141
2 3313 4141 662
2 910 1751 916
2 910 916 4284
2 910 4284 663
2 663 1751 910
2 4284 915 663
2 2777 915 4284
2 916 2777 4284
2 916 2028 2777
2 2000 2777 2028
2 4489 2000 2028
2 4503 4489 2028
2 4503 4151 4489
2 4489 4151 3408
2 4151 792 3408
2 3408 792 998
2 1181 3408 998
2 1181 998 1575
2 1181 1575 1347
2 1181 1347 1571
2 1571 1347 2980
2 2980 1347 4098
2 4098 1347 1575
2 4098 1575 1343
2 1343 3980 4098
2 4548 3980 1343
2 1342 4548 1343
2 1342 1343 3954
2 3954 1572 1342
2 1572 1344 1342
2 1342 1344 4548
2 4548 1344 3784
2 4531 4548 3784
2 4531 3980 4548
2 4531 469 3980
2 3784 1344 1351
2 1351 1348 3784
2 1351 4267 1348
2 4267 4530 1348
2 3969 1348 4530
2 4530 3440 3969
2 3440 465 3969
2 3969 465 4293
2 466 465 3440
2 526 466 3440
2 2493 526 3440
2 3440 4530 2493
2 1350 2493 4530
2 1350 4530 4267
2 1350 4267 2699
2 2699 1345 1350
2 1345 1340 1350
2 1350 1340 2493
2 1340 527 2493
2 526 2493 527
2 2894 526 527
2 875 2894 527
2 527 2594 875
2 1346 875 2594
2 3618 1346 2594
2 2594 3785 3618
2 3618 3785 1574
2 1574 1346 3618
2 1574 4243 1346
2 4243 1182 1346
2 1341 1346 1182
2 1341 1182 952
2 1341 952 2887
2 1341 2887 2683
2 1341 2683 2451
2 1341 2451 2676
2 2676 1346 1341
2 2676 875 1346
2 3816 875 2676
2 2805 3816 2676
2 2676 2451 2805
2 2451 2683 2805
2 2805 2683 4549
2 4549 3236 2805
2 462 2805 3236
2 462 3236 292
2 292 3499 462
2 676 462 3499
2 3499 1339 676
2 774 676 1339
2 774 1339 529
2 3318 774 529
2 593 3318 529
2 593 529 301
2 301 655 593
2 593 655 1610
2 593 1610 3876
2 3876 3318 593
2 3876 917 3318
2 917 774 3318
2 917 3105 774
2 3105 676 774
2 3105 3281 676
2 3281 462 676
2 462 3281 2805
2 468 2805 3281
2 3105 468 3281
2 685 468 3105
2 917 685 3105
2 917 3216 685
2 1898 685 3216
2 1898 3216 1960
2 1898 1960 684
2 2148 1898 684
2 2148 684 3912
2 2894 2148 3912
2 2894 3912 526
2 526 3912 466
2 3912 682 466
2 683 466 682
2 683 682 1960
2 683 1960 3317
2 683 3317 773
2 3908 683 773
2 773 595 3908
2 3229 3908 595
2 3229 595 4286
2 1612 4286 595
2 1612 595 773
2 773 3317 1612
2 3317 1611 1612
2 1612 1611 1512
2 4286 1612 1512
2 4286 1512 1518
2 1518 4377 4286
2 4286 4377 1613
2 4377 3633 1613
2 1613 3633 664
2 664 3633 1753
2 664 1753 1752
2 911 664 1752
2 911 1752 4507
2 4507 1752 1753
2 1753 4504 4507
2 4507 4504 823
2 4507 823 797
2 797 796 4507
2 796 4505 4507
2 4151 4505 796
2 4151 796 792
2 796 797 792
2 797 993 792
2 955 792 993
2 955 993 995
2 1572 955 995
2 4187 1572 995
2 4187 995 956
2 4187 956 3059
2 3059 2699 4187
2 2699 1351 4187
2 1344 4187 1351
2 4187 1344 1572
2 4267 1351 2699
2 3059 1345 2699
2 1345 3059 3785
2 1345 3785 1340
2 3785 2594 1340
2 527 1340 2594
2 3785 3059 957
2 3785 957 958
2 958 1574 3785
2 958 959 1574
2 1574 959 997
2 1574 997 4243
2 4243 997 1182
2 1182 997 953
2 1182 953 952
2 2700 952 953
2 2700 953 350
2 340 2700 350
2 340 350 320
2 329 340 320
2 312 329 320
2 300 312 320
2 300 320 292
2 4549 300 292
2 4549 292 3236
2 4549 312 300
2 4549 2683 312
2 3352 312 2683
2 2887 3352 2683
2 2887 952 3352
2 3352 952 2700
2 3352 2700 340
2 329 3352 340
2 3352 329 312
2 3352 329 312
2 286 292 320
2 279 286 320
2 279 320 287
2 279 287 1339
2 286 279 1339
2 286 1339 3499
2 292 286 3499
2 1339 287 293
2 529 1339 293
2 529 293 301
2 293 320 301
2 313 301 320
2 320 330 313
2 655 313 330
2 655 330 660
2 1610 655 660
2 660 3195 1610
2 3195 1514 1610
2 3876 1610 1514
2 1514 2737 3876
2 2737 3353 3876
2 591 3876 3353
2 596 591 3353
2 3855 596 3353
2 2737 3855 3353
2 3855 2737 3754
2 3855 3754 1996
2 4171 3855 1996
2 4171 1996 4375
2 4171 4375 1512
2 1611 4171 1512
2 1611 596 4171
2 596 3855 4171
2 596 1611 3317
2 3088 596 3317
2 3317 1960 3088
2 3088 1960 591
2 3088 591 596
2 1960 3216 591
2 3216 917 591
2 591 917 3876
2 3088 591 596
2 1518 1512 4375
2 1518 4375 666
2 1518 666 4377
2 665 4377 666
2 666 912 665
2 665 912 4214
2 3633 665 4214
2 1753 3633 4214
2 4504 1753 4214
2 3407 4504 4214
2 3407 4214 912
2 3407 912 4501
2 3407 4501 794
2 3465 3407 794
2 794 793 3465
2 793 823 3465
2 4504 3465 823
2 3465 4504 3407
2 793 995 823
2 995 993 823
2 797 823 993
2 995 793 956
2 957 956 793
2 794 957 793
2 957 794 996
2 957 996 958
2 996 795 958
2 958 795 959
2 824 959 795
2 824 795 4506
2 824 4506 1444
2 824 1444 4571
2 997 824 4571
2 997 4571 791
2 791 953 997
2 953 791 2694
2 953 2694 2070
2 350 953 2070
2 358 350 2070
2 358 2070 1696
2 358 1696 351
2 358 351 320
2 350 358 320
2 320 351 341
2 320 341 330
2 341 2426 330
2 330 2426 660
2 2426 1754 660
2 3195 660 1754
2 914 3195 1754
2 914 1754 1444
2 914 1444 4506
2 4268 914 4506
2 795 4268 4506
2 4268 795 799
2 4268 799 4501
2 4268 4501 913
2 4268 913 914
2 914 913 1996
2 914 1996 3754
2 914 3754 3195
2 2737 3195 3754
2 3195 2737 1514
2 4375 1996 913
2 913 666 4375
2 913 912 666
2 913 4501 912
2 913 4501 912
2 794 4501 799
2 996 794 799
2 799 795 996
2 799 795 996
2 4268 913 914
2 1754 512 1444
2 512 4571 1444
2 791 4571 512
2 2694 791 512
2 1696 2694 512
2 1696 512 2426
2 341 1696 2426
2 1696 341 351
2 2426 512 1754
2 1696 2070 2694
2 2426 512 1754
2 914 3754 3195
2 2426 512 1754
2 341 1696 2426
2 1696 341 351
2 1696 341 351
2 1696 2070 2694
2 350 358 320
2 1696 2070 2694
2 2694 791 512
2 791 4571 512
2 824 997 959
2 512 4571 1444
2 914 1444 4506
2 795 4268 4506
2 824 997 959
2 799 795 996
2 996 794 799
2 3059 956 957
2 794 957 793
2 3465 4504 3407
2 794 4501 799
2 913 4501 912
2 3465 4504 3407
2 3633 4377 665
2 3407 4214 912
2 913 912 666
2 3633 4377 665
2 913 666 4375
2 4375 1996 913
2 596 3855 4171
2 914 1996 3754
2 2737 3195 3754
2 596 3855 4171
2 3088 591 596
2 591 917 3876
2 2737 3855 3353
2 3195 2737 1514
2 3195 2737 1514
2 3195 660 1754
2 330 2426 660
2 655 301 313
2 320 341 330
2 655 301 313
2 320 293 287
2 320 293 287
2 320 293 287
2 286 279 1339
2 292 286 3499
2 4549 312 300
2 3352 329 312
2 329 3352 340
2 350 358 320
2 3352 2700 340
2 350 953 2070
2 3352 952 2700
2 791 953 997
2 824 997 959
2 958 795 959
2 957 996 958
2 3059 956 957
2 3059 956 957
2 995 793 956
2 4187 1344 1572
2 954 955 1572
2 954 1572 3954
2 3954 998 954
2 792 954 998
2 792 955 954
2 998 3954 1575
2 1575 3954 1343
2 792 955 954
2 995 993 823
2 792 955 954
2 797 823 993
2 4503 4505 4151
2 796 797 792
2 797 823 993
2 4504 3465 823
2 4504 1753 4214
2 4507 1752 1753
2 1753 3633 4214
2 3633 4377 665
2 1518 666 4377
2 1518 1512 4375
2 1611 4171 1512
2 596 1611 3317
2 4286 1612 1512
2 3229 589 3908
2 1612 595 773
2 773 3317 1612
2 3317 1960 3088
2 682 684 1960
2 3912 684 682
2 683 465 466
2 3912 684 682
2 2148 2894 3816
2 2805 2148 3816
2 2805 468 2148
2 468 685 2148
2 1898 2148 685
2 3816 2894 875
2 3912 684 682
2 1898 2148 685
2 682 684 1960
2 1960 3216 591
2 1898 2148 685
2 3216 917 591
2 468 685 2148
2 2805 468 2148
2 3105 468 3281
2 917 685 3105
2 591 917 3876
2 3876 1610 1514
2 1610 655 660
2 655 301 313
2 529 293 301
2 3876 3318 593
2 917 774 3318
2 529 1339 293
2 3105 676 774
2 286 1339 3499
2 3281 462 676
2 292 286 3499
2 4549 292 3236
2 462 3281 2805
2 4549 292 3236
2 4549 2683 312
2 2805 2148 3816
2 3816 2894 875
2 2676 2451 2805
2 2451 2683 2805
2 2887 3352 2683
2 2887 952 3352
2 1182 953 952
2 2676 1346 1341
2 4243 997 1182
2 1574 997 4243
2 958 1574 3785
2 3785 2594 1340
2 1574 1346 3618
2 2676 875 1346
2 527 1340 2594
2 3816 2894 875
2 2894 3912 526
2 527 1340 2594
2 1345 3785 1340
2 3059 1345 2699
2 4267 1351 2699
2 1350 1340 2493
2 526 2493 527
2 526 3912 466
2 683 465 466
2 3440 4530 2493
2 1350 4530 4267
2 4267 1351 2699
2 1344 4187 1351
2 4187 1344 1572
2 954 1572 3954
2 1575 3954 1343
2 1342 1344 4548
2 4531 3980 4548
2 1575 3954 1343
2 4098 1347 1575
2 998 3954 1575
2 792 954 998
2 4151 796 792
2 4503 4505 4151
2 915 2777 4502
2 4502 228 915
2 916 2777 4284
2 663 1751 910
2 916 2028 2777
2 4503 4489 2028
2 4503 4505 4151
2 3313 4141 662
2 796 4505 4507
2 911 1752 4507
2 3313 4141 662
2 4376 662 4207
2 4207 1516 4376
2 1516 1517 4376
2 3648 1517 1516
2 911 664 1752
2 1516 1517 4376
2 1613 3633 664
2 3648 1517 1516
2 4286 4377 1613
2 3229 595 4286
2 3229 589 3908
2 594 3648 772
2 772 4183 2562
2 3229 589 3908
2 3908 683 773
2 683 465 466
2 2562 681 589
2 3969 465 4293
2 772 4183 2562
2 3261 678 3619
2 3868 3561 677
2 3261 678 3619
2 3261 4122 4183
2 4122 3663 2562
2 4293 2562 3663
2 3969 465 4293
2 3969 1348 4530
2 1351 1348 3784
2 4564 3663 3953
2 4531 4548 3784
2 3953 3663 464
2 525 464 3619
2 4531 469 3980
2 525 3619 3561
2 4531 469 3980
2 1343 3980 4098
2 2980 1347 4098
2 3939 469 528
2 235 4175 261
2 261 4175 4298
2 261 4298 276
2 3907 276 4298
2 4298 4255 3907
2 4298 2195 4255
2 2195 2344 4255
2 2344 2195 3184
2 2344 3184 3957
2 2344 3957 4346
2 4346 2380 2344
2 4346 3957 4244
2 4244 4357 4346
2 4244 4358 4357
2 247 4358 4244
2 227 4358 247
2 841 4358 227
2 4244 3957 2254
2 3957 3184 2254
2 3957 3184 2254
2 2195 2963 3184
2 3184 2963 2775
2 2963 2195 1560
2 1560 3170 2963
2 3170 1560 1126
2 1560 1158 1126
2 1158 1560 4175
2 1158 4175 235
2 4298 4175 1560
2 4298 1560 2195
2 4298 1560 2195
2 4298 1560 2195
2 4298 4175 1560
2 1158 4175 235
2 3939 4532 3053
2 261 4298 276
2 3053 2980 3939
2 1571 1347 2980
2 1571 240 215
2 4347 215 240
2 2954 4347 240
2 2954 3700 4347
2 3700 4356 4347
2 3907 276 4298
2 2954 4347 240
2 4298 4255 3907
2 2195 2344 4255
2 4346 2380 2344
2 2954 3700 4347
2 3700 4356 4347
2 4483 3556 4240
2 4483 4240 4480
2 4483 4480 159
2 177 4483 159
2 4480 4240 1180
2 4240 2265 1180
2 3563 1180 2265
2 2265 4213 3563
2 3563 4213 2282
2 2549 2282 4213
2 4213 690 2549
2 1179 2549 690
2 690 1178 1179
2 1179 1178 119
2 98 1179 119
2 4200 98 119
2 4200 119 1718
2 4200 1718 1756
2 934 4200 1756
2 1756 933 934
2 1553 934 933
2 1551 1553 933
2 1551 933 932
2 932 4120 1551
2 1551 4120 1536
2 1553 1551 1536
2 4411 1553 1536
2 4411 1536 643
2 4411 643 4413
2 4413 4062 4411
2 1553 4411 4062
2 1553 4062 1014
2 934 1553 1014
2 1014 3636 934
2 934 3636 4200
2 98 4200 3636
2 775 98 3636
2 775 3636 1014
2 113 775 1014
2 1014 4062 113
2 4062 155 113
2 113 155 3803
2 3803 3562 113
2 3803 754 3562
2 3562 754 753
2 3562 753 2050
2 753 2838 2050
2 155 754 3803
2 545 754 155
2 155 175 545
2 194 545 175
2 155 4413 175
2 175 4413 1059
2 154 175 1059
2 154 1059 1053
2 631 154 1053
2 1362 631 1053
2 1053 4391 1362
2 1362 4391 654
2 1362 654 3505
2 653 1362 3505
2 583 653 3505
2 4449 583 3505
2 3505 4568 4449
2 4568 630 4449
2 2108 4449 630
2 630 582 2108
2 582 1442 2108
2 2108 1442 3145
2 4449 2108 3145
2 3145 583 4449
2 583 3145 1438
2 583 1438 3697
2 103 583 3697
2 129 103 3697
2 129 3697 1583
2 148 129 1583
2 1583 4578 148
2 4578 827 148
2 1904 148 827
2 1904 827 825
2 1849 1904 825
2 1849 825 4235
2 4235 1352 1849
2 1849 1352 4050
2 1849 4050 1904
2 1904 4050 129
2 1904 129 148
2 4050 103 129
2 4050 2189 103
2 103 2189 104
2 103 104 583
2 583 104 653
2 104 631 653
2 1362 653 631
2 631 104 123
2 123 140 631
2 140 154 631
2 140 4322 154
2 4322 140 123
2 123 1160 4322
2 1074 4322 1160
2 1160 4131 1074
2 1159 1074 4131
2 4131 1161 1159
2 3428 1159 1161
2 3428 1161 3520
2 3428 3520 1098
2 3428 1098 4134
2 4134 1073 3428
2 3428 1073 1159
2 1073 1068 1159
2 1068 1074 1159
2 611 1068 1073
2 1073 4181 611
2 4181 1525 611
2 1191 1525 4181
2 4383 1191 4181
2 4181 4134 4383
2 153 4383 4134
2 132 153 4134
2 4134 1098 132
2 121 132 1098
2 121 1098 1162
2 92 121 1162
2 101 92 1162
2 101 1162 2262
2 101 2262 864
2 101 864 111
2 101 111 918
2 918 3656 101
2 101 3656 92
2 92 3656 1237
2 92 1237 121
2 1237 2796 121
2 2796 604 121
2 121 604 132
2 1519 132 604
2 604 605 1519
2 1519 605 4385
2 153 1519 4385
2 153 4385 4383
2 4383 4385 165
2 4383 165 187
2 1191 4383 187
2 211 1191 187
2 211 187 947
2 211 947 844
2 844 241 211
2 4086 241 844
2 2626 4086 844
2 844 947 2626
2 2626 947 948
2 845 2626 948
2 845 948 846
2 845 846 3285
2 845 3285 3982
2 4000 845 3982
2 2773 4000 3982
2 4355 2773 3982
2 4355 3982 4219
2 4219 2842 4355
2 4537 4355 2842
2 4537 2842 806
2 806 4538 4537
2 4538 4523 4537
2 4523 4522 4537
2 4537 4522 4109
2 4587 4537 4109
2 4109 4178 4587
2 3976 4587 4178
2 3976 4178 222
2 222 243 3976
2 262 3976 243
2 262 243 4185
2 262 4185 269
2 262 269 3976
2 269 3605 3976
2 3976 3605 4587
2 2773 4587 3605
2 3605 4086 2773
2 4086 4000 2773
2 4000 4086 845
2 845 4086 2626
2 269 4086 3605
2 241 4086 269
2 241 269 3704
2 3704 269 3155
2 3704 3155 2926
2 4117 3704 2926
2 4117 2926 2377
2 4117 2377 1301
2 4117 1301 1192
2 4117 1192 4508
2 4508 1192 1609
2 1192 1301 260
2 239 1192 260
2 239 260 4013
2 239 4013 1669
2 239 1669 220
2 239 220 1192
2 220 1669 1086
2 1674 1086 1669
2 1674 1669 3446
2 1674 3446 783
2 783 1089 1674
2 4029 1674 1089
2 1089 1088 4029
2 1195 4029 1088
2 4230 1195 1088
2 4230 1088 1089
2 4230 1089 4517
2 4230 4517 4519
2 4230 4519 3077
2 4230 3077 1652
2 1196 4230 1652
2 1196 1652 4510
2 1196 4510 1429
2 1429 1195 1196
2 1196 1195 4230
2 1431 1195 1429
2 1431 1429 3552
2 1431 3552 4525
2 1431 4525 1655
2 1655 1195 1431
2 3858 1195 1655
2 1199 3858 1655
2 1086 3858 1199
2 3858 1086 1674
2 3858 1674 4029
2 1195 3858 4029
2 1195 3858 4029
2 4525 3552 888
2 4525 888 4526
2 4526 888 850
2 4526 850 3325
2 1374 4526 3325
2 3325 267 1374
2 1374 267 253
2 253 267 1561
2 3325 1926 267
2 1926 274 267
2 274 1926 2716
2 2716 1926 2157
2 1309 2716 2157
2 4032 1309 2157
2 1166 4032 2157
2 1166 2157 1556
2 1166 1556 3503
2 1166 3503 3312
2 1166 3312 2427
2 1166 2427 4032
2 4032 2427 1772
2 4032 1772 3719
2 3719 1309 4032
2 1309 3719 1024
2 189 1309 1024
2 1024 1019 189
2 189 1019 172
2 172 1019 4578
2 4578 600 172
2 172 600 1718
2 1718 137 172
2 137 1178 172
2 1178 4481 172
2 1178 690 4481
2 4481 690 4100
2 842 4481 4100
2 842 4100 4380
2 119 1178 137
2 1718 119 137
2 1718 119 137
2 600 598 1718
2 1718 598 1756
2 1720 1756 598
2 598 515 1720
2 515 518 1720
2 3573 1720 518
2 819 3573 518
2 3259 819 518
2 522 3259 518
2 515 522 518
2 3886 522 515
2 3886 515 1811
2 1586 3886 1811
2 1436 1586 1811
2 1436 1811 4247
2 519 1436 4247
2 600 519 4247
2 4247 4260 600
2 600 4260 598
2 4260 515 598
2 1811 515 4260
2 4260 4247 1811
2 4260 4247 1811
2 600 4578 519
2 1583 519 4578
2 519 1583 1436
2 3697 1436 1583
2 1438 1436 3697
2 1436 1438 1586
2 1586 1438 1442
2 1585 1586 1442
2 3024 1585 1442
2 582 3024 1442
2 3133 3024 582
2 3133 582 629
2 629 3771 3133
2 3771 1527 3133
2 4292 3133 1527
2 1527 4310 4292
2 3308 4292 4310
2 4310 2688 3308
2 3308 2688 1812
2 1812 2359 3308
2 1585 3308 2359
2 2359 522 1585
2 1585 522 1586
2 1586 522 3886
2 2359 3259 522
2 3259 2359 1873
2 1873 819 3259
2 2219 819 1873
2 601 2219 1873
2 2359 601 1873
2 2359 1812 601
2 601 1812 3898
2 601 3898 1719
2 601 1719 2219
2 2219 1719 4345
2 2219 4345 819
2 3382 819 4345
2 3382 4345 2820
2 932 3382 2820
2 4120 932 2820
2 3731 4120 2820
2 4116 3731 2820
2 1013 4116 2820
2 1013 2820 931
2 931 1550 1013
2 1550 3775 1013
2 3775 3176 1013
2 3176 4116 1013
2 4189 4116 3176
2 763 4189 3176
2 2356 763 3176
2 2356 3176 3775
2 3015 2356 3775
2 3015 3775 3158
2 762 3015 3158
2 762 3158 642
2 762 642 2098
2 762 2098 1054
2 1054 1061 762
2 762 1061 3015
2 3015 1061 3365
2 3015 3365 1055
2 3015 1055 757
2 757 2356 3015
2 763 2356 757
2 763 757 2945
2 2945 758 763
2 4412 763 758
2 1062 4412 758
2 1062 758 3808
2 1062 3808 3671
2 3671 4172 1062
2 1062 4172 2743
2 1062 2743 2339
2 1062 2339 4412
2 2339 4189 4412
2 763 4412 4189
2 2339 1536 4189
2 1536 4120 4189
2 4120 3731 4189
2 3731 4116 4189
2 643 1536 2339
2 2743 643 2339
2 643 2743 1060
2 1060 4413 643
2 1059 4413 1060
2 1053 1059 1060
2 1060 4391 1053
2 1060 4172 4391
2 654 4391 4172
2 654 4172 3532
2 3532 4568 654
2 3505 654 4568
2 4568 3532 630
2 1357 630 3532
2 1357 3532 3671
2 3671 3808 1357
2 1357 3808 3836
2 1357 3836 629
2 1357 629 3557
2 630 1357 3557
2 630 3557 582
2 629 582 3557
2 629 582 3557
2 3836 3771 629
2 3771 3836 2625
2 1527 3771 2625
2 2625 1528 1527
2 1527 1528 4310
2 1528 3838 4310
2 4310 3838 1582
2 4310 1582 2688
2 521 2688 1582
2 1582 3038 521
2 3038 2565 521
2 521 2565 1812
2 2688 521 1812
2 1812 2565 3898
2 2649 3898 2565
2 2565 4066 2649
2 4066 1755 2649
2 1755 4344 2649
2 2649 4344 3898
2 3898 4344 2751
2 1719 3898 2751
2 4345 1719 2751
2 2820 4345 2751
2 2820 2751 931
2 4344 931 2751
2 4344 3662 931
2 931 3662 2522
2 931 2522 1550
2 1550 2522 642
2 3158 1550 642
2 3775 1550 3158
2 642 2522 2833
2 642 2833 2098
2 2098 2833 761
2 2098 761 3839
2 2098 3839 1054
2 1054 3839 3639
2 1054 3639 4392
2 1061 1054 4392
2 4392 3365 1061
2 4392 1366 3365
2 3365 1366 1892
2 3365 1892 1055
2 1055 1892 3794
2 3794 1358 1055
2 757 1055 1358
2 757 1358 2945
2 2945 1358 758
2 758 1358 3808
2 3808 1358 3836
2 3836 1358 3794
2 3836 3794 2625
2 2625 3794 650
2 3157 2625 650
2 650 2437 3157
2 3157 2437 4224
2 3752 3157 4224
2 3756 3752 4224
2 3685 3756 4224
2 3210 3685 4224
2 1760 3210 4224
2 2437 1760 4224
2 2437 3455 1760
2 1760 3455 1365
2 1760 1365 3869
2 1760 3869 3210
2 3531 3210 3869
2 3869 3966 3531
2 627 3531 3966
2 627 3966 577
2 577 4160 627
2 4160 2907 627
2 3613 627 2907
2 1599 3613 2907
2 1599 2907 3932
2 3932 1761 1599
2 1761 3039 1599
2 3039 2354 1599
2 2354 3687 1599
2 3687 3613 1599
2 3687 2875 3613
2 3613 2875 626
2 626 627 3613
2 627 626 3531
2 2875 3531 626
2 1526 3531 2875
2 1526 2875 2382
2 1526 2382 1439
2 1439 3685 1526
2 3531 1526 3685
2 3531 3685 3210
2 1439 1440 3685
2 3685 1440 3756
2 3756 1440 1441
2 3752 3756 1441
2 3838 3752 1441
2 3838 1441 1582
2 1584 1582 1441
2 1440 1584 1441
2 1584 1440 3582
2 3582 1994 1584
2 1584 1994 2042
2 1584 2042 520
2 1582 1584 520
2 1582 520 3038
2 4066 3038 520
2 520 4067 4066
2 1755 4066 4067
2 4148 1755 4067
2 1757 4148 4067
2 517 1757 4067
2 2042 517 4067
2 520 2042 4067
2 1994 517 2042
2 1994 2640 517
2 517 2640 1757
2 1757 2640 2924
2 1757 2924 929
2 1757 929 4223
2 930 1757 4223
2 4223 2522 930
2 2522 3662 930
2 4148 930 3662
2 1755 4148 3662
2 3662 4344 1755
2 930 4148 1757
2 1016 2522 4223
2 1016 4223 1015
2 1016 1015 1537
2 1016 1537 2833
2 2522 1016 2833
2 2833 1537 761
2 4031 761 1537
2 2693 4031 1537
2 1015 2693 1537
2 1015 3797 2693
2 2693 3797 935
2 935 4031 2693
2 4031 935 641
2 641 3994 4031
2 4031 3994 761
2 761 3994 3828
2 761 3828 3839
2 2811 3839 3828
2 2811 3828 4395
2 1363 2811 4395
2 4395 577 1363
2 3966 1363 577
2 1363 3966 3869
2 1365 1363 3869
2 1363 1365 4393
2 1363 4393 2811
2 4393 3839 2811
2 3839 4393 3639
2 4393 3455 3639
2 3455 2437 3639
2 3639 2437 1366
2 1366 4392 3639
2 2437 650 1366
2 1366 650 1892
2 650 3794 1892
2 4393 1365 3455
2 4393 1365 3455
2 577 4395 4160
2 2641 4160 4395
2 2641 4395 1058
2 2641 1058 3234
2 3234 1482 2641
2 1482 4394 2641
2 4394 2538 2641
2 4160 2641 2538
2 2538 2907 4160
2 2907 2538 1360
2 3932 2907 1360
2 1360 1761 3932
2 1360 21 1761
2 21 4567 1761
2 1761 4567 3039
2 3039 4567 48
2 48 56 3039
2 56 2354 3039
2 2354 56 64
2 2354 64 2485
2 2354 2485 1434
2 3687 2354 1434
2 2875 3687 1434
2 2875 1434 2382
2 2382 1434 2803
2 1439 2382 2803
2 1581 1439 2803
2 2951 1581 2803
2 2803 801 2951
2 2951 801 3007
2 2951 3007 516
2 4084 2951 516
2 4084 516 3818
2 802 4084 3818
2 802 3818 2640
2 802 2640 1994
2 3582 802 1994
2 4004 802 3582
2 4004 3582 1439
2 1581 4004 1439
2 802 4004 1581
2 802 1581 4084
2 1581 2951 4084
2 1439 3582 1440
2 802 4004 1581
2 2924 2640 3818
2 516 2924 3818
2 516 4110 2924
2 2924 4110 3797
2 2924 3797 929
2 1015 929 3797
2 1015 4223 929
2 874 3797 4110
2 586 874 4110
2 4110 3007 586
2 818 586 3007
2 818 3007 801
2 818 801 3208
2 818 3208 3691
2 3691 2316 818
2 3623 818 2316
2 3192 3623 2316
2 3192 2316 2310
2 2310 2518 3192
2 2518 874 3192
2 3192 874 586
2 586 3623 3192
2 586 818 3623
2 2518 935 874
2 874 935 3797
2 2518 641 935
2 3831 641 2518
2 1554 3831 2518
2 2518 2310 1554
2 2310 2500 1554
2 1554 2500 2060
2 1554 2060 3831
2 2060 3693 3831
2 3831 3693 4410
2 759 3831 4410
2 4410 756 759
2 756 1482 759
2 3234 759 1482
2 759 3234 760
2 760 3831 759
2 641 3831 760
2 760 3994 641
2 1058 3994 760
2 1058 760 3234
2 3994 1058 3828
2 4395 3828 1058
2 1058 760 3234
2 756 6 1482
2 12 1482 6
2 6 43 12
2 12 43 21
2 21 4394 12
2 1482 12 4394
2 1360 4394 21
2 1360 2538 4394
2 4567 21 43
2 4567 43 48
2 48 43 56
2 64 56 43
2 43 74 64
2 64 74 3539
2 64 3539 2485
2 3539 1435 2485
2 2485 1435 1434
2 1435 2948 1434
2 1434 2948 2803
2 801 2803 2948
2 2948 3208 801
2 2948 1435 3208
2 3208 1435 800
2 3691 3208 800
2 599 3691 800
2 82 599 800
2 74 82 800
2 800 3539 74
2 800 1435 3539
2 43 82 74
2 81 82 43
2 73 81 43
2 65 73 43
2 53 65 43
2 43 38 53
2 2500 53 38
2 2060 2500 38
2 2060 38 3693
2 3693 38 30
2 22 3693 30
2 43 22 30
2 30 38 43
2 16 22 43
2 16 43 6
2 756 16 6
2 16 756 22
2 756 4410 22
2 22 4410 3693
2 16 756 22
2 22 4410 3693
2 30 38 43
2 2500 65 53
2 65 2500 3492
2 3492 73 65
2 599 73 3492
2 599 3492 2316
2 3691 599 2316
2 2316 3492 2310
2 2310 3492 2500
2 73 599 81
2 599 82 81
2 2310 3492 2500
2 30 38 43
2 2500 65 53
2 3492 73 65
2 73 599 81
2 599 82 81
2 599 82 81
2 3691 599 2316
2 800 1435 3539
2 2948 1435 3208
2 800 1435 3539
2 800 3539 74
2 43 82 74
2 16 43 6
2 1482 12 4394
2 756 16 6
2 756 4410 22
2 760 3831 759
2 22 4410 3693
2 2060 38 3693
2 2060 2500 38
2 2310 3492 2500
2 1554 2060 3831
2 641 3831 760
2 2518 2310 1554
2 2316 3492 2310
2 586 3623 3192
2 586 818 3623
2 3691 599 2316
2 3691 3208 800
2 2948 3208 801
2 586 818 3623
2 516 3007 4110
2 3192 874 586
2 874 935 3797
2 516 3007 4110
2 802 1581 4084
2 516 2924 3818
2 1581 2951 4084
2 516 3007 4110
2 818 3007 801
2 801 2803 2948
2 1581 2951 4084
2 1581 4004 1439
2 1434 2948 2803
2 2485 1435 1434
2 64 3539 2485
2 64 56 43
2 48 43 56
2 4567 43 48
2 4567 21 43
2 1360 4394 21
2 1360 2538 4394
2 1360 2538 4394
2 1482 12 4394
2 3234 759 1482
2 1058 760 3234
2 4395 3828 1058
2 4160 2641 2538
2 1363 4393 2811
2 4395 3828 1058
2 4393 3839 2811
2 3994 1058 3828
2 760 3994 641
2 2518 641 935
2 874 935 3797
2 1015 929 3797
2 935 4031 2693
2 4031 3994 761
2 1015 2693 1537
2 1015 4223 929
2 2522 1016 2833
2 930 4148 1757
2 1015 4223 929
2 2924 3797 929
2 2924 2640 3818
2 802 2640 1994
2 517 2640 1757
2 930 4148 1757
2 1755 4148 3662
2 520 2042 4067
2 3038 4066 2565
2 520 2042 4067
2 1994 517 2042
2 3582 802 1994
2 1439 3582 1440
2 1582 1584 520
2 1528 3752 3838
2 1528 3157 3752
2 2625 3157 1528
2 1440 1584 1441
2 1439 3582 1440
2 1439 2382 2803
2 2875 1434 2382
2 3531 1526 3685
2 2875 3531 626
2 2875 3687 1434
2 3687 2354 1434
2 56 2354 3039
2 1761 4567 3039
2 1360 1761 3932
2 3932 2907 1360
2 3687 3613 1599
2 626 627 3613
2 2538 2907 4160
2 577 4395 4160
2 3966 1363 577
2 627 626 3531
2 1363 3966 3869
2 3531 3685 3210
2 1365 1363 3869
2 4393 1365 3455
2 3455 2437 3639
2 1760 3869 3210
2 3531 3685 3210
2 3685 1440 3756
2 3752 3756 1441
2 1528 3157 3752
2 2437 1760 4224
2 2437 650 1366
2 2625 3157 1528
2 650 3794 1892
2 3836 1358 3794
2 650 3794 1892
2 1366 650 1892
2 1366 4392 3639
2 1366 4392 3639
2 3839 4393 3639
2 761 3828 3839
2 2833 1537 761
2 2522 1016 2833
2 2522 3662 930
2 3662 4344 1755
2 4344 931 2751
2 3662 4344 1755
2 1755 4066 4067
2 3038 4066 2565
2 2649 4344 3898
2 3038 4066 2565
2 1582 520 3038
2 2688 521 1812
2 3838 1441 1582
2 1528 3752 3838
2 2625 3157 1528
2 3836 3794 2625
2 3808 1358 3836
2 3671 3532 4172
2 630 1357 3557
2 3671 3532 4172
2 2743 4172 1060
2 2743 4172 1060
2 2743 643 2339
2 2743 4172 1060
2 3671 3532 4172
2 3671 3808 1357
2 758 1358 3808
2 1062 2339 4412
2 763 4412 4189
2 2945 1358 758
2 757 1358 2945
2 757 1055 1358
2 3365 1892 1055
2 4392 3365 1061
2 1061 1054 4392
2 2098 3839 1054
2 642 2833 2098
2 3158 1550 642
2 762 1061 3015
2 3775 1550 3158
2 757 2356 3015
2 763 2356 757
2 763 4412 4189
2 3731 4116 4189
2 2356 3176 3775
2 3775 1550 3158
2 931 2522 1550
2 2820 2751 931
2 3176 4116 1013
2 3731 4116 4189
2 4120 3731 4189
2 932 933 3382
2 933 3573 3382
2 3382 3573 819
2 933 1720 3573
2 1756 1720 933
2 2820 4345 2751
2 3382 3573 819
2 4345 1719 2751
2 1719 3898 2751
2 1812 2565 3898
2 601 1719 2219
2 2219 4345 819
2 2359 601 1873
2 3308 1585 3024
2 3308 3024 4292
2 3024 3133 4292
2 2359 1812 601
2 2688 521 1812
2 4310 1582 2688
2 3308 3024 4292
2 1527 1528 4310
2 3024 3133 4292
2 1527 3771 2625
2 3836 3771 629
2 629 582 3557
2 3024 3133 4292
2 3308 1585 3024
2 1585 522 1586
2 3145 1442 1438
2 519 1583 1436
2 4260 4247 1811
2 1436 1438 1586
2 1586 522 3886
2 1811 515 4260
2 1586 522 3886
2 2359 3259 522
2 1873 819 3259
2 3382 3573 819
2 933 1720 3573
2 515 522 518
2 4260 515 598
2 1756 1720 933
2 600 4260 598
2 600 4578 519
2 4578 1019 1375
2 1375 827 4578
2 827 1375 1376
2 1376 825 827
2 825 1376 3414
2 3414 4235 825
2 3414 3545 4235
2 3545 2616 4235
2 2616 1352 4235
2 2616 2896 1352
2 4136 1352 2896
2 864 4136 2896
2 2896 147 864
2 864 147 111
2 918 111 147
2 918 147 2248
2 1353 918 2248
2 2248 3203 1353
2 3941 1353 3203
2 3941 3203 1127
2 4090 3941 1127
2 1127 2422 4090
2 1798 4090 2422
2 3845 1798 2422
2 2279 3845 2422
2 1127 2279 2422
2 1127 1002 2279
2 2279 1002 3248
2 3845 2279 3248
2 3248 3165 3845
2 1801 3845 3165
2 4180 1801 3165
2 3165 1131 4180
2 1131 2276 4180
2 2938 4180 2276
2 2938 2276 1830
2 1800 2938 1830
2 1800 1830 1831
2 1800 1831 2806
2 1800 2806 3479
2 1800 3479 3874
2 3874 4180 1800
2 2938 1800 4180
2 4180 3874 1801
2 3874 3290 1801
2 3290 1299 1801
2 1798 1801 1299
2 1299 4090 1798
2 3577 4090 1299
2 3577 1299 1274
2 3768 3577 1274
2 3768 1274 3728
2 1272 3768 3728
2 3728 3916 1272
2 1272 3916 2796
2 2796 1237 1272
2 1236 1272 1237
2 1236 1237 4302
2 1236 4302 4090
2 4090 3577 1236
2 1236 3577 3768
2 1236 3768 1272
2 4302 3941 4090
2 1353 3941 4302
2 1353 4302 3656
2 1353 3656 918
2 1237 3656 4302
2 1237 3656 4302
2 1236 3768 1272
2 604 2796 3916
2 605 604 3916
2 4386 605 3916
2 4386 3916 4263
2 4386 4263 3075
2 4386 3075 4381
2 4386 4381 4226
2 4226 4382 4386
2 4386 4382 605
2 4385 605 4382
2 4385 4382 548
2 548 165 4385
2 3100 165 548
2 127 3100 548
2 548 1627 127
2 127 1627 1622
2 4025 127 1622
2 921 4025 1622
2 4049 921 1622
2 4049 1622 4217
2 4049 4217 1628
2 4049 1628 3576
2 4049 3576 3546
2 4049 3546 921
2 921 3546 2126
2 4025 921 2126
2 94 4025 2126
2 94 2126 1231
2 118 94 1231
2 1232 118 1231
2 1231 3888 1232
2 1232 3888 3833
2 1232 3833 4456
2 4456 158 1232
2 158 136 1232
2 118 1232 136
2 136 3830 118
2 634 118 3830
2 4016 634 3830
2 4016 3830 136
2 532 4016 136
2 136 158 532
2 186 532 158
2 158 1001 186
2 186 1001 171
2 186 171 1377
2 186 1377 202
2 186 202 1545
2 199 186 1545
2 199 1545 213
2 974 199 213
2 975 974 213
2 4019 975 213
2 213 252 4019
2 4072 4019 252
2 252 271 4072
2 271 3521 4072
2 3521 2524 4072
2 4072 2524 1503
2 1503 4019 4072
2 4019 1503 975
2 3806 975 1503
2 2063 3806 1503
2 2063 1503 2515
2 226 2063 2515
2 226 2515 2524
2 251 226 2524
2 2524 275 251
2 251 275 182
2 226 251 182
2 182 201 226
2 2063 226 201
2 201 2062 2063
2 2062 3806 2063
2 975 3806 2062
2 975 2062 974
2 974 2062 2864
2 2481 974 2864
2 2864 157 2481
2 2481 157 133
2 3841 2481 133
2 133 2387 3841
2 1702 3841 2387
2 1702 2387 1673
2 1702 1673 94
2 118 1702 94
2 634 1702 118
2 634 3841 1702
2 634 2481 3841
2 634 4016 2481
2 4016 974 2481
2 974 4016 532
2 199 974 532
2 186 199 532
2 94 1673 3512
2 94 3512 99
2 94 99 4025
2 127 4025 99
2 127 99 4033
2 3100 127 4033
2 1670 3100 4033
2 3512 1670 4033
2 99 3512 4033
2 1673 1670 3512
2 1673 2332 1670
2 3255 1670 2332
2 3085 3255 2332
2 3085 2332 120
2 3085 120 139
2 3085 139 152
2 3330 3085 152
2 3330 152 174
2 190 3330 174
2 174 182 190
2 190 182 210
2 3600 190 210
2 2818 3600 210
2 210 232 2818
2 2818 232 2826
2 2818 2826 856
2 2818 856 1658
2 1658 3600 2818
2 1658 2132 3600
2 2132 190 3600
2 2132 3330 190
2 4343 3330 2132
2 2542 4343 2132
2 2542 2132 1658
2 3362 2542 1658
2 3362 1658 856
2 219 3362 856
2 259 219 856
2 3521 259 856
2 3521 856 2826
2 3521 2826 2416
2 3521 2416 2524
2 2416 275 2524
2 250 275 2416
2 2416 2826 250
2 2826 232 250
2 232 182 250
2 182 275 250
2 182 232 210
2 182 275 250
2 2416 2826 250
2 3521 271 259
2 4150 259 271
2 4150 271 4266
2 3438 4150 4266
2 2917 3438 4266
2 2917 4266 3883
2 1333 2917 3883
2 1333 3883 434
2 3393 1333 434
2 3393 434 1549
2 3393 1549 1548
2 3393 1548 420
2 1333 3393 420
2 1337 1333 420
2 1337 420 3971
2 1337 3971 4261
2 4118 1337 4261
2 4118 4261 4245
2 4118 4245 3773
2 3126 4118 3773
2 3773 3584 3126
2 3584 2677 3126
2 3126 2677 3725
2 3438 3126 3725
2 3725 2922 3438
2 3438 2922 4150
2 4150 2922 259
2 2922 4534 259
2 259 4534 219
2 219 4534 4014
2 192 219 4014
2 947 192 4014
2 1266 947 4014
2 1266 4014 4534
2 2677 1266 4534
2 4534 2922 2677
2 2677 2922 3725
2 2404 1266 2677
2 2404 2677 1264
2 951 2404 1264
2 951 1264 1713
2 951 1713 846
2 951 846 948
2 948 2404 951
2 2404 948 1266
2 947 1266 948
2 1713 4034 846
2 3285 846 4034
2 3285 4034 3631
2 3285 3631 4331
2 3285 4331 3982
2 4331 4219 3982
2 4331 4177 4219
2 4219 4177 806
2 806 2842 4219
2 806 4177 2782
2 4538 806 2782
2 4536 4538 2782
2 4536 2782 1779
2 4536 1779 4053
2 4536 4053 4538
2 4538 4053 3851
2 4538 3851 4523
2 1453 4523 3851
2 1453 3851 3538
2 736 1453 3538
2 736 3538 2996
2 736 2996 483
2 483 3971 736
2 736 3971 3804
2 3804 1453 736
2 3804 3515 1453
2 1453 3515 4523
2 3515 4522 4523
2 3515 1547 4522
2 4522 1547 4109
2 1547 1452 4109
2 1452 4178 4109
2 1452 222 4178
2 1452 202 222
2 1769 222 202
2 1769 202 1377
2 1377 891 1769
2 891 890 1769
2 3470 1769 890
2 890 3859 3470
2 3470 3859 4185
2 243 3470 4185
2 222 3470 243
2 3470 222 1769
2 2348 4185 3859
2 2348 3859 3204
2 2348 3204 3813
2 3813 2377 2348
2 2926 2348 2377
2 3155 2348 2926
2 3155 4185 2348
2 269 4185 3155
2 2377 3813 1301
2 3813 450 1301
2 1301 450 260
2 450 273 260
2 4258 260 273
2 273 3791 4258
2 4258 3791 4082
2 4082 4555 4258
2 4555 3446 4258
2 3446 4013 4258
2 4013 260 4258
2 3446 1669 4013
2 4555 783 3446
2 4555 4047 783
2 783 4047 3497
2 3497 1089 783
2 1089 3497 4517
2 3497 3737 4517
2 4517 3737 4519
2 4519 3737 784
2 784 2210 4519
2 3077 4519 2210
2 3077 2210 1197
2 3179 3077 1197
2 1197 3349 3179
2 3372 3179 3349
2 3349 4009 3372
2 4074 3372 4009
2 4074 4009 4003
2 4074 4003 4527
2 4074 4527 3486
2 4074 3486 3372
2 3486 4529 3372
2 3372 4529 2058
2 3301 3372 2058
2 3301 2058 3107
2 3301 3107 4510
2 1652 3301 4510
2 1652 3179 3301
2 3179 3372 3301
2 1652 3077 3179
2 4510 3107 3552
2 3552 1429 4510
2 3732 3552 3107
2 3732 3107 889
2 3732 889 3415
2 645 3732 3415
2 645 3415 2950
2 3503 645 2950
2 3312 3503 2950
2 3312 2950 3300
2 3312 3300 1070
2 2427 3312 1070
2 2427 1070 778
2 2427 778 3624
2 1772 2427 3624
2 790 1772 3624
2 790 3624 1023
2 790 1023 1780
2 1291 790 1780
2 1780 1784 1291
2 1784 4082 1291
2 1416 1291 4082
2 1416 4082 3791
2 3791 1020 1416
2 1416 1020 3837
2 3837 1291 1416
2 790 1291 3837
2 3719 790 3837
2 1024 3719 3837
2 3837 1020 1024
2 1024 1020 1019
2 1019 1020 214
2 214 1375 1019
2 214 1376 1375
2 3943 1376 214
2 244 3943 214
2 1020 244 214
2 244 1020 3791
2 273 244 3791
2 450 244 273
2 244 450 3860
2 3943 244 3860
2 3860 1657 3943
2 1657 1376 3943
2 3414 1376 1657
2 1657 3416 3414
2 3414 3416 3545
2 891 3545 3416
2 890 891 3416
2 890 3416 3859
2 3859 3416 3204
2 3204 3416 1657
2 3860 3204 1657
2 3860 3813 3204
2 450 3813 3860
2 3545 891 2616
2 2616 891 826
2 2616 826 2896
2 826 147 2896
2 147 826 171
2 1001 147 171
2 2248 147 1001
2 1001 4577 2248
2 4577 493 2248
2 3203 2248 493
2 1002 3203 493
2 1002 493 1189
2 1002 1189 3248
2 3248 1189 1675
2 937 3248 1675
2 1676 937 1675
2 1189 1676 1675
2 1676 1189 938
2 1233 1676 938
2 3546 1233 938
2 3546 938 2126
2 2126 938 3888
2 2126 3888 1231
2 938 4455 3888
2 3833 3888 4455
2 4455 493 3833
2 493 4577 3833
2 4577 4456 3833
2 1001 4456 4577
2 1001 158 4456
2 4455 1189 493
2 4455 938 1189
2 4455 938 1189
2 3546 3376 1233
2 3376 2455 1233
2 2455 937 1233
2 1233 937 1676
2 937 2455 714
2 714 2823 937
2 3735 937 2823
2 936 3735 2823
2 4371 936 2823
2 2823 714 4371
2 4371 714 1150
2 1150 3439 4371
2 4371 3439 4128
2 4128 4059 4371
2 4371 4059 4041
2 936 4371 4041
2 4041 940 936
2 3735 936 940
2 1502 3735 940
2 1502 940 713
2 4169 1502 713
2 4169 713 1147
2 4169 1147 712
2 4169 712 4168
2 4169 4168 4457
2 3148 4169 4457
2 4457 4210 3148
2 3148 4210 3298
2 3641 3148 3298
2 4042 3641 3298
2 3298 1000 4042
2 4042 1000 1131
2 4042 1131 3735
2 1502 4042 3735
2 3641 4042 1502
2 3148 3641 1502
2 1502 4169 3148
2 3735 1131 3165
2 3735 3165 937
2 3165 3248 937
2 2276 1131 1000
2 2276 1000 3298
2 2276 3298 4210
2 4210 1129 2276
2 1130 2276 1129
2 1130 1129 1356
2 1797 1130 1356
2 4221 1797 1356
2 4221 1356 1355
2 1799 4221 1355
2 1799 1355 1354
2 1354 1796 1799
2 2259 1799 1796
2 1796 2159 2259
2 3417 2259 2159
2 3417 2159 3180
2 2985 3417 3180
2 2985 3180 27
2 15 2985 27
2 42 15 27
2 42 27 35
2 42 35 47
2 47 59 42
2 59 68 42
2 85 42 68
2 85 68 533
2 533 3345 85
2 85 3345 4591
2 85 4591 42
2 4591 58 42
2 711 42 58
2 3978 711 58
2 58 2665 3978
2 3978 2665 3390
2 939 3978 3390
2 939 3390 3926
2 939 3926 3615
2 3615 3572 939
2 939 3572 542
2 3978 939 542
2 542 3335 3978
2 3335 711 3978
2 711 3335 34
2 34 42 711
2 42 34 26
2 42 26 9
2 42 9 5
2 5 15 42
2 5 3602 15
2 15 3602 2731
2 2985 15 2731
2 2754 2985 2731
2 2754 2731 546
2 546 3402 2754
2 1520 2754 3402
2 3962 1520 3402
2 3703 3962 3402
2 752 3703 3402
2 546 752 3402
2 751 752 546
2 751 546 1625
2 751 1625 3484
2 751 3484 4123
2 751 4123 752
2 4123 4124 752
2 752 4124 3703
2 1623 3703 4124
2 4124 4048 1623
2 1623 4048 4037
2 3762 1623 4037
2 3762 4037 1147
2 4372 3762 1147
2 713 4372 1147
2 940 4372 713
2 4372 940 4039
2 4372 4039 4130
2 4372 4130 3901
2 4372 3901 3762
2 1626 3762 3901
2 1626 3901 4130
2 3635 1626 4130
2 1630 3635 4130
2 4125 1630 4130
2 4130 4039 4125
2 4041 4125 4039
2 4041 4039 940
2 4125 4041 3226
2 1630 4125 3226
2 3226 2353 1630
2 1630 2353 3635
2 2353 550 3635
2 3635 550 1626
2 550 3593 1626
2 1626 3593 1629
2 1629 3762 1626
2 1629 1623 3762
2 4149 1623 1629
2 3593 4149 1629
2 3593 4091 4149
2 4149 4091 3703
2 4149 3703 1623
2 3703 4091 3962
2 3962 4091 1521
2 1521 1520 3962
2 3945 1520 1521
2 1521 1694 3945
2 3945 1694 1163
2 3945 1163 1298
2 3945 1298 1296
2 1296 1695 3945
2 3945 1695 1520
2 2754 1520 1695
2 2754 1695 3510
2 2754 3510 2985
2 1300 2985 3510
2 1300 3510 1695
2 1695 1296 1300
2 1296 1297 1300
2 1300 1297 2259
2 3417 1300 2259
2 1300 3417 2985
2 1799 2259 1297
2 4221 1799 1297
2 1296 4221 1297
2 1298 4221 1296
2 1298 1163 4221
2 1797 4221 1163
2 1831 1797 1163
2 1163 2806 1831
2 2806 1163 1697
2 1271 2806 1697
2 1697 1522 1271
2 1522 1698 1271
2 1698 3479 1271
2 2806 1271 3479
2 1164 3479 1698
2 1164 1698 1699
2 3290 1164 1699
2 1273 3290 1699
2 1273 1699 1815
2 1273 1815 1524
2 1273 1524 1274
2 1299 1273 1274
2 1299 3290 1273
2 1274 1524 1816
2 3728 1274 1816
2 1816 3916 3728
2 4263 3916 1816
2 4278 4263 1816
2 1816 1524 4278
2 1815 4278 1524
2 1815 4384 4278
2 4278 4384 4236
2 4278 4236 4263
2 3075 4263 4236
2 3075 4236 1633
2 1628 3075 1633
2 1624 1628 1633
2 1624 1633 3592
2 1624 3592 3439
2 1624 3439 3376
2 3576 1624 3376
2 3576 3376 3546
2 1628 1624 3576
2 3439 1150 3376
2 1150 2455 3376
2 1150 714 2455
2 3592 4128 3439
2 1632 4128 3592
2 4290 1632 3592
2 3592 4384 4290
2 4384 3612 4290
2 3612 3388 4290
2 4290 3388 2353
2 4290 2353 1632
2 2353 3226 1632
2 4059 1632 3226
2 3226 4041 4059
2 4128 1632 4059
2 4389 2353 3388
2 4389 3388 3929
2 4389 3929 1814
2 4389 1814 4388
2 4389 4388 550
2 4389 550 2353
2 4388 3593 550
2 4387 3593 4388
2 3606 4387 4388
2 4388 1814 3606
2 1814 1697 3606
2 3606 1697 1694
2 1694 1521 3606
2 1521 4387 3606
2 4091 4387 1521
2 4387 4091 3593
2 1163 1694 1697
2 1697 1814 1522
2 1522 1814 3929
2 1698 1522 3929
2 3929 1699 1698
2 3929 1815 1699
2 3612 1815 3929
2 3929 3388 3612
2 1815 3612 4384
2 1521 4387 3606
2 4387 4091 3593
2 4388 1814 3606
2 1522 1814 3929
2 3929 3388 3612
2 4389 550 2353
2 3929 3388 3612
2 1815 3612 4384
2 3592 4236 4384
2 3592 1633 4236
2 4290 2353 1632
2 4128 1632 4059
2 3592 1633 4236
2 1628 1624 3576
2 4381 3075 1628
2 4381 1628 4217
2 4226 4381 4217
2 4226 4217 1627
2 1627 4382 4226
2 548 4382 1627
2 1622 1627 4217
2 3592 1633 4236
2 3592 4236 4384
2 1815 3612 4384
2 4278 4236 4263
2 1816 1524 4278
2 1815 4278 1524
2 3929 1815 1699
2 1299 3290 1273
2 1164 3290 3874
2 3874 3479 1164
2 3929 1699 1698
2 3874 3479 1164
2 1698 1522 3929
2 1697 1814 1522
2 2806 1271 3479
2 1163 1694 1697
2 1130 1797 1831
2 1831 1830 1130
2 2276 1130 1830
2 1296 4221 1297
2 1300 3417 2985
2 1300 3510 1695
2 1695 1296 1300
2 1298 4221 1296
2 1298 1163 4221
2 1163 1694 1697
2 1694 1521 3606
2 3945 1695 1520
2 4091 4387 1521
2 4387 4091 3593
2 4149 3703 1623
2 3593 4149 1629
2 4388 3593 550
2 4389 550 2353
2 2353 3226 1632
2 3226 4041 4059
2 1630 4125 3226
2 1630 2353 3635
2 3635 550 1626
2 1629 3762 1626
2 1626 3901 4130
2 4130 4039 4125
2 4041 4039 940
2 4372 3901 3762
2 4037 712 1147
2 2712 712 4037
2 2712 4037 4048
2 4048 2865 2712
2 2712 2865 4265
2 2712 4265 4168
2 712 2712 4168
2 3755 4168 4265
2 3755 4265 4458
2 4458 491 3755
2 491 537 3755
2 3755 537 1190
2 3755 1190 4457
2 4168 3755 4457
2 1190 4210 4457
2 1129 4210 1190
2 3654 1129 1190
2 3718 3654 1190
2 1190 537 3718
2 4103 3718 537
2 537 2561 4103
2 2561 2955 4103
2 1354 4103 2955
2 4320 1354 2955
2 2955 2381 4320
2 2381 2686 4320
2 2686 68 4320
2 3288 4320 68
2 3288 68 59
2 3288 59 47
2 3288 47 2159
2 3288 2159 1796
2 1796 4320 3288
2 1354 4320 1796
2 2159 47 3180
2 3180 47 35
2 3180 35 27
2 1796 4320 3288
2 2686 533 68
2 2686 3345 533
2 2686 4576 3345
2 1980 3345 4576
2 4576 4237 1980
2 4237 3390 1980
2 2665 1980 3390
2 1980 2665 4591
2 3345 1980 4591
2 58 4591 2665
2 3390 4237 3926
2 3926 4237 491
2 491 4458 3926
2 3926 4458 3615
2 4265 3615 4458
2 2865 3615 4265
2 3572 3615 2865
2 2865 2856 3572
2 2856 2705 3572
2 3572 2705 542
2 2705 3335 542
2 2705 4114 3335
2 3335 4114 34
2 26 34 4114
2 9 26 4114
2 9 4114 1625
2 3602 9 1625
2 1625 546 3602
2 546 2731 3602
2 3602 5 9
2 1625 4114 3484
2 2705 3484 4114
2 3484 2705 2856
2 3484 2856 4123
2 2856 4048 4123
2 4124 4123 4048
2 4048 2856 2865
2 2705 3484 4114
2 3484 2705 2856
2 4048 2856 2865
2 3559 491 4237
2 4237 4576 3559
2 2381 3559 4576
2 2381 4576 2686
2 3559 2381 2955
2 2955 2561 3559
2 491 3559 2561
2 491 2561 537
2 491 3559 2561
2 4237 4576 3559
2 3345 1980 4591
2 2381 4576 2686
2 2381 4576 2686
2 3559 2381 2955
2 1354 4320 1796
2 1355 4103 1354
2 3718 4103 1355
2 3654 3718 1355
2 3654 1355 1356
2 1129 3654 1356
2 2955 2561 3559
2 491 2561 537
2 3718 4103 1355
2 3654 3718 1355
2 1129 3654 1356
2 1190 537 3718
2 491 2561 537
2 491 4458 3926
2 4265 3615 4458
2 4168 3755 4457
2 2865 3615 4265
2 4048 2856 2865
2 712 2712 4168
2 1629 1623 3762
2 2712 4037 4048
2 4124 4123 4048
2 4149 3703 1623
2 4124 4123 4048
2 3484 2856 4123
2 1625 4114 3484
2 1625 546 3602
2 751 4123 752
2 752 4124 3703
2 3703 4091 3962
2 1521 1520 3962
2 2754 1520 1695
2 546 752 3402
2 546 2731 3602
2 2754 3510 2985
2 546 2731 3602
2 3602 5 9
2 3602 5 9
2 9 26 4114
2 26 34 4114
2 3335 4114 34
2 2705 3335 542
2 3572 2705 542
2 3572 3615 2865
2 3926 4458 3615
2 3390 4237 3926
2 3978 939 542
2 2665 1980 3390
2 58 4591 2665
2 3335 711 3978
2 34 42 711
2 58 4591 2665
2 3345 1980 4591
2 2686 3345 533
2 2686 533 68
2 85 4591 42
2 3288 68 59
2 3288 59 47
2 3180 47 35
2 3180 35 27
2 5 15 42
2 2985 15 2731
2 3180 35 27
2 1300 3417 2985
2 2159 47 3180
2 3417 1300 2259
2 3288 2159 1796
2 1799 2259 1297
2 1354 4320 1796
2 1355 4103 1354
2 4221 1799 1297
2 3654 1355 1356
2 1797 4221 1163
2 1130 1797 1831
2 1129 3654 1356
2 2276 1130 1830
2 1129 4210 1190
2 2276 1000 3298
2 3641 4042 1502
2 3148 3641 1502
2 2276 3298 4210
2 1190 4210 4457
2 1502 4169 3148
2 4168 3755 4457
2 712 2712 4168
2 4037 712 1147
2 713 4372 1147
2 1502 4169 3148
2 940 4372 713
2 1502 4042 3735
2 4041 4039 940
2 3226 4041 4059
2 4128 1632 4059
2 3592 4128 3439
2 3439 1150 3376
2 1150 714 2455
2 936 4371 4041
2 3735 936 940
2 3735 3165 937
2 2823 714 4371
2 1150 714 2455
2 1150 2455 3376
2 3576 3376 3546
2 1233 937 1676
2 4455 938 1189
2 1233 937 1676
2 3165 3248 937
2 1189 1676 1675
2 4455 1189 493
2 3203 1002 1127
2 493 4577 3833
2 1001 4456 4577
2 1377 171 826
2 1377 826 891
2 1377 826 891
2 3204 3416 1657
2 3860 3204 1657
2 450 3813 3860
2 3943 244 3860
2 1657 1376 3943
2 1020 244 214
2 1772 790 3719
2 3837 1020 1024
2 244 1020 3791
2 3837 1291 1416
2 4082 1784 4555
2 4555 1784 4047
2 1786 4047 1784
2 1784 1417 1786
2 1418 1786 1417
2 1025 1418 1417
2 1025 1417 1023
2 1023 1774 1025
2 1025 1774 3896
2 1025 3896 1418
2 3896 4043 1418
2 1787 1418 4043
2 1787 4043 1788
2 1787 1788 744
2 744 743 1787
2 1786 1787 743
2 743 4047 1786
2 3737 4047 743
2 784 3737 743
2 743 744 784
2 744 4228 784
2 4228 1678 784
2 784 1678 4520
2 2210 784 4520
2 4520 1090 2210
2 2210 1090 1197
2 1090 3477 1197
2 3349 1197 3477
2 3349 3477 1653
2 4009 3349 1653
2 3018 4009 1653
2 3018 1653 1091
2 4155 3018 1091
2 1091 3589 4155
2 1679 4155 3589
2 3589 3774 1679
2 1679 3774 4557
2 4557 3119 1679
2 3119 1680 1679
2 1679 1680 4155
2 1680 3034 4155
2 3034 1092 4155
2 3018 4155 1092
2 3760 3018 1092
2 4270 3760 1092
2 1094 4270 1092
2 3034 1094 1092
2 1094 3034 4518
2 1094 4518 4115
2 1094 4115 4270
2 1198 4270 4115
2 4115 4193 1198
2 1198 4193 1397
2 1198 1397 1186
2 1186 2672 1198
2 2672 4270 1198
2 4270 2672 3810
2 4270 3810 3760
2 4003 3760 3810
2 4003 3810 4527
2 2440 4527 3810
2 2672 2440 3810
2 2672 1946 2440
2 4233 2440 1946
2 4233 1946 3931
2 4233 3931 1559
2 1559 3086 4233
2 2989 4233 3086
2 2989 3086 3842
2 3842 1740 2989
2 851 2989 1740
2 851 1740 1558
2 2326 851 1558
2 3076 2326 1558
2 2660 3076 1558
2 1170 2660 1558
2 1558 1165 1170
2 1310 1170 1165
2 1310 1165 1308
2 1308 1307 1310
2 1307 3974 1310
2 3974 1170 1310
2 2465 1170 3974
2 2465 3974 3264
2 3264 3812 2465
2 3812 1557 2465
2 2465 1557 2660
2 1170 2465 2660
2 1557 1861 2660
2 1861 3076 2660
2 1861 3486 3076
2 3076 3486 2326
2 3486 4527 2326
2 2326 4527 851
2 4527 2440 851
2 851 2440 2989
2 2989 2440 4233
2 1861 4529 3486
2 1861 2760 4529
2 2760 2058 4529
2 2058 2760 889
2 889 3107 2058
2 1860 889 2760
2 4253 1860 2760
2 4253 2760 1557
2 1557 4093 4253
2 4093 1144 4253
2 4253 1144 1739
2 4253 1739 1860
2 1739 3415 1860
2 3415 889 1860
2 3415 1739 2950
2 2950 1739 3300
2 3300 1739 1144
2 1167 3300 1144
2 3264 1167 1144
2 3264 1144 3812
2 1144 4093 3812
2 4093 1557 3812
2 1167 3264 4052
2 1167 4052 779
2 1167 779 3896
2 3896 1774 1167
2 1774 1070 1167
2 1167 1070 3300
2 1070 1774 778
2 778 1774 1023
2 1023 3624 778
2 779 4043 3896
2 1982 4043 779
2 4052 1982 779
2 3974 1982 4052
2 3264 3974 4052
2 3974 2832 1982
2 2832 2644 1982
2 4043 1982 2644
2 2644 1788 4043
2 1781 1788 2644
2 3669 1781 2644
2 3669 2644 2832
2 780 3669 2832
2 2832 1307 780
2 1307 1308 780
2 780 1308 1168
2 4158 780 1168
2 1306 4158 1168
2 1168 1169 1306
2 1306 1169 1171
2 1306 1171 1072
2 4140 1306 1072
2 4140 1072 2744
2 4140 2744 2923
2 4140 2923 1026
2 1026 1778 4140
2 1306 4140 1778
2 1778 4158 1306
2 1778 3995 4158
2 3995 3360 4158
2 780 4158 3360
2 3669 780 3360
2 3360 1782 3669
2 1781 3669 1782
2 1782 4063 1781
2 1289 1781 4063
2 4063 4229 1289
2 4229 4228 1289
2 1289 4228 744
2 1788 1289 744
2 1788 1781 1289
2 4229 4108 4228
2 4108 1678 4228
2 3774 1678 4108
2 3774 4108 4557
2 4557 4108 4229
2 4557 4229 4063
2 4557 4063 4081
2 3119 4557 4081
2 3119 4081 4558
2 3119 4558 4056
2 4556 3119 4056
2 4119 4556 4056
2 1290 4119 4056
2 1290 4056 1790
2 1026 1290 1790
2 1790 3995 1026
2 1778 1026 3995
2 3995 1790 2502
2 3995 2502 3360
2 3360 2502 1782
2 2502 4081 1782
2 4063 1782 4081
2 4081 2502 4558
2 4558 2502 1790
2 1790 4056 4558
2 4558 2502 1790
2 1290 1026 2923
2 2923 2736 1290
2 4119 1290 2736
2 2736 3761 4119
2 3761 4554 4119
2 4556 4119 4554
2 4556 4554 781
2 4556 781 1677
2 1677 3119 4556
2 2347 3119 1677
2 1677 4518 2347
2 4518 3034 2347
2 2347 3034 1680
2 1680 3119 2347
2 2434 4518 1677
2 781 2434 1677
2 3286 2434 781
2 781 782 3286
2 782 305 3286
2 3286 305 296
2 1654 3286 296
2 284 1654 296
2 319 284 296
2 305 319 296
2 305 311 319
2 319 311 324
2 338 319 324
2 324 4083 338
2 4083 1027 338
2 338 1027 348
2 319 338 348
2 319 348 357
2 349 319 357
2 357 3801 349
2 349 3801 2521
2 349 2521 339
2 339 319 349
2 339 328 319
2 316 319 328
2 316 328 3347
2 316 3347 4566
2 316 4566 319
2 4566 297 319
2 285 319 297
2 4509 285 297
2 297 2659 4509
2 2659 1187 4509
2 1187 4512 4509
2 1432 4509 4512
2 1432 4512 1397
2 1432 1397 2531
2 2531 1654 1432
2 1432 1654 278
2 278 4509 1432
2 285 4509 278
2 319 285 278
2 278 284 319
2 284 278 1654
2 284 278 1654
2 3286 1654 2531
2 2531 4193 3286
2 4193 2434 3286
2 4193 4518 2434
2 4115 4518 4193
2 1397 4193 2531
2 1397 4193 2531
2 1186 1397 4512
2 2961 1186 4512
2 1187 2961 4512
2 1187 4528 2961
2 2961 4528 2314
2 3351 2961 2314
2 3947 3351 2314
2 3772 3947 2314
2 3772 2314 2011
2 2317 3772 2011
2 339 2317 2011
2 339 2011 328
2 328 2011 3347
2 3347 2011 2314
2 3347 2314 4528
2 4566 3347 4528
2 297 4566 4528
2 297 4528 2659
2 2659 4528 1187
2 2521 2317 339
2 2521 1072 2317
2 1071 2317 1072
2 1072 1171 1071
2 1071 1171 1143
2 3947 1071 1143
2 3947 1143 1559
2 1559 3351 3947
2 3931 3351 1559
2 3931 2961 3351
2 3931 3047 2961
2 3047 1186 2961
2 1186 3047 1946
2 2672 1186 1946
2 3047 3931 1946
2 3047 3931 1946
2 3086 1559 1143
2 1143 3842 3086
2 3842 1143 1171
2 3842 1171 1169
2 1740 3842 1169
2 1740 1169 1165
2 1165 1558 1740
2 1168 1165 1169
2 1165 1168 1308
2 3947 2317 1071
2 2317 3947 3772
2 3842 1143 1171
2 3947 2317 1071
2 2744 1072 2521
2 2744 2521 3801
2 3801 1027 2744
2 2744 1027 2923
2 1027 4083 2923
2 2923 4083 2736
2 2736 4083 3761
2 3761 4083 2399
2 2241 3761 2399
2 2241 2399 324
2 2241 324 311
2 782 2241 311
2 311 305 782
2 782 4554 2241
2 4554 3761 2241
2 4554 782 781
2 2399 4083 324
2 4554 3761 2241
2 2399 4083 324
2 348 1027 3801
2 357 348 3801
2 2317 3947 3772
2 3347 2011 2314
2 2317 3947 3772
2 1559 3351 3947
2 3931 2961 3351
2 3347 2314 4528
2 2659 4528 1187
2 3047 1186 2961
2 278 4509 1432
2 1187 2961 4512
2 2659 4528 1187
2 297 4528 2659
2 285 4509 278
2 319 285 278
2 297 4566 4528
2 4566 3347 4528
2 328 2011 3347
2 316 4566 319
2 339 2011 328
2 2521 2317 339
2 2744 2521 3801
2 357 348 3801
2 339 319 349
2 357 348 3801
2 348 1027 3801
2 1027 4083 2923
2 2399 4083 324
2 319 338 348
2 2241 324 311
2 311 305 782
2 278 284 319
2 284 278 1654
2 3286 1654 2531
2 305 319 296
2 311 305 782
2 4554 782 781
2 4193 2434 3286
2 4193 4518 2434
2 1680 3119 2347
2 781 2434 1677
2 4554 782 781
2 4554 3761 2241
2 2736 4083 3761
2 2923 4083 2736
2 1790 4056 4558
2 4119 1290 2736
2 4556 4119 4554
2 1677 3119 4556
2 1790 4056 4558
2 4081 2502 4558
2 4063 1782 4081
2 3774 4520 1678
2 4520 3774 3589
2 1091 4520 3589
2 4520 1091 1090
2 1653 1090 1091
2 1090 1653 3477
2 4557 4108 4229
2 4557 4229 4063
2 1788 1781 1289
2 4063 1782 4081
2 3360 2502 1782
2 3995 2502 3360
2 1778 1026 3995
2 1778 1026 3995
2 1290 1026 2923
2 2744 1027 2923
2 2744 1072 2521
2 1306 4140 1778
2 1072 1171 1071
2 3842 1171 1169
2 1168 1165 1169
2 1778 4158 1306
2 780 4158 3360
2 1165 1168 1308
2 2832 3974 1307
2 3669 780 3360
2 1781 3669 1782
2 1788 1781 1289
2 3669 2644 2832
2 2832 3974 1307
2 4043 1982 2644
2 4052 1982 779
2 3264 3974 4052
2 1167 1070 3300
2 3300 1739 1144
2 1144 4093 3812
2 4093 1557 3812
2 2760 1861 1557
2 4253 1739 1860
2 3415 889 1860
2 2760 1861 1557
2 2760 1861 1557
2 4093 1557 3812
2 3264 1144 3812
2 3264 3974 4052
2 1170 2465 2660
2 2832 3974 1307
2 1307 1308 780
2 1165 1168 1308
2 3974 1170 1310
2 1165 1558 1740
2 1170 2465 2660
2 1861 3076 2660
2 3076 3486 2326
2 2326 4527 851
2 1165 1558 1740
2 851 2440 2989
2 1740 3842 1169
2 1143 3842 3086
2 2989 2440 4233
2 3086 1559 1143
2 3931 3351 1559
2 3047 3931 1946
2 2989 2440 4233
2 2672 1186 1946
2 4527 2440 851
2 3760 4003 3018
2 4003 4009 3018
2 2672 2440 3810
2 2672 1186 1946
2 1186 1397 4512
2 1397 4193 2531
2 4115 4518 4193
2 2672 4270 1198
2 4115 4518 4193
2 4518 3034 2347
2 1094 4115 4270
2 4270 3810 3760
2 3760 4003 3018
2 3034 1094 1092
2 2347 3034 1680
2 1680 3119 2347
2 3119 4557 4081
2 3774 4108 4557
2 4520 3774 3589
2 1679 1680 4155
2 1091 4520 3589
2 3018 4155 1092
2 1653 1090 1091
2 4003 4009 3018
2 1090 1653 3477
2 1090 1653 3477
2 4520 1091 1090
2 3774 4520 1678
2 4108 1678 4228
2 1289 4228 744
2 3737 3497 4047
2 1786 1418 1787
2 743 744 784
2 1788 1289 744
2 2644 1788 4043
2 1786 1418 1787
2 779 4043 3896
2 3896 1774 1167
2 778 1774 1023
2 1023 1417 1780
2 1417 1784 1780
2 1025 3896 1418
2 1786 1418 1787
2 1417 1784 1780
2 743 4047 1786
2 1417 1784 1780
2 790 1291 3837
2 1023 1417 1780
2 1023 3624 778
2 1772 790 3719
2 1023 3624 778
2 1070 1774 778
2 1167 1070 3300
2 2950 1739 3300
2 644 645 3503
2 1556 644 3503
2 644 1556 2157
2 646 644 2157
2 2157 1926 646
2 1926 3325 646
2 3325 850 646
2 850 644 646
2 888 644 850
2 3732 644 888
2 3552 3732 888
2 644 3732 645
2 850 644 646
2 644 3732 645
2 3415 1739 2950
2 644 3732 645
2 3415 889 1860
2 889 3107 2058
2 3552 3732 888
2 889 3107 2058
2 3179 3372 3301
2 2760 2058 4529
2 1861 4529 3486
2 3486 4527 2326
2 4003 3810 4527
2 4003 4009 3018
2 4074 3486 3372
2 4009 3349 1653
2 3179 3372 3301
2 3349 1197 3477
2 1652 3077 3179
2 2210 1090 1197
2 2210 784 4520
2 784 3737 743
2 3737 3497 4047
2 3737 3497 4047
2 4555 1784 4047
2 4082 1784 4555
2 1416 4082 3791
2 273 244 3791
2 4013 260 4258
2 450 244 273
2 450 3813 3860
2 3860 3813 3204
2 3859 3416 3204
2 3155 4185 2348
2 890 3416 3859
2 3470 222 1769
2 890 891 3416
2 1377 826 891
2 3470 222 1769
2 202 1452 3441
2 1545 202 3441
2 433 1545 3441
2 433 3441 434
2 433 434 3883
2 433 3883 213
2 433 213 1545
2 213 3883 252
2 3883 4266 252
2 4266 271 252
2 1549 434 3441
2 1549 3441 1452
2 1452 1547 1549
2 1548 1549 1547
2 1548 1547 3515
2 1548 3515 3804
2 3804 420 1548
2 420 3804 3971
2 433 213 1545
2 1549 3441 1452
2 1452 1547 1549
2 1548 1547 3515
2 1548 3515 3804
2 420 3804 3971
2 4261 3971 483
2 4261 483 3151
2 3151 3950 4261
2 4261 3950 4245
2 3950 3127 4245
2 4245 3127 4533
2 4245 4533 3773
2 4533 3012 3773
2 3012 3584 3773
2 1264 3584 3012
2 1264 3012 1261
2 1713 1264 1261
2 1261 2914 1713
2 1713 2914 4034
2 3817 4034 2914
2 3817 2914 3244
2 946 3817 3244
2 946 3244 945
2 946 945 2618
2 946 2618 4021
2 2824 946 4021
2 4021 4330 2824
2 4330 3631 2824
2 3631 3817 2824
2 2824 3817 946
2 3817 3631 4034
2 4331 3631 4330
2 4330 4177 4331
2 4354 4177 4330
2 4011 4354 4330
2 4011 4330 4021
2 4328 4011 4021
2 4021 3147 4328
2 3147 847 4328
2 847 4329 4328
2 1117 4328 4329
2 1117 4329 3400
2 3400 2794 1117
2 2794 4524 1117
2 4524 807 1117
2 1117 807 1866
2 3689 1117 1866
2 1866 1779 3689
2 3689 1779 4354
2 4011 3689 4354
2 3689 4011 4328
2 1117 3689 4328
2 2782 4354 1779
2 4177 4354 2782
2 4053 1779 1866
2 4053 1866 4521
2 3627 4053 4521
2 3627 4521 3449
2 3627 3449 3194
2 3627 3194 737
2 737 2996 3627
2 3627 2996 1454
2 4053 3627 1454
2 4053 1454 3538
2 3538 3851 4053
2 2996 3538 1454
2 2996 3538 1454
2 2996 737 3073
2 483 2996 3073
2 3073 2131 483
2 3151 483 2131
2 670 3151 2131
2 670 2131 2801
2 4309 670 2801
2 4309 2801 4308
2 3383 4309 4308
2 3383 4308 2501
2 2501 3609 3383
2 3383 3609 4515
2 4515 4533 3383
2 4309 3383 4533
2 4309 4533 3127
2 670 4309 3127
2 670 3127 3950
2 670 3950 3151
2 4126 4533 4515
2 4126 4515 3244
2 4126 3244 1261
2 3012 4126 1261
2 3012 4533 4126
2 1261 3244 2914
2 4515 945 3244
2 3609 945 4515
2 848 945 3609
2 2470 848 3609
2 2470 3609 4513
2 4513 3462 2470
2 3462 3963 2470
2 2604 2470 3963
2 847 2604 3963
2 3881 847 3963
2 3881 3963 3480
2 3480 3853 3881
2 4218 3881 3853
2 4218 3853 1327
2 4218 1327 2965
2 2520 4218 2965
2 2965 1328 2520
2 2520 1328 4327
2 2520 4327 3016
2 2520 3016 1119
2 4218 2520 1119
2 4218 1119 1118
2 4218 1118 4329
2 4329 3881 4218
2 3881 4329 847
2 3400 4329 1118
2 803 3400 1118
2 1118 804 803
2 4539 803 804
2 804 4540 4539
2 4539 4540 1450
2 4539 1450 3183
2 4524 4539 3183
2 4524 3183 1449
2 807 4524 1449
2 807 1449 4521
2 4521 1866 807
2 3449 4521 1449
2 1449 3705 3449
2 3449 3705 3194
2 3705 738 3194
2 738 1379 3194
2 737 3194 1379
2 1379 3073 737
2 1379 2131 3073
2 1379 3322 2131
2 2801 2131 3322
2 2801 3322 1335
2 2801 1335 669
2 4308 2801 669
2 4349 4308 669
2 4349 669 671
2 1338 4349 671
2 671 2352 1338
2 1338 2352 1336
2 2608 1338 1336
2 1336 2109 2608
2 2109 2037 2608
2 2608 2037 1332
2 3548 2608 1332
2 3548 1332 4105
2 4105 3326 3548
2 3548 3326 1338
2 1338 2608 3548
2 1338 3326 4351
2 4351 4349 1338
2 1018 4349 4351
2 1018 4351 3166
2 4514 1018 3166
2 3166 4516 4514
2 4516 1732 4514
2 3780 4514 1732
2 3462 3780 1732
2 1732 3480 3462
2 3462 3480 3963
2 3480 1732 849
2 849 1327 3480
2 3480 1327 3853
2 1327 849 2965
2 2965 849 3657
2 2965 3657 2770
2 1328 2965 2770
2 2770 950 1328
2 3355 1328 950
2 3355 950 3777
2 3777 3989 3355
2 2645 3355 3989
2 1115 2645 3989
2 1115 3989 3490
2 1115 3490 299
2 310 1115 299
2 310 299 318
2 318 327 310
2 310 327 2209
2 1114 310 2209
2 1114 2209 2315
2 1114 2315 2112
2 2112 2645 1114
2 2645 1115 1114
2 1114 1115 310
2 4327 2645 2112
2 3016 4327 2112
2 2112 3567 3016
2 805 3016 3567
2 3567 3284 805
2 3284 4586 805
2 4540 805 4586
2 4586 1833 4540
2 4540 1833 1451
2 4540 1451 1450
2 1832 1450 1451
2 1451 3482 1832
2 470 1832 3482
2 3585 470 3482
2 3585 3482 740
2 3585 740 3795
2 2037 3585 3795
2 3795 1332 2037
2 668 1332 3795
2 1334 668 3795
2 1334 3795 3070
2 3070 416 1334
2 416 2175 1334
2 1928 1334 2175
2 1928 2175 2302
2 2302 4348 1928
2 4348 4287 1928
2 3122 1928 4287
2 3122 4287 2547
2 3122 2547 1017
2 1017 4350 3122
2 4350 4105 3122
2 668 3122 4105
2 1332 668 4105
2 1928 3122 668
2 1928 668 1334
2 3326 4105 4350
2 4573 3326 4350
2 4573 4350 1017
2 4573 1017 2281
2 2281 4516 4573
2 4573 4516 3166
2 4573 3166 3326
2 4351 3326 3166
2 4516 2281 1731
2 3657 4516 1731
2 1731 2770 3657
2 2770 1731 1262
2 1262 950 2770
2 943 950 1262
2 943 1262 3956
2 1263 943 3956
2 1712 1263 3956
2 3956 2547 1712
2 1712 2547 4287
2 1712 4287 4348
2 309 1712 4348
2 326 309 4348
2 2302 326 4348
2 2302 337 326
2 337 318 326
2 309 326 318
2 309 318 304
2 304 1712 309
2 304 295 1712
2 295 1263 1712
2 295 283 1263
2 1263 283 280
2 280 949 1263
2 949 943 1263
2 3777 943 949
2 949 3490 3777
2 3989 3777 3490
2 949 290 3490
2 290 299 3490
2 318 299 290
2 280 318 290
2 280 290 949
2 283 318 280
2 295 318 283
2 304 318 295
2 280 290 949
2 3777 950 943
2 280 290 949
2 283 318 280
2 295 318 283
2 304 318 295
2 304 318 295
2 337 347 318
2 347 356 318
2 318 356 354
2 318 354 344
2 318 344 335
2 327 318 335
2 734 327 335
2 344 734 335
2 344 354 734
2 1546 734 354
2 354 3389 1546
2 1546 3389 2979
2 2979 829 1546
2 1546 829 734
2 828 734 829
2 828 829 3284
2 2315 828 3284
2 2315 3284 3567
2 3567 2112 2315
2 2209 828 2315
2 828 2209 734
2 2209 327 734
2 3284 829 3529
2 4586 3284 3529
2 4586 3529 1833
2 1833 3529 3396
2 3396 740 1833
2 1833 740 3482
2 1451 1833 3482
2 740 3396 3547
2 3795 740 3547
2 3795 3547 3070
2 3070 3547 2979
2 3389 3070 2979
2 3389 416 3070
2 3389 2878 416
2 2175 416 2878
2 2175 2878 337
2 2302 2175 337
2 347 337 2878
2 3389 347 2878
2 3389 356 347
2 3389 354 356
2 3389 347 2878
2 3396 2979 3547
2 3396 3529 2979
2 3529 829 2979
2 3396 2979 3547
2 3396 3529 2979
2 3529 829 2979
2 828 2209 734
2 3529 829 2979
2 3389 3070 2979
2 3389 354 356
2 1546 829 734
2 2209 327 734
2 344 734 335
2 344 354 734
2 3389 354 356
2 3389 356 347
2 347 337 2878
2 2302 2175 337
2 309 326 318
2 304 1712 309
2 2547 3956 1017
2 2281 1017 3956
2 2281 3956 1262
2 2281 1262 1731
2 295 1263 1712
2 949 943 1263
2 2281 3956 1262
2 3777 950 943
2 2281 1262 1731
2 3657 1732 4516
2 3657 849 1732
2 2281 1262 1731
2 2281 1017 3956
2 4573 3166 3326
2 4573 4350 1017
2 2547 3956 1017
2 1712 2547 4287
2 1928 3122 668
2 1712 4287 4348
2 2302 326 4348
2 2302 2175 337
2 1928 668 1334
2 2175 416 2878
2 3389 416 3070
2 3795 3547 3070
2 1928 668 1334
2 1332 668 4105
2 3585 2037 470
2 470 2037 2109
2 739 470 2109
2 1148 739 2109
2 1336 1148 2109
2 1336 2352 1148
2 1148 2352 3782
2 1148 3782 738
2 738 3112 1148
2 1148 3112 739
2 739 3112 2039
2 739 2039 1832
2 1832 470 739
2 2039 1450 1832
2 3183 1450 2039
2 3183 2039 3705
2 1449 3183 3705
2 3112 3705 2039
2 738 3705 3112
2 3112 3705 2039
2 738 3705 3112
2 3782 1379 738
2 3782 1335 1379
2 1379 1335 3322
2 3782 2352 1335
2 669 1335 2352
2 669 2352 671
2 3782 2352 1335
2 1148 3112 739
2 1832 470 739
2 3795 740 3547
2 1833 740 3482
2 3585 2037 470
2 1832 470 739
2 1451 1833 3482
2 2039 1450 1832
2 1451 1833 3482
2 4586 3529 1833
2 804 805 4540
2 1119 805 804
2 1119 804 1118
2 805 1119 3016
2 4586 3284 3529
2 2315 3284 3567
2 805 1119 3016
2 3567 2112 2315
2 4327 3355 2645
2 4327 1328 3355
2 3567 2112 2315
2 2209 828 2315
2 1114 1115 310
2 2209 327 734
2 327 318 335
2 318 299 290
2 1114 1115 310
2 290 299 3490
2 3989 3777 3490
2 2645 1115 1114
2 4327 3355 2645
2 3989 3777 3490
2 3777 950 943
2 4327 1328 3355
2 1262 950 2770
2 1731 2770 3657
2 3657 849 1732
2 3657 849 1732
2 4513 3780 3462
2 4535 3780 4513
2 2501 4535 4513
2 3609 2501 4513
2 4349 4535 2501
2 4349 2501 4308
2 4349 1018 4535
2 4535 1018 3780
2 1018 4514 3780
2 4535 1018 3780
2 1018 4514 3780
2 3657 1732 4516
2 4573 4516 3166
2 1018 4514 3780
2 4351 3326 3166
2 4349 1018 4535
2 4351 3326 3166
2 3326 4105 4350
2 1332 668 4105
2 1338 2608 3548
2 3795 1332 2037
2 470 2037 2109
2 1336 1148 2109
2 1338 2608 3548
2 1336 2352 1148
2 669 2352 671
2 4351 4349 1338
2 669 2352 671
2 4349 2501 4308
2 669 1335 2352
2 1379 1335 3322
2 1379 1335 3322
2 3782 1379 738
2 738 3705 3112
2 1449 3183 3705
2 1449 3183 3705
2 803 4539 4524
2 2794 803 4524
2 803 2794 3400
2 3183 1450 2039
2 4540 1451 1450
2 804 805 4540
2 803 4539 4524
2 1119 804 1118
2 803 2794 3400
2 1119 804 1118
2 805 1119 3016
2 3016 4327 2112
2 4327 1328 3355
2 1328 2965 2770
2 4218 2520 1119
2 1327 849 2965
2 3480 1327 3853
2 4329 3881 4218
2 3480 1327 3853
2 3462 3480 3963
2 3881 4329 847
2 3147 2604 847
2 3147 848 2604
2 848 2470 2604
2 848 3147 2618
2 945 848 2618
2 3147 4021 2618
2 848 2470 2604
2 3462 3480 3963
2 4513 3780 3462
2 3609 2501 4513
2 848 2470 2604
2 945 848 2618
2 3012 4533 4126
2 3609 945 4515
2 3609 2501 4513
2 4349 2501 4308
2 4309 3383 4533
2 4308 2801 669
2 670 4309 3127
2 2801 2131 3322
2 670 3950 3151
2 1379 2131 3073
2 1379 3073 737
2 737 3194 1379
2 3449 3705 3194
2 3449 4521 1449
2 4053 3627 1454
2 4521 1866 807
2 1117 3689 4328
2 4521 1866 807
2 807 4524 1449
2 2794 803 4524
2 803 2794 3400
2 3400 4329 1118
2 1117 3689 4328
2 3881 4329 847
2 3147 2604 847
2 3147 4021 2618
2 3689 4011 4328
2 4011 3689 4354
2 4177 4354 2782
2 4011 4330 4021
2 2824 3817 946
2 3147 4021 2618
2 945 848 2618
2 4515 945 3244
2 2824 3817 946
2 1261 3244 2914
2 3817 3631 4034
2 1261 3244 2914
2 3012 4126 1261
2 2677 3584 1264
2 3012 4533 4126
2 4309 4533 3127
2 670 3127 3950
2 670 3950 3151
2 3151 483 2131
2 483 2996 3073
2 2996 3538 1454
2 3804 1453 736
2 3538 3851 4053
2 1453 3515 4523
2 3538 3851 4053
2 4053 1779 1866
2 2782 4354 1779
2 4536 4053 4538
2 4177 4354 2782
2 4330 4177 4331
2 4331 3631 4330
2 3817 3631 4034
2 1713 2914 4034
2 1713 1264 1261
2 948 2404 951
2 2677 3584 1264
2 2404 948 1266
2 947 1266 948
2 947 187 192
2 192 187 4227
2 4227 219 192
2 3362 219 4227
2 4227 2542 3362
2 4227 165 2542
2 165 4343 2542
2 165 3100 4343
2 4343 3100 3255
2 4343 3255 3330
2 3330 3255 3085
2 1670 3255 3100
2 187 165 4227
2 187 165 4227
2 4227 219 192
2 1266 4014 4534
2 4534 2922 2677
2 2677 2922 3725
2 2917 3126 3438
2 3126 2917 1337
2 3126 1337 4118
2 1333 1337 2917
2 2677 2922 3725
2 2677 3584 1264
2 3012 3584 3773
2 3126 1337 4118
2 4245 4533 3773
2 4261 3950 4245
2 3126 1337 4118
2 4261 3971 483
2 420 3804 3971
2 1333 1337 2917
2 3804 420 1548
2 1548 1549 1547
2 1549 434 3441
2 1333 3393 420
2 433 434 3883
2 1333 1337 2917
2 3883 4266 252
2 2917 3126 3438
2 3438 2922 4150
2 4266 271 252
2 4150 2922 259
2 259 4534 219
2 3362 219 4227
2 4227 2542 3362
2 165 4343 2542
2 4343 3255 3330
2 2542 2132 1658
2 3362 1658 856
2 3521 856 2826
2 2826 232 250
2 182 232 210
2 1658 3600 2818
2 2132 190 3600
2 182 232 210
2 174 152 182
2 139 182 152
2 139 120 182
2 120 96 182
2 96 107 182
2 107 133 182
2 133 157 182
2 182 157 184
2 201 182 184
2 184 2864 201
2 2062 201 2864
2 157 2864 184
2 157 2864 184
2 133 107 2387
2 2387 107 96
2 1673 2387 96
2 1673 96 2332
2 96 120 2332
2 2387 107 96
2 96 120 2332
2 2132 3330 190
2 174 152 182
2 3330 3255 3085
2 139 182 152
2 139 120 182
2 96 120 2332
2 3330 3255 3085
2 1670 3255 3100
2 1673 96 2332
2 1670 3255 3100
2 99 3512 4033
2 99 3512 4033
2 1673 1670 3512
2 1673 2387 96
2 634 3841 1702
2 133 107 2387
2 634 2481 3841
2 133 157 182
2 157 2864 184
2 4016 974 2481
2 2062 201 2864
2 2062 201 2864
2 201 182 184
2 182 275 250
2 2416 275 2524
2 226 251 182
2 1503 2524 2515
2 2063 226 201
2 1503 2524 2515
2 2062 3806 2063
2 975 3806 2062
2 1503 2524 2515
2 3521 2416 2524
2 3521 271 259
2 4266 271 252
2 1503 4019 4072
2 213 3883 252
2 4019 1503 975
2 975 2062 974
2 199 974 532
2 433 213 1545
2 186 199 532
2 1545 202 3441
2 1769 202 1377
2 1377 171 826
2 1001 147 171
2 1001 158 4456
2 186 199 532
2 974 4016 532
2 634 4016 2481
2 634 1702 118
2 4016 3830 136
2 136 158 532
2 1001 158 4456
2 4577 4456 3833
2 3833 3888 4455
2 2126 3888 1231
2 118 1232 136
2 118 1702 94
2 2126 3888 1231
2 94 99 4025
2 3546 938 2126
2 3576 3376 3546
2 1628 1624 3576
2 4381 1628 4217
2 1622 1627 4217
2 4049 3546 921
2 4025 921 2126
2 127 4025 99
2 1622 1627 4217
2 548 4382 1627
2 3100 127 4033
2 165 3100 4343
2 548 4382 1627
2 1627 4382 4226
2 4226 4381 4217
2 4381 3075 1628
2 3075 4263 4236
2 4263 3916 1816
2 4386 4382 605
2 1816 3916 3728
2 1236 3768 1272
2 3728 1274 1816
2 1236 3577 3768
2 1299 1273 1274
2 4090 3577 1236
2 1801 1798 3845
2 1299 3290 1273
2 1164 3290 3874
2 3874 3479 1164
2 2806 1271 3479
2 1163 2806 1831
2 1831 1830 1130
2 2938 1800 4180
2 2276 1130 1830
2 2938 1800 4180
2 2276 1131 1000
2 3735 1131 3165
2 4180 3874 1801
2 1801 1798 3845
2 3165 3248 937
2 1002 1189 3248
2 3203 1002 1127
2 3845 2279 3248
2 1801 1798 3845
2 1299 4090 1798
2 1127 2279 2422
2 4302 3941 4090
2 3203 1002 1127
2 1353 3941 4302
2 3203 2248 493
2 1353 3656 918
2 2248 147 1001
2 826 147 2896
2 4136 864 2262
2 2262 2089 4136
2 2089 4028 4136
2 4028 1352 4136
2 4050 1352 4028
2 4050 4028 2189
2 4028 2089 2189
2 2189 2089 1161
2 2189 1161 104
2 1161 1160 104
2 1160 123 104
2 1161 4131 1160
2 2089 3520 1161
2 2089 2262 3520
2 2262 1162 3520
2 1098 3520 1162
2 4028 2089 2189
2 2089 2262 3520
2 4028 1352 4136
2 2616 826 2896
2 3545 891 2616
2 3414 3416 3545
2 3414 1376 1657
2 214 1376 1375
2 214 1375 1019
2 1024 1020 1019
2 1024 3719 3837
2 1772 790 3719
2 1772 2427 3624
2 2427 3312 1070
2 3312 3503 2950
2 1556 644 3503
2 644 1556 2157
2 1166 2427 4032
2 3719 1309 4032
2 2157 1926 646
2 1926 3325 646
2 3325 850 646
2 888 644 850
2 3552 3732 888
2 3552 1429 4510
2 1655 1195 1431
2 3552 1429 4510
2 1652 3301 4510
2 1196 1195 4230
2 1652 3077 3179
2 3077 4519 2210
2 4517 3737 4519
2 1089 3497 4517
2 1196 1195 4230
2 1195 3858 4029
2 4230 1088 1089
2 3858 1674 4029
2 3497 1089 783
2 4555 783 3446
2 3446 1669 4013
2 3858 1086 1674
2 3446 1669 4013
2 4013 260 4258
2 239 220 1192
2 1301 450 260
2 2377 3813 1301
2 2926 2348 2377
2 3155 2348 2926
2 269 4185 3155
2 4587 2773 4355
2 4587 4355 4537
2 269 4086 3605
2 269 4185 3155
2 243 3470 4185
2 262 269 3976
2 222 3470 243
2 1452 222 4178
2 3976 3605 4587
2 1452 4178 4109
2 4587 4355 4537
2 4522 1547 4109
2 3515 4522 4523
2 4538 3851 4523
2 4538 806 2782
2 806 2842 4219
2 4587 4355 4537
2 806 2842 4219
2 4331 4219 3982
2 4587 2773 4355
2 4086 4000 2773
2 4000 4086 845
2 3285 4331 3982
2 3285 846 4034
2 951 846 948
2 845 4086 2626
2 947 1266 948
2 845 4086 2626
2 241 4086 269
2 844 947 2626
2 947 187 192
2 187 165 4227
2 548 165 4385
2 132 1519 153
2 4385 605 4382
2 605 604 3916
2 132 1519 153
2 604 2796 3916
2 2796 1237 1272
2 1237 3656 4302
2 1353 3656 918
2 918 111 147
2 864 147 111
2 4136 864 2262
2 2262 1162 3520
2 101 3656 92
2 92 1237 121
2 1098 3520 1162
2 121 604 132
2 132 1519 153
2 153 4385 4383
2 4134 4181 1073
2 1191 4383 187
2 4134 4181 1073
2 4134 4181 1073
2 4134 1098 132
2 1098 3520 1162
2 2089 3520 1161
2 3428 1073 1159
2 1161 4131 1160
2 1068 1074 1159
2 1161 4131 1160
2 1160 123 104
2 4322 140 123
2 1160 123 104
2 2189 1161 104
2 4050 4028 2189
2 4050 1352 4028
2 2616 1352 4235
2 3414 4235 825
2 1849 4050 1904
2 1376 825 827
2 1904 129 148
2 1375 827 4578
2 1583 519 4578
2 1904 129 148
2 3697 1436 1583
2 4050 103 129
2 103 104 583
2 1438 1436 3697
2 3145 1442 1438
2 3145 1442 1438
2 582 3024 1442
2 630 3557 582
2 4449 2108 3145
2 4568 3532 630
2 3505 654 4568
2 3145 583 4449
2 583 104 653
2 1362 653 631
2 3505 654 4568
2 654 4391 4172
2 1060 4391 1053
2 1362 653 631
2 140 154 631
2 1053 1059 1060
2 1059 4413 1060
2 4413 155 4062
2 155 754 3803
2 4413 155 4062
2 113 3535 775
2 775 3535 98
2 3535 1179 98
2 1179 3535 2549
2 2282 2549 3535
2 775 3535 98
2 775 3636 1014
2 1014 4062 113
2 4413 155 4062
2 1060 4413 643
2 643 1536 2339
2 1553 4411 4062
2 1536 4120 4189
2 4120 932 2820
2 932 933 3382
2 1553 1551 1536
2 934 1553 1014
2 1756 1720 933
2 934 3636 4200
2 1718 598 1756
2 1718 119 137
2 98 4200 3636
2 3535 1179 98
2 119 1178 137
2 1178 690 4481
2 1179 3535 2549
2 2265 690 4213
2 2282 2549 3535
2 2265 690 4213
2 4240 3556 2265
2 4240 3556 2265
2 843 2380 3827
2 4240 3556 2265
2 2265 690 4213
2 4481 690 4100
2 842 4100 4380
2 4273 3556 3827
2 843 2380 3827
2 4346 2380 2344
2 4244 4357 4346
2 842 4100 4380
2 4244 4358 4357
2 841 4358 227
2 842 4481 4100
2 1178 4481 172
2 189 1019 172
2 841 4358 227
2 189 1309 1024
2 227 4358 247
2 1309 2716 2157
2 274 1926 2716
2 247 4358 4244
2 4244 3957 2254
2 1926 274 267
2 3957 3184 2254
2 3184 2963 2775
2 253 267 1561
2 3184 2963 2775
2 1560 3170 2963
2 873 1561 2775
2 543 216 233
2 216 4511 233
2 216 1194 4511
2 253 267 1561
2 1374 267 253
2 216 4511 233
2 1374 4526 3325
2 4525 888 4526
2 1431 4525 1655
2 1199 3858 1655
2 4526 4511 1398
2 216 1194 4511
2 1086 3858 1199
2 220 1669 1086
2 239 220 1192
2 4508 1192 1609
2 4508 1192 1609
2 4117 1192 4508
2 4117 3704 2926
2 241 269 3704
2 844 241 211
2 211 1191 187
2 1191 1525 4181
2 3011 1193 3704
2 4181 1525 611
2 1608 3011 4508
2 611 1068 1073
2 1069 1608 1609
2 1068 1074 1159
2 1074 4322 1160
2 140 4322 154
2 154 175 1059
2 193 1069 1609
2 194 545 175
2 193 1086 1194
2 216 1194 4511
2 194 545 175
2 543 216 233
2 543 873 458
2 545 754 155
2 3562 754 753
2 3744 458 873
2 753 2838 2050
2 457 1687 2838
2 873 3170 3744
2 3170 1560 1126
2 457 1687 2838
2 114 2690 156
2 2349 2690 114
2 114 100 2349
2 2349 1022 2690
2 2768 1022 2349
2 457 1687 2838
2 753 2838 2050
2 2349 1022 2690
2 3562 753 2050
2 3803 3562 113
2 113 3535 775
2 2282 2549 3535
2 1022 2290 2050
2 2768 1022 2349
2 3563 4213 2282
2 3563 1180 2265
2 4480 4240 1180
2 4483 4480 159
2 177 4483 159
2 3885 200 4490
2 177 4483 159
2 4356 843 4483
2 3700 4356 4347
2 4347 215 240
2 3885 200 4490
2 1571 240 215
2 1181 1347 1571
2 1181 3408 998
2 4489 4151 3408
2 4489 2000 2028
2 994 1181 3885
2 3885 200 4490
2 2000 2777 2028
2 915 2777 4502
2 4490 177 203
2 4502 228 915
2 203 731 2376
2 4502 228 915
2 4284 915 663
2 254 268 4036
2 663 1751 910
2 1751 661 4141
2 661 662 4141
2 4376 662 4207
2 4207 1516 4376
2 3648 1517 1516
2 772 3648 3516
2 4183 772 3516
2 3261 4183 680
2 709 771 1516
2 677 678 680
2 3868 3561 677
2 769 770 597
2 709 3356 680
2 1516 1515 709
2 1513 1515 661
2 597 3356 4307
2 1513 663 1511
2 769 770 597
2 3651 2201 218
2 218 2201 4135
2 196 218 4135
2 196 4135 861
2 4135 3403 861
2 1244 861 3403
2 1244 146 861
2 3403 4135 2158
2 2158 4135 887
2 1049 2158 887
2 2595 1049 887
2 2595 887 1281
2 2201 1281 887
2 4135 2201 887
2 4135 2201 887
2 4135 2201 887
2 592 237 769
2 1511 592 597
2 663 4036 1511
2 254 268 4036
2 3161 268 254
2 2162 2725 3161
2 237 266 3651
2 2186 1116 2725
2 3651 2201 218
2 2201 1281 887
2 2186 4020 1116
2 2595 887 1281
2 2595 1049 887
2 1049 2158 887
2 2741 3866 1048
2 2741 1048 4294
2 3403 4135 2158
2 1244 861 3403
2 2741 3866 1048
2 2741 1048 4294
2 2476 2741 1835
2 2476 1244 3866
2 1244 146 861
2 1244 146 861
2 196 4135 861
2 4088 817 179
2 196 218 4135
2 237 218 769
2 769 770 597
2 770 3868 3356
2 3868 3561 677
2 461 675 459
2 3561 528 469
2 4532 528 524
2 461 675 459
2 524 235 4532
2 1158 4175 235
2 1560 1158 1126
2 1125 457 1126
2 217 544 1158
2 217 524 459
2 459 675 674
2 179 674 196
2 195 1125 544
2 1125 156 1687
2 4088 817 179
2 114 2690 156
2 3949 3068 1113
2 114 100 2349
2 87 1113 3427
2 114 100 2349
2 2768 1022 2349
2 110 3563 2768
2 3427 1660 87
2 110 134 1180
2 134 1659 159
2 1661 1659 3879
2 3879 3724 2283
2 3427 1660 87
2 4076 3427 3068
2 4076 1443 4367
2 3879 3724 2283
2 4367 1443 2836
2 3917 4365 1136
2 1136 1133 3917
2 1133 1662 3917
2 3225 3917 1662
2 3225 1662 1620
2 3225 1620 1324
2 3395 1324 1620
2 3395 1620 1486
2 983 3395 1486
2 2876 983 1486
2 978 2876 1486
2 978 1486 1323
2 1323 4211 978
2 4211 968 978
2 2876 978 968
2 3218 2876 968
2 968 2821 3218
2 3218 2821 839
2 840 3218 839
2 839 4096 840
2 4096 4142 840
2 4142 4277 840
2 840 4277 3200
2 969 840 3200
2 840 969 3218
2 969 983 3218
2 3218 983 2876
2 4142 639 4277
2 4277 639 4437
2 4437 4429 4277
2 639 1107 4437
2 1107 1109 4437
2 1107 965 1109
2 719 1109 965
2 4398 719 965
2 965 3123 4398
2 4398 3123 878
2 4442 4398 878
2 3123 2802 878
2 855 878 2802
2 886 855 2802
2 2802 882 886
2 886 882 4366
2 886 4366 1136
2 886 1136 4365
2 4365 855 886
2 1136 4366 1133
2 4366 1135 1133
2 1135 3320 1133
2 508 1133 3320
2 508 3320 507
2 1323 508 507
2 1323 507 4006
2 2588 1323 4006
2 4006 1487 2588
2 1294 2588 1487
2 979 1294 1487
2 1487 3442 979
2 3442 1826 979
2 3550 979 1826
2 981 3550 1826
2 1826 1825 981
2 981 1825 2511
2 2511 1293 981
2 967 981 1293
2 1293 3054 967
2 635 967 3054
2 2180 635 3054
2 3054 2695 2180
2 3271 2180 2695
2 2695 3444 3271
2 3271 3444 3983
2 3807 3271 3983
2 638 3807 3983
2 638 3983 40
2 32 638 40
2 32 40 44
2 25 32 44
2 44 18 25
2 18 1005 25
2 25 1005 638
2 638 32 25
2 1005 3807 638
2 1005 3453 3807
2 3807 3453 1110
2 1110 4434 3807
2 4434 1601 3807
2 3807 1601 3271
2 1601 2180 3271
2 3191 2180 1601
2 3191 1601 4434
2 3191 4434 4433
2 3191 4433 635
2 3191 635 2180
2 4433 4162 635
2 3215 635 4162
2 3463 3215 4162
2 3463 4162 4583
2 4583 4220 3463
2 3463 4220 4432
2 3580 3463 4432
2 4430 3580 4432
2 4430 4432 2575
2 2575 4435 4430
2 4430 4435 4269
2 4430 4269 637
2 637 3580 4430
2 637 906 3580
2 906 4104 3580
2 636 3580 4104
2 636 4104 3215
2 636 3215 3463
2 3580 636 3463
2 3215 4104 967
2 635 3215 967
2 4104 3550 967
2 967 3550 981
2 3550 4104 979
2 979 4104 906
2 1294 979 906
2 906 908 1294
2 1294 908 982
2 1294 982 2588
2 2588 982 4211
2 4211 1323 2588
2 982 968 4211
2 908 968 982
2 908 2821 968
2 3586 2821 908
2 637 3586 908
2 637 908 906
2 4269 3586 637
2 4254 3586 4269
2 4269 3525 4254
2 4254 3525 4096
2 4096 2821 4254
2 4254 2821 3586
2 4096 839 2821
2 3525 3354 4096
2 639 4096 3354
2 1107 639 3354
2 3354 3674 1107
2 3674 965 1107
2 3674 2232 965
2 965 2232 3123
2 3900 3123 2232
2 3900 2232 815
2 2959 3900 815
2 2959 815 1106
2 2959 1106 4396
2 4208 2959 4396
2 4208 4396 4397
2 4208 4397 4441
2 4438 4208 4441
2 4441 3071 4438
2 3071 885 4438
2 4438 885 881
2 4438 881 4439
2 4208 4438 4439
2 4208 4439 2959
2 2959 4439 3900
2 3900 4439 2802
2 3123 3900 2802
2 4439 882 2802
2 4439 881 882
2 4370 882 881
2 4370 881 3897
2 4369 4370 3897
2 3897 1665 4369
2 3320 4369 1665
2 1665 3276 3320
2 507 3320 3276
2 506 507 3276
2 506 3276 3239
2 506 3239 4111
2 506 4111 3940
2 506 3940 1619
2 506 1619 507
2 1619 4006 507
2 1619 1487 4006
2 1487 1619 3940
2 3442 1487 3940
2 3442 3940 1826
2 4111 1826 3940
2 2997 1826 4111
2 2997 4111 1132
2 1948 2997 1132
2 1132 3923 1948
2 1664 1948 3923
2 3923 3249 1664
2 3249 880 1664
2 880 4368 1664
2 1666 1664 4368
2 1666 4368 4363
2 4363 1663 1666
2 504 1666 1663
2 1663 3707 504
2 3707 3429 504
2 1485 504 3429
2 3429 3887 1485
2 1295 1485 3887
2 3887 2423 1295
2 2423 2695 1295
2 1295 2695 3054
2 3054 2391 1295
2 976 1295 2391
2 976 2391 1293
2 976 1293 2511
2 976 2511 1621
2 976 1621 3884
2 976 3884 1485
2 1295 976 1485
2 1485 3884 504
2 504 3884 1621
2 1621 505 504
2 504 505 1666
2 1666 505 3262
2 1664 1666 3262
2 1664 3262 1948
2 3262 1325 1948
2 1325 4022 1948
2 4022 2997 1948
2 1825 2997 4022
2 1825 4022 1325
2 1825 1325 2511
2 2511 1325 1621
2 1621 1325 505
2 3262 505 1325
2 1825 1826 2997
2 1825 4022 1325
2 3262 505 1325
2 3262 505 1325
2 1621 1325 505
2 504 3884 1621
2 2511 1325 1621
2 3054 1293 2391
2 1295 976 1485
2 3054 1293 2391
2 2695 2423 3444
2 2423 4454 3444
2 3444 4454 3983
2 4454 54 3983
2 40 3983 54
2 40 54 44
2 44 54 66
2 66 75 44
2 44 75 83
2 44 83 78
2 70 44 78
2 70 78 502
2 502 1137 70
2 1137 1134 70
2 60 70 1134
2 60 1134 3579
2 60 3579 49
2 60 49 44
2 44 70 60
2 49 36 44
2 28 44 36
2 36 4440 28
2 4401 28 4440
2 4401 4440 1635
2 4401 1635 4188
2 4401 4188 2710
2 10 4401 2710
2 7 10 2710
2 814 7 2710
2 4188 814 2710
2 4188 716 814
2 814 716 1005
2 1005 18 814
2 7 814 18
2 7 18 44
2 7 44 10
2 10 44 17
2 10 17 4401
2 28 4401 17
2 44 28 17
2 44 28 17
2 1005 716 3453
2 1110 3453 716
2 3672 1110 716
2 716 2937 3672
2 3672 2937 688
2 3672 688 1110
2 688 3716 1110
2 1110 3716 4434
2 4433 4434 3716
2 4433 3716 1111
2 1111 4583 4433
2 4583 4162 4433
2 1111 3279 4583
2 3279 3568 4583
2 4583 3568 4220
2 3568 4317 4220
2 4220 4317 3781
2 4220 3781 2575
2 2575 4432 4220
2 2575 3781 1112
2 1112 4435 2575
2 3541 4435 1112
2 1106 3541 1112
2 1112 689 1106
2 689 4396 1106
2 4396 689 4397
2 4397 689 3634
2 4397 3634 4070
2 4070 4441 4397
2 1330 4441 4070
2 4070 720 1330
2 1330 720 3296
2 3296 1400 1330
2 1400 4234 1330
2 4234 4441 1330
2 4441 4234 3071
2 4234 885 3071
2 3249 885 4234
2 1400 3249 4234
2 880 3249 1400
2 880 1400 877
2 877 879 880
2 880 879 4368
2 2032 4368 879
2 4251 2032 879
2 877 4251 879
2 3025 4251 877
2 3296 3025 877
2 877 1400 3296
2 3296 720 3025
2 720 3110 3025
2 3110 1329 3025
2 4251 3025 1329
2 2495 4251 1329
2 4400 2495 1329
2 4400 1329 688
2 4400 688 2937
2 4400 2937 4188
2 1635 4400 4188
2 1635 2495 4400
2 1635 4440 2495
2 883 2495 4440
2 3579 883 4440
2 3579 4440 36
2 3579 36 49
2 3579 1134 883
2 1134 4363 883
2 4363 2032 883
2 2495 883 2032
2 4251 2495 2032
2 4368 2032 4363
2 1134 1137 4363
2 1663 4363 1137
2 1137 3707 1663
2 1137 502 3707
2 3707 502 3429
2 3429 502 2373
2 2373 1828 3429
2 3887 3429 1828
2 1828 2423 3887
2 1828 2714 2423
2 2714 4454 2423
2 4454 2714 66
2 66 54 4454
2 1828 66 2714
2 75 66 1828
2 83 75 1828
2 83 1828 2373
2 2373 502 83
2 83 502 78
2 1828 66 2714
2 83 1828 2373
2 2373 502 83
2 2495 883 2032
2 716 4188 2937
2 3110 688 1329
2 3110 1111 688
2 3716 688 1111
2 1111 3110 3279
2 3110 720 3279
2 720 3568 3279
2 720 4070 3568
2 3568 4070 4317
2 4070 3634 4317
2 4317 3634 689
2 689 3781 4317
2 689 1112 3781
2 1635 2495 4400
2 4251 2495 2032
2 3110 688 1329
2 3110 720 3279
2 4251 3025 1329
2 4251 2495 2032
2 4368 2032 4363
2 877 4251 879
2 877 1400 3296
2 885 3249 4153
2 4153 3897 885
2 885 3897 881
2 4153 1665 3897
2 1665 4153 3239
2 3276 1665 3239
2 1132 3239 4153
2 4153 3923 1132
2 4153 3249 3923
2 3239 1132 4111
2 4153 3249 3923
2 1400 3249 4234
2 877 1400 3296
2 3296 720 3025
2 720 4070 3568
2 4234 4441 1330
2 4070 3634 4317
2 4317 3634 689
2 689 1112 3781
2 3541 1106 815
2 3674 3541 815
2 815 2232 3674
2 3674 4435 3541
2 3525 4435 3674
2 3525 3674 3354
2 3525 4269 4435
2 3674 4435 3541
2 689 1112 3781
2 689 3781 4317
2 3568 4070 4317
2 720 3568 3279
2 1111 3110 3279
2 3716 688 1111
2 3716 688 1111
2 4400 688 2937
2 716 4188 2937
2 3672 688 1110
2 716 4188 2937
2 7 814 18
2 7 44 10
2 10 17 4401
2 4188 814 2710
2 1635 4400 4188
2 1635 4440 2495
2 28 4401 17
2 3579 4440 36
2 44 28 17
2 3579 36 49
2 3579 36 49
2 3579 1134 883
2 44 70 60
2 1134 1137 4363
2 1137 502 3707
2 83 502 78
2 44 70 60
2 83 502 78
2 83 75 1828
2 75 66 1828
2 66 54 4454
2 66 54 4454
2 2714 4454 2423
2 1828 2423 3887
2 1295 976 1485
2 3887 3429 1828
2 1485 3884 504
2 3707 502 3429
2 1137 3707 1663
2 504 505 1666
2 1663 4363 1137
2 4368 2032 4363
2 1664 1666 3262
2 880 879 4368
2 880 3249 1400
2 4153 3249 3923
2 1664 3262 1948
2 4153 3923 1132
2 4022 2997 1948
2 3239 1132 4111
2 1825 1826 2997
2 1487 1619 3940
2 4111 1826 3940
2 3239 1132 4111
2 3276 1665 3239
2 506 1619 507
2 3276 1665 3239
2 1135 4369 3320
2 4370 4369 1135
2 4364 4370 1135
2 4366 4364 1135
2 4366 882 4364
2 4364 882 4370
2 4364 882 4370
2 4153 1665 3897
2 4370 4369 1135
2 885 3897 881
2 4364 882 4370
2 4439 881 882
2 885 3897 881
2 4234 885 3071
2 4441 4234 3071
2 4208 4438 4439
2 4070 4441 4397
2 4396 689 4397
2 4208 4439 2959
2 689 4396 1106
2 3541 1106 815
2 2959 4439 3900
2 815 2232 3674
2 3123 3900 2802
2 815 2232 3674
2 3525 3674 3354
2 4096 639 4142
2 3525 3674 3354
2 3525 4269 4435
2 4254 2821 3586
2 4254 2821 3586
2 908 968 982
2 637 908 906
2 3580 636 3463
2 979 4104 906
2 637 908 906
2 4269 3586 637
2 3525 4269 4435
2 1112 4435 2575
2 2575 4432 4220
2 637 3580 4430
2 3580 636 3463
2 2575 4432 4220
2 4583 3568 4220
2 4583 4162 4433
2 636 3215 3463
2 635 3215 967
2 4583 4162 4433
2 4433 4434 3716
2 3191 635 2180
2 3191 1601 4434
2 1110 3716 4434
2 1110 3453 716
2 1005 716 3453
2 1005 18 814
2 7 18 44
2 638 32 25
2 40 54 44
2 638 32 25
2 40 3983 54
2 1005 3807 638
2 3807 1601 3271
2 3444 4454 3983
2 2695 2423 3444
2 1601 2180 3271
2 1295 2695 3054
2 3191 635 2180
2 635 3215 967
2 3054 1293 2391
2 967 3550 981
2 976 1293 2511
2 1825 1325 2511
2 1825 1826 2997
2 967 3550 981
2 3550 4104 979
2 3442 3940 1826
2 3442 1487 3940
2 1294 979 906
2 1294 982 2588
2 1619 1487 4006
2 4211 1323 2588
2 1619 4006 507
2 508 1323 3266
2 1133 508 3266
2 1133 3266 509
2 509 1662 1133
2 1620 1662 509
2 1620 509 1486
2 509 1323 1486
2 3266 1323 509
2 3266 1323 509
2 3266 1323 509
2 507 3320 3276
2 1133 508 3266
2 1135 4369 3320
2 4366 4364 1135
2 4366 882 4364
2 4439 882 2802
2 4365 855 886
2 3123 3900 2802
2 965 2232 3123
2 3674 965 1107
2 1107 639 3354
2 4096 639 4142
2 4096 639 4142
2 4096 839 2821
2 840 969 3218
2 4096 839 2821
2 908 2821 968
2 3218 983 2876
2 982 968 4211
2 4211 1323 2588
2 509 1323 1486
2 2876 978 968
2 3218 983 2876
2 1827 3395 983
2 1324 3395 1827
2 1620 509 1486
2 1324 3395 1827
2 1620 1662 509
2 509 1662 1133
2 1136 4366 1133
2 886 1136 4365
2 4365 855 886
2 4367 1443 2836
2 855 878 2802
2 4442 4398 878
2 3068 4195 1443
2 4399 4402 4195
2 4442 4398 878
2 4398 719 965
2 4399 816 4402
2 719 1109 965
2 4399 816 4402
2 4399 3949 4390
2 3862 1108 4436
2 4390 156 817
2 146 4137 817
2 3862 1108 4436
2 146 126 4137
2 109 126 2891
2 4436 4137 4431
2 3862 1108 4436
2 3862 1109 816
2 1107 1109 4437
2 4437 4429 4277
2 2049 4436 2984
2 4431 768 2984
2 4437 4429 4277
2 840 4277 3200
2 969 840 3200
2 969 983 3218
2 4106 1292 2892
2 3783 980 1829
2 1829 1322 3783
2 3783 1322 3569
2 1827 3395 983
2 3783 1322 3569
2 1324 3395 1827
2 3225 1620 1324
2 3225 3917 1662
2 3917 2283 4367
2 3879 3724 2283
2 1661 1659 3879
2 3243 1324 3569
2 3783 1322 3569
2 1661 1659 3879
2 1659 503 159
2 503 160 177
2 1829 1322 3783
2 3783 980 1829
2 1292 980 983
2 4106 1292 2892
2 4246 4295 3424
2 4277 768 4106
2 109 768 4431
2 86 4295 4246
2 109 126 2891
2 3190 2891 1835
2 86 106 4295
2 106 966 4295
2 1829 966 160
2 106 1234 124
2 730 731 160
2 2709 2392 1234
2 730 731 160
2 203 731 2376
2 1479 776 733
2 1480 254 2376
2 4212 2162 1480
2 1478 1479 733
2 2942 2162 4212
2 277 4250 255
2 277 255 3590
2 257 277 3590
2 4165 257 3590
2 3590 3591 4165
2 4165 3591 1570
2 1570 1691 4165
2 4165 1691 234
2 4165 234 257
2 1691 4590 234
2 234 4590 191
2 191 4590 180
2 1096 180 4590
2 2930 1096 4590
2 4590 1691 2930
2 2930 1691 1689
2 1689 1693 2930
2 1693 4500 2930
2 2930 4500 4379
2 1455 2930 4379
2 4379 1458 1455
2 4296 1455 1458
2 1458 3682 4296
2 3682 813 4296
2 813 3530 4296
2 4296 3530 1078
2 4296 1078 1455
2 2930 1455 1078
2 1078 1079 2930
2 2930 1079 1096
2 1079 1075 1096
2 1096 1075 180
2 180 1075 197
2 197 1075 221
2 221 1123 197
2 922 1123 221
2 1461 922 221
2 242 1461 221
2 866 242 221
2 1075 866 221
2 866 1075 1079
2 866 1079 3530
2 2367 866 3530
2 2367 3530 813
2 808 2367 813
2 833 808 813
2 3682 833 813
2 3682 3367 833
2 3367 1302 833
2 3343 833 1302
2 3343 808 833
2 1999 808 3343
2 3518 1302 3367
2 831 3518 3367
2 831 3367 3682
2 831 3682 3115
2 831 3115 809
2 2769 831 809
2 4040 2769 809
2 809 810 4040
2 4040 810 2602
2 2602 496 4040
2 745 4040 496
2 2843 745 496
2 496 1008 2843
2 2843 1008 1471
2 1471 1469 2843
2 2843 1469 3333
2 3333 3767 2843
2 2843 3767 745
2 1275 745 3767
2 1275 3767 1468
2 1468 3767 3333
2 1468 3333 4486
2 4281 1468 4486
2 4281 4486 3690
2 4281 3690 3676
2 3676 2638 4281
2 2638 4485 4281
2 4232 4485 2638
2 2638 2041 4232
2 4232 2041 3517
2 1463 4232 3517
2 3517 1462 1463
2 1462 3984 1463
2 1463 3984 4485
2 1463 4485 4232
2 1714 1462 3517
2 3517 1595 1714
2 1714 1595 4545
2 3925 1714 4545
2 4545 3591 3925
2 3925 3591 4543
2 4543 3232 3925
2 3925 3232 1714
2 1588 1714 3232
2 1588 3232 942
2 4543 942 3232
2 942 4543 255
2 3590 255 4543
2 4543 3591 3590
2 1714 1588 1462
2 4543 942 3232
2 4543 3591 3590
2 4545 726 3591
2 3591 726 1570
2 1570 726 1792
2 1792 1693 1570
2 1693 1689 1570
2 1689 1691 1570
2 1792 1564 1693
2 1564 4500 1693
2 1564 1565 4500
2 4500 1565 4498
2 4498 1959 4500
2 2933 4500 1959
2 2976 2933 1959
2 4080 2976 1959
2 4060 4080 1959
2 4060 1959 3253
2 3253 1097 4060
2 1097 2334 4060
2 868 4060 2334
2 868 2334 1457
2 2668 868 1457
2 2668 1457 3339
2 2670 2668 3339
2 2670 3339 2728
2 4133 2670 2728
2 2763 4133 2728
2 2763 2728 811
2 2763 811 1380
2 832 2763 1380
2 1304 832 1380
2 1304 1380 2280
2 1010 1304 2280
2 1010 2280 1378
2 1010 1378 2631
2 2631 4262 1010
2 1010 4262 2850
2 1010 2850 1472
2 1010 1472 3826
2 1010 3826 1304
2 3655 1304 3826
2 3655 3826 1381
2 3469 3655 1381
2 2841 3469 1381
2 1381 1008 2841
2 2841 1008 496
2 496 2602 2841
2 2602 830 2841
2 2841 830 3469
2 3469 830 4133
2 3469 4133 832
2 832 3655 3469
2 1304 3655 832
2 2763 832 4133
2 830 2670 4133
2 830 2668 2670
2 830 2602 2668
2 2668 2602 810
2 2668 810 868
2 810 809 868
2 868 809 867
2 867 4060 868
2 4060 867 4080
2 4080 867 3805
2 4080 3805 2976
2 2976 3805 1459
2 4379 2976 1459
2 1458 4379 1459
2 1459 3682 1458
2 3805 3682 1459
2 3115 3682 3805
2 3805 867 3115
2 809 3115 867
2 2976 4379 2933
2 4379 4500 2933
2 3805 3682 1459
2 3805 867 3115
2 809 3115 867
2 830 2602 2668
2 1381 1471 1008
2 1381 3871 1471
2 1471 3871 3778
2 3778 3488 1471
2 3488 1469 1471
2 3333 1469 3488
2 4486 3333 3488
2 4486 3488 3690
2 3488 1591 3690
2 1594 3690 1591
2 1591 1716 1594
2 2680 1594 1716
2 2680 1716 900
2 4560 2680 900
2 900 728 4560
2 4560 728 4206
2 4206 2934 4560
2 2934 2489 4560
2 2489 2680 4560
2 2489 899 2680
2 899 1594 2680
2 1594 899 941
2 1594 941 3690
2 941 1715 3690
2 3690 1715 3676
2 3676 1715 3140
2 3676 3140 2638
2 2638 3140 2041
2 2041 3140 4544
2 4544 4582 2041
2 2041 4582 4176
2 2041 4176 1595
2 2041 1595 3517
2 4545 1595 4176
2 4559 4545 4176
2 4559 4176 4582
2 2045 4559 4582
2 4544 2045 4582
2 3910 2045 4544
2 4585 3910 4544
2 4544 3375 4585
2 4585 3375 899
2 727 4585 899
2 727 899 2489
2 2934 727 2489
2 1567 727 2934
2 2077 1567 2934
2 2077 2934 4206
2 2077 4206 1795
2 1795 1012 2077
2 2077 1012 1690
2 2077 1690 1567
2 2505 1567 1690
2 2334 2505 1690
2 2334 1690 1076
2 1457 2334 1076
2 3339 1457 1076
2 2116 3339 1076
2 2116 1076 1012
2 3321 2116 1012
2 1012 2656 3321
2 3321 2656 1095
2 1095 1456 3321
2 1456 2140 3321
2 2140 2116 3321
2 2116 2140 869
2 3339 2116 869
2 2728 3339 869
2 3033 2728 869
2 2140 3033 869
2 1456 3033 2140
2 3033 1456 3894
2 3033 3894 811
2 3033 811 2728
2 2748 811 3894
2 3386 2748 3894
2 1077 3386 3894
2 1077 3894 1456
2 1095 1077 1456
2 1077 1095 4499
2 4499 3263 1077
2 3263 3386 1077
2 3386 3263 4198
2 1460 3386 4198
2 3186 1460 4198
2 3186 4198 3958
2 3958 4497 3186
2 282 3186 4497
2 282 4497 281
2 281 321 282
2 291 282 321
2 302 291 321
2 315 302 321
2 321 325 315
2 3201 315 325
2 3891 3201 325
2 3891 325 333
2 333 342 3891
2 1006 3891 342
2 3432 1006 342
2 352 3432 342
2 352 342 321
2 359 352 321
2 355 359 321
2 345 355 321
2 321 332 345
2 332 1717 345
2 345 1717 355
2 1902 355 1717
2 1902 1717 3519
2 1902 3519 2784
2 2784 1672 1902
2 3832 1902 1672
2 3432 3832 1672
2 1672 4484 3432
2 4484 1006 3432
2 1603 1006 4484
2 2631 1603 4484
2 4262 2631 4484
2 1672 4262 4484
2 4488 4262 1672
2 4488 1672 2784
2 2883 4488 2784
2 2883 2784 1590
2 2883 1590 1592
2 2883 1592 2839
2 2839 2850 2883
2 2883 2850 4488
2 2850 4262 4488
2 2850 2839 4487
2 1472 2850 4487
2 4487 2837 1472
2 2837 3826 1472
2 3871 3826 2837
2 3871 2837 3778
2 2837 2931 3778
2 2931 3629 3778
2 3778 3629 3915
2 3778 3915 3488
2 3488 3915 1591
2 3915 3629 1591
2 4239 1591 3629
2 3629 3895 4239
2 1716 4239 3895
2 1716 3895 3844
2 3844 900 1716
2 902 900 3844
2 903 902 3844
2 2990 903 3844
2 1592 2990 3844
2 1592 3844 3895
2 3895 2839 1592
2 2839 3895 2931
2 4487 2839 2931
2 2837 4487 2931
2 2931 3895 3629
2 1590 2990 1592
2 2990 1590 3079
2 3079 903 2990
2 1857 903 3079
2 1857 3079 897
2 897 2767 1857
2 2767 4547 1857
2 4547 2443 1857
2 1857 2443 3997
2 1857 3997 903
2 903 3997 728
2 728 902 903
2 902 728 900
2 3997 1794 728
2 728 1794 4206
2 1795 4206 1794
2 1794 2656 1795
2 2656 1012 1795
2 1794 2739 2656
2 1095 2656 2739
2 1095 2739 4499
2 4499 2739 1569
2 1791 4499 1569
2 1791 1569 4199
2 4199 1710 1791
2 1710 3426 1791
2 3426 1688 1791
2 1688 4499 1791
2 1688 3263 4499
2 3263 1688 4198
2 3958 4198 1688
2 1688 3426 3958
2 289 3958 3426
2 289 3426 306
2 306 321 289
2 281 289 321
2 281 4497 289
2 289 4497 3958
2 306 314 321
2 4581 321 314
2 314 1709 4581
2 4581 1709 905
2 332 4581 905
2 332 905 2182
2 1717 332 2182
2 1717 2182 3519
2 2182 897 3519
2 897 1590 3519
2 2784 3519 1590
2 897 3079 1590
2 897 2182 2767
2 2182 905 2767
2 2971 2767 905
2 1709 2971 905
2 1710 2971 1709
2 306 1710 1709
2 1709 314 306
2 3426 1710 306
2 1710 4547 2971
2 2971 4547 2767
2 4547 1710 4199
2 4199 2443 4547
2 2443 4199 1569
2 1569 1794 2443
2 1794 3997 2443
2 2739 1794 1569
2 2971 4547 2767
2 2182 905 2767
2 4581 332 321
2 1709 2971 905
2 1709 314 306
2 4581 332 321
2 1709 314 306
2 3426 1710 306
2 289 4497 3958
2 1688 3426 3958
2 3426 1710 306
2 4547 1710 4199
2 2443 4199 1569
2 1688 4499 1791
2 2739 1794 1569
2 2739 1794 1569
2 1794 3997 2443
2 1794 3997 2443
2 4199 2443 4547
2 2971 4547 2767
2 897 2182 2767
2 897 3079 1590
2 1857 3997 903
2 897 3079 1590
2 3079 903 2990
2 728 902 903
2 902 728 900
2 1592 3844 3895
2 1591 4239 1716
2 2931 3895 3629
2 1591 4239 1716
2 3915 3629 1591
2 2931 3895 3629
2 2837 4487 2931
2 3871 1381 3826
2 2837 4487 2931
2 4487 2839 2931
2 3895 2839 1592
2 1590 2990 1592
2 2784 3519 1590
2 2883 2850 4488
2 2850 4262 4488
2 2766 1603 2631
2 2766 2631 1378
2 1378 834 2766
2 2766 834 3934
2 3934 812 2766
2 2766 812 2651
2 2766 2651 1603
2 1006 1603 2651
2 2651 3891 1006
2 2651 3201 3891
2 2651 812 3201
2 812 2993 3201
2 2993 315 3201
2 2993 302 315
2 865 302 2993
2 812 865 2993
2 812 3934 865
2 865 3934 2748
2 865 2748 1460
2 1460 3646 865
2 3646 302 865
2 3646 291 302
2 282 291 3646
2 3186 282 3646
2 3186 3646 1460
2 3186 3646 1460
2 3386 1460 2748
2 2748 3934 834
2 834 811 2748
2 811 834 1380
2 2280 1380 834
2 2280 834 1378
2 3646 302 865
2 812 865 2993
2 2651 812 3201
2 812 3934 865
2 2748 3934 834
2 2280 834 1378
2 2766 2651 1603
2 1006 1603 2651
2 1672 4262 4484
2 352 3832 3432
2 352 359 3832
2 355 3832 359
2 1902 3832 355
2 1902 3832 355
2 4488 1672 2784
2 2784 3519 1590
2 1717 2182 3519
2 1902 3832 355
2 1717 332 2182
2 4581 332 321
2 345 1717 355
2 355 3832 359
2 352 359 3832
2 342 333 321
2 321 333 325
2 352 3832 3432
2 4484 1006 3432
2 2651 3891 1006
2 342 333 321
2 321 333 325
2 2651 3201 3891
2 2993 315 3201
2 321 333 325
2 2993 302 315
2 3646 291 302
2 282 291 3646
2 281 289 321
2 281 4497 289
2 3186 282 3646
2 289 4497 3958
2 3958 4198 1688
2 3186 3646 1460
2 3386 1460 2748
2 3263 1688 4198
2 1688 3263 4499
2 1095 2739 4499
2 3263 3386 1077
2 3386 1460 2748
2 834 811 2748
2 1077 3894 1456
2 3033 811 2728
2 2140 3033 869
2 1456 3033 2140
2 1095 1077 1456
2 1095 2656 2739
2 2656 1012 1795
2 2140 2116 3321
2 1690 1012 1076
2 3339 2116 869
2 1690 1012 1076
2 2334 1097 2505
2 1692 2505 1097
2 1692 1097 4498
2 4498 1566 1692
2 1793 1692 1566
2 1793 1566 4546
2 4585 1793 4546
2 3910 4585 4546
2 2851 3910 4546
2 1565 2851 4546
2 1566 1565 4546
2 1566 4498 1565
2 2851 1565 2812
2 2045 2851 2812
2 2045 2812 4559
2 4559 2812 726
2 726 4545 4559
2 2812 1792 726
2 1792 2812 1564
2 1565 1564 2812
2 2045 3910 2851
2 1565 1564 2812
2 2045 3910 2851
2 4585 727 1793
2 727 3927 1793
2 1793 3927 1692
2 2505 1692 3927
2 2505 3927 1567
2 727 1567 3927
2 727 1567 3927
2 1566 1565 4546
2 1793 3927 1692
2 1566 4498 1565
2 3253 4498 1097
2 1959 4498 3253
2 2505 1692 3927
2 2505 3927 1567
2 1690 1012 1076
2 2656 1012 1795
2 1795 4206 1794
2 2077 1690 1567
2 727 1567 3927
2 4585 727 1793
2 1715 899 3375
2 3375 4544 1715
2 4544 3140 1715
2 899 1715 941
2 3375 4544 1715
2 3910 4585 4546
2 2045 3910 2851
2 2045 2812 4559
2 726 4545 4559
2 4559 4176 4582
2 4544 2045 4582
2 4544 3140 1715
2 4544 3140 1715
2 899 1715 941
2 899 1715 941
2 727 899 2489
2 2934 727 2489
2 2077 2934 4206
2 728 1794 4206
2 902 728 900
2 2489 2680 4560
2 3844 900 1716
2 899 1594 2680
2 1591 4239 1716
2 1594 941 3690
2 3488 3915 1591
2 3778 3915 3488
2 3871 2837 3778
2 3871 1381 3826
2 2841 830 3469
2 832 3655 3469
2 3871 1381 3826
2 1304 3655 832
2 2837 3826 1472
2 1472 2850 4487
2 2850 4262 4488
2 4262 2631 4484
2 2766 2631 1378
2 2280 834 1378
2 1010 3826 1304
2 2280 1380 834
2 1304 3655 832
2 2763 832 4133
2 811 834 1380
2 3033 811 2728
2 2763 832 4133
2 830 2670 4133
2 2728 3339 869
2 830 2668 2670
2 3339 1457 1076
2 2668 810 868
2 1457 2334 1076
2 867 4060 868
2 2334 1097 2505
2 3253 4498 1097
2 1959 4498 3253
2 4060 867 4080
2 4080 3805 2976
2 2976 4379 2933
2 4379 4500 2933
2 1959 4498 3253
2 1566 4498 1565
2 1565 1564 2812
2 1792 2812 1564
2 2812 1792 726
2 726 4545 4559
2 3925 3232 1714
2 4545 1595 4176
2 2041 1595 3517
2 1714 1588 1462
2 1463 4485 4232
2 2041 1595 3517
2 2638 3140 2041
2 1463 4485 4232
2 3676 3140 2638
2 3690 1715 3676
2 4486 3488 3690
2 4486 3333 3488
2 1275 3518 745
2 745 3518 831
2 2769 745 831
2 745 2769 4040
2 3518 1275 3254
2 1302 3518 3254
2 1468 3767 3333
2 3333 1469 3488
2 3488 1469 1471
2 1381 1471 1008
2 2841 1008 496
2 2843 3767 745
2 745 2769 4040
2 496 2602 2841
2 2668 2602 810
2 810 809 868
2 745 2769 4040
2 2769 745 831
2 809 3115 867
2 3115 3682 3805
2 745 3518 831
2 1302 3518 3254
2 831 3367 3682
2 3343 808 833
2 808 270 2367
2 270 242 2367
2 242 866 2367
2 270 1461 242
2 270 3214 1461
2 3214 2969 1461
2 1461 2969 922
2 2969 2088 922
2 922 2088 4184
2 4184 1123 922
2 4353 1123 4184
2 4184 1122 4353
2 1122 3404 4353
2 3404 1122 3990
2 4316 3404 3990
2 3990 1305 4316
2 4316 1305 672
2 672 2102 4316
2 4316 2102 3404
2 672 1656 2102
2 1656 672 131
2 102 1656 131
2 131 3951 102
2 3809 102 3951
2 3951 4297 3809
2 3809 4297 4374
2 3809 4374 2341
2 3660 3809 2341
2 1539 3660 2341
2 4373 1539 2341
2 2341 4374 4373
2 4373 4374 1899
2 4373 1899 2445
2 1538 4373 2445
2 1538 2445 4466
2 4468 1538 4466
2 4473 4468 4466
2 4466 1742 4473
2 4473 1742 992
2 991 4473 992
2 4274 991 992
2 992 2073 4274
2 2073 4451 4274
2 4451 1248 4274
2 1248 991 4274
2 991 1248 3095
2 3095 3972 991
2 990 991 3972
2 990 3972 871
2 990 871 4474
2 990 4474 4467
2 4467 4468 990
2 990 4468 3405
2 991 990 3405
2 991 3405 4473
2 3405 4468 4473
2 3405 4468 4473
2 4468 4467 1539
2 1538 4468 1539
2 1538 1539 4373
2 4467 853 1539
2 853 3660 1539
2 88 3660 853
2 853 112 88
2 88 112 2388
2 88 2388 4205
2 4205 1656 88
2 88 1656 102
2 88 102 3660
2 3809 3660 102
2 2510 4205 2388
2 3739 2510 2388
2 863 3739 2388
2 863 2388 112
2 112 135 863
2 135 162 863
2 837 863 162
2 837 162 178
2 178 1140 837
2 837 1140 836
2 836 863 837
2 836 3739 863
2 3739 836 4285
2 3464 3739 4285
2 2510 3739 3464
2 835 4285 836
2 835 836 1139
2 835 1139 2755
2 1139 541 2755
2 4194 2755 541
2 4194 541 494
2 494 436 4194
2 4194 436 2223
2 2844 4194 2223
2 2844 2223 3214
2 3214 3187 2844
2 3821 2844 3187
2 3821 3187 4222
2 4209 3821 4222
2 4209 4222 538
2 245 538 4222
2 223 538 245
2 4194 2844 3821
2 4194 3821 2755
2 3187 3214 270
2 2969 3214 2223
2 2533 2969 2223
2 2533 2223 436
2 555 2533 436
2 249 555 436
2 1823 249 436
2 1823 436 2605
2 1819 1823 2605
2 1819 2605 1818
2 1819 1818 4138
2 3348 1819 4138
2 4138 872 3348
2 3348 872 4318
2 4318 2021 3348
2 2021 1823 3348
2 1823 1819 3348
2 1823 2021 249
2 2021 225 249
2 555 249 225
2 555 225 1124
2 1802 555 1124
2 1124 3990 1802
2 1802 3990 2418
2 2088 1802 2418
2 2088 2418 4184
2 1122 4184 2418
2 1122 2418 3990
2 2088 2533 1802
2 1802 2533 555
2 2088 2969 2533
2 1122 2418 3990
2 3990 1124 1305
2 1124 1120 1305
2 1120 150 1305
2 672 1305 150
2 672 150 131
2 131 150 1183
2 131 1183 3951
2 3798 3951 1183
2 1183 1313 3798
2 1313 3000 3798
2 475 3798 3000
2 3000 4409 475
2 4408 475 4409
2 4404 4408 4409
2 4044 4404 4409
2 4044 4409 4407
2 4407 143 4044
2 4352 4044 143
2 143 105 4352
2 105 3967 4352
2 3967 3164 4352
2 4352 3164 1735
2 1735 4044 4352
2 1735 4404 4044
2 1735 927 4404
2 4404 927 4097
2 4404 4097 2854
2 4408 4404 2854
2 2848 4408 2854
2 2854 1317 2848
2 2848 1317 3549
2 2809 2848 3549
2 2809 3549 1202
2 3213 2809 1202
2 1202 3820 3213
2 2885 3213 3820
2 2885 3820 1899
2 4374 2885 1899
2 3544 2885 4374
2 3544 4374 1724
2 1724 3937 3544
2 3544 3937 3213
2 3544 3213 2885
2 3937 1326 3213
2 3213 1326 2809
2 1326 2848 2809
2 475 2848 1326
2 1326 2479 475
2 475 2479 3798
2 3798 2479 4297
2 4297 3951 3798
2 4297 2479 1724
2 4297 1724 4374
2 1326 1724 2479
2 1724 1326 3937
2 1326 1724 2479
2 4408 2848 475
2 1724 1326 3937
2 1724 1326 3937
2 4297 1724 4374
2 3544 3213 2885
2 1899 3820 3146
2 1899 3146 1540
2 2445 1899 1540
2 4466 2445 1540
2 4466 1540 3992
2 3992 1742 4466
2 3275 1742 3992
2 3992 988 3275
2 1422 3275 988
2 1422 988 1282
2 1245 1422 1282
2 1245 1282 1420
2 1420 3611 1245
2 2834 1245 3611
2 1250 2834 3611
2 1250 3611 1420
2 1420 870 1250
2 1250 870 4592
2 1250 4592 4191
2 4191 2834 1250
2 2707 2834 4191
2 2707 4191 2439
2 2439 1789 2707
2 2991 2707 1789
2 2991 1789 2154
2 2154 3485 2991
2 3485 1650 2991
2 1925 2991 1650
2 1650 2758 1925
2 1925 2758 1245
2 2834 1925 1245
2 2834 2707 1925
2 2991 1925 2707
2 1245 2758 1422
2 4196 1422 2758
2 2758 2073 4196
2 2073 992 4196
2 4196 992 1742
2 3275 4196 1742
2 1422 4196 3275
2 1650 2073 2758
2 1650 4451 2073
2 3485 4451 1650
2 3485 4450 4451
2 1882 4451 4450
2 4450 3164 1882
2 3164 4453 1882
2 3095 1882 4453
2 3095 4453 1247
2 3095 1247 871
2 3095 871 3972
2 1247 989 871
2 989 4474 871
2 4474 989 173
2 173 178 4474
2 178 162 4474
2 4467 4474 162
2 162 853 4467
2 162 135 853
2 853 135 112
2 173 1770 178
2 178 1770 207
2 207 4493 178
2 4493 893 178
2 206 178 893
2 206 893 892
2 224 206 892
2 224 892 246
2 540 224 246
2 246 494 540
2 494 541 540
2 540 541 1139
2 1139 1140 540
2 540 1140 224
2 1140 206 224
2 1140 178 206
2 1140 1139 836
2 494 246 264
2 436 494 264
2 2605 436 264
2 2379 2605 264
2 246 2379 264
2 892 2379 246
2 892 896 2379
2 1066 2379 896
2 1066 896 860
2 4068 1066 860
2 3366 4068 860
2 3366 860 858
2 647 3366 858
2 858 3412 647
2 3412 2555 647
2 647 2555 1283
2 3366 647 1283
2 3366 1283 3141
2 4068 3366 3141
2 4068 3141 3044
2 1066 4068 3044
2 3044 2605 1066
2 1066 2605 2379
2 1818 2605 3044
2 3062 1818 3044
2 3044 3141 3062
2 3141 3496 3062
2 3496 4065 3062
2 1155 3062 4065
2 4065 4259 1155
2 4138 1155 4259
2 872 4138 4259
2 2144 872 4259
2 3991 2144 4259
2 2200 3991 4259
2 2200 4259 1824
2 2200 1824 1151
2 1151 3890 2200
2 1258 2200 3890
2 1258 3890 1956
2 1258 1956 2269
2 1258 2269 3991
2 1258 3991 2200
2 2269 1255 3991
2 3991 1255 2144
2 3553 2144 1255
2 1604 3553 1255
2 1255 1605 1604
2 1604 1605 1447
2 2898 1604 1447
2 1938 2898 1447
2 1686 1938 1447
2 1686 1447 1863
2 1686 1863 1805
2 1686 1805 4552
2 4552 4553 1686
2 3652 1686 4553
2 3652 4553 3769
2 1806 3652 3769
2 1806 3769 4551
2 4551 1541 1806
2 1806 1541 1727
2 1938 1806 1727
2 1938 1727 2898
2 1727 1865 2898
2 1865 3451 2898
2 3451 1604 2898
2 3451 3553 1604
2 3451 1141 3553
2 3553 1141 1606
2 3553 1606 4318
2 3553 4318 872
2 2144 3553 872
2 1268 4318 1606
2 1268 1606 961
2 1268 961 198
2 1268 198 181
2 1268 181 209
2 209 4318 1268
2 209 2021 4318
2 225 2021 209
2 209 1124 225
2 209 1120 1124
2 209 181 1120
2 1120 181 169
2 1120 169 150
2 1253 150 169
2 1253 169 181
2 1253 181 168
2 1253 168 4407
2 1253 4407 1313
2 1313 150 1253
2 1183 150 1313
2 4407 4409 1313
2 1313 4409 3000
2 168 143 4407
2 3460 143 168
2 3902 3460 168
2 3902 168 181
2 181 198 3902
2 3902 198 4027
2 1067 3902 4027
2 1382 1067 4027
2 4027 2783 1382
2 2783 2130 1382
2 2130 2706 1382
2 1382 2706 2819
2 1382 2819 1067
2 2819 2830 1067
2 1067 2830 3460
2 1067 3460 3902
2 3460 2830 2506
2 3460 2506 1906
2 3460 1906 1875
2 1875 143 3460
2 143 1875 2776
2 143 2776 105
2 3789 105 2776
2 3789 2776 2156
2 3789 2156 3359
2 89 3789 3359
2 89 3359 115
2 89 115 3967
2 105 89 3967
2 105 3789 89
2 3967 115 4453
2 3164 3967 4453
2 115 1247 4453
2 149 1247 115
2 149 115 2905
2 2905 1770 149
2 1770 173 149
2 173 989 149
2 1247 149 989
2 1615 1770 2905
2 2905 4170 1615
2 4170 1614 1615
2 1615 1614 2612
2 1188 1615 2612
2 1188 2612 3684
2 1188 3684 1953
2 1188 1953 3528
2 3893 1188 3528
2 230 3893 3528
2 230 3528 248
2 248 1368 230
2 230 1368 4493
2 4493 207 230
2 230 207 3893
2 1770 3893 207
2 1770 1615 3893
2 1188 3893 1615
2 1368 1239 4493
2 764 4493 1239
2 4323 764 1239
2 4315 4323 1239
2 1239 821 4315
2 4315 821 2958
2 4315 2958 1104
2 4315 1104 820
2 4315 820 4323
2 1240 4323 820
2 4166 1240 820
2 4242 4166 820
2 4551 4242 820
2 4551 820 1104
2 1541 4551 1104
2 1541 1104 2787
2 1541 2787 1810
2 1541 1810 1727
2 1865 1727 1810
2 1865 1810 1446
2 1865 1446 1141
2 3451 1865 1141
2 1446 961 1141
2 961 1606 1141
2 238 961 1446
2 238 1446 1810
2 2787 238 1810
2 238 2787 258
2 238 258 2783
2 238 2783 4027
2 4027 198 238
2 198 961 238
2 3709 2783 258
2 272 3709 258
2 272 258 3981
2 821 272 3981
2 3981 2958 821
2 3981 2787 2958
2 2787 1104 2958
2 2787 3981 258
2 272 821 248
2 272 248 2168
2 2168 3709 272
2 2145 3709 2168
2 256 2145 2168
2 1953 256 2168
2 1953 2168 3528
2 248 3528 2168
2 256 1953 231
2 231 183 256
2 256 183 265
2 265 2145 256
2 2145 265 2130
2 3709 2145 2130
2 3709 2130 2783
2 2130 265 236
2 2130 236 2706
2 2706 236 212
2 2819 2706 212
2 212 188 2819
2 2819 188 2830
2 2830 188 170
2 2830 170 151
2 2506 2830 151
2 1906 2506 151
2 1906 151 130
2 2134 1906 130
2 2134 130 97
2 2156 2134 97
2 97 108 2156
2 2156 108 2101
2 3359 2156 2101
2 3359 2101 2752
2 115 3359 2752
2 2905 115 2752
2 2905 2752 4170
2 2752 1975 4170
2 1975 145 4170
2 4170 145 1614
2 145 164 1614
2 1614 164 185
2 1614 185 2612
2 3684 2612 185
2 3684 185 208
2 1953 3684 208
2 231 1953 208
2 231 208 183
2 183 208 185
2 185 164 183
2 183 164 145
2 183 145 128
2 183 128 108
2 108 97 183
2 97 130 183
2 151 183 130
2 183 151 170
2 188 183 170
2 188 212 183
2 183 212 236
2 236 265 183
2 2101 108 128
2 1975 2101 128
2 1975 128 145
2 1975 2752 2101
2 1975 128 145
2 183 208 185
2 185 164 183
2 183 164 145
2 1975 128 145
2 1975 2752 2101
2 1975 2752 2101
2 2101 108 128
2 108 97 183
2 2776 2134 2156
2 2776 1875 2134
2 1875 1906 2134
2 97 130 183
2 1875 1906 2134
2 151 183 130
2 183 151 170
2 188 183 170
2 188 212 183
2 183 212 236
2 236 265 183
2 236 265 183
2 231 208 183
2 231 1953 208
2 265 2145 256
2 3709 2145 2130
2 248 3528 2168
2 821 1368 248
2 1239 1368 821
2 2787 3981 258
2 2168 3709 272
2 3709 2130 2783
2 2787 3981 258
2 198 961 238
2 238 1446 1810
2 2787 238 1810
2 2787 1104 2958
2 4551 3815 4242
2 3815 4166 4242
2 3815 4324 4166
2 4324 1240 4166
2 2750 1240 4324
2 2750 4324 765
2 2750 765 858
2 860 2750 858
2 4494 2750 860
2 4496 4494 860
2 860 896 4496
2 893 4496 896
2 892 893 896
2 893 4493 4496
2 4496 4493 764
2 4494 4496 764
2 764 1240 4494
2 1240 2750 4494
2 764 4323 1240
2 4494 4496 764
2 1240 2750 4494
2 3412 858 765
2 4491 3412 765
2 4491 765 1241
2 1241 1370 4491
2 4495 4491 1370
2 1370 3507 4495
2 748 4495 3507
2 3507 1369 748
2 748 1369 3640
2 748 3640 4182
2 2227 748 4182
2 1285 2227 4182
2 4182 2097 1285
2 4264 1285 2097
2 2097 1821 4264
2 4264 1821 3872
2 3542 4264 3872
2 3872 1820 3542
2 1820 3495 3542
2 3542 3495 1285
2 1285 4264 3542
2 1285 3495 2227
2 3495 648 2227
2 2227 648 748
2 2430 748 648
2 3430 2430 648
2 3430 648 2420
2 1284 3430 2420
2 2420 3014 1284
2 3496 1284 3014
2 3496 3014 1824
2 1824 4065 3496
2 4259 4065 1824
2 3014 1151 1824
2 2170 1151 3014
2 1820 2170 3014
2 2420 1820 3014
2 1820 2420 3495
2 3495 2420 648
2 1152 2170 1820
2 3872 1152 1820
2 3936 1152 3872
2 3872 4249 3936
2 3936 4249 2704
2 2704 4157 3936
2 3890 3936 4157
2 3890 4157 3457
2 1270 3890 3457
2 3457 1142 1270
2 1270 1142 1956
2 1270 1956 3890
2 1142 3899 1956
2 1956 3899 1605
2 2269 1956 1605
2 2269 1605 1255
2 1863 1605 3899
2 1863 3899 1864
2 1864 1805 1863
2 1864 1808 1805
2 1805 1808 1543
2 4552 1805 1543
2 1543 4156 4552
2 4553 4552 4156
2 4553 4156 1278
2 4553 1278 3815
2 3769 4553 3815
2 4551 3769 3815
2 3815 1278 4324
2 4324 1278 4078
2 4324 4078 765
2 1241 765 4078
2 1241 4078 1278
2 1241 1278 1279
2 1279 1370 1241
2 1279 3507 1370
2 4325 3507 1279
2 4156 4325 1279
2 4156 1279 1278
2 4156 4542 4325
2 1242 4325 4542
2 4569 1242 4542
2 1105 4569 4542
2 4542 4550 1105
2 4550 1808 1105
2 1465 1105 1808
2 1803 1465 1808
2 962 1803 1808
2 962 1808 1864
2 3899 962 1864
2 962 3899 1142
2 1269 962 1142
2 1269 1142 3457
2 3457 3456 1269
2 3456 4085 1269
2 1269 4085 963
2 1269 963 3975
2 3975 962 1269
2 1803 962 3975
2 3975 3466 1803
2 1803 3466 1465
2 3466 1685 1465
2 1465 1685 4541
2 1465 4541 1544
2 1465 1544 1105
2 1105 1544 4569
2 1544 1280 4569
2 1280 4146 4569
2 4146 1242 4569
2 1242 4146 1369
2 1369 4325 1242
2 4325 1369 3507
2 4146 4238 1369
2 1369 4238 3640
2 3640 4238 2289
2 2983 3640 2289
2 2983 2289 895
2 895 3418 2983
2 3418 750 2983
2 4182 2983 750
2 4182 750 2097
2 3207 2097 750
2 1286 3207 750
2 750 3418 1286
2 3418 3666 1286
2 1288 1286 3666
2 1288 3666 4018
2 1288 4018 2459
2 1288 2459 3305
2 3305 3030 1288
2 1286 1288 3030
2 3030 3207 1286
2 3207 3030 4378
2 4378 2097 3207
2 4378 1821 2097
2 1822 1821 4378
2 4378 3030 1822
2 1822 3030 3604
2 1822 3604 1157
2 4026 1822 1157
2 2685 4026 1157
2 1256 2685 1157
2 1157 3043 1256
2 3066 1256 3043
2 3043 1259 3066
2 3066 1259 1257
2 1257 3364 3066
2 3364 1448 3066
2 3066 1448 1256
2 963 1256 1448
2 1448 1445 963
2 3466 963 1445
2 1685 3466 1445
2 1809 1685 1445
2 1683 1809 1445
2 1683 1445 1448
2 1683 1448 3364
2 3364 1684 1683
2 1683 1684 1682
2 1809 1683 1682
2 1682 3235 1809
2 3235 1685 1809
2 1685 3235 4541
2 3003 4541 3235
2 822 3003 3235
2 3235 4203 822
2 1243 822 4203
2 4203 4326 1243
2 4326 1367 1243
2 1243 1367 766
2 4238 1243 766
2 766 2289 4238
2 766 767 2289
2 767 895 2289
2 895 767 894
2 895 894 3666
2 895 3666 3418
2 2603 3666 894
2 2603 894 3060
2 2603 3060 3257
2 2603 3257 3607
2 4018 2603 3607
2 4018 3607 2459
2 3607 1817 2459
2 2459 1817 3138
2 1738 2459 3138
2 1738 3138 1156
2 1156 3332 1738
2 3332 1259 1738
2 1738 1259 3256
2 3305 1738 3256
2 3256 1153 3305
2 3604 3305 1153
2 1157 3604 1153
2 3043 1157 1153
2 3256 3043 1153
2 3256 1259 3043
2 3604 3030 3305
2 3256 3043 1153
2 1738 3305 2459
2 3256 1259 3043
2 1257 1259 3332
2 1257 3332 2335
2 1257 2335 3329
2 1257 3329 3364
2 3364 3329 1684
2 1684 3329 2441
2 1682 1684 2441
2 2458 1682 2441
2 3617 2458 2441
2 3617 2441 2879
2 3847 3617 2879
2 2879 2082 3847
2 3316 3847 2082
2 2220 3316 2082
2 331 2220 2082
2 331 2082 3852
2 317 331 3852
2 307 317 3852
2 3852 1804 307
2 1804 298 307
2 307 298 322
2 307 322 317
2 317 322 331
2 331 322 336
2 331 336 2220
2 2220 336 346
2 1238 2220 346
2 346 3792 1238
2 3792 4492 1238
2 3242 1238 4492
2 4492 2436 3242
2 2436 3316 3242
2 3242 3316 2220
2 2220 1238 3242
2 2436 2221 3316
2 3316 2221 3847
2 3847 2221 3678
2 3847 3678 3617
2 3678 2458 3617
2 2458 3678 4203
2 3235 2458 4203
2 1682 2458 3235
2 4203 3678 4326
2 4326 3678 2221
2 2163 4326 2221
2 2163 2221 2436
2 2163 2436 1908
2 2163 1908 2527
2 1367 2163 2527
2 2527 767 1367
2 767 766 1367
2 894 767 2527
2 1908 894 2527
2 1908 3060 894
2 1908 3118 3060
2 1065 3060 3118
2 1065 3118 3111
2 1065 3111 343
2 1065 343 334
2 1065 334 1287
2 3257 1065 1287
2 3607 3257 1287
2 1287 1817 3607
2 1287 3578 1817
2 3578 3905 1817
2 3138 1817 3905
2 3138 3905 1156
2 3880 1156 3905
2 1154 3880 3905
2 3578 1154 3905
2 1154 3578 308
2 1154 308 303
2 1154 303 294
2 1154 294 3880
2 3880 294 1260
2 1156 3880 1260
2 1260 2335 1156
2 3332 1156 2335
2 2335 1260 585
2 2335 585 3329
2 585 3748 3329
2 1804 3329 3748
2 1804 3748 584
2 298 1804 584
2 584 322 298
2 288 322 584
2 584 585 288
2 1260 288 585
2 1260 294 288
2 322 288 294
2 322 294 303
2 308 322 303
2 323 322 308
2 3578 323 308
2 1287 323 3578
2 1287 334 323
2 323 334 322
2 334 343 322
2 353 322 343
2 353 343 3111
2 4075 353 3111
2 4075 3111 857
2 857 4492 4075
2 4075 4492 3792
2 3792 360 4075
2 360 353 4075
2 353 360 322
2 346 322 360
2 346 360 3792
2 346 336 322
2 346 360 3792
2 857 1908 4492
2 1908 2436 4492
2 857 3118 1908
2 857 3111 3118
2 857 3111 3118
2 360 353 4075
2 353 360 322
2 323 334 322
2 585 584 3748
2 322 288 294
2 585 584 3748
2 1804 2441 3329
2 1804 2879 2441
2 3852 2879 1804
2 2082 2879 3852
2 585 584 3748
2 1260 288 585
2 1260 294 288
2 322 294 303
2 308 322 303
2 3578 323 308
2 1154 294 3880
2 1156 3880 1260
2 3578 1154 3905
2 1287 323 3578
2 3257 3060 1065
2 1287 334 323
2 334 343 322
2 353 343 3111
2 857 3111 3118
2 3257 3060 1065
2 857 3118 1908
2 4326 2163 1367
2 1908 894 2527
2 1908 2436 4492
2 4326 2163 1367
2 4326 3678 2221
2 2163 2221 2436
2 1908 2436 4492
2 2220 1238 3242
2 4075 4492 3792
2 346 360 3792
2 2220 1238 3242
2 346 336 322
2 346 336 322
2 584 322 298
2 298 1804 584
2 3852 2879 1804
2 307 322 317
2 317 322 331
2 2082 2879 3852
2 331 336 2220
2 3242 3316 2220
2 3316 2221 3847
2 2082 2879 3852
2 3847 3678 3617
2 1804 2879 2441
2 3678 2458 3617
2 1682 2458 3235
2 1804 2441 3329
2 2335 585 3329
2 3332 1156 2335
2 3332 1156 2335
2 3138 3905 1156
2 1738 3305 2459
2 3138 1817 3905
2 1287 1817 3607
2 4018 3666 2603
2 3607 3257 1287
2 3257 3060 1065
2 1908 3060 894
2 4018 3666 2603
2 894 767 2527
2 767 766 1367
2 4146 1243 4238
2 4146 3003 1243
2 822 1243 3003
2 1280 3003 4146
2 3003 1280 4541
2 1544 4541 1280
2 767 766 1367
2 4326 2163 1367
2 4203 3678 4326
2 822 1243 3003
2 3235 2458 4203
2 822 1243 3003
2 3003 1280 4541
2 1682 2458 3235
2 1682 1684 2441
2 3364 3329 1684
2 1809 1683 1682
2 3235 1685 1809
2 963 3466 3975
2 1683 1445 1448
2 4085 1256 963
2 4085 2685 1256
2 2704 2685 4085
2 3456 2704 4085
2 2704 3456 4157
2 3457 4157 3456
2 2704 4026 2685
2 2704 4249 4026
2 1822 4026 4249
2 1821 1822 4249
2 1821 4249 3872
2 1683 1448 3364
2 1257 3329 3364
2 1257 1259 3332
2 3256 1259 3043
2 3066 1448 1256
2 3043 1157 1153
2 4085 2685 1256
2 2704 4026 2685
2 1822 4026 4249
2 1157 3604 1153
2 3604 3030 3305
2 1821 1822 4249
2 4378 3030 1822
2 3604 3030 3305
2 1738 3305 2459
2 4018 3607 2459
2 4018 3666 2603
2 1286 1288 3030
2 895 3666 3418
2 3030 3207 1286
2 4378 2097 3207
2 4182 3640 2983
2 750 3418 1286
2 895 3666 3418
2 767 895 2289
2 4182 3640 2983
2 766 2289 4238
2 4146 1243 4238
2 1280 3003 4146
2 1544 4541 1280
2 1544 4541 1280
2 1685 3235 4541
2 1685 3466 1445
2 963 3466 3975
2 963 3466 3975
2 4085 1256 963
2 3456 2704 4085
2 3457 4157 3456
2 3975 962 1269
2 1803 962 3975
2 1803 3466 1465
2 1465 1544 1105
2 4550 1543 1808
2 4156 1543 4550
2 4542 4156 4550
2 4542 4156 4550
2 1105 1544 4569
2 4146 1242 4569
2 1369 4325 1242
2 4542 4156 4550
2 4325 1369 3507
2 4156 1279 1278
2 1241 4078 1278
2 4156 1279 1278
2 4156 1543 4550
2 4550 1543 1808
2 962 1808 1864
2 3899 962 1864
2 1863 1447 1605
2 962 3899 1142
2 1269 1142 3457
2 1270 1956 3890
2 3457 4157 3456
2 1152 3936 3890
2 1152 3890 2170
2 1151 2170 3890
2 2704 3456 4157
2 2704 4249 4026
2 1821 4249 3872
2 1152 3936 3890
2 1152 3890 2170
2 1151 2170 3890
2 3496 1283 1284
2 1284 1283 2555
2 3430 1284 2555
2 859 3430 2555
2 3412 859 2555
2 3412 4491 859
2 859 4491 4495
2 4495 2430 859
2 859 2430 3430
2 748 2430 4495
2 859 2430 3430
2 3141 1283 3496
2 2420 1820 3014
2 3430 1284 2555
2 3495 2420 648
2 859 2430 3430
2 748 2430 4495
2 3495 2420 648
2 1820 2420 3495
2 3872 1152 1820
2 1285 4264 3542
2 1821 4249 3872
2 4378 1821 2097
2 1285 4264 3542
2 4182 750 2097
2 1285 3495 2227
2 2227 648 748
2 4182 3640 2983
2 1369 4238 3640
2 4325 1369 3507
2 748 2430 4495
2 1279 3507 1370
2 859 4491 4495
2 1279 1370 1241
2 1241 765 4078
2 3412 4491 859
2 4324 4078 765
2 1240 2750 4494
2 3815 1278 4324
2 4551 3769 3815
2 3815 4166 4242
2 4324 1240 4166
2 764 4323 1240
2 4551 820 1104
2 2787 1104 2958
2 3981 2958 821
2 1239 1368 821
2 4315 820 4323
2 764 4323 1240
2 4496 4493 764
2 1239 1368 821
2 821 1368 248
2 248 3528 2168
2 230 207 3893
2 1188 3893 1615
2 1953 2168 3528
2 1953 3684 208
2 3684 2612 185
2 1188 3893 1615
2 1614 185 2612
2 4170 145 1614
2 2905 2752 4170
2 1770 1615 3893
2 2905 115 2752
2 1247 149 989
2 115 3359 2752
2 105 3789 89
2 3359 2156 2101
2 2776 2134 2156
2 105 3789 89
2 2776 1875 2134
2 1875 1906 2134
2 1906 2506 151
2 2506 2830 151
2 2819 188 2830
2 2819 2706 212
2 2130 236 2706
2 3709 2130 2783
2 238 2783 4027
2 1382 2819 1067
2 1067 3460 3902
2 4027 198 238
2 1067 3460 3902
2 1875 143 3460
2 3902 168 181
2 1313 150 1253
2 1253 169 181
2 209 181 1120
2 181 198 3902
2 198 961 238
2 961 1606 1141
2 209 4318 1268
2 961 1606 1141
2 3451 1865 1141
2 3451 1865 1141
2 1865 1727 1810
2 1938 3652 1806
2 1938 1686 3652
2 1541 1810 1727
2 1541 4551 1104
2 4551 3769 3815
2 1938 3652 1806
2 3769 4553 3815
2 1938 1686 3652
2 4553 4552 4156
2 4552 1805 1543
2 1864 1805 1863
2 1863 1447 1605
2 1938 1686 3652
2 1938 1727 2898
2 3451 1604 2898
2 1863 1447 1605
2 2269 1605 1255
2 3451 3553 1604
2 2144 3553 872
2 2269 1605 1255
2 2269 1956 1605
2 1270 1956 3890
2 1258 3991 2200
2 1151 2170 3890
2 3014 1151 1824
2 4259 4065 1824
2 1258 3991 2200
2 3991 1255 2144
2 2144 3553 872
2 1155 4138 1818
2 1155 1818 3062
2 4259 4065 1824
2 1155 1818 3062
2 1824 4065 3496
2 3141 1283 3496
2 1155 1818 3062
2 3044 3141 3062
2 3141 1283 3496
2 1284 1283 2555
2 3412 859 2555
2 3412 858 765
2 3366 647 1283
2 860 2750 858
2 4068 3366 3141
2 1066 4068 3044
2 860 896 4496
2 1066 2605 2379
2 892 893 896
2 1066 2605 2379
2 246 2379 264
2 540 1140 224
2 892 2379 246
2 1140 206 224
2 892 893 896
2 1140 178 206
2 893 4493 4496
2 4493 207 230
2 1770 3893 207
2 1770 173 149
2 173 989 149
2 1247 149 989
2 115 1247 4453
2 3095 1248 1882
2 1882 1248 4451
2 3164 3967 4453
2 3164 4450 1735
2 4450 927 1735
2 4450 3485 927
2 927 3485 2154
2 927 2154 4097
2 2152 4097 2154
2 2152 2154 4405
2 2152 4405 2128
2 1317 2152 2128
2 2128 3549 1317
2 3599 3549 2128
2 2128 486 3599
2 486 3237 3599
2 2753 3599 3237
2 4057 2753 3237
2 3237 474 4057
2 1401 4057 474
2 4584 1401 474
2 474 3260 4584
2 3450 4584 3260
2 3450 3260 4406
2 926 3450 4406
2 4406 2439 926
2 4191 926 2439
2 926 4191 1649
2 1649 3294 926
2 3294 3450 926
2 999 3450 3294
2 3294 925 999
2 925 2331 999
2 2331 4102 999
2 4102 4584 999
2 999 4584 3450
2 2927 4584 4102
2 4102 2966 2927
2 2966 1668 2927
2 2927 1668 1401
2 4584 2927 1401
2 1668 2852 1401
2 1401 2852 3169
2 1401 3169 1185
2 4057 1401 1185
2 1204 4057 1185
2 1185 1052 1204
2 1052 4248 1204
2 4248 1099 1204
2 1207 1204 1099
2 1099 3985 1207
2 1207 3985 1201
2 3599 1207 1201
2 1201 1202 3599
2 1202 3549 3599
2 1201 3985 1202
2 3820 1202 3985
2 3985 3146 3820
2 3730 3146 3985
2 1101 3730 3985
2 1099 1101 3985
2 1099 1100 1101
2 4163 1101 1100
2 4163 1100 1771
2 1771 4469 4163
2 4469 4472 4163
2 4163 4472 704
2 704 1101 4163
2 3730 1101 704
2 2528 3730 704
2 2528 704 2530
2 3992 2528 2530
2 988 3992 2530
2 988 2530 1744
2 1282 988 1744
2 1282 1744 1420
2 1744 1747 1420
2 1420 1747 870
2 1924 870 1747
2 1924 1747 2643
2 2540 1924 2643
2 2540 2643 1741
2 4190 2540 1741
2 4190 1741 1749
2 1749 2904 4190
2 2925 4190 2904
2 3543 2925 2904
2 2904 3342 3543
2 3543 3342 4471
2 987 3543 4471
2 987 4471 76
2 987 76 84
2 987 84 77
2 3029 987 77
2 3029 77 69
2 62 3029 69
2 62 69 46
2 51 62 46
2 37 51 46
2 37 46 29
2 923 37 29
2 923 29 20
2 20 1311 923
2 1311 2598 923
2 923 2598 924
2 2499 923 924
2 924 1737 2499
2 1737 1246 2499
2 3536 2499 1246
2 3536 1246 3743
2 51 3536 3743
2 51 3743 62
2 62 3743 3029
2 3743 1246 3029
2 2734 3029 1246
2 2734 1246 1249
2 4174 2734 1249
2 1249 4452 4174
2 2684 4174 4452
2 904 2684 4452
2 4452 3575 904
2 904 3575 925
2 904 925 1649
2 4592 904 1649
2 4592 1649 4191
2 4592 3277 904
2 904 3277 2684
2 2684 3277 1961
2 2684 1961 2572
2 2684 2572 4174
2 4190 4174 2572
2 4190 2572 2540
2 1961 2540 2572
2 1924 2540 1961
2 1924 1961 870
2 3277 870 1961
2 870 3277 4592
2 4174 4190 2734
2 2734 4190 2925
2 2734 2925 3029
2 3029 2925 3543
2 987 3029 3543
2 1961 2540 2572
2 3277 870 1961
2 870 3277 4592
2 3294 1649 925
2 925 3575 1733
2 925 1733 2331
2 1733 4403 2331
2 4403 2966 2331
2 2331 2966 4102
2 4403 1668 2966
2 4403 1312 1668
2 1668 1312 2936
2 1668 2936 2852
2 3977 2852 2936
2 2936 1184 3977
2 1184 1205 3977
2 2192 3977 1205
2 1205 1723 2192
2 1723 1052 2192
2 3169 2192 1052
2 1185 3169 1052
2 3169 3977 2192
2 3977 3169 2852
2 1723 3474 1052
2 3474 4248 1052
2 1103 4248 3474
2 1103 3474 4147
2 1103 4147 4161
2 1103 4161 1427
2 1771 1103 1427
2 1771 1427 4469
2 4469 1427 4475
2 1743 4469 4475
2 1747 1743 4475
2 4475 4470 1747
2 4470 2643 1747
2 1741 2643 4470
2 3152 1741 4470
2 1426 3152 4470
2 4475 1426 4470
2 1427 1426 4475
2 1427 4161 1426
2 3398 1426 4161
2 4147 3398 4161
2 4147 4079 3398
2 4079 854 3398
2 3398 854 1425
2 3398 1425 1426
2 1425 3152 1426
2 3152 1425 2327
2 3342 3152 2327
2 3342 2327 1424
2 4471 3342 1424
2 4471 1424 3309
2 76 4471 3309
2 67 76 3309
2 67 3309 3282
2 57 67 3282
2 57 3282 3583
2 3583 50 57
2 57 50 46
2 57 46 67
2 46 76 67
2 46 84 76
2 77 84 46
2 69 77 46
2 46 50 19
2 46 19 11
2 8 46 11
2 8 11 1252
2 8 1252 1316
2 1316 20 8
2 20 46 8
2 46 20 29
2 1316 1311 20
2 1314 1311 1316
2 612 1314 1316
2 1316 1252 612
2 2567 612 1252
2 19 2567 1252
2 19 1252 11
2 613 2567 19
2 50 613 19
2 50 3918 613
2 613 3918 1203
2 1203 2567 613
2 1203 612 2567
2 612 1203 1813
2 3946 612 1813
2 3946 1813 2263
2 2908 3946 2263
2 2908 2263 1206
2 1184 2908 1206
2 1184 1206 1205
2 1206 2311 1205
2 1205 2311 1723
2 4079 1723 2311
2 3447 4079 2311
2 1206 3447 2311
2 1206 2263 3447
2 2263 4058 3447
2 4058 2321 3447
2 2321 4079 3447
2 854 4079 2321
2 703 854 2321
2 2664 703 2321
2 2664 2321 4058
2 3583 2664 4058
2 3918 3583 4058
2 3918 4058 1203
2 1813 1203 4058
2 2263 1813 4058
2 50 3583 3918
2 3282 2664 3583
2 2664 3282 703
2 3282 3309 703
2 3309 1424 703
2 1424 854 703
2 854 1424 2327
2 2327 1425 854
2 2664 3282 703
2 1424 854 703
2 2664 2321 4058
2 2263 1813 4058
2 2321 4079 3447
2 4079 4147 1723
2 4147 3474 1723
2 1206 3447 2311
2 473 2908 1184
2 2936 473 1184
2 2936 1312 473
2 2174 473 1312
2 1312 3565 2174
2 1251 2174 3565
2 1251 3565 2598
2 1311 1251 2598
2 1311 1314 1251
2 1251 1314 2425
2 1251 2425 2174
2 2174 2425 3811
2 2174 3811 473
2 473 3811 2908
2 3811 2425 2908
2 2908 2425 3946
2 3946 2425 3787
2 612 3946 3787
2 612 3787 1314
2 3787 2425 1314
2 3787 2425 1314
2 3811 2425 2908
2 3787 2425 1314
2 2598 3565 924
2 1736 924 3565
2 4403 1736 3565
2 4403 3565 1312
2 1733 1736 4403
2 1736 1733 3575
2 1737 1736 3575
2 3575 4452 1737
2 1737 4452 1249
2 1249 1246 1737
2 1736 1737 924
2 1736 1737 924
2 1251 2425 2174
2 4403 3565 1312
2 2174 3811 473
2 473 3811 2908
2 1206 2263 3447
2 2908 2425 3946
2 2263 1813 4058
2 612 3946 3787
2 1813 1203 4058
2 3918 4058 1203
2 50 3583 3918
2 1203 2567 613
2 1203 612 2567
2 612 3787 1314
2 1311 1314 1251
2 1316 1252 612
2 19 1252 11
2 20 46 8
2 19 1252 11
2 50 613 19
2 50 3583 3918
2 3282 2664 3583
2 57 46 67
2 3282 3309 703
2 46 76 67
2 3309 1424 703
2 854 1424 2327
2 3152 3342 2904
2 3152 2904 1749
2 1749 1741 3152
2 2327 1425 854
2 2327 1425 854
2 854 4079 2321
2 4079 4147 1723
2 3398 1425 1426
2 1425 3152 1426
2 1749 1741 3152
2 4475 1426 4470
2 1747 1744 1743
2 1744 4469 1743
2 4472 4469 1744
2 1744 2530 4472
2 704 4472 2530
2 1744 4469 1743
2 1427 1426 4475
2 1100 1103 1771
2 4248 1103 1100
2 1099 4248 1100
2 1427 4161 1426
2 4147 3398 4161
2 4147 3474 1723
2 4248 1103 1100
2 4147 3474 1723
2 1205 2311 1723
2 3169 3977 2192
2 1184 1206 1205
2 2936 473 1184
2 3977 3169 2852
2 2936 1312 473
2 4403 3565 1312
2 1733 1736 4403
2 1736 1733 3575
2 3575 4452 1737
2 904 3277 2684
2 2684 2572 4174
2 1737 4452 1249
2 4174 4190 2734
2 1249 1246 1737
2 2734 2925 3029
2 37 3536 51
2 37 923 3536
2 3536 923 2499
2 3743 1246 3029
2 3536 923 2499
2 1249 1246 1737
2 1736 1737 924
2 3536 923 2499
2 2598 3565 924
2 1311 1251 2598
2 1316 1311 20
2 46 20 29
2 37 923 3536
2 46 20 29
2 37 3536 51
2 51 3743 62
2 69 77 46
2 62 3743 3029
2 69 77 46
2 987 3029 3543
2 77 84 46
2 46 84 76
2 76 4471 3309
2 987 3029 3543
2 4471 3342 1424
2 3152 3342 2904
2 3029 2925 3543
2 2734 4190 2925
2 3152 2904 1749
2 1749 1741 3152
2 4190 2572 2540
2 1741 2643 4470
2 1924 2540 1961
2 4470 2643 1747
2 1924 1961 870
2 1747 1744 1743
2 1744 2530 4472
2 3992 1540 2528
2 1540 3146 2528
2 3146 3730 2528
2 704 4472 2530
2 3146 3730 2528
2 704 4472 2530
2 4472 4469 1744
2 1771 1427 4469
2 1100 1103 1771
2 704 1101 4163
2 1099 4248 1100
2 3730 1101 704
2 3146 3730 2528
2 2753 1207 3599
2 1204 1207 2753
2 2753 4057 1204
2 1201 3985 1202
2 1099 1101 3985
2 1204 1207 2753
2 1099 4248 1100
2 3474 4248 1052
2 1185 3169 1052
2 2753 4057 1204
2 1185 3169 1052
2 3977 3169 2852
2 1668 2936 2852
2 4403 1668 2966
2 2331 2966 4102
2 4584 2927 1401
2 2331 2966 4102
2 925 1733 2331
2 3294 1649 925
2 999 4584 3450
2 3294 1649 925
2 4592 1649 4191
2 4406 2113 2439
2 1789 2439 2113
2 2113 4405 1789
2 2154 1789 4405
2 4405 2113 2128
2 2113 486 2128
2 4406 486 2113
2 3260 486 4406
2 3260 3237 486
2 474 3237 3260
2 4406 486 2113
2 3294 3450 926
2 3260 486 4406
2 999 4584 3450
2 474 3237 3260
2 4584 2927 1401
2 4057 1401 1185
2 474 3237 3260
2 2753 4057 1204
2 2753 1207 3599
2 3260 3237 486
2 2113 486 2128
2 1202 3549 3599
2 2152 1317 2854
2 2854 4097 2152
2 4405 2113 2128
2 2154 1789 4405
2 2854 4097 2152
2 1882 1248 4451
2 4450 3485 927
2 1422 4196 3275
2 1650 2073 2758
2 2991 1925 2707
2 3485 4451 1650
2 927 3485 2154
2 2154 1789 4405
2 2991 1925 2707
2 1789 2439 2113
2 4191 926 2439
2 2834 2707 1925
2 4592 1649 4191
2 870 3277 4592
2 1420 1747 870
2 4191 2834 1250
2 2834 1925 1245
2 1250 3611 1420
2 1282 1744 1420
2 1245 2758 1422
2 1282 988 1744
2 1422 4196 3275
2 988 3992 2530
2 3275 4196 1742
2 3992 1540 2528
2 1540 3146 2528
2 3985 3146 3820
2 3544 3213 2885
2 3820 1202 3985
2 3213 1326 2809
2 1202 3549 3599
2 1326 2848 2809
2 2128 3549 1317
2 2152 1317 2854
2 4408 2848 475
2 2854 4097 2152
2 927 2154 4097
2 4450 927 1735
2 3164 4450 1735
2 3164 3967 4453
2 105 89 3967
2 143 2776 105
2 1735 4044 4352
2 168 143 4407
2 4407 4409 1313
2 1735 4404 4044
2 4408 4404 2854
2 4408 2848 475
2 1313 4409 3000
2 475 2479 3798
2 1313 4409 3000
2 1183 150 1313
2 4297 3951 3798
2 1183 150 1313
2 1120 169 150
2 209 1120 1124
2 1802 2533 555
2 209 1124 225
2 225 2021 209
2 209 2021 4318
2 3553 4318 872
2 872 4138 4259
2 1823 1819 3348
2 1155 4138 1818
2 1818 2605 3044
2 1823 1819 3348
2 2605 436 264
2 1823 2021 249
2 555 249 225
2 1802 2533 555
2 2088 2969 2533
2 4194 2844 3821
2 2533 2223 436
2 436 494 264
2 494 541 540
2 4194 3821 2755
2 540 541 1139
2 1140 1139 836
2 1140 1139 836
2 1140 178 206
2 178 162 4474
2 836 863 837
2 162 135 853
2 853 135 112
2 836 3739 863
2 2510 3739 3464
2 863 2388 112
2 853 135 112
2 88 102 3660
2 162 853 4467
2 4467 4474 162
2 989 4474 871
2 3095 871 3972
2 991 990 3405
2 3095 871 3972
2 3095 1248 1882
2 1882 1248 4451
2 1650 4451 2073
2 2073 992 4196
2 1248 991 4274
2 991 3405 4473
2 4196 992 1742
2 3992 1742 4466
2 3405 4468 4473
2 1538 4468 1539
2 4466 2445 1540
2 1538 1539 4373
2 2445 1899 1540
2 4374 2885 1899
2 1538 1539 4373
2 853 3660 1539
2 3809 3660 102
2 2341 4374 4373
2 4297 1724 4374
2 4297 3951 3798
2 3809 3660 102
2 131 1183 3951
2 88 1656 102
2 672 150 131
2 672 1305 150
2 3990 1124 1305
2 4316 2102 3404
2 1122 2418 3990
2 1122 4184 2418
2 2088 2418 4184
2 2088 2969 2533
2 2969 3214 2223
2 3187 3214 270
2 242 866 2367
2 3530 1079 1078
2 242 866 2367
2 270 1461 242
2 1461 2969 922
2 4184 1123 922
2 1075 866 221
2 866 1075 1079
2 3530 1079 1078
2 3530 1079 1078
2 2367 3530 813
2 3682 833 813
2 1459 3682 1458
2 4296 1078 1455
2 1458 4379 1459
2 2930 1455 1078
2 4379 4500 2933
2 1564 4500 1693
2 1693 1689 1570
2 1689 1691 1570
2 2930 1079 1096
2 1096 1075 180
2 4590 1691 2930
2 1689 1691 1570
2 3591 726 1570
2 4543 3591 3590
2 4165 234 257
2 4250 277 257
2 3590 255 4543
2 4250 277 257
2 2942 2162 4212
2 2162 2186 2725
2 4250 277 257
2 2186 4020 1116
2 4165 234 257
2 4020 2287 1281
2 234 4590 191
2 1235 2595 2287
2 191 4590 180
2 1235 1050 2595
2 141 3274 166
2 1703 141 166
2 141 1703 4415
2 4415 116 141
2 3274 141 116
2 4415 1703 1707
2 1707 4046 4415
2 2708 4046 1707
2 1701 2708 1707
2 4272 1701 1707
2 1707 1703 4272
2 1701 1708 2708
2 1708 4127 2708
2 2708 4127 4046
2 4127 1373 4046
2 4418 1373 4127
2 1708 4418 4127
2 4418 1708 2952
2 4418 2952 2781
2 3233 4418 2781
2 3233 2781 4447
2 3233 4447 2448
2 1764 3233 2448
2 1373 3233 1764
2 1764 4216 1373
2 1373 4418 3233
2 1974 4447 2781
2 2355 4447 1974
2 2355 1974 4446
2 1373 4418 3233
2 4023 2952 1708
2 4023 1708 3865
2 4023 3865 3924
2 3924 3865 1701
2 3865 1708 1701
2 3865 1708 1701
2 1373 4418 3233
2 1708 4418 4127
2 3865 1708 1701
2 2708 4127 4046
2 1707 1703 4272
2 3274 141 116
2 1049 1050 1048
2 2741 1048 4294
2 1835 4294 4008
2 3190 1835 4008
2 86 3190 2709
2 2709 2392 1234
2 1634 4008 2230
2 125 4225 4069
2 125 138 4225
2 138 161 4225
2 4225 161 729
2 3864 161 138
2 3864 138 125
2 3864 138 125
2 2392 1634 2478
2 730 2392 1952
2 4225 161 729
2 1952 733 776
2 4225 161 729
2 1478 1479 733
2 1478 1423 4212
2 255 2942 1423
2 942 4543 255
2 204 4143 229
2 1588 3232 942
2 1714 1588 1462
2 3501 1597 3120
2 1462 3984 1463
2 3120 1597 1007
2 1463 3984 4485
2 2638 4485 4281
2 4281 1468 4486
2 1275 3767 1468
2 3518 1275 3254
2 1467 4485 3323
2 3984 3560 3323
2 1302 3518 3254
2 3343 833 1302
2 3560 3984 1007
2 1999 808 3343
2 1597 2642 1007
2 1999 808 3343
2 808 270 2367
2 3187 3214 270
2 3821 3187 4222
2 245 538 4222
2 263 270 1983
2 1999 2642 1983
2 223 538 245
2 1597 2642 1007
2 223 538 245
2 4209 4222 538
2 4209 3821 4222
2 4194 3821 2755
2 835 1139 2755
2 1138 539 4209
2 835 4285 836
2 3464 3739 4285
2 2510 3739 3464
2 2510 4205 2388
2 2213 4167 4303
2 4205 1656 88
2 672 1656 2102
2 2433 3523 4303
2 4316 2102 3404
2 117 4321 3523
2 1122 3404 4353
2 117 4321 3523
2 4426 142 117
2 142 673 4321
2 4353 4321 673
2 4353 1123 4184
2 221 1123 197
2 180 1075 197
2 1121 673 167
2 166 1235 180
2 1703 141 166
2 1707 1703 4272
2 4282 180 167
2 167 4426 3919
2 4272 1701 1707
2 3919 3770 3986
2 3924 3865 1701
2 3919 3770 3986
2 4023 3865 3924
2 4023 2952 1708
2 4418 2952 2781
2 1974 4447 2781
2 1705 2721 702
2 2355 1974 4446
2 702 2494 1093
2 3695 3922 3688
2 4445 2900 3922
2 4446 2494 2900
2 2355 1974 4446
2 2355 4447 1974
2 3233 4447 2448
2 1764 3233 2448
2 1764 4216 1373
2 3319 4216 3642
2 1764 4216 1373
2 4127 1373 4046
2 1707 4046 4415
2 3850 3319 90
2 4415 116 141
2 3274 141 116
2 1048 3274 1859
2 3125 90 93
2 2230 4294 1859
2 2478 2230 4069
2 3125 90 93
2 125 4225 4069
2 93 3319 1475
2 3864 138 125
2 4462 1475 1080
2 3864 161 138
2 176 1212 163
2 161 732 733
2 1478 732 204
2 204 4143 229
2 2871 1588 4143
2 1597 3501 2871
2 223 1597 205
2 1138 223 205
2 3189 835 1138
2 176 1212 163
2 835 3189 4482
2 4482 862 3464
2 144 122 862
2 163 1212 4580
2 3959 122 144
2 4464 3959 1211
2 4580 1212 1535
2 3493 1211 3154
2 1535 3864 4462
2 1080 2847 4462
2 3493 1211 3154
2 4464 1211 3493
2 4201 2215 4464
2 1940 3327 4201
2 3399 1598 4305
2 4465 4202 4201
2 4465 3493 4478
2 4478 3154 2847
2 1080 3644 2847
2 4095 4461 4089
2 3644 1080 3642
2 4216 3587 3642
2 1764 1878 3587
2 4095 4461 4089
2 1878 2448 2970
2 2970 4447 4443
2 4288 4443 4289
2 1082 4095 2970
2 4095 4461 4089
2 3644 4461 4271
2 4271 2613 4478
2 4461 2385 3758
2 4095 3736 2385
2 1534 2613 3758
2 1598 4465 2613
2 3399 1598 4305
2 4479 3074 3723
2 3483 3723 717
2 4305 2525 4113
2 4144 3914 2525
2 4563 1555 2307
2 3914 4144 3206
2 3914 3206 973
2 3935 4421 4425
2 4425 4422 3935
2 4425 4427 4422
2 4422 4427 2514
2 4425 4421 4359
2 4359 4275 4425
2 3224 4275 4359
2 4425 4422 3935
2 973 3219 4113
2 4422 4427 2514
2 3219 1940 4202
2 1940 3327 4201
2 1146 4201 3327
2 1146 2171 4201
2 2171 2215 4201
2 3959 2215 4256
2 3959 4256 122
2 3911 862 122
2 3911 4167 2213
2 4197 91 95
2 4167 2433 4303
2 2433 117 3523
2 117 4419 4426
2 4197 91 95
2 4197 2171 4424
2 4426 4419 3770
2 4424 1146 4319
2 3822 3924 3770
2 1146 984 4319
2 984 1940 2514
2 4422 4427 2514
2 3924 3822 4276
2 4425 4427 4422
2 4359 4275 4425
2 4023 4276 2721
2 1705 2721 702
2 3224 4275 4359
2 702 2494 1093
2 3922 2900 2494
2 3695 3922 3688
2 702 3224 2529
2 2529 4204 3688
2 3695 3922 3688
2 1765 2550 4448
2 4448 2663 3524
2 3524 3695 4417
2 3049 4445 3695
2 1081 3878 4444
2 4299 4445 3049
2 4445 4299 4289
2 4288 4443 4289
2 3471 1321 3715
2 4288 3302 1082
2 3736 4095 3302
2 3074 1534 3736
2 4479 3074 3723
2 3483 3723 717
2 3483 3723 717
2 721 2525 3483
2 721 1617 2525
2 1555 1617 2615
2 2893 1145 2252
2 4215 3696 2615
2 1555 1617 2615
2 4563 1555 2307
2 1145 4152 985
2 4563 1555 2307
2 3206 4563 4421
2 4425 4421 4359
2 3224 4275 4359
2 3224 4360 4204
2 2471 4563 3311
2 4204 4360 3459
2 2307 2257 3311
2 4279 3459 4280
2 2307 4428 2257
2 4279 3459 4280
2 701 3336 3124
2 4279 4417 3688
2 3185 699 4417
2 701 3336 3124
2 3185 699 4417
2 4283 699 3468
2 3468 1419 4283
2 4416 700 3500
2 4416 1706 700
2 1700 700 1706
2 1706 4362 1700
2 4002 4283 1419
2 4002 4045 1762
2 4416 700 3500
2 31 3409 23
2 31 23 45
2 39 31 45
2 52 39 45
2 52 45 61
2 3906 52 61
2 3906 39 52
2 39 3906 3409
2 39 3409 31
2 61 45 71
2 61 71 1474
2 788 1474 71
2 79 788 71
2 79 71 45
2 45 80 79
2 79 80 1531
2 79 1531 788
2 72 1531 80
2 80 45 72
2 45 63 72
2 80 45 72
2 79 1531 788
2 79 71 45
2 3906 39 52
2 39 3409 31
2 39 3409 31
2 4414 4045 3500
2 4002 4045 1762
2 39 3906 3409
2 3906 52 61
2 61 71 1474
2 1762 3906 1318
2 4291 4002 1762
2 1888 1474 1320
2 4002 4291 1765
2 1765 2550 4448
2 4192 2663 2550
2 4444 4192 1081
2 1081 3878 4444
2 3878 4252 3049
2 3471 4299 4252
2 1081 1577 4460
2 4460 3968 3471
2 3471 1321 3715
2 3673 3302 1321
2 3074 3673 1893
2 3968 1533 4173
2 1893 3722 717
2 721 3722 4476
2 3819 1533 3968
2 721 4476 2394
2 4215 2615 2394
2 4186 4215 3437
2 4215 3258 3280
2 3258 4476 3819
2 3968 1577 3819
2 4192 1927 1577
2 3280 1532 3437
2 4477 3437 1213
2 1579 1213 1580
2 2968 1532 1927
2 4192 3498 1927
2 3498 2550 1083
2 1579 1213 1580
2 1578 1579 4459
2 1320 1083 1765
2 4459 1473 1578
2 1888 1474 1320
2 788 1474 71
2 1473 1530 1578
2 79 1531 788
2 1530 2657 1213
2 2657 3046 4186
2 3046 1616 4186
2 2630 1758 1616
2 1210 2064 2657
2 1530 1531 1210
2 72 1531 80
2 2630 4463 3766
2 45 63 72
2 3766 55 3616
2 45 63 72
2 3766 55 3616
2 45 41 55
2 14 24 45
2 14 45 4
2 14 4420 24
2 14 4420 24
2 33 3616 41
2 3766 3616 1759
2 3930 970 4420
2 1759 2630 3766
2 2630 1758 1616
2 4129 2893 1758
2 1759 3930 4179
2 4129 4139 4152
2 2299 3930 4420
2 4129 4139 4152
2 1145 4152 985
2 2307 985 4428
2 4428 3124 4280
2 4139 4361 4423
2 701 3336 3124
2 698 3468 701
2 4361 4159 4017
2 4416 1419 698
2 4416 1706 700
2 4361 4159 4017
2 1706 4362 1700
2 4159 4139 2299
2 2299 3930 4420
2 14 4420 24
2 1706 4362 1700
2 14 45 4
2 1700 700 1706
2 23 4414 700
2 31 23 45
2 14 45 4
2 13 700 4
