1 38 45 26
1 26 52 38
1 52 85 38
1 85 52 117
1 157 85 117
1 117 170 157
1 210 157 170
1 210 170 220
1 210 220 178
1 164 210 178
1 164 178 128
1 164 128 99
1 99 128 86
1 99 86 56
1 45 99 56
1 45 56 26
1 56 43 26
1 981 26 43
1 66 981 43
1 43 87 66
1 114 66 87
1 141 114 87
1 80 141 87
1 80 87 43
1 56 80 43
1 56 86 80
1 80 86 147
1 147 141 80
1 147 190 141
1 184 141 190
1 190 217 184
1 212 184 217
1 181 212 217
1 217 220 181
1 181 220 142
1 124 181 142
1 67 124 142
1 117 67 142
1 142 170 117
1 220 170 142
1 117 52 67
1 67 52 26
1 981 67 26
1 981 76 67
1 124 67 76
1 76 5906 124
1 181 124 5906
1 181 5906 212
1 5906 2717 212
1 7629 212 2717
1 7629 2717 2946
1 8768 7629 2946
1 6790 8768 2946
1 7946 6790 2946
1 2227 7946 2946
1 2227 2946 4783
1 2227 4783 192
1 2227 192 6532
1 7759 2227 6532
1 1941 7759 6532
1 8738 1941 6532
1 8738 6532 192
1 8738 192 1748
1 1421 8738 1748
1 1421 1748 5513
1 5513 5902 1421
1 5902 89 1421
1 89 6112 1421
1 6112 8738 1421
1 6112 1941 8738
1 64 1941 6112
1 64 6112 7009
1 1802 64 7009
1 1802 7009 1801
1 1802 1801 8154
1 1802 8154 3140
1 3140 8452 1802
1 8452 6870 1802
1 6870 64 1802
1 2838 64 6870
1 6870 6838 2838
1 6838 83 2838
1 83 6588 2838
1 6588 4491 2838
1 4491 64 2838
1 64 4491 1941
1 4491 7759 1941
1 4491 1788 7759
1 2227 7759 1788
1 2227 1788 7946
1 7946 1788 4494
1 6790 7946 4494
1 4494 1800 6790
1 1800 97 6790
1 6790 97 167
1 6790 167 8768
1 167 7629 8768
1 167 212 7629
1 167 184 212
1 114 184 167
1 97 114 167
1 97 66 114
1 66 97 50
1 50 981 66
1 50 36 981
1 76 981 36
1 76 36 5293
1 76 5293 5906
1 5906 5293 3440
1 5906 3440 2717
1 2717 3440 6466
1 2717 6466 2946
1 6466 2427 2946
1 2946 2427 4783
1 4783 2427 192
1 2427 7184 192
1 7184 1748 192
1 3441 1748 7184
1 3441 7184 2427
1 3441 2427 5471
1 3441 5471 83
1 83 6838 3441
1 6838 3439 3441
1 7570 3441 3439
1 7570 3439 173
1 5513 7570 173
1 173 2719 5513
1 5513 2719 5902
1 5902 2719 3259
1 3259 89 5902
1 6337 89 3259
1 4839 6337 3259
1 5815 4839 3259
1 3259 6439 5815
1 5815 6439 9275
1 5815 9275 162
1 9271 5815 162
1 9271 162 145
1 145 60 9271
1 9271 60 5663
1 9271 5663 4839
1 9271 4839 5815
1 5663 8342 4839
1 8342 6337 4839
1 8342 1801 6337
1 6337 1801 89
1 89 1801 7009
1 7009 6112 89
1 4794 1801 8342
1 4794 8342 5663
1 4794 5663 8551
1 4794 8551 5494
1 4794 5494 3140
1 8154 4794 3140
1 1801 4794 8154
1 3140 5494 110
1 3140 110 3879
1 3140 3879 8452
1 8452 3879 3439
1 3439 6870 8452
1 3439 6838 6870
1 3439 3879 173
1 7395 173 3879
1 7395 3879 110
1 7395 110 9117
1 9117 2719 7395
1 173 7395 2719
1 9117 6439 2719
1 3259 2719 6439
1 2640 6439 9117
1 9117 110 2640
1 7463 2640 110
1 110 2040 7463
1 7463 2040 1468
1 7463 1468 2640
1 2640 1468 194
1 194 221 2640
1 2640 221 9275
1 2640 9275 6439
1 9275 221 162
1 221 9499 162
1 162 9499 145
1 9499 123 145
1 145 123 60
1 123 68 60
1 68 34 60
1 34 5663 60
1 8551 5663 34
1 34 2040 8551
1 8551 2040 5494
1 5494 2040 110
1 34 59 2040
1 1468 2040 59
1 103 1468 59
1 59 81 103
1 165 103 81
1 133 165 81
1 133 81 68
1 68 123 133
1 123 191 133
1 191 224 133
1 133 224 165
1 165 224 241
1 165 241 197
1 165 197 103
1 197 156 103
1 156 1468 103
1 156 194 1468
1 3669 194 156
1 230 3669 156
1 156 197 230
1 241 230 197
1 230 241 9970
1 9970 306 230
1 306 248 230
1 248 3669 230
1 248 233 3669
1 3669 233 194
1 194 233 221
1 233 229 221
1 221 229 9499
1 227 9499 229
1 227 229 2854
1 302 227 2854
1 2854 7274 302
1 7274 246 302
1 302 246 224
1 302 224 191
1 191 227 302
1 191 123 227
1 227 123 9499
1 246 318 224
1 241 224 318
1 241 318 327
1 241 327 9970
1 3600 9970 327
1 357 3600 327
1 357 327 318
1 354 357 318
1 354 318 246
1 354 246 7274
1 354 7274 9800
1 8600 354 9800
1 9602 8600 9800
1 9800 7360 9602
1 9602 7360 6602
1 6602 8600 9602
1 6602 3267 8600
1 2442 8600 3267
1 2442 3267 5979
1 5979 1659 2442
1 1659 357 2442
1 354 2442 357
1 2442 354 8600
1 357 1659 3600
1 1659 3601 3600
1 3600 3601 9770
1 3600 9770 306
1 306 9970 3600
1 248 306 9770
1 248 9770 321
1 248 321 250
1 248 250 233
1 233 250 229
1 2854 229 250
1 321 2854 250
1 2854 321 3494
1 7274 2854 3494
1 9800 7274 3494
1 3494 3495 9800
1 9800 3495 7360
1 7360 3495 2793
1 7360 2793 6602
1 6602 2793 9514
1 9514 9302 6602
1 9302 3267 6602
1 8564 3267 9302
1 8564 9302 4069
1 2988 8564 4069
1 2988 4069 8482
1 2988 8482 5986
1 2988 5986 2436
1 2436 8406 2988
1 8406 8564 2988
1 8406 2439 8564
1 5979 8564 2439
1 5979 2439 9062
1 5979 9062 1659
1 9062 1706 1659
1 3601 1659 1706
1 3601 1706 1698
1 1698 9770 3601
1 321 9770 1698
1 9256 321 1698
1 1237 9256 1698
1 1237 1698 1699
1 1237 1699 8652
1 1237 8652 3495
1 1237 3495 3494
1 3494 9256 1237
1 3494 321 9256
1 8652 1238 3495
1 2793 3495 1238
1 4475 2793 1238
1 7318 4475 1238
1 7318 1238 9539
1 7318 9539 2849
1 1243 7318 2849
1 7030 1243 2849
1 2849 6124 7030
1 8642 7030 6124
1 6124 2436 8642
1 2436 9202 8642
1 9202 5058 8642
1 8642 5058 9771
1 9771 7030 8642
1 7030 9771 3278
1 6191 7030 3278
1 4637 6191 3278
1 5150 4637 3278
1 3278 9771 5150
1 9771 9767 5150
1 5150 9767 9834
1 9834 7994 5150
1 7994 4637 5150
1 4637 7994 2678
1 3731 4637 2678
1 3731 2678 9960
1 7567 3731 9960
1 4102 7567 9960
1 2454 4102 9960
1 2454 9960 8080
1 2454 8080 1879
1 6799 2454 1879
1 2453 6799 1879
1 2453 1879 7397
1 2453 7397 9956
1 2447 2453 9956
1 2447 9956 9950
1 9950 2986 2447
1 2447 2986 2437
1 2437 2453 2447
1 6284 2453 2437
1 1667 6284 2437
1 1667 2437 8869
1 1667 8869 8265
1 1667 8265 1708
1 7772 1667 1708
1 7667 7772 1708
1 7667 1708 9350
1 9834 7667 9350
1 9128 9834 9350
1 9128 9350 9836
1 9837 9128 9836
1 9832 9837 9836
1 9836 8659 9832
1 9766 9832 8659
1 8265 9766 8659
1 8265 8659 1708
1 9836 1708 8659
1 9350 1708 9836
1 9766 8265 3602
1 3602 1702 9766
1 9831 9766 1702
1 9831 1702 1703
1 9831 1703 9833
1 3503 9831 9833
1 9833 1244 3503
1 9803 3503 1244
1 9803 1244 9804
1 9804 9957 9803
1 9371 9803 9957
1 1934 9371 9957
1 1934 9957 2992
1 1934 2992 7862
1 1934 7862 2438
1 2986 1934 2438
1 2986 2438 4754
1 2986 4754 2437
1 3602 2437 4754
1 3602 4754 5775
1 3602 5775 1702
1 5775 1665 1702
1 1665 1703 1702
1 1665 2842 1703
1 1703 2842 9833
1 9941 9833 2842
1 2842 1697 9941
1 9941 1697 1075
1 1244 9941 1075
1 1244 1075 9804
1 1075 9802 9804
1 4925 9804 9802
1 9802 9840 4925
1 4925 9840 2456
1 2992 4925 2456
1 1897 2992 2456
1 2456 5715 1897
1 9772 1897 5715
1 4940 9772 5715
1 3603 4940 5715
1 5715 8020 3603
1 2862 3603 8020
1 1953 2862 8020
1 7516 1953 8020
1 7516 8020 5715
1 2456 7516 5715
1 2456 9840 7516
1 7516 9840 9290
1 1953 7516 9290
1 1953 9290 9839
1 1953 9839 8594
1 1953 8594 2862
1 2862 8594 8006
1 8006 8054 2862
1 8054 9407 2862
1 9407 3603 2862
1 9407 9768 3603
1 8519 3603 9768
1 8519 9768 9835
1 9835 9769 8519
1 9769 3603 8519
1 4940 3603 9769
1 9772 4940 9769
1 9772 9769 8817
1 9772 8817 2842
1 9772 2842 8804
1 9772 8804 1897
1 8804 1665 1897
1 7862 1897 1665
1 2438 7862 1665
1 5775 2438 1665
1 5775 4754 2438
1 2992 1897 7862
1 8804 2842 1665
1 8804 2842 1665
1 1697 2842 8817
1 1697 8817 9769
1 9769 9621 1697
1 9621 9373 1697
1 1697 9373 1075
1 1075 9373 9802
1 9373 1880 9802
1 9296 9802 1880
1 9951 9296 1880
1 9951 1880 9591
1 9951 9591 9838
1 9951 9838 8846
1 8846 9839 9951
1 9951 9839 9290
1 9951 9290 9840
1 9840 9296 9951
1 9840 9802 9296
1 9801 9839 8846
1 8846 9838 9801
1 9801 9838 8670
1 908 9801 8670
1 908 8670 907
1 907 8670 8697
1 907 8697 912
1 912 8697 8616
1 912 8616 919
1 919 8616 8054
1 8054 925 919
1 925 8054 8006
1 8006 8594 925
1 8594 926 925
1 8827 926 8594
1 8827 8594 9839
1 9801 8827 9839
1 9801 917 8827
1 926 8827 917
1 9801 913 917
1 913 9801 908
1 926 8827 917
1 8616 9768 8054
1 8054 9768 9407
1 8616 8697 9768
1 8697 1693 9768
1 9768 1693 9835
1 1693 9591 9835
1 1880 9835 9591
1 9835 1880 9373
1 9835 9373 9621
1 9769 9835 9621
1 1693 9838 9591
1 1693 8697 9838
1 8697 8670 9838
1 1693 8697 9838
1 8616 8697 9768
1 8697 8670 9838
1 913 9801 908
1 8697 8670 9838
1 9801 8827 9839
1 8846 9838 9801
1 1693 9838 9591
1 1880 9835 9591
1 9840 9296 9951
1 9840 9802 9296
1 9835 1880 9373
1 9835 9373 9621
1 9769 9835 9621
1 1697 8817 9769
1 9769 9835 9621
1 9768 1693 9835
1 9769 3603 8519
1 8054 9768 9407
1 8054 9768 9407
1 925 8054 8006
1 8006 8594 925
1 8827 8594 9839
1 9951 9839 9290
1 9951 9290 9840
1 1953 7516 9290
1 1953 8594 2862
1 9407 3603 2862
1 7516 8020 5715
1 4940 3603 9769
1 9772 4940 9769
1 9772 8804 1897
1 2456 7516 5715
1 2992 1897 7862
1 9957 4925 2992
1 9957 9804 4925
1 2456 9840 7516
1 9840 9802 9296
1 9957 9804 4925
1 1075 9373 9802
1 1244 9833 9941
1 1697 9373 1075
1 1697 2842 8817
1 1244 9833 9941
1 8804 2842 1665
1 5775 2438 1665
1 5775 4754 2438
1 8869 2437 3602
1 8869 3602 8265
1 5775 4754 2438
1 2986 9371 1934
1 9371 2986 9950
1 9371 9950 9803
1 8350 9803 9950
1 1884 8350 9950
1 9950 9956 1884
1 8042 1884 9956
1 1888 8042 9956
1 9956 7397 1888
1 7397 1879 1888
1 6244 1888 1879
1 8080 6244 1879
1 2678 6244 8080
1 9960 2678 8080
1 2678 7994 6244
1 7994 3500 6244
1 6244 3500 1888
1 9837 1888 3500
1 3500 9128 9837
1 3500 9834 9128
1 9834 3500 7994
1 1888 9837 8042
1 8042 9837 3502
1 1884 8042 3502
1 1884 3502 3497
1 3497 8350 1884
1 3497 9803 8350
1 3503 9803 3497
1 9831 3503 3497
1 9832 9831 3497
1 3502 9832 3497
1 3502 9837 9832
1 9766 9831 9832
1 3502 9832 3497
1 3502 9837 9832
1 9834 3500 7994
1 6244 3500 1888
1 1888 9837 8042
1 1884 8042 3502
1 3497 8350 1884
1 3497 9803 8350
1 2438 7862 1665
1 2992 1897 7862
1 9957 4925 2992
1 2986 9371 1934
1 9371 9950 9803
1 9957 9804 4925
1 1244 1075 9804
1 3503 9803 3497
1 1244 9833 9941
1 9831 3503 3497
1 1703 2842 9833
1 1665 1703 1702
1 9766 9831 9832
1 3602 5775 1702
1 8869 3602 8265
1 9766 9831 9832
1 9836 1708 8659
1 3502 9837 9832
1 3500 9128 9837
1 9350 1708 9836
1 3500 9834 9128
1 9767 7667 9834
1 7667 9767 2877
1 2877 7772 7667
1 7772 2877 2440
1 1667 7772 2440
1 1667 2440 6284
1 2440 2453 6284
1 6799 2453 2440
1 2454 6799 2440
1 6580 2454 2440
1 6580 2440 2877
1 6580 2877 5363
1 2435 6580 5363
1 2435 5363 5058
1 6625 2435 5058
1 6625 5058 5986
1 8482 6625 5986
1 9959 6625 8482
1 8770 9959 8482
1 8770 8482 4069
1 1236 8770 4069
1 1236 4069 9302
1 1236 9302 9514
1 9514 2793 1236
1 2793 4475 1236
1 4475 8878 1236
1 8770 1236 8878
1 8770 8878 3764
1 5269 8770 3764
1 7567 5269 3764
1 3764 3731 7567
1 3764 6191 3731
1 6191 4637 3731
1 3764 1243 6191
1 6191 1243 7030
1 3764 4475 1243
1 1243 4475 7318
1 4475 3764 8878
1 7567 9959 5269
1 9959 8770 5269
1 4102 9959 7567
1 9959 4102 2435
1 9959 2435 6625
1 4102 2454 2435
1 6580 2435 2454
1 9959 8770 5269
1 4475 3764 8878
1 4475 3764 8878
1 8770 1236 8878
1 9959 8770 5269
1 9959 2435 6625
1 5986 5058 9202
1 5986 9202 2436
1 9959 2435 6625
1 9771 5058 5363
1 9771 5363 9767
1 9767 5363 2877
1 6580 2435 2454
1 9767 5363 2877
1 6580 2435 2454
1 6580 2440 2877
1 9767 5363 2877
1 9350 1708 9836
1 2877 7772 7667
1 1667 7772 2440
1 8265 8659 1708
1 8869 3602 8265
1 8869 2437 3602
1 1667 2440 6284
1 2440 2453 6284
1 2986 4754 2437
1 9371 2986 9950
1 9950 9956 1884
1 2437 2453 2447
1 9956 7397 1888
1 7397 1879 1888
1 6799 2453 2440
1 2454 6799 2440
1 8080 6244 1879
1 9960 2678 8080
1 4102 2454 2435
1 4102 9959 7567
1 3764 3731 7567
1 9960 2678 8080
1 6191 4637 3731
1 2678 7994 6244
1 9834 3500 7994
1 9767 7667 9834
1 9771 5363 9767
1 7994 4637 5150
1 6191 4637 3731
1 6191 1243 7030
1 3278 9771 5150
1 9771 5058 5363
1 5986 5058 9202
1 5986 9202 2436
1 9300 2436 6124
1 6124 2849 9300
1 9300 2849 9539
1 9300 9539 1705
1 1705 2436 9300
1 1705 8406 2436
1 1705 2439 8406
1 1705 8702 2439
1 8702 1706 2439
1 2439 1706 9062
1 1699 1706 8702
1 1699 8702 1705
1 1705 4405 1699
1 1238 1699 4405
1 1238 4405 9539
1 1705 9539 4405
1 8652 1699 1238
1 1705 9539 4405
1 1706 1699 1698
1 1699 8702 1705
1 1705 9539 4405
1 1705 2436 9300
1 9771 7030 8642
1 6124 2849 9300
1 6191 1243 7030
1 1243 4475 7318
1 9300 2849 9539
1 1238 4405 9539
1 1243 4475 7318
1 2793 4475 1236
1 8652 1699 1238
1 8652 1699 1238
1 1706 1699 1698
1 3494 9256 1237
1 3494 321 9256
1 1706 1699 1698
1 2439 1706 9062
1 2439 1706 9062
1 5979 3267 8564
1 1705 2439 8406
1 1705 8406 2436
1 5986 9202 2436
1 8482 6625 5986
1 8770 8482 4069
1 8406 8564 2988
1 1236 4069 9302
1 5979 3267 8564
1 1236 9302 9514
1 9514 2793 1236
1 2793 3495 1238
1 1237 3495 3494
1 3494 321 9256
1 321 2854 250
1 321 9770 1698
1 1698 9770 3601
1 3601 1659 1706
1 5979 9062 1659
1 5979 3267 8564
1 2442 354 8600
1 9302 3267 6602
1 7360 2793 6602
1 9800 3495 7360
1 6602 8600 9602
1 2442 354 8600
1 9800 7274 3494
1 354 2442 357
1 357 1659 3600
1 306 9970 3600
1 357 327 318
1 354 318 246
1 354 246 7274
1 7274 2854 3494
1 191 227 302
1 2854 229 250
1 227 123 9499
1 233 250 229
1 248 250 233
1 248 306 9770
1 306 9970 3600
1 241 327 9970
1 248 3669 230
1 3669 233 194
1 156 197 230
1 241 230 197
1 241 224 318
1 302 224 191
1 191 123 227
1 59 68 81
1 59 34 68
1 133 224 165
1 165 197 103
1 59 68 81
1 156 1468 103
1 59 34 68
1 59 34 68
1 68 123 133
1 227 123 9499
1 221 229 9499
1 194 233 221
1 156 194 1468
1 1468 2040 59
1 5494 2040 110
1 7463 1468 2640
1 2640 9275 6439
1 9117 110 2640
1 173 7395 2719
1 7395 3879 110
1 5494 2040 110
1 8551 2040 5494
1 8551 5663 34
1 1801 4794 8154
1 4794 8342 5663
1 34 5663 60
1 145 123 60
1 162 9499 145
1 9271 4839 5815
1 9275 221 162
1 2640 9275 6439
1 3259 2719 6439
1 9271 4839 5815
1 8342 6337 4839
1 6337 1801 89
1 3259 2719 6439
1 173 7395 2719
1 5513 1748 7570
1 3441 7570 1748
1 3439 3879 173
1 3441 7570 1748
1 3439 6838 6870
1 5471 6530 83
1 83 6530 4694
1 83 4694 6588
1 4694 1788 6588
1 1788 4491 6588
1 4694 4494 1788
1 4494 4694 36
1 4494 36 1800
1 1800 36 50
1 50 97 1800
1 5293 36 4694
1 6530 5293 4694
1 6530 3440 5293
1 5471 3440 6530
1 5471 2427 3440
1 6466 3440 2427
1 6530 5293 4694
1 5471 3440 6530
1 5471 2427 3440
1 3441 7570 1748
1 3441 7184 2427
1 6466 3440 2427
1 6466 3440 2427
1 6530 3440 5293
1 5293 36 4694
1 1800 36 50
1 50 97 1800
1 184 114 141
1 97 114 167
1 50 97 1800
1 4494 36 1800
1 4694 4494 1788
1 1788 4491 6588
1 1788 4491 6588
1 83 4694 6588
1 83 6838 3441
1 3439 6838 6870
1 4491 64 2838
1 3439 6870 8452
1 3140 3879 8452
1 8154 4794 3140
1 1801 4794 8154
1 89 1801 7009
1 6870 64 1802
1 7009 6112 89
1 64 4491 1941
1 7009 6112 89
1 3259 89 5902
1 5513 2719 5902
1 5513 1748 7570
1 6112 8738 1421
1 7184 1748 192
1 6112 1941 8738
1 4491 7759 1941
1 2227 7759 1788
1 8738 6532 192
1 4783 2427 192
1 2946 2427 4783
1 2227 1788 7946
1 6790 7946 4494
1 6790 167 8768
1 167 7629 8768
1 2717 6466 2946
1 167 212 7629
1 5906 3440 2717
1 76 5293 5906
1 76 981 36
1 124 67 76
1 181 124 5906
1 220 170 142
1 217 190 220
1 190 178 220
1 190 147 178
1 147 128 178
1 128 147 86
1 181 5906 212
1 167 184 212
1 217 190 220
1 184 114 141
1 190 147 178
1 128 147 86
1 147 141 80
1 184 114 141
1 97 66 114
1 80 87 43
1 50 981 66
1 981 67 26
1 56 80 43
1 56 86 80
1 128 147 86
1 147 128 178
1 190 178 220
1 220 170 142
1 142 170 117
1 117 52 67
1 67 52 26
1 45 56 26
2 719 725 718
2 719 718 729
2 719 729 737
2 719 737 727
2 720 719 727
2 720 727 724
2 724 9697 720
2 9697 726 720
2 719 720 726
2 719 726 725
2 726 740 725
2 726 742 740
2 759 740 742
2 759 742 749
2 780 759 749
2 780 749 783
2 2547 780 783
2 778 2547 783
2 778 783 9523
2 778 9523 767
2 750 778 767
2 2302 750 767
2 2303 2302 767
2 9523 2303 767
2 3665 2303 9523
2 3665 9523 783
2 3665 783 761
2 3665 761 1674
2 3665 1674 7624
2 1720 3665 7624
2 1720 7624 1675
2 1720 1675 2235
2 2235 2301 1720
2 2301 9055 1720
2 9055 2303 1720
2 3665 1720 2303
2 5002 2303 9055
2 5002 9055 9672
2 5589 5002 9672
2 8158 5589 9672
2 8158 9672 2301
2 2519 8158 2301
2 2519 2301 8150
2 5703 2519 8150
2 8150 3037 5703
2 5703 3037 8988
2 5703 8988 9297
2 9297 3611 5703
2 3611 2519 5703
2 3611 9376 2519
2 731 2519 9376
2 731 9376 2546
2 2546 9696 731
2 9696 6029 731
2 8158 731 6029
2 6154 8158 6029
2 6154 6029 2863
2 8799 6154 2863
2 728 8799 2863
2 728 2863 9528
2 728 9528 9697
2 9060 728 9697
2 724 9060 9697
2 736 9060 724
2 736 724 738
2 736 738 750
2 2302 736 750
2 736 2302 728
2 736 728 9060
2 2302 5589 728
2 5589 8799 728
2 5589 6154 8799
2 5589 8158 6154
2 5589 2302 5002
2 2302 2303 5002
2 738 751 750
2 778 750 751
2 751 2547 778
2 745 2547 751
2 751 738 745
2 745 738 727
2 745 727 737
2 747 745 737
2 747 737 729
2 747 729 757
2 9582 747 757
2 9582 757 773
2 779 9582 773
2 779 773 777
2 779 777 760
2 760 759 779
2 780 779 759
2 779 780 2547
2 779 2547 9582
2 2547 747 9582
2 747 2547 745
2 760 740 759
2 779 2547 9582
2 2547 747 9582
2 747 2547 745
2 724 727 738
2 747 2547 745
2 751 738 745
2 724 727 738
2 736 728 9060
2 736 728 9060
2 9528 739 9697
2 739 732 9697
2 9697 732 726
2 726 732 742
2 749 742 732
2 732 739 749
2 749 739 761
2 783 749 761
2 1674 761 739
2 739 730 1674
2 730 9696 1674
2 9696 7305 1674
2 1675 1674 7305
2 1675 7305 1676
2 1676 6788 1675
2 2235 1675 6788
2 1721 2235 6788
2 1721 6788 8100
2 1721 8100 1719
2 1721 1719 6556
2 1721 6556 8988
2 8988 3037 1721
2 1721 3037 2235
2 2235 3037 9241
2 2235 9241 2301
2 2301 9241 8150
2 3037 8150 9241
2 3037 8150 9241
2 8988 6556 2304
2 2304 781 8988
2 9297 8988 781
2 781 1493 9297
2 1493 3611 9297
2 3611 1493 7432
2 3611 7432 735
2 735 1475 3611
2 1475 9376 3611
2 1475 2546 9376
2 1471 2546 1475
2 8381 1471 1475
2 735 8381 1475
2 735 1472 8381
2 8381 1472 1719
2 1471 8381 1719
2 1719 8100 1471
2 8100 1676 1471
2 2546 1471 1676
2 1676 9696 2546
2 9696 1676 7305
2 1676 8100 6788
2 7816 1719 1472
2 7816 1472 3224
2 1917 7816 3224
2 6242 1917 3224
2 6242 3224 1019
2 7291 6242 1019
2 1019 3375 7291
2 7291 3375 746
2 3223 7291 746
2 3223 746 752
2 3223 752 772
2 795 3223 772
2 796 795 772
2 796 772 770
2 826 796 770
2 826 770 790
2 790 821 826
2 821 859 826
2 859 851 826
2 851 820 826
2 826 820 796
2 796 820 795
2 795 820 829
2 829 813 795
2 795 813 3077
2 3077 1917 795
2 795 1917 3223
2 3223 1917 6242
2 3223 6242 7291
2 3077 7572 1917
2 7572 797 1917
2 797 7816 1917
2 797 1719 7816
2 6556 1719 797
2 6556 797 2304
2 2304 797 9453
2 9453 781 2304
2 9581 781 9453
2 6405 9581 9453
2 9453 797 6405
2 6405 797 7572
2 6405 7572 9147
2 9147 7688 6405
2 6405 7688 9581
2 7688 7223 9581
2 9581 7223 781
2 7223 1493 781
2 7223 7432 1493
2 744 7432 7223
2 744 7223 755
2 744 755 8958
2 744 8958 5905
2 744 5905 735
2 7432 744 735
2 1472 735 5905
2 1472 5905 3224
2 3224 5905 1019
2 8958 1019 5905
2 3375 1019 8958
2 8958 755 3375
2 755 9494 3375
2 9494 6942 3375
2 3375 6942 746
2 6942 758 746
2 756 746 758
2 784 756 758
2 758 787 784
2 787 818 784
2 784 818 803
2 790 784 803
2 803 821 790
2 833 821 803
2 833 803 839
2 833 839 866
2 850 833 866
2 2960 850 866
2 2960 866 8910
2 2960 8910 9314
2 2960 9314 865
2 859 2960 865
2 865 9532 859
2 9532 851 859
2 851 9532 8029
2 851 8029 848
2 848 820 851
2 820 848 829
2 829 848 846
2 827 829 846
2 846 854 827
2 854 823 827
2 794 827 823
2 787 794 823
2 818 787 823
2 818 823 9572
2 9572 839 818
2 803 818 839
2 863 839 9572
2 9572 854 863
2 863 854 4645
2 863 4645 9143
2 9143 8170 863
2 863 8170 866
2 866 839 863
2 8170 8910 866
2 8170 4485 8910
2 9314 8910 4485
2 6181 9314 4485
2 6181 4485 8877
2 5694 6181 8877
2 900 5694 8877
2 893 900 8877
2 893 8877 8841
2 893 8841 887
2 8841 8743 887
2 8743 881 887
2 8776 881 8743
2 2783 8776 8743
2 2871 2783 8743
2 2871 8743 8841
2 2871 8841 4485
2 2871 4485 8170
2 2871 8170 9143
2 9143 4645 2871
2 4645 2783 2871
2 2783 4645 8029
2 2783 8029 2509
2 8776 2783 2509
2 8940 8776 2509
2 2509 8589 8940
2 8589 882 8940
2 8940 882 881
2 8776 8940 881
2 8589 888 882
2 888 8589 894
2 8589 7738 894
2 7738 899 894
2 7738 5694 899
2 900 899 5694
2 7738 6181 5694
2 6181 7738 9406
2 9314 6181 9406
2 865 9314 9406
2 865 9406 3202
2 865 3202 9532
2 9532 3202 8029
2 8029 3202 2509
2 2509 3202 8589
2 9406 8589 3202
2 8589 9406 7738
2 9406 8589 3202
2 8589 9406 7738
2 8589 9406 7738
2 2509 3202 8589
2 8776 8940 881
2 8029 3202 2509
2 4645 854 8029
2 854 846 8029
2 8029 846 848
2 8877 4485 8841
2 4645 2783 2871
2 8776 2783 2509
2 8776 8940 881
2 2871 8743 8841
2 8877 4485 8841
2 900 899 5694
2 7738 6181 5694
2 8877 4485 8841
2 9314 6181 9406
2 2871 4485 8170
2 2871 8170 9143
2 9143 4645 2871
2 4645 854 8029
2 823 854 9572
2 866 839 863
2 823 854 9572
2 758 794 787
2 794 758 6942
2 6942 9039 794
2 805 794 9039
2 805 9039 9147
2 9147 7572 805
2 3077 805 7572
2 3077 813 805
2 816 805 813
2 813 829 816
2 829 827 816
2 816 827 794
2 794 805 816
2 794 805 816
2 9147 9039 7688
2 9039 755 7688
2 7688 755 7223
2 755 9039 9494
2 9494 9039 6942
2 794 805 816
2 9494 9039 6942
2 816 827 794
2 823 854 9572
2 854 846 8029
2 829 827 816
2 8029 846 848
2 8029 846 848
2 9532 3202 8029
2 865 3202 9532
2 859 850 2960
2 821 850 859
2 850 821 833
2 865 9314 9406
2 9314 8910 4485
2 8170 8910 866
2 859 850 2960
2 850 821 833
2 866 839 863
2 803 818 839
2 850 821 833
2 784 790 756
2 770 756 790
2 770 752 756
2 746 756 752
2 772 752 770
2 803 818 839
2 818 787 823
2 758 794 787
2 784 790 756
2 746 756 752
2 794 758 6942
2 9494 9039 6942
2 755 9039 9494
2 8958 1019 5905
2 8958 755 3375
2 7688 755 7223
2 7432 744 735
2 7688 755 7223
2 9147 9039 7688
2 9147 7572 805
2 6405 7688 9581
2 9581 7223 781
2 9453 797 6405
2 6405 797 7572
2 3077 805 7572
2 3077 813 805
2 813 829 816
2 820 848 829
2 848 820 851
2 9532 851 859
2 821 850 859
2 803 821 790
2 770 756 790
2 826 820 796
2 772 752 770
2 796 820 795
2 795 1917 3223
2 772 752 770
2 746 756 752
2 3223 6242 7291
2 3375 6942 746
2 3375 1019 8958
2 3223 6242 7291
2 3224 5905 1019
2 3223 1917 6242
2 797 7816 1917
2 1472 5905 3224
2 797 1719 7816
2 1472 735 5905
2 1471 8381 1719
2 2546 1471 1676
2 735 8381 1475
2 7432 744 735
2 7223 7432 1493
2 7223 1493 781
2 9453 781 2304
2 6556 797 2304
2 6556 1719 797
2 1719 8100 1471
2 1676 8100 6788
2 1721 3037 2235
2 1676 8100 6788
2 9696 1676 7305
2 7624 1674 1675
2 9696 1676 7305
2 9696 730 6029
2 730 2863 6029
2 730 739 2863
2 739 9528 2863
2 730 739 2863
2 732 739 749
2 739 9528 2863
2 739 9528 2863
2 5589 8799 728
2 5589 6154 8799
2 730 2863 6029
2 5589 8158 6154
2 8158 2519 731
2 9696 730 6029
2 1676 9696 2546
2 1475 2546 9376
2 8158 2519 731
2 1475 9376 3611
2 1493 3611 9297
2 9297 8988 781
2 8988 3037 1721
2 3037 8150 9241
2 3611 2519 5703
2 2301 9241 8150
2 8158 2519 731
2 9672 9055 2301
2 5589 8158 6154
2 5589 2302 5002
2 9672 9055 2301
2 2302 2303 5002
2 9672 9055 2301
2 2235 9241 2301
2 2235 1675 6788
2 7624 1674 1675
2 3665 1720 2303
2 7624 1674 1675
2 1674 761 739
2 783 749 761
2 3665 1720 2303
2 2302 2303 5002
2 2302 736 750
2 778 750 751
2 9523 2303 767
2 3665 9523 783
2 751 2547 778
2 779 780 2547
2 783 749 761
2 780 779 759
2 749 742 732
2 760 740 759
2 726 732 742
2 9697 732 726
2 724 9060 9697
2 724 727 738
2 719 720 726
2 745 727 737
2 747 737 729
2 719 726 725
3 27 42 31
3 71 27 31
3 71 31 58
3 109 71 58
3 58 136 109
3 136 176 109
3 176 6304 109
3 6304 71 109
3 6304 4225 71
3 4225 27 71
3 5942 27 4225
3 6440 5942 4225
3 6304 6440 4225
3 6304 5097 6440
3 5097 3768 6440
3 3768 9229 6440
3 4252 6440 9229
3 2077 4252 9229
3 2077 9229 6841
3 2077 6841 8399
3 2080 2077 8399
3 2080 8399 9029
3 5405 2080 9029
3 9029 5194 5405
3 5405 5194 7108
3 5405 7108 8075
3 8075 2080 5405
3 4047 2080 8075
3 4047 8075 2545
3 4047 2545 8481
3 8481 4252 4047
3 4252 2077 4047
3 2077 2080 4047
3 5942 4252 8481
3 3621 5942 8481
3 8481 5490 3621
3 3621 5490 90
3 3621 90 8602
3 8602 27 3621
3 3621 27 5942
3 27 8602 42
3 8602 90 42
3 42 90 101
3 101 84 42
3 46 42 84
3 84 96 46
3 1923 46 96
3 96 153 1923
3 1923 153 108
3 108 54 1923
3 1923 54 46
3 46 54 29
3 46 29 31
3 46 31 42
3 58 31 29
3 58 29 49
3 49 136 58
3 88 136 49
3 88 49 6489
3 6489 4618 88
3 163 88 4618
3 163 4618 3155
3 3155 4813 163
3 4192 163 4813
3 4192 4813 7538
3 4192 7538 1604
3 1235 4192 1604
3 7784 1235 1604
3 2100 7784 1604
3 1604 4138 2100
3 2394 2100 4138
3 2394 4138 6702
3 6702 7142 2394
3 6398 2394 7142
3 6398 7142 3645
3 3645 2788 6398
3 6398 2788 7371
3 6398 7371 2786
3 2786 2394 6398
3 2394 2786 6091
3 6091 2100 2394
3 2100 6091 55
3 2100 55 115
3 2100 115 7784
3 152 7784 115
3 152 115 108
3 152 108 186
3 152 186 1235
3 152 1235 7784
3 1235 186 8202
3 1235 8202 168
3 1235 168 163
3 4192 1235 163
3 88 163 168
3 88 168 136
3 136 168 179
3 136 179 176
3 176 179 214
3 176 214 4168
3 176 4168 6304
3 4168 6302 6304
3 5097 6304 6302
3 3768 5097 6302
3 6302 9549 3768
3 9549 4488 3768
3 4488 6779 3768
3 3768 6779 6841
3 3768 6841 9229
3 6841 6779 102
3 6841 102 48
3 8399 6841 48
3 8399 48 44
3 8399 44 9029
3 9029 44 94
3 94 154 9029
3 154 5194 9029
3 8951 5194 154
3 8951 154 199
3 199 8200 8951
3 8951 8200 5931
3 5931 5194 8951
3 7108 5194 5931
3 9346 7108 5931
3 9346 5931 4477
3 9346 4477 9549
3 9346 9549 6315
3 6260 9346 6315
3 6315 3962 6260
3 2545 6260 3962
3 2545 3962 3796
3 5490 2545 3796
3 90 5490 3796
3 90 3796 127
3 101 90 127
3 135 101 127
3 127 183 135
3 183 195 135
3 135 195 153
3 153 116 135
3 135 116 101
3 101 116 84
3 96 84 116
3 96 116 153
3 96 116 153
3 9522 153 195
3 9522 195 219
3 186 9522 219
3 8202 186 219
3 8202 219 168
3 179 168 219
3 219 8126 179
3 8126 214 179
3 183 214 8126
3 183 8126 195
3 8126 219 195
3 183 3962 214
3 4870 214 3962
3 6315 4870 3962
3 6302 4870 6315
3 6302 6315 9549
3 4168 4870 6302
3 214 4870 4168
3 214 4870 4168
3 3796 3962 183
3 3796 183 127
3 8126 219 195
3 186 153 9522
3 108 153 186
3 8126 219 195
3 186 153 9522
3 183 8126 195
3 3796 183 127
3 135 116 101
3 3796 183 127
3 8481 2545 5490
3 3796 3962 183
3 2545 7108 6260
3 6260 7108 9346
3 8075 7108 2545
3 6315 4870 3962
3 6260 7108 9346
3 6302 6315 9549
3 4488 9549 4477
3 8033 4488 4477
3 8033 4477 8200
3 8033 8200 207
3 161 8033 207
3 161 6779 8033
3 4488 8033 6779
3 161 102 6779
3 8200 199 207
3 5931 8200 4477
3 4488 8033 6779
3 5931 8200 4477
3 6260 7108 9346
3 5931 8200 4477
3 8200 199 207
3 5931 5194 8951
3 161 102 6779
3 4488 8033 6779
3 4488 9549 4477
3 6302 6315 9549
3 4168 4870 6302
3 214 4870 4168
3 8126 214 179
3 179 168 219
3 8202 219 168
3 8202 186 219
3 108 153 186
3 92 108 115
3 115 55 92
3 92 55 54
3 108 92 54
3 28 54 55
3 55 6489 28
3 6489 49 28
3 28 49 29
3 28 29 54
3 55 5865 6489
3 5865 7505 6489
3 7505 4618 6489
3 7505 3155 4618
3 2786 3155 7505
3 5865 2786 7505
3 2786 5865 6091
3 5865 55 6091
3 3155 2786 7371
3 3287 3155 7371
3 3287 7371 2788
3 3287 2788 5736
3 3287 5736 993
3 3287 993 3155
3 3155 993 4813
3 993 1233 4813
3 7538 4813 1233
3 7538 1233 4157
3 1604 7538 4157
3 4157 4138 1604
3 6702 4138 4157
3 6702 4157 159
3 2103 6702 159
3 2103 159 8608
3 2393 2103 8608
3 2393 8608 2995
3 2995 8789 2393
3 8789 1453 2393
3 3645 2393 1453
3 3645 1453 2788
3 8607 2788 1453
3 1998 8607 1453
3 1453 7065 1998
3 8511 1998 7065
3 2789 8511 7065
3 2390 2789 7065
3 8789 2390 7065
3 1453 8789 7065
3 2995 2390 8789
3 2390 2995 6027
3 2390 6027 2387
3 2390 2387 6824
3 6824 2789 2390
3 4147 2789 6824
3 4147 6824 3658
3 9716 4147 3658
3 3658 6826 9716
3 6826 2389 9716
3 9716 2389 5641
3 5641 2821 9716
3 3998 9716 2821
3 5571 3998 2821
3 6094 5571 2821
3 6094 2821 4548
3 6094 4548 2030
3 2030 2140 6094
3 6094 2140 1357
3 1357 5571 6094
3 3789 5571 1357
3 3789 1357 2950
3 3789 2950 3860
3 3789 3860 9683
3 3789 9683 4983
3 4983 4604 3789
3 4604 8855 3789
3 8855 5571 3789
3 3998 5571 8855
3 3998 8855 2028
3 2028 9716 3998
3 2028 4147 9716
3 2028 2789 4147
3 2028 5284 2789
3 5284 8511 2789
3 8511 5284 3154
3 2029 8511 3154
3 8440 2029 3154
3 5769 8440 3154
3 211 5769 3154
3 3154 7875 211
3 211 7875 4983
3 4983 9683 211
3 9683 9703 211
3 9667 211 9703
3 9667 9703 3635
3 2995 9667 3635
3 6027 2995 3635
3 2387 6027 3635
3 7653 2387 3635
3 7653 3635 9683
3 3636 7653 9683
3 3636 9683 3860
3 3636 3860 2950
3 3636 2950 3918
3 3918 5204 3636
3 5204 8834 3636
3 8834 2387 3636
3 3636 2387 7653
3 3658 2387 8834
3 3658 8834 5204
3 3658 5204 6826
3 6826 5204 2389
3 2389 5204 1088
3 1088 5424 2389
3 9719 2389 5424
3 9719 5424 3644
3 9719 3644 9717
3 9717 75 9719
3 75 4548 9719
3 9719 4548 5641
3 5641 2389 9719
3 2821 5641 4548
3 2030 4548 75
3 2030 75 3799
3 3799 9233 2030
3 9233 2140 2030
3 1872 2140 9233
3 1872 9233 1877
3 1872 1877 9656
3 9656 2953 1872
3 9073 1872 2953
3 9073 2953 95
3 7230 9073 95
3 3644 7230 95
3 95 3643 3644
3 3644 3643 9717
3 9717 3643 8546
3 9717 8546 75
3 7519 75 8546
3 5379 7519 8546
3 5379 8546 33
3 2409 5379 33
3 2409 33 6499
3 2409 6499 4625
3 2409 4625 134
3 2409 134 5187
3 2409 5187 2313
3 2313 5379 2409
3 2313 7519 5379
3 3799 7519 2313
3 2313 1877 3799
3 1877 9233 3799
3 4915 1877 2313
3 2313 1356 4915
3 1868 4915 1356
3 8131 1868 1356
3 1356 134 8131
3 134 1358 8131
3 2956 8131 1358
3 1358 6293 2956
3 6293 6658 2956
3 6658 3631 2956
3 2956 3631 8360
3 8360 2951 2956
3 1868 2956 2951
3 2951 4915 1868
3 4915 2951 9656
3 9656 1877 4915
3 2951 2953 9656
3 2953 2951 3632
3 3632 95 2953
3 3632 2391 95
3 3643 95 2391
3 3643 2391 33
3 33 8546 3643
3 33 2391 4367
3 4367 6499 33
3 6499 4367 2413
3 4625 6499 2413
3 4625 2413 2411
3 4625 2411 134
3 2411 3849 134
3 3849 9015 134
3 9015 1358 134
3 1232 1358 9015
3 3849 1232 9015
3 3247 1232 3849
3 2411 3247 3849
3 2411 4090 3247
3 3247 4090 8189
3 8189 7261 3247
3 7261 3549 3247
3 3549 6703 3247
3 6703 1232 3247
3 6868 1232 6703
3 6868 6703 1875
3 2957 6868 1875
3 2957 1875 5963
3 2101 2957 5963
3 2101 5963 2959
3 2101 2959 9110
3 9110 7708 2101
3 7708 4899 2101
3 6658 2101 4899
3 1323 6658 4899
3 1323 4899 7211
3 1323 7211 2413
3 1323 2413 4367
3 1323 4367 3631
3 1323 3631 6658
3 4367 8360 3631
3 4367 2391 8360
3 8360 2391 3632
3 3632 2951 8360
3 7211 2411 2413
3 2411 7211 4090
3 4090 7211 5603
3 8189 4090 5603
3 6846 8189 5603
3 6384 6846 5603
3 7708 6384 5603
3 4899 7708 5603
3 7211 4899 5603
3 9110 6384 7708
3 6384 9110 4393
3 6384 4393 5632
3 6384 5632 7101
3 6384 7101 6846
3 7101 8654 6846
3 8654 2410 6846
3 6846 2410 8189
3 2410 7261 8189
3 2410 4532 7261
3 4532 3549 7261
3 6704 3549 4532
3 4303 6704 4532
3 4532 8335 4303
3 8335 3249 4303
3 8497 4303 3249
3 4953 8497 3249
3 9311 4953 3249
3 9414 9311 3249
3 3249 3429 9414
3 6192 9414 3429
3 6192 3429 4026
3 6192 4026 9718
3 6192 9718 3435
3 6192 3435 9414
3 3435 9311 9414
3 3435 7683 9311
3 7683 4953 9311
3 9224 4953 7683
3 172 9224 7683
3 172 7683 3226
3 172 3226 8861
3 172 8861 4167
3 9705 172 4167
3 9705 4167 2801
3 9705 2801 8155
3 9705 8155 9682
3 9705 9682 8843
3 9705 8843 9702
3 9705 9702 9704
3 172 9705 9704
3 172 9704 9224
3 8836 9224 9704
3 9702 8836 9704
3 8836 9702 3634
3 8964 8836 3634
3 8964 3634 7254
3 2955 8964 7254
3 2955 7254 7751
3 9596 2955 7751
3 3633 9596 7751
3 8312 3633 7751
3 1321 8312 7751
3 1321 7751 7254
3 1321 7254 7454
3 9718 1321 7454
3 7454 2408 9718
3 7580 9718 2408
3 7580 2408 2787
3 2787 3226 7580
3 7683 7580 3226
3 7683 3435 7580
3 3435 9718 7580
3 3226 2787 8861
3 8861 2787 3250
3 8861 3250 4167
3 4167 3250 2801
3 2801 3250 6713
3 2801 6713 7089
3 2801 7089 8387
3 2801 8387 5948
3 8155 2801 5948
3 8155 5948 9682
3 5948 6685 9682
3 7590 9682 6685
3 93 7590 6685
3 93 6685 9585
3 9585 148 93
3 69 93 148
3 69 148 151
3 69 151 113
3 113 73 69
3 69 73 40
3 69 40 8240
3 69 8240 93
3 8240 7590 93
3 8240 2779 7590
3 7590 2779 7074
3 9682 7590 7074
3 2958 9682 7074
3 7074 1322 2958
3 1322 3634 2958
3 3634 9702 2958
3 8843 2958 9702
3 8843 9682 2958
3 3634 1322 7254
3 7454 7254 1322
3 1322 2408 7454
3 1322 5523 2408
3 5523 9069 2408
3 2408 9069 2787
3 9069 5142 2787
3 3250 2787 5142
3 3250 5142 3942
3 3942 6713 3250
3 3942 7089 6713
3 7089 3942 8565
3 7089 8565 63
3 63 2012 7089
3 2012 171 7089
3 8387 7089 171
3 8387 171 223
3 5948 8387 223
3 5948 223 9263
3 5948 9263 6685
3 9263 9585 6685
3 9263 188 9585
3 148 9585 188
3 148 188 9664
3 151 148 9664
3 151 9664 9163
3 151 9163 203
3 203 113 151
3 203 118 113
3 113 118 73
3 73 118 91
3 63 73 91
3 9674 63 91
3 122 9674 91
3 118 122 91
3 185 122 118
3 118 196 185
3 239 185 196
3 247 239 196
3 247 196 9597
3 247 9597 242
3 9471 247 242
3 242 346 9471
3 9471 346 342
3 333 9471 342
3 8729 333 342
3 342 8807 8729
3 8807 2945 8729
3 8729 2945 2037
3 9805 8729 2037
3 2037 8913 9805
3 8913 976 9805
3 976 331 9805
3 333 9805 331
3 331 247 333
3 333 247 9471
3 247 331 239
3 239 331 311
3 9561 239 311
3 9561 311 322
3 228 9561 322
3 226 228 322
3 322 243 226
3 243 225 226
3 225 112 226
3 112 228 226
3 228 112 122
3 228 122 185
3 239 228 185
3 228 239 9561
3 9674 122 112
3 112 2012 9674
3 9674 2012 63
3 2012 112 171
3 171 112 225
3 171 225 223
3 188 223 225
3 231 188 225
3 231 225 243
3 231 243 9945
3 231 9945 9664
3 9664 188 231
3 9945 244 9664
3 9664 244 9163
3 9163 244 242
3 9163 242 203
3 9597 203 242
3 9597 196 203
3 118 203 196
3 242 244 346
3 244 9945 346
3 340 346 9945
3 340 9945 9636
3 340 9636 332
3 1531 340 332
3 1531 332 996
3 1531 996 9072
3 1531 9072 9178
3 1531 9178 7793
3 7793 2707 1531
3 2707 340 1531
3 346 340 2707
3 7646 346 2707
3 7646 2707 9807
3 7646 9807 1361
3 1361 2945 7646
3 7646 2945 8807
3 7646 8807 342
3 342 346 7646
3 1361 8637 2945
3 8637 2037 2945
3 8637 9061 2037
3 9061 8748 2037
3 2037 8748 5136
3 2037 5136 8913
3 8082 8913 5136
3 4718 8082 5136
3 8748 4718 5136
3 215 4718 8748
3 215 8748 3650
3 9503 215 3650
3 9595 9503 3650
3 8514 9595 3650
3 9635 8514 3650
3 9635 3650 6344
3 9553 9635 6344
3 4349 9553 6344
3 4349 6344 9061
3 4349 9061 8637
3 1361 4349 8637
3 1361 5146 4349
3 9430 4349 5146
3 5146 9418 9430
3 9430 9418 9808
3 9808 9553 9430
3 9553 4349 9430
3 9553 9808 4613
3 4613 2753 9553
3 9553 2753 9635
3 2753 8514 9635
3 8514 2753 3196
3 3072 8514 3196
3 7728 3072 3196
3 4887 7728 3196
3 9639 4887 3196
3 2753 9639 3196
3 9639 2753 4613
3 9623 9639 4613
3 4613 9545 9623
3 9623 9545 2635
3 2635 9639 9623
3 2635 4887 9639
3 2635 6164 4887
3 6164 2754 4887
3 4887 2754 7728
3 2865 7728 2754
3 2865 2754 9144
3 2865 9144 2756
3 2756 4024 2865
3 3649 2865 4024
3 3649 4024 7975
3 7975 1000 3649
3 3649 1000 8129
3 3649 8129 6273
3 3649 6273 2865
3 6273 7728 2865
3 6273 3072 7728
3 6273 999 3072
3 999 7583 3072
3 3072 7583 8514
3 8514 7583 9595
3 7583 6889 9595
3 6889 9503 9595
3 9503 6889 3177
3 215 9503 3177
3 3177 7391 215
3 7391 4718 215
3 5855 4718 7391
3 5855 7391 9085
3 5855 9085 3178
3 7793 5855 3178
3 3178 8701 7793
3 7793 8701 9807
3 2707 7793 9807
3 1361 9807 8701
3 1361 8701 5146
3 3178 5146 8701
3 3178 9418 5146
3 9085 9418 3178
3 9085 3177 9418
3 7865 9418 3177
3 7865 3177 7807
3 7865 7807 1887
3 1887 9808 7865
3 7865 9808 9418
3 1887 9545 9808
3 4613 9808 9545
3 1887 4642 9545
3 9545 4642 2635
3 4642 9616 2635
3 6164 2635 9616
3 6164 9616 2589
3 9813 6164 2589
3 5483 9813 2589
3 5483 2589 8570
3 5483 8570 973
3 1442 5483 973
3 8850 1442 973
3 973 9694 8850
3 8850 9694 9524
3 8850 9524 5299
3 8850 5299 5314
3 5314 1442 8850
3 9276 1442 5314
3 9276 5314 6462
3 9946 9276 6462
3 9946 6462 968
3 5832 9946 968
3 5832 968 9423
3 9811 5832 9423
3 9811 9423 4667
3 9165 9811 4667
3 9695 9165 4667
3 7488 9695 4667
3 2703 7488 4667
3 2703 4667 9423
3 2703 9423 968
3 968 9285 2703
3 2703 9285 7132
3 2703 7132 1534
3 7488 2703 1534
3 9590 7488 1534
3 1534 9482 9590
3 9590 9482 9693
3 9590 9693 9695
3 9695 7488 9590
3 9693 9670 9695
3 2708 9695 9670
3 2708 9670 5076
3 2708 5076 9417
3 8948 2708 9417
3 8948 9417 9810
3 9810 9816 8948
3 8948 9816 9095
3 8948 9095 9815
3 1440 8948 9815
3 1440 9815 9413
3 1440 9413 9165
3 2708 1440 9165
3 9695 2708 9165
3 1440 2708 8948
3 9165 9413 9811
3 9413 3366 9811
3 7062 9811 3366
3 7062 3366 2422
3 2415 7062 2422
3 2415 2422 2420
3 2415 2420 4496
3 2415 4496 8142
3 9946 2415 8142
3 9946 8142 5545
3 5545 9276 9946
3 5545 1442 9276
3 8460 1442 5545
3 5545 2756 8460
3 8460 2756 9813
3 8460 9813 5483
3 1442 8460 5483
3 9144 9813 2756
3 2754 9813 9144
3 9813 2754 6164
3 5545 1942 2756
3 2756 1942 4024
3 7197 4024 1942
3 7197 1942 9548
3 9548 1533 7197
3 4144 7197 1533
3 4144 1533 9524
3 4144 9524 9694
3 1000 4144 9694
3 1000 9694 8992
3 1000 8992 1532
3 1532 8129 1000
3 1532 999 8129
3 8129 999 6273
3 999 1532 4259
3 4259 5381 999
3 7583 999 5381
3 6889 7583 5381
3 7807 6889 5381
3 4259 7807 5381
3 1887 7807 4259
3 1887 4259 7729
3 7729 9012 1887
3 1887 9012 4642
3 9012 9616 4642
3 2589 9616 9012
3 2589 9012 5727
3 2589 5727 8570
3 1532 8570 5727
3 7729 1532 5727
3 7729 5727 9012
3 7729 4259 1532
3 1532 973 8570
3 8992 973 1532
3 9694 973 8992
3 7729 5727 9012
3 7729 5727 9012
3 7729 4259 1532
3 7807 3177 6889
3 4259 7807 5381
3 7729 4259 1532
3 8992 973 1532
3 9694 973 8992
3 1000 7975 4144
3 7975 7197 4144
3 7975 4024 7197
3 1533 5299 9524
3 1533 9285 5299
3 9601 5299 9285
3 968 9601 9285
3 968 6462 9601
3 9601 6462 5314
3 9601 5314 5299
3 9601 5314 5299
3 9285 1533 7132
3 7132 1533 3019
3 7201 7132 3019
3 3019 4115 7201
3 7201 4115 9806
3 8691 7201 9806
3 8691 9806 9255
3 8691 9255 2864
3 2864 1001 8691
3 8691 1001 9482
3 9482 7201 8691
3 9482 1534 7201
3 7201 1534 7132
3 9482 1001 9693
3 9658 9693 1001
3 9658 1001 9519
3 1535 9658 9519
3 1535 9519 7208
3 1535 7208 8520
3 1535 8520 9677
3 1535 9677 5076
3 1535 5076 9670
3 9658 1535 9670
3 9693 9658 9670
3 9417 5076 9677
3 9417 9677 2705
3 2705 9810 9417
3 2705 7024 9810
3 7024 8264 9810
3 9816 9810 8264
3 9816 8264 9814
3 9814 2419 9816
3 9816 2419 8258
3 9816 8258 9095
3 9095 8258 2421
3 9815 9095 2421
3 2421 7950 9815
3 9815 7950 3366
3 9815 3366 9413
3 7950 2422 3366
3 7950 9255 2422
3 9255 9806 2422
3 2422 9806 2420
3 2420 9806 4115
3 2420 4115 4496
3 4496 4115 1942
3 5545 4496 1942
3 8142 4496 5545
3 9548 1942 4115
3 9548 4115 3019
3 3019 1533 9548
3 2752 9255 7950
3 7950 2421 2752
3 2752 2421 9207
3 2752 9207 8912
3 2864 2752 8912
3 9519 2864 8912
3 7208 9519 8912
3 7208 8912 2600
3 2600 8217 7208
3 7208 8217 8520
3 8520 8217 1536
3 8520 1536 2705
3 9677 8520 2705
3 1536 7024 2705
3 1536 8115 7024
3 7024 8115 3781
3 7024 3781 9125
3 7024 9125 8264
3 9809 8264 9125
3 9809 9125 2706
3 2706 8453 9809
3 8453 9812 9809
3 9809 9812 2418
3 9814 9809 2418
3 2418 2419 9814
3 2419 2418 8916
3 2419 8916 2601
3 2601 8863 2419
3 8863 8258 2419
3 5109 8258 8863
3 5109 8863 2600
3 8912 5109 2600
3 9207 5109 8912
3 9207 2421 5109
3 5109 2421 8258
3 8863 8901 2600
3 8217 2600 8901
3 7367 8217 8901
3 7367 8901 2601
3 7367 2601 9332
3 8115 7367 9332
3 8115 9332 5680
3 8115 5680 5627
3 8115 5627 3781
3 5627 7023 3781
3 2706 3781 7023
3 8453 2706 7023
3 906 8453 7023
3 906 7023 910
3 9489 910 7023
3 5627 9489 7023
3 9480 9489 5627
3 5680 9480 5627
3 5680 6594 9480
3 928 9480 6594
3 6594 4473 928
3 4473 924 928
3 924 4473 2417
3 924 2417 921
3 921 2417 9812
3 921 9812 915
3 909 915 9812
3 909 9812 8453
3 906 909 8453
3 2417 2418 9812
3 8916 2418 2417
3 8916 2417 4473
3 9267 8916 4473
3 6594 9267 4473
3 6594 9332 9267
3 9332 2601 9267
3 2601 8916 9267
3 5680 9332 6594
3 2601 8916 9267
3 8916 2417 4473
3 6594 9267 4473
3 922 9480 928
3 9480 922 916
3 9480 916 9489
3 9489 916 910
3 5680 9332 6594
3 9480 916 9489
3 9489 916 910
3 906 909 8453
3 9125 3781 2706
3 5627 9489 7023
3 5680 9480 5627
3 5680 9332 6594
3 1536 7367 8115
3 8217 7367 1536
3 9332 2601 9267
3 8863 2601 8901
3 8217 7367 1536
3 8863 2601 8901
3 5109 2421 8258
3 8863 2601 8901
3 2601 8916 9267
3 8916 2418 2417
3 8264 9809 9814
3 2417 2418 9812
3 909 9812 8453
3 8453 2706 7023
3 9125 3781 2706
3 8264 9809 9814
3 9125 3781 2706
3 8115 5627 3781
3 1536 7367 8115
3 8217 7367 1536
3 8217 2600 8901
3 8912 5109 2600
3 1001 2864 9519
3 2864 9255 2752
3 9207 5109 8912
3 9207 2421 5109
3 2864 9255 2752
3 7950 2421 2752
3 5109 2421 8258
3 8863 8258 2419
3 2418 2419 9814
3 8264 9809 9814
3 7024 9125 8264
3 1536 7024 2705
3 9677 8520 2705
3 9677 8520 2705
3 7208 8217 8520
3 7208 9519 8912
3 9658 1535 9670
3 1001 2864 9519
3 9693 9658 9670
3 1001 2864 9519
3 2864 9255 2752
3 9255 9806 2422
3 9482 7201 8691
3 2420 9806 4115
3 9548 4115 3019
3 7201 1534 7132
3 3019 1533 9548
3 7975 7197 4144
3 3019 1533 9548
3 9548 1942 4115
3 7975 4024 7197
3 5545 4496 1942
3 1442 8460 5483
3 8142 4496 5545
3 2415 9946 5832
3 2415 5832 7062
3 7062 5832 9811
3 8142 4496 5545
3 2420 4115 4496
3 2422 9806 2420
3 2415 5832 7062
3 7950 2422 3366
3 7062 5832 9811
3 9815 3366 9413
3 9815 3366 9413
3 1440 2708 8948
3 9815 9095 2421
3 9816 8258 9095
3 9816 9810 8264
3 2705 9810 9417
3 1440 2708 8948
3 9417 5076 9677
3 1535 5076 9670
3 9695 2708 9165
3 9693 9658 9670
3 9482 1001 9693
3 9482 1534 7201
3 9695 7488 9590
3 7201 1534 7132
3 9285 1533 7132
3 968 9601 9285
3 7488 2703 1534
3 9695 7488 9590
3 9695 2708 9165
3 9165 9413 9811
3 2703 4667 9423
3 7062 5832 9811
3 2703 9423 968
3 2415 9946 5832
3 968 6462 9601
3 5545 9276 9946
3 9601 6462 5314
3 5545 1442 9276
3 9601 5314 5299
3 1533 5299 9524
3 4144 9524 9694
3 9694 973 8992
3 5314 1442 8850
3 1442 8460 5483
3 1532 973 8570
3 2589 5727 8570
3 8460 9813 5483
3 9813 2754 6164
3 2589 9616 9012
3 9012 9616 4642
3 1887 9012 4642
3 1887 7807 4259
3 7807 3177 6889
3 7865 9808 9418
3 9085 7391 3177
3 3178 5146 8701
3 9178 5855 7793
3 9178 4718 5855
3 9178 9072 4718
3 8082 4718 9072
3 8082 9072 996
3 8082 996 976
3 8082 976 8913
3 9204 976 996
3 9266 9204 996
3 332 9266 996
3 332 322 9266
3 322 9204 9266
3 9204 322 311
3 976 9204 311
3 311 331 976
3 9636 322 332
3 243 322 9636
3 9636 9945 243
3 322 9204 9266
3 976 9204 311
3 9085 9418 3178
3 9085 7391 3177
3 9178 4718 5855
3 9085 7391 3177
3 7807 3177 6889
3 6889 7583 5381
3 7583 999 5381
3 8129 999 6273
3 8129 999 6273
3 1532 8129 1000
3 1000 7975 4144
3 7975 4024 7197
3 3649 6273 2865
3 2756 1942 4024
3 9144 9813 2756
3 2754 9813 9144
3 6273 7728 2865
3 9813 2754 6164
3 6164 2635 9616
3 9545 4642 2635
3 4613 9808 9545
3 2635 9639 9623
3 2635 4887 9639
3 4887 2754 7728
3 6273 3072 7728
3 3072 7583 8514
3 2753 9639 3196
3 9639 2753 4613
3 4613 9808 9545
3 7865 9808 9418
3 3178 9418 5146
3 9553 4349 9430
3 1361 8701 5146
3 6344 8748 9061
3 6344 3650 8748
3 9553 4349 9430
3 9553 2753 9635
3 6344 3650 8748
3 2753 8514 9635
3 8514 7583 9595
3 6889 9503 9595
3 215 9503 3177
3 6344 3650 8748
3 7391 4718 215
3 8082 4718 9072
3 8082 976 8913
3 8748 4718 5136
3 6344 8748 9061
3 4349 9061 8637
3 1361 4349 8637
3 1361 9807 8701
3 2707 7793 9807
3 342 346 7646
3 2707 7793 9807
3 9178 5855 7793
3 9178 9072 4718
3 8082 9072 996
3 332 9266 996
3 2707 340 1531
3 9636 322 332
3 9636 9945 243
3 346 340 2707
3 244 9945 346
3 9636 9945 243
3 9664 188 231
3 9263 223 188
3 171 112 225
3 231 225 243
3 243 322 9636
3 112 228 226
3 228 239 9561
3 9204 322 311
3 228 239 9561
3 311 331 976
3 9805 333 8729
3 311 331 976
3 8082 976 8913
3 2037 5136 8913
3 9805 333 8729
3 8637 2037 2945
3 7646 2945 8807
3 7646 8807 342
3 9805 333 8729
3 333 247 9471
3 342 346 7646
3 242 244 346
3 333 247 9471
3 9597 203 242
3 9597 196 203
3 247 331 239
3 239 228 185
3 118 203 196
3 228 122 185
3 9674 122 112
3 9674 2012 63
3 40 73 63
3 63 8565 40
3 8565 6728 40
3 8240 40 6728
3 8240 6728 2779
3 6728 4850 2779
3 2779 4850 5523
3 7074 2779 5523
3 7074 5523 1322
3 5523 4850 9069
3 4850 5142 9069
3 4850 3942 5142
3 3942 4850 6728
3 3942 6728 8565
3 3942 4850 6728
3 3942 6728 8565
3 118 122 91
3 118 203 196
3 9163 242 203
3 9664 244 9163
3 9664 188 231
3 9263 223 188
3 9263 223 188
3 171 225 223
3 2012 112 171
3 9674 2012 63
3 63 8565 40
3 3942 6728 8565
3 4850 3942 5142
3 4850 5142 9069
3 5523 4850 9069
3 7074 5523 1322
3 7074 5523 1322
3 8843 9682 2958
3 7074 2779 5523
3 8240 6728 2779
3 8240 40 6728
3 40 73 63
3 113 118 73
3 203 113 151
3 151 148 9664
3 69 8240 93
3 148 9585 188
3 9263 9585 6685
3 8240 7590 93
3 9682 7590 7074
3 5948 9263 6685
3 5948 8387 223
3 8387 7089 171
3 3942 7089 6713
3 3942 6713 3250
3 3250 2787 5142
3 2408 9069 2787
3 3435 9718 7580
3 1322 2408 7454
3 1321 9718 4026
3 1321 4026 8312
3 8312 4026 2778
3 8312 2778 1320
3 3633 8312 1320
3 5632 3633 1320
3 7101 5632 1320
3 2778 7101 1320
3 7101 2778 8654
3 6781 8654 2778
3 3429 6781 2778
3 4026 3429 2778
3 3249 6781 3429
3 6781 3249 8335
3 6781 8335 4532
3 2410 6781 4532
3 6781 2410 8654
3 6781 2410 8654
3 3633 5632 7517
3 7517 5965 3633
3 3633 5965 9234
3 3633 9234 9596
3 9596 9234 2955
3 9234 7308 2955
3 7308 1870 2955
3 2955 1870 8964
3 8964 1870 8836
3 8836 1870 9224
3 1870 4953 9224
3 1870 8497 4953
3 4371 8497 1870
3 4371 1870 7308
3 4371 7308 5965
3 2672 4371 5965
3 2672 5965 7517
3 4490 2672 7517
3 4490 7517 2959
3 1875 4490 2959
3 1875 2959 5963
3 4490 1875 3549
3 6704 4490 3549
3 2672 4490 6704
3 2672 6704 4303
3 4303 4371 2672
3 4371 4303 8497
3 3549 1875 6703
3 4393 2959 7517
3 4393 7517 5632
3 4393 9110 2959
3 2672 4490 6704
3 4303 4371 2672
3 5965 7308 9234
3 4371 4303 8497
3 4371 1870 7308
3 5965 7308 9234
3 5965 7308 9234
3 2672 5965 7517
3 4393 7517 5632
3 2778 7101 1320
3 4026 3429 2778
3 7454 7254 1322
3 1321 4026 8312
3 3633 8312 1320
3 3633 9234 9596
3 9596 9234 2955
3 1321 7751 7254
3 2955 1870 8964
3 3634 1322 7254
3 8964 1870 8836
3 3634 9702 2958
3 8836 1870 9224
3 9702 8836 9704
3 8843 2958 9702
3 8843 9682 2958
3 8155 5948 9682
3 8155 2801 5948
3 4167 3250 2801
3 172 9705 9704
3 8861 3250 4167
3 3226 2787 8861
3 7683 7580 3226
3 172 9704 9224
3 1870 4953 9224
3 7683 3435 7580
3 3435 9718 7580
3 1321 9718 4026
3 4026 3429 2778
3 6192 3435 9414
3 3249 6781 3429
3 3435 9311 9414
3 7683 4953 9311
3 1870 8497 4953
3 4371 4303 8497
3 6781 3249 8335
3 6781 8335 4532
3 2672 6704 4303
3 6704 4490 3549
3 2410 6781 4532
3 6781 2410 8654
3 7101 2778 8654
3 7101 5632 1320
3 4393 7517 5632
3 4393 9110 2959
3 6384 7101 6846
3 6846 2410 8189
3 7211 4899 5603
3 7211 4899 5603
3 1323 3631 6658
3 6658 2957 2101
3 2957 6658 6293
3 1358 2957 6293
3 2957 1358 6868
3 1358 1232 6868
3 4899 7708 5603
3 9110 6384 7708
3 4393 9110 2959
3 1875 2959 5963
3 6658 2957 2101
3 1875 2959 5963
3 2957 1358 6868
3 3549 1875 6703
3 1358 1232 6868
3 3549 1875 6703
3 4532 3549 7261
3 2410 7261 8189
3 8189 4090 5603
3 2411 7211 4090
3 6703 1232 3247
3 1358 1232 6868
3 3849 1232 9015
3 2411 3247 3849
3 7211 2411 2413
3 1323 2413 4367
3 4367 2391 8360
3 8360 2391 3632
3 3632 2951 8360
3 1868 8131 2956
3 3632 2951 8360
3 4367 8360 3631
3 1323 3631 6658
3 2957 6658 6293
3 1358 2957 6293
3 1868 8131 2956
3 9015 1358 134
3 134 1356 5187
3 5187 1356 2313
3 1868 8131 2956
3 2951 4915 1868
3 5187 1356 2313
3 9656 1877 4915
3 3799 75 7519
3 5187 1356 2313
3 134 1356 5187
3 4625 2411 134
3 4625 6499 2413
3 4367 6499 33
3 2313 5379 2409
3 33 8546 3643
3 2313 7519 5379
3 3799 75 7519
3 33 8546 3643
3 3643 95 2391
3 3644 1088 7230
3 1088 1089 7230
3 1089 9073 7230
3 1089 1872 9073
3 1089 2140 1872
3 2950 2140 1089
3 2950 1089 1088
3 3918 2950 1088
3 1088 5204 3918
3 1357 2140 2950
3 2950 1089 1088
3 1088 3644 5424
3 1089 9073 7230
3 3632 95 2953
3 1089 1872 9073
3 2951 2953 9656
3 9656 1877 4915
3 1877 9233 3799
3 1089 2140 1872
3 1877 9233 3799
3 3799 75 7519
3 9717 8546 75
3 3644 3643 9717
3 1088 3644 5424
3 5641 2389 9719
3 1088 3644 5424
3 1088 5204 3918
3 3658 6824 2387
3 3658 8834 5204
3 1088 5204 3918
3 3918 2950 1088
3 3636 2387 7653
3 9703 9683 3635
3 3636 2387 7653
3 9667 2995 8608
3 9667 8608 7673
3 7673 1234 9667
3 9667 1234 5769
3 9667 5769 211
3 1234 8440 5769
3 1234 4883 8440
3 4883 2029 8440
3 5736 2029 4883
3 993 5736 4883
3 993 4883 1234
3 1233 993 1234
3 159 1233 1234
3 159 1234 7673
3 7673 8608 159
3 4157 1233 159
3 2029 5736 8607
3 1998 2029 8607
3 2029 1998 8511
3 8607 5736 2788
3 993 4883 1234
3 159 1234 7673
3 7673 8608 159
3 9703 9683 3635
3 9667 5769 211
3 9703 9683 3635
3 7875 4604 4983
3 2028 4604 7875
3 7875 5284 2028
3 5284 7875 3154
3 2028 8855 4604
3 5284 7875 3154
3 9667 5769 211
3 1234 8440 5769
3 4883 2029 8440
3 2029 1998 8511
3 5284 7875 3154
3 7875 5284 2028
3 2028 8855 4604
3 2028 8855 4604
3 7875 4604 4983
3 4983 9683 211
3 3636 9683 3860
3 3636 3860 2950
3 1357 2140 2950
3 8855 5571 3789
3 1357 2140 2950
3 9233 2140 2030
3 2030 4548 75
3 2821 5641 4548
3 1357 5571 6094
3 3998 5571 8855
3 2028 9716 3998
3 2821 5641 4548
3 5641 2389 9719
3 6826 5204 2389
3 3658 5204 6826
3 2028 4147 9716
3 3658 6824 2387
3 2028 2789 4147
3 3658 6824 2387
3 2387 6027 3635
3 6027 2995 3635
3 6824 2789 2390
3 5284 8511 2789
3 2029 1998 8511
3 1453 8789 7065
3 1998 2029 8607
3 8607 5736 2788
3 3645 2103 2393
3 2103 3645 6702
3 6702 3645 7142
3 1453 8789 7065
3 2995 2390 8789
3 9667 2995 8608
3 3645 2103 2393
3 7673 8608 159
3 2103 3645 6702
3 4157 1233 159
3 4157 1233 159
3 1233 993 1234
3 993 5736 4883
3 8607 5736 2788
3 3287 993 3155
3 5865 2786 7505
3 5865 55 6091
3 28 29 54
3 108 92 54
3 152 1235 7784
3 115 55 92
3 5865 55 6091
3 2786 5865 6091
3 3155 2786 7371
3 3287 7371 2788
3 3645 1453 2788
3 6702 3645 7142
3 2786 2394 6398
3 6702 3645 7142
3 6702 4138 4157
3 6091 2100 2394
3 4157 4138 1604
3 2100 115 7784
3 152 1235 7784
3 4192 1235 163
3 1604 7538 4157
3 7538 4813 1233
3 4192 1235 163
3 3155 993 4813
3 7505 3155 4618
3 88 163 168
3 7505 4618 6489
3 6489 49 28
3 88 168 136
3 28 49 29
3 28 29 54
3 108 92 54
3 108 153 186
3 96 116 153
3 1923 54 46
3 96 84 116
3 46 31 42
3 101 116 84
3 101 90 127
3 8602 90 42
3 90 5490 3796
3 8481 2545 5490
3 3621 27 5942
3 4252 5942 6440
3 8481 2545 5490
3 8075 7108 2545
3 2077 2080 4047
3 8075 7108 2545
3 7108 5194 5931
3 154 5194 9029
3 8075 2080 5405
3 8399 44 9029
3 2077 2080 4047
3 8399 6841 48
3 3768 6841 9229
3 4252 2077 4047
3 4252 5942 6440
3 3768 6841 9229
3 3768 5097 6302
3 5097 6304 6302
3 4252 5942 6440
3 3621 27 5942
3 6304 6440 4225
3 176 4168 6304
3 136 179 176
3 49 136 58
3 6304 71 109
3 58 31 29
3 4225 27 71
3 46 31 42
3 27 8602 42
4 558 565 3233
4 558 3233 2141
4 3276 558 2141
4 9050 3276 2141
4 2141 9101 9050
4 9101 559 9050
4 9050 559 562
4 9050 562 9006
4 3276 9050 9006
4 3276 9006 6611
4 3276 6611 587
4 3276 587 9005
4 3276 9005 558
4 9005 567 558
4 9547 558 567
4 561 9547 567
4 567 574 561
4 9488 561 574
4 9625 9488 574
4 584 9625 574
4 584 574 567
4 5672 584 567
4 587 5672 567
4 9005 587 567
4 5672 587 8960
4 584 5672 8960
4 584 8960 1247
4 1247 9625 584
4 1247 9657 9625
4 9657 3367 9625
4 3367 9488 9625
4 2286 9488 3367
4 2286 3367 571
4 2286 571 9646
4 2286 9646 563
4 561 2286 563
4 561 563 9247
4 561 9247 9547
4 565 9547 9247
4 599 565 9247
4 599 9247 9675
4 620 599 9675
4 620 9675 9057
4 620 9057 638
4 9491 620 638
4 8740 9491 638
4 638 1247 8740
4 8740 1247 8960
4 8740 8960 628
4 628 6818 8740
4 8740 6818 9491
4 6818 620 9491
4 5714 620 6818
4 3251 5714 6818
4 628 3251 6818
4 628 4921 3251
4 3251 4921 6668
4 3251 6668 8851
4 3251 8851 8663
4 8663 624 3251
4 624 5714 3251
4 5714 624 609
4 5714 609 9558
4 5714 9558 599
4 620 5714 599
4 9558 565 599
4 609 565 9558
4 609 3233 565
4 609 3281 3233
4 3281 9101 3233
4 2141 3233 9101
4 3281 564 9101
4 564 559 9101
4 593 564 3281
4 615 593 3281
4 615 3281 8194
4 8194 8663 615
4 615 8663 634
4 8663 8851 634
4 8851 625 634
4 6668 625 8851
4 9127 625 6668
4 6611 9127 6668
4 4921 6611 6668
4 587 6611 4921
4 587 4921 628
4 8960 587 628
4 9006 9127 6611
4 605 9127 9006
4 9006 562 605
4 605 625 9127
4 605 625 9127
4 8194 624 8663
4 609 624 8194
4 8194 3281 609
4 8194 3281 609
4 8194 3281 609
4 609 565 9558
4 609 624 8194
4 8194 624 8663
4 8663 8851 634
4 6668 625 8851
4 4921 6611 6668
4 587 4921 628
4 624 5714 3251
4 620 5714 599
4 628 3251 6818
4 8960 587 628
4 638 9681 1247
4 1247 9681 9657
4 9681 7794 9657
4 9657 7794 1713
4 3367 9657 1713
4 3367 1713 9619
4 3367 9619 579
4 571 3367 579
4 571 579 8380
4 8380 9665 571
4 8246 571 9665
4 9665 608 8246
4 8246 608 9660
4 8246 9660 578
4 578 9646 8246
4 9646 571 8246
4 578 563 9646
4 9675 563 578
4 9057 9675 578
4 639 9057 578
4 9660 639 578
4 9660 608 639
4 608 9642 639
4 9642 8415 639
4 8415 9668 639
4 9057 639 9668
4 9057 9668 638
4 9273 638 9668
4 9273 9668 8415
4 2445 9273 8415
4 2445 8415 9642
4 2445 9642 664
4 651 2445 664
4 651 664 670
4 660 651 670
4 670 9509 660
4 9509 673 660
4 640 660 673
4 673 636 640
4 640 636 623
4 623 601 640
4 601 606 640
4 606 660 640
4 617 660 606
4 617 606 596
4 9112 617 596
4 9619 9112 596
4 9619 596 579
4 579 596 9425
4 8380 579 9425
4 8380 9425 585
4 8380 585 576
4 8380 576 9665
4 576 608 9665
4 576 9512 608
4 608 9512 9642
4 9512 647 9642
4 647 664 9642
4 647 9576 664
4 664 9576 670
4 9576 9509 670
4 9576 1111 9509
4 1111 688 9509
4 688 673 9509
4 686 673 688
4 703 686 688
4 703 688 1111
4 703 1111 9437
4 703 9437 693
4 703 693 9396
4 702 703 9396
4 702 9396 713
4 713 9899 702
4 702 9899 685
4 702 685 678
4 678 686 702
4 686 703 702
4 678 636 686
4 673 686 636
4 633 636 678
4 633 678 616
4 633 616 8516
4 633 8516 597
4 633 597 623
4 633 623 636
4 9090 623 597
4 597 595 9090
4 9090 595 8840
4 9090 8840 576
4 9090 576 585
4 601 9090 585
4 606 601 585
4 596 606 585
4 9425 596 585
4 601 623 9090
4 8840 618 576
4 576 618 9512
4 647 9512 618
4 647 618 9576
4 9576 618 661
4 661 1111 9576
4 1111 661 9437
4 661 668 9437
4 9437 668 693
4 693 668 9251
4 9251 6711 693
4 6711 713 693
4 713 9396 693
4 708 713 6711
4 690 708 6711
4 690 6711 9251
4 690 9251 626
4 9511 690 626
4 9673 9511 626
4 9673 626 616
4 7228 9673 616
4 685 7228 616
4 685 616 678
4 685 643 7228
4 7228 643 637
4 637 632 7228
4 7228 632 9673
4 632 9511 9673
4 632 1937 9511
4 1937 690 9511
4 1937 9188 690
4 9188 708 690
4 708 9188 8946
4 8946 714 708
4 717 708 714
4 714 711 717
4 711 9237 717
4 9434 717 9237
4 9434 9237 9899
4 713 9434 9899
4 9434 713 708
4 717 9434 708
4 704 9899 9237
4 704 9237 711
4 7764 704 711
4 711 722 7764
4 7764 722 2046
4 8682 7764 2046
4 2655 8682 2046
4 2655 2046 7929
4 2655 7929 9567
4 9047 2655 9567
4 9047 9567 7558
4 1381 9047 7558
4 1381 7558 9361
4 9443 1381 9361
4 9443 9361 9894
4 9443 9894 4712
4 9443 4712 3555
4 3555 6744 9443
4 6744 1381 9443
4 6744 9364 1381
4 9364 9298 1381
4 9298 9047 1381
4 6268 9047 9298
4 6213 6268 9298
4 9298 3558 6213
4 3558 9363 6213
4 9421 6213 9363
4 658 9421 9363
4 658 9363 644
4 9272 658 644
4 637 9272 644
4 644 3560 637
4 637 3560 632
4 3560 1937 632
4 9598 1937 3560
4 9598 3560 644
4 6045 9598 644
4 7465 6045 644
4 9363 7465 644
4 3558 7465 9363
4 3558 7867 7465
4 7867 6145 7465
4 7465 6145 6045
4 6145 9640 6045
4 9640 8946 6045
4 6045 8946 9598
4 9598 8946 1937
4 1937 8946 9188
4 8946 9640 714
4 9640 2525 714
4 2525 7096 714
4 7096 722 714
4 722 711 714
4 9415 722 7096
4 9913 9415 7096
4 9500 9913 7096
4 2525 9500 7096
4 9500 2525 7867
4 7752 9500 7867
4 7752 7867 687
4 7752 687 9568
4 9568 8893 7752
4 8893 9913 7752
4 9500 7752 9913
4 9606 9913 8893
4 9606 8893 3008
4 3008 1338 9606
4 9606 1338 7299
4 7299 9913 9606
4 9415 9913 7299
4 7299 7929 9415
4 9415 7929 2046
4 2046 722 9415
4 7299 1338 7929
4 9567 7929 1338
4 1338 7558 9567
4 1338 9361 7558
4 1338 4651 9361
4 9361 4651 9894
4 4651 9465 9894
4 9465 9676 9894
4 9676 9444 9894
4 9444 4712 9894
4 9444 2441 4712
4 4712 2441 3555
4 2441 7061 3555
4 7061 3088 3555
4 3555 3088 5205
4 6744 3555 5205
4 6744 5205 687
4 9364 6744 687
4 3558 9364 687
4 7867 3558 687
4 9364 3558 9298
4 9898 687 5205
4 9898 5205 9479
4 9367 9898 9479
4 9367 9479 5516
4 9367 5516 7035
4 8089 9367 7035
4 2044 8089 7035
4 7035 9916 2044
4 9916 8676 2044
4 6595 2044 8676
4 6595 8676 9537
4 9537 5075 6595
4 6595 5075 9444
4 6595 9444 9676
4 9676 2044 6595
4 9465 2044 9676
4 2044 9465 8089
4 9465 5039 8089
4 8089 5039 9966
4 8089 9966 9367
4 9367 9966 9898
4 9966 8893 9898
4 9898 8893 9568
4 9568 687 9898
4 8893 9966 3008
4 9966 5039 3008
4 3008 5039 4651
4 3008 4651 1338
4 5039 9465 4651
4 9966 5039 3008
4 5039 9465 4651
4 2441 9444 5075
4 2441 5075 8531
4 2441 8531 7529
4 2441 7529 7061
4 7529 8987 7061
4 7061 8987 1764
4 1764 8489 7061
4 8489 3088 7061
4 8489 8981 3088
4 5516 3088 8981
4 8981 9916 5516
4 7035 5516 9916
4 2872 9916 8981
4 8489 2872 8981
4 1764 2872 8489
4 3221 2872 1764
4 3221 1764 682
4 9607 3221 682
4 9593 9607 682
4 1380 9593 682
4 7529 1380 682
4 7529 682 8987
4 8987 682 1764
4 8531 1380 7529
4 9612 1380 8531
4 9937 9612 8531
4 9937 8531 9537
4 8676 9937 9537
4 9937 8676 3166
4 3166 7852 9937
4 7852 9612 9937
4 7852 2542 9612
4 2542 1380 9612
4 9466 1380 2542
4 7498 9466 2542
4 8425 7498 2542
4 2542 1518 8425
4 1518 8927 8425
4 8927 9647 8425
4 9647 7498 8425
4 9647 9378 7498
4 2993 7498 9378
4 2993 9378 1416
4 1416 3556 2993
4 2993 3556 9593
4 9466 2993 9593
4 1380 9466 9593
4 7498 2993 9466
4 9593 3556 9607
4 3556 3221 9607
4 2536 3221 3556
4 2536 3556 8474
4 2536 8474 2808
4 2536 2808 9393
4 2536 9393 2938
4 3221 2536 2938
4 9075 3221 2938
4 2938 9918 9075
4 9075 9918 2872
4 2872 3221 9075
4 2872 9918 9527
4 2872 9527 9916
4 9527 3166 9916
4 9916 3166 8676
4 9918 3166 9527
4 3166 9918 1519
4 3166 1519 7852
4 7852 1519 1518
4 1518 2542 7852
4 9912 1518 1519
4 1519 9918 9912
4 2938 9912 9918
4 9912 2938 9393
4 9912 9393 2808
4 9225 9912 2808
4 9917 9225 2808
4 6452 9917 2808
4 5875 6452 2808
4 8474 5875 2808
4 8474 1416 5875
4 5875 1416 9483
4 5875 9483 4257
4 5875 4257 9652
4 5875 9652 6452
4 9652 2723 6452
4 2800 6452 2723
4 2800 2723 8344
4 9211 2800 8344
4 9915 9211 8344
4 3687 9915 8344
4 8344 3557 3687
4 3557 9492 3687
4 9492 2721 3687
4 3687 2721 9943
4 9943 9914 3687
4 3687 9914 9915
4 9914 1522 9915
4 9348 9915 1522
4 9579 9348 1522
4 9579 1522 8271
4 733 9579 8271
4 733 8271 9476
4 733 9476 2322
4 733 2322 9495
4 733 9495 5003
4 733 5003 6738
4 733 6738 2051
4 733 2051 9579
4 2051 9926 9579
4 9579 9926 9348
4 9926 9211 9348
4 9211 9915 9348
4 9926 2800 9211
4 9926 9917 2800
4 2800 9917 6452
4 8204 9917 9926
4 2051 8204 9926
4 2051 9289 8204
4 9289 5106 8204
4 8204 5106 1520
4 8204 1520 9917
4 9225 9917 1520
4 9225 1520 9912
4 1520 1518 9912
4 1518 1520 8927
4 8927 1520 5106
4 8927 5106 2543
4 8927 2543 9647
4 2543 9378 9647
4 2543 1419 9378
4 9378 1419 1416
4 1416 1419 9483
4 9483 1419 9002
4 9483 9002 4257
4 4257 9002 5003
4 5003 7304 4257
4 7304 9613 4257
4 4257 9613 8525
4 9652 4257 8525
4 9652 8525 2723
4 8525 9613 2723
4 9613 8344 2723
4 9613 3557 8344
4 7304 3557 9613
4 2994 3557 7304
4 9495 2994 7304
4 9495 7304 5003
4 2322 2994 9495
4 2322 9661 2994
4 9492 2994 9661
4 9492 9661 1671
4 1671 4902 9492
4 4902 2721 9492
4 2721 4902 9609
4 9943 2721 9609
4 9943 9609 7632
4 7632 9076 9943
4 9910 9943 9076
4 9910 9076 9900
4 9900 1021 9910
4 1021 1526 9910
4 1526 9914 9910
4 9910 9914 9943
4 9571 9914 1526
4 3051 9571 1526
4 1526 1021 3051
4 1723 3051 1021
4 9938 1723 1021
4 9930 9938 1021
4 9900 9930 1021
4 3054 9930 9900
4 1525 3054 9900
4 9900 9076 1525
4 7632 1525 9076
4 2559 1525 7632
4 2559 7632 8746
4 2744 2559 8746
4 1417 2744 8746
4 1417 8746 710
4 1418 1417 710
4 710 1671 1418
4 1418 1671 8925
4 1723 1418 8925
4 8657 1723 8925
4 8925 9655 8657
4 9655 2322 8657
4 2322 9476 8657
4 9476 3051 8657
4 8657 3051 1723
4 9476 8271 3051
4 8271 1522 3051
4 1522 9571 3051
4 1522 9914 9571
4 9661 2322 9655
4 1671 9661 9655
4 1671 9655 8925
4 1671 9655 8925
4 8657 3051 1723
4 1723 9938 1418
4 1418 9938 1417
4 1417 9938 8949
4 1417 8949 2323
4 1417 2323 3027
4 3027 2744 1417
4 3027 7872 2744
4 2744 7872 8745
4 8745 8899 2744
4 8899 2559 2744
4 8899 1525 2559
4 1525 8899 2127
4 3054 1525 2127
4 3054 2127 6855
4 6855 7450 3054
4 3054 7450 9930
4 2954 9930 7450
4 2954 7450 9086
4 2954 9086 2323
4 8949 2954 2323
4 8949 9930 2954
4 9938 9930 8949
4 9086 8024 2323
4 2323 8024 9024
4 2323 9024 3027
4 3027 9024 7872
4 9024 9896 7872
4 7872 9896 6504
4 8745 7872 6504
4 6504 8899 8745
4 6504 2465 8899
4 8899 2465 2127
4 2127 2465 9927
4 6855 2127 9927
4 9927 2055 6855
4 2055 9952 6855
4 6855 9952 7450
4 9086 7450 9952
4 9952 8024 9086
4 9952 1547 8024
4 9896 8024 1547
4 9896 1547 6090
4 6823 9896 6090
4 6090 5642 6823
4 6823 5642 2812
4 6823 2812 8512
4 6504 6823 8512
4 6504 8512 2465
4 2465 8512 1842
4 9927 2465 1842
4 7837 9927 1842
4 8903 7837 1842
4 8903 1842 2812
4 8903 2812 9911
4 9911 7837 8903
4 8989 7837 9911
4 8989 9911 3014
4 3100 8989 3014
4 2054 3100 3014
4 2054 3014 8933
4 2054 8933 789
4 2054 789 4961
4 4961 9968 2054
4 9968 8039 2054
4 2054 8039 2685
4 2685 3100 2054
4 2685 8465 3100
4 8465 9019 3100
4 8989 3100 9019
4 2055 8989 9019
4 2055 9019 9952
4 8465 9952 9019
4 9952 8465 1547
4 8465 2685 1547
4 1547 2685 8138
4 8138 6090 1547
4 6090 8138 1434
4 3220 6090 1434
4 3220 1434 9058
4 9058 2532 3220
4 3220 2532 8739
4 3220 8739 2812
4 5642 3220 2812
4 6090 3220 5642
4 2812 8739 9077
4 2812 9077 9911
4 9077 2526 9911
4 2526 9041 9911
4 8933 9911 9041
4 8933 9041 789
4 789 9041 2892
4 789 2892 8333
4 7798 789 8333
4 7798 8333 2113
4 2113 8651 7798
4 8651 9680 7798
4 9680 9968 7798
4 7798 9968 4961
4 4961 789 7798
4 9968 9680 5777
4 9968 5777 8039
4 8039 5777 1434
4 2685 8039 1434
4 2685 1434 8138
4 5777 7970 1434
4 3087 1434 7970
4 3087 7970 9084
4 8009 3087 9084
4 9659 8009 9084
4 3691 9659 9084
4 3691 9084 9895
4 9895 8230 3691
4 8230 8965 3691
4 8965 8952 3691
4 8952 2870 3691
4 9659 3691 2870
4 8009 9659 2870
4 2533 8009 2870
4 2533 2870 2892
4 2533 2892 9041
4 2533 9041 2526
4 2533 2526 2532
4 2533 2532 8009
4 8009 2532 3087
4 3087 2532 9058
4 9058 1434 3087
4 2532 2526 8739
4 8739 2526 9077
4 2892 2870 2704
4 2704 2143 2892
4 8333 2892 2143
4 2660 8333 2143
4 2660 2143 4194
4 9040 2660 4194
4 4726 9040 4194
4 4194 2136 4726
4 2136 8906 4726
4 9931 4726 8906
4 9931 8906 8373
4 8373 8321 9931
4 2929 9931 8321
4 2929 8321 2147
4 8230 2929 2147
4 2147 3174 8230
4 8230 3174 8965
4 3174 2813 8965
4 8965 2813 8952
4 8952 2813 7936
4 2704 8952 7936
4 2143 2704 7936
4 2143 7936 4194
4 7936 3170 4194
4 3170 2136 4194
4 3170 9102 2136
4 9102 2401 2136
4 2401 8906 2136
4 8906 2401 2750
4 8906 2750 8373
4 8373 2750 2943
4 2943 2928 8373
4 8373 2928 8321
4 8321 2928 2147
4 2147 2928 8633
4 8633 5579 2147
4 2147 5579 3174
4 5579 7754 3174
4 7754 2813 3174
4 2813 7754 3170
4 7936 2813 3170
4 7754 9102 3170
4 7754 2514 9102
4 2514 2795 9102
4 2401 9102 2795
4 8655 2401 2795
4 2795 8870 8655
4 8870 798 8655
4 8655 798 812
4 812 810 8655
4 810 8957 8655
4 8655 8957 2401
4 2401 8957 2750
4 8582 2750 8957
4 8957 810 8582
4 802 8582 810
4 824 802 810
4 810 812 824
4 812 798 824
4 798 815 824
4 845 824 815
4 815 842 845
4 860 845 842
4 1401 860 842
4 1401 842 8928
4 836 1401 8928
4 836 8928 834
4 3321 836 834
4 3321 834 793
4 3461 3321 793
4 3461 793 771
4 3461 771 804
4 3461 804 822
4 3321 3461 822
4 3321 822 856
4 3321 856 836
4 856 9710 836
4 1401 836 9710
4 1401 9710 9427
4 9427 864 1401
4 864 860 1401
4 860 864 9329
4 860 9329 2848
4 2848 8824 860
4 860 8824 857
4 845 860 857
4 845 857 828
4 828 824 845
4 828 802 824
4 9936 802 828
4 9936 828 835
4 9936 835 804
4 9936 804 776
4 802 9936 776
4 802 776 8582
4 8582 776 2943
4 2943 2750 8582
4 2943 776 1382
4 1382 9054 2943
4 2943 9054 2928
4 9054 3113 2928
4 2928 3113 8633
4 3113 2553 8633
4 8633 2553 5579
4 2553 2514 5579
4 2514 7754 5579
4 8409 2514 2553
4 8409 2553 7477
4 798 8409 7477
4 798 7477 763
4 798 763 801
4 798 801 815
4 801 834 815
4 842 815 834
4 8928 842 834
4 834 801 793
4 764 793 801
4 764 801 763
4 763 2720 764
4 748 764 2720
4 748 2720 1382
4 1382 768 748
4 768 753 748
4 764 748 753
4 753 771 764
4 764 771 793
4 771 753 768
4 768 804 771
4 804 768 776
4 768 1382 776
4 771 753 768
4 768 1382 776
4 2720 3113 1382
4 1382 3113 9054
4 2720 8552 3113
4 8552 2553 3113
4 7477 2553 8552
4 7477 8552 2720
4 763 7477 2720
4 7477 8552 2720
4 764 748 753
4 763 7477 2720
4 764 771 793
4 764 801 763
4 763 7477 2720
4 798 8870 8409
4 8870 2514 8409
4 8870 2795 2514
4 7477 2553 8552
4 8870 2514 8409
4 8552 2553 3113
4 1382 3113 9054
4 1382 3113 9054
4 768 1382 776
4 804 768 776
4 835 855 804
4 822 804 855
4 855 9446 822
4 822 9446 856
4 9446 862 856
4 856 862 9158
4 9158 9710 856
4 9158 9589 9710
4 9427 9710 9589
4 9427 9589 5396
4 9427 5396 5919
4 5919 864 9427
4 8334 864 5919
4 9463 8334 5919
4 5919 8874 9463
4 8874 891 9463
4 9463 891 886
4 886 8334 9463
4 8334 886 880
4 8334 880 8919
4 8334 8919 2848
4 2848 9329 8334
4 9329 864 8334
4 8919 9113 2848
4 8435 2848 9113
4 8435 9113 885
4 892 8435 885
4 892 9455 8435
4 6355 8435 9455
4 8151 6355 9455
4 8151 9455 898
4 903 8151 898
4 903 8062 8151
4 8062 4878 8151
4 4878 6355 8151
4 6355 4878 9238
4 9238 2372 6355
4 9608 6355 2372
4 2372 2848 9608
4 9608 2848 8435
4 8435 6355 9608
4 2372 8824 2848
4 2372 8395 8824
4 8824 8395 857
4 8395 835 857
4 828 857 835
4 835 8395 855
4 8395 8784 855
4 862 855 8784
4 862 8784 2372
4 862 2372 9238
4 9238 4878 862
4 862 4878 9158
4 4878 9589 9158
4 5396 9589 4878
4 8062 5396 4878
4 8874 5396 8062
4 897 8874 8062
4 897 8062 903
4 8874 897 891
4 5919 5396 8874
4 8395 2372 8784
4 855 862 9446
4 8395 2372 8784
4 8395 2372 8784
4 8435 6355 9608
4 862 2372 9238
4 9238 4878 862
4 8062 5396 4878
4 897 8062 903
4 9455 892 898
4 4878 6355 8151
4 8435 6355 9608
4 9455 892 898
4 8919 885 9113
4 880 885 8919
4 9608 2848 8435
4 8919 885 9113
4 880 885 8919
4 8874 897 891
4 5919 5396 8874
4 886 8334 9463
4 9329 864 8334
4 5919 5396 8874
4 5396 9589 4878
4 4878 9589 9158
4 862 4878 9158
4 855 862 9446
4 855 862 9446
4 835 8395 855
4 828 857 835
4 802 9936 776
4 828 857 835
4 8824 8395 857
4 2372 8824 2848
4 2848 9329 8334
4 9329 864 8334
4 5919 864 9427
4 9427 9710 9589
4 9158 9710 856
4 822 9446 856
4 822 804 855
4 768 804 771
4 764 771 793
4 3321 3461 822
4 834 801 793
4 3321 856 836
4 8928 842 834
4 1401 836 9710
4 8928 842 834
4 864 860 1401
4 845 860 857
4 842 815 834
4 828 824 845
4 798 801 815
4 828 802 824
4 802 776 8582
4 2943 2750 8582
4 8957 810 8582
4 810 812 824
4 812 798 824
4 798 8870 8409
4 8870 2795 2514
4 8655 8957 2401
4 8870 2795 2514
4 2514 7754 5579
4 2514 7754 5579
4 8633 2553 5579
4 2928 3113 8633
4 2943 9054 2928
4 2943 2750 8582
4 2401 8957 2750
4 2401 9102 2795
4 7754 9102 3170
4 7936 2813 3170
4 8952 2704 2870
4 7936 2813 3170
4 7754 2813 3174
4 2147 5579 3174
4 9895 2929 8230
4 2929 9895 8281
4 2617 2929 8281
4 2617 8281 8651
4 2617 8651 2113
4 2617 2113 8575
4 2617 8575 8941
4 8941 2929 2617
4 9931 2929 8941
4 9931 8941 8575
4 9931 8575 4726
4 8575 9040 4726
4 8575 2660 9040
4 2113 2660 8575
4 2113 8333 2660
4 9931 8941 8575
4 2113 2660 8575
4 8651 8281 9678
4 8651 9678 1420
4 9680 8651 1420
4 9680 1420 5777
4 1420 7970 5777
4 1420 9626 7970
4 9084 7970 9626
4 9084 9626 9895
4 9678 9895 9626
4 1420 9678 9626
4 8281 9895 9678
4 1420 9678 9626
4 1420 9678 9626
4 8281 9895 9678
4 8941 2929 2617
4 8281 9895 9678
4 8321 2928 2147
4 9931 2929 8941
4 8373 2928 8321
4 8906 2750 8373
4 9931 8575 4726
4 2401 8906 2136
4 3170 2136 4194
4 8575 9040 4726
4 8575 2660 9040
4 2143 7936 4194
4 2113 8333 2660
4 2143 2704 7936
4 8952 2704 2870
4 2533 2532 8009
4 8952 2704 2870
4 8965 2813 8952
4 8230 3174 8965
4 9895 2929 8230
4 9084 9626 9895
4 9659 3691 2870
4 8009 9659 2870
4 8009 2532 3087
4 9084 7970 9626
4 9058 1434 3087
4 1420 7970 5777
4 9680 1420 5777
4 9680 8651 1420
4 2617 8651 2113
4 2113 8333 2660
4 4961 789 7798
4 8333 2892 2143
4 2533 2892 9041
4 3014 9911 8933
4 2533 9041 2526
4 8739 2526 9077
4 8739 2526 9077
4 2532 2526 8739
4 3087 2532 9058
4 9058 1434 3087
4 6090 3220 5642
4 2685 1434 8138
4 2685 1434 8138
4 2055 7837 8989
4 2055 9927 7837
4 8465 9952 9019
4 8465 2685 1547
4 2685 8039 1434
4 9968 5777 8039
4 7798 9968 4961
4 4961 789 7798
4 8933 9041 789
4 3014 9911 8933
4 2685 3100 2054
4 8989 3100 9019
4 3014 9911 8933
4 2055 7837 8989
4 2812 9077 9911
4 8512 2812 1842
4 9911 7837 8903
4 2055 9927 7837
4 8512 2812 1842
4 6823 6504 9896
4 8512 2812 1842
4 5642 3220 2812
4 6090 3220 5642
4 6823 6504 9896
4 8138 6090 1547
4 9024 8024 9896
4 9952 8465 1547
4 2055 9019 9952
4 2055 9927 7837
4 9927 2465 1842
4 6504 8512 2465
4 6823 6504 9896
4 9024 8024 9896
4 9024 8024 9896
4 9952 8024 9086
4 9086 7450 9952
4 8949 9930 2954
4 6855 9952 7450
4 6855 2127 9927
4 8899 2465 2127
4 6504 8899 8745
4 8745 7872 6504
4 3027 9024 7872
4 2323 9024 3027
4 8949 2954 2323
4 9938 9930 8949
4 1671 9655 8925
4 1671 710 4902
4 4902 710 9609
4 7632 9609 710
4 8746 7632 710
4 1418 9938 1417
4 8746 7632 710
4 3027 2744 1417
4 8899 2559 2744
4 8746 7632 710
4 8899 1525 2559
4 3054 1525 2127
4 3054 7450 9930
4 9938 9930 8949
4 1723 9938 1418
4 8657 3051 1723
4 1522 9571 3051
4 1522 9914 9571
4 1526 1021 3051
4 9900 9930 1021
4 9900 9076 1525
4 9910 9914 9943
4 7632 1525 9076
4 7632 9609 710
4 4902 710 9609
4 1671 710 4902
4 1671 9661 9655
4 3557 2994 9492
4 9661 2322 9655
4 3557 2994 9492
4 8525 9613 2723
4 7304 3557 9613
4 9495 7304 5003
4 6738 5003 9002
4 6738 9002 9533
4 6738 9533 9289
4 9289 2051 6738
4 9533 2543 9289
4 5106 9289 2543
4 1419 2543 9533
4 9533 9002 1419
4 9533 9002 1419
4 9533 9002 1419
4 1419 2543 9533
4 5106 9289 2543
4 8927 1520 5106
4 5106 9289 2543
4 9289 2051 6738
4 8204 1520 9917
4 2051 8204 9926
4 9289 2051 6738
4 6738 5003 9002
4 9495 7304 5003
4 2322 2994 9495
4 2322 9476 8657
4 9476 8271 3051
4 733 2051 9579
4 8271 1522 3051
4 9579 9926 9348
4 9211 9915 9348
4 1522 9914 9571
4 9910 9914 9943
4 9943 2721 9609
4 4902 2721 9492
4 3557 2994 9492
4 9613 3557 8344
4 3687 9914 9915
4 9211 9915 9348
4 9926 2800 9211
4 9613 8344 2723
4 2800 9917 6452
4 9652 8525 2723
4 9652 4257 8525
4 9483 9002 4257
4 1416 1419 9483
4 3556 1416 8474
4 5875 9652 6452
4 2800 9917 6452
4 9225 9917 1520
4 9225 1520 9912
4 1520 1518 9912
4 1519 9918 9912
4 9918 3166 9527
4 2938 9912 9918
4 2872 3221 9075
4 9912 2938 9393
4 9912 9393 2808
4 8474 5875 2808
4 3556 1416 8474
4 3221 2536 2938
4 3556 1416 8474
4 9378 1419 1416
4 7498 2993 9466
4 2543 9378 9647
4 8927 2543 9647
4 1518 1520 8927
4 1518 2542 7852
4 9647 7498 8425
4 7498 2993 9466
4 1380 9466 9593
4 1518 2542 7852
4 3166 1519 7852
4 9916 3166 8676
4 9537 8531 5075
4 7852 9612 9937
4 2542 1380 9612
4 1380 9466 9593
4 9593 3556 9607
4 3556 3221 9607
4 8987 682 1764
4 2872 3221 9075
4 2872 9527 9916
4 9479 3088 5516
4 9479 5205 3088
4 8489 2872 8981
4 1764 2872 8489
4 8987 682 1764
4 7529 682 8987
4 8531 1380 7529
4 9537 8531 5075
4 9537 8531 5075
4 8676 9937 9537
4 9676 2044 6595
4 9916 3166 8676
4 7035 5516 9916
4 2044 9465 8089
4 8089 9966 9367
4 7035 5516 9916
4 9479 3088 5516
4 9367 9966 9898
4 9479 5205 3088
4 9568 687 9898
4 9479 5205 3088
4 8489 3088 7061
4 2441 7529 7061
4 2441 9444 5075
4 6595 9444 9676
4 9465 2044 9676
4 5039 9465 4651
4 3008 4651 1338
4 7299 1338 7929
4 3008 4651 1338
4 8893 9966 3008
4 7299 9913 9606
4 9898 8893 9568
4 9568 687 9898
4 7867 3558 687
4 9500 7752 9913
4 2525 6145 7867
4 2525 9640 6145
4 9500 7752 9913
4 9415 9913 7299
4 2046 722 9415
4 2525 9500 7096
4 2525 9640 6145
4 2525 9640 6145
4 2525 6145 7867
4 7867 3558 687
4 7465 6145 6045
4 6045 8946 9598
4 9598 8946 1937
4 9598 3560 644
4 9272 637 643
4 9272 643 8442
4 8442 1204 9272
4 1204 658 9272
4 658 1204 8682
4 658 8682 9505
4 9421 658 9505
4 9505 6268 9421
4 6213 9421 6268
4 9505 2655 6268
4 6268 2655 9047
4 9505 8682 2655
4 9505 8682 2655
4 8682 1204 7764
4 704 7764 1204
4 704 1204 8442
4 8442 9899 704
4 685 9899 8442
4 685 8442 643
4 704 1204 8442
4 685 8442 643
4 1204 658 9272
4 9363 7465 644
4 9421 658 9505
4 6213 9421 6268
4 3558 7465 9363
4 9364 3558 9298
4 6213 9421 6268
4 6268 2655 9047
4 9364 3558 9298
4 9364 6744 687
4 6744 3555 5205
4 4712 2441 3555
4 9444 4712 9894
4 9361 4651 9894
4 6744 1381 9443
4 1338 9361 7558
4 9298 9047 1381
4 1338 7558 9567
4 6268 2655 9047
4 9567 7929 1338
4 9415 7929 2046
4 9505 8682 2655
4 8682 1204 7764
4 2046 722 9415
4 722 711 714
4 704 7764 1204
4 8442 9899 704
4 717 9434 708
4 704 9237 711
4 722 711 714
4 717 9434 708
4 8946 9640 714
4 1937 8946 9188
4 1937 8946 9188
4 3560 1937 632
4 637 3560 632
4 9272 637 643
4 685 8442 643
4 7228 632 9673
4 616 626 1319
4 616 1319 8516
4 8516 1319 597
4 597 1319 595
4 1319 629 595
4 595 629 618
4 595 618 8840
4 661 618 629
4 661 629 668
4 626 668 629
4 1319 626 629
4 9251 668 626
4 1319 626 629
4 1319 626 629
4 632 9511 9673
4 1937 690 9511
4 9251 668 626
4 9188 708 690
4 9434 713 708
4 690 6711 9251
4 9251 668 626
4 661 629 668
4 661 618 629
4 595 618 8840
4 595 618 8840
4 597 1319 595
4 601 623 9090
4 8516 1319 597
4 616 1319 8516
4 685 616 678
4 633 623 636
4 685 616 678
4 685 9899 8442
4 713 9434 9899
4 713 9396 693
4 686 703 702
4 713 9396 693
4 9437 668 693
4 1111 661 9437
4 686 703 702
4 673 686 636
4 703 688 1111
4 661 1111 9576
4 647 618 9576
4 647 9512 618
4 576 618 9512
4 9090 576 585
4 9425 596 585
4 9425 596 585
4 1713 9112 9619
4 1713 2445 9112
4 9112 2445 617
4 2445 651 617
4 617 651 660
4 7794 2445 1713
4 9273 2445 7794
4 638 9273 7794
4 638 7794 9681
4 9112 2445 617
4 596 606 585
4 617 651 660
4 606 601 585
4 601 623 9090
4 633 623 636
4 673 686 636
4 606 660 640
4 688 673 9509
4 9576 9509 670
4 617 651 660
4 664 9576 670
4 2445 651 617
4 647 664 9642
4 9273 2445 7794
4 638 9273 7794
4 9273 9668 8415
4 2445 8415 9642
4 608 9512 9642
4 9057 639 9668
4 9675 9247 563
4 9660 639 578
4 9660 608 639
4 576 608 9665
4 9646 571 8246
4 8380 576 9665
4 8380 579 9425
4 9619 596 579
4 1713 9112 9619
4 7794 2445 1713
4 638 7794 9681
4 638 7794 9681
4 8740 6818 9491
4 6818 620 9491
4 9057 9668 638
4 9057 9675 578
4 620 5714 599
4 9675 9247 563
4 9558 565 599
4 558 9547 565
4 9675 9247 563
4 561 9488 2286
4 578 563 9646
4 9646 571 8246
4 571 3367 579
4 561 9488 2286
4 3367 9657 1713
4 1247 9681 9657
4 8740 1247 8960
4 8960 587 628
4 584 5672 8960
4 1247 9625 584
4 3367 9488 9625
4 561 9488 2286
4 584 574 567
4 561 9247 9547
4 558 9547 565
4 9005 587 567
4 9005 587 567
4 587 6611 4921
4 9006 9127 6611
4 9006 562 605
4 564 559 9101
4 2141 3233 9101
4 3276 9050 9006
4 3276 9005 558
4 2141 3233 9101
4 609 3233 565
4 558 9547 565
5 65 30 35
5 35 74 65
5 65 74 98
5 126 65 98
5 98 149 126
5 166 126 149
5 213 166 149
5 213 149 189
5 189 202 213
5 143 213 202
5 182 143 202
5 218 182 202
5 202 189 218
5 218 189 177
5 177 2364 218
5 2364 9351 218
5 182 218 9351
5 182 9351 7185
5 105 182 7185
5 8758 105 7185
5 6372 8758 7185
5 9698 6372 7185
5 9698 7185 6265
5 6265 2638 9698
5 9699 9698 2638
5 9699 2638 9762
5 9762 9763 9699
5 9699 9763 4868
5 9699 4868 4666
5 9699 4666 326
5 326 9698 9699
5 6372 9698 326
5 9746 6372 326
5 9746 326 4666
5 4666 3256 9746
5 9746 3256 6634
5 9746 6634 9744
5 9746 9744 3978
5 9746 3978 6372
5 6372 3978 8758
5 8758 3978 105
5 3978 7765 105
5 7765 53 105
5 105 53 2305
5 2305 139 105
5 139 182 105
5 143 182 139
5 2305 143 139
5 2305 132 143
5 180 143 132
5 119 180 132
5 119 132 62
5 5681 119 62
5 5681 62 6892
5 6291 5681 6892
5 2560 6291 6892
5 6892 7568 2560
5 2560 7568 2562
5 2560 2562 8687
5 2560 8687 4744
5 2560 4744 8163
5 2560 8163 6291
5 8163 5118 6291
5 5118 5341 6291
5 5341 5681 6291
5 2074 5681 5341
5 2074 5341 8317
5 8317 4903 2074
5 4903 6014 2074
5 6900 2074 6014
5 6900 6014 7850
5 3433 6900 7850
5 3433 7850 3929
5 3929 3837 3433
5 3433 3837 2176
5 8025 3433 2176
5 175 8025 2176
5 175 2176 106
5 106 144 175
5 144 9450 175
5 9450 206 175
5 216 175 206
5 187 216 206
5 213 187 206
5 206 166 213
5 166 206 9450
5 144 166 9450
5 166 144 126
5 144 82 126
5 126 82 65
5 65 82 30
5 30 82 51
5 30 51 37
5 62 30 37
5 7568 62 37
5 7568 37 2562
5 37 9280 2562
5 9280 2176 2562
5 8687 2562 2176
5 2176 3837 8687
5 8687 3837 4744
5 3929 4744 3837
5 4744 3929 3542
5 8163 4744 3542
5 8163 3542 4843
5 8163 4843 5118
5 5118 4843 2495
5 2495 5263 5118
5 5118 5263 8672
5 5118 8672 5341
5 8672 4676 5341
5 8317 5341 4676
5 4676 4903 8317
5 4676 7780 4903
5 7780 3266 4903
5 4903 3266 6014
5 7850 6014 3266
5 7850 3266 3929
5 3929 3266 3515
5 3542 3929 3515
5 2561 3542 3515
5 7430 2561 3515
5 7430 3515 7579
5 1816 7430 7579
5 1816 7579 7287
5 1816 7287 209
5 6649 1816 209
5 5101 6649 209
5 6971 5101 209
5 6971 209 1302
5 4988 6971 1302
5 9254 4988 1302
5 9254 1302 5541
5 4880 9254 5541
5 4880 5541 1299
5 1299 6664 4880
5 9739 4880 6664
5 9739 6664 2900
5 9739 2900 6983
5 6983 7085 9739
5 7085 3254 9739
5 9739 3254 8407
5 8407 4880 9739
5 4988 4880 8407
5 8407 3254 4988
5 4988 3254 8648
5 4988 8648 5101
5 4988 5101 6971
5 5029 5101 8648
5 2174 5029 8648
5 2174 8648 3254
5 3254 4632 2174
5 4632 5057 2174
5 2174 5057 7135
5 2174 7135 5040
5 2174 5040 5029
5 5029 5040 9018
5 5029 9018 2152
5 5029 2152 5101
5 5101 2152 6649
5 6649 2152 1816
5 2152 8997 1816
5 8997 7430 1816
5 8997 4935 7430
5 4935 2561 7430
5 2492 2561 4935
5 2492 4935 4733
5 2500 2492 4733
5 4733 2725 2500
5 3627 2500 2725
5 3627 2725 3626
5 3626 1301 3627
5 3627 1301 1294
5 1294 2500 3627
5 2500 1294 2495
5 2492 2500 2495
5 2492 2495 4843
5 4843 2561 2492
5 3542 2561 4843
5 2495 1294 9034
5 2495 9034 5263
5 9034 2984 5263
5 5263 2984 7165
5 5263 7165 4676
5 5263 4676 8672
5 4676 7165 7780
5 7287 7780 7165
5 7287 7165 2984
5 209 7287 2984
5 209 2984 4177
5 209 4177 1302
5 4177 1301 1302
5 1301 5541 1302
5 5541 1301 3626
5 9578 5541 3626
5 9578 3626 9288
5 1299 9578 9288
5 1299 9288 6896
5 1299 6896 3841
5 1299 3841 6664
5 2900 6664 3841
5 2900 3841 1298
5 5953 2900 1298
5 174 5953 1298
5 174 1298 3157
5 174 3157 3158
5 3158 8090 174
5 8090 9934 174
5 174 9934 5528
5 174 5528 9730
5 9730 5953 174
5 9730 2900 5953
5 6983 2900 9730
5 6983 9730 9752
5 6983 9752 7085
5 9752 3260 7085
5 4632 7085 3260
5 3260 5057 4632
5 3260 6777 5057
5 6777 3156 5057
5 6896 5057 3156
5 3841 6896 3156
5 1298 3841 3156
5 1298 3156 6386
5 1298 6386 3624
5 3157 1298 3624
5 3157 3624 3158
5 3158 3624 3163
5 3158 3163 3160
5 3890 3158 3160
5 7400 3890 3160
5 1296 7400 3160
5 1296 3160 7386
5 1296 7386 3159
5 3159 9603 1296
5 2279 1296 9603
5 2279 9603 3759
5 2296 2279 3759
5 2296 3759 1295
5 9261 2296 1295
5 2274 9261 1295
5 5174 2274 1295
5 5174 1295 8299
5 3630 5174 8299
5 2501 3630 8299
5 2501 8299 5393
5 2501 5393 9153
5 8809 2501 9153
5 8809 9153 1362
5 8809 1362 1378
5 2503 8809 1378
5 2503 1378 7707
5 2503 7707 2181
5 2181 7022 2503
5 7022 6434 2503
5 6434 2501 2503
5 2503 2501 8809
5 2501 6434 3630
5 6434 3846 3630
5 3161 3630 3846
5 3161 3846 3162
5 3161 3162 2281
5 2285 3161 2281
5 9962 2285 2281
5 7571 9962 2281
5 2696 7571 2281
5 2696 2281 1794
5 2696 1794 2698
5 2694 2696 2698
5 2692 2694 2698
5 2692 2698 2300
5 9201 2692 2300
5 2300 2275 9201
5 9201 2275 4955
5 6501 9201 4955
5 6501 4955 3713
5 2298 6501 3713
5 7155 2298 3713
5 7155 3713 1290
5 7155 1290 8548
5 7155 8548 1565
5 7155 1565 131
5 4400 7155 131
5 2171 4400 131
5 6684 2171 131
5 1564 6684 131
5 1564 131 1565
5 1564 1565 1567
5 1291 1564 1567
5 1567 2494 1291
5 9327 1291 2494
5 9304 9327 2494
5 2494 1370 9304
5 8000 9304 1370
5 1370 3613 8000
5 8000 3613 9750
5 3618 8000 9750
5 3618 9750 4301
5 8790 3618 4301
5 9722 8790 4301
5 9722 4301 2094
5 7353 9722 2094
5 9541 7353 2094
5 9541 2094 5938
5 9541 5938 9963
5 9963 8873 9541
5 9541 8873 1371
5 1371 7353 9541
5 2489 7353 1371
5 1371 4795 2489
5 5793 2489 4795
5 1283 5793 4795
5 4795 9281 1283
5 1283 9281 9440
5 9440 8820 1283
5 8820 5331 1283
5 5331 5793 1283
5 5331 1791 5793
5 8962 5793 1791
5 2508 8962 1791
5 2508 1791 6132
5 1446 2508 6132
5 1446 6132 9513
5 1446 9513 6373
5 9340 1446 6373
5 9750 9340 6373
5 9750 6373 4301
5 4301 6373 9513
5 4301 9513 200
5 4301 200 2094
5 5938 2094 200
5 200 3018 5938
5 3018 6133 5938
5 9963 5938 6133
5 9963 6133 3488
5 9963 3488 6314
5 9963 6314 8873
5 8873 6314 1938
5 1938 6737 8873
5 8873 6737 1371
5 1371 6737 4795
5 6737 9281 4795
5 6737 9714 9281
5 9714 6974 9281
5 9281 6974 2199
5 9440 9281 2199
5 2276 9440 2199
5 2276 2199 8488
5 2513 2276 8488
5 8488 1574 2513
5 2513 1574 1342
5 1798 2513 1342
5 1342 2283 1798
5 2283 2999 1798
5 1798 2999 2293
5 2293 2513 1798
5 2513 2293 2276
5 2293 9932 2276
5 9932 8585 2276
5 8585 8820 2276
5 2276 8820 9440
5 8585 3488 8820
5 5331 8820 3488
5 6133 5331 3488
5 1791 5331 6133
5 1791 6133 3018
5 6132 1791 3018
5 6132 3018 200
5 9513 6132 200
5 6314 3488 8585
5 6314 8585 9932
5 6314 9932 2190
5 6314 2190 1938
5 1938 2190 8660
5 1938 8660 9714
5 1938 9714 6737
5 8660 9720 9714
5 6974 9714 9720
5 3057 6974 9720
5 4268 3057 9720
5 2188 4268 9720
5 2190 2188 9720
5 8660 2190 9720
5 9932 2188 2190
5 9932 9754 2188
5 9754 9933 2188
5 2188 9933 4268
5 9933 9723 4268
5 4268 9723 9715
5 4268 9715 5464
5 4268 5464 3057
5 9422 3057 5464
5 2129 9422 5464
5 2129 5464 9715
5 2343 2129 9715
5 8031 2343 9715
5 9715 6736 8031
5 8031 6736 3499
5 3499 2343 8031
5 3499 4856 2343
5 1570 2343 4856
5 1570 4856 9526
5 9526 1448 1570
5 1448 2510 1570
5 2510 7811 1570
5 8433 1570 7811
5 4876 8433 7811
5 4876 7811 1342
5 8434 4876 1342
5 1574 8434 1342
5 8434 1574 9422
5 4876 8434 9422
5 4876 9422 2129
5 4876 2129 2343
5 8433 4876 2343
5 1570 8433 2343
5 9422 1574 3057
5 2199 3057 1574
5 8488 2199 1574
5 6974 3057 2199
5 4876 8434 9422
5 1342 7811 1449
5 2283 1342 1449
5 1449 3000 2283
5 3000 2999 2283
5 9933 2999 3000
5 9933 3000 8477
5 8477 9723 9933
5 9751 9723 8477
5 8477 3000 9751
5 9751 3000 3230
5 5503 9751 3230
5 9935 5503 3230
5 6878 9935 3230
5 3230 2295 6878
5 6878 2295 1795
5 1795 9755 6878
5 9755 9935 6878
5 9755 8968 9935
5 8968 7515 9935
5 7515 3614 9935
5 3614 5503 9935
5 3614 7725 5503
5 7725 9751 5503
5 7725 6736 9751
5 9723 9751 6736
5 6736 9715 9723
5 7725 3499 6736
5 3614 3499 7725
5 3614 9135 3499
5 3499 9135 4856
5 4856 9135 9278
5 9526 4856 9278
5 9526 9278 3934
5 3934 1448 9526
5 1284 1448 3934
5 3934 6156 1284
5 6156 2757 1284
5 6307 1284 2757
5 6307 2757 1285
5 2511 6307 1285
5 2511 1285 5294
5 2284 2511 5294
5 5669 2284 5294
5 1451 5669 5294
5 1451 5294 1450
5 1450 8773 1451
5 9506 1451 8773
5 2289 9506 8773
5 2289 8773 1793
5 2289 1793 8715
5 8715 9510 2289
5 9510 7214 2289
5 7214 7449 2289
5 2289 7449 9506
5 9506 7449 1451
5 7449 3482 1451
5 3482 5669 1451
5 3482 8902 5669
5 8902 1792 5669
5 5669 1792 2284
5 1792 8366 2284
5 2511 2284 8366
5 2511 8366 6475
5 6475 1284 2511
5 2511 1284 6307
5 1448 1284 6475
5 6475 1795 1448
5 1448 1795 2295
5 2295 2510 1448
5 2295 1449 2510
5 7811 2510 1449
5 3230 1449 2295
5 3230 3000 1449
5 8366 1795 6475
5 9369 1795 8366
5 1792 9369 8366
5 9369 1792 7415
5 9961 9369 7415
5 9961 7415 7244
5 7244 8169 9961
5 8169 4458 9961
5 4458 7515 9961
5 9961 7515 8968
5 9755 9961 8968
5 9961 9755 9369
5 9369 9755 1795
5 9711 7515 4458
5 9711 4458 6156
5 9278 9711 6156
5 3934 9278 6156
5 9278 9135 9711
5 9711 9135 3614
5 9711 3614 7515
5 6156 4458 2757
5 4458 8169 2757
5 8169 9712 2757
5 6722 2757 9712
5 9194 6722 9712
5 9194 9712 8793
5 2758 9194 8793
5 2758 8793 4511
5 2758 4511 9454
5 9624 2758 9454
5 7222 9624 9454
5 9713 7222 9454
5 9454 8402 9713
5 8402 1714 9713
5 7421 9713 1714
5 1714 7634 7421
5 7634 3056 7421
5 7421 3056 47
5 79 7421 47
5 78 79 47
5 100 78 47
5 100 47 129
5 129 160 100
5 100 160 138
5 100 138 146
5 100 146 78
5 78 146 120
5 120 79 78
5 79 120 9139
5 79 9139 1341
5 1341 1571 79
5 79 1571 7421
5 7421 1571 9713
5 1571 9641 9713
5 9641 7222 9713
5 1286 7222 9641
5 9206 1286 9641
5 9206 9641 1571
5 1341 9206 1571
5 1341 8772 9206
5 9206 8772 1793
5 1793 1286 9206
5 1793 8773 1286
5 8773 9501 1286
5 9501 9624 1286
5 1286 9624 7222
5 9501 2758 9624
5 4310 2758 9501
5 4310 9501 1450
5 1285 4310 1450
5 5294 1285 1450
5 1285 9194 4310
5 9194 2758 4310
5 9194 1285 6722
5 2757 6722 1285
5 8773 1450 9501
5 9194 2758 4310
5 8773 1450 9501
5 8715 1793 8772
5 8715 8772 158
5 8715 158 3227
5 3227 9756 8715
5 8715 9756 9510
5 9756 9573 9510
5 9573 7214 9510
5 9573 8550 7214
5 8550 2189 7214
5 9749 7214 2189
5 9749 2189 7709
5 9749 7709 9180
5 9180 3482 9749
5 9749 3482 7449
5 7214 9749 7449
5 5713 3482 9180
5 9180 3966 5713
5 5713 3966 7244
5 7244 7415 5713
5 7415 8902 5713
5 8902 3482 5713
5 7415 1792 8902
5 3966 8169 7244
5 3966 9712 8169
5 7709 9712 3966
5 9180 7709 3966
5 8793 9712 7709
5 4511 8793 7709
5 4511 7709 2189
5 8402 4511 2189
5 2189 8550 8402
5 8402 8550 1714
5 8550 3617 1714
5 7634 1714 3617
5 3056 7634 3617
5 125 3056 3617
5 3617 222 125
5 222 234 125
5 125 234 236
5 125 236 205
5 125 205 129
5 3056 125 129
5 3056 129 47
5 129 205 235
5 129 235 160
5 235 1028 160
5 204 160 1028
5 232 204 1028
5 328 232 1028
5 1028 329 328
5 329 8646 328
5 328 8646 8821
5 8821 5651 328
5 5651 324 328
5 324 232 328
5 324 308 232
5 308 237 232
5 237 204 232
5 204 237 146
5 204 146 138
5 204 138 160
5 201 146 237
5 201 237 238
5 198 201 238
5 198 238 245
5 198 245 234
5 234 222 198
5 3227 198 222
5 9756 3227 222
5 3617 9756 222
5 3617 8550 9756
5 9756 8550 9573
5 158 198 3227
5 8818 198 158
5 120 8818 158
5 158 9139 120
5 158 1341 9139
5 1341 158 8772
5 120 201 8818
5 201 198 8818
5 120 146 201
5 201 198 8818
5 234 245 236
5 236 245 323
5 320 236 323
5 320 323 9043
5 320 9043 9774
5 320 9774 313
5 236 320 313
5 313 235 236
5 205 236 235
5 329 235 313
5 313 9774 329
5 8646 329 9774
5 2605 8646 9774
5 2605 9774 8268
5 2605 8268 7674
5 7674 9830 2605
5 2345 2605 9830
5 9830 2352 2345
5 1967 2345 2352
5 1967 2352 9787
5 317 1967 9787
5 9787 349 317
5 317 349 9973
5 238 317 9973
5 238 9973 245
5 9973 323 245
5 323 9973 349
5 323 349 9043
5 8568 9043 349
5 8568 349 9787
5 2538 8568 9787
5 8536 2538 9787
5 2352 8536 9787
5 2352 9791 8536
5 8536 9791 2538
5 8061 2538 9791
5 8061 9791 9825
5 1503 8061 9825
5 1503 9825 9252
5 1503 9252 9575
5 9575 2211 1503
5 1503 2211 7909
5 1503 7909 2810
5 8061 1503 2810
5 8061 2810 8680
5 8061 8680 2538
5 8680 1465 2538
5 2538 1465 8568
5 9043 8568 1465
5 9043 1465 9774
5 1465 8268 9774
5 8268 1465 8680
5 8268 8680 9412
5 7674 8268 9412
5 7674 9412 2460
5 2460 9830 7674
5 2460 3470 9830
5 9830 3470 2352
5 3470 8872 2352
5 2352 8872 9791
5 8872 2150 9791
5 2150 8503 9791
5 9791 8503 9825
5 8503 9789 9825
5 9252 9825 9789
5 9823 9252 9789
5 9823 9789 8210
5 9823 8210 9324
5 1514 9823 9324
5 1514 9324 9790
5 1514 9790 9821
5 1514 9821 7368
5 6070 1514 7368
5 6070 7368 1515
5 2204 6070 1515
5 2204 1515 1510
5 9777 2204 1510
5 9779 9777 1510
5 9779 1510 2209
5 1397 9779 2209
5 2209 1516 1397
5 1516 1511 1397
5 1397 1511 3289
5 1397 3289 9778
5 9778 9779 1397
5 9779 9778 2463
5 9779 2463 9784
5 9784 9777 9779
5 9782 9777 9784
5 9784 2471 9782
5 9782 2471 1657
5 1657 9799 9782
5 9799 7826 9782
5 9782 7826 2204
5 9782 2204 9777
5 7826 9781 2204
5 9781 6070 2204
5 9781 9136 6070
5 6070 9136 1514
5 9136 2211 1514
5 9823 1514 2211
5 9823 2211 9575
5 9575 9252 9823
5 2211 9136 9776
5 2211 9776 9310
5 9310 7909 2211
5 6463 7909 9310
5 6463 9310 8935
5 6463 8935 2460
5 9412 6463 2460
5 9412 2810 6463
5 6463 2810 7909
5 8680 2810 9412
5 9829 2460 8935
5 9829 8935 5446
5 9829 5446 6484
5 6484 2156 9829
5 9829 2156 2150
5 7243 9829 2150
5 3470 7243 2150
5 3470 2150 8872
5 7243 3470 2460
5 9829 7243 2460
5 9829 7243 2460
5 2150 2156 9789
5 2150 9789 8503
5 2156 2149 9789
5 2149 8210 9789
5 2149 9790 8210
5 9324 8210 9790
5 2149 1968 9790
5 2148 9790 1968
5 1968 2983 2148
5 2148 2983 2151
5 2151 9792 2148
5 2148 9792 9790
5 9792 9821 9790
5 9821 9792 9828
5 9828 1515 9821
5 7368 9821 1515
5 9828 9824 1515
5 9824 1510 1515
5 3191 1510 9824
5 3191 9824 9827
5 3191 9827 1516
5 2209 3191 1516
5 2209 1510 3191
5 9820 1516 9827
5 9827 1977 9820
5 1586 9820 1977
5 2349 1586 1977
5 2349 1977 1976
5 2065 2349 1976
5 2065 1976 2358
5 2073 2065 2358
5 2073 2358 2157
5 2073 2157 2158
5 1657 2073 2158
5 2158 9794 1657
5 1657 9794 9799
5 2482 9799 9794
5 2983 2482 9794
5 9794 2158 2983
5 2983 2158 2151
5 2158 2157 2151
5 2151 2157 1981
5 2151 1981 9786
5 2151 9786 9792
5 9786 9828 9792
5 9786 9824 9828
5 9786 1981 9824
5 1981 2154 9824
5 9824 2154 9827
5 1977 9827 2154
5 2154 1976 1977
5 2358 1976 2154
5 2154 2157 2358
5 2157 2154 1981
5 2157 2154 1981
5 9786 1981 9824
5 2157 2154 1981
5 2983 2981 2482
5 2981 6484 2482
5 2482 6484 9796
5 9796 9799 2482
5 9796 7826 9799
5 9796 9781 7826
5 9166 9781 9796
5 6484 9166 9796
5 6484 5446 9166
5 9166 5446 9776
5 9776 9781 9166
5 9136 9781 9776
5 5446 8935 9776
5 9310 9776 8935
5 9776 9781 9166
5 6484 9166 9796
5 2981 2156 6484
5 2149 2156 2981
5 1968 2149 2981
5 2981 2983 1968
5 2981 2983 1968
5 9796 9799 2482
5 9794 2158 2983
5 1657 2471 2073
5 2470 2073 2471
5 2470 2471 9784
5 9784 2463 2470
5 2470 2463 2464
5 2470 2464 2065
5 2073 2470 2065
5 2464 2349 2065
5 2064 2349 2464
5 2464 7127 2064
5 7127 2466 2064
5 2466 2355 2064
5 2064 2355 1586
5 2349 2064 1586
5 9976 1586 2355
5 2355 1982 9976
5 1982 9785 9976
5 2367 9976 9785
5 2367 9785 3184
5 3184 1500 2367
5 2367 1500 1466
5 2367 1466 1513
5 2367 1513 9822
5 9822 9976 2367
5 9822 1586 9976
5 1586 9822 9820
5 6656 9820 9822
5 1513 6656 9822
5 1513 6445 6656
5 6656 6445 9820
5 6445 1511 9820
5 9820 1511 1516
5 3289 1511 6445
5 3289 6445 1513
5 1513 9949 3289
5 9949 9783 3289
5 9783 2611 3289
5 9778 3289 2611
5 9778 2611 2463
5 9797 2463 2611
5 9797 2611 9783
5 2466 9797 9783
5 9783 9798 2466
5 2466 9798 2355
5 2355 9798 1652
5 2355 1652 1982
5 1985 1982 1652
5 9026 1985 1652
5 2481 9026 1652
5 2481 1652 9798
5 9798 2612 2481
5 7758 2481 2612
5 9773 7758 2612
5 9209 9773 2612
5 9798 9209 2612
5 9798 9783 9209
5 9783 9949 9209
5 9209 9949 9773
5 9773 9949 1466
5 2200 9773 1466
5 2200 1466 1500
5 2200 1500 8161
5 7758 2200 8161
5 7758 8161 9775
5 9775 2481 7758
5 9775 6346 2481
5 2481 6346 1653
5 2481 1653 9026
5 1653 1985 9026
5 1985 1653 2356
5 2356 9788 1985
5 1985 9788 9785
5 1982 1985 9785
5 9788 3184 9785
5 9788 9826 3184
5 1501 3184 9826
5 1501 9826 8866
5 8866 1460 1501
5 1501 1460 9556
5 1501 9556 8161
5 8161 1500 1501
5 1500 3184 1501
5 9538 8161 9556
5 9538 9556 1460
5 2201 9538 1460
5 1460 8070 2201
5 8070 9780 2201
5 2201 9780 8529
5 2201 8529 9538
5 9538 8529 9775
5 9538 9775 8161
5 8529 9574 9775
5 9775 9574 6346
5 9574 9795 6346
5 9795 2647 6346
5 6346 2647 1653
5 2647 2356 1653
5 2356 2647 8491
5 2356 8491 9826
5 9788 2356 9826
5 8491 9375 9826
5 9826 9375 3180
5 9826 3180 8866
5 3180 1460 8866
5 1460 3180 8923
5 8923 8070 1460
5 1461 8070 8923
5 8923 3180 1461
5 3180 9121 1461
5 1461 9121 905
5 1461 905 911
5 911 914 1461
5 1461 914 8070
5 914 9056 8070
5 9056 9780 8070
5 8445 9780 9056
5 8445 9056 923
5 8214 8445 923
5 927 8214 923
5 927 1978 8214
5 8214 1978 2647
5 9795 8214 2647
5 8214 9795 8445
5 8445 9795 9780
5 9780 9795 8529
5 8529 9795 9574
5 8491 2647 1978
5 8491 1978 9375
5 1978 9793 9375
5 3180 9375 9793
5 3180 9793 9121
5 9121 9793 9974
5 9974 905 9121
5 920 9974 9793
5 920 9793 1978
5 920 1978 927
5 920 9793 1978
5 920 1978 927
5 8214 9795 8445
5 918 923 9056
5 9056 914 918
5 8445 9795 9780
5 9056 914 918
5 9974 905 9121
5 3180 9793 9121
5 1461 914 8070
5 8923 3180 1461
5 3180 9375 9793
5 8491 1978 9375
5 8491 2647 1978
5 9795 8214 2647
5 8529 9795 9574
5 8529 9795 9574
5 9780 9795 8529
5 9056 9780 8070
5 8923 8070 1460
5 2201 8529 9538
5 9538 9775 8161
5 9538 9556 1460
5 3180 1460 8866
5 9826 3180 8866
5 1500 3184 1501
5 9788 2356 9826
5 9788 2356 9826
5 2647 2356 1653
5 6346 2647 1653
5 9775 9574 6346
5 9538 9775 8161
5 9773 2200 7758
5 8161 1500 1501
5 9773 2200 7758
5 9949 1513 1466
5 9209 9949 9773
5 9773 2200 7758
5 9775 2481 7758
5 9798 9209 2612
5 2481 1653 9026
5 1653 1985 9026
5 1982 1985 9785
5 2481 1652 9798
5 9798 9783 9209
5 9797 2466 7127
5 9797 7127 2464
5 2463 9797 2464
5 2463 9797 2464
5 9797 2611 9783
5 9783 9949 9209
5 9949 1513 1466
5 3289 6445 1513
5 6656 6445 9820
5 1513 6656 9822
5 9949 1513 1466
5 2200 1466 1500
5 1500 3184 1501
5 9788 3184 9785
5 9822 9976 2367
5 1982 1985 9785
5 2355 1652 1982
5 9822 1586 9976
5 2466 9798 2355
5 9797 2466 7127
5 9797 7127 2464
5 2349 2064 1586
5 2463 9797 2464
5 2073 2470 2065
5 2158 2157 2151
5 2154 2157 2358
5 2073 2470 2065
5 2358 1976 2154
5 2464 2349 2065
5 2154 1976 1977
5 2349 2064 1586
5 1586 9822 9820
5 1977 9827 2154
5 9820 1511 1516
5 9824 2154 9827
5 2209 1510 3191
5 9786 9824 9828
5 9786 9828 9792
5 2151 9786 9792
5 2983 2158 2151
5 2981 2983 1968
5 2148 9792 9790
5 1968 2149 2981
5 2149 2156 2981
5 2981 2156 6484
5 6484 5446 9166
5 5446 8935 9776
5 9829 7243 2460
5 9310 9776 8935
5 6463 2810 7909
5 9310 9776 8935
5 9136 9781 9776
5 9136 9781 9776
5 9796 9781 7826
5 9796 7826 9799
5 1657 9794 9799
5 1657 2471 2073
5 2470 2471 9784
5 9782 2204 9777
5 9784 2463 2470
5 9778 2611 2463
5 9778 3289 2611
5 3289 1511 6445
5 9820 1511 1516
5 2209 3191 1516
5 9778 9779 1397
5 2209 1510 3191
5 9784 9777 9779
5 9782 2204 9777
5 9824 1510 1515
5 9781 6070 2204
5 7368 9821 1515
5 6070 9136 1514
5 7368 9821 1515
5 9792 9821 9790
5 9324 8210 9790
5 9823 1514 2211
5 9324 8210 9790
5 2149 8210 9789
5 9575 9252 9823
5 2150 9789 8503
5 2150 9789 8503
5 3470 2150 8872
5 3470 2150 8872
5 7243 3470 2460
5 9412 6463 2460
5 8680 2810 9412
5 8268 1465 8680
5 8680 2810 9412
5 6463 2810 7909
5 9310 7909 2211
5 9823 2211 9575
5 9575 9252 9823
5 9252 9825 9789
5 8061 1503 2810
5 9791 8503 9825
5 8061 8680 2538
5 2352 8872 9791
5 8536 9791 2538
5 2538 1465 8568
5 9043 8568 1465
5 308 317 238
5 238 237 308
5 324 317 308
5 1967 317 324
5 324 5651 1967
5 5651 2345 1967
5 8821 2345 5651
5 8821 2605 2345
5 8821 8646 2605
5 323 9973 349
5 8568 349 9787
5 1967 317 324
5 2352 8536 9787
5 5651 2345 1967
5 9830 3470 2352
5 8821 2605 2345
5 2460 9830 7674
5 7674 8268 9412
5 1465 8268 9774
5 8821 8646 2605
5 235 329 1028
5 313 9774 329
5 9043 1465 9774
5 323 349 9043
5 236 320 313
5 9973 323 245
5 238 9973 245
5 201 198 8818
5 238 237 308
5 120 146 201
5 238 237 308
5 324 317 308
5 324 5651 1967
5 8821 2345 5651
5 8821 8646 2605
5 8646 329 9774
5 235 329 1028
5 324 232 328
5 237 204 232
5 204 138 160
5 235 329 1028
5 205 236 235
5 205 236 235
5 234 245 236
5 234 222 198
5 3617 9756 222
5 3056 125 129
5 3617 8550 9756
5 4511 8402 9454
5 9180 7709 3966
5 8902 3482 5713
5 9180 7709 3966
5 4511 7709 2189
5 7214 9749 7449
5 2189 8550 8402
5 9756 8550 9573
5 9756 8550 9573
5 9756 3227 222
5 158 198 3227
5 1341 158 8772
5 1341 158 8772
5 1793 1286 9206
5 1286 9624 7222
5 9206 9641 1571
5 1341 9206 1571
5 158 1341 9139
5 158 9139 120
5 120 146 201
5 204 146 138
5 204 138 160
5 129 235 160
5 3056 129 47
5 100 146 78
5 120 79 78
5 79 1571 7421
5 3056 129 47
5 3056 7634 3617
5 7634 1714 3617
5 7421 1571 9713
5 8402 8550 1714
5 4511 8402 9454
5 9641 7222 9713
5 1286 9624 7222
5 9501 2758 9624
5 4511 8402 9454
5 4511 8793 7709
5 9194 2758 4310
5 8793 9712 7709
5 9194 1285 6722
5 2757 6722 1285
5 3966 9712 8169
5 9711 3614 7515
5 4458 8169 2757
5 3966 8169 7244
5 7244 7415 5713
5 9961 9755 9369
5 7415 1792 8902
5 9369 9755 1795
5 8366 1795 6475
5 1792 9369 8366
5 7415 1792 8902
5 8902 3482 5713
5 9749 3482 7449
5 7214 9749 7449
5 9573 7214 9510
5 8715 9756 9510
5 8715 1793 8772
5 1793 8773 1286
5 2289 7449 9506
5 9506 7449 1451
5 8773 1450 9501
5 5294 1285 1450
5 3482 5669 1451
5 5669 1792 2284
5 2511 2284 8366
5 5294 1285 1450
5 2511 1284 6307
5 2757 6722 1285
5 2511 1284 6307
5 6156 4458 2757
5 3934 9278 6156
5 1448 1284 6475
5 3934 9278 6156
5 9278 9135 9711
5 9711 9135 3614
5 3614 3499 7725
5 9711 3614 7515
5 9961 7515 8968
5 9755 9961 8968
5 9369 9755 1795
5 1448 1795 2295
5 3230 1449 2295
5 9755 9935 6878
5 3614 5503 9935
5 7725 9751 5503
5 3230 3000 1449
5 9723 9751 6736
5 8477 3000 9751
5 9933 9754 2999
5 9754 2293 2999
5 2293 9754 9932
5 3230 3000 1449
5 7811 2510 1449
5 8433 4876 2343
5 1570 8433 2343
5 7811 2510 1449
5 2295 2510 1448
5 3934 1448 9526
5 9526 4856 9278
5 1570 8433 2343
5 3499 9135 4856
5 7725 3499 6736
5 6736 9715 9723
5 3499 2343 8031
5 4876 2129 2343
5 4876 9422 2129
5 9422 1574 3057
5 2129 5464 9715
5 6736 9715 9723
5 8477 9723 9933
5 9933 9754 2999
5 2293 9754 9932
5 2188 9933 4268
5 4268 5464 3057
5 6974 3057 2199
5 8660 2190 9720
5 8660 2190 9720
5 9932 2188 2190
5 6314 8585 9932
5 2293 9754 9932
5 9754 2293 2999
5 3000 2999 2283
5 2283 1342 1449
5 2293 2513 1798
5 1574 8434 1342
5 8488 2199 1574
5 2513 2293 2276
5 8488 2199 1574
5 2276 8820 9440
5 6974 3057 2199
5 6974 9714 9720
5 1938 9714 6737
5 1938 9714 6737
5 6314 2190 1938
5 6314 3488 8585
5 6133 5331 3488
5 1791 6133 3018
5 6132 3018 200
5 9513 6132 200
5 9750 1169 9340
5 5079 9340 1169
5 2171 5079 1169
5 7335 2171 1169
5 4425 7335 1169
5 8881 4425 1169
5 9750 8881 1169
5 3613 8881 9750
5 3613 4425 8881
5 3613 8044 4425
5 8628 4425 8044
5 8628 8044 9964
5 8628 9964 2689
5 2689 4400 8628
5 8628 4400 7335
5 4425 8628 7335
5 4400 2171 7335
5 2689 2298 4400
5 4400 2298 7155
5 2689 6327 2298
5 6327 6501 2298
5 6327 9757 6501
5 6501 9757 2692
5 6501 2692 9201
5 2692 9757 7955
5 2692 7955 2694
5 150 2694 7955
5 150 7955 9757
5 9757 8382 150
5 5896 150 8382
5 5896 8382 3060
5 39 5896 3060
5 5252 39 3060
5 8918 5252 3060
5 8918 3060 8260
5 3501 8918 8260
5 3501 8260 9964
5 9964 6566 3501
5 6566 9301 3501
5 1160 3501 9301
5 1565 1160 9301
5 1565 9301 1567
5 1567 9301 6566
5 1567 6566 1370
5 1370 2494 1567
5 1370 6566 3613
5 8044 3613 6566
5 9964 8044 6566
5 1565 8548 1160
5 8548 1290 1160
5 8412 1160 1290
5 8211 8412 1290
5 4955 8211 1290
5 3713 4955 1290
5 4955 2275 8211
5 2275 4678 8211
5 4678 6151 8211
5 8211 6151 8412
5 39 8412 6151
5 8527 39 6151
5 2491 8527 6151
5 4678 2491 6151
5 9394 2491 4678
5 2275 9394 4678
5 9394 2275 6158
5 72 9394 6158
5 72 6158 3162
5 3162 3846 72
5 72 3846 5623
5 72 5623 2491
5 72 2491 9394
5 2491 5623 4344
5 8527 2491 4344
5 4344 5896 8527
5 8527 5896 39
5 4344 150 5896
5 3300 150 4344
5 7388 3300 4344
5 7388 4344 5623
5 2182 7388 5623
5 2182 5623 5046
5 2182 5046 9328
5 2173 2182 9328
5 2173 9328 4877
5 7571 2173 4877
5 9962 7571 4877
5 9962 4877 1373
5 1373 9758 9962
5 1784 9962 9758
5 9758 3231 1784
5 1784 3231 2274
5 1784 2274 2285
5 2285 9962 1784
5 2285 2274 5174
5 3161 2285 5174
5 3161 5174 3630
5 2274 3231 9261
5 9261 3231 2296
5 3231 2693 2296
5 2693 2279 2296
5 2693 7810 2279
5 7810 3232 2279
5 2279 3232 2280
5 2280 1296 2279
5 1296 2280 7400
5 7400 2280 8235
5 7400 8235 3890
5 3890 8235 3604
5 3890 3604 8090
5 3158 3890 8090
5 3604 9934 8090
5 9934 3604 8361
5 9753 9934 8361
5 8361 5411 9753
5 5411 3253 9753
5 5981 9753 3253
5 9399 5981 3253
5 6776 9399 3253
5 1359 6776 3253
5 5674 1359 3253
5 5707 5674 3253
5 5707 3253 5411
5 3265 5707 5411
5 9760 3265 5411
5 9760 5411 8361
5 8361 3604 9760
5 3604 8235 9760
5 8235 3232 9760
5 3232 9759 9760
5 3265 9760 9759
5 9759 8658 3265
5 8658 7680 3265
5 3265 7680 2502
5 2502 5707 3265
5 2502 5674 5707
5 5674 2502 2498
5 1359 5674 2498
5 3163 1359 2498
5 2498 3160 3163
5 3160 2498 6964
5 6964 7386 3160
5 6964 2496 7386
5 2496 3159 7386
5 8759 3159 2496
5 8759 2496 3061
5 1362 8759 3061
5 1362 3061 8713
5 1362 8713 1378
5 3264 1378 8713
5 3264 8713 3061
5 3261 3264 3061
5 3261 3061 7680
5 3261 7680 8658
5 9759 3261 8658
5 9759 9059 3261
5 9059 2693 3261
5 2693 3264 3261
5 9758 3264 2693
5 9758 2693 3231
5 1373 3264 9758
5 3264 1373 1378
5 1373 7707 1378
5 1373 2181 7707
5 2181 1373 4877
5 2181 4877 9328
5 9328 5046 2181
5 2181 5046 7022
5 5046 6434 7022
5 5046 3846 6434
5 3846 5046 5623
5 2693 9059 7810
5 9059 9759 7810
5 7810 9759 3232
5 9059 9759 7810
5 2496 7680 3061
5 2496 2502 7680
5 6964 2502 2496
5 2498 2502 6964
5 2693 3264 3261
5 3264 1373 1378
5 3264 8713 3061
5 1362 5393 8759
5 7418 8759 5393
5 1295 7418 5393
5 1295 5393 8299
5 7418 1295 3759
5 3159 7418 3759
5 3159 3759 9603
5 3159 8759 7418
5 3159 8759 7418
5 5393 1362 9153
5 2496 7680 3061
5 3159 8759 7418
5 6964 2502 2496
5 2498 2502 6964
5 3163 3624 1359
5 1359 3624 6776
5 6776 3624 3597
5 3597 9399 6776
5 3597 3260 9399
5 3260 9752 9399
5 9399 9752 5981
5 9730 5981 9752
5 9730 5528 5981
5 5528 9934 5981
5 5981 9934 9753
5 3260 3597 6777
5 3597 3156 6777
5 6386 3156 3597
5 3597 3624 6386
5 3597 3624 6386
5 2498 2502 6964
5 2496 2502 7680
5 3261 7680 8658
5 9759 3261 8658
5 7810 9759 3232
5 3232 8235 2280
5 3265 9760 9759
5 2502 5707 3265
5 2502 5674 5707
5 1359 5674 2498
5 1359 3624 6776
5 3597 9399 6776
5 9399 9752 5981
5 5981 9934 9753
5 5707 3253 5411
5 9760 5411 8361
5 5981 9934 9753
5 8361 3604 9760
5 3604 8235 9760
5 3232 8235 2280
5 3232 8235 2280
5 7810 9759 3232
5 2693 9059 7810
5 9758 2693 3231
5 9758 2693 3231
5 2285 9962 1784
5 1373 3264 9758
5 2181 1373 4877
5 7571 2696 2173
5 2696 9027 2173
5 2173 9027 2182
5 9027 3300 2182
5 2182 3300 7388
5 3300 9027 2694
5 150 3300 2694
5 2696 2694 9027
5 2696 2694 9027
5 2181 4877 9328
5 2173 9027 2182
5 9328 5046 2181
5 3846 5046 5623
5 2182 3300 7388
5 2182 3300 7388
5 150 3300 2694
5 7388 4344 5623
5 3846 5046 5623
5 6158 1794 3162
5 3162 1794 2281
5 1794 6158 9118
5 2698 1794 9118
5 2698 9118 2300
5 2300 9118 2275
5 2275 9118 6158
5 2275 9118 6158
5 72 2491 9394
5 2275 9118 6158
5 72 2491 9394
5 8527 2491 4344
5 8527 5896 39
5 8412 39 1160
5 39 5252 1160
5 5252 3501 1160
5 3501 5252 8918
5 4678 2491 6151
5 2275 9394 4678
5 8211 6151 8412
5 8412 39 1160
5 5252 3501 1160
5 1567 9301 6566
5 9964 8044 6566
5 8260 2689 9964
5 4828 2689 8260
5 3060 4828 8260
5 3060 8382 4828
5 8382 9757 4828
5 9757 6327 4828
5 6327 2689 4828
5 6327 2689 4828
5 3501 5252 8918
5 3060 4828 8260
5 3501 5252 8918
5 39 5252 1160
5 8527 5896 39
5 3060 8382 4828
5 4344 150 5896
5 8382 9757 4828
5 150 3300 2694
5 150 7955 9757
5 9757 6327 4828
5 6327 2689 4828
5 8260 2689 9964
5 9964 8044 6566
5 4425 8628 7335
5 8044 3613 6566
5 3613 4425 8881
5 4425 8628 7335
5 4400 2171 7335
5 3736 5079 2171
5 3736 2171 6684
5 1291 3736 6684
5 1291 6684 1564
5 1291 5978 3736
5 5978 6963 3736
5 6963 5079 3736
5 1446 5079 6963
5 1446 6963 2508
5 2508 6963 1573
5 1573 8962 2508
5 8962 1573 2932
5 8962 2932 2489
5 5793 8962 2489
5 2489 2932 9722
5 2489 9722 7353
5 9722 2932 9317
5 9317 8790 9722
5 9721 8790 9317
5 9721 9317 9349
5 9349 9327 9721
5 9327 9304 9721
5 3618 9721 9304
5 3618 9304 8000
5 9721 3618 8790
5 9327 9349 5978
5 9327 5978 1291
5 5978 9349 1573
5 5978 1573 6963
5 1573 9349 2932
5 9317 2932 9349
5 9317 2932 9349
5 9721 3618 8790
5 9317 2932 9349
5 1573 9349 2932
5 5978 1573 6963
5 5079 1446 9340
5 5978 1573 6963
5 9327 5978 1291
5 6963 5079 3736
5 5079 1446 9340
5 9750 8881 1169
5 5079 1446 9340
5 4301 6373 9513
5 9513 6132 200
5 1446 6963 2508
5 6132 1791 3018
5 1573 8962 2508
5 5793 8962 2489
5 1791 5331 6133
5 5331 8820 3488
5 2276 8820 9440
5 9440 9281 2199
5 6737 9281 4795
5 5331 5793 1283
5 5793 8962 2489
5 1371 6737 4795
5 2489 9722 7353
5 8873 6737 1371
5 9963 6314 8873
5 9963 5938 6133
5 5938 2094 200
5 1371 7353 9541
5 2489 9722 7353
5 4301 200 2094
5 9317 8790 9722
5 9721 3618 8790
5 9750 6373 4301
5 3618 9304 8000
5 3613 8881 9750
5 1370 6566 3613
5 3618 9304 8000
5 1370 2494 1567
5 9327 9304 9721
5 9327 5978 1291
5 1370 2494 1567
5 1291 6684 1564
5 1565 9301 1567
5 1291 6684 1564
5 3736 2171 6684
5 4400 2171 7335
5 4400 2298 7155
5 1564 131 1565
5 1565 8548 1160
5 8548 1290 1160
5 3713 4955 1290
5 4400 2298 7155
5 6327 6501 2298
5 3713 4955 1290
5 6501 2692 9201
5 4955 2275 8211
5 2300 9118 2275
5 6501 2692 9201
5 2698 9118 2300
5 2692 7955 2694
5 2696 2694 9027
5 2698 1794 9118
5 3162 1794 2281
5 7571 2696 2173
5 9962 7571 4877
5 2285 9962 1784
5 3161 2285 5174
5 3162 1794 2281
5 3162 3846 72
5 3161 5174 3630
5 5046 3846 6434
5 5046 6434 7022
5 2181 5046 7022
5 1373 2181 7707
5 1373 7707 1378
5 2503 2501 8809
5 1362 8713 1378
5 5393 1362 9153
5 2503 2501 8809
5 5393 1362 9153
5 1295 5393 8299
5 2501 6434 3630
5 3161 5174 3630
5 1295 5393 8299
5 2285 2274 5174
5 2274 3231 9261
5 9261 3231 2296
5 7418 1295 3759
5 2693 2279 2296
5 3159 3759 9603
5 2280 1296 2279
5 3159 3759 9603
5 2496 3159 7386
5 6964 7386 3160
5 1296 2280 7400
5 7400 8235 3890
5 3158 3890 8090
5 2498 3160 3163
5 3163 3624 1359
5 3597 3624 6386
5 6386 3156 3597
5 7135 5057 6896
5 9288 7135 6896
5 3626 7135 9288
5 3626 5040 7135
5 2725 5040 3626
5 5040 2725 9018
5 9018 2725 4733
5 2152 9018 4733
5 2152 4733 4935
5 2152 4935 8997
5 3597 3156 6777
5 3260 3597 6777
5 3254 7085 4632
5 3260 9752 9399
5 9730 5981 9752
5 9730 5528 5981
5 5528 9934 5981
5 3604 9934 8090
5 3158 3890 8090
5 3157 3624 3158
5 3157 1298 3624
5 9730 5953 174
5 9730 2900 5953
5 1298 3841 3156
5 3841 6896 3156
5 9288 7135 6896
5 1299 5541 9578
5 3626 7135 9288
5 1299 5541 9578
5 1294 1301 4177
5 2984 1294 4177
5 1294 2984 9034
5 2984 1294 4177
5 7287 7579 7780
5 7780 7579 3266
5 7579 3515 3266
5 7287 7165 2984
5 1294 2984 9034
5 1294 2984 9034
5 1294 1301 4177
5 5541 1301 3626
5 2725 5040 3626
5 1294 2500 3627
5 9018 2725 4733
5 2492 2500 2495
5 2152 4733 4935
5 4843 2561 2492
5 2152 4935 8997
5 2152 4935 8997
5 2152 9018 4733
5 5040 2725 9018
5 3626 5040 7135
5 7135 5057 6896
5 3260 5057 4632
5 3254 7085 4632
5 2174 5040 5029
5 5029 2152 5101
5 2174 8648 3254
5 4880 4988 9254
5 8407 3254 4988
5 3254 7085 4632
5 6983 9752 7085
5 6983 2900 9730
5 2900 6664 3841
5 8407 4880 9739
5 1299 3841 6664
5 1299 5541 9578
5 4880 4988 9254
5 1301 5541 1302
5 4880 4988 9254
5 4988 5101 6971
5 209 4177 1302
5 4988 5101 6971
5 5101 2152 6649
5 6649 2152 1816
5 209 7287 2984
5 7287 7579 7780
5 8997 7430 1816
5 7579 3515 3266
5 4935 2561 7430
5 3542 2561 4843
5 7579 3515 3266
5 7780 7579 3266
5 4676 7165 7780
5 5263 4676 8672
5 5263 4676 8672
5 2495 9034 5263
5 2492 2495 4843
5 3542 2561 4843
5 3542 3929 3515
5 9280 106 2176
5 51 106 9280
5 51 9280 37
5 82 106 51
5 144 106 82
5 51 9280 37
5 6892 62 7568
5 9706 30 62
5 62 132 9706
5 2305 9706 132
5 2305 53 9706
5 9706 53 35
5 9706 35 30
5 35 53 6301
5 61 35 6301
5 61 6301 41
5 1226 61 41
5 41 7041 1226
5 7041 1229 1226
5 1226 1229 2364
5 1226 2364 140
5 107 1226 140
5 107 140 177
5 155 107 177
5 177 189 155
5 137 155 189
5 137 189 121
5 121 74 137
5 137 74 104
5 137 104 155
5 107 155 104
5 104 61 107
5 61 1226 107
5 74 61 104
5 35 61 74
5 74 61 104
5 98 74 121
5 98 121 149
5 121 189 149
5 121 189 149
5 137 104 155
5 107 155 104
5 2364 177 140
5 61 1226 107
5 2364 177 140
5 1229 2363 2364
5 2364 2363 6265
5 2364 6265 9351
5 9351 6265 7185
5 2638 6265 2363
5 9762 2638 2363
5 9762 2363 4373
5 9762 4373 1552
5 6247 9762 1552
5 6247 1552 1971
5 2362 6247 1971
5 2362 1971 6218
5 2362 6218 1228
5 2362 1228 4370
5 2362 4370 9764
5 9763 2362 9764
5 4868 9763 9764
5 9764 9748 4868
5 1404 4868 9748
5 9748 6161 1404
5 1404 6161 9747
5 1404 9747 7648
5 1404 7648 3256
5 1404 3256 4666
5 4666 4868 1404
5 3256 7648 3114
5 6634 3256 3114
5 3517 6634 3114
5 3114 6218 3517
5 1971 3517 6218
5 1552 3517 1971
5 3073 3517 1552
5 3073 1552 4373
5 3073 4373 1229
5 3073 1229 7041
5 7041 9744 3073
5 6634 3073 9744
5 3517 3073 6634
5 7727 9744 7041
5 41 7727 7041
5 41 3978 7727
5 7727 3978 9744
5 7765 3978 41
5 53 7765 41
5 53 41 6301
5 7727 3978 9744
5 2363 1229 4373
5 3517 3073 6634
5 1228 6218 3114
5 3114 7236 1228
5 7236 1943 1228
5 1228 1943 6453
5 4370 1228 6453
5 4370 6453 9761
5 4370 9761 9764
5 9764 9761 2637
5 9764 2637 9748
5 2637 9724 9748
5 9724 1403 9748
5 9748 1403 6161
5 1403 9747 6161
5 1403 7500 9747
5 3115 9747 7500
5 3115 7500 9745
5 3115 9745 7586
5 3115 7586 4553
5 3115 4553 1943
5 3115 1943 6540
5 3115 6540 9747
5 9747 6540 3114
5 7648 9747 3114
5 6540 7236 3114
5 6540 1943 7236
5 6540 1943 7236
5 4553 1227 1943
5 1943 1227 6453
5 2229 6453 1227
5 2229 1227 130
5 130 193 2229
5 7883 2229 193
5 7622 7883 193
5 208 7622 193
5 169 7622 208
5 169 9724 7622
5 9724 2637 7622
5 7622 2637 9761
5 7622 9761 7883
5 9761 2229 7883
5 2229 9761 6453
5 9724 169 7788
5 9724 7788 1403
5 1403 7788 9745
5 1403 9745 7500
5 7788 9599 9745
5 7586 9745 9599
5 7586 9599 32
5 7586 32 4553
5 32 1227 4553
5 70 1227 32
5 1227 70 130
5 9599 57 32
5 7788 57 9599
5 111 57 7788
5 7788 169 111
5 7788 57 9599
5 7788 169 111
5 7622 9761 7883
5 9761 2229 7883
5 1227 70 130
5 2229 9761 6453
5 32 1227 4553
5 7586 32 4553
5 7586 9745 9599
5 1403 9745 7500
5 3115 6540 9747
5 1403 9745 7500
5 9724 7788 1403
5 9724 2637 7622
5 7622 2637 9761
5 2229 9761 6453
5 1943 1227 6453
5 6540 1943 7236
5 6540 7236 3114
5 3517 3073 6634
5 7648 9747 3114
5 7648 9747 3114
5 1403 9747 6161
5 9748 1403 6161
5 4666 4868 1404
5 9764 2637 9748
5 6247 2362 9763
5 9762 6247 9763
5 4370 9761 9764
5 4370 1228 6453
5 1228 6218 3114
5 1971 3517 6218
5 6247 2362 9763
5 1552 3517 1971
5 9762 6247 9763
5 3073 1552 4373
5 2363 1229 4373
5 2363 1229 4373
5 3073 1229 7041
5 41 7727 7041
5 61 1226 107
5 53 41 6301
5 35 61 74
5 53 41 6301
5 9706 35 30
5 51 9280 37
5 82 106 51
5 144 106 82
5 180 187 213
5 180 213 143
5 119 187 180
5 7189 187 119
5 2074 7189 119
5 5681 2074 119
5 7189 2074 216
5 187 7189 216
5 6900 216 2074
5 6900 3433 216
5 216 3433 8025
5 216 8025 175
5 187 7189 216
5 187 7189 216
5 216 8025 175
5 166 206 9450
5 144 166 9450
5 144 106 82
5 9280 106 2176
5 216 8025 175
5 216 3433 8025
5 2176 3837 8687
5 3929 4744 3837
5 7850 3266 3929
5 6900 3433 216
5 7850 6014 3266
5 6900 216 2074
5 4903 3266 6014
5 4676 4903 8317
5 8317 5341 4676
5 5681 2074 119
5 5118 8672 5341
5 8163 4843 5118
5 8163 4744 3542
5 8687 3837 4744
5 8687 2562 2176
5 7568 37 2562
5 6892 62 7568
5 2560 8163 6291
5 5341 5681 6291
5 6892 62 7568
5 5681 2074 119
5 62 132 9706
5 119 187 180
5 180 213 143
5 2305 9706 132
5 2305 143 139
5 2305 53 9706
5 53 7765 41
5 7765 3978 41
5 7727 3978 9744
5 6634 3073 9744
5 6634 3256 3114
5 1404 3256 4666
5 9746 3978 6372
5 9746 326 4666
5 4666 4868 1404
5 4868 9763 9764
5 9762 6247 9763
5 9762 2638 2363
5 326 9698 9699
5 2638 6265 2363
5 9351 6265 7185
5 6372 9698 326
5 6372 3978 8758
5 8758 3978 105
5 139 182 105
5 9351 6265 7185
5 2364 6265 9351
5 2364 177 140
5 177 189 155
5 182 218 9351
5 143 182 139
5 180 213 143
5 202 189 218
5 121 189 149
5 206 166 213
5 166 144 126
5 98 121 149
5 126 82 65
5 98 74 121
5 35 61 74
5 9706 35 30
5 65 82 30
