$MeshFormat
2.2 0 8
$EndMeshFormat
$Nodes
4616
1 -0.037675 0 -0.0318256
2 -0.037675 0 0.03187
3 -0.037675 0.00341171 0.03187
4 -0.037675 0.004922 -0.0237174
5 -0.037675 0.004899 -0.0113366
6 0.0116939 0.0106088 0.00736551
7 -0.037675 0.00488395 0.0124275
8 -0.0376301 0.00494176 0.0241009
9 -0.037675 0.00494961 -0.0119713
10 -0.037675 0.00493054 -2.69884e-05
11 -0.037675 0.00496983 0.0117797
12 -0.037675 0.00494961 0.0247113
13 -0.037675 0.00500441 -0.023126
14 -0.037675 0.00515388 -0.0124539
15 -0.0376513 0.00520803 -0.000543903
16 -0.037675 0.00511865 0.0131354
17 -0.0376585 0.00514137 0.0235669
18 -0.037675 0.00514771 0.0251837
19 -0.037675 0.0052362 -0.0106693
20 -0.0376692 0.00514646 -0.0244416
21 -0.037675 0.00537262 -0.0225253
22 -0.037675 0.00556794 -0.0129048
23 -0.037675 0.00573977 -0.0101747
24 -0.037675 0.00557854 -0.000911983
25 -0.037675 0.00532165 0.0014794
26 -0.037675 0.00559749 0.0110752
27 -0.0376141 0.00556286 0.0136413
28 -0.037675 0.00542756 0.0231877
29 -0.037675 0.00560394 0.0256985
30 -0.037675 0.0057564 -0.0250326
31 -0.0376682 0.00599723 -0.0131285
32 -0.037675 0.0060753 -0.00115964
33 -0.037675 0.0060753 0.0138996
34 -0.037675 0.0060753 0.0228404
35 -0.037675 0.00624468 -0.0251874
36 -0.037675 0.0061052 -0.0220511
37 -0.037675 0.00624467 -0.0100726
38 -0.037675 0.0061929 0.00195961
39 -0.037675 0.00624467 0.0259274
40 -0.037675 0.00641405 0.0107848
41 -0.037675 0.00658544 -0.0132059
42 -0.037675 0.00658544 -0.00120588
43 -0.037675 0.00663881 0.013943
44 -0.0376387 0.00658052 0.0227938
45 -0.0376336 0.00669305 -0.0220599
46 -0.037675 0.00681121 -0.0100785
47 -0.037675 0.00692221 -0.0251507
48 -0.037675 0.00692221 0.00189067
49 -0.037675 0.00692221 0.0108493
50 -0.037675 0.00692221 0.0258907
51 -0.037675 0.00720664 0.0137817
52 -0.0376383 0.00733236 -0.022285
53 -0.037675 0.00723924 -0.0130244
54 -0.0376443 0.00720377 -0.0102168
55 -0.037675 0.00723924 -0.00102435
56 -0.037675 0.00722202 0.022938
57 -0.037675 0.00739088 -0.024944
58 -0.037675 0.00739088 0.011056
59 -0.037675 0.0075217 0.00157284
60 -0.0376447 0.00769216 0.0134096
61 -0.0376508 0.00750676 0.0255855
62 -0.037675 0.00765252 -0.0225383
63 -0.037675 0.00765952 -0.00071252
64 -0.037675 0.00775639 -0.024585
65 -0.037675 0.00775639 -0.0125851
66 -0.037675 0.00775639 -0.0106749
67 -0.037675 0.00775639 0.0234149
68 -0.0376184 0.00791206 -0.0229236
69 -0.037675 0.00793233 -0.000292666
70 -0.037675 0.00793233 0.00103267
71 -0.037675 0.00793233 0.0117074
72 -0.0376309 0.00797113 0.0129488
73 -0.037675 0.00791637 0.0250671
74 -0.037675 0.0080413 -0.0119693
75 -0.037675 0.00805041 -0.0239278
76 -0.037675 0.00805041 0.0240722
77 -0.037675 0.00807819 0.0245416
78 -0.0376309 0.00803898 -0.0112802
79 -0.037675 0.00808516 0.000413162
80 -0.037675 0.0080843 0.012311
81 -0.037675 0.014 -0.03187
82 -0.037675 0.014 0.03187
83 -0.00158517 0.00641405 -0.0100448
84 -0.00158517 0.00652181 0.0107817
85 -0.00158517 0.00641405 0.0139552
86 -0.00158517 0.00643629 -0.0252152
87 -0.00158517 0.0064624 -0.0220448
88 -0.00158044 0.00662941 0.0227895
89 -0.00157588 0.00632861 -0.00120588
90 -0.00157588 0.00658544 -0.03187
91 -0.0015687 0.00673743 0.0259387
92 -0.00156563 0.00623879 -0.0131956
93 -0.00156659 0.00624317 0.0259366
94 -0.00158884 0.00689706 0.03187
95 -0.00157925 0.00664043 -0.0132591
96 -0.00157433 0.0063479 0.0318317
97 -0.0015087 0.00698685 -0.0221213
98 -0.00153232 0.00691253 0.0108377
99 -0.00158264 0.00686463 -0.00117284
100 -0.00155716 0.00598829 0.00187029
101 -0.00148536 0.00594388 0.0138686
102 -0.00153026 0.00605162 0.0228484
103 -0.0014815 0.00593243 -0.0221197
104 -0.00151681 0.00696278 -0.0101132
105 -0.00150568 0.0060042 -0.0101243
106 -0.00150247 0.00700533 0.0138725
107 -0.0015022 0.00700615 -0.0251322
108 -0.00153778 0.00611228 0.0108323
109 -0.00148814 0.00704785 0.0228818
110 -0.00147475 0.00708759 -0.03187
111 -0.00146611 0.00591585 -0.03187
112 -0.00149061 0.00588144 -0.0250905
113 -0.00138812 0.00734419 -0.0129721
114 -0.00149962 0.00716393 0.00180944
115 -0.00140258 0.0057564 0.03187
116 -0.00138962 0.00573487 0.0257596
117 -0.00135909 0.00567687 -0.000984722
118 -0.00123829 0.00747997 -0.0223519
119 -0.00133175 0.00736131 -0.0250265
120 -0.00124146 0.00747623 -0.0103224
121 -0.00130339 0.00740332 0.0110666
122 -0.00135827 0.00731724 0.0257283
123 -0.00134833 0.00566624 -0.0102816
124 -0.0013354 0.00564476 0.0137054
125 -0.00129083 0.0055787 0.0230791
126 -0.00132407 0.00737407 -0.000967661
127 -0.00122881 0.00549711 -0.0223458
128 -0.00135801 0.0055951 -0.0129333
129 -0.00126194 0.00554069 0.011108
130 -0.0011545 0.0075786 0.0015245
131 -0.00122608 0.00749434 0.0135961
132 -0.00120341 0.00752102 0.0231666
133 0.0327536 0.0069396 0.0138859
134 -0.00104528 0.00772497 0.0113736
135 -0.0010614 0.00767557 0.0255192
136 -0.00109172 0.00765252 0.03187
137 -0.00108532 0.00535424 -0.03187
138 -0.0010562 0.00524221 -0.024597
139 -0.00103374 0.00530537 -0.000696832
140 -0.00109786 0.00532633 0.0254258
141 -0.00102682 0.00529882 0.03183
142 -0.00103605 0.00772261 -0.0246295
143 0.025204 0.00955704 -0.0139585
144 -0.00107418 0.00774921 -0.0125945
145 -0.000879681 0.00781371 -0.000562943
146 -0.000882329 0.00787259 0.0235782
147 -0.000789502 0.00513318 -0.0227291
148 -0.000913576 0.00520784 -0.0126514
149 -0.00101156 0.00528437 -0.01061
150 -0.000926541 0.00519881 0.00126857
151 -0.000992308 0.00521127 0.0114507
152 -0.000894402 0.0051963 0.0132886
153 -0.00073548 0.00510068 0.0235066
154 -0.000666574 0.00505922 -0.03187
155 -0.000666574 0.00505922 0.03187
156 -0.000812007 0.00793194 -0.03187
157 -0.00068507 0.00792196 0.00110607
158 -0.000682115 0.00795751 0.0117618
159 -0.000905475 0.00788649 0.0131317
160 -0.00068009 0.00792427 0.0250501
161 -0.000662666 0.00793233 0.03187
162 -0.000796127 0.00787058 -0.0227511
163 -0.000466855 0.00499193 -0.0243393
164 -0.000522917 0.00501082 -0.000240851
165 -0.000759693 0.00500422 0.0248734
166 -0.000324179 0.00494775 -0.0232245
167 -0.000255517 0.00494029 -0.0121625
168 -0.000484623 0.00499791 -0.0110874
169 -0.000560529 0.00493832 0.000607428
170 -0.000606444 0.00800424 -0.0241372
171 -0.0005045 0.00800493 -0.0121747
172 -0.000580144 0.00803127 0.0239852
173 -0.000148555 0.00808362 0.0124414
174 -0.000170633 0.00493106 -0.03187
175 -0.000112827 0.00492477 0.0127516
176 -5.56745e-05 0.00491855 0.0243143
177 -7.69722e-05 0.00492087 0.03187
178 0.000139459 0.00807819 0.000646874
179 0.000115773 0.00808122 -0.0115143
180 1.85128e-17 0.00807819 -0.03187
181 -0.00022636 0.00806615 -0.0234037
182 0 0.00807819 0.03187
183 0.016205 0.00325825 -0.0221115
184 -0.000138852 0.00808099 0.02449
185 0.000316029 0.00494687 -0.0239957
186 0.000201823 0.00493445 -0.0113541
187 0.000100211 0.0049234 -2.30544e-05
188 0.000123343 0.00807819 -0.0241349
189 0.000531779 0.00801094 -0.000107179
190 0.000641947 0.00499346 -0.0231586
191 0.000465162 0.00499136 -0.0121615
192 0.00059607 0.00493174 0.0245469
193 0.00050392 0.00500441 -0.03187
194 0.000650118 0.00501304 0.000899505
195 0.000552957 0.00502094 0.0117972
196 0.000452849 0.00498721 0.0129877
197 0.00050392 0.00500441 0.023866
198 0.00050392 0.00500441 0.03187
199 0.0005325 0.00799957 -0.0231127
200 0.000663317 0.00793203 -0.0122933
201 0.000714303 0.00790844 -0.0108614
202 0.000560922 0.00802472 0.0119554
203 0.000714758 0.00797857 0.0129327
204 0.00055607 0.00798165 0.0251115
205 0.000736853 0.00793472 -0.03187
206 0.000726011 0.00790302 0.00109601
207 0.000531738 0.0079929 0.0237889
208 0.000662666 0.00793233 0.03187
209 0.000903923 0.00520203 -0.0245339
210 0.00105607 0.00523886 -0.0226665
211 0.000950927 0.00516402 -0.0124708
212 0.000796795 0.00513757 -0.0108332
213 0.000842117 0.00516484 -0.000472117
214 0.000964224 0.00520236 0.0252745
215 0.000923845 0.00779449 -0.0245349
216 0.00107289 0.00775032 -0.022667
217 0.000912035 0.00778911 -0.000577697
218 0.00104798 0.00776062 0.0114205
219 0.00112816 0.00769747 0.0134026
220 0.0010445 0.00528098 0.011362
221 0.000960714 0.0052362 0.0133307
222 0.000933338 0.00521973 0.0233478
223 0.00122862 0.00541573 -0.03187
224 0.00108503 0.00535396 0.00149249
225 0.00108532 0.00535424 0.03187
226 0.00109172 0.00765252 -0.03187
227 0.00128447 0.00742559 0.0318152
228 0.00124219 0.00551471 -0.0128722
229 0.0011534 0.00541873 -0.0104291
230 0.00122403 0.00544346 -0.000809515
231 0.00134496 0.00566064 0.025715
232 0.00136277 0.00569024 0.0137677
233 0.00130711 0.0074265 -0.0249137
234 0.00131396 0.00739088 0.011056
235 0.00137565 0.00571164 0.0109943
236 0.0013354 0.00564476 -0.0249654
237 -0.0167468 0 0.020094
238 0.00122199 0.00749916 -0.0103535
239 0.00129495 0.00758997 -0.000774849
240 0.00127867 0.00743243 -0.0222834
241 0.0012896 0.00741956 -0.0129196
242 0.00136851 0.00741555 0.023077
243 0.00139435 0.00723924 -0.03187
244 0.00139792 0.00574953 0.03187
245 0.0014225 0.00568124 -0.0222726
246 0.00141638 0.00578622 -0.0101964
247 0.0014232 0.00580097 -0.0010532
248 0.0012249 0.00749573 0.0015949
249 0.00143325 0.00719185 0.0137965
250 0.00145597 0.0058718 -0.013086
251 0.00146611 0.00591585 -0.03187
252 0.00143449 0.00582538 0.00180449
253 0.00138807 0.00573229 0.0229422
254 0.00147475 0.00708759 -0.00110475
255 0.00152067 0.00692221 0.03187
256 0.0342516 0.014 -0.0184893
257 0.00156374 0.00676978 0.022778
258 0.00152003 0.0069532 0.0259532
259 0.021025 0 -0.0027085
260 0.00155776 0.00620304 0.0139278
261 0.00154812 0.00684077 0.00191811
262 0.00154932 0.00683531 -0.0251793
263 0.0015571 0.00620004 -0.0220729
264 0.0015571 0.00679996 -0.0220729
265 0.0015571 0.00679996 -0.0131871
266 0.0015571 0.00679996 -0.0100729
267 0.0015574 0.00624467 0.03187
268 0.00156122 0.00621878 -0.0251912
269 0.00157121 0.00628565 -0.00120121
270 0.00162898 0.00669768 -0.00120302
271 0.00157588 0.00632861 -0.0132059
272 0.00157588 0.00658544 -0.03187
273 0.00159896 0.00672681 0.0108001
274 0.00158044 0.00662941 0.0139505
275 0.00161581 0.0062351 0.0228052
276 -0.0329403 0.00801567 -8.56945e-05
277 0.00158517 0.0064358 0.00195517
278 0.00156545 0.00623801 0.0260026
279 0.037675 3.12892e-05 -0.03187
280 0.0376264 0 0.00687501
281 0.0376473 0 0.03187
282 0.037675 0.0049125 -0.02363
283 0.0376168 0.00492689 -0.0114977
284 0.037675 0.00493189 0.000548346
285 0.037675 0.0049299 0.02453
286 0.037675 0.00494961 2.87344e-05
287 0.037675 0.00504462 -0.0243545
288 0.037675 0.00497294 -0.0230478
289 0.037675 0.0049101 -0.0120359
290 0.037675 0.00500442 0.011866
291 0.037675 0.00494037 0.0128492
292 0.037675 0.00500441 0.023866
293 0.037675 0.00514771 -0.0108163
294 0.037675 0.00509884 0.00110242
295 0.037675 0.00514771 0.0251837
296 0.037675 0.0052362 -0.000590714
297 0.037675 0.0052362 0.0133307
298 0.037675 0.0052362 0.0234093
299 0.037675 0.00535871 -0.0247392
300 0.037675 0.00535424 -0.0225447
301 0.037675 0.00526471 -0.0126231
302 0.037675 0.00537599 0.0112617
303 0.037675 0.00547227 0.00157993
304 0.037675 0.00554517 0.0256387
305 0.037675 0.00561433 -0.000936256
306 0.037675 0.00561433 0.0136762
307 0.037675 0.00561433 0.0230638
308 0.037675 0.0057564 -0.0130326
309 0.037675 0.0059405 -0.0251184
310 0.0376329 0.00587112 -0.0221817
311 0.037675 0.00591585 0.00183611
312 0.037675 0.00591585 0.0109039
313 0.037675 0.00598536 0.0259153
314 0.037675 0.0060753 -0.0101004
315 0.037675 0.0060753 -0.00115964
316 0.037675 0.0060753 0.0138996
317 0.037675 0.0060753 0.0228404
318 0.037675 0.00632226 -0.0132001
319 0.037675 0.00641405 0.00195517
320 0.037675 0.00664002 -0.0252029
321 0.037675 0.00658544 -0.0220541
322 0.037675 0.0065744 -0.0100535
323 0.0376306 0.00658016 -0.00120618
324 0.037675 0.0067498 0.010803
325 0.037675 0.00658544 0.0227941
326 0.0376293 0.00667273 0.0259412
327 0.037675 0.00692221 -0.0131507
328 0.0376464 0.00699931 0.00186926
329 0.037675 0.00692221 0.0138907
330 0.037675 0.00708759 -0.0101552
331 0.037675 0.00701075 -0.00112609
332 0.037675 0.00723923 -0.0250244
333 0.037675 0.00723924 -0.0222356
334 0.037675 0.00723924 0.0109756
335 0.037675 0.0073225 0.0230071
336 0.037675 0.00723924 0.0257644
337 0.037675 0.00743461 -0.0129362
338 0.037675 0.0075217 -0.0104271
339 0.037675 0.0075163 -0.000849512
340 0.0376573 0.00751337 0.00157991
341 0.037675 0.0075217 0.0135729
342 0.037675 0.00765252 -0.0247217
343 0.037675 0.00765252 -0.0225383
344 0.037675 0.00765252 0.0112783
345 0.0376718 0.00779881 0.0234708
346 0.037675 0.00775639 0.0253251
347 0.037675 0.00790831 -0.0243446
348 0.037675 0.00798286 -0.0230766
349 0.037675 0.00793233 -0.0122926
350 0.0376405 0.00789445 -0.0108855
351 0.037675 0.00798254 -0.000294845
352 0.037675 0.00793233 0.00103267
353 0.037675 0.00793233 0.0117073
354 0.037675 0.00793233 0.0130327
355 0.037675 0.0080413 0.0240308
356 0.037675 0.0080413 0.0247093
357 0.037675 0.00807819 -0.02363
358 0.037675 0.00813096 -0.0114399
359 0.037675 0.00807819 0.00037
360 0.037675 0.00807819 0.01237
361 0.037675 0.00945 0.03187
362 0.037675 0.014 -0.03187
363 0.037675 0.0139792 0.00642957
364 0.037675 0.014 0.03187
365 0.0144667 0 0.000833884
366 -0.0345171 0.00354516 -0.0274855
367 0.00810658 0.0101417 0.0289894
368 -0.035077 0.00379943 -0.0100099
369 -0.0353597 0.0045685 0.00315729
370 -0.0359631 0.00377368 0.0234991
371 -0.0346355 0.0104412 0.0121686
372 -0.0273855 0.00268157 -0.024298
373 -0.0292526 0.00531716 0.00969963
374 -0.0274798 0.004967 0.0147584
375 -0.0288788 0.0106222 -0.0234609
376 -0.025697 0.00869238 -0.00191148
377 -0.0289857 0.0110277 0.0153332
378 -0.0223789 0.00218846 -0.000729855
379 -0.0215407 0.00371673 0.00916121
380 -0.0239903 0.00422158 0.0160376
381 -0.0235928 0.00864271 -0.00252939
382 -0.0137824 0.0035481 -0.0278466
383 -0.0131308 0.0107598 0.0112542
384 -0.00908351 0.00309409 -0.0231691
385 -0.00522869 0.00446426 -0.0158267
386 -0.00773871 0.00977802 -0.0251925
387 -0.00716357 0.00984679 -0.0112818
388 -0.0295734 0.014 -0.0273454
389 -0.000219525 0.0032422 -0.0273355
390 -0.000188703 0.00369668 -0.0238304
391 -0.000656773 0.00385301 -0.0102263
392 -0.000836704 0.00241666 0.00282066
393 -0.00178823 0.00348593 0.0115347
394 0.000639527 0.0039565 0.0247091
395 -0.000193494 0.00210236 0.0286306
396 0.00113054 0.0107378 -0.00595277
397 0.000636273 0.00969171 0.00327034
398 0.000383497 0.0101848 0.0103766
399 -0.000488448 0.00953888 0.0163182
400 0.00516469 0.00390293 0.00302543
401 0.00650878 0.0111072 -0.0119336
402 0.00842129 0.00951903 0.0104098
403 -0.0293496 0.00768587 -0.000677854
404 0.0147315 0.00343301 -0.0260921
405 0.0132637 0.00406152 -0.0036121
406 -0.0103539 0.00507016 0.0236852
407 -0.037675 0 -0.0277364
408 0.0224688 0.00317801 -0.023338
409 0.0228621 0.00451711 -0.0159867
410 0.0210422 0.00324527 0.0256212
411 0.0322585 0.00755776 0.0135422
412 0.0208186 0.00940248 0.0259762
413 0.0277845 0.00259006 -0.0233639
414 0.0277976 0.00260766 -0.010306
415 0.0299387 0.00611748 0.0168649
416 0.027614 0.00353001 0.0237502
417 -0.0293018 0.00415531 0.03187
418 0.0257174 0 0.0281214
419 0.0349886 0.00939214 -0.0113206
420 0.0247093 0.00975527 0.00594536
421 0.0147379 0.0110775 -0.0282799
422 -0.0131038 0.00933073 0.00699136
423 -0.0136704 0.00376754 0.03187
424 0.0114963 0.00330683 -0.0242792
425 0.00946233 0 0.00427766
426 -0.0273306 0.00380296 0.0111581
427 0.0104524 0.00508497 -0.0109206
428 -0.00983456 0.00921509 0.0267283
429 -0.0236557 0.00934416 -0.03187
430 -0.0290644 0.0095017 -0.03187
431 -0.0186635 0.00877248 -0.03187
432 -0.0143122 0.00876811 -0.03187
433 -0.00632549 0.00998908 -0.03187
434 -0.000971011 0.00524595 0.00264499
435 0.00114104 0.00389852 0.00142562
436 0.037675 0.00505114 0.0273568
437 0.0142297 0.00466841 0.03187
438 0.00276038 0.00928186 -0.0109554
439 -0.0195679 0.0106332 0.0179503
440 0.0271105 0.00605909 -0.0147372
441 0.00505467 0 -0.0155894
442 0.0160678 0.00746057 0.00965071
443 0.0132109 0.0107731 0.0158915
444 0.0249974 0.00736379 0.00925198
445 0.012274 0.00383299 0.0013181
446 0.0131634 0.00571003 -0.00100114
447 0.021451 0.00570881 -0.00100031
448 0.0249513 0.00252452 0.000371714
449 -0.0067266 0.00967781 0.03187
450 0.037675 0.00974518 0.0158626
451 0.00436255 0.00488276 -0.0116027
452 0.00424371 0.00334756 -0.00945206
453 0.0320398 0.00491444 -0.0116121
454 0.0106817 0.00532227 -0.00711193
455 0.0303068 0.00346453 -0.00926475
456 0.00633444 0 0.0276942
457 -0.0285682 0 0.00165225
458 -0.0138658 0 -0.00803832
459 -0.00986426 0 0.00700356
460 -0.00135762 0 0.0012204
461 -0.00265567 0 0.00759665
462 -0.0239102 0.00752851 0.0255671
463 0.00439715 0 -0.00718349
464 0.0113512 0 -0.0130077
465 0.0186024 0 -0.0131294
466 0.0211331 0 -0.025258
467 0.0336859 0 -0.00485798
468 0.0339984 0 -0.0255371
469 0.037675 0.00265358 0.01809
470 -0.000398929 0.00340414 -0.0167285
471 -0.0366627 0.00592157 0.0109013
472 -0.0208389 0.00602398 0.0108577
473 -0.0108941 0.0058804 0.0109106
474 -0.00722464 0.00585363 0.0109224
475 -0.0319614 0.00588801 0.0109134
476 -0.00331329 0.00625231 0.0108024
477 -0.0282092 0.0074168 0.013662
478 -0.0225498 0.00754917 0.0135495
479 -0.0174102 0.00748221 0.0136064
480 -0.0123828 0.00753903 0.0135581
481 -0.00992546 0.00742762 0.0136528
482 -0.00672265 0.00734857 0.0137095
483 -0.0249521 0.00929829 0.00181623
484 -0.0210274 0.00478707 0.00413935
485 -0.0068301 0.00905888 0.00137024
486 -0.00514867 0.00418392 0.0227888
487 0.02512 0.0062192 -0.00118323
488 0.0254813 0.00527736 -0.03187
489 -0.0344232 0.00769499 -0.00851772
490 -0.0284523 0.00780414 0.0234778
491 -0.0105316 0.00728067 0.0229897
492 -0.00274358 0.00778826 0.0233957
493 -0.0080624 0.00778919 0.0234581
494 -0.0326006 0.00781538 0.0234926
495 0.0140903 0.00649635 0.0227848
496 -0.00939647 0.014 0.0023
497 0.037675 0.00407154 -0.0145652
498 0.0326925 0.00529357 -0.0226087
499 -0.0232282 0.014 -0.02015
500 -0.0263452 0.00520244 0.0252746
501 -0.0187147 0 0.0028196
502 -0.00670183 0.00521902 0.0253022
503 -0.00312024 0.0039981 0.0230501
504 0.0346516 0.0110951 -0.0291642
505 0.00480469 0.0041618 0.0250206
506 0.0222888 0.00308902 0.0234945
507 0.0205151 0.00947915 0.03187
508 0.00197298 0.00866269 0.0143901
509 -0.00753155 0.00651498 0.0107848
510 -0.0288798 0.00649138 0.0107867
511 -0.0151257 0.00613568 0.0108271
512 -0.00527393 0.00621776 0.010809
513 -0.0340883 0.00632799 0.010798
514 0.037675 0.00405456 0.0141474
515 -0.00216689 0.00386069 0.0214711
516 0.00141058 0.00412108 0.0218818
517 0.00927548 0.00958074 -0.0238262
518 0.0238031 0.00967636 -0.023178
519 0.0282061 0.00727064 -0.018932
520 0.000848537 0.00917751 -0.0107804
521 -0.0291724 0 -0.00562481
522 0.0334399 0.00908865 -0.0101091
523 0.00690908 0.00793591 -0.0122849
524 -0.0308375 0.00946301 -0.00118835
525 0.0213951 0.00791989 -0.0124244
526 0.024954 0.00855333 -0.00851999
527 0.000948967 0.00522913 -0.00760457
528 -0.00132987 0.00441997 -0.0010048
529 -0.00470629 0.00379486 -0.0217662
530 -0.00354425 0.00904023 0.00205946
531 -0.010276 0.00927289 -0.0136986
532 -0.0121172 0.00223081 -0.00185706
533 -0.0222457 0.00940485 -0.0238112
534 -0.0243347 0.0104702 -0.0179321
535 -0.0219841 0.00706473 -0.0207037
536 -0.0172719 0.00794063 -0.0198541
537 -0.0128251 0.00733117 -0.0198919
538 -0.00828206 0.0105917 8.11927e-05
539 -0.037675 0.00865226 -0.0263737
540 -0.00460804 0.00694215 -0.0131537
541 -0.0206408 0.00563333 -0.00243426
542 0.000931868 0.00521884 0.0155586
543 0.000436776 0.00498179 0.0213318
544 0.00546556 0.0074247 0.0136553
545 0.00982199 0.00746144 0.0136241
546 0.0192652 0.00765016 0.0134637
547 0.0132351 0.00739581 0.0136798
548 0.0245802 0.00743794 0.013644
549 0.0352428 0.0100411 0.0140259
550 0.02828 0.00912464 0.0122265
551 -0.00518229 0.00653287 -0.0100448
552 0.0104126 0.00765618 0.0232831
553 -0.0310633 0.0080861 0.000344126
554 -0.00158659 0.00801963 -6.77015e-05
555 0.0195096 0.00302186 -0.0177633
556 -0.0323516 0.00403442 -0.025467
557 0.0165978 0.00622131 0.0259291
558 0.0285098 0.00565733 -0.0274473
559 -0.0176392 0.014 -0.017047
560 -0.00105769 0.00532806 0.0267459
561 -0.0319036 0.00717312 -0.00105941
562 0.0310297 0.00649194 0.0139527
563 -0.0247233 0.0055663 -0.0103558
564 -0.0058111 0.014 0.0106046
565 -0.0124064 0.00533842 -0.0105614
566 -0.00908633 0.00530789 -0.0105936
567 -0.00689021 0.0052362 -0.0106693
568 -0.0320795 0.00885359 -0.0204858
569 -0.00304858 0.00521069 -0.0107117
570 -0.0296662 0.00502439 -0.0110668
571 -0.0178722 0.0052211 -0.0106944
572 -0.0148846 0.0053107 -0.0105907
573 0.0231756 0.00607836 0.03187
574 -0.00163483 0.00665469 0.0019477
575 -0.000839711 0.00890469 0.0103016
576 0.010867 0.00527752 0.0233657
577 0.0278615 0.00513821 0.0235721
578 -0.021662 0.00559891 -0.0129308
579 0.0183077 0.00573224 0.0229838
580 0.0252058 0.00535878 0.0232799
581 0.0304526 0.00669658 -0.0132017
582 0.0323722 0.00997431 0.00109151
583 0.0346793 0.008944 0.00360658
584 0.00914769 0.00299912 0.00238739
585 0.0278289 0.0051975 0.00379388
586 0.00145741 0.00901292 0.0231949
587 0.00453452 0.00807535 0.0245545
588 0.0136978 0.0082186 0.00818055
589 0.000238007 0.0104416 0.0220397
590 -0.00176645 0.00342985 0.0164777
591 0.000435154 0.00498124 0.0144512
592 0.00727035 0.00961978 -0.0218922
593 0.0141189 0.0069218 -0.0251571
594 0.0270176 0.00675683 -0.0251966
595 0.00535985 0.00994165 -0.0226503
596 0.00306712 0.00575218 -0.00102972
597 0.00553345 0.00628972 -0.0011996
598 -0.0213686 0.00661354 0.0259486
599 -0.00136304 0.00569069 -0.00768105
600 -0.0357293 0.0039536 -0.00298626
601 -0.0320719 0.0044719 -0.00312031
602 -0.00293733 0.00587207 -0.00282992
603 0.0174277 0 0.03187
604 -0.0195428 0.00379314 -0.00228151
605 0.0113577 0.0028714 0.0173553
606 -0.00606347 0.00472433 -0.00229714
607 -0.0285793 0.00808415 -0.0115683
608 -0.021815 0.0080315 -0.0120138
609 -0.0329594 0.00773497 -0.000613257
610 -0.011903 0.00546337 0.0231695
611 -0.0198186 0 0.0288785
612 0.0208721 0.00520789 0.0234563
613 0.000959691 0.00909282 -0.00249146
614 0.000639045 0.00504994 0.00626822
615 -0.0281809 0.00373606 0.0128737
616 -0.0257281 0.00359788 0.0135587
617 0.006724 0 0.0174021
618 -0.0221542 0.00679247 0.0164671
619 -0.0363753 0.00491986 -0.023264
620 -0.00337164 0.00534104 -0.0225
621 -0.0324677 0.00536478 -0.0225336
622 -0.00443881 0.00378773 -0.0236966
623 -0.0227135 0.00510464 -0.0210143
624 -0.0139928 0.00536775 -0.0196821
625 -0.0117858 0.00492032 -0.0214729
626 -0.0353845 0.00364525 -0.0209332
627 0.0358171 0.00917318 -0.00926137
628 0.00313835 0.00800964 -0.0121131
629 0.0334214 0.00807819 -0.0115565
630 0.0107904 0.00804528 -0.0119511
631 0.0145758 0.00803197 -0.0120116
632 -0.0100162 0.0058216 -0.0101526
633 -0.0076269 0.00578219 -0.0102155
634 -0.00668899 0.014 0.00529426
635 -0.0349248 0.00494786 0.0126952
636 -0.0343097 0.00513139 0.0131565
637 -0.0306148 0.00515016 0.0131877
638 -0.0234174 0.00477545 -0.03187
639 -0.0153967 0.0048848 -0.03187
640 -0.000866118 0.00782402 -0.0149714
641 -0.0120361 0.014 -0.03187
642 -0.0084669 0.00804612 5.26726e-05
643 -0.0340934 0.014 -0.00299576
644 0.00692615 0.00787009 -0.0108328
645 0.0116142 0.00791785 -0.0109361
646 0.0159988 0.0076956 -0.010595
647 0.0211634 0.00786121 -0.0108137
648 0.0145041 0.00718294 -0.0102058
649 0.0172796 0.00744363 -0.0103608
650 0.0197486 0.00756908 -0.0104674
651 0.0269721 0.00407987 0.0178159
652 -0.000178864 0.00493195 0.01197
653 2.22337e-17 0.0049125 0.00565891
654 -0.000262607 0.00494106 0.0016267
655 -0.0363012 0.00498826 -0.024086
656 -0.00256122 0.0052362 -0.0245907
657 -0.0263529 0.00538103 -0.0247436
658 -0.0235301 0.00547227 -0.0248399
659 -0.0108728 0.00541337 -0.0247777
660 -0.00836845 0.00544818 -0.0248145
661 -0.00702141 0.00525652 -0.0246121
662 0.0130903 0.00414207 -0.0198132
663 -0.00911631 0.00668911 -0.013204
664 -0.00696651 0.0089414 -0.0134808
665 0.025597 0.00861744 0.00235399
666 0.0136654 0.0068236 0.0259181
667 0.0159518 0.00679886 0.0259249
668 0.0215031 0.0064579 0.0259552
669 0.029821 0.00682724 0.0259171
670 0.00504745 0.00683674 0.0259172
671 0.0326703 0.00667897 0.0259421
672 -0.0102046 0.00812637 0.00409103
673 -0.000598317 0.00503622 0.0276176
674 0.00673485 0.00568086 -0.0289377
675 0.0278936 0.00943517 -0.03187
676 0.0166591 0.00802804 0.0247695
677 -0.0285508 0 -0.0111276
678 -0.0294223 0.00577092 0.0229607
679 0.0105906 0.00521179 -0.0227099
680 -0.0312472 0.0052947 0.0253925
681 -0.0223991 0.00192071 -0.0185556
682 0.037675 0.00959426 -0.0229148
683 0.037675 0.00858133 -0.0142091
684 -0.037675 0.00874444 -0.0145906
685 0.00407392 0.00501661 0.00091011
686 0.0223977 0.00564782 0.00369257
687 -0.0140571 0.014 0.0199651
688 0.0259882 0.0049125 0.00037
689 0.0115188 0.00802937 -2.34311e-05
690 0.015411 0.00801575 -8.53448e-05
691 0.0249018 0.00793997 -0.000276143
692 0.00411635 0.00797101 -0.000209056
693 0.0012218 0.00749938 -0.00505995
694 -0.0320951 0.00491945 0.0243061
695 0.0147269 0.00706556 -0.00111217
696 0.00324538 0.00752844 -0.000881146
697 0.0286204 0.00753346 -0.000822853
698 -0.00975262 0.00802499 -0.0111038
699 0.0158139 0.00497326 -0.0232185
700 -0.030149 0.00766562 -0.0105555
701 -0.0241844 0.00774073 -0.0106543
702 -0.0172176 0.0077569 -0.0106756
703 -0.0143375 0.00790524 -0.0109088
704 -0.00845311 0.00777611 -0.0107009
705 -0.0272544 0.0060753 0.0138996
706 -0.0246796 0.00622212 0.0139237
707 -0.0208222 0.0063187 0.0139396
708 -0.0154099 0.0063261 0.0139408
709 -0.00614843 0.00602562 0.0138804
710 0.00389431 0.0060459 0.0195678
711 0.00133872 0.00565026 0.0149066
712 0.00127347 0.00555585 0.0200812
713 -0.0317178 0.00497127 0.0119644
714 -0.0292036 0.00496893 0.0119714
715 -0.00547532 0.00494018 0.0121155
716 -0.0258933 0.0049364 0.0121502
717 -0.0185455 0.00505922 0.0117034
718 -0.0155226 0.0049292 0.0122164
719 -0.0111523 0.00499418 0.0118964
720 -0.0132026 0.00503781 0.0117669
721 -0.00810169 0.00493731 0.0121418
722 -0.0334341 0.00454261 0.03187
723 -0.000223356 0.00806681 -0.0163465
724 0.037675 0.00431084 -0.00188325
725 0.037675 0 -0.00165496
726 0.037629 0 -0.00641664
727 0.037675 0 -0.0227617
728 -0.0251118 0 0.0318085
729 0.00518821 0.00541811 -0.0224773
730 0.00252106 0.00536418 -0.0225342
731 0.00811809 0.00523885 -0.0226665
732 0.00296703 0.00512404 -0.0244043
733 0.0360359 0.00517574 -0.0244902
734 0.0163104 0.00669007 -0.027481
735 0.00301689 0.00553201 -0.0248853
736 0.0326539 0.00539438 -0.0247499
737 0.00720197 0.00570177 -0.0249963
738 0.014699 0.00552467 -0.0248798
739 0.0171787 0.00554941 -0.0248986
740 0.022775 0.00551171 -0.0248699
741 0.0291948 0.00556565 -0.0249032
742 0.0227464 0.00469934 -0.0259863
743 -0.028082 0.00641284 0.0227849
744 -0.0152877 0.00644521 0.0227848
745 -0.012311 0.00651758 0.0227848
746 -0.0266761 0.00503141 0.00304396
747 -0.0226561 0.00483243 0.00290873
748 -0.0183727 0.00311031 0.00165532
749 -0.0153997 0.00421454 0.0017593
750 0.00260946 0.00844433 -0.0254664
751 0.0334368 0.00799935 -0.0231122
752 0.0281966 0.00807819 -0.0235436
753 0.0109551 0.00760582 0.0255014
754 0.0152486 0.00777045 0.0253066
755 0.0179423 0.00770473 0.025393
756 0.024173 0.0078902 0.0251237
757 0.0292384 0.00775272 0.0253299
758 0.00732227 0.00774334 0.0253422
759 0.00810865 0.0063212 0.0139451
760 0.02087 0.00627035 0.013936
761 0.0280328 0.00634529 0.0139464
762 0.00693253 0.0068565 0.0139118
763 0.00965246 0.00687785 0.0139057
764 0.0146023 0.00668845 0.013944
765 -0.0182599 0.00537782 -0.000740221
766 0.0285836 0.00703732 0.0138606
767 0.00113144 0.00539792 0.00629918
768 0.000477867 0.00499564 0.00198028
769 -0.00351102 0.00418619 0.00310262
770 -0.0314593 0.00692876 0.00189051
771 -0.00710985 0.00686585 0.00196022
772 -0.0277594 0.00400607 0.00155127
773 -0.0211471 0.00366839 0.00166546
774 -0.00701813 0.00390519 0.0019636
775 0.035585 0.00794853 -0.0230024
776 0.015832 0.00791477 -0.0229294
777 0.0223979 0.00796363 -0.023035
778 0.0244782 0.0101048 0.03187
779 0.0136856 0.00916656 -0.0224096
780 0.0191765 0.00732479 -0.0207882
781 0.022909 0.0085345 -0.021605
782 0.0355778 0.00807819 -0.0236315
783 -0.00168687 0.00392534 -0.0132163
784 0.00109647 0.00536479 -0.0143898
785 0.00205586 0.00791283 0.00107482
786 -0.0342297 0 0.0288439
787 0.00129842 0.00740918 0.00322707
788 0.0302073 0.00801894 0.0248109
789 -0.00875989 0.00660058 -0.0252126
790 -0.037675 0.00928357 -0.0101598
791 -0.037675 0.00902535 -0.00171193
792 -0.000910161 0.00520578 -0.0167723
793 0.00478759 0.00804376 -0.0113019
794 0.00715686 0.00807819 -0.0114741
795 0.0361406 0.00787115 -0.0108351
796 -0.037675 0.00967696 0.024132
797 -0.0296639 0.00681118 -0.0100764
798 -0.0337777 0.00669482 -0.010059
799 -0.0106214 0.0067739 -0.0100672
800 -0.0361627 0.00662216 -0.0100557
801 -0.0165017 0.00735154 -0.0102923
802 -0.0142488 0 0.0291348
803 -0.0338583 0.00548965 0.0135926
804 -0.0287399 0.00511974 0.0131372
805 -0.0292925 0.00549482 0.013597
806 -0.0253174 0.00564685 0.0136983
807 -0.0170535 0.00580262 0.013794
808 -0.0142258 0.00567858 0.0137198
809 -0.0089161 0.00558937 0.0136676
810 0.0195761 0.0052121 0.0252907
811 0.0177105 0.00643266 0.0227848
812 0.0333393 0.0052362 0.00133071
813 -0.02549 0.00412618 -0.0206598
814 0.0353796 0.00520266 0.00127497
815 0.00964755 0.00529819 0.00139615
816 0.0121392 0.00523502 0.00132875
817 0.0252531 0.00518475 0.00133219
818 0.00170067 0.00867742 0.0108455
819 0.0178133 0.00693079 -0.0101102
820 0.0351797 0.00660239 -0.0100544
821 -0.0186173 0.00508579 0.00962745
822 0.037675 0.00810154 0.0276524
823 -0.0170648 0.006681 -0.0132049
824 -0.0177093 0.00610544 -0.0131662
825 -0.028676 0.0030757 0.0179869
826 0.011499 0.00899967 0.0104891
827 0.0216956 0 0.000788903
828 0.00719595 0.00663023 0.00895271
829 0.0253827 0.00929639 0.0121524
830 0.0314127 0.0075865 0.0112222
831 0.0351027 0.00769006 0.0113277
832 0.00897311 0.00769727 0.0113372
833 0.0123018 0.00774224 0.0113963
834 0.0147371 0.00765923 0.0112871
835 0.0171175 0.00985624 0.0127215
836 -0.0122645 0.00739088 -0.010316
837 -0.00290665 0.00755355 -0.0104542
838 -0.0342487 0.00777952 -0.0107054
839 -0.0223538 0.00751156 -0.0104185
840 -0.0200782 0.00753151 -0.0104355
841 -0.0319193 0 0.0128983
842 -0.00440759 0.00807867 0.0122073
843 -0.0123463 0.0118719 0.0172397
844 -0.0251728 0.00782347 0.0132368
845 -0.014174 0.00788598 0.0131328
846 -0.0288116 0.0079166 0.0130667
847 -0.0279448 0.00858928 0.0103736
848 -0.0315413 0.00748127 0.0136072
849 -0.00666412 0.00786288 0.0131827
850 -0.00362148 0.00796802 0.0129555
851 -0.027455 0.00805898 0.0246289
852 -0.0235659 0.00808734 0.0243729
853 -0.0182933 0.00800975 0.0248526
854 -0.037675 0.0107936 0.00305249
855 -0.0344212 0.00702704 0.0258625
856 -0.032649 0.00797239 -0.0110539
857 -0.0213739 0.00782609 -0.0107666
858 -0.0197563 0.00789983 -0.0108971
859 -0.0357595 0.00803455 -0.0112601
860 0.037675 0.00367526 -0.0318266
861 0.00266214 0.00275559 -0.0291511
862 -0.0136158 0.0067111 -0.00120156
863 -0.000376038 0.00496133 -0.0152765
864 0.0126022 0 0.0284806
865 -0.0343949 0.00494332 -0.0119135
866 -0.0249362 0.00494512 -0.01133
867 -0.01882 0.00498758 -0.011176
868 -0.00736093 0.00495411 -0.0112753
869 0.0335634 0.00794626 -0.00026256
870 0.000104491 0.00492386 -0.025272
871 0.000808559 0.00514465 -0.0259407
872 2.30928e-17 0.0049125 -0.028626
873 -0.000298717 0.00494498 -0.0178575
874 -0.000788944 0.00513285 -0.0194201
875 -0.000957096 0.00523402 -0.0140146
876 0.000296015 0.00344014 -0.0143237
877 -0.000414824 0.00497439 -0.0138271
878 0.0348338 0.0073174 0.0230162
879 0.0167522 0.00722048 0.0229596
880 0.018934 0.00704634 0.0228813
881 0.00366938 0.00449378 0.0150279
882 0.00121975 0.00385583 0.0113435
883 0.0116514 0.00494501 0.012669
884 0.017234 0.004571 0.014302
885 0.0193737 0.00438094 0.0145655
886 0.0164122 0.00743042 0.0136504
887 0.000103754 0.00807819 -0.014345
888 -0.000171639 0.00807819 -0.0184076
889 -0.00279858 0.00594224 0.0228852
890 0.00049917 0.00500281 0.00984199
891 -0.0125655 0.00543686 0.00154255
892 -0.00971761 0.00552292 0.00161843
893 -0.0314372 0.00606793 0.0018967
894 -0.0185114 0.00607711 0.00190004
895 -0.0074955 0.00621431 0.00193024
896 -0.00883965 0.00590362 0.0018378
897 0.00207323 0.00518896 -0.000570013
898 0.00780699 0.00505922 -0.000296574
899 0.023814 0.00511166 -0.000383733
900 0.015876 0.00486652 0.000343664
901 -0.0224491 0.00800493 -0.000134481
902 -0.0258609 0.00798201 -0.000185282
903 -0.0142531 0.0049346 0.0241668
904 0.00101701 0.00770931 -0.0211987
905 0.00114729 0.0075871 -0.0196461
906 -0.0316983 0.005005 -0.0231243
907 0.000482477 0.00800977 -0.0154661
908 0.00153528 0.014 -0.0196254
909 0.00135149 0.00807819 -0.0115586
910 0.0206918 0.00807819 -0.0115468
911 0.00339605 0.00790142 -0.0109006
912 0.0100725 0.00802989 -0.0112389
913 0.0151975 0.00801983 -0.0111932
914 0.0180238 0.00802856 -0.0112329
915 0.00282721 0.0063624 0.00194955
916 -0.0329761 0.00671397 -0.0132001
917 -0.00346695 0.0103219 -0.00413093
918 0.030946 0.00839283 0.0037009
919 0.0284267 0.00773328 0.00380731
920 -0.0282899 0 -0.0235595
921 0.0338743 0.00639212 0.00195257
922 0.0105058 0.00640452 0.00195413
923 0.0167012 0.00641405 0.00195517
924 0.0225198 0.00637075 0.00195046
925 0.0237035 0.0064551 0.00195517
926 -0.0197187 0 -3.73424e-06
927 0.029624 0.00561413 0.0016786
928 0.00219624 0.014 0.0217073
929 0.00510409 0.00644405 0.00195517
930 0.0282745 0.00612672 0.00191052
931 -0.00117013 0.00543457 -0.0277792
932 -0.000669517 0.00506099 -0.0260724
933 0.032927 0.00800768 0.011878
934 0.0172439 0.00910435 0.0144007
935 -0.0152879 0 -0.00388619
936 0.0270383 0.00919638 0.013823
937 0.02429 0.00788068 0.0115957
938 0.026323 0.0079433 0.0117311
939 -0.0334185 0.00605676 0.0138922
940 0.00180435 0 0.0125296
941 -0.000919598 0.014 -0.00695632
942 0.0306819 0.00608752 -0.00116233
943 0.00347249 0.014 0.0248975
944 0.00848452 0.00792426 -0.0003101
945 0.018159 0.00767022 -0.000698445
946 0.00119643 0.00545949 -0.0272121
947 -0.0282283 0.0060753 -0.0251596
948 0.037675 0.011546 -0.0177279
949 0.000187772 0.00493292 -0.0132192
950 0.000211808 0.00493553 -0.0157732
951 0.000199759 0.00493422 -0.0171272
952 0.0187297 0.0080044 0.0248769
953 0.0204541 0.00803885 0.0247203
954 0.00725176 0.00805722 0.0246369
955 -0.037675 0.00460742 -0.0204737
956 0.0199564 0.00771529 0.0253791
957 -0.0169379 0.00514258 -0.0228249
958 -0.0156764 0.014 -0.0243284
959 0.00229219 0.00777369 -0.0125623
960 0.00485497 0.0076553 -0.012718
961 0.0323439 0.00748939 -0.0128603
962 0.011981 0.00766134 -0.0127101
963 0.0280291 0.00800758 -0.0111375
964 0.0295565 0.00784223 -0.0124721
965 0.0356708 0.00795739 -0.0122385
966 0.017407 0.00803718 -0.011988
967 0.00148943 0.00391748 -0.0220312
968 -0.00287718 0.00734836 -0.0195443
969 -0.00383065 0.00774985 -0.0226663
970 -0.00243218 0.00757496 -0.0224724
971 0.0296397 0 -0.0189798
972 -0.0225101 0.00769462 -0.0225937
973 -0.00746026 0.00783697 -0.022781
974 -0.00678218 0.00672585 -0.0207906
975 -0.0228625 0.005886 0.0229117
976 0.0170744 0.00538242 -0.0225149
977 -0.000822572 0.00515308 -0.00793399
978 -0.0241176 0.00654238 0.0259517
979 -0.0105 0.00660773 0.0259517
980 -0.0258784 0.00697398 0.0258795
981 -0.0183236 0.00672894 0.0259396
982 -0.0310418 0.0070577 0.0258549
983 -0.00448496 0.00888126 0.0107785
984 -0.00802644 0.00862621 0.0102921
985 -0.0100911 0.00793476 0.0130274
986 -0.00331261 0.00755688 0.025543
987 -0.0205573 0.00720144 0.0257894
988 -0.00604772 0.00699611 0.0258756
989 0.0182327 0.00491672 0.000408815
990 0.00859496 0.00500132 0.000864725
991 -0.0296288 0.00571901 0.0257472
992 0.00696191 0.00725747 0.0109764
993 0.0133731 0.00735613 0.0110351
994 -0.00454142 0.00938707 -0.0242971
995 -0.00259234 0.00643702 -0.00477968
996 0.0243062 0.0060753 0.0228404
997 0.0294813 0.00598553 0.0228762
998 0.0338338 0.0060308 0.0228581
999 0.0147151 0.00597884 0.0228788
1000 -0.0278995 0.00543924 0.023195
1001 -0.0197569 0.00567196 0.0230191
1002 -0.0350013 0.00511267 0.0236146
1003 -0.0239204 0.00542045 0.0232148
1004 -0.0358247 0.00805212 -0.0233399
1005 0.00504929 0 -0.0291221
1006 0.0292666 0.00881073 0.0215927
1007 -0.0166904 0.00802926 -0.0232361
1008 -0.0137206 0.00804859 -0.0233239
1009 -0.00875296 0.0080717 -0.0234289
1010 0.000878621 0.00909865 -0.000228372
1011 -0.000625905 0.00942105 -0.0044305
1012 -0.000234 0.00926321 -0.00913731
1013 0.000360361 0.00803665 0.0160888
1014 0.000861417 0.00517645 0.0203103
1015 0.00114571 0.00541144 0.0218106
1016 0.0305689 0.00516934 0.00954353
1017 0.0355512 0.0058436 0.0109327
1018 -0.037675 0.0106074 0.03187
1019 -0.0274808 0.014 0.019986
1020 -0.0196612 0.00707686 -0.0101516
1021 0.0344403 0.0030608 -0.0212506
1022 -0.0245577 0.00676107 -0.0100643
1023 -0.0256111 0.00701382 0.0152815
1024 0.0342082 0.00501989 -0.0241799
1025 0.0181604 0.00518106 0.0235009
1026 0.002582 0.00384519 -0.0232685
1027 0.0137631 0.00507183 -0.0243176
1028 0.0159467 0.0050838 -0.0243374
1029 0.0221439 0.00512981 -0.0244568
1030 0.0271298 0.00511898 0.0149069
1031 0.0356456 0.00547227 0.0135799
1032 0.0136006 0.00589286 0.0138336
1033 0.0159997 0.00586137 0.0138204
1034 0.0230861 0.00566783 0.0137171
1035 0.0256403 0.00569883 0.0137373
1036 -0.0272669 0.00799849 -0.0111103
1037 -0.0232263 0.00806274 -0.0113882
1038 -0.0298409 0.00800382 -0.0111218
1039 -0.0335206 0.00776195 -0.0125777
1040 -0.0237643 0.00700489 0.0138714
1041 -0.0150231 0.00769645 -0.0127146
1042 -0.00487282 0.00799787 -0.012151
1043 -0.0021423 0.00801245 -0.0121003
1044 -0.0338328 0.00806422 -0.0118651
1045 -0.0299079 0.0080044 -0.0121369
1046 -0.020178 0.00803861 -0.0119814
1047 -0.0288924 0.00780764 -0.0125176
1048 -0.019354 0.0078362 -0.0124801
1049 -0.0145537 0.00549076 -0.024854
1050 -0.0313563 0.00538989 -0.0247529
1051 -0.0192174 0.00650197 -0.0220448
1052 0.000850416 0.00783595 0.00434862
1053 0.00065949 0.0079803 0.0109478
1054 -0.0316616 0.00641764 0.0107848
1055 -0.0171363 0.0066837 0.0107954
1056 -0.037675 0.00489184 0.0157252
1057 -0.0268155 0.00498323 -7.10576e-05
1058 -0.0328135 0.00499833 -0.000115846
1059 -0.0294649 0.00505922 -0.000296574
1060 -0.0195878 0.00502709 -0.00020123
1061 -0.0127388 0.00499293 -9.9838e-05
1062 -0.00348865 0.00494596 6.22725e-05
1063 -0.0353938 0.00498647 -8.0653e-05
1064 -0.0312819 0.00497085 -3.43059e-05
1065 -0.0118878 0.00419973 0.00177502
1066 -0.00143002 0.00718429 -0.0204859
1067 0.0145451 0.0055195 0.00939599
1068 0.00561048 0.00497055 -0.0232265
1069 0.00894448 0.00497861 -0.0232026
1070 0.0289662 0.00491732 -0.0235857
1071 0.0240202 0.00733716 0.0230237
1072 0.0359574 0.00777527 0.0234398
1073 0.0083748 0.0049131 0.0123645
1074 0.0145509 0.00779865 0.0234705
1075 0.0275561 0.00776316 0.0234239
1076 -0.0121457 0.00511862 0.00243811
1077 -0.037675 0 -0.00237511
1078 -0.037675 0 0.00151582
1079 -0.037675 0 -0.0151811
1080 -0.0301523 0 -0.0278581
1081 -0.0246727 0 -0.0121313
1082 -0.00991459 0 -0.0269681
1083 0.0305722 0.00807819 -0.0117242
1084 0.0170985 0 -0.0251022
1085 -0.0338908 0.00640595 0.0259539
1086 -0.0254475 0.0057564 0.0257726
1087 0.0333726 0.00720351 -0.0250446
1088 0.0291583 0.00698417 -0.0251358
1089 0.0323504 0.00665773 -0.0252034
1090 0.0248562 0.00376126 0.0238966
1091 -0.00988608 0.00559911 -0.000934519
1092 -0.0232987 0.0051959 -0.000523736
1093 -0.0148231 0.00542365 -0.000788601
1094 -0.00698582 0.00521423 -0.000554201
1095 0.0209504 0.00695245 -0.0101167
1096 0.0274739 0.00669818 -0.0100576
1097 0.00592299 0.00693458 -0.0101049
1098 -0.0263526 0.00840775 -0.0288702
1099 0.00332164 0.00699973 -0.00113173
1100 0.0350538 0.00547227 -0.0104201
1101 -0.0306302 0.00572683 0.0109853
1102 -0.0348555 0.00563743 0.0110472
1103 -0.0325135 0.00547227 0.0111601
1104 -0.0265041 0.00517777 -0.0124936
1105 -0.0287366 0.00300497 -0.0103692
1106 -0.0169348 0.00515546 -0.0124565
1107 -0.0106113 0.00551169 -0.0128699
1108 -0.00578047 0.00344513 -0.0104951
1109 -0.0290472 0.00505922 -0.0122966
1110 -0.00166744 0.00408608 -0.0246352
1111 -0.0342635 0.00507654 -0.0229346
1112 -0.0284385 0.00502075 -0.0230776
1113 -0.014073 0.00503284 -0.0230417
1114 -0.0226243 0.00543096 0.0255363
1115 -0.0224586 0.00597601 0.0258601
1116 -0.0164993 0.00615719 0.0259176
1117 -0.0200221 0.00597805 0.0258609
1118 -0.0055083 0.00588244 0.00183089
1119 -0.00019643 0.00807273 0.0168732
1120 -0.000595762 0.00796328 0.0138045
1121 7.75902e-05 0.00807819 0.0209064
1122 0.0010499 0.00768431 -0.0275664
1123 -0.0173085 0.00616933 0.00665578
1124 0.037675 0.00488269 -0.0206314
1125 0.0107487 0.00736775 -0.0103021
1126 0.0252674 0.00748454 -0.0103956
1127 -0.00725421 0.00565056 -0.000968894
1128 -0.0299641 0.00595712 -0.00111469
1129 -0.019361 0.0059869 -0.00112948
1130 0.0205669 0.00266522 -0.00151187
1131 0.000982413 0.00773561 0.0275682
1132 0.00191478 0.0080044 -0.0121369
1133 0.000572636 0.00797398 -0.013763
1134 -0.000171939 0.00807812 -0.0219429
1135 -0.017647 0.0064539 0.0227848
1136 -0.0254398 0.00598763 0.0228719
1137 -0.0356291 0.00583526 0.0229354
1138 0.000428151 0.00802173 0.0180633
1139 -0.000323902 0.00494772 0.0158013
1140 -0.000192928 0.00493348 0.0199341
1141 -0.000258899 0.00494065 0.0141015
1142 3.05863e-05 0.00486326 0.0234589
1143 -0.0303728 0.00507173 -0.0243174
1144 -0.0227525 0.00507858 -0.0243288
1145 -0.012662 0.00499715 -0.0241124
1146 -0.00869574 0.00506876 -0.0243125
1147 -0.0101605 0.00498054 -6.30473e-05
1148 -0.00655606 0.00496638 -2.10311e-05
1149 -0.030428 0.00539726 -0.000760744
1150 0.0271457 0.00803733 0.0127273
1151 -0.00113139 0.0080831 0.000451082
1152 -0.0262455 0.00807934 0.000520438
1153 -0.0286844 0.00807632 0.00055013
1154 -0.0197087 0.00807819 0.000541639
1155 -0.0148817 0.00808573 0.000337352
1156 -0.0262066 0.00479434 0.0288154
1157 -0.00926718 0.00805808 0.000633012
1158 -0.0254448 0.00803006 0.00949632
1159 -0.0334279 0.00328324 0.0273297
1160 0.00158429 0.00613872 0.0107733
1161 0.00139962 0.00575147 0.00386843
1162 0.00111046 0.00537805 0.00960402
1163 0.0344495 0.0050057 0.0248778
1164 0.0354965 0.00492622 0.0244962
1165 0.0157444 0.00522669 0.0253149
1166 0.0234867 0.00518155 0.0252399
1167 0.0294888 0.00514252 0.025175
1168 0.0149457 0.00495073 0.0247146
1169 -0.0142581 0.014 -0.00670598
1170 -0.00691444 0.00808536 0.00033057
1171 0.0215699 0.00668843 0.022796
1172 0.0275721 0.00672175 0.0227996
1173 0.0243373 0.00695399 0.0108546
1174 0.00122186 0.00749931 -0.00835513
1175 0.0124715 0.00912144 -0.012806
1176 -0.0138415 0.014 -0.0131267
1177 -0.037675 0.00566153 -0.00652424
1178 -0.014591 0 -0.0234425
1179 -0.0122721 0 0.000652496
1180 0.037675 0.0109257 -0.0128922
1181 -0.0195961 0.014 -0.03187
1182 -0.0221444 0.00588152 -0.00453899
1183 -0.0106529 0.00493044 0.000534969
1184 -0.00746544 0.014 -0.0068717
1185 0.0287078 0.00764713 0.0134663
1186 0.00610012 0.00793196 0.0130334
1187 -0.0101209 0.0050431 0.0212716
1188 0.00215503 0.00801974 0.0128072
1189 0.00960515 0.00806986 0.0125795
1190 0.00893761 0 -0.00970419
1191 -0.0164553 0.00685538 0.0259149
1192 -0.000778698 0.00787865 -0.0263408
1193 0.00253351 0.00522875 0.0133183
1194 0.0325969 0.00511333 0.0131265
1195 0.0161241 0.00514529 0.0132436
1196 0.0212519 0.00556618 0.0136487
1197 0.0219614 0.00522394 0.0133103
1198 0.0274133 0.0052201 0.0133039
1199 0.0334367 0.0114752 0.0215632
1200 -0.0154082 0.00691368 0.00306635
1201 -0.00358613 0.014 0.03187
1202 -0.0222137 0.00497595 0.00078945
1203 -0.00508834 0.0052317 0.00132323
1204 -0.00215981 0.00524471 0.0013397
1205 -0.0308779 0.00505895 0.00103577
1206 -0.0247433 0.00522037 0.00130441
1207 -0.0214726 0.00520834 0.00128441
1208 -0.0195303 0.00510659 0.00111531
1209 0.0282063 0.0027393 -0.00783549
1210 -0.0142562 0.00519304 0.00125898
1211 -0.00851215 0.00522304 0.00130885
1212 0.00107232 0.00766727 -0.013994
1213 0.00140706 0.00723392 -0.0151622
1214 0.0163495 0.00486558 0.0215058
1215 0.0154075 0.00736737 -0.0140276
1216 -0.0111449 0.00430722 0.000133079
1217 -0.0094111 0.00718888 -0.0250534
1218 -0.0339023 0.00689031 0.00190054
1219 -0.0252349 0.00691536 0.0018959
1220 -0.0346048 0.00624828 0.001928
1221 -0.00850947 0.00672156 0.00194043
1222 -0.0116221 0.00588148 0.00182884
1223 0.0303907 0.0070443 0.00185812
1224 0.00731373 0.00704047 0.00186063
1225 0.0096837 0.00698841 0.00187817
1226 0.0117984 0.00696994 0.00188427
1227 0.0155619 0.00702491 0.00186587
1228 0.0179624 0.00706591 0.00185206
1229 0.0216251 0.00696854 0.00187941
1230 0.00597523 0.00559158 -0.000930621
1231 -0.0322047 0.0060753 -0.0131596
1232 -0.0137906 0.00595587 -0.0131187
1233 -0.00255099 0.00780915 -0.000515679
1234 -0.0267472 0.00763693 -0.000734963
1235 -0.0181431 0.00739088 -0.000943956
1236 -0.00227229 0.0112738 -0.0280528
1237 -0.031999 0.00607367 -0.0252027
1238 0.0246905 0.0020837 0.0027088
1239 -0.0360874 0.00582159 -0.025059
1240 -0.0131597 0.00419564 0.000365012
1241 -0.0335644 0.014 -0.0257068
1242 -0.0323902 0.014 -0.00686829
1243 -0.0284791 0.014 -0.0233546
1244 -0.0284233 0.014 0.00257484
1245 -0.029154 0.014 0.0110496
1246 -0.0215689 0.014 0.0038225
1247 -0.0209341 0.014 0.00920529
1248 -0.037675 0 0.00989625
1249 -0.0146621 0.014 0.0102888
1250 -0.00837475 0.014 -0.0171014
1251 0.000458741 0.014 0.0100492
1252 0.00779568 0.014 -0.00978356
1253 0.00982505 0.014 -0.00102083
1254 0.00795895 0.014 0.00946245
1255 0.0133485 0.014 0.00258755
1256 0.0143873 0.014 0.01003
1257 0.0224617 0.014 0.00272647
1258 0.0272826 0.014 0.0104429
1259 -0.037675 0.013947 -0.0232338
1260 -0.037675 0.014 -0.0173634
1261 0.00627038 0.0032596 0.0206948
1262 -0.0012481 0.00746842 0.00263733
1263 -0.00118045 0.00754806 0.00984375
1264 -0.00213636 0 -0.0100975
1265 -0.00225267 0.00795839 -0.0230237
1266 -0.0247101 0.00774152 -0.0226554
1267 -0.0317183 0.00804645 -0.0233142
1268 -0.0365227 0.00776808 -0.0226903
1269 -0.0149543 0.00781785 -0.0227558
1270 -0.011359 0.00776758 -0.0226897
1271 -0.037675 0.014 -0.00873859
1272 -0.037675 0.014 -0.00487577
1273 0.00141009 0.00577264 -0.0165682
1274 0.0203456 0.00581895 0.0258015
1275 0.0359799 0.00785953 0.026932
1276 0.0279598 0.0080955 0.0286426
1277 0.00693537 0.00611091 0.0259074
1278 0.00939876 0.0060753 0.0258996
1279 0.015456 0.0057564 0.0257726
1280 0.024341 0.00583989 0.0258096
1281 0.0200964 0.0116201 -0.0193637
1282 -0.0134406 0.00594185 -0.0251132
1283 -0.0251226 0.00590647 -0.0250959
1284 -0.0219357 0.00606365 -0.0251557
1285 -0.0103381 0.00601062 -0.0251378
1286 -0.0353018 0.00877451 0.0209936
1287 0.0266569 0.00675683 -0.0131966
1288 0.0254315 0.0116353 0.010747
1289 0.0296938 0.00495645 0.000731581
1290 -0.0209723 0.014 0.0160626
1291 0.0032037 0.014 0.0166876
1292 0.0290187 0.014 0.0188917
1293 0.0289403 0.014 0.0230265
1294 0.025244 0.00709699 0.00183977
1295 0.037675 0.014 0.0194473
1296 0.00144229 0.00714881 -0.0270246
1297 0.00106001 0.00533026 -0.00895334
1298 0.000910376 0.00520591 -0.00172894
1299 0.00189948 0.00464367 -0.0137655
1300 -0.0167967 0 -0.0111572
1301 -0.00518875 0.00751495 -0.0128386
1302 -0.029881 0.0071268 -0.013084
1303 -0.0232137 0.00709547 -0.0131006
1304 -0.0206443 0.00727571 -0.0130069
1305 0.00108469 0.0049125 0.01237
1306 0.00675835 0.00495571 0.0120106
1307 0.0228551 0.00403382 0.0130441
1308 -0.0234902 0.00964538 0.00988713
1309 0.00323622 0.00494007 0.0126236
1310 0.000730153 0.00509747 -0.0136967
1311 0.000837496 0.00516206 -0.0163633
1312 -0.00225713 0.00803837 0.0240175
1313 -0.0302488 0.00797174 0.0237925
1314 0.0172004 0.014 0.0164968
1315 -0.0094292 0.0080311 0.0239844
1316 -0.00856816 0.00801991 0.0248064
1317 -0.037675 0.00521858 -0.0296076
1318 -0.00962476 0 0.0104243
1319 0.0337021 0.00819954 0.01451
1320 0.00180011 0.00946632 -0.03187
1321 -0.0225572 0.00380867 0.0269934
1322 0.00834767 0 0.0113726
1323 0.0261406 0.00642346 0.0107848
1324 -0.0158657 0.0109566 -0.0200765
1325 0.00518307 0.00711675 0.0109087
1326 0.0307279 0.0065188 0.0107887
1327 0.023751 0.00642329 0.0107848
1328 -0.0182271 0.014 -0.00319649
1329 0.0327392 0.00654565 0.0107907
1330 0.0365814 0.00651502 0.01079
1331 -0.0131265 0.00766422 0.0188553
1332 0.020346 0.00710704 -0.00109575
1333 0.000363168 0.00266922 -0.00750815
1334 0.0212489 0.014 -0.000532222
1335 -0.0291395 0.0049125 -0.01163
1336 -0.030513 0.00526174 -0.0106423
1337 0.0052633 0.00758954 0.0232248
1338 0.00405507 0.00487239 -0.00410081
1339 0.0291853 0.0072785 0.0257436
1340 0.0252314 0.00947601 -0.0252569
1341 0.0154026 0.00789703 -0.0123689
1342 0.00495792 0 -0.0228091
1343 0.00617294 0.00515891 -0.0107977
1344 0.0294632 0.00553308 -0.0103763
1345 -0.0128959 0.00807819 0.0241984
1346 0.0326861 0.00541554 -0.01048
1347 0.00628008 0.014 -0.03187
1348 0.00848503 0.00749397 -0.0248564
1349 0.0158812 0.00729393 -0.0250017
1350 0.0186216 0.00740641 -0.0249451
1351 0.0229492 0.00713655 -0.0250821
1352 0.0257446 0.0074128 -0.0249456
1353 -0.00663934 0.00965352 -0.00024789
1354 0.000398181 0.00802833 0.00923667
1355 0.000152566 0.00807819 0.00461326
1356 0.000144594 0.00807819 0.00226163
1357 -0.0207337 0.00808125 0.0244853
1358 -0.020633 0.00522251 -0.0125679
1359 -0.0118785 0.00505853 -0.0122945
1360 -0.00333675 0.00521127 -0.0125493
1361 -0.00407074 0.0055304 0.0136241
1362 -0.00337299 0.00518913 0.0132525
1363 -0.00516018 0.00518481 0.0132453
1364 -0.0183294 0.00522148 0.0133062
1365 -0.0156765 0.00540793 0.013512
1366 -0.0109553 0.00520133 0.0132728
1367 -0.0245071 0.00517294 0.0132256
1368 -0.037675 0.00928529 -0.0228099
1369 -0.00821171 0.00517632 0.0132312
1370 9.31294e-05 0.00492263 -0.00557322
1371 -0.00043854 0.00498239 -0.00140181
1372 0.000478879 0.00499598 -0.0069499
1373 -0.0263702 0.00949559 0.0117463
1374 0.0274335 0.0073493 0.025709
1375 0.0277661 0 -0.0227574
1376 -0.0124035 0.00728431 -0.0222522
1377 -0.00984425 0.0066035 -0.0220479
1378 -0.00617833 0.00717708 -0.0221966
1379 0.0267967 0.0058545 0.0109283
1380 0.0268312 0.00515974 0.0252036
1381 -0.0303359 0.00462399 0.0204852
1382 0.0307281 0.00538378 0.0112535
1383 0.0334884 0.00536292 0.0112755
1384 -0.0204914 0.00504198 -0.0242377
1385 0.00807867 0.0111052 -0.0255824
1386 -0.0145146 0.00224009 -0.0215245
1387 -0.0349833 0.00659866 -0.0220541
1388 0.021179 0.00528969 0.0253872
1389 0.0247034 0.00535238 0.0112867
1390 0.027964 0.00538775 0.0112493
1391 0.0242227 0.00448509 -0.0281248
1392 0.014309 0.00621427 -0.0131868
1393 0.0056897 0.00701762 -0.0251283
1394 0.0209294 0.00748856 -0.024861
1395 0.0100345 0.0079502 0.024994
1396 0.0141006 0.00801556 0.0248262
1397 0.00958982 0.00748057 -0.0261767
1398 0.023159 0.00807819 0.0245416
1399 -0.0327401 0.00505922 -0.0242966
1400 0.0267213 0.00805842 0.0246315
1401 0.0219622 0.00794996 0.0249945
1402 -0.00286026 0.014 0.0041587
1403 0.0307271 0.00768831 -0.0246746
1404 0.011191 0.00622303 -0.0131894
1405 0.0228294 0.00614432 -0.0131748
1406 0.00458849 0.0073359 -0.0222829
1407 0.00543443 0.0077784 -0.0227039
1408 0.00823386 0.00776948 -0.0226922
1409 0.0208004 0.00782585 -0.0227663
1410 0.0115284 0.00773424 -0.0226458
1411 0.0185327 0.00767707 -0.0225706
1412 0.0206879 0.00786953 -0.00780901
1413 -0.00131525 0.00561126 -0.0146575
1414 -0.0317708 0.00693379 0.0228525
1415 -0.0181758 0.00621581 0.013925
1416 -0.0217472 0.00559036 0.0136605
1417 -0.0193326 0.0057564 0.0137726
1418 -0.0306235 0.00225296 -0.0234569
1419 -0.011801 0.00561259 0.0136798
1420 -0.0292908 0.00791415 0.0250719
1421 -0.0279472 0.00740982 0.0256679
1422 -0.0199725 0.00767976 0.0254259
1423 0.0174667 0.014 -0.0237596
1424 -0.03178 0.0079473 0.0130003
1425 -0.0321109 0.0077541 -0.0226719
1426 -0.0112866 0.00720569 0.0257898
1427 -0.0030952 0.00718755 -0.0222015
1428 -0.00872492 0.00738606 -0.0223131
1429 0.00253109 0.00773553 -0.0246125
1430 0.00379635 0.00766211 -0.0247091
1431 0.0332528 0.00800395 -0.0241379
1432 0.00764497 0.00798665 -0.0241753
1433 0.00607216 0.00771172 -0.0246438
1434 0.0166132 0.00782288 -0.0244976
1435 0.0240402 0.00770611 -0.0246512
1436 0.0108997 0.0074786 -0.0248695
1437 0.0143238 0.00763843 -0.0247337
1438 0.0286198 0.00763164 -0.0247394
1439 0.0178014 0.00536778 -0.0282123
1440 -0.0322423 0 -0.0242151
1441 -0.0233276 0.00801584 0.0119151
1442 -0.0178178 0.00793156 0.0117057
1443 0.035208 0.00770224 -0.0282363
1444 -0.011384 0.0079488 0.0117429
1445 0.000702074 0.00508058 -0.028997
1446 0.0239363 0.00730931 -0.019095
1447 -0.0329595 0.005146 -0.0124408
1448 -0.0315717 0.0049656 -0.0120187
1449 -0.0229952 0.00492077 -0.0235539
1450 -0.0178714 0.00602289 0.010858
1451 -0.034988 0.00514965 -0.0124469
1452 -0.0246693 0.014 0.0230575
1453 -0.00563802 0.00523202 -0.0125838
1454 -0.0312234 0.00538294 -0.0127456
1455 0.0058317 0.0107539 0.03187
1456 -0.000133665 0.014 -0.03187
1457 0.00231528 0.00787142 -0.000424315
1458 -0.0135751 0.00606283 -0.0269416
1459 0.00140258 0.0057564 -0.00763572
1460 -0.0286467 0.00804007 -0.0239748
1461 0.0239418 0.00223786 -0.0213815
1462 0.0285199 0.00887062 -0.0263544
1463 -0.0173865 0.00492831 -0.0234846
1464 -0.0293711 0.00808725 0.0123747
1465 -0.0072864 0.00808283 0.012456
1466 -0.00310834 0.00794953 0.0117445
1467 0.0168525 0.00673689 -0.0251988
1468 0.0102357 0.00730585 -0.0222648
1469 0.0277404 0.00855365 0.0113118
1470 -0.00552912 0.00766016 0.0134516
1471 0.00744276 0.00326601 -0.0274307
1472 0.00707866 0.00620794 -0.0100712
1473 0.0155736 0.00664376 -0.0100516
1474 0.0191824 0.00629132 -0.0100601
1475 0.0285391 0.00631388 -0.0100589
1476 0.0262836 0.00606891 -0.0101026
1477 0.0357799 0.00601852 -0.0101225
1478 -0.00478313 0.00453029 -0.0265534
1479 0.0127661 0.00660069 -0.0132115
1480 0.0232257 0.00680999 -0.0131849
1481 0.0327703 0.00764968 -0.0225359
1482 0.00998902 0.00685339 -0.0131753
1483 0.0175816 0.00656707 -0.0132121
1484 -0.000171639 0.00807819 -0.0260794
1485 -0.000960714 0.0052362 -0.00205847
1486 0.0186868 0.00493199 0.0125493
1487 -0.0256155 0.00773303 0.0233842
1488 0.0268626 0.006358 -0.0220512
1489 -0.0266094 0 -0.0258508
1490 0.002749 0.00530844 0.00140698
1491 0.0180725 0.0053122 0.00141094
1492 0.0255473 0.00501426 -0.0230968
1493 0.0113588 0.00500427 0.000873502
1494 0.0210107 0.00494889 0.000704628
1495 0.00184022 0.00501417 0.00090287
1496 -0.000751759 0.00511047 -0.0291364
1497 -0.024409 0.0077375 0.00142993
1498 -0.0227567 0.00771037 0.00144789
1499 -0.019054 0.00739088 0.00168396
1500 -0.00389813 0.00767845 0.00142761
1501 -0.0331348 0.00752001 0.00157427
1502 -0.00862573 0.00278913 -0.0144306
1503 -0.0068465 0.00805845 -0.0233687
1504 0.0257157 0.00493556 0.0245821
1505 -0.0174399 0.00793894 -0.000278382
1506 -0.0281024 0.0080044 -0.000136891
1507 -0.0205061 0.00771948 -0.000633633
1508 0.00241737 0.00770762 0.0113508
1509 0.0237895 0.00746513 0.0111191
1510 0.0318604 0.00637063 0.0150222
1511 0.0366325 0.00528707 0.0029681
1512 -0.00503315 0.00931624 -0.0110392
1513 -0.0113277 0.00612164 -0.0271696
1514 -0.0256101 0 0.0252684
1515 -0.0168002 0.00675125 -0.0100628
1516 -0.0309363 0.00716262 -0.022193
1517 -0.0227317 0.00671393 -0.0252013
1518 -0.00297368 0.00715453 -0.025073
1519 -0.0354298 0.00741343 -0.0249248
1520 -0.0196142 0.00728065 -0.0250052
1521 -0.023014 0.00735304 -0.0249668
1522 -0.0245522 0.00720801 -0.025041
1523 -0.0113157 0.00723832 -0.0250295
1524 -0.0147796 0.00805726 0.0246367
1525 -0.0240025 0.00804478 -0.0233066
1526 -0.0213412 0.00803819 -0.0232766
1527 -0.0266788 0.00375707 -0.0012481
1528 -0.00459012 0.00804937 -0.0233274
1529 0.00065355 0.00793655 0.0220455
1530 0.000563089 0.0079784 0.0143342
1531 0.033827 0.00350245 -0.0253649
1532 0.000904966 0.00779449 0.0152501
1533 -0.0347003 0.00552191 -0.0103864
1534 -0.0289152 0.00617246 -0.0100845
1535 -0.029221 0.00572216 -0.025012
1536 -0.000762378 0.0078862 -0.028477
1537 -0.0154341 0.00352215 0.0235663
1538 0.0337144 0.00767292 0.00143488
1539 0.0133171 0.00731096 0.00173205
1540 0.0212649 0.00748621 0.00160299
1541 0.00583389 0.00724949 0.00176736
1542 -0.037675 0 0.0131669
1543 0.0206603 0.00560014 0.00167189
1544 0.0111395 0.00547029 0.0255778
1545 -0.0235766 0 0.0137132
1546 -0.0283953 0 0.0115965
1547 -0.0120438 0 0.0155413
1548 -0.0168621 0 0.0154318
1549 -0.0225865 0.00875417 -0.00581747
1550 -0.0037001 0 0.0180492
1551 -0.00544265 0 0.0232768
1552 0.00442885 0 0.020547
1553 0.0181349 0 0.0141381
1554 0.0150056 0 0.0170878
1555 0.0209074 0 0.00986519
1556 0.0225408 0 0.0156543
1557 0.0150416 0.0101131 0.0256002
1558 -0.0229066 0.00699691 0.00186405
1559 -0.00550076 0.00664047 0.00194924
1560 -0.0349509 0.00634518 -0.0252046
1561 -0.0181932 0.00671719 0.0019409
1562 -0.015323 0.00641405 0.00195517
1563 -0.00326471 0.00716932 0.00180694
1564 0.018472 0.00624185 0.025932
1565 -0.0141467 0.014 0.028445
1566 -0.037675 0.014 0.0100511
1567 -0.011836 0.0139821 0.03187
1568 0.00824656 0.014 0.03187
1569 0.0135842 0.014 0.03187
1570 0.0218273 0.014 0.03187
1571 0.0264501 0.014 0.03187
1572 -0.037675 0.014 0.0145936
1573 -0.037675 0.014 0.0238353
1574 -0.037675 0.0107004 -0.00683041
1575 0.0107815 0.0113182 -0.0241312
1576 -0.0333892 0.00795364 -0.00201369
1577 -0.0284108 0.00928682 -0.00757131
1578 -0.0351243 0 0.0197445
1579 -0.0262983 0.00883327 -0.0259482
1580 0.0297602 0.00542149 -0.0127863
1581 -0.0124452 0.00493131 -0.0260473
1582 -0.0247644 0.0049794 0.0247997
1583 -0.0283314 0.00496051 0.0247437
1584 -0.0173226 0.0049558 0.0247297
1585 -0.0132926 0.00499733 0.0248529
1586 -0.0321579 0.00504221 0.0249861
1587 -0.0275725 0.00493988 0.0241182
1588 0.000964425 0.00523972 0.0038001
1589 0.0170002 0.00960731 0.00747382
1590 0.00679732 0.00665602 -0.0220524
1591 0.00456874 0.014 -0.00371659
1592 0.0201436 0.0066932 -0.0220565
1593 0.0250865 0.014 -0.0236799
1594 0.0233198 0.00647065 -0.0220448
1595 0.000606946 0.00795811 0.0266911
1596 -0.00284039 0.00734689 -0.000970427
1597 -0.0187941 0.00525432 -0.0226502
1598 -0.0115084 0.00545989 -0.0224332
1599 -0.0112102 0.00594172 -0.0221506
1600 -0.00676688 0.00587363 -0.0221731
1601 0.0251023 0.0079494 -0.0110042
1602 0.0133184 0.00762008 -0.0105107
1603 -0.00153735 0.00611034 0.0183136
1604 0.0224528 0.00739088 -0.010316
1605 0.00342634 0.00735309 -0.0102933
1606 0.0329748 0.00864027 -0.03187
1607 -0.037675 0.0035177 -0.0229523
1608 -0.0231231 0.006679 -0.00120457
1609 0.000392932 0 -0.0246165
1610 -0.0261271 0.0064015 -0.00121381
1611 0.0322066 0.00893877 -0.0215449
1612 -0.00551489 0.0073212 -0.000985888
1613 -0.0322528 0.00590941 -0.0221665
1614 -0.0295708 0.00561655 -0.0223222
1615 -0.0249623 0.00594069 -0.022154
1616 -0.0186127 0.00579002 -0.0222118
1617 -0.0157642 0.00589099 -0.0221702
1618 -0.000881597 0.00781225 -0.0175116
1619 0.0330876 0.0057564 -0.0222274
1620 0.00529204 0.00673889 -0.0220614
1621 0.00633878 0.00672007 -0.0132006
1622 -0.000620248 0.00795195 -0.00810313
1623 0.00791631 0.00787544 -0.0045722
1624 -0.0257195 0.00724775 -0.0102366
1625 0.0335117 0.00407919 0.0266493
1626 -0.0112967 0.00808748 0.0243705
1627 -0.0279712 0.00877148 0.0262565
1628 -0.00334655 0.00808617 0.0243946
1629 0.037675 0.00347027 -0.0229712
1630 -0.0289042 0.00808709 0.0243776
1631 -0.0156683 0.00803709 0.0240116
1632 0.0323366 0.00220989 0.0290349
1633 0.0363393 0.00547227 0.0255799
1634 0.0264427 0.00492965 -0.0234723
1635 0.00915083 0.00546099 0.025568
1636 0.0133127 0.00547227 0.0255799
1637 -0.00616956 0.00726296 0.010979
1638 -0.0177992 0.00759892 0.0112328
1639 -0.0139109 0.00744718 0.0111038
1640 0.0192829 0.014 0.0227635
1641 -0.0271674 0.00848198 -0.00943734
1642 -0.00694596 0.00765333 0.0112794
1643 -0.0260261 0.00756003 0.0111997
1644 -0.0333226 0.00808084 0.000492859
1645 0.0315526 0.00492215 -0.0237187
1646 -0.0168227 0.00652052 -0.0220465
1647 -0.032695 0.0075675 0.0112061
1648 -0.0290292 0.00770528 0.0113477
1649 0.000818442 0.00786026 -0.00935539
1650 0.00139016 0.0072825 -0.00124264
1651 0.000897486 0.00780017 0.0189759
1652 0.000126023 0.00807819 0.0262201
1653 -0.0222463 0 -0.02401
1654 -0.0285721 0.0052362 -0.0245907
1655 0.0289332 0.00797175 0.0117925
1656 -0.00985375 0.0049125 -0.02363
1657 -0.00116316 0.00756841 -0.00792214
1658 0.0320681 0.00496868 0.0239721
1659 0.0153431 0.00577839 -0.0222172
1660 0.0262745 0.00576748 -0.0222223
1661 0.0275753 0.00512167 -0.000400366
1662 0.026151 0.00562467 -0.00094326
1663 0.0358758 0.00563535 -0.000950504
1664 0.000111465 0.00807819 0.0133987
1665 0.013231 0.00480703 0.00247441
1666 -0.0302029 0.00675683 -0.0251966
1667 -0.0180762 0.00517436 0.0252279
1668 -0.00438765 0.00500095 0.0248637
1669 -0.0348816 0.00711587 0.0109102
1670 -0.00766122 0.00716049 0.0109324
1671 -0.0203071 0.00730956 0.0110086
1672 -0.0261825 0.00659269 0.0107915
1673 -0.0302801 0.00697686 0.0108645
1674 -0.031784 0.00708759 0.0108952
1675 -0.0347417 0.00807977 0.0245124
1676 -0.00371014 0.00795862 0.0249758
1677 -0.0109894 0.00796874 0.024954
1678 -0.00207672 0.00807256 0.0247955
1679 0.0345779 0.00657991 -0.025207
1680 0.0164906 0.00599811 -0.0101264
1681 0.000171639 0.00807819 0.00735853
1682 0.013149 0.008634 0.0206012
1683 0.0345511 0.00799209 0.000903505
1684 0.0173161 0.00787104 0.00116515
1685 0.00734917 0.00762815 0.00148242
1686 0.00603422 0.00786003 0.00118875
1687 0.00827662 0.00795493 0.000983807
1688 0.0105031 0.00749936 0.00159181
1689 -0.0139346 0.0106162 0.0237602
1690 0.037675 0.00580005 0.0154508
1691 0.00358041 0.00785277 0.0011983
1692 0.00246686 0.00747795 0.00161
1693 -0.00408677 0.00654376 -0.0252152
1694 6.00404e-05 0.00491903 0.0250736
1695 4.13077e-05 0.00491699 0.0270577
1696 0.00312973 0.00786563 -0.0228232
1697 0.0124742 0.00739088 -0.022316
1698 0.0196162 0.0073506 -0.0222918
1699 0.0141245 0.00736785 -0.0223021
1700 0.0175208 0.0071849 -0.0222068
1701 0.024954 0.00758671 -0.0224824
1702 0.021339 0.00716047 -0.0221938
1703 -0.00833717 0.00494961 0.0240287
1704 0.0190108 0.00514472 0.0131787
1705 0.020621 0.00507729 0.0130666
1706 0.0106203 0.00502992 -0.00347845
1707 -0.0153945 0.00780739 0.0211337
1708 0.0275443 0.0049348 0.0125751
1709 0.011754 0.00291921 0.0224026
1710 0.0338358 0.00547186 -0.0267262
1711 0.0357973 0.00492131 -0.0233256
1712 0.0196728 0 -0.0318525
1713 0.0257649 0 -0.03187
1714 -0.0287602 0 -0.03187
1715 -0.0233844 8.67362e-19 -0.03187
1716 -0.0159013 4.33681e-19 -0.03187
1717 -0.0111989 0 -0.03187
1718 -0.00323373 0 -0.03187
1719 0.0135584 0 -0.03187
1720 -0.0205846 0.00661756 -0.0252086
1721 0.00323157 0.00502531 0.0236739
1722 0.037675 0.0105859 0.0128382
1723 -0.0221876 0.0061473 -0.00117549
1724 0.00690885 0.00499333 0.0238989
1725 0.0302221 0.00496338 0.0239878
1726 -0.00157462 0.00631706 -0.00599497
1727 0.00578161 0.00492487 0.0244838
1728 0.0107943 0.00500407 0.0238671
1729 0.00240396 0.00543911 0.0111951
1730 0.0192975 0.0022303 0.011718
1731 0.0310281 0.0049428 0.0126487
1732 0.0287625 0.00498647 0.0119193
1733 -0.0191112 0.00801213 -0.0231582
1734 0.00766433 0.00525861 0.0113856
1735 -0.0158017 0.00990215 0.0234746
1736 0.0148649 0.00519431 0.0114789
1737 0.0163305 0.00521083 0.0114515
1738 0.0205628 0.00531116 0.0113302
1739 -0.00441861 0.00236196 0.0152216
1740 0.0125105 0.00543546 0.011199
1741 0.00133665 0.00495729 0.0240059
1742 0.00112546 0.00539225 0.0276799
1743 -0.0308129 0.00431976 -0.0217063
1744 -0.019431 0.00572167 -0.0279115
1745 -0.00480561 0.00492851 -0.0114827
1746 -0.00150448 0.00495044 -0.0112862
1747 -0.0140213 0.00493026 -0.0117933
1748 -0.00372134 0.00577194 0.0257798
1749 -0.0187971 0.00554332 0.0256339
1750 0.00122324 0.00749769 0.00563746
1751 0.00339648 0.00524688 0.0265785
1752 0.037675 0.00673994 -0.0204147
1753 -0.0287052 0.00410276 -0.0219081
1754 -0.0125306 0.014 -0.0273704
1755 0.00244848 0.014 -0.0237129
1756 0.00801579 0.014 -0.0231926
1757 0.00988976 0.014 -0.0174388
1758 0.0291435 0.014 -0.0229916
1759 0.0276809 0.014 -0.0170925
1760 -0.0239251 0.0139886 -0.03187
1761 -0.0299951 0.0139579 -0.03187
1762 0.0347746 0.00595667 -0.0251124
1763 -0.00790954 0.014 -0.03187
1764 0.0290109 0.014 -5.02742e-05
1765 0.0149744 0.0139483 -0.03187
1766 0.0199741 0.014 -0.0318077
1767 0.0262446 0.014 -0.03187
1768 -0.0108553 0.014 0.0217804
1769 0.037675 0.014 -0.0212217
1770 0.037675 0.014 -0.014969
1771 0.03762 0.014 -0.00978414
1772 0.037675 0.014 -0.00409316
1773 -0.0279471 0.00671077 -0.0252016
1774 -0.0137736 0.00798766 -0.00017307
1775 0.00949125 0.00651334 0.0107848
1776 -0.00686024 0.00345274 -0.0227108
1777 -0.00801535 0.00583079 -0.0262819
1778 0.0312644 0.0118636 -0.0144711
1779 -0.0307185 0.00367007 -0.0127931
1780 0.0115208 0.00687799 0.0159408
1781 0.0233633 0.00807819 -0.0235162
1782 0.030348 0.00384974 -0.0235648
1783 -0.000166787 0.00493064 -0.0206367
1784 -0.0133996 0.0080698 -0.0118397
1785 -0.0112421 0.00810087 -0.0118405
1786 -0.0247266 0.00808008 -0.0117669
1787 -0.000171639 0.00807819 0.0111428
1788 -0.0349342 0.00695852 -0.0251406
1789 0.00792717 0.00536791 0.0232703
1790 0.0136863 0.00542096 0.0232143
1791 0.0222221 0.00555341 0.023102
1792 0.0314696 0.00954276 -0.0240995
1793 0.037675 0.00633183 -0.00352905
1794 -0.036184 0.00775431 -0.0245878
1795 -0.0319709 0.00736495 -0.0249592
1796 -0.0170525 0.00735344 -0.0249665
1797 0.0358834 0.00703244 0.0108794
1798 0.0262067 0.00670253 0.0259425
1799 -0.0227928 0.00600032 -0.0265899
1800 -0.00933346 0.00504393 -0.0230088
1801 0.037675 0 -0.0148174
1802 0.0312261 0.00724777 0.0257599
1803 -0.00461495 0.00708759 0.0228952
1804 -0.0297491 0.00759117 0.0232262
1805 -0.0272129 0.00724755 0.02298
1806 0.0351677 0.00643474 -0.0220453
1807 -0.0293996 0.0077966 -0.0245322
1808 -0.0301201 0.00499758 -0.0231463
1809 -0.0222455 0.0077855 -0.0245467
1810 -0.0194614 0.00785069 -0.024461
1811 -0.00127425 0.00743763 0.0285588
1812 -0.0154998 0.00768557 -0.0246782
1813 0.0307054 0 0.0246918
1814 -0.0322936 0.00782317 -0.0244972
1815 0.00632272 0.00708759 0.0228952
1816 0.00348097 0.00764274 0.02327
1817 0.0297122 0.00727859 0.0229942
1818 0.0249767 0.00672076 0.0227995
1819 0.0246609 0.00576668 -0.0102226
1820 0.0273189 0.00552055 -0.0103841
1821 0.0274439 0.00529886 -0.0246568
1822 0.0307084 0.00505922 -0.0242966
1823 0.00857108 0.00519747 -0.0245263
1824 0.0186265 0.00506512 -0.0243064
1825 0.0234127 0.00514948 -0.0244466
1826 -0.000973615 0.0077423 -0.0214396
1827 0.0104912 0 -0.00349722
1828 -0.00389054 0.00595431 -0.0221424
1829 -0.0201727 0.00583332 -0.022192
1830 -0.0273073 0.0054176 -0.0224193
1831 -0.0128058 0.0054718 -0.0224206
1832 0.0297792 0.00798799 -0.0241724
1833 0.0354166 0.00797013 -0.024211
1834 0.00139922 0.00723298 0.0282657
1835 0.00211827 0.00800639 -0.0241279
1836 0.0110593 0.00794593 -0.0242633
1837 0.0179828 0.00793925 -0.0242777
1838 0.0135082 0.00614687 0.0259154
1839 -0.0208795 0.00932195 -0.00306447
1840 0.0279544 0.00614288 0.0259132
1841 0.00444319 0.00604235 0.0258885
1842 0.000929392 0 0.0293122
1843 -0.0323879 0.00603891 0.00568897
1844 -0.00246177 0.00550882 0.0306525
1845 -0.03097 0 0.0247472
1846 0.0046567 0.00501449 0.0118362
1847 0.0211931 0.00711058 0.0258326
1848 -0.0351243 0.014 0.0254261
1849 0.0104335 0.00714897 0.0258123
1850 0.00620049 0.00739295 0.0256822
1851 0.00833895 0.014 0.0207733
1852 0.0238998 0.00713864 0.0258177
1853 -0.034238 0.00783118 -0.0244867
1854 -0.0180645 0.00806145 -0.0238777
1855 -0.0239361 0.00771682 -0.0246371
1856 -0.0136007 0.00770086 -0.0246581
1857 -0.037675 2.56081e-05 -0.0211714
1858 0.0354039 0.00554504 -0.0248893
1859 0.00867192 0.00807819 -0.0237387
1860 0.000571133 0.00502706 0.0265979
1861 0.00156886 0.00673596 0.00906365
1862 0.000538266 0.00501599 0.0283357
1863 0.0154005 0.00973349 -0.021105
1864 -0.000799495 0.00786903 -0.00960824
1865 -0.000660527 0.00793332 -0.00594624
1866 -0.0248697 0.00549357 0.0111439
1867 -0.0219169 0.00546273 0.0111702
1868 -0.0187795 0.00549361 0.0111439
1869 -0.0277754 0.00538683 0.0112503
1870 -0.0133136 0.00540776 0.0112282
1871 -0.0360108 0.00494961 0.0120287
1872 -0.00124662 0.00493553 0.0125818
1873 -0.0190202 0.00717438 -0.014617
1874 -0.0205348 0.00494961 0.0120287
1875 -0.0289755 0.00494536 0.0126722
1876 -0.0263941 0.00496095 0.012745
1877 -0.022536 0.00494148 0.0126365
1878 -0.000818442 0.00786026 0.0275511
1879 0.0031015 0.00610078 -0.0251652
1880 0.0318367 0.00593092 -0.0251021
1881 0.00969846 0.00629165 -0.0251977
1882 0.0140554 0.00619929 -0.0251853
1883 0.0183103 0.00618723 -0.0251818
1884 0.0208 0.00641405 -0.0252152
1885 0.0221938 0.00592628 -0.0251003
1886 0.0227919 0.00651832 -0.0252134
1887 0.0239638 0.00598156 -0.0251223
1888 0.0268929 0.00603412 -0.0251432
1889 0.0295899 0.00631068 -0.0251982
1890 0.0207137 0.00560928 -0.0249328
1891 -0.0305114 0.00578727 -0.0102131
1892 -0.0210526 0.00588417 -0.0101754
1893 -0.0135713 0.00580102 -0.0102068
1894 -0.0162356 0.00603671 -0.0101158
1895 0.0354843 0.00724312 -0.025023
1896 -0.0254064 0.00613474 -0.0100876
1897 0.00080826 0.00786497 0.00249427
1898 0.00788412 0.00676218 -0.0100649
1899 0.0235737 0.00637796 -0.0100487
1900 0.0326558 0.00647014 -0.0100465
1901 0.0316068 0.00723422 -0.0250288
1902 0.0239638 0.00714402 0.00181484
1903 0.0281521 0.00689896 0.00189713
1904 0.0268958 0.00867511 -0.00862918
1905 -0.0210833 0.00773094 0.0113815
1906 0.0304591 0.00528573 -0.022617
1907 -0.0118876 0.00502827 -0.0110552
1908 -0.0210892 0.00499596 -0.0111512
1909 0.0299947 0.00713437 -0.02218
1910 0.00939244 0.00786026 0.0131884
1911 -0.00427263 0.00543421 0.00555808
1912 0.0310367 0.00500735 -0.0231173
1913 -0.00816413 0.00782402 -0.0124961
1914 -0.00259998 0.00775588 -0.0125857
1915 -0.00133073 0.00565043 0.0289832
1916 -0.0280751 0.00499564 -0.0241079
1917 0.0171161 0.00503042 0.000951102
1918 0.0202546 0.00520755 0.00128309
1919 -0.00819539 0 -0.0137231
1920 0.00742884 0.00530931 0.00140789
1921 0.00783208 0.00660185 0.0259527
1922 0.0149175 0.00535798 0.00145927
1923 -0.0064918 0.0059094 -0.0251022
1924 0.0333422 0.0060851 0.0259018
1925 0.00575583 0.00803746 -0.0239867
1926 0.0152165 0.0080129 -0.0240983
1927 0.0208898 0.0079461 -0.0242629
1928 0.0230096 0.0080044 -0.0241369
1929 0.0255964 0.00796201 -0.0242285
1930 0.0221663 0.00773395 -0.0246146
1931 0.0329236 0.00709321 -0.0221582
1932 0.0153913 0.00697101 -0.0221179
1933 0.0259829 0.00708759 -0.0221552
1934 0.0286254 0.00682385 -0.022082
1935 0.00028026 0.0107101 0.03187
1936 -0.0258109 0.00495002 0.000712481
1937 0.037675 0.00245543 0.0228775
1938 -0.0125126 0.00493131 0.000542971
1939 0.0313595 0.00784917 0.023537
1940 0.0235421 0.00780033 0.0234728
1941 -0.0215627 0.00547227 -0.0248399
1942 -0.037675 0.0101363 -0.01276
1943 0.0108731 0.00802374 0.023951
1944 0.0193819 0.0076975 0.0233375
1945 -0.00130492 0.00559723 0.00167492
1946 -0.00125771 0.00553513 0.00722927
1947 -0.000791742 0.00513453 0.00974564
1948 -0.0130663 0.00744303 0.0256397
1949 0.0145964 0 0.0218442
1950 0.0183153 0 0.0194976
1951 0.0220046 0 0.0223532
1952 0.0252078 0 0.0189945
1953 0.0185387 0.0104487 -0.0229603
1954 -0.0122366 0 0.0240281
1955 0.032193 0.00695176 -0.00809617
1956 -0.0167227 0 0.03187
1957 -0.000281129 0 0.03187
1958 0.00818604 0 0.03187
1959 0.0214946 0 0.0318469
1960 0.0256549 4.29389e-05 0.03187
1961 0.037675 0 0.0153807
1962 0.037675 0 0.0100511
1963 0.0376171 0 0.02031
1964 0.00142757 0.00581042 0.00602812
1965 0.0352001 0.00515173 -0.000450332
1966 0.0192658 0.00522467 -0.000571558
1967 -0.0231465 0.00718267 0.0109456
1968 0.0317439 0.0115192 0.00785858
1969 0.0248706 0.00792108 -0.0210087
1970 0.010152 0 0.0229013
1971 -0.0300813 0 0.0281838
1972 0.034273 0 -0.0194958
1973 -0.00805744 0.00761911 0.0254901
1974 0.0147623 0 0.00496528
1975 -0.0256335 0 -0.0209831
1976 0.0238263 0 0.00447927
1977 0.0093181 0.00795136 -0.0242515
1978 0.029584 0.00716066 -0.0142994
1979 -0.0332348 0.0109922 0.0287797
1980 0.0096691 0.0139451 -0.03187
1981 0.00704714 0.00809699 -0.0259537
1982 0.0223748 0.0113765 0.0267684
1983 0.0285034 0.0112939 -0.00951411
1984 -0.0217238 0.00489495 -0.00997311
1985 -0.0199251 0.00671027 -0.00120165
1986 -0.00959352 0 -0.00291855
1987 -0.0243271 0.00778246 0.0195045
1988 0.0110222 0.00761541 0.00907411
1989 0.0245423 0.00762277 -0.0267676
1990 -0.0321271 0.0069261 -0.03187
1991 -0.00146125 0 0.0263793
1992 0.0117107 0.014 -0.0271776
1993 0.0314256 0.014 -0.0121967
1994 -0.023146 0.011345 0.0236846
1995 -0.0303659 0 -0.0187168
1996 0.0042847 0.00381405 0.022476
1997 -0.0158229 0.0111974 -0.0145305
1998 0.03172 0 -0.03187
1999 0.031086 0 0.03187
2000 0.0307828 0 -0.0147914
2001 0.00515801 0.0110317 0.0156366
2002 -0.0168802 0.0078113 0.0252528
2003 0.0191785 0.0112167 0.0135198
2004 -0.00561784 0.00513282 -0.000418891
2005 -0.0145669 0.014 -0.000520044
2006 0.0154661 0.00484647 -0.03187
2007 -0.0335441 0.0051543 -0.0108054
2008 -0.0017239 0.014 -0.0223557
2009 0.0080389 0.014 0.0171361
2010 -0.00972688 0.00708759 0.0108952
2011 -0.037675 0.00785552 -0.0318449
2012 0.0194655 0.00425711 -0.0261328
2013 0.0317478 0.00425779 0.020979
2014 0.0184891 0.00670649 0.0107979
2015 -0.0037892 0.00689786 0.0108357
2016 0.0301015 0 -0.0271039
2017 -0.0332806 0.014 -0.0208972
2018 -0.0330899 0.014 0.0132512
2019 0.0309861 0 0.0166546
2020 -0.0193184 0.00776387 0.0234248
2021 0.0255575 0.0076164 0.0014924
2022 0.0320625 0.014 0.03187
2023 -0.00771203 0.014 -0.0220703
2024 0.01315 0.00224722 -0.0112818
2025 -0.0338771 0 0.0169382
2026 -0.0164826 0.00592795 -0.00110679
2027 -0.00786836 0.00735174 -0.0129675
2028 0.0211147 0.0076529 -0.000721217
2029 0.0313355 0.014 -0.03187
2030 0.0376197 0.00529619 0.03187
2031 0.0221269 0.00911069 -0.03187
2032 -0.00880152 0.00512408 -0.0124044
2033 -0.0353093 0.00604428 0.0158431
2034 0.037675 0.00802251 -0.0025921
2035 -0.000506891 0.0080044 0.00566523
2036 0.00164377 0.00840274 -0.00131173
2037 -0.0251671 0.00289828 0.0254526
2038 -0.0293528 0.014 0.00672445
2039 -0.00578548 0.00509972 0.0116361
2040 0.00200898 0.00404994 0.00330996
2041 0.0211542 0.014 0.0130914
2042 0.0100157 0.0110018 -0.00436785
2043 -0.010257 0.00915459 0.015183
2044 -0.0295217 0.00949761 0.00816568
2045 -0.013327 0.00705178 0.00185339
2046 0.0329193 0.00806847 0.0125858
2047 0.0265548 0.00244669 -0.0170077
2048 -0.00790465 0 0.00221919
2049 -0.00411198 0 -0.0243084
2050 -0.000193826 0.00493358 -0.00735966
2051 -0.0272583 0.00786026 0.0131884
2052 0.019146 0.00750119 0.00340017
2053 0.0177657 0.00660776 0.0167597
2054 -0.0256716 0.014 -0.00374586
2055 0.0315333 0.00896778 -0.00261456
2056 0.00158517 0.00648238 -0.0282447
2057 0.0014391 0.00583535 -0.0284463
2058 -0.037675 0.00947195 -0.0203696
2059 0.0283223 0.00494618 0.0240602
2060 0.0119177 0.00749822 0.003414
2061 0.0201403 0.00794443 0.0010065
2062 -0.0306042 0.00757298 0.0112107
2063 0.0247281 0.00711399 0.00311875
2064 0.037675 0.00965017 -0.000166384
2065 -0.00477649 0.00810768 0.00942118
2066 0.00157559 0.00666919 0.029171
2067 0.0171834 0.014 -0.00373397
2068 -0.0256149 0 -0.00825788
2069 -0.00696858 0.00801162 0.0118959
2070 0.0314942 0.00792921 0.03187
2071 -0.00287465 0.00772361 -0.00336663
2072 -0.00150726 0.00697994 0.0291116
2073 0.0317969 0.00772189 -0.015174
2074 -0.0330873 0 0.00854214
2075 -0.00541569 0.014 0.0180082
2076 0.0339393 0.00492881 0.02422
2077 0.0248361 0.00494994 0.00400256
2078 0.0177809 0.010189 0.00356904
2079 -0.00727566 0.00355312 0.000123604
2080 -0.0186596 0.00686757 0.0216609
2081 0.0155701 0.00909949 0.000643625
2082 -0.0219494 0.00560924 -0.0103272
2083 0.00830561 0.00685853 -0.0025556
2084 -0.0253433 0.014 -0.00934467
2085 0.00624011 0.0083771 0.0195097
2086 0.0214488 0.00515184 -0.0108095
2087 0.00158359 0.00659541 0.0266294
2088 0.027968 0 0.00469055
2089 -0.031474 0.0105019 0.0226233
2090 -0.0153839 0.00424255 0.027219
2091 -0.00157099 0.00632752 0.0286453
2092 0.0357987 0.00502865 -0.00958057
2093 -0.0242849 0.00668042 0.0101355
2094 -0.0306613 0.00323562 0.0123301
2095 -0.027049 0.00770477 -0.010607
2096 -0.031937 0.00379082 0.0221963
2097 -0.0328414 0.00688247 0.0296377
2098 -0.00750457 0.0116681 -0.00269248
2099 -0.0113708 0.00865674 -0.0170795
2100 -0.0308348 0.00255639 0.0012643
2101 0.0264319 0.00533316 -0.012693
2102 0.00218339 0.0118494 -0.03187
2103 0.0254466 0.0023526 0.0114585
2104 0.00549578 0.00811264 0.0262333
2105 -0.00147681 0.00892572 -0.000528321
2106 0.0350204 0.014 0.0116063
2107 0.0235926 0.0116583 0.0182465
2108 -0.012298 0.00708759 0.0108952
2109 -0.020204 0.0115349 0.0274038
2110 -0.0286285 0.0049664 0.000761082
2111 -0.0232278 0.00497848 -0.00279415
2112 -0.0255354 0.00731505 0.0137277
2113 -0.0319771 0.014 0.000549543
2114 0.0189553 0 0.0250299
2115 -0.0157154 0.00727668 -0.0010092
2116 0.00127446 0 0.00857706
2117 -0.00423521 0.014 0.0277829
2118 0.026666 0.0071639 0.0109325
2119 0.0190682 0.0101969 0.0199542
2120 -0.001665 0.0038874 0.0257371
2121 -0.0275824 0.00678898 0.00350384
2122 0.0217393 0.00492004 -0.0115607
2123 -0.0363407 0.00663835 0.0107966
2124 0.0267704 0.00891906 0.0173606
2125 0.0330829 0.014 2.17254e-05
2126 -0.0218159 0.00802706 0.0239661
2127 -0.0295679 0.0068526 0.0139122
2128 -0.00481383 0.00431286 0.0120771
2129 0.0326313 0.00661221 0.0227942
2130 -0.0336124 0.014 0.00855059
2131 0.0320347 0 0.00897876
2132 0.0239154 0.014 -0.0278116
2133 0.0197559 0.00462503 0.028878
2134 -0.0189389 0.0117077 -7.64674e-06
2135 -0.0331197 0.00808673 0.0243842
2136 0.0100846 0.00992996 -0.0136367
2137 -0.00320429 0.00394065 -0.0265964
2138 0.00607222 0.00567452 0.0257233
2139 0.00246079 0.00818319 -0.00371447
2140 0.0246112 0.014 0.0265168
2141 -0.0178866 0.00390274 0.0227316
2142 0.00362379 0.014 -0.0279994
2143 -0.000316392 0.00804633 0.0289334
2144 -0.0125937 0.00563146 0.0050668
2145 -0.0338616 0.00720803 -0.022218
2146 0.0198485 0.014 -0.00916632
2147 -0.012002 -2.1684e-19 0.03187
2148 0.0140507 0.00349453 -0.00913974
2149 0.0352168 0.00616123 -0.0145066
2150 0.0105262 0.00635268 0.0209187
2151 -0.0186092 0.00380429 0.0256379
2152 0.00146451 0 0.0232802
2153 -0.0275276 0.00717686 0.0109425
2154 -0.0341346 0 -0.0141567
2155 0.000655499 0.00362383 0.00412882
2156 -0.02696 0.00488089 -0.0163663
2157 -0.0202037 0.00801769 -7.65065e-05
2158 -0.0168859 0.00591752 0.0149974
2159 -0.0322118 0.014 -0.0125483
2160 0.00265312 0.014 -0.0135085
2161 -0.00113952 0.00540557 -0.00516545
2162 -0.028472 0.014 -0.0139384
2163 -0.0337048 0.00542289 0.0214366
2164 -0.0169562 0.00327732 0.0138916
2165 -0.000123772 0.00268146 0.0160205
2166 0.0082672 0.00503604 0.0117722
2167 0.018671 0.00916422 0.0129283
2168 0.00560535 0.00552239 0.00323389
2169 -0.0191292 0.00804535 0.0240492
2170 0.0103827 0.00395464 0.0135218
2171 0.0279659 0 -0.00906842
2172 -0.0103687 0.014 -0.0134801
2173 -0.0105199 0.014 0.0138542
2174 0.0108707 0.014 -0.00716244
2175 0.0243546 0.014 -0.00666506
2176 0.00837907 0.00507875 -0.0088481
2177 0.0312238 0.00400832 0.0255063
2178 -0.00384484 0.00295445 -0.0120356
2179 0.0153465 0.00247633 -0.01657
2180 -0.000859575 0.00437109 0.00108889
2181 -0.037675 0.00470582 -0.00826379
2182 0.0279351 0.012188 0.0144211
2183 -0.0211561 0.00980407 -0.0142509
2184 -0.00283024 0 -0.0191231
2185 -0.025014 0.014 0.00634065
2186 -0.00240211 0.014 0.0126909
2187 0.010496 0.014 0.0127919
2188 0.0249982 0.014 0.00633196
2189 0.00909349 0.00709356 0.022898
2190 0.0122611 0.00820785 -0.00264277
2191 0.0363774 0.00674254 0.00267153
2192 -0.0214649 0.0049461 -0.011939
2193 -0.0123411 0.00253574 -0.0168578
2194 0.0289862 0.00719273 -0.00709118
2195 -0.0340109 0.00806722 -0.00583106
2196 -0.0191822 0.00574139 -0.00782685
2197 0.0186538 0 -0.0045441
2198 -0.0201803 0.014 0.0243309
2199 -0.0325044 0 0.00390789
2200 0.034379 0.00293098 0.03187
2201 0.00979355 0.00779744 0.0272103
2202 -0.0179548 0.00964342 0.0110815
2203 0.0174734 0.00702382 -0.00112624
2204 0.00150521 0.00812233 0.0226338
2205 0.00351884 0.00612824 0.00585186
2206 -0.0333072 0.00876719 0.00253054
2207 0.0025849 0.00495826 0.0295727
2208 0.0273431 0.00768332 -0.0105788
2209 -0.00285299 0.00794256 -0.00649267
2210 -0.0337311 0.00901117 -0.0109166
2211 -0.0107649 0.00720927 -0.0146715
2212 -0.00712939 0 -0.00866258
2213 -0.0199558 0.00964937 -0.000976533
2214 -0.0226939 0.00430673 -0.0104757
2215 0.0193628 0 0.00587267
2216 0.00526687 0 0.00521216
2217 -0.0145983 0 0.00887958
2218 0.00357546 0.00872975 -0.00629053
2219 -0.0255454 0.00983443 0.03187
2220 -0.0102809 0.00853844 -0.00970669
2221 0.0218849 0.00752882 0.0135668
2222 -0.00211576 0.014 -0.0147394
2223 -0.037675 0 -0.00716871
2224 -0.0286525 0.014 0.0255061
2225 0.00590856 0.00975866 0.00122917
2226 0.032185 0.00516872 -0.00209972
2227 -0.037675 0.00509159 0.00361476
2228 -0.0334793 0.00762343 0.0134864
2229 0.0228449 0.014 -0.0132928
2230 -0.0187534 0.00306069 -0.00476348
2231 -0.00752983 0.00835562 -0.00466036
2232 0.0249743 0.00513897 0.0251893
2233 -0.0241626 0.00240165 -0.00304342
2234 -0.0101758 0.00865078 0.0105824
2235 -0.0323868 0.00594323 0.00184702
2236 -0.00143293 0.005822 0.00255989
2237 0.0166537 0.0102841 -0.03187
2238 0.0215932 0.00499791 -0.0121147
2239 -0.0287713 0.00525438 0.0253499
2240 -0.0172304 0.00806302 0.0241295
2241 -0.0344739 0.00681515 0.0228196
2242 0.0129795 0.00505688 0.0250296
2243 0.0332474 0.00506407 -0.0109553
2244 0.0161891 0.003852 0.00978266
2245 -0.0302066 0.00600992 -0.0131356
2246 0.0262179 0.00761408 0.0112456
2247 0.00450289 0.00655711 -0.0152162
2248 0.031693 0.00510714 0.0251162
2249 -0.0326566 0.00190828 -0.0126009
2250 0.0260755 0.00256472 0.0216604
2251 0.033902 0.014 -0.00769763
2252 -0.0261373 0 -0.00206878
2253 0.00148976 0.003369 -0.00922272
2254 -0.0200259 0.00776201 0.03187
2255 -0.00623275 0 -0.0292552
2256 0.021114 0.00582777 0.0109344
2257 -0.0290652 0.00303914 0.0236476
2258 -0.033298 0.00623003 0.0228139
2259 -0.00421681 0.00710939 -0.0101653
2260 -0.0164162 0.00806813 0.0245873
2261 -0.0299631 0.00379758 -0.0271808
2262 -0.00787689 0.0064805 0.0259552
2263 0.0347837 0.00501241 0.0118423
2264 -0.00631783 0.00622108 -0.0131917
2265 -0.00804571 0.00378183 0.0152714
2266 -0.0274999 0.014 0.01481
2267 0.0113311 0.00953204 0.03187
2268 0.0302081 0.00565304 -0.03187
2269 -0.0227175 0.006207 0.0202175
2270 -0.0279529 0.010975 -0.00190192
2271 0.0123912 0 0.0104163
2272 -0.0043124 0.00909536 -0.0138135
2273 -0.032671 0.00718463 0.0137948
2274 0.00218304 0.0074698 -0.00222052
2275 0.0111573 0.00950956 0.0124133
2276 0.0332049 0.00641405 -0.0220448
2277 -0.0326341 0.00675683 -0.0251966
2278 -0.0327506 3.25261e-19 0.03187
2279 -0.0330572 0.014 0.03187
2280 0.00394923 0.00905913 0.00430353
2281 0.0343618 0.014 0.0223733
2282 0.00187462 0.010735 -0.0146059
2283 -0.0099671 0 -0.0212277
2284 0.037675 0.014 0.0141409
2285 0.037675 0.00411652 -0.0252465
2286 -0.037675 0.00390357 -0.0251309
2287 0.0302311 0.00964186 -0.000259674
2288 0.0290954 0.00494057 0.000111894
2289 0.000947334 0.00776228 0.00946523
2290 0.0331913 0.00558103 0.0277322
2291 -0.0221108 0.00714914 0.0229278
2292 -0.0255358 0.00662814 0.0227933
2293 0.0324654 0.00404457 -0.0293317
2294 0.0237984 0.00807819 -0.0116449
2295 0.037675 0.00832162 0.0026856
2296 0.0222731 0 -0.0190533
2297 -0.00249122 0.00467864 0.00559637
2298 0.037675 0 -0.0273158
2299 0.0314551 0.00559273 -0.000921607
2300 -0.0252591 0.00492311 0.0242724
2301 -0.0248912 0.00755443 0.011195
2302 -0.00565068 0.00766525 0.0232951
2303 0.0362699 0.00679944 -0.00238003
2304 0.0060755 0.00518282 0.025242
2305 -0.00592957 0 0.0131026
2306 -0.037675 0.014 -0.0132827
2307 0.0115972 0.00513019 0.00933966
2308 0.00977678 0.00370333 -0.0124337
2309 0.037675 0.00684159 -0.0088743
2310 -0.0241319 0.0070841 0.025846
2311 0.0331732 0.00776099 0.00860216
2312 -0.00481955 0.00639441 0.0227869
2313 0.00398485 0.014 -0.0162629
2314 0.0238586 0.006417 -0.00816688
2315 -0.0230928 0.00521211 0.00129068
2316 -0.0220906 0.00191584 -0.014006
2317 -0.0214925 0.0036616 0.0124575
2318 -0.0201829 0.00549191 0.0111452
2319 -0.00191229 0.00498643 0.000820548
2320 -0.037675 0.00282328 -0.0128687
2321 -0.00901135 0.00645481 0.0209998
2322 -0.0198598 0.014 0.0293573
2323 -0.0188956 0.00904139 0.0287614
2324 -0.0329755 0.00540323 0.025507
2325 -0.0330356 0.00745458 0.0231101
2326 -0.017916 0.010975 -0.00811343
2327 -0.0243496 0.0051677 0.0252169
2328 0.037675 0.0037977 0.00169663
2329 0.00773466 0.00460823 0.0098366
2330 0.0130371 0.00769352 0.0254078
2331 -0.0167484 0.00475499 -0.0031037
2332 -0.00153822 0.00611429 0.00622538
2333 0.0254275 0.00496388 0.0239863
2334 0.0238296 0.00925509 -0.0111903
2335 -0.037675 0.00682255 0.00861288
2336 0.0189919 0.00310329 -0.0118921
2337 0.00153251 0.00691167 0.00425
2338 -0.00328289 0.00436839 0.00818954
2339 0.037675 0 0.0236665
2340 0.0209278 0.010017 -0.0143031
2341 0.00110442 0.00345354 0.03187
2342 -0.022167 0.00702773 -0.0101351
2343 -0.037675 0.00315012 -0.00108855
2344 0.00155597 0.00619494 0.0182184
2345 -0.00157854 0.00664692 0.0172583
2346 -0.0332176 0 -0.03187
2347 0.0275518 0.00389809 -0.0268017
2348 -0.0234391 0.00765252 0.0232783
2349 -0.031141 0.00498313 -0.0111892
2350 -0.026107 0.0121004 0.0238598
2351 -0.0188375 0.0078121 -0.000511796
2352 0.00602721 0.0074107 -0.0129272
2353 -0.0329633 0.00599759 0.0157305
2354 0.0348638 0.00755876 -0.0128014
2355 0.0305533 0.00757976 0.0135235
2356 -0.0118276 0.00208894 0.0274393
2357 -0.0248131 0.00497274 -0.0120399
2358 -0.0269746 0.00569254 -0.0129926
2359 0.0293892 0.00231519 0.00913004
2360 -0.0218974 0.00541992 0.0232154
2361 0.00157338 0.0063056 0.00556849
2362 0.000683605 0.00794297 0.0229724
2363 0.0266423 0.00601667 0.0228638
2364 -0.00155676 0.0068015 0.00593574
2365 0.0301568 0.00493964 0.0246196
2366 -0.00156706 0.00675253 -0.0175114
2367 -0.037675 0.00694181 -0.018915
2368 0.00157404 0.00631168 -0.00569755
2369 0.0297267 0.00394056 0.0225475
2370 -0.0326516 0.00460724 -0.00940543
2371 0.0177276 0.00228327 -0.0245308
2372 -0.00715207 0.00414322 -0.00462728
2373 0.00728993 0.00357228 -0.0117788
2374 0.037675 0.00540004 0.00569438
2375 0.0182551 0.00574203 0.013764
2376 -0.0167249 0.00359725 0.0247167
2377 -0.00341329 0.00665372 -0.0100522
2378 -0.0297887 0.00754533 0.0135528
2379 0.00262501 0.00684488 0.00307998
2380 -0.0111632 0.00596146 0.00940003
2381 0.00082581 0.00785466 0.0170934
2382 0.00458966 0.0051292 -0.0124129
2383 0.00910289 0.00835161 -0.03187
2384 0.037675 0.00683931 -0.0169243
2385 0.00370491 0.00875578 0.00716645
2386 0.00257116 0.00938779 -0.0228638
2387 -0.00237845 0.010299 0.0172716
2388 0.00158517 0.00657384 -0.017861
2389 0.00375125 0.00393294 -0.0159678
2390 -0.0348753 0.00765331 0.00310709
2391 0.0325897 0.0107882 0.0141606
2392 0.0200905 0.00333713 0.00611841
2393 -0.0168084 0.00905867 -0.0140786
2394 0.0301897 0.00516745 0.0132165
2395 0.0336 0.00829743 0.00998034
2396 0.037675 0 -0.00920134
2397 0.0249239 0.00538346 0.00795158
2398 -0.00155659 0.00680226 0.0200199
2399 -0.00130223 0.00740469 0.0301544
2400 0.0105041 0.00643558 0.0139552
2401 0.0149472 0.00368332 0.0272228
2402 0.0186383 0.00567547 -0.000977709
2403 -0.0349219 0.00547227 0.0231601
2404 0.00994942 0.00788721 0.00113018
2405 -0.0230112 0.00658797 0.00450722
2406 -0.0287739 0.0102315 -0.0111129
2407 0.0201603 0.00680066 0.0108131
2408 0.0273534 0.00789652 0.0217943
2409 -0.0198306 0 0.00794068
2410 -0.00793008 0.00944389 0.0131287
2411 0.00482868 0 -0.00122613
2412 -0.021139 0.00496125 0.0150458
2413 -0.0294577 0.0058546 0.0274039
2414 -0.00607324 0.00751151 0.0157247
2415 0.0324494 0.00493311 0.0125595
2416 0.0301936 0.00900487 0.0115399
2417 0.0331999 0.00609399 0.00330115
2418 -0.0274277 0.00630797 0.0259378
2419 -0.00976463 0.00497294 0.0119595
2420 -0.0221154 0.00759882 0.0255073
2421 -0.0188146 0.00798641 0.0129158
2422 0.00268826 0.00799912 0.03187
2423 0.0299767 0.00745149 -0.0128925
2424 0.0304191 0.00593071 -0.013102
2425 -0.0157163 0.00682768 0.013921
2426 -0.00412606 0.00223233 -0.014504
2427 0.00425621 0.00558336 -0.0129244
2428 -0.0259056 0.0049629 0.0247507
2429 -0.031072 0.00767327 -0.0126944
2430 0.0334953 0.00342843 0.00158538
2431 0.032203 0.00736721 0.0230426
2432 -0.0167709 0.00625502 -0.00692811
2433 -0.037675 0.00637639 -0.00848205
2434 -0.0124344 0.00695116 0.00188938
2435 -0.000870222 0.0112592 -0.0161405
2436 0.0318069 0.00941352 0.0119739
2437 -0.000211851 0.00963583 0.00543485
2438 -0.00798011 0.00434775 -0.00157684
2439 0.0358228 0.00804634 0.0246863
2440 0.00122321 0.00749772 -0.00692987
2441 -0.0332177 0 -0.00674
2442 -0.0352589 0.00599046 -0.0131265
2443 -0.0164938 0.014 0.03187
2444 -0.0118905 0.00730653 0.00173471
2445 0.0186595 0.0076906 -0.0126716
2446 -0.029243 0.00704959 0.0228824
2447 -0.000600203 0.00503686 -0.00451295
2448 -0.0362748 0.00423208 -0.0136371
2449 -0.00128871 0.0074554 0.00649859
2450 0.0157034 0.00659212 0.0227888
2451 -0.00365665 0.00639332 -0.00773791
2452 0.0290304 0.014 -0.0272057
2453 0.037675 0.00332875 0.0259356
2454 0.00480435 0.00421258 0.0104098
2455 -0.00544699 0.00582082 0.0229376
2456 -0.0163562 0.00403878 -0.00138267
2457 0.0185293 0.0091325 0.00182468
2458 0.0174138 0.00883399 0.0272357
2459 0.0264422 0.00530534 0.0113363
2460 -0.0110574 0.00779291 -0.010723
2461 -0.026551 0.00949781 0.0279292
2462 -0.00244391 0.00573045 -0.00906965
2463 0.000344687 0.0080401 0.0286777
2464 0.00358127 0.00469545 -0.020827
2465 -0.00444378 0.00791537 0.0116707
2466 0.0126053 0.00661221 -0.0100491
2467 0.0303773 0.0057564 0.0137726
2468 -0.000867995 0.0104973 0.0239083
2469 -0.00127881 0.00747771 0.0205356
2470 -0.0185364 0.0102466 -0.0109468
2471 -0.0348429 0.00726679 -0.0130098
2472 -0.0330769 0.00939698 0.000633418
2473 -0.00119886 0.00546178 0.0208597
2474 0.00754959 0.00558963 -0.000928515
2475 0.0240053 0.00397975 -0.00294171
2476 0.0118479 0.00648206 0.0227848
2477 0.037675 0.0101492 0.00540722
2478 -0.000868907 0.00518096 0.0196084
2479 -0.02445 0.008582 0.0220308
2480 -0.000879071 0.00518708 0.0147507
2481 -0.023265 0.00562039 -0.000971987
2482 -0.00141495 0.00578315 0.0274196
2483 -0.00086555 0.00517894 0.0219159
2484 0.0246569 0.00886299 0.0148516
2485 0.0162267 0.00644893 -0.00294103
2486 -0.0238612 0.00804364 0.000698594
2487 -0.00963549 0.00543863 -0.0148771
2488 0.0287163 0.00854123 -0.0135674
2489 0.0140193 0.00938512 -0.016552
2490 -0.00133232 0.00563964 0.0148441
2491 -0.0293785 0.00475129 -0.00977825
2492 0.00842945 0.00949576 -0.011916
2493 -0.00317002 0.00614361 -0.0100853
2494 -0.0163129 0.00494286 0.0240907
2495 -0.0318992 0.00735488 -0.0129639
2496 0.0230495 0.00922847 -0.00226545
2497 -0.00135572 0.00732147 -0.0165528
2498 0.0209575 0.00642798 -0.00121517
2499 -0.0320578 0.00646838 0.00329169
2500 -0.0116613 0.00503124 0.0249536
2501 0.0247736 0.00458446 0.0211599
2502 -0.0100316 0.00543711 0.0231972
2503 -0.0241377 0.00308233 0.0213321
2504 -0.00889502 0.00739088 0.00168396
2505 -0.037675 0.014 -0.0274678
2506 -0.037675 0.014 0.0278421
2507 0.037675 0.014 0.0276613
2508 0.0176717 0.00674316 0.0259381
2509 -0.00545949 0.00671414 -0.00120123
2510 -0.0234923 0.00284124 0.0246673
2511 -0.0150987 0.0050516 0.0189863
2512 -0.00859412 0.014 0.0274388
2513 0.0330518 0.00555076 0.0136346
2514 0.00909341 0.0075377 0.00155925
2515 -0.0334226 0.0107277 0.0141642
2516 -0.0204796 0.00645598 0.0227848
2517 -0.0265856 0.00854438 0.00322117
2518 0.0344245 0.0049144 -0.0116474
2519 -0.0150822 0.0020503 -0.0131999
2520 -0.0165425 0.0115758 -0.0263151
2521 -0.0355541 0.0077059 0.0233485
2522 -0.0305896 0.00493229 0.024188
2523 -0.037675 0.00425474 -0.00332142
2524 -0.014897 0.00963424 0.0149455
2525 0.0065716 0.00268825 0.0273899
2526 0.0171021 0.00601588 -0.0146418
2527 -0.0093787 0.00594798 0.0228832
2528 0.024902 0.00689627 -0.00116129
2529 -0.0169835 0.00768806 0.00141497
2530 -0.0144173 0.00771402 0.00138082
2531 -0.0120498 0.00770536 0.00139221
2532 -0.0116294 0.00539969 0.00150331
2533 -0.0265933 0.00790405 0.00109379
2534 0.0358821 0.00785713 0.0131925
2535 0.0143998 0.00778305 0.00129001
2536 0.00393013 0.0074199 0.0136593
2537 -0.037675 0 0.0178104
2538 -0.0359937 0.00740279 0.026968
2539 -0.0324076 0.00793211 0.00103315
2540 -0.037675 0.00212398 0.0115398
2541 0.00432144 0.0087029 0.020899
2542 -0.0300319 0.00789682 0.00110942
2543 0.0180018 0.00502404 0.0118078
2544 0.0232432 0.00851326 0.0105686
2545 -0.00305093 0.00793673 0.00102316
2546 0.0129357 0.00807819 -0.0117498
2547 -0.0297564 0.00756847 0.0255331
2548 -0.00710985 0.00747119 0.00163929
2549 0.0161946 0.00711255 -0.013092
2550 0.0181262 0.00802768 -3.11368e-05
2551 0.0357502 0.00487174 0.0268573
2552 -0.0254602 0 0.00486622
2553 0.0307244 0.00537716 0.0265231
2554 -0.0238736 0.00729599 -0.0102617
2555 0.00969973 0.00801978 0.011933
2556 0.0340105 0.00398091 0.0246848
2557 0.00904827 0.00371893 0.013464
2558 -0.0299368 0.00677941 0.0212748
2559 -0.0304935 0.00982536 -0.0102749
2560 -0.0180277 0.00609365 0.0259036
2561 0.0328462 0.00446284 0.015508
2562 -0.00252903 0.00986284 0.000836926
2563 0.000996377 0.007725 -0.0169879
2564 -0.0288031 0 0.00720352
2565 0.0219215 0.00695365 -0.0269788
2566 0.00887648 0.00630145 -0.0131992
2567 0.0301611 0.00609203 -0.0100967
2568 0.0023472 0.00643152 0.0259552
2569 -0.037675 0.00922907 -0.000254054
2570 -0.00176755 0.00395755 -0.00875168
2571 -0.0187658 0.00803611 7.19077e-06
2572 -0.0293536 0.0093374 0.00201204
2573 -0.000342734 0.00956725 0.0184688
2574 -0.0313597 0.00550296 0.0231373
2575 -0.0254063 0.00638272 0.0270007
2576 0.0247992 0.00762045 0.0284967
2577 0.0158705 0.0101992 -0.0109622
2578 0.0121314 0.00918781 0.0257301
2579 0.00130827 0.00739758 0.0301948
2580 0.0327048 0.00807458 0.0220966
2581 -0.0253224 0.00673956 0.0139385
2582 0.00225101 0.0108184 -0.0121295
2583 0.0193683 0.00493262 0.024555
2584 0.0116957 0.00496655 -0.0112384
2585 0.0160816 0.00822969 -0.0132292
2586 0.0101696 0.00929818 0.0139316
2587 -0.0126271 0.00880642 0.0102211
2588 0.00640746 0.00810591 0.00998207
2589 0.016954 0.00387305 0.0250543
2590 -0.0097633 0.00297224 0.0124434
2591 0.0275206 0.00605774 -0.00114949
2592 0.0351269 0.00672241 0.0228009
2593 -0.037675 0.00578477 -0.027049
2594 0.0166646 0.0107438 -0.0236671
2595 -0.0281968 0.0110083 0.0268155
2596 -0.0018223 0.00915353 0.0140719
2597 0.00214646 0.00588353 0.0258314
2598 -0.0193467 0.00903445 -0.00976609
2599 -0.0202472 0 -0.00925697
2600 0.00144767 0.00798387 0.0249213
2601 0.00579538 0.014 0.0131238
2602 -0.00151544 0.00603317 0.0164499
2603 0.019776 0.0018957 0.0234426
2604 -0.0360966 0.00690493 0.0228445
2605 -3.06599e-05 0.00807819 -0.00511892
2606 0.0154394 0.014 -0.0199637
2607 -0.0264528 0.00806699 0.0125925
2608 -0.02674 0.00818512 -0.015436
2609 -0.0183322 0.00637587 -0.0100511
2610 -0.00154739 0.00615596 -0.0158471
2611 0.000881003 0.00365063 0.0192294
2612 -0.0351578 0.00651205 -0.00409372
2613 0.0082062 0.00677589 -0.0131924
2614 0.00526277 0.0102504 0.0116308
2615 -0.0131621 0.00688061 0.0159435
2616 0.0035591 0.00558694 -0.0103329
2617 0.0272001 0.00694658 0.0155345
2618 0.00271507 0.00600642 0.00968811
2619 -0.0157317 0.00493702 0.0245955
2620 0.00895244 0.00799601 0.023845
2621 0.0264254 0.00774762 0.0253366
2622 0.0147084 0.00417643 0.0209667
2623 0.0347877 0.0093927 0.000793235
2624 -0.00916147 0.00530049 0.0253986
2625 -0.00639258 0.00516271 0.00120857
2626 -0.037675 0.00345136 -0.0110518
2627 0.00607154 0.00807819 0.000530219
2628 -0.0306648 0.00218314 -0.0116924
2629 -0.0091092 0.00577975 -0.0222166
2630 -0.0130414 0.00933973 0.0254012
2631 0.000843405 0.00784128 0.0070369
2632 -0.0256089 0.00495965 -0.0025353
2633 0.0102565 0.00493107 0.021646
2634 0.0343188 0.00541038 0.0255146
2635 0.0353112 0.00918239 -0.00105174
2636 -0.0199672 0 -0.0170074
2637 -0.0129663 0.00619017 0.00192492
2638 -0.023543 0.00165568 -0.0218532
2639 0.0279641 0.00726421 0.022986
2640 0.0157614 0.00877315 0.03187
2641 0.00530679 0.00480533 0.0261089
2642 0.0268463 0.00515942 0.00125206
2643 0.000371959 0.00292259 -0.03187
2644 0.0236965 0.0064274 0.0259552
2645 -0.0345907 0.00549162 -0.00867546
2646 -0.0314107 0.00569052 0.0137279
2647 -0.00641635 0.00784569 -0.0124676
2648 -0.0354005 0.00787333 0.00116019
2649 -0.034085 0.00554377 -0.0128895
2650 0.037675 0.00328212 -0.0121744
2651 -0.0220003 0.00652788 0.0272791
2652 -0.0245014 0.00514304 -0.0108241
2653 -0.0122072 0.0049632 0.0215626
2654 -0.00627513 0.00570976 -0.0178935
2655 -0.0320067 0.00650905 0.0273566
2656 -0.0220363 0.00701784 0.0138683
2657 0.0133798 0.00613208 -0.0100879
2658 -0.0309842 0.00846053 0.0209577
2659 0.0265299 0.00750453 -0.000847423
2660 -0.0115606 0.00848115 0.0226714
2661 0.0360838 0.00807819 0.0123996
2662 0.0154591 0.00353389 0.0133855
2663 0.0242575 0.00460225 0.0278391
2664 -0.0268871 0.00668247 -0.0100566
2665 -0.00943909 0.00723426 0.00924069
2666 0.0163314 0.00414655 0.00237097
2667 -0.026398 0.00907494 0.0253704
2668 0.00384336 0.00854406 -0.00812957
2669 -0.0352554 0.00642557 0.0227848
2670 0.00937236 0.00807819 0.000372119
2671 -0.00168066 0.00410362 0.0185606
2672 -0.0193983 0.00528712 -0.0106155
2673 0.00146185 0.00590957 0.0301762
2674 0.0330411 0.00494491 7.19673e-05
2675 -0.035164 0.00768444 0.0113203
2676 -0.0175406 0.00808272 0.000458168
2677 -0.0291338 0.00619037 0.0155154
2678 0.00131153 0.00908255 0.0182186
2679 0.0347243 0.00507663 0.0130655
2680 0.0310707 0.00844674 0.026891
2681 0.00132607 0.00562925 0.0182007
2682 0.00425484 0.00956654 -0.0136753
2683 0.0327433 0.00427338 0.0228512
2684 0.0110802 0.00796823 0.0129551
2685 0.00151024 0.00698227 -0.00759326
2686 -0.00953423 0.0049847 -0.0111846
2687 0.0254176 0.00590101 -0.0130902
2688 -0.0064184 0.00493876 0.000611505
2689 0.0318373 0.00636914 0.00194933
2690 -0.0252728 0.00938349 -0.0111276
2691 0.00947774 0.00275695 -0.0240315
2692 0.00480291 0.00996697 0.022514
2693 0.0267696 0.00676668 -0.00119442
2694 -0.00514704 0.00258597 0.0242116
2695 0.00113489 0.00224817 -0.0200497
2696 -0.0179735 0.00667304 -0.00120419
2697 -0.037675 0 0.0244542
2698 -0.0141296 0.00285356 -0.0118448
2699 -0.00655796 0.00793155 0.0237057
2700 -0.0107928 0.00366044 -0.0223955
2701 -0.00426825 0.00681531 0.0259237
2702 -0.00116872 0.00376872 -0.029239
2703 -0.00890317 0.00711426 0.0258325
2704 0.0189628 0.00503819 0.000974161
2705 -0.0306841 0.00789731 -0.000368364
2706 -0.037675 0.014 0.0195647
2707 -0.0123912 0.00926904 -0.0114416
2708 -0.019414 0.005617 -0.0129437
2709 -0.0182874 0.00834229 0.026388
2710 0.037675 0.00468247 -0.00911555
2711 0.0213683 0.00708686 0.0159935
2712 0.0107653 0.00664606 0.0259487
2713 0.0017441 0.00455459 0.0139863
2714 0.00482551 0.014 0.00288557
2715 -0.00841518 0.00865566 -0.0222408
2716 0.0247676 0.00542453 0.0255295
2717 -0.00172605 0.00879305 0.00775572
2718 0.00569278 0.00786721 0.0251734
2719 -0.0140341 0.00650984 0.0227848
2720 0.00984467 0.00951638 -0.00067473
2721 0.00416017 0.00459711 -0.025864
2722 -0.00561326 0.0056696 0.0110196
2723 -0.00447146 0.00519302 0.0114811
2724 -0.0155018 0.0076322 0.011261
2725 0.0239274 0.00567141 -0.000974956
2726 -0.0229514 0.00504278 0.0117522
2727 -0.00550003 0.00278629 0.000711561
2728 -0.0359984 0.00518195 0.0252406
2729 0.00265391 0.00946957 0.0245175
2730 0.0161957 0.00906161 -0.00832414
2731 0.0309937 0.007882 -0.0124014
2732 -0.00941878 0.00340339 0.03187
2733 -0.0160754 0.0105748 0.00285813
2734 0.0132186 0.00241847 0.0108168
2735 0.0302995 0.00479706 -0.0252465
2736 0.0209843 0.00437689 -0.00885661
2737 0.0119695 0.00807105 0.000574066
2738 -0.0195879 0.00539555 -0.000758941
2739 -0.0306715 0.0095528 -0.0124228
2740 -0.0254739 0.00997302 -0.0225243
2741 -0.0138976 0.00761382 -0.000754598
2742 -0.00171365 0.00923494 0.0227283
2743 0.0105484 0.00781008 0.0114856
2744 0.0358438 0.00771261 0.0206219
2745 0.0220258 0.00889402 0.00284114
2746 -0.00699427 0.00643782 -0.0100448
2747 -0.0280447 0.0061391 -0.0147208
2748 -0.0126498 0.00876167 -0.0248932
2749 0.0256549 0.00721235 0.0257787
2750 -0.0142152 0.00512238 -0.0124016
2751 -0.0123463 0.00607218 0.0271909
2752 -0.0308627 0.0074921 -0.000857982
2753 -0.00373714 0.00595299 -0.0282961
2754 -0.0361019 0.00792339 0.013052
2755 -0.0317167 0.00678187 0.0139311
2756 0.0292762 0.00667201 0.0214676
2757 -0.00307681 0.00772214 -0.00885417
2758 -0.033975 0.0098083 0.0221296
2759 -0.0277361 0.00728688 -0.0249991
2760 0.0166053 0.0049673 0.0119762
2761 -0.02293 0.00917642 0.013767
2762 -0.00467087 0.0055672 0.0110879
2763 0.0123081 0.00305144 -0.022384
2764 0.00682651 0.00934606 -0.000304462
2765 0.028711 0.0037166 -0.000924322
2766 -0.0132937 0.00808464 0.000422688
2767 -0.0116256 0.0094062 0.000849754
2768 0.0151237 0.00633184 -0.0132017
2769 0.0315706 0.00500045 -0.0121222
2770 -0.000874341 0.00518423 0.0299421
2771 0.00733693 0.00805473 0.0126482
2772 0.0323856 0.00381006 -0.0226511
2773 0.00789783 0 -0.0318635
2774 -0.0169853 0.00622983 0.00192716
2775 0.00919433 0.0052362 -0.0125907
2776 -0.00608236 0.00743815 0.0040384
2777 -0.000666574 0.00505922 0.00649518
2778 0.01126 0.00492522 -0.023747
2779 -0.00400595 0.00792618 -0.0109541
2780 0.0268003 0.00734736 -0.0129702
2781 -0.0322043 0.00617803 -0.00117791
2782 -0.0132464 0.00476967 0.0146654
2783 -0.0339362 0.0057434 0.0257638
2784 -0.00233034 0.00445117 0.0141795
2785 0.0152943 0.00785972 0.0131891
2786 -0.0129877 0.00802769 -0.0240311
2787 0.0348442 0.00649432 -0.00323017
2788 -0.0350219 0.00720978 -0.0222192
2789 -0.0114447 0.00700014 0.0138742
2790 -0.0204111 0.00686357 0.00191157
2791 0.00593259 0.00694216 -0.0011521
2792 -0.000289272 0.00494396 0.0291242
2793 -0.0044089 0.00801672 0.000820919
2794 -0.0253963 0.00890827 0.0153122
2795 -0.0154054 0.00921858 -0.000821872
2796 0.0332694 0.00404954 -0.0162551
2797 0.0251597 0.00405573 -0.00980997
2798 0.00800023 0.00758085 -0.000782601
2799 0.00481023 0.00752522 -0.000882776
2800 -0.00158189 0.00661615 -0.00353687
2801 -0.00136232 0.00854859 0.0305448
2802 0.0272633 0.00573553 -0.0130184
2803 -0.016674 0.00729999 0.00173825
2804 -0.0203535 0.00605843 -0.0131539
2805 -0.00322974 0.00646618 0.0227848
2806 -0.0155677 0.00587975 -0.0130879
2807 -0.0117725 0.00639756 -0.0100475
2808 0.037675 0.00247021 -0.00731013
2809 -0.0138687 0.00553158 -0.00276034
2810 0.000543857 0.00346355 0.00764213
2811 0.037675 0.00725686 0.00922189
2812 -0.037675 0.00579051 0.0277218
2813 -0.0239604 0.00959985 0.0264605
2814 0.0308408 0.00792431 0.0149311
2815 0.0234706 0.00589063 0.00182999
2816 -0.0196932 0.00667456 -0.0132224
2817 0.0106023 0.00807594 -0.0234482
2818 -0.00132949 0.00736508 0.0178819
2819 0.037675 0.00430506 0.00999368
2820 0.037675 0.00354974 0.00348152
2821 -0.00732942 0.00743396 -0.000907364
2822 0.00332237 0.00402546 -0.0277544
2823 -0.0220963 0.00807384 0.000561391
2824 0.0360886 0.00805071 0.0240735
2825 0.00266498 0.00611648 0.0151502
2826 0.0263605 0.00608857 -0.00293654
2827 0.0293581 0.00494228 0.0126439
2828 -0.006232 0.007089 0.0228959
2829 0.0187366 0.00939382 -0.011287
2830 0.037675 0.00880648 0.021985
2831 0.000735509 0.00789863 0.0204654
2832 -0.0349677 0.00788423 0.0251366
2833 0.00283369 0.00784611 0.0297042
2834 0.0366102 0.00844383 -0.0131393
2835 0.00657562 0.00807819 0.0122911
2836 -0.0130879 0.00693896 -0.00876077
2837 0.0235408 0.00518168 0.00132839
2838 0.0219851 0.00409141 0.0109667
2839 -0.0167557 0.00706104 0.00934769
2840 -0.0352887 0.00801444 -9.12909e-05
2841 0.00892265 0.00643118 -0.0155491
2842 0.00557648 0.00525432 0.0233902
2843 0.0145356 0.00711355 0.0229072
2844 -0.00116034 0.0054253 -0.0301615
2845 0.0330316 0.00431035 -0.0135144
2846 0.0169171 0.00679082 0.0108109
2847 0.0075675 0.0072505 0.0212059
2848 -0.011384 0.00506798 0.0163579
2849 -0.0287974 0.00651585 -0.00256277
2850 -0.0222774 0.00396998 -0.0116474
2851 0.00352025 0.00477332 -0.0135041
2852 0.0286148 0.00371396 0.0259838
2853 0.0118719 0.00490158 0.000263737
2854 -0.0240811 0.00665149 0.0107942
2855 0.00574068 0.00511639 -0.00039159
2856 0.025277 0.00807819 0.000382101
2857 0.0213301 0.0108581 7.95023e-05
2858 -0.00180878 0.00360484 -0.0210232
2859 -0.00141856 0.00944811 -0.00710221
2860 -0.0110342 0.0039815 0.0124529
2861 0.037675 0.00945667 -0.010065
2862 0.000258945 0.00387238 0.0130308
2863 0.0211786 0.0035979 0.0135528
2864 -0.016049 0.00800343 -0.0089714
2865 -0.0129897 0.00800257 -0.014036
2866 -0.0152965 0.00786026 0.0251884
2867 0.0354488 0.00800816 0.0118802
2868 0.0218898 0.00776979 0.0271204
2869 0.0117347 0.00525027 -0.0106544
2870 0.0227576 0.00564215 -0.0103003
2871 0.0133503 0.00549223 -0.0128551
2872 0.00367862 0.00693438 0.0228437
2873 -0.0151689 0.0079558 -0.000241928
2874 -0.0354989 0.00749207 0.025598
2875 -0.00509595 0.0080044 0.0128769
2876 0.0288801 0.00793493 0.00102705
2877 -0.0216847 0.00699708 0.0214142
2878 -0.0101903 0.00351725 -0.0115282
2879 -0.0150557 0.00735512 0.0137055
2880 -0.00302881 0.00565504 0.0176273
2881 -0.0311172 0.00655866 -0.00120902
2882 -0.00107399 0.0053435 -0.0037059
2883 -8.37802e-07 0.00807819 0.030462
2884 -0.0239005 0.00549098 0.0255941
2885 0.0224363 0.00644297 0.0215544
2886 0.0289521 0.00769317 -0.0105847
2887 -0.0352744 0.00274404 0.0129483
2888 0.0192327 0.00605922 0.0108468
2889 0.0349216 0.00652805 0.0259497
2890 0.00642195 0.00612843 0.0138839
2891 0.00800347 0.00938367 0.0133092
2892 0.0245665 0.00441246 0.0147495
2893 0.0253185 0.00796069 0.000971373
2894 0.000761443 0.0051163 -0.00315293
2895 0.00129444 0.00919385 0.0292107
2896 -0.0105101 0.00777797 0.0234433
2897 -0.00121566 0.00547981 0.0183998
2898 0.0171218 0.00655453 0.0270935
2899 0.00250054 0.00837796 0.0027394
2900 0.0196748 0.00428903 0.00213842
2901 0.00143455 0.00716341 -0.0295492
2902 0.0215565 0.00795116 0.011748
2903 0.0111928 0.00566631 0.00274603
2904 -0.015744 0.00737309 0.0256947
2905 0.00938633 0.00264096 0.00047045
2906 -0.00495089 0.00753193 -0.0104358
2907 0.0352556 0.00534608 0.0112933
2908 -0.0326236 0.00887367 -0.00955122
2909 0.0110509 0.00360278 0.0254741
2910 -0.0174637 0.00587827 0.0028539
2911 0.0276252 0.00554269 -0.000888307
2912 -0.0160406 0.00547264 0.0111598
2913 -0.035781 0.00716959 -0.0151092
2914 -0.0236925 0.00417172 0.0230499
2915 0.0339594 0.00453429 0.00956979
2916 0.0126312 0.00912872 0.00105775
2917 -0.00625624 0.00701394 -0.00221718
2918 -0.037675 0.00660904 0.0153112
2919 -0.000820466 0.00785872 -0.00369986
2920 -0.00120488 0.00751929 -0.00487649
2921 0.00899032 0.00322756 0.0242293
2922 -0.000521526 0.00934178 0.0274097
2923 0.0350715 0.0067526 0.0139371
2924 -0.00148715 0.0059492 0.00816304
2925 0.00252091 0.0114737 -0.0195333
2926 -0.0214272 0.00860939 0.0268305
2927 0.00838884 0.00742618 0.00311419
2928 0.000749245 0.00789227 -0.00787173
2929 0.0194309 0.0054962 0.0209336
2930 -0.0316654 0.00518321 0.0114973
2931 0.0294445 0.014 -0.00664707
2932 -0.000470497 0.00499315 0.0254802
2933 0.0191725 0.00665492 0.0259469
2934 0.0313519 0.00710313 0.0138366
2935 -0.0150021 0.00706091 0.00185374
2936 -0.0013988 0.00724988 -0.00313653
2937 0.0191165 0.00617768 0.0228196
2938 -0.0361801 0.00739088 0.023056
2939 -0.018641 0.00792544 0.00104756
2940 -0.00274667 0.00767408 0.0303391
2941 -0.037675 0.014 0.0027701
2942 -0.000891839 0.00780447 0.0296987
2943 -0.024411 0.00717742 0.0229428
2944 -0.000797098 0.00513775 0.016164
2945 -0.00118168 0.00754662 0.00435275
2946 -0.0233268 0.00334096 0.00114091
2947 0.0354768 0.00345805 0.0117942
2948 0.0261165 0.00497887 0.0119419
2949 -0.00673511 0.00391182 0.0118988
2950 -0.035879 0.0042557 0.0148435
2951 -0.037675 0.00943361 0.0122218
2952 0.0176531 0.00526064 -0.00061651
2953 0.0197272 0.00532614 -0.00247772
2954 0.0124808 0.00492103 -0.0117084
2955 -0.0224978 0.00714773 0.025817
2956 -0.031896 0.00519545 -0.010737
2957 -0.0124062 0.00802486 -4.39262e-05
2958 0.00125915 0.00554448 -0.0300491
2959 0.000126393 0.0102183 -0.03187
2960 0.0122933 0.00586448 -0.0130826
2961 0.00727598 0.00657059 0.0283561
2962 -0.0307153 0.0040063 0.0257327
2963 -0.0178147 0.00510119 -0.0210807
2964 0.00156216 0.0064993 0.0303641
2965 0.0100365 0.00410906 -0.00985383
2966 -0.0362024 0.00585336 -0.00107162
2967 0.0070477 0.00770877 -0.00889898
2968 0.00483641 0.00633821 -0.0100531
2969 -0.00582653 0.00930574 0.0249973
2970 -0.037675 0.00440061 0.0225529
2971 -0.0104604 0.00588223 0.0270056
2972 0.0306761 0.00497221 0.0119616
2973 -0.0303901 0.00704581 -0.00111778
2974 0.00432447 0.00696603 -0.00412098
2975 -0.0230621 0.00565753 -0.0144569
2976 -0.00981772 0.0078319 -0.00048575
2977 -0.0217314 0 0.0229862
2978 0.0071269 0.0064093 0.0107856
2979 -0.0353344 0.00611512 0.0139061
2980 -0.0353052 0.00808145 0.0124814
2981 0.0355632 0.00697125 -0.0131376
2982 0.0116252 0.00705914 0.0138544
2983 -0.00672901 0.00428832 0.0210036
2984 -0.00150203 0.00700664 0.00371764
2985 0.0336956 0.00787888 0.0131481
2986 -0.00206175 0.00903656 -0.0277967
2987 -0.0143288 0.00906196 0.0112721
2988 0.0295171 0 -0.00414275
2989 0.0353983 0.00592428 0.0258401
2990 0.00155487 0.00618993 0.0202631
2991 0.0283915 0.00805218 0.0240802
2992 -0.0095958 0.00900973 0.012537
2993 0.00853431 0.00854438 0.0217066
2994 0.026149 0.014 0.0150887
2995 0.0186666 0.0066139 -0.0132093
2996 0.000909746 0.00520553 0.0176414
2997 -0.0112869 0.00811381 0.00259961
2998 -0.0245809 0.00573232 0.00315013
2999 0.0292667 0.00786026 0.0235516
3000 0.00616073 0.00383592 0.0129866
3001 -0.000360423 0.00392375 0.022069
3002 -0.0186859 0.00519958 -0.0125299
3003 -0.0342494 0.00494772 -0.0113061
3004 -0.0148567 0.0088802 0.00135432
3005 0.00102682 0.00770185 -0.0298446
3006 -0.0316438 0.0044227 0.00366661
3007 0.0358485 0.00736888 0.0136957
3008 -0.00229279 0.00507909 -0.0153527
3009 -0.00897071 0.0051001 0.0116355
3010 0.0304162 0.00898316 -0.0104919
3011 -0.0320437 0.00479678 -0.0273026
3012 0.000410164 0.00802569 -0.0171781
3013 0.0229438 0.00499812 0.0238847
3014 -0.0187628 0.00719933 0.025791
3015 0.00286542 0.00381737 -0.0111587
3016 0.026682 0.00807819 0.0122722
3017 -0.015335 0.00355302 0.0133947
3018 0.00158517 0.00648239 -0.0198276
3019 0.0250781 0.00807819 -0.011776
3020 -0.036228 0.004379 0.0222067
3021 0.0170828 0.00843112 -0.0133167
3022 -0.00827082 0.00878014 -0.000997689
3023 -0.00686756 0.00805072 0.0246664
3024 -0.0322718 0.00854118 0.03187
3025 -0.0254717 0.00511622 -0.0108687
3026 0.0181463 0.014 0.00322799
3027 -0.00129953 0.00937623 0.03187
3028 0.00355492 0.014 0.03187
3029 0.0177746 0.014 0.03187
3030 -0.0357049 0.00595657 -0.0101477
3031 0.000880465 0 -0.03187
3032 -0.00158355 0.00639911 0.00430434
3033 -0.0239598 0.00647938 0.0227848
3034 -0.0179201 0.00271976 0.0111785
3035 0.0085498 0.00356147 -0.025294
3036 -0.00326168 0.00754877 0.0135499
3037 0.0104194 0.00925281 -0.0230142
3038 -0.0323051 0.00448111 -0.0139477
3039 0.0012808 0.00956941 0.0244303
3040 -0.00152659 0.00693375 -0.0078134
3041 -0.00146329 0.00590326 -0.0280165
3042 -0.0187677 0.00548733 0.00159138
3043 0.00152503 0.00690652 0.0303019
3044 0.0247933 0.00497937 0.0119404
3045 0.0158403 0.00493672 0.0241473
3046 0.0192291 0.00539295 0.03187
3047 0.0134996 0.00806576 0.0241419
3048 -0.0107208 0.010093 0.03187
3049 8.36133e-05 0.00946935 -0.0298339
3050 0.0152102 0.00621365 0.0044028
3051 -0.0118971 0.00760104 0.0112346
3052 0.00155585 0.00680561 0.0161508
3053 0.00154123 0.00612795 0.0160599
3054 0.0350816 0.00754058 -0.000816802
3055 -0.0106108 0.00533754 0.0254377
3056 0.0224031 0.00404464 -0.0129208
3057 -0.00150209 0.00700645 0.00875801
3058 0.00135971 0.00731484 0.0151526
3059 -0.0180434 0.00712416 0.0109146
3060 0.0360993 0.00807195 0.000570012
3061 -0.023969 0.00464899 -0.0133923
3062 0.00421345 0.00543234 0.0170404
3063 -0.0229919 0.00653541 -0.00806658
3064 0.0180301 0.00750153 0.02315
3065 -0.0199722 0.00516436 0.0115287
3066 -0.0360113 0.00842473 0.00227244
3067 -0.02377 0.00603271 0.0258826
3068 0.0190105 0.00553773 -0.0103703
3069 0.0260518 0.00545614 -0.0248229
3070 0.0032953 0.00394155 0.000128659
3071 -0.0182441 0.0026166 -0.0149996
3072 0.0124553 0.00898176 0.0222965
3073 -0.00289461 0.00926958 -0.0227194
3074 -0.0205218 0.00726723 -0.00101086
3075 -0.0274927 0.00486273 0.0271288
3076 -0.0210861 0.00754866 0.0135499
3077 -0.00295066 0.00714307 0.0229217
3078 -0.0096685 0.00670979 0.0227983
3079 -0.0328452 0.00571952 -0.00100907
3080 -0.0276534 0.00658275 0.00941237
3081 -0.00157518 0.00667782 -0.019527
3082 -0.00850655 0.00653359 0.0275837
3083 -0.00910444 0.00728448 0.022992
3084 -0.0357384 0.00766949 -0.000699405
3085 -0.0176746 0.00887161 0.00172561
3086 -0.000268858 0.00805679 -0.00165046
3087 0.0217177 0.00622439 -0.0100718
3088 -0.014381 0.00615386 0.0259169
3089 0.0119491 0.00752555 0.00156957
3090 0.00158517 0.006462 -0.0154133
3091 -0.00774932 0.00591812 -0.0143902
3092 -3.71666e-05 0.00807819 -0.00746434
3093 -0.00156832 0.00625911 0.00958783
3094 0.0344574 0.00505601 0.0237129
3095 -0.0102874 0.00803789 -0.0232753
3096 0.017189 0.00639564 0.00385933
3097 -0.00270298 0.00937588 -0.0112751
3098 0.00568907 0.00685198 0.0139135
3099 -0.00283668 0.00285856 -0.03187
3100 0.0313913 0.0078898 -0.000384585
3101 0.0257014 0 0.00844313
3102 -0.0248845 0.014 0.03187
3103 0.0281121 0.0057513 0.0137695
3104 0.0338038 0.014 -0.0228331
3105 -0.00355492 -2.1684e-19 0.03187
3106 0.0354799 0.00763246 0.00145762
3107 -0.0241478 0.00769491 0.0113341
3108 0.0010979 0.00536615 0.0296335
3109 0.00691043 0.00830569 -0.0168503
3110 -0.0126873 0.00776896 0.0234315
3111 0.0129533 0.00624625 -0.0220659
3112 -0.00391484 0.00646557 0.0147774
3113 0.00158087 0.0063745 -0.00833794
3114 -0.00803617 0.00496861 0.0247677
3115 0.0253982 0.00377053 -0.0237355
3116 0.0362839 0.00805031 7.16729e-05
3117 -0.00451351 0.00805924 0.000112265
3118 -0.0150163 0.00604953 -0.00115096
3119 -0.0148808 0.0061353 -0.0144748
3120 -0.0142142 0.00750951 -0.0104168
3121 0.0129468 0.00796232 -0.0242278
3122 -0.00987364 0.00534168 0.011298
3123 0.00150378 0.00599855 0.0222231
3124 -0.00818805 0.00608937 0.0139027
3125 0.00152964 0.0069247 0.005532
3126 0.0176894 0.00567331 0.0257225
3127 0.0223095 0.00790347 0.013095
3128 0.021668 0.00435549 -0.0216009
3129 0.0344226 0.00388017 -0.0117224
3130 0.035417 0.00405734 -0.0132412
3131 0.00751786 0.00767616 0.0113094
3132 0.0150411 0.0050212 -0.0121838
3133 0.00955589 0.00832653 -0.00909448
3134 0.00352126 0.00727319 0.0257548
3135 0.00724339 0.00334692 0.000294527
3136 -0.0211653 0.00406899 0.0261317
3137 0.0252976 0.00450394 0.0260288
3138 -0.0160062 0.00969918 -0.00935145
3139 0.0212924 0.00734271 0.023027
3140 0.00318608 0.00931151 -0.000401614
3141 0.0148046 0.00705255 -0.0131166
3142 -0.00154473 0.00683557 0.0301507
3143 -0.00742803 0.00805368 0.024087
3144 0.00428158 0.00539526 0.0254986
3145 -0.0166403 0.00675964 -0.00119581
3146 0.0141888 0.00910752 -0.0114654
3147 0.0279685 0.00404786 0.00105426
3148 -0.0113818 0.0053046 -0.0029553
3149 -0.0128926 0.00903705 0.0138971
3150 0.0181251 0.00718131 -0.0130608
3151 -0.00980514 0.00963194 0.0239245
3152 0.032877 0.00377285 -0.00928388
3153 -0.0303864 0.00548101 -0.00283041
3154 -0.0332627 0.00376828 0.012764
3155 -0.0216515 0.00801002 0.0118886
3156 -0.0321828 0.00943434 0.0265426
3157 -0.00679334 0.00872915 -0.0094775
3158 0.0148351 0.00652475 0.0107849
3159 -0.0305042 0.00641405 0.0227848
3160 0.00708377 0.00549973 0.0148955
3161 0.0202325 0.00491986 -0.0141881
3162 0.0248834 0.00529532 -0.0126531
3163 -0.035859 0.00460825 0.00904239
3164 -0.0149802 0.00698747 0.0108615
3165 0.0189014 0.00807819 0.000541639
3166 0.0347756 0.0065028 0.0107889
3167 -0.0277759 0.00807881 0.0125301
3168 -0.0277617 0.00783941 0.0252158
3169 0.0319321 0.00652281 -0.0132108
3170 0.0157427 0.00845793 0.00193119
3171 -0.0166979 0.00495493 -0.011276
3172 0.0328769 0.00807819 0.0241984
3173 0.0309303 0.00741355 -0.0009247
3174 -0.0255064 0.003587 -0.00898865
3175 0.0156872 0.00407363 0.011654
3176 -0.0221997 0.00948427 0.024916
3177 -0.0142124 0.00517639 0.0235087
3178 0.00765833 0.00492546 0.00286423
3179 0.0257616 0.00931956 -0.000589074
3180 -0.0333499 0.00520865 0.00269698
3181 -0.0032528 0.00659022 0.03187
3182 0.0269377 0.00793157 -0.00029431
3183 -0.0307613 0.00556132 0.00164031
3184 -0.0307964 0.00635075 -0.0100552
3185 -0.0269781 0.00691549 0.00189539
3186 0.0140421 0.0052991 -0.0135744
3187 -0.00794745 0.00894223 0.0224906
3188 -0.00677834 0.00683596 -0.0131764
3189 0.00153672 0.00610745 0.00807833
3190 -5.74226e-05 0.00491874 0.00821146
3191 -0.0260357 0.00804166 -0.0232924
3192 0.0292389 0.0113981 0.0273612
3193 -0.0202378 0.00727107 0.0229907
3194 -0.0238371 0.00601554 0.0108605
3195 0.023258 0.00695223 -0.00279839
3196 0.0226011 0.00948717 0.0254189
3197 -0.00568305 0.00532973 0.0233106
3198 -0.0159479 0.00695077 -0.0131463
3199 0.000518223 0.00799916 0.0304382
3200 -0.0354955 0.00634448 0.0259438
3201 -0.0250218 0.00410512 0.00544145
3202 -0.0361782 0.00675471 0.0139368
3203 -0.00138705 0.00381814 0.0100029
3204 0.0125673 0.00718732 -0.0102076
3205 0.00308438 0.00463446 -0.03187
3206 -0.0223065 0.00623074 0.0139251
3207 -0.00134682 0.00566373 -0.0172751
3208 0.00137687 0.00728632 0.0190365
3209 -0.0059806 0.00803882 -0.0119805
3210 0.0223345 0.00519404 0.0234794
3211 0.0225943 0.00615482 0.0108239
3212 -0.0104769 0.00605676 -0.0131534
3213 0.00985647 0.00926111 0.00121767
3214 -0.00355754 0.00740354 -0.03187
3215 -0.00529336 0.0056911 -0.0129933
3216 0.0178398 0.00536878 0.0112694
3217 0.0283789 0.00652127 0.0272784
3218 -0.0231364 0.00792655 0.0130451
3219 0.0266571 0.0062002 -0.0131801
3220 -0.0288007 0.00545905 -0.000825971
3221 0.0144007 0.00705505 -0.00881479
3222 -0.0160158 0.00726653 -0.0222438
3223 0.0341067 0.00695108 -0.00114361
3224 -0.0200922 0.00993309 0.0122962
3225 -0.00563207 0.00658495 0.0099145
3226 -0.0295187 0.00557875 0.00165213
3227 -0.00281257 0.00644938 -0.0268915
3228 0.00896664 0.00769933 -0.0105999
3229 0.0160556 0.00807819 -0.0117675
3230 0.037675 0.00449965 0.0219711
3231 -0.0153844 0.0045093 0.00956862
3232 0.00837114 0.00515495 0.0251957
3233 0.00325941 0.00656181 -0.00121517
3234 0.0218309 0.00666077 -0.0132059
3235 -0.0346583 0.00922767 0.00030992
3236 0.0183723 0.00913513 -0.0273035
3237 -0.0132218 0.00378664 -0.00990923
3238 0.0245647 0.00999698 0.0254356
3239 -0.0125661 0.00318752 -0.0134197
3240 0.0345787 0.00528791 -0.0126453
3241 -0.0218942 0.0103407 -0.000995462
3242 0.0310472 0.00547227 -0.0104201
3243 0.0371148 0.00570154 0.00173556
3244 0.0317742 0.00503922 -0.0110228
3245 -0.0083164 0.00494961 2.87344e-05
3246 0.0316399 0.00615261 0.0259139
3247 -0.0228226 0.00597841 -0.010139
3248 -0.030192 0.00368513 0.0142107
3249 0.00267215 0.00676207 0.0172155
3250 0.027347 0.0103608 0.0241534
3251 0.0312456 0.00796258 0.0117727
3252 0.00630396 0.0055973 0.0136744
3253 0.0246382 0.00517201 -0.010776
3254 0.0318181 0.00708718 -0.0131049
3255 -0.0189029 0.00577741 -0.0102177
3256 0.00283766 0.00482243 0.03187
3257 -0.00493284 0.0086363 0.0145562
3258 -0.0212611 0.00728628 0.0100766
3259 0.0180828 0.0073511 0.0217868
3260 -0.00768319 0.00780481 0.00308733
3261 -0.0230135 0.00498226 0.0248082
3262 0.0308273 0.00964326 0.024704
3263 -0.0188145 0.0069889 -0.00443711
3264 0.0163777 0.0071107 -0.0101675
3265 0.00798261 0.00591293 0.0228986
3266 0.0240583 0.00914622 0.0238217
3267 -0.037675 0.00913716 0.0261945
3268 0.00277188 0.00728575 0.0109928
3269 -0.00150096 0.0070098 -0.0286479
3270 -0.00439062 0.00728974 0.0208571
3271 -0.0321647 0.00375865 0.0156703
3272 -0.0240125 0.00859661 -0.0132126
3273 -0.00141028 0.00577305 -0.00245004
3274 0.00157402 0.00631148 0.00387288
3275 -0.00993134 0.00906132 -0.0212372
3276 0.0284003 0.00573814 -0.0222384
3277 0.011478 0.00791342 0.0250735
3278 -0.031666 0.00675012 -0.0100627
3279 0.0326607 0.00740869 0.0256689
3280 -0.00433165 0.00453201 0.0274555
3281 0.0215291 0.00795615 -0.000241189
3282 0.0297086 0.014 0.00641647
3283 0.0189456 0.0088967 -0.000913215
3284 -0.00758245 0.00403791 0.0135604
3285 -0.00970229 0.00649346 -0.00694058
3286 -0.010759 0.00638884 0.00300899
3287 -0.0248173 0.00521954 -0.012563
3288 -0.000270934 0.00805633 0.0186005
3289 -0.00148796 0.00595161 -0.00511709
3290 0.00137573 0.00728822 0.00960608
3291 -0.0123163 0.0080044 0.0128769
3292 -0.0133769 0.00726855 -0.00101428
3293 0.00434295 0.00648169 0.0149161
3294 -0.0264986 0.00765252 -0.0225383
3295 -0.0178465 0.00598768 -0.00113011
3296 0.037675 0.0102148 0.0257543
3297 -0.00403199 0.0106367 0.0229172
3298 -0.000926932 0.00905282 -0.0135606
3299 0.0183735 0.00465947 0.0265349
3300 0.0149127 0.0105207 -0.0241932
3301 0.0177255 0.00625921 -0.0207831
3302 -0.0169938 0.00803555 -0.0112647
3303 -0.0136572 0.00908572 -0.021629
3304 0.0303459 0.00760469 0.00999238
3305 -0.0228883 0.00651173 0.0259537
3306 -0.0110514 0.00387442 0.009871
3307 0.0175846 0.00521756 -0.0125597
3308 -0.0341131 0.00494961 0.0247113
3309 -0.0139876 0.00975835 0.0220277
3310 0.00151131 0.00406602 -0.0304335
3311 -0.00157349 0.00630661 -0.00791629
3312 0.037675 0.008645 -0.0208565
3313 -0.0255458 0.00545179 0.0231817
3314 0.0307675 0.00675683 -0.00119659
3315 0.0197353 0.00495919 0.0240003
3316 -0.0263408 0.00553644 0.0111131
3317 0.0136306 0.00768881 -0.012674
3318 -0.0168804 0 0.0109396
3319 0.0217895 0.00699397 -0.00113499
3320 0.0234313 0.00583724 0.0153659
3321 0.00260748 0.00703665 -0.0186261
3322 0.0294849 0.00778393 -0.00242135
3323 0.0089783 0.00691499 -0.00116034
3324 0.0360836 0.00722415 0.0257724
3325 0.022258 0.00807819 0.000355139
3326 -0.0177079 0.00776665 0.0234284
3327 0.0188029 0.00560252 0.0256741
3328 -0.0340192 0.0067164 -0.0263905
3329 -0.00738389 0.0072313 0.0257774
3330 -0.0343846 0.00365853 7.38066e-06
3331 0.0171594 0.00800829 0.00264692
3332 -0.0317239 0.00800993 -0.0121118
3333 -0.0276918 0.00549065 0.0216073
3334 -0.00573113 0.00701653 -0.0101313
3335 -0.0162572 0.00752998 -0.00228238
3336 -0.0112502 0.00792242 0.00105409
3337 -0.01306 0.00508755 -0.0140364
3338 0.0283663 0.00644772 -0.0132152
3339 0.0271339 0.00555111 0.0231063
3340 0.0183457 0.00446666 0.0223296
3341 0.012192 0.00874361 -0.0260829
3342 -0.0338265 0.00494579 0.0120638
3343 0.00922428 0.00575422 0.0137637
3344 0.00670406 0.00504618 -0.0142469
3345 0.00124509 0.0039659 -0.0124489
3346 0.00784056 0.00379953 -0.00148044
3347 0.0305524 0.00407508 0.00218191
3348 0.014523 0.00410607 -0.0224749
3349 0.00410077 0.00682541 -0.0100798
3350 -0.00510383 0.0055586 -0.000905555
3351 -0.0265903 0.00751016 0.00158264
3352 0.0119516 0.0044825 -0.00922185
3353 -0.00109172 0.00765252 -0.0270918
3354 0.0122605 0.00711723 0.0258291
3355 -0.00143797 0.00397433 -0.00577691
3356 0.0273117 0.0038934 0.0115268
3357 0.0183266 0.00382873 -0.000650284
3358 0.00172799 0.004418 -0.00111191
3359 -0.00937833 0.00786026 -0.0228116
3360 0.0114157 0.0055711 -0.000915056
3361 -0.0290315 0.0103559 -0.0213194
3362 0.016886 0.00687042 -0.00842638
3363 -0.0256648 0.00527783 -0.000634658
3364 0.0171381 0.00619219 0.010817
3365 -0.0189647 0.00423466 -0.00980452
3366 0.037675 0.014 3.46945e-18
3367 -0.00960598 0.00976027 -0.0250136
3368 0.00533046 0.00274331 -0.0232318
3369 -0.0271056 0.00578008 0.0257836
3370 -0.0323491 0.00892198 -0.0134408
3371 -0.0210634 0.00726892 -0.0102636
3372 0.00510838 0.00770248 -0.0105799
3373 0.00302049 0.00799486 -0.03187
3374 0.00863652 0.00763193 0.0232608
3375 0.0272091 0.00783902 0.0132163
3376 0.0298544 0.00748285 -0.00905489
3377 -0.0319798 0.00441916 0.00175789
3378 -0.0204661 0.00970087 0.023404
3379 0.0138407 0.00648005 0.0276639
3380 0.0127981 0.00505017 0.0237302
3381 -0.00853522 0.00554133 -0.0084249
3382 -0.0127996 0.00730211 0.00892226
3383 -0.0206727 0.00481839 -0.0139561
3384 0.0357442 0.00823262 -0.0205687
3385 0.00626308 0.00774893 0.0144241
3386 0.0269054 0.00739088 0.013684
3387 -0.0226818 0.00790884 -0.0142933
3388 -0.0324754 0.00808178 -0.0115245
3389 0.0314129 0.00535484 -0.0127159
3390 0.00328227 0.00850258 -0.0177627
3391 -0.0359645 0.00917735 0.0251896
3392 -0.00158517 0.00641405 -0.0283944
3393 0.0256304 0.00511139 -0.000383277
3394 0.0329535 0.0049598 0.0247415
3395 -0.00607126 0.00665287 0.0107921
3396 -0.0310423 0.00574527 0.0257651
3397 0.0184599 0.00497845 -0.0120569
3398 -0.0116386 0.00475929 -0.0095432
3399 -0.0360315 0.00679143 -0.0263001
3400 0.0194123 0.0080044 -0.0121369
3401 -0.0259668 0.00802562 0.0239595
3402 -0.0211637 0.00810422 0.0146634
3403 -0.0181408 0.00570479 0.0229984
3404 0.0126172 0.00624037 -0.00119057
3405 -0.037675 0.00725886 0.0214538
3406 0.00163183 0.0091221 -0.0244498
3407 0.00853486 0.00674727 -0.0209667
3408 0.0110436 0.00456763 -0.0203982
3409 -0.0339034 0.00383216 0.0238026
3410 -0.000583093 0.00796914 -0.0297587
3411 -0.00814991 0.00494163 0.0126379
3412 0.0191247 0.00707377 0.0138494
3413 0.00987213 0.00267537 -0.0278324
3414 0.0132269 0.00730662 -0.00099466
3415 0.00321651 0.00682886 -0.0131807
3416 0.013525 0.00800941 -0.000114145
3417 -0.00928191 0.00493432 -0.0118306
3418 -0.0218285 0.00492621 0.0242439
3419 0.0299798 0.0055572 0.0256399
3420 -0.0227147 0.00808257 0.0124609
3421 -0.0141702 0.00340979 -0.0255506
3422 -0.010567 0.00736875 -0.0223027
3423 0.0183086 0.00493711 -0.0114036
3424 0.0160136 0.00732498 0.0257236
3425 0.0356279 0.00616707 0.0228253
3426 -0.031573 0.00808425 0.0123102
3427 0.00137857 0.00916663 0.00862842
3428 -0.0357162 0.00323157 -0.0233265
3429 -0.00534123 0.00920736 -0.0228017
3430 -0.020473 0.00564385 0.00972063
3431 -0.00591628 0.00801956 -6.80338e-05
3432 0.00284165 0.00807819 0.00050242
3433 0.03552 0.00393542 -0.000159799
3434 0.0229815 0.00494596 0.0246777
3435 -0.0357592 0.00823668 -0.0263891
3436 -0.0238027 0.00796122 0.0249702
3437 -0.00239839 0.00768048 0.0146465
3438 -0.0335032 0.00606409 -0.00115432
3439 -0.0290474 0.00861 0.0223938
3440 0.0237586 0.00807819 0.0122461
3441 -3.71353e-05 0.00807819 -0.0296282
3442 0.00788744 0.00752781 0.0135677
3443 0.0339188 0.00715752 0.0109312
3444 0.00960366 0.00493054 -0.0114641
3445 0.0259719 0.00868548 0.0269608
3446 -0.0213264 0.00514752 -0.000443329
3447 -0.0276207 0.00590505 0.0229054
3448 -0.0359396 0.0077543 -0.0125878
3449 0.0186746 0.00500945 -0.000148869
3450 -0.000723071 0.00790438 0.0160145
3451 -0.0209872 0.00884047 -0.00842686
3452 0.000654018 0.00793633 -0.00464993
3453 0.0256763 0.00412014 0.0107552
3454 -0.0268834 0.00709326 -0.0131018
3455 0.008131 0.00366597 -0.0217601
3456 0.0251125 0.00694065 -0.0101144
3457 0.0166658 0.00510312 0.0236304
3458 -0.0242487 0.00598021 0.00186175
3459 0.0251318 0.00771316 0.0233581
3460 0.0352814 0.00791198 -0.000336654
3461 -0.0224447 0.00427072 -0.013013
3462 0.0356743 0.00365939 0.0249333
3463 0.0115963 0.00505309 0.0250184
3464 -0.00598826 0.00543395 -0.00893823
3465 -0.00598283 0.00777787 -0.000556824
3466 -0.0258001 0.00655457 -0.00852363
3467 -0.00924466 0.00641405 0.0259552
3468 -0.0326747 0.00544947 0.00155586
3469 0.00889717 0.00951259 0.0263056
3470 0.0338889 0.00591895 -0.0101616
3471 -0.00240376 0.00536299 -0.0304529
3472 0.0320189 0.00802918 0.0247643
3473 -0.00589039 0.00808671 0.0123846
3474 -0.0329092 0.0073791 0.00948967
3475 -0.0347048 0.00510342 -0.0108899
3476 0.00547625 0.00889379 -0.025221
3477 0.023324 0.00897278 0.000488649
3478 -0.0269539 0.00511148 0.0236166
3479 0.0262537 0.00630824 0.0139408
3480 -0.00811924 0.00501593 0.00261079
3481 -0.0325533 0.005507 -0.0103961
3482 -0.0169161 0.00548989 -0.0141131
3483 0.0177567 0.007803 0.0114763
3484 0.0213477 0.00581897 0.0258016
3485 0.0215174 0.00931 0.0221983
3486 0.0109452 0.00877583 0.025184
3487 -0.00151782 0.00604022 -0.0200317
3488 0.00942004 0.00514936 0.0235536
3489 0.0325474 0.00793913 0.00101797
3490 -0.0135161 0.00893995 -0.00167072
3491 -0.0247453 0.004062 -0.0107168
3492 0.0200139 0.0071103 -0.0151557
3493 0.0132238 0.00571793 -0.0222505
3494 -0.0359697 0.0077563 0.00982517
3495 0.000526254 0.00799544 -0.0195775
3496 -0.0162749 0.00494237 -0.0119047
3497 0.00988794 0.00498429 0.0119258
3498 0.0319313 0.00867344 -0.0251336
3499 0.0188333 0.00807819 -0.0116147
3500 -4.38623e-05 0.00491727 0.0177914
3501 -0.0127132 0.0082009 0.00224147
3502 0.0129745 0.00799818 0.0118497
3503 -0.00138428 0.00727401 -0.0186178
3504 0.0124793 0.00675683 -0.0220634
3505 -0.00136819 0.00730075 -0.0143921
3506 0.000575714 0.00502861 0.00454095
3507 0.0118918 0.004359 -0.0216895
3508 0.000366587 0.0038347 0.0303862
3509 -0.00420943 0.00765773 0.0232852
3510 0.0172145 0.0082119 -0.00191553
3511 0.00324541 0.00843099 -0.0284234
3512 0.017451 0.0038632 0.0114941
3513 0.0296262 0.00448924 -0.013625
3514 -0.0320797 0.00617908 0.0139166
3515 -0.0232938 0.00494961 -0.0112887
3516 -0.0193847 0.0087 -0.0219673
3517 0.0230956 0.00787127 -0.0124246
3518 0.0271352 0.00787587 -0.0124409
3519 -0.0248949 0.00793225 0.0117072
3520 -0.0357509 0.00561894 0.0136794
3521 0.0234217 0.00568225 0.0257267
3522 -0.025097 0.00620358 0.00192067
3523 0.0108181 0.00496529 -0.0232422
3524 -0.0303664 0.00795968 0.0129735
3525 -0.0153326 0.00924359 -0.0252455
3526 -0.0156933 0.00509197 0.011649
3527 0.0242226 0.00588243 -0.0221735
3528 0.0268037 0.00802349 0.0239498
3529 -0.00978286 0.00333906 0.0238362
3530 0.00052523 0.0050116 0.0301254
3531 -0.0148039 0.00542092 -0.0127857
3532 0.0201097 0.00492796 0.0125122
3533 0.0070417 0.008934 0.0228316
3534 0.00614552 0.00522133 0.011434
3535 -0.0327822 0.00806831 -0.0238465
3536 -0.0106295 0.00358808 0.000865039
3537 -0.00967321 0.00737727 0.00272378
3538 0.00904001 0.00807819 -0.0117862
3539 0.0276178 0.00587969 0.00975352
3540 0.0349041 0.00787849 0.00937021
3541 -0.0294051 0.00631074 0.0259364
3542 -0.0343993 0.00725056 0.0151805
3543 0.00517196 0.00807819 -0.0234613
3544 -0.0350403 0.00883697 -0.019922
3545 0.036513 0.0043914 0.0228034
3546 -0.0234668 0.00754282 0.0268086
3547 0.000414854 0.00931148 -0.0208028
3548 -0.0166738 0.00536958 -0.000731521
3549 -0.0316153 0.00393309 -0.0236334
3550 0.0199636 0.00569929 -0.00101352
3551 -0.0312923 0.00463777 -0.00158808
3552 -0.0321271 0.00667826 -0.0148303
3553 0.00129846 0.00559237 -0.00267271
3554 -0.0202065 0.00495272 -0.00154276
3555 -0.0123744 0.00793723 0.0250221
3556 -0.0228352 0.00925071 -0.0123108
3557 -0.000773863 0.00788088 0.0195785
3558 0.0223045 0.00517861 0.0252754
3559 -0.00140996 0.00377178 0.0274332
3560 0.00912409 0.00635209 0.00194843
3561 -9.59825e-05 0.00807819 0.00872966
3562 -0.0195463 0.00726114 0.0149449
3563 -0.00118598 0.00544958 0.00517004
3564 -0.00261881 0.00756694 0.00495104
3565 -0.00225231 0.00689194 -0.0146283
3566 -0.000777157 0.00512576 0.00465382
3567 -0.0103995 0.00604578 0.00188788
3568 0.0249267 0.00530443 -0.021155
3569 0.00094731 0.0077623 0.0292854
3570 0.00528827 0.00579013 0.00178818
3571 -0.0249996 0.00410544 0.0108953
3572 0.037675 0.0063764 0.0213236
3573 -0.0145471 0.00505922 0.0250366
3574 -0.0254963 0.00708562 0.0108945
3575 0.0333823 0.00617017 0.0139163
3576 -0.0242398 0.00634321 -0.0132071
3577 -0.0148349 0.00728558 0.0147113
3578 -0.0282773 0.00576584 -0.0269102
3579 0.0114782 0.00672702 -0.0131998
3580 -0.0185779 0.00828722 0.00287377
3581 -0.0216775 0.00844787 0.0222412
3582 -0.0360503 0.00801296 0.023902
3583 -0.00287372 0.00591255 0.00723232
3584 0.0179322 0.00641083 0.00195482
3585 0.00632221 0.00710249 -0.0025818
3586 -0.0171771 0.00492577 0.000492067
3587 0.0293037 0.00894694 0.0138507
3588 0.020191 0.00692585 0.0270348
3589 0.0160025 0.00505922 -0.0109634
3590 0.00980564 0.00575264 0.01097
3591 -0.0197998 0.00808087 0.0124923
3592 -0.00779178 0.00616722 -0.0131799
3593 0.031463 0.00775679 0.0253245
3594 0.0336761 0.00968853 0.0243207
3595 0.0170664 0.00432271 -0.00974339
3596 0.025587 0.00494118 0.0126338
3597 0.0284991 0.00728492 0.0100519
3598 0.0307343 0.00589525 0.0109121
3599 0.0304209 0.0045752 -0.00226149
3600 0.027951 0.00926988 -0.000538123
3601 -0.0196616 0.00494205 0.0240982
3602 -0.00469621 0.00826828 -0.00139009
3603 0.0288949 0.00515268 -0.0244519
3604 0.0241906 0.00803085 0.0239833
3605 -0.00131396 0.00739088 0.0159814
3606 0.0193102 0.00492154 -0.0237131
3607 -0.0240993 0.00725185 0.0109823
3608 0.0102268 0.00606586 0.0271852
3609 -0.0140962 0.00657136 -0.0132075
3610 -0.000363915 0.00803587 0.0273197
3611 -0.0228329 0.00664179 -0.0100533
3612 0.0112508 0.00599935 0.025872
3613 -0.028059 0.00715523 -0.0192153
3614 -0.0249885 0.00556181 0.00897885
3615 -0.0230952 0.00565966 -0.0129715
3616 -0.0201668 0.00593334 -0.0251079
3617 -0.0220329 0.0051436 -0.0124368
3618 0.0309849 0.00566508 0.00171273
3619 0.0317482 0.00392622 0.0128808
3620 0.0130742 0.00594407 -0.0205218
3621 0.023528 0.00743057 -0.0129103
3622 0.00277139 0.00575138 0.0229513
3623 0.0131795 0.00507759 0.0010671
3624 -0.019276 0.00670457 0.0107977
3625 0.00855448 0.00637971 0.0149693
3626 0.0225727 0.00552911 0.0111169
3627 -0.0313362 0.00454617 0.0105889
3628 -0.0118702 0.00958124 -0.00306343
3629 0.0279796 0.00796804 0.0117845
3630 -0.00416585 0.00319528 -0.00293123
3631 -0.0302385 0.00495973 0.0247413
3632 0.0135863 0.00518107 -0.000499095
3633 0.0121688 0.00707526 -0.0139158
3634 -0.027639 0.00908805 -0.0130884
3635 0.0201804 0.00623771 0.00193083
3636 0.0114278 0.00765252 0.0134617
3637 0.0178382 0.00765478 0.0134587
3638 0.0239862 0.0060848 -0.0131617
3639 -0.0364168 0.00748022 0.0136081
3640 0.0228072 0.00789616 -0.0108892
3641 0.0133954 0.00867704 -0.00102558
3642 0.0156032 0.00758857 -0.000776037
3643 -0.00553192 0.00709572 0.013841
3644 -0.0240805 0.00654645 0.0019515
3645 0.0114523 0.00500886 -0.0121471
3646 -0.037675 0.00885863 0.0140068
3647 -0.00836197 0.00734118 0.0137139
3648 -0.037675 0.00898657 0.0080971
3649 -0.0301686 0.00781583 -0.0227531
3650 0.00105407 0.00903639 -0.0263435
3651 -0.0233282 0.00534067 -0.022559
3652 -0.026729 0.00414399 -0.0221856
3653 -0.037675 0.00511861 -0.0143066
3654 0.010499 0.00785349 -0.0124573
3655 0.0305499 0.00539535 0.0232413
3656 0.0243261 0.00466946 -0.0137206
3657 0.0295025 0.00807819 0.0124666
3658 0.0195265 0.00796744 -0.0110432
3659 -0.00755094 0.00823657 0.0142794
3660 0.0289085 0.00807819 0.000381547
3661 -0.0145819 0.00904389 -0.0115092
3662 -0.00934387 0.00494215 0.000642641
3663 0.0121601 0.00453192 0.026036
3664 0.0302212 0.0075269 -0.0261397
3665 0.0333323 0.0065804 -0.0196256
3666 -0.00866408 0.00580929 0.0257971
3667 0.0248899 0.00669077 -0.0132035
3668 -0.00814147 0.00784517 -0.0021063
3669 0.00445643 0.00709497 0.00986101
3670 0.000431164 0.0049799 0.0177135
3671 -0.0302593 0.00719268 -0.0102088
3672 0.0074775 0.00662404 -0.014678
3673 0.0106474 0.00682961 -0.0278421
3674 0.0217782 0.0060753 0.0228404
3675 0.0157984 0.00491507 -0.0116537
3676 -0.037675 0.00592155 -0.00268326
3677 0.0242061 0.00531889 -0.022582
3678 -0.0346006 0.00519456 0.0114785
3679 -0.012891 0.0060409 0.010852
3680 -0.0301891 0.00549249 0.0146588
3681 0.0128594 0.00784717 0.00119982
3682 0.0345105 0.00535565 -0.0225432
3683 -0.00136076 0.00425687 0.03187
3684 -0.0337682 0.00801589 0.0239153
3685 0.0163155 0.00484685 -0.0211856
3686 -0.032264 0.006446 0.0259549
3687 -0.0326814 0.00513194 0.00985039
3688 0.00550556 0.00578194 0.0229556
3689 -0.0114188 0.00740164 -0.000934814
3690 -0.0127403 0.00775655 -0.0106752
3691 0.0278495 0.00409936 0.0137288
3692 0.0133976 0.00985426 -0.0205015
3693 -0.00729869 0.005499 0.0136002
3694 0.0360914 0.00352298 -0.0112135
3695 0.0134122 0.00661577 0.0019505
3696 -0.00314277 0.00437417 -0.0185265
3697 0.0173365 0.00571299 -0.00100315
3698 0.00658265 0.00494438 -0.0113368
3699 0.0344187 0.0077558 0.0253258
3700 -0.00156797 0.0062559 -0.017143
3701 0.0133584 0.00492364 0.0124724
3702 -0.00284301 0.00638755 0.0259517
3703 -0.00155375 0.00681518 0.0155065
3704 0.00824562 0.00520012 -0.0107293
3705 0.0336258 0.00795315 -0.0122476
3706 -0.0122861 0.00491518 -0.0116546
3707 0.0351989 0.00614772 0.0209876
3708 -0.00545231 0.00548805 -0.0104081
3709 0.0293066 0.00654518 0.0107898
3710 0.0233952 0.00641405 0.0139552
3711 -0.0193161 0.00643862 0.0139174
3712 -0.00333741 0.00655704 -0.0220448
3713 -0.0178579 0.00382141 -0.0257426
3714 0.000452906 0.00801628 -0.0299888
3715 -0.0363823 0.00862678 0.0225849
3716 0.0216265 0.00652008 -0.0220464
3717 -0.0263006 0.00401448 -0.0120668
3718 0.0344138 0.00775296 0.0234104
3719 0.0366332 0.0063528 -0.00120513
3720 0.0215945 0.00608699 -0.0131622
3721 -0.0308008 0.00929329 0.0124096
3722 0.000341266 0.00494961 -0.030449
3723 -0.0287415 0.00802143 -0.0120595
3724 0.0145131 0.0077041 -0.0106062
3725 -0.00989306 0.00514547 0.00117992
3726 -0.0136233 0.00395687 0.0239745
3727 0.00375493 0.00673858 -0.0220614
3728 -0.00100302 0.00343036 -0.0031808
3729 0.0364396 0.00593426 -0.00916337
3730 -0.000960714 0.0052362 0.0282594
3731 -0.0191526 0.00314004 -0.0217942
3732 -0.0176285 0.00697542 0.0280884
3733 0.0326567 0.00807819 0.000278344
3734 0.025241 0.00493576 -0.0114161
3735 -0.0197287 0.00807819 -0.0238016
3736 -0.00157735 0.00665789 0.00774452
3737 -0.00769251 0.00804268 -0.023963
3738 0.00665581 0.00652323 0.00195517
3739 -0.0134659 0.00547007 0.0255776
3740 -0.0217809 0.00504603 0.0237426
3741 -0.0201974 0.00786026 0.00118844
3742 -0.0221017 0.00520802 -0.0107161
3743 0.00286593 0.00710349 0.0272607
3744 -0.0359833 0.00698121 0.0258748
3745 0.0206433 0.00652808 -0.021019
3746 -0.000169348 0.00493092 -0.0301369
3747 0.0039525 0.00630206 -0.0264041
3748 -0.015012 0.00894337 0.0260355
3749 -0.0308697 0.00666293 -0.0220565
3750 0.013276 0.00591316 0.0229014
3751 0.010087 0.00664204 -0.00877523
3752 -0.0323702 0.0068244 -0.00214646
3753 0.0163288 0.00496386 0.0247536
3754 -0.0297911 0.00804181 -0.0232931
3755 0.0121177 0.00837619 -0.00961425
3756 -0.00143828 0.00715639 -0.0266398
3757 -0.0278402 0.0050136 -0.0121612
3758 0.0238065 0.00757583 -0.0104731
3759 -0.0190057 0.00731508 -0.0129896
3760 0.02143 0.00510863 0.022063
3761 -0.0114961 0.00507079 0.0236842
3762 0.0107049 0.00602275 -0.0101181
3763 -0.00865936 0.00532242 -0.0225882
3764 -0.0319016 0.00886185 0.011495
3765 0.0188349 0.00433161 0.00938331
3766 0.0130611 0.00877748 0.0142557
3767 0.0315172 0.00640287 -0.022046
3768 -0.0278079 0.0053262 -0.0126857
3769 0.0133029 0.00712316 -0.0130883
3770 0.0315575 0.00924846 -0.0115243
3771 -0.0329884 0.00641146 0.00195475
3772 0.0279485 0.00633424 -0.0208513
3773 -0.00339206 0.00696863 0.0270865
3774 -0.0304647 0.00739088 -0.024944
3775 0.018138 0.00924491 0.0247541
3776 -0.0133099 0.00769481 0.00140608
3777 0.0217791 0.00526777 -0.012624
3778 -0.0148539 0.00808689 0.0123588
3779 0.0225733 0.00431281 -0.0110552
3780 0.0344913 0.00525282 -0.0246082
3781 -0.00378587 0.00799254 0.0238375
3782 0.0153532 0.00788931 -0.0207892
3783 0.037675 0.00908673 0.0110106
3784 -0.0211153 0.00692479 -0.0154558
3785 0.0172713 0.00784456 -0.010791
3786 -0.0137662 0.00744415 0.0136387
3787 -0.00622508 0.00557838 0.00166059
3788 0.0015818 0.00661699 -0.00222477
3789 -0.0135116 0.00672248 0.0107997
3790 0.0226481 0.00740807 0.0110706
3791 -0.0281843 0.00927594 0.0121942
3792 0.0311482 0.00801307 -0.0111625
3793 -0.0260966 0.00694493 0.00314348
3794 -0.0215821 0.00496798 0.0247658
3795 -0.00661864 0.00495717 -0.0239937
3796 0.0203415 0.00629459 0.00942972
3797 -0.0213345 0.00393 0.0242984
3798 -0.00150417 0.00600895 0.0215627
3799 0.00292195 0.00666334 0.0139468
3800 0.0325603 0.0050203 -0.0241811
3801 0.00351546 0.0080044 -0.0241369
3802 -0.0314556 0.00611297 0.0228326
3803 -0.000578022 0.00989771 -0.0278357
3804 -0.00784631 0.00692241 -0.0221014
3805 -0.0303515 0.00663398 -0.0087437
3806 0.0174256 0.00765449 -0.0127191
3807 -0.0301204 0.00677017 -0.00218499
3808 -0.00891608 0.00768454 -0.0246796
3809 0.0261376 0.00568134 0.0218057
3810 0.0107066 0.00570805 0.0230002
3811 0.00359954 0.00807173 -0.023429
3812 0.0290011 0.0101363 -0.0229739
3813 -0.0360678 0.00803816 -0.0239835
3814 -0.00241893 0.00690054 0.00993587
3815 0.0345262 0.00562018 -0.000940219
3816 -0.00480557 0.0071825 -0.025059
3817 0.0269391 0.00569117 0.0267914
3818 0.0112018 0.00674395 0.010802
3819 -0.0149667 0.00807135 -0.0234273
3820 -0.00470263 0.00548979 0.0103025
3821 -0.0326518 0.00400914 0.0115617
3822 -0.0194967 0.00387911 0.000394521
3823 -0.00650737 0.00767975 0.0254259
3824 0.0180819 0.00584084 0.00181164
3825 -0.0287666 0.00801347 0.0239043
3826 -0.0011108 0.00763006 -0.0300958
3827 0.0173631 0.00893632 0.0233981
3828 0.00156417 0.00623217 -0.0041251
3829 0.0127549 0.00489708 0.0226434
3830 -0.0364256 0.00635246 0.00194507
3831 -0.010928 0.00673416 -0.0131991
3832 0.00145785 0.00712412 -0.00251835
3833 0.00154171 0.00686985 0.0197891
3834 0.0136527 0.0058983 0.00183576
3835 0.0340733 0.00707136 -0.0101497
3836 -0.00572448 0.00807915 0.000524017
3837 -0.0330846 0.00963337 -0.0237463
3838 -0.0305544 0.00464954 0.00204548
3839 0.0242588 0.00478255 0.0256197
3840 0.00156304 0.00677296 -0.00496646
3841 -0.037675 0.00402474 0.0255558
3842 -0.0198418 0.00806568 -0.0114016
3843 -0.0131552 0.007679 -0.0225731
3844 0.0121536 0.00491408 0.0243845
3845 0.0187793 0.00754943 0.00154928
3846 0.00615223 0.00558999 -0.0103306
3847 0.0338335 0.00621761 -0.00118297
3848 -0.0138259 0.00663119 -0.0252096
3849 0.0347176 0.00975448 0.0103343
3850 0.00989238 0.00901242 0.023801
3851 -0.00156128 0.00621904 -0.0144706
3852 0.0255712 0.00381438 -0.01219
3853 0.0246065 0.00764182 0.00147081
3854 -0.0325902 0.00568094 0.0137214
3855 -0.0163374 0.00806233 0.000126322
3856 0.0246309 0.00491677 0.000409255
3857 -0.0284785 0.00610751 0.00190673
3858 0.0143953 0.00955825 0.0119341
3859 0.0101749 0.00890502 -0.011981
3860 0.01255 0.00514985 0.013248
3861 -0.00429322 0.00753797 0.011181
3862 -0.0117623 0.00787184 -0.0211567
3863 0.0334715 0.00410149 -0.00119698
3864 0.0286868 0.00752822 0.0015673
3865 -0.0336234 0.00539989 -0.000763516
3866 -0.0254543 0.00514866 0.0115548
3867 0.010015 0.00781369 -0.0227503
3868 -0.0289671 0.00777238 -0.0270474
3869 -0.0154667 0.00581977 0.0138019
3870 0.0251761 0.00748338 -0.000903997
3871 -0.0134964 0.00499511 -0.0111537
3872 -0.00158309 0.00649305 -0.0302969
3873 -0.00417757 0.00778278 -0.0245503
3874 0.034713 0.00500354 -0.0121313
3875 -0.028884 0.00747223 -0.0208804
3876 0.020229 0.00505881 -0.0242954
3877 0.00895928 0.00572485 -0.0130112
3878 -0.0236357 0.00565993 -0.0102928
3879 0.0123913 0.00531419 -0.022587
3880 -0.03603 0.00534264 -0.0225569
3881 0.0105791 0.00612243 -0.014054
3882 0.0164132 0.00807785 -0.0234569
3883 0.00869006 0.00736992 -0.0223034
3884 0.0292382 0.00754125 -0.0224438
3885 0.0263633 0.00796633 -0.0230408
3886 -0.00693434 0.00490551 0.0104702
3887 -0.0194062 0.00512249 0.0251417
3888 -0.00948356 0.00519834 0.00985364
3889 -0.00425223 0.00416274 -0.03187
3890 0.024927 0.00646611 -0.0220448
3891 -0.00673938 0.00653862 -0.0220448
3892 -0.0223579 0.00775946 -0.0263507
3893 0.0169019 0.00767759 -0.0225713
3894 -0.0128205 0.007228 -0.0250334
3895 -0.0100011 0.00805586 9.6915e-05
3896 -0.0295662 0.00745308 0.00163113
3897 -0.00862028 0.00583754 -0.020736
3898 -0.0319629 0.00597811 -0.0192805
3899 -0.0203529 0.00280384 -0.0231131
3900 0.0273151 0.00501819 -0.0230852
3901 -0.033502 0.00621226 -0.0251832
3902 0.0155417 0.00527787 -0.0226253
3903 0.01589 0.00753992 0.00155736
3904 -0.000898576 0.00779934 -0.0188953
3905 -0.0141657 0.0062616 0.0139321
3906 -0.00948575 0.00393072 -0.000676996
3907 -0.0182736 0.00501269 -0.0231015
3908 0.00231879 0.00484755 -0.0259962
3909 0.037675 0.00844869 -0.0262089
3910 -0.0234427 0.00612553 -0.0251707
3911 -0.0209758 0.00490825 -0.0264199
3912 0.0195549 0.00643765 -0.00121517
3913 0.0313139 0.00393903 -0.0125799
3914 0.000975903 0.00774056 0.0306584
3915 0.0105175 0.00530874 -0.0126673
3916 -0.0106975 0.00627819 -0.00119995
3917 -0.00266056 0.00540375 -0.0211328
3918 0.0220692 0.00636373 -0.00120692
3919 -0.00608876 0.00636775 0.0227898
3920 -0.0173899 0.00808437 0.0124276
3921 -0.0302024 0.00328617 -0.0252734
3922 0.00517953 0.00656355 -0.0201224
3923 -0.0230016 0.00868045 -0.00946694
3924 -0.013525 0.00705247 0.00261483
3925 0.037675 0.00544656 -0.0272535
3926 -0.00270411 0.00868073 0.025968
3927 0.0276817 0.00719735 -0.0102134
3928 -0.0245719 0.0050196 -0.0241713
3929 -0.00268104 0.00590753 -0.019564
3930 0.0168839 0.00804496 -0.0239526
3931 -0.002521 0.00577534 -0.0130414
3932 -0.00972891 0.00667777 0.00194644
3933 -0.0241733 0.00808263 0.0124597
3934 0.00146952 0.00709889 -0.0190752
3935 -0.00887516 0.00409645 0.0256182
3936 0.00146725 0.00589966 0.0268329
3937 0.000849787 0.00516946 -0.0305668
3938 -0.0183371 0.00361986 -0.0122856
3939 -0.0015724 0.00670341 -0.0163882
3940 -0.0269135 0.00805278 -0.0239171
3941 -0.0284947 0.00800426 0.0118628
3942 -0.0117129 0.00624974 0.0139321
3943 0.0296427 0.00504393 -0.0122512
3944 -0.0280736 0.00409473 -0.0121313
3945 -0.0214341 0.00395255 -0.0228214
3946 0.0247602 0.00500318 -0.0121303
3947 0.02721 0.00501588 -0.012168
3948 0.0172723 0.00797299 -0.0230552
3949 -0.00280189 0.00675239 -0.00119106
3950 -0.0205786 0.00564063 -0.020559
3951 -0.0133904 0.00641568 -0.0100448
3952 -0.0334917 0.0074274 -0.024913
3953 0.0321543 0.00531836 -0.0210474
3954 0.00548222 0.00494693 -0.0239467
3955 0.0142401 0.00404837 0.0241669
3956 0.00279574 0.00691305 0.00190154
3957 0.00588884 0.00520122 0.0132976
3958 0.0293621 0.0042152 -0.0220008
3959 0.000298044 0.00941206 -0.0141896
3960 -0.0187956 0.00903003 -0.0242318
3961 0.0363297 0.00769387 -0.0246673
3962 -0.001423 0.00893754 -0.0161987
3963 0.0270793 0.00771893 -0.0246343
3964 -0.0194756 0.00724951 -0.0222358
3965 -0.0297675 0.0080859 -0.0116005
3966 -0.0261687 0.00656886 -0.0252098
3967 0.0266584 0.00807819 -0.023577
3968 0.021605 0.00807615 -0.0255744
3969 0.0024505 0.00615926 -0.00907278
3970 0.023871 0.00794452 0.00100631
3971 0.0341168 0.00376159 -0.0233304
3972 0.0147151 0.00530759 -0.0126661
3973 -0.016659 0.00661495 -0.0252097
3974 -0.0296026 0.00735678 -0.0222956
3975 -0.0102711 0.00664537 -0.0252087
3976 0.0199108 0.00807819 -0.0235521
3977 -0.0314186 0.00776593 -0.0258975
3978 0.00143434 0.00859811 0.0213855
3979 -0.029228 0.00491855 -0.0236856
3980 -0.0282021 0.0089832 0.0236894
3981 -0.0328592 0.00554594 -0.0248914
3982 -0.017275 0.00555003 -0.0223611
3983 0.0111934 0.00553811 -0.0249113
3984 -0.0309584 0.0051972 -0.0227341
3985 -0.000683564 0.00506944 -0.0302476
3986 0.00150996 0.00456484 0.026782
3987 -0.0298523 0.00538812 -0.0247511
3988 -0.0181899 0.00771054 -0.0226146
3989 0.0361692 0.00754102 -0.0224436
3990 0.0253939 0.0058857 0.0109159
3991 -0.0022605 0.00807919 0.0125232
3992 0.00330382 0.00677724 -0.0251921
3993 -0.000960583 0.00912703 -0.0240393
3994 -0.0255039 0.00429075 -0.0246891
3995 0.00580811 0.00560685 -0.0249399
3996 -0.0249151 0.00411975 -0.0222973
3997 0.01414 0.004996 -0.023151
3998 0.00614264 0.00518613 -0.0245009
3999 -0.00831171 0.00491295 -0.0236341
4000 0.0165988 0.00710535 0.00183534
4001 -0.011203 0.00808453 0.0124248
4002 0.00831623 0.00515528 0.0132532
4003 0.00841462 0.00641405 0.0227848
4004 -0.00877792 0.00446388 -0.0258046
4005 -0.00481051 0.00803115 -0.0240154
4006 0.0241877 0.00689422 0.0138985
4007 -0.0304938 0.00708577 0.0228946
4008 -0.0265484 0.00773516 -0.0246121
4009 -0.0214173 0.00771631 -0.0226222
4010 0.0362524 0.0070477 -0.0221441
4011 -0.00591224 0.00725611 0.00176464
4012 -0.00516612 0.00522377 -0.02457
4013 -0.0156265 0.00710794 -0.025094
4014 -0.0262743 0.00715867 -0.0210898
4015 -0.0338088 0.00498434 -0.00988314
4016 -0.0142895 0.00493888 0.0126126
4017 0.0278832 0.00807819 -0.011782
4018 0.0314095 0.00516294 -0.0137665
4019 -0.0192953 0.00516513 0.0235274
4020 -0.0218271 0.00494144 -0.0238962
4021 -0.00120975 0.0054721 -0.0207171
4022 -0.0141876 0.00509101 -0.0243494
4023 0.00470832 0.00801073 -0.0241081
4024 0.0190257 0.00844887 -0.0250362
4025 -0.0277814 0.00633766 -0.0220584
4026 0.0330923 0.0091602 -0.0240279
4027 0.0341982 0.00807819 -0.0237519
4028 0.00883514 0.00693621 -0.0251545
4029 0.0187082 0.0066585 -0.0220532
4030 -0.0235801 0.00576411 -0.0222422
4031 -0.00711406 0.0054233 0.0112118
4032 0.010454 0.00705102 -0.020868
4033 0.0137184 0.00777393 0.011438
4034 0.0209918 0.0054559 -0.0224374
4035 0.00695186 0.00785054 -0.0227988
4036 -0.0168165 0.00593364 -0.0251043
4037 -0.0264877 0.00714767 -0.0221838
4038 -0.00604443 0.00741582 -0.0260849
4039 -0.00157581 0.00657207 -0.0047448
4040 0.0226736 0.00706836 -0.0221487
4041 0.0295051 0.00792857 -0.0229592
4042 -0.00807776 0.00502865 -0.0230541
4043 -0.0134949 0.00808493 0.0123227
4044 -0.00114937 0.0054149 -0.0260464
4045 -0.0180409 0.00782836 -0.025911
4046 0.0106137 0.00806661 0.0245942
4047 0.00896573 0.00528897 0.0113536
4048 -0.008065 0.00715464 -0.02507
4049 0.0295646 0.00518941 0.00125295
4050 -0.016774 0.00503222 -0.0242165
4051 -0.0217507 0.00494534 -0.023328
4052 0.003656 0.00555753 0.0136448
4053 -0.0285677 0.00705107 0.0268142
4054 -0.00269939 0.00613417 0.0139126
4055 0.0157179 0.00638054 -0.0220484
4056 -0.0105466 0.00742232 0.00165725
4057 -0.00148465 0.00705821 -0.0043937
4058 0.0208947 0.0089874 0.0115779
4059 -0.0353912 0.00536188 -0.0247234
4060 0.037675 0.00679096 0.00292215
4061 -0.0230375 0.00661947 -0.0132078
4062 0.0155792 0.00453895 -0.0130889
4063 -0.00202453 0.00804873 -0.0257843
4064 -0.0333423 0.00777672 -0.0227017
4065 -0.0240578 0.00503649 -0.0230309
4066 0.0324319 0.00552357 0.0256142
4067 -0.0259163 0.00562823 -0.0223143
4068 -0.0211625 0.0055847 -0.0223426
4069 0.00621246 0.00624759 -0.0251947
4070 -0.012292 0.005132 0.0131575
4071 -0.0340013 0.00801134 -0.000105349
4072 -0.0130515 0.00493227 -0.0234482
4073 -0.0218751 0.00436903 0.0218923
4074 0.0347893 0.00710413 0.00183598
4075 0.0106833 0.00743199 -0.000909035
4076 -0.0250962 0.00495421 1.5074e-05
4077 0.0317414 0.00773407 -0.0106456
4078 0.0111434 0.00690912 -0.0251614
4079 0.0109703 0.00548073 -0.0104137
4080 0.00250134 0.00911745 0.0131698
4081 0.0270974 0.0080101 -0.024111
4082 0.0013818 0.00570619 -0.0200985
4083 0.0311402 0.00518203 -0.000500684
4084 0.0263474 0.00501721 -0.0241719
4085 0.0234389 0.00792856 -0.0229592
4086 0.0144367 0.00783604 -0.0227797
4087 -0.0050313 0.0057044 0.0137391
4088 -0.0217419 0.00622934 0.00193331
4089 -0.012755 0.00511465 -0.0228713
4090 0.00721514 0.00722631 0.0257773
4091 0.00258707 0.00540147 0.0255052
4092 0.00585412 0.00532278 0.00142211
4093 0.00257507 0.00578662 0.00178656
4094 -0.00640761 0.00609158 0.00190322
4095 -0.0208674 0.00494481 7.2849e-05
4096 0.00438832 0.00729506 -0.0250016
4097 0.019795 0.00691966 -0.0251562
4098 -0.00247335 0.00584553 0.0258138
4099 -0.0285016 0.0053046 -0.0225971
4100 -0.0111268 0.00802591 -0.0240391
4101 -0.00509219 0.00509709 0.0236405
4102 0.0148306 0.00546434 0.0231685
4103 -0.00854892 0.00760049 0.0112341
4104 -0.00481812 0.00562209 0.00277508
4105 -0.0284349 0.0057822 -0.0222155
4106 0.0139468 0.00806839 -0.0234139
4107 0.0289685 0.0052362 0.0133307
4108 -0.0107802 0.0053398 -0.00070008
4109 -0.0204399 0.00541406 -0.0247785
4110 -0.0180189 0.00538861 -0.0247479
4111 -0.0287569 0.0040989 0.000518453
4112 0.00573031 0.00723477 -0.0222257
4113 0.0101749 0.00583731 -0.02219
4114 0.0222914 0.00807819 -0.0235098
4115 0.0254623 0.00641991 0.00195517
4116 0.00506503 0.00598889 -0.0131286
4117 -0.0320275 0.00510342 0.00111004
4118 -0.0107986 0.00733752 -0.0102839
4119 0.00504985 0.00769474 -0.0246662
4120 -0.0259964 0.0052362 -0.0226693
4121 -0.0159467 0.00563501 0.0256908
4122 -0.030483 0.00599249 -0.0251286
4123 0.0269954 0.00527104 -0.0226325
4124 -0.0228425 0.0065878 0.0107904
4125 -0.0179226 0.00774582 -0.024599
4126 0.00238216 0.00738029 -0.02133
4127 -0.023507 0.00801163 -0.012104
4128 0.0115236 0.0066873 -0.00120415
4129 -0.00733426 0.00670502 -0.0252022
4130 -0.0222331 0.0060753 0.0108404
4131 -0.00634826 0.00756338 0.0267116
4132 -0.00448803 0.00494388 -0.0233414
4133 0.00704466 0.00570058 0.0110026
4134 0.0156311 0.00639506 0.00195311
4135 -0.000116328 0.00492515 0.0306837
4136 -0.0177859 0.0051201 0.00113775
4137 0.00765791 0.00573992 0.00176266
4138 -0.0226002 0.00506197 -0.0229588
4139 -0.0271062 0.00695437 0.0258846
4140 0.0133234 0.00800793 -0.0121209
4141 -0.0136195 0.00538502 -0.0247478
4142 0.00700937 0.00632871 -0.00120308
4143 0.00923714 0.00616785 -0.00118001
4144 0.0204703 0.00497892 0.0119417
4145 -0.00227362 0.00741576 -0.0172193
4146 0.034411 0.00633452 -0.0132021
4147 -0.015028 0.00566284 0.00170914
4148 -0.0259827 0.0076063 -0.012761
4149 0.0126332 0.00779499 -0.000534298
4150 -0.0170514 0.00515853 0.0235384
4151 0.0172802 0.00812667 0.0224764
4152 0.0163235 0.00514533 -0.000439693
4153 -0.0197082 0.00838023 0.0103781
4154 0.0324736 0.00801459 -0.0111694
4155 0.0081155 0.00496756 -0.0120246
4156 0.0333604 0.00512429 0.0251447
4157 -0.0114391 0.00776946 -0.0125679
4158 0.0206441 0.00807819 0.0122568
4159 0.00157893 0.00675399 0.0172931
4160 -0.0102145 0.00674546 -0.00119783
4161 0.00173108 0.0050015 0.0118747
4162 0.0132406 0.00797181 -0.0110527
4163 0.00507098 0.0058174 0.0109392
4164 0.00107043 0.00534013 0.0262728
4165 0.0241267 0.00518617 0.0132476
4166 5.42679e-05 0.00807819 0.022326
4167 0.0299567 0.00761642 0.00149238
4168 -0.00378594 0.00558383 -0.00092473
4169 0.000457448 0.00498876 -0.00806632
4170 -0.0349711 0.00521281 0.00129183
4171 0.0327415 0.00589237 -0.0101719
4172 -0.0121205 0.00641405 0.00195517
4173 0.0227663 0.00492613 0.0125524
4174 0.00276846 0.00684623 0.0108231
4175 0.0307766 0.00722279 0.0109649
4176 -0.00656149 0.00794169 0.000969359
4177 0.00260779 0.00587883 0.0109107
4178 -0.0278157 0.00723965 -0.00102413
4179 -0.0040103 0.00591605 0.0228945
4180 0.0284255 0.00717523 0.010939
4181 0.0131414 0.00714032 0.0229196
4182 0.00269621 0.00623792 0.0228046
4183 0.00699258 0.00793334 0.0117095
4184 0.0203104 0.00625186 0.0108114
4185 -0.0324572 0.00742994 0.0150048
4186 -0.0143335 0.00794849 0.0117423
4187 -0.0256484 0.00794843 -0.0122578
4188 0.0343185 0.00795396 -0.0110141
4189 -0.00357887 0.00550786 0.0103177
4190 -0.0311843 0.00594183 -0.00110826
4191 -0.0219853 0.00924452 0.0117554
4192 0.0224369 0.00796834 -0.0135801
4193 -0.0121996 0.00653133 0.0107848
4194 -0.00104212 0.00769022 -0.013713
4195 0.000373147 0.00496035 -0.0203004
4196 -0.0217495 0.00791487 0.0130704
4197 -0.016174 0.0080044 0.000876891
4198 0.0272694 0.0051234 -0.0108567
4199 0.00478681 0.00632435 0.0227962
4200 -0.0295777 0.00508308 0.0130762
4201 -0.00989276 0.00779161 0.00127875
4202 0.0152264 0.00753735 -0.0128196
4203 -0.0240037 0.0061104 -0.0100927
4204 0.0273108 0.00552915 0.0256217
4205 0.00348173 0.00799304 0.0238386
4206 0.00999299 0.00730618 0.011005
4207 -0.010225 0.00804879 0.000675214
4208 0.0201859 0.00803304 0.0239932
4209 0.0206294 0.00525515 -0.000610718
4210 0.0293833 0.00613109 0.0259109
4211 -0.0126322 0.00795267 0.0009887
4212 -0.00511641 0.00637666 0.0139493
4213 -0.024164 0.00491538 0.0243435
4214 -0.00595108 0.00494384 0.0126582
4215 -0.00449247 0.00536737 0.0254692
4216 0.00152648 0.00606593 0.00284339
4217 -0.029341 0.00520002 0.00127058
4218 -0.00734144 0.00494778 0.0240455
4219 0.00838577 0.00563895 -0.0102981
4220 0.011283 0.00807819 -0.0115447
4221 0.00125159 0.0074643 0.0200432
4222 -0.0217717 0.00516378 0.0132104
4223 -0.0267313 0.00749002 0.0255998
4224 0.0102617 0.00509065 -0.000348806
4225 -0.00562852 0.00779102 0.00127952
4226 0.0186143 0.00513356 -0.0108399
4227 0.0087047 0.00493524 0.000160913
4228 -0.00805409 0.0080497 -0.011931
4229 0.0184847 0.00725204 0.0257595
4230 0.0166769 0.00770461 -0.000653205
4231 -0.0123651 0.00803984 -0.0232841
4232 0.00131396 0.00739088 0.0221273
4233 -0.00857561 0.00657699 0.0107861
4234 0.00989351 0.00491375 0.0243585
4235 -0.0319239 0.00748144 0.00160703
4236 -0.0160621 0.00499757 0.0128536
4237 -0.00909104 0.00707631 -0.0259302
4238 0.0152675 0.00636844 -0.00120769
4239 0.0292705 0.00518103 -0.010761
4240 -0.0221224 0.00802412 -0.0112127
4241 0.00707377 0.00798585 -0.000176977
4242 0.0131699 0.0060753 0.0108404
4243 0.0126419 0.0080504 7.20817e-05
4244 0.0321783 0.00581047 -0.0130541
4245 0.0350964 0.0049544 0.000725486
4246 -0.0169887 0.00713722 0.0229215
4247 0.0190616 0.00779166 0.0103797
4248 -0.00352717 0.0056239 -0.0103084
4249 -0.0119388 0.00734846 -0.0129695
4250 -0.00294809 0.00686416 0.0139129
4251 0.020782 0.0078369 0.0115209
4252 -0.00493758 0.00512025 -0.010862
4253 -0.010595 0.00615397 0.0228231
4254 -0.0280357 0.0054432 -0.0104508
4255 0.0148228 0.00713487 0.0109171
4256 -0.0251442 0.00644582 0.0107848
4257 -0.00332995 0.008086 0.000397642
4258 0.0140113 0.00505922 0.0237034
4259 -0.0215592 0.00772494 -0.0126264
4260 0.00608309 0.00803096 -0.0232438
4261 0.023539 0.0076118 0.00149631
4262 -0.0222527 0.00713609 -0.0221785
4263 0.0210029 0.00562157 0.0230588
4264 0.00440813 0.00504887 0.0250059
4265 -0.0131857 0.00714092 0.0229235
4266 0.0183985 0.00517244 0.0252248
4267 -0.00370678 0.00495414 0.000724703
4268 -0.0133736 0.00803943 -0.0112823
4269 0.0162383 0.00493391 0.0125669
4270 0.0343235 0.00792945 -0.0254473
4271 -0.0268209 0.00602124 0.0108589
4272 0.0297464 0.00670141 -0.0100583
4273 0.00227602 0.0071031 -0.00109757
4274 0.00134757 0.00566498 -0.0049773
4275 0.0227712 0.00758821 -0.0224837
4276 -0.0162748 0.00809889 -0.0118034
4277 -0.0214224 0.00557222 0.0256498
4278 0.0276845 0.00747523 -0.0223877
4279 0.000333885 0.00804248 -0.0255835
4280 0.000599634 0.00796149 -0.0286093
4281 0.00156232 0.00677624 0.0218538
4282 -0.00369471 0.00494248 -0.0239058
4283 -0.00805257 0.00678496 -0.00118878
4284 -0.0223414 0.00773314 0.0113844
4285 -0.0213936 0.00516536 -0.022787
4286 -0.0217788 0.00518186 0.0252404
4287 -0.00698979 0.00525791 -0.0226464
4288 -0.0120088 0.00793377 0.0237105
4289 -0.0134719 0.00677091 0.0259335
4290 0.0180722 0.00613736 -0.0131733
4291 0.0284246 0.00767514 0.0113081
4292 0.00818526 0.00719678 0.0109457
4293 -0.0314792 0.00492836 0.0125159
4294 -0.0118311 0.0050834 0.00107676
4295 -0.0144442 0.00569481 0.0230044
4296 -0.0137481 0.00767876 0.0233128
4297 -0.015831 0.00529933 -0.0226027
4298 -0.00647693 0.00606605 0.0108435
4299 0.0241426 0.00492758 -0.0114913
4300 0.0272821 0.00671261 0.0259414
4301 0.00958203 0.00585685 0.00181905
4302 0.0205363 0.00738618 0.0110532
4303 0.0296039 0.00630573 0.00193952
4304 0.0354048 0.00493331 0.000178667
4305 0.0107409 0.0073828 -0.0129489
4306 0.0229173 0.00680219 0.0108134
4307 -0.0298339 0.00494055 0.012628
4308 -0.0329302 0.00511041 0.0131217
4309 -0.0144443 0.00510239 0.0131083
4310 -0.00370044 0.00495609 0.0120095
4311 -0.00408272 0.00494014 0.0126242
4312 -0.019594 0.00493289 0.0125575
4313 -0.012854 0.00493546 0.0125812
4314 -0.00954867 0.00494586 0.0126768
4315 0.000917367 0.00521012 -0.0208761
4316 0.0338688 0.00763942 -0.0247328
4317 -0.0113249 0.00784435 -0.0244693
4318 -0.00760635 0.00776824 -0.0245695
4319 0.00395688 0.007335 -0.0129776
4320 0.00741072 0.00740344 -0.0129333
4321 0.0215934 0.00728555 -0.0130045
4322 0.0285295 0.00722347 -0.0130354
4323 0.0254724 0.00734133 -0.0129738
4324 -0.0226658 0.00612885 -0.0131714
4325 0.0346877 0.00807798 0.0125426
4326 0.00485544 0.00807819 0.0123824
4327 0.028169 0.00801263 0.0128395
4328 0.00133732 0.00735206 0.0167222
4329 -0.0126435 0.00603321 0.0258828
4330 -0.00542208 0.00636508 0.0259479
4331 0.017234 0.0062917 0.0139405
4332 0.0247358 0.00638308 0.0139518
4333 -0.0250209 0.0049125 -0.02363
4334 -0.0305685 0.00491973 -0.0236965
4335 -0.00134479 0.00498569 -0.0240784
4336 -0.00704941 0.00497421 -0.0232157
4337 -0.0255558 0.00500942 -0.0231112
4338 -0.0198881 0.00493715 -0.0234033
4339 -0.0335883 0.0049125 -0.02363
4340 -0.00232644 0.00494774 -0.0119541
4341 -0.0270071 0.00491801 -0.0116806
4342 -0.00680941 0.00494574 -0.0119357
4343 -0.00440926 0.00498971 -0.0120903
4344 -0.0136103 0.00494303 0.000650758
4345 -0.0356695 0.00494161 0.00063768
4346 -0.0157917 0.0049186 0.000426124
4347 -0.032903 0.00494513 0.00067011
4348 -0.0206646 0.00494593 0.000677447
4349 -0.0303636 0.00491353 0.000379463
4350 -0.0287897 0.00492604 0.000245506
4351 -0.0184672 0.00492604 0.000494508
4352 -0.0221455 0.00493567 0.000156914
4353 -0.0144066 0.00498126 -6.52039e-05
4354 -0.00240682 0.00502402 0.0249321
4355 -0.00526272 0.00493147 0.0241956
4356 -0.00151579 0.00492373 0.0242667
4357 -0.0113278 0.00491518 0.0243454
4358 -0.00313008 0.00491603 0.0243375
4359 -0.0183825 0.00494414 -0.011921
4360 -0.0121791 0.00527023 -0.000626635
4361 -0.0348697 0.00520618 -0.000540822
4362 -0.0323473 0.00526032 -0.000616179
4363 -0.00954253 0.00518093 -0.000498863
4364 -0.00373075 0.00518692 -0.000508805
4365 -0.0274751 0.00537907 -0.000741544
4366 -0.026668 0.00518881 0.00125195
4367 -0.0362293 0.00523365 0.0114135
4368 -0.00261154 0.00583023 0.0109332
4369 -0.0116664 0.00529051 0.011352
4370 -0.0300382 0.00530392 0.0113378
4371 -0.00843884 0.00545515 0.0111782
4372 -0.00274109 0.0052362 0.0114093
4373 -0.00362514 0.00538378 0.0232535
4374 -0.00803298 0.00531927 0.0233216
4375 -0.0308153 0.00507999 0.0236689
4376 -0.0349394 0.00493261 0.024185
4377 -0.0332617 0.00510688 0.0236242
4378 -0.0024406 0.00509584 0.0236425
4379 -0.0255105 0.00506844 0.0236881
4380 -0.0284237 0.0058382 -0.0130678
4381 -0.025353 0.00570682 -0.0130028
4382 -0.00731225 0.00564754 -0.0129671
4383 -0.0129876 0.00561984 -0.000947614
4384 -0.0208329 0.00552526 -0.000880209
4385 -0.0206016 0.00558596 0.00165854
4386 -0.0164556 0.00562751 0.00168602
4387 -0.0237417 0.00557585 0.00165058
4388 -0.0362516 0.00570176 0.00173553
4389 -0.0254297 0.00562944 0.0016865
4390 -0.0134599 0.00605212 -0.00115183
4391 -0.00352893 0.00608775 -0.00116238
4392 -0.0279009 0.00598694 -0.00112714
4393 -0.00601312 0.00610567 -0.00116633
4394 -0.00926106 0.00597857 -0.00112705
4395 -0.0230878 0.00639077 -0.0220486
4396 -0.0357542 0.00590684 -0.0221675
4397 -0.0263953 0.0060753 -0.0221004
4398 -0.0214862 0.0060753 -0.0221004
4399 -0.0292192 0.00615734 -0.0220869
4400 -0.0147117 0.00637807 -0.0100507
4401 -0.00897893 0.00639169 -0.0100485
4402 -0.0331747 0.00603282 -0.0101173
4403 -0.0212624 0.006552 -0.010048
4404 -0.0291093 0.00642202 -0.0132152
4405 -0.0336118 0.0066846 -0.00120155
4406 -0.0293914 0.00655331 -0.00120976
4407 -0.0329667 0.00657737 0.0139476
4408 -0.0181223 0.00675429 0.0139369
4409 -0.00907819 0.00679073 0.0139291
4410 -0.0271932 0.00675683 0.0139366
4411 -0.00627778 0.00669411 0.0139434
4412 -0.0203111 0.00704028 0.0138607
4413 -0.0140485 0.00686885 0.0139118
4414 -0.014259 0.00664437 -0.0220512
4415 -0.0216327 0.00668931 -0.0220561
4416 -0.0249061 0.00655801 -0.0220493
4417 -0.012304 0.00661268 -0.022049
4418 -0.0292708 0.00679264 -0.0220713
4419 -0.0266527 0.00667231 -0.022056
4420 -0.0143477 0.00694195 -0.0101086
4421 -0.0253178 0.00716203 -0.0221911
4422 -0.0255409 0.00695936 -0.0131404
4423 -0.032361 0.00730089 -0.0102667
4424 -0.0359027 0.00722495 -0.0102294
4425 -0.0281986 0.00726699 -0.0102476
4426 -0.00738949 0.00709577 -0.010159
4427 -0.0356261 0.00712857 -0.00108302
4428 -0.0249615 0.00708759 -0.00110475
4429 -0.0117907 0.00775992 0.0253204
4430 -0.0330235 0.00756686 0.0255345
4431 -0.0239235 0.00776603 -0.000572398
4432 -0.00728865 0.00790748 -0.000346369
4433 -0.0270291 0.00800384 0.0118619
4434 -0.0312274 0.00790949 0.011658
4435 -0.0340326 0.007977 0.0118039
4436 -0.0140106 0.00786494 0.0251783
4437 -0.0217716 0.00792427 0.0250501
4438 -0.0261021 0.00786327 0.0251819
4439 -0.0329677 0.00797883 0.0249322
4440 -0.00335314 0.00803456 -0.0239999
4441 -0.0234887 0.00804092 -0.023971
4442 -0.00969506 0.00803792 -0.0239846
4443 -0.0160137 0.00803945 -0.0239776
4444 -0.0061152 0.00804998 -0.0239298
4445 -0.0307148 0.00804526 -0.0239512
4446 -0.000891185 0.00789143 -0.010879
4447 -0.015686 0.00803089 -0.0112435
4448 -0.0054268 0.00786026 -0.0108116
4449 -0.0123866 0.00798384 -0.0110787
4450 -0.0310011 0.00808487 -0.0115814
4451 -0.00837517 0.00794916 0.0117437
4452 -0.000612908 0.00795535 0.00857265
4453 -0.000691999 0.00791876 0.0103582
4454 -0.000666955 0.00793035 0.00271871
4455 -0.000116184 0.00807819 0.0100725
4456 0.000289727 0.00494401 -0.00118819
4457 -0.000274843 0.00494239 -0.00893229
4458 0.0133677 0.00492699 0.0242367
4459 0.0176035 0.00494739 0.0240491
4460 0.000369198 0.00803471 -0.00127805
4461 0.000324042 0.00804465 -0.00326036
4462 0.0325561 0.00807819 -0.0235841
4463 0.0071896 0.00807819 -0.0235559
4464 0.0116822 0.00807819 0.0245416
4465 0.0159592 0.00804358 0.0240412
4466 0.00148172 0.00806247 0.024127
4467 0.0176484 0.00807819 0.0243217
4468 0.0190257 0.008066 0.024143
4469 0.0213149 0.00805481 0.0240922
4470 0.00927533 0.00807819 0.0244159
4471 0.00308215 0.00807819 0.0243933
4472 0.0307811 0.00806407 0.0241343
4473 0.00298365 0.00492582 -0.0237525
4474 0.0231219 0.00492379 -0.0237338
4475 0.0148672 0.00492772 -0.0237699
4476 0.0279069 0.00494627 -0.0239405
4477 0.000170633 0.00493106 -0.00246122
4478 0.0273436 0.00492826 -0.011485
4479 0.0294193 0.00491847 -0.0115751
4480 0.0140207 0.00491913 -0.011691
4481 0.00292431 0.00496683 -0.0112376
4482 0.00512204 0.00492866 0.000221425
4483 0.0360186 0.0049429 0.00064953
4484 0.0173782 0.0049978 -0.000114296
4485 0.0200118 0.00494181 0.000100473
4486 0.0311244 0.00494602 6.17865e-05
4487 0.0133818 0.00806215 0.000614523
4488 0.0268982 0.00807819 0.00032158
4489 0.0153113 0.00807819 0.0125239
4490 0.0177726 0.00807604 0.0121886
4491 0.000219371 0.00806768 -0.00960117
4492 0.0348063 0.00807819 0.000198361
4493 0.0168019 0.00807819 0.000519103
4494 0.00207829 0.00805583 9.67927e-05
4495 0.0330679 0.00491627 -0.0236646
4496 0.0238712 0.00501282 -0.0231011
4497 0.00382559 0.0050149 -0.0230949
4498 0.0291827 0.0050264 -0.0230608
4499 0.00216266 0.00494209 -0.0119021
4500 0.0135529 0.00515465 -0.0124552
4501 0.0165993 0.00500405 -0.0121329
4502 0.00237642 0.00492294 0.024466
4503 0.00741651 0.00492505 0.0244854
4504 0.0369222 0.00492117 0.0122903
4505 0.0119746 0.00499799 0.0118851
4506 0.0145554 0.00494961 0.0120287
4507 0.0328032 0.00500785 0.0118559
4508 0.0230112 0.0050681 0.0116886
4509 0.00809802 0.00802292 -0.0232073
4510 0.00088279 0.00781134 -0.00336222
4511 0.00425841 0.00790385 0.0116458
4512 0.00273328 0.00801574 0.0119146
4513 0.0114539 0.00801794 0.0119246
4514 0.0198624 0.00800332 0.0128792
4515 0.0315871 0.00791943 0.0130605
4516 0.0245214 0.00795072 0.0129929
4517 0.0170356 0.00796998 0.0129513
4518 0.0117341 0.00807819 0.0125084
4519 0.00340487 0.0080654 0.0125997
4520 0.0180954 0.00791743 0.0236751
4521 0.00678529 0.00800804 0.0238796
4522 0.00227001 0.00787659 0.0235869
4523 0.00233783 0.00519619 -0.0125242
4524 0.0234451 0.00547381 -0.0128411
4525 0.019703 0.00540004 -0.0127637
4526 0.00383678 0.00515718 -0.0108006
4527 0.023256 0.00514755 -0.0108166
4528 0.00216397 0.00517871 -0.0107648
4529 0.00298827 0.007809 0.0132558
4530 0.0117227 0.00536338 -0.012725
4531 0.0133877 0.00555119 -0.0103601
4532 0.02108 0.00562298 -0.0103127
4533 0.0360448 0.00509088 -0.0109108
4534 0.0167135 0.00540127 -0.010495
4535 0.0321454 0.00587143 0.0109257
4536 0.0154468 0.0054886 0.0111477
4537 0.0164541 0.00579862 0.00179211
4538 0.0225475 0.00756926 0.0255324
4539 0.0171901 0.00737213 0.0110447
4540 0.0320437 0.00716371 0.0109339
4541 0.00413451 0.00748274 0.011134
4542 0.0181052 0.00562943 -0.0129465
4543 0.020701 0.0057564 -0.0130326
4544 0.0150602 0.0057564 -0.0130326
4545 0.0349933 0.00578557 -0.0130442
4546 0.0102966 0.00575211 -0.0130297
4547 0.0346613 0.00566762 0.00171331
4548 0.0263695 0.00578007 0.00178353
4549 0.0119287 0.0057564 0.00177258
4550 0.0357173 0.0072897 -0.0102624
4551 0.0265101 0.00721317 -0.0102218
4552 0.0317932 0.00718943 -0.0102092
4553 0.0287874 0.00712385 -0.0101744
4554 0.00744636 0.0074065 -0.0103293
4555 0.034171 0.00757444 -0.010472
4556 0.0045573 0.00641405 0.0107848
4557 0.0171037 0.00598274 -0.0221315
4558 0.0355383 0.00582219 -0.0222006
4559 0.0301075 0.00573382 -0.022241
4560 0.0193447 0.00603694 -0.0221133
4561 0.0047654 0.00615927 -0.0220819
4562 0.0222251 0.00589056 -0.0221697
4563 0.0297792 0.00644494 -0.0220448
4564 0.0178848 0.00704215 0.0138601
4565 0.0255845 0.00692712 0.0138893
4566 0.0337822 0.00540122 0.0232351
4567 -0.0376639 0.00806571 -0.0234017
4568 0.037649 0.00558245 -0.0103204
4569 0.0136356 0.00505922 -0.0109634
4570 0.0262603 0.00517944 -0.0107636
4571 -0.0263267 0.0062847 -0.0131969
4572 -0.00420457 0.00619745 -0.0131865
4573 -0.00517497 0.00651246 -0.0220448
4574 0.0286927 0.00494774 0.0246941
4575 0.00445496 0.0049352 0.0241612
4576 0.00302498 0.00601652 -0.0221202
4577 0.00698902 0.00587982 -0.0221703
4578 0.010382 0.0065637 -0.0220459
4579 -0.037675 0.0049253 0.000716856
4580 0.00129255 0.0049307 0.000202644
4581 -0.0172132 0.0050218 -0.000185529
4582 -0.00205747 0.00493696 0.000145085
4583 -0.000319668 0.00804561 -0.000190692
4584 0.0288433 0.00794921 -0.000256185
4585 0.0202138 0.00505922 -0.0229634
4586 0.0334419 0.00501338 -0.0230994
4587 0.0238046 0.00707814 -0.010152
4588 0.00592891 0.00531074 -0.0127483
4589 0.00106555 0.00770417 0.0253938
4590 -0.000479073 0.00801052 -0.013727
4591 -0.0213038 0.00807819 0.0125416
4592 0.00805923 0.00803253 0.0119909
4593 0.0144983 0.00802097 0.0119384
4594 -0.0205897 0.00493669 0.0245925
4595 0.0132271 0.00787678 0.0131527
4596 0.00156134 0.00626837 -0.0100233
4597 -0.00483037 0.00602704 -0.0101184
4598 -0.000255517 0.00810511 -0.0102767
4599 0.00378793 0.00786026 0.0251884
4600 -0.00348104 0.00808545 -0.0115923
4601 -0.00567358 0.00807708 -0.0114534
4602 -0.00276071 0.00572202 0.00181274
4603 -0.0157085 0.00775308 -0.000589443
4604 -0.0117062 0.00778816 -0.000543295
4605 -0.0244706 0.00583102 -0.00106596
4606 0.00366725 0.00622554 0.0139327
4607 0.032462 0.00495075 0.000714647
4608 0.00505506 0.00493565 0.0125829
4609 0.0239216 0.00491997 0.0124387
4610 0.0364914 0.00493735 -0.0238585
4611 0.0114687 0.00504866 -0.0242653
4612 -0.0275342 0.00491659 -0.0235924
4613 -0.0145694 0.00491944 -0.0236938
4614 -0.00177088 0.00492248 -0.0235382
4615 -0.01797 0.0050322 -0.0242164
4616 -0.00121677 0.0080764 -0.0234502
$EndNodes
$Elements
16837
1 4 0 388 430 1990 1761 
2 4 0 1956 802 3732 423 
3 4 0 2489 1175 2174 2136 
4 4 0 2635 2623 2064 3366 
5 4 0 3796 420 1589 4058 
6 4 0 1716 3713 1653 1178 
7 4 0 2390 1218 1501 2499 
8 4 0 4205 586 2729 2692 
9 4 0 496 634 422 672 
10 4 0 2271 2244 2215 1974 
11 4 0 749 459 1179 1065 
12 4 0 3856 448 827 259 
13 4 0 2234 984 672 634 
14 4 0 2171 2736 3779 465 
15 4 0 3501 422 2144 672 
16 4 0 4296 3309 3110 4265 
17 4 0 2000 726 3694 467 
18 4 0 2564 426 1546 3571 
19 4 0 519 1611 3812 1759 
20 4 0 2772 3953 1782 971 
21 4 0 460 2040 2155 2216 
22 4 0 488 1391 1989 2031 
23 4 0 1971 728 1156 417 
24 4 0 2562 1591 613 941 
25 4 0 634 984 564 2234 
26 4 0 934 1314 443 2053 
27 4 0 1314 2053 2003 2119 
28 4 0 643 2054 2270 1577 
29 4 0 1625 2200 281 2551 
30 4 0 681 2316 2156 1081 
31 4 0 1246 3580 1247 2405 
32 4 0 2194 3322 2175 2496 
33 4 0 483 1244 2517 2185 
34 4 0 3101 1952 2019 2103 
35 4 0 1779 3038 2156 1995 
36 4 0 2922 1201 943 2117 
37 4 0 2291 2020 3193 3581 
38 4 0 835 443 1314 1256 
39 4 0 1843 3006 3163 369 
40 4 0 2132 675 2031 1767 
41 4 0 3236 1766 2237 421 
42 4 0 2067 1412 3510 2730 
43 4 0 2229 2146 2174 2577 
44 4 0 983 2717 2186 398 
45 4 0 2156 2975 2316 681 
46 4 0 2456 749 501 1179 
47 4 0 3608 437 864 3663 
48 4 0 2042 1623 1591 2967 
49 4 0 968 2435 3429 1250 
50 4 0 2213 1328 1839 3241 
51 4 0 3341 421 3673 1385 
52 4 0 3267 1848 2506 82 
53 4 0 2367 2913 626 3898 
54 4 0 2124 2885 2484 651 
55 4 0 1246 1498 2405 483 
56 4 0 1555 2392 2838 1976 
57 4 0 467 3863 2430 725 
58 4 0 573 507 2576 2868 
59 4 0 280 2430 2088 2131 
60 4 0 1968 3597 3282 918 
61 4 0 2012 1712 466 1084 
62 4 0 2848 1187 2265 2321 
63 4 0 3217 1960 1276 2576 
64 4 0 2801 1201 2922 449 
65 4 0 3048 428 2512 449 
66 4 0 2307 425 2329 2903 
67 4 0 2163 4185 3542 1286 
68 4 0 885 1553 1950 884 
69 4 0 2195 600 1177 2181 
70 4 0 1986 2372 532 2438 
71 4 0 2080 3378 1707 439 
72 4 0 2132 1593 3968 1340 
73 4 0 3267 3156 3391 1848 
74 4 0 2526 555 3161 2179 
75 4 0 884 2053 1554 1950 
76 4 0 425 2903 1665 445 
77 4 0 3333 825 2677 1987 
78 4 0 379 2409 3034 2317 
79 4 0 425 400 2329 584 
80 4 0 1080 3921 920 1489 
81 4 0 1244 3241 2270 2054 
82 4 0 2144 672 3382 2380 
83 4 0 1400 788 3192 757 
84 4 0 2116 2810 2155 461 
85 4 0 2183 2084 2162 3556 
86 4 0 651 3691 415 2019 
87 4 0 3026 4058 2041 1256 
88 4 0 2776 485 634 1402 
89 4 0 2655 2595 2097 2219 
90 4 0 1012 396 438 2582 
91 4 0 1632 2177 1813 2852 
92 4 0 941 2160 396 1012 
93 4 0 1560 3901 1239 3328 
94 4 0 2582 1012 2160 2222 
95 4 0 532 458 935 2809 
96 4 0 2162 534 2608 3613 
97 4 0 1016 2359 585 3347 
98 4 0 517 592 3037 1756 
99 4 0 3837 2017 1259 2058 
100 4 0 622 2049 529 1776 
101 4 0 3899 681 2636 3731 
102 4 0 1440 1418 626 1995 
103 4 0 3863 2430 2988 467 
104 4 0 2730 2485 3510 2190 
105 4 0 3748 2751 1948 428 
106 4 0 3152 455 2988 3599 
107 4 0 3504 3620 3782 3692 
108 4 0 433 3214 1236 2986 
109 4 0 2120 3559 3280 1991 
110 4 0 639 1458 3525 4045 
111 4 0 2272 4145 664 1250 
112 4 0 441 1299 2851 2389 
113 4 0 2575 4053 1156 2461 
114 4 0 2272 387 2172 664 
115 4 0 2067 2190 1253 2042 
116 4 0 2432 3365 2230 2196 
117 4 0 3407 592 3922 3109 
118 4 0 1591 1253 2714 2225 
119 4 0 1308 2517 1158 2044 
120 4 0 876 441 470 2389 
121 4 0 3050 1665 2666 1974 
122 4 0 1975 2636 681 1081 
123 4 0 1247 1308 2405 4153 
124 4 0 2564 2199 2100 457 
125 4 0 465 2024 2179 464 
126 4 0 2784 3112 1739 590 
127 4 0 382 639 1458 1513 
128 4 0 3602 3668 2098 2231 
129 4 0 3766 886 764 547 
130 4 0 2596 4080 398 2186 
131 4 0 2432 2326 3138 2598 
132 4 0 1145 384 3421 1581 
133 4 0 772 2564 746 3838 
134 4 0 536 3482 2393 1873 
135 4 0 3822 378 604 926 
136 4 0 441 2308 1190 464 
137 4 0 3680 1381 825 2677 
138 4 0 1064 2100 1058 3551 
139 4 0 2051 3791 377 2794 
140 4 0 1244 1246 2185 483 
141 4 0 1318 461 2338 2949 
142 4 0 1054 3687 3474 373 
143 4 0 2997 3286 672 3501 
144 4 0 1975 1995 813 1753 
145 4 0 1471 1005 674 3413 
146 4 0 441 1084 2763 662 
147 4 0 363 583 2623 2477 
148 4 0 2794 477 2677 377 
149 4 0 1843 3163 2335 369 
150 4 0 2515 377 2758 2658 
151 4 0 589 586 2692 2729 
152 4 0 2437 530 2562 2945 
153 4 0 1778 1180 2834 683 
154 4 0 2044 847 2062 1673 
155 4 0 1373 3933 2761 844 
156 4 0 2499 746 3857 2121 
157 4 0 1608 381 1985 541 
158 4 0 3018 3922 3321 2464 
159 4 0 2289 818 3290 3427 
160 4 0 4224 3346 2474 1706 
161 4 0 3559 395 3105 1991 
162 4 0 3471 3872 90 3214 
163 4 0 2214 1984 3174 2599 
164 4 0 599 2570 2451 2462 
165 4 0 1559 4104 574 3564 
166 4 0 1487 3439 490 3980 
167 4 0 2926 987 1422 2709 
168 4 0 441 1264 463 3015 
169 4 0 2961 2525 1635 3608 
170 4 0 1047 2739 1302 2429 
171 4 0 775 1481 3384 1611 
172 4 0 2945 3564 530 1262 
173 4 0 859 78 66 790 
174 4 0 2894 1333 3728 1370 
175 4 0 2847 2085 3533 2993 
176 4 0 3784 1304 2816 1873 
177 4 0 2388 3090 3390 1213 
178 4 0 1996 1724 2921 1789 
179 4 0 2168 2280 1541 929 
180 4 0 2451 3157 3464 2231 
181 4 0 2417 4074 2689 918 
182 4 0 2163 3542 2353 2033 
183 4 0 3906 532 1216 3148 
184 4 0 632 3285 2807 3398 
185 4 0 3127 2003 2221 2484 
186 4 0 3163 471 2123 2335 
187 4 0 2719 1707 2511 4295 
188 4 0 3419 2248 2177 1167 
189 4 0 4043 1444 2987 383 
190 4 0 2882 3273 602 3630 
191 4 0 734 1883 1439 4097 
192 4 0 2196 1020 2432 2609 
193 4 0 2810 2155 614 767 
194 4 0 4290 2995 3161 2526 
195 4 0 1506 1153 2270 524 
196 4 0 209 390 870 871 
197 4 0 2329 828 1775 1988 
198 4 0 3516 533 4009 535 
199 4 0 3665 3384 1931 1611 
200 4 0 3430 484 2405 1123 
201 4 0 4435 3426 3764 371 
202 4 0 3732 1116 2090 2560 
203 4 0 828 4163 3669 2454 
204 4 0 138 112 4044 1110 
205 4 0 2669 44 3405 1137 
206 4 0 1296 262 2056 3747 
207 4 0 1997 2865 2707 1041 
208 4 0 3544 2145 1387 2788 
209 4 0 3010 1955 522 2251 
210 4 0 2470 1176 3138 1997 
211 4 0 623 4285 3731 3945 
212 4 0 1864 2859 1012 2757 
213 4 0 3700 4145 2366 3929 
214 4 0 974 2654 3929 968 
215 4 0 2660 2321 3083 491 
216 4 0 883 3497 2170 1073 
217 4 0 2049 4004 384 3795 
218 4 0 3156 2874 3391 2832 
219 4 0 3136 2510 1321 4286 
220 4 0 2283 3897 1776 384 
221 4 0 1605 2668 911 1174 
222 4 0 1286 3715 2706 3405 
223 4 0 4134 3050 1227 3695 
224 4 0 415 2124 2391 2814 
225 4 0 4475 699 183 2371 
226 4 0 3367 4237 386 3808 
227 4 0 1137 2403 28 3020 
228 4 0 1308 3607 3107 1158 
229 4 0 517 1977 1981 1397 
230 4 0 4404 3552 1302 2608 
231 4 0 3367 386 1009 4442 
232 4 0 2824 2439 356 3296 
233 4 0 2665 2380 2010 2108 
234 4 0 1584 2376 2151 3601 
235 4 0 3879 2763 3348 3507 
236 4 0 325 2592 335 3707 
237 4 0 1418 3921 4334 3979 
238 4 0 3148 4394 2438 2372 
239 4 0 2311 3166 3443 1329 
240 4 0 4248 1108 3464 3708 
241 4 0 216 904 1696 2386 
242 4 0 2479 3581 2348 2291 
243 4 0 781 518 1781 4114 
244 4 0 123 149 599 2570 
245 4 0 3151 4288 1626 2630 
246 4 0 2071 3602 1011 917 
247 4 0 869 582 3733 2623 
248 4 0 1808 1743 4334 1418 
249 4 0 840 2598 857 3451 
250 4 0 4043 3149 845 3291 
251 4 0 4358 2120 2694 503 
252 4 0 532 1216 3536 3906 
253 4 0 2790 1561 2910 894 
254 4 0 4151 3485 1944 3259 
255 4 0 4061 2804 4324 3784 
256 4 0 1618 3962 4145 2497 
257 4 0 519 1933 3772 3890 
258 4 0 1090 2852 416 1504 
259 4 0 3696 3917 4021 2858 
260 4 0 2551 295 304 436 
261 4 0 1198 3596 3691 2892 
262 4 0 2724 1639 3164 2987 
263 4 0 2889 671 1275 3324 
264 4 0 541 4384 2111 3554 
265 4 0 1214 579 2929 811 
266 4 0 4009 533 3516 1526 
267 4 0 3703 3112 3605 3437 
268 4 0 3898 3749 2145 568 
269 4 0 2677 2755 2378 2127 
270 4 0 200 520 909 2582 
271 4 0 1311 950 470 876 
272 4 0 391 3345 167 186 
273 4 0 5 865 3003 368 
274 4 0 400 1490 685 435 
275 4 0 3612 666 3379 1838 
276 4 0 4353 532 1093 1061 
277 4 0 1448 2249 1779 2628 
278 4 0 3752 4190 2781 601 
279 4 0 3388 2210 856 2559 
280 4 0 2680 3246 2290 2553 
281 4 0 3585 2083 2798 3323 
282 4 0 4461 3452 613 4510 
283 4 0 1531 1629 2285 4610 
284 4 0 3938 2519 1106 3496 
285 4 0 2484 548 936 3386 
286 4 0 1062 2004 2727 1148 
287 4 0 2253 1264 391 3015 
288 4 0 3755 4162 3146 3724 
289 4 0 448 817 2642 688 
290 4 0 2814 2355 2934 766 
291 4 0 625 2700 2193 1386 
292 4 0 2359 1016 1390 1732 
293 4 0 2528 3195 3870 2826 
294 4 0 1477 3470 2092 820 
295 4 0 4351 748 3822 3586 
296 4 0 2146 1412 2829 2334 
297 4 0 1633 2634 2551 2989 
298 4 0 1098 1522 3892 1579 
299 4 0 1376 537 3862 3843 
300 4 0 2491 4254 3174 1105 
301 4 0 2651 1321 3546 3067 
302 4 0 2829 2577 3785 2730 
303 4 0 56 2604 3405 2938 
304 4 0 574 1563 3564 1262 
305 4 0 2503 1003 1136 3313 
306 4 0 2115 3490 4603 2741 
307 4 0 3391 73 2874 3267 
308 4 0 1130 4209 2725 447 
309 4 0 1944 3139 880 3259 
310 4 0 589 2573 1121 3557 
311 4 0 576 2633 3829 1709 
312 4 0 2851 1273 2247 2389 
313 4 0 677 1105 2068 3717 
314 4 0 3115 408 466 1461 
315 4 0 2997 4056 3932 2444 
316 4 0 4280 3049 1320 3005 
317 4 0 2132 1462 675 2452 
318 4 0 4508 4173 2863 1307 
319 4 0 1405 409 3638 4524 
320 4 0 3465 3117 1233 3602 
321 4 0 2784 1872 152 2862 
322 4 0 3888 3122 473 3306 
323 4 0 439 3402 2524 3562 
324 4 0 468 3971 2772 1021 
325 4 0 3926 1678 986 1676 
326 4 0 2957 2767 2766 3895 
327 4 0 3741 3085 2939 1154 
328 4 0 3906 4108 1216 1147 
329 4 0 2071 3602 602 3949 
330 4 0 3956 2379 915 929 
331 4 0 3673 3413 3983 1881 
332 4 0 3971 1021 4586 2772 
333 4 0 4318 994 4444 4005 
334 4 0 3963 1352 1462 1438 
335 4 0 232 4606 2825 881 
336 4 0 2701 986 988 4131 
337 4 0 4097 1351 1884 2565 
338 4 0 2596 3450 1120 1664 
339 4 0 3835 522 1955 627 
340 4 0 1530 1532 219 508 
341 4 0 1885 742 1890 1884 
342 4 0 1753 1808 3984 1112 
343 4 0 610 406 3761 2653 
344 4 0 4286 4594 3136 3797 
345 4 0 4145 3929 3696 2654 
346 4 0 3214 2753 3269 2986 
347 4 0 178 1356 397 2562 
348 4 0 3597 2118 2246 444 
349 4 0 1043 3097 2272 1042 
350 4 0 2985 549 1319 3007 
351 4 0 4342 868 2878 1108 
352 4 0 1107 3239 1359 3531 
353 4 0 2618 1729 2454 4177 
354 4 0 4228 664 3209 1913 
355 4 0 3035 424 2691 3413 
356 4 0 3822 773 926 748 
357 4 0 1089 3664 1889 1088 
358 4 0 969 970 3073 968 
359 4 0 4475 1027 424 2778 
360 4 0 2974 1099 2274 3788 
361 4 0 1674 1054 3474 1673 
362 4 0 2134 2733 1246 3580 
363 4 0 4361 3330 1058 1063 
364 4 0 2662 4269 4506 3701 
365 4 0 4167 918 2876 919 
366 4 0 2999 1075 2991 3250 
367 4 0 3988 536 3516 3964 
368 4 0 1210 1076 891 4147 
369 4 0 624 1831 1386 4297 
370 4 0 2003 3127 4158 4058 
371 4 0 3353 1536 3826 2986 
372 4 0 1981 4028 1397 1348 
373 4 0 1428 3804 3897 1377 
374 4 0 4118 2836 799 3285 
375 4 0 968 3503 4145 3081 
376 4 0 2692 587 4521 954 
377 4 0 2895 3569 1834 2833 
378 4 0 1885 740 1890 742 
379 4 0 1076 3286 1065 2532 
380 4 0 967 210 4315 245 
381 4 0 3353 1192 1536 2986 
382 4 0 3301 4029 1700 780 
383 4 0 2184 1342 2695 441 
384 4 0 3724 3221 648 646 
385 4 0 3503 4145 2366 2497 
386 4 0 34 28 2970 3020 
387 4 0 4364 117 139 528 
388 4 0 2062 3941 847 3764 
389 4 0 3859 4220 630 1175 
390 4 0 2700 625 1598 1831 
391 4 0 3243 2328 294 303 
392 4 0 2077 4115 2063 585 
393 4 0 1442 3224 3920 2202 
394 4 0 3296 1199 3594 2281 
395 4 0 2126 3401 1994 2348 
396 4 0 1286 3405 2706 3542 
397 4 0 2290 1632 2553 1625 
398 4 0 2018 2515 377 2706 
399 4 0 444 3990 1327 2397 
400 4 0 2950 16 1542 1056 
401 4 0 1171 2929 2885 3674 
402 4 0 2165 3670 3500 2611 
403 4 0 4313 2860 2782 3017 
404 4 0 2216 1322 2329 2116 
405 4 0 773 1207 4348 1202 
406 4 0 1296 3511 1122 750 
407 4 0 14 2448 22 1451 
408 4 0 2580 2391 415 1006 
409 4 0 4063 3803 1192 2986 
410 4 0 2178 1108 569 1745 
411 4 0 1371 528 1485 3728 
412 4 0 3630 4391 3273 602 
413 4 0 36 4396 955 3880 
414 4 0 4036 1744 3616 3973 
415 4 0 2252 2233 2068 521 
416 4 0 122 1878 135 986 
417 4 0 3813 3435 1853 1794 
418 4 0 4423 4424 798 489 
419 4 0 617 1261 1552 1970 
420 4 0 463 1338 2176 452 
421 4 0 3303 2099 3275 1250 
422 4 0 1110 870 390 389 
423 4 0 2058 3544 684 2367 
424 4 0 684 3544 1260 2159 
425 4 0 3361 2162 499 1243 
426 4 0 2068 1081 3174 2599 
427 4 0 2520 431 432 639 
428 4 0 130 2562 1262 4454 
429 4 0 1393 3476 3747 4096 
430 4 0 1514 2503 2257 2037 
431 4 0 298 3230 3545 307 
432 4 0 4379 2037 2914 2300 
433 4 0 3821 1103 3687 3678 
434 4 0 2699 1628 3781 3297 
435 4 0 4162 3146 2546 645 
436 4 0 2309 627 2861 338 
437 4 0 221 196 2713 591 
438 4 0 167 876 783 877 
439 4 0 2104 954 2718 587 
440 4 0 1873 536 3784 2183 
441 4 0 791 1177 2195 2612 
442 4 0 3130 2796 1801 2000 
443 4 0 2744 2391 450 1319 
444 4 0 4169 2253 229 1297 
445 4 0 2820 2915 1511 2430 
446 4 0 1760 429 1098 430 
447 4 0 430 1098 1760 388 
448 4 0 1659 3493 3902 3685 
449 4 0 2756 2013 651 415 
450 4 0 2103 2838 1307 4609 
451 4 0 3678 1103 3687 1102 
452 4 0 558 2293 2016 2268 
453 4 0 237 2141 2977 2376 
454 4 0 2185 483 1246 2405 
455 4 0 708 2425 3577 4413 
456 4 0 1123 2405 3580 484 
457 4 0 953 3196 4208 412 
458 4 0 2623 582 2055 869 
459 4 0 2084 1577 2406 1641 
460 4 0 1778 1770 948 256 
461 4 0 2896 3110 2660 4265 
462 4 0 2603 410 2589 2114 
463 4 0 2885 3674 3760 1791 
464 4 0 1352 1929 3963 1340 
465 4 0 1593 1340 2132 1462 
466 4 0 1340 1989 2132 1462 
467 4 0 3931 2426 783 1360 
468 4 0 1290 439 1019 2794 
469 4 0 3536 1179 1240 532 
470 4 0 2279 2219 1979 2595 
471 4 0 2145 1425 4064 568 
472 4 0 2326 3138 1169 3628 
473 4 0 4271 1101 510 373 
474 4 0 3474 373 1673 1054 
475 4 0 510 1101 1054 373 
476 4 0 926 604 2456 2230 
477 4 0 2230 935 2456 926 
478 4 0 2230 2432 2196 3263 
479 4 0 747 2946 2315 773 
480 4 0 774 459 3536 2048 
481 4 0 201 520 1649 438 
482 4 0 465 555 409 2296 
483 4 0 3275 3303 3862 2099 
484 4 0 2058 1368 3837 1004 
485 4 0 2405 2185 2517 1308 
486 4 0 2042 2764 1253 1591 
487 4 0 558 2016 1713 2268 
488 4 0 488 558 1713 2268 
489 4 0 2606 2229 1757 2489 
490 4 0 1141 2165 591 1139 
491 4 0 152 2784 2480 124 
492 4 0 196 591 1141 2862 
493 4 0 2230 3174 2233 1182 
494 4 0 3046 2898 2401 437 
495 4 0 568 3361 2159 3370 
496 4 0 2625 774 1211 3662 
497 4 0 1247 2202 1123 422 
498 4 0 3677 3128 3568 4562 
499 4 0 4034 4562 3745 3128 
500 4 0 664 2211 531 2099 
501 4 0 466 3115 1391 742 
502 4 0 395 3508 1862 2792 
503 4 0 2218 1338 2974 2368 
504 4 0 2787 627 2251 1771 
505 4 0 617 1949 605 1709 
506 4 0 3205 2056 272 251 
507 4 0 4262 972 535 4009 
508 4 0 489 790 2433 1574 
509 4 0 2561 3707 2013 1963 
510 4 0 1550 2265 2305 1954 
511 4 0 2305 2265 1550 1739 
512 4 0 3413 2383 2773 674 
513 4 0 1610 1608 2632 1182 
514 4 0 1485 528 3273 3728 
515 4 0 2653 1954 2848 1187 
516 4 0 503 4358 4378 4101 
517 4 0 533 1243 958 388 
518 4 0 3661 2393 1997 1041 
519 4 0 313 2551 1633 304 
520 4 0 577 580 2250 416 
521 4 0 2132 2031 1766 1767 
522 4 0 1290 439 2761 3224 
523 4 0 1877 4222 2317 4312 
524 4 0 2577 2489 3021 2585 
525 4 0 1761 1760 388 430 
526 4 0 1546 3248 615 2094 
527 4 0 2887 2950 16 1542 
528 4 0 3241 2486 1152 901 
529 4 0 786 1971 417 2278 
530 4 0 410 2663 1959 418 
531 4 0 1737 2244 3175 4536 
532 4 0 2812 786 3 2 
533 4 0 786 3 2 2278 
534 4 0 3 1159 722 786 
535 4 0 1159 417 722 786 
536 4 0 786 417 722 2278 
537 4 0 1159 786 3 2812 
538 4 0 786 722 3 2278 
539 4 0 2219 2461 3546 1156 
540 4 0 3209 1913 664 2647 
541 4 0 1065 3536 1179 1240 
542 4 0 749 1210 1065 1240 
543 4 0 1843 3201 746 2121 
544 4 0 1845 1381 2025 2096 
545 4 0 621 906 1743 626 
546 4 0 1545 841 1845 825 
547 4 0 748 2456 501 926 
548 4 0 17 370 4376 8 
549 4 0 3474 3764 2044 2038 
550 4 0 2374 1511 4060 311 
551 4 0 1511 2191 2374 4060 
552 4 0 2063 686 2397 420 
553 4 0 2038 3474 3764 2130 
554 4 0 673 2120 1695 3559 
555 4 0 4548 2077 817 2642 
556 4 0 3559 1695 395 2120 
557 4 0 3635 686 2052 2392 
558 4 0 3635 1229 2052 686 
559 4 0 503 4358 4356 4378 
560 4 0 463 2253 452 3015 
561 4 0 622 2049 1776 3795 
562 4 0 4575 505 1996 1727 
563 4 0 1081 3717 2850 2316 
564 4 0 3375 4327 936 1185 
565 4 0 1550 2611 617 2165 
566 4 0 1185 3587 936 766 
567 4 0 3386 3375 936 1185 
568 4 0 1185 3587 4327 936 
569 4 0 1185 766 936 3386 
570 4 0 725 3863 724 467 
571 4 0 751 1792 4462 4041 
572 4 0 4577 731 4113 3455 
573 4 0 651 1030 3691 2892 
574 4 0 3902 3997 3348 3879 
575 4 0 2477 1968 2106 363 
576 4 0 833 2275 3858 826 
577 4 0 993 4033 588 833 
578 4 0 826 1988 588 833 
579 4 0 829 936 1288 2041 
580 4 0 1200 3501 2733 422 
581 4 0 337 2834 965 349 
582 4 0 829 936 2041 2484 
583 4 0 399 508 1013 1664 
584 4 0 1664 399 3450 1119 
585 4 0 6 826 2187 402 
586 4 0 1976 2838 3101 2397 
587 4 0 3101 2103 2397 2838 
588 4 0 3101 2838 1555 1556 
589 4 0 1556 3101 2838 2103 
590 4 0 3101 1952 2103 1556 
591 4 0 1556 651 1952 2103 
592 4 0 829 936 2484 4516 
593 4 0 936 1150 4516 829 
594 4 0 496 2005 2098 538 
595 4 0 1640 1557 1569 367 
596 4 0 4172 1076 2637 1222 
597 4 0 919 585 2063 4115 
598 4 0 2125 583 2623 363 
599 4 0 531 2865 2172 2099 
600 4 0 1768 843 2660 3309 
601 4 0 2077 686 2815 2837 
602 4 0 1845 1578 3409 2096 
603 4 0 984 2776 672 634 
604 4 0 4594 3418 3797 3794 
605 4 0 1546 714 3627 2094 
606 4 0 2094 2074 3627 1546 
607 4 0 2236 2297 769 434 
608 4 0 2723 3886 2338 2128 
609 4 0 506 418 1951 2250 
610 4 0 1090 418 506 2250 
611 4 0 506 2501 2250 1951 
612 4 0 694 2257 1845 2096 
613 4 0 455 1209 2194 1344 
614 4 0 2194 1344 2567 455 
615 4 0 2659 697 3314 3322 
616 4 0 2212 1108 2570 2178 
617 4 0 2974 3840 2218 2368 
618 4 0 550 2416 4291 1469 
619 4 0 1061 4360 1216 532 
620 4 0 2813 3546 2219 2461 
621 4 0 2195 1574 2433 1177 
622 4 0 1061 532 1240 4353 
623 4 0 2177 2553 1625 2248 
624 4 0 2996 1014 3670 2611 
625 4 0 983 984 2410 564 
626 4 0 2713 591 2862 2165 
627 4 0 1318 1547 2305 2590 
628 4 0 1318 1547 2590 2860 
629 4 0 3017 2860 1547 1318 
630 4 0 2120 395 394 3986 
631 4 0 3986 1695 2120 395 
632 4 0 4222 2164 4312 1364 
633 4 0 3063 1182 3466 3174 
634 4 0 1554 2662 2734 605 
635 4 0 1004 4064 3837 2058 
636 4 0 3330 1078 2441 521 
637 4 0 2682 2247 3109 2352 
638 4 0 3694 3152 467 2808 
639 4 0 2951 3648 1566 371 
640 4 0 2756 1006 415 2124 
641 4 0 3511 4280 2142 2102 
642 4 0 459 2217 3231 2144 
643 4 0 1505 2213 2676 2795 
644 4 0 2676 1505 2795 3855 
645 4 0 2174 1252 401 2967 
646 4 0 2213 2134 2795 1328 
647 4 0 2795 2733 2134 3085 
648 4 0 1886 2565 1885 1884 
649 4 0 2499 3006 893 3857 
650 4 0 3641 2067 1255 2081 
651 4 0 2192 3461 3617 1358 
652 4 0 1084 1712 1719 2006 
653 4 0 2572 2472 553 2539 
654 4 0 1527 2233 1092 378 
655 4 0 2233 2111 1092 378 
656 4 0 585 2088 2077 1238 
657 4 0 1554 2053 605 2622 
658 4 0 665 420 919 1764 
659 4 0 825 841 1381 3248 
660 4 0 3154 841 2025 2887 
661 4 0 4111 772 3838 2100 
662 4 0 3838 2564 3006 2100 
663 4 0 1256 2041 1314 2003 
664 4 0 1625 1632 2553 2177 
665 4 0 749 748 501 2910 
666 4 0 3766 443 934 835 
667 4 0 835 443 934 1314 
668 4 0 439 2524 3402 3224 
669 4 0 687 2524 439 3224 
670 4 0 3296 2070 2680 1275 
671 4 0 532 1179 1240 2456 
672 4 0 1401 1398 3196 756 
673 4 0 1412 526 2496 2314 
674 4 0 412 956 953 1401 
675 4 0 2961 2641 1841 2138 
676 4 0 336 822 346 1275 
677 4 0 1987 618 380 1023 
678 4 0 2307 1067 1740 2734 
679 4 0 1016 3347 2915 2131 
680 4 0 3347 1016 2915 2417 
681 4 0 812 3347 2430 2417 
682 4 0 4131 1973 428 3823 
683 4 0 3560 4301 3178 4137 
684 4 0 756 3196 1401 4538 
685 4 0 3968 1766 1423 1593 
686 4 0 3236 1766 1423 3968 
687 4 0 221 2713 196 1309 
688 4 0 760 2053 4564 4331 
689 4 0 2417 1016 2915 2311 
690 4 0 4565 2617 3479 766 
691 4 0 376 4178 4428 1234 
692 4 0 885 1704 2375 1196 
693 4 0 1959 2663 410 2133 
694 4 0 930 4548 585 4115 
695 4 0 20 30 4059 2286 
696 4 0 925 1294 2063 4115 
697 4 0 1077 600 2343 1078 
698 4 0 1255 6 2060 3170 
699 4 0 3213 1255 6 2060 
700 4 0 3770 522 629 419 
701 4 0 1550 2983 2265 1954 
702 4 0 1294 3853 1902 2063 
703 4 0 377 848 4185 2515 
704 4 0 1177 2195 2181 2433 
705 4 0 2181 600 2223 2441 
706 4 0 665 1294 2063 3853 
707 4 0 2236 769 4104 4602 
708 4 0 2645 2441 2181 368 
709 4 0 3732 2751 3748 3048 
710 4 0 3734 4299 3946 3852 
711 4 0 420 3539 585 1016 
712 4 0 1321 1156 728 2254 
713 4 0 2826 2314 2496 2194 
714 4 0 1209 2826 2194 2797 
715 4 0 2745 420 2078 2052 
716 4 0 2810 2116 3203 461 
717 4 0 4035 4463 4260 592 
718 4 0 4291 4180 2246 3597 
719 4 0 1625 2634 1924 2551 
720 4 0 4600 2779 1512 4601 
721 4 0 465 2179 1084 464 
722 4 0 613 396 1591 2139 
723 4 0 1591 2218 2139 396 
724 4 0 2139 3452 396 2218 
725 4 0 2885 2501 1556 651 
726 4 0 1983 1993 2931 2251 
727 4 0 1764 3179 665 1257 
728 4 0 1257 3179 2175 1764 
729 4 0 1257 1334 2175 3179 
730 4 0 665 3179 3477 1257 
731 4 0 3796 2052 686 2392 
732 4 0 951 2695 470 873 
733 4 0 439 1707 3309 1735 
734 4 0 873 950 470 951 
735 4 0 877 876 950 949 
736 4 0 2142 2383 1992 1385 
737 4 0 410 3558 3521 3839 
738 4 0 1258 2182 1292 2994 
739 4 0 1843 3474 2572 2206 
740 4 0 2159 2559 2739 2406 
741 4 0 2037 1583 3075 500 
742 4 0 2967 401 3372 2668 
743 4 0 1583 500 2037 2428 
744 4 0 1543 686 3635 2900 
745 4 0 1333 2411 460 463 
746 4 0 796 3582 76 3715 
747 4 0 521 2441 2628 677 
748 4 0 489 2908 3278 4423 
749 4 0 1682 2150 2993 2009 
750 4 0 3248 4200 637 805 
751 4 0 420 3796 2052 686 
752 4 0 2077 686 2397 2063 
753 4 0 2328 2430 2820 1511 
754 4 0 2301 1158 3519 3107 
755 4 0 303 2328 2820 1511 
756 4 0 806 380 616 1367 
757 4 0 1238 1976 2088 2077 
758 4 0 1582 2510 3261 2327 
759 4 0 3261 4213 2510 1582 
760 4 0 749 2217 459 2144 
761 4 0 1557 3827 676 4465 
762 4 0 1510 415 2391 2814 
763 4 0 2087 3743 1751 2568 
764 4 0 826 588 3858 833 
765 4 0 588 4033 3858 833 
766 4 0 3297 589 2075 943 
767 4 0 943 2117 3297 2468 
768 4 0 1652 3039 2468 2922 
769 4 0 588 834 3858 4033 
770 4 0 2053 2150 1682 443 
771 4 0 2546 3146 1175 645 
772 4 0 1495 3070 435 4580 
773 4 0 3755 645 1175 3146 
774 4 0 354 1722 549 450 
775 4 0 1722 2661 360 354 
776 4 0 1722 549 3783 2661 
777 4 0 686 2063 2745 420 
778 4 0 1229 2745 686 2063 
779 4 0 3029 1557 1569 1640 
780 4 0 3201 2564 373 1843 
781 4 0 1412 4587 1604 526 
782 4 0 1955 2787 2251 2055 
783 4 0 1988 826 588 6 
784 4 0 1986 2438 2079 606 
785 4 0 826 6 3858 588 
786 4 0 2233 2111 2632 1092 
787 4 0 2233 1092 2632 1527 
788 4 0 1577 2084 1549 3923 
789 4 0 3466 1577 376 3063 
790 4 0 3017 2860 1318 3306 
791 4 0 2217 3318 1318 3306 
792 4 0 865 1448 3003 2249 
793 4 0 200 909 520 179 
794 4 0 4191 4284 1308 3258 
795 4 0 1247 2266 1308 2761 
796 4 0 2266 1373 1308 2761 
797 4 0 2338 2128 3886 2949 
798 4 0 443 3858 2187 1256 
799 4 0 2505 2011 81 1761 
800 4 0 1550 1552 2611 2152 
801 4 0 926 378 2252 2946 
802 4 0 983 2186 564 3257 
803 4 0 2892 1198 1030 3691 
804 4 0 838 2908 856 2210 
805 4 0 1067 1988 3050 2307 
806 4 0 2408 2124 3809 2885 
807 4 0 2484 2885 2124 2107 
808 4 0 3546 2651 2955 2926 
809 4 0 2764 1253 2225 3213 
810 4 0 3786 4413 2615 3577 
811 4 0 3657 550 3016 4327 
812 4 0 821 3065 379 3034 
813 4 0 3657 550 3629 3016 
814 4 0 1589 2078 3096 588 
815 4 0 1067 588 3096 3050 
816 4 0 131 3605 3437 106 
817 4 0 2596 3257 3437 2387 
818 4 0 588 3096 442 1067 
819 4 0 2165 393 2862 940 
820 4 0 686 2745 2052 420 
821 4 0 3314 2055 1955 2194 
822 4 0 3614 3194 1866 1867 
823 4 0 3546 2310 2955 978 
824 4 0 2041 1640 1314 2119 
825 4 0 1979 82 1018 2279 
826 4 0 1181 431 641 2520 
827 4 0 401 1757 2136 3109 
828 4 0 3796 1589 4247 4058 
829 4 0 1958 603 864 437 
830 4 0 3298 2272 1914 1043 
831 4 0 1446 143 1969 2340 
832 4 0 3918 447 2498 3195 
833 4 0 1286 2706 2758 2515 
834 4 0 377 2378 4185 848 
835 4 0 2787 3314 1955 2226 
836 4 0 4187 3634 4148 3723 
837 4 0 2794 1023 477 2112 
838 4 0 3050 425 2271 2307 
839 4 0 1553 2734 1730 2271 
840 4 0 2271 2734 1730 2244 
841 4 0 3050 1988 588 6 
842 4 0 3795 4004 661 1478 
843 4 0 725 2328 2430 2820 
844 4 0 1783 166 2858 874 
845 4 0 2920 1011 2859 917 
846 4 0 1222 891 1076 2637 
847 4 0 4206 402 826 1988 
848 4 0 2743 832 402 4206 
849 4 0 1252 2668 401 2967 
850 4 0 394 3986 395 2152 
851 4 0 665 2745 420 1257 
852 4 0 2063 2745 420 665 
853 4 0 665 3477 2745 1257 
854 4 0 4502 394 214 192 
855 4 0 1251 2717 3427 398 
856 4 0 749 2144 1200 2910 
857 4 0 2089 2758 377 2658 
858 4 0 2714 2437 2385 1251 
859 4 0 1065 1076 1210 749 
860 4 0 3958 519 4559 3772 
861 4 0 167 949 3345 876 
862 4 0 1572 1566 371 2951 
863 4 0 2173 843 383 2043 
864 4 0 875 792 863 3008 
865 4 0 463 2373 1190 441 
866 4 0 3767 3665 1611 519 
867 4 0 876 470 863 950 
868 4 0 2614 4541 2588 4183 
869 4 0 2569 3084 791 1576 
870 4 0 876 877 863 783 
871 4 0 2887 2540 1542 16 
872 4 0 2549 1215 3141 2585 
873 4 0 2106 2661 4325 3849 
874 4 0 3141 2549 2768 1215 
875 4 0 2496 1412 1332 3510 
876 4 0 153 503 394 4356 
877 4 0 1979 82 3267 1018 
878 4 0 3156 2538 855 2097 
879 4 0 515 503 394 153 
880 4 0 2063 420 919 665 
881 4 0 2307 2734 2271 3050 
882 4 0 3932 3286 2434 4172 
883 4 0 3092 1011 2605 396 
884 4 0 1012 2859 3092 396 
885 4 0 2456 532 2809 1093 
886 4 0 379 1123 2409 484 
887 4 0 2008 2925 3547 1755 
888 4 0 12 370 8 4376 
889 4 0 2204 589 586 2692 
890 4 0 2524 3224 687 1249 
891 4 0 2106 2182 1292 1258 
892 4 0 1093 4360 532 2809 
893 4 0 2374 2915 2811 2191 
894 4 0 2155 3506 767 1588 
895 4 0 2106 2391 2284 1292 
896 4 0 3922 3455 441 2695 
897 4 0 820 4550 3729 322 
898 4 0 864 3663 2909 3608 
899 4 0 843 687 1768 2075 
900 4 0 1768 2075 3187 843 
901 4 0 940 2116 882 2454 
902 4 0 2121 3896 2572 2517 
903 4 0 2409 3318 2317 1545 
904 4 0 2953 3195 2736 1412 
905 4 0 940 1322 2116 2454 
906 4 0 4115 2077 2063 925 
907 4 0 1124 310 300 4558 
908 4 0 379 2409 2317 3571 
909 4 0 1169 2326 1328 2084 
910 4 0 606 3630 2004 2079 
911 4 0 1938 1240 1216 1065 
912 4 0 1647 3474 2062 1674 
913 4 0 651 1556 2885 3320 
914 4 0 1152 902 3241 901 
915 4 0 2758 1848 2089 1573 
916 4 0 2397 444 3539 420 
917 4 0 3765 2244 1730 3512 
918 4 0 1730 3765 1555 2244 
919 4 0 2089 3980 1019 2224 
920 4 0 2089 3980 2224 2595 
921 4 0 2390 854 1843 2206 
922 4 0 1098 638 430 429 
923 4 0 1216 1183 3536 1147 
924 4 0 2512 1567 1565 3048 
925 4 0 3145 2809 862 3118 
926 4 0 3906 3536 1147 1216 
927 4 0 573 2133 3046 507 
928 4 0 3017 3231 3306 3318 
929 4 0 3913 2171 2000 3152 
930 4 0 3913 455 2171 3152 
931 4 0 4026 4462 1792 1431 
932 4 0 1182 3263 1549 1839 
933 4 0 2139 2274 4510 3832 
934 4 0 3050 1665 1974 425 
935 4 0 419 522 1993 3770 
936 4 0 875 1413 792 3008 
937 4 0 1996 2152 2921 505 
938 4 0 2921 2152 1970 2525 
939 4 0 3717 2357 3461 3061 
940 4 0 3717 2357 2850 3461 
941 4 0 909 201 438 520 
942 4 0 450 2284 549 2391 
943 4 0 1132 909 793 2582 
944 4 0 2829 647 2334 1412 
945 4 0 2504 1221 3537 3932 
946 4 0 2829 3021 966 2577 
947 4 0 1486 3512 1730 884 
948 4 0 583 918 1968 2125 
949 4 0 3785 2730 649 650 
950 4 0 911 2668 438 1649 
951 4 0 2797 414 3852 3734 
952 4 0 948 1770 1769 256 
953 4 0 2988 3347 2088 2430 
954 4 0 410 3521 3484 2663 
955 4 0 2820 2430 280 2915 
956 4 0 428 1565 2512 3151 
957 4 0 2730 1412 3510 2485 
958 4 0 4383 3148 4108 4360 
959 4 0 2572 2044 2517 2038 
960 4 0 496 2733 422 1249 
961 4 0 2411 400 435 460 
962 4 0 1640 3029 2458 1570 
963 4 0 1490 2040 400 4093 
964 4 0 367 1455 2267 1568 
965 4 0 2970 2697 1056 1578 
966 4 0 1569 367 2267 1568 
967 4 0 2356 3280 2732 3105 
968 4 0 2356 3082 2971 2732 
969 4 0 2356 3280 3935 3082 
970 4 0 2941 2206 1566 854 
971 4 0 2926 2254 2219 3546 
972 4 0 2900 1918 2704 1491 
973 4 0 82 1979 2224 2279 
974 4 0 2197 1130 2736 2953 
975 4 0 2197 2953 3357 1130 
976 4 0 1200 1076 2144 749 
977 4 0 362 504 2452 2029 
978 4 0 1065 891 1210 1076 
979 4 0 1076 1210 749 4147 
980 4 0 1999 1813 1632 281 
981 4 0 855 3156 2097 2655 
982 4 0 982 2655 3156 855 
983 4 0 3633 3579 4305 3881 
984 4 0 3239 1919 2193 1502 
985 4 0 3239 2519 2193 1919 
986 4 0 651 3691 2019 2103 
987 4 0 1952 2019 651 2250 
988 4 0 3361 2159 2017 568 
989 4 0 3978 2692 928 589 
990 4 0 2017 2162 3361 1243 
991 4 0 1625 2177 2248 3394 
992 4 0 2204 2541 3978 2692 
993 4 0 2556 2177 1625 3394 
994 4 0 2019 2561 3619 3691 
995 4 0 415 1030 3691 651 
996 4 0 2581 1023 4410 706 
997 4 0 2204 4166 589 3978 
998 4 0 4166 586 2204 589 
999 4 0 3461 3617 2357 2192 
1000 4 0 2037 2300 1587 2428 
1001 4 0 4479 3513 3943 3913 
1002 4 0 4479 3513 3947 3943 
1003 4 0 3104 1611 1758 1792 
1004 4 0 1076 3286 3924 2144 
1005 4 0 1076 3924 4172 2637 
1006 4 0 2206 3474 2113 1566 
1007 4 0 3461 3061 2357 3617 
1008 4 0 1016 918 3304 2311 
1009 4 0 4172 3924 2434 2637 
1010 4 0 3145 862 3335 2115 
1011 4 0 862 3490 3335 2115 
1012 4 0 1182 2230 1984 2196 
1013 4 0 925 686 2077 2063 
1014 4 0 4115 2815 2077 925 
1015 4 0 2391 2436 2106 4325 
1016 4 0 2749 1852 3445 2621 
1017 4 0 1489 1715 1714 638 
1018 4 0 1061 532 1216 1240 
1019 4 0 485 1170 538 1353 
1020 4 0 3760 1950 1556 1951 
1021 4 0 538 4432 1170 642 
1022 4 0 1318 2590 2305 2949 
1023 4 0 2706 2758 1573 3715 
1024 4 0 1573 3715 2758 796 
1025 4 0 2723 2128 2039 3886 
1026 4 0 1229 686 2745 2052 
1027 4 0 681 535 623 813 
1028 4 0 2857 3165 2061 2457 
1029 4 0 2036 4494 1010 217 
1030 4 0 2475 3393 2725 899 
1031 4 0 2001 2678 399 508 
1032 4 0 2417 2191 2311 2915 
1033 4 0 1222 891 2532 1076 
1034 4 0 1065 891 1076 2532 
1035 4 0 454 2176 1623 2967 
1036 4 0 2532 1065 891 4294 
1037 4 0 664 387 2172 531 
1038 4 0 1257 420 3026 2745 
1039 4 0 465 3161 2179 2336 
1040 4 0 3180 4170 4388 3468 
1041 4 0 1044 3370 3448 1942 
1042 4 0 3480 3286 459 1911 
1043 4 0 1962 2915 280 2131 
1044 4 0 3501 672 2767 422 
1045 4 0 2733 3501 2767 422 
1046 4 0 1721 516 4502 1741 
1047 4 0 2065 984 2776 1911 
1048 4 0 2036 239 696 1457 
1049 4 0 3086 1010 2105 4583 
1050 4 0 2356 802 3726 1954 
1051 4 0 3381 4401 4426 2746 
1052 4 0 2356 802 2090 3726 
1053 4 0 2692 928 589 943 
1054 4 0 2197 3595 2736 2336 
1055 4 0 2736 3595 4226 2336 
1056 4 0 2063 665 4261 2745 
1057 4 0 3853 4261 1902 2063 
1058 4 0 2063 3853 4261 665 
1059 4 0 2190 2485 3221 2730 
1060 4 0 2036 613 217 1010 
1061 4 0 217 4460 1010 613 
1062 4 0 3367 1763 2023 386 
1063 4 0 140 2120 673 560 
1064 4 0 4377 2163 2096 3409 
1065 4 0 138 1110 163 4335 
1066 4 0 4459 1025 3340 3457 
1067 4 0 3938 3461 2192 1358 
1068 4 0 2417 1511 2191 2915 
1069 4 0 2589 1950 2114 864 
1070 4 0 864 1949 3955 1950 
1071 4 0 3474 2130 2038 2113 
1072 4 0 794 644 401 793 
1073 4 0 200 1133 3959 1212 
1074 4 0 1990 2261 1080 1714 
1075 4 0 2909 1970 1949 864 
1076 4 0 1556 885 1950 2929 
1077 4 0 1131 1834 3743 2895 
1078 4 0 426 1869 3866 3316 
1079 4 0 501 2456 1179 926 
1080 4 0 426 4271 373 1869 
1081 4 0 2668 2967 1252 2218 
1082 4 0 2300 2037 1587 3478 
1083 4 0 2601 398 1251 2614 
1084 4 0 1291 398 1251 2601 
1085 4 0 4073 2141 1548 2164 
1086 4 0 2505 1990 1761 388 
1087 4 0 1317 1990 3435 3328 
1088 4 0 2630 1768 1689 1565 
1089 4 0 1689 1768 687 1565 
1090 4 0 3309 1768 687 1689 
1091 4 0 1869 3316 426 4271 
1092 4 0 3435 1317 2505 1990 
1093 4 0 1371 1485 2447 3728 
1094 4 0 1735 3378 2240 853 
1095 4 0 613 941 396 1011 
1096 4 0 1918 2837 1543 2900 
1097 4 0 686 2837 2900 1543 
1098 4 0 643 2113 1272 1576 
1099 4 0 1606 1443 504 3664 
1100 4 0 1563 1262 130 530 
1101 4 0 672 422 3382 2234 
1102 4 0 2640 1557 2267 1569 
1103 4 0 2665 2234 3382 2108 
1104 4 0 2660 2321 1331 3187 
1105 4 0 1727 505 1996 2921 
1106 4 0 3688 1789 2842 1996 
1107 4 0 1996 1727 2921 1724 
1108 4 0 3721 847 3791 3941 
1109 4 0 417 1156 2219 728 
1110 4 0 2458 3029 507 1570 
1111 4 0 3729 1955 2808 2787 
1112 4 0 2092 2808 3729 1955 
1113 4 0 3732 1117 2651 981 
1114 4 0 2562 1591 2714 1010 
1115 4 0 2562 941 1402 1591 
1116 4 0 2836 3628 3148 3285 
1117 4 0 4507 3619 2947 2415 
1118 4 0 1383 1016 2947 4507 
1119 4 0 3578 3011 1990 2261 
1120 4 0 2915 2374 280 2820 
1121 4 0 1990 1080 2346 1714 
1122 4 0 2254 728 1321 611 
1123 4 0 3303 536 3119 2865 
1124 4 0 613 3140 1591 1010 
1125 4 0 613 2139 1591 3140 
1126 4 0 432 1513 639 1717 
1127 4 0 2847 2993 2150 2085 
1128 4 0 1920 815 3178 584 
1129 4 0 3001 543 1142 516 
1130 4 0 1958 3256 1842 1957 
1131 4 0 2876 1764 918 582 
1132 4 0 3176 1357 2109 4437 
1133 4 0 2109 3378 1357 3176 
1134 4 0 1958 2207 2525 1842 
1135 4 0 2207 3986 2525 1842 
1136 4 0 1142 3001 516 394 
1137 4 0 1595 204 1652 3039 
1138 4 0 4589 204 1595 3039 
1139 4 0 4129 4038 4048 3816 
1140 4 0 1555 2392 2215 2244 
1141 4 0 1261 2150 605 2085 
1142 4 0 698 2220 704 387 
1143 4 0 2839 3231 1123 2144 
1144 4 0 2617 4332 651 2484 
1145 4 0 559 499 958 3516 
1146 4 0 496 538 2098 2562 
1147 4 0 2776 485 672 634 
1148 4 0 3564 2065 1402 2776 
1149 4 0 1992 1756 2142 1385 
1150 4 0 1249 422 2202 1247 
1151 4 0 2191 4074 583 2295 
1152 4 0 1982 2458 507 1570 
1153 4 0 140 2120 2932 673 
1154 4 0 1982 778 1570 507 
1155 4 0 3070 3346 2411 1338 
1156 4 0 971 2796 2000 1972 
1157 4 0 1706 405 2905 1827 
1158 4 0 3153 2195 3805 521 
1159 4 0 3333 2503 3313 3478 
1160 4 0 3403 2080 1135 2511 
1161 4 0 704 387 3157 4448 
1162 4 0 3317 1341 4202 2585 
1163 4 0 1843 854 3474 2206 
1164 4 0 1510 2561 415 562 
1165 4 0 3691 2467 2561 2394 
1166 4 0 1333 2212 463 460 
1167 4 0 1378 3891 974 3804 
1168 4 0 2226 3152 3599 1955 
1169 4 0 2617 651 4332 1030 
1170 4 0 410 2114 418 864 
1171 4 0 4288 1315 2896 3151 
1172 4 0 2601 4080 2001 1291 
1173 4 0 2614 2001 2601 4080 
1174 4 0 508 2001 1186 4080 
1175 4 0 4294 2532 3536 3725 
1176 4 0 4445 1267 375 3837 
1177 4 0 1545 380 825 2503 
1178 4 0 1293 1199 1292 2281 
1179 4 0 1292 1199 2284 2281 
1180 4 0 4294 3725 3536 1183 
1181 4 0 1293 3262 1292 1199 
1182 4 0 4294 3536 1065 1216 
1183 4 0 4294 1065 3536 2532 
1184 4 0 1011 3086 613 2105 
1185 4 0 1452 2479 2350 1019 
1186 4 0 1130 899 2725 4209 
1187 4 0 4485 1130 4209 899 
1188 4 0 3147 2765 2088 448 
1189 4 0 1238 3147 2088 448 
1190 4 0 675 2029 2452 504 
1191 4 0 672 2767 422 496 
1192 4 0 2515 1286 2706 3542 
1193 4 0 1624 3466 3923 1641 
1194 4 0 576 3810 3829 2633 
1195 4 0 507 1982 778 2576 
1196 4 0 1707 2511 439 1331 
1197 4 0 2397 2077 2088 1976 
1198 4 0 2392 2397 1976 686 
1199 4 0 1555 2838 3101 1976 
1200 4 0 3574 1672 1158 2093 
1201 4 0 4291 3597 2246 1469 
1202 4 0 2794 2266 1373 3791 
1203 4 0 1015 516 543 1014 
1204 4 0 2063 420 585 919 
1205 4 0 2255 3889 1718 1717 
1206 4 0 2036 4510 613 2139 
1207 4 0 396 3452 613 1011 
1208 4 0 983 398 2186 2596 
1209 4 0 1603 2345 2880 2398 
1210 4 0 1250 2272 2222 2172 
1211 4 0 2225 2714 2927 3213 
1212 4 0 2225 1253 2714 3213 
1213 4 0 1960 1999 1632 2200 
1214 4 0 3140 2764 1591 2225 
1215 4 0 1250 664 2272 2172 
1216 4 0 3544 2017 1260 2159 
1217 4 0 2058 1259 1260 2017 
1218 4 0 1245 3721 2018 3764 
1219 4 0 1245 2266 2018 377 
1220 4 0 4424 838 489 4423 
1221 4 0 581 4018 1978 2073 
1222 4 0 1321 1514 1156 3075 
1223 4 0 1749 2151 3732 3136 
1224 4 0 397 2714 2437 2280 
1225 4 0 1117 3136 1749 3732 
1226 4 0 2560 3732 1117 1749 
1227 4 0 2645 4402 1533 3030 
1228 4 0 1904 526 2175 2334 
1229 4 0 2572 2517 483 1244 
1230 4 0 2424 4018 1978 581 
1231 4 0 1904 1601 526 2334 
1232 4 0 2173 2410 564 2075 
1233 4 0 148 783 1360 128 
1234 4 0 2999 1939 1817 1006 
1235 4 0 2891 2009 2601 2001 
1236 4 0 2891 2601 2614 2001 
1237 4 0 4547 812 2417 3618 
1238 4 0 2172 387 1184 531 
1239 4 0 3286 672 1911 2776 
1240 4 0 2162 2159 2739 2406 
1241 4 0 1229 2052 2745 1540 
1242 4 0 1201 2512 2117 449 
1243 4 0 984 2776 634 2065 
1244 4 0 1288 1968 3597 3282 
1245 4 0 3304 2416 1968 3597 
1246 4 0 3304 2416 2311 1968 
1247 4 0 1098 3578 430 638 
1248 4 0 1098 3868 430 3578 
1249 4 0 1190 3346 454 2176 
1250 4 0 1199 2284 2391 1292 
1251 4 0 1030 2617 415 761 
1252 4 0 1016 3347 585 4303 
1253 4 0 3346 454 2176 3585 
1254 4 0 1606 504 362 2029 
1255 4 0 2291 2516 3033 2877 
1256 4 0 1986 3630 2079 2727 
1257 4 0 2217 2409 1123 2910 
1258 4 0 859 2210 838 856 
1259 4 0 1044 856 2210 859 
1260 4 0 2739 4450 1045 3965 
1261 4 0 2096 3409 1845 694 
1262 4 0 694 1845 1159 3409 
1263 4 0 2201 2961 2104 4090 
1264 4 0 2078 3096 2052 1589 
1265 4 0 1563 3564 530 2776 
1266 4 0 2758 3715 2706 1286 
1267 4 0 2217 2144 749 2910 
1268 4 0 2521 2325 1286 2758 
1269 4 0 501 749 2456 748 
1270 4 0 1571 3192 2140 1293 
1271 4 0 2087 3743 2568 258 
1272 4 0 2916 3213 2060 1255 
1273 4 0 2087 3743 258 1834 
1274 4 0 3796 2052 3096 1589 
1275 4 0 2078 2052 420 1589 
1276 4 0 2052 3096 2078 3331 
1277 4 0 1777 4004 1285 1513 
1278 4 0 1905 4191 3224 4153 
1279 4 0 372 1975 1753 920 
1280 4 0 3260 2776 672 3286 
1281 4 0 485 2776 672 3260 
1282 4 0 3435 388 2505 1241 
1283 4 0 4025 4037 4014 4419 
1284 4 0 4416 4395 535 813 
1285 4 0 4416 4395 4262 535 
1286 4 0 1184 2562 941 1402 
1287 4 0 618 380 2412 2269 
1288 4 0 2303 2034 2787 3054 
1289 4 0 1402 2065 564 634 
1290 4 0 1542 2025 1248 2887 
1291 4 0 1248 2025 841 2887 
1292 4 0 2525 2909 1635 3608 
1293 4 0 4383 2809 4360 1093 
1294 4 0 4152 3357 4484 900 
1295 4 0 827 1494 3856 4485 
1296 4 0 726 724 467 725 
1297 4 0 726 2808 467 724 
1298 4 0 1059 4365 1527 3220 
1299 4 0 392 2155 461 460 
1300 4 0 2152 515 1991 394 
1301 4 0 1550 515 1551 2152 
1302 4 0 4356 394 176 165 
1303 4 0 394 2120 165 4356 
1304 4 0 503 2120 394 4356 
1305 4 0 279 2293 3925 860 
1306 4 0 279 860 1998 2293 
1307 4 0 3732 802 611 2151 
1308 4 0 1992 1756 1385 1575 
1309 4 0 4351 1060 3822 4348 
1310 4 0 2561 1963 2013 2019 
1311 4 0 2019 1963 2013 1813 
1312 4 0 1255 3170 2060 2916 
1313 4 0 2229 143 1759 1983 
1314 4 0 3026 1589 4058 1256 
1315 4 0 4549 2903 816 1665 
1316 4 0 1202 4352 773 2946 
1317 4 0 2334 2175 1983 2229 
1318 4 0 1983 143 2488 4017 
1319 4 0 816 2903 445 1665 
1320 4 0 2301 1158 1643 3519 
1321 4 0 3135 584 425 2905 
1322 4 0 1766 421 1423 1765 
1323 4 0 2237 421 1766 1765 
1324 4 0 3236 421 1423 1766 
1325 4 0 3902 3879 3348 3507 
1326 4 0 2398 2880 3270 2818 
1327 4 0 1557 1640 3775 3827 
1328 4 0 2398 2880 2818 2345 
1329 4 0 1640 1557 3775 2458 
1330 4 0 3888 459 3306 2380 
1331 4 0 1982 2458 1570 1640 
1332 4 0 4281 2872 710 2541 
1333 4 0 1255 2081 2067 3026 
1334 4 0 2397 3101 1976 2088 
1335 4 0 585 2397 2077 2088 
1336 4 0 1546 616 615 825 
1337 4 0 615 1546 825 3248 
1338 4 0 825 3248 1546 841 
1339 4 0 1545 825 1546 841 
1340 4 0 1857 3428 1440 407 
1341 4 0 1248 3678 3163 2540 
1342 4 0 2146 1412 2067 2730 
1343 4 0 2730 2485 3362 1412 
1344 4 0 3152 3242 2567 4171 
1345 4 0 1554 605 2053 884 
1346 4 0 626 1079 3653 1857 
1347 4 0 3152 2567 1955 4171 
1348 4 0 4171 2567 1955 1900 
1349 4 0 2829 2334 2229 2146 
1350 4 0 1299 3345 876 441 
1351 4 0 1299 441 876 2389 
1352 4 0 2640 1557 1569 3029 
1353 4 0 1557 3424 2458 3379 
1354 4 0 2458 3029 1557 2640 
1355 4 0 4381 3615 3617 3061 
1356 4 0 2233 604 378 926 
1357 4 0 1462 1989 2132 675 
1358 4 0 1490 224 1495 435 
1359 4 0 2568 3743 670 258 
1360 4 0 1490 2040 252 224 
1361 4 0 2764 1253 3213 2720 
1362 4 0 1827 1190 463 3346 
1363 4 0 1190 2176 454 2965 
1364 4 0 2176 1190 2373 2965 
1365 4 0 2392 3796 3765 2397 
1366 4 0 367 1557 2578 1851 
1367 4 0 3575 1690 2561 1031 
1368 4 0 1056 2537 1542 2025 
1369 4 0 2950 1056 1542 2025 
1370 4 0 3326 3378 1707 2080 
1371 4 0 3326 3378 2080 2020 
1372 4 0 2820 2374 311 1511 
1373 4 0 1591 3140 2974 1623 
1374 4 0 1078 457 3330 2199 
1375 4 0 1255 1256 6 3026 
1376 4 0 600 3330 2343 1078 
1377 4 0 2240 1735 3326 3378 
1378 4 0 2573 2387 1291 399 
1379 4 0 1958 3608 2525 2961 
1380 4 0 2525 2961 2207 1958 
1381 4 0 2950 16 27 636 
1382 4 0 2012 404 1084 2371 
1383 4 0 3016 550 1469 829 
1384 4 0 773 748 484 501 
1385 4 0 3969 2968 1338 452 
1386 4 0 367 1569 1640 1568 
1387 4 0 749 1179 1240 1065 
1388 4 0 1938 4344 1240 1210 
1389 4 0 2575 3546 4223 2461 
1390 4 0 2575 980 4223 3546 
1391 4 0 562 2561 415 2467 
1392 4 0 2456 2331 2809 935 
1393 4 0 2475 2826 1209 2797 
1394 4 0 2432 458 2809 935 
1395 4 0 532 935 1179 2456 
1396 4 0 2130 2018 3764 1245 
1397 4 0 1749 3887 3136 4277 
1398 4 0 2038 3764 1245 2130 
1399 4 0 2320 2448 2154 1079 
1400 4 0 3653 2448 2320 1079 
1401 4 0 3773 1748 4098 3280 
1402 4 0 439 2198 687 1452 
1403 4 0 2489 2136 3633 1175 
1404 4 0 2268 558 675 488 
1405 4 0 1955 2931 1983 2194 
1406 4 0 1983 2175 1993 2229 
1407 4 0 2229 1983 1759 1993 
1408 4 0 936 2182 550 1288 
1409 4 0 3587 550 936 2182 
1410 4 0 1040 706 618 1023 
1411 4 0 3587 2182 936 2124 
1412 4 0 3102 2926 2813 2322 
1413 4 0 3817 2553 1632 2852 
1414 4 0 3102 2595 2461 2219 
1415 4 0 2224 3102 2595 2461 
1416 4 0 4603 2795 3490 3335 
1417 4 0 2254 2219 3102 2926 
1418 4 0 819 1474 1095 1412 
1419 4 0 819 1412 1095 650 
1420 4 0 515 3001 394 2152 
1421 4 0 3250 2140 1293 1292 
1422 4 0 2284 2106 2477 3783 
1423 4 0 2811 2819 2915 280 
1424 4 0 1416 618 380 2412 
1425 4 0 2272 2222 2435 1250 
1426 4 0 1187 2848 2265 1954 
1427 4 0 2848 1547 2511 2782 
1428 4 0 1018 2812 2097 3 
1429 4 0 1255 1254 2714 6 
1430 4 0 1255 6 2714 3213 
1431 4 0 1993 1778 256 1770 
1432 4 0 2075 3257 564 2186 
1433 4 0 2156 813 2975 681 
1434 4 0 3382 2144 2839 422 
1435 4 0 948 1778 256 3384 
1436 4 0 1142 197 176 394 
1437 4 0 1735 2260 3748 2709 
1438 4 0 2173 687 843 2075 
1439 4 0 3751 2176 454 3133 
1440 4 0 2572 2113 2038 1244 
1441 4 0 4525 3056 2238 2336 
1442 4 0 488 558 675 1989 
1443 4 0 3663 2401 3379 437 
1444 4 0 1958 864 3608 437 
1445 4 0 1550 2671 2152 2611 
1446 4 0 520 1012 4491 1649 
1447 4 0 2411 1338 3346 463 
1448 4 0 501 2217 2910 2409 
1449 4 0 3140 1591 2714 2225 
1450 4 0 3075 2575 2418 4053 
1451 4 0 2023 3429 994 2008 
1452 4 0 851 4438 2667 1627 
1453 4 0 2458 2640 507 3029 
1454 4 0 507 3588 2133 2458 
1455 4 0 2295 2191 328 4060 
1456 4 0 1254 402 2187 2601 
1457 4 0 319 4060 328 2191 
1458 4 0 1101 1869 373 4271 
1459 4 0 1591 2714 1402 2562 
1460 4 0 2277 3328 1788 3952 
1461 4 0 1672 510 3080 4271 
1462 4 0 573 1960 2663 2576 
1463 4 0 1960 2663 2576 3817 
1464 4 0 165 2120 140 4354 
1465 4 0 165 4356 2120 4354 
1466 4 0 344 1797 831 3783 
1467 4 0 3336 2767 4207 2766 
1468 4 0 4207 2767 4201 1157 
1469 4 0 2073 1978 519 2796 
1470 4 0 3419 4066 2553 2248 
1471 4 0 3419 2553 2852 2177 
1472 4 0 2557 605 2271 2170 
1473 4 0 3497 2557 2271 2170 
1474 4 0 2170 2271 3497 2734 
1475 4 0 605 2271 2734 1554 
1476 4 0 4264 4091 1751 3144 
1477 4 0 3986 4091 1751 4264 
1478 4 0 2927 2588 2205 828 
1479 4 0 3161 4542 4543 4290 
1480 4 0 2635 2251 2787 2055 
1481 4 0 2635 2787 3054 2055 
1482 4 0 1307 1034 2863 3320 
1483 4 0 3054 2635 2055 869 
1484 4 0 1291 928 2387 2573 
1485 4 0 2146 2067 1412 2175 
1486 4 0 2892 1034 1307 3320 
1487 4 0 1556 1307 2838 2863 
1488 4 0 2922 943 2468 2117 
1489 4 0 4131 449 2922 2117 
1490 4 0 1606 2029 675 504 
1491 4 0 410 3839 418 506 
1492 4 0 3557 2742 146 4166 
1493 4 0 2237 1439 2006 2031 
1494 4 0 506 3434 410 3839 
1495 4 0 1844 1915 2091 96 
1496 4 0 3280 3683 2770 1844 
1497 4 0 2251 1772 2125 2635 
1498 4 0 558 675 1989 1462 
1499 4 0 1259 1241 3837 3435 
1500 4 0 1512 387 2222 2272 
1501 4 0 3362 2485 2736 1412 
1502 4 0 1598 2700 1831 4089 
1503 4 0 2742 3557 146 132 
1504 4 0 1771 1180 1993 1770 
1505 4 0 1993 1778 1770 1180 
1506 4 0 1182 381 541 1839 
1507 4 0 2039 2128 2723 715 
1508 4 0 2969 3023 1676 3823 
1509 4 0 2542 3896 2572 4235 
1510 4 0 1391 1712 2031 488 
1511 4 0 1245 1373 3791 2044 
1512 4 0 1512 387 664 3209 
1513 4 0 3580 422 1123 1200 
1514 4 0 3004 4211 4197 1155 
1515 4 0 4197 4211 3004 2530 
1516 4 0 231 4091 2597 4164 
1517 4 0 1771 2635 1772 2251 
1518 4 0 1065 1938 1210 4294 
1519 4 0 606 995 3630 2451 
1520 4 0 4366 772 746 3226 
1521 4 0 2296 555 466 1084 
1522 4 0 774 2079 2048 3536 
1523 4 0 1065 891 4294 1210 
1524 4 0 2212 3630 2570 2372 
1525 4 0 1065 1216 1938 4294 
1526 4 0 2910 748 4386 749 
1527 4 0 1758 3812 1759 1593 
1528 4 0 2601 2001 2009 1291 
1529 4 0 1550 1739 2165 940 
1530 4 0 1568 1851 1640 367 
1531 4 0 2401 437 864 1959 
1532 4 0 346 3296 1275 822 
1533 4 0 750 1296 215 1122 
1534 4 0 3523 2763 679 2691 
1535 4 0 1949 1709 617 1970 
1536 4 0 1290 2794 2761 439 
1537 4 0 1290 2266 2761 2794 
1538 4 0 361 2030 1275 822 
1539 4 0 1987 2479 439 1019 
1540 4 0 994 3429 3073 2008 
1541 4 0 496 2562 1184 1402 
1542 4 0 116 4098 560 2482 
1543 4 0 2482 4098 93 116 
1544 4 0 410 864 418 1959 
1545 4 0 672 2144 3286 1911 
1546 4 0 429 3892 1098 1799 
1547 4 0 941 1512 1184 2222 
1548 4 0 941 3097 1512 2222 
1549 4 0 3286 2776 3480 3260 
1550 4 0 3046 1959 2401 2133 
1551 4 0 582 1764 918 2125 
1552 4 0 582 1764 2287 2876 
1553 4 0 1764 582 2055 2125 
1554 4 0 1682 1851 1557 1640 
1555 4 0 2668 1605 911 3372 
1556 4 0 911 438 3372 793 
1557 4 0 1010 2562 2105 178 
1558 4 0 397 2562 1010 178 
1559 4 0 3739 2090 2356 2751 
1560 4 0 2208 3927 4553 1904 
1561 4 0 496 2005 2733 1249 
1562 4 0 3047 2578 4464 1396 
1563 4 0 2578 3047 4464 1943 
1564 4 0 2813 2926 2109 2322 
1565 4 0 2813 1994 2198 3176 
1566 4 0 2109 2198 2813 2322 
1567 4 0 2326 1549 2084 3923 
1568 4 0 2326 1549 1328 2084 
1569 4 0 1813 1632 1960 1999 
1570 4 0 1960 1813 2852 1632 
1571 4 0 1993 1759 256 1778 
1572 4 0 1759 1983 1778 1993 
1573 4 0 3646 2515 2706 3542 
1574 4 0 1249 2733 422 1247 
1575 4 0 3405 1286 2163 3542 
1576 4 0 1911 984 672 2665 
1577 4 0 2628 2441 2154 677 
1578 4 0 2154 2628 2249 2441 
1579 4 0 984 2234 672 2665 
1580 4 0 672 2665 2380 1911 
1581 4 0 1593 1281 2340 2229 
1582 4 0 2614 2714 2385 1251 
1583 4 0 402 2187 2891 2586 
1584 4 0 2009 2891 2187 2586 
1585 4 0 1317 2346 1990 366 
1586 4 0 1317 407 2346 366 
1587 4 0 3531 824 3482 2708 
1588 4 0 681 3950 623 535 
1589 4 0 2512 1768 3297 3151 
1590 4 0 1367 616 1876 1877 
1591 4 0 418 1090 416 2250 
1592 4 0 1876 616 716 1877 
1593 4 0 2582 793 1132 628 
1594 4 0 438 911 909 793 
1595 4 0 769 461 460 392 
1596 4 0 965 2834 358 349 
1597 4 0 965 2834 419 358 
1598 4 0 2100 4347 3330 3377 
1599 4 0 457 2100 3551 3330 
1600 4 0 2577 913 966 914 
1601 4 0 3004 2767 4211 2766 
1602 4 0 3664 1462 675 558 
1603 4 0 2030 1275 2290 2070 
1604 4 0 1976 2392 686 2900 
1605 4 0 2107 2124 2041 1292 
1606 4 0 2107 2484 2041 2124 
1607 4 0 2994 2124 1292 2041 
1608 4 0 1951 506 2603 410 
1609 4 0 1951 410 2603 2114 
1610 4 0 2097 1159 2655 417 
1611 4 0 200 520 3959 179 
1612 4 0 2572 2270 2113 1244 
1613 4 0 28 1002 17 3020 
1614 4 0 458 1986 2372 532 
1615 4 0 2691 3408 441 2763 
1616 4 0 790 2159 2210 1942 
1617 4 0 1245 3721 2044 3791 
1618 4 0 1257 2188 3026 420 
1619 4 0 1851 1682 2009 443 
1620 4 0 3020 34 28 1137 
1621 4 0 2293 860 1606 1443 
1622 4 0 3664 1606 1443 558 
1623 4 0 1934 519 1909 3884 
1624 4 0 2152 4502 394 3986 
1625 4 0 2480 1139 2165 1141 
1626 4 0 2986 4063 3803 1236 
1627 4 0 394 214 192 1694 
1628 4 0 2405 2517 3614 1158 
1629 4 0 1328 3241 1244 2054 
1630 4 0 687 1768 3309 843 
1631 4 0 1512 3209 664 1042 
1632 4 0 1042 1512 2272 664 
1633 4 0 407 1317 2346 1 
1634 4 0 524 2270 643 2113 
1635 4 0 20 655 2286 4059 
1636 4 0 2261 1714 1489 1080 
1637 4 0 421 1992 1423 1765 
1638 4 0 722 2097 3 3024 
1639 4 0 2097 1159 722 3 
1640 4 0 2231 917 2071 2209 
1641 4 0 1550 2671 515 2152 
1642 4 0 2796 2000 1972 1801 
1643 4 0 3628 3022 538 2976 
1644 4 0 3585 1623 454 2176 
1645 4 0 2834 1180 349 683 
1646 4 0 2392 3635 2900 3096 
1647 4 0 2392 3635 3096 2052 
1648 4 0 2197 2475 259 2171 
1649 4 0 2492 2174 2136 401 
1650 4 0 2185 1245 2044 1308 
1651 4 0 644 401 3133 2492 
1652 4 0 1252 401 1757 2174 
1653 4 0 2185 1245 1308 2266 
1654 4 0 3791 1373 847 2044 
1655 4 0 600 1077 2441 1078 
1656 4 0 2044 3764 1245 2038 
1657 4 0 501 2217 1179 749 
1658 4 0 2015 476 2065 3814 
1659 4 0 581 4322 1978 3338 
1660 4 0 728 1514 1321 611 
1661 4 0 4589 2600 2729 4599 
1662 4 0 3743 4599 3134 4589 
1663 4 0 445 1974 365 2666 
1664 4 0 1006 2580 2391 1199 
1665 4 0 1236 433 1763 1456 
1666 4 0 1456 433 156 1236 
1667 4 0 1314 1640 1851 443 
1668 4 0 443 1682 1640 1851 
1669 4 0 1640 2119 1682 443 
1670 4 0 1336 2349 2491 2370 
1671 4 0 2009 443 1314 1851 
1672 4 0 3084 1576 2569 3235 
1673 4 0 1314 2119 1640 443 
1674 4 0 279 2293 2285 3925 
1675 4 0 2293 279 2298 1998 
1676 4 0 1322 2329 2271 425 
1677 4 0 2293 2298 468 1998 
1678 4 0 2326 3556 3923 2084 
1679 4 0 2285 3925 2293 1531 
1680 4 0 928 2075 1291 2387 
1681 4 0 2653 2511 2848 1954 
1682 4 0 1169 3628 1328 2326 
1683 4 0 2850 3515 1908 2192 
1684 4 0 6 402 1254 2588 
1685 4 0 402 2588 2614 1254 
1686 4 0 6 2588 2714 2927 
1687 4 0 2903 4301 3178 3560 
1688 4 0 545 3625 1780 2586 
1689 4 0 2074 2199 3163 3006 
1690 4 0 3006 2199 2564 2074 
1691 4 0 1843 3163 3006 2074 
1692 4 0 2284 1199 2391 450 
1693 4 0 507 2458 3046 2640 
1694 4 0 1554 605 617 1949 
1695 4 0 458 935 1986 532 
1696 4 0 1238 2088 827 448 
1697 4 0 3955 864 2909 1949 
1698 4 0 3576 4324 3615 2975 
1699 4 0 2242 3955 3663 3844 
1700 4 0 3576 4324 2975 4061 
1701 4 0 1334 2067 3283 3026 
1702 4 0 3663 864 2909 3955 
1703 4 0 2782 1547 2511 3017 
1704 4 0 3105 1551 2694 1991 
1705 4 0 1999 1632 2200 281 
1706 4 0 3913 3943 1580 3513 
1707 4 0 1983 1993 2175 2931 
1708 4 0 1843 2390 1220 369 
1709 4 0 1078 3330 369 2199 
1710 4 0 440 2424 3338 2802 
1711 4 0 3260 4011 485 2776 
1712 4 0 370 1578 3409 2697 
1713 4 0 1556 885 1553 1950 
1714 4 0 1730 884 2662 1553 
1715 4 0 926 2456 1179 935 
1716 4 0 1851 367 1557 1640 
1717 4 0 1782 2016 1822 1531 
1718 4 0 558 2735 2016 2293 
1719 4 0 3662 3536 774 1211 
1720 4 0 2417 812 4547 2430 
1721 4 0 2524 2202 3224 1249 
1722 4 0 2729 3743 4589 4599 
1723 4 0 2729 4471 4599 2600 
1724 4 0 1919 2184 2426 1264 
1725 4 0 2270 483 1244 2572 
1726 4 0 2441 3330 601 600 
1727 4 0 1550 1552 617 2611 
1728 4 0 2317 1548 1545 3318 
1729 4 0 616 2317 1545 3571 
1730 4 0 2838 1730 1555 1556 
1731 4 0 1950 1214 3457 3340 
1732 4 0 2589 1950 3457 2603 
1733 4 0 665 2021 1294 3853 
1734 4 0 3853 665 2021 2893 
1735 4 0 2171 2475 2988 1209 
1736 4 0 2475 2826 2988 1209 
1737 4 0 2212 463 1264 1333 
1738 4 0 3085 4197 2939 2676 
1739 4 0 1156 2254 3546 2219 
1740 4 0 2179 183 555 1084 
1741 4 0 2219 728 1156 2254 
1742 4 0 538 3895 1157 2767 
1743 4 0 1498 483 1558 2405 
1744 4 0 1653 2636 3899 681 
1745 4 0 1606 3664 675 558 
1746 4 0 2515 1572 2706 2018 
1747 4 0 393 4189 2723 4372 
1748 4 0 2515 3646 2706 1572 
1749 4 0 1992 421 2383 1765 
1750 4 0 1290 439 687 1452 
1751 4 0 3378 1994 2198 439 
1752 4 0 1290 439 1452 1019 
1753 4 0 3378 1994 3176 2198 
1754 4 0 2197 2736 2171 465 
1755 4 0 3378 2126 3176 1994 
1756 4 0 1851 2692 943 928 
1757 4 0 1994 3581 2479 439 
1758 4 0 3015 1299 4523 2851 
1759 4 0 1777 2255 1717 3889 
1760 4 0 3898 1743 3613 1995 
1761 4 0 1995 3613 1753 1743 
1762 4 0 4164 2597 3936 1751 
1763 4 0 1606 558 2268 2293 
1764 4 0 919 420 918 1764 
1765 4 0 2393 536 1997 2865 
1766 4 0 1255 2081 2078 3170 
1767 4 0 541 1839 3263 1182 
1768 4 0 1322 3000 2557 2329 
1769 4 0 1443 1606 2293 558 
1770 4 0 2329 3497 2166 2557 
1771 4 0 1391 2347 1713 558 
1772 4 0 488 1391 1713 558 
1773 4 0 2576 778 1276 3445 
1774 4 0 778 3192 1276 3445 
1775 4 0 1764 919 665 2876 
1776 4 0 2307 1988 3818 1067 
1777 4 0 1216 1061 1147 4360 
1778 4 0 2307 4242 1740 1067 
1779 4 0 790 1271 1574 2159 
1780 4 0 772 457 2552 2564 
1781 4 0 2194 3599 1209 455 
1782 4 0 1276 1960 2070 778 
1783 4 0 2576 1960 1276 778 
1784 4 0 2963 1051 3950 536 
1785 4 0 3694 2000 3129 3130 
1786 4 0 2733 3004 3085 2795 
1787 4 0 1975 1653 681 2636 
1788 4 0 555 2526 3685 2179 
1789 4 0 3578 3994 2261 638 
1790 4 0 3300 1575 421 3341 
1791 4 0 1575 1423 421 1992 
1792 4 0 4359 3938 867 2192 
1793 4 0 2599 1908 1984 3365 
1794 4 0 1483 2526 2768 2549 
1795 4 0 897 3070 4580 3358 
1796 4 0 3358 4580 435 3070 
1797 4 0 2180 2319 4267 1204 
1798 4 0 2885 651 3809 2501 
1799 4 0 1771 627 2251 419 
1800 4 0 1799 638 3578 1098 
1801 4 0 1970 1261 1552 2921 
1802 4 0 1552 1261 1996 2921 
1803 4 0 2097 417 722 1159 
1804 4 0 396 2605 3092 3452 
1805 4 0 396 2859 3092 1011 
1806 4 0 1080 1990 3011 2261 
1807 4 0 4351 4581 3586 3822 
1808 4 0 4349 2100 1064 1059 
1809 4 0 1936 2315 2946 1202 
1810 4 0 1202 2315 2946 773 
1811 4 0 4063 4038 1236 2986 
1812 4 0 3146 1175 2489 3317 
1813 4 0 748 749 4136 4386 
1814 4 0 1591 1252 2967 2218 
1815 4 0 1463 1178 4613 1386 
1816 4 0 1591 2174 2042 2967 
1817 4 0 1245 3721 3764 2044 
1818 4 0 1502 2184 385 2426 
1819 4 0 2216 2329 1322 425 
1820 4 0 559 2162 499 534 
1821 4 0 559 534 536 2183 
1822 4 0 2162 559 2183 534 
1823 4 0 2162 534 2183 3272 
1824 4 0 3516 559 499 534 
1825 4 0 3035 1005 1471 3413 
1826 4 0 2517 2044 2121 3080 
1827 4 0 1209 2171 2797 414 
1828 4 0 1751 4091 1841 3144 
1829 4 0 3511 2102 1320 4280 
1830 4 0 4073 2164 1548 2412 
1831 4 0 1238 686 2900 1976 
1832 4 0 928 2678 1291 2085 
1833 4 0 1238 827 1976 2900 
1834 4 0 2170 1073 2557 4002 
1835 4 0 1254 2187 402 6 
1836 4 0 402 2588 6 1988 
1837 4 0 634 485 496 1402 
1838 4 0 1402 485 496 2562 
1839 4 0 1324 536 559 3516 
1840 4 0 1324 3516 958 1007 
1841 4 0 1324 958 559 1250 
1842 4 0 1994 2126 2348 3378 
1843 4 0 796 1848 3391 2758 
1844 4 0 687 1689 1565 1735 
1845 4 0 4331 4564 764 2053 
1846 4 0 2034 2064 1771 2635 
1847 4 0 3280 2732 3082 2356 
1848 4 0 1294 2063 919 665 
1849 4 0 2005 2134 1244 1328 
1850 4 0 3102 2461 2813 2219 
1851 4 0 2224 3102 2813 2322 
1852 4 0 2892 1198 1035 1030 
1853 4 0 2246 829 1469 1288 
1854 4 0 2301 3574 1643 1158 
1855 4 0 1158 3574 1643 2153 
1856 4 0 3302 2598 3138 2470 
1857 4 0 3683 3280 3105 2732 
1858 4 0 2120 395 3559 1991 
1859 4 0 439 2269 2877 1987 
1860 4 0 1542 2887 1248 2540 
1861 4 0 460 2116 2155 461 
1862 4 0 439 618 2269 1987 
1863 4 0 375 1579 3868 388 
1864 4 0 829 550 1469 1288 
1865 4 0 2173 383 1249 634 
1866 4 0 829 936 550 1288 
1867 4 0 1006 1292 2391 2124 
1868 4 0 2124 1292 2107 1006 
1869 4 0 1292 3262 1006 1199 
1870 4 0 1006 1199 2391 1292 
1871 4 0 3968 1593 518 1340 
1872 4 0 675 504 1462 3664 
1873 4 0 2066 3043 2964 2833 
1874 4 0 2121 770 3857 2499 
1875 4 0 1937 3545 1963 2683 
1876 4 0 2220 387 1184 3157 
1877 4 0 835 1314 2003 1256 
1878 4 0 1929 1340 1928 1781 
1879 4 0 3760 1950 2929 1556 
1880 4 0 638 3578 3994 1799 
1881 4 0 1475 2567 3376 2194 
1882 4 0 1475 2194 1209 1344 
1883 4 0 1344 4239 455 1209 
1884 4 0 414 1209 4239 1820 
1885 4 0 3158 588 4255 442 
1886 4 0 2296 2047 1461 409 
1887 4 0 3830 1218 2390 1220 
1888 4 0 1141 591 2165 2862 
1889 4 0 388 3837 1241 3435 
1890 4 0 375 3977 1807 3837 
1891 4 0 3230 3545 3707 1963 
1892 4 0 3236 1437 3300 421 
1893 4 0 2019 2103 3691 2359 
1894 4 0 2011 1 2346 1317 
1895 4 0 3489 918 582 2876 
1896 4 0 1559 3564 1563 2776 
1897 4 0 461 2128 2338 2949 
1898 4 0 3009 1318 3886 2949 
1899 4 0 2285 2293 2298 468 
1900 4 0 468 2016 971 1782 
1901 4 0 2776 4011 1563 1559 
1902 4 0 2285 279 2298 2293 
1903 4 0 2049 2184 1609 2858 
1904 4 0 468 2016 1782 1531 
1905 4 0 468 2016 1531 2293 
1906 4 0 534 813 2156 3613 
1907 4 0 2195 2270 643 524 
1908 4 0 371 3474 2130 3764 
1909 4 0 2130 2018 371 3764 
1910 4 0 524 2270 2113 2572 
1911 4 0 1813 2250 418 416 
1912 4 0 217 2036 1457 239 
1913 4 0 2053 885 2711 2929 
1914 4 0 4494 217 2036 1457 
1915 4 0 1961 1690 514 2561 
1916 4 0 2075 943 589 928 
1917 4 0 217 2036 239 1650 
1918 4 0 1281 1593 2606 2229 
1919 4 0 121 575 3814 3861 
1920 4 0 1690 1031 514 2561 
1921 4 0 2031 3236 2565 3968 
1922 4 0 2565 2031 3968 1989 
1923 4 0 589 943 3297 2468 
1924 4 0 1423 1953 3236 3968 
1925 4 0 2572 3474 2044 2038 
1926 4 0 407 2286 366 1317 
1927 4 0 1772 2064 3366 2635 
1928 4 0 2635 2055 869 2623 
1929 4 0 749 4386 1200 4147 
1930 4 0 1440 3428 556 407 
1931 4 0 3247 1892 1984 2082 
1932 4 0 1368 68 1268 62 
1933 4 0 3330 4347 1058 4345 
1934 4 0 2284 549 1722 450 
1935 4 0 2284 549 3783 1722 
1936 4 0 971 2047 2000 2796 
1937 4 0 1206 4389 746 2998 
1938 4 0 1760 3892 429 1181 
1939 4 0 2998 746 3522 4389 
1940 4 0 3378 2198 2109 1735 
1941 4 0 466 2371 408 2012 
1942 4 0 2614 1251 2385 3427 
1943 4 0 3226 772 746 3838 
1944 4 0 3587 2416 550 2182 
1945 4 0 1370 1333 2050 1372 
1946 4 0 2298 468 727 2285 
1947 4 0 1794 1519 57 3435 
1948 4 0 2163 2096 3409 1578 
1949 4 0 3020 370 2970 1578 
1950 4 0 1056 2697 2537 1578 
1951 4 0 1579 3892 4441 1855 
1952 4 0 1521 1855 3892 1522 
1953 4 0 2285 2293 468 1531 
1954 4 0 2714 2927 2385 2280 
1955 4 0 1244 2270 2113 2054 
1956 4 0 4440 1528 3073 994 
1957 4 0 329 2923 1690 450 
1958 4 0 1827 1190 3346 454 
1959 4 0 4383 4390 3916 3148 
1960 4 0 862 3148 3916 4390 
1961 4 0 1245 2044 1308 1373 
1962 4 0 896 1221 3480 895 
1963 4 0 4094 771 2776 1559 
1964 4 0 449 2512 2117 4131 
1965 4 0 727 468 1972 1021 
1966 4 0 442 1589 3096 588 
1967 4 0 816 4301 815 2903 
1968 4 0 2005 2733 1246 2134 
1969 4 0 986 3823 4131 3926 
1970 4 0 1244 2005 1246 2134 
1971 4 0 1960 2200 1632 2070 
1972 4 0 367 2267 2578 1557 
1973 4 0 1593 518 1953 3968 
1974 4 0 727 1629 468 1021 
1975 4 0 1557 2578 3379 2267 
1976 4 0 2081 3283 2067 3026 
1977 4 0 2128 461 393 2305 
1978 4 0 4152 3697 2952 3357 
1979 4 0 3845 1540 2052 1229 
1980 4 0 3635 1229 1228 2052 
1981 4 0 2404 3213 3089 2916 
1982 4 0 1391 1989 2565 1886 
1983 4 0 558 594 1462 1989 
1984 4 0 1989 558 594 1391 
1985 4 0 2430 280 467 725 
1986 4 0 128 3008 875 783 
1987 4 0 1443 558 2293 1710 
1988 4 0 164 2180 528 187 
1989 4 0 3118 2809 4390 1093 
1990 4 0 1446 555 409 3492 
1991 4 0 2150 2053 605 1780 
1992 4 0 2572 3474 2113 2206 
1993 4 0 994 3073 3993 2008 
1994 4 0 2008 3073 3993 3547 
1995 4 0 2113 3235 2206 2941 
1996 4 0 1360 2178 1453 2426 
1997 4 0 829 2246 1469 938 
1998 4 0 1746 2178 4343 4340 
1999 4 0 148 875 783 128 
2000 4 0 2367 626 1387 3898 
2001 4 0 3812 2452 1462 1593 
2002 4 0 781 1969 518 1281 
2003 4 0 4381 2358 2156 1104 
2004 4 0 1289 3347 3147 2765 
2005 4 0 1418 1995 1753 1743 
2006 4 0 1995 1857 626 1440 
2007 4 0 1259 2058 1368 3837 
2008 4 0 416 2333 2059 577 
2009 4 0 1771 419 1993 1180 
2010 4 0 1717 4004 382 1082 
2011 4 0 2727 2079 2048 774 
2012 4 0 1179 3536 459 2048 
2013 4 0 774 2048 2727 1911 
2014 4 0 1953 1863 1281 2606 
2015 4 0 770 3771 893 2499 
2016 4 0 3728 2411 460 1333 
2017 4 0 3947 1580 3943 3513 
2018 4 0 3958 2047 3953 519 
2019 4 0 651 2501 1556 1952 
2020 4 0 3568 3958 2047 413 
2021 4 0 3809 2250 580 2501 
2022 4 0 1990 1317 2505 2011 
2023 4 0 1990 366 3328 1317 
2024 4 0 4020 4338 3899 1384 
2025 4 0 3968 1340 1989 2132 
2026 4 0 3378 3581 1994 439 
2027 4 0 2252 2233 1527 378 
2028 4 0 2093 4256 3614 3194 
2029 4 0 4428 381 376 4431 
2030 4 0 2878 2032 2426 1502 
2031 4 0 3091 385 3188 2264 
2032 4 0 2008 2435 908 2222 
2033 4 0 1397 4028 3673 4078 
2034 4 0 1777 4237 1513 1285 
2035 4 0 658 1799 3910 1284 
2036 4 0 1239 4059 30 2286 
2037 4 0 1950 2622 2053 1554 
2038 4 0 2094 841 1546 3248 
2039 4 0 3398 566 2212 2878 
2040 4 0 2296 409 1461 555 
2041 4 0 3421 1178 4613 1463 
2042 4 0 1514 1156 1971 728 
2043 4 0 3304 3597 1968 918 
2044 4 0 4004 384 1082 2049 
2045 4 0 2049 2283 384 1082 
2046 4 0 1440 920 1418 1995 
2047 4 0 1753 1975 1995 920 
2048 4 0 425 1974 365 445 
2049 4 0 1308 2093 3258 1967 
2050 4 0 1565 2322 2109 2323 
2051 4 0 4284 1308 3258 1967 
2052 4 0 1951 410 2114 418 
2053 4 0 1338 1230 3585 597 
2054 4 0 1941 3911 3616 4109 
2055 4 0 2093 4124 3258 1967 
2056 4 0 4552 2886 4553 3376 
2057 4 0 2197 1827 365 405 
2058 4 0 3298 3097 2435 2272 
2059 4 0 4585 408 2371 3606 
2060 4 0 2177 1813 2369 2683 
2061 4 0 130 2562 157 2545 
2062 4 0 3713 382 1178 1716 
2063 4 0 157 2562 1151 2545 
2064 4 0 1986 2372 606 3630 
2065 4 0 2850 3717 1081 3491 
2066 4 0 1556 2892 651 2103 
2067 4 0 1986 460 3630 2727 
2068 4 0 1385 4463 517 592 
2069 4 0 2206 2472 2572 2539 
2070 4 0 1462 675 2452 504 
2071 4 0 940 3000 881 617 
2072 4 0 617 881 3062 3000 
2073 4 0 404 2006 1439 1084 
2074 4 0 3957 3000 3252 881 
2075 4 0 1080 556 407 1440 
2076 4 0 1082 1178 384 382 
2077 4 0 638 1744 431 429 
2078 4 0 926 2068 2233 2230 
2079 4 0 2043 3149 383 2992 
2080 4 0 604 2230 926 2233 
2081 4 0 2599 926 2230 2068 
2082 4 0 2599 935 2230 926 
2083 4 0 4203 3063 3611 1022 
2084 4 0 1851 1568 943 367 
2085 4 0 2387 2075 589 928 
2086 4 0 3839 3137 1090 2232 
2087 4 0 2945 3564 2364 2449 
2088 4 0 2019 2103 2359 3101 
2089 4 0 2977 2141 1548 4073 
2090 4 0 2297 392 769 434 
2091 4 0 434 3566 2297 392 
2092 4 0 994 1528 3073 3429 
2093 4 0 3152 3242 455 2567 
2094 4 0 970 1265 969 3073 
2095 4 0 1767 2029 2452 675 
2096 4 0 3242 3244 3152 455 
2097 4 0 3993 3547 1755 2008 
2098 4 0 3974 3294 3875 4037 
2099 4 0 3109 2841 3672 3344 
2100 4 0 3262 2281 1199 1293 
2101 4 0 3334 2757 2906 3157 
2102 4 0 2757 2906 3157 1512 
2103 4 0 426 3571 3866 716 
2104 4 0 1706 2083 4075 1623 
2105 4 0 2461 2224 3102 2813 
2106 4 0 3866 3571 426 3316 
2107 4 0 524 2195 1576 643 
2108 4 0 625 2193 624 1386 
2109 4 0 1446 1594 3568 4562 
2110 4 0 1623 4075 2798 2083 
2111 4 0 2537 2025 1056 1578 
2112 4 0 2229 2334 2340 143 
2113 4 0 1575 1756 3037 3692 
2114 4 0 1261 2085 605 3160 
2115 4 0 1792 3812 1758 2452 
2116 4 0 1098 3966 1517 1522 
2117 4 0 1517 3910 1799 1284 
2118 4 0 3398 566 3381 2212 
2119 4 0 458 2372 1986 2212 
2120 4 0 3398 3285 458 2212 
2121 4 0 1739 2265 4087 1363 
2122 4 0 2113 2941 1272 3235 
2123 4 0 2125 2251 2635 2055 
2124 4 0 1272 3235 2941 2569 
2125 4 0 1272 1576 3235 2569 
2126 4 0 556 407 366 1080 
2127 4 0 1080 3011 366 556 
2128 4 0 524 2113 1576 3235 
2129 4 0 1174 1649 911 238 
2130 4 0 2006 734 421 3673 
2131 4 0 3568 413 1461 1492 
2132 4 0 1959 3046 2401 437 
2133 4 0 2012 742 1391 2565 
2134 4 0 1121 4166 589 3557 
2135 4 0 382 639 1717 1716 
2136 4 0 371 2018 2515 3764 
2137 4 0 1291 2573 399 2678 
2138 4 0 500 2037 1086 3075 
2139 4 0 1258 1288 2188 3282 
2140 4 0 3755 2190 2042 454 
2141 4 0 3010 1778 1993 3770 
2142 4 0 1990 2261 1714 638 
2143 4 0 1146 1145 4004 384 
2144 4 0 3010 1778 2488 1983 
2145 4 0 3800 1782 2772 1645 
2146 4 0 2735 3603 1822 741 
2147 4 0 1600 4287 529 3897 
2148 4 0 409 2047 1461 3568 
2149 4 0 3205 2057 2056 251 
2150 4 0 2822 2057 3205 2958 
2151 4 0 755 3775 2458 956 
2152 4 0 2588 2714 2927 2385 
2153 4 0 3938 1300 2599 2636 
2154 4 0 1300 2599 3365 3938 
2155 4 0 2296 1461 971 1375 
2156 4 0 2622 2150 2053 605 
2157 4 0 3568 519 2047 3772 
2158 4 0 2776 3564 530 1402 
2159 4 0 2110 1205 4350 4111 
2160 4 0 4192 3667 1446 143 
2161 4 0 2929 2053 1950 1214 
2162 4 0 725 2430 3433 3863 
2163 4 0 1184 2005 2098 496 
2164 4 0 2929 811 3259 1214 
2165 4 0 1950 3340 2929 1214 
2166 4 0 941 2562 1011 613 
2167 4 0 4281 2204 2541 3978 
2168 4 0 2105 613 1011 2562 
2169 4 0 854 3066 3235 2206 
2170 4 0 3066 2206 854 2390 
2171 4 0 734 1437 3236 421 
2172 4 0 3838 4111 4217 772 
2173 4 0 917 1011 941 2562 
2174 4 0 3838 1205 4217 4111 
2175 4 0 2044 1158 1373 847 
2176 4 0 2044 1158 1308 1373 
2177 4 0 3519 1643 1373 1158 
2178 4 0 1080 366 2346 407 
2179 4 0 3748 1735 2709 2109 
2180 4 0 3226 772 3838 4217 
2181 4 0 638 1799 429 1098 
2182 4 0 2795 2733 2005 2134 
2183 4 0 2322 2109 2198 1565 
2184 4 0 1735 2198 2109 1565 
2185 4 0 2323 2109 3748 2709 
2186 4 0 2060 3050 6 1988 
2187 4 0 2307 425 2271 2329 
2188 4 0 425 2329 2903 584 
2189 4 0 3602 1184 2562 917 
2190 4 0 2098 2562 3602 1184 
2191 4 0 2640 3379 2898 437 
2192 4 0 2458 2898 3046 2640 
2193 4 0 2898 437 3046 2640 
2194 4 0 2470 1048 1046 2183 
2195 4 0 2107 1640 2041 2119 
2196 4 0 1591 2174 2967 1252 
2197 4 0 3367 3275 2715 2023 
2198 4 0 1144 3994 3911 1653 
2199 4 0 524 2572 2472 553 
2200 4 0 1634 4474 3115 4496 
2201 4 0 524 2113 2472 2572 
2202 4 0 1996 516 2611 2152 
2203 4 0 1996 4502 516 2152 
2204 4 0 2168 3178 2927 2205 
2205 4 0 4060 2191 2811 2477 
2206 4 0 2323 2109 2926 2322 
2207 4 0 1527 2252 2946 772 
2208 4 0 1969 518 1593 3812 
2209 4 0 1758 2452 3812 1593 
2210 4 0 1104 2357 4341 3717 
2211 4 0 2254 2926 2322 2323 
2212 4 0 1322 3000 2329 2454 
2213 4 0 866 4341 2357 3717 
2214 4 0 2525 1727 505 2641 
2215 4 0 1553 884 2662 1554 
2216 4 0 2525 1727 2641 2304 
2217 4 0 1727 505 2641 4264 
2218 4 0 2472 3235 524 609 
2219 4 0 2714 2225 2280 397 
2220 4 0 4264 1727 2304 2641 
2221 4 0 2280 2927 2225 2714 
2222 4 0 2030 436 1275 822 
2223 4 0 2551 281 436 2030 
2224 4 0 2796 2384 1801 1124 
2225 4 0 1929 3963 1340 4081 
2226 4 0 1972 2796 1801 1124 
2227 4 0 1242 2084 2054 1577 
2228 4 0 2974 1338 2218 2176 
2229 4 0 876 1310 949 3345 
2230 4 0 2974 3585 1338 2176 
2231 4 0 1182 2632 3466 2233 
2232 4 0 876 950 949 1310 
2233 4 0 1792 4041 1611 3812 
2234 4 0 2389 1311 876 1299 
2235 4 0 1758 1611 3812 1792 
2236 4 0 2858 873 1783 874 
2237 4 0 4254 1896 3174 563 
2238 4 0 2334 143 2229 1983 
2239 4 0 3020 2163 3409 1578 
2240 4 0 1527 3551 521 2252 
2241 4 0 2403 2163 3409 3020 
2242 4 0 2252 3551 521 457 
2243 4 0 1527 4111 2252 772 
2244 4 0 457 2252 4111 772 
2245 4 0 2742 132 146 492 
2246 4 0 2134 1498 1246 483 
2247 4 0 2214 3515 2850 3491 
2248 4 0 2159 2084 1242 2406 
2249 4 0 1005 2049 1609 861 
2250 4 0 2134 1246 1244 483 
2251 4 0 2197 2485 3697 2953 
2252 4 0 47 3399 35 2593 
2253 4 0 4310 2128 715 2723 
2254 4 0 715 4311 2128 4310 
2255 4 0 3341 517 1385 1397 
2256 4 0 734 421 3673 3341 
2257 4 0 3455 3922 729 2464 
2258 4 0 3617 3615 3461 3061 
2259 4 0 1979 82 2224 1848 
2260 4 0 1710 558 2293 2735 
2261 4 0 1606 558 675 2268 
2262 4 0 1606 504 675 3664 
2263 4 0 1249 2202 3224 1247 
2264 4 0 1905 4153 3224 2202 
2265 4 0 130 1262 1563 114 
2266 4 0 1248 841 3821 2887 
2267 4 0 529 2654 2283 2184 
2268 4 0 1248 841 2074 3821 
2269 4 0 861 1471 3368 1005 
2270 4 0 1192 1536 2986 3803 
2271 4 0 3331 1227 3050 3170 
2272 4 0 955 626 2367 3653 
2273 4 0 2475 1130 2736 2197 
2274 4 0 2457 2078 3283 2081 
2275 4 0 2857 2078 3283 2457 
2276 4 0 2397 3539 2088 585 
2277 4 0 1845 1545 825 2503 
2278 4 0 2257 3333 2503 825 
2279 4 0 2131 3347 2088 2359 
2280 4 0 2359 3101 3539 2088 
2281 4 0 3542 3646 3405 2706 
2282 4 0 2918 3646 3405 3542 
2283 4 0 2359 2103 3539 3101 
2284 4 0 3022 3628 2098 3668 
2285 4 0 2005 3628 2098 538 
2286 4 0 3050 6 3170 2060 
2287 4 0 2144 3924 1076 1200 
2288 4 0 1845 2025 1578 2096 
2289 4 0 827 1130 4485 3856 
2290 4 0 4334 3549 1743 906 
2291 4 0 906 626 3549 1743 
2292 4 0 4050 4022 3421 1049 
2293 4 0 1960 1813 418 2852 
2294 4 0 3709 3598 1016 1326 
2295 4 0 2170 2662 2734 3701 
2296 4 0 3599 455 2194 3152 
2297 4 0 1611 256 3104 1758 
2298 4 0 467 3152 3599 2226 
2299 4 0 3152 2988 2171 467 
2300 4 0 2994 2182 1292 2124 
2301 4 0 1192 2986 3353 4063 
2302 4 0 2662 3860 1195 3701 
2303 4 0 2170 3860 2662 3701 
2304 4 0 2001 2009 2085 3385 
2305 4 0 2001 3385 2891 2009 
2306 4 0 1849 3354 753 2201 
2307 4 0 2524 2421 3402 3224 
2308 4 0 2205 400 2329 2216 
2309 4 0 1575 1756 1423 1992 
2310 4 0 2329 2205 2216 2810 
2311 4 0 2928 3092 396 1012 
2312 4 0 758 1850 2104 2718 
2313 4 0 3614 2093 4124 3258 
2314 4 0 4124 3194 2093 3614 
2315 4 0 534 2156 2975 2608 
2316 4 0 1522 1579 1098 3966 
2317 4 0 3260 3286 672 3537 
2318 4 0 2519 3938 2636 1300 
2319 4 0 3709 1323 3539 1379 
2320 4 0 2614 4080 2601 398 
2321 4 0 3223 2055 3054 2787 
2322 4 0 3100 2055 869 3054 
2323 4 0 1556 2838 1730 2863 
2324 4 0 2028 3870 3319 2496 
2325 4 0 1716 1715 1489 638 
2326 4 0 1144 3899 1653 3911 
2327 4 0 3421 1049 1458 3713 
2328 4 0 2863 4144 2838 1730 
2329 4 0 2422 1455 437 2961 
2330 4 0 2826 2314 2194 2797 
2331 4 0 568 1267 3649 1425 
2332 4 0 375 1267 3754 3361 
2333 4 0 3379 2898 2458 2640 
2334 4 0 3379 437 2401 2898 
2335 4 0 199 181 1134 3993 
2336 4 0 3775 1982 412 3196 
2337 4 0 412 3775 3196 4208 
2338 4 0 1982 412 2458 3775 
2339 4 0 1298 3358 247 230 
2340 4 0 2795 2005 1328 2134 
2341 4 0 2424 4018 581 3169 
2342 4 0 1856 1812 3525 4013 
2343 4 0 581 4018 2073 3169 
2344 4 0 2073 3254 581 3169 
2345 4 0 2187 826 2275 402 
2346 4 0 826 402 2743 2275 
2347 4 0 2586 2187 2275 402 
2348 4 0 2727 461 460 769 
2349 4 0 531 4228 1913 664 
2350 4 0 564 634 383 2173 
2351 4 0 423 2356 2751 2732 
2352 4 0 2751 423 3048 3732 
2353 4 0 3048 2751 3748 428 
2354 4 0 3048 2732 2751 2971 
2355 4 0 3732 423 2090 2751 
2356 4 0 2751 3732 3088 2090 
2357 4 0 953 956 3775 952 
2358 4 0 3775 956 412 2458 
2359 4 0 2721 3995 1471 3747 
2360 4 0 415 3691 2561 2019 
2361 4 0 4026 3104 682 504 
2362 4 0 362 3104 2452 504 
2363 4 0 2922 449 4131 2940 
2364 4 0 2838 4144 2863 4508 
2365 4 0 2922 1201 2117 449 
2366 4 0 1446 519 3890 1969 
2367 4 0 2140 3192 3238 3250 
2368 4 0 379 3065 2726 1874 
2369 4 0 1867 2726 379 3065 
2370 4 0 1489 3911 1653 1716 
2371 4 0 3713 3911 1653 3899 
2372 4 0 2267 2201 2578 3379 
2373 4 0 2201 367 2267 2578 
2374 4 0 396 1011 2605 3452 
2375 4 0 396 3092 2928 3452 
2376 4 0 2173 843 1249 383 
2377 4 0 411 2391 1319 2985 
2378 4 0 751 4041 1611 1792 
2379 4 0 522 419 1993 2251 
2380 4 0 444 1323 2118 1327 
2381 4 0 2809 2432 2331 3335 
2382 4 0 3465 4432 3022 2821 
2383 4 0 2177 1658 2365 3394 
2384 4 0 1322 2557 3000 617 
2385 4 0 1960 3817 3217 1632 
2386 4 0 1619 1021 3682 4558 
2387 4 0 1632 1960 2070 3217 
2388 4 0 382 1716 1717 1178 
2389 4 0 3925 320 1679 309 
2390 4 0 1272 2113 3235 1576 
2391 4 0 3241 3741 2134 1498 
2392 4 0 1281 1446 3492 780 
2393 4 0 164 528 4456 187 
2394 4 0 1740 1067 4536 2734 
2395 4 0 1665 445 1974 425 
2396 4 0 1402 2437 2714 1251 
2397 4 0 439 1994 2198 1452 
2398 4 0 1452 1994 2479 439 
2399 4 0 1731 3619 4507 2415 
2400 4 0 2080 2511 2141 3562 
2401 4 0 3189 2361 3125 2205 
2402 4 0 1861 3125 2385 2205 
2403 4 0 4507 3619 1731 2972 
2404 4 0 1487 2479 3980 3401 
2405 4 0 727 1972 1801 1124 
2406 4 0 4568 2710 4533 293 
2407 4 0 1492 1634 3900 413 
2408 4 0 1771 1993 419 2251 
2409 4 0 750 215 3406 4279 
2410 4 0 1744 1520 3973 4045 
2411 4 0 431 1744 639 4045 
2412 4 0 995 3355 3630 2451 
2413 4 0 2570 3355 2451 3630 
2414 4 0 2635 3366 1772 2125 
2415 4 0 2635 2623 3366 2125 
2416 4 0 2614 398 1251 3427 
2417 4 0 806 380 1023 374 
2418 4 0 2517 2572 2038 1244 
2419 4 0 1617 1616 2963 1646 
2420 4 0 2311 1968 2477 583 
2421 4 0 806 380 706 1023 
2422 4 0 1591 2218 1623 2974 
2423 4 0 2353 4185 3542 2163 
2424 4 0 13 1607 619 21 
2425 4 0 417 2097 722 3024 
2426 4 0 1233 2105 3602 2562 
2427 4 0 2929 2711 2885 3760 
2428 4 0 1575 1423 1756 2606 
2429 4 0 2580 415 2013 1006 
2430 4 0 2929 3760 1556 2711 
2431 4 0 651 2756 415 2124 
2432 4 0 773 3201 501 484 
2433 4 0 773 3201 484 747 
2434 4 0 772 2946 1206 746 
2435 4 0 2700 4072 4089 1656 
2436 4 0 468 1531 1782 2772 
2437 4 0 2454 2329 2810 2205 
2438 4 0 1116 3732 2090 3088 
2439 4 0 2130 1566 3474 371 
2440 4 0 2018 2130 371 1566 
2441 4 0 625 1386 624 1831 
2442 4 0 4462 751 4026 1792 
2443 4 0 638 1744 639 431 
2444 4 0 1995 2156 677 1081 
2445 4 0 2758 1675 3391 796 
2446 4 0 1105 2628 3944 677 
2447 4 0 1764 665 420 1257 
2448 4 0 1764 1257 420 2188 
2449 4 0 1768 2660 2630 1689 
2450 4 0 1744 1716 638 639 
2451 4 0 2063 4115 1294 919 
2452 4 0 362 682 1769 3104 
2453 4 0 1417 1364 2164 4222 
2454 4 0 2214 3491 3174 3878 
2455 4 0 1366 809 2848 2265 
2456 4 0 1768 2660 1689 3309 
2457 4 0 2758 2135 3684 1313 
2458 4 0 1607 655 4 619 
2459 4 0 2158 3562 1415 1417 
2460 4 0 2599 1081 3174 2214 
2461 4 0 3428 655 2286 1607 
2462 4 0 1419 4309 4070 2782 
2463 4 0 3428 655 1607 619 
2464 4 0 2214 2082 3878 1984 
2465 4 0 2590 3284 2265 2305 
2466 4 0 2949 2305 3284 2590 
2467 4 0 2128 1739 4311 1363 
2468 4 0 1935 2422 2895 3028 
2469 4 0 1362 2784 1872 152 
2470 4 0 1995 1857 2154 626 
2471 4 0 2013 2683 1813 1963 
2472 4 0 4313 3017 2782 4309 
2473 4 0 686 2900 2837 1238 
2474 4 0 1963 2683 1813 2339 
2475 4 0 152 1872 175 2862 
2476 4 0 615 714 716 426 
2477 4 0 2811 2374 280 2915 
2478 4 0 778 2070 1276 3192 
2479 4 0 3317 3633 1175 2489 
2480 4 0 3363 1057 1527 4076 
2481 4 0 2084 2470 2326 3556 
2482 4 0 1813 2556 2177 1625 
2483 4 0 4131 3773 2940 3280 
2484 4 0 3925 320 1895 1679 
2485 4 0 2454 1306 1846 3000 
2486 4 0 2374 2191 2811 4060 
2487 4 0 2590 2949 1318 3009 
2488 4 0 686 924 3635 1229 
2489 4 0 2073 2488 519 1978 
2490 4 0 1611 1778 519 2073 
2491 4 0 519 2488 440 1978 
2492 4 0 924 2063 1229 686 
2493 4 0 1969 1593 518 1281 
2494 4 0 1902 1229 924 2063 
2495 4 0 1983 2251 3010 1993 
2496 4 0 1983 3010 1778 1993 
2497 4 0 2353 1381 2677 2163 
2498 4 0 4518 3502 3858 4593 
2499 4 0 3886 1911 2338 1318 
2500 4 0 2070 3192 1571 2022 
2501 4 0 3502 4593 4033 3858 
2502 4 0 3192 1293 1571 2022 
2503 4 0 2720 1623 2798 2764 
2504 4 0 3345 4499 211 191 
2505 4 0 584 3178 2329 2903 
2506 4 0 400 3178 2329 584 
2507 4 0 425 2411 400 3135 
2508 4 0 2477 2284 363 2106 
2509 4 0 1710 1443 4270 3925 
2510 4 0 1623 2764 1591 3140 
2511 4 0 2764 1623 2799 3140 
2512 4 0 802 611 2151 2977 
2513 4 0 3545 1937 2556 2683 
2514 4 0 1995 2156 1081 1975 
2515 4 0 1342 1005 2691 1084 
2516 4 0 1513 1717 382 639 
2517 4 0 968 1826 3547 3904 
2518 4 0 2691 1005 3413 1084 
2519 4 0 2435 968 3547 3904 
2520 4 0 4536 1067 1740 4242 
2521 4 0 559 2084 2162 2183 
2522 4 0 559 534 3516 536 
2523 4 0 2317 380 616 1545 
2524 4 0 1576 3752 4405 2612 
2525 4 0 2140 778 1570 1982 
2526 4 0 2274 2036 696 3140 
2527 4 0 4273 239 696 2036 
2528 4 0 3318 1547 1318 3017 
2529 4 0 3491 2652 866 3025 
2530 4 0 696 2274 1099 4273 
2531 4 0 3692 1575 1756 2606 
2532 4 0 1757 1756 2606 3692 
2533 4 0 2036 696 4273 2274 
2534 4 0 1593 2229 2340 1759 
2535 4 0 2340 143 1759 2229 
2536 4 0 3154 2950 636 2887 
2537 4 0 4153 3258 3430 3624 
2538 4 0 253 3123 275 4182 
2539 4 0 275 4182 4281 2872 
2540 4 0 3491 3025 866 3717 
2541 4 0 1575 517 3037 1756 
2542 4 0 3174 3717 3025 3491 
2543 4 0 1121 589 4166 3978 
2544 4 0 1121 3978 4166 1529 
2545 4 0 1121 2678 589 3978 
2546 4 0 1121 2831 2678 3978 
2547 4 0 4083 2911 2765 1661 
2548 4 0 1156 1514 1971 3075 
2549 4 0 1782 1070 413 4498 
2550 4 0 1121 2831 3978 1529 
2551 4 0 2553 2290 2070 1632 
2552 4 0 4166 2362 586 207 
2553 4 0 184 4166 586 207 
2554 4 0 2727 461 1911 2048 
2555 4 0 2283 2193 3897 2700 
2556 4 0 881 2713 1193 1309 
2557 4 0 3603 2347 4476 1821 
2558 4 0 1543 924 3635 686 
2559 4 0 441 3015 2373 2851 
2560 4 0 1960 1959 2663 418 
2561 4 0 1706 454 3585 1623 
2562 4 0 1706 1623 3585 2083 
2563 4 0 2055 3223 3314 2787 
2564 4 0 2787 3314 2055 1955 
2565 4 0 4397 1615 4416 813 
2566 4 0 2133 1959 2663 573 
2567 4 0 3050 2078 3170 6 
2568 4 0 882 2116 3203 2810 
2569 4 0 4443 1854 1007 3525 
2570 4 0 2003 934 1314 835 
2571 4 0 1404 3881 2960 4546 
2572 4 0 3633 3186 2960 3881 
2573 4 0 1776 3763 3897 4287 
2574 4 0 3810 4003 2476 2150 
2575 4 0 431 1744 3892 429 
2576 4 0 2214 2082 1984 3742 
2577 4 0 1249 2202 422 383 
2578 4 0 2234 2587 383 422 
2579 4 0 1640 1982 3775 3196 
2580 4 0 3775 1640 3196 3485 
2581 4 0 1982 3775 2458 1640 
2582 4 0 1982 1570 2140 1640 
2583 4 0 3996 4067 4120 3652 
2584 4 0 3627 373 714 1546 
2585 4 0 3707 2561 415 2744 
2586 4 0 3925 1679 1762 309 
2587 4 0 309 1858 1762 3925 
2588 4 0 3866 716 3571 2726 
2589 4 0 1326 2311 1016 3304 
2590 4 0 2005 2733 2767 496 
2591 4 0 2733 2795 2767 3004 
2592 4 0 2409 821 1123 379 
2593 4 0 3669 1325 992 2588 
2594 4 0 1325 3669 2978 4556 
2595 4 0 2826 2693 3314 3322 
2596 4 0 1776 2049 384 3795 
2597 4 0 3999 384 3795 1776 
2598 4 0 1581 1285 1282 659 
2599 4 0 4408 2425 2158 708 
2600 4 0 789 4237 4048 1777 
2601 4 0 1415 2158 708 4408 
2602 4 0 2158 1415 708 807 
2603 4 0 2908 1574 489 2195 
2604 4 0 1720 1744 3616 3911 
2605 4 0 4283 2917 1612 2509 
2606 4 0 920 1753 1418 1995 
2607 4 0 2119 2711 2929 2053 
2608 4 0 3890 519 1933 1969 
2609 4 0 2165 940 2862 2713 
2610 4 0 1423 1593 2606 1953 
2611 4 0 2165 940 2713 881 
2612 4 0 2713 2862 1309 940 
2613 4 0 881 940 617 2165 
2614 4 0 443 2187 1314 1256 
2615 4 0 2187 443 1314 2009 
2616 4 0 2586 443 3766 2275 
2617 4 0 643 2270 2054 2113 
2618 4 0 366 556 2286 407 
2619 4 0 4528 2253 229 212 
2620 4 0 2333 416 1504 1090 
2621 4 0 434 2180 654 392 
2622 4 0 3330 3377 4347 4170 
2623 4 0 1184 917 2757 941 
2624 4 0 1881 3673 4078 1882 
2625 4 0 1886 2565 742 1885 
2626 4 0 2698 3237 572 1300 
2627 4 0 258 3743 3134 4589 
2628 4 0 4426 799 4401 3285 
2629 4 0 3994 3911 638 1799 
2630 4 0 3911 1716 1489 638 
2631 4 0 4118 3285 799 4426 
2632 4 0 4082 2464 3321 2695 
2633 4 0 1943 3850 4470 4046 
2634 4 0 3115 1634 4084 4474 
2635 4 0 4123 413 3568 1492 
2636 4 0 4123 3568 413 3958 
2637 4 0 1640 2107 3485 2119 
2638 4 0 2848 2043 1331 2321 
2639 4 0 3335 2115 1235 3145 
2640 4 0 935 2230 458 1300 
2641 4 0 1952 651 2019 2103 
2642 4 0 1808 3984 906 1743 
2643 4 0 1124 1752 4558 3665 
2644 4 0 3713 1744 1716 3911 
2645 4 0 3713 3911 1716 1653 
2646 4 0 3399 1560 3328 1788 
2647 4 0 1074 1557 3047 4465 
2648 4 0 2861 419 1771 1180 
2649 4 0 1771 2861 627 419 
2650 4 0 389 1609 1110 2049 
2651 4 0 2167 3483 4490 835 
2652 4 0 3283 2078 3026 2081 
2653 4 0 1609 390 1110 2858 
2654 4 0 1609 390 2858 2695 
2655 4 0 361 2022 2507 3296 
2656 4 0 2049 1776 384 2283 
2657 4 0 2589 1950 864 3955 
2658 4 0 4469 3604 1940 3266 
2659 4 0 4467 4465 676 3827 
2660 4 0 3775 4468 4520 1944 
2661 4 0 1557 676 3827 3775 
2662 4 0 2230 1182 2233 604 
2663 4 0 3178 2927 2329 2903 
2664 4 0 2084 1641 2406 2690 
2665 4 0 1706 3323 4075 2083 
2666 4 0 1782 2772 1645 1912 
2667 4 0 1328 3335 3628 2795 
2668 4 0 734 1467 1882 1883 
2669 4 0 2585 3146 1341 2577 
2670 4 0 687 843 3309 2524 
2671 4 0 638 3911 1744 1799 
2672 4 0 3911 638 1744 1716 
2673 4 0 459 1911 3888 1318 
2674 4 0 2475 2797 1209 2171 
2675 4 0 459 1318 3888 3306 
2676 4 0 2475 3195 2314 2736 
2677 4 0 3806 2585 1341 966 
2678 4 0 3665 1931 3384 1806 
2679 4 0 1806 1752 3384 3665 
2680 4 0 2585 2577 1341 966 
2681 4 0 4081 1340 3967 3812 
2682 4 0 4081 3963 1340 1462 
2683 4 0 2575 980 2418 4139 
2684 4 0 4139 980 4223 2575 
2685 4 0 4334 1743 1808 906 
2686 4 0 439 3562 2524 1331 
2687 4 0 4615 4050 1463 3713 
2688 4 0 687 1565 2198 1735 
2689 4 0 883 1073 2170 4002 
2690 4 0 394 192 1741 197 
2691 4 0 849 482 3257 3659 
2692 4 0 192 394 176 197 
2693 4 0 4502 1741 394 192 
2694 4 0 1409 780 1702 781 
2695 4 0 1960 3817 2576 3217 
2696 4 0 4081 3967 1340 1929 
2697 4 0 1632 3817 3217 2553 
2698 4 0 786 1971 1159 417 
2699 4 0 1845 1971 1159 786 
2700 4 0 1845 2962 1159 1971 
2701 4 0 4248 3464 2570 2451 
2702 4 0 1781 1340 1928 518 
2703 4 0 4426 3157 3464 3334 
2704 4 0 4004 1082 2255 2049 
2705 4 0 2805 4179 3798 889 
2706 4 0 3886 3820 2723 2338 
2707 4 0 2629 1598 2700 625 
2708 4 0 2510 1514 1321 2037 
2709 4 0 3529 2983 1551 1954 
2710 4 0 2725 487 1662 2826 
2711 4 0 3236 1437 734 1349 
2712 4 0 3529 486 2694 1551 
2713 4 0 3462 1164 1163 295 
2714 4 0 806 380 374 616 
2715 4 0 3248 637 3680 805 
2716 4 0 410 2663 418 3839 
2717 4 0 418 3839 2663 3137 
2718 4 0 2515 2706 2758 377 
2719 4 0 3732 2090 802 2151 
2720 4 0 1611 1778 1759 519 
2721 4 0 1145 4072 2700 1656 
2722 4 0 1412 2175 2067 2496 
2723 4 0 1334 2175 2496 2067 
2724 4 0 2940 2801 449 3181 
2725 4 0 560 3559 2120 673 
2726 4 0 1666 1773 3868 2759 
2727 4 0 1773 3868 3578 1666 
2728 4 0 373 3614 426 2564 
2729 4 0 2008 2435 2925 908 
2730 4 0 2282 2222 2160 2313 
2731 4 0 2849 1577 376 3466 
2732 4 0 2222 908 2313 2435 
2733 4 0 3641 695 2190 3510 
2734 4 0 2190 3404 2485 695 
2735 4 0 3641 2190 3414 4149 
2736 4 0 1617 3982 2963 1616 
2737 4 0 1386 3731 957 1463 
2738 4 0 453 3874 2518 3129 
2739 4 0 2988 3863 3599 2765 
2740 4 0 399 1291 4080 2186 
2741 4 0 3469 367 2104 2201 
2742 4 0 1468 4032 3407 4578 
2743 4 0 969 3429 968 3073 
2744 4 0 2587 3382 2987 422 
2745 4 0 3516 1324 536 3988 
2746 4 0 1428 3275 3359 3422 
2747 4 0 2409 2552 3201 501 
2748 4 0 3435 1519 1853 1794 
2749 4 0 1377 3862 3275 3422 
2750 4 0 2211 2099 664 2654 
2751 4 0 377 1019 2794 2266 
2752 4 0 969 1427 970 968 
2753 4 0 3968 1930 1351 1435 
2754 4 0 505 2152 2921 2525 
2755 4 0 1970 456 864 2525 
2756 4 0 4119 1433 3476 1925 
2757 4 0 4445 3837 1814 3535 
2758 4 0 2475 2826 2765 2988 
2759 4 0 631 4140 2546 3146 
2760 4 0 3301 3128 4034 3745 
2761 4 0 3716 1594 1446 4562 
2762 4 0 3716 781 1446 4040 
2763 4 0 4059 366 2286 1239 
2764 4 0 1550 2611 2165 590 
2765 4 0 460 2727 2180 528 
2766 4 0 978 980 2418 2575 
2767 4 0 1086 2418 2575 978 
2768 4 0 1429 750 1430 233 
2769 4 0 651 2484 2124 2617 
2770 4 0 1771 2064 1772 2635 
2771 4 0 983 2065 3861 1642 
2772 4 0 573 1959 2663 1960 
2773 4 0 1863 2594 776 3300 
2774 4 0 3389 1580 3513 3913 
2775 4 0 1640 1682 3827 1557 
2776 4 0 438 396 1012 2668 
2777 4 0 2668 401 438 396 
2778 4 0 1988 3050 2307 2903 
2779 4 0 2271 2307 3497 2734 
2780 4 0 2097 1159 3 2812 
2781 4 0 1949 2622 605 1709 
2782 4 0 382 384 4004 1581 
2783 4 0 3782 1863 2489 780 
2784 4 0 3465 3117 3602 3431 
2785 4 0 1353 1170 3431 3836 
2786 4 0 3602 3431 3117 1353 
2787 4 0 3607 1308 4284 1967 
2788 4 0 376 2270 1234 902 
2789 4 0 4270 3909 3961 1895 
2790 4 0 4342 1453 4343 2178 
2791 4 0 66 4424 790 54 
2792 4 0 606 1986 3630 2079 
2793 4 0 1024 4495 3800 1531 
2794 4 0 4265 1331 2660 491 
2795 4 0 926 3822 2456 604 
2796 4 0 1456 1763 1236 2142 
2797 4 0 4110 4050 4615 3713 
2798 4 0 897 3070 1338 2855 
2799 4 0 3958 4559 3953 1906 
2800 4 0 1201 2512 449 3048 
2801 4 0 1567 2512 1201 3048 
2802 4 0 1438 4081 1462 3963 
2803 4 0 2011 2346 1990 1317 
2804 4 0 1462 1989 594 1352 
2805 4 0 585 2642 1238 2077 
2806 4 0 1865 2605 3092 1011 
2807 4 0 1610 1608 1182 381 
2808 4 0 499 534 2162 3361 
2809 4 0 1782 1912 3958 3953 
2810 4 0 1873 3383 2804 3784 
2811 4 0 1214 2053 1950 2622 
2812 4 0 3861 983 3814 2065 
2813 4 0 1531 3925 1762 1858 
2814 4 0 469 1690 1961 2561 
2815 4 0 3421 3713 1458 382 
2816 4 0 677 3717 1081 2156 
2817 4 0 2441 2628 2249 368 
2818 4 0 1788 3901 3328 2277 
2819 4 0 2197 2171 2736 2475 
2820 4 0 3080 2517 2044 1158 
2821 4 0 2457 2078 2081 3170 
2822 4 0 651 2756 2124 3809 
2823 4 0 2212 2570 3630 1333 
2824 4 0 4424 838 790 489 
2825 4 0 2457 3331 2078 3170 
2826 4 0 838 2210 790 489 
2827 4 0 2792 395 2770 3559 
2828 4 0 3037 1408 517 2817 
2829 4 0 2792 395 3508 2770 
2830 4 0 663 2487 3091 3592 
2831 4 0 1666 2277 3011 4122 
2832 4 0 2075 2043 2414 3187 
2833 4 0 2414 2075 2387 3257 
2834 4 0 3713 3899 1653 1178 
2835 4 0 1502 2193 2487 3897 
2836 4 0 1070 1782 1645 1912 
2837 4 0 2983 3529 1551 486 
2838 4 0 1950 2929 885 2053 
2839 4 0 3282 918 1764 2125 
2840 4 0 3063 3451 1549 1182 
2841 4 0 584 2905 990 1493 
2842 4 0 2977 1548 1545 2503 
2843 4 0 1258 1288 2041 2188 
2844 4 0 3063 3451 1182 2196 
2845 4 0 2580 1199 3594 3718 
2846 4 0 2401 864 410 1959 
2847 4 0 2271 2734 2170 605 
2848 4 0 2170 2662 605 2734 
2849 4 0 780 1700 3782 3893 
2850 4 0 1288 2182 1258 2041 
2851 4 0 1288 936 2182 2041 
2852 4 0 2580 1199 1939 3594 
2853 4 0 2484 4516 3440 829 
2854 4 0 3307 4501 4062 2336 
2855 4 0 395 2341 2207 1862 
2856 4 0 258 278 2568 2087 
2857 4 0 1238 2088 1976 827 
2858 4 0 2141 2080 1001 3403 
2859 4 0 969 1427 968 1378 
2860 4 0 1427 1378 4573 968 
2861 4 0 1972 2796 1124 1021 
2862 4 0 2254 2926 2323 2651 
2863 4 0 2084 2406 2159 2162 
2864 4 0 1318 2590 3306 2860 
2865 4 0 2561 3707 469 2744 
2866 4 0 3572 469 3707 2744 
2867 4 0 1150 829 3016 4516 
2868 4 0 2376 2141 1537 237 
2869 4 0 2796 2000 2845 3913 
2870 4 0 1288 2416 3597 1968 
2871 4 0 400 2168 4093 2040 
2872 4 0 661 1146 660 4004 
2873 4 0 1255 3213 2714 1253 
2874 4 0 4545 4244 4146 2845 
2875 4 0 2385 2205 2280 2927 
2876 4 0 2653 1331 2511 2719 
2877 4 0 1282 1049 1581 4141 
2878 4 0 450 3296 1199 2830 
2879 4 0 4265 1707 1331 2719 
2880 4 0 2694 4358 4355 1668 
2881 4 0 2120 2694 503 1991 
2882 4 0 422 2839 3382 2987 
2883 4 0 2234 422 383 634 
2884 4 0 1311 2695 2389 470 
2885 4 0 1311 470 2389 876 
2886 4 0 394 503 1991 2120 
2887 4 0 2694 503 4355 4358 
2888 4 0 501 2946 2252 2552 
2889 4 0 467 3863 3599 2988 
2890 4 0 3347 2088 2765 2988 
2891 4 0 1986 532 3906 2438 
2892 4 0 859 838 2210 790 
2893 4 0 1384 1144 1941 3911 
2894 4 0 859 2210 1942 790 
2895 4 0 1044 2210 1942 859 
2896 4 0 672 485 496 634 
2897 4 0 4050 1049 3421 3713 
2898 4 0 3432 178 397 1010 
2899 4 0 2877 3581 3193 2080 
2900 4 0 2877 3193 2516 2080 
2901 4 0 3958 1906 3953 1912 
2902 4 0 1082 2283 384 1178 
2903 4 0 2915 2311 3540 2191 
2904 4 0 1178 384 382 3421 
2905 4 0 3421 384 382 1581 
2906 4 0 1005 3413 1719 2773 
2907 4 0 3820 2762 2723 4189 
2908 4 0 4584 3600 697 3182 
2909 4 0 316 3575 1690 2923 
2910 4 0 2599 2850 2214 1908 
2911 4 0 1770 1778 948 1180 
2912 4 0 2214 3515 2652 3742 
2913 4 0 3095 3367 4442 4100 
2914 4 0 1079 2223 2154 2320 
2915 4 0 1252 1591 396 2218 
2916 4 0 3071 2636 681 3950 
2917 4 0 4058 835 2003 1256 
2918 4 0 1256 4058 835 1589 
2919 4 0 1781 518 4085 3967 
2920 4 0 2387 589 3557 2573 
2921 4 0 556 4059 366 2286 
2922 4 0 2764 2627 944 2670 
2923 4 0 4509 1408 2817 517 
2924 4 0 3187 2414 3270 2321 
2925 4 0 1179 3536 1986 532 
2926 4 0 2517 1558 483 2405 
2927 4 0 1640 2107 2140 3485 
2928 4 0 1431 1792 1403 1832 
2929 4 0 3227 3041 3392 112 
2930 4 0 1056 2033 3405 2163 
2931 4 0 2795 2005 2767 3628 
2932 4 0 3391 2874 3156 3267 
2933 4 0 4018 3389 3513 3913 
2934 4 0 4158 3127 3440 4058 
2935 4 0 2079 3906 1986 3536 
2936 4 0 4186 2987 1442 3778 
2937 4 0 532 2372 458 3148 
2938 4 0 3148 458 3285 2372 
2939 4 0 3345 1264 441 3015 
2940 4 0 575 1263 2717 4452 
2941 4 0 1822 1645 1070 1782 
2942 4 0 1642 2465 3861 983 
2943 4 0 2510 1514 611 1321 
2944 4 0 1813 1625 1632 281 
2945 4 0 1632 1813 2177 1625 
2946 4 0 2510 2977 611 1514 
2947 4 0 2339 1813 281 1625 
2948 4 0 1455 367 943 1568 
2949 4 0 943 3028 1455 1568 
2950 4 0 4249 2211 2865 531 
2951 4 0 3814 2717 983 575 
2952 4 0 2662 1730 1553 2734 
2953 4 0 2815 2837 817 2077 
2954 4 0 2195 3805 2849 3153 
2955 4 0 507 2133 3046 2458 
2956 4 0 2133 2898 3046 2458 
2957 4 0 460 3630 2212 1986 
2958 4 0 2401 1959 410 2133 
2959 4 0 4212 709 2414 4411 
2960 4 0 469 3230 3707 1963 
2961 4 0 1178 2636 2283 1386 
2962 4 0 3731 2636 1386 2963 
2963 4 0 2283 2193 2636 1919 
2964 4 0 2636 2519 2193 3071 
2965 4 0 2313 401 1252 2160 
2966 4 0 3174 1182 3466 2233 
2967 4 0 4281 2204 3978 4232 
2968 4 0 1955 2251 3010 1983 
2969 4 0 2640 1557 2458 3379 
2970 4 0 1955 3376 1983 3010 
2971 4 0 1529 3978 4232 4221 
2972 4 0 4221 4281 3978 4232 
2973 4 0 585 1238 3147 2088 
2974 4 0 1779 2628 1995 2156 
2975 4 0 1779 2628 2156 3944 
2976 4 0 4189 4372 129 4368 
2977 4 0 677 2628 2156 1995 
2978 4 0 1246 2005 1247 2733 
2979 4 0 454 405 2485 2190 
2980 4 0 460 2155 435 392 
2981 4 0 1780 443 2586 2150 
2982 4 0 648 3221 3204 1473 
2983 4 0 2148 2657 3352 3221 
2984 4 0 1473 3204 2466 3221 
2985 4 0 4185 2515 848 2228 
2986 4 0 3899 1144 1384 3911 
2987 4 0 2614 3669 3427 2385 
2988 4 0 2414 3257 2387 3112 
2989 4 0 3437 3257 3112 2387 
2990 4 0 2947 1016 2915 2131 
2991 4 0 1238 1494 827 2900 
2992 4 0 2222 2023 2435 1250 
2993 4 0 618 439 2761 2794 
2994 4 0 1388 3521 3484 410 
2995 4 0 1178 1145 1386 2700 
2996 4 0 2408 3250 1075 2999 
2997 4 0 1006 2124 2756 2408 
2998 4 0 1006 2124 2408 2107 
2999 4 0 2639 2408 1075 2999 
3000 4 0 3377 893 3006 3838 
3001 4 0 3663 437 3379 3608 
3002 4 0 3788 4273 1650 270 
3003 4 0 4169 229 2253 212 
3004 4 0 2235 3180 3468 893 
3005 4 0 3133 2174 2042 3755 
3006 4 0 2185 2044 2517 1308 
3007 4 0 3788 2274 1650 4273 
3008 4 0 3501 422 1200 2144 
3009 4 0 1200 3501 3004 2733 
3010 4 0 4198 1820 414 4239 
3011 4 0 2144 3924 1200 3501 
3012 4 0 501 2409 2910 484 
3013 4 0 2736 2314 1412 3195 
3014 4 0 2005 2795 2767 2733 
3015 4 0 3692 2489 2606 1757 
3016 4 0 1412 526 2314 4587 
3017 4 0 1333 3630 3355 2570 
3018 4 0 2254 1321 3732 611 
3019 4 0 1778 1759 2488 1983 
3020 4 0 2731 3770 2488 1083 
3021 4 0 2717 564 2065 983 
3022 4 0 1402 2717 564 2065 
3023 4 0 564 2717 2186 983 
3024 4 0 783 863 876 2426 
3025 4 0 783 876 1264 2426 
3026 4 0 444 2544 1288 420 
3027 4 0 1288 2246 2544 444 
3028 4 0 1845 1159 2697 786 
3029 4 0 786 2812 1159 2697 
3030 4 0 1159 2812 3841 2697 
3031 4 0 3297 2117 1768 2512 
3032 4 0 2075 2117 1768 3297 
3033 4 0 2356 423 2090 802 
3034 4 0 394 516 2152 3001 
3035 4 0 772 2564 2100 457 
3036 4 0 2909 1949 1709 3955 
3037 4 0 2676 3855 2795 3085 
3038 4 0 2490 2784 124 2480 
3039 4 0 3650 4280 1484 3803 
3040 4 0 392 2180 654 435 
3041 4 0 139 528 117 1485 
3042 4 0 1911 2332 3563 2236 
3043 4 0 2931 3179 1764 2175 
3044 4 0 1197 1196 2863 1034 
3045 4 0 1307 1197 2863 1034 
3046 4 0 882 940 2862 393 
3047 4 0 2214 2652 3515 3491 
3048 4 0 2214 2652 3878 2082 
3049 4 0 2530 4211 3501 3776 
3050 4 0 3445 1798 1276 2576 
3051 4 0 1705 3532 2863 885 
3052 4 0 1196 1705 1197 2863 
3053 4 0 2197 1130 827 259 
3054 4 0 1798 3217 1276 2576 
3055 4 0 4131 428 3082 449 
3056 4 0 467 3152 2000 2171 
3057 4 0 449 428 3082 3048 
3058 4 0 3082 3048 2732 449 
3059 4 0 2971 3048 2732 3082 
3060 4 0 4218 2694 1668 3114 
3061 4 0 3793 3201 2121 746 
3062 4 0 2492 2174 3859 2136 
3063 4 0 1919 2426 2212 1264 
3064 4 0 1264 2426 2212 2178 
3065 4 0 2562 3117 3602 1233 
3066 4 0 405 365 445 2905 
3067 4 0 1981 2383 3511 1385 
3068 4 0 3231 3306 3679 1870 
3069 4 0 827 2088 259 448 
3070 4 0 2608 2162 3272 534 
3071 4 0 2088 448 2988 259 
3072 4 0 2122 2238 3056 2336 
3073 4 0 704 4601 698 387 
3074 4 0 3056 3779 2122 2336 
3075 4 0 887 4590 171 3298 
3076 4 0 1044 74 859 1942 
3077 4 0 4151 3259 1682 2119 
3078 4 0 3259 4151 1682 2450 
3079 4 0 859 78 790 74 
3080 4 0 813 4014 4416 4397 
3081 4 0 1991 395 3105 1842 
3082 4 0 2417 4074 918 583 
3083 4 0 2849 1182 376 1610 
3084 4 0 1642 983 984 2069 
3085 4 0 583 4074 918 1538 
3086 4 0 2269 439 3562 618 
3087 4 0 1466 983 3861 2465 
3088 4 0 2412 3562 618 2269 
3089 4 0 3151 2969 2512 428 
3090 4 0 2425 3577 479 2158 
3091 4 0 3297 3151 2969 2512 
3092 4 0 1863 2489 2606 3692 
3093 4 0 1863 1281 2606 2489 
3094 4 0 2658 2558 2163 2677 
3095 4 0 2387 589 2573 928 
3096 4 0 3049 3826 2986 1236 
3097 4 0 1039 3370 2471 3448 
3098 4 0 420 918 3597 1016 
3099 4 0 2950 3154 803 3271 
3100 4 0 665 2893 3179 3600 
3101 4 0 2163 1056 2033 2025 
3102 4 0 2950 2025 2033 1056 
3103 4 0 3600 4488 2893 3179 
3104 4 0 2823 3741 2213 3241 
3105 4 0 2134 2213 3741 3241 
3106 4 0 2829 2340 2229 2334 
3107 4 0 2309 627 3729 2787 
3108 4 0 3578 430 1990 3868 
3109 4 0 3694 2243 3129 3152 
3110 4 0 2000 3152 467 3694 
3111 4 0 2555 402 2743 832 
3112 4 0 826 2743 4513 2275 
3113 4 0 3192 2070 1276 2680 
3114 4 0 1917 900 2666 3623 
3115 4 0 483 2185 2517 2405 
3116 4 0 3050 588 2078 6 
3117 4 0 1495 685 3070 4580 
3118 4 0 1672 3080 3614 4271 
3119 4 0 1672 3080 1158 3614 
3120 4 0 2285 468 727 1629 
3121 4 0 2285 1531 468 1629 
3122 4 0 1851 3533 2692 2085 
3123 4 0 3844 3955 2909 1709 
3124 4 0 2909 3663 3955 3844 
3125 4 0 2541 2085 2692 3533 
3126 4 0 3000 3160 3062 617 
3127 4 0 1308 4284 1441 3107 
3128 4 0 3607 1308 3107 4284 
3129 4 0 2755 4185 2378 848 
3130 4 0 2755 4185 2353 2677 
3131 4 0 1919 1502 2184 2283 
3132 4 0 2279 1018 1979 3024 
3133 4 0 1979 82 1848 3267 
3134 4 0 1455 2833 2895 2104 
3135 4 0 2961 2833 1455 2104 
3136 4 0 2783 2655 2097 1159 
3137 4 0 771 3260 2776 4011 
3138 4 0 1085 2783 2655 2097 
3139 4 0 1640 1982 3196 2140 
3140 4 0 3006 2100 3330 3377 
3141 4 0 2097 2655 1085 855 
3142 4 0 3032 3564 2364 2984 
3143 4 0 1220 369 2390 3830 
3144 4 0 1555 2244 2215 2271 
3145 4 0 369 2390 2227 2335 
3146 4 0 1986 3536 1179 2048 
3147 4 0 428 4131 2512 449 
3148 4 0 3925 1443 860 2293 
3149 4 0 3925 1443 2293 1710 
3150 4 0 2491 3466 521 3174 
3151 4 0 3466 521 2233 2632 
3152 4 0 3236 2031 2237 1766 
3153 4 0 1820 2797 414 1209 
3154 4 0 3096 2078 3050 588 
3155 4 0 1589 3096 3796 442 
3156 4 0 3510 2067 2496 1412 
3157 4 0 1919 2698 2519 1300 
3158 4 0 1249 687 2524 843 
3159 4 0 546 2003 2053 2711 
3160 4 0 383 3149 2043 843 
3161 4 0 1249 687 843 2173 
3162 4 0 934 546 2003 2053 
3163 4 0 924 686 1543 2815 
3164 4 0 2303 724 2787 1793 
3165 4 0 2608 2747 4571 3454 
3166 4 0 2047 409 2296 465 
3167 4 0 2910 4386 748 3042 
3168 4 0 1771 2309 627 2861 
3169 4 0 958 2023 1250 3303 
3170 4 0 2206 1566 2113 2941 
3171 4 0 2560 981 1117 3732 
3172 4 0 3694 2092 3152 2808 
3173 4 0 2111 2632 1182 2233 
3174 4 0 25 1078 369 2227 
3175 4 0 636 2887 2950 16 
3176 4 0 2144 3286 1065 1076 
3177 4 0 2180 4582 2319 169 
3178 4 0 3358 4456 213 1298 
3179 4 0 213 3358 1298 230 
3180 4 0 1321 2651 1156 2254 
3181 4 0 2305 2265 2590 1547 
3182 4 0 2611 516 710 712 
3183 4 0 4575 1724 1996 2842 
3184 4 0 3571 1546 2409 1545 
3185 4 0 1851 3072 2993 1682 
3186 4 0 3793 2405 2998 3644 
3187 4 0 2880 1550 1739 590 
3188 4 0 552 1682 2189 2993 
3189 4 0 559 536 1997 2183 
3190 4 0 2432 3237 2836 458 
3191 4 0 2836 3398 458 3237 
3192 4 0 2194 3376 1955 2567 
3193 4 0 2140 3238 3196 3266 
3194 4 0 1261 710 3688 2847 
3195 4 0 1789 3265 1261 3688 
3196 4 0 1186 3385 2891 2001 
3197 4 0 2678 3249 508 2001 
3198 4 0 631 2546 913 3146 
3199 4 0 536 534 3516 535 
3200 4 0 2586 2009 2085 2150 
3201 4 0 3221 2190 454 2485 
3202 4 0 1208 773 748 3042 
3203 4 0 2910 748 484 3042 
3204 4 0 748 773 484 3042 
3205 4 0 484 3042 773 4385 
3206 4 0 1208 4385 773 3042 
3207 4 0 3552 3613 3370 2608 
3208 4 0 643 2113 1576 524 
3209 4 0 1958 2961 2422 437 
3210 4 0 1533 4015 3475 2007 
3211 4 0 368 4015 2645 2370 
3212 4 0 1958 2207 2422 2961 
3213 4 0 2744 1319 2561 1510 
3214 4 0 4375 2257 2096 1381 
3215 4 0 3350 4364 2004 3630 
3216 4 0 2532 3536 3286 1065 
3217 4 0 2280 2385 2714 2437 
3218 4 0 3365 2432 458 3237 
3219 4 0 3365 3237 458 1300 
3220 4 0 3296 1293 2281 3262 
3221 4 0 833 1988 4206 826 
3222 4 0 3286 2776 1911 3480 
3223 4 0 2487 1502 3239 2193 
3224 4 0 1502 2487 3239 1107 
3225 4 0 2223 368 2249 2626 
3226 4 0 2320 2223 2249 2626 
3227 4 0 2320 2626 2249 865 
3228 4 0 2249 2441 368 2223 
3229 4 0 2626 368 2249 865 
3230 4 0 2971 3048 3082 428 
3231 4 0 2475 2988 259 2171 
3232 4 0 2339 2556 1813 1625 
3233 4 0 2003 2119 2041 1314 
3234 4 0 369 2390 3830 2227 
3235 4 0 2390 2227 2335 3648 
3236 4 0 3519 1158 1373 1308 
3237 4 0 2653 1187 2848 1331 
3238 4 0 2308 2965 1190 2024 
3239 4 0 1249 3224 687 1247 
3240 4 0 4191 3224 4153 1247 
3241 4 0 1159 2783 2324 2728 
3242 4 0 2324 2728 1586 1159 
3243 4 0 4412 707 3562 3402 
3244 4 0 1354 3427 3561 398 
3245 4 0 398 2717 3427 3561 
3246 4 0 4291 1469 2416 3597 
3247 4 0 4507 2947 2263 2415 
3248 4 0 4502 394 3986 214 
3249 4 0 1383 2947 2263 4507 
3250 4 0 2263 2947 2907 290 
3251 4 0 671 2290 3246 1924 
3252 4 0 2647 664 2027 1913 
3253 4 0 2290 3246 1924 4066 
3254 4 0 3405 2918 2033 1056 
3255 4 0 829 2041 1288 4058 
3256 4 0 829 4058 1288 2544 
3257 4 0 3145 2331 3118 2026 
3258 4 0 290 2947 1962 1961 
3259 4 0 2267 1557 367 1569 
3260 4 0 469 2744 1690 2561 
3261 4 0 3707 3230 469 3572 
3262 4 0 4075 2720 1623 2798 
3263 4 0 2458 1640 1557 3029 
3264 4 0 4080 2614 818 398 
3265 4 0 2499 1220 1843 2390 
3266 4 0 1672 2093 3574 4256 
3267 4 0 4452 2449 2717 2035 
3268 4 0 4452 2035 2717 1681 
3269 4 0 3146 2577 2489 2174 
3270 4 0 1127 1091 4394 2438 
3271 4 0 2648 79 70 3066 
3272 4 0 1501 2648 59 3066 
3273 4 0 1955 2092 2808 3152 
3274 4 0 365 445 900 405 
3275 4 0 2848 1954 1547 2265 
3276 4 0 2263 2947 290 4504 
3277 4 0 3186 1392 4544 2768 
3278 4 0 2761 1373 1308 3933 
3279 4 0 3898 2913 3544 2367 
3280 4 0 1555 3765 2392 2244 
3281 4 0 2274 2799 3140 696 
3282 4 0 783 2178 2426 1264 
3283 4 0 1209 2988 455 3599 
3284 4 0 2219 3024 1979 2097 
3285 4 0 1979 2279 3024 2219 
3286 4 0 2190 1706 1623 454 
3287 4 0 2798 2799 2764 1623 
3288 4 0 4214 4311 2128 715 
3289 4 0 3608 2525 2909 864 
3290 4 0 2320 2626 865 9 
3291 4 0 437 3608 2961 2267 
3292 4 0 1984 2196 2230 3365 
3293 4 0 1086 2418 3075 2575 
3294 4 0 2320 865 2448 9 
3295 4 0 2320 9 2448 14 
3296 4 0 3369 1086 2418 3075 
3297 4 0 2253 527 463 452 
3298 4 0 1579 1522 4008 2759 
3299 4 0 1522 4008 1855 1579 
3300 4 0 849 481 2410 985 
3301 4 0 1553 1730 1555 2271 
3302 4 0 2271 1730 1555 2244 
3303 4 0 3256 2673 225 244 
3304 4 0 665 2876 2893 3600 
3305 4 0 2164 1548 2511 2141 
3306 4 0 2526 2768 4290 1483 
3307 4 0 2470 1176 2084 2326 
3308 4 0 878 1072 335 2744 
3309 4 0 2391 4515 2436 2046 
3310 4 0 4325 2046 2436 933 
3311 4 0 2212 3381 3398 3285 
3312 4 0 584 445 425 2905 
3313 4 0 3805 2195 2645 521 
3314 4 0 373 3687 1843 2564 
3315 4 0 2491 2370 521 3805 
3316 4 0 3546 2813 2219 2926 
3317 4 0 1949 605 2622 1554 
3318 4 0 1949 2622 1950 1554 
3319 4 0 2047 3513 2101 3852 
3320 4 0 2070 2553 3217 2680 
3321 4 0 3409 1159 3308 370 
3322 4 0 3841 370 3308 1159 
3323 4 0 4319 2247 2682 2352 
3324 4 0 440 2488 519 143 
3325 4 0 1446 143 519 1969 
3326 4 0 440 143 519 1446 
3327 4 0 378 773 4095 4352 
3328 4 0 1090 3839 3434 506 
3329 4 0 4095 3446 378 4352 
3330 4 0 2049 529 2184 2858 
3331 4 0 622 529 2049 2858 
3332 4 0 4128 4075 2190 1706 
3333 4 0 2015 2065 3820 3225 
3334 4 0 769 2180 460 2727 
3335 4 0 1530 508 1664 1013 
3336 4 0 476 3814 4189 2065 
3337 4 0 3250 2140 1292 2107 
3338 4 0 3557 2573 3288 3450 
3339 4 0 1247 2185 2405 1308 
3340 4 0 3858 443 835 1256 
3341 4 0 2390 2227 48 3830 
3342 4 0 4254 3174 3025 563 
3343 4 0 566 3464 567 633 
3344 4 0 3180 369 1843 1220 
3345 4 0 3006 3180 1843 2499 
3346 4 0 2424 4244 3389 4018 
3347 4 0 1996 1727 1724 4575 
3348 4 0 589 3297 2387 3557 
3349 4 0 3297 2387 2075 589 
3350 4 0 2617 4332 2484 4565 
3351 4 0 2172 2099 1176 1250 
3352 4 0 3282 1258 1968 2106 
3353 4 0 454 1190 3352 2148 
3354 4 0 3732 2323 981 2651 
3355 4 0 3352 1190 454 2965 
3356 4 0 521 2195 2645 2441 
3357 4 0 2179 662 3685 183 
3358 4 0 3817 1960 2852 1632 
3359 4 0 4273 1650 239 2036 
3360 4 0 1300 572 3171 571 
3361 4 0 2899 248 206 785 
3362 4 0 2927 1224 1541 1685 
3363 4 0 634 383 1249 422 
3364 4 0 672 422 2234 634 
3365 4 0 1725 2177 2369 1658 
3366 4 0 2054 1577 2084 1549 
3367 4 0 1328 2054 2084 1549 
3368 4 0 2368 3969 2218 1338 
3369 4 0 674 2383 2773 3205 
3370 4 0 2226 3314 1955 3599 
3371 4 0 3152 1955 2226 2808 
3372 4 0 2213 1505 2571 2351 
3373 4 0 1951 506 410 418 
3374 4 0 2168 929 1541 3738 
3375 4 0 2205 2040 2216 2810 
3376 4 0 2329 2116 2810 2216 
3377 4 0 2155 2216 2810 2116 
3378 4 0 460 2216 2155 2116 
3379 4 0 2229 2340 2577 2489 
3380 4 0 3466 2233 521 3174 
3381 4 0 4438 462 2813 2461 
3382 4 0 4223 3546 980 462 
3383 4 0 3913 453 3152 3129 
3384 4 0 1961 1962 2019 2947 
3385 4 0 1550 2983 1551 515 
3386 4 0 2269 618 380 1987 
3387 4 0 2350 1452 2813 1994 
3388 4 0 2503 1987 2269 380 
3389 4 0 1452 2198 2813 1994 
3390 4 0 399 2001 508 4080 
3391 4 0 203 173 4080 1188 
3392 4 0 924 925 686 2815 
3393 4 0 924 2063 686 925 
3394 4 0 2317 3318 2164 1548 
3395 4 0 2359 3691 3356 2103 
3396 4 0 4222 2317 2164 2412 
3397 4 0 1565 2630 3151 428 
3398 4 0 925 1902 924 2063 
3399 4 0 1330 3540 2811 1017 
3400 4 0 1565 1768 3151 2630 
3401 4 0 3309 1331 1707 439 
3402 4 0 1190 2373 2965 2308 
3403 4 0 3444 2965 2373 2308 
3404 4 0 2271 2557 1322 617 
3405 4 0 2094 3821 2074 841 
3406 4 0 1090 506 418 3839 
3407 4 0 2271 3497 2329 2557 
3408 4 0 418 3137 1090 3839 
3409 4 0 2376 1537 2494 2619 
3410 4 0 3423 2086 2336 2122 
3411 4 0 2251 2055 2125 2931 
3412 4 0 2200 2290 2030 2551 
3413 4 0 983 2186 3257 2596 
3414 4 0 1402 2186 564 2717 
3415 4 0 1924 2290 1625 2551 
3416 4 0 281 2200 2030 2551 
3417 4 0 376 4178 2849 1610 
3418 4 0 2800 4039 995 4057 
3419 4 0 376 4178 1610 4428 
3420 4 0 2850 2357 3491 3515 
3421 4 0 2194 2055 2931 3322 
3422 4 0 855 1085 982 2655 
3423 4 0 2139 2974 2274 3788 
3424 4 0 2548 1221 771 3260 
3425 4 0 1099 2974 3233 3788 
3426 4 0 2717 3564 2035 2449 
3427 4 0 1713 2016 1998 2268 
3428 4 0 2016 2293 1998 2268 
3429 4 0 3337 1232 3531 1107 
3430 4 0 3280 3181 449 2732 
3431 4 0 2682 523 3109 401 
3432 4 0 1979 2279 2595 2224 
3433 4 0 917 2757 941 2859 
3434 4 0 1512 1184 2757 941 
3435 4 0 2066 2964 2673 2207 
3436 4 0 2776 984 672 1911 
3437 4 0 4241 2798 2799 2764 
3438 4 0 1565 3048 428 2512 
3439 4 0 766 3587 936 2617 
3440 4 0 2385 2614 2588 2714 
3441 4 0 376 3466 3063 1182 
3442 4 0 687 439 1290 3224 
3443 4 0 1236 433 156 3214 
3444 4 0 2385 3669 2588 2614 
3445 4 0 2154 2448 2320 2249 
3446 4 0 2320 865 2249 2448 
3447 4 0 3376 4552 4272 4553 
3448 4 0 1164 2556 2076 3094 
3449 4 0 2244 3096 2392 2666 
3450 4 0 2491 3174 521 1105 
3451 4 0 2116 393 461 2305 
3452 4 0 2116 393 2305 940 
3453 4 0 2695 967 3368 1609 
3454 4 0 2435 3298 3959 3097 
3455 4 0 134 1787 575 158 
3456 4 0 383 2992 2410 2043 
3457 4 0 3201 2517 2405 3793 
3458 4 0 3201 2517 3793 2121 
3459 4 0 1757 2229 2174 2489 
3460 4 0 4303 1016 919 585 
3461 4 0 617 2271 605 1554 
3462 4 0 2595 1979 3156 2097 
3463 4 0 2595 1979 2224 3156 
3464 4 0 1813 2019 1952 2250 
3465 4 0 1308 3933 1441 4191 
3466 4 0 3056 409 2047 465 
3467 4 0 3656 2047 3056 409 
3468 4 0 2511 2782 2158 3577 
3469 4 0 2141 2511 2164 3562 
3470 4 0 2511 3017 2164 2158 
3471 4 0 2107 3485 2119 2711 
3472 4 0 556 3921 3549 1440 
3473 4 0 2226 4083 3815 2299 
3474 4 0 616 1545 380 825 
3475 4 0 2511 4295 3403 2141 
3476 4 0 3007 450 1319 2923 
3477 4 0 3818 3158 4242 1067 
3478 4 0 377 2706 2089 1019 
3479 4 0 2266 2018 377 2706 
3480 4 0 1759 3812 519 1969 
3481 4 0 1759 519 143 1969 
3482 4 0 3280 3666 3935 3082 
3483 4 0 3035 2691 1005 3413 
3484 4 0 3337 2519 3119 2193 
3485 4 0 3006 3838 746 2564 
3486 4 0 3006 2564 746 1843 
3487 4 0 1067 3158 588 1988 
3488 4 0 3558 3839 3434 1166 
3489 4 0 2709 2323 2109 2926 
3490 4 0 2751 979 1426 428 
3491 4 0 3818 3158 1067 1988 
3492 4 0 2144 672 2380 1911 
3493 4 0 3309 1689 687 1735 
3494 4 0 2223 1077 600 2523 
3495 4 0 1593 1969 2340 1281 
3496 4 0 2652 3491 3878 563 
3497 4 0 3157 387 1184 1512 
3498 4 0 2551 1275 2290 2030 
3499 4 0 2551 1275 2030 436 
3500 4 0 2000 3852 465 2171 
3501 4 0 2000 414 3852 2171 
3502 4 0 2000 3852 2047 465 
3503 4 0 1988 2903 2307 2329 
3504 4 0 2047 3513 3852 2000 
3505 4 0 604 1182 2111 541 
3506 4 0 1280 3817 2576 2663 
3507 4 0 3237 572 1300 3365 
3508 4 0 3295 3335 3145 2331 
3509 4 0 2003 2041 2107 2484 
3510 4 0 981 3732 1191 2709 
3511 4 0 1021 2796 971 1972 
3512 4 0 3953 2796 971 1021 
3513 4 0 3953 2047 971 2796 
3514 4 0 3915 2308 4530 3645 
3515 4 0 420 3597 3539 1016 
3516 4 0 420 919 918 1016 
3517 4 0 522 2251 1993 3010 
3518 4 0 3157 1184 2757 1512 
3519 4 0 4426 2231 3464 3157 
3520 4 0 1439 4097 2565 3236 
3521 4 0 4024 3236 1953 3968 
3522 4 0 1719 3413 2006 2773 
3523 4 0 1067 1988 588 3050 
3524 4 0 3285 3628 3668 2231 
3525 4 0 3235 2206 2941 854 
3526 4 0 3648 854 1566 3474 
3527 4 0 1242 2559 1577 2908 
3528 4 0 2309 1793 2034 2787 
3529 4 0 3374 1337 3533 1815 
3530 4 0 259 448 2988 2475 
3531 4 0 984 2065 1670 3225 
3532 4 0 2274 1650 2036 4510 
3533 4 0 2244 3096 2666 3050 
3534 4 0 3938 2636 3071 2519 
3535 4 0 2151 3573 1584 1667 
3536 4 0 1936 1206 2946 2315 
3537 4 0 2237 3236 1439 2031 
3538 4 0 3031 2049 1005 861 
3539 4 0 1718 2049 3031 861 
3540 4 0 1006 2756 415 2013 
3541 4 0 1630 3439 1313 2089 
3542 4 0 2711 2003 2119 2107 
3543 4 0 2960 1479 1392 3633 
3544 4 0 2229 2577 2174 2489 
3545 4 0 3178 400 2329 2205 
3546 4 0 1152 2270 3241 902 
3547 4 0 1843 3474 2121 2572 
3548 4 0 2908 1577 1242 2195 
3549 4 0 3176 2813 3436 2420 
3550 4 0 2503 4073 1548 2412 
3551 4 0 1264 2570 2178 2212 
3552 4 0 569 1108 2570 4248 
3553 4 0 2178 2570 569 1108 
3554 4 0 365 445 2666 900 
3555 4 0 150 1204 2180 434 
3556 4 0 3357 365 2666 900 
3557 4 0 3462 2556 2339 1625 
3558 4 0 463 3346 2411 1827 
3559 4 0 1338 2176 3346 463 
3560 4 0 2026 1093 3548 2331 
3561 4 0 2385 2588 2205 2927 
3562 4 0 3602 2231 1184 917 
3563 4 0 2005 3628 1169 1184 
3564 4 0 2098 3602 2231 1184 
3565 4 0 1094 606 2079 2438 
3566 4 0 2148 2024 2336 2197 
3567 4 0 2180 169 1204 150 
3568 4 0 1713 466 2347 1391 
3569 4 0 450 3007 1319 549 
3570 4 0 2698 458 1919 2878 
3571 4 0 2698 3237 2878 3706 
3572 4 0 4427 1576 4405 2612 
3573 4 0 1300 3237 458 2698 
3574 4 0 458 3237 2878 2698 
3575 4 0 1924 2290 2889 671 
3576 4 0 2962 3396 680 2324 
3577 4 0 2680 2290 1275 2070 
3578 4 0 680 2324 1586 2962 
3579 4 0 2325 494 1804 2658 
3580 4 0 1414 2658 2325 1804 
3581 4 0 3558 1388 3434 410 
3582 4 0 1295 1199 450 3296 
3583 4 0 3296 2281 2507 1295 
3584 4 0 3405 2163 3020 1056 
3585 4 0 843 2043 1331 2615 
3586 4 0 2577 3146 1341 3229 
3587 4 0 2120 3559 560 3280 
3588 4 0 2561 3575 1510 1319 
3589 4 0 1319 3575 1690 2561 
3590 4 0 2923 3575 1690 1319 
3591 4 0 4297 2963 1386 624 
3592 4 0 2430 2417 2915 1511 
3593 4 0 553 2572 2539 2542 
3594 4 0 380 1023 374 825 
3595 4 0 380 1987 1023 825 
3596 4 0 2340 1969 1593 1759 
3597 4 0 143 1969 2340 1759 
3598 4 0 1764 3600 665 3179 
3599 4 0 2213 1154 2157 2571 
3600 4 0 2213 1235 2351 1507 
3601 4 0 2226 3863 3815 4083 
3602 4 0 2157 2213 2351 1507 
3603 4 0 2437 3564 2945 2035 
3604 4 0 2213 2795 1505 1235 
3605 4 0 2661 1722 549 354 
3606 4 0 2030 1275 2070 361 
3607 4 0 1184 1169 2220 3628 
3608 4 0 361 2070 3296 1275 
3609 4 0 3699 1275 3296 2680 
3610 4 0 1602 3755 1125 3204 
3611 4 0 2470 559 1176 1997 
3612 4 0 3387 534 3272 2183 
3613 4 0 2170 605 2662 3860 
3614 4 0 1235 1328 1839 2213 
3615 4 0 1235 3263 1328 3335 
3616 4 0 819 649 3264 2730 
3617 4 0 1706 3346 454 1827 
3618 4 0 2779 2757 2906 837 
3619 4 0 3346 1338 1230 3585 
3620 4 0 1589 2078 3026 420 
3621 4 0 2855 3346 1338 1230 
3622 4 0 802 2356 3105 1551 
3623 4 0 3105 2356 2694 1551 
3624 4 0 399 2678 2001 1291 
3625 4 0 2183 3556 2162 3272 
3626 4 0 3195 1332 3319 2496 
3627 4 0 456 1958 864 2525 
3628 4 0 2732 2751 423 3048 
3629 4 0 1845 1381 2096 2257 
3630 4 0 2025 2096 2163 1578 
3631 4 0 183 555 1084 2371 
3632 4 0 438 911 3372 2668 
3633 4 0 3259 2053 2929 1214 
3634 4 0 3755 4162 645 3146 
3635 4 0 2041 936 2124 2484 
3636 4 0 3282 1968 363 2106 
3637 4 0 2428 2300 1582 2037 
3638 4 0 2428 500 2037 1582 
3639 4 0 2845 3913 2000 3129 
3640 4 0 725 724 3863 3433 
3641 4 0 4015 2007 2370 3003 
3642 4 0 3130 2000 3129 2845 
3643 4 0 2730 2174 2042 2067 
3644 4 0 2829 2146 2730 1412 
3645 4 0 2829 2730 2146 2577 
3646 4 0 2608 534 3387 2975 
3647 4 0 2975 2156 534 813 
3648 4 0 369 3830 4388 2227 
3649 4 0 2970 370 2697 1578 
3650 4 0 3707 2580 2592 2744 
3651 4 0 1782 3953 3958 971 
3652 4 0 2589 1950 2603 2114 
3653 4 0 1971 1156 2413 417 
3654 4 0 3075 1156 2413 1971 
3655 4 0 2037 1514 1321 3075 
3656 4 0 1841 2641 3144 2138 
3657 4 0 1841 1751 3144 2641 
3658 4 0 2211 2027 664 531 
3659 4 0 3295 3335 2331 3263 
3660 4 0 1129 3263 3295 541 
3661 4 0 2197 2485 2953 2736 
3662 4 0 3161 3492 555 2526 
3663 4 0 3770 522 3010 4077 
3664 4 0 3697 2197 2953 3357 
3665 4 0 2074 1248 3163 2199 
3666 4 0 2580 2744 1199 3718 
3667 4 0 3287 2357 3061 3617 
3668 4 0 3010 522 4552 4077 
3669 4 0 1115 4277 1321 1114 
3670 4 0 4277 1321 2651 1115 
3671 4 0 4026 1792 504 3498 
3672 4 0 2411 2216 425 400 
3673 4 0 2561 1963 1961 469 
3674 4 0 1961 1963 2561 2019 
3675 4 0 2019 1961 2679 2561 
3676 4 0 1487 2943 2479 2348 
3677 4 0 3401 2348 1487 2479 
3678 4 0 1389 2397 3453 2838 
3679 4 0 2491 570 2349 1336 
3680 4 0 1706 2905 3346 1827 
3681 4 0 2111 4384 2481 3446 
3682 4 0 2998 746 3793 3522 
3683 4 0 3390 2247 3109 2682 
3684 4 0 2121 770 3896 3185 
3685 4 0 628 2682 523 960 
3686 4 0 442 3858 3483 1589 
3687 4 0 1589 835 3858 3483 
3688 4 0 4247 442 3483 1589 
3689 4 0 4247 4058 1589 3483 
3690 4 0 2002 2709 2260 853 
3691 4 0 1727 2525 505 2921 
3692 4 0 1760 429 3892 1098 
3693 4 0 2338 461 1911 2297 
3694 4 0 2921 2525 4503 1727 
3695 4 0 3583 2297 2338 1911 
3696 4 0 2157 2213 2571 2351 
3697 4 0 2124 936 2041 2182 
3698 4 0 3717 3944 677 1105 
3699 4 0 700 4423 2908 838 
3700 4 0 1331 2511 3562 3577 
3701 4 0 532 3148 458 2809 
3702 4 0 2033 939 4407 2353 
3703 4 0 2353 2033 803 3271 
3704 4 0 1970 1949 1709 2909 
3705 4 0 519 3884 3812 1611 
3706 4 0 51 3202 3639 2918 
3707 4 0 2918 3646 3639 51 
3708 4 0 3628 3138 2836 2432 
3709 4 0 3628 2326 3138 2432 
3710 4 0 1981 1385 3511 3476 
3711 4 0 1575 1992 421 1385 
3712 4 0 2558 3802 2163 1381 
3713 4 0 1414 2163 2241 2658 
3714 4 0 3026 420 2078 2745 
3715 4 0 1514 2503 1545 1845 
3716 4 0 1757 595 592 3109 
3717 4 0 2176 1338 3346 3585 
3718 4 0 623 4395 535 4415 
3719 4 0 2937 2929 3760 3340 
3720 4 0 4381 3061 3617 3287 
3721 4 0 2081 3170 1255 2916 
3722 4 0 3656 2047 409 440 
3723 4 0 3568 440 1446 409 
3724 4 0 2197 3357 827 1130 
3725 4 0 365 3357 2197 405 
3726 4 0 365 3357 405 900 
3727 4 0 2193 3119 2963 3071 
3728 4 0 4485 827 1494 2900 
3729 4 0 1579 375 1243 388 
3730 4 0 375 1579 1243 2740 
3731 4 0 2085 3249 3385 3062 
3732 4 0 1689 1735 3748 1565 
3733 4 0 3046 1959 2133 573 
3734 4 0 2814 411 2934 2355 
3735 4 0 2355 4515 2814 411 
3736 4 0 160 1652 2468 2922 
3737 4 0 1328 3241 1549 1839 
3738 4 0 2085 2009 2993 2150 
3739 4 0 1085 3686 982 2655 
3740 4 0 800 489 798 4424 
3741 4 0 1156 2219 2461 417 
3742 4 0 2787 1793 724 2808 
3743 4 0 2787 2808 724 2226 
3744 4 0 1996 2152 505 4502 
3745 4 0 3225 512 3820 2015 
3746 4 0 2339 1625 281 2453 
3747 4 0 1625 2551 281 2453 
3748 4 0 3599 2826 1209 2988 
3749 4 0 3369 3075 2239 500 
3750 4 0 2808 1955 2226 2787 
3751 4 0 6 2588 2927 1988 
3752 4 0 402 1988 4292 2588 
3753 4 0 2485 2953 2736 1412 
3754 4 0 3131 4292 992 2588 
3755 4 0 992 2588 4292 828 
3756 4 0 2239 1583 500 3075 
3757 4 0 425 2903 445 584 
3758 4 0 3427 3669 3290 2385 
3759 4 0 2448 3038 2913 2442 
3760 4 0 2602 2345 2880 1603 
3761 4 0 1864 120 2757 4446 
3762 4 0 1603 2897 2880 2602 
3763 4 0 4430 1420 3156 2547 
3764 4 0 1152 483 2270 2572 
3765 4 0 1152 483 2486 3241 
3766 4 0 953 956 412 3775 
3767 4 0 1312 2468 1628 1678 
3768 4 0 195 652 890 882 
3769 4 0 1270 3275 4231 3862 
3770 4 0 4231 3275 2748 3303 
3771 4 0 4231 2748 3275 3095 
3772 4 0 3601 2141 4019 4150 
3773 4 0 1162 890 882 220 
3774 4 0 108 3093 129 4368 
3775 4 0 313 436 2551 304 
3776 4 0 4224 3360 405 1706 
3777 4 0 1793 323 2034 2303 
3778 4 0 1682 2053 1214 2622 
3779 4 0 495 1214 1682 2450 
3780 4 0 2917 3602 3668 3465 
3781 4 0 462 2955 2420 2926 
3782 4 0 2813 2926 462 2420 
3783 4 0 4264 3986 4091 214 
3784 4 0 1192 1484 3803 3993 
3785 4 0 1324 1997 559 536 
3786 4 0 1324 3303 1997 536 
3787 4 0 2181 2195 600 2441 
3788 4 0 1248 2887 3678 2540 
3789 4 0 3163 2540 2335 1248 
3790 4 0 2660 3110 1345 1689 
3791 4 0 1537 2511 1954 237 
3792 4 0 1559 574 1563 3564 
3793 4 0 2511 1135 1707 2080 
3794 4 0 3326 1735 1707 3378 
3795 4 0 3571 1866 3866 2726 
3796 4 0 1707 4246 2080 1135 
3797 4 0 2065 634 984 564 
3798 4 0 2075 2173 2410 2043 
3799 4 0 2247 2389 3321 3922 
3800 4 0 2637 3924 1200 1076 
3801 4 0 200 2582 1132 3959 
3802 4 0 4147 1076 2637 1200 
3803 4 0 3539 444 3597 420 
3804 4 0 2468 4166 589 586 
3805 4 0 3597 2246 1288 444 
3806 4 0 2204 1529 2362 4166 
3807 4 0 586 2204 2362 4166 
3808 4 0 440 519 3513 2047 
3809 4 0 2202 422 2839 1123 
3810 4 0 1334 2496 2175 3179 
3811 4 0 1591 2967 1623 2218 
3812 4 0 1591 2764 1623 2042 
3813 4 0 2207 3108 3936 1742 
3814 4 0 3986 2207 3936 1742 
3815 4 0 3050 425 2307 2903 
3816 4 0 2271 425 3050 1974 
3817 4 0 3244 3152 2243 1346 
3818 4 0 2642 1238 3147 585 
3819 4 0 3147 1238 2642 448 
3820 4 0 1346 1100 3152 2243 
3821 4 0 2163 3020 1056 1578 
3822 4 0 2813 2926 2420 3176 
3823 4 0 2818 2880 2414 3112 
3824 4 0 2019 2369 2250 1813 
3825 4 0 1954 1551 2356 802 
3826 4 0 2391 3587 2182 2436 
3827 4 0 2940 3142 2072 2399 
3828 4 0 2391 2436 4515 3587 
3829 4 0 1080 3011 556 2261 
3830 4 0 1023 2677 374 825 
3831 4 0 460 2040 435 2155 
3832 4 0 3452 1011 2605 4461 
3833 4 0 2286 2593 366 1317 
3834 4 0 4491 3092 1012 4598 
3835 4 0 1741 394 516 4502 
3836 4 0 4491 1012 520 4598 
3837 4 0 197 222 1741 394 
3838 4 0 1389 2397 3990 3453 
3839 4 0 3452 1011 4461 613 
3840 4 0 401 2174 3133 2492 
3841 4 0 3133 2042 2174 2967 
3842 4 0 2100 3838 4111 1205 
3843 4 0 4111 2100 1205 4349 
3844 4 0 4349 4111 1059 4350 
3845 4 0 4350 1205 4349 4111 
3846 4 0 2160 1252 1591 396 
3847 4 0 4431 4428 381 3074 
3848 4 0 463 2373 2176 1190 
3849 4 0 1476 1475 2194 1209 
3850 4 0 1820 1209 1475 1476 
3851 4 0 2448 626 3038 2154 
3852 4 0 1608 3074 381 4428 
3853 4 0 4428 4431 376 1234 
3854 4 0 2475 2314 2797 2736 
3855 4 0 1234 376 902 4431 
3856 4 0 3539 3101 2397 2088 
3857 4 0 2131 3347 2359 1016 
3858 4 0 2216 2205 400 2040 
3859 4 0 1259 3435 539 2505 
3860 4 0 1734 3534 2329 1306 
3861 4 0 2036 217 4510 1650 
3862 4 0 4603 2795 3335 1235 
3863 4 0 2036 4510 217 613 
3864 4 0 2259 2377 104 2757 
3865 4 0 2451 2493 4597 2377 
3866 4 0 3355 599 2451 995 
3867 4 0 1474 1680 3068 3595 
3868 4 0 1234 376 4178 2270 
3869 4 0 376 4178 2270 2849 
3870 4 0 3852 2000 3513 414 
3871 4 0 843 2524 1249 383 
3872 4 0 3483 4593 3858 834 
3873 4 0 4593 3858 834 4033 
3874 4 0 3030 489 798 800 
3875 4 0 3030 4402 798 2645 
3876 4 0 202 1188 818 398 
3877 4 0 1439 2031 3236 2565 
3878 4 0 1957 395 3683 2341 
3879 4 0 1957 395 3105 3683 
3880 4 0 2129 1006 2580 2013 
3881 4 0 431 641 2520 432 
3882 4 0 375 1241 2017 1243 
3883 4 0 363 2125 583 1968 
3884 4 0 363 1968 583 2477 
3885 4 0 2910 501 749 2217 
3886 4 0 766 2617 3386 4565 
3887 4 0 2910 2217 2144 1123 
3888 4 0 2409 3034 821 379 
3889 4 0 3924 2935 1200 2530 
3890 4 0 3097 1012 1864 4598 
3891 4 0 2927 2714 6 3213 
3892 4 0 4254 3174 1896 3466 
3893 4 0 3545 4566 2013 2683 
3894 4 0 2290 671 1275 2889 
3895 4 0 2107 2408 1071 2885 
3896 4 0 2142 1763 1236 2023 
3897 4 0 366 3328 3011 1990 
3898 4 0 677 3944 3717 2156 
3899 4 0 3768 2156 3717 3944 
3900 4 0 2392 2900 1976 2215 
3901 4 0 3635 686 2392 2900 
3902 4 0 1555 2392 1976 2215 
3903 4 0 3038 2156 2747 1779 
3904 4 0 2628 3944 677 2156 
3905 4 0 207 586 4466 4522 
3906 4 0 4522 242 207 586 
3907 4 0 2686 3398 2878 566 
3908 4 0 1699 3782 3504 1932 
3909 4 0 2024 2336 2179 4062 
3910 4 0 4522 2204 242 586 
3911 4 0 2201 367 2104 2961 
3912 4 0 1295 1199 2284 450 
3913 4 0 1199 2284 2281 1295 
3914 4 0 2201 3608 2267 2961 
3915 4 0 3455 679 4113 3408 
3916 4 0 3462 1937 2453 2339 
3917 4 0 3017 1548 2511 2164 
3918 4 0 2410 2075 2043 3659 
3919 4 0 1246 2405 1247 2185 
3920 4 0 3580 2733 1246 1247 
3921 4 0 2567 3376 4272 1475 
3922 4 0 3721 2018 2515 377 
3923 4 0 3721 2018 377 1245 
3924 4 0 1374 1276 1798 3217 
3925 4 0 442 2014 2846 3364 
3926 4 0 3217 3817 2576 1798 
3927 4 0 2427 2382 4523 2851 
3928 4 0 3015 451 2382 4523 
3929 4 0 379 3614 1866 1867 
3930 4 0 464 3186 2179 662 
3931 4 0 2179 662 1084 464 
3932 4 0 3448 3370 2471 2913 
3933 4 0 3620 3408 4032 4113 
3934 4 0 41 2913 684 53 
3935 4 0 1867 1866 379 2726 
3936 4 0 2401 3663 864 437 
3937 4 0 1318 2590 3009 3306 
3938 4 0 3233 1338 596 247 
3939 4 0 2709 1735 2260 853 
3940 4 0 1663 3863 1965 3815 
3941 4 0 2223 2441 368 2181 
3942 4 0 601 3330 3551 1058 
3943 4 0 3358 247 230 897 
3944 4 0 2848 2511 2615 2782 
3945 4 0 1331 2615 2848 2511 
3946 4 0 1238 1976 2077 686 
3947 4 0 2397 686 2077 1976 
3948 4 0 2711 2221 2003 2484 
3949 4 0 575 4455 4452 3561 
3950 4 0 2519 3531 3337 3119 
3951 4 0 2384 3384 2073 948 
3952 4 0 2154 3038 2448 2249 
3953 4 0 865 3038 2249 2448 
3954 4 0 2964 2422 2207 2833 
3955 4 0 2964 267 2422 255 
3956 4 0 2964 267 2673 3256 
3957 4 0 1116 3088 2090 4121 
3958 4 0 2906 3157 1512 4448 
3959 4 0 1204 150 1945 434 
3960 4 0 434 2236 1945 1204 
3961 4 0 388 533 1579 3892 
3962 4 0 802 2090 3732 423 
3963 4 0 2356 423 2751 2090 
3964 4 0 1105 1335 3944 2628 
3965 4 0 1098 3892 388 1579 
3966 4 0 3382 2234 2665 672 
3967 4 0 2867 933 2395 830 
3968 4 0 3105 2694 3280 1991 
3969 4 0 2062 2153 847 1648 
3970 4 0 3855 4197 3004 3085 
3971 4 0 3225 509 3395 1670 
3972 4 0 1042 664 1301 2647 
3973 4 0 2813 2109 3176 2198 
3974 4 0 1637 2065 1670 1642 
3975 4 0 3376 4552 1900 4272 
3976 4 0 2025 1542 2950 2887 
3977 4 0 2567 3376 1900 4272 
3978 4 0 2965 2176 454 3751 
3979 4 0 3450 399 2596 2387 
3980 4 0 2603 506 1951 3760 
3981 4 0 399 1119 1664 1013 
3982 4 0 3340 612 3315 2603 
3983 4 0 2965 4219 2176 3762 
3984 4 0 2965 4219 3704 2176 
3985 4 0 1841 2597 1751 2568 
3986 4 0 2335 1078 369 1248 
3987 4 0 2316 3461 2975 3061 
3988 4 0 2316 3461 3383 2975 
3989 4 0 3395 3225 2015 512 
3990 4 0 3395 1637 2015 3225 
3991 4 0 2977 3797 2151 2141 
3992 4 0 1250 1997 2099 1176 
3993 4 0 3726 802 2376 1954 
3994 4 0 2510 4286 3797 3261 
3995 4 0 3726 2376 1537 1954 
3996 4 0 3796 3211 3626 2397 
3997 4 0 1158 1308 3519 3107 
3998 4 0 4493 1684 2457 3170 
3999 4 0 2000 2047 971 2296 
4000 4 0 523 2492 2136 401 
4001 4 0 3607 3574 2301 1158 
4002 4 0 1308 2093 3607 1158 
4003 4 0 1640 2107 1292 2140 
4004 4 0 3250 3266 3238 2140 
4005 4 0 2485 2148 454 3221 
4006 4 0 521 3551 1527 3153 
4007 4 0 521 3551 3153 601 
4008 4 0 537 4417 1599 4414 
4009 4 0 1682 1214 3259 2450 
4010 4 0 1984 3174 2599 2230 
4011 4 0 2395 1968 3540 2311 
4012 4 0 1974 2666 2215 365 
4013 4 0 2244 2666 2215 1974 
4014 4 0 2019 2561 2679 3619 
4015 4 0 400 2040 435 460 
4016 4 0 1354 4455 398 3561 
4017 4 0 1018 2097 3024 3 
4018 4 0 1346 3244 3152 3242 
4019 4 0 2723 4368 4372 4189 
4020 4 0 3148 3285 4394 2372 
4021 4 0 3619 2019 2947 2679 
4022 4 0 476 4189 4368 2762 
4023 4 0 2399 2942 2940 2801 
4024 4 0 2373 3444 2308 4155 
4025 4 0 4454 1356 2562 397 
4026 4 0 402 4292 3131 2588 
4027 4 0 1067 2244 2734 3050 
4028 4 0 3050 2244 2734 2271 
4029 4 0 684 2058 1260 3544 
4030 4 0 4183 2588 402 3131 
4031 4 0 4261 1540 1229 2745 
4032 4 0 2617 3587 936 2124 
4033 4 0 3358 213 897 230 
4034 4 0 1510 3575 2561 562 
4035 4 0 1446 555 3568 409 
4036 4 0 897 4580 213 3358 
4037 4 0 2329 2205 828 2927 
4038 4 0 1193 221 1309 2713 
4039 4 0 886 3766 934 2785 
4040 4 0 2058 2017 1260 3544 
4041 4 0 2836 3398 3285 458 
4042 4 0 485 1170 1353 3836 
4043 4 0 2694 3114 502 1668 
4044 4 0 2214 2652 3491 3878 
4045 4 0 935 2809 2432 2331 
4046 4 0 1353 2562 3117 3602 
4047 4 0 1150 936 550 829 
4048 4 0 4508 1307 2863 2838 
4049 4 0 2713 940 1309 881 
4050 4 0 4525 2336 2238 3397 
4051 4 0 917 2562 941 1184 
4052 4 0 2862 882 1309 940 
4053 4 0 2763 1084 441 2691 
4054 4 0 2763 1084 2691 424 
4055 4 0 3986 1860 1695 1862 
4056 4 0 2578 1557 3072 1851 
4057 4 0 1557 1682 3072 1851 
4058 4 0 2207 3108 1742 1862 
4059 4 0 2658 4185 1286 2515 
4060 4 0 2321 3270 2983 2414 
4061 4 0 2848 2321 1331 1187 
4062 4 0 2098 2231 3628 1184 
4063 4 0 515 486 1551 503 
4064 4 0 4076 1936 1057 1527 
4065 4 0 4265 3309 2660 1331 
4066 4 0 3370 3544 568 3898 
4067 4 0 589 928 2678 2573 
4068 4 0 2541 928 2678 3978 
4069 4 0 3765 2838 1555 2392 
4070 4 0 1511 2191 4060 319 
4071 4 0 1955 2055 2251 2931 
4072 4 0 766 3587 2617 2814 
4073 4 0 562 2814 766 415 
4074 4 0 383 1444 2587 2234 
4075 4 0 4123 413 3900 4498 
4076 4 0 3405 2033 2918 3542 
4077 4 0 2453 2551 281 436 
4078 4 0 2862 393 652 882 
4079 4 0 3070 2855 3135 3346 
4080 4 0 2862 393 1872 652 
4081 4 0 2784 1872 2862 393 
4082 4 0 3378 2126 2020 2169 
4083 4 0 1920 400 584 3178 
4084 4 0 2596 1664 173 4080 
4085 4 0 3378 2126 2169 1357 
4086 4 0 1182 1608 541 381 
4087 4 0 3182 3600 2659 3179 
4088 4 0 827 2215 2666 365 
4089 4 0 1482 4305 3579 3881 
4090 4 0 2456 532 1093 4353 
4091 4 0 153 394 176 4356 
4092 4 0 4539 2014 4247 4302 
4093 4 0 2197 2475 1130 259 
4094 4 0 467 3152 2226 2808 
4095 4 0 1938 1061 1216 1240 
4096 4 0 4294 3536 1216 1183 
4097 4 0 1447 865 2249 1448 
4098 4 0 2929 2711 3485 2885 
4099 4 0 3464 4248 2570 1108 
4100 4 0 4497 3368 4473 1068 
4101 4 0 381 1839 3074 1985 
4102 4 0 381 1985 3074 1608 
4103 4 0 1935 2883 2895 3199 
4104 4 0 2895 2883 2463 3199 
4105 4 0 3285 799 4401 632 
4106 4 0 3382 3231 2839 2144 
4107 4 0 3140 692 2799 2764 
4108 4 0 3585 2799 3323 2798 
4109 4 0 2037 2503 2914 2510 
4110 4 0 2463 2883 2895 2143 
4111 4 0 1552 2152 1970 2921 
4112 4 0 2503 2257 2037 3478 
4113 4 0 2300 2037 2914 2510 
4114 4 0 1314 2053 2119 443 
4115 4 0 1682 443 2119 2053 
4116 4 0 1968 2416 2311 2395 
4117 4 0 2451 3334 3157 2757 
4118 4 0 2906 4426 3334 3157 
4119 4 0 3540 1968 2395 3849 
4120 4 0 654 2180 194 435 
4121 4 0 753 2578 3469 2201 
4122 4 0 654 435 194 768 
4123 4 0 224 768 194 435 
4124 4 0 1583 1514 2037 3075 
4125 4 0 1208 3042 748 4136 
4126 4 0 1583 1514 1971 2257 
4127 4 0 4136 748 1208 4351 
4128 4 0 401 523 3109 2136 
4129 4 0 2968 3846 1472 2176 
4130 4 0 3607 1967 2093 1308 
4131 4 0 506 3760 2501 1951 
4132 4 0 2866 3748 1524 2260 
4133 4 0 2297 3563 434 2236 
4134 4 0 1861 3125 2205 3189 
4135 4 0 3032 2332 2364 1911 
4136 4 0 3210 506 3013 612 
4137 4 0 256 3384 1778 1611 
4138 4 0 3384 2073 1778 1611 
4139 4 0 1712 2006 1439 2031 
4140 4 0 442 3158 588 1067 
4141 4 0 542 711 3062 881 
4142 4 0 3648 1566 371 3474 
4143 4 0 3755 3133 3859 645 
4144 4 0 2297 769 461 1911 
4145 4 0 3691 2892 2103 651 
4146 4 0 3599 2911 2299 942 
4147 4 0 3599 3863 2226 4083 
4148 4 0 3938 2599 3365 1908 
4149 4 0 2517 2572 483 2533 
4150 4 0 3365 2672 1908 1984 
4151 4 0 3352 2965 2024 1190 
4152 4 0 2148 2024 2197 1190 
4153 4 0 1745 1108 4252 868 
4154 4 0 1745 868 4342 1108 
4155 4 0 2715 664 2654 968 
4156 4 0 1450 821 2839 511 
4157 4 0 710 2611 3062 1261 
4158 4 0 121 575 1263 3814 
4159 4 0 2321 2848 2043 2414 
4160 4 0 3175 2760 1736 4506 
4161 4 0 2517 3201 2405 3614 
4162 4 0 2213 1235 1505 2351 
4163 4 0 1959 864 603 437 
4164 4 0 696 692 2799 3140 
4165 4 0 4265 1331 1707 3309 
4166 4 0 445 1665 3623 816 
4167 4 0 2307 2329 3497 4047 
4168 4 0 1514 1583 2037 2257 
4169 4 0 2590 3009 3122 2419 
4170 4 0 1827 1190 454 2148 
4171 4 0 1827 2148 2197 1190 
4172 4 0 1142 176 153 394 
4173 4 0 2076 2556 1658 2683 
4174 4 0 2590 2860 2419 3122 
4175 4 0 2879 845 479 2524 
4176 4 0 2830 450 3572 2744 
4177 4 0 2660 843 1331 3309 
4178 4 0 1390 3356 3539 2359 
4179 4 0 783 148 1360 167 
4180 4 0 2973 2752 403 3807 
4181 4 0 373 3627 3687 2564 
4182 4 0 2564 373 3627 1546 
4183 4 0 1054 1101 3687 373 
4184 4 0 373 714 4370 3627 
4185 4 0 373 3627 4370 1101 
4186 4 0 1101 3627 3687 373 
4187 4 0 2210 2739 2159 2559 
4188 4 0 753 2330 2578 3354 
4189 4 0 3354 2330 2578 3379 
4190 4 0 2653 4253 1187 745 
4191 4 0 1938 4294 1216 1183 
4192 4 0 3171 3496 3938 4359 
4193 4 0 497 4545 2149 3130 
4194 4 0 1745 2178 4342 4343 
4195 4 0 1745 569 4252 1108 
4196 4 0 2599 2850 1908 3938 
4197 4 0 3581 439 2080 2877 
4198 4 0 1984 2599 2214 1908 
4199 4 0 497 4545 308 318 
4200 4 0 3742 1984 2214 1908 
4201 4 0 966 2585 3021 3806 
4202 4 0 1537 2376 2494 2141 
4203 4 0 224 435 194 1495 
4204 4 0 4150 4295 1537 2141 
4205 4 0 4121 2560 1749 2090 
4206 4 0 1491 2900 1918 3824 
4207 4 0 4346 4581 2456 3586 
4208 4 0 4088 1558 3644 2405 
4209 4 0 3416 4243 4487 2916 
4210 4 0 1558 3793 3644 2405 
4211 4 0 3262 2281 3594 1199 
4212 4 0 2022 364 361 2507 
4213 4 0 2284 2106 3783 549 
4214 4 0 3430 821 1123 2839 
4215 4 0 183 3128 555 2371 
4216 4 0 3301 3685 555 2526 
4217 4 0 2142 2383 1347 1980 
4218 4 0 3262 2999 3250 1006 
4219 4 0 1139 2944 2480 590 
4220 4 0 3285 2231 2220 3628 
4221 4 0 1184 2231 2220 3157 
4222 4 0 4426 3157 2220 2231 
4223 4 0 2944 2490 2480 590 
4224 4 0 2480 1139 590 2165 
4225 4 0 3183 3468 3377 893 
4226 4 0 3307 4542 3161 2526 
4227 4 0 2369 416 2250 1813 
4228 4 0 468 1629 3971 1021 
4229 4 0 468 1531 3971 1629 
4230 4 0 3216 2888 2256 3765 
4231 4 0 1738 2256 3765 3216 
4232 4 0 2517 3793 1558 2405 
4233 4 0 3602 2071 1011 2105 
4234 4 0 4409 482 2414 4411 
4235 4 0 2655 417 2413 4053 
4236 4 0 2655 1159 2413 417 
4237 4 0 3259 2119 2929 2053 
4238 4 0 2158 479 3562 3577 
4239 4 0 3614 379 484 3430 
4240 4 0 4192 143 1446 2340 
4241 4 0 369 1220 4388 3830 
4242 4 0 1839 3241 1549 381 
4243 4 0 3769 3633 962 3317 
4244 4 0 509 3888 2665 3225 
4245 4 0 1911 984 2665 3225 
4246 4 0 1670 2665 3225 509 
4247 4 0 3352 3221 2657 2466 
4248 4 0 3427 818 2614 398 
4249 4 0 1992 2383 1980 1765 
4250 4 0 2142 2383 1980 1992 
4251 4 0 3966 1579 2759 1522 
4252 4 0 3474 3648 1843 2335 
4253 4 0 2396 3694 726 2808 
4254 4 0 818 3427 2614 3669 
4255 4 0 2012 466 2371 1084 
4256 4 0 4173 1307 4609 4165 
4257 4 0 3423 2238 2122 2336 
4258 4 0 1705 1197 2863 4173 
4259 4 0 1197 1307 4165 1034 
4260 4 0 3087 1095 1474 1412 
4261 4 0 2713 711 221 542 
4262 4 0 1475 1344 1209 1820 
4263 4 0 2527 4253 1187 2502 
4264 4 0 886 547 3766 2785 
4265 4 0 764 1033 2053 1032 
4266 4 0 369 1248 3163 2335 
4267 4 0 2213 1328 2795 1235 
4268 4 0 2795 1235 1328 3335 
4269 4 0 2373 463 452 3015 
4270 4 0 527 2253 1297 452 
4271 4 0 463 2253 3015 1264 
4272 4 0 452 1297 527 1459 
4273 4 0 1381 2163 2353 3271 
4274 4 0 3732 2254 2323 2651 
4275 4 0 2369 651 2756 2013 
4276 4 0 1067 3096 2244 3050 
4277 4 0 1990 2346 1080 366 
4278 4 0 1754 2748 2023 3303 
4279 4 0 2341 395 3683 3508 
4280 4 0 4281 257 2204 4232 
4281 4 0 3068 3595 4534 4226 
4282 4 0 4281 2204 257 2872 
4283 4 0 534 3516 533 499 
4284 4 0 2872 2204 2541 4281 
4285 4 0 3633 3141 1479 1392 
4286 4 0 3497 1740 2307 4047 
4287 4 0 3575 316 1690 1031 
4288 4 0 1954 2376 1537 237 
4289 4 0 1300 3938 2698 2519 
4290 4 0 3807 524 2270 2195 
4291 4 0 561 2752 3807 1576 
4292 4 0 3807 524 2195 1576 
4293 4 0 689 2670 3213 2720 
4294 4 0 403 524 2270 3807 
4295 4 0 918 3597 2188 420 
4296 4 0 3597 918 2188 3282 
4297 4 0 1911 3583 3564 2065 
4298 4 0 601 2195 3153 521 
4299 4 0 1391 1712 2012 1439 
4300 4 0 1439 2012 1391 2565 
4301 4 0 3704 3698 2373 1343 
4302 4 0 672 3537 3286 2997 
4303 4 0 4201 3537 672 2997 
4304 4 0 2697 1578 3409 1845 
4305 4 0 3020 3409 370 1578 
4306 4 0 3239 2519 3337 2193 
4307 4 0 2437 1251 3427 2385 
4308 4 0 3239 3337 2487 2193 
4309 4 0 2706 3715 1573 3405 
4310 4 0 2690 3923 2084 1641 
4311 4 0 4172 3286 2434 3924 
4312 4 0 1076 3924 3286 4172 
4313 4 0 3247 3063 1892 3611 
4314 4 0 2408 2124 2756 3809 
4315 4 0 2006 2383 2773 3413 
4316 4 0 877 876 863 950 
4317 4 0 3247 3063 1984 1892 
4318 4 0 2723 2128 2338 393 
4319 4 0 2597 2087 1751 2568 
4320 4 0 1385 1992 421 2383 
4321 4 0 1397 3673 1981 1385 
4322 4 0 1437 3300 421 3341 
4323 4 0 1086 2037 1321 3075 
4324 4 0 4058 3796 4302 4247 
4325 4 0 4600 179 1043 3097 
4326 4 0 2037 1321 2327 1086 
4327 4 0 2739 1045 2406 3965 
4328 4 0 2408 3250 2107 3266 
4329 4 0 3528 2408 3266 3250 
4330 4 0 2498 1332 3319 3195 
4331 4 0 3445 1798 2576 2749 
4332 4 0 1771 2787 2635 2251 
4333 4 0 441 464 662 2308 
4334 4 0 1084 464 662 441 
4335 4 0 464 2024 3186 2308 
4336 4 0 2179 3186 464 2024 
4337 4 0 183 662 1084 2179 
4338 4 0 2340 4192 3492 1446 
4339 4 0 2418 4139 3541 4053 
4340 4 0 991 2418 2413 3075 
4341 4 0 3541 2413 991 2418 
4342 4 0 397 1355 4454 1356 
4343 4 0 1078 2199 369 1248 
4344 4 0 585 2088 3147 3347 
4345 4 0 567 868 1108 566 
4346 4 0 566 3464 2212 1108 
4347 4 0 3125 2385 1750 3290 
4348 4 0 567 3464 566 1108 
4349 4 0 868 2878 1108 566 
4350 4 0 1750 2385 2631 3290 
4351 4 0 3241 1152 483 2270 
4352 4 0 3464 1108 2570 2212 
4353 4 0 2878 2212 1108 566 
4354 4 0 2311 1016 918 2417 
4355 4 0 588 834 4255 442 
4356 4 0 1504 2333 1090 3434 
4357 4 0 1391 1712 466 2012 
4358 4 0 3560 3178 2927 4137 
4359 4 0 2927 4137 3738 3560 
4360 4 0 232 711 221 2713 
4361 4 0 2713 232 881 1193 
4362 4 0 2713 881 232 711 
4363 4 0 3250 3262 3192 1400 
4364 4 0 3262 788 1400 2991 
4365 4 0 2124 2408 2107 2885 
4366 4 0 2175 2496 526 1904 
4367 4 0 2175 1904 2334 1983 
4368 4 0 841 2025 3271 3154 
4369 4 0 1331 2653 2511 2848 
4370 4 0 491 2321 1331 2660 
4371 4 0 1712 1439 1391 2031 
4372 4 0 984 3225 1670 2665 
4373 4 0 984 2665 2010 2234 
4374 4 0 984 2665 1670 2010 
4375 4 0 1242 1272 2195 643 
4376 4 0 1574 1271 1272 2159 
4377 4 0 1574 1272 2195 1242 
4378 4 0 2479 439 2877 1987 
4379 4 0 3378 2348 1994 3581 
4380 4 0 1452 439 2479 1019 
4381 4 0 1084 3413 424 404 
4382 4 0 2066 3043 2833 2579 
4383 4 0 2269 2412 4073 2503 
4384 4 0 2231 3668 2098 3628 
4385 4 0 2821 3465 2917 3668 
4386 4 0 2524 2202 1249 383 
4387 4 0 2257 1971 2962 1845 
4388 4 0 561 2973 2881 3807 
4389 4 0 3633 1404 2960 1479 
4390 4 0 4043 2987 3778 3149 
4391 4 0 948 683 2073 2384 
4392 4 0 1579 3892 1855 1522 
4393 4 0 3367 1523 1217 4317 
4394 4 0 2222 2435 2282 3959 
4395 4 0 2222 2435 2313 2282 
4396 4 0 4125 1796 1810 4045 
4397 4 0 2968 2176 2218 1338 
4398 4 0 3969 2668 2218 2968 
4399 4 0 3796 3096 2244 1067 
4400 4 0 3492 2489 780 2526 
4401 4 0 2567 3242 455 1344 
4402 4 0 3242 1344 3244 455 
4403 4 0 2205 2454 828 3669 
4404 4 0 2834 419 1778 3705 
4405 4 0 1778 2073 948 683 
4406 4 0 2287 2055 3600 1764 
4407 4 0 2287 2876 1764 3600 
4408 4 0 222 197 1142 394 
4409 4 0 2044 373 1673 3474 
4410 4 0 4434 2062 3764 3941 
4411 4 0 2372 3630 1986 2212 
4412 4 0 1259 1241 3435 2505 
4413 4 0 2212 1333 3630 460 
4414 4 0 2184 385 3696 2654 
4415 4 0 2196 1892 3255 2672 
4416 4 0 4403 2196 1892 3255 
4417 4 0 2311 2417 918 583 
4418 4 0 2489 1757 3109 2136 
4419 4 0 2189 1682 552 4181 
4420 4 0 495 2843 1682 4181 
4421 4 0 714 426 373 1869 
4422 4 0 3691 1030 3103 1198 
4423 4 0 3691 4107 1198 3103 
4424 4 0 2765 1661 688 2288 
4425 4 0 3806 2585 4202 1341 
4426 4 0 3509 3077 1803 3270 
4427 4 0 3017 3034 2164 718 
4428 4 0 3333 2257 2503 3478 
4429 4 0 4221 4281 3833 2541 
4430 4 0 2541 710 4281 3833 
4431 4 0 3085 1154 2213 2676 
4432 4 0 1650 254 270 4273 
4433 4 0 1238 2077 817 2837 
4434 4 0 918 583 1968 2311 
4435 4 0 2311 583 2191 2417 
4436 4 0 1827 454 405 2148 
4437 4 0 583 2191 2295 2477 
4438 4 0 3892 533 1809 1810 
4439 4 0 2692 1851 2085 928 
4440 4 0 2295 2191 4060 2477 
4441 4 0 2915 1511 2191 2374 
4442 4 0 1524 1345 1689 2630 
4443 4 0 832 2555 402 4592 
4444 4 0 3031 861 2773 2643 
4445 4 0 3031 861 1005 2773 
4446 4 0 4592 1189 2555 402 
4447 4 0 4592 1189 402 2891 
4448 4 0 3202 2273 3639 3542 
4449 4 0 3752 600 2612 2195 
4450 4 0 747 484 4088 2405 
4451 4 0 1123 3258 4153 2405 
4452 4 0 2839 4153 2202 1123 
4453 4 0 573 2133 3588 2663 
4454 4 0 450 1690 2744 1319 
4455 4 0 388 375 3977 3868 
4456 4 0 3461 578 3383 4324 
4457 4 0 3379 2578 3354 2201 
4458 4 0 4324 3615 3461 578 
4459 4 0 3461 3617 578 3615 
4460 4 0 3141 1215 2768 1392 
4461 4 0 1215 3317 3141 2585 
4462 4 0 2661 549 3783 2106 
4463 4 0 1855 1809 1521 3892 
4464 4 0 1812 1796 3525 4013 
4465 4 0 2796 3513 1978 519 
4466 4 0 2796 3513 4018 1978 
4467 4 0 3141 1215 1392 3633 
4468 4 0 3513 4018 3913 2796 
4469 4 0 3892 1809 1520 1810 
4470 4 0 1809 3892 1855 4441 
4471 4 0 1813 416 2177 2369 
4472 4 0 3096 1067 3796 442 
4473 4 0 1987 2794 1023 2677 
4474 4 0 4445 3837 1807 1814 
4475 4 0 1512 387 3209 4601 
4476 4 0 317 3707 3425 325 
4477 4 0 3571 3614 1866 379 
4478 4 0 1529 3978 2204 4232 
4479 4 0 2223 600 2181 2523 
4480 4 0 1529 4166 2204 3978 
4481 4 0 773 3201 2946 501 
4482 4 0 2119 3485 3827 4151 
4483 4 0 3205 674 2822 861 
4484 4 0 2678 3978 928 589 
4485 4 0 2847 2189 2150 2993 
4486 4 0 519 1759 2488 1778 
4487 4 0 879 3259 811 2450 
4488 4 0 2408 1818 2885 3809 
4489 4 0 2206 2472 3235 2113 
4490 4 0 2140 778 1982 3238 
4491 4 0 2140 3192 778 3238 
4492 4 0 2268 860 1606 2293 
4493 4 0 397 2714 1402 2437 
4494 4 0 2961 1455 2267 367 
4495 4 0 437 1455 2267 2961 
4496 4 0 3379 3608 437 2267 
4497 4 0 3608 2201 2267 3379 
4498 4 0 2487 1107 4382 3592 
4499 4 0 2441 2249 2154 2223 
4500 4 0 3383 2708 3071 1873 
4501 4 0 2405 2517 1158 1308 
4502 4 0 2642 4548 2077 585 
4503 4 0 2162 3556 2690 3272 
4504 4 0 3015 4528 452 4526 
4505 4 0 3147 688 2642 1289 
4506 4 0 4526 2616 452 3846 
4507 4 0 1546 373 714 426 
4508 4 0 2407 4247 4302 3796 
4509 4 0 3779 4527 2797 4299 
4510 4 0 1537 2511 237 2141 
4511 4 0 2719 1331 2511 1707 
4512 4 0 2141 2511 237 1548 
4513 4 0 2499 1843 2121 2572 
4514 4 0 2299 2911 3599 4083 
4515 4 0 2031 3968 2132 1766 
4516 4 0 3130 1801 3694 2000 
4517 4 0 190 4497 1026 4473 
4518 4 0 1461 2296 466 1375 
4519 4 0 1027 4475 424 404 
4520 4 0 1028 2371 739 1824 
4521 4 0 2272 1301 1914 1042 
4522 4 0 2272 1042 1914 1043 
4523 4 0 3843 537 3303 3222 
4524 4 0 1946 2297 2332 3563 
4525 4 0 2230 2196 1182 3263 
4526 4 0 958 1324 559 3516 
4527 4 0 755 4229 2458 3424 
4528 4 0 1027 738 1028 404 
4529 4 0 3925 1710 2293 1531 
4530 4 0 1005 3368 1609 1342 
4531 4 0 4182 4199 710 2872 
4532 4 0 871 389 3908 390 
4533 4 0 3995 2721 732 735 
4534 4 0 2222 1512 1184 387 
4535 4 0 4589 2600 204 3039 
4536 4 0 3039 4466 2600 204 
4537 4 0 748 2910 484 501 
4538 4 0 1823 3998 737 3035 
4539 4 0 3556 2598 2470 2326 
4540 4 0 3842 3556 2598 2470 
4541 4 0 4011 530 485 2776 
4542 4 0 2150 2189 1682 2993 
4543 4 0 425 2216 2329 400 
4544 4 0 1256 2187 1254 6 
4545 4 0 1255 1256 1254 6 
4546 4 0 3026 1256 6 1589 
4547 4 0 400 3178 2168 2205 
4548 4 0 3203 2338 461 393 
4549 4 0 1920 400 3178 4092 
4550 4 0 2168 3178 400 4092 
4551 4 0 2825 3062 3293 3249 
4552 4 0 2090 2151 1749 1667 
4553 4 0 1749 2151 3887 1667 
4554 4 0 2155 653 2777 2810 
4555 4 0 2752 524 403 3807 
4556 4 0 2752 524 3807 1576 
4557 4 0 609 524 2752 1576 
4558 4 0 1667 2090 4121 1749 
4559 4 0 2946 773 926 378 
4560 4 0 1117 3136 4277 1749 
4561 4 0 4095 773 378 3822 
4562 4 0 2645 2195 2181 2441 
4563 4 0 2433 2195 2181 2645 
4564 4 0 2767 2005 538 3628 
4565 4 0 3628 3022 2098 538 
4566 4 0 1200 1562 2935 3924 
4567 4 0 528 1062 2727 4582 
4568 4 0 2254 2323 2322 2443 
4569 4 0 1062 4582 528 4364 
4570 4 0 2727 4267 4582 1062 
4571 4 0 662 2489 2526 3685 
4572 4 0 3331 2052 3845 2457 
4573 4 0 2457 2052 2078 3331 
4574 4 0 4062 4500 2024 4480 
4575 4 0 3845 1684 3331 2457 
4576 4 0 1551 2983 486 515 
4577 4 0 3984 1614 1753 4099 
4578 4 0 3306 459 1318 2217 
4579 4 0 3771 2235 893 2499 
4580 4 0 3984 1614 1743 1753 
4581 4 0 2055 3223 3173 3314 
4582 4 0 2172 2865 2707 1176 
4583 4 0 2758 3582 1675 796 
4584 4 0 796 3582 1675 77 
4585 4 0 750 1429 1835 215 
4586 4 0 535 3784 536 534 
4587 4 0 534 3387 3784 2183 
4588 4 0 4253 610 4295 2653 
4589 4 0 618 3402 439 3562 
4590 4 0 3797 3601 2151 2141 
4591 4 0 1552 1261 617 2611 
4592 4 0 1954 802 2376 237 
4593 4 0 2386 1696 3811 595 
4594 4 0 215 233 750 1429 
4595 4 0 1990 430 388 3868 
4596 4 0 1286 2658 2241 2163 
4597 4 0 4185 2677 2658 2163 
4598 4 0 2992 2234 2410 4451 
4599 4 0 2577 3146 2489 2585 
4600 4 0 1673 2044 3080 373 
4601 4 0 2138 1277 2961 1635 
4602 4 0 3238 2621 1852 4538 
4603 4 0 164 528 1371 4456 
4604 4 0 1147 3536 3906 3662 
4605 4 0 164 1371 528 139 
4606 4 0 1147 3536 3662 1183 
4607 4 0 2079 2688 3662 774 
4608 4 0 1370 3355 1333 3728 
4609 4 0 3728 1333 1338 2411 
4610 4 0 329 450 3007 2923 
4611 4 0 3366 363 2623 2477 
4612 4 0 2125 582 2623 583 
4613 4 0 2693 2659 3314 3322 
4614 4 0 3870 2659 2826 3179 
4615 4 0 438 2668 3372 401 
4616 4 0 311 303 1511 3243 
4617 4 0 1732 1016 1390 1382 
4618 4 0 1016 1390 1382 3598 
4619 4 0 2362 2204 242 4232 
4620 4 0 2018 1566 371 1572 
4621 4 0 2617 3386 936 766 
4622 4 0 2484 3386 936 2617 
4623 4 0 1529 2204 2362 4232 
4624 4 0 1723 4605 2111 2481 
4625 4 0 1545 3571 1546 616 
4626 4 0 3705 3770 2731 629 
4627 4 0 1608 1723 4605 2111 
4628 4 0 3670 2996 2611 2165 
4629 4 0 2424 4018 3513 1978 
4630 4 0 3279 1275 3699 2680 
4631 4 0 4018 2073 3169 2149 
4632 4 0 1574 2210 2159 1242 
4633 4 0 2210 2908 1574 489 
4634 4 0 2210 1242 1574 2908 
4635 4 0 1551 486 2694 503 
4636 4 0 1245 2266 377 3791 
4637 4 0 3970 3325 3477 2856 
4638 4 0 2329 2205 2454 828 
4639 4 0 2322 2323 1565 2443 
4640 4 0 290 2947 2819 1962 
4641 4 0 2234 2410 564 383 
4642 4 0 2406 1577 1242 2559 
4643 4 0 2737 2916 4487 4243 
4644 4 0 4487 2737 3681 2916 
4645 4 0 2350 2479 3980 1019 
4646 4 0 3689 4604 3490 3292 
4647 4 0 4104 3480 3787 774 
4648 4 0 2517 2038 2044 2185 
4649 4 0 2727 4104 1203 774 
4650 4 0 1244 2134 483 3241 
4651 4 0 3101 2103 3539 2397 
4652 4 0 3721 3941 3791 1464 
4653 4 0 846 3721 377 3791 
4654 4 0 3453 2397 3539 2103 
4655 4 0 2743 4513 2275 2555 
4656 4 0 2555 1189 4513 2275 
4657 4 0 2595 3156 2135 1420 
4658 4 0 790 2159 1574 2210 
4659 4 0 538 3022 2098 1353 
4660 4 0 1574 2159 1272 1242 
4661 4 0 537 3303 3222 536 
4662 4 0 2297 3563 2236 1911 
4663 4 0 2336 2024 465 2197 
4664 4 0 465 2024 464 2197 
4665 4 0 2562 1353 2098 3602 
4666 4 0 3149 843 2615 2043 
4667 4 0 1843 2390 369 2335 
4668 4 0 2447 1370 3355 2050 
4669 4 0 2364 3032 1911 3564 
4670 4 0 448 2765 3393 688 
4671 4 0 458 2212 3285 2372 
4672 4 0 2456 2331 935 2230 
4673 4 0 2945 2562 4454 1262 
4674 4 0 2945 530 2562 1262 
4675 4 0 3558 1166 3521 3839 
4676 4 0 2401 864 3663 3955 
4677 4 0 3860 883 2170 4002 
4678 4 0 2917 3602 2071 2231 
4679 4 0 2231 917 3602 2071 
4680 4 0 3602 602 2917 2071 
4681 4 0 935 2432 458 2230 
4682 4 0 831 3783 3540 2395 
4683 4 0 2544 3796 4302 4058 
4684 4 0 2544 3796 4306 4302 
4685 4 0 2197 2485 3362 2148 
4686 4 0 2133 2898 3299 2401 
4687 4 0 1857 3428 407 2286 
4688 4 0 556 3549 3428 1440 
4689 4 0 2878 1907 3706 3237 
4690 4 0 3398 1907 2878 3237 
4691 4 0 2121 373 1843 3201 
4692 4 0 383 843 2524 3149 
4693 4 0 3201 2517 2121 3080 
4694 4 0 1809 533 3892 4441 
4695 4 0 1448 1779 3038 1454 
4696 4 0 2001 1291 4080 399 
4697 4 0 1447 1448 3038 1454 
4698 4 0 2720 2670 944 689 
4699 4 0 1450 821 3430 2839 
4700 4 0 379 3065 821 2318 
4701 4 0 2837 1238 1494 3856 
4702 4 0 3960 4125 1854 1810 
4703 4 0 2340 1281 1446 3492 
4704 4 0 918 1538 582 583 
4705 4 0 4145 3188 664 2654 
4706 4 0 1812 2786 3525 4443 
4707 4 0 4147 1200 2637 1562 
4708 4 0 1742 1862 1860 3986 
4709 4 0 1141 2784 2165 2480 
4710 4 0 3691 2827 1732 1708 
4711 4 0 2359 3619 1732 3691 
4712 4 0 1843 854 3648 3474 
4713 4 0 2359 3691 1732 3356 
4714 4 0 3356 3691 1732 1708 
4715 4 0 1577 376 1549 2270 
4716 4 0 2974 597 1338 3585 
4717 4 0 1657 1622 1864 2859 
4718 4 0 1864 3097 4598 4446 
4719 4 0 1904 3010 963 1983 
4720 4 0 3309 843 1331 2524 
4721 4 0 2208 1904 2886 963 
4722 4 0 843 2615 1331 2524 
4723 4 0 3256 1958 2207 2422 
4724 4 0 2347 2016 1713 558 
4725 4 0 2023 3367 641 1763 
4726 4 0 386 1763 2023 1236 
4727 4 0 3439 1019 2794 377 
4728 4 0 886 3766 764 2053 
4729 4 0 2350 1019 2224 1452 
4730 4 0 1150 829 550 3016 
4731 4 0 2249 1779 3038 1448 
4732 4 0 1041 4276 3661 2393 
4733 4 0 2787 1955 2251 627 
4734 4 0 2541 2085 2847 710 
4735 4 0 474 4031 4371 3886 
4736 4 0 2257 2522 2962 1583 
4737 4 0 2636 2193 2519 1919 
4738 4 0 3491 3515 866 2652 
4739 4 0 854 3066 79 3235 
4740 4 0 2173 2075 843 2043 
4741 4 0 1301 664 2027 2647 
4742 4 0 4191 4153 1905 3258 
4743 4 0 3027 161 2883 182 
4744 4 0 3027 2883 1935 182 
4745 4 0 2906 1512 2779 4448 
4746 4 0 4271 3194 1866 3614 
4747 4 0 1179 1065 459 3536 
4748 4 0 2039 3009 4031 3886 
4749 4 0 2067 3641 3510 2081 
4750 4 0 1264 391 2570 1333 
4751 4 0 2435 723 3012 3959 
4752 4 0 4006 2484 548 2221 
4753 4 0 3511 1385 2142 3476 
4754 4 0 3588 2458 412 956 
4755 4 0 3315 612 3013 506 
4756 4 0 652 1872 4310 393 
4757 4 0 1963 1937 2683 2339 
4758 4 0 3609 4249 2211 2865 
4759 4 0 2094 4307 637 3248 
4760 4 0 2041 2182 2994 2124 
4761 4 0 2494 2141 4150 1537 
4762 4 0 1876 1875 714 615 
4763 4 0 1414 3802 2163 2558 
4764 4 0 2558 4007 1414 3159 
4765 4 0 1876 615 804 1875 
4766 4 0 2291 3581 3193 2877 
4767 4 0 3581 2020 3193 2080 
4768 4 0 1739 2305 2128 393 
4769 4 0 828 2927 1988 2329 
4770 4 0 2903 2927 1988 2060 
4771 4 0 389 1026 3908 390 
4772 4 0 2047 440 3568 409 
4773 4 0 2490 3112 590 2880 
4774 4 0 2165 2784 590 2480 
4775 4 0 2480 590 2490 2784 
4776 4 0 3810 4003 2150 2633 
4777 4 0 2165 590 2784 1739 
4778 4 0 735 1879 3995 2721 
4779 4 0 3158 1988 993 588 
4780 4 0 1778 519 2073 2488 
4781 4 0 1858 309 299 2285 
4782 4 0 1858 2285 299 733 
4783 4 0 3390 1213 2682 2282 
4784 4 0 1887 3069 740 742 
4785 4 0 3085 3580 2733 2134 
4786 4 0 1879 735 3908 2721 
4787 4 0 3726 4357 3761 3177 
4788 4 0 406 3529 4357 3761 
4789 4 0 2653 1187 406 3529 
4790 4 0 3174 2230 2068 2599 
4791 4 0 3365 1984 2599 2230 
4792 4 0 2451 2757 2231 2209 
4793 4 0 4231 3862 3275 3303 
4794 4 0 1524 1689 1631 2260 
4795 4 0 3101 2088 2359 2131 
4796 4 0 1735 1631 2260 2240 
4797 4 0 1689 2260 1735 1631 
4798 4 0 1780 2150 2053 443 
4799 4 0 4303 2417 918 1016 
4800 4 0 4303 918 919 1016 
4801 4 0 4400 1894 1893 2432 
4802 4 0 2556 1658 3394 2076 
4803 4 0 2556 2076 3394 1163 
4804 4 0 2160 2682 2282 2313 
4805 4 0 1235 3263 1839 1328 
4806 4 0 3466 1577 2664 1534 
4807 4 0 1577 3466 3805 1534 
4808 4 0 3192 1400 3445 3238 
4809 4 0 3564 2945 2035 2449 
4810 4 0 3564 3583 2449 2717 
4811 4 0 3599 2299 2226 942 
4812 4 0 2036 1457 696 3140 
4813 4 0 662 2308 464 3186 
4814 4 0 2023 994 1236 2008 
4815 4 0 1236 2142 2023 2008 
4816 4 0 1632 2290 2200 1625 
4817 4 0 1632 2200 281 1625 
4818 4 0 3552 2747 3613 2608 
4819 4 0 405 4224 2905 2853 
4820 4 0 2520 1754 1513 641 
4821 4 0 2520 641 1513 432 
4822 4 0 2420 987 1422 2926 
4823 4 0 1717 1513 641 432 
4824 4 0 405 365 2905 1827 
4825 4 0 747 4385 773 1207 
4826 4 0 1228 3845 2052 1229 
4827 4 0 2021 1294 919 665 
4828 4 0 278 2087 2597 2568 
4829 4 0 2174 2067 1253 2042 
4830 4 0 3137 4204 1380 2232 
4831 4 0 1023 477 4410 2677 
4832 4 0 790 66 838 4424 
4833 4 0 2067 3641 1253 2190 
4834 4 0 66 838 859 790 
4835 4 0 2720 2190 1253 3641 
4836 4 0 742 1391 466 2012 
4837 4 0 466 742 2012 408 
4838 4 0 2524 3778 2202 2987 
4839 4 0 4066 2634 1625 2248 
4840 4 0 1625 4066 1924 2634 
4841 4 0 2442 2913 3552 3038 
4842 4 0 4139 982 4053 2547 
4843 4 0 1040 1023 2112 2581 
4844 4 0 2581 706 1040 1023 
4845 4 0 2007 4015 2370 3481 
4846 4 0 692 2764 2225 2627 
4847 4 0 2225 3140 2764 692 
4848 4 0 3924 3776 2045 2935 
4849 4 0 2530 3924 2935 3776 
4850 4 0 397 2225 2280 2899 
4851 4 0 1402 1251 2186 2717 
4852 4 0 2214 2652 2082 3742 
4853 4 0 121 134 575 1466 
4854 4 0 3583 2065 3736 2717 
4855 4 0 3225 1670 1637 2065 
4856 4 0 1674 513 3474 1054 
4857 4 0 3944 1335 1109 1779 
4858 4 0 3431 4432 1170 1353 
4859 4 0 548 4516 936 3375 
4860 4 0 3465 4432 3431 1353 
4861 4 0 2950 2979 3520 33 
4862 4 0 4516 936 3375 1150 
4863 4 0 1317 3435 2505 539 
4864 4 0 33 27 3520 2950 
4865 4 0 33 27 2950 1056 
4866 4 0 851 2667 852 3401 
4867 4 0 2373 452 1343 451 
4868 4 0 2584 2965 2869 427 
4869 4 0 1321 1156 2575 3075 
4870 4 0 3028 1455 2422 2895 
4871 4 0 2987 1444 2587 383 
4872 4 0 383 3149 4043 4001 
4873 4 0 397 2562 2714 1010 
4874 4 0 3376 2194 1983 1904 
4875 4 0 1778 2488 2073 3770 
4876 4 0 877 949 167 876 
4877 4 0 876 167 783 1264 
4878 4 0 605 2633 1261 1709 
4879 4 0 580 1090 2333 3013 
4880 4 0 3434 2333 1090 3013 
4881 4 0 538 485 1353 2562 
4882 4 0 1976 2215 2900 827 
4883 4 0 1170 4432 538 1353 
4884 4 0 514 1690 306 1031 
4885 4 0 4320 523 3654 2136 
4886 4 0 2492 3538 2136 3859 
4887 4 0 4305 3654 2136 4320 
4888 4 0 534 533 3516 535 
4889 4 0 4465 1074 1557 3827 
4890 4 0 1706 405 1827 454 
4891 4 0 403 2705 1506 524 
4892 4 0 553 2705 524 1506 
4893 4 0 2080 439 2511 3562 
4894 4 0 2302 3781 3297 2699 
4895 4 0 4180 2118 2246 3597 
4896 4 0 1996 1721 3622 516 
4897 4 0 4180 1323 2118 3597 
4898 4 0 1938 4344 1061 1240 
4899 4 0 3622 3688 2842 1996 
4900 4 0 2037 1587 1583 2428 
4901 4 0 2183 2470 2393 1997 
4902 4 0 1639 3382 3164 2987 
4903 4 0 2596 3257 983 842 
4904 4 0 2186 2596 2387 3257 
4905 4 0 1184 2005 3628 2098 
4906 4 0 842 3257 983 3473 
4907 4 0 3411 4214 1369 3284 
4908 4 0 1158 3607 3574 2093 
4909 4 0 4256 3607 2093 3574 
4910 4 0 2323 2651 2926 598 
4911 4 0 981 2323 598 2651 
4912 4 0 925 2815 2077 686 
4913 4 0 2248 2634 1625 4156 
4914 4 0 2163 1381 2677 2558 
4915 4 0 2634 2556 1625 4156 
4916 4 0 3300 1423 421 1575 
4917 4 0 2366 4145 3081 3929 
4918 4 0 417 2461 4053 2655 
4919 4 0 2097 2595 1979 2219 
4920 4 0 1627 2461 2595 4053 
4921 4 0 3691 2467 2394 4107 
4922 4 0 1030 415 3691 3103 
4923 4 0 3796 2392 686 2397 
4924 4 0 2758 494 2325 2658 
4925 4 0 2012 1439 1712 1084 
4926 4 0 1043 3298 144 1914 
4927 4 0 508 4328 2678 2381 
4928 4 0 654 2180 169 194 
4929 4 0 2212 2570 1333 1264 
4930 4 0 2021 2876 665 919 
4931 4 0 919 2876 1764 918 
4932 4 0 2970 3405 3020 1056 
4933 4 0 1890 742 1029 2012 
4934 4 0 1962 2819 280 2915 
4935 4 0 414 1209 455 4239 
4936 4 0 2012 2565 1439 1884 
4937 4 0 455 414 4239 4479 
4938 4 0 2097 2783 1159 2812 
4939 4 0 3466 1022 1896 2664 
4940 4 0 1022 3466 1624 2664 
4941 4 0 512 3820 476 2762 
4942 4 0 3629 550 4291 1469 
4943 4 0 1655 550 3629 3657 
4944 4 0 1970 1709 617 1261 
4945 4 0 3629 1655 4291 550 
4946 4 0 1524 1689 2260 3748 
4947 4 0 2828 1803 3270 2302 
4948 4 0 4140 3146 1175 2546 
4949 4 0 1982 3238 2868 3196 
4950 4 0 2868 3238 4538 3196 
4951 4 0 4517 2785 886 934 
4952 4 0 2335 2123 3163 3494 
4953 4 0 3163 513 3494 2123 
4954 4 0 1288 3597 2188 3282 
4955 4 0 1249 634 422 496 
4956 4 0 3546 1156 2651 2254 
4957 4 0 2819 2907 2915 2947 
4958 4 0 4038 433 386 1236 
4959 4 0 373 2121 3474 2044 
4960 4 0 2042 2730 2190 3755 
4961 4 0 3474 2044 2121 2572 
4962 4 0 319 921 2191 4074 
4963 4 0 1623 2042 2190 454 
4964 4 0 1583 1971 2962 2257 
4965 4 0 2436 2182 2391 2106 
4966 4 0 4608 4002 3000 1073 
4967 4 0 2247 2427 2851 3344 
4968 4 0 2005 3628 1328 1169 
4969 4 0 4224 3360 1706 2474 
4970 4 0 706 806 1416 380 
4971 4 0 806 1416 380 1367 
4972 4 0 4549 1665 1922 3834 
4973 4 0 3540 1968 3849 2477 
4974 4 0 917 941 1011 2859 
4975 4 0 3470 4171 1955 1900 
4976 4 0 1900 3835 1955 820 
4977 4 0 689 2720 3213 2916 
4978 4 0 820 3470 1955 1900 
4979 4 0 4058 2041 2003 2484 
4980 4 0 4058 829 2484 3440 
4981 4 0 3440 4058 829 2544 
4982 4 0 1756 2142 1385 595 
4983 4 0 3837 1241 2017 375 
4984 4 0 390 185 166 190 
4985 4 0 3837 1259 2017 1241 
4986 4 0 2564 373 1546 426 
4987 4 0 2150 1682 2476 2622 
4988 4 0 2150 2476 3810 2633 
4989 4 0 3622 516 710 1996 
4990 4 0 386 1763 1236 433 
4991 4 0 3367 433 641 1763 
4992 4 0 4199 710 2872 2541 
4993 4 0 2660 1689 1345 2630 
4994 4 0 2838 3765 1730 4144 
4995 4 0 1801 3694 2396 2650 
4996 4 0 802 423 2147 2732 
4997 4 0 2147 802 2732 3105 
4998 4 0 351 2064 2034 2635 
4999 4 0 2484 4516 3127 3440 
5000 4 0 1768 3187 2660 843 
5001 4 0 2586 2150 443 2009 
5002 4 0 862 3628 3335 3490 
5003 4 0 3805 1577 2908 2195 
5004 4 0 3805 2908 489 2195 
5005 4 0 3135 400 3070 2411 
5006 4 0 1643 847 1373 1158 
5007 4 0 2153 847 1643 1158 
5008 4 0 1373 4433 847 1643 
5009 4 0 627 522 419 4188 
5010 4 0 2861 627 419 4188 
5011 4 0 2177 2365 2248 3394 
5012 4 0 572 1894 3255 2432 
5013 4 0 1434 1437 1926 3300 
5014 4 0 1462 1438 1832 4081 
5015 4 0 1927 1928 1930 3968 
5016 4 0 1436 3341 1397 1977 
5017 4 0 1429 750 1835 3801 
5018 4 0 1462 1088 3664 1438 
5019 4 0 1430 1429 3801 750 
5020 4 0 2914 4379 1003 2503 
5021 4 0 2406 2690 3634 2162 
5022 4 0 1929 1352 1435 1340 
5023 4 0 1435 1930 1928 3968 
5024 4 0 4342 2178 2426 1453 
5025 4 0 463 527 2253 1333 
5026 4 0 402 2891 2601 2614 
5027 4 0 2187 2891 2009 2601 
5028 4 0 2178 1108 4342 2878 
5029 4 0 2052 1228 3331 3845 
5030 4 0 2063 4261 1902 1229 
5031 4 0 2314 526 2496 1904 
5032 4 0 3331 1228 2052 3096 
5033 4 0 2282 2222 2582 2160 
5034 4 0 1771 2034 2635 2787 
5035 4 0 1448 2628 2349 3003 
5036 4 0 2370 2349 2956 1336 
5037 4 0 435 460 2180 528 
5038 4 0 1404 1479 3633 3579 
5039 4 0 3579 3881 3633 1404 
5040 4 0 3028 1201 2922 1935 
5041 4 0 3457 2622 4102 1214 
5042 4 0 4578 1468 1590 3407 
5043 4 0 1406 3727 3922 4126 
5044 4 0 245 4082 4576 263 
5045 4 0 1702 1698 1592 780 
5046 4 0 1123 4153 1247 2405 
5047 4 0 4191 4153 3258 1308 
5048 4 0 397 3140 2714 2225 
5049 4 0 2314 1096 1904 2194 
5050 4 0 1476 2314 2194 1096 
5051 4 0 1476 2797 2194 2314 
5052 4 0 1582 2300 2510 2037 
5053 4 0 2272 664 4145 3188 
5054 4 0 1640 1682 2119 3827 
5055 4 0 1557 1074 1682 3827 
5056 4 0 1512 387 2272 664 
5057 4 0 341 450 354 549 
5058 4 0 4295 2653 2719 745 
5059 4 0 4265 491 745 1331 
5060 4 0 549 450 3007 341 
5061 4 0 3173 3100 2055 2287 
5062 4 0 697 3600 2287 2055 
5063 4 0 697 3173 2055 2287 
5064 4 0 2663 3817 1960 418 
5065 4 0 1613 626 4396 3880 
5066 4 0 3852 465 3056 2047 
5067 4 0 3303 958 1324 1250 
5068 4 0 3371 3451 3923 2342 
5069 4 0 3151 1768 3187 2660 
5070 4 0 1240 2456 4353 532 
5071 4 0 532 4360 1093 1061 
5072 4 0 3223 3173 3054 2055 
5073 4 0 397 2562 1402 2714 
5074 4 0 3173 3054 2055 3100 
5075 4 0 2640 2267 3379 437 
5076 4 0 2640 1557 3379 2267 
5077 4 0 2738 3554 1060 4384 
5078 4 0 2643 3310 223 193 
5079 4 0 2977 237 1548 2141 
5080 4 0 4296 1735 3309 1707 
5081 4 0 1398 3266 3604 4469 
5082 4 0 4296 1689 3110 3309 
5083 4 0 2690 3634 2162 3272 
5084 4 0 2406 2084 2690 2162 
5085 4 0 2666 2900 2215 827 
5086 4 0 2392 2900 2215 2666 
5087 4 0 3512 1737 2760 2543 
5088 4 0 3197 2527 2983 4374 
5089 4 0 1006 2999 1939 3262 
5090 4 0 1064 4349 4347 2100 
5091 4 0 4522 4471 4205 2729 
5092 4 0 564 383 2410 2173 
5093 4 0 1984 3063 3174 1182 
5094 4 0 2025 1381 1845 841 
5095 4 0 3248 3271 841 1381 
5096 4 0 3145 2331 2026 3295 
5097 4 0 1417 2412 3562 707 
5098 4 0 1860 3986 1695 1694 
5099 4 0 214 4091 4164 3986 
5100 4 0 3817 3137 4204 2852 
5101 4 0 4167 919 2876 3864 
5102 4 0 1223 919 4167 3864 
5103 4 0 214 4164 1860 3986 
5104 4 0 3263 1549 2326 3451 
5105 4 0 2326 1549 3923 3451 
5106 4 0 3923 3451 1549 3063 
5107 4 0 1182 3451 1549 3263 
5108 4 0 1361 3112 4054 4087 
5109 4 0 3015 2382 2851 4523 
5110 4 0 1764 2287 2055 582 
5111 4 0 2055 2623 2635 2125 
5112 4 0 869 2287 582 2055 
5113 4 0 3139 1071 3485 1940 
5114 4 0 893 3857 770 2499 
5115 4 0 2801 3181 94 136 
5116 4 0 1756 595 1755 2142 
5117 4 0 2289 1354 3427 2631 
5118 4 0 2631 3427 2289 3290 
5119 4 0 3766 3636 4595 547 
5120 4 0 4375 694 2096 2257 
5121 4 0 2993 3533 1851 2085 
5122 4 0 3187 2387 2414 2075 
5123 4 0 2615 1331 2848 2043 
5124 4 0 2868 956 1847 3588 
5125 4 0 956 4229 1847 3588 
5126 4 0 242 2362 586 2204 
5127 4 0 3063 3174 3878 1984 
5128 4 0 2230 3174 1182 1984 
5129 4 0 2003 2041 2119 2107 
5130 4 0 3878 1984 3174 2214 
5131 4 0 3564 2717 1402 2065 
5132 4 0 2065 2776 3564 1911 
5133 4 0 1471 3368 2822 861 
5134 4 0 627 1955 3729 2787 
5135 4 0 1257 2857 1334 3179 
5136 4 0 2931 3322 3179 2175 
5137 4 0 2195 1242 2908 1574 
5138 4 0 2380 3231 3382 2144 
5139 4 0 2923 1319 3007 133 
5140 4 0 2923 3575 1319 133 
5141 4 0 1957 3256 1842 2341 
5142 4 0 4303 585 930 927 
5143 4 0 4303 585 919 1903 
5144 4 0 2097 1979 3156 2538 
5145 4 0 1152 1153 2572 2270 
5146 4 0 2533 2572 1152 1153 
5147 4 0 2710 2808 2309 3729 
5148 4 0 3539 2359 2088 585 
5149 4 0 3303 3819 1324 3525 
5150 4 0 3773 2072 91 1811 
5151 4 0 1258 2182 1968 2106 
5152 4 0 411 2985 1319 3007 
5153 4 0 1319 411 3007 133 
5154 4 0 2093 1158 1308 3614 
5155 4 0 504 362 682 3909 
5156 4 0 3104 362 682 504 
5157 4 0 2156 2747 4571 2608 
5158 4 0 3285 3628 3148 4160 
5159 4 0 3119 2865 2099 3303 
5160 4 0 519 440 3513 1978 
5161 4 0 2628 1335 3944 1779 
5162 4 0 1557 755 2458 3424 
5163 4 0 2902 4158 3440 4058 
5164 4 0 1238 3856 827 1494 
5165 4 0 1970 2909 1709 2921 
5166 4 0 2633 1709 2921 1261 
5167 4 0 4234 2921 3488 1709 
5168 4 0 897 3358 1338 3070 
5169 4 0 3070 2411 435 3358 
5170 4 0 2767 4201 672 2997 
5171 4 0 672 2997 3501 2767 
5172 4 0 2767 4201 2997 3336 
5173 4 0 2237 2383 421 1765 
5174 4 0 2383 421 2006 2237 
5175 4 0 2137 1718 2255 3099 
5176 4 0 1718 2137 2702 3099 
5177 4 0 2236 4602 100 1945 
5178 4 0 1527 4392 2849 3153 
5179 4 0 2085 2586 3385 2009 
5180 4 0 2085 2586 3625 3385 
5181 4 0 2009 2586 3385 2891 
5182 4 0 4280 2142 3803 3650 
5183 4 0 412 2458 507 1982 
5184 4 0 681 2156 1975 1081 
5185 4 0 813 1995 1975 2156 
5186 4 0 4502 4575 4264 505 
5187 4 0 3038 1995 2154 626 
5188 4 0 3920 3224 1442 3591 
5189 4 0 4602 1204 2236 769 
5190 4 0 826 833 2743 4206 
5191 4 0 3536 3480 3286 459 
5192 4 0 1987 3333 3439 2677 
5193 4 0 2751 3088 3739 2090 
5194 4 0 3178 2927 2205 2329 
5195 4 0 3231 3318 3034 2409 
5196 4 0 3231 3034 821 2409 
5197 4 0 2216 400 2411 460 
5198 4 0 467 2088 2430 2988 
5199 4 0 3163 3678 1248 3821 
5200 4 0 3851 1413 3008 2610 
5201 4 0 1238 817 3856 2837 
5202 4 0 3039 2895 2729 943 
5203 4 0 591 2713 2862 196 
5204 4 0 2032 4382 2426 1502 
5205 4 0 2265 2305 1954 1547 
5206 4 0 4144 4508 2838 1738 
5207 4 0 1453 4342 2032 2426 
5208 4 0 2032 1453 2426 4382 
5209 4 0 1739 940 393 2165 
5210 4 0 4298 3225 3395 512 
5211 4 0 2008 2925 2435 3547 
5212 4 0 1344 3244 455 4239 
5213 4 0 2951 371 2754 2980 
5214 4 0 3426 2980 371 4435 
5215 4 0 622 2137 2049 1478 
5216 4 0 2189 2847 3374 2993 
5217 4 0 1984 3742 2082 2672 
5218 4 0 421 2006 3673 2383 
5219 4 0 1908 3742 1984 2672 
5220 4 0 3823 1973 3329 4131 
5221 4 0 465 555 1084 2179 
5222 4 0 3776 3501 2531 4211 
5223 4 0 1640 3485 3827 2119 
5224 4 0 711 2825 3062 881 
5225 4 0 3776 3501 2045 2531 
5226 4 0 711 881 232 2825 
5227 4 0 2105 2919 145 126 
5228 4 0 1189 4592 2771 2891 
5229 4 0 2771 1910 1189 2891 
5230 4 0 499 1243 958 533 
5231 4 0 1333 1338 2411 463 
5232 4 0 1876 616 1367 804 
5233 4 0 3063 1022 3466 2554 
5234 4 0 1876 616 615 716 
5235 4 0 1546 825 1545 616 
5236 4 0 2234 383 564 634 
5237 4 0 868 2686 2878 566 
5238 4 0 2665 2108 2010 2234 
5239 4 0 2190 2042 2067 2730 
5240 4 0 4349 4111 2100 1059 
5241 4 0 2557 617 3160 3000 
5242 4 0 1318 1911 2338 461 
5243 4 0 2454 1322 2116 2329 
5244 4 0 117 528 3630 3273 
5245 4 0 3006 893 3857 3226 
5246 4 0 568 3898 3875 3613 
5247 4 0 568 3875 3361 3613 
5248 4 0 4322 1978 2423 581 
5249 4 0 2134 3741 3580 1498 
5250 4 0 1247 2185 1308 2266 
5251 4 0 9 865 2448 1451 
5252 4 0 3439 1019 1987 2794 
5253 4 0 4126 2386 904 3547 
5254 4 0 904 240 1696 4126 
5255 4 0 595 4126 2386 1696 
5256 4 0 1252 1757 401 2313 
5257 4 0 1665 445 2666 1974 
5258 4 0 1247 1249 2733 2005 
5259 4 0 495 999 1214 2450 
5260 4 0 2622 999 4102 1214 
5261 4 0 1997 2393 2865 1041 
5262 4 0 2188 1288 2041 4058 
5263 4 0 2308 3344 4588 2775 
5264 4 0 3609 2211 3119 2865 
5265 4 0 3813 3837 1259 1368 
5266 4 0 2454 2810 882 2618 
5267 4 0 4588 2775 3344 3877 
5268 4 0 2762 4368 2723 4189 
5269 4 0 2188 918 420 1764 
5270 4 0 3293 2536 508 3385 
5271 4 0 423 3732 2254 3048 
5272 4 0 2129 2431 878 2580 
5273 4 0 2359 3619 2972 1732 
5274 4 0 1016 2359 2972 1732 
5275 4 0 3439 3333 2558 2677 
5276 4 0 1041 3198 2393 2865 
5277 4 0 1078 521 3330 457 
5278 4 0 3661 1176 2707 1997 
5279 4 0 2047 519 3568 440 
5280 4 0 1446 519 3568 3890 
5281 4 0 3628 2809 3148 862 
5282 4 0 3335 2809 3628 862 
5283 4 0 2477 1968 3849 2106 
5284 4 0 2655 2413 3541 4053 
5285 4 0 2655 1159 3396 2413 
5286 4 0 3601 2141 3797 4019 
5287 4 0 3581 3378 2020 2080 
5288 4 0 3683 2770 3508 395 
5289 4 0 3581 3378 2080 439 
5290 4 0 1115 1321 2884 1114 
5291 4 0 1114 2884 2327 1321 
5292 4 0 2266 1373 3791 1245 
5293 4 0 1321 1115 2884 3067 
5294 4 0 3011 3578 1990 3868 
5295 4 0 430 3578 1990 638 
5296 4 0 3898 3370 3552 3613 
5297 4 0 2236 769 1911 4104 
5298 4 0 4104 3564 1559 2776 
5299 4 0 940 3000 2454 1309 
5300 4 0 791 4427 1576 3084 
5301 4 0 791 4427 2612 1576 
5302 4 0 2451 2493 2462 4248 
5303 4 0 3442 2891 2586 1910 
5304 4 0 3676 791 42 2612 
5305 4 0 2303 2034 1793 2787 
5306 4 0 613 4510 4460 4461 
5307 4 0 3086 4460 4461 613 
5308 4 0 2265 1550 1739 2880 
5309 4 0 1739 2414 4087 2265 
5310 4 0 4087 2414 1739 3112 
5311 4 0 2643 2702 174 154 
5312 4 0 2671 1550 590 2611 
5313 4 0 1550 2880 2671 590 
5314 4 0 4257 3117 530 2562 
5315 4 0 3500 590 2611 2671 
5316 4 0 901 381 2213 1507 
5317 4 0 2874 855 3156 2538 
5318 4 0 2874 3267 73 61 
5319 4 0 381 901 2213 3241 
5320 4 0 3074 381 1507 1839 
5321 4 0 1500 1563 130 530 
5322 4 0 2562 530 130 1262 
5323 4 0 1775 828 992 4292 
5324 4 0 832 4292 3131 402 
5325 4 0 2983 486 4218 3529 
5326 4 0 3949 1596 3602 2509 
5327 4 0 1593 2452 1462 2132 
5328 4 0 492 3297 1312 2742 
5329 4 0 1250 1997 1176 559 
5330 4 0 589 3039 2729 943 
5331 4 0 2610 1413 3008 3207 
5332 4 0 521 2491 1105 2628 
5333 4 0 2986 4038 433 2753 
5334 4 0 1551 2983 1550 1954 
5335 4 0 3378 2169 2240 853 
5336 4 0 4247 442 1589 3796 
5337 4 0 3888 3886 3009 1318 
5338 4 0 1012 3097 2582 520 
5339 4 0 1649 2928 2668 1012 
5340 4 0 4570 2797 3253 3734 
5341 4 0 2582 3959 3097 2222 
5342 4 0 2789 2615 2848 2043 
5343 4 0 823 824 1873 3482 
5344 4 0 563 3063 3878 4203 
5345 4 0 2857 2457 2061 2745 
5346 4 0 706 618 1023 380 
5347 4 0 1331 2615 3577 2524 
5348 4 0 2274 2036 3140 2139 
5349 4 0 3140 613 2139 2036 
5350 4 0 2139 2274 2036 4510 
5351 4 0 677 521 1105 2628 
5352 4 0 2877 439 2080 2269 
5353 4 0 439 3562 1331 2511 
5354 4 0 2321 2983 2265 2414 
5355 4 0 1707 744 1135 2511 
5356 4 0 3303 2865 2099 1997 
5357 4 0 2321 2983 1187 2265 
5358 4 0 381 1610 4428 376 
5359 4 0 2343 3330 4345 1078 
5360 4 0 361 2070 2022 3296 
5361 4 0 1610 2849 2632 4392 
5362 4 0 3378 3176 2109 2198 
5363 4 0 3363 4365 4392 1527 
5364 4 0 3363 1527 4392 2632 
5365 4 0 4449 2460 698 2220 
5366 4 0 3007 2985 549 2534 
5367 4 0 891 2637 4147 1076 
5368 4 0 3732 1956 2254 611 
5369 4 0 1865 2605 1011 2919 
5370 4 0 3280 4131 3082 449 
5371 4 0 2919 1011 1865 2920 
5372 4 0 3834 2903 4549 1665 
5373 4 0 2581 1023 2112 4410 
5374 4 0 705 806 1023 374 
5375 4 0 1754 2520 958 1181 
5376 4 0 641 2520 1754 1181 
5377 4 0 1400 3262 3192 788 
5378 4 0 3826 3214 2986 1236 
5379 4 0 2556 2177 2683 1813 
5380 4 0 3826 3214 1236 156 
5381 4 0 2060 1539 3695 1226 
5382 4 0 3170 1539 2060 2916 
5383 4 0 2162 2406 2739 3634 
5384 4 0 2060 3089 1539 1226 
5385 4 0 3723 1047 2739 3634 
5386 4 0 2916 1539 2060 3089 
5387 4 0 3170 1539 3050 2060 
5388 4 0 2579 255 2422 227 
5389 4 0 3043 255 2964 2422 
5390 4 0 4607 2674 4245 2430 
5391 4 0 3043 255 2422 2579 
5392 4 0 4132 2858 620 529 
5393 4 0 1892 2196 1984 2672 
5394 4 0 1811 2942 2940 2399 
5395 4 0 499 534 3361 2740 
5396 4 0 2162 2608 3370 3613 
5397 4 0 3017 3306 1318 3318 
5398 4 0 467 2430 2088 280 
5399 4 0 2119 3485 4151 3259 
5400 4 0 3112 1739 590 2880 
5401 4 0 4581 2456 1093 4353 
5402 4 0 780 555 3745 1446 
5403 4 0 3745 780 3301 555 
5404 4 0 2745 2052 2078 2457 
5405 4 0 2218 2967 2176 2968 
5406 4 0 1011 941 396 2859 
5407 4 0 2668 2218 2968 2967 
5408 4 0 2019 651 2250 2369 
5409 4 0 2845 2000 2796 3130 
5410 4 0 1131 2895 2922 2463 
5411 4 0 2370 3003 2628 368 
5412 4 0 2757 2779 2906 1512 
5413 4 0 3775 3196 4208 3485 
5414 4 0 2347 2735 2016 558 
5415 4 0 3492 555 409 3161 
5416 4 0 2121 2044 373 3080 
5417 4 0 1321 1156 1514 728 
5418 4 0 2882 602 3289 3355 
5419 4 0 2882 3273 3289 602 
5420 4 0 995 3355 3289 602 
5421 4 0 1876 616 804 615 
5422 4 0 804 616 374 615 
5423 4 0 1987 1487 1805 2943 
5424 4 0 651 2250 3809 2501 
5425 4 0 861 674 2773 3205 
5426 4 0 1471 674 1005 861 
5427 4 0 3333 678 1000 3447 
5428 4 0 1032 884 605 2662 
5429 4 0 1553 1950 884 1554 
5430 4 0 743 3447 678 3333 
5431 4 0 678 2558 3333 1381 
5432 4 0 743 2558 3333 678 
5433 4 0 3333 1000 678 1381 
5434 4 0 2461 2350 2667 2595 
5435 4 0 3004 2766 2795 2767 
5436 4 0 2667 2813 2350 2461 
5437 4 0 3684 2758 2521 3582 
5438 4 0 2521 3582 3715 76 
5439 4 0 2678 399 508 1013 
5440 4 0 399 1013 2678 2573 
5441 4 0 1276 1374 1798 3445 
5442 4 0 2174 2730 2146 2067 
5443 4 0 2749 2621 3445 1374 
5444 4 0 3445 1374 1798 2749 
5445 4 0 3057 3814 3736 3093 
5446 4 0 2269 4073 2080 2877 
5447 4 0 2412 3562 2269 4073 
5448 4 0 2068 2233 2252 926 
5449 4 0 2736 3195 2953 1130 
5450 4 0 2782 2860 1366 2848 
5451 4 0 1366 2860 4070 4313 
5452 4 0 1242 643 2195 1577 
5453 4 0 2848 2860 1366 2265 
5454 4 0 2054 1577 1549 2270 
5455 4 0 2270 3241 1549 2054 
5456 4 0 627 4555 795 4550 
5457 4 0 3196 1640 2140 3485 
5458 4 0 3378 2126 1357 3176 
5459 4 0 1938 1210 1240 1065 
5460 4 0 3511 2383 3373 2102 
5461 4 0 2653 1537 2511 1954 
5462 4 0 512 3820 2722 3225 
5463 4 0 3378 853 1735 2109 
5464 4 0 1735 853 2709 2109 
5465 4 0 3225 512 4298 2722 
5466 4 0 2348 2479 1994 3581 
5467 4 0 2762 3820 2722 512 
5468 4 0 2194 2567 1955 3152 
5469 4 0 2102 1456 2142 1347 
5470 4 0 3828 4274 1338 3553 
5471 4 0 1296 2056 2901 3511 
5472 4 0 3302 858 2598 3842 
5473 4 0 2066 2833 2207 3743 
5474 4 0 1717 433 641 1513 
5475 4 0 3344 2389 441 2851 
5476 4 0 3913 3129 2845 3874 
5477 4 0 2247 2389 3344 2851 
5478 4 0 2040 2155 767 1588 
5479 4 0 614 2155 653 3506 
5480 4 0 1873 3071 3383 3784 
5481 4 0 2845 3913 3874 2769 
5482 4 0 994 4063 1236 3993 
5483 4 0 1591 3140 2714 1010 
5484 4 0 414 3913 2171 2000 
5485 4 0 3913 414 3513 2000 
5486 4 0 455 2171 414 3913 
5487 4 0 402 2601 1254 2614 
5488 4 0 2682 4319 1213 2247 
5489 4 0 2658 2325 1286 2241 
5490 4 0 3032 4104 2236 1911 
5491 4 0 1281 2229 2489 2340 
5492 4 0 574 4104 2236 3032 
5493 4 0 4346 748 2456 749 
5494 4 0 2607 3933 4433 1373 
5495 4 0 4433 3933 3519 1373 
5496 4 0 3424 2898 2458 3379 
5497 4 0 2356 802 2732 423 
5498 4 0 1233 2071 126 1596 
5499 4 0 2700 3897 625 2193 
5500 4 0 694 2962 1159 1845 
5501 4 0 3306 459 3231 2380 
5502 4 0 3923 3466 3063 1577 
5503 4 0 1983 4017 2488 3010 
5504 4 0 394 1991 2152 395 
5505 4 0 727 1021 1972 1124 
5506 4 0 727 1629 1021 1124 
5507 4 0 3259 3485 2929 2119 
5508 4 0 1956 728 2254 611 
5509 4 0 3732 802 1956 611 
5510 4 0 1956 423 2147 802 
5511 4 0 1496 872 932 2702 
5512 4 0 792 873 863 470 
5513 4 0 3250 2107 1292 1006 
5514 4 0 4291 1469 2246 938 
5515 4 0 572 565 1893 3237 
5516 4 0 2055 1764 2125 2931 
5517 4 0 572 3237 1893 2432 
5518 4 0 3237 565 3871 572 
5519 4 0 194 435 2180 187 
5520 4 0 6 826 402 1988 
5521 4 0 3237 3871 2698 572 
5522 4 0 2016 1822 413 1782 
5523 4 0 845 3149 3778 2524 
5524 4 0 3778 845 4043 3149 
5525 4 0 2209 2071 4057 2920 
5526 4 0 2060 1688 3089 1226 
5527 4 0 3213 3089 2060 1688 
5528 4 0 435 4580 194 1495 
5529 4 0 861 389 1445 2702 
5530 4 0 2572 2499 1843 2206 
5531 4 0 770 2499 2572 2206 
5532 4 0 600 3865 3330 601 
5533 4 0 1565 2443 3048 1567 
5534 4 0 1565 2323 3048 2443 
5535 4 0 3894 2748 1513 3525 
5536 4 0 3466 376 2849 1182 
5537 4 0 3525 1513 2520 1754 
5538 4 0 4549 2903 3834 922 
5539 4 0 1375 466 413 2016 
5540 4 0 466 2347 413 2016 
5541 4 0 2224 2350 3980 1019 
5542 4 0 1878 4131 2940 2922 
5543 4 0 1811 1878 2940 2942 
5544 4 0 2224 3980 2350 2595 
5545 4 0 2383 1347 2102 2142 
5546 4 0 3477 2745 3970 665 
5547 4 0 3839 2716 2232 1166 
5548 4 0 2566 3672 2841 3344 
5549 4 0 973 1378 2715 1428 
5550 4 0 1378 3429 973 2715 
5551 4 0 2413 4053 2418 3541 
5552 4 0 463 3015 2373 441 
5553 4 0 3015 4528 2253 452 
5554 4 0 344 831 2867 3783 
5555 4 0 2962 2413 1159 1971 
5556 4 0 1813 2683 2556 2339 
5557 4 0 3250 3262 1006 1292 
5558 4 0 1293 3262 3250 1292 
5559 4 0 1755 1757 2313 595 
5560 4 0 2265 4314 2590 2860 
5561 4 0 1782 1912 3953 2772 
5562 4 0 3795 2049 4004 1478 
5563 4 0 718 2164 4312 3034 
5564 4 0 2369 2756 3809 997 
5565 4 0 717 1874 3065 3034 
5566 4 0 717 1874 3034 4312 
5567 4 0 2466 1125 3755 3204 
5568 4 0 3133 3755 2042 454 
5569 4 0 2508 3424 2898 2458 
5570 4 0 2221 546 3412 2711 
5571 4 0 3102 2254 2322 2443 
5572 4 0 3102 2926 2322 2254 
5573 4 0 2599 1300 3365 2230 
5574 4 0 390 1026 1609 389 
5575 4 0 390 389 1609 1110 
5576 4 0 2891 4592 2771 2835 
5577 4 0 846 477 377 2378 
5578 4 0 402 2891 2614 4183 
5579 4 0 694 4375 2096 4377 
5580 4 0 2574 4377 2096 4375 
5581 4 0 1299 3345 441 3015 
5582 4 0 975 1003 2914 2360 
5583 4 0 2965 3751 454 3352 
5584 4 0 4079 4219 2965 3762 
5585 4 0 1775 3590 2978 2329 
5586 4 0 2541 2692 928 3978 
5587 4 0 2307 2329 1775 1988 
5588 4 0 1775 828 2978 992 
5589 4 0 2901 243 226 3373 
5590 4 0 1255 3026 2078 2081 
5591 4 0 3026 2078 6 1255 
5592 4 0 2016 413 2735 2347 
5593 4 0 383 3149 2987 4043 
5594 4 0 2146 2730 2174 2577 
5595 4 0 4043 1444 383 4001 
5596 4 0 2711 2885 2484 2107 
5597 4 0 684 1260 2306 2159 
5598 4 0 3303 3525 1754 2748 
5599 4 0 2019 3619 2359 3691 
5600 4 0 3491 2214 3174 1081 
5601 4 0 677 3717 2068 1081 
5602 4 0 3820 2722 2723 2762 
5603 4 0 3889 433 2753 3214 
5604 4 0 3953 1021 498 1619 
5605 4 0 1182 1549 3063 376 
5606 4 0 2772 3953 1021 498 
5607 4 0 2269 2503 4073 975 
5608 4 0 2510 3136 611 2977 
5609 4 0 1291 2186 399 2387 
5610 4 0 1291 2186 1251 398 
5611 4 0 3968 1593 2132 1766 
5612 4 0 1064 4347 1058 2100 
5613 4 0 4548 817 2077 2815 
5614 4 0 3898 3552 3370 2913 
5615 4 0 573 507 778 2576 
5616 4 0 507 3588 573 2133 
5617 4 0 1982 412 2868 507 
5618 4 0 2868 3588 573 507 
5619 4 0 1790 3829 3810 3750 
5620 4 0 3685 2526 3301 2489 
5621 4 0 1863 3782 2489 3692 
5622 4 0 537 2193 3897 2099 
5623 4 0 3897 2193 2487 2211 
5624 4 0 537 3862 3897 1599 
5625 4 0 848 3721 3524 1424 
5626 4 0 1953 1423 1593 3968 
5627 4 0 1424 2515 848 3721 
5628 4 0 3524 3721 848 377 
5629 4 0 3174 563 3878 3491 
5630 4 0 729 2464 4497 3368 
5631 4 0 1026 4497 967 3368 
5632 4 0 1252 396 401 2668 
5633 4 0 2171 3779 2736 2797 
5634 4 0 2160 396 401 1252 
5635 4 0 1071 1818 1171 2885 
5636 4 0 996 1171 1818 2885 
5637 4 0 1919 2519 2636 1300 
5638 4 0 1988 993 588 833 
5639 4 0 1981 1432 517 1385 
5640 4 0 1397 1981 517 1385 
5641 4 0 1010 1591 613 2562 
5642 4 0 3109 3408 2489 2841 
5643 4 0 420 4058 2544 1288 
5644 4 0 420 4058 1288 2188 
5645 4 0 2401 3955 2589 864 
5646 4 0 958 3525 2520 1754 
5647 4 0 1989 1351 1352 1435 
5648 4 0 2199 2100 3330 3006 
5649 4 0 594 1989 1351 1352 
5650 4 0 3462 2634 1163 2556 
5651 4 0 2858 3917 529 3696 
5652 4 0 2801 3181 2940 94 
5653 4 0 529 1828 3917 620 
5654 4 0 3696 1828 3917 529 
5655 4 0 2326 1176 2084 1169 
5656 4 0 2858 3917 620 529 
5657 4 0 3788 3233 1099 4273 
5658 4 0 3568 1461 413 2047 
5659 4 0 3832 2274 1650 3788 
5660 4 0 1461 1375 466 413 
5661 4 0 2648 1644 2472 2539 
5662 4 0 2572 2113 2472 2206 
5663 4 0 4510 1650 3832 2274 
5664 4 0 2474 2083 4143 1706 
5665 4 0 3497 2271 2329 2307 
5666 4 0 2271 2329 1322 2557 
5667 4 0 2489 2340 3492 1281 
5668 4 0 594 1989 1886 1351 
5669 4 0 1886 1989 2565 1351 
5670 4 0 4212 4087 4054 3112 
5671 4 0 3275 3897 2715 2099 
5672 4 0 3643 3112 2414 4212 
5673 4 0 4212 2414 4087 3112 
5674 4 0 1822 741 736 2735 
5675 4 0 2713 542 2165 881 
5676 4 0 3971 4586 4495 2772 
5677 4 0 1753 1743 1808 1418 
5678 4 0 2742 1312 2468 3297 
5679 4 0 3606 2012 2371 1824 
5680 4 0 1718 2049 389 2137 
5681 4 0 1181 3892 429 431 
5682 4 0 4426 704 4118 2220 
5683 4 0 2603 612 506 3760 
5684 4 0 3606 1824 3876 2012 
5685 4 0 526 2175 1412 2496 
5686 4 0 2158 2511 3562 2164 
5687 4 0 2511 3562 3577 2158 
5688 4 0 2551 2889 2290 1275 
5689 4 0 2290 2551 1924 2889 
5690 4 0 2927 2060 3213 6 
5691 4 0 2060 2927 1988 6 
5692 4 0 1009 3367 4442 3095 
5693 4 0 3270 515 486 2983 
5694 4 0 1009 2715 3367 3095 
5695 4 0 3099 3889 3471 137 
5696 4 0 3595 3362 1474 1680 
5697 4 0 3265 4003 3810 2633 
5698 4 0 2633 1261 3265 2847 
5699 4 0 2776 1402 530 485 
5700 4 0 2065 2776 634 1402 
5701 4 0 3539 2359 585 1016 
5702 4 0 2642 817 1238 2077 
5703 4 0 2359 2088 585 3347 
5704 4 0 967 390 1609 2695 
5705 4 0 166 390 967 2695 
5706 4 0 190 390 967 166 
5707 4 0 390 967 1026 190 
5708 4 0 1026 390 1609 967 
5709 4 0 2808 2309 2787 1793 
5710 4 0 1248 3821 2074 3163 
5711 4 0 1069 3455 1068 3368 
5712 4 0 2794 2761 1373 2266 
5713 4 0 3838 3183 893 3226 
5714 4 0 3524 2378 377 848 
5715 4 0 1069 3368 1068 3954 
5716 4 0 4529 1186 508 2536 
5717 4 0 4529 508 1186 4080 
5718 4 0 1513 1523 3894 3975 
5719 4 0 2137 1496 2702 3471 
5720 4 0 1976 2838 2397 2392 
5721 4 0 2252 2233 521 1527 
5722 4 0 2794 3791 1373 2607 
5723 4 0 518 1340 1593 3812 
5724 4 0 3858 2275 443 2187 
5725 4 0 2187 2275 443 2586 
5726 4 0 4045 3960 2520 3892 
5727 4 0 3892 3960 2520 958 
5728 4 0 2376 802 2151 2977 
5729 4 0 2090 802 2151 2376 
5730 4 0 3726 802 2090 2376 
5731 4 0 968 2715 974 2654 
5732 4 0 541 2331 604 1182 
5733 4 0 2230 2331 1182 604 
5734 4 0 588 1589 3858 442 
5735 4 0 2662 1033 1195 1032 
5736 4 0 4265 744 4246 1707 
5737 4 0 3071 2963 2636 3950 
5738 4 0 568 3370 3898 3613 
5739 4 0 3628 3689 3490 862 
5740 4 0 1525 3191 1266 2740 
5741 4 0 972 1525 1266 2740 
5742 4 0 2237 734 2006 1439 
5743 4 0 383 3149 4001 2992 
5744 4 0 4475 404 1028 2371 
5745 4 0 2234 383 1444 2992 
5746 4 0 2184 385 2654 1502 
5747 4 0 4375 2096 2574 1381 
5748 4 0 4165 4173 1307 1197 
5749 4 0 6 2078 1589 588 
5750 4 0 3038 1779 2154 1995 
5751 4 0 2695 470 2858 2184 
5752 4 0 2078 3026 6 1589 
5753 4 0 1090 2232 1504 3434 
5754 4 0 568 2159 2017 3544 
5755 4 0 5 2626 368 19 
5756 4 0 3837 568 3361 2017 
5757 4 0 3837 3544 568 2017 
5758 4 0 2538 3267 2874 61 
5759 4 0 2593 366 1239 2286 
5760 4 0 2593 2286 1239 30 
5761 4 0 1239 35 3399 2593 
5762 4 0 3399 366 1239 2593 
5763 4 0 35 2593 1239 30 
5764 4 0 3894 3525 1458 4013 
5765 4 0 3839 1166 3521 2716 
5766 4 0 3894 1458 3848 4013 
5767 4 0 1596 2071 3602 1233 
5768 4 0 509 3225 3395 4298 
5769 4 0 3694 2710 2092 2808 
5770 4 0 2826 2693 2591 3314 
5771 4 0 3416 4149 2916 3641 
5772 4 0 163 870 390 1110 
5773 4 0 2405 1158 3614 1308 
5774 4 0 389 932 1110 870 
5775 4 0 4201 2504 3537 4056 
5776 4 0 2212 3381 3285 2372 
5777 4 0 2191 3540 2477 2311 
5778 4 0 3284 2949 721 4214 
5779 4 0 1593 3812 1759 1969 
5780 4 0 1012 1649 520 438 
5781 4 0 4407 4185 3542 2353 
5782 4 0 3341 517 1575 1385 
5783 4 0 1575 1385 517 1756 
5784 4 0 2489 3692 3620 4032 
5785 4 0 1180 1778 948 683 
5786 4 0 2194 2567 3152 455 
5787 4 0 3363 1527 1057 4365 
5788 4 0 1918 1494 2837 2900 
5789 4 0 3363 2632 1092 1527 
5790 4 0 4605 1092 3363 2632 
5791 4 0 2615 3149 2524 843 
5792 4 0 480 3291 845 3149 
5793 4 0 1342 1609 2184 2695 
5794 4 0 3368 2691 1005 3035 
5795 4 0 3954 3368 3035 2691 
5796 4 0 4588 3344 2373 2851 
5797 4 0 3314 2826 3599 2591 
5798 4 0 2931 3600 3179 3322 
5799 4 0 1977 1432 1981 1348 
5800 4 0 1012 1649 438 2668 
5801 4 0 2486 483 1498 3241 
5802 4 0 2486 1498 483 1497 
5803 4 0 2986 3269 3227 2753 
5804 4 0 2753 3269 3872 3214 
5805 4 0 3748 2323 1565 2109 
5806 4 0 4053 1627 2547 3156 
5807 4 0 3886 1318 3888 1911 
5808 4 0 1882 404 2006 1439 
5809 4 0 734 1883 1882 1439 
5810 4 0 1467 1882 593 734 
5811 4 0 2272 4145 540 3188 
5812 4 0 459 2380 3888 1911 
5813 4 0 1911 2380 2144 459 
5814 4 0 619 1607 955 21 
5815 4 0 619 3428 626 1607 
5816 4 0 774 3536 459 3480 
5817 4 0 1112 3652 1753 372 
5818 4 0 2499 770 1218 1501 
5819 4 0 1105 2068 3174 521 
5820 4 0 774 3480 1211 3536 
5821 4 0 2129 997 2013 998 
5822 4 0 2011 1990 1761 2505 
5823 4 0 3697 2197 3357 405 
5824 4 0 164 169 2180 187 
5825 4 0 2121 3080 373 3201 
5826 4 0 884 605 2662 1554 
5827 4 0 4525 4543 3777 3161 
5828 4 0 382 1744 1458 639 
5829 4 0 382 3713 1458 1744 
5830 4 0 728 417 1971 2278 
5831 4 0 2397 420 686 3796 
5832 4 0 1585 3726 3573 903 
5833 4 0 3282 918 2125 1968 
5834 4 0 4038 3227 2986 4063 
5835 4 0 3346 2176 1190 463 
5836 4 0 1709 605 2633 2622 
5837 4 0 2753 1478 2255 2137 
5838 4 0 1550 2165 1739 590 
5839 4 0 409 3161 4543 3492 
5840 4 0 393 1739 4311 2128 
5841 4 0 1182 2111 541 1608 
5842 4 0 3546 2955 2310 462 
5843 4 0 972 535 533 2740 
5844 4 0 972 533 535 4009 
5845 4 0 1733 3960 3735 3516 
5846 4 0 596 897 1338 1230 
5847 4 0 2081 3283 3510 2067 
5848 4 0 2067 2190 3510 3641 
5849 4 0 3236 2594 3300 1434 
5850 4 0 3300 3236 1434 1437 
5851 4 0 2925 3495 905 2563 
5852 4 0 2841 2308 3344 441 
5853 4 0 2176 454 3133 2967 
5854 4 0 2176 2218 1623 2967 
5855 4 0 2042 454 2967 3133 
5856 4 0 1213 3390 905 2563 
5857 4 0 1019 2479 3439 1987 
5858 4 0 3333 3447 1136 2292 
5859 4 0 358 2834 1180 349 
5860 4 0 2527 2983 2321 3919 
5861 4 0 3391 3156 2758 1848 
5862 4 0 796 1848 2758 1573 
5863 4 0 3746 2702 3722 872 
5864 4 0 2702 1445 3310 3722 
5865 4 0 2192 3461 2850 2357 
5866 4 0 2527 2321 3078 3919 
5867 4 0 2698 3171 3938 1300 
5868 4 0 3685 3301 3782 2489 
5869 4 0 2435 2925 2313 2282 
5870 4 0 4055 3301 3782 3685 
5871 4 0 3670 2165 3500 1139 
5872 4 0 2941 3235 854 2569 
5873 4 0 2391 549 2106 2284 
5874 4 0 2106 549 4325 2661 
5875 4 0 1387 3898 2145 3544 
5876 4 0 4494 178 3432 1010 
5877 4 0 3972 4062 4501 3132 
5878 4 0 3894 2748 1523 1513 
5879 4 0 662 3507 3408 3493 
5880 4 0 1271 2159 790 2306 
5881 4 0 2572 553 1153 2542 
5882 4 0 3625 2150 605 1780 
5883 4 0 1456 2959 1236 156 
5884 4 0 1456 2102 1236 2959 
5885 4 0 1335 1448 1109 1779 
5886 4 0 3205 861 2822 2958 
5887 4 0 408 466 742 3115 
5888 4 0 426 1546 3571 616 
5889 4 0 3069 2347 3115 1391 
5890 4 0 1825 3069 3115 742 
5891 4 0 275 4182 3123 4281 
5892 4 0 3123 4182 710 4281 
5893 4 0 1458 1513 3525 3894 
5894 4 0 3341 3673 734 593 
5895 4 0 1437 593 4078 3341 
5896 4 0 2258 2574 2403 2163 
5897 4 0 4078 3673 3341 593 
5898 4 0 779 3692 1575 3037 
5899 4 0 2574 2163 2096 4377 
5900 4 0 2403 4377 2163 2574 
5901 4 0 2643 3310 3205 223 
5902 4 0 2643 861 2773 3205 
5903 4 0 3892 1760 1098 388 
5904 4 0 3892 1760 388 958 
5905 4 0 3510 1332 2496 3283 
5906 4 0 2206 3474 1566 854 
5907 4 0 2697 786 2812 2 
5908 4 0 1889 558 741 1888 
5909 4 0 537 3119 624 2193 
5910 4 0 386 433 3367 1763 
5911 4 0 3093 2924 4189 3736 
5912 4 0 641 3367 1754 1513 
5913 4 0 3774 1666 3977 3868 
5914 4 0 1666 3868 3578 3011 
5915 4 0 2526 4062 4544 3186 
5916 4 0 2295 2477 2064 2623 
5917 4 0 2140 778 1571 1570 
5918 4 0 1571 2070 778 3192 
5919 4 0 1571 3192 778 2140 
5920 4 0 968 2435 4145 3904 
5921 4 0 4280 2102 3049 2142 
5922 4 0 2142 4280 3803 3049 
5923 4 0 2060 2903 3834 3050 
5924 4 0 3896 2517 2533 2572 
5925 4 0 1856 2786 2748 3525 
5926 4 0 2047 971 413 3958 
5927 4 0 2016 413 971 1782 
5928 4 0 4310 4311 2128 393 
5929 4 0 1717 433 1513 1777 
5930 4 0 658 3911 1144 3994 
5931 4 0 3922 4577 4561 1620 
5932 4 0 3717 2357 3061 3287 
5933 4 0 729 4577 4561 3922 
5934 4 0 1613 626 3898 1387 
5935 4 0 2113 3474 2130 1566 
5936 4 0 2572 3474 2038 2113 
5937 4 0 205 3005 226 1320 
5938 4 0 1320 3373 3005 226 
5939 4 0 1320 3373 3511 3005 
5940 4 0 3714 205 3049 3005 
5941 4 0 2316 3717 2850 3461 
5942 4 0 1679 1880 1089 1710 
5943 4 0 750 262 233 1296 
5944 4 0 3992 262 233 750 
5945 4 0 233 750 1296 215 
5946 4 0 3344 2566 3672 4116 
5947 4 0 2566 3881 4546 3877 
5948 4 0 3813 1004 1368 75 
5949 4 0 539 3813 1368 75 
5950 4 0 2171 1209 455 414 
5951 4 0 3510 945 1332 3283 
5952 4 0 3047 3072 1943 2578 
5953 4 0 3072 3047 1943 1074 
5954 4 0 372 3652 4333 4612 
5955 4 0 2538 2097 3200 855 
5956 4 0 1496 872 2702 3746 
5957 4 0 4265 1707 2719 744 
5958 4 0 2033 3542 3202 2918 
5959 4 0 104 83 2757 2377 
5960 4 0 3796 2544 420 4058 
5961 4 0 3311 83 599 2462 
5962 4 0 926 2233 2252 378 
5963 4 0 1175 630 3654 962 
5964 4 0 83 104 2757 3311 
5965 4 0 1175 962 4140 630 
5966 4 0 662 3881 2841 2308 
5967 4 0 3633 2489 662 2841 
5968 4 0 2136 3654 962 1175 
5969 4 0 2757 104 3040 3311 
5970 4 0 3917 1828 3696 3929 
5971 4 0 2770 3683 141 115 
5972 4 0 2023 2748 1754 3367 
5973 4 0 3275 2748 3303 2023 
5974 4 0 3547 2386 3993 1755 
5975 4 0 237 2511 1547 1548 
5976 4 0 3993 199 3547 1134 
5977 4 0 2003 2711 2119 2053 
5978 4 0 3983 404 738 1027 
5979 4 0 4104 774 2727 1911 
5980 4 0 459 2048 1911 1318 
5981 4 0 1318 2048 1911 461 
5982 4 0 1027 3983 404 424 
5983 4 0 4585 2371 3128 183 
5984 4 0 976 183 699 4585 
5985 4 0 2503 2037 4379 3478 
5986 4 0 454 3755 2190 3221 
5987 4 0 2293 860 1998 2268 
5988 4 0 2197 1190 2024 464 
5989 4 0 2579 227 2422 3914 
5990 4 0 1517 1720 1799 3892 
5991 4 0 1284 1517 1720 1799 
5992 4 0 1517 1520 1720 3892 
5993 4 0 2596 399 4080 2186 
5994 4 0 2707 531 1184 2220 
5995 4 0 2707 1169 2220 1184 
5996 4 0 2559 1242 2406 2159 
5997 4 0 4449 698 2707 2220 
5998 4 0 698 4449 2707 1785 
5999 4 0 1272 1576 2195 643 
6000 4 0 3017 718 4016 720 
6001 4 0 2195 791 1576 1272 
6002 4 0 1574 791 2195 1272 
6003 4 0 1845 1514 2257 1971 
6004 4 0 3017 3231 718 720 
6005 4 0 4313 4016 720 3017 
6006 4 0 3017 3306 3231 720 
6007 4 0 3017 4313 2860 720 
6008 4 0 2617 3587 2124 2814 
6009 4 0 278 3936 2597 2087 
6010 4 0 2857 2496 3179 3477 
6011 4 0 2857 2496 1334 3179 
6012 4 0 389 1026 1609 3368 
6013 4 0 3931 1413 3008 3851 
6014 4 0 375 3977 3837 388 
6015 4 0 3868 1807 375 3977 
6016 4 0 2576 3238 3445 1852 
6017 4 0 3851 3008 3931 3565 
6018 4 0 1623 2720 2042 2764 
6019 4 0 3863 4607 3347 2430 
6020 4 0 2915 3347 2430 2131 
6021 4 0 4594 4286 3136 3887 
6022 4 0 1013 1138 2678 2573 
6023 4 0 3428 626 1607 1857 
6024 4 0 4059 3981 1399 556 
6025 4 0 437 3608 1958 2961 
6026 4 0 1376 537 3843 3222 
6027 4 0 1376 3222 4414 537 
6028 4 0 3886 2128 2039 2949 
6029 4 0 2089 2224 1019 1848 
6030 4 0 2039 2949 3009 3886 
6031 4 0 2986 2753 433 3214 
6032 4 0 2582 3959 2222 2282 
6033 4 0 946 3908 268 236 
6034 4 0 236 3908 871 946 
6035 4 0 2582 396 2160 1012 
6036 4 0 3490 2766 2767 2795 
6037 4 0 389 390 871 870 
6038 4 0 389 1026 3368 3908 
6039 4 0 1318 2338 3886 2949 
6040 4 0 4525 2336 3397 3307 
6041 4 0 3756 3227 4063 2986 
6042 4 0 3122 719 4369 3306 
6043 4 0 885 1950 2053 884 
6044 4 0 387 1184 2222 2172 
6045 4 0 2012 1890 1824 3876 
6046 4 0 2272 2222 2172 387 
6047 4 0 515 486 4179 3270 
6048 4 0 1342 441 2691 3455 
6049 4 0 679 3408 2691 2763 
6050 4 0 4049 3347 1289 4607 
6051 4 0 2908 4423 700 3671 
6052 4 0 2236 1204 434 769 
6053 4 0 3671 3278 2908 4423 
6054 4 0 2595 1420 2135 1630 
6055 4 0 769 1204 434 2180 
6056 4 0 2595 1630 1627 1420 
6057 4 0 4287 3763 3897 1600 
6058 4 0 4042 3763 1776 4287 
6059 4 0 3156 1420 2595 1627 
6060 4 0 4014 3361 2740 3294 
6061 4 0 3191 2740 3754 3294 
6062 4 0 3294 2740 3754 3361 
6063 4 0 2373 463 2176 452 
6064 4 0 1828 529 3696 974 
6065 4 0 3119 3198 2393 823 
6066 4 0 1727 505 4264 4575 
6067 4 0 592 595 1757 1756 
6068 4 0 2373 3704 1343 2176 
6069 4 0 2636 2963 3731 3950 
6070 4 0 1988 828 2588 2927 
6071 4 0 2588 1988 4292 828 
6072 4 0 1440 626 3428 1857 
6073 4 0 1321 3732 2651 2254 
6074 4 0 1019 2266 377 2706 
6075 4 0 377 4185 2658 2515 
6076 4 0 1432 1433 1981 1348 
6077 4 0 1709 1970 2921 1261 
6078 4 0 1293 2507 3296 2281 
6079 4 0 467 2988 3599 3152 
6080 4 0 3152 2194 3599 1955 
6081 4 0 3205 223 2958 251 
6082 4 0 4064 2788 2145 3544 
6083 4 0 1623 2974 2799 3140 
6084 4 0 3585 2799 2798 1623 
6085 4 0 1518 107 86 3756 
6086 4 0 3227 3756 86 3392 
6087 4 0 3303 3119 536 537 
6088 4 0 3119 624 536 537 
6089 4 0 3596 3044 3453 2103 
6090 4 0 2409 484 1123 2910 
6091 4 0 1518 3756 86 3227 
6092 4 0 1509 444 2544 2246 
6093 4 0 4306 2544 1509 444 
6094 4 0 1654 3578 2261 1535 
6095 4 0 1535 4122 3578 2261 
6096 4 0 2591 1662 487 2826 
6097 4 0 2106 2182 2391 1292 
6098 4 0 918 3304 2311 1968 
6099 4 0 1458 4036 3973 1744 
6100 4 0 3206 1040 618 2656 
6101 4 0 478 618 1040 2656 
6102 4 0 3732 611 3136 2151 
6103 4 0 1259 3435 3837 3813 
6104 4 0 1291 398 2601 4080 
6105 4 0 3464 4248 3708 4597 
6106 4 0 2451 3311 599 2462 
6107 4 0 2205 2454 2618 2810 
6108 4 0 470 2426 2184 876 
6109 4 0 779 1699 3692 1697 
6110 4 0 3039 2922 943 2468 
6111 4 0 526 4587 3456 2314 
6112 4 0 4587 3456 2314 1899 
6113 4 0 3966 1579 3868 2759 
6114 4 0 86 3227 3392 112 
6115 4 0 3880 1111 626 619 
6116 4 0 1111 4339 3428 619 
6117 4 0 1111 3428 626 619 
6118 4 0 3038 3552 2747 3613 
6119 4 0 2748 4231 4100 3095 
6120 4 0 1270 4231 3275 3095 
6121 4 0 4438 4223 462 2461 
6122 4 0 2461 462 3546 4223 
6123 4 0 1627 4438 2667 2461 
6124 4 0 957 1463 1113 1386 
6125 4 0 595 3109 3390 3321 
6126 4 0 1597 957 2963 3731 
6127 4 0 2603 1950 1951 2114 
6128 4 0 3459 1071 1940 3266 
6129 4 0 3485 1071 2107 3266 
6130 4 0 2408 1071 3459 3266 
6131 4 0 1008 3303 2786 3819 
6132 4 0 3876 408 3606 2012 
6133 4 0 3235 3066 79 2648 
6134 4 0 1644 3235 79 2648 
6135 4 0 3163 1102 4367 3678 
6136 4 0 617 1550 2165 940 
6137 4 0 457 2100 3330 2199 
6138 4 0 2347 4084 1821 3069 
6139 4 0 3303 2786 3525 2748 
6140 4 0 2453 2634 1625 2551 
6141 4 0 2186 2717 1251 398 
6142 4 0 2248 4156 1625 3394 
6143 4 0 3167 2607 4433 3791 
6144 4 0 2607 2794 3791 2051 
6145 4 0 2607 3791 3167 2051 
6146 4 0 3993 142 994 4063 
6147 4 0 142 994 4440 3993 
6148 4 0 3376 3010 2886 1904 
6149 4 0 2334 4017 143 1983 
6150 4 0 1782 3958 1912 4498 
6151 4 0 3958 4498 1906 1912 
6152 4 0 3791 2607 4433 1373 
6153 4 0 4076 4352 378 1092 
6154 4 0 1070 4498 1782 1912 
6155 4 0 1888 741 1821 2347 
6156 4 0 1990 3011 3868 3977 
6157 4 0 2347 741 1821 3603 
6158 4 0 3457 4258 2622 3955 
6159 4 0 3955 3457 4258 3045 
6160 4 0 333 3312 343 3989 
6161 4 0 943 2692 1851 954 
6162 4 0 343 682 3989 3312 
6163 4 0 3880 621 1613 626 
6164 4 0 3880 621 626 1111 
6165 4 0 1710 1880 2735 736 
6166 4 0 3834 3050 4134 3695 
6167 4 0 2666 1922 3050 4537 
6168 4 0 1917 3623 2666 1922 
6169 4 0 3095 3367 4100 2748 
6170 4 0 4237 433 1513 3367 
6171 4 0 1338 452 463 527 
6172 4 0 1338 1459 452 527 
6173 4 0 1338 3969 452 1459 
6174 4 0 431 1181 3892 2520 
6175 4 0 1414 3802 2558 3159 
6176 4 0 478 2761 844 2794 
6177 4 0 2178 2212 1108 2878 
6178 4 0 4245 814 2430 3433 
6179 4 0 2426 2878 1919 2212 
6180 4 0 1861 3189 2205 2618 
6181 4 0 828 2588 2205 3669 
6182 4 0 2595 2667 2461 1627 
6183 4 0 3922 4577 1620 1590 
6184 4 0 3193 1135 2516 2080 
6185 4 0 2595 1627 1630 851 
6186 4 0 1247 2761 3224 1290 
6187 4 0 2695 2464 3368 967 
6188 4 0 3368 1609 1342 2695 
6189 4 0 1361 4087 1739 3112 
6190 4 0 333 1752 4010 321 
6191 4 0 368 3003 2628 2249 
6192 4 0 600 3676 1177 2523 
6193 4 0 2672 3255 3365 571 
6194 4 0 3989 333 3384 4010 
6195 4 0 3748 2630 1565 428 
6196 4 0 3735 1809 533 1810 
6197 4 0 1887 594 1888 1391 
6198 4 0 3069 1391 1887 1888 
6199 4 0 571 2672 867 3365 
6200 4 0 107 3756 1518 4063 
6201 4 0 3975 4237 1285 1513 
6202 4 0 3756 3227 1518 4063 
6203 4 0 1428 1377 3275 3422 
6204 4 0 1428 2715 3275 3897 
6205 4 0 1428 3897 3275 1377 
6206 4 0 1965 4304 3433 286 
6207 4 0 2680 1276 3217 2070 
6208 4 0 498 1021 4586 3682 
6209 4 0 2772 498 1021 4586 
6210 4 0 2100 772 3838 2564 
6211 4 0 4607 3863 4486 2674 
6212 4 0 3306 2860 719 720 
6213 4 0 1892 4403 3063 2196 
6214 4 0 3038 2249 2154 1779 
6215 4 0 4486 4083 2674 3863 
6216 4 0 393 2862 2784 2165 
6217 4 0 2165 1739 2784 393 
6218 4 0 3936 3743 2207 1751 
6219 4 0 2714 6 1254 2588 
6220 4 0 2525 2641 2961 2138 
6221 4 0 3925 1531 2285 1858 
6222 4 0 2285 1858 1531 733 
6223 4 0 2570 1333 391 4169 
6224 4 0 1112 1753 3652 1830 
6225 4 0 4612 372 3652 1112 
6226 4 0 149 4457 2570 391 
6227 4 0 149 391 2570 1746 
6228 4 0 3044 2838 3453 2103 
6229 4 0 1412 2334 2146 2175 
6230 4 0 3226 893 3838 3006 
6231 4 0 2578 367 3469 2201 
6232 4 0 2721 732 3908 3368 
6233 4 0 3908 732 1026 3368 
6234 4 0 698 387 531 2220 
6235 4 0 1409 781 777 4114 
6236 4 0 1953 518 781 4114 
6237 4 0 1088 3664 1889 558 
6238 4 0 1478 3227 2137 2753 
6239 4 0 1081 2636 2316 2599 
6240 4 0 1997 536 2393 2183 
6241 4 0 2610 3207 3008 3700 
6242 4 0 2356 3935 2971 3082 
6243 4 0 2619 1584 2376 3573 
6244 4 0 3529 3935 2356 2694 
6245 4 0 3529 1551 2356 1954 
6246 4 0 345 1072 355 2830 
6247 4 0 3011 1666 3868 3977 
6248 4 0 3613 2156 1995 813 
6249 4 0 3026 2188 2041 4058 
6250 4 0 1084 4475 424 2763 
6251 4 0 3900 1634 4476 413 
6252 4 0 3221 3362 2730 2485 
6253 4 0 3798 2897 2880 1603 
6254 4 0 2817 779 3037 1410 
6255 4 0 3121 779 3037 2817 
6256 4 0 1575 3037 3121 779 
6257 4 0 458 2836 2432 2809 
6258 4 0 589 2468 3039 943 
6259 4 0 3850 2620 954 3533 
6260 4 0 1400 3445 3238 2621 
6261 4 0 2921 1724 3488 1789 
6262 4 0 2477 2191 2811 3540 
6263 4 0 2477 3540 1968 2311 
6264 4 0 2915 2191 3540 2811 
6265 4 0 2088 2765 2988 448 
6266 4 0 3863 3347 2765 2988 
6267 4 0 2823 2157 2213 1154 
6268 4 0 2643 174 3722 193 
6269 4 0 3721 1245 377 3791 
6270 4 0 1526 3735 4441 533 
6271 4 0 2347 3115 1391 466 
6272 4 0 3884 1909 1481 1611 
6273 4 0 2735 413 3603 2347 
6274 4 0 1481 751 3884 1611 
6275 4 0 170 3993 1484 142 
6276 4 0 170 1484 3993 4279 
6277 4 0 1883 4097 1884 1439 
6278 4 0 3433 814 2430 2328 
6279 4 0 3121 1437 1836 3341 
6280 4 0 1137 2403 3020 2163 
6281 4 0 1436 1836 1437 3341 
6282 4 0 2822 3908 3368 2721 
6283 4 0 3692 3300 1863 779 
6284 4 0 4084 1825 3069 3115 
6285 4 0 2489 3021 2340 2577 
6286 4 0 1383 2907 2915 1017 
6287 4 0 641 3367 2023 1754 
6288 4 0 1021 4558 1124 300 
6289 4 0 3021 2489 2340 3492 
6290 4 0 4339 655 1399 556 
6291 4 0 4059 556 1399 655 
6292 4 0 1110 622 2137 2049 
6293 4 0 2655 3156 2595 4053 
6294 4 0 545 2586 3636 1910 
6295 4 0 3766 1780 2586 2982 
6296 4 0 1189 1910 2684 2586 
6297 4 0 3379 3424 2330 1557 
6298 4 0 2632 2849 3466 521 
6299 4 0 521 2632 2849 1527 
6300 4 0 3406 2386 3993 188 
6301 4 0 2386 3406 3811 188 
6302 4 0 2386 199 188 3811 
6303 4 0 2386 3993 188 199 
6304 4 0 1084 4475 404 424 
6305 4 0 1777 1923 660 661 
6306 4 0 4063 3873 142 994 
6307 4 0 741 558 2735 2347 
6308 4 0 2347 741 3603 2735 
6309 4 0 3346 454 3585 1706 
6310 4 0 2735 1889 558 741 
6311 4 0 2244 3050 2666 1974 
6312 4 0 2244 3050 1974 2271 
6313 4 0 2629 625 2700 3897 
6314 4 0 651 2501 1952 2250 
6315 4 0 2501 1951 1556 1952 
6316 4 0 613 2036 3140 1010 
6317 4 0 3763 2629 2700 3897 
6318 4 0 2917 2231 3668 3602 
6319 4 0 1600 3763 3897 2629 
6320 4 0 1353 3022 2098 3668 
6321 4 0 1300 935 2230 2599 
6322 4 0 3713 1744 3616 4036 
6323 4 0 1342 2691 3368 3455 
6324 4 0 2695 2464 3455 3368 
6325 4 0 1658 2369 2683 2177 
6326 4 0 287 2285 4610 733 
6327 4 0 287 282 4610 2285 
6328 4 0 3655 2013 998 4566 
6329 4 0 1062 2727 4267 2688 
6330 4 0 396 401 438 2582 
6331 4 0 3252 881 3000 3062 
6332 4 0 881 3293 3062 3252 
6333 4 0 4610 1024 1531 3971 
6334 4 0 1711 1629 3971 4610 
6335 4 0 4610 1629 3971 1531 
6336 4 0 1024 4610 1711 3971 
6337 4 0 3514 3271 2646 3680 
6338 4 0 4515 2391 411 2985 
6339 4 0 2046 4515 2985 2391 
6340 4 0 1212 907 2282 2563 
6341 4 0 395 1991 2152 1842 
6342 4 0 2556 2683 2076 3094 
6343 4 0 1658 2683 3094 2076 
6344 4 0 3471 137 111 2844 
6345 4 0 2282 959 3959 1212 
6346 4 0 1213 959 2282 1212 
6347 4 0 3959 2582 1132 959 
6348 4 0 959 2582 2682 2282 
6349 4 0 2255 3889 2753 3099 
6350 4 0 3010 522 3770 1993 
6351 4 0 3770 3010 3792 4077 
6352 4 0 3622 2842 1721 1996 
6353 4 0 4575 2842 1996 1721 
6354 4 0 1157 2767 485 538 
6355 4 0 2976 538 3628 2767 
6356 4 0 1157 538 1170 642 
6357 4 0 642 538 2976 3895 
6358 4 0 1157 2767 4201 485 
6359 4 0 1134 3073 3547 3993 
6360 4 0 2878 3398 458 2212 
6361 4 0 3494 71 3648 58 
6362 4 0 3161 2179 2336 4062 
6363 4 0 3161 409 465 555 
6364 4 0 1913 4249 4157 531 
6365 4 0 2786 3303 3525 3819 
6366 4 0 3673 2383 1981 1385 
6367 4 0 2274 2974 2139 3140 
6368 4 0 2274 1099 2799 696 
6369 4 0 1478 3795 622 4012 
6370 4 0 3680 637 2646 805 
6371 4 0 1439 404 1084 2012 
6372 4 0 1110 2137 4282 656 
6373 4 0 1720 1520 1744 3892 
6374 4 0 3973 1744 3616 1720 
6375 4 0 2591 1662 2826 2911 
6376 4 0 1720 1520 3973 1744 
6377 4 0 1807 1460 375 4445 
6378 4 0 1138 1013 1119 2573 
6379 4 0 1138 2573 1119 3288 
6380 4 0 3288 2573 1119 3450 
6381 4 0 1013 399 1119 2573 
6382 4 0 2573 399 1119 3450 
6383 4 0 2562 1011 3602 917 
6384 4 0 3377 3838 1205 3183 
6385 4 0 2865 2211 3119 2099 
6386 4 0 3377 3183 893 3838 
6387 4 0 3377 3183 1205 4117 
6388 4 0 2586 443 2187 2009 
6389 4 0 2942 1878 2940 2801 
6390 4 0 2489 3620 662 3408 
6391 4 0 2202 3920 1442 3778 
6392 4 0 216 3811 2386 1696 
6393 4 0 1376 4417 3862 537 
6394 4 0 3614 3571 2564 2409 
6395 4 0 1438 1462 1832 1403 
6396 4 0 1462 3664 1403 1438 
6397 4 0 1489 638 2261 3994 
6398 4 0 2291 3193 2516 2877 
6399 4 0 4145 3188 2654 385 
6400 4 0 1430 750 4096 233 
6401 4 0 1481 1909 1931 1611 
6402 4 0 2644 2576 2663 1280 
6403 4 0 1458 1744 3973 4045 
6404 4 0 639 1744 1458 4045 
6405 4 0 4045 1458 4013 3973 
6406 4 0 2644 2663 3521 1280 
6407 4 0 496 2098 1184 2562 
6408 4 0 1883 1884 1890 2012 
6409 4 0 2255 2753 2137 3099 
6410 4 0 2957 2767 4604 3490 
6411 4 0 3891 974 1600 4573 
6412 4 0 2729 2895 3039 1131 
6413 4 0 3891 974 4573 1378 
6414 4 0 2895 1834 3743 2833 
6415 4 0 2233 2632 521 1527 
6416 4 0 3928 658 3994 657 
6417 4 0 1576 791 2569 1272 
6418 4 0 3578 1654 3994 657 
6419 4 0 1443 1606 504 362 
6420 4 0 860 1606 1443 362 
6421 4 0 3260 2504 2548 1221 
6422 4 0 1328 3241 2054 1549 
6423 4 0 3297 3781 2302 3509 
6424 4 0 1105 521 677 2068 
6425 4 0 4296 4246 1707 4265 
6426 4 0 4151 1074 1682 2843 
6427 4 0 3827 1682 2119 4151 
6428 4 0 3827 1074 1682 4151 
6429 4 0 4129 4038 1923 1777 
6430 4 0 4129 789 1777 1923 
6431 4 0 2414 3270 2387 3187 
6432 4 0 3280 449 3181 2940 
6433 4 0 2940 3280 449 4131 
6434 4 0 968 1250 4145 2435 
6435 4 0 2435 3097 3959 2222 
6436 4 0 1324 1269 3222 3988 
6437 4 0 1324 3222 536 3988 
6438 4 0 1670 4233 2010 2665 
6439 4 0 1007 1324 3988 1269 
6440 4 0 520 1012 438 2582 
6441 4 0 1987 3439 2794 2677 
6442 4 0 3128 4585 183 976 
6443 4 0 183 976 699 3902 
6444 4 0 1007 3516 1733 3988 
6445 4 0 1007 1854 1733 3960 
6446 4 0 3940 1525 2740 3191 
6447 4 0 2075 2414 2043 3659 
6448 4 0 2075 3257 2410 564 
6449 4 0 3606 2371 1028 1824 
6450 4 0 4578 3620 4113 3111 
6451 4 0 1358 3383 578 2708 
6452 4 0 3504 3111 3620 4578 
6453 4 0 4113 3408 3111 3620 
6454 4 0 2549 3150 1483 2526 
6455 4 0 1449 3945 1144 4020 
6456 4 0 1550 2880 515 2671 
6457 4 0 3451 3063 3923 2342 
6458 4 0 2478 2473 2897 515 
6459 4 0 4384 1723 2111 2481 
6460 4 0 2565 2012 742 1884 
6461 4 0 541 4384 1723 2111 
6462 4 0 1518 3227 3816 4063 
6463 4 0 429 638 1744 1799 
6464 4 0 1760 958 3892 1181 
6465 4 0 1799 429 3892 1744 
6466 4 0 389 2137 1110 932 
6467 4 0 1174 2668 911 1649 
6468 4 0 1664 508 203 4080 
6469 4 0 1664 173 4080 203 
6470 4 0 203 508 219 1188 
6471 4 0 4087 2414 709 2265 
6472 4 0 4565 3386 2484 2617 
6473 4 0 3359 1009 3095 2715 
6474 4 0 3231 3382 2839 511 
6475 4 0 2687 3656 440 2101 
6476 4 0 994 3993 3073 4440 
6477 4 0 3037 1410 3867 2817 
6478 4 0 493 3143 2699 3187 
6479 4 0 2025 2163 1056 1578 
6480 4 0 2283 2193 1386 2636 
6481 4 0 2963 2193 2636 1386 
6482 4 0 2302 2699 3297 3187 
6483 4 0 4127 1786 3556 3272 
6484 4 0 1172 997 2363 3809 
6485 4 0 49 40 2335 2123 
6486 4 0 2666 2900 1917 1491 
6487 4 0 2509 3602 1612 1596 
6488 4 0 4041 3812 4278 3884 
6489 4 0 3556 3923 2598 2326 
6490 4 0 2077 2837 1238 686 
6491 4 0 1324 1250 559 1997 
6492 4 0 1324 3303 1250 1997 
6493 4 0 3303 2099 1250 1997 
6494 4 0 2068 1105 3174 3717 
6495 4 0 3945 4285 4338 4051 
6496 4 0 1710 3664 1443 558 
6497 4 0 4010 333 3384 1752 
6498 4 0 2178 2570 1746 569 
6499 4 0 3116 2635 4492 3060 
6500 4 0 3754 3940 1460 375 
6501 4 0 3161 555 465 2179 
6502 4 0 51 2918 43 3202 
6503 4 0 3125 2385 2280 1750 
6504 4 0 2190 3404 4128 1706 
6505 4 0 18 2728 29 3841 
6506 4 0 2226 3863 3599 467 
6507 4 0 2496 3281 3325 2857 
6508 4 0 1662 3393 2475 2765 
6509 4 0 3370 684 3448 1942 
6510 4 0 836 2220 4118 2460 
6511 4 0 836 2220 2836 4118 
6512 4 0 2182 1258 2041 2994 
6513 4 0 4145 385 3565 540 
6514 4 0 140 2120 165 2932 
6515 4 0 2139 3452 613 396 
6516 4 0 1599 3862 1377 4417 
6517 4 0 1377 4417 3862 1376 
6518 4 0 3862 3422 1377 1376 
6519 4 0 1599 624 3897 537 
6520 4 0 1599 3897 1377 3862 
6521 4 0 3301 4557 4560 976 
6522 4 0 165 2932 2120 1694 
6523 4 0 4029 4557 4560 3301 
6524 4 0 17 1002 370 3020 
6525 4 0 4164 231 3936 2597 
6526 4 0 565 3398 3237 1907 
6527 4 0 1751 4091 4164 2597 
6528 4 0 2686 3417 2878 3706 
6529 4 0 3097 520 3959 2582 
6530 4 0 4145 2654 3696 385 
6531 4 0 470 2695 441 2184 
6532 4 0 2182 2391 1292 2124 
6533 4 0 2711 3760 1556 2885 
6534 4 0 2615 3149 480 3786 
6535 4 0 814 2328 294 3243 
6536 4 0 814 2328 3243 1511 
6537 4 0 1579 3966 3868 1098 
6538 4 0 1990 3578 2261 638 
6539 4 0 3523 2691 679 1069 
6540 4 0 682 775 3989 3384 
6541 4 0 3796 1589 420 2052 
6542 4 0 775 751 1611 4026 
6543 4 0 682 775 3384 1611 
6544 4 0 682 775 1611 4026 
6545 4 0 725 2820 2430 280 
6546 4 0 3781 3297 1312 492 
6547 4 0 1804 3439 2446 2558 
6548 4 0 2769 3389 3913 1580 
6549 4 0 3137 2716 2232 3839 
6550 4 0 4007 2658 1804 2558 
6551 4 0 3137 2716 3839 1280 
6552 4 0 1805 1804 3439 2446 
6553 4 0 1881 1393 4028 674 
6554 4 0 2002 2709 3748 2260 
6555 4 0 2528 2659 2693 2826 
6556 4 0 2866 3748 2002 2904 
6557 4 0 2904 2709 3748 2002 
6558 4 0 2678 928 1291 2573 
6559 4 0 3516 1733 3960 1007 
6560 4 0 3960 1854 3525 1007 
6561 4 0 1338 3358 2411 3070 
6562 4 0 2343 3330 4361 1063 
6563 4 0 2221 2003 546 2711 
6564 4 0 1130 2736 3195 2475 
6565 4 0 2636 3899 3731 1178 
6566 4 0 4195 1783 2695 873 
6567 4 0 4429 1948 428 2630 
6568 4 0 4570 2797 3734 414 
6569 4 0 2499 2390 1843 2206 
6570 4 0 546 2053 934 4564 
6571 4 0 886 4564 3637 934 
6572 4 0 886 934 2053 4564 
6573 4 0 4564 764 2053 886 
6574 4 0 3637 4564 546 934 
6575 4 0 2401 557 1838 3379 
6576 4 0 3649 3361 3875 3294 
6577 4 0 1489 638 1714 2261 
6578 4 0 3974 3294 3649 3875 
6579 4 0 1319 1510 411 133 
6580 4 0 3535 3837 1814 1853 
6581 4 0 1510 2934 2814 411 
6582 4 0 1814 3837 3952 1853 
6583 4 0 2786 1812 3525 1856 
6584 4 0 3121 3037 1575 1836 
6585 4 0 3136 4594 2151 3797 
6586 4 0 1269 3843 3303 3222 
6587 4 0 3755 2174 2042 2730 
6588 4 0 2151 3797 4594 3601 
6589 4 0 3428 626 1440 3549 
6590 4 0 2027 664 531 1913 
6591 4 0 3209 2647 664 1042 
6592 4 0 415 2814 766 2617 
6593 4 0 2617 2814 2124 415 
6594 4 0 2150 3625 605 2085 
6595 4 0 663 3091 3188 3592 
6596 4 0 663 3091 2027 3188 
6597 4 0 4210 1840 4204 3817 
6598 4 0 4397 4025 1830 3613 
6599 4 0 3236 3300 1423 421 
6600 4 0 545 2982 1780 763 
6601 4 0 4397 3613 1830 813 
6602 4 0 763 2982 1780 2400 
6603 4 0 835 3858 1256 1589 
6604 4 0 2878 2698 3239 1919 
6605 4 0 3129 453 2243 2518 
6606 4 0 3259 1214 811 2450 
6607 4 0 453 2243 3152 3129 
6608 4 0 2542 2533 2572 3896 
6609 4 0 439 3309 1331 2524 
6610 4 0 439 687 3309 2524 
6611 4 0 2336 465 3056 3779 
6612 4 0 1776 529 3897 2283 
6613 4 0 3897 3763 384 2700 
6614 4 0 2283 2193 1502 3897 
6615 4 0 2283 1502 2654 3897 
6616 4 0 2416 1288 2182 1968 
6617 4 0 2436 2182 1968 2416 
6618 4 0 2416 1288 550 2182 
6619 4 0 1968 1288 2182 1258 
6620 4 0 3038 1451 2649 2448 
6621 4 0 1592 780 4560 3745 
6622 4 0 4560 1592 4029 780 
6623 4 0 1326 4540 2311 3304 
6624 4 0 4123 3958 1906 3276 
6625 4 0 829 2544 1288 2246 
6626 4 0 1300 2698 458 1919 
6627 4 0 2862 1309 196 2713 
6628 4 0 3297 3187 2075 2387 
6629 4 0 3187 3270 2387 3297 
6630 4 0 3197 486 4218 2983 
6631 4 0 2857 2745 3026 2078 
6632 4 0 2745 2857 3026 1257 
6633 4 0 3477 2857 2745 1257 
6634 4 0 2107 2885 1071 3485 
6635 4 0 1071 3485 1940 3266 
6636 4 0 2885 3139 1071 3485 
6637 4 0 2179 183 3685 555 
6638 4 0 2371 555 1084 466 
6639 4 0 2944 2897 2490 2671 
6640 4 0 2897 2490 2880 2602 
6641 4 0 1828 1600 529 974 
6642 4 0 1600 529 974 3897 
6643 4 0 974 1828 1600 4573 
6644 4 0 645 3859 912 3133 
6645 4 0 2492 3859 912 3538 
6646 4 0 3795 3999 1776 4336 
6647 4 0 2321 2043 1331 3187 
6648 4 0 2219 2926 2813 3102 
6649 4 0 2813 2198 2224 2322 
6650 4 0 4073 2503 2914 975 
6651 4 0 2455 3270 2312 4179 
6652 4 0 515 3798 3270 4179 
6653 4 0 4297 957 1113 1386 
6654 4 0 2125 582 2055 2623 
6655 4 0 2318 1868 821 1450 
6656 4 0 2192 3938 867 1908 
6657 4 0 2201 4090 2104 758 
6658 4 0 1090 3839 2232 3434 
6659 4 0 2715 3275 1250 2023 
6660 4 0 3245 2079 3662 3906 
6661 4 0 2983 2527 1187 4374 
6662 4 0 2527 2983 1187 2321 
6663 4 0 4149 3641 2190 2720 
6664 4 0 2601 2614 1251 1254 
6665 4 0 2714 2614 1254 1251 
6666 4 0 2258 3802 2574 2163 
6667 4 0 1953 4114 1409 3976 
6668 4 0 406 1703 4357 3529 
6669 4 0 1703 3114 4357 3529 
6670 4 0 4357 3114 2500 3529 
6671 4 0 2928 2668 1012 396 
6672 4 0 4080 399 2596 1664 
6673 4 0 2928 2668 1174 1649 
6674 4 0 3797 2510 2503 2977 
6675 4 0 2683 1937 2556 2339 
6676 4 0 1172 2408 2756 3809 
6677 4 0 2247 3109 3344 3922 
6678 4 0 1012 941 2757 2859 
6679 4 0 2757 3097 1512 941 
6680 4 0 3813 3837 3535 1853 
6681 4 0 2313 1757 401 3109 
6682 4 0 2682 401 3109 2313 
6683 4 0 511 821 2839 3231 
6684 4 0 1757 2489 2174 2136 
6685 4 0 2764 2670 2720 3213 
6686 4 0 2720 3641 1253 2916 
6687 4 0 1693 3227 3816 1518 
6688 4 0 2107 3250 2140 3266 
6689 4 0 1518 4063 3816 3873 
6690 4 0 1942 2159 3370 684 
6691 4 0 790 2306 2159 1942 
6692 4 0 1216 1240 3536 1065 
6693 4 0 3361 2162 3613 534 
6694 4 0 568 3544 3370 2159 
6695 4 0 3262 2680 3699 3296 
6696 4 0 2582 2682 2282 2160 
6697 4 0 1264 1746 2178 2570 
6698 4 0 2170 3701 2734 883 
6699 4 0 987 2926 598 2323 
6700 4 0 1422 2709 2109 2926 
6701 4 0 2075 2387 3257 2186 
6702 4 0 2117 3926 3297 2468 
6703 4 0 1176 1997 2099 2865 
6704 4 0 1954 2511 1547 237 
6705 4 0 3237 2432 572 3365 
6706 4 0 3113 246 4596 3969 
6707 4 0 3365 2432 572 3255 
6708 4 0 2975 3576 4381 3615 
6709 4 0 259 2475 1130 3856 
6710 4 0 1913 4249 531 2027 
6711 4 0 864 2525 1958 3608 
6712 4 0 3656 3852 3056 2047 
6713 4 0 3779 465 3056 3852 
6714 4 0 4106 2817 779 3121 
6715 4 0 779 4106 4086 2817 
6716 4 0 3836 2562 3117 1353 
6717 4 0 4106 3121 779 3300 
6718 4 0 2405 3614 3258 1308 
6719 4 0 1201 2922 1935 2801 
6720 4 0 2143 2922 2801 2895 
6721 4 0 2895 2801 2143 2883 
6722 4 0 4346 749 2456 1240 
6723 4 0 3586 2456 4346 748 
6724 4 0 4346 1240 2456 4353 
6725 4 0 620 127 103 3917 
6726 4 0 2858 4021 127 3917 
6727 4 0 1549 376 3241 2270 
6728 4 0 2023 3303 958 1754 
6729 4 0 4017 3019 1601 2334 
6730 4 0 705 805 374 2677 
6731 4 0 806 705 805 374 
6732 4 0 705 4410 2677 1023 
6733 4 0 3426 2754 2515 371 
6734 4 0 540 3565 95 4572 
6735 4 0 540 4145 2272 3565 
6736 4 0 372 1489 920 3921 
6737 4 0 2730 3724 2577 646 
6738 4 0 664 3091 2211 2654 
6739 4 0 468 2016 2293 1998 
6740 4 0 2995 4321 3492 3150 
6741 4 0 4321 3492 2445 2340 
6742 4 0 4123 3527 3568 1660 
6743 4 0 3568 3890 1660 3527 
6744 4 0 4144 3765 2543 3216 
6745 4 0 2361 2337 2379 3274 
6746 4 0 4527 4299 3253 2797 
6747 4 0 4578 3620 4032 4113 
6748 4 0 4527 1819 2797 3253 
6749 4 0 472 4124 3430 4130 
6750 4 0 409 1446 3492 4192 
6751 4 0 472 4124 3624 3430 
6752 4 0 2326 3451 3923 2598 
6753 4 0 3430 4130 4124 3614 
6754 4 0 1282 1458 4036 3848 
6755 4 0 1836 3341 517 1575 
6756 4 0 1836 517 1977 2817 
6757 4 0 517 3341 1977 1397 
6758 4 0 3370 2159 2739 2162 
6759 4 0 1060 3554 604 3822 
6760 4 0 3370 2210 1942 1044 
6761 4 0 3263 1839 1328 1549 
6762 4 0 3773 93 2091 2482 
6763 4 0 606 602 3630 995 
6764 4 0 602 2917 4393 2509 
6765 4 0 606 602 4391 3630 
6766 4 0 4337 1112 3652 1830 
6767 4 0 2915 2131 2430 280 
6768 4 0 3765 2838 1730 1555 
6769 4 0 3976 4024 2594 1953 
6770 4 0 2594 1953 3948 3976 
6771 4 0 4215 4098 1748 3280 
6772 4 0 1216 1240 532 3536 
6773 4 0 2272 1301 664 3188 
6774 4 0 3564 530 1402 2437 
6775 4 0 3939 4145 3565 3505 
6776 4 0 2854 4124 2093 1967 
6777 4 0 2093 2854 3194 4124 
6778 4 0 1458 4036 3848 3973 
6779 4 0 1395 758 3469 954 
6780 4 0 2650 3694 497 1801 
6781 4 0 2704 3357 2900 1917 
6782 4 0 4484 3357 989 900 
6783 4 0 3367 641 433 1513 
6784 4 0 3367 2748 1754 1513 
6785 4 0 119 1192 3353 4063 
6786 4 0 119 3353 3756 4063 
6787 4 0 1176 1184 2707 2172 
6788 4 0 2197 365 827 3357 
6789 4 0 827 365 2666 3357 
6790 4 0 4332 3320 651 2484 
6791 4 0 4332 2892 651 3320 
6792 4 0 1497 1498 483 1558 
6793 4 0 4379 3478 3313 2503 
6794 4 0 2175 3322 3179 2496 
6795 4 0 2393 1873 2183 536 
6796 4 0 388 1990 3868 3977 
6797 4 0 1241 1243 375 388 
6798 4 0 1707 744 4246 1135 
6799 4 0 1241 375 3837 388 
6800 4 0 2977 2503 1514 2510 
6801 4 0 1514 2977 1545 2503 
6802 4 0 3337 3531 3239 1107 
6803 4 0 619 955 626 3880 
6804 4 0 1964 1161 2361 2205 
6805 4 0 3031 3099 861 2643 
6806 4 0 801 1020 1515 2864 
6807 4 0 3945 1144 3899 2638 
6808 4 0 1878 2922 2940 2801 
6809 4 0 1902 1294 2063 925 
6810 4 0 1911 2338 3583 2065 
6811 4 0 3027 3181 2801 136 
6812 4 0 3027 2801 161 136 
6813 4 0 1409 1702 4275 781 
6814 4 0 781 777 4275 1409 
6815 4 0 2089 1573 1848 1019 
6816 4 0 1019 2089 1573 2706 
6817 4 0 2706 2089 2758 377 
6818 4 0 3597 918 3304 1016 
6819 4 0 3597 1016 3709 3539 
6820 4 0 600 3865 3438 2966 
6821 4 0 518 3812 3967 1340 
6822 4 0 3967 518 3885 3812 
6823 4 0 127 4021 103 3917 
6824 4 0 3365 458 2230 1300 
6825 4 0 3365 2432 2230 458 
6826 4 0 295 3462 1164 285 
6827 4 0 2408 3266 2107 1071 
6828 4 0 292 3462 285 1164 
6829 4 0 2067 3510 2190 2730 
6830 4 0 11 4367 2540 26 
6831 4 0 1756 595 1757 1755 
6832 4 0 4032 4578 1697 3504 
6833 4 0 3858 4033 3502 833 
6834 4 0 2931 2055 3600 3322 
6835 4 0 3137 2232 2716 4204 
6836 4 0 2773 674 1005 3413 
6837 4 0 4160 3628 3668 3285 
6838 4 0 3633 2136 962 1175 
6839 4 0 3179 2496 691 3325 
6840 4 0 575 2717 983 398 
6841 4 0 3296 1275 822 361 
6842 4 0 1953 1409 1411 3948 
6843 4 0 1953 3976 1409 3948 
6844 4 0 575 3561 4452 2717 
6845 4 0 2572 770 3896 2121 
6846 4 0 934 546 2167 2003 
6847 4 0 4400 4420 2864 2836 
6848 4 0 2462 2570 2451 4248 
6849 4 0 626 1079 1857 2154 
6850 4 0 2448 2154 1079 626 
6851 4 0 599 3355 3289 995 
6852 4 0 469 3707 2561 1963 
6853 4 0 3707 3545 2013 1963 
6854 4 0 2148 3221 3352 454 
6855 4 0 894 2774 1561 2910 
6856 4 0 4386 2910 2774 3042 
6857 4 0 2171 2988 455 1209 
6858 4 0 3348 699 4475 3997 
6859 4 0 4475 3348 1084 183 
6860 4 0 416 1725 4574 2852 
6861 4 0 1725 2365 4574 2852 
6862 4 0 1167 2365 2852 4574 
6863 4 0 3498 3664 1901 1403 
6864 4 0 2780 3518 4322 2488 
6865 4 0 597 1338 596 3233 
6866 4 0 3899 681 3945 2638 
6867 4 0 2372 3668 3285 4394 
6868 4 0 3668 3285 2231 2372 
6869 4 0 2912 3526 3034 3231 
6870 4 0 2552 2564 2409 3201 
6871 4 0 2552 772 2564 746 
6872 4 0 2409 501 3201 484 
6873 4 0 3408 662 441 2763 
6874 4 0 3146 4140 1175 3317 
6875 4 0 3146 631 3317 1341 
6876 4 0 3082 449 2732 3280 
6877 4 0 2191 1511 921 319 
6878 4 0 1135 1001 2516 2080 
6879 4 0 1343 2373 2176 452 
6880 4 0 1343 3846 452 2176 
6881 4 0 3237 565 1907 3871 
6882 4 0 3871 3706 1907 3237 
6883 4 0 3613 534 2608 2156 
6884 4 0 2608 3613 2156 2747 
6885 4 0 1977 517 1859 2817 
6886 4 0 1575 3037 517 1836 
6887 4 0 2946 3201 773 747 
6888 4 0 1836 517 2817 3037 
6889 4 0 2946 1206 1936 772 
6890 4 0 2946 772 2552 746 
6891 4 0 837 2259 104 2757 
6892 4 0 3054 2787 2303 3223 
6893 4 0 3040 2209 2757 2451 
6894 4 0 2757 3097 4446 837 
6895 4 0 2527 3197 2983 2455 
6896 4 0 1207 747 4385 2315 
6897 4 0 1486 4144 1730 3512 
6898 4 0 2618 2205 3669 2454 
6899 4 0 4163 2454 4177 2618 
6900 4 0 478 2761 4196 3218 
6901 4 0 682 3104 1611 1769 
6902 4 0 216 199 2386 3811 
6903 4 0 483 1497 3351 2533 
6904 4 0 2829 2445 2340 3400 
6905 4 0 3201 3614 3080 373 
6906 4 0 3351 1219 1497 483 
6907 4 0 3637 546 2167 934 
6908 4 0 2791 2799 3323 3585 
6909 4 0 3637 4514 2167 546 
6910 4 0 4517 934 2167 835 
6911 4 0 3585 3323 2791 4142 
6912 4 0 1176 2326 2470 3138 
6913 4 0 1176 1169 2326 3138 
6914 4 0 2485 405 3697 4238 
6915 4 0 3993 170 181 4616 
6916 4 0 4616 162 3993 3073 
6917 4 0 3455 3922 441 3408 
6918 4 0 1187 2983 1954 2265 
6919 4 0 847 2044 3721 3791 
6920 4 0 3764 3721 2018 2515 
6921 4 0 4616 3993 162 181 
6922 4 0 3354 3424 2330 3379 
6923 4 0 666 3424 3354 3379 
6924 4 0 2519 3531 2708 1106 
6925 4 0 3333 825 1381 2677 
6926 4 0 2257 1381 3333 825 
6927 4 0 2596 2387 399 2186 
6928 4 0 2663 3817 418 3137 
6929 4 0 2270 376 2849 1577 
6930 4 0 2895 3028 1455 943 
6931 4 0 2922 2895 943 3028 
6932 4 0 1948 2751 4289 1426 
6933 4 0 2751 1426 1948 428 
6934 4 0 3510 1332 945 2203 
6935 4 0 2336 2024 3675 4062 
6936 4 0 843 3187 1331 2043 
6937 4 0 2660 3187 1331 843 
6938 4 0 297 2679 291 514 
6939 4 0 1709 576 3488 1728 
6940 4 0 2633 3488 1709 576 
6941 4 0 1709 3380 576 1728 
6942 4 0 1851 3469 3850 2578 
6943 4 0 3469 2578 753 3486 
6944 4 0 2655 3156 2097 2595 
6945 4 0 1087 1901 3664 1089 
6946 4 0 2922 1935 2895 3028 
6947 4 0 2224 1452 2198 2813 
6948 4 0 2063 4261 1229 2745 
6949 4 0 1302 2608 1047 4148 
6950 4 0 2939 1499 3580 3741 
6951 4 0 3580 2939 3741 3085 
6952 4 0 2529 1499 3580 2939 
6953 4 0 2233 3174 2068 521 
6954 4 0 2529 2939 3580 3085 
6955 4 0 3125 2361 2337 2379 
6956 4 0 2843 1682 2450 495 
6957 4 0 4355 2694 1668 4218 
6958 4 0 4325 549 2106 2391 
6959 4 0 490 1487 3980 3401 
6960 4 0 3908 3747 1879 2721 
6961 4 0 1964 2361 3189 2205 
6962 4 0 1682 2150 2053 2622 
6963 4 0 1468 3883 1590 3407 
6964 4 0 1187 2653 1954 3529 
6965 4 0 1182 1984 3063 2196 
6966 4 0 2746 633 3381 4401 
6967 4 0 2144 1065 459 749 
6968 4 0 459 3286 2144 1911 
6969 4 0 2144 459 1065 3286 
6970 4 0 3577 1331 2524 3562 
6971 4 0 246 1297 4528 2616 
6972 4 0 3877 3344 3881 2775 
6973 4 0 2190 1706 405 3404 
6974 4 0 2561 2013 415 2019 
6975 4 0 713 3678 2930 3821 
6976 4 0 1860 3986 1694 214 
6977 4 0 3821 2930 1103 3678 
6978 4 0 3641 690 2081 3416 
6979 4 0 1221 3286 3537 3932 
6980 4 0 4085 518 3885 3967 
6981 4 0 3567 3286 896 3932 
6982 4 0 3286 3480 896 1221 
6983 4 0 1179 1986 935 532 
6984 4 0 532 2809 935 2456 
6985 4 0 2178 783 1746 1264 
6986 4 0 2172 2865 1176 2099 
6987 4 0 3996 4333 4065 2638 
6988 4 0 3596 2103 2892 1307 
6989 4 0 2454 1729 3534 4177 
6990 4 0 2825 3052 3249 3058 
6991 4 0 2133 1564 2898 3588 
6992 4 0 2066 2964 2207 2833 
6993 4 0 1694 2932 2120 1695 
6994 4 0 3847 3223 2787 3314 
6995 4 0 3773 4131 2940 1878 
6996 4 0 118 97 1066 970 
6997 4 0 4429 428 1677 2630 
6998 4 0 4437 1357 2109 853 
6999 4 0 4437 853 2109 1422 
7000 4 0 2195 1577 2849 3805 
7001 4 0 3034 3318 2164 2317 
7002 4 0 2638 623 681 3945 
7003 4 0 3731 3945 681 623 
7004 4 0 4068 4285 623 4138 
7005 4 0 4285 3945 623 4138 
7006 4 0 3731 4285 4068 1597 
7007 4 0 2080 2511 3403 2141 
7008 4 0 907 2282 2563 3012 
7009 4 0 541 3295 2331 3263 
7010 4 0 3156 1675 2758 2135 
7011 4 0 1675 3391 3156 2758 
7012 4 0 1250 664 2172 2099 
7013 4 0 3156 4439 1675 2135 
7014 4 0 1675 2758 2135 3684 
7015 4 0 1144 3994 2638 1449 
7016 4 0 2195 601 2441 521 
7017 4 0 4096 750 3476 3747 
7018 4 0 712 1014 2611 516 
7019 4 0 2159 1942 2306 684 
7020 4 0 3152 3913 3129 2000 
7021 4 0 907 3959 723 887 
7022 4 0 2589 4459 3457 3045 
7023 4 0 3955 2589 3457 3045 
7024 4 0 2633 2622 605 2150 
7025 4 0 3653 2448 626 2913 
7026 4 0 3244 455 4479 453 
7027 4 0 4283 3668 2821 2917 
7028 4 0 3465 3022 3668 2821 
7029 4 0 2216 2040 2155 2810 
7030 4 0 600 2343 2523 1077 
7031 4 0 418 2852 3817 1960 
7032 4 0 3627 3821 3687 2074 
7033 4 0 3687 3627 2074 2564 
7034 4 0 3687 3163 2074 3821 
7035 4 0 963 4017 3010 1083 
7036 4 0 3944 3768 1779 1109 
7037 4 0 3406 3993 1755 2142 
7038 4 0 2594 1953 1863 3948 
7039 4 0 2409 3231 1123 821 
7040 4 0 1626 1315 4288 3151 
7041 4 0 3594 1072 2830 2824 
7042 4 0 1223 2689 918 4303 
7043 4 0 4303 1223 919 918 
7044 4 0 4581 2456 4353 4346 
7045 4 0 1695 1862 2792 395 
7046 4 0 1695 2792 673 3559 
7047 4 0 1333 2894 3728 1338 
7048 4 0 749 4136 4147 1210 
7049 4 0 749 4346 4136 1210 
7050 4 0 3877 2775 3881 4546 
7051 4 0 2213 1505 2676 2571 
7052 4 0 2845 3389 2769 3240 
7053 4 0 3913 2769 453 3874 
7054 4 0 1338 2968 2176 452 
7055 4 0 602 2509 4393 4391 
7056 4 0 2509 4391 602 3949 
7057 4 0 2573 2387 3450 3557 
7058 4 0 2818 2469 3557 3270 
7059 4 0 3077 3798 3270 2398 
7060 4 0 474 4298 4031 3886 
7061 4 0 3233 4273 3788 270 
7062 4 0 4352 378 1092 3446 
7063 4 0 3446 1092 2111 378 
7064 4 0 2220 3690 2460 836 
7065 4 0 4449 2460 2220 3690 
7066 4 0 3573 3726 2619 903 
7067 4 0 3726 2619 903 1537 
7068 4 0 232 4606 260 2825 
7069 4 0 3166 3540 1017 2915 
7070 4 0 4250 85 106 3437 
7071 4 0 3703 85 3437 106 
7072 4 0 2921 4503 1724 1727 
7073 4 0 444 1288 3597 420 
7074 4 0 2416 1469 1288 3597 
7075 4 0 1288 1469 2246 3597 
7076 4 0 2836 2864 2432 3138 
7077 4 0 3196 1401 412 953 
7078 4 0 1405 1480 409 3234 
7079 4 0 1480 409 3234 4192 
7080 4 0 1480 4321 4192 3234 
7081 4 0 337 683 2834 349 
7082 4 0 2079 2727 2688 774 
7083 4 0 2727 2688 1148 2079 
7084 4 0 2195 791 2612 1576 
7085 4 0 4069 674 3747 1393 
7086 4 0 3747 1981 674 3511 
7087 4 0 2852 1504 1090 3137 
7088 4 0 2835 4183 4326 2614 
7089 4 0 1149 3153 3220 3551 
7090 4 0 2929 885 2711 1556 
7091 4 0 885 760 2711 1196 
7092 4 0 2019 2369 2013 651 
7093 4 0 509 3888 3225 474 
7094 4 0 4000 923 1228 3096 
7095 4 0 2155 3566 392 2777 
7096 4 0 2060 3213 1688 2927 
7097 4 0 2060 1225 2927 1688 
7098 4 0 2514 3213 1688 2404 
7099 4 0 1358 578 3461 3617 
7100 4 0 2783 3396 2655 1159 
7101 4 0 2880 2414 1739 2265 
7102 4 0 1358 3383 3461 578 
7103 4 0 1527 1057 4111 772 
7104 4 0 3296 2070 2022 3192 
7105 4 0 2553 3419 3246 4066 
7106 4 0 861 3368 1609 1005 
7107 4 0 3180 3330 3006 369 
7108 4 0 3963 1352 1340 1462 
7109 4 0 2974 1338 3233 3788 
7110 4 0 1080 3921 556 1440 
7111 4 0 556 2261 3921 1080 
7112 4 0 1434 1437 3236 1349 
7113 4 0 4154 4077 522 3770 
7114 4 0 4490 2167 835 4517 
7115 4 0 4517 4514 2167 3637 
7116 4 0 4490 4514 2167 4517 
7117 4 0 3136 2151 611 2977 
7118 4 0 3136 2151 2977 3797 
7119 4 0 4517 3637 2167 934 
7120 4 0 1104 2156 3061 3717 
7121 4 0 4381 2156 3061 1104 
7122 4 0 2156 3768 2747 1779 
7123 4 0 4139 982 3541 4053 
7124 4 0 674 3673 3413 2383 
7125 4 0 2790 3580 484 2910 
7126 4 0 617 2271 2557 605 
7127 4 0 1369 1366 2265 809 
7128 4 0 1366 1369 2265 4314 
7129 4 0 338 627 2861 795 
7130 4 0 1552 2152 2921 1996 
7131 4 0 685 990 1920 584 
7132 4 0 4295 4253 2653 745 
7133 4 0 3225 3395 1637 1670 
7134 4 0 2608 2162 3634 3272 
7135 4 0 2860 1547 2848 2782 
7136 4 0 1986 2727 2048 460 
7137 4 0 3156 4430 2832 4439 
7138 4 0 2538 3267 3156 2874 
7139 4 0 516 1142 222 543 
7140 4 0 3220 3153 4392 1527 
7141 4 0 3175 1737 2760 3512 
7142 4 0 2184 470 385 2426 
7143 4 0 2220 4426 2231 3285 
7144 4 0 856 2210 2908 2559 
7145 4 0 876 2426 2184 1264 
7146 4 0 693 2218 3452 2139 
7147 4 0 693 3832 3840 2139 
7148 4 0 2218 3840 2139 693 
7149 4 0 2139 3832 4510 693 
7150 4 0 2874 3744 855 2538 
7151 4 0 4510 693 3452 2139 
7152 4 0 1328 2134 1244 3241 
7153 4 0 2134 1498 483 3241 
7154 4 0 1951 2250 1813 1952 
7155 4 0 3796 3364 442 1067 
7156 4 0 3158 1067 3364 4242 
7157 4 0 409 440 3667 3656 
7158 4 0 1970 2152 456 2525 
7159 4 0 1551 503 1991 515 
7160 4 0 1982 3196 2868 412 
7161 4 0 515 1991 1551 2152 
7162 4 0 2868 3196 4538 412 
7163 4 0 1991 515 503 394 
7164 4 0 3667 3638 3656 2687 
7165 4 0 3667 3656 440 2687 
7166 4 0 3667 3656 3638 409 
7167 4 0 3290 3125 2385 1861 
7168 4 0 234 1508 3268 818 
7169 4 0 2429 3370 1302 2495 
7170 4 0 3552 2495 1302 3370 
7171 4 0 2372 2231 606 2451 
7172 4 0 749 2217 1179 459 
7173 4 0 3789 2108 3382 1639 
7174 4 0 4193 2108 3382 3789 
7175 4 0 2108 3382 1639 2587 
7176 4 0 4436 3748 2866 2904 
7177 4 0 4436 3748 1948 2630 
7178 4 0 4436 3748 2904 1948 
7179 4 0 4178 2973 403 3807 
7180 4 0 1682 4151 2843 2450 
7181 4 0 1524 2630 3748 4436 
7182 4 0 2866 3748 4436 1524 
7183 4 0 1580 2101 3513 3947 
7184 4 0 2270 3807 2849 4178 
7185 4 0 881 3957 3000 1309 
7186 4 0 1309 3000 4608 3957 
7187 4 0 523 2136 3538 3654 
7188 4 0 4083 3599 2765 2911 
7189 4 0 2618 2810 882 1162 
7190 4 0 2205 2810 767 2040 
7191 4 0 1161 2205 2379 2361 
7192 4 0 1250 2715 664 2099 
7193 4 0 2996 2611 3062 2681 
7194 4 0 3620 662 3685 2489 
7195 4 0 4539 442 4247 2014 
7196 4 0 1412 1095 1604 4587 
7197 4 0 3171 2698 572 1300 
7198 4 0 1300 572 571 3365 
7199 4 0 2369 2756 651 3809 
7200 4 0 2219 2655 2595 2461 
7201 4 0 417 2461 2655 2219 
7202 4 0 2097 417 2219 3024 
7203 4 0 3364 3158 442 1067 
7204 4 0 3802 678 2574 1381 
7205 4 0 2558 1381 678 3802 
7206 4 0 3364 442 3158 2846 
7207 4 0 2813 2926 3176 2109 
7208 4 0 2558 3802 678 3159 
7209 4 0 3335 3263 1328 2326 
7210 4 0 1242 643 1577 2054 
7211 4 0 3052 2344 3249 4159 
7212 4 0 2137 4044 1110 932 
7213 4 0 4306 3796 2407 4302 
7214 4 0 166 185 390 163 
7215 4 0 4328 3052 3249 4159 
7216 4 0 3796 3211 4306 2407 
7217 4 0 1440 1080 3921 920 
7218 4 0 2103 3044 2838 4609 
7219 4 0 1247 687 1290 3224 
7220 4 0 2983 1187 1954 3529 
7221 4 0 2329 2454 2810 2116 
7222 4 0 1987 2943 2877 2479 
7223 4 0 2479 2877 2291 2943 
7224 4 0 3585 2474 4142 1230 
7225 4 0 2855 2474 3346 1230 
7226 4 0 2153 510 3080 1672 
7227 4 0 2457 2550 4493 2081 
7228 4 0 3499 2829 966 914 
7229 4 0 1556 1730 1555 1553 
7230 4 0 2085 1291 2009 2001 
7231 4 0 2525 2304 2641 2138 
7232 4 0 2641 3144 2138 2304 
7233 4 0 3732 1117 3136 2651 
7234 4 0 582 918 583 2125 
7235 4 0 2430 3347 2088 2131 
7236 4 0 3482 3119 2806 3531 
7237 4 0 4264 2641 2304 3144 
7238 4 0 468 2772 971 1021 
7239 4 0 468 971 1972 1021 
7240 4 0 4420 4400 3951 2836 
7241 4 0 1675 3156 3391 2832 
7242 4 0 2422 2895 1455 2833 
7243 4 0 39 2812 3200 50 
7244 4 0 2812 2538 3200 50 
7245 4 0 2895 2922 2801 1935 
7246 4 0 2895 2801 2883 1935 
7247 4 0 3200 3744 50 2538 
7248 4 0 1171 3139 2885 2929 
7249 4 0 2269 2503 380 2412 
7250 4 0 2117 3297 2075 943 
7251 4 0 842 850 3257 2875 
7252 4 0 2651 3067 3305 1115 
7253 4 0 2651 1321 3067 1115 
7254 4 0 3736 4189 3093 3814 
7255 4 0 3161 2526 2179 4062 
7256 4 0 3252 3000 4002 3160 
7257 4 0 3252 3000 3160 3062 
7258 4 0 2644 2576 1852 2868 
7259 4 0 161 2143 2801 2883 
7260 4 0 2942 2801 161 2143 
7261 4 0 1450 511 2839 1055 
7262 4 0 1501 2648 2206 2539 
7263 4 0 4607 3347 812 4049 
7264 4 0 1644 79 3235 2840 
7265 4 0 1289 4486 4607 3347 
7266 4 0 4049 3347 812 3618 
7267 4 0 2436 933 3849 4325 
7268 4 0 2436 2416 1968 2395 
7269 4 0 3849 1968 2395 2436 
7270 4 0 933 2395 2436 3849 
7271 4 0 2106 1968 3849 2436 
7272 4 0 1304 3784 4061 3387 
7273 4 0 2834 3705 1778 2073 
7274 4 0 2412 2164 1417 3562 
7275 4 0 2164 2412 1417 4222 
7276 4 0 3117 3431 3836 1353 
7277 4 0 2679 1961 291 514 
7278 4 0 531 387 1184 2220 
7279 4 0 2679 2947 4504 291 
7280 4 0 3923 3556 2598 4240 
7281 4 0 3562 3711 1415 1417 
7282 4 0 3562 1415 3711 4408 
7283 4 0 3760 612 3340 2603 
7284 4 0 459 774 1911 2048 
7285 4 0 2654 3091 2487 1502 
7286 4 0 601 4190 2781 3079 
7287 4 0 2183 2470 559 2084 
7288 4 0 2470 1176 559 2084 
7289 4 0 2120 1991 394 395 
7290 4 0 3766 443 1780 2053 
7291 4 0 2023 3275 1250 3303 
7292 4 0 1491 3824 2666 2900 
7293 4 0 2900 3096 3824 2666 
7294 4 0 4118 704 2460 2220 
7295 4 0 704 698 2460 2220 
7296 4 0 3318 1548 3017 2164 
7297 4 0 1548 2511 1547 3017 
7298 4 0 1548 1547 3318 3017 
7299 4 0 4315 245 4082 2464 
7300 4 0 3343 759 2890 3160 
7301 4 0 1084 2691 1342 441 
7302 4 0 2778 424 2763 2691 
7303 4 0 2841 3881 3633 4305 
7304 4 0 2416 1288 1469 550 
7305 4 0 662 3881 3633 2841 
7306 4 0 2000 3152 3694 3129 
7307 4 0 922 2927 2903 2060 
7308 4 0 2927 1988 2329 2903 
7309 4 0 3359 973 1009 2715 
7310 4 0 2715 3359 973 1428 
7311 4 0 2597 231 3936 278 
7312 4 0 2092 2808 2710 3729 
7313 4 0 3017 2511 2782 2158 
7314 4 0 256 1759 1611 1778 
7315 4 0 256 3384 1611 1769 
7316 4 0 1090 2333 416 580 
7317 4 0 3187 2414 2321 2043 
7318 4 0 819 3264 3362 2730 
7319 4 0 2389 3344 441 3922 
7320 4 0 2197 2148 1827 405 
7321 4 0 4003 2189 2150 2847 
7322 4 0 2564 2199 3006 2100 
7323 4 0 3175 2734 3512 2662 
7324 4 0 1086 500 3075 3369 
7325 4 0 2961 1277 2138 1841 
7326 4 0 1921 1277 2961 670 
7327 4 0 2898 667 3424 2508 
7328 4 0 2898 2508 557 667 
7329 4 0 3605 3450 2596 2387 
7330 4 0 131 2596 3605 3450 
7331 4 0 3605 3437 2387 2596 
7332 4 0 3605 131 3437 2596 
7333 4 0 4574 2852 1380 1504 
7334 4 0 2997 2767 3336 2531 
7335 4 0 4314 3284 1369 2265 
7336 4 0 4314 3411 1369 3284 
7337 4 0 1236 994 386 4038 
7338 4 0 2857 1334 2496 3283 
7339 4 0 425 3135 2905 2411 
7340 4 0 4373 515 503 486 
7341 4 0 4101 4373 503 486 
7342 4 0 1898 3751 3762 2466 
7343 4 0 3133 1125 2466 1898 
7344 4 0 1152 1506 2270 902 
7345 4 0 2587 2987 383 422 
7346 4 0 646 2730 3785 2577 
7347 4 0 2247 3109 3672 3344 
7348 4 0 1180 419 1778 2834 
7349 4 0 548 3386 2484 4565 
7350 4 0 2484 936 2124 2617 
7351 4 0 2247 1621 4116 3672 
7352 4 0 1184 2757 2231 3157 
7353 4 0 2231 917 2757 1184 
7354 4 0 2901 3005 1122 3511 
7355 4 0 4053 2575 4139 2461 
7356 4 0 4139 1627 4053 2461 
7357 4 0 3017 1365 2158 2782 
7358 4 0 2561 2467 3691 415 
7359 4 0 2556 1658 2177 3394 
7360 4 0 2561 3575 2467 562 
7361 4 0 948 3384 1769 3312 
7362 4 0 2947 2019 1961 2679 
7363 4 0 1961 2679 2561 514 
7364 4 0 1583 1971 3075 2962 
7365 4 0 1077 600 2441 2223 
7366 4 0 2790 2910 484 894 
7367 4 0 3042 4386 748 4136 
7368 4 0 2154 2320 2223 2249 
7369 4 0 582 3733 3489 2876 
7370 4 0 2876 3489 918 4167 
7371 4 0 3607 2854 2093 1967 
7372 4 0 1663 2226 3863 3815 
7373 4 0 3847 2787 1663 3815 
7374 4 0 410 506 2603 3434 
7375 4 0 1865 3092 2859 1011 
7376 4 0 1857 955 3653 626 
7377 4 0 570 2628 1335 1105 
7378 4 0 570 2491 2628 1105 
7379 4 0 4549 1665 816 1922 
7380 4 0 3821 2074 3627 2094 
7381 4 0 816 1665 3623 1922 
7382 4 0 2566 2841 3881 3344 
7383 4 0 2580 3707 2013 415 
7384 4 0 507 1982 2576 2868 
7385 4 0 2542 4235 2572 2539 
7386 4 0 2190 405 1706 454 
7387 4 0 1486 884 1730 885 
7388 4 0 885 1704 1486 884 
7389 4 0 2211 2193 2487 3337 
7390 4 0 1921 1278 2961 1277 
7391 4 0 1225 2514 2927 1688 
7392 4 0 2608 2162 3370 2739 
7393 4 0 3361 2162 3370 3613 
7394 4 0 833 993 4206 1988 
7395 4 0 3818 1988 4206 993 
7396 4 0 2698 2750 1747 3239 
7397 4 0 2519 1106 3496 2750 
7398 4 0 1747 2698 3496 2750 
7399 4 0 3239 2519 2698 2750 
7400 4 0 3634 2406 2739 3723 
7401 4 0 3723 3634 4148 1047 
7402 4 0 837 2259 2757 2906 
7403 4 0 2737 689 3213 2916 
7404 4 0 2156 3061 2316 2975 
7405 4 0 2378 477 2677 2127 
7406 4 0 819 650 649 2730 
7407 4 0 2829 1412 2730 650 
7408 4 0 2730 1412 819 650 
7409 4 0 2168 3738 4137 929 
7410 4 0 1126 526 4587 3456 
7411 4 0 2872 4199 2541 1815 
7412 4 0 2541 1815 4199 2847 
7413 4 0 813 535 3784 681 
7414 4 0 1311 951 470 950 
7415 4 0 3739 2090 1585 2356 
7416 4 0 2341 395 2207 1842 
7417 4 0 3932 2997 2434 3286 
7418 4 0 3286 2144 672 3501 
7419 4 0 3286 3924 2144 3501 
7420 4 0 381 2213 1507 1839 
7421 4 0 2879 3577 2425 4413 
7422 4 0 466 1461 2371 555 
7423 4 0 2745 3325 3970 2061 
7424 4 0 3325 2745 2857 2061 
7425 4 0 2252 772 457 2552 
7426 4 0 2252 772 2552 2946 
7427 4 0 2126 3401 852 1994 
7428 4 0 1779 2154 1995 2628 
7429 4 0 677 2154 2628 1995 
7430 4 0 769 2727 4104 1203 
7431 4 0 1203 769 2727 4267 
7432 4 0 3648 71 3494 371 
7433 4 0 3494 58 3648 2335 
7434 4 0 453 3913 3152 455 
7435 4 0 3648 371 3494 3474 
7436 4 0 1996 1261 1789 2921 
7437 4 0 2740 533 1243 499 
7438 4 0 2608 3552 1302 3370 
7439 4 0 4404 3552 2608 2747 
7440 4 0 4404 2747 2608 3454 
7441 4 0 2476 1682 2189 4181 
7442 4 0 1682 2150 2476 2189 
7443 4 0 1755 3993 2008 2142 
7444 4 0 3231 3526 720 1870 
7445 4 0 3726 2653 1954 1537 
7446 4 0 4159 2344 3249 3833 
7447 4 0 2013 2756 997 2129 
7448 4 0 326 822 336 1275 
7449 4 0 2129 1006 2013 2756 
7450 4 0 2623 3489 582 3733 
7451 4 0 3257 2410 564 983 
7452 4 0 2623 1683 3489 3733 
7453 4 0 2829 910 3499 3400 
7454 4 0 910 2829 3499 3658 
7455 4 0 3577 2782 2158 708 
7456 4 0 885 1196 2711 2863 
7457 4 0 841 1381 1845 825 
7458 4 0 1381 2096 2163 2025 
7459 4 0 2394 1194 3619 1731 
7460 4 0 2561 2467 2513 2394 
7461 4 0 4080 2186 1291 398 
7462 4 0 3438 3752 3079 601 
7463 4 0 3438 3752 4405 2781 
7464 4 0 3752 3079 2781 3438 
7465 4 0 2197 3595 3362 2736 
7466 4 0 2421 2524 845 3920 
7467 4 0 1552 2152 1996 2611 
7468 4 0 1996 2611 1261 1552 
7469 4 0 2611 3500 1140 3670 
7470 4 0 1094 3350 606 1127 
7471 4 0 4393 3350 1127 606 
7472 4 0 3482 824 1873 2708 
7473 4 0 3385 544 3442 762 
7474 4 0 762 544 3098 3385 
7475 4 0 1804 2558 2446 4007 
7476 4 0 1395 753 3469 758 
7477 4 0 758 3469 2201 753 
7478 4 0 3535 3837 1267 4445 
7479 4 0 1849 758 2201 753 
7480 4 0 2272 1301 3188 540 
7481 4 0 4407 2353 3542 2033 
7482 4 0 2000 3513 3913 2796 
7483 4 0 2000 2047 3513 2796 
7484 4 0 2533 1152 483 1497 
7485 4 0 2576 2663 573 2868 
7486 4 0 2585 2526 1215 2489 
7487 4 0 67 2938 3715 2521 
7488 4 0 3950 535 681 3784 
7489 4 0 1591 2974 3140 2139 
7490 4 0 3450 2387 2818 3557 
7491 4 0 521 2370 2628 2441 
7492 4 0 2806 824 823 3482 
7493 4 0 860 1443 3925 362 
7494 4 0 1290 2794 1019 2266 
7495 4 0 1018 3267 2538 2812 
7496 4 0 636 3154 2887 635 
7497 4 0 1174 2218 2928 2440 
7498 4 0 3154 635 4308 4293 
7499 4 0 2727 461 769 1911 
7500 4 0 1228 3096 3635 2052 
7501 4 0 3192 2680 757 788 
7502 4 0 1110 4044 138 932 
7503 4 0 574 2236 4104 4602 
7504 4 0 4075 2190 4149 3414 
7505 4 0 3293 3062 3252 3160 
7506 4 0 4075 4128 2190 3414 
7507 4 0 2418 4053 2575 4139 
7508 4 0 1016 1326 3304 3709 
7509 4 0 983 984 564 2065 
7510 4 0 1158 3607 3107 2301 
7511 4 0 2840 4071 3084 3235 
7512 4 0 4217 1205 2110 4111 
7513 4 0 735 2721 732 3908 
7514 4 0 609 1576 2752 561 
7515 4 0 3823 1973 428 1316 
7516 4 0 1316 3023 3143 2969 
7517 4 0 1316 3143 3151 2969 
7518 4 0 3151 2969 428 1316 
7519 4 0 3373 2056 272 3205 
7520 4 0 2678 1138 1651 2831 
7521 4 0 2678 2573 1121 589 
7522 4 0 2093 2854 4256 3194 
7523 4 0 2093 3607 4256 2854 
7524 4 0 1755 3406 2142 2386 
7525 4 0 2142 1755 2386 595 
7526 4 0 2635 2034 3054 2787 
7527 4 0 2987 2202 1442 3778 
7528 4 0 780 555 2526 3301 
7529 4 0 3133 2174 401 2967 
7530 4 0 2794 377 2051 477 
7531 4 0 3694 289 3130 3874 
7532 4 0 2518 289 3694 3874 
7533 4 0 2862 1309 882 1305 
7534 4 0 882 1309 4161 1305 
7535 4 0 2801 1201 3181 3027 
7536 4 0 3027 1201 1935 2801 
7537 4 0 3221 3362 2485 2148 
7538 4 0 4212 3112 4054 4250 
7539 4 0 3643 4250 3112 4212 
7540 4 0 3083 3187 493 2302 
7541 4 0 3410 3826 2986 3049 
7542 4 0 1236 3803 2986 3049 
7543 4 0 3187 2321 2828 3083 
7544 4 0 2956 3481 2370 1891 
7545 4 0 948 256 1769 3384 
7546 4 0 256 1769 1611 3104 
7547 4 0 2577 2340 2229 2829 
7548 4 0 2577 3021 2340 2829 
7549 4 0 626 3428 1111 3549 
7550 4 0 3491 2357 3717 866 
7551 4 0 920 1975 1489 372 
7552 4 0 410 3521 2663 3839 
7553 4 0 2850 2357 3717 3491 
7554 4 0 2131 3619 2019 2947 
7555 4 0 1131 2895 2463 3569 
7556 4 0 2183 2470 1997 559 
7557 4 0 4422 4571 3454 2608 
7558 4 0 3272 4148 4422 1303 
7559 4 0 3576 3387 2975 2608 
7560 4 0 4422 3387 2608 3272 
7561 4 0 3576 3387 4422 1303 
7562 4 0 4310 4372 393 2723 
7563 4 0 4310 393 2128 2723 
7564 4 0 315 1793 2303 323 
7565 4 0 2728 3308 1586 1159 
7566 4 0 1199 2744 450 2830 
7567 4 0 2801 1201 449 3181 
7568 4 0 3296 2830 3594 1199 
7569 4 0 1199 2830 3594 1072 
7570 4 0 2570 3464 2372 2451 
7571 4 0 2556 3394 4156 1163 
7572 4 0 1691 2225 3432 2899 
7573 4 0 1541 1691 2899 1686 
7574 4 0 1691 2225 2899 1686 
7575 4 0 1692 1691 785 2899 
7576 4 0 2468 2922 2117 3926 
7577 4 0 3156 2758 1848 2089 
7578 4 0 1541 1691 1692 2899 
7579 4 0 2024 4062 2179 3186 
7580 4 0 2787 724 1663 2226 
7581 4 0 2073 2796 2384 2149 
7582 4 0 1137 2258 2403 2163 
7583 4 0 3477 3970 2856 2893 
7584 4 0 3377 3183 4117 3468 
7585 4 0 3646 1572 371 2951 
7586 4 0 2018 1572 371 2515 
7587 4 0 3482 824 3531 2806 
7588 4 0 2348 2126 2020 3378 
7589 4 0 2575 3067 1321 1086 
7590 4 0 1813 2369 2013 2019 
7591 4 0 2654 4145 968 664 
7592 4 0 4148 4422 2608 3272 
7593 4 0 2468 3039 586 589 
7594 4 0 4494 3432 692 3140 
7595 4 0 4494 3140 692 1457 
7596 4 0 2244 3796 2392 3096 
7597 4 0 2392 3765 3796 2244 
7598 4 0 1960 1276 2070 3217 
7599 4 0 489 2195 2645 3805 
7600 4 0 849 3647 482 3659 
7601 4 0 2133 2458 3588 2898 
7602 4 0 1962 2947 2819 2915 
7603 4 0 903 2619 2494 1537 
7604 4 0 2295 2191 4074 328 
7605 4 0 3888 1911 2665 3225 
7606 4 0 474 3225 4298 3886 
7607 4 0 1537 2494 903 4150 
7608 4 0 3886 3888 3225 1911 
7609 4 0 3888 3886 3225 474 
7610 4 0 2128 715 2039 2949 
7611 4 0 1993 419 1778 1180 
7612 4 0 2891 2614 4183 2835 
7613 4 0 145 3086 2919 2105 
7614 4 0 441 3455 1342 2695 
7615 4 0 3861 1637 1642 2065 
7616 4 0 4162 913 3146 3724 
7617 4 0 2577 3146 2730 2174 
7618 4 0 2174 2730 3755 3146 
7619 4 0 2229 2146 2577 2829 
7620 4 0 2116 3203 461 393 
7621 4 0 1531 3800 1782 2772 
7622 4 0 1877 380 616 2317 
7623 4 0 1163 1164 2556 2076 
7624 4 0 2751 4329 2971 3739 
7625 4 0 2022 2507 3296 1293 
7626 4 0 3192 1293 3296 3262 
7627 4 0 908 2925 2313 2435 
7628 4 0 1755 2925 2313 908 
7629 4 0 256 1759 1758 1611 
7630 4 0 3378 1357 853 2109 
7631 4 0 1400 3192 3445 757 
7632 4 0 964 1083 2488 4017 
7633 4 0 2197 3362 2485 2736 
7634 4 0 4310 1872 4311 393 
7635 4 0 3203 652 151 4372 
7636 4 0 4437 2926 2420 1422 
7637 4 0 1422 2109 4437 2926 
7638 4 0 2048 2079 1986 3536 
7639 4 0 2391 3587 2814 2124 
7640 4 0 3299 3327 3126 1564 
7641 4 0 2767 2733 422 496 
7642 4 0 3340 2603 4459 3457 
7643 4 0 3798 515 889 4179 
7644 4 0 102 515 3798 125 
7645 4 0 1359 2032 3417 2878 
7646 4 0 1359 1107 2032 3239 
7647 4 0 246 3969 2616 4596 
7648 4 0 3354 753 2201 2578 
7649 4 0 2578 2330 753 3277 
7650 4 0 1068 729 4497 3368 
7651 4 0 3705 3770 419 1778 
7652 4 0 2455 486 3270 4179 
7653 4 0 3770 419 1778 1993 
7654 4 0 2066 2579 2833 1834 
7655 4 0 1388 410 1274 810 
7656 4 0 410 3299 2133 810 
7657 4 0 1170 485 4176 3836 
7658 4 0 4225 485 3836 4176 
7659 4 0 3793 2121 2517 3185 
7660 4 0 2498 3912 1332 2953 
7661 4 0 2498 2953 3195 447 
7662 4 0 2498 2953 1332 3195 
7663 4 0 2953 3550 447 2498 
7664 4 0 3330 521 2441 601 
7665 4 0 3349 1097 2668 2968 
7666 4 0 3349 1605 2668 1097 
7667 4 0 422 383 2202 2987 
7668 4 0 3676 1177 2612 600 
7669 4 0 2074 841 1546 2094 
7670 4 0 713 4293 3154 2094 
7671 4 0 3941 3721 847 3764 
7672 4 0 3990 3539 2397 444 
7673 4 0 3080 847 1158 2044 
7674 4 0 4539 4247 442 3483 
7675 4 0 1333 1372 4274 527 
7676 4 0 965 3705 419 2834 
7677 4 0 3734 4299 3852 2797 
7678 4 0 1541 2927 2168 3738 
7679 4 0 629 419 3705 3770 
7680 4 0 2354 3705 965 2834 
7681 4 0 2042 2720 1253 2764 
7682 4 0 1465 4451 2992 2410 
7683 4 0 3121 1437 3341 3300 
7684 4 0 2329 2557 2166 3000 
7685 4 0 2557 2166 3000 1073 
7686 4 0 2713 221 232 1193 
7687 4 0 748 773 926 501 
7688 4 0 3599 2826 2194 1209 
7689 4 0 2194 2931 1983 2175 
7690 4 0 3599 3314 1955 2194 
7691 4 0 1955 2055 2931 2194 
7692 4 0 3461 2316 3383 3938 
7693 4 0 4151 3259 879 2450 
7694 4 0 2595 3156 2224 2089 
7695 4 0 3605 2387 2818 3450 
7696 4 0 3239 2487 3337 1107 
7697 4 0 1269 3303 1324 3222 
7698 4 0 3200 39 29 2812 
7699 4 0 2105 554 4583 1151 
7700 4 0 1151 2105 2562 178 
7701 4 0 1483 2995 4290 2526 
7702 4 0 4411 2414 4409 709 
7703 4 0 1759 143 519 2488 
7704 4 0 465 2336 2179 2024 
7705 4 0 3868 1579 375 1807 
7706 4 0 908 1755 2925 2008 
7707 4 0 1486 4269 3512 884 
7708 4 0 1878 2942 2143 2801 
7709 4 0 1878 2801 2143 2922 
7710 4 0 960 523 2352 2682 
7711 4 0 3330 600 2441 1078 
7712 4 0 3419 2553 2177 2248 
7713 4 0 1632 2177 2852 2553 
7714 4 0 968 2435 3547 2008 
7715 4 0 968 3547 3073 2008 
7716 4 0 3854 939 803 2353 
7717 4 0 3514 2353 939 3854 
7718 4 0 2454 1306 3000 2329 
7719 4 0 2409 3318 3034 2317 
7720 4 0 836 3120 4420 2836 
7721 4 0 3174 3063 3878 563 
7722 4 0 2984 3564 2364 2945 
7723 4 0 2894 4477 3728 3358 
7724 4 0 289 497 2650 3694 
7725 4 0 301 3130 497 289 
7726 4 0 497 301 4545 3130 
7727 4 0 739 404 1882 1439 
7728 4 0 131 3036 2596 159 
7729 4 0 131 3437 2596 3036 
7730 4 0 3633 3769 962 4305 
7731 4 0 3557 3297 3270 2742 
7732 4 0 684 2913 3653 2367 
7733 4 0 3557 3270 2469 2742 
7734 4 0 2469 3077 3270 2398 
7735 4 0 405 4224 1706 2905 
7736 4 0 2266 3791 2794 377 
7737 4 0 2165 2611 3062 2996 
7738 4 0 453 4479 2769 3913 
7739 4 0 3520 636 803 2950 
7740 4 0 1016 3539 3598 3709 
7741 4 0 3154 2025 2950 2887 
7742 4 0 1390 3539 3598 1016 
7743 4 0 1390 3598 3539 1379 
7744 4 0 3598 1379 3709 3539 
7745 4 0 2958 2057 3205 251 
7746 4 0 2379 2205 2168 2280 
7747 4 0 3570 400 2168 4093 
7748 4 0 2682 2352 3109 523 
7749 4 0 2352 4320 3109 523 
7750 4 0 3180 4170 3330 369 
7751 4 0 4170 3330 3377 3180 
7752 4 0 3187 2302 2828 3270 
7753 4 0 2466 3221 454 3352 
7754 4 0 1803 3270 2312 2828 
7755 4 0 3203 2338 2777 461 
7756 4 0 3628 3335 1328 2326 
7757 4 0 3263 2326 1549 1328 
7758 4 0 651 415 2617 2124 
7759 4 0 470 441 876 2184 
7760 4 0 600 601 3752 3438 
7761 4 0 4606 881 3293 2825 
7762 4 0 1332 2953 1412 3195 
7763 4 0 3017 2158 1365 2164 
7764 4 0 750 3511 1122 3650 
7765 4 0 1627 2667 851 2595 
7766 4 0 472 1867 4130 3430 
7767 4 0 2068 3717 3174 1081 
7768 4 0 3717 3491 3174 1081 
7769 4 0 2979 33 2950 2033 
7770 4 0 4305 3633 2841 2136 
7771 4 0 2136 2489 2841 3109 
7772 4 0 4320 2841 2136 4305 
7773 4 0 684 3544 2913 2367 
7774 4 0 3055 2971 3739 2356 
7775 4 0 3153 3807 2881 1128 
7776 4 0 3363 1527 1092 4076 
7777 4 0 1392 4544 2871 3186 
7778 4 0 4603 3490 2795 2741 
7779 4 0 1332 2028 3319 2496 
7780 4 0 2496 1332 2028 3283 
7781 4 0 2870 2797 1819 2314 
7782 4 0 4527 2797 1819 2870 
7783 4 0 1023 705 374 2677 
7784 4 0 1899 2870 1819 2314 
7785 4 0 4017 2334 1601 1983 
7786 4 0 28 17 2970 3020 
7787 4 0 3514 2755 2353 2677 
7788 4 0 1865 1011 2859 2920 
7789 4 0 598 2651 1115 1117 
7790 4 0 2487 4382 1107 1502 
7791 4 0 1107 1502 4382 2032 
7792 4 0 3026 2857 1334 1257 
7793 4 0 3955 3753 3045 1168 
7794 4 0 1165 3753 3955 1168 
7795 4 0 3753 2589 1165 3955 
7796 4 0 3955 2589 3045 3753 
7797 4 0 1576 2195 3752 2612 
7798 4 0 2751 3739 3088 4329 
7799 4 0 1576 3807 3752 2195 
7800 4 0 1616 3950 1597 2963 
7801 4 0 441 2851 2373 3344 
7802 4 0 3323 4143 4142 2083 
7803 4 0 3323 2083 4142 3585 
7804 4 0 599 2570 977 3355 
7805 4 0 2624 3114 3935 3055 
7806 4 0 1621 2352 3672 2247 
7807 4 0 4319 1621 2247 2352 
7808 4 0 3772 2047 3958 519 
7809 4 0 1500 4225 4011 530 
7810 4 0 4073 1548 2977 2503 
7811 4 0 388 1579 533 1243 
7812 4 0 2242 1544 3463 3663 
7813 4 0 2549 3150 3021 3806 
7814 4 0 850 2596 842 3257 
7815 4 0 2916 3089 2060 3213 
7816 4 0 4554 1097 1898 2967 
7817 4 0 1097 2668 2968 2967 
7818 4 0 3148 2809 532 4360 
7819 4 0 1898 2967 1097 1472 
7820 4 0 1188 398 173 4080 
7821 4 0 4383 3148 4360 2809 
7822 4 0 2031 1439 1391 2565 
7823 4 0 1884 742 1890 2012 
7824 4 0 1391 2031 2565 1989 
7825 4 0 3357 2900 4485 2704 
7826 4 0 1987 2943 3033 2877 
7827 4 0 2987 383 2524 3149 
7828 4 0 3244 455 4239 4479 
7829 4 0 687 1735 2198 439 
7830 4 0 3564 3583 2364 2449 
7831 4 0 1279 2401 1838 1636 
7832 4 0 585 919 420 1016 
7833 4 0 3934 2388 3321 3390 
7834 4 0 2603 410 2583 2589 
7835 4 0 450 2391 549 1319 
7836 4 0 1124 2796 2384 3665 
7837 4 0 3147 448 2642 688 
7838 4 0 4049 3147 585 2642 
7839 4 0 3127 4516 2484 548 
7840 4 0 2729 4466 3039 586 
7841 4 0 987 2323 598 3014 
7842 4 0 981 3014 598 2323 
7843 4 0 3953 2047 2796 519 
7844 4 0 1273 2851 2247 2427 
7845 4 0 1048 3759 2183 2393 
7846 4 0 3759 1873 2183 2393 
7847 4 0 2244 2392 2215 2666 
7848 4 0 3692 2606 3300 1575 
7849 4 0 3300 3692 1575 779 
7850 4 0 1046 3556 3842 2470 
7851 4 0 3969 1459 2368 3113 
7852 4 0 3656 3946 3162 4524 
7853 4 0 2730 3724 3146 2577 
7854 4 0 913 2577 3724 646 
7855 4 0 3952 3977 2277 3328 
7856 4 0 3724 913 3146 2577 
7857 4 0 3011 2277 3977 3328 
7858 4 0 1942 2159 2210 3370 
7859 4 0 2973 561 2752 3807 
7860 4 0 462 2955 2926 3546 
7861 4 0 3299 2589 4266 2583 
7862 4 0 1994 3401 2479 2348 
7863 4 0 4271 1866 3316 3614 
7864 4 0 2795 2134 2213 3085 
7865 4 0 1668 2120 4358 4354 
7866 4 0 1991 1551 2694 503 
7867 4 0 4378 503 153 4356 
7868 4 0 1385 592 517 1756 
7869 4 0 709 4087 4212 2414 
7870 4 0 3865 600 4361 2966 
7871 4 0 3413 2006 1084 1719 
7872 4 0 1900 2567 1955 3376 
7873 4 0 3152 3242 4171 1346 
7874 4 0 1538 918 582 3489 
7875 4 0 2666 3357 2900 827 
7876 4 0 827 4485 3357 2900 
7877 4 0 1223 1538 4167 918 
7878 4 0 3096 4134 3050 1227 
7879 4 0 2863 3532 4144 1730 
7880 4 0 2863 3532 1730 885 
7881 4 0 2940 3773 1811 2072 
7882 4 0 2282 2682 3390 2313 
7883 4 0 2313 3109 595 1757 
7884 4 0 6 3858 2187 826 
7885 4 0 6 3858 1256 2187 
7886 4 0 1589 3858 1256 6 
7887 4 0 6 1589 3858 588 
7888 4 0 2317 2409 1545 3571 
7889 4 0 2100 4111 772 457 
7890 4 0 2559 1038 2739 2406 
7891 4 0 3519 1373 1643 4433 
7892 4 0 2541 2085 3533 2847 
7893 4 0 1509 444 1173 4306 
7894 4 0 377 4185 2677 2658 
7895 4 0 2246 1173 1509 444 
7896 4 0 863 950 470 873 
7897 4 0 2390 1501 59 3066 
7898 4 0 613 4510 3452 2139 
7899 4 0 397 2437 4454 1355 
7900 4 0 4454 2562 2437 397 
7901 4 0 2035 2437 1355 4454 
7902 4 0 1632 2200 2290 2070 
7903 4 0 1211 3480 892 3536 
7904 4 0 2921 1709 2633 3488 
7905 4 0 617 605 1261 1709 
7906 4 0 4255 834 588 4033 
7907 4 0 1211 3536 892 3725 
7908 4 0 3404 405 3360 1706 
7909 4 0 1104 3061 3287 3717 
7910 4 0 3385 3249 3293 3062 
7911 4 0 3293 3385 3062 3160 
7912 4 0 242 207 586 2362 
7913 4 0 1318 3009 3888 3306 
7914 4 0 2100 1205 3377 3838 
7915 4 0 2552 746 2564 3201 
7916 4 0 3201 2946 2552 746 
7917 4 0 4347 1205 3377 2100 
7918 4 0 3766 2053 1780 764 
7919 4 0 123 149 2570 569 
7920 4 0 3121 1575 3300 3341 
7921 4 0 3609 1232 823 3119 
7922 4 0 4151 3827 1074 3064 
7923 4 0 2668 2218 1252 396 
7924 4 0 606 3668 4283 2917 
7925 4 0 1090 2852 3137 418 
7926 4 0 536 3119 2963 624 
7927 4 0 1466 983 2465 842 
7928 4 0 3740 1003 2360 2914 
7929 4 0 770 2572 3896 4235 
7930 4 0 2421 4196 3402 3224 
7931 4 0 2160 941 396 1591 
7932 4 0 1899 1096 3456 2314 
7933 4 0 2196 1984 2672 3365 
7934 4 0 1975 1489 2638 1653 
7935 4 0 4482 3070 897 2855 
7936 4 0 3942 2848 809 3124 
7937 4 0 2654 2487 3897 1502 
7938 4 0 4214 715 2128 2949 
7939 4 0 465 409 3161 3056 
7940 4 0 4322 1287 440 3338 
7941 4 0 3489 1538 2623 582 
7942 4 0 2623 1683 1538 3489 
7943 4 0 3028 1201 943 2922 
7944 4 0 734 421 2237 2006 
7945 4 0 734 421 3236 2237 
7946 4 0 2857 3325 2061 3165 
7947 4 0 3281 3325 2857 3165 
7948 4 0 2019 3619 2131 2359 
7949 4 0 2639 2999 1817 2408 
7950 4 0 492 2742 3077 3297 
7951 4 0 2356 2751 2732 2971 
7952 4 0 3105 802 2732 2356 
7953 4 0 1565 2323 3748 3048 
7954 4 0 3102 2595 2279 2224 
7955 4 0 4076 2946 1202 1936 
7956 4 0 2187 3858 2275 826 
7957 4 0 4513 2275 833 826 
7958 4 0 3135 400 425 584 
7959 4 0 3326 1631 1735 2240 
7960 4 0 100 4602 2236 574 
7961 4 0 3188 1301 664 2027 
7962 4 0 1342 2695 3455 3368 
7963 4 0 3010 1083 2488 3770 
7964 4 0 816 2903 584 445 
7965 4 0 2974 2176 1623 3585 
7966 4 0 3585 2974 2799 1623 
7967 4 0 2139 2974 2218 1591 
7968 4 0 2974 2218 1623 2176 
7969 4 0 2857 2078 3026 3283 
7970 4 0 2857 2745 2078 2457 
7971 4 0 3235 79 2569 2840 
7972 4 0 3297 2512 2969 2117 
7973 4 0 1696 595 4126 1406 
7974 4 0 595 3547 2386 4126 
7975 4 0 2883 2801 3027 1935 
7976 4 0 2940 2091 3142 96 
7977 4 0 3796 1067 2244 3364 
7978 4 0 2736 2475 2171 2797 
7979 4 0 3511 2102 2142 2383 
7980 4 0 2631 1355 2437 1052 
7981 4 0 1374 3217 1798 4300 
7982 4 0 1374 3217 4300 1339 
7983 4 0 2336 2736 2197 465 
7984 4 0 2086 3423 2336 4226 
7985 4 0 422 2144 2839 1123 
7986 4 0 2144 422 3382 672 
7987 4 0 672 2665 3382 2380 
7988 4 0 3304 2416 830 2311 
7989 4 0 3271 2950 2033 803 
7990 4 0 2606 1281 1953 1593 
7991 4 0 3271 2163 2033 2025 
7992 4 0 2566 2613 1482 2841 
7993 4 0 2613 2841 4320 1482 
7994 4 0 1318 2305 461 2949 
7995 4 0 2722 3886 2723 2039 
7996 4 0 2404 3089 3681 2916 
7997 4 0 4185 2677 2163 2353 
7998 4 0 2554 1022 3466 1624 
7999 4 0 3923 701 2554 1624 
8000 4 0 3339 580 2363 3809 
8001 4 0 3619 1194 2679 2415 
8002 4 0 1034 3710 760 2711 
8003 4 0 614 2810 890 3190 
8004 4 0 2075 2043 3187 843 
8005 4 0 2558 1381 2677 3333 
8006 4 0 3011 1237 1050 4122 
8007 4 0 2353 1381 3271 3680 
8008 4 0 557 2898 667 3379 
8009 4 0 2290 2200 1625 2551 
8010 4 0 2200 2290 2070 2030 
8011 4 0 557 2401 2898 3379 
8012 4 0 3634 2739 2162 2608 
8013 4 0 1021 1124 3665 2796 
8014 4 0 3680 637 3271 2646 
8015 4 0 3248 637 3271 3680 
8016 4 0 1321 2510 2327 3261 
8017 4 0 2983 1550 2265 2880 
8018 4 0 4155 2308 4588 2775 
8019 4 0 2373 2308 4588 4155 
8020 4 0 2390 854 3648 1843 
8021 4 0 4575 4502 1996 505 
8022 4 0 2739 2608 1302 3370 
8023 4 0 2341 3256 2207 3108 
8024 4 0 1302 2608 4148 3454 
8025 4 0 3256 2673 2207 3108 
8026 4 0 3097 179 4446 4600 
8027 4 0 1042 1512 4600 3097 
8028 4 0 1662 1661 2765 2911 
8029 4 0 2765 1661 1662 3393 
8030 4 0 2890 762 3098 3385 
8031 4 0 3837 2017 2058 3544 
8032 4 0 2016 466 2347 1713 
8033 4 0 2412 2503 380 1545 
8034 4 0 1270 3359 3095 3275 
8035 4 0 3359 3275 1270 3422 
8036 4 0 2217 3231 2144 1123 
8037 4 0 2217 3231 2409 3318 
8038 4 0 2901 226 3005 3373 
8039 4 0 2272 1914 113 3298 
8040 4 0 501 2946 2552 3201 
8041 4 0 3381 4401 3285 4426 
8042 4 0 4309 2782 808 1365 
8043 4 0 1288 3597 420 2188 
8044 4 0 3107 1308 3519 1441 
8045 4 0 2384 327 2149 318 
8046 4 0 3439 1805 1987 1487 
8047 4 0 3333 743 1805 3439 
8048 4 0 2197 2148 3595 2336 
8049 4 0 186 4169 391 2253 
8050 4 0 4169 391 2253 1333 
8051 4 0 4169 4457 391 2570 
8052 4 0 4169 391 4457 186 
8053 4 0 2645 3030 1533 2181 
8054 4 0 2433 3030 489 2645 
8055 4 0 1981 3673 1397 4028 
8056 4 0 1881 3673 3413 674 
8057 4 0 2847 2633 1261 2150 
8058 4 0 2986 3227 3269 3756 
8059 4 0 3743 2833 2207 2961 
8060 4 0 3217 2680 669 1339 
8061 4 0 1339 757 1276 2680 
8062 4 0 1751 1841 2961 2641 
8063 4 0 888 2925 3547 2435 
8064 4 0 888 2925 3495 3547 
8065 4 0 3405 3542 2163 2033 
8066 4 0 4185 1286 2163 2658 
8067 4 0 2344 3062 710 2681 
8068 4 0 2344 3062 3249 710 
8069 4 0 441 2308 662 2841 
8070 4 0 441 2691 3455 3408 
8071 4 0 1919 2184 1502 2426 
8072 4 0 451 1343 2373 3698 
8073 4 0 3916 4160 4394 3148 
8074 4 0 1531 1762 736 3780 
8075 4 0 351 2064 3116 359 
8076 4 0 1762 1710 1531 736 
8077 4 0 2176 3751 2965 3762 
8078 4 0 1880 736 1710 1762 
8079 4 0 4366 746 4389 3226 
8080 4 0 3857 746 3226 4389 
8081 4 0 2712 2961 2201 4090 
8082 4 0 3797 2503 2914 4073 
8083 4 0 790 4424 2433 54 
8084 4 0 3462 1625 2453 2634 
8085 4 0 2578 367 1851 3469 
8086 4 0 2848 2414 4409 2043 
8087 4 0 2839 3164 3059 1055 
8088 4 0 3257 3437 4250 3036 
8089 4 0 3071 3119 536 3482 
8090 4 0 2664 3466 1641 1577 
8091 4 0 2245 3038 3552 2747 
8092 4 0 1779 3038 2245 2747 
8093 4 0 4070 1366 1419 2782 
8094 4 0 2782 3942 2848 1419 
8095 4 0 652 2810 890 882 
8096 4 0 3661 3138 2220 1169 
8097 4 0 663 3212 2487 3592 
8098 4 0 3347 2417 2915 2430 
8099 4 0 2269 975 4073 2877 
8100 4 0 4607 4245 812 2430 
8101 4 0 2687 3656 2101 3162 
8102 4 0 3280 2356 2694 3105 
8103 4 0 2757 1657 3040 104 
8104 4 0 873 2858 2695 470 
8105 4 0 4561 2464 729 3922 
8106 4 0 1461 413 3115 1492 
8107 4 0 2190 1253 2042 2720 
8108 4 0 4027 4462 751 4026 
8109 4 0 4026 4270 504 3909 
8110 4 0 1129 3295 765 541 
8111 4 0 541 3295 765 2331 
8112 4 0 3263 541 1182 2331 
8113 4 0 3515 2192 2850 2357 
8114 4 0 2150 1780 3625 2586 
8115 4 0 2825 3062 3249 3053 
8116 4 0 2836 2220 3628 3285 
8117 4 0 1081 2599 2316 2850 
8118 4 0 3062 3053 2825 711 
8119 4 0 3091 2654 3188 385 
8120 4 0 2908 3671 700 1577 
8121 4 0 4104 1911 2727 769 
8122 4 0 3341 421 1437 734 
8123 4 0 2841 3881 4305 1482 
8124 4 0 2682 3109 3390 2313 
8125 4 0 2669 2258 2163 2241 
8126 4 0 1482 4305 2841 4320 
8127 4 0 455 2988 2171 3152 
8128 4 0 2553 1625 2248 4066 
8129 4 0 3732 3748 2323 3048 
8130 4 0 3614 3571 426 2564 
8131 4 0 2357 3491 3515 866 
8132 4 0 3300 1423 1575 2606 
8133 4 0 3888 3009 3122 3306 
8134 4 0 764 3766 547 1780 
8135 4 0 3685 2179 2526 662 
8136 4 0 2916 2081 3170 2535 
8137 4 0 2975 3383 681 3784 
8138 4 0 4061 2975 3387 3784 
8139 4 0 4503 2525 2304 1727 
8140 4 0 865 2249 3003 368 
8141 4 0 4205 587 2692 2729 
8142 4 0 529 2654 3897 2283 
8143 4 0 2104 587 2692 954 
8144 4 0 2184 3696 529 2654 
8145 4 0 2393 3138 1997 2470 
8146 4 0 3153 1149 1128 4190 
8147 4 0 1149 3153 1128 3220 
8148 4 0 3441 3410 1536 3803 
8149 4 0 3551 1149 3153 4190 
8150 4 0 2120 140 4215 3280 
8151 4 0 3777 4543 409 3161 
8152 4 0 3053 2344 3249 3052 
8153 4 0 3892 3960 958 533 
8154 4 0 1706 3360 3404 4143 
8155 4 0 944 2764 2798 4241 
8156 4 0 944 2627 2764 4241 
8157 4 0 1696 1406 4126 240 
8158 4 0 4191 4153 1308 1247 
8159 4 0 2338 2128 461 393 
8160 4 0 3149 2615 2524 3577 
8161 4 0 169 194 2180 187 
8162 4 0 3614 3258 1308 2093 
8163 4 0 2824 3594 3296 2830 
8164 4 0 1735 4296 1689 1631 
8165 4 0 1843 2564 746 3201 
8166 4 0 1156 2575 3546 1321 
8167 4 0 3587 550 3657 4327 
8168 4 0 4459 2583 2589 2603 
8169 4 0 1322 617 3000 940 
8170 4 0 4183 402 4592 3131 
8171 4 0 832 3131 4592 402 
8172 4 0 3724 3221 2730 3755 
8173 4 0 1602 4162 3755 3724 
8174 4 0 2730 3724 3755 3146 
8175 4 0 2675 371 3764 3474 
8176 4 0 3970 2745 4261 665 
8177 4 0 1979 1018 2097 3024 
8178 4 0 3267 2538 1979 1018 
8179 4 0 2393 4276 3138 2470 
8180 4 0 3840 2974 3788 3828 
8181 4 0 368 1533 2181 2645 
8182 4 0 3087 4587 2314 1899 
8183 4 0 3034 379 2317 1874 
8184 4 0 1971 2413 1159 417 
8185 4 0 4312 3034 2317 1874 
8186 4 0 3132 4480 4500 4062 
8187 4 0 1200 2144 1123 2910 
8188 4 0 1373 1308 3933 3519 
8189 4 0 1120 159 2596 1664 
8190 4 0 398 575 173 2596 
8191 4 0 4210 4300 1840 3217 
8192 4 0 2065 3564 2717 3583 
8193 4 0 4403 2342 3611 3063 
8194 4 0 1892 3063 4403 3611 
8195 4 0 351 3460 3116 2635 
8196 4 0 3962 3298 640 723 
8197 4 0 3054 2034 2635 351 
8198 4 0 3962 3505 640 3298 
8199 4 0 3505 640 1618 3962 
8200 4 0 861 3908 3368 2822 
8201 4 0 3378 2169 853 1357 
8202 4 0 2515 2754 3426 1424 
8203 4 0 1556 1730 1553 885 
8204 4 0 3072 1557 3047 1074 
8205 4 0 139 528 164 4364 
8206 4 0 3575 2467 2513 2561 
8207 4 0 1313 2089 2658 2758 
8208 4 0 515 2983 3270 2880 
8209 4 0 1114 1321 4286 4277 
8210 4 0 2924 4189 129 3093 
8211 4 0 4153 1308 2405 3258 
8212 4 0 2405 3793 2998 3201 
8213 4 0 2463 2895 2922 2143 
8214 4 0 2940 94 3142 2399 
8215 4 0 3755 3146 1175 2174 
8216 4 0 2227 1078 369 2335 
8217 4 0 2004 1062 3630 4364 
8218 4 0 3680 1381 3248 825 
8219 4 0 3500 2165 2611 590 
8220 4 0 402 2891 2187 2601 
8221 4 0 4592 2891 402 4183 
8222 4 0 4592 2891 4183 2835 
8223 4 0 3317 1215 3633 2489 
8224 4 0 3146 3317 2489 2585 
8225 4 0 2506 1848 796 1573 
8226 4 0 3547 2925 595 1755 
8227 4 0 2925 2313 2282 3390 
8228 4 0 200 520 2582 3959 
8229 4 0 2682 401 2313 2160 
8230 4 0 3008 4145 3565 3939 
8231 4 0 589 943 2729 2692 
8232 4 0 3851 3939 2610 3008 
8233 4 0 2104 1455 367 943 
8234 4 0 1527 1057 772 1936 
8235 4 0 1604 2334 526 3758 
8236 4 0 2400 1780 763 3625 
8237 4 0 3151 1316 428 1677 
8238 4 0 3709 3539 1323 3597 
8239 4 0 3709 1323 4180 3597 
8240 4 0 3430 4153 3624 2839 
8241 4 0 884 3512 1730 2662 
8242 4 0 2541 2692 2085 928 
8243 4 0 3048 2323 3732 2254 
8244 4 0 2323 2443 2254 3048 
8245 4 0 400 460 2216 2040 
8246 4 0 2474 4142 4143 2083 
8247 4 0 971 1375 413 2016 
8248 4 0 3205 674 2383 3373 
8249 4 0 2019 2131 2947 1962 
8250 4 0 2031 3236 3968 1766 
8251 4 0 2031 2132 3968 1989 
8252 4 0 505 2152 2525 3986 
8253 4 0 1905 4191 4284 3155 
8254 4 0 3148 4108 4360 1216 
8255 4 0 3420 4591 3155 4191 
8256 4 0 4428 1608 1610 381 
8257 4 0 2116 393 882 3203 
8258 4 0 921 2417 2689 3618 
8259 4 0 1331 745 1187 2321 
8260 4 0 2116 393 940 882 
8261 4 0 921 4074 2689 2417 
8262 4 0 1392 3186 2871 2960 
8263 4 0 4258 3829 1790 2622 
8264 4 0 1245 1373 1308 2266 
8265 4 0 2038 1245 2044 2185 
8266 4 0 3953 519 2796 3665 
8267 4 0 2213 1328 3241 2134 
8268 4 0 2023 3429 2008 2435 
8269 4 0 917 2209 2757 2859 
8270 4 0 881 2165 617 3062 
8271 4 0 2611 617 2165 3062 
8272 4 0 2920 917 2859 2209 
8273 4 0 1565 1735 3748 2109 
8274 4 0 587 2104 2692 2729 
8275 4 0 2729 2104 2692 943 
8276 4 0 1591 1253 2042 2174 
8277 4 0 551 4597 2451 3464 
8278 4 0 3490 1774 2957 2766 
8279 4 0 4153 3258 3624 1671 
8280 4 0 1917 2666 1491 1922 
8281 4 0 3614 379 3571 2409 
8282 4 0 2469 2818 2398 3270 
8283 4 0 2469 2742 3270 3077 
8284 4 0 3909 504 362 1443 
8285 4 0 681 2156 813 1975 
8286 4 0 1834 3569 2895 1131 
8287 4 0 2422 2579 2895 2833 
8288 4 0 3434 410 1388 810 
8289 4 0 4409 3659 2414 482 
8290 4 0 3208 2381 1651 2678 
8291 4 0 1138 2381 2678 1651 
8292 4 0 2084 1577 1641 3923 
8293 4 0 1852 2644 1798 2576 
8294 4 0 1280 1798 2644 2576 
8295 4 0 298 3545 3094 307 
8296 4 0 2614 4183 2588 402 
8297 4 0 1104 3717 3757 3768 
8298 4 0 3533 2993 3850 2620 
8299 4 0 3326 4296 1707 1735 
8300 4 0 270 269 3788 3233 
8301 4 0 2982 3636 3766 547 
8302 4 0 2603 3315 3340 4459 
8303 4 0 2356 3055 2971 3935 
8304 4 0 3263 2331 2432 3335 
8305 4 0 2230 935 2432 2331 
8306 4 0 2230 2331 2432 3263 
8307 4 0 2396 2000 726 3694 
8308 4 0 2174 2136 401 1757 
8309 4 0 698 531 2707 2220 
8310 4 0 1950 3340 3457 2603 
8311 4 0 847 3080 1673 2044 
8312 4 0 4525 3161 2336 3307 
8313 4 0 3812 1611 1758 1759 
8314 4 0 3273 3949 4391 89 
8315 4 0 1830 1753 3652 813 
8316 4 0 4418 3974 3875 4037 
8317 4 0 4399 3875 4418 3749 
8318 4 0 1041 1048 4276 2393 
8319 4 0 1338 3346 2855 3070 
8320 4 0 687 3309 1735 439 
8321 4 0 4525 4543 3161 4542 
8322 4 0 3241 376 1549 381 
8323 4 0 238 1605 1174 266 
8324 4 0 3349 1605 1174 2668 
8325 4 0 1852 2749 3445 2576 
8326 4 0 1006 1939 2431 2580 
8327 4 0 459 3306 3231 2217 
8328 4 0 2040 767 1161 1588 
8329 4 0 3432 397 2225 3140 
8330 4 0 2410 849 985 1465 
8331 4 0 1465 2410 2992 985 
8332 4 0 2654 2099 664 2715 
8333 4 0 2547 1420 1627 1421 
8334 4 0 4053 2547 1627 1421 
8335 4 0 1421 4139 4053 2547 
8336 4 0 4136 4346 748 3586 
8337 4 0 2242 1636 1544 3663 
8338 4 0 4155 2382 2373 451 
8339 4 0 2045 2935 1562 3924 
8340 4 0 3094 2683 3545 2556 
8341 4 0 3376 1955 1983 2194 
8342 4 0 2693 2659 3322 2826 
8343 4 0 1955 2251 1983 2931 
8344 4 0 629 4188 522 4154 
8345 4 0 3096 3050 2078 3331 
8346 4 0 1227 923 3096 4134 
8347 4 0 4077 4154 522 4188 
8348 4 0 3308 1159 3409 694 
8349 4 0 694 4376 3409 3308 
8350 4 0 2905 3346 1827 2411 
8351 4 0 639 382 1744 1716 
8352 4 0 3728 3355 1333 3630 
8353 4 0 3728 1333 460 3630 
8354 4 0 1778 2073 3705 3770 
8355 4 0 3216 1738 4144 3765 
8356 4 0 602 995 2917 2071 
8357 4 0 3280 140 560 2120 
8358 4 0 2193 3897 624 537 
8359 4 0 3445 2576 778 3238 
8360 4 0 684 3544 2159 3370 
8361 4 0 2440 2218 3452 693 
8362 4 0 1464 846 3167 3791 
8363 4 0 694 2522 2962 2257 
8364 4 0 2401 2589 410 864 
8365 4 0 2885 2501 3760 1556 
8366 4 0 3434 3839 2232 1166 
8367 4 0 851 1630 3168 1627 
8368 4 0 1958 3256 2207 1842 
8369 4 0 3256 2341 2207 1842 
8370 4 0 3378 2240 2169 3326 
8371 4 0 3378 2169 2020 3326 
8372 4 0 3619 2679 2947 2415 
8373 4 0 3619 1194 2561 2679 
8374 4 0 3116 2064 3060 359 
8375 4 0 3181 3280 3683 2732 
8376 4 0 3280 4098 3773 2482 
8377 4 0 3181 96 1844 2091 
8378 4 0 3845 1228 3331 3903 
8379 4 0 3331 3903 1684 3845 
8380 4 0 714 615 1546 426 
8381 4 0 714 2094 1546 615 
8382 4 0 2376 2977 2151 2141 
8383 4 0 1042 3097 2272 1512 
8384 4 0 3097 2222 2272 1512 
8385 4 0 2207 2673 3936 3108 
8386 4 0 818 3268 234 3290 
8387 4 0 1757 592 3037 3109 
8388 4 0 2258 2669 2163 1137 
8389 4 0 1392 3633 1215 3186 
8390 4 0 1392 2768 3186 1215 
8391 4 0 2760 4506 3175 4269 
8392 4 0 941 1012 396 2859 
8393 4 0 3436 3176 4437 852 
8394 4 0 758 2104 954 2718 
8395 4 0 1564 2133 1274 3588 
8396 4 0 2655 4053 3541 982 
8397 4 0 1274 3327 2133 1564 
8398 4 0 982 4053 3156 2655 
8399 4 0 2049 1609 861 389 
8400 4 0 1412 1604 647 2334 
8401 4 0 1412 2334 526 1604 
8402 4 0 910 3640 2334 647 
8403 4 0 3152 2243 453 3244 
8404 4 0 1492 3115 1634 413 
8405 4 0 2825 274 2536 3799 
8406 4 0 608 4259 4127 3556 
8407 4 0 1156 3546 2651 1321 
8408 4 0 4191 1247 1308 2761 
8409 4 0 4191 1247 2761 3224 
8410 4 0 2159 2210 2559 1242 
8411 4 0 3949 89 3273 2800 
8412 4 0 3175 3512 2760 4269 
8413 4 0 2060 1988 2903 3050 
8414 4 0 3303 536 1324 3222 
8415 4 0 2833 2207 2961 2422 
8416 4 0 2206 2648 3235 2472 
8417 4 0 2206 2648 3066 3235 
8418 4 0 2472 2539 2206 2648 
8419 4 0 3151 1768 1565 2512 
8420 4 0 2969 428 4131 2512 
8421 4 0 605 2053 884 1032 
8422 4 0 1970 2525 864 2909 
8423 4 0 1970 2909 2921 2525 
8424 4 0 2863 1730 1556 885 
8425 4 0 4371 473 474 3888 
8426 4 0 3886 3009 4371 3888 
8427 4 0 2225 3213 1687 2670 
8428 4 0 473 3122 3888 4371 
8429 4 0 4371 3888 474 3886 
8430 4 0 3888 4371 3122 3009 
8431 4 0 405 3357 4152 900 
8432 4 0 405 3697 4152 3357 
8433 4 0 2695 967 4315 2464 
8434 4 0 489 1574 2433 2195 
8435 4 0 3793 3522 2121 3185 
8436 4 0 654 150 2180 434 
8437 4 0 150 654 2180 169 
8438 4 0 2987 383 2202 2524 
8439 4 0 3565 4145 2272 3962 
8440 4 0 3085 2733 1200 3004 
8441 4 0 968 2715 664 1250 
8442 4 0 968 1250 664 4145 
8443 4 0 2736 2797 2870 2314 
8444 4 0 3187 3297 3151 3143 
8445 4 0 3503 968 3904 1066 
8446 4 0 2751 979 428 2971 
8447 4 0 4329 979 2751 2971 
8448 4 0 1309 882 4161 2454 
8449 4 0 424 2778 3035 2691 
8450 4 0 1309 882 2454 940 
8451 4 0 2778 424 3035 4611 
8452 4 0 3220 3551 3153 1527 
8453 4 0 1707 439 2511 2080 
8454 4 0 2543 1486 2760 3512 
8455 4 0 1946 2777 2297 3563 
8456 4 0 3285 2220 4426 4118 
8457 4 0 1946 2297 2777 2338 
8458 4 0 1946 3583 2297 2338 
8459 4 0 3158 1988 3818 993 
8460 4 0 2777 461 2338 2297 
8461 4 0 3517 525 2294 2334 
8462 4 0 3517 2334 2340 525 
8463 4 0 4192 525 3621 3517 
8464 4 0 1053 1354 398 3427 
8465 4 0 3201 747 2998 2405 
8466 4 0 1023 2112 4410 477 
8467 4 0 4569 2869 3352 4531 
8468 4 0 4531 2148 3352 4569 
8469 4 0 2051 2112 2794 477 
8470 4 0 1789 3265 3810 2633 
8471 4 0 2633 1789 3488 3810 
8472 4 0 258 3743 670 3134 
8473 4 0 3015 1299 2851 441 
8474 4 0 3562 2141 2080 4073 
8475 4 0 3501 2045 2434 3924 
8476 4 0 2868 2576 1852 3238 
8477 4 0 3424 2898 3379 667 
8478 4 0 3008 470 2426 385 
8479 4 0 3301 2526 780 2489 
8480 4 0 4402 489 798 2645 
8481 4 0 1464 3791 3721 846 
8482 4 0 2784 1141 2165 2862 
8483 4 0 3782 2489 3620 3685 
8484 4 0 3128 183 555 3685 
8485 4 0 3301 3128 555 3685 
8486 4 0 1682 2053 3259 1214 
8487 4 0 2053 3259 2119 1682 
8488 4 0 89 4168 4391 3273 
8489 4 0 602 3949 4391 3273 
8490 4 0 4265 3309 3110 2660 
8491 4 0 3376 3010 1904 1983 
8492 4 0 2848 2321 2265 2414 
8493 4 0 2265 2880 2414 2983 
8494 4 0 2061 2457 1684 3845 
8495 4 0 2457 3165 2061 1684 
8496 4 0 979 3082 2703 428 
8497 4 0 1281 2229 2606 2489 
8498 4 0 1610 4178 2849 4406 
8499 4 0 2401 3299 3126 2898 
8500 4 0 1212 3959 2282 907 
8501 4 0 907 723 3959 3012 
8502 4 0 1935 182 3199 208 
8503 4 0 2895 1935 3199 208 
8504 4 0 3569 2895 3199 3914 
8505 4 0 2477 3849 3783 2106 
8506 4 0 1951 1556 3760 2501 
8507 4 0 631 3317 4140 3146 
8508 4 0 2883 161 3027 2801 
8509 4 0 3257 3036 3643 1470 
8510 4 0 2401 3955 2242 1165 
8511 4 0 2220 2836 3690 836 
8512 4 0 2550 3165 2457 4493 
8513 4 0 4156 2556 1625 3394 
8514 4 0 995 2451 1726 599 
8515 4 0 3165 1684 2457 4493 
8516 4 0 3721 377 2515 848 
8517 4 0 2599 2316 2850 3938 
8518 4 0 1813 416 418 2852 
8519 4 0 2426 4342 2032 2878 
8520 4 0 3938 2636 3383 3071 
8521 4 0 681 3383 3071 3784 
8522 4 0 2201 367 2961 2267 
8523 4 0 4034 4496 3128 4585 
8524 4 0 4585 3128 408 4496 
8525 4 0 3568 1461 555 3128 
8526 4 0 555 1461 2371 3128 
8527 4 0 2183 3556 4259 1046 
8528 4 0 2183 1048 4259 1304 
8529 4 0 923 4537 3096 4134 
8530 4 0 4392 1128 3153 3220 
8531 4 0 1393 4096 4119 3476 
8532 4 0 4119 4023 3476 1430 
8533 4 0 508 2825 2536 3293 
8534 4 0 3249 2825 508 3293 
8535 4 0 329 2923 316 1690 
8536 4 0 3091 663 2027 2211 
8537 4 0 2099 2211 3897 2654 
8538 4 0 3683 3280 2770 3559 
8539 4 0 2770 2792 3559 3730 
8540 4 0 3163 2540 3678 4367 
8541 4 0 3687 1102 513 3163 
8542 4 0 1355 397 1052 1897 
8543 4 0 1882 1883 739 1439 
8544 4 0 3062 710 1261 2085 
8545 4 0 1216 1938 1183 1147 
8546 4 0 397 1356 1897 1355 
8547 4 0 3954 2721 3035 3368 
8548 4 0 2464 3922 3321 2695 
8549 4 0 1844 1915 96 115 
8550 4 0 3609 3119 823 3198 
8551 4 0 3036 106 131 3437 
8552 4 0 3743 3936 2066 2087 
8553 4 0 1751 2087 3936 3743 
8554 4 0 425 2905 365 1827 
8555 4 0 1248 3678 2887 3821 
8556 4 0 2411 2905 425 1827 
8557 4 0 1671 1905 3258 1967 
8558 4 0 3153 2195 601 3752 
8559 4 0 2195 3153 3807 3752 
8560 4 0 774 3480 459 1911 
8561 4 0 4104 3480 774 1911 
8562 4 0 2811 1017 2915 2819 
8563 4 0 2811 3540 2915 1017 
8564 4 0 901 2823 2157 2213 
8565 4 0 1856 2748 1523 3894 
8566 4 0 381 1839 1985 541 
8567 4 0 2092 3470 3152 1955 
8568 4 0 3071 3482 536 1873 
8569 4 0 4156 2634 2556 1163 
8570 4 0 1233 126 2105 145 
8571 4 0 2393 823 3482 3119 
8572 4 0 1873 823 3482 2393 
8573 4 0 4214 1363 1369 3284 
8574 4 0 3063 2196 1984 1892 
8575 4 0 4469 3266 3196 1398 
8576 4 0 4608 1306 3000 1846 
8577 4 0 3485 1940 3266 4469 
8578 4 0 3485 2140 3266 2107 
8579 4 0 1577 3671 700 4425 
8580 4 0 563 3063 3466 3174 
8581 4 0 1557 3072 1682 1074 
8582 4 0 3317 3141 2585 4202 
8583 4 0 1504 3137 1380 2232 
8584 4 0 2191 4074 2417 583 
8585 4 0 2864 3138 702 2598 
8586 4 0 2451 3157 2231 2757 
8587 4 0 2865 2211 2099 531 
8588 4 0 4249 2865 4157 531 
8589 4 0 1810 3735 3960 533 
8590 4 0 2411 3070 435 400 
8591 4 0 3119 2519 3071 2193 
8592 4 0 493 1315 3143 3151 
8593 4 0 1367 616 806 804 
8594 4 0 806 616 374 804 
8595 4 0 386 2715 3429 2023 
8596 4 0 386 2715 2023 3367 
8597 4 0 616 825 380 374 
8598 4 0 615 374 825 616 
8599 4 0 1294 4115 1903 919 
8600 4 0 3864 1903 919 1294 
8601 4 0 839 3923 2554 2342 
8602 4 0 3133 2466 3751 1898 
8603 4 0 3592 3212 2487 1107 
8604 4 0 3919 3270 2312 2455 
8605 4 0 2810 882 1162 890 
8606 4 0 3381 2231 4426 3285 
8607 4 0 4426 2220 3157 704 
8608 4 0 2151 3732 2090 1749 
8609 4 0 2560 2090 3732 1749 
8610 4 0 489 3030 798 2645 
8611 4 0 1707 4295 2719 744 
8612 4 0 497 4545 318 2149 
8613 4 0 2426 3008 385 3931 
8614 4 0 4572 3565 3931 385 
8615 4 0 1737 2244 4536 3216 
8616 4 0 3326 4246 1707 4296 
8617 4 0 2992 2234 383 2410 
8618 4 0 2687 1287 3219 440 
8619 4 0 3557 2818 3270 2387 
8620 4 0 1543 3824 1918 2900 
8621 4 0 1161 2205 2040 2168 
8622 4 0 1491 3824 4537 2666 
8623 4 0 1233 3117 554 2562 
8624 4 0 2611 543 3001 516 
8625 4 0 2611 1014 543 516 
8626 4 0 3096 3584 3824 4537 
8627 4 0 2666 3096 3824 4537 
8628 4 0 1041 2393 3759 1048 
8629 4 0 713 3154 3821 2094 
8630 4 0 713 635 3154 4293 
8631 4 0 1510 2934 562 2814 
8632 4 0 3575 1510 133 562 
8633 4 0 562 415 1510 2814 
8634 4 0 2733 3501 3004 2767 
8635 4 0 2971 428 2751 3048 
8636 4 0 1723 1608 541 2111 
8637 4 0 1723 1608 1985 541 
8638 4 0 1083 3010 2488 4017 
8639 4 0 1423 2594 2606 3300 
8640 4 0 2594 1423 3236 3300 
8641 4 0 2562 2105 613 1010 
8642 4 0 1010 2105 613 3086 
8643 4 0 794 401 628 793 
8644 4 0 1979 2224 3156 1848 
8645 4 0 1105 3944 4341 3717 
8646 4 0 2887 16 635 7 
8647 4 0 718 3034 3526 3231 
8648 4 0 3476 1385 2142 595 
8649 4 0 1950 3760 3340 2603 
8650 4 0 2180 4582 4267 2319 
8651 4 0 3225 2065 2338 1911 
8652 4 0 4252 1108 569 4248 
8653 4 0 2724 2839 2987 3164 
8654 4 0 4186 2724 1442 2987 
8655 4 0 582 3733 2287 869 
8656 4 0 869 2287 2055 3100 
8657 4 0 2287 3100 869 3733 
8658 4 0 3922 2841 3344 441 
8659 4 0 3430 379 484 1123 
8660 4 0 1891 1336 2370 2956 
8661 4 0 2665 2108 3382 2380 
8662 4 0 3051 2587 2234 2108 
8663 4 0 3299 2401 410 2133 
8664 4 0 1845 825 1381 2257 
8665 4 0 2496 2194 1904 2175 
8666 4 0 3146 631 1341 3229 
8667 4 0 3146 913 631 3229 
8668 4 0 2314 1096 3456 1904 
8669 4 0 3513 2047 2101 440 
8670 4 0 3391 77 73 796 
8671 4 0 77 3391 73 2832 
8672 4 0 3706 1359 3417 2878 
8673 4 0 2739 1047 1302 2608 
8674 4 0 3332 2429 2739 1045 
8675 4 0 4544 3307 4062 2526 
8676 4 0 1639 2724 4186 2987 
8677 4 0 2864 3138 2598 2432 
8678 4 0 190 4195 166 967 
8679 4 0 210 967 4195 190 
8680 4 0 2632 1608 4605 2111 
8681 4 0 3187 3270 2828 2321 
8682 4 0 2678 2541 4221 3208 
8683 4 0 1635 3232 3463 2909 
8684 4 0 4130 1867 3194 3614 
8685 4 0 2588 4541 1325 992 
8686 4 0 2836 4400 1893 2432 
8687 4 0 4130 3194 4124 3614 
8688 4 0 1505 2795 4603 1235 
8689 4 0 1893 3951 4400 2836 
8690 4 0 1563 4011 2776 530 
8691 4 0 3545 2683 2013 1963 
8692 4 0 3689 3628 3668 4160 
8693 4 0 363 2125 3366 2623 
8694 4 0 2111 604 378 2233 
8695 4 0 2111 378 604 3554 
8696 4 0 1136 2503 2269 975 
8697 4 0 1849 2712 2201 4090 
8698 4 0 2372 3285 2231 3381 
8699 4 0 2372 3464 3381 2231 
8700 4 0 4426 3381 3464 2231 
8701 4 0 471 40 2123 2335 
8702 4 0 3836 530 3117 2562 
8703 4 0 485 1402 530 2562 
8704 4 0 2793 3836 530 3117 
8705 4 0 4225 4011 530 485 
8706 4 0 1319 2744 2561 1690 
8707 4 0 1247 2266 2761 1290 
8708 4 0 2761 3224 439 3402 
8709 4 0 12 3308 3841 370 
8710 4 0 2970 370 8 3841 
8711 4 0 4319 241 959 1213 
8712 4 0 265 4319 1213 241 
8713 4 0 3487 3081 87 3929 
8714 4 0 87 3487 3929 3917 
8715 4 0 2317 380 1545 2412 
8716 4 0 257 4281 2872 275 
8717 4 0 3208 3249 4159 4328 
8718 4 0 3388 2559 856 4450 
8719 4 0 3332 2739 4450 1045 
8720 4 0 3332 2739 2559 4450 
8721 4 0 3868 388 1579 1098 
8722 4 0 1098 3868 388 430 
8723 4 0 2926 2254 3546 2651 
8724 4 0 2621 756 3238 1400 
8725 4 0 4170 4388 25 369 
8726 4 0 2614 2588 2714 1254 
8727 4 0 369 4170 4345 25 
8728 4 0 2350 1452 2224 2813 
8729 4 0 2417 812 3347 3618 
8730 4 0 1764 2055 3600 2931 
8731 4 0 3799 3098 544 3293 
8732 4 0 3600 2876 1764 665 
8733 4 0 3799 544 2536 3293 
8734 4 0 3385 3249 508 3293 
8735 4 0 2570 2372 3464 2212 
8736 4 0 984 2065 3225 1911 
8737 4 0 633 567 3708 3464 
8738 4 0 2863 3320 2711 1556 
8739 4 0 3320 1556 2863 1307 
8740 4 0 3766 443 2053 934 
8741 4 0 2535 1684 4493 3170 
8742 4 0 4493 3170 2081 2535 
8743 4 0 3933 3218 2761 844 
8744 4 0 3565 113 2272 540 
8745 4 0 4211 2767 3336 2766 
8746 4 0 420 2188 3026 4058 
8747 4 0 1547 2265 2590 2860 
8748 4 0 4191 4196 2761 3420 
8749 4 0 3933 3420 2761 3218 
8750 4 0 1655 2416 4291 550 
8751 4 0 3815 2299 3847 2226 
8752 4 0 2115 3490 3335 4603 
8753 4 0 4078 3341 1397 1436 
8754 4 0 847 3941 1648 1643 
8755 4 0 102 88 3798 889 
8756 4 0 889 3798 102 515 
8757 4 0 3798 88 3077 2805 
8758 4 0 1476 1475 1096 2194 
8759 4 0 1935 182 2883 3199 
8760 4 0 1084 555 465 2296 
8761 4 0 2023 994 386 1236 
8762 4 0 2023 386 994 3429 
8763 4 0 3759 3198 2393 1041 
8764 4 0 2387 1291 2186 2075 
8765 4 0 2089 3156 2224 1848 
8766 4 0 3058 1532 4328 508 
8767 4 0 2940 2091 2072 3142 
8768 4 0 2091 1915 1844 3280 
8769 4 0 3181 2091 1844 3280 
8770 4 0 3385 2085 2001 3249 
8771 4 0 3385 3442 3625 762 
8772 4 0 3625 3442 763 762 
8773 4 0 3764 2044 3721 847 
8774 4 0 2459 1389 3453 2948 
8775 4 0 2459 1389 3990 3453 
8776 4 0 1531 2772 468 3971 
8777 4 0 1626 1345 3555 2630 
8778 4 0 1782 971 468 2772 
8779 4 0 3176 852 1357 4437 
8780 4 0 1357 2126 852 3176 
8781 4 0 1864 1012 1622 4598 
8782 4 0 2882 3728 3630 3355 
8783 4 0 3630 602 3355 995 
8784 4 0 3273 3728 528 3630 
8785 4 0 1755 2925 595 2313 
8786 4 0 2422 208 3914 227 
8787 4 0 2500 3739 1585 2356 
8788 4 0 2334 2146 2175 2229 
8789 4 0 2451 3334 551 3464 
8790 4 0 3496 1106 3938 4359 
8791 4 0 4136 4346 749 748 
8792 4 0 2892 3320 1307 1556 
8793 4 0 2019 2359 2131 3101 
8794 4 0 1244 2038 2517 2185 
8795 4 0 2085 3385 3625 3160 
8796 4 0 2085 3385 3160 3062 
8797 4 0 2568 1751 1841 3743 
8798 4 0 156 3049 1236 3826 
8799 4 0 2102 1456 1236 2142 
8800 4 0 2959 2102 1236 3049 
8801 4 0 3858 443 2275 3766 
8802 4 0 1091 4383 3148 4108 
8803 4 0 1012 3097 941 2222 
8804 4 0 2160 1012 941 2222 
8805 4 0 396 2160 401 2582 
8806 4 0 2973 4406 2881 3807 
8807 4 0 4406 1128 2881 3807 
8808 4 0 887 179 3959 3298 
8809 4 0 396 941 613 1591 
8810 4 0 1059 1527 4365 1057 
8811 4 0 2437 2717 1251 1402 
8812 4 0 1400 3238 3192 3250 
8813 4 0 2927 3178 2168 4137 
8814 4 0 3096 2900 2392 2666 
8815 4 0 1600 4287 620 529 
8816 4 0 529 1776 3897 4287 
8817 4 0 3348 183 662 1084 
8818 4 0 3309 3110 2660 1689 
8819 4 0 1220 3180 4388 2235 
8820 4 0 224 768 2040 1588 
8821 4 0 3180 1220 1843 2499 
8822 4 0 3180 2235 1220 3771 
8823 4 0 3932 3286 896 1221 
8824 4 0 4083 3599 3863 2765 
8825 4 0 4486 2765 4083 3863 
8826 4 0 3025 4341 3717 1105 
8827 4 0 3477 2893 2856 3179 
8828 4 0 665 2893 3477 3179 
8829 4 0 538 1353 2098 2562 
8830 4 0 538 4432 642 3022 
8831 4 0 1979 1018 2538 2097 
8832 4 0 3257 3659 2075 2410 
8833 4 0 2538 1979 3156 3267 
8834 4 0 2410 3659 2043 481 
8835 4 0 3458 4389 4387 2998 
8836 4 0 2998 1206 4389 4387 
8837 4 0 3726 3573 2376 2090 
8838 4 0 3726 2376 3573 2619 
8839 4 0 2478 2473 515 2483 
8840 4 0 2231 2220 3628 1184 
8841 4 0 3200 855 3744 2538 
8842 4 0 2538 2097 2812 3200 
8843 4 0 2006 404 3413 1084 
8844 4 0 2183 4259 3387 1304 
8845 4 0 760 2711 1196 1034 
8846 4 0 1690 3572 2744 469 
8847 4 0 450 3572 2744 1690 
8848 4 0 589 3039 586 2729 
8849 4 0 3318 3034 3017 3231 
8850 4 0 3318 3017 3034 2164 
8851 4 0 3046 2133 2401 2898 
8852 4 0 512 3820 2015 476 
8853 4 0 2475 2725 1130 899 
8854 4 0 259 827 3856 1130 
8855 4 0 326 822 1275 436 
8856 4 0 326 1275 2889 436 
8857 4 0 2889 436 313 326 
8858 4 0 4603 1505 3855 2795 
8859 4 0 3181 2940 96 2091 
8860 4 0 1557 1396 2578 3047 
8861 4 0 941 1012 2757 3097 
8862 4 0 3140 2714 1010 397 
8863 4 0 217 4494 1010 189 
8864 4 0 2489 2585 3317 1215 
8865 4 0 1439 1712 1084 2006 
8866 4 0 2925 3547 905 3495 
8867 4 0 344 1797 3783 334 
8868 4 0 1330 3540 1797 334 
8869 4 0 3619 2394 2561 1194 
8870 4 0 2561 2513 1194 2394 
8871 4 0 2667 4438 2813 2461 
8872 4 0 1557 3775 2458 755 
8873 4 0 3986 214 394 1694 
8874 4 0 4158 4058 2167 2003 
8875 4 0 129 3203 4372 4189 
8876 4 0 3203 393 4372 4189 
8877 4 0 129 4372 3203 151 
8878 4 0 3296 2070 3192 2680 
8879 4 0 3192 1293 2022 3296 
8880 4 0 2140 3192 3250 1293 
8881 4 0 1052 787 2280 1750 
8882 4 0 2280 787 2337 1750 
8883 4 0 2811 2477 3540 3783 
8884 4 0 589 2468 3297 2742 
8885 4 0 2846 3158 4255 442 
8886 4 0 4332 651 2892 1030 
8887 4 0 2359 3539 1390 1016 
8888 4 0 2801 94 2399 136 
8889 4 0 2757 83 2493 2377 
8890 4 0 83 2462 2757 2493 
8891 4 0 2573 1138 2678 1121 
8892 4 0 1238 3856 448 827 
8893 4 0 4069 737 1471 674 
8894 4 0 4069 1471 3747 674 
8895 4 0 650 1095 1604 1412 
8896 4 0 650 1604 647 1412 
8897 4 0 4101 4218 3197 486 
8898 4 0 2454 2810 2116 882 
8899 4 0 1140 3500 2611 2478 
8900 4 0 1104 3287 2357 3717 
8901 4 0 3739 2751 2356 2971 
8902 4 0 4373 515 486 4179 
8903 4 0 515 889 4179 4373 
8904 4 0 4373 4378 503 515 
8905 4 0 787 248 1897 2899 
8906 4 0 787 248 2899 261 
8907 4 0 373 2564 3201 3614 
8908 4 0 2409 2564 3614 3201 
8909 4 0 3661 3690 2220 3138 
8910 4 0 4449 2220 2707 3690 
8911 4 0 1264 441 876 3345 
8912 4 0 1264 2184 876 441 
8913 4 0 2707 2220 1169 3661 
8914 4 0 876 3345 167 1264 
8915 4 0 3690 4449 4268 2707 
8916 4 0 2753 4038 3227 2986 
8917 4 0 3063 3878 4203 3247 
8918 4 0 674 2383 3373 3511 
8919 4 0 2986 3214 3826 3269 
8920 4 0 2919 1011 2920 2071 
8921 4 0 2919 3086 1011 2105 
8922 4 0 3534 1846 2454 1306 
8923 4 0 615 825 374 805 
8924 4 0 663 2487 2211 3091 
8925 4 0 2211 2487 2654 3091 
8926 4 0 1843 3006 2564 2074 
8927 4 0 1199 2580 2391 2744 
8928 4 0 1199 1295 2281 3296 
8929 4 0 3324 326 336 1275 
8930 4 0 645 3755 1175 3859 
8931 4 0 605 3860 3343 1032 
8932 4 0 521 2645 2370 2441 
8933 4 0 3805 521 2645 2370 
8934 4 0 2645 2370 4402 3805 
8935 4 0 2782 3905 708 3577 
8936 4 0 3630 3728 528 460 
8937 4 0 460 2727 528 3630 
8938 4 0 4073 2080 2516 1001 
8939 4 0 4165 4609 3596 1307 
8940 4 0 2120 3280 4215 2694 
8941 4 0 3226 3838 1205 4217 
8942 4 0 3602 2917 602 2509 
8943 4 0 710 1996 1261 3688 
8944 4 0 2586 2684 3636 1910 
8945 4 0 2684 2586 3636 3766 
8946 4 0 636 2887 16 635 
8947 4 0 1491 4537 1922 2666 
8948 4 0 2662 3701 1195 4269 
8949 4 0 4331 884 2053 1033 
8950 4 0 3343 2890 3252 3160 
8951 4 0 3252 881 4606 4052 
8952 4 0 3310 3205 2958 861 
8953 4 0 2643 861 3205 3310 
8954 4 0 4210 669 4300 3217 
8955 4 0 3286 1222 4172 3932 
8956 4 0 3138 3690 2220 2836 
8957 4 0 2864 3138 2836 3120 
8958 4 0 2836 4420 2864 3120 
8959 4 0 3138 3120 703 3690 
8960 4 0 1326 4540 1329 2311 
8961 4 0 3567 1222 3286 3932 
8962 4 0 1016 1326 1329 2311 
8963 4 0 1104 3287 3061 4381 
8964 4 0 2162 2084 2690 3556 
8965 4 0 3568 519 1446 440 
8966 4 0 1291 2009 1851 2085 
8967 4 0 508 3249 3385 2001 
8968 4 0 3340 1950 2929 3760 
8969 4 0 3760 1950 1951 2603 
8970 4 0 1170 485 1157 4176 
8971 4 0 1177 2195 2612 600 
8972 4 0 4332 3320 3710 1034 
8973 4 0 2081 1255 3641 2916 
8974 4 0 466 1391 1713 1712 
8975 4 0 1391 1712 488 1713 
8976 4 0 3653 2442 2913 41 
8977 4 0 41 2442 2913 916 
8978 4 0 3653 2913 684 41 
8979 4 0 273 3268 3290 234 
8980 4 0 2289 818 234 3290 
8981 4 0 454 2148 2485 405 
8982 4 0 3490 862 3689 3292 
8983 4 0 3503 4145 2497 1618 
8984 4 0 2765 448 2475 2988 
8985 4 0 1182 2632 2849 3466 
8986 4 0 3252 2890 4606 3293 
8987 4 0 608 1037 4240 3556 
8988 4 0 152 175 1141 2862 
8989 4 0 175 196 1141 2862 
8990 4 0 2394 2561 3691 3619 
8991 4 0 3103 415 2467 562 
8992 4 0 778 3238 2576 1982 
8993 4 0 1844 115 2770 1915 
8994 4 0 1960 2576 573 778 
8995 4 0 1585 2090 3573 3726 
8996 4 0 4531 1680 2148 4534 
8997 4 0 1585 2090 3726 2356 
8998 4 0 2627 2670 2764 2225 
8999 4 0 4569 2148 3589 4534 
9000 4 0 3465 4432 1353 3022 
9001 4 0 3668 3465 1353 3022 
9002 4 0 3212 2211 663 2487 
9003 4 0 2879 3577 3786 845 
9004 4 0 3786 2879 4413 3577 
9005 4 0 3925 1443 3909 362 
9006 4 0 3434 506 2603 3315 
9007 4 0 2117 2969 4131 2512 
9008 4 0 3002 1358 3938 2192 
9009 4 0 4481 4526 4528 3015 
9010 4 0 1377 3897 3275 3862 
9011 4 0 1040 2794 2112 1023 
9012 4 0 2677 2794 1023 477 
9013 4 0 3694 2808 2396 2710 
9014 4 0 2525 2641 1751 2961 
9015 4 0 3270 2414 2387 2818 
9016 4 0 1639 2987 4186 1444 
9017 4 0 4043 4186 2987 1444 
9018 4 0 1639 2987 1444 2587 
9019 4 0 2305 2265 1739 3284 
9020 4 0 2305 3284 1739 2128 
9021 4 0 2949 3284 2305 2128 
9022 4 0 3284 2128 2949 4214 
9023 4 0 794 912 3538 2492 
9024 4 0 153 1142 394 3001 
9025 4 0 505 1751 2525 2641 
9026 4 0 2305 393 1739 940 
9027 4 0 2492 3538 794 523 
9028 4 0 2471 916 3370 2495 
9029 4 0 3370 2495 1039 2471 
9030 4 0 2471 2913 3370 916 
9031 4 0 2913 3898 3544 3370 
9032 4 0 384 2700 1145 1178 
9033 4 0 4613 1145 1178 3421 
9034 4 0 478 2761 3218 844 
9035 4 0 3312 1752 948 3384 
9036 4 0 3818 1775 2307 4242 
9037 4 0 3097 2435 2272 2222 
9038 4 0 3175 1736 2734 4506 
9039 4 0 3175 2734 1736 4536 
9040 4 0 2265 3693 709 4087 
9041 4 0 3283 3281 2028 2496 
9042 4 0 2251 1955 522 627 
9043 4 0 4232 257 2204 242 
9044 4 0 3010 4552 2886 4077 
9045 4 0 3376 4552 3010 1955 
9046 4 0 2416 3304 830 4291 
9047 4 0 2384 2149 683 2073 
9048 4 0 2651 3305 2955 598 
9049 4 0 598 1115 2651 3305 
9050 4 0 995 2071 2209 2231 
9051 4 0 2071 995 2917 2231 
9052 4 0 2231 2209 995 2451 
9053 4 0 1319 2744 2391 1510 
9054 4 0 3244 455 453 3152 
9055 4 0 2532 1222 1076 3286 
9056 4 0 536 3988 3222 3964 
9057 4 0 3567 1222 2532 3286 
9058 4 0 473 3122 4369 3306 
9059 4 0 942 3314 3847 2226 
9060 4 0 2226 942 3314 3599 
9061 4 0 2299 942 3847 2226 
9062 4 0 3275 3862 3897 2099 
9063 4 0 2438 4363 3245 1094 
9064 4 0 1093 2456 2331 2809 
9065 4 0 1093 3118 2331 2026 
9066 4 0 1093 3548 2331 2456 
9067 4 0 557 2898 3126 1564 
9068 4 0 4248 2451 2493 4597 
9069 4 0 2898 1564 557 2508 
9070 4 0 1206 746 747 2998 
9071 4 0 888 3495 1134 3547 
9072 4 0 4196 2421 4591 3224 
9073 4 0 2864 3120 801 702 
9074 4 0 3546 980 978 2575 
9075 4 0 3546 980 2310 978 
9076 4 0 1204 1945 4602 2236 
9077 4 0 595 2313 3390 3109 
9078 4 0 2013 1813 2683 2369 
9079 4 0 3141 3806 2549 2585 
9080 4 0 3141 3806 2585 4202 
9081 4 0 2108 3051 2587 1639 
9082 4 0 710 3249 2085 3062 
9083 4 0 1752 948 3384 2384 
9084 4 0 1752 2384 3384 3665 
9085 4 0 2344 2990 710 3833 
9086 4 0 807 1365 2158 2164 
9087 4 0 1512 3209 1042 4601 
9088 4 0 3851 3008 3565 3939 
9089 4 0 3133 2492 3859 912 
9090 4 0 538 642 1157 3895 
9091 4 0 1635 2909 3463 1544 
9092 4 0 2364 3564 1911 3583 
9093 4 0 1911 2332 3583 2297 
9094 4 0 1911 2332 2364 3583 
9095 4 0 3296 3699 2439 356 
9096 4 0 404 3413 3673 2006 
9097 4 0 3296 3699 356 346 
9098 4 0 2608 534 3272 3387 
9099 4 0 2679 2947 291 1961 
9100 4 0 1370 3728 2894 2447 
9101 4 0 4237 386 433 3367 
9102 4 0 4038 433 1777 386 
9103 4 0 373 3474 1843 3687 
9104 4 0 391 149 4457 168 
9105 4 0 416 1090 418 2852 
9106 4 0 2211 3091 664 2027 
9107 4 0 2836 2809 3628 2432 
9108 4 0 3335 2326 3628 2432 
9109 4 0 536 3071 1873 3784 
9110 4 0 3661 3138 1176 1997 
9111 4 0 2696 3335 1235 3145 
9112 4 0 4588 3344 2308 2373 
9113 4 0 2314 3195 2826 2496 
9114 4 0 2475 3195 2826 2314 
9115 4 0 3085 2134 2213 3741 
9116 4 0 626 3038 2913 2448 
9117 4 0 674 2773 1005 861 
9118 4 0 3075 2413 2962 1971 
9119 4 0 1725 2369 577 3655 
9120 4 0 3299 3327 2133 810 
9121 4 0 2206 1501 3066 2648 
9122 4 0 153 3001 394 515 
9123 4 0 2451 2462 2757 3311 
9124 4 0 2478 1140 2483 3001 
9125 4 0 2483 3001 153 515 
9126 4 0 2401 557 1279 1838 
9127 4 0 370 3409 1159 2697 
9128 4 0 2697 1845 3409 1159 
9129 4 0 557 3379 667 1838 
9130 4 0 1314 934 2003 2053 
9131 4 0 1313 2758 2135 2089 
9132 4 0 1527 772 2946 1936 
9133 4 0 2252 378 1527 2946 
9134 4 0 521 2370 2491 2628 
9135 4 0 3192 1293 3262 3250 
9136 4 0 1256 2041 2003 4058 
9137 4 0 816 3623 445 1493 
9138 4 0 2501 3760 1791 2885 
9139 4 0 3065 1874 379 3034 
9140 4 0 1374 3445 1276 757 
9141 4 0 1374 3445 757 2621 
9142 4 0 3551 1527 1059 4111 
9143 4 0 1383 2907 2947 2915 
9144 4 0 1383 2915 2947 1016 
9145 4 0 3006 3377 3838 2100 
9146 4 0 2252 4111 1527 3551 
9147 4 0 457 521 3330 3551 
9148 4 0 3391 1675 77 796 
9149 4 0 1577 1549 376 3063 
9150 4 0 4568 1477 1100 2092 
9151 4 0 4568 2092 1100 4533 
9152 4 0 4533 1100 2243 3152 
9153 4 0 2502 4253 1187 610 
9154 4 0 1187 406 2502 610 
9155 4 0 4533 2092 1100 3152 
9156 4 0 3964 1051 1646 536 
9157 4 0 536 3964 3950 535 
9158 4 0 1320 2102 2959 3049 
9159 4 0 473 1870 3679 3306 
9160 4 0 3049 3005 4280 3714 
9161 4 0 473 1870 3306 4369 
9162 4 0 720 3306 1870 4369 
9163 4 0 95 3565 3851 3931 
9164 4 0 2105 1011 2919 2071 
9165 4 0 92 95 3851 3931 
9166 4 0 513 3474 3494 1669 
9167 4 0 2263 2907 2947 1383 
9168 4 0 1386 2700 2193 2283 
9169 4 0 4402 3184 3278 3805 
9170 4 0 3252 4052 3957 881 
9171 4 0 1465 2069 2410 3473 
9172 4 0 3473 849 2410 1465 
9173 4 0 1431 1403 3498 4316 
9174 4 0 1431 3498 4026 4316 
9175 4 0 3343 1780 3625 605 
9176 4 0 1398 3238 3196 756 
9177 4 0 515 153 4378 503 
9178 4 0 3231 1123 2217 2409 
9179 4 0 2852 1725 2177 416 
9180 4 0 416 2177 2852 1813 
9181 4 0 3151 2969 3143 3297 
9182 4 0 496 2767 2005 538 
9183 4 0 2878 3706 3239 2698 
9184 4 0 2801 2940 2399 94 
9185 4 0 3153 3805 2849 521 
9186 4 0 521 1527 2849 3153 
9187 4 0 2849 1128 3153 4392 
9188 4 0 579 2937 3340 2929 
9189 4 0 3130 3240 301 4545 
9190 4 0 2947 1016 3619 4507 
9191 4 0 1383 1016 1382 4535 
9192 4 0 1016 1383 1382 4507 
9193 4 0 1383 4535 2915 1016 
9194 4 0 2190 695 2485 3510 
9195 4 0 3633 3186 1392 2960 
9196 4 0 1995 2156 3613 3038 
9197 4 0 396 3452 2928 2218 
9198 4 0 2928 2218 3452 2440 
9199 4 0 2218 3969 1174 2668 
9200 4 0 2677 377 477 2378 
9201 4 0 2051 477 377 846 
9202 4 0 2164 4073 3562 2412 
9203 4 0 2080 2269 3562 4073 
9204 4 0 3691 2827 2394 3619 
9205 4 0 2456 604 2331 2230 
9206 4 0 3091 2487 1502 4382 
9207 4 0 3091 1502 2654 385 
9208 4 0 1473 3221 3362 3264 
9209 4 0 1707 3378 1735 439 
9210 4 0 646 3221 3264 2730 
9211 4 0 528 3273 117 1485 
9212 4 0 2887 7 1871 2540 
9213 4 0 2540 7 1871 11 
9214 4 0 2887 635 1871 7 
9215 4 0 2687 440 2802 2101 
9216 4 0 2242 2401 1165 1636 
9217 4 0 3219 2802 2687 440 
9218 4 0 1044 1942 3448 74 
9219 4 0 2796 497 1801 2384 
9220 4 0 3130 2796 2845 2149 
9221 4 0 497 3130 2796 1801 
9222 4 0 74 1942 3448 65 
9223 4 0 2498 2953 3550 3912 
9224 4 0 2253 391 1264 1333 
9225 4 0 3016 1469 938 829 
9226 4 0 2004 2727 1148 2079 
9227 4 0 3862 4231 1270 3843 
9228 4 0 3862 3303 4231 3843 
9229 4 0 1094 1148 2079 2004 
9230 4 0 3629 1469 4291 938 
9231 4 0 3245 2438 2079 3906 
9232 4 0 1476 1899 1819 2314 
9233 4 0 1476 2314 1096 1899 
9234 4 0 3517 4192 2340 143 
9235 4 0 464 2308 1190 2024 
9236 4 0 977 2050 2570 4457 
9237 4 0 385 2264 3215 4572 
9238 4 0 3817 1840 4300 3217 
9239 4 0 910 647 2334 2829 
9240 4 0 1253 2067 1255 3641 
9241 4 0 2519 3496 2698 2750 
9242 4 0 2094 841 3248 3154 
9243 4 0 3161 3056 2336 465 
9244 4 0 3056 3777 409 3161 
9245 4 0 2341 3108 3530 225 
9246 4 0 1013 1532 508 2381 
9247 4 0 3359 2715 3095 3275 
9248 4 0 3308 1586 1159 694 
9249 4 0 2962 1159 1586 694 
9250 4 0 508 1532 4328 2381 
9251 4 0 2982 2586 3766 3636 
9252 4 0 990 3135 584 685 
9253 4 0 526 1904 1126 1601 
9254 4 0 2208 1904 1601 1126 
9255 4 0 685 990 3135 4227 
9256 4 0 2339 1625 2453 3462 
9257 4 0 4503 3463 3232 2909 
9258 4 0 3232 1635 2304 2525 
9259 4 0 407 2286 3428 556 
9260 4 0 4314 2265 2590 3284 
9261 4 0 721 2590 3009 2949 
9262 4 0 3234 3720 2995 3492 
9263 4 0 993 4255 3158 588 
9264 4 0 4104 3032 3564 1911 
9265 4 0 4427 3084 609 1576 
9266 4 0 1094 2438 1127 606 
9267 4 0 4116 3877 4588 3344 
9268 4 0 2332 3583 3736 2364 
9269 4 0 4053 2595 1627 3156 
9270 4 0 2603 4459 3457 2589 
9271 4 0 1849 4090 2201 758 
9272 4 0 3743 2066 2833 1834 
9273 4 0 4584 3182 4488 3600 
9274 4 0 4049 3147 1289 3347 
9275 4 0 3347 4607 812 2430 
9276 4 0 3321 3090 1273 2247 
9277 4 0 3321 2247 1273 2389 
9278 4 0 2134 3085 3580 3741 
9279 4 0 2783 2324 3396 1159 
9280 4 0 639 4045 2520 431 
9281 4 0 4013 4045 1796 3525 
9282 4 0 2517 483 3351 2533 
9283 4 0 1412 2314 2496 3195 
9284 4 0 2717 3564 2437 2035 
9285 4 0 1319 1510 2391 411 
9286 4 0 3614 4256 4271 3194 
9287 4 0 2500 3726 3529 2356 
9288 4 0 3726 3529 2653 3761 
9289 4 0 3319 3870 2528 3195 
9290 4 0 3319 2528 487 3195 
9291 4 0 2024 2308 2965 3444 
9292 4 0 3865 601 3438 3079 
9293 4 0 1956 3732 2254 423 
9294 4 0 515 2152 2671 3001 
9295 4 0 2671 2152 2611 3001 
9296 4 0 1365 2164 4236 3017 
9297 4 0 3296 2281 3594 3262 
9298 4 0 4309 1365 4236 3017 
9299 4 0 3434 3315 2603 2583 
9300 4 0 3258 4124 1671 1967 
9301 4 0 1671 3624 4124 3258 
9302 4 0 1624 3466 1641 2664 
9303 4 0 4032 1468 3037 1410 
9304 4 0 3755 2730 2190 3221 
9305 4 0 1685 1541 2280 1686 
9306 4 0 1845 2257 2503 825 
9307 4 0 4248 2570 123 2462 
9308 4 0 2117 4131 3926 2922 
9309 4 0 1178 1717 382 1082 
9310 4 0 4570 2797 1820 1819 
9311 4 0 1820 4570 414 2797 
9312 4 0 3267 796 1848 3391 
9313 4 0 2075 1768 3187 3297 
9314 4 0 996 3809 580 2501 
9315 4 0 996 3809 2501 2885 
9316 4 0 3250 2408 2107 1006 
9317 4 0 1261 2633 605 2150 
9318 4 0 3510 2203 3642 695 
9319 4 0 2190 2485 3404 405 
9320 4 0 3931 1453 385 2426 
9321 4 0 1453 385 2426 4382 
9322 4 0 2033 2025 2950 3271 
9323 4 0 478 2761 2794 618 
9324 4 0 1040 2794 478 2112 
9325 4 0 2543 2244 1737 3216 
9326 4 0 765 3554 1060 2738 
9327 4 0 3548 2331 765 3295 
9328 4 0 844 2112 2794 2051 
9329 4 0 844 1373 2607 2794 
9330 4 0 1609 2858 1110 2049 
9331 4 0 1478 4282 622 2137 
9332 4 0 4282 1478 622 4012 
9333 4 0 1243 2740 499 3361 
9334 4 0 95 3939 3851 3565 
9335 4 0 3565 3939 3505 95 
9336 4 0 1591 1253 2225 2764 
9337 4 0 1944 3827 4151 3064 
9338 4 0 3556 2690 3923 2084 
9339 4 0 3330 4170 4347 4345 
9340 4 0 2887 841 3821 3154 
9341 4 0 1182 1608 2632 2111 
9342 4 0 381 1839 1182 1549 
9343 4 0 4187 2690 3272 3634 
9344 4 0 2205 2168 2280 2927 
9345 4 0 2283 1502 2193 1919 
9346 4 0 2283 1386 2700 1178 
9347 4 0 602 995 606 2917 
9348 4 0 4199 2541 2847 710 
9349 4 0 2175 2194 1904 1983 
9350 4 0 1604 2334 3758 3640 
9351 4 0 2548 4225 4176 485 
9352 4 0 4225 2548 4011 485 
9353 4 0 369 3006 3163 2199 
9354 4 0 2906 2259 2757 3334 
9355 4 0 2401 3379 1838 3663 
9356 4 0 573 2868 2663 3588 
9357 4 0 4123 3772 3276 1660 
9358 4 0 2531 2444 4056 2997 
9359 4 0 1182 376 381 1549 
9360 4 0 1610 1182 376 381 
9361 4 0 1156 2461 3546 2575 
9362 4 0 4464 2578 3486 3277 
9363 4 0 2578 3277 753 3486 
9364 4 0 1076 749 1065 2144 
9365 4 0 2047 1461 971 2296 
9366 4 0 2121 2572 770 2499 
9367 4 0 1688 1225 1226 2060 
9368 4 0 2060 922 1225 1226 
9369 4 0 113 1301 2272 540 
9370 4 0 2272 1914 1301 113 
9371 4 0 2969 2117 4131 3926 
9372 4 0 493 3083 2896 3187 
9373 4 0 4482 4580 897 3070 
9374 4 0 400 435 2040 1490 
9375 4 0 3817 1280 2576 1798 
9376 4 0 3112 1361 4054 2784 
9377 4 0 2207 1751 2525 3986 
9378 4 0 1751 3986 2207 3936 
9379 4 0 3152 3694 2243 4533 
9380 4 0 2551 2889 2989 1924 
9381 4 0 3195 3319 3870 2496 
9382 4 0 818 1053 2289 234 
9383 4 0 2078 1255 3170 6 
9384 4 0 1514 1971 3075 1583 
9385 4 0 2612 2966 3438 42 
9386 4 0 1183 3536 3662 3725 
9387 4 0 2736 2797 3779 2870 
9388 4 0 3988 3516 1733 4009 
9389 4 0 4009 3964 3516 535 
9390 4 0 1780 443 3766 2586 
9391 4 0 3945 4285 3731 4338 
9392 4 0 3192 1276 3445 757 
9393 4 0 3192 2680 1276 757 
9394 4 0 2237 734 1439 3236 
9395 4 0 2433 3030 2645 2181 
9396 4 0 489 3030 2433 800 
9397 4 0 4254 3466 2491 3174 
9398 4 0 2307 4242 3590 1740 
9399 4 0 3381 4401 632 3285 
9400 4 0 1740 4047 3590 2307 
9401 4 0 3113 1459 246 3969 
9402 4 0 3667 1446 440 409 
9403 4 0 956 412 3588 2868 
9404 4 0 1486 3532 1704 885 
9405 4 0 3827 3485 1640 3775 
9406 4 0 852 1994 2813 3176 
9407 4 0 3238 1852 2868 4538 
9408 4 0 3176 2126 852 1994 
9409 4 0 3413 424 2691 1084 
9410 4 0 1005 3413 1084 1719 
9411 4 0 953 4208 3775 412 
9412 4 0 386 4444 3429 1503 
9413 4 0 2540 11 1871 4367 
9414 4 0 3299 3126 3327 4266 
9415 4 0 2447 2882 3355 3728 
9416 4 0 2399 2942 2801 136 
9417 4 0 2033 33 1056 2918 
9418 4 0 3195 487 2725 2826 
9419 4 0 2838 4609 4508 1307 
9420 4 0 2712 1921 2961 4090 
9421 4 0 2712 1278 2961 1921 
9422 4 0 2435 1618 3904 888 
9423 4 0 1044 3332 2210 3388 
9424 4 0 2704 2900 1491 1917 
9425 4 0 2967 3133 644 401 
9426 4 0 4071 609 2472 276 
9427 4 0 609 524 1576 3235 
9428 4 0 4531 2148 4569 4534 
9429 4 0 2309 2034 1771 2787 
9430 4 0 2309 3729 2808 2787 
9431 4 0 3625 3442 545 763 
9432 4 0 3247 3063 3878 1984 
9433 4 0 2910 1200 3580 1123 
9434 4 0 1200 2733 3580 422 
9435 4 0 3580 3085 2733 1200 
9436 4 0 2733 1247 3580 422 
9437 4 0 1461 408 2371 3128 
9438 4 0 2404 1688 3089 3213 
9439 4 0 1236 994 3993 2008 
9440 4 0 1236 3993 2142 2008 
9441 4 0 3759 2183 1304 1048 
9442 4 0 1631 1689 3110 4296 
9443 4 0 1304 3759 2816 1873 
9444 4 0 1304 2183 3759 1873 
9445 4 0 1768 3151 2630 2660 
9446 4 0 2841 3344 2308 3881 
9447 4 0 2742 3297 3270 3077 
9448 4 0 3039 1131 4589 2729 
9449 4 0 1131 2895 3743 2729 
9450 4 0 3876 2012 1029 408 
9451 4 0 1825 4474 408 3115 
9452 4 0 2231 995 2917 606 
9453 4 0 1247 3580 422 1123 
9454 4 0 4447 4276 3138 3661 
9455 4 0 422 1200 2144 1123 
9456 4 0 2172 531 1184 2707 
9457 4 0 4362 1058 3865 601 
9458 4 0 2865 531 2172 2707 
9459 4 0 1550 2983 515 2880 
9460 4 0 664 3091 2654 3188 
9461 4 0 3669 1861 3290 2385 
9462 4 0 4556 2618 1160 4174 
9463 4 0 33 3202 2033 2979 
9464 4 0 2950 2979 803 3520 
9465 4 0 4394 1091 3148 2438 
9466 4 0 3536 459 3286 1065 
9467 4 0 4205 4522 2729 586 
9468 4 0 2848 809 1366 1419 
9469 4 0 2204 589 2692 3978 
9470 4 0 2204 1816 586 4522 
9471 4 0 4268 4447 3661 1784 
9472 4 0 2073 1778 2834 683 
9473 4 0 703 4268 4447 3661 
9474 4 0 1779 2249 2154 2628 
9475 4 0 2451 2757 3040 3311 
9476 4 0 3346 1706 3585 2474 
9477 4 0 379 1867 3065 2318 
9478 4 0 3430 379 1867 3614 
9479 4 0 2765 3347 4486 1289 
9480 4 0 664 531 2172 2099 
9481 4 0 3275 2099 2715 1250 
9482 4 0 4088 4385 747 4387 
9483 4 0 2295 3106 583 2623 
9484 4 0 3696 470 2184 2858 
9485 4 0 2541 2085 710 3249 
9486 4 0 2410 383 2043 2173 
9487 4 0 3337 2193 3119 2211 
9488 4 0 1224 2927 3738 3560 
9489 4 0 3104 4026 1792 504 
9490 4 0 1735 2198 439 3378 
9491 4 0 2055 3173 3322 3314 
9492 4 0 2603 612 3315 506 
9493 4 0 1257 2857 3179 3477 
9494 4 0 4489 2785 4517 934 
9495 4 0 392 2180 460 769 
9496 4 0 2777 461 392 2155 
9497 4 0 2993 2085 1851 2009 
9498 4 0 2993 2009 1851 1682 
9499 4 0 724 2226 2808 467 
9500 4 0 4096 1430 4119 3476 
9501 4 0 3464 2372 3381 2212 
9502 4 0 4405 2612 3438 42 
9503 4 0 3577 2615 3786 3149 
9504 4 0 42 2612 2966 3676 
9505 4 0 465 3779 2171 3852 
9506 4 0 2171 3779 2797 3852 
9507 4 0 1001 4019 4073 2141 
9508 4 0 2885 2124 3809 651 
9509 4 0 4381 2156 4571 2975 
9510 4 0 3320 2885 651 2484 
9511 4 0 3320 2892 651 1556 
9512 4 0 3241 2823 901 2213 
9513 4 0 2355 3587 766 2814 
9514 4 0 3133 644 912 3228 
9515 4 0 537 536 3222 624 
9516 4 0 2193 3119 624 2963 
9517 4 0 3602 1353 2098 3668 
9518 4 0 3173 697 3322 3314 
9519 4 0 3465 3668 1353 3602 
9520 4 0 3596 1307 4609 2103 
9521 4 0 2635 4492 2623 869 
9522 4 0 3596 2103 4609 3044 
9523 4 0 1063 2343 10 4361 
9524 4 0 202 1787 173 398 
9525 4 0 3011 3328 3977 1990 
9526 4 0 2789 2848 4409 2043 
9527 4 0 1545 1548 2317 2412 
9528 4 0 1842 3986 2525 2152 
9529 4 0 461 2048 2727 460 
9530 4 0 721 4314 3284 3411 
9531 4 0 2049 2137 1718 2255 
9532 4 0 2341 225 3256 3108 
9533 4 0 1255 3641 2916 1253 
9534 4 0 1718 2049 861 389 
9535 4 0 3256 225 2673 3108 
9536 4 0 2803 2530 3085 1200 
9537 4 0 2530 2803 3085 2529 
9538 4 0 3977 3435 3837 388 
9539 4 0 3977 1990 3435 388 
9540 4 0 388 3435 2505 1990 
9541 4 0 2397 2063 420 585 
9542 4 0 2073 2488 2423 2731 
9543 4 0 720 3306 4369 719 
9544 4 0 739 2371 404 2012 
9545 4 0 2006 1882 1439 734 
9546 4 0 2344 710 3249 3833 
9547 4 0 1706 3323 2083 4143 
9548 4 0 1044 3370 2210 3332 
9549 4 0 1039 3332 3370 1044 
9550 4 0 3388 3332 2559 4450 
9551 4 0 3333 3478 3313 1000 
9552 4 0 3333 3447 1000 3313 
9553 4 0 2195 643 2270 1577 
9554 4 0 3707 2592 3425 325 
9555 4 0 3580 2405 1123 1247 
9556 4 0 2595 2667 3980 2350 
9557 4 0 4296 1631 1735 3326 
9558 4 0 2094 615 4307 3248 
9559 4 0 1875 804 4200 615 
9560 4 0 3522 746 3857 4389 
9561 4 0 4223 4139 2575 2461 
9562 4 0 1235 2115 3335 4603 
9563 4 0 367 943 1851 3469 
9564 4 0 943 954 1851 3469 
9565 4 0 943 2104 954 3469 
9566 4 0 367 2104 943 3469 
9567 4 0 2599 2636 2316 3938 
9568 4 0 448 3856 2475 259 
9569 4 0 4001 985 3149 3291 
9570 4 0 4001 985 2992 3149 
9571 4 0 1337 2692 1816 4205 
9572 4 0 1337 1816 2692 2541 
9573 4 0 2913 3898 3552 3038 
9574 4 0 2528 2659 2826 3870 
9575 4 0 2826 2659 3322 3179 
9576 4 0 2397 3539 585 420 
9577 4 0 1182 1610 2849 2632 
9578 4 0 3096 923 3584 4537 
9579 4 0 3339 3809 2363 997 
9580 4 0 4116 2247 271 3415 
9581 4 0 2219 2595 2279 3102 
9582 4 0 2079 3906 3536 3662 
9583 4 0 1986 532 3536 3906 
9584 4 0 1947 129 2338 3203 
9585 4 0 2924 129 2338 1946 
9586 4 0 579 3340 612 1025 
9587 4 0 2412 1548 2317 2164 
9588 4 0 747 3201 746 2946 
9589 4 0 747 746 3201 2998 
9590 4 0 1878 3773 4131 986 
9591 4 0 3099 2753 2137 3471 
9592 4 0 3941 3721 3764 4434 
9593 4 0 2993 3850 1851 3533 
9594 4 0 2993 3374 2189 552 
9595 4 0 3341 1575 421 1385 
9596 4 0 2777 2297 392 461 
9597 4 0 1385 3673 2383 421 
9598 4 0 2065 3820 3225 2338 
9599 4 0 397 2225 2899 3432 
9600 4 0 3947 3852 2101 3513 
9601 4 0 3004 2795 3855 3085 
9602 4 0 1856 2748 3894 3525 
9603 4 0 351 2064 2635 3116 
9604 4 0 3676 791 2612 1177 
9605 4 0 1362 1361 2784 124 
9606 4 0 266 3113 3969 2685 
9607 4 0 3237 3398 458 2878 
9608 4 0 2653 3529 3726 1954 
9609 4 0 1954 3529 3726 2356 
9610 4 0 3645 3444 2024 2954 
9611 4 0 3970 2745 2061 1540 
9612 4 0 3444 2584 2024 2954 
9613 4 0 4204 3419 2852 1167 
9614 4 0 3419 4204 2852 4210 
9615 4 0 4588 2427 4116 3344 
9616 4 0 3025 3491 2652 563 
9617 4 0 1441 3933 3420 4191 
9618 4 0 3983 1027 4611 424 
9619 4 0 1973 1316 1677 428 
9620 4 0 2040 768 2155 1588 
9621 4 0 435 2155 2040 768 
9622 4 0 2042 454 1623 2967 
9623 4 0 2927 2903 3178 3560 
9624 4 0 3175 2734 2662 4506 
9625 4 0 2142 750 3406 3650 
9626 4 0 2370 368 2628 2441 
9627 4 0 1073 2166 3000 1306 
9628 4 0 2329 2166 1734 1306 
9629 4 0 3280 1991 2694 2120 
9630 4 0 4323 440 143 1287 
9631 4 0 2944 2671 2490 590 
9632 4 0 1084 3348 2763 662 
9633 4 0 3213 2720 1253 2916 
9634 4 0 1545 2412 2503 1548 
9635 4 0 2813 2461 462 3546 
9636 4 0 584 685 3135 400 
9637 4 0 3439 1487 1987 2479 
9638 4 0 1987 3439 3333 1805 
9639 4 0 2827 2394 3619 1731 
9640 4 0 3490 2795 2767 3628 
9641 4 0 3335 3628 2795 3490 
9642 4 0 2213 1235 1507 1839 
9643 4 0 3407 3408 4032 3109 
9644 4 0 2164 1364 4236 4312 
9645 4 0 2503 1987 825 3333 
9646 4 0 1805 2943 2292 1987 
9647 4 0 702 1020 2864 2598 
9648 4 0 606 2372 1986 2438 
9649 4 0 2678 2541 3249 2085 
9650 4 0 1354 1681 3427 2631 
9651 4 0 405 3632 900 4152 
9652 4 0 3632 405 900 2853 
9653 4 0 2584 2869 2965 3352 
9654 4 0 3352 2148 1190 2024 
9655 4 0 4115 1903 919 585 
9656 4 0 335 1072 2830 2744 
9657 4 0 422 2234 2587 3382 
9658 4 0 2617 651 1030 415 
9659 4 0 975 4073 2516 1001 
9660 4 0 126 99 1596 2071 
9661 4 0 4532 4226 2736 3068 
9662 4 0 4226 2086 4532 2736 
9663 4 0 2132 1989 2031 675 
9664 4 0 3179 691 2856 3325 
9665 4 0 1258 1968 1288 3282 
9666 4 0 4189 3583 2338 2065 
9667 4 0 3897 2099 2654 2715 
9668 4 0 3217 1339 669 4300 
9669 4 0 3723 1045 2739 1047 
9670 4 0 2739 1045 2429 1047 
9671 4 0 1431 4027 1833 4026 
9672 4 0 1833 4026 4316 1431 
9673 4 0 4180 1326 3709 3304 
9674 4 0 2070 2290 2553 2680 
9675 4 0 712 1014 516 1015 
9676 4 0 4075 2190 1623 2720 
9677 4 0 2720 2042 2190 1623 
9678 4 0 3123 1015 712 516 
9679 4 0 2959 3049 1236 156 
9680 4 0 1013 2381 508 2678 
9681 4 0 4362 3551 1058 601 
9682 4 0 3485 4208 3775 1944 
9683 4 0 2974 3140 2274 2799 
9684 4 0 2857 1334 3283 3026 
9685 4 0 609 1576 3084 3235 
9686 4 0 1513 4004 382 1717 
9687 4 0 1581 1458 1513 382 
9688 4 0 382 4004 1513 1581 
9689 4 0 4421 2740 1266 3294 
9690 4 0 652 151 1947 3203 
9691 4 0 1266 3191 3294 2740 
9692 4 0 1947 129 3203 151 
9693 4 0 3337 3531 2519 3239 
9694 4 0 3012 2282 2563 2925 
9695 4 0 2925 2435 3012 2282 
9696 4 0 2795 2676 3085 2213 
9697 4 0 838 2908 489 4423 
9698 4 0 1905 3224 1442 2202 
9699 4 0 2233 1182 2111 604 
9700 4 0 1032 2053 884 1033 
9701 4 0 3464 4597 3708 633 
9702 4 0 997 2013 2369 2756 
9703 4 0 4597 633 3464 2746 
9704 4 0 1390 2359 1732 3356 
9705 4 0 415 2013 651 2019 
9706 4 0 1966 4485 3449 3357 
9707 4 0 1302 3370 2429 2739 
9708 4 0 821 1450 3430 2318 
9709 4 0 2625 2688 774 3662 
9710 4 0 1942 684 3448 65 
9711 4 0 684 53 2913 3448 
9712 4 0 3099 3889 2753 3471 
9713 4 0 2436 2182 2106 1968 
9714 4 0 3432 1010 397 3140 
9715 4 0 3275 3359 2715 1428 
9716 4 0 178 397 785 3432 
9717 4 0 3439 377 2794 2677 
9718 4 0 2780 2488 4322 1287 
9719 4 0 1939 3262 3594 1199 
9720 4 0 1939 2580 3718 2431 
9721 4 0 1939 3262 3172 3594 
9722 4 0 2959 3049 180 205 
9723 4 0 1320 3049 2959 205 
9724 4 0 2408 3250 2999 1006 
9725 4 0 2408 2999 1817 1006 
9726 4 0 1043 3298 171 144 
9727 4 0 3050 2078 3331 3170 
9728 4 0 1043 3097 179 3298 
9729 4 0 2401 3663 2242 3955 
9730 4 0 1040 3206 618 706 
9731 4 0 1786 4187 2690 3272 
9732 4 0 2838 2392 3765 2397 
9733 4 0 2001 2085 2678 3249 
9734 4 0 2630 1948 428 3748 
9735 4 0 3048 428 3748 1565 
9736 4 0 1565 1689 2630 3748 
9737 4 0 3112 2414 1739 2880 
9738 4 0 1739 1361 3112 2784 
9739 4 0 3589 2148 3595 4534 
9740 4 0 2304 2525 1635 2138 
9741 4 0 4359 867 3938 3171 
9742 4 0 3639 2228 2754 2515 
9743 4 0 2023 2715 3429 1250 
9744 4 0 2168 3178 4092 4137 
9745 4 0 1920 4092 3178 4137 
9746 4 0 2089 3439 377 1019 
9747 4 0 2566 3344 3877 4116 
9748 4 0 2091 1915 3280 2482 
9749 4 0 2384 2796 2073 3665 
9750 4 0 2482 3280 3730 1915 
9751 4 0 4116 271 2247 2427 
9752 4 0 4541 3669 3268 818 
9753 4 0 1175 3146 2489 2174 
9754 4 0 3604 3459 1940 3266 
9755 4 0 1230 596 597 1338 
9756 4 0 961 2073 3705 2354 
9757 4 0 605 3160 617 1261 
9758 4 0 617 2557 3160 605 
9759 4 0 1072 1199 2830 2744 
9760 4 0 1052 787 1897 397 
9761 4 0 1203 4267 2727 2688 
9762 4 0 1062 1148 2727 2688 
9763 4 0 3691 3103 415 2467 
9764 4 0 385 3091 1502 4382 
9765 4 0 385 4382 1502 2426 
9766 4 0 3368 3455 729 2464 
9767 4 0 3282 2188 1764 918 
9768 4 0 3683 3280 3559 3105 
9769 4 0 266 3349 3969 4596 
9770 4 0 1746 167 391 1264 
9771 4 0 1746 783 167 1264 
9772 4 0 2320 14 2448 3653 
9773 4 0 1046 3842 3556 4240 
9774 4 0 2073 2731 961 3705 
9775 4 0 2317 1877 380 4222 
9776 4 0 2782 2860 1547 3017 
9777 4 0 4070 2860 2782 4313 
9778 4 0 3947 3852 3513 414 
9779 4 0 760 885 2375 1196 
9780 4 0 414 3513 3947 4479 
9781 4 0 4479 3947 414 4478 
9782 4 0 1489 1653 3994 2638 
9783 4 0 2435 2023 2222 2008 
9784 4 0 2023 3429 2435 1250 
9785 4 0 3370 916 3552 2495 
9786 4 0 3370 2913 3552 916 
9787 4 0 2194 1344 1475 2567 
9788 4 0 2330 1557 2578 3379 
9789 4 0 3436 4438 462 2813 
9790 4 0 3176 2813 852 3436 
9791 4 0 218 1508 234 818 
9792 4 0 3436 2813 462 2420 
9793 4 0 3202 2918 3542 3639 
9794 4 0 2473 515 125 3798 
9795 4 0 515 2473 125 2483 
9796 4 0 3428 1607 2286 1857 
9797 4 0 470 441 2695 2389 
9798 4 0 3641 3414 695 3642 
9799 4 0 3585 4142 2474 2083 
9800 4 0 3587 2436 2416 2182 
9801 4 0 3955 4458 2242 1168 
9802 4 0 1653 3899 2636 1178 
9803 4 0 3164 2839 2987 3382 
9804 4 0 1214 579 1025 3340 
9805 4 0 1703 4374 3529 406 
9806 4 0 2794 1987 1023 618 
9807 4 0 439 2794 618 1987 
9808 4 0 1019 1987 2794 439 
9809 4 0 2993 3374 2620 3533 
9810 4 0 3922 595 3321 3109 
9811 4 0 3775 956 755 952 
9812 4 0 515 2880 2897 2671 
9813 4 0 2897 515 3798 2880 
9814 4 0 3235 2472 4071 609 
9815 4 0 1191 3732 4289 2904 
9816 4 0 3466 3805 521 2849 
9817 4 0 2356 3529 2694 1551 
9818 4 0 546 4514 2167 2003 
9819 4 0 4514 2003 4158 2167 
9820 4 0 546 4514 2003 2221 
9821 4 0 575 4455 3561 398 
9822 4 0 628 401 2682 2582 
9823 4 0 4514 4158 4490 2167 
9824 4 0 575 398 3561 2717 
9825 4 0 2194 2496 1904 2314 
9826 4 0 1291 928 2085 1851 
9827 4 0 2772 1021 3953 971 
9828 4 0 3357 4484 989 3449 
9829 4 0 4401 3381 632 633 
9830 4 0 3381 633 566 632 
9831 4 0 3585 4142 2791 597 
9832 4 0 1311 1273 784 1299 
9833 4 0 2617 766 415 761 
9834 4 0 1030 415 3103 761 
9835 4 0 431 4045 2520 3892 
9836 4 0 2149 327 2981 318 
9837 4 0 1286 4185 3542 2515 
9838 4 0 4082 1311 2695 1273 
9839 4 0 3471 2844 111 3041 
9840 4 0 137 3889 3471 111 
9841 4 0 3680 2353 1381 2677 
9842 4 0 3633 2136 4305 962 
9843 4 0 3384 1778 2073 948 
9844 4 0 3384 2073 1611 3665 
9845 4 0 3596 2948 3453 3044 
9846 4 0 548 3375 936 3386 
9847 4 0 1537 903 3177 4150 
9848 4 0 1337 1816 2541 2872 
9849 4 0 4331 764 1033 2053 
9850 4 0 494 3684 1313 2758 
9851 4 0 3849 2106 2436 4325 
9852 4 0 1904 1983 963 1601 
9853 4 0 4017 1983 1601 963 
9854 4 0 3686 2655 3541 982 
9855 4 0 3686 3396 3541 2655 
9856 4 0 2783 3396 1085 2655 
9857 4 0 3770 3792 1083 629 
9858 4 0 3474 2335 1843 3163 
9859 4 0 3082 3666 3467 2262 
9860 4 0 2703 2262 3082 3467 
9861 4 0 1126 3456 4551 1904 
9862 4 0 1459 452 1297 3969 
9863 4 0 1297 3969 246 1459 
9864 4 0 2838 2397 3453 2103 
9865 4 0 4166 2742 146 172 
9866 4 0 3391 2874 73 2832 
9867 4 0 1675 3391 77 2832 
9868 4 0 3391 3267 796 73 
9869 4 0 1962 2915 2131 2947 
9870 4 0 2475 3393 1662 2725 
9871 4 0 2759 3868 1807 1579 
9872 4 0 818 3268 4541 1508 
9873 4 0 1508 4511 4541 818 
9874 4 0 2241 2325 1286 2604 
9875 4 0 2604 1286 2241 2669 
9876 4 0 3271 637 4308 2646 
9877 4 0 3271 3154 4308 637 
9878 4 0 2515 2228 1424 848 
9879 4 0 3130 2845 3240 4545 
9880 4 0 3498 1792 504 1462 
9881 4 0 958 1324 1007 3525 
9882 4 0 3096 4000 3331 1228 
9883 4 0 1227 923 4000 3096 
9884 4 0 4423 798 3278 489 
9885 4 0 3278 489 798 4402 
9886 4 0 837 104 120 2757 
9887 4 0 2997 3932 2434 2444 
9888 4 0 2850 2316 3461 3938 
9889 4 0 3310 2702 2643 861 
9890 4 0 2238 3423 3397 2336 
9891 4 0 47 1560 3399 1788 
9892 4 0 1786 2690 607 1036 
9893 4 0 4187 607 2406 3723 
9894 4 0 2690 1786 607 4187 
9895 4 0 3528 2991 1075 3250 
9896 4 0 933 830 2436 2395 
9897 4 0 830 933 2436 3251 
9898 4 0 2156 3768 3717 1104 
9899 4 0 932 2137 1496 2702 
9900 4 0 931 932 2137 1496 
9901 4 0 1287 440 143 2488 
9902 4 0 440 4322 1978 2488 
9903 4 0 2878 458 1919 2212 
9904 4 0 2740 533 499 534 
9905 4 0 534 535 3784 813 
9906 4 0 534 4014 813 3613 
9907 4 0 773 2946 926 501 
9908 4 0 3898 1995 3038 626 
9909 4 0 1431 4026 4462 4027 
9910 4 0 624 1646 3222 4414 
9911 4 0 3467 979 3666 2971 
9912 4 0 3651 623 2638 4138 
9913 4 0 1056 33 2033 2950 
9914 4 0 2354 2981 2834 337 
9915 4 0 3049 2959 180 156 
9916 4 0 1186 3442 2891 3385 
9917 4 0 545 3442 2586 1910 
9918 4 0 387 1512 3157 4448 
9919 4 0 387 4448 4601 1512 
9920 4 0 553 2472 2705 276 
9921 4 0 4476 4084 1821 2347 
9922 4 0 2472 609 2705 276 
9923 4 0 1114 2327 3261 1321 
9924 4 0 1644 2840 3235 4071 
9925 4 0 2036 4273 1650 2274 
9926 4 0 756 1398 3238 1400 
9927 4 0 508 1530 1532 1013 
9928 4 0 1445 2958 861 3310 
9929 4 0 2170 2557 3160 4002 
9930 4 0 4289 2751 1948 3748 
9931 4 0 679 3507 3408 2763 
9932 4 0 3879 3507 3408 679 
9933 4 0 1125 645 3228 3133 
9934 4 0 3133 1125 645 3755 
9935 4 0 1390 2459 1379 3453 
9936 4 0 3464 551 2746 3334 
9937 4 0 3410 1536 3803 2986 
9938 4 0 538 485 2562 496 
9939 4 0 496 538 485 2767 
9940 4 0 3409 370 3308 4376 
9941 4 0 2483 2478 3001 515 
9942 4 0 2403 3409 4377 1002 
9943 4 0 3998 737 3035 1471 
9944 4 0 1471 737 4069 3995 
9945 4 0 2196 3255 3365 2672 
9946 4 0 3410 3826 1536 2986 
9947 4 0 180 3410 3049 156 
9948 4 0 3186 2768 4544 2526 
9949 4 0 3273 4168 117 89 
9950 4 0 1601 3019 2294 2334 
9951 4 0 3019 2334 143 3517 
9952 4 0 4472 2999 3262 1939 
9953 4 0 4276 1048 2470 2393 
9954 4 0 2788 4064 2058 3544 
9955 4 0 2151 3601 4594 1584 
9956 4 0 4594 1584 1667 2151 
9957 4 0 3010 4552 522 1955 
9958 4 0 4600 3097 1512 2779 
9959 4 0 3614 2409 484 379 
9960 4 0 2757 1512 3097 2779 
9961 4 0 3614 3430 2405 3258 
9962 4 0 3592 3091 3188 2264 
9963 4 0 837 2757 3097 2779 
9964 4 0 3473 2410 3257 983 
9965 4 0 2875 849 3257 3473 
9966 4 0 4386 1200 1562 2774 
9967 4 0 2935 2774 1562 1200 
9968 4 0 2410 983 3473 2069 
9969 4 0 3449 4485 989 3357 
9970 4 0 640 1618 3962 723 
9971 4 0 3815 4083 3863 1965 
9972 4 0 1533 368 19 3475 
9973 4 0 2380 459 3231 2144 
9974 4 0 2955 2651 3546 3305 
9975 4 0 2494 2376 3601 2141 
9976 4 0 4111 457 2100 3551 
9977 4 0 2252 4111 3551 457 
9978 4 0 4507 1016 3619 2972 
9979 4 0 3270 3798 2805 4179 
9980 4 0 2589 410 864 2114 
9981 4 0 2736 2086 2336 4226 
9982 4 0 2085 2678 1291 2001 
9983 4 0 2485 2148 2197 405 
9984 4 0 65 684 3448 53 
9985 4 0 3370 684 2913 3448 
9986 4 0 3338 4322 1978 440 
9987 4 0 148 783 877 167 
9988 4 0 1725 2369 2059 577 
9989 4 0 1725 416 2059 2369 
9990 4 0 865 2626 368 5 
9991 4 0 737 674 1881 1471 
9992 4 0 737 1881 3035 1471 
9993 4 0 3372 2967 2668 1097 
9994 4 0 2765 4486 3347 3863 
9995 4 0 2988 3863 3347 2430 
9996 4 0 2349 2491 2628 570 
9997 4 0 4345 369 1078 3330 
9998 4 0 2152 1842 456 2525 
9999 4 0 456 1958 2525 1842 
10000 4 0 478 618 2794 1040 
10001 4 0 408 1461 2371 466 
10002 4 0 408 3115 742 1825 
10003 4 0 4434 1647 4435 3764 
10004 4 0 1000 2257 3478 4375 
10005 4 0 3478 2257 1587 4375 
10006 4 0 663 2027 2211 4249 
10007 4 0 4249 2211 531 2027 
10008 4 0 3895 4604 2957 2767 
10009 4 0 3479 1030 1035 3103 
10010 4 0 1030 761 3479 2617 
10011 4 0 3039 184 2468 586 
10012 4 0 3114 2500 3935 3055 
10013 4 0 435 3358 460 528 
10014 4 0 2582 2160 401 2682 
10015 4 0 2878 4342 3417 868 
10016 4 0 3417 2032 4342 2878 
10017 4 0 3212 3337 2487 1107 
10018 4 0 2196 3451 1182 3263 
10019 4 0 2680 669 3246 2553 
10020 4 0 2654 3897 2487 2211 
10021 4 0 1061 1240 4344 4353 
10022 4 0 4104 3480 1911 2776 
10023 4 0 4104 3480 2776 4094 
10024 4 0 3139 3259 1944 3485 
10025 4 0 3322 3179 2496 2826 
10026 4 0 2662 1554 2734 1553 
10027 4 0 2938 2604 1286 2325 
10028 4 0 3923 1577 3063 1549 
10029 4 0 2992 2043 3149 985 
10030 4 0 3201 2517 3080 3614 
10031 4 0 3149 480 3291 985 
10032 4 0 3874 2769 3240 2845 
10033 4 0 218 1508 818 202 
10034 4 0 484 4088 2405 2790 
10035 4 0 3356 2103 3539 2359 
10036 4 0 2207 3743 2961 1751 
10037 4 0 2961 670 1841 3743 
10038 4 0 4491 201 520 1649 
10039 4 0 311 2820 1511 303 
10040 4 0 3163 2074 1843 3687 
10041 4 0 1751 3743 2961 1841 
10042 4 0 3687 2074 1843 2564 
10043 4 0 3422 3275 1270 3862 
10044 4 0 2223 2181 368 2626 
10045 4 0 1881 674 3413 1471 
10046 4 0 1937 3545 3230 1963 
10047 4 0 4456 1371 3728 528 
10048 4 0 3358 460 528 3728 
10049 4 0 187 435 528 3358 
10050 4 0 2074 2564 3627 1546 
10051 4 0 528 3358 4456 187 
10052 4 0 4451 984 1642 4103 
10053 4 0 3330 1058 1063 4345 
10054 4 0 3429 3073 969 1528 
10055 4 0 3588 2458 507 412 
10056 4 0 2868 4538 1847 956 
10057 4 0 507 412 2868 3588 
10058 4 0 821 3231 1123 2839 
10059 4 0 2342 3451 4403 3371 
10060 4 0 4046 3486 1395 3277 
10061 4 0 2658 2325 2241 1414 
10062 4 0 3512 2734 1730 2662 
10063 4 0 2244 2734 1730 3512 
10064 4 0 2734 2244 3175 3512 
10065 4 0 2618 1729 882 2454 
10066 4 0 1173 444 2118 1327 
10067 4 0 3469 3486 753 1395 
10068 4 0 4464 3486 4046 3277 
10069 4 0 3486 3277 753 1395 
10070 4 0 2118 1173 2246 444 
10071 4 0 543 2611 3001 1140 
10072 4 0 2511 2782 3577 2615 
10073 4 0 2386 3406 2142 3476 
10074 4 0 2245 1454 1779 3768 
10075 4 0 1454 3768 1109 1779 
10076 4 0 1335 4341 570 1105 
10077 4 0 4254 3025 3174 1105 
10078 4 0 3713 3421 1463 1178 
10079 4 0 1178 3713 3421 382 
10080 4 0 2677 377 2378 4185 
10081 4 0 3964 3222 536 1646 
10082 4 0 4116 2247 3344 2427 
10083 4 0 2427 3344 4588 2851 
10084 4 0 2427 4588 2382 2851 
10085 4 0 1280 4204 1840 3817 
10086 4 0 441 3408 2841 662 
10087 4 0 2820 2374 1511 2915 
10088 4 0 4317 3367 4100 4442 
10089 4 0 4442 3367 3808 4317 
10090 4 0 730 210 967 245 
10091 4 0 967 245 2464 730 
10092 4 0 2761 439 618 3402 
10093 4 0 2377 2451 2757 2259 
10094 4 0 2451 2377 4597 551 
10095 4 0 2885 3485 2107 2711 
10096 4 0 2757 2451 3334 2259 
10097 4 0 4498 1782 3958 413 
10098 4 0 413 3958 4498 4123 
10099 4 0 3772 2047 3568 3958 
10100 4 0 3958 971 413 1782 
10101 4 0 3958 3568 3772 4123 
10102 4 0 2631 2385 3427 3290 
10103 4 0 3374 3533 1337 4521 
10104 4 0 4152 405 3632 3697 
10105 4 0 4238 405 3697 446 
10106 4 0 264 240 3934 4126 
10107 4 0 814 2328 4483 284 
10108 4 0 4483 286 284 2328 
10109 4 0 240 904 3934 4126 
10110 4 0 1151 4257 2545 2562 
10111 4 0 2562 1151 4257 554 
10112 4 0 803 2950 636 3154 
10113 4 0 2323 3732 2709 3748 
10114 4 0 3986 2207 1742 1862 
10115 4 0 4289 3732 3088 2751 
10116 4 0 2163 2669 2241 1286 
10117 4 0 3630 2451 2570 2372 
10118 4 0 3451 2432 1020 2598 
10119 4 0 3518 964 4322 2488 
10120 4 0 2614 1186 4080 4519 
10121 4 0 2614 4080 818 4512 
10122 4 0 4519 4080 2614 4512 
10123 4 0 970 1066 118 1826 
10124 4 0 1894 2432 1515 2609 
10125 4 0 1630 3980 2089 2595 
10126 4 0 3018 4082 3321 2388 
10127 4 0 3018 2388 3321 3934 
10128 4 0 2834 2354 3705 2073 
10129 4 0 1131 2922 1595 2463 
10130 4 0 3231 2380 3382 3679 
10131 4 0 2912 1870 3526 3231 
10132 4 0 2912 3679 1870 3231 
10133 4 0 747 773 2315 1207 
10134 4 0 1207 2315 1202 773 
10135 4 0 2526 3492 555 780 
10136 4 0 2995 3492 2526 3150 
10137 4 0 1161 2168 2040 4093 
10138 4 0 2544 2902 3790 1509 
10139 4 0 460 2180 392 435 
10140 4 0 811 999 1214 579 
10141 4 0 811 2937 579 2929 
10142 4 0 1214 1025 3457 3340 
10143 4 0 2422 2833 1455 2961 
10144 4 0 1816 4522 4205 586 
10145 4 0 2341 2207 1862 3108 
10146 4 0 3108 3530 1862 2341 
10147 4 0 1577 797 4425 2664 
10148 4 0 4087 2265 3693 1363 
10149 4 0 3938 867 571 3171 
10150 4 0 3938 867 3365 571 
10151 4 0 386 3737 4444 1503 
10152 4 0 4318 386 3737 4444 
10153 4 0 2679 2513 2561 1031 
10154 4 0 3575 2513 1031 2561 
10155 4 0 2513 1194 2679 2561 
10156 4 0 2740 3940 3191 3754 
10157 4 0 180 3441 3049 3410 
10158 4 0 4195 967 210 4315 
10159 4 0 4280 3049 3714 3441 
10160 4 0 3185 2517 3793 1219 
10161 4 0 2680 3472 3262 3699 
10162 4 0 2886 4552 3010 3376 
10163 4 0 4226 2736 3068 3595 
10164 4 0 1474 3068 2736 3595 
10165 4 0 3362 1474 2736 3595 
10166 4 0 2171 3852 2797 414 
10167 4 0 1978 2424 440 3513 
10168 4 0 440 2424 2802 3513 
10169 4 0 3183 3838 1205 3226 
10170 4 0 2466 1125 3133 3755 
10171 4 0 1764 2931 3600 3179 
10172 4 0 2586 2891 3442 3385 
10173 4 0 3427 2437 2385 2631 
10174 4 0 3427 2717 1251 2437 
10175 4 0 2194 3322 2931 2175 
10176 4 0 2631 2437 2385 2280 
10177 4 0 2574 1381 2096 2163 
10178 4 0 3343 3160 605 3625 
10179 4 0 2245 3768 2747 4380 
10180 4 0 2245 4380 2747 4404 
10181 4 0 1454 1779 3038 2245 
10182 4 0 968 1250 3429 2715 
10183 4 0 2272 4145 1250 2435 
10184 4 0 968 2435 2008 3429 
10185 4 0 2380 2665 3888 1911 
10186 4 0 2612 600 3752 3438 
10187 4 0 3922 441 2389 2695 
10188 4 0 2765 1662 2826 2475 
10189 4 0 1198 3596 2892 4165 
10190 4 0 1662 2826 2911 2765 
10191 4 0 4019 2360 1001 4073 
10192 4 0 975 2360 4073 1001 
10193 4 0 2275 3502 833 3858 
10194 4 0 4518 4513 2275 3502 
10195 4 0 751 782 4026 775 
10196 4 0 492 109 2742 132 
10197 4 0 381 2213 1839 3241 
10198 4 0 2872 2541 2204 1816 
10199 4 0 789 1217 4048 4237 
10200 4 0 4237 4048 3808 1217 
10201 4 0 3469 4470 1395 954 
10202 4 0 954 2692 1851 3533 
10203 4 0 3334 3157 3464 2451 
10204 4 0 1124 2384 1752 3665 
10205 4 0 4236 718 4016 3017 
10206 4 0 1891 2370 4402 3481 
10207 4 0 2007 3481 2370 2956 
10208 4 0 3602 3465 3431 1353 
10209 4 0 1118 1559 4094 4104 
10210 4 0 3891 1600 974 3897 
10211 4 0 2179 3186 2526 662 
10212 4 0 2589 3457 1950 3955 
10213 4 0 807 2164 1417 1364 
10214 4 0 3337 2487 2211 3212 
10215 4 0 2289 1354 1053 3427 
10216 4 0 2289 3427 1053 818 
10217 4 0 2040 2155 2810 767 
10218 4 0 239 4273 254 1650 
10219 4 0 2943 2291 2479 2348 
10220 4 0 2291 2020 3581 2348 
10221 4 0 2488 3518 4017 143 
10222 4 0 1759 143 2488 1983 
10223 4 0 2983 3270 2321 3919 
10224 4 0 2678 3249 2541 3208 
10225 4 0 2302 3509 3270 3297 
10226 4 0 1925 3543 3476 4023 
10227 4 0 3981 3011 556 366 
10228 4 0 3175 2244 1737 3512 
10229 4 0 1285 1513 4004 1581 
10230 4 0 295 2453 3462 285 
10231 4 0 3808 3367 4237 1217 
10232 4 0 681 2316 2636 3383 
10233 4 0 681 2316 1081 2636 
10234 4 0 3710 4332 4006 3320 
10235 4 0 1622 2859 3092 1012 
10236 4 0 247 3358 1338 897 
10237 4 0 2283 1776 529 2049 
10238 4 0 3006 3330 2199 369 
10239 4 0 766 562 415 761 
10240 4 0 4075 1623 2190 1706 
10241 4 0 1538 582 583 2623 
10242 4 0 665 3477 2893 3970 
10243 4 0 4023 3543 3476 3801 
10244 4 0 829 937 2544 2246 
10245 4 0 2911 2591 3599 2826 
10246 4 0 4541 2588 3669 2614 
10247 4 0 3669 1325 2588 4541 
10248 4 0 669 2553 2680 3217 
10249 4 0 482 3659 2414 3257 
10250 4 0 1470 3257 849 482 
10251 4 0 2826 2765 2988 3599 
10252 4 0 617 3160 3062 1261 
10253 4 0 1261 2085 3160 3062 
10254 4 0 3370 2739 2159 2210 
10255 4 0 3116 2635 3460 4492 
10256 4 0 2865 536 1997 3303 
10257 4 0 1300 3938 3365 571 
10258 4 0 3938 571 1300 3171 
10259 4 0 3938 3383 3461 1358 
10260 4 0 4288 2660 3151 2896 
10261 4 0 2757 1657 2209 3040 
10262 4 0 2920 3040 4057 2209 
10263 4 0 3271 2025 841 1381 
10264 4 0 2757 2859 2209 1657 
10265 4 0 644 401 2492 794 
10266 4 0 2252 926 2946 501 
10267 4 0 4076 1092 378 1527 
10268 4 0 3372 2668 1605 1097 
10269 4 0 4376 370 3308 12 
10270 4 0 388 533 3892 958 
10271 4 0 3696 792 470 873 
10272 4 0 3801 3543 3476 3811 
10273 4 0 3696 873 470 2858 
10274 4 0 3253 3734 2797 4299 
10275 4 0 3464 633 3381 2746 
10276 4 0 471 40 2335 26 
10277 4 0 3494 2335 3648 3474 
10278 4 0 3853 665 2893 3970 
10279 4 0 765 604 2456 1060 
10280 4 0 1895 4270 1679 1087 
10281 4 0 1895 4316 4270 1087 
10282 4 0 826 2743 402 4206 
10283 4 0 1843 3006 369 3180 
10284 4 0 2454 828 4163 2329 
10285 4 0 909 2582 438 793 
10286 4 0 3333 1805 2292 1987 
10287 4 0 4548 4115 2077 585 
10288 4 0 2815 4115 2077 4548 
10289 4 0 2316 2636 3383 3938 
10290 4 0 2673 244 3256 267 
10291 4 0 503 486 4355 4101 
10292 4 0 503 4355 4358 4101 
10293 4 0 1186 2001 2614 4080 
10294 4 0 485 2767 4201 672 
10295 4 0 2869 4079 3352 4531 
10296 4 0 2657 3352 3762 4531 
10297 4 0 532 3148 4360 1216 
10298 4 0 3960 1810 3892 4045 
10299 4 0 3408 3109 3407 3922 
10300 4 0 54 46 800 2433 
10301 4 0 4424 800 2433 54 
10302 4 0 4424 489 2433 800 
10303 4 0 1178 1386 1463 3731 
10304 4 0 397 2280 2437 1052 
10305 4 0 3552 916 1302 2495 
10306 4 0 208 2895 1935 2422 
10307 4 0 3914 2895 3199 208 
10308 4 0 4494 2036 3140 1457 
10309 4 0 1613 1387 4396 626 
10310 4 0 1464 3524 846 3721 
10311 4 0 1845 1514 2503 2257 
10312 4 0 2792 4135 2770 3508 
10313 4 0 2648 70 59 3066 
10314 4 0 1103 1102 475 3687 
10315 4 0 1056 3020 2970 1578 
10316 4 0 1577 2195 2849 2270 
10317 4 0 1224 1541 3738 2927 
10318 4 0 1225 1685 2927 2514 
10319 4 0 2514 1685 2927 1687 
10320 4 0 1330 312 1017 2811 
10321 4 0 4192 3667 409 1446 
10322 4 0 358 2861 1180 419 
10323 4 0 795 4188 2861 358 
10324 4 0 795 4188 627 2861 
10325 4 0 3832 3788 3840 2139 
10326 4 0 865 3038 2448 1451 
10327 4 0 3347 3147 2765 2088 
10328 4 0 3147 3347 4049 585 
10329 4 0 1099 2791 3585 2799 
10330 4 0 2437 530 1402 2562 
10331 4 0 4352 2946 378 773 
10332 4 0 747 3201 484 2405 
10333 4 0 2946 4076 378 1527 
10334 4 0 1987 1023 825 2677 
10335 4 0 805 825 374 2677 
10336 4 0 2110 4111 1057 772 
10337 4 0 3164 1639 3789 3382 
10338 4 0 3766 934 4489 835 
10339 4 0 3668 2976 3689 2821 
10340 4 0 2976 3022 2821 3668 
10341 4 0 2410 481 2043 985 
10342 4 0 1861 2618 2205 3669 
10343 4 0 3119 1232 2806 3531 
10344 4 0 1604 3640 647 2334 
10345 4 0 1412 2175 526 2334 
10346 4 0 3390 2247 1213 3090 
10347 4 0 764 1032 1780 2400 
10348 4 0 1423 2594 1953 2606 
10349 4 0 1573 3405 3715 796 
10350 4 0 2896 2660 3187 3083 
10351 4 0 3461 3717 3061 2316 
10352 4 0 2860 4070 2782 1366 
10353 4 0 836 799 2836 4420 
10354 4 0 2071 2920 2919 2936 
10355 4 0 2295 583 2477 2623 
10356 4 0 3980 3439 1019 2479 
10357 4 0 4119 3476 4023 1925 
10358 4 0 1261 3062 617 2611 
10359 4 0 2794 844 1373 2761 
10360 4 0 1080 1990 366 3011 
10361 4 0 1572 2515 3646 371 
10362 4 0 2536 1186 508 3385 
10363 4 0 3421 4141 1581 1049 
10364 4 0 3421 1458 1581 382 
10365 4 0 4332 1030 1035 3479 
10366 4 0 1030 3479 4332 2617 
10367 4 0 1035 4332 2892 1030 
10368 4 0 2564 3571 1546 2409 
10369 4 0 1734 3534 4133 2329 
10370 4 0 2255 3099 1718 3889 
10371 4 0 3602 2509 602 3949 
10372 4 0 2639 3459 1075 2408 
10373 4 0 3528 3250 1075 2408 
10374 4 0 4343 2178 1360 4340 
10375 4 0 3459 3528 1075 2408 
10376 4 0 1363 4087 1739 1361 
10377 4 0 2526 4542 3161 4290 
10378 4 0 4543 3161 2995 3492 
10379 4 0 4155 3444 2308 3645 
10380 4 0 3388 1044 856 2210 
10381 4 0 700 2559 1038 856 
10382 4 0 4450 1038 2559 856 
10383 4 0 3213 2916 1253 1255 
10384 4 0 3286 3932 2997 3537 
10385 4 0 2000 2047 2296 465 
10386 4 0 222 394 1142 516 
10387 4 0 222 394 516 1741 
10388 4 0 3513 2796 2047 519 
10389 4 0 3347 4486 4607 3863 
10390 4 0 4574 2059 1725 416 
10391 4 0 4063 3803 1236 3993 
10392 4 0 3683 3559 2770 395 
10393 4 0 2430 4547 2417 1511 
10394 4 0 4245 814 812 2430 
10395 4 0 2297 3563 1911 2332 
10396 4 0 1911 2332 2236 3032 
10397 4 0 606 2917 4283 4393 
10398 4 0 4098 560 3280 140 
10399 4 0 3466 4203 563 1896 
10400 4 0 918 4074 1223 1538 
10401 4 0 2205 2385 3669 2588 
10402 4 0 3381 3398 632 566 
10403 4 0 4015 2370 3481 4402 
10404 4 0 2373 441 3344 2308 
10405 4 0 702 3120 703 3138 
10406 4 0 3626 3211 3990 2397 
10407 4 0 3332 2739 2210 2559 
10408 4 0 3388 3332 2210 2559 
10409 4 0 1316 3143 1315 3151 
10410 4 0 3412 2221 2711 4006 
10411 4 0 2951 80 2754 3646 
10412 4 0 72 3646 2754 80 
10413 4 0 3866 714 1869 426 
10414 4 0 3752 601 2781 3079 
10415 4 0 3469 954 3850 4470 
10416 4 0 4362 4190 601 3079 
10417 4 0 601 3551 3153 4190 
10418 4 0 2535 3903 1684 3170 
10419 4 0 3170 3903 1684 3331 
10420 4 0 1797 3166 3443 3540 
10421 4 0 3166 1330 1017 3540 
10422 4 0 3775 4468 1944 4208 
10423 4 0 3827 3775 1944 3485 
10424 4 0 485 2562 3836 1353 
10425 4 0 679 2691 3408 3455 
10426 4 0 485 530 3836 2562 
10427 4 0 2793 4225 530 3836 
10428 4 0 1106 3938 4359 3002 
10429 4 0 3627 713 3821 2094 
10430 4 0 3756 3269 2986 3353 
10431 4 0 4379 2037 2300 3478 
10432 4 0 2499 1501 2390 2206 
10433 4 0 2206 2390 3066 1501 
10434 4 0 2499 1501 2206 770 
10435 4 0 854 2390 3648 48 
10436 4 0 2390 2227 3648 48 
10437 4 0 59 854 48 2390 
10438 4 0 3950 3784 681 3071 
10439 4 0 3383 681 3071 2636 
10440 4 0 2353 3271 2163 2033 
10441 4 0 1739 3284 1363 2128 
10442 4 0 1330 3166 1797 3540 
10443 4 0 2811 1330 334 3540 
10444 4 0 1298 3358 3553 247 
10445 4 0 247 3553 3828 1338 
10446 4 0 1129 3554 541 765 
10447 4 0 3554 378 3446 2111 
10448 4 0 3554 1129 2738 765 
10449 4 0 2037 1514 2503 2510 
10450 4 0 3583 3736 2364 2449 
10451 4 0 2413 4053 1156 3075 
10452 4 0 2847 2085 2150 1261 
10453 4 0 710 2085 2847 1261 
10454 4 0 2847 4003 2633 2150 
10455 4 0 2536 1186 3385 544 
10456 4 0 2342 2554 3063 3923 
10457 4 0 1353 4432 538 3022 
10458 4 0 3696 385 3008 4145 
10459 4 0 2836 1893 2807 3398 
10460 4 0 2807 1893 632 3398 
10461 4 0 2548 3260 771 4011 
10462 4 0 3605 2345 2818 3112 
10463 4 0 3605 3112 2818 2387 
10464 4 0 2184 3696 385 470 
10465 4 0 2331 2809 3335 3145 
10466 4 0 3145 862 2809 3335 
10467 4 0 3111 1932 3620 4055 
10468 4 0 1932 4055 3782 3620 
10469 4 0 2801 449 2922 2940 
10470 4 0 392 769 434 2180 
10471 4 0 821 1868 3065 717 
10472 4 0 2876 582 3733 2287 
10473 4 0 2551 2634 1924 2989 
10474 4 0 3192 3445 778 3238 
10475 4 0 3878 3247 1984 2082 
10476 4 0 2596 983 398 575 
10477 4 0 4535 1329 1016 1326 
10478 4 0 3227 3756 3392 3269 
10479 4 0 1498 3580 2134 1246 
10480 4 0 403 2752 2705 524 
10481 4 0 484 2405 3580 2790 
10482 4 0 1246 3580 2405 1498 
10483 4 0 3762 3751 2965 3352 
10484 4 0 2924 4189 2338 129 
10485 4 0 3790 4302 2544 4306 
10486 4 0 122 3773 91 1811 
10487 4 0 3684 2758 494 2521 
10488 4 0 3879 3408 3493 4113 
10489 4 0 2828 3270 2312 3919 
10490 4 0 426 714 716 3866 
10491 4 0 4332 4006 2484 4565 
10492 4 0 2484 4006 548 4565 
10493 4 0 2878 1919 1502 2426 
10494 4 0 3141 1215 3633 3317 
10495 4 0 273 4174 1861 3290 
10496 4 0 2390 1218 2499 1220 
10497 4 0 3771 1220 3180 2499 
10498 4 0 1220 3771 1218 2499 
10499 4 0 2511 2615 3577 1331 
10500 4 0 1898 2967 1472 2176 
10501 4 0 1231 2442 3552 3038 
10502 4 0 916 1231 2442 3552 
10503 4 0 3038 2442 2448 2649 
10504 4 0 2524 3149 3778 2987 
10505 4 0 2369 2250 3809 651 
10506 4 0 2369 997 3339 3655 
10507 4 0 3339 577 2369 3655 
10508 4 0 3498 4026 4270 504 
10509 4 0 4316 4026 4270 3498 
10510 4 0 3349 2668 3969 2968 
10511 4 0 1263 4452 2449 2717 
10512 4 0 4026 1792 3498 1431 
10513 4 0 445 1665 2666 3623 
10514 4 0 2666 900 445 3623 
10515 4 0 2336 2736 465 3779 
10516 4 0 4153 1123 3430 3258 
10517 4 0 1053 3427 398 818 
10518 4 0 552 1682 2993 3072 
10519 4 0 3331 1684 3170 2457 
10520 4 0 2073 2981 2354 961 
10521 4 0 4080 508 399 1664 
10522 4 0 2596 4080 173 398 
10523 4 0 2354 965 337 2834 
10524 4 0 3125 2361 2379 2205 
10525 4 0 3125 2379 2280 2205 
10526 4 0 3658 2829 3499 914 
10527 4 0 4304 3433 4245 2674 
10528 4 0 814 3433 4245 4483 
10529 4 0 4277 1115 2651 1117 
10530 4 0 609 2705 524 2472 
10531 4 0 1888 2347 3069 1391 
10532 4 0 3451 2326 2432 2598 
10533 4 0 4137 929 3570 2168 
10534 4 0 3460 2635 869 4492 
10535 4 0 4503 3232 2304 2525 
10536 4 0 2273 2755 4185 4407 
10537 4 0 2434 3924 3286 3501 
10538 4 0 942 2911 2591 3599 
10539 4 0 942 3599 2591 3314 
10540 4 0 1340 1462 1593 3812 
10541 4 0 4081 1462 1340 3812 
10542 4 0 363 1968 3282 2125 
10543 4 0 3404 1706 4143 4128 
10544 4 0 3694 497 1801 3130 
10545 4 0 3063 4203 563 3466 
10546 4 0 4203 1022 3466 3063 
10547 4 0 3381 3464 566 633 
10548 4 0 2550 690 4493 2081 
10549 4 0 1979 1848 3156 3267 
10550 4 0 2506 3267 796 1848 
10551 4 0 3201 484 2405 3614 
10552 4 0 4594 3797 4286 3794 
10553 4 0 3423 3589 3595 4226 
10554 4 0 2494 2141 3601 4150 
10555 4 0 1584 2376 3573 2151 
10556 4 0 331 323 2303 2034 
10557 4 0 639 2520 3525 1513 
10558 4 0 2520 432 1513 639 
10559 4 0 2825 3293 3062 881 
10560 4 0 2919 2605 1011 3086 
10561 4 0 675 488 1989 2031 
10562 4 0 2193 2963 624 1386 
10563 4 0 3286 3480 1221 3260 
10564 4 0 3938 3365 867 1908 
10565 4 0 3997 2763 3879 679 
10566 4 0 3365 2672 867 1908 
10567 4 0 410 3299 2589 2401 
10568 4 0 1681 2717 2437 2035 
10569 4 0 2437 1355 1681 2035 
10570 4 0 1081 2599 2850 2214 
10571 4 0 2969 3926 3297 2117 
10572 4 0 3508 3530 1862 2792 
10573 4 0 2341 3508 3530 1862 
10574 4 0 177 3508 198 2341 
10575 4 0 124 1361 2784 4054 
10576 4 0 1361 2784 1363 1362 
10577 4 0 2490 3112 2784 590 
10578 4 0 1363 1361 1739 2784 
10579 4 0 2231 917 2209 2757 
10580 4 0 1557 676 3047 4465 
10581 4 0 676 1396 754 1557 
10582 4 0 480 2043 2615 2789 
10583 4 0 3613 3898 3875 4399 
10584 4 0 2896 2660 3083 491 
10585 4 0 4014 4025 3875 4037 
10586 4 0 765 604 1060 3554 
10587 4 0 3256 2964 267 2422 
10588 4 0 2071 2920 2209 917 
10589 4 0 771 4011 2776 1559 
10590 4 0 1261 2611 1996 710 
10591 4 0 2515 2754 3646 371 
10592 4 0 3362 1680 1473 1474 
10593 4 0 3362 1473 819 1474 
10594 4 0 815 2903 584 816 
10595 4 0 2049 2184 529 2283 
10596 4 0 968 2008 3073 3429 
10597 4 0 2391 2124 415 1006 
10598 4 0 2744 415 2580 2391 
10599 4 0 2744 415 2391 1510 
10600 4 0 2744 415 1510 2561 
10601 4 0 3830 2390 1218 48 
10602 4 0 1896 563 3466 3174 
10603 4 0 4351 3586 4136 748 
10604 4 0 453 3913 3874 3129 
10605 4 0 4009 3988 3516 3964 
10606 4 0 1281 3492 2489 780 
10607 4 0 1863 1281 2489 780 
10608 4 0 1286 2515 2758 2658 
10609 4 0 2089 2758 1573 2706 
10610 4 0 2826 2314 2797 2475 
10611 4 0 1718 861 3031 3099 
10612 4 0 2867 3783 2395 3849 
10613 4 0 3783 1797 831 3540 
10614 4 0 3783 2395 3849 3540 
10615 4 0 4283 2917 2821 1612 
10616 4 0 2089 3439 1313 2658 
10617 4 0 726 2808 3694 467 
10618 4 0 467 2226 3863 724 
10619 4 0 1123 4153 3430 2839 
10620 4 0 2642 817 448 1238 
10621 4 0 2822 861 946 2958 
10622 4 0 946 861 1445 2958 
10623 4 0 871 861 1445 946 
10624 4 0 2090 3573 2151 1667 
10625 4 0 1667 3573 4121 2090 
10626 4 0 2151 2376 3573 2090 
10627 4 0 2099 3119 537 2193 
10628 4 0 2670 2627 1687 2225 
10629 4 0 3514 2127 2755 2677 
10630 4 0 3157 387 704 2220 
10631 4 0 2140 3238 1982 3196 
10632 4 0 4382 3091 3592 2264 
10633 4 0 2865 3198 2393 3119 
10634 4 0 2393 2865 3119 536 
10635 4 0 3935 502 2624 3666 
10636 4 0 3055 3666 2971 3935 
10637 4 0 3935 3666 2624 3055 
10638 4 0 1203 4104 4602 1118 
10639 4 0 4104 574 4602 1559 
10640 4 0 3694 1801 2396 2000 
10641 4 0 910 647 2829 3658 
10642 4 0 283 3694 2650 293 
10643 4 0 436 2889 2551 1275 
10644 4 0 326 2889 1275 3324 
10645 4 0 3523 2778 2691 1069 
10646 4 0 3318 3231 3306 2217 
10647 4 0 3050 2903 1665 425 
10648 4 0 41 2471 2913 53 
10649 4 0 41 2913 2471 916 
10650 4 0 610 3177 4295 2653 
10651 4 0 1446 555 3128 3568 
10652 4 0 781 3745 1702 3716 
10653 4 0 2653 3726 3761 3177 
10654 4 0 1732 3619 2827 3691 
10655 4 0 1731 2972 3619 2827 
10656 4 0 721 715 4214 2949 
10657 4 0 3135 3346 898 4227 
10658 4 0 3346 2474 898 4224 
10659 4 0 3346 4224 898 4227 
10660 4 0 26 4367 3163 471 
10661 4 0 527 1333 1338 4274 
10662 4 0 1016 4535 1326 3598 
10663 4 0 3457 1950 2622 1214 
10664 4 0 2097 1085 2783 3200 
10665 4 0 3457 2622 1950 3955 
10666 4 0 2998 3201 3793 746 
10667 4 0 2457 3283 2550 2081 
10668 4 0 1746 168 391 167 
10669 4 0 167 3345 391 1264 
10670 4 0 3516 533 3735 1526 
10671 4 0 533 3516 958 499 
10672 4 0 990 4227 2905 3135 
10673 4 0 3346 2905 4227 3135 
10674 4 0 1325 3669 4174 4541 
10675 4 0 4556 3669 4174 1325 
10676 4 0 3633 2841 2136 2489 
10677 4 0 502 3114 3935 2624 
10678 4 0 3886 3225 3820 2338 
10679 4 0 3510 2067 3283 2496 
10680 4 0 1334 2067 2496 3283 
10681 4 0 3210 2501 506 3760 
10682 4 0 3760 3210 612 506 
10683 4 0 580 506 1090 3013 
10684 4 0 2105 2071 2919 126 
10685 4 0 2071 1011 2920 917 
10686 4 0 2694 3114 3529 3935 
10687 4 0 1181 2520 958 3892 
10688 4 0 1461 466 2296 555 
10689 4 0 3115 4496 408 1461 
10690 4 0 4078 3341 3673 1397 
10691 4 0 3206 618 706 380 
10692 4 0 416 2177 2369 1725 
10693 4 0 1242 2210 2559 2908 
10694 4 0 3508 4135 3530 2792 
10695 4 0 4475 2371 1028 3606 
10696 4 0 4374 4218 2983 3197 
10697 4 0 3529 1187 4374 2983 
10698 4 0 2432 3628 3335 2809 
10699 4 0 3271 4308 3854 2646 
10700 4 0 4004 1777 2255 1717 
10701 4 0 984 2410 564 2234 
10702 4 0 3778 2202 3920 2524 
10703 4 0 4187 1786 4127 3272 
10704 4 0 4187 4127 4148 3272 
10705 4 0 4445 375 1807 3837 
10706 4 0 3754 375 1460 4445 
10707 4 0 1668 2120 2694 4358 
10708 4 0 3849 933 2867 4325 
10709 4 0 933 2395 3849 2867 
10710 4 0 2183 1048 2393 2470 
10711 4 0 3138 2598 2326 2470 
10712 4 0 2305 2949 2128 461 
10713 4 0 1550 2305 1739 940 
10714 4 0 3115 1461 466 413 
10715 4 0 1273 2851 2427 1299 
10716 4 0 1354 1681 3561 3427 
10717 4 0 3561 2717 3427 1681 
10718 4 0 1875 615 4307 714 
10719 4 0 2734 3175 2244 4536 
10720 4 0 1398 3266 1400 3604 
10721 4 0 2230 2331 3263 1182 
10722 4 0 765 604 2331 2456 
10723 4 0 1310 1299 3345 876 
10724 4 0 4228 3209 387 4601 
10725 4 0 435 3358 187 4580 
10726 4 0 3566 2297 2777 3563 
10727 4 0 175 196 2862 1305 
10728 4 0 1309 196 1305 2862 
10729 4 0 3001 1140 2611 2478 
10730 4 0 650 3658 3785 2829 
10731 4 0 750 1122 4279 3650 
10732 4 0 650 2829 3785 2730 
10733 4 0 3322 2496 2194 2826 
10734 4 0 3314 3322 2194 2826 
10735 4 0 4494 178 1010 189 
10736 4 0 2194 2826 3599 3314 
10737 4 0 3646 3639 3542 2918 
10738 4 0 4583 178 189 1010 
10739 4 0 707 618 3562 3402 
10740 4 0 173 2596 3991 159 
10741 4 0 173 575 3991 2596 
10742 4 0 773 484 4385 747 
10743 4 0 4088 4385 484 747 
10744 4 0 1547 2848 2511 1954 
10745 4 0 2295 4074 583 3106 
10746 4 0 340 2295 4074 328 
10747 4 0 2372 3630 2451 606 
10748 4 0 1320 4280 2102 3049 
10749 4 0 3049 2102 1236 2142 
10750 4 0 2142 3803 1236 3049 
10751 4 0 2922 943 2895 3039 
10752 4 0 4320 3672 2613 1621 
10753 4 0 1786 1037 3556 2690 
10754 4 0 2013 3707 2561 415 
10755 4 0 4422 2608 3454 4148 
10756 4 0 1212 1213 959 241 
10757 4 0 2694 486 4355 503 
10758 4 0 1554 2271 2734 1553 
10759 4 0 1626 3151 1316 1315 
10760 4 0 3379 3608 2201 2712 
10761 4 0 3612 2712 3608 3379 
10762 4 0 3335 3263 2326 2432 
10763 4 0 2456 749 1179 1240 
10764 4 0 3198 4249 3609 2865 
10765 4 0 1164 3462 3094 292 
10766 4 0 4018 2073 2796 1978 
10767 4 0 2375 885 2053 884 
10768 4 0 2053 4331 2375 884 
10769 4 0 2711 885 2053 760 
10770 4 0 947 3578 657 1535 
10771 4 0 1654 1535 657 3578 
10772 4 0 1887 742 740 1885 
10773 4 0 1884 1885 742 2565 
10774 4 0 3476 595 2142 2386 
10775 4 0 2195 600 2441 601 
10776 4 0 4508 4173 3532 2863 
10777 4 0 2103 1307 2838 1556 
10778 4 0 4427 2612 4405 42 
10779 4 0 420 4058 3026 1589 
10780 4 0 965 629 358 419 
10781 4 0 4188 419 358 629 
10782 4 0 2452 675 2132 1767 
10783 4 0 2414 4411 482 3643 
10784 4 0 2996 2611 2681 1014 
10785 4 0 1248 369 3163 2199 
10786 4 0 2954 4500 4480 2024 
10787 4 0 1410 779 1697 4086 
10788 4 0 2152 2611 3001 516 
10789 4 0 4327 3587 2355 4515 
10790 4 0 3657 2436 2416 3587 
10791 4 0 1996 4502 1721 516 
10792 4 0 3980 3439 2089 1019 
10793 4 0 1017 3166 2915 1329 
10794 4 0 3166 3540 2915 2311 
10795 4 0 1400 3250 2991 3528 
10796 4 0 4066 2553 1625 2290 
10797 4 0 3460 3054 869 2635 
10798 4 0 2070 2553 1632 3217 
10799 4 0 2999 3250 2991 3262 
10800 4 0 2852 3137 418 3817 
10801 4 0 3894 1856 3525 4013 
10802 4 0 3683 3105 3559 395 
10803 4 0 2479 3581 2877 439 
10804 4 0 3252 3293 4606 881 
10805 4 0 2890 3385 3293 3160 
10806 4 0 3136 4277 2651 1117 
10807 4 0 3582 796 2758 3715 
10808 4 0 610 2653 3761 3177 
10809 4 0 927 3618 3347 4049 
10810 4 0 1730 1553 885 884 
10811 4 0 1486 884 1704 4269 
10812 4 0 3512 1486 2760 4269 
10813 4 0 2618 1160 273 3189 
10814 4 0 3439 2658 2677 2558 
10815 4 0 2526 3161 3307 4062 
10816 4 0 3990 1379 3539 1323 
10817 4 0 704 4426 2906 3157 
10818 4 0 2984 2945 1262 3564 
10819 4 0 1731 1194 3619 2415 
10820 4 0 574 3032 3564 4104 
10821 4 0 3032 574 3564 2984 
10822 4 0 2250 1952 1951 2501 
10823 4 0 3958 3953 2047 971 
10824 4 0 418 1813 1951 2250 
10825 4 0 4474 3876 408 3606 
10826 4 0 2280 1685 2927 1541 
10827 4 0 370 3841 2970 2697 
10828 4 0 370 1159 3841 2697 
10829 4 0 2375 760 2053 885 
10830 4 0 4196 2761 3402 3224 
10831 4 0 2741 1774 3490 2795 
10832 4 0 2341 395 1842 1957 
10833 4 0 3105 395 1957 1842 
10834 4 0 4331 2375 760 2053 
10835 4 0 2414 2983 2880 3270 
10836 4 0 3628 2809 2836 3148 
10837 4 0 546 4564 3412 2053 
10838 4 0 3085 2676 2939 1154 
10839 4 0 385 3091 4382 2264 
10840 4 0 4194 3298 4590 640 
10841 4 0 2041 2107 1292 1640 
10842 4 0 2006 2383 3413 3673 
10843 4 0 2638 4333 3994 372 
10844 4 0 3755 3133 2466 454 
10845 4 0 3099 2702 2643 154 
10846 4 0 2844 1496 2702 3985 
10847 4 0 1985 1129 1723 541 
10848 4 0 3569 2895 2463 3199 
10849 4 0 1324 3525 958 3303 
10850 4 0 958 3303 3525 1754 
10851 4 0 2905 365 445 425 
10852 4 0 1665 1922 2666 3623 
10853 4 0 4158 2167 3483 4490 
10854 4 0 2686 1907 3706 2878 
10855 4 0 4235 2206 1501 770 
10856 4 0 2206 1501 2539 4235 
10857 4 0 767 1964 2205 1161 
10858 4 0 3189 1162 767 2618 
10859 4 0 2205 2618 3189 767 
10860 4 0 1028 1027 404 4475 
10861 4 0 713 3821 2930 3627 
10862 4 0 4605 1610 1608 2632 
10863 4 0 1177 600 2523 2181 
10864 4 0 3688 1996 1261 1789 
10865 4 0 3016 938 1469 3629 
10866 4 0 186 4528 212 2253 
10867 4 0 927 4049 3347 585 
10868 4 0 1313 3439 3825 490 
10869 4 0 3439 1630 3980 2089 
10870 4 0 3571 426 616 716 
10871 4 0 1513 3525 2748 1754 
10872 4 0 3825 3439 1630 3980 
10873 4 0 3128 3677 3568 1461 
10874 4 0 2577 3021 966 2585 
10875 4 0 3340 3760 4263 612 
10876 4 0 3579 4305 1479 3633 
10877 4 0 3673 404 3983 3413 
10878 4 0 3983 424 3413 404 
10879 4 0 4052 881 232 1193 
10880 4 0 4052 1193 3957 881 
10881 4 0 3271 2025 2950 3154 
10882 4 0 2406 2084 1242 1577 
10883 4 0 2384 2149 327 683 
10884 4 0 2149 2981 327 683 
10885 4 0 683 2981 327 337 
10886 4 0 337 683 2981 2834 
10887 4 0 4121 3739 3088 2090 
10888 4 0 3573 1585 3739 2090 
10889 4 0 2833 2579 2895 3569 
10890 4 0 3542 3646 2515 3639 
10891 4 0 1002 3020 2403 3409 
10892 4 0 489 2908 3805 3278 
10893 4 0 3957 3000 4002 3252 
10894 4 0 3252 3293 3160 2890 
10895 4 0 3072 1074 1943 552 
10896 4 0 1320 2102 3511 3373 
10897 4 0 1682 552 4181 1074 
10898 4 0 4588 2373 2382 2851 
10899 4 0 502 3935 2694 3280 
10900 4 0 3114 3935 2694 502 
10901 4 0 502 3280 3666 3935 
10902 4 0 177 3683 3508 2341 
10903 4 0 4279 1122 4280 3650 
10904 4 0 2921 1789 3488 2633 
10905 4 0 1261 2633 1789 2921 
10906 4 0 3488 1724 2921 4234 
10907 4 0 2583 2589 4266 3753 
10908 4 0 3614 2093 1158 1672 
10909 4 0 4038 4063 1236 994 
10910 4 0 3594 3296 3262 3699 
10911 4 0 756 4538 2621 3238 
10912 4 0 3901 366 3981 1239 
10913 4 0 3777 4525 3161 3056 
10914 4 0 3256 2964 2422 2207 
10915 4 0 3803 2142 1236 3993 
10916 4 0 750 3406 3476 2142 
10917 4 0 4111 1057 1059 4350 
10918 4 0 3070 685 3135 4482 
10919 4 0 3582 2758 2521 3715 
10920 4 0 3857 3006 746 2499 
10921 4 0 685 3070 3135 400 
10922 4 0 1905 4191 3155 3224 
10923 4 0 3155 4591 3224 4191 
10924 4 0 1726 3311 599 2451 
10925 4 0 2451 3311 3040 1726 
10926 4 0 747 2946 1206 2315 
10927 4 0 747 1206 4387 2315 
10928 4 0 1206 747 4387 2998 
10929 4 0 2868 4538 956 412 
10930 4 0 4538 412 1401 956 
10931 4 0 3330 2343 4361 600 
10932 4 0 3865 1058 3330 601 
10933 4 0 3330 4361 3865 600 
10934 4 0 1219 3793 3522 3644 
10935 4 0 2974 1099 3585 2799 
10936 4 0 3585 2083 1623 2798 
10937 4 0 2868 3588 1847 668 
10938 4 0 3991 842 983 1466 
10939 4 0 1466 575 983 3991 
10940 4 0 4197 3004 3085 2530 
10941 4 0 265 3415 1213 4319 
10942 4 0 2336 3595 3589 2148 
10943 4 0 416 2333 577 580 
10944 4 0 580 577 2250 3339 
10945 4 0 534 2975 3784 3387 
10946 4 0 3615 4381 2975 3061 
10947 4 0 4295 2653 1537 2511 
10948 4 0 1537 4295 2511 2141 
10949 4 0 3190 2810 890 652 
10950 4 0 1947 3203 3190 652 
10951 4 0 4543 2995 3720 3492 
10952 4 0 4480 4569 2954 2024 
10953 4 0 4047 2329 3590 2307 
10954 4 0 2379 915 4093 252 
10955 4 0 2379 277 261 915 
10956 4 0 434 2297 3566 3563 
10957 4 0 1307 4609 4508 4173 
10958 4 0 820 4550 627 3729 
10959 4 0 820 4550 3835 627 
10960 4 0 1937 3545 2556 3462 
10961 4 0 3462 1937 2339 2556 
10962 4 0 2901 272 3373 2056 
10963 4 0 4228 387 531 698 
10964 4 0 4244 3240 2845 4545 
10965 4 0 3284 1363 1369 2265 
10966 4 0 4302 4251 4058 3483 
10967 4 0 4302 3790 2544 4251 
10968 4 0 4251 2902 3790 2544 
10969 4 0 4251 2902 2544 4058 
10970 4 0 2595 2461 2350 2224 
10971 4 0 2350 2461 2813 2224 
10972 4 0 3330 1063 2343 4345 
10973 4 0 3741 3241 2823 1498 
10974 4 0 1864 2859 1622 1012 
10975 4 0 2711 885 2863 1556 
10976 4 0 1034 2711 2863 3320 
10977 4 0 4325 549 2985 2534 
10978 4 0 2690 607 2406 4187 
10979 4 0 4386 1200 2774 2910 
10980 4 0 2016 2735 1531 2293 
10981 4 0 2221 2484 2711 4006 
10982 4 0 2898 2508 2458 3588 
10983 4 0 2553 3246 2290 4066 
10984 4 0 3343 3860 2170 4002 
10985 4 0 3356 2103 3596 3453 
10986 4 0 3062 881 2165 542 
10987 4 0 802 2977 2376 237 
10988 4 0 2309 4550 3729 627 
10989 4 0 3544 3370 684 2913 
10990 4 0 4103 984 2010 2234 
10991 4 0 4103 984 1670 2010 
10992 4 0 2231 3668 606 2917 
10993 4 0 3886 3225 2338 1911 
10994 4 0 3490 2957 2767 2766 
10995 4 0 3830 2227 48 38 
10996 4 0 4566 1658 3655 2683 
10997 4 0 3476 1385 4463 1432 
10998 4 0 1641 3466 3923 1577 
10999 4 0 3514 4407 939 2353 
11000 4 0 3271 3514 3854 2353 
11001 4 0 3182 3600 697 2659 
11002 4 0 697 3600 2055 3322 
11003 4 0 4431 376 3241 381 
11004 4 0 1018 2538 2097 2812 
11005 4 0 3587 2182 2124 2391 
11006 4 0 2355 3587 2814 4515 
11007 4 0 1834 2579 2833 3569 
11008 4 0 1364 2164 4236 1365 
11009 4 0 439 3562 2080 2269 
11010 4 0 2164 2141 3562 4073 
11011 4 0 1710 2735 1531 736 
11012 4 0 1822 2735 736 1531 
11013 4 0 1710 2735 2293 1531 
11014 4 0 723 2435 3298 3959 
11015 4 0 2210 3370 2739 3332 
11016 4 0 4362 1149 3551 4190 
11017 4 0 724 3433 725 286 
11018 4 0 1416 3206 706 380 
11019 4 0 2234 2108 2587 3382 
11020 4 0 2686 868 2878 3417 
11021 4 0 3195 2528 487 2826 
11022 4 0 4247 4302 4058 3483 
11023 4 0 3333 743 3447 2292 
11024 4 0 2769 3913 3943 1580 
11025 4 0 2414 3659 2075 3257 
11026 4 0 4409 2043 2414 3659 
11027 4 0 849 481 3659 2410 
11028 4 0 1092 2481 2111 4605 
11029 4 0 4409 3659 481 2043 
11030 4 0 699 4585 2371 3606 
11031 4 0 4038 2753 1777 433 
11032 4 0 4038 386 1777 4048 
11033 4 0 2953 2485 3697 3912 
11034 4 0 4238 2485 3912 3697 
11035 4 0 1332 2485 3912 2203 
11036 4 0 936 550 4327 1150 
11037 4 0 4327 550 936 3587 
11038 4 0 1955 522 3835 4552 
11039 4 0 847 3080 1158 2153 
11040 4 0 4518 3766 4595 4489 
11041 4 0 3466 3923 3063 2554 
11042 4 0 2554 3466 3923 1624 
11043 4 0 2767 3501 3004 4211 
11044 4 0 739 404 1439 2012 
11045 4 0 2577 1341 966 3229 
11046 4 0 3038 2156 3613 2747 
11047 4 0 3611 2342 2554 3063 
11048 4 0 2577 3229 966 913 
11049 4 0 2397 3765 2838 3626 
11050 4 0 3765 1738 4144 2838 
11051 4 0 1544 1838 3612 3663 
11052 4 0 2242 3663 3463 3844 
11053 4 0 2967 3133 1898 4554 
11054 4 0 2176 3133 1898 2967 
11055 4 0 3133 1125 1898 4554 
11056 4 0 4553 1475 4272 3376 
11057 4 0 3768 3717 3757 3944 
11058 4 0 3944 3757 4341 3717 
11059 4 0 1478 2137 2049 2255 
11060 4 0 2159 3361 2017 2162 
11061 4 0 2159 3361 2162 3370 
11062 4 0 2148 1680 3595 4534 
11063 4 0 2148 3221 3362 1680 
11064 4 0 1374 1276 3217 1339 
11065 4 0 1374 757 1276 1339 
11066 4 0 892 896 3567 3286 
11067 4 0 896 3480 3286 892 
11068 4 0 3038 1451 1447 2649 
11069 4 0 2583 3299 410 810 
11070 4 0 3434 410 810 2583 
11071 4 0 1428 974 2715 3897 
11072 4 0 2367 3653 626 2913 
11073 4 0 2433 3030 2181 37 
11074 4 0 2433 800 37 46 
11075 4 0 547 3766 2982 1780 
11076 4 0 764 2982 1780 547 
11077 4 0 2440 2685 2218 693 
11078 4 0 2350 2667 1994 2813 
11079 4 0 3646 3639 51 60 
11080 4 0 2834 683 2981 2073 
11081 4 0 2457 2081 4493 3170 
11082 4 0 3669 3268 4174 4541 
11083 4 0 4556 2618 4174 3669 
11084 4 0 2576 3238 2868 1982 
11085 4 0 3146 3317 2585 1341 
11086 4 0 292 3462 1937 285 
11087 4 0 1937 285 3462 2453 
11088 4 0 1774 2795 2766 3490 
11089 4 0 828 2978 992 3669 
11090 4 0 3835 627 1955 820 
11091 4 0 820 627 1955 3729 
11092 4 0 2092 3470 1955 820 
11093 4 0 2307 1067 2734 3050 
11094 4 0 662 3408 2841 2489 
11095 4 0 707 618 2412 3562 
11096 4 0 1416 618 2412 707 
11097 4 0 601 600 3752 2195 
11098 4 0 2809 4390 3148 862 
11099 4 0 1986 2727 2079 2048 
11100 4 0 2066 2673 3936 2207 
11101 4 0 4192 3621 4321 1480 
11102 4 0 1138 1013 2678 2381 
11103 4 0 2952 3357 3697 2402 
11104 4 0 1966 3357 2952 2402 
11105 4 0 3449 2952 3357 4484 
11106 4 0 450 1199 2391 2744 
11107 4 0 450 1690 1319 2923 
11108 4 0 2918 43 3202 33 
11109 4 0 33 3202 2918 2033 
11110 4 0 519 2073 3665 1611 
11111 4 0 2654 2184 1502 2283 
11112 4 0 3696 3008 385 470 
11113 4 0 835 3766 443 3858 
11114 4 0 2878 3239 1502 1919 
11115 4 0 2005 1328 3628 2795 
11116 4 0 513 1054 475 3687 
11117 4 0 1054 513 3474 3687 
11118 4 0 1010 178 2105 4583 
11119 4 0 3303 3819 1008 1269 
11120 4 0 3303 1269 1324 3819 
11121 4 0 2748 3303 2786 4231 
11122 4 0 380 2317 4222 2412 
11123 4 0 2904 4289 1948 3748 
11124 4 0 2527 2321 1187 3078 
11125 4 0 3702 1748 4098 3773 
11126 4 0 3058 2825 508 3249 
11127 4 0 2395 830 2416 2311 
11128 4 0 2250 580 1090 416 
11129 4 0 3186 2179 2526 4062 
11130 4 0 747 2405 4088 2998 
11131 4 0 3644 2998 3522 3458 
11132 4 0 3644 4088 2405 2998 
11133 4 0 541 604 3554 2111 
11134 4 0 4088 3458 4387 2998 
11135 4 0 4088 747 2998 4387 
11136 4 0 2455 486 2983 3270 
11137 4 0 2916 2737 2404 3213 
11138 4 0 2680 3593 3472 3699 
11139 4 0 2405 3430 1123 3258 
11140 4 0 1160 273 4174 2618 
11141 4 0 3685 662 3507 3348 
11142 4 0 1659 3620 3493 3685 
11143 4 0 3660 2287 2876 3733 
11144 4 0 2530 3085 4197 2529 
11145 4 0 2910 1123 3580 484 
11146 4 0 371 3494 3474 2675 
11147 4 0 358 419 1180 2834 
11148 4 0 2294 3640 2334 910 
11149 4 0 129 4189 2338 3203 
11150 4 0 1947 129 1946 2338 
11151 4 0 2308 2024 4530 3645 
11152 4 0 2308 3444 2024 3645 
11153 4 0 3130 2796 2149 497 
11154 4 0 1652 2922 160 3610 
11155 4 0 695 2203 2485 3510 
11156 4 0 3239 1107 2032 1502 
11157 4 0 1504 2852 1380 3137 
11158 4 0 2782 3942 1419 3905 
11159 4 0 2993 3072 1851 3850 
11160 4 0 1234 902 2270 1506 
11161 4 0 4178 2270 403 1234 
11162 4 0 3125 2280 2337 1750 
11163 4 0 2280 2379 2337 787 
11164 4 0 3125 2337 2280 2379 
11165 4 0 3257 1470 3643 482 
11166 4 0 2384 2149 497 318 
11167 4 0 3305 3067 3546 978 
11168 4 0 2955 3305 3546 978 
11169 4 0 3766 2684 2586 2275 
11170 4 0 402 2891 1189 2586 
11171 4 0 3678 2887 1871 2540 
11172 4 0 3342 635 1871 2887 
11173 4 0 2744 415 3707 2580 
11174 4 0 3667 143 4323 440 
11175 4 0 440 143 1446 3667 
11176 4 0 4604 2767 3895 2976 
11177 4 0 2767 538 3895 2976 
11178 4 0 4604 2767 3628 3490 
11179 4 0 1080 2261 3921 1489 
11180 4 0 3017 3034 718 3231 
11181 4 0 3969 2968 2218 1338 
11182 4 0 2616 2968 452 3846 
11183 4 0 566 3398 632 565 
11184 4 0 3053 3249 2825 3052 
11185 4 0 300 1021 1711 1629 
11186 4 0 2425 2158 479 4408 
11187 4 0 74 790 859 1942 
11188 4 0 1780 545 2586 2982 
11189 4 0 2150 2085 2586 3625 
11190 4 0 452 3015 4526 451 
11191 4 0 3097 3959 179 3298 
11192 4 0 3097 179 3959 520 
11193 4 0 2653 745 1187 1331 
11194 4 0 745 1331 2653 2719 
11195 4 0 4265 1331 745 2719 
11196 4 0 1093 2809 4390 4383 
11197 4 0 3195 1332 2496 1412 
11198 4 0 3600 3660 2287 2876 
11199 4 0 2247 3922 3344 2389 
11200 4 0 4360 4108 1147 1216 
11201 4 0 1135 2511 744 3403 
11202 4 0 2929 2711 2119 3485 
11203 4 0 3361 1267 3754 3649 
11204 4 0 155 2770 3683 141 
11205 4 0 1557 3047 2578 3072 
11206 4 0 4247 442 3796 2014 
11207 4 0 4210 4204 2852 3817 
11208 4 0 3217 1840 4210 3817 
11209 4 0 1085 3396 3686 2655 
11210 4 0 1122 4280 3650 3511 
11211 4 0 521 3330 3551 601 
11212 4 0 2933 3588 1274 668 
11213 4 0 4068 3651 623 4030 
11214 4 0 4138 4065 2638 3651 
11215 4 0 719 3122 2860 3306 
11216 4 0 1035 4165 2892 1034 
11217 4 0 3614 2409 3201 484 
11218 4 0 2558 1414 2658 2163 
11219 4 0 1682 443 2150 2009 
11220 4 0 2705 2752 609 524 
11221 4 0 31 2442 3653 41 
11222 4 0 4145 968 3929 2654 
11223 4 0 974 3696 1828 3929 
11224 4 0 2073 2981 3254 3169 
11225 4 0 3731 3945 4338 3899 
11226 4 0 1743 1995 3898 626 
11227 4 0 2885 3320 2711 2484 
11228 4 0 2885 1556 2711 3320 
11229 4 0 3461 3383 2975 4324 
11230 4 0 3100 2287 3660 3733 
11231 4 0 489 2210 790 1574 
11232 4 0 1081 3717 2316 2156 
11233 4 0 1436 4078 3341 1437 
11234 4 0 4107 2827 3691 1708 
11235 4 0 3596 3691 3356 1708 
11236 4 0 3109 3321 2247 3390 
11237 4 0 3922 2247 3109 3321 
11238 4 0 2012 742 1029 408 
11239 4 0 380 1416 3206 618 
11240 4 0 1744 3713 1716 382 
11241 4 0 1176 2707 1169 3661 
11242 4 0 2707 1176 1169 1184 
11243 4 0 2661 4325 3849 2867 
11244 4 0 2878 2426 2178 2212 
11245 4 0 1375 971 413 1461 
11246 4 0 2047 971 1461 413 
11247 4 0 3255 3365 2432 2196 
11248 4 0 4584 3660 3600 4488 
11249 4 0 4150 3403 4295 2141 
11250 4 0 4449 4268 2707 1784 
11251 4 0 3435 3977 3328 1990 
11252 4 0 3086 1011 4461 2605 
11253 4 0 4058 2041 2484 829 
11254 4 0 516 710 3123 4182 
11255 4 0 433 1777 3889 2753 
11256 4 0 523 628 794 401 
11257 4 0 626 1418 3549 1743 
11258 4 0 1995 626 1743 1418 
11259 4 0 3025 4341 866 3717 
11260 4 0 2363 1818 1172 3809 
11261 4 0 3933 1373 2607 844 
11262 4 0 3283 2550 3510 945 
11263 4 0 2393 3661 1997 3138 
11264 4 0 524 3235 2472 2113 
11265 4 0 1064 3551 1059 2100 
11266 4 0 1064 3551 1149 1059 
11267 4 0 4321 2340 4192 3492 
11268 4 0 3365 572 571 3255 
11269 4 0 246 1297 2616 3969 
11270 4 0 26 3163 4367 2540 
11271 4 0 1088 1462 558 594 
11272 4 0 594 1888 558 1889 
11273 4 0 433 2986 1236 4038 
11274 4 0 2559 2908 856 700 
11275 4 0 3772 1488 3276 1660 
11276 4 0 3270 3798 3077 2805 
11277 4 0 1508 818 4512 4511 
11278 4 0 1735 2260 853 2240 
11279 4 0 1644 4071 2472 276 
11280 4 0 393 4311 1739 2784 
11281 4 0 4311 1872 2784 393 
11282 4 0 505 2152 3986 4502 
11283 4 0 341 329 450 3007 
11284 4 0 1101 3627 4370 2930 
11285 4 0 1234 2270 403 1506 
11286 4 0 927 3347 4303 585 
11287 4 0 4303 3618 3347 927 
11288 4 0 2417 3618 4303 2689 
11289 4 0 1016 2417 3347 4303 
11290 4 0 2809 2331 3118 3145 
11291 4 0 2938 2325 1286 2521 
11292 4 0 1112 3979 1753 1808 
11293 4 0 3368 2691 1342 1005 
11294 4 0 4004 1478 2049 2255 
11295 4 0 1953 780 781 1281 
11296 4 0 2807 4420 2836 799 
11297 4 0 3285 799 2807 2836 
11298 4 0 632 2807 3285 799 
11299 4 0 803 636 4308 3154 
11300 4 0 1507 1839 1235 3074 
11301 4 0 3074 1235 1985 1839 
11302 4 0 3797 4073 4019 2141 
11303 4 0 2141 3797 4073 2977 
11304 4 0 3299 1564 3126 2898 
11305 4 0 2974 597 3585 1099 
11306 4 0 4269 3175 3512 2662 
11307 4 0 3501 2767 2531 4211 
11308 4 0 4140 630 2546 1175 
11309 4 0 3762 3352 2466 3751 
11310 4 0 1641 2095 700 2406 
11311 4 0 2406 1641 1577 700 
11312 4 0 4079 4531 3762 3352 
11313 4 0 2517 3080 3614 1158 
11314 4 0 2323 2709 3014 987 
11315 4 0 1422 2709 2002 853 
11316 4 0 2109 853 2709 1422 
11317 4 0 2002 2709 1422 3014 
11318 4 0 3674 4263 3760 1791 
11319 4 0 3599 2826 2765 2911 
11320 4 0 2469 2742 109 132 
11321 4 0 132 2742 3557 2469 
11322 4 0 2336 3675 2024 3589 
11323 4 0 721 2590 3284 4314 
11324 4 0 2590 3009 2419 721 
11325 4 0 2590 4314 721 2419 
11326 4 0 1647 2675 3764 3474 
11327 4 0 4435 2675 3764 1647 
11328 4 0 3474 2675 1669 1647 
11329 4 0 2519 3938 1106 2708 
11330 4 0 3934 2388 3390 1213 
11331 4 0 1563 1262 530 3564 
11332 4 0 954 758 3469 2104 
11333 4 0 2104 954 2692 943 
11334 4 0 2894 3553 1338 4274 
11335 4 0 1338 2894 4274 1333 
11336 4 0 1338 3358 3728 2411 
11337 4 0 1082 384 4004 382 
11338 4 0 384 2283 2700 1178 
11339 4 0 3529 2694 486 4218 
11340 4 0 2810 2777 2155 461 
11341 4 0 2297 392 3566 2777 
11342 4 0 3933 1441 3519 1308 
11343 4 0 2302 3297 3270 3187 
11344 4 0 490 1805 3439 1487 
11345 4 0 1376 3862 1270 3843 
11346 4 0 3422 3862 1270 1376 
11347 4 0 3490 3628 4604 3689 
11348 4 0 2242 3955 3844 4458 
11349 4 0 3955 4458 3829 1709 
11350 4 0 4230 3510 945 2203 
11351 4 0 3510 2550 4230 945 
11352 4 0 3783 1722 2661 360 
11353 4 0 3221 3755 2466 454 
11354 4 0 2083 3323 4075 2798 
11355 4 0 565 3398 632 1893 
11356 4 0 3545 2013 4566 3707 
11357 4 0 997 998 3655 2013 
11358 4 0 1409 1698 1702 780 
11359 4 0 1717 1082 2255 4004 
11360 4 0 4363 2438 1127 1094 
11361 4 0 2689 4074 1223 918 
11362 4 0 4256 1672 3614 4271 
11363 4 0 3181 3280 1844 3683 
11364 4 0 2150 4003 2476 2189 
11365 4 0 3427 1681 2437 2631 
11366 4 0 783 3008 3931 128 
11367 4 0 3008 2426 783 3931 
11368 4 0 3448 2913 2471 53 
11369 4 0 1652 2463 1595 2922 
11370 4 0 203 1664 1530 508 
11371 4 0 219 203 1530 508 
11372 4 0 3314 3322 2055 2194 
11373 4 0 2358 3768 2156 1104 
11374 4 0 2156 2358 2747 3768 
11375 4 0 1381 3248 3271 3680 
11376 4 0 3680 2646 3514 805 
11377 4 0 825 3248 3680 805 
11378 4 0 3398 3285 2807 2836 
11379 4 0 1534 3184 1891 3805 
11380 4 0 797 1534 3805 3184 
11381 4 0 4589 1834 258 3743 
11382 4 0 672 485 2767 496 
11383 4 0 3175 4506 2662 4269 
11384 4 0 3128 976 183 3685 
11385 4 0 3685 4557 3301 976 
11386 4 0 3043 2422 2964 2833 
11387 4 0 3043 2422 2833 2579 
11388 4 0 3685 976 3902 1659 
11389 4 0 3593 2680 3279 3699 
11390 4 0 2680 1802 3593 3279 
11391 4 0 2841 3922 3408 441 
11392 4 0 3942 2615 2789 3905 
11393 4 0 2849 3805 1577 3466 
11394 4 0 817 3856 448 1238 
11395 4 0 755 956 2458 4229 
11396 4 0 956 3588 2458 4229 
11397 4 0 534 533 535 2740 
11398 4 0 535 4014 813 534 
11399 4 0 3829 2633 3810 2476 
11400 4 0 1776 3763 384 3897 
11401 4 0 555 3568 409 1461 
11402 4 0 3745 3128 4562 1446 
11403 4 0 1446 3128 555 3745 
11404 4 0 1152 1506 1153 2270 
11405 4 0 1332 945 2028 3283 
11406 4 0 2391 3587 4515 2814 
11407 4 0 4515 2391 2814 411 
11408 4 0 55 3084 4427 791 
11409 4 0 55 791 4427 42 
11410 4 0 4427 791 2612 42 
11411 4 0 3171 3496 1747 2698 
11412 4 0 3562 4412 3711 707 
11413 4 0 2414 3112 2387 2818 
11414 4 0 2264 385 540 4572 
11415 4 0 3565 385 4145 3008 
11416 4 0 4382 2264 3215 385 
11417 4 0 1035 1034 2892 4332 
11418 4 0 1034 2892 4332 3320 
11419 4 0 3595 2148 2197 3362 
11420 4 0 3847 3314 2787 2226 
11421 4 0 1079 626 3653 2448 
11422 4 0 2887 7 2540 16 
11423 4 0 4233 2380 2010 2665 
11424 4 0 3228 4554 3133 644 
11425 4 0 3133 4554 3228 1125 
11426 4 0 3614 484 2405 3430 
11427 4 0 1406 595 3922 592 
11428 4 0 2839 3624 3059 4153 
11429 4 0 2912 3231 3034 821 
11430 4 0 2534 341 549 3007 
11431 4 0 2534 2661 4325 549 
11432 4 0 4150 4019 3403 2141 
11433 4 0 2658 3439 2677 377 
11434 4 0 2658 3439 377 2089 
11435 4 0 1094 3350 2004 606 
11436 4 0 1094 2004 2079 606 
11437 4 0 746 1843 2499 3006 
11438 4 0 614 2810 1162 890 
11439 4 0 3203 2810 652 882 
11440 4 0 1920 584 400 685 
11441 4 0 779 1410 3692 3037 
11442 4 0 2903 4301 815 3178 
11443 4 0 1728 1709 3844 4234 
11444 4 0 2350 1994 2667 3401 
11445 4 0 1709 1728 3844 3380 
11446 4 0 1823 2778 3954 3035 
11447 4 0 781 1446 1969 1281 
11448 4 0 2340 1281 1969 1446 
11449 4 0 224 435 2040 768 
11450 4 0 3453 1379 1390 3539 
11451 4 0 3743 2066 3936 2207 
11452 4 0 3135 3070 3346 2411 
11453 4 0 2905 3135 3346 2411 
11454 4 0 847 1643 1648 2153 
11455 4 0 3038 626 2913 3898 
11456 4 0 3920 2524 2202 3224 
11457 4 0 3920 2524 3224 2421 
11458 4 0 531 4157 1785 2707 
11459 4 0 1775 2978 828 2329 
11460 4 0 2880 2398 3270 3798 
11461 4 0 160 3926 3610 2922 
11462 4 0 670 2104 3743 2961 
11463 4 0 2089 3156 2135 2595 
11464 4 0 2089 2595 2135 1630 
11465 4 0 2800 4057 995 2071 
11466 4 0 2936 2800 2071 4057 
11467 4 0 2921 1724 4503 4234 
11468 4 0 3000 2166 2329 1306 
11469 4 0 283 2650 3694 289 
11470 4 0 293 3694 2650 2710 
11471 4 0 3694 4533 293 283 
11472 4 0 3694 2518 4533 283 
11473 4 0 289 283 2518 3694 
11474 4 0 1994 2667 852 2813 
11475 4 0 2376 2494 1584 2619 
11476 4 0 3095 3275 3367 2748 
11477 4 0 4148 1047 3634 2608 
11478 4 0 1470 3257 2875 849 
11479 4 0 3643 3257 482 2414 
11480 4 0 1500 2793 530 2545 
11481 4 0 4019 2360 4073 3740 
11482 4 0 788 3593 2680 757 
11483 4 0 2391 549 1319 2985 
11484 4 0 4105 1753 4399 1614 
11485 4 0 3350 3630 2004 606 
11486 4 0 3378 2020 2348 3581 
11487 4 0 4330 2701 3773 3702 
11488 4 0 3234 409 3720 3492 
11489 4 0 4543 3720 409 3492 
11490 4 0 3661 1784 1041 2707 
11491 4 0 4394 606 1127 2438 
11492 4 0 1156 4053 417 2461 
11493 4 0 417 2655 2097 2219 
11494 4 0 4053 2595 2655 2461 
11495 4 0 2519 3119 3071 3482 
11496 4 0 746 3793 3522 2121 
11497 4 0 3522 746 2121 3857 
11498 4 0 3096 1227 3050 3331 
11499 4 0 1385 595 592 1756 
11500 4 0 1893 2807 3951 2836 
11501 4 0 8 370 12 3841 
11502 4 0 3955 4258 3829 4458 
11503 4 0 414 3513 4479 3913 
11504 4 0 4479 414 3913 455 
11505 4 0 414 4198 4239 4479 
11506 4 0 4479 4478 414 4198 
11507 4 0 1771 2309 2787 627 
11508 4 0 2034 3054 2303 331 
11509 4 0 3148 2836 3285 458 
11510 4 0 2272 3565 3298 113 
11511 4 0 1412 2485 2953 1332 
11512 4 0 3510 1412 1332 2485 
11513 4 0 3955 4458 1709 3844 
11514 4 0 3844 1709 3380 4458 
11515 4 0 428 979 3082 2971 
11516 4 0 4612 1112 3652 4337 
11517 4 0 105 123 599 2462 
11518 4 0 3280 3559 3105 1991 
11519 4 0 2645 4402 489 3805 
11520 4 0 2446 3159 4007 2558 
11521 4 0 2658 4007 1414 2558 
11522 4 0 3409 694 4377 4376 
11523 4 0 2142 3993 3803 3650 
11524 4 0 3406 3993 2142 3650 
11525 4 0 3947 3734 3946 3852 
11526 4 0 71 2980 2951 80 
11527 4 0 3839 3521 1280 2716 
11528 4 0 2636 2963 3071 2193 
11529 4 0 1178 2636 1386 3731 
11530 4 0 3724 648 3221 1602 
11531 4 0 376 3241 902 4431 
11532 4 0 376 2270 902 3241 
11533 4 0 2079 3536 774 3662 
11534 4 0 4049 2642 585 4548 
11535 4 0 3409 2163 2403 4377 
11536 4 0 694 2096 3409 4377 
11537 4 0 2170 883 3860 3701 
11538 4 0 4486 4083 2765 2288 
11539 4 0 3438 601 3865 600 
11540 4 0 4362 3079 601 3865 
11541 4 0 697 3173 3322 2055 
11542 4 0 3990 2397 3539 3453 
11543 4 0 697 3600 4584 2287 
11544 4 0 697 3173 2287 4584 
11545 4 0 3140 2225 3432 692 
11546 4 0 2914 2510 2503 3797 
11547 4 0 487 2591 2826 2693 
11548 4 0 3344 2775 2308 3881 
11549 4 0 3156 1420 1627 2547 
11550 4 0 4526 4528 452 2616 
11551 4 0 3969 2968 452 2616 
11552 4 0 3969 2968 2616 4596 
11553 4 0 1206 746 2946 747 
11554 4 0 2902 4251 4158 4058 
11555 4 0 4158 4058 3483 2167 
11556 4 0 1739 2265 1363 3284 
11557 4 0 3960 3516 533 3735 
11558 4 0 1523 4317 3367 2748 
11559 4 0 1856 4317 1523 2748 
11560 4 0 403 2270 4178 3807 
11561 4 0 1090 3013 506 3434 
11562 4 0 1939 1006 3262 1199 
11563 4 0 3726 4357 903 1585 
11564 4 0 3726 4357 3177 903 
11565 4 0 690 3510 2550 4230 
11566 4 0 690 2081 2550 3510 
11567 4 0 3464 1108 567 3708 
11568 4 0 3708 4252 1108 567 
11569 4 0 522 3835 4555 627 
11570 4 0 1203 769 4602 4104 
11571 4 0 1034 3710 2711 3320 
11572 4 0 2878 2032 3239 1359 
11573 4 0 1502 2032 3239 2878 
11574 4 0 2882 1485 3728 2447 
11575 4 0 1477 322 3729 314 
11576 4 0 322 3729 820 1477 
11577 4 0 3075 4053 2418 2413 
11578 4 0 2413 3075 2962 991 
11579 4 0 3075 2962 991 2239 
11580 4 0 560 3730 3559 673 
11581 4 0 3280 3559 560 3730 
11582 4 0 1706 2474 2083 3585 
11583 4 0 3493 4113 3408 3111 
11584 4 0 3714 205 180 3049 
11585 4 0 3714 3049 180 3441 
11586 4 0 3691 4107 2394 2827 
11587 4 0 2195 1574 1177 791 
11588 4 0 3061 2156 4381 2975 
11589 4 0 1682 2476 2622 495 
11590 4 0 2796 519 2073 3665 
11591 4 0 2141 2080 4073 1001 
11592 4 0 669 3217 4210 2553 
11593 4 0 286 3433 725 2328 
11594 4 0 3715 2521 1286 2758 
11595 4 0 2890 3293 3385 3098 
11596 4 0 1949 3955 1950 2622 
11597 4 0 1949 2622 1709 3955 
11598 4 0 1072 2744 3718 1199 
11599 4 0 1072 3594 3718 2824 
11600 4 0 3014 2323 981 2709 
11601 4 0 2323 981 2709 3732 
11602 4 0 3166 2311 2915 1329 
11603 4 0 3197 486 2983 2455 
11604 4 0 746 1843 2121 2499 
11605 4 0 805 3680 825 2677 
11606 4 0 2212 3464 566 3381 
11607 4 0 1259 3813 1368 539 
11608 4 0 644 2492 3133 912 
11609 4 0 3383 2708 1358 3938 
11610 4 0 3696 874 873 2858 
11611 4 0 2848 3942 2782 2615 
11612 4 0 1879 2721 3747 3995 
11613 4 0 1592 1702 3745 3716 
11614 4 0 1383 1017 2915 4535 
11615 4 0 4535 2915 1329 1017 
11616 4 0 2432 2598 2864 1020 
11617 4 0 1345 1689 3110 1631 
11618 4 0 508 3385 1186 2001 
11619 4 0 801 1515 4420 2864 
11620 4 0 3196 412 1401 4538 
11621 4 0 440 2802 2101 3513 
11622 4 0 3753 2589 3045 4459 
11623 4 0 2589 4459 3753 2583 
11624 4 0 3608 2909 1544 3663 
11625 4 0 1674 3474 2062 1673 
11626 4 0 2062 3764 2044 3474 
11627 4 0 1510 133 2934 411 
11628 4 0 1510 133 562 2934 
11629 4 0 1466 983 575 3861 
11630 4 0 3316 426 3614 3571 
11631 4 0 1455 2961 2104 367 
11632 4 0 3497 2170 2734 883 
11633 4 0 3181 3280 2940 2091 
11634 4 0 487 2725 3918 3195 
11635 4 0 3348 3997 4475 2763 
11636 4 0 3898 3038 3613 3552 
11637 4 0 487 3918 3319 3195 
11638 4 0 2826 2725 3195 2475 
11639 4 0 2307 2734 1740 3497 
11640 4 0 3466 2491 521 3805 
11641 4 0 3447 3333 1136 3313 
11642 4 0 4034 3301 4560 976 
11643 4 0 607 2406 1036 2690 
11644 4 0 2643 3310 193 3722 
11645 4 0 3722 872 2702 1445 
11646 4 0 1534 1577 2664 797 
11647 4 0 1641 1577 4425 2664 
11648 4 0 2359 1016 2972 3619 
11649 4 0 2359 3619 2131 1016 
11650 4 0 2131 3619 2947 1016 
11651 4 0 1732 2972 2827 3619 
11652 4 0 2383 3673 1981 674 
11653 4 0 1397 3673 1385 3341 
11654 4 0 4095 378 3554 3822 
11655 4 0 604 3554 378 3822 
11656 4 0 3554 3446 378 4095 
11657 4 0 773 378 3822 926 
11658 4 0 2432 1515 2864 4400 
11659 4 0 2311 3540 2395 3443 
11660 4 0 831 2867 3783 2395 
11661 4 0 2406 607 1045 3723 
11662 4 0 2406 1045 2739 3723 
11663 4 0 2708 3071 1873 3482 
11664 4 0 4379 2503 2914 2037 
11665 4 0 3170 1227 3903 3331 
11666 4 0 587 4599 2104 2729 
11667 4 0 2895 2104 2729 943 
11668 4 0 1737 2244 2543 3512 
11669 4 0 649 3264 2730 646 
11670 4 0 2730 649 646 3785 
11671 4 0 2236 1911 769 2297 
11672 4 0 2776 4104 3564 1911 
11673 4 0 2390 1218 48 59 
11674 4 0 1707 2511 4295 744 
11675 4 0 3562 707 3711 1417 
11676 4 0 3911 638 1489 3994 
11677 4 0 2060 3050 3695 1539 
11678 4 0 3953 2796 1021 3665 
11679 4 0 3665 1021 3953 1619 
11680 4 0 854 2569 3235 79 
11681 4 0 1266 535 972 2740 
11682 4 0 535 4421 2740 1266 
11683 4 0 1266 535 4262 972 
11684 4 0 2583 3434 410 2603 
11685 4 0 3315 2603 2583 4459 
11686 4 0 387 664 3209 4228 
11687 4 0 531 387 4228 664 
11688 4 0 2406 1641 2095 2690 
11689 4 0 2250 2369 577 416 
11690 4 0 4197 3004 1155 3855 
11691 4 0 3884 519 1909 1611 
11692 4 0 1647 3474 3764 2062 
11693 4 0 700 2559 2908 1577 
11694 4 0 1232 3212 3337 3609 
11695 4 0 3212 1232 3337 1107 
11696 4 0 3260 672 485 4201 
11697 4 0 3260 672 4201 3537 
11698 4 0 682 1769 3384 3312 
11699 4 0 3384 3989 1931 1481 
11700 4 0 1579 3940 375 1807 
11701 4 0 3096 2052 3796 2392 
11702 4 0 2231 2451 995 606 
11703 4 0 4151 3259 1944 3064 
11704 4 0 489 2645 2195 2433 
11705 4 0 4205 4521 1337 2692 
11706 4 0 3710 4006 760 2711 
11707 4 0 4053 982 3156 2547 
11708 4 0 2948 3356 1390 1732 
11709 4 0 1708 3356 2948 1732 
11710 4 0 4151 1074 2843 879 
11711 4 0 2843 4151 879 2450 
11712 4 0 1474 3362 2736 1412 
11713 4 0 2597 3936 1751 2087 
11714 4 0 2796 2149 497 2384 
11715 4 0 3999 4042 384 1776 
11716 4 0 2430 2674 3433 3863 
11717 4 0 595 3547 4126 905 
11718 4 0 2479 1487 1987 2943 
11719 4 0 1790 2622 3750 999 
11720 4 0 2589 3299 410 2583 
11721 4 0 3750 495 999 2622 
11722 4 0 1458 3973 3848 4013 
11723 4 0 639 3525 1458 1513 
11724 4 0 1641 1577 700 4425 
11725 4 0 700 2559 2406 1038 
11726 4 0 1641 2095 4425 700 
11727 4 0 700 1036 2406 2095 
11728 4 0 700 2406 1036 1038 
11729 4 0 2406 700 1577 2559 
11730 4 0 3087 1095 1412 4587 
11731 4 0 694 3631 1586 2962 
11732 4 0 3103 761 415 562 
11733 4 0 561 2881 3752 3807 
11734 4 0 1576 561 3752 3807 
11735 4 0 2572 483 2533 1152 
11736 4 0 3370 2429 2739 3332 
11737 4 0 724 1663 3863 1965 
11738 4 0 3852 3946 3162 3656 
11739 4 0 1498 3741 3580 1499 
11740 4 0 454 3133 2466 3751 
11741 4 0 2748 3367 1523 1513 
11742 4 0 3777 4524 3946 3056 
11743 4 0 1489 3994 2261 3921 
11744 4 0 372 1489 3921 3994 
11745 4 0 579 3340 4263 612 
11746 4 0 2724 2987 2839 2202 
11747 4 0 2987 2724 1442 2202 
11748 4 0 2104 2833 3743 2961 
11749 4 0 3713 1463 3899 1178 
11750 4 0 539 1317 3435 3399 
11751 4 0 539 1317 3399 2593 
11752 4 0 4397 1830 4067 813 
11753 4 0 4397 1615 813 4067 
11754 4 0 2321 745 491 1331 
11755 4 0 2877 2080 2516 4073 
11756 4 0 975 2877 2516 4073 
11757 4 0 975 2877 3033 2516 
11758 4 0 3333 743 3439 2558 
11759 4 0 2350 1994 2479 1452 
11760 4 0 3156 4439 2135 1420 
11761 4 0 1515 4420 2864 4400 
11762 4 0 3717 3757 4341 1104 
11763 4 0 2273 3542 3202 4407 
11764 4 0 4271 3080 3614 373 
11765 4 0 2797 1209 1820 1476 
11766 4 0 4530 3186 2308 3881 
11767 4 0 2225 1685 1686 1687 
11768 4 0 2280 1685 2225 2927 
11769 4 0 1936 1057 772 2110 
11770 4 0 2874 61 3744 2538 
11771 4 0 2644 668 2663 2868 
11772 4 0 821 379 3430 1123 
11773 4 0 4062 3161 3307 2336 
11774 4 0 4379 3313 1003 2503 
11775 4 0 4475 2763 2778 424 
11776 4 0 2220 3285 2836 4118 
11777 4 0 836 2836 799 4118 
11778 4 0 335 3707 2744 3572 
11779 4 0 3980 3401 2479 2350 
11780 4 0 851 2667 3980 2595 
11781 4 0 3980 2595 1630 851 
11782 4 0 174 2702 3722 3746 
11783 4 0 1496 3746 2702 3985 
11784 4 0 1336 1891 2491 4254 
11785 4 0 4254 1891 2491 1534 
11786 4 0 3758 1126 1601 526 
11787 4 0 1126 3758 4587 526 
11788 4 0 3095 3275 2715 3367 
11789 4 0 1454 1448 1779 1109 
11790 4 0 1350 3236 4097 1467 
11791 4 0 4425 797 1577 3671 
11792 4 0 3344 2247 4116 3672 
11793 4 0 3931 1453 2426 1360 
11794 4 0 1360 4343 1453 2178 
11795 4 0 2839 3059 3624 1055 
11796 4 0 3624 1450 2839 1055 
11797 4 0 2885 3674 2929 3760 
11798 4 0 3761 406 3529 2653 
11799 4 0 2343 24 600 2523 
11800 4 0 2343 15 4361 24 
11801 4 0 2950 2979 2033 803 
11802 4 0 1987 2943 2292 3033 
11803 4 0 4247 4302 3483 4539 
11804 4 0 395 2341 1862 3508 
11805 4 0 2568 3743 1841 670 
11806 4 0 2372 3464 2231 2451 
11807 4 0 2401 3126 1279 557 
11808 4 0 4266 2401 3126 1279 
11809 4 0 2899 2225 2280 1686 
11810 4 0 1685 1686 2280 2225 
11811 4 0 1263 3814 98 121 
11812 4 0 3861 575 3814 983 
11813 4 0 98 3814 1263 3057 
11814 4 0 570 2349 1335 2628 
11815 4 0 1335 2349 1448 2628 
11816 4 0 1728 4234 3488 1709 
11817 4 0 1898 2176 3762 3751 
11818 4 0 3366 2623 2064 2477 
11819 4 0 1473 648 3221 3264 
11820 4 0 2730 3264 3362 3221 
11821 4 0 2809 2836 3148 458 
11822 4 0 2380 4193 2108 3382 
11823 4 0 3005 205 3049 1320 
11824 4 0 4299 3779 3852 2797 
11825 4 0 1947 2338 2777 3203 
11826 4 0 2777 3190 1947 3203 
11827 4 0 2249 865 1447 3038 
11828 4 0 3038 1451 865 1447 
11829 4 0 408 3115 4474 4496 
11830 4 0 3677 4496 1492 1461 
11831 4 0 3128 1461 4496 3677 
11832 4 0 1708 3356 3596 2948 
11833 4 0 4187 2406 2690 3634 
11834 4 0 3634 2406 3723 4187 
11835 4 0 688 1289 2765 2288 
11836 4 0 2765 1661 3393 688 
11837 4 0 784 1273 250 1299 
11838 4 0 250 2427 1273 271 
11839 4 0 250 1273 2427 1299 
11840 4 0 3118 862 4390 2809 
11841 4 0 1093 3118 2809 2331 
11842 4 0 2615 3942 2789 2848 
11843 4 0 2073 3254 961 2423 
11844 4 0 1558 2517 1219 3793 
11845 4 0 1219 1558 483 2517 
11846 4 0 1219 2517 483 3351 
11847 4 0 2424 581 1978 3338 
11848 4 0 3633 662 3186 3881 
11849 4 0 1185 3587 766 2355 
11850 4 0 3754 1267 375 4445 
11851 4 0 3888 509 4233 474 
11852 4 0 3478 2037 1587 2257 
11853 4 0 1602 3755 4162 645 
11854 4 0 3188 385 4145 540 
11855 4 0 515 3798 2473 2897 
11856 4 0 99 1596 2071 3949 
11857 4 0 2071 3949 2800 99 
11858 4 0 4063 3756 2986 3353 
11859 4 0 4097 1467 3236 734 
11860 4 0 1350 3236 4024 3968 
11861 4 0 4312 2317 2164 4222 
11862 4 0 3034 2317 2164 4312 
11863 4 0 2085 3625 605 3160 
11864 4 0 2822 2057 2056 3205 
11865 4 0 2056 674 2822 3205 
11866 4 0 2785 4595 3766 4489 
11867 4 0 547 4595 3766 2785 
11868 4 0 4034 4585 3128 976 
11869 4 0 976 3301 3128 4034 
11870 4 0 1323 444 3539 3990 
11871 4 0 1007 3819 1324 1269 
11872 4 0 1709 4234 2909 3844 
11873 4 0 1635 1277 2961 1278 
11874 4 0 3138 3628 2836 2220 
11875 4 0 3138 2220 1169 3628 
11876 4 0 1059 3551 3220 1527 
11877 4 0 4014 4421 2740 535 
11878 4 0 1510 411 2814 2391 
11879 4 0 3547 968 3073 1826 
11880 4 0 478 844 2112 2794 
11881 4 0 3163 2335 3494 3474 
11882 4 0 2580 3718 2431 878 
11883 4 0 3965 1045 2406 607 
11884 4 0 3514 3680 805 2677 
11885 4 0 3372 4554 2967 1097 
11886 4 0 479 3562 4408 2158 
11887 4 0 2489 2526 3021 2585 
11888 4 0 4104 3480 4094 3787 
11889 4 0 3387 2183 1304 3784 
11890 4 0 3787 895 3480 4094 
11891 4 0 1878 2940 3773 1811 
11892 4 0 2272 1301 1042 664 
11893 4 0 736 3800 1531 1024 
11894 4 0 1531 3800 2772 4495 
11895 4 0 1024 3971 4495 1531 
11896 4 0 1782 3800 1531 1822 
11897 4 0 3800 1822 736 1531 
11898 4 0 3755 3221 3204 1602 
11899 4 0 4495 1531 3971 2772 
11900 4 0 1391 1887 594 1886 
11901 4 0 1391 1886 2565 742 
11902 4 0 488 1391 558 1989 
11903 4 0 594 1391 1886 1989 
11904 4 0 3763 1598 1800 2700 
11905 4 0 4270 3664 1087 3498 
11906 4 0 530 2793 1500 4225 
11907 4 0 3511 1385 2383 2142 
11908 4 0 536 3950 3784 535 
11909 4 0 3769 3141 1479 3633 
11910 4 0 22 2448 3653 2442 
11911 4 0 2913 2448 2442 3653 
11912 4 0 2448 14 22 3653 
11913 4 0 821 717 3065 3034 
11914 4 0 522 627 419 2251 
11915 4 0 4555 522 627 4188 
11916 4 0 448 3856 817 688 
11917 4 0 4079 2965 4219 427 
11918 4 0 3511 3650 750 2142 
11919 4 0 1090 580 2250 506 
11920 4 0 2024 2965 3352 2584 
11921 4 0 3743 2833 2104 2895 
11922 4 0 2895 1455 2104 943 
11923 4 0 3109 4320 2841 2136 
11924 4 0 4332 2617 3479 4565 
11925 4 0 3424 1557 755 754 
11926 4 0 755 676 754 1557 
11927 4 0 3266 3238 3196 1398 
11928 4 0 1398 3266 3238 1400 
11929 4 0 2426 863 470 3008 
11930 4 0 863 470 876 2426 
11931 4 0 2632 4392 4605 1610 
11932 4 0 1063 10 2343 4345 
11933 4 0 2667 3401 3980 2350 
11934 4 0 1609 2858 2184 2695 
11935 4 0 4223 1627 1421 4139 
11936 4 0 533 3960 958 3516 
11937 4 0 2810 614 1162 767 
11938 4 0 3071 2708 3383 3938 
11939 4 0 4375 2257 1381 1000 
11940 4 0 3196 3485 3266 4469 
11941 4 0 1158 1672 3574 2153 
11942 4 0 1158 3080 1672 2153 
11943 4 0 130 530 2562 2545 
11944 4 0 2437 3564 530 2945 
11945 4 0 1407 1406 595 1696 
11946 4 0 2986 3269 3826 3353 
11947 4 0 3826 156 110 3214 
11948 4 0 2667 4438 852 2813 
11949 4 0 3600 4488 2876 2893 
11950 4 0 1777 1513 1717 4004 
11951 4 0 149 4457 977 2570 
11952 4 0 2256 3765 3626 1738 
11953 4 0 3626 3765 2838 1738 
11954 4 0 1193 881 1309 3957 
11955 4 0 539 64 3435 3813 
11956 4 0 2906 3157 4448 704 
11957 4 0 4601 704 4448 387 
11958 4 0 2708 3383 2804 1873 
11959 4 0 2544 937 2902 1509 
11960 4 0 492 109 3077 2742 
11961 4 0 3770 4154 3792 629 
11962 4 0 3783 3540 3849 2477 
11963 4 0 4018 2796 2073 2149 
11964 4 0 2975 813 3784 681 
11965 4 0 2235 3180 4388 3468 
11966 4 0 4334 4339 1143 3549 
11967 4 0 4339 3549 4334 906 
11968 4 0 3776 3501 3924 2045 
11969 4 0 3771 770 1218 2499 
11970 4 0 3772 1660 3568 3890 
11971 4 0 1933 1488 3772 3890 
11972 4 0 519 3890 3772 3568 
11973 4 0 511 2912 821 3231 
11974 4 0 718 720 3231 3526 
11975 4 0 2336 2086 3779 2122 
11976 4 0 3138 702 2598 3302 
11977 4 0 702 840 1020 2598 
11978 4 0 4276 3302 2470 3842 
11979 4 0 1071 1171 3139 2885 
11980 4 0 3297 3781 1312 1628 
11981 4 0 2710 3694 4533 293 
11982 4 0 4223 1627 4139 2461 
11983 4 0 3904 4145 1618 2435 
11984 4 0 2655 3396 3541 2413 
11985 4 0 4264 1751 2641 3144 
11986 4 0 4378 515 125 153 
11987 4 0 1946 3583 2332 2297 
11988 4 0 3470 4171 3152 1955 
11989 4 0 3030 1533 2181 23 
11990 4 0 37 3030 800 2433 
11991 4 0 3656 2101 3162 3852 
11992 4 0 2207 2525 1751 2961 
11993 4 0 2594 1863 1953 2606 
11994 4 0 2594 1863 2606 3300 
11995 4 0 3300 1863 2606 3692 
11996 4 0 2620 954 4470 3850 
11997 4 0 2520 639 3525 4045 
11998 4 0 2894 1298 4477 3358 
11999 4 0 1161 1588 224 2040 
12000 4 0 1161 2040 224 252 
12001 4 0 2836 2864 4400 2432 
12002 4 0 3489 1538 918 4167 
12003 4 0 2174 1175 3859 2136 
12004 4 0 2136 2492 523 3538 
12005 4 0 3743 4599 2729 2104 
12006 4 0 3352 4079 2965 3762 
12007 4 0 624 537 1599 4414 
12008 4 0 729 2464 4561 4576 
12009 4 0 616 426 1546 615 
12010 4 0 714 716 1876 615 
12011 4 0 1975 1489 372 2638 
12012 4 0 2865 531 2707 4157 
12013 4 0 2707 531 698 1785 
12014 4 0 2087 2066 3743 1834 
12015 4 0 3464 2746 4426 3334 
12016 4 0 2746 3381 3464 4426 
12017 4 0 3582 77 796 76 
12018 4 0 3747 674 2056 3511 
12019 4 0 3650 4280 2142 3511 
12020 4 0 3601 2376 2151 2141 
12021 4 0 632 3381 3285 3398 
12022 4 0 3384 2384 2073 3665 
12023 4 0 2086 2736 2336 3779 
12024 4 0 796 3715 76 67 
12025 4 0 2521 3715 67 76 
12026 4 0 796 3715 67 3405 
12027 4 0 1352 1989 1340 1462 
12028 4 0 1435 1989 3968 1340 
12029 4 0 1352 1435 1340 1989 
12030 4 0 1381 2163 3271 2025 
12031 4 0 3248 841 3271 3154 
12032 4 0 2609 3255 2196 4403 
12033 4 0 1073 4002 3000 2557 
12034 4 0 3788 2974 1338 3828 
12035 4 0 2868 1852 1847 4538 
12036 4 0 1029 2012 3876 1890 
12037 4 0 4289 979 1426 2751 
12038 4 0 3477 2496 3325 2857 
12039 4 0 553 2472 524 2705 
12040 4 0 3602 2105 1011 2562 
12041 4 0 296 286 1965 724 
12042 4 0 296 1663 724 1965 
12043 4 0 3589 2336 2148 2024 
12044 4 0 1919 2698 3239 2519 
12045 4 0 2207 395 3986 1842 
12046 4 0 2207 1862 3986 395 
12047 4 0 3625 2586 3442 3385 
12048 4 0 4551 1126 1904 2208 
12049 4 0 2208 1904 963 1601 
12050 4 0 2579 3914 2895 3569 
12051 4 0 37 3030 2181 23 
12052 4 0 2880 515 3798 3270 
12053 4 0 3270 2818 2880 2414 
12054 4 0 566 3398 565 2686 
12055 4 0 2106 3849 3783 2661 
12056 4 0 2682 959 960 628 
12057 4 0 960 2682 4319 959 
12058 4 0 3667 1287 440 4323 
12059 4 0 3008 4145 3939 3700 
12060 4 0 3696 4145 3008 3700 
12061 4 0 2438 1091 3148 3906 
12062 4 0 3506 653 654 2155 
12063 4 0 4001 4043 3291 3149 
12064 4 0 3925 320 3909 1895 
12065 4 0 3792 3010 3770 1083 
12066 4 0 2998 3793 3644 3522 
12067 4 0 1219 3522 3793 3185 
12068 4 0 2859 1657 2920 2209 
12069 4 0 1865 1657 2920 2859 
12070 4 0 804 805 615 374 
12071 4 0 806 374 805 804 
12072 4 0 1145 4141 659 1581 
12073 4 0 4266 3299 2401 2589 
12074 4 0 2401 4266 3126 3299 
12075 4 0 1862 395 1695 3986 
12076 4 0 2051 3791 846 377 
12077 4 0 1311 2695 470 951 
12078 4 0 4195 2695 1311 951 
12079 4 0 847 3764 2044 2062 
12080 4 0 2275 2684 4518 3766 
12081 4 0 3233 1338 247 3788 
12082 4 0 838 2210 489 2908 
12083 4 0 3969 266 1174 3349 
12084 4 0 3905 2615 2789 4413 
12085 4 0 480 2615 4413 2789 
12086 4 0 945 3283 3281 2028 
12087 4 0 3281 3283 945 2550 
12088 4 0 4162 913 2546 3146 
12089 4 0 3371 3451 1020 840 
12090 4 0 724 1793 2303 315 
12091 4 0 473 3888 4233 474 
12092 4 0 473 4233 2380 4193 
12093 4 0 3704 3846 1343 2176 
12094 4 0 2940 94 96 3142 
12095 4 0 3181 94 96 2940 
12096 4 0 1321 4286 2510 3261 
12097 4 0 3716 3745 1592 4562 
12098 4 0 3192 788 3262 2680 
12099 4 0 4430 855 3156 2874 
12100 4 0 982 855 3156 4430 
12101 4 0 4111 3551 2100 1059 
12102 4 0 1074 4181 1682 2843 
12103 4 0 2800 3949 602 3273 
12104 4 0 1843 2390 2335 3648 
12105 4 0 650 647 3658 2829 
12106 4 0 4606 3799 260 2825 
12107 4 0 4403 3451 3063 2196 
12108 4 0 697 3600 3322 2659 
12109 4 0 1467 1349 734 593 
12110 4 0 2927 4137 2168 3738 
12111 4 0 3262 1400 3250 2991 
12112 4 0 1590 3883 4112 3407 
12113 4 0 1657 120 2757 1864 
12114 4 0 1611 751 1792 4026 
12115 4 0 3104 1792 1758 2452 
12116 4 0 2272 3962 4145 2435 
12117 4 0 3189 767 1964 2205 
12118 4 0 2205 2618 767 2810 
12119 4 0 2618 1162 767 2810 
12120 4 0 2338 3820 2723 4189 
12121 4 0 2338 4189 2723 393 
12122 4 0 4317 2748 1856 4100 
12123 4 0 372 3652 1753 1975 
12124 4 0 4148 2608 3634 3272 
12125 4 0 3802 1414 2163 2258 
12126 4 0 2847 1815 4199 4003 
12127 4 0 3406 4279 3993 3650 
12128 4 0 1750 1052 2631 2280 
12129 4 0 397 1355 1052 2437 
12130 4 0 3805 3671 1577 797 
12131 4 0 3805 3278 3671 797 
12132 4 0 797 3184 3805 3278 
12133 4 0 1160 1729 1162 2618 
12134 4 0 1160 1729 2618 4177 
12135 4 0 1160 1162 3189 2618 
12136 4 0 2349 3003 2628 2370 
12137 4 0 2370 2349 3003 2956 
12138 4 0 3641 3414 2190 695 
12139 4 0 4322 2488 440 1287 
12140 4 0 2743 2275 402 2555 
12141 4 0 2555 1189 2275 402 
12142 4 0 2355 4327 1185 3587 
12143 4 0 368 3475 4015 3003 
12144 4 0 3421 1178 384 1145 
12145 4 0 3003 4015 368 2370 
12146 4 0 2913 2442 3552 916 
12147 4 0 3153 2849 3807 1128 
12148 4 0 2849 4178 3807 4406 
12149 4 0 4406 1128 3807 2849 
12150 4 0 4451 2234 2410 984 
12151 4 0 4318 386 994 4038 
12152 4 0 386 4318 994 4444 
12153 4 0 2101 3947 3162 3852 
12154 4 0 2047 3852 2101 3656 
12155 4 0 3844 4234 2909 3463 
12156 4 0 3496 2698 3938 2519 
12157 4 0 3472 3594 3262 3699 
12158 4 0 3555 1524 2630 1345 
12159 4 0 1826 968 970 1066 
12160 4 0 987 2926 2955 598 
12161 4 0 2955 598 2926 2651 
12162 4 0 4376 370 1002 3409 
12163 4 0 3020 1002 370 3409 
12164 4 0 4259 3272 3387 1303 
12165 4 0 966 3021 2829 2445 
12166 4 0 3668 606 2372 2231 
12167 4 0 3821 3163 3678 3687 
12168 4 0 1046 1048 2470 4276 
12169 4 0 1687 2514 3213 2927 
12170 4 0 3213 2737 2404 2670 
12171 4 0 2225 2670 2764 3213 
12172 4 0 4039 995 3289 2800 
12173 4 0 4328 2381 3208 2678 
12174 4 0 996 2363 580 3809 
12175 4 0 1818 2363 996 3809 
12176 4 0 3339 997 2369 3809 
12177 4 0 1792 3812 1462 752 
12178 4 0 1792 3812 2452 1462 
12179 4 0 2720 2764 944 2670 
12180 4 0 2798 2764 944 2720 
12181 4 0 3435 3813 1259 539 
12182 4 0 2157 901 2213 1507 
12183 4 0 1777 433 3889 1717 
12184 4 0 618 1040 1023 2794 
12185 4 0 662 2763 3408 3507 
12186 4 0 34 3020 2970 3405 
12187 4 0 831 830 2395 3443 
12188 4 0 2376 2494 3601 1584 
12189 4 0 2015 476 3814 84 
12190 4 0 2015 121 98 3814 
12191 4 0 2594 3976 3948 3882 
12192 4 0 2196 3451 1020 4403 
12193 4 0 3451 2326 3263 2432 
12194 4 0 931 1496 3471 2844 
12195 4 0 1333 2050 4169 2570 
12196 4 0 1975 1653 2638 681 
12197 4 0 1705 885 2863 1196 
12198 4 0 885 1704 1196 1705 
12199 4 0 2630 3555 1626 1677 
12200 4 0 4429 2630 1677 3555 
12201 4 0 375 1579 2740 3940 
12202 4 0 3827 1944 3775 4520 
12203 4 0 1944 3259 880 3064 
12204 4 0 3064 3827 4520 1944 
12205 4 0 2214 1081 3491 2850 
12206 4 0 3813 3837 1853 3435 
12207 4 0 1527 4392 2632 2849 
12208 4 0 3759 823 2393 3198 
12209 4 0 124 152 2784 1362 
12210 4 0 2611 712 2681 1014 
12211 4 0 4006 3320 4332 2484 
12212 4 0 3710 4006 2711 3320 
12213 4 0 3770 2488 3010 1778 
12214 4 0 4545 2845 2149 3130 
12215 4 0 2435 3959 3012 2282 
12216 4 0 2475 3856 3393 899 
12217 4 0 2765 448 3393 2475 
12218 4 0 2475 448 3393 3856 
12219 4 0 646 2577 3785 913 
12220 4 0 2742 3297 589 3557 
12221 4 0 1642 4451 2069 984 
12222 4 0 4451 2069 2410 1465 
12223 4 0 1220 3180 369 4388 
12224 4 0 3180 4170 369 4388 
12225 4 0 2004 3630 2727 2079 
12226 4 0 1750 2385 2280 2631 
12227 4 0 2569 2840 3084 3235 
12228 4 0 3817 3217 4300 1798 
12229 4 0 3817 1840 1280 1798 
12230 4 0 3471 3889 90 111 
12231 4 0 3872 3471 90 111 
12232 4 0 3041 111 3471 3872 
12233 4 0 1585 3726 4357 2500 
12234 4 0 2683 2177 2556 1658 
12235 4 0 2810 3203 652 3190 
12236 4 0 1658 3655 2683 2369 
12237 4 0 3576 2975 4571 2608 
12238 4 0 3368 3035 1005 1471 
12239 4 0 3826 110 3269 3214 
12240 4 0 2196 3263 2432 3451 
12241 4 0 3562 4412 4408 3711 
12242 4 0 629 4154 522 3770 
12243 4 0 2902 4058 3440 2544 
12244 4 0 2892 1556 1307 2103 
12245 4 0 1307 4165 1034 2892 
12246 4 0 2892 4165 3596 1307 
12247 4 0 3067 1321 3546 2575 
12248 4 0 1165 2401 1279 1636 
12249 4 0 3694 497 3130 289 
12250 4 0 1450 2839 3430 3624 
12251 4 0 2860 2848 1547 2265 
12252 4 0 1366 2848 1419 2782 
12253 4 0 3214 110 3872 90 
12254 4 0 1471 861 2822 674 
12255 4 0 2015 3861 2065 1637 
12256 4 0 2893 4488 2856 3179 
12257 4 0 3179 2856 691 4488 
12258 4 0 1319 3575 1510 133 
12259 4 0 3182 3179 4488 3600 
12260 4 0 3182 691 4488 3179 
12261 4 0 4351 3822 1208 4348 
12262 4 0 4351 3822 748 1208 
12263 4 0 372 1975 2638 3996 
12264 4 0 3542 3202 4407 2033 
12265 4 0 4133 2329 2978 3590 
12266 4 0 939 3202 2033 4407 
12267 4 0 4163 2329 828 2978 
12268 4 0 2329 2978 4163 4133 
12269 4 0 4133 2329 3590 1734 
12270 4 0 2961 2138 1635 2525 
12271 4 0 725 2328 3433 2430 
12272 4 0 3825 3980 3401 490 
12273 4 0 3401 3980 3825 1630 
12274 4 0 2211 4249 3831 663 
12275 4 0 3609 3212 2211 3831 
12276 4 0 3758 2334 526 1601 
12277 4 0 1017 2907 2915 2819 
12278 4 0 2692 3533 954 4521 
12279 4 0 1088 1462 594 1352 
12280 4 0 2817 4086 779 1410 
12281 4 0 3510 4230 3642 2203 
12282 4 0 588 442 3858 834 
12283 4 0 1424 3426 2515 3721 
12284 4 0 4434 3721 3764 3426 
12285 4 0 2900 3096 3635 3824 
12286 4 0 2974 1338 3828 2368 
12287 4 0 3828 2368 1338 4274 
12288 4 0 4299 3056 3946 3852 
12289 4 0 4193 473 3679 2380 
12290 4 0 576 3810 1790 3829 
12291 4 0 576 3829 1790 3380 
12292 4 0 3750 3829 3810 2476 
12293 4 0 2377 2451 2259 551 
12294 4 0 2259 2451 3334 551 
12295 4 0 4201 3537 2997 4056 
12296 4 0 3913 2845 3389 2769 
12297 4 0 4018 2796 2845 3913 
12298 4 0 2424 3389 1580 3513 
12299 4 0 3214 3269 3872 110 
12300 4 0 2784 4311 1362 1872 
12301 4 0 1363 2784 4311 1362 
12302 4 0 1583 2962 3075 2239 
12303 4 0 3312 1752 3384 333 
12304 4 0 3403 4019 1001 2141 
12305 4 0 627 3835 4555 4550 
12306 4 0 2974 3840 2139 2218 
12307 4 0 2064 3060 2635 3116 
12308 4 0 352 3060 2623 2064 
12309 4 0 2623 3060 2635 2064 
12310 4 0 352 3060 2064 359 
12311 4 0 3902 3685 3493 3507 
12312 4 0 4544 2526 2768 4290 
12313 4 0 4032 3408 2489 3109 
12314 4 0 3474 2044 2062 1673 
12315 4 0 724 2303 2787 1663 
12316 4 0 1515 1020 2432 2864 
12317 4 0 1020 2432 2609 1515 
12318 4 0 4568 1477 2092 3729 
12319 4 0 4568 2092 2710 3729 
12320 4 0 3729 4568 1477 314 
12321 4 0 3843 3303 1008 1269 
12322 4 0 479 3562 3577 2524 
12323 4 0 3405 44 34 1137 
12324 4 0 1863 3782 3692 779 
12325 4 0 4393 4394 4283 606 
12326 4 0 4393 1127 4394 606 
12327 4 0 2580 1006 1939 1199 
12328 4 0 3533 1851 954 3850 
12329 4 0 578 3383 2804 2708 
12330 4 0 3469 3850 3486 4470 
12331 4 0 3692 1757 3037 3109 
12332 4 0 2885 3674 996 1171 
12333 4 0 2528 2693 487 2826 
12334 4 0 4556 2978 4163 3669 
12335 4 0 3534 2329 4163 4133 
12336 4 0 1218 59 2390 1501 
12337 4 0 2390 59 854 3066 
12338 4 0 1909 3767 1931 1611 
12339 4 0 3767 1931 1611 3665 
12340 4 0 1779 3768 3944 2156 
12341 4 0 2045 3924 1562 2637 
12342 4 0 3861 1466 121 575 
12343 4 0 2924 3583 3736 2332 
12344 4 0 3192 2680 3262 3296 
12345 4 0 1946 2338 2924 3583 
12346 4 0 1946 3583 2924 2332 
12347 4 0 2924 2338 4189 3583 
12348 4 0 921 1511 2417 4547 
12349 4 0 2035 2437 4454 2945 
12350 4 0 2685 2218 3840 2368 
12351 4 0 693 3840 2685 2218 
12352 4 0 2478 2671 3001 515 
12353 4 0 2478 2897 2671 515 
12354 4 0 3863 1663 724 2226 
12355 4 0 1965 3433 3863 724 
12356 4 0 1843 3474 373 2121 
12357 4 0 3729 4550 2309 322 
12358 4 0 29 2812 3841 1159 
12359 4 0 1478 4004 1777 2255 
12360 4 0 1923 1478 1777 2753 
12361 4 0 2920 1657 3040 2209 
12362 4 0 1174 2685 2218 2440 
12363 4 0 298 3230 1937 3545 
12364 4 0 292 3545 1937 3462 
12365 4 0 529 2654 3696 974 
12366 4 0 880 1171 2937 2929 
12367 4 0 380 1987 825 2503 
12368 4 0 3516 1007 3960 958 
12369 4 0 2566 2613 3672 4116 
12370 4 0 519 4278 1933 1969 
12371 4 0 4278 3884 3812 519 
12372 4 0 4149 2190 4075 2720 
12373 4 0 4225 485 530 3836 
12374 4 0 2644 1847 668 2868 
12375 4 0 392 2297 769 461 
12376 4 0 974 1378 1428 2715 
12377 4 0 3897 3804 974 3891 
12378 4 0 1461 3128 4496 408 
12379 4 0 3592 3091 4382 2487 
12380 4 0 1579 2740 533 1243 
12381 4 0 1281 780 781 1446 
12382 4 0 2458 2508 3424 4229 
12383 4 0 4154 3792 4077 3770 
12384 4 0 3038 2442 2649 1231 
12385 4 0 1126 3456 1904 526 
12386 4 0 1904 1601 2334 1983 
12387 4 0 3286 1222 1076 4172 
12388 4 0 3847 3815 2226 2787 
12389 4 0 3528 3266 1400 3250 
12390 4 0 3685 3620 3493 662 
12391 4 0 2133 3484 2663 410 
12392 4 0 668 1274 3484 3588 
12393 4 0 2663 3484 2133 3588 
12394 4 0 2933 1274 3588 1564 
12395 4 0 2085 928 2678 2541 
12396 4 0 2490 3112 2880 2602 
12397 4 0 2405 1498 3580 2790 
12398 4 0 794 401 2492 523 
12399 4 0 3476 1430 3801 750 
12400 4 0 2413 417 1156 4053 
12401 4 0 813 4395 535 623 
12402 4 0 2575 4053 3075 1156 
12403 4 0 3416 2916 4487 2081 
12404 4 0 2389 2695 3321 3922 
12405 4 0 1273 2389 2695 3321 
12406 4 0 3178 815 2903 584 
12407 4 0 694 2962 1845 2257 
12408 4 0 4040 3890 1933 1969 
12409 4 0 3568 1594 1446 3890 
12410 4 0 3568 3890 3527 1594 
12411 4 0 3420 4196 2761 3218 
12412 4 0 3518 3019 4017 143 
12413 4 0 3357 3697 2402 2953 
12414 4 0 3019 2334 4017 143 
12415 4 0 3492 3021 2445 2340 
12416 4 0 3871 572 3171 2698 
12417 4 0 2155 653 654 3566 
12418 4 0 3138 2470 4276 3302 
12419 4 0 947 1773 3966 3578 
12420 4 0 3868 2759 1773 3966 
12421 4 0 3426 371 2515 3764 
12422 4 0 3862 537 3897 2099 
12423 4 0 776 3300 779 1863 
12424 4 0 1943 2620 4470 3850 
12425 4 0 3072 552 1943 3850 
12426 4 0 3850 552 1943 2620 
12427 4 0 3072 2578 3850 1943 
12428 4 0 2922 1131 3039 2895 
12429 4 0 3486 3850 4046 4470 
12430 4 0 3091 3188 664 2027 
12431 4 0 3608 2961 1278 1635 
12432 4 0 2712 3608 2961 1278 
12433 4 0 3692 4032 1410 1697 
12434 4 0 2548 4011 485 3260 
12435 4 0 580 3210 506 3013 
12436 4 0 2177 2365 2852 1167 
12437 4 0 4450 1038 3965 2739 
12438 4 0 959 2582 628 2682 
12439 4 0 520 2582 438 909 
12440 4 0 959 628 2582 1132 
12441 4 0 200 2582 909 1132 
12442 4 0 2158 3562 1417 2164 
12443 4 0 92 1413 3931 3851 
12444 4 0 3947 3852 3946 3162 
12445 4 0 2721 3035 3368 1471 
12446 4 0 2040 767 2205 1161 
12447 4 0 3634 2608 1047 2739 
12448 4 0 1215 3633 2489 3186 
12449 4 0 2545 4257 530 2562 
12450 4 0 1768 3187 3297 3151 
12451 4 0 2870 3087 2314 1899 
12452 4 0 2314 1412 3087 2736 
12453 4 0 3779 2736 2870 2086 
12454 4 0 4527 3779 2797 2870 
12455 4 0 2577 3146 3229 913 
12456 4 0 2829 966 914 2577 
12457 4 0 3576 3387 4061 2975 
12458 4 0 986 3773 122 1878 
12459 4 0 2782 708 3869 2158 
12460 4 0 1365 3869 2158 2782 
12461 4 0 4394 4160 3285 3148 
12462 4 0 1410 779 3692 1697 
12463 4 0 4373 4378 515 125 
12464 4 0 102 889 515 4373 
12465 4 0 1920 400 4092 685 
12466 4 0 1479 4305 3769 3633 
12467 4 0 52 2788 2058 45 
12468 4 0 3061 2156 2316 3717 
12469 4 0 4221 4281 2541 3978 
12470 4 0 69 3084 791 2569 
12471 4 0 2901 243 3373 272 
12472 4 0 3290 3669 818 3268 
12473 4 0 1624 2664 1641 4425 
12474 4 0 1641 2095 1624 4425 
12475 4 0 3257 849 3659 2410 
12476 4 0 2777 3190 3203 2810 
12477 4 0 2810 3203 2777 461 
12478 4 0 2155 3566 2777 653 
12479 4 0 2777 653 3190 2810 
12480 4 0 3257 2410 3473 849 
12481 4 0 3153 3752 2881 3807 
12482 4 0 3364 2244 4536 1067 
12483 4 0 599 3355 2451 2570 
12484 4 0 977 2161 599 3355 
12485 4 0 3295 3263 1129 2696 
12486 4 0 545 1780 3625 763 
12487 4 0 3557 3270 3297 2387 
12488 4 0 4518 3766 4489 3858 
12489 4 0 4593 4518 4489 3858 
12490 4 0 435 1495 685 3070 
12491 4 0 3859 630 3538 3654 
12492 4 0 3538 912 630 3859 
12493 4 0 3281 2496 3283 2857 
12494 4 0 2712 3608 2201 2961 
12495 4 0 4418 3875 4025 4037 
12496 4 0 3361 4014 3613 3875 
12497 4 0 2407 2888 2014 3796 
12498 4 0 2407 2014 4302 4247 
12499 4 0 3513 3389 4018 2424 
12500 4 0 4560 3745 3301 4034 
12501 4 0 3745 3128 555 3301 
12502 4 0 4560 780 3301 3745 
12503 4 0 3767 3665 519 3953 
12504 4 0 519 3767 3953 4559 
12505 4 0 3384 1481 1931 1611 
12506 4 0 268 262 1879 2056 
12507 4 0 2056 3747 1879 3908 
12508 4 0 1701 4278 3885 1969 
12509 4 0 1810 3892 4045 1520 
12510 4 0 875 863 877 783 
12511 4 0 128 1413 3008 3931 
12512 4 0 4078 3673 593 1882 
12513 4 0 679 3408 3879 4113 
12514 4 0 2763 3507 3879 679 
12515 4 0 2442 22 31 3653 
12516 4 0 1516 1425 568 3649 
12517 4 0 568 1267 3361 3649 
12518 4 0 1453 385 4382 3215 
12519 4 0 4474 3606 408 4585 
12520 4 0 4496 4585 4474 408 
12521 4 0 21 3880 955 619 
12522 4 0 741 736 2735 1880 
12523 4 0 2735 1889 741 1880 
12524 4 0 504 682 4026 3909 
12525 4 0 1833 4026 682 3909 
12526 4 0 2382 3015 2851 2373 
12527 4 0 3613 4014 813 4397 
12528 4 0 974 2654 2715 3897 
12529 4 0 2099 2211 2193 3897 
12530 4 0 3119 2211 2193 2099 
12531 4 0 537 3119 2099 3303 
12532 4 0 537 2099 3862 3303 
12533 4 0 3071 3938 2519 2708 
12534 4 0 2489 3782 3620 3692 
12535 4 0 1804 1313 490 3439 
12536 4 0 2594 3882 3930 3976 
12537 4 0 3724 1602 3221 3755 
12538 4 0 4138 2638 3945 623 
12539 4 0 3205 223 3310 2958 
12540 4 0 2958 3310 1445 3937 
12541 4 0 1408 3883 592 4112 
12542 4 0 731 1068 1069 3455 
12543 4 0 679 3455 1069 2691 
12544 4 0 3011 3578 4122 2261 
12545 4 0 1050 1237 556 3981 
12546 4 0 3981 1237 556 3011 
12547 4 0 1004 1268 2058 1368 
12548 4 0 2638 1975 681 813 
12549 4 0 2638 1975 813 3996 
12550 4 0 4530 2308 3186 2024 
12551 4 0 2451 2757 2493 2377 
12552 4 0 2244 1067 2734 4536 
12553 4 0 3348 662 183 3685 
12554 4 0 2120 1668 4215 4354 
12555 4 0 534 3784 536 2183 
12556 4 0 3071 2963 3950 536 
12557 4 0 536 3119 3071 2963 
12558 4 0 536 3950 3071 3784 
12559 4 0 2120 4215 140 4354 
12560 4 0 1446 780 555 3492 
12561 4 0 3870 3179 2496 691 
12562 4 0 529 3897 2654 974 
12563 4 0 968 974 1828 3929 
12564 4 0 3171 1747 3871 2698 
12565 4 0 3361 3754 3294 3649 
12566 4 0 3792 3010 2886 4077 
12567 4 0 963 3792 3010 2886 
12568 4 0 977 149 2570 599 
12569 4 0 1440 3549 626 1418 
12570 4 0 3240 3874 3130 289 
12571 4 0 3792 963 3010 1083 
12572 4 0 1882 3673 3983 1881 
12573 4 0 1653 1489 3994 3911 
12574 4 0 1537 3726 2653 3177 
12575 4 0 1537 3177 4295 4150 
12576 4 0 3942 2848 4409 2789 
12577 4 0 3275 2748 2023 3367 
12578 4 0 775 1481 1611 751 
12579 4 0 623 681 813 2638 
12580 4 0 739 1439 1883 2012 
12581 4 0 739 2371 2012 1824 
12582 4 0 2012 1890 739 1824 
12583 4 0 1522 1521 1517 3892 
12584 4 0 1520 1809 3892 1521 
12585 4 0 1517 1521 1520 3892 
12586 4 0 502 1748 3666 3280 
12587 4 0 1616 2963 1597 3982 
12588 4 0 3982 2963 1597 957 
12589 4 0 1513 433 4237 1777 
12590 4 0 1777 4237 386 433 
12591 4 0 1702 780 3745 781 
12592 4 0 3430 821 2318 379 
12593 4 0 95 113 3565 540 
12594 4 0 2265 3124 3693 809 
12595 4 0 36 4396 1387 955 
12596 4 0 2265 809 3693 1369 
12597 4 0 2414 3124 2265 2848 
12598 4 0 3297 3781 3509 492 
12599 4 0 375 2017 3361 1243 
12600 4 0 2226 4083 2299 3599 
12601 4 0 1799 3892 1720 1744 
12602 4 0 4498 3900 1070 413 
12603 4 0 739 1028 404 2371 
12604 4 0 404 738 1882 3983 
12605 4 0 1882 3983 3673 404 
12606 4 0 523 628 401 2682 
12607 4 0 3928 1916 657 3994 
12608 4 0 1489 2638 3994 372 
12609 4 0 1590 3407 3922 4577 
12610 4 0 2702 1718 861 389 
12611 4 0 1618 2435 3962 723 
12612 4 0 3962 4145 2435 1618 
12613 4 0 2420 2955 987 2926 
12614 4 0 1124 1021 300 1629 
12615 4 0 300 1021 4558 3682 
12616 4 0 1711 3682 4586 1021 
12617 4 0 4047 3590 2329 1734 
12618 4 0 4563 1909 519 3767 
12619 4 0 3767 1909 519 1611 
12620 4 0 1792 4462 1832 1431 
12621 4 0 1152 483 1497 2486 
12622 4 0 1655 550 3657 2416 
12623 4 0 2416 550 3657 3587 
12624 4 0 3732 611 1321 3136 
12625 4 0 3897 3804 1428 974 
12626 4 0 236 732 209 3908 
12627 4 0 236 209 871 3908 
12628 4 0 884 1033 2662 1032 
12629 4 0 861 389 3908 871 
12630 4 0 3860 605 2662 1032 
12631 4 0 3109 3692 2489 4032 
12632 4 0 3899 1463 3713 4615 
12633 4 0 3907 1597 3731 957 
12634 4 0 968 1066 1826 3904 
12635 4 0 2111 2481 1092 3446 
12636 4 0 3405 44 2604 56 
12637 4 0 1124 1752 321 4558 
12638 4 0 3384 1931 4010 1806 
12639 4 0 1806 1752 321 4010 
12640 4 0 2938 3405 1286 2604 
12641 4 0 2938 1286 3405 3715 
12642 4 0 624 625 3897 2193 
12643 4 0 2314 3456 526 1904 
12644 4 0 4270 504 3909 1443 
12645 4 0 3498 504 4270 3664 
12646 4 0 2283 3897 384 2700 
12647 4 0 3822 1060 3554 4095 
12648 4 0 1526 3735 3516 1733 
12649 4 0 4261 1540 2745 3970 
12650 4 0 4417 3862 537 1599 
12651 4 0 3633 3186 662 2489 
12652 4 0 3186 2308 3881 662 
12653 4 0 4546 1404 3881 2566 
12654 4 0 1404 1482 3881 2566 
12655 4 0 3731 1597 4338 4285 
12656 4 0 3707 2129 2013 998 
12657 4 0 2013 2580 2129 3707 
12658 4 0 67 3405 3715 2938 
12659 4 0 1743 3613 4399 3898 
12660 4 0 366 1239 3328 3399 
12661 4 0 3328 1560 3399 1239 
12662 4 0 3992 3747 4069 1879 
12663 4 0 262 3992 1879 3747 
12664 4 0 3811 3476 2386 595 
12665 4 0 2566 2613 2841 3672 
12666 4 0 1389 2838 3453 3044 
12667 4 0 2948 1389 3453 3044 
12668 4 0 4430 2874 3156 2832 
12669 4 0 3979 372 1753 1418 
12670 4 0 3979 3921 372 1418 
12671 4 0 3898 1995 3613 3038 
12672 4 0 2519 3531 3119 3482 
12673 4 0 4123 413 1492 3900 
12674 4 0 3901 2277 3011 3328 
12675 4 0 3901 1237 3011 2277 
12676 4 0 1237 3981 3901 3011 
12677 4 0 1378 2715 974 968 
12678 4 0 4231 3303 2786 1008 
12679 4 0 4464 2578 3277 1396 
12680 4 0 2578 1396 2330 3277 
12681 4 0 1396 2330 1557 2578 
12682 4 0 1113 4297 1386 1831 
12683 4 0 2816 2804 4061 3784 
12684 4 0 1749 2151 3136 3887 
12685 4 0 3925 1443 4270 3909 
12686 4 0 1652 2922 3610 2463 
12687 4 0 3236 1423 2594 1953 
12688 4 0 4024 1953 3236 2594 
12689 4 0 2149 2981 4146 318 
12690 4 0 4545 2845 4146 2149 
12691 4 0 4146 2149 318 4545 
12692 4 0 3780 1024 1531 733 
12693 4 0 674 1981 2383 3511 
12694 4 0 3476 1981 3747 3511 
12695 4 0 1393 1981 3747 3476 
12696 4 0 1058 4361 3865 3330 
12697 4 0 735 3908 236 268 
12698 4 0 1879 735 268 3908 
12699 4 0 2056 1879 268 3908 
12700 4 0 3594 3262 3172 3472 
12701 4 0 3629 550 1469 3016 
12702 4 0 4616 3073 3993 4440 
12703 4 0 605 3160 3343 2170 
12704 4 0 765 2331 604 541 
12705 4 0 765 3554 541 604 
12706 4 0 3435 3837 3952 3977 
12707 4 0 2277 3952 1795 3977 
12708 4 0 2534 2661 549 354 
12709 4 0 2534 354 549 341 
12710 4 0 705 4410 2127 2677 
12711 4 0 735 3908 732 236 
12712 4 0 2127 477 2677 4410 
12713 4 0 3856 2475 1130 899 
12714 4 0 2711 2003 2107 2484 
12715 4 0 3707 307 3425 998 
12716 4 0 4333 3994 1916 3928 
12717 4 0 907 3959 2282 3012 
12718 4 0 2643 2702 3722 174 
12719 4 0 2578 1851 3072 3850 
12720 4 0 2578 3850 1943 3486 
12721 4 0 1953 1281 781 518 
12722 4 0 1411 780 1698 1409 
12723 4 0 947 1773 3578 4122 
12724 4 0 1296 2901 1122 3511 
12725 4 0 750 3650 4279 3406 
12726 4 0 534 4014 2740 535 
12727 4 0 1408 3037 592 3883 
12728 4 0 3883 3037 592 3407 
12729 4 0 4042 3763 1800 384 
12730 4 0 4336 4287 4042 1776 
12731 4 0 3999 4042 1776 4336 
12732 4 0 682 4026 1611 3104 
12733 4 0 593 1437 734 3341 
12734 4 0 3104 1792 4026 1611 
12735 4 0 3104 1792 2452 504 
12736 4 0 3498 1462 504 3664 
12737 4 0 1857 1607 955 626 
12738 4 0 2228 4185 2515 3542 
12739 4 0 1397 1977 1981 1348 
12740 4 0 517 1977 1432 1981 
12741 4 0 4525 3161 3056 2336 
12742 4 0 679 2763 3523 3997 
12743 4 0 3997 2763 3348 3879 
12744 4 0 2778 3997 2763 4475 
12745 4 0 3997 2778 2763 3523 
12746 4 0 658 1799 3994 1283 
12747 4 0 2530 3004 3501 4211 
12748 4 0 3004 2766 4211 1155 
12749 4 0 1611 682 1769 3384 
12750 4 0 4246 1135 3193 2080 
12751 4 0 2456 3822 1060 604 
12752 4 0 1349 3236 1350 1467 
12753 4 0 734 3236 1349 1467 
12754 4 0 3495 3547 904 199 
12755 4 0 3859 2174 3755 1175 
12756 4 0 3127 548 2484 2221 
12757 4 0 3645 2954 2024 4500 
12758 4 0 2530 1200 3924 3501 
12759 4 0 2530 3085 1200 3004 
12760 4 0 1595 1131 3039 2922 
12761 4 0 3361 1243 2740 375 
12762 4 0 3754 375 2740 3940 
12763 4 0 2462 2451 2757 2493 
12764 4 0 2526 662 3186 2489 
12765 4 0 2079 2438 1986 3906 
12766 4 0 3822 748 926 2456 
12767 4 0 3822 1060 4095 4348 
12768 4 0 2803 2935 2530 1200 
12769 4 0 2183 3272 3387 4259 
12770 4 0 103 3487 87 3917 
12771 4 0 4026 782 682 775 
12772 4 0 2490 4054 85 101 
12773 4 0 3022 642 538 2976 
12774 4 0 3370 2429 1039 2495 
12775 4 0 3370 1039 2429 3332 
12776 4 0 553 524 2572 1153 
12777 4 0 403 1506 2270 524 
12778 4 0 3298 3962 3565 2272 
12779 4 0 553 1506 524 1153 
12780 4 0 4155 3698 2373 3444 
12781 4 0 3503 4145 3904 968 
12782 4 0 842 2596 850 3991 
12783 4 0 2596 3036 850 159 
12784 4 0 3797 2510 3261 4213 
12785 4 0 3994 1653 1144 2638 
12786 4 0 2692 4205 586 1816 
12787 4 0 1652 1595 3039 2922 
12788 4 0 1617 2963 624 1646 
12789 4 0 2963 536 624 1646 
12790 4 0 1051 536 2963 1646 
12791 4 0 3186 2526 2489 1215 
12792 4 0 166 4195 2695 967 
12793 4 0 3482 3531 2708 2519 
12794 4 0 3493 3685 662 3507 
12795 4 0 1440 3921 3549 1418 
12796 4 0 1440 3921 1418 920 
12797 4 0 3560 1225 2927 922 
12798 4 0 3099 1718 861 2702 
12799 4 0 3099 2702 861 2643 
12800 4 0 36 1387 2367 955 
12801 4 0 45 36 1387 2367 
12802 4 0 3609 2865 3119 3198 
12803 4 0 2148 1680 3362 3595 
12804 4 0 1654 2261 3578 3994 
12805 4 0 4399 3875 3749 3898 
12806 4 0 3875 3749 568 1516 
12807 4 0 2255 1777 2753 3889 
12808 4 0 2094 4293 714 713 
12809 4 0 946 2057 2822 2958 
12810 4 0 1744 3616 3911 3713 
12811 4 0 2370 4402 3805 1891 
12812 4 0 1791 2501 3210 3760 
12813 4 0 52 2788 1268 2058 
12814 4 0 45 2788 2058 3544 
12815 4 0 2796 4018 2845 2149 
12816 4 0 3533 2692 1337 4521 
12817 4 0 742 1029 408 1825 
12818 4 0 1317 366 3399 2593 
12819 4 0 668 3484 3521 2663 
12820 4 0 2778 3035 1823 4611 
12821 4 0 1388 3484 1274 410 
12822 4 0 3588 2133 1274 3484 
12823 4 0 2663 668 3484 3588 
12824 4 0 1274 3484 2133 410 
12825 4 0 710 516 3123 712 
12826 4 0 4333 3652 372 3996 
12827 4 0 1213 3390 3934 905 
12828 4 0 947 4122 3578 1535 
12829 4 0 3546 2310 980 462 
12830 4 0 2844 3471 931 3041 
12831 4 0 2137 931 2753 3227 
12832 4 0 2137 1496 3471 931 
12833 4 0 1004 1368 68 1268 
12834 4 0 580 2250 506 2501 
12835 4 0 3210 2501 1791 580 
12836 4 0 3747 2822 2056 674 
12837 4 0 3905 3577 4413 708 
12838 4 0 4610 1531 733 2285 
12839 4 0 2165 591 542 2713 
12840 4 0 1110 2049 2137 389 
12841 4 0 3245 3906 3662 1147 
12842 4 0 2438 3906 3148 532 
12843 4 0 3906 4363 1147 3245 
12844 4 0 2438 4363 1091 3906 
12845 4 0 4155 2308 2775 3915 
12846 4 0 4155 2308 3915 3645 
12847 4 0 1878 3773 122 1811 
12848 4 0 4058 2167 835 3483 
12849 4 0 3487 3929 3696 3700 
12850 4 0 3700 3487 3207 3696 
12851 4 0 3081 3487 2366 3929 
12852 4 0 1593 1281 1953 518 
12853 4 0 137 2844 3099 154 
12854 4 0 3099 2844 2702 154 
12855 4 0 3021 2526 2489 3492 
12856 4 0 2549 3021 2526 2585 
12857 4 0 2549 2526 1215 2585 
12858 4 0 1743 1613 1614 621 
12859 4 0 599 83 105 2462 
12860 4 0 2432 2196 2609 3255 
12861 4 0 2196 4403 1020 2609 
12862 4 0 3613 1753 813 1995 
12863 4 0 1525 972 533 2740 
12864 4 0 1525 533 4441 2740 
12865 4 0 4441 533 1579 2740 
12866 4 0 2373 2965 3444 3704 
12867 4 0 3487 3929 3700 2366 
12868 4 0 2366 3503 3081 4145 
12869 4 0 1068 729 3455 731 
12870 4 0 4476 1070 413 1822 
12871 4 0 2735 2016 1822 413 
12872 4 0 3603 413 4476 2347 
12873 4 0 4476 413 4084 2347 
12874 4 0 3631 680 1586 2962 
12875 4 0 1021 3682 300 1711 
12876 4 0 2962 2324 1586 1159 
12877 4 0 4558 1124 3665 1021 
12878 4 0 1587 1583 2257 2037 
12879 4 0 424 1027 4611 2778 
12880 4 0 861 389 1609 3368 
12881 4 0 861 389 3368 3908 
12882 4 0 2202 1442 1638 2724 
12883 4 0 519 1933 1934 3772 
12884 4 0 4021 103 3917 3487 
12885 4 0 3696 4021 3207 792 
12886 4 0 3696 4021 3487 3207 
12887 4 0 3310 3937 223 193 
12888 4 0 2611 2671 3001 2478 
12889 4 0 3722 3310 2702 2643 
12890 4 0 3722 3937 3310 193 
12891 4 0 2870 2736 2314 3087 
12892 4 0 1412 3087 2736 1474 
12893 4 0 347 682 1833 357 
12894 4 0 347 1833 682 3909 
12895 4 0 3874 3130 3694 3129 
12896 4 0 2518 3874 3694 3129 
12897 4 0 3129 3694 2518 2243 
12898 4 0 2958 3310 3937 223 
12899 4 0 3520 27 636 2950 
12900 4 0 1056 27 2950 16 
12901 4 0 1054 1101 475 3687 
12902 4 0 1659 3620 3685 4055 
12903 4 0 1800 3763 2700 384 
12904 4 0 3437 3112 3605 2387 
12905 4 0 3605 3703 3437 106 
12906 4 0 892 3536 2532 3725 
12907 4 0 3042 2910 894 484 
12908 4 0 734 1437 593 1349 
12909 4 0 1007 958 3525 3960 
12910 4 0 1710 3664 1089 1087 
12911 4 0 2701 3773 3702 91 
12912 4 0 4270 1710 1679 1087 
12913 4 0 4021 2858 874 3696 
12914 4 0 1403 1462 1832 1792 
12915 4 0 1947 1946 2777 2338 
12916 4 0 3664 3498 1462 1403 
12917 4 0 4559 519 4563 3772 
12918 4 0 4123 3772 3958 3276 
12919 4 0 3843 537 3862 3303 
12920 4 0 1273 2389 1311 2695 
12921 4 0 694 2257 4375 2522 
12922 4 0 694 2522 3631 2962 
12923 4 0 1110 2049 2858 622 
12924 4 0 2058 3544 2367 45 
12925 4 0 1387 2367 3544 45 
12926 4 0 1284 1720 3911 1799 
12927 4 0 3881 2775 2308 3915 
12928 4 0 2775 3915 3881 4546 
12929 4 0 4085 781 1701 518 
12930 4 0 3885 4085 1701 518 
12931 4 0 1432 1981 3476 1385 
12932 4 0 1449 3945 4051 4138 
12933 4 0 1449 4138 2638 3945 
12934 4 0 3035 1881 3413 1471 
12935 4 0 3294 3361 3875 4014 
12936 4 0 3361 4014 534 3613 
12937 4 0 4148 3272 3634 4187 
12938 4 0 3057 3814 3093 98 
12939 4 0 2380 3888 2665 4233 
12940 4 0 4233 509 2665 1670 
12941 4 0 3837 1267 568 1425 
12942 4 0 3813 1004 3535 3837 
12943 4 0 3888 509 2665 4233 
12944 4 0 1389 3626 2838 4508 
12945 4 0 1389 3626 2397 2838 
12946 4 0 2397 1389 3990 3626 
12947 4 0 1028 404 738 739 
12948 4 0 1882 2006 404 3673 
12949 4 0 1851 954 3850 3469 
12950 4 0 3469 3850 2578 3486 
12951 4 0 310 4558 1124 321 
12952 4 0 1806 1752 3665 4558 
12953 4 0 321 1752 1806 4558 
12954 4 0 795 2861 350 358 
12955 4 0 529 1600 1828 620 
12956 4 0 776 3948 1863 3893 
12957 4 0 3432 1010 3140 4494 
12958 4 0 4415 3964 535 3950 
12959 4 0 4398 4415 3950 1829 
12960 4 0 3529 4218 3114 2694 
12961 4 0 2638 1144 3899 1653 
12962 4 0 710 1996 516 2611 
12963 4 0 743 1805 2292 3333 
12964 4 0 3873 4038 4318 994 
12965 4 0 4005 994 3873 4318 
12966 4 0 3692 1757 1756 3037 
12967 4 0 3749 3898 3875 568 
12968 4 0 764 2053 1780 1032 
12969 4 0 262 3747 1879 2056 
12970 4 0 750 3511 3747 1296 
12971 4 0 2925 595 2313 3390 
12972 4 0 3339 2250 580 3809 
12973 4 0 1829 3950 4398 4068 
12974 4 0 3777 409 4524 3056 
12975 4 0 3958 519 3953 4559 
12976 4 0 701 1036 2690 1037 
12977 4 0 1036 1037 1786 2690 
12978 4 0 137 2844 3471 3099 
12979 4 0 1264 391 1746 2570 
12980 4 0 1743 3613 1753 4399 
12981 4 0 1753 1830 3613 813 
12982 4 0 2163 3802 2574 1381 
12983 4 0 2241 1414 2258 2163 
12984 4 0 3050 4537 3834 4134 
12985 4 0 4537 3050 2666 3096 
12986 4 0 2858 3696 529 2184 
12987 4 0 2631 2437 2280 1052 
12988 4 0 386 994 3429 4444 
12989 4 0 1528 3429 994 4444 
12990 4 0 4005 1528 994 4444 
12991 4 0 498 1912 2772 3953 
12992 4 0 2371 4475 1084 183 
12993 4 0 3615 2975 3461 3061 
12994 4 0 3352 2869 2965 4079 
12995 4 0 2869 2965 4079 427 
12996 4 0 1535 1654 3987 3921 
12997 4 0 3921 1535 1654 2261 
12998 4 0 3390 595 905 2925 
12999 4 0 3321 905 595 4126 
13000 4 0 4315 1311 4195 2695 
13001 4 0 2667 1994 852 3401 
13002 4 0 851 852 2667 4438 
13003 4 0 1743 1613 4399 1614 
13004 4 0 830 3251 2416 4291 
13005 4 0 2551 436 313 2889 
13006 4 0 1296 3511 3747 2056 
13007 4 0 2003 2221 4514 3127 
13008 4 0 1641 3923 701 2690 
13009 4 0 2466 3204 3755 3221 
13010 4 0 1427 1066 97 970 
13011 4 0 1427 3712 87 968 
13012 4 0 3568 1461 3677 1492 
13013 4 0 3586 748 3822 2456 
13014 4 0 3586 4581 2456 3822 
13015 4 0 3276 4559 4563 3772 
13016 4 0 2353 939 803 2033 
13017 4 0 2561 2679 1031 514 
13018 4 0 3665 1931 1806 2276 
13019 4 0 2276 1619 1806 3665 
13020 4 0 1619 4558 1806 3665 
13021 4 0 4213 3797 3740 3418 
13022 4 0 2977 2510 3136 3797 
13023 4 0 3736 4189 2065 3583 
13024 4 0 871 3908 861 946 
13025 4 0 2434 3924 2045 2637 
13026 4 0 2637 3924 1562 1200 
13027 4 0 1387 3544 2367 3898 
13028 4 0 1387 3898 3749 2145 
13029 4 0 2378 2755 2677 4185 
13030 4 0 1381 1000 678 2574 
13031 4 0 4375 1381 2574 1000 
13032 4 0 2257 3333 1381 1000 
13033 4 0 4414 1646 1617 624 
13034 4 0 3300 4106 1926 3882 
13035 4 0 3300 3882 1926 3930 
13036 4 0 3300 1926 1434 3930 
13037 4 0 878 2580 2592 2129 
13038 4 0 2129 3707 2592 998 
13039 4 0 1096 1904 3927 4551 
13040 4 0 2208 4551 3927 1904 
13041 4 0 806 706 705 1023 
13042 4 0 3348 3685 3902 3507 
13043 4 0 662 3620 3493 3408 
13044 4 0 705 1023 706 4410 
13045 4 0 4270 1443 1710 3664 
13046 4 0 1176 3138 3661 1169 
13047 4 0 3049 3803 2986 3410 
13048 4 0 3410 3441 3049 3803 
13049 4 0 1564 2508 3588 2933 
13050 4 0 3005 4280 1122 3511 
13051 4 0 3661 703 3690 3138 
13052 4 0 3138 3120 3690 2836 
13053 4 0 2836 3120 3690 836 
13054 4 0 3722 1445 3310 3937 
13055 4 0 2492 644 794 912 
13056 4 0 1928 518 1340 3968 
13057 4 0 1435 1340 3968 1928 
13058 4 0 1929 1340 1435 1928 
13059 4 0 3544 4064 568 2145 
13060 4 0 2318 1450 3430 472 
13061 4 0 3430 379 2318 1867 
13062 4 0 4475 1084 404 2371 
13063 4 0 699 4475 3606 2371 
13064 4 0 183 699 4585 2371 
13065 4 0 1450 1868 821 2912 
13066 4 0 2912 1868 821 717 
13067 4 0 1450 2912 821 511 
13068 4 0 3088 1191 3732 4289 
13069 4 0 3673 2006 734 1882 
13070 4 0 2896 3151 493 3187 
13071 4 0 2504 3932 3537 4056 
13072 4 0 1777 789 4237 1285 
13073 4 0 1777 4237 4048 386 
13074 4 0 2520 958 3960 3525 
13075 4 0 3964 4415 535 4262 
13076 4 0 535 4009 3964 4262 
13077 4 0 918 2689 2417 4303 
13078 4 0 932 2702 872 389 
13079 4 0 3042 894 4385 484 
13080 4 0 1541 2280 3956 929 
13081 4 0 2379 2280 2168 929 
13082 4 0 2927 2280 1541 2168 
13083 4 0 3280 3935 2694 2356 
13084 4 0 1283 1098 3966 1517 
13085 4 0 3952 3435 1519 1853 
13086 4 0 1756 592 3037 1757 
13087 4 0 592 1408 4509 517 
13088 4 0 2969 428 1316 3823 
13089 4 0 2969 1316 3023 3823 
13090 4 0 752 3812 3967 4041 
13091 4 0 3837 3361 1267 375 
13092 4 0 3500 2671 2944 590 
13093 4 0 2671 2880 2490 590 
13094 4 0 3745 781 1446 3716 
13095 4 0 3370 568 3361 3613 
13096 4 0 3361 3649 3875 568 
13097 4 0 3407 3408 3922 3455 
13098 4 0 3455 3407 3408 4113 
13099 4 0 389 1718 2137 2702 
13100 4 0 3113 2368 3969 2685 
13101 4 0 2218 3969 2368 2685 
13102 4 0 3987 3921 1143 556 
13103 4 0 1399 1143 4339 556 
13104 4 0 969 973 3429 1503 
13105 4 0 3687 513 3474 3163 
13106 4 0 3687 3474 1843 3163 
13107 4 0 2594 3930 1837 3976 
13108 4 0 4524 3656 3056 409 
13109 4 0 1711 1021 3971 1629 
13110 4 0 1188 508 219 4529 
13111 4 0 934 886 2053 3766 
13112 4 0 4145 3700 2366 3939 
13113 4 0 3939 4145 2497 2366 
13114 4 0 427 2584 2965 3444 
13115 4 0 3935 2500 2356 3055 
13116 4 0 3529 3114 2500 3935 
13117 4 0 2702 3985 174 154 
13118 4 0 3985 3746 2702 174 
13119 4 0 969 973 1378 3429 
13120 4 0 1378 3429 2715 968 
13121 4 0 968 1378 3429 969 
13122 4 0 1464 3167 3941 3791 
13123 4 0 3150 2445 4321 3492 
13124 4 0 4123 1660 3568 3772 
13125 4 0 2206 4235 2539 2572 
13126 4 0 2276 4559 3953 3767 
13127 4 0 3953 4559 2276 1619 
13128 4 0 4394 2438 2372 606 
13129 4 0 3668 4394 2372 606 
13130 4 0 1927 518 1953 4114 
13131 4 0 3492 2526 3150 3021 
13132 4 0 3441 4280 3049 3803 
13133 4 0 4277 1321 4286 3136 
13134 4 0 3565 4572 540 385 
13135 4 0 3667 4192 409 1480 
13136 4 0 3881 1482 2841 2566 
13137 4 0 937 1509 2544 2246 
13138 4 0 4318 386 4038 4048 
13139 4 0 568 1516 3749 2145 
13140 4 0 1105 4341 3944 1335 
13141 4 0 3429 2715 386 1503 
13142 4 0 895 771 2776 4094 
13143 4 0 372 1975 3996 3652 
13144 4 0 3187 493 3143 3151 
13145 4 0 2993 552 2620 3374 
13146 4 0 556 1143 3549 3921 
13147 4 0 4497 729 730 2464 
13148 4 0 2993 552 3850 2620 
13149 4 0 2993 552 3072 3850 
13150 4 0 3384 4010 1931 3989 
13151 4 0 2342 3451 3063 4403 
13152 4 0 2056 2901 3511 3373 
13153 4 0 3005 1320 4280 3511 
13154 4 0 1134 888 3547 3904 
13155 4 0 2435 3547 888 3904 
13156 4 0 2592 2744 878 335 
13157 4 0 1350 1434 4024 3236 
13158 4 0 2352 2247 3109 3672 
13159 4 0 1826 3073 1134 162 
13160 4 0 1826 3073 3547 1134 
13161 4 0 2633 3810 3488 576 
13162 4 0 4563 519 1934 3772 
13163 4 0 3357 4485 989 2704 
13164 4 0 3357 4485 827 1130 
13165 4 0 1855 4008 3940 1579 
13166 4 0 3405 1286 2604 2669 
13167 4 0 2163 1286 3405 2669 
13168 4 0 3405 2163 1137 3020 
13169 4 0 2734 3701 4506 4505 
13170 4 0 809 3124 2848 2265 
13171 4 0 3837 3361 375 2017 
13172 4 0 1664 399 2596 3450 
13173 4 0 2596 1120 3450 131 
13174 4 0 3423 3595 3589 2336 
13175 4 0 4226 3595 4534 3589 
13176 4 0 1066 968 87 3081 
13177 4 0 3035 4611 424 3983 
13178 4 0 1673 373 510 1054 
13179 4 0 3984 1614 621 1743 
13180 4 0 510 1673 2153 3080 
13181 4 0 1673 2153 3080 847 
13182 4 0 830 3251 2436 2416 
13183 4 0 4270 504 1443 3664 
13184 4 0 2436 2416 2395 830 
13185 4 0 2844 3985 2702 154 
13186 4 0 1391 742 1887 1886 
13187 4 0 556 4059 3981 366 
13188 4 0 2028 3281 3870 2496 
13189 4 0 973 2715 3429 1503 
13190 4 0 2270 2195 2849 3807 
13191 4 0 2849 3153 3807 2195 
13192 4 0 2261 1050 556 3987 
13193 4 0 2379 3956 915 261 
13194 4 0 2145 1516 1425 568 
13195 4 0 3898 2145 3544 568 
13196 4 0 3923 701 839 2554 
13197 4 0 623 535 3950 4415 
13198 4 0 1710 1889 2735 1880 
13199 4 0 872 1445 389 2702 
13200 4 0 3926 4131 1878 2922 
13201 4 0 1445 3310 861 2702 
13202 4 0 1836 1977 3341 1436 
13203 4 0 777 4085 1781 781 
13204 4 0 775 3989 348 682 
13205 4 0 1901 1088 3664 1089 
13206 4 0 1282 1458 1581 1049 
13207 4 0 1581 1458 3421 1049 
13208 4 0 2992 2410 2043 985 
13209 4 0 2081 3283 2550 3510 
13210 4 0 1411 1863 1953 3948 
13211 4 0 907 3959 887 1133 
13212 4 0 907 1212 3959 1133 
13213 4 0 3298 171 887 179 
13214 4 0 2873 3855 2795 4603 
13215 4 0 4532 1474 2736 3087 
13216 4 0 402 1189 2275 2586 
13217 4 0 2684 1189 2586 2275 
13218 4 0 2275 1189 4518 2684 
13219 4 0 4513 1189 4518 2275 
13220 4 0 466 3115 413 2347 
13221 4 0 3692 1699 779 3782 
13222 4 0 662 3348 2763 3507 
13223 4 0 3961 342 332 3909 
13224 4 0 901 4431 381 1507 
13225 4 0 901 4431 3241 381 
13226 4 0 3074 4431 1507 381 
13227 4 0 436 2453 2551 295 
13228 4 0 2634 1633 2551 295 
13229 4 0 830 3443 4540 2395 
13230 4 0 4540 2395 3443 2311 
13231 4 0 4100 2748 2786 4231 
13232 4 0 3950 1597 2963 3731 
13233 4 0 3060 4492 2623 2635 
13234 4 0 3812 1969 4278 519 
13235 4 0 3870 3281 691 2496 
13236 4 0 1836 3037 2817 3121 
13237 4 0 3954 732 2721 3368 
13238 4 0 3998 732 2721 3954 
13239 4 0 1317 3328 3399 366 
13240 4 0 2347 413 4084 3115 
13241 4 0 2830 1072 355 2824 
13242 4 0 355 2824 3296 2830 
13243 4 0 355 2824 356 3296 
13244 4 0 2940 2072 1811 2399 
13245 4 0 3816 3227 4038 4063 
13246 4 0 750 3747 262 1296 
13247 4 0 4055 1659 4557 3685 
13248 4 0 4014 2740 3361 534 
13249 4 0 3462 3094 2556 1164 
13250 4 0 2052 1540 3845 2745 
13251 4 0 1540 2745 2061 3845 
13252 4 0 568 4064 3837 1425 
13253 4 0 568 1267 3837 3361 
13254 4 0 568 3544 3837 4064 
13255 4 0 3837 1814 3977 1807 
13256 4 0 1814 3977 1807 1795 
13257 4 0 4055 3620 3685 3782 
13258 4 0 4578 4032 3407 4113 
13259 4 0 3493 3408 3620 3111 
13260 4 0 3153 3752 4190 2881 
13261 4 0 1807 3868 3774 3977 
13262 4 0 674 4028 1881 3673 
13263 4 0 1050 3011 4122 2261 
13264 4 0 2673 2964 3256 2207 
13265 4 0 1192 3441 1536 3803 
13266 4 0 156 3410 3049 3826 
13267 4 0 3485 3266 2140 3196 
13268 4 0 64 75 3813 539 
13269 4 0 536 3119 2393 3482 
13270 4 0 3692 2489 1757 3109 
13271 4 0 2806 3119 3482 823 
13272 4 0 3132 3675 4480 4062 
13273 4 0 4030 3651 813 1615 
13274 4 0 3652 1975 3996 813 
13275 4 0 3641 4149 3414 3642 
13276 4 0 3455 4577 3922 3407 
13277 4 0 2838 3044 4508 4609 
13278 4 0 3511 3476 2142 750 
13279 4 0 3747 3476 3511 750 
13280 4 0 2710 2092 4568 4533 
13281 4 0 3694 2092 2710 4533 
13282 4 0 3837 1267 1425 4064 
13283 4 0 4064 1004 3837 1267 
13284 4 0 2500 1585 3726 2356 
13285 4 0 3997 699 3902 3348 
13286 4 0 3908 268 2056 2057 
13287 4 0 946 268 3908 2057 
13288 4 0 498 4559 3953 1619 
13289 4 0 4097 3236 1439 734 
13290 4 0 3236 2565 3968 4097 
13291 4 0 2003 835 4058 2167 
13292 4 0 2579 2422 2895 3914 
13293 4 0 3578 3011 4122 1666 
13294 4 0 3998 2721 732 3995 
13295 4 0 3885 4278 4041 3812 
13296 4 0 3511 2056 3373 674 
13297 4 0 1281 780 1863 1953 
13298 4 0 3782 3620 3504 1932 
13299 4 0 1526 533 4441 1525 
13300 4 0 1927 1953 3976 4114 
13301 4 0 2294 910 2334 525 
13302 4 0 979 3666 2971 4329 
13303 4 0 3972 4062 3132 4500 
13304 4 0 1517 1098 1799 1283 
13305 4 0 1098 1517 1799 3892 
13306 4 0 539 3435 64 57 
13307 4 0 64 1794 3435 3813 
13308 4 0 143 2334 2340 3517 
13309 4 0 3765 3796 3626 2397 
13310 4 0 3018 2464 4576 3727 
13311 4 0 1807 3868 2759 3774 
13312 4 0 2759 1666 3774 3868 
13313 4 0 1580 2424 3513 2802 
13314 4 0 3804 974 1378 1428 
13315 4 0 2328 284 814 294 
13316 4 0 974 2654 3696 3929 
13317 4 0 750 3992 3747 4096 
13318 4 0 1289 3147 688 2765 
13319 4 0 2765 1289 4486 2288 
13320 4 0 1710 1889 1089 3664 
13321 4 0 658 1799 3911 3994 
13322 4 0 4106 3882 3300 776 
13323 4 0 2021 2893 665 2876 
13324 4 0 3328 1317 3399 3435 
13325 4 0 2353 3514 2677 3680 
13326 4 0 4027 782 4026 751 
13327 4 0 3083 2828 3078 2321 
13328 4 0 3078 3919 2321 2828 
13329 4 0 595 1696 3811 1407 
13330 4 0 2276 3665 1931 3767 
13331 4 0 3665 2276 3953 3767 
13332 4 0 783 4340 1360 2178 
13333 4 0 4279 1484 3650 4280 
13334 4 0 3187 2321 3083 2660 
13335 4 0 1188 4080 818 398 
13336 4 0 4512 1188 4080 818 
13337 4 0 1836 1977 517 3341 
13338 4 0 1836 1575 3121 3341 
13339 4 0 1592 3745 4560 4562 
13340 4 0 3772 1488 4563 3276 
13341 4 0 1934 4563 3772 1488 
13342 4 0 622 2858 1110 4614 
13343 4 0 4132 2858 622 4614 
13344 4 0 4614 4132 2858 147 
13345 4 0 4614 1110 390 2858 
13346 4 0 2245 3768 1779 2747 
13347 4 0 1609 967 3368 1026 
13348 4 0 210 967 190 730 
13349 4 0 679 3455 731 1069 
13350 4 0 2901 3005 3511 3373 
13351 4 0 2831 1529 4221 3978 
13352 4 0 2683 3655 2013 2369 
13353 4 0 1725 2852 2177 2365 
13354 4 0 2721 1471 2822 3747 
13355 4 0 1471 674 2822 3747 
13356 4 0 1620 3922 4112 1406 
13357 4 0 3727 3922 1620 1406 
13358 4 0 3727 1620 3922 4561 
13359 4 0 3899 3713 1384 4615 
13360 4 0 3713 4036 1458 1744 
13361 4 0 3812 752 3967 4081 
13362 4 0 626 1743 1613 3898 
13363 4 0 3384 4010 1752 1806 
13364 4 0 3265 2847 3688 4003 
13365 4 0 3911 1744 1799 1720 
13366 4 0 1941 1284 3911 658 
13367 4 0 2847 4199 3688 4003 
13368 4 0 3153 601 4190 3752 
13369 4 0 1755 595 3547 2386 
13370 4 0 2386 904 3547 199 
13371 4 0 216 2386 199 904 
13372 4 0 4051 4338 3945 4020 
13373 4 0 4004 1146 660 659 
13374 4 0 920 372 3921 1418 
13375 4 0 1710 558 1889 3664 
13376 4 0 1880 1089 1710 1889 
13377 4 0 2711 4006 2484 3320 
13378 4 0 4196 4191 2761 3224 
13379 4 0 4191 4196 4591 3224 
13380 4 0 4591 4196 4191 3420 
13381 4 0 539 2593 3399 47 
13382 4 0 57 3435 47 539 
13383 4 0 1975 1753 813 3652 
13384 4 0 1145 4613 1178 1386 
13385 4 0 1463 4050 4613 3421 
13386 4 0 452 3846 2968 2176 
13387 4 0 3421 4050 4613 4022 
13388 4 0 1299 1273 2851 2389 
13389 4 0 2347 741 558 1888 
13390 4 0 594 1888 1391 558 
13391 4 0 4440 1528 994 4005 
13392 4 0 781 3716 1702 4040 
13393 4 0 781 1702 4275 4040 
13394 4 0 1941 1284 3616 3911 
13395 4 0 3616 1284 1720 3911 
13396 4 0 1230 2855 897 1338 
13397 4 0 3041 3227 3392 2753 
13398 4 0 3041 3872 2753 3392 
13399 4 0 1449 3945 2638 1144 
13400 4 0 621 1111 906 626 
13401 4 0 906 626 1111 3549 
13402 4 0 413 1634 4084 3115 
13403 4 0 1207 1208 773 4348 
13404 4 0 1208 3822 748 773 
13405 4 0 1208 3822 773 4348 
13406 4 0 773 1207 4385 1208 
13407 4 0 3902 3685 3348 183 
13408 4 0 4507 1016 2972 1382 
13409 4 0 4164 3936 1742 3986 
13410 4 0 3986 3936 1751 4164 
13411 4 0 4164 1742 1860 3986 
13412 4 0 668 3588 1847 2933 
13413 4 0 1187 3078 2321 745 
13414 4 0 4008 1807 1579 2759 
13415 4 0 3940 1579 4008 1807 
13416 4 0 1888 2347 1821 3069 
13417 4 0 3069 742 1391 3115 
13418 4 0 1926 1437 3121 3300 
13419 4 0 814 1511 4547 2430 
13420 4 0 1711 288 300 1629 
13421 4 0 621 626 1743 1613 
13422 4 0 1701 1969 1933 4278 
13423 4 0 1560 3901 3328 1788 
13424 4 0 85 3703 3112 2602 
13425 4 0 85 2602 3112 2490 
13426 4 0 3968 1351 1989 1435 
13427 4 0 3968 2565 1989 1351 
13428 4 0 1780 1032 3343 2400 
13429 4 0 3902 3507 3493 3879 
13430 4 0 2721 1471 3368 2822 
13431 4 0 682 348 782 357 
13432 4 0 775 682 348 782 
13433 4 0 3205 3373 2056 674 
13434 4 0 1833 682 782 357 
13435 4 0 4026 682 782 1833 
13436 4 0 3549 3921 4334 1418 
13437 4 0 1753 1418 1808 3979 
13438 4 0 1743 1418 3549 4334 
13439 4 0 3368 2691 1069 3455 
13440 4 0 1607 619 955 626 
13441 4 0 21 36 955 3880 
13442 4 0 2261 3987 556 3921 
13443 4 0 2925 3547 595 905 
13444 4 0 1145 384 1146 1656 
13445 4 0 1656 384 1146 3999 
13446 4 0 1145 2700 384 1656 
13447 4 0 3377 3468 4170 3180 
13448 4 0 893 3180 3468 3377 
13449 4 0 3377 3180 3330 3006 
13450 4 0 1777 1478 2255 2753 
13451 4 0 1538 3106 583 4074 
13452 4 0 1928 1927 518 3968 
13453 4 0 3871 2698 1747 3706 
13454 4 0 3706 3871 2698 3237 
13455 4 0 775 1481 3989 3384 
13456 4 0 4038 1923 1777 2753 
13457 4 0 3696 792 873 874 
13458 4 0 874 4021 3696 792 
13459 4 0 2391 2046 4325 2985 
13460 4 0 535 4421 4416 4014 
13461 4 0 2391 549 2985 4325 
13462 4 0 3967 3812 3885 4041 
13463 4 0 1038 2406 1036 607 
13464 4 0 1038 3965 2406 607 
13465 4 0 1038 2739 2406 3965 
13466 4 0 1050 3987 1143 556 
13467 4 0 1432 4463 517 1385 
13468 4 0 3594 3699 2439 3296 
13469 4 0 3620 4032 3408 2489 
13470 4 0 3873 4038 3816 4318 
13471 4 0 2971 3055 4329 3666 
13472 4 0 2500 2356 3055 3739 
13473 4 0 4004 1145 1146 659 
13474 4 0 1849 3354 2201 2712 
13475 4 0 2712 3354 2201 3379 
13476 4 0 3435 47 3399 1788 
13477 4 0 190 730 967 4497 
13478 4 0 730 967 4497 2464 
13479 4 0 190 4497 967 1026 
13480 4 0 558 1710 1889 2735 
13481 4 0 4072 4613 1386 1113 
13482 4 0 3082 2971 3467 3666 
13483 4 0 1611 751 3884 4041 
13484 4 0 739 738 1882 404 
13485 4 0 3994 4333 1916 372 
13486 4 0 2058 1368 1268 62 
13487 4 0 52 1268 62 2058 
13488 4 0 1599 624 625 3897 
13489 4 0 624 4414 1599 1617 
13490 4 0 2929 2885 3485 3139 
13491 4 0 2137 931 4044 932 
13492 4 0 4447 702 3138 3302 
13493 4 0 264 3018 263 4576 
13494 4 0 264 3018 4126 3934 
13495 4 0 264 3727 4126 3018 
13496 4 0 2735 1822 2016 1531 
13497 4 0 3800 1782 1645 1822 
13498 4 0 3888 3306 473 2380 
13499 4 0 2753 931 3471 3041 
13500 4 0 2464 3455 3922 2695 
13501 4 0 3455 4577 729 3922 
13502 4 0 3455 4577 731 729 
13503 4 0 3455 4577 3407 4113 
13504 4 0 932 872 870 389 
13505 4 0 932 2137 2702 389 
13506 4 0 3425 3707 998 2592 
13507 4 0 4025 3613 4397 4014 
13508 4 0 2349 2491 2370 2628 
13509 4 0 290 302 2819 2907 
13510 4 0 124 4054 2490 101 
13511 4 0 1873 824 2804 2708 
13512 4 0 1386 2700 4089 1831 
13513 4 0 4116 1621 2613 3672 
13514 4 0 4108 4363 1147 3906 
13515 4 0 1706 4128 4075 3323 
13516 4 0 4143 3323 4128 1706 
13517 4 0 3248 3154 3271 637 
13518 4 0 2353 3271 3514 3680 
13519 4 0 2457 3845 2061 2745 
13520 4 0 2457 2745 2052 3845 
13521 4 0 1069 2778 2691 3954 
13522 4 0 3368 1069 2691 3954 
13523 4 0 4018 2149 3169 4146 
13524 4 0 1822 413 4476 3603 
13525 4 0 2149 4146 2981 3169 
13526 4 0 4244 2845 4018 4146 
13527 4 0 681 3899 1653 2638 
13528 4 0 3929 3081 87 968 
13529 4 0 3700 4145 3929 3696 
13530 4 0 3081 4145 968 3929 
13531 4 0 3477 2856 3325 3179 
13532 4 0 1810 1854 3960 3735 
13533 4 0 4217 4111 2110 772 
13534 4 0 1350 3968 4097 3236 
13535 4 0 3968 2565 1351 4097 
13536 4 0 4097 1884 1439 2565 
13537 4 0 4581 2456 1060 765 
13538 4 0 4109 1384 1941 3911 
13539 4 0 3899 1384 3713 3911 
13540 4 0 3713 1384 4615 4110 
13541 4 0 3128 4585 408 2371 
13542 4 0 3368 1068 729 3455 
13543 4 0 3301 976 3128 3685 
13544 4 0 4525 4542 3161 3307 
13545 4 0 2644 1847 2868 1852 
13546 4 0 3544 2788 1387 45 
13547 4 0 2644 2868 2663 2576 
13548 4 0 424 3983 3413 3035 
13549 4 0 3018 4082 263 4576 
13550 4 0 3331 1227 3903 4000 
13551 4 0 2844 1496 3471 2702 
13552 4 0 3096 1227 3331 4000 
13553 4 0 1934 4278 1933 519 
13554 4 0 1994 2479 3401 2350 
13555 4 0 3020 17 2970 370 
13556 4 0 28 2403 1002 3020 
13557 4 0 372 920 1753 1418 
13558 4 0 1001 2080 1135 3403 
13559 4 0 3945 3899 1144 4020 
13560 4 0 86 3227 112 1693 
13561 4 0 1454 3038 2649 1231 
13562 4 0 3038 1454 2649 1447 
13563 4 0 4112 3922 1590 3407 
13564 4 0 1192 4063 119 142 
13565 4 0 1493 816 584 445 
13566 4 0 1112 4612 372 3979 
13567 4 0 3986 2525 505 1751 
13568 4 0 1513 4237 1523 3975 
13569 4 0 3050 3695 3834 2060 
13570 4 0 4236 2164 718 3017 
13571 4 0 3782 1700 780 3301 
13572 4 0 3782 780 3893 1863 
13573 4 0 3813 1004 3837 1368 
13574 4 0 785 1692 2899 248 
13575 4 0 1897 206 2899 248 
13576 4 0 1692 261 2899 248 
13577 4 0 3037 3883 1468 3407 
13578 4 0 2663 2868 668 3588 
13579 4 0 2459 2948 3453 3356 
13580 4 0 3356 3453 3539 2103 
13581 4 0 1390 3453 3539 3356 
13582 4 0 1390 2459 3453 3356 
13583 4 0 1379 2459 3990 3453 
13584 4 0 1379 3990 3539 3453 
13585 4 0 1051 1646 2963 1616 
13586 4 0 4237 1523 3367 1513 
13587 4 0 1837 4024 1350 1434 
13588 4 0 2828 3270 3919 2321 
13589 4 0 2937 2929 3674 3760 
13590 4 0 695 2203 4238 2485 
13591 4 0 1406 3922 4112 592 
13592 4 0 4126 595 3922 1406 
13593 4 0 4028 1881 3673 4078 
13594 4 0 1348 1397 4078 4028 
13595 4 0 3301 4560 4029 780 
13596 4 0 4029 780 1592 1698 
13597 4 0 536 3222 624 1646 
13598 4 0 2983 3529 4218 4374 
13599 4 0 570 1336 2491 4254 
13600 4 0 750 262 3747 3992 
13601 4 0 4030 813 4395 1615 
13602 4 0 1531 3925 1710 1762 
13603 4 0 3274 2379 4216 2337 
13604 4 0 2379 915 252 277 
13605 4 0 277 4216 252 2379 
13606 4 0 1882 593 734 3673 
13607 4 0 4311 1739 2784 1363 
13608 4 0 3774 2277 1795 3977 
13609 4 0 1807 3977 3774 1795 
13610 4 0 428 979 1426 2703 
13611 4 0 1973 428 1426 2703 
13612 4 0 776 3893 1863 3782 
13613 4 0 2274 1099 2974 2799 
13614 4 0 3837 3435 3952 1853 
13615 4 0 624 3222 537 4414 
13616 4 0 3099 2844 3471 2702 
13617 4 0 3099 2702 3471 2137 
13618 4 0 4067 1615 813 3651 
13619 4 0 408 4474 1029 3876 
13620 4 0 556 655 2286 3428 
13621 4 0 3504 4032 4578 3620 
13622 4 0 4552 3376 1900 1955 
13623 4 0 1348 4078 1397 1436 
13624 4 0 1617 4297 2963 3982 
13625 4 0 1831 1617 4297 624 
13626 4 0 4112 3922 3407 592 
13627 4 0 592 595 3922 3109 
13628 4 0 592 3883 3407 4112 
13629 4 0 3294 4014 4037 4421 
13630 4 0 4419 4037 4014 4421 
13631 4 0 3998 2721 3035 3954 
13632 4 0 2757 1864 4446 3097 
13633 4 0 3413 1881 3035 3983 
13634 4 0 3998 1471 3995 737 
13635 4 0 2321 3078 491 745 
13636 4 0 3681 4487 2916 2535 
13637 4 0 3681 1539 2535 2916 
13638 4 0 1883 1884 2012 1439 
13639 4 0 3664 558 1088 1462 
13640 4 0 122 91 3773 2701 
13641 4 0 2347 558 1391 1888 
13642 4 0 1889 1088 558 594 
13643 4 0 3208 2541 3833 3249 
13644 4 0 4221 2541 3833 3208 
13645 4 0 2859 3092 1865 1622 
13646 4 0 1622 1865 2859 1657 
13647 4 0 1702 780 1592 3745 
13648 4 0 1923 1285 789 1777 
13649 4 0 3911 1799 658 1284 
13650 4 0 3535 1004 1267 3837 
13651 4 0 3547 904 4126 905 
13652 4 0 4014 4416 535 813 
13653 4 0 3782 780 2489 3301 
13654 4 0 1619 1021 498 3682 
13655 4 0 3998 1471 2721 3995 
13656 4 0 2721 3035 1471 3998 
13657 4 0 2895 208 3914 2422 
13658 4 0 576 1709 3829 3380 
13659 4 0 3829 1709 2633 2622 
13660 4 0 183 699 3348 3902 
13661 4 0 4399 4418 3875 4025 
13662 4 0 851 3168 4438 1627 
13663 4 0 4223 4438 1627 2461 
13664 4 0 3168 4223 1627 1421 
13665 4 0 3942 4409 2848 3124 
13666 4 0 2982 545 2586 3636 
13667 4 0 4337 3996 4120 3652 
13668 4 0 4067 813 1830 3652 
13669 4 0 4120 3996 4337 3651 
13670 4 0 3525 4443 3819 1007 
13671 4 0 3525 2786 3819 4443 
13672 4 0 1324 3819 1007 3525 
13673 4 0 3923 3451 3371 857 
13674 4 0 3923 3451 857 2598 
13675 4 0 1410 4032 3692 3037 
13676 4 0 1468 1410 3867 3037 
13677 4 0 1110 2137 656 112 
13678 4 0 1110 112 656 138 
13679 4 0 661 4012 3795 1478 
13680 4 0 1923 661 1777 1478 
13681 4 0 3983 4611 1823 3035 
13682 4 0 1777 4004 660 1285 
13683 4 0 4004 659 660 1285 
13684 4 0 2753 3471 3889 3214 
13685 4 0 1613 1743 4399 3898 
13686 4 0 1697 779 1699 4086 
13687 4 0 3692 4032 1697 3504 
13688 4 0 3892 1744 431 4045 
13689 4 0 1198 3691 3596 1708 
13690 4 0 3691 3596 3356 2103 
13691 4 0 3691 3596 2103 2892 
13692 4 0 4288 1345 2630 2660 
13693 4 0 4106 779 4086 776 
13694 4 0 776 3782 4086 1699 
13695 4 0 4105 1830 3613 1753 
13696 4 0 4105 3613 1830 4025 
13697 4 0 4014 3613 3875 4025 
13698 4 0 4574 2852 1167 1380 
13699 4 0 2852 4204 1167 1380 
13700 4 0 1973 428 2703 4131 
13701 4 0 428 3082 2703 4131 
13702 4 0 3329 4131 1973 2703 
13703 4 0 819 1474 1412 3362 
13704 4 0 819 3362 1412 2730 
13705 4 0 368 1533 2645 4015 
13706 4 0 3475 2007 4015 3003 
13707 4 0 1533 2645 4015 4402 
13708 4 0 1394 1930 1351 3968 
13709 4 0 1930 1394 1927 3968 
13710 4 0 3435 3977 3952 3328 
13711 4 0 700 838 2908 856 
13712 4 0 3952 1814 1795 3977 
13713 4 0 2594 1863 776 3948 
13714 4 0 2594 3882 3948 776 
13715 4 0 3899 1463 4615 4338 
13716 4 0 3889 3471 90 3214 
13717 4 0 3671 3805 2908 3278 
13718 4 0 72 3646 60 2754 
13719 4 0 3462 3545 3094 292 
13720 4 0 2556 3545 3094 3462 
13721 4 0 1283 3578 1799 3994 
13722 4 0 1594 1446 3890 4040 
13723 4 0 1701 1969 781 4040 
13724 4 0 3128 1446 3568 4562 
13725 4 0 3716 1446 3745 4562 
13726 4 0 3952 1814 3977 3837 
13727 4 0 1582 2037 2327 500 
13728 4 0 805 825 3248 615 
13729 4 0 615 4200 805 804 
13730 4 0 3248 615 4200 805 
13731 4 0 1145 1581 659 4004 
13732 4 0 2753 3392 3872 3269 
13733 4 0 2753 3227 3392 3269 
13734 4 0 2753 3471 3214 3872 
13735 4 0 3240 3389 4244 2845 
13736 4 0 527 2253 1333 4169 
13737 4 0 3479 2617 761 766 
13738 4 0 3428 4339 3549 556 
13739 4 0 444 2544 420 3796 
13740 4 0 3796 420 444 2397 
13741 4 0 4306 444 3796 2544 
13742 4 0 4097 1394 1351 3968 
13743 4 0 2397 3211 444 3796 
13744 4 0 4306 3211 3796 444 
13745 4 0 444 4306 3211 1327 
13746 4 0 2822 3747 2056 3908 
13747 4 0 2731 3770 3705 2073 
13748 4 0 3908 2056 2822 2057 
13749 4 0 3216 2244 4536 2888 
13750 4 0 2888 3364 2244 4536 
13751 4 0 427 2965 4219 3704 
13752 4 0 3704 2965 3444 427 
13753 4 0 2594 4024 1837 1434 
13754 4 0 3976 2594 4024 1837 
13755 4 0 517 4463 1432 1859 
13756 4 0 517 1977 1859 1432 
13757 4 0 1908 2850 2192 3938 
13758 4 0 4055 4557 3301 3685 
13759 4 0 1110 112 4044 2137 
13760 4 0 112 2137 931 4044 
13761 4 0 587 4599 2729 4471 
13762 4 0 2536 3385 3293 544 
13763 4 0 544 3293 3098 3385 
13764 4 0 2594 1837 3930 1434 
13765 4 0 4024 3236 1434 2594 
13766 4 0 3900 4476 1070 413 
13767 4 0 372 3921 1916 3994 
13768 4 0 4077 3835 522 4552 
13769 4 0 4086 1699 3782 779 
13770 4 0 2551 2889 313 2989 
13771 4 0 1633 2989 2551 313 
13772 4 0 2265 3124 709 3693 
13773 4 0 946 2057 3908 2822 
13774 4 0 780 1953 1409 1411 
13775 4 0 4339 655 3428 619 
13776 4 0 4339 655 556 3428 
13777 4 0 166 390 2695 2858 
13778 4 0 620 2858 4132 147 
13779 4 0 622 2858 4132 529 
13780 4 0 390 166 4614 2858 
13781 4 0 10 2343 15 4361 
13782 4 0 4141 3421 1145 4022 
13783 4 0 4539 2846 442 2014 
13784 4 0 2280 2379 3956 929 
13785 4 0 528 1371 1485 139 
13786 4 0 2819 2907 2947 290 
13787 4 0 3097 2779 4600 4446 
13788 4 0 837 2779 3097 4446 
13789 4 0 2924 3583 4189 3736 
13790 4 0 3736 3814 2717 2065 
13791 4 0 4189 3814 3736 2065 
13792 4 0 780 1700 3893 1411 
13793 4 0 2338 4189 2065 3820 
13794 4 0 1411 780 1953 1863 
13795 4 0 1020 2864 801 702 
13796 4 0 3948 1411 1863 3893 
13797 4 0 366 3901 3011 3328 
13798 4 0 1239 3901 366 3328 
13799 4 0 3902 183 976 3685 
13800 4 0 803 2979 2033 939 
13801 4 0 24 600 2523 3676 
13802 4 0 1029 408 1825 4474 
13803 4 0 1387 1613 3749 3898 
13804 4 0 781 780 1953 1409 
13805 4 0 3926 1628 3297 2468 
13806 4 0 1676 1628 2969 3926 
13807 4 0 1807 375 1460 3940 
13808 4 0 3127 4058 2003 2484 
13809 4 0 3127 4058 2484 3440 
13810 4 0 3154 841 3821 2094 
13811 4 0 298 3545 1937 292 
13812 4 0 2012 408 3606 2371 
13813 4 0 3300 3882 3930 2594 
13814 4 0 1410 4032 1468 1697 
13815 4 0 4578 1468 4032 1697 
13816 4 0 615 2094 4307 714 
13817 4 0 1875 615 4200 4307 
13818 4 0 1348 1436 1397 1977 
13819 4 0 4200 615 3248 4307 
13820 4 0 347 3961 3909 342 
13821 4 0 2867 3849 2661 3783 
13822 4 0 965 3705 629 419 
13823 4 0 3613 1753 4399 4105 
13824 4 0 419 4188 522 629 
13825 4 0 4399 4105 3875 3613 
13826 4 0 1581 1145 4141 3421 
13827 4 0 4004 384 1145 1581 
13828 4 0 1887 1391 3069 742 
13829 4 0 3953 1619 2276 3665 
13830 4 0 511 2839 3164 3382 
13831 4 0 3035 2778 3954 2691 
13832 4 0 1404 3579 3881 1482 
13833 4 0 3227 1693 3816 4038 
13834 4 0 2611 712 710 2681 
13835 4 0 2681 2611 3062 710 
13836 4 0 1726 2451 2209 3040 
13837 4 0 4063 4038 3816 3873 
13838 4 0 3609 3337 1232 3119 
13839 4 0 2211 3337 3609 3119 
13840 4 0 3337 1232 3119 3531 
13841 4 0 2598 4240 857 3923 
13842 4 0 1558 3793 1219 3644 
13843 4 0 2882 1485 3273 3728 
13844 4 0 681 3950 2636 3731 
13845 4 0 435 2155 654 392 
13846 4 0 3891 1600 3897 2629 
13847 4 0 1377 3804 3897 3891 
13848 4 0 625 3897 2629 1599 
13849 4 0 2629 1377 3897 3891 
13850 4 0 3731 3899 1463 1178 
13851 4 0 2936 99 2071 2800 
13852 4 0 3348 4475 1084 2763 
13853 4 0 2629 1598 625 1599 
13854 4 0 3897 1377 2629 1599 
13855 4 0 492 2742 1312 146 
13856 4 0 1626 3151 2630 1677 
13857 4 0 1626 3151 1677 1316 
13858 4 0 3578 3868 3966 1098 
13859 4 0 4030 3651 623 813 
13860 4 0 813 2638 3651 623 
13861 4 0 4030 623 4395 813 
13862 4 0 645 3133 912 3228 
13863 4 0 3755 2174 3859 3133 
13864 4 0 3731 3950 623 681 
13865 4 0 2421 3402 3076 479 
13866 4 0 479 3402 3562 2524 
13867 4 0 3562 4412 3402 479 
13868 4 0 479 2421 3402 2524 
13869 4 0 3402 4412 3076 479 
13870 4 0 3983 737 3035 1823 
13871 4 0 3983 1881 3035 737 
13872 4 0 4096 3747 1393 3992 
13873 4 0 2894 1333 1370 4274 
13874 4 0 779 3782 4086 776 
13875 4 0 2430 814 812 4547 
13876 4 0 4024 1953 1927 3968 
13877 4 0 4287 4132 620 529 
13878 4 0 1776 4132 4287 529 
13879 4 0 814 1511 2430 2328 
13880 4 0 3795 622 4132 1776 
13881 4 0 4336 4287 1776 4132 
13882 4 0 4298 2722 4031 3886 
13883 4 0 2722 2039 4031 3886 
13884 4 0 1788 3328 3399 3435 
13885 4 0 47 1788 3435 1519 
13886 4 0 764 1780 2982 2400 
13887 4 0 1788 3952 3435 1519 
13888 4 0 4264 3986 505 1751 
13889 4 0 4264 505 3986 4502 
13890 4 0 4040 781 1446 1969 
13891 4 0 1282 1513 1458 3848 
13892 4 0 1458 1513 3894 3848 
13893 4 0 1282 1513 1581 1458 
13894 4 0 1513 3975 3894 3848 
13895 4 0 3975 3848 1513 1282 
13896 4 0 880 879 3064 3259 
13897 4 0 4038 3873 4063 994 
13898 4 0 478 3402 4196 2761 
13899 4 0 2421 3402 4196 3076 
13900 4 0 3402 4412 2656 3076 
13901 4 0 4412 707 3402 2656 
13902 4 0 2656 618 3402 478 
13903 4 0 535 4421 1266 4262 
13904 4 0 4416 4421 535 4262 
13905 4 0 1261 2847 3688 3265 
13906 4 0 1332 2485 2953 3912 
13907 4 0 3550 2402 3912 2953 
13908 4 0 2953 2402 3912 3697 
13909 4 0 119 3756 107 4063 
13910 4 0 4440 994 142 3873 
13911 4 0 539 47 3399 3435 
13912 4 0 57 47 3435 1519 
13913 4 0 1484 3993 3650 3803 
13914 4 0 3993 1484 3650 4279 
13915 4 0 142 3993 1192 4063 
13916 4 0 3080 373 4271 510 
13917 4 0 1673 510 373 3080 
13918 4 0 3135 4227 898 4482 
13919 4 0 685 4227 3135 4482 
13920 4 0 47 1560 35 3399 
13921 4 0 1560 1239 35 3399 
13922 4 0 1933 1488 1934 3772 
13923 4 0 87 3929 1828 3917 
13924 4 0 3928 3994 658 1144 
13925 4 0 3928 1449 3994 1144 
13926 4 0 4333 4337 3996 4065 
13927 4 0 4544 4542 3307 2526 
13928 4 0 4544 4542 2526 4290 
13929 4 0 1123 2202 1247 4153 
13930 4 0 3993 2386 3406 1755 
13931 4 0 4039 995 4057 1726 
13932 4 0 165 394 176 1694 
13933 4 0 1694 2120 3986 1695 
13934 4 0 2517 2121 2044 2572 
13935 4 0 4316 4270 1087 3498 
13936 4 0 977 3355 2570 2050 
13937 4 0 4068 4138 623 3651 
13938 4 0 3355 2050 1333 2570 
13939 4 0 2858 127 874 147 
13940 4 0 271 1273 3090 2247 
13941 4 0 271 2247 3090 3415 
13942 4 0 2380 4193 2010 2108 
13943 4 0 4233 4193 2010 2380 
13944 4 0 3960 3525 1854 4125 
13945 4 0 1812 3525 4125 1854 
13946 4 0 1796 4125 3525 4045 
13947 4 0 3960 4045 2520 3525 
13948 4 0 3960 4125 4045 3525 
13949 4 0 3525 4125 1796 1812 
13950 4 0 4035 1407 592 4260 
13951 4 0 4035 4112 592 1407 
13952 4 0 3887 4594 1667 2151 
13953 4 0 835 934 2167 2003 
13954 4 0 1134 1826 3904 3547 
13955 4 0 1561 2803 1499 3580 
13956 4 0 1192 1484 3441 3803 
13957 4 0 2973 4178 4406 3807 
13958 4 0 4613 3421 4022 1145 
13959 4 0 1613 4399 3749 3898 
13960 4 0 1788 3328 3435 3952 
13961 4 0 3415 1621 2247 4319 
13962 4 0 4397 4025 4014 4419 
13963 4 0 288 1629 4610 282 
13964 4 0 288 4610 1629 1711 
13965 4 0 3234 409 3492 4192 
13966 4 0 3234 4321 4192 3492 
13967 4 0 3023 1628 3143 2969 
13968 4 0 2717 3583 2449 3736 
13969 4 0 1943 3486 4046 4464 
13970 4 0 2166 2329 1734 4047 
13971 4 0 3642 4149 3416 3641 
13972 4 0 527 1338 1459 4274 
13973 4 0 2592 3707 2744 335 
13974 4 0 970 1265 3073 1826 
13975 4 0 2615 3577 3905 2782 
13976 4 0 4567 1004 1368 68 
13977 4 0 2209 1726 4057 995 
13978 4 0 995 1726 2451 2209 
13979 4 0 3899 4338 3731 1463 
13980 4 0 2754 3639 3646 60 
13981 4 0 776 779 3782 1863 
13982 4 0 372 2638 4333 3996 
13983 4 0 1541 2899 1692 3956 
13984 4 0 2280 787 3956 2379 
13985 4 0 1826 968 3073 970 
13986 4 0 3700 3008 3696 3207 
13987 4 0 1561 2910 1200 3580 
13988 4 0 1629 282 2285 4610 
13989 4 0 2496 3179 3870 2826 
13990 4 0 861 389 871 1445 
13991 4 0 872 871 389 1445 
13992 4 0 3996 813 4067 3652 
13993 4 0 1462 1352 1088 1438 
13994 4 0 3338 3219 440 2802 
13995 4 0 3219 1287 3338 440 
13996 4 0 222 3622 1721 516 
13997 4 0 2311 3443 4540 1329 
13998 4 0 3540 3166 3443 2311 
13999 4 0 561 2881 4405 3752 
14000 4 0 2881 2781 4405 3752 
14001 4 0 3856 1130 4485 899 
14002 4 0 3297 1312 2468 1628 
14003 4 0 3958 4123 1906 4498 
14004 4 0 4216 4093 252 2379 
14005 4 0 4132 3795 4282 622 
14006 4 0 4132 1776 622 529 
14007 4 0 2822 861 3908 946 
14008 4 0 2437 1402 3564 2717 
14009 4 0 2437 2562 1402 397 
14010 4 0 2945 2437 4454 2562 
14011 4 0 655 4059 556 2286 
14012 4 0 3037 3109 592 3407 
14013 4 0 1433 3476 1432 1981 
14014 4 0 3971 1711 4586 1021 
14015 4 0 3390 2925 905 2563 
14016 4 0 623 4398 3950 4068 
14017 4 0 623 4398 4415 3950 
14018 4 0 623 4415 4398 4395 
14019 4 0 829 3016 3440 938 
14020 4 0 4013 4045 3973 1796 
14021 4 0 2129 1172 2756 997 
14022 4 0 3860 2662 1195 1032 
14023 4 0 556 1237 1050 3011 
14024 4 0 1050 3011 2261 556 
14025 4 0 3343 1780 605 1032 
14026 4 0 1780 2053 605 1032 
14027 4 0 1020 3451 2598 840 
14028 4 0 2417 3347 4303 3618 
14029 4 0 1403 3664 1901 1438 
14030 4 0 1879 3995 3747 4069 
14031 4 0 3348 699 183 4475 
14032 4 0 4589 1834 3743 1131 
14033 4 0 4560 4034 4562 3745 
14034 4 0 2715 386 1009 3367 
14035 4 0 386 1009 3737 1503 
14036 4 0 658 1799 1283 3910 
14037 4 0 1517 1283 1799 3910 
14038 4 0 3982 2963 957 4297 
14039 4 0 1309 3000 881 940 
14040 4 0 3989 3312 3384 333 
14041 4 0 4002 3160 3000 2557 
14042 4 0 3231 2380 3679 3306 
14043 4 0 1912 2772 1645 4586 
14044 4 0 1912 4586 498 2772 
14045 4 0 3578 1799 1098 1283 
14046 4 0 2453 3462 2634 295 
14047 4 0 3692 3504 1697 1699 
14048 4 0 4610 1531 1024 733 
14049 4 0 4280 3441 1484 3803 
14050 4 0 4573 968 974 1828 
14051 4 0 2446 743 2558 3439 
14052 4 0 743 2558 678 3159 
14053 4 0 2446 743 3159 2558 
14054 4 0 3041 3872 3471 2753 
14055 4 0 2675 4435 3764 371 
14056 4 0 4435 2980 371 71 
14057 4 0 2675 4435 371 71 
14058 4 0 1468 3037 3407 4032 
14059 4 0 3037 3109 3407 4032 
14060 4 0 1516 3974 3649 3875 
14061 4 0 1516 4418 3974 3875 
14062 4 0 2576 2749 1798 1852 
14063 4 0 4528 1297 452 2616 
14064 4 0 995 3289 1726 4039 
14065 4 0 1711 3971 4495 1024 
14066 4 0 4495 3971 1711 4586 
14067 4 0 3994 1654 1916 657 
14068 4 0 1916 3921 1654 3994 
14069 4 0 187 435 2180 528 
14070 4 0 3921 2261 1654 3994 
14071 4 0 435 187 194 4580 
14072 4 0 3257 3112 2414 3643 
14073 4 0 3257 4250 3112 3643 
14074 4 0 413 1634 4476 4084 
14075 4 0 3713 4110 3616 4109 
14076 4 0 4109 3911 3616 3713 
14077 4 0 4110 1384 4109 3713 
14078 4 0 3713 1384 4109 3911 
14079 4 0 4052 881 4606 232 
14080 4 0 3947 414 4478 3734 
14081 4 0 414 3734 3947 3852 
14082 4 0 1535 2261 3921 3987 
14083 4 0 2261 4122 3987 1535 
14084 4 0 1898 2176 3751 3133 
14085 4 0 2594 3930 3300 1434 
14086 4 0 3594 3472 2439 3699 
14087 4 0 759 3625 763 762 
14088 4 0 1143 4339 556 3549 
14089 4 0 4318 3808 3737 386 
14090 4 0 1149 3551 3220 1059 
14091 4 0 592 595 1407 1406 
14092 4 0 2920 2071 4057 2936 
14093 4 0 2757 1657 1864 2859 
14094 4 0 1864 3097 2757 1012 
14095 4 0 3695 3050 1227 1539 
14096 4 0 3280 2770 1915 1844 
14097 4 0 4567 1368 1004 75 
14098 4 0 4022 1049 4141 3421 
14099 4 0 4014 3294 2740 4421 
14100 4 0 2490 3112 85 4054 
14101 4 0 1744 1520 4045 3892 
14102 4 0 1522 1517 1098 3892 
14103 4 0 4123 3568 3677 1492 
14104 4 0 4123 3677 3568 3527 
14105 4 0 3508 198 4135 177 
14106 4 0 3508 198 3530 4135 
14107 4 0 4132 1776 4336 3795 
14108 4 0 2059 416 577 2369 
14109 4 0 2860 3306 3017 720 
14110 4 0 2963 4297 1386 957 
14111 4 0 720 3231 1870 3306 
14112 4 0 1458 4045 4013 3525 
14113 4 0 4279 3406 3993 188 
14114 4 0 1792 1462 2452 504 
14115 4 0 1601 2294 3640 2334 
14116 4 0 3758 1601 3640 2334 
14117 4 0 4253 610 2653 1187 
14118 4 0 968 87 1828 3712 
14119 4 0 3589 2024 2148 4569 
14120 4 0 2651 3067 3546 3305 
14121 4 0 3576 2608 4422 3387 
14122 4 0 1449 4051 3945 4020 
14123 4 0 776 3882 3300 2594 
14124 4 0 3344 3109 2841 3922 
14125 4 0 3922 2841 3408 3109 
14126 4 0 3109 4032 3037 3692 
14127 4 0 947 3966 1283 3578 
14128 4 0 4105 3613 4025 3875 
14129 4 0 2700 4089 1800 1656 
14130 4 0 1537 3726 2619 2376 
14131 4 0 3507 3408 3493 3879 
14132 4 0 4275 781 4040 1701 
14133 4 0 3645 2024 4530 4500 
14134 4 0 4530 2024 3186 4500 
14135 4 0 2744 3718 2580 878 
14136 4 0 1969 3885 1701 518 
14137 4 0 3812 3885 1969 518 
14138 4 0 2657 1473 2466 3221 
14139 4 0 2657 1473 3221 1680 
14140 4 0 1916 372 3979 3921 
14141 4 0 479 3577 2425 2879 
14142 4 0 657 3578 1283 3994 
14143 4 0 657 3578 947 1283 
14144 4 0 1981 674 4028 1393 
14145 4 0 1393 1348 1981 1433 
14146 4 0 3390 2247 2682 1213 
14147 4 0 3497 2734 1740 4505 
14148 4 0 4584 3660 3100 2287 
14149 4 0 3173 3100 2287 4584 
14150 4 0 2971 4329 3055 3739 
14151 4 0 1859 517 4463 4509 
14152 4 0 4509 517 2817 1859 
14153 4 0 592 517 4509 4463 
14154 4 0 4337 3996 3652 4333 
14155 4 0 3972 3186 4544 4062 
14156 4 0 2161 3289 599 3355 
14157 4 0 781 4085 4275 777 
14158 4 0 1282 4141 1581 659 
14159 4 0 1231 1454 3038 2245 
14160 4 0 3038 1231 2245 3552 
14161 4 0 2245 1231 916 3552 
14162 4 0 1434 3236 1350 1349 
14163 4 0 2904 1191 2709 3014 
14164 4 0 2002 2709 3014 2904 
14165 4 0 1833 4026 3909 4270 
14166 4 0 2290 1625 4066 1924 
14167 4 0 513 1102 471 3163 
14168 4 0 513 471 2123 3163 
14169 4 0 3421 4050 3713 1463 
14170 4 0 2196 1020 3451 2432 
14171 4 0 3255 2609 2432 1894 
14172 4 0 609 1576 561 4427 
14173 4 0 4405 561 3752 1576 
14174 4 0 2414 3124 4409 709 
14175 4 0 4042 3763 384 1776 
14176 4 0 384 1800 4042 3999 
14177 4 0 384 1656 1800 3999 
14178 4 0 384 2700 1800 1656 
14179 4 0 3578 1098 3966 1283 
14180 4 0 4149 689 2916 2720 
14181 4 0 4129 1693 4038 3816 
14182 4 0 4149 2720 2916 3641 
14183 4 0 653 2810 614 3190 
14184 4 0 4596 3349 3969 2968 
14185 4 0 1524 3748 2630 1689 
14186 4 0 760 4006 3412 2711 
14187 4 0 3984 621 906 1743 
14188 4 0 1195 4269 1704 884 
14189 4 0 2375 1704 885 884 
14190 4 0 1195 2375 884 1704 
14191 4 0 3917 3487 3696 4021 
14192 4 0 2634 3462 1625 2556 
14193 4 0 1163 1164 3462 2556 
14194 4 0 1130 2475 3195 2725 
14195 4 0 1049 4110 4036 3713 
14196 4 0 2891 2835 1186 2614 
14197 4 0 3677 3128 4562 4034 
14198 4 0 3677 4496 3128 4034 
14199 4 0 4463 1385 595 592 
14200 4 0 209 1026 732 4473 
14201 4 0 4012 4282 1478 656 
14202 4 0 79 69 2569 2840 
14203 4 0 69 2840 3084 2569 
14204 4 0 3740 2360 4073 2914 
14205 4 0 1917 3357 2900 2666 
14206 4 0 3361 2740 3754 375 
14207 4 0 1927 3968 1953 518 
14208 4 0 730 729 4576 2464 
14209 4 0 1516 3875 3649 568 
14210 4 0 1777 1285 660 1923 
14211 4 0 2761 3933 1308 4191 
14212 4 0 4191 1308 4284 1441 
14213 4 0 1906 3958 4559 3276 
14214 4 0 3276 3958 4559 3772 
14215 4 0 1447 2249 3038 1448 
14216 4 0 3309 4296 1689 1735 
14217 4 0 4265 1707 4296 3309 
14218 4 0 781 1969 1701 518 
14219 4 0 2137 3471 2753 931 
14220 4 0 3464 551 4597 2746 
14221 4 0 3286 2434 3501 2997 
14222 4 0 1426 428 4429 1948 
14223 4 0 2164 2158 807 1417 
14224 4 0 1417 1415 2158 807 
14225 4 0 4613 1386 1145 4072 
14226 4 0 1386 4089 4072 1113 
14227 4 0 1449 3994 2638 4333 
14228 4 0 1575 3300 779 3121 
14229 4 0 2753 3227 4038 1923 
14230 4 0 3227 1923 2753 1478 
14231 4 0 1463 3907 4338 3731 
14232 4 0 3731 957 1463 3907 
14233 4 0 682 3384 3989 3312 
14234 4 0 3908 209 1026 732 
14235 4 0 3890 4040 1446 1969 
14236 4 0 3041 3227 931 112 
14237 4 0 112 3227 931 2137 
14238 4 0 3675 4480 2024 3589 
14239 4 0 2024 4480 4569 3589 
14240 4 0 4029 780 1698 1700 
14241 4 0 1327 3211 2397 3990 
14242 4 0 4099 4105 1753 1830 
14243 4 0 1112 1753 1830 4099 
14244 4 0 4049 3147 2642 1289 
14245 4 0 4250 106 3036 3437 
14246 4 0 1645 2772 4495 4586 
14247 4 0 233 3992 750 4096 
14248 4 0 3953 1906 498 1912 
14249 4 0 3953 4559 498 1906 
14250 4 0 3961 1833 347 3909 
14251 4 0 4260 4463 595 592 
14252 4 0 3476 4463 595 1925 
14253 4 0 552 3072 1074 1682 
14254 4 0 3975 1285 1282 1513 
14255 4 0 1282 1581 1513 1285 
14256 4 0 63 55 791 3084 
14257 4 0 2501 2885 1791 996 
14258 4 0 1791 996 580 2501 
14259 4 0 4241 2799 692 2764 
14260 4 0 4132 4614 622 4282 
14261 4 0 3964 1051 536 3950 
14262 4 0 1927 4024 3976 1953 
14263 4 0 2347 3115 4084 3069 
14264 4 0 2176 4219 3846 1472 
14265 4 0 1393 674 3747 1981 
14266 4 0 1981 3673 4028 674 
14267 4 0 1525 2740 4441 3940 
14268 4 0 3940 4441 1855 1579 
14269 4 0 4441 2740 1579 3940 
14270 4 0 3012 888 723 2435 
14271 4 0 4330 2262 3666 3082 
14272 4 0 1936 4076 2946 1527 
14273 4 0 3731 3950 4068 623 
14274 4 0 3731 4068 3950 1597 
14275 4 0 2352 3672 3109 4320 
14276 4 0 479 3577 2879 2524 
14277 4 0 1350 1394 4097 3968 
14278 4 0 1350 1394 3968 4024 
14279 4 0 3956 1541 2899 2280 
14280 4 0 787 2899 2280 3956 
14281 4 0 1692 2899 261 3956 
14282 4 0 1687 2225 2627 1686 
14283 4 0 2095 701 1641 1624 
14284 4 0 2464 3727 4561 4576 
14285 4 0 1624 701 1641 3923 
14286 4 0 1533 368 3475 4015 
14287 4 0 3475 368 5 3003 
14288 4 0 1789 1261 3265 2633 
14289 4 0 1666 3011 2277 3977 
14290 4 0 4076 2946 4352 1202 
14291 4 0 1472 2176 3762 1898 
14292 4 0 2176 3762 4219 1472 
14293 4 0 1051 3950 1616 2963 
14294 4 0 3950 1829 1051 1616 
14295 4 0 1617 2963 4297 624 
14296 4 0 831 1797 3443 3540 
14297 4 0 3443 831 3540 2395 
14298 4 0 831 830 2867 2395 
14299 4 0 2741 2873 2795 4603 
14300 4 0 1146 4004 3795 384 
14301 4 0 3795 1146 384 3999 
14302 4 0 2873 1774 2795 1155 
14303 4 0 4205 587 4521 2692 
14304 4 0 4138 4285 3945 4051 
14305 4 0 2257 2522 1583 1587 
14306 4 0 2522 2257 4375 1587 
14307 4 0 3623 445 2853 900 
14308 4 0 4024 1350 1394 1837 
14309 4 0 4451 2234 1444 2992 
14310 4 0 3716 4040 1446 1594 
14311 4 0 4099 1614 1753 4105 
14312 4 0 1114 3261 4286 1321 
14313 4 0 611 1321 3136 2510 
14314 4 0 3160 4002 3343 2170 
14315 4 0 4106 779 776 3300 
14316 4 0 1926 3300 3121 4106 
14317 4 0 3174 563 3491 3025 
14318 4 0 2639 1818 2408 1172 
14319 4 0 1818 3809 2408 1172 
14320 4 0 574 2984 1262 3564 
14321 4 0 1461 3115 4496 1492 
14322 4 0 1492 1634 3115 4496 
14323 4 0 4238 3404 405 446 
14324 4 0 695 4238 3404 2485 
14325 4 0 4238 2485 405 3404 
14326 4 0 1981 4028 1348 1393 
14327 4 0 977 2447 3355 2050 
14328 4 0 977 2447 2161 3355 
14329 4 0 3221 1680 1473 3362 
14330 4 0 3504 3620 3692 4032 
14331 4 0 2657 2148 1680 3221 
14332 4 0 2657 4531 2148 3352 
14333 4 0 4531 1680 2657 2148 
14334 4 0 3377 3180 3006 893 
14335 4 0 2235 3180 893 2499 
14336 4 0 4138 2638 4065 1449 
14337 4 0 2541 3249 710 3833 
14338 4 0 813 3651 3996 4067 
14339 4 0 3651 813 3996 2638 
14340 4 0 1000 2257 3333 3478 
14341 4 0 2734 883 3701 4505 
14342 4 0 3497 883 2734 4505 
14343 4 0 3670 1014 543 2611 
14344 4 0 543 2611 1140 3670 
14345 4 0 3622 710 4199 3688 
14346 4 0 3622 710 4182 4199 
14347 4 0 4081 3812 752 1462 
14348 4 0 1792 1832 752 1462 
14349 4 0 3911 658 1144 1941 
14350 4 0 3973 1520 1796 4045 
14351 4 0 1796 1520 1810 4045 
14352 4 0 4612 372 3979 1916 
14353 4 0 1112 372 1753 3979 
14354 4 0 3407 4578 4113 1590 
14355 4 0 385 3008 3565 3931 
14356 4 0 2264 385 3188 540 
14357 4 0 3215 385 4572 3931 
14358 4 0 3945 4020 4338 3899 
14359 4 0 623 4068 3731 4285 
14360 4 0 3731 3945 3899 681 
14361 4 0 3498 1462 1403 1792 
14362 4 0 3498 1792 1403 1431 
14363 4 0 3996 4337 3651 4065 
14364 4 0 3877 2566 3881 3344 
14365 4 0 4041 3812 1792 752 
14366 4 0 3863 4083 2674 1965 
14367 4 0 1923 1693 3227 4038 
14368 4 0 531 1913 1785 4157 
14369 4 0 332 320 1895 3909 
14370 4 0 1895 3909 3961 332 
14371 4 0 3267 2538 50 61 
14372 4 0 50 2538 3267 2812 
14373 4 0 61 50 3744 2538 
14374 4 0 2097 3200 2783 2812 
14375 4 0 3227 2137 112 1478 
14376 4 0 2463 2922 3610 2143 
14377 4 0 1878 2143 3610 2922 
14378 4 0 583 2623 3106 1538 
14379 4 0 1478 2137 112 656 
14380 4 0 1050 4122 3987 2261 
14381 4 0 2208 1904 4553 2886 
14382 4 0 1816 2541 2204 2692 
14383 4 0 1642 2069 2465 983 
14384 4 0 983 984 2065 1642 
14385 4 0 1188 4519 4080 4529 
14386 4 0 4519 4529 1186 4080 
14387 4 0 4080 508 203 1188 
14388 4 0 3782 3893 1700 1932 
14389 4 0 3349 2668 1174 3969 
14390 4 0 3037 3867 1408 2817 
14391 4 0 1394 1927 3968 4024 
14392 4 0 3221 646 3724 2730 
14393 4 0 2194 1209 2797 1476 
14394 4 0 4004 1285 1581 659 
14395 4 0 3540 334 2811 3783 
14396 4 0 1781 4085 518 781 
14397 4 0 1781 4114 518 1928 
14398 4 0 4114 1953 1409 781 
14399 4 0 781 780 3745 1446 
14400 4 0 3655 2013 2369 997 
14401 4 0 2904 3732 3748 2709 
14402 4 0 3668 3285 4394 4160 
14403 4 0 2788 4064 1268 2058 
14404 4 0 1004 4064 2058 1268 
14405 4 0 1144 3899 1384 4020 
14406 4 0 3272 4148 1303 4259 
14407 4 0 4135 3683 177 155 
14408 4 0 3358 2411 435 460 
14409 4 0 3358 2411 460 3728 
14410 4 0 119 107 1518 4063 
14411 4 0 119 3873 4063 1518 
14412 4 0 528 3728 4456 3358 
14413 4 0 1298 4477 3358 4456 
14414 4 0 1877 716 3571 616 
14415 4 0 616 716 426 615 
14416 4 0 2040 224 1490 435 
14417 4 0 1490 1495 685 435 
14418 4 0 4146 2845 4018 2149 
14419 4 0 2858 874 166 147 
14420 4 0 1858 1762 1531 3780 
14421 4 0 1074 3827 4465 4520 
14422 4 0 1858 3780 1531 733 
14423 4 0 4467 3827 4520 4465 
14424 4 0 2896 4265 2660 491 
14425 4 0 1458 1282 4036 1049 
14426 4 0 1049 3713 4036 1458 
14427 4 0 4038 4129 1923 1693 
14428 4 0 4105 3875 4025 4399 
14429 4 0 2969 428 3823 4131 
14430 4 0 2704 2900 4485 1494 
14431 4 0 410 3839 3434 3558 
14432 4 0 348 3989 343 682 
14433 4 0 1339 757 2680 1802 
14434 4 0 757 2680 1802 3593 
14435 4 0 4339 3428 3549 1111 
14436 4 0 4339 1111 3549 906 
14437 4 0 2753 3041 3227 931 
14438 4 0 1165 2401 3955 2589 
14439 4 0 1528 3073 969 1265 
14440 4 0 3073 1265 1528 4616 
14441 4 0 1408 3867 3037 3883 
14442 4 0 3883 3037 1468 3867 
14443 4 0 2095 1036 2406 2690 
14444 4 0 25 2227 369 4388 
14445 4 0 3042 2910 2774 894 
14446 4 0 4615 4338 1384 3899 
14447 4 0 1829 1597 3950 4068 
14448 4 0 3993 4616 4440 170 
14449 4 0 3025 1105 3717 3174 
14450 4 0 1528 3429 4444 1503 
14451 4 0 1528 969 3429 1503 
14452 4 0 86 1693 1518 3227 
14453 4 0 4024 3976 1837 1927 
14454 4 0 405 445 2853 2905 
14455 4 0 2903 2060 3834 922 
14456 4 0 3695 922 3834 2060 
14457 4 0 3855 2873 2795 1155 
14458 4 0 3713 3616 4110 4036 
14459 4 0 3376 1096 2194 1904 
14460 4 0 1096 2194 1475 3376 
14461 4 0 1096 1904 4553 3927 
14462 4 0 1096 3376 4553 1904 
14463 4 0 4553 1096 1475 3376 
14464 4 0 702 3120 3138 2864 
14465 4 0 4120 4067 1830 3652 
14466 4 0 4337 3652 4120 1830 
14467 4 0 2626 5 865 9 
14468 4 0 2785 4489 3766 934 
14469 4 0 3786 3149 845 3577 
14470 4 0 2879 2524 3577 845 
14471 4 0 1869 373 4370 1101 
14472 4 0 4027 1833 4026 782 
14473 4 0 3011 4122 2277 1237 
14474 4 0 758 2104 1850 4090 
14475 4 0 4090 2961 2104 670 
14476 4 0 2816 824 1873 823 
14477 4 0 4091 4164 231 214 
14478 4 0 1751 2597 1841 4091 
14479 4 0 3986 4091 4164 1751 
14480 4 0 1901 3664 1088 1438 
14481 4 0 3726 3529 4357 2500 
14482 4 0 3726 3529 3761 4357 
14483 4 0 1490 4093 252 2040 
14484 4 0 4093 252 2040 1161 
14485 4 0 2104 670 3743 3134 
14486 4 0 792 1413 3207 3008 
14487 4 0 3008 792 470 3696 
14488 4 0 792 3008 470 863 
14489 4 0 3151 428 2630 1677 
14490 4 0 204 184 3039 4466 
14491 4 0 4466 586 207 184 
14492 4 0 3039 4466 184 586 
14493 4 0 4351 4581 3822 1060 
14494 4 0 4581 3822 1060 2456 
14495 4 0 4090 1921 2961 670 
14496 4 0 4260 1407 592 595 
14497 4 0 3880 955 626 4396 
14498 4 0 4420 801 2864 3120 
14499 4 0 3460 351 3054 2635 
14500 4 0 3054 2034 351 339 
14501 4 0 319 328 4074 2191 
14502 4 0 3234 1405 3720 409 
14503 4 0 4543 3720 4524 409 
14504 4 0 2265 1363 1369 3693 
14505 4 0 3556 3272 2183 4259 
14506 4 0 3782 1700 4055 1932 
14507 4 0 842 3473 2875 3257 
14508 4 0 1932 3620 3504 3111 
14509 4 0 4604 2741 1774 3490 
14510 4 0 2136 3859 3654 1175 
14511 4 0 803 3154 4308 3271 
14512 4 0 3763 1598 2700 2629 
14513 4 0 4065 3996 2638 3651 
14514 4 0 2896 3151 1315 493 
14515 4 0 3578 3868 1773 3966 
14516 4 0 3442 544 3385 1186 
14517 4 0 3466 2664 1896 1534 
14518 4 0 1534 3466 2491 4254 
14519 4 0 2611 3500 2671 2478 
14520 4 0 3457 2622 4258 4102 
14521 4 0 1790 4258 2622 4102 
14522 4 0 123 2570 4248 569 
14523 4 0 975 2914 4073 2360 
14524 4 0 413 1822 1070 1782 
14525 4 0 2026 3295 2331 3548 
14526 4 0 765 2456 3548 4581 
14527 4 0 4194 3505 3298 640 
14528 4 0 3505 4194 3298 113 
14529 4 0 3556 2470 2183 2084 
14530 4 0 1046 3556 2470 2183 
14531 4 0 2423 1978 2073 581 
14532 4 0 372 1916 4612 4333 
14533 4 0 102 515 125 4373 
14534 4 0 4065 2638 4333 1449 
14535 4 0 3262 788 2991 4472 
14536 4 0 4472 2999 2991 3262 
14537 4 0 780 1411 3893 1863 
14538 4 0 1340 3967 1781 1929 
14539 4 0 2503 1003 2914 975 
14540 4 0 1136 1003 2503 975 
14541 4 0 4333 3652 4337 4612 
14542 4 0 2836 1893 3398 3237 
14543 4 0 3398 565 3237 1893 
14544 4 0 2432 1893 2836 3237 
14545 4 0 3122 3009 2590 3306 
14546 4 0 3122 2590 2860 3306 
14547 4 0 1049 4050 4110 3713 
14548 4 0 3981 366 3901 3011 
14549 4 0 1239 366 3981 4059 
14550 4 0 923 3096 3584 1228 
14551 4 0 4134 4537 3096 3050 
14552 4 0 2659 3179 3870 691 
14553 4 0 3600 3322 2659 3179 
14554 4 0 3182 3179 2659 691 
14555 4 0 3873 4063 142 119 
14556 4 0 3986 1842 395 2152 
14557 4 0 1602 3221 3204 648 
14558 4 0 1016 1732 2972 1382 
14559 4 0 1280 3137 3817 2663 
14560 4 0 1280 4204 3817 3137 
14561 4 0 2663 3521 1280 3839 
14562 4 0 2663 3839 1280 3137 
14563 4 0 3486 2578 4464 1943 
14564 4 0 3774 1666 2277 3977 
14565 4 0 400 685 3070 435 
14566 4 0 1790 999 4102 2622 
14567 4 0 352 1683 2623 3060 
14568 4 0 2731 2488 2423 964 
14569 4 0 2423 2488 1978 4322 
14570 4 0 3152 2092 3694 4533 
14571 4 0 1654 3987 3921 1916 
14572 4 0 3987 1916 1143 3921 
14573 4 0 3549 4334 3921 1143 
14574 4 0 4104 4094 1118 3787 
14575 4 0 1263 575 2717 3814 
14576 4 0 3796 3211 2256 3626 
14577 4 0 2801 2942 161 136 
14578 4 0 4607 2430 3863 2674 
14579 4 0 1808 1418 4334 3979 
14580 4 0 4334 3979 3921 1143 
14581 4 0 3082 2971 979 3467 
14582 4 0 2703 3467 3082 979 
14583 4 0 658 657 1283 3994 
14584 4 0 4112 1620 1590 3922 
14585 4 0 4192 525 4321 3621 
14586 4 0 2053 3412 2711 760 
14587 4 0 546 3412 2711 2053 
14588 4 0 2391 2046 2436 4325 
14589 4 0 4024 1394 1927 1837 
14590 4 0 3955 3045 4458 1168 
14591 4 0 3955 3045 4258 4458 
14592 4 0 717 2912 3034 821 
14593 4 0 1666 4122 3578 1773 
14594 4 0 1928 518 1927 4114 
14595 4 0 587 4471 2729 4205 
14596 4 0 1868 3065 2318 821 
14597 4 0 937 938 2246 829 
14598 4 0 937 829 2544 3440 
14599 4 0 667 666 3379 3424 
14600 4 0 3379 667 1838 666 
14601 4 0 2754 2228 1424 2515 
14602 4 0 2680 788 3262 3472 
14603 4 0 2680 788 3472 3593 
14604 4 0 788 4472 3262 3472 
14605 4 0 4616 1528 3073 4440 
14606 4 0 1091 4108 3148 3906 
14607 4 0 1091 4363 4108 3906 
14608 4 0 1134 3073 3993 162 
14609 4 0 162 3993 1134 181 
14610 4 0 2151 4594 3136 3887 
14611 4 0 2002 3748 2866 2260 
14612 4 0 2260 1689 1735 3748 
14613 4 0 1792 752 4462 4041 
14614 4 0 1337 3533 2541 2692 
14615 4 0 4102 1025 1214 579 
14616 4 0 4102 3457 1214 1025 
14617 4 0 4102 999 579 1214 
14618 4 0 4246 3326 2080 2020 
14619 4 0 1916 1143 3921 3979 
14620 4 0 2092 3729 820 1955 
14621 4 0 2092 3729 1477 820 
14622 4 0 1386 1113 4613 1463 
14623 4 0 3432 397 785 2899 
14624 4 0 448 3856 688 3393 
14625 4 0 4462 1832 752 1792 
14626 4 0 3147 448 688 2765 
14627 4 0 961 2073 2981 3254 
14628 4 0 1987 2503 1136 3333 
14629 4 0 2956 2007 3003 2370 
14630 4 0 4283 3668 4394 4160 
14631 4 0 3668 3689 4283 2821 
14632 4 0 3668 4160 4283 3689 
14633 4 0 4600 1512 1042 4601 
14634 4 0 846 2378 377 3524 
14635 4 0 1050 556 1143 1399 
14636 4 0 1050 556 1399 3981 
14637 4 0 3729 2710 314 2309 
14638 4 0 2842 1724 1996 1789 
14639 4 0 2341 3530 198 225 
14640 4 0 2341 3508 198 3530 
14641 4 0 1804 3439 490 1805 
14642 4 0 1804 2658 3439 2558 
14643 4 0 2562 4257 3117 554 
14644 4 0 646 648 3264 3221 
14645 4 0 379 3571 2317 2726 
14646 4 0 1877 2317 616 3571 
14647 4 0 4447 4276 3661 1784 
14648 4 0 986 3926 135 1678 
14649 4 0 3602 3465 2917 1612 
14650 4 0 4234 2909 3463 4503 
14651 4 0 2921 4503 2909 4234 
14652 4 0 1709 2921 2909 4234 
14653 4 0 2608 2156 2975 4571 
14654 4 0 3315 1025 3340 4459 
14655 4 0 3340 612 1025 3315 
14656 4 0 550 3016 4327 1150 
14657 4 0 1150 4327 936 3375 
14658 4 0 2152 516 394 4502 
14659 4 0 2550 3165 3281 3283 
14660 4 0 3281 3283 3165 2857 
14661 4 0 2550 3165 3283 2457 
14662 4 0 3165 3283 2457 2857 
14663 4 0 4220 645 2546 1175 
14664 4 0 630 4220 2546 1175 
14665 4 0 3612 666 2712 3379 
14666 4 0 666 3354 2712 3379 
14667 4 0 1917 2704 3357 989 
14668 4 0 271 1273 2247 2427 
14669 4 0 3304 830 4540 2311 
14670 4 0 2395 4540 830 2311 
14671 4 0 1304 1303 4259 3387 
14672 4 0 1303 1304 4061 3387 
14673 4 0 3176 2420 3436 4437 
14674 4 0 2155 614 653 2810 
14675 4 0 2511 3403 4295 744 
14676 4 0 2653 2719 2511 4295 
14677 4 0 4269 1195 2662 884 
14678 4 0 884 4269 3512 2662 
14679 4 0 1033 1195 884 2662 
14680 4 0 1527 4365 4392 3220 
14681 4 0 3077 109 88 2469 
14682 4 0 3077 2742 109 2469 
14683 4 0 1138 2573 3288 1121 
14684 4 0 1121 2573 3288 3557 
14685 4 0 2780 3518 2488 143 
14686 4 0 4323 143 2780 1287 
14687 4 0 3518 964 2488 4017 
14688 4 0 3474 513 3494 3163 
14689 4 0 319 1511 4547 3243 
14690 4 0 4074 2191 2417 921 
14691 4 0 4547 319 921 1511 
14692 4 0 3970 665 4261 3853 
14693 4 0 3611 2554 1022 3063 
14694 4 0 3247 3063 3611 4203 
14695 4 0 2888 4184 2256 3796 
14696 4 0 3796 3626 2256 3765 
14697 4 0 3333 2503 1136 3313 
14698 4 0 401 793 2582 628 
14699 4 0 793 3372 401 438 
14700 4 0 3021 2445 3150 3492 
14701 4 0 3021 2445 2340 2829 
14702 4 0 3167 3791 846 2051 
14703 4 0 1939 2580 3594 3718 
14704 4 0 3718 1939 3172 3594 
14705 4 0 1072 878 3718 2744 
14706 4 0 2435 723 1618 888 
14707 4 0 2823 2213 3741 1154 
14708 4 0 2213 3085 3741 1154 
14709 4 0 545 3442 3625 2586 
14710 4 0 3126 2401 2898 557 
14711 4 0 3139 3259 3485 2929 
14712 4 0 410 2133 1274 810 
14713 4 0 2133 3327 1274 810 
14714 4 0 3534 2454 2329 1306 
14715 4 0 3814 983 2717 2065 
14716 4 0 1335 1448 1779 2628 
14717 4 0 2525 4503 3232 2909 
14718 4 0 2921 2909 4503 2525 
14719 4 0 4012 3795 622 4282 
14720 4 0 2049 3795 622 1478 
14721 4 0 622 1110 2137 4282 
14722 4 0 2995 3161 2526 3492 
14723 4 0 4487 2535 2081 2916 
14724 4 0 3926 1628 2969 3297 
14725 4 0 3703 2345 3112 2602 
14726 4 0 2345 3112 3605 3703 
14727 4 0 2818 2880 3112 2345 
14728 4 0 3112 2345 2880 2602 
14729 4 0 4018 2845 4244 3389 
14730 4 0 3913 2845 4018 3389 
14731 4 0 2205 2385 1861 3669 
14732 4 0 2618 1861 4174 3669 
14733 4 0 3356 3453 3596 2948 
14734 4 0 2633 2847 3265 4003 
14735 4 0 1165 3955 2242 1168 
14736 4 0 4420 3951 2807 2836 
14737 4 0 1605 911 238 1174 
14738 4 0 1174 3969 2218 2685 
14739 4 0 1174 266 3969 2685 
14740 4 0 3430 1867 4130 3614 
14741 4 0 3823 4131 3329 988 
14742 4 0 4131 3926 3823 2969 
14743 4 0 988 986 3823 4131 
14744 4 0 2514 3213 2927 1688 
14745 4 0 2927 1225 2060 922 
14746 4 0 3560 922 2927 2903 
14747 4 0 4093 929 2379 2168 
14748 4 0 3570 2168 929 4093 
14749 4 0 2040 2168 2205 400 
14750 4 0 892 3567 2532 3286 
14751 4 0 3864 1294 919 2021 
14752 4 0 3847 2303 331 3719 
14753 4 0 2787 2303 3223 3847 
14754 4 0 1663 2303 2787 3847 
14755 4 0 331 3847 3223 2303 
14756 4 0 2903 4301 3560 922 
14757 4 0 3416 2916 2081 3641 
14758 4 0 2021 3864 2876 919 
14759 4 0 511 3164 2839 1055 
14760 4 0 2478 2897 2944 2671 
14761 4 0 2671 2897 2490 2880 
14762 4 0 2478 2671 2944 3500 
14763 4 0 3663 3379 3612 3608 
14764 4 0 3663 1838 3612 3379 
14765 4 0 671 3279 1275 3324 
14766 4 0 3683 3508 4135 177 
14767 4 0 3360 1706 2474 4143 
14768 4 0 3683 1844 3181 115 
14769 4 0 3683 115 2770 1844 
14770 4 0 2621 3445 757 1400 
14771 4 0 2938 1286 3715 2521 
14772 4 0 1775 828 4292 1988 
14773 4 0 4206 1988 1775 4292 
14774 4 0 1199 3594 3718 1072 
14775 4 0 2128 3284 1363 4214 
14776 4 0 2262 3082 4131 2703 
14777 4 0 3352 2466 3751 454 
14778 4 0 2894 1338 3553 3358 
14779 4 0 2894 3728 1338 3358 
14780 4 0 4490 835 3483 3858 
14781 4 0 4058 3483 835 1589 
14782 4 0 3597 1016 3304 3709 
14783 4 0 2263 2947 4504 2415 
14784 4 0 2557 3497 2166 1073 
14785 4 0 2166 3497 2329 4047 
14786 4 0 1203 4104 1118 3787 
14787 4 0 1203 774 3787 2625 
14788 4 0 1203 4104 3787 774 
14789 4 0 774 2625 1203 2688 
14790 4 0 2024 3444 2965 2584 
14791 4 0 3788 247 3828 1338 
14792 4 0 69 63 791 3084 
14793 4 0 2720 4075 4149 944 
14794 4 0 944 689 4149 2720 
14795 4 0 2871 3186 3972 4500 
14796 4 0 981 1117 2651 598 
14797 4 0 3529 2500 2356 3935 
14798 4 0 2965 3704 2373 2176 
14799 4 0 882 4161 195 1305 
14800 4 0 3212 2211 3831 663 
14801 4 0 4606 3293 2890 3098 
14802 4 0 56 2938 3405 67 
14803 4 0 3293 2825 2536 3799 
14804 4 0 2783 2728 1159 29 
14805 4 0 12 2728 18 3841 
14806 4 0 2728 1159 29 3841 
14807 4 0 3870 3195 2496 2826 
14808 4 0 2521 494 2325 2758 
14809 4 0 2447 2882 2161 3355 
14810 4 0 3289 2161 2882 3355 
14811 4 0 2903 1665 3834 3050 
14812 4 0 2620 4521 954 3533 
14813 4 0 3185 3857 2121 770 
14814 4 0 2754 2980 371 3426 
14815 4 0 3304 3597 3709 4180 
14816 4 0 3926 2922 1878 3610 
14817 4 0 1678 3926 135 160 
14818 4 0 1678 3926 160 2468 
14819 4 0 1557 676 1396 3047 
14820 4 0 4298 3225 474 509 
14821 4 0 4449 2707 1785 1784 
14822 4 0 793 644 401 3372 
14823 4 0 401 2582 793 438 
14824 4 0 1155 2795 3855 3004 
14825 4 0 1774 2795 1155 2766 
14826 4 0 1155 2795 3004 2766 
14827 4 0 1596 1233 3602 3465 
14828 4 0 2105 2071 1233 3602 
14829 4 0 2105 126 1233 2071 
14830 4 0 787 2899 3956 261 
14831 4 0 2379 787 261 2337 
14832 4 0 2337 277 261 2379 
14833 4 0 440 2424 1978 3338 
14834 4 0 2946 4352 378 4076 
14835 4 0 2337 2379 4216 277 
14836 4 0 2010 4103 2234 3051 
14837 4 0 2967 644 3372 401 
14838 4 0 939 2979 2033 3202 
14839 4 0 912 4220 3859 645 
14840 4 0 912 4220 630 3859 
14841 4 0 3510 2485 1332 2203 
14842 4 0 3278 3805 489 4402 
14843 4 0 1364 1365 807 2164 
14844 4 0 2158 708 3869 807 
14845 4 0 1365 3869 807 2158 
14846 4 0 3887 4286 3136 4277 
14847 4 0 2375 1033 884 4331 
14848 4 0 1033 884 1195 2375 
14849 4 0 2543 3512 4144 1486 
14850 4 0 542 3062 2681 2996 
14851 4 0 472 1867 3430 2318 
14852 4 0 4124 3258 3430 3614 
14853 4 0 2412 4222 1416 1417 
14854 4 0 3112 3257 3437 4250 
14855 4 0 981 2709 1191 3014 
14856 4 0 1404 3633 2960 3881 
14857 4 0 3728 3355 2447 1370 
14858 4 0 4249 3198 1041 2865 
14859 4 0 165 2120 394 1694 
14860 4 0 4289 3748 2904 3732 
14861 4 0 2623 352 3106 1683 
14862 4 0 4320 3672 2841 2613 
14863 4 0 2841 3109 3672 4320 
14864 4 0 3612 3608 1544 3663 
14865 4 0 2878 1359 3239 3706 
14866 4 0 3980 3401 851 1630 
14867 4 0 3980 2667 851 3401 
14868 4 0 2780 143 2488 1287 
14869 4 0 3740 4379 1003 2914 
14870 4 0 4213 2914 4379 3740 
14871 4 0 2668 2218 2928 1174 
14872 4 0 2290 2680 1275 671 
14873 4 0 671 2680 3246 2290 
14874 4 0 2680 669 1802 671 
14875 4 0 1802 2680 671 3279 
14876 4 0 3279 2680 671 1275 
14877 4 0 671 2680 669 3246 
14878 4 0 1918 2900 2704 1494 
14879 4 0 1312 172 2468 1678 
14880 4 0 1678 2468 160 184 
14881 4 0 2242 3663 2401 1636 
14882 4 0 1636 3663 2401 1838 
14883 4 0 3668 3628 3689 2976 
14884 4 0 3628 3022 2976 3668 
14885 4 0 3335 3263 3295 2696 
14886 4 0 3263 3335 1235 2696 
14887 4 0 2837 686 2815 1543 
14888 4 0 4137 2168 3570 4092 
14889 4 0 894 4088 4385 484 
14890 4 0 3151 3187 2896 2660 
14891 4 0 3206 2656 618 707 
14892 4 0 1372 1333 4274 1370 
14893 4 0 1873 2804 2816 3784 
14894 4 0 4174 3268 3669 3290 
14895 4 0 4174 273 3268 3290 
14896 4 0 2741 3292 2115 3490 
14897 4 0 3110 4288 2896 2660 
14898 4 0 2660 3110 4288 1345 
14899 4 0 2015 2065 3225 1637 
14900 4 0 3805 2491 2370 1891 
14901 4 0 2491 2370 1891 1336 
14902 4 0 2787 1663 3815 2226 
14903 4 0 3469 758 2201 2104 
14904 4 0 2771 2835 1186 2891 
14905 4 0 3239 2750 1359 3531 
14906 4 0 3239 2750 1747 1359 
14907 4 0 4346 1240 4353 4344 
14908 4 0 4344 4346 1240 1210 
14909 4 0 4306 2544 3790 1509 
14910 4 0 3946 3656 3056 4524 
14911 4 0 986 1878 135 3926 
14912 4 0 669 4210 3246 2553 
14913 4 0 4149 4243 3416 2916 
14914 4 0 3732 1321 2651 3136 
14915 4 0 1321 4277 2651 3136 
14916 4 0 3614 4271 373 426 
14917 4 0 1204 1203 769 4602 
14918 4 0 3056 2238 3777 4525 
14919 4 0 397 787 2899 2280 
14920 4 0 1897 397 787 2899 
14921 4 0 787 397 1052 2280 
14922 4 0 3433 2328 286 4483 
14923 4 0 2225 2927 1687 3213 
14924 4 0 2862 652 195 882 
14925 4 0 882 652 3203 393 
14926 4 0 2352 4319 960 2682 
14927 4 0 4155 2373 3698 451 
14928 4 0 3258 1905 4191 4284 
14929 4 0 3258 1905 4284 1967 
14930 4 0 204 184 1652 3039 
14931 4 0 1815 2847 3374 2189 
14932 4 0 1198 4107 3691 1708 
14933 4 0 3302 3842 2598 2470 
14934 4 0 3302 858 702 2598 
14935 4 0 702 858 840 2598 
14936 4 0 1083 629 2731 3770 
14937 4 0 2626 2181 368 19 
14938 4 0 3015 451 2373 2382 
14939 4 0 849 3647 3659 481 
14940 4 0 4409 3659 3647 481 
14941 4 0 879 4151 1074 3064 
14942 4 0 3925 1679 1710 1762 
14943 4 0 3925 1679 4270 1710 
14944 4 0 1710 1679 1880 1762 
14945 4 0 3260 3537 2504 1221 
14946 4 0 3260 3537 4201 2504 
14947 4 0 1420 3168 1627 1421 
14948 4 0 701 2095 2690 1036 
14949 4 0 701 2095 1641 2690 
14950 4 0 1504 416 4574 2852 
14951 4 0 3380 3829 4258 4458 
14952 4 0 4258 3380 1790 3829 
14953 4 0 1709 3829 3380 4458 
14954 4 0 1704 1705 885 3532 
14955 4 0 4289 2751 3088 4329 
14956 4 0 399 2387 3450 2573 
14957 4 0 930 585 1903 4115 
14958 4 0 3630 2727 528 1062 
14959 4 0 528 4582 2727 2180 
14960 4 0 2421 479 845 2524 
14961 4 0 2388 1273 3321 3090 
14962 4 0 1665 2666 1922 3050 
14963 4 0 1922 3834 1665 3050 
14964 4 0 1151 2105 178 4583 
14965 4 0 2413 2962 3396 991 
14966 4 0 1159 3396 2962 2324 
14967 4 0 3396 3541 2413 991 
14968 4 0 1159 3396 2413 2962 
14969 4 0 1420 3168 1630 1627 
14970 4 0 900 1917 2666 3357 
14971 4 0 989 900 3357 1917 
14972 4 0 3454 2747 4571 4404 
14973 4 0 2379 2205 1161 2168 
14974 4 0 1676 986 3926 3823 
14975 4 0 4500 2024 3186 4062 
14976 4 0 2089 1313 1630 2135 
14977 4 0 1905 4153 3059 1671 
14978 4 0 70 79 854 3066 
14979 4 0 59 70 854 3066 
14980 4 0 1820 4239 1344 1209 
14981 4 0 3637 886 934 4517 
14982 4 0 4290 2995 4543 3161 
14983 4 0 3316 3614 426 4271 
14984 4 0 331 3223 3054 2303 
14985 4 0 3648 71 371 2951 
14986 4 0 2462 83 2757 3311 
14987 4 0 4516 829 3016 3440 
14988 4 0 3238 3250 1400 3266 
14989 4 0 1223 918 4167 919 
14990 4 0 1790 2622 3829 3750 
14991 4 0 2476 495 3750 2622 
14992 4 0 3829 2633 2476 2622 
14993 4 0 3750 3829 2476 2622 
14994 4 0 2476 2633 2150 2622 
14995 4 0 2407 2014 4247 3796 
14996 4 0 4184 2888 2407 3796 
14997 4 0 3624 4124 3258 3430 
14998 4 0 220 195 882 4161 
14999 4 0 3622 1996 710 3688 
15000 4 0 2867 3783 2661 360 
15001 4 0 3783 2867 344 353 
15002 4 0 1416 2412 1417 707 
15003 4 0 4242 1067 2307 3818 
15004 4 0 3326 1707 4246 2080 
15005 4 0 1541 2899 2280 1686 
15006 4 0 2940 2072 2091 3773 
15007 4 0 2091 91 3773 2072 
15008 4 0 823 2806 3119 1232 
15009 4 0 2834 2073 2981 2354 
15010 4 0 2149 2981 683 2073 
15011 4 0 3465 3602 1596 1612 
15012 4 0 339 331 3054 2034 
15013 4 0 4404 3552 916 1302 
15014 4 0 2747 2245 4404 3552 
15015 4 0 4404 2245 916 3552 
15016 4 0 3542 2273 3639 2228 
15017 4 0 3972 4062 4500 3186 
15018 4 0 3861 3814 2015 2065 
15019 4 0 121 3814 2015 3861 
15020 4 0 2961 670 1277 1841 
15021 4 0 261 3956 787 2379 
15022 4 0 3529 4374 1187 406 
15023 4 0 4054 2784 124 2490 
15024 4 0 3534 4163 2454 4177 
15025 4 0 721 2039 715 2949 
15026 4 0 721 2949 3284 2590 
15027 4 0 2949 2039 3009 721 
15028 4 0 4288 1345 1626 2630 
15029 4 0 3151 2660 4288 2630 
15030 4 0 1091 3148 3916 4394 
15031 4 0 2618 3669 4163 2454 
15032 4 0 4571 2608 4422 3576 
15033 4 0 3130 3129 3874 2845 
15034 4 0 2845 3874 3130 3240 
15035 4 0 2919 2071 2936 126 
15036 4 0 2071 2936 126 99 
15037 4 0 2092 1100 3152 3470 
15038 4 0 1398 3196 4469 953 
15039 4 0 4209 447 1130 2953 
15040 4 0 1966 4209 2953 3550 
15041 4 0 4489 3766 835 3858 
15042 4 0 2213 2676 1154 2571 
15043 4 0 4257 2793 530 3117 
15044 4 0 2545 2793 530 4257 
15045 4 0 3280 3666 4330 1748 
15046 4 0 2789 4409 481 2043 
15047 4 0 2962 3631 1583 2522 
15048 4 0 2239 2962 3631 1583 
15049 4 0 440 2047 2101 3656 
15050 4 0 1213 2247 3415 3090 
15051 4 0 3597 444 3539 1323 
15052 4 0 4291 3251 2416 1655 
15053 4 0 3280 2091 3773 2940 
15054 4 0 2091 93 3773 91 
15055 4 0 3280 2482 3773 2091 
15056 4 0 3008 792 3696 3207 
15057 4 0 3088 1116 3732 1191 
15058 4 0 4323 143 3621 3517 
15059 4 0 143 3517 4192 3621 
15060 4 0 3655 1658 1725 2369 
15061 4 0 2472 2648 3235 1644 
15062 4 0 4434 3426 3764 4435 
15063 4 0 840 3451 857 3371 
15064 4 0 1187 3078 745 4253 
15065 4 0 2527 1187 4253 3078 
15066 4 0 3644 2998 3458 4088 
15067 4 0 2983 3270 3919 2455 
15068 4 0 2527 3919 2455 2983 
15069 4 0 1017 302 2819 312 
15070 4 0 302 2819 2907 1017 
15071 4 0 590 1139 3500 2165 
15072 4 0 1139 3500 2944 590 
15073 4 0 3706 1747 1359 3239 
15074 4 0 3706 2698 1747 3239 
15075 4 0 2343 4345 10 1078 
15076 4 0 1078 10 4579 4345 
15077 4 0 4121 3739 2090 3573 
15078 4 0 2607 2794 2051 844 
15079 4 0 1416 380 1367 4222 
15080 4 0 1877 380 1367 616 
15081 4 0 1877 4222 1367 380 
15082 4 0 606 4391 3350 3630 
15083 4 0 4393 4391 3350 606 
15084 4 0 4393 602 4391 606 
15085 4 0 2736 4532 2870 2086 
15086 4 0 4527 3779 2870 2086 
15087 4 0 179 171 1043 3298 
15088 4 0 3097 3298 1043 2272 
15089 4 0 3196 4208 3485 4469 
15090 4 0 2100 3330 1058 3551 
15091 4 0 2742 172 4166 2468 
15092 4 0 2468 589 4166 2742 
15093 4 0 597 2974 1338 3233 
15094 4 0 3670 542 2996 2165 
15095 4 0 2165 542 2996 3062 
15096 4 0 3698 2373 3444 3704 
15097 4 0 910 2340 2334 525 
15098 4 0 2340 910 3400 525 
15099 4 0 910 2829 2334 2340 
15100 4 0 2340 910 2829 3400 
15101 4 0 2438 3906 3245 4363 
15102 4 0 3419 4210 2852 2553 
15103 4 0 2553 4210 3246 3419 
15104 4 0 2553 4210 2852 3817 
15105 4 0 4601 2779 1512 4448 
15106 4 0 3959 959 1132 200 
15107 4 0 959 2282 2682 1213 
15108 4 0 959 2582 2282 3959 
15109 4 0 2580 2744 878 2592 
15110 4 0 3350 4364 3630 4168 
15111 4 0 3350 4391 4168 3630 
15112 4 0 219 4529 508 2536 
15113 4 0 1987 3033 2292 1136 
15114 4 0 1987 2292 3333 1136 
15115 4 0 1987 1136 2503 2269 
15116 4 0 3033 975 1136 2269 
15117 4 0 3164 2839 3059 1638 
15118 4 0 2050 4169 2570 4457 
15119 4 0 2073 2731 2423 961 
15120 4 0 3625 3160 759 3343 
15121 4 0 2007 1533 4015 3481 
15122 4 0 1533 4015 3481 4402 
15123 4 0 4432 2976 3022 2821 
15124 4 0 2976 642 4432 3022 
15125 4 0 4128 695 3404 2190 
15126 4 0 3591 2421 3920 3224 
15127 4 0 3548 2456 1093 4581 
15128 4 0 3423 3675 2336 3589 
15129 4 0 4501 3423 3675 2336 
15130 4 0 3203 4189 2338 393 
15131 4 0 4170 4345 3330 369 
15132 4 0 1214 1682 2622 495 
15133 4 0 495 999 2622 1214 
15134 4 0 4309 2782 1419 808 
15135 4 0 2782 3905 1419 808 
15136 4 0 2612 600 3438 2966 
15137 4 0 3783 360 2867 353 
15138 4 0 2783 29 1159 2812 
15139 4 0 3794 3418 3797 3261 
15140 4 0 3418 4213 3797 3261 
15141 4 0 2389 1273 1311 1299 
15142 4 0 1310 1311 784 1299 
15143 4 0 3346 4224 2905 1706 
15144 4 0 4002 3252 3160 3343 
15145 4 0 3859 630 3654 1175 
15146 4 0 2136 3654 4305 962 
15147 4 0 222 516 1015 253 
15148 4 0 253 1015 3123 516 
15149 4 0 3571 1866 3316 3866 
15150 4 0 4135 2770 3508 3683 
15151 4 0 4135 155 2770 3683 
15152 4 0 200 3959 959 1212 
15153 4 0 1212 959 200 241 
15154 4 0 3485 1940 1944 3139 
15155 4 0 1940 4469 3485 1944 
15156 4 0 135 3926 1878 3610 
15157 4 0 3390 2247 3090 3321 
15158 4 0 1188 4529 4080 508 
15159 4 0 1101 2930 1103 3627 
15160 4 0 2802 3513 1580 2101 
15161 4 0 2951 71 371 2980 
15162 4 0 3371 3451 4403 1020 
15163 4 0 3211 1327 2397 444 
15164 4 0 3316 1866 3571 3614 
15165 4 0 2767 3895 4207 2766 
15166 4 0 502 1748 3280 4215 
15167 4 0 502 1668 4215 2694 
15168 4 0 3280 2694 502 4215 
15169 4 0 1850 670 2104 3134 
15170 4 0 2718 1850 2104 3134 
15171 4 0 2811 334 1330 324 
15172 4 0 2755 2353 4185 4407 
15173 4 0 3667 143 4192 3621 
15174 4 0 4323 143 3667 3621 
15175 4 0 2734 1736 4505 4506 
15176 4 0 2734 4505 1736 1740 
15177 4 0 3537 3260 3286 1221 
15178 4 0 4094 3480 2776 895 
15179 4 0 3424 754 2330 1557 
15180 4 0 1396 754 1557 2330 
15181 4 0 2731 2488 964 1083 
15182 4 0 723 3959 3298 887 
15183 4 0 1877 2726 2317 3571 
15184 4 0 4092 2168 3570 400 
15185 4 0 3056 3852 3656 3946 
15186 4 0 608 4259 3556 1046 
15187 4 0 3769 3317 3141 3633 
15188 4 0 2136 3538 3654 3859 
15189 4 0 480 2043 3149 2615 
15190 4 0 1669 1674 513 3474 
15191 4 0 1669 1674 3474 1647 
15192 4 0 3635 2900 3824 1543 
15193 4 0 3387 3272 4422 1303 
15194 4 0 2455 486 4373 3197 
15195 4 0 4373 4101 3197 486 
15196 4 0 2234 4103 984 4451 
15197 4 0 3545 2683 3094 4566 
15198 4 0 3646 2754 2515 3639 
15199 4 0 4319 3415 1213 2247 
15200 4 0 2813 3546 462 2926 
15201 4 0 972 533 4009 1526 
15202 4 0 1525 533 972 1526 
15203 4 0 2596 3036 3257 850 
15204 4 0 2875 850 3257 3036 
15205 4 0 1544 2909 3608 1635 
15206 4 0 1544 3608 1278 1635 
15207 4 0 4144 3765 1730 3512 
15208 4 0 885 1486 3532 1730 
15209 4 0 4144 1486 1730 3532 
15210 4 0 158 575 1466 3991 
15211 4 0 3526 718 717 3034 
15212 4 0 1786 2690 3556 3272 
15213 4 0 3556 1037 4127 608 
15214 4 0 4127 1037 3556 1786 
15215 4 0 4174 273 1861 2618 
15216 4 0 2509 3602 2917 1612 
15217 4 0 2549 3806 3021 2585 
15218 4 0 2424 4018 3169 4244 
15219 4 0 1346 3470 4171 3152 
15220 4 0 3152 3470 1100 1346 
15221 4 0 4175 1326 3304 4540 
15222 4 0 3304 4540 830 4175 
15223 4 0 2013 3707 998 4566 
15224 4 0 1157 4201 4176 485 
15225 4 0 2358 4380 2747 3768 
15226 4 0 3402 2656 478 3076 
15227 4 0 4604 2957 3490 1774 
15228 4 0 525 2340 4192 4321 
15229 4 0 1965 3863 3433 2674 
15230 4 0 2368 1459 3969 1338 
15231 4 0 2177 1725 2365 1658 
15232 4 0 325 3707 335 3572 
15233 4 0 3400 2445 2340 525 
15234 4 0 2340 2445 4321 525 
15235 4 0 2699 3143 1628 3297 
15236 4 0 2372 3148 532 2438 
15237 4 0 2454 1846 1309 3000 
15238 4 0 1031 514 297 306 
15239 4 0 2905 584 990 3135 
15240 4 0 402 4292 1988 4206 
15241 4 0 402 4206 832 4292 
15242 4 0 690 2081 3510 3641 
15243 4 0 695 3641 3642 3510 
15244 4 0 3510 3642 690 3641 
15245 4 0 542 881 2713 711 
15246 4 0 3062 2681 3053 711 
15247 4 0 542 2681 3062 711 
15248 4 0 2214 1908 3515 3742 
15249 4 0 2850 3515 2214 1908 
15250 4 0 3970 2745 3477 3325 
15251 4 0 3325 2745 3477 2857 
15252 4 0 3903 1539 1227 3170 
15253 4 0 4469 3485 1944 4208 
15254 4 0 38 4388 2227 25 
15255 4 0 392 3566 654 434 
15256 4 0 713 2094 3627 714 
15257 4 0 3013 506 3434 3315 
15258 4 0 2317 379 2726 1874 
15259 4 0 2156 2747 2358 4571 
15260 4 0 2358 2747 4404 4571 
15261 4 0 4404 4380 2747 2358 
15262 4 0 724 3433 286 1965 
15263 4 0 2496 3325 3179 3477 
15264 4 0 2496 3281 691 3325 
15265 4 0 2768 2526 1215 2549 
15266 4 0 253 516 4182 3622 
15267 4 0 580 506 3210 2501 
15268 4 0 3094 3545 4566 307 
15269 4 0 4291 3597 2416 3304 
15270 4 0 3597 3304 4291 4180 
15271 4 0 1085 855 3200 2097 
15272 4 0 2256 4184 3211 3796 
15273 4 0 3211 4184 2407 3796 
15274 4 0 2927 1225 3560 1224 
15275 4 0 1224 1685 2927 1225 
15276 4 0 1099 597 3585 2791 
15277 4 0 2974 1099 3233 597 
15278 4 0 2826 2725 2475 1662 
15279 4 0 2686 3398 1907 2878 
15280 4 0 1791 3760 612 4263 
15281 4 0 1372 4169 1333 2050 
15282 4 0 3580 1498 1499 2790 
15283 4 0 1561 3580 1499 2790 
15284 4 0 2312 3270 2805 4179 
15285 4 0 1803 3270 2805 2312 
15286 4 0 3737 3808 4442 386 
15287 4 0 4049 4548 585 927 
15288 4 0 930 927 585 4548 
15289 4 0 3679 3382 511 3789 
15290 4 0 1337 2872 2541 1815 
15291 4 0 3533 1337 2541 1815 
15292 4 0 2541 3533 1815 2847 
15293 4 0 2678 1138 2831 1121 
15294 4 0 3018 2464 3727 3922 
15295 4 0 2464 3922 4561 3727 
15296 4 0 2256 3765 2888 3796 
15297 4 0 195 890 220 882 
15298 4 0 1874 1877 2317 4312 
15299 4 0 2695 4315 4082 2464 
15300 4 0 476 3814 4368 4189 
15301 4 0 2695 4315 1311 4082 
15302 4 0 3949 1596 2071 3602 
15303 4 0 2071 602 2800 3949 
15304 4 0 1297 3969 452 2616 
15305 4 0 3668 4394 606 4283 
15306 4 0 3006 3838 3226 746 
15307 4 0 4490 3483 4593 3858 
15308 4 0 1175 4140 962 3317 
15309 4 0 962 3633 1175 3317 
15310 4 0 4281 4182 710 2872 
15311 4 0 2805 3798 88 889 
15312 4 0 2398 88 3077 3798 
15313 4 0 88 2398 3077 2469 
15314 4 0 3271 2646 3854 3514 
15315 4 0 515 125 153 2483 
15316 4 0 3479 1030 3103 761 
15317 4 0 3012 888 2435 2925 
15318 4 0 2925 3012 888 3495 
15319 4 0 2563 2925 3495 3012 
15320 4 0 1588 3506 768 2155 
15321 4 0 768 3506 654 2155 
15322 4 0 3687 1101 475 1103 
15323 4 0 3726 903 3177 1537 
15324 4 0 1537 3177 2653 4295 
15325 4 0 3160 605 2557 2170 
15326 4 0 2400 3625 759 3343 
15327 4 0 3343 2400 3625 1780 
15328 4 0 1226 2060 922 3695 
15329 4 0 3796 442 3364 2014 
15330 4 0 4043 2987 4186 3778 
15331 4 0 211 4523 3345 1299 
15332 4 0 3345 1299 4523 3015 
15333 4 0 3345 211 4499 4523 
15334 4 0 4499 4523 3015 3345 
15335 4 0 4490 835 4489 4517 
15336 4 0 2094 637 3154 3248 
15337 4 0 637 4308 4293 3154 
15338 4 0 637 3154 4293 2094 
15339 4 0 3319 3918 2498 3195 
15340 4 0 3918 2725 447 3195 
15341 4 0 1130 2725 3195 447 
15342 4 0 2953 447 1130 3195 
15343 4 0 2782 4313 4309 4070 
15344 4 0 24 600 4361 2343 
15345 4 0 2966 24 600 4361 
15346 4 0 3280 1915 2770 3730 
15347 4 0 4244 4018 3169 4146 
15348 4 0 3224 2421 4591 3591 
15349 4 0 3241 2486 901 2823 
15350 4 0 3241 1498 2486 2823 
15351 4 0 1141 152 2784 2480 
15352 4 0 152 1141 2784 2862 
15353 4 0 1216 1061 1938 1147 
15354 4 0 444 1173 4306 1327 
15355 4 0 4214 1363 2128 4311 
15356 4 0 3064 879 4151 3259 
15357 4 0 4129 4038 1777 4048 
15358 4 0 4129 789 4048 1777 
15359 4 0 3087 4587 1412 2314 
15360 4 0 4098 3280 560 2482 
15361 4 0 3730 3280 3559 2770 
15362 4 0 973 1009 2715 1503 
15363 4 0 2715 1009 386 1503 
15364 4 0 478 3402 2761 618 
15365 4 0 12 3308 2728 3841 
15366 4 0 1034 2863 2711 1196 
15367 4 0 3193 2020 4246 2080 
15368 4 0 4324 3615 2975 3461 
15369 4 0 4324 578 3383 2804 
15370 4 0 4324 3383 2975 3784 
15371 4 0 1142 543 3001 1140 
15372 4 0 2483 1140 1142 3001 
15373 4 0 2483 3001 1142 153 
15374 4 0 3663 1544 3463 2909 
15375 4 0 575 173 1787 398 
15376 4 0 2307 3590 1775 2329 
15377 4 0 4213 2914 2300 4379 
15378 4 0 3691 2467 4107 3103 
15379 4 0 3217 2680 1339 1276 
15380 4 0 1103 3627 3821 3687 
15381 4 0 1103 3687 1101 3627 
15382 4 0 3627 2930 1103 3821 
15383 4 0 2468 1312 2742 172 
15384 4 0 988 4131 2262 4330 
15385 4 0 3280 3082 4131 4330 
15386 4 0 2701 3773 4131 4330 
15387 4 0 4330 3280 3773 4131 
15388 4 0 4330 2701 988 4131 
15389 4 0 2488 2731 2073 3770 
15390 4 0 3571 2726 716 1877 
15391 4 0 2776 3480 3260 895 
15392 4 0 1221 3260 3480 895 
15393 4 0 602 606 4393 2917 
15394 4 0 4243 689 2737 2916 
15395 4 0 3669 4174 3290 1861 
15396 4 0 1476 2314 1819 2797 
15397 4 0 3253 2797 4570 1819 
15398 4 0 3521 2644 668 2663 
15399 4 0 921 4547 2417 3618 
15400 4 0 4363 1091 1127 2438 
15401 4 0 2526 3186 2768 1215 
15402 4 0 2997 4056 2531 3336 
15403 4 0 2997 2444 2434 3501 
15404 4 0 2886 1904 4553 3376 
15405 4 0 1186 2891 2614 2001 
15406 4 0 1803 3509 3270 2302 
15407 4 0 1504 2333 2059 416 
15408 4 0 3298 4194 144 113 
15409 4 0 144 3298 4590 4194 
15410 4 0 3181 96 115 1844 
15411 4 0 2819 1017 312 2811 
15412 4 0 3516 4009 1526 1733 
15413 4 0 1343 452 4526 451 
15414 4 0 4526 452 1343 3846 
15415 4 0 2405 2790 4088 1558 
15416 4 0 4604 3628 2767 2976 
15417 4 0 2976 4604 3628 3689 
15418 4 0 3906 3148 1216 4108 
15419 4 0 1663 2303 3847 3719 
15420 4 0 3773 93 3702 91 
15421 4 0 3702 93 3773 4098 
15422 4 0 93 4098 2482 3773 
15423 4 0 3019 3517 2294 2334 
15424 4 0 3427 818 3290 3669 
15425 4 0 3626 2838 4508 1738 
15426 4 0 2596 842 983 3991 
15427 4 0 3299 3327 1564 2133 
15428 4 0 3299 2133 1564 2898 
15429 4 0 3934 4126 904 905 
15430 4 0 3495 904 3547 905 
15431 4 0 1160 4177 2618 4556 
15432 4 0 3070 3135 2855 4482 
15433 4 0 3542 4185 2273 2228 
15434 4 0 2273 3542 4407 4185 
15435 4 0 253 3622 222 516 
15436 4 0 996 2885 1791 3674 
15437 4 0 2618 273 1861 3189 
15438 4 0 4514 2003 3127 4158 
15439 4 0 3775 676 4467 952 
15440 4 0 952 3775 676 755 
15441 4 0 759 3160 762 2890 
15442 4 0 2890 3160 762 3385 
15443 4 0 3625 3385 762 3160 
15444 4 0 3625 3160 762 759 
15445 4 0 2947 4504 2415 2679 
15446 4 0 1087 1901 3498 3664 
15447 4 0 4316 1087 1403 3498 
15448 4 0 1683 3106 2623 1538 
15449 4 0 1873 1304 2183 3784 
15450 4 0 4061 4324 2975 3784 
15451 4 0 3343 605 2170 3860 
15452 4 0 709 2414 3124 2265 
15453 4 0 1497 1558 483 1219 
15454 4 0 3150 2445 3021 3806 
15455 4 0 1478 4004 661 1777 
15456 4 0 1923 661 1478 4012 
15457 4 0 1499 2803 2529 3580 
15458 4 0 1136 1987 3033 2269 
15459 4 0 134 158 575 1466 
15460 4 0 2090 1116 4121 2560 
15461 4 0 3517 2340 4192 525 
15462 4 0 3721 1424 3426 3524 
15463 4 0 1406 4112 1407 592 
15464 4 0 4139 1627 1421 4053 
15465 4 0 3051 2108 2234 2010 
15466 4 0 414 1820 4198 4570 
15467 4 0 4478 4570 414 4198 
15468 4 0 3903 1228 3331 4000 
15469 4 0 1785 531 4228 1913 
15470 4 0 4228 531 1785 698 
15471 4 0 369 4345 1078 25 
15472 4 0 1078 4345 4579 25 
15473 4 0 335 3572 2744 2830 
15474 4 0 1748 3280 3773 4330 
15475 4 0 3200 29 2783 2812 
15476 4 0 1213 3390 2563 2282 
15477 4 0 1116 981 3732 1191 
15478 4 0 1116 2560 3732 981 
15479 4 0 1663 3719 315 2303 
15480 4 0 3719 323 315 2303 
15481 4 0 3243 814 1511 4547 
15482 4 0 2987 3382 2587 1639 
15483 4 0 2967 2968 1097 1472 
15484 4 0 2967 2968 1472 2176 
15485 4 0 2380 3382 3679 4193 
15486 4 0 3679 3382 3789 4193 
15487 4 0 4362 3551 601 4190 
15488 4 0 4477 3728 3358 4456 
15489 4 0 1638 2839 4153 2202 
15490 4 0 2839 4153 3059 1638 
15491 4 0 2614 2835 1186 4326 
15492 4 0 4216 4093 1161 252 
15493 4 0 4521 2620 3374 3533 
15494 4 0 4256 1672 2093 3614 
15495 4 0 3913 453 4479 455 
15496 4 0 2408 1817 1172 2756 
15497 4 0 1172 2756 997 3809 
15498 4 0 795 2861 338 350 
15499 4 0 3224 2202 4153 1247 
15500 4 0 3304 4175 830 4291 
15501 4 0 2678 4221 1651 3208 
15502 4 0 1651 2831 4221 2678 
15503 4 0 4082 2695 3321 1273 
15504 4 0 3628 4160 3689 862 
15505 4 0 160 3926 135 3610 
15506 4 0 3473 2465 983 842 
15507 4 0 4185 2273 848 2755 
15508 4 0 2228 2273 848 4185 
15509 4 0 3137 4204 2716 1280 
15510 4 0 2439 3594 3172 3472 
15511 4 0 2439 3594 2824 3172 
15512 4 0 3957 4002 3000 4608 
15513 4 0 3670 591 542 2165 
15514 4 0 2701 4131 3773 986 
15515 4 0 3346 1230 2474 3585 
15516 4 0 3364 1067 4536 4242 
15517 4 0 2479 3439 1487 3980 
15518 4 0 1804 1414 2658 4007 
15519 4 0 336 346 3699 1275 
15520 4 0 3324 1275 336 3699 
15521 4 0 2800 602 2071 995 
15522 4 0 2701 3773 122 986 
15523 4 0 3991 575 983 2596 
15524 4 0 534 3784 2975 813 
15525 4 0 4127 3272 3556 4259 
15526 4 0 3935 2971 3082 3666 
15527 4 0 2565 1884 1886 1351 
15528 4 0 4236 2164 4312 718 
15529 4 0 717 718 4312 3034 
15530 4 0 4404 3454 2608 1302 
15531 4 0 1046 4276 2470 3842 
15532 4 0 987 2709 3014 1422 
15533 4 0 2904 3732 2709 1191 
15534 4 0 1644 4071 3235 2472 
15535 4 0 4071 3084 3235 609 
15536 4 0 1903 1223 3864 919 
15537 4 0 1903 919 4303 1223 
15538 4 0 3185 3896 2517 3351 
15539 4 0 3896 3351 2533 2517 
15540 4 0 3905 3942 2615 2782 
15541 4 0 3825 3439 3980 490 
15542 4 0 3439 1313 3825 1630 
15543 4 0 172 2468 184 4166 
15544 4 0 184 586 4166 2468 
15545 4 0 516 1741 1721 222 
15546 4 0 2951 371 3646 2754 
15547 4 0 2669 2604 3405 44 
15548 4 0 2669 3405 2163 1137 
15549 4 0 221 591 2713 542 
15550 4 0 3358 3553 247 1338 
15551 4 0 3601 3797 3740 4019 
15552 4 0 2800 602 3289 3273 
15553 4 0 2882 3273 3630 3728 
15554 4 0 3289 995 602 2800 
15555 4 0 2767 3895 1157 4207 
15556 4 0 495 1682 2476 4181 
15557 4 0 3494 2675 1669 3474 
15558 4 0 4231 3303 1008 3843 
15559 4 0 2129 1006 1817 2431 
15560 4 0 953 3775 4208 4468 
15561 4 0 159 1120 2596 131 
15562 4 0 3135 2855 898 3346 
15563 4 0 2855 2474 898 3346 
15564 4 0 3135 898 2855 4482 
15565 4 0 1966 1130 4209 4485 
15566 4 0 3584 3096 3635 1228 
15567 4 0 3096 3584 3635 3824 
15568 4 0 858 3842 4240 2598 
15569 4 0 331 323 3719 2303 
15570 4 0 4213 2300 2510 1582 
15571 4 0 4056 3537 2997 3932 
15572 4 0 32 2966 24 3676 
15573 4 0 528 4364 117 3630 
15574 4 0 4364 117 3630 4168 
15575 4 0 3008 2610 3700 3939 
15576 4 0 1746 167 783 4340 
15577 4 0 4340 1360 167 783 
15578 4 0 1037 3923 701 4240 
15579 4 0 701 2690 3923 1037 
15580 4 0 2690 1037 3556 3923 
15581 4 0 3556 1037 4240 3923 
15582 4 0 1457 692 696 3140 
15583 4 0 1803 3270 3077 2805 
15584 4 0 3270 3297 3509 3077 
15585 4 0 2850 3938 3461 2192 
15586 4 0 3406 3476 2386 3811 
15587 4 0 3801 3811 3476 3406 
15588 4 0 1835 3406 3811 3801 
15589 4 0 1161 2379 2168 4093 
15590 4 0 3377 3468 4117 4170 
15591 4 0 4347 3377 4117 4170 
15592 4 0 4157 1041 2865 4249 
15593 4 0 1785 1784 2707 4157 
15594 4 0 2707 1784 1041 4157 
15595 4 0 442 4539 3483 834 
15596 4 0 4255 442 834 4539 
15597 4 0 2584 2869 3352 4569 
15598 4 0 4569 2148 3352 2024 
15599 4 0 2548 485 4176 4201 
15600 4 0 3955 3829 2622 1709 
15601 4 0 3955 2622 3829 4258 
15602 4 0 2767 2531 4211 3336 
15603 4 0 2065 476 3820 4189 
15604 4 0 2015 3820 2065 476 
15605 4 0 4017 3010 1983 963 
15606 4 0 2886 1904 3010 963 
15607 4 0 4161 2454 882 1729 
15608 4 0 4322 964 2423 2488 
15609 4 0 491 3078 2321 3083 
15610 4 0 3494 71 58 2675 
15611 4 0 1390 2459 3356 2948 
15612 4 0 2178 569 1746 1745 
15613 4 0 2178 1745 1746 4343 
15614 4 0 4534 1680 3595 3068 
15615 4 0 1635 3232 2909 2525 
15616 4 0 3213 2670 2404 1687 
15617 4 0 2234 3051 1444 2587 
15618 4 0 383 4001 1444 2992 
15619 4 0 116 140 560 4098 
15620 4 0 1703 4218 3529 4374 
15621 4 0 1165 2401 4266 1279 
15622 4 0 2742 3557 589 4166 
15623 4 0 452 2253 1297 4528 
15624 4 0 1539 3050 1227 3170 
15625 4 0 2634 295 3462 1163 
15626 4 0 2479 3581 2291 2877 
15627 4 0 2962 991 2239 680 
15628 4 0 2239 680 3631 2962 
15629 4 0 3390 2925 2563 2282 
15630 4 0 2282 1213 1212 2563 
15631 4 0 803 3854 2353 3271 
15632 4 0 803 4308 3854 3271 
15633 4 0 32 2966 3676 42 
15634 4 0 24 600 3676 2966 
15635 4 0 2272 3298 3962 2435 
15636 4 0 3565 3505 3962 3298 
15637 4 0 3396 2962 680 991 
15638 4 0 1966 4485 3357 1130 
15639 4 0 1966 2952 3357 3449 
15640 4 0 1309 1846 4608 3000 
15641 4 0 2073 3254 2423 581 
15642 4 0 952 3775 4468 4467 
15643 4 0 4467 4468 4520 3775 
15644 4 0 4467 3775 4520 3827 
15645 4 0 322 4550 2309 330 
15646 4 0 3704 4219 3846 2176 
15647 4 0 1187 610 2653 406 
15648 4 0 1746 2570 149 569 
15649 4 0 168 1746 391 149 
15650 4 0 1805 743 2446 3439 
15651 4 0 3923 857 839 701 
15652 4 0 3923 3371 839 857 
15653 4 0 839 3923 2342 3371 
15654 4 0 1219 3185 2517 3351 
15655 4 0 937 3440 2544 2902 
15656 4 0 2905 584 445 1493 
15657 4 0 3944 1335 4341 1109 
15658 4 0 3768 1109 3944 3757 
15659 4 0 2678 3978 4221 2541 
15660 4 0 4221 2831 3978 2678 
15661 4 0 3059 3624 1671 4153 
15662 4 0 710 2344 712 2990 
15663 4 0 235 1160 1729 1162 
15664 4 0 1162 1729 882 2618 
15665 4 0 1729 1162 882 220 
15666 4 0 3859 645 4220 1175 
15667 4 0 4541 4511 4183 2614 
15668 4 0 4326 2614 4183 4511 
15669 4 0 2046 3657 2436 933 
15670 4 0 3657 3251 2436 933 
15671 4 0 674 1881 4069 737 
15672 4 0 1943 3850 4046 3486 
15673 4 0 2379 4093 1161 4216 
15674 4 0 3274 2379 1161 4216 
15675 4 0 3667 1480 409 3638 
15676 4 0 4192 3667 3621 1480 
15677 4 0 4229 2458 2508 3588 
15678 4 0 4451 3051 2234 4103 
15679 4 0 1444 2992 4001 4451 
15680 4 0 19 368 5 3475 
15681 4 0 3588 2933 4229 1847 
15682 4 0 290 291 2947 1961 
15683 4 0 290 4504 2947 291 
15684 4 0 869 2623 3733 4492 
15685 4 0 2623 4492 1683 3733 
15686 4 0 3171 2698 3938 3496 
15687 4 0 2687 3162 4524 3656 
15688 4 0 2687 3656 4524 3638 
15689 4 0 2206 2572 770 4235 
15690 4 0 710 2681 712 2344 
15691 4 0 1174 266 1605 3349 
15692 4 0 3018 3727 4126 3922 
15693 4 0 3814 2717 1263 3057 
15694 4 0 3736 3057 2449 2717 
15695 4 0 2717 1263 3057 2449 
15696 4 0 3736 3814 3057 2717 
15697 4 0 3632 405 446 3697 
15698 4 0 1729 1846 2454 3534 
15699 4 0 713 3154 635 3342 
15700 4 0 3342 3154 3821 713 
15701 4 0 3678 713 3342 3821 
15702 4 0 2804 3383 4324 3784 
15703 4 0 4061 1304 2816 3784 
15704 4 0 2050 1370 3355 1333 
15705 4 0 2728 3841 3308 1159 
15706 4 0 3707 3230 307 3545 
15707 4 0 4566 307 3707 998 
15708 4 0 4566 3545 3707 307 
15709 4 0 3707 3230 317 307 
15710 4 0 4402 1891 3184 3805 
15711 4 0 914 913 3785 2577 
15712 4 0 4606 3293 3799 2825 
15713 4 0 1493 445 2853 3623 
15714 4 0 1966 3357 2402 2953 
15715 4 0 4209 2953 1130 1966 
15716 4 0 3550 1966 2402 2953 
15717 4 0 1966 2953 1130 3357 
15718 4 0 2393 1873 823 3759 
15719 4 0 1873 2816 823 3759 
15720 4 0 2790 1561 3580 2910 
15721 4 0 409 3656 3638 4524 
15722 4 0 1480 1405 409 3638 
15723 4 0 3423 3595 2336 4226 
15724 4 0 2729 1131 4589 3743 
15725 4 0 4589 2600 3039 2729 
15726 4 0 352 340 2295 3106 
15727 4 0 2295 3106 2623 352 
15728 4 0 2295 2623 2064 352 
15729 4 0 2800 3949 89 99 
15730 4 0 3827 4520 1074 3064 
15731 4 0 3827 3485 1944 4151 
15732 4 0 2932 673 2120 1695 
15733 4 0 71 2675 3494 371 
15734 4 0 858 4240 857 2598 
15735 4 0 840 858 857 2598 
15736 4 0 3576 4381 4571 2975 
15737 4 0 4116 2247 3415 1621 
15738 4 0 3374 3533 2847 1815 
15739 4 0 1815 2189 4003 2847 
15740 4 0 3688 710 4199 2847 
15741 4 0 2829 966 3400 3499 
15742 4 0 1690 316 306 1031 
15743 4 0 1695 2792 3559 395 
15744 4 0 3730 2792 3559 673 
15745 4 0 3299 4266 3327 810 
15746 4 0 140 4098 4215 3280 
15747 4 0 1985 1839 3263 541 
15748 4 0 2696 1985 1235 3263 
15749 4 0 1985 2696 1129 3263 
15750 4 0 1985 1235 3263 1839 
15751 4 0 1985 3263 1129 541 
15752 4 0 297 1031 2679 514 
15753 4 0 80 2980 2951 2754 
15754 4 0 3797 3740 4594 3601 
15755 4 0 4073 3797 4019 3740 
15756 4 0 4073 2914 3797 3740 
15757 4 0 3053 3062 2344 2681 
15758 4 0 3249 3053 3062 2344 
15759 4 0 596 247 1338 897 
15760 4 0 1887 1886 742 1885 
15761 4 0 1198 3103 1035 1030 
15762 4 0 1474 3068 4532 2736 
15763 4 0 3556 3842 2598 4240 
15764 4 0 3791 3941 847 4433 
15765 4 0 3941 3167 4433 3791 
15766 4 0 1373 847 4433 3791 
15767 4 0 271 3090 265 3415 
15768 4 0 734 1467 1883 4097 
15769 4 0 123 2570 599 2462 
15770 4 0 3053 260 274 2825 
15771 4 0 3052 3053 274 2825 
15772 4 0 260 3799 274 2825 
15773 4 0 4317 1217 3367 3808 
15774 4 0 3367 4100 2748 4317 
15775 4 0 2069 2410 983 984 
15776 4 0 1670 1642 2065 984 
15777 4 0 984 4103 1670 1642 
15778 4 0 2069 4451 2410 984 
15779 4 0 1671 1905 4153 3258 
15780 4 0 3033 2877 975 2269 
15781 4 0 2877 2943 3033 2291 
15782 4 0 4451 1444 2234 3051 
15783 4 0 2894 3358 3553 1298 
15784 4 0 3817 1840 1798 4300 
15785 4 0 264 3018 4576 3727 
15786 4 0 968 3503 3081 1066 
15787 4 0 3752 2881 2781 4190 
15788 4 0 505 1751 2641 4264 
15789 4 0 1102 513 475 3687 
15790 4 0 3006 3226 3857 746 
15791 4 0 2658 494 1804 1313 
15792 4 0 494 2658 2758 1313 
15793 4 0 3808 4048 386 4318 
15794 4 0 1071 1818 2408 2639 
15795 4 0 1071 1818 2885 2408 
15796 4 0 3459 2408 2639 1071 
15797 4 0 3934 3321 905 3390 
15798 4 0 3669 992 828 2588 
15799 4 0 481 2043 480 2789 
15800 4 0 985 480 481 2043 
15801 4 0 2155 3506 614 767 
15802 4 0 707 618 3402 2656 
15803 4 0 1669 2123 3494 513 
15804 4 0 2309 4550 627 338 
15805 4 0 330 4550 2309 338 
15806 4 0 3528 2408 3459 3266 
15807 4 0 3528 3459 3604 3266 
15808 4 0 1400 3266 3528 3604 
15809 4 0 3962 3298 723 2435 
15810 4 0 1820 2797 1476 1819 
15811 4 0 4062 3972 3307 4544 
15812 4 0 2426 863 3008 783 
15813 4 0 875 3008 863 783 
15814 4 0 2707 1176 2865 1997 
15815 4 0 3661 1997 2707 1041 
15816 4 0 3661 4268 1784 2707 
15817 4 0 570 4254 2491 1105 
15818 4 0 4266 2589 1165 3753 
15819 4 0 2482 3280 560 3730 
15820 4 0 340 3106 4074 2295 
15821 4 0 3632 405 2853 4224 
15822 4 0 3360 3632 4224 405 
15823 4 0 847 4433 3941 1643 
15824 4 0 1214 579 3340 2929 
15825 4 0 4442 3808 3367 386 
15826 4 0 386 3737 1009 4442 
15827 4 0 2529 2803 3085 3580 
15828 4 0 3580 2803 3085 1200 
15829 4 0 4090 670 2104 1850 
15830 4 0 2905 2853 990 1493 
15831 4 0 2853 2905 445 1493 
15832 4 0 2853 4224 2905 4227 
15833 4 0 4227 990 2905 2853 
15834 4 0 2891 2771 1910 1186 
15835 4 0 4069 1393 1881 674 
15836 4 0 4104 1559 4602 1118 
15837 4 0 1534 3466 3805 2491 
15838 4 0 1534 2491 3805 1891 
15839 4 0 1577 1534 3805 797 
15840 4 0 3647 3659 4409 482 
15841 4 0 2225 2927 1685 1687 
15842 4 0 4248 123 105 2462 
15843 4 0 2822 3747 3908 2721 
15844 4 0 1883 1890 739 2012 
15845 4 0 3139 2929 880 3259 
15846 4 0 3139 880 2929 1171 
15847 4 0 4501 3675 3132 4062 
15848 4 0 4501 2336 3675 4062 
15849 4 0 2974 3828 3840 2368 
15850 4 0 2527 1187 4374 2502 
15851 4 0 4374 1187 406 2502 
15852 4 0 2727 4582 4267 2180 
15853 4 0 242 2204 1816 2872 
15854 4 0 3642 690 4230 3510 
15855 4 0 3362 3264 819 1473 
15856 4 0 2073 1978 2423 2488 
15857 4 0 2587 3051 1444 1639 
15858 4 0 3941 1464 3721 4434 
15859 4 0 846 3721 3524 377 
15860 4 0 3721 3524 3426 1464 
15861 4 0 4434 1464 3721 3426 
15862 4 0 3405 34 3020 1137 
15863 4 0 966 2445 2829 3400 
15864 4 0 4237 1523 3975 1217 
15865 4 0 1636 3663 1838 1544 
15866 4 0 3912 2203 2485 4238 
15867 4 0 4263 2937 3760 3340 
15868 4 0 4263 2937 3674 3760 
15869 4 0 3501 2444 2434 2045 
15870 4 0 2531 2045 2444 3501 
15871 4 0 4201 4056 2997 3336 
15872 4 0 2531 3501 2444 2997 
15873 4 0 2997 2767 2531 3501 
15874 4 0 2618 4163 3669 4556 
15875 4 0 2551 295 2453 2634 
15876 4 0 3234 4321 3492 2995 
15877 4 0 1172 1817 2129 2756 
15878 4 0 2756 1006 1817 2129 
15879 4 0 2756 2408 1817 1006 
15880 4 0 4057 2209 3040 1726 
15881 4 0 724 1663 305 315 
15882 4 0 1663 2303 315 724 
15883 4 0 274 3058 2825 249 
15884 4 0 3058 274 2825 3052 
15885 4 0 274 2825 2536 249 
15886 4 0 892 3480 3286 3536 
15887 4 0 4566 2013 2683 3655 
15888 4 0 4240 3923 701 857 
15889 4 0 1804 1313 3439 2658 
15890 4 0 3681 3089 1539 2916 
15891 4 0 473 3888 2380 4233 
15892 4 0 710 3833 2990 4281 
15893 4 0 3123 2990 710 712 
15894 4 0 3123 710 2990 4281 
15895 4 0 3674 2929 2937 1171 
15896 4 0 480 985 3149 2043 
15897 4 0 3925 1895 3909 4270 
15898 4 0 785 1691 3432 2899 
15899 4 0 2517 3185 2121 3896 
15900 4 0 4149 689 4243 2916 
15901 4 0 690 3416 4487 2081 
15902 4 0 1478 1923 112 3227 
15903 4 0 1213 3415 265 3090 
15904 4 0 880 2937 811 2929 
15905 4 0 999 2450 811 1214 
15906 4 0 4127 4259 4148 3272 
15907 4 0 591 2165 3670 1139 
15908 4 0 2825 3058 508 249 
15909 4 0 3058 1532 508 249 
15910 4 0 2536 2825 508 249 
15911 4 0 2678 3249 3208 4328 
15912 4 0 4190 3153 2881 1128 
15913 4 0 3944 1109 4341 3757 
15914 4 0 3187 2699 3297 3143 
15915 4 0 3187 2699 493 2302 
15916 4 0 1086 978 2575 3067 
15917 4 0 3494 2123 49 2335 
15918 4 0 58 49 3494 2123 
15919 4 0 3494 49 58 2335 
15920 4 0 2526 2995 3150 1483 
15921 4 0 2526 2549 3150 3021 
15922 4 0 2782 708 808 3869 
15923 4 0 808 708 2782 3905 
15924 4 0 771 3260 895 2776 
15925 4 0 3416 690 3642 3641 
15926 4 0 325 3572 317 3707 
15927 4 0 3707 3230 3572 317 
15928 4 0 1638 2839 2724 3164 
15929 4 0 1638 2724 2839 2202 
15930 4 0 322 2309 3729 314 
15931 4 0 1829 4415 3950 1051 
15932 4 0 1416 380 4222 2412 
15933 4 0 2530 1200 3501 3004 
15934 4 0 3501 3924 2530 3776 
15935 4 0 2211 4249 3609 3831 
15936 4 0 1323 3990 1327 444 
15937 4 0 324 2811 312 1330 
15938 4 0 4250 3112 85 3437 
15939 4 0 4251 3483 4158 4058 
15940 4 0 1816 4522 2204 242 
15941 4 0 335 345 2830 1072 
15942 4 0 3986 214 4264 4502 
15943 4 0 232 2825 260 711 
15944 4 0 260 2825 3053 711 
15945 4 0 346 3296 3699 1275 
15946 4 0 2053 4564 3412 760 
15947 4 0 2750 3531 3239 2519 
15948 4 0 2750 2519 1106 3531 
15949 4 0 2037 1086 2327 500 
15950 4 0 2884 3067 1086 1321 
15951 4 0 2327 1321 2884 1086 
15952 4 0 1086 1321 2575 3075 
15953 4 0 3145 3335 3295 2696 
15954 4 0 3262 1939 3172 4472 
15955 4 0 3472 3262 3172 4472 
15956 4 0 3476 595 4463 1385 
15957 4 0 2852 3137 4204 1380 
15958 4 0 2177 2365 1167 2248 
15959 4 0 4384 3554 1060 3446 
15960 4 0 3554 3446 4095 1060 
15961 4 0 3432 2225 2627 692 
15962 4 0 1504 416 2059 4574 
15963 4 0 508 4328 3249 2678 
15964 4 0 3249 4328 508 3058 
15965 4 0 4328 3058 3249 3052 
15966 4 0 1678 2468 184 172 
15967 4 0 1669 2123 58 3494 
15968 4 0 3494 58 1669 2675 
15969 4 0 4062 3675 4480 2024 
15970 4 0 4460 613 3086 1010 
15971 4 0 4460 3086 4583 1010 
15972 4 0 1874 2317 1877 2726 
15973 4 0 2497 3505 1618 3962 
15974 4 0 574 1563 1262 114 
15975 4 0 862 4160 3148 3628 
15976 4 0 3964 1051 3950 4415 
15977 4 0 2037 1321 2510 2327 
15978 4 0 2037 2327 2510 1582 
15979 4 0 3505 113 3298 3565 
15980 4 0 492 3077 3509 3297 
15981 4 0 4061 1303 3387 3576 
15982 4 0 229 4528 246 1297 
15983 4 0 2253 4528 229 1297 
15984 4 0 2425 3577 2158 708 
15985 4 0 3216 3765 2244 2888 
15986 4 0 1442 1905 3155 3224 
15987 4 0 1638 4153 3059 1905 
15988 4 0 4069 3747 1471 3995 
15989 4 0 2708 3002 3938 1106 
15990 4 0 3482 2708 3071 2519 
15991 4 0 2708 3002 1358 3938 
15992 4 0 370 1002 17 4376 
15993 4 0 4267 1204 769 2180 
15994 4 0 2462 83 105 4248 
15995 4 0 2493 83 2462 4248 
15996 4 0 4320 2352 3672 1621 
15997 4 0 2592 3707 2129 2580 
15998 4 0 3217 4210 2553 3817 
15999 4 0 4323 3518 2780 143 
16000 4 0 1006 2431 2129 2580 
16001 4 0 1006 1939 1817 2431 
16002 4 0 2816 824 2804 1873 
16003 4 0 4524 3720 1405 409 
16004 4 0 4054 3112 85 4250 
16005 4 0 3083 3187 2302 2828 
16006 4 0 1490 400 685 4092 
16007 4 0 1490 4093 400 4092 
16008 4 0 3844 3463 2909 3663 
16009 4 0 2865 1041 4157 2707 
16010 4 0 245 4082 2464 4576 
16011 4 0 3018 4082 4576 2464 
16012 4 0 2658 2758 1286 2325 
16013 4 0 2680 1802 669 1339 
16014 4 0 1655 3657 3251 2416 
16015 4 0 4260 3543 1407 595 
16016 4 0 3681 2737 2404 2916 
16017 4 0 4512 818 2614 4511 
16018 4 0 3163 26 471 2335 
16019 4 0 3785 2577 2829 914 
16020 4 0 3662 3536 1211 3725 
16021 4 0 3785 2829 3658 914 
16022 4 0 3797 2510 3136 4286 
16023 4 0 3794 3261 3797 4286 
16024 4 0 627 4550 795 338 
16025 4 0 959 2682 4319 1213 
16026 4 0 4320 3109 523 2136 
16027 4 0 1165 4266 2401 2589 
16028 4 0 4266 3299 2583 810 
16029 4 0 3558 3521 1388 410 
16030 4 0 3518 4323 3517 143 
16031 4 0 2540 4367 1871 3678 
16032 4 0 3690 3661 4268 703 
16033 4 0 768 654 435 2155 
16034 4 0 3933 3420 4191 2761 
16035 4 0 951 873 4195 2695 
16036 4 0 3577 2524 3149 845 
16037 4 0 724 296 305 1663 
16038 4 0 3143 1628 3297 2969 
16039 4 0 4161 1729 882 220 
16040 4 0 3687 3678 1102 3163 
16041 4 0 2707 2220 3661 3690 
16042 4 0 3690 4268 3661 2707 
16043 4 0 4254 1896 1534 3466 
16044 4 0 2380 3679 3306 473 
16045 4 0 3018 2464 3321 4082 
16046 4 0 3018 3922 4126 3321 
16047 4 0 3788 269 247 3233 
16048 4 0 4209 447 2953 3550 
16049 4 0 2015 84 3814 98 
16050 4 0 3093 3814 84 98 
16051 4 0 1073 1306 3000 4608 
16052 4 0 4145 3505 3962 3565 
16053 4 0 3505 3962 2497 4145 
16054 4 0 4530 3186 2960 2871 
16055 4 0 3442 1910 1186 2891 
16056 4 0 1091 3148 4383 3916 
16057 4 0 4554 644 3372 2967 
16058 4 0 3321 4126 3934 905 
16059 4 0 446 3632 3360 405 
16060 4 0 3369 3075 991 2239 
16061 4 0 3369 3075 2418 991 
16062 4 0 3916 4160 3148 862 
16063 4 0 995 3289 599 1726 
16064 4 0 4549 2903 4301 816 
16065 4 0 922 2903 4301 4549 
16066 4 0 511 3789 3382 3164 
16067 4 0 2543 2244 3216 3765 
16068 4 0 1774 2873 2795 2741 
16069 4 0 3279 3324 3699 1275 
16070 4 0 1703 3529 4218 3114 
16071 4 0 4189 4368 3093 3814 
16072 4 0 129 4189 4368 3093 
16073 4 0 2250 3809 3339 2369 
16074 4 0 3339 577 2250 2369 
16075 4 0 966 3806 3021 2445 
16076 4 0 4429 2630 3555 1948 
16077 4 0 2503 2977 4073 3797 
16078 4 0 4213 2510 2300 2914 
16079 4 0 4213 2510 2914 3797 
16080 4 0 1784 1041 4276 3661 
16081 4 0 242 2204 2872 257 
16082 4 0 3707 317 3425 307 
16083 4 0 3992 3747 1393 4069 
16084 4 0 1427 87 97 1066 
16085 4 0 3175 1737 1736 2760 
16086 4 0 937 3440 938 829 
16087 4 0 2809 3148 4390 4383 
16088 4 0 2336 3307 4501 3397 
16089 4 0 4501 3397 3423 2336 
16090 4 0 159 2596 3991 850 
16091 4 0 1603 2398 2880 3798 
16092 4 0 4447 3302 3138 4276 
16093 4 0 4270 3664 1710 1087 
16094 4 0 4302 2544 4058 4251 
16095 4 0 121 1263 575 134 
16096 4 0 2888 3796 2244 3364 
16097 4 0 4196 3402 478 3076 
16098 4 0 4532 3087 2736 2870 
16099 4 0 3703 3112 3437 85 
16100 4 0 2987 2202 422 2839 
16101 4 0 3591 3224 1442 3155 
16102 4 0 4569 2024 3352 2584 
16103 4 0 553 1644 2472 276 
16104 4 0 2472 2539 1644 553 
16105 4 0 2492 2174 3133 3859 
16106 4 0 3008 1413 128 875 
16107 4 0 128 92 1413 3931 
16108 4 0 1090 3137 1504 2232 
16109 4 0 3622 710 516 4182 
16110 4 0 692 4241 2764 2627 
16111 4 0 2524 3920 3778 845 
16112 4 0 1148 1094 2079 3245 
16113 4 0 3612 2712 1278 3608 
16114 4 0 1544 3612 1278 3608 
16115 4 0 828 2978 3669 4163 
16116 4 0 3123 4182 253 516 
16117 4 0 4142 597 3585 1230 
16118 4 0 4569 2954 2024 2584 
16119 4 0 4315 4195 967 2695 
16120 4 0 2545 1500 130 530 
16121 4 0 1500 4011 1563 530 
16122 4 0 2408 1172 1817 2639 
16123 4 0 4131 3082 2262 4330 
16124 4 0 4131 2262 2703 3329 
16125 4 0 2262 3329 4131 988 
16126 4 0 2978 1325 992 3669 
16127 4 0 4539 2846 4255 442 
16128 4 0 1612 3465 2917 2821 
16129 4 0 2543 2244 3765 3512 
16130 4 0 2543 3765 4144 3512 
16131 4 0 904 2386 4126 1696 
16132 4 0 717 3526 3034 2912 
16133 4 0 4596 3969 266 3113 
16134 4 0 4001 1465 2992 985 
16135 4 0 4451 4001 1465 2992 
16136 4 0 1430 3476 4096 750 
16137 4 0 3588 2508 4229 2933 
16138 4 0 3783 1797 3540 334 
16139 4 0 3336 2767 4201 4207 
16140 4 0 1524 1345 1631 1689 
16141 4 0 1925 3476 1432 1433 
16142 4 0 3476 1432 4463 1925 
16143 4 0 4161 1846 2454 1729 
16144 4 0 1309 1846 2454 4161 
16145 4 0 472 1450 3430 3624 
16146 4 0 3702 1748 3773 4330 
16147 4 0 4284 4191 1441 3155 
16148 4 0 4263 2937 3340 579 
16149 4 0 4188 522 4077 4555 
16150 4 0 1686 2225 2627 3432 
16151 4 0 2225 1691 3432 1686 
16152 4 0 4313 719 4314 2860 
16153 4 0 3122 2860 2419 719 
16154 4 0 719 2419 4314 2860 
16155 4 0 1856 2786 4100 2748 
16156 4 0 4276 3661 2393 3138 
16157 4 0 2677 705 805 3514 
16158 4 0 705 2127 3514 2677 
16159 4 0 620 103 1828 3917 
16160 4 0 480 3149 845 3786 
16161 4 0 138 1110 4335 656 
16162 4 0 2882 602 3355 3630 
16163 4 0 1558 2405 2790 1498 
16164 4 0 2860 4313 719 720 
16165 4 0 298 3094 3545 292 
16166 4 0 2388 4082 3321 1273 
16167 4 0 3231 3679 3382 511 
16168 4 0 2912 511 3679 3231 
16169 4 0 3346 2905 4224 4227 
16170 4 0 1148 2079 2688 3662 
16171 4 0 3245 3662 2079 1148 
16172 4 0 2122 2238 3946 3056 
16173 4 0 3163 26 2335 2540 
16174 4 0 3015 4499 4481 451 
16175 4 0 4499 4523 451 3015 
16176 4 0 3818 2307 1775 1988 
16177 4 0 2170 3497 2557 1073 
16178 4 0 3352 3762 2466 2657 
16179 4 0 3292 4604 3490 2741 
16180 4 0 3286 892 3536 2532 
16181 4 0 3657 2046 2436 4515 
16182 4 0 2774 1200 2935 1561 
16183 4 0 1561 2803 1200 2935 
16184 4 0 3154 635 636 4308 
16185 4 0 446 3360 3404 405 
16186 4 0 4260 3543 595 1925 
16187 4 0 3419 2177 2852 1167 
16188 4 0 2069 3473 2465 983 
16189 4 0 219 249 508 1532 
16190 4 0 4023 1430 3801 3476 
16191 4 0 1696 240 904 216 
16192 4 0 3093 84 3814 4368 
16193 4 0 3093 4368 108 84 
16194 4 0 1903 585 930 4303 
16195 4 0 3033 2269 1987 2877 
16196 4 0 3964 536 3516 535 
16197 4 0 3858 4489 4490 835 
16198 4 0 4307 4200 637 3248 
16199 4 0 2094 637 4307 4293 
16200 4 0 4409 2414 2848 3124 
16201 4 0 3249 4159 3833 3208 
16202 4 0 3056 4299 2122 3779 
16203 4 0 3546 978 3067 2575 
16204 4 0 103 87 1828 3917 
16205 4 0 1828 87 968 3929 
16206 4 0 2086 3779 4299 4527 
16207 4 0 3138 703 702 4447 
16208 4 0 3661 703 3138 4447 
16209 4 0 3816 4048 4318 4038 
16210 4 0 2014 3796 2888 3364 
16211 4 0 584 990 815 816 
16212 4 0 2122 3779 4299 2086 
16213 4 0 319 1511 311 4060 
16214 4 0 789 4237 1285 3975 
16215 4 0 1217 3975 4237 789 
16216 4 0 1210 749 4346 1240 
16217 4 0 130 157 2562 4454 
16218 4 0 4454 2562 1356 157 
16219 4 0 595 3390 905 3321 
16220 4 0 4517 4489 934 835 
16221 4 0 392 654 3566 2155 
16222 4 0 695 2190 4128 3414 
16223 4 0 4031 3009 4371 3886 
16224 4 0 2722 4298 3225 3886 
16225 4 0 4373 486 2455 4179 
16226 4 0 979 4329 2751 4289 
16227 4 0 1371 3728 2447 4477 
16228 4 0 2515 3721 3426 3764 
16229 4 0 3518 3019 143 3517 
16230 4 0 561 4405 4427 1576 
16231 4 0 4274 1459 2368 1338 
16232 4 0 3056 4299 3779 3852 
16233 4 0 1561 2803 3580 1200 
16234 4 0 286 3433 4483 4304 
16235 4 0 4483 3433 4245 4304 
16236 4 0 2888 3796 3765 2244 
16237 4 0 2388 3090 3321 3390 
16238 4 0 3943 3913 2769 4479 
16239 4 0 2417 921 2191 1511 
16240 4 0 3777 3056 3946 2238 
16241 4 0 3056 3946 2122 4299 
16242 4 0 2674 4245 2430 3433 
16243 4 0 1965 2674 3433 4304 
16244 4 0 1638 1905 1442 2202 
16245 4 0 2535 1539 3903 3170 
16246 4 0 4347 3377 1205 4117 
16247 4 0 3904 4145 3503 1618 
16248 4 0 3168 4223 4438 1627 
16249 4 0 480 4413 2615 3786 
16250 4 0 1403 1087 1901 3498 
16251 4 0 4493 690 4487 2081 
16252 4 0 4493 2535 2081 4487 
16253 4 0 1211 892 3480 896 
16254 4 0 2548 2504 3260 4201 
16255 4 0 2939 3085 2529 4197 
16256 4 0 4153 2202 1905 1638 
16257 4 0 1099 4273 2274 3788 
16258 4 0 2139 2274 3832 3788 
16259 4 0 2974 3788 2139 3840 
16260 4 0 3522 3857 2121 3185 
16261 4 0 1203 2688 2727 774 
16262 4 0 2004 3630 1062 2727 
16263 4 0 2784 3112 2490 4054 
16264 4 0 1441 3420 3155 4191 
16265 4 0 3926 2969 1676 3823 
16266 4 0 1129 4384 541 3554 
16267 4 0 1129 4384 1723 541 
16268 4 0 4384 1129 2738 3554 
16269 4 0 4307 714 2094 4293 
16270 4 0 3280 3082 4330 3666 
16271 4 0 4213 2914 3740 3797 
16272 4 0 2774 1200 1561 2910 
16273 4 0 811 879 880 3259 
16274 4 0 880 2929 811 3259 
16275 4 0 3925 1679 1895 4270 
16276 4 0 1372 527 1333 4169 
16277 4 0 2798 4075 2720 944 
16278 4 0 2082 1892 1984 2672 
16279 4 0 3260 4201 485 2548 
16280 4 0 1508 4512 818 202 
16281 4 0 1687 2404 3213 2514 
16282 4 0 4012 1478 112 656 
16283 4 0 219 2536 508 249 
16284 4 0 3017 2782 4309 1365 
16285 4 0 1365 808 3869 2782 
16286 4 0 3961 1833 4270 4316 
16287 4 0 4395 535 4415 4262 
16288 4 0 967 245 4315 2464 
16289 4 0 4021 127 874 2858 
16290 4 0 2858 127 620 3917 
16291 4 0 1833 4270 3909 3961 
16292 4 0 95 113 3505 3565 
16293 4 0 968 87 1427 1066 
16294 4 0 970 1427 1066 968 
16295 4 0 264 240 4126 3727 
16296 4 0 2542 1153 2572 2533 
16297 4 0 3939 4145 3505 2497 
16298 4 0 661 4004 660 1777 
16299 4 0 1393 1433 1981 3476 
16300 4 0 1433 3476 1393 4119 
16301 4 0 3367 1523 4237 1217 
16302 4 0 1478 2137 656 4282 
16303 4 0 1406 3727 4126 240 
16304 4 0 118 1265 1826 162 
16305 4 0 162 1265 1826 3073 
16306 4 0 4616 162 3073 1265 
16307 4 0 2695 1783 2858 873 
16308 4 0 3543 595 1925 3476 
16309 4 0 1833 4316 4026 4270 
16310 4 0 4048 3808 386 4237 
16311 4 0 949 211 3345 1310 
16312 4 0 876 1311 950 1310 
16313 4 0 1679 1710 1089 1087 
16314 4 0 1923 4012 1478 112 
16315 4 0 970 1265 1826 118 
16316 4 0 4316 4270 3961 1895 
16317 4 0 3811 1407 3543 595 
16318 4 0 595 3543 3811 3476 
16319 4 0 147 127 620 2858 
16320 4 0 1693 3227 112 1923 
16321 4 0 1310 211 1299 228 
16322 4 0 1299 1310 228 784 
16323 4 0 2858 1783 2695 166 
16324 4 0 1310 3345 1299 211 
16325 4 0 1310 876 1311 1299 
16326 4 0 4597 2451 3464 4248 
16327 4 0 4203 1022 1896 3466 
16328 4 0 565 3398 1907 2686 
16329 4 0 570 4254 1105 3025 
16330 4 0 4252 1108 567 868 
16331 4 0 4015 2645 2370 4402 
16332 4 0 1893 2432 1894 572 
16333 4 0 1925 595 4260 4463 
16334 4 0 780 1411 1698 1700 
16335 4 0 776 3893 3782 1699 
16336 4 0 3782 3301 4055 1700 
16337 4 0 1408 4035 592 4509 
16338 4 0 3782 3893 1932 1699 
16339 4 0 4278 3884 519 1934 
16340 4 0 1611 4041 3884 3812 
16341 4 0 1192 4063 3993 3803 
16342 4 0 1408 592 3037 517 
16343 4 0 1743 1808 3984 1753 
16344 4 0 4309 3017 4236 4016 
16345 4 0 1872 2862 652 175 
16346 4 0 3284 721 3411 4214 
16347 4 0 4309 3017 4016 4313 
16348 4 0 1366 2860 4313 4314 
16349 4 0 871 870 872 389 
16350 4 0 575 4453 1787 134 
16351 4 0 398 4455 1053 1787 
16352 4 0 4455 398 575 1787 
16353 4 0 1354 398 4455 1053 
16354 4 0 3991 173 158 575 
16355 4 0 173 1787 158 575 
16356 4 0 4177 4163 2618 4556 
16357 4 0 4430 1420 4439 3156 
16358 4 0 2813 3436 4438 852 
16359 4 0 2547 982 3156 4430 
16360 4 0 4429 1973 1677 428 
16361 4 0 2926 987 2709 2323 
16362 4 0 1360 3931 128 783 
16363 4 0 2436 4515 3587 3657 
16364 4 0 4326 1186 2614 4519 
16365 4 0 2694 4215 2120 1668 
16366 4 0 4373 503 4378 4101 
16367 4 0 394 1694 192 176 
16368 4 0 1202 4348 773 4352 
16369 4 0 4267 2180 769 2727 
16370 4 0 4366 1206 4389 746 
16371 4 0 3822 4095 773 4348 
16372 4 0 3226 772 4217 4366 
16373 4 0 3820 2723 2722 3886 
16374 4 0 4189 3820 2762 476 
16375 4 0 3814 4368 84 476 
16376 4 0 713 3627 2930 4370 
16377 4 0 4372 652 4310 393 
16378 4 0 1002 3409 4377 4376 
16379 4 0 2448 1451 2649 22 
16380 4 0 3630 4364 1062 528 
16381 4 0 862 3292 3490 2115 
16382 4 0 3257 3036 4250 3643 
16383 4 0 623 4398 4068 4395 
16384 4 0 3176 4437 2109 2926 
16385 4 0 2758 3156 2135 2089 
16386 4 0 4434 2062 1647 3764 
16387 4 0 1675 3156 2832 4439 
16388 4 0 4443 1812 1854 3525 
16389 4 0 4600 3097 1043 1042 
16390 4 0 4455 575 4452 4453 
16391 4 0 3097 4598 4446 179 
16392 4 0 723 3298 4590 887 
16393 4 0 396 2218 2928 2668 
16394 4 0 1395 3469 3486 4470 
16395 4 0 4522 586 4466 2729 
16396 4 0 2600 4466 2729 4471 
16397 4 0 826 4513 2743 833 
16398 4 0 4173 2863 1307 1197 
16399 4 0 518 3967 1781 1340 
16400 4 0 1188 4512 4080 4519 
16401 4 0 4490 4593 4489 3858 
16402 4 0 4518 2275 3766 3858 
16403 4 0 3881 4530 3186 2960 
16404 4 0 3534 2329 2454 4163 
16405 4 0 3881 3915 2308 4530 
16406 4 0 4092 4093 400 3570 
16407 4 0 4180 1326 3304 4175 
16408 4 0 3304 4175 4291 4180 
16409 4 0 1590 3407 4577 4113 
16410 4 0 1021 4558 1619 3665 
16411 4 0 4562 3527 1594 3568 
16412 4 0 1660 3772 1488 3890 
16413 4 0 3685 1659 4557 976 
16414 4 0 3568 3677 4562 3527 
16415 4 0 2993 3374 3533 2847 
16416 4 0 222 1015 516 543 
16417 4 0 996 2885 1818 3809 
16418 4 0 1658 4566 3094 2683 
16419 4 0 1791 3210 612 3760 
16420 4 0 3960 533 3892 1810 
16421 4 0 3960 1810 4045 4125 
16422 4 0 4441 1809 533 3735 
16423 4 0 1733 1854 3735 3960 
16424 4 0 1484 142 3993 1192 
16425 4 0 3892 1579 4441 533 
16426 4 0 4440 994 3873 4005 
16427 4 0 64 3435 1794 57 
16428 4 0 1122 4279 215 750 
16429 4 0 497 301 308 4545 
16430 4 0 250 228 784 1299 
16431 4 0 3667 2687 440 1287 
16432 4 0 2073 2981 3169 2149 
16433 4 0 2710 4568 3729 314 
16434 4 0 4478 3734 414 4570 
16435 4 0 186 3015 391 3345 
16436 4 0 4526 4481 451 3015 
16437 4 0 2092 1477 1100 3470 
16438 4 0 3015 3345 186 4499 
16439 4 0 2887 1871 3342 3678 
16440 4 0 714 373 4370 1869 
16441 4 0 713 714 3627 4370 
16442 4 0 4367 1102 3163 471 
16443 4 0 2419 2590 4314 2860 
16444 4 0 1366 2860 4314 2265 
16445 4 0 2722 3820 3886 3225 
16446 4 0 2862 652 175 195 
16447 4 0 3571 1866 2726 379 
16448 4 0 3342 2887 3154 635 
16449 4 0 652 3203 393 4372 
16450 4 0 3154 2887 3342 3821 
16451 4 0 3821 2887 3342 3678 
16452 4 0 1453 3931 385 3215 
16453 4 0 1746 783 2178 4340 
16454 4 0 875 877 148 783 
16455 4 0 168 186 4457 391 
16456 4 0 3337 3212 2211 3609 
16457 4 0 2975 3383 2316 681 
16458 4 0 1360 2426 783 2178 
16459 4 0 4572 95 3931 3565 
16460 4 0 955 2367 626 1387 
16461 4 0 4417 4414 537 1376 
16462 4 0 4399 1753 1743 1614 
16463 4 0 625 1599 1598 1831 
16464 4 0 3950 1597 1829 1616 
16465 4 0 1599 1831 625 624 
16466 4 0 3712 4573 1828 968 
16467 4 0 1615 4395 4416 813 
16468 4 0 4068 623 4395 4030 
16469 4 0 624 1831 1617 1599 
16470 4 0 4120 4067 3996 3651 
16471 4 0 4014 4421 4416 4419 
16472 4 0 3875 4418 3749 1516 
16473 4 0 1914 113 3298 144 
16474 4 0 2442 22 2448 2649 
16475 4 0 4571 2358 2156 4381 
16476 4 0 4355 486 4218 4101 
16477 4 0 1633 295 304 2551 
16478 4 0 4575 1996 4502 1721 
16479 4 0 2370 2645 368 2441 
16480 4 0 1577 3805 2908 3671 
16481 4 0 1515 1894 4400 2432 
16482 4 0 3934 3018 4126 3321 
16483 4 0 3696 3917 3929 3487 
16484 4 0 245 2464 730 4576 
16485 4 0 1659 4055 3111 3620 
16486 4 0 3111 1659 3620 3493 
16487 4 0 4029 4055 4557 3301 
16488 4 0 3504 3692 3782 1699 
16489 4 0 4055 3301 4029 1700 
16490 4 0 3407 3408 4113 4032 
16491 4 0 1909 519 1934 4563 
16492 4 0 3812 4278 1969 3885 
16493 4 0 1969 1933 4040 1701 
16494 4 0 4126 595 3321 3922 
16495 4 0 164 2180 169 4582 
16496 4 0 4352 773 4095 4348 
16497 4 0 4347 4349 1205 2100 
16498 4 0 2100 1058 3330 4347 
16499 4 0 1206 772 4366 1936 
16500 4 0 2110 4111 4350 1057 
16501 4 0 774 3787 1211 3480 
16502 4 0 749 4136 4386 4147 
16503 4 0 2315 747 4385 4387 
16504 4 0 1922 3834 3050 4537 
16505 4 0 3243 319 1511 311 
16506 4 0 4093 2379 929 915 
16507 4 0 2900 2837 1238 1494 
16508 4 0 1920 3178 4301 4137 
16509 4 0 815 4301 1920 3178 
16510 4 0 3274 2361 1161 2379 
16511 4 0 4386 1200 4147 1562 
16512 4 0 2063 585 2397 2077 
16513 4 0 1683 4492 2623 3060 
16514 4 0 3600 3660 2876 4488 
16515 4 0 2477 2311 583 2191 
16516 4 0 178 785 397 206 
16517 4 0 4584 2287 3600 3660 
16518 4 0 397 178 206 1897 
16519 4 0 3140 2036 4494 1010 
16520 4 0 3213 2737 2670 689 
16521 4 0 2535 1539 3170 2916 
16522 4 0 4614 1110 622 4282 
16523 4 0 3406 1835 3811 188 
16524 4 0 655 1607 4 2286 
16525 4 0 1800 2700 1598 4089 
16526 4 0 4 2286 20 655 
16527 4 0 932 870 163 1110 
16528 4 0 870 390 185 163 
16529 4 0 957 3731 1386 2963 
16530 4 0 138 1110 932 163 
16531 4 0 4614 1110 4282 4335 
16532 4 0 287 299 2285 733 
16533 4 0 3455 731 4113 679 
16534 4 0 1068 3368 4473 3954 
16535 4 0 4497 967 3368 2464 
16536 4 0 2763 2778 2691 3523 
16537 4 0 732 1026 3368 4473 
16538 4 0 2735 3603 413 1822 
16539 4 0 519 4563 3767 4559 
16540 4 0 134 1263 575 4453 
16541 4 0 3427 2717 2437 1681 
16542 4 0 1263 4452 575 4453 
16543 4 0 4452 2717 3561 1681 
16544 4 0 1053 398 202 818 
16545 4 0 4455 575 4453 1787 
16546 4 0 2631 1681 2437 1355 
16547 4 0 398 202 1787 1053 
16548 4 0 178 397 1356 1897 
16549 4 0 4077 4555 522 3835 
16550 4 0 4188 419 2861 358 
16551 4 0 2967 4554 644 3133 
16552 4 0 3758 1604 4587 526 
16553 4 0 650 647 2829 1412 
16554 4 0 1602 1125 3755 645 
16555 4 0 3456 1904 1096 4551 
16556 4 0 4552 1955 1900 3835 
16557 4 0 795 4555 627 4188 
16558 4 0 4169 186 212 2253 
16559 4 0 1333 527 1338 463 
16560 4 0 2253 1297 4169 527 
16561 4 0 391 1264 3345 3015 
16562 4 0 191 186 167 3345 
16563 4 0 463 2253 1264 1333 
16564 4 0 2447 3728 2894 4477 
16565 4 0 1371 3728 4477 4456 
16566 4 0 2288 1661 4083 2765 
16567 4 0 2917 4283 4393 2509 
16568 4 0 2849 4406 4392 1610 
16569 4 0 2105 554 1233 145 
16570 4 0 4546 2960 4530 3881 
16571 4 0 3915 4530 3881 4546 
16572 4 0 250 228 1299 2427 
16573 4 0 301 3240 3130 289 
16574 4 0 228 211 1299 4523 
16575 4 0 4062 4501 3307 3972 
16576 4 0 2427 2851 4523 1299 
16577 4 0 441 2308 2373 1190 
16578 4 0 4530 3186 2871 4500 
16579 4 0 3748 3732 4289 2751 
16580 4 0 2758 3684 1675 3582 
16581 4 0 986 4131 1878 3926 
16582 4 0 4436 1524 2630 3555 
16583 4 0 2420 2926 4437 3176 
16584 4 0 1678 1628 3926 2468 
16585 4 0 1676 1628 3926 1678 
16586 4 0 1628 1676 2969 3023 
16587 4 0 4589 1595 1131 3039 
16588 4 0 1948 2630 3555 4436 
16589 4 0 1426 428 1973 4429 
16590 4 0 3959 887 1133 200 
16591 4 0 1134 3495 199 3547 
16592 4 0 4590 723 640 3298 
16593 4 0 3298 4590 171 144 
16594 4 0 1189 2891 1910 2586 
16595 4 0 4326 2614 4511 4512 
16596 4 0 4518 3502 2275 3858 
16597 4 0 2484 4516 936 548 
16598 4 0 3587 4515 4327 3657 
16599 4 0 173 1188 202 398 
16600 4 0 2596 1664 159 173 
16601 4 0 2515 3639 2228 3542 
16602 4 0 3155 4591 3591 3224 
16603 4 0 2062 1673 847 2153 
16604 4 0 1648 3941 847 2062 
16605 4 0 4407 3514 2755 2353 
16606 4 0 479 4408 3562 4412 
16607 4 0 3942 2848 1419 809 
16608 4 0 1416 618 707 3206 
16609 4 0 2158 1415 3562 4408 
16610 4 0 3905 2615 4413 3577 
16611 4 0 3437 3257 2596 3036 
16612 4 0 1470 3257 3036 2875 
16613 4 0 2414 4212 4411 3643 
16614 4 0 4519 2614 4326 4512 
16615 4 0 218 818 1053 202 
16616 4 0 4513 3502 833 2275 
16617 4 0 3657 2416 2436 3251 
16618 4 0 818 4512 1188 202 
16619 4 0 218 818 234 1053 
16620 4 0 2120 4358 4354 4356 
16621 4 0 3986 394 2120 1694 
16622 4 0 370 2970 8 17 
16623 4 0 2934 562 2814 766 
16624 4 0 3766 2684 4518 4595 
16625 4 0 2684 3636 4595 3766 
16626 4 0 2181 368 19 1533 
16627 4 0 2233 2068 3174 2230 
16628 4 0 4424 790 2433 489 
16629 4 0 4248 1108 3708 4252 
16630 4 0 1657 120 104 2757 
16631 4 0 2757 120 837 4446 
16632 4 0 1010 189 4583 4460 
16633 4 0 3092 4491 1012 2928 
16634 4 0 1622 3092 4598 1012 
16635 4 0 179 520 3097 4598 
16636 4 0 4583 3086 145 2105 
16637 4 0 4598 1012 520 3097 
16638 4 0 178 2562 1151 157 
16639 4 0 201 909 438 911 
16640 4 0 2508 1564 3588 2898 
16641 4 0 3445 1852 3238 2621 
16642 4 0 3775 1557 676 755 
16643 4 0 756 4538 3238 3196 
16644 4 0 952 3775 953 4468 
16645 4 0 3743 2895 2104 2729 
16646 4 0 953 4208 3196 4469 
16647 4 0 387 698 4228 4601 
16648 4 0 608 1046 3556 4240 
16649 4 0 4259 1048 2183 1046 
16650 4 0 1044 3370 1039 3448 
16651 4 0 2559 2739 1038 4450 
16652 4 0 2582 1012 2222 3097 
16653 4 0 217 1010 4460 189 
16654 4 0 179 887 3959 200 
16655 4 0 160 1652 184 2468 
16656 4 0 2824 3594 2439 3296 
16657 4 0 4467 3775 3827 676 
16658 4 0 1398 1401 3196 953 
16659 4 0 1395 4046 4470 3486 
16660 4 0 4599 2104 2718 587 
16661 4 0 4522 2729 4466 4471 
16662 4 0 3039 184 1652 2468 
16663 4 0 2742 1312 146 172 
16664 4 0 2204 1816 2692 586 
16665 4 0 3594 3718 2824 3172 
16666 4 0 160 3926 2922 2468 
16667 4 0 3743 2104 3134 4599 
16668 4 0 4599 2104 3134 2718 
16669 4 0 4466 2729 3039 2600 
16670 4 0 3797 3418 4594 3740 
16671 4 0 4218 2694 486 4355 
16672 4 0 503 4356 4358 2120 
16673 4 0 19 23 2181 1533 
16674 4 0 2249 1448 3003 2628 
16675 4 0 2178 1108 1745 4342 
16676 4 0 2426 4342 2878 2178 
16677 4 0 3002 3938 4359 2192 
16678 4 0 4341 3025 570 1105 
16679 4 0 391 2253 3015 186 
16680 4 0 186 168 167 391 
16681 4 0 1451 2448 9 14 
16682 4 0 2307 1775 3590 4242 
16683 4 0 1329 2311 2915 1016 
16684 4 0 1729 235 1162 220 
16685 4 0 772 2110 4217 4366 
16686 4 0 1211 896 3480 3787 
16687 4 0 38 2227 4388 3830 
16688 4 0 2910 4386 1200 749 
16689 4 0 771 3260 1221 895 
16690 4 0 3458 3522 4389 2998 
16691 4 0 3787 896 3480 895 
16692 4 0 4147 749 1076 1200 
16693 4 0 1204 769 1203 4267 
16694 4 0 2180 1204 169 2319 
16695 4 0 4088 2790 484 894 
16696 4 0 2499 2235 3180 3771 
16697 4 0 2776 4094 1559 4104 
16698 4 0 893 3180 3006 2499 
16699 4 0 2110 772 1936 4366 
16700 4 0 4366 746 772 1206 
16701 4 0 1211 3787 774 2625 
16702 4 0 4111 1527 1059 1057 
16703 4 0 4598 520 4491 201 
16704 4 0 201 438 1649 911 
16705 4 0 911 201 238 1649 
16706 4 0 201 909 179 520 
16707 4 0 178 2562 157 1356 
16708 4 0 217 4510 4460 613 
16709 4 0 4491 2928 1649 1012 
16710 4 0 201 179 4598 520 
16711 4 0 206 397 2899 785 
16712 4 0 206 2899 397 1897 
16713 4 0 613 4461 3086 1011 
16714 4 0 2612 3752 4405 3438 
16715 4 0 2105 4583 554 145 
16716 4 0 1233 2562 554 2105 
16717 4 0 3085 4197 2676 3855 
16718 4 0 1244 3241 483 2270 
16719 4 0 538 1157 1170 485 
16720 4 0 1153 2572 2270 524 
16721 4 0 901 4431 902 3241 
16722 4 0 2105 1151 2562 554 
16723 4 0 2071 4057 995 2209 
16724 4 0 1007 3516 3988 1324 
16725 4 0 3544 2058 3837 4064 
16726 4 0 4037 3294 3875 4014 
16727 4 0 968 4573 974 1378 
16728 4 0 4396 1387 955 626 
16729 4 0 4419 4014 4397 4416 
16730 4 0 1427 4573 3712 968 
16731 4 0 3363 4392 4605 2632 
16732 4 0 2331 2456 3548 765 
16733 4 0 4362 1064 1058 3551 
16734 4 0 1149 4362 3551 1064 
16735 4 0 1094 2438 2079 3245 
16736 4 0 164 528 4582 4364 
16737 4 0 528 164 4582 2180 
16738 4 0 763 3625 759 2400 
16739 4 0 4606 3799 3293 3098 
16740 4 0 1198 4165 2892 1035 
16741 4 0 814 2328 3433 4483 
16742 4 0 2952 4152 3357 4484 
16743 4 0 685 3070 4580 4482 
16744 4 0 213 187 4456 3358 
16745 4 0 584 990 816 1493 
16746 4 0 405 445 900 2853 
16747 4 0 990 584 815 1920 
16748 4 0 405 2197 2485 3697 
16749 4 0 3243 2328 303 1511 
16750 4 0 4580 187 213 3358 
16751 4 0 2871 3186 4544 3972 
16752 4 0 2650 3694 2396 2710 
16753 4 0 3345 191 186 4499 
16754 4 0 2427 4523 228 1299 
16755 4 0 4499 186 3015 4481 
16756 4 0 191 949 3345 167 
16757 4 0 2373 3015 452 451 
16758 4 0 4543 409 4524 3777 
16759 4 0 3273 4168 4391 3630 
16760 4 0 1128 4392 2849 4406 
16761 4 0 3125 2280 2385 2205 
16762 4 0 4541 2614 3669 818 
16763 4 0 993 4255 588 4033 
16764 4 0 3597 1323 2118 444 
16765 4 0 4206 3818 1775 1988 
16766 4 0 4541 3131 2588 4183 
16767 4 0 3858 442 3483 834 
16768 4 0 4541 2588 3131 992 
16769 4 0 4541 4511 2614 818 
16770 4 0 1016 2915 1329 4535 
16771 4 0 2966 3676 2612 600 
16772 4 0 2111 4384 3446 3554 
16773 4 0 4605 2111 1092 2632 
16774 4 0 117 3273 3630 4168 
16775 4 0 175 195 1305 2862 
16776 4 0 2734 2662 4506 3701 
16777 4 0 4144 3532 2863 4508 
16778 4 0 1322 3000 2454 940 
16779 4 0 882 195 2862 1305 
16780 4 0 3532 2863 4173 1705 
16781 4 0 3044 1389 2838 4508 
16782 4 0 4535 1016 1382 3598 
16783 4 0 2734 1740 1736 4536 
16784 4 0 3175 4536 1736 1737 
16785 4 0 2243 2518 4533 3694 
16786 4 0 191 949 211 3345 
16787 4 0 186 4528 3015 4481 
16788 4 0 186 3015 4528 2253 
16789 4 0 2382 4155 2373 4588 
16790 4 0 3954 732 3368 4473 
16791 4 0 1858 2285 3925 309 
16792 4 0 4084 4474 1825 3115 
16793 4 0 1825 3069 742 740 
16794 4 0 736 1024 1531 3780 
16795 4 0 4495 1645 3800 2772 
16796 4 0 3998 1823 3954 3035 
16797 4 0 1029 740 742 1890 
16798 4 0 742 740 1029 1825 
16799 4 0 1449 3928 3994 4333 
16800 4 0 1026 4497 3368 4473 
16801 4 0 4614 390 1110 4335 
16802 4 0 4335 390 1110 163 
16803 4 0 2700 1831 1386 625 
16804 4 0 2700 4072 1386 4089 
16805 4 0 4004 661 1146 3795 
16806 4 0 4338 1597 3731 3907 
16807 4 0 190 1026 390 185 
16808 4 0 2858 147 166 4614 
16809 4 0 209 390 871 3908 
16810 4 0 4195 1783 166 2695 
16811 4 0 1112 1753 4099 3984 
16812 4 0 2700 4072 1145 1386 
16813 4 0 166 163 390 4335 
16814 4 0 390 4335 4614 166 
16815 4 0 4 619 13 1607 
16816 4 0 1113 1386 4089 1831 
16817 4 0 209 390 1026 185 
16818 4 0 656 1110 4335 4282 
16819 4 0 185 1026 209 4473 
16820 4 0 870 390 209 185 
16821 4 0 209 1026 390 3908 
16822 4 0 190 1026 185 4473 
16823 4 0 2386 3547 3993 199 
16824 4 0 199 3993 188 181 
16825 4 0 3993 181 170 188 
16826 4 0 4509 4463 4035 592 
16827 4 0 1408 4112 592 4035 
16828 4 0 3993 170 4440 142 
16829 4 0 3406 188 215 1835 
16830 4 0 752 4081 1462 1832 
16831 4 0 1835 3406 750 215 
16832 4 0 1835 750 3406 3801 
16833 4 0 3801 3406 3476 750 
16834 4 0 4085 4275 1701 781 
16835 4 0 777 781 1781 4114 
16836 4 0 3993 4279 188 170 
16837 4 0 188 4279 3406 215 
$EndElements
$ElementData
1
"color"
1
0.0
3
0
1
16837
1 5.23085
2 4.05643
3 7.71268
4 5.16746
5 3.77757
6 3.6324
7 4.83398
8 3.83455
9 4.33789
10 4.22027
11 4.45473
12 5.92731
13 5.59587
14 5.20785
15 3.28916
16 6.66578
17 5.41423
18 5.17004
19 3.91446
20 5.63663
21 5.93494
22 4.44368
23 3.18769
24 4.31208
25 6.00649
26 4.28628
27 4.44179
28 3.79779
29 5.96243
30 4.45725
31 4.0526
32 4.14361
33 4.59614
34 5.66349
35 4.96699
36 4.30815
37 8.08406
38 3.23936
39 5.40812
40 3.76315
41 3.80924
42 3.53889
43 7.38209
44 4.72374
45 3.80749
46 3.69235
47 4.65651
48 4.27972
49 5.22522
50 5.09212
51 4.69784
52 5.54572
53 4.47646
54 4.01201
55 4.90572
56 3.87374
57 5.24685
58 4.1561
59 5.92538
60 4.14447
61 3.56432
62 6.02961
63 7.24322
64 4.56078
65 3.46757
66 4.06933
67 6.37815
68 4.88153
69 5.47851
70 4.24961
71 3.99004
72 4.26204
73 5.6979
74 4.79723
75 5.44619
76 6.59885
77 4.45525
78 4.18139
79 4.48053
80 3.72047
81 3.67198
82 4.6924
83 7.37982
84 4.03705
85 5.76454
86 3.4408
87 3.83331
88 4.56937
89 6.51908
90 5.43845
91 3.64272
92 4.56406
93 8.74555
94 6.26744
95 4.39439
96 4.28278
97 5.19576
98 5.6557
99 3.27153
100 4.49545
101 7.26325
102 3.80135
103 5.6056
104 4.64929
105 5.20434
106 5.108
107 4.17051
108 6.49396
109 4.65912
110 5.76477
111 6.05607
112 6.09684
113 3.88035
114 6.31784
115 4.14688
116 4.34485
117 3.38913
118 3.22249
119 5.35052
120 4.69045
121 4.1473
122 5.08221
123 4.03391
124 4.14325
125 3.96199
126 3.77517
127 5.14355
128 3.42848
129 8.31769
130 3.94894
131 3.80384
132 5.24455
133 6.04644
134 4.29655
135 3.38441
136 3.6285
137 6.10157
138 4.80918
139 5.31338
140 3.78677
141 5.60199
142 4.59245
143 5.92661
144 4.36891
145 5.42182
146 8.49201
147 6.43777
148 3.87093
149 4.35495
150 6.73305
151 5.51955
152 6.09696
153 7.73577
154 6.40472
155 4.97203
156 6.2896
157 4.82578
158 5.58813
159 5.6679
160 3.87954
161 4.54945
162 4.00501
163 7.5
164 4.16796
165 4.70314
166 5.50653
167 6.26676
168 3.47944
169 4.44746
170 7.23051
171 5.52707
172 7.07566
173 4.96469
174 5.73827
175 4.11452
176 5.28062
177 7.05348
178 6.63232
179 6.1685
180 3.80472
181 4.22551
182 7.86354
183 3.51678
184 4.25044
185 8.68833
186 5.44479
187 7.1556
188 5.66677
189 5.36734
190 5.77728
191 5.69675
192 6.20807
193 7.96722
194 6.30611
195 6.8015
196 6.75049
197 4.79007
198 5.18663
199 3.58054
200 4.80173
201 5.71744
202 4.54312
203 4.66797
204 4.74626
205 8.23348
206 6.46978
207 3.71478
208 7.70465
209 4.88989
210 4.83292
211 5.25022
212 5.99755
213 7.88987
214 5.02682
215 6.07025
216 8.5582
217 4.57616
218 8.08857
219 4.13057
220 4.55388
221 6.0746
222 6.59556
223 5.8592
224 7.57341
225 5.85786
226 4.44486
227 6.64178
228 6.56128
229 4.55275
230 7.11841
231 7.25523
232 6.89342
233 4.58508
234 4.66895
235 4.58937
236 7.24877
237 4.01462
238 5.23913
239 5.28326
240 4.25661
241 4.14057
242 6.16429
243 4.07122
244 8.14276
245 5.57607
246 5.53097
247 7.446
248 6.28267
249 4.51814
250 4.50145
251 4.42798
252 4.76393
253 7.76093
254 5.97616
255 8.01178
256 3.59429
257 7.86408
258 5.56965
259 3.78719
260 6.70395
261 5.41758
262 7.68772
263 8.6832
264 6.09948
265 4.89447
266 7.1974
267 6.94689
268 3.11086
269 7.41164
270 5.59444
271 5.54663
272 5.05058
273 9.38138
274 5.97655
275 5.99929
276 7.73178
277 4.30238
278 5.14132
279 7.96007
280 4.3713
281 8.62219
282 5.8896
283 4.53027
284 6.6204
285 5.26547
286 8.21641
287 5.48506
288 4.67732
289 5.45672
290 5.63463
291 4.74638
292 5.13656
293 6.82471
294 7.28669
295 6.55089
296 3.32682
297 4.50263
298 5.25052
299 5.99624
300 5.10297
301 7.26092
302 3.66271
303 6.19249
304 5.85577
305 7.61107
306 6.82458
307 3.88496
308 9.60878
309 7.4161
310 6.98037
311 3.52945
312 3.33556
313 3.90504
314 4.71315
315 5.53462
316 7.99576
317 3.40693
318 8.10886
319 7.47562
320 7.70746
321 4.85617
322 3.85835
323 6.25084
324 5.23807
325 3.81683
326 9.07305
327 7.78335
328 4.06219
329 4.08906
330 6.61581
331 4.35326
332 4.00518
333 9.79993
334 9.69492
335 3.59785
336 8.50846
337 5.94147
338 6.80993
339 4.00319
340 4.78563
341 6.42792
342 8.84028
343 8.10136
344 3.32286
345 4.04932
346 3.98005
347 5.28637
348 8.22642
349 3.73204
350 3.72448
351 7.41297
352 6.25431
353 8.76721
354 5.91886
355 5.3754
356 4.27093
357 7.31219
358 4.63148
359 8.00339
360 5.34345
361 6.62612
362 3.7845
363 6.55351
364 7.30093
365 6.54628
366 6.58974
367 4.55644
368 9.31008
369 3.119
370 6.06738
371 6.95439
372 6.01448
373 6.93339
374 7.6821
375 6.07287
376 7.00274
377 3.90125
378 6.06985
379 5.61
380 4.94205
381 6.06778
382 3.66375
383 4.55413
384 6.75098
385 4.61411
386 6.15102
387 8.66799
388 5.88382
389 6.40211
390 4.63357
391 6.9614
392 4.31242
393 5.69796
394 5.60438
395 6.31807
396 4.70277
397 3.89827
398 4.91243
399 3.72154
400 4.74312
401 6.68508
402 7.4651
403 4.82258
404 3.61604
405 4.14535
406 5.33929
407 6.05345
408 4.35794
409 5.39239
410 3.85951
411 5.04048
412 4.78222
413 5.46115
414 7.25241
415 4.80032
416 7.88398
417 7.03968
418 5.90918
419 3.56812
420 3.67172
421 4.36629
422 4.09713
423 4.34775
424 3.44233
425 4.06562
426 3.48818
427 4.31945
428 7.63664
429 4.70929
430 3.57352
431 5.30238
432 7.24088
433 3.68189
434 7.74583
435 6.61068
436 4.27889
437 4.90858
438 3.6346
439 9.13273
440 5.07197
441 4.3194
442 3.88057
443 4.725
444 6.67493
445 5.55944
446 3.96843
447 3.37862
448 7.13796
449 3.58587
450 4.20382
451 7.16548
452 4.13556
453 4.60995
454 4.12886
455 5.16188
456 4.2042
457 7.85912
458 4.92673
459 4.51779
460 3.92887
461 5.99081
462 3.55043
463 4.17453
464 4.55694
465 4.31974
466 4.9873
467 6.55699
468 3.88118
469 3.42801
470 4.87362
471 6.6181
472 4.90547
473 6.68302
474 5.58155
475 5.49425
476 4.12943
477 3.1548
478 3.38017
479 3.42448
480 4.00979
481 4.30907
482 3.60494
483 4.87826
484 5.82108
485 4.61308
486 3.15497
487 3.64375
488 3.65628
489 4.96044
490 5.67297
491 4.131
492 4.25517
493 3.72497
494 4.34032
495 6.26805
496 6.68034
497 4.19794
498 4.94496
499 3.5861
500 4.66397
501 4.30983
502 4.72087
503 5.98555
504 5.46297
505 4.34962
506 8.26417
507 6.01985
508 3.31311
509 3.64549
510 5.2791
511 4.15404
512 4.10622
513 6.33355
514 6.26268
515 5.99821
516 5.07965
517 6.13232
518 5.82073
519 7.27399
520 4.76251
521 3.28787
522 3.73064
523 6.16387
524 7.65065
525 3.50888
526 4.65066
527 4.35879
528 8.91155
529 4.35458
530 3.60818
531 4.06073
532 5.51855
533 3.95639
534 3.76811
535 4.00081
536 4.33695
537 5.12452
538 3.87467
539 3.61739
540 6.42144
541 5.10619
542 4.87487
543 6.64489
544 5.55997
545 8.7031
546 4.83499
547 5.42666
548 6.83513
549 6.28314
550 6.40393
551 5.30279
552 4.0597
553 5.09941
554 5.74862
555 6.46263
556 5.04453
557 4.52696
558 4.28908
559 4.64358
560 6.28549
561 6.1921
562 4.68598
563 3.85225
564 5.00476
565 4.98646
566 6.66642
567 5.16756
568 4.80314
569 7.19188
570 4.01593
571 9.06582
572 5.38395
573 4.80663
574 6.08558
575 4.29145
576 3.74498
577 8.65583
578 3.90122
579 6.42785
580 3.4232
581 4.7203
582 6.72039
583 4.03211
584 6.69368
585 3.88192
586 3.97346
587 3.75176
588 3.50068
589 4.421
590 7.01553
591 5.45863
592 4.12344
593 3.81595
594 4.75153
595 6.49646
596 5.89488
597 4.68135
598 5.82125
599 4.68382
600 4.01331
601 5.54139
602 3.96541
603 3.402
604 4.25635
605 5.33958
606 5.42603
607 6.0535
608 5.72844
609 3.85114
610 5.26046
611 5.13448
612 3.86935
613 4.37061
614 6.12438
615 9.1917
616 4.67702
617 5.64795
618 5.16878
619 5.94123
620 5.22152
621 4.2602
622 6.36604
623 4.06932
624 6.86582
625 3.77654
626 4.23053
627 3.48305
628 5.78921
629 3.90704
630 4.47765
631 4.76307
632 8.32206
633 4.72161
634 4.12582
635 5.22295
636 5.70015
637 3.37614
638 5.88758
639 3.52168
640 5.17923
641 4.4847
642 5.09343
643 7.16972
644 7.43993
645 7.58741
646 4.15961
647 3.41095
648 5.3161
649 4.8348
650 4.23573
651 5.28443
652 3.34127
653 5.36154
654 3.87029
655 4.54356
656 5.21307
657 3.48411
658 4.5883
659 6.43329
660 4.35013
661 4.38892
662 7.50168
663 3.87594
664 4.33353
665 5.90395
666 5.283
667 4.67309
668 4.22352
669 5.33264
670 6.04658
671 4.01881
672 4.87991
673 4.71609
674 4.52271
675 5.54229
676 5.43479
677 3.4517
678 3.40117
679 4.11809
680 6.17806
681 4.03194
682 7.7932
683 6.32844
684 5.01561
685 3.14413
686 4.24776
687 7.53536
688 5.87884
689 4.06134
690 5.42869
691 6.02022
692 4.74555
693 3.77848
694 6.18759
695 5.09213
696 4.07044
697 5.31349
698 4.07795
699 4.22539
700 4.17437
701 3.97761
702 4.59041
703 4.61411
704 6.63676
705 3.48116
706 3.79798
707 5.23108
708 4.94564
709 4.1952
710 4.48612
711 5.68538
712 3.80275
713 4.15277
714 3.72835
715 5.72324
716 3.65127
717 5.25216
718 7.47992
719 4.48089
720 4.81359
721 5.77387
722 4.65599
723 4.11914
724 3.83579
725 6.10345
726 4.11759
727 4.17027
728 3.33464
729 6.25633
730 4.78584
731 3.73954
732 7.16655
733 5.78014
734 6.76333
735 5.07438
736 3.67963
737 9.59728
738 6.73149
739 5.33998
740 5.05204
741 4.0509
742 3.95591
743 7.09285
744 5.839
745 6.57885
746 3.76014
747 5.21108
748 6.53536
749 6.52319
750 5.03373
751 3.56874
752 4.45526
753 4.73426
754 8.05418
755 4.81484
756 4.5164
757 4.46345
758 6.9112
759 5.86243
760 4.23307
761 4.88154
762 8.41169
763 4.1954
764 3.8908
765 5.11857
766 5.30964
767 6.51807
768 4.577
769 5.42125
770 4.65312
771 4.92231
772 4.48029
773 6.36838
774 3.13988
775 5.76765
776 6.78101
777 3.7957
778 3.83774
779 5.3499
780 3.32498
781 7.4261
782 3.89311
783 3.49678
784 5.79654
785 3.99315
786 3.59408
787 3.58985
788 3.58511
789 6.51498
790 4.716
791 5.19544
792 6.95577
793 5.01725
794 4.19422
795 4.17109
796 4.67843
797 7.16496
798 4.36283
799 3.93294
800 4.12699
801 5.77044
802 4.07612
803 4.94804
804 3.49521
805 4.90613
806 4.81056
807 4.03843
808 3.31878
809 5.10987
810 5.53962
811 6.64238
812 3.4437
813 5.63795
814 4.60496
815 6.22497
816 5.65423
817 4.04959
818 4.61354
819 4.26374
820 4.61221
821 5.29645
822 6.78545
823 4.88741
824 4.63609
825 4.54172
826 3.30331
827 3.48196
828 5.8515
829 3.96682
830 7.11556
831 7.82074
832 8.81885
833 5.4363
834 7.54965
835 5.47815
836 6.53222
837 4.06753
838 3.89109
839 6.49851
840 7.36645
841 5.02467
842 7.88752
843 5.78402
844 7.69596
845 3.55777
846 3.48129
847 3.55593
848 6.58636
849 4.33539
850 5.48601
851 3.58187
852 3.78545
853 4.25915
854 4.37425
855 4.93723
856 5.18883
857 6.62917
858 3.45201
859 6.50592
860 6.28619
861 4.83323
862 3.43476
863 3.45143
864 8.2748
865 3.73551
866 3.77632
867 4.73581
868 3.39355
869 7.46676
870 3.94219
871 4.21305
872 3.49491
873 6.91685
874 3.63472
875 4.92597
876 6.11255
877 4.0756
878 4.30311
879 5.42712
880 3.9657
881 6.97647
882 7.28685
883 4.86012
884 3.7308
885 4.34707
886 3.47693
887 3.94263
888 7.38136
889 6.35286
890 4.16728
891 5.5461
892 3.83849
893 5.21787
894 6.91488
895 5.23189
896 3.81184
897 7.21505
898 6.31966
899 7.07567
900 3.2578
901 3.57651
902 6.37229
903 3.78911
904 4.21812
905 3.66417
906 3.6089
907 5.45393
908 4.97784
909 5.21761
910 4.42233
911 3.92056
912 6.33996
913 3.51497
914 9.89687
915 9.39127
916 4.84201
917 4.45468
918 4.82394
919 3.35609
920 4.52667
921 6.81863
922 3.82575
923 4.32797
924 3.62081
925 6.03929
926 4.12701
927 3.69022
928 3.69033
929 4.55492
930 5.62415
931 5.94637
932 3.4996
933 6.33343
934 5.74795
935 5.87108
936 6.53559
937 5.11122
938 5.14672
939 7.07118
940 6.92819
941 5.35743
942 6.01074
943 6.36025
944 4.69707
945 3.75445
946 4.25304
947 4.02103
948 3.76789
949 8.03877
950 3.77861
951 5.44313
952 3.7512
953 4.87403
954 4.57598
955 4.0071
956 4.41512
957 5.15357
958 8.91916
959 4.26396
960 3.68854
961 4.71209
962 4.27871
963 6.71276
964 3.46498
965 6.26724
966 4.22238
967 3.97654
968 6.43217
969 5.00692
970 5.37512
971 5.32899
972 5.63715
973 6.01656
974 5.3627
975 4.46554
976 3.98132
977 5.28525
978 5.44117
979 6.28124
980 4.95832
981 3.69271
982 3.60983
983 4.41968
984 4.17049
985 4.9196
986 4.66697
987 3.96004
988 4.67544
989 6.52979
990 4.04778
991 5.2062
992 6.02131
993 4.14067
994 4.04112
995 4.78674
996 6.8973
997 3.99638
998 5.53102
999 8.29328
1000 6.77166
1001 7.29909
1002 8.7901
1003 4.05943
1004 3.28564
1005 5.2328
1006 5.30786
1007 6.11851
1008 4.75015
1009 5.73647
1010 6.5407
1011 4.56665
1012 4.06417
1013 3.75015
1014 6.61973
1015 4.11144
1016 6.34291
1017 3.58
1018 5.2327
1019 4.17338
1020 3.58808
1021 6.13995
1022 3.94632
1023 4.30294
1024 7.60739
1025 6.55459
1026 3.62422
1027 6.41748
1028 5.14269
1029 3.1177
1030 5.29798
1031 4.87023
1032 5.03608
1033 3.70512
1034 3.32284
1035 5.14265
1036 4.01937
1037 4.72211
1038 4.57397
1039 4.51997
1040 9.18436
1041 6.33159
1042 5.27914
1043 3.79955
1044 5.62663
1045 5.18868
1046 9.02149
1047 5.84881
1048 5.00794
1049 3.64375
1050 4.02242
1051 6.00881
1052 4.56973
1053 3.61956
1054 4.68431
1055 3.93795
1056 3.9437
1057 6.29353
1058 4.8887
1059 4.67288
1060 4.41763
1061 5.24631
1062 6.28576
1063 7.6605
1064 3.77083
1065 4.50046
1066 6.23114
1067 6.9864
1068 7.49302
1069 4.45007
1070 6.2569
1071 4.17904
1072 6.86549
1073 7.1736
1074 5.87359
1075 3.52344
1076 3.73421
1077 4.98204
1078 7.10862
1079 4.55855
1080 4.88311
1081 6.47972
1082 9.3214
1083 7.3733
1084 4.28784
1085 5.75195
1086 3.88255
1087 4.70638
1088 5.14587
1089 4.3657
1090 5.00341
1091 7.79487
1092 4.29373
1093 6.37447
1094 7.64552
1095 6.30405
1096 9.39653
1097 4.71462
1098 6.81835
1099 3.68
1100 4.45597
1101 4.5476
1102 3.45456
1103 4.2107
1104 4.91297
1105 5.75314
1106 8.0232
1107 6.77764
1108 4.59854
1109 4.34831
1110 4.3958
1111 4.37163
1112 7.26502
1113 8.09843
1114 4.92128
1115 4.48709
1116 3.79467
1117 9.37616
1118 8.27243
1119 5.71745
1120 5.28413
1121 3.83039
1122 3.59614
1123 7.65057
1124 6.85828
1125 4.9026
1126 5.14385
1127 5.38906
1128 3.99354
1129 3.46749
1130 4.60212
1131 4.40856
1132 7.20709
1133 4.58845
1134 3.72491
1135 3.62402
1136 4.39875
1137 7.62692
1138 6.17081
1139 8.26569
1140 3.71145
1141 3.76378
1142 5.21437
1143 4.5409
1144 5.23968
1145 3.22905
1146 4.72422
1147 3.89196
1148 3.89111
1149 3.82062
1150 3.9631
1151 4.54833
1152 4.18327
1153 4.82538
1154 3.20481
1155 3.18221
1156 3.48844
1157 3.91158
1158 4.54912
1159 5.33251
1160 8.80364
1161 3.29006
1162 7.30246
1163 6.78578
1164 5.20979
1165 8.18204
1166 5.03021
1167 4.24151
1168 7.04041
1169 4.53675
1170 6.24946
1171 6.80868
1172 3.74728
1173 4.18388
1174 5.06178
1175 7.11359
1176 6.9588
1177 3.86584
1178 4.23965
1179 4.95992
1180 4.24816
1181 4.64418
1182 6.19461
1183 5.70814
1184 5.01013
1185 4.39728
1186 7.7014
1187 6.3093
1188 5.42364
1189 5.33995
1190 3.29649
1191 4.13093
1192 5.6969
1193 4.25045
1194 6.03322
1195 3.53298
1196 4.64014
1197 3.88816
1198 3.29362
1199 3.99213
1200 4.71423
1201 4.68196
1202 4.63291
1203 3.97565
1204 4.81192
1205 4.51398
1206 3.82839
1207 3.66317
1208 3.15739
1209 6.0116
1210 4.13931
1211 5.37816
1212 4.66834
1213 6.78413
1214 5.72695
1215 6.51613
1216 3.55667
1217 3.14976
1218 5.97543
1219 3.83463
1220 6.00891
1221 4.20418
1222 5.12524
1223 5.25566
1224 5.13822
1225 6.17429
1226 9.12546
1227 5.25991
1228 5.70362
1229 5.22814
1230 6.42623
1231 5.25238
1232 3.18999
1233 6.33691
1234 4.65039
1235 3.37327
1236 3.39725
1237 9.93126
1238 5.81535
1239 8.26098
1240 4.46818
1241 5.92854
1242 4.26527
1243 4.02488
1244 6.29865
1245 5.8407
1246 4.80036
1247 4.21639
1248 5.23072
1249 4.83935
1250 4.00324
1251 4.01388
1252 6.21027
1253 5.34885
1254 3.70617
1255 5.59217
1256 5.112
1257 4.52657
1258 7.11863
1259 5.6225
1260 4.97528
1261 4.46583
1262 3.94312
1263 4.79014
1264 4.36639
1265 3.58663
1266 6.25544
1267 4.96627
1268 3.72307
1269 5.10457
1270 5.19216
1271 4.62675
1272 4.73798
1273 5.66558
1274 4.45126
1275 4.5446
1276 4.45442
1277 4.12782
1278 4.26935
1279 3.91083
1280 6.93042
1281 8.77764
1282 5.44278
1283 6.4177
1284 5.87189
1285 6.66061
1286 4.62495
1287 4.71009
1288 5.64026
1289 4.01532
1290 6.21768
1291 4.12988
1292 4.4253
1293 8.36333
1294 6.98661
1295 9.06926
1296 3.55287
1297 4.39463
1298 8.52578
1299 7.93362
1300 3.41626
1301 3.26678
1302 6.28076
1303 4.88272
1304 4.85086
1305 4.15376
1306 5.67132
1307 4.09129
1308 3.46503
1309 3.91864
1310 3.39273
1311 3.29047
1312 4.42141
1313 3.37648
1314 4.20152
1315 5.86135
1316 5.48301
1317 3.39243
1318 4.54985
1319 3.84361
1320 6.11301
1321 5.9347
1322 4.56407
1323 3.6983
1324 3.50512
1325 8.37806
1326 4.45364
1327 5.41668
1328 7.81412
1329 5.70653
1330 8.12255
1331 3.97589
1332 3.46616
1333 3.2675
1334 3.59018
1335 4.07143
1336 4.41967
1337 4.91106
1338 4.35747
1339 8.57481
1340 3.35274
1341 6.24591
1342 3.54087
1343 4.49676
1344 7.30454
1345 4.64351
1346 5.99493
1347 3.63114
1348 6.58546
1349 3.53382
1350 7.02614
1351 5.84581
1352 3.59389
1353 3.73315
1354 4.52109
1355 8.05434
1356 4.96117
1357 3.45373
1358 4.56265
1359 7.59947
1360 5.34176
1361 4.74781
1362 4.6192
1363 5.1311
1364 4.15807
1365 5.80215
1366 6.54706
1367 5.74016
1368 3.3329
1369 4.95398
1370 5.03755
1371 5.3912
1372 4.47417
1373 4.30456
1374 5.35628
1375 4.4899
1376 5.75127
1377 6.94178
1378 6.0987
1379 4.72099
1380 3.94686
1381 6.63738
1382 4.93821
1383 4.78642
1384 4.27172
1385 4.38544
1386 7.31062
1387 4.6975
1388 7.96165
1389 3.91902
1390 8.92056
1391 4.93509
1392 4.65994
1393 4.86519
1394 4.23468
1395 3.64571
1396 3.14555
1397 6.03487
1398 3.66147
1399 4.80239
1400 5.53754
1401 4.12808
1402 7.03992
1403 3.90712
1404 3.14707
1405 4.73691
1406 4.38259
1407 5.302
1408 3.91057
1409 3.93554
1410 5.66907
1411 3.69816
1412 6.09367
1413 5.40202
1414 7.07851
1415 9.4642
1416 4.13923
1417 4.07118
1418 6.39875
1419 5.67586
1420 6.08478
1421 5.26731
1422 5.53139
1423 5.29069
1424 3.87259
1425 4.50042
1426 5.49873
1427 4.04251
1428 3.25886
1429 4.12884
1430 3.33193
1431 4.88791
1432 3.5862
1433 4.57225
1434 3.84277
1435 4.00895
1436 4.88337
1437 4.22227
1438 4.84764
1439 6.41142
1440 3.87307
1441 5.16061
1442 3.26105
1443 4.36789
1444 3.28508
1445 6.24166
1446 5.07844
1447 3.78244
1448 3.85463
1449 4.1452
1450 4.04156
1451 5.65488
1452 3.88743
1453 3.25114
1454 4.16955
1455 3.53463
1456 3.23156
1457 4.21166
1458 7.16726
1459 4.62528
1460 5.17756
1461 5.71812
1462 6.15591
1463 6.10633
1464 4.0721
1465 4.48892
1466 7.35891
1467 6.49255
1468 8.64624
1469 4.38625
1470 6.72258
1471 4.19372
1472 7.06955
1473 7.40073
1474 6.04344
1475 5.25021
1476 6.81915
1477 6.16985
1478 5.65871
1479 7.46315
1480 4.67204
1481 4.72019
1482 5.74249
1483 5.61855
1484 5.14343
1485 3.37665
1486 5.11836
1487 6.55177
1488 3.75292
1489 3.31933
1490 4.41397
1491 4.5759
1492 5.9488
1493 3.86519
1494 4.68194
1495 6.76418
1496 6.20311
1497 3.61391
1498 3.52549
1499 3.72067
1500 6.01488
1501 4.18224
1502 8.03746
1503 9.30223
1504 3.69937
1505 4.77172
1506 3.7035
1507 5.03355
1508 5.7346
1509 5.65166
1510 4.04703
1511 4.48376
1512 4.13512
1513 3.97784
1514 7.60623
1515 7.85254
1516 6.14495
1517 5.25498
1518 6.15207
1519 5.09033
1520 3.86195
1521 6.06481
1522 3.96526
1523 6.27295
1524 4.02277
1525 3.94475
1526 4.97727
1527 3.79436
1528 3.10911
1529 4.39538
1530 4.83554
1531 4.01552
1532 3.42391
1533 5.68656
1534 6.72119
1535 4.87346
1536 4.52434
1537 4.98388
1538 5.35553
1539 4.74651
1540 6.28176
1541 4.56945
1542 6.33737
1543 4.9537
1544 6.53432
1545 6.578
1546 5.32746
1547 3.50541
1548 5.02499
1549 6.3525
1550 4.58719
1551 6.28602
1552 5.56465
1553 3.7245
1554 3.95294
1555 5.39451
1556 6.6674
1557 4.99014
1558 4.19719
1559 3.93497
1560 7.33497
1561 4.69356
1562 6.75349
1563 8.19359
1564 8.90234
1565 5.38403
1566 4.87751
1567 3.78281
1568 3.51065
1569 5.20048
1570 3.81238
1571 4.1581
1572 4.38837
1573 4.59533
1574 5.0911
1575 4.3265
1576 5.34427
1577 4.23973
1578 7.92014
1579 7.31797
1580 5.70682
1581 6.41742
1582 4.0175
1583 4.50124
1584 4.43062
1585 3.49378
1586 3.47876
1587 8.87992
1588 6.96075
1589 3.34498
1590 7.37204
1591 5.18032
1592 8.67058
1593 9.32678
1594 6.78834
1595 4.6126
1596 6.19743
1597 4.15988
1598 6.49364
1599 7.52829
1600 5.25905
1601 5.88657
1602 5.42
1603 3.75638
1604 3.65086
1605 4.53627
1606 7.3017
1607 6.88456
1608 4.46208
1609 3.90095
1610 4.38275
1611 6.39479
1612 3.27807
1613 7.32848
1614 3.97783
1615 7.63693
1616 5.31976
1617 3.62537
1618 4.95659
1619 7.86537
1620 5.4123
1621 3.30605
1622 5.62306
1623 8.44711
1624 5.72171
1625 6.48759
1626 4.84774
1627 3.68281
1628 5.18206
1629 4.72294
1630 3.37426
1631 4.97458
1632 3.71686
1633 3.59291
1634 4.10109
1635 5.71935
1636 3.83791
1637 3.89093
1638 5.62276
1639 4.16821
1640 3.5945
1641 4.50841
1642 3.16717
1643 5.00724
1644 6.6751
1645 4.03339
1646 4.41094
1647 4.92851
1648 5.94948
1649 6.53112
1650 3.22673
1651 4.547
1652 6.22477
1653 5.09296
1654 6.7521
1655 5.6283
1656 5.26289
1657 3.46482
1658 7.91085
1659 4.37923
1660 3.32011
1661 8.52691
1662 7.35093
1663 3.35925
1664 4.82823
1665 4.04214
1666 3.25026
1667 5.01275
1668 3.75814
1669 4.47409
1670 7.93878
1671 5.55725
1672 5.47848
1673 4.78863
1674 4.87075
1675 4.02657
1676 3.72399
1677 3.82805
1678 4.24365
1679 9.34891
1680 4.07891
1681 4.92468
1682 3.48489
1683 4.53536
1684 5.48528
1685 5.41678
1686 3.32953
1687 7.61843
1688 4.39651
1689 5.03941
1690 3.55773
1691 6.69008
1692 3.69167
1693 3.20728
1694 4.47931
1695 4.75383
1696 5.71276
1697 4.11226
1698 4.29934
1699 5.19788
1700 5.23564
1701 3.30613
1702 5.73753
1703 4.09948
1704 5.38913
1705 4.1427
1706 5.15154
1707 4.69726
1708 4.77853
1709 3.38086
1710 6.59563
1711 4.0561
1712 4.88796
1713 3.24955
1714 3.98126
1715 3.2828
1716 6.62346
1717 5.91165
1718 3.64375
1719 8.86832
1720 4.16169
1721 5.0038
1722 4.50488
1723 4.47225
1724 4.46392
1725 3.15738
1726 4.7237
1727 5.23697
1728 3.80842
1729 3.81025
1730 3.80324
1731 7.45305
1732 6.75234
1733 4.43793
1734 4.30172
1735 4.80789
1736 4.2068
1737 7.98308
1738 5.7583
1739 3.5129
1740 5.30042
1741 4.58679
1742 6.01629
1743 8.05702
1744 4.76991
1745 4.58225
1746 4.63623
1747 5.30947
1748 3.78735
1749 3.70791
1750 4.18094
1751 4.18192
1752 5.29832
1753 4.51452
1754 3.50387
1755 4.37408
1756 3.52869
1757 4.75441
1758 4.35569
1759 3.57943
1760 4.17532
1761 4.9649
1762 4.95
1763 3.81269
1764 6.54783
1765 4.59087
1766 6.66031
1767 3.29058
1768 3.3684
1769 3.7597
1770 5.5566
1771 5.79638
1772 3.71502
1773 4.75686
1774 4.07962
1775 4.93044
1776 4.13461
1777 8.82451
1778 5.75353
1779 5.0855
1780 3.79273
1781 4.43895
1782 4.17562
1783 5.33601
1784 3.73886
1785 9.13924
1786 4.09128
1787 4.94105
1788 3.36791
1789 5.34715
1790 3.58479
1791 3.60287
1792 6.61893
1793 6.09137
1794 5.36882
1795 4.14303
1796 4.61869
1797 9.57961
1798 5.98704
1799 4.51561
1800 3.59564
1801 5.05702
1802 4.25782
1803 3.56105
1804 6.30205
1805 3.56514
1806 6.02429
1807 8.21077
1808 7.23939
1809 6.77398
1810 4.7703
1811 5.7254
1812 5.348
1813 7.59952
1814 5.79015
1815 4.46199
1816 3.67606
1817 6.03414
1818 4.69147
1819 3.74801
1820 4.43397
1821 3.40225
1822 4.27958
1823 4.58133
1824 3.51399
1825 6.29248
1826 5.89502
1827 4.19286
1828 4.53307
1829 5.07187
1830 6.21744
1831 4.96962
1832 3.36256
1833 3.9947
1834 5.26128
1835 3.39604
1836 5.57972
1837 4.54859
1838 5.86721
1839 5.19967
1840 3.99657
1841 4.24008
1842 6.11282
1843 4.18935
1844 5.8341
1845 6.21415
1846 8.31856
1847 3.73249
1848 5.08542
1849 8.62386
1850 4.89798
1851 3.88402
1852 4.98496
1853 5.34694
1854 4.65285
1855 5.45998
1856 3.5311
1857 3.62863
1858 7.35989
1859 6.42491
1860 4.20405
1861 4.0834
1862 4.18568
1863 3.86752
1864 5.29743
1865 4.48244
1866 4.81155
1867 3.47838
1868 3.72911
1869 4.31343
1870 3.44932
1871 5.05512
1872 5.53813
1873 6.84097
1874 7.54506
1875 7.27926
1876 4.76429
1877 4.76197
1878 6.78809
1879 5.70989
1880 5.06044
1881 4.92639
1882 5.56507
1883 8.71405
1884 3.98564
1885 6.72496
1886 3.51644
1887 6.84929
1888 5.81348
1889 4.66327
1890 5.21565
1891 6.54818
1892 3.54496
1893 4.35691
1894 5.63557
1895 3.61976
1896 8.25559
1897 6.02259
1898 5.51036
1899 3.56799
1900 3.84266
1901 6.03552
1902 4.54816
1903 3.41094
1904 4.31171
1905 4.16523
1906 3.71545
1907 4.38099
1908 4.64712
1909 3.85188
1910 3.51346
1911 4.38538
1912 5.11662
1913 3.96961
1914 4.95668
1915 5.4704
1916 7.47331
1917 6.28503
1918 4.87793
1919 4.69013
1920 4.83424
1921 6.05198
1922 6.05177
1923 7.69372
1924 5.14359
1925 5.03675
1926 3.16016
1927 4.74225
1928 5.34714
1929 4.79764
1930 3.6301
1931 6.79171
1932 6.00958
1933 5.72328
1934 3.58579
1935 8.15125
1936 3.47044
1937 5.58926
1938 4.50129
1939 5.90303
1940 3.44603
1941 3.58363
1942 4.62137
1943 5.5108
1944 4.87635
1945 5.57576
1946 3.15239
1947 5.7763
1948 4.60894
1949 8.1086
1950 5.38677
1951 7.96271
1952 6.77463
1953 4.25611
1954 5.05968
1955 4.13211
1956 3.37664
1957 4.01669
1958 4.19494
1959 6.5763
1960 6.91974
1961 4.13252
1962 5.23409
1963 5.23857
1964 3.39771
1965 3.47638
1966 4.10675
1967 7.49852
1968 3.99966
1969 7.6586
1970 9.43633
1971 4.63408
1972 7.80242
1973 4.75005
1974 3.64046
1975 4.2754
1976 3.59595
1977 4.2452
1978 7.6858
1979 8.01582
1980 5.75834
1981 7.94064
1982 3.59875
1983 3.58848
1984 4.35371
1985 6.66104
1986 4.36603
1987 4.62461
1988 6.5239
1989 4.55814
1990 3.53694
1991 3.76426
1992 5.08151
1993 4.97816
1994 3.93405
1995 4.16924
1996 3.78569
1997 6.97752
1998 7.43662
1999 4.3721
2000 3.4365
2001 3.82151
2002 6.81273
2003 8.11635
2004 4.50319
2005 4.51341
2006 3.53753
2007 4.25939
2008 6.53751
2009 4.06567
2010 3.92665
2011 4.28227
2012 3.73353
2013 5.11798
2014 3.67065
2015 3.60463
2016 5.49359
2017 6.41633
2018 4.3183
2019 4.14311
2020 4.1049
2021 3.87288
2022 4.72125
2023 3.61327
2024 5.16943
2025 4.97864
2026 5.02001
2027 3.56468
2028 4.14234
2029 4.08022
2030 5.96332
2031 9.58808
2032 4.55585
2033 5.59652
2034 4.12972
2035 4.60689
2036 9.68132
2037 3.51544
2038 4.27147
2039 5.22012
2040 3.82935
2041 4.63027
2042 3.08682
2043 5.92822
2044 3.86893
2045 3.45444
2046 3.82193
2047 3.25744
2048 3.49757
2049 4.59576
2050 4.93293
2051 4.59498
2052 3.86886
2053 6.64502
2054 4.9184
2055 6.74242
2056 6.5183
2057 3.45438
2058 4.90462
2059 9.09552
2060 3.56137
2061 7.70889
2062 3.71266
2063 5.30475
2064 4.825
2065 4.81908
2066 4.22035
2067 4.26433
2068 3.84699
2069 4.57199
2070 3.22688
2071 3.59988
2072 5.28387
2073 4.63063
2074 8.28857
2075 3.65089
2076 3.18354
2077 3.75007
2078 4.43548
2079 5.43552
2080 4.12386
2081 4.86993
2082 3.99913
2083 5.1116
2084 4.46992
2085 4.85117
2086 4.53344
2087 4.37147
2088 4.9782
2089 4.33421
2090 3.30208
2091 4.50402
2092 3.41055
2093 7.03159
2094 4.78419
2095 3.18807
2096 5.07782
2097 3.56038
2098 8.60738
2099 5.79964
2100 4.47879
2101 6.01591
2102 4.11607
2103 5.97872
2104 4.5003
2105 4.14669
2106 5.27395
2107 4.56404
2108 3.56727
2109 5.37234
2110 5.75911
2111 4.56915
2112 3.39848
2113 5.41595
2114 3.64006
2115 4.51072
2116 8.18586
2117 3.8919
2118 4.99186
2119 3.62908
2120 4.39323
2121 6.71971
2122 3.21677
2123 3.75273
2124 4.158
2125 5.71107
2126 5.48371
2127 4.62919
2128 6.1906
2129 8.34193
2130 3.51728
2131 4.5853
2132 4.23946
2133 4.435
2134 7.65668
2135 3.43651
2136 4.18356
2137 6.17411
2138 4.52572
2139 4.47703
2140 4.29705
2141 6.80597
2142 3.32208
2143 4.5796
2144 3.75834
2145 5.84704
2146 5.11185
2147 6.99447
2148 3.69298
2149 9.76102
2150 8.9468
2151 3.83454
2152 4.46964
2153 3.82821
2154 4.41457
2155 4.91468
2156 3.90858
2157 5.12732
2158 4.43503
2159 6.92233
2160 4.21094
2161 3.75296
2162 5.47764
2163 5.2901
2164 4.1505
2165 5.43483
2166 5.99124
2167 4.80793
2168 8.75963
2169 4.48331
2170 6.7217
2171 3.69523
2172 4.73225
2173 5.04637
2174 4.5416
2175 5.65904
2176 5.02745
2177 3.80597
2178 3.61338
2179 4.73501
2180 7.45367
2181 3.59638
2182 3.09528
2183 4.18207
2184 3.51109
2185 4.70704
2186 4.19566
2187 3.78379
2188 5.79768
2189 6.66196
2190 7.11243
2191 3.74259
2192 4.85106
2193 3.12077
2194 5.24172
2195 4.24624
2196 3.68815
2197 4.78261
2198 4.81104
2199 3.87257
2200 7.64592
2201 3.57363
2202 4.337
2203 3.72959
2204 6.99766
2205 6.68513
2206 7.1842
2207 3.92479
2208 5.23603
2209 3.44024
2210 4.36953
2211 4.38205
2212 3.90537
2213 5.60407
2214 5.61367
2215 4.31214
2216 8.11552
2217 3.33901
2218 5.72707
2219 3.87561
2220 5.82375
2221 4.48796
2222 5.03147
2223 5.53829
2224 3.57791
2225 6.40553
2226 3.17713
2227 3.20887
2228 6.6881
2229 4.28542
2230 5.8951
2231 4.18751
2232 5.53226
2233 3.45706
2234 3.75831
2235 4.6392
2236 7.09217
2237 6.53139
2238 3.79322
2239 4.2725
2240 5.26443
2241 3.55152
2242 4.36611
2243 6.46635
2244 5.4876
2245 5.1064
2246 5.67065
2247 4.39483
2248 3.49901
2249 8.34874
2250 4.89111
2251 5.53856
2252 5.31706
2253 4.94504
2254 5.00023
2255 3.83292
2256 4.12832
2257 4.19202
2258 8.39097
2259 4.9688
2260 4.89366
2261 3.68249
2262 4.10597
2263 5.74906
2264 6.75247
2265 7.20538
2266 4.21022
2267 3.53698
2268 3.51561
2269 3.77454
2270 3.22499
2271 4.68888
2272 5.95811
2273 5.40389
2274 7.5541
2275 7.94612
2276 4.22309
2277 4.83887
2278 3.51516
2279 4.13878
2280 4.38485
2281 4.19798
2282 5.37139
2283 4.183
2284 4.77104
2285 4.33411
2286 4.18048
2287 4.63271
2288 5.2313
2289 4.13507
2290 3.6456
2291 6.40237
2292 5.67421
2293 5.47118
2294 5.14537
2295 4.15004
2296 4.89873
2297 3.51039
2298 5.51619
2299 4.63511
2300 3.97996
2301 5.10572
2302 6.29171
2303 8.04099
2304 4.38707
2305 6.5833
2306 6.34023
2307 5.18835
2308 4.38316
2309 4.73476
2310 3.52847
2311 5.57326
2312 4.8631
2313 8.05614
2314 6.29764
2315 4.15663
2316 4.71412
2317 6.18862
2318 3.86573
2319 6.43924
2320 4.56953
2321 5.80059
2322 9.38924
2323 4.88469
2324 6.42192
2325 4.69646
2326 4.09264
2327 4.23985
2328 3.41861
2329 5.67481
2330 4.30277
2331 6.81644
2332 4.6944
2333 4.50031
2334 3.7438
2335 6.43813
2336 7.82849
2337 7.67603
2338 6.33032
2339 4.77129
2340 3.54992
2341 5.98944
2342 5.78293
2343 3.87677
2344 5.75267
2345 4.92159
2346 3.67158
2347 4.50042
2348 4.34737
2349 6.89703
2350 6.42418
2351 3.41113
2352 3.39571
2353 3.73075
2354 5.14836
2355 3.79263
2356 4.58366
2357 7.04932
2358 3.69195
2359 4.81051
2360 3.74254
2361 3.33344
2362 4.48713
2363 4.42282
2364 3.77318
2365 3.66084
2366 4.84031
2367 4.02533
2368 8.37677
2369 5.84816
2370 4.73857
2371 4.34862
2372 3.87014
2373 4.33318
2374 5.68537
2375 5.4948
2376 4.2886
2377 4.56798
2378 3.7241
2379 4.76483
2380 5.78199
2381 3.67994
2382 5.90307
2383 6.38811
2384 3.73592
2385 8.07324
2386 6.58153
2387 3.54697
2388 4.09084
2389 6.39917
2390 4.54732
2391 6.08555
2392 3.13647
2393 6.57272
2394 3.63107
2395 5.93867
2396 3.26486
2397 4.44634
2398 5.08848
2399 5.33453
2400 5.20882
2401 5.98464
2402 3.4835
2403 5.08367
2404 9.49
2405 3.6981
2406 5.16319
2407 8.55596
2408 3.47
2409 3.94127
2410 4.239
2411 4.08514
2412 3.99614
2413 5.50658
2414 3.40738
2415 4.73596
2416 4.69946
2417 3.45224
2418 4.49518
2419 5.68536
2420 3.7687
2421 5.29449
2422 4.65803
2423 8.93772
2424 4.89525
2425 3.74439
2426 5.07478
2427 8.298
2428 5.55703
2429 3.94343
2430 5.36362
2431 3.17432
2432 4.978
2433 6.17591
2434 5.06533
2435 7.06862
2436 4.78463
2437 8.21021
2438 4.26484
2439 4.76421
2440 3.28972
2441 4.13739
2442 7.64143
2443 3.48517
2444 4.09308
2445 5.70656
2446 3.90171
2447 4.17865
2448 3.87932
2449 5.13742
2450 4.04185
2451 7.97076
2452 4.75072
2453 9.62894
2454 4.35143
2455 4.6062
2456 4.75495
2457 9.62332
2458 4.96824
2459 5.72746
2460 3.80004
2461 3.42697
2462 6.11745
2463 4.54023
2464 5.74367
2465 4.67038
2466 4.30793
2467 6.23497
2468 4.02124
2469 5.67123
2470 3.84335
2471 5.2184
2472 4.11972
2473 3.8143
2474 4.51345
2475 4.90748
2476 3.83636
2477 4.26271
2478 3.88667
2479 4.38075
2480 4.5062
2481 6.97342
2482 4.90098
2483 4.01325
2484 8.69582
2485 4.02149
2486 8.92562
2487 5.2697
2488 5.72491
2489 5.804
2490 3.89853
2491 4.99623
2492 5.53372
2493 4.80667
2494 7.30914
2495 3.84923
2496 4.9438
2497 8.82422
2498 7.9571
2499 5.60241
2500 3.29795
2501 5.60655
2502 4.65146
2503 4.06781
2504 4.91638
2505 5.51858
2506 6.09625
2507 3.8011
2508 5.93686
2509 3.49922
2510 3.90526
2511 5.23346
2512 4.27911
2513 5.63071
2514 3.50904
2515 5.64074
2516 4.15214
2517 5.52163
2518 6.19869
2519 5.27358
2520 5.61441
2521 4.45275
2522 4.62163
2523 3.30924
2524 4.55506
2525 3.80471
2526 5.15191
2527 5.5673
2528 3.64529
2529 3.67658
2530 4.83029
2531 5.11096
2532 3.52859
2533 3.72365
2534 5.40677
2535 4.55586
2536 4.67879
2537 5.5804
2538 5.0283
2539 8.04324
2540 4.49038
2541 6.65273
2542 4.35767
2543 3.70893
2544 5.47105
2545 4.30571
2546 7.17548
2547 7.6741
2548 4.64367
2549 6.46584
2550 4.52423
2551 4.12456
2552 5.48586
2553 5.73028
2554 4.51868
2555 4.10741
2556 5.61681
2557 6.70249
2558 5.42174
2559 4.01531
2560 3.90344
2561 6.31982
2562 6.56012
2563 4.39998
2564 4.37233
2565 7.4258
2566 3.32507
2567 4.60211
2568 3.70348
2569 8.06576
2570 5.32313
2571 6.08893
2572 5.74253
2573 4.55529
2574 5.16655
2575 5.08999
2576 5.72551
2577 3.50805
2578 4.83111
2579 4.58714
2580 3.5167
2581 5.15631
2582 4.4635
2583 5.54294
2584 4.89884
2585 6.95224
2586 8.2018
2587 8.53303
2588 6.54756
2589 4.83143
2590 3.62217
2591 5.13062
2592 4.67798
2593 6.66323
2594 6.03098
2595 5.77136
2596 6.10891
2597 6.06256
2598 6.1643
2599 8.08052
2600 4.05108
2601 7.34186
2602 6.09462
2603 4.83142
2604 5.58846
2605 6.0438
2606 3.71797
2607 3.3021
2608 6.76063
2609 4.20425
2610 5.13866
2611 4.32884
2612 5.50859
2613 3.62563
2614 4.09334
2615 4.17535
2616 4.67374
2617 4.64521
2618 5.11326
2619 6.43731
2620 6.19026
2621 5.54864
2622 4.68006
2623 3.3155
2624 6.71493
2625 4.69825
2626 5.3371
2627 5.6847
2628 6.81534
2629 5.76009
2630 3.72734
2631 7.81451
2632 4.96713
2633 4.59496
2634 6.91003
2635 5.16311
2636 5.0451
2637 3.48775
2638 3.37764
2639 4.98335
2640 6.1587
2641 3.44533
2642 5.33191
2643 4.50706
2644 6.9684
2645 4.77047
2646 4.44525
2647 8.49455
2648 3.70762
2649 5.06882
2650 3.79964
2651 6.7194
2652 4.21622
2653 4.98618
2654 4.06313
2655 4.14412
2656 5.62236
2657 5.08591
2658 7.08952
2659 5.83746
2660 7.08035
2661 4.19558
2662 3.82346
2663 5.19617
2664 4.25774
2665 5.81356
2666 4.24955
2667 4.96197
2668 7.08715
2669 5.92149
2670 4.40358
2671 6.24352
2672 5.69102
2673 4.94877
2674 4.99915
2675 5.30827
2676 4.90257
2677 5.74605
2678 3.60194
2679 3.91053
2680 4.39598
2681 6.90153
2682 6.79839
2683 7.27155
2684 8.76637
2685 7.1604
2686 3.81884
2687 6.35043
2688 3.30007
2689 6.47362
2690 4.1328
2691 5.17506
2692 4.23969
2693 5.33985
2694 5.53384
2695 7.49108
2696 6.75601
2697 7.89841
2698 3.86957
2699 3.49702
2700 3.51529
2701 3.87357
2702 6.63458
2703 4.39912
2704 3.4925
2705 8.46356
2706 6.74976
2707 4.38713
2708 4.99656
2709 5.23316
2710 6.13295
2711 5.9872
2712 5.03164
2713 6.78523
2714 3.46876
2715 3.336
2716 4.52217
2717 7.82987
2718 4.9301
2719 5.75811
2720 3.70259
2721 8.81314
2722 3.11565
2723 3.49212
2724 6.80111
2725 7.35373
2726 5.74597
2727 3.25127
2728 4.15581
2729 4.37232
2730 3.89579
2731 4.0546
2732 3.90938
2733 5.4004
2734 4.686
2735 4.19953
2736 7.8081
2737 7.23602
2738 8.01244
2739 5.00487
2740 3.30347
2741 3.83322
2742 4.52487
2743 4.61902
2744 4.85552
2745 4.78578
2746 4.35729
2747 3.80687
2748 5.40769
2749 4.83294
2750 4.08316
2751 3.93653
2752 8.11927
2753 5.7247
2754 4.74429
2755 4.12502
2756 3.61487
2757 5.80221
2758 4.73589
2759 7.21225
2760 5.57938
2761 8.64001
2762 6.25199
2763 5.91064
2764 4.75267
2765 4.10686
2766 6.91713
2767 6.0194
2768 7.8179
2769 4.80078
2770 8.65617
2771 3.90861
2772 3.69948
2773 3.54458
2774 4.73942
2775 4.19688
2776 4.78666
2777 5.04545
2778 4.69586
2779 5.21962
2780 3.34066
2781 3.43639
2782 6.05106
2783 5.25003
2784 7.04702
2785 4.86723
2786 4.39126
2787 7.58512
2788 5.91945
2789 7.28205
2790 7.15208
2791 5.94982
2792 4.93321
2793 5.90939
2794 5.17575
2795 3.71209
2796 7.56869
2797 5.04165
2798 4.64452
2799 5.84167
2800 4.96728
2801 3.85733
2802 6.59473
2803 5.31072
2804 5.31877
2805 3.73832
2806 6.56653
2807 3.93832
2808 3.67759
2809 5.67847
2810 4.01791
2811 5.00999
2812 4.2919
2813 7.24272
2814 3.71615
2815 4.09404
2816 4.20799
2817 4.99443
2818 4.58534
2819 3.43694
2820 4.44205
2821 5.04157
2822 3.46599
2823 4.75612
2824 4.54906
2825 4.04673
2826 4.97057
2827 5.54519
2828 4.39986
2829 5.63801
2830 6.09033
2831 6.1646
2832 3.40909
2833 5.4576
2834 4.69841
2835 4.17448
2836 5.64307
2837 4.07478
2838 4.92176
2839 3.56047
2840 4.12411
2841 3.40864
2842 4.95687
2843 4.30318
2844 3.5608
2845 4.45563
2846 5.51503
2847 5.86031
2848 5.28468
2849 8.52498
2850 4.16868
2851 4.52838
2852 4.55629
2853 5.35349
2854 6.63566
2855 4.26434
2856 3.30372
2857 5.40548
2858 4.58295
2859 7.27113
2860 6.72436
2861 4.10397
2862 5.91561
2863 3.89003
2864 6.43978
2865 5.66995
2866 6.27319
2867 6.91022
2868 6.34599
2869 6.27573
2870 4.02301
2871 5.21147
2872 5.03814
2873 3.54473
2874 9.48729
2875 4.56141
2876 3.42849
2877 6.53774
2878 7.69259
2879 6.33873
2880 5.56799
2881 4.5524
2882 3.62772
2883 4.60135
2884 4.70136
2885 3.98912
2886 4.17593
2887 4.15687
2888 3.64104
2889 6.14863
2890 5.41781
2891 6.70244
2892 7.15667
2893 5.72302
2894 4.51821
2895 6.17556
2896 3.68232
2897 5.67992
2898 4.23436
2899 4.68388
2900 4.76654
2901 6.01302
2902 3.6093
2903 5.83985
2904 5.64151
2905 6.4035
2906 7.42222
2907 6.03526
2908 4.72043
2909 9.55145
2910 7.37914
2911 3.90666
2912 5.49499
2913 5.59565
2914 4.59415
2915 4.52664
2916 5.50716
2917 5.77581
2918 4.75207
2919 7.24909
2920 5.27286
2921 5.52014
2922 6.08646
2923 7.50577
2924 4.40951
2925 3.57276
2926 5.62624
2927 3.53573
2928 7.22681
2929 8.80227
2930 5.44554
2931 3.3007
2932 6.36114
2933 3.9095
2934 8.03457
2935 5.2933
2936 8.20945
2937 4.46309
2938 4.00555
2939 5.45644
2940 4.42081
2941 5.35942
2942 6.13633
2943 5.42379
2944 5.29065
2945 4.39902
2946 3.7478
2947 3.65508
2948 4.2876
2949 4.22704
2950 3.57269
2951 3.43541
2952 4.21998
2953 5.45079
2954 5.68153
2955 4.54135
2956 6.0603
2957 4.68861
2958 4.25157
2959 6.16197
2960 4.87015
2961 5.86459
2962 4.78119
2963 5.13242
2964 5.56697
2965 4.92058
2966 5.2957
2967 7.51959
2968 5.20869
2969 3.97741
2970 5.82203
2971 4.40515
2972 7.90728
2973 3.60181
2974 6.56654
2975 7.00633
2976 6.78331
2977 4.26765
2978 5.57714
2979 4.23598
2980 6.99133
2981 5.12076
2982 7.87274
2983 4.53249
2984 7.23506
2985 4.33487
2986 4.11186
2987 3.79603
2988 4.61781
2989 5.03941
2990 4.82005
2991 4.53279
2992 6.34959
2993 4.17997
2994 8.05298
2995 4.26131
2996 4.35901
2997 4.93963
2998 5.63643
2999 5.19375
3000 3.33433
3001 4.73358
3002 4.07926
3003 6.5319
3004 7.33933
3005 4.67396
3006 3.18113
3007 3.49885
3008 3.42992
3009 4.00027
3010 6.61519
3011 7.14851
3012 4.17231
3013 4.06271
3014 3.19577
3015 3.43544
3016 3.95097
3017 7.53386
3018 3.82032
3019 3.85401
3020 6.24039
3021 6.56731
3022 5.15984
3023 4.17842
3024 4.96465
3025 4.75186
3026 4.07558
3027 4.0016
3028 3.43118
3029 3.97084
3030 6.45668
3031 6.02928
3032 4.1727
3033 3.22246
3034 4.18148
3035 4.19876
3036 4.4522
3037 6.91809
3038 4.27819
3039 3.41736
3040 4.81637
3041 4.71995
3042 6.48472
3043 4.09814
3044 7.14961
3045 5.82897
3046 4.34418
3047 5.07315
3048 7.64479
3049 7.72972
3050 3.50459
3051 4.75461
3052 4.80381
3053 5.70604
3054 5.51945
3055 4.22263
3056 4.16761
3057 4.32571
3058 3.50654
3059 4.59737
3060 6.33902
3061 5.10315
3062 8.17672
3063 5.24692
3064 4.81132
3065 4.22379
3066 3.70622
3067 4.17234
3068 6.31317
3069 7.51349
3070 3.77669
3071 4.54958
3072 8.45245
3073 7.9507
3074 5.67803
3075 6.21127
3076 7.66522
3077 6.29605
3078 6.46481
3079 6.4224
3080 4.13739
3081 4.00245
3082 4.39362
3083 5.0464
3084 6.43774
3085 6.36489
3086 5.36916
3087 4.29867
3088 6.0195
3089 3.76471
3090 4.95213
3091 4.52099
3092 4.31888
3093 3.378
3094 5.15681
3095 6.27655
3096 5.56218
3097 8.67407
3098 6.99025
3099 3.61048
3100 5.30837
3101 4.51469
3102 6.76322
3103 8.98309
3104 7.22031
3105 4.2778
3106 3.62513
3107 6.1355
3108 5.69781
3109 5.72573
3110 4.59925
3111 6.10448
3112 3.79404
3113 3.64071
3114 8.33093
3115 4.88396
3116 4.72497
3117 7.54571
3118 5.04703
3119 3.25122
3120 5.30049
3121 4.64443
3122 4.14458
3123 3.84421
3124 4.51379
3125 5.51993
3126 4.30041
3127 5.26051
3128 6.16297
3129 6.33192
3130 4.96662
3131 4.44304
3132 3.28083
3133 3.26868
3134 4.70391
3135 3.8208
3136 4.24508
3137 4.8361
3138 8.8534
3139 5.35244
3140 5.86123
3141 9.32393
3142 5.34685
3143 3.61631
3144 4.04698
3145 4.92579
3146 3.16378
3147 3.82678
3148 3.76427
3149 4.09595
3150 5.02492
3151 4.31612
3152 3.28851
3153 3.55097
3154 6.36949
3155 3.80505
3156 3.25821
3157 7.17959
3158 5.31598
3159 3.95358
3160 4.57524
3161 5.65536
3162 5.03947
3163 5.24495
3164 4.57639
3165 4.66069
3166 4.38164
3167 4.11374
3168 9.5325
3169 4.23238
3170 4.34819
3171 6.152
3172 4.00924
3173 5.10957
3174 4.79253
3175 3.29135
3176 7.15556
3177 5.52577
3178 4.02557
3179 4.14988
3180 4.87378
3181 3.49954
3182 4.0825
3183 5.55282
3184 3.84807
3185 5.7191
3186 4.17383
3187 4.11625
3188 7.44268
3189 3.34876
3190 6.49105
3191 7.54068
3192 4.41488
3193 6.89826
3194 3.19852
3195 6.92124
3196 4.79661
3197 3.63049
3198 4.59773
3199 5.1452
3200 3.9266
3201 4.23497
3202 6.34469
3203 4.02561
3204 3.64678
3205 3.97617
3206 6.44553
3207 5.8212
3208 5.31976
3209 4.41175
3210 4.46574
3211 4.61897
3212 4.49972
3213 6.47414
3214 3.57715
3215 6.59722
3216 5.47996
3217 4.58396
3218 3.86199
3219 3.88469
3220 8.02596
3221 3.39089
3222 6.5936
3223 3.38525
3224 4.0543
3225 4.66826
3226 5.93408
3227 5.12329
3228 4.29796
3229 4.30663
3230 4.95788
3231 4.19286
3232 5.17624
3233 4.41909
3234 3.87974
3235 6.05209
3236 3.40701
3237 4.71566
3238 3.50013
3239 4.93938
3240 4.97959
3241 6.81503
3242 6.88191
3243 4.44031
3244 5.47735
3245 4.50785
3246 4.91431
3247 8.26924
3248 3.72279
3249 7.30489
3250 6.25312
3251 5.20717
3252 4.36092
3253 4.80901
3254 6.00415
3255 4.68364
3256 4.97465
3257 5.73761
3258 3.96667
3259 3.87376
3260 3.30359
3261 4.67082
3262 4.01918
3263 4.41943
3264 4.76337
3265 5.04652
3266 6.80536
3267 4.70447
3268 6.56918
3269 7.31687
3270 8.46114
3271 8.72556
3272 9.37186
3273 4.94176
3274 3.27702
3275 4.73852
3276 7.25834
3277 6.01943
3278 4.11232
3279 3.87257
3280 4.54086
3281 5.18919
3282 4.35667
3283 4.87516
3284 5.19678
3285 4.26046
3286 3.49763
3287 4.13881
3288 5.59435
3289 4.14245
3290 4.27985
3291 4.75132
3292 4.88503
3293 3.81944
3294 4.28394
3295 7.03929
3296 6.52131
3297 5.02451
3298 5.4441
3299 5.80401
3300 7.68174
3301 4.86164
3302 5.44024
3303 5.78032
3304 4.94652
3305 5.78735
3306 7.44969
3307 5.63165
3308 6.3028
3309 4.14872
3310 6.60321
3311 6.21422
3312 4.87296
3313 4.51016
3314 3.96996
3315 5.663
3316 5.7477
3317 3.6534
3318 3.32913
3319 5.04796
3320 4.19058
3321 5.20757
3322 4.72289
3323 3.41583
3324 3.80146
3325 6.40196
3326 3.77737
3327 4.24545
3328 5.22619
3329 7.63483
3330 3.70453
3331 4.67426
3332 5.01276
3333 5.66545
3334 3.72977
3335 9.80853
3336 5.35849
3337 3.76616
3338 7.4861
3339 4.07534
3340 4.03909
3341 4.86328
3342 5.76341
3343 7.76539
3344 4.98625
3345 3.60254
3346 3.87751
3347 9.77219
3348 3.79513
3349 4.36153
3350 5.53335
3351 5.12188
3352 4.42831
3353 6.1126
3354 4.4282
3355 5.72223
3356 6.47419
3357 4.74659
3358 5.41307
3359 4.23802
3360 8.9623
3361 5.73469
3362 6.61467
3363 4.7692
3364 4.07852
3365 4.4367
3366 3.12001
3367 3.46604
3368 3.74194
3369 3.82166
3370 6.78313
3371 4.62711
3372 7.33514
3373 5.16495
3374 5.65888
3375 3.53786
3376 4.0822
3377 4.9908
3378 3.59667
3379 5.02699
3380 4.74403
3381 4.81417
3382 8.9586
3383 4.42106
3384 4.29937
3385 3.12396
3386 4.06946
3387 5.82731
3388 4.46826
3389 4.84248
3390 7.24231
3391 9.43666
3392 5.71342
3393 6.56781
3394 3.77528
3395 5.68649
3396 6.75288
3397 5.15924
3398 6.50521
3399 6.31763
3400 4.88468
3401 5.06055
3402 3.78274
3403 4.05908
3404 4.62065
3405 4.62776
3406 5.21393
3407 5.02302
3408 8.17978
3409 3.98952
3410 7.41392
3411 3.59014
3412 4.60765
3413 3.82057
3414 4.06203
3415 3.37775
3416 3.5638
3417 4.30651
3418 4.74287
3419 6.78949
3420 4.75386
3421 5.19113
3422 7.24403
3423 5.82267
3424 4.18167
3425 8.14732
3426 4.56283
3427 3.26523
3428 4.07947
3429 8.16718
3430 3.65126
3431 3.7979
3432 5.07399
3433 5.37995
3434 4.55559
3435 5.81204
3436 6.09234
3437 6.16776
3438 3.2438
3439 4.14627
3440 6.41711
3441 6.91569
3442 4.66419
3443 5.76612
3444 4.06583
3445 5.29742
3446 4.97057
3447 6.83779
3448 5.2353
3449 4.35605
3450 5.02413
3451 4.46515
3452 4.14847
3453 3.94489
3454 9.13498
3455 5.63181
3456 6.96885
3457 6.7813
3458 8.13633
3459 4.15329
3460 6.16089
3461 4.15346
3462 4.2502
3463 4.88765
3464 4.52818
3465 5.86467
3466 5.28558
3467 5.71543
3468 3.8782
3469 4.64004
3470 5.53283
3471 3.62599
3472 4.09293
3473 8.55775
3474 4.01463
3475 4.42183
3476 8.43612
3477 8.19319
3478 3.95347
3479 5.74748
3480 3.6643
3481 3.73003
3482 6.1538
3483 6.79356
3484 4.21963
3485 7.04585
3486 4.58453
3487 4.34375
3488 7.82094
3489 3.31207
3490 5.72898
3491 5.71733
3492 4.70199
3493 5.62288
3494 4.62435
3495 4.93662
3496 5.79484
3497 6.14412
3498 4.14376
3499 4.84831
3500 4.40794
3501 5.7211
3502 4.90249
3503 4.75193
3504 3.63246
3505 4.59533
3506 3.17454
3507 6.26233
3508 5.49354
3509 3.94976
3510 3.31462
3511 3.59731
3512 3.58922
3513 3.60142
3514 7.0502
3515 8.19133
3516 6.03968
3517 4.34567
3518 5.42246
3519 6.10846
3520 3.39195
3521 5.14122
3522 4.41912
3523 4.56733
3524 4.45463
3525 5.50352
3526 4.27588
3527 4.522
3528 5.84337
3529 7.45448
3530 3.89077
3531 8.96812
3532 3.9934
3533 6.02439
3534 6.50944
3535 9.85491
3536 8.12771
3537 3.50582
3538 5.12876
3539 6.16071
3540 5.77834
3541 5.14987
3542 3.1639
3543 7.36178
3544 5.19835
3545 5.31701
3546 8.50163
3547 5.63494
3548 3.38117
3549 3.55449
3550 5.50053
3551 3.55775
3552 6.60023
3553 3.9174
3554 3.99673
3555 4.13964
3556 4.41816
3557 8.53696
3558 3.54629
3559 3.48317
3560 5.5283
3561 4.42525
3562 5.53985
3563 3.66708
3564 5.23627
3565 3.68904
3566 5.50193
3567 5.16498
3568 3.94453
3569 4.21913
3570 4.31963
3571 3.83294
3572 4.03095
3573 6.36363
3574 4.34465
3575 5.44026
3576 7.141
3577 3.72078
3578 6.28697
3579 7.79583
3580 5.51999
3581 7.87908
3582 3.89304
3583 4.2395
3584 4.52214
3585 4.24317
3586 6.81216
3587 4.03049
3588 4.96519
3589 5.19988
3590 7.34033
3591 3.52507
3592 4.8521
3593 6.36517
3594 4.43235
3595 3.56563
3596 3.78835
3597 3.96829
3598 5.2328
3599 5.33657
3600 7.12828
3601 4.11921
3602 4.67536
3603 4.8023
3604 6.86614
3605 4.19051
3606 3.31217
3607 3.07617
3608 5.81613
3609 6.03268
3610 6.4103
3611 4.27105
3612 4.8716
3613 5.29322
3614 5.45149
3615 5.07572
3616 7.77377
3617 4.72396
3618 6.5797
3619 4.03545
3620 4.41785
3621 7.30165
3622 5.93819
3623 4.81299
3624 4.46632
3625 8.37709
3626 5.83282
3627 4.20496
3628 3.39665
3629 6.14342
3630 5.78434
3631 6.84152
3632 4.82301
3633 3.94157
3634 5.60656
3635 6.55544
3636 4.336
3637 6.27133
3638 6.60585
3639 5.58979
3640 5.01789
3641 8.5331
3642 6.7076
3643 3.60805
3644 3.42162
3645 4.16103
3646 4.96918
3647 3.68103
3648 5.83801
3649 4.41804
3650 3.99148
3651 5.3428
3652 4.56914
3653 3.41298
3654 6.21747
3655 5.67743
3656 4.79123
3657 4.06823
3658 5.44064
3659 3.25223
3660 8.1736
3661 3.877
3662 3.84896
3663 3.99488
3664 6.2567
3665 4.22405
3666 3.82689
3667 8.05295
3668 6.92792
3669 6.04615
3670 4.15688
3671 9.00703
3672 3.53159
3673 4.79247
3674 3.73142
3675 5.67427
3676 4.27724
3677 6.78332
3678 4.26387
3679 6.68516
3680 3.83369
3681 7.24705
3682 3.36038
3683 3.18483
3684 9.93445
3685 6.1174
3686 4.00699
3687 4.31023
3688 5.63137
3689 6.12544
3690 7.32757
3691 6.64758
3692 4.31333
3693 5.55096
3694 6.02267
3695 3.62589
3696 5.41179
3697 4.89373
3698 5.40674
3699 7.17116
3700 4.96874
3701 5.37307
3702 6.75878
3703 3.89849
3704 4.16304
3705 3.88562
3706 5.874
3707 4.0446
3708 3.81263
3709 4.82106
3710 5.16753
3711 4.54285
3712 4.3198
3713 4.42722
3714 5.51571
3715 5.9879
3716 5.96765
3717 4.02287
3718 3.52161
3719 3.54518
3720 8.1143
3721 5.98658
3722 4.03724
3723 4.18156
3724 4.63218
3725 3.11672
3726 3.88296
3727 3.37511
3728 6.87967
3729 4.5733
3730 4.18307
3731 4.06433
3732 5.79742
3733 3.70326
3734 4.4623
3735 5.65497
3736 6.01418
3737 5.92737
3738 5.8165
3739 7.8959
3740 5.58437
3741 4.35056
3742 4.52146
3743 4.79119
3744 4.30957
3745 4.02051
3746 4.26353
3747 6.72919
3748 3.97525
3749 4.46849
3750 4.34672
3751 3.98135
3752 4.62785
3753 4.73503
3754 5.54557
3755 4.43128
3756 7.31286
3757 5.38037
3758 5.10575
3759 4.24981
3760 4.48252
3761 8.51856
3762 4.66121
3763 8.56412
3764 4.06849
3765 5.37031
3766 4.66724
3767 7.32095
3768 5.10952
3769 5.8481
3770 5.36617
3771 6.11971
3772 6.44469
3773 5.13765
3774 5.11962
3775 6.05148
3776 6.40645
3777 3.13823
3778 4.83532
3779 5.54017
3780 4.95723
3781 6.54826
3782 6.33648
3783 8.58415
3784 6.42409
3785 4.69777
3786 4.90806
3787 3.46942
3788 5.92442
3789 6.23294
3790 7.20196
3791 3.79363
3792 7.10511
3793 4.9795
3794 4.83068
3795 5.53283
3796 7.3787
3797 4.02686
3798 4.01517
3799 3.95055
3800 7.78776
3801 5.20798
3802 5.71133
3803 7.03447
3804 3.45677
3805 4.33149
3806 7.04788
3807 4.80217
3808 3.82389
3809 5.31781
3810 4.16815
3811 4.29312
3812 3.67946
3813 8.65193
3814 6.14467
3815 4.03363
3816 3.65086
3817 4.93513
3818 4.37082
3819 4.77757
3820 5.35328
3821 4.10528
3822 3.43853
3823 4.68824
3824 3.84718
3825 6.59541
3826 4.40692
3827 4.46968
3828 3.77404
3829 5.36309
3830 4.59254
3831 7.80202
3832 5.61916
3833 4.74107
3834 7.03496
3835 5.39804
3836 4.01077
3837 7.40248
3838 5.51219
3839 4.36944
3840 6.33612
3841 5.46606
3842 3.96243
3843 6.02267
3844 5.26349
3845 7.85117
3846 5.19113
3847 6.0295
3848 3.75228
3849 3.94961
3850 7.63334
3851 3.76343
3852 8.79833
3853 4.54262
3854 4.18232
3855 5.64588
3856 4.52676
3857 5.03908
3858 3.92872
3859 5.59457
3860 6.31844
3861 5.64264
3862 4.19466
3863 5.21367
3864 6.51094
3865 5.90319
3866 3.93658
3867 7.60645
3868 6.69601
3869 4.52084
3870 4.19647
3871 4.72954
3872 7.79661
3873 5.29071
3874 6.48884
3875 4.94195
3876 5.32854
3877 3.53256
3878 3.41593
3879 3.46099
3880 5.70157
3881 4.19983
3882 3.64515
3883 3.27793
3884 5.09565
3885 4.7042
3886 6.83109
3887 4.2593
3888 4.33421
3889 5.73915
3890 5.35043
3891 4.24947
3892 3.66068
3893 6.70417
3894 4.73039
3895 5.62129
3896 5.03802
3897 4.27442
3898 5.64892
3899 5.99446
3900 3.79673
3901 5.28423
3902 3.45373
3903 6.17634
3904 5.30383
3905 4.56899
3906 3.72691
3907 7.19929
3908 6.83148
3909 3.96069
3910 4.42464
3911 3.43279
3912 4.58811
3913 7.67875
3914 5.4504
3915 4.90863
3916 4.10591
3917 5.39601
3918 6.59348
3919 3.85753
3920 4.69449
3921 5.98199
3922 3.84275
3923 3.2575
3924 4.69492
3925 7.34723
3926 4.85099
3927 4.96744
3928 6.75395
3929 5.3183
3930 3.99799
3931 5.95102
3932 5.91857
3933 3.79636
3934 7.31989
3935 6.3442
3936 3.77514
3937 4.96529
3938 7.01926
3939 5.68715
3940 7.12201
3941 4.80797
3942 6.67935
3943 4.92597
3944 3.94269
3945 3.71791
3946 5.49008
3947 4.31393
3948 4.2117
3949 6.84268
3950 4.50225
3951 3.48675
3952 4.40603
3953 3.65774
3954 4.54331
3955 6.12115
3956 6.93813
3957 5.70177
3958 5.66312
3959 4.94541
3960 5.08481
3961 7.35269
3962 5.99725
3963 3.26448
3964 4.05633
3965 6.34505
3966 5.51124
3967 9.54983
3968 4.65416
3969 7.89468
3970 6.11606
3971 7.34617
3972 5.56799
3973 4.80079
3974 9.06969
3975 7.11526
3976 4.15168
3977 8.7486
3978 3.35942
3979 4.03122
3980 4.53281
3981 8.10546
3982 4.60528
3983 3.75419
3984 5.92188
3985 6.74123
3986 5.44091
3987 4.92108
3988 4.0748
3989 5.80269
3990 6.55215
3991 4.08641
3992 7.30403
3993 4.50803
3994 5.569
3995 7.28758
3996 7.92932
3997 5.01881
3998 5.44559
3999 5.35023
4000 4.93417
4001 5.26625
4002 5.15316
4003 5.8313
4004 5.75736
4005 3.84738
4006 5.17695
4007 7.84424
4008 7.85542
4009 4.54995
4010 3.77769
4011 6.80851
4012 3.84829
4013 3.30434
4014 5.72818
4015 6.93131
4016 6.61409
4017 4.68501
4018 5.07021
4019 5.64894
4020 4.42492
4021 6.15365
4022 5.28652
4023 5.13906
4024 4.78522
4025 5.88469
4026 4.62363
4027 5.76968
4028 7.65485
4029 4.06833
4030 5.12261
4031 5.32902
4032 3.84158
4033 4.44914
4034 4.58064
4035 4.72062
4036 3.77095
4037 5.34778
4038 6.43726
4039 7.46375
4040 4.68489
4041 5.52269
4042 3.36215
4043 8.54098
4044 6.8206
4045 4.15778
4046 4.55673
4047 3.63775
4048 5.46193
4049 5.04299
4050 6.02684
4051 5.39602
4052 4.3635
4053 7.98826
4054 9.23073
4055 7.0075
4056 5.67701
4057 8.00336
4058 6.23866
4059 4.57617
4060 3.86624
4061 4.71609
4062 3.72369
4063 5.75094
4064 5.87473
4065 3.69084
4066 4.63852
4067 5.78215
4068 3.95645
4069 3.57358
4070 3.58292
4071 3.63804
4072 4.2765
4073 3.55296
4074 4.22135
4075 8.01897
4076 7.41925
4077 6.78168
4078 3.69856
4079 5.59005
4080 3.82409
4081 3.72261
4082 5.32855
4083 4.50318
4084 6.83853
4085 5.82316
4086 4.48624
4087 5.45604
4088 3.3874
4089 6.43693
4090 7.04226
4091 6.53002
4092 7.03515
4093 5.0647
4094 3.44623
4095 4.86733
4096 3.86881
4097 6.88189
4098 4.12626
4099 4.0251
4100 6.79903
4101 8.90952
4102 9.56536
4103 7.75077
4104 6.07658
4105 5.71889
4106 4.04376
4107 6.68336
4108 9.15471
4109 5.35686
4110 5.90164
4111 5.82573
4112 3.66352
4113 6.56691
4114 4.29642
4115 3.35725
4116 4.78344
4117 4.8857
4118 7.19551
4119 6.13601
4120 4.3105
4121 4.096
4122 4.01528
4123 3.72528
4124 5.29181
4125 5.39123
4126 4.41782
4127 4.53241
4128 3.50252
4129 7.82051
4130 5.9658
4131 4.65378
4132 4.89249
4133 7.84996
4134 6.81393
4135 6.10465
4136 7.80716
4137 4.16976
4138 4.69783
4139 3.72924
4140 3.89045
4141 6.52736
4142 5.54053
4143 5.22076
4144 5.69435
4145 5.47036
4146 7.3856
4147 4.41477
4148 4.1107
4149 4.42498
4150 5.80867
4151 5.40964
4152 6.84866
4153 5.28101
4154 5.92486
4155 4.13657
4156 4.61622
4157 3.81025
4158 4.82833
4159 3.50413
4160 5.00552
4161 3.91101
4162 7.62493
4163 6.98688
4164 5.09755
4165 3.39706
4166 3.34546
4167 7.80089
4168 9.66275
4169 7.80369
4170 3.44585
4171 4.67825
4172 7.28708
4173 4.25753
4174 6.56306
4175 6.02492
4176 5.4617
4177 4.16242
4178 5.65298
4179 6.99547
4180 6.25359
4181 7.591
4182 4.54442
4183 5.92791
4184 5.65684
4185 4.43141
4186 4.94327
4187 4.08537
4188 5.60334
4189 5.4181
4190 7.58345
4191 6.93363
4192 5.94627
4193 5.49016
4194 6.49959
4195 6.31796
4196 5.50712
4197 5.07126
4198 8.49183
4199 7.42026
4200 4.17574
4201 4.63572
4202 3.42173
4203 3.57651
4204 5.21978
4205 8.29439
4206 5.88025
4207 6.53398
4208 5.37077
4209 5.2504
4210 7.05912
4211 4.99479
4212 3.68224
4213 3.50915
4214 4.76461
4215 5.66703
4216 4.92644
4217 5.28011
4218 3.57539
4219 5.99752
4220 4.23971
4221 3.60725
4222 4.96787
4223 6.38966
4224 4.54215
4225 6.59649
4226 7.40626
4227 4.59271
4228 4.28527
4229 4.73553
4230 6.01077
4231 6.81971
4232 4.92925
4233 5.47424
4234 5.8844
4235 7.81644
4236 4.55736
4237 4.52216
4238 5.72455
4239 4.33764
4240 4.3253
4241 5.27924
4242 6.12874
4243 6.58808
4244 5.16097
4245 6.49418
4246 7.11014
4247 5.65903
4248 5.15624
4249 3.62128
4250 3.59774
4251 6.48876
4252 4.86864
4253 7.81735
4254 4.01262
4255 5.34542
4256 4.27592
4257 8.19196
4258 4.7498
4259 7.06683
4260 5.45446
4261 5.13705
4262 6.70572
4263 4.3038
4264 7.66544
4265 8.4917
4266 5.19091
4267 7.63971
4268 5.94759
4269 6.24099
4270 5.49796
4271 4.99461
4272 9.31961
4273 5.27633
4274 3.76015
4275 4.12195
4276 9.40845
4277 3.51633
4278 4.62232
4279 5.31955
4280 6.85132
4281 5.80274
4282 4.41326
4283 4.0872
4284 4.01581
4285 8.52371
4286 9.10084
4287 8.46647
4288 5.73471
4289 4.06954
4290 4.95956
4291 6.89654
4292 4.45347
4293 3.28934
4294 4.54392
4295 4.09437
4296 3.87296
4297 4.35712
4298 6.50512
4299 4.56774
4300 4.61807
4301 6.41794
4302 3.2382
4303 6.117
4304 3.22872
4305 6.80122
4306 4.0701
4307 4.73861
4308 3.76154
4309 6.94076
4310 4.37126
4311 7.56986
4312 4.38476
4313 5.53161
4314 4.60035
4315 3.51104
4316 6.14821
4317 4.49252
4318 5.69674
4319 5.62491
4320 4.26334
4321 6.26709
4322 3.90819
4323 4.11353
4324 5.94988
4325 7.7882
4326 4.7353
4327 7.8344
4328 4.13796
4329 3.86047
4330 8.62963
4331 5.90013
4332 6.41047
4333 3.86001
4334 5.2361
4335 3.96559
4336 5.0386
4337 6.43158
4338 4.40259
4339 6.249
4340 3.88677
4341 5.50812
4342 4.72743
4343 3.45182
4344 3.89817
4345 7.11116
4346 4.47941
4347 7.16192
4348 5.07518
4349 6.04087
4350 6.72092
4351 4.74813
4352 4.59918
4353 5.35951
4354 4.36095
4355 6.95793
4356 6.06235
4357 3.36509
4358 4.05035
4359 6.97529
4360 4.8052
4361 5.08878
4362 5.38053
4363 3.95629
4364 8.48342
4365 3.84835
4366 5.49817
4367 3.98106
4368 4.14857
4369 3.30677
4370 7.5194
4371 3.41271
4372 4.48259
4373 3.30699
4374 3.64963
4375 3.61336
4376 5.87723
4377 4.61787
4378 4.66401
4379 4.69955
4380 3.87817
4381 5.06222
4382 4.82952
4383 5.70781
4384 3.48253
4385 5.11298
4386 3.84915
4387 4.3053
4388 5.38187
4389 5.83309
4390 4.61979
4391 3.84125
4392 6.09547
4393 6.47728
4394 5.03294
4395 4.57813
4396 8.82067
4397 4.24375
4398 6.14592
4399 4.81488
4400 4.62635
4401 6.07162
4402 6.17174
4403 3.61547
4404 5.16814
4405 4.29441
4406 5.18408
4407 6.11937
4408 6.98314
4409 3.98577
4410 9.57092
4411 3.79372
4412 3.37863
4413 4.40087
4414 5.26781
4415 6.45738
4416 6.35292
4417 3.63085
4418 3.42997
4419 7.69402
4420 7.1478
4421 3.66601
4422 3.6289
4423 4.2802
4424 6.06358
4425 5.88591
4426 5.48724
4427 4.74581
4428 4.14806
4429 6.4357
4430 3.79179
4431 4.52798
4432 7.14554
4433 3.73791
4434 3.48268
4435 4.63472
4436 3.70681
4437 4.94187
4438 4.52983
4439 4.20873
4440 6.91226
4441 8.42583
4442 3.49284
4443 4.60467
4444 5.34316
4445 4.59838
4446 7.0017
4447 3.67683
4448 7.12482
4449 7.14095
4450 3.36058
4451 6.55389
4452 6.65198
4453 3.71121
4454 3.33152
4455 4.15338
4456 4.76732
4457 4.25157
4458 8.11796
4459 4.03295
4460 4.94201
4461 5.36369
4462 7.34787
4463 5.648
4464 6.00795
4465 4.38771
4466 5.42789
4467 6.60481
4468 5.543
4469 8.10215
4470 9.0156
4471 3.71831
4472 4.71709
4473 5.16583
4474 9.53706
4475 6.81632
4476 8.1053
4477 4.94845
4478 3.49409
4479 4.88142
4480 5.83769
4481 5.72101
4482 5.53988
4483 5.65272
4484 5.31949
4485 3.68538
4486 3.91861
4487 5.33001
4488 5.67062
4489 6.94189
4490 4.19003
4491 3.32071
4492 4.63552
4493 5.10539
4494 3.86979
4495 6.44047
4496 3.72346
4497 5.58896
4498 6.88928
4499 6.11272
4500 4.39729
4501 5.19172
4502 5.73723
4503 7.84329
4504 4.23803
4505 6.67512
4506 5.62931
4507 5.13764
4508 5.14568
4509 5.09662
4510 3.65334
4511 3.59195
4512 5.47169
4513 5.25893
4514 7.66504
4515 3.91221
4516 4.98789
4517 6.03712
4518 4.01323
4519 5.62586
4520 6.1475
4521 4.53185
4522 6.89133
4523 3.73827
4524 4.30079
4525 3.12423
4526 4.09478
4527 5.36577
4528 4.65146
4529 4.4495
4530 4.07599
4531 6.23438
4532 4.41503
4533 6.31323
4534 5.61519
4535 8.77664
4536 4.53455
4537 5.42849
4538 5.63103
4539 6.83647
4540 4.9997
4541 3.65302
4542 4.96398
4543 3.62146
4544 4.30094
4545 3.59415
4546 3.57802
4547 6.87825
4548 5.83624
4549 7.34204
4550 3.36294
4551 3.93711
4552 7.21424
4553 4.38633
4554 8.06967
4555 3.89974
4556 4.19162
4557 4.37263
4558 8.17435
4559 5.76363
4560 8.37919
4561 3.8118
4562 4.80371
4563 5.62025
4564 3.83306
4565 4.12657
4566 4.75143
4567 8.92733
4568 4.43498
4569 9.34583
4570 9.52635
4571 3.95472
4572 3.2484
4573 3.30005
4574 5.51741
4575 3.29965
4576 4.37926
4577 6.326
4578 3.34109
4579 5.99484
4580 5.22138
4581 6.48727
4582 4.56183
4583 5.40455
4584 6.33599
4585 5.31258
4586 3.78576
4587 4.51638
4588 6.4774
4589 4.49721
4590 4.23961
4591 3.80471
4592 4.46511
4593 6.01979
4594 5.59872
4595 4.36301
4596 4.07229
4597 4.42271
4598 5.48853
4599 5.43533
4600 4.71882
4601 7.67784
4602 9.38013
4603 5.56887
4604 3.50805
4605 3.47405
4606 4.44798
4607 3.59047
4608 4.40048
4609 3.674
4610 8.12015
4611 5.14548
4612 4.84803
4613 8.20925
4614 5.71359
4615 3.8781
4616 6.85778
4617 8.00722
4618 6.52172
4619 3.23942
4620 3.26381
4621 3.71168
4622 3.86855
4623 3.48794
4624 6.01358
4625 3.70423
4626 6.6455
4627 5.08421
4628 7.94066
4629 4.19891
4630 8.95873
4631 4.42909
4632 4.07033
4633 6.33904
4634 5.71303
4635 5.24452
4636 4.5087
4637 6.16997
4638 5.48912
4639 3.68499
4640 5.04667
4641 4.74928
4642 5.51777
4643 4.42045
4644 3.5853
4645 3.79981
4646 6.31964
4647 4.62049
4648 3.95334
4649 4.86412
4650 6.59659
4651 4.16153
4652 7.43908
4653 3.92838
4654 7.70917
4655 6.56779
4656 5.40355
4657 6.72128
4658 5.05968
4659 3.66587
4660 5.22951
4661 3.99215
4662 6.2709
4663 4.20366
4664 5.617
4665 4.77595
4666 3.60598
4667 3.80161
4668 6.69604
4669 3.9504
4670 5.82143
4671 4.26626
4672 5.35922
4673 8.32338
4674 6.65762
4675 6.65332
4676 4.37311
4677 8.42974
4678 4.75469
4679 3.7699
4680 4.49786
4681 4.96105
4682 5.87787
4683 6.76643
4684 4.65875
4685 3.87633
4686 4.19553
4687 4.55365
4688 3.89503
4689 5.80347
4690 4.06148
4691 5.32397
4692 4.55553
4693 5.11883
4694 4.65103
4695 4.02618
4696 4.56255
4697 4.66933
4698 5.48614
4699 4.95985
4700 7.1368
4701 6.07395
4702 4.0093
4703 3.94097
4704 3.3327
4705 4.92503
4706 5.10012
4707 6.85005
4708 4.50652
4709 5.36286
4710 7.00169
4711 4.32121
4712 6.28598
4713 5.73257
4714 3.89276
4715 5.09165
4716 4.95189
4717 6.28403
4718 7.52369
4719 3.93437
4720 4.43392
4721 6.9384
4722 4.40488
4723 8.42479
4724 5.8262
4725 5.10254
4726 3.74156
4727 3.8294
4728 5.34078
4729 4.0046
4730 7.21909
4731 3.71657
4732 3.96688
4733 3.90066
4734 3.75485
4735 4.83782
4736 3.36202
4737 5.89806
4738 4.44182
4739 3.78581
4740 3.70066
4741 5.2012
4742 4.30777
4743 4.92502
4744 4.03023
4745 5.99774
4746 5.58622
4747 5.97949
4748 7.70856
4749 4.67532
4750 4.042
4751 5.98786
4752 6.58706
4753 4.94267
4754 3.9238
4755 6.60335
4756 6.49475
4757 5.02544
4758 4.72267
4759 3.98546
4760 6.00485
4761 8.82631
4762 6.14856
4763 5.69709
4764 5.07946
4765 6.55295
4766 3.19149
4767 5.45258
4768 3.73841
4769 5.28708
4770 5.30918
4771 5.46066
4772 3.42571
4773 3.92271
4774 4.37449
4775 5.81034
4776 3.64481
4777 4.64359
4778 6.31659
4779 5.86479
4780 3.76254
4781 6.45589
4782 7.12935
4783 3.3407
4784 7.69283
4785 5.2549
4786 4.73941
4787 7.96481
4788 5.93617
4789 4.20426
4790 4.4634
4791 3.90428
4792 6.36076
4793 4.16682
4794 7.62128
4795 4.07186
4796 5.63721
4797 7.39398
4798 3.86757
4799 4.75234
4800 5.84778
4801 9.01921
4802 5.25237
4803 3.6661
4804 3.98632
4805 4.44544
4806 5.29563
4807 5.24605
4808 4.26018
4809 5.85509
4810 3.96052
4811 4.7088
4812 3.97817
4813 4.07439
4814 3.84241
4815 8.3311
4816 5.56188
4817 5.30345
4818 4.57421
4819 5.16699
4820 4.28075
4821 3.57918
4822 4.93438
4823 6.43179
4824 3.11329
4825 4.31047
4826 6.92175
4827 8.50285
4828 5.1532
4829 3.934
4830 7.54624
4831 6.01178
4832 7.57183
4833 5.32363
4834 7.28179
4835 5.64296
4836 4.93389
4837 3.72383
4838 4.78604
4839 5.94199
4840 4.53925
4841 5.29194
4842 9.32002
4843 5.14046
4844 5.09336
4845 4.99319
4846 4.02333
4847 4.7299
4848 5.52031
4849 7.82013
4850 5.35862
4851 4.01736
4852 7.85917
4853 6.46525
4854 5.66518
4855 5.73238
4856 5.30586
4857 5.47185
4858 4.22293
4859 6.43965
4860 5.45864
4861 6.19369
4862 6.79102
4863 6.70746
4864 6.65601
4865 6.75384
4866 9.61844
4867 3.96354
4868 6.10411
4869 4.57091
4870 4.65454
4871 3.86802
4872 3.48244
4873 5.28273
4874 4.50612
4875 3.08086
4876 6.01624
4877 5.46075
4878 4.16953
4879 5.34638
4880 5.72445
4881 7.84825
4882 3.51724
4883 5.92327
4884 3.55602
4885 6.54536
4886 4.60929
4887 6.43471
4888 4.20782
4889 5.56718
4890 3.94593
4891 6.86034
4892 6.00399
4893 4.25227
4894 7.25204
4895 9.67783
4896 4.6788
4897 7.66332
4898 3.44034
4899 6.2223
4900 7.67584
4901 4.1203
4902 5.05768
4903 5.92129
4904 3.8492
4905 4.34197
4906 5.87265
4907 5.34088
4908 3.86419
4909 4.46156
4910 5.46098
4911 6.72602
4912 5.87589
4913 8.24886
4914 5.15245
4915 3.59506
4916 4.16169
4917 5.81917
4918 5.33362
4919 4.31249
4920 5.81405
4921 8.94707
4922 5.2634
4923 3.71902
4924 6.03276
4925 4.51672
4926 5.5409
4927 7.66293
4928 4.58555
4929 5.60757
4930 5.19924
4931 5.54558
4932 6.63601
4933 5.86514
4934 4.25171
4935 3.97432
4936 4.97555
4937 5.41582
4938 3.43458
4939 4.60461
4940 5.25299
4941 4.42719
4942 4.7768
4943 5.42376
4944 4.42576
4945 6.18102
4946 4.34133
4947 6.06556
4948 5.03992
4949 4.33481
4950 5.03485
4951 4.37348
4952 3.98562
4953 3.79907
4954 4.6442
4955 4.50769
4956 5.82849
4957 3.60368
4958 3.94122
4959 4.21492
4960 4.55012
4961 5.18616
4962 9.06657
4963 3.85583
4964 5.31794
4965 4.58746
4966 6.52521
4967 4.28749
4968 3.9322
4969 7.01382
4970 6.35697
4971 6.20049
4972 7.05515
4973 4.72938
4974 3.8402
4975 7.50661
4976 7.15513
4977 4.08562
4978 6.98856
4979 4.28528
4980 5.30937
4981 5.4409
4982 3.6158
4983 3.32881
4984 3.79179
4985 3.19971
4986 5.09056
4987 3.74801
4988 5.19844
4989 3.42242
4990 3.65694
4991 4.75588
4992 4.50569
4993 4.64489
4994 3.47
4995 4.99293
4996 4.2719
4997 6.75337
4998 3.66015
4999 7.33556
5000 3.84897
5001 3.74376
5002 5.5102
5003 3.73741
5004 4.42466
5005 3.81963
5006 3.45092
5007 4.56037
5008 3.66316
5009 3.47052
5010 5.02842
5011 6.39453
5012 7.64788
5013 6.29761
5014 5.26501
5015 6.83841
5016 4.75332
5017 4.57997
5018 6.65408
5019 4.44264
5020 5.63916
5021 4.30473
5022 4.02684
5023 8.24485
5024 5.84305
5025 5.5322
5026 4.05616
5027 3.11483
5028 6.35882
5029 4.31058
5030 8.551
5031 7.69699
5032 3.32193
5033 4.23391
5034 6.81771
5035 6.01699
5036 8.04894
5037 4.98059
5038 5.83023
5039 7.26004
5040 4.10518
5041 5.87111
5042 7.57844
5043 5.34733
5044 5.84721
5045 5.18833
5046 4.24003
5047 4.34038
5048 4.15396
5049 3.88938
5050 9.84062
5051 4.76106
5052 5.74084
5053 6.47385
5054 4.14352
5055 4.47466
5056 6.9024
5057 7.28239
5058 6.34996
5059 7.30769
5060 4.78057
5061 4.89484
5062 4.7538
5063 3.72441
5064 5.15074
5065 7.20467
5066 5.7955
5067 4.71531
5068 6.0861
5069 4.87198
5070 8.40544
5071 6.76769
5072 7.95834
5073 4.62228
5074 6.91675
5075 3.22322
5076 3.68641
5077 4.51227
5078 5.97075
5079 5.04108
5080 3.20021
5081 7.24065
5082 5.05553
5083 5.10425
5084 3.73878
5085 4.29031
5086 4.36782
5087 4.82463
5088 7.40375
5089 3.74726
5090 6.70807
5091 4.6822
5092 3.67149
5093 4.49316
5094 6.3303
5095 6.53012
5096 5.42401
5097 3.66811
5098 7.99293
5099 4.46385
5100 4.32574
5101 8.30134
5102 7.06645
5103 4.84709
5104 4.34186
5105 7.61479
5106 3.54261
5107 4.25582
5108 9.81818
5109 4.05268
5110 4.91966
5111 4.72926
5112 4.92115
5113 6.42917
5114 6.61991
5115 7.94604
5116 3.54153
5117 5.20105
5118 6.48216
5119 4.32186
5120 4.73775
5121 4.85487
5122 3.69928
5123 3.73975
5124 4.18494
5125 6.73946
5126 4.39668
5127 3.97701
5128 4.30042
5129 5.63108
5130 6.33414
5131 4.69417
5132 3.78302
5133 5.67799
5134 3.73354
5135 4.4373
5136 6.21734
5137 3.4874
5138 3.99424
5139 8.02955
5140 8.16614
5141 9.26481
5142 6.0956
5143 3.56697
5144 3.36673
5145 4.40618
5146 8.76733
5147 7.27125
5148 5.91187
5149 5.75058
5150 7.06781
5151 4.3012
5152 6.92085
5153 7.21793
5154 6.6458
5155 6.13909
5156 4.50729
5157 3.60116
5158 4.40442
5159 9.01142
5160 4.59107
5161 4.72864
5162 3.93938
5163 7.88064
5164 4.32983
5165 3.74391
5166 4.32571
5167 5.23596
5168 6.34183
5169 5.66931
5170 5.43036
5171 8.60738
5172 3.96131
5173 4.00805
5174 3.93104
5175 5.14267
5176 5.61963
5177 5.43397
5178 6.18368
5179 3.95168
5180 4.28259
5181 6.23123
5182 5.73948
5183 5.81354
5184 3.74815
5185 4.69109
5186 5.52174
5187 3.42451
5188 6.19196
5189 4.70013
5190 5.38769
5191 4.73833
5192 3.79715
5193 4.51174
5194 4.39717
5195 4.2843
5196 4.33293
5197 3.50893
5198 6.24155
5199 5.81954
5200 4.19232
5201 5.62983
5202 5.76993
5203 3.52734
5204 7.83855
5205 5.1659
5206 5.61364
5207 9.386
5208 9.41483
5209 4.01354
5210 3.88976
5211 3.5966
5212 6.08655
5213 6.55042
5214 6.32083
5215 5.01173
5216 4.88648
5217 8.03599
5218 3.38526
5219 8.73935
5220 5.83722
5221 5.36619
5222 4.38633
5223 3.28898
5224 5.22853
5225 3.6745
5226 4.93271
5227 7.54843
5228 5.20294
5229 5.24718
5230 4.88172
5231 3.89461
5232 8.41945
5233 7.15308
5234 5.73526
5235 3.68895
5236 4.66863
5237 7.57418
5238 3.9208
5239 3.72551
5240 7.17207
5241 4.39809
5242 5.11151
5243 6.2091
5244 7.06874
5245 7.33172
5246 4.79937
5247 4.55883
5248 4.2439
5249 5.77245
5250 3.66938
5251 7.85027
5252 4.05763
5253 5.75031
5254 6.24977
5255 5.03289
5256 4.06111
5257 5.59916
5258 4.85305
5259 7.8428
5260 6.12118
5261 5.59003
5262 3.97286
5263 5.8213
5264 5.64101
5265 7.30215
5266 3.65814
5267 7.99056
5268 6.97306
5269 4.7621
5270 5.35031
5271 3.87051
5272 5.30766
5273 6.09895
5274 4.2426
5275 6.14027
5276 5.3208
5277 4.17009
5278 5.48418
5279 4.37985
5280 4.66422
5281 4.43155
5282 4.18265
5283 3.68986
5284 5.03343
5285 4.30526
5286 9.24464
5287 5.15128
5288 4.45837
5289 4.31395
5290 6.03721
5291 7.63561
5292 4.87065
5293 7.05803
5294 4.94598
5295 4.04398
5296 6.45943
5297 3.8139
5298 5.01256
5299 4.09808
5300 7.76926
5301 3.961
5302 6.30979
5303 5.14259
5304 5.25149
5305 5.33099
5306 5.06719
5307 5.14701
5308 4.13024
5309 4.12755
5310 5.12206
5311 8.4036
5312 4.89954
5313 5.08666
5314 4.63188
5315 4.19094
5316 4.68469
5317 6.80205
5318 5.3484
5319 4.13971
5320 7.42896
5321 6.43695
5322 6.86415
5323 9.10898
5324 5.44386
5325 5.2467
5326 9.86612
5327 3.48472
5328 5.78309
5329 4.76014
5330 6.5009
5331 5.59764
5332 6.32955
5333 3.7064
5334 4.35287
5335 7.76393
5336 4.7215
5337 5.18623
5338 6.29037
5339 5.12864
5340 4.21455
5341 3.65796
5342 3.73126
5343 4.92068
5344 9.47545
5345 3.57073
5346 3.73652
5347 5.91744
5348 5.42593
5349 4.92094
5350 4.07247
5351 4.89668
5352 6.34514
5353 5.08615
5354 4.14619
5355 4.18187
5356 6.14439
5357 5.47865
5358 6.77243
5359 4.74692
5360 3.5695
5361 4.96787
5362 4.29963
5363 6.76551
5364 3.30034
5365 7.42391
5366 5.68995
5367 6.23557
5368 4.4041
5369 4.30168
5370 4.51231
5371 6.07038
5372 5.72528
5373 4.70757
5374 3.80025
5375 4.89861
5376 5.73936
5377 5.59488
5378 5.66679
5379 4.24362
5380 5.2529
5381 4.8247
5382 4.41022
5383 4.16049
5384 4.85759
5385 6.52081
5386 3.96598
5387 4.58184
5388 5.12565
5389 8.40214
5390 5.64162
5391 6.24707
5392 6.45642
5393 4.85487
5394 6.10264
5395 3.8867
5396 4.12559
5397 4.5071
5398 4.22026
5399 5.0258
5400 3.91047
5401 5.09246
5402 6.05812
5403 7.79695
5404 3.99706
5405 4.87745
5406 4.08508
5407 6.15083
5408 3.99946
5409 4.888
5410 3.83022
5411 4.62605
5412 4.68891
5413 4.28611
5414 5.34393
5415 3.7403
5416 4.96335
5417 3.40402
5418 4.529
5419 6.46774
5420 5.89141
5421 5.86551
5422 5.48972
5423 7.6807
5424 4.19596
5425 3.67323
5426 5.50279
5427 5.28894
5428 5.24904
5429 3.6274
5430 4.87517
5431 3.34357
5432 3.83218
5433 6.87673
5434 4.61291
5435 4.64175
5436 3.97288
5437 5.98812
5438 6.17479
5439 4.13756
5440 4.78107
5441 4.36955
5442 3.45344
5443 4.50575
5444 5.66318
5445 6.02413
5446 5.26307
5447 7.29369
5448 4.99206
5449 4.54099
5450 5.26601
5451 8.47646
5452 4.4397
5453 5.26111
5454 3.48488
5455 3.47752
5456 4.53561
5457 5.10021
5458 3.69134
5459 4.24729
5460 4.12243
5461 4.39246
5462 4.27564
5463 3.83074
5464 6.17039
5465 5.29122
5466 3.92458
5467 3.61089
5468 4.32529
5469 4.06846
5470 5.52666
5471 5.13916
5472 7.53443
5473 3.69728
5474 4.51106
5475 4.14702
5476 5.87489
5477 3.20911
5478 4.42247
5479 5.59459
5480 5.06581
5481 6.36463
5482 3.80891
5483 5.1296
5484 5.41021
5485 4.18602
5486 4.90948
5487 4.56252
5488 3.56828
5489 6.61677
5490 6.95016
5491 4.81815
5492 5.52236
5493 5.69769
5494 5.74322
5495 6.01339
5496 4.0769
5497 4.1199
5498 6.96298
5499 5.1256
5500 4.10348
5501 6.39621
5502 6.33435
5503 4.42717
5504 4.40212
5505 4.05153
5506 4.28928
5507 4.10591
5508 4.17862
5509 4.17021
5510 3.30306
5511 6.15572
5512 5.05831
5513 3.83723
5514 6.99632
5515 5.47872
5516 3.56638
5517 5.85372
5518 4.4953
5519 4.38862
5520 3.7284
5521 3.69216
5522 7.03067
5523 5.75181
5524 5.71676
5525 6.80471
5526 4.90579
5527 4.82407
5528 3.81174
5529 3.82246
5530 5.04075
5531 4.71124
5532 3.91164
5533 4.04685
5534 3.64776
5535 6.34012
5536 4.31786
5537 7.17267
5538 8.43352
5539 4.87062
5540 4.23583
5541 3.80979
5542 5.83228
5543 8.76358
5544 3.94232
5545 4.10772
5546 4.60751
5547 5.25183
5548 3.98863
5549 5.80256
5550 5.7096
5551 3.85726
5552 3.55091
5553 3.87796
5554 6.92224
5555 4.1837
5556 4.84357
5557 4.37222
5558 4.6038
5559 4.12143
5560 5.23379
5561 5.48508
5562 4.28719
5563 3.28553
5564 4.67032
5565 8.70215
5566 6.35434
5567 6.76221
5568 4.17622
5569 3.63378
5570 7.6577
5571 4.27777
5572 3.51969
5573 3.81664
5574 3.69211
5575 4.67171
5576 5.84166
5577 7.7732
5578 3.24516
5579 5.34823
5580 4.72125
5581 7.42933
5582 7.06086
5583 3.51758
5584 6.892
5585 7.03081
5586 5.34949
5587 4.4801
5588 4.87919
5589 6.56456
5590 4.61266
5591 4.76639
5592 3.33401
5593 5.80632
5594 4.45371
5595 6.21028
5596 4.22877
5597 3.75152
5598 4.81473
5599 3.85132
5600 5.30323
5601 3.25335
5602 5.91168
5603 4.54355
5604 6.2764
5605 4.83327
5606 4.31229
5607 3.54393
5608 4.63037
5609 4.86809
5610 4.02786
5611 7.44914
5612 7.16749
5613 4.84278
5614 5.24644
5615 3.45594
5616 4.20735
5617 5.12441
5618 4.89507
5619 8.43971
5620 5.30134
5621 4.98809
5622 3.54112
5623 4.93507
5624 4.88882
5625 7.19292
5626 5.23342
5627 7.64148
5628 6.36353
5629 5.1336
5630 3.7721
5631 5.74467
5632 6.38276
5633 7.49042
5634 4.02418
5635 7.7085
5636 7.30603
5637 6.20359
5638 6.83236
5639 6.26957
5640 3.70993
5641 7.01547
5642 4.15674
5643 5.26915
5644 4.30723
5645 5.6834
5646 4.20808
5647 5.81094
5648 3.47839
5649 7.15609
5650 5.91574
5651 3.40288
5652 7.03456
5653 4.53118
5654 5.38181
5655 5.01991
5656 4.21311
5657 8.22075
5658 3.55531
5659 3.9905
5660 4.7979
5661 6.17691
5662 4.72189
5663 5.44995
5664 4.64687
5665 4.16064
5666 3.67221
5667 4.11169
5668 8.16572
5669 5.80099
5670 6.63932
5671 8.17278
5672 5.81223
5673 7.51052
5674 7.26305
5675 4.29226
5676 4.20151
5677 3.44668
5678 3.93439
5679 5.14782
5680 4.11332
5681 3.63775
5682 6.66989
5683 4.35765
5684 7.218
5685 3.5047
5686 5.77
5687 5.59171
5688 3.93506
5689 4.67222
5690 4.27485
5691 4.21037
5692 5.77093
5693 3.97502
5694 4.54994
5695 4.23329
5696 3.68915
5697 7.19475
5698 3.79661
5699 4.75078
5700 3.88958
5701 4.18821
5702 4.36055
5703 3.95796
5704 5.35606
5705 6.27896
5706 5.24984
5707 3.85029
5708 5.02313
5709 4.18594
5710 3.74125
5711 4.86286
5712 4.15762
5713 7.17587
5714 8.26727
5715 6.84415
5716 9.10305
5717 7.1208
5718 8.51753
5719 4.71401
5720 3.90107
5721 4.07957
5722 4.84349
5723 3.85973
5724 3.63843
5725 4.3611
5726 4.93898
5727 8.01369
5728 5.94386
5729 5.70974
5730 4.51704
5731 6.81958
5732 5.65754
5733 4.14466
5734 3.63585
5735 6.9534
5736 5.65991
5737 4.95485
5738 4.13026
5739 4.86137
5740 4.5897
5741 6.13129
5742 4.73178
5743 4.44616
5744 5.10271
5745 4.20944
5746 4.95924
5747 5.3622
5748 4.06967
5749 5.6225
5750 4.83297
5751 3.2401
5752 4.74156
5753 7.46323
5754 4.8944
5755 6.65559
5756 3.51469
5757 3.64026
5758 3.92647
5759 3.442
5760 3.62423
5761 3.87695
5762 4.35877
5763 5.8306
5764 4.09084
5765 4.68645
5766 6.64926
5767 6.21793
5768 5.55018
5769 4.49485
5770 7.98086
5771 4.18818
5772 3.85925
5773 5.79409
5774 4.41164
5775 5.6624
5776 6.80184
5777 6.50115
5778 3.32421
5779 3.29081
5780 5.28481
5781 3.1717
5782 3.84029
5783 4.02253
5784 4.06387
5785 4.35922
5786 4.47935
5787 3.84721
5788 8.86975
5789 4.60495
5790 5.09923
5791 3.87894
5792 3.90223
5793 5.03213
5794 6.19841
5795 6.10694
5796 4.84731
5797 5.33766
5798 7.62833
5799 6.16927
5800 4.33447
5801 5.25186
5802 4.82934
5803 4.04392
5804 5.10017
5805 4.31258
5806 5.20299
5807 5.12423
5808 4.33523
5809 5.13744
5810 6.14861
5811 5.63611
5812 6.30891
5813 3.47611
5814 4.07786
5815 3.50429
5816 6.10286
5817 3.75431
5818 6.43365
5819 4.07154
5820 5.07014
5821 8.17249
5822 5.21243
5823 7.17544
5824 6.57388
5825 5.3113
5826 5.04151
5827 4.92431
5828 4.07373
5829 4.76026
5830 3.53648
5831 3.24966
5832 4.22441
5833 4.53345
5834 4.20698
5835 3.89325
5836 3.88978
5837 6.17059
5838 5.12002
5839 4.45213
5840 5.2793
5841 3.73852
5842 4.55125
5843 6.35785
5844 7.06083
5845 4.92497
5846 7.48389
5847 5.01968
5848 5.90829
5849 4.40524
5850 4.53234
5851 7.09317
5852 5.13761
5853 4.90492
5854 4.72729
5855 4.33478
5856 8.36977
5857 4.36813
5858 6.78494
5859 6.64002
5860 3.76693
5861 3.27444
5862 4.12925
5863 7.30078
5864 3.96374
5865 4.92723
5866 6.15758
5867 5.25566
5868 6.47382
5869 3.88469
5870 4.34517
5871 7.09483
5872 4.67874
5873 4.8089
5874 7.11244
5875 4.85018
5876 7.58423
5877 5.64274
5878 5.16602
5879 4.5011
5880 3.47301
5881 4.99158
5882 3.70579
5883 8.41754
5884 4.55489
5885 5.76488
5886 4.15097
5887 4.27812
5888 4.60621
5889 3.96515
5890 4.67654
5891 4.44345
5892 6.80021
5893 6.18615
5894 4.66056
5895 6.21359
5896 5.14924
5897 3.81134
5898 4.6785
5899 3.37993
5900 8.30532
5901 3.56899
5902 5.01657
5903 4.14521
5904 3.98171
5905 6.38544
5906 5.71653
5907 3.52925
5908 4.98122
5909 4.81609
5910 7.6001
5911 7.25174
5912 5.80264
5913 5.83298
5914 3.94789
5915 5.12583
5916 4.79034
5917 3.30199
5918 3.66906
5919 3.35668
5920 5.47109
5921 6.98621
5922 6.57897
5923 4.32989
5924 4.10122
5925 6.06932
5926 4.2726
5927 4.31096
5928 8.11941
5929 4.61121
5930 7.83421
5931 5.03685
5932 6.86362
5933 5.9088
5934 3.75532
5935 5.1805
5936 4.17198
5937 6.56338
5938 3.54001
5939 3.87684
5940 6.78795
5941 5.23153
5942 6.14426
5943 5.20104
5944 7.01192
5945 6.88691
5946 4.26877
5947 6.71882
5948 6.90091
5949 4.72069
5950 3.61818
5951 4.72653
5952 3.73976
5953 7.57594
5954 3.4646
5955 6.84803
5956 3.81286
5957 8.35496
5958 4.80003
5959 6.48138
5960 5.52366
5961 5.99791
5962 6.21484
5963 5.96614
5964 6.43286
5965 4.29807
5966 6.16934
5967 4.17419
5968 6.57713
5969 5.59843
5970 6.27497
5971 6.48271
5972 4.84858
5973 4.89279
5974 3.95859
5975 3.47667
5976 5.05786
5977 3.38953
5978 6.1439
5979 5.6878
5980 9.99232
5981 3.26148
5982 4.22877
5983 5.45877
5984 6.94224
5985 5.03587
5986 4.32275
5987 3.96309
5988 6.99447
5989 6.25989
5990 3.54299
5991 5.217
5992 7.94325
5993 4.26091
5994 6.14626
5995 5.7477
5996 5.31653
5997 4.55001
5998 5.43316
5999 5.01065
6000 6.59061
6001 4.45272
6002 4.07232
6003 3.82885
6004 4.46913
6005 7.93501
6006 4.71285
6007 7.48629
6008 4.41042
6009 4.50844
6010 4.47672
6011 4.97064
6012 4.78513
6013 5.4229
6014 3.86904
6015 4.43381
6016 4.2457
6017 4.05564
6018 4.12173
6019 5.11351
6020 5.03934
6021 5.03497
6022 4.0406
6023 4.09368
6024 5.93063
6025 5.03198
6026 8.89885
6027 6.32347
6028 5.33928
6029 4.1019
6030 4.36903
6031 4.03658
6032 4.9436
6033 5.19345
6034 4.56347
6035 7.32663
6036 4.71477
6037 7.05398
6038 6.00557
6039 6.14278
6040 5.81485
6041 3.87439
6042 4.96271
6043 5.37814
6044 3.43802
6045 4.95466
6046 5.2428
6047 4.10859
6048 7.31216
6049 3.95499
6050 7.03003
6051 7.93647
6052 5.48125
6053 7.98738
6054 8.46102
6055 4.31095
6056 7.96685
6057 7.01772
6058 6.27388
6059 6.47958
6060 4.60996
6061 6.84345
6062 4.97094
6063 4.46254
6064 3.65308
6065 5.20746
6066 3.58985
6067 6.23949
6068 4.31931
6069 5.32316
6070 5.86497
6071 5.01246
6072 4.21518
6073 4.67205
6074 5.50441
6075 4.02725
6076 5.15013
6077 3.73527
6078 5.30585
6079 3.67138
6080 4.77573
6081 5.67903
6082 7.57487
6083 5.33862
6084 7.18895
6085 4.8881
6086 5.29069
6087 7.70652
6088 4.23547
6089 4.89021
6090 4.55087
6091 3.72941
6092 4.49091
6093 4.39371
6094 5.19022
6095 4.79314
6096 5.25072
6097 4.69199
6098 3.70367
6099 8.30117
6100 5.05857
6101 7.09068
6102 4.43642
6103 4.6652
6104 4.48869
6105 6.2057
6106 5.17
6107 3.74357
6108 5.84807
6109 4.3374
6110 4.54041
6111 3.68449
6112 5.02074
6113 4.27097
6114 8.32064
6115 4.99175
6116 5.87798
6117 3.33809
6118 5.50703
6119 8.23824
6120 6.55284
6121 7.06157
6122 6.761
6123 4.51768
6124 7.43872
6125 5.42873
6126 3.69028
6127 3.95396
6128 7.61566
6129 5.38516
6130 7.2457
6131 9.72854
6132 6.18481
6133 4.32527
6134 8.15116
6135 6.10518
6136 4.6208
6137 6.6436
6138 6.40499
6139 5.38735
6140 5.16709
6141 4.61854
6142 7.3708
6143 4.73962
6144 5.83443
6145 5.79729
6146 5.83237
6147 7.69668
6148 4.27909
6149 3.94664
6150 3.52585
6151 5.16966
6152 4.06737
6153 5.96219
6154 6.27738
6155 4.87584
6156 4.34679
6157 6.75644
6158 4.46734
6159 8.54794
6160 5.65058
6161 4.05699
6162 3.5573
6163 8.34436
6164 7.41718
6165 6.02415
6166 5.58994
6167 3.78212
6168 8.04777
6169 8.42376
6170 5.83431
6171 3.83653
6172 7.99833
6173 5.63411
6174 3.48111
6175 5.81563
6176 4.3742
6177 5.41743
6178 7.46519
6179 3.52683
6180 7.44596
6181 6.14429
6182 3.42315
6183 5.66568
6184 5.51338
6185 6.12822
6186 4.08702
6187 4.13959
6188 3.84626
6189 6.69615
6190 4.75857
6191 5.45462
6192 4.59972
6193 3.97611
6194 5.85936
6195 6.76743
6196 7.93645
6197 7.96339
6198 6.8875
6199 4.12356
6200 3.74538
6201 6.15278
6202 4.91159
6203 5.20838
6204 5.98669
6205 4.2452
6206 5.90915
6207 4.67597
6208 6.04497
6209 5.53071
6210 5.55932
6211 8.69375
6212 4.28181
6213 6.66276
6214 7.28652
6215 7.76044
6216 4.66179
6217 3.95044
6218 3.53558
6219 3.53019
6220 5.78529
6221 4.25422
6222 7.55152
6223 3.45012
6224 4.22115
6225 4.54135
6226 3.42226
6227 5.02371
6228 4.62924
6229 3.42078
6230 5.28204
6231 4.67761
6232 6.34054
6233 5.70948
6234 5.17967
6235 9.37648
6236 5.13254
6237 5.20598
6238 3.86933
6239 4.66909
6240 4.68375
6241 7.05754
6242 5.36436
6243 8.55373
6244 5.76429
6245 4.19043
6246 6.07427
6247 4.03482
6248 3.87051
6249 3.81205
6250 4.93621
6251 5.31868
6252 5.09437
6253 7.91547
6254 7.11777
6255 6.54061
6256 3.94769
6257 3.53432
6258 4.97148
6259 5.17059
6260 7.43061
6261 7.62966
6262 4.4161
6263 5.78017
6264 4.71161
6265 4.11369
6266 4.94976
6267 5.97727
6268 4.9299
6269 3.64973
6270 6.91871
6271 4.72034
6272 8.90518
6273 4.19002
6274 8.44972
6275 5.47424
6276 6.52456
6277 8.1191
6278 3.95304
6279 8.68135
6280 5.15671
6281 5.98685
6282 6.62559
6283 5.02775
6284 8.36566
6285 4.9386
6286 5.77586
6287 5.77317
6288 4.51911
6289 4.75243
6290 9.62573
6291 9.11741
6292 3.76875
6293 8.36096
6294 5.37803
6295 3.4565
6296 4.60515
6297 3.75924
6298 3.73955
6299 5.33889
6300 5.51871
6301 4.74691
6302 6.09912
6303 6.17095
6304 4.45644
6305 6.07908
6306 5.52989
6307 4.33192
6308 6.82403
6309 5.23886
6310 5.12313
6311 5.53834
6312 4.40259
6313 4.91078
6314 4.16412
6315 3.8952
6316 4.52032
6317 6.62523
6318 4.67902
6319 6.29447
6320 5.22886
6321 4.74391
6322 3.37403
6323 4.67003
6324 5.79284
6325 4.88496
6326 5.30376
6327 5.21129
6328 6.22683
6329 6.25737
6330 5.76877
6331 6.31946
6332 4.06996
6333 4.02564
6334 7.1348
6335 5.01385
6336 6.35802
6337 6.34282
6338 6.77695
6339 6.49592
6340 6.16723
6341 4.65547
6342 5.48206
6343 7.74306
6344 5.23796
6345 5.32312
6346 5.57822
6347 6.7234
6348 3.24978
6349 4.86942
6350 6.25057
6351 4.27701
6352 4.48789
6353 4.7697
6354 5.72642
6355 3.44131
6356 6.21568
6357 7.20836
6358 7.87581
6359 4.54794
6360 4.54732
6361 6.4908
6362 4.12146
6363 4.11412
6364 7.96317
6365 4.27502
6366 4.22744
6367 4.89414
6368 7.39505
6369 4.55017
6370 5.48643
6371 5.23033
6372 4.46928
6373 5.19031
6374 6.41183
6375 6.42438
6376 7.21451
6377 6.85105
6378 6.38345
6379 4.31426
6380 8.19671
6381 6.28356
6382 7.28046
6383 4.49775
6384 3.91266
6385 4.59649
6386 5.59521
6387 4.34285
6388 3.3746
6389 6.3071
6390 7.21566
6391 6.62837
6392 6.10041
6393 5.81764
6394 4.89532
6395 6.00855
6396 4.41631
6397 3.64533
6398 4.24926
6399 3.9493
6400 8.25852
6401 6.24879
6402 5.69963
6403 5.69897
6404 5.83603
6405 7.68978
6406 6.41516
6407 6.15367
6408 5.61172
6409 4.58791
6410 5.23031
6411 4.84892
6412 6.77782
6413 4.30449
6414 4.09674
6415 5.58096
6416 5.75789
6417 7.08743
6418 5.74558
6419 5.09776
6420 4.01621
6421 4.04414
6422 3.29163
6423 7.43525
6424 3.66286
6425 6.88549
6426 5.95862
6427 6.32767
6428 6.56201
6429 3.91602
6430 5.46613
6431 4.17728
6432 4.95126
6433 4.73077
6434 6.45652
6435 5.72886
6436 6.86273
6437 4.06055
6438 4.99979
6439 7.54126
6440 6.53597
6441 4.69032
6442 7.84929
6443 4.65823
6444 6.33185
6445 5.88294
6446 7.11197
6447 6.77422
6448 4.0175
6449 7.26288
6450 7.25981
6451 4.81477
6452 7.38073
6453 6.25844
6454 5.66046
6455 8.15602
6456 5.0642
6457 3.33041
6458 8.23871
6459 5.50203
6460 3.68807
6461 4.94514
6462 4.88725
6463 3.75382
6464 5.19266
6465 5.32266
6466 3.64769
6467 6.74555
6468 7.91742
6469 9.17597
6470 5.04658
6471 5.99529
6472 4.17895
6473 5.68972
6474 3.7648
6475 4.63314
6476 4.19941
6477 3.75399
6478 5.06325
6479 4.33021
6480 4.9245
6481 3.91048
6482 6.92246
6483 4.14788
6484 7.40332
6485 6.16762
6486 7.10693
6487 8.44662
6488 7.73399
6489 6.37586
6490 3.79912
6491 4.22229
6492 5.47536
6493 3.75189
6494 4.12096
6495 4.52364
6496 5.80741
6497 4.2285
6498 3.94597
6499 6.89655
6500 7.03829
6501 3.4503
6502 4.9697
6503 6.71079
6504 4.6074
6505 4.99988
6506 7.84242
6507 4.83777
6508 6.37512
6509 4.86133
6510 5.17157
6511 5.86393
6512 5.36282
6513 4.79232
6514 4.93699
6515 3.77804
6516 8.621
6517 5.88019
6518 5.82965
6519 4.89386
6520 5.05961
6521 6.49035
6522 6.88394
6523 4.77351
6524 3.52083
6525 5.51493
6526 4.3877
6527 5.39138
6528 5.97976
6529 4.76859
6530 3.48249
6531 4.11952
6532 3.47991
6533 7.71708
6534 3.89663
6535 4.94334
6536 3.56201
6537 3.60455
6538 5.03149
6539 7.7641
6540 5.16737
6541 3.5364
6542 5.17185
6543 4.90761
6544 5.38694
6545 3.98426
6546 6.99237
6547 4.59221
6548 5.08214
6549 4.06567
6550 4.66225
6551 5.1946
6552 5.99999
6553 9.34148
6554 7.76217
6555 6.02887
6556 4.70623
6557 5.60732
6558 5.40943
6559 4.45923
6560 7.23161
6561 4.80986
6562 7.38808
6563 4.23134
6564 4.34015
6565 6.34894
6566 6.94502
6567 6.12575
6568 5.13144
6569 4.86251
6570 4.37768
6571 4.92054
6572 4.19341
6573 7.73549
6574 5.784
6575 3.51932
6576 3.44764
6577 3.34039
6578 8.89192
6579 4.89945
6580 4.93405
6581 3.98759
6582 9.53698
6583 6.67142
6584 5.0756
6585 4.19693
6586 6.28072
6587 4.00362
6588 5.5294
6589 4.23122
6590 6.2756
6591 7.51294
6592 4.75501
6593 3.92851
6594 5.63755
6595 4.88244
6596 7.12768
6597 7.35835
6598 7.716
6599 3.50067
6600 6.59639
6601 4.95351
6602 5.70916
6603 3.7171
6604 5.71209
6605 5.91165
6606 4.12494
6607 4.3291
6608 6.23652
6609 5.428
6610 3.36773
6611 6.39464
6612 5.35475
6613 5.07679
6614 3.57744
6615 5.11434
6616 4.04034
6617 5.62901
6618 5.22285
6619 4.34673
6620 8.34235
6621 4.0281
6622 4.6775
6623 5.82319
6624 7.05457
6625 4.24222
6626 4.64229
6627 5.05646
6628 3.90782
6629 4.26464
6630 4.55294
6631 4.4386
6632 3.70698
6633 4.37544
6634 4.97586
6635 7.24308
6636 3.61916
6637 4.88147
6638 5.77104
6639 8.57451
6640 7.51608
6641 4.42042
6642 5.26246
6643 7.4855
6644 5.26137
6645 5.219
6646 4.61923
6647 4.72982
6648 5.42931
6649 3.80381
6650 4.78558
6651 7.39587
6652 3.9626
6653 9.19518
6654 4.01867
6655 6.44722
6656 8.87086
6657 8.20196
6658 4.68314
6659 6.53169
6660 4.4883
6661 7.86103
6662 3.96385
6663 4.72773
6664 3.63288
6665 4.01399
6666 6.73082
6667 7.03824
6668 5.55833
6669 6.20497
6670 8.1357
6671 3.93916
6672 5.48089
6673 7.84336
6674 3.51068
6675 6.51053
6676 3.90859
6677 4.26182
6678 5.97072
6679 5.58343
6680 7.06544
6681 3.13112
6682 3.76752
6683 4.18765
6684 4.77486
6685 4.08056
6686 4.96133
6687 5.71993
6688 4.08224
6689 6.82616
6690 6.40728
6691 5.31571
6692 5.12835
6693 4.09337
6694 5.58634
6695 5.97274
6696 3.75525
6697 4.3681
6698 6.83282
6699 7.43844
6700 5.59876
6701 3.44694
6702 3.84416
6703 4.53642
6704 3.35062
6705 4.6856
6706 6.06487
6707 4.33505
6708 5.04937
6709 5.17593
6710 7.61595
6711 3.95869
6712 6.11854
6713 7.23103
6714 8.07671
6715 8.16258
6716 7.01836
6717 4.82637
6718 3.62969
6719 4.5056
6720 4.16522
6721 4.49295
6722 5.15564
6723 5.16939
6724 6.35961
6725 5.9316
6726 3.29012
6727 4.56778
6728 4.04183
6729 8.40332
6730 3.51864
6731 7.46802
6732 6.32625
6733 3.73726
6734 6.43169
6735 5.14357
6736 3.89403
6737 3.81219
6738 4.14522
6739 3.51324
6740 6.47606
6741 3.11903
6742 7.89483
6743 4.45056
6744 6.98993
6745 6.5423
6746 5.36641
6747 7.86951
6748 4.82428
6749 9.50929
6750 3.71405
6751 6.83496
6752 7.71866
6753 9.82106
6754 6.40098
6755 5.11228
6756 4.51259
6757 5.29891
6758 5.7632
6759 6.44777
6760 6.07659
6761 4.91008
6762 6.62905
6763 4.75326
6764 7.31899
6765 4.23004
6766 4.73846
6767 3.40406
6768 3.48655
6769 7.20826
6770 5.68904
6771 8.50143
6772 4.95877
6773 6.20886
6774 4.94615
6775 6.48063
6776 5.45474
6777 4.67202
6778 8.26099
6779 5.42432
6780 5.44746
6781 4.74641
6782 6.56905
6783 3.7456
6784 4.5979
6785 5.33289
6786 5.2901
6787 4.56501
6788 3.20614
6789 3.98934
6790 5.03765
6791 5.34414
6792 7.8337
6793 8.97721
6794 5.74745
6795 4.30798
6796 4.47444
6797 3.73729
6798 5.64087
6799 5.45532
6800 3.43948
6801 5.75583
6802 4.4097
6803 5.33123
6804 5.96388
6805 5.00722
6806 7.86863
6807 5.62306
6808 6.63044
6809 4.3429
6810 4.71668
6811 4.56221
6812 5.15121
6813 5.09534
6814 5.40066
6815 6.59711
6816 5.40512
6817 6.15594
6818 6.33824
6819 4.78556
6820 6.02522
6821 4.42734
6822 8.89076
6823 5.20271
6824 4.90694
6825 3.54393
6826 6.07308
6827 5.07995
6828 6.77307
6829 3.32057
6830 7.01903
6831 4.36746
6832 6.26999
6833 8.29216
6834 6.33838
6835 7.19467
6836 3.61957
6837 4.01707
6838 5.10483
6839 4.91778
6840 5.93658
6841 5.96561
6842 8.30503
6843 5.65383
6844 7.421
6845 5.33193
6846 5.02206
6847 6.00257
6848 4.88566
6849 5.31886
6850 3.87654
6851 4.96002
6852 4.61386
6853 4.90561
6854 4.63416
6855 4.25975
6856 4.96992
6857 4.52874
6858 4.86245
6859 7.29575
6860 4.26675
6861 8.41216
6862 5.36327
6863 3.78272
6864 4.95476
6865 5.6717
6866 4.99833
6867 4.31648
6868 4.1585
6869 6.36981
6870 4.54594
6871 5.47698
6872 4.25453
6873 9.72654
6874 5.18946
6875 7.12791
6876 3.4086
6877 5.83336
6878 6.0665
6879 3.93065
6880 7.58411
6881 4.55191
6882 5.82919
6883 4.41182
6884 4.29349
6885 4.39017
6886 4.12488
6887 6.54125
6888 5.67714
6889 7.06614
6890 4.25322
6891 4.98769
6892 7.84128
6893 3.13576
6894 4.14648
6895 6.98584
6896 8.17883
6897 4.96993
6898 4.13138
6899 4.54782
6900 4.18933
6901 4.64107
6902 6.88343
6903 5.97904
6904 6.069
6905 6.52794
6906 5.82107
6907 4.22994
6908 9.47637
6909 6.5161
6910 3.06596
6911 6.07839
6912 5.17288
6913 4.59559
6914 5.08277
6915 3.49524
6916 5.72442
6917 4.78297
6918 4.88075
6919 6.66111
6920 5.91176
6921 5.27085
6922 9.68513
6923 9.34606
6924 9.75714
6925 4.21054
6926 3.92986
6927 5.16358
6928 5.38245
6929 3.78918
6930 3.78854
6931 6.02845
6932 7.61237
6933 5.15387
6934 6.11703
6935 5.17587
6936 3.75939
6937 4.86669
6938 7.39962
6939 7.57343
6940 4.31813
6941 5.9836
6942 5.93477
6943 5.72558
6944 5.40105
6945 9.16573
6946 6.06348
6947 5.30921
6948 3.99144
6949 6.93552
6950 4.44739
6951 5.71043
6952 4.46123
6953 3.70787
6954 3.48916
6955 9.42244
6956 8.62333
6957 7.27981
6958 4.54052
6959 8.54463
6960 3.43072
6961 6.4713
6962 5.23999
6963 9.78123
6964 6.48486
6965 5.01992
6966 4.59218
6967 4.79818
6968 5.80593
6969 5.46103
6970 4.74182
6971 5.79648
6972 8.9437
6973 3.79223
6974 3.63496
6975 7.92672
6976 5.97929
6977 8.98699
6978 5.14788
6979 5.75404
6980 9.03304
6981 4.95064
6982 5.76323
6983 3.62624
6984 4.01773
6985 4.47177
6986 5.02431
6987 7.3489
6988 3.7975
6989 9.44829
6990 5.626
6991 4.39306
6992 3.95369
6993 6.57628
6994 7.18411
6995 7.03847
6996 5.55227
6997 5.9703
6998 8.77727
6999 7.81188
7000 3.73352
7001 4.91011
7002 4.0169
7003 4.91129
7004 7.44173
7005 4.03724
7006 6.94664
7007 7.38174
7008 8.38687
7009 3.69497
7010 4.99109
7011 4.33891
7012 3.37404
7013 9.08708
7014 8.06349
7015 7.78951
7016 5.35526
7017 4.34647
7018 6.53781
7019 6.07183
7020 5.07137
7021 5.70304
7022 8.01806
7023 7.15364
7024 4.70225
7025 6.46171
7026 7.60624
7027 3.84132
7028 5.25137
7029 7.00081
7030 4.20846
7031 6.33134
7032 6.3254
7033 6.96264
7034 4.55132
7035 8.81737
7036 7.13691
7037 5.36196
7038 3.60266
7039 4.15313
7040 5.83292
7041 7.87133
7042 5.75364
7043 7.83132
7044 7.11192
7045 5.48443
7046 5.39753
7047 6.13009
7048 7.13106
7049 5.97877
7050 9.17667
7051 8.2315
7052 6.5567
7053 9.14877
7054 3.81168
7055 7.67213
7056 5.54101
7057 3.93467
7058 9.66115
7059 5.36179
7060 4.23903
7061 5.49041
7062 5.67922
7063 3.60364
7064 7.57812
7065 9.39618
7066 5.56303
7067 6.55327
7068 6.3167
7069 5.51582
7070 5.25791
7071 5.18795
7072 8.82674
7073 3.70758
7074 6.74375
7075 6.34636
7076 7.03868
7077 5.6504
7078 8.88153
7079 6.07281
7080 5.63441
7081 4.40687
7082 3.18713
7083 5.81406
7084 4.06101
7085 6.77195
7086 3.33355
7087 5.26928
7088 6.71264
7089 5.51855
7090 4.14828
7091 6.15558
7092 4.82675
7093 7.42874
7094 4.93731
7095 5.6747
7096 4.07414
7097 7.10844
7098 5.44663
7099 5.00802
7100 3.59846
7101 5.09407
7102 3.83553
7103 4.4788
7104 3.40676
7105 5.29141
7106 3.59886
7107 5.33437
7108 5.42931
7109 3.98817
7110 4.06905
7111 4.65341
7112 9.19063
7113 4.30541
7114 4.02191
7115 6.42035
7116 5.07239
7117 3.8427
7118 5.40325
7119 3.71054
7120 5.27385
7121 5.99724
7122 5.14592
7123 7.62114
7124 4.11415
7125 4.12523
7126 3.8603
7127 6.4098
7128 7.33015
7129 4.2339
7130 4.4942
7131 8.93534
7132 7.14495
7133 6.3934
7134 4.77692
7135 3.87795
7136 4.40781
7137 5.872
7138 5.59754
7139 4.5989
7140 5.74891
7141 4.52621
7142 3.80804
7143 4.14053
7144 4.50378
7145 4.2237
7146 6.50417
7147 5.0722
7148 5.30989
7149 4.37016
7150 4.59807
7151 5.46004
7152 6.71674
7153 5.5143
7154 4.61453
7155 5.9299
7156 9.0261
7157 4.55284
7158 4.44571
7159 5.20837
7160 3.77808
7161 3.99603
7162 3.95572
7163 5.24406
7164 6.82501
7165 5.52151
7166 7.06009
7167 8.18777
7168 5.03326
7169 7.29579
7170 4.08968
7171 4.00582
7172 4.57003
7173 4.73032
7174 5.22395
7175 3.23554
7176 4.7884
7177 4.57069
7178 5.32116
7179 7.82809
7180 7.16974
7181 4.36536
7182 4.38033
7183 8.46834
7184 6.05103
7185 4.12823
7186 7.51638
7187 6.55084
7188 3.9489
7189 4.88454
7190 4.71715
7191 4.83186
7192 3.56508
7193 6.62459
7194 5.54398
7195 5.36039
7196 8.59046
7197 6.39476
7198 7.22898
7199 3.65123
7200 6.01842
7201 5.78765
7202 4.96275
7203 3.66307
7204 5.74853
7205 3.34904
7206 6.23499
7207 3.83077
7208 6.15114
7209 4.53259
7210 4.29808
7211 7.04875
7212 6.26197
7213 7.53131
7214 3.4007
7215 4.30004
7216 7.03677
7217 3.04344
7218 6.0407
7219 5.25838
7220 5.75149
7221 7.17346
7222 4.19943
7223 5.19964
7224 6.67471
7225 6.32945
7226 4.89506
7227 6.15081
7228 4.48266
7229 3.96361
7230 3.95419
7231 8.45932
7232 4.50439
7233 4.82177
7234 5.74072
7235 5.78531
7236 5.59944
7237 5.2681
7238 4.31463
7239 4.03544
7240 5.40776
7241 7.54112
7242 5.01348
7243 5.56075
7244 3.5743
7245 4.29517
7246 4.63803
7247 5.64571
7248 7.79216
7249 5.42483
7250 4.18625
7251 7.9
7252 5.78378
7253 4.25832
7254 5.22759
7255 4.28406
7256 3.88352
7257 5.74399
7258 5.4747
7259 8.55231
7260 7.37799
7261 5.58974
7262 5.42884
7263 7.54765
7264 8.97103
7265 8.03033
7266 6.74418
7267 4.76868
7268 4.92423
7269 4.08511
7270 4.48559
7271 3.45142
7272 3.67103
7273 4.31879
7274 5.71756
7275 5.50896
7276 6.04339
7277 8.24666
7278 5.15813
7279 6.69676
7280 4.71616
7281 6.64128
7282 6.59601
7283 4.18619
7284 5.24743
7285 4.30318
7286 7.30453
7287 4.20216
7288 4.86529
7289 3.7677
7290 4.66431
7291 4.74419
7292 6.26578
7293 3.82438
7294 5.48023
7295 6.40883
7296 4.57134
7297 3.30616
7298 3.42766
7299 5.25486
7300 7.19357
7301 6.48566
7302 3.91106
7303 5.47586
7304 7.42545
7305 8.14916
7306 7.89096
7307 4.85694
7308 4.59369
7309 4.30144
7310 4.12471
7311 3.76564
7312 7.04688
7313 4.45683
7314 3.52698
7315 4.49144
7316 6.18456
7317 4.66248
7318 4.21568
7319 4.52952
7320 3.5146
7321 4.86089
7322 4.16026
7323 6.21819
7324 4.88996
7325 9.04537
7326 5.91219
7327 5.85859
7328 4.19917
7329 5.67754
7330 5.52274
7331 4.83906
7332 3.71273
7333 6.76715
7334 4.01012
7335 5.36827
7336 5.27885
7337 4.29105
7338 4.82917
7339 5.33753
7340 4.62041
7341 5.32223
7342 8.23584
7343 7.83308
7344 7.44672
7345 4.93876
7346 3.9346
7347 6.38261
7348 5.04612
7349 6.31393
7350 3.31477
7351 6.03041
7352 3.91227
7353 3.39543
7354 5.26062
7355 4.48401
7356 4.23174
7357 4.48667
7358 4.08394
7359 5.14207
7360 6.79733
7361 4.85617
7362 5.37936
7363 5.69337
7364 5.59873
7365 3.60067
7366 7.23327
7367 5.90552
7368 4.51094
7369 6.79901
7370 7.98047
7371 4.70134
7372 9.10375
7373 7.5214
7374 6.68005
7375 5.05184
7376 5.1879
7377 5.48594
7378 5.21031
7379 6.40344
7380 5.56929
7381 8.21313
7382 5.3619
7383 4.00273
7384 3.64154
7385 7.15124
7386 3.75642
7387 3.9877
7388 6.56118
7389 5.30805
7390 6.32489
7391 6.19058
7392 5.338
7393 4.54422
7394 7.60484
7395 5.73112
7396 6.3544
7397 6.64379
7398 5.72661
7399 3.69152
7400 3.4985
7401 6.87937
7402 5.75633
7403 6.94463
7404 5.11173
7405 6.71216
7406 7.96789
7407 4.80637
7408 5.20298
7409 6.1322
7410 5.58677
7411 6.3445
7412 4.92812
7413 3.99143
7414 5.47835
7415 6.77738
7416 4.25651
7417 3.73222
7418 3.54231
7419 5.39453
7420 4.53145
7421 4.01316
7422 5.66971
7423 8.05575
7424 3.25853
7425 3.68811
7426 3.21715
7427 8.63977
7428 5.83166
7429 4.74367
7430 6.13187
7431 3.69361
7432 4.0841
7433 3.51347
7434 5.04851
7435 5.00043
7436 4.2021
7437 4.83527
7438 4.90592
7439 5.64661
7440 4.48227
7441 7.65206
7442 4.30421
7443 4.78141
7444 7.21093
7445 5.1339
7446 6.28324
7447 4.0717
7448 5.5591
7449 7.45886
7450 4.98934
7451 3.96258
7452 6.04034
7453 5.59306
7454 5.09303
7455 4.88359
7456 5.21166
7457 6.21152
7458 5.51987
7459 5.48962
7460 6.34915
7461 6.61346
7462 5.65816
7463 5.2851
7464 7.58006
7465 4.71045
7466 9.95316
7467 3.17461
7468 3.89525
7469 6.97901
7470 5.12511
7471 4.71016
7472 4.51573
7473 5.04018
7474 4.62478
7475 5.71227
7476 6.57441
7477 3.70489
7478 5.81051
7479 7.40963
7480 6.62457
7481 4.37795
7482 3.99123
7483 3.46738
7484 5.16271
7485 3.45504
7486 6.36834
7487 5.28297
7488 4.84686
7489 5.0498
7490 5.35747
7491 4.01364
7492 4.87249
7493 5.50832
7494 3.30526
7495 5.0456
7496 6.0799
7497 8.06992
7498 6.82943
7499 6.00743
7500 4.00033
7501 5.80006
7502 5.3577
7503 7.52191
7504 5.18476
7505 7.16353
7506 4.51504
7507 6.08904
7508 3.73278
7509 5.96068
7510 7.55518
7511 6.8386
7512 8.48998
7513 4.85255
7514 6.57076
7515 7.83557
7516 7.3442
7517 5.61286
7518 4.06707
7519 4.10804
7520 6.89045
7521 4.36151
7522 4.18715
7523 4.22678
7524 6.92888
7525 4.62336
7526 4.21291
7527 8.1768
7528 5.31023
7529 5.16341
7530 5.88349
7531 3.57107
7532 9.17456
7533 4.68197
7534 5.83632
7535 7.50455
7536 7.24566
7537 4.67051
7538 5.51394
7539 6.27371
7540 6.75536
7541 7.64638
7542 4.06861
7543 3.61578
7544 5.52226
7545 3.43146
7546 3.81038
7547 6.46375
7548 5.32615
7549 4.33832
7550 5.52276
7551 3.72555
7552 4.85223
7553 5.78863
7554 3.89686
7555 4.23565
7556 4.7531
7557 5.9757
7558 8.07547
7559 4.54695
7560 4.4744
7561 6.77405
7562 7.23792
7563 7.73533
7564 6.42886
7565 8.73387
7566 4.37273
7567 7.07796
7568 4.23854
7569 6.93795
7570 4.47075
7571 5.64345
7572 6.26376
7573 8.46233
7574 5.73951
7575 4.30289
7576 4.14723
7577 3.93514
7578 7.05719
7579 4.45745
7580 5.08685
7581 4.24014
7582 5.68136
7583 7.56293
7584 4.39658
7585 4.63044
7586 4.08725
7587 9.5673
7588 6.70214
7589 5.36258
7590 5.27144
7591 6.2104
7592 5.11334
7593 5.81178
7594 4.83028
7595 5.21671
7596 3.39678
7597 7.13847
7598 6.59118
7599 4.16572
7600 4.23722
7601 5.20087
7602 4.05194
7603 5.40887
7604 5.05036
7605 5.20082
7606 6.94383
7607 6.90672
7608 6.08927
7609 5.92626
7610 5.95834
7611 4.73518
7612 5.85338
7613 7.07202
7614 3.58901
7615 6.98315
7616 5.71326
7617 6.16206
7618 4.65112
7619 5.40759
7620 5.41195
7621 4.13027
7622 4.8048
7623 4.27627
7624 8.20223
7625 4.49163
7626 5.00276
7627 3.58861
7628 5.51597
7629 3.29728
7630 4.32678
7631 4.65871
7632 6.3382
7633 4.60813
7634 7.01137
7635 7.15548
7636 5.39896
7637 5.68702
7638 3.31034
7639 5.25103
7640 4.29592
7641 3.6106
7642 7.70044
7643 6.0401
7644 8.64639
7645 7.1922
7646 7.09502
7647 6.33615
7648 4.28474
7649 5.27001
7650 5.29351
7651 4.84376
7652 4.90698
7653 4.11225
7654 4.18471
7655 6.16839
7656 4.48705
7657 4.14035
7658 4.42795
7659 3.25301
7660 6.52858
7661 5.60584
7662 6.55956
7663 4.63163
7664 5.06683
7665 8.20762
7666 7.02229
7667 5.09073
7668 3.41602
7669 3.44764
7670 5.50701
7671 6.79593
7672 3.3905
7673 4.09473
7674 8.421
7675 7.50532
7676 5.274
7677 4.20034
7678 5.30808
7679 6.31722
7680 7.74889
7681 3.78356
7682 8.24983
7683 4.24299
7684 4.99743
7685 9.01865
7686 3.84924
7687 3.71857
7688 3.38348
7689 4.10706
7690 5.50553
7691 3.88684
7692 4.40478
7693 6.78617
7694 4.24973
7695 5.95231
7696 4.08004
7697 8.15094
7698 5.35127
7699 4.24476
7700 5.6087
7701 6.28918
7702 7.32271
7703 3.58051
7704 3.60871
7705 4.28067
7706 4.02226
7707 3.99906
7708 8.47747
7709 5.72423
7710 6.86122
7711 4.96551
7712 3.71655
7713 4.48248
7714 3.67693
7715 4.57569
7716 5.90806
7717 5.54903
7718 4.87424
7719 4.99061
7720 6.06298
7721 5.92638
7722 4.3685
7723 5.97305
7724 4.49062
7725 6.26582
7726 4.29144
7727 3.66167
7728 5.55429
7729 3.42734
7730 8.04859
7731 4.83542
7732 3.75226
7733 6.35175
7734 6.16712
7735 5.086
7736 3.73083
7737 4.28586
7738 6.44535
7739 5.72385
7740 9.44866
7741 4.60682
7742 5.77643
7743 9.64335
7744 7.96039
7745 9.39672
7746 3.20535
7747 4.64028
7748 5.57677
7749 9.77718
7750 4.18618
7751 7.95333
7752 5.73724
7753 4.54127
7754 5.02221
7755 3.75609
7756 3.50592
7757 3.44288
7758 3.68511
7759 6.18186
7760 5.36133
7761 3.42656
7762 5.10095
7763 6.18551
7764 4.07405
7765 5.74286
7766 5.30161
7767 5.8263
7768 4.9116
7769 3.42611
7770 4.17104
7771 4.29149
7772 3.34852
7773 4.49214
7774 4.18802
7775 3.52839
7776 6.81795
7777 4.31143
7778 6.52014
7779 7.72643
7780 6.79688
7781 3.86228
7782 5.86721
7783 4.21404
7784 4.79463
7785 6.77778
7786 6.32951
7787 7.20837
7788 4.95357
7789 5.0364
7790 3.4451
7791 5.67519
7792 3.49014
7793 7.00622
7794 9.72419
7795 5.73156
7796 7.55822
7797 4.73312
7798 5.54162
7799 7.27092
7800 5.88177
7801 3.84237
7802 4.456
7803 6.08057
7804 5.27296
7805 7.06524
7806 6.14238
7807 6.52096
7808 6.36899
7809 6.91409
7810 5.90399
7811 5.72381
7812 4.8559
7813 4.7771
7814 6.85061
7815 4.14061
7816 4.14953
7817 7.80899
7818 3.33843
7819 5.10119
7820 5.61047
7821 9.73878
7822 3.93182
7823 5.77448
7824 4.11481
7825 4.48929
7826 6.46091
7827 4.28184
7828 5.25353
7829 3.16335
7830 4.96541
7831 5.97705
7832 4.80865
7833 4.94869
7834 3.88607
7835 6.04093
7836 3.54467
7837 6.46344
7838 4.00853
7839 4.98258
7840 3.36234
7841 9.76894
7842 8.23636
7843 3.75932
7844 8.18764
7845 6.65034
7846 4.04362
7847 3.78064
7848 3.57162
7849 4.95715
7850 9.2275
7851 8.78437
7852 4.76437
7853 6.29637
7854 5.96766
7855 4.5251
7856 5.38152
7857 4.12539
7858 3.93092
7859 7.47069
7860 5.00197
7861 5.00463
7862 3.97587
7863 7.67599
7864 3.60423
7865 7.37167
7866 4.58143
7867 5.90196
7868 4.21527
7869 8.82862
7870 6.20241
7871 3.36703
7872 4.93364
7873 6.25703
7874 4.90494
7875 4.54414
7876 4.9616
7877 6.28286
7878 6.06893
7879 5.98502
7880 3.53605
7881 6.40514
7882 3.67982
7883 3.20573
7884 4.13446
7885 3.21144
7886 3.05811
7887 3.87281
7888 3.66369
7889 5.71693
7890 3.10514
7891 4.899
7892 4.47339
7893 5.94771
7894 3.45989
7895 5.34801
7896 5.40627
7897 6.39722
7898 4.22575
7899 4.29944
7900 4.6069
7901 5.49
7902 4.14591
7903 5.09927
7904 5.13038
7905 4.20241
7906 9.19466
7907 9.30061
7908 5.12206
7909 6.29296
7910 5.64025
7911 4.70739
7912 3.91029
7913 6.16674
7914 3.9955
7915 4.43976
7916 3.75616
7917 4.48086
7918 4.91583
7919 5.71949
7920 3.71214
7921 7.24715
7922 5.66748
7923 7.20772
7924 6.23595
7925 4.26919
7926 4.43736
7927 5.23465
7928 6.44423
7929 9.44914
7930 3.7721
7931 4.25166
7932 9.05565
7933 4.05079
7934 4.42279
7935 8.76249
7936 7.57677
7937 4.87171
7938 5.43037
7939 4.70395
7940 5.33973
7941 6.33952
7942 6.83803
7943 3.6922
7944 4.70043
7945 3.53834
7946 7.11727
7947 6.05486
7948 4.57303
7949 5.97436
7950 7.19701
7951 4.8483
7952 5.66428
7953 3.66644
7954 4.05848
7955 6.55854
7956 5.01685
7957 4.94188
7958 4.97301
7959 5.67512
7960 4.61082
7961 6.52328
7962 5.0823
7963 5.43947
7964 6.75954
7965 6.79017
7966 7.16217
7967 5.66787
7968 4.38462
7969 4.67704
7970 4.49483
7971 6.42776
7972 4.71814
7973 5.06591
7974 5.30813
7975 5.78938
7976 7.38027
7977 5.72812
7978 4.87147
7979 3.73749
7980 6.15543
7981 7.53536
7982 5.71168
7983 7.46331
7984 8.21042
7985 4.65203
7986 4.28579
7987 5.8338
7988 5.22983
7989 3.60345
7990 4.60652
7991 3.83147
7992 5.80311
7993 7.21936
7994 3.58255
7995 6.47005
7996 9.0905
7997 7.02305
7998 6.51423
7999 6.66723
8000 4.88591
8001 7.89738
8002 6.51182
8003 5.97882
8004 3.63159
8005 4.94641
8006 5.22294
8007 4.48743
8008 7.34211
8009 5.15738
8010 3.45791
8011 4.4432
8012 5.14234
8013 3.55386
8014 5.01382
8015 4.03547
8016 3.7038
8017 3.04848
8018 8.19141
8019 6.35305
8020 8.17636
8021 4.48205
8022 5.50631
8023 4.55938
8024 7.94991
8025 5.81722
8026 7.10381
8027 6.13275
8028 7.71489
8029 8.07444
8030 6.43974
8031 4.21421
8032 3.68404
8033 4.9418
8034 5.61327
8035 4.71898
8036 4.19227
8037 3.80327
8038 6.82092
8039 6.88526
8040 3.97231
8041 5.1821
8042 5.65616
8043 5.00974
8044 6.25565
8045 7.2534
8046 6.52657
8047 5.49936
8048 6.04297
8049 3.72973
8050 3.26852
8051 6.02271
8052 7.19548
8053 6.83095
8054 3.6858
8055 7.56348
8056 3.38756
8057 6.86047
8058 3.53998
8059 3.801
8060 5.46478
8061 7.29999
8062 5.8272
8063 4.7019
8064 6.62338
8065 6.77039
8066 3.69836
8067 6.78869
8068 4.3478
8069 4.06196
8070 7.86306
8071 5.01171
8072 8.02895
8073 7.29287
8074 5.26086
8075 4.3901
8076 3.1558
8077 5.42154
8078 5.72338
8079 7.80693
8080 8.22135
8081 4.52929
8082 5.08308
8083 4.23144
8084 5.38479
8085 7.44526
8086 3.91791
8087 7.04184
8088 6.12711
8089 6.3011
8090 5.84216
8091 4.62403
8092 4.90168
8093 6.46256
8094 6.05775
8095 6.94871
8096 5.72951
8097 5.50051
8098 5.58366
8099 3.59645
8100 4.62861
8101 4.97078
8102 4.27961
8103 4.7466
8104 4.31358
8105 4.98404
8106 4.86797
8107 4.48959
8108 4.58705
8109 5.2159
8110 8.32663
8111 5.96075
8112 5.31832
8113 6.64929
8114 5.32415
8115 4.69423
8116 4.1955
8117 3.59912
8118 6.90692
8119 5.37387
8120 7.73315
8121 6.00184
8122 4.33905
8123 7.02551
8124 3.49723
8125 6.52644
8126 7.52393
8127 6.07924
8128 5.04425
8129 5.71769
8130 6.17543
8131 5.1693
8132 4.62337
8133 5.44256
8134 5.2193
8135 4.32189
8136 5.01684
8137 4.77004
8138 4.63558
8139 7.11384
8140 9.0304
8141 4.12539
8142 3.92533
8143 5.28695
8144 4.28375
8145 4.49668
8146 4.70858
8147 5.17942
8148 7.02926
8149 3.75976
8150 5.04849
8151 7.42219
8152 5.1118
8153 7.10065
8154 5.4005
8155 5.86251
8156 6.99677
8157 8.62627
8158 4.61633
8159 4.08896
8160 3.77142
8161 5.46834
8162 5.78922
8163 4.03731
8164 5.72611
8165 4.90262
8166 5.36745
8167 3.28167
8168 4.93226
8169 3.19936
8170 5.98766
8171 4.32469
8172 4.01847
8173 7.38354
8174 4.20901
8175 4.68278
8176 6.8244
8177 3.97552
8178 4.16485
8179 5.18954
8180 6.62324
8181 4.35066
8182 5.65159
8183 4.0331
8184 3.39688
8185 6.46406
8186 7.46475
8187 5.30774
8188 5.08898
8189 6.24162
8190 4.90082
8191 5.94031
8192 3.89459
8193 6.71149
8194 6.41896
8195 7.13414
8196 5.22226
8197 3.73663
8198 5.50512
8199 7.05941
8200 7.81512
8201 5.93031
8202 7.56244
8203 3.56207
8204 5.09559
8205 8.54311
8206 5.93255
8207 3.76339
8208 3.22499
8209 6.29504
8210 5.95715
8211 5.97427
8212 4.23177
8213 5.41271
8214 4.59453
8215 6.15289
8216 6.68572
8217 7.75825
8218 7.3908
8219 4.64124
8220 3.77777
8221 4.39728
8222 8.77627
8223 4.73333
8224 4.65849
8225 3.66864
8226 3.51935
8227 4.23279
8228 4.97535
8229 4.05064
8230 4.96765
8231 3.59429
8232 8.21729
8233 4.28951
8234 4.49913
8235 4.71806
8236 6.39701
8237 3.11705
8238 4.6866
8239 6.80047
8240 4.64099
8241 4.52135
8242 7.07746
8243 6.25865
8244 4.43419
8245 5.62111
8246 5.7253
8247 5.44497
8248 4.41653
8249 3.99378
8250 4.65977
8251 3.78873
8252 4.17815
8253 4.70721
8254 5.1594
8255 3.87571
8256 7.70993
8257 5.24672
8258 6.91344
8259 4.50328
8260 3.68218
8261 6.97913
8262 5.26564
8263 7.17716
8264 4.95402
8265 3.53651
8266 4.47745
8267 5.24373
8268 3.68132
8269 6.0314
8270 4.7897
8271 3.97423
8272 3.53736
8273 4.0809
8274 5.03301
8275 3.88518
8276 3.59877
8277 5.88319
8278 7.1348
8279 4.26597
8280 6.08467
8281 7.65073
8282 6.53289
8283 3.66567
8284 6.27767
8285 3.72363
8286 5.55736
8287 3.75538
8288 7.20884
8289 4.48766
8290 5.23938
8291 4.62292
8292 5.24049
8293 5.47912
8294 6.56343
8295 8.96916
8296 3.44468
8297 7.28139
8298 4.26916
8299 3.38281
8300 5.98114
8301 5.61855
8302 3.89911
8303 4.44626
8304 3.58376
8305 4.09777
8306 3.2949
8307 7.43365
8308 4.25748
8309 6.73481
8310 5.80957
8311 3.46815
8312 4.22266
8313 4.6196
8314 6.04884
8315 5.0742
8316 6.59519
8317 6.05006
8318 5.95636
8319 4.60294
8320 4.95076
8321 6.85697
8322 7.30971
8323 4.90256
8324 5.84301
8325 4.34699
8326 8.27067
8327 5.62239
8328 6.42336
8329 5.15423
8330 5.73817
8331 5.40195
8332 4.35799
8333 5.01438
8334 3.43106
8335 9.96867
8336 7.75574
8337 4.67585
8338 8.11067
8339 6.84308
8340 4.86673
8341 5.36622
8342 7.08025
8343 4.50917
8344 5.43591
8345 5.88388
8346 6.78209
8347 6.09139
8348 4.34758
8349 6.81563
8350 3.77771
8351 3.49496
8352 6.84847
8353 6.02739
8354 4.16236
8355 6.70091
8356 4.78753
8357 5.65626
8358 5.81435
8359 6.12134
8360 3.93575
8361 6.86439
8362 4.50047
8363 5.11894
8364 7.91572
8365 8.46128
8366 7.41133
8367 5.23704
8368 5.13483
8369 6.57086
8370 7.98142
8371 6.83539
8372 6.72822
8373 4.723
8374 6.22164
8375 4.39795
8376 3.44689
8377 5.06544
8378 5.94881
8379 6.61307
8380 5.48004
8381 5.9691
8382 6.24608
8383 3.8144
8384 5.25704
8385 6.35707
8386 3.32639
8387 4.39184
8388 6.12687
8389 5.64773
8390 6.5945
8391 5.14577
8392 4.00453
8393 5.18353
8394 7.87631
8395 4.0114
8396 5.64479
8397 7.02058
8398 4.29277
8399 8.094
8400 5.29663
8401 4.56608
8402 9.42117
8403 6.90276
8404 7.37183
8405 8.04865
8406 5.07826
8407 5.89542
8408 6.55111
8409 6.65876
8410 3.57695
8411 5.90492
8412 5.10692
8413 5.12226
8414 4.9536
8415 4.86136
8416 6.12355
8417 4.15892
8418 3.56705
8419 3.42052
8420 5.27932
8421 4.47401
8422 3.34862
8423 4.64288
8424 4.72138
8425 8.05299
8426 6.28313
8427 7.82004
8428 5.97279
8429 5.6302
8430 5.98628
8431 8.80337
8432 7.28116
8433 3.5545
8434 3.89223
8435 6.08838
8436 4.38906
8437 3.24968
8438 4.52458
8439 4.07305
8440 3.42825
8441 3.80708
8442 7.30143
8443 3.68528
8444 5.6592
8445 5.2229
8446 5.28811
8447 5.90392
8448 6.19376
8449 4.92567
8450 4.27221
8451 7.47596
8452 5.45072
8453 4.08781
8454 4.93582
8455 4.65043
8456 4.21415
8457 5.87544
8458 3.48458
8459 6.82924
8460 4.60222
8461 8.0597
8462 5.16837
8463 6.21469
8464 4.3315
8465 3.50215
8466 6.28352
8467 5.00998
8468 5.29028
8469 5.99926
8470 6.83386
8471 6.12845
8472 8.23056
8473 5.97513
8474 5.11449
8475 3.94742
8476 3.41736
8477 8.15738
8478 4.61292
8479 5.78541
8480 6.00116
8481 5.35888
8482 4.01716
8483 4.8687
8484 4.82747
8485 4.57867
8486 3.55854
8487 3.48291
8488 8.19521
8489 5.15992
8490 5.46357
8491 5.87839
8492 3.96597
8493 3.71245
8494 5.2674
8495 5.5858
8496 3.71383
8497 4.23562
8498 5.72151
8499 4.7735
8500 4.38146
8501 7.70208
8502 6.19592
8503 6.46012
8504 5.43392
8505 4.16154
8506 4.13112
8507 6.68315
8508 4.01931
8509 5.01906
8510 3.68072
8511 7.44997
8512 7.73141
8513 5.61056
8514 8.8473
8515 5.1064
8516 3.76656
8517 3.41811
8518 4.07942
8519 7.58711
8520 5.98571
8521 4.88297
8522 3.99701
8523 6.4974
8524 3.73187
8525 4.67821
8526 4.36386
8527 4.14056
8528 5.521
8529 6.07848
8530 6.3494
8531 4.99859
8532 4.73172
8533 5.156
8534 3.87202
8535 5.41157
8536 5.29627
8537 6.17017
8538 5.48111
8539 6.0822
8540 4.66872
8541 5.67411
8542 5.05572
8543 6.7991
8544 3.90501
8545 7.17675
8546 4.74134
8547 3.95923
8548 9.61291
8549 6.83391
8550 9.8949
8551 5.11464
8552 5.8355
8553 6.10237
8554 4.07357
8555 5.49502
8556 3.9135
8557 7.65054
8558 4.98374
8559 6.61569
8560 5.73422
8561 5.64973
8562 4.08203
8563 4.18925
8564 6.68189
8565 8.22953
8566 4.65447
8567 4.24251
8568 4.79843
8569 5.16861
8570 5.63726
8571 5.31998
8572 4.64583
8573 6.71637
8574 4.67597
8575 4.14883
8576 5.47144
8577 4.13989
8578 4.86907
8579 7.73013
8580 3.4855
8581 6.33838
8582 8.16063
8583 5.05909
8584 3.73791
8585 4.25119
8586 5.93836
8587 3.39554
8588 8.62047
8589 7.61937
8590 4.71681
8591 3.49309
8592 6.2868
8593 8.13474
8594 3.93871
8595 3.63475
8596 4.64485
8597 4.52285
8598 4.93845
8599 7.83092
8600 6.57303
8601 5.29104
8602 5.06855
8603 6.12374
8604 8.01926
8605 6.3863
8606 6.01945
8607 5.76397
8608 5.99561
8609 6.8465
8610 3.31506
8611 7.96576
8612 4.06305
8613 3.79935
8614 4.74508
8615 7.04527
8616 6.56655
8617 8.36999
8618 5.94521
8619 4.27469
8620 5.72314
8621 4.53026
8622 6.07962
8623 7.81679
8624 4.15294
8625 5.35024
8626 5.45922
8627 3.63194
8628 7.45971
8629 4.04444
8630 8.38831
8631 4.41952
8632 4.84139
8633 4.18041
8634 5.38842
8635 5.50251
8636 6.54246
8637 7.68387
8638 5.11253
8639 5.08599
8640 5.38128
8641 7.95665
8642 4.26383
8643 7.7076
8644 3.93786
8645 5.01721
8646 6.30913
8647 9.57753
8648 4.36881
8649 4.14856
8650 9.17335
8651 5.00344
8652 8.52651
8653 6.03382
8654 8.58664
8655 6.55846
8656 4.34018
8657 8.13869
8658 5.28488
8659 5.5851
8660 6.80746
8661 3.95309
8662 6.20671
8663 5.98123
8664 5.67808
8665 5.69444
8666 7.35361
8667 4.58034
8668 4.54212
8669 4.08045
8670 6.70801
8671 7.12044
8672 6.82351
8673 5.71728
8674 4.40443
8675 3.96121
8676 4.07289
8677 6.5044
8678 6.08624
8679 6.24634
8680 6.28413
8681 4.05492
8682 6.12429
8683 8.16599
8684 9.11493
8685 8.71585
8686 7.12832
8687 8.43534
8688 6.88771
8689 5.89689
8690 4.04215
8691 6.86972
8692 8.53186
8693 3.6118
8694 4.12914
8695 4.47866
8696 3.42791
8697 8.46696
8698 4.36878
8699 3.76697
8700 4.56533
8701 5.8427
8702 7.01761
8703 5.90461
8704 8.28594
8705 6.80783
8706 3.43809
8707 3.21079
8708 4.61589
8709 4.93666
8710 4.97222
8711 8.58379
8712 5.86294
8713 6.06428
8714 5.5935
8715 5.09747
8716 6.54972
8717 5.60266
8718 8.75846
8719 4.49793
8720 5.77124
8721 4.41827
8722 3.87446
8723 6.39296
8724 5.75847
8725 5.69496
8726 5.58282
8727 6.60341
8728 5.38289
8729 4.14084
8730 3.9971
8731 7.90037
8732 5.21471
8733 7.91321
8734 4.74131
8735 3.50135
8736 5.81014
8737 5.73634
8738 5.54077
8739 4.9784
8740 4.65465
8741 7.00522
8742 3.64612
8743 5.18947
8744 3.79007
8745 6.69205
8746 3.99832
8747 5.07289
8748 3.56738
8749 4.71488
8750 5.78553
8751 6.50941
8752 7.46953
8753 5.27115
8754 6.08072
8755 4.47251
8756 4.49224
8757 6.15922
8758 8.42043
8759 7.62404
8760 5.07146
8761 4.47682
8762 5.376
8763 6.27127
8764 3.63439
8765 3.24177
8766 5.78028
8767 6.53018
8768 6.45496
8769 5.73382
8770 3.26111
8771 4.57196
8772 7.03536
8773 6.95913
8774 3.91712
8775 4.48383
8776 5.32948
8777 4.36471
8778 4.76349
8779 5.05166
8780 6.49276
8781 6.06885
8782 3.8184
8783 5.22316
8784 3.6922
8785 4.62233
8786 4.95657
8787 7.29462
8788 3.39366
8789 6.58746
8790 5.60797
8791 4.99413
8792 5.40612
8793 4.93507
8794 3.55314
8795 5.37682
8796 4.10629
8797 3.54644
8798 5.77624
8799 3.72974
8800 5.43056
8801 4.02819
8802 8.88131
8803 5.10038
8804 3.59678
8805 4.78246
8806 4.31173
8807 4.33784
8808 4.36286
8809 4.50693
8810 5.35708
8811 4.22333
8812 4.19636
8813 4.04044
8814 3.78683
8815 7.10858
8816 4.83432
8817 8.20938
8818 4.34864
8819 9.91586
8820 5.13796
8821 5.31258
8822 6.93225
8823 6.65412
8824 5.1883
8825 8.58198
8826 5.36066
8827 7.43432
8828 4.12173
8829 7.36786
8830 4.65923
8831 3.42818
8832 7.20992
8833 4.95126
8834 3.66438
8835 5.23782
8836 6.19947
8837 4.37452
8838 6.19156
8839 5.98822
8840 3.30287
8841 4.43782
8842 5.35195
8843 4.69197
8844 4.47854
8845 7.46378
8846 5.42451
8847 5.29661
8848 6.06983
8849 3.65015
8850 4.93695
8851 4.50184
8852 7.87426
8853 7.77171
8854 4.76813
8855 3.80873
8856 3.93824
8857 7.07006
8858 4.85452
8859 4.8632
8860 5.47892
8861 4.77679
8862 6.32184
8863 4.39074
8864 5.05341
8865 4.01947
8866 8.42292
8867 8.17461
8868 7.32185
8869 4.13141
8870 6.79884
8871 4.46399
8872 4.21747
8873 4.79888
8874 6.5588
8875 4.49539
8876 6.01749
8877 5.68917
8878 4.66889
8879 4.41082
8880 3.24136
8881 6.66905
8882 6.19969
8883 4.20293
8884 4.70091
8885 5.27372
8886 5.20355
8887 4.20342
8888 5.99628
8889 7.40413
8890 3.47693
8891 4.08479
8892 4.98515
8893 6.66016
8894 4.00825
8895 5.56371
8896 7.16046
8897 6.15771
8898 3.60434
8899 7.31353
8900 6.59027
8901 4.93014
8902 5.98558
8903 7.17345
8904 4.56311
8905 4.26321
8906 4.29016
8907 4.59392
8908 3.91214
8909 6.73135
8910 7.87949
8911 5.23682
8912 3.68303
8913 7.99333
8914 5.86052
8915 5.85476
8916 4.23042
8917 8.05942
8918 4.23117
8919 5.0491
8920 4.04376
8921 6.06703
8922 6.05276
8923 5.14562
8924 4.51912
8925 5.80296
8926 5.17088
8927 4.76383
8928 4.17878
8929 5.93406
8930 5.00259
8931 6.18893
8932 7.749
8933 7.06344
8934 4.75517
8935 5.82487
8936 4.28543
8937 3.61754
8938 5.48735
8939 6.12665
8940 3.57538
8941 4.83733
8942 4.63866
8943 3.4557
8944 5.10829
8945 6.28301
8946 7.31954
8947 5.79195
8948 5.52884
8949 4.76356
8950 6.88818
8951 5.81452
8952 4.84037
8953 4.29716
8954 4.97549
8955 5.41699
8956 4.93423
8957 4.90799
8958 5.93879
8959 8.78917
8960 6.13047
8961 6.19067
8962 4.48408
8963 6.52972
8964 4.68833
8965 4.39982
8966 3.85882
8967 3.41872
8968 5.74009
8969 3.89467
8970 6.30393
8971 7.14588
8972 4.33047
8973 5.50401
8974 3.44463
8975 3.81262
8976 3.40065
8977 7.30108
8978 4.3874
8979 4.02842
8980 5.29189
8981 4.50569
8982 8.57128
8983 5.17417
8984 4.00722
8985 6.45494
8986 9.48149
8987 4.67816
8988 4.71801
8989 3.96276
8990 5.45329
8991 6.51453
8992 5.47483
8993 6.27498
8994 6.89052
8995 6.13168
8996 7.39365
8997 4.74241
8998 4.69425
8999 8.08603
9000 5.25772
9001 5.90965
9002 3.26573
9003 6.05475
9004 4.15879
9005 6.74008
9006 7.12547
9007 5.07343
9008 9.31887
9009 4.83882
9010 4.53257
9011 3.66452
9012 5.08077
9013 5.95328
9014 4.7946
9015 3.4821
9016 6.2014
9017 7.00939
9018 3.98194
9019 4.54819
9020 3.30181
9021 5.04324
9022 5.57482
9023 6.50057
9024 6.00081
9025 5.38435
9026 4.24078
9027 4.57524
9028 8.25301
9029 6.23709
9030 4.54729
9031 3.93387
9032 5.92415
9033 5.11237
9034 5.97056
9035 5.81748
9036 8.86227
9037 4.24538
9038 7.07295
9039 9.43713
9040 8.84111
9041 7.20999
9042 5.05075
9043 5.82505
9044 7.98724
9045 4.33357
9046 3.96275
9047 4.68872
9048 4.15377
9049 4.22364
9050 5.21801
9051 5.26192
9052 4.76823
9053 6.15834
9054 7.71196
9055 6.76091
9056 6.6063
9057 7.32818
9058 4.47537
9059 8.381
9060 7.53398
9061 6.31142
9062 3.89778
9063 5.41123
9064 5.23753
9065 6.29272
9066 3.91969
9067 5.24144
9068 6.70643
9069 4.63872
9070 5.43172
9071 6.27859
9072 7.02367
9073 6.91435
9074 4.29013
9075 6.89852
9076 6.78975
9077 3.60985
9078 5.22118
9079 9.61259
9080 8.63988
9081 5.00614
9082 4.20574
9083 4.46147
9084 4.4119
9085 4.95315
9086 4.28343
9087 5.31241
9088 3.92702
9089 5.92642
9090 6.55725
9091 6.07285
9092 5.21418
9093 4.19991
9094 6.3351
9095 8.90747
9096 3.45813
9097 6.63563
9098 5.00452
9099 5.06536
9100 4.81447
9101 6.81875
9102 5.1204
9103 3.85554
9104 4.78505
9105 5.67503
9106 4.74659
9107 4.16719
9108 3.93447
9109 4.54171
9110 4.76013
9111 5.69449
9112 6.16906
9113 5.21654
9114 3.92043
9115 4.83402
9116 4.19209
9117 4.96199
9118 5.22928
9119 4.61271
9120 7.32175
9121 7.60092
9122 6.25913
9123 3.25209
9124 7.26259
9125 3.91164
9126 8.22557
9127 5.69725
9128 3.47625
9129 6.98404
9130 5.65713
9131 5.42931
9132 4.34942
9133 4.77939
9134 4.09175
9135 3.30851
9136 5.05991
9137 5.03866
9138 4.54995
9139 6.45779
9140 5.18545
9141 7.20331
9142 6.27834
9143 3.71685
9144 6.40367
9145 3.8291
9146 5.23844
9147 4.26077
9148 5.08946
9149 4.74785
9150 5.78781
9151 5.60368
9152 6.82736
9153 4.26583
9154 6.5434
9155 7.24051
9156 6.13698
9157 4.49339
9158 3.94767
9159 6.6433
9160 5.90339
9161 5.87718
9162 7.05458
9163 3.93727
9164 4.37749
9165 5.95458
9166 6.40166
9167 6.07912
9168 3.37974
9169 7.34453
9170 7.40996
9171 7.10615
9172 5.01548
9173 6.39722
9174 5.06258
9175 5.01777
9176 5.30717
9177 6.1119
9178 4.8648
9179 5.47799
9180 4.17083
9181 5.68659
9182 4.43431
9183 3.89102
9184 3.48296
9185 5.60896
9186 6.99952
9187 4.90967
9188 6.35294
9189 6.65279
9190 5.86181
9191 6.71518
9192 9.42122
9193 9.28807
9194 4.72046
9195 5.14722
9196 3.77493
9197 3.0335
9198 6.42094
9199 4.91477
9200 4.73512
9201 8.00233
9202 5.26495
9203 5.67294
9204 6.77426
9205 4.89486
9206 4.99171
9207 3.90974
9208 5.85081
9209 4.44329
9210 4.86968
9211 5.48712
9212 4.56872
9213 6.29607
9214 6.02707
9215 6.57254
9216 6.026
9217 5.92102
9218 6.64647
9219 5.26622
9220 3.59379
9221 4.16776
9222 5.49324
9223 3.9759
9224 4.70237
9225 5.23195
9226 7.14035
9227 6.81133
9228 4.04959
9229 6.2761
9230 6.15811
9231 3.28557
9232 6.62212
9233 8.75659
9234 5.59327
9235 3.29183
9236 5.04109
9237 6.58937
9238 3.68374
9239 8.374
9240 3.26591
9241 4.32547
9242 3.96526
9243 4.51109
9244 4.69361
9245 5.97102
9246 8.04818
9247 6.12396
9248 8.28304
9249 8.09432
9250 7.12446
9251 6.59776
9252 5.17264
9253 6.13462
9254 5.76333
9255 8.80903
9256 6.23927
9257 9.1681
9258 9.58951
9259 4.61888
9260 4.16143
9261 6.50423
9262 6.94201
9263 7.28735
9264 4.00664
9265 7.19241
9266 4.62227
9267 6.47
9268 4.64919
9269 7.39435
9270 7.60585
9271 7.7052
9272 4.54241
9273 4.84089
9274 5.73384
9275 4.99915
9276 5.47811
9277 3.68531
9278 5.50026
9279 7.82788
9280 4.39722
9281 5.94192
9282 6.59361
9283 5.8485
9284 3.96434
9285 5.20227
9286 6.46729
9287 3.74192
9288 4.08316
9289 7.48722
9290 6.75524
9291 6.27495
9292 8.50529
9293 4.12423
9294 6.4454
9295 5.44066
9296 4.7224
9297 7.6333
9298 4.15834
9299 7.64758
9300 7.34912
9301 7.51101
9302 3.47054
9303 4.74942
9304 5.25112
9305 9.16184
9306 4.97972
9307 3.83189
9308 6.00562
9309 4.47887
9310 5.54271
9311 5.73394
9312 5.5335
9313 4.20056
9314 3.81218
9315 5.12268
9316 5.49759
9317 5.40715
9318 6.23851
9319 3.70092
9320 3.38346
9321 5.66771
9322 5.63785
9323 4.56695
9324 7.25181
9325 6.48118
9326 6.15525
9327 5.3448
9328 4.99255
9329 5.28101
9330 3.33644
9331 4.70125
9332 4.2576
9333 4.01909
9334 9.27088
9335 6.96163
9336 5.29562
9337 5.51278
9338 4.58486
9339 6.87828
9340 5.91821
9341 4.84827
9342 3.21384
9343 4.107
9344 4.70321
9345 5.04199
9346 4.14244
9347 5.12387
9348 3.20409
9349 5.66008
9350 7.74454
9351 4.29477
9352 6.67576
9353 3.80159
9354 8.04921
9355 3.95395
9356 4.78451
9357 8.57931
9358 4.58857
9359 5.44128
9360 7.42717
9361 5.34044
9362 4.55649
9363 4.89343
9364 7.08747
9365 4.10956
9366 5.31946
9367 5.77584
9368 5.86647
9369 7.77671
9370 8.05482
9371 4.7423
9372 5.50303
9373 7.36421
9374 4.89985
9375 4.1602
9376 4.02121
9377 5.08598
9378 4.02341
9379 5.16905
9380 7.06485
9381 3.32381
9382 3.62734
9383 3.94877
9384 4.1856
9385 7.32423
9386 4.40099
9387 4.29289
9388 6.20291
9389 4.23497
9390 3.60445
9391 5.24773
9392 3.30167
9393 3.3975
9394 4.79808
9395 4.31337
9396 5.86287
9397 4.96459
9398 5.76985
9399 5.26236
9400 7.79323
9401 5.70432
9402 4.23647
9403 4.53221
9404 6.19665
9405 4.87386
9406 3.62727
9407 4.79661
9408 4.65351
9409 7.61524
9410 5.42053
9411 7.52924
9412 5.11718
9413 7.18219
9414 3.63956
9415 5.18123
9416 5.70372
9417 3.81498
9418 5.61643
9419 6.52798
9420 7.84581
9421 7.77565
9422 9.28731
9423 7.89697
9424 7.23267
9425 4.96906
9426 7.60946
9427 4.41309
9428 5.5624
9429 5.2069
9430 5.67191
9431 7.68802
9432 5.55208
9433 3.74152
9434 4.55856
9435 4.26154
9436 4.74334
9437 6.38962
9438 8.08565
9439 3.37825
9440 3.54314
9441 6.64846
9442 9.03891
9443 4.47219
9444 4.61789
9445 4.3899
9446 7.68195
9447 4.20582
9448 5.73366
9449 4.58596
9450 4.79343
9451 6.10548
9452 4.59451
9453 3.98475
9454 5.8896
9455 3.3591
9456 4.86833
9457 8.62208
9458 4.86305
9459 3.16012
9460 6.60597
9461 5.95114
9462 6.05409
9463 5.24922
9464 5.86608
9465 6.53164
9466 7.20938
9467 5.4826
9468 7.35695
9469 5.04947
9470 5.64447
9471 6.22717
9472 7.20227
9473 7.12356
9474 8.54991
9475 6.19263
9476 4.95728
9477 7.60341
9478 4.4197
9479 4.64093
9480 4.56996
9481 7.63642
9482 5.40007
9483 3.67967
9484 3.50705
9485 4.18268
9486 3.53003
9487 4.95333
9488 5.70746
9489 5.36106
9490 3.51124
9491 5.87977
9492 7.58131
9493 5.89113
9494 6.65852
9495 4.22559
9496 5.66877
9497 6.01423
9498 4.55461
9499 3.88587
9500 6.3956
9501 3.86254
9502 7.52446
9503 4.22861
9504 5.54665
9505 5.63299
9506 6.11375
9507 7.51534
9508 3.83141
9509 7.21588
9510 4.0819
9511 5.33622
9512 6.27535
9513 3.56954
9514 7.7901
9515 3.96182
9516 4.62278
9517 3.62009
9518 4.90062
9519 4.21587
9520 6.0539
9521 3.801
9522 6.26832
9523 9.11263
9524 6.25882
9525 4.23776
9526 3.6305
9527 4.27385
9528 3.16226
9529 4.19996
9530 8.17782
9531 4.252
9532 3.52719
9533 5.28005
9534 5.8756
9535 5.62904
9536 4.86902
9537 9.92891
9538 4.52856
9539 3.79675
9540 3.78711
9541 3.90538
9542 5.43362
9543 6.0381
9544 3.84233
9545 6.48441
9546 4.71547
9547 8.42224
9548 4.21551
9549 4.90795
9550 8.58445
9551 8.25388
9552 6.13543
9553 3.87911
9554 6.11234
9555 3.91561
9556 3.34006
9557 5.8869
9558 3.20299
9559 6.28178
9560 6.81848
9561 6.28665
9562 6.36872
9563 7.24429
9564 4.37127
9565 5.64656
9566 4.51037
9567 3.9727
9568 5.74357
9569 8.08541
9570 5.89749
9571 5.69591
9572 3.49627
9573 4.33735
9574 9.01207
9575 5.11271
9576 3.73046
9577 6.64908
9578 5.51421
9579 8.92986
9580 6.01668
9581 3.79581
9582 4.10084
9583 4.959
9584 4.94092
9585 7.70091
9586 5.50548
9587 4.73527
9588 4.34042
9589 5.28905
9590 8.0127
9591 6.23817
9592 7.5567
9593 5.2657
9594 4.81252
9595 4.83202
9596 4.35303
9597 3.4267
9598 6.3022
9599 5.5973
9600 7.33595
9601 4.26125
9602 7.54269
9603 4.76207
9604 4.16189
9605 6.14003
9606 6.36235
9607 6.03105
9608 3.95073
9609 3.02856
9610 8.34508
9611 5.60946
9612 9.34491
9613 5.57169
9614 7.67672
9615 6.36166
9616 4.56963
9617 6.44797
9618 6.24662
9619 5.67961
9620 3.4764
9621 4.2302
9622 3.80912
9623 4.3119
9624 4.18343
9625 7.6713
9626 4.04687
9627 9.81305
9628 6.48074
9629 3.62367
9630 6.93022
9631 7.06123
9632 6.87215
9633 5.15261
9634 3.46213
9635 5.0813
9636 8.17597
9637 6.24774
9638 4.70361
9639 6.67389
9640 7.90815
9641 8.69248
9642 3.9045
9643 5.90152
9644 5.84155
9645 3.41376
9646 7.24073
9647 4.57735
9648 5.74064
9649 5.34266
9650 5.20927
9651 9.57342
9652 8.21666
9653 6.34295
9654 5.42858
9655 3.66823
9656 3.78525
9657 4.41657
9658 3.81795
9659 6.35002
9660 6.58495
9661 7.35834
9662 5.56262
9663 3.08545
9664 7.34084
9665 5.29767
9666 6.11231
9667 4.1511
9668 6.48291
9669 7.96876
9670 5.72333
9671 7.08961
9672 6.47874
9673 7.76196
9674 4.25849
9675 6.44165
9676 4.1552
9677 3.24138
9678 6.93426
9679 5.07128
9680 7.14836
9681 9.02685
9682 5.46047
9683 4.63096
9684 4.90636
9685 4.14298
9686 5.4555
9687 3.89647
9688 5.10554
9689 6.95209
9690 5.10798
9691 4.40814
9692 6.22679
9693 5.34394
9694 7.84297
9695 3.31518
9696 4.84733
9697 3.43214
9698 4.63647
9699 4.55341
9700 6.32404
9701 5.82616
9702 5.10918
9703 5.62812
9704 5.91653
9705 3.46243
9706 5.07518
9707 5.51098
9708 5.00296
9709 6.58212
9710 3.54801
9711 3.56935
9712 5.52298
9713 3.69908
9714 4.94092
9715 4.35352
9716 8.10314
9717 3.76127
9718 8.39395
9719 4.03703
9720 5.92955
9721 5.76991
9722 5.152
9723 3.42915
9724 3.53621
9725 4.6034
9726 4.93608
9727 4.97614
9728 3.79215
9729 5.66103
9730 5.48267
9731 4.19957
9732 5.74728
9733 3.61414
9734 6.55322
9735 3.553
9736 5.23043
9737 4.0059
9738 4.70842
9739 8.15643
9740 6.58742
9741 4.79711
9742 7.69661
9743 4.64513
9744 4.60719
9745 5.62521
9746 4.24672
9747 9.06002
9748 7.00429
9749 3.27932
9750 7.62359
9751 8.36455
9752 5.93976
9753 8.77204
9754 4.4325
9755 6.00023
9756 8.55629
9757 3.16772
9758 3.82546
9759 4.07106
9760 6.27626
9761 5.13636
9762 6.12358
9763 4.52979
9764 4.2181
9765 3.72045
9766 3.9467
9767 3.67462
9768 4.01655
9769 7.29978
9770 7.76249
9771 6.60005
9772 3.39348
9773 8.96831
9774 7.25419
9775 6.75066
9776 3.88303
9777 6.13468
9778 4.72001
9779 6.54138
9780 4.01765
9781 6.7646
9782 4.00857
9783 5.192
9784 4.78658
9785 3.94148
9786 3.99149
9787 8.22825
9788 4.46566
9789 5.03753
9790 8.24413
9791 4.34144
9792 4.96229
9793 5.65785
9794 5.77073
9795 5.30721
9796 5.6777
9797 4.03535
9798 9.45852
9799 7.09533
9800 5.60532
9801 4.89107
9802 4.02632
9803 4.04524
9804 5.46593
9805 5.48338
9806 4.09223
9807 3.58171
9808 3.56241
9809 5.32154
9810 4.01045
9811 6.18451
9812 5.18776
9813 4.86342
9814 7.22652
9815 8.99651
9816 3.40111
9817 5.55135
9818 7.85127
9819 8.61155
9820 7.1062
9821 4.63622
9822 3.92181
9823 5.93141
9824 4.42765
9825 4.86432
9826 3.21964
9827 5.10389
9828 4.21441
9829 4.72085
9830 5.36295
9831 4.0946
9832 7.65172
9833 5.81153
9834 7.81693
9835 4.05227
9836 8.12133
9837 5.61429
9838 9.88791
9839 7.74598
9840 6.73103
9841 7.14924
9842 5.19452
9843 5.15627
9844 4.7826
9845 5.80804
9846 6.6782
9847 5.68922
9848 4.81166
9849 7.34358
9850 9.12775
9851 4.42173
9852 3.99972
9853 8.10884
9854 5.65266
9855 5.99954
9856 7.0489
9857 6.24679
9858 3.96571
9859 4.36207
9860 4.1097
9861 6.8601
9862 5.40171
9863 8.49345
9864 5.38881
9865 5.91254
9866 6.49375
9867 6.0442
9868 3.12008
9869 4.39745
9870 5.57433
9871 4.35566
9872 7.77072
9873 8.22854
9874 7.7599
9875 8.87892
9876 5.01917
9877 4.20493
9878 6.74839
9879 5.43667
9880 6.86173
9881 6.12509
9882 3.5737
9883 6.10203
9884 6.81544
9885 7.20941
9886 5.62549
9887 7.46115
9888 4.98539
9889 4.18373
9890 6.49071
9891 6.39089
9892 8.87831
9893 8.32971
9894 9.71611
9895 5.8535
9896 3.64636
9897 5.46797
9898 6.99451
9899 5.18337
9900 6.71765
9901 4.08994
9902 4.22658
9903 3.64392
9904 3.84423
9905 3.62022
9906 4.949
9907 5.66658
9908 3.61327
9909 4.27172
9910 8.01256
9911 7.0195
9912 6.44528
9913 3.36982
9914 8.01058
9915 5.07664
9916 3.72293
9917 6.07337
9918 3.8569
9919 5.71398
9920 7.21992
9921 6.5164
9922 9.34917
9923 5.0429
9924 5.89159
9925 3.43407
9926 6.09053
9927 6.12864
9928 5.98247
9929 6.46977
9930 7.54518
9931 5.56515
9932 4.98605
9933 5.30716
9934 5.52613
9935 6.51305
9936 7.05163
9937 4.60292
9938 6.06718
9939 4.55004
9940 7.80415
9941 3.81364
9942 6.64245
9943 4.94768
9944 8.92223
9945 6.35603
9946 7.42143
9947 5.83416
9948 8.05973
9949 5.47134
9950 4.34044
9951 3.56958
9952 6.22627
9953 3.28225
9954 6.63342
9955 8.15448
9956 6.32621
9957 3.81486
9958 5.15547
9959 5.42397
9960 4.02185
9961 4.78831
9962 4.63172
9963 4.42784
9964 4.78618
9965 7.50253
9966 6.25408
9967 5.33578
9968 6.00435
9969 5.36899
9970 4.51308
9971 7.7404
9972 6.32881
9973 3.47503
9974 3.87562
9975 3.99194
9976 5.31807
9977 4.437
9978 5.55071
9979 5.69222
9980 5.92032
9981 3.78858
9982 4.03858
9983 3.7701
9984 5.23869
9985 4.58709
9986 5.51326
9987 4.32659
9988 7.34127
9989 5.39185
9990 5.22821
9991 3.92637
9992 4.09392
9993 5.77079
9994 5.13951
9995 5.90158
9996 4.96574
9997 5.10639
9998 4.34182
9999 4.53968
10000 4.72521
10001 5.65053
10002 4.16999
10003 6.35562
10004 8.39685
10005 7.72884
10006 7.01489
10007 3.7794
10008 7.70489
10009 5.1132
10010 3.02138
10011 3.74045
10012 7.75179
10013 4.43901
10014 3.95875
10015 8.72693
10016 8.75708
10017 6.70364
10018 3.44427
10019 4.54712
10020 6.15612
10021 3.93107
10022 3.84707
10023 4.16859
10024 4.9868
10025 5.86912
10026 4.18714
10027 7.09123
10028 4.33012
10029 4.39711
10030 5.16004
10031 5.43633
10032 7.5067
10033 5.63994
10034 4.48482
10035 4.62432
10036 4.04346
10037 6.31816
10038 4.69881
10039 8.29253
10040 3.61957
10041 5.4504
10042 4.0333
10043 4.26878
10044 3.79794
10045 4.16808
10046 6.94939
10047 7.48161
10048 4.301
10049 5.11729
10050 3.36387
10051 6.15523
10052 4.34505
10053 5.84701
10054 4.9838
10055 3.92494
10056 5.14394
10057 5.46312
10058 3.2219
10059 6.77427
10060 4.19821
10061 7.25183
10062 5.41729
10063 6.44103
10064 6.4408
10065 4.64799
10066 7.58168
10067 5.34793
10068 3.74795
10069 4.30437
10070 5.87207
10071 4.59337
10072 4.29249
10073 5.60169
10074 8.6098
10075 8.27371
10076 6.76573
10077 4.4147
10078 4.10988
10079 5.14424
10080 3.85156
10081 5.26228
10082 5.51489
10083 7.38265
10084 6.07288
10085 8.0457
10086 6.47646
10087 6.73988
10088 7.45527
10089 4.58277
10090 4.89562
10091 4.45033
10092 4.90815
10093 4.55493
10094 6.16304
10095 4.83855
10096 6.05852
10097 3.89067
10098 3.96375
10099 4.27257
10100 5.43376
10101 4.88043
10102 3.59393
10103 5.23091
10104 9.06893
10105 7.37683
10106 7.21883
10107 7.19326
10108 7.4388
10109 8.72693
10110 4.80608
10111 5.88275
10112 6.2465
10113 4.17632
10114 5.63609
10115 8.97895
10116 5.48437
10117 5.04729
10118 4.76776
10119 3.93327
10120 5.29048
10121 4.67563
10122 5.77897
10123 6.40588
10124 6.25697
10125 5.02737
10126 6.69877
10127 4.28307
10128 8.28662
10129 8.97765
10130 4.39804
10131 5.96633
10132 6.57027
10133 3.88649
10134 5.45768
10135 3.79914
10136 5.53254
10137 4.15644
10138 5.80299
10139 4.5506
10140 6.52531
10141 5.68591
10142 6.60281
10143 5.10043
10144 7.17814
10145 5.63711
10146 9.06557
10147 7.24861
10148 7.5624
10149 8.8983
10150 4.27356
10151 6.73587
10152 5.12676
10153 6.54858
10154 5.80743
10155 5.6152
10156 8.54555
10157 5.87984
10158 6.73935
10159 4.71467
10160 3.68041
10161 5.1884
10162 3.5863
10163 7.71219
10164 6.91812
10165 4.15886
10166 5.68601
10167 6.771
10168 4.63198
10169 3.76977
10170 5.9383
10171 5.65211
10172 5.82524
10173 3.98865
10174 4.2296
10175 4.06627
10176 4.94956
10177 3.47903
10178 6.80415
10179 9.3098
10180 5.86512
10181 4.58986
10182 5.0664
10183 4.31777
10184 5.88195
10185 9.88406
10186 5.84478
10187 4.21731
10188 4.19855
10189 7.1878
10190 5.56392
10191 6.47192
10192 6.47676
10193 7.55202
10194 5.17073
10195 9.44244
10196 5.90874
10197 5.12069
10198 5.32511
10199 3.67524
10200 4.9139
10201 6.97562
10202 7.86948
10203 4.62143
10204 4.37285
10205 4.72223
10206 6.16246
10207 4.5888
10208 6.23164
10209 4.91195
10210 6.22897
10211 4.21762
10212 6.40906
10213 6.5195
10214 3.71294
10215 5.70827
10216 5.60595
10217 6.13776
10218 6.24477
10219 5.59082
10220 7.03459
10221 7.00278
10222 3.81839
10223 3.69912
10224 4.10862
10225 4.27074
10226 6.18486
10227 4.03608
10228 3.33134
10229 3.98396
10230 5.32622
10231 7.09368
10232 4.06822
10233 5.09744
10234 5.69866
10235 4.29864
10236 8.42552
10237 5.24057
10238 3.52652
10239 6.1756
10240 3.59982
10241 3.34416
10242 5.35456
10243 8.40116
10244 4.7586
10245 9.10786
10246 6.09034
10247 4.99539
10248 4.04622
10249 3.73061
10250 5.89415
10251 4.48774
10252 4.03685
10253 3.58209
10254 4.48716
10255 4.70401
10256 4.33148
10257 5.84892
10258 6.71016
10259 5.10247
10260 4.29546
10261 4.67207
10262 7.11174
10263 5.63093
10264 3.39636
10265 7.81094
10266 6.23882
10267 6.01313
10268 5.16997
10269 8.70597
10270 6.19609
10271 4.30963
10272 8.70014
10273 4.29239
10274 4.99748
10275 4.80095
10276 6.39029
10277 6.25125
10278 5.34246
10279 5.80441
10280 5.94169
10281 5.49895
10282 5.78301
10283 4.9919
10284 4.88729
10285 5.12167
10286 4.84267
10287 5.90379
10288 5.45921
10289 4.34123
10290 5.77107
10291 6.67845
10292 7.06532
10293 3.23948
10294 4.32477
10295 6.49135
10296 6.36846
10297 4.30482
10298 5.98901
10299 5.30277
10300 7.12671
10301 6.32884
10302 7.40816
10303 4.41748
10304 3.99175
10305 6.77975
10306 3.58512
10307 8.1411
10308 4.97929
10309 8.77993
10310 5.7887
10311 5.98782
10312 5.35064
10313 5.96617
10314 7.22215
10315 6.31281
10316 3.47666
10317 7.32588
10318 6.44633
10319 7.24371
10320 6.68049
10321 4.0027
10322 3.40819
10323 8.52888
10324 6.77194
10325 7.65945
10326 8.47751
10327 5.7281
10328 3.90527
10329 6.98792
10330 4.73996
10331 3.27601
10332 3.90161
10333 5.64682
10334 4.67817
10335 5.1534
10336 4.11153
10337 5.72285
10338 4.89796
10339 9.26153
10340 3.68391
10341 5.27531
10342 5.34447
10343 5.43409
10344 9.36866
10345 4.05421
10346 5.95462
10347 6.98395
10348 4.46019
10349 7.84743
10350 7.12768
10351 6.62197
10352 5.52624
10353 7.32136
10354 4.83234
10355 4.78362
10356 5.64619
10357 3.93938
10358 3.5513
10359 3.81022
10360 4.64188
10361 4.05077
10362 7.48667
10363 5.52842
10364 3.6154
10365 6.54678
10366 4.91633
10367 5.22338
10368 4.20923
10369 4.7729
10370 7.66433
10371 4.28485
10372 6.47941
10373 5.86128
10374 5.49616
10375 8.51156
10376 9.28033
10377 7.20743
10378 3.5412
10379 5.96735
10380 5.17182
10381 5.52683
10382 6.22684
10383 4.59915
10384 3.9161
10385 5.77569
10386 4.65571
10387 6.10079
10388 3.55743
10389 6.02709
10390 6.20045
10391 4.64408
10392 5.69498
10393 4.05225
10394 5.63757
10395 5.69145
10396 7.97885
10397 3.97134
10398 6.96986
10399 6.79585
10400 7.64216
10401 4.9709
10402 5.24331
10403 4.3672
10404 4.76301
10405 6.31433
10406 6.97273
10407 4.21909
10408 8.90273
10409 4.9668
10410 8.06489
10411 3.57404
10412 5.97435
10413 6.31509
10414 5.96055
10415 4.74444
10416 5.26779
10417 4.19836
10418 7.12048
10419 3.83838
10420 4.60338
10421 7.6355
10422 8.31583
10423 5.12895
10424 5.25875
10425 4.10642
10426 6.02722
10427 6.95555
10428 4.44792
10429 3.4311
10430 5.26612
10431 9.59335
10432 3.65265
10433 4.34543
10434 4.34278
10435 3.8578
10436 4.72668
10437 8.70295
10438 3.48661
10439 6.30037
10440 5.49027
10441 4.22239
10442 5.92895
10443 4.85989
10444 4.24806
10445 7.69422
10446 7.36099
10447 3.95007
10448 5.27802
10449 4.74566
10450 6.31462
10451 5.25048
10452 5.24874
10453 6.44122
10454 5.15897
10455 7.73501
10456 3.27
10457 4.91233
10458 3.47412
10459 3.5562
10460 8.54489
10461 4.89728
10462 8.25072
10463 4.5752
10464 3.79304
10465 4.14871
10466 4.67528
10467 7.60226
10468 6.81944
10469 7.40343
10470 3.64001
10471 5.78032
10472 4.30447
10473 5.45204
10474 4.67314
10475 8.62239
10476 5.78057
10477 5.87081
10478 5.75007
10479 3.49293
10480 5.10115
10481 4.44849
10482 4.01296
10483 3.81147
10484 4.32974
10485 8.4605
10486 6.12585
10487 5.91973
10488 6.24238
10489 6.33504
10490 7.84717
10491 9.26493
10492 5.64686
10493 4.67181
10494 6.62852
10495 5.36043
10496 5.34359
10497 4.95649
10498 7.37179
10499 5.05308
10500 4.43341
10501 4.06639
10502 6.4408
10503 8.04321
10504 4.56272
10505 3.35627
10506 7.1424
10507 7.28317
10508 5.95045
10509 4.88349
10510 6.00606
10511 5.43042
10512 4.81267
10513 5.69499
10514 6.18224
10515 6.06323
10516 7.00487
10517 3.81876
10518 6.13224
10519 4.01403
10520 9.5035
10521 6.27123
10522 4.05293
10523 5.59505
10524 6.08743
10525 3.39251
10526 4.32119
10527 6.97101
10528 7.9914
10529 8.1315
10530 3.89833
10531 5.87562
10532 4.29449
10533 5.54483
10534 5.16961
10535 6.28799
10536 3.85811
10537 4.88508
10538 8.71141
10539 9.27639
10540 4.49479
10541 3.63924
10542 4.77986
10543 7.65041
10544 4.68587
10545 7.14431
10546 5.52612
10547 7.25553
10548 7.06013
10549 3.66972
10550 5.75814
10551 4.5656
10552 6.93221
10553 7.0138
10554 6.55812
10555 6.58767
10556 7.39102
10557 6.67601
10558 4.10634
10559 3.24077
10560 5.82075
10561 3.11925
10562 4.68727
10563 4.1497
10564 4.20915
10565 7.78178
10566 5.3424
10567 6.87112
10568 3.71971
10569 4.79651
10570 5.65557
10571 3.82336
10572 4.59126
10573 9.61387
10574 5.27315
10575 6.61218
10576 8.31478
10577 4.04927
10578 9.15767
10579 6.17598
10580 6.65664
10581 5.39922
10582 4.66413
10583 5.28591
10584 6.83965
10585 5.1644
10586 4.64683
10587 4.04943
10588 3.89971
10589 5.13038
10590 3.95565
10591 4.79745
10592 7.02686
10593 6.98286
10594 4.27746
10595 3.33934
10596 5.38695
10597 3.73351
10598 4.61379
10599 4.90257
10600 5.89743
10601 8.41214
10602 6.79078
10603 5.03766
10604 6.31438
10605 6.37922
10606 3.27351
10607 3.72047
10608 6.75363
10609 5.69649
10610 5.27233
10611 6.01881
10612 5.35699
10613 4.56366
10614 7.21994
10615 6.5767
10616 3.48844
10617 5.65939
10618 5.87781
10619 4.32995
10620 4.59491
10621 4.4539
10622 5.61062
10623 7.58154
10624 5.78281
10625 5.33323
10626 5.68468
10627 3.80134
10628 7.99669
10629 8.76946
10630 4.09402
10631 8.33131
10632 4.4454
10633 4.35834
10634 4.64499
10635 6.54037
10636 3.71993
10637 6.91859
10638 5.94124
10639 7.69714
10640 3.86561
10641 6.77403
10642 6.37287
10643 6.88757
10644 5.17557
10645 7.69056
10646 4.93141
10647 6.86645
10648 6.1235
10649 7.18145
10650 6.41379
10651 5.3971
10652 6.20602
10653 4.05293
10654 8.3699
10655 6.16419
10656 6.27323
10657 4.02879
10658 5.16217
10659 6.8815
10660 5.53353
10661 5.11034
10662 5.10588
10663 7.39423
10664 9.71497
10665 5.26147
10666 4.23208
10667 4.55923
10668 4.7969
10669 6.84013
10670 4.75611
10671 4.21437
10672 5.02612
10673 3.20594
10674 5.83991
10675 4.97949
10676 3.671
10677 5.14314
10678 5.41399
10679 6.35064
10680 3.91016
10681 3.99437
10682 3.74528
10683 6.03282
10684 4.28161
10685 4.67039
10686 5.19693
10687 5.88393
10688 4.25461
10689 3.63963
10690 3.57617
10691 3.67389
10692 4.84375
10693 6.49528
10694 3.76933
10695 7.32201
10696 5.82758
10697 3.59973
10698 3.80685
10699 6.17037
10700 7.30481
10701 5.46394
10702 4.64577
10703 7.47186
10704 7.2799
10705 8.77675
10706 5.45169
10707 5.12547
10708 6.08234
10709 3.79072
10710 3.36579
10711 3.64382
10712 5.39169
10713 4.40263
10714 5.129
10715 8.70723
10716 6.53046
10717 4.38527
10718 5.8937
10719 4.48673
10720 7.55448
10721 5.43234
10722 3.71456
10723 3.42285
10724 6.51633
10725 4.67292
10726 5.23619
10727 4.43585
10728 7.62157
10729 7.61909
10730 6.88812
10731 3.63547
10732 4.29747
10733 4.41566
10734 5.73469
10735 4.36689
10736 4.1193
10737 4.25188
10738 4.12934
10739 3.58206
10740 5.12466
10741 4.44592
10742 3.30298
10743 4.5799
10744 4.2341
10745 6.2012
10746 7.2566
10747 4.98576
10748 6.92565
10749 4.71267
10750 6.02312
10751 5.43497
10752 4.43902
10753 4.55138
10754 4.33484
10755 5.86282
10756 8.36081
10757 3.45941
10758 5.01292
10759 4.82245
10760 5.0602
10761 7.05486
10762 4.15211
10763 4.24913
10764 8.60569
10765 6.13878
10766 5.27804
10767 3.9089
10768 4.66962
10769 4.68106
10770 6.31727
10771 7.8203
10772 4.84926
10773 4.52548
10774 4.9845
10775 3.84436
10776 7.26199
10777 4.98466
10778 7.49265
10779 5.09266
10780 7.08141
10781 8.92241
10782 3.62773
10783 4.94601
10784 7.17935
10785 4.46136
10786 5.91824
10787 7.32797
10788 4.7005
10789 6.41794
10790 5.50831
10791 6.22507
10792 5.9802
10793 7.7355
10794 5.09156
10795 5.17695
10796 3.8064
10797 4.87044
10798 4.94101
10799 6.44506
10800 5.53186
10801 7.27797
10802 4.38522
10803 6.0149
10804 4.04972
10805 4.14534
10806 4.0748
10807 4.81274
10808 6.67357
10809 5.02512
10810 4.00877
10811 8.85848
10812 5.98162
10813 6.60715
10814 7.31545
10815 5.51262
10816 6.54671
10817 5.44279
10818 6.05102
10819 4.48164
10820 4.46878
10821 7.58726
10822 4.23656
10823 4.52263
10824 4.8439
10825 8.50804
10826 7.36952
10827 4.07145
10828 3.71273
10829 3.83102
10830 3.79595
10831 4.73304
10832 4.03305
10833 5.43355
10834 7.47423
10835 3.68559
10836 4.15868
10837 9.94734
10838 5.95309
10839 5.94125
10840 4.40785
10841 4.81844
10842 3.91269
10843 6.18668
10844 5.0724
10845 3.14627
10846 4.99546
10847 5.30919
10848 4.10515
10849 4.46287
10850 4.05435
10851 3.93684
10852 6.6359
10853 8.69313
10854 6.95611
10855 7.55284
10856 4.51499
10857 8.563
10858 7.54074
10859 7.58444
10860 6.22553
10861 6.18536
10862 5.83051
10863 7.85544
10864 5.05084
10865 5.79059
10866 8.05142
10867 7.20529
10868 6.28212
10869 5.50693
10870 3.65109
10871 5.30814
10872 7.66652
10873 4.04621
10874 5.52368
10875 8.17951
10876 6.64738
10877 3.53863
10878 3.75105
10879 5.80656
10880 6.8976
10881 3.81572
10882 3.59615
10883 3.89693
10884 4.45564
10885 6.34369
10886 4.41102
10887 5.12536
10888 7.25899
10889 4.44379
10890 5.38883
10891 6.51515
10892 4.58492
10893 9.27208
10894 6.5046
10895 7.12463
10896 5.83225
10897 5.73524
10898 7.34523
10899 4.24922
10900 6.2397
10901 6.30256
10902 3.83643
10903 6.22808
10904 4.35305
10905 3.54815
10906 5.29198
10907 6.48458
10908 3.33237
10909 3.80459
10910 8.44599
10911 8.91778
10912 6.53923
10913 5.41047
10914 4.79808
10915 5.41957
10916 6.92726
10917 7.88364
10918 7.43502
10919 6.4563
10920 7.62117
10921 4.58827
10922 6.24216
10923 6.37434
10924 5.47327
10925 5.23083
10926 3.70752
10927 6.37799
10928 5.0328
10929 3.45761
10930 5.37822
10931 3.9426
10932 5.11377
10933 4.66055
10934 5.6543
10935 8.19064
10936 4.82997
10937 4.20863
10938 6.8999
10939 7.30102
10940 7.09209
10941 8.83002
10942 5.62538
10943 6.67101
10944 7.20014
10945 5.63988
10946 3.96164
10947 4.00898
10948 4.45395
10949 9.21697
10950 6.03063
10951 7.47136
10952 5.42173
10953 8.94677
10954 6.48892
10955 5.75008
10956 8.23754
10957 4.60588
10958 6.39884
10959 7.55826
10960 5.93784
10961 7.16244
10962 7.90573
10963 4.1899
10964 6.36678
10965 5.23631
10966 9.91179
10967 7.93271
10968 7.31072
10969 6.81952
10970 6.86288
10971 7.04267
10972 6.21261
10973 8.1779
10974 5.03189
10975 5.38998
10976 4.68606
10977 4.97329
10978 7.23698
10979 4.96977
10980 3.21469
10981 3.9592
10982 4.15113
10983 4.84244
10984 8.56499
10985 3.3928
10986 4.80691
10987 3.97568
10988 5.42128
10989 4.72532
10990 5.1519
10991 5.14423
10992 5.03616
10993 4.88467
10994 4.74788
10995 6.3737
10996 5.12047
10997 6.41741
10998 5.12642
10999 5.13023
11000 5.71512
11001 5.46554
11002 5.89334
11003 4.31185
11004 4.54896
11005 4.24578
11006 4.43571
11007 4.91312
11008 4.88259
11009 3.59916
11010 5.36874
11011 4.15117
11012 6.80543
11013 3.70686
11014 4.1055
11015 3.90384
11016 3.8735
11017 4.94718
11018 7.05591
11019 3.72456
11020 6.24002
11021 6.04473
11022 5.03823
11023 6.0141
11024 5.68034
11025 6.87431
11026 4.87789
11027 4.27553
11028 6.07393
11029 5.78302
11030 7.42187
11031 4.85363
11032 5.71123
11033 4.79941
11034 7.02472
11035 9.93625
11036 3.92172
11037 3.37222
11038 3.40837
11039 3.68711
11040 7.14056
11041 3.98117
11042 5.29151
11043 4.272
11044 3.76978
11045 7.3777
11046 5.22795
11047 5.84431
11048 8.85577
11049 5.79048
11050 6.60242
11051 7.5582
11052 5.35957
11053 4.95931
11054 3.88121
11055 6.51838
11056 4.67956
11057 6.25006
11058 5.75763
11059 5.07576
11060 5.86965
11061 5.02622
11062 8.34523
11063 4.33341
11064 4.17381
11065 7.59412
11066 7.61025
11067 5.43825
11068 6.77505
11069 5.55412
11070 5.90658
11071 6.21509
11072 4.69586
11073 4.02815
11074 4.8992
11075 4.37497
11076 7.36737
11077 7.00413
11078 4.66642
11079 5.01985
11080 8.45469
11081 4.41483
11082 7.36586
11083 3.95742
11084 3.74209
11085 5.18294
11086 6.70311
11087 3.29169
11088 6.40289
11089 5.11275
11090 5.83691
11091 4.72592
11092 5.71524
11093 5.32115
11094 5.65734
11095 3.95195
11096 4.47186
11097 3.87235
11098 6.48617
11099 4.96538
11100 6.3975
11101 4.99919
11102 6.22158
11103 6.97195
11104 5.68298
11105 4.26727
11106 4.33874
11107 6.57886
11108 4.89197
11109 4.78995
11110 4.14266
11111 3.34844
11112 4.86541
11113 5.16809
11114 4.06402
11115 3.96157
11116 6.20842
11117 3.20399
11118 4.99496
11119 5.85389
11120 8.55633
11121 6.87306
11122 4.99255
11123 7.96541
11124 4.84535
11125 6.11183
11126 4.48786
11127 6.26039
11128 3.6409
11129 4.28533
11130 3.66962
11131 4.32571
11132 4.76292
11133 6.00673
11134 7.51601
11135 4.20406
11136 4.60899
11137 8.49245
11138 8.48967
11139 5.25185
11140 5.32971
11141 7.33093
11142 6.61129
11143 8.50328
11144 7.59217
11145 3.48411
11146 4.43366
11147 3.37904
11148 6.25925
11149 5.36945
11150 6.99631
11151 7.96271
11152 5.571
11153 3.76581
11154 5.49848
11155 3.62332
11156 6.13813
11157 6.40935
11158 6.12136
11159 4.71061
11160 6.72316
11161 8.48235
11162 8.04265
11163 5.10684
11164 7.71633
11165 5.20874
11166 3.24344
11167 7.15233
11168 5.06506
11169 3.58389
11170 4.34771
11171 5.45126
11172 5.01668
11173 6.09522
11174 6.30915
11175 4.31973
11176 8.63163
11177 8.52986
11178 3.96518
11179 4.43913
11180 4.85404
11181 4.14658
11182 6.53555
11183 6.92133
11184 4.64103
11185 4.4813
11186 7.93746
11187 3.47329
11188 4.08595
11189 4.1766
11190 4.29121
11191 7.35457
11192 4.34164
11193 4.49494
11194 4.64895
11195 8.29015
11196 5.12175
11197 4.67403
11198 6.89187
11199 4.29562
11200 8.30663
11201 8.36006
11202 3.69231
11203 7.74099
11204 6.41335
11205 4.06548
11206 5.52471
11207 4.01965
11208 6.1609
11209 7.06988
11210 4.768
11211 7.05737
11212 4.80776
11213 5.88608
11214 9.27324
11215 4.37612
11216 4.46332
11217 4.19086
11218 4.17612
11219 5.12172
11220 5.56578
11221 6.85345
11222 4.72935
11223 5.15924
11224 8.13575
11225 3.78264
11226 3.76266
11227 4.97142
11228 5.27226
11229 3.56648
11230 5.89341
11231 4.48957
11232 4.20272
11233 6.68237
11234 4.40947
11235 3.98416
11236 4.77731
11237 4.6255
11238 4.31871
11239 5.95059
11240 4.58732
11241 4.65822
11242 3.53256
11243 7.67601
11244 4.94959
11245 4.2119
11246 4.62585
11247 4.892
11248 4.82288
11249 6.83361
11250 5.00329
11251 5.687
11252 8.212
11253 4.01001
11254 5.06571
11255 3.81932
11256 6.37665
11257 5.28268
11258 3.95385
11259 7.06855
11260 5.1169
11261 6.71177
11262 4.95932
11263 4.89558
11264 6.5057
11265 4.2774
11266 4.8874
11267 4.68755
11268 9.5416
11269 4.98927
11270 4.13082
11271 3.30994
11272 5.58623
11273 4.85292
11274 4.0431
11275 5.39463
11276 5.32631
11277 6.58014
11278 7.37739
11279 4.58139
11280 3.7994
11281 3.78391
11282 4.53386
11283 7.03148
11284 4.14478
11285 6.18264
11286 7.47762
11287 6.74135
11288 8.15768
11289 5.22857
11290 5.67672
11291 7.69602
11292 5.94787
11293 4.3846
11294 3.46172
11295 3.19636
11296 8.9071
11297 7.82016
11298 6.34505
11299 6.79172
11300 6.98032
11301 7.32156
11302 4.46512
11303 3.67932
11304 3.88465
11305 5.52
11306 3.7862
11307 4.37601
11308 7.88088
11309 3.85974
11310 4.07251
11311 3.46006
11312 6.00504
11313 5.15097
11314 7.0411
11315 6.98926
11316 6.06951
11317 5.40746
11318 3.76086
11319 5.00413
11320 7.6936
11321 8.77261
11322 8.23545
11323 3.90331
11324 7.29487
11325 4.72595
11326 5.00287
11327 9.12097
11328 6.93352
11329 7.50814
11330 7.03264
11331 3.69101
11332 6.25773
11333 5.69842
11334 6.36029
11335 4.82314
11336 3.93181
11337 3.9621
11338 5.40985
11339 5.37311
11340 4.526
11341 5.33045
11342 7.20195
11343 3.66892
11344 7.08787
11345 4.80289
11346 4.41474
11347 7.84334
11348 6.14391
11349 5.46197
11350 3.38058
11351 5.2082
11352 3.77085
11353 4.29906
11354 6.19568
11355 6.94181
11356 4.20005
11357 6.32917
11358 6.54494
11359 3.83691
11360 5.41786
11361 7.57471
11362 7.26865
11363 9.23409
11364 6.13402
11365 5.68762
11366 4.04245
11367 4.00961
11368 6.53052
11369 7.7603
11370 7.40053
11371 5.14069
11372 6.23037
11373 9.78406
11374 6.60544
11375 6.20853
11376 9.34181
11377 6.42666
11378 4.4101
11379 5.40161
11380 4.53989
11381 5.96446
11382 3.40564
11383 3.29956
11384 6.5091
11385 6.07409
11386 7.83182
11387 5.49422
11388 4.56994
11389 8.1866
11390 4.58269
11391 3.37673
11392 5.51659
11393 3.70504
11394 6.81967
11395 6.22946
11396 4.50052
11397 4.38752
11398 4.72988
11399 4.43537
11400 4.60472
11401 4.74486
11402 4.62744
11403 4.04333
11404 7.20116
11405 7.91624
11406 3.68087
11407 5.3017
11408 6.48297
11409 7.95256
11410 3.85525
11411 7.13538
11412 4.19812
11413 4.74829
11414 7.01292
11415 4.24495
11416 6.90487
11417 5.2017
11418 3.13934
11419 5.25447
11420 4.88256
11421 5.73342
11422 7.73485
11423 4.41639
11424 7.23438
11425 7.27756
11426 5.17058
11427 5.84792
11428 5.28758
11429 3.5181
11430 6.73557
11431 5.05363
11432 4.15811
11433 5.36261
11434 6.31159
11435 5.51884
11436 3.92201
11437 5.52752
11438 7.89822
11439 6.20649
11440 6.15414
11441 4.62992
11442 6.7001
11443 7.2331
11444 4.73162
11445 5.81203
11446 8.104
11447 7.39774
11448 9.33046
11449 4.50641
11450 4.39408
11451 3.73819
11452 4.3979
11453 5.18917
11454 5.8919
11455 3.94081
11456 5.24576
11457 6.87586
11458 5.49603
11459 3.35303
11460 4.76431
11461 4.18247
11462 4.75982
11463 6.14369
11464 3.90333
11465 3.75414
11466 4.32579
11467 6.84241
11468 5.70031
11469 6.3825
11470 4.41044
11471 5.24247
11472 5.19691
11473 7.81226
11474 3.42402
11475 4.2183
11476 4.52367
11477 3.85616
11478 5.30471
11479 3.82885
11480 4.06906
11481 6.28003
11482 6.30241
11483 3.99742
11484 7.74673
11485 6.18462
11486 4.7553
11487 6.65166
11488 7.16727
11489 5.80726
11490 7.45794
11491 5.93449
11492 4.31159
11493 5.23116
11494 6.7307
11495 5.61065
11496 6.13587
11497 3.71546
11498 4.46093
11499 4.04499
11500 5.80129
11501 9.66543
11502 4.59866
11503 4.6652
11504 3.9689
11505 5.2065
11506 5.75926
11507 6.20204
11508 4.00224
11509 4.19889
11510 4.07609
11511 4.83761
11512 5.35345
11513 8.44257
11514 7.88496
11515 5.2225
11516 7.25109
11517 8.67902
11518 4.24754
11519 4.53091
11520 4.27232
11521 4.3168
11522 5.25304
11523 5.74781
11524 7.03472
11525 4.66161
11526 6.10913
11527 7.09918
11528 4.04404
11529 4.78165
11530 6.22219
11531 5.81372
11532 5.26316
11533 4.52562
11534 6.39812
11535 3.80964
11536 3.98564
11537 8.07335
11538 7.34898
11539 6.01119
11540 7.28013
11541 5.49887
11542 3.47856
11543 6.16444
11544 6.62722
11545 4.83603
11546 4.80277
11547 4.53414
11548 4.88346
11549 7.81663
11550 5.93034
11551 4.61206
11552 6.44927
11553 4.40305
11554 3.40832
11555 4.74957
11556 5.01331
11557 4.5229
11558 6.24176
11559 5.67846
11560 5.15632
11561 4.78702
11562 3.93223
11563 6.52503
11564 6.88257
11565 6.49736
11566 4.68195
11567 3.46177
11568 5.66594
11569 7.17449
11570 3.60159
11571 5.75934
11572 4.53479
11573 4.05952
11574 6.58995
11575 6.03283
11576 5.64683
11577 5.67548
11578 4.17077
11579 5.19601
11580 4.66596
11581 4.46984
11582 6.6514
11583 7.17654
11584 5.98406
11585 5.83883
11586 6.54247
11587 3.12738
11588 5.15692
11589 4.00509
11590 3.59189
11591 4.4012
11592 4.86915
11593 4.71923
11594 4.25486
11595 5.44383
11596 4.9559
11597 3.26672
11598 5.08734
11599 8.92085
11600 9.83019
11601 5.75235
11602 3.39424
11603 6.4555
11604 6.89281
11605 7.00291
11606 4.87874
11607 5.5006
11608 3.77736
11609 4.42768
11610 5.34042
11611 3.04803
11612 3.56812
11613 4.25486
11614 5.67471
11615 6.71378
11616 4.88477
11617 5.49588
11618 4.95355
11619 5.22555
11620 4.84866
11621 6.72411
11622 4.58003
11623 6.44838
11624 4.53072
11625 8.23959
11626 3.9709
11627 6.74994
11628 5.008
11629 6.73171
11630 4.07706
11631 4.18291
11632 4.90915
11633 5.33672
11634 6.72351
11635 7.54529
11636 5.52103
11637 6.88215
11638 3.2074
11639 3.7024
11640 5.30812
11641 6.91057
11642 9.13379
11643 8.6536
11644 3.91449
11645 8.09591
11646 9.08915
11647 6.20937
11648 6.16208
11649 4.36493
11650 3.61224
11651 8.98983
11652 3.62818
11653 5.34876
11654 4.10332
11655 4.11184
11656 6.70378
11657 3.88708
11658 3.82057
11659 3.88058
11660 9.41539
11661 7.73456
11662 6.6531
11663 4.06766
11664 4.39791
11665 5.40788
11666 5.6223
11667 3.79539
11668 5.02124
11669 6.19144
11670 7.08164
11671 4.19403
11672 3.33018
11673 8.80218
11674 7.4416
11675 6.25656
11676 4.24907
11677 6.76847
11678 4.44328
11679 4.1868
11680 4.54892
11681 5.75104
11682 7.34721
11683 8.33508
11684 3.89262
11685 7.28293
11686 3.05542
11687 3.84813
11688 3.98431
11689 4.48636
11690 5.62108
11691 6.93041
11692 4.17292
11693 4.01596
11694 9.35151
11695 8.66084
11696 5.01221
11697 5.42352
11698 5.7386
11699 7.66948
11700 3.67446
11701 4.67299
11702 4.25504
11703 5.02915
11704 4.15524
11705 4.94463
11706 9.99164
11707 5.73016
11708 4.73389
11709 5.10998
11710 7.83931
11711 9.69991
11712 3.94955
11713 5.33415
11714 3.67123
11715 5.7266
11716 3.98164
11717 6.61994
11718 6.0775
11719 6.36902
11720 4.12378
11721 7.73657
11722 8.8466
11723 7.01697
11724 6.69358
11725 8.10022
11726 7.02041
11727 7.62123
11728 6.86061
11729 3.83423
11730 6.02772
11731 5.66909
11732 6.91126
11733 5.41532
11734 6.12008
11735 8.36827
11736 3.82985
11737 8.00248
11738 5.70447
11739 9.45494
11740 6.6393
11741 4.73597
11742 6.39118
11743 4.34562
11744 5.50029
11745 8.17734
11746 4.6037
11747 8.8753
11748 4.81607
11749 4.1166
11750 6.34599
11751 5.03315
11752 6.57663
11753 6.82803
11754 5.6107
11755 4.31687
11756 3.30962
11757 7.53144
11758 5.27011
11759 4.96005
11760 9.31994
11761 7.31799
11762 4.16622
11763 7.48611
11764 4.93134
11765 6.57432
11766 6.1733
11767 7.38428
11768 5.76589
11769 6.23638
11770 5.08482
11771 4.45365
11772 5.59795
11773 5.05297
11774 6.98771
11775 4.10759
11776 4.50914
11777 8.94854
11778 4.14527
11779 4.41964
11780 5.58565
11781 5.5971
11782 9.23148
11783 4.89454
11784 5.85928
11785 5.6477
11786 5.2623
11787 5.7212
11788 4.24226
11789 4.48032
11790 6.29017
11791 9.3814
11792 3.78969
11793 7.47081
11794 6.41559
11795 6.99394
11796 5.8567
11797 5.06148
11798 5.67012
11799 3.41995
11800 8.04846
11801 3.66608
11802 7.16594
11803 8.81595
11804 8.17129
11805 6.04288
11806 3.83752
11807 8.51086
11808 8.80716
11809 4.56164
11810 5.8838
11811 5.5371
11812 6.20218
11813 5.0231
11814 7.61643
11815 5.06365
11816 7.77456
11817 3.6989
11818 3.84163
11819 5.6369
11820 3.26668
11821 4.60851
11822 6.97602
11823 3.73313
11824 4.46512
11825 4.72554
11826 7.16363
11827 5.59682
11828 9.42722
11829 5.2268
11830 7.23389
11831 6.14788
11832 5.34928
11833 5.88608
11834 4.13708
11835 9.21446
11836 7.67299
11837 7.62695
11838 8.77043
11839 4.73836
11840 4.57727
11841 5.55822
11842 5.94437
11843 6.55396
11844 6.61118
11845 5.16031
11846 3.60165
11847 5.32577
11848 6.45652
11849 5.79063
11850 7.07319
11851 9.27298
11852 6.99515
11853 5.26547
11854 5.3712
11855 8.35937
11856 5.93841
11857 5.1846
11858 6.37055
11859 4.21925
11860 5.22194
11861 6.95682
11862 4.36404
11863 5.55306
11864 8.23481
11865 3.53303
11866 7.4479
11867 5.06092
11868 9.78416
11869 6.61261
11870 5.54194
11871 8.97034
11872 3.50765
11873 7.39277
11874 4.2763
11875 3.46161
11876 7.4141
11877 5.16977
11878 6.03749
11879 4.17376
11880 5.87429
11881 6.05184
11882 6.7106
11883 7.2121
11884 6.00752
11885 4.69401
11886 5.53872
11887 6.46782
11888 6.80015
11889 3.24239
11890 7.82798
11891 7.64734
11892 4.57375
11893 4.89481
11894 5.67181
11895 3.58784
11896 6.34128
11897 6.94676
11898 4.70394
11899 4.06093
11900 7.51607
11901 4.64308
11902 3.59612
11903 3.67345
11904 6.61917
11905 7.126
11906 5.00897
11907 3.48826
11908 4.56589
11909 9.17613
11910 3.97309
11911 4.96361
11912 6.59191
11913 4.07474
11914 5.60607
11915 5.32185
11916 4.79762
11917 4.90704
11918 5.22514
11919 4.62277
11920 3.81285
11921 5.15505
11922 3.28673
11923 3.39554
11924 6.78351
11925 8.11902
11926 6.28812
11927 4.08709
11928 4.15555
11929 5.70346
11930 4.62076
11931 6.89515
11932 6.58113
11933 4.07734
11934 3.50665
11935 5.95782
11936 5.92728
11937 8.88028
11938 4.84411
11939 3.25288
11940 3.99999
11941 5.90656
11942 3.86662
11943 3.94316
11944 4.7696
11945 6.82788
11946 5.39631
11947 5.08586
11948 5.18966
11949 8.52656
11950 8.08032
11951 4.96769
11952 9.3019
11953 6.18789
11954 7.00693
11955 5.94302
11956 8.25567
11957 6.18704
11958 4.46419
11959 5.45102
11960 5.51558
11961 9.69353
11962 4.5856
11963 3.36905
11964 4.96625
11965 9.40431
11966 8.17526
11967 6.54557
11968 5.80913
11969 5.85187
11970 5.09836
11971 7.53963
11972 6.29595
11973 5.93745
11974 9.74321
11975 7.94458
11976 6.24683
11977 6.70851
11978 7.73735
11979 6.51852
11980 7.69521
11981 4.01804
11982 6.49092
11983 6.76271
11984 4.90405
11985 6.18523
11986 5.22751
11987 3.57898
11988 4.5997
11989 8.86105
11990 5.58638
11991 4.03396
11992 3.48598
11993 4.58132
11994 4.74879
11995 4.27235
11996 7.01372
11997 5.70051
11998 6.1815
11999 5.23105
12000 6.77329
12001 4.03598
12002 8.84836
12003 7.30925
12004 4.73496
12005 4.86479
12006 5.25165
12007 3.39999
12008 4.87538
12009 4.2224
12010 7.47794
12011 3.9758
12012 3.53631
12013 4.78662
12014 5.17885
12015 7.51964
12016 8.29839
12017 5.77567
12018 4.08922
12019 5.35648
12020 6.14471
12021 4.74752
12022 4.81693
12023 4.68296
12024 6.42665
12025 5.36325
12026 5.08137
12027 3.84404
12028 3.87558
12029 3.12565
12030 4.19589
12031 3.64588
12032 5.46614
12033 4.64728
12034 3.96922
12035 5.6828
12036 5.4276
12037 7.55153
12038 3.87007
12039 8.26138
12040 6.14646
12041 6.42292
12042 5.96005
12043 4.98136
12044 8.10829
12045 5.12229
12046 3.96516
12047 5.01808
12048 5.72213
12049 6.65093
12050 6.2882
12051 6.64112
12052 3.87679
12053 4.06213
12054 8.67829
12055 4.9185
12056 5.64693
12057 6.46506
12058 7.49153
12059 5.96678
12060 4.67874
12061 4.40368
12062 7.0232
12063 6.57486
12064 3.73631
12065 3.65411
12066 4.27454
12067 4.53158
12068 3.35814
12069 5.74049
12070 6.6433
12071 8.6652
12072 5.6276
12073 7.09702
12074 8.23319
12075 4.63891
12076 4.94925
12077 7.87796
12078 8.46732
12079 5.10701
12080 4.95559
12081 5.03302
12082 5.06984
12083 4.56503
12084 5.98174
12085 5.66668
12086 9.50604
12087 6.88903
12088 5.24066
12089 6.9772
12090 3.79231
12091 6.62947
12092 6.03666
12093 7.7984
12094 6.73067
12095 5.97874
12096 4.6056
12097 6.74874
12098 4.71621
12099 8.83046
12100 6.7902
12101 7.79132
12102 5.89407
12103 3.86524
12104 5.70343
12105 7.87863
12106 5.17315
12107 3.26865
12108 4.30783
12109 6.53666
12110 4.46168
12111 6.64017
12112 7.37069
12113 6.76524
12114 5.15907
12115 3.43036
12116 7.34287
12117 7.80014
12118 4.82612
12119 5.25475
12120 7.34922
12121 5.34519
12122 7.82994
12123 4.4773
12124 3.95896
12125 6.3296
12126 5.89905
12127 4.14876
12128 8.19793
12129 6.00942
12130 7.6344
12131 5.85734
12132 5.19375
12133 3.69384
12134 5.45142
12135 4.7713
12136 3.99426
12137 8.31383
12138 4.55314
12139 4.71234
12140 5.08397
12141 6.74782
12142 5.38299
12143 4.74883
12144 5.50146
12145 5.3067
12146 6.19232
12147 3.4026
12148 5.5955
12149 4.42229
12150 4.23436
12151 3.71994
12152 9.6167
12153 7.636
12154 5.2205
12155 4.68371
12156 6.03994
12157 7.39
12158 4.55078
12159 7.08638
12160 5.73766
12161 3.51814
12162 4.71149
12163 4.31021
12164 3.57908
12165 3.96908
12166 4.95656
12167 4.5242
12168 8.88855
12169 4.74456
12170 4.77587
12171 6.4953
12172 4.84458
12173 5.52304
12174 4.62726
12175 5.38552
12176 5.5194
12177 3.76201
12178 3.88834
12179 5.29
12180 6.47537
12181 6.36306
12182 5.63591
12183 3.78051
12184 3.96178
12185 5.03196
12186 5.51132
12187 6.41103
12188 6.62143
12189 5.59396
12190 7.57764
12191 8.61267
12192 3.68195
12193 3.69348
12194 9.4703
12195 4.34871
12196 5.02271
12197 4.13054
12198 5.56419
12199 6.37638
12200 7.86349
12201 3.62342
12202 5.02467
12203 4.73306
12204 6.04482
12205 7.15574
12206 4.55321
12207 5.04297
12208 9.43566
12209 5.328
12210 7.7662
12211 6.09489
12212 6.51064
12213 5.82938
12214 3.86066
12215 3.59566
12216 7.92476
12217 3.67462
12218 4.57895
12219 6.39598
12220 5.07807
12221 4.82865
12222 5.94498
12223 8.24974
12224 5.14401
12225 4.15511
12226 8.4331
12227 8.71398
12228 6.01657
12229 7.21891
12230 7.49953
12231 5.76527
12232 7.95992
12233 9.2539
12234 4.6922
12235 5.40513
12236 5.63867
12237 6.2505
12238 6.862
12239 6.73768
12240 4.17627
12241 5.43323
12242 4.38927
12243 5.12005
12244 3.86416
12245 3.68258
12246 4.45405
12247 4.67674
12248 5.32043
12249 4.61785
12250 5.30775
12251 3.24653
12252 5.99096
12253 6.09039
12254 5.07668
12255 4.71349
12256 6.62819
12257 4.91611
12258 4.74485
12259 4.72208
12260 4.97287
12261 5.26323
12262 3.7786
12263 4.65943
12264 4.24011
12265 5.87625
12266 7.05236
12267 3.69164
12268 6.32681
12269 5.41904
12270 3.20987
12271 4.64818
12272 7.77975
12273 8.4927
12274 6.79851
12275 8.01354
12276 3.70889
12277 6.32328
12278 8.49779
12279 7.97525
12280 7.68451
12281 4.8337
12282 4.58469
12283 8.73888
12284 3.78668
12285 4.30929
12286 4.14284
12287 6.31961
12288 5.90737
12289 5.06455
12290 9.48023
12291 7.03361
12292 8.69545
12293 6.20926
12294 7.76191
12295 4.54315
12296 4.92887
12297 5.5458
12298 4.85189
12299 6.90787
12300 6.54966
12301 8.06523
12302 6.56348
12303 3.35147
12304 5.40119
12305 6.79915
12306 3.31301
12307 6.48823
12308 5.74178
12309 3.56325
12310 5.51698
12311 7.4151
12312 7.23639
12313 4.54788
12314 6.33099
12315 4.52243
12316 4.49163
12317 7.58871
12318 3.78457
12319 3.61546
12320 5.96304
12321 4.07541
12322 5.64471
12323 7.59047
12324 3.40909
12325 8.21982
12326 8.37919
12327 4.69128
12328 7.9891
12329 5.14675
12330 3.92804
12331 3.88277
12332 6.23441
12333 5.08172
12334 8.99742
12335 5.89264
12336 7.9166
12337 7.31442
12338 8.63721
12339 3.85961
12340 5.92386
12341 5.2368
12342 6.61165
12343 4.08596
12344 5.77823
12345 4.2104
12346 4.74782
12347 4.08054
12348 7.58133
12349 7.26428
12350 7.90784
12351 5.29555
12352 5.23027
12353 7.7638
12354 7.17187
12355 5.17612
12356 5.22347
12357 3.87172
12358 6.08491
12359 7.33957
12360 5.39131
12361 5.67833
12362 7.3215
12363 3.84915
12364 3.49314
12365 4.95285
12366 5.31429
12367 3.21142
12368 5.49328
12369 7.85693
12370 6.44724
12371 4.78116
12372 3.79595
12373 5.72639
12374 6.05946
12375 4.44
12376 4.60297
12377 4.62832
12378 3.26955
12379 7.28612
12380 4.96882
12381 3.71896
12382 5.87765
12383 5.32373
12384 7.8447
12385 6.39487
12386 6.03536
12387 4.38792
12388 5.05377
12389 5.89165
12390 4.3307
12391 3.3674
12392 7.20681
12393 4.76244
12394 5.74466
12395 5.29212
12396 6.1175
12397 4.9401
12398 5.50046
12399 5.51739
12400 6.71645
12401 5.95507
12402 4.13442
12403 6.30403
12404 3.66183
12405 3.93108
12406 3.82616
12407 4.18724
12408 6.49814
12409 4.3375
12410 5.04242
12411 4.3711
12412 6.88285
12413 4.73268
12414 5.26615
12415 4.18434
12416 7.14394
12417 8.45377
12418 5.6462
12419 5.67181
12420 7.00148
12421 7.01572
12422 5.14249
12423 3.24564
12424 4.68429
12425 5.10804
12426 4.4276
12427 4.17045
12428 4.48205
12429 4.35334
12430 4.67271
12431 7.82758
12432 7.73365
12433 5.49127
12434 4.04417
12435 7.55472
12436 6.13199
12437 6.89662
12438 4.95891
12439 3.9896
12440 8.83079
12441 7.07964
12442 9.6149
12443 5.64733
12444 6.26156
12445 4.9203
12446 3.94873
12447 5.57446
12448 5.44527
12449 5.13227
12450 5.78272
12451 5.53195
12452 3.39874
12453 3.9684
12454 7.06451
12455 5.00904
12456 5.63536
12457 4.08313
12458 5.53166
12459 8.46563
12460 8.50407
12461 7.32632
12462 5.75803
12463 5.19394
12464 7.8469
12465 9.84018
12466 6.19798
12467 7.15148
12468 4.5322
12469 3.99607
12470 4.02724
12471 5.50735
12472 4.67471
12473 5.86269
12474 4.83994
12475 4.29466
12476 4.78081
12477 4.18238
12478 7.3679
12479 6.00223
12480 4.72585
12481 4.11979
12482 3.70125
12483 3.77005
12484 6.60695
12485 7.41035
12486 8.37646
12487 3.67151
12488 3.87812
12489 6.78324
12490 5.42433
12491 4.82125
12492 4.07406
12493 3.56787
12494 6.59009
12495 5.96012
12496 4.31982
12497 4.62631
12498 6.77795
12499 4.08687
12500 8.22152
12501 4.65844
12502 4.76251
12503 5.5816
12504 6.19871
12505 7.96684
12506 7.13357
12507 4.70406
12508 7.03763
12509 7.9351
12510 5.79902
12511 7.34694
12512 7.92826
12513 5.01258
12514 4.17173
12515 6.82523
12516 4.89243
12517 4.74752
12518 7.18523
12519 6.66148
12520 6.11648
12521 6.27016
12522 9.8958
12523 7.92848
12524 4.57863
12525 5.11625
12526 5.65761
12527 5.27436
12528 6.25589
12529 4.59392
12530 3.84065
12531 6.24167
12532 5.26646
12533 5.48959
12534 3.78
12535 4.55232
12536 7.87785
12537 5.98145
12538 4.37878
12539 3.77784
12540 4.36179
12541 6.65268
12542 6.17656
12543 3.81956
12544 4.19756
12545 4.70258
12546 4.97367
12547 6.78971
12548 3.43227
12549 5.23973
12550 6.39095
12551 7.54071
12552 3.761
12553 4.51658
12554 7.97513
12555 4.17208
12556 4.65919
12557 6.08691
12558 3.59264
12559 6.65295
12560 3.18743
12561 5.66151
12562 4.0509
12563 4.88366
12564 6.1136
12565 6.84166
12566 5.7546
12567 6.51879
12568 5.50407
12569 6.22239
12570 7.15534
12571 7.51076
12572 6.99674
12573 4.30774
12574 5.00036
12575 7.18133
12576 6.80032
12577 5.06624
12578 7.83094
12579 3.28071
12580 4.27452
12581 3.90014
12582 5.1581
12583 5.38578
12584 7.19197
12585 6.60079
12586 7.7833
12587 4.35899
12588 5.36546
12589 7.3374
12590 7.20819
12591 5.93145
12592 4.23687
12593 6.24514
12594 5.83947
12595 7.79556
12596 5.62135
12597 4.19849
12598 6.82222
12599 5.00311
12600 6.17289
12601 3.98327
12602 6.32103
12603 4.56212
12604 7.42045
12605 4.13365
12606 3.97436
12607 7.08041
12608 4.20785
12609 5.60932
12610 5.60145
12611 5.94119
12612 8.39464
12613 5.03816
12614 4.48395
12615 7.44417
12616 4.84723
12617 7.63648
12618 8.66128
12619 5.09996
12620 6.74752
12621 4.16575
12622 3.85262
12623 3.67629
12624 6.12282
12625 6.03032
12626 4.92752
12627 4.76431
12628 6.92795
12629 8.23982
12630 5.55519
12631 5.05606
12632 6.52194
12633 6.99634
12634 5.84118
12635 6.45375
12636 4.41288
12637 3.76366
12638 6.59917
12639 6.16493
12640 6.44653
12641 4.03206
12642 5.2824
12643 4.58612
12644 3.70127
12645 5.85737
12646 4.69125
12647 4.02223
12648 7.67219
12649 6.78802
12650 4.95592
12651 4.58547
12652 4.84395
12653 5.70696
12654 5.42842
12655 4.87217
12656 5.22857
12657 4.62079
12658 3.40646
12659 5.00201
12660 4.46331
12661 6.91779
12662 6.37807
12663 5.68729
12664 4.38078
12665 7.77531
12666 6.43986
12667 4.23683
12668 8.36153
12669 3.30452
12670 3.33865
12671 3.71481
12672 4.54556
12673 8.3308
12674 5.07499
12675 6.92748
12676 5.61874
12677 6.89686
12678 8.24866
12679 6.21061
12680 5.51414
12681 7.25318
12682 6.00457
12683 6.15021
12684 5.38949
12685 3.47296
12686 4.94552
12687 4.55454
12688 6.14992
12689 6.16438
12690 5.21772
12691 6.89993
12692 6.80462
12693 3.72344
12694 4.22735
12695 4.60746
12696 6.64091
12697 4.50352
12698 4.56146
12699 4.31921
12700 7.12703
12701 3.90982
12702 4.03758
12703 5.95475
12704 3.78136
12705 5.00113
12706 4.37711
12707 5.41995
12708 5.5369
12709 7.52206
12710 5.80049
12711 4.69609
12712 6.36337
12713 7.36279
12714 3.47156
12715 9.55642
12716 9.86269
12717 7.10353
12718 4.24435
12719 5.54916
12720 6.83586
12721 4.7005
12722 7.03914
12723 5.97651
12724 5.08519
12725 3.59935
12726 3.32089
12727 6.55491
12728 5.11772
12729 6.62809
12730 4.9202
12731 5.85744
12732 3.93087
12733 6.67503
12734 5.12854
12735 3.12918
12736 6.76207
12737 3.70706
12738 4.06325
12739 5.79873
12740 4.65753
12741 4.06467
12742 7.15276
12743 5.77386
12744 7.10712
12745 7.14736
12746 5.25207
12747 4.49175
12748 8.78888
12749 4.71657
12750 6.00659
12751 4.42525
12752 6.6806
12753 4.98205
12754 7.81765
12755 5.55401
12756 6.98377
12757 6.694
12758 5.41046
12759 6.03604
12760 7.34522
12761 3.97033
12762 5.1943
12763 3.87943
12764 3.68515
12765 5.27171
12766 4.22968
12767 4.70857
12768 6.1298
12769 3.64436
12770 5.57452
12771 8.53202
12772 4.95243
12773 4.67522
12774 5.78185
12775 4.77157
12776 3.81311
12777 7.1597
12778 3.22879
12779 8.26345
12780 5.6584
12781 6.05782
12782 7.7159
12783 5.31506
12784 5.85098
12785 4.10408
12786 5.97492
12787 6.46546
12788 6.18414
12789 3.81819
12790 3.43794
12791 5.24771
12792 4.65568
12793 5.16313
12794 6.00584
12795 4.56418
12796 4.09081
12797 6.30823
12798 6.12708
12799 8.60242
12800 3.81642
12801 7.21469
12802 4.35462
12803 4.70877
12804 4.27688
12805 4.89577
12806 7.86016
12807 4.35574
12808 5.64791
12809 7.47541
12810 3.6988
12811 4.25444
12812 9.41353
12813 6.1723
12814 5.70861
12815 4.0326
12816 5.30485
12817 4.1319
12818 4.65949
12819 8.02447
12820 8.57334
12821 8.39618
12822 5.70465
12823 9.11984
12824 5.26443
12825 4.12641
12826 4.6546
12827 8.26023
12828 7.70938
12829 7.47515
12830 8.8519
12831 3.38707
12832 6.37309
12833 5.63616
12834 3.68939
12835 8.56713
12836 3.88347
12837 5.19285
12838 6.82848
12839 4.70974
12840 4.14048
12841 4.53433
12842 5.23402
12843 4.45692
12844 5.97901
12845 8.005
12846 6.28134
12847 8.02905
12848 5.67622
12849 4.84578
12850 6.28387
12851 6.49424
12852 4.00251
12853 7.76761
12854 4.83789
12855 4.4572
12856 6.50873
12857 5.13068
12858 6.67876
12859 7.56518
12860 9.28462
12861 6.00923
12862 4.1673
12863 4.87618
12864 8.11689
12865 4.4809
12866 4.10201
12867 8.36185
12868 6.52317
12869 6.16564
12870 7.64764
12871 7.6554
12872 4.97516
12873 3.90261
12874 4.32091
12875 5.27816
12876 8.38403
12877 3.54349
12878 5.98241
12879 6.49264
12880 4.26831
12881 4.96243
12882 6.51461
12883 5.49646
12884 4.36463
12885 7.21934
12886 6.42633
12887 4.46531
12888 4.10775
12889 4.0908
12890 4.82654
12891 4.42942
12892 3.3172
12893 6.67854
12894 4.14622
12895 3.67036
12896 6.2935
12897 6.62113
12898 4.81769
12899 6.98425
12900 6.55242
12901 6.39878
12902 6.43465
12903 5.89394
12904 5.39732
12905 5.24141
12906 7.75346
12907 8.57896
12908 7.76734
12909 5.05998
12910 6.72716
12911 6.96554
12912 4.60658
12913 4.30157
12914 4.91564
12915 5.88913
12916 4.93451
12917 9.29621
12918 4.53928
12919 3.71871
12920 7.24363
12921 8.94103
12922 7.21092
12923 3.58184
12924 3.24401
12925 4.23371
12926 4.26669
12927 5.00544
12928 8.69798
12929 3.65418
12930 7.15519
12931 3.7942
12932 5.34131
12933 7.81553
12934 4.23359
12935 4.94441
12936 3.74672
12937 6.64903
12938 4.17415
12939 4.36956
12940 6.93497
12941 6.62896
12942 8.13005
12943 5.01641
12944 6.04366
12945 5.11044
12946 7.5968
12947 5.35478
12948 4.60513
12949 5.51116
12950 7.24484
12951 5.55006
12952 7.43197
12953 6.88131
12954 5.14271
12955 7.73573
12956 7.65126
12957 6.98349
12958 3.99374
12959 5.4004
12960 6.69276
12961 3.66817
12962 4.38237
12963 6.97876
12964 4.61248
12965 7.60005
12966 5.44715
12967 3.32579
12968 7.99537
12969 7.41716
12970 3.11454
12971 4.51324
12972 4.09769
12973 5.22678
12974 4.70814
12975 4.83205
12976 7.12797
12977 8.27869
12978 5.07209
12979 5.74789
12980 4.60227
12981 3.8379
12982 6.08122
12983 6.12935
12984 5.85588
12985 3.85901
12986 3.48457
12987 3.88086
12988 4.14546
12989 3.16574
12990 4.79358
12991 3.42505
12992 5.28734
12993 3.29803
12994 5.14728
12995 5.41861
12996 7.73436
12997 5.96526
12998 3.74516
12999 7.18414
13000 8.0139
13001 4.76292
13002 7.13842
13003 8.36993
13004 7.26243
13005 6.23156
13006 3.80482
13007 9.19423
13008 4.36673
13009 8.08665
13010 5.96528
13011 5.54017
13012 4.55858
13013 4.35853
13014 7.59574
13015 6.1749
13016 6.42024
13017 7.02882
13018 5.73478
13019 5.99064
13020 6.73349
13021 8.62414
13022 5.03329
13023 4.16864
13024 6.77426
13025 3.74117
13026 7.97693
13027 3.69413
13028 7.92406
13029 4.95402
13030 8.62549
13031 7.11422
13032 5.4201
13033 6.19873
13034 5.05853
13035 7.0027
13036 7.50739
13037 7.6213
13038 5.63248
13039 6.77177
13040 5.4073
13041 7.76519
13042 6.62395
13043 3.92488
13044 6.12266
13045 3.92244
13046 6.09104
13047 6.00007
13048 6.69936
13049 8.95419
13050 7.07627
13051 5.92509
13052 5.41139
13053 9.22858
13054 4.76189
13055 7.54172
13056 4.9102
13057 5.80943
13058 5.74822
13059 6.17598
13060 6.54926
13061 4.22941
13062 5.74083
13063 8.49332
13064 3.92711
13065 5.73915
13066 6.76994
13067 7.6559
13068 9.01278
13069 6.09524
13070 4.20062
13071 3.41073
13072 4.43937
13073 6.64823
13074 4.30638
13075 6.79183
13076 6.7827
13077 5.36876
13078 4.252
13079 7.41213
13080 6.33701
13081 4.27799
13082 3.81361
13083 5.70147
13084 8.60423
13085 6.17706
13086 3.87261
13087 6.34352
13088 5.133
13089 6.09272
13090 8.67244
13091 4.9389
13092 4.70655
13093 4.66871
13094 5.04688
13095 4.89287
13096 3.27673
13097 5.6888
13098 3.47976
13099 5.54095
13100 9.30919
13101 4.91762
13102 5.88768
13103 8.05943
13104 7.22564
13105 4.091
13106 3.82533
13107 8.23581
13108 4.4384
13109 4.65199
13110 4.64942
13111 4.48308
13112 5.28002
13113 3.71985
13114 6.27239
13115 7.01004
13116 4.23996
13117 9.7101
13118 7.28261
13119 7.8926
13120 5.74198
13121 4.5098
13122 3.90619
13123 7.80893
13124 6.3543
13125 6.24279
13126 8.32158
13127 6.58778
13128 5.08128
13129 4.10086
13130 8.83511
13131 4.16618
13132 4.89124
13133 5.66584
13134 6.28321
13135 6.74167
13136 4.89868
13137 7.00593
13138 5.17669
13139 7.8717
13140 4.16053
13141 3.98871
13142 6.77938
13143 4.53302
13144 4.93262
13145 5.47146
13146 3.27944
13147 5.48675
13148 3.74354
13149 4.11369
13150 6.9517
13151 4.55559
13152 6.91829
13153 5.66615
13154 8.76237
13155 7.20935
13156 5.68593
13157 5.05856
13158 3.85517
13159 6.53691
13160 5.68485
13161 5.02331
13162 6.84681
13163 6.37118
13164 5.03231
13165 6.32098
13166 6.2758
13167 4.25411
13168 4.30104
13169 6.63761
13170 6.31266
13171 4.62378
13172 3.86384
13173 4.74513
13174 4.67554
13175 5.45922
13176 5.76149
13177 8.24708
13178 9.28737
13179 6.47874
13180 6.28524
13181 3.84521
13182 5.48006
13183 4.34182
13184 5.30108
13185 7.28453
13186 5.53057
13187 5.45483
13188 7.49681
13189 7.94447
13190 7.29364
13191 9.8422
13192 7.5406
13193 4.21976
13194 4.78118
13195 3.32086
13196 4.90291
13197 3.26104
13198 7.11651
13199 6.09906
13200 8.84307
13201 4.20474
13202 6.55275
13203 6.96087
13204 5.9353
13205 7.53946
13206 4.31771
13207 3.71192
13208 4.8553
13209 4.71152
13210 4.95401
13211 4.94459
13212 5.75851
13213 6.66367
13214 4.27197
13215 5.43747
13216 4.59694
13217 3.26309
13218 5.77794
13219 4.85327
13220 5.33571
13221 4.89208
13222 3.95634
13223 5.30721
13224 8.23307
13225 5.07441
13226 8.65502
13227 3.22976
13228 9.38691
13229 7.8982
13230 4.19713
13231 5.66197
13232 3.32713
13233 3.38708
13234 4.04169
13235 6.46987
13236 7.01268
13237 3.86453
13238 8.36731
13239 5.14553
13240 4.15859
13241 6.97314
13242 4.41452
13243 6.62854
13244 5.70547
13245 5.52736
13246 3.31122
13247 5.11085
13248 3.43705
13249 5.50463
13250 5.17314
13251 6.44593
13252 4.3208
13253 3.99724
13254 3.92154
13255 5.34597
13256 7.03651
13257 4.27997
13258 5.88814
13259 6.85329
13260 5.33032
13261 6.98719
13262 6.70896
13263 4.98552
13264 6.64475
13265 6.76528
13266 8.74765
13267 5.45137
13268 6.76612
13269 4.65083
13270 3.55656
13271 3.97744
13272 7.4174
13273 8.77041
13274 5.02545
13275 6.96217
13276 4.16689
13277 8.38081
13278 4.23807
13279 3.22915
13280 5.19763
13281 4.24668
13282 7.44479
13283 7.79147
13284 5.9408
13285 4.34877
13286 9.40146
13287 6.66482
13288 6.60412
13289 4.0628
13290 4.17408
13291 5.62386
13292 5.76835
13293 6.58489
13294 6.87545
13295 6.33908
13296 3.82415
13297 3.2549
13298 4.53718
13299 5.36359
13300 8.15408
13301 7.71075
13302 6.73639
13303 6.24323
13304 5.71503
13305 7.2113
13306 6.63716
13307 7.89661
13308 3.91838
13309 5.13317
13310 4.87778
13311 5.94243
13312 5.37643
13313 7.04736
13314 7.82258
13315 6.13936
13316 5.76625
13317 4.20325
13318 4.5324
13319 7.0197
13320 5.91865
13321 6.45369
13322 7.17224
13323 8.13982
13324 6.49775
13325 6.39936
13326 7.78003
13327 7.83479
13328 7.69062
13329 5.73104
13330 5.5363
13331 4.06102
13332 4.01283
13333 7.50988
13334 3.95627
13335 7.3806
13336 4.64853
13337 5.41211
13338 4.04892
13339 5.53395
13340 5.29528
13341 7.14486
13342 4.73715
13343 4.88319
13344 7.39578
13345 5.33614
13346 4.19279
13347 6.31217
13348 5.8538
13349 5.7347
13350 5.87804
13351 5.51038
13352 3.92638
13353 8.05982
13354 4.78494
13355 3.85476
13356 6.25439
13357 5.41828
13358 4.98762
13359 4.01687
13360 4.50441
13361 8.23252
13362 3.85789
13363 4.39663
13364 9.5138
13365 3.89929
13366 5.60369
13367 9.67315
13368 3.57895
13369 5.3064
13370 3.62903
13371 6.78759
13372 5.78114
13373 5.45226
13374 4.52643
13375 4.98659
13376 8.7722
13377 4.85572
13378 3.83085
13379 6.33808
13380 5.93912
13381 3.31722
13382 6.91828
13383 5.76073
13384 5.2876
13385 8.3322
13386 5.94708
13387 6.08784
13388 4.92174
13389 3.31698
13390 7.78947
13391 4.09668
13392 8.33449
13393 5.15731
13394 4.28518
13395 5.02171
13396 8.39467
13397 5.33397
13398 6.86031
13399 8.24338
13400 8.79923
13401 7.054
13402 5.82058
13403 4.58465
13404 3.68428
13405 3.7995
13406 5.11031
13407 3.82629
13408 7.79869
13409 4.05618
13410 5.27565
13411 3.73738
13412 5.101
13413 4.83601
13414 6.36925
13415 6.47058
13416 5.37543
13417 4.60745
13418 6.0604
13419 5.53225
13420 6.15186
13421 8.47657
13422 6.65277
13423 4.42388
13424 5.19253
13425 5.49254
13426 4.95808
13427 4.10036
13428 7.57355
13429 8.78279
13430 5.26605
13431 5.70463
13432 6.26777
13433 3.2942
13434 8.3293
13435 9.88394
13436 3.93791
13437 4.5156
13438 3.82301
13439 4.09236
13440 3.52398
13441 4.5333
13442 3.43139
13443 4.47131
13444 7.92277
13445 4.95409
13446 5.57023
13447 5.03117
13448 3.88625
13449 6.88627
13450 5.05798
13451 5.08989
13452 5.59469
13453 5.46029
13454 3.90038
13455 7.22149
13456 4.94027
13457 7.57478
13458 8.99047
13459 7.20746
13460 9.18189
13461 6.51785
13462 7.49265
13463 6.00451
13464 6.8438
13465 7.13324
13466 7.73314
13467 6.64705
13468 5.48283
13469 5.95035
13470 7.46783
13471 7.75544
13472 6.70348
13473 8.67184
13474 6.65673
13475 6.03784
13476 3.88722
13477 5.50915
13478 4.10523
13479 4.55803
13480 5.17973
13481 8.12507
13482 4.53764
13483 9.30776
13484 7.36278
13485 4.86765
13486 4.46862
13487 9.42238
13488 6.82833
13489 6.09559
13490 4.32644
13491 6.28461
13492 6.47917
13493 5.82585
13494 7.95217
13495 4.8005
13496 8.12823
13497 6.72785
13498 3.2079
13499 7.2327
13500 9.06681
13501 4.5309
13502 6.24163
13503 3.97553
13504 5.42479
13505 3.85792
13506 4.68467
13507 6.45971
13508 3.65925
13509 5.72931
13510 6.8895
13511 9.72402
13512 7.94584
13513 7.91991
13514 4.42791
13515 9.06356
13516 6.37585
13517 4.09768
13518 3.89889
13519 5.54823
13520 4.3648
13521 8.71194
13522 5.79155
13523 7.45962
13524 9.8499
13525 8.7919
13526 6.54878
13527 4.76787
13528 4.27076
13529 5.2007
13530 4.09711
13531 7.53198
13532 3.94985
13533 4.59147
13534 6.72973
13535 3.92469
13536 6.97339
13537 7.11729
13538 5.86068
13539 4.09044
13540 5.969
13541 5.65678
13542 5.62787
13543 6.22404
13544 8.28412
13545 6.0655
13546 7.05776
13547 3.6268
13548 3.65891
13549 5.69729
13550 5.73816
13551 5.56292
13552 5.00612
13553 6.75442
13554 4.17999
13555 4.3562
13556 6.24179
13557 3.77807
13558 6.60718
13559 9.37243
13560 6.30716
13561 4.8109
13562 5.90603
13563 7.04138
13564 4.82034
13565 7.80503
13566 6.80523
13567 5.75967
13568 5.23413
13569 7.5392
13570 7.07956
13571 4.50873
13572 4.49584
13573 8.15581
13574 4.33929
13575 5.67444
13576 4.49387
13577 6.23307
13578 5.55963
13579 3.88169
13580 9.25298
13581 5.83792
13582 5.50987
13583 5.0922
13584 4.98535
13585 5.03376
13586 4.65149
13587 6.07122
13588 6.77458
13589 5.9469
13590 5.14748
13591 5.7527
13592 4.38131
13593 5.60344
13594 6.17089
13595 4.2669
13596 3.68697
13597 5.06612
13598 5.31265
13599 5.74832
13600 4.50186
13601 8.5185
13602 4.22483
13603 5.91182
13604 5.78871
13605 6.55097
13606 7.82009
13607 5.6389
13608 5.8558
13609 9.29381
13610 7.71428
13611 7.33219
13612 4.46002
13613 6.20929
13614 6.12545
13615 4.85937
13616 5.31991
13617 4.35258
13618 6.3856
13619 6.94072
13620 5.13504
13621 5.51081
13622 6.96836
13623 6.43126
13624 6.26923
13625 6.63584
13626 3.79927
13627 5.37683
13628 4.05222
13629 4.89844
13630 4.62496
13631 7.62954
13632 5.58195
13633 4.83097
13634 8.36792
13635 7.22398
13636 4.75333
13637 6.7417
13638 3.97206
13639 3.70515
13640 7.52242
13641 3.9839
13642 6.18892
13643 7.23146
13644 9.98778
13645 4.79184
13646 4.82894
13647 4.72409
13648 7.0771
13649 4.10958
13650 7.93571
13651 4.5469
13652 4.68476
13653 7.28285
13654 6.94573
13655 7.50216
13656 8.02087
13657 5.23742
13658 4.31794
13659 4.38013
13660 4.75196
13661 5.34547
13662 5.51558
13663 6.26529
13664 4.29996
13665 7.41011
13666 6.54591
13667 5.18543
13668 4.96133
13669 6.1336
13670 6.76736
13671 7.38981
13672 5.30906
13673 5.45654
13674 5.95642
13675 4.14296
13676 6.8901
13677 4.16117
13678 5.20365
13679 8.03006
13680 5.29685
13681 6.68496
13682 3.59387
13683 5.65518
13684 3.68028
13685 3.52579
13686 5.90197
13687 7.7373
13688 3.90136
13689 5.06257
13690 3.74111
13691 3.63897
13692 7.99061
13693 5.55309
13694 6.55381
13695 5.69654
13696 8.73636
13697 4.50063
13698 5.54212
13699 6.00608
13700 5.77037
13701 3.78398
13702 8.54766
13703 5.98168
13704 4.39464
13705 3.47856
13706 7.09568
13707 3.65204
13708 4.61593
13709 4.01872
13710 5.06822
13711 8.26333
13712 5.92427
13713 4.2495
13714 7.69093
13715 6.62845
13716 4.05842
13717 4.39047
13718 4.939
13719 4.01166
13720 6.25229
13721 5.57259
13722 7.68581
13723 4.18798
13724 4.4537
13725 8.50995
13726 5.15102
13727 6.08824
13728 5.03253
13729 8.21919
13730 4.89025
13731 7.08949
13732 6.12584
13733 5.95185
13734 4.16638
13735 6.40293
13736 5.51121
13737 5.47598
13738 4.75322
13739 4.49417
13740 4.23835
13741 4.96335
13742 7.28557
13743 4.91271
13744 8.88621
13745 9.74614
13746 3.22939
13747 4.59774
13748 6.92998
13749 7.44748
13750 8.65231
13751 5.76096
13752 5.15567
13753 6.47323
13754 5.20763
13755 6.38019
13756 5.35435
13757 7.4315
13758 3.74522
13759 4.57953
13760 7.39387
13761 4.92145
13762 5.97583
13763 5.34282
13764 8.18804
13765 3.71651
13766 5.00604
13767 5.68941
13768 6.82085
13769 5.12335
13770 7.20954
13771 5.08767
13772 6.01579
13773 7.66812
13774 4.00057
13775 5.02401
13776 4.73891
13777 4.97699
13778 6.19746
13779 5.20248
13780 4.39139
13781 6.61136
13782 5.37248
13783 6.12194
13784 5.18541
13785 3.61562
13786 3.51492
13787 5.92865
13788 7.95185
13789 6.65838
13790 4.18982
13791 4.24306
13792 7.56227
13793 5.14648
13794 4.39261
13795 7.94237
13796 9.09029
13797 4.29251
13798 4.20766
13799 3.36145
13800 6.00635
13801 4.30175
13802 5.72367
13803 5.86732
13804 4.28954
13805 4.31368
13806 6.94919
13807 8.9134
13808 6.94075
13809 5.99785
13810 5.34294
13811 7.5242
13812 3.70854
13813 7.14304
13814 8.54111
13815 4.84848
13816 4.5924
13817 7.68804
13818 6.35417
13819 5.65502
13820 6.46061
13821 7.8505
13822 6.08265
13823 6.66499
13824 3.74199
13825 8.50212
13826 3.82038
13827 7.05642
13828 5.42328
13829 7.74618
13830 5.80676
13831 5.51185
13832 4.62887
13833 8.79883
13834 4.0115
13835 4.13451
13836 3.25195
13837 8.54831
13838 7.15296
13839 4.97405
13840 3.95416
13841 7.78598
13842 9.99594
13843 6.70559
13844 5.09581
13845 3.53629
13846 5.92895
13847 9.24182
13848 6.44226
13849 4.84495
13850 5.49891
13851 5.24293
13852 6.82291
13853 7.24327
13854 5.11054
13855 4.40479
13856 6.16056
13857 7.00195
13858 3.80578
13859 6.86028
13860 3.85063
13861 8.18714
13862 7.37696
13863 4.90558
13864 4.23316
13865 8.49946
13866 8.32979
13867 6.2932
13868 7.60278
13869 8.90465
13870 6.99298
13871 9.83526
13872 7.76518
13873 6.92293
13874 4.33731
13875 6.40345
13876 6.25812
13877 4.98217
13878 3.95592
13879 4.49488
13880 4.61012
13881 5.86629
13882 4.27948
13883 4.2927
13884 3.47802
13885 6.09031
13886 7.18923
13887 6.07966
13888 7.80337
13889 6.20433
13890 4.01486
13891 6.22124
13892 8.97444
13893 3.9712
13894 7.24339
13895 6.53734
13896 5.60463
13897 4.62532
13898 3.74957
13899 6.86712
13900 3.95363
13901 5.36267
13902 5.76968
13903 9.42475
13904 8.94762
13905 3.71842
13906 8.98713
13907 3.76437
13908 6.52558
13909 6.01242
13910 7.86418
13911 5.0132
13912 6.92601
13913 4.2428
13914 5.95957
13915 4.21017
13916 3.73828
13917 4.92645
13918 7.62131
13919 9.91324
13920 6.44575
13921 7.14032
13922 5.66265
13923 4.65398
13924 7.5563
13925 9.14217
13926 4.59969
13927 8.8734
13928 7.40004
13929 5.51547
13930 5.50669
13931 6.48392
13932 4.91485
13933 5.07107
13934 4.80323
13935 6.13209
13936 6.23918
13937 5.92106
13938 3.2048
13939 6.64074
13940 7.14892
13941 8.44121
13942 7.20539
13943 8.63389
13944 7.20152
13945 6.80696
13946 5.63418
13947 3.88909
13948 4.82208
13949 7.61949
13950 6.07991
13951 5.9836
13952 8.96852
13953 3.55945
13954 8.19265
13955 4.86337
13956 6.61631
13957 6.30772
13958 5.60753
13959 6.04907
13960 3.94461
13961 6.54368
13962 5.5652
13963 5.01264
13964 5.05165
13965 4.50989
13966 6.39391
13967 9.24129
13968 4.46681
13969 4.84756
13970 6.49578
13971 6.60225
13972 9.28089
13973 4.32336
13974 5.67202
13975 6.13448
13976 5.51874
13977 3.75073
13978 3.81821
13979 4.49985
13980 4.96176
13981 3.35036
13982 5.5821
13983 7.7364
13984 5.5871
13985 4.26326
13986 6.30329
13987 4.99481
13988 3.72676
13989 4.72224
13990 3.64328
13991 6.12788
13992 3.20637
13993 5.97782
13994 4.53665
13995 4.91481
13996 4.25137
13997 5.14339
13998 5.25799
13999 5.30797
14000 6.37772
14001 8.00985
14002 6.54476
14003 7.25386
14004 5.75195
14005 6.03725
14006 4.0159
14007 6.30505
14008 4.54071
14009 4.76664
14010 5.63818
14011 9.26126
14012 4.94305
14013 4.0038
14014 4.00043
14015 4.01636
14016 4.95905
14017 5.45881
14018 6.31981
14019 6.60622
14020 6.4824
14021 8.55395
14022 7.45779
14023 4.79049
14024 3.78312
14025 3.52146
14026 4.20379
14027 5.76054
14028 5.77189
14029 8.13468
14030 7.59407
14031 5.9264
14032 8.7145
14033 8.71281
14034 4.90059
14035 6.34674
14036 5.82964
14037 8.16179
14038 6.81737
14039 4.14208
14040 5.53578
14041 3.9468
14042 4.71092
14043 5.19806
14044 5.00958
14045 5.47332
14046 5.23435
14047 7.64353
14048 7.03856
14049 6.16089
14050 8.37514
14051 4.19963
14052 5.27223
14053 4.71217
14054 4.28606
14055 7.21531
14056 5.86028
14057 8.6816
14058 5.47639
14059 6.02679
14060 6.73201
14061 5.54666
14062 7.24339
14063 4.55289
14064 4.1142
14065 5.32794
14066 6.27074
14067 9.83636
14068 9.12599
14069 5.58593
14070 5.18868
14071 4.41848
14072 3.24328
14073 4.19267
14074 5.93333
14075 7.52976
14076 6.36725
14077 7.15268
14078 7.71771
14079 5.36695
14080 7.25671
14081 4.38316
14082 7.5696
14083 7.26626
14084 6.70935
14085 9.87202
14086 7.29554
14087 5.86705
14088 3.89307
14089 5.09534
14090 7.15768
14091 6.86969
14092 5.78107
14093 3.78257
14094 4.13493
14095 6.70068
14096 7.48386
14097 6.19956
14098 5.89031
14099 4.6733
14100 6.60235
14101 4.72351
14102 9.2672
14103 9.33465
14104 6.30732
14105 5.62695
14106 4.09206
14107 5.22621
14108 5.03904
14109 5.45419
14110 6.40605
14111 7.55593
14112 4.83022
14113 3.90383
14114 3.66979
14115 4.13384
14116 6.33341
14117 5.82546
14118 7.25639
14119 3.70677
14120 4.6333
14121 6.96079
14122 5.56351
14123 7.04166
14124 4.82122
14125 5.68885
14126 4.76409
14127 7.06972
14128 6.35342
14129 6.35277
14130 5.33383
14131 7.73905
14132 5.81269
14133 9.473
14134 6.05033
14135 8.3146
14136 4.5729
14137 4.66
14138 7.19214
14139 6.92828
14140 5.19903
14141 6.80315
14142 6.3926
14143 6.90223
14144 4.33495
14145 5.06866
14146 3.17392
14147 7.31117
14148 5.51058
14149 6.08828
14150 8.11189
14151 6.7543
14152 5.89113
14153 4.74071
14154 7.03975
14155 4.10157
14156 7.60459
14157 4.10653
14158 5.60022
14159 4.79608
14160 3.53858
14161 6.65515
14162 6.23031
14163 9.20137
14164 6.04577
14165 6.41473
14166 3.96923
14167 5.58839
14168 6.06349
14169 7.70421
14170 4.66068
14171 7.33835
14172 6.30039
14173 3.37844
14174 9.26524
14175 5.99847
14176 5.10261
14177 4.39456
14178 4.26971
14179 6.18771
14180 5.6513
14181 7.03295
14182 4.58923
14183 5.24107
14184 9.08229
14185 3.65258
14186 6.73809
14187 5.23189
14188 7.71205
14189 4.17034
14190 4.96507
14191 5.49271
14192 3.59047
14193 5.38472
14194 4.21494
14195 7.45213
14196 5.01164
14197 6.57142
14198 7.71799
14199 3.90583
14200 7.0115
14201 6.84209
14202 5.41005
14203 7.06037
14204 5.26793
14205 4.40689
14206 3.87786
14207 5.72219
14208 4.56823
14209 4.6702
14210 7.86443
14211 5.24681
14212 4.10982
14213 6.09064
14214 4.2682
14215 4.17003
14216 3.43643
14217 5.37913
14218 4.23211
14219 3.92152
14220 6.33395
14221 6.826
14222 7.91885
14223 4.42545
14224 7.24065
14225 9.99109
14226 9.10278
14227 5.71156
14228 3.65263
14229 5.32276
14230 4.91859
14231 8.0686
14232 8.00337
14233 4.25686
14234 4.06976
14235 4.02341
14236 9.64045
14237 3.18381
14238 8.23648
14239 6.08226
14240 4.34164
14241 8.37945
14242 5.0771
14243 4.89495
14244 8.14155
14245 4.12449
14246 5.7528
14247 7.61607
14248 9.21624
14249 7.81056
14250 7.72106
14251 5.53016
14252 4.34857
14253 5.02914
14254 6.27097
14255 4.01408
14256 6.056
14257 3.87097
14258 4.9905
14259 6.73913
14260 6.98245
14261 6.44037
14262 5.69333
14263 6.71109
14264 5.25222
14265 5.97496
14266 4.41166
14267 6.77209
14268 7.49665
14269 3.61084
14270 7.40005
14271 7.35623
14272 5.68622
14273 4.17966
14274 3.68476
14275 6.05911
14276 5.02233
14277 8.48213
14278 8.45626
14279 6.60715
14280 5.2017
14281 4.46581
14282 5.28551
14283 6.59259
14284 5.86808
14285 8.30984
14286 4.67372
14287 8.33293
14288 7.21515
14289 4.1291
14290 6.30559
14291 8.02016
14292 6.69589
14293 6.55191
14294 5.06753
14295 6.79849
14296 4.04834
14297 3.92362
14298 9.91443
14299 5.35853
14300 4.05748
14301 6.45538
14302 4.98696
14303 5.89273
14304 4.12489
14305 5.77247
14306 7.21109
14307 7.14242
14308 6.35206
14309 3.86676
14310 7.65679
14311 4.84764
14312 5.26522
14313 5.64994
14314 5.43079
14315 3.81583
14316 4.96864
14317 4.5379
14318 7.32746
14319 3.85393
14320 7.76364
14321 4.86931
14322 9.73876
14323 6.82737
14324 6.95744
14325 5.70301
14326 6.79835
14327 7.19981
14328 6.59341
14329 6.84913
14330 3.97078
14331 3.87363
14332 6.6203
14333 7.5863
14334 3.21245
14335 5.75967
14336 8.40383
14337 3.75532
14338 3.99319
14339 4.59422
14340 5.45858
14341 6.47537
14342 7.38201
14343 7.92574
14344 6.48476
14345 6.94181
14346 7.94216
14347 5.11976
14348 5.10983
14349 7.20626
14350 6.30647
14351 5.74601
14352 6.42074
14353 5.2173
14354 7.924
14355 4.50826
14356 8.25449
14357 7.42896
14358 4.47805
14359 7.1195
14360 6.24151
14361 4.99332
14362 3.81884
14363 6.9155
14364 8.00089
14365 4.83679
14366 7.53092
14367 5.5859
14368 5.61906
14369 6.24037
14370 5.60007
14371 7.23743
14372 4.16159
14373 5.57243
14374 7.07477
14375 4.71014
14376 4.83138
14377 5.16927
14378 3.33558
14379 6.40174
14380 6.06665
14381 6.14595
14382 4.02489
14383 7.08423
14384 4.94889
14385 3.7176
14386 7.86215
14387 4.17663
14388 5.35976
14389 5.4664
14390 6.149
14391 5.58224
14392 4.46093
14393 6.72167
14394 5.97181
14395 4.00669
14396 7.56626
14397 5.69719
14398 5.75272
14399 5.75482
14400 4.66399
14401 4.32027
14402 7.06605
14403 7.63212
14404 8.65561
14405 9.55546
14406 8.6378
14407 5.219
14408 4.48831
14409 3.89875
14410 6.41042
14411 6.6197
14412 6.63201
14413 5.00145
14414 4.15589
14415 4.07961
14416 3.62139
14417 7.25983
14418 5.4972
14419 9.05703
14420 7.49024
14421 8.5086
14422 7.6956
14423 4.92014
14424 6.39052
14425 8.5106
14426 5.19475
14427 7.75661
14428 9.2226
14429 5.66698
14430 6.59813
14431 6.1039
14432 5.99741
14433 5.84172
14434 4.8062
14435 7.56009
14436 7.74058
14437 6.89841
14438 3.50288
14439 4.97636
14440 7.94476
14441 9.89764
14442 8.20253
14443 7.60234
14444 5.16857
14445 5.52123
14446 5.1498
14447 6.76105
14448 5.77244
14449 4.91223
14450 5.45416
14451 6.49605
14452 4.64374
14453 7.64252
14454 5.6069
14455 4.20304
14456 7.56218
14457 4.53312
14458 6.26874
14459 3.69412
14460 5.97847
14461 8.3684
14462 6.41244
14463 6.39564
14464 3.6303
14465 5.21051
14466 6.9445
14467 7.93009
14468 7.57748
14469 5.09248
14470 5.44197
14471 7.37151
14472 9.06331
14473 7.93385
14474 6.95176
14475 4.14077
14476 6.28466
14477 5.33808
14478 5.19376
14479 5.52305
14480 6.07487
14481 7.88701
14482 6.54109
14483 6.17322
14484 4.13547
14485 4.741
14486 6.25582
14487 3.84859
14488 3.60592
14489 3.54492
14490 3.99376
14491 5.60558
14492 3.72548
14493 5.53075
14494 6.1369
14495 6.12759
14496 4.89048
14497 5.42153
14498 5.71033
14499 6.3112
14500 6.5629
14501 8.48074
14502 9.67462
14503 7.79426
14504 7.17169
14505 3.84984
14506 5.84322
14507 9.31015
14508 6.62425
14509 4.82433
14510 4.01465
14511 5.21532
14512 8.73984
14513 8.02786
14514 5.56866
14515 4.46014
14516 5.63074
14517 7.41866
14518 6.43636
14519 3.34969
14520 6.09237
14521 7.24856
14522 5.6955
14523 4.00829
14524 7.8382
14525 5.31811
14526 4.80707
14527 6.6374
14528 7.28685
14529 5.37567
14530 3.94304
14531 5.1029
14532 7.28299
14533 6.24979
14534 7.65191
14535 5.17771
14536 7.5258
14537 6.60505
14538 6.04077
14539 6.84171
14540 6.56966
14541 7.48389
14542 4.81619
14543 4.24801
14544 5.63362
14545 6.02117
14546 3.61905
14547 6.22949
14548 5.68662
14549 7.36743
14550 5.10344
14551 5.85638
14552 5.13269
14553 5.92812
14554 4.78189
14555 7.905
14556 5.41121
14557 6.69794
14558 7.60728
14559 3.6496
14560 4.63436
14561 4.87122
14562 4.33411
14563 9.54557
14564 5.44698
14565 5.02661
14566 6.64064
14567 8.64637
14568 6.32487
14569 3.16269
14570 5.77499
14571 8.98928
14572 5.58358
14573 7.11866
14574 6.83188
14575 5.18936
14576 8.46618
14577 6.63457
14578 7.26062
14579 6.93894
14580 5.47407
14581 5.5565
14582 5.41854
14583 9.98603
14584 6.00085
14585 4.71386
14586 5.42873
14587 8.22522
14588 5.3625
14589 7.52495
14590 5.90054
14591 6.0813
14592 3.32533
14593 6.02016
14594 7.10344
14595 5.368
14596 7.06886
14597 7.49121
14598 4.74417
14599 7.98065
14600 5.34337
14601 7.1748
14602 3.21574
14603 6.15953
14604 4.05823
14605 6.70998
14606 4.90497
14607 5.83617
14608 5.3114
14609 5.6437
14610 5.02112
14611 5.34284
14612 6.52807
14613 9.58689
14614 3.57673
14615 6.61216
14616 9.76649
14617 7.33427
14618 8.97348
14619 6.09673
14620 6.8768
14621 4.9707
14622 7.45355
14623 7.78883
14624 5.31345
14625 8.02311
14626 4.11885
14627 8.83324
14628 3.60524
14629 9.36995
14630 7.06386
14631 7.76714
14632 9.88662
14633 4.94785
14634 8.17723
14635 5.37782
14636 3.84328
14637 3.34058
14638 8.44563
14639 4.89018
14640 5.55794
14641 5.448
14642 3.75696
14643 8.04939
14644 6.60266
14645 4.27209
14646 4.74408
14647 6.64053
14648 3.93975
14649 4.83276
14650 9.90829
14651 5.28465
14652 3.60019
14653 3.36921
14654 5.92909
14655 7.28027
14656 8.21699
14657 5.03673
14658 4.52242
14659 8.11083
14660 3.98717
14661 4.97096
14662 5.36695
14663 8.07763
14664 8.31723
14665 7.12261
14666 9.29363
14667 7.79714
14668 5.13168
14669 7.88924
14670 7.21236
14671 5.24095
14672 6.74335
14673 6.09596
14674 6.02528
14675 6.40878
14676 5.85169
14677 4.94734
14678 3.60393
14679 5.12659
14680 7.55292
14681 7.44071
14682 3.71894
14683 5.75036
14684 5.50505
14685 5.73443
14686 9.00055
14687 5.87316
14688 3.84563
14689 6.16825
14690 7.49496
14691 7.16409
14692 7.54438
14693 5.58058
14694 5.14313
14695 6.21322
14696 6.90229
14697 7.38906
14698 7.23858
14699 7.05082
14700 6.16632
14701 4.17379
14702 5.07647
14703 3.8169
14704 5.68962
14705 7.61524
14706 6.58068
14707 9.38083
14708 7.57737
14709 4.57726
14710 5.73267
14711 4.75459
14712 4.98729
14713 7.56886
14714 6.08303
14715 4.32027
14716 4.06493
14717 6.5159
14718 4.556
14719 6.49817
14720 4.76721
14721 4.2481
14722 3.45372
14723 5.30517
14724 3.95628
14725 6.27889
14726 7.28627
14727 7.8142
14728 5.49005
14729 4.20559
14730 3.79127
14731 3.37772
14732 4.41825
14733 5.44016
14734 6.50855
14735 9.45681
14736 7.27087
14737 7.67667
14738 5.87955
14739 9.74236
14740 8.11422
14741 3.49971
14742 5.97493
14743 6.85325
14744 4.59128
14745 7.23639
14746 6.56803
14747 4.67434
14748 6.37575
14749 5.12203
14750 6.20276
14751 8.84752
14752 9.09386
14753 5.92647
14754 4.92902
14755 8.42438
14756 7.10204
14757 4.33572
14758 8.77651
14759 4.8597
14760 7.2434
14761 4.67621
14762 5.7063
14763 4.47565
14764 4.1884
14765 9.01047
14766 4.26675
14767 6.43655
14768 4.55054
14769 3.36756
14770 7.16227
14771 5.76882
14772 5.21393
14773 5.89562
14774 5.6596
14775 6.50196
14776 4.30501
14777 4.38612
14778 6.15472
14779 5.16718
14780 8.90182
14781 4.06499
14782 4.31507
14783 7.88619
14784 7.83666
14785 7.87425
14786 5.0186
14787 5.71542
14788 4.4025
14789 5.73407
14790 5.1787
14791 6.84829
14792 5.90296
14793 7.73114
14794 8.75175
14795 5.51619
14796 7.74765
14797 3.75291
14798 4.42424
14799 4.06011
14800 4.80302
14801 5.97496
14802 5.72737
14803 7.3369
14804 7.51186
14805 5.28832
14806 7.37093
14807 4.69321
14808 6.74618
14809 5.6308
14810 7.42851
14811 4.98196
14812 5.86389
14813 6.96488
14814 9.61219
14815 4.95235
14816 7.60329
14817 6.56811
14818 4.71503
14819 6.46828
14820 8.84031
14821 3.81208
14822 8.00092
14823 6.45742
14824 3.74669
14825 6.82409
14826 4.24488
14827 8.56133
14828 4.63527
14829 4.52048
14830 4.65524
14831 5.30016
14832 7.30096
14833 5.15889
14834 3.69305
14835 5.2479
14836 6.68925
14837 4.90491
14838 6.62531
14839 6.91717
14840 4.3466
14841 5.55532
14842 6.13851
14843 6.13184
14844 5.87142
14845 6.76591
14846 5.2387
14847 6.95958
14848 4.40793
14849 6.50005
14850 9.40115
14851 4.515
14852 5.84542
14853 5.9845
14854 4.59712
14855 8.56714
14856 4.73194
14857 4.98582
14858 7.55209
14859 6.26915
14860 5.00777
14861 7.83541
14862 7.96776
14863 5.56881
14864 6.29539
14865 5.12045
14866 8.19671
14867 3.87555
14868 8.58329
14869 7.00662
14870 7.42693
14871 9.79508
14872 4.28279
14873 4.57614
14874 6.44787
14875 5.55341
14876 7.95516
14877 9.54405
14878 5.25292
14879 5.19528
14880 7.28544
14881 6.73851
14882 7.07225
14883 5.63737
14884 5.16838
14885 6.73046
14886 5.99744
14887 5.6552
14888 5.90497
14889 5.71009
14890 4.46464
14891 5.17875
14892 6.07386
14893 8.03811
14894 7.11001
14895 6.1895
14896 6.98147
14897 6.97255
14898 6.21875
14899 3.52096
14900 4.22418
14901 6.32586
14902 9.67588
14903 4.97162
14904 6.3756
14905 8.68584
14906 5.81586
14907 7.1018
14908 8.41751
14909 4.88591
14910 3.84642
14911 4.45755
14912 7.07023
14913 9.57762
14914 7.05245
14915 5.18987
14916 3.90688
14917 5.18291
14918 6.78613
14919 4.50206
14920 4.25003
14921 4.34371
14922 3.99014
14923 4.13969
14924 5.06487
14925 4.19991
14926 7.70556
14927 7.7708
14928 4.48853
14929 8.80059
14930 5.35412
14931 6.00447
14932 3.75002
14933 3.51874
14934 6.98786
14935 6.05896
14936 5.90737
14937 3.58991
14938 8.4921
14939 8.76376
14940 7.75211
14941 8.89034
14942 7.63453
14943 5.69717
14944 5.90766
14945 4.19791
14946 6.42431
14947 4.26573
14948 8.68947
14949 4.3528
14950 3.7637
14951 9.28256
14952 4.9173
14953 8.71168
14954 6.28948
14955 4.85576
14956 4.00532
14957 5.98114
14958 4.64129
14959 7.003
14960 7.01345
14961 8.7261
14962 3.77981
14963 4.60501
14964 5.42567
14965 3.90551
14966 5.15572
14967 5.11879
14968 4.62686
14969 5.16902
14970 4.90283
14971 9.11996
14972 5.05648
14973 4.51633
14974 8.36831
14975 6.43481
14976 7.16047
14977 8.35692
14978 8.12348
14979 6.86408
14980 8.44579
14981 3.91586
14982 7.4913
14983 6.4756
14984 7.99825
14985 5.05083
14986 3.47823
14987 5.35517
14988 3.77747
14989 5.22195
14990 6.6503
14991 8.29081
14992 5.74718
14993 7.24514
14994 4.91814
14995 3.85662
14996 4.55127
14997 4.80663
14998 3.99865
14999 3.40194
15000 9.35244
15001 6.41361
15002 4.50885
15003 6.68238
15004 5.73471
15005 7.16011
15006 7.4234
15007 6.17161
15008 7.24175
15009 8.92829
15010 5.69661
15011 7.80688
15012 6.37334
15013 7.67143
15014 8.1519
15015 8.71736
15016 9.79071
15017 5.19361
15018 6.43552
15019 7.79586
15020 6.0703
15021 5.72269
15022 3.46365
15023 3.30288
15024 7.39129
15025 6.65053
15026 3.79781
15027 7.74905
15028 8.27298
15029 5.30271
15030 6.6525
15031 5.40462
15032 7.01545
15033 3.63679
15034 5.54744
15035 5.93238
15036 7.13311
15037 6.59536
15038 6.53063
15039 4.88329
15040 5.14055
15041 4.33107
15042 7.3271
15043 7.02228
15044 5.10701
15045 9.00606
15046 5.8416
15047 8.57814
15048 6.24856
15049 4.84574
15050 5.80493
15051 4.48513
15052 7.86814
15053 4.04457
15054 6.81829
15055 4.27324
15056 6.07507
15057 7.01045
15058 6.87021
15059 6.33332
15060 4.77979
15061 5.46816
15062 6.25892
15063 5.63656
15064 7.20063
15065 5.10578
15066 6.95303
15067 5.28751
15068 7.81
15069 5.4514
15070 6.63497
15071 3.39899
15072 5.53788
15073 6.02816
15074 4.02456
15075 5.72249
15076 9.44132
15077 4.71216
15078 7.04902
15079 7.51759
15080 4.58932
15081 9.04163
15082 6.05821
15083 5.85427
15084 6.10348
15085 4.86646
15086 6.90743
15087 7.45154
15088 3.83255
15089 5.63503
15090 4.48859
15091 3.75358
15092 3.72118
15093 3.70134
15094 8.87929
15095 4.45186
15096 6.36478
15097 5.41717
15098 6.29893
15099 4.59858
15100 4.67068
15101 3.62378
15102 5.65582
15103 5.06468
15104 5.13352
15105 4.34836
15106 8.81784
15107 3.6432
15108 3.84406
15109 6.86699
15110 7.76654
15111 9.1476
15112 6.79625
15113 8.82709
15114 7.94537
15115 4.68607
15116 6.72545
15117 7.47524
15118 8.1614
15119 6.81328
15120 4.31807
15121 5.22048
15122 5.61311
15123 5.49724
15124 5.77951
15125 7.57659
15126 7.43181
15127 5.67655
15128 8.52985
15129 7.7241
15130 5.66097
15131 5.50815
15132 4.92186
15133 8.49845
15134 5.07519
15135 5.96683
15136 3.27627
15137 5.68787
15138 5.15897
15139 5.21336
15140 8.09198
15141 5.55858
15142 8.1594
15143 4.25848
15144 6.44394
15145 6.16338
15146 6.49007
15147 5.45493
15148 7.1238
15149 4.5947
15150 4.48715
15151 5.25891
15152 4.0901
15153 5.1252
15154 7.01525
15155 5.84081
15156 7.68352
15157 4.11393
15158 3.61738
15159 4.26568
15160 9.82913
15161 6.82723
15162 5.96047
15163 6.87511
15164 3.65908
15165 7.4805
15166 8.79848
15167 7.78431
15168 3.76223
15169 7.14266
15170 5.64028
15171 5.49829
15172 3.80281
15173 6.50125
15174 6.77076
15175 6.6568
15176 5.58745
15177 6.67097
15178 5.47815
15179 8.1359
15180 5.69345
15181 8.05429
15182 4.64528
15183 7.5294
15184 5.08726
15185 4.31242
15186 6.71693
15187 9.5009
15188 4.55833
15189 3.83786
15190 5.20412
15191 6.36125
15192 7.37204
15193 4.54034
15194 5.41753
15195 5.46604
15196 5.09592
15197 7.63668
15198 8.70909
15199 6.33098
15200 4.13351
15201 7.45806
15202 6.0445
15203 5.04553
15204 5.87472
15205 3.92048
15206 5.35915
15207 3.22403
15208 3.97813
15209 7.45961
15210 6.78513
15211 7.26433
15212 4.31989
15213 3.94543
15214 4.91818
15215 4.48999
15216 5.61446
15217 5.81743
15218 4.79038
15219 6.66386
15220 6.20812
15221 4.68922
15222 5.90664
15223 7.14395
15224 8.48988
15225 6.71449
15226 4.28383
15227 7.11116
15228 6.51475
15229 4.25984
15230 7.89264
15231 7.25675
15232 7.18414
15233 7.09876
15234 5.3489
15235 9.20777
15236 4.0735
15237 5.20751
15238 6.12322
15239 3.34959
15240 4.53373
15241 5.94684
15242 5.03171
15243 6.79355
15244 7.07648
15245 5.29113
15246 6.81595
15247 8.14623
15248 5.19839
15249 3.6926
15250 4.15554
15251 3.87151
15252 8.232
15253 8.1724
15254 3.99784
15255 6.14155
15256 3.44581
15257 5.73383
15258 3.75744
15259 6.13986
15260 5.40828
15261 6.65897
15262 4.14644
15263 6.33656
15264 7.91211
15265 3.90124
15266 7.92798
15267 4.11152
15268 8.92561
15269 6.67343
15270 7.1733
15271 9.29937
15272 7.09762
15273 6.38991
15274 4.87807
15275 5.36067
15276 6.34594
15277 7.73284
15278 4.15711
15279 3.90243
15280 4.53765
15281 5.45075
15282 8.23916
15283 4.95054
15284 6.56755
15285 4.64255
15286 4.67945
15287 7.7599
15288 6.38189
15289 5.91589
15290 5.37872
15291 4.69689
15292 3.60128
15293 7.66942
15294 3.32518
15295 3.87033
15296 3.78635
15297 4.60722
15298 6.06167
15299 5.17578
15300 4.13573
15301 8.72325
15302 6.11158
15303 3.60487
15304 5.57101
15305 6.19509
15306 8.34066
15307 8.96623
15308 4.35672
15309 3.79858
15310 5.79207
15311 5.19582
15312 6.48267
15313 6.66358
15314 8.03054
15315 5.60376
15316 5.18609
15317 5.10902
15318 8.41801
15319 8.50904
15320 6.64598
15321 7.09715
15322 6.45209
15323 4.70053
15324 7.06738
15325 6.73632
15326 5.40526
15327 7.75494
15328 6.17835
15329 7.13272
15330 4.04763
15331 3.27934
15332 4.78653
15333 4.15241
15334 5.52248
15335 4.64429
15336 3.75099
15337 6.57719
15338 5.52473
15339 7.25658
15340 6.50806
15341 5.00207
15342 4.66522
15343 7.69467
15344 3.46026
15345 5.79343
15346 9.40053
15347 8.11301
15348 8.28404
15349 6.13038
15350 8.82735
15351 5.26989
15352 4.46741
15353 7.50546
15354 6.8951
15355 7.82793
15356 3.40819
15357 5.34854
15358 6.35794
15359 4.20468
15360 6.01615
15361 5.48915
15362 5.09706
15363 4.17326
15364 4.32371
15365 8.70776
15366 5.02263
15367 8.55918
15368 4.90788
15369 5.78009
15370 3.73177
15371 8.26748
15372 5.8106
15373 4.86324
15374 3.89417
15375 5.90478
15376 6.07597
15377 7.97932
15378 6.7959
15379 4.93571
15380 3.3485
15381 4.09624
15382 3.71914
15383 3.7908
15384 6.06558
15385 5.89346
15386 6.18922
15387 4.40281
15388 6.37204
15389 4.71952
15390 8.0294
15391 4.94129
15392 4.47384
15393 4.56625
15394 5.3822
15395 6.85413
15396 4.08398
15397 4.00909
15398 5.96827
15399 6.20699
15400 6.0353
15401 5.19249
15402 4.34013
15403 5.33134
15404 6.08848
15405 3.51093
15406 5.98323
15407 6.92797
15408 7.18011
15409 4.22271
15410 5.6641
15411 3.7682
15412 6.44921
15413 4.76084
15414 6.25104
15415 5.65789
15416 4.04412
15417 7.25334
15418 4.92474
15419 6.81522
15420 7.70016
15421 7.50508
15422 4.40305
15423 5.76483
15424 3.89036
15425 5.04035
15426 6.01837
15427 8.20877
15428 4.60019
15429 9.45984
15430 6.08341
15431 7.8649
15432 7.59535
15433 5.88621
15434 5.26791
15435 5.48447
15436 6.91325
15437 7.24992
15438 7.11029
15439 4.86429
15440 5.10024
15441 4.64158
15442 5.13392
15443 4.68119
15444 4.0536
15445 8.46326
15446 5.82472
15447 8.5249
15448 5.41583
15449 3.33951
15450 6.62496
15451 4.58336
15452 4.01144
15453 6.27534
15454 5.1152
15455 4.49884
15456 5.18431
15457 6.52941
15458 5.58612
15459 6.7961
15460 8.3772
15461 5.67118
15462 4.21752
15463 9.50152
15464 4.19641
15465 7.17317
15466 8.59698
15467 7.40239
15468 6.58715
15469 7.58158
15470 8.37919
15471 4.56285
15472 9.00969
15473 4.00067
15474 3.36827
15475 7.258
15476 4.19796
15477 5.10644
15478 5.79786
15479 5.9509
15480 6.53891
15481 5.82017
15482 5.10211
15483 6.12611
15484 4.9765
15485 4.7175
15486 5.54143
15487 4.60272
15488 5.77206
15489 3.87206
15490 6.52385
15491 5.63606
15492 8.29813
15493 5.2854
15494 6.61598
15495 4.01629
15496 3.7696
15497 5.04431
15498 5.27498
15499 5.00576
15500 7.74084
15501 6.64369
15502 7.07573
15503 6.169
15504 6.345
15505 6.56686
15506 5.89914
15507 3.8561
15508 5.47098
15509 8.7027
15510 7.202
15511 7.2189
15512 6.8936
15513 7.40944
15514 5.59097
15515 4.72233
15516 6.15964
15517 6.8617
15518 7.90964
15519 7.34642
15520 8.67194
15521 3.11362
15522 6.20685
15523 4.86105
15524 4.69257
15525 3.97268
15526 4.31386
15527 5.27838
15528 7.94331
15529 5.71723
15530 6.84752
15531 7.66083
15532 6.34704
15533 5.85115
15534 5.72007
15535 7.71553
15536 4.95183
15537 5.28392
15538 6.09507
15539 6.96448
15540 3.1332
15541 4.59269
15542 8.53633
15543 6.34016
15544 3.35485
15545 5.96701
15546 4.22809
15547 7.52372
15548 7.23663
15549 5.35733
15550 5.98955
15551 8.08731
15552 4.62981
15553 5.00429
15554 4.65319
15555 8.87966
15556 6.06361
15557 6.44692
15558 4.3617
15559 8.51092
15560 7.85824
15561 5.13401
15562 3.39956
15563 4.44031
15564 7.18955
15565 5.70643
15566 6.6309
15567 7.11992
15568 7.80109
15569 6.83033
15570 7.62733
15571 7.01218
15572 5.42133
15573 5.7593
15574 7.44675
15575 8.85983
15576 5.82094
15577 6.63238
15578 6.33623
15579 3.94098
15580 3.94423
15581 4.34825
15582 4.53196
15583 4.99207
15584 4.57033
15585 6.53926
15586 4.88021
15587 7.65445
15588 6.43982
15589 4.75291
15590 8.46982
15591 8.87612
15592 7.99634
15593 5.76443
15594 7.46147
15595 8.10082
15596 6.08949
15597 6.07126
15598 3.21651
15599 6.91142
15600 3.55863
15601 5.05804
15602 6.09318
15603 6.91474
15604 6.91068
15605 7.65584
15606 5.77292
15607 8.04025
15608 4.19655
15609 6.07809
15610 6.50215
15611 5.39539
15612 6.52184
15613 6.08041
15614 5.83799
15615 7.60921
15616 3.94365
15617 5.41841
15618 7.64832
15619 5.97885
15620 8.20403
15621 7.0746
15622 3.59445
15623 4.17195
15624 4.30281
15625 7.37736
15626 4.15373
15627 6.32541
15628 4.56724
15629 3.88885
15630 7.78914
15631 4.18908
15632 6.26615
15633 5.3891
15634 4.29923
15635 3.81389
15636 5.68485
15637 6.21702
15638 5.23078
15639 4.5395
15640 7.49045
15641 5.2763
15642 3.6853
15643 4.87119
15644 3.96997
15645 6.08226
15646 5.97598
15647 7.04872
15648 5.42207
15649 4.06023
15650 7.43966
15651 6.50478
15652 5.9325
15653 6.71605
15654 4.71648
15655 6.96261
15656 4.47268
15657 5.15626
15658 4.79595
15659 4.16912
15660 6.21854
15661 6.56923
15662 5.45005
15663 5.316
15664 6.05847
15665 3.58193
15666 7.9626
15667 7.29606
15668 4.82433
15669 6.76279
15670 8.16469
15671 7.50122
15672 4.8316
15673 5.20004
15674 6.22876
15675 8.4211
15676 7.29703
15677 5.37507
15678 8.10626
15679 7.81456
15680 6.9401
15681 5.97591
15682 9.56154
15683 8.74891
15684 7.07794
15685 4.83645
15686 7.0608
15687 4.38069
15688 5.05343
15689 7.91536
15690 6.59447
15691 7.13152
15692 5.78919
15693 4.68757
15694 8.34936
15695 7.86456
15696 6.15486
15697 7.16903
15698 6.9096
15699 8.50074
15700 3.69263
15701 7.22141
15702 3.48639
15703 5.70134
15704 3.65197
15705 7.00855
15706 4.35443
15707 8.10321
15708 4.35991
15709 9.44632
15710 7.71528
15711 7.12723
15712 4.66761
15713 4.06147
15714 4.51441
15715 3.91574
15716 4.88691
15717 4.01322
15718 3.68566
15719 4.85967
15720 4.83778
15721 6.31316
15722 8.88411
15723 5.93828
15724 4.51703
15725 8.62807
15726 5.51801
15727 4.42451
15728 4.41696
15729 6.45105
15730 8.90624
15731 6.23068
15732 6.24235
15733 4.28567
15734 9.50462
15735 5.41949
15736 8.05072
15737 4.69425
15738 3.12526
15739 4.90972
15740 6.3465
15741 5.51928
15742 6.56036
15743 3.70232
15744 5.20724
15745 4.22788
15746 6.75939
15747 3.95735
15748 6.25376
15749 6.20593
15750 3.79584
15751 5.60288
15752 7.60166
15753 6.16986
15754 4.68424
15755 4.02419
15756 3.86071
15757 6.28057
15758 4.2359
15759 8.34257
15760 5.83479
15761 4.72967
15762 5.4242
15763 5.60528
15764 3.22691
15765 3.75167
15766 3.18277
15767 6.51097
15768 6.99654
15769 3.55787
15770 6.71417
15771 5.05533
15772 5.75785
15773 6.2665
15774 7.59552
15775 4.4687
15776 6.08401
15777 4.28482
15778 3.93118
15779 3.8509
15780 4.73951
15781 6.61887
15782 8.08079
15783 5.85444
15784 6.72924
15785 5.16008
15786 4.1871
15787 5.89081
15788 4.51064
15789 6.0187
15790 9.09196
15791 6.98733
15792 4.84762
15793 5.93364
15794 8.73638
15795 7.84194
15796 9.77132
15797 9.40084
15798 3.80319
15799 6.18332
15800 4.92098
15801 8.14014
15802 3.85941
15803 5.51654
15804 3.66281
15805 7.5961
15806 5.28174
15807 6.41328
15808 8.29623
15809 4.35176
15810 8.24437
15811 7.46748
15812 5.27688
15813 4.21927
15814 5.41104
15815 5.07201
15816 4.92698
15817 3.60435
15818 5.75515
15819 7.478
15820 8.07588
15821 9.1682
15822 7.09943
15823 6.62078
15824 3.90461
15825 5.75878
15826 6.68674
15827 9.19354
15828 5.55512
15829 7.63178
15830 7.51259
15831 6.28224
15832 6.46075
15833 5.98574
15834 6.85146
15835 7.24689
15836 6.23009
15837 5.41946
15838 3.47273
15839 6.79021
15840 7.95763
15841 5.64457
15842 7.18572
15843 3.30428
15844 6.31702
15845 5.26186
15846 9.29621
15847 6.13245
15848 7.94411
15849 7.39667
15850 5.25639
15851 7.40041
15852 8.03854
15853 7.24712
15854 6.82123
15855 6.30119
15856 4.65393
15857 6.33181
15858 6.63524
15859 6.08538
15860 4.46726
15861 4.85627
15862 4.23205
15863 7.10381
15864 6.32262
15865 6.64647
15866 7.36783
15867 5.98501
15868 6.44035
15869 7.30631
15870 4.46603
15871 4.60084
15872 4.56624
15873 3.60489
15874 7.00333
15875 4.84391
15876 6.1009
15877 9.39721
15878 4.58214
15879 3.37956
15880 6.11809
15881 6.32299
15882 3.56341
15883 6.96397
15884 6.10978
15885 7.60274
15886 4.90348
15887 4.64748
15888 6.6486
15889 5.69259
15890 6.31496
15891 4.21763
15892 5.73054
15893 6.62021
15894 6.57843
15895 6.85461
15896 4.6003
15897 5.61722
15898 6.79448
15899 3.81887
15900 8.99424
15901 6.99313
15902 4.72091
15903 5.65373
15904 5.34334
15905 7.65446
15906 8.16613
15907 4.89767
15908 3.94257
15909 4.59248
15910 3.57061
15911 3.92953
15912 4.89943
15913 8.22787
15914 8.22043
15915 7.17385
15916 5.48024
15917 4.26296
15918 6.7053
15919 7.10571
15920 6.67714
15921 3.83018
15922 9.7084
15923 7.42829
15924 6.0587
15925 6.3581
15926 7.89295
15927 3.9897
15928 6.89588
15929 3.74773
15930 5.67064
15931 4.23649
15932 8.29124
15933 4.41279
15934 4.44321
15935 6.46178
15936 6.75842
15937 4.82508
15938 4.64141
15939 7.00833
15940 5.75527
15941 4.80791
15942 8.35692
15943 5.90327
15944 4.88676
15945 3.93105
15946 9.86331
15947 7.43223
15948 8.03308
15949 5.86713
15950 8.31261
15951 8.52313
15952 5.20245
15953 7.19576
15954 6.09714
15955 5.26606
15956 3.40912
15957 6.48573
15958 5.23793
15959 4.66855
15960 8.63873
15961 6.91587
15962 6.16208
15963 4.62542
15964 5.83452
15965 6.4734
15966 5.6921
15967 5.14277
15968 5.70536
15969 5.0224
15970 5.47656
15971 5.35593
15972 4.5108
15973 7.84869
15974 6.04205
15975 3.41426
15976 6.47011
15977 3.43394
15978 6.20209
15979 5.58406
15980 8.38711
15981 6.65958
15982 5.8942
15983 4.85548
15984 5.57405
15985 8.89217
15986 9.08249
15987 7.83136
15988 6.84578
15989 9.90202
15990 4.29963
15991 8.76545
15992 6.21533
15993 5.12275
15994 6.30779
15995 5.97308
15996 5.52918
15997 4.29998
15998 5.94568
15999 6.7112
16000 8.7991
16001 6.11101
16002 5.94057
16003 7.47223
16004 6.57965
16005 7.74128
16006 6.24548
16007 7.54761
16008 4.34929
16009 4.44762
16010 4.31618
16011 5.63024
16012 3.95112
16013 6.58791
16014 4.70711
16015 5.03491
16016 6.25531
16017 6.53349
16018 4.5923
16019 9.70798
16020 6.40145
16021 6.84671
16022 3.95148
16023 7.22984
16024 4.51804
16025 4.00619
16026 6.62341
16027 4.92891
16028 6.05252
16029 9.15291
16030 5.48408
16031 8.95512
16032 7.21891
16033 5.95791
16034 4.17055
16035 8.02283
16036 3.84255
16037 5.5672
16038 4.3355
16039 4.16666
16040 6.33051
16041 8.36005
16042 6.45877
16043 8.09851
16044 3.56316
16045 8.20295
16046 5.08347
16047 7.07454
16048 5.63738
16049 7.45517
16050 5.7147
16051 8.24566
16052 6.58983
16053 5.02296
16054 8.44669
16055 6.71239
16056 5.00679
16057 6.41376
16058 8.11862
16059 6.5927
16060 5.39906
16061 6.00647
16062 8.44137
16063 9.36418
16064 7.16845
16065 5.09538
16066 6.44553
16067 6.24563
16068 5.25763
16069 7.93817
16070 8.02349
16071 4.31911
16072 6.2318
16073 4.99364
16074 7.21714
16075 4.37137
16076 5.51314
16077 4.4909
16078 4.55366
16079 3.5896
16080 5.79748
16081 7.34568
16082 8.98706
16083 6.63493
16084 5.39718
16085 5.18629
16086 6.17094
16087 7.35627
16088 7.62054
16089 5.6508
16090 5.84986
16091 7.86999
16092 8.29483
16093 5.81814
16094 8.59008
16095 9.97907
16096 6.62093
16097 4.76293
16098 5.36137
16099 3.62377
16100 4.11045
16101 5.77684
16102 3.44759
16103 5.58906
16104 5.02618
16105 6.10333
16106 6.99244
16107 4.42024
16108 4.45259
16109 9.15041
16110 5.56372
16111 7.25513
16112 4.90808
16113 4.10131
16114 5.48491
16115 5.06326
16116 5.02266
16117 5.82055
16118 5.9915
16119 9.00043
16120 6.1182
16121 6.44476
16122 6.7338
16123 5.00936
16124 6.74925
16125 5.02546
16126 7.59114
16127 5.16797
16128 7.22335
16129 4.55602
16130 4.67369
16131 6.11711
16132 6.98069
16133 5.379
16134 8.52752
16135 8.27944
16136 6.59194
16137 7.40568
16138 5.59467
16139 6.08157
16140 5.99342
16141 4.91598
16142 8.06495
16143 6.71037
16144 8.94633
16145 6.17986
16146 6.61408
16147 4.56943
16148 8.18668
16149 5.39113
16150 6.43719
16151 7.77706
16152 5.87884
16153 7.13026
16154 5.26914
16155 5.75575
16156 5.05061
16157 8.13289
16158 7.08307
16159 4.72996
16160 5.1316
16161 4.02253
16162 5.28341
16163 6.69467
16164 6.04546
16165 8.95942
16166 7.22401
16167 4.11912
16168 6.38716
16169 3.69167
16170 6.08867
16171 7.6884
16172 8.40056
16173 5.53914
16174 4.81124
16175 7.15633
16176 3.53899
16177 7.97438
16178 8.78986
16179 5.73367
16180 5.3443
16181 7.92627
16182 7.07361
16183 8.90289
16184 7.44837
16185 7.10659
16186 6.01505
16187 5.33043
16188 7.15892
16189 4.41639
16190 6.17256
16191 7.77337
16192 3.48848
16193 5.35139
16194 6.02958
16195 4.06705
16196 4.72697
16197 5.85778
16198 5.82886
16199 4.75726
16200 6.65101
16201 8.53287
16202 4.28038
16203 6.10084
16204 6.52002
16205 3.9411
16206 7.80885
16207 6.38383
16208 4.29439
16209 7.15727
16210 7.69286
16211 7.66028
16212 6.59823
16213 8.56907
16214 6.30138
16215 3.90795
16216 4.13599
16217 6.54435
16218 6.84013
16219 6.5865
16220 3.82597
16221 3.52522
16222 7.2125
16223 7.95851
16224 4.19487
16225 6.90032
16226 5.22487
16227 5.39386
16228 5.73649
16229 6.31009
16230 8.37375
16231 7.11599
16232 5.12329
16233 4.92021
16234 6.36237
16235 4.50038
16236 7.62658
16237 7.92058
16238 6.05262
16239 5.61652
16240 7.19813
16241 9.18273
16242 3.78646
16243 6.01794
16244 7.66094
16245 7.4338
16246 7.18684
16247 6.76574
16248 5.41547
16249 6.83228
16250 8.40994
16251 6.66987
16252 6.72029
16253 4.18578
16254 8.42994
16255 5.20072
16256 5.09249
16257 4.76338
16258 8.19857
16259 3.46018
16260 5.24588
16261 3.55885
16262 3.45293
16263 4.31899
16264 4.41809
16265 5.93216
16266 3.51866
16267 5.21286
16268 4.07753
16269 5.44713
16270 5.11659
16271 4.61519
16272 5.49433
16273 4.10338
16274 3.99996
16275 8.09232
16276 7.21688
16277 6.4442
16278 8.62183
16279 4.04116
16280 4.88668
16281 5.17669
16282 7.85605
16283 5.97423
16284 4.18682
16285 9.3921
16286 7.96764
16287 4.16014
16288 3.58327
16289 8.6255
16290 3.65614
16291 8.17396
16292 5.45257
16293 6.45772
16294 8.07424
16295 6.20769
16296 6.59181
16297 7.21919
16298 3.77791
16299 4.02134
16300 4.26355
16301 5.21831
16302 5.93959
16303 7.50053
16304 5.60911
16305 5.15199
16306 5.96196
16307 3.63702
16308 5.85849
16309 4.59065
16310 5.06511
16311 4.21944
16312 6.07213
16313 7.14598
16314 6.4521
16315 6.61279
16316 6.91455
16317 4.85332
16318 3.86839
16319 6.28212
16320 8.31101
16321 4.58539
16322 3.96757
16323 3.84172
16324 3.87389
16325 3.94281
16326 5.42295
16327 5.2375
16328 8.52642
16329 6.86453
16330 5.3824
16331 3.98922
16332 8.41726
16333 5.88291
16334 6.07277
16335 6.5926
16336 3.60877
16337 5.47579
16338 5.02684
16339 6.8891
16340 7.10531
16341 4.57408
16342 4.23403
16343 9.53474
16344 5.1364
16345 4.54669
16346 7.7002
16347 7.48967
16348 7.09487
16349 6.18835
16350 3.77863
16351 4.81328
16352 4.28846
16353 4.74884
16354 6.6625
16355 7.13998
16356 6.7249
16357 6.45875
16358 7.16338
16359 6.70853
16360 7.7836
16361 5.34207
16362 6.13398
16363 3.96938
16364 7.42904
16365 7.83992
16366 6.06221
16367 3.72986
16368 5.51211
16369 4.2629
16370 5.93023
16371 5.31909
16372 8.52443
16373 5.66556
16374 5.33937
16375 5.7394
16376 5.85825
16377 6.15582
16378 4.86892
16379 6.76784
16380 7.49451
16381 7.89613
16382 5.93565
16383 6.59654
16384 7.63495
16385 4.79358
16386 5.8176
16387 8.54162
16388 6.25231
16389 6.523
16390 4.79864
16391 6.9878
16392 7.57709
16393 4.33506
16394 5.62539
16395 3.64069
16396 4.19227
16397 4.53034
16398 5.70743
16399 3.81051
16400 3.87964
16401 7.77315
16402 3.8458
16403 8.16029
16404 4.77919
16405 5.84974
16406 7.14608
16407 5.39364
16408 7.11419
16409 7.58924
16410 3.39595
16411 7.19249
16412 7.78458
16413 4.17859
16414 6.33338
16415 3.28544
16416 4.13732
16417 6.46164
16418 5.02425
16419 5.35227
16420 5.82015
16421 3.75035
16422 7.0415
16423 4.27948
16424 6.39121
16425 4.53653
16426 4.28344
16427 7.65317
16428 6.52465
16429 6.12758
16430 5.192
16431 5.09533
16432 5.25953
16433 5.48866
16434 5.87128
16435 4.82394
16436 4.3997
16437 5.23798
16438 4.15858
16439 7.06447
16440 7.21874
16441 5.97502
16442 4.50468
16443 4.49016
16444 5.53747
16445 4.12594
16446 4.9584
16447 5.59771
16448 5.70416
16449 3.38509
16450 5.15287
16451 5.85573
16452 7.7107
16453 5.18587
16454 4.36348
16455 5.33023
16456 4.34723
16457 4.21152
16458 3.67282
16459 5.42038
16460 4.58515
16461 4.9564
16462 7.06152
16463 4.72804
16464 6.8003
16465 5.74575
16466 7.42193
16467 8.43924
16468 4.72692
16469 8.06138
16470 7.57065
16471 4.56999
16472 7.34906
16473 5.21678
16474 8.35278
16475 7.5804
16476 6.76276
16477 7.26842
16478 6.34021
16479 5.32741
16480 4.38681
16481 6.58788
16482 5.39984
16483 4.87861
16484 5.34113
16485 7.11674
16486 6.3796
16487 6.05734
16488 5.07764
16489 5.96133
16490 3.72139
16491 8.12269
16492 5.39997
16493 6.02047
16494 4.60015
16495 5.85536
16496 6.51275
16497 5.58067
16498 6.24916
16499 7.86392
16500 6.26214
16501 3.53421
16502 9.14313
16503 6.77098
16504 7.21596
16505 7.19635
16506 8.21705
16507 6.99505
16508 5.95866
16509 5.8715
16510 8.63029
16511 5.63072
16512 4.2577
16513 3.98776
16514 6.85042
16515 4.26711
16516 9.79402
16517 5.00962
16518 8.91497
16519 3.40622
16520 7.58508
16521 6.28824
16522 5.67182
16523 8.81327
16524 3.58795
16525 6.24232
16526 4.29323
16527 5.38442
16528 3.92311
16529 4.30736
16530 4.48112
16531 6.66754
16532 5.23867
16533 5.89308
16534 5.455
16535 3.77519
16536 5.80092
16537 9.36673
16538 6.34035
16539 9.80536
16540 4.83397
16541 4.00376
16542 5.17293
16543 6.82839
16544 4.72792
16545 3.60694
16546 6.43065
16547 5.57654
16548 6.37879
16549 6.97067
16550 5.17482
16551 6.36241
16552 7.42131
16553 4.891
16554 4.5997
16555 6.97128
16556 4.71
16557 5.64088
16558 6.5824
16559 5.29924
16560 5.62643
16561 5.63396
16562 5.5528
16563 4.63606
16564 5.3051
16565 6.86331
16566 6.31689
16567 5.77231
16568 7.24381
16569 4.23953
16570 7.90507
16571 8.61436
16572 8.66
16573 7.23249
16574 4.53114
16575 7.25362
16576 7.72234
16577 4.48503
16578 8.93515
16579 6.33617
16580 7.10339
16581 6.70794
16582 6.06787
16583 5.51693
16584 5.06807
16585 6.13144
16586 8.40809
16587 9.12991
16588 4.32128
16589 6.31267
16590 7.5328
16591 6.16128
16592 7.17181
16593 4.38284
16594 4.79369
16595 5.94022
16596 8.04587
16597 5.37305
16598 8.23451
16599 7.32373
16600 5.95951
16601 3.98742
16602 5.59979
16603 8.38946
16604 8.96955
16605 5.57076
16606 6.24501
16607 5.95477
16608 6.60281
16609 6.69698
16610 5.66194
16611 4.23082
16612 4.7623
16613 5.2165
16614 7.2708
16615 4.79233
16616 7.62457
16617 4.57659
16618 6.52462
16619 4.37741
16620 5.23238
16621 4.43321
16622 7.22787
16623 6.4858
16624 7.18753
16625 6.1261
16626 4.08734
16627 4.15572
16628 3.74693
16629 6.58724
16630 5.66335
16631 8.21868
16632 3.82205
16633 5.3249
16634 6.33147
16635 4.99095
16636 4.21363
16637 4.36378
16638 8.10065
16639 5.35541
16640 6.68711
16641 3.33977
16642 5.73946
16643 8.83664
16644 5.21029
16645 4.12712
16646 9.45907
16647 6.27924
16648 6.42031
16649 6.1234
16650 7.38087
16651 3.75322
16652 5.93398
16653 4.32875
16654 7.17229
16655 6.52168
16656 6.97079
16657 3.83237
16658 6.8872
16659 5.74145
16660 7.60961
16661 4.39768
16662 3.96673
16663 5.77284
16664 6.21725
16665 5.66095
16666 3.31338
16667 7.56475
16668 6.17509
16669 4.2504
16670 4.61255
16671 3.7614
16672 4.15776
16673 6.40918
16674 5.26512
16675 4.09571
16676 6.1322
16677 6.92827
16678 6.35163
16679 6.51152
16680 5.94653
16681 7.48364
16682 6.55029
16683 3.37865
16684 5.53311
16685 5.69577
16686 4.8072
16687 5.68543
16688 4.43144
16689 5.54876
16690 4.44618
16691 6.30509
16692 5.50591
16693 5.83651
16694 6.23478
16695 6.42213
16696 3.86205
16697 4.26472
16698 3.28658
16699 5.99798
16700 5.0306
16701 5.41401
16702 4.49588
16703 3.91462
16704 4.45462
16705 7.49925
16706 3.49368
16707 6.69623
16708 6.06036
16709 6.3769
16710 3.47647
16711 7.15089
16712 4.17004
16713 4.2475
16714 7.26521
16715 4.2739
16716 4.67031
16717 6.79165
16718 4.05282
16719 3.95426
16720 3.89571
16721 9.05729
16722 5.75802
16723 4.02544
16724 9.42475
16725 6.06632
16726 8.19432
16727 7.18543
16728 6.91485
16729 5.22939
16730 6.56312
16731 5.23171
16732 4.24166
16733 5.92335
16734 4.12505
16735 3.10501
16736 8.39833
16737 3.96567
16738 6.38629
16739 6.65468
16740 5.86436
16741 5.92158
16742 6.06493
16743 7.59832
16744 5.17212
16745 9.38707
16746 5.34238
16747 5.35725
16748 5.38371
16749 6.80559
16750 5.26548
16751 5.12452
16752 4.16244
16753 4.53229
16754 6.65905
16755 6.19596
16756 4.86792
16757 5.46731
16758 7.87243
16759 9.72421
16760 4.72619
16761 3.3848
16762 4.92148
16763 7.38216
16764 6.08585
16765 4.53209
16766 8.68845
16767 4.54803
16768 7.63772
16769 7.9761
16770 6.13228
16771 3.23394
16772 8.02005
16773 5.18538
16774 5.36957
16775 4.31929
16776 4.46746
16777 9.33291
16778 3.86532
16779 3.97685
16780 5.5318
16781 8.33312
16782 4.91421
16783 9.19568
16784 6.52775
16785 5.91882
16786 4.07008
16787 7.09149
16788 3.87369
16789 9.18853
16790 7.58082
16791 3.50786
16792 7.78131
16793 8.09315
16794 5.29133
16795 7.05109
16796 8.80555
16797 5.16743
16798 4.43328
16799 7.90578
16800 6.50681
16801 4.77188
16802 4.36009
16803 5.11452
16804 7.27077
16805 7.06108
16806 5.2585
16807 5.29731
16808 7.27444
16809 5.34147
16810 8.76601
16811 6.20409
16812 8.6495
16813 3.64204
16814 4.76385
16815 4.49636
16816 9.24567
16817 6.77321
16818 5.12286
16819 8.96175
16820 5.56699
16821 4.25634
16822 6.05279
16823 3.93847
16824 5.99501
16825 4.17531
16826 5.12706
16827 6.28906
16828 7.39097
16829 5.32613
16830 9.29003
16831 3.46375
16832 4.13759
16833 5.54272
16834 5.20346
16835 8.89732
16836 5.06253
16837 3.99598
$EndElementData
