0 3736 501 8254
0 14607 1204 12948
0 395 14750 4171
0 1344 10227 11308
0 12840 7600 1312
0 1197 12874 1198
0 13713 15620 1144
0 14887 8478 1459
0 3857 228 2577
0 8627 14543 14534
0 15656 727 15058
0 1135 11258 4411
0 2149 2790 2735
0 395 11504 1141
0 1156 4633 1155
0 4633 1048 1155
0 3334 10318 15631
0 930 1272 8153
0 8337 2149 1199
0 3997 13714 1328
0 4382 120 15654
0 1237 13686 10482
0 11067 5060 1287
0 11067 1287 9484
0 8458 15698 11372
0 14052 15646 14622
0 577 15649 3043
0 6908 13527 2437
0 10092 568 1820
0 6502 14114 15764
0 14532 3576 4495
0 512 420 3576
0 4529 9559 5108
0 989 14050 1722
0 577 15653 10306
0 9878 989 857
0 12177 3978 15588
0 15636 501 3626
0 15626 15694 15693
0 3427 13055 1158
0 1181 13415 10484
0 1277 5163 4473
0 1212 1210 9870
0 3792 930 8153
0 950 1179 5810
0 4728 11775 15640
0 15656 14341 727
0 4382 4944 727
0 746 8912 994
0 8912 2974 994
0 14089 2025 2919
0 2050 5055 1178
0 4116 1861 3344
0 1157 1159 1158
0 4196 15671 6527
0 7715 15684 15701
0 14009 14293 1338
0 5157 1328 11227
0 1319 5610 9478
0 927 7777 2602
0 15637 7777 927
0 9485 1311 10366
0 4473 5163 15682
0 727 4944 2202
0 15591 13302 13881
0 2668 2392 4063
0 395 2205 9889
0 15618 1163 1035
0 13034 5108 15583
0 10318 8079 15053
0 441 141 43
0 989 1722 857
0 857 1722 12701
0 1031 15677 1479
0 8118 1031 15759
0 5430 1069 1162
0 950 13413 13404
0 8478 4892 1459
0 13713 1144 3481
0 1861 4116 1300
0 9101 1300 4116
0 8912 746 1406
0 13270 1516 3492
0 10487 1275 9396
0 15637 8254 4646
0 512 3576 14532
0 8975 14163 1246
0 1179 950 13404
0 4302 3849 1489
0 8845 13250 10262
0 5955 3626 431
0 3626 15648 431
0 1305 9477 2631
0 3481 1417 14669
0 15587 4513 13301
0 7017 9459 1321
0 14093 1148 2538
0 14887 1459 1194
0 1459 4892 14806
0 11811 4001 4793
0 6291 15666 4652
0 3849 4302 3043
0 14686 3849 3043
0 1031 1479 15676
0 15674 15676 1479
0 15699 10871 1491
0 2493 15662 8901
0 1315 120 4382
0 15760 13111 15761
0 10226 8465 3097
0 1692 5163 7017
0 656 1234 8848
0 5163 1692 15682
0 13687 1200 1101
0 15617 12998 3531
0 15617 3531 512
0 9164 4814 1135
0 1445 15762 3676
0 14183 1135 4814
0 1687 2644 12299
0 10703 8844 1160
0 15619 10397 2513
0 12967 14293 2123
0 4646 8254 501
0 4646 501 15636
0 1180 1701 8845
0 1180 9265 1701
0 15674 10578 5165
0 15674 5165 8681
0 4145 3069 7682
0 1223 9878 7587
0 4094 1163 1687
0 11257 141 5060
0 141 11051 5060
0 1687 1163 9475
0 11577 13304 15593
0 5598 11954 1270
0 11954 7546 1270
0 9056 1168 1774
0 5318 4057 1793
0 1240 1793 13768
0 9892 5165 10578
0 1803 15664 4652
0 15664 1803 4199
0 1141 1321 9038
0 4742 1190 2206
0 5117 11229 3962
0 1209 11229 5117
0 991 10366 2410
0 3799 8849 1839
0 2486 14539 2078
0 10903 4292 14544
0 4219 2316 13326
0 1168 2316 4219
0 15674 15675 7580
0 228 6610 391
0 12303 13702 15663
0 1861 14445 3344
0 2486 2078 4371
0 14543 4371 2078
0 14669 4094 12299
0 1148 11236 1327
0 5437 2206 13251
0 1346 5344 4452
0 13776 15591 4119
0 1692 15683 15682
0 1276 991 4272
0 15682 1939 6791
0 13708 1939 15757
0 8940 15659 2050
0 5055 2050 15659
0 15702 1319 2423
0 2423 1319 9478
0 4439 10229 7891
0 2538 1148 4406
0 3334 3304 10318
0 1221 8357 10016
0 2486 4371 14985
0 14887 8936 13414
0 5873 4523 1327
0 4145 7682 644
0 13524 4145 644
0 12177 4513 3978
0 14546 12915 6444
0 727 14341 4382
0 15025 7681 1216
0 15671 3315 12762
0 12762 3315 13941
0 12915 14546 6930
0 13951 9484 1287
0 1130 5379 2092
0 1199 15127 8337
0 13768 4063 15593
0 13919 1184 6139
0 746 994 8975
0 10485 2112 1067
0 1222 4140 9878
0 1459 14806 1194
0 1451 11775 2584
0 2298 5215 15586
0 1780 15636 9745
0 4526 15588 4001
0 15045 2496 4002
0 4527 15045 4002
0 8845 10262 1180
0 501 15648 3626
0 15045 15589 2496
0 4691 14441 1261
0 2198 1300 6644
0 13407 5703 2312
0 15674 1479 2237
0 5598 1270 11720
0 395 9038 2205
0 14750 9889 1344
0 1220 5066 14606
0 14050 2748 9483
0 1215 2268 10368
0 1364 10946 6896
0 13952 1372 8803
0 11775 9384 15640
0 1174 3489 6520
0 1237 1361 1218
0 5355 1188 4742
0 14502 8254 15637
0 1516 8901 13480
0 1273 8850 7546
0 4142 5470 1270
0 1270 5470 11720
0 2332 5117 2031
0 1174 13250 8845
0 1335 1334 15151
0 9437 5771 1309
0 1309 5771 1305
0 13128 1165 11089
0 11716 4918 3736
0 12105 780 2931
0 4219 13326 600
0 1692 7715 15683
0 14605 1220 1221
0 3565 2198 6644
0 9437 2198 3565
0 9475 5112 1169
0 5810 2420 1191
0 10887 14536 14545
0 13034 15583 5171
0 431 3849 14686
0 8910 5157 2295
0 14204 141 11257
0 8910 2295 2962
0 4057 2268 14807
0 13210 3317 2446
0 2332 1209 5117
0 10945 1216 7681
0 15651 15652 13015
0 15617 15619 12998
0 14669 12299 15028
0 3317 12303 2491
0 11811 4793 15589
0 2513 10397 14851
0 15689 15630 15633
0 7587 857 1207
0 3230 11577 2445
0 3230 2445 5147
0 2631 11373 3790
0 15702 15684 1319
0 4199 3791 2472
0 4707 2472 3791
0 15698 2888 11372
0 15698 12152 2888
0 10306 1182 9304
0 15681 13708 13934
0 15681 13934 15772
0 4656 4134 12598
0 4134 15620 12598
0 1240 13304 11577
0 9048 10628 2712
0 3937 5027 1243
0 2202 3738 2493
0 1220 11859 5066
0 11859 1220 14605
0 2445 11577 15584
0 14532 2763 3834
0 14532 4495 2763
0 2445 15584 5147
0 8524 15679 13380
0 722 3997 1149
0 9751 813 722
0 2888 5955 1810
0 13881 1083 5171
0 3836 4528 14197
0 14668 5320 1197
0 2577 228 391
0 1199 2149 2735
0 1199 2735 5168
0 2315 4953 13413
0 10481 13408 15680
0 12944 7777 15637
0 15028 12299 15635
0 13326 9737 15647
0 2745 9475 1169
0 4113 14668 1197
0 15757 1939 13184
0 2298 15586 9164
0 15058 2202 8901
0 3792 8153 656
0 2866 3633 3791
0 4134 4656 14851
0 13219 14808 15650
0 6444 14545 2645
0 2486 14985 3171
0 8997 3171 14985
0 3790 2774 4983
0 14444 1250 2640
0 8912 2640 1250
0 13412 15696 15624
0 15053 14622 3347
0 13982 15710 12598
0 656 8848 3792
0 8848 7434 3792
0 13314 810 4117
0 8118 3169 15677
0 14541 2486 3171
0 1256 5470 11355
0 1250 10013 14602
0 13303 15592 2392
0 14050 1224 2748
0 1842 11281 3171
0 3676 6503 1445
0 4171 1146 11504
0 14047 2868 3017
0 1083 12383 6139
0 1207 11229 1209
0 12100 12975 15767
0 14197 7322 628
0 577 3043 4302
0 2911 12162 1326
0 2911 1326 10903
0 3069 14392 1243
0 3069 1243 7682
0 2513 4656 11681
0 4442 12944 1780
0 4442 2313 12944
0 11355 7600 1261
0 14050 9483 12701
0 13702 3492 1516
0 3736 4918 501
0 12998 2833 3531
0 5687 2833 15708
0 8096 15629 9812
0 14806 10485 1194
0 2513 11681 15619
0 420 4633 1050
0 14183 7891 1135
0 1162 5112 7982
0 1984 15171 4813
0 7546 1264 1270
0 8850 1264 7546
0 1194 8936 14887
0 12915 1344 11308
0 14039 3676 15762
0 15642 14622 15053
0 15642 14052 14622
0 3790 4983 1305
0 1305 2631 3790
0 5430 1160 6908
0 3991 3558 15638
0 1328 13714 6817
0 1168 1169 1774
0 7587 3394 1223
0 10018 3394 7587
0 1165 13128 6601
0 13687 1101 14296
0 8465 3282 2123
0 3080 15628 3883
0 3282 8902 2123
0 3101 12874 5320
0 10229 3589 4292
0 1440 8096 3334
0 2031 14806 13494
0 746 2962 9101
0 14851 15634 3800
0 15634 14851 10397
0 5640 4513 1157
0 3125 628 13219
0 2806 13952 3349
0 14136 6930 14542
0 8681 15676 15674
0 4601 6930 14136
0 12998 11293 2833
0 4529 5108 8157
0 5108 1184 8157
0 3390 9478 1346
0 3390 1346 14718
0 746 8910 2962
0 1364 1246 6287
0 1178 5055 1341
0 1341 5055 4147
0 7693 15646 9989
0 1341 4147 11053
0 11053 4147 15660
0 15050 1107 1210
0 6520 4742 13250
0 14344 3162 3470
0 15667 1839 8849
0 13314 1305 4983
0 13302 1198 1083
0 13881 5454 15591
0 1346 228 3857
0 4742 1188 1190
0 9812 15629 9341
0 1582 12106 11035
0 15702 2423 15703
0 15703 2423 9478
0 3883 15628 10718
0 15672 8710 12762
0 4292 3589 14544
0 1212 15667 1210
0 1317 4272 13502
0 3836 9046 4528
0 8975 1246 8803
0 6287 1246 14163
0 15651 7323 15652
0 2888 5154 5955
0 2112 2568 1067
0 13413 1176 13404
0 15643 10980 15641
0 2491 12303 15663
0 14170 3578 914
0 9483 10486 3799
0 3799 10486 3433
0 2134 1229 5379
0 15646 5487 6503
0 12948 14601 1112
0 15687 14336 15690
0 1120 1237 1218
0 12966 13388 1334
0 1197 5320 12874
0 6139 5171 1083
0 3297 3791 4199
0 3394 14438 1223
0 10018 14438 3394
0 3380 3565 8997
0 8337 1101 11458
0 15127 1101 8337
0 3767 3017 4172
0 1191 3767 4172
0 12100 15766 3728
0 1417 14851 3800
0 9485 10366 10369
0 15587 13301 6891
0 3812 914 3578
0 14568 3812 3578
0 5055 15659 15658
0 8357 1223 14438
0 2748 1224 8848
0 12105 15641 780
0 1597 12153 3382
0 12152 1597 3382
0 1201 11050 3230
0 2763 15634 3834
0 10945 1117 3929
0 1181 1182 15653
0 4528 15640 7322
0 3558 10036 14559
0 8844 1158 4470
0 1234 12714 4168
0 3792 1264 8850
0 14750 1344 8522
0 13494 1204 9387
0 13210 3925 10460
0 5108 9559 3477
0 1277 4272 3399
0 6688 15657 13270
0 14762 15657 6688
0 5703 7861 2312
0 1221 14604 4067
0 4442 9745 1007
0 1178 11053 711
0 3427 1158 8844
0 13527 1160 8844
0 15695 15624 15696
0 10703 1050 3427
0 15698 1602 12152
0 3625 15629 1440
0 722 13952 5315
0 1007 1597 3991
0 14114 8371 15764
0 9038 1321 1317
0 9459 1317 1321
0 14089 12967 2025
0 1168 4219 13410
0 13410 4219 2644
0 3481 4134 1417
0 10318 15053 15631
0 2931 780 12106
0 15667 15668 1210
0 11051 1288 11259
0 6291 4704 15675
0 13388 1130 2774
0 5955 431 1810
0 2112 2031 5117
0 8710 4341 3686
0 4172 5810 1191
0 8912 1406 4116
0 14568 13219 15650
0 12915 6930 4601
0 4656 2831 11681
0 9989 15646 6503
0 963 1316 2410
0 2866 12100 3633
0 12100 3728 3633
0 4117 1256 4131
0 15684 4384 1319
0 3792 8850 930
0 12153 15636 3626
0 1221 1220 14604
0 3633 15660 4147
0 8225 11236 14538
0 4168 3433 1234
0 13210 15664 3925
0 11716 15635 12299
0 11716 12299 2644
0 9474 1364 6287
0 14985 9477 3380
0 10485 2031 2112
0 4196 7135 15669
0 15687 3625 1440
0 3738 9480 15661
0 8157 1184 12847
0 13695 1158 1159
0 13695 4470 1158
0 11767 1167 1162
0 2050 15652 8940
0 14197 4528 7322
0 7017 7715 1692
0 9477 14985 11373
0 1272 3793 8153
0 8524 9396 15679
0 1215 10368 4113
0 8144 4545 5555
0 3101 1199 12874
0 6444 2645 14546
0 994 2974 8975
0 1305 13314 1309
0 4690 15692 4289
0 8912 6294 2974
0 8912 1250 6294
0 1069 11767 1162
0 1083 1198 12383
0 15621 15623 4769
0 5060 11259 1287
0 3380 9477 3565
0 3686 2446 3317
0 3686 4341 2446
0 1277 4473 1275
0 1160 5430 4653
0 15588 4526 13289
0 11720 9714 810
0 8465 2123 3097
0 13055 4633 1156
0 15669 8849 15670
0 3340 1221 4067
0 1237 10482 3929
0 1243 13953 3937
0 15687 1440 14336
0 15629 8096 1440
0 13501 10366 1311
0 11458 4435 1190
0 4435 904 1190
0 15588 13289 12177
0 5452 5130 14153
0 3340 14441 4691
0 6611 3340 4691
0 15671 3686 6527
0 11035 1178 711
0 1246 1364 6896
0 5055 4707 4147
0 501 4918 15648
0 12762 8710 3686
0 4526 1164 10088
0 1164 4526 11811
0 8095 9046 3836
0 3481 14669 7130
0 7130 14669 15028
0 10718 15625 15622
0 12024 15622 15625
0 15648 8451 3849
0 1167 1774 1169
0 680 8096 2584
0 1161 3776 15618
0 5873 1327 11236
0 4411 2298 9164
0 1194 3795 9304
0 4411 3490 2298
0 1194 10485 3795
0 12188 4527 4002
0 4384 5610 1319
0 1321 1141 4384
0 1780 4646 15636
0 1780 15637 4646
0 9384 15638 9608
0 5027 7682 1243
0 5027 2044 7682
0 1256 9714 5470
0 13251 1190 904
0 13251 904 1191
0 15641 10980 9797
0 14703 9797 10980
0 6601 5343 1175
0 4144 1175 5343
0 2919 14535 14089
0 14009 3097 14293
0 15704 4813 14153
0 8731 13825 10482
0 14336 1440 3334
0 1597 12152 3991
0 3991 12152 1602
0 1842 3171 8997
0 1300 9101 10634
0 2237 15675 15674
0 1984 4864 15171
0 4864 6891 15171
0 9745 12153 1597
0 11716 2803 4918
0 1240 11050 4145
0 1240 4145 13524
0 1582 11035 711
0 10485 1067 3795
0 3795 1067 9418
0 1222 1223 6611
0 2013 1112 8698
0 9046 4728 15640
0 4728 9046 2584
0 5055 15658 4707
0 2919 14250 14535
0 13825 1216 10482
0 10980 3836 14197
0 15643 3836 10980
0 15640 9608 7322
0 9752 1148 13714
0 3742 3489 1173
0 8157 3742 1173
0 1101 4435 11458
0 1200 4435 1101
0 1406 746 9101
0 15664 4199 3925
0 13713 7130 2602
0 13713 3481 7130
0 15618 1035 15634
0 2763 15618 15634
0 1200 1203 4435
0 5810 13414 2315
0 2315 950 5810
0 5379 1130 3282
0 13702 13480 15663
0 535 6502 1445
0 1445 6502 14711
0 4435 1203 14047
0 1701 4637 5198
0 1007 3991 15697
0 1272 4493 10487
0 1272 10487 3793
0 13777 4119 15592
0 12998 15616 11293
0 8975 8910 746
0 6503 12105 535
0 13777 15592 13303
0 4982 15615 12268
0 9870 3154 1207
0 10717 914 4092
0 14344 10717 4092
0 15666 3297 4199
0 1803 15666 4199
0 4652 8710 5255
0 1276 4272 1277
0 420 1050 3576
0 10226 13501 1311
0 12100 15767 15766
0 14655 1185 4954
0 5355 4742 4954
0 12701 9870 857
0 1346 1146 5344
0 14136 5344 1146
0 15151 13388 2774
0 15151 2774 3790
0 13270 3470 15058
0 13270 15058 1516
0 13502 2410 1316
0 4140 14050 989
0 1491 5555 4545
0 12967 2123 2025
0 10397 15617 3834
0 15699 3738 15661
0 6965 9265 1180
0 9418 1067 5411
0 9752 3997 813
0 43 5147 15585
0 15622 9286 15623
0 12106 1582 2931
0 15058 727 2202
0 1207 10018 7587
0 9714 1256 4117
0 9437 1300 2198
0 11775 4728 2584
0 4944 15654 9480
0 1169 1168 2745
0 11433 9341 15627
0 2668 4063 13768
0 15693 12024 15625
0 1489 3849 8451
0 8451 15647 1489
0 15616 11681 15706
0 15619 11681 15616
0 1107 11229 3154
0 1346 4452 228
0 15667 1212 1839
0 4382 15654 4944
0 2202 2493 8901
0 1223 8357 6611
0 3017 2868 8478
0 6610 4452 5085
0 4196 6527 7135
0 13708 4066 6791
0 4066 13409 6791
0 6527 15663 7135
0 4117 4131 14445
0 15648 3849 431
0 15635 8254 15028
0 15627 13155 4865
0 15681 15680 13408
0 15681 13408 4066
0 441 43 15585
0 1602 7550 10036
0 1602 15698 7550
0 3470 8458 15656
0 6398 1185 14655
0 13714 1327 5773
0 680 8079 10318
0 10318 3304 680
0 14437 1204 14607
0 8353 1204 14437
0 857 9870 1207
0 4140 1224 14050
0 1311 2134 8465
0 1311 8465 10226
0 5108 13034 1184
0 4230 1120 13530
0 8845 1175 1174
0 9656 4771 1056
0 1056 4771 1203
0 1175 8845 5198
0 3317 2491 6527
0 4384 1141 5610
0 9304 8936 1194
0 13128 5343 6601
0 1272 1273 10369
0 2493 3738 15699
0 1240 5318 1793
0 1240 13524 5318
0 535 2931 9375
0 9752 813 12162
0 4113 1197 14833
0 13412 15624 3080
0 6567 15628 3080
0 2268 13012 15025
0 12106 15651 11035
0 14703 628 3125
0 3490 441 2298
0 5255 8710 15672
0 12162 13351 1326
0 12162 4058 13351
0 12315 15639 15696
0 4144 1173 3489
0 4528 9046 15640
0 1157 4513 12177
0 4168 12714 1879
0 2538 4406 10903
0 10871 15050 1491
0 10871 3962 1107
0 3962 11229 1107
0 3297 15665 2866
0 15666 15665 3297
0 14540 11389 5873
0 15768 12975 3169
0 3791 3633 4147
0 1491 2493 15699
0 15662 2493 1491
0 13410 2644 1687
0 13532 8698 4771
0 1174 1175 4144
0 3489 1174 4144
0 3315 15670 12711
0 15671 15670 3315
0 13302 14833 1198
0 15689 15633 5289
0 1141 9038 395
0 3925 4199 10460
0 4199 5018 10460
0 4406 12162 2911
0 4406 2911 10903
0 3169 8968 15768
0 4944 3738 2202
0 13713 4769 9286
0 15664 8710 4652
0 14183 4438 7891
0 4690 4289 15710
0 14153 5130 15704
0 5640 1156 1155
0 12153 3626 5955
0 2790 13919 12383
0 9752 13714 3997
0 722 813 3997
0 4199 2472 5018
0 6293 6287 519
0 6293 9474 6287
0 15765 7712 8372
0 1185 1188 5355
0 1185 5355 4954
0 4652 4704 6291
0 9797 7323 15651
0 5810 1179 2420
0 9892 13376 4502
0 2420 1179 13251
0 9797 14703 7323
0 13410 9475 2745
0 13410 2745 1168
0 5157 8910 1372
0 9305 4814 390
0 12716 390 4814
0 2774 1130 9713
0 1149 1328 5157
0 1215 4113 14834
0 8912 4116 2640
0 2092 3059 9713
0 15765 15660 9991
0 10397 3834 15634
0 2312 4066 13408
0 7751 15707 2831
0 1069 6908 568
0 7434 1224 11356
0 1224 4140 11356
0 4442 1780 9745
0 4944 9480 3738
0 7323 14170 15652
0 3578 14170 7323
0 6502 15764 15763
0 14851 4656 2513
0 10887 14545 6444
0 11053 15660 8372
0 8372 15660 15765
0 7017 5163 9459
0 2205 9038 1316
0 1317 1316 9038
0 8357 1221 3340
0 1984 0 4864
0 15587 6891 4864
0 11089 1171 5343
0 15627 15624 11433
0 1311 1229 2134
0 12303 6688 3492
0 1689 6688 12303
0 13526 13695 10088
0 14296 1101 15127
0 1237 1120 13686
0 13686 1120 8675
0 600 13326 15647
0 2803 8451 4918
0 4918 8451 15648
0 11433 15695 1451
0 13742 5558 1264
0 15630 15689 15688
0 4145 14392 3069
0 8997 14985 3380
0 1215 14807 2268
0 15624 15695 11433
0 13413 10484 1176
0 8522 12915 4601
0 1344 12915 8522
0 6611 4691 7600
0 1222 6611 7600
0 11229 1207 3154
0 1276 1275 10487
0 15644 15643 15641
0 6601 1175 6909
0 4653 5430 1161
0 12998 15619 15616
0 4769 15623 9286
0 6520 3489 3742
0 13530 1120 1218
0 3997 1328 1149
0 3776 7982 9475
0 5771 9437 3565
0 15615 4982 3531
0 1361 6293 1218
0 15771 8632 2598
0 9889 1316 10227
0 8079 15642 15053
0 10887 14089 14536
0 15687 15686 3625
0 15665 15666 6008
0 6291 6008 15666
0 13532 2013 8698
0 15667 8849 15669
0 4982 9274 8793
0 1312 7600 11355
0 2919 14534 14250
0 4493 10369 991
0 11015 0 1984
0 4513 15587 3978
0 4439 7891 14216
0 3791 4147 4707
0 10369 10366 991
0 1171 1173 5343
0 5343 1173 4144
0 10036 3991 1602
0 10871 1107 15050
0 6791 1939 13708
0 15685 15694 13155
0 3883 10718 15621
0 14538 14093 8873
0 1328 6817 11227
0 6817 5773 11227
0 15638 15639 15697
0 5154 3382 5955
0 14833 1197 1198
0 15650 4092 14568
0 4653 7589 1160
0 4742 2206 13250
0 3382 12153 5955
0 12152 3382 5154
0 10016 14605 1221
0 15690 14336 9062
0 15657 10717 14344
0 14806 2031 10485
0 15653 9737 1181
0 9483 1839 1212
0 13015 1178 11035
0 1175 5198 4637
0 4637 6909 1175
0 6567 15627 15628
0 12716 4814 9164
0 9164 15586 12716
0 1146 4601 14136
0 5255 4704 4652
0 13742 1264 7434
0 3792 7434 1264
0 4134 14851 1417
0 5066 1218 6293
0 12762 13941 15672
0 4771 8698 1203
0 813 4058 12162
0 963 2410 13501
0 14655 4954 6520
0 4954 4742 6520
0 10227 1344 9889
0 4272 1317 3399
0 2437 13695 13526
0 13532 4771 9656
0 15590 4529 5496
0 4529 15590 9559
0 13005 14163 2974
0 13413 4953 10484
0 14623 7693 5822
0 15632 5822 7693
0 15171 1155 1048
0 9608 15638 3558
0 1035 5190 15634
0 1163 5190 1035
0 1879 3433 4168
0 1879 3799 3433
0 1820 6908 2437
0 4983 2774 9713
0 11109 1273 7546
0 13494 14601 1204
0 2748 8848 10486
0 1234 656 1236
0 13524 644 6249
0 6249 644 13012
0 4982 12268 4633
0 4982 4633 9274
0 7580 4704 15672
0 15672 4704 5255
0 1117 14751 5027
0 10946 1117 5027
0 14542 6610 5085
0 1156 5640 1157
0 4470 13695 2437
0 1185 2790 2149
0 1185 6398 2790
0 15622 15623 10718
0 9286 15622 4690
0 2200 3162 4092
0 14093 14538 11236
0 13409 7861 4473
0 5454 5171 15583
0 711 14114 1582
0 2868 8698 14046
0 5610 1141 11504
0 9483 2748 10486
0 13494 14806 14601
0 7861 1275 4473
0 4142 5558 13742
0 3531 2833 5687
0 3531 5687 15615
0 6398 13919 2790
0 14761 15659 10140
0 10140 15659 8940
0 9101 2962 10634
0 13184 15683 15700
0 14532 15617 512
0 8254 14502 15028
0 3169 8118 8968
0 8118 15759 8968
0 1048 5452 14153
0 1048 12268 5452
0 11716 3736 15635
0 15627 9341 13155
0 12068 15704 5130
0 7323 3125 3578
0 14444 2640 4116
0 11355 4142 1312
0 12711 3799 1879
0 8849 3799 12711
0 15638 15697 3991
0 1191 14047 3767
0 1144 15620 4134
0 1491 15050 5555
0 3169 6008 15677
0 1275 1276 1277
0 13412 3080 3883
0 13412 3883 13416
0 1149 5157 1372
0 8095 680 9046
0 680 8095 8079
0 5558 1270 1264
0 4142 1270 5558
0 15624 6567 3080
0 15624 15627 6567
0 9737 4302 1489
0 7550 3162 2200
0 11954 5598 3059
0 4495 7589 2763
0 15649 577 15655
0 5822 2712 15691
0 15632 2712 5822
0 1361 9474 6293
0 15677 1031 8118
0 15678 13407 10481
0 5168 1198 12874
0 15652 14170 8940
0 1338 10887 6444
0 8095 15642 8079
0 8095 15645 15642
0 2092 1229 3059
0 5379 1229 2092
0 11258 3490 4411
0 3490 11258 1288
0 4892 14046 1112
0 14601 4892 1112
0 15705 12068 5130
0 15622 15692 4690
0 13953 2806 3937
0 14606 6293 519
0 1300 9437 1861
0 2833 11293 15708
0 5687 15708 15615
0 722 1372 13952
0 1163 3776 9475
0 1372 722 1149
0 15710 13982 4690
0 3282 1130 8902
0 14445 1309 4117
0 13825 2736 5320
0 15700 15683 7715
0 2736 3101 5320
0 10227 1316 963
0 4171 8522 1146
0 5404 11089 1165
0 9751 722 5315
0 15655 10306 3795
0 15655 3795 9418
0 7550 15698 3162
0 441 5215 2298
0 12840 4140 1222
0 15654 9418 9480
0 15620 13982 12598
0 11720 3059 5598
0 3059 11720 810
0 6644 11226 1145
0 14052 15644 5487
0 5487 15641 12105
0 5487 15644 15641
0 5496 8157 1173
0 5496 1173 1171
0 7135 5555 15669
0 2763 7589 15618
0 3433 10486 1234
0 8848 1234 10486
0 1135 6229 11258
0 14441 10015 1261
0 13251 1179 5437
0 1067 15661 5411
0 9437 1309 1861
0 2092 9713 1130
0 9989 6503 3676
0 5315 1287 9751
0 2295 11227 2962
0 10460 14506 1689
0 1689 13210 10460
0 3633 3728 14429
0 3633 14429 15660
0 9737 1489 15647
0 680 2584 9046
0 1158 1156 1157
0 1156 1158 13055
0 5873 11236 8225
0 15649 14686 3043
0 120 14686 15649
0 2134 5379 8465
0 3799 1839 9483
0 9745 1597 1007
0 6503 535 1445
0 14559 10036 7550
0 12268 15615 5130
0 2268 15025 10368
0 15705 5130 15615
0 3531 4982 8793
0 11051 141 3490
0 3490 141 441
0 711 8371 14114
0 5452 12268 5130
0 3162 8458 3470
0 9656 1056 8675
0 5060 11051 11259
0 13314 9713 810
0 1335 14543 8627
0 11763 1335 8627
0 10945 7681 2044
0 14751 10945 2044
0 656 8153 1236
0 1145 1842 13630
0 13015 2050 1178
0 15697 12315 4442
0 4442 1007 15697
0 15656 15058 3470
0 1223 1222 9878
0 14544 2538 10903
0 1204 14601 12948
0 1261 1256 11355
0 1146 1346 11504
0 11504 1346 9478
0 15651 13015 11035
0 10481 15680 8681
0 14047 1203 2868
0 8371 711 8372
0 15645 8095 3836
0 9870 1210 3154
0 3154 1210 1107
0 13708 15681 4066
0 9608 15640 9384
0 11775 15695 9384
0 1311 9485 11109
0 1311 11109 1229
0 15658 15659 14412
0 10460 15658 14412
0 8793 420 512
0 3531 8793 512
0 5496 4529 8157
0 7017 15684 7715
0 3059 1229 11954
0 15617 14532 3834
0 4171 14750 8522
0 3349 8833 6896
0 6896 8833 1246
0 4171 11504 395
0 15629 3625 12632
0 3791 3297 2866
0 3793 8524 1236
0 8153 3793 1236
0 4092 3162 14344
0 4865 13155 15694
0 14046 4892 8478
0 5117 2568 2112
0 5117 3962 2568
0 14412 14506 10460
0 1056 1203 1200
0 1056 1200 8675
0 15649 15654 120
0 680 3304 8096
0 8359 1250 14444
0 15631 15630 9062
0 1321 15684 7017
0 3796 13825 5320
0 13888 11281 1842
0 1273 9485 10369
0 1207 1209 10018
0 10013 3340 4067
0 14667 14940 1176
0 6294 1250 14602
0 8359 10013 1250
0 5404 1165 1164
0 15670 8849 12711
0 3399 1317 9459
0 15050 15668 5555
0 1861 1309 14445
0 7693 14623 14622
0 8632 15681 2598
0 13524 6249 4057
0 5318 13524 4057
0 441 15585 5215
0 1491 4545 15662
0 3399 9459 1277
0 15665 6008 12975
0 15665 12975 12100
0 14543 1335 4371
0 1167 11767 4637
0 9265 1167 4637
0 3631 519 6294
0 519 13005 6294
0 2206 1190 13251
0 9387 8353 1209
0 9387 1204 8353
0 4117 810 9714
0 9274 420 8793
0 9274 4633 420
0 10018 14437 14438
0 2410 10366 13501
0 15686 15685 12632
0 5190 1163 4094
0 11811 4526 4001
0 1939 15683 13184
0 5773 4523 1281
0 9889 2205 1316
0 14711 6502 15763
0 8848 1224 7434
0 6520 13250 1174
0 2491 15663 6527
0 4134 3481 1144
0 3230 14204 1201
0 4057 6249 2268
0 5289 15633 15691
0 1165 6601 10092
0 5315 13951 1287
0 15025 1216 3796
0 1216 13825 3796
0 1145 13630 6644
0 1180 14683 6965
0 13526 10088 1164
0 7589 1161 15618
0 14506 6688 1689
0 535 9375 6502
0 9375 1582 14114
0 12188 11809 1171
0 15045 5404 11811
0 4145 1201 14392
0 1201 11067 14392
0 13404 5437 1179
0 1234 1236 12714
0 12632 15685 13155
0 2806 3349 6896
0 15661 1067 2568
0 14412 15659 14761
0 813 9751 4058
0 1300 10634 6644
0 11458 1190 1188
0 7648 11259 1288
0 4406 9752 12162
0 4058 7648 13351
0 7600 4691 1261
0 6891 1155 15171
0 3937 2806 6896
0 5066 13530 1218
0 1181 10484 4953
0 5430 6908 1069
0 10092 6909 568
0 15668 15667 15669
0 2295 5157 11227
0 930 1273 1272
0 14750 395 9889
0 15632 15760 9048
0 1338 14293 12967
0 1165 12587 1164
0 13015 15652 2050
0 15670 15671 4196
0 14683 1180 13404
0 15650 2200 4092
0 15650 7550 2200
0 15650 14559 7550
0 6908 1160 13527
0 15050 1210 15668
0 1167 6965 1774
0 6965 1167 9265
0 2602 7130 14502
0 1261 10015 1256
0 1256 10015 4131
0 8337 1185 2149
0 11681 15707 15706
0 13409 4473 15682
0 4656 12598 2831
0 600 2803 11716
0 4438 14183 9305
0 3470 13270 15657
0 1317 13502 1316
0 3317 13210 1689
0 12303 3317 1689
0 904 14047 1191
0 2868 1203 8698
0 628 7322 13219
0 14703 3125 7323
0 10227 963 14009
0 10628 15691 2712
0 5430 7982 1161
0 1162 7982 5430
0 12383 1198 5168
0 8910 8975 3587
0 1372 8910 3587
0 2962 1281 10634
0 14718 1346 3857
0 13111 2837 15761
0 9991 14429 15766
0 7580 15672 15673
0 10703 1160 7589
0 10887 1338 12967
0 7600 12840 1222
0 4601 1146 8522
0 11228 2568 3962
0 13012 644 7681
0 644 2044 7681
0 644 7682 2044
0 15632 7693 13111
0 15764 8371 7712
0 15700 7715 15701
0 13416 15621 7777
0 9797 15651 12106
0 8675 1200 13687
0 7891 6229 1135
0 7648 1288 13351
0 15639 15638 9384
0 2888 12152 5154
0 4116 1406 9101
0 8144 15662 4545
0 2279 13380 4502
0 5411 15661 9480
0 15655 9418 15654
0 7777 15621 4769
0 11258 13351 1288
0 8254 15635 3736
0 9474 10946 1364
0 11458 1188 8337
0 1188 1185 8337
0 11050 1240 11577
0 600 15647 2803
0 15656 8458 14341
0 8465 5379 3282
0 5771 9477 1305
0 4172 3017 8478
0 1236 8524 13374
0 1820 2437 13526
0 12188 1171 11089
0 1120 9656 8675
0 14046 8698 1112
0 15671 12762 3686
0 7580 15675 4704
0 1334 13388 15151
0 8997 13630 1842
0 4058 11259 7648
0 9048 15760 12354
0 9056 1774 6965
0 9062 3334 15631
0 14438 4093 10016
0 11763 14534 2919
0 1135 4411 9164
0 8936 9304 1182
0 4131 10015 3344
0 780 15641 9797
0 7861 9396 1275
0 10634 1281 11226
0 5163 1277 9459
0 13351 11258 6229
0 14364 9474 1361
0 2316 1168 9056
0 14392 9484 1243
0 13953 1243 9484
0 9485 1273 11109
0 3171 11281 14541
0 9608 3558 14808
0 14667 9056 14940
0 2888 6752 1315
0 3059 810 9713
0 13415 1181 9737
0 12847 1184 13919
0 15668 15669 5555
0 2584 9812 1451
0 9878 857 7587
0 2837 9989 3676
0 10088 13695 1159
0 15154 10088 1159
0 914 10140 14170
0 4092 914 3812
0 963 10226 3097
0 963 13501 10226
0 10229 1326 6229
0 14341 1315 4382
0 991 2410 4272
0 10368 15025 3796
0 12315 2313 4442
0 15653 4302 9737
0 15703 9478 3390
0 15703 3390 14718
0 13416 3883 15621
0 15636 12153 9745
0 10482 1216 10945
0 10484 14667 1176
0 1165 10092 12587
0 1220 14606 14604
0 8371 8372 7712
0 4495 10703 7589
0 10578 15673 9892
0 10578 7580 15673
0 10628 9048 1
0 1182 1181 4953
0 6527 3686 3317
0 1117 10945 14751
0 10980 14197 628
0 1237 3929 1361
0 11050 1201 4145
0 1178 1341 11053
0 11109 11954 1229
0 12701 9483 1212
0 4523 11226 1281
0 2962 11227 1281
0 15661 2568 11228
0 15584 11577 15593
0 1201 11257 11067
0 10487 9396 3793
0 11356 12840 1312
0 1312 13742 11356
0 1315 6752 120
0 11372 2888 1315
0 3790 11373 4746
0 15670 4196 15669
0 11389 1145 11226
0 11389 4440 13888
0 4653 1161 7589
0 11763 1334 1335
0 1334 11763 12966
0 14711 15762 1445
0 1451 9812 11433
0 15695 11775 1451
0 711 11053 8372
0 11809 5496 1171
0 11811 5404 1164
0 12177 1159 1157
0 11859 2439 13530
0 11859 3634 2439
0 10262 2206 5437
0 15679 9396 5703
0 12024 15692 15622
0 1031 15769 15759
0 6520 3742 14655
0 11051 3490 1288
0 12299 4094 1687
0 4502 15678 9892
0 9048 12354 1
0 13480 15662 8144
0 9418 5411 9480
0 519 6287 13005
0 12587 13526 1164
0 6601 6909 10092
0 12632 9341 15629
0 14807 2668 4057
0 2668 13303 2392
0 14807 13303 2668
0 1215 14834 13303
0 2681 4113 14833
0 2681 14834 4113
0 9878 4140 989
0 1722 14050 12701
0 13375 12711 1879
0 14420 1879 12714
0 2602 4769 13713
0 11763 8627 14534
0 8632 15676 8681
0 3742 12847 6398
0 15682 15683 1939
0 12587 1820 13526
0 13414 8936 2315
0 2312 7861 13409
0 3347 14622 14623
0 12948 1112 2013
0 12948 2013 14028
0 13494 2332 2031
0 13005 2974 6294
0 3937 10946 5027
0 13034 6139 1184
0 1050 4633 13055
0 13289 15154 1159
0 9991 15660 14429
0 15760 15632 13111
0 15630 14448 15633
0 15631 14448 15630
0 5404 4527 11089
0 13128 11089 5343
0 8144 15663 13480
0 3097 2123 14293
0 3742 6398 14655
0 3558 3991 10036
0 3578 3125 13219
0 13034 5171 6139
0 4865 15626 15628
0 10229 6229 7891
0 8997 3565 13630
0 10262 13250 2206
0 13289 1159 12177
0 13301 4513 1155
0 2316 13415 13326
0 14028 2013 13532
0 8975 2974 14163
0 2279 14420 13374
0 2279 4502 13376
0 2313 13416 12944
0 13374 13380 2279
0 12975 15768 15767
0 8902 1130 13388
0 15699 11228 10871
0 13407 15679 5703
0 13407 2312 13408
0 12315 13412 2313
0 11228 15699 15661
0 14420 13375 1879
0 8901 15662 13480
0 4272 2410 13502
0 2439 4230 13530
0 2831 15707 11681
0 14606 5066 6293
0 5315 2806 13951
0 13952 2806 5315
0 14667 10484 2316
0 2313 13412 13416
0 10368 3796 14668
0 13888 1842 1145
0 15666 1803 4652
0 6444 11308 1338
0 2582 2736 8731
0 13686 2582 8731
0 3634 14607 2439
0 13532 9656 4230
0 2316 9056 14667
0 13686 8675 2582
0 2582 13687 2736
0 15584 12334 5147
0 2584 8096 9812
0 9812 9341 11433
0 15058 8901 1516
0 12105 2931 535
0 780 9797 12106
0 6502 9375 14114
0 1162 1167 1169
0 13714 1148 1327
0 4142 13742 1312
0 14448 14623 15633
0 1793 4057 2668
0 1793 2668 13768
0 2681 13776 4119
0 13776 2681 14833
0 14834 2681 13777
0 2681 4119 13777
0 11767 6909 4637
0 8731 2736 13825
0 13687 14296 2736
0 9751 11259 4058
0 963 3097 14009
0 13527 8844 4470
0 13881 5171 5454
0 11389 13888 1145
0 8144 5555 7135
0 4594 14420 2279
0 13376 4594 2279
0 12975 6008 3169
0 2735 2790 5168
0 2312 13409 4066
0 13708 15757 13934
0 8359 10015 14441
0 13941 14419 15673
0 2806 9484 13951
0 2806 13953 9484
0 10013 14441 3340
0 10903 1326 10229
0 11308 14009 1338
0 5822 15691 15633
0 10018 1209 8353
0 13111 9989 2837
0 2837 3676 14039
0 2837 14039 15761
0 2868 14046 8478
0 4513 5640 1155
0 10262 13404 1180
0 2315 1182 4953
0 8936 1182 2315
0 14607 14028 2439
0 2439 14028 4230
0 4230 9656 1120
0 14047 3017 3767
0 6229 1326 13351
0 14052 15642 15644
0 6791 13409 15682
0 2888 1810 6752
0 6752 14686 120
0 14985 4371 4746
0 15632 9048 2712
0 1148 14093 11236
0 5487 12105 6503
0 7693 14622 15646
0 14136 4452 5344
0 14153 15171 1048
0 6287 14163 13005
0 4172 13414 5810
0 2644 600 11716
0 13210 2446 15664
0 14216 7891 4438
0 13881 13302 1083
0 8524 3793 9396
0 13714 5773 6817
0 4435 14047 904
0 13301 1155 6891
0 11720 5470 9714
0 11954 11109 7546
0 15127 1199 3101
0 8359 14441 10013
0 3565 9477 5771
0 13410 1687 9475
0 3101 14296 15127
0 4131 3344 14445
0 3344 10015 14444
0 15655 577 10306
0 14438 14437 4093
0 13304 13768 15593
0 13776 14833 13302
0 14834 13777 13303
0 14336 3334 9062
0 14341 11372 1315
0 3162 15698 8458
0 1212 9870 12701
0 3625 15686 12632
0 3576 1050 10703
0 1117 10946 14364
0 5165 9892 15678
0 5165 15678 10481
0 5165 10481 8681
0 14506 14762 6688
0 14506 3949 14762
0 13941 3315 14419
0 4594 14419 3315
0 10482 13686 8731
0 11228 3962 10871
0 3728 15766 14429
0 6644 13630 3565
0 1050 13055 3427
0 8844 10703 3427
0 15688 15690 9062
0 1201 14204 11257
0 11050 11577 3230
0 43 141 14204
0 43 14204 5147
0 11067 11257 5060
0 6688 13270 3492
0 12303 3492 13702
0 8096 3304 3334
0 15684 1321 4384
0 10015 8359 14444
0 5085 4452 14136
0 8873 14093 2538
0 14703 10980 628
0 6611 8357 3340
0 14808 3558 14559
0 14887 13414 4172
0 8478 14887 4172
0 8353 14437 10018
0 10229 4439 3589
0 14170 10140 8940
0 14568 4092 3812
0 3578 13219 14568
0 13219 7322 14808
0 14089 10887 12967
0 15673 13376 9892
0 3315 13375 4594
0 13702 1516 13480
0 4067 3631 14602
0 6294 14602 3631
0 15665 12100 2866
0 14604 519 3631
0 4067 14604 3631
0 14605 3634 11859
0 4093 3634 14605
0 11859 13530 5066
0 14607 3634 4093
0 14542 5085 14136
0 13111 7693 9989
0 15615 15708 15705
0 14089 14535 14536
0 14506 14761 3949
0 14412 14761 14506
0 4440 11281 13888
0 14539 2486 14541
0 14544 8873 2538
0 14540 4440 11389
0 14540 5873 8225
0 5703 9396 7861
0 5873 11389 4523
0 5168 2790 12383
0 15025 13012 7681
0 3790 4746 15151
0 5018 2472 15658
0 2736 14296 3101
0 13415 2316 10484
0 9304 3795 10306
0 3796 5320 14668
0 5190 14669 3800
0 1276 4493 991
0 4341 15664 2446
0 8710 15664 4341
0 14683 1176 14940
0 14683 13404 1176
0 14183 4814 9305
0 15645 3836 15643
0 5773 1281 11227
0 1327 4523 5773
0 14448 3347 14623
0 15616 15709 11293
0 5147 14204 3230
0 15621 10718 15623
0 1372 3587 8803
0 6444 12915 11308
0 10262 5437 13404
0 10482 10945 3929
0 10946 9474 14364
0 14751 2044 5027
0 3349 8803 8833
0 3349 13952 8803
0 6896 10946 3937
0 14761 10140 3949
0 3949 10717 14762
0 8833 8803 1246
0 15631 3347 14448
0 12188 4002 14792
0 10140 914 3949
0 3949 914 10717
0 7322 9608 14808
0 10013 4067 14602
0 9387 2332 13494
0 13407 13408 10481
0 1240 13768 13304
0 10016 4093 14605
0 11356 4140 12840
0 9387 1209 2332
0 12315 15696 13412
0 14437 14607 4093
0 3344 14444 4116
0 1309 13314 4117
0 4983 9713 13314
0 10016 8357 14438
0 15680 8632 8681
0 2237 1479 15677
0 2268 6249 13012
0 13742 7434 11356
0 11355 5470 4142
0 14392 11067 9484
0 13527 4470 2437
0 12587 10092 1820
0 6139 12383 13919
0 8902 13388 12966
0 10634 11226 6644
0 1701 5198 8845
0 11767 1069 568
0 3576 10703 4495
0 13415 9737 13326
0 14807 1215 13303
0 14028 13532 4230
0 12948 14028 14607
0 3587 8975 8803
0 1810 431 14686
0 6752 1810 14686
0 8157 12847 3742
0 6398 12847 13919
0 12315 15697 15639
0 2315 13413 950
0 6965 14940 9056
0 14683 14940 6965
0 12632 13155 9341
0 4219 600 2644
0 2803 15647 8451
0 1335 15151 4371
0 4371 15151 4746
0 14341 8458 11372
0 15704 11015 4813
0 1148 9752 4406
0 12966 11763 2919
0 11767 568 6909
0 1780 12944 15637
0 12944 13416 7777
0 4452 6610 228
0 9384 15695 15639
0 8850 1273 930
0 1272 10369 4493
0 10487 4493 1276
0 7130 15028 14502
0 4113 10368 14668
0 15679 15678 4502
0 13380 15679 4502
0 8524 13380 13374
0 2582 8675 13687
0 11389 11226 4523
0 4527 12188 11089
0 15045 4527 5404
0 11809 12188 14792
0 5108 3477 15583
0 11308 10227 14009
0 15769 1031 15676
0 15657 14762 10717
0 15657 14344 3470
0 5190 3800 15634
0 1162 1169 5112
0 14604 14606 519
0 3776 1163 15618
0 4594 13375 14420
0 3315 12711 13375
0 13376 14419 4594
0 14420 12714 13374
0 15619 15617 10397
0 10306 15653 1182
0 2831 12598 7751
0 12268 1048 4633
0 7751 12598 15710
0 15053 3347 15631
0 9475 7982 5112
0 9478 5610 11504
0 4892 14601 14806
0 15628 15626 15625
0 15628 15625 10718
0 1701 9265 4637
0 15702 15701 15684
0 14985 4746 11373
0 9477 11373 2631
0 4526 10088 15154
0 13289 4526 15154
0 4690 15620 9286
0 13982 15620 4690
0 1820 568 6908
0 7777 4769 2602
0 14502 927 2602
0 4707 15658 2472
0 1161 7982 3776
0 13374 12714 1236
0 3929 1117 14364
0 3929 14364 1361
0 15772 2598 15681
0 2919 2025 12966
0 14153 4813 15171
0 11015 1984 4813
0 15771 2598 15772
0 10229 4292 10903
0 2025 8902 12966
0 2123 8902 2025
0 5147 12334 15585
0 15695 15696 15639
0 5018 15658 10460
0 15630 15688 9062
0 1287 11259 9751
0 15620 13713 9286
0 9375 2931 1582
0 15627 4865 15628
0 1417 3800 14669
0 15590 5496 11809
0 15589 15045 11811
0 11809 14792 15590
0 4865 15694 15626
0 15637 927 14502
0 5168 12874 1199
0 15649 15655 15654
0 15591 13776 13302
0 15616 15706 15709
0 15680 15681 8632
0 5822 15633 14623
0 14808 14559 15650
0 15644 15642 15645
0 15643 15644 15645
0 15675 15677 6291
0 6008 6291 15677
0 15674 7580 10578
0 15678 15679 13407
0 7135 15663 8144
0 15672 13941 15673
0 15673 14419 13376
0 15646 14052 5487
0 15677 15675 2237
0 15625 15626 15693
0 15653 577 4302
0 14669 5190 4094
0 2420 13251 1191
0 15770 15769 15676
0 15770 15676 8632
0 8632 15771 15770
1 13936 2151 9774
1 6718 474 15804
1 7074 3294 14452
1 15937 52 36
1 13936 15884 2151
1 78 88 44
1 265 13496 292
1 265 292 10618
1 10763 6 4927
1 9763 14273 8283
1 7059 12000 11930
1 63 47 44
1 12091 15219 6467
1 15789 7088 15547
1 3604 6700 7945
1 11421 15918 13880
1 11995 16147 2281
1 13860 202 219
1 16036 380 387
1 15484 1664 1666
1 11825 10411 14926
1 11339 13855 15168
1 11096 10181 15466
1 195 14736 165
1 12045 10536 285
1 2461 7268 2722
1 15242 11696 16224
1 382 389 346
1 15477 15492 1658
1 14841 15566 15567
1 18 9 10763
1 3654 7078 5415
1 12455 15563 11793
1 12707 252 279
1 252 12121 279
1 8454 9568 9746
1 4472 26 17
1 370 342 380
1 8558 15005 14735
1 16033 11872 12735
1 4770 849 16200
1 13696 1858 14065
1 13363 10399 13181
1 5597 7330 16163
1 13980 10524 180
1 13643 1138 15543
1 13965 144 167
1 1598 1600 2922
1 12047 3412 312
1 15275 9666 5544
1 8035 16009 16008
1 12386 14097 7416
1 5434 14918 2733
1 15493 15476 14484
1 221 1598 240
1 4310 14026 13125
1 2117 2971 2401
1 7041 467 1436
1 7041 8105 467
1 13828 9502 11085
1 10873 8993 2924
1 16073 10109 6501
1 10902 14701 4237
1 180 7737 15180
1 12542 15489 2877
1 16106 10452 16191
1 3421 4177 14587
1 14091 10901 14840
1 266 16181 288
1 340 352 344
1 15285 16272 15926
1 306 302 14155
1 302 15194 14155
1 3180 584 14973
1 59 52 15937
1 6216 8247 10693
1 16213 6270 10986
1 9617 16176 16136
1 663 16098 864
1 15786 15017 10527
1 13944 718 13718
1 13944 2804 718
1 15903 3533 608
1 16082 9287 16148
1 4964 7072 8322
1 13882 12702 14008
1 15812 8686 15815
1 16083 244 16053
1 114 12923 15928
1 212 15454 213
1 11886 14569 10786
1 6726 1855 16098
1 15259 2970 2971
1 11511 14735 5838
1 15891 6630 2360
1 216 194 14670
1 80 44 88
1 15364 15365 4248
1 10431 10326 12042
1 13902 15984 677
1 9741 831 11764
1 8999 14727 15257
1 14813 15955 12344
1 6833 7259 5699
1 12450 12449 9945
1 14883 7531 718
1 12625 15211 6452
1 15001 8954 12855
1 15357 15237 11902
1 15473 5104 5075
1 13283 15109 7433
1 844 9247 14192
1 4252 13182 3303
1 15515 2817 11402
1 1668 1213 15120
1 5049 16123 3325
1 9787 5415 12430
1 15123 6395 4503
1 13910 15947 11319
1 9389 1961 9354
1 14120 3945 838
1 12296 775 15798
1 44 51 58
1 44 58 67
1 16004 8047 1129
1 1881 782 4308
1 15475 4308 782
1 15526 10985 6697
1 15994 12702 597
1 739 8106 14714
1 2193 6663 14286
1 607 11251 4298
1 11334 837 10913
1 10913 837 10713
1 12410 15180 15613
1 14975 948 822
1 14975 15815 948
1 80 73 44
1 16274 294 10376
1 16091 379 16097
1 15745 1826 13974
1 15745 13974 12594
1 1046 15945 7306
1 10546 15813 987
1 987 1769 10546
1 12526 503 13889
1 4310 1138 8806
1 1398 14552 7873
1 969 16271 1808
1 8402 11305 1235
1 13599 12453 13601
1 13601 11197 11234
1 11544 12690 3258
1 11820 15532 13814
1 1231 13072 14119
1 13072 15495 14113
1 11514 14472 4698
1 10880 12169 1444
1 14268 1444 12823
1 14945 1325 2416
1 6577 15560 12713
1 14564 1409 15073
1 15236 11268 15961
1 1422 12270 16107
1 44 67 78
1 44 47 38
1 607 14844 11251
1 12035 14680 10504
1 9290 10910 6539
1 15362 6539 10910
1 11111 16300 16030
1 11392 10923 1787
1 372 10546 359
1 6427 7987 10713
1 15495 12499 14113
1 15247 11949 7250
1 14767 15471 14195
1 38 29 44
1 44 6 9
1 16256 15948 11120
1 990 7372 13333
1 1682 14615 14765
1 6746 7122 6432
1 6432 7122 7823
1 29 19 44
1 44 19 6
1 12550 12333 16104
1 14569 2870 7302
1 4265 14709 1620
1 15362 1620 9249
1 16193 11937 1586
1 248 218 15538
1 16036 16133 380
1 604 350 10546
1 10546 350 359
1 816 3180 14972
1 309 346 318
1 14553 15250 1787
1 308 304 345
1 1767 16104 12333
1 15821 13022 13027
1 12391 11711 13325
1 1116 1769 7029
1 13643 8806 1138
1 306 342 302
1 12430 1833 3774
1 9900 11013 1832
1 15351 15349 1856
1 1856 15349 15173
1 15476 782 14484
1 659 663 864
1 16082 11559 9883
1 15614 14440 8229
1 11948 15613 4072
1 12368 8795 10449
1 10393 2689 317
1 15537 317 2689
1 8937 3460 11479
1 15536 11692 1979
1 13860 219 249
1 324 332 345
1 15073 2804 10336
1 10559 15810 773
1 16267 13879 2094
1 1436 2094 13879
1 1409 15080 15073
1 7761 15080 1409
1 15864 12429 7458
1 16045 13080 4148
1 14653 13080 2178
1 11607 15221 15909
1 16039 7472 13211
1 10917 4238 7983
1 7983 4238 14697
1 11853 9790 11246
1 15574 9790 11853
1 10411 9166 14926
1 9728 14908 15252
1 10167 2217 15488
1 13853 16192 8631
1 9295 4889 10891
1 12428 312 320
1 1881 16213 908
1 16280 13248 15967
1 15807 2342 15803
1 9126 1534 8749
1 342 381 387
1 1534 13849 14783
1 9126 13849 1534
1 6718 6420 11563
1 11563 6420 4255
1 739 1043 15854
1 1314 5230 15812
1 11004 7281 11886
1 16286 10443 2364
1 388 377 345
1 369 345 377
1 48 903 35
1 356 346 367
1 276 14333 249
1 13347 12451 12408
1 15170 6274 14097
1 14020 12418 11836
1 384 373 2415
1 2440 14884 15851
1 12396 2440 15851
1 12576 2883 2877
1 2461 5179 11287
1 2723 5179 2461
1 2364 9066 16286
1 15851 13945 12396
1 6297 1564 11885
1 1502 1520 1534
1 1520 324 15537
1 14289 5132 15514
1 8765 10739 14778
1 1777 14974 2705
1 2705 14974 16266
1 13325 13447 11884
1 12844 1526 15731
1 1537 13266 15730
1 1534 14783 1502
1 6388 15122 12282
1 14973 818 2525
1 2922 240 1598
1 15717 2971 15716
1 14242 15488 12338
1 3140 15714 2967
1 3272 16212 3542
1 15894 3926 2550
1 2550 3926 1677
1 2922 267 240
1 15139 1611 1610
1 16123 14654 7931
1 7483 3898 12794
1 16054 16047 16049
1 6421 11474 1668
1 16276 10904 4077
1 15450 10181 8755
1 14972 14238 11332
1 13505 11332 14238
1 15538 11256 14644
1 4243 236 254
1 254 236 6103
1 15813 16266 987
1 15526 13058 10985
1 12142 13430 11623
1 5864 12282 15122
1 8960 15136 4503
1 11551 11904 11082
1 16255 15100 8602
1 11013 9900 2673
1 276 200 300
1 15519 8180 8350
1 14871 12727 2807
1 14871 2807 7072
1 2718 15348 15349
1 14435 4955 14946
1 7903 13971 6274
1 15946 13971 7903
1 14192 9247 8106
1 15516 7832 15725
1 7451 16005 15799
1 14111 3328 14135
1 3614 14930 3621
1 3621 15431 3614
1 16208 15244 14109
1 15825 14109 14131
1 12856 4267 14709
1 1116 7029 11375
1 3559 3055 15713
1 15713 3055 3124
1 14300 13368 2963
1 13204 15545 11279
1 12429 15864 14805
1 13157 13643 15543
1 13816 80 88
1 16207 3660 2032
1 5261 6475 2776
1 5261 2776 14436
1 3143 10891 4889
1 13401 3143 4889
1 199 277 256
1 6421 111 103
1 13352 3185 15273
1 5635 2114 16188
1 161 11999 4597
1 2977 9746 8999
1 2977 8999 15257
1 3212 14300 805
1 3212 805 4154
1 9808 10145 16019
1 4705 15060 4711
1 12382 7886 14259
1 15297 15304 16060
1 2553 9589 2548
1 951 2972 7761
1 3696 3724 14785
1 5366 12613 16122
1 16122 12613 12422
1 12694 14832 12622
1 6663 2193 353
1 4818 15732 7633
1 63 44 73
1 2108 13645 9344
1 16148 9977 574
1 2934 10502 1601
1 15533 7691 1325
1 2804 15073 13692
1 2804 13945 15851
1 14969 5677 9840
1 10527 11551 11082
1 12371 11598 11084
1 12533 2961 15258
1 12408 15356 2451
1 12561 3491 15251
1 14350 5075 12045
1 15178 7353 2229
1 14972 3180 15811
1 1375 14684 14685
1 14685 353 339
1 15489 12542 11819
1 91 10059 105
1 1387 16068 14908
1 14974 1314 3239
1 16212 3272 14367
1 14367 3272 4240
1 14680 12035 12690
1 6589 2401 13647
1 1705 16097 801
1 1600 15711 11946
1 10523 14026 6142
1 15193 15465 4518
1 15600 15496 9314
1 303 3412 307
1 15073 3612 14564
1 10336 3612 15073
1 15805 8388 15608
1 3031 1610 1611
1 3660 15268 16153
1 6819 10763 10956
1 14211 9151 15821
1 15988 6385 16251
1 239 15176 15035
1 15836 15176 14921
1 10694 4833 9284
1 15728 8333 11548
1 4860 16122 12422
1 16265 13439 12087
1 15560 16243 6526
1 14576 3379 7286
1 6207 3379 14576
1 12692 13968 5837
1 3299 15871 8428
1 2786 12335 7306
1 10446 3517 12462
1 13895 9371 15987
1 379 389 16097
1 11074 15100 8129
1 11491 1823 15789
1 11024 10580 10214
1 15808 15609 3854
1 15609 6225 3854
1 11853 15578 15574
1 12851 14206 14231
1 15779 206 4446
1 13855 959 12260
1 7281 14569 11886
1 16264 350 604
1 1857 1858 10313
1 282 263 14906
1 15491 1660 1662
1 11436 3299 15895
1 15862 3299 11436
1 15862 15871 3299
1 13966 9255 14831
1 1826 14462 13974
1 9724 10689 11586
1 4016 244 268
1 5329 234 15825
1 5146 8198 10357
1 11526 4148 11994
1 9324 6350 6326
1 9324 12220 6350
1 12545 8433 6982
1 161 132 11999
1 4159 11823 9209
1 4817 9367 4240
1 9367 4817 4763
1 424 15448 9775
1 3615 2122 4017
1 16172 16166 16171
1 3983 16070 310
1 310 301 3983
1 10040 16079 7064
1 16079 13432 7064
1 10463 3517 10446
1 12447 3517 10463
1 12891 3630 14656
1 14133 14135 2722
1 10429 3722 13968
1 4252 3303 4747
1 8999 805 3536
1 5128 8035 13247
1 14335 3658 16178
1 15253 14991 2873
1 16211 12034 4578
1 3614 15431 7401
1 339 353 346
1 3983 301 850
1 2108 10909 2264
1 14673 10909 2108
1 14848 12169 10880
1 11242 10895 12084
1 3545 15458 15456
1 10771 16189 6901
1 15934 4999 8367
1 6490 16206 5768
1 11056 15877 15888
1 6275 15250 14553
1 4072 15613 5659
1 14680 14910 10504
1 3147 2970 14712
1 13238 7807 9476
1 11744 6784 13271
1 4894 10298 12122
1 5356 1213 4255
1 14324 11424 2547
1 16114 4424 16248
1 3140 3005 10320
1 11895 14679 13390
1 3856 14242 9408
1 12430 4221 15829
1 2922 1600 12351
1 1606 2401 15717
1 2961 3002 15258
1 135 4643 14056
1 5200 10167 15488
1 226 5200 250
1 12399 15370 12386
1 15170 12386 15370
1 8991 13022 15821
1 3147 15715 2970
1 2970 15715 15716
1 3145 2967 1618
1 3005 3140 2967
1 3031 3029 1610
1 15551 12953 12439
1 13647 1606 2950
1 6856 16270 9628
1 368 6911 358
1 2562 14209 15819
1 15508 15485 13902
1 15250 10512 1787
1 11987 16128 4807
1 13231 14201 6631
1 15780 9110 14201
1 16285 10236 15926
1 11605 16225 11786
1 3264 2566 14030
1 66 57 6162
1 13348 11270 11893
1 2193 364 353
1 15275 1129 9666
1 9666 1129 12296
1 14685 339 329
1 14726 3680 15496
1 15251 12925 15496
1 14146 15826 3328
1 14026 10523 13125
1 16248 16172 16171
1 11346 10901 14783
1 9295 10891 10707
1 15336 9683 10324
1 15951 15336 10324
1 12908 12341 16248
1 12908 7286 12341
1 1333 2993 13968
1 13968 2993 5837
1 15730 4729 1537
1 271 248 15055
1 10813 4971 15829
1 1792 14131 14109
1 3331 15826 14146
1 14908 6475 1387
1 14684 5261 2224
1 1333 3696 4764
1 15237 14384 11755
1 9142 7987 14395
1 15220 9031 15908
1 13900 13877 7555
1 14018 11874 2856
1 15348 15173 15349
1 2029 15173 15348
1 4095 11600 16187
1 8005 15868 11851
1 15607 198 213
1 15546 11727 13229
1 3627 14930 7097
1 15051 5415 14934
1 16105 10930 9452
1 801 389 6854
1 326 4609 337
1 15523 11459 6216
1 16136 5120 5123
1 179 198 15820
1 14755 9399 15855
1 14367 4240 9538
1 7263 15042 2783
1 14557 595 4950
1 10925 10083 12687
1 5415 7078 4221
1 8057 16006 10797
1 15917 15893 15920
1 15917 6109 15893
1 12348 372 4600
1 372 16056 4600
1 14945 5144 1325
1 10705 14945 2416
1 4278 14945 15425
1 16012 12552 4894
1 14953 1526 14584
1 6274 15170 15080
1 29 38 3720
1 5144 14945 4278
1 11488 16125 14652
1 15065 15792 11477
1 15792 15599 11477
1 778 4308 14483
1 15481 14483 15482
1 12452 15495 1231
1 8135 15896 6389
1 373 14716 2415
1 15984 1826 15202
1 14300 3536 805
1 11024 4680 10580
1 6630 4627 15888
1 10492 10921 4305
1 5472 15430 11287
1 3722 1333 13968
1 11784 15961 12579
1 149 15305 126
1 10363 10352 2671
1 15722 8686 15812
1 8810 16241 15918
1 6172 15365 4747
1 13004 11696 15242
1 2664 15093 4705
1 6103 236 12241
1 12345 16070 3983
1 782 1881 12670
1 11024 15858 4680
1 4676 4680 15858
1 14281 8266 4720
1 2677 4720 8266
1 15546 13229 10260
1 4589 2066 9073
1 13721 10035 15231
1 14654 16134 12518
1 12345 3983 850
1 11673 13523 14193
1 15984 14471 677
1 15121 63 13823
1 15984 15202 14471
1 10715 4682 10713
1 15878 15435 6999
1 13601 9906 13599
1 13601 11234 9906
1 200 278 300
1 801 16097 389
1 200 250 278
1 2739 7271 13587
1 14281 4720 11657
1 250 200 226
1 372 12348 10546
1 16228 4860 13106
1 15486 14588 15442
1 2264 10619 2108
1 5677 16284 15886
1 1533 1530 881
1 946 5920 14422
1 10739 5956 14778
1 16188 352 340
1 6867 16033 9467
1 13840 151 182
1 11991 16191 16292
1 14911 8808 15226
1 1833 13994 3774
1 16188 14716 360
1 13201 12957 15225
1 15780 13840 8400
1 8341 9578 15895
1 11380 2254 16052
1 14587 15198 4193
1 9527 15523 6216
1 13798 12098 13791
1 2739 14142 4971
1 16124 16132 9094
1 14770 16235 15739
1 16133 16130 16121
1 12081 14785 4592
1 16272 14919 15926
1 16228 15474 12458
1 10304 9248 1850
1 4198 14979 15196
1 3421 14587 4193
1 15197 14916 12528
1 10773 12976 15469
1 15860 9911 8332
1 7691 15533 11645
1 10155 15528 11133
1 4267 15459 12102
1 15340 7558 15178
1 13954 12646 9798
1 14990 6365 12542
1 11425 15918 14910
1 6385 15988 7261
1 15366 15459 14708
1 820 9931 15355
1 8637 15522 13315
1 2873 12962 11832
1 6186 14281 12109
1 14281 6186 8266
1 4267 3305 3306
1 4877 10467 13599
1 4877 16289 10451
1 4878 15831 11923
1 15426 11689 15488
1 10329 15963 4878
1 181 13685 201
1 6426 6395 12699
1 12165 47 63
1 15334 6214 8062
1 15782 10193 13137
1 15867 15865 12534
1 16254 8000 15992
1 7183 16199 7195
1 9073 9625 12485
1 1520 332 324
1 8960 3700 5864
1 9646 14439 15939
1 12398 15098 12460
1 15428 3912 9739
1 354 342 370
1 312 344 320
1 344 331 320
1 336 342 354
1 13439 7062 822
1 325 314 342
1 344 350 331
1 13828 4959 15254
1 4959 13828 7919
1 342 336 325
1 327 340 344
1 12347 4975 15147
1 359 344 372
1 344 359 350
1 344 352 360
1 345 332 348
1 345 348 357
1 345 357 366
1 302 342 314
1 12551 4016 11623
1 3724 3722 12705
1 317 345 304
1 317 324 345
1 344 312 303
1 307 344 303
1 12347 7175 4975
1 15146 4975 7175
1 200 249 219
1 132 14484 112
1 14450 16204 1387
1 200 276 249
1 9390 13573 5390
1 9390 5390 16261
1 2096 14694 13271
1 7966 16236 16013
1 4912 16236 7966
1 16283 532 10117
1 4705 15093 15600
1 319 329 346
1 6 10763 9
1 10956 4927 12738
1 4927 10956 10763
1 15852 5232 8947
1 319 346 310
1 15781 5275 13860
1 339 346 329
1 5275 15781 15780
1 11381 5435 14529
1 15857 15859 9509
1 15791 10309 13353
1 15780 14201 13231
1 2401 1606 13647
1 15201 9414 5457
1 10646 5457 9414
1 14381 142 14744
1 247 5461 2664
1 15319 15296 16183
1 4959 13830 15254
1 13830 4959 7919
1 14698 7634 841
1 948 16265 12087
1 6418 7634 14698
1 10864 10710 15732
1 5014 9472 16226
1 7908 5134 5473
1 5134 12141 5473
1 5479 8363 14470
1 5536 9588 9993
1 16100 8218 8939
1 5390 13573 5479
1 12295 12101 16078
1 13221 13145 5505
1 15724 5505 5726
1 5510 7089 16117
1 8631 5510 16117
1 12892 186 15603
1 15344 5435 16194
1 11381 16194 5435
1 9068 5519 838
1 9068 6507 5519
1 8352 5526 11496
1 15729 5526 5726
1 12034 9614 4578
1 6695 12141 5531
1 5531 12141 5134
1 3720 38 12165
1 12165 38 47
1 116 15266 12897
1 14022 5547 690
1 11983 5547 14022
1 4879 14608 16011
1 14470 15979 15976
1 5016 16024 2320
1 6144 16190 16291
1 15976 15979 10676
1 9503 9509 15859
1 13127 9509 9503
1 16285 5097 12646
1 16285 14919 5097
1 10109 16073 9394
1 16261 14470 15976
1 5390 14470 16261
1 2342 3854 15803
1 195 1814 170
1 3854 7543 15803
1 11999 8503 15611
1 8794 14822 13211
1 5319 16039 13211
1 10506 15880 11456
1 14474 16118 5625
1 10405 7233 10326
1 2193 374 364
1 5709 6420 12699
1 15123 6420 5709
1 10891 5341 10709
1 5341 10891 10879
1 2193 6854 374
1 8245 6186 12109
1 6186 8245 8266
1 4807 4521 5366
1 5366 16122 4807
1 3403 3387 7027
1 15469 11514 6859
1 7642 12214 13913
1 5097 14228 13940
1 11588 12368 3950
1 11588 5583 12368
1 15982 15984 10655
1 15982 1826 15984
1 5526 15519 8350
1 15729 15519 5526
1 64 7186 7235
1 15572 13263 13262
1 15723 15514 11314
1 11456 9588 5536
1 15499 8927 4238
1 13362 7823 7122
1 10326 7233 2664
1 158 142 14381
1 10574 274 253
1 2260 2107 9977
1 96 9469 5549
1 7475 8317 10203
1 15563 11879 13132
1 5768 4409 12301
1 14035 3255 13027
1 4243 254 13360
1 12364 6492 10681
1 16130 16036 16229
1 16036 6573 16229
1 14035 11265 14861
1 7888 14120 5794
1 14120 838 5794
1 15983 6922 8614
1 12202 15887 11295
1 5804 15845 13678
1 15844 15845 5804
1 5544 9666 9863
1 9863 6614 5544
1 15885 12565 6113
1 607 10709 14844
1 6452 877 9786
1 15838 5809 12064
1 6868 5809 15838
1 15353 5132 14289
1 5261 1387 6475
1 11741 2873 7440
1 1814 15598 170
1 1421 9911 6507
1 9584 1979 11692
1 9574 16023 6279
1 15832 15359 3504
1 9574 6279 10518
1 2061 15360 9604
1 15490 11697 2870
1 5366 4521 5049
1 5859 15114 538
1 538 12506 5859
1 15818 15573 10755
1 9278 2201 11985
1 15818 2562 15819
1 213 198 212
1 4446 15217 164
1 14931 4915 6978
1 15198 10613 4077
1 188 205 214
1 10347 13513 6267
1 14981 156 187
1 242 16041 215
1 11456 15880 8757
1 16154 11182 16150
1 16178 15363 9902
1 12534 6480 15867
1 6480 14742 15867
1 12824 12976 12642
1 13513 6342 12086
1 13150 12544 15833
1 7856 11508 8390
1 11508 11164 8390
1 16091 367 379
1 10452 6144 16191
1 9993 10940 5961
1 5961 10940 15807
1 15789 7909 7088
1 14065 9999 7909
1 15023 203 187
1 187 203 14981
1 10012 12150 9176
1 12203 15733 15463
1 10551 15733 12203
1 12592 14917 755
1 1314 12347 5230
1 12347 15147 5230
1 15852 8941 5232
1 14805 5232 8941
1 8459 12245 5795
1 7867 9454 14557
1 13765 152 183
1 130 9054 109
1 14241 185 194
1 5014 1586 16290
1 16290 16092 5014
1 8919 13886 6857
1 14695 14694 11175
1 11335 16104 1767
1 9497 11024 13170
1 10470 8350 15199
1 12599 15167 11398
1 2776 6475 6632
1 16102 15095 7526
1 10404 5246 13718
1 12534 15898 118
1 8105 3258 467
1 16069 6902 4789
1 14472 110 101
1 9306 416 8958
1 416 9306 14155
1 15295 10446 14768
1 217 11187 196
1 211 230 12662
1 6329 6352 10509
1 14432 12556 12171
1 16050 15023 4719
1 12556 13637 13842
1 15880 8812 9426
1 2898 9777 1289
1 6094 14917 12592
1 5615 7701 8165
1 3103 8165 7701
1 16255 11339 11319
1 9645 12081 13859
1 4541 10068 12477
1 4541 12477 4828
1 269 289 5824
1 8539 4999 14773
1 14773 4999 15934
1 18 44 9
1 6113 13949 2364
1 8129 15100 10147
1 14614 8595 9980
1 10879 10891 3143
1 6118 8103 148
1 11839 6118 133
1 6121 13573 14594
1 15725 6121 14594
1 6526 6082 15560
1 12907 5967 14780
1 4248 15365 6172
1 5261 14684 14450
1 6192 16235 9836
1 346 379 367
1 10157 12064 14741
1 15334 3103 6214
1 12730 15802 13796
1 6214 7701 15885
1 5999 6092 290
1 5999 290 15055
1 15867 14742 12064
1 13886 15919 6857
1 14286 6663 570
1 12962 15490 10874
1 12427 8715 5807
1 7185 10770 6251
1 5795 1711 15558
1 5795 15558 8452
1 16020 1711 5795
1 1664 14195 1666
1 10128 5819 13551
1 11234 11197 13387
1 6667 15543 6358
1 6279 2334 10518
1 15018 6302 11598
1 11513 6302 15018
1 130 152 4643
1 5967 5956 14780
1 8383 5880 5881
1 15329 6521 15235
1 4238 5775 15499
1 8749 14079 9126
1 10502 2934 2963
1 5547 11008 690
1 14450 14684 1375
1 9840 5136 15818
1 12657 4726 16025
1 14513 8388 6528
1 12518 16040 14654
1 6922 15204 7475
1 4821 7633 15733
1 11184 9315 6416
1 5864 15122 9648
1 6416 9315 12495
1 1857 6667 1858
1 13058 6819 9938
1 15436 12510 6819
1 4833 15188 325
1 15948 16256 1398
1 15344 11898 5435
1 9823 12214 5308
1 10478 4764 15796
1 10478 15796 11736
1 6452 15211 877
1 7028 16257 15949
1 15234 9461 841
1 44 27 34
1 51 44 34
1 13282 10116 10323
1 11357 4673 10989
1 10215 2107 2260
1 10803 10694 9284
1 14778 5967 6714
1 14499 6714 5967
1 325 15194 314
1 140 165 6480
1 165 14742 6480
1 11924 13399 11803
1 126 13847 149
1 13847 10977 149
1 6214 3103 7701
1 325 15188 15194
1 7186 6660 6734
1 834 12214 7642
1 8024 834 7642
1 11358 15540 11201
1 14292 12225 3601
1 755 14917 13182
1 14450 1375 16070
1 11909 3685 14786
1 11909 14786 14784
1 11 4 42
1 42 22 11
1 15235 6521 3306
1 12657 9444 13984
1 9444 1068 13984
1 10085 13860 2175
1 10116 2175 14333
1 15923 15333 1739
1 4643 114 9054
1 13824 13859 9644
1 6794 5971 981
1 9645 13859 13824
1 10646 6994 5457
1 571 2090 2104
1 9449 2104 2090
1 12309 11567 8332
1 13965 188 214
1 12464 4877 13599
1 10655 842 15485
1 10313 10309 1857
1 14142 15828 7004
1 11285 7004 15828
1 7634 11969 841
1 12972 9394 16073
1 5519 5794 838
1 44 18 27
1 15185 15936 9146
1 11407 15901 15936
1 8279 15795 8646
1 8646 10313 8279
1 14011 3244 4345
1 10917 15500 5775
1 4345 3244 10030
1 6584 13182 14917
1 15322 6584 14917
1 5726 5505 13145
1 8757 15880 11865
1 8527 10184 13118
1 9188 1841 15545
1 11097 4792 16072
1 104 6631 129
1 10216 3771 14228
1 10103 8250 14275
1 14736 14742 165
1 9278 11985 2104
1 30 39 6660
1 15971 15955 7855
1 14812 7855 15955
1 15990 11102 10865
1 11895 16075 6487
1 11886 14831 11004
1 16059 227 10405
1 15047 15434 8838
1 3196 13349 16171
1 15230 7448 12617
1 9867 6695 5531
1 222 3403 205
1 15271 15268 3660
1 6715 9021 2264
1 2264 10215 6715
1 15463 9857 15325
1 7742 12092 14895
1 15502 5686 15987
1 15502 10345 5686
1 5519 6507 9911
1 9358 8282 8283
1 16102 7526 863
1 15528 8958 9983
1 8571 1835 11839
1 11839 15921 8571
1 4764 9647 15796
1 11269 10877 11267
1 7204 14327 15807
1 7204 582 14327
1 222 12808 3403
1 280 11741 7440
1 15538 13446 11256
1 11294 11706 7881
1 10680 13389 13406
1 15566 10680 13406
1 582 6395 6426
1 582 6426 14327
1 15536 1979 1530
1 7737 5659 15180
1 15933 15904 15905
1 3535 15905 15904
1 9867 5971 6794
1 5686 13895 15987
1 14458 175 149
1 5686 13903 13895
1 13058 14329 10985
1 14329 13058 9938
1 7808 15722 15812
1 7808 15715 15722
1 13594 11215 11235
1 15523 8883 10745
1 11215 11267 11235
1 5929 10970 1289
1 16131 12477 10068
1 4330 13231 5848
1 16071 13142 7221
1 14330 13142 9394
1 4595 11999 15611
1 6395 5709 12699
1 15123 5709 6395
1 12241 236 212
1 236 4243 15227
1 6857 9911 1421
1 9408 14242 14244
1 149 13319 15305
1 57 66 6875
1 10770 6875 66
1 3019 15225 12957
1 96 11386 4595
1 3089 9073 15358
1 377 388 13406
1 8646 14021 13835
1 6526 16243 10664
1 16274 14301 261
1 16274 261 6881
1 6994 6884 15981
1 15494 6884 6994
1 16069 4789 16073
1 16073 12831 16069
1 8250 10103 8269
1 12086 6342 10918
1 14846 11346 10899
1 3032 12620 7418
1 7418 12620 13313
1 7642 13913 11936
1 16149 9976 5889
1 10618 12962 7281
1 15449 9097 6921
1 212 236 15227
1 346 389 379
1 2984 7292 2547
1 10846 7242 15350
1 7242 10846 15495
1 1600 1598 15711
1 12758 14885 12892
1 12996 2870 12622
1 2065 12924 1476
1 11865 7556 6946
1 784 12143 14553
1 12370 11893 4291
1 6302 9899 11598
1 3660 2011 6212
1 6212 2011 15245
1 15807 10940 2342
1 7147 2718 15352
1 10923 11400 10638
1 3403 214 205
1 12694 12622 9317
1 3696 9647 4764
1 4807 16122 11987
1 23 6975 41
1 6251 41 6975
1 15453 15325 6976
1 15047 7268 11287
1 15190 11149 12610
1 15295 12109 15319
1 15295 15319 10446
1 15190 15467 11149
1 9934 13032 11710
1 4589 11170 2066
1 14027 4589 9073
1 9934 13281 13032
1 6660 10 20
1 12241 212 198
1 15476 15483 10280
1 7186 6734 7235
1 15476 10280 782
1 15724 8352 7008
1 15914 15897 11698
1 148 133 6118
1 133 148 11468
1 16300 16115 16119
1 10184 8527 4669
1 6365 14990 12380
1 15249 6275 14553
1 15523 138 11459
1 138 15523 157
1 8713 11069 138
1 15439 10772 14581
1 10772 12522 15605
1 15905 3535 4680
1 3403 7027 214
1 214 7027 238
1 494 2628 6021
1 8777 7028 15949
1 10678 5801 15941
1 2717 5329 15825
1 9278 9883 2201
1 3627 2730 6289
1 10755 2562 15818
1 133 8134 11839
1 133 106 8134
1 1712 7310 14576
1 14131 2722 2717
1 6494 164 129
1 164 6494 14313
1 164 14313 4446
1 9706 16302 16147
1 14688 8840 14022
1 14590 7471 6030
1 7271 6978 13587
1 3651 14931 6978
1 5726 5526 8352
1 5006 6030 7471
1 6702 14575 15267
1 239 14921 15176
1 2461 11287 7268
1 12924 11949 1476
1 16202 15431 3621
1 12006 15611 8503
1 778 4950 1881
1 1881 4308 778
1 197 15603 186
1 6426 12699 14327
1 16248 12341 13367
1 5200 278 250
1 11171 15267 6823
1 7147 15352 15440
1 15430 15047 11287
1 5461 10326 2664
1 5837 2993 6414
1 6660 39 8093
1 494 6021 990
1 12001 12117 12160
1 12160 12117 890
1 15134 15119 15123
1 2029 15348 6744
1 2029 6744 15541
1 7485 15878 9589
1 9589 2553 7485
1 6746 6432 14575
1 16091 16097 16090
1 16291 16091 16090
1 16100 8512 11898
1 14581 6030 7509
1 15202 15745 14297
1 15744 14297 15745
1 15264 8612 7089
1 15882 8019 13126
1 15526 8019 13058
1 8612 16117 7089
1 221 15603 15719
1 14312 12217 14670
1 2628 14670 12217
1 14931 6390 4915
1 15178 2229 6038
1 6038 2229 11819
1 14227 4017 6021
1 6922 6884 15421
1 6746 14575 6702
1 2723 6766 5179
1 7632 5597 5834
1 10506 11924 15880
1 10838 11924 10506
1 16164 6935 6050
1 5030 6050 6935
1 5006 6033 6030
1 9881 9900 2786
1 6781 1617 9964
1 263 16129 242
1 9964 13615 6781
1 5769 12062 1835
1 13878 5769 8571
1 15565 15568 15569
1 16198 16168 14984
1 15565 14354 15568
1 5862 1881 4950
1 6512 7632 5834
1 595 5862 4950
1 6512 15205 7632
1 11994 4148 15292
1 12245 14614 16020
1 11205 7702 6969
1 5795 12245 16020
1 14113 14128 10423
1 7131 13886 8919
1 8919 8022 7131
1 16249 385 6435
1 13496 966 12050
1 15315 15727 6517
1 16167 6446 1791
1 7138 14288 10012
1 9414 7138 10012
1 12831 6071 16069
1 15178 6038 14292
1 14292 6038 11819
1 7213 14984 16163
1 15737 14454 14949
1 15207 14574 5020
1 14949 15558 15737
1 16247 5020 14574
1 11885 1564 13942
1 13551 5819 503
1 7654 7361 14071
1 10382 7146 6868
1 974 13202 10196
1 13361 10196 13202
1 10116 13282 2175
1 11819 12798 15489
1 11744 12045 16246
1 6401 15440 15352
1 13937 5136 9840
1 11481 9315 8246
1 15538 218 201
1 16164 6050 16111
1 5030 16111 6050
1 5597 7632 7439
1 6512 5029 7438
1 5029 15486 7438
1 12333 855 4783
1 7362 13377 16161
1 16163 5834 5597
1 14990 14991 12380
1 5029 6512 7365
1 10464 10463 16183
1 1289 9777 5929
1 15821 9151 5607
1 11323 15818 9837
1 11865 6946 8757
1 12974 7146 477
1 316 307 3412
1 9588 6946 9993
1 12994 16167 2783
1 7330 7183 16163
1 1544 16163 7183
1 14981 177 8103
1 148 8103 177
1 14496 7176 11069
1 7176 14496 14774
1 12685 29 3720
1 154 4897 6526
1 12738 29 12685
1 15946 5972 13971
1 5972 15101 13971
1 9885 15101 5972
1 15996 9863 9528
1 1769 16266 7029
1 1832 1698 4891
1 15204 15200 6064
1 15983 15200 15204
1 6207 7023 3379
1 15111 2749 14923
1 165 15034 195
1 3197 195 15034
1 12171 7071 14777
1 7071 11422 14777
1 2342 2984 15808
1 2342 6201 2984
1 14319 1448 207
1 4971 14142 13926
1 12464 16289 4877
1 12610 15451 15190
1 15806 10961 12733
1 7210 12203 15463
1 7210 15463 10224
1 6966 7702 15487
1 16154 6207 6972
1 6972 6207 14576
1 6868 7146 5809
1 185 16021 194
1 15546 6048 9206
1 15462 7932 12698
1 12766 7932 15462
1 15741 8459 5795
1 15774 13306 9034
1 10405 9023 7233
1 7233 207 2664
1 7235 85 75
1 12765 10967 2352
1 2643 5308 9458
1 14113 15246 7004
1 15123 4255 6420
1 10754 12146 12974
1 15453 6521 10224
1 15268 6702 15267
1 7388 6897 15433
1 85 8390 75
1 503 5819 13942
1 10680 14840 14846
1 6207 3185 7023
1 14079 2689 8283
1 14273 9358 8283
1 6121 5479 13573
1 8888 15234 11969
1 7213 15430 5472
1 7213 1544 15430
1 6744 2718 2032
1 8198 12006 10357
1 6875 7185 50
1 10770 7185 6875
1 15917 10591 6109
1 6109 6507 9068
1 14785 3724 4592
1 4241 12592 10310
1 14708 4241 10310
1 7242 15495 12452
1 57 6875 50
1 7078 3651 4221
1 14554 2548 9993
1 15714 6133 1400
1 3140 6133 15714
1 60 42 49
1 60 71 42
1 42 71 81
1 10030 13263 15572
1 15074 12625 6452
1 3660 6212 2032
1 2032 6212 15245
1 2337 14784 9013
1 16304 2337 9013
1 2726 15826 7097
1 16166 3196 16171
1 10363 2671 6934
1 15534 6934 2671
1 146 7282 15838
1 146 123 7282
1 14786 10518 14784
1 1662 1660 2651
1 9881 15945 1950
1 816 584 3180
1 14454 15737 15936
1 2689 9763 8283
1 5472 11287 7401
1 10347 9502 10547
1 881 1530 7864
1 881 7864 10715
1 14135 14133 14110
1 15145 7175 1777
1 69 46 86
1 86 46 89
1 46 69 56
1 2877 15489 12576
1 10470 14470 8042
1 9242 14470 10470
1 12098 4780 13791
1 9529 4789 6902
1 4879 16014 14608
1 16257 7359 9786
1 16247 14571 7597
1 341 7200 365
1 15351 1856 15270
1 211 196 11187
1 16213 595 6270
1 6270 595 4669
1 9023 10405 227
1 16222 9023 227
1 12457 13940 13269
1 7183 15430 1544
1 12001 7558 15340
1 5908 7582 9830
1 15563 12455 1718
1 2718 7147 15606
1 14990 11697 15490
1 4879 1708 5754
1 2723 2461 2722
1 7389 10570 10761
1 10570 7389 10068
1 7195 16199 15046
1 10655 15483 15502
1 2723 14135 6766
1 15986 10655 15502
1 13861 16012 4894
1 15790 6322 10260
1 9703 4828 16126
1 5435 11898 14529
1 9278 9449 6871
1 9278 2104 9449
1 4955 14951 15740
1 16180 7506 11366
1 13372 9258 15444
1 6714 7176 14774
1 4503 6395 5648
1 6395 582 5648
1 14770 10647 15564
1 245 12515 9022
1 5536 9993 2548
1 7094 16165 8171
1 15940 7881 11706
1 14578 4424 16114
1 15431 16198 5472
1 6172 4747 6921
1 4248 6172 3302
1 7078 3654 3651
1 16160 7003 15433
1 7207 15433 7003
1 8281 6386 14282
1 6386 12111 14282
1 14791 6389 8167
1 3685 15599 12289
1 6573 14335 1594
1 15520 6121 11722
1 14578 14071 14580
1 15790 6267 6322
1 386 368 11129
1 5382 9822 13912
1 4241 14708 7448
1 850 8817 12345
1 10212 8817 850
1 15364 4248 6418
1 97 7457 123
1 8822 5473 10635
1 13361 7154 10196
1 14312 12155 11710
1 12808 222 243
1 15824 243 9398
1 8325 8797 11611
1 2739 3651 7271
1 3651 6978 7271
1 778 15934 8367
1 778 8367 4950
1 7945 7506 16180
1 7084 7506 7945
1 5033 15487 7702
1 3185 16152 16157
1 14483 15471 8613
1 15471 15934 8613
1 14930 5179 2726
1 14930 3614 5179
1 11069 12010 138
1 15944 5920 946
1 117 138 12010
1 117 11459 138
1 13372 10399 13363
1 7290 13372 15439
1 157 184 14496
1 14496 11069 8713
1 11856 12572 9823
1 13227 7501 13678
1 13942 12044 12074
1 12044 13964 12074
1 15848 13678 7501
1 12376 6467 3050
1 16096 8402 6467
1 15332 6469 12496
1 1712 5699 7310
1 5699 7259 7310
1 15046 15047 7195
1 13913 9391 11936
1 6477 10381 11576
1 767 5020 16247
1 15878 6163 15881
1 6163 6142 14026
1 7330 5597 16109
1 16239 14616 15875
1 7562 14578 14580
1 7562 14580 5699
1 2217 12642 12976
1 7259 6972 7310
1 14281 9979 12109
1 16223 12109 9979
1 11741 15253 2873
1 11741 96 15253
1 15430 7183 7195
1 15143 11946 15711
1 6897 7020 16170
1 210 237 7353
1 4424 1712 7286
1 7286 1712 14576
1 9800 10102 16257
1 16114 16171 13349
1 6517 11073 7408
1 6969 7702 6432
1 11692 14079 8283
1 9126 14079 11692
1 7379 7632 15205
1 14573 7379 15205
1 16196 7662 16164
1 16112 16247 7597
1 64 7235 75
1 8512 7526 11898
1 16215 15859 15857
1 15606 7147 15440
1 5324 13025 15912
1 15606 15440 15445
1 990 13166 7372
1 13313 7372 13166
1 23 14 6975
1 5179 3614 7401
1 4165 12808 243
1 261 4165 243
1 14848 14844 9147
1 5033 14590 15487
1 12075 9255 13966
1 4409 5768 10325
1 11278 13021 16063
1 15780 8400 5275
1 13860 5275 202
1 7702 14575 6432
1 6512 5834 7365
1 13794 16058 16062
1 16172 16167 12994
1 6577 11715 7339
1 16058 15300 16062
1 2673 9900 9881
1 7362 5442 4915
1 7362 16161 5442
1 9406 8905 16123
1 10710 12686 10752
1 7281 12962 14569
1 7438 15445 15205
1 6512 7438 15205
1 15207 5020 7439
1 5597 7439 16109
1 14010 14011 12583
1 14436 10889 16081
1 385 375 7200
1 13346 385 7200
1 6352 15542 11733
1 16167 16172 6446
1 6955 6446 16172
1 54 9093 41
1 6911 368 13346
1 9093 9176 12150
1 7200 6911 13346
1 739 14192 8106
1 5033 7471 14590
1 6963 7471 5033
1 14578 16114 7654
1 16114 7361 7654
1 10260 10492 15546
1 13313 11840 7372
1 188 175 205
1 7020 16161 13634
1 14292 6365 12380
1 6365 14292 11819
1 375 365 7200
1 4148 11981 16045
1 477 2352 12957
1 11481 12957 2352
1 288 281 7372
1 288 2780 281
1 14201 6494 6631
1 477 12957 13201
1 14931 14040 6390
1 14040 612 6390
1 15940 13576 7939
1 12688 10925 12687
1 12705 10925 12688
1 12165 63 15121
1 10644 15265 6683
1 15923 6683 15265
1 6094 13000 14917
1 6113 10443 8062
1 2364 10443 6113
1 15218 9021 7704
1 7704 9021 6715
1 12795 7714 4726
1 16229 6573 1594
1 15524 11128 6697
1 12001 4596 7558
1 13290 11884 9326
1 7213 16163 1544
1 16164 7366 16196
1 16202 16196 7366
1 4927 6 19
1 15611 8645 5549
1 14297 9390 14471
1 13796 6705 12730
1 6705 12699 12730
1 16166 7260 3196
1 7366 15431 16202
1 11983 8840 2201
1 15732 10710 15467
1 12427 5807 15921
1 6969 6432 7823
1 15921 5807 13878
1 7597 14571 232
1 16112 7597 16307
1 14483 1666 15471
1 1666 14483 15481
1 9257 15095 14838
1 10648 12572 6019
1 7742 165 140
1 16204 12345 11092
1 165 7742 15034
1 15724 7008 9040
1 10940 7556 6201
1 4780 849 4770
1 8125 8288 8022
1 4330 4698 10557
1 4597 4595 7758
1 11386 7758 4595
1 2254 11380 6505
1 11479 3460 15870
1 7263 2783 14040
1 15427 6811 14849
1 16198 7213 5472
1 15105 15949 9876
1 5848 6631 104
1 104 11404 5848
1 104 7596 12506
1 10233 7596 8437
1 4705 247 2664
1 11481 8246 12957
1 235 199 256
1 15296 16184 16183
1 10464 16183 16184
1 7358 14883 15181
1 7358 15181 3294
1 7797 97 123
1 10545 7797 123
1 7662 16165 6935
1 15567 388 378
1 6521 15329 10224
1 15894 9578 8341
1 15894 8341 3926
1 15735 10224 15329
1 3257 14024 6866
1 14024 15359 6866
1 8042 7008 8352
1 15102 15782 13576
1 15602 11860 12611
1 13466 13435 8529
1 13466 8529 16080
1 6966 14575 7702
1 6867 9883 11872
1 341 333 7200
1 8171 16165 7662
1 15174 6537 10197
1 2984 8718 7292
1 6201 8718 2984
1 7556 10940 6946
1 1122 6901 3979
1 3979 6901 6589
1 12709 7829 72
1 12172 1815 15894
1 13968 12692 10429
1 10429 12692 15608
1 7365 14984 16168
1 16157 5889 15347
1 16149 5889 16157
1 16168 16198 7366
1 4770 231 16066
1 9342 8382 14809
1 6922 15981 6884
1 8382 87 11941
1 10435 10082 9739
1 12842 9874 971
1 15775 9071 11979
1 5834 16163 14984
1 4360 13883 11791
1 12467 12470 15614
1 16109 7439 5020
1 12467 6018 12470
1 2817 14462 11932
1 1611 6954 3031
1 6954 2990 3031
1 574 11345 6741
1 9393 7094 8171
1 11334 14213 15565
1 12858 7856 9091
1 14845 11334 15565
1 5029 16111 5030
1 15486 5029 5030
1 10861 14598 2428
1 16162 7330 16109
1 8100 4726 7714
1 7714 15555 1872
1 9881 7306 15945
1 6992 856 13802
1 6992 11008 16074
1 5457 6994 15981
1 123 7457 7878
1 6999 15435 15873
1 14951 4990 15938
1 15938 4990 15899
1 6868 7282 7878
1 199 235 208
1 9529 6902 4792
1 8421 15896 15866
1 8269 11190 8250
1 4792 863 9529
1 55 39 7881
1 13522 15723 8342
1 6251 7910 62
1 7910 83 72
1 2622 203 224
1 15517 8637 13152
1 15425 9585 10707
1 15425 10707 4729
1 12796 7064 13746
1 7064 13432 13746
1 16052 16301 16030
1 15263 16030 16301
1 11375 3542 16212
1 55 7939 65
1 7939 13576 8065
1 9093 10627 41
1 7088 7909 9999
1 1858 15544 7088
1 11048 3548 3545
1 10681 6492 7946
1 14688 7946 8092
1 15546 10492 6048
1 11295 9819 15266
1 7107 15100 4098
1 8237 97 7797
1 9529 13035 861
1 7116 15903 11896
1 7116 16214 15903
1 280 7440 293
1 6146 293 10279
1 2963 3536 14300
1 9326 13447 11103
1 13447 9326 11884
1 15992 12062 5769
1 5819 11885 13942
1 3019 11184 10725
1 14873 12243 15901
1 4894 14946 13861
1 12245 7966 16013
1 4912 7966 12245
1 15731 8760 15531
1 6881 13842 13637
1 62 54 6251
1 15916 15896 10238
1 35 24 7186
1 15 7186 24
1 9823 12332 11856
1 9823 2330 12332
1 13986 12332 2330
1 955 1934 7841
1 15512 12186 16019
1 3950 12368 10449
1 806 9367 4763
1 16241 8574 15918
1 15 7 7186
1 15918 8574 14910
1 14616 15524 12952
1 8288 8000 8022
1 7888 8005 11851
1 8005 7888 15860
1 9644 12081 7237
1 3721 7237 12081
1 7238 14714 14799
1 7238 14799 15872
1 15780 13231 13840
1 9426 7556 11865
1 14483 8613 778
1 8613 15934 778
1 16270 570 9628
1 140 6480 12534
1 11425 14910 7261
1 15568 10680 14846
1 15568 14271 10680
1 8026 3303 15229
1 8026 15229 15451
1 15612 15317 8151
1 7185 14 5
1 16236 4912 8032
1 12012 15102 8037
1 366 378 345
1 8037 15911 12012
1 9983 15368 15528
1 6838 108 9054
1 9054 108 109
1 3299 3926 15895
1 15919 12309 8332
1 13233 6490 9089
1 8042 14470 8363
1 11192 8653 12449
1 11192 13391 8653
1 12586 8103 12062
1 12062 8103 1835
1 7440 11832 293
1 1682 13885 14615
1 10594 8304 5200
1 10279 293 12050
1 303 312 3412
1 4278 8576 5144
1 4729 8576 4278
1 208 183 199
1 7146 10382 477
1 8964 14883 7358
1 6274 15080 7761
1 8964 7358 3294
1 1586 10170 16290
1 8062 10443 15951
1 10713 14845 10715
1 15198 14587 10613
1 9257 10971 16116
1 9257 14838 11305
1 2564 3089 3261
1 13567 6302 11513
1 12510 7410 15874
1 7410 15889 11447
1 7008 8042 8363
1 9741 7421 8433
1 7421 15835 12605
1 15230 12592 4241
1 7427 9434 10300
1 14497 9817 11301
1 12670 908 11976
1 10357 100 6627
1 15978 10668 7443
1 9192 16093 16296
1 14473 14479 15263
1 8325 15553 8797
1 6492 12639 8092
1 12639 2104 8092
1 15233 12988 12359
1 6734 6660 8093
1 10797 16005 7451
1 15971 8057 7451
1 16241 7458 7852
1 7458 14803 12667
1 7282 123 7878
1 9988 7472 15291
1 7472 9988 14652
1 16023 8100 9150
1 15981 7475 15201
1 7475 10203 15201
1 15533 5144 7484
1 2671 15533 7484
1 2898 1289 3533
1 8093 74 6734
1 7235 84 85
1 3583 10630 11260
1 8121 9899 15787
1 9899 8121 8125
1 7505 1289 10970
1 1289 7505 3533
1 255 15143 225
1 8390 9436 75
1 13876 75 9436
1 12047 312 12428
1 10238 7527 15916
1 11487 15990 7527
1 14868 7531 8964
1 14868 13718 7531
1 14598 7831 5897
1 2451 15356 14011
1 261 14301 4165
1 15354 10254 16265
1 9071 15264 11979
1 15803 7543 582
1 7543 5648 582
1 15211 13703 7545
1 243 15824 7071
1 15185 12727 8829
1 243 7071 261
1 15850 8829 12727
1 8730 11884 13290
1 14103 15419 2622
1 10671 99 119
1 12506 119 99
1 10671 11404 99
1 4016 14103 2622
1 15434 5203 8838
1 2717 8838 5203
1 5837 6414 12692
1 7601 8560 15941
1 12937 7601 14158
1 4783 10681 11116
1 12593 7633 15732
1 7615 3050 1705
1 12950 7615 1705
1 10304 1850 7930
1 13987 2651 1660
1 72 7829 62
1 7829 10012 9176
1 9426 11803 9587
1 15731 1526 878
1 15731 878 8760
1 87 8382 9342
1 77 87 9342
1 951 1046 2972
1 9280 16213 10986
1 8888 8181 15234
1 16264 1769 1116
1 14925 15111 14923
1 15904 4673 3535
1 15800 12579 10510
1 12284 16241 7852
1 11582 12062 15992
1 15524 2542 6528
1 14513 6528 2542
1 4971 15248 15829
1 15992 10539 11582
1 8218 15344 12270
1 8218 12270 10340
1 8614 6922 15421
1 2963 13368 2443
1 14469 15978 15979
1 11600 14712 16187
1 7829 9176 62
1 6589 13647 11951
1 6589 11951 3979
1 361 369 12470
1 14335 16145 8822
1 14335 8822 1594
1 16059 245 227
1 571 7731 2090
1 13390 7731 12301
1 7131 8022 8000
1 13828 15254 13824
1 13824 15254 9645
1 8612 16298 8152
1 8612 13306 16298
1 8246 3019 12957
1 3019 8246 11184
1 584 818 14973
1 13435 818 584
1 11164 8089 9436
1 8957 1410 7757
1 8181 11149 10752
1 7766 14765 14615
1 15076 14765 7766
1 2993 1333 4764
1 3988 2993 4764
1 8057 15971 7781
1 280 293 6146
1 344 316 327
1 11496 5526 8350
1 3535 4673 11357
1 834 15494 9822
1 12685 12687 10083
1 3721 12687 12685
1 5014 16092 9472
1 10358 12475 15718
1 10214 9476 7807
1 10214 7807 15313
1 10468 10467 9044
1 10468 12453 10467
1 15795 7811 5356
1 1213 5356 7811
1 16287 10122 7815
1 13594 7815 10122
1 9364 7816 15194
1 15231 15194 7816
1 14615 13885 9443
1 5929 12 5
1 11460 10773 15469
1 987 16266 1769
1 4990 4955 14435
1 7831 15513 12027
1 15516 13152 7832
1 7832 13152 15316
1 15285 11732 16272
1 11460 15469 6859
1 12495 8288 8121
1 12950 6856 16081
1 13810 15977 9371
1 15987 9371 15977
1 15806 12705 10429
1 10429 12705 3722
1 15098 14867 7846
1 183 152 199
1 15435 2553 8426
1 9857 12567 8303
1 15501 8303 12567
1 14812 15954 7855
1 6371 10509 10838
1 10838 10509 11924
1 7866 15357 4579
1 7866 4579 15578
1 8539 7867 14557
1 10252 7867 3549
1 5203 5329 2717
1 13439 7571 16077
1 16210 16077 7571
1 1398 7873 14551
1 6631 6494 129
1 5016 3491 12669
1 13846 14497 10977
1 13847 13846 10977
1 6902 12313 4792
1 13446 9065 169
1 8706 14884 15181
1 124 10986 144
1 10986 124 9280
1 12349 946 12439
1 946 12349 10370
1 15919 8332 9163
1 15085 1400 16048
1 11404 11376 5848
1 11475 7902 15909
1 2972 7903 6274
1 15946 7903 2972
1 104 99 11404
1 104 12506 99
1 16145 13482 7908
1 10921 4627 6630
1 8481 14777 11785
1 8481 15823 14777
1 10570 16229 11646
1 7916 10773 14958
1 2542 11664 14321
1 7923 16019 12186
1 8400 182 202
1 8400 202 5275
1 6142 10525 10523
1 15317 1024 7925
1 41 10627 23
1 1857 15543 6667
1 16123 7931 9897
1 16037 11631 7931
1 7932 15461 15326
1 4524 15461 7932
1 9729 8426 2553
1 11914 7940 387
1 16036 387 7940
1 15556 1862 4700
1 16001 9718 15282
1 11709 2684 10652
1 11709 13814 2684
1 5783 15553 8325
1 10525 6142 8247
1 11475 15021 7902
1 8999 9746 9568
1 15244 16158 15173
1 16158 1856 15173
1 15544 15547 7088
1 4313 10973 6360
1 13262 5615 11944
1 5615 8165 11944
1 169 9065 137
1 11541 8110 13036
1 9458 7975 2643
1 7975 1932 2643
1 15796 13830 11736
1 3300 7983 4237
1 4237 7983 14697
1 15611 9469 4595
1 96 4595 9469
1 12565 13949 6113
1 6427 8760 7987
1 7987 878 14395
1 12794 3898 12901
1 12794 12901 9894
1 2104 12639 571
1 9964 1617 9143
1 10725 11184 13567
1 13567 11184 15787
1 35 7186 48
1 8388 2543 6528
1 7 10 7186
1 5510 14474 7089
1 10668 15505 7443
1 13483 7045 9152
1 9152 7045 820
1 20 30 6660
1 10570 10068 9094
1 6976 15230 12617
1 15882 15436 8019
1 8019 15436 13058
1 2151 14925 4482
1 6172 6921 3302
1 8308 14023 14024
1 6064 15742 8317
1 15204 6064 8317
1 11979 7089 14474
1 3298 3109 16306
1 157 10745 184
1 14319 184 10745
1 13000 15501 12567
1 6475 14908 9728
1 2804 13944 10336
1 2264 2107 10215
1 15865 12427 12534
1 7856 8390 85
1 16213 9280 908
1 15251 8052 10247
1 84 7856 85
1 7723 251 849
1 10291 16093 9192
1 15308 10992 15515
1 12 7185 5
1 1858 6667 15544
1 6121 15725 11722
1 15725 9011 11722
1 14158 13230 8064
1 10164 14158 8064
1 16070 1375 319
1 1375 329 319
1 7359 6452 9786
1 15865 10157 11567
1 7881 15940 7939
1 10109 16071 6500
1 11567 8005 15860
1 9527 6216 15527
1 5677 5622 5680
1 14969 5622 5677
1 907 12010 14236
1 14236 12010 11069
1 8437 104 129
1 8125 8022 13242
1 15022 11475 9205
1 11475 15943 9205
1 6513 1764 5894
1 8106 10412 14714
1 15558 14949 8452
1 4912 12245 8459
1 7910 6251 10770
1 55 7881 7939
1 13965 214 9219
1 6734 74 84
1 42 32 49
1 8135 6389 14791
1 15005 8135 14791
1 13850 13848 8138
1 9857 15463 15733
1 11624 13318 12929
1 11369 11709 11297
1 11709 13021 11297
1 3598 16005 15280
1 14469 9242 10470
1 9242 14469 15979
1 8152 16298 16092
1 15218 14474 5625
1 11979 14474 15218
1 11347 9146 15936
1 11944 8165 15265
1 3103 15265 8165
1 11930 3518 13551
1 16081 9628 14436
1 7526 8512 13035
1 13828 9254 9502
1 10450 12882 9945
1 9945 16184 10237
1 9882 12335 15109
1 4627 10921 10492
1 2749 15111 9537
1 15111 14925 7383
1 11278 16063 9273
1 15301 9273 16063
1 5146 3518 8198
1 3518 12006 8198
1 2934 1601 11260
1 1872 15555 5783
1 8528 10761 10635
1 5473 8528 10635
1 12959 15222 14196
1 15852 12959 14196
1 6794 981 11621
1 16126 11621 981
1 9666 12296 1684
1 1684 12296 15798
1 7908 13482 8224
1 8224 9249 15367
1 8461 13810 9371
1 8229 14259 12467
1 184 14319 207
1 184 207 16222
1 8963 15421 6884
1 8963 8024 15421
1 7939 8065 65
1 8236 13536 8954
1 14186 13536 8236
1 16213 1881 5862
1 595 16213 5862
1 8237 115 97
1 8121 6416 12495
1 10525 8247 4313
1 15136 15123 4503
1 15224 12968 12677
1 12968 13518 12677
1 13840 13231 4330
1 9287 9071 2260
1 9287 2260 9977
1 4072 5400 11948
1 15102 13576 8037
1 200 219 202
1 7910 72 62
1 15996 9702 9863
1 9702 2749 9863
1 7952 12709 72
1 8076 12237 15970
1 12237 8097 15970
1 6513 15831 4548
1 15520 11722 9040
1 9040 7008 15520
1 8304 278 5200
1 8304 14334 278
1 9342 70 77
1 9344 13645 1370
1 14690 9344 1370
1 13069 10145 5880
1 15047 8838 7268
1 8330 16033 16297
1 9472 8330 16297
1 15217 13227 9468
1 8375 16050 16051
1 11538 8375 15736
1 8375 16051 15736
1 130 199 152
1 2201 12867 11983
1 11559 12867 2201
1 13861 16011 16012
1 16011 2786 16012
1 15369 12424 7545
1 11063 15210 15078
1 16022 16017 7420
1 7282 6868 15838
1 6163 4310 4312
1 15881 6163 4312
1 14343 4154 8454
1 10309 10313 13835
1 4221 3651 10813
1 15256 9845 14065
1 4221 10813 15829
1 7642 11936 8614
1 8369 12399 13704
1 8369 13704 15260
1 9205 13566 15784
1 259 223 8375
1 2175 13860 249
1 15060 4705 15600
1 2543 8388 14324
1 3654 14040 14931
1 14040 3654 7263
1 12974 13201 10754
1 8400 13840 182
1 8401 15037 15130
1 8401 12649 15037
1 7544 14708 15459
1 8437 7596 104
1 4817 4240 9403
1 6676 9403 4240
1 223 16050 8375
1 13828 13824 9254
1 14772 2898 3533
1 5049 9406 16123
1 13392 9406 5049
1 11985 2201 8840
1 15491 15477 1660
1 11375 7029 8415
1 8415 3542 11375
1 9419 9683 15336
1 9419 16005 9683
1 16001 15282 15997
1 21 7185 12
1 10103 14275 9425
1 11178 9425 14275
1 3299 8428 3926
1 3926 8428 14389
1 15302 8431 12111
1 12111 8431 14282
1 16152 6207 16154
1 16150 16152 16154
1 2481 11251 14848
1 13150 8433 12544
1 5106 16142 16143
1 16177 16143 16142
1 15060 3680 14734
1 9314 15060 15600
1 4303 27 15874
1 4303 34 27
1 10564 13312 12619
1 8 13 46
1 15540 15245 2011
1 15540 14112 15245
1 14029 8449 3261
1 2565 3261 8449
1 360 14716 373
1 15306 12066 8331
1 127 8461 9371
1 15812 15147 7808
1 15715 7808 15147
1 7059 3601 12000
1 4154 805 8454
1 11930 12000 3518
1 9886 13323 8516
1 3988 4764 10478
1 6352 11733 8476
1 6352 8476 10505
1 16010 8305 9718
1 15342 16174 16224
1 15298 10450 10237
1 8497 9897 15286
1 15286 15288 8497
1 15241 15342 16224
1 7634 3302 11969
1 4248 3302 7634
1 16176 8290 16136
1 16136 8290 5120
1 9498 14242 3856
1 3856 15426 9498
1 9499 5 15310
1 9499 5929 5
1 3423 16210 14406
1 7484 5144 15534
1 10301 9703 11150
1 70 9342 15962
1 8981 10340 12972
1 9430 8527 13118
1 8527 9430 4669
1 11662 15777 15530
1 4345 10030 15572
1 15005 9127 14735
1 16222 14496 184
1 8246 9315 11184
1 140 118 9332
1 14557 4999 8539
1 12214 9823 13913
1 14283 8282 9358
1 9863 2749 9537
1 13747 16079 10040
1 157 8713 138
1 14496 8713 157
1 9771 2151 4482
1 15823 12171 14777
1 12298 9771 4482
1 14737 8558 14735
1 14737 14801 8558
1 8715 12309 5807
1 15095 16102 8742
1 9587 7292 8718
1 7902 8560 15909
1 12937 15909 8560
1 4525 8905 9570
1 4525 9570 15466
1 14868 8964 15902
1 15902 8964 15935
1 7908 5473 8822
1 1122 4817 7721
1 4817 14916 7721
1 15894 1815 15226
1 11481 10967 11576
1 14031 8269 2677
1 14423 14031 2677
1 14772 3533 15903
1 14772 15903 1932
1 10967 11481 2352
1 9138 11884 8730
1 9881 1950 2673
1 6498 14681 6741
1 16074 14681 6498
1 424 12092 9326
1 11103 424 9326
1 7846 12460 15098
1 14991 15253 9674
1 8733 3303 8026
1 8733 6921 3303
1 14614 8129 8595
1 9905 8595 8129
1 14644 248 15538
1 14644 15055 248
1 8602 15100 7107
1 8574 16241 12284
1 15264 7089 11979
1 55 8093 39
1 74 8093 65
1 9653 13391 9147
1 3700 5648 7543
1 16152 3185 6207
1 5954 4238 8927
1 15529 4238 5954
1 8919 6857 1421
1 16217 15260 14884
1 12515 245 269
1 16137 15167 9617
1 8757 6946 9588
1 608 3533 5359
1 12309 8715 11567
1 8645 12000 5549
1 247 11645 5461
1 11645 10326 5461
1 5807 15919 7468
1 200 209 226
1 11559 574 12867
1 11559 16148 574
1 8941 12574 9947
1 14803 8941 9947
1 16146 8290 16175
1 13263 5608 12565
1 9668 16271 969
1 9668 969 5097
1 15802 9729 13796
1 2553 14322 9729
1 14329 14321 10985
1 14321 14329 10925
1 5132 11314 15514
1 3979 2114 5635
1 9674 1109 12380
1 15611 12006 8645
1 10618 11832 12962
1 9143 1617 2216
1 15722 15086 8686
1 15086 15815 8686
1 12924 7250 11949
1 8812 11803 9426
1 15464 15327 8692
1 11924 11803 8812
1 8730 13290 9332
1 14883 8706 15181
1 14883 15851 8706
1 10505 13399 10509
1 10505 10509 6352
1 14510 10969 2554
1 10969 14510 10932
1 109 199 130
1 261 7071 6881
1 818 13466 820
1 818 820 15355
1 15225 3019 10725
1 15468 12567 9857
1 8840 11983 14022
1 1841 9188 7915
1 1767 11116 13802
1 12047 14367 3412
1 4151 3412 14367
1 15146 7175 15145
1 30 11294 39
1 11294 7881 39
1 7185 21 28
1 6868 7878 10382
1 4619 8739 11777
1 12627 15897 15914
1 14838 8742 1855
1 8757 9588 11456
1 12610 11149 8888
1 15571 5894 1764
1 7909 15789 1823
1 8749 1534 15537
1 15537 14079 8749
1 9771 9774 2151
1 15571 9774 9771
1 8755 15192 15321
1 15500 8755 5775
1 74 65 8065
1 8065 12858 9091
1 9731 10458 13994
1 9731 13994 15829
1 2543 9732 13179
1 2543 14324 9732
1 15198 4077 10904
1 1410 8957 10786
1 11386 9085 7758
1 15782 11508 12858
1 12858 13576 15782
1 188 9439 175
1 11013 89 9311
1 13882 4360 8808
1 1815 8810 15915
1 15097 15303 1914
1 10909 2107 2264
1 4609 15368 15363
1 15528 15368 4609
1 11621 16131 16038
1 11499 15845 2785
1 2785 15845 9933
1 8631 16192 4491
1 42 26 32
1 17 42 4
1 26 42 17
1 10652 14282 11709
1 424 9775 14895
1 6537 14895 9775
1 7116 4673 15904
1 16214 7116 15904
1 3700 7543 6225
1 199 181 201
1 15523 9527 8883
1 8883 2554 10954
1 88 78 7915
1 9955 15545 1841
1 15545 9955 6338
1 8939 8218 10340
1 14106 10292 10547
1 8939 10340 8981
1 6823 6966 15206
1 10510 12579 8889
1 15206 6966 15487
1 248 199 218
1 4812 8905 4524
1 16134 8905 4812
1 6960 11129 6833
1 15910 13558 11040
1 13974 14462 2817
1 13974 2817 15515
1 66 76 10770
1 15138 14033 7866
1 14774 12515 14778
1 14774 14778 6714
1 132 15493 14484
1 2104 11985 8092
1 13885 1682 8919
1 5615 13263 12565
1 8288 15992 8000
1 8924 10124 16293
1 11808 8924 15366
1 7915 78 1841
1 8963 834 8024
1 16187 15259 16189
1 16189 4100 16187
1 15499 4234 8927
1 8927 4234 5954
1 4548 11866 11265
1 15791 14072 1854
1 13657 13830 12502
1 12208 11430 1849
1 5547 14681 11008
1 1823 14064 7909
1 9248 7427 10300
1 10309 15791 13157
1 15790 11085 9502
1 10693 8247 6142
1 6142 15873 10693
1 10475 9813 5910
1 7930 1850 1854
1 9881 2786 7306
1 8032 7563 15559
1 9814 176 155
1 14892 176 9814
1 9089 12364 13233
1 9188 10292 7915
1 15791 13353 14072
1 12504 11736 13657
1 14680 6385 7261
1 8939 8981 861
1 15570 8967 15425
1 15570 10877 8967
1 9570 8905 9406
1 76 82 10770
1 14466 14967 13401
1 9842 2597 14038
1 9842 14038 14850
1 8433 12545 12544
1 10340 14330 9394
1 11645 10528 8262
1 11645 15533 10528
1 7742 140 12092
1 12799 13791 11562
1 11820 2682 15531
1 2682 11820 11369
1 5807 7468 13878
1 14776 14458 9178
1 9034 13306 15264
1 9071 9034 15264
1 15196 4095 8990
1 15501 13000 6094
1 9917 83 82
1 7952 83 9917
1 8062 6214 15885
1 15920 15893 15892
1 5954 14694 2096
1 12971 13538 10754
1 12093 3331 14112
1 14774 14496 9001
1 9001 9022 14774
1 4507 7816 9364
1 4507 15331 7816
1 15725 15316 9011
1 13127 9011 15316
1 10357 6627 5146
1 6627 5428 5146
1 9015 316 3412
1 16186 4074 2977
1 15544 6667 6358
1 7063 3239 826
1 7063 7029 3239
1 9012 13054 12141
1 9012 12141 6695
1 15196 14979 9007
1 5910 11719 6342
1 15218 13253 9021
1 9021 13933 2264
1 11301 11422 15824
1 56 69 10370
1 10370 69 11017
1 11301 15824 14779
1 10877 15570 10876
1 11267 10877 10876
1 6734 84 7235
1 13849 1533 881
1 16096 11305 8402
1 15354 9039 15810
1 12508 15810 9039
1 2785 9933 14874
1 1892 1904 11614
1 280 255 11741
1 9085 11386 11741
1 10564 12619 428
1 9020 13227 11753
1 9020 11753 10233
1 10467 10451 9044
1 15302 9044 10451
1 969 10216 14228
1 12692 9049 15805
1 9049 12692 6414
1 9001 227 9022
1 15873 15435 9051
1 15435 8426 9051
1 9023 207 7233
1 10238 8421 7555
1 307 316 344
1 15919 5807 12309
1 15912 15913 9785
1 15912 15224 15913
1 11149 8181 8888
1 2364 13949 9066
1 11068 15904 13987
1 12539 9075 15793
1 11054 9075 15794
1 9287 9034 9071
1 8121 8288 8125
1 46 68 79
1 68 46 59
1 59 46 52
1 79 89 46
1 14120 7888 14740
1 12903 8880 12243
1 7888 5794 15860
1 11722 15726 9040
1 327 316 2787
1 15366 14708 10275
1 1872 8100 7714
1 15231 7816 15331
1 9094 16132 10570
1 9094 10068 10803
1 7495 9328 15120
1 3549 8539 14773
1 2950 1604 2415
1 5434 12945 14918
1 13222 14127 14918
1 15931 9100 2651
1 1662 2651 9100
1 16118 14474 5510
1 8631 16118 5510
1 28 37 7185
1 14023 15360 14024
1 9109 9277 15015
1 15015 15786 9109
1 9653 9147 14844
1 2334 14784 10518
1 9110 15781 11790
1 9110 15779 14313
1 6879 16029 9706
1 15790 13229 11085
1 15790 10260 13229
1 14347 15876 11255
1 4682 1530 9117
1 1530 15532 9117
1 54 41 6251
1 15536 1533 9126
1 15536 9126 11692
1 15005 10538 9127
1 15837 9127 8937
1 1043 14735 11511
1 15076 13242 14765
1 14737 14735 1043
1 1862 15556 1868
1 12220 14347 11255
1 9819 12897 15266
1 1862 1868 9581
1 6526 4897 6082
1 13137 14001 8089
1 11508 8089 11164
1 12209 6388 6414
1 10713 7987 9142
1 10913 10713 9142
1 2443 1600 9144
1 5824 289 3912
1 286 3912 289
1 15230 4241 7448
1 15515 12594 13974
1 8322 7072 9146
1 8097 15958 15970
1 10745 10954 1448
1 1448 10954 150
1 255 9085 11741
1 12810 15572 9151
1 9091 7856 84
1 109 108 199
1 9091 84 74
1 14690 2108 9344
1 42 87 77
1 659 525 663
1 659 15252 525
1 9718 14926 9166
1 15730 8576 4729
1 15730 15777 8576
1 12901 3387 4937
1 3387 12901 16076
1 13054 10761 8528
1 3500 14853 33
1 9097 8888 11969
1 11969 3302 9097
1 33 53 3500
1 10269 8692 4541
1 8512 861 13035
1 5115 16146 16139
1 16139 16146 11782
1 8022 1682 14765
1 13878 9108 5769
1 7468 9108 13878
1 11923 14853 3500
1 14934 9787 784
1 844 11294 9247
1 11823 9182 10768
1 9182 2995 10768
1 36 52 46
1 12773 15054 3261
1 36 46 25
1 25 46 13
1 6537 9775 15448
1 10895 2481 14848
1 10895 14848 10880
1 9277 15907 3737
1 12347 1314 14974
1 11894 907 15835
1 10977 14458 149
1 106 9138 8730
1 1749 9371 13895
1 15958 8609 4068
1 12391 9138 106
1 7186 10 6660
1 9317 12622 2883
1 12092 140 9332
1 12398 12460 13592
1 9206 6348 11430
1 11430 1848 9206
1 16265 10254 5888
1 6475 9728 6508
1 6508 6632 6475
1 10768 4077 9209
1 4159 9209 4077
1 15267 14575 6966
1 15267 6966 6823
1 9150 8100 1872
1 199 158 181
1 14312 10025 14307
1 10025 14312 11710
1 9013 9150 1872
1 6019 15420 10648
1 6833 11129 368
1 6833 368 16155
1 9163 8332 9911
1 9163 9911 6857
1 16267 8574 12284
1 15120 9328 1668
1 1645 6162 5583
1 663 3298 6726
1 525 3298 663
1 12848 289 269
1 207 15093 2664
1 1448 15093 207
1 9465 267 294
1 13368 294 267
1 9176 54 62
1 37 50 7185
1 14376 14388 10040
1 8308 3257 15573
1 14376 13318 14388
1 15343 1855 6726
1 13482 15362 9249
1 13389 14259 8229
1 13544 5324 10623
1 15894 2550 12172
1 14776 205 175
1 14458 14776 175
1 12988 14698 12359
1 12477 16131 11621
1 12941 15907 9259
1 15853 12941 9259
1 3008 10077 11600
1 7878 7457 10382
1 7457 12765 10382
1 40 46 56
1 15895 4360 11436
1 2221 8516 15447
1 3630 5197 10322
1 10322 7207 3630
1 1677 8947 5232
1 3604 15051 14934
1 15042 15051 3604
1 110 200 101
1 200 125 101
1 200 151 125
1 200 182 151
1 200 202 182
1 15299 6018 12467
1 12467 7886 15299
1 14679 6487 11341
1 82 12917 9917
1 5608 14306 5755
1 14306 5608 10030
1 12411 959 960
1 959 8602 960
1 9290 6539 4232
1 11999 4595 4597
1 14022 690 10681
1 10681 690 11116
1 3294 7074 10097
1 8964 3294 10097
1 14196 15222 15221
1 9585 4889 9295
1 9585 9295 10707
1 15222 14309 15221
1 907 12605 15835
1 8967 9585 15425
1 8967 10877 9585
1 10155 9306 8958
1 9306 306 14155
1 4159 11624 12929
1 16177 2096 6784
1 4159 12929 11823
1 9311 1698 1832
1 11013 9311 1832
1 8281 14283 6386
1 10745 8883 10954
1 83 7952 72
1 4889 9585 10877
1 10877 11269 4889
1 9314 15496 3680
1 3680 15060 9314
1 11481 11576 9315
1 6103 9317 254
1 8476 11255 10505
1 245 9022 227
1 6371 8806 13643
1 15294 9321 14867
1 6348 9324 11430
1 14895 6537 10134
1 10134 6537 15174
1 360 352 16188
1 10770 82 83
1 7062 13511 7063
1 16115 9327 14479
1 9327 15263 14479
1 9328 134 111
1 3549 7867 8539
1 12588 1109 9674
1 8808 9578 15226
1 1400 6133 15718
1 5536 2548 9589
1 15881 5536 9589
1 9587 12921 7292
1 11803 12921 9587
1 225 15143 15137
1 12172 2550 1677
1 9355 7581 15182
1 15182 14881 9355
1 15242 16224 10798
1 6163 6999 6142
1 15856 7146 12974
1 15160 7359 7028
1 10739 8765 5824
1 9364 15188 10281
1 158 199 142
1 8739 4619 10902
1 15130 2284 15131
1 15131 15836 15130
1 10483 4304 12834
1 15865 15867 10157
1 9391 10648 12819
1 9093 54 9176
1 1718 16018 9374
1 8571 5769 1835
1 1892 13586 11637
1 13936 10644 6683
1 11172 2065 15350
1 14557 4950 4999
1 4999 4950 8367
1 12971 9383 15224
1 15224 9383 15913
1 13282 272 3312
1 14552 1398 6256
1 877 15211 7545
1 6256 1398 16256
1 14333 2175 249
1 15306 8334 15728
1 10103 9425 14595
1 199 108 142
1 14755 13518 9399
1 13518 12968 9399
1 14297 15743 9390
1 10483 10260 6322
1 12534 118 140
1 15560 6082 8383
1 7062 7063 826
1 9408 14241 229
1 4964 13267 15740
1 4906 15740 13267
1 16010 8070 11442
1 16203 13383 16159
1 8092 7946 6492
1 10593 13586 15447
1 15983 8614 11936
1 9249 1620 14709
1 12376 3050 7615
1 12950 12376 7615
1 7831 16014 5897
1 16014 4906 5897
1 10382 2352 477
1 12765 2352 10382
1 13511 12079 12101
1 3425 12101 12079
1 67 1841 78
1 15228 4235 11175
1 13884 14615 9443
1 13884 9443 15917
1 12293 13980 9444
1 11447 9813 10475
1 5382 1645 9822
1 4912 7563 8032
1 16084 9449 2090
1 12870 14586 9452
1 12855 8949 14389
1 12565 5608 13949
1 12855 14389 15871
1 5608 5755 13949
1 1645 9458 9822
1 223 203 15023
1 9461 15233 12359
1 15326 15233 9461
1 15538 201 9463
1 9463 201 13685
1 15531 8760 6427
1 9872 11152 15118
1 15230 6094 12592
1 6486 6457 11341
1 12403 11975 10204
1 8352 15724 5726
1 10357 112 100
1 15444 12377 13372
1 12738 19 29
1 55 65 8093
1 11235 11267 10433
1 7526 13035 863
1 10215 2260 15775
1 5390 5479 14470
1 10648 9343 12572
1 9343 9823 12572
1 16131 7389 10761
1 16131 10761 13054
1 15177 15719 15603
1 15177 15603 197
1 10850 3559 16054
1 15919 13886 7468
1 15146 15147 4975
1 15146 15717 15147
1 14194 14193 13523
1 2451 14011 14010
1 14011 15356 12395
1 14193 14194 15221
1 8224 13482 9249
1 15992 8288 10539
1 12495 10539 8288
1 12814 3421 14188
1 7071 15824 11422
1 12640 2234 2221
1 9528 9863 9666
1 1684 9528 9666
1 2216 2234 12640
1 9356 10233 8437
1 8831 15923 1739
1 9097 3302 6921
1 9830 7582 15530
1 806 4151 9538
1 14367 9538 4151
1 14883 718 15851
1 718 2804 15851
1 7468 16254 9108
1 3500 10329 4878
1 15487 14590 15206
1 13886 16254 7468
1 15864 8810 1815
1 8810 15864 7458
1 12670 11976 112
1 112 14484 12670
1 1502 15424 357
1 4669 595 11014
1 14289 15514 10261
1 15144 13208 16057
1 15883 4472 4482
1 9013 14784 2334
1 2677 8269 4720
1 8454 805 9568
1 8999 9568 805
1 15888 4304 11056
1 8808 4360 9578
1 12834 4304 15888
1 9581 111 134
1 9582 11550 11778
1 11543 15016 9582
1 12900 7309 16087
1 2684 1979 9584
1 9584 8281 2684
1 4100 16189 10771
1 12675 12900 16087
1 10771 15197 4100
1 4789 861 12972
1 861 8981 12972
1 15900 10071 10074
1 15832 15237 10577
1 10074 10071 15842
1 6960 14580 6435
1 9398 243 222
1 2807 9146 7072
1 15972 14809 12297
1 222 14776 9398
1 14801 15866 9595
1 8558 14801 9595
1 16039 11975 10111
1 2197 7108 6211
1 11975 5120 10111
1 11583 12656 14001
1 14914 14001 12656
1 15248 16149 10458
1 15248 10458 9731
1 9798 15575 14500
1 8777 10233 15160
1 11343 9604 15356
1 15356 9604 14023
1 14853 14020 11444
1 10302 15612 10060
1 985 10302 10060
1 9610 11375 16212
1 7652 9614 8454
1 5123 9617 16136
1 12053 11193 14360
1 12053 14360 15830
1 16029 15219 12091
1 9073 2066 9625
1 15970 11754 8076
1 106 8730 102
1 15997 15282 15283
1 8134 106 102
1 15283 15282 16271
1 9630 15231 15331
1 15231 9630 13721
1 5001 9758 12407
1 6322 6267 10483
1 15160 7028 8777
1 5305 12243 15182
1 15146 1606 15717
1 9587 8718 9426
1 7339 9646 14874
1 15979 15978 15423
1 4906 5754 15740
1 10451 9781 15302
1 4906 16014 5754
1 16131 13054 16038
1 16038 13054 9012
1 8065 9091 74
1 11150 981 16127
1 5635 4763 3979
1 168 154 14312
1 2565 14030 10330
1 9856 86 11013
1 9681 2565 10330
1 6329 15542 6352
1 1854 15542 6329
1 15074 6452 7359
1 196 14892 217
1 196 176 14892
1 209 2217 10167
1 209 10167 226
1 15325 15501 6976
1 4234 9673 15228
1 9673 15232 15455
1 11246 5622 14969
1 14209 11246 14969
1 11305 16096 9678
1 9678 16096 9978
1 428 12619 12104
1 15174 428 12104
1 8181 15462 13033
1 15575 2565 9681
1 14500 15575 9681
1 9356 9020 10233
1 11242 10339 10913
1 11242 14353 10339
1 10233 11753 15160
1 14241 9408 14244
1 185 14241 14244
1 6329 10509 6371
1 8718 7556 9426
1 6823 15605 15350
1 9468 13227 9020
1 15605 6823 15206
1 10313 1858 13696
1 9885 12027 15101
1 13283 12027 9885
1 15118 9696 11291
1 15107 9696 10145
1 4542 4828 9703
1 9703 16126 11150
1 13672 12509 10353
1 12509 12527 10353
1 16254 15992 5769
1 9108 16254 5769
1 2548 14322 2553
1 10030 5608 13263
1 6630 11128 2360
1 5881 16019 7923
1 15461 4524 4525
1 16222 207 9023
1 15900 10074 15939
1 16255 10147 15100
1 15900 15939 11793
1 162 14958 538
1 14244 14958 162
1 7186 64 48
1 14064 15256 9720
1 9720 7909 14064
1 3627 7097 2730
1 15575 12773 2565
1 10 9247 20
1 3002 2961 10320
1 9733 16192 13853
1 9706 11995 6879
1 9739 3912 262
1 46 16 8
1 15777 13266 15530
1 1764 4548 13027
1 266 288 12620
1 12620 2630 266
1 14815 12486 14816
1 12201 14815 14816
1 8106 9247 10
1 16078 7029 7063
1 13880 15988 9753
1 13880 9753 15915
1 10648 9391 9343
1 13242 9899 8125
1 773 15721 1400
1 102 8730 9332
1 861 4789 9529
1 1400 15721 15714
1 9978 14476 9678
1 7544 12617 7448
1 15817 3583 16057
1 15817 16057 5062
1 13577 12012 13310
1 15571 13010 9774
1 12903 15559 7563
1 15294 15098 12848
1 5305 15559 12903
1 2785 13703 11499
1 11205 6969 16110
1 15741 4912 8459
1 15741 7563 4912
1 12 9777 21
1 9777 12 5929
1 2597 15341 15833
1 2597 15833 12544
1 255 225 9085
1 16304 1872 5783
1 16304 9013 1872
1 200 190 209
1 143 166 200
1 190 200 166
1 143 200 110
1 15371 15162 12404
1 15371 12404 13671
1 14244 162 185
1 16025 1868 15556
1 15556 14961 16025
1 9089 6490 571
1 15019 11507 9785
1 11983 12867 14681
1 851 16105 14586
1 9398 14776 9178
1 9013 2334 9150
1 12929 12097 11823
1 8880 12903 15741
1 12015 13746 16211
1 16211 4578 12015
1 15564 7581 4985
1 12903 7563 15741
1 11083 11904 11551
1 15486 5030 14588
1 12858 11508 7856
1 5880 10145 9808
1 9808 5881 5880
1 10986 6270 4669
1 4597 7758 15339
1 4669 9430 10986
1 9817 14498 11785
1 10483 12086 4304
1 9824 6577 7339
1 9933 14875 9824
1 3627 12370 3621
1 6279 16023 2334
1 9150 2334 16023
1 8692 15327 6469
1 9832 8110 11541
1 11541 15784 9832
1 10705 2416 11007
1 295 7737 283
1 3497 4590 12201
1 6498 16071 9843
1 16071 15153 9843
1 9845 8279 14065
1 9845 15795 8279
1 15532 2684 13814
1 2011 16153 5327
1 2011 5327 15540
1 9574 16024 1868
1 15520 8363 5479
1 8363 15520 7008
1 10155 315 306
1 306 9306 10155
1 129 164 13867
1 13867 8437 129
1 14529 15095 9257
1 7448 14708 7544
1 6021 4017 990
1 4017 13166 990
1 16038 9012 6695
1 5415 15051 3654
1 7263 3654 15051
1 15916 13879 9880
1 10322 6600 740
1 10322 11615 6600
1 12289 15792 14734
1 15792 15059 14734
1 14227 6021 2628
1 14227 2628 14307
1 5809 15856 12064
1 7146 15856 5809
1 2898 12054 9777
1 2234 9886 8516
1 12778 13281 9886
1 13877 13900 14914
1 16293 9887 5134
1 2934 12569 14727
1 14727 3029 15257
1 2089 15345 16105
1 851 2089 16105
1 11583 14001 13137
1 15933 13987 15904
1 12794 9894 12034
1 14343 12034 9894
1 14452 4990 14435
1 15181 4990 14452
1 6960 6833 5699
1 15993 15989 16253
1 13883 16253 15989
1 15806 10429 15608
1 15608 14513 15806
1 11598 9899 13242
1 16178 9902 13482
1 9906 11234 12330
1 146 15598 10545
1 15364 11782 16175
1 10536 13141 291
1 9647 3696 14785
1 9645 9647 14785
1 4719 15553 5783
1 15860 5519 9911
1 15919 9163 6857
1 12619 12142 287
1 10128 13551 3518
1 15853 9259 15596
1 9923 12241 15552
1 15366 10275 11808
1 11764 9814 155
1 10768 9209 11823
1 11103 13447 12640
1 2759 7925 15613
1 11103 12640 5933
1 11193 13759 12450
1 11193 12053 13759
1 9931 15354 15810
1 13698 14780 12737
1 6975 14 7185
1 14874 9933 7339
1 15726 11722 9011
1 9367 9538 4240
1 10083 9938 10956
1 14673 2108 14690
1 12831 14673 14690
1 14803 9947 1969
1 14644 11256 253
1 67 9955 1841
1 9955 67 6338
1 139 6709 160
1 139 160 12851
1 14439 9646 11715
1 1333 3722 3696
1 15562 14439 11715
1 151 13840 125
1 13237 9325 11834
1 8057 7781 11870
1 9976 7250 5889
1 15247 7250 9976
1 12722 5607 11944
1 12722 8991 5607
1 15599 3685 10607
1 11909 10607 3685
1 9061 8237 7797
1 97 12765 7457
1 13109 15311 15312
1 15312 15311 15728
1 6539 15368 9983
1 9785 15018 10616
1 14987 10616 15018
1 15823 15029 12171
1 15029 14432 12171
1 15280 16273 10617
1 11975 16039 12179
1 15448 2221 8566
1 14874 15843 2785
1 13703 2785 15843
1 877 7545 12424
1 903 48 9997
1 9997 48 13876
1 10678 15941 13563
1 14065 1858 9999
1 7088 9999 1858
1 2924 8993 14238
1 1852 2924 14238
1 10623 5324 11506
1 5908 1537 10709
1 9830 1537 5908
1 3257 15138 2562
1 14033 15138 3257
1 12066 23 10627
1 12447 12462 3517
1 6421 1668 111
1 1668 9328 111
1 146 10545 123
1 4424 7286 12908
1 34 10475 51
1 10475 34 4303
1 10012 14288 12150
1 5615 15885 7701
1 14288 15201 10203
1 13406 13389 14440
1 16117 8612 8152
1 3272 3542 6676
1 11172 12924 2065
1 81 87 42
1 10026 13698 13850
1 3032 11637 15037
1 15305 13434 126
1 126 13434 93
1 11235 13592 10029
1 13592 12460 10029
1 14306 10030 3244
1 13558 15016 13566
1 12796 14376 10040
1 5783 15555 4719
1 985 12127 10302
1 5755 9837 13949
1 5755 14306 9837
1 10475 6338 51
1 46 40 31
1 15838 170 146
1 13847 15834 10048
1 9458 834 9822
1 13846 13847 10048
1 15559 5305 10647
1 15739 15559 10647
1 13446 213 11256
1 13845 5824 3912
1 7097 3331 2730
1 3945 10062 9068
1 10062 6109 9068
1 8331 14288 8334
1 10880 1444 12955
1 14268 12955 1444
1 113 9741 11764
1 9741 113 12943
1 16064 14283 9358
1 2542 15524 6697
1 11538 15736 985
1 6138 14551 7873
1 6414 6388 15609
1 13391 10080 9147
1 11192 10080 13391
1 4629 15365 16176
1 16137 11808 11398
1 16147 11995 9706
1 11840 12620 288
1 13483 9152 13466
1 13851 10085 13282
1 10085 13851 15781
1 1932 10087 2643
1 10087 1932 15903
1 10292 13204 10547
1 11976 908 9280
1 7082 6421 103
1 7082 12005 6421
1 10094 16048 15083
1 5030 6935 7122
1 5680 10411 11825
1 4017 797 3615
1 612 974 7362
1 2599 16127 9816
1 2599 9816 7052
1 15735 15329 15464
1 4542 15735 15464
1 13884 10108 14615
1 16071 10109 13142
1 14119 10423 15827
1 10117 11754 15970
1 10117 15970 4068
1 16010 9718 16001
1 8070 16010 16001
1 8924 11808 10124
1 10124 11808 16141
1 11541 2110 9549
1 15022 11541 9549
1 10320 15718 6133
1 10440 1116 9610
1 10127 15367 14709
1 15459 10127 12102
1 5146 5819 10128
1 5146 10128 3518
1 263 242 16227
1 14038 3176 14885
1 14885 3176 11911
1 9452 13004 13798
1 285 10536 291
1 285 291 12576
1 2817 11272 11402
1 12428 9610 16212
1 10440 9610 12428
1 3604 7945 15042
1 7260 15042 7945
1 864 11097 659
1 15486 15445 7438
1 12395 15356 14023
1 4159 4177 11624
1 8129 10147 9905
1 14828 16121 16124
1 13347 14812 12451
1 14812 11343 12451
1 15320 15097 9044
1 14657 16129 14650
1 15085 773 1400
1 15085 10559 773
1 10889 10152 16081
1 16302 16081 10152
1 10381 12586 11576
1 15965 15955 15971
1 8990 4095 11303
1 14196 12574 10156
1 12574 8941 10156
1 3109 11092 12345
1 16286 9066 15886
1 4148 13080 7052
1 10954 15610 150
1 5838 15837 10164
1 4877 10451 10467
1 10166 11054 15794
1 5200 226 10167
1 16257 10102 15949
1 12366 16276 4077
1 10298 4946 7074
1 13987 1658 11068
1 15101 1934 13971
1 14097 13971 1934
1 14497 14458 10977
1 10176 15303 11162
1 2320 3491 5016
1 9677 11870 15597
1 4643 9054 130
1 4548 1764 6513
1 169 137 10179
1 9809 11794 10179
1 1932 11588 14772
1 10865 11102 4797
1 11079 10865 4797
1 11381 16116 11786
1 11381 14529 16116
1 10181 15192 8755
1 13882 14008 10756
1 16105 9452 14586
1 9110 14313 14201
1 9739 10082 15428
1 10193 15013 11583
1 4828 10269 4541
1 6695 9867 16038
1 8062 15885 6113
1 10563 12953 15551
1 15201 5457 15981
1 15562 5881 7923
1 14325 8138 13848
1 275 4711 4072
1 15468 7633 12593
1 275 11645 247
1 4711 247 4705
1 7309 8273 8275
1 8275 8273 2682
1 806 16185 2787
1 806 2787 4151
1 14822 14823 5319
1 4818 14823 14822
1 10203 8317 15742
1 46 31 16
1 12486 14815 15959
1 15102 12012 13577
1 7024 13010 14340
1 6632 2281 10889
1 6632 10889 2776
1 10212 850 16099
1 5680 10216 10411
1 15912 9785 11507
1 16155 16151 16156
1 16156 6833 16155
1 15139 9389 9354
1 4833 14828 9284
1 14828 16124 9284
1 6302 15787 9899
1 13567 15787 6302
1 14916 6676 11854
1 11315 16030 10235
1 10236 15887 15926
1 13956 15887 10236
1 9945 10237 10450
1 10238 15896 8421
1 13877 10238 7555
1 12171 13842 7071
1 5824 8765 269
1 15015 3737 10548
1 10623 10548 3737
1 10737 16122 14649
1 7731 7108 2090
1 7045 10254 820
1 15354 9931 10254
1 4682 9117 6427
1 9117 15532 6427
1 12818 10492 10260
1 10662 6019 13920
1 8331 8334 15306
1 7145 241 217
1 217 14892 7145
1 12599 11398 10275
1 14127 15827 2733
1 14918 14127 2733
1 9696 16019 10145
1 10280 15483 15475
1 10280 15475 782
1 10694 4507 10281
1 6967 9980 10861
1 10861 9980 10893
1 10862 11576 11582
1 9315 11576 10862
1 6092 277 290
1 6092 12425 277
1 6954 15713 3124
1 10287 16101 858
1 15153 10287 858
1 2677 10288 14423
1 6697 10985 11664
1 10291 16119 14100
1 10291 14100 13611
1 1600 3252 9144
1 40 12439 31
1 2924 12051 7483
1 9781 15301 16063
1 3988 7427 15132
1 15132 9898 3988
1 14 15310 5
1 16293 8224 15367
1 10310 755 4252
1 15834 13847 11658
1 4807 4509 4518
1 1743 14786 12925
1 14786 14726 12925
1 538 14958 8038
1 14330 10287 7221
1 254 9317 2883
1 13141 254 270
1 16263 13140 10900
1 10116 8108 10323
1 13140 16007 10900
1 214 238 9219
1 1862 9581 134
1 10325 15149 16075
1 4409 10325 16075
1 5848 13231 6631
1 14598 10908 2428
1 10908 8670 2428
1 15783 5801 10678
1 14809 10329 15962
1 9290 1620 10910
1 15362 10910 1620
1 14158 10164 14176
1 2089 13800 11972
1 6592 3612 10336
1 9880 6389 15916
1 16100 8939 861
1 12972 10340 9394
1 10916 15210 6138
1 13701 15210 10916
1 15015 9277 3737
1 2597 12544 7118
1 12545 7118 12544
1 11909 8389 9061
1 10345 13903 5686
1 10345 15476 13903
1 11097 864 863
1 4305 10921 6630
1 6457 6486 12362
1 10547 13204 10347
1 13204 13513 10347
1 13884 15917 15920
1 8070 15975 11557
1 10619 2264 16086
1 8919 1682 8022
1 11323 14306 11221
1 10358 12533 2995
1 10360 1892 6537
1 10360 6537 15448
1 15029 15823 5956
1 14780 5956 15823
1 10170 1586 14836
1 11887 1024 12127
1 10376 14300 3212
1 8831 1739 6614
1 1739 15275 6614
1 15207 7632 7379
1 15353 14467 13024
1 13798 7723 12098
1 13004 7723 13798
1 14981 12586 10381
1 156 10381 2307
1 14890 15833 15341
1 14890 15341 11860
1 7902 15021 13563
1 13845 10383 15029
1 386 6435 385
1 15090 15908 13310
1 11972 13800 855
1 15150 855 13800
1 15181 14452 3294
1 15347 15346 15444
1 15346 15347 5889
1 1611 15713 6954
1 11369 11820 13814
1 176 16240 1823
1 1823 16240 14064
1 15975 8070 11997
1 111 9581 5016
1 15219 13038 9978
1 5104 16143 16246
1 14828 4833 336
1 14812 13347 15954
1 191 7953 8033
1 10409 12937 14158
1 6251 6975 7185
1 11703 6994 10646
1 12796 10040 7064
1 10967 6477 11576
1 6477 10967 12765
1 4619 14701 10902
1 10902 4237 14697
1 10416 4971 13926
1 10416 13926 15247
1 877 12424 14552
1 9786 877 14552
1 6256 9786 14552
1 8171 7662 4291
1 6575 7408 5359
1 11611 8389 2337
1 2599 6889 16127
1 14281 11657 14595
1 10103 11657 8269
1 11657 10103 14595
1 16082 16148 11559
1 13483 12814 7571
1 13483 7571 7045
1 13072 10423 14119
1 5132 5919 8342
1 15353 5919 5132
1 7864 1530 4682
1 7864 4682 10715
1 13522 8342 10430
1 5919 10430 8342
1 13274 11883 15328
1 11883 15193 15328
1 15485 842 13902
1 13965 11891 144
1 11552 14714 7238
1 11235 10433 11263
1 281 2780 16112
1 10451 15301 9781
1 16289 15301 10451
1 10580 4680 3535
1 10580 3535 9476
1 10077 3008 13044
1 11595 11083 11551
1 16106 16190 10452
1 16190 6144 10452
1 14119 15827 14127
1 15346 12377 15444
1 9836 16235 16015
1 10469 14973 2525
1 14973 10469 15083
1 8454 8073 7652
1 8073 8454 9746
1 142 108 14744
1 15449 12610 8888
1 30 20 9247
1 12848 15098 289
1 15476 15493 13903
1 16117 13853 8631
1 8061 15974 10998
1 10998 15974 15969
1 2883 270 254
1 12179 2178 10204
1 2281 10152 10889
1 3988 10478 9434
1 7731 6211 7108
1 2197 16085 7108
1 13390 6211 7731
1 12063 3604 14934
1 12127 1024 15317
1 10500 6867 9467
1 11430 9324 6326
1 467 10504 1436
1 10739 15029 5956
1 10739 13845 15029
1 15229 13182 6584
1 15322 15229 6584
1 14109 12981 16208
1 13282 10323 272
1 10323 299 272
1 2320 10518 1743
1 14974 1777 12347
1 257 10524 16065
1 257 11933 10524
1 10528 2671 8262
1 10528 15533 2671
1 7815 12460 7846
1 12061 13933 16034
1 4818 14822 10864
1 10545 9061 7797
1 10545 15497 9061
1 14580 6960 5699
1 12418 10542 14207
1 12298 14207 10542
1 3615 797 4016
1 4016 797 14103
1 12121 15274 15441
1 252 229 15274
1 4817 9403 14916
1 15968 11784 15801
1 14106 10547 9502
1 11506 15788 10548
1 8290 5119 5120
1 6539 9983 4232
1 14911 597 8808
1 4821 15733 10551
1 179 12241 198
1 10942 15285 12294
1 10942 15998 15285
1 7207 740 15433
1 13840 10557 125
1 3545 9513 11048
1 167 9438 188
1 14814 14384 15237
1 1904 10564 11614
1 11611 115 8237
1 15353 15203 12647
1 15279 15333 10568
1 10568 15333 3103
1 15785 11595 14986
1 15788 15785 14986
1 6967 10861 2428
1 11056 4304 6465
1 10577 15237 15357
1 10580 9476 10214
1 11892 6418 11059
1 11059 6418 14698
1 8273 15535 2682
1 2682 15535 15531
1 10518 14786 1743
1 6138 15210 11063
1 4298 4989 11065
1 11065 4989 14423
1 10862 11582 10539
1 14951 15938 4964
1 8389 8237 9061
1 11611 8237 8389
1 12646 4136 9798
1 4894 12122 14946
1 8602 1948 960
1 8602 7107 1948
1 10021 7420 16017
1 156 14981 10381
1 14283 16064 16089
1 10591 1421 6507
1 13885 1421 10591
1 7886 12184 15299
1 15299 12184 1914
1 12457 9790 15574
1 241 10435 262
1 6192 15739 16235
1 14281 14595 9979
1 4072 5659 295
1 295 5659 7737
1 12333 11116 1767
1 14582 5035 6955
1 13 8 10404
1 11278 9273 16087
1 4159 10613 4177
1 10613 4159 4077
1 2016 15249 11182
1 14799 10412 7
1 10216 5680 5622
1 10889 14436 2776
1 12010 907 11894
1 265 10618 7281
1 5775 8755 15321
1 9964 14308 13615
1 797 13615 14308
1 5933 424 11103
1 11116 12333 4783
1 15873 9051 15527
1 13004 15242 7723
1 5246 13944 13718
1 14333 10857 10116
1 13944 5246 6592
1 8 5246 10404
1 5246 8 10563
1 10635 10761 1594
1 8822 10635 1594
1 6867 10500 9883
1 11085 13229 7919
1 116 12897 137
1 14744 137 14381
1 5049 3325 5366
1 784 14553 10638
1 12722 10644 8991
1 13368 10376 294
1 14071 7672 11117
1 14580 14071 11117
1 10652 8281 14282
1 2684 8281 10652
1 10184 11834 10653
1 10653 11834 15309
1 15366 8924 10127
1 16018 15512 5332
1 15512 15511 5332
1 10320 6133 3140
1 14652 16125 8794
1 8433 7421 6982
1 8794 16125 10374
1 9644 7237 12165
1 91 13323 9934
1 15526 11128 15877
1 11128 15888 15877
1 154 10664 122
1 6526 10664 154
1 4812 10374 16125
1 10035 11453 416
1 8571 15921 13878
1 10548 14986 15017
1 12516 14871 10670
1 10670 14871 15899
1 6881 7071 13842
1 15429 10166 15794
1 12727 13704 15847
1 13704 13671 15847
1 13704 12399 13671
1 11934 1068 9444
1 12410 11934 15180
1 10756 14008 11862
1 2787 340 327
1 15527 6216 10693
1 12952 6528 10872
1 11138 10293 9917
1 11138 9917 13912
1 6528 2543 10872
1 15809 7254 5062
1 6498 6741 11345
1 16164 16168 7366
1 16111 16168 16164
1 6508 10700 6632
1 1068 11934 12410
1 14953 11251 2481
1 163 191 16008
1 12686 10710 10374
1 12237 15967 8097
1 15275 15333 15278
1 16004 15275 15278
1 15967 15959 8097
1 13586 8566 15447
1 15447 8566 2221
1 16078 12101 11151
1 9007 4193 10720
1 9007 10720 5535
1 16280 15999 16009
1 16280 10942 15999
1 2734 14656 2733
1 15827 2734 2733
1 12599 10310 4252
1 10557 4698 125
1 11358 12093 14112
1 10322 5197 11615
1 11642 2066 11170
1 7353 7558 4596
1 10728 15255 9648
1 15122 10728 9648
1 15891 2360 14616
1 14616 2360 15524
1 10857 8108 10116
1 12063 6700 3604
1 14103 797 14308
1 8208 8108 10857
1 7122 14588 5030
1 5033 7702 11205
1 15365 16175 10735
1 5033 11205 16110
1 8290 10735 16175
1 14301 3212 4154
1 4154 12227 14301
1 12003 15884 7383
1 107 12526 13889
1 90 12526 107
1 12339 90 107
1 14650 10737 14649
1 10737 14650 16128
1 9813 11719 5910
1 9993 5961 14554
1 15353 13024 5919
1 13877 7527 10238
1 5371 13587 11615
1 5371 10781 13587
1 11234 13387 14213
1 5382 6162 1645
1 15818 15819 9840
1 12686 15462 10752
1 10754 15225 12971
1 2562 10755 3257
1 6955 13020 14582
1 257 283 11933
1 10705 11007 3820
1 12287 10876 3820
1 315 10155 326
1 253 233 15328
1 233 15454 15328
1 386 11129 6960
1 386 6960 6435
1 10759 10707 10891
1 12980 6963 16110
1 13171 6457 12362
1 15775 11979 15218
1 15990 1436 13879
1 9798 12806 15575
1 12773 15575 12806
1 12733 14321 10925
1 12705 12733 10925
1 10293 7952 9917
1 12709 10293 9414
1 13964 7757 14832
1 7757 12622 14832
1 14861 2059 11268
1 15308 13118 10653
1 12493 94 113
1 94 12943 113
1 15206 10772 15605
1 890 12526 90
1 12801 90 12339
1 90 12801 14811
1 5188 8957 7757
1 8038 14958 10773
1 13181 16161 10196
1 7953 4596 172
1 4596 7953 210
1 299 8108 279
1 4518 15465 4521
1 4807 4518 4521
1 11037 13964 14832
1 9393 11270 7136
1 7653 4074 12097
1 11400 11336 13317
1 12929 12881 12097
1 16169 7094 10782
1 13900 12627 15914
1 15018 11598 14987
1 15356 12451 11343
1 10068 4541 10803
1 10502 2443 1601
1 2443 10502 2963
1 16167 612 12076
1 6963 5033 16110
1 10813 3651 2739
1 172 4596 12001
1 16228 14649 4860
1 172 12001 145
1 16165 7094 16169
1 7571 5888 7045
1 9809 15577 11794
1 16113 11271 365
1 14969 9840 15819
1 12503 121 14811
1 121 90 14811
1 6371 10838 8806
1 8806 10838 10506
1 11459 4313 6216
1 11894 15835 12943
1 12943 94 117
1 2065 10846 15350
1 10846 2065 15495
1 11260 9389 1576
1 9389 11260 10630
1 10630 15817 12661
1 16249 7672 16113
1 5006 7471 6963
1 5006 6963 16160
1 14973 15083 10850
1 15499 5775 15321
1 1791 6955 5035
1 13317 11336 13386
1 16203 13317 13386
1 11271 341 365
1 6297 10855 1564
1 11336 3597 13386
1 13359 322 311
1 365 375 16113
1 375 16249 16113
1 16113 7672 16159
1 13372 13363 9258
1 13943 17 4
1 13943 4 14207
1 14822 8794 10864
1 8105 7041 10865
1 2651 13987 15933
1 8402 16292 10866
1 10866 3050 8402
1 13002 16069 6071
1 14690 13002 6071
1 10872 15875 12952
1 1537 10759 10709
1 10891 10709 10759
1 7483 12794 10873
1 10874 15490 2870
1 14569 10874 2870
1 12439 12953 31
1 15331 4507 15734
1 12014 8692 15734
1 11376 11514 4698
1 6859 11514 11376
1 15740 15738 4955
1 9278 6871 11872
1 2096 16177 10896
1 11879 9374 14770
1 8739 10902 14697
1 7052 13080 2599
1 16085 2197 11380
1 8831 6614 7383
1 7383 15884 8831
1 14673 12595 10909
1 6297 12075 10855
1 12214 834 5308
1 3300 10917 7983
1 3300 15500 10917
1 6465 4304 10918
1 14113 1476 15246
1 9364 10281 4507
1 11376 4330 5848
1 11487 13877 14914
1 6630 15888 11128
1 1109 5549 12225
1 10930 13004 9452
1 13004 10930 15241
1 11474 474 1213
1 108 6838 14744
1 16280 15998 10942
1 12297 1684 15798
1 10664 16243 91
1 12155 9934 11710
1 148 15419 11468
1 3312 13851 13282
1 15368 6539 12529
1 1815 15915 15226
1 10958 11697 2877
1 9945 12449 10464
1 11442 15974 8061
1 2481 10895 10712
1 15017 15015 10548
1 9257 11305 10971
1 11305 9678 10971
1 3500 15962 10329
1 4313 12493 10973
1 11491 15789 10973
1 597 10975 15994
1 16101 10287 13175
1 10975 597 14911
1 11021 9465 15427
1 13368 12351 2443
1 6146 10279 15809
1 8529 13747 13748
1 286 12398 262
1 286 262 3912
1 5894 12418 14020
1 6508 9728 16072
1 15104 1948 7107
1 11882 14586 13031
1 15308 10653 10992
1 14727 8999 3536
1 14871 12516 12727
1 15217 9468 13867
1 4305 6348 6048
1 9206 6048 6348
1 30 9247 11294
1 946 14564 14550
1 11007 12287 3820
1 11007 283 257
1 11008 13802 690
1 6418 4248 7634
1 11011 10074 15843
1 11011 15939 10074
1 15894 15226 9578
1 9856 11013 11017
1 15077 13855 12260
1 262 13592 241
1 262 10435 9739
1 241 7145 10435
1 240 267 11021
1 11021 14849 12758
1 68 15561 1698
1 12027 15513 15101
1 9840 5677 13937
1 15886 13937 5677
1 14694 4234 11175
1 10705 7497 14945
1 15570 7497 10705
1 1850 6326 15542
1 16071 6498 6500
1 9885 15109 13283
1 11040 13558 13566
1 11124 14813 3504
1 1814 16200 11042
1 251 11042 16200
1 11197 13591 11043
1 11197 11043 14270
1 8236 8954 15855
1 13360 11046 15227
1 15452 15227 11046
1 4541 12014 10803
1 9182 2990 11049
1 10166 15427 11054
1 15793 11054 15427
1 15994 11114 11055
1 11550 11055 11778
1 8481 11785 14498
1 14373 4165 12227
1 11068 12332 13986
1 14330 12270 1422
1 12270 14330 10340
1 18 9572 27
1 4098 11074 16015
1 4098 15100 11074
1 11278 8275 13021
1 1213 1668 11474
1 16239 14347 12220
1 15469 12976 12824
1 5854 15145 1777
1 13238 15313 7807
1 14801 7238 15863
1 13311 15799 3598
1 275 7691 11645
1 11092 3298 525
1 16204 11092 525
1 14323 11096 13392
1 15192 11096 14323
1 12904 11097 16072
1 11098 9893 1934
1 11098 15513 9893
1 13039 13319 9439
1 2566 3264 14231
1 11655 15576 14231
1 15576 2566 14231
1 13127 13246 9509
1 10506 11456 4312
1 14472 13176 143
1 15469 13176 11514
1 8959 12425 14906
1 8959 10159 235
1 14868 13 10404
1 15263 11111 16030
1 11111 15263 9327
1 8817 3109 12345
1 3109 8817 10212
1 2061 11124 15360
1 2061 14813 11124
1 11358 14119 14127
1 10671 11376 11404
1 13765 183 10159
1 14207 4 11
1 11133 4609 326
1 11253 13966 14831
1 16044 9988 12385
1 15289 16044 12385
1 16142 5106 5107
1 5106 15288 5107
1 8181 13033 15234
1 16126 981 11150
1 3542 11151 6676
1 16078 11151 3542
1 10864 10374 10710
1 4151 9015 3412
1 2787 9015 4151
1 10176 11162 12113
1 9358 11162 16064
1 15608 12692 15805
1 16251 10975 15988
1 15131 2284 153
1 13931 11991 16292
1 16184 15296 11178
1 14595 11178 15296
1 16154 2016 11182
1 11677 13900 15991
1 8880 14949 14454
1 11184 6416 15787
1 8476 12220 11255
1 4310 10506 4312
1 8806 10506 4310
1 14031 11190 8269
1 8167 6389 9880
1 11201 1231 14119
1 11201 5327 1231
1 2717 7268 8838
1 12091 12376 16302
1 7118 11911 3176
1 13221 9503 9497
1 3244 11221 14306
1 13130 10251 11048
1 15426 12707 8208
1 16208 12797 16158
1 2759 5400 10729
1 14734 10729 5400
1 14910 14680 7261
1 15236 15952 12408
1 4763 4817 1122
1 4763 1122 3979
1 15917 9443 13885
1 1787 10923 14553
1 12330 14360 11193
1 9906 12330 11193
1 16174 16119 16115
1 1904 11637 3032
1 2963 11249 3536
1 2963 2934 11249
1 15304 12113 16060
1 8957 13966 11253
1 12441 775 12296
1 10505 11255 15890
1 4676 15858 15859
1 7062 11262 822
1 14975 822 11262
1 11866 2059 11265
1 10512 13206 1787
1 11268 2059 12579
1 7855 15954 7781
1 11933 283 7737
1 12113 9358 14273
1 9720 15256 14065
1 10750 14972 12336
1 12336 14972 15814
1 16149 11277 9976
1 11277 10416 15247
1 7309 8275 11278
1 13204 11279 13513
1 6342 13513 11279
1 10445 5197 12891
1 5371 5197 10445
1 2787 6699 340
1 6699 16188 340
1 310 346 301
1 11444 14020 11836
1 22 11836 11
1 7004 11285 14128
1 608 5359 7408
1 608 7408 10989
1 10839 10970 13109
1 11291 9696 15107
1 11291 15107 9872
1 10279 12050 966
1 13956 11931 11295
1 11295 15887 13956
1 13828 11085 7919
1 8275 11297 13021
1 11586 4095 15196
1 15742 8333 10203
1 4237 14698 3300
1 14698 12988 3300
1 11301 11785 14777
1 13271 14694 14695
1 11615 13587 6600
1 15249 2016 6275
1 6683 8831 15884
1 11074 8129 16013
1 11709 11369 13814
1 15518 12594 15515
1 15515 15309 15518
1 8167 11370 14791
1 9845 7811 15795
1 15256 7495 15120
1 1409 14422 7761
1 8382 12297 14809
1 12297 11941 15996
1 15723 11314 8342
1 5132 8342 11314
1 6862 11315 10235
1 8322 9146 11347
1 7309 11278 16087
1 14895 10134 15034
1 15034 10134 15174
1 15842 13701 11318
1 59 11688 68
1 11688 15561 68
1 11319 15947 10147
1 11323 11221 15573
1 7136 13169 15432
1 831 14492 9814
1 13748 3417 3421
1 9856 11017 69
1 14335 6573 11914
1 1849 9248 10300
1 14972 11332 816
1 13505 816 11332
1 10923 11392 11336
1 15239 9625 2066
1 16255 959 11339
1 5838 8064 15220
1 15972 15963 14809
1 11398 11808 10275
1 14033 10577 7866
1 8322 11347 15557
1 6982 14325 11464
1 2671 10352 8262
1 10449 50 37
1 8795 50 10449
1 3535 11357 9476
1 14112 15540 11358
1 11358 14127 12093
1 13319 9430 12021
1 15535 11190 15778
1 10021 9876 15108
1 10021 15108 7420
1 8167 12284 11370
1 95 6838 9054
1 2542 6697 11664
1 16044 11964 15287
1 16151 16155 12312
1 10358 15718 2961
1 11268 12579 15961
1 855 16103 11972
1 12989 11392 1787
1 15294 16061 9321
1 15783 15942 5801
1 13229 11727 7919
1 11402 11272 13434
1 15308 11402 13434
1 8245 10363 14978
1 981 9816 16127
1 5971 7052 9816
1 14873 15901 11407
1 11407 15262 14873
1 16274 10376 14301
1 16077 7062 13439
1 14881 15840 10071
1 13937 9066 9837
1 11937 14836 1586
1 14709 15367 9249
1 14303 9964 11711
1 14303 14308 9964
1 10445 2734 14128
1 131 12493 113
1 12493 131 10973
1 15198 10904 5535
1 15236 12408 2451
1 15915 11421 13880
1 8810 11421 15915
1 11301 14777 11422
1 14926 9718 8305
1 14038 14849 6811
1 13389 8229 14440
1 11424 2984 2547
1 9628 570 14436
1 9527 2554 8883
1 12209 9898 6388
1 13880 15918 11425
1 13880 11425 7261
1 5136 9837 15818
1 13937 9837 5136
1 12599 4629 15167
1 2320 1743 3491
1 3491 1743 15251
1 12905 11435 15801
1 11435 15968 15801
1 11436 11791 15892
1 16236 15739 6192
1 9259 15907 15596
1 14349 9887 16141
1 12928 8609 12485
1 12485 8609 15358
1 10512 16151 12314
1 16010 11442 8061
1 9290 4232 13721
1 14853 11444 22
1 22 11444 11836
1 9976 11277 15247
1 11445 11083 11553
1 11083 11445 15995
1 4303 15874 11447
1 4303 11447 10475
1 5428 11891 12075
1 9280 124 100
1 124 5428 100
1 16194 11340 4491
1 12103 15317 7925
1 11450 13818 9648
1 4305 6048 10492
1 9324 10990 12220
1 1370 11995 2281
1 12332 11068 1658
1 15492 12332 1658
1 8038 10773 11460
1 8038 11460 6859
1 9094 10803 9284
1 11462 6575 15312
1 15312 15307 11462
1 6360 15547 10525
1 6360 10525 4313
1 15547 6358 10523
1 503 12969 13551
1 2221 15448 11760
1 5933 12640 2221
1 2221 11760 5933
1 13980 11934 9444
1 13523 11479 1969
1 3518 12000 8645
1 16293 5134 7908
1 13032 1617 11482
1 4590 2068 12201
1 13850 8138 10026
1 12713 8383 5881
1 5881 11715 12713
1 14651 16125 11488
1 9988 14651 11488
1 155 1823 11491
1 131 155 11491
1 16129 14657 242
1 16042 242 14657
1 10752 15467 10710
1 8350 10470 11496
1 12030 16028 16299
1 13703 15211 11499
1 16283 11501 532
1 4521 15465 15195
1 11782 12379 16139
1 13136 8637 13315
1 8637 13136 13152
1 5838 15220 11511
1 11464 12545 6982
1 7418 2230 1904
1 13313 11555 7418
1 10166 14850 6811
1 2950 2114 11951
1 13647 2950 11951
1 16107 11525 16192
1 4491 16192 11525
1 11526 14348 11981
1 15834 13656 11464
1 2787 16185 6699
1 16185 16188 6699
1 259 8375 11538
1 16194 11381 11340
1 3256 12395 14023
1 12395 3256 3244
1 11547 4812 16125
1 14651 11547 16125
1 11506 13050 15788
1 15312 11548 15307
1 3856 9408 229
1 1436 10504 2094
1 14871 7072 15938
1 11552 739 14714
1 3255 14010 12583
1 89 79 1698
1 11555 2230 7418
1 7483 11556 3898
1 15736 11887 12127
1 1213 474 11563
1 1213 11563 4255
1 11567 15868 8005
1 8332 11567 15860
1 15054 2564 3261
1 2898 10449 12054
1 10449 37 28
1 15326 15461 11573
1 11573 15233 15326
1 10676 15423 15503
1 15256 15120 9845
1 2068 14815 12201
1 9614 7652 4578
1 10538 14791 3460
1 3460 8937 10538
1 12235 7633 4821
1 11584 15254 13830
1 11584 9647 15254
1 11588 1932 7975
1 12140 4946 10298
1 3737 15907 11592
1 12941 11592 15907
1 1645 7975 9458
1 15798 775 10510
1 15529 2096 10896
1 12464 10450 11596
1 10450 15318 11596
1 6289 11893 3627
1 3627 11893 12370
1 14735 9127 15837
1 6501 10109 6500
1 9582 15016 9109
1 11424 15808 2984
1 13851 3312 234
1 4095 10689 11600
1 10689 3008 11600
1 9823 5308 2330
1 15192 10181 11096
1 16271 14919 11603
1 14476 11605 16116
1 12030 16299 11605
1 9845 15120 7811
1 14978 11662 8266
1 8245 14978 8266
1 10357 12006 8503
1 12937 11607 15909
1 14193 11607 12937
1 10750 12336 15082
1 1502 14783 10901
1 1892 11614 428
1 11614 10564 428
1 3032 7418 1904
1 5371 11615 5197
1 14228 13269 13940
1 11334 14845 837
1 15277 15951 10324
1 11899 12074 6709
1 12074 11899 13889
1 6709 12074 11037
1 14840 10901 14846
1 15944 1950 15945
1 14991 9674 12380
1 15568 14846 15569
1 11631 9897 7931
1 14010 14861 2451
1 15236 2451 14861
1 15341 2597 9842
1 11624 4177 14388
1 11635 10932 14510
1 15804 10932 11635
1 11513 15018 9785
1 10678 13563 15020
1 15292 9867 15293
1 2061 9604 11343
1 11343 14812 2061
1 15361 10896 16179
1 6477 2307 10381
1 3147 1619 15715
1 2064 15238 11642
1 15105 15114 5859
1 2883 12622 10958
1 2883 10958 2877
1 10570 11646 10761
1 10761 11646 1594
1 11985 8840 14688
1 9809 15576 11655
1 5549 12000 12225
1 8402 3050 6467
1 12721 15876 14347
1 10212 16099 16106
1 11658 13847 126
1 126 93 11658
1 5123 14348 16137
1 14348 5123 11981
1 12208 1849 10300
1 1122 7721 10771
1 15503 15505 15491
1 7443 15505 15503
1 5179 7401 11287
1 7916 12976 10773
1 1892 11637 1904
1 2201 9883 11559
1 13523 11673 16201
1 15943 11678 14309
1 15221 14309 11678
1 12425 6092 14906
1 2684 15532 1979
1 1979 15532 1530
1 206 234 5329
1 234 206 15779
1 12921 15525 2547
1 13671 12135 15847
1 9724 5535 16277
1 15083 3559 10850
1 11688 59 15937
1 12003 14925 2151
1 14925 12003 7383
1 11689 5200 15488
1 5200 11689 10594
1 12099 6278 958
1 4579 11170 4589
1 100 5428 6627
1 9383 15225 10725
1 2807 12727 15185
1 2807 15185 9146
1 11689 15426 10594
1 2197 6505 11380
1 11696 15241 16224
1 13004 15241 11696
1 7581 5305 15182
1 15564 5305 7581
1 14990 2877 11697
1 15914 11698 903
1 903 11698 15872
1 12646 5097 13940
1 15817 5062 10541
1 4267 7544 15459
1 16012 9900 1832
1 9822 11703 13912
1 11303 4095 16187
1 10756 4360 13882
1 6348 10990 9324
1 10339 11334 10913
1 10339 14353 11334
1 12953 16 31
1 6856 9628 16081
1 14289 6064 15200
1 11557 15957 15974
1 11583 15013 13252
1 7483 10873 2924
1 9040 15726 15724
1 3032 12896 12620
1 12896 14921 2630
1 11727 12502 7919
1 11190 8273 8250
1 15535 8273 11190
1 10166 6811 15427
1 15284 11732 9694
1 11733 15542 6350
1 11733 6350 8476
1 13692 15073 15080
1 10 7 10412
1 10412 8106 10
1 16128 4509 4807
1 2416 295 283
1 4711 5400 4072
1 12560 15347 15273
1 11083 11749 15993
1 11749 15989 15993
1 15908 9031 15942
1 9414 10012 12709
1 15891 16239 10990
1 6348 4305 10990
1 12493 4313 12442
1 13867 9468 9020
1 3109 3298 11092
1 11754 16000 8076
1 10117 532 11754
1 15237 11755 11902
1 4298 5908 607
1 11872 6871 16031
1 5607 8991 15821
1 11760 15448 424
1 11760 424 5933
1 4265 1620 9290
1 10899 10715 14845
1 5341 14844 10709
1 14848 11251 14844
1 155 131 11764
1 11764 831 9814
1 9790 3771 11246
1 10216 5622 3771
1 4792 11097 863
1 262 12398 13592
1 9582 11778 11543
1 11778 11114 11543
1 11779 14654 16123
1 11779 16123 8905
1 4491 16118 8631
1 12464 13599 14493
1 16214 13986 2643
1 10668 15422 13901
1 16260 15422 10668
1 11784 12441 15801
1 11605 11786 16116
1 4763 5635 16185
1 16185 806 4763
1 6838 95 14744
1 15087 9354 12336
1 9110 11790 15779
1 11790 13851 15779
1 10124 16141 9887
1 14322 2548 14554
1 13237 10184 9454
1 11834 10184 13237
1 14207 11836 12418
1 11794 169 10179
1 11794 15577 169
1 7638 12227 4154
1 4747 4629 4252
1 1852 14238 10750
1 8110 6385 13036
1 14987 11598 12371
1 6575 5359 11798
1 15312 6575 11798
1 14881 10071 9355
1 13399 15879 11803
1 9182 11049 2995
1 13645 2108 10619
1 2090 11807 16084
1 15609 6388 12246
1 6388 12282 12246
1 7082 10247 150
1 12945 2730 13222
1 12457 11817 14210
1 14210 11817 2564
1 14991 12962 2873
1 12066 14 23
1 14 12066 15310
1 4783 12364 10681
1 12917 13912 9917
1 9724 3008 10689
1 11963 3008 9724
1 3008 11963 3145
1 15531 6427 11820
1 16149 16157 10458
1 15991 11826 13876
1 13876 11826 15914
1 2673 1950 11017
1 363 355 16144
1 15527 8426 2554
1 14510 2554 8426
1 11807 7108 16085
1 11832 292 293
1 2873 11832 7440
1 15315 11462 12459
1 14207 11 11836
1 8134 15921 11839
1 15611 5549 9469
1 4072 295 275
1 7691 12468 1325
1 14814 12987 15953
1 16219 13678 15845
1 10551 6889 4821
1 4821 6889 14823
1 13538 14740 11851
1 8576 15777 15534
1 13522 10430 15519
1 3763 3050 10866
1 14209 11853 11246
1 14209 15578 11853
1 9625 12928 12485
1 11270 14929 7136
1 11856 13920 12572
1 10668 13901 15510
1 8795 57 50
1 11709 14282 13021
1 878 10712 14395
1 10613 14587 4177
1 11082 15993 11862
1 11864 14324 15805
1 11865 15880 9426
1 7242 5327 11868
1 11868 11171 7242
1 16156 11869 2016
1 8064 9031 15220
1 16006 8057 11870
1 11631 15286 9897
1 15013 13577 11033
1 14020 15831 6513
1 6513 5894 14020
1 11874 107 139
1 4291 16202 12370
1 15853 15596 12959
1 16048 12475 3559
1 16048 3559 15083
1 15192 15195 11878
1 15321 15192 11878
1 11879 1718 9374
1 1718 11879 15563
1 12297 8382 11941
1 81 11941 87
1 2342 10940 6201
1 4777 11882 15149
1 9836 11074 16013
1 16015 11074 9836
1 5819 6297 11885
1 14836 11937 16104
1 1769 604 10546
1 16264 1116 10440
1 2107 12595 6694
1 12595 2107 10909
1 11365 14498 13846
1 16296 16119 9192
1 124 144 11891
1 14493 9906 11193
1 11754 532 16000
1 11732 15284 16272
1 13271 6784 2096
1 13942 13889 503
1 13889 13942 12074
1 117 12010 11894
1 117 11894 12943
1 4409 11895 13390
1 4409 16075 11895
1 15903 608 11896
1 608 10989 11896
1 12050 293 292
1 11898 15095 14529
1 139 11899 6709
1 11899 107 13889
1 15357 11902 2064
1 11902 11755 2064
1 115 6477 12765
1 2307 115 8797
1 11904 15993 11082
1 8308 14024 3257
1 13933 12061 16086
1 8057 10797 7451
1 2977 4074 9746
1 10591 6507 6109
1 15280 16005 9419
1 9753 14911 15226
1 14384 15956 11755
1 11552 1043 739
1 15832 3504 15237
1 3504 14814 15237
1 12599 10275 14708
1 9983 11453 4232
1 14020 14853 11923
1 11793 15563 4985
1 15900 11793 4985
1 116 137 14744
1 14744 95 116
1 4578 7652 11928
1 64 75 13876
1 366 15567 378
1 11931 9819 11295
1 2817 11932 13810
1 13810 11932 15977
1 13033 9461 15234
1 10524 11933 180
1 180 11933 7737
1 13980 180 11934
1 5106 11935 15288
1 16228 15288 11935
1 9391 15983 11936
1 10618 292 11832
1 11937 14835 16103
1 13839 14417 11938
1 9694 11732 16003
1 14083 13818 11450
1 15097 13589 10468
1 11171 6823 15350
1 15350 7242 11171
1 2787 316 9015
1 8334 10203 8333
1 15876 15890 11255
1 7495 14064 159
1 159 134 7495
1 9702 11941 81
1 10085 2175 13282
1 11175 4234 15228
1 15774 9467 16032
1 13466 9152 820
1 3252 11946 15144
1 2759 15613 11948
1 11948 5400 2759
1 11949 15246 1476
1 11951 2114 3979
1 10963 13956 10236
1 10594 14334 8304
1 10857 14334 10594
1 14755 12125 14995
1 11657 4720 8269
1 13885 8919 1421
1 2971 2970 15716
1 15712 1601 9144
1 9144 1601 2443
1 3005 11963 9724
1 2967 3145 11963
1 11263 10433 10876
1 11007 2416 283
1 14271 14256 11967
1 13589 11967 14256
1 11968 13883 15989
1 11968 15920 13883
1 1852 7637 2924
1 5062 7637 10541
1 9646 11011 14874
1 11893 11270 9393
1 100 11976 9280
1 11978 16205 6486
1 15359 15360 11124
1 8092 11985 14688
1 10781 2739 13587
1 10781 15828 2739
1 3244 14011 12395
1 16122 10737 11987
1 13900 11677 14914
1 215 191 15243
1 12510 10763 6819
1 9572 10763 12510
1 11886 11253 14831
1 8070 16001 11997
1 16100 861 8512
1 13943 4472 17
1 15499 15321 15232
1 9513 9509 13246
1 7062 826 11262
1 8402 1235 16292
1 3549 3548 10251
1 12314 16151 12312
1 9287 9977 16148
1 9287 15774 9034
1 7339 9933 9824
1 12012 15911 13310
1 16075 15149 11882
1 13137 10193 11583
1 12368 5583 8795
1 6162 8795 5583
1 12014 4507 10803
1 12796 13746 12015
1 12015 4578 12796
1 15288 15472 5107
1 5097 969 14228
1 12021 9430 13118
1 13118 15305 12021
1 10251 13136 10252
1 7433 12027 13283
1 15283 9694 12028
1 9694 16000 12028
1 10963 10236 16285
1 13954 10963 16285
1 9537 15111 6614
1 15111 7383 6614
1 14476 12030 11605
1 14476 16028 12030
1 163 14056 12213
1 191 163 12213
1 467 12035 10504
1 467 3258 12035
1 12738 10083 10956
1 12738 12685 10083
1 11024 9497 15858
1 9497 15859 15858
1 10431 12042 8262
1 11645 8262 12042
1 13942 1564 12044
1 1564 13964 12044
1 9321 16061 16062
1 16061 8263 16062
1 11319 11339 13910
1 9438 13039 9439
1 15833 14890 14492
1 14347 16239 15875
1 11464 14325 13078
1 13848 13078 14325
1 13496 12050 292
1 12051 966 7483
1 7254 966 12051
1 56 12349 40
1 12955 12053 15830
1 12054 28 21
1 12054 21 9777
1 2401 6589 2117
1 6589 6901 2117
1 86 89 11013
1 89 1698 9311
1 11642 15238 15964
1 15450 12988 15233
1 11582 12586 12062
1 7116 11896 4673
1 12658 4267 12856
1 12658 3305 4267
1 15867 12064 10157
1 12065 16007 8305
1 8061 16007 12065
1 5838 10164 8064
1 7526 15095 11898
1 15545 6338 5910
1 10475 5910 6338
1 11892 4619 11782
1 9065 14381 137
1 13685 14381 9065
1 15935 15937 15902
1 15935 4946 15937
1 11285 10445 14128
1 9022 12515 14774
1 14615 10108 7766
1 16090 16097 3763
1 13025 15223 15912
1 14040 12076 612
1 11807 6862 16084
1 14814 3504 12987
1 12996 12622 7757
1 11424 14324 11864
1 7653 9746 4074
1 3549 10251 10252
1 5625 16118 14475
1 15218 5625 14475
1 2059 8889 12579
1 16012 1832 4891
1 12087 13439 822
1 948 12087 822
1 5308 834 9458
1 11024 10214 13170
1 14838 1855 13931
1 11048 9513 13130
1 1235 14838 13931
1 12376 12950 16302
1 12950 16081 16302
1 3854 6225 7543
1 12092 9332 13290
1 13882 8808 597
1 11048 10251 3548
1 12096 16251 8110
1 12075 13966 10855
1 9328 7495 134
1 16186 12097 4074
1 12098 7723 849
1 7841 12099 955
1 7841 6278 12099
1 12099 12404 955
1 5428 6297 5146
1 6297 5428 12075
1 16023 9574 1868
1 4267 12102 14709
1 12102 10127 14709
1 15822 3912 15428
1 15174 12104 246
1 12107 16119 16296
1 16296 16035 12107
1 11544 3258 7009
1 5801 15942 9031
1 14779 14497 11301
1 1868 16024 9581
1 11084 11445 11553
1 3256 11221 3244
1 8937 11479 16201
1 15805 14324 8388
1 7074 12122 10298
1 7831 12027 7433
1 128 153 2284
1 15855 8954 12125
1 15418 13615 12126
1 14227 12126 13615
1 15736 12127 985
1 10358 2961 12533
1 13513 12086 6267
1 13238 9476 11357
1 2090 7108 11807
1 12113 11162 9358
1 8794 10374 10864
1 11543 12096 9832
1 11543 11114 12096
1 12208 12504 13657
1 8609 12928 4068
1 13933 13253 16034
1 13253 14475 16034
1 10755 15573 3257
1 10291 9192 16119
1 13671 12404 12135
1 12150 14288 12304
1 14113 10423 13072
1 15434 239 5203
1 16246 6784 11744
1 4891 12140 10298
1 784 3774 12143
1 15249 12143 3774
1 10155 11133 326
1 10754 13538 12146
1 15077 12260 12413
1 13672 15077 12413
1 12355 15168 9758
1 12355 13910 15168
1 10159 208 235
1 8308 15573 11221
1 3256 8308 11221
1 122 12155 154
1 14312 154 12155
1 6600 12161 740
1 15270 1856 16158
1 12169 12823 1444
1 9902 15362 13482
1 10638 12063 784
1 11645 12042 10326
1 13237 13315 9325
1 11586 10689 4095
1 12304 14288 8331
1 1677 12392 8947
1 14653 2178 12179
1 274 14644 253
1 12349 56 10370
1 3196 7260 16180
1 16018 12186 15512
1 8350 8180 15199
1 3559 12475 3055
1 3055 12475 10358
1 1711 12191 2428
1 9893 7841 1934
1 5134 9887 15293
1 15453 12617 3306
1 6103 12241 9923
1 12195 14987 11553
1 15019 14987 12195
1 12054 10449 28
1 14027 10592 4579
1 14027 4579 4589
1 14778 5956 5967
1 14373 12227 7638
1 12086 10918 4304
1 15887 12202 15927
1 11934 180 15180
1 11805 10206 13924
1 10206 11911 13924
1 122 91 9934
1 8795 6162 57
1 1848 11430 12208
1 2993 12209 6414
1 2993 9898 12209
1 15280 10617 3598
1 12472 16085 16052
1 981 5971 9816
1 13312 10564 2230
1 12551 3615 4016
1 7107 4098 15511
1 12287 11263 10876
1 211 11263 230
1 14312 14307 12217
1 2628 12217 14307
1 12218 6457 13171
1 10617 13140 3598
1 15598 1814 11477
1 11345 574 9977
1 13325 9143 2216
1 13447 13325 2216
1 15082 10541 1852
1 15082 1852 10750
1 13586 10593 15037
1 12225 12000 3601
1 16166 13134 7260
1 15042 7260 13134
1 13496 11556 966
1 7483 966 11556
1 15908 15942 13310
1 13577 13310 15942
1 12920 12715 16035
1 4818 7633 12235
1 4818 12235 14823
1 12338 2217 12976
1 12338 12976 7916
1 12237 16003 15998
1 16100 15344 8218
1 9326 12092 13290
1 424 14895 12092
1 12237 16280 15967
1 15566 14840 10680
1 15566 14841 14840
1 11983 14681 5547
1 15497 15598 12242
1 15598 11477 12242
1 14271 14259 13389
1 12882 14493 12450
1 12246 3700 6225
1 15609 12246 6225
1 9867 5531 15293
1 15293 5531 5134
1 4878 11923 3500
1 12980 16110 13019
1 13672 9758 15077
1 10958 12622 2870
1 12316 14567 14551
1 15909 11678 11475
1 15492 12255 13920
1 10662 13920 12255
1 16015 16235 5332
1 16140 11777 12256
1 11436 4360 11791
1 15948 1948 15104
1 15948 14567 1948
1 12899 739 15854
1 14211 13027 3255
1 15821 13027 14211
1 15545 13204 9188
1 16037 15286 11631
1 131 11491 10973
1 11358 11201 14119
1 12169 14848 9147
1 15530 2677 11662
1 2677 8266 11662
1 15519 15729 13522
1 15729 15314 13522
1 12275 14836 11335
1 4165 4937 12808
1 4937 3387 3403
1 10873 12794 9704
1 8993 10873 9704
1 13234 9499 15310
1 13234 5929 9499
1 11971 5119 12272
1 12272 15291 11971
1 8042 11496 10470
1 8352 11496 8042
1 15280 9419 15336
1 13839 12275 11335
1 12442 4313 11459
1 3256 14023 8308
1 14934 5415 9787
1 12202 15276 12294
1 12202 12294 15285
1 15852 15839 12959
1 8390 11164 9436
1 12282 3700 12246
1 15239 15964 12283
1 15975 12283 15964
1 230 11263 12287
1 230 12287 257
1 15519 10430 8180
1 5919 13024 8180
1 3258 8105 7009
1 15922 15335 16273
1 15281 16273 15335
1 2682 11369 8275
1 11369 11297 8275
1 15059 8151 12103
1 3988 9898 2993
1 7145 10082 10435
1 3685 12289 3680
1 11347 12290 15557
1 12778 1617 13032
1 15464 10269 4542
1 4542 10269 4828
1 16025 12293 12657
1 10197 6537 1892
1 10197 1892 428
1 10942 12294 15276
1 13511 12101 12295
1 12295 7063 13511
1 2739 4971 10813
1 11875 105 128
1 10059 128 105
1 13505 14238 8993
1 8993 9704 13505
1 12890 15604 12914
1 14582 15604 12890
1 2934 11260 1576
1 16103 855 12333
1 13966 8957 5188
1 10855 13966 5188
1 13137 8089 11508
1 6490 5768 12301
1 12301 571 6490
1 12854 5382 13912
1 15896 8135 15866
1 15005 15866 8135
1 10872 2543 15437
1 9938 6819 10956
1 8960 5648 3700
1 60 49 15924
1 15924 15950 60
1 11017 11013 2673
1 13973 8461 127
1 127 11805 98
1 98 13973 127
1 358 349 12312
1 15449 8888 9097
1 13002 12313 16069
1 16069 12313 6902
1 334 12314 349
1 10512 12314 334
1 960 12316 12411
1 12064 15856 14741
1 12026 2122 2230
1 11555 12026 2230
1 15951 15277 15334
1 15951 15334 8062
1 2630 14921 239
1 239 266 2630
1 266 239 15434
1 282 14906 6092
1 282 6092 298
1 282 298 4509
1 282 4509 9095
1 13142 10109 9394
1 14837 16192 9733
1 14353 12330 11234
1 15733 7633 15468
1 10646 10293 11138
1 10646 11138 13912
1 3089 14027 9073
1 8797 15553 156
1 156 2307 8797
1 4897 16022 6082
1 849 4780 12098
1 12539 10383 9075
1 9166 10411 1808
1 1848 12208 13657
1 7888 11851 14740
1 15468 9857 15733
1 12338 15488 2217
1 187 156 16026
1 7582 5908 4298
1 8777 7596 10233
1 12987 12344 15953
1 12344 15965 15953
1 40 12349 12439
1 1849 11430 6326
1 15190 12593 15467
1 15324 12593 12772
1 14881 12527 12350
1 13721 11292 9290
1 15332 11292 13721
1 14701 14698 4237
1 12351 267 2922
1 13368 267 12351
1 15778 14423 4989
1 12527 14881 14873
1 6718 11563 474
1 9147 12823 12169
1 12218 268 16083
1 958 12355 5001
1 13143 13910 12355
1 10111 5120 11971
1 826 1314 11262
1 2089 11972 13998
1 12359 14698 841
1 287 12362 260
1 14953 4989 4298
1 12425 235 256
1 8959 235 12425
1 13867 9356 8437
1 16161 13377 10196
1 2730 12093 13222
1 14127 13222 12093
1 12093 2730 3331
1 13765 15243 12213
1 12533 15258 12366
1 11553 12371 11084
1 15539 14112 3331
1 14112 15539 15245
1 6201 7556 8718
1 10619 16086 13645
1 10664 91 122
1 2416 1325 12468
1 14695 11175 4235
1 15272 12377 15346
1 15005 14791 10538
1 9931 820 10254
1 12379 11777 16139
1 4619 11777 12379
1 831 13150 15833
1 9741 13150 831
1 15311 13109 10970
1 79 68 1698
1 13589 7886 12382
1 13589 12382 11967
1 3147 13044 1619
1 12854 6162 5382
1 15975 12389 12283
1 12389 15975 11501
1 133 12391 106
1 15825 3312 272
1 8152 16290 13853
1 16290 16195 13853
1 8105 10865 11079
1 7009 8105 11079
1 11079 15020 7009
1 14001 14914 11677
1 15498 12658 4265
1 15185 11407 15936
1 6794 11621 16038
1 12316 15078 12411
1 12122 7074 14452
1 9529 863 13035
1 10409 14158 14176
1 11975 12403 5123
1 13877 11487 7527
1 14892 9814 14492
1 16264 604 1769
1 12084 10895 10880
1 15830 12084 12955
1 280 6146 16055
1 1024 12410 7925
1 12410 1024 1068
1 12415 11474 12704
1 12704 10932 12415
1 13010 7024 9774
1 6978 4915 12161
1 6694 11345 2107
1 11345 9977 2107
1 14885 12758 14849
1 11658 93 12505
1 12505 11805 13656
1 9800 16256 971
1 9800 6256 16256
1 4818 10864 15732
1 12422 3325 9897
1 13106 12422 9897
1 14389 12423 8947
1 8947 12423 15152
1 8959 15243 10159
1 16227 15243 8959
1 277 12425 256
1 15286 12426 15472
1 15286 16037 12426
1 8715 12427 15865
1 12429 8941 14803
1 5428 124 11891
1 1576 3029 12569
1 12569 3029 14727
1 16073 6501 12831
1 14837 16101 12436
1 12436 16192 14837
1 7531 13718 718
1 8 16 10563
1 7925 12410 15613
1 15727 13238 6517
1 1129 8047 12296
1 12441 12296 8047
1 13227 15216 11753
1 16097 1705 3763
1 267 9465 11021
1 296 268 13171
1 296 11623 268
1 13171 268 12218
1 10301 11150 16127
1 15017 11551 10527
1 15864 1815 12172
1 14497 13846 9817
1 775 12441 15800
1 15021 11544 15020
1 94 12442 117
1 94 12493 12442
1 117 12442 11459
1 15236 15961 15952
1 11981 4148 11526
1 10430 5919 8180
1 12464 11596 16289
1 12657 12293 9444
1 298 6092 5999
1 298 5999 15055
1 15460 4509 298
1 10913 9142 14395
1 10254 7045 5888
1 294 13637 9465
1 11550 16252 11055
1 5327 12452 1231
1 7242 12452 5327
1 10527 16252 11550
1 14439 15562 12455
1 15941 5801 13230
1 9461 12359 841
1 11341 11978 6486
1 4136 13940 12457
1 12458 15474 16043
1 14649 12458 16043
1 14962 12459 15514
1 296 12142 11623
1 11453 13721 4232
1 9570 9406 13392
1 252 3856 229
1 12707 15426 3856
1 10630 12661 9389
1 9389 12661 1961
1 15086 15721 12508
1 12376 12091 6467
1 10857 14333 14334
1 13021 14282 16063
1 8431 16063 14282
1 12468 275 295
1 7691 275 12468
1 176 1823 155
1 9205 15943 13566
1 11678 15943 11475
1 15939 14439 11793
1 2064 11170 15357
1 11969 15234 841
1 9988 16040 14651
1 16040 9988 16044
1 15958 14815 8609
1 15774 10500 9467
1 10500 15774 16082
1 8760 878 7987
1 6946 10940 9993
1 15948 11152 9872
1 15042 7263 15051
1 9753 10975 14911
1 15782 13137 11508
1 16203 13386 13383
1 15959 15967 12486
1 7596 8777 12506
1 12588 5549 1109
1 12588 9674 15253
1 11341 6487 11978
1 6517 6575 15315
1 11892 11059 14701
1 969 1808 10411
1 969 10411 10216
1 11305 14838 1235
1 15323 15498 12496
1 15327 15323 12496
1 5014 16193 1586
1 16236 8032 15739
1 1705 801 6854
1 16297 16093 9472
1 12669 3491 12561
1 7082 103 12561
1 16045 11981 12403
1 12403 11981 5123
1 12499 1476 14113
1 12499 2065 1476
1 14919 16271 9668
1 14919 9668 5097
1 878 1526 10712
1 8180 13024 15199
1 13024 14468 15199
1 8208 10857 10594
1 15426 8208 10594
1 14987 12371 11553
1 15785 12195 11553
1 1848 13657 12502
1 11727 1848 12502
1 11007 257 12287
1 10300 11736 12504
1 959 16255 8602
1 12505 93 98
1 13973 98 93
1 7472 10111 15291
1 13987 1660 1658
1 15477 1658 1660
1 11878 15232 15321
1 12508 15721 773
1 12508 773 15810
1 9572 12510 15874
1 14584 15535 15778
1 8905 4525 4524
1 9771 12298 10542
1 3721 4592 12687
1 2817 13810 11272
1 12926 10772 14590
1 122 9934 12155
1 15537 2689 14079
1 10913 10895 11242
1 10913 14395 10895
1 14823 6889 14653
1 12518 16134 14651
1 14651 16040 12518
1 11692 8281 9584
1 11365 13848 13850
1 11692 8283 8282
1 11623 4016 268
1 16236 9836 16013
1 14978 6934 11662
1 282 9095 263
1 16129 263 9095
1 9367 806 9538
1 15185 15261 11407
1 11603 14919 16272
1 11603 16272 15284
1 10772 15439 12522
1 12522 15439 15272
1 15855 13712 12523
1 13107 858 14417
1 15153 858 13107
1 1787 13206 12989
1 1705 3050 3763
1 7544 3306 12617
1 304 10393 317
1 15562 7923 12455
1 15086 12508 9039
1 12314 12312 349
1 7359 16257 7028
1 15900 7581 9355
1 4985 7581 15900
1 8305 15335 14926
1 15197 12528 7845
1 7845 12528 11854
1 5630 9819 11931
1 9809 9819 5630
1 12529 6539 15362
1 12529 15362 9902
1 4017 2122 12026
1 1617 6781 11482
1 371 342 363
1 16023 15554 8100
1 15554 4726 8100
1 7637 12051 2924
1 7952 10293 12709
1 11805 12505 98
1 15720 1604 2950
1 4578 11928 12796
1 15229 3303 13182
1 286 289 15098
1 286 15098 12398
1 15990 10865 7041
1 1564 5188 13964
1 5188 7757 13964
1 9581 16024 5016
1 3055 10358 3124
1 14990 12542 2877
1 16099 318 16108
1 10159 183 208
1 15281 8305 16007
1 15830 11242 12084
1 15322 13000 15324
1 13000 12567 15324
1 12941 10623 11592
1 948 15354 16265
1 6517 7408 6575
1 16103 12333 12550
1 12550 11937 16103
1 15130 15447 2284
1 8797 115 11611
1 16012 4891 12552
1 9774 7024 13936
1 7024 8991 13936
1 6911 349 358
1 12554 7420 5880
1 12539 12556 14432
1 10212 16306 3109
1 3031 2990 12557
1 16186 12557 2990
1 15037 12896 3032
1 3185 12560 15273
1 16157 12560 3185
1 3898 16076 12901
1 13496 16076 3898
1 7082 12561 10247
1 9570 13392 15466
1 14035 4548 11265
1 4548 14035 13027
1 1849 6326 1850
1 16139 14346 5115
1 1849 1850 9248
1 10288 7582 14423
1 12477 16126 4828
1 6501 14673 12831
1 127 1749 10206
1 127 10206 11805
1 1749 127 9371
1 12339 107 11874
1 5864 3700 12282
1 15973 15597 11870
1 157 15523 10745
1 15468 15324 12567
1 16050 4719 15555
1 15026 16050 15555
1 3583 15712 15144
1 3583 15144 16057
1 15463 15325 10224
1 15453 10224 15325
1 1576 12569 2934
1 9391 13913 9343
1 14194 13523 12574
1 13325 11884 12391
1 8134 102 15898
1 10768 2995 12533
1 10904 16277 5535
1 11400 6700 12063
1 12576 15489 285
1 15150 16206 13233
1 15150 13233 4783
1 532 12578 16000
1 3255 12583 14211
1 15489 12798 285
1 5854 16056 15145
1 264 12045 285
1 96 5549 12588
1 96 12588 15253
1 15948 1398 14567
1 14027 2564 10592
1 15574 10592 2564
1 4507 12014 15734
1 10261 15307 15742
1 12459 15307 10261
1 133 11468 12391
1 15365 10735 16176
1 10959 16028 14476
1 12592 755 10310
1 1777 15813 12348
1 851 11882 4777
1 14695 11744 13271
1 15467 12593 15732
1 1122 10771 6901
1 6500 6694 12595
1 958 12404 12099
1 12921 2547 7292
1 4964 15938 7072
1 12965 11911 7118
1 11911 12965 13924
1 213 15454 233
1 11256 213 233
1 11976 100 112
1 5001 12404 958
1 252 15274 12121
1 5630 11931 13956
1 7723 273 251
1 5324 13544 13025
1 11891 9255 12075
1 7097 14930 2726
1 10087 16214 2643
1 7421 12605 6982
1 14325 6982 12605
1 5359 10839 13109
1 5359 7505 10839
1 7505 5359 3533
1 12557 2977 15257
1 9206 1848 11727
1 16093 12607 16296
1 16296 12607 16031
1 5535 9724 11586
1 9007 5535 11586
1 10564 1904 2230
1 1712 14578 7562
1 1712 7562 5699
1 12965 12545 11464
1 4238 10917 5775
1 15602 12611 10082
1 10082 12611 15428
1 254 13141 4235
1 246 12104 260
1 11102 11487 14914
1 5366 3325 12613
1 12613 3325 12422
1 15153 6992 16074
1 10478 11736 9434
1 3239 1314 826
1 16214 10087 15903
1 15214 15846 12790
1 14892 14492 14890
1 10206 1749 14885
1 14885 1749 12892
1 12621 15994 10975
1 15994 12621 11114
1 13242 8022 14765
1 10035 13721 11453
1 11911 10206 14885
1 10541 7637 1852
1 11598 15076 11084
1 12625 16219 15211
1 12028 12578 15997
1 7555 15897 12627
1 13900 7555 12627
1 14981 8103 12586
1 12256 11777 8739
1 7207 10322 740
1 12502 13830 7919
1 12396 13945 13692
1 13961 12631 15090
1 15090 12631 15908
1 16180 12633 3196
1 7361 3196 12633
1 6521 15453 3306
1 6216 4313 8247
1 8024 7642 15421
1 15924 49 32
1 15924 32 15883
1 12391 11884 9138
1 12928 12637 16283
1 12637 12928 9625
1 9978 16096 15219
1 12642 209 190
1 2217 209 12642
1 6501 6500 12595
1 10077 14712 11600
1 3147 14712 10077
1 12646 13940 4136
1 15353 12647 14467
1 15980 14467 12647
1 12698 7932 15326
1 8401 14921 12649
1 12649 14921 12896
1 5332 12652 16018
1 9374 16018 12652
1 12301 7731 571
1 13211 7472 14652
1 15065 11477 1814
1 10300 9434 11736
1 9430 9438 10986
1 11190 14031 15778
1 15488 14242 9498
1 9498 15426 15488
1 9787 12430 3774
1 10252 9454 7867
1 10252 13237 9454
1 10097 7074 15935
1 8964 10097 15935
1 139 12851 2856
1 14231 2856 12851
1 11673 10409 14176
1 5607 13262 11944
1 15805 9049 15609
1 15805 15609 11864
1 9809 5630 15576
1 11583 13252 12656
1 14914 12656 11102
1 3305 12658 15323
1 15885 5615 12565
1 12903 12243 5305
1 10469 10094 15083
1 11474 6421 12704
1 8990 7845 15196
1 4198 15196 7845
1 12661 15082 1961
1 1914 12184 15097
1 15097 12184 13589
1 13589 12184 7886
1 2961 15718 10320
1 4265 9290 11292
1 15498 4265 11292
1 11279 5910 6342
1 14694 5954 4234
1 4946 15935 7074
1 14803 1969 12667
1 5062 7254 7637
1 7637 7254 12051
1 5016 12669 111
1 103 111 12669
1 12290 8670 15557
1 16185 5635 16188
1 12675 10450 15298
1 12907 13698 10026
1 14780 13698 12907
1 10298 4894 12552
1 4891 10298 12552
1 16140 16142 5107
1 14679 6505 6211
1 6211 6505 2197
1 8047 15801 12441
1 16135 16139 11777
1 9856 69 86
1 14554 5961 15807
1 2599 14653 6889
1 381 11914 387
1 14680 12690 2110
1 15255 9248 10304
1 15255 7427 9248
1 13252 4797 11102
1 13252 11102 12656
1 8073 7653 7652
1 7653 8073 9746
1 13538 11851 12146
1 2416 12468 295
1 6103 12694 9317
1 15505 15477 15491
1 10752 11149 15467
1 8250 12900 14275
1 8273 7309 8250
1 13033 12698 9461
1 15610 12005 150
1 14828 354 16121
1 9681 12961 14500
1 4100 11303 16187
1 16121 354 370
1 9857 8303 15325
1 14008 12702 16252
1 8503 11999 132
1 11548 15742 15307
1 252 12707 3856
1 12709 10012 7829
1 11242 15830 14353
1 10712 1526 2481
1 2481 1526 14953
1 6577 12713 11715
1 10630 3583 15817
1 16035 12715 6862
1 6862 12715 16084
1 9677 16006 11870
1 15875 12721 14347
1 15437 12721 15875
1 12723 16118 4491
1 14475 16118 12723
1 16225 16299 14475
1 16129 9095 16128
1 15780 15781 9110
1 15781 13851 11790
1 13867 9020 9356
1 15472 15288 15286
1 7416 1934 955
1 7416 955 15162
1 13025 13544 12523
1 14186 12523 13544
1 13025 12523 15223
1 3272 6676 4240
1 12735 11872 16031
1 8742 16102 16098
1 864 16098 16102
1 8503 132 112
1 11049 2990 6954
1 15059 12103 10729
1 1677 5232 14805
1 12172 1677 14805
1 15777 15730 13266
1 13984 1068 11887
1 1024 11887 1068
1 6879 12061 16028
1 6879 16028 10959
1 16251 12621 10975
1 12621 16251 11114
1 11340 12723 4491
1 14268 12053 12955
1 13107 856 6992
1 11033 12285 15013
1 12737 8481 14498
1 6278 1941 15947
1 15947 1941 15103
1 10040 14388 13747
1 11995 13645 6879
1 858 11938 14417
1 15950 14923 2749
1 15950 2749 9702
1 13850 12737 14498
1 1537 10707 10759
1 7097 15826 3331
1 12556 13842 12171
1 12527 12509 12350
1 12350 12509 15840
1 113 11764 131
1 12298 4482 13943
1 9876 10102 971
1 9876 971 9874
1 275 247 4711
1 12766 4812 4524
1 4524 7932 12766
1 15358 8609 2068
1 538 119 12506
1 5859 12506 15105
1 10376 3212 14301
1 10678 12770 15014
1 12770 11079 15014
1 12503 5128 13247
1 12772 12593 15190
1 2221 2234 8516
1 16077 12079 13511
1 5881 15562 11715
1 2565 12773 3261
1 10646 13912 11703
1 7845 11854 3425
1 9258 13363 7154
1 14435 12122 14452
1 10768 12533 12366
1 11562 16205 6487
1 16075 11562 6487
1 11595 11551 14986
1 13926 15246 11949
1 2122 13430 2230
1 13312 2230 13430
1 15215 6138 15369
1 8155 15612 8151
1 14784 8389 11909
1 8389 14784 2337
1 2216 1617 12778
1 1961 12336 9354
1 12336 1961 15082
1 10551 12203 10301
1 15462 8181 10752
1 15213 12407 12790
1 11082 16252 10527
1 168 194 16021
1 477 13201 12974
1 12657 12795 4726
1 11744 14695 13141
1 15800 10510 775
1 15355 15810 10559
1 1711 8670 12290
1 14741 15868 10157
1 3680 12289 14734
1 10538 8937 9127
1 11928 7652 4169
1 16208 299 12797
1 12121 12797 279
1 2229 264 12798
1 13031 12799 11562
1 6508 13002 10700
1 6992 13802 11008
1 280 16055 255
1 14283 8281 8282
1 12758 221 240
1 9798 14210 12806
1 12773 12806 14210
1 8609 14815 2068
1 11938 14837 9733
1 15364 11892 11782
1 11246 3771 5622
1 14211 12810 9151
1 12583 12810 14211
1 11272 13973 13434
1 11272 13810 13973
1 10492 12834 4627
1 10492 12818 12834
1 1564 10855 5188
1 6978 6600 13587
1 6978 12161 6600
1 10973 15789 6360
1 16178 3658 16138
1 16267 12284 8167
1 6632 1370 2281
1 16212 12047 12428
1 10700 1370 6632
1 11370 3460 14791
1 15203 12819 15420
1 12819 10648 15420
1 11178 14595 9425
1 11607 14193 15221
1 12778 2234 2216
1 6500 6498 11345
1 11860 15429 12611
1 10080 12823 9147
1 166 12824 190
1 15469 12824 13176
1 10958 2870 11697
1 13044 3145 1618
1 15150 13800 4777
1 16003 12237 8076
1 114 135 12923
1 14749 15136 8960
1 1814 11042 15065
1 15065 11042 8155
1 13839 11938 9733
1 14155 12825 416
1 12825 14155 15194
1 14822 5319 13211
1 15866 15005 9595
1 12434 15358 2068
1 4590 12434 2068
1 474 11474 15804
1 15119 4255 15123
1 15804 11474 12415
1 12415 10932 15804
1 15276 15999 10942
1 15344 16194 12829
1 12270 15344 12829
1 15215 10916 6138
1 3598 15799 16005
1 13846 10048 11365
1 12574 13523 1969
1 15343 16306 12833
1 16008 191 8033
1 15298 14275 12675
1 12045 11744 10536
1 13839 11335 14417
1 14417 11335 856
1 4345 12810 12583
1 15107 12842 9872
1 14584 1526 12844
1 14584 12844 15535
1 16255 11319 10147
1 12657 13984 12795
1 12819 15203 15200
1 9644 15121 13823
1 8960 9648 14749
1 5319 14823 14653
1 15132 15255 10728
1 160 14206 12851
1 15796 11584 13830
1 15119 14021 5356
1 15332 9630 15331
1 13721 9630 15332
1 14472 143 110
1 12362 6486 260
1 16067 260 6486
1 76 66 12854
1 12917 12854 13912
1 13036 6385 14680
1 13036 14680 2110
1 4265 12856 14709
1 12658 12856 4265
1 13576 12858 8065
1 9832 15016 11543
1 5324 11507 13050
1 8516 13323 11875
1 11895 6487 14679
1 15876 15525 12877
1 15429 11860 14850
1 14690 6071 12831
1 13798 12870 9452
1 13798 12799 12870
1 12179 10204 11975
1 9574 10518 2320
1 12061 6879 12873
1 13645 12873 6879
1 15528 10155 8958
1 11823 12097 9182
1 5519 15860 5794
1 15890 15876 12877
1 13020 12878 14582
1 3379 12878 12341
1 12879 163 16008
1 135 163 12879
1 15343 13931 1855
1 7653 12881 4169
1 12881 7653 12097
1 12496 6469 15327
1 14203 15152 13536
1 4305 15891 10990
1 6911 334 349
1 5971 15292 7052
1 2428 8670 1711
1 10668 15978 12885
1 12885 15978 14468
1 12765 97 115
1 2234 12778 9886
1 12117 13551 12969
1 14384 14814 15969
1 12824 12642 190
1 15272 12924 11172
1 16065 13052 12659
1 13052 14961 12659
1 9258 12890 15444
1 4234 15499 9673
1 5197 3630 12891
1 9549 2110 12690
1 1749 186 12892
1 12351 1600 2443
1 10542 12418 5894
1 12661 10541 15082
1 5801 9031 13230
1 12896 2630 12620
1 2780 288 16181
1 11840 288 7372
1 13031 11562 16075
1 13031 16075 11882
1 12897 10179 137
1 6592 10563 15551
1 265 7281 11004
1 238 265 11004
1 238 16076 265
1 12899 15854 13961
1 12899 13961 15090
1 12675 14275 12900
1 15037 11637 13586
1 15130 15037 10593
1 11386 96 11741
1 12904 15252 659
1 9728 15252 12904
1 7852 15870 11370
1 16300 16035 10235
1 16254 13886 7131
1 7131 8000 16254
1 16004 12905 8047
1 15801 8047 12905
1 10483 12818 10260
1 13266 9830 15530
1 14499 5967 12907
1 287 12142 296
1 287 296 13171
1 14038 2597 3176
1 2597 7118 3176
1 7389 16131 10068
1 16172 16248 13367
1 10768 12366 4077
1 9800 971 10102
1 12890 12914 15444
1 16256 11120 971
1 11120 9872 12842
1 15997 16002 16001
1 13577 10193 15102
1 2059 15240 8889
1 6275 2016 11869
1 10617 16273 15281
1 11501 16002 532
1 12766 12686 10374
1 14186 8236 12523
1 15462 12686 12766
1 15955 14813 14812
1 76 12917 82
1 76 12854 12917
1 8958 11453 9983
1 16031 6871 12920
1 16296 16031 12920
1 3518 8645 12006
1 13536 8949 12855
1 15879 12921 11803
1 15563 13132 4985
1 15346 5889 7250
1 15273 15347 12914
1 8333 15742 11548
1 15712 11260 1601
1 12879 15999 12923
1 15449 8733 8026
1 15449 6921 8733
1 10623 12932 13544
1 12924 15346 7250
1 1808 15282 9166
1 12925 14726 15496
1 14581 10772 12926
1 14581 12926 6030
1 16022 12554 6082
1 8250 7309 12900
1 15472 14345 5107
1 12920 6871 12715
1 14949 8880 15741
1 10623 12941 12932
1 1109 14292 12380
1 1109 12225 14292
1 12990 8670 5897
1 11778 11055 11114
1 10157 15868 11567
1 15947 15103 9905
1 66 6162 12854
1 13586 1892 10360
1 6019 12572 13920
1 4590 14030 12434
1 10786 8957 11253
1 334 323 13206
1 10512 334 13206
1 8070 11557 11442
1 12284 7852 11370
1 11798 5359 13109
1 15312 11798 13109
1 16257 6256 9800
1 16257 9786 6256
1 13882 597 12702
1 6289 2730 12945
1 12945 13222 14918
1 16183 10463 10446
1 11874 139 2856
1 15436 7410 12510
1 12275 13839 10170
1 13839 16195 10170
1 12799 13031 12870
1 8595 9905 15103
1 11256 233 253
1 10563 16 12953
1 15971 7855 7781
1 4729 10707 1537
1 6505 6457 2254
1 11341 6457 6505
1 10638 11400 12063
1 12958 6144 16090
1 6144 12958 16191
1 13253 13933 9021
1 14849 14038 14885
1 6508 12313 13002
1 5630 13956 12961
1 13106 9897 8497
1 14128 12963 10423
1 14128 2734 12963
1 2759 12103 7925
1 7118 12545 12965
1 15143 15144 11946
1 503 890 12969
1 12117 12969 890
1 16263 10900 8061
1 10900 16007 8061
1 959 13855 11339
1 4789 12972 16073
1 16267 2094 14910
1 15317 15612 10302
1 12127 15317 10302
1 16297 12735 16031
1 15054 14210 2564
1 12971 15224 12677
1 538 8038 119
1 9258 7154 12890
1 8612 15264 13306
1 10330 14030 2566
1 9681 10330 2566
1 15274 14571 15208
1 15274 15208 15441
1 284 985 297
1 284 297 16173
1 985 284 11538
1 12981 299 16208
1 12981 15825 272
1 13252 15013 12285
1 3988 9434 7427
1 9718 9166 15282
1 7953 215 210
1 7953 191 215
1 12987 3504 14813
1 12981 272 299
1 10301 12203 9703
1 9741 12943 7421
1 12035 3258 12690
1 12670 1881 908
1 13372 12377 15439
1 305 11392 12989
1 12989 313 305
1 6592 15551 3612
1 15238 2064 11755
1 11755 15956 15238
1 15882 11056 6465
1 4906 12990 5897
1 13267 15557 12990
1 3379 13352 12878
1 7023 13352 3379
1 16166 12994 2783
1 16172 12994 16166
1 7302 12996 1410
1 1410 12996 7757
1 9923 11037 14832
1 15786 10527 11550
1 12436 16101 13175
1 16206 15149 10325
1 13000 15322 14917
1 14656 5434 2733
1 14929 5434 14656
1 7004 14128 14113
1 15076 11598 13242
1 103 12669 12561
1 12260 959 12411
1 14340 13010 1764
1 14203 15853 15152
1 14203 12941 15853
1 15229 15322 13122
1 15451 13122 15190
1 15451 15229 13122
1 16197 12980 13019
1 3425 11854 12101
1 12341 12878 13020
1 13022 14340 13027
1 13022 7024 14340
1 8880 15901 12243
1 114 95 9054
1 114 15928 95
1 7672 13324 11366
1 14071 13324 7672
1 6289 12945 13348
1 13348 11893 6289
1 15846 15849 15841
1 15214 15849 15846
1 15218 7704 15775
1 7545 13703 13291
1 14231 3264 2856
1 14018 2856 3264
1 13867 164 15217
1 10035 416 15231
1 12096 8110 9832
1 14350 12045 264
1 12066 10627 8331
1 15786 11550 9582
1 9582 9109 15786
1 13577 15942 11033
1 11541 13036 2110
1 15283 11603 15284
1 494 13285 2628
1 13038 14476 9978
1 13973 93 13434
1 11170 2064 11642
1 7420 13069 5880
1 9430 13319 13039
1 9438 9430 13039
1 9947 12574 1969
1 12929 13040 12881
1 4169 13040 14376
1 13044 3008 3145
1 15118 15511 15512
1 15511 15118 15104
1 13080 14653 2599
1 5324 13050 11506
1 974 16167 1791
1 612 16167 974
1 10524 13980 13052
1 10770 83 7910
1 7059 11930 12117
1 12117 11930 13551
1 13054 8528 12141
1 16260 13024 14467
1 5371 10445 11285
1 15328 15452 13274
1 9151 13262 5607
1 9151 15572 13262
1 10647 5305 15564
1 9673 15455 15228
1 10247 8052 150
1 15601 150 8052
1 7420 15108 13069
1 9467 13070 16032
1 12462 12447 13585
1 16298 16032 13070
1 1231 15495 13072
1 10122 12462 13585
1 7009 15020 11544
1 10048 13078 13848
1 16045 2178 13080
1 1835 8103 6118
1 11839 1835 6118
1 12867 574 6741
1 15055 290 271
1 15432 7207 7003
1 150 12005 7082
1 13591 10468 13589
1 12464 14493 12882
1 297 10060 273
1 10060 15612 273
1 12450 14493 11193
1 297 273 15242
1 948 9039 15354
1 4424 12908 16248
1 9093 12304 10627
1 9093 12150 12304
1 11120 12842 971
1 15150 4783 855
1 4860 12422 13106
1 856 13107 14417
1 3945 9068 838
1 10464 12449 13603
1 12882 12450 9945
1 12611 15429 13110
1 15822 15428 13110
1 9393 8171 13217
1 13217 11893 9393
1 13233 12364 4783
1 13069 13115 15107
1 9874 15107 13115
1 8064 13230 9031
1 10463 13603 12447
1 6014 10399 7509
1 2883 12576 291
1 13176 12824 166
1 305 311 3597
1 12941 14203 12932
1 12142 12619 13312
1 12955 12084 10880
1 13070 16033 8330
1 13208 15143 16055
1 15144 15143 13208
1 6911 13359 12519
1 13126 8019 15526
1 13126 15526 15877
1 14813 12344 12987
1 15299 1914 10176
1 14439 12455 11793
1 14929 14656 13169
1 334 6911 323
1 15793 9075 11054
1 299 279 12797
1 13132 11879 14770
1 14770 15564 13132
1 16166 2783 13134
1 15042 13134 2783
1 313 12519 305
1 3005 2967 11963
1 16092 8330 9472
1 11056 13126 15877
1 10627 12304 8331
1 12818 10483 12834
1 291 13141 270
1 15292 5971 9867
1 12790 15850 15213
1 15429 14850 10166
1 14330 7221 13142
1 1969 11479 15870
1 13143 958 6278
1 6278 15947 13143
1 15597 11435 12905
1 12179 5319 14653
1 12203 15735 4542
1 9703 12203 4542
1 5230 15147 15812
1 12191 6967 2428
1 12539 13637 12556
1 15793 13637 12539
1 14925 14923 4482
1 14923 15883 4482
1 9741 8433 13150
1 13050 15019 15785
1 12605 14236 8138
1 12605 907 14236
1 237 14350 264
1 10546 12348 15813
1 12881 13040 4169
1 12707 279 8208
1 15777 6934 15534
1 14551 6138 11063
1 14551 11063 12316
1 15285 15926 15927
1 287 13171 12362
1 1777 7175 12347
1 10505 15879 13399
1 13169 3630 15432
1 13169 14656 3630
1 15090 15911 844
1 15428 12611 13110
1 287 260 12619
1 12104 12619 260
1 9732 2547 13179
1 15525 13179 2547
1 7410 11447 15874
1 15601 8052 15600
1 7176 14499 11069
1 7302 2870 12996
1 13991 1663 14488
1 7290 10399 13372
1 10662 12255 13901
1 13175 10287 14330
1 14330 1422 13175
1 12348 5854 1777
1 11854 11151 12101
1 7601 12937 8560
1 12001 7059 12117
1 15418 12126 14307
1 12542 6365 11819
1 15731 15531 15535
1 11744 13141 10536
1 612 7362 6390
1 12554 5880 8383
1 9143 13325 11711
1 16236 6192 9836
1 4267 3306 7544
1 16071 7221 15153
1 10287 15153 7221
1 6267 12086 10483
1 8765 14778 12515
1 11407 15261 15262
1 15437 13179 15876
1 6700 13317 7084
1 11400 13317 6700
1 11538 284 259
1 259 284 16173
1 12522 15272 11172
1 4252 755 13182
1 10729 12103 2759
1 13965 9255 11891
1 14679 6211 13390
1 13181 10399 6014
1 7024 13022 8991
1 9867 6794 16038
1 14685 6663 353
1 12505 13656 11658
1 15450 15233 11573
1 15230 6976 15501
1 12385 12272 15289
1 6955 12341 13020
1 11882 851 14586
1 12348 4600 5854
1 13213 13188 16220
1 13188 12509 12413
1 960 1948 14567
1 690 13802 11116
1 960 14567 12316
1 9255 13965 14831
1 13965 9219 14831
1 16202 3621 12370
1 6064 14289 10261
1 10261 15742 6064
1 1600 11946 3252
1 10445 12891 2734
1 11042 251 8155
1 251 273 8155
1 8097 15959 15958
1 13850 13698 12737
1 16277 3002 3005
1 3002 10320 3005
1 14192 739 12899
1 12213 15243 191
1 13961 11511 15220
1 15965 7451 15799
1 974 1791 13202
1 5035 13202 1791
1 305 3597 11392
1 14146 3328 14111
1 14598 5897 10908
1 5897 8670 10908
1 16180 11366 12633
1 13206 323 313
1 13206 313 12989
1 12355 9758 5001
1 16055 15809 13208
1 985 10060 297
1 15242 10798 297
1 10798 16173 297
1 12509 13188 13213
1 13213 15840 12509
1 15141 1619 1618
1 13044 1618 1619
1 4148 7052 15292
1 14598 10861 10893
1 659 11097 12904
1 11021 12758 240
1 890 90 121
1 13217 8171 4291
1 4291 11893 13217
1 16202 4291 16196
1 13027 14340 1764
1 16168 16111 7365
1 11462 15307 12459
1 11301 9817 11785
1 7458 12667 7852
1 7923 12186 1718
1 5006 16160 6897
1 12457 13269 9790
1 9790 13269 3771
1 13220 13984 11887
1 3252 15712 9144
1 15712 3252 15144
1 15190 13122 12772
1 15216 13227 13678
1 16160 6963 12980
1 856 11335 1767
1 5442 7020 7388
1 12161 5442 7388
1 12161 4915 5442
1 15960 12503 14811
1 12503 15960 5128
1 119 8038 10671
1 15994 11055 12702
1 368 358 16155
1 15973 11870 7781
1 10279 7254 15809
1 178 211 12662
1 237 2229 7353
1 7254 10279 966
1 4777 13800 851
1 851 13800 2089
1 15369 6138 7873
1 16197 13019 10782
1 333 341 13383
1 11271 13383 341
1 8765 12515 269
1 16088 245 16059
1 245 16088 269
1 11084 15076 7766
1 4627 12834 15888
1 12659 14961 15556
1 12504 12208 10300
1 4964 8322 13267
1 12202 11295 15266
1 15538 9463 13446
1 13038 10959 14476
1 864 16102 863
1 2307 6477 115
1 8035 5128 13248
1 135 12879 12923
1 12551 2122 3615
1 8958 416 11453
1 12848 269 16088
1 16280 8035 13248
1 8035 16280 16009
1 13954 14500 10963
1 14500 13954 9798
1 12795 15555 7714
1 15599 10607 15497
1 11909 15497 10607
1 14018 3497 12339
1 7259 6833 16156
1 12808 4937 3403
1 12662 4700 178
1 15494 6994 11703
1 13247 8033 172
1 145 13247 172
1 12503 13247 145
1 15960 13248 5128
1 15014 11079 4797
1 13263 5615 13262
1 313 323 12519
1 6911 12519 323
1 1537 9830 13266
1 13140 13311 3598
1 6014 13634 13181
1 11553 11595 15785
1 11595 11553 11083
1 14228 3771 13269
1 12312 16155 358
1 15343 12833 11991
1 7286 3379 12341
1 13352 15604 12878
1 12001 12160 145
1 145 121 12503
1 121 12160 890
1 15800 11784 12579
1 15800 12441 11784
1 4747 3303 6921
1 11854 6676 11151
1 12455 7923 1718
1 4298 11065 7582
1 7582 11065 14423
1 4310 13125 1138
1 13125 15543 1138
1 14652 8794 13211
1 12429 14803 7458
1 958 13143 12355
1 14472 11514 13176
1 3926 12392 1677
1 232 14670 13285
1 11117 7672 16249
1 15843 13291 13703
1 4068 12928 16283
1 16283 10117 4068
1 14929 13169 7136
1 12477 11621 16126
1 9277 9109 13558
1 12495 10862 10539
1 11435 15952 15968
1 6103 9923 12694
1 15026 13984 13220
1 16159 7672 11366
1 15966 15799 13311
1 12097 16186 9182
1 9393 10782 7094
1 7136 10782 9393
1 16197 10782 7136
1 14811 3497 14816
1 10309 13157 1857
1 15543 1857 13157
1 16253 10756 11862
1 14071 7361 13324
1 13274 11046 15228
1 12404 5001 12407
1 4906 13267 12990
1 9315 10862 12495
1 13586 10360 8566
1 3497 14017 4590
1 12798 264 285
1 13333 494 990
1 121 145 12160
1 16160 12980 7003
1 385 16249 375
1 740 12161 7388
1 13285 494 16307
1 232 16307 7597
1 270 2883 291
1 13181 13634 16161
1 13346 368 386
1 237 264 2229
1 5434 11270 13348
1 210 7353 4596
1 3196 7361 13349
1 16114 13349 7361
1 11899 139 107
1 6911 7200 13359
1 14867 15098 15294
1 386 385 13346
1 232 13285 16307
1 13383 322 333
1 14580 11117 16249
1 14292 3601 15178
1 6014 13354 13634
1 13354 7020 13634
1 13359 311 12519
1 13359 7200 333
1 13360 254 4235
1 5035 13361 13202
1 6935 13362 7122
1 13362 6935 16165
1 13333 7372 281
1 7290 14581 7509
1 4235 11046 13360
1 12878 15604 14582
1 7388 7020 6897
1 11392 3597 11336
1 11719 10918 6342
1 13348 12945 5434
1 6033 16170 13354
1 7084 16203 7506
1 16203 11366 7506
1 14582 13382 5035
1 13367 12341 6955
1 16172 13367 6955
1 8108 299 10323
1 7023 3185 13352
1 8108 8208 279
1 8035 8033 13247
1 8035 16008 8033
1 13386 311 322
1 3597 311 13386
1 331 350 16264
1 13359 333 322
1 7362 974 13377
1 13377 974 10196
1 1645 5583 7975
1 16203 16159 11366
1 16203 7084 13317
1 6033 7509 6030
1 10196 7154 13363
1 7509 10399 7290
1 7361 12633 13324
1 13324 12633 11366
1 16169 10782 13019
1 16169 13019 16110
1 13382 7154 13361
1 12890 7154 13382
1 10196 13363 13181
1 6969 16169 16110
1 16056 15720 15145
1 6014 6033 13354
1 16205 11562 13791
1 13383 13386 322
1 12519 311 305
1 16113 16159 11271
1 13382 13361 5035
1 6955 1791 6446
1 16170 6033 5006
1 6014 7509 6033
1 15614 8229 12467
1 16096 6467 15219
1 12836 7571 12814
1 16079 13747 8529
1 12929 13318 13040
1 4243 13360 15227
1 13313 12620 11840
1 15524 6528 12952
1 7531 14883 8964
1 6781 13615 15418
1 13201 15225 10754
1 15853 15839 15152
1 15839 15853 12959
1 14109 15825 12981
1 8516 11875 15447
1 12971 15225 9383
1 3612 15551 14564
1 16164 7662 6935
1 12833 16306 16106
1 12111 14283 16089
1 15014 13252 12285
1 10523 10525 15547
1 6427 10713 4682
1 15153 13107 6992
1 1767 13802 856
1 11972 14835 13998
1 9683 15277 10324
1 13312 13430 12142
1 13913 9823 9343
1 15552 160 6709
1 9886 13281 13323
1 10923 10638 14553
1 11932 14462 15977
1 16306 6726 3298
1 9439 149 175
1 13430 12551 11623
1 13032 11482 11710
1 13368 14300 10376
1 11249 14727 3536
1 2061 14812 14813
1 1387 5261 14450
1 10500 16082 9883
1 13567 11513 10725
1 10681 7946 14022
1 14688 14022 7946
1 8341 15895 3926
1 13861 14946 1708
1 13392 5049 4521
1 12391 11468 11711
1 15726 13127 13221
1 15718 16048 1400
1 6726 16306 15343
1 15316 13130 13246
1 13130 13136 10251
1 301 309 850
1 12472 16030 11315
1 3029 1576 1610
1 3721 12165 7237
1 11868 5327 16153
1 13170 10214 13145
1 15311 10970 13234
1 10214 15313 15314
1 1705 6854 6856
1 13246 13127 15316
1 1520 15537 1534
1 13145 13221 13170
1 13221 9497 13170
1 13130 9513 13246
1 13221 5505 15726
1 13221 13127 9503
1 383 384 1604
1 13794 8245 16058
1 15779 4446 14313
1 11204 11263 11187
1 4812 12766 10374
1 8263 10352 13794
1 10080 14268 12823
1 14681 16074 11008
1 11192 14268 10080
1 14353 14360 12330
1 10170 16195 16290
1 8566 10360 15448
1 13401 14247 11219
1 11275 13391 9653
1 13166 12026 11555
1 11235 11263 11204
1 16226 16193 5014
1 9898 15122 6388
1 13466 16080 13483
1 15345 13611 15342
1 13611 15345 13998
1 9342 14809 15962
1 12836 16210 7571
1 15791 6371 13643
1 14283 12111 6386
1 10440 320 331
1 12335 9882 7306
1 158 13685 181
1 10179 12897 9819
1 11736 13830 13657
1 7029 16266 3239
1 13511 7062 16077
1 12814 16080 13748
1 16079 13435 13432
1 12814 13748 3421
1 8822 16145 7908
1 7908 8224 16293
1 15834 11658 13656
1 13692 15080 15370
1 8279 10313 13696
1 4098 16015 15511
1 15104 7107 15511
1 7084 7945 6700
1 15319 16183 10446
1 4698 4330 11376
1 13794 10363 8245
1 9964 9143 11711
1 16177 6784 16143
1 7845 3423 4198
1 10771 7721 15197
1 15197 7721 14916
1 15197 7845 8990
1 4017 12026 13166
1 13313 13166 11555
1 10992 15309 15515
1 13765 10159 15243
1 11346 881 10899
1 8333 15728 8334
1 11892 14701 4619
1 5544 6614 15275
1 15561 4946 12140
1 15561 4891 1698
1 9729 14322 13796
1 13796 14327 6705
1 14322 14327 13796
1 12453 13599 10467
1 14256 13591 13589
1 11596 15318 16289
1 14268 11192 13759
1 12450 13759 11192
1 15130 10593 15447
1 16270 2193 14286
1 14247 11191 13585
1 740 7388 15433
1 10676 15506 13766
1 15985 10676 13766
1 13430 2122 12551
1 369 15614 12470
1 10468 13591 12453
1 13591 11197 12453
1 11043 13591 14256
1 14493 13599 9906
1 13603 14248 12447
1 16246 12045 5075
1 1664 1663 13989
1 6854 2193 16270
1 11552 14737 1043
1 15244 16208 16158
1 14323 13392 4521
1 12290 15737 1711
1 6718 12730 12699
1 6854 389 382
1 15168 13855 15077
1 15168 13910 11339
1 10678 15020 12770
1 2281 16147 10152
1 13656 12965 11464
1 10524 13052 16065
1 382 374 6854
1 15571 10542 5894
1 13010 15571 1764
1 328 16108 318
1 15308 15515 11402
1 16070 16204 14450
1 15480 1663 1664
1 14468 13024 16260
1 9644 13859 12081
1 16228 13106 8497
1 13704 12516 15260
1 15370 15212 12396
1 15370 12399 15212
1 10839 7505 10970
1 14845 15565 15569
1 570 16270 14286
1 14550 15551 12439
1 14097 6274 13971
1 15251 15496 8052
1 16078 7063 12295
1 16106 16191 12833
1 15195 14323 4521
1 663 6726 16098
1 2786 16011 12335
1 14681 12867 6741
1 2114 14716 16188
1 13924 12965 13656
1 13926 14142 15246
1 13926 11949 15247
1 7902 15941 8560
1 16154 6972 7259
1 15119 5356 4255
1 13994 16150 15249
1 15167 4629 16176
1 4252 4629 12599
1 4770 16066 4780
1 15436 6819 13058
1 4310 6163 14026
1 15981 6922 7475
1 15340 7059 12001
1 13816 7915 14090
1 8279 13696 14065
1 13816 73 80
1 16157 15347 12560
1 15256 14064 7495
1 2804 13692 13945
1 4016 2622 244
1 15462 12698 13033
1 15560 8383 12713
1 14192 15090 844
1 15135 9644 13823
1 2739 15828 14142
1 13832 13353 10309
1 14749 14490 15134
1 12688 4592 3724
1 10879 9653 14844
1 11275 9653 10879
1 13845 10739 5824
1 14236 11069 14499
1 10026 8138 14236
1 15779 13851 234
1 3312 15825 234
1 2284 11875 128
1 16029 10959 13038
1 3147 10077 13044
1 10668 12885 16260
1 13973 13810 8461
1 15214 12407 9758
1 15371 12386 15162
1 13406 14440 377
1 15850 15846 15261
1 15848 5804 13678
1 11063 15078 12316
1 3300 12988 15500
1 15930 15456 15458
1 16004 1129 15275
1 11719 6465 10918
1 10336 13944 6592
1 15492 11856 12332
1 12063 14934 784
1 13840 4330 10557
1 14244 7916 14958
1 14244 14242 7916
1 4777 15149 15150
1 13234 10970 5929
1 13994 15249 3774
1 15249 14553 12143
1 15720 1606 15145
1 15283 16271 11603
1 15418 11710 11482
1 16193 13998 14835
1 9934 13323 13281
1 12121 16158 12797
1 9438 167 10986
1 9923 15552 11037
1 15736 16051 13220
1 16246 16143 6784
1 16226 10291 13611
1 15539 14146 14111
1 302 314 15194
1 14462 15982 15977
1 9880 13879 16267
1 14569 12962 10874
1 5308 2643 13986
1 784 9787 3774
1 14749 15134 15136
1 13991 15931 15932
1 1663 13991 13989
1 15931 13991 9100
1 13986 2330 5308
1 15929 15931 2651
1 15022 15021 11475
1 1662 9100 13991
1 15929 15933 15905
1 15929 15905 15906
1 11573 15461 15450
1 3089 14029 3261
1 3264 14030 14017
1 10592 15578 4579
1 9549 12690 11544
1 3257 6866 14033
1 16227 8959 14906
1 11096 15466 13392
1 946 14550 12439
1 14029 14030 8449
1 15946 1046 7306
1 12836 14188 14406
1 4193 14188 3421
1 6866 15359 14033
1 3548 15457 3545
1 15138 7866 15578
1 14035 14861 14010
1 3255 14035 14010
1 13989 14195 1664
1 15930 14195 13989
1 14001 11677 15991
1 6494 14201 14313
1 15816 10469 2525
1 3945 15893 10062
1 10304 7930 14083
1 7930 14072 14083
1 14353 11234 14213
1 13032 13281 12778
1 4600 16056 5854
1 14090 7915 10292
1 11315 6862 16085
1 10304 14083 15255
1 14227 14307 12126
1 16137 11398 15167
1 9617 15167 16176
1 88 7915 13816
1 14065 7909 9720
1 5920 951 14422
1 14422 14564 946
1 1854 14072 7930
1 15037 12649 12896
1 9254 14106 9502
1 14083 11450 15255
1 14157 14083 14072
1 14106 15135 14090
1 14106 14090 10292
1 5415 4221 12430
1 14111 14135 14110
1 7004 15246 14142
1 15248 4971 10416
1 1792 14110 14133
1 3331 14146 15539
1 13824 9644 15135
1 14111 15541 15539
1 15778 14031 14423
1 8151 15059 15065
1 12430 15829 1833
1 14614 9980 6967
1 15783 11033 15942
1 15013 10193 13577
1 15020 11079 12770
1 14011 4345 12583
1 15174 10197 428
1 8742 16098 1855
1 14196 10156 15852
1 10971 9678 16116
1 903 9997 15914
1 12272 5119 15289
1 16093 16297 12607
1 14271 13389 10680
1 3325 16123 9897
1 15855 12125 14755
1 105 11875 13323
1 12227 4165 14301
1 10164 15837 14176
1 8692 10269 15464
1 15185 8829 15261
1 9837 14306 11323
1 12950 1705 6856
1 14608 15109 12335
1 14186 13544 12932
1 15014 4797 13252
1 15910 14309 15222
1 10923 11336 11400
1 13446 9463 13685
1 263 16227 14906
1 15576 9681 2566
1 2216 12640 13447
1 12961 15576 5630
1 15436 15882 7410
1 9614 14343 8454
1 12962 14991 15490
1 10048 15834 13078
1 16174 16120 16224
1 14271 11967 14259
1 14256 14271 14270
1 10644 13936 8991
1 14270 13387 11197
1 14248 13391 11219
1 15889 6465 11719
1 14986 11551 15017
1 6901 16189 2117
1 12053 14268 13759
1 15927 12202 15285
1 8692 12014 4541
1 12386 7416 15162
1 11191 10122 13585
1 14247 13401 14967
1 11219 14247 14248
1 14248 14247 12447
1 11235 10029 13594
1 12382 14259 11967
1 11043 14256 14270
1 11235 11204 13592
1 15301 16087 9273
1 15297 16060 321
1 13961 15220 12631
1 16088 16061 15294
1 15795 14021 8646
1 11294 844 15911
1 13991 14488 1662
1 15930 14767 14195
1 9383 10725 15913
1 16094 259 16173
1 14594 15743 15516
1 14594 13573 15743
1 2734 12891 14656
1 2342 15808 3854
1 15419 14308 14303
1 10025 15418 14307
1 15418 10025 11710
1 11482 6781 15418
1 12457 15574 11817
1 168 14312 14670
1 14490 14749 13818
1 15540 5327 11201
1 10954 10969 15610
1 10985 14321 11664
1 12285 15783 15014
1 15910 11040 14309
1 11040 15943 14309
1 8388 14513 15608
1 10925 14329 10083
1 15802 14510 9729
1 12738 4927 19
1 11265 2059 14861
1 10383 14432 15029
1 12539 14432 10383
1 13611 14100 15342
1 14100 16119 16174
1 6420 6718 12699
1 158 14381 13685
1 5119 8290 16146
1 355 16294 16144
1 14242 12338 7916
1 16175 11782 16146
1 2677 15530 10288
1 15530 7582 10288
1 5123 16137 9617
1 14346 11964 5115
1 5120 11975 5123
1 14346 14345 11964
1 1448 150 15601
1 11269 11267 11215
1 10433 11267 10876
1 14354 14270 15568
1 14213 13387 14354
1 13401 10879 3143
1 4889 14466 13401
1 12833 16191 11991
1 14360 14353 15830
1 15614 377 14440
1 14270 14354 13387
1 159 1862 134
1 13824 14106 9254
1 13824 15135 14106
1 13040 13318 14376
1 13964 11037 12074
1 12528 14916 11854
1 7845 3425 3423
1 16130 16124 16121
1 11269 11215 14466
1 4889 11269 14466
1 15500 12988 15450
1 14436 570 2224
1 5261 14436 2224
1 324 317 15537
1 14157 14490 13818
1 4154 14343 7638
1 6663 2224 570
1 15471 1666 14195
1 7652 7653 4169
1 16124 9094 9284
1 14529 9257 16116
1 15576 12961 9681
1 9894 12901 14373
1 15359 11124 3504
1 14739 14755 14995
1 14740 14739 14120
1 3423 14406 4198
1 16210 12836 14406
1 15207 7439 7632
1 11334 14353 14213
1 14564 15551 14550
1 14097 1934 7416
1 16220 15840 13213
1 951 7761 14422
1 4619 12379 11782
1 11557 15975 15957
1 16150 10458 16152
1 16224 16173 10798
1 15107 9874 12842
1 946 10370 15944
1 8476 6350 12220
1 8037 13576 15940
1 105 13323 91
1 11249 2934 14727
1 16243 15560 6577
1 13850 14498 11365
1 16243 6577 9824
1 12990 15557 8670
1 13902 842 15984
1 14469 10470 15199
1 15784 13566 15016
1 15318 12675 16087
1 15201 14288 7138
1 10662 15420 6019
1 15976 10676 15985
1 16153 2011 3660
1 1749 13895 186
1 1777 2705 15813
1 797 14227 13615
1 14569 7302 1410
1 6854 16270 6856
1 1711 16020 12191
1 1666 15481 15484
1 15419 14103 14308
1 14303 11468 15419
1 10357 8503 112
1 12687 4592 12688
1 15778 4989 14584
1 14805 8941 12429
1 10393 14273 9763
1 2689 10393 9763
1 318 346 328
1 4177 3421 3417
1 11262 1314 14975
1 14499 12907 10026
1 6714 14499 7176
1 14499 10026 14236
1 9817 13846 14498
1 15132 15122 9898
1 15725 14594 15516
1 2542 10961 14513
1 8281 11692 8282
1 7310 6972 14576
1 15604 13352 15273
1 10961 2542 14321
1 15983 12819 15200
1 10281 15188 4833
1 10969 10954 2554
1 15369 14552 12424
1 10083 14329 9938
1 14346 16139 16135
1 9732 14324 2547
1 10745 1448 14319
1 14327 14322 14554
1 6486 16205 16067
1 16101 14837 11938
1 15960 14811 14816
1 3950 14772 11588
1 9863 9537 6614
1 15104 11152 15948
1 14008 16252 11862
1 13401 11219 11275
1 11275 10879 13401
1 14564 14422 1409
1 14241 216 14570
1 15443 6746 6702
1 11964 14345 15472
1 12890 13382 14582
1 4698 101 125
1 14580 16249 6435
1 15442 15445 15486
1 16019 5881 9808
1 16017 16022 16016
1 14608 7433 15109
1 16217 12399 8369
1 10122 11191 13594
1 95 15928 15266
1 14782 881 11346
1 11346 14783 14782
1 10458 16157 16152
1 7831 7433 16014
1 15927 15926 15887
1 15298 11178 14275
1 14890 11860 15602
1 3658 14335 11914
1 13860 10085 15781
1 168 16021 4897
1 5332 15511 16015
1 10725 11513 15913
1 10786 11253 11886
1 16016 15114 10021
1 15105 10021 15114
1 4308 15482 14483
1 345 361 351
1 361 345 369
1 7339 11715 9646
1 8325 11611 16304
1 5583 11588 7975
1 11464 13078 15834
1 15291 12385 9988
1 12459 10261 15514
1 16020 6967 12191
1 14786 3685 14726
1 3685 3680 14726
1 16006 9683 10797
1 16134 14654 11779
1 13238 11357 11073
1 13849 9126 1533
1 15475 15482 4308
1 5442 16161 7020
1 15787 6416 8121
1 3545 15456 15857
1 4360 15895 9578
1 15882 6465 15889
1 12659 15556 4700
1 12467 14259 7886
1 15796 9647 11584
1 5400 15060 14734
1 15440 6401 15205
1 15351 15270 14573
1 15364 6418 11892
1 11083 15995 11749
1 15266 116 95
1 14875 9933 15845
1 14454 15901 8880
1 6501 12595 14673
1 12639 6492 9089
1 14679 11341 6505
1 8428 15871 14389
1 1375 14685 329
1 15957 15238 15956
1 5472 7401 15431
1 13002 14690 10700
1 14684 6663 14685
1 14684 2224 6663
1 6500 11345 6694
1 276 300 14334
1 14334 300 278
1 11875 2284 15447
1 15118 11291 9872
1 335 345 351
1 16012 2786 9900
1 15365 4629 4747
1 15202 1826 15745
1 15910 15222 15596
1 2972 6274 7761
1 14072 13353 14157
1 13832 14157 13353
1 16141 11808 16137
1 14783 13849 14782
1 15744 15743 14297
1 10989 7408 11073
1 13238 11073 6517
1 9645 14785 12081
1 3124 2995 11049
1 15466 15461 4525
1 6718 15804 12730
1 15802 11635 14510
1 15804 11635 15802
1 2970 15259 14712
1 15259 2971 2117
1 3124 11049 6954
1 3124 10358 2995
1 15257 3029 3031
1 3031 12557 15257
1 12968 13712 15855
1 15152 15839 8947
1 15914 9997 13876
1 15457 14767 15458
1 15932 16215 15456
1 15906 15932 15931
1 14773 15934 14767
1 9398 9178 15824
1 14776 222 205
1 15897 8421 15866
1 6389 15896 15916
1 12301 4409 13390
1 1743 12925 15251
1 15001 15871 15869
1 14056 4643 152
1 16285 15926 14919
1 10505 15890 15879
1 15863 15866 14801
1 15001 12855 15871
1 15845 15844 14875
1 15528 4609 11133
1 11556 13496 3898
1 14376 11928 4169
1 146 170 15598
1 16286 15336 15951
1 13849 881 14782
1 15737 15558 1711
1 16190 338 356
1 16291 16190 356
1 16291 356 367
1 14207 12298 13943
1 2717 2722 7268
1 14873 15182 12243
1 1410 10786 14569
1 16133 16121 370
1 14056 152 13765
1 16134 4812 11547
1 11987 10737 16128
1 14472 101 4698
1 16108 16106 16099
1 16058 12109 15295
1 2971 15717 2401
1 9389 15139 1576
1 14979 4193 9007
1 15340 3601 7059
1 13125 6358 15543
1 12496 15498 15332
1 15893 6109 10062
1 67 58 6338
1 1606 15720 2950
1 15314 15313 13522
1 12961 13956 14500
1 366 357 15424
1 10899 15569 14846
1 14844 5341 10879
1 6297 5819 5146
1 3497 12801 12339
1 12758 15603 221
1 15603 12758 12892
1 2059 11866 15240
1 6744 2032 15541
1 13902 13766 15507
1 16037 7931 14654
1 9449 16084 6871
1 16127 6889 10551
1 13347 12408 15954
1 14018 12339 11874
1 14018 14017 3497
1 2564 14027 3089
1 16292 12958 16090
1 15831 15240 11866
1 4590 14017 14030
1 10577 14033 15832
1 15360 15359 14024
1 13961 15854 11511
1 25 13 14868
1 4235 13141 14695
1 11275 11219 13391
1 8653 14248 12449
1 8653 13391 14248
1 14884 15184 15181
1 15184 15899 4990
1 15184 4990 15181
1 12639 9089 571
1 16220 15842 15840
1 11318 13701 15843
1 14884 14878 15184
1 11860 15341 14850
1 8110 16251 6385
1 15911 15940 11706
1 14892 14890 15602
1 7742 14895 15034
1 4729 4278 15425
1 16247 14574 14571
1 14801 14737 11552
1 16156 2016 16154
1 15215 13291 16218
1 15134 13835 14021
1 4017 14227 797
1 14953 14584 4989
1 14953 4298 11251
1 607 5908 10709
1 15609 9049 6414
1 14651 16134 11547
1 3724 12705 12688
1 15309 9325 15518
1 15309 11834 9325
1 12165 3721 3720
1 12685 3720 3721
1 12005 12704 6421
1 8151 15065 8155
1 12670 14484 782
1 14736 170 15838
1 15277 15279 15334
1 15277 9677 15279
1 15811 3180 14973
1 11862 15993 16253
1 11102 15990 11487
1 11055 16252 12702
1 15995 7766 10108
1 16023 1868 15554
1 14466 11215 14967
1 14247 14967 11191
1 14588 6746 15443
1 14756 15893 3945
1 14756 3945 15869
1 15923 8831 6683
1 9467 16033 13070
1 15281 15335 8305
1 16271 15282 1808
1 15295 15300 16058
1 5434 14929 11270
1 16053 224 16027
1 14930 3627 3621
1 13861 1708 4879
1 14931 3651 3654
1 15035 5203 239
1 15035 206 5329
1 298 15055 274
1 298 274 15460
1 10895 14395 10712
1 14734 15059 10729
1 13050 15785 15788
1 14979 14406 4193
1 5203 15035 5329
1 14020 11923 15831
1 15521 15522 15517
1 12963 15827 10423
1 13132 15564 4985
1 315 342 306
1 15303 14858 16089
1 10393 7313 14273
1 12386 15371 12399
1 15239 12283 16283
1 12637 15239 16283
1 12413 12509 13672
1 16059 16061 16088
1 11646 16229 1594
1 11719 9813 15889
1 1684 15996 9528
1 13143 15947 13910
1 11191 14967 11215
1 16181 266 15434
1 15046 15434 15047
1 13446 13685 9065
1 15355 10559 15816
1 12980 16197 7003
1 13435 584 816
1 15552 6709 11037
1 12241 179 15552
1 167 188 13965
1 160 179 14206
1 9832 15784 15016
1 11544 15022 9549
1 13563 15021 15020
1 9785 10616 15019
1 6146 15809 16055
1 14995 14120 14739
1 12125 15001 14995
1 15074 7359 15160
1 15252 14908 16068
1 6163 15878 6999
1 7555 8421 15897
1 15870 3460 11370
1 9325 15522 15518
1 4503 5648 8960
1 3722 3724 3696
1 13718 14868 10404
1 135 114 4643
1 15861 903 15872
1 15019 12195 15785
1 12561 15251 10247
1 16060 14273 7313
1 16049 14738 15139
1 1611 15139 14738
1 3417 13747 14388
1 1684 12297 15996
1 51 6338 58
1 36 25 15902
1 14868 15902 25
1 12511 16220 15209
1 14987 15019 10616
1 10108 15989 15995
1 10193 15782 15102
1 15943 11040 13566
1 345 335 321
1 10678 15014 15783
1 16026 4719 15023
1 4719 16026 15553
1 15252 16068 525
1 9277 13558 15907
1 176 196 16240
1 15555 12795 15026
1 12795 13984 15026
1 14389 8949 12423
1 11365 10048 13848
1 178 196 211
1 14690 1370 10700
1 13446 169 15607
1 15607 169 198
1 12667 1969 15870
1 11914 6573 7940
1 4592 3721 12081
1 13594 12460 7815
1 18 10763 9572
1 16224 16120 16173
1 12870 13031 14586
1 13798 13791 12799
1 153 171 15131
1 15036 15131 171
1 14454 15936 15901
1 837 14845 10713
1 1941 6278 7841
1 6121 15520 5479
1 6859 11376 10671
1 1370 13645 11995
1 5834 14984 7365
1 13794 10352 10363
1 12061 16034 16028
1 16170 5006 6897
1 15240 15831 4878
1 218 199 201
1 16107 16194 11525
1 338 328 346
1 15433 6897 16160
1 15239 2066 11642
1 11642 15964 15239
1 10184 10653 13118
1 5400 4711 15060
1 16162 16199 7183
1 11732 15998 16003
1 10989 11073 11357
1 12825 15231 416
1 10458 16150 13994
1 15829 13994 1833
1 5920 15945 951
1 13672 10353 15849
1 15214 9758 13672
1 5659 15613 15180
1 12396 13692 15370
1 15305 15308 13434
1 15305 13118 15308
1 16173 16120 16095
1 16054 3559 16047
1 346 309 301
1 199 271 290
1 13315 15522 9325
1 8558 9595 15005
1 1604 16056 383
1 13208 15809 16057
1 13766 15506 15507
1 15507 15506 15480
1 14462 1826 15982
1 15065 15059 15792
1 14972 10750 14238
1 11215 13594 11191
1 14841 14091 14840
1 14091 1502 10901
1 10577 15357 7866
1 10446 12462 14768
1 16287 12462 10122
1 10464 16184 9945
1 10450 12464 12882
1 6697 11128 15526
1 14273 16060 12113
1 10405 10431 16059
1 8245 12109 16058
1 16243 14875 10059
1 15138 14209 2562
1 10370 1950 15944
1 14210 4136 12457
1 14991 14990 15490
1 15809 5062 16057
1 14471 9390 16261
1 15330 15455 15232
1 10370 11017 1950
1 10676 15503 15506
1 10963 14500 13956
1 12599 14708 10310
1 9980 15103 9893
1 15109 9885 9882
1 15944 15945 5920
1 9893 10893 9980
1 6676 14916 9403
1 12021 15305 13319
1 9980 8595 15103
1 185 162 16016
1 15086 15141 15721
1 14770 9374 16235
1 15568 14270 14271
1 15985 13766 13902
1 9893 15513 10893
1 14038 6811 14850
1 9647 9645 15254
1 73 13816 13823
1 73 13823 63
1 8960 5864 9648
1 15122 15132 10728
1 9644 12165 15121
1 15036 171 206
1 344 373 384
1 383 344 384
1 342 371 381
1 4780 16066 16067
1 15170 15370 15080
1 371 11914 381
1 15870 7852 12667
1 15036 15035 15176
1 14090 15135 13823
1 13933 16086 2264
1 15534 5144 8576
1 15178 3601 15340
1 15134 14021 15119
1 15134 15123 15136
1 372 383 16056
1 10523 6358 13125
1 1618 15714 15721
1 388 345 378
1 5324 15912 11507
1 12694 9923 14832
1 16049 15087 16054
1 16049 9354 15087
1 1502 332 1520
1 1502 348 332
1 9988 11488 14652
1 10363 6934 14978
1 6018 15299 15304
1 1502 357 348
1 15844 5804 15848
1 16217 14884 2440
1 15456 16215 15857
1 10464 13603 10463
1 16218 13701 15215
1 15150 15149 16206
1 16225 12723 11340
1 344 360 373
1 14176 15837 16201
1 372 344 383
1 5838 14735 15837
1 14995 3945 14120
1 14479 14473 16095
1 12801 3497 14811
1 14209 15138 15578
1 5371 15828 10781
1 16293 10124 9887
1 14021 15795 5356
1 1213 7811 15120
1 14567 1398 14551
1 15991 13900 11826
1 16095 16120 14479
1 12926 14590 6030
1 6766 2726 5179
1 3328 2726 6766
1 13832 10309 13835
1 15134 13832 13835
1 13522 15313 15723
1 14962 15514 15723
1 7642 8614 15421
1 12952 15875 14616
1 15533 1325 5144
1 7497 15425 14945
1 15570 15425 7497
1 356 338 346
1 15836 8401 15130
1 15836 14921 8401
1 15725 7832 15316
1 8954 15001 12125
1 15478 15506 15503
1 9729 14510 8426
1 15168 15077 9758
1 955 12404 15162
1 14097 12386 15170
1 3197 246 231
1 3197 15174 246
1 15836 15131 15036
1 3197 15034 15174
1 2229 12798 11819
1 14736 195 170
1 10383 15822 9075
1 13845 15822 10383
1 15465 15330 15195
1 11878 15195 15330
1 10720 4193 15198
1 8990 11303 15197
1 10720 15198 5535
1 11586 15196 9007
1 15197 11303 4100
1 15200 15203 14289
1 13902 677 15985
1 10662 15980 15420
1 14297 14471 15202
1 15745 15521 15744
1 15438 14574 15207
1 14581 7290 15439
1 14574 15208 14571
1 14573 6401 15352
1 6401 14573 15205
1 14588 7122 6746
1 10772 15206 14590
1 7545 13291 15215
1 15078 15209 12413
1 15078 15210 15209
1 4446 13736 15217
1 15216 13678 16219
1 11753 15074 15160
1 15210 12511 15209
1 15216 16219 12625
1 15216 12625 15074
1 13227 15217 7501
1 15210 13701 12511
1 13701 10916 15215
1 14475 13253 15218
1 16053 16027 15776
1 16301 16027 14473
1 11294 15911 11706
1 13230 7601 15941
1 15910 15907 13558
1 15743 15517 15516
1 15517 15743 15744
1 4472 15883 32
1 61 3500 53
1 3500 61 15962
1 850 309 318
1 850 318 16099
1 12436 13175 16107
1 319 310 16070
1 246 16066 231
1 177 203 2622
1 14157 13832 14490
1 13818 14083 14157
1 13835 10313 8646
1 15132 7427 15255
1 10671 8038 6859
1 10440 12428 320
1 15843 16218 13291
1 14884 15260 14878
1 8706 15851 14884
1 12790 15846 15850
1 16217 8369 15260
1 12135 15850 15847
1 12135 15213 15850
1 14878 15260 12516
1 12516 10670 14878
1 10353 12527 15849
1 15262 15261 15841
1 15261 15846 15841
1 12727 15847 15850
1 15850 15261 8829
1 16296 12920 16035
1 16284 11825 15922
1 13876 9436 15991
1 15274 229 14241
1 15268 15267 11171
1 15272 15346 12924
1 15350 15605 11172
1 15605 12522 11172
1 14574 15438 15208
1 9694 16003 16000
1 8076 16000 16003
1 15277 9683 16006
1 135 14056 163
1 15999 16008 16009
1 532 16002 12578
1 16002 11501 11997
1 15279 10568 15334
1 12426 15287 15472
1 16045 10204 2178
1 16044 15289 11964
1 12426 16037 15287
1 16040 15287 16037
1 15291 10111 11971
1 9781 16063 15302
1 15304 10176 12113
1 16223 14595 15296
1 10431 8263 16061
1 308 321 16060
1 8263 13794 16062
1 13145 10214 15314
1 15314 15729 13145
1 15312 15728 11548
1 13152 13130 15316
1 12066 15306 15310
1 13152 13136 13130
1 13234 15310 15311
1 149 9439 13319
1 15313 15727 15723
1 15313 13238 15727
1 15726 9011 13127
1 15315 6575 11462
1 15304 10457 6018
1 16287 16182 14768
1 10457 335 351
1 10176 1914 15303
1 14867 16182 16287
1 7638 14343 14373
1 14343 9894 14373
1 13318 11624 14388
1 4177 3417 14388
1 14343 9614 12034
1 4165 14373 4937
1 4193 14406 14188
1 14406 14979 4198
1 6469 15331 15734
1 15228 15455 13274
1 15328 15193 10574
1 15328 10574 253
1 15328 15454 15452
1 15329 15327 15464
1 15332 15331 6469
1 15466 15450 15461
1 12698 15326 9461
1 15330 15465 11883
1 15324 15468 12593
1 15330 15232 11878
1 10181 15450 15466
1 15334 10568 3103
1 42 70 61
1 14470 9242 15979
1 16193 13611 13998
1 16107 16192 12436
1 11937 16193 14835
1 15352 2718 15349
1 2718 15606 16207
1 15352 15349 15351
1 16207 15606 15271
1 16260 12885 14468
1 15204 8317 7475
1 15353 14289 15203
1 15139 9354 16049
1 14974 3239 16266
1 4548 15831 11866
1 14853 22 33
1 15356 12408 12451
1 9604 15360 14023
1 14029 3089 15358
1 14029 15358 12434
1 14018 3264 14017
1 12485 15358 9073
1 14861 11268 15236
1 12434 14030 14029
1 9902 15363 15368
1 16294 355 4609
1 16294 4609 15363
1 15368 12529 9902
1 13671 12399 15371
1 12135 12404 15213
1 15078 12413 12260
1 15369 7873 14552
1 15369 7545 15215
1 15213 12404 12407
1 12411 15078 12260
1 5246 10563 6592
1 11753 15216 15074
1 15199 14468 14469
1 42 77 70
1 271 199 248
1 277 199 290
1 177 14981 203
1 15419 177 2622
1 15983 15204 6922
1 15986 15977 15982
1 15987 15977 15986
1 14333 276 14334
1 15424 14841 366
1 881 10715 10899
1 10901 11346 14846
1 14841 15424 14091
1 15424 1502 14091
1 10705 3820 15570
1 7145 15602 10082
1 15525 15879 12877
1 2543 13179 15437
1 15435 15878 7485
1 11924 8812 15880
1 2554 9527 15527
1 8777 15949 12506
1 15446 15443 6702
1 15446 15442 15443
1 15446 15606 15442
1 15207 14572 15438
1 14588 15443 15442
1 15440 15205 15445
1 14573 15207 7379
1 15274 14570 14571
1 15446 15271 15606
1 14570 15274 14241
1 15606 15445 15442
1 14573 14572 15207
1 15441 15208 15438
1 4235 15228 11046
1 12658 15498 15323
1 3305 15323 15235
1 15227 15452 15454
1 15449 15451 12610
1 15452 11046 13274
1 15449 8026 15451
1 15501 6094 15230
1 15329 15323 15327
1 15329 15235 15323
1 12772 13122 15322
1 15455 11883 13274
1 15455 15330 11883
1 15324 12772 15322
1 15501 15325 8303
1 15931 15929 15906
1 595 14557 11014
1 15471 14767 15934
1 2651 15933 15929
1 9066 13949 9837
1 3103 15923 15265
1 14644 274 15055
1 10574 15460 274
1 4509 15460 15193
1 15194 15188 9364
1 8692 6469 15734
1 15735 12203 7210
1 11883 15465 15193
1 15735 7210 10224
1 13176 166 143
1 13991 15932 13989
1 15290 15473 5075
1 16039 10111 7472
1 14349 11994 15293
1 16140 12256 16179
1 5075 5104 16246
1 5104 15473 15474
1 242 215 15243
1 15485 15509 10655
1 10655 15509 15483
1 15509 15475 15483
1 9822 15494 11703
1 197 186 15504
1 15337 197 15504
1 15509 15482 15475
1 15480 1664 15484
1 7823 13362 16165
1 14578 7654 14071
1 9502 10347 15790
1 14348 16141 16137
1 15505 15510 15477
1 15502 15476 10345
1 15506 15479 15480
1 15480 15479 1663
1 15506 15478 15479
1 15479 14488 1663
1 15478 14488 15479
1 15492 13920 11856
1 1662 15478 15491
1 15478 1662 14488
1 15492 15510 12255
1 15484 15507 15480
1 15493 132 161
1 15493 15504 13903
1 161 15337 15504
1 15244 15173 2029
1 15245 15541 2032
1 15541 14111 2029
1 2029 14111 14110
1 2029 14110 1792
1 16154 7259 16156
1 14335 16178 16145
1 15497 12242 15599
1 15453 6976 12617
1 15231 12825 15194
1 15232 9673 15499
1 14701 11059 14698
1 15235 3306 3305
1 15500 15450 8755
1 15332 15498 11292
1 15227 15454 212
1 14614 16013 8129
1 14779 9178 14458
1 14779 15824 9178
1 14779 14458 14497
1 14780 8481 12737
1 15976 15985 16261
1 15483 15476 15502
1 15337 161 4597
1 15485 15482 15509
1 15494 8963 6884
1 15494 834 8963
1 15478 15503 15491
1 15510 15492 15477
1 15493 161 15504
1 15485 15481 15482
1 15508 15507 15484
1 15481 15508 15484
1 15507 15508 13902
1 15508 15481 15485
1 15107 10145 13069
1 15114 16016 162
1 16011 14608 12335
1 10021 16017 16016
1 5332 16235 12652
1 16016 16021 185
1 15727 14962 15723
1 14962 15727 15315
1 14288 10203 8334
1 11456 15881 4312
1 15890 12877 15879
1 15879 15525 12921
1 8924 15367 10127
1 15459 15366 10127
1 16175 15365 15364
1 15529 5954 2096
1 4238 15529 14697
1 2671 7484 15534
1 2029 1792 15244
1 14109 15244 1792
1 15541 15245 15539
1 15545 5910 11279
1 6350 15542 6326
1 6360 15789 15547
1 15544 6358 15547
1 9206 11727 15546
1 16036 7940 6573
1 15292 15293 11994
1 16037 14654 16040
1 8497 15288 16228
1 144 10986 167
1 160 15552 179
1 16026 156 15553
1 16026 15023 187
1 4964 15740 14951
1 4990 14951 4955
1 14946 4955 15738
1 14845 15569 10899
1 2565 8449 14030
1 12968 15224 15223
1 12959 15596 15222
1 16004 15597 12905
1 16280 12237 15998
1 16007 10617 15281
1 12578 16002 15997
1 15093 15601 15600
1 15600 8052 15496
1 15599 15792 12289
1 12242 11477 15599
1 15093 1448 15601
1 7145 14892 15602
1 15427 14849 11021
1 12914 15604 15273
1 14572 15270 15438
1 14572 14573 15270
1 15441 15269 12121
1 15272 15439 12377
1 12914 15347 15444
1 15352 15351 14573
1 15438 15270 15441
1 15268 15446 6702
1 15446 15268 15271
1 16156 16151 11869
1 15607 213 13446
1 12733 10961 14321
1 15806 14513 10961
1 377 15614 369
1 14247 13585 12447
1 10029 12460 13594
1 13603 12449 14248
1 12450 11192 12449
1 13601 12453 11197
1 11128 15524 2360
1 15527 10693 15873
1 16241 8810 7458
1 6999 15873 6142
1 14742 15838 12064
1 16100 11898 15344
1 14871 15938 15899
1 15724 15726 5505
1 10071 15840 15842
1 15085 16048 10094
1 1611 14738 15713
1 15811 16054 15087
1 16054 15811 10850
1 1618 15721 15141
1 15139 1610 1576
1 221 15711 1598
1 15719 15711 221
1 15522 8637 15517
1 15517 13152 15516
1 10992 10653 15309
1 13145 15729 5726
1 12459 14962 15315
1 15311 15306 15728
1 15310 15306 15311
1 15522 15521 15518
1 12844 15731 15535
1 15536 1530 1533
1 15978 7443 15423
1 12943 15835 7421
1 4518 4509 15193
1 10574 15193 15460
1 10803 4507 10694
1 10694 10281 4833
1 15195 15192 14323
1 336 4833 325
1 15739 8032 15559
1 15739 10647 14770
1 5795 8452 15741
1 12122 14435 14946
1 15738 1708 14946
1 4891 15561 12140
1 15738 15740 5754
1 5754 1708 15738
1 8452 14949 15741
1 9390 15743 13573
1 15518 15745 12594
1 15517 15744 15521
1 15745 15518 15521
1 15317 12103 8151
1 5106 15474 11935
1 15472 15287 11964
1 16294 16138 16144
1 15882 15889 7410
1 14325 12605 8138
1 346 364 374
1 6867 11872 16033
1 6879 10959 16029
1 16029 12091 16302
1 16053 244 224
1 16302 10152 16147
1 16300 10235 16030
1 11820 6427 15532
1 15777 11662 6934
1 15788 14986 10548
1 15015 15017 15786
1 15022 9205 15784
1 15784 11541 15022
1 15022 11544 15021
1 6371 15791 6329
1 1854 6329 15791
1 15791 13643 13157
1 10347 6267 15790
1 15542 1854 1850
1 9188 13204 10292
1 13110 15429 15794
1 9075 15822 15794
1 15822 13110 15794
1 15255 11450 9648
1 13832 15134 14490
1 13816 14090 13823
1 9648 13818 14749
1 15999 12879 16008
1 12486 15960 14816
1 13989 15932 15930
1 16214 15904 11068
1 16262 15969 15966
1 11997 16001 16002
1 15966 15953 15965
1 15803 7204 15807
1 12733 12705 15806
1 15808 11424 11864
1 15610 12704 12005
1 15610 10932 12704
1 15804 15802 12730
1 14327 14554 15807
1 10969 10932 15610
1 15803 582 7204
1 15808 11864 15609
1 14327 12699 6705
1 15813 2705 16266
1 14975 1314 15812
1 10469 15816 10094
1 14973 10850 15811
1 948 15815 9039
1 15086 9039 15815
1 15812 15815 14975
1 15816 2525 15355
1 15355 9931 15810
1 4345 15572 12810
1 15054 12773 14210
1 15818 11323 15573
1 11817 15574 2564
1 14206 179 15820
1 9809 10179 9819
1 14209 14969 15819
1 14210 9798 4136
1 14206 15577 14231
1 9771 10542 15571
1 169 15820 198
1 15574 15578 10592
1 15577 14206 15820
1 11655 14231 15577
1 11655 15577 9809
1 169 15577 15820
1 14471 15985 677
1 14780 15823 8481
1 335 15297 321
1 9001 14496 16222
1 16222 227 9001
1 12963 2734 15827
1 15828 5371 11285
1 2717 15825 14131
1 14133 2722 14131
1 6766 14135 3328
1 3328 15826 2726
1 2723 2722 14135
1 1792 14133 14131
1 15567 15566 13406
1 388 15567 13406
1 14354 15565 14213
1 366 14841 15567
1 4579 15357 11170
1 15832 14033 15359
1 15833 14492 831
1 15341 9842 14850
1 15836 15036 15176
1 15036 206 15035
1 11673 14176 16201
1 10074 11318 15843
1 15214 13672 15849
1 15841 15849 12527
1 12727 12516 13704
1 12511 15842 16220
1 10059 153 128
1 13736 171 153
1 13736 206 171
1 10156 8941 15852
1 9399 12968 15855
1 8947 15839 15852
1 14196 14194 12574
1 9497 9503 15859
1 9513 15857 9509
1 9513 3545 15857
1 7 15 14799
1 15864 12172 14805
1 14616 16239 15891
1 13179 15525 15876
1 15437 15876 12721
1 5536 15881 11456
1 15882 13126 11056
1 15437 15875 10872
1 15871 15862 15869
1 15862 14756 15869
1 15737 11347 15936
1 15456 15930 15932
1 7601 13230 14158
1 15090 13310 15911
1 12631 15220 15908
1 15940 15911 8037
1 15922 11825 14926
1 15276 15928 12923
1 15276 12202 15928
1 15922 14926 15335
1 15950 71 60
1 16243 10059 91
1 11513 9785 15913
1 3737 11592 10623
1 15422 16260 15980
1 15203 15420 15980
1 15203 15980 12647
1 10655 15984 842
1 14469 14468 15978
1 13884 11968 15989
1 13883 4360 10756
1 15995 15989 11749
1 9753 15988 10975
1 7041 1436 15990
1 16004 9677 15597
1 15283 12028 15997
1 15998 11732 15285
1 7420 12554 16022
1 15512 16019 9696
1 12607 16297 16031
1 7758 15177 15339
1 14650 16043 16046
1 15147 15717 15716
1 15141 15086 15722
1 16034 16299 16028
1 255 16055 15143
1 11260 15712 3583
1 15301 15318 16087
1 15026 13220 16051
1 13791 16067 16205
1 246 16067 16066
1 4770 195 231
1 16210 12079 16077
1 16080 8529 13748
1 13483 16080 12814
1 2254 12218 16083
1 16083 15776 2254
1 15302 16063 8431
1 16116 9678 14476
1 16300 16119 12107
1 13175 1422 16107
1 7823 16165 16169
1 16170 7020 13354
1 6744 15348 2718
1 12958 16292 16191
1 12829 16194 16107
1 16174 16115 16120
1 16128 14650 16129
1 11182 15249 16150
1 10866 16292 16090
1 16140 16179 16142
1 16178 13482 16145
1 15046 16199 16181
1 361 10457 351
1 10457 361 12470
1 14838 15095 8742
1 16195 9733 13853
1 14836 12275 10170
1 13839 9733 16195
1 4491 11525 16194
1 8937 16201 15837
1 1043 11511 15854
1 12523 8236 15855
1 1814 195 16200
1 14736 15838 14742
1 13712 15223 12523
1 14192 12899 15090
1 12968 15223 13712
1 14193 10409 11673
1 11479 13523 16201
1 15152 8949 13536
1 14755 14739 13518
1 14740 13518 14739
1 12974 12146 15856
1 14203 13536 14186
1 12971 12677 13518
1 12971 13518 13538
1 13536 12855 8954
1 12146 11851 14741
1 13538 13518 14740
1 12146 14741 15856
1 12423 8949 15152
1 14194 14196 15221
1 16181 15434 15046
1 15047 15430 7195
1 195 4770 16200
1 4780 16067 13791
1 16204 16070 12345
1 9728 12904 16072
1 5768 16206 10325
1 260 16067 246
1 6498 9843 16074
1 9843 15153 16074
1 16206 6490 13233
1 525 16068 16204
1 16204 16068 1387
1 6508 16072 12313
1 12313 16072 4792
1 9089 6492 12364
1 6487 16205 11978
1 16207 2032 2718
1 2065 12499 15495
1 16153 15268 11171
1 15269 16158 12121
1 15248 11277 16149
1 6275 11869 15250
1 16153 11171 11868
1 16158 15269 15270
1 15269 15441 15270
1 16207 15271 3660
1 15248 10416 11277
1 15250 11869 16151
1 16151 10512 15250
1 15248 9731 15829
1 9610 1116 11375
1 3387 16076 238
1 16211 13746 9704
1 13432 13505 13746
1 9219 11004 14831
1 9219 238 11004
1 12901 4937 14373
1 3423 12079 16210
1 7027 3387 238
1 13747 3417 13748
1 12079 3423 3425
1 16211 9704 12794
1 12796 11928 14376
1 13505 9704 13746
1 7571 13439 5888
1 8415 7029 16078
1 16078 3542 8415
1 16211 12794 12034
1 12814 14188 12836
1 12047 16212 14367
1 15906 16215 15932
1 4676 15906 15905
1 15905 4680 4676
1 15930 15458 14767
1 15457 15458 3545
1 14767 15457 14773
1 16214 11068 13986
1 15841 12527 15262
1 15843 13701 16218
1 3926 14389 12392
1 16217 12396 15212
1 12396 16217 2440
1 16219 15845 11499
1 13701 15842 12511
1 15848 7501 15217
1 15217 13736 15848
1 15848 13736 153
1 15844 15848 153
1 11499 15211 16219
1 16217 15212 12399
1 12790 12407 15214
1 13188 15209 16220
1 15262 12527 14873
1 153 10059 15844
1 15209 13188 12413
1 14874 11011 15843
1 14881 12350 15840
1 15842 11318 10074
1 10059 14875 15844
1 206 13736 4446
1 15319 12109 16223
1 16223 9979 14595
1 16184 11178 15298
1 16059 10431 16061
1 11162 15303 16064
1 15294 12848 16088
1 8263 10431 8262
1 8263 8262 10352
1 308 10393 304
1 308 7313 10393
1 10431 10405 10326
1 9321 16062 15300
1 10176 15304 15299
1 308 16060 7313
1 15303 16089 16064
1 16052 16030 12472
1 9472 16093 16226
1 14475 12723 16225
1 16115 16300 9327
1 15023 16050 223
1 338 16190 328
1 8152 13853 16117
1 16227 242 15243
1 15290 16046 15473
1 210 215 16041
1 12403 10204 16045
1 16046 16043 15473
1 15290 16042 16046
1 342 387 380
1 12385 15291 12272
1 16122 4860 14649
1 14649 16228 12458
1 242 16042 16041
1 15287 16040 16044
1 12213 14056 13765
1 370 380 16133
1 12141 8528 5473
1 15290 16041 16042
1 15290 11910 16041
1 12179 16039 5319
1 16130 16132 16124
1 15474 15473 16043
1 15290 14350 11910
1 210 16041 11910
1 11526 11994 14349
1 16228 11935 15474
1 14650 16046 14657
1 14650 14649 16043
1 16042 14657 16046
1 16020 14614 6967
1 14614 12245 16013
1 16016 16022 16021
1 14608 16014 7433
1 16014 4879 5754
1 4897 16021 16022
1 6082 12554 8383
1 9374 12652 16235
1 16018 1718 12186
1 16011 13861 4879
1 168 4897 154
1 15949 15105 12506
1 168 14670 194
1 10021 15105 9876
1 13069 15108 13115
1 11152 15104 15118
1 162 538 15114
1 9874 13115 15108
1 14241 194 216
1 14598 10893 15513
1 15118 15512 9696
1 14598 15513 7831
1 15224 15912 15223
1 15221 11678 15909
1 7527 13879 15916
1 15596 15907 15910
1 15019 13050 11507
1 10623 11506 10548
1 9109 15016 13558
1 14193 12937 10409
1 7902 13563 15941
1 11033 15783 12285
1 12932 14203 14186
1 16036 16130 16133
1 16127 10551 10301
1 16134 11779 8905
1 9095 4509 16128
1 12235 4821 14823
1 14828 336 354
1 16132 16130 16229
1 10570 16132 16229
1 4305 6630 15891
1 11447 15889 9813
1 9051 8426 15527
1 7485 2553 15435
1 15878 15881 9589
1 13399 11924 10509
1 27 9572 15874
1 16239 12220 10990
1 257 16065 230
1 178 16240 196
1 4700 12662 12659
1 16240 159 14064
1 16240 178 159
1 15554 16025 4726
1 12293 14961 13980
1 16304 5783 8325
1 1868 16025 15554
1 15897 15866 15863
1 13884 15920 11968
1 15902 15937 36
1 16112 2780 767
1 13883 15920 11791
1 14995 15869 3945
1 903 15861 24
1 24 15861 15
1 9332 118 102
1 102 118 15898
1 12427 15898 12534
1 15184 14878 15899
1 14878 10670 15899
1 16167 12076 2783
1 4946 11688 15937
1 4946 15561 11688
1 15182 14873 14881
1 9646 15939 11011
1 9824 14875 16243
1 9355 10071 15900
1 11347 15737 12290
1 13267 8322 15557
1 337 342 326
1 326 342 315
1 5115 5119 16146
1 355 337 4609
1 371 3658 11914
1 14345 16140 5107
1 14348 14349 16141
1 371 16138 3658
1 5106 16143 5104
1 14350 15290 5075
1 363 16144 371
1 11777 16140 16135
1 16135 16140 14345
1 16135 14345 14346
1 371 16144 16138
1 5115 15289 5119
1 11964 15289 5115
1 14349 14348 11526
1 5119 11971 5120
1 9887 14349 15293
1 5106 5104 15474
1 15367 8924 16293
1 767 16162 16109
1 232 14570 216
1 232 216 14670
1 14578 1712 4424
1 13285 14670 2628
1 232 14571 14570
1 16198 14984 7213
1 11711 11468 14303
1 13880 7261 15988
1 10504 14910 2094
1 11114 16251 12096
1 11084 7766 15995
1 11445 11084 15995
1 11082 11862 16252
1 12586 11582 11576
1 9753 15226 15915
1 8574 16267 14910
1 8089 14001 15991
1 13884 15989 10108
1 16065 12662 230
1 9436 8089 15991
1 11083 15993 11904
1 15026 16051 16050
1 241 11204 11187
1 7238 15872 15863
1 13980 14961 13052
1 241 13592 11204
1 3820 10876 15570
1 16025 14961 12293
1 15736 13220 11887
1 259 16094 223
1 241 11187 217
1 16065 12659 12662
1 11263 211 11187
1 15101 11098 1934
1 9876 15949 10102
1 15948 9872 11120
1 1941 9893 15103
1 15947 9905 10147
1 9893 1941 7841
1 15946 2972 1046
1 15946 7306 9882
1 9885 5972 15946
1 15946 9882 9885
1 951 15945 1046
1 15108 9876 9874
1 15101 15513 11098
1 9085 225 7758
1 15985 14471 16261
1 7443 15503 15423
1 15980 10662 15422
1 15982 10655 15986
1 15502 15987 15986
1 15983 9391 12819
1 10676 15979 15423
1 9414 15201 7138
1 14467 15980 16260
1 10293 10646 9414
1 12255 15510 13901
1 10662 13901 15422
1 15510 15505 10668
1 15504 186 13895
1 9465 13637 15793
1 11805 13924 13656
1 13895 13903 15504
1 7758 225 15177
1 15339 15177 197
1 15177 225 15137
1 7353 15178 7558
1 15339 15337 4597
1 15337 15339 197
1 16263 15969 16262
1 4878 15963 15240
1 61 70 15962
1 8889 15240 15963
1 7953 172 8033
1 8061 10998 16263
1 16263 10998 15969
1 12486 15967 15960
1 10510 8889 15963
1 16010 12065 8305
1 14809 15963 10329
1 14384 15969 15956
1 15957 15956 15974
1 13311 13140 16262
1 13140 16263 16262
1 15798 15972 12297
1 210 11910 237
1 16076 13496 265
1 816 13432 13435
1 8529 13435 16079
1 2525 818 15355
1 13435 13466 818
1 10440 331 16264
1 816 13505 13432
1 16265 5888 13439
1 8134 15898 15921
1 15892 11791 15920
1 11826 13900 15914
1 13885 10591 15917
1 8810 15918 11421
1 14799 15861 15872
1 64 13876 48
1 7527 15990 13879
1 10756 16253 13883
1 16085 11380 16052
1 11315 16085 12472
1 15775 7704 6715
1 12061 12873 16086
1 12715 6871 16084
1 11807 16085 6862
1 13645 16086 12873
1 16297 16033 12735
1 9071 15775 2260
1 16052 2254 15776
1 15776 16027 16301
1 346 353 364
1 2254 6457 12218
1 9883 9278 11872
1 16082 15774 9287
1 6715 10215 15775
1 16298 13306 16032
1 16032 13306 15774
1 15883 14923 15924
1 12923 15999 15276
1 12028 16000 12578
1 12202 15266 15928
1 16273 15280 15336
1 15275 1739 15333
1 15923 3103 15333
1 15333 15279 15278
1 13936 6683 15884
1 15925 15886 16284
1 16274 13637 294
1 15711 15137 15143
1 15719 15137 15711
1 2415 2114 2950
1 14716 2114 2415
1 16276 15258 3002
1 16276 3002 16277
1 16277 10904 16276
1 16186 2990 9182
1 3005 9724 16277
1 16187 14712 15259
1 16186 2977 12557
1 16274 6881 13637
1 12366 15258 16276
1 2117 16189 15259
1 15427 9465 15793
1 15278 9677 16004
1 16005 10797 9683
1 10617 16007 13140
1 11557 15974 11442
1 8061 12065 16010
1 15597 15973 11435
1 9702 15996 11941
1 15283 15284 9694
1 9677 15278 15279
1 9677 15277 16006
1 15950 9702 71
1 15336 15925 16273
1 9702 81 71
1 15859 16215 4676
1 2898 14772 3950
1 3548 14773 15457
1 14773 3548 3549
1 11896 10989 4673
1 9454 11014 14557
1 10184 4669 11014
1 11014 9454 10184
1 13136 13315 10252
1 9438 9439 188
1 10252 13315 13237
1 2898 3950 10449
1 15906 4676 16215
1 15 15861 14799
1 15893 14756 15862
1 903 24 35
1 14389 8947 12392
1 14799 14714 10412
1 14801 11552 7238
1 15868 14741 11851
1 15897 15863 15872
1 11698 15897 15872
1 14995 15001 15869
1 15862 15892 15893
1 3197 231 195
1 15862 11436 15892
1 8167 9880 16267
1 8715 15865 11567
1 15898 12427 15921
1 53 42 61
1 15975 11997 11501
1 15966 13311 16262
1 14816 3497 12201
1 4068 15970 15958
1 15239 12637 9625
1 12389 16283 12283
1 15968 15952 15961
1 15960 15967 13248
1 10510 15963 15972
1 15953 15966 15969
1 16283 12389 11501
1 15965 15971 7451
1 15966 15965 15799
1 14814 15953 15969
1 15969 15974 15956
1 10510 15972 15798
1 15973 15952 11435
1 15952 15973 15954
1 7781 15954 15973
1 11784 15968 15961
1 15975 15964 15957
1 12408 15952 15954
1 42 33 22
1 42 53 33
1 15955 15965 12344
1 15238 15957 15964
1 14815 15958 15959
1 237 11910 14350
1 15925 16284 15922
1 26 4472 32
1 10443 16286 15951
1 5680 11825 16284
1 5677 5680 16284
1 4482 4472 13943
1 15886 9066 13937
1 15265 10644 12722
1 11944 15265 12722
1 15925 15336 16286
1 15925 15922 16273
1 16285 12646 13954
1 15884 12003 2151
1 15950 15924 14923
1 16286 15886 15925
1 15300 16182 14867
1 7846 14867 16287
1 9321 15300 14867
1 15318 10450 12675
1 15295 14768 16182
1 15301 16289 15318
1 15300 15295 16182
1 15297 10457 15304
1 15303 15097 14858
1 15320 14858 15097
1 308 345 321
1 15297 335 10457
1 16287 14768 12462
1 10468 9044 15097
1 16287 7815 7846
1 15296 15319 16223
1 10457 12470 6018
1 3912 15822 13845
1 15320 12111 16089
1 15320 9044 15302
1 15320 15302 12111
1 14858 15320 16089
1 15298 10237 16184
1 16226 13611 16193
1 1235 13931 16292
1 11991 13931 15343
1 15345 15342 15241
1 16104 11937 12550
1 11335 14836 16104
1 15242 273 7723
1 16306 10212 16106
1 12270 12829 16107
1 16291 16090 6144
1 11381 11786 16225
1 11381 16225 11340
1 16092 16290 8152
1 16226 16093 10291
1 15342 14100 16174
1 15361 16179 12256
1 10896 16177 16179
1 15363 16138 16294
1 355 363 342
1 16138 15363 16178
1 8290 16176 10735
1 15529 10896 15361
1 15361 12256 8739
1 15361 14697 15529
1 15361 8739 14697
1 16177 16142 16179
1 355 342 337
1 890 503 12526
1 384 2415 1604
1 15085 10094 15816
1 15085 15816 10559
1 16049 15713 14738
1 15713 16049 16047
1 15713 16047 3559
1 1619 15141 15722
1 12336 15814 15087
1 15145 1606 15146
1 16056 1604 15720
1 15715 1619 15722
1 16048 15718 12475
1 15147 15716 15715
1 2967 15714 1618
1 15087 15814 15811
1 15811 15814 14972
1 15817 10541 12661
1 15137 15719 15177
1 16300 11111 9327
1 244 2622 224
1 11605 16299 16225
1 16094 16173 16095
1 14478 16095 14473
1 16291 367 16091
1 15219 16029 13038
1 16298 13070 8330
1 16092 16298 8330
1 16120 16115 14479
1 16029 16302 9706
1 16090 3763 10866
1 14478 223 16094
1 14478 16094 16095
1 15776 16301 16052
1 16083 16053 15776
1 16034 14475 16299
1 6862 10235 16035
1 12107 16035 16300
1 16301 14473 15263
1 203 223 16027
1 14478 16027 223
1 14478 14473 16027
1 203 16027 224
1 177 15419 148
1 382 346 374
1 268 244 16083
1 4700 1862 159
1 16024 9574 2320
1 159 178 4700
1 2337 16304 11611
1 16190 16108 328
1 16108 16190 16106
1 9061 15497 11909
1 858 16101 11938
1 2089 13998 15345
1 11972 16103 14835
1 10930 16105 15241
1 10545 15598 15497
1 251 16200 849
1 8155 273 15612
1 15345 15241 16105
1 767 16199 16162
1 767 2780 16199
1 12076 14040 2783
1 16162 7183 7330
1 6390 7362 4915
1 16307 494 13333
1 16307 13333 281
1 5029 7365 16111
1 15432 7003 16197
1 7945 16180 7260
1 11271 16159 13383
1 7823 16169 6969
1 4291 7662 16196
1 281 16112 16307
1 16171 16114 16248
1 16197 7136 15432
1 2780 16181 16199
1 7207 15432 3630
1 16198 15431 7366
1 16247 16112 767
1 5020 767 16109
2 14743 1634 3291
2 13232 5272 4024
2 13745 10488 4027
2 5669 8667 5653
2 4266 14933 8280
2 3826 3818 9226
2 8623 4020 8557
2 14465 5653 8667
2 3375 8732 488
2 3759 5409 8453
2 1521 498 7473
2 3839 13969 498
2 7593 1945 8709
2 13445 8865 8866
2 8865 8441 8866
2 13493 3884 13957
2 5272 6753 4024
2 9682 804 3035
2 2998 11030 5059
2 2998 5059 4453
2 9539 11023 3840
2 6757 14721 8784
2 488 4663 7592
2 8787 824 786
2 8667 2476 7678
2 4734 136 9566
2 4048 13641 4038
2 4048 4038 7069
2 1290 3862 12979
2 4776 929 14235
2 1519 15402 15399
2 11002 10316 8648
2 14302 1702 12322
2 3641 9871 3859
2 14302 12322 11683
2 4031 13096 10392
2 2086 5395 2173
2 2086 2173 10362
2 13090 5034 13089
2 12041 8747 14852
2 4044 10286 13154
2 10362 2173 4361
2 964 492 854
2 2476 964 854
2 4329 14177 7349
2 9695 12717 8763
2 2253 2173 5395
2 12563 4167 3987
2 5669 490 602
2 5096 13089 5034
2 5237 8890 8499
2 3936 1012 3955
2 6865 4754 392
2 13442 1521 4309
2 8787 786 13939
2 8858 8863 1846
2 5681 2386 964
2 2476 5681 964
2 590 839 3288
2 3288 839 5409
2 824 8864 786
2 11669 3915 10115
2 13958 949 12484
2 12484 949 9349
2 8709 13724 7593
2 10489 5682 3822
2 8628 7382 8678
2 1014 10490 6285
2 5683 6285 10490
2 2691 8732 3375
2 4014 2101 4007
2 10490 3823 5683
2 4041 961 3734
2 2130 5283 8499
2 8532 13272 11061
2 3955 15027 3936
2 10494 8553 13418
2 498 3840 1023
2 14461 1023 3840
2 13529 2438 4071
2 3981 9810 4167
2 10115 3160 910
2 2816 11799 9349
2 1795 12482 553
2 2729 13200 3744
2 1110 10860 1102
2 9967 9871 2450
2 7734 15404 5706
2 8597 12600 10106
2 8469 9409 11060
2 8890 8504 2435
2 13633 10410 3974
2 4844 4085 10890
2 13419 11031 8629
2 14818 3629 3797
2 8754 10598 10104
2 2988 854 9869
2 11034 13008 3970
2 4054 2729 5109
2 8841 14689 8603
2 13280 14044 8802
2 7515 3975 9218
2 6518 8825 5985
2 10585 4025 8792
2 8748 4620 8711
2 3786 5306 8786
2 13600 1437 8807
2 8807 1437 2948
2 8582 5654 1577
2 3452 13256 15413
2 3905 13102 1917
2 7525 8090 3843
2 4059 1290 12979
2 4754 11996 392
2 949 13970 2816
2 3291 3275 14743
2 902 481 5570
2 490 2080 602
2 13215 3890 11668
2 9869 1974 5542
2 8439 481 902
2 3897 481 8439
2 1632 2147 3818
2 9573 3917 1609
2 2253 3853 10365
2 8854 4015 2132
2 1634 8800 1609
2 3975 3407 4973
2 465 776 1014
2 3890 9873 13500
2 804 9682 13745
2 4329 12684 393
2 8404 9190 8616
2 8404 15166 9190
2 3813 10286 1710
2 7048 8504 3968
2 7048 3968 3021
2 8890 3968 8504
2 3748 14086 4042
2 929 3975 3969
2 2435 8597 3953
2 7594 5670 984
2 6197 12857 3907
2 2176 3859 9967
2 3744 3732 1771
2 4014 4015 2101
2 6673 3911 3909
2 6673 2283 8562
2 2409 1812 3286
2 13013 495 5684
2 4024 4625 13232
2 2865 1864 7671
2 10106 1577 5654
2 4605 15084 3275
2 12875 1926 1968
2 1968 1926 4167
2 5679 7226 4675
2 957 853 9875
2 3733 14302 11683
2 4031 8616 1960
2 7515 3980 11752
2 6656 552 1955
2 602 2080 5649
2 3981 4585 9810
2 4020 8623 1971
2 7226 13177 2145
2 3955 11846 6989
2 3955 136 11846
2 8648 13722 11002
2 10410 7972 3974
2 7972 4020 1971
2 8796 7193 13488
2 13422 3788 14558
2 3825 1632 3592
2 3875 12481 6672
2 2054 12288 3904
2 5182 5395 2086
2 468 2086 10362
2 3624 4046 4054
2 4054 4046 2729
2 4007 12487 4014
2 776 465 12821
2 362 2968 10494
2 11527 5100 2126
2 3953 5283 2130
2 9566 136 3955
2 10490 776 2317
2 9539 4837 11023
2 1864 3036 4294
2 3884 12482 13957
2 3969 15401 929
2 984 7592 4663
2 552 6655 8966
2 6655 5135 8966
2 1413 12753 11669
2 2737 12753 1413
2 3859 2176 10892
2 5395 3853 2253
2 1877 8078 3964
2 5572 1151 11032
2 4605 8747 12041
2 2124 4474 12710
2 13154 2219 4044
2 7972 3994 2303
2 3862 2321 3806
2 5397 859 1877
2 3785 12936 5739
2 957 12710 853
2 12600 2968 362
2 2366 1151 9748
2 2366 11032 1151
2 4962 13997 4013
2 9397 10418 6655
2 3953 8597 10106
2 15049 12210 3985
2 4962 4013 7990
2 5857 4788 3035
2 8429 5714 2405
2 2405 5714 14044
2 13571 8453 5409
2 13571 5409 2478
2 15414 13734 15415
2 15414 15415 8286
2 6612 13583 3745
2 8792 4025 2049
2 9218 3975 929
2 7678 2476 4060
2 2903 11361 2489
2 9573 2903 2489
2 14104 14905 3802
2 9190 15166 8933
2 5096 2412 5410
2 3160 6547 15409
2 5034 2412 5096
2 13101 11473 8483
2 2386 492 964
2 492 2386 13177
2 4087 2318 3415
2 5455 8896 13488
2 11530 3825 14456
2 1634 2407 5714
2 5714 2407 8802
2 3833 4037 10929
2 5679 4015 8854
2 5380 13092 3486
2 11802 12123 3932
2 7972 1971 3974
2 5962 8754 5570
2 8694 8754 5962
2 3851 13212 10114
2 8568 8642 8570
2 3840 13969 9539
2 4137 9479 4008
2 3354 14044 8862
2 3853 14818 8846
2 4033 1102 2985
2 4035 1864 2692
2 1710 10286 4045
2 3909 3910 8851
2 14723 10138 8866
2 2386 5681 13177
2 2318 10495 3415
2 8696 9158 11505
2 5096 4244 12784
2 13089 5096 12784
2 3635 5019 3808
2 3275 8807 14743
2 3275 10600 8807
2 1437 8875 8802
2 8875 13280 8802
2 8875 13597 13280
2 6893 11530 1771
2 4045 2581 4049
2 9552 3980 7515
2 8841 8404 4911
2 4015 8244 2101
2 3958 8606 2126
2 3958 3462 8606
2 12717 3462 3958
2 3789 13423 14558
2 3969 4973 2827
2 9026 7678 4139
2 3592 3826 3825
2 8568 5654 8642
2 11027 4475 7095
2 7095 4475 11032
2 4309 5286 3749
2 3936 11527 4415
2 3036 1864 2865
2 13520 3932 12123
2 13419 8629 10495
2 4015 4675 8244
2 2438 7680 4071
2 10362 4084 5394
2 468 10362 5394
2 10418 8453 6655
2 4059 7296 3887
2 1877 9871 3641
2 4143 3903 2656
2 2656 4022 13009
2 8626 8648 10316
2 8702 11027 8633
2 1812 13500 9873
2 8404 8841 15166
2 8655 9748 2998
2 2711 3036 10422
2 13094 5486 13095
2 13094 13095 13837
2 13096 4031 13093
2 4039 3750 4040
2 1609 3917 3291
2 14465 3375 5653
2 1971 8623 2988
2 7296 13570 3887
2 11045 8160 8674
2 12934 3733 13584
2 8743 8669 8857
2 7382 5569 3897
2 4754 6865 7671
2 7671 6865 15417
2 5286 7473 3804
2 3985 9810 15049
2 7951 13224 15403
2 4060 2476 854
2 3899 11802 2054
2 9810 5126 11383
2 9789 4013 6400
2 4535 4007 7415
2 13786 7415 4007
2 12717 9695 3965
2 9544 3744 14676
2 2729 9544 5109
2 10860 7821 2985
2 1964 5241 10888
2 9866 12706 1876
2 8462 3862 3887
2 13529 7678 3102
2 2438 3102 13528
2 4767 8890 5237
2 8469 3909 3911
2 7111 14081 13624
2 786 2213 13939
2 13939 2213 2801
2 13007 9966 3899
2 2948 1437 8802
2 14743 2948 3277
2 3739 14125 9544
2 3189 8506 5521
2 3189 7684 8597
2 6753 7821 4024
2 7111 8728 1945
2 7473 8594 3804
2 4014 12563 9598
2 498 8594 7473
2 8813 1933 13151
2 3228 4143 4023
2 8552 4087 4135
2 2002 7477 3106
2 15031 13100 12729
2 8655 2998 4453
2 4911 8404 3268
2 5226 8160 8697
2 3035 4788 4034
2 13091 5380 13099
2 3189 5521 7684
2 2132 4014 9598
2 13095 5486 3086
2 10392 13095 3086
2 7627 7594 642
2 13600 5118 9177
2 1280 2348 6839
2 2348 553 6839
2 14284 552 3357
2 9961 13225 15407
2 3930 3927 11846
2 4476 8786 14461
2 11751 11034 3970
2 8425 3446 1846
2 13724 3446 8425
2 4137 14855 13786
2 13786 14855 7415
2 4013 7415 3540
2 2489 5481 8743
2 8669 8743 5481
2 4776 9218 929
2 2048 5580 8548
2 11045 8702 8160
2 11802 12288 2054
2 8234 3789 3813
2 3560 2321 9409
2 2321 3863 9409
2 3296 7515 9218
2 8754 8748 10598
2 10598 8748 8711
2 4835 7226 5679
2 13498 7296 4059
2 2489 11361 5481
2 12857 1964 10888
2 1964 12857 10892
2 6673 8562 3911
2 11060 3501 1202
2 5649 13381 4025
2 4023 4143 3200
2 3200 4143 5054
2 10286 4044 4045
2 4044 3574 4045
2 2985 7821 4033
2 11683 961 14086
2 10494 14148 8553
2 12041 8439 902
2 13151 8819 8869
2 7515 3407 3975
2 10687 1124 7196
2 867 14180 9916
2 8078 3641 3859
2 1877 3641 8078
2 4244 3605 590
2 590 3605 839
2 3086 3268 8404
2 3086 14099 3268
2 2827 4973 11751
2 14284 3357 14965
2 5064 3927 3930
2 9916 14180 4626
2 10890 4085 1966
2 15407 3645 3851
2 5304 3645 4069
2 3890 13500 13826
2 4048 13923 13641
2 6750 1110 1102
2 6750 1102 14051
2 8586 7684 10722
2 4049 1710 4045
2 4034 4026 14240
2 4026 9682 14240
2 2400 12979 13493
2 3277 2948 8802
2 2407 3277 8802
2 12210 9566 2701
2 1177 3561 11034
2 1177 5054 3561
2 3289 4361 5393
2 1142 8499 3965
2 2816 3839 11799
2 3969 2827 15410
2 8648 8626 7507
2 8648 7507 5918
2 3759 13305 3288
2 4244 3762 3605
2 4244 5410 3762
2 3592 1632 3818
2 3818 3826 3592
2 12934 14302 3733
2 3965 1922 7776
2 1922 5283 7776
2 3965 8499 1922
2 3637 14411 8526
2 553 6673 4297
2 553 4297 6839
2 3407 11752 1442
2 13154 3789 14558
2 5497 8633 8154
2 3827 5233 8621
2 2219 5038 12629
2 3895 13224 7951
2 5394 3895 3780
2 5306 8280 3802
2 5580 11472 8548
2 5542 8854 3974
2 11122 4027 13760
2 10488 13760 4027
2 3007 14180 867
2 1812 852 13497
2 7776 8569 10844
2 4050 4328 14965
2 13488 8896 8796
2 8606 4415 2126
2 8747 4605 14391
2 5684 2176 9967
2 3862 3806 9395
2 4585 5126 9810
2 4245 15159 3915
2 13099 2093 12004
2 12004 2093 13090
2 13743 12004 13090
2 4013 3540 6400
2 14855 6400 3540
2 13866 15408 9961
2 3887 1290 4059
2 5100 11527 4449
2 3980 12875 2520
2 6372 12693 4020
2 14391 3275 3291
2 10316 9432 8682
2 11137 4767 3798
2 8549 3486 10683
2 5380 3486 8549
2 11023 4476 3840
2 7593 13724 1013
2 14460 5306 3802
2 2048 8548 8933
2 671 3296 4245
2 3788 13442 4309
2 3788 4309 14138
2 8414 10600 14447
2 9479 13786 2101
2 2093 1348 4260
2 8606 14677 4006
2 5530 8825 6518
2 13083 7348 12683
2 7348 4328 12683
2 4020 7972 14076
2 3745 8280 4583
2 3716 6865 392
2 11032 8633 7095
2 3632 10669 4733
2 3905 5386 5226
2 5386 8160 5226
2 13083 12683 13240
2 13007 3286 1360
2 10491 3786 13421
2 9969 495 13013
2 8582 8552 4135
2 4031 10392 8616
2 2093 5034 13090
2 3289 3816 4361
2 10362 4361 3816
2 3826 9226 468
2 10228 8643 7680
2 4796 7111 1945
2 1945 7593 5671
2 15084 10600 3275
2 11023 4837 12863
2 1966 11023 12863
2 7833 14702 3748
2 15409 6547 15400
2 3635 4166 13734
2 3635 14051 4166
2 3025 8761 11833
2 8796 13053 7193
2 1933 5685 4620
2 1933 8813 5685
2 5671 4796 1945
2 12041 14852 4724
2 13488 7193 8860
2 13488 8860 8861
2 3903 4022 2656
2 3905 1917 5386
2 1710 6656 3813
2 6656 1955 3813
2 1577 12600 362
2 6221 8441 824
2 13398 8569 6716
2 14743 8807 2948
2 1968 4535 13997
2 2520 4962 11752
2 9869 5542 3974
2 6655 552 14284
2 3745 13583 10929
2 4585 3981 12271
2 8654 8678 11002
2 3036 12562 4294
2 12706 3863 2124
2 12706 2124 12710
2 15416 738 15417
2 14148 2968 14865
2 4023 13232 4625
2 4625 10860 3228
2 1945 8728 8709
2 9916 4626 5064
2 8841 8603 3637
2 4035 2692 12559
2 14555 1054 10669
2 1877 859 9871
2 8869 4547 8867
2 9916 3930 9941
2 9916 5064 3930
2 3964 9693 807
2 3964 13449 9693
2 8696 7619 7382
2 3824 4059 13491
2 3824 13498 4059
2 2080 490 984
2 5670 2080 984
2 12210 2701 2524
2 11027 7095 8633
2 2408 13571 2478
2 11974 11799 1521
2 4361 2173 5393
2 4118 3824 13424
2 4015 5679 4675
2 3875 9350 12481
2 9573 1609 8800
2 6757 9524 7594
2 10364 13212 3851
2 7525 3824 13491
2 3806 2321 3560
2 3806 3560 9395
2 4733 8688 3632
2 5857 4036 4788
2 7594 984 642
2 984 5671 642
2 2002 3106 12934
2 8856 7498 3018
2 12266 7498 8856
2 5118 4716 8867
2 8869 8867 4716
2 3018 4036 12754
2 1831 2737 13826
2 136 4734 15049
2 4453 14689 4911
2 8594 4905 3804
2 4069 3289 5393
2 8643 8626 7680
2 1968 12487 4535
2 12563 12487 4167
2 11974 6872 3843
2 14852 8857 9158
2 14852 8747 8857
2 6839 3907 1280
2 2317 13421 4085
2 3853 14671 10365
2 9190 4782 1960
2 9190 8549 4782
2 3907 3893 9693
2 3893 3907 6839
2 3560 9409 3911
2 9409 3863 3501
2 3501 3863 12706
2 13826 867 1831
2 13826 3007 867
2 3789 4118 13423
2 5481 11361 14555
2 2691 14555 11361
2 7525 3843 2319
2 2319 3843 6872
2 4143 2656 5054
2 13212 2174 3150
2 11530 14456 4280
2 14676 11530 4280
2 9524 1131 8719
2 2952 804 13745
2 8933 8548 9190
2 9190 8548 8549
2 1177 9789 11052
2 10927 4760 3847
2 10364 5393 988
2 4022 3903 3808
2 8852 8856 12754
2 4835 492 13177
2 3561 13008 11034
2 5100 3958 2126
2 3958 5100 4449
2 1360 2045 13007
2 2903 14082 4433
2 4614 3827 7477
2 4244 5096 5410
2 14240 9682 3035
2 2213 8853 8852
2 3063 8852 8853
2 5734 14689 4453
2 5486 8657 14099
2 4037 14702 7833
2 3007 13499 14180
2 2827 15411 15410
2 7990 4013 9789
2 2825 7990 9789
2 468 5182 2086
2 3629 5182 9226
2 3762 8468 3605
2 2412 8483 5410
2 7592 5653 488
2 6893 3825 11530
2 14391 4605 3275
2 11286 3734 13200
2 9810 3987 4167
2 5580 2048 9875
2 14933 3802 8280
2 804 14239 5857
2 15027 14045 9879
2 12684 4329 7349
2 3980 2520 11752
2 13086 12684 7349
2 2317 776 12821
2 3744 13200 3732
2 5195 5490 13088
2 5714 8802 14044
2 3749 12832 4040
2 4040 3750 3749
2 13053 8796 14252
2 8786 5306 14460
2 5099 13183 2
2 1027 7226 2145
2 1027 2145 10585
2 11668 3890 13826
2 13958 13970 949
2 3446 5455 1846
2 3446 8896 5455
2 2317 4085 4844
2 14461 8594 1023
2 5238 12857 6197
2 4476 14461 3840
2 1348 853 11473
2 12863 4837 3875
2 3851 3645 5304
2 3851 5304 10364
2 4476 1966 12862
2 10585 2145 4025
2 2145 5649 4025
2 10316 8682 4071
2 4050 11250 4328
2 4474 11473 12710
2 13491 4059 2400
2 3085 7348 12175
2 11052 3200 1177
2 3825 6893 1632
2 13445 8866 14556
2 8441 14723 8866
2 8623 13528 4060
2 8623 4060 854
2 5059 11030 8553
2 8553 5734 5059
2 4796 5671 4663
2 984 4663 5671
2 9684 804 2952
2 10115 3915 15159
2 8697 11835 5226
2 9134 9941 3922
2 5233 3827 4614
2 4023 8083 13232
2 2049 4025 11122
2 9350 3875 4837
2 14682 3822 13006
2 1177 3200 5054
2 14922 4039 12629
2 13969 3840 498
2 8669 5481 14555
2 2048 8933 8526
2 2046 15412 6593
2 6593 15412 9003
2 6655 8453 5135
2 468 14230 3826
2 11527 15027 9879
2 8547 14099 8655
2 8547 3268 14099
2 2101 13786 4007
2 5038 14558 3788
2 14138 5038 3788
2 7684 5521 4432
2 5521 13272 4432
2 13449 5238 6197
2 7349 8826 8634
2 10890 1966 12863
2 4717 10687 393
2 3936 4415 13981
2 5542 1974 8854
2 1442 2825 11751
2 8586 8597 7684
2 11751 2825 11034
2 5409 839 11726
2 1012 9566 3955
2 4049 4702 1710
2 11031 1151 5572
2 4294 12562 4788
2 3160 10115 6547
2 13497 3286 1812
2 4767 5237 3798
2 5580 853 1348
2 9810 3985 3987
2 9735 481 4752
2 11061 9875 8532
2 4554 6716 8643
2 2048 8532 9875
2 10228 4554 8643
2 6883 8483 4474
2 11473 4474 8483
2 13600 9177 8875
2 13097 5486 13094
2 13500 2409 3007
2 8796 8709 8728
2 8796 8896 8709
2 12482 8562 2283
2 1012 3994 9566
2 13981 3994 1012
2 3786 8786 12862
2 2968 8586 14865
2 13997 7415 4013
2 13278 5486 13097
2 5126 8550 9941
2 3813 1955 8234
2 1955 10927 8234
2 4087 13722 4135
2 4088 13418 5501
2 6893 2147 1632
2 4449 5397 5777
2 5397 1877 5777
2 7226 4835 13177
2 11061 3192 1202
2 5118 13151 4716
2 3160 13866 910
2 4033 5353 1102
2 488 4796 4663
2 3102 7678 4060
2 11354 8694 8761
2 2303 14076 7972
2 5985 8825 4620
2 8792 4008 1027
2 1027 10585 8792
2 2046 6593 13008
2 13154 5038 2219
2 5654 8582 12805
2 5654 12805 8642
2 2827 11751 3970
2 4734 12210 15049
2 15159 9218 4776
2 5683 495 6285
2 13499 3904 14180
2 8441 3498 14723
2 8711 14447 10598
2 15084 10598 14447
2 9566 3994 2701
2 3839 498 1521
2 8568 8570 5283
2 7776 5283 8570
2 4824 5424 8942
2 3877 4824 8942
2 13093 4031 10683
2 3899 3286 13007
2 3899 13499 3286
2 4028 3036 2711
2 4309 7473 5286
2 4028 2711 10255
2 4008 5272 4137
2 3968 8890 4767
2 5681 4872 5669
2 4872 5681 2476
2 5237 1142 2752
2 4309 1521 7473
2 885 5570 481
2 7997 11835 5497
2 2318 4088 13419
2 2321 3862 10373
2 3862 8462 10373
2 5135 2408 4760
2 10927 5135 4760
2 392 11996 685
2 4266 4047 14104
2 8579 12995 4047
2 8579 4047 4266
2 4027 2952 13745
2 1131 2952 4027
2 13013 5684 9967
2 6197 3907 9693
2 6197 9693 13449
2 9524 2952 1131
2 2952 9524 8784
2 5497 8154 4512
2 5486 13278 8657
2 12821 5233 4614
2 10491 3785 5739
2 11045 8674 5962
2 5962 8674 8694
2 2213 786 8853
2 3833 14702 4037
2 11052 8083 4023
2 5396 3890 13215
2 9873 3890 5396
2 5681 5669 602
2 9967 3859 9871
2 1812 2409 13500
2 3785 15088 12936
2 12821 15088 3785
2 4760 13498 3847
2 8747 14391 3917
2 492 4835 1974
2 8711 8813 14447
2 3903 6750 3808
2 8813 11738 14447
2 3744 9544 2729
2 4620 8825 8826
2 4033 7821 14407
2 4026 4033 14407
2 9552 7515 3296
2 10362 3816 4084
2 1131 4027 8719
2 11523 13006 1360
2 8719 4027 11122
2 13083 13240 14503
2 4614 7477 12936
2 3851 10114 9961
2 9961 15407 3851
2 13923 4048 4047
2 3741 4047 4048
2 2821 3106 7477
2 3106 2821 12323
2 11527 2126 4415
2 10373 2124 3863
2 5353 5292 4028
2 13420 12821 3785
2 13177 5681 602
2 5292 5353 4033
2 4034 5292 4033
2 8657 8154 2366
2 8621 5233 10496
2 10373 3863 2321
2 10255 10422 15416
2 8796 8728 14252
2 8244 1027 9479
2 1027 4008 9479
2 5353 4028 14051
2 8234 10927 3847
2 4118 8234 3847
2 4139 8682 10669
2 4733 10669 8682
2 8657 9748 8655
2 8657 2366 9748
2 4872 8667 5669
2 8667 4872 2476
2 1054 2691 3375
2 2435 8504 3189
2 3899 2054 3904
2 13499 3899 3904
2 498 1023 8594
2 11527 9879 5397
2 11683 3734 961
2 602 5649 2145
2 13177 602 2145
2 3025 6518 8761
2 8761 6518 5985
2 9961 15408 13225
2 14125 3739 10589
2 14125 10589 5099
2 8621 10496 3822
2 5653 3375 488
2 4796 488 7111
2 2408 13498 4760
2 7821 10860 4024
2 5064 4626 3927
2 14082 2903 9573
2 8872 11996 4754
2 2524 2701 10410
2 14555 10669 3632
2 1831 13535 2737
2 12753 2737 13535
2 11030 5501 8553
2 8553 5501 13418
2 3823 10490 4844
2 12481 1795 6672
2 12482 3884 8562
2 11027 11045 1153
2 4038 12832 3804
2 4038 3804 7069
2 3 15158 14547
2 9695 2752 1142
2 11846 11383 3930
2 13099 5380 6304
2 2692 4294 4788
2 12562 4034 4788
2 8414 5118 13600
2 1027 4675 7226
2 1027 8244 4675
2 10888 5241 3875
2 5241 12863 3875
2 6672 553 2348
2 14426 11505 8688
2 1966 4476 11023
2 14094 4754 4035
2 3887 3862 1290
2 8469 3021 11137
2 8678 14426 11002
2 14426 9432 11002
2 4031 1960 10683
2 738 7671 15417
2 10422 2865 738
2 2405 14044 3354
2 2173 2253 3665
2 4118 3789 8234
2 7627 14721 6757
2 11863 14235 15401
2 7627 6757 7594
2 10589 15399 5099
2 14405 14455 3780
2 671 3761 3296
2 3296 3761 9552
2 13400 8669 3632
2 8582 362 8552
2 10722 14411 8603
2 5649 5670 13381
2 8582 4135 5918
2 8579 14145 4043
2 1202 14583 11060
2 9810 11383 15049
2 5410 8483 6883
2 13757 5410 6883
2 3904 12288 4626
2 590 5195 13088
2 3288 5195 590
2 2524 9598 12210
2 8732 14081 7111
2 9735 5569 8629
2 15411 2827 3970
2 14099 8657 8655
2 553 2283 6673
2 553 12482 2283
2 14460 3802 4905
2 14456 14230 3362
2 11031 4475 8629
2 4475 11026 8629
2 2581 13041 4049
2 4049 1292 4702
2 11027 1153 11026
2 11027 11026 4475
2 1968 4167 12487
2 3629 3853 5395
2 3853 3629 14818
2 3969 3975 4973
2 3786 4583 5306
2 6750 14051 3635
2 1922 8499 5283
2 7684 4432 10722
2 3994 13981 2303
2 2520 12875 4962
2 1933 14177 8819
2 2821 3827 12323
2 8526 8532 2048
2 4432 14411 10722
2 3624 4054 733
2 10316 4071 8626
2 3288 5490 5195
2 11835 13100 5017
2 4023 3200 11052
2 8629 5569 10495
2 13722 8654 11002
2 3150 11668 1413
2 3150 13215 11668
2 10106 12600 1577
2 3987 3985 9598
2 4166 4028 6314
2 8090 13959 3843
2 15401 3969 15410
2 4752 481 3897
2 5397 9879 859
2 5569 4752 3897
2 8586 2968 12600
2 8597 8586 12600
2 9941 3930 5126
2 902 5570 10104
2 3021 8469 11060
2 10104 5570 8754
2 2701 3994 10410
2 3965 7776 3462
2 3965 3462 12717
2 3798 5237 13856
2 8468 5410 13757
2 1519 14405 15402
2 4702 6656 1710
2 8869 8819 10582
2 12857 10888 1280
2 8504 8506 3189
2 8506 3192 11061
2 5580 9875 853
2 13272 8506 11061
2 3936 13981 1012
2 10114 3150 910
2 13212 3150 10114
2 3780 7951 15403
2 3895 7951 3780
2 8654 8628 8678
2 3877 8942 3797
2 12323 3827 4824
2 11974 3843 11799
2 3106 12323 1702
2 3823 1964 4070
2 7995 13278 4512
2 4512 8485 7997
2 7997 5497 4512
2 6221 8784 14721
2 2865 7671 738
2 2303 13981 10924
2 4620 8826 1933
2 8078 13449 3964
2 9226 5182 468
2 14855 3540 7415
2 14148 10494 2968
2 5424 8621 7657
2 3816 15404 4084
2 10927 552 8966
2 3964 8763 1877
2 9695 3964 807
2 10890 12863 5241
2 8606 4005 4415
2 4415 4005 10924
2 3980 3981 12875
2 12875 3981 1926
2 4008 13014 5272
2 15166 8841 3637
2 5670 8719 13381
2 8550 3922 9941
2 3036 4028 5292
2 13006 3822 5682
2 15414 5019 13734
2 11833 1917 3025
2 3797 8942 14666
2 8942 7657 14666
2 3561 2046 13008
2 4583 5739 3745
2 2130 2435 3953
2 8654 3415 8628
2 8654 4087 3415
2 1876 957 9875
2 5685 8711 4620
2 11052 6400 8083
2 3160 15408 13866
2 1521 11799 3839
2 13088 4244 590
2 12784 4244 13088
2 12271 3980 9552
2 1519 10589 5159
2 5226 11835 5017
2 5159 14455 14405
2 3823 4844 10890
2 10890 5241 3823
2 3917 14391 3291
2 1499 13092 13091
2 4084 15404 13224
2 4084 13224 3895
2 5386 8674 8160
2 5386 11833 8674
2 3843 9349 11799
2 3665 988 5393
2 3762 5410 8468
2 1795 4290 12482
2 4415 10924 13981
2 8719 11122 13381
2 3415 10495 8628
2 13006 9969 2045
2 5682 9969 13006
2 2147 12323 3877
2 13491 2400 8090
2 4474 10373 6883
2 8462 6883 10373
2 10687 7196 393
2 393 7196 4329
2 988 5396 2174
2 10365 5396 988
2 4782 10683 1960
2 1960 8616 9190
2 4824 3827 5424
2 804 9684 14239
2 13422 6872 3788
2 13305 13087 5490
2 5497 8697 8633
2 4088 5501 11030
2 4069 15406 13223
2 13224 15404 7734
2 14491 10255 15416
2 8813 8711 5685
2 2952 8784 9684
2 8696 7382 8439
2 14682 3821 7657
2 4782 8549 10683
2 8800 8429 4433
2 13041 4050 4049
2 1292 4049 4050
2 2985 1102 10860
2 14583 7048 3021
2 8854 2132 13633
2 4453 4911 8547
2 5126 4585 8550
2 8642 12805 8643
2 8642 8643 6716
2 3486 13092 10683
2 10683 13092 866
2 8552 13417 4087
2 2080 5670 5649
2 642 5671 7593
2 5682 495 9969
2 1014 495 5682
2 5683 5684 495
2 13633 2132 2524
2 13272 8532 14411
2 8532 8526 14411
2 4035 4754 7671
2 1634 14743 2407
2 14666 7657 3821
2 4973 1442 11751
2 490 5669 7592
2 14148 5734 8553
2 5669 5653 7592
2 11833 8761 8674
2 7382 8628 5569
2 8869 4716 13151
2 5739 6612 3745
2 14689 5734 8603
2 14865 8603 5734
2 9226 3818 3629
2 3629 3818 3797
2 5126 3930 11383
2 8582 1577 362
2 4143 3228 1110
2 6750 4143 1110
2 8090 7525 13491
2 1917 11833 5386
2 6285 495 1014
2 3561 5054 2046
2 5237 8499 1142
2 8719 5670 7594
2 5380 8548 11472
2 5380 8549 8548
2 12832 3749 3804
2 5286 3804 3749
2 4059 12979 2400
2 8462 3887 8746
2 2002 12936 7477
2 4087 8654 13722
2 7477 3827 2821
2 14125 4051 5109
2 4042 4041 13613
2 4042 961 4041
2 2988 8623 854
2 14045 6989 3932
2 3823 4070 5683
2 8761 5985 11354
2 8748 5985 4620
2 15408 3160 8952
2 5455 8861 8858
2 1964 3823 5241
2 8862 14044 13280
2 6893 1771 12322
2 12322 1771 3732
2 12857 1280 3907
2 10888 2018 1280
2 6672 1280 2018
2 4022 3808 5019
2 13101 8483 5034
2 5034 8483 2412
2 13151 11738 8813
2 2318 13419 10495
2 4297 6673 3909
2 8748 8754 11354
2 1202 1876 11061
2 11061 1876 9875
2 4432 13272 14411
2 2318 13418 4088
2 13571 2408 5135
2 3798 13856 3893
2 8851 3798 3893
2 3296 9218 4245
2 5424 3827 8621
2 8244 9479 2101
2 13970 4837 9539
2 4015 4014 2132
2 14865 10722 8603
2 1292 4050 14965
2 3025 9125 5530
2 3025 13104 9125
2 9748 11030 2998
2 9748 1151 11030
2 6372 4020 14076
2 4070 2176 5684
2 2176 4070 10892
2 10286 3813 3789
2 8441 6221 3498
2 3407 1442 4973
2 3847 3824 4118
2 3824 3847 13498
2 2438 13529 3102
2 13529 4071 8682
2 4512 13278 8485
2 5237 2752 13856
2 1955 552 10927
2 11726 8468 8746
2 8702 8697 8160
2 12210 4734 9566
2 3798 8851 3910
2 7627 642 1013
2 6314 4028 10255
2 13923 4047 12995
2 4047 3741 14104
2 14081 8732 11361
2 4911 3268 8547
2 4625 3228 4023
2 10496 10489 3822
2 2692 1864 4294
2 3741 14905 14104
2 11031 5572 4475
2 5059 5734 4453
2 8890 2435 2130
2 4512 8154 7995
2 7995 8154 8657
2 671 4245 3915
2 11669 671 3915
2 7507 8626 8643
2 733 4054 4051
2 4051 4054 5109
2 8506 8504 7048
2 3192 8506 7048
2 10115 15159 6547
2 3605 8468 839
2 3739 5159 10589
2 1888 12041 902
2 1888 4605 12041
2 3853 8846 14671
2 4042 7833 3748
2 12936 2002 6612
2 6656 4702 1292
2 3086 8616 10392
2 8616 3086 8404
2 11802 3932 12288
2 13959 9349 3843
2 6672 1795 553
2 5530 9125 12783
2 5530 12783 12916
2 13442 11974 1521
2 4088 11030 1151
2 3922 13535 9134
2 3922 3761 13535
2 4022 5019 14619
2 8570 6716 8569
2 13014 2049 6753
2 12754 8856 3018
2 4146 468 5394
2 11026 9735 8629
2 9544 14125 5109
2 14094 12266 8872
2 5409 11726 2478
2 2478 11726 13570
2 14045 3955 6989
2 3955 14045 15027
2 11846 3927 6989
2 3859 10892 5238
2 3788 6872 13442
2 4420 8881 1124
2 910 3150 13214
2 786 8864 8853
2 13273 5857 2801
2 3917 8743 8857
2 852 1812 9873
2 5037 8858 8861
2 3665 2253 10365
2 552 6656 3357
2 6839 4297 8851
2 7349 14177 8826
2 1054 3375 14465
2 9026 1054 14465
2 3922 8550 12271
2 1202 9866 1876
2 3501 9866 1202
2 2049 13760 2652
2 4309 3749 3750
2 988 3665 10365
2 11752 7990 1442
2 4449 8763 3958
2 3958 8763 12717
2 3741 7069 14905
2 10104 10598 1888
2 7990 11752 4962
2 5396 13215 2174
2 3761 10038 9552
2 3761 3922 10038
2 3744 1771 11530
2 13443 4044 12629
2 2219 12629 4044
2 12629 5038 14922
2 11523 9865 3821
2 12271 3981 3980
2 4724 14852 8696
2 8696 8439 4724
2 492 1974 9869
2 854 492 9869
2 4166 6314 13734
2 3786 12862 13421
2 3018 12559 4036
2 3289 13223 3816
2 14965 7348 14284
2 3816 13223 15405
2 4724 8439 12041
2 12706 12710 957
2 465 5233 12821
2 5233 465 10496
2 8441 8865 8864
2 3025 5530 6518
2 2407 14743 3277
2 13528 8557 4141
2 9218 15159 4245
2 11026 885 9735
2 1153 885 11026
2 6672 2348 1280
2 8682 4139 13529
2 3824 7525 13424
2 12487 4007 4535
2 5054 2656 13009
2 2046 13009 15412
2 984 490 7592
2 1013 642 7593
2 3953 10106 8568
2 13584 14086 3748
2 3936 15027 11527
2 9349 13959 12484
2 4070 1964 10892
2 1442 7990 2825
2 8154 8633 11032
2 3859 5238 8078
2 6400 14855 8083
2 8429 2405 14068
2 14068 2405 3354
2 3021 3968 11137
2 8570 8569 7776
2 8854 13633 3974
2 15169 8280 3745
2 14138 3750 14922
2 1634 5714 8800
2 13278 13097 8485
2 13789 8485 13097
2 4835 5679 1974
2 3822 14682 8621
2 8634 8825 12916
2 8634 12916 13105
2 8634 8826 8825
2 3750 4039 14922
2 8674 8761 8694
2 8746 3887 13570
2 4449 5777 8763
2 14461 8786 14460
2 4008 8792 13014
2 8846 3821 9865
2 8846 14666 3821
2 6839 8851 3893
2 8499 8890 2130
2 8709 8896 13724
2 12487 12563 4014
2 15166 3637 8526
2 4020 12693 8557
2 1831 867 9134
2 807 13856 2752
2 4069 5393 10364
2 4006 4005 8606
2 949 2816 9349
2 13958 9350 13970
2 3637 8603 14411
2 13939 9684 8787
2 8800 14082 9573
2 8807 8414 13600
2 13398 10844 8569
2 3025 1917 13104
2 12979 3862 9395
2 14426 8688 9432
2 8784 9524 6757
2 13400 8688 11505
2 7619 8696 11505
2 9158 8857 8669
2 9524 8719 7594
2 2816 13970 9539
2 8567 8561 4006
2 8567 6372 8561
2 9432 8688 4733
2 882 2450 12123
2 13684 9564 2
2 9564 5099 2
2 9573 2489 8743
2 13493 9395 3884
2 3192 7048 1202
2 8453 13571 5135
2 12562 5292 4034
2 9695 1142 3965
2 1971 2988 9869
2 8469 3911 9409
2 8746 8468 13757
2 9684 8784 8787
2 4005 4006 8561
2 8469 11137 3910
2 8469 3910 3909
2 8561 6372 10924
2 8872 4754 14094
2 5857 14239 2801
2 8881 8819 14177
2 10582 8881 4420
2 10582 8819 8881
2 14068 8879 7193
2 14556 8866 8863
2 8863 8866 10138
2 8861 5455 13488
2 8867 9177 5118
2 8867 1801 9177
2 9693 3893 13856
2 807 2752 9695
2 8697 8702 8633
2 3917 9573 8743
2 9735 885 481
2 12805 8582 5918
2 2825 9789 1177
2 8942 5424 7657
2 13497 852 9865
2 14671 9865 852
2 12710 11473 853
2 859 2450 9871
2 4086 852 9873
2 14045 3932 13520
2 867 9916 9134
2 10929 4037 4043
2 4069 13223 3289
2 15403 13224 7734
2 13013 9967 882
2 882 9967 2450
2 5962 5570 885
2 15407 15406 3645
2 3645 15406 4069
2 13757 6883 8462
2 10104 1888 902
2 10114 910 13866
2 910 13214 10115
2 10711 8425 10138
2 10228 4141 8557
2 10228 12693 4554
2 10228 8557 12693
2 3903 4143 6750
2 14447 10600 15084
2 12210 9598 3985
2 3808 6750 3635
2 988 2174 10364
2 10373 4474 2124
2 12754 2213 8852
2 3994 7972 10410
2 13305 10418 13087
2 13529 4139 7678
2 3036 2865 10422
2 13724 8425 1013
2 1013 3867 7627
2 9682 4026 10488
2 4026 14407 10488
2 465 1014 10489
2 1014 5682 10489
2 5683 4070 5684
2 8552 10494 13417
2 8567 4006 13398
2 4006 10844 13398
2 14865 8586 10722
2 13624 2903 4433
2 9026 10669 1054
2 3867 10711 3498
2 3498 10711 14723
2 10490 1014 776
2 3552 882 9966
2 14677 10844 4006
2 12684 13086 14864
2 3632 8688 13400
2 8154 11032 2366
2 11034 2825 1177
2 4041 11286 3048
2 4041 3734 11286
2 11354 5985 8748
2 11361 8732 2691
2 11683 14086 3733
2 4260 1348 11473
2 1864 4035 7671
2 14676 3744 11530
2 5306 4583 8280
2 11683 12322 3732
2 14447 11738 8414
2 7515 11752 3407
2 3899 9966 11802
2 3357 6656 14965
2 11835 8697 5497
2 12805 7507 8643
2 15400 6547 4776
2 4788 12559 2692
2 3897 8439 7382
2 13417 13418 2318
2 10491 13421 13420
2 13083 12175 7348
2 13083 14503 12175
2 4752 5569 9735
2 14180 3904 4626
2 3932 6989 12288
2 12288 6989 3927
2 4626 12288 3927
2 12323 2147 1702
2 3833 2482 14702
2 2435 3189 8597
2 3036 5292 12562
2 7111 13624 8728
2 13535 1831 9134
2 7498 12559 3018
2 6304 1348 2093
2 13099 6304 2093
2 9134 9916 9941
2 5777 1877 8763
2 8414 11738 5118
2 4036 13273 12754
2 14190 12783 13104
2 9125 13104 12783
2 9598 12563 3987
2 10038 12271 9552
2 13734 6314 10255
2 12693 6372 8567
2 4085 12862 1966
2 4309 3750 14138
2 12875 1968 4962
2 14865 5734 14148
2 8825 5530 12916
2 2002 12934 2482
2 3732 3734 11683
2 13013 882 3552
2 13014 8792 2049
2 2049 11122 13760
2 8851 4297 3909
2 4433 8429 13053
2 4583 10491 5739
2 6304 5380 11472
2 2093 4260 13101
2 4260 11473 13101
2 2093 13101 5034
2 15413 13009 4022
2 14302 3106 1702
2 8746 13757 8462
2 1933 8819 13151
2 3362 14230 4146
2 1974 5679 8854
2 13866 9961 10114
2 4046 11286 13200
2 13583 2482 3833
2 10364 2174 13212
2 13214 3150 1413
2 13214 1413 11669
2 3150 2174 13215
2 4086 5396 10365
2 8966 5135 10927
2 15405 13223 7733
2 4137 5272 13232
2 8083 4137 13232
2 12753 3761 671
2 3452 15413 13261
2 2801 2213 13273
2 8453 13305 3759
2 8453 10418 13305
2 5962 885 1153
2 13929 13091 12004
2 13091 13099 12004
2 5380 13091 13092
2 5226 5017 13102
2 13095 10392 13096
2 12729 13100 8485
2 12916 12783 13105
2 13102 3905 5226
2 1917 13102 13104
2 13086 7349 8634
2 13086 8634 13105
2 9397 12175 13084
2 13084 10418 9397
2 10418 13084 13087
2 13381 11122 4025
2 14730 13789 13097
2 13094 13837 14730
2 13097 13094 14730
2 2408 2478 7296
2 9158 8669 13400
2 4844 10490 2317
2 13417 2318 4087
2 2317 12821 13420
2 13420 13421 2317
2 2319 6872 13422
2 13423 2319 13422
2 13423 4118 2319
2 4118 13424 2319
2 13424 7525 2319
2 4022 14619 15413
2 8732 7111 488
2 8078 5238 13449
2 2049 2652 6753
2 3552 13007 2045
2 2045 9969 3552
2 3785 10491 13420
2 3286 13497 1360
2 13498 2408 7296
2 2450 859 13520
2 9879 13520 859
2 11060 9409 3501
2 3102 4060 13528
2 4141 7680 2438
2 12123 2450 13520
2 13600 8875 1437
2 15414 8286 13261
2 15414 13261 14619
2 15414 14619 5019
2 2002 2482 6612
2 465 10489 10496
2 7296 2478 13570
2 6612 2482 13583
2 12934 13584 2482
2 14702 13584 3748
2 5739 12936 6612
2 9432 10316 11002
2 13724 8896 3446
2 14081 2903 13624
2 8696 14852 9158
2 9397 6655 3085
2 3085 6655 14284
2 3560 3911 8562
2 2400 2810 8090
2 2400 13493 2810
2 4041 3048 13613
2 8667 9026 14465
2 5918 4135 13722
2 13624 14252 8728
2 5019 3635 13734
2 9682 10488 13745
2 6753 2652 7821
2 10488 2652 13760
2 5272 13014 6753
2 2524 10410 13633
2 9479 4137 13786
2 9966 882 12123
2 5455 8858 1846
2 11668 13826 2737
2 9869 3974 1971
2 1846 10138 8425
2 7193 8879 8860
2 5353 14051 1102
2 14888 8881 14177
2 13100 11835 7997
2 3035 804 5857
2 1795 12481 13958
2 2810 12484 13959
2 8090 2810 13959
2 13969 3839 2816
2 9539 13969 2816
2 11052 9789 6400
2 4962 1968 13997
2 4535 7415 13997
2 2147 6893 1702
2 7193 13053 14068
2 3288 5409 3759
2 2303 10924 14076
2 6372 14076 10924
2 2903 14081 11361
2 14094 4035 7498
2 4005 8561 10924
2 14933 14104 3802
2 4625 4024 10860
2 12753 671 11669
2 14145 15169 3745
2 3745 10929 14145
2 4046 13200 2729
2 14547 13240 12683
2 4328 7348 14965
2 9350 4837 13970
2 4290 1795 13958
2 14905 7069 4905
2 8682 9432 4733
2 13500 3007 13826
2 1292 14965 6656
2 3825 14230 14456
2 4266 8280 15169
2 14235 15400 4776
2 11863 15400 14235
2 4034 14240 3035
2 5486 14099 3086
2 11668 2737 1413
2 13957 4290 2810
2 4290 12484 2810
2 3085 12175 9397
2 14284 7348 3085
2 2482 13584 14702
2 2033 13093 866
2 10683 866 13093
2 12934 3106 14302
2 14922 5038 14138
2 8669 14555 3632
2 11354 8754 8694
2 9395 3560 8562
2 13584 3733 14086
2 11669 10115 13214
2 4048 7069 3741
2 4605 1888 15084
2 3007 2409 13499
2 13497 9865 11523
2 3288 13305 5490
2 14407 7821 2652
2 14407 2652 10488
2 8678 7619 14426
2 10286 3789 13154
2 5159 3362 14455
2 3362 4146 14455
2 4280 14456 3362
2 13151 5118 11738
2 14461 14460 8594
2 8657 13278 7995
2 7997 8485 13100
2 14426 7619 11505
2 5283 3953 8568
2 2691 1054 14555
2 8552 362 10494
2 3462 7776 10844
2 10422 738 15416
2 2524 2132 9598
2 8807 10600 8414
2 12559 7498 4035
2 15403 14405 3780
2 14721 3867 3498
2 6221 14721 3498
2 13398 6716 4554
2 7069 3804 4905
2 9969 13013 3552
2 3552 9966 13007
2 7196 14888 4329
2 4329 14888 14177
2 7619 8678 7382
2 14068 13053 8429
2 10255 2711 10422
2 12706 957 1876
2 839 8468 11726
2 13570 11726 8746
2 4166 14051 4028
2 1634 1609 3291
2 11505 9158 13400
2 14682 7657 8621
2 5394 3780 14455
2 13091 13929 1499
2 8567 4554 12693
2 2438 13528 4141
2 14818 3797 14666
2 3818 3877 3797
2 3968 4767 11137
2 14671 852 4086
2 14676 4280 9544
2 8606 3462 14677
2 3462 10844 14677
2 3821 14682 11523
2 10929 13583 3833
2 9693 13856 807
2 7507 12805 5918
2 11802 9966 12123
2 7627 3867 14721
2 3867 8425 10711
2 2147 3877 3818
2 3877 12323 4824
2 5054 13009 2046
2 8747 3917 8857
2 8579 4266 14145
2 13722 8648 5918
2 3739 4280 8252
2 3739 8252 5159
2 8642 6716 8570
2 4139 10669 9026
2 11045 5962 1153
2 1702 6893 12322
2 11846 15049 11383
2 6672 2018 3875
2 10888 3875 2018
2 8846 14818 14666
2 12979 9395 13493
2 5304 4069 10364
2 7680 8626 4071
2 10365 14671 4086
2 4086 9873 5396
2 13419 4088 11031
2 4475 5572 11032
2 8846 9865 14671
2 10494 13418 13417
2 5394 4084 3895
2 13421 12862 4085
2 2173 3665 5393
2 12857 5238 10892
2 13423 13422 14558
2 4088 1151 11031
2 14855 4137 8083
2 12266 14094 7498
2 8667 7678 9026
2 8623 8557 13528
2 5394 14455 4146
2 4141 10228 7680
2 3629 5395 5182
2 468 4146 14230
2 1926 3981 4167
2 13493 13957 2810
2 13053 14252 4433
2 11523 14682 13006
2 14905 4905 3802
2 9395 8562 3884
2 136 15049 11846
2 12753 13535 3761
2 4266 14104 14933
2 13273 4036 5857
2 2801 14239 9684
2 2801 9684 13939
2 3964 9695 8763
2 9544 4280 3739
2 10495 5569 8628
2 4290 13958 12484
2 13957 12482 4290
2 12481 9350 13958
2 6872 11974 13442
2 11250 3 4328
2 12683 4328 3
2 12683 3 14547
2 14723 10711 10138
2 1013 8425 3867
2 5714 8429 8800
2 4788 4036 12559
2 13008 6593 3970
2 6593 9003 15411
2 15411 9003 5145
2 3970 6593 15411
2 14405 1519 5159
2 10106 5654 8568
2 8506 13272 5521
2 13624 4433 14252
2 14082 8800 4433
2 4033 4026 4034
2 4453 8547 8655
2 11027 8702 11045
2 12862 8786 4476
2 4449 11527 5397
2 15032 12729 8485
2 15032 8485 13789
2 8841 4911 14689
2 5580 1348 11472
2 3910 11137 3798
2 8567 13398 4554
2 14619 13261 15413
2 5099 15399 13183
2 10589 1519 15399
2 3786 10491 4583
2 8864 824 8441
2 6221 824 8787
2 8787 8784 6221
2 1888 10598 15084
2 15088 4614 12936
2 12821 4614 15088
2 13273 2213 12754
2 3228 10860 1110
2 4042 14086 961
2 14177 1933 8826
2 14503 15099 12175
2 1202 7048 14583
2 14583 3021 11060
2 14125 5099 9564
2 8550 4585 12271
2 1846 8863 10138
2 8952 3160 15409
2 14460 4905 8594
2 6304 11472 1348
2 13743 13929 12004
2 3826 14230 3825
2 721 4051 9564
2 4051 14125 9564
2 15415 13734 10255
2 15415 10255 14491
2 15159 4776 6547
2 929 15401 14235
2 8252 4280 3362
2 8252 3362 5159
2 1360 13006 2045
2 3501 12706 9866
2 8933 15166 8526
2 8881 14888 7196
2 8881 7196 1124
2 14145 4266 15169
2 14145 10929 4043
2 9879 14045 13520
2 10038 3922 12271
2 14558 5038 13154
2 13200 3734 3732
2 13499 2409 3286
2 11523 1360 13497
2 14068 3354 8879
2 4051 721 733
2 9003 15412 5145
2 15413 13256 15412
2 15413 15412 13009
2 15407 13258 15406
2 15403 15402 14405
2 15404 3816 15405
2 13223 15406 7733
