$MeshFormat
2.2 0 8
$EndMeshFormat
$Nodes
4615
1 -0.038675 0 -0.03187
2 -0.038675 0 0.03287
3 -0.038675 0.014 -0.03187
4 -0.038675 0.014 0.03287
5 -0.037675 0.00491319 0.0123763
6 -0.037623 0.00494642 -0.0233181
7 -0.037675 0.00493106 -0.0114594
8 -0.037675 0.00492982 0.000210695
9 -0.037675 0.00492351 0.0242687
10 -0.037675 0.00494961 0.000711266
11 -0.037675 0.00495915 -0.0239996
12 -0.0376475 0.00494961 -0.0119713
13 -0.037675 0.005047 0.0117397
14 -0.0376384 0.0050484 0.0130045
15 -0.037675 0.00514771 -0.0108163
16 -0.0376383 0.00513039 -0.000414851
17 -0.037675 0.00521311 0.00129234
18 -0.037675 0.00514771 0.0235564
19 -0.037675 0.0050362 0.0249683
20 -0.037675 0.00535423 -0.0247153
21 -0.037675 0.00535423 -0.0127153
22 -0.037675 0.00535423 0.0112847
23 -0.037675 0.00535424 0.0134553
24 -0.0376504 0.00521925 -0.0226975
25 -0.037675 0.00561433 -0.0103237
26 -0.037675 0.00554504 -0.00088927
27 -0.037675 0.00561433 0.00167625
28 -0.037675 0.00561433 0.0230638
29 -0.0376254 0.00545658 0.0255633
30 -0.037675 0.00591585 -0.0250961
31 -0.037627 0.00578229 -0.0222171
32 -0.037675 0.00591585 -0.0130961
33 -0.037675 0.005785 0.010956
34 -0.037675 0.00589171 0.0138265
35 -0.0376717 0.00617461 0.00191592
36 -0.037675 0.00601848 0.0258211
37 -0.037675 0.00624467 -0.0100726
38 -0.037675 0.00624468 -0.00118741
39 -0.037675 0.00624467 0.0228126
40 -0.0372954 0.00641586 -0.0252152
41 -0.037675 0.00641405 0.0107848
42 -0.037675 0.00672952 -0.0116134
43 -0.037675 0.00651887 0.000453545
44 -0.037675 0.00662636 0.0121643
45 -0.037675 0.00658544 -0.0220541
46 -0.037675 0.0065743 -0.0132065
47 -0.037675 0.00658544 0.0139459
48 -0.037675 0.00658544 0.0259459
49 -0.037675 0.00692221 -0.0251507
50 -0.037675 0.00686592 -0.0100937
51 -0.0376702 0.00684269 -0.00117275
52 -0.037675 0.00705426 0.0108859
53 -0.037675 0.00692221 0.0228493
54 -0.0376578 0.00721894 -0.0222248
55 -0.0376396 0.00724512 -0.0130213
56 -0.0376434 0.00720053 0.0137849
57 -0.0376284 0.00725762 0.0257547
58 -0.037675 0.00739088 -0.024944
59 -0.037675 0.00739088 -0.000943956
60 -0.0376597 0.00754662 0.0111883
61 -0.037675 0.00756101 0.00151632
62 -0.037675 0.0075217 0.0231671
63 -0.0376353 0.00765252 -0.0225383
64 -0.037675 0.00765252 -0.0127217
65 -0.0376444 0.00765252 0.0134617
66 -0.0376347 0.00787863 -0.0244087
67 -0.0376296 0.00782271 -0.0107622
68 -0.037675 0.00775639 -0.000585083
69 -0.037675 0.00775639 0.011415
70 -0.037675 0.0078379 0.0252178
71 -0.037675 0.00794753 -0.0230002
72 -0.037675 0.00793233 -0.0122927
73 -0.037675 0.00793529 0.00102626
74 -0.037675 0.0079354 0.023714
75 -0.037675 0.00795078 0.0129488
76 -0.037675 0.0080044 -0.000136891
77 -0.037675 0.0080413 -0.0112908
78 -0.037675 0.0080413 0.0120307
79 -0.037675 0.0080413 0.0247093
80 -0.037675 0.00807819 0.000541639
81 -0.0376207 0.00808284 -0.0235444
82 -0.037675 0.00807819 -0.0118016
83 -0.0376696 0.00807963 0.024225
84 -0.00158517 0.00644111 0.0139741
85 -0.00158517 0.0065 0.0259552
86 -0.001579 0.00664274 -0.0100021
87 -0.00159545 0.00657087 -0.0220448
88 -0.00158517 0.00658595 0.00195517
89 -0.00158271 0.00660854 -0.00121271
90 -0.00160543 0.00629543 -0.0252023
91 -0.00157588 0.00632861 -0.0132059
92 -0.00156785 0.00625475 0.0228021
93 -0.00157054 0.00668397 0.03187
94 -0.00155081 0.00682851 0.022761
95 -0.00159268 0.00627177 0.0108003
96 -0.00155132 0.00681183 -0.03187
97 -0.00157737 0.00687551 -0.0131704
98 -0.0015574 0.00624467 -0.03187
99 -0.0015571 0.00679996 0.0108129
100 -0.00154812 0.00615923 0.00191811
101 -0.00149712 0.00594899 -0.0221429
102 -0.00148726 0.00594954 0.0258573
103 -0.00153873 0.00688339 -0.0251687
104 -0.00155889 0.00612356 -0.0100898
105 -0.00152964 0.0060753 -0.00115964
106 -0.00152964 0.0060753 0.03187
107 -0.00147824 0.00707723 0.0258655
108 -0.00151023 0.00710952 0.0018346
109 -0.0014938 0.00703105 0.0138638
110 -0.00148367 0.00719137 -0.00105671
111 -0.00150303 0.00700368 -0.0220784
112 -0.00145632 0.00580321 -0.0250543
113 -0.00145597 0.0058718 0.022914
114 -0.00137557 0.00571151 -0.0130056
115 -0.00134884 0.00566709 -0.0101973
116 -0.00140798 0.00723192 0.010931
117 -0.00139436 0.00723923 -0.03187
118 -0.00139435 0.00723924 0.03187
119 -0.00134406 0.00565914 0.0017272
120 -0.00132475 0.00737295 0.0229641
121 -0.0012659 0.0055459 -0.0223313
122 -0.0012926 0.00556908 0.0110865
123 -0.0012943 0.00741403 -0.0250028
124 -0.00134827 0.00733385 -0.0129893
125 -0.00122639 0.00549392 0.0256243
126 -0.00132453 0.00562669 -0.000954531
127 -0.00119593 0.00752984 -0.0224341
128 -0.00127993 0.00743094 0.00170979
129 -0.00133062 0.00742759 0.0136528
130 -0.00123967 0.00747834 0.0256097
131 -0.00119569 0.00753012 -0.0104343
132 -0.00130625 0.00561433 -0.03187
133 -0.00130626 0.00561433 0.03187
134 -0.00117769 0.00544173 0.0231633
135 -0.00117512 0.0054393 -0.0248355
136 -0.00109172 0.00765252 0.03187
137 -0.00102644 0.00522094 -0.0226947
138 -0.00108532 0.00535424 -0.0127153
139 -0.00106797 0.0053378 -0.010504
140 -0.000989289 0.00526327 -0.000619289
141 -0.000991852 0.00522116 0.00130571
142 -0.000820634 0.00513106 -0.03187
143 -0.00119765 0.00536409 0.0134657
144 -0.000960714 0.0052362 0.0318644
145 -0.000955081 0.00775639 -0.03187
146 -0.000974164 0.00774188 -0.0246041
147 -0.000863402 0.00782608 -0.0227608
148 -0.00101979 0.0077072 -0.0127248
149 -0.00103502 0.00769562 -0.000665027
150 -0.000944395 0.00776451 0.00131439
151 -0.00106979 0.00776263 0.0133168
152 -0.000955081 0.00775639 0.025325
153 -0.000914862 0.00786486 -0.0108215
154 -0.00100549 0.00780679 0.0114813
155 -0.000763497 0.00511754 -0.0243935
156 -0.000898153 0.00519856 0.0114719
157 -0.000651864 0.00793733 0.03187
158 -0.000506891 0.0080044 -0.03187
159 -0.00059928 0.00496945 -0.0232298
160 -0.000674833 0.00500607 -0.0121389
161 -0.000624866 0.00504517 -0.0109223
162 -0.00063213 0.00501623 -0.000168988
163 -0.000431978 0.00498017 0.00110282
164 -0.000769759 0.00503258 0.0129575
165 -0.000725227 0.00501138 0.0248946
166 -0.00050392 0.00500441 0.03187
167 -0.000318144 0.0049471 -0.0240458
168 -0.000243494 0.00806237 -0.0241948
169 -0.000339265 0.0080413 -0.0232907
170 -0.000523174 0.00799687 -0.012192
171 -0.000378228 0.00803272 0.000964881
172 -0.00063015 0.00802362 0.0127896
173 -0.000402697 0.00803228 0.0247502
174 -0.00021171 0.00806937 -0.0113158
175 -0.000171639 0.00807819 0.03187
176 -0.000170633 0.00493106 -0.03187
177 -0.000478604 0.00493696 0.0121451
178 0.0001441 0.00807968 0.0123978
179 -0.000151505 0.00492115 -0.0115504
180 -0.000325209 0.0049125 0.02437
181 -8.89663e-05 0.00644215 0.03187
182 4.61723e-05 0.00807819 -0.03187
183 0.000306242 0.00806648 0.0241452
184 0.000448525 0.00807819 0.000446574
185 0.000258756 0.00807185 -0.0234296
186 0.000510078 0.00492354 -0.0235284
187 0.000169505 0.00493093 0.000604747
188 5.82174e-05 0.00491883 0.0318621
189 0.000561679 0.00805475 -0.0119081
190 0.000465027 0.00801361 -0.0110146
191 0.000487972 0.00801114 0.0248463
192 0.000339265 0.0080413 0.03187
193 0.000384726 0.00496425 -0.0318163
194 0.000484234 0.00495219 0.0120211
195 0.000313083 0.00494655 0.012824
196 0.000449182 0.00498597 0.0239208
197 0.000381948 0.00496332 0.0248607
198 0.000546252 0.00501868 -0.0121763
199 0.000670223 0.00506142 -0.0108907
200 0.000607209 0.00496595 -1.97635e-05
201 0.000615673 0.00801318 -0.024097
202 0.000544645 0.00798693 0.0116493
203 0.000611011 0.00795623 -0.0318093
204 0.000957305 0.0077547 -0.0125873
205 0.000659977 0.00793357 -0.000435356
206 0.00069419 0.00791775 0.0130642
207 0.000829285 0.00785202 0.0234704
208 0.000825787 0.00515502 -0.0227306
209 0.00066914 0.00506076 0.0318321
210 0.000813644 0.00514771 -0.03187
211 0.000969897 0.00516065 0.00120515
212 0.000959105 0.00516388 0.0115295
213 0.000974187 0.00521096 0.0132888
214 0.000869474 0.0051813 0.0233716
215 0.000817245 0.00514988 0.0253279
216 0.00079398 0.00787158 0.00130178
217 0.000989013 0.0077306 -0.024619
218 0.00107757 0.00772137 -0.0106289
219 0.00115116 0.0076403 0.0112679
220 0.000869997 0.00782107 0.0253514
221 0.000980052 0.00773741 0.03187
222 0.00107289 0.00531177 -0.0246705
223 0.000912872 0.00520741 -0.0126532
224 0.00131995 0.00553999 -0.0223686
225 0.00110552 0.00537337 -0.0105245
226 0.000935957 0.0052213 -0.000565957
227 0.00108532 0.00535424 0.03187
228 0.00109172 0.00765252 -0.03187
229 0.00106519 0.00767269 -0.0225267
230 0.00114888 0.00761604 0.0134927
231 0.00120178 0.00752295 0.0231092
232 0.00120993 0.00547227 0.0255799
233 0.00127092 0.00751828 0.00157574
234 0.00126194 0.00554069 -0.0128919
235 0.00137926 0.00565283 -0.0249703
236 0.0012868 0.00557339 0.0136568
237 0.0012344 0.00550446 0.00162563
238 0.00130625 0.00561433 -0.03187
239 0.00132718 0.00552749 0.0231181
240 0.00135827 0.00568276 -0.000988268
241 0.00136825 0.00560203 0.0110614
242 0.0013341 0.00740959 -0.0249281
243 0.00139224 0.00573922 -0.0102377
244 0.00135351 0.00732515 -0.0222765
245 0.00136744 0.007302 -0.0102625
246 0.00125764 0.00745718 0.0256277
247 0.00139435 0.00723924 0.03187
248 0.00147867 0.007251 0.0109719
249 0.00141133 0.0072665 -0.0130188
250 0.0013758 0.00732656 -0.000982658
251 0.00145735 0.0058748 0.0258274
252 0.00146233 0.00590637 0.03187
253 0.00154217 0.00593392 0.001852
254 0.00147475 0.00708759 0.00184475
255 0.00147629 0.00708303 0.0228288
256 0.0015666 0.0061266 -0.0251709
257 0.00152067 0.00692221 -0.03187
258 0.00151187 0.0060171 -0.01314
259 0.00156574 0.00610528 -0.0220938
260 -0.038675 0.014 0.00413171
261 0.00153336 0.0060922 0.0108071
262 0.0015629 0.00602525 0.0138828
263 0.00150051 0.00598885 0.0227926
264 0.00157068 0.00671923 -0.00120068
265 0.00150053 0.00701109 0.0258769
266 0.00155741 0.00624468 -0.03187
267 0.001599 0.00612645 -0.0011709
268 0.00156659 0.00675683 -0.0100634
269 0.00147215 0.00709321 0.013911
270 0.00159303 0.0061227 -0.01009
271 0.00157588 0.00658544 0.03187
272 0.00157181 0.00670878 -0.0220582
273 0.00158186 0.0066522 -0.013208
274 0.00157034 0.00672233 0.0107996
275 0.00157976 0.00663574 -0.0252549
276 0.00158517 0.00648366 0.0139552
277 0.00158517 0.0065 0.0227848
278 0.00158517 0.0065 0.0259552
279 0.00158517 0.00649716 0.00201045
280 0.037675 0.0049125 0.00037
281 0.037675 0.00496476 -0.0234562
282 0.037675 0.0049244 -0.0117394
283 0.037675 0.00493106 0.0125407
284 0.037675 0.00494961 0.0247113
285 0.037675 0.00497135 -0.0240358
286 0.037675 0.00500441 -0.0111261
287 0.037675 0.00505005 -0.000269373
288 0.037675 0.00500441 0.000873918
289 0.037675 0.00500441 0.011866
290 0.037675 0.00507819 0.0130681
291 0.0375694 0.00500867 0.0238534
292 0.0376455 0.00506988 -0.0229457
293 0.037675 0.00514719 -0.0124428
294 0.037675 0.0052362 0.00133071
295 0.037675 0.00520574 0.0114599
296 0.037675 0.00535423 -0.0105447
297 0.037675 0.00535424 -0.000715323
298 0.037675 0.00535423 0.0134553
299 0.037675 0.00535424 0.0232847
300 0.037675 0.00545643 -0.0224368
301 0.037675 0.00539967 0.0255033
302 0.037675 0.00558599 -0.0249142
303 0.037675 0.00561433 -0.0129362
304 0.037675 0.00561433 0.00167625
305 0.037675 0.00561433 0.0110638
306 0.037675 0.0057564 0.0137726
307 0.037675 0.00591585 -0.0221639
308 0.037675 0.00590717 -0.00109265
309 0.037675 0.00572873 0.0229862
310 0.037675 0.00591585 0.0258361
311 0.0376046 0.00607563 -0.0251597
312 0.037675 0.0060753 -0.0131596
313 0.037675 0.0060753 -0.0101004
314 0.037675 0.00624467 0.0108126
315 0.037675 0.00624467 0.0139274
316 0.037675 0.00623039 0.00192506
317 0.037675 0.00633735 0.0227974
318 0.037675 0.00663523 -0.0116445
319 0.037675 0.00655374 0.000258635
320 0.037675 0.00640459 0.0123882
321 0.0376244 0.00657918 -0.0252063
322 0.037675 0.0065911 -0.0220544
323 0.037675 0.00671642 -0.0131988
324 0.037675 0.0065958 -0.0100547
325 0.037675 0.00658544 -0.00120588
326 0.037675 0.006563 0.0259471
327 0.0376148 0.00677089 0.00193269
328 0.037675 0.00692221 0.0108493
329 0.037675 0.00692221 0.0138907
330 0.037675 0.00693913 0.022854
331 0.0376204 0.00721291 -0.0130384
332 0.037675 0.00708759 -0.00110475
333 0.037675 0.00723924 -0.0250244
334 0.037675 0.00723924 -0.0222356
335 0.037675 0.00723924 -0.0102356
336 0.037675 0.00723924 0.0257644
337 0.037675 0.00739088 0.00168396
338 0.037675 0.0075217 -0.00083284
339 0.037675 0.00753539 0.0111788
340 0.037675 0.00764596 0.0134673
341 0.037675 0.0075217 0.0231671
342 0.037675 0.00765252 0.0254617
343 0.0375693 0.00786026 -0.0244484
344 0.037675 0.00775639 -0.0226749
345 0.037675 0.00775639 -0.0106749
346 0.037675 0.00775639 0.00132508
347 0.037675 0.007733 -0.0126158
348 0.037675 0.00786026 -0.000448442
349 0.0376374 0.00786744 0.0235671
350 0.037675 0.00793233 0.0117074
351 0.0376145 0.00799932 0.0128879
352 0.0376285 0.00791967 0.02506
353 0.037675 0.00798675 0.000915041
354 0.037675 0.0080676 -0.0238106
355 0.037675 0.0080413 -0.0232907
356 0.037675 0.0080413 -0.0119693
357 0.037675 0.0080413 -0.0112908
358 0.037675 0.0080413 0.0240308
359 0.037675 0.00807819 0.00037
360 0.037675 0.00807819 0.01237
361 0.037675 0.00807819 0.0245416
362 0.038675 0 -0.03187
363 0.038675 0 0.03287
364 0.038675 0.014 -0.03187
365 0.038675 0.014 0.03287
366 -0.0366613 0.00380658 -0.0100664
367 -0.0340164 0.00455917 -0.0020396
368 -0.0359868 0.00334646 0.0105769
369 -0.0363984 0.0045145 0.0151323
370 -0.0358266 0.00932764 -0.0236877
371 -0.0371299 0.00803859 0.00300082
372 -0.0298947 0.00307837 -0.0230453
373 -0.0282223 0.00448454 -0.00868422
374 -0.0288126 0.00407159 0.00234019
375 -0.0293043 0.00261308 0.0110363
376 -0.0285865 0.00418993 0.0180748
377 -0.0301534 0.00990012 -0.0117179
378 -0.0226144 0.00262818 0.0251166
379 -0.0124226 0.00935862 -0.00422072
380 -0.0147327 0.0111019 0.010947
381 -0.0075385 0.00397094 -0.00676097
382 -0.00485885 0.00321107 -0.00362369
383 -0.00570769 0.0034251 0.0114708
384 -0.00971199 0.014 0.03287
385 0.038675 0.00349752 0.00779132
386 -0.00087532 0.00388323 -0.0241959
387 0.00085781 0.00373438 0.00398638
388 -0.000613991 0.00381475 0.0234456
389 0.00131226 0.0100728 -0.0287426
390 0.000808154 0.00915251 -0.00105091
391 0.000362843 0.00920032 0.0118936
392 -6.27265e-05 0.009743 0.0163136
393 0.000178834 0.0101228 0.0288454
394 0.00750126 0.00280779 0.0145213
395 0.00497567 0.00895419 -0.000710073
396 0.00713277 0.0098883 0.0239673
397 0.00158091 0.00662515 -0.005811
398 0.0343766 0.00764146 0.0157216
399 0.0147088 0.00926191 -2.17354e-05
400 0.0140791 0.00984926 0.0121689
401 0.0160126 0.00980006 0.0172578
402 0.0229183 0.00355579 -0.0105104
403 0.0229414 0.0034828 0.00165427
404 0.0221357 0.00254626 0.0234131
405 0.0213454 0.00495235 0.0298316
406 0.0217878 0.0100401 -0.00123344
407 0.0223635 0.0108529 0.00934661
408 0.0353939 0.00364651 0.03287
409 0.0306509 0.0038634 -0.00968557
410 0.0294897 0.00259185 0.0255524
411 0.0373711 0.00401399 -0.0231759
412 0.0360028 0.00339942 -0.0104342
413 0.036862 0.00465342 -0.00228378
414 0.0367945 0.00433652 0.00250704
415 0.0359401 0.00500484 0.0148667
416 0.0194147 0 0.0219207
417 -0.0303729 0 0.0165984
418 0.00115885 0.0042694 0.00185356
419 0.0088495 0.00452816 -0.00137947
420 0.0296394 0.00394298 0.00454596
421 0.00152671 0.00413821 -0.00101018
422 0.0227468 0 0.0157901
423 0.0032059 0.00797188 0.0129472
424 0.00474705 0.00791969 0.0166375
425 0.0139805 0.0105243 0.00726524
426 0.00621488 0.00855192 0.0107973
427 0.0139608 0.008771 0.0103434
428 0.0139437 0.00854059 0.0158258
429 0.027347 0.00915541 0.00952127
430 0.0198209 0.00635447 0.00492366
431 0.0161535 0.00934217 0.03287
432 0.038675 0.00545543 -0.020958
433 0.038675 0.00572714 -0.00924246
434 0.038675 0.0059554 0.000250209
435 0.038675 0.00618604 -0.0127998
436 0.038675 0.00662717 -0.00269249
437 0.0265603 0.014 0.000197903
438 0.038675 0.00796747 -0.000507948
439 0.038675 0.00768399 0.0121188
440 0.038675 0.00371295 -0.010765
441 0.038675 0.00464528 -0.00101651
442 0.038675 0.00405709 0.0113705
443 0.038675 0.00496222 0.014344
444 0.0181266 0.0108175 0.0299168
445 0.038675 0.00960272 0.0128222
446 0.038675 0.00901865 0.0251203
447 -0.021284 0.00694926 0.0138875
448 -0.00704957 0.00343654 0.0181483
449 -0.0131716 0.00668537 0.0139444
450 -0.0133544 0.00408216 0.0150512
451 -0.0225891 0.0083057 0.00419975
452 -0.0094964 0.00856035 0.00335967
453 -0.00523511 0.00416879 -0.000957542
454 -0.0194081 0.00481974 -0.00196233
455 0.00467378 0.00349268 0.0107123
456 0.00435658 0.00491325 0.0123631
457 0.0341109 0.00501913 0.0116766
458 0.00985388 0.00505407 0.0101496
459 0.0136273 0.00555286 0.00981125
460 0.0235937 0.00491403 0.012356
461 0.0245833 0.0040155 0.0108351
462 0.00307588 0 0.0176221
463 0.00543421 0.0066314 -0.0132103
464 0.0224592 0.0074825 0.0111338
465 0.0281243 0.00753645 0.0111797
466 0.0101342 0.0100363 -0.0226454
467 0.0153863 0.00406846 -0.0198383
468 -0.0145684 0.00769179 -0.00898388
469 0.00779147 0.00746456 0.0111186
470 0.0118915 0.00759787 0.0112319
471 0.0161401 0.00761963 0.0112504
472 0.0182646 0.00711202 0.0109065
473 0.0300479 0.0103823 0.0220773
474 0.038675 0.00804079 -0.0255737
475 0.038675 0.00843635 -0.0115781
476 0.038675 0.00999914 -0.0286265
477 0.038675 0.00978394 -0.0232214
478 0.00146622 0.00397402 0.0136997
479 0.00830657 0.00569974 -0.00902275
480 0.0221164 0.00923648 -0.011583
481 -0.0360597 0.00497633 -5.05743e-05
482 -0.00107592 0.0049281 0.000513483
483 -0.0302168 0.00499767 -0.000113901
484 0.0110413 0.0094749 0.0114735
485 -0.0252606 0.014 0.03287
486 0.010339 0.00703091 0.016095
487 -0.0319577 0.00901848 0.0215901
488 0.00876078 0.00754489 0.0135531
489 0.0125267 0.0076131 0.0134952
490 0.0140317 0.00544513 -0.0143855
491 0.015517 0.00353593 -0.0123452
492 0.02452 0.0035828 -0.0120259
493 0.0252169 0.00622284 -0.0147697
494 0.0279883 0.00371606 -0.0107729
495 0.0280896 0.0036849 -0.0125316
496 0.0146783 0.00491535 0.0123962
497 0.00141917 0.00720774 -0.00418172
498 -0.0261592 0.0101851 0.00301191
499 -0.034941 0.00538706 0.01349
500 -0.0321217 0.00540148 0.0135052
501 -0.0205908 0.00542557 0.0136071
502 -0.0144395 0.00547227 0.0135799
503 -0.0133715 0.00588148 0.0138279
504 -0.0112815 0.00620547 0.0139275
505 -0.00092715 0.00908742 -0.0195454
506 0.000280433 0.00905104 -0.0214416
507 0.0103482 0.00650973 -0.00345078
508 0.0134945 0.00776696 -0.00242116
509 -0.00573183 0 0.0082261
510 0.00463342 0.014 0.00782386
511 0.000457213 0.0105086 -0.00595995
512 -0.000523941 0.00324428 -0.00334538
513 -0.000892186 0.00364816 -0.00850242
514 0.0166918 0.00661253 0.0139499
515 0.0191215 0.00682279 0.0139183
516 0.0215862 0.00598532 0.0151729
517 0.00646382 0.00642506 0.0139552
518 0.011255 0.0066382 0.0139495
519 0.0136782 0.00700155 0.0139075
520 0.0270654 0.0071367 0.0138188
521 -0.0386592 0 -0.0151631
522 0.0104786 0.00416434 0.0146394
523 -0.000779702 0.014 0.00182181
524 0.00335772 0.00382996 -0.0221793
525 0.00983701 0.00227438 -0.018498
526 0.00419256 0.00637305 -0.02633
527 0.0169449 0 0.00064695
528 0.00242443 0.00357207 -0.0284676
529 0.00279285 0.00447051 -0.0257844
530 0.0117725 0.00803429 -0.0232589
531 0.0153153 0.00806622 -0.023404
532 -0.0324611 0.00499863 0.000856748
533 -0.0352686 0.0052362 0.00133071
534 -0.00504018 0.0051692 0.00121935
535 -0.00244742 0.00514597 0.00118075
536 -0.0200915 0.00514105 0.00117257
537 -0.0179987 0.00520709 0.00128233
538 -0.0146545 0.00509948 0.00110348
539 -0.0106888 0.00510935 0.00111989
540 -0.00664709 0.0049046 0.000720245
541 -0.025529 0.00493814 0.00265349
542 -0.0136857 0.0097482 -0.0238083
543 -0.0296677 0.00601925 0.0212614
544 -0.0149226 0.00543426 0.0214414
545 0.00310174 0.00778918 -0.0142465
546 0.0352218 0.00793758 -0.0122813
547 -0.0122134 0 0.0228081
548 0.0145312 0.00796674 -0.0122183
549 0.0196863 0.00936626 -0.0111617
550 0.00598136 0.0101667 -0.0137993
551 -0.0352197 0.00768572 -0.000678053
552 -0.00341133 0.00675237 -0.00296604
553 -0.0229022 0.0103875 -0.000196197
554 0.00266934 0.00512589 -0.0124074
555 0.0174267 0.014 -0.00613105
556 0.00791536 0.00505922 -0.0122966
557 0.0164387 0.00510813 -0.0123779
558 0.0170818 0.0049291 -0.0117827
559 0.020122 0.00491916 -0.0116912
560 0.0240333 0.0050932 -0.0123531
561 0.00759164 0.00177548 -0.0119046
562 -0.0365294 0.00553896 -0.0146401
563 -0.00399265 0.0052037 -0.0125367
564 -0.0295984 0.00540553 -0.0127694
565 -0.0272105 0.00530374 -0.012662
566 -0.00873893 0.00528807 -0.0126455
567 -0.00387158 0.00301405 -0.0102212
568 -0.0206928 0.00323105 -0.0105915
569 -0.03348 0.00668472 0.0107984
570 0.006979 0.00598775 -0.0221299
571 0.0101542 0.00592602 -0.0221522
572 0.00232295 0.008239 0.00964646
573 0.00554549 0.00807819 0.0125006
574 0.0356391 0.00807819 0.0122355
575 0.0145012 0.00807819 0.0124142
576 0.00138141 0.00496771 -0.024025
577 0.0302199 0.00491826 -0.023577
578 0.0167949 0.00509442 -0.0272959
579 0.0265453 0.00481325 -0.0293633
580 0.00429661 0.0049739 -0.0240434
581 0.0332093 0.00501428 -0.0241632
582 0.00660836 0.00492283 -0.023725
583 0.0110717 0.00492342 -0.0237304
584 0.00926728 0.00501193 -0.0231038
585 0.0208603 0.00497595 -0.0240495
586 0.0287406 0.00500404 -0.0241328
587 0.0277197 0.00492822 -0.0234854
588 -0.0376227 0.00741329 -0.0103123
589 -0.00263252 0.00902715 -0.0120383
590 -0.00339715 0.0079654 0.0129612
591 -0.019306 0.00793349 0.0130301
592 -0.0188264 0.00883439 0.0144445
593 -0.0200614 0 -0.028695
594 -0.034755 0.00807335 0.0241764
595 -0.00372318 0.00916432 0.0229048
596 -0.0010586 0.00807917 0.0242164
597 -0.0283767 0.0080801 0.0242337
598 -0.0207215 0.00794112 0.0215177
599 -0.0126285 0.00900054 0.0223323
600 -0.038675 0 -0.00108996
601 0.035072 0 -0.0027863
602 0.0228633 0.00932954 -0.00966087
603 -0.011212 0.00503151 -0.00021434
604 0.0257155 0.00804107 -0.0112897
605 0.0222622 0.00804294 -0.0112982
606 -0.00416348 0.0069544 0.0308373
607 -0.00242979 0.00929942 -0.0240756
608 -0.0219366 0.00959588 -0.0231603
609 -0.0198183 0.00324666 -0.00458598
610 -0.0212156 0.00520267 -0.0287039
611 -0.00288576 0.00730094 0.0110019
612 -0.00442604 0.00926999 0.0116968
613 -0.0298382 0.00787105 0.0115749
614 0.0201601 0 -0.0235374
615 -0.0223442 0.00766337 0.0112926
616 0.0171943 0 0.00970931
617 -0.0280434 0.00989877 -0.03187
618 -0.00844509 0.00753815 0.0111811
619 -0.0135727 0.00398061 -0.0279141
620 0.0296182 0 0.0299821
621 -0.0277197 0.00959283 0.0126146
622 -0.0166624 0.00513106 0.011584
623 -0.0222167 0.00704531 0.010881
624 0.0101105 0.00331784 -0.0297206
625 -0.0151058 0.00698254 0.0108602
626 -0.00748219 0.00695024 0.0108491
627 -0.0234978 0.00609454 0.0139038
628 -0.0341133 0.00596549 0.0138559
629 -0.00223089 0.00822748 0.03287
630 -7.26704e-05 0.00646607 0.03287
631 -0.0290853 0.0102012 0.03287
632 -0.00749347 0.00954297 0.03287
633 -0.000981735 0.0035999 0.03287
634 0.0163863 0.00474662 0.03287
635 0.0023703 0.00745747 0.0016274
636 -0.022432 0.00938228 -0.03187
637 -0.0166516 0.00951805 -0.03187
638 -0.016339 0.00936947 -0.0243634
639 -0.00477294 0.00728469 -0.0250079
640 -0.00766469 0.00731605 -0.024989
641 -0.000970515 0.00774466 0.0102888
642 -0.0154851 0.00943254 0.026609
643 -0.0116105 0.0101052 0.0259736
644 0.038675 0.00254234 0.0192255
645 -0.00671143 0.00661022 0.0259526
646 -0.019946 0.00624192 0.0259269
647 -0.0135795 0.00621113 0.0259269
648 -0.0093953 0.00617505 0.0259216
649 0.00534233 0.00708759 -0.00110475
650 0.00561569 0.00644475 -0.00121517
651 0.00646334 0.0081619 -0.00186108
652 0.0124081 0.0101175 -0.03187
653 -0.0176903 0.014 0.03287
654 0.0159358 0.00760023 0.0282284
655 0.0190873 0.00728191 0.0279139
656 0.024988 0.00665729 0.0279104
657 0.030244 0.00602042 0.0274423
658 -0.0161786 0.014 -0.0277928
659 -0.0144503 0.0080206 -0.0111967
660 -0.0182361 0.00697503 0.0108077
661 -0.0337006 0.00975568 -0.0109658
662 -0.0142026 0.0074371 0.0216476
663 -0.00191245 0.0041542 -0.0287447
664 0.0112934 0.00617713 -0.013182
665 0.0300674 0.00542008 0.0112152
666 0.00347031 0.00507182 0.0116461
667 0.00605909 0.00508831 0.0116551
668 0.038675 0.014 0.000584757
669 0.0106189 0.00499602 0.011891
670 0.0113751 0.00526295 0.0113811
671 0.0229433 0.00500529 0.0117065
672 -0.038675 0.00593626 -0.0284761
673 0.0280233 0.00515952 0.00963244
674 0.0353076 0 0.0186176
675 -0.00134525 0.00566113 -0.0155487
676 -0.0343061 0.00508074 0.0250724
677 -0.0321685 0.00242467 0.0234467
678 -0.0214992 0.00537739 0.0154447
679 -0.00729446 0.00530871 0.0254782
680 -0.00170082 0.00799163 0.0129045
681 -0.00813119 0.0094114 0.0110665
682 0.00184953 0.00767889 0.025427
683 0.00467139 0.0080044 0.0248769
684 0.0354637 0.00804428 0.0246957
685 0.034433 0.014 0.0111688
686 0.0108072 0.00804113 0.02471
687 -0.0304801 0.00368601 -0.026465
688 0.0170799 0.00687388 -0.026148
689 0.0243612 0.0068826 -0.0266908
690 0.0282174 0.00577449 -0.025041
691 0.0206753 0.00836787 -0.03187
692 0.0287486 0.0101559 -0.03187
693 -0.0351544 0.00808436 -0.0235721
694 -0.0317763 0.00803812 -0.0232763
695 -0.00416457 0.00803902 -0.0239796
696 -0.0327087 0.0056606 -0.0145776
697 0.0286876 0.00403384 -0.03187
698 -0.00377505 0.00573584 0.0229798
699 -0.0272887 0.00625164 0.0228087
700 -0.0251729 0.00641405 0.0227848
701 -0.0145793 0.00631042 0.0227961
702 -0.00616153 0.00631271 0.0227958
703 0.0222029 0 0.0249759
704 -0.0304191 0.00654396 -0.01321
705 0.0289038 0.0107795 -0.0266788
706 0.0193252 0.0057564 -0.0250326
707 -0.0336697 0.00321915 -0.0244841
708 -0.02517 0.00497648 -0.023209
709 -0.00764837 0.00538807 -0.0202416
710 0.0331601 0.00626459 0.00193185
711 -0.0135546 0.0102532 0.03287
712 0.0115967 0.00289277 0.00227387
713 0.036655 0.00737199 0.00373461
714 0.000635215 0.00794503 0.0280224
715 0.000324423 0.00804456 0.0293905
716 0.00103096 0.00769871 0.0276123
717 0.00352291 0.00628651 -0.0252003
718 0.0221484 0.00572253 -0.0250096
719 0.0123911 0.00918191 0.022373
720 0.0278045 0.00806016 0.0219931
721 0.0212571 0.00619185 0.0228192
722 0.0252614 0.006241 0.0228132
723 0.0132139 0.00719315 0.0229441
724 0.0175871 0.00697927 0.0228598
725 0.0202667 0.00682904 0.0228193
726 0.0238626 0.00675683 0.0228034
727 0.0256661 0.00691206 0.0228433
728 0.0273919 0.00680962 0.0228153
729 0.0235543 0.0139966 -0.0318622
730 -0.0361236 0.00711221 0.00183215
731 -0.0106553 0.00697074 0.00188413
732 0.0315475 0.00698911 -0.00113373
733 0.0162849 0.00711845 -0.00109047
734 -0.0181448 0.00333653 0.03287
735 0.028702 0.00725732 -0.0250174
736 0.000973762 0.00774219 -0.00939566
737 -0.0297019 0.00675683 -0.00119659
738 -0.0346111 0.00644456 -0.00121431
739 -0.0187634 0.00631352 -0.00120363
740 -0.0117391 0.00643576 -0.00121517
741 -0.0255336 0.00715002 -0.00107165
742 -0.0197728 0.00706581 -0.00111209
743 -0.0175334 0.00712432 -0.00108528
744 -0.0126857 0.00708759 -0.00110475
745 -0.00812517 0.00728339 -0.00100864
746 0.0133631 0.00511588 -0.0243907
747 0.0161922 0.00524204 -0.0245969
748 -0.030263 0.00321381 -0.03187
749 -0.0356896 0.014 0.0290594
750 0.0159354 0.00765252 0.00146172
751 0.00773116 0.00631282 0.00194416
752 0.0147946 0.00607402 0.00189921
753 0.017961 0.00605422 0.00189254
754 0.0239551 0.0063864 0.00195216
755 0.0271186 0.00633894 0.00194561
756 -0.00797878 0.00497312 -0.0240411
757 0.0077651 0.00496023 0.0119972
758 0.0119598 0.00499083 0.0119064
759 0.019781 0.0053138 0.0113274
760 0.0262356 0.00344903 0.0229605
761 -0.0323797 0.00703434 0.00186095
762 -0.0270721 0.00695647 0.00188399
763 -0.0286258 0 -0.012175
764 0.0112575 0.00573432 0.00978125
765 0.0109714 0.00684772 0.0108234
766 0.0127056 0.00691495 0.0108407
767 -0.00830589 0.00673748 0.00193869
768 -0.0315794 0.00585316 -0.026531
769 -0.0199442 0 0.0222233
770 0.000642708 0.00505118 -0.00695351
771 0.000804836 0.00514241 -0.00963347
772 0.000637143 0.0050493 -0.00181239
773 -0.00137609 0.00728762 0.00350726
774 0.00161376 0.00972337 0.00305632
775 -0.000938589 0.00776893 0.00279202
776 0.010915 0 0.00431757
777 0.0328911 0.00505992 0.0237022
778 0.0170584 0.00493066 0.024203
779 -0.000955081 0.00775639 -0.0173034
780 6.73235e-05 0.00491982 -0.0103879
781 0.000599686 0.00503668 -0.00499485
782 0.000186183 0.00493275 -0.000761212
783 -0.0120582 0.014 -0.019266
784 0.00405635 0.00812489 0.00037408
785 0.0255993 0.00789826 0.00110632
786 -0.0310331 0.00741141 -0.0103334
787 -0.0182335 0.014 -0.0105016
788 -0.0319828 0.00671358 -0.0100176
789 -0.00228642 0.00741782 -0.0103389
790 -0.0251093 0.00766941 -0.0105605
791 -0.015433 0.00764999 -0.0105361
792 -0.013876 0.00734417 -0.0102879
793 -0.0284162 0.0075052 -0.0104131
794 -0.0150636 0.00538318 -0.000745883
795 -0.0121389 0.00530679 -0.000665235
796 -0.00525029 0.00593986 -0.001114
797 -0.0295977 0.0052716 -0.000628087
798 -0.0287927 0.00562022 -0.000942992
799 -0.00173741 0.014 -0.0112077
800 -0.0248502 0.00505922 -0.000296574
801 -0.0200406 0.00502199 -0.000186073
802 -0.0181104 0.00505995 -0.000297779
803 -0.0354161 0.00510049 0.0236348
804 -0.0223559 0.00518083 0.0235013
805 -0.0180418 0.00522947 0.0234205
806 -0.00732276 0.00523008 0.0234195
807 -0.0280832 0.005703 0.0230006
808 -0.0265329 0.00569636 0.0230047
809 -0.0229423 0.00562295 0.0230411
810 -0.0169974 0.00564108 0.0230392
811 -0.0111693 0.00560653 0.0230608
812 -0.00931228 0.00975956 -0.0231802
813 -0.0121845 0.014 -0.00932322
814 -0.00131633 0.00887951 -0.0220043
815 0.00307453 0.00385397 -0.000289412
816 0.00758828 0.00491562 0.000398685
817 0.0163598 0.00493335 0.000561723
818 0.0239575 0.00498226 0.000808173
819 -0.0291231 0.0074716 -0.0248754
820 -0.0198323 0.00740675 -0.0249305
821 -0.0112929 0.00680462 -0.0251833
822 -0.00702561 0.00674019 -0.0251984
823 -0.000904568 0.00779479 0.0234655
824 0.0362292 0.014 -0.0293534
825 -0.0231582 0.014 0.000703207
826 0.0123972 0.00569314 0.0110103
827 0.0162238 0.00514658 0.0114715
828 0.0173697 0.00723881 0.00358339
829 0.0222876 0.00547227 0.0111601
830 0.0205033 0.00544135 -0.0077628
831 0.0131689 0.00523091 0.0114181
832 0.0235491 0.014 0.0113646
833 0.0196642 0 -0.00197132
834 -0.0315811 0 -0.0151681
835 0.0113392 0.00416117 -0.0085168
836 0.0336403 0.00657324 -0.0252076
837 -0.038675 0.00556019 -0.026039
838 -0.038675 0.00652156 0.00959147
839 -0.038675 0.00598774 -0.011487
840 -0.038675 0.00554551 -0.0133018
841 -0.038675 0.00572447 0.000901895
842 0.0109074 0.014 -0.0172148
843 -0.038675 0.00795424 -0.0126533
844 -0.038675 0.00842185 0.00179967
845 -0.038675 0.00443166 -0.0213709
846 -0.038675 0.00400948 -0.0109513
847 -0.038675 0.00504736 0.00297328
848 -0.038675 0.00437357 0.0147322
849 -0.038675 0.00360966 0.0239055
850 -0.038675 0.00944796 -0.0232066
851 -0.038675 0.0082967 -0.00149957
852 0.000107586 0.0049242 -0.0151273
853 0.00567689 0.00515757 -0.0107038
854 0.0317149 0.00533422 -0.0105658
855 0.0141921 0.00587902 -0.010172
856 -0.00153655 0.00707894 -0.0101523
857 -0.0243024 0 0.00383074
858 0.038675 0 -0.020039
859 0.0337669 0.00491529 0.0243957
860 -0.00620399 0 0.0149476
861 0.0307069 0.0049332 0.0241797
862 0.00945889 0.00507547 0.0236764
863 0.000185469 0.00493267 0.022708
864 0.0127125 0 -0.016609
865 -0.00483639 0.014 -0.0139565
866 0.0129877 0.00800893 -0.0121163
867 0.0223549 0.00789079 -0.0123824
868 0.0237126 0.00788612 -0.0123925
869 0.0287719 0.00789265 -0.0123784
870 0.00532746 0.00690281 -0.015828
871 -0.035231 0.00797509 0.0117997
872 0.0129413 0.0105224 0.0189036
873 -0.0183545 0.00808442 0.0124267
874 -0.0146161 0.00808285 0.0124558
875 -0.0346727 0.00491719 0.0123268
876 -0.00394978 0.00499316 0.0128406
877 -0.00631284 0.00499376 0.0128423
878 -0.0198266 0.00499433 0.012844
879 -0.0197647 0.00493328 0.0121789
880 -0.0121365 0.00503601 0.0129677
881 -0.00311831 0.00370283 0.011168
882 -0.000171639 0.00807819 -0.00680312
883 0.00711186 0.00774994 0.0253335
884 0.0123768 0.00779691 0.0252717
885 0.0161528 0.00777931 0.0252949
886 -0.0213302 0.00492673 0.000500903
887 -0.0255828 0.00492484 0.000256495
888 -0.0193198 0.00601102 -0.025138
889 0.0147524 0.00732307 -0.0102752
890 -0.0160216 0 0.0182791
891 0.00511355 0.00769292 -0.0105914
892 0.00738321 0.00777517 -0.0106997
893 0.0298198 0.00773472 -0.0106464
894 0.00946941 0.0078102 -0.0107457
895 0.0135942 0.00770035 -0.0106012
896 -0.0107517 0.00653699 0.0259552
897 0.0185849 0.00776914 -0.0106917
898 0.0211762 0.00782048 -0.0107593
899 0.024202 0.00798502 -0.0110812
900 0.0262685 0.00776799 -0.0106902
901 0.0133462 0.0060753 -0.0251596
902 0.00673231 0.00597658 -0.0251235
903 0.0156866 0.00625506 -0.0251906
904 0.0170843 0.00630485 -0.0251973
905 -0.0353395 0.00658171 0.00194669
906 -0.031044 0.00548031 0.00158604
907 -0.00780356 0.00608926 0.00190271
908 -0.0253288 0.00343051 -0.00545916
909 -0.0339292 0.00344762 0.03287
910 -0.00317436 0.0072851 -0.0130076
911 -0.0180865 0.00735878 -0.0129633
912 -0.00658349 0.00729788 -0.0129999
913 0.0337965 0.00487582 -0.0017864
914 0.00931021 0 -0.03187
915 0.0112852 0.00604376 -0.00114707
916 0.00681971 0.00672192 -0.00120039
917 0.0134938 0.00675683 -0.00119659
918 -0.0256154 0.00868786 0.0210293
919 -0.0179646 0.00808286 0.0242845
920 -0.0284658 0 -0.00142216
921 0.0133767 0.00805213 7.9983e-05
922 -0.00695066 0.014 0.0208438
923 0.0147028 0.00801666 -8.11786e-05
924 0.0144527 0.0080541 0.000417392
925 -0.0335916 0.00563452 0.00593037
926 0.00295839 0.00900471 -0.0218671
927 0.032092 0.00807819 -0.0238016
928 0.00647957 0.00806142 -0.0233822
929 0.00797658 0.00816744 -0.0257003
930 -0.0110042 0.00645656 -0.0100448
931 0.0177456 0.00807819 -0.0236074
932 0.0193606 0.00696852 -0.0263225
933 0.0255588 0.00807819 -0.0236862
934 -0.000506891 0.0080044 0.0135886
935 9.68199e-05 0.00807819 0.0133872
936 0.000629182 0.00974585 0.0140692
937 -0.038675 0.00543727 -0.00886996
938 0.000268794 0.00805681 0.0156203
939 6.66974e-05 0.00807819 0.0192166
940 -0.000417063 0.00802417 0.015149
941 0.0011104 0.00912555 0.0229349
942 -0.0346974 0.00803743 -0.0112732
943 -0.00427852 0.00788075 -0.0108559
944 -0.0187918 0.0080044 -0.0111231
945 -0.0136767 0.00779093 -0.0107204
946 -0.00322939 0.00807031 -0.0114226
947 -0.00208843 0.00806238 -0.0113866
948 -0.00245725 0.00790022 -0.010898
949 0.000939898 0.00776793 -0.00737805
950 0.00928112 0.00650143 -0.0100448
951 0.0254111 0.00647887 -0.0100451
952 -0.0281534 0.00794354 -0.0109916
953 -0.00722371 0.0078419 -0.0107874
954 -0.00499953 0.014 -0.00811267
955 -0.00782826 0.00748068 -0.0103923
956 -0.0357057 0.00724955 -0.0102405
957 -0.0187719 0.00754811 -0.0104496
958 0.0313346 0.0050815 0.0116664
959 0.00876003 0.00735746 -0.0249641
960 0.0105526 0.0072815 -0.0250098
961 0.010949 0.00658396 -0.0252129
962 0.014652 0.00687378 -0.0251702
963 0.0236697 0.00674212 -0.0251982
964 -0.0303683 0.00959816 0.00156153
965 -0.00418202 0.00596779 -0.0251234
966 -0.00789473 0.0060753 -0.0251596
967 -0.0163518 0.00526071 -0.0246166
968 -0.0221158 0.010679 0.00545457
969 0.038675 0.00335396 -0.00448282
970 -0.0197639 0.0054129 -0.0247772
971 -0.00525605 0.00547227 -0.0248399
972 0.0297881 0.00790175 0.00109877
973 0.0182114 0.0066874 -0.0132042
974 0.0245384 0.00671715 -0.0132009
975 0.0210266 0.00659274 -0.0132098
976 0.0149404 0.00659466 -0.0132113
977 0.0343239 0.0066971 -0.0132007
978 0.0304748 0.00675683 -0.0131966
979 -0.0102126 0.00307502 -0.0177199
980 -0.00222772 0.00762911 0.0134816
981 -0.0273353 0.00764498 0.0134681
982 -0.0246858 0.00777666 0.0132984
983 0.01286 0.00774503 -0.000600023
984 0.0140744 0.00784132 -0.000473355
985 0.00323054 0.00782896 -0.000489611
986 -0.0347942 0.0080044 -0.000136891
987 -0.0363492 0.00925672 0.00121672
988 -0.0318689 0.0075441 -0.000813813
989 -0.00463441 0.00778646 -0.000545528
990 -0.00597839 0.00799216 -0.00016335
991 -0.033355 0.00879585 0.00294217
992 -0.0296729 0.0080044 -0.000136891
993 -0.0263987 0.00770895 -0.000647492
994 -0.0250089 0.00772214 -0.000630145
995 -0.0202997 0.00765252 -0.000721723
996 -0.0147897 0.00765252 -0.000721723
997 -0.00712389 0.00773475 -0.000613552
998 -0.00583202 0.0091226 -0.00131632
999 -0.02685 0.00686823 0.0228343
1000 -0.0114493 0.006998 0.0228651
1001 -0.0296074 0.00751192 0.0231588
1002 -0.0200009 0.00743633 0.0230946
1003 0.0227625 0.00249695 -0.00795685
1004 0.0210854 0.00494961 0.0127113
1005 0.00372125 0.00807819 0.0243138
1006 0.00342875 0.00785947 0.0235506
1007 -0.0338975 0.00491287 0.0243734
1008 -0.0282128 0.00518714 0.0234908
1009 -0.0144589 0.00522798 0.023423
1010 -0.0328373 0.00508122 0.0236668
1011 -0.00208485 0.0049779 0.0239447
1012 0.0356025 0.00593176 0.0228976
1013 0.004304 0 0.00191077
1014 0.0108264 0.00581914 0.0229384
1015 0.0145136 0.00573657 0.0229809
1016 0.0189858 0.00564889 0.0230403
1017 0.00106949 0.00533924 -0.0177665
1018 0.00150266 0.00584186 -0.0168017
1019 0.00125861 0.00745605 0.0147508
1020 0.00084474 0.00784027 0.0169898
1021 0.000672463 0.0079278 0.0202465
1022 -0.00512126 0.00787712 0.011588
1023 -0.00145093 0 -0.0016333
1024 0.038675 0.00798179 -0.03187
1025 0.000628088 0.00498981 0.0160503
1026 0.00120971 0.00547206 0.0156116
1027 0.00116809 0.00543263 0.0213288
1028 0.00120993 0.00547227 -0.00818152
1029 0.00119504 0.00545817 -0.00245299
1030 0.00285384 0.00622263 -0.00219994
1031 -6.04826e-05 0.00491908 -0.0274308
1032 -0.0210491 0.00655233 0.0227335
1033 -0.00688386 0.00686799 0.0228307
1034 -0.0340889 0.00746819 0.0231217
1035 -0.0123353 0.00743879 0.0230967
1036 -0.014557 0.00792177 0.0236845
1037 -0.0327465 0.00786026 0.0235516
1038 -0.0319431 0.00698867 -0.0251323
1039 -0.00122042 0.007501 0.0201995
1040 -0.000977933 0.0077501 0.0180722
1041 -0.0015285 0.00589107 0.0138737
1042 -0.0278082 0.00626934 0.0139314
1043 -0.00615102 0.0056802 0.0137239
1044 -0.0179798 0.00581402 0.0137993
1045 -0.00867629 0.00577161 0.0137796
1046 -0.00342212 0.00590715 0.013842
1047 0.001943 0.00494961 0.0120287
1048 0.0098356 0.0051942 0.0114791
1049 0.0298938 0.00807424 0.000180437
1050 0.00755808 0.00805291 0.000656489
1051 0.0120928 0.00807819 0.000417967
1052 0.0135844 0.0080044 0.000876891
1053 0.0100346 0.00806776 0.000589039
1054 0.0192683 0.00807819 0.000525252
1055 0.0206182 0.00807819 0.000379837
1056 0.0258293 0.00807819 0.000318343
1057 0.000164769 0.00807819 -0.0213264
1058 0.000230988 0.00806513 -0.0129559
1059 -0.000417742 0.00802402 -0.0214191
1060 -0.00782833 0.00494961 0.0240287
1061 0.00209917 0.00892506 -0.0254605
1062 0.00507263 0.00498748 -8.36498e-05
1063 0.00450792 0 -0.0167356
1064 0.0222514 0.00492774 0.000510166
1065 -0.0156143 0.00724165 -0.0222305
1066 -0.0122027 0.00724235 -0.0222299
1067 -0.027052 0.00775508 -0.0226732
1068 -0.0336494 0.00505922 -0.000296574
1069 -0.0272617 0.00497965 -6.04263e-05
1070 -0.0330518 0.00491389 0.000357173
1071 0.000936784 0.0052218 0.0276401
1072 -0.00112402 0.00539089 0.00817214
1073 -0.0302599 0.00786026 -0.0228116
1074 -0.00756774 0.00786026 -0.0228116
1075 -0.00549814 0.00806914 -0.0114173
1076 -0.022497 0.00798812 -0.0110879
1077 -0.0308309 0.00803475 -0.011261
1078 0.0295513 0.00783632 -0.00047993
1079 0.0049805 0.00794788 -0.000259052
1080 0.0277479 0.00797593 -0.000198424
1081 -0.0189187 0.00718315 -0.0222004
1082 0.00774902 0.00534339 -0.000703871
1083 0.0220232 0.00519631 -0.000524415
1084 0.0252669 0.00507498 -0.000322763
1085 0.0286143 0.00490176 3.6695e-05
1086 0.00676321 0.00534026 -0.000700569
1087 0.00660137 0.00601773 -0.00185876
1088 0.0024771 0.00528819 -0.000645596
1089 0.00206187 0.00502428 -0.000192886
1090 0.034863 0.00547227 -0.0224201
1091 0.0178865 0.00508853 -0.0229147
1092 0.0210835 0.0051165 -0.0228682
1093 0.0244124 0.00505226 -0.0229841
1094 0.00312049 0.00527552 -0.0226278
1095 0.00741631 0.00543847 -0.0224558
1096 0.00962759 0.00535611 -0.0225427
1097 0.0127795 0.0054372 -0.0224571
1098 -0.0119342 0.00527326 0.0253698
1099 -0.00392212 0.00548827 0.0255921
1100 -0.0189616 0.00579436 0.0257902
1101 -0.00304601 0.00506416 0.0250448
1102 -0.029232 0.0052362 0.0253307
1103 -0.0210815 0.0056332 -0.00252674
1104 -0.024538 0.00650501 -0.00121363
1105 -0.0150563 0.00651449 -0.00121517
1106 -0.038675 0.00841062 -0.03187
1107 0.0017395 0.00494028 0.0126255
1108 -0.0204665 0.00829328 -0.019622
1109 -0.0325918 0.00572446 -0.0250125
1110 0.0229385 0.00505253 0.0130167
1111 0.0107669 0.00493358 0.0125639
1112 0.0279289 0.0049184 0.0124242
1113 -0.00824484 0.00552545 0.03287
1114 -0.0185262 0.0079133 0.0010738
1115 -0.0353176 0.00759924 0.00150698
1116 -0.0318271 0.00752543 0.00156967
1117 -0.0253664 0.00733862 0.00171524
1118 -0.0142114 0.00744564 0.00163744
1119 0.000793114 0.00513536 0.00201246
1120 -0.0269081 0.00383602 -0.0122137
1121 0.000447488 0.0049854 0.00561225
1122 0.000524788 0.00501145 0.00295264
1123 -0.000845988 0.00783932 -0.0205257
1124 -0.00092471 0.00777948 -0.0140147
1125 0.0305744 0.00722711 -0.0102299
1126 -0.0220383 0.00564767 0.0256989
1127 -0.012274 0.00580969 0.0257973
1128 -0.0135951 0.00519264 0.0252583
1129 -0.0244192 0.00682541 0.00192109
1130 -0.0145061 0.00678077 0.00193132
1131 -0.0225216 0.00734487 0.00171165
1132 0.000341266 0.00494961 0.00920584
1133 0.000354332 0.00495401 0.0106208
1134 0.000158138 0.0049297 0.00181499
1135 0.0083624 0.00654522 0.0139552
1136 0.0222484 0.00647343 0.0139552
1137 0.00144606 0.00585038 0.00345671
1138 0.000699797 0.00507921 -0.0258944
1139 0.000998167 0.00772364 0.00248862
1140 0.027995 0.00668401 -0.0132031
1141 0.0131523 0.00667014 -0.013206
1142 -0.0212765 0.00493574 -0.0234162
1143 -0.0366165 0.00593392 0.0270485
1144 -0.032608 0.00494961 -0.0232887
1145 -0.0284316 0.00785786 0.0307232
1146 -0.0141343 0.00494913 -0.0239669
1147 -0.00556463 0.00493701 -0.0238554
1148 -0.0177959 0.00626201 0.0228046
1149 -0.0122109 0.00629762 0.0227975
1150 -0.00942846 0.00642718 0.0227848
1151 -0.0165399 0.00699234 0.0228632
1152 -0.0297366 0.00568228 0.0230152
1153 -0.0154161 0.0056566 0.0230282
1154 -0.0086968 0.00580382 0.0229455
1155 -0.0325557 0.00661127 0.0259458
1156 -0.038675 0.00536428 0.0261679
1157 6.12685e-05 0.00491916 -0.00191999
1158 -0.00131442 0.00739012 -0.0211316
1159 -0.0357943 0.00505922 0.0130366
1160 -0.0283382 0.00491703 0.0124117
1161 -0.0240777 0.0049159 0.0124013
1162 -0.0262022 0.00491547 0.0123427
1163 -0.0164227 0.00558501 0.0256605
1164 -0.0345578 0.00802011 -0.0120655
1165 -0.0322208 0.00768643 -0.0126771
1166 -0.0224778 0.00786026 -0.0124484
1167 -0.0246386 0 -0.0146882
1168 -0.0117905 0.00790052 -0.0123614
1169 -0.00951191 0.00782606 -0.0124934
1170 0.036964 0.00488114 -0.0252963
1171 -0.00419766 0.00778135 -0.0227078
1172 -0.0150503 0.00778582 -0.0227137
1173 -0.015455 0.00588749 -0.025091
1174 -0.0275096 0.0119055 -0.000768475
1175 -0.0293611 0.0057564 -0.0250326
1176 -0.0111567 0.00604543 -0.0251496
1177 -0.000339698 0.0080412 -0.0166465
1178 -0.000337177 0.00804175 -0.0136998
1179 -0.00102812 0.00928379 0.00177257
1180 -0.00604262 0.00657929 -0.0027778
1181 2.90214e-05 0.00807819 -0.00169186
1182 -0.0287617 0.00950613 0.0251519
1183 -0.00399409 0.00716604 0.0258085
1184 -0.013069 0.00730705 0.0257344
1185 -0.0301297 0.00734704 -0.0222906
1186 -0.0218928 0.0072019 -0.0222112
1187 -0.0218803 0.00700964 0.0258706
1188 -0.00998436 0.00723284 0.0257758
1189 0.0243271 0.0080428 -0.0232976
1190 0.033904 0.0071701 -0.0101989
1191 0.0229358 0.00784978 -0.0107978
1192 0.0322266 0.00772021 -0.0106274
1193 0.0221147 0.00737958 -0.0103092
1194 0.00761562 0.0054309 0.00153625
1195 -0.00109507 0.00536347 -0.0095846
1196 -0.00115301 0.00541836 -0.00221021
1197 0.0142695 0 0.0181719
1198 -0.000632687 0.00802053 -6.36181e-05
1199 -0.0220389 0.00800654 -0.000127146
1200 -0.018649 0.00801555 -8.62402e-05
1201 -0.0044418 0.00803273 -8.19956e-06
1202 -0.0250461 0.00406134 0.03287
1203 0.0163947 -5.42101e-20 -0.03187
1204 -0.00145715 0.00587436 0.0196891
1205 0.00625134 0.00763049 0.00148044
1206 0.0299359 0.0075569 0.00154294
1207 -0.0162413 0.00231311 0.0202723
1208 0.022611 0.00801869 -0.0231881
1209 0.00124181 0.00805842 -0.0233686
1210 -0.0287823 0.00687664 -0.0100943
1211 4.24355e-06 0.00807819 0.0224064
1212 -0.000239284 0.00805866 0.0236319
1213 -0.00061659 0.00795365 0.0199197
1214 0.0268284 0.014 0.0216398
1215 -0.0305837 0.014 0.0253503
1216 -0.0313184 0.00492503 0.0122548
1217 -0.014541 0.00492815 0.0122261
1218 0.00345411 0.00605374 -0.0101077
1219 0.00874653 0.00577539 -0.0102186
1220 0.000345719 0.00495111 -0.02423
1221 -6.68624e-06 0.00491323 -0.025226
1222 -0.000647953 0.00505295 -0.0286603
1223 -0.000200004 0.00807195 -0.00910454
1224 -0.000721322 0.00509216 -0.026084
1225 -0.038675 0.00570244 0.0123681
1226 -0.038675 0.00666218 0.0233407
1227 -0.038675 0.00867421 0.0282772
1228 -0.038675 0.00842819 0.0137896
1229 -0.038675 0.00742863 0.0117943
1230 -0.038675 0.00689112 0.0154167
1231 -0.038675 0.00859633 0.03287
1232 0.0359657 0.0059123 -0.0101648
1233 0.0293803 0.00583458 -0.010194
1234 0.00728291 0.00743224 -0.0223511
1235 0.0100261 0.00775739 -0.0226763
1236 0.0306019 0.00738727 -0.0223138
1237 -0.0342175 0.014 -0.0280461
1238 -0.0280856 0.014 -0.0239462
1239 -0.0231089 0.014 -0.0237883
1240 -0.0195658 0.014 -0.0144434
1241 -0.0148499 0.014 -0.0230913
1242 -0.00660296 0.014 -0.0278922
1243 -0.00887361 0.014 -0.0154154
1244 0.00269419 0.014 -0.0113443
1245 0.00131825 0.014 0.00536434
1246 0.00656372 0.014 -0.0230908
1247 0.0112649 0.014 -0.021392
1248 0.00609662 0.014 -0.00190106
1249 0.010721 0.014 -0.00250898
1250 0.0107009 0.014 0.0134897
1251 0.0148118 0.014 -0.0169214
1252 0.0218837 0.014 -0.016757
1253 0.0249211 0.014 -0.00899135
1254 0.0204654 0.014 0.00318772
1255 0.0245695 0.014 0.00393839
1256 0.0199677 0.014 0.0104606
1257 0.0242121 0.014 0.0184064
1258 0.0233982 0.014 0.0239977
1259 0.023994 0.014 0.0284236
1260 0.0285567 0.014 -0.0233304
1261 0.029218 0.014 -0.0173203
1262 0.0316615 0.014 -0.0136579
1263 0.0295644 0.014 -0.00902756
1264 0.0302931 0.014 0.00233882
1265 0.0304879 0.014 0.0285254
1266 -0.0350611 0 0.00325532
1267 0.038675 0.0139503 0.0110079
1268 0.038675 0.014 0.0193822
1269 0.038675 0.014 0.0242491
1270 0.038675 0.014 -0.024014
1271 0.038675 0.014 -0.00898229
1272 -0.0298761 0.014 -0.03187
1273 -0.0227908 0.014 -0.03187
1274 -0.0155761 0.0139829 -0.03187
1275 -0.00846634 0.014 -0.03187
1276 -0.00110352 0.013963 -0.03187
1277 0.00698346 0.014 -0.03187
1278 0.0127474 0.014 -0.03187
1279 0.0267881 0.00505922 -0.0122966
1280 0.0322702 0.00517739 -0.012493
1281 0.00109172 0.00765252 0.0210806
1282 0.00332418 0.00393191 -0.00199346
1283 -0.0221757 0.014 -0.0199943
1284 -0.0146889 0.00611591 0.0108315
1285 -0.00131227 0.00799768 0.0248914
1286 -0.0171112 0.00802031 0.024924
1287 0.0303934 0.00742759 0.0230872
1288 0.0126665 0.00794423 0.0237331
1289 0.0270442 0.00783293 0.0235156
1290 0.00853991 0.00766238 0.0232913
1291 0.0115126 0.00739088 0.023056
1292 0.0135445 0.00766563 0.0232955
1293 0.0293557 0.00791045 0.0236601
1294 0.000412364 0.00802521 0.0259581
1295 9.21755e-05 0.00807819 0.0278014
1296 0.000674895 0.00792667 0.0220152
1297 -0.00469338 0.00699462 -0.0101239
1298 -0.0170352 0.0071241 -0.0101721
1299 -0.024205 0.00474799 0.0266347
1300 0.00335028 0.00531163 0.0254103
1301 0.00774082 0.00489623 0.0267043
1302 0.0125715 0.00448378 0.0272568
1303 0.0198012 0.00504598 0.0276833
1304 0.0218031 0.00548838 0.0270925
1305 0.0194436 0.00501566 0.0249073
1306 0.00112071 0.014 -0.00507517
1307 -0.000389189 0.00803031 -0.0266274
1308 -0.000442261 0.00801863 0.0267564
1309 -0.02175 0.00554778 0.00163487
1310 -0.0277523 0.00522146 0.00130621
1311 -0.0263323 0.00578817 0.00178728
1312 -0.025223 0.00526193 0.00135787
1313 -0.00729408 0.00541104 0.00151528
1314 -0.00145384 0.00713279 0.018317
1315 -0.0108703 0.014 0.0172403
1316 0.000963819 0.00523914 0.00518001
1317 0.00114088 0.00540686 0.00271121
1318 0.000986942 0.00526104 0.0102115
1319 0.0271547 0.00734514 0.0230287
1320 0.028665 0.00758054 0.0232171
1321 0.0314477 0.00786026 0.0235516
1322 -0.0203036 0.00515525 0.0115438
1323 0.00888375 0 -0.00103218
1324 -0.00142683 0.00580883 -0.0289172
1325 -0.0291922 0.00502158 0.0118151
1326 -0.00729446 0.00551651 0.0110681
1327 0.0352312 0.00532455 -0.010576
1328 0.0297543 0.00503443 -0.011037
1329 0.0109254 0.0050337 -0.0110391
1330 -0.00758079 0.0109036 -0.0174589
1331 0.0300688 0.00635233 0.00194704
1332 0.0249493 0.00501296 -0.0111007
1333 0.00912855 0.00527264 -0.0106308
1334 0.0184716 0.00536421 -0.0105342
1335 0.020567 0.00530713 -0.0105944
1336 0.0260183 0.00537839 -0.0105192
1337 0.0292495 0.00529511 -0.0106071
1338 0.00342821 0.00539818 -0.0104983
1339 0.0293792 0.00797173 0.0149901
1340 0.0161374 0.00553005 0.00323597
1341 0.00151582 0.0069432 -0.0286087
1342 0.0120426 0.00807819 0.0124739
1343 0.00104152 0.00807819 0.0123812
1344 0.0023718 0.00807819 0.0122332
1345 0.0174983 0.00807819 0.0123615
1346 0.0240328 0.00807819 0.01241
1347 0.0116084 0.006579 -0.00121296
1348 0.0190953 0.00685357 -0.00117469
1349 0.00937918 0.00687035 -0.0011716
1350 0.0276215 0.00535498 0.00462407
1351 0.0223283 0.00684219 -0.00117699
1352 0.0251067 0.0069531 -0.00114545
1353 -0.0248658 0.00675683 0.0139366
1354 0.00289239 0.00847167 -0.0299419
1355 0.008379 0.00825358 0.00904128
1356 -0.0297412 0.00492035 0.000442162
1357 -0.0180849 0.00492114 0.000660221
1358 -0.0244462 0.00500428 0.000873509
1359 0.00153914 0.00611845 -0.0278141
1360 -0.0281766 0.00493927 0.000616174
1361 -0.00127091 0.00803819 -0.0239834
1362 -0.0226128 0.00801272 -0.0231609
1363 -0.0166679 0.00801203 -0.0231578
1364 -0.0148817 0.00806418 -0.0233947
1365 -0.0104861 0.00806526 -0.0233997
1366 -0.0327823 0.00802561 -0.0240405
1367 -0.0207017 0.00790355 0.0236452
1368 -0.00551856 0.00793341 0.0237097
1369 -0.0029881 0.00777379 0.0234378
1370 -0.028583 0.00784696 0.0235341
1371 -0.0174456 0.0078604 0.0235519
1372 -0.0364949 0.0113091 -0.00953803
1373 0.00924986 0.00537978 0.0254823
1374 0.011858 0.00533717 0.0254373
1375 0.022021 0.00532358 0.0254891
1376 0.0280322 0.00733028 0.0273463
1377 0.0339994 0.00476138 0.00262322
1378 -0.038675 0.00919286 -0.00493065
1379 0.0201713 0.0048074 -0.03187
1380 -0.00524598 0.00542454 0.0135295
1381 -0.0188278 0.00526609 0.0133623
1382 -0.0114241 0.00547957 0.0135855
1383 -0.00883991 0.00528224 0.0133793
1384 -0.0294824 0.00506035 0.0130385
1385 0.000271084 0.00494198 0.0199139
1386 -0.00158517 0.00643444 -0.0279812
1387 -0.00790156 0.00695375 -0.0101102
1388 -0.00419385 0.00298099 0.00871784
1389 0.000742239 0.00510475 0.019551
1390 0.0286662 0.00806371 0.000607448
1391 0.00178157 0.00793147 0.00103452
1392 0.0302178 0.014 0.0141889
1393 0.00652195 0.00798261 0.000923982
1394 0.0231791 0.00807819 0.0004931
1395 0.00249916 0.00807819 0.000530897
1396 0.000790643 0.00787312 -0.0266964
1397 0.000658289 0.00793436 -0.0287715
1398 -0.0356222 0.0069214 0.00772298
1399 -0.0222039 0.00502735 -0.024202
1400 0.0237322 0.00513607 0.0141964
1401 0.00565487 0.00538381 0.0232535
1402 0.00459927 0.0060074 0.0228649
1403 0.0302262 0.00618663 0.0228221
1404 0.0227973 0.00544192 0.0135479
1405 0.0176447 0.00717998 -0.0175657
1406 -0.0162015 0 -0.0161978
1407 0.0331522 0.00573808 0.0137616
1408 0.00625448 0.00671506 0.0259411
1409 0.0337862 0.00739088 0.025684
1410 0.017268 0.00732359 0.0257245
1411 0.0232465 0.0070571 0.0258551
1412 0.0260951 0.00727013 0.025748
1413 -0.00112151 0.00761744 -0.00598388
1414 0.0231452 0 0.0012218
1415 0.0015245 0.00606004 0.01695
1416 -0.000849443 0.00783669 -0.00976304
1417 -0.000541214 0.00798852 -0.00103779
1418 0.038675 0.00778887 0.0220901
1419 -0.00798101 0.00625996 0.0108023
1420 0.000884118 0.00519011 -0.0156647
1421 -0.000833321 0.00784895 -0.0275214
1422 0.00847955 0.00647072 0.0259552
1423 0.01742 0.00653973 0.0259536
1424 0.0249924 0.00654473 0.0259514
1425 0.0270342 0.00671075 0.0259416
1426 0.0117085 0.00668854 0.025944
1427 0.0273839 0.00389485 -0.0142299
1428 -0.0338432 0.00526045 -0.0226437
1429 -0.00314565 0.00515911 -0.0227974
1430 -0.0291778 0.00519176 -0.0226592
1431 -0.0249547 0.00518418 -0.0226686
1432 -0.0208097 0.0052362 -0.0226693
1433 -0.0136835 0.00527948 -0.0226236
1434 -0.0104987 0.00519756 -0.0227335
1435 -0.038675 0 0.0187399
1436 0.0180022 0.00307559 -0.00234854
1437 0.0242161 0.00739088 -0.012944
1438 0.0333205 0.00730302 -0.0129918
1439 0.0340019 0.0055304 -0.0128793
1440 -0.00635131 0.00497414 0.00931509
1441 0.00737912 0.00671249 -0.0220586
1442 0.0192425 0.00695831 -0.0221171
1443 0.0240257 0.00678369 -0.0220709
1444 0.0173556 0.00753158 -0.0224355
1445 0.0272666 0.00723906 -0.0222355
1446 -0.0343088 0.00798746 -0.0241735
1447 0.0048952 0.00734931 -0.022291
1448 -0.0275569 0.00578324 -0.0138084
1449 0.038675 0 0.000661232
1450 -0.00330717 0.00940665 -0.0223162
1451 0.0169343 0.0079912 -0.0230946
1452 -0.0134942 0.00682654 0.0228227
1453 0.00160188 0.00493258 0.0241853
1454 0.0091099 0.00500648 0.0248801
1455 0.0138173 0.00494961 0.0247113
1456 0.0241048 0.00494961 0.0247113
1457 -0.0248929 0.00712216 -0.0101712
1458 -0.0302061 0.00604384 -0.0101129
1459 -0.0148921 0.00645615 -0.0100448
1460 -0.00715721 0.00641405 -0.0100448
1461 -0.0347861 0.0065819 -0.0100532
1462 0.00804943 0.00648664 0.0227848
1463 0.0180295 0.00634745 0.0227957
1464 0.00174944 0.00493976 -0.0118807
1465 -0.0171963 0.00661936 -0.0220506
1466 0.0139704 0.00501142 -0.0111053
1467 0.0162395 0.00498654 -0.0111791
1468 0.0193642 0.00504419 -0.011008
1469 -0.0325441 0.0066766 0.0139423
1470 -0.0156335 0.00634944 0.0139446
1471 -0.00160588 0.00802074 -0.0120626
1472 -0.00241492 0.00781355 -0.0125099
1473 -0.0198671 0.00807454 -0.0118182
1474 0.0308733 0.00487239 -0.00257561
1475 -0.0149983 0.00808919 -0.0117487
1476 -0.0101771 0.00807666 -0.0118086
1477 -0.0319531 0.00797735 -0.0121954
1478 0.0302053 0.00675437 0.0259369
1479 0.00724119 0.0073146 0.0257299
1480 0.0287297 0.00729412 0.0257353
1481 0.0230279 0.00617503 0.0259198
1482 -0.00360256 0.00415703 -0.00882634
1483 -0.00465134 0.00521563 -0.0227035
1484 0.0172942 0 -0.00631772
1485 -0.00184698 0.00800893 0.0118837
1486 0.00426293 0.0067091 -0.0195476
1487 -0.036324 0.00808428 0.0123107
1488 -0.0318949 0.00498168 -0.0240665
1489 0.00793437 0.0027532 0.00763248
1490 0.00152232 0.00605359 -0.0190733
1491 -0.0112524 0.00497344 -0.0240717
1492 0.0334219 0.00708009 0.0138473
1493 -0.0213217 0.0080923 0.0121026
1494 0.0132661 0.0089413 0.0253817
1495 0.00142094 0.00720391 0.0174539
1496 -0.0180448 0.00698247 -0.0203724
1497 0.00424444 0.00732113 0.023014
1498 0.0335877 0.00723134 -0.0154254
1499 0.0127454 0.00803727 0.0247275
1500 -0.00981529 0.00707072 -0.0270495
1501 0.0339615 0.00634152 0.0107967
1502 -0.0219594 0.00761335 -0.010505
1503 -0.0293729 0.00775032 0.025333
1504 -0.0217758 0.00765965 0.0254523
1505 -0.00252547 0.00770301 0.0254404
1506 -0.0345711 0.00775344 0.0253289
1507 -0.0131572 0.00775639 0.025325
1508 -0.0353847 0.0080044 0.0248769
1509 -0.0305727 0.00803756 0.0247262
1510 -0.0289859 0.00803208 0.0247511
1511 -0.0270895 0.00802055 0.0248035
1512 -0.0208042 0.0080289 0.0247656
1513 -0.0137573 0.00802685 0.0247749
1514 0.0351969 0.00508922 0.0130865
1515 0.0187555 0.00499586 0.0128486
1516 0.0206356 0.00537219 0.0134743
1517 -0.00129603 0.00558554 -0.0168474
1518 -0.0248583 0.00393967 0.00868476
1519 0.0271753 0.00513361 0.0131602
1520 0.00575559 0.00506182 0.0130409
1521 0.0294428 0.00503545 0.0129661
1522 -0.00122442 0.00931868 0.00565289
1523 0.0065973 0 -0.0109983
1524 -0.0103823 0 -0.0255208
1525 0.0249694 0.00498374 0.0128126
1526 -0.0251446 0.0121877 -0.0172434
1527 0.0236659 0.00782016 -0.0227588
1528 0.0292406 0.00787565 -0.0228449
1529 0.00240406 0.00780649 -0.0227409
1530 -0.00239357 0.00789716 0.00110867
1531 -0.0199363 0.00745489 0.00162959
1532 -0.0120555 0.00731093 0.00173207
1533 -0.0221451 0.00781745 0.00124476
1534 -0.00355786 0.00744746 0.0016359
1535 -0.0279535 0.00749441 0.00159602
1536 -0.0101245 0.0055023 0.0111373
1537 -0.000574955 0.00502835 -0.00955752
1538 -0.0106265 0.00811973 -0.0211098
1539 0.0341896 0.00497845 0.000796846
1540 0.0137524 0.00415561 -0.00108456
1541 0.024965 0.00805469 -0.0119084
1542 0.0363155 0.00807819 -0.0118016
1543 0.00268382 0.00750554 -0.0028849
1544 -0.038675 0.00551193 0.0295227
1545 -0.00290359 0.00517192 0.00596653
1546 -0.0226319 0.00882681 -0.0214269
1547 -0.0291471 0.00691974 -0.0251514
1548 0.0348175 0.0112744 0.00964068
1549 0.0282022 0.00666257 -0.0100558
1550 0.0324109 0.00657641 -0.0100522
1551 0.0213006 0.00678272 -0.0100706
1552 0.038675 0.010017 -0.00292698
1553 0.0367277 0.00663951 -0.0252032
1554 -0.000535473 0.00501505 0.0280514
1555 -0.0339039 0.00493972 -0.0113796
1556 -0.0355765 0.00510687 -0.0108842
1557 0.00806235 0.00798248 -0.0230757
1558 0.00356116 0.00622165 0.00193185
1559 -0.000368209 0.00492276 -0.00642102
1560 -0.000596269 0.00503553 -0.00245359
1561 0.00104466 0.0115864 -0.0253818
1562 0.035209 0.00521939 0.00130277
1563 -0.0158981 0.00786026 -0.0124484
1564 -0.0252503 0 0.0250468
1565 -0.00761563 0.00803822 -0.0119832
1566 0.0252192 0.00424405 -0.0102549
1567 -0.0303873 0.00802122 -0.0120605
1568 -0.00712294 0.0077913 -0.0125391
1569 -0.0060572 0.00869787 -0.0219008
1570 0.0321156 0.00597628 -0.0221383
1571 0.0176281 0.00609058 -0.022097
1572 0.0208096 0.00561127 -0.0223206
1573 0.0205968 0.00641405 -0.0220448
1574 0.0232186 0.00598136 -0.0221338
1575 0.0162073 0.0100972 -0.00275665
1576 0.00672306 0.00598846 0.0258704
1577 0.0116103 0.006612 0.0227888
1578 -0.0193596 0.00492665 -0.0211719
1579 0.0187515 0.00556445 0.00164828
1580 0.0284403 0.00581321 0.00179777
1581 0.0124134 0.00545772 0.00156457
1582 0.0226576 0.00556408 0.00164682
1583 0.0327877 0.00566456 -0.00861186
1584 0.0260762 0.00547227 0.00157993
1585 -0.0323835 0.0036696 -0.0210405
1586 0.00967549 0.00570064 0.0271607
1587 -0.0353088 0.014 0.0256333
1588 0.0258434 0.00493469 0.000165946
1589 0.034312 0.00511971 0.0251371
1590 0.0280068 0.00517421 0.0252277
1591 0.0191303 0.00584225 -0.00261011
1592 -0.000896661 0.0078008 0.0279753
1593 -0.0227514 0.00525301 -0.0106516
1594 -0.0136825 0.00524842 -0.0106564
1595 -0.00707661 0.00541825 -0.0104771
1596 -0.00121678 0.00548128 0.00544205
1597 -0.0319049 0.00509123 -0.0109102
1598 -0.0164388 0.00516353 0.0132689
1599 0.00466291 0.00661699 0.0019518
1600 -0.0354801 0.00762465 -0.0225146
1601 0.00995551 0.00842531 -0.0132572
1602 -0.0214129 0.0062712 0.010804
1603 0.0084841 0.00792903 0.0130398
1604 0.0137938 0.00794804 0.0129987
1605 0.0245226 0.00790673 0.013088
1606 -0.0043285 0.00681657 -0.0220766
1607 -0.0352465 0.00950922 -0.0202435
1608 0.00568372 0.00745553 0.0136291
1609 -0.0238232 0.00739544 -0.0249401
1610 -0.0150954 0.00732784 -0.0249819
1611 -0.0273024 0.00706354 -0.0251129
1612 0.00615985 0.00912709 0.0255563
1613 0.0291778 0.00576861 -0.0221802
1614 0.0148821 0.00606881 -0.0221026
1615 0.0030494 0.00592328 -0.0221515
1616 -0.0294941 0.00595002 -0.0221503
1617 -0.0228706 0.00647599 -0.0220448
1618 -0.0146585 0.00662194 -0.0220501
1619 -0.0112056 0.00657109 -0.0220465
1620 -0.0328522 0.00581112 -0.0222056
1621 0.0252903 0.00993179 -0.00044549
1622 -0.0196567 0.00895571 -0.0254639
1623 -0.0296842 0.00792209 -0.0243148
1624 -0.0211858 0.00784158 -0.024473
1625 -0.0162622 0.00779266 -0.0245373
1626 -0.00866144 0.00767677 -0.0246898
1627 -0.00625828 0.00780168 -0.0245255
1628 -0.0272239 0.00808845 -0.00759451
1629 -0.0247805 0.00800918 -0.0241152
1630 -0.0186 0.00804116 -0.0239699
1631 -0.016952 0.00805847 -0.0238912
1632 0.00319597 0.007399 -0.0249371
1633 0.00698735 0.00750234 -0.0248493
1634 0.0090555 0.00786026 -0.0244484
1635 0.0279958 0.00791107 -0.024443
1636 0.0346077 0.014 0.00356182
1637 0.030149 0.00647225 -0.010046
1638 0.00115264 0.005418 -0.0201567
1639 -0.00325477 0.00697284 -0.00114342
1640 -0.0361081 0.00717339 -0.00105926
1641 -0.00413597 0.00726375 -0.00102045
1642 0.0110299 0.00454602 -0.00185954
1643 -0.0223717 0.00713308 -0.00108063
1644 -0.0219935 0.00611581 0.00505577
1645 -0.0286854 0.00727001 -0.00100804
1646 -0.027534 0.00684956 -0.00117084
1647 0.0269985 0.00623649 0.0228139
1648 0.034538 0.00658344 0.0227932
1649 0.000678372 0.00792506 -0.0215633
1650 0.0295067 0.00331382 0.0211854
1651 -0.00252643 0.0058399 -0.00107121
1652 -0.00865009 0.00660207 -0.00121247
1653 -0.0110764 0.00587103 -0.00108561
1654 -0.0356877 0.00580638 -0.00105304
1655 -0.02885 0.00645608 -0.0132152
1656 -0.0199187 0.00591265 -0.00109974
1657 -0.0180543 0.00562823 -0.000951737
1658 -0.015117 0.0058958 -0.00109436
1659 0.0145573 0.00770765 0.0113508
1660 0.00598662 0.00781284 0.0114892
1661 0.0344614 0.0075262 0.011171
1662 0.0224753 0.00790773 -0.0244691
1663 0.0164728 0.00740695 -0.0249303
1664 0.0200899 0.0068913 -0.0251639
1665 0.0221451 0.00728152 -0.0250065
1666 0.0247124 0.00733095 -0.0249795
1667 0.0155371 0.00674334 -0.0220619
1668 -0.00337743 0.00492702 -0.0117636
1669 -0.00337405 0.0049974 -0.0111469
1670 -0.00601624 0.00504573 -0.0110034
1671 -0.0293268 0.00492863 -0.0114817
1672 -0.0273371 0.00493978 -0.0113791
1673 -0.0174323 0.00493916 -0.0113848
1674 -0.0141801 0.00495753 -0.0112652
1675 -0.0113405 0.00504403 -0.0110085
1676 -0.0169946 0.00580545 0.0209308
1677 -0.00710003 0.00491548 -0.0116026
1678 -0.00539852 0.00779453 0.0132749
1679 -0.024412 0.00803526 0.0127367
1680 -0.0170638 0.00759579 0.0135099
1681 -0.0113037 0.00791581 0.0130683
1682 0.00137182 0.00729471 0.00876254
1683 -0.0302172 0.00506292 0.0089855
1684 0.000154422 0.00492929 0.007288
1685 -0.000270037 0.00494186 0.00313125
1686 -0.000265111 0.00494133 0.0102539
1687 0.00513545 0.00803817 -0.0112765
1688 0.0125718 0.00807819 -0.0115868
1689 0.0133617 0.00798286 -0.0110766
1690 0.0172461 0.00804688 -0.0119439
1691 0.019678 0.00802412 -0.0120473
1692 0.0193177 0.00804076 -0.0112883
1693 0.0212287 0.00803171 -0.0120128
1694 0.0213808 0.00804117 -0.0112902
1695 0.0335059 0.00800923 -0.0111451
1696 0.00341137 0.00798691 -0.0110853
1697 0.0290863 0.00802765 -0.0112287
1698 0.0280858 0.00807819 -0.0117924
1699 -0.000498786 0.00800618 0.00935691
1700 -0.0331113 0.00503805 -0.0122338
1701 -0.0259279 0.00503419 -0.0122223
1702 -0.0241136 0.00504225 -0.0122462
1703 -0.0219558 0.00508581 -0.0123408
1704 -0.0144894 0.00497668 -0.0120516
1705 -0.013058 0.0050249 -0.0121947
1706 -0.0109387 0.00501547 -0.0121668
1707 -0.038675 0.00871139 0.0241549
1708 -0.0197846 0.00494961 -0.0112887
1709 0.0148614 0.00717238 0.0017998
1710 0.0170796 0.00727007 0.00175149
1711 0.0313835 0.00694803 0.0018835
1712 0.0227044 0.00679424 0.0019262
1713 0.0229563 0.00540712 -0.0224889
1714 -0.0293241 0.00494472 0.0246663
1715 -0.0249026 0.00493454 0.0245727
1716 -0.026247 0.0055057 0.0256053
1717 -0.0210311 0.0049641 0.0247543
1718 -0.0316479 0.00495614 0.0247307
1719 0.0152639 0.00644215 0.0139552
1720 0.034557 0.0080724 0.000172033
1721 -0.0245175 0 0.0193857
1722 0.0344619 0.00505137 -0.0229867
1723 0.00721364 0.00501222 -0.0231029
1724 -0.00157564 0.00632643 0.00752005
1725 0.00100774 0.00771636 -0.0145232
1726 0.00136376 0.00730812 -0.0184254
1727 -0.000852502 0.00517109 0.00937865
1728 0.0311981 0.00788567 -0.0244457
1729 -0.0133266 0.00804895 0.0240655
1730 -0.00853719 0.00805341 0.0240858
1731 -0.0233556 0.00807819 0.0241984
1732 -0.000418583 0.00497566 0.0136934
1733 -0.0327113 0.014 -0.023676
1734 -0.0352162 0.014 -0.0200689
1735 -0.0328777 0.014 -0.0164808
1736 -0.0339258 0.014 0.00379962
1737 -0.0268187 0.014 0.0115286
1738 -0.0268208 0.014 0.017675
1739 -0.0229419 0.014 -0.00960937
1740 -0.0200329 0.014 0.00358954
1741 -0.0218103 0.014 0.0114616
1742 -0.0226594 0.014 0.017587
1743 -0.0156354 0.014 -0.0040211
1744 -0.0143598 0.014 0.0242375
1745 -0.006799 0.014 0.0123956
1746 -0.000741343 0.014 0.010613
1747 0.000330396 0.014 0.0167232
1748 0.007397 0.014 0.0252291
1749 0.0140687 0.014 0.0231019
1750 -0.038675 0.0139378 -0.0239092
1751 -0.038675 0.014 -0.0178902
1752 -0.038675 0.014 -0.0108022
1753 -0.0386733 0.014 -0.0049057
1754 -0.038675 0.014 -0.000396616
1755 -0.038675 0.014 0.00822744
1756 -0.038675 0.014 0.0155474
1757 -0.038675 0.014 0.0240953
1758 0.0320677 0.00722446 -0.0250339
1759 0.00720504 0.00696668 -0.0251455
1760 -0.0319266 0.00782388 -0.0244963
1761 0.00541889 0.00627614 -0.0251982
1762 -0.000916412 0.00520954 -0.0158736
1763 0.026092 0.00492242 -0.0117212
1764 -0.0336341 0.00787999 -0.0228542
1765 0.020462 0.00509997 -0.0258315
1766 -0.0229588 0.00342103 -0.00154622
1767 -0.001433 0.00582217 0.00741684
1768 0.0306228 0.00539206 0.03287
1769 0.0244434 0.014 0.0328646
1770 0.0287303 0.0139446 0.03287
1771 -0.00483507 0.014 0.03287
1772 0.00616653 0.014 0.0328517
1773 0.014784 0.014 0.03287
1774 0.019588 0.014 0.03287
1775 -0.025457 0.00726491 0.0257543
1776 0.0313261 0.00535885 -0.0278017
1777 -0.0114898 0.00711097 -0.010166
1778 -0.0352479 0.00353204 -0.021821
1779 -0.0212983 0.00710491 -0.0101632
1780 0.0015309 0.00608102 -0.00681707
1781 0.000205924 0.00807064 0.010701
1782 -0.000170779 0.00807819 0.0117086
1783 0.0312798 0.00561349 0.0136777
1784 -0.028573 0.00560935 0.00167287
1785 0.0154264 0 0.0264217
1786 -0.0242499 0.00563313 0.00169586
1787 -0.0176498 0.00556979 0.00165056
1788 -0.00982317 0.00554905 0.00163829
1789 -0.00346162 0.00559942 0.00167659
1790 0.0227936 0.00944701 -0.0260069
1791 0.01531 0.00799639 0.0128942
1792 0.0195201 0.00807819 0.0123672
1793 -0.0386677 0 0.0125319
1794 0.0110523 0.00785946 0.0131895
1795 -0.00353956 0.00553876 -0.0223695
1796 -0.0020267 0.0087428 -0.00636097
1797 -0.017002 0.00677849 0.0094081
1798 -0.0170818 0.00581007 -0.0222026
1799 -0.00912077 0.00585397 -0.0221822
1800 -0.00407728 0.00687816 0.00190988
1801 -0.0150265 0.00807991 0.000509839
1802 -0.0138181 0.00782851 0.00120004
1803 -0.00873814 0.00782666 0.00123264
1804 -0.0346232 0.00807845 0.000536869
1805 -0.0335919 0.00790786 0.00108556
1806 -0.0291921 0.00786026 0.00118844
1807 -0.00491237 0.00779339 0.0012764
1808 -0.00780149 0.00499989 -0.0121205
1809 -0.0244745 0.004923 -0.0115334
1810 -0.0133506 0.00491541 -0.0116568
1811 -0.00481781 0.00492402 -0.011524
1812 -0.00557113 0.00501777 -0.0121736
1813 -0.0224144 0.00492418 -0.0117375
1814 0.036702 0.00438512 -0.0286834
1815 0.0374394 0.00946529 -0.00887858
1816 -0.0260442 0.00606721 0.0107852
1817 -0.00346009 0.00547967 0.0111545
1818 -0.00371771 0.00662757 -0.0252107
1819 -0.0292967 0.00577369 0.0109594
1820 -0.0237677 0.00543141 0.0136107
1821 -0.0294772 0.00532252 0.0113182
1822 0.019759 0.00880365 0.0231849
1823 0.00483478 0.00665055 -0.0220518
1824 -0.010258 0.00767391 -0.0105664
1825 -0.0309696 0.00781956 -0.0107581
1826 0.0126906 0.00660085 0.0139515
1827 0.00428294 0.00689898 -0.0251653
1828 0.0206175 0.00609769 0.013955
1829 -0.00858996 0.00750986 0.0135829
1830 -0.0173787 0.00699045 0.0138771
1831 -0.0065439 0.0073453 0.0137114
1832 0.00317021 0.00573217 -0.00101694
1833 -0.0195725 0.00936444 -0.0222681
1834 -0.0315883 0.00807822 0.0241989
1835 -0.017572 0.00560633 0.0110629
1836 0.00456031 0.00527187 -0.000628366
1837 0.0188859 0.00664886 -0.0100527
1838 -0.0161741 0.00526585 -0.010638
1839 -0.0250778 0.00723154 -0.0222279
1840 -0.0121208 0.00536945 -0.0105286
1841 -0.00783055 0.00390901 0.0125513
1842 -0.0313685 0.00667729 0.00997943
1843 -0.00749062 0.00505079 -0.0109884
1844 -0.0266228 0.00517475 -0.0107714
1845 -0.0229472 0.00494425 -0.0111824
1846 0.0133058 0.0059856 0.00186941
1847 -0.0334372 0.00961372 -0.0237402
1848 0.023104 0.00771999 0.0253729
1849 0.0289213 0.00777631 0.0252988
1850 0.0115396 0.00740488 0.0256721
1851 0.00920477 0.00728704 0.0257465
1852 0.0187153 0.00700944 0.0258711
1853 0.000996648 0.00772479 -0.00265033
1854 -0.0120125 0.00807414 0.02456
1855 -0.00929227 0.00805396 0.0246517
1856 -0.00311322 0.00802081 0.0248023
1857 -0.00628008 0.00807819 0.0245416
1858 -0.0316542 0.0077047 0.0253931
1859 -0.0244166 0.00774293 0.0253541
1860 -0.0245581 0.00806648 0.0245948
1861 0.0303139 0.00623643 -0.00118605
1862 0.00879108 0.00635736 -0.00120588
1863 0.0173623 0.00651434 -0.00121498
1864 0.0160178 0.00650706 -0.00121517
1865 0.026671 0.00641559 -0.00121517
1866 0.028104 0.00620214 -0.00118043
1867 0.0226172 0.00539662 -0.0104743
1868 -0.00105104 0.00528203 0.0151591
1869 -0.0188949 0.00667293 0.0290905
1870 -0.000299614 0.00494508 0.0211259
1871 -0.0331274 0.00769477 -0.0274469
1872 -0.0284431 0.00629307 0.00871884
1873 -0.0296932 0.00643703 0.0107848
1874 -0.0274655 0 0.00883246
1875 0.0115425 0.00496896 0.0239713
1876 -0.00470101 0.00695932 0.010852
1877 0.0162924 0.00804581 -0.0113113
1878 0.0237308 0.00204122 0.0255498
1879 -0.0311227 0.00789182 -0.0206258
1880 -0.0250364 0.00807398 0.0121793
1881 0.0120139 0.00378826 0.010529
1882 -0.0274916 0.00846399 0.0150028
1883 -0.0124621 0.0080875 0.01237
1884 -0.034871 0.00799796 0.0128908
1885 -0.00375978 0.00623297 0.0108056
1886 -0.0233579 0.00631988 0.0107965
1887 -0.00601401 0.00641405 0.0107848
1888 0.0106563 0.00771912 0.00315205
1889 0.0244297 0.0113924 0.0130212
1890 -0.01897 0.00834294 0.0040246
1891 -0.0148183 0.00308812 0.0234249
1892 0.0141208 0.00602469 0.0138826
1893 0.0076698 0.00600626 0.0138764
1894 0.0186157 0.0115739 -0.0116765
1895 0.000982868 0.00773527 -0.00511365
1896 0.00395321 0.00641405 0.0107848
1897 -0.0340975 0.00354465 0.0218381
1898 0.000232579 0.00806478 0.00324978
1899 0.000920382 0.00778277 0.0103892
1900 0.0117904 0.00807329 0.0241761
1901 0.0151914 0.00807819 0.0243029
1902 0.00161837 0.00807819 0.0241984
1903 0.00596949 0.00807819 0.0242969
1904 0.00207197 0.00787431 0.023582
1905 0.00755491 0.00795637 0.0237593
1906 -0.0277929 0.00807768 0.000543937
1907 -0.00265096 0.0081299 0.000214183
1908 0.00144385 0.00715439 -0.0152207
1909 0.0144924 0.0049903 0.023908
1910 0.00671208 0.00500279 0.0238709
1911 0.0254299 0.00512582 0.0235927
1912 0.00551331 0.00656414 0.0227848
1913 0.0227495 0.00513406 0.023579
1914 0.0287215 0.00516878 0.0235213
1915 -0.00617147 0.00566781 0.0230207
1916 -2.71096e-05 0.00491545 -0.0177866
1917 -0.0078247 0.00654636 -0.0220448
1918 -0.00588372 0.00576202 -0.0222248
1919 0.0172421 0.00234361 -0.0182484
1920 0.0325592 0.00803202 0.0239886
1921 -0.0291461 0.00703504 0.0138616
1922 -0.0270809 0.00700439 0.0138707
1923 -0.0322474 0.00707733 0.0258483
1924 -0.0102738 0 0.00826894
1925 0.00410369 0 0.00832348
1926 0.00375573 0 0.0216988
1927 -0.0360465 0.014 0.0100635
1928 0.0106049 0 0.00927844
1929 0.0104942 0 0.0186744
1930 0.0331451 0.00502732 0.00900727
1931 0.0210724 0 0.00803427
1932 0.0224754 0 -0.012458
1933 0.0267924 0 -0.00620147
1934 0.0324727 0 -0.0266254
1935 0.0320478 0 -0.0181303
1936 0.0282482 0 -0.0130081
1937 0.0295616 0 0.0146532
1938 0.0305335 0 0.0186423
1939 0.038675 0 0.0104428
1940 0.038675 4.33681e-19 0.0163286
1941 0.038675 0 0.0218303
1942 -0.0292832 0 0.03287
1943 -0.0218834 4.33681e-19 0.03287
1944 -0.0155871 8.67362e-19 0.03287
1945 -0.00261172 0 0.03287
1946 0.0075629 0 0.03287
1947 0.0130336 0 0.03287
1948 0.0235949 0 0.03287
1949 -0.0194598 0.00654204 -0.022047
1950 0.00326593 0.00782372 -0.0244965
1951 0.00631251 0.00782868 -0.0244899
1952 0.00521091 0.00805297 -0.0239162
1953 0.0114898 0.00802555 -0.0240408
1954 0.0145889 0.00806541 -0.0239882
1955 -0.000723106 0.00790437 -0.00520028
1956 -0.0200263 0.0108944 -0.00261716
1957 0.00742308 0.00806572 -0.0238583
1958 0.0330561 0.0108859 0.0153347
1959 0.0118599 0.00766856 -0.0247006
1960 0.0137437 0.00760408 -0.0247629
1961 -0.0313056 0.00250464 0.0294568
1962 0.0062982 0.00763742 0.0232655
1963 0.000690447 0.00507358 -0.0213986
1964 0.000216908 0.00493609 -0.0129581
1965 0.000535335 0.005015 -0.0186395
1966 0.0004821 0.00800986 -0.00806988
1967 0.000243287 0.00806242 -0.00333523
1968 -0.0232435 0.00577282 -0.00104018
1969 0.0207911 0.0069024 -0.0162397
1970 0.0349518 0.00921264 -0.00712086
1971 0.0190636 0.0068129 0.00192102
1972 0.0232201 0.00733219 0.00171928
1973 0.012001 0.00352566 0.0256064
1974 0.0339255 0.00682776 0.0019169
1975 0.0282055 0.00708759 0.00184475
1976 0.0129112 0.00701206 0.0018702
1977 0.00166331 0.00398058 -0.00637037
1978 -0.000509839 0.00365278 0.00886325
1979 -0.032927 0.00703695 -0.00111881
1980 0.00489016 0.0042844 0.022583
1981 -0.00157108 0.00671557 -0.0186008
1982 0.0190796 0.00807819 0.0242337
1983 0.0216623 0.00801185 0.0248431
1984 0.0231433 0.00806548 0.0241407
1985 0.0258446 0.00802339 0.0247906
1986 0.0327569 0.00274422 0.000663054
1987 0.0105864 0.00592075 0.0258456
1988 -0.0164101 0.00862311 -0.021553
1989 -0.0148093 0.00753956 0.0231823
1990 -0.022087 0.00748412 0.0231352
1991 -0.0167677 0.00753664 0.0231798
1992 -0.0208695 0.00837836 -0.0279089
1993 0.0344526 0.00765252 0.0134617
1994 -0.0105801 0.00524334 -0.03187
1995 -0.0255082 0 0.0154256
1996 -0.0329093 0.00908647 -0.00830675
1997 -0.00456772 0.00423364 0.0247412
1998 0.0176622 0.00792236 0.00882598
1999 0.0261312 0.0044127 -0.0263541
2000 0.0321199 0.00749796 -0.000853004
2001 -0.0186178 0.00615275 -0.00783424
2002 -0.0254123 0.00680738 -0.00567119
2003 0.010602 0.00652989 -0.00873411
2004 -0.034569 0.0086651 0.0160149
2005 -0.0283017 0.00337504 -0.00210377
2006 -0.013109 0.00888155 0.0192554
2007 -0.00950487 5.87158e-05 -0.03187
2008 -0.0270877 0.00798016 -0.0241893
2009 -0.0241697 0.00676658 -0.0251939
2010 -0.0317395 0.00316688 0.000369499
2011 0.0164736 0.00492049 0.0122965
2012 0.0339863 0 -0.00611993
2013 0.00504424 0.00905327 0.0239941
2014 0.00452152 0.00649307 0.0259552
2015 0.00131323 0.00560815 0.0060257
2016 0.00724512 0.00616401 0.0214182
2017 0.038675 0.0100846 -0.00706196
2018 0.0325829 2.1684e-19 0.03287
2019 0.01219 0.014 0.00949686
2020 -0.0151647 0.00508423 -0.0207113
2021 -0.0277036 0.00654013 -0.0205885
2022 0.00956851 0.00887274 -0.0119365
2023 0.0292683 0.00798479 -0.020164
2024 0.00852227 0.00584519 0.0229263
2025 -0.00150155 0.00700807 -0.00737389
2026 -0.013235 0 0.0280072
2027 -0.00488293 0 0.0276624
2028 -0.00101812 0 -0.026488
2029 -0.0364345 0.00545618 -0.0204478
2030 -0.0231905 2.38973e-05 -0.03187
2031 -0.0103297 0.014 0.00870098
2032 -0.000666574 0.00505922 0.005896
2033 -0.0141059 0.00585631 -0.0221812
2034 0.033446 0.014 0.0200612
2035 0.0143648 0.00361805 -0.0252781
2036 0.0257275 0 0.0128038
2037 -0.03384 0.00502009 -0.00751248
2038 -0.0342726 0 0.0185693
2039 -0.00403943 0.00742229 0.0230827
2040 0.010595 0.00863453 0.00165682
2041 0.0330057 0.014 -0.03187
2042 0.0153973 0.00695231 0.0101298
2043 0.00920376 0.00669643 0.03287
2044 -0.0139591 0.00703428 -0.00280952
2045 -0.0252371 0.00794027 -0.0122755
2046 -0.0244894 0.00766776 -0.0225583
2047 -0.0309854 0.00521201 -0.0245505
2048 -0.0107829 0.014 0.0284195
2049 0.0320168 0.00588646 -0.0250844
2050 0.0123001 0.00545464 -0.0206063
2051 -0.0329954 0.0101615 0.028421
2052 -0.038675 0.00747441 -0.0233031
2053 -0.0201645 0.00670163 -0.0252026
2054 -0.0146605 0.0100582 -0.00184669
2055 0.0370004 0.00660147 -0.0258504
2056 -0.0190552 0.00776787 -0.0245699
2057 0.038675 0.00668361 -0.029051
2058 -0.0266226 0.00755878 -0.0248013
2059 -0.0068884 0.00314409 0.0263196
2060 0.00902083 0.00807819 0.0243359
2061 0.0100841 0.00806059 -0.0233784
2062 0.013408 0.0101009 -0.0256002
2063 -0.0242184 0.00253395 0.012071
2064 -0.000358669 0 0.0269944
2065 0.0259144 0 0.0273634
2066 -0.00531521 0.00739088 -0.022316
2067 -0.0351667 0.00658516 -0.0220534
2068 0.0252599 0.00699162 0.00187242
2069 -0.0317395 0.00745975 -0.0248855
2070 -0.0111559 0.00535779 -0.0247429
2071 0.0083223 0.00788129 -0.0144604
2072 -0.0105124 0.0070224 -0.00437987
2073 -0.0307021 0.00739777 0.00440817
2074 -0.0271229 0.00806424 -0.023395
2075 0.0279144 0.0071088 -0.00256573
2076 -0.0354098 0 -0.0109951
2077 0.0353359 0.00271365 0.00898923
2078 0.000468941 0.00801275 -0.00592582
2079 -0.000172839 0.00493129 0.00520221
2080 -0.0144051 0.00749136 -0.0266176
2081 -0.0302935 0.00995224 0.00992859
2082 -0.0159022 0.00601916 0.016532
2083 -0.0122402 0.00804848 -0.0233234
2084 -0.019237 0.0080481 -0.0233217
2085 0.0108886 0.00663888 -0.0153266
2086 0.000807119 0.0078655 0.00512192
2087 -0.00155461 0.00681128 0.00908013
2088 0.0352218 0.00391696 -0.0244639
2089 -0.0302098 0.00279218 0.0240337
2090 -0.00637444 0.014 0.0274355
2091 0.00616284 0.00494414 0.024661
2092 0.00813091 0 -0.00606083
2093 0.0352147 0.009117 -0.0275431
2094 -0.0329248 0.014 0.0138604
2095 -0.000123772 0.00807819 -0.00450966
2096 0.0100016 0.00522509 -0.000572252
2097 -0.00157444 0.00631538 -0.00312332
2098 0.000155019 0.00285007 0.00625824
2099 0.0199422 0.0057899 -0.00104808
2100 -0.038675 0 0.0275762
2101 -0.022869 0.00266477 -0.00999152
2102 -0.0256047 0.00521655 0.023442
2103 0.028331 0.00723712 -0.00786652
2104 -0.0015801 0.00636743 -0.00784187
2105 -0.0077863 0.00807332 0.000563745
2106 0.0346246 0.00538733 0.0281379
2107 -0.0218219 0.00579487 -0.0222096
2108 0.00460291 0.00723963 0.00177261
2109 -0.038675 0.00739325 -0.0213237
2110 -0.0113029 0.00934673 -0.0244281
2111 -0.028236 0.00808641 -0.0116501
2112 -0.0149433 0.0050096 0.0238507
2113 -0.0355562 0.00794742 -0.023
2114 0.0057974 0.00793425 0.0237115
2115 -0.0312549 0.0091069 -0.0246374
2116 -0.0357822 0.00927223 0.0278163
2117 -0.0165767 0.00495227 -0.0232808
2118 -0.00132299 0.00737587 0.00871497
2119 -0.0358288 0.0071436 -0.0221844
2120 -0.012591 0.00739822 -0.0129597
2121 0.0121408 0.00981373 0.000458239
2122 0.0109023 0.00406395 -0.00435499
2123 0.00128149 0.00557571 0.0292383
2124 -0.00378118 0 -0.0166932
2125 -0.0102639 0.014 -0.0229512
2126 -0.0303422 0.0101969 0.0140726
2127 0.0197292 0.00480751 -0.0141387
2128 0.0255626 0.0057564 -0.0222274
2129 0.026446 0.00952178 0.03287
2130 0.0324255 0 0.0248697
2131 0.0335872 0 -0.03187
2132 0.00748987 0.00970312 0.0277583
2133 0.0293841 0.0065548 0.0139497
2134 -0.0153054 0.00994888 0.0142091
2135 0.0305832 0.00491613 0.0124033
2136 -0.00129895 0.00740855 0.0288561
2137 -0.00152714 0.00693213 -0.00258061
2138 -0.00141515 0.00578357 -0.0034149
2139 0.0329705 0.00954852 0.012376
2140 0.00275393 0 -0.00613772
2141 0.0217993 0 -0.0179839
2142 -0.0358196 0.00742801 0.0230875
2143 0.00154967 0.0061663 0.0286537
2144 0.0340541 0.014 0.0328224
2145 0.0242504 0.0088987 0.0296618
2146 0.0206475 0.00790839 -0.0244627
2147 -0.00120293 0.0075216 -0.00793476
2148 -0.0178029 0.00615006 0.0019161
2149 0.00206481 5.78413e-05 0.03287
2150 0.0127429 0.014 -0.00905187
2151 0.0117186 0.014 0.00484177
2152 -0.00766976 0.0100365 0.0251918
2153 -0.00152764 0.00689712 0.0290147
2154 -0.0252726 0.00785369 0.00119708
2155 -0.0161368 0.00519151 0.0234836
2156 0.00114396 0.00540978 -0.00430268
2157 0.0182377 0.00321014 -0.012671
2158 0.0183493 0.00376343 -0.00519674
2159 0.0148949 0 0.00610184
2160 -0.0238268 0.00479346 0.00428364
2161 -0.0217549 0.010042 -0.00905105
2162 -0.00158667 0.00367469 0.0068402
2163 0.0167276 0.00211892 0.0216964
2164 0.0183471 0.014 0.0143727
2165 -0.0262545 0.014 0.0256351
2166 -0.00469381 0.014 0.00787631
2167 0.0031178 0.014 0.022007
2168 -0.0137497 0 -0.00932844
2169 0.00439441 0.0106903 -0.0275849
2170 0.0286967 0.00807819 -0.0236033
2171 -0.0109487 0.00306321 0.0217956
2172 -0.0116181 0.014 0.00413443
2173 0.0198606 0.00999768 -0.0212185
2174 -0.0179865 0.014 -0.0193612
2175 0.0251278 0.014 -0.0130903
2176 -0.0258632 0.014 -0.0132074
2177 -0.0259587 0.014 -0.0057365
2178 -0.0164777 0.014 0.000416573
2179 -0.0184357 0.014 0.0202742
2180 0.0298926 0 -0.00209962
2181 -0.0238839 0 -0.000740057
2182 -0.0036661 0.00339685 0.0228378
2183 0.0346305 0.00805981 -0.0238851
2184 -0.0324791 0.00975557 0.0232706
2185 0.033937 0.00807819 0.0121984
2186 -0.0324765 0.00554202 0.0256272
2187 -0.00484587 0.014 0.000509607
2188 0.02529 0.014 -0.0202508
2189 0.0327884 0.014 -0.0198837
2190 0.0100458 0.014 0.0195536
2191 0.030361 0 -0.0222215
2192 -0.0366817 0.00214819 0.0243917
2193 0.0355836 0.00911175 -0.0124633
2194 0.00516077 0 -0.0278833
2195 0.00157989 0.00658417 0.0293707
2196 0.0340405 0.00302928 -0.0126396
2197 -0.0324909 0.00897738 -0.000996824
2198 0.02007 0.014 0.0278606
2199 0.00139572 0.00723665 0.029005
2200 -0.0199602 0.00287402 -0.0258858
2201 0.0317875 0.00678453 -0.0220711
2202 -0.0151063 0.00595781 -0.00792959
2203 0.0345499 0 0.0149703
2204 0.00464997 0.014 0.0286795
2205 0.0199368 0.00327979 -0.0255124
2206 -0.0246926 0.0106874 0.0123081
2207 -0.035223 0.014 0.0192774
2208 0.0354555 0 -0.014814
2209 -0.00156586 0.00629622 0.0294379
2210 0.0161361 0.00712715 0.0109135
2211 -0.0341962 0 -0.0238357
2212 -0.00881483 0.00904683 -0.0145096
2213 0.0243471 0.00646594 0.015498
2214 -0.0324031 0.00882521 0.0148986
2215 0.0229305 0.00684296 0.03287
2216 0.0187994 0.003766 -0.00939222
2217 -0.029542 0 0.003663
2218 -0.00879643 0 -0.0124972
2219 0.0337405 0.00665438 -0.00271652
2220 0.00646506 0.0119336 -0.00479887
2221 0.038675 0.00682502 0.00905391
2222 -0.0181228 0.00244158 -0.00133411
2223 -0.00966618 0.014 -0.00748633
2224 0.0364176 0.00839151 -0.0191419
2225 -0.0341903 0.00707686 0.0138484
2226 -0.0211353 0 0.0142001
2227 0.0282957 0.0055752 0.0148096
2228 -0.038675 0.00577495 0.00719227
2229 0.0259165 0.00510282 0.0116309
2230 -0.0101678 0.00497113 -0.0120352
2231 -0.0344848 0 -0.00243382
2232 -0.0295447 0.00728341 0.0257433
2233 -0.0336755 0 -0.0318276
2234 -0.0339264 2.1684e-19 0.03287
2235 -0.0339264 0.014 0.03287
2236 0.0343241 0.014 -0.0236816
2237 0.0337567 0.014 -0.00383258
2238 0.0333654 0.014 0.0248038
2239 -0.0354433 0.0101155 0.0227413
2240 0.0289351 0.00329081 -0.0217109
2241 0.037675 0.00641261 -0.0249693
2242 0.0358615 0.00382577 0.0138273
2243 -0.00446897 0.010223 0.0208481
2244 0.0372397 0.0054758 0.0210841
2245 0.00618476 0 0.0252725
2246 -0.0255234 0.0048094 0.0162567
2247 -0.0190752 0.00498291 0.0150011
2248 -0.0249416 0.00801454 -0.0111692
2249 -0.0288559 0.014 0.00137281
2250 0.00198304 0.0106484 0.03287
2251 -0.0348543 0.00639439 0.0170681
2252 -0.00248489 0.0098075 0.0196077
2253 -0.0205187 0.00783131 0.00122652
2254 -0.038675 0.00712384 0.0247874
2255 0.0223857 0.00633485 -0.0291925
2256 0.012353 0.00822364 -0.0176739
2257 -0.0262849 0.00758995 -0.0127749
2258 -0.0158773 0.00723218 0.0257736
2259 0.0128763 0.00474515 0.0159276
2260 -0.0315409 0.00362255 0.00301544
2261 -0.0317662 0.010098 0.0264531
2262 0.037675 0.00585686 -0.0241417
2263 0.0268324 0.0100753 0.0265656
2264 0.00847318 0.00544546 -0.0128116
2265 -0.0218785 0.00765238 -0.0153329
2266 0.0251794 0.00754996 0.0111912
2267 -0.0346031 0.014 9.66314e-05
2268 0.01455 0.00334535 -0.0164964
2269 -0.0155102 0.00388194 0.0133464
2270 -0.00473673 0.00266454 -0.03187
2271 -0.0368222 0.009601 0.0135809
2272 -0.0178057 0.00356568 -0.0145149
2273 -0.0208047 0.0101406 0.0273753
2274 0.0249493 0.00894276 0.0206241
2275 -0.0191512 0 0.00139454
2276 0.0044163 0.00861839 -0.0040218
2277 0.00730337 0.00777907 -0.0125552
2278 0.0136297 0.00807521 -0.0234449
2279 0.0333427 0.00746452 0.00162141
2280 0.0320931 0.00739852 0.0230625
2281 0.0087819 0.00396891 0.0291916
2282 0.0313185 0.00941129 0.0235538
2283 -0.0370441 0.00472729 0.0094988
2284 -0.0258077 0.00509221 0.0250914
2285 -0.0268034 0.00883438 -0.0101731
2286 0.00414366 0.00490206 -0.0161509
2287 0.0267807 0.00499636 -0.02315
2288 -0.01823 0.00813522 0.0280245
2289 -0.0045227 0.00491704 0.0244118
2290 0.0348246 0.00723331 -0.0250284
2291 -0.0362256 0.00665946 -0.00849573
2292 0.0366528 0.00427362 -0.0141333
2293 0.0114614 0.00796211 -0.000228308
2294 -0.0181716 0.00298534 -0.00994099
2295 0.00884495 0.0112912 0.0204115
2296 -0.0352732 0.00754495 0.0135531
2297 -0.0131241 0.00969096 -0.0138849
2298 -0.0338368 0.00855475 -0.0152811
2299 -0.0175863 0.00494842 0.0120397
2300 -0.0036613 0.00290873 -0.0229624
2301 -0.00540716 0.00730857 0.0268479
2302 -0.0314772 0.0040221 -0.00160724
2303 0.0240215 0.00849865 0.0107266
2304 0.0349327 0.00695363 0.0108573
2305 -0.00523294 0.00500244 0.0238719
2306 0.037675 0.00678095 0.0235766
2307 0.0157995 0.00934807 -0.0104367
2308 0.0257907 0.00770853 0.025388
2309 0.0244687 0.0079706 -0.000209949
2310 -0.0209566 0.0104112 -0.0115449
2311 -0.0260245 0.0107683 0.0276398
2312 -0.0346365 0.00746915 0.0270066
2313 -0.014202 0.002006 -0.0122384
2314 0.0303035 0.00902241 -0.0117387
2315 0.00331641 0.0108437 -0.0072505
2316 0.0325401 0.0116289 -0.00725881
2317 0.0106639 0.00238084 0.0120193
2318 0.00450799 0.00713285 0.0138221
2319 -0.0125288 0.00849851 -0.00189787
2320 -0.0164753 0.00768686 0.0254165
2321 0.00237424 0.014 -0.0197012
2322 -0.0330948 0.00647404 -0.00222914
2323 -0.0015287 0.00607251 0.00455334
2324 0.038675 0.00913893 0.0101883
2325 0.0215401 0.00444117 0.0141724
2326 -0.0071093 0.0074581 -0.0080545
2327 -0.038675 0.00403856 -0.000574101
2328 0.030385 0.00596243 0.0138567
2329 -0.000781306 0.014 0.0269751
2330 -0.00156669 0.00675595 0.00591269
2331 -0.0288147 0.00581609 -0.0178746
2332 -0.0219883 0.00994844 0.0238626
2333 0.0164823 0.00389014 0.0233376
2334 -0.0163904 0.0070592 0.0267921
2335 0.0342363 0.00327325 0.022873
2336 0.0234965 0.00479638 -0.0150303
2337 0.00158491 0.00658835 0.018562
2338 -0.0202637 0.00534757 0.0254483
2339 -0.0127983 0.00669217 -0.0132036
2340 -0.00158182 0.00638326 0.0187506
2341 0.0370822 0.00854754 0.0237789
2342 0.016537 0.00923775 -0.03187
2343 -0.0162866 0.00452303 0.0154331
2344 0.0094721 0.00277889 -0.00840576
2345 0.0142206 0.00421826 0.0107485
2346 -0.00197178 0.00936866 -0.03187
2347 -0.0102222 0.00557559 0.0256585
2348 -0.0265475 0.00537269 0.00483631
2349 -0.00158517 0.00651991 -0.00578328
2350 0.0178927 0 -0.014279
2351 0.0196005 0.00799809 -0.0231095
2352 0.0117799 0.00570941 0.00584417
2353 -0.0109069 0.00965248 0.0235758
2354 -0.0341618 0.00319994 8.02936e-05
2355 -0.0327355 0.00808552 0.000406535
2356 0.0345157 0.00641405 0.0139552
2357 0.0274712 0.0065541 0.0139501
2358 -0.0342755 0.014 -0.03187
2359 -0.00158517 0.00646953 0.027811
2360 -0.0348461 0.00867474 0.010301
2361 0.01731 0.00380431 0.00535989
2362 -0.0282874 0.00797959 0.0101912
2363 -0.00436948 0.00665238 0.0259406
2364 -0.0175865 0.00264937 0.011857
2365 -0.038675 0.00615925 -0.00301305
2366 0.026624 0 -0.0277969
2367 0.01172 0.00554776 -0.0248973
2368 0.0164091 0.00261922 -0.0226133
2369 0.0352587 0.00762204 -0.0225124
2370 0.0345179 0.00942329 0.0250075
2371 0.0270943 0.00797188 0.0129472
2372 0.0206294 0.00775194 -0.0259167
2373 0.00717272 0.0092432 -0.0165415
2374 -0.0157732 0.00494959 0.0127111
2375 0.0250186 0 -0.0210137
2376 0.0127248 0.014 -0.0274717
2377 -0.038675 0.00297899 -0.0239296
2378 -0.0309643 0.00823666 0.025428
2379 -0.0242509 0.00289113 0.00105439
2380 -0.00549083 0 0.0217878
2381 0.0320601 0.00325694 0.0253999
2382 -0.036443 0 0.00769868
2383 -0.0130861 0.00286242 0.000931439
2384 0.0252356 0.0079094 -0.0244561
2385 0.0200881 0.00854553 0.0156838
2386 0.0069649 0.00622625 0.00936329
2387 -0.0252728 0.00443103 -0.0115244
2388 0.00249241 0.00231514 -0.00178247
2389 -0.0318243 0.00502681 0.0129404
2390 0.00250877 0.00980552 0.0194179
2391 0.013672 0.00175223 0.0278827
2392 0.00948515 0.0100922 -0.0252624
2393 -0.0192045 0.00400225 0.0229833
2394 0.038675 0.014 0.0151595
2395 -0.00333763 0.00565933 0.0185065
2396 -0.0121386 0.00808031 -0.0114976
2397 -0.00950081 0 0.0249535
2398 0.000146199 0 0.011773
2399 0.0201742 0.00345146 0.00973451
2400 0.000730576 0 -0.0129961
2401 -0.0254535 0 -0.021296
2402 -0.0106142 0.00473746 -0.00212412
2403 0.0251761 0.00945285 0.0248074
2404 -0.038675 0.00593799 0.0212387
2405 -0.0364015 0.0032218 0.013518
2406 0.0119837 0.00888924 -0.0140988
2407 -0.0193756 0.00941482 3.06371e-05
2408 0.0300048 0 0.00861064
2409 0.0105216 0 0.0132557
2410 -0.0164805 0.00767805 -0.000688141
2411 0.0107926 0.00282108 -0.0212726
2412 0.0177544 0.00265844 -4.64033e-05
2413 0.0300516 0.00514006 0.0251709
2414 0.0312871 0.00568998 0.00787988
2415 0.0306647 0.00708759 0.0138448
2416 -0.0261096 0.0077175 0.0253762
2417 -0.0203915 0 -0.0197259
2418 0.0352943 0.00615501 0.0259133
2419 -0.019383 0.00558871 0.0110755
2420 -0.038675 0.014 0.0286046
2421 0.038675 4.25101e-05 -0.0273281
2422 -0.0153324 0.014 0.0292741
2423 0.0139423 0.014 0.0284939
2424 0.0155258 0.00675199 0.00516502
2425 0.0253445 0.00940813 -0.0138248
2426 0.00926008 0.0114723 0.00969699
2427 -0.0288071 0 0.0280856
2428 -0.0225736 0.00494701 5.26117e-05
2429 0.0370857 0.00643682 -0.0206966
2430 -0.0329919 0.00897132 -0.0127494
2431 -0.0296113 0 -0.0202401
2432 0.000661141 0.0113922 0.000519198
2433 -0.0237879 0.00566897 0.0110224
2434 -0.032011 0.00555343 0.0111033
2435 -0.0256255 0.00226831 -0.0199357
2436 -0.0229108 0.00647916 -0.00121517
2437 -0.0256182 0.00804498 0.0240475
2438 0.0252851 0.0055189 0.0111246
2439 0.000421331 0 -0.019662
2440 0.016869 0.00959965 -0.0242135
2441 -0.011323 0 -0.0207463
2442 -0.00129478 0.00741346 0.0273395
2443 0.0330326 0.00271694 -0.00991584
2444 0.0179744 0.00562689 -0.0149702
2445 0.0353597 0.00572839 -0.00408147
2446 -0.019431 0 -0.0121529
2447 -0.0339324 0.00728003 -0.0222561
2448 -0.0343388 0.00758081 -0.0247826
2449 0.034244 0.00801007 -0.0231488
2450 -0.0310831 0.00515555 0.0235433
2451 -0.0319071 0.00693936 0.0228541
2452 0.0119416 0.0104731 -0.0105694
2453 -0.038675 0.0094883 -0.0101141
2454 -0.0335742 0.00230792 0.0265513
2455 0.0299258 0.00212112 -0.0248142
2456 0.0174649 0.00691366 -0.0251584
2457 0.0314292 0.00779529 0.0252739
2458 0.0197462 0.00637208 -0.0252083
2459 0.0193235 0.00587125 -0.0221766
2460 0.0242707 -5.42101e-20 -0.03187
2461 0.026979 0.00657495 -0.0252092
2462 0.00497804 0.014 0.00322096
2463 0.0354482 0.00491955 0.0243051
2464 -0.0098189 0.00515377 0.0251937
2465 -0.030777 0.00525373 -0.00247458
2466 0.0362811 0.00693283 -0.0141324
2467 0.017463 0.0100901 0.0248799
2468 -0.0329995 0.00940335 0.000364276
2469 0.00810406 0.0062254 -0.0251913
2470 -0.038675 0.00420531 -0.03187
2471 -0.00724518 0.00747685 0.023129
2472 0.0264878 0.00602514 -0.0251396
2473 -0.0215695 0.00807819 -0.0118016
2474 -0.0182998 0.00778758 0.021698
2475 0.019942 0.00362418 0.0129942
2476 0.0139059 0.0106631 -0.00926378
2477 0.0330663 0.00639594 0.0139532
2478 -0.0215631 0.00377466 -0.0091115
2479 -0.00667469 0 -0.0208733
2480 0.0251632 0.00835599 0.0267579
2481 0.0199811 0 -0.0272682
2482 -0.000119075 0.00389146 -0.028845
2483 -0.0096684 0.00173914 0.0244404
2484 0.021318 0.00718872 0.0257912
2485 0.0214552 0.00918337 -0.022272
2486 -0.0299751 0.00807819 0.0241984
2487 -0.026425 0.00496301 0.0239889
2488 -0.038675 0.0110756 0.00828171
2489 0.0307973 0.0101621 0.03287
2490 -0.00247824 0.014 -0.0240062
2491 0.0201115 0.00372421 0.0241952
2492 -0.0349843 0.00771789 -0.0126357
2493 0.0130823 0.00828361 -0.0267177
2494 -0.0338679 0.00709094 -0.025103
2495 -0.0333115 0.00808533 0.0124101
2496 -0.0161066 0.00606564 -0.0131564
2497 -0.031895 0.00610934 0.0108333
2498 0.0248344 0.00528587 0.0253831
2499 -0.0188199 0 0.00682011
2500 0.0183734 0 0.0328548
2501 -0.0310746 0.014 0.00750127
2502 -0.0304991 0.014 -0.0128057
2503 -0.0310242 0.014 -0.00675157
2504 -0.0202669 0 -0.0155774
2505 0.0274005 0.00801285 -0.0111615
2506 -0.0140118 0 0.010848
2507 -0.0127206 0 -0.0018977
2508 -0.00784259 0.00633996 0.0227929
2509 0.0316851 0.00539844 -0.022498
2510 -0.00988311 0.0055732 0.00879103
2511 -0.038675 0.00222485 0.00130317
2512 -0.00233804 0.00420772 -0.0138243
2513 -0.00958082 0.00908092 0.00815407
2514 0.0311218 0.00605437 -0.0131513
2515 -0.0355723 0.00517282 -0.0124854
2516 0.0134838 0.0091974 -0.0208692
2517 0.0190338 0.00538917 0.0254922
2518 -8.57942e-05 0.00807819 0.0209036
2519 1.41143e-05 0.00388098 0.0308585
2520 0.023938 0.00391768 0.0120339
2521 -0.00186048 0.014 -0.0171862
2522 0.0268483 0.00799439 -0.0176728
2523 -0.0222867 0.00261399 0.0229139
2524 -0.01223 0.00982951 -0.03187
2525 0.0221329 0.006431 -0.0252152
2526 0.0359892 0.00715192 -0.0221893
2527 0.036322 0.00766237 0.00904531
2528 0.0105839 0.014 -0.0130218
2529 0.00135493 0.00568612 -0.0293207
2530 0.02823 0.0052362 -0.0226693
2531 0.0262343 0.00445925 0.027187
2532 0.0356968 0.00781155 0.0234875
2533 -0.0167788 0.00323551 -0.0111828
2534 -0.0145536 0.00564913 -0.0149874
2535 -0.0179611 0.00369701 0.0104994
2536 0.0322145 0.00501071 -0.0206166
2537 0.014633 0.00535652 -0.0105423
2538 0.0262606 0.00825262 -0.0257761
2539 -0.0098469 0.00522837 -0.0106823
2540 -0.0184148 0.00547283 0.00304113
2541 -0.038675 0.00833685 -0.00941227
2542 -0.0287756 0.00853523 -0.0213274
2543 0.023248 0.00311553 -0.0252475
2544 -0.0351961 0.00494404 -0.0119201
2545 -0.0133271 0.00527235 -0.0126289
2546 -0.0287128 0.00758318 0.0209148
2547 0.0107434 0.00388215 -0.0107278
2548 0.0235202 0.00537597 -0.0201933
2549 0.0247216 0.00738616 -0.0223132
2550 -0.00976856 0.00878665 0.0154431
2551 0.0131231 0.00611238 0.0206708
2552 -0.0198248 0.00770179 0.0113431
2553 -0.0323107 0.00528753 -0.000644898
2554 -0.0357993 0.00396273 -0.0138775
2555 0.0189271 0.00640444 -0.0220458
2556 0.0284323 0.00894545 0.00408172
2557 0.0286454 0.00935964 -0.0225248
2558 -0.00714969 0 0.000987312
2559 -0.0220431 0.00441605 0.0218257
2560 0.0294618 0.00643595 -0.0252152
2561 -0.038675 0.00490981 0.010687
2562 -0.0321101 0.00776359 0.0114244
2563 0.0212124 0.00648743 -0.00416433
2564 0.0225228 0.00779488 0.0272249
2565 -0.0330077 0.00935561 0.0133933
2566 0.0312831 0.00728992 0.0257375
2567 -0.00982774 0.00620143 0.0269622
2568 -0.00668463 0.0095383 -0.0135348
2569 -0.0114747 0.0031608 -0.0128321
2570 -0.0219733 0.00747031 0.03287
2571 -0.00953227 0.00786505 0.023562
2572 0.000913612 0.00365758 -0.03187
2573 0.0275642 0.0118906 -0.000737756
2574 0.017856 0.00492162 -0.0235461
2575 -0.033598 0.00762958 -0.000741208
2576 0.02998 0.00695961 -0.0221197
2577 0.0355655 0.014 -0.0122015
2578 0.0150257 0.00459312 -0.00819443
2579 0.018501 0.00786026 0.0235516
2580 0.0299872 0.00755082 0.0135481
2581 -0.0173443 0 0.0248047
2582 -0.0197714 0.0062807 0.0218547
2583 -0.00529202 0.00966338 0.0248936
2584 -0.0288676 0.00954538 -0.0137886
2585 0.0242093 0.00307887 -0.0221517
2586 -0.0215203 0.00303347 -0.0126107
2587 0.038675 0.00497975 0.0258439
2588 0.0304968 0.00687981 0.0228356
2589 0.000146147 0.00492839 0.0292731
2590 0.0251212 0.00634164 0.0139466
2591 -0.00338215 0.0090877 0.0157864
2592 -0.010962 0.00739559 0.02306
2593 -0.0108663 0.00747353 0.0136138
2594 -0.00924988 0.00656134 -0.0151614
2595 0.00607167 0.00788617 0.0131324
2596 0.0143924 0.00889967 0.0138961
2597 0.0333056 0.00554471 -0.014786
2598 0.0219072 0.007742 -0.022656
2599 0.015385 0.00784457 -0.024469
2600 -0.00145644 0.00587283 -0.00513965
2601 0.0322127 0.00724215 -0.0102375
2602 -0.00922645 0.00459674 0.0265294
2603 0.0365393 0.00418488 0.00780672
2604 0.00301561 0.00978176 -0.01164
2605 -0.0159958 0.00474785 0.0286409
2606 0.0346266 0.00675683 0.0259366
2607 0.0160305 0.0106825 -0.0120483
2608 0.0312349 0.00886195 -0.0133293
2609 0.0232709 0.00795171 0.0117492
2610 0.0355926 0.00596857 -0.0131171
2611 0.0364325 0.00880802 -0.0222543
2612 -0.0316999 0.00491657 -0.0115926
2613 0.0236872 0.00565477 -0.0249637
2614 0.0269124 0.00548464 0.0111507
2615 -0.01871 0.00613683 0.0271225
2616 -0.00650768 0.00258622 0.0137923
2617 0.0263234 0.00502212 0.0249265
2618 -0.0241821 0.00802603 0.000778621
2619 -0.0338661 0.00578292 -0.0010442
2620 0.00229517 0.00488558 0.0308401
2621 0.00720199 0.00675683 -0.0131966
2622 -0.00965102 0.00448565 -0.01361
2623 -0.00158517 0.00650588 0.0165106
2624 -0.000336284 0.00948963 -0.0146342
2625 -0.0322685 0.00619671 0.0228191
2626 -0.0208913 0.00795666 0.015383
2627 0.0346551 0.00660907 -0.0268047
2628 -0.0149432 0.00727729 0.0278732
2629 -0.000622532 0.00504438 0.0301351
2630 -0.0104349 0.00582343 -0.0101964
2631 -0.0141632 0.00451763 -0.0131221
2632 0.00280578 0.00156506 -0.011529
2633 0.00161837 0.00322802 0.0200395
2634 0.0314762 0 -0.00963543
2635 0.00153242 0.00385342 0.00859799
2636 -0.0233012 0.00399384 -0.0123313
2637 -0.00138597 0.00915664 -0.00269817
2638 0.0254409 0.00909471 -0.0227474
2639 -0.0250784 0.00931261 -0.0118922
2640 -0.0292048 0.00808019 0.000504704
2641 0.0348755 0.003661 0.0124726
2642 0.0143808 0.00263931 0.0214164
2643 -0.0122805 0.00986515 -0.0195647
2644 -0.0291302 0.00764323 -0.0127296
2645 0.0306101 0.00919082 0.0142816
2646 0.00839903 0.00467789 -0.0260546
2647 0.0283086 0.00911165 0.0235216
2648 -0.00687406 0.00589461 -0.0130962
2649 -0.00113565 0.00540191 0.027203
2650 -0.0010109 0.00771396 0.0302356
2651 -0.000539741 0.0036642 0.0294619
2652 -0.00658195 0.00586308 0.0159834
2653 -0.00377911 0.00762783 -0.03187
2654 -0.00161663 0.0090113 -0.0159958
2655 0.0172491 0.00932801 0.0115459
2656 0.0363056 0.00639109 -0.0132114
2657 0.0246504 0.00757073 0.0255312
2658 -0.0122329 0.00765892 -0.0105467
2659 0.0118329 0.00728595 -0.0222529
2660 -0.0142735 0.00612969 0.00191161
2661 -0.0205701 0.00496261 0.0239901
2662 -0.0100309 0.00964767 0.0120194
2663 -0.0119365 0.00726883 0.0268416
2664 0.0311261 0.00883802 0.0013089
2665 0.0196283 0.00399489 -0.0217304
2666 -0.036223 0.00557093 0.0230927
2667 -0.0305321 0.00750625 0.02658
2668 -0.0122102 0.00779369 0.0152585
2669 -0.0294278 0.00543947 0.0135809
2670 0.033203 0.00157385 -0.0036802
2671 0.0303725 0.00479259 0.0142737
2672 -0.0336206 0.00507722 -0.0109335
2673 -0.00353677 0.00405132 -0.0303429
2674 -0.0333113 0.00667623 0.00862782
2675 0.00430178 0.00419255 0.0190613
2676 -0.0147228 0.00913256 0.0240968
2677 0.0368933 0.00379801 0.0237015
2678 0.0359178 0.00803324 0.0239941
2679 0.032425 0.00493504 -0.0118373
2680 0.0298347 0.00642786 -0.0220448
2681 -0.03296 0.005295 0.00139279
2682 -0.0169385 0.00375759 -0.025009
2683 0.0154576 0.00660959 -0.0100497
2684 0.0362761 0.00647787 0.0227879
2685 -0.0153745 0.00491983 0.000437448
2686 -0.0176156 0.00845456 0.00888716
2687 -0.0322492 0.00650982 -0.0252114
2688 0.00702984 0.00314245 -0.0236949
2689 0.038675 0.00686937 0.015934
2690 -0.0361593 0.00722131 0.0109661
2691 -0.00885088 0.00739088 0.00168396
2692 -0.0247977 0.00583296 -0.00106665
2693 0.0154856 0.00533575 0.0233042
2694 -0.00765279 0.00968459 3.33736e-05
2695 0.0177082 0.00389752 -0.0242377
2696 0.0349038 0.00786026 -0.0244484
2697 -0.00701249 0 -0.00516325
2698 -0.0233548 0.00835956 0.0220779
2699 -0.0266518 0.0083075 0.00224593
2700 0.003869 0.0064629 0.0139552
2701 -0.016961 0.00494961 0.0240287
2702 -0.00847917 0.00496658 0.0246967
2703 -0.0154388 0.00281618 -0.0209377
2704 -0.0221821 0.00235354 0.000863299
2705 -0.0296281 0.00673965 -0.00284805
2706 -0.0246247 0.0088463 0.0258117
2707 -0.0174465 0.00772799 -0.0126224
2708 0.00325378 0.0079146 -0.00821008
2709 -0.0279605 0.00899971 0.00158527
2710 -0.000446959 0.00801759 0.0173309
2711 -0.0123731 0.00620622 0.00453014
2712 0.00597794 0.00805123 -0.0119241
2713 -0.00558679 0.00728105 0.0257501
2714 -0.0241352 0.00876787 0.00919764
2715 -0.0107915 0.00491662 0.000407913
2716 -0.00173108 0.00348052 0.0309951
2717 0.0322402 0.00564772 0.0257006
2718 -0.0104936 0.00410619 -0.00878576
2719 0.038675 0.00285285 -0.023967
2720 -0.0317458 0.00597564 -0.0101401
2721 0.0350961 0.00649007 -0.0100483
2722 0.0255222 0.0062835 0.0195668
2723 0.0321468 0.00663583 -0.0132046
2724 0.0321462 0.00501856 -0.0110841
2725 0.0331201 0.00807531 -0.0118147
2726 0.0110806 0.00603583 -0.0251439
2727 -0.0332726 0.00725366 -0.010242
2728 0.0228436 0.0052362 -0.0245907
2729 -0.0318482 0.00499738 -0.000113044
2730 0.0165207 0.00334873 0.0258815
2731 0.0251906 0.00696651 0.0138786
2732 -0.0335004 0.00770802 0.0133887
2733 -0.00196126 0.00899193 -0.00437449
2734 -0.00449681 0.00544467 0.0231892
2735 0.00632355 0.00731493 -0.0129897
2736 -0.0196089 0.00894621 -0.015417
2737 -0.0222158 0.00629326 -0.0100646
2738 -0.0278544 0.00588542 0.0109133
2739 -0.0230365 0.00494539 0.000672457
2740 0.0347969 0.00880741 0.0232005
2741 -0.0229809 0.00742535 -0.0129147
2742 -0.0289406 0.00688202 0.00190416
2743 0.010822 0.00661769 -0.0132111
2744 0.0362017 0.008888 0.0146241
2745 -0.0287388 0.00891851 -0.00125162
2746 -0.0353853 0.00763771 0.0112657
2747 -0.0152964 0.00505333 -0.0027382
2748 -0.0248324 0.00538437 -0.000747139
2749 0.00220049 0.00420079 0.0169267
2750 0.0310252 0.0079919 -0.0110961
2751 -0.0370388 0.00354681 0.0234352
2752 -0.0150615 0 -0.0237782
2753 -0.00396084 0.00939596 -0.00969312
2754 0.021843 0.00503491 0.00674238
2755 0.0326971 0.00758043 0.011217
2756 0.038675 0.00964975 0.000519852
2757 0.0295486 0.00664302 -0.0147673
2758 -0.036613 0.00450705 -0.00172874
2759 0.0311779 0.00400698 -0.0130753
2760 -0.0264784 0.00698222 -0.0023194
2761 0.0317514 0.00495168 0.0247175
2762 -0.0187647 0.00373334 -0.0226482
2763 -0.0307125 0.00788424 0.0236034
2764 -0.026712 0.00666901 0.0107958
2765 -0.0336907 0.00570591 0.0211565
2766 0.0262042 0.0093296 0.023632
2767 0.0162559 0.00807819 -0.0238016
2768 0.0255992 0.0069524 -0.0221177
2769 -0.0254908 0.00551813 0.0136148
2770 0.0312624 0.00204359 0.0126256
2771 -0.0327283 0.00799693 0.011847
2772 0.02809 0.00564749 0.0230413
2773 -0.0222764 0.0054926 0.0135954
2774 -0.017289 0.00644421 -0.0100448
2775 -0.00484966 0.00783986 0.0252152
2776 -0.0208672 0.00786026 -0.0124484
2777 -0.035005 0.00990403 0.0247344
2778 0.035375 0.00733942 0.023028
2779 -0.0139465 0.00550045 0.0111387
2780 -0.012787 0.00381874 0.0252222
2781 -0.00240526 0.00406798 -0.000596834
2782 -0.0366024 0.0060589 0.0154388
2783 0.0315699 0.00530559 -0.024664
2784 0.0316367 0.00556875 0.0110947
2785 0.0200428 0.00733257 -0.0102835
2786 -0.00089029 0.0103977 0.0230537
2787 0.0296428 0.00542085 -0.0127856
2788 0.0340541 0.00832184 0.00987983
2789 -0.00825366 0.00368393 -0.000882463
2790 -0.0014644 0 -0.00807036
2791 0.0293211 0.00542012 -0.02571
2792 0.0336276 0.00522054 0.0133047
2793 0.038675 0.0084143 -0.00948691
2794 -0.038675 0.00834904 0.0220312
2795 -0.0302185 0.00982513 -0.00170054
2796 0.0251439 0.00787294 -0.022839
2797 -0.0315142 0.00790839 0.0010844
2798 0.00214117 0.00875952 0.0154047
2799 -0.0372445 0.00499781 0.00472167
2800 -0.0235719 0.00494961 0.0240287
2801 0.0319898 0.00511851 0.0131351
2802 0.0203583 0.0042578 0.020816
2803 0.03075 0.00778594 -0.0227138
2804 0.033791 0.00770039 -0.0106013
2805 0.0216005 0.00956416 0.012554
2806 0.0165892 0.00807819 0.0242641
2807 0.00964951 0.00844763 0.0145557
2808 -0.00156174 0.00622116 -0.0160308
2809 -0.0134039 0.00571423 0.0257396
2810 -0.0308357 0.00570726 0.0257355
2811 -0.0159496 0.0079484 0.00099794
2812 -0.035324 0.0058445 -0.0221918
2813 -0.0316188 0.0052561 0.0253517
2814 0.0122523 0.00596436 -0.0221121
2815 0.0346951 0.00291887 -0.0228398
2816 -0.00497656 0.00561193 0.0215882
2817 -0.038675 0.00957932 -0.0258664
2818 0.0297392 0.00743303 0.0110918
2819 0.00126654 0.0036162 -0.0154406
2820 -0.0332237 0.00610301 0.0270852
2821 -0.0331587 0.00645341 0.0019542
2822 -0.0163436 0.00800652 -0.000127279
2823 0.00971836 0.00660621 -0.022048
2824 -0.00587855 0.00748035 0.023132
2825 -0.0201438 0.00802201 -5.68827e-05
2826 0.0286654 0.00553155 0.0256229
2827 -0.0316078 0.00330772 0.0152022
2828 0.00503501 0.00699877 0.0288149
2829 0.00135284 0.00378403 -0.0243636
2830 -0.0239469 0.00783975 0.014728
2831 -0.00533532 0 -0.0247151
2832 0.038675 0.00787896 -0.0135114
2833 -0.00882821 0.00714761 0.0270854
2834 -0.0258669 0.00408859 0.0225905
2835 0.00603981 0.00357415 0.0263326
2836 0.0017414 0.00397546 -0.0303458
2837 0.0110516 0.00496898 0.0247688
2838 0.0190022 0.0094714 -0.0136003
2839 0.0265723 0.0050224 -0.0110727
2840 0.00290901 0.00324902 -0.03187
2841 -0.00454585 0.00992328 -0.00587769
2842 0.0183105 0.014 -0.0230762
2843 -0.0107985 0.00758353 -0.000780319
2844 0.0225041 0.00502763 -0.0122028
2845 -0.011844 0.00793378 -0.0109705
2846 -0.0355729 0.00493613 0.00058731
2847 0.033153 0.00543974 -0.0224544
2848 0.00794079 0.0039187 0.0231261
2849 -0.00290011 0.00630227 0.0217062
2850 -0.0124288 0.0077662 -0.000572183
2851 -0.00150029 0 -0.03187
2852 0.0297667 0.00357427 0.02318
2853 0.00248484 0.00501877 -0.0110835
2854 0.0322888 0.00507725 -0.0229334
2855 0.0256806 0.0103392 -0.00700846
2856 0.00585378 0.0091776 0.0047191
2857 -0.00798639 0.0057483 0.0268645
2858 0.031839 0.00652725 0.0172133
2859 0.0249911 0.00801245 -0.03187
2860 -0.0101036 0.00624025 0.00193185
2861 0.0318328 0.00801762 -0.0231832
2862 -0.0109417 4.33681e-19 0.03287
2863 0.00859184 0.00561656 -0.0249441
2864 -0.00192351 0.00961039 0.0264483
2865 -0.0356763 0.00922838 -0.0117635
2866 0.0194033 0.00623184 0.0228139
2867 -0.0106455 0.00712933 -0.00108262
2868 -0.0264424 0.00587051 -0.0130812
2869 0.00387433 0.0047602 0.0264186
2870 0.015949 0.00550949 -0.0143979
2871 0.038675 0.00548525 0.0221984
2872 0.0324344 0.00894223 -0.024605
2873 0.038675 0.00633473 -0.0258023
2874 0.0360309 0.00255785 -0.0207113
2875 0.032347 0.00547227 0.0231601
2876 0.0237074 0.00858507 -0.0135941
2877 0.0123784 0.00663705 -0.0252096
2878 -0.0321611 0.00738093 0.01105
2879 0.0242099 0.00540251 -0.00759319
2880 0.0289011 0.00731837 -0.0222775
2881 -0.00290542 0.00737287 0.00332879
2882 0.0207222 0.00500106 0.011876
2883 -0.0120951 0.0060234 -0.0026292
2884 -0.0105236 0.00532968 -0.000689397
2885 -1.25048e-05 0.0096683 -0.00837217
2886 0.0114575 0.0088779 -0.0102053
2887 -0.0159047 0.00786026 0.0235516
2888 0.0360029 0.00902912 0.0011359
2889 -0.028093 0.0101893 -0.0253353
2890 -0.00590178 0.00788655 -0.0108684
2891 0.0336756 0.00776512 -0.022693
2892 -0.0125866 0.00429535 0.0225251
2893 -0.00335409 0.00623307 0.0228056
2894 0.020029 0.00589742 0.0258337
2895 0.0340155 0.00498666 -0.0111788
2896 -0.00412497 0.00882599 -0.0144824
2897 0.0171737 0.00880471 0.000998742
2898 -0.0162489 0.00798088 -0.0110723
2899 -0.0351165 0.00542536 0.00941204
2900 0.0047341 0.00563835 -0.00776055
2901 -0.00836885 0.00642187 0.0139552
2902 0.00765666 0.00493875 0.0246114
2903 0.0108925 0.00801326 -0.0120966
2904 -0.0250734 0.00504953 0.0213134
2905 0.0339309 0.00324304 0.0155761
2906 -0.012922 0.00642604 -0.00864877
2907 -0.0316456 0.00524982 -0.0226549
2908 0.0355312 0.00517914 -0.0124959
2909 -0.000414039 0.00924968 0.0181401
2910 0.0381797 0.00796331 0.0240381
2911 0.0064199 0.00971572 -0.0231392
2912 -0.0017962 0.014 -0.00217322
2913 0.013172 0.00404079 0.0235068
2914 -0.0266789 0.00638576 0.0270935
2915 -0.0156184 0.00877335 0.00291099
2916 0.0119485 0.0063829 -0.014093
2917 0.0328037 0.00598674 0.0228757
2918 0.0366534 0.00584684 0.0270465
2919 -0.0170977 0.00907335 0.0121554
2920 0.0266009 0.0080114 -0.0231549
2921 -0.00412417 0.00681063 -0.0131834
2922 0.0355612 0.00838659 0.00254934
2923 -0.0228629 0.0052362 0.0114093
2924 -0.0333078 0.00687258 0.0228355
2925 -0.0122984 0.00902672 0.000212451
2926 -0.0222335 0.00790685 0.0236523
2927 -0.0128728 0.00423927 0.0093723
2928 0.016045 0.00779607 0.00297569
2929 0.00179565 0.00234894 0.0124291
2930 -0.00574134 0.00858425 -0.00873142
2931 0.0235468 0.00800798 0.0248606
2932 -0.0263473 0.00564232 -0.000958734
2933 -0.0300378 0.00491628 0.0124048
2934 0.0309597 0.00499313 -0.0241004
2935 0.00067206 0.00506252 0.0303921
2936 -0.00555288 0.00802902 0.000765025
2937 0.00274636 0.00855988 0.0273729
2938 0.0352171 0.00767857 -0.0105726
2939 0.0333984 0.00502028 0.0219567
2940 -0.0150165 0.00574287 -0.0102366
2941 -0.0332796 0.0080608 0.0241194
2942 0.03549 0.00702826 -0.0131218
2943 -0.0234783 0.00697675 0.0271177
2944 -0.038675 0.00920951 -0.0172603
2945 0.0131462 0.00495409 0.0240154
2946 0.0302345 0.0059071 0.0197002
2947 0.0155388 0.00480324 0.026443
2948 0.00114345 0.0054093 -0.0283942
2949 -0.0130543 0.00902441 -0.0108088
2950 0.0310838 0.00578481 0.00178572
2951 -0.03001 0.00400331 -0.0145905
2952 0.0129451 0.00509822 0.0131014
2953 0.0291431 0.00514215 -0.00834266
2954 -0.00774304 0.00312163 0.0102159
2955 0.0115873 0.00906364 -0.00816226
2956 0.0233906 0.00450941 0.0218315
2957 0.0194827 0.0104066 0.0117103
2958 0.0235513 0.00493044 -0.023465
2959 -0.0247458 0.00449323 -0.00197829
2960 0.0119539 0.00773769 -0.0226503
2961 0.0245274 0.00465763 -0.0257949
2962 -0.0305813 0.00625274 -0.00119058
2963 -0.0287481 0.00613365 -0.00117154
2964 -0.00338124 0.00845947 -0.00176475
2965 -0.0297986 0.00595111 0.0138501
2966 0.037358 0.00899022 0.0260327
2967 0.00158517 0.00658595 0.0207911
2968 -0.0363318 0.00726381 -0.0130114
2969 -0.000122784 0.00492585 -0.0296787
2970 -0.000665551 0.007931 -0.029634
2971 -0.0354428 0.00821041 -0.00234393
2972 -0.000968368 0.0041791 0.0184239
2973 -0.0268762 0.00713657 -0.0150085
2974 0.0318436 0.00470581 -0.025928
2975 0.0214536 0.00492915 -0.0096622
2976 0.0101181 0.00903038 0.0129238
2977 -0.0370308 0.00807946 0.0245182
2978 -0.0193768 0.00494743 -0.0233088
2979 0.038675 0.00812477 0.0288128
2980 -0.0363292 0.00596423 0.0108843
2981 0.0228255 0.00494961 -0.0239713
2982 -0.0103507 0.00748592 0.0111368
2983 -0.00325147 0.00760391 -0.0287241
2984 0.0303862 0.00910985 -0.0010765
2985 0.00947296 0.00667536 -0.0132055
2986 -0.0289091 0.00807899 0.0122131
2987 -0.0144893 0.00541318 0.00396393
2988 -0.0327198 0.00528792 0.00972608
2989 -0.0210585 0.00334888 0.0111762
2990 -0.0104868 0.0049417 -0.0113615
2991 0.00339169 0.00672674 -0.03187
2992 0.0092619 0.00494027 -0.0238854
2993 0.0117745 0.00499299 -0.0121001
2994 -0.0337421 0.00379732 0.0110726
2995 -0.0192906 0.00836054 -0.00234884
2996 0.00959145 0.00512161 -0.0244003
2997 0.023418 0.00557468 0.0230899
2998 0.00547087 0.00887189 -0.00992296
2999 -0.0315996 0.00455677 -0.00805813
3000 -0.0137459 0.00536559 -0.0247273
3001 -0.0175559 0.010447 -0.000448555
3002 -0.0361776 0.00804425 -0.0116166
3003 -0.0158297 0.0100575 -0.0128529
3004 0.0100079 0.00732264 -0.0129851
3005 0.0255485 0.00435532 0.0217722
3006 0.00869175 0.00684724 0.00191515
3007 -0.0206233 0.00443734 -0.0154616
3008 -0.00157216 0.0062944 -0.0208403
3009 0.00817632 0.0032716 0.0110664
3010 0.0123287 0.00417755 -0.0108557
3011 0.00767815 0.00539855 0.0232379
3012 0.0226629 0.00614093 0.0228259
3013 -0.022662 0.00773711 -0.000610443
3014 -0.00506204 0.00780062 -0.0125269
3015 -0.0170532 0.00798303 0.0118169
3016 -0.00388085 0.00697502 -0.00520043
3017 -0.0235015 0.00569515 -0.0102689
3018 -0.0171126 0.00417026 0.00188208
3019 0.0244011 0.00577934 -0.0102281
3020 -0.00834576 0.00403839 0.00169896
3021 0.0019465 0.00924917 0.00591988
3022 -0.0271589 0.00359243 0.00093701
3023 0.0185081 0.00797642 0.0118026
3024 -0.0186878 0.00589741 -0.0221696
3025 -0.0111163 0.00674327 -0.0147202
3026 0.00212787 0.00522407 0.0114295
3027 -0.0257821 0.00785261 0.0115415
3028 0.00937863 0.00824935 -0.00404166
3029 0.033418 0.00651371 0.0215777
3030 0.00883736 0.00729072 -0.0130043
3031 -0.0125989 0.00581518 -0.00105977
3032 0.0100944 0.00857423 0.0228176
3033 0.00523038 0.00505766 0.00103195
3034 -0.0284337 0.00709194 -0.0131025
3035 0.0348842 0.00862575 0.026754
3036 -0.0318208 0.00696678 0.0269587
3037 0.0218232 0.00720259 0.00178378
3038 0.010321 0.00554026 -0.0248916
3039 -0.0105373 0.00270185 0.000790392
3040 -0.0311846 0.00672841 0.0259397
3041 -0.0200651 0.00950944 0.0120431
3042 -0.00753524 0.00590834 -0.00110145
3043 0.036948 0.00927843 -0.0245986
3044 0.0267839 0.00643359 -0.00901065
3045 0.0338251 0.00583785 -0.0101939
3046 -0.0109581 0.00280525 0.0129585
3047 -0.0375405 0.00830434 -0.0218391
3048 -0.0167714 0.00965255 0.0235552
3049 0.0235864 0.00565104 0.0257055
3050 0.0345655 0.0074981 -0.00889284
3051 0.00560492 0.00431066 -0.0220516
3052 0.0350791 0.00618956 0.00191905
3053 0.0223937 0.00720604 -0.00847798
3054 -0.0176342 0.0052767 -0.0126335
3055 0.031914 0.00488409 0.00298889
3056 0.0220019 0.00823682 0.00246185
3057 0.0201661 0.00544423 -0.0128103
3058 0.021912 0.00493329 -0.0234388
3059 -0.0175964 0.00675683 -0.0131966
3060 -0.0331765 0.00277394 -0.0117704
3061 -0.00141476 0.00720074 0.0304932
3062 -0.0253494 0.00586008 -0.022175
3063 -0.0353584 0.00786947 0.0235715
3064 0.0355212 0.00563022 0.011053
3065 -0.0169619 0.00350433 0.0255912
3066 -0.00856049 0.00695494 0.0228507
3067 0.0184394 0.00752581 -0.00236247
3068 0.0211897 0.00807819 0.0123319
3069 -0.0330538 0.00801611 0.0248237
3070 0.00769418 0.00629708 0.00327045
3071 0.0251853 0.00636034 -0.0220506
3072 -0.0114517 0.0049408 -0.0118903
3073 0.0139964 0.00795156 -0.00529963
3074 0.00419774 0.00806154 -0.0233828
3075 0.00993704 0.00806934 -0.0118418
3076 0.0321581 0.0052362 0.0253307
3077 0.0359079 0.00533986 -0.0247001
3078 -0.0059619 0.00587625 0.0258281
3079 0.0201707 0.0103903 1.84904e-05
3080 -0.00377699 0.00732089 -0.0222739
3081 8.69153e-05 0.00807819 -0.0298485
3082 -0.00139846 0.00574955 -0.00798908
3083 0.00755888 0.00501744 -0.00364046
3084 0.0122644 0.00287076 0.0123928
3085 -0.00716926 0.00888501 0.0227643
3086 -0.0311995 0.00678073 0.01081
3087 -0.0056832 0.00666105 -0.0192691
3088 -0.027092 0.00501192 -0.0231038
3089 -0.0011944 0.00545756 0.0304111
3090 0.0360348 0.00497766 -0.0240545
3091 0.0339491 0.00452101 -0.0221342
3092 0.0356299 0.00708759 -0.0101552
3093 -0.00571904 0.00906298 -0.026377
3094 -0.0286359 0.0060753 -0.0101004
3095 0.036059 0.00632987 -0.00867492
3096 0.0280616 0.00600759 -0.0101247
3097 -0.0316866 0.00800843 0.0248586
3098 -0.0343074 0.00427487 -0.00981406
3099 -0.0129205 0.00888692 0.0015196
3100 0.0162958 0.00503143 0.0129541
3101 0.0173447 0.00647321 0.0153287
3102 0.015635 0.00497673 -0.0240518
3103 0.00303059 0.00614008 0.03287
3104 -0.0221909 0.00594971 -0.00724284
3105 0.0245112 0.00805372 -0.0239128
3106 0.00993765 0.00436469 -0.013226
3107 0.0329571 0.0080316 0.0247533
3108 0.038675 0.00787008 0.00336807
3109 -0.0277468 0.0068539 -0.0264504
3110 -0.0363031 0.00796989 -0.0122115
3111 -0.000369148 0.00803472 0.0067908
3112 0.00082967 0.00990445 0.0197373
3113 0.0179837 0.00803297 -0.0112529
3114 0.0197336 0.00394635 0.00203323
3115 -0.0280315 0.00568935 0.0257271
3116 -0.0134624 0.00802837 -0.024028
3117 -0.036432 0.00461051 0.0272342
3118 -0.031116 0.00530078 0.0266988
3119 -0.0194107 0.00769308 0.025403
3120 -0.0227542 0.00801137 0.0248452
3121 0.0119742 0.00492087 0.00044697
3122 -0.0322872 0.00493582 0.0241555
3123 -0.00487087 0.00543795 -0.0104563
3124 -0.0183227 0.00752085 0.0111664
3125 -0.00977634 0.00814131 -0.00907437
3126 -0.0120248 0.00777068 -0.0226937
3127 -0.00150372 0.00695112 0.0273643
3128 0.00405213 0.00766797 0.0254414
3129 -0.00355004 0.00871921 0.00513251
3130 0.00207845 0.00480418 0.0288002
3131 0.0174548 0.00812589 0.0146325
3132 0.00259732 0.00723797 0.0312061
3133 -0.0278367 0.00498752 -0.0120838
3134 -0.00251871 0.00551337 -0.00701898
3135 -0.0076258 0.0080659 -0.0234026
3136 0.0111836 0.00797932 0.0118089
3137 -0.027219 0.00527103 -0.0226325
3138 0.0287237 0.00605217 0.0138918
3139 0.0354659 0.00782646 0.0252329
3140 0.00983143 0.00492726 0.000505718
3141 -0.0179965 0.00696071 0.0228569
3142 -0.00105536 0.00532585 0.0187272
3143 0.0174604 0.00557109 0.0100142
3144 -0.0258529 0.00946255 0.0122556
3145 0.0193554 0.00746461 0.00162133
3146 0.00361241 0.00345116 0.0242558
3147 0.0015494 0.00616509 0.00612374
3148 -0.0203684 0.00799521 0.0101373
3149 0.0159509 0.00413685 -0.025762
3150 0.00310103 0.00639627 0.0151335
3151 0.0331438 0.00675683 -0.0220634
3152 0.0278244 0.00374906 -0.0254399
3153 0.0227822 0.00777515 0.0234396
3154 -0.0333079 0.00541441 -0.0104812
3155 -0.026112 0.00902159 -0.0196663
3156 -0.00474002 0.00298317 0.00356393
3157 0.0190128 0.0068416 0.021721
3158 0.0307967 0.0049125 0.00037
3159 0.0289845 0.00807819 0.0242004
3160 -0.0347498 0.00746477 -0.0261721
3161 0.00801616 0.00807819 0.0123366
3162 0.038675 0 -0.00682093
3163 -0.00106794 0.00533777 -0.0297303
3164 0.0302628 0.00861045 0.0257928
3165 -0.0187089 0.00748591 0.0136033
3166 0.00898294 0.00730763 -0.0222659
3167 -0.000299278 0.00387851 -0.0183461
3168 0.0190004 0.00496947 -0.0240302
3169 -0.00304644 0.00786211 0.0272773
3170 0.0155947 0.0051196 -0.0228631
3171 0.0191364 0.00594054 -0.0101489
3172 -0.0235596 0.00648975 -0.027856
3173 0.00965211 0.00767957 -0.0126861
3174 -0.0136966 0.00792725 0.0130436
3175 -0.016784 0.00517906 0.0252357
3176 -0.0173791 0.00772065 -0.0106279
3177 0.0153431 0.00877856 -0.0132355
3178 -0.0205377 0.00805954 0.000626353
3179 -0.0361777 0.0080044 -0.0111231
3180 0.000203332 0.00807121 0.00527393
3181 0.0149227 0.00295343 0.00112933
3182 0.0321761 0.00735545 0.0219226
3183 0.00485993 0.00557021 -0.00240177
3184 -0.0265067 0.00645984 -0.0132152
3185 -0.0351078 0.00772662 -0.0106358
3186 0.0206906 0.00772959 0.0253603
3187 -0.0341903 0.00707683 0.00184837
3188 0.038675 0.00675954 -0.0237169
3189 0.0023105 0.008066 -0.0161044
3190 -0.00992931 0.00803691 0.000729169
3191 0.0278125 0.00530911 -0.0246677
3192 0.00148644 0.00594709 0.0191848
3193 -0.000192615 0.00919865 0.0309641
3194 -0.0299101 0.014 -0.0198436
3195 -0.00878811 0.014 -0.00112009
3196 0.038675 0.014 -0.0199337
3197 -0.00944321 0.00879217 0.0224808
3198 -0.00968797 0.00734837 -0.0129696
3199 0.000942845 0.0038104 -0.00815138
3200 -0.0156326 0.00773915 0.0253477
3201 -0.0228439 0.00684027 -0.00262159
3202 -0.0176851 0.00908396 -0.010141
3203 0.00571741 0.00647812 -0.0100448
3204 0.0314173 0.00824948 0.0271992
3205 -0.0187041 0.00658668 0.00923221
3206 -0.00805389 0.00723082 -0.0222226
3207 0.0282905 0.00799637 0.0128942
3208 0.0201418 0.00650875 0.0259523
3209 0.0264038 0.00596909 -0.0209455
3210 0.0288525 0.00892203 -0.0139639
3211 0.00681743 0.00803639 0.0158822
3212 -0.023177 0.00633552 0.0227939
3213 0.0188726 0.00833887 -0.00986934
3214 -0.0162524 0.00622717 0.0228099
3215 -0.00754475 0.00804104 -0.0112896
3216 -0.00883698 0.00492946 0.012214
3217 0.0317126 0.00763839 -0.0141181
3218 0.0058304 0.00709437 0.00289443
3219 -0.0128522 0.00780197 0.0234749
3220 -0.00286276 0.00774176 0.0214732
3221 -0.0203129 0.00562763 0.0230467
3222 -0.038675 0.00515986 0.0232149
3223 -0.009435 0.00641382 0.0157941
3224 0.001724 0.00715397 0.03287
3225 0.038675 0.00411357 -0.024901
3226 -0.00761602 0.00789634 0.00111045
3227 -0.00246597 0.00821478 0.0307063
3228 0.0123021 0.00521279 -0.0265399
3229 0.0248064 0.00585873 0.0138169
3230 0.0201822 0.00838339 0.0263954
3231 0.000415043 0.0101431 -0.0113975
3232 -0.0153353 0.00703063 -0.010136
3233 -0.0304994 0.00662622 0.0139455
3234 -0.0301743 0.00882306 -0.00906204
3235 -0.0368064 0.00351484 0.000282001
3236 -0.0304827 0.00770553 -0.000651984
3237 -0.03433 0.00886376 0.0117875
3238 0.0218726 0.00617144 0.00261978
3239 8.172e-06 0.00491339 0.0184667
3240 0.00842104 0.00446186 -0.0134196
3241 0.0236958 0.0066935 -0.00243711
3242 0.000169467 0.00807819 0.0168576
3243 -0.0232883 0.00626039 -0.0199433
3244 0.00631214 0.0043298 0.00168102
3245 -0.00234451 0.00801103 0.0288505
3246 0.0152531 0.00738196 -0.0223106
3247 0.0179155 0.00518368 -0.0245034
3248 -0.0319085 0.0064804 -0.00121306
3249 0.00723444 0.00549455 -0.0264588
3250 -0.00554316 0.00497031 -0.0232273
3251 0.0127679 0.00492657 -0.0237594
3252 -0.0189712 0.00923096 0.0239533
3253 -0.0280289 0.00750139 0.0231499
3254 0.0301642 0.00514641 0.0235585
3255 -0.00628758 0.00756012 0.0111998
3256 0.01145 0.00500402 0.00240815
3257 0.0175319 0.0042333 -0.01025
3258 -0.00743908 0.00715512 0.0284392
3259 0.037675 0.0069922 0.0246894
3260 0.00158156 0.00661912 -0.0195099
3261 -0.0290065 0.00639334 0.0152686
3262 -0.0353492 0.00670666 0.0216773
3263 -0.025982 0.00505443 0.0130224
3264 0.0326914 0.00504496 0.0117457
3265 -0.0298928 0.00374448 -0.000748921
3266 0.000540405 0.0038664 0.0256681
3267 0.00138675 0.00348276 -0.0185775
3268 -0.0102205 0.00764998 0.00146387
3269 -0.00872407 0.00507807 -0.0109321
3270 -0.00388405 0.00804565 0.0240505
3271 0.0327769 0.00978159 -0.0015127
3272 0.0372896 0.00925612 -0.00100833
3273 -0.025895 0.0063623 -0.00120954
3274 -0.0369526 0.00860287 -0.0108016
3275 0.0291654 0.00505922 0.0117034
3276 -0.0298456 0.00742619 0.00165397
3277 0.0325933 0.0104184 0.001442
3278 0.00160242 0.0096634 0.0243519
3279 -0.0357077 0.00649336 0.0107886
3280 -0.0308125 0.00695236 0.00188413
3281 0.00561475 0.00519047 0.0252547
3282 0.0154532 0.0086832 0.0110949
3283 -0.0177407 0.00407049 0.0137759
3284 -0.00820835 0.00658825 0.00351278
3285 0.0295798 0.00943714 0.0128752
3286 -0.00866423 0.00562105 0.0256868
3287 0.0281667 0.0078665 0.00117496
3288 -0.00619544 0.00715222 0.0063517
3289 -0.0158002 0.00678759 0.0259298
3290 0.0201387 0.00638985 0.0107888
3291 -0.0196244 0.00493431 0.00057052
3292 -0.00476169 0.00509722 0.0250997
3293 0.0165026 0.00580103 0.0229467
3294 0.0133086 0.00840095 0.0284165
3295 0.00519963 0.00415057 -0.0141179
3296 0.000771438 0.0096044 -0.03187
3297 -0.0282554 0.00799999 0.0128864
3298 0.0346807 0.00559377 0.0136632
3299 0.00156798 0.00674402 -0.00790045
3300 0.038675 0.00592419 -0.010861
3301 -0.0229507 0.00518058 -0.022673
3302 0.00535033 0.00715944 0.015141
3303 -0.0355734 0.00737045 0.0256954
3304 0.024294 0.00525084 -0.0246062
3305 -0.00455088 0.0080785 0.0245359
3306 -0.000961769 0.00775131 0.0265464
3307 -0.00958007 0.00776575 0.0253127
3308 0.00841955 0.00498372 -0.0111875
3309 0.0308419 0.00897025 -0.0234162
3310 0.0245375 0.00786463 0.025179
3311 0.0361867 0.00571583 0.0257455
3312 0.0154214 0.00604948 -0.0131493
3313 -0.0218658 0.00457541 0.00900203
3314 -0.0154632 0.00870605 0.021924
3315 -0.00285694 0.00498617 -0.03187
3316 0.00105679 0.00767907 -0.0170736
3317 -0.019589 0.0069464 0.0138888
3318 -0.0114228 0.00701602 0.0138689
3319 0.00134194 0.00505945 0.03287
3320 0.000168651 0.00807819 0.00836211
3321 -0.0108965 0.00496522 0.0239824
3322 0.0188509 0.00762944 -0.0225187
3323 0.00645264 0.0050899 -0.0243476
3324 -0.0368423 0.00834677 -0.013178
3325 0.0150984 0.00757366 0.0232113
3326 -0.0312981 0.00398889 -0.0121015
3327 0.0182013 0.0070711 -0.020542
3328 -0.0127258 0.00839291 -0.0259216
3329 0.0147192 0.00644529 -0.00262738
3330 0.00756234 0.00546905 -0.0128365
3331 -0.0217438 0.00746143 0.0136241
3332 -0.0203685 0.00524451 0.0234005
3333 -0.0173548 0.00750296 -0.00276015
3334 0.0224306 0.00704429 0.0216641
3335 -0.0257506 0.00707075 0.0228895
3336 0.0174925 0.00777091 -0.010694
3337 -0.00498206 0.0046333 -0.0287218
3338 -0.0288735 0.00374705 0.0260654
3339 -0.0355787 0.00675683 0.0259366
3340 -0.019484 0.00565198 -0.0102982
3341 0.00101567 0.00771033 0.0301355
3342 0.00707631 0.00369854 0.000311661
3343 -0.00615013 0.00505114 -0.0138475
3344 -0.0110564 0.00494685 0.0246859
3345 0.0147268 0.00800822 -0.0111405
3346 -0.00876454 0.00523723 0.0234082
3347 -0.0269332 0.00732201 0.0257236
3348 -0.00128634 0.0074234 0.0217846
3349 -0.0304197 0.00499123 -0.0120948
3350 -0.0166728 0.0049526 0.0247202
3351 0.00830905 0.00842013 -0.00986643
3352 0.0288244 0.00493579 0.0241558
3353 0.0237542 0.00730302 0.00348726
3354 0.0180296 0.00746336 -0.0248824
3355 -0.0036589 0.00423697 0.0144519
3356 0.0302334 0.00807819 0.0122698
3357 0.00731896 0.00764208 -0.0209303
3358 0.0319401 0.00772363 0.00136818
3359 -0.0121732 0.00777562 0.00129978
3360 -0.0223759 0.00621661 0.00965813
3361 -0.0257942 0.0080044 -0.000136891
3362 0.0162716 0.00572556 -0.0250117
3363 -0.0194112 0.00509692 0.0271964
3364 0.0241897 0.00929973 -0.0103319
3365 -0.0120019 0.00546364 0.0269317
3366 0.0233116 0.00491974 -0.0112668
3367 -0.0174944 0.00623033 0.0259269
3368 0.0359538 0.00491484 0.0123485
3369 0.0125607 0.00493113 0.0125414
3370 -0.0336605 0.00625419 0.02281
3371 0.0309349 0.00530095 0.00139906
3372 -0.033036 0.008084 -0.0116946
3373 0.0196775 0.00795622 0.024981
3374 -0.0029619 0.0061267 0.0259109
3375 0.0218602 0.00739355 0.0230583
3376 0.0138625 0.00726787 -0.00849081
3377 0.0242524 0.00712039 -0.0206509
3378 0.0015272 0.00606807 0.00894823
3379 -0.025815 0.00811636 -0.0140357
3380 0.0363682 0.00664512 -0.022057
3381 0.0120936 0.00494597 0.0221242
3382 -0.00304663 0.00682433 -0.0261419
3383 -0.027518 0.00500565 -0.0241376
3384 -0.000797881 0.00513823 0.0265369
3385 0.0321108 0.00792975 0.0130382
3386 -0.0128993 0.00804968 6.8836e-05
3387 -0.0248333 0.00598345 0.025863
3388 0.0133293 0.00496789 -2.55045e-05
3389 0.0074831 0.00557592 0.0110813
3390 -0.0296621 0.00683694 -0.0141163
3391 0.0213985 0.00805216 0.0240801
3392 -0.0268938 0.00889136 0.0116016
3393 0.00141675 0.00721297 -0.0201107
3394 0.0262894 0.00805914 0.0241118
3395 -0.0362597 0.00652445 -0.00120955
3396 -0.0270782 0.00493529 0.0245796
3397 -0.0242492 0.00742744 0.0110871
3398 0.00661108 0.00804182 -0.0112931
3399 0.0322802 0.00892976 -0.0214495
3400 0.0149045 0.00508135 -0.0123334
3401 0.0176235 0.00622735 -0.00859121
3402 -0.0206609 0.00576592 0.025777
3403 -0.0213369 0.00610793 0.0139068
3404 -0.0138517 0.0049736 0.0239575
3405 0.0272796 0.00775959 0.0253208
3406 -0.0278492 0.00361269 -0.0230678
3407 0.035917 0.00798306 0.012923
3408 -0.0233491 0.00792925 0.0130393
3409 -0.0235766 0.00682079 0.0139225
3410 0.0269527 0.0060081 0.0258758
3411 0.0058017 0.00695469 0.0138895
3412 -0.00259764 0.00757693 0.0190604
3413 -0.0311513 0.00509001 0.00108774
3414 -0.0331499 0.00838885 -0.0254234
3415 0.0283449 0.003586 0.0110483
3416 -0.0119806 0.00492943 0.0122143
3417 0.016397 0.00758012 0.0135232
3418 -0.0137161 0.00737105 -0.0249559
3419 -0.0182795 0.00718967 0.0257963
3420 -0.0305663 0.00731105 -0.0263595
3421 0.0334244 0.00644311 0.0227853
3422 -0.00156998 0.00672564 0.0208541
3423 -0.0362206 0.00807522 0.0241849
3424 0.019575 0.00370573 -0.0238871
3425 -0.00854308 0.00642238 -0.00893139
3426 -0.0194101 0.00504589 0.024997
3427 -0.0309213 0.00886655 -0.01296
3428 0.025757 0.00973286 0.00125025
3429 0.0225239 0.00498669 -8.13009e-05
3430 0.00122686 0.00749343 0.00406378
3431 -0.0127222 0.00692493 -0.0101034
3432 0.038675 0.00678144 0.0241166
3433 -0.0359311 0.0079397 0.00101674
3434 -0.00432724 0.0072363 0.0137756
3435 0.00586448 0.0050194 -0.0121784
3436 -0.00328802 0.00757449 0.00935506
3437 -0.0245164 0.00730047 0.0137357
3438 0.00156208 0.00627318 -0.0297574
3439 0.00522874 0.00550366 0.00160379
3440 0.0220353 0.0047462 -0.0139086
3441 -0.00249077 0.00414375 0.0256633
3442 0.00497604 0.00566758 0.0257192
3443 0.00451509 0.00433692 0.0143203
3444 0.0224231 0.00684229 -0.0100871
3445 0.0136659 0.00718143 -0.010205
3446 -0.0267331 0.00788182 0.00114183
3447 -0.000775895 0.00382771 -0.0154108
3448 -0.00577738 0.00739656 0.00167913
3449 -0.011286 0.00557159 0.00165543
3450 -0.00543146 0.00335942 0.00193197
3451 0.0246775 0.00800137 0.0146161
3452 -0.021139 0.00738462 0.0110522
3453 0.027817 0.00568789 -0.000986126
3454 -0.0307577 0.00765573 -0.0127175
3455 -0.031605 0.00511646 0.0116083
3456 -0.00908811 0.0080516 7.75749e-05
3457 -0.0327173 0.00630903 -0.020079
3458 0.0363787 0.00599771 -0.0221309
3459 0.0277558 0.00494387 0.0246585
3460 0.0328184 0.00776852 0.0253091
3461 -0.0365195 0.00343827 -0.0119583
3462 0.0263044 0.0044574 -0.00142358
3463 -0.0192592 0.00861886 0.00213976
3464 0.0234825 0.00616097 -0.0251763
3465 0.0291174 0.00637687 0.00990889
3466 0.0162449 0.00903626 -0.0227018
3467 -0.0261174 0.0073479 -0.0261381
3468 0.0270391 0.00865046 -0.0105309
3469 0.00508341 0.00601439 -0.0221209
3470 0.0264619 0.00511357 -0.0243869
3471 -0.00180812 0.00806954 -0.00967159
3472 0.0188347 0.0060753 -0.0131596
3473 0.036023 0.00372659 -8.29327e-05
3474 -0.00962389 0.00496966 -3.07795e-05
3475 -0.0166955 0.00719108 0.0257944
3476 -0.0031111 0.0061375 0.00322714
3477 -0.0290938 0.00622243 0.00192376
3478 0.0171491 0.00785648 -0.000473726
3479 -0.0266419 0.00570161 -0.0102646
3480 -0.000171639 0.00807819 -0.0187178
3481 -0.00769159 0.00348438 -0.0245134
3482 0.0274581 0.00403763 -0.022441
3483 -0.0324192 0.0080044 -0.0111231
3484 -0.00130695 0.00739913 -0.014664
3485 0.0327751 0.00372205 0.0134212
3486 -0.0149507 0.00510728 0.0116235
3487 0.0311735 0.00754854 0.00155004
3488 -0.0308359 0.00525071 -0.000606027
3489 -0.0104226 0.00603827 -0.0131471
3490 0.0220181 0.00680704 0.0228263
3491 -0.0129298 0.00653191 -0.0220448
3492 0.0106676 0.00581135 -0.0264965
3493 -0.00128927 0.00557665 0.00932416
3494 -0.0129735 0.00554505 -0.0140714
3495 -0.0182555 0.0064295 -0.0159253
3496 -0.0332885 0.00798746 -0.000173515
3497 0.00521591 0.00545342 -0.01282
3498 -0.00588886 0.00610385 -0.0251659
3499 0.0237934 0.00644889 0.00958428
3500 -0.0159697 0.00730275 -0.012997
3501 -0.0306311 0.0069155 0.0228474
3502 0.0168963 0.00555047 0.00163938
3503 0.0181941 0.00729369 -0.0130012
3504 0.00595457 0.00415929 -0.0250429
3505 -0.0209955 0.00631662 -0.0100608
3506 0.00729044 0.0072893 -0.0102549
3507 -0.0246754 0.00976055 -0.0255645
3508 0.0063121 0.00744695 -0.0259663
3509 -0.00852483 0.00782303 -0.000497412
3510 -0.00607513 0.00805406 0.000396453
3511 -0.0126908 0.00645821 -0.0100484
3512 0.038675 0.00397243 0.0242419
3513 -0.00382074 0.00608153 -0.00769176
3514 0.0269262 0.0058051 -0.022205
3515 -0.00941843 0.00587818 -0.00108891
3516 -0.0259711 0.00672062 0.0259405
3517 0.00718782 0.00882143 0.00156505
3518 -0.0378351 0.00898651 0.0251073
3519 -0.00542478 0.00700333 0.0228669
3520 0.016992 0.00790971 -0.02445
3521 -0.0298497 0.00592389 -0.0131015
3522 -0.0155163 0.00743476 0.0136467
3523 -0.0325879 0.00525134 -0.0246067
3524 0.0282182 0.00753675 0.00156006
3525 0.0128357 0.00450835 -0.0134824
3526 -0.00618419 0.00534931 -0.0127101
3527 0.0219635 0.00791844 0.0116773
3528 0.0120926 0.00886093 -0.0125143
3529 0.0181843 0.00377874 0.0122103
3530 0.0286975 0.00650326 0.00195265
3531 0.0100032 0.00374613 0.0240688
3532 -0.0248362 0.00768735 0.0233241
3533 -0.022308 0.00521676 0.0252984
3534 0.020788 0.00553583 0.00162824
3535 -0.00848749 0.00734145 0.0257137
3536 0.0141286 0.00523244 0.0269699
3537 0.00203926 0.00960994 0.0108274
3538 0.0180138 0.00488761 0.0222951
3539 -0.0213438 0.00623597 0.025926
3540 -0.0109171 0.00594318 0.0258486
3541 -0.0169199 0.00635781 -0.00120884
3542 0.0329773 0.00799749 0.022233
3543 -0.0229083 0.0077875 -0.0245441
3544 0.0276666 0.00600682 -0.0131323
3545 0.0360134 0.00432802 0.0258108
3546 -0.0190591 0.00567194 0.00171638
3547 0.0268967 0.00505374 -0.000280308
3548 -0.0114577 0.00620626 0.00192746
3549 -0.03577 0.00528367 -0.0226192
3550 -0.0359434 0.00610483 -0.0100956
3551 -0.0261604 0.00637553 -0.0100511
3552 0.0307111 0.00613594 0.0259114
3553 -0.000394531 0.00496756 0.0193509
3554 0.00905827 0.00607538 0.0209762
3555 -0.00516903 0.00405876 -0.0246241
3556 0.00824698 0.00492162 -0.0215055
3557 -0.0232637 0.00528012 -0.0126371
3558 0.0177608 0.00500647 0.0248801
3559 0.0153861 0.00491357 0.0243798
3560 -0.0178284 0.00637754 0.0139492
3561 -0.000302179 0.00949952 -0.02877
3562 -0.0139354 0.00496832 -2.67937e-05
3563 0.0140244 0.00776402 0.025315
3564 0.00966804 0.00652526 -0.0252152
3565 0.0327362 0.00738343 0.00297867
3566 -0.0374836 0.00675415 -0.0144997
3567 0.0280604 0.0077613 -0.0106814
3568 -0.0223236 0.0057404 0.010977
3569 -0.00943777 0.00798216 0.011815
3570 -0.000958694 0.00775918 0.0162779
3571 0.0144816 0.00862479 0.0022779
3572 0.0135877 0.00559649 -0.024927
3573 -0.0126063 0.00723026 0.0220431
3574 0.0273874 0.00792356 -0.0123597
3575 -0.020819 0.00446083 0.0023324
3576 -0.0209912 0.00666413 -0.0132059
3577 0.018072 0.00494444 0.0240763
3578 0.0361304 0.0051301 0.0115856
3579 0.0147157 0.00660061 -0.0146313
3580 -0.0238874 0.00493327 0.000179042
3581 -0.0008007 0.00786847 -0.00347899
3582 -0.00940156 0.00494961 0.0127113
3583 -0.0113317 0.00516024 0.0235355
3584 -0.0228324 0.00694256 0.0228549
3585 0.0171257 0.00807819 0.000426243
3586 -0.0015455 0.00685265 -0.0148768
3587 0.0155643 0.00789584 -0.0228885
3588 -0.0363249 0.00651534 0.0139501
3589 -0.0310682 0.0080243 0.0127865
3590 -0.0101965 0.00512921 -0.0261261
3591 -0.035995 0.00592005 0.0138378
3592 -0.032893 0.00595281 0.0108878
3593 -0.0307903 0.00571633 0.0109924
3594 -0.00544849 0.00804458 0.0126943
3595 0.0225516 0.00549638 -0.00266509
3596 -0.02249 0.00497903 0.0247986
3597 -0.0245815 0.00667829 -0.0220558
3598 0.0127377 0.00589255 0.022908
3599 -0.0189232 0.00526099 -0.0226431
3600 -0.0156195 0.00516742 -0.0226893
3601 0.0109081 0.00732495 -0.0102802
3602 0.0236979 0.00483422 0.00271675
3603 0.0236944 0.00783563 0.00122083
3604 0.00945983 0.00511885 -0.0123957
3605 -0.00789552 0.00852015 -0.00114098
3606 -0.00532787 0.00803568 -0.0119947
3607 -0.0363399 0.00591585 0.00183611
3608 -0.0104038 0.0067179 0.0213168
3609 -0.0111151 0.00513544 0.00283065
3610 0.00522952 0.00735382 -0.0249663
3611 -0.00847861 0.00538461 -0.0105126
3612 0.0187584 0.00833223 0.00418284
3613 -0.038675 0.00808615 0.0107178
3614 -0.00606714 0.0101692 0.0105523
3615 0.0165935 0.00796683 0.000958102
3616 0.0159638 0.006589 0.0259513
3617 -0.00513442 0.0066247 0.013951
3618 0.0258524 0.00411706 0.0144061
3619 -0.0202519 0.00389283 0.000852576
3620 -0.00661377 0.0069568 0.00310991
3621 -0.0263924 0.0052362 0.00133071
3622 0.0068139 0.00433625 -0.0130947
3623 -0.0181572 0.0049561 -0.0119905
3624 0.00398835 0.00507559 0.0130638
3625 -0.00306301 0.00663715 0.0149396
3626 -0.0248073 0.008075 -0.0118161
3627 0.0100993 0.00510796 0.0131176
3628 0.0327564 0.00881171 -0.0101345
3629 -0.00086732 0.00518001 0.0142426
3630 -0.00285114 0.00624506 0.03287
3631 0.0176997 0.00780715 0.0252583
3632 -0.0351659 0.00319741 -0.0240858
3633 0.0103621 0.00780775 -0.0245175
3634 -0.0104919 0.00493221 -0.0234488
3635 -0.038675 0.00867966 0.0122753
3636 -0.036392 0.00582494 0.0257999
3637 -0.0325022 0.00577869 0.00178289
3638 0.0130054 0.0061019 -0.0011655
3639 -0.0202411 0.0061158 0.0228738
3640 0.00851408 0.0092647 0.0224045
3641 -0.03055 0.00727071 0.0137498
3642 -0.000476323 0.00801113 0.0304944
3643 -0.00841237 0.00896133 -0.0103097
3644 0.0165622 0.00651461 0.0227848
3645 0.0142372 0.00711964 -0.01309
3646 -0.0210436 0.00650234 -0.0220453
3647 -0.00912259 0.0069714 0.0108561
3648 0.00321722 0.0067392 -0.00119851
3649 0.0175556 0.00435733 0.0232111
3650 0.00248792 0.00745382 0.0231095
3651 -0.000584807 0.00503167 0.0182749
3652 0.00226603 0.00857088 -0.0133119
3653 0.00935153 0.00756871 -0.0212258
3654 -0.00556611 0.00725321 -0.021202
3655 -0.00149465 0.00598748 0.0303808
3656 0.00478905 0.00783393 -0.024483
3657 -0.000818442 0.00786026 -0.0191919
3658 -0.0163559 0.00581081 0.0137978
3659 0.0271587 0.00852945 0.0142545
3660 -0.00314452 0.00733213 -0.0249793
3661 0.0038807 0.00839946 -0.0250255
3662 -0.00121424 0.00750828 -0.0298504
3663 -0.0251719 0.00502222 0.0118132
3664 0.0190572 0.00702081 0.00970461
3665 0.00228103 0.00503535 0.00457608
3666 0.0348203 0.00800229 -0.011127
3667 -0.0303402 0.00507908 -0.0109304
3668 0.0191399 0.0096002 -0.0241638
3669 -0.0319044 0.00806062 0.0121185
3670 -0.00330365 0.00786026 -0.0244484
3671 -0.00149148 0.00597812 -0.0270089
3672 0.0275471 0.00681925 0.010818
3673 0.0335729 0.00608989 -0.0220972
3674 0.0248537 0.00807667 0.0241915
3675 0.038675 0.00503771 -0.0140337
3676 0.014148 0.00804143 0.0219499
3677 0.0234988 0.00518804 0.0252507
3678 -0.00122525 0.00749531 -0.0268387
3679 -0.00440831 0.00747969 0.0111315
3680 -0.0332317 0.00859114 0.0107571
3681 -0.0214052 0.00500851 -0.000160287
3682 0.0040166 0.00580665 0.0267412
3683 0.00884835 0.00494693 0.0126866
3684 0.0122058 0.00656819 0.00295042
3685 0.00578706 0.00504661 -0.0230008
3686 -0.0354698 0.00720842 -0.0250407
3687 -0.0363596 0.00624483 0.0228122
3688 0.00684425 0.00499544 -0.0215145
3689 -0.00646156 0.00929261 -0.0247648
3690 0.0296848 0.00463893 0.00249659
3691 0.00643572 0.00799518 0.0248968
3692 -0.0210298 0.00503108 0.0129531
3693 -0.00715643 0.00354557 0.0227854
3694 -0.00154817 0.00615947 0.00925028
3695 0.0107115 0.00604533 0.00188954
3696 0.0357808 0.00623815 0.0108137
3697 0.0114448 0.00715616 -0.00107303
3698 0.000694845 0.00307329 -0.0123534
3699 -0.00569732 0.00496479 -1.63286e-05
3700 0.00653214 0.00587082 0.0229144
3701 -4.89724e-05 0.00801273 0.03287
3702 0.013476 0.00963935 0.0238585
3703 0.0127685 0.00910213 -0.0112113
3704 -0.0128136 0.00794056 0.0117251
3705 -0.0163414 0.00807141 0.0125724
3706 0.0331944 0.00670621 -0.0132005
3707 -0.0372569 0.00655852 -0.0261606
3708 -0.0272045 0.0090424 0.0259782
3709 0.00507525 0.00505531 0.023715
3710 -0.000285013 0.00494349 0.0268172
3711 -0.0117514 0.00577392 -0.020957
3712 -0.0308096 0.00572859 -0.0250159
3713 0.0293628 0.005567 0.0230959
3714 -0.037675 0.00701685 0.0243532
3715 -0.0233669 0.00805395 8.82244e-05
3716 0.00601531 0.00741347 0.0110752
3717 -0.00259329 0.00558797 -0.0168256
3718 -0.0015017 0.00699054 -0.0304069
3719 0.00357953 0.00556028 0.00164684
3720 0.00156857 0.00673858 0.00626949
3721 0.00980193 0.00441482 0.00201432
3722 -0.0289512 0.00429154 0.01379
3723 -0.00150081 0.00701026 -0.0268388
3724 -0.0024671 0.00734593 0.023029
3725 -0.0115864 0.00848682 0.00201853
3726 -0.00814191 0.00494405 -0.0233398
3727 -0.00107941 0.0093701 0.00860846
3728 -0.0115664 0.00779755 -0.0245309
3729 0.00556682 0.00603094 0.00188469
3730 -0.00533213 0.00671881 -0.0252007
3731 -0.036175 0.00536401 -0.0247256
3732 -0.00666666 0.00421563 -0.0100442
3733 -0.00834612 0.00808684 0.0123578
3734 -0.0085157 0.00556948 -0.0265692
3735 0.0015113 0.00602089 -0.0206174
3736 0.0312823 0.00491658 -0.0116675
3737 0.0299465 0.00701055 -0.00112821
3738 -0.0303659 0.00641405 -0.0252152
3739 0.00158517 0.00655967 0.00370418
3740 -0.00957714 0.00403254 -0.0244738
3741 -0.0135557 0.00568245 0.00846172
3742 0.00444407 0.00858699 0.0260785
3743 -0.0257465 0.00879729 -0.022567
3744 -0.0210535 0.00810649 -0.0258122
3745 -0.0260807 0.00541588 0.0112196
3746 -0.0056146 0.00653228 -0.0100448
3747 0.00198186 0.00424159 -0.0107943
3748 0.0140549 0.0079191 0.0236787
3749 -0.0237124 0.00621395 0.00192237
3750 -0.0110334 0.00574689 -0.0222339
3751 0.00589088 0.00713353 0.00182099
3752 -0.00577542 0.00887106 -0.0102873
3753 -0.0361872 0.00534413 0.0254446
3754 -0.037675 0.00719005 -0.0238479
3755 0.000793695 0.00921129 -0.0181709
3756 -0.037199 0.00870232 0.0112589
3757 0.000178074 0.00389147 -0.0211055
3758 -0.0013848 0.00573017 -0.0304647
3759 -0.0278708 0.00507788 -0.0109324
3760 0.0312843 0.00810876 0.00256704
3761 0.0158175 0.00592077 -0.0101559
3762 -0.0228208 0.00494505 0.0120707
3763 0.0158543 0.00995025 0.0255715
3764 0.0159494 0.00501896 0.0238229
3765 0.00493758 0.00599745 0.00314288
3766 0.0330346 0.0080473 0.000681965
3767 0.00435962 0.00765252 0.0134617
3768 -0.0130506 0.0056412 -0.0129621
3769 0.0297396 0.00521312 -0.000552351
3770 -0.00178259 0.0048023 0.0279839
3771 -0.0266848 0.00795223 -0.0122497
3772 0.0340313 0.00929047 -0.0118103
3773 0.0343809 0.00639484 -0.00121202
3774 -0.0271629 0.00879199 -0.000833388
3775 0.0298583 0.00698007 0.0018746
3776 -0.0137038 0.00396863 -0.0231573
3777 -0.00500629 0.00493791 0.000603696
3778 0.00391612 0.00589109 0.0096355
3779 0.00142307 0.00386509 -0.00327937
3780 0.00119554 0.00545864 0.0194595
3781 -0.00316081 0.00699477 -0.010124
3782 0.00821748 0.00790683 0.0116522
3783 0.0255197 0.00587343 0.00182257
3784 -0.000102433 0.00492364 -0.01906
3785 0.0183536 0.00802121 0.0248005
3786 -0.00066004 0.00379592 0.0143319
3787 -0.0146032 0.00770658 -0.0246506
3788 -0.00196881 0.00426699 0.00952109
3789 -0.0062826 0.00766344 0.00986406
3790 -0.0363624 0.00693764 0.0228536
3791 -0.0128572 0.00498414 -0.0240887
3792 0.00042192 0.0080231 -0.0161513
3793 -0.0171302 0.00798333 0.0129224
3794 0.0145217 0.00768589 0.00141782
3795 0.00299352 0.00695336 0.02285
3796 -0.00149309 0.00596682 -0.0195896
3797 -0.0113879 0.00396161 -0.02384
3798 0.000215548 0.00493594 0.0276389
3799 -0.0123272 0.00747312 0.0136273
3800 0.00134155 0.00734502 -0.00898596
3801 -0.0235571 0.0029798 -0.0256845
3802 0.00479541 0.0079581 0.0129769
3803 -0.00865981 0.00920057 -0.0249959
3804 0.00465701 0.00594916 0.0217991
3805 0.00400248 0.00775455 -0.0226725
3806 -0.0104468 0.00862084 -0.000928425
3807 0.0228875 0.00493082 0.0242015
3808 0.0343481 0.00669636 -0.021056
3809 0.0361502 0.00508073 -0.0229277
3810 0.0117739 0.00658138 0.00195279
3811 0.00137562 0.00571664 -0.0304745
3812 -0.0015027 0.00599536 0.01532
3813 -0.00751542 0.00576466 -0.0222236
3814 -0.0130205 0.00605242 -0.0131519
3815 -0.00563251 0.00803055 -0.0240181
3816 -0.005717 0.00531377 0.0254126
3817 0.000869369 0.00782155 0.00894256
3818 0.0363117 0.00509975 -0.000363935
3819 0.0333954 0.00521321 -0.000552506
3820 -0.0029599 0.00834489 -0.0173978
3821 0.00343266 0.00658854 -0.0100454
3822 0.0331426 0.0049295 0.000213697
3823 -0.00453384 0.00749636 -0.0104056
3824 -0.0112833 0.00786026 -0.000448442
3825 -0.0200597 0.0066801 0.022795
3826 0.0318778 0.00492368 -0.0235272
3827 -0.0116735 0.0058814 -0.0101712
3828 -0.00528118 0.00805783 0.0121059
3829 -0.0107204 0.00802004 -0.0111941
3830 0.0081449 0.00401183 0.000977049
3831 0.0265587 0.00535924 -0.000720609
3832 0.00887165 0.00896606 0.0237423
3833 0.0302179 0.00787887 -0.0124299
3834 0.00141338 0.00722026 -0.00550504
3835 -0.00191588 0.00859372 -0.0253726
3836 -0.00798994 0.00887296 0.00159247
3837 0.00898914 0.0061848 0.00192374
3838 0.0040733 0.008076 0.0121884
3839 0.0147446 0.00663383 0.00194918
3840 0.00378817 0.00803122 -0.024015
3841 0.0247644 0.00755235 0.00154681
3842 0.0234811 0.00756898 -0.0104673
3843 -0.0306298 0.00494299 -0.0233496
3844 0.0327478 0.00775434 0.0234123
3845 -0.0305472 0.00657548 -0.0220517
3846 0.0054143 0.00908346 0.0133323
3847 0.0268297 0.00908218 0.0122657
3848 -0.00139928 0.00575091 0.0183727
3849 0.00408482 0.00380602 -0.0110314
3850 -0.00239661 0.00671639 0.0268036
3851 -0.00373193 0.00535564 -0.0247168
3852 -0.00326799 0.00671575 0.0107989
3853 0.000818442 0.00786026 0.00371283
3854 0.00592539 0.0049125 0.01237
3855 -0.00271666 0.0064479 -0.0132152
3856 -0.0238975 0.0037212 -0.022666
3857 -0.00653068 0.00517849 0.0146514
3858 0.00262823 0.00559357 0.0110678
3859 -0.00410506 0.00959003 0.000283935
3860 0.00669809 0.00590427 0.0138401
3861 -0.000302757 0.00908861 -0.0247877
3862 0.00381529 0.00759801 0.00957267
3863 0.00918665 0.00511655 0.0145569
3864 -0.0353225 0.00504745 -0.0259563
3865 -0.0154652 0.00499501 -0.024106
3866 -0.0365849 0.00783479 0.0115181
3867 0.0143138 0.00484438 0.00262183
3868 0.00152734 0.00606846 -0.00258122
3869 -0.00282214 0.00679941 0.0228158
3870 0.00156139 0.00622875 0.0270926
3871 -0.00132194 0.00737762 0.00517907
3872 0.0365104 0.00617239 -0.0251755
3873 0.0100351 0.00782375 0.00123647
3874 -0.001041 0.00531225 -0.00586706
3875 -0.00499445 0.00576083 0.0229654
3876 -0.0160126 0.00718934 -0.0010508
3877 0.0360288 0.004955 0.000727274
3878 -0.017619 0.00539004 -0.0247531
3879 0.00145497 0.00712517 0.0208493
3880 0.0118422 0.00524444 -0.0125994
3881 0.0333789 0.00706671 -0.00111169
3882 0.0294315 0.00349608 0.000647738
3883 0.00131396 0.00560912 0.00949381
3884 0.0249513 0.0054274 -0.00332849
3885 0.0115796 0.00871954 0.0262221
3886 -0.0147192 0.00807972 0.0242266
3887 -0.000571531 0.0050272 -0.0305285
3888 -0.029508 0.0055426 -0.0103724
3889 0.000873478 0.00518371 0.00657265
3890 0.0278112 0.00771303 -0.0226179
3891 0.00533865 0.00491588 -0.0115989
3892 0.00941811 0.00701658 0.0228713
3893 0.00358922 0.00550873 0.00723079
3894 -0.0100119 0.00804461 0.0240458
3895 0.0305217 0.00502494 -0.000194839
3896 -0.000811015 0.00514613 0.00409958
3897 -0.0338639 0.0072555 -0.0130158
3898 -0.00810895 0.00790774 0.0130858
3899 0.0112664 0.00764119 -0.000731343
3900 -0.0171799 0.00786026 0.00118844
3901 -0.0364129 0.00761578 -0.0247529
3902 -0.0321437 0.00552119 -0.0103869
3903 -0.00628816 0.00851126 0.0140346
3904 -0.0241422 0.00653411 -0.014255
3905 0.0115523 0.0055588 0.00164571
3906 0.0118017 0.00665347 -0.0100521
3907 0.0360234 0.00807819 0.000270683
3908 0.00988087 0.00543314 -0.00185712
3909 0.00157073 0.00671876 0.0279208
3910 0.00907412 0.00389367 -0.0246144
3911 0.00232389 0.00512458 0.00114521
3912 0.00252845 0.00553236 -0.00925041
3913 -0.00695287 0.00517211 -0.0227758
3914 -0.00635347 0.00701475 -0.0101307
3915 0.00827931 0.00708759 0.0138448
3916 0.012926 0.00654407 0.0259545
3917 0.019361 0.00616427 0.00191901
3918 0.0125489 0.0049694 0.02477
3919 -0.0255727 0.00500307 0.000869929
3920 0.0103115 0.00805377 0.0240875
3921 -0.00327454 0.0056865 -0.0140851
3922 0.0293197 0.00914606 0.00137426
3923 0.020698 0.00311979 -0.000668888
3924 0.0123934 0.00818149 -0.00122307
3925 0.00392289 0.00782265 0.0217559
3926 0.0283475 0.00744894 -0.0128947
3927 0.0250014 0.0070961 -0.0101597
3928 -0.02833 0.00449812 0.0108865
3929 -0.0242469 0.00889092 -0.000663813
3930 -0.0164614 0.00770797 -0.0226112
3931 0.00687907 0.00787345 -0.0228401
3932 0.0127123 0.00472223 -0.00190308
3933 -0.0192661 0.00535929 -0.00072066
3934 0.0031571 0.00639678 -0.00430619
3935 0.0115389 0.00735418 0.00170604
3936 -0.0129268 0.00668966 -0.0252039
3937 0.030562 0.00748849 -0.000861049
3938 0.0237504 0.00675683 -0.00119659
3939 0.00303118 0.00983387 -0.0232388
3940 -0.0175704 0.00569854 0.0257334
3941 -0.00782253 0.00696096 0.0138874
3942 0.0278703 0.00434553 -0.00117967
3943 0.0167798 0.0052362 0.0234093
3944 0.00373627 0.00556866 0.0230868
3945 -0.00140671 0.00866674 0.0111821
3946 -0.0236108 0.00522544 0.00131283
3947 -0.0275297 0.00619405 -0.0251817
3948 0.01379 0.00552607 0.00162083
3949 0.0341936 0.00711369 0.022908
3950 0.0321353 0.00792201 -0.000314964
3951 0.00301936 0.0068106 0.00192398
3952 0.024708 0.0074278 0.0230907
3953 -0.025924 0.00492791 -0.0114882
3954 -0.00119942 0.00546232 -0.0260398
3955 0.000396998 0.00359778 -0.0263718
3956 0.0241128 0.00396651 -0.000791451
3957 0.0172057 0.00555618 -0.00242309
3958 -0.0278228 0.00491905 -0.0235697
3959 0.0118746 0.00434834 -0.0248716
3960 -0.0038986 0.00574627 -0.0207671
3961 -0.0143204 0.00675683 0.0259366
3962 0.0013845 0.00727365 0.00732363
3963 -0.0188463 0.00768289 -0.000681774
3964 0.00312531 0.00694323 0.0138934
3965 -0.0114005 0.00514772 0.0115563
3966 0.0365049 0.00760073 -0.0224943
3967 -0.0157531 0.00632239 0.0107948
3968 0.0101033 0.00492105 0.0242914
3969 -0.00139124 0.00726244 -0.0176993
3970 0.0115177 0.00528439 0.0233584
3971 0.00323952 0.00640807 0.0259545
3972 0.0240197 0.00499355 -0.0241017
3973 0.011714 0.00713528 -0.0250827
3974 -0.00950342 0.00491199 0.000694344
3975 -0.0332833 0.00498136 -0.0240655
3976 -0.0249936 0.00359493 0.0235582
3977 -0.0238571 0.00796501 -0.023038
3978 -0.0155062 0.00667173 -0.0252059
3979 -0.0363554 0.00646113 -0.025213
3980 -0.0277892 0.00668105 -0.0220609
3981 0.00917074 0.00786733 0.0251731
3982 -0.00385464 0.00535497 0.0134561
3983 0.00100342 0.00771964 0.0264402
3984 0.00304918 0.00492995 -0.0117905
3985 0.0261002 0.00591275 -0.0101619
3986 -0.0279756 0.00588666 -0.0221755
3987 -0.0133932 0.00620397 0.0228129
3988 -0.0363078 0.00498907 -0.0240884
3989 -0.0207338 0.00674352 0.025938
3990 0.00238345 0.00555589 -0.021314
3991 -0.00765411 0.00720313 0.0218708
3992 -0.00538434 0.00508844 -0.0243363
3993 0.0209617 0.00389353 -0.0116923
3994 0.0211198 0.00546218 -0.000829284
3995 0.0177062 0.0053547 0.0112842
3996 0.0147038 0.00592326 0.0258454
3997 -0.0252026 0.00822279 0.0142807
3998 -0.0012601 0.00745429 -0.00253879
3999 0.0161947 0.00716123 0.0229293
4000 0.0224583 0.00618075 0.0019209
4001 -0.0050264 0.00597011 0.0138623
4002 0.0187648 0.00626259 -0.00119034
4003 -0.0235608 0.0080875 -0.0236299
4004 -0.0136769 0.00551516 0.00161254
4005 0.0135583 0.00828341 -0.0133929
4006 0.0132434 0.00520263 0.0252749
4007 -0.00933537 0.00416092 -0.0225081
4008 0.00250874 0.00549162 -0.0141069
4009 0.027573 0.00758534 -0.000778787
4010 -0.0259361 0.0039015 -0.0226403
4011 -0.027897 0.00773089 -0.000618624
4012 0.000389358 0.00803027 -0.0188601
4013 0.0159642 0.00803156 0.0247535
4014 -0.00385359 0.00769635 -0.012664
4015 0.00488863 0.0059548 -0.0131172
4016 0.0177974 0.00489673 0.00215274
4017 0.00210324 0.00512088 0.0236009
4018 0.0183787 0.00796026 0.0129723
4019 -0.0180741 0.00690741 -0.0101
4020 0.0221758 0.0076154 0.00149325
4021 0.0135024 0.00807819 0.0242426
4022 -0.0102277 0.00645036 -0.00121517
4023 0.0194102 0.00792167 0.00105571
4024 -0.0334094 0.00654999 -0.0252089
4025 -0.0263635 0.00806976 0.0121601
4026 0.00796686 0.00503805 0.000973744
4027 -0.0281148 0.00770919 -0.0246231
4028 0.0213965 0.00516115 0.00120598
4029 0.00958885 0.00803701 -0.0112713
4030 -0.00520702 0.00847261 -0.0252039
4031 -0.00337154 0.00491854 0.0123144
4032 0.00894008 0.00493908 -0.0118745
4033 0.00247027 0.0071771 0.00861898
4034 -0.025176 0.00492464 -0.0237417
4035 -0.00609087 0.00727673 -0.0250127
4036 0.036029 0.00778749 0.0212492
4037 0.00601881 0.0071307 0.0229152
4038 0.0223454 0.00497993 0.0248013
4039 0.00967607 0.00902673 0.0248213
4040 0.0326708 0.00782075 -0.0125004
4041 -0.00706714 0.0058993 -0.0101627
4042 -0.0148766 0.00599364 0.0267675
4043 -0.0288633 0.00736852 -0.0223025
4044 -0.010563 0.00751784 -0.0248361
4045 0.0173664 0.00797192 0.0237929
4046 0.0189169 0.00770207 0.0253965
4047 0.00155328 0.0061827 -0.00850001
4048 -0.0341316 0.00790113 0.0236399
4049 0.00147737 0.00707983 0.00299205
4050 0.0237933 0.0061138 -0.00116812
4051 0.0114711 0.00781784 -0.0125042
4052 -0.0136823 0.00494609 -0.023321
4053 -0.00305676 0.00635092 -0.00120831
4054 0.0120713 0.00612877 0.00191141
4055 0.0101333 0.0058873 -0.0101676
4056 -0.001449 0.00714326 -0.00884242
4057 -0.0235144 0.00690701 0.0108451
4058 -0.00295051 0.00638683 -0.0100485
4059 0.0180914 0.0072797 -0.0102535
4060 -0.0309324 0.00793648 -0.00028369
4061 -0.0352888 0.00873199 -0.0251679
4062 -0.0191763 0.0053278 0.0254274
4063 0.0134407 0.00562323 -0.00092191
4064 0.00699043 0.00556502 0.0145332
4065 -0.00591281 0.00541951 0.0112158
4066 0.0257714 0.00791496 -0.0216361
4067 0.00335772 0.00757834 0.0025097
4068 -0.0312214 0.0061466 0.0259113
4069 0.0108187 0.00551421 -0.000871809
4070 -0.00271552 0.00692561 0.00189907
4071 0.0316644 0.00778538 0.00982317
4072 -0.00591827 0.00585778 0.0109205
4073 -0.0274615 0.00789662 0.0236302
4074 -0.00137498 0.00728947 0.0171824
4075 0.00158517 0.00652517 -0.0165566
4076 -0.0329599 0.00567111 0.0230238
4077 0.00216604 0.00564741 0.00248691
4078 -0.00687738 0.00586374 0.0218654
4079 0.0136219 0.00558436 -0.0129217
4080 -0.00138684 0.00726977 0.0148264
4081 0.00157312 0.00669676 -0.00250213
4082 0.0315606 0.00521453 0.0262678
4083 0.00141639 0.00578626 -0.0152348
4084 -0.0182723 0.00609346 0.0108364
4085 -0.0211176 0.00687495 0.0108362
4086 0.0100528 0.00612502 -0.00117058
4087 0.00412742 0.00697861 -0.00193287
4088 0.0136767 0.00519366 -0.000520017
4089 -0.0251814 0.00498197 -0.0135341
4090 0.0345086 0.00827247 -0.0217468
4091 0.00795193 0.00672825 -0.0011997
4092 0.0127958 0.00509044 0.00108845
4093 0.0211814 0.00638059 -0.00120969
4094 0.0224858 0.00806384 -0.0238668
4095 -0.00262593 0.00604303 -0.0221119
4096 0.0218384 0.00513643 0.0131649
4097 0.001128 0.00760981 -0.0283935
4098 0.0316908 0.00913001 0.0248884
4099 0.00965291 0.00787135 0.0131644
4100 0.01094 0.00506931 -0.000313344
4101 0.00344404 0.00730192 -0.000997486
4102 0.0213135 0.0058644 -0.00107784
4103 0.0311124 0.00509949 -0.0228965
4104 0.032564 0.00420948 -0.0237824
4105 -0.000924474 0.00777966 0.00435353
4106 -0.0333331 0.0073436 0.0110309
4107 -0.000395475 0.00496788 -0.0154822
4108 0.00744262 0.00783062 0.00122744
4109 0.0364244 0.00595295 -0.00111089
4110 0.0024153 0.00558228 0.00166356
4111 0.00458716 0.00716279 -0.0101918
4112 0.0156328 0.00896061 0.0233605
4113 0.0001879 0.00807461 0.00161436
4114 0.0171331 0.00582518 0.025803
4115 0.0205621 0.00496933 -0.001666
4116 -0.0181668 0.00493764 -0.0233988
4117 -0.0188766 0.00515271 0.00119195
4118 0.000223091 0.00806687 -0.0264959
4119 0.00320171 0.00492622 0.000496183
4120 -0.0216806 0.00777774 -0.022703
4121 -0.0286644 0.00497178 -3.707e-05
4122 -0.0184574 0.00651332 0.0259548
4123 0.0179181 0.00807819 0.0242809
4124 0.00567118 0.00778695 -0.0125448
4125 -0.0142117 0.00493019 0.000532644
4126 0.0240527 0.00493233 -0.0118124
4127 -0.00657173 0.00755984 -0.0104596
4128 -0.00477801 0.00508223 0.0116652
4129 -0.0218966 0.00807819 0.0241984
4130 0.0190524 0.00516136 0.0235337
4131 -0.0114408 0.00562091 0.0110511
4132 0.0111198 0.00787551 0.0235845
4133 0.0147692 0.00368176 0.0132277
4134 0.015437 0.00574885 0.0221604
4135 -0.0236166 0.00518108 -0.000499112
4136 0.0173116 0.00799153 0.0221602
4137 0.00099404 0.00526777 0.0264747
4138 -0.028565 0.00763518 0.0134764
4139 -0.0306683 0.00778379 0.013289
4140 0.0341364 0.0075109 -0.0017195
4141 -0.0141832 0.00566546 0.0230221
4142 -0.0365486 0.00776951 -0.0106922
4143 -0.000459909 0.00384075 -0.0110443
4144 0.0015777 0.00500779 0.024884
4145 0.0362931 0.00742558 -0.0129145
4146 0.00331749 0.00734095 0.00171357
4147 -0.0021766 0.00541822 0.0297175
4148 -0.0328594 0.00743477 0.0230933
4149 0.000509262 0.00500621 -0.0289201
4150 0.00399917 0.00737849 -0.0129515
4151 0.0124771 0.00774267 -0.0106569
4152 0.0172055 0.0054718 -0.0224206
4153 -0.0254332 0.00788888 0.0222253
4154 -0.0117644 0.00686794 0.0108332
4155 0.00941032 0.00593946 -0.0251096
4156 0.0196249 0.00788284 0.0236004
4157 0.0239457 0.00925739 0.0241678
4158 0.0340468 0.00492136 -0.0235486
4159 -0.0196986 0.00722365 0.0257779
4160 -0.001173 0.00543729 -0.0216438
4161 0.019688 0.0050904 -0.0123484
4162 0.0280365 0.00547824 0.0135844
4163 0.00259988 0.00595632 0.0138596
4164 0.0105492 0.00542615 0.0135312
4165 0.01105 0.0061705 0.0108202
4166 0.00154193 0.00686887 0.0149089
4167 0.0118597 0.00729308 -0.0130028
4168 0.00722217 0.00805191 -0.011921
4169 0.0264173 0.00492174 -0.023715
4170 -0.0163704 0.00807382 -0.0118215
4171 0.0093687 0.00893421 -0.000493615
4172 0.0144187 0.00718141 0.0257951
4173 -0.00140514 0.00576194 -0.0141201
4174 0.0313588 0.00670563 0.025941
4175 -0.0136989 0.00504799 0.00100323
4176 0.0244914 0.00546363 -0.0128308
4177 0.0271382 0.00765113 0.0134629
4178 0.0207546 0.00791085 0.0130791
4179 0.00406759 0.0075738 -0.0104714
4180 0.0232174 0.00804041 -0.0112867
4181 -0.00111148 0.00537901 -0.0194376
4182 0.0234705 0.00658671 0.0139495
4183 -0.0015669 0.00630258 -0.0296741
4184 0.0137029 0.00492599 -0.0117541
4185 0.0333381 0.00739799 -0.022322
4186 -0.00395266 0.00515992 0.0234679
4187 0.0105796 0.00721819 0.0137792
4188 0.0166611 0.00802454 0.0261906
4189 -0.0034148 0.00573563 -0.00190633
4190 -0.00261216 0.00716333 -0.0210159
4191 0.0218975 0.00602167 -0.0101184
4192 0.00120536 0.00546794 -0.0265128
4193 0.00366749 0.00625808 -0.00119712
4194 -0.000379353 0.00496757 0.0159802
4195 -0.0013196 0.00738151 -0.0199072
4196 -0.0286704 0.00523172 -0.000583276
4197 -0.00448954 0.00461712 0.0136752
4198 0.00405302 0.00550562 -0.0223947
4199 -0.00205777 0.00538411 -0.0105132
4200 0.0044526 0.0054964 0.0135983
4201 -0.00683236 0.00506019 0.0117061
4202 0.0270617 0.0073018 -0.0102688
4203 0.00747083 0.0062304 -0.00119214
4204 -0.0111127 0.00544423 -0.0128103
4205 -0.00874649 0.00664793 -0.0132085
4206 -0.0195072 0.0052362 -0.0106693
4207 0.0348182 0.0054631 -0.000830251
4208 0.026061 0.00792315 0.0236875
4209 0.0013634 0.00569826 0.026949
4210 0.0146702 0.00776707 -0.010689
4211 0.0295763 0.00802896 0.0247653
4212 -0.038675 0.00661457 -0.0257032
4213 0.00138603 0.0072711 0.0100823
4214 -0.036673 0.00703881 -0.0251183
4215 0.00197058 0.0076782 -0.0105721
4216 0.00189166 0.00926 0.000275781
4217 0.00244297 0.00670785 -0.0132019
4218 0.0171397 0.00532956 0.0254293
4219 0.000467739 0.00500023 0.0209061
4220 0.00573461 0.005665 -0.024975
4221 -0.016262 0.0072404 -0.0250257
4222 0.0085115 0.00548495 0.0135873
4223 -0.00227182 0.00551782 -0.022369
4224 0.0161572 0.00807819 0.0124169
4225 -0.00164673 0.00845225 0.0139639
4226 -0.0260506 0.00664398 0.00194571
4227 0.0025768 0.008022 0.0247969
4228 0.019714 0.00497911 -5.88127e-05
4229 -0.00836676 0.00784287 0.0252113
4230 0.00244504 0.00619426 0.00192582
4231 -0.0258987 0.00807375 0.000561789
4232 0.0127624 0.00503472 -0.0230361
4233 -0.00219663 0.00514564 -0.0255617
4234 0.00387905 0.00780646 0.0114808
4235 -0.0235511 0.00562254 0.0256818
4236 6.00047e-05 0.00491903 -0.0212641
4237 -0.00886399 0.00504626 0.0117419
4238 -0.0151085 0.00603415 0.0258832
4239 0.0046118 0.00659512 0.0227861
4240 -0.00488123 0.00618581 -0.022076
4241 0.0187914 0.00542584 -0.0127909
4242 0.0351712 0.00565075 0.00170172
4243 0.0254432 0.00528416 -0.0226187
4244 0.0198002 0.00756529 0.0112042
4245 -0.00089675 0.00780073 -0.021605
4246 0.00645127 0.00551515 0.0136125
4247 0.00804827 0.00606576 0.0108442
4248 0.0296076 0.00511799 -0.0123943
4249 0.00928466 0.00797361 -0.0122034
4250 7.03394e-05 0.00492015 -0.0308867
4251 -0.0207817 0.00737648 0.0256548
4252 0.0139169 0.00492889 0.000520752
4253 -0.028265 0.00675867 0.025935
4254 -0.000539283 0.00501633 0.00780332
4255 0.0117862 0.00493304 -0.0114411
4256 0.0305571 0.00687539 0.0108344
4257 0.0183656 0.00742421 0.0230843
4258 0.00377952 0.00524938 -0.0246046
4259 -0.00698615 0.00659299 -0.0132134
4260 -0.0139122 0.0075685 0.0112069
4261 0.00245247 0.00449543 0.0222063
4262 0.00882756 0.00739088 0.00168396
4263 0.00653108 0.00660682 -0.0252128
4264 0.00492964 0.00504921 -0.0122669
4265 0.0167035 0.00797814 0.0129336
4266 -0.0272583 0.00731214 0.0110137
4267 -0.00827644 0.00662231 0.0259512
4268 -0.0121433 0.00617965 0.0108174
4269 -0.0186165 0.00501833 -0.0241753
4270 0.0202976 0.00678003 0.00193015
4271 -0.00808124 0.00413749 -0.0114856
4272 0.00228232 0.00752964 0.0135661
4273 0.0120837 0.00548855 -0.0104077
4274 0.010873 0.00807819 -0.0114639
4275 0.0350957 0.00497679 0.024792
4276 0.0209933 0.00589479 -0.0130883
4277 0.0228816 0.00607189 -0.0131582
4278 0.00338485 0.00727086 0.0109838
4279 0.0228842 0.00548212 -0.0128474
4280 0.0193291 0.00493755 0.000600324
4281 0.0152114 0.00807819 -0.0116837
4282 0.0226037 0.00807819 -0.0117477
4283 0.0315382 0.00807819 -0.0117855
4284 0.00633152 0.00588782 -0.0101666
4285 -0.00493593 0.00639888 -0.0141254
4286 0.0159181 0.00801231 -0.012101
4287 -0.000780431 0.00787785 0.0226101
4288 0.0303536 0.00494894 0.0247051
4289 0.00137867 0.00728334 0.0262458
4290 0.00357083 0.00535245 -0.000713434
4291 0.00299319 0.00807819 -0.0115808
4292 0.0045746 0.0038907 -0.000484363
4293 -0.0349178 0.00533375 -0.000693693
4294 -0.00354624 0.00543145 -0.000796836
4295 0.00155459 0.00680003 0.0267116
4296 0.0321871 0.00730123 -0.0129931
4297 -0.0162557 0.00803406 0.0248018
4298 -0.00138241 0.00572287 0.00250187
4299 0.0344548 0.00579666 -0.00104862
4300 0.00366232 0.00775351 -0.0125888
4301 -0.00606113 0.00523034 0.013321
4302 0.00668571 0.00807819 0.000336642
4303 -0.0242006 0.00513943 -0.0108301
4304 0.0350495 0.00493294 -0.011818
4305 -0.00141677 0.00578708 0.0282094
4306 0.0153381 0.00535617 0.0254573
4307 -0.00326879 0.00495746 -0.0239946
4308 0.0154024 0.00642681 0.0227789
4309 -0.00105121 0.00532192 -0.0135265
4310 -0.00216863 0.00579262 -0.00892349
4311 0.0146342 0.00510666 0.00111542
4312 0.00274669 0.00572197 -0.0250111
4313 0.00221058 0.00680237 0.00192622
4314 -0.00520095 0.00655689 -0.00121517
4315 -0.00236087 0.00496548 -0.0232416
4316 -0.00101209 0.00526179 0.0174974
4317 -0.00846275 0.00525594 -0.0226357
4318 0.0199031 0.00795196 -0.000250242
4319 0.00507231 0.00709882 0.0229004
4320 0.0358208 0.00716185 -0.00106592
4321 -0.0354106 0.00579212 -0.0250475
4322 0.00853632 0.00569169 0.00173365
4323 -0.000961264 0.00452175 0.00229178
4324 0.0104989 0.00797816 -0.000193606
4325 -0.00334646 0.008064 0.0121339
4326 -0.0178418 0.00667036 -0.025206
4327 -0.00260725 0.00774656 0.011402
4328 0.00228166 0.00611947 0.0228307
4329 0.0162079 0.00504774 0.0250025
4330 0.0340397 0.00789148 -0.000392438
4331 0.0356388 0.0078289 -0.000489698
4332 0.00357578 0.00711842 0.0258293
4333 0.032558 0.00807819 0.000233434
4334 -0.00336384 0.00496983 -3.12644e-05
4335 0.00797294 0.00804699 5.66019e-05
4336 0.0172434 0.00511368 0.00112709
4337 0.00574864 0.00591884 -0.00110461
4338 -0.0215397 0.00806585 0.000597685
4339 -0.018216 0.00808082 0.000493101
4340 -0.0123162 0.00803916 0.000718967
4341 -0.031234 0.00808378 0.000438578
4342 -0.00143514 0.00807819 0.000541639
4343 0.0214966 0.00728264 -0.0222568
4344 0.0119785 0.00661389 -0.022049
4345 0.0270411 0.0064647 -0.0220448
4346 -0.000884527 0.00781002 0.00810751
4347 -0.00035304 0.00803826 0.00473463
4348 -0.000436017 0.00802 0.00293944
4349 -0.000940918 0.00522429 0.0215368
4350 0.000949707 0.00776048 -0.0191031
4351 0.00101924 0.00770762 -0.0206945
4352 -0.000633589 0.00504811 -0.0185129
4353 -0.000569958 0.00502667 -0.0213668
4354 -0.00995996 0.0079966 -0.0241538
4355 -0.00751886 0.00803382 -0.0240032
4356 -0.0222446 0.00805677 -0.023899
4357 -0.0168277 0.00823081 -0.0264682
4358 -0.0140397 0.00802283 -5.31685e-05
4359 -0.0112465 0.00806242 0.000126713
4360 0.000716255 0.00790754 0.0144755
4361 -0.031811 0 0.00985713
4362 -0.0302979 0 -0.00539727
4363 -0.0224591 0 -0.0064357
4364 0.0111085 0 -0.0244825
4365 0.00717151 0 -0.0236272
4366 0.0143717 0 -0.0131472
4367 0.0287507 -3.25261e-19 -0.03187
4368 -0.0282267 0 -0.03187
4369 -0.0172759 -1.0842e-19 -0.03187
4370 -0.038675 -4.33681e-19 -0.0192959
4371 -0.038675 5.86055e-05 -0.0113373
4372 -0.038675 0 -0.00539586
4373 -0.038675 0 0.00362357
4374 -0.0364667 0.00496122 -0.0232542
4375 -0.0149203 0.00494961 -0.0232887
4376 -0.00166498 0.00493885 0.0246124
4377 -0.0150163 0.0049382 0.0246064
4378 -0.00603478 0.0049935 0.0247736
4379 -0.0037143 0.00491545 0.0243971
4380 -0.0068798 0.00491717 0.024413
4381 -0.0191052 0.00493565 0.0241571
4382 -0.0292425 0.00494748 -0.0239517
4383 -0.035241 0.00504242 0.0117533
4384 -0.00670991 0.00492887 0.0122194
4385 -0.00502134 0.00491718 0.012327
4386 -0.0268518 0.00504526 0.0117448
4387 -0.034123 0.00547227 -0.0128399
4388 -0.0156884 0.00555954 -0.0129059
4389 -0.00517327 0.00579318 -0.0130496
4390 -0.00862128 0.00591861 -0.0131053
4391 -0.0246552 0.00534002 -0.0127003
4392 -0.0152546 0.00516428 -0.0124712
4393 -0.00275502 0.00545283 -0.0128194
4394 -0.0321699 0.00546687 -0.0128342
4395 -0.0219804 0.00564754 -0.0129636
4396 -0.0192038 0.00532653 -0.0126861
4397 -0.0330618 0.00535639 0.0112824
4398 -0.0362379 0.00541002 0.0112258
4399 -0.0273447 0.00541513 0.0112204
4400 -0.0247505 0.00528299 0.0113599
4401 -0.0214081 0.00577261 -0.0102199
4402 -0.00398511 0.00588699 -0.010167
4403 -0.0172429 0.00568224 -0.0102777
4404 -0.0353115 0.00547227 -0.0104201
4405 -0.030925 0.00547227 -0.0104201
4406 -0.032025 0.00583418 -0.00106513
4407 -0.0301298 0.00567469 -0.000979512
4408 -0.00621597 0.00527857 -0.000635446
4409 -0.0205323 0.00537697 -0.000739325
4410 -0.0352374 0.00608663 -0.0131621
4411 -0.0281092 0.00589814 -0.0130917
4412 -0.0040127 0.00619077 -0.0131851
4413 -0.0329981 0.00598972 -0.0131268
4414 -0.018492 0.00596099 -0.0131194
4415 -0.0195706 0.0063384 0.00194277
4416 -0.0161845 0.00622093 0.0019266
4417 -0.00456308 0.00623737 0.00193441
4418 -0.0271373 0.00618715 0.025918
4419 -0.0301097 0.00619934 0.02592
4420 -0.0228285 0.00624429 0.0259273
4421 -0.034903 0.00612132 0.0259072
4422 -0.0214549 0.00616986 -0.0131794
4423 -0.0337118 0.00664568 -0.0132037
4424 -0.0157941 0.0067072 -0.013202
4425 -0.0236481 0.00619268 -0.0131825
4426 -0.0219446 0.00675032 0.0019373
4427 -0.0159962 0.00687968 0.00190827
4428 -0.01851 0.00685562 0.00191428
4429 -0.0171294 0.00669033 0.0259438
4430 -0.0127798 0.00678651 0.0259301
4431 -0.0235237 0.00679523 -0.0131859
4432 -0.0273907 0.00787162 0.0115761
4433 -0.0147051 0.00795068 0.011747
4434 -0.00750067 0.00794364 0.0117318
4435 -0.0183063 0.0079144 0.0116686
4436 -0.00249608 0.00808451 0.0123148
4437 -0.000979361 0.00807167 0.0121688
4438 -0.00329714 0.00805852 -0.023369
4439 -0.0049067 0.00804638 -0.0233218
4440 -0.0299417 0.00808721 -0.0236246
4441 -0.000743853 0.00789477 -0.00753151
4442 0.0214235 0.0049449 0.0240721
4443 0.0264654 0.00493914 0.024125
4444 0.00456654 0.00491766 0.0243225
4445 0.0157954 0.0049337 -0.023435
4446 0.00363768 0.00493721 -0.0234028
4447 0.00499437 0.0049312 -0.0234581
4448 0.0368485 0.00491954 -0.0235652
4449 0.0337681 0.00493045 0.0125351
4450 0.0250337 0.0049373 0.0121419
4451 0.0183673 0.00494961 0.0120287
4452 0.00391846 0.00500683 0.0248811
4453 0.0346076 0.00492878 0.000220259
4454 0.0161368 0.00495689 7.13028e-06
4455 0.0241491 0.00494065 0.000111154
4456 0.00940597 0.00500245 -0.000128083
4457 0.00351217 0.00501383 -0.000161854
4458 0.0123091 0.00510623 -0.000374707
4459 0.00714039 0.0050146 -0.000164153
4460 0.0143255 0.0080044 0.0118631
4461 0.031915 0.00790237 0.0116426
4462 0.00524958 0.0080044 0.0118631
4463 0.0336039 0.00788084 0.0115961
4464 0.0015317 0.00796868 0.0117859
4465 0.0164131 0.00797962 0.0118095
4466 0.0296823 0.00787832 0.0115906
4467 0.0261091 0.00794058 0.0117252
4468 0.0035931 0.00802144 -0.0120595
4469 0.00429171 0.0051354 -0.0228368
4470 0.0270134 0.00504817 0.00100378
4471 0.0322155 0.00495483 0.000726754
4472 0.029316 0.00499613 0.000849339
4473 0.0115982 0.00511827 0.00113472
4474 0.0243854 0.00526211 0.00135807
4475 0.00387268 0.0051404 0.0011715
4476 0.00889837 0.00513365 0.00116027
4477 0.0327726 0.00520127 0.00127266
4478 0.019655 0.00519324 0.0012593
4479 0.0286574 0.00529169 0.00138929
4480 0.00859195 0.00513324 0.0131596
4481 0.00236547 0.00508987 0.0130875
4482 0.0350289 0.00540273 0.0232335
4483 0.00357698 0.00783527 0.00122132
4484 0.0114503 0.00788357 0.00113806
4485 0.0345273 0.00778936 0.00128171
4486 0.0352867 0.0080338 0.000743311
4487 0.0221407 0.00797654 0.000937107
4488 0.0149755 0.00795467 0.000984387
4489 0.0124308 0.00765252 -0.0127217
4490 0.0164919 0.00774142 -0.0126047
4491 0.0101508 0.00786027 -0.0124484
4492 0.0144033 0.00760915 -0.0127585
4493 0.0252431 0.00776771 -0.0125702
4494 0.0200211 0.00774723 -0.0125971
4495 0.00435175 0.0074535 -0.000890767
4496 0.00976282 0.00757975 -0.000783529
4497 0.00802789 0.00771265 -0.000642625
4498 0.0238677 0.00749994 -0.000851325
4499 0.0196992 0.00748097 -0.000867432
4500 0.0343748 0.00753903 -0.000818118
4501 0.00620907 0.00768628 -0.000677309
4502 0.0179124 0.00751856 0.0135755
4503 0.0148622 0.00761673 0.0134921
4504 0.0220621 0.00751228 0.0135809
4505 0.0238861 0.00739088 0.013684
4506 0.0339174 0.00800841 0.0128587
4507 0.00724733 0.00761062 0.0134973
4508 0.00881275 0.00563195 0.0110467
4509 0.0108776 0.00568952 0.0110128
4510 0.0332238 0.0055665 0.0110962
4511 0.0112084 0.00560396 -0.012935
4512 0.00362954 0.00554969 -0.0128988
4513 0.0148359 0.00554945 -0.0128986
4514 0.0280679 0.00542055 -0.0127853
4515 0.034696 0.00530993 -0.0246685
4516 0.0374784 0.00523802 -0.0245925
4517 0.0295813 0.0052362 -0.0245907
4518 0.00669566 0.00540583 -0.0247698
4519 0.0256662 0.00552192 -0.024877
4520 0.0202917 0.00525629 -0.0246119
4521 0.0353232 0.00601791 -0.0251367
4522 0.00453417 0.00576579 -0.0250369
4523 0.0259831 0.00534349 0.013444
4524 0.0159152 0.00545733 0.0135641
4525 0.0133674 0.00544467 0.0135508
4526 0.0119251 0.00547227 0.0135799
4527 0.0180674 0.00541217 0.0135165
4528 0.0129508 0.00532417 0.0233164
4529 0.00991364 0.00536743 0.0232708
4530 0.00220644 0.00555418 0.0230978
4531 0.0283529 0.00520092 -0.000532077
4532 0.0313833 0.0052362 -0.000590714
4533 0.0249875 0.00538067 -0.000743228
4534 0.0196431 0.00528736 -0.000644725
4535 0.0227285 0.00554898 -0.00089501
4536 0.00968159 0.00560747 -0.000925713
4537 0.0171541 0.0053437 -0.000704202
4538 0.00712442 0.0057564 -0.00103258
4539 0.0260604 0.00580771 -0.00105616
4540 0.0319983 0.00568826 -0.00098638
4541 0.0297299 0.00571192 -0.00100242
4542 0.0182865 0.00583996 -0.00107123
4543 0.0149467 0.00569754 -0.000992671
4544 0.00403413 0.0056474 0.0110346
4545 0.0275964 0.00552609 -0.0103805
4546 0.0260057 0.00692391 0.0108467
4547 0.0152346 0.00721688 0.0109572
4548 0.0213841 0.00687619 0.0108322
4549 0.0319178 0.00692594 0.0108488
4550 0.015484 0.00726907 -0.013015
4551 0.0143493 0.00737 -0.000956518
4552 0.00746835 0.0072366 -0.00103453
4553 0.0155082 0.00708759 0.0138448
4554 0.0119129 0.00723415 0.0137711
4555 0.0228454 0.00701089 0.0138695
4556 0.0315593 0.00762592 0.0134843
4557 0.017228 0.00711353 0.013831
4558 0.0301874 0.00559894 0.0256681
4559 0.0340292 0.00567228 0.0257167
4560 0.0361459 0.005253 0.0253484
4561 0.00789952 0.00563795 0.0257013
4562 0.0271458 0.00540818 0.0255122
4563 0.0135128 0.00580355 0.0257944
4564 0.0321775 0.00619664 0.025921
4565 0.0250045 0.0058318 0.0258062
4566 0.00537849 0.00600557 0.0138761
4567 0.0273821 0.00602099 0.0138808
4568 0.0154138 0.00585818 0.0138193
4569 0.012601 0.0059516 0.0138573
4570 0.0219639 0.00570263 0.0137403
4571 0.0105895 0.00601617 0.0138797
4572 0.0166961 0.00597691 0.0138663
4573 0.00822332 0.00605872 -0.013153
4574 0.0331594 0.0060916 -0.0131632
4575 0.0136476 0.00607397 -0.0131591
4576 0.0186571 0.00570587 0.0110017
4577 0.0263644 0.00611812 0.010831
4578 0.0235805 0.00625846 0.0108103
4579 0.0280902 0.00608177 0.010839
4580 0.0311361 0.0060753 0.0108404
4581 0.014973 0.00591177 0.0109028
4582 0.0216126 0.00604375 0.010853
4583 0.00716458 0.0062594 0.0108045
4584 0.0242799 0.00701885 0.0108726
4585 0.00634397 0.00688799 0.0108323
4586 0.0164905 0.00639694 0.0107876
4587 0.00802033 0.00684142 0.010822
4588 -0.0280224 0.00493533 0.02416
4589 -0.037675 0.00684215 0.0019129
4590 0.038675 0.00489795 -0.023255
4591 -0.00236793 0.0052362 -0.0245907
4592 -0.008629 0.00539214 -0.0247553
4593 0.00951096 0.00807819 0.0125099
4594 0.032108 0.00807819 0.0122795
4595 0.027893 0.00807819 0.0124174
4596 -0.0327404 0.00723028 -0.0130291
4597 -0.0206558 0.00727358 -0.0130079
4598 -0.0301276 0.00718778 -0.0130517
4599 -0.0262783 0.00704882 -0.0131178
4600 -0.0300632 0.00727172 0.0109928
4601 0.0141449 0.00667691 0.0107947
4602 0.00436415 0.0049229 0.000465648
4603 0.0129797 0.00491651 0.000406857
4604 0.038675 0.00465434 0.0018766
4605 -0.0251279 0.00584589 -0.0130717
4606 0.0143391 0.00503947 0.011762
4607 0.0303389 0.00804985 0.000670398
4608 0.0214943 0.00559606 0.0230759
4609 -0.000673953 0.00506366 0.0235903
4610 0.0358412 0.00506891 0.0236873
4611 0.0257325 0.0057006 0.0230052
4612 -0.037675 0.00808159 0.012479
4613 -0.010097 0.00812338 0.0125767
4614 0.0216239 0.00732571 -0.0129832
4615 -0.0243252 0.00666286 0.0259451
$EndNodes
$Elements
17262
1 4 0 2842 2342 1278 729 
2 4 0 2093 692 705 2041 
3 4 0 637 610 1992 636 
4 4 0 3630 1113 606 2027 
5 4 0 510 2426 2462 1250 
6 4 0 4005 3528 866 3177 
7 4 0 592 1742 2626 2179 
8 4 0 454 1766 609 2222 
9 4 0 599 1315 2006 1744 
10 4 0 2169 2392 929 652 
11 4 0 3328 542 2110 2125 
12 4 0 3399 2224 2189 1261 
13 4 0 2164 428 401 872 
14 4 0 2736 1526 2265 2310 
15 4 0 2160 857 3313 1518 
16 4 0 2165 1182 1738 918 
17 4 0 2581 2605 2026 2780 
18 4 0 3693 2171 448 547 
19 4 0 1174 2177 2002 1628 
20 4 0 4071 2414 1264 1548 
21 4 0 1891 547 1207 2171 
22 4 0 2642 2163 1785 1197 
23 4 0 1927 2565 3680 2081 
24 4 0 1961 909 2820 3117 
25 4 0 2380 2182 462 860 
26 4 0 4364 3228 2035 624 
27 4 0 2152 2048 1744 643 
28 4 0 860 448 890 547 
29 4 0 833 3884 1003 3595 
30 4 0 2759 2240 1936 1427 
31 4 0 4366 3106 864 561 
32 4 0 2266 3499 429 4546 
33 4 0 3903 1745 922 2591 
34 4 0 2115 1733 2889 1237 
35 4 0 1575 3924 1249 3073 
36 4 0 3924 1249 399 1575 
37 4 0 1262 3772 2577 1263 
38 4 0 3130 2620 2149 2281 
39 4 0 711 734 2605 1113 
40 4 0 2272 979 1406 2703 
41 4 0 929 2493 652 2392 
42 4 0 1833 1283 1239 608 
43 4 0 2137 2964 3998 1413 
44 4 0 3383 3958 4382 3406 
45 4 0 2037 2231 2758 4372 
46 4 0 1266 2799 2260 533 
47 4 0 1489 1355 2856 2386 
48 4 0 1418 1269 1268 1958 
49 4 0 1108 1833 1283 2174 
50 4 0 3156 1924 2510 3020 
51 4 0 1938 3618 1650 2671 
52 4 0 1265 2489 1376 3204 
53 4 0 2855 2075 2573 1621 
54 4 0 2197 2705 2322 1996 
55 4 0 2736 2643 2174 1240 
56 4 0 3427 2584 2502 377 
57 4 0 4370 2554 1778 562 
58 4 0 2987 2915 2686 3741 
59 4 0 3485 2905 2792 1407 
60 4 0 505 2321 3755 506 
61 4 0 379 3125 2223 2072 
62 4 0 2191 2536 1935 3091 
63 4 0 3561 2983 1242 1276 
64 4 0 2591 2243 2652 2816 
65 4 0 1925 776 1489 1928 
66 4 0 2283 2799 1398 2899 
67 4 0 4370 521 2211 2554 
68 4 0 1474 2670 409 1583 
69 4 0 2027 2716 3770 606 
70 4 0 2380 2182 1997 2027 
71 4 0 1323 527 3181 776 
72 4 0 764 2345 1881 2352 
73 4 0 1564 769 2523 378 
74 4 0 658 1241 638 542 
75 4 0 553 451 968 498 
76 4 0 1523 3295 561 1063 
77 4 0 3122 2450 1008 2089 
78 4 0 1263 3210 1262 2314 
79 4 0 3313 2499 857 2160 
80 4 0 1636 2324 1548 713 
81 4 0 4157 3230 2403 1258 
82 4 0 763 1120 1167 2951 
83 4 0 1108 1578 3646 1949 
84 4 0 2431 2435 2951 1167 
85 4 0 1350 420 2408 3882 
86 4 0 1400 2325 422 2802 
87 4 0 668 3272 2237 1552 
88 4 0 2435 3986 2331 2021 
89 4 0 2900 2344 1523 561 
90 4 0 1073 1733 1847 1879 
91 4 0 2180 409 2670 2012 
92 4 0 3046 2506 3416 2927 
93 4 0 2316 2103 3468 893 
94 4 0 936 392 2798 1747 
95 4 0 2300 4181 2124 3167 
96 4 0 3706 2723 1498 2597 
97 4 0 1544 2116 2312 1143 
98 4 0 1748 1612 2013 396 
99 4 0 2090 3245 3169 2864 
100 4 0 528 3249 624 2991 
101 4 0 1526 2265 3379 3155 
102 4 0 3494 979 2622 2569 
103 4 0 2050 2411 467 2268 
104 4 0 1969 2522 493 2548 
105 4 0 2646 624 2194 3249 
106 4 0 2688 3910 2411 4365 
107 4 0 2036 2520 422 3618 
108 4 0 832 1254 407 1256 
109 4 0 2361 2424 1998 430 
110 4 0 430 2754 3143 2361 
111 4 0 3073 1575 3213 2307 
112 4 0 2204 2937 2250 393 
113 4 0 643 2422 3258 2048 
114 4 0 3101 2551 401 428 
115 4 0 3913 2300 1483 709 
116 4 0 2184 1182 487 1215 
117 4 0 1779 2161 1502 1457 
118 4 0 835 2003 3073 3376 
119 4 0 2301 2090 3258 632 
120 4 0 634 405 1303 654 
121 4 0 2450 543 2089 677 
122 4 0 634 1303 1785 2391 
123 4 0 553 2177 1174 825 
124 4 0 1888 2352 425 1355 
125 4 0 3055 1377 2408 1986 
126 4 0 4312 256 717 4192 
127 4 0 1930 2408 420 3055 
128 4 0 1063 2819 2400 2632 
129 4 0 3473 1377 1449 414 
130 4 0 2190 4039 719 1749 
131 4 0 1879 2331 3457 2021 
132 4 0 1771 2090 393 3245 
133 4 0 4527 2802 1197 2475 
134 4 0 3820 3717 3087 1981 
135 4 0 1771 632 3245 3227 
136 4 0 2540 2686 2987 1890 
137 4 0 3462 1474 3942 2180 
138 4 0 1745 2662 2031 681 
139 4 0 2639 2161 2310 1739 
140 4 0 1524 3481 2831 3337 
141 4 0 1350 3353 2556 755 
142 4 0 3046 3223 860 2616 
143 4 0 760 1650 2772 1914 
144 4 0 1848 2564 2403 3230 
145 4 0 2786 2167 1747 922 
146 4 0 4548 4582 2754 3499 
147 4 0 2375 2240 2455 3482 
148 4 0 516 2802 2213 2385 
149 4 0 2834 2102 804 2904 
150 4 0 4481 456 3624 2929 
151 4 0 3051 1490 524 3267 
152 4 0 398 4556 1492 2858 
153 4 0 1586 1426 1422 1851 
154 4 0 31 2052 24 845 
155 4 0 2265 1166 2310 3379 
156 4 0 2004 1230 1228 56 
157 4 0 4349 2182 388 134 
158 4 0 365 2106 2489 3035 
159 4 0 3213 3376 2307 4059 
160 4 0 2824 595 2039 2243 
161 4 0 2709 992 964 2745 
162 4 0 2221 2603 442 305 
163 4 0 1418 2244 4036 398 
164 4 0 3885 1851 1586 2132 
165 4 0 1718 677 2089 2454 
166 4 0 1498 2466 2610 2292 
167 4 0 1253 2316 2573 2855 
168 4 0 2450 543 4076 1152 
169 4 0 3717 3343 3087 2124 
170 4 0 4463 2139 4594 2185 
171 4 0 2582 2082 598 2474 
172 4 0 378 1717 2393 2523 
173 4 0 3682 2869 1301 2828 
174 4 0 4226 1129 2348 2160 
175 4 0 2326 381 1482 3513 
176 4 0 920 3265 2005 2302 
177 4 0 2160 1644 451 2714 
178 4 0 4522 526 3504 529 
179 4 0 643 1729 1513 2676 
180 4 0 2055 1170 2057 2873 
181 4 0 3164 2263 1849 1480 
182 4 0 3258 606 632 1113 
183 4 0 1955 511 2095 882 
184 4 0 3884 3956 4533 3595 
185 4 0 3834 3934 397 2708 
186 4 0 3936 821 3328 3418 
187 4 0 1254 1394 3056 3079 
188 4 0 473 2282 2263 2647 
189 4 0 3808 2429 1090 3458 
190 4 0 722 2722 2274 727 
191 4 0 2212 1568 912 2568 
192 4 0 2858 2905 1650 2671 
193 4 0 3751 2108 2856 1205 
194 4 0 2286 1018 1420 4083 
195 4 0 3412 2849 2816 2395 
196 4 0 3498 3730 3337 822 
197 4 0 409 495 2759 2634 
198 4 0 2426 2856 1888 1355 
199 4 0 777 859 2335 2463 
200 4 0 1730 2353 3197 2571 
201 4 0 3541 743 3333 739 
202 4 0 1213 2786 3112 2252 
203 4 0 3029 2858 3542 4036 
204 4 0 252 2620 3319 227 
205 4 0 1253 602 1894 480 
206 4 0 926 3805 2911 3931 
207 4 0 3652 1058 204 189 
208 4 0 1211 1296 2518 941 
209 4 0 350 1548 445 2324 
210 4 0 4336 3181 817 2412 
211 4 0 1486 1447 3393 926 
212 4 0 274 3378 4033 1896 
213 4 0 4504 2805 3451 1605 
214 4 0 2979 336 2966 446 
215 4 0 2643 1496 1065 1618 
216 4 0 224 1094 1963 208 
217 4 0 416 3538 2491 404 
218 4 0 2184 487 1370 2763 
219 4 0 3770 2301 2857 606 
220 4 0 3482 2530 3514 2240 
221 4 0 783 2643 542 2110 
222 4 0 3459 410 760 3352 
223 4 0 2413 2381 410 4288 
224 4 0 3925 4239 3795 2967 
225 4 0 3703 1689 2307 2476 
226 4 0 3053 602 2855 3364 
227 4 0 1204 2395 3142 2182 
228 4 0 2040 4262 1888 3517 
229 4 0 2770 1939 2203 1937 
230 4 0 2525 2255 689 718 
231 4 0 3278 1748 2329 2204 
232 4 0 1994 3734 3093 1500 
233 4 0 1913 4611 2956 2997 
234 4 0 438 319 332 434 
235 4 0 3807 1913 1911 760 
236 4 0 3259 352 2910 361 
237 4 0 185 506 229 1209 
238 4 0 3998 2733 2637 3581 
239 4 0 65 75 1228 2271 
240 4 0 3238 4270 430 3056 
241 4 0 4238 647 3961 4042 
242 4 0 4422 3576 3007 2265 
243 4 0 251 4209 2869 3682 
244 4 0 3201 2436 1103 742 
245 4 0 1683 2348 374 2073 
246 4 0 2655 4018 1345 1792 
247 4 0 1538 1917 3206 3087 
248 4 0 1359 528 2948 2529 
249 4 0 3039 2383 539 2715 
250 4 0 3758 142 3315 132 
251 4 0 1867 2879 2975 402 
252 4 0 4461 2818 4466 4071 
253 4 0 2864 2442 1505 3306 
254 4 0 2507 2383 2222 2275 
255 4 0 2440 3668 1451 931 
256 4 0 1092 2585 2548 3424 
257 4 0 4431 2741 2265 3379 
258 4 0 1142 1432 3856 2762 
259 4 0 2645 2139 1392 1958 
260 4 0 1878 2065 760 2617 
261 4 0 2256 3357 2085 2373 
262 4 0 675 3717 1517 1762 
263 4 0 4495 4101 985 4087 
264 4 0 1469 2225 3588 2251 
265 4 0 133 3630 106 4147 
266 4 0 3834 949 1895 2315 
267 4 0 678 3409 3403 627 
268 4 0 3231 174 1416 153 
269 4 0 356 2832 435 347 
270 4 0 2897 3585 399 1575 
271 4 0 3635 1927 1756 2271 
272 4 0 2858 415 2356 398 
273 4 0 3746 1297 2930 3513 
274 4 0 2298 2331 3390 696 
275 4 0 4179 1696 2708 2998 
276 4 0 4547 427 4601 766 
277 4 0 1139 1391 774 635 
278 4 0 2876 2522 1969 1252 
279 4 0 2246 918 2626 2830 
280 4 0 3581 2733 2095 1955 
281 4 0 3604 3106 2264 4511 
282 4 0 1281 1296 941 3112 
283 4 0 3647 1419 2510 626 
284 4 0 3228 3149 578 903 
285 4 0 947 948 3471 589 
286 4 0 372 2401 2435 2431 
287 4 0 3266 2651 3770 2064 
288 4 0 1607 2944 3047 2119 
289 4 0 3513 1482 4402 4310 
290 4 0 3284 767 3620 907 
291 4 0 827 496 4133 2011 
292 4 0 3595 1351 3241 2563 
293 4 0 508 984 4551 1575 
294 4 0 1591 4093 1348 4002 
295 4 0 560 3440 4279 2336 
296 4 0 2516 2173 1405 3327 
297 4 0 442 3578 295 305 
298 4 0 2597 2023 3217 1498 
299 4 0 1116 1805 991 964 
300 4 0 1468 2157 558 559 
301 4 0 3169 4147 2209 606 
302 4 0 797 4196 3265 798 
303 4 0 874 2919 380 4433 
304 4 0 137 159 4353 386 
305 4 0 2590 2227 2213 3618 
306 4 0 402 1566 1867 2879 
307 4 0 2982 2510 3647 4154 
308 4 0 3624 3443 478 2929 
309 4 0 388 214 863 196 
310 4 0 4200 4163 236 1026 
311 4 0 1441 2823 3653 3556 
312 4 0 2213 520 2731 3451 
313 4 0 662 1151 1676 544 
314 4 0 2464 2602 2780 2483 
315 4 0 1899 572 219 248 
316 4 0 3389 458 2386 4247 
317 4 0 3274 2291 588 956 
318 4 0 3364 602 4282 4180 
319 4 0 477 3043 474 354 
320 4 0 826 2345 764 459 
321 4 0 3528 2607 3177 2406 
322 4 0 1921 1922 4138 1882 
323 4 0 2760 1645 2705 1646 
324 4 0 2291 937 50 37 
325 4 0 2139 1993 2645 3385 
326 4 0 372 1585 707 2431 
327 4 0 820 3744 1992 2053 
328 4 0 1282 1029 3779 421 
329 4 0 329 2689 315 439 
330 4 0 1823 1486 3260 3735 
331 4 0 2832 4145 347 2193 
332 4 0 3767 1608 3846 3302 
333 4 0 2785 1193 898 602 
334 4 0 2550 2652 1831 3903 
335 4 0 1873 2362 1872 1842 
336 4 0 3407 1993 2744 2139 
337 4 0 481 8 16 3235 
338 4 0 1720 4330 3271 4331 
339 4 0 2433 1886 3313 1518 
340 4 0 2671 2328 2858 1783 
341 4 0 2016 3011 3554 2024 
342 4 0 3368 290 2242 283 
343 4 0 3433 371 991 987 
344 4 0 1394 1621 3428 1056 
345 4 0 3677 2498 1878 1456 
346 4 0 12 846 3461 7 
347 4 0 2628 2258 1184 3961 
348 4 0 2730 1455 2947 4306 
349 4 0 2541 67 839 77 
350 4 0 3971 3870 3682 3909 
351 4 0 935 936 391 172 
352 4 0 2477 2858 2356 1492 
353 4 0 2943 2914 4615 1299 
354 4 0 3289 2258 2334 2628 
355 4 0 2081 2126 1737 2094 
356 4 0 471 1998 2210 2042 
357 4 0 4216 774 216 1391 
358 4 0 1198 2637 1417 149 
359 4 0 357 345 3300 2793 
360 4 0 3781 86 789 4056 
361 4 0 2104 4058 4056 86 
362 4 0 4392 2272 2631 2313 
363 4 0 3450 1313 3020 3156 
364 4 0 3932 4458 4069 1642 
365 4 0 2161 790 1076 1502 
366 4 0 1796 3016 2025 1413 
367 4 0 2673 3337 1324 2983 
368 4 0 1782 1699 3727 391 
369 4 0 2256 2373 1601 842 
370 4 0 2621 4573 870 2071 
371 4 0 3061 118 136 3227 
372 4 0 3750 1799 3711 1434 
373 4 0 1813 1708 568 3623 
374 4 0 309 299 2244 2871 
375 4 0 3537 3727 1699 391 
376 4 0 4440 694 1073 2115 
377 4 0 2667 1923 2232 3040 
378 4 0 3388 1540 4603 4458 
379 4 0 519 1826 1892 2259 
380 4 0 1802 4340 1801 3099 
381 4 0 1112 2229 3275 3415 
382 4 0 486 3915 1135 3211 
383 4 0 1724 1545 2323 1767 
384 4 0 2910 2341 358 361 
385 4 0 647 3365 2809 1127 
386 4 0 3977 3743 1546 608 
387 4 0 439 340 320 329 
388 4 0 3036 2667 1145 3118 
389 4 0 2802 3538 2163 416 
390 4 0 1229 34 47 1230 
391 4 0 1963 1965 3757 3267 
392 4 0 1973 1586 1987 1373 
393 4 0 651 4495 395 4087 
394 4 0 4237 1536 1326 2954 
395 4 0 1427 2336 3544 493 
396 4 0 3927 3444 951 2879 
397 4 0 2596 3417 1791 4265 
398 4 0 435 2832 331 347 
399 4 0 356 475 357 318 
400 4 0 312 435 303 3675 
401 4 0 3225 2873 2262 3188 
402 4 0 2271 56 1228 65 
403 4 0 4589 847 35 2799 
404 4 0 1986 3158 3882 4471 
405 4 0 523 2172 3129 2166 
406 4 0 1576 2828 2014 3442 
407 4 0 71 63 2052 3754 
408 4 0 3788 1686 156 177 
409 4 0 3263 1160 2063 3722 
410 4 0 1107 2929 478 195 
411 4 0 3998 1955 2733 3581 
412 4 0 3749 1644 2160 1309 
413 4 0 2709 1806 964 2640 
414 4 0 1288 3702 719 1900 
415 4 0 2647 1319 720 1320 
416 4 0 4548 3499 4584 4578 
417 4 0 1055 4487 3079 4023 
418 4 0 418 815 4475 1013 
419 4 0 3910 2996 2992 583 
420 4 0 2607 2406 3528 2528 
421 4 0 2430 4596 3427 1165 
422 4 0 1863 4543 3957 4542 
423 4 0 789 131 948 3471 
424 4 0 4524 4568 4525 2259 
425 4 0 439 445 350 360 
426 4 0 525 3525 2256 2085 
427 4 0 4541 3453 1866 3942 
428 4 0 169 185 3861 506 
429 4 0 4438 607 695 1450 
430 4 0 282 412 286 4304 
431 4 0 654 2215 431 634 
432 4 0 3882 1350 4479 4470 
433 4 0 966 971 4592 3734 
434 4 0 3561 1276 2490 1561 
435 4 0 1606 87 111 4190 
436 4 0 3754 54 2052 45 
437 4 0 3507 1273 636 617 
438 4 0 2964 110 3998 149 
439 4 0 323 2832 2466 331 
440 4 0 4599 2644 2257 2973 
441 4 0 370 1764 2113 693 
442 4 0 227 2620 3319 209 
443 4 0 3300 440 296 286 
444 4 0 3300 313 324 318 
445 4 0 4488 399 3571 2897 
446 4 0 3230 3208 2564 655 
447 4 0 3710 3441 3770 3384 
448 4 0 1540 3329 4543 3957 
449 4 0 1535 2699 2709 2073 
450 4 0 3328 4044 3803 2110 
451 4 0 2466 4145 331 2832 
452 4 0 93 181 630 106 
453 4 0 2300 3481 3555 2831 
454 4 0 3921 563 4389 3343 
455 4 0 2250 221 3701 192 
456 4 0 274 4033 1682 572 
457 4 0 2661 1717 2393 4381 
458 4 0 1103 739 1656 454 
459 4 0 3652 1725 204 1058 
460 4 0 844 987 73 80 
461 4 0 4354 4044 3803 1626 
462 4 0 2025 1796 1413 2147 
463 4 0 388 4261 214 1453 
464 4 0 369 1230 34 848 
465 4 0 841 2511 10 17 
466 4 0 2511 533 10 17 
467 4 0 4077 4110 237 253 
468 4 0 3488 2302 4406 2465 
469 4 0 2781 162 1560 140 
470 4 0 2324 339 328 439 
471 4 0 51 59 841 43 
472 4 0 2119 54 3047 63 
473 4 0 1709 3571 3794 1976 
474 4 0 2244 2677 644 2871 
475 4 0 3447 4107 1762 160 
476 4 0 841 43 16 26 
477 4 0 211 418 1119 1134 
478 4 0 3868 1780 397 3934 
479 4 0 1231 2235 749 4 
480 4 0 572 3537 3021 3817 
481 4 0 2250 192 3193 221 
482 4 0 813 1243 2297 787 
483 4 0 2205 1765 706 4520 
484 4 0 150 4342 1530 1179 
485 4 0 2238 365 2966 1269 
486 4 0 2131 1776 1024 697 
487 4 0 730 1115 371 3187 
488 4 0 3117 3753 19 29 
489 4 0 4323 2098 509 1023 
490 4 0 920 2959 1766 908 
491 4 0 1225 34 23 44 
492 4 0 1757 2116 1587 2420 
493 4 0 1526 1108 1283 2736 
494 4 0 2603 2527 713 1377 
495 4 0 657 2531 3410 2826 
496 4 0 4562 1590 2826 2531 
497 4 0 2430 2502 3427 1735 
498 4 0 48 1143 1156 36 
499 4 0 1229 56 65 1228 
500 4 0 1229 52 44 41 
501 4 0 2718 2507 2202 2168 
502 4 0 3839 752 3867 1846 
503 4 0 304 4604 414 294 
504 4 0 387 1317 1122 1316 
505 4 0 3149 578 1203 624 
506 4 0 1196 4189 382 2781 
507 4 0 339 439 2324 350 
508 4 0 443 320 298 306 
509 4 0 297 319 434 308 
510 4 0 434 297 287 319 
511 4 0 315 320 443 306 
512 4 0 1063 864 525 561 
513 4 0 434 319 287 280 
514 4 0 305 320 442 439 
515 4 0 434 280 288 319 
516 4 0 475 1815 357 2793 
517 4 0 434 294 304 319 
518 4 0 443 439 320 315 
519 4 0 301 310 2918 2587 
520 4 0 3294 2423 1773 444 
521 4 0 3294 431 444 1773 
522 4 0 824 1024 2093 2041 
523 4 0 3957 1436 1591 4542 
524 4 0 434 304 316 319 
525 4 0 434 288 294 319 
526 4 0 476 3043 474 477 
527 4 0 4604 280 3473 414 
528 4 0 354 3188 333 474 
529 4 0 3300 282 286 318 
530 4 0 2132 3294 1586 3885 
531 4 0 3300 282 318 293 
532 4 0 2275 2383 3018 1924 
533 4 0 643 3307 1855 2152 
534 4 0 414 1562 1539 1377 
535 4 0 4008 4217 870 545 
536 4 0 357 1815 345 2793 
537 4 0 2043 1947 2391 634 
538 4 0 2465 2705 2322 3248 
539 4 0 434 319 332 325 
540 4 0 2202 2718 2747 2507 
541 4 0 2971 59 68 851 
542 4 0 4589 371 730 61 
543 4 0 2232 4253 3708 2667 
544 4 0 4436 680 4437 4225 
545 4 0 1925 455 3893 2635 
546 4 0 2044 2202 3333 379 
547 4 0 526 3438 1359 1341 
548 4 0 526 1632 1827 3661 
549 4 0 2037 366 2076 4372 
550 4 0 766 764 4165 765 
551 4 0 4372 2291 366 937 
552 4 0 2231 4362 2076 2037 
553 4 0 4460 427 484 400 
554 4 0 4480 3863 4222 394 
555 4 0 4509 4165 764 458 
556 4 0 3465 429 3672 2818 
557 4 0 2747 2044 2883 2202 
558 4 0 3664 2754 2399 3143 
559 4 0 3044 1933 1474 2879 
560 4 0 2975 1867 402 3366 
561 4 0 439 320 360 350 
562 4 0 1432 3301 1578 2107 
563 4 0 2042 2345 459 2424 
564 4 0 4420 1299 4615 3387 
565 4 0 3188 355 333 344 
566 4 0 3188 2262 334 344 
567 4 0 333 355 3188 354 
568 4 0 1650 2939 674 2905 
569 4 0 3300 357 475 318 
570 4 0 1195 1537 513 139 
571 4 0 335 345 3300 318 
572 4 0 345 357 3300 318 
573 4 0 293 318 435 303 
574 4 0 303 318 435 312 
575 4 0 2984 3937 4009 3737 
576 4 0 167 386 186 159 
577 4 0 3896 4323 2162 1545 
578 4 0 47 34 1229 44 
579 4 0 105 1651 1196 126 
580 4 0 2076 3098 2037 2999 
581 4 0 149 2964 2637 3998 
582 4 0 431 1773 3294 2043 
583 4 0 2445 4109 913 413 
584 4 0 3091 2874 2815 2429 
585 4 0 4366 3010 491 3525 
586 4 0 2237 1970 1815 2017 
587 4 0 2905 674 2203 1940 
588 4 0 2905 2939 674 644 
589 4 0 2247 3560 1044 3403 
590 4 0 2838 1405 1251 2842 
591 4 0 1892 428 1719 519 
592 4 0 428 4554 2807 1794 
593 4 0 3915 3211 3411 517 
594 4 0 3058 2574 3424 1092 
595 4 0 2462 1888 425 2426 
596 4 0 1372 1752 1753 2267 
597 4 0 1378 1372 2453 1752 
598 4 0 1649 926 506 4351 
599 4 0 2073 2348 498 2714 
600 4 0 2005 920 4362 373 
601 4 0 46 840 843 3566 
602 4 0 1575 555 2476 2150 
603 4 0 1870 1385 4219 2633 
604 4 0 475 2193 2832 356 
605 4 0 972 3922 3287 1206 
606 4 0 568 4363 2446 2294 
607 4 0 609 4363 2478 2294 
608 4 0 4366 2344 1523 2092 
609 4 0 3013 741 3929 3201 
610 4 0 3929 3201 741 2760 
611 4 0 1237 617 1273 3507 
612 4 0 3051 3469 3990 1486 
613 4 0 439 339 320 350 
614 4 0 2755 2788 4461 4463 
615 4 0 2689 439 329 340 
616 4 0 1264 1392 429 2139 
617 4 0 2507 2747 2222 2383 
618 4 0 1258 2766 2274 1257 
619 4 0 2646 2194 4365 3504 
620 4 0 2294 4363 2478 568 
621 4 0 2294 609 2747 2001 
622 4 0 824 476 364 1270 
623 4 0 2236 2093 705 2041 
624 4 0 2546 3501 1001 487 
625 4 0 662 450 544 2082 
626 4 0 2592 3066 3608 3197 
627 4 0 2884 2402 2789 603 
628 4 0 2786 596 1212 173 
629 4 0 173 183 1212 2786 
630 4 0 1856 596 2864 1285 
631 4 0 3801 1399 4034 1142 
632 4 0 3614 4434 3733 681 
633 4 0 2531 410 2065 2617 
634 4 0 371 260 987 844 
635 4 0 118 181 630 93 
636 4 0 106 181 630 133 
637 4 0 252 630 271 181 
638 4 0 630 181 247 271 
639 4 0 630 227 181 252 
640 4 0 630 166 181 188 
641 4 0 188 630 209 181 
642 4 0 630 181 227 209 
643 4 0 166 630 181 144 
644 4 0 630 633 144 166 
645 4 0 630 633 166 188 
646 4 0 633 2519 188 209 
647 4 0 630 144 133 181 
648 4 0 630 181 118 136 
649 4 0 2462 1888 2151 425 
650 4 0 3278 2204 393 2937 
651 4 0 630 181 192 221 
652 4 0 630 247 181 221 
653 4 0 630 181 157 175 
654 4 0 630 181 175 192 
655 4 0 630 181 136 157 
656 4 0 2043 1586 2132 3294 
657 4 0 66 370 81 693 
658 4 0 1774 2198 1769 2145 
659 4 0 2073 1683 925 2260 
660 4 0 1237 1750 1106 2817 
661 4 0 1752 661 2430 2502 
662 4 0 734 2026 1113 2862 
663 4 0 1833 1622 1239 658 
664 4 0 667 4544 455 666 
665 4 0 38 841 2365 26 
666 4 0 405 1948 1785 2065 
667 4 0 430 3612 1998 407 
668 4 0 703 416 2491 404 
669 4 0 680 151 172 4225 
670 4 0 653 2048 384 711 
671 4 0 1941 2677 644 2335 
672 4 0 4477 1377 1986 1539 
673 4 0 844 73 61 841 
674 4 0 1379 2859 691 2255 
675 4 0 1057 1059 4012 506 
676 4 0 3116 2110 3328 542 
677 4 0 3557 4089 1702 4391 
678 4 0 4362 2465 2037 367 
679 4 0 2076 834 3060 763 
680 4 0 173 3278 191 183 
681 4 0 2006 3314 1744 2179 
682 4 0 3885 3981 2132 4039 
683 4 0 2924 3370 2765 2625 
684 4 0 2082 662 1676 544 
685 4 0 2876 1969 2838 1252 
686 4 0 696 2951 4394 3326 
687 4 0 529 3504 528 526 
688 4 0 768 617 1871 3420 
689 4 0 3041 2919 2134 592 
690 4 0 1227 2116 2420 1231 
691 4 0 2634 1933 494 1936 
692 4 0 1227 1143 2116 1544 
693 4 0 1749 401 4136 872 
694 4 0 829 3499 4578 2438 
695 4 0 1227 1544 2116 1231 
696 4 0 4475 3665 418 1013 
697 4 0 4475 4077 3911 418 
698 4 0 2781 187 4323 418 
699 4 0 2294 2168 2507 2446 
700 4 0 1341 1354 526 3438 
701 4 0 2202 2294 2168 2507 
702 4 0 2443 3162 969 2012 
703 4 0 749 2051 485 2235 
704 4 0 2311 2051 485 749 
705 4 0 1587 2051 749 2116 
706 4 0 551 2971 1640 68 
707 4 0 438 319 346 353 
708 4 0 3819 3818 913 4207 
709 4 0 4050 3884 4539 4533 
710 4 0 308 319 434 325 
711 4 0 438 359 319 353 
712 4 0 2204 1772 2329 2250 
713 4 0 1771 2329 2250 393 
714 4 0 434 319 337 346 
715 4 0 2607 1251 2528 555 
716 4 0 2436 1103 1656 1968 
717 4 0 388 863 1870 4609 
718 4 0 1330 2643 1538 3025 
719 4 0 1214 1258 2766 2263 
720 4 0 195 213 1025 478 
721 4 0 3011 862 2848 4529 
722 4 0 2238 1258 1214 2263 
723 4 0 2646 3492 3228 624 
724 4 0 890 769 1207 2226 
725 4 0 690 2560 2791 2461 
726 4 0 2863 2646 3323 4518 
727 4 0 2399 2345 2361 616 
728 4 0 3518 1707 1227 1757 
729 4 0 749 2051 2235 1231 
730 4 0 1231 2420 749 2116 
731 4 0 1743 379 2178 2054 
732 4 0 379 2054 3195 2178 
733 4 0 436 325 308 434 
734 4 0 2351 3668 3466 2173 
735 4 0 3466 3668 2842 2173 
736 4 0 2152 2090 2243 922 
737 4 0 2361 616 527 1931 
738 4 0 599 1315 1744 922 
739 4 0 1299 734 1202 1943 
740 4 0 2361 2345 2159 616 
741 4 0 1928 2345 2159 2352 
742 4 0 890 2226 1207 2343 
743 4 0 3542 2858 3182 473 
744 4 0 3910 4364 3959 2411 
745 4 0 624 4364 3228 2646 
746 4 0 583 2992 3910 2411 
747 4 0 3578 442 2641 2077 
748 4 0 2019 425 2462 2151 
749 4 0 435 318 323 312 
750 4 0 1998 3143 4586 2042 
751 4 0 2026 2059 2397 2483 
752 4 0 968 2915 1741 2686 
753 4 0 664 3525 4079 4511 
754 4 0 1890 1644 2714 451 
755 4 0 2005 908 373 2002 
756 4 0 2092 4366 2344 1484 
757 4 0 2787 1427 495 4514 
758 4 0 1644 3148 2686 2714 
759 4 0 1644 3205 2686 3148 
760 4 0 1400 2213 4570 516 
761 4 0 991 3433 1805 1115 
762 4 0 864 561 1523 4366 
763 4 0 3106 3240 525 561 
764 4 0 1024 824 476 364 
765 4 0 1024 2041 824 364 
766 4 0 383 2616 1841 2954 
767 4 0 2267 1996 1372 2503 
768 4 0 1207 2247 2343 2226 
769 4 0 2581 2605 2780 3065 
770 4 0 1182 2546 487 1738 
771 4 0 1741 1315 380 2031 
772 4 0 1822 401 2274 3157 
773 4 0 2422 711 3258 2048 
774 4 0 857 2499 3313 2989 
775 4 0 3018 2987 2499 1924 
776 4 0 3079 1575 555 406 
777 4 0 2077 1930 2603 1377 
778 4 0 4089 2331 2435 2951 
779 4 0 2345 3084 616 4133 
780 4 0 2226 2247 678 2559 
781 4 0 1932 2216 402 3993 
782 4 0 1932 1003 402 2216 
783 4 0 1207 890 2343 450 
784 4 0 1940 443 415 644 
785 4 0 1202 2311 631 485 
786 4 0 1145 631 2311 2051 
787 4 0 769 2523 2393 2559 
788 4 0 644 2335 674 1941 
789 4 0 363 365 2106 408 
790 4 0 2714 1737 2081 3392 
791 4 0 1737 3392 621 2081 
792 4 0 1852 3208 3230 655 
793 4 0 1852 655 3230 4188 
794 4 0 2376 652 2169 1277 
795 4 0 3022 1766 920 2959 
796 4 0 1028 3199 770 771 
797 4 0 1537 161 780 4143 
798 4 0 3327 3377 1969 2548 
799 4 0 2432 4113 774 1179 
800 4 0 774 3021 2462 1245 
801 4 0 1911 1913 4611 3005 
802 4 0 2216 1932 1003 1484 
803 4 0 2851 914 2840 528 
804 4 0 3199 513 1559 780 
805 4 0 1423 1303 2894 3208 
806 4 0 2226 2343 2364 3283 
807 4 0 771 225 243 3912 
808 4 0 260 2228 847 371 
809 4 0 438 332 319 338 
810 4 0 1378 2971 1372 1753 
811 4 0 2971 2291 1378 1372 
812 4 0 37 937 25 3550 
813 4 0 3314 2179 2082 2474 
814 4 0 1543 2276 497 1853 
815 4 0 2409 1929 2259 522 
816 4 0 2409 394 1929 522 
817 4 0 522 3381 1929 2259 
818 4 0 348 438 319 338 
819 4 0 2570 2311 1202 485 
820 4 0 1405 1969 2444 2665 
821 4 0 945 791 468 2949 
822 4 0 2141 2336 1932 1427 
823 4 0 2236 2093 2041 824 
824 4 0 1392 473 1214 1339 
825 4 0 1392 473 2238 1214 
826 4 0 467 1405 1919 2665 
827 4 0 1269 2966 446 365 
828 4 0 2979 446 2966 365 
829 4 0 2288 711 1869 2605 
830 4 0 2288 2273 1869 653 
831 4 0 2288 642 653 711 
832 4 0 2367 2726 3228 3038 
833 4 0 678 2063 3692 2226 
834 4 0 864 2268 4366 2350 
835 4 0 2350 1919 2268 2157 
836 4 0 1919 2268 864 2350 
837 4 0 1332 402 492 1566 
838 4 0 3525 2547 3106 4366 
839 4 0 864 525 3106 3525 
840 4 0 1251 2528 842 2406 
841 4 0 2468 2197 2267 2795 
842 4 0 2468 2971 2267 2197 
843 4 0 3327 2516 467 1405 
844 4 0 4003 608 1362 4356 
845 4 0 2190 2807 872 2295 
846 4 0 2807 2190 3846 2295 
847 4 0 998 2841 2912 2964 
848 4 0 2912 2964 2733 2637 
849 4 0 1741 592 2134 2179 
850 4 0 2082 1207 1676 2559 
851 4 0 414 294 4242 304 
852 4 0 2325 516 1400 4570 
853 4 0 2499 2927 2506 1924 
854 4 0 4570 1400 3229 2213 
855 4 0 619 1500 3328 3936 
856 4 0 2219 1583 1474 2103 
857 4 0 1398 838 2488 2228 
858 4 0 2984 2075 2103 2219 
859 4 0 3235 2511 600 1266 
860 4 0 1174 3774 498 2709 
861 4 0 3605 2223 379 3195 
862 4 0 3028 2998 2900 2220 
863 4 0 2900 3028 479 2998 
864 4 0 3039 2383 2402 2507 
865 4 0 1771 3193 2250 3701 
866 4 0 2090 393 2329 1771 
867 4 0 1048 458 4509 670 
868 4 0 832 429 407 1255 
869 4 0 2427 1299 1943 1564 
870 4 0 2176 377 2503 2502 
871 4 0 2176 2503 377 2285 
872 4 0 3041 592 2134 1741 
873 4 0 2130 674 2335 1941 
874 4 0 1215 749 2311 2165 
875 4 0 2274 2766 1258 4157 
876 4 0 2766 1258 2403 2263 
877 4 0 2202 2883 2747 2718 
878 4 0 1258 4157 2766 2403 
879 4 0 657 2531 1768 1376 
880 4 0 1940 415 2905 644 
881 4 0 1753 2971 1372 2267 
882 4 0 1752 1372 2503 2267 
883 4 0 3204 1768 657 2106 
884 4 0 832 1392 1889 429 
885 4 0 2361 2399 3143 2345 
886 4 0 1392 1889 2164 832 
887 4 0 1623 4027 819 2889 
888 4 0 2009 1611 2058 3467 
889 4 0 3571 750 2897 2928 
890 4 0 1923 3036 2312 1155 
891 4 0 1170 2088 3077 4521 
892 4 0 2994 1793 368 2382 
893 4 0 1170 4521 3077 302 
894 4 0 840 3461 521 2554 
895 4 0 840 4371 521 3461 
896 4 0 1938 422 3618 1937 
897 4 0 1494 3885 3294 3763 
898 4 0 7 12 846 839 
899 4 0 678 598 2626 2246 
900 4 0 2165 918 2311 1182 
901 4 0 2481 2205 578 3149 
902 4 0 1774 444 2145 2215 
903 4 0 783 1988 2174 1241 
904 4 0 2145 655 2564 405 
905 4 0 890 1207 769 2581 
906 4 0 1748 3294 2132 3885 
907 4 0 843 42 64 72 
908 4 0 4353 2300 386 3757 
909 4 0 843 64 42 55 
910 4 0 937 25 366 846 
911 4 0 8 10 841 2327 
912 4 0 1155 3339 2312 3303 
913 4 0 1230 47 1229 56 
914 4 0 1155 3339 4421 2312 
915 4 0 10 3235 2511 2327 
916 4 0 841 10 2511 2327 
917 4 0 839 42 15 7 
918 4 0 839 42 12 21 
919 4 0 839 42 21 32 
920 4 0 839 42 7 12 
921 4 0 839 42 25 15 
922 4 0 858 4590 2874 432 
923 4 0 839 50 42 588 
924 4 0 588 839 67 42 
925 4 0 72 82 843 42 
926 4 0 843 839 42 82 
927 4 0 42 77 82 839 
928 4 0 2365 51 841 38 
929 4 0 1736 1398 1927 260 
930 4 0 2782 1230 47 34 
931 4 0 2499 2927 2364 2506 
932 4 0 2375 3209 2548 1427 
933 4 0 2082 2343 450 1207 
934 4 0 2141 2548 1427 2375 
935 4 0 661 1752 2503 2502 
936 4 0 3101 3157 2385 401 
937 4 0 1869 711 2570 734 
938 4 0 1575 2150 1249 1254 
939 4 0 841 43 59 68 
940 4 0 3157 2274 2385 401 
941 4 0 1225 23 14 44 
942 4 0 1822 3157 2274 3334 
943 4 0 1225 14 5 44 
944 4 0 1225 13 22 44 
945 4 0 1225 5 13 44 
946 4 0 2073 991 1736 964 
947 4 0 841 43 68 76 
948 4 0 841 61 43 73 
949 4 0 851 841 59 68 
950 4 0 1174 3929 498 3774 
951 4 0 2516 2256 1405 1251 
952 4 0 2126 2207 1738 2094 
953 4 0 286 412 440 296 
954 4 0 2499 3741 2540 2535 
955 4 0 3103 3132 271 3224 
956 4 0 2531 2065 1948 405 
957 4 0 920 2302 2231 2010 
958 4 0 653 642 2422 711 
959 4 0 2051 631 485 2235 
960 4 0 2235 2051 631 909 
961 4 0 2397 2027 2380 2059 
962 4 0 2966 3035 2238 2370 
963 4 0 2559 678 2246 598 
964 4 0 365 3035 2238 2966 
965 4 0 1016 4130 2802 4608 
966 4 0 598 2247 2559 678 
967 4 0 2718 2313 1594 1675 
968 4 0 3379 2257 2639 2584 
969 4 0 2558 2789 2697 2507 
970 4 0 450 448 860 3223 
971 4 0 2558 2789 2507 3039 
972 4 0 2789 2402 2507 3039 
973 4 0 2802 3157 2385 3101 
974 4 0 2385 2802 3101 516 
975 4 0 376 2904 1721 2246 
976 4 0 29 3117 1143 1156 
977 4 0 4368 2211 2401 687 
978 4 0 707 687 2431 2211 
979 4 0 1025 478 3786 195 
980 4 0 356 2193 2832 347 
981 4 0 3085 595 2243 2583 
982 4 0 1304 2894 1375 1303 
983 4 0 2725 3666 2193 3772 
984 4 0 1303 3208 1304 2894 
985 4 0 2904 2546 376 543 
986 4 0 3451 4505 1605 4177 
987 4 0 3001 2178 2054 1743 
988 4 0 1992 637 636 1273 
989 4 0 3328 4357 658 637 
990 4 0 1929 1973 1785 2913 
991 4 0 2238 2263 2282 3164 
992 4 0 2971 1996 1372 2267 
993 4 0 2223 3125 379 813 
994 4 0 1869 1299 1202 2943 
995 4 0 1229 44 69 78 
996 4 0 2198 1774 1773 444 
997 4 0 2427 1145 1942 1202 
998 4 0 2222 609 4363 1766 
999 4 0 391 1746 3727 612 
1000 4 0 2452 2607 3528 2528 
1001 4 0 2198 1773 2423 444 
1002 4 0 2258 2334 2628 642 
1003 4 0 1769 2198 1259 2145 
1004 4 0 2471 3197 3066 2592 
1005 4 0 2471 2571 3197 2592 
1006 4 0 2031 3288 2513 452 
1007 4 0 2893 2816 3519 2849 
1008 4 0 1548 1264 685 1636 
1009 4 0 3519 2849 2816 3220 
1010 4 0 1889 2164 1257 1392 
1011 4 0 3255 3679 1876 3789 
1012 4 0 698 2893 2849 2816 
1013 4 0 2352 2345 2159 2361 
1014 4 0 459 2345 2352 2424 
1015 4 0 2989 2063 1518 857 
1016 4 0 3542 2238 473 2282 
1017 4 0 205 390 1967 1181 
1018 4 0 2019 1256 425 2151 
1019 4 0 1198 1417 390 184 
1020 4 0 834 696 2554 3060 
1021 4 0 1251 2607 2838 1894 
1022 4 0 2237 2316 1263 2577 
1023 4 0 883 3128 1479 1612 
1024 4 0 2990 4271 2718 2569 
1025 4 0 2990 2718 1675 2569 
1026 4 0 451 968 498 2714 
1027 4 0 1303 654 1423 4114 
1028 4 0 1890 2686 968 2714 
1029 4 0 1890 2686 2714 1644 
1030 4 0 1707 3518 1227 2254 
1031 4 0 3518 79 2254 1707 
1032 4 0 614 2665 2141 2548 
1033 4 0 2546 1738 918 1882 
1034 4 0 2206 918 1738 1882 
1035 4 0 1267 685 1548 445 
1036 4 0 4188 654 655 444 
1037 4 0 4157 3230 1258 2467 
1038 4 0 1822 4157 1258 2467 
1039 4 0 2307 1877 3113 3336 
1040 4 0 380 3741 2686 2915 
1041 4 0 2018 620 408 363 
1042 4 0 380 3741 2915 2711 
1043 4 0 1145 2311 631 1202 
1044 4 0 2540 2686 3741 2987 
1045 4 0 2540 1644 2686 1890 
1046 4 0 3125 813 2223 3643 
1047 4 0 1250 2807 872 2190 
1048 4 0 3482 587 2455 3152 
1049 4 0 4547 427 1659 3282 
1050 4 0 1103 3333 454 609 
1051 4 0 2093 333 2873 474 
1052 4 0 2077 385 1939 1449 
1053 4 0 487 2546 543 376 
1054 4 0 1882 3261 2246 2546 
1055 4 0 2376 2342 1278 2842 
1056 4 0 634 1948 405 2215 
1057 4 0 2491 1878 703 404 
1058 4 0 1498 2193 2466 2224 
1059 4 0 3196 1261 2224 2193 
1060 4 0 3125 3643 2949 813 
1061 4 0 487 3261 2546 376 
1062 4 0 2234 2100 909 1942 
1063 4 0 3399 2189 2236 1260 
1064 4 0 2611 2189 2224 3196 
1065 4 0 1768 620 408 2018 
1066 4 0 1768 1948 620 2018 
1067 4 0 46 843 42 55 
1068 4 0 1935 2815 858 2191 
1069 4 0 4379 1011 4376 2182 
1070 4 0 4104 2191 2815 3091 
1071 4 0 2276 2432 1306 511 
1072 4 0 511 2432 1306 2912 
1073 4 0 1355 764 4247 458 
1074 4 0 4431 3184 3904 4425 
1075 4 0 388 2182 4376 1011 
1076 4 0 2245 2391 2281 1946 
1077 4 0 388 3266 196 180 
1078 4 0 697 692 1776 1024 
1079 4 0 2267 2197 2503 2795 
1080 4 0 642 2422 2663 643 
1081 4 0 916 651 1087 650 
1082 4 0 427 484 400 2019 
1083 4 0 2197 2267 2503 1996 
1084 4 0 2399 616 2475 3529 
1085 4 0 3258 2048 2152 643 
1086 4 0 1865 1866 2075 3737 
1087 4 0 2833 2152 643 3258 
1088 4 0 3234 2705 2503 1996 
1089 4 0 1769 2145 2215 1774 
1090 4 0 2129 1769 2145 2215 
1091 4 0 919 4129 1512 3252 
1092 4 0 2382 1793 2561 2228 
1093 4 0 2794 1707 2239 1757 
1094 4 0 4495 651 395 1079 
1095 4 0 2043 2281 2391 1946 
1096 4 0 2043 1302 2391 2281 
1097 4 0 923 399 921 924 
1098 4 0 2005 908 920 373 
1099 4 0 2026 1113 2862 2059 
1100 4 0 2172 2031 452 3129 
1101 4 0 2166 2172 3129 2031 
1102 4 0 4057 4266 3397 2714 
1103 4 0 864 3106 525 561 
1104 4 0 525 3106 2085 3240 
1105 4 0 3027 4266 2714 3397 
1106 4 0 1371 3048 3886 2887 
1107 4 0 3737 2984 2075 4009 
1108 4 0 3886 3048 2676 1036 
1109 4 0 1036 3048 2676 3314 
1110 4 0 1371 3048 2887 1991 
1111 4 0 936 4225 172 934 
1112 4 0 1237 748 1272 617 
1113 4 0 487 1738 2126 2207 
1114 4 0 1211 1212 183 941 
1115 4 0 2559 1207 769 2226 
1116 4 0 388 3441 2064 3266 
1117 4 0 430 2424 3612 828 
1118 4 0 1269 4036 1418 2341 
1119 4 0 3471 589 2753 3231 
1120 4 0 2082 2668 2134 2006 
1121 4 0 789 2753 948 3823 
1122 4 0 487 2214 2004 2207 
1123 4 0 2722 1650 3618 2227 
1124 4 0 2565 1927 2271 1756 
1125 4 0 1231 749 2420 4 
1126 4 0 3300 286 296 318 
1127 4 0 2082 2179 598 2474 
1128 4 0 407 1256 2805 832 
1129 4 0 2459 1571 2665 3327 
1130 4 0 1260 705 729 2041 
1131 4 0 944 3202 957 3176 
1132 4 0 1737 498 1741 2714 
1133 4 0 729 705 692 2041 
1134 4 0 2093 1024 1776 692 
1135 4 0 467 3327 1405 2665 
1136 4 0 857 541 3022 2348 
1137 4 0 2754 403 1414 3114 
1138 4 0 2037 788 2999 2720 
1139 4 0 450 1207 544 2082 
1140 4 0 1207 1676 544 2082 
1141 4 0 2999 1996 788 2037 
1142 4 0 1227 3518 70 2254 
1143 4 0 1969 3377 2173 1252 
1144 4 0 2879 2855 2563 3241 
1145 4 0 3053 2855 2563 2879 
1146 4 0 2912 2187 3195 998 
1147 4 0 2912 511 2841 954 
1148 4 0 2059 2380 2397 3693 
1149 4 0 2256 2373 2085 1601 
1150 4 0 1003 1933 833 1484 
1151 4 0 3283 878 2364 2226 
1152 4 0 2456 688 1663 3354 
1153 4 0 1936 495 2759 1427 
1154 4 0 655 1304 405 1303 
1155 4 0 4186 2182 4379 2305 
1156 4 0 2427 2089 1564 677 
1157 4 0 2722 2227 2213 1339 
1158 4 0 1997 4379 3441 2182 
1159 4 0 1607 3047 850 370 
1160 4 0 2182 1997 4379 2305 
1161 4 0 3027 2714 4266 3392 
1162 4 0 1262 1261 2193 3772 
1163 4 0 2237 3272 1636 3271 
1164 4 0 1260 2236 705 2041 
1165 4 0 2036 461 2520 3618 
1166 4 0 3027 3392 4266 4432 
1167 4 0 2216 2158 1003 830 
1168 4 0 1400 2213 3618 3229 
1169 4 0 1250 872 1749 2190 
1170 4 0 1250 2976 400 2596 
1171 4 0 2424 1998 2042 2361 
1172 4 0 2345 2424 2042 2361 
1173 4 0 167 155 386 4591 
1174 4 0 1203 624 1379 914 
1175 4 0 2224 2832 2466 432 
1176 4 0 2460 1379 1203 2481 
1177 4 0 2427 1202 1942 1943 
1178 4 0 2237 1815 1271 2017 
1179 4 0 1793 2994 4361 2382 
1180 4 0 2264 3240 4573 2085 
1181 4 0 4573 3330 3240 2264 
1182 4 0 2524 1274 658 1275 
1183 4 0 1734 850 1751 1750 
1184 4 0 980 2591 590 1678 
1185 4 0 2342 2440 3668 2842 
1186 4 0 3866 2360 871 2746 
1187 4 0 2426 484 1250 2976 
1188 4 0 1250 484 400 2976 
1189 4 0 1203 578 1379 624 
1190 4 0 4106 2690 2360 1398 
1191 4 0 1398 2690 2360 3756 
1192 4 0 2310 2176 1526 3379 
1193 4 0 2006 3608 2892 450 
1194 4 0 2006 2892 3573 662 
1195 4 0 661 1372 3274 1996 
1196 4 0 2210 1998 4586 2042 
1197 4 0 4594 2139 3385 4506 
1198 4 0 2090 632 1771 384 
1199 4 0 491 2268 3525 490 
1200 4 0 2005 2302 4362 920 
1201 4 0 1621 1080 2573 3428 
1202 4 0 2217 3022 920 2010 
1203 4 0 1774 431 444 2215 
1204 4 0 1774 1773 444 431 
1205 4 0 491 490 3400 2870 
1206 4 0 384 3258 1113 711 
1207 4 0 4366 2268 2157 2350 
1208 4 0 4366 491 2157 2268 
1209 4 0 2013 941 3278 2167 
1210 4 0 653 2165 2273 485 
1211 4 0 439 314 2221 305 
1212 4 0 2444 1969 975 2127 
1213 4 0 1928 2345 616 2159 
1214 4 0 2587 363 3545 3512 
1215 4 0 2979 2918 2587 363 
1216 4 0 525 3525 2085 3106 
1217 4 0 2905 644 674 1940 
1218 4 0 487 2451 2765 543 
1219 4 0 487 543 2765 376 
1220 4 0 2765 487 376 3261 
1221 4 0 405 1768 2215 1948 
1222 4 0 766 764 427 459 
1223 4 0 2272 2703 1578 2020 
1224 4 0 979 3711 2441 2703 
1225 4 0 3882 1350 403 1414 
1226 4 0 860 2972 448 2182 
1227 4 0 1202 2943 1145 2311 
1228 4 0 3377 2522 2188 1252 
1229 4 0 2288 642 2628 2334 
1230 4 0 2334 642 2320 2288 
1231 4 0 4133 616 3529 2475 
1232 4 0 422 1931 2475 2036 
1233 4 0 2336 1427 3544 4176 
1234 4 0 969 3162 601 2012 
1235 4 0 1932 1427 1936 2141 
1236 4 0 2651 2716 2027 1945 
1237 4 0 2261 1215 2184 1587 
1238 4 0 1376 2489 2145 1768 
1239 4 0 656 2145 1376 2480 
1240 4 0 2164 2655 1256 2957 
1241 4 0 2478 609 2294 2001 
1242 4 0 2001 609 3104 2478 
1243 4 0 3608 1150 448 3991 
1244 4 0 1878 1785 1303 2730 
1245 4 0 1878 1785 405 1303 
1246 4 0 1304 1303 1878 405 
1247 4 0 1375 1878 1304 1303 
1248 4 0 3276 2797 1116 964 
1249 4 0 1231 909 2051 2235 
1250 4 0 1932 2157 3440 2350 
1251 4 0 1932 3440 2157 3993 
1252 4 0 3440 2127 2157 4161 
1253 4 0 2443 2670 3095 1583 
1254 4 0 1339 2645 473 2858 
1255 4 0 422 3618 2520 1400 
1256 4 0 290 298 443 320 
1257 4 0 2558 3020 2789 3039 
1258 4 0 3857 448 2652 3223 
1259 4 0 2427 2038 2100 677 
1260 4 0 3196 2224 2611 477 
1261 4 0 2038 417 1793 2405 
1262 4 0 2708 2315 2220 2998 
1263 4 0 2994 417 2405 1793 
1264 4 0 612 1746 936 391 
1265 4 0 2192 1156 19 849 
1266 4 0 4352 3717 3167 3447 
1267 4 0 2038 1897 677 376 
1268 4 0 1897 677 376 543 
1269 4 0 2192 1156 3117 19 
1270 4 0 2892 544 450 1207 
1271 4 0 4380 1060 3693 2702 
1272 4 0 702 2816 1915 4078 
1273 4 0 702 3875 1915 2816 
1274 4 0 2643 1330 2297 3025 
1275 4 0 3532 3335 2698 1990 
1276 4 0 2989 2063 857 2499 
1277 4 0 2943 2311 2914 1145 
1278 4 0 2247 2626 598 2082 
1279 4 0 2237 2017 1271 668 
1280 4 0 4444 3146 1980 1910 
1281 4 0 2082 2247 2626 3317 
1282 4 0 2943 2706 2311 2273 
1283 4 0 4366 2547 561 2344 
1284 4 0 1296 941 1211 207 
1285 4 0 2397 2059 2862 2027 
1286 4 0 2188 1260 2557 1790 
1287 4 0 2042 4581 459 2345 
1288 4 0 1156 1544 3117 1143 
1289 4 0 909 2116 2312 1544 
1290 4 0 3314 1151 2474 1676 
1291 4 0 1332 1336 1867 1566 
1292 4 0 4371 366 2076 3461 
1293 4 0 1555 3461 3060 366 
1294 4 0 2348 2160 1518 857 
1295 4 0 2865 2430 2298 1752 
1296 4 0 2382 1793 2228 4373 
1297 4 0 2976 428 1250 2807 
1298 4 0 2164 1250 400 2596 
1299 4 0 550 2277 2071 1601 
1300 4 0 2034 1958 685 2394 
1301 4 0 473 3542 1958 2034 
1302 4 0 1938 674 1650 2130 
1303 4 0 63 2052 3047 71 
1304 4 0 1034 4148 487 1037 
1305 4 0 2255 1765 932 578 
1306 4 0 1765 2255 932 2372 
1307 4 0 687 748 4368 2233 
1308 4 0 1 3864 2211 2233 
1309 4 0 373 920 4362 763 
1310 4 0 3636 1143 3117 4421 
1311 4 0 2905 2203 1938 1937 
1312 4 0 2794 1707 74 2239 
1313 4 0 1707 83 74 3518 
1314 4 0 2254 74 2794 1707 
1315 4 0 644 2677 1941 2871 
1316 4 0 2254 83 74 1707 
1317 4 0 1448 3390 2331 2951 
1318 4 0 2342 932 1379 691 
1319 4 0 2546 543 3501 487 
1320 4 0 772 421 782 1157 
1321 4 0 441 434 308 297 
1322 4 0 1989 1452 1151 662 
1323 4 0 2802 516 2325 4527 
1324 4 0 4153 2698 2904 918 
1325 4 0 1030 1832 4193 267 
1326 4 0 2531 2065 620 1948 
1327 4 0 1035 1452 1989 662 
1328 4 0 2116 3303 1506 2312 
1329 4 0 2116 1143 48 2312 
1330 4 0 2858 4036 2244 398 
1331 4 0 1854 643 1513 1507 
1332 4 0 3327 1969 1405 2665 
1333 4 0 3532 2926 1990 2698 
1334 4 0 1990 2926 598 2698 
1335 4 0 3314 2887 1991 1989 
1336 4 0 1506 2116 70 3303 
1337 4 0 2577 2316 1815 2237 
1338 4 0 2434 2988 3593 3455 
1339 4 0 2577 1815 1271 2237 
1340 4 0 720 2274 1339 2722 
1341 4 0 2722 2946 2227 1339 
1342 4 0 2332 918 598 2698 
1343 4 0 2356 3298 315 415 
1344 4 0 487 3262 2004 2765 
1345 4 0 2624 1244 550 2321 
1346 4 0 2624 550 3189 3755 
1347 4 0 1381 2247 1044 501 
1348 4 0 1044 3403 501 2247 
1349 4 0 4036 349 341 1418 
1350 4 0 448 2616 3223 3857 
1351 4 0 1044 2247 1381 3283 
1352 4 0 1448 2868 3184 4411 
1353 4 0 2585 2375 2548 614 
1354 4 0 2976 3782 2426 484 
1355 4 0 2976 2426 3782 3161 
1356 4 0 2093 1553 2290 2627 
1357 4 0 1778 845 4370 562 
1358 4 0 3608 1315 599 3197 
1359 4 0 2527 1377 3565 713 
1360 4 0 1930 2788 2414 4071 
1361 4 0 1928 2317 3084 1881 
1362 4 0 3084 1928 1881 2345 
1363 4 0 2029 1778 845 24 
1364 4 0 1243 1330 783 2490 
1365 4 0 1330 2490 1243 865 
1366 4 0 4366 561 1523 2344 
1367 4 0 764 459 2345 2352 
1368 4 0 1667 2516 467 3327 
1369 4 0 1048 458 670 1881 
1370 4 0 3327 1444 3246 2516 
1371 4 0 1544 2 909 1231 
1372 4 0 2404 1435 2751 3222 
1373 4 0 783 812 2125 2490 
1374 4 0 415 398 2244 2689 
1375 4 0 492 1566 1763 1332 
1376 4 0 1332 2839 1566 1763 
1377 4 0 3545 1941 363 2130 
1378 4 0 1376 1768 2145 656 
1379 4 0 1170 2055 4521 3872 
1380 4 0 4547 2042 4601 427 
1381 4 0 216 4113 1139 774 
1382 4 0 3478 4499 733 3067 
1383 4 0 1747 3112 392 2390 
1384 4 0 3478 399 923 3585 
1385 4 0 923 3585 399 924 
1386 4 0 2171 1150 1154 4078 
1387 4 0 2979 365 2106 363 
1388 4 0 2918 2979 2106 363 
1389 4 0 998 2187 3859 2912 
1390 4 0 4589 844 841 847 
1391 4 0 4589 847 371 844 
1392 4 0 998 2187 2694 3859 
1393 4 0 3756 3613 2488 1398 
1394 4 0 371 260 844 847 
1395 4 0 1996 2197 2267 2971 
1396 4 0 1996 2197 2705 2503 
1397 4 0 1979 2322 2197 2705 
1398 4 0 1979 2322 2971 2197 
1399 4 0 3782 3161 4593 2976 
1400 4 0 467 1405 2268 1919 
1401 4 0 1603 3161 2976 4593 
1402 4 0 2722 1339 2213 2274 
1403 4 0 4377 1128 3175 3065 
1404 4 0 1101 4379 1997 3292 
1405 4 0 2082 592 2179 2134 
1406 4 0 3089 2651 2716 3770 
1407 4 0 1665 2384 1666 1790 
1408 4 0 2027 3630 2862 1945 
1409 4 0 2250 3103 2132 1772 
1410 4 0 3989 2273 1869 2288 
1411 4 0 2665 2444 1919 2127 
1412 4 0 1372 661 1752 2503 
1413 4 0 405 2531 2065 1878 
1414 4 0 2141 2336 3440 1932 
1415 4 0 2141 2665 1969 2548 
1416 4 0 2141 1969 2665 2127 
1417 4 0 2799 2382 925 2899 
1418 4 0 2527 2603 1501 1930 
1419 4 0 925 2674 1398 2899 
1420 4 0 652 624 914 1379 
1421 4 0 3220 595 2786 2243 
1422 4 0 3149 578 624 3228 
1423 4 0 344 2611 477 355 
1424 4 0 2786 3220 2243 2252 
1425 4 0 2224 2611 477 334 
1426 4 0 1460 930 3425 1387 
1427 4 0 2630 930 3425 1460 
1428 4 0 1378 2291 2365 937 
1429 4 0 3654 1569 3206 3087 
1430 4 0 3711 4007 3776 1434 
1431 4 0 2971 2291 2037 2758 
1432 4 0 3415 3618 2036 1937 
1433 4 0 3875 698 2734 2816 
1434 4 0 864 2141 614 1919 
1435 4 0 864 2141 1919 2350 
1436 4 0 841 43 4589 35 
1437 4 0 62 74 2239 2794 
1438 4 0 2239 62 2794 3262 
1439 4 0 1983 2467 1822 1982 
1440 4 0 2579 1982 1822 2467 
1441 4 0 388 2064 3441 2182 
1442 4 0 1261 3217 1498 3772 
1443 4 0 2855 2103 3044 4202 
1444 4 0 2646 4364 4365 2194 
1445 4 0 1211 1212 2786 4287 
1446 4 0 1727 1978 3788 1072 
1447 4 0 2162 3896 1596 2032 
1448 4 0 1686 1978 3788 1727 
1449 4 0 4297 2676 3886 3048 
1450 4 0 3041 2134 380 1741 
1451 4 0 1371 919 3886 3048 
1452 4 0 3129 2031 3288 3614 
1453 4 0 4297 3886 919 3048 
1454 4 0 3129 2031 3614 2166 
1455 4 0 1193 2785 1551 3053 
1456 4 0 4387 562 696 2554 
1457 4 0 2665 1405 1919 2444 
1458 4 0 2904 2559 2246 598 
1459 4 0 1721 2904 2559 2246 
1460 4 0 1700 3326 3060 696 
1461 4 0 3326 3060 696 834 
1462 4 0 2348 451 498 2714 
1463 4 0 1219 835 479 2344 
1464 4 0 2160 3360 1644 2714 
1465 4 0 1940 644 674 1941 
1466 4 0 2462 3021 510 1245 
1467 4 0 1636 3271 1264 2237 
1468 4 0 4361 2994 1793 417 
1469 4 0 1941 3512 3545 363 
1470 4 0 3234 1077 1825 3483 
1471 4 0 1077 952 3234 1825 
1472 4 0 653 2048 711 2422 
1473 4 0 1471 170 148 589 
1474 4 0 2422 2048 643 1744 
1475 4 0 2753 789 948 3471 
1476 4 0 1890 2915 2987 4427 
1477 4 0 2475 1197 616 422 
1478 4 0 2475 1197 4133 616 
1479 4 0 1774 444 2198 2145 
1480 4 0 2151 3571 1888 2040 
1481 4 0 1418 2341 4036 349 
1482 4 0 1878 760 703 404 
1483 4 0 1928 2345 3084 616 
1484 4 0 764 2352 1881 458 
1485 4 0 1405 2173 1969 3327 
1486 4 0 2131 1934 1776 2366 
1487 4 0 720 473 2946 1339 
1488 4 0 2455 1776 2791 2974 
1489 4 0 2141 1969 2336 2548 
1490 4 0 2141 2336 1969 3440 
1491 4 0 1737 2714 1741 2206 
1492 4 0 3392 2714 1737 2206 
1493 4 0 2360 2674 3680 4106 
1494 4 0 3680 2746 871 2360 
1495 4 0 2746 4106 2360 3680 
1496 4 0 4590 3225 285 2262 
1497 4 0 2262 4590 3225 3188 
1498 4 0 373 763 908 920 
1499 4 0 541 2379 2160 857 
1500 4 0 838 2283 2561 2228 
1501 4 0 2361 1931 527 3114 
1502 4 0 4496 4171 4324 3924 
1503 4 0 422 2802 2325 2475 
1504 4 0 399 984 921 3924 
1505 4 0 984 3478 399 923 
1506 4 0 2718 1594 2313 2168 
1507 4 0 1251 2838 2842 1252 
1508 4 0 2838 1969 2173 1252 
1509 4 0 842 2373 1246 466 
1510 4 0 3177 2256 1251 1405 
1511 4 0 1405 1969 2173 2838 
1512 4 0 1513 642 2676 4297 
1513 4 0 1441 3166 3357 3653 
1514 4 0 2955 2220 1249 1244 
1515 4 0 3166 2823 2659 3653 
1516 4 0 1261 1498 3399 2224 
1517 4 0 2193 1261 2224 1498 
1518 4 0 1167 763 2951 2431 
1519 4 0 1448 4089 2868 565 
1520 4 0 3197 922 1315 599 
1521 4 0 2023 2757 2536 2597 
1522 4 0 1255 832 429 1392 
1523 4 0 2807 872 486 428 
1524 4 0 2705 373 2002 2005 
1525 4 0 486 2807 2295 872 
1526 4 0 2027 2064 3441 3770 
1527 4 0 920 1766 3022 2181 
1528 4 0 1942 1145 631 1202 
1529 4 0 2249 2795 2267 2503 
1530 4 0 2088 2974 1934 4104 
1531 4 0 2503 2249 1174 2177 
1532 4 0 2249 1174 2795 2503 
1533 4 0 2177 2249 1174 825 
1534 4 0 2134 380 1315 2662 
1535 4 0 1315 2550 2662 1745 
1536 4 0 2759 1427 495 2787 
1537 4 0 2342 2842 3668 691 
1538 4 0 2592 3066 1000 3608 
1539 4 0 2759 2757 1427 2514 
1540 4 0 636 2030 610 3172 
1541 4 0 832 1889 2164 2805 
1542 4 0 2164 2957 1256 2805 
1543 4 0 1150 3608 1000 3066 
1544 4 0 2385 2957 2164 2805 
1545 4 0 815 4602 4457 4119 
1546 4 0 398 1958 2645 2858 
1547 4 0 1492 2858 2356 398 
1548 4 0 3517 4171 395 1248 
1549 4 0 1398 2799 925 2899 
1550 4 0 2859 1790 579 692 
1551 4 0 729 705 1260 1790 
1552 4 0 729 692 1790 2859 
1553 4 0 705 1790 692 579 
1554 4 0 729 692 705 1790 
1555 4 0 2290 2093 2696 333 
1556 4 0 2246 918 598 2626 
1557 4 0 598 918 2179 2626 
1558 4 0 2646 4364 3910 4365 
1559 4 0 1745 2031 2166 3614 
1560 4 0 2829 4446 580 576 
1561 4 0 2662 380 1315 2031 
1562 4 0 3482 587 2240 2455 
1563 4 0 3903 3614 681 1745 
1564 4 0 4398 2980 3592 2899 
1565 4 0 2980 3279 3592 2899 
1566 4 0 2194 3955 528 2028 
1567 4 0 2217 1683 2348 374 
1568 4 0 2421 3225 2057 1814 
1569 4 0 2291 937 2758 2365 
1570 4 0 3708 4253 2914 2667 
1571 4 0 1249 2220 1248 1244 
1572 4 0 1306 2220 1244 1248 
1573 4 0 3347 4253 2914 3708 
1574 4 0 1243 1476 2568 813 
1575 4 0 1243 2568 865 2223 
1576 4 0 1980 2245 2675 2848 
1577 4 0 3395 2971 1640 738 
1578 4 0 2353 2152 922 1744 
1579 4 0 2055 1814 4521 2627 
1580 4 0 162 2781 4334 4294 
1581 4 0 1180 4314 1652 3042 
1582 4 0 933 2796 2920 2638 
1583 4 0 3209 2023 4066 2522 
1584 4 0 2946 473 2858 1339 
1585 4 0 1894 480 1252 2175 
1586 4 0 1251 2175 1894 1252 
1587 4 0 177 195 2929 194 
1588 4 0 617 1273 1272 1237 
1589 4 0 1801 2925 3099 4340 
1590 4 0 1306 523 2912 2432 
1591 4 0 3575 1309 1644 4415 
1592 4 0 2462 523 1306 2432 
1593 4 0 2244 2677 2335 644 
1594 4 0 4509 826 670 764 
1595 4 0 1734 1607 1733 3194 
1596 4 0 428 872 486 2551 
1597 4 0 776 712 2352 3867 
1598 4 0 1929 2259 1197 2409 
1599 4 0 2269 450 2343 890 
1600 4 0 2269 450 890 2506 
1601 4 0 1174 498 3929 553 
1602 4 0 860 450 2506 890 
1603 4 0 4589 371 847 2799 
1604 4 0 2260 533 2799 3637 
1605 4 0 2082 2134 2179 2006 
1606 4 0 3249 2991 528 526 
1607 4 0 1304 2531 3049 656 
1608 4 0 1958 4036 1269 2034 
1609 4 0 508 3073 3924 1575 
1610 4 0 2675 1926 4261 2633 
1611 4 0 3146 2675 2245 1926 
1612 4 0 3612 1971 4270 430 
1613 4 0 4261 2675 1980 3146 
1614 4 0 3515 3042 2072 1652 
1615 4 0 2867 2072 1652 4022 
1616 4 0 2072 4022 3515 1652 
1617 4 0 1928 3009 1489 1925 
1618 4 0 2557 2188 1261 1260 
1619 4 0 4369 619 2752 1524 
1620 4 0 2557 2188 2638 2522 
1621 4 0 478 195 213 1107 
1622 4 0 3605 2841 2223 3195 
1623 4 0 2564 2480 2145 656 
1624 4 0 1793 2994 368 2405 
1625 4 0 2403 2145 2480 2263 
1626 4 0 746 3959 2035 3251 
1627 4 0 2523 769 1721 2559 
1628 4 0 3959 746 2035 3228 
1629 4 0 2583 2243 2090 2786 
1630 4 0 2786 2243 922 1747 
1631 4 0 2090 2786 922 2329 
1632 4 0 4481 478 1107 2929 
1633 4 0 3122 2450 2089 677 
1634 4 0 3485 2135 2801 4449 
1635 4 0 3542 1321 1920 2282 
1636 4 0 1243 2212 2568 1476 
1637 4 0 460 2520 671 4450 
1638 4 0 835 2122 2578 3073 
1639 4 0 1932 2157 2216 3993 
1640 4 0 839 25 937 846 
1641 4 0 1266 2260 2382 2217 
1642 4 0 1824 2658 1777 3125 
1643 4 0 2 2100 909 2234 
1644 4 0 506 3755 4012 4351 
1645 4 0 681 618 2982 2513 
1646 4 0 681 2513 3614 3789 
1647 4 0 3903 681 2662 1745 
1648 4 0 4370 521 2554 562 
1649 4 0 2982 681 2513 2662 
1650 4 0 681 2513 3789 618 
1651 4 0 1248 2432 2462 1306 
1652 4 0 2462 4216 2432 1248 
1653 4 0 2077 2408 1939 2770 
1654 4 0 2770 2408 1939 1937 
1655 4 0 314 328 2221 2527 
1656 4 0 1225 33 44 22 
1657 4 0 1937 3485 2905 2203 
1658 4 0 2915 1741 380 2031 
1659 4 0 2711 2915 380 2031 
1660 4 0 2915 1741 2031 2172 
1661 4 0 1550 1637 1583 1125 
1662 4 0 2714 968 1741 2686 
1663 4 0 2883 740 4022 2867 
1664 4 0 1653 740 4022 2883 
1665 4 0 1740 2407 553 1956 
1666 4 0 1215 1738 487 2207 
1667 4 0 1182 1738 487 1215 
1668 4 0 1587 1215 2184 2207 
1669 4 0 3741 2686 2540 1797 
1670 4 0 3906 3445 3601 2955 
1671 4 0 2202 468 2001 3333 
1672 4 0 4590 300 2874 432 
1673 4 0 2984 2316 2219 2103 
1674 4 0 2499 3741 2535 2927 
1675 4 0 644 2244 2871 1418 
1676 4 0 1565 2212 1169 1476 
1677 4 0 2030 4369 1994 619 
1678 4 0 3143 2754 2399 2361 
1679 4 0 2569 2622 2230 4271 
1680 4 0 2397 448 860 547 
1681 4 0 2581 2026 2483 2780 
1682 4 0 432 477 334 2224 
1683 4 0 831 2345 1881 826 
1684 4 0 1706 2622 2230 2569 
1685 4 0 3043 2611 477 1270 
1686 4 0 3043 2611 1270 2236 
1687 4 0 2742 2073 1535 3276 
1688 4 0 38 2758 2365 3395 
1689 4 0 2213 1400 2802 516 
1690 4 0 3106 3525 2993 2547 
1691 4 0 505 4195 3657 3820 
1692 4 0 4491 3173 4249 1601 
1693 4 0 3283 2226 2343 2247 
1694 4 0 890 2364 2343 2269 
1695 4 0 2027 2716 3630 1945 
1696 4 0 448 3857 3355 2616 
1697 4 0 3786 2972 3355 860 
1698 4 0 4138 1882 981 3297 
1699 4 0 619 2007 1994 3734 
1700 4 0 1994 619 4369 2007 
1701 4 0 981 3297 1882 621 
1702 4 0 484 1250 400 2019 
1703 4 0 3827 2718 1594 1840 
1704 4 0 4138 1922 981 1882 
1705 4 0 2415 1492 2858 2477 
1706 4 0 1675 1840 1594 2718 
1707 4 0 499 2827 628 369 
1708 4 0 1771 3193 393 2250 
1709 4 0 3132 3341 3193 393 
1710 4 0 2259 519 428 1892 
1711 4 0 2292 2196 1439 2597 
1712 4 0 1734 370 850 1750 
1713 4 0 4046 3230 3373 2467 
1714 4 0 2833 1188 3535 4267 
1715 4 0 1734 370 1750 1733 
1716 4 0 2906 2202 2072 379 
1717 4 0 2072 2202 2906 2718 
1718 4 0 428 872 2164 1250 
1719 4 0 864 2268 525 3525 
1720 4 0 2196 2292 2208 2597 
1721 4 0 759 2399 2882 4451 
1722 4 0 3741 2927 2499 2987 
1723 4 0 3337 2831 1524 2007 
1724 4 0 1323 2122 1642 1540 
1725 4 0 593 610 619 2030 
1726 4 0 2998 2220 2955 1244 
1727 4 0 2315 1244 2998 2604 
1728 4 0 1853 390 1967 205 
1729 4 0 2145 655 405 2215 
1730 4 0 655 2215 654 405 
1731 4 0 1919 2141 2665 2127 
1732 4 0 2239 487 2207 2184 
1733 4 0 3693 2483 547 2397 
1734 4 0 1872 1683 1518 3928 
1735 4 0 1683 2348 1872 1518 
1736 4 0 2765 1897 376 543 
1737 4 0 3292 2289 4379 1997 
1738 4 0 1243 813 2568 2223 
1739 4 0 2841 998 2912 3195 
1740 4 0 511 2885 954 1244 
1741 4 0 954 511 2841 2885 
1742 4 0 394 462 2675 2749 
1743 4 0 201 1209 3861 185 
1744 4 0 1247 466 2516 842 
1745 4 0 466 2516 2256 3653 
1746 4 0 1258 2263 2145 2403 
1747 4 0 444 2403 1258 2145 
1748 4 0 3146 4261 2675 1926 
1749 4 0 3104 908 2478 609 
1750 4 0 668 1636 3272 2756 
1751 4 0 3424 2585 2548 614 
1752 4 0 2756 3108 668 1636 
1753 4 0 3333 609 1103 3104 
1754 4 0 3481 3250 3726 3913 
1755 4 0 3333 609 2747 454 
1756 4 0 1350 3353 429 2556 
1757 4 0 2422 711 642 2663 
1758 4 0 1822 1749 1257 401 
1759 4 0 401 2385 1257 2274 
1760 4 0 1822 401 1257 2274 
1761 4 0 2006 2082 662 3314 
1762 4 0 2006 2082 450 662 
1763 4 0 1103 3201 2995 3104 
1764 4 0 699 2904 999 700 
1765 4 0 2004 2251 2765 3262 
1766 4 0 2198 2145 1258 1259 
1767 4 0 1151 2474 1676 1148 
1768 4 0 2145 1768 2489 2129 
1769 4 0 2973 1655 1448 3184 
1770 4 0 1452 3987 701 662 
1771 4 0 1452 662 701 1151 
1772 4 0 1151 3214 1148 1676 
1773 4 0 2393 2523 769 378 
1774 4 0 1152 543 699 807 
1775 4 0 1277 2169 1246 1276 
1776 4 0 389 1561 2169 1276 
1777 4 0 2192 1435 2100 849 
1778 4 0 1897 1435 2192 2751 
1779 4 0 2603 1930 2077 1501 
1780 4 0 1946 2043 2281 3103 
1781 4 0 2281 2149 1946 3103 
1782 4 0 4076 2765 3370 2625 
1783 4 0 606 93 3227 629 
1784 4 0 629 632 3227 606 
1785 4 0 699 808 807 2904 
1786 4 0 2833 643 2663 3258 
1787 4 0 807 2904 808 2834 
1788 4 0 810 1148 3214 1676 
1789 4 0 1935 2874 2536 2208 
1790 4 0 2989 1518 3313 857 
1791 4 0 1498 2023 2536 2597 
1792 4 0 2736 1108 2174 1496 
1793 4 0 909 2116 2051 2312 
1794 4 0 2778 3844 3542 3949 
1795 4 0 2778 4036 1648 3949 
1796 4 0 498 2073 2709 2699 
1797 4 0 3101 516 2802 4527 
1798 4 0 4461 2139 4466 4594 
1799 4 0 2512 3447 1762 160 
1800 4 0 1735 2298 1879 2584 
1801 4 0 4527 2325 2802 2475 
1802 4 0 870 4075 4008 545 
1803 4 0 2044 2747 3541 3333 
1804 4 0 439 320 351 360 
1805 4 0 431 654 634 2043 
1806 4 0 2807 428 1250 872 
1807 4 0 1242 3093 607 3689 
1808 4 0 3803 658 2125 1242 
1809 4 0 3328 4044 1500 3803 
1810 4 0 3786 462 2972 860 
1811 4 0 881 3786 3355 860 
1812 4 0 1105 2747 3541 2044 
1813 4 0 4248 4514 2787 495 
1814 4 0 2140 3779 2388 1282 
1815 4 0 3194 1238 1283 3155 
1816 4 0 788 1996 2999 3234 
1817 4 0 2249 1737 498 1741 
1818 4 0 780 771 770 3199 
1819 4 0 1559 513 3199 512 
1820 4 0 1157 421 782 162 
1821 4 0 1559 1977 781 512 
1822 4 0 2332 2273 3252 2179 
1823 4 0 2633 2749 2675 462 
1824 4 0 2795 1628 2503 1174 
1825 4 0 4586 4601 4547 2042 
1826 4 0 3575 1644 2160 2499 
1827 4 0 3786 164 195 177 
1828 4 0 2603 442 2077 385 
1829 4 0 385 1939 442 2077 
1830 4 0 2292 432 2466 3675 
1831 4 0 2454 2100 2427 1961 
1832 4 0 2246 2904 598 918 
1833 4 0 3211 3411 1608 3915 
1834 4 0 1933 494 1936 1003 
1835 4 0 3468 1263 1253 2316 
1836 4 0 617 3109 748 4368 
1837 4 0 1263 2316 3468 2314 
1838 4 0 799 2885 1244 954 
1839 4 0 2043 2281 1586 1302 
1840 4 0 71 370 693 81 
1841 4 0 484 2426 1250 2019 
1842 4 0 652 2493 624 1379 
1843 4 0 466 1247 2062 2392 
1844 4 0 3772 2316 1263 2314 
1845 4 0 395 2276 1248 651 
1846 4 0 4216 395 2276 1248 
1847 4 0 2143 252 2828 2195 
1848 4 0 2143 2620 2828 252 
1849 4 0 2372 2255 691 1790 
1850 4 0 2652 2395 448 3355 
1851 4 0 2149 2716 2651 1945 
1852 4 0 2255 691 932 2372 
1853 4 0 2342 688 1379 932 
1854 4 0 1171 147 4438 814 
1855 4 0 523 2187 3859 3836 
1856 4 0 1306 1248 2432 2276 
1857 4 0 1387 2326 1460 3914 
1858 4 0 2172 3836 2187 523 
1859 4 0 2040 1248 2462 1249 
1860 4 0 3441 4376 2182 4379 
1861 4 0 2051 1587 749 1215 
1862 4 0 1240 2310 2176 1283 
1863 4 0 333 1553 2093 2055 
1864 4 0 2315 2885 1244 3231 
1865 4 0 506 185 1059 169 
1866 4 0 2354 2302 2231 367 
1867 4 0 2302 367 4362 2231 
1868 4 0 3755 2321 2624 550 
1869 4 0 1059 505 814 1123 
1870 4 0 3160 4061 3414 1237 
1871 4 0 169 814 506 3861 
1872 4 0 1124 148 1178 2624 
1873 4 0 1928 3009 2317 1881 
1874 4 0 3009 669 2317 1881 
1875 4 0 3009 669 1881 1048 
1876 4 0 644 2939 2244 2905 
1877 4 0 2244 2939 2858 2905 
1878 4 0 1632 1341 1061 526 
1879 4 0 2249 2073 2501 1736 
1880 4 0 2202 2001 2294 2747 
1881 4 0 619 610 4357 637 
1882 4 0 929 2493 960 3492 
1883 4 0 2010 3022 920 3265 
1884 4 0 929 652 2493 3492 
1885 4 0 1448 2868 4089 3184 
1886 4 0 4605 4089 2868 3184 
1887 4 0 3904 4599 2973 3184 
1888 4 0 987 844 76 80 
1889 4 0 987 371 1736 260 
1890 4 0 1958 2139 685 2394 
1891 4 0 390 2637 1967 1181 
1892 4 0 1958 2744 2139 2394 
1893 4 0 1248 4216 395 3517 
1894 4 0 717 275 1827 526 
1895 4 0 2310 2265 3379 1526 
1896 4 0 2668 3174 2134 2662 
1897 4 0 3522 3174 2134 2668 
1898 4 0 2106 363 620 2130 
1899 4 0 1376 2145 2263 2480 
1900 4 0 2050 2268 2256 525 
1901 4 0 3604 3106 3880 4032 
1902 4 0 1961 3036 1145 3118 
1903 4 0 2043 2391 1302 654 
1904 4 0 4420 1126 2943 1299 
1905 4 0 461 673 2408 1350 
1906 4 0 3090 2088 581 4515 
1907 4 0 2385 2802 2213 3157 
1908 4 0 2802 3334 2722 2213 
1909 4 0 4197 3857 4301 2616 
1910 4 0 2038 677 1897 2192 
1911 4 0 3091 1935 2815 2874 
1912 4 0 3440 2141 1932 2350 
1913 4 0 2141 3440 2127 2350 
1914 4 0 555 1575 2563 406 
1915 4 0 3079 406 555 1254 
1916 4 0 3314 2082 1676 2474 
1917 4 0 2023 2757 2240 2536 
1918 4 0 895 3445 2955 3601 
1919 4 0 3152 579 1999 2791 
1920 4 0 285 2262 3225 302 
1921 4 0 3345 895 2307 1689 
1922 4 0 1944 2026 734 2862 
1923 4 0 2059 1113 2862 2027 
1924 4 0 237 418 1119 211 
1925 4 0 2263 1258 1259 2238 
1926 4 0 2220 2276 1248 1306 
1927 4 0 1315 1745 922 2550 
1928 4 0 4216 2276 2432 1248 
1929 4 0 1747 922 2591 2243 
1930 4 0 2828 2281 3130 2835 
1931 4 0 3845 3457 1616 2021 
1932 4 0 4238 3961 3289 4042 
1933 4 0 2080 3328 637 4357 
1934 4 0 2004 56 2225 3588 
1935 4 0 1226 3714 39 53 
1936 4 0 838 1398 2283 2228 
1937 4 0 3608 2550 3223 2668 
1938 4 0 2283 2799 2382 2228 
1939 4 0 1398 2799 2283 2228 
1940 4 0 3874 1559 513 1195 
1941 4 0 2175 1261 1262 3210 
1942 4 0 1856 2583 2864 2786 
1943 4 0 1239 1273 3507 1237 
1944 4 0 1238 3507 1237 1239 
1945 4 0 4411 1655 2951 3521 
1946 4 0 3521 4411 564 2951 
1947 4 0 2176 377 2639 2285 
1948 4 0 2636 4089 2586 1167 
1949 4 0 1906 4231 3774 2709 
1950 4 0 2548 493 1969 2336 
1951 4 0 4206 1845 2101 1593 
1952 4 0 110 989 149 2964 
1953 4 0 2895 2679 2196 2443 
1954 4 0 3605 998 990 997 
1955 4 0 1907 3859 2964 989 
1956 4 0 16 2327 841 26 
1957 4 0 964 2073 498 2249 
1958 4 0 2604 3231 2315 1244 
1959 4 0 755 3530 1975 1350 
1960 4 0 2142 3262 3790 62 
1961 4 0 2674 1927 3680 2081 
1962 4 0 2513 2662 2031 380 
1963 4 0 1360 374 3413 1356 
1964 4 0 2711 2031 380 2513 
1965 4 0 1341 257 1354 3438 
1966 4 0 242 1341 4097 1061 
1967 4 0 2085 2373 2071 1601 
1968 4 0 2361 1340 3917 4016 
1969 4 0 2171 811 2892 3583 
1970 4 0 2375 2240 1935 2191 
1971 4 0 2493 2342 652 2062 
1972 4 0 2062 2342 652 2376 
1973 4 0 1849 3405 2263 4211 
1974 4 0 1265 1376 2489 2145 
1975 4 0 511 2432 2912 2637 
1976 4 0 1817 1440 1388 4065 
1977 4 0 3694 1440 1388 1817 
1978 4 0 1988 1833 2174 1241 
1979 4 0 466 2516 842 2256 
1980 4 0 1945 633 2149 2716 
1981 4 0 2519 2149 633 2716 
1982 4 0 2519 2620 3319 2149 
1983 4 0 1503 2232 3708 2667 
1984 4 0 1350 429 3499 673 
1985 4 0 1182 2378 1503 2667 
1986 4 0 3294 2043 654 431 
1987 4 0 1972 3056 3037 1712 
1988 4 0 636 3507 1992 1273 
1989 4 0 2824 3991 3085 2243 
1990 4 0 1853 390 511 1967 
1991 4 0 2281 2149 3130 2835 
1992 4 0 1888 3070 1355 2856 
1993 4 0 4364 624 914 2194 
1994 4 0 1889 2164 2385 1257 
1995 4 0 2602 2026 1113 3365 
1996 4 0 2569 4271 2230 2990 
1997 4 0 1330 3025 3087 2594 
1998 4 0 2675 3211 3554 486 
1999 4 0 2145 2263 1259 1265 
2000 4 0 1265 2263 1259 2238 
2001 4 0 285 4448 411 281 
2002 4 0 2638 3105 1189 1208 
2003 4 0 1518 1872 3928 1816 
2004 4 0 2388 2140 512 3779 
2005 4 0 2124 2479 979 709 
2006 4 0 3194 1526 2176 1735 
2007 4 0 1253 1263 2237 2316 
2008 4 0 2895 412 2443 2196 
2009 4 0 2634 412 2196 2443 
2010 4 0 786 1825 1996 3234 
2011 4 0 2710 1213 3242 2909 
2012 4 0 2255 689 579 1790 
2013 4 0 3554 1462 3892 2016 
2014 4 0 940 938 392 3242 
2015 4 0 3922 2664 972 4607 
2016 4 0 151 172 4225 934 
2017 4 0 1211 183 207 941 
2018 4 0 1872 2714 1518 2348 
2019 4 0 2513 452 3288 2510 
2020 4 0 3570 940 4225 392 
2021 4 0 2421 2131 1024 362 
2022 4 0 2665 2368 614 1919 
2023 4 0 1814 2131 1024 2421 
2024 4 0 2745 2002 1628 1174 
2025 4 0 339 2324 1661 350 
2026 4 0 1267 2324 445 1548 
2027 4 0 2247 2343 2082 1207 
2028 4 0 1474 4541 3769 4532 
2029 4 0 486 3554 2295 3211 
2030 4 0 2295 872 3554 486 
2031 4 0 1621 1394 406 2309 
2032 4 0 2543 2205 614 2585 
2033 4 0 1156 1544 1143 1227 
2034 4 0 2777 2051 2116 1506 
2035 4 0 2445 1583 1474 2219 
2036 4 0 550 2022 2528 3351 
2037 4 0 3351 2022 2452 2886 
2038 4 0 1484 527 833 1436 
2039 4 0 610 3172 1399 2053 
2040 4 0 707 3632 3864 2211 
2041 4 0 2211 687 2233 3864 
2042 4 0 2705 2795 1628 2503 
2043 4 0 2263 1259 1258 2145 
2044 4 0 2275 3619 3575 3018 
2045 4 0 427 459 764 2352 
2046 4 0 3981 396 3691 1612 
2047 4 0 1612 3981 396 2132 
2048 4 0 2510 3020 1924 3609 
2049 4 0 3425 2072 2326 3125 
2050 4 0 2504 2272 1406 2417 
2051 4 0 3556 3357 525 3653 
2052 4 0 3499 1350 461 2754 
2053 4 0 2072 2326 3125 2223 
2054 4 0 2354 2758 4293 367 
2055 4 0 2617 410 2065 760 
2056 4 0 1878 760 1456 2617 
2057 4 0 710 1711 1331 3565 
2058 4 0 857 3022 920 2217 
2059 4 0 3117 2454 2186 2820 
2060 4 0 2454 3117 2186 3753 
2061 4 0 2955 2886 2476 4151 
2062 4 0 855 835 3906 4055 
2063 4 0 672 748 3864 1 
2064 4 0 2560 579 1776 2791 
2065 4 0 409 494 1328 3736 
2066 4 0 2605 1869 2615 3363 
2067 4 0 1068 2354 1070 481 
2068 4 0 2139 4071 1548 2788 
2069 4 0 1330 1569 812 2490 
2070 4 0 1833 658 2174 1241 
2071 4 0 2139 4071 1264 1548 
2072 4 0 842 2373 2321 1246 
2073 4 0 446 2341 2910 361 
2074 4 0 3743 1546 1283 3155 
2075 4 0 658 1833 638 1241 
2076 4 0 3327 4343 2548 1573 
2077 4 0 2573 1264 3922 3277 
2078 4 0 446 2341 1418 2910 
2079 4 0 860 3046 2506 450 
2080 4 0 3288 452 3620 3284 
2081 4 0 3095 1815 3050 1970 
2082 4 0 1229 34 1225 44 
2083 4 0 3958 3406 3843 4382 
2084 4 0 2192 803 2751 9 
2085 4 0 3274 77 2541 2453 
2086 4 0 396 1748 1612 2132 
2087 4 0 1237 1750 2817 370 
2088 4 0 844 80 73 841 
2089 4 0 824 476 1270 3043 
2090 4 0 841 80 76 844 
2091 4 0 841 76 68 851 
2092 4 0 844 76 841 851 
2093 4 0 998 3605 3195 2841 
2094 4 0 1739 2310 787 2161 
2095 4 0 3859 998 2912 2964 
2096 4 0 511 2733 2912 2841 
2097 4 0 2990 2230 1677 4271 
2098 4 0 2122 3957 1436 2158 
2099 4 0 1436 2158 1484 2122 
2100 4 0 2752 619 4369 593 
2101 4 0 2675 486 394 4064 
2102 4 0 1179 2912 523 2432 
2103 4 0 2187 3859 2912 523 
2104 4 0 1244 550 2528 2998 
2105 4 0 1546 1833 1283 1108 
2106 4 0 2425 1140 3926 974 
2107 4 0 1239 2174 1283 1833 
2108 4 0 1060 806 2305 3693 
2109 4 0 1060 4380 3693 2305 
2110 4 0 3194 1526 1283 2176 
2111 4 0 1372 1996 661 2503 
2112 4 0 2503 661 3234 1996 
2113 4 0 4069 4458 3932 4063 
2114 4 0 3073 1575 3067 2563 
2115 4 0 830 3053 2563 2879 
2116 4 0 929 3508 652 3492 
2117 4 0 3508 2991 652 3492 
2118 4 0 3820 505 1450 2521 
2119 4 0 2709 964 3276 2073 
2120 4 0 1450 814 505 4190 
2121 4 0 1733 1073 2889 1238 
2122 4 0 3561 2490 607 1561 
2123 4 0 2115 1237 3414 1847 
2124 4 0 1919 2141 614 2665 
2125 4 0 2573 406 1253 2855 
2126 4 0 579 2255 2366 1999 
2127 4 0 424 4166 2337 1495 
2128 4 0 3087 709 2124 979 
2129 4 0 3294 1748 1772 1773 
2130 4 0 3294 1773 1772 2043 
2131 4 0 1748 1772 2204 2132 
2132 4 0 432 2874 858 2292 
2133 4 0 2870 2268 2157 491 
2134 4 0 4366 2157 1484 2350 
2135 4 0 1448 565 2868 4411 
2136 4 0 783 1988 1241 542 
2137 4 0 783 542 1241 2125 
2138 4 0 4028 4280 3114 4478 
2139 4 0 3058 3168 585 3424 
2140 4 0 4527 3529 2475 4133 
2141 4 0 1063 3267 4365 2439 
2142 4 0 1418 644 2244 2689 
2143 4 0 4365 3267 524 2439 
2144 4 0 870 1486 2373 3357 
2145 4 0 2286 1486 870 3688 
2146 4 0 425 3612 3571 1254 
2147 4 0 658 637 1274 2524 
2148 4 0 1768 1948 2531 620 
2149 4 0 3608 450 2668 3223 
2150 4 0 3197 922 2152 2243 
2151 4 0 1736 371 1398 260 
2152 4 0 2249 964 2073 1736 
2153 4 0 1736 2073 2674 991 
2154 4 0 2275 2499 3575 857 
2155 4 0 1510 1503 1182 1509 
2156 4 0 2174 1988 2643 1496 
2157 4 0 1754 1378 1753 2971 
2158 4 0 1545 1388 3694 1440 
2159 4 0 3288 1440 3436 3789 
2160 4 0 4292 815 2388 1013 
2161 4 0 2388 815 4292 1282 
2162 4 0 1249 2462 2040 2151 
2163 4 0 2121 1249 2040 2151 
2164 4 0 2252 1747 2591 2243 
2165 4 0 1642 4458 1540 3932 
2166 4 0 2255 578 932 1379 
2167 4 0 3903 2243 922 2550 
2168 4 0 691 932 1379 2255 
2169 4 0 3932 4458 1540 4063 
2170 4 0 1644 2540 2499 3575 
2171 4 0 1522 1245 3727 3021 
2172 4 0 2313 2533 2446 2168 
2173 4 0 3668 1790 4094 2146 
2174 4 0 2698 598 3212 2904 
2175 4 0 1998 3612 1256 407 
2176 4 0 1215 1182 2165 2311 
2177 4 0 3612 425 1998 1256 
2178 4 0 250 497 1543 4081 
2179 4 0 2559 2904 3212 598 
2180 4 0 2462 2151 1888 2040 
2181 4 0 2121 2151 2040 3571 
2182 4 0 3722 376 417 1995 
2183 4 0 1642 3121 712 1540 
2184 4 0 4458 3121 1642 1540 
2185 4 0 375 417 1874 1995 
2186 4 0 2063 1995 376 3722 
2187 4 0 1642 3140 712 3121 
2188 4 0 1239 1992 1273 658 
2189 4 0 2030 610 637 636 
2190 4 0 4061 370 1847 1237 
2191 4 0 2460 2255 2543 2366 
2192 4 0 1005 683 2013 3278 
2193 4 0 2206 2714 1741 3041 
2194 4 0 2714 2686 1741 3041 
2195 4 0 2122 1642 507 3908 
2196 4 0 3301 1578 3856 1432 
2197 4 0 1330 2594 4259 2212 
2198 4 0 403 1414 3114 3923 
2199 4 0 1440 1545 1388 509 
2200 4 0 381 382 3513 3016 
2201 4 0 985 4216 2276 390 
2202 4 0 3164 1376 1265 2263 
2203 4 0 2583 2152 1368 1857 
2204 4 0 2432 4216 390 2276 
2205 4 0 381 382 1482 3513 
2206 4 0 2261 2184 3069 2777 
2207 4 0 1545 3476 2330 2323 
2208 4 0 3097 1834 3069 2184 
2209 4 0 1427 2240 1936 2375 
2210 4 0 3820 1450 1569 2521 
2211 4 0 3097 2184 3069 2261 
2212 4 0 2521 1569 1330 2490 
2213 4 0 2213 4555 1136 516 
2214 4 0 1881 1489 2352 1928 
2215 4 0 2021 3243 1839 3155 
2216 4 0 1283 3155 1546 1108 
2217 4 0 4182 2213 4555 1136 
2218 4 0 2736 2265 1108 1496 
2219 4 0 820 1609 3744 2053 
2220 4 0 2842 691 2342 729 
2221 4 0 2171 3608 1150 448 
2222 4 0 3126 2643 812 2110 
2223 4 0 2558 3156 509 1023 
2224 4 0 2083 2110 542 3126 
2225 4 0 1735 1879 3155 2584 
2226 4 0 661 377 3427 2502 
2227 4 0 2391 1946 1785 1947 
2228 4 0 3095 335 3092 1815 
2229 4 0 2043 1946 2391 1947 
2230 4 0 813 2297 2949 787 
2231 4 0 3351 479 2955 2998 
2232 4 0 2805 1256 2164 832 
2233 4 0 1215 1182 2311 2261 
2234 4 0 3134 3016 3513 382 
2235 4 0 3155 3194 1879 1735 
2236 4 0 2202 1594 2168 2533 
2237 4 0 1473 944 2310 1076 
2238 4 0 406 602 1253 2855 
2239 4 0 1621 3241 406 2855 
2240 4 0 2189 1261 2224 3196 
2241 4 0 555 602 1253 406 
2242 4 0 617 3507 3172 636 
2243 4 0 1847 1733 1237 370 
2244 4 0 3772 3628 1815 2316 
2245 4 0 705 2538 1790 579 
2246 4 0 1260 1790 705 2557 
2247 4 0 3707 3901 2817 58 
2248 4 0 1776 705 692 579 
2249 4 0 3399 2236 2189 2611 
2250 4 0 3788 3694 1545 1388 
2251 4 0 3622 3295 3435 3497 
2252 4 0 2242 2905 1940 415 
2253 4 0 1941 2871 2677 3512 
2254 4 0 1853 985 2276 390 
2255 4 0 4357 1622 658 1992 
2256 4 0 448 450 890 2171 
2257 4 0 2213 2385 3157 2274 
2258 4 0 491 490 3525 3400 
2259 4 0 2470 672 748 1106 
2260 4 0 3073 3329 1575 508 
2261 4 0 2268 2256 3525 490 
2262 4 0 3135 1569 1074 4439 
2263 4 0 1249 3073 2476 1575 
2264 4 0 1405 1251 3177 2838 
2265 4 0 1496 1465 1618 2020 
2266 4 0 2790 382 2697 1023 
2267 4 0 1179 774 1522 4347 
2268 4 0 523 2432 1245 1179 
2269 4 0 2897 3079 1575 1254 
2270 4 0 4575 664 2916 3525 
2271 4 0 2628 2663 711 1113 
2272 4 0 4039 3885 1749 1748 
2273 4 0 4323 1023 3156 3450 
2274 4 0 707 1585 3632 2211 
2275 4 0 187 421 200 1089 
2276 4 0 1973 2245 2391 2281 
2277 4 0 2067 2812 3457 2029 
2278 4 0 815 4457 1088 1089 
2279 4 0 4249 550 4168 2022 
2280 4 0 507 479 2003 2122 
2281 4 0 2736 1496 2174 2643 
2282 4 0 2401 3801 593 4368 
2283 4 0 2511 2228 2799 847 
2284 4 0 533 2511 2799 847 
2285 4 0 2490 3561 607 1242 
2286 4 0 1863 3957 3067 1591 
2287 4 0 3957 3329 733 3067 
2288 4 0 3183 3083 1086 3342 
2289 4 0 3183 3083 4538 1086 
2290 4 0 1498 2597 2874 2292 
2291 4 0 1282 3342 3083 3183 
2292 4 0 1330 2490 865 2521 
2293 4 0 783 1330 812 2490 
2294 4 0 2913 2333 1909 1455 
2295 4 0 1455 3918 1973 4006 
2296 4 0 2336 492 4176 560 
2297 4 0 1378 1372 2541 2453 
2298 4 0 1548 2139 685 1264 
2299 4 0 2697 567 2218 381 
2300 4 0 2335 1941 2677 3545 
2301 4 0 969 3162 1449 601 
2302 4 0 2335 3545 2677 2463 
2303 4 0 1992 1622 1239 3507 
2304 4 0 1622 608 1239 3507 
2305 4 0 3015 2686 2919 380 
2306 4 0 3965 2927 2954 3046 
2307 4 0 2939 2858 1650 2946 
2308 4 0 2152 2048 922 1744 
2309 4 0 2202 379 2906 468 
2310 4 0 468 379 3333 2202 
2311 4 0 372 1585 2907 1144 
2312 4 0 2220 2315 1306 1244 
2313 4 0 1621 4009 2573 1080 
2314 4 0 1551 4191 3053 830 
2315 4 0 2520 461 2399 671 
2316 4 0 799 2885 3231 1244 
2317 4 0 1900 4021 3702 1499 
2318 4 0 662 2892 544 450 
2319 4 0 2892 544 3987 662 
2320 4 0 2879 2158 2563 830 
2321 4 0 2282 2238 473 2263 
2322 4 0 2984 4009 2573 2075 
2323 4 0 1352 2075 3241 4498 
2324 4 0 3329 917 508 3638 
2325 4 0 1246 2169 3939 1561 
2326 4 0 832 407 1889 2805 
2327 4 0 2805 2957 1256 407 
2328 4 0 3394 2766 2647 1289 
2329 4 0 719 4132 1291 1288 
2330 4 0 2957 407 2805 3527 
2331 4 0 2841 3016 2733 2964 
2332 4 0 4572 3101 4524 4527 
2333 4 0 1931 3114 1414 527 
2334 4 0 2408 1350 1414 1931 
2335 4 0 2408 461 1350 1931 
2336 4 0 2508 4078 1154 1150 
2337 4 0 2212 2120 1168 2297 
2338 4 0 3025 2212 2120 3198 
2339 4 0 1903 2114 2013 1905 
2340 4 0 4549 2788 1930 4071 
2341 4 0 2594 2212 3025 3198 
2342 4 0 2246 2063 376 3722 
2343 4 0 2889 3420 819 2115 
2344 4 0 469 1355 3782 470 
2345 4 0 1768 2531 1948 405 
2346 4 0 4242 1377 2950 4477 
2347 4 0 4242 1377 710 2950 
2348 4 0 2491 3649 2333 3558 
2349 4 0 2642 2333 2163 4134 
2350 4 0 3649 2333 2163 2491 
2351 4 0 3545 2130 2106 2381 
2352 4 0 569 3592 3279 2899 
2353 4 0 1988 1496 1081 1065 
2354 4 0 2939 2335 674 644 
2355 4 0 1619 3206 1538 1917 
2356 4 0 3711 1619 1538 1917 
2357 4 0 1799 1619 3711 1917 
2358 4 0 2674 569 3279 2899 
2359 4 0 3009 1489 2386 458 
2360 4 0 1878 2065 1785 703 
2361 4 0 405 2065 1785 1878 
2362 4 0 712 1013 1323 776 
2363 4 0 3885 1499 1494 884 
2364 4 0 1900 1499 3702 3885 
2365 4 0 2037 2999 1996 2465 
2366 4 0 837 672 3864 1 
2367 4 0 4356 1622 1630 1624 
2368 4 0 2907 1620 1585 1616 
2369 4 0 2485 2173 2351 3322 
2370 4 0 1377 1562 1539 4477 
2371 4 0 1291 1290 4132 3032 
2372 4 0 3856 4010 3062 1431 
2373 4 0 1842 2073 2362 1872 
2374 4 0 2835 2281 1373 1301 
2375 4 0 3839 2424 828 2928 
2376 4 0 2947 4218 1303 2730 
2377 4 0 1299 734 1869 1202 
2378 4 0 1413 1955 2733 3998 
2379 4 0 1796 2733 511 2841 
2380 4 0 1734 1607 850 370 
2381 4 0 1312 3621 541 1311 
2382 4 0 1312 1311 541 1786 
2383 4 0 1734 1607 1751 850 
2384 4 0 2185 2139 4506 574 
2385 4 0 1363 3930 1172 1988 
2386 4 0 2634 3162 2443 2012 
2387 4 0 2395 2972 2182 448 
2388 4 0 2036 2408 3415 1937 
2389 4 0 370 693 66 1446 
2390 4 0 1764 1073 694 1847 
2391 4 0 2408 2770 958 3415 
2392 4 0 1650 422 3618 1938 
2393 4 0 3328 2110 3728 4044 
2394 4 0 3842 3927 3053 3444 
2395 4 0 2927 2506 1924 2954 
2396 4 0 2506 2954 2927 3046 
2397 4 0 3294 1772 2132 2043 
2398 4 0 2037 2465 1996 2322 
2399 4 0 3481 971 3992 3555 
2400 4 0 2786 1747 3112 2252 
2401 4 0 2037 2322 1996 2971 
2402 4 0 1996 2291 2037 2971 
2403 4 0 915 1642 3932 4069 
2404 4 0 1040 1039 1213 3412 
2405 4 0 4069 2096 3908 1642 
2406 4 0 2140 2092 1523 2900 
2407 4 0 2616 2954 3046 1841 
2408 4 0 2565 3237 2271 1927 
2409 4 0 840 839 12 21 
2410 4 0 2641 3264 457 2077 
2411 4 0 2569 3494 2631 3768 
2412 4 0 1958 2139 1392 685 
2413 4 0 2636 4395 2586 4089 
2414 4 0 425 1254 2151 1256 
2415 4 0 4366 1484 2157 3257 
2416 4 0 1432 1142 3856 3301 
2417 4 0 4154 2982 3741 4260 
2418 4 0 453 2558 1023 3450 
2419 4 0 1419 1326 2510 1440 
2420 4 0 1174 3929 2002 2177 
2421 4 0 3778 3378 4033 3893 
2422 4 0 2188 2522 3377 2638 
2423 4 0 969 436 413 441 
2424 4 0 624 1379 2493 578 
2425 4 0 578 1379 688 932 
2426 4 0 1149 1000 1150 3608 
2427 4 0 2622 3489 4204 4390 
2428 4 0 621 1882 1738 2126 
2429 4 0 3889 1318 1132 2635 
2430 4 0 2635 3893 3889 3883 
2431 4 0 3043 333 474 343 
2432 4 0 3883 1318 3889 2635 
2433 4 0 1346 2303 2609 1889 
2434 4 0 2093 2873 476 474 
2435 4 0 1289 1319 2766 2647 
2436 4 0 4064 517 4566 3302 
2437 4 0 2191 1935 2815 3091 
2438 4 0 2455 2240 2191 4104 
2439 4 0 1287 1320 720 728 
2440 4 0 1833 1239 2174 658 
2441 4 0 3952 2274 1319 727 
2442 4 0 930 3511 2906 1777 
2443 4 0 3827 3511 2906 930 
2444 4 0 3691 3128 883 1612 
2445 4 0 3496 2197 986 2468 
2446 4 0 4171 4335 395 651 
2447 4 0 748 1237 1272 2358 
2448 4 0 2795 1174 964 2745 
2449 4 0 375 2994 2827 1216 
2450 4 0 1271 2193 2832 475 
2451 4 0 4361 375 2994 417 
2452 4 0 3156 4323 509 1023 
2453 4 0 380 2513 3741 2711 
2454 4 0 495 3736 2759 4248 
2455 4 0 2522 1261 2188 2175 
2456 4 0 3126 2643 2110 542 
2457 4 0 1894 602 549 480 
2458 4 0 2401 2417 2435 2431 
2459 4 0 2214 2251 3261 2765 
2460 4 0 2093 474 3043 333 
2461 4 0 4359 3386 4340 2925 
2462 4 0 1266 2010 920 2231 
2463 4 0 1790 3105 4094 1662 
2464 4 0 3499 3353 2754 407 
2465 4 0 2538 1790 1666 2384 
2466 4 0 2326 2930 2841 3513 
2467 4 0 1578 1949 1108 1496 
2468 4 0 4157 2274 3153 1822 
2469 4 0 1315 2006 3608 599 
2470 4 0 2197 2322 2971 1996 
2471 4 0 409 1337 1328 494 
2472 4 0 4184 3010 1466 4255 
2473 4 0 599 3608 3573 2006 
2474 4 0 4304 412 2895 2196 
2475 4 0 3021 3727 1522 3180 
2476 4 0 2844 492 4126 3366 
2477 4 0 1776 579 3152 2791 
2478 4 0 1466 491 1467 3257 
2479 4 0 1466 4184 1467 491 
2480 4 0 1780 2708 3299 397 
2481 4 0 3605 3806 3195 379 
2482 4 0 1815 475 1271 2017 
2483 4 0 4374 2377 1778 6 
2484 4 0 2578 2216 3257 3761 
2485 4 0 365 1265 2238 3035 
2486 4 0 1758 836 2627 2290 
2487 4 0 835 1466 3010 1329 
2488 4 0 1758 1776 2627 836 
2489 4 0 2004 2214 2251 2225 
2490 4 0 561 1063 3240 525 
2491 4 0 369 2782 2251 628 
2492 4 0 2482 2572 2836 2851 
2493 4 0 2214 2251 2225 1469 
2494 4 0 2851 528 2836 2482 
2495 4 0 2851 2572 2836 2840 
2496 4 0 1103 3201 3104 1766 
2497 4 0 2851 2840 2836 528 
2498 4 0 2403 2145 444 2564 
2499 4 0 3628 3666 2804 1695 
2500 4 0 3580 800 1766 2379 
2501 4 0 1926 3146 2064 2149 
2502 4 0 3772 3666 3628 1695 
2503 4 0 2676 642 3048 4297 
2504 4 0 202 3537 1343 4464 
2505 4 0 3048 1744 642 2676 
2506 4 0 2632 3295 1523 1063 
2507 4 0 2781 418 4323 1023 
2508 4 0 642 4297 1286 3048 
2509 4 0 2379 2704 2160 857 
2510 4 0 2366 1776 697 579 
2511 4 0 1173 2080 3936 619 
2512 4 0 2414 1350 429 2556 
2513 4 0 1457 2161 1502 790 
2514 4 0 2208 2634 2196 2759 
2515 4 0 1739 2177 2285 2161 
2516 4 0 2176 2177 2285 1739 
2517 4 0 2527 328 2221 2324 
2518 4 0 2527 1661 339 2324 
2519 4 0 3282 4460 4465 4224 
2520 4 0 702 2508 1033 4078 
2521 4 0 1154 4078 2508 702 
2522 4 0 1293 1320 2647 1287 
2523 4 0 1607 2944 1751 850 
2524 4 0 3041 380 2919 2686 
2525 4 0 2239 1230 1757 2207 
2526 4 0 441 287 434 297 
2527 4 0 1790 1665 689 1666 
2528 4 0 2795 2197 2503 2705 
2529 4 0 1889 407 832 429 
2530 4 0 2538 1790 689 1666 
2531 4 0 4599 3379 3904 2973 
2532 4 0 673 665 3415 2408 
2533 4 0 979 3711 2703 2020 
2534 4 0 3315 2673 2270 142 
2535 4 0 1227 1156 48 1143 
2536 4 0 3020 1924 3039 2558 
2537 4 0 285 2088 4448 3090 
2538 4 0 2088 4516 3090 285 
2539 4 0 504 2668 3223 3318 
2540 4 0 936 391 1746 3537 
2541 4 0 1747 3846 1746 510 
2542 4 0 2408 1930 420 2414 
2543 4 0 4061 3160 3901 2817 
2544 4 0 2474 1991 3048 1371 
2545 4 0 1991 3314 2474 3048 
2546 4 0 1151 2474 1991 3314 
2547 4 0 1800 3476 4417 100 
2548 4 0 4496 3697 3924 3899 
2549 4 0 1587 2777 2239 2184 
2550 4 0 2777 2261 2184 1587 
2551 4 0 526 3661 1061 1632 
2552 4 0 2188 2638 2485 1790 
2553 4 0 1874 857 2063 2499 
2554 4 0 4491 3004 3173 1601 
2555 4 0 3468 1253 1263 2175 
2556 4 0 1833 1081 4120 3930 
2557 4 0 3518 83 74 2977 
2558 4 0 3152 2791 2455 1776 
2559 4 0 3589 2214 2126 2565 
2560 4 0 3205 2535 1644 2540 
2561 4 0 2006 450 2892 662 
2562 4 0 3129 3288 2031 452 
2563 4 0 2540 2535 1644 2499 
2564 4 0 1182 1834 2486 1509 
2565 4 0 1370 2184 2486 1182 
2566 4 0 2591 936 1747 392 
2567 4 0 2236 1260 705 3309 
2568 4 0 612 1746 1745 936 
2569 4 0 368 5 1793 2405 
2570 4 0 1372 2291 1996 2971 
2571 4 0 2160 2704 3575 857 
2572 4 0 2096 1082 419 4456 
2573 4 0 2834 1721 376 2904 
2574 4 0 2080 1610 3978 3936 
2575 4 0 1366 693 694 1847 
2576 4 0 4197 3857 2616 3355 
2577 4 0 51 851 841 59 
2578 4 0 370 1847 1764 693 
2579 4 0 1378 2541 2291 937 
2580 4 0 4073 3253 4153 3532 
2581 4 0 1621 1394 3428 406 
2582 4 0 2298 2331 696 3457 
2583 4 0 2786 823 596 595 
2584 4 0 1368 2571 3085 2471 
2585 4 0 2246 1721 2063 678 
2586 4 0 2063 1721 1995 2226 
2587 4 0 590 612 4325 3594 
2588 4 0 2763 1370 1001 487 
2589 4 0 678 1721 2063 2226 
2590 4 0 2460 2543 2481 614 
2591 4 0 614 2543 2481 2205 
2592 4 0 2874 2536 2597 1498 
2593 4 0 2188 3377 2173 2485 
2594 4 0 825 498 1174 553 
2595 4 0 1735 2584 2176 2502 
2596 4 0 2335 1941 3545 2130 
2597 4 0 2130 3545 2335 2381 
2598 4 0 4521 2055 1553 3872 
2599 4 0 333 1553 2290 2093 
2600 4 0 2718 2539 1675 1840 
2601 4 0 1675 2990 2539 2718 
2602 4 0 4548 3499 407 464 
2603 4 0 925 2073 991 2674 
2604 4 0 3355 2972 2395 448 
2605 4 0 2362 1842 4600 2081 
2606 4 0 1330 2212 3025 2594 
2607 4 0 3450 3156 2558 1023 
2608 4 0 2162 1596 3896 1545 
2609 4 0 3004 1601 4051 2406 
2610 4 0 3057 2844 3440 4279 
2611 4 0 1339 2858 2227 2133 
2612 4 0 2191 2366 2375 2455 
2613 4 0 2191 2375 2240 2455 
2614 4 0 1607 3194 1734 1735 
2615 4 0 1712 4000 754 3238 
2616 4 0 1974 337 713 327 
2617 4 0 2068 755 1975 2556 
2618 4 0 4054 3695 3256 3684 
2619 4 0 2399 616 3529 2345 
2620 4 0 4350 4012 3755 4351 
2621 4 0 2273 3048 1286 3252 
2622 4 0 1723 584 3556 2688 
2623 4 0 2261 3097 1858 3069 
2624 4 0 2645 398 1993 1958 
2625 4 0 2744 2139 1993 1958 
2626 4 0 2139 1958 2645 1993 
2627 4 0 1958 2744 1418 398 
2628 4 0 1993 398 2744 1958 
2629 4 0 2631 2272 2534 979 
2630 4 0 3314 2179 2474 3048 
2631 4 0 2483 2171 3693 547 
2632 4 0 4194 195 1025 3786 
2633 4 0 863 214 4261 4219 
2634 4 0 413 969 2445 436 
2635 4 0 2071 870 2373 2085 
2636 4 0 870 2373 2085 3357 
2637 4 0 1559 770 781 1977 
2638 4 0 1559 3199 770 1977 
2639 4 0 3924 1249 2955 3028 
2640 4 0 2140 512 1977 3199 
2641 4 0 870 4573 2085 2071 
2642 4 0 3078 1099 3770 2059 
2643 4 0 1736 2073 2501 2674 
2644 4 0 445 1267 685 2394 
2645 4 0 1418 4036 1269 1958 
2646 4 0 2006 2668 450 2082 
2647 4 0 2839 494 1566 1763 
2648 4 0 658 1833 1622 638 
2649 4 0 1888 3571 425 2424 
2650 4 0 1888 3070 3695 3256 
2651 4 0 1261 3399 1498 2023 
2652 4 0 451 1890 968 2714 
2653 4 0 2637 511 2095 2733 
2654 4 0 2874 2224 3808 1498 
2655 4 0 57 1227 70 2254 
2656 4 0 1992 3172 3507 636 
2657 4 0 1239 3743 1238 3507 
2658 4 0 860 881 383 3355 
2659 4 0 1113 2605 3365 2026 
2660 4 0 3285 429 1889 1392 
2661 4 0 3021 3817 2086 3962 
2662 4 0 4483 2856 1205 3517 
2663 4 0 1736 2674 1927 1398 
2664 4 0 3679 612 3614 1022 
2665 4 0 2176 1283 2310 1526 
2666 4 0 1108 1283 3155 1526 
2667 4 0 2203 3485 2641 2770 
2668 4 0 1133 177 1978 2929 
2669 4 0 3190 3725 4340 3268 
2670 4 0 405 656 1304 2564 
2671 4 0 3786 2398 881 2929 
2672 4 0 3690 3371 3882 4472 
2673 4 0 1396 389 4097 1397 
2674 4 0 2834 2523 1564 1721 
2675 4 0 2674 1842 2878 569 
2676 4 0 321 2055 1553 333 
2677 4 0 2010 3265 920 2302 
2678 4 0 1449 1939 2077 2408 
2679 4 0 1283 3743 1238 1239 
2680 4 0 2077 1930 3264 4510 
2681 4 0 542 1364 3126 1172 
2682 4 0 1249 4171 3924 2121 
2683 4 0 2238 1214 473 2263 
2684 4 0 21 2554 12 840 
2685 4 0 21 2515 12 2554 
2686 4 0 4475 3765 3244 3439 
2687 4 0 787 468 813 1743 
2688 4 0 1332 1566 1867 402 
2689 4 0 468 2949 3202 787 
2690 4 0 783 812 2110 2125 
2691 4 0 2949 813 787 468 
2692 4 0 3806 2867 2072 3605 
2693 4 0 379 3806 2072 3605 
2694 4 0 492 1427 1932 2336 
2695 4 0 2408 1930 2770 2077 
2696 4 0 2614 673 461 2438 
2697 4 0 1641 998 989 2964 
2698 4 0 2149 1945 2651 2064 
2699 4 0 2519 2716 2651 2149 
2700 4 0 1709 1710 750 2928 
2701 4 0 1971 3145 1710 828 
2702 4 0 1340 3839 828 753 
2703 4 0 3032 3640 3832 2295 
2704 4 0 382 453 1180 3042 
2705 4 0 2984 2075 2573 2855 
2706 4 0 4107 3447 4352 1916 
2707 4 0 2546 487 2126 3261 
2708 4 0 2546 1738 2126 487 
2709 4 0 712 4603 3181 1540 
2710 4 0 1258 1822 2274 4157 
2711 4 0 2042 3143 2345 2361 
2712 4 0 3210 1261 1262 2608 
2713 4 0 157 3701 3193 629 
2714 4 0 3227 632 629 1771 
2715 4 0 3227 629 157 3193 
2716 4 0 2335 674 2130 1650 
2717 4 0 1741 2179 2134 1315 
2718 4 0 1071 3130 2589 3798 
2719 4 0 2858 2939 1650 2905 
2720 4 0 3727 1245 1522 3129 
2721 4 0 1746 1245 3727 3129 
2722 4 0 2513 2510 626 3647 
2723 4 0 2513 626 618 3647 
2724 4 0 2513 618 2982 3647 
2725 4 0 2879 3595 3884 3241 
2726 4 0 4361 1683 1874 2217 
2727 4 0 1745 2166 1746 3614 
2728 4 0 1746 612 3614 3727 
2729 4 0 4575 664 3525 4079 
2730 4 0 4038 404 1878 2491 
2731 4 0 2273 3048 3252 2179 
2732 4 0 1857 1730 2152 1368 
2733 4 0 1368 1730 2152 3085 
2734 4 0 610 3801 2200 1399 
2735 4 0 3282 2042 471 4547 
2736 4 0 1931 3114 2361 2754 
2737 4 0 966 3734 4592 3590 
2738 4 0 4016 527 2412 3114 
2739 4 0 2042 427 4547 3282 
2740 4 0 471 2042 2210 4547 
2741 4 0 2971 367 2758 2037 
2742 4 0 2322 367 738 2971 
2743 4 0 1654 3395 367 2758 
2744 4 0 4082 620 2106 657 
2745 4 0 1654 3395 738 367 
2746 4 0 1585 696 1778 2431 
2747 4 0 4082 657 4558 410 
2748 4 0 3152 2366 1776 2455 
2749 4 0 3152 579 1776 2366 
2750 4 0 2674 2501 1927 2081 
2751 4 0 1174 498 2249 964 
2752 4 0 624 2493 652 3492 
2753 4 0 1954 2440 3466 2767 
2754 4 0 3199 1977 1028 770 
2755 4 0 177 1686 1133 1978 
2756 4 0 1686 1978 177 3788 
2757 4 0 394 2675 462 2245 
2758 4 0 1265 1376 2145 2263 
2759 4 0 3164 1265 3204 3035 
2760 4 0 1265 2144 2489 365 
2761 4 0 2140 2388 1023 1013 
2762 4 0 2071 2373 550 1601 
2763 4 0 866 3528 4005 4489 
2764 4 0 2736 2643 3495 1496 
2765 4 0 1013 2388 418 815 
2766 4 0 1172 1988 3930 1065 
2767 4 0 909 2100 3117 1961 
2768 4 0 848 2405 369 1435 
2769 4 0 4604 385 414 1449 
2770 4 0 2781 382 1023 453 
2771 4 0 1998 407 2957 4244 
2772 4 0 1998 2655 471 4244 
2773 4 0 3664 4244 407 1998 
2774 4 0 3664 472 4244 1998 
2775 4 0 1998 472 4244 471 
2776 4 0 2081 2565 2126 2094 
2777 4 0 2126 2214 2207 2565 
2778 4 0 3931 1557 3357 1234 
2779 4 0 1995 1874 375 2063 
2780 4 0 2960 2516 3246 3587 
2781 4 0 4345 2023 4066 3209 
2782 4 0 1756 2004 2207 1230 
2783 4 0 1116 991 761 2073 
2784 4 0 292 411 4448 281 
2785 4 0 540 2789 3450 3020 
2786 4 0 1209 926 229 1529 
2787 4 0 3141 1148 2474 1151 
2788 4 0 1734 1733 1607 370 
2789 4 0 840 12 839 846 
2790 4 0 556 3330 2264 3240 
2791 4 0 3512 299 291 284 
2792 4 0 2409 394 462 1929 
2793 4 0 1790 2557 2538 705 
2794 4 0 3668 691 932 2342 
2795 4 0 3668 2372 932 691 
2796 4 0 638 1622 658 4357 
2797 4 0 688 3668 932 2342 
2798 4 0 3782 1355 2426 484 
2799 4 0 2858 2905 1407 2356 
2800 4 0 3327 3377 2548 4343 
2801 4 0 2274 3659 3451 1257 
2802 4 0 1145 3118 3338 1961 
2803 4 0 2356 415 315 2689 
2804 4 0 508 3073 3329 2122 
2805 4 0 1750 370 1237 1733 
2806 4 0 427 766 765 764 
2807 4 0 1078 2984 3937 4009 
2808 4 0 1461 956 2291 2727 
2809 4 0 1969 2876 4614 974 
2810 4 0 1969 974 4614 975 
2811 4 0 2519 3319 633 2149 
2812 4 0 4084 1797 3205 660 
2813 4 0 3319 2519 633 209 
2814 4 0 721 2802 4608 1016 
2815 4 0 3266 1453 196 197 
2816 4 0 1264 1255 2556 429 
2817 4 0 3659 1605 2371 4177 
2818 4 0 1255 407 3353 429 
2819 4 0 1267 685 1636 1548 
2820 4 0 2821 925 3637 2073 
2821 4 0 2539 2630 1840 2718 
2822 4 0 1401 1910 2848 3011 
2823 4 0 3433 1805 1804 987 
2824 4 0 658 1622 1239 1992 
2825 4 0 722 2997 2956 4611 
2826 4 0 3430 3021 3962 3720 
2827 4 0 2086 3962 3430 3021 
2828 4 0 2421 2057 1024 1814 
2829 4 0 440 412 286 282 
2830 4 0 3909 2937 4332 4295 
2831 4 0 3288 2031 2513 3614 
2832 4 0 2013 1006 1005 3278 
2833 4 0 1903 2013 396 1905 
2834 4 0 4099 2976 2807 1794 
2835 4 0 4099 1794 4593 2976 
2836 4 0 2840 528 914 2991 
2837 4 0 528 529 2194 3504 
2838 4 0 1105 2044 3541 3876 
2839 4 0 1105 2747 1658 3541 
2840 4 0 4357 4326 610 1173 
2841 4 0 813 2949 1476 3643 
2842 4 0 2187 2694 3195 998 
2843 4 0 2694 3605 3195 998 
2844 4 0 2912 2841 2733 2964 
2845 4 0 1180 3605 998 2841 
2846 4 0 380 2982 2513 2662 
2847 4 0 3849 3891 2853 853 
2848 4 0 1978 2098 509 2162 
2849 4 0 881 2398 509 1978 
2850 4 0 881 1978 509 1388 
2851 4 0 2953 409 1337 1233 
2852 4 0 4184 558 1467 491 
2853 4 0 2993 4255 4032 2547 
2854 4 0 3256 712 2352 3721 
2855 4 0 2213 2274 3659 3451 
2856 4 0 521 2554 562 840 
2857 4 0 1913 2956 404 4608 
2858 4 0 1913 4130 404 4442 
2859 4 0 2493 1379 688 578 
2860 4 0 3250 4307 4315 2300 
2861 4 0 404 4442 3807 1913 
2862 4 0 2532 358 349 2341 
2863 4 0 2375 2240 3482 3209 
2864 4 0 4575 490 4513 4079 
2865 4 0 376 1721 2063 2246 
2866 4 0 2240 1427 3209 2375 
2867 4 0 376 1721 1995 2063 
2868 4 0 1353 1042 627 2246 
2869 4 0 2461 1999 689 579 
2870 4 0 2461 579 689 2538 
2871 4 0 2243 3085 2152 3197 
2872 4 0 2243 2090 2152 2583 
2873 4 0 3073 3376 2476 2307 
2874 4 0 4369 619 2030 593 
2875 4 0 4357 2080 1173 619 
2876 4 0 2165 2332 2273 2311 
2877 4 0 827 2345 2399 3529 
2878 4 0 827 2345 3529 4133 
2879 4 0 3529 616 4133 2345 
2880 4 0 2900 2092 2344 3083 
2881 4 0 2140 3083 1323 2092 
2882 4 0 2900 2140 2092 3083 
2883 4 0 2887 3048 3886 1036 
2884 4 0 968 2686 1890 2915 
2885 4 0 3414 1446 2448 2069 
2886 4 0 1473 4170 2310 944 
2887 4 0 2297 1475 3003 1563 
2888 4 0 2639 2310 1166 3379 
2889 4 0 2334 3289 2628 4042 
2890 4 0 2474 2582 1676 1148 
2891 4 0 1471 946 947 589 
2892 4 0 1607 2029 3457 562 
2893 4 0 4153 918 4073 2437 
2894 4 0 4073 2437 918 1182 
2895 4 0 944 2898 4170 3202 
2896 4 0 3606 946 1471 589 
2897 4 0 1477 3372 1567 3427 
2898 4 0 2781 382 512 1023 
2899 4 0 2403 2263 1985 3394 
2900 4 0 2507 609 2222 2747 
2901 4 0 2507 2294 609 2747 
2902 4 0 2414 2408 1350 420 
2903 4 0 2202 2294 2507 2747 
2904 4 0 1798 2033 1618 2020 
2905 4 0 3600 1798 2020 2033 
2906 4 0 633 2519 2716 166 
2907 4 0 2620 2519 3319 209 
2908 4 0 1273 3507 1992 1239 
2909 4 0 2935 2519 2620 209 
2910 4 0 166 2629 2519 2716 
2911 4 0 2911 929 2392 1957 
2912 4 0 1120 763 2101 373 
2913 4 0 2635 3893 2098 3889 
2914 4 0 1745 3903 922 2550 
2915 4 0 1745 2550 2662 3903 
2916 4 0 2184 1834 2941 1037 
2917 4 0 2501 2081 1737 1927 
2918 4 0 1167 2586 2446 2504 
2919 4 0 2115 1847 694 1073 
2920 4 0 2366 697 2460 579 
2921 4 0 1905 396 3640 2013 
2922 4 0 3473 414 280 3877 
2923 4 0 2268 525 3525 2256 
2924 4 0 2008 4440 2889 1623 
2925 4 0 4386 3928 4399 3745 
2926 4 0 867 1693 480 2838 
2927 4 0 867 480 2876 2838 
2928 4 0 2385 2164 401 1257 
2929 4 0 1812 4271 1808 3343 
2930 4 0 2876 480 867 4282 
2931 4 0 1888 2856 4262 3070 
2932 4 0 2121 4484 3571 2040 
2933 4 0 2222 801 454 1766 
2934 4 0 4432 4025 3392 2986 
2935 4 0 4042 3365 2628 2605 
2936 4 0 461 3415 2614 2229 
2937 4 0 3223 448 860 2616 
2938 4 0 3415 461 4450 2229 
2939 4 0 1693 867 480 4282 
2940 4 0 952 2248 3626 2285 
2941 4 0 2285 790 952 2248 
2942 4 0 2114 1962 2013 1905 
2943 4 0 1741 1742 2206 592 
2944 4 0 2455 1776 2974 1934 
2945 4 0 4365 525 3267 1063 
2946 4 0 2208 2874 858 1935 
2947 4 0 2231 2037 2076 4372 
2948 4 0 1888 3517 2462 2040 
2949 4 0 979 2313 1406 2218 
2950 4 0 1498 2224 2466 2874 
2951 4 0 1229 4612 44 78 
2952 4 0 881 860 509 2398 
2953 4 0 1388 3788 1978 2162 
2954 4 0 3225 1170 2057 1814 
2955 4 0 1170 2055 2057 1814 
2956 4 0 3222 1435 2751 849 
2957 4 0 4048 2239 2777 2184 
2958 4 0 1034 487 2184 1037 
2959 4 0 2665 467 2368 1919 
2960 4 0 2161 1457 1628 790 
2961 4 0 2164 2655 400 2019 
2962 4 0 1538 1569 812 1330 
2963 4 0 3333 2001 2747 609 
2964 4 0 2747 609 2222 454 
2965 4 0 3119 2273 4159 2288 
2966 4 0 3129 4346 3871 4105 
2967 4 0 3111 1522 4347 4105 
2968 4 0 873 2919 3015 4435 
2969 4 0 1457 2161 1628 2002 
2970 4 0 1847 694 1764 693 
2971 4 0 4357 658 638 3328 
2972 4 0 4395 3007 4414 4396 
2973 4 0 3007 4414 4422 4395 
2974 4 0 3659 1257 1392 1889 
2975 4 0 1266 2354 2231 3235 
2976 4 0 1266 2354 2010 2231 
2977 4 0 2246 376 2546 3261 
2978 4 0 763 2999 2076 4362 
2979 4 0 2753 2885 954 2841 
2980 4 0 1772 3103 2132 2043 
2981 4 0 2503 2502 377 661 
2982 4 0 1586 2132 2828 2043 
2983 4 0 4363 609 2478 908 
2984 4 0 1992 3744 1622 3507 
2985 4 0 1622 3507 3744 4356 
2986 4 0 3395 367 2971 738 
2987 4 0 738 1979 2322 2971 
2988 4 0 2302 3265 2005 2465 
2989 4 0 1003 3884 1933 2879 
2990 4 0 2408 2414 1350 673 
2991 4 0 3173 1601 2071 2277 
2992 4 0 2467 1258 1749 2198 
2993 4 0 2467 2198 444 1258 
2994 4 0 1258 444 2145 2198 
2995 4 0 4120 2084 1833 3930 
2996 4 0 2038 1564 376 677 
2997 4 0 1564 2089 2834 376 
2998 4 0 1564 677 2038 2427 
2999 4 0 814 1171 147 127 
3000 4 0 1935 2208 2536 2759 
3001 4 0 1237 1733 2889 1238 
3002 4 0 1003 402 1566 492 
3003 4 0 1003 1566 494 492 
3004 4 0 1504 2706 3120 1859 
3005 4 0 2238 2740 1269 2966 
3006 4 0 1958 2394 2034 1268 
3007 4 0 2740 2034 2238 1269 
3008 4 0 3542 2034 2238 2740 
3009 4 0 2583 2775 1857 3305 
3010 4 0 3874 2600 3134 382 
3011 4 0 2447 2067 1607 2119 
3012 4 0 2238 1920 2370 4098 
3013 4 0 4098 3107 1920 2370 
3014 4 0 396 3981 3691 2060 
3015 4 0 2449 2611 4090 2369 
3016 4 0 4185 2369 2891 4090 
3017 4 0 1204 2182 2849 2395 
3018 4 0 516 4527 1828 2325 
3019 4 0 1727 122 3788 156 
3020 4 0 2974 1776 2791 2049 
3021 4 0 2974 2791 4517 2049 
3022 4 0 2455 2974 2791 4517 
3023 4 0 619 3000 2070 1176 
3024 4 0 2048 2090 2152 922 
3025 4 0 2615 4159 3989 2288 
3026 4 0 744 2843 2319 2850 
3027 4 0 2019 2655 425 1256 
3028 4 0 744 2867 2319 2843 
3029 4 0 2227 2357 4567 2590 
3030 4 0 4280 403 3114 3923 
3031 4 0 1414 3956 3923 403 
3032 4 0 2050 467 2256 2268 
3033 4 0 2223 813 2568 3643 
3034 4 0 1828 4570 516 2325 
3035 4 0 2075 1352 3737 4009 
3036 4 0 1926 388 2064 3146 
3037 4 0 1585 2211 1778 3632 
3038 4 0 3467 1611 2058 4027 
3039 4 0 3376 3073 2476 2955 
3040 4 0 2332 2706 2273 2311 
3041 4 0 2021 3457 1616 2331 
3042 4 0 1969 3377 3327 2173 
3043 4 0 882 511 2078 1966 
3044 4 0 2840 2836 528 2991 
3045 4 0 3327 3377 2485 2173 
3046 4 0 2781 418 1023 2388 
3047 4 0 3377 2485 4343 3327 
3048 4 0 381 2789 2697 382 
3049 4 0 2402 3042 2884 2789 
3050 4 0 2789 2402 2697 2507 
3051 4 0 2094 2565 1927 2081 
3052 4 0 2402 2789 2697 381 
3053 4 0 2982 2513 3741 380 
3054 4 0 2031 2711 452 2513 
3055 4 0 734 2581 1944 1943 
3056 4 0 734 2026 1944 2581 
3057 4 0 2285 952 3234 377 
3058 4 0 2377 1778 2211 3632 
3059 4 0 3468 3364 2855 1253 
3060 4 0 1400 422 3618 2213 
3061 4 0 2213 422 2802 1400 
3062 4 0 2869 2835 3442 1301 
3063 4 0 1251 1894 2175 555 
3064 4 0 2869 2835 1301 2828 
3065 4 0 478 4481 1107 213 
3066 4 0 2301 2583 2090 3169 
3067 4 0 3659 1889 1392 3285 
3068 4 0 3659 1889 1605 3451 
3069 4 0 705 2560 579 1776 
3070 4 0 705 2538 579 2560 
3071 4 0 2145 1770 1265 1259 
3072 4 0 2145 1769 2129 1770 
3073 4 0 1173 619 3936 1176 
3074 4 0 2682 619 1173 3000 
3075 4 0 1797 3741 2535 2540 
3076 4 0 3741 2987 2499 2540 
3077 4 0 2536 2874 2597 2208 
3078 4 0 1647 3005 2946 2772 
3079 4 0 3776 4375 4052 1146 
3080 4 0 1952 3840 3939 3661 
3081 4 0 1614 467 1571 1667 
3082 4 0 991 987 1805 3433 
3083 4 0 2971 2468 987 986 
3084 4 0 987 1754 2267 2971 
3085 4 0 1115 1805 991 1116 
3086 4 0 1189 1527 2638 1208 
3087 4 0 2088 4104 1934 2815 
3088 4 0 371 61 3433 1115 
3089 4 0 2971 987 76 986 
3090 4 0 1115 3187 991 371 
3091 4 0 1115 1116 991 3187 
3092 4 0 2926 1367 598 2332 
3093 4 0 1032 3584 598 3212 
3094 4 0 1990 598 1032 3584 
3095 4 0 1490 1018 2286 4075 
3096 4 0 1490 1017 2286 1018 
3097 4 0 2915 1118 2811 1802 
3098 4 0 1753 1372 1378 1752 
3099 4 0 16 2758 2327 26 
3100 4 0 367 2322 2619 4406 
3101 4 0 1567 2111 3771 2584 
3102 4 0 3451 1257 1889 2385 
3103 4 0 2687 1038 768 1871 
3104 4 0 1871 2494 3160 4024 
3105 4 0 2448 3414 2069 2494 
3106 4 0 3451 2805 2385 1889 
3107 4 0 2709 3446 1535 1806 
3108 4 0 3451 4504 2385 2805 
3109 4 0 3190 452 3725 3268 
3110 4 0 372 1585 1144 707 
3111 4 0 1934 2815 858 2421 
3112 4 0 1531 1890 4426 4428 
3113 4 0 3900 1118 2915 1531 
3114 4 0 2088 2974 4521 1814 
3115 4 0 2192 1007 19 676 
3116 4 0 1967 2095 511 2078 
3117 4 0 2460 2255 2481 2543 
3118 4 0 1560 512 2781 382 
3119 4 0 477 3196 2224 432 
3120 4 0 1560 382 2781 1196 
3121 4 0 3797 1491 3791 4052 
3122 4 0 2003 2955 950 479 
3123 4 0 2955 3351 3601 950 
3124 4 0 3429 403 4455 1064 
3125 4 0 3600 2703 2117 4375 
3126 4 0 2719 411 2815 2874 
3127 4 0 4590 300 411 2874 
3128 4 0 2283 2382 2561 2228 
3129 4 0 1757 2239 2794 1230 
3130 4 0 2409 1925 3009 1928 
3131 4 0 4210 2307 1877 3345 
3132 4 0 2409 3009 1925 394 
3133 4 0 511 2095 882 2078 
3134 4 0 1967 511 2095 2637 
3135 4 0 3468 1263 3210 2175 
3136 4 0 3210 1263 1262 2175 
3137 4 0 2175 2425 3210 3468 
3138 4 0 812 3689 3803 2125 
3139 4 0 3592 569 2988 2899 
3140 4 0 2367 3959 3038 3228 
3141 4 0 550 3398 2022 3351 
3142 4 0 3126 3206 1074 1538 
3143 4 0 2162 1978 2098 1684 
3144 4 0 4535 3595 3994 4102 
3145 4 0 4050 3595 4535 4102 
3146 4 0 4604 441 1449 3473 
3147 4 0 3001 1740 2407 2915 
3148 4 0 1354 228 203 3296 
3149 4 0 1994 3337 3734 2007 
3150 4 0 3080 3654 4190 1171 
3151 4 0 3183 4538 4337 1086 
3152 4 0 2900 2140 3083 1282 
3153 4 0 3347 1503 2232 3708 
3154 4 0 2688 3688 1723 3051 
3155 4 0 1418 2341 446 1269 
3156 4 0 525 3688 2688 3051 
3157 4 0 2319 379 2054 3806 
3158 4 0 2319 379 3806 2072 
3159 4 0 511 1895 1967 2078 
3160 4 0 1676 2393 2559 1207 
3161 4 0 1676 2393 3221 2559 
3162 4 0 685 1392 1958 2034 
3163 4 0 918 2332 598 2179 
3164 4 0 1961 1145 909 1942 
3165 4 0 2543 2961 1999 2255 
3166 4 0 2064 2651 2149 3130 
3167 4 0 3129 1746 3614 3727 
3168 4 0 2711 2031 452 2172 
3169 4 0 2651 1945 2027 2064 
3170 4 0 1599 3070 3218 3765 
3171 4 0 1436 3957 1591 2158 
3172 4 0 4296 3217 2608 4040 
3173 4 0 3234 1628 2285 2503 
3174 4 0 542 2083 3116 2110 
3175 4 0 1316 2098 387 3665 
3176 4 0 3889 1121 1316 2098 
3177 4 0 1684 1121 3889 2098 
3178 4 0 56 2782 1230 47 
3179 4 0 2819 2632 3295 3698 
3180 4 0 1063 2632 3295 2819 
3181 4 0 634 654 2391 2043 
3182 4 0 2325 2475 1516 1004 
3183 4 0 1874 375 2063 1518 
3184 4 0 2122 1484 2578 2158 
3185 4 0 2122 1484 835 2578 
3186 4 0 1833 608 1622 1630 
3187 4 0 2543 2255 2481 2205 
3188 4 0 2408 3415 1937 2770 
3189 4 0 2073 2674 1842 2081 
3190 4 0 2952 4525 4526 2259 
3191 4 0 440 412 433 296 
3192 4 0 2122 507 3073 2003 
3193 4 0 671 2520 461 4450 
3194 4 0 3820 1330 1569 3087 
3195 4 0 4363 2478 568 2101 
3196 4 0 3993 3440 492 1932 
3197 4 0 1932 492 3993 402 
3198 4 0 2161 3104 1956 3201 
3199 4 0 1956 3013 3201 2995 
3200 4 0 1135 3863 4064 1893 
3201 4 0 673 429 3499 4546 
3202 4 0 4546 673 4577 3499 
3203 4 0 2001 3104 3505 2478 
3204 4 0 63 54 2109 2052 
3205 4 0 63 54 2052 3754 
3206 4 0 54 2109 2052 45 
3207 4 0 3195 2912 2841 954 
3208 4 0 394 3381 522 486 
3209 4 0 2227 3618 2722 2213 
3210 4 0 2035 2368 3251 2411 
3211 4 0 3415 461 3618 4450 
3212 4 0 1733 2115 1073 1847 
3213 4 0 1366 694 2115 1847 
3214 4 0 2608 3217 1261 3772 
3215 4 0 3618 461 2520 4450 
3216 4 0 1410 4046 3631 4188 
3217 4 0 3772 2608 3217 4040 
3218 4 0 2547 1333 2344 835 
3219 4 0 1262 2608 1261 3772 
3220 4 0 3126 1066 3206 1538 
3221 4 0 2122 835 479 2003 
3222 4 0 950 3601 2955 2003 
3223 4 0 1219 2003 479 835 
3224 4 0 3781 3471 789 2753 
3225 4 0 3876 2044 3333 2054 
3226 4 0 2421 2815 2088 1934 
3227 4 0 1927 2565 2094 2207 
3228 4 0 1546 1186 4120 1108 
3229 4 0 2214 2004 2207 2565 
3230 4 0 3876 996 2044 2054 
3231 4 0 1228 2004 2271 1756 
3232 4 0 619 1173 3000 1176 
3233 4 0 2259 3381 486 522 
3234 4 0 1023 2388 512 2781 
3235 4 0 1146 3865 3776 4375 
3236 4 0 1084 3462 4533 3831 
3237 4 0 4539 4533 3462 3831 
3238 4 0 1023 2140 512 2388 
3239 4 0 2147 4441 3471 1796 
3240 4 0 3824 3806 2925 4359 
3241 4 0 3908 4536 4086 1862 
3242 4 0 2098 1121 1316 387 
3243 4 0 1237 4061 3414 1847 
3244 4 0 3420 1237 617 1871 
3245 4 0 1600 2447 1607 2119 
3246 4 0 1227 2116 48 57 
3247 4 0 2602 2059 2026 2483 
3248 4 0 2110 812 3803 2125 
3249 4 0 1837 3171 3401 3761 
3250 4 0 426 510 1355 3862 
3251 4 0 3862 510 1355 3021 
3252 4 0 698 2182 2849 113 
3253 4 0 4098 3164 2238 2282 
3254 4 0 1266 2217 2010 2260 
3255 4 0 1979 2971 2575 2197 
3256 4 0 852 160 3447 3698 
3257 4 0 852 4107 3447 160 
3258 4 0 1916 3447 4352 3167 
3259 4 0 769 2581 378 1943 
3260 4 0 2082 2559 1676 2582 
3261 4 0 598 2474 2179 3252 
3262 4 0 2709 964 1806 3276 
3263 4 0 4498 1621 406 2309 
3264 4 0 4498 2309 406 4318 
3265 4 0 15 839 846 25 
3266 4 0 2116 2312 1506 2051 
3267 4 0 2301 2090 2583 2152 
3268 4 0 3496 2468 2355 4060 
3269 4 0 2392 2911 1246 2169 
3270 4 0 1804 1805 2355 2468 
3271 4 0 556 3240 2264 3604 
3272 4 0 1638 524 1963 3990 
3273 4 0 1638 1965 1963 3267 
3274 4 0 3722 2827 417 376 
3275 4 0 839 42 32 46 
3276 4 0 3300 440 433 296 
3277 4 0 3155 3904 2973 3243 
3278 4 0 3333 2995 3001 1956 
3279 4 0 162 512 1560 1157 
3280 4 0 780 1559 3199 770 
3281 4 0 512 3874 382 1560 
3282 4 0 1261 1260 2189 3399 
3283 4 0 1559 513 1195 1537 
3284 4 0 421 512 162 1157 
3285 4 0 513 1559 780 1537 
3286 4 0 1434 3634 3797 4052 
3287 4 0 1207 2393 769 2581 
3288 4 0 3043 824 476 2093 
3289 4 0 2236 2093 824 3043 
3290 4 0 2093 2057 1024 476 
3291 4 0 4597 2776 2736 2265 
3292 4 0 1758 2627 2093 2290 
3293 4 0 2149 2835 2245 3146 
3294 4 0 1744 599 922 2353 
3295 4 0 3124 4435 2686 3148 
3296 4 0 2002 3201 3929 2760 
3297 4 0 936 1745 1747 1746 
3298 4 0 1241 542 1988 638 
3299 4 0 1628 2002 2161 2177 
3300 4 0 658 3328 2125 542 
3301 4 0 658 542 2125 1241 
3302 4 0 1833 1988 638 1241 
3303 4 0 3606 1472 589 1471 
3304 4 0 3454 1477 1567 3427 
3305 4 0 1020 392 2390 2798 
3306 4 0 2688 525 2411 3556 
3307 4 0 3343 2622 2218 4271 
3308 4 0 3343 2218 979 2124 
3309 4 0 2646 4365 3910 3504 
3310 4 0 1261 2023 3210 2522 
3311 4 0 384 3258 632 1113 
3312 4 0 2425 2522 3210 2757 
3313 4 0 2231 367 4362 2037 
3314 4 0 1741 968 498 825 
3315 4 0 2731 4505 3451 4177 
3316 4 0 3451 4177 3659 520 
3317 4 0 2622 1706 2230 566 
3318 4 0 4204 566 1706 2622 
3319 4 0 1403 3421 2917 3029 
3320 4 0 2296 2004 2214 2565 
3321 4 0 4604 434 280 288 
3322 4 0 4158 2815 2088 4448 
3323 4 0 1413 4441 2147 1796 
3324 4 0 3298 2905 415 2356 
3325 4 0 1993 2645 4556 398 
3326 4 0 1993 4556 1492 398 
3327 4 0 2183 2872 3043 2696 
3328 4 0 1261 3772 1498 2193 
3329 4 0 3018 4117 3575 2540 
3330 4 0 1309 4415 3575 3546 
3331 4 0 3381 2848 394 1929 
3332 4 0 1489 1355 3070 2856 
3333 4 0 3294 1586 1426 1302 
3334 4 0 1987 1586 4561 1373 
3335 4 0 385 3108 713 2221 
3336 4 0 1301 1576 1422 4561 
3337 4 0 1583 1550 2601 3050 
3338 4 0 1550 1583 2601 1125 
3339 4 0 1125 1583 2601 3628 
3340 4 0 1583 3050 3628 1970 
3341 4 0 4559 1589 3545 2381 
3342 4 0 4521 2627 836 1553 
3343 4 0 1553 836 2290 2627 
3344 4 0 3545 4559 4560 1589 
3345 4 0 1987 1586 1422 4561 
3346 4 0 3508 3249 526 2991 
3347 4 0 1301 3442 1576 4561 
3348 4 0 2815 2088 411 2719 
3349 4 0 4561 1422 1301 1586 
3350 4 0 2269 2364 1598 2374 
3351 4 0 760 422 703 404 
3352 4 0 410 2130 2065 760 
3353 4 0 550 2528 2022 1601 
3354 4 0 1766 2379 2181 2704 
3355 4 0 1481 656 1304 3049 
3356 4 0 1930 1377 3565 2527 
3357 4 0 2205 3424 2695 614 
3358 4 0 2695 2665 2368 614 
3359 4 0 340 2744 2689 445 
3360 4 0 1154 2171 811 1150 
3361 4 0 394 1925 2409 462 
3362 4 0 839 42 37 25 
3363 4 0 2568 3643 954 2223 
3364 4 0 2828 3132 252 3103 
3365 4 0 1636 3277 1264 3271 
3366 4 0 271 252 3132 3103 
3367 4 0 2828 252 2620 3103 
3368 4 0 2211 2431 1778 2554 
3369 4 0 1936 2240 1935 2375 
3370 4 0 2759 2597 2196 2208 
3371 4 0 2331 2973 3390 1448 
3372 4 0 2331 3390 696 2951 
3373 4 0 2130 422 2065 760 
3374 4 0 3934 2708 2276 2900 
3375 4 0 422 2065 760 703 
3376 4 0 1930 1501 4510 2077 
3377 4 0 1230 2004 1228 1756 
3378 4 0 56 2004 2271 1228 
3379 4 0 2251 1897 1230 369 
3380 4 0 3338 3976 2284 1564 
3381 4 0 57 48 3303 2116 
3382 4 0 3130 2651 2519 2589 
3383 4 0 2865 1372 661 1752 
3384 4 0 2450 1010 1897 677 
3385 4 0 3227 632 3245 606 
3386 4 0 450 448 3608 2171 
3387 4 0 489 2596 1604 1794 
3388 4 0 2093 2055 2057 2873 
3389 4 0 2093 2057 476 2873 
3390 4 0 2269 1217 2364 2374 
3391 4 0 2335 2939 1650 2852 
3392 4 0 2382 368 2994 2899 
3393 4 0 2842 2188 1790 1260 
3394 4 0 2382 2994 925 2899 
3395 4 0 2073 1683 2674 925 
3396 4 0 1718 1007 2454 676 
3397 4 0 2813 676 1718 2454 
3398 4 0 920 2302 4362 2231 
3399 4 0 422 416 703 404 
3400 4 0 3261 2765 2251 2827 
3401 4 0 2988 2674 1683 925 
3402 4 0 1939 2242 442 2641 
3403 4 0 422 1938 1650 2130 
3404 4 0 2704 3946 2379 2160 
3405 4 0 3946 1786 541 2160 
3406 4 0 2176 2639 377 2584 
3407 4 0 2704 3946 2160 3575 
3408 4 0 3139 361 684 2966 
3409 4 0 3915 4507 3211 2807 
3410 4 0 3755 926 1486 4350 
3411 4 0 2082 1207 2559 2247 
3412 4 0 4075 2286 1486 870 
3413 4 0 3189 2373 870 1486 
3414 4 0 2714 1644 3148 3360 
3415 4 0 3755 2373 1486 926 
3416 4 0 1604 2596 4503 1791 
3417 4 0 1726 1486 4075 3260 
3418 4 0 525 2688 4365 3051 
3419 4 0 1377 2077 2408 1449 
3420 4 0 4145 2193 2466 1498 
3421 4 0 4357 619 637 2080 
3422 4 0 547 1207 890 2581 
3423 4 0 2171 1207 890 547 
3424 4 0 2581 547 1891 2483 
3425 4 0 2579 1982 4156 1822 
3426 4 0 3157 1822 3375 3334 
3427 4 0 1915 806 1154 3693 
3428 4 0 2190 3846 1250 2807 
3429 4 0 1936 2759 1935 2240 
3430 4 0 4303 1809 1845 2387 
3431 4 0 1683 1872 2348 2073 
3432 4 0 3327 1969 2665 2548 
3433 4 0 712 1013 3830 1323 
3434 4 0 3060 3098 2672 1555 
3435 4 0 3845 2021 4043 2542 
3436 4 0 1113 3365 2663 2567 
3437 4 0 2567 2602 1113 3365 
3438 4 0 4118 1396 1397 389 
3439 4 0 161 4143 1537 139 
3440 4 0 2353 2152 1744 643 
3441 4 0 429 1264 2139 4071 
3442 4 0 4516 2088 3090 3077 
3443 4 0 1548 2788 2414 2527 
3444 4 0 2979 3035 2106 365 
3445 4 0 2604 3652 1244 550 
3446 4 0 2106 3035 2979 2918 
3447 4 0 1886 623 1602 3360 
3448 4 0 2419 3313 1602 3205 
3449 4 0 3205 3313 1602 3360 
3450 4 0 825 968 553 1740 
3451 4 0 2620 3103 252 3319 
3452 4 0 75 1884 1487 2271 
3453 4 0 1884 2296 2565 2271 
3454 4 0 2226 2063 2989 2499 
3455 4 0 528 3504 2194 3249 
3456 4 0 1884 2565 1487 2271 
3457 4 0 2002 2745 1628 2705 
3458 4 0 2874 2429 2224 432 
3459 4 0 550 2373 870 3189 
3460 4 0 662 3314 2082 1676 
3461 4 0 3744 3543 3507 1609 
3462 4 0 3035 2606 3204 1409 
3463 4 0 2106 363 3545 2918 
3464 4 0 2126 2081 3669 2565 
3465 4 0 2042 3143 4581 2345 
3466 4 0 2427 3338 1299 1564 
3467 4 0 3130 2620 2519 2149 
3468 4 0 2013 2295 1748 396 
3469 4 0 2344 3308 561 853 
3470 4 0 4547 3282 1659 471 
3471 4 0 3820 1330 3087 4285 
3472 4 0 2628 2663 642 711 
3473 4 0 3400 491 2870 557 
3474 4 0 4241 2157 557 2870 
3475 4 0 3401 1837 2683 4059 
3476 4 0 1705 2631 2569 1810 
3477 4 0 2429 300 432 2874 
3478 4 0 835 2003 3906 4055 
3479 4 0 3355 3812 1868 1041 
3480 4 0 4304 2895 2679 2196 
3481 4 0 1266 2217 920 2010 
3482 4 0 4304 2679 2908 2196 
3483 4 0 1337 1328 854 409 
3484 4 0 1337 1233 409 854 
3485 4 0 606 2027 1113 2059 
3486 4 0 2054 2925 2172 3099 
3487 4 0 841 38 43 26 
3488 4 0 4491 4249 2022 1601 
3489 4 0 2022 2452 2886 3703 
3490 4 0 4491 2022 3075 2903 
3491 4 0 2022 4274 3075 2903 
3492 4 0 524 4365 580 2688 
3493 4 0 2999 3098 3060 2076 
3494 4 0 2842 3668 1790 2485 
3495 4 0 2361 616 2159 527 
3496 4 0 674 2335 2939 1650 
3497 4 0 2999 2465 2037 4362 
3498 4 0 3444 1193 1551 3053 
3499 4 0 4521 2055 2627 1553 
3500 4 0 2366 2455 1934 1776 
3501 4 0 2767 1954 531 3466 
3502 4 0 3177 3528 3703 2607 
3503 4 0 2160 3749 1309 1786 
3504 4 0 4167 2406 3528 4005 
3505 4 0 2311 631 485 2051 
3506 4 0 1118 1130 2915 4427 
3507 4 0 506 4012 1057 1649 
3508 4 0 185 506 1057 1649 
3509 4 0 506 4012 1649 4351 
3510 4 0 506 229 926 1649 
3511 4 0 1740 1741 2915 2172 
3512 4 0 2050 467 1667 2516 
3513 4 0 1924 3039 2383 3609 
3514 4 0 3653 3556 2050 525 
3515 4 0 1956 2825 2407 1199 
3516 4 0 2995 2825 2407 1956 
3517 4 0 864 2411 525 2268 
3518 4 0 1970 1583 3095 2445 
3519 4 0 699 3501 2546 543 
3520 4 0 1672 3133 1120 1671 
3521 4 0 1414 3882 2408 2180 
3522 4 0 2563 4498 3241 406 
3523 4 0 2711 2915 2031 2172 
3524 4 0 2093 692 1776 705 
3525 4 0 1708 3623 2294 568 
3526 4 0 1766 454 1103 4409 
3527 4 0 454 3933 4409 801 
3528 4 0 2910 2341 1418 349 
3529 4 0 1938 2671 2905 1937 
3530 4 0 2543 614 2366 2375 
3531 4 0 2460 2543 614 2366 
3532 4 0 3845 2542 1879 2021 
3533 4 0 3845 3457 1620 1616 
3534 4 0 3003 2949 2898 1475 
3535 4 0 1545 4323 509 3156 
3536 4 0 1388 2162 509 1545 
3537 4 0 418 387 1023 1013 
3538 4 0 2139 685 2394 445 
3539 4 0 2703 2417 2441 1406 
3540 4 0 3289 2258 3475 2334 
3541 4 0 2272 1578 2703 2417 
3542 4 0 1856 2775 2583 3305 
3543 4 0 2124 3447 2400 2439 
3544 4 0 2485 2351 2173 3668 
3545 4 0 2483 2780 2026 2602 
3546 4 0 2026 2780 3365 2602 
3547 4 0 2401 3801 4368 687 
3548 4 0 593 2030 4368 3801 
3549 4 0 2599 1954 2440 2062 
3550 4 0 2440 3520 2599 1663 
3551 4 0 2493 1960 962 1663 
3552 4 0 3564 3492 3508 929 
3553 4 0 418 2388 1013 1023 
3554 4 0 3354 2456 688 932 
3555 4 0 3036 1923 2667 3040 
3556 4 0 2560 1776 2049 2791 
3557 4 0 504 2668 450 3223 
3558 4 0 3105 2384 1662 1790 
3559 4 0 697 2131 1776 2366 
3560 4 0 2063 857 1874 1518 
3561 4 0 926 3805 3931 1447 
3562 4 0 3060 834 3326 763 
3563 4 0 2122 1642 419 1323 
3564 4 0 3337 2270 2653 2673 
3565 4 0 1700 2612 3326 3349 
3566 4 0 2673 3337 2983 2653 
3567 4 0 15 846 366 25 
3568 4 0 2608 1262 2314 3772 
3569 4 0 2313 2533 1594 1674 
3570 4 0 1537 4143 780 513 
3571 4 0 591 873 592 3793 
3572 4 0 2082 1830 3317 592 
3573 4 0 2354 1266 2010 2260 
3574 4 0 660 3124 625 2686 
3575 4 0 2409 1928 3084 616 
3576 4 0 929 1634 2392 1957 
3577 4 0 1852 1423 3208 655 
3578 4 0 394 2929 1925 462 
3579 4 0 1423 1303 3208 655 
3580 4 0 567 2218 2512 2400 
3581 4 0 1174 2503 2177 1628 
3582 4 0 2622 2218 4271 2569 
3583 4 0 2171 3693 448 4078 
3584 4 0 448 450 860 890 
3585 4 0 4378 4380 2289 1997 
3586 4 0 4380 2305 2289 1997 
3587 4 0 1999 689 2472 2461 
3588 4 0 2044 379 3333 2054 
3589 4 0 2961 689 2472 1999 
3590 4 0 2988 2434 2497 3592 
3591 4 0 1931 2754 1414 3114 
3592 4 0 3464 2961 689 2472 
3593 4 0 1686 1132 1978 4254 
3594 4 0 4254 1978 1072 2162 
3595 4 0 1978 1684 2162 4254 
3596 4 0 3592 2497 2988 569 
3597 4 0 527 2361 4016 3181 
3598 4 0 2548 1574 1713 1572 
3599 4 0 2399 616 2361 1931 
3600 4 0 2361 2754 2399 1931 
3601 4 0 2591 3570 3412 3625 
3602 4 0 2375 3209 2585 2548 
3603 4 0 2596 2164 428 3131 
3604 4 0 553 3929 2177 1956 
3605 4 0 3363 3989 2943 1869 
3606 4 0 2615 1869 3989 3363 
3607 4 0 2943 3989 2273 1869 
3608 4 0 2415 2477 2858 2133 
3609 4 0 3235 533 2846 10 
3610 4 0 2133 2477 2858 2328 
3611 4 0 2591 1745 1747 936 
3612 4 0 2101 908 4363 2478 
3613 4 0 1120 2636 1167 4089 
3614 4 0 1696 2604 190 4215 
3615 4 0 2275 2704 857 3575 
3616 4 0 2454 3753 2186 676 
3617 4 0 2192 2454 676 3753 
3618 4 0 2100 2454 677 2192 
3619 4 0 1264 3277 2573 3271 
3620 4 0 2716 2651 2027 3770 
3621 4 0 619 2030 610 637 
3622 4 0 637 1994 619 2030 
3623 4 0 3048 919 1286 3252 
3624 4 0 3252 1371 3048 919 
3625 4 0 2200 593 3801 610 
3626 4 0 2904 2246 376 2546 
3627 4 0 2307 895 2476 1689 
3628 4 0 328 439 2221 2324 
3629 4 0 439 350 445 2324 
3630 4 0 1945 633 2716 3630 
3631 4 0 2028 2831 3555 3337 
3632 4 0 496 758 4606 2345 
3633 4 0 160 2512 1668 563 
3634 4 0 1668 567 1811 1812 
3635 4 0 4520 718 2728 1765 
3636 4 0 4520 585 2205 2728 
3637 4 0 160 4143 1668 2512 
3638 4 0 2728 4520 1765 2205 
3639 4 0 563 4393 138 2512 
3640 4 0 2738 1873 1872 1819 
3641 4 0 2006 2668 2134 1315 
3642 4 0 3249 3492 624 2991 
3643 4 0 2567 3258 2663 1113 
3644 4 0 2493 2440 1663 688 
3645 4 0 2493 2440 2599 1663 
3646 4 0 2440 2493 2599 2062 
3647 4 0 2381 2130 2106 620 
3648 4 0 2140 2632 2900 1523 
3649 4 0 1743 379 813 2223 
3650 4 0 3048 3314 2179 1744 
3651 4 0 2474 2179 3252 3048 
3652 4 0 1716 4235 1299 2284 
3653 4 0 3387 4235 1299 1716 
3654 4 0 1815 2017 2793 475 
3655 4 0 1935 2536 2240 2759 
3656 4 0 3556 2411 2050 525 
3657 4 0 595 2786 2243 2583 
3658 4 0 2490 505 2321 2521 
3659 4 0 2153 2209 93 606 
3660 4 0 2490 1561 2321 506 
3661 4 0 2287 2530 3482 587 
3662 4 0 2152 3085 2243 2583 
3663 4 0 3187 991 371 925 
3664 4 0 2611 2189 3196 2236 
3665 4 0 2213 1339 520 3659 
3666 4 0 2731 4177 3451 520 
3667 4 0 2192 2100 1156 849 
3668 4 0 3468 3364 1253 2175 
3669 4 0 1927 2360 2674 3680 
3670 4 0 1927 2360 3680 3237 
3671 4 0 3565 713 1636 1548 
3672 4 0 3441 388 165 3266 
3673 4 0 2285 1739 2161 2639 
3674 4 0 2627 1814 2974 1776 
3675 4 0 4521 1814 2974 2627 
3676 4 0 2510 3020 3284 3156 
3677 4 0 3741 625 2686 1797 
3678 4 0 3368 2242 1514 2641 
3679 4 0 342 2966 446 352 
3680 4 0 3643 954 2930 3752 
3681 4 0 2124 3343 2512 3717 
3682 4 0 3343 3717 4285 3921 
3683 4 0 675 3717 2512 3921 
3684 4 0 3400 2993 3880 3525 
3685 4 0 670 831 1881 826 
3686 4 0 826 1881 764 2345 
3687 4 0 2310 787 2161 3202 
3688 4 0 3946 541 2379 2160 
3689 4 0 2326 3425 4041 381 
3690 4 0 2858 2946 1339 2227 
3691 4 0 4041 381 3732 1482 
3692 4 0 2326 4041 1482 381 
3693 4 0 3425 381 2718 3611 
3694 4 0 2718 3611 381 3732 
3695 4 0 2724 854 1328 409 
3696 4 0 317 2871 309 2244 
3697 4 0 3736 2724 1328 409 
3698 4 0 3220 2816 2243 3412 
3699 4 0 2001 4019 3505 1779 
3700 4 0 2072 3425 2326 381 
3701 4 0 1544 3117 1143 2312 
3702 4 0 1820 678 2246 2063 
3703 4 0 2035 3228 4364 3959 
3704 4 0 3227 629 136 157 
3705 4 0 2263 2647 2766 1214 
3706 4 0 3201 1968 1103 2436 
3707 4 0 3508 3661 2169 526 
3708 4 0 4075 3189 870 1486 
3709 4 0 3295 2819 2286 1063 
3710 4 0 2311 2914 3708 2706 
3711 4 0 2100 2427 1961 1942 
3712 4 0 3806 2867 3509 2843 
3713 4 0 2529 3438 2836 3811 
3714 4 0 3641 2214 3233 3261 
3715 4 0 1004 2475 2882 2520 
3716 4 0 1355 4247 2386 458 
3717 4 0 3929 3013 1956 553 
3718 4 0 2856 1355 3021 2386 
3719 4 0 584 2992 583 2411 
3720 4 0 2268 2870 490 491 
3721 4 0 3400 557 2870 4513 
3722 4 0 3929 3013 553 3715 
3723 4 0 4469 524 4447 3051 
3724 4 0 4447 580 582 2688 
3725 4 0 1935 3091 2536 2874 
3726 4 0 1931 616 2475 2399 
3727 4 0 2364 2269 2506 1217 
3728 4 0 2914 3118 3115 3338 
3729 4 0 3115 2810 1102 3338 
3730 4 0 1420 4008 2819 2286 
3731 4 0 2344 2122 3083 2092 
3732 4 0 3538 2491 2163 416 
3733 4 0 3404 2112 1009 1891 
3734 4 0 2006 3608 450 2668 
3735 4 0 3797 3590 1524 619 
3736 4 0 1727 1072 4254 1978 
3737 4 0 1132 1684 1978 4254 
3738 4 0 2515 1700 2544 2554 
3739 4 0 340 2689 439 445 
3740 4 0 1700 3461 2544 2554 
3741 4 0 596 823 2786 1212 
3742 4 0 3270 596 595 1856 
3743 4 0 2130 1650 2852 2335 
3744 4 0 3146 3130 3266 2064 
3745 4 0 505 2490 2321 506 
3746 4 0 2571 3085 1730 1368 
3747 4 0 2548 2522 493 1427 
3748 4 0 1820 678 3692 2773 
3749 4 0 2353 1729 2676 599 
3750 4 0 2571 3197 599 2353 
3751 4 0 2478 2002 3017 908 
3752 4 0 3270 3305 2583 1368 
3753 4 0 1370 2546 1001 487 
3754 4 0 2490 1561 506 814 
3755 4 0 2736 2174 1283 1240 
3756 4 0 2332 1367 598 3252 
3757 4 0 1628 2285 2161 790 
3758 4 0 485 2570 2273 653 
3759 4 0 2342 2493 2440 2062 
3760 4 0 2240 2536 2191 4104 
3761 4 0 4104 2455 577 2934 
3762 4 0 2297 3003 1475 2949 
3763 4 0 1732 143 3786 3629 
3764 4 0 2172 3129 452 3836 
3765 4 0 485 2165 2273 2311 
3766 4 0 2267 1753 2971 1754 
3767 4 0 1919 2157 2444 2870 
3768 4 0 1738 2206 1737 1742 
3769 4 0 4241 557 4513 2870 
3770 4 0 1995 3722 2063 375 
3771 4 0 864 3525 3106 4366 
3772 4 0 2974 836 2627 1776 
3773 4 0 2521 3820 2654 2896 
3774 4 0 359 3272 2888 2756 
3775 4 0 629 3630 1113 606 
3776 4 0 2785 602 898 549 
3777 4 0 606 3630 93 629 
3778 4 0 157 3193 3701 175 
3779 4 0 4147 3630 93 606 
3780 4 0 1521 4162 2671 2801 
3781 4 0 1440 1545 509 3156 
3782 4 0 1440 2510 509 2954 
3783 4 0 3020 3284 3609 2510 
3784 4 0 2243 2550 3903 2652 
3785 4 0 2488 1927 260 1755 
3786 4 0 2909 2252 392 3570 
3787 4 0 3154 2037 3098 2999 
3788 4 0 4482 2939 777 2875 
3789 4 0 2242 1939 1940 2203 
3790 4 0 3609 4004 2383 2987 
3791 4 0 2311 749 485 2165 
3792 4 0 2675 2016 2848 3554 
3793 4 0 3190 2694 2925 2172 
3794 4 0 2429 2815 300 2874 
3795 4 0 2172 2925 3725 3099 
3796 4 0 2925 3190 2172 3725 
3797 4 0 3195 2694 2172 2925 
3798 4 0 1757 1227 2116 2420 
3799 4 0 3190 452 2172 3725 
3800 4 0 2764 4057 1816 2714 
3801 4 0 2764 4266 4057 2714 
3802 4 0 2310 1283 1240 2736 
3803 4 0 826 670 764 1881 
3804 4 0 2352 1881 458 1489 
3805 4 0 1741 2179 1742 592 
3806 4 0 918 2206 1742 2626 
3807 4 0 401 1749 2164 872 
3808 4 0 918 2626 1742 2179 
3809 4 0 2790 3698 2400 567 
3810 4 0 4061 370 1237 2817 
3811 4 0 1769 1770 2145 1259 
3812 4 0 705 1776 2093 1758 
3813 4 0 4426 1531 451 1890 
3814 4 0 2959 3201 908 2002 
3815 4 0 3562 2747 795 2383 
3816 4 0 1252 2838 2842 2173 
3817 4 0 2749 4064 394 3443 
3818 4 0 1254 1255 407 3056 
3819 4 0 2943 2273 1504 2706 
3820 4 0 6 845 24 2052 
3821 4 0 1253 3364 480 2175 
3822 4 0 3173 3004 2071 1601 
3823 4 0 2404 2751 28 3222 
3824 4 0 2033 3711 1618 2020 
3825 4 0 3173 2277 4249 1601 
3826 4 0 2291 366 2037 4372 
3827 4 0 3986 3137 1431 4010 
3828 4 0 2622 1808 4271 3343 
3829 4 0 2507 2718 2697 2168 
3830 4 0 2218 2718 2168 2697 
3831 4 0 2493 688 1379 2342 
3832 4 0 3098 366 2076 2037 
3833 4 0 1556 366 3098 4404 
3834 4 0 1555 3060 3098 366 
3835 4 0 1556 2672 3098 1555 
3836 4 0 3235 600 2758 2231 
3837 4 0 2466 2942 977 2656 
3838 4 0 3451 4177 1605 3659 
3839 4 0 3630 2716 606 4147 
3840 4 0 2836 2991 2840 3811 
3841 4 0 3861 185 168 201 
3842 4 0 2836 3438 2991 3811 
3843 4 0 2319 379 2044 2054 
3844 4 0 2124 2439 3167 3447 
3845 4 0 2124 2300 3167 2439 
3846 4 0 2439 3757 2300 3167 
3847 4 0 1776 705 2560 1758 
3848 4 0 4369 619 1524 2007 
3849 4 0 731 3609 452 2711 
3850 4 0 2160 2714 2348 1518 
3851 4 0 926 2911 2321 2373 
3852 4 0 2373 1246 2911 2321 
3853 4 0 1810 1674 2313 1675 
3854 4 0 1594 1675 2313 1674 
3855 4 0 2461 2472 1999 690 
3856 4 0 185 229 506 1649 
3857 4 0 1721 1564 376 2038 
3858 4 0 1564 376 2834 1721 
3859 4 0 1785 2391 2245 1946 
3860 4 0 3990 3469 1823 1486 
3861 4 0 2460 2255 1379 2481 
3862 4 0 2795 2249 964 1174 
3863 4 0 2468 964 2795 2249 
3864 4 0 2624 3189 3792 3755 
3865 4 0 1631 1364 638 1363 
3866 4 0 814 169 506 1059 
3867 4 0 814 506 505 1059 
3868 4 0 2849 3220 3519 3869 
3869 4 0 2035 3149 624 3228 
3870 4 0 3519 3220 2039 3869 
3871 4 0 746 3228 3149 2035 
3872 4 0 3351 2955 479 950 
3873 4 0 1327 854 2443 1583 
3874 4 0 1327 2443 854 2724 
3875 4 0 1589 2381 4559 2717 
3876 4 0 2381 1589 3076 2717 
3877 4 0 2851 663 142 2673 
3878 4 0 2883 2044 379 2202 
3879 4 0 379 2202 2072 2883 
3880 4 0 3694 3788 1545 1767 
3881 4 0 3217 2597 2723 2514 
3882 4 0 1969 2876 974 493 
3883 4 0 1969 493 4277 2336 
3884 4 0 2759 2597 2757 2514 
3885 4 0 2106 3204 1768 2489 
3886 4 0 2161 957 1502 944 
3887 4 0 3701 175 3193 192 
3888 4 0 2490 1561 1276 1246 
3889 4 0 2308 2263 2403 2480 
3890 4 0 1879 2542 3155 2021 
3891 4 0 1770 2145 1265 2489 
3892 4 0 3051 3267 525 2286 
3893 4 0 2035 2411 3251 3959 
3894 4 0 2308 2480 3405 2263 
3895 4 0 746 3251 2035 3102 
3896 4 0 1771 1772 2250 2329 
3897 4 0 2326 381 3016 1180 
3898 4 0 3669 613 2081 2986 
3899 4 0 3102 3251 2368 4445 
3900 4 0 2191 2366 2455 1934 
3901 4 0 1718 2089 1714 3338 
3902 4 0 2583 1856 595 2786 
3903 4 0 1197 2642 3101 2259 
3904 4 0 1154 3693 3346 2171 
3905 4 0 1533 451 553 498 
3906 4 0 3481 3913 2300 3250 
3907 4 0 3913 1483 2300 3250 
3908 4 0 2329 1748 3278 2167 
3909 4 0 3583 811 3346 2171 
3910 4 0 2334 4429 2605 2615 
3911 4 0 371 925 2799 905 
3912 4 0 2260 925 3637 2799 
3913 4 0 905 3637 925 2799 
3914 4 0 3205 1644 3360 3148 
3915 4 0 3190 3836 2172 452 
3916 4 0 486 522 394 3863 
3917 4 0 3633 959 929 960 
3918 4 0 929 1634 959 3633 
3919 4 0 2893 698 2849 113 
3920 4 0 2498 2531 3049 1878 
3921 4 0 2477 2858 1407 2356 
3922 4 0 2478 2001 2294 3340 
3923 4 0 1135 3211 4064 486 
3924 4 0 1354 2169 2991 3296 
3925 4 0 652 2991 2169 1277 
3926 4 0 3635 2271 3756 1927 
3927 4 0 2271 1487 4612 3756 
3928 4 0 3542 2858 3029 3182 
3929 4 0 1822 1258 1257 1749 
3930 4 0 452 3268 3190 1803 
3931 4 0 452 2691 3268 1803 
3932 4 0 1244 1249 2955 2528 
3933 4 0 2528 2955 2150 1249 
3934 4 0 1244 2528 2955 2998 
3935 4 0 1143 36 3636 29 
3936 4 0 2695 3149 2205 614 
3937 4 0 1781 1782 391 1699 
3938 4 0 1077 1567 3372 377 
3939 4 0 977 2656 2610 2466 
3940 4 0 1567 3427 3372 377 
3941 4 0 2192 2038 2100 1435 
3942 4 0 1897 2038 2192 1435 
3943 4 0 661 3234 1077 377 
3944 4 0 375 3928 2063 1518 
3945 4 0 1518 3928 2063 3745 
3946 4 0 3604 3106 4511 3880 
3947 4 0 1874 1683 2348 2217 
3948 4 0 58 2817 3707 4212 
3949 4 0 3707 2817 672 4212 
3950 4 0 3897 2298 2492 4596 
3951 4 0 1657 1658 2747 3541 
3952 4 0 777 2381 861 2852 
3953 4 0 2381 4288 2852 410 
3954 4 0 2852 2381 410 2130 
3955 4 0 2049 2791 690 2560 
3956 4 0 3297 3144 3392 621 
3957 4 0 2323 3476 88 4298 
3958 4 0 2581 3363 378 734 
3959 4 0 690 2791 2049 4517 
3960 4 0 637 3328 619 1994 
3961 4 0 2852 2130 2335 2381 
3962 4 0 529 1138 528 3955 
3963 4 0 3955 1138 2829 529 
3964 4 0 2296 2732 2214 2225 
3965 4 0 1490 2286 1486 4075 
3966 4 0 4226 2348 762 3477 
3967 4 0 4516 2088 3077 1170 
3968 4 0 4516 1170 3077 302 
3969 4 0 2093 824 476 1024 
3970 4 0 1925 2929 2398 462 
3971 4 0 1575 2307 2476 555 
3972 4 0 555 1575 2307 1894 
3973 4 0 2476 1249 2150 2955 
3974 4 0 1575 2150 1254 555 
3975 4 0 2226 2364 2343 890 
3976 4 0 3711 2534 2020 979 
3977 4 0 1370 487 2184 1182 
3978 4 0 2483 547 2397 2581 
3979 4 0 1743 468 379 3333 
3980 4 0 462 2972 860 2182 
3981 4 0 2647 720 1319 2766 
3982 4 0 1257 2766 720 1214 
3983 4 0 1011 4376 388 4609 
3984 4 0 1306 511 954 1244 
3985 4 0 2782 1230 34 369 
3986 4 0 369 34 3591 499 
3987 4 0 369 3591 34 2782 
3988 4 0 579 1790 689 2538 
3989 4 0 2298 2944 3324 1752 
3990 4 0 1585 3457 696 2331 
3991 4 0 3363 734 1299 378 
3992 4 0 1874 2063 1995 2226 
3993 4 0 373 4362 2999 763 
3994 4 0 763 2999 3060 2076 
3995 4 0 2864 2090 2583 3169 
3996 4 0 2152 3197 2353 922 
3997 4 0 1063 3240 2286 3295 
3998 4 0 2319 996 2054 2044 
3999 4 0 1246 466 1247 842 
4000 4 0 379 2072 2319 2883 
4001 4 0 4357 3328 638 3787 
4002 4 0 2319 2044 379 2883 
4003 4 0 1983 2467 3230 4157 
4004 4 0 3295 3240 2286 4015 
4005 4 0 3295 2286 4008 4015 
4006 4 0 2223 2841 954 3195 
4007 4 0 378 2581 734 1943 
4008 4 0 149 1907 2964 989 
4009 4 0 2770 1937 3485 2671 
4010 4 0 2858 1650 2227 2671 
4011 4 0 1938 1650 2905 2671 
4012 4 0 1937 2671 2905 3485 
4013 4 0 2632 3849 2900 1523 
4014 4 0 2671 2905 3485 1407 
4015 4 0 1705 1704 2631 1810 
4016 4 0 2913 2333 1785 2642 
4017 4 0 4565 656 3049 2531 
4018 4 0 696 2554 562 1778 
4019 4 0 696 562 3457 1778 
4020 4 0 3457 562 2029 1778 
4021 4 0 2446 3623 568 2294 
4022 4 0 1813 3623 568 2586 
4023 4 0 1237 2817 1106 672 
4024 4 0 3160 2817 3707 3901 
4025 4 0 2507 2747 2402 2718 
4026 4 0 2507 2402 2697 2718 
4027 4 0 1811 567 1670 1677 
4028 4 0 1443 2548 1573 1574 
4029 4 0 1811 1669 567 1668 
4030 4 0 2531 656 1376 3410 
4031 4 0 652 2493 1379 2342 
4032 4 0 1706 2622 2569 4204 
4033 4 0 398 1492 1993 329 
4034 4 0 2933 375 3722 2827 
4035 4 0 438 332 3272 436 
4036 4 0 332 3272 338 438 
4037 4 0 438 3272 1552 436 
4038 4 0 329 1492 2356 398 
4039 4 0 1594 2533 1838 1674 
4040 4 0 1766 908 3201 3104 
4041 4 0 2449 355 2611 344 
4042 4 0 2004 2251 2214 2765 
4043 4 0 1357 3619 802 2222 
4044 4 0 2210 2042 4586 4547 
4045 4 0 4064 3211 3302 424 
4046 4 0 2188 3377 2485 2638 
4047 4 0 2629 2716 166 144 
4048 4 0 3499 2399 2754 461 
4049 4 0 1969 3503 973 975 
4050 4 0 1969 975 973 2444 
4051 4 0 1930 3565 2414 2527 
4052 4 0 3565 713 1548 2527 
4053 4 0 326 3432 3259 336 
4054 4 0 1930 1377 2527 2603 
4055 4 0 3259 3432 342 336 
4056 4 0 2435 2331 2431 2951 
4057 4 0 1203 2481 1379 578 
4058 4 0 2315 2604 2998 1696 
4059 4 0 3115 2914 4418 4419 
4060 4 0 405 2215 654 634 
4061 4 0 1473 1076 2310 2473 
4062 4 0 3804 2675 1980 4261 
4063 4 0 2999 373 2705 2005 
4064 4 0 2756 3272 2888 1636 
4065 4 0 2888 3108 346 2756 
4066 4 0 945 468 791 792 
4067 4 0 1824 1777 1387 3125 
4068 4 0 131 3471 1416 153 
4069 4 0 486 2551 872 3554 
4070 4 0 2709 964 498 1174 
4071 4 0 945 659 791 2949 
4072 4 0 2569 1675 3072 1810 
4073 4 0 621 3997 2206 1882 
4074 4 0 3276 964 1116 2073 
4075 4 0 964 1116 2073 991 
4076 4 0 1826 4554 518 486 
4077 4 0 3542 2034 473 2238 
4078 4 0 848 369 1230 1435 
4079 4 0 1793 2038 2405 1435 
4080 4 0 528 3438 2836 2529 
4081 4 0 2939 2946 3029 2858 
4082 4 0 2239 487 2004 2207 
4083 4 0 2239 2184 2207 1587 
4084 4 0 2785 602 2563 3053 
4085 4 0 2820 3118 1961 2454 
4086 4 0 2454 2813 2186 3118 
4087 4 0 2589 2629 2519 188 
4088 4 0 3104 1779 2002 2161 
4089 4 0 2935 2519 188 2589 
4090 4 0 2813 3118 2454 3338 
4091 4 0 2454 3338 1961 2427 
4092 4 0 2954 2616 3046 860 
4093 4 0 3102 2035 3149 2368 
4094 4 0 37 937 50 839 
4095 4 0 3898 1831 3903 2550 
4096 4 0 630 3319 633 209 
4097 4 0 937 2541 50 839 
4098 4 0 3664 2399 3290 3143 
4099 4 0 4576 3290 2399 3143 
4100 4 0 452 3725 731 2711 
4101 4 0 1718 3122 2089 677 
4102 4 0 1486 1447 926 3357 
4103 4 0 626 1440 2510 2513 
4104 4 0 2824 2243 3085 595 
4105 4 0 2816 3519 2243 3991 
4106 4 0 1764 1879 1847 1607 
4107 4 0 1764 1879 1073 1847 
4108 4 0 2399 3499 4582 829 
4109 4 0 3668 3354 2372 2146 
4110 4 0 3328 1994 1500 619 
4111 4 0 2243 2816 3220 3519 
4112 4 0 2131 1814 1024 1776 
4113 4 0 2484 3208 3230 1852 
4114 4 0 2484 1848 3186 3230 
4115 4 0 2484 3230 3186 4046 
4116 4 0 2484 1852 3230 4046 
4117 4 0 2038 2100 677 2192 
4118 4 0 3814 3025 2534 2339 
4119 4 0 2628 3365 1113 2605 
4120 4 0 689 2255 2372 1790 
4121 4 0 2372 2255 2525 1765 
4122 4 0 1182 2667 2311 2261 
4123 4 0 832 1255 407 1254 
4124 4 0 3587 2516 3466 2278 
4125 4 0 1255 407 3056 3353 
4126 4 0 448 2171 890 547 
4127 4 0 4218 1303 2730 2517 
4128 4 0 1771 3245 393 3227 
4129 4 0 3466 2767 2440 1451 
4130 4 0 393 2329 2864 2090 
4131 4 0 2485 1790 4094 3668 
4132 4 0 442 2077 305 2603 
4133 4 0 2603 2077 305 3064 
4134 4 0 553 1956 2177 825 
4135 4 0 2674 4106 3279 569 
4136 4 0 992 2640 1906 2709 
4137 4 0 2256 842 1601 2406 
4138 4 0 1601 550 2528 2373 
4139 4 0 1757 1707 2239 3518 
4140 4 0 2225 2296 2004 2214 
4141 4 0 2732 2296 2214 2565 
4142 4 0 3003 2736 2707 2310 
4143 4 0 550 2373 2071 870 
4144 4 0 2512 3717 3343 3921 
4145 4 0 2670 1583 2445 3095 
4146 4 0 2443 409 2670 1583 
4147 4 0 3202 2949 2898 3003 
4148 4 0 1743 379 2223 2178 
4149 4 0 379 1743 3333 2054 
4150 4 0 2706 2311 2332 918 
4151 4 0 1240 787 2297 783 
4152 4 0 2311 1182 918 2706 
4153 4 0 2022 3398 4029 3351 
4154 4 0 3258 2090 2048 384 
4155 4 0 2387 1844 4303 3953 
4156 4 0 1844 2387 373 1120 
4157 4 0 2629 2716 3089 2651 
4158 4 0 1844 4303 373 2387 
4159 4 0 4199 1669 567 1670 
4160 4 0 1120 1844 3953 1672 
4161 4 0 3045 3050 1550 1583 
4162 4 0 3050 2721 3045 1550 
4163 4 0 555 2307 2476 2607 
4164 4 0 2402 2883 4022 2072 
4165 4 0 4022 2883 2867 2072 
4166 4 0 1537 513 139 4143 
4167 4 0 1844 3759 1672 1120 
4168 4 0 2062 2342 2376 2842 
4169 4 0 652 2062 2392 2493 
4170 4 0 599 1989 3314 662 
4171 4 0 1036 3314 599 1989 
4172 4 0 2534 2272 3495 2020 
4173 4 0 2466 1498 2874 2292 
4174 4 0 2272 2703 2020 979 
4175 4 0 528 3249 2194 624 
4176 4 0 1439 2787 2759 1280 
4177 4 0 1439 1280 2759 2196 
4178 4 0 3366 492 4126 1332 
4179 4 0 3366 1332 1867 402 
4180 4 0 2002 1628 373 2705 
4181 4 0 173 2864 1308 1294 
4182 4 0 909 1145 631 1942 
4183 4 0 595 2039 3220 1369 
4184 4 0 2211 2431 1585 1778 
4185 4 0 1531 3900 1114 3463 
4186 4 0 1302 1586 1973 2281 
4187 4 0 2298 1735 1607 1752 
4188 4 0 3139 3460 1409 3035 
4189 4 0 1424 2480 1412 1411 
4190 4 0 2515 2544 12 3461 
4191 4 0 3461 7 2544 12 
4192 4 0 3233 1469 2965 3261 
4193 4 0 4082 620 657 410 
4194 4 0 657 410 620 2531 
4195 4 0 1355 427 470 765 
4196 4 0 949 736 1966 2315 
4197 4 0 3233 2214 1469 3261 
4198 4 0 2531 657 1768 620 
4199 4 0 3204 1376 657 1768 
4200 4 0 4247 765 764 1355 
4201 4 0 4432 2081 4600 613 
4202 4 0 2708 736 949 2315 
4203 4 0 1731 3120 2706 1860 
4204 4 0 2864 1285 152 130 
4205 4 0 2914 2667 1145 2311 
4206 4 0 1182 2378 2667 2261 
4207 4 0 3708 2914 2311 2667 
4208 4 0 652 2342 1278 2376 
4209 4 0 2583 2864 2786 2090 
4210 4 0 1857 3305 1368 2583 
4211 4 0 2256 3579 2916 490 
4212 4 0 1507 643 1513 642 
4213 4 0 3468 3210 1263 2314 
4214 4 0 870 3240 4015 2286 
4215 4 0 1859 1511 2706 1860 
4216 4 0 2054 3099 2172 2915 
4217 4 0 1575 1249 2150 2476 
4218 4 0 1801 2054 3001 2915 
4219 4 0 2299 879 1322 2535 
4220 4 0 2440 3668 688 2342 
4221 4 0 2431 2331 372 1585 
4222 4 0 2431 1585 707 2211 
4223 4 0 3741 1835 1797 2535 
4224 4 0 3406 2435 2331 372 
4225 4 0 2634 2012 2443 409 
4226 4 0 2747 2402 2883 795 
4227 4 0 2402 2747 2383 795 
4228 4 0 2399 461 1931 2754 
4229 4 0 1931 2754 1350 1414 
4230 4 0 2036 1931 2399 461 
4231 4 0 1865 3241 1352 2075 
4232 4 0 3367 4238 2605 1163 
4233 4 0 3927 3053 2879 2855 
4234 4 0 1551 3171 830 1837 
4235 4 0 3367 4429 2605 4238 
4236 4 0 3045 1233 1583 1637 
4237 4 0 2520 1400 3618 1525 
4238 4 0 460 1004 671 2520 
4239 4 0 854 409 1583 1233 
4240 4 0 810 1676 3214 1153 
4241 4 0 3045 1233 854 1583 
4242 4 0 2759 2757 2240 1427 
4243 4 0 4134 3644 3538 3157 
4244 4 0 1427 2375 1936 2141 
4245 4 0 2543 2375 2585 614 
4246 4 0 2365 851 51 2971 
4247 4 0 3266 4144 3146 1453 
4248 4 0 3819 4299 913 4540 
4249 4 0 3083 4203 1087 4538 
4250 4 0 2378 1182 2184 2261 
4251 4 0 2167 2295 2190 1748 
4252 4 0 1327 854 1583 3045 
4253 4 0 1257 1214 720 1339 
4254 4 0 1392 473 2034 2238 
4255 4 0 2488 2228 260 1398 
4256 4 0 3254 2852 1650 2875 
4257 4 0 1642 4456 2096 419 
4258 4 0 2730 1303 2391 1785 
4259 4 0 3364 2855 1253 602 
4260 4 0 3140 4456 4100 1642 
4261 4 0 632 3258 384 2090 
4262 4 0 3219 2571 2592 599 
4263 4 0 1891 2112 3350 4377 
4264 4 0 1978 2635 1925 2098 
4265 4 0 509 2098 1925 1023 
4266 4 0 1978 1133 2929 2635 
4267 4 0 2177 1956 2161 1739 
4268 4 0 3025 3087 2594 979 
4269 4 0 3632 2377 3864 2211 
4270 4 0 1303 634 1785 405 
4271 4 0 3376 2476 2307 895 
4272 4 0 2380 1997 2059 2027 
4273 4 0 2065 760 703 1878 
4274 4 0 2971 987 2468 2267 
4275 4 0 2267 2249 2468 2795 
4276 4 0 1456 3807 4443 760 
4277 4 0 3693 1997 2182 2305 
4278 4 0 795 2383 2402 603 
4279 4 0 944 2161 2310 1076 
4280 4 0 2075 1621 3241 4498 
4281 4 0 4009 2075 4498 1621 
4282 4 0 480 605 1693 4282 
4283 4 0 1740 1741 968 2915 
4284 4 0 3635 1228 75 2271 
4285 4 0 691 2842 3668 1790 
4286 4 0 1230 2004 2251 2782 
4287 4 0 2271 4612 75 3635 
4288 4 0 4588 3338 1714 2089 
4289 4 0 2404 1897 3262 2666 
4290 4 0 3814 2496 2534 4388 
4291 4 0 543 2834 2089 376 
4292 4 0 677 543 2089 376 
4293 4 0 2584 377 2176 2502 
4294 4 0 2405 5 1793 848 
4295 4 0 14 848 5 2405 
4296 4 0 2181 2379 1766 3022 
4297 4 0 2089 3338 2454 2427 
4298 4 0 2089 2454 677 2427 
4299 4 0 329 1993 2744 340 
4300 4 0 3407 340 2744 1993 
4301 4 0 1915 2734 2816 3875 
4302 4 0 2834 2904 2523 1721 
4303 4 0 1715 3976 2800 378 
4304 4 0 2660 2987 1130 4416 
4305 4 0 1804 1805 2468 987 
4306 4 0 1721 2523 1564 769 
4307 4 0 4426 1531 1131 451 
4308 4 0 3409 2626 2830 2246 
4309 4 0 376 3261 2246 2669 
4310 4 0 3060 2672 3098 1597 
4311 4 0 2859 579 697 692 
4312 4 0 2198 2423 2467 444 
4313 4 0 1739 2639 2176 2310 
4314 4 0 1739 2310 2176 787 
4315 4 0 985 2276 4087 1543 
4316 4 0 2534 979 3025 3494 
4317 4 0 2291 2758 937 4372 
4318 4 0 366 937 4371 4372 
4319 4 0 2569 979 2631 3494 
4320 4 0 979 3025 3494 2622 
4321 4 0 890 2269 2506 2364 
4322 4 0 2269 880 2506 1217 
4323 4 0 1474 1583 2953 2103 
4324 4 0 4421 3636 1143 48 
4325 4 0 399 1254 3571 2897 
4326 4 0 1501 2788 1930 4549 
4327 4 0 3257 1466 835 2537 
4328 4 0 2537 855 835 2578 
4329 4 0 2376 2392 2062 1247 
4330 4 0 2842 2062 1247 2376 
4331 4 0 4545 1337 2953 494 
4332 4 0 3727 612 3614 3436 
4333 4 0 1758 836 2560 1776 
4334 4 0 3594 3614 3733 3903 
4335 4 0 1738 2165 918 1742 
4336 4 0 2988 2994 4361 375 
4337 4 0 2049 836 1776 2560 
4338 4 0 4466 2139 429 3285 
4339 4 0 1953 2392 466 2062 
4340 4 0 1330 2896 865 2568 
4341 4 0 1330 2521 865 2896 
4342 4 0 3300 345 335 2793 
4343 4 0 4363 920 2181 1766 
4344 4 0 1545 4323 2162 509 
4345 4 0 2297 1563 3003 3500 
4346 4 0 3888 1844 373 3759 
4347 4 0 3888 1844 3479 373 
4348 4 0 1469 3641 2214 3233 
4349 4 0 2675 424 3925 2016 
4350 4 0 1824 2949 3125 3643 
4351 4 0 3592 4397 4398 2899 
4352 4 0 2994 4397 2899 4398 
4353 4 0 2540 1797 2686 3205 
4354 4 0 1797 3205 2540 2535 
4355 4 0 3531 2835 2848 2245 
4356 4 0 1994 3337 1275 3093 
4357 4 0 3492 2646 3249 624 
4358 4 0 2288 653 1869 711 
4359 4 0 3856 2200 2752 2401 
4360 4 0 3856 2200 2762 2752 
4361 4 0 2983 3670 607 3093 
4362 4 0 2762 2752 2703 2417 
4363 4 0 511 949 2078 1966 
4364 4 0 511 2315 1966 2885 
4365 4 0 3759 373 1120 1844 
4366 4 0 602 3364 480 1253 
4367 4 0 1894 1575 2307 3213 
4368 4 0 555 1894 602 2563 
4369 4 0 329 2689 398 2356 
4370 4 0 395 3517 4216 784 
4371 4 0 3836 3510 2694 3859 
4372 4 0 1881 458 1489 3009 
4373 4 0 427 425 3282 2042 
4374 4 0 1765 932 578 706 
4375 4 0 706 3247 3362 578 
4376 4 0 2427 1299 1202 1943 
4377 4 0 2427 1299 1145 1202 
4378 4 0 2324 1548 1661 350 
4379 4 0 1661 2788 2527 2304 
4380 4 0 4566 3860 4064 4246 
4381 4 0 2152 2048 3258 2090 
4382 4 0 2081 613 2562 4600 
4383 4 0 4570 1136 1828 516 
4384 4 0 19 2192 676 3753 
4385 4 0 3456 2105 2694 3190 
4386 4 0 3806 2694 2925 3190 
4387 4 0 2975 2216 1003 830 
4388 4 0 2562 613 2081 3669 
4389 4 0 3555 3337 4233 2028 
4390 4 0 1701 1672 3133 1120 
4391 4 0 2295 2190 719 872 
4392 4 0 719 872 1749 4112 
4393 4 0 4366 2157 491 3257 
4394 4 0 484 1355 425 427 
4395 4 0 2022 4029 2886 3351 
4396 4 0 1183 3169 2301 2363 
4397 4 0 2775 2583 2301 3169 
4398 4 0 987 2267 260 1736 
4399 4 0 2022 4168 4029 3398 
4400 4 0 3368 442 2641 3578 
4401 4 0 2894 1303 1423 4114 
4402 4 0 3368 2641 457 3578 
4403 4 0 1423 655 4188 654 
4404 4 0 2101 568 1845 4206 
4405 4 0 4206 2478 2101 568 
4406 4 0 624 2194 528 914 
4407 4 0 4364 2368 864 614 
4408 4 0 4364 2411 864 2368 
4409 4 0 134 2182 1011 4186 
4410 4 0 2143 2620 3130 2828 
4411 4 0 2546 699 999 3501 
4412 4 0 999 2904 699 2546 
4413 4 0 60 1229 44 69 
4414 4 0 2004 2207 2565 1756 
4415 4 0 1756 1927 2207 2565 
4416 4 0 1068 2302 2354 367 
4417 4 0 3457 2447 1607 1879 
4418 4 0 2322 2705 1979 3248 
4419 4 0 2547 4255 4032 1329 
4420 4 0 1897 2765 4076 543 
4421 4 0 1008 543 2450 1152 
4422 4 0 2314 4283 2608 3772 
4423 4 0 2750 2314 893 3628 
4424 4 0 4448 411 2815 2088 
4425 4 0 411 2874 300 2815 
4426 4 0 3832 3640 396 2295 
4427 4 0 1325 3928 1160 375 
4428 4 0 2271 2296 2004 56 
4429 4 0 2296 2271 2004 2565 
4430 4 0 2372 689 2525 2255 
4431 4 0 2208 2634 2759 1936 
4432 4 0 2759 495 1936 2634 
4433 4 0 4540 1861 1474 4541 
4434 4 0 4540 4541 1474 4532 
4435 4 0 964 4341 2795 992 
4436 4 0 2640 1806 1906 2709 
4437 4 0 4341 964 2640 992 
4438 4 0 2405 369 1435 2038 
4439 4 0 641 1699 4346 3727 
4440 4 0 641 3727 4346 2118 
4441 4 0 1139 4113 1898 774 
4442 4 0 2852 2130 760 1650 
4443 4 0 1724 1767 3694 1545 
4444 4 0 1266 2511 2382 2799 
4445 4 0 370 66 850 2817 
4446 4 0 1750 370 850 2817 
4447 4 0 4519 2961 3464 2472 
4448 4 0 4519 2961 2472 1999 
4449 4 0 963 3464 689 2472 
4450 4 0 3335 2698 3212 4153 
4451 4 0 3532 3335 4153 2698 
4452 4 0 2698 2437 4153 3532 
4453 4 0 998 2841 2964 1180 
4454 4 0 1612 2013 1903 683 
4455 4 0 1956 1740 3001 1743 
4456 4 0 4208 2766 3674 3394 
4457 4 0 4208 2766 3952 3153 
4458 4 0 2487 3976 804 2800 
4459 4 0 2806 4045 4112 2467 
4460 4 0 3867 712 3181 776 
4461 4 0 3867 3181 2159 776 
4462 4 0 2256 1405 3579 2268 
4463 4 0 2256 1405 2268 467 
4464 4 0 2795 4060 4341 2468 
4465 4 0 80 841 43 73 
4466 4 0 80 76 43 841 
4467 4 0 2709 1535 2073 3276 
4468 4 0 2617 760 4443 3459 
4469 4 0 1878 2065 2617 2531 
4470 4 0 2045 2639 1166 3379 
4471 4 0 1556 366 4404 25 
4472 4 0 1992 637 1273 658 
4473 4 0 4357 1992 658 637 
4474 4 0 25 366 4404 3550 
4475 4 0 2265 2741 1166 3379 
4476 4 0 4438 1450 814 607 
4477 4 0 2223 2178 379 3195 
4478 4 0 1171 1450 814 4438 
4479 4 0 908 763 4363 920 
4480 4 0 2302 367 2553 4406 
4481 4 0 760 1911 4443 1914 
4482 4 0 2951 1448 565 4089 
4483 4 0 2555 1571 2459 3327 
4484 4 0 958 1930 3264 2770 
4485 4 0 2848 4529 3554 3011 
4486 4 0 1571 3327 2555 1442 
4487 4 0 1655 2951 1448 4411 
4488 4 0 4411 564 2951 565 
4489 4 0 1506 1923 2051 2312 
4490 4 0 2051 1923 1506 2261 
4491 4 0 2282 4098 1920 2238 
4492 4 0 2886 3351 3601 2955 
4493 4 0 562 46 32 4410 
4494 4 0 3018 2540 3575 2499 
4495 4 0 2485 2188 2842 2173 
4496 4 0 2275 3018 3575 2499 
4497 4 0 3668 2485 2842 2173 
4498 4 0 2842 2062 2516 1247 
4499 4 0 2646 2194 3504 3249 
4500 4 0 787 1739 1956 1743 
4501 4 0 2606 1409 3035 336 
4502 4 0 960 2493 2392 1959 
4503 4 0 2561 2283 838 33 
4504 4 0 33 2561 1225 1229 
4505 4 0 3146 2149 1926 2245 
4506 4 0 373 1210 3551 3094 
4507 4 0 1701 2387 1120 4089 
4508 4 0 553 1740 1956 825 
4509 4 0 825 1740 1956 1743 
4510 4 0 1934 1814 2421 2131 
4511 4 0 675 2808 3717 3921 
4512 4 0 787 3202 468 3333 
4513 4 0 491 558 2157 557 
4514 4 0 2971 2291 2758 2365 
4515 4 0 2157 558 4161 557 
4516 4 0 4577 2614 673 4579 
4517 4 0 3672 673 4579 4577 
4518 4 0 1229 56 1228 1230 
4519 4 0 2668 449 3799 3318 
4520 4 0 1242 3689 607 2490 
4521 4 0 3689 1242 3093 3803 
4522 4 0 4339 1200 3178 2407 
4523 4 0 599 1036 1035 3219 
4524 4 0 1063 525 2286 3240 
4525 4 0 599 3219 1729 1036 
4526 4 0 1729 1036 2676 599 
4527 4 0 599 1036 2676 3314 
4528 4 0 4370 521 562 845 
4529 4 0 521 562 845 840 
4530 4 0 521 2431 2211 2554 
4531 4 0 3267 525 2286 1063 
4532 4 0 2037 367 2465 2322 
4533 4 0 2858 4036 398 1958 
4534 4 0 1328 4545 1336 494 
4535 4 0 1258 1822 1257 2274 
4536 4 0 2830 3997 2246 918 
4537 4 0 2633 1385 4219 1389 
4538 4 0 1992 3172 636 610 
4539 4 0 2246 678 1820 627 
4540 4 0 2246 627 2769 1042 
4541 4 0 2731 2213 4182 2590 
4542 4 0 896 648 4267 2567 
4543 4 0 3129 523 2166 1746 
4544 4 0 2596 1250 2976 428 
4545 4 0 401 2551 872 428 
4546 4 0 1188 896 4267 2833 
4547 4 0 2050 525 2256 3653 
4548 4 0 2823 2050 571 4344 
4549 4 0 2570 2311 2943 1202 
4550 4 0 2404 3222 28 1226 
4551 4 0 28 1226 39 2404 
4552 4 0 1226 39 2404 53 
4553 4 0 673 4577 2438 2614 
4554 4 0 1869 653 2273 2570 
4555 4 0 53 62 2794 1226 
4556 4 0 53 2794 2404 1226 
4557 4 0 2256 2516 842 1251 
4558 4 0 842 2516 1247 1251 
4559 4 0 1180 381 3016 382 
4560 4 0 2441 979 2218 2479 
4561 4 0 2441 979 1406 2218 
4562 4 0 4082 2717 2381 4558 
4563 4 0 3573 599 2006 662 
4564 4 0 3050 2938 3628 1815 
4565 4 0 2317 669 1111 758 
4566 4 0 2317 522 3084 1111 
4567 4 0 617 4368 2030 3172 
4568 4 0 3801 2030 610 593 
4569 4 0 617 2030 636 3172 
4570 4 0 2804 2938 3628 3050 
4571 4 0 3050 1815 3628 1970 
4572 4 0 602 898 549 480 
4573 4 0 2379 857 2181 2704 
4574 4 0 471 4460 3282 1659 
4575 4 0 1375 1303 1305 1878 
4576 4 0 1305 1878 1303 2730 
4577 4 0 1303 2894 1375 2517 
4578 4 0 2775 1856 2864 1505 
4579 4 0 1303 1305 2730 2517 
4580 4 0 3131 2385 2164 401 
4581 4 0 1749 2164 1257 401 
4582 4 0 428 3131 2164 401 
4583 4 0 3696 2304 2527 1501 
4584 4 0 2798 424 3150 3302 
4585 4 0 165 3441 1101 4376 
4586 4 0 1102 2813 1718 3338 
4587 4 0 653 2288 2273 642 
4588 4 0 2813 2454 1718 3338 
4589 4 0 2397 2380 860 448 
4590 4 0 744 3876 996 2044 
4591 4 0 744 1105 3876 2044 
4592 4 0 4379 1101 3441 4376 
4593 4 0 637 3328 2080 619 
4594 4 0 414 1449 3473 4604 
4595 4 0 2524 658 637 3328 
4596 4 0 1042 1922 1921 1882 
4597 4 0 3531 3381 2913 1929 
4598 4 0 4008 258 4512 4015 
4599 4 0 2568 912 2896 3014 
4600 4 0 1280 2196 1439 2908 
4601 4 0 1439 2196 2759 2597 
4602 4 0 1942 1961 2100 909 
4603 4 0 1469 3261 2251 2827 
4604 4 0 1544 909 2116 1231 
4605 4 0 1745 1747 922 2591 
4606 4 0 3809 2815 411 300 
4607 4 0 2591 392 1747 2252 
4608 4 0 2298 1735 1752 2430 
4609 4 0 1145 3036 2051 2667 
4610 4 0 2667 1858 1923 2261 
4611 4 0 2667 2051 2261 3036 
4612 4 0 3630 1113 2027 2862 
4613 4 0 734 1869 1202 2570 
4614 4 0 3698 3447 2512 160 
4615 4 0 1858 1923 2232 2667 
4616 4 0 4395 3904 2265 3007 
4617 4 0 2240 1935 2191 2536 
4618 4 0 2106 2489 1768 365 
4619 4 0 1683 2988 4361 375 
4620 4 0 4361 2988 1683 925 
4621 4 0 633 2519 166 188 
4622 4 0 188 2629 2519 166 
4623 4 0 4104 2536 2191 3091 
4624 4 0 730 371 1115 61 
4625 4 0 987 61 3433 371 
4626 4 0 1728 2872 2696 1758 
4627 4 0 1115 371 991 3433 
4628 4 0 442 1940 2242 1939 
4629 4 0 2082 2559 2582 598 
4630 4 0 1891 547 2171 2483 
4631 4 0 1891 2581 1207 547 
4632 4 0 1605 2805 3451 1889 
4633 4 0 1932 1003 492 402 
4634 4 0 1269 2034 4036 2740 
4635 4 0 1676 3221 2582 2559 
4636 4 0 3258 2301 632 606 
4637 4 0 3169 606 2301 3770 
4638 4 0 2857 2059 606 1113 
4639 4 0 3130 2835 2149 3146 
4640 4 0 1767 1545 2162 3788 
4641 4 0 1980 1910 3146 2848 
4642 4 0 3146 1980 2848 2245 
4643 4 0 3377 2522 1969 2548 
4644 4 0 2425 493 2876 2522 
4645 4 0 3333 609 3104 2001 
4646 4 0 4338 2618 1533 553 
4647 4 0 1797 3205 2535 1835 
4648 4 0 1249 2151 399 1254 
4649 4 0 2121 1249 2151 399 
4650 4 0 2487 3976 2834 2102 
4651 4 0 1958 1418 2744 2394 
4652 4 0 398 4036 1418 1958 
4653 4 0 3625 2652 2591 3617 
4654 4 0 929 1633 3508 1759 
4655 4 0 1953 2062 1954 1960 
4656 4 0 1633 1634 929 1951 
4657 4 0 929 3633 2392 1634 
4658 4 0 3588 628 1469 2251 
4659 4 0 369 1159 499 2827 
4660 4 0 991 761 2073 2821 
4661 4 0 2073 2821 925 991 
4662 4 0 2647 1320 720 1287 
4663 4 0 498 2073 964 2709 
4664 4 0 4441 882 2885 1796 
4665 4 0 473 1214 1339 720 
4666 4 0 4441 3471 1796 2885 
4667 4 0 473 2647 1214 720 
4668 4 0 3633 1953 1959 2392 
4669 4 0 4441 2885 1223 1416 
4670 4 0 2885 4441 1223 882 
4671 4 0 1153 1676 544 1207 
4672 4 0 1953 2062 2278 1954 
4673 4 0 2636 2387 1120 2101 
4674 4 0 79 83 2254 1707 
4675 4 0 1320 720 728 1319 
4676 4 0 2073 2501 2674 2081 
4677 4 0 727 1319 728 2274 
4678 4 0 1718 1007 677 2454 
4679 4 0 2274 2722 728 727 
4680 4 0 979 3343 2622 2218 
4681 4 0 1319 720 2274 2766 
4682 4 0 1320 2647 1319 1289 
4683 4 0 1872 1683 1842 2073 
4684 4 0 382 3042 1180 381 
4685 4 0 2420 1587 749 2116 
4686 4 0 2777 1587 2051 2261 
4687 4 0 2655 3282 4465 4224 
4688 4 0 2051 1923 2261 3036 
4689 4 0 3258 384 2048 711 
4690 4 0 2862 2059 2397 2026 
4691 4 0 2627 2055 2057 2093 
4692 4 0 2503 377 3234 661 
4693 4 0 2771 871 2495 3237 
4694 4 0 2423 1749 3294 1748 
4695 4 0 3408 2206 3041 1493 
4696 4 0 2704 2222 2181 1766 
4697 4 0 511 1853 2276 390 
4698 4 0 205 1181 184 390 
4699 4 0 2480 2145 2403 2564 
4700 4 0 1448 3390 1655 2973 
4701 4 0 2951 3390 1655 1448 
4702 4 0 4191 1551 3053 3444 
4703 4 0 1498 4040 2193 3772 
4704 4 0 4190 4195 505 3820 
4705 4 0 2920 2638 2557 933 
4706 4 0 933 2557 2538 2638 
4707 4 0 368 2994 875 2405 
4708 4 0 2994 2389 875 2405 
4709 4 0 3566 2968 55 46 
4710 4 0 2474 1371 3048 3252 
4711 4 0 55 3566 3324 2968 
4712 4 0 2949 2297 3003 787 
4713 4 0 55 3324 64 2968 
4714 4 0 2352 425 2424 1888 
4715 4 0 1886 2714 1518 1816 
4716 4 0 4364 2411 4365 525 
4717 4 0 4364 525 4365 1063 
4718 4 0 541 2160 2348 857 
4719 4 0 3844 2678 2740 1920 
4720 4 0 3360 3313 2160 1644 
4721 4 0 2322 4406 3248 2619 
4722 4 0 2160 3575 2499 857 
4723 4 0 1164 661 2865 942 
4724 4 0 2671 3618 1650 2227 
4725 4 0 3620 2691 452 3836 
4726 4 0 3836 3129 452 3620 
4727 4 0 452 1803 3190 3836 
4728 4 0 452 2691 1803 3836 
4729 4 0 1701 565 4391 4089 
4730 4 0 2990 3269 2539 2718 
4731 4 0 2592 1035 3573 1000 
4732 4 0 2990 4271 3269 2718 
4733 4 0 3322 2173 1444 3327 
4734 4 0 2010 1356 3413 374 
4735 4 0 2173 2351 3322 1444 
4736 4 0 3774 2709 4231 498 
4737 4 0 2411 2688 2992 3910 
4738 4 0 2990 1677 3269 4271 
4739 4 0 2411 2992 2688 584 
4740 4 0 2182 2972 1870 2633 
4741 4 0 863 1870 2633 388 
4742 4 0 1709 3839 1710 2928 
4743 4 0 424 3846 3302 2798 
4744 4 0 414 316 713 3108 
4745 4 0 713 316 327 3108 
4746 4 0 316 414 713 3052 
4747 4 0 316 1974 713 327 
4748 4 0 2816 2395 2182 448 
4749 4 0 2443 969 2670 2012 
4750 4 0 2670 969 3095 2445 
4751 4 0 3095 969 2670 2443 
4752 4 0 1933 2953 1474 409 
4753 4 0 2180 1933 409 2012 
4754 4 0 3211 3846 3302 424 
4755 4 0 1976 3839 3684 3810 
4756 4 0 2364 1217 2506 2927 
4757 4 0 2311 2332 918 2165 
4758 4 0 3486 2364 2927 1217 
4759 4 0 2637 1907 2964 149 
4760 4 0 3018 2222 2275 3619 
4761 4 0 2228 2799 847 371 
4762 4 0 525 870 3240 2085 
4763 4 0 901 2877 3228 2726 
4764 4 0 2726 3492 3564 961 
4765 4 0 2202 2072 2883 2718 
4766 4 0 2922 3277 3565 1636 
4767 4 0 2246 3263 2063 3722 
4768 4 0 1641 110 1639 2964 
4769 4 0 562 4387 4410 32 
4770 4 0 2404 1435 1230 1897 
4771 4 0 1230 2782 2251 369 
4772 4 0 2760 993 741 3929 
4773 4 0 3004 2985 3030 2071 
4774 4 0 2019 427 3282 400 
4775 4 0 400 3282 2019 2655 
4776 4 0 2361 1340 4016 3181 
4777 4 0 165 3710 3266 180 
4778 4 0 673 665 2408 2414 
4779 4 0 673 665 2414 3465 
4780 4 0 3849 2900 853 1338 
4781 4 0 1940 2242 415 443 
4782 4 0 2242 298 415 443 
4783 4 0 3333 1103 2995 3104 
4784 4 0 3159 3394 2647 1289 
4785 4 0 1735 1526 2584 3155 
4786 4 0 811 2892 1149 3608 
4787 4 0 2766 3674 3394 2403 
4788 4 0 2263 3394 2403 2766 
4789 4 0 651 2220 4171 3028 
4790 4 0 1202 1145 2943 1299 
4791 4 0 1027 4261 263 239 
4792 4 0 3391 3153 1822 4157 
4793 4 0 2740 2532 2778 4036 
4794 4 0 1736 1398 371 991 
4795 4 0 1902 191 3278 183 
4796 4 0 1902 1904 207 941 
4797 4 0 1716 1102 3338 3115 
4798 4 0 2316 1263 2577 3772 
4799 4 0 1604 489 4503 2596 
4800 4 0 365 408 1768 2106 
4801 4 0 3204 1265 2489 3035 
4802 4 0 3035 1265 2489 365 
4803 4 0 2596 519 428 489 
4804 4 0 1737 2126 1738 2094 
4805 4 0 2206 1882 1738 621 
4806 4 0 1737 2206 1738 621 
4807 4 0 3149 624 1203 4364 
4808 4 0 593 610 2200 619 
4809 4 0 2269 450 880 502 
4810 4 0 2506 880 450 3046 
4811 4 0 2276 2220 2900 2708 
4812 4 0 1994 3093 1275 1500 
4813 4 0 1926 388 2182 2064 
4814 4 0 462 2182 2380 1926 
4815 4 0 3231 2885 3471 1416 
4816 4 0 1927 2488 1756 1755 
4817 4 0 1614 467 4152 1571 
4818 4 0 1927 1398 2674 2360 
4819 4 0 2953 1233 2103 1583 
4820 4 0 2103 1549 1233 2953 
4821 4 0 3096 1233 1549 2953 
4822 4 0 394 2749 2675 4064 
4823 4 0 3278 2013 2167 1748 
4824 4 0 1823 1447 244 3393 
4825 4 0 968 1890 3463 2915 
4826 4 0 2022 4274 4029 3075 
4827 4 0 1585 2331 696 2431 
4828 4 0 4134 4136 3157 401 
4829 4 0 4521 2974 2049 836 
4830 4 0 2491 3577 4442 4130 
4831 4 0 2491 1305 4442 3577 
4832 4 0 2971 76 851 68 
4833 4 0 2650 3227 136 157 
4834 4 0 1302 1973 2391 2281 
4835 4 0 2116 57 70 3303 
4836 4 0 1527 2485 1208 2598 
4837 4 0 1757 1227 3518 2116 
4838 4 0 2355 2468 4341 4060 
4839 4 0 1747 510 1250 3846 
4840 4 0 918 2830 3997 2206 
4841 4 0 1738 918 2206 1742 
4842 4 0 4403 3340 4206 2294 
4843 4 0 3083 2122 2344 479 
4844 4 0 467 1405 2516 2256 
4845 4 0 674 2203 1938 2905 
4846 4 0 1250 2596 2164 428 
4847 4 0 2925 4359 3806 3190 
4848 4 0 3190 3456 4359 3806 
4849 4 0 2493 2599 1960 1663 
4850 4 0 787 1240 3003 2310 
4851 4 0 2106 1768 620 408 
4852 4 0 2106 657 620 1768 
4853 4 0 2431 834 763 2951 
4854 4 0 2331 2973 1448 4089 
4855 4 0 2699 762 2348 2073 
4856 4 0 741 3273 2760 1104 
4857 4 0 2005 2959 908 2002 
4858 4 0 1133 1132 1318 2635 
4859 4 0 1686 1978 1132 1133 
4860 4 0 2932 2959 3273 2692 
4861 4 0 1978 1132 1133 2635 
4862 4 0 1315 2134 2006 2179 
4863 4 0 3366 402 492 1332 
4864 4 0 3202 2161 2001 3333 
4865 4 0 1128 2780 3065 4377 
4866 4 0 4173 675 1762 2512 
4867 4 0 3825 1148 3639 2582 
4868 4 0 80 987 1804 986 
4869 4 0 2474 1148 3825 2582 
4870 4 0 466 2911 2373 1246 
4871 4 0 842 2321 2373 2528 
4872 4 0 76 987 80 986 
4873 4 0 3155 2331 1879 2021 
4874 4 0 3169 3245 632 606 
4875 4 0 1255 3056 3428 3353 
4876 4 0 2959 2760 2002 2005 
4877 4 0 4036 2341 2740 2532 
4878 4 0 2689 398 2744 329 
4879 4 0 2689 398 1418 2744 
4880 4 0 1741 1315 2134 380 
4881 4 0 3749 2160 1644 1129 
4882 4 0 1707 3518 74 2239 
4883 4 0 3098 3060 1597 2999 
4884 4 0 3518 2977 2239 2777 
4885 4 0 1756 2207 1757 1230 
4886 4 0 2207 2239 1230 2004 
4887 4 0 3518 74 2239 2977 
4888 4 0 3472 4241 2444 2127 
4889 4 0 975 2127 3472 2444 
4890 4 0 3169 2359 2153 2209 
4891 4 0 678 3403 2773 627 
4892 4 0 3169 2775 2864 1505 
4893 4 0 678 2773 1820 627 
4894 4 0 2848 2675 394 2245 
4895 4 0 2848 394 1929 2245 
4896 4 0 2027 3441 2064 2182 
4897 4 0 1242 3093 2983 607 
4898 4 0 2487 3976 2102 804 
4899 4 0 1933 494 409 2634 
4900 4 0 2800 3976 2523 378 
4901 4 0 2390 2798 1495 1020 
4902 4 0 2556 1264 429 2414 
4903 4 0 1331 3565 3760 420 
4904 4 0 1071 3130 2935 2589 
4905 4 0 3565 3760 420 2414 
4906 4 0 3271 2237 1970 2316 
4907 4 0 524 3757 2439 3267 
4908 4 0 524 2829 2439 3757 
4909 4 0 2333 2163 2491 1785 
4910 4 0 3488 2302 2465 3265 
4911 4 0 2178 3001 2915 1740 
4912 4 0 2178 2915 2172 1740 
4913 4 0 2951 4394 3521 696 
4914 4 0 1927 2360 3237 3756 
4915 4 0 1927 3756 3237 2271 
4916 4 0 2038 376 1721 417 
4917 4 0 2927 2364 3486 2535 
4918 4 0 177 2929 1133 194 
4919 4 0 2597 2536 2759 2757 
4920 4 0 2369 2449 2611 3966 
4921 4 0 3768 4204 2545 2569 
4922 4 0 2089 3338 3976 4588 
4923 4 0 2569 3494 3768 4204 
4924 4 0 1914 1650 2852 760 
4925 4 0 3722 2669 1384 2389 
4926 4 0 3005 1650 2946 2772 
4927 4 0 2696 927 2872 1728 
4928 4 0 2652 3617 3941 1831 
4929 4 0 3267 525 4365 3051 
4930 4 0 1728 927 2872 3309 
4931 4 0 2718 2313 1675 2569 
4932 4 0 2413 410 1590 3459 
4933 4 0 3635 1228 2271 1756 
4934 4 0 1049 1080 3922 2984 
4935 4 0 1049 1390 3922 1080 
4936 4 0 3117 3636 2186 3753 
4937 4 0 1933 1003 1936 1932 
4938 4 0 1932 1003 1936 492 
4939 4 0 1933 3044 2953 494 
4940 4 0 1815 3666 3772 2193 
4941 4 0 1330 783 2297 1243 
4942 4 0 2571 3197 3085 2471 
4943 4 0 1400 2325 2802 516 
4944 4 0 1257 1339 3659 1392 
4945 4 0 2624 3231 799 589 
4946 4 0 1392 1339 2645 473 
4947 4 0 691 2842 1790 729 
4948 4 0 2376 2062 2392 652 
4949 4 0 1603 3846 2976 3161 
4950 4 0 2526 3966 2369 4090 
4951 4 0 498 968 1741 2714 
4952 4 0 2507 609 4363 2222 
4953 4 0 4363 2275 2507 2222 
4954 4 0 812 2643 1538 1330 
4955 4 0 4363 2507 2446 2294 
4956 4 0 804 2834 2523 3976 
4957 4 0 541 2379 857 3022 
4958 4 0 3470 586 4169 3152 
4959 4 0 3152 586 3191 3470 
4960 4 0 510 2426 1250 3846 
4961 4 0 2543 3470 4169 3152 
4962 4 0 4067 774 4483 635 
4963 4 0 2150 555 2476 2528 
4964 4 0 4609 4376 388 180 
4965 4 0 4071 1264 2414 429 
4966 4 0 4071 429 4466 2139 
4967 4 0 1265 1770 2489 2144 
4968 4 0 1770 2489 2129 2145 
4969 4 0 1490 3990 524 1638 
4970 4 0 2288 2615 1869 3989 
4971 4 0 1490 524 3267 1638 
4972 4 0 296 412 433 3095 
4973 4 0 3162 2017 3095 969 
4974 4 0 1552 438 2756 3272 
4975 4 0 2297 1168 2212 1476 
4976 4 0 3672 429 673 4546 
4977 4 0 3672 3465 673 429 
4978 4 0 3465 673 4579 3672 
4979 4 0 3396 1714 4588 3338 
4980 4 0 840 839 46 843 
4981 4 0 509 383 860 881 
4982 4 0 3243 1578 1108 2265 
4983 4 0 1369 823 595 596 
4984 4 0 1369 2039 3220 3724 
4985 4 0 843 839 46 42 
4986 4 0 326 2979 2587 3432 
4987 4 0 326 336 2979 3432 
4988 4 0 1350 3353 3499 429 
4989 4 0 673 3499 1350 461 
4990 4 0 336 446 2979 3432 
4991 4 0 2202 1594 2940 3827 
4992 4 0 2940 2202 2906 1459 
4993 4 0 2206 621 1737 3392 
4994 4 0 2499 2364 2226 890 
4995 4 0 212 2929 1133 2635 
4996 4 0 1004 2475 1516 1515 
4997 4 0 653 2422 2273 2165 
4998 4 0 1594 2940 1838 2202 
4999 4 0 2422 2179 2273 2165 
5000 4 0 367 2619 738 1654 
5001 4 0 4293 367 1654 2619 
5002 4 0 3714 79 2254 70 
5003 4 0 3888 3479 3094 373 
5004 4 0 2091 1910 2902 2835 
5005 4 0 2169 2376 2392 652 
5006 4 0 2392 1246 466 1247 
5007 4 0 1882 918 2246 3997 
5008 4 0 3003 2736 2310 1240 
5009 4 0 787 2310 2176 1240 
5010 4 0 3499 673 4577 2438 
5011 4 0 1929 1973 2245 1785 
5012 4 0 1929 394 462 2245 
5013 4 0 1929 3531 2848 2245 
5014 4 0 3390 3034 2973 2644 
5015 4 0 3537 510 426 3862 
5016 4 0 1694 605 480 898 
5017 4 0 1327 3095 296 1232 
5018 4 0 2966 3035 3139 336 
5019 4 0 2237 1970 2017 1552 
5020 4 0 2237 1552 2017 668 
5021 4 0 3101 4527 1197 4133 
5022 4 0 1197 2802 2163 416 
5023 4 0 4603 4092 3181 4252 
5024 4 0 941 2786 2167 3112 
5025 4 0 1842 1683 2988 2674 
5026 4 0 2073 1683 1842 2674 
5027 4 0 1575 3073 2476 2307 
5028 4 0 1664 932 2372 2458 
5029 4 0 643 1744 2353 2676 
5030 4 0 1744 2676 599 2353 
5031 4 0 410 2130 620 2065 
5032 4 0 3622 3240 556 561 
5033 4 0 979 3711 3025 3087 
5034 4 0 1103 3333 742 739 
5035 4 0 3693 2182 2380 448 
5036 4 0 2820 3036 2051 909 
5037 4 0 1961 2820 3036 3118 
5038 4 0 2186 2820 3118 4068 
5039 4 0 2424 2361 2345 2352 
5040 4 0 2401 687 3406 3801 
5041 4 0 2820 3036 4068 1155 
5042 4 0 4349 2182 3142 1870 
5043 4 0 3608 2668 2006 1315 
5044 4 0 2321 2624 1244 2521 
5045 4 0 3608 2892 3573 2006 
5046 4 0 1930 1501 2527 2788 
5047 4 0 2295 3925 2167 2390 
5048 4 0 316 3052 713 1974 
5049 4 0 4242 3052 414 316 
5050 4 0 18 2751 3222 28 
5051 4 0 3680 2081 2565 3669 
5052 4 0 3848 2395 3142 1204 
5053 4 0 3381 2551 486 3554 
5054 4 0 1489 1355 2386 458 
5055 4 0 843 82 2453 839 
5056 4 0 3711 3087 979 709 
5057 4 0 1026 2749 3443 3150 
5058 4 0 1749 872 1250 2164 
5059 4 0 440 2292 2208 412 
5060 4 0 1696 2315 4215 2708 
5061 4 0 690 2461 2791 1999 
5062 4 0 2791 579 1999 2461 
5063 4 0 1145 631 2051 909 
5064 4 0 2160 2348 451 1129 
5065 4 0 2180 1986 3882 2408 
5066 4 0 1765 718 2961 2255 
5067 4 0 2310 1283 2736 1526 
5068 4 0 689 3464 718 2961 
5069 4 0 1004 2475 2520 2325 
5070 4 0 748 1106 1237 3 
5071 4 0 2358 748 1237 3 
5072 4 0 1237 3 1106 1750 
5073 4 0 4359 2925 2850 3386 
5074 4 0 2169 1277 3296 1276 
5075 4 0 3314 1991 1151 1989 
5076 4 0 744 2044 2319 2883 
5077 4 0 1934 1814 2088 2421 
5078 4 0 744 2850 2319 996 
5079 4 0 744 1105 2044 2883 
5080 4 0 2275 3619 2704 3575 
5081 4 0 2838 480 1252 1894 
5082 4 0 1251 1894 2838 1252 
5083 4 0 3465 3672 4580 4256 
5084 4 0 480 2876 1252 2175 
5085 4 0 864 2268 3525 4366 
5086 4 0 2409 2317 394 522 
5087 4 0 2975 2216 830 1335 
5088 4 0 2216 2158 830 3401 
5089 4 0 1299 2914 1145 2943 
5090 4 0 830 2216 3401 3171 
5091 4 0 932 3354 2372 3668 
5092 4 0 787 1739 2161 1956 
5093 4 0 678 2626 598 2247 
5094 4 0 2626 2082 2179 598 
5095 4 0 2324 1636 1267 3108 
5096 4 0 2984 2573 3922 3277 
5097 4 0 1548 3565 2527 2414 
5098 4 0 1548 1636 1267 2324 
5099 4 0 2423 1773 1748 3294 
5100 4 0 713 2221 3108 2324 
5101 4 0 3711 2643 2020 2534 
5102 4 0 1700 4387 696 2554 
5103 4 0 2558 453 382 2789 
5104 4 0 2528 2321 2373 550 
5105 4 0 1244 2321 2528 550 
5106 4 0 1815 3666 3628 3772 
5107 4 0 1244 2624 799 2521 
5108 4 0 1140 2757 3926 978 
5109 4 0 1705 3072 1810 2569 
5110 4 0 2051 2261 1587 1215 
5111 4 0 1705 2631 2545 2569 
5112 4 0 1810 2569 2313 2631 
5113 4 0 1705 2569 2545 3072 
5114 4 0 1375 3049 1481 1304 
5115 4 0 2549 2768 4066 3377 
5116 4 0 2768 3209 4066 3377 
5117 4 0 2101 2446 4363 763 
5118 4 0 2037 2322 2971 367 
5119 4 0 2971 1378 2291 2365 
5120 4 0 2059 2464 2483 2602 
5121 4 0 2023 2522 3209 2757 
5122 4 0 3209 2548 1427 2522 
5123 4 0 1307 3561 3835 3861 
5124 4 0 2076 2999 2037 4362 
5125 4 0 383 4065 1388 1440 
5126 4 0 383 881 509 1388 
5127 4 0 1834 2184 2486 2763 
5128 4 0 2037 4404 3154 3098 
5129 4 0 4548 4582 3290 3664 
5130 4 0 1037 2184 2763 487 
5131 4 0 4329 2730 3558 4218 
5132 4 0 3579 976 973 4550 
5133 4 0 2063 3692 1820 678 
5134 4 0 3579 976 2870 973 
5135 4 0 748 672 1237 1106 
5136 4 0 2636 1702 1813 1703 
5137 4 0 2106 2606 2918 2418 
5138 4 0 1861 2219 2075 732 
5139 4 0 2636 1703 2586 4395 
5140 4 0 400 1250 2164 2019 
5141 4 0 2300 2439 2028 386 
5142 4 0 815 187 2388 418 
5143 4 0 4233 663 3955 2028 
5144 4 0 1282 3779 2388 421 
5145 4 0 1282 421 2388 815 
5146 4 0 2346 2653 117 3662 
5147 4 0 2440 3668 2842 3466 
5148 4 0 1450 2490 3689 1569 
5149 4 0 2521 1450 1569 2490 
5150 4 0 3167 4353 3784 3757 
5151 4 0 2882 2475 2399 2520 
5152 4 0 671 2882 2399 2520 
5153 4 0 1789 3156 4417 907 
5154 4 0 2411 467 1097 2050 
5155 4 0 907 1313 1789 3156 
5156 4 0 3327 1444 2516 2173 
5157 4 0 3338 2427 2089 1564 
5158 4 0 2878 2562 3680 4106 
5159 4 0 715 393 3193 3341 
5160 4 0 714 3341 393 715 
5161 4 0 3642 715 393 3193 
5162 4 0 864 467 2411 2268 
5163 4 0 2288 2334 3419 2320 
5164 4 0 2320 2334 3419 3475 
5165 4 0 3340 2001 3505 2478 
5166 4 0 4429 3475 3419 2334 
5167 4 0 2382 925 2260 2799 
5168 4 0 2667 4253 2914 4419 
5169 4 0 4241 2157 2444 2127 
5170 4 0 668 1636 2237 3272 
5171 4 0 3272 1970 2237 1552 
5172 4 0 2073 2249 2501 1737 
5173 4 0 2073 2501 2081 1737 
5174 4 0 498 2249 2073 1737 
5175 4 0 1585 3457 1778 696 
5176 4 0 617 3172 3467 3109 
5177 4 0 3150 2318 3302 2700 
5178 4 0 2295 2167 2190 3846 
5179 4 0 2674 4106 2878 3680 
5180 4 0 2674 569 2878 4106 
5181 4 0 2424 1340 2361 3867 
5182 4 0 2361 3867 2352 2424 
5183 4 0 487 2207 2126 2214 
5184 4 0 925 991 371 1398 
5185 4 0 2674 1736 991 1398 
5186 4 0 3846 1747 1746 936 
5187 4 0 2957 4265 2655 4018 
5188 4 0 2828 252 3132 2195 
5189 4 0 2424 425 2042 1998 
5190 4 0 3526 3343 2648 4389 
5191 4 0 2535 2499 2989 3313 
5192 4 0 1650 2722 2946 2227 
5193 4 0 2330 3129 3620 3288 
5194 4 0 2972 462 2633 2182 
5195 4 0 529 4192 528 1138 
5196 4 0 1493 2714 3041 3148 
5197 4 0 2428 3681 886 2704 
5198 4 0 2428 4135 3681 1766 
5199 4 0 2664 1049 3922 2984 
5200 4 0 908 2002 3017 373 
5201 4 0 3093 822 3734 3337 
5202 4 0 3055 2950 1331 710 
5203 4 0 1746 3129 3614 2166 
5204 4 0 3055 3690 1331 2950 
5205 4 0 1994 3337 2270 1275 
5206 4 0 2966 2740 1269 2341 
5207 4 0 2319 2867 2883 2072 
5208 4 0 3198 1168 2212 2120 
5209 4 0 2838 2876 1252 480 
5210 4 0 2838 549 1693 480 
5211 4 0 2628 647 2663 3365 
5212 4 0 1501 2304 2788 4549 
5213 4 0 2304 2788 2527 1501 
5214 4 0 647 4042 3365 2628 
5215 4 0 2731 2213 2590 520 
5216 4 0 2510 3741 2711 2927 
5217 4 0 2927 2510 4268 4131 
5218 4 0 372 2435 2331 2431 
5219 4 0 687 3406 372 2401 
5220 4 0 1536 2927 4131 2510 
5221 4 0 2059 2602 1113 2857 
5222 4 0 679 2702 4378 2059 
5223 4 0 2101 2586 2446 1167 
5224 4 0 3447 2439 3167 2819 
5225 4 0 2439 3267 2819 1063 
5226 4 0 1533 1531 3463 451 
5227 4 0 2707 1563 3500 3003 
5228 4 0 451 1531 1131 1533 
5229 4 0 2605 2628 2288 711 
5230 4 0 41 2283 1398 2899 
5231 4 0 2247 3283 878 1381 
5232 4 0 2980 33 41 2283 
5233 4 0 1778 2812 1428 3549 
5234 4 0 1778 2812 1585 1428 
5235 4 0 440 3675 858 2292 
5236 4 0 2507 2275 1924 2383 
5237 4 0 1177 2654 1124 2624 
5238 4 0 2662 380 3704 1883 
5239 4 0 1314 3422 1039 3412 
5240 4 0 2006 1744 1315 2179 
5241 4 0 3220 2252 1039 3412 
5242 4 0 478 3786 2929 1025 
5243 4 0 424 3554 3640 2016 
5244 4 0 3228 746 3149 3572 
5245 4 0 2295 424 2390 3846 
5246 4 0 424 3554 2016 2675 
5247 4 0 2265 911 2736 4597 
5248 4 0 3415 2671 1521 3618 
5249 4 0 3572 746 2367 3228 
5250 4 0 1251 2607 2528 2406 
5251 4 0 2406 3177 2256 1251 
5252 4 0 2975 1003 2879 830 
5253 4 0 610 1992 4357 637 
5254 4 0 2282 4211 3164 2263 
5255 4 0 1206 2556 3775 3760 
5256 4 0 1934 1776 2974 1814 
5257 4 0 1814 1776 2131 1934 
5258 4 0 444 2215 654 655 
5259 4 0 2145 444 655 2215 
5260 4 0 1258 444 3230 2403 
5261 4 0 2556 3775 1975 1206 
5262 4 0 2308 1412 2480 2657 
5263 4 0 2657 1411 1412 2480 
5264 4 0 1206 3287 2556 3922 
5265 4 0 3524 2556 1975 1206 
5266 4 0 2556 3524 3287 1206 
5267 4 0 3331 592 3317 3165 
5268 4 0 592 591 3165 3331 
5269 4 0 3317 3331 2626 592 
5270 4 0 2237 2573 2316 3271 
5271 4 0 4013 2806 2467 4123 
5272 4 0 2220 4171 1249 1248 
5273 4 0 2955 1249 3924 3073 
5274 4 0 3022 2010 374 1356 
5275 4 0 3042 2789 2402 381 
5276 4 0 2671 1937 3415 2770 
5277 4 0 3653 4344 2659 2516 
5278 4 0 466 2516 1235 2960 
5279 4 0 1217 2374 2269 880 
5280 4 0 2441 2703 2752 2417 
5281 4 0 2499 2364 890 2506 
5282 4 0 1262 1261 3196 2193 
5283 4 0 1461 788 2037 2720 
5284 4 0 1262 2193 3196 2577 
5285 4 0 3208 2564 2484 3230 
5286 4 0 3997 1679 3144 2206 
5287 4 0 527 2122 1323 1540 
5288 4 0 1323 712 776 3181 
5289 4 0 1323 527 1484 2122 
5290 4 0 3732 3269 2718 3611 
5291 4 0 4225 590 4436 680 
5292 4 0 2325 4096 1404 1110 
5293 4 0 1998 1256 2957 407 
5294 4 0 1998 425 3282 2655 
5295 4 0 2171 890 1207 450 
5296 4 0 4329 2730 4218 4306 
5297 4 0 1919 2141 2127 2350 
5298 4 0 4015 3330 3622 3240 
5299 4 0 2004 56 2782 1230 
5300 4 0 427 4601 459 2042 
5301 4 0 3620 3129 452 3288 
5302 4 0 857 2217 1874 2348 
5303 4 0 766 427 4601 459 
5304 4 0 4277 975 3440 4276 
5305 4 0 2237 1253 2573 437 
5306 4 0 2573 2316 1253 2237 
5307 4 0 2641 2242 2905 2203 
5308 4 0 2641 2905 2792 3485 
5309 4 0 445 2139 685 1548 
5310 4 0 547 448 3693 2397 
5311 4 0 2642 3381 2259 1929 
5312 4 0 1108 1833 2174 1496 
5313 4 0 2254 3714 57 48 
5314 4 0 1230 2239 2794 3262 
5315 4 0 1324 3337 2673 663 
5316 4 0 2673 4183 2983 1324 
5317 4 0 3217 2608 3210 4296 
5318 4 0 2805 4018 2385 2957 
5319 4 0 1490 1486 3260 4075 
5320 4 0 3197 922 599 2353 
5321 4 0 3073 1249 2476 2955 
5322 4 0 1812 563 2512 3343 
5323 4 0 1749 401 1822 4136 
5324 4 0 1822 4136 2467 1749 
5325 4 0 4261 388 2633 1926 
5326 4 0 3473 601 1449 1986 
5327 4 0 3146 2064 3266 388 
5328 4 0 610 4326 1992 2053 
5329 4 0 3443 4566 4200 3150 
5330 4 0 3172 1992 3744 2053 
5331 4 0 367 2465 2322 4406 
5332 4 0 367 2302 4362 2465 
5333 4 0 2302 367 4406 2465 
5334 4 0 2832 4145 331 347 
5335 4 0 3211 517 4064 3302 
5336 4 0 651 2220 3028 2276 
5337 4 0 3028 507 3083 479 
5338 4 0 3083 507 2122 479 
5339 4 0 1535 2699 762 1117 
5340 4 0 987 1805 2468 991 
5341 4 0 2699 1535 3446 1117 
5342 4 0 1383 3857 3223 2616 
5343 4 0 2218 1812 567 2512 
5344 4 0 3343 2512 1812 2218 
5345 4 0 3164 1265 1376 3204 
5346 4 0 412 3162 3095 2443 
5347 4 0 2634 3162 412 2443 
5348 4 0 2255 2859 691 1790 
5349 4 0 3834 497 3934 2276 
5350 4 0 2256 2406 3579 3177 
5351 4 0 4433 3705 2919 3015 
5352 4 0 2479 2831 2300 2439 
5353 4 0 3261 2546 1882 2126 
5354 4 0 2546 918 2904 2246 
5355 4 0 2479 3481 2300 2831 
5356 4 0 4433 2919 380 3015 
5357 4 0 1399 3172 2009 2053 
5358 4 0 2551 2642 3381 2259 
5359 4 0 2521 2490 505 1450 
5360 4 0 3344 2702 2464 2483 
5361 4 0 2574 2665 1092 1091 
5362 4 0 553 1199 2407 4338 
5363 4 0 3013 1956 553 1199 
5364 4 0 995 3013 1199 1956 
5365 4 0 2407 1199 2825 4338 
5366 4 0 3925 2295 3640 424 
5367 4 0 3640 3925 2013 2295 
5368 4 0 1230 2004 2239 3262 
5369 4 0 2759 2536 2597 2208 
5370 4 0 1814 2055 2057 2627 
5371 4 0 2565 1884 3589 2732 
5372 4 0 3589 1884 2565 2495 
5373 4 0 2802 404 4130 3538 
5374 4 0 3925 2167 2390 941 
5375 4 0 536 4117 3546 3575 
5376 4 0 4260 625 2686 3741 
5377 4 0 441 4604 434 280 
5378 4 0 3512 299 2871 2677 
5379 4 0 1483 4315 1429 2300 
5380 4 0 2445 969 2017 436 
5381 4 0 436 2445 1552 2017 
5382 4 0 3177 3645 3579 4550 
5383 4 0 2106 4564 2606 2418 
5384 4 0 4564 2418 2106 4559 
5385 4 0 2795 2745 2705 1628 
5386 4 0 2334 642 2258 2320 
5387 4 0 2332 2165 2179 918 
5388 4 0 72 3324 82 3110 
5389 4 0 1578 1798 1496 2020 
5390 4 0 3846 2390 2167 1747 
5391 4 0 4089 2417 1167 2435 
5392 4 0 512 1023 2790 2140 
5393 4 0 1657 739 3333 454 
5394 4 0 3541 3333 1657 739 
5395 4 0 1154 3346 811 2171 
5396 4 0 1215 1182 1738 2165 
5397 4 0 4550 3579 1405 973 
5398 4 0 2532 2678 358 2341 
5399 4 0 827 2399 3995 4451 
5400 4 0 520 2133 1339 2357 
5401 4 0 827 3529 2399 4451 
5402 4 0 520 2357 1339 2213 
5403 4 0 3882 3371 3055 1986 
5404 4 0 2534 3814 3494 3025 
5405 4 0 3025 3489 2339 3814 
5406 4 0 3025 2339 2120 2534 
5407 4 0 2858 2244 415 398 
5408 4 0 4502 2385 3131 3101 
5409 4 0 1894 2563 3213 602 
5410 4 0 2563 3213 2785 3401 
5411 4 0 4502 515 2385 3101 
5412 4 0 3436 1545 1440 3288 
5413 4 0 3476 4417 3620 1800 
5414 4 0 422 2520 2036 2475 
5415 4 0 2316 2984 2573 2855 
5416 4 0 1601 842 2528 2406 
5417 4 0 1330 2212 2896 2568 
5418 4 0 1070 532 2354 2010 
5419 4 0 590 612 3903 2591 
5420 4 0 3594 3614 3903 612 
5421 4 0 412 4304 2908 2196 
5422 4 0 412 2292 2208 2196 
5423 4 0 2908 2196 2292 412 
5424 4 0 412 2208 2634 2196 
5425 4 0 3776 2703 2441 3711 
5426 4 0 3776 3711 2441 4007 
5427 4 0 4007 2441 3776 3797 
5428 4 0 387 3665 1013 418 
5429 4 0 592 2206 2626 1742 
5430 4 0 2954 2616 860 383 
5431 4 0 3160 1237 672 2817 
5432 4 0 3707 3160 3864 672 
5433 4 0 748 672 1871 1237 
5434 4 0 1871 748 3864 672 
5435 4 0 3160 2817 672 3707 
5436 4 0 321 2873 333 2241 
5437 4 0 687 3864 748 2233 
5438 4 0 2386 455 3778 3893 
5439 4 0 2450 543 1008 2089 
5440 4 0 2167 2786 2329 922 
5441 4 0 4181 3167 4352 3717 
5442 4 0 2124 3167 3717 3447 
5443 4 0 1745 3614 612 3903 
5444 4 0 1746 1745 3614 612 
5445 4 0 3211 3846 1608 3302 
5446 4 0 1052 399 2121 3571 
5447 4 0 3571 2121 2151 399 
5448 4 0 3157 4136 1822 401 
5449 4 0 1031 1222 2482 1224 
5450 4 0 1822 3391 4157 1983 
5451 4 0 2995 3963 995 742 
5452 4 0 2386 1355 3021 3862 
5453 4 0 2454 1961 3117 2100 
5454 4 0 2995 995 3963 2825 
5455 4 0 2995 995 2825 1956 
5456 4 0 1455 2333 2730 2391 
5457 4 0 3611 2539 2718 2630 
5458 4 0 3608 2550 2668 1315 
5459 4 0 3269 2539 2718 3611 
5460 4 0 1080 2573 3922 2984 
5461 4 0 466 2062 1247 2516 
5462 4 0 2842 2516 2062 3466 
5463 4 0 2163 2491 1785 416 
5464 4 0 2642 2333 1785 2163 
5465 4 0 2141 2548 2336 1427 
5466 4 0 500 2827 628 499 
5467 4 0 499 2389 500 2827 
5468 4 0 2535 2499 2364 2989 
5469 4 0 4216 4113 774 2432 
5470 4 0 1956 3104 2995 3201 
5471 4 0 1391 216 1139 774 
5472 4 0 1230 2404 3262 2794 
5473 4 0 1482 381 2697 382 
5474 4 0 4007 3913 709 2479 
5475 4 0 4007 979 709 3711 
5476 4 0 2019 2426 425 484 
5477 4 0 2803 3399 2861 3309 
5478 4 0 4343 2485 2598 3322 
5479 4 0 2598 2485 2351 3322 
5480 4 0 2802 3101 3538 3157 
5481 4 0 2075 3044 2879 2855 
5482 4 0 3538 4134 3157 3101 
5483 4 0 3101 2163 3538 4134 
5484 4 0 3101 2163 2642 1197 
5485 4 0 2482 4250 4149 2836 
5486 4 0 1821 1683 3928 375 
5487 4 0 1346 2371 1889 1605 
5488 4 0 2294 4363 2507 609 
5489 4 0 3788 3493 1727 1072 
5490 4 0 1063 561 1523 864 
5491 4 0 2303 429 1889 3847 
5492 4 0 525 2286 3240 870 
5493 4 0 2984 3922 2664 3277 
5494 4 0 3922 3760 2664 3277 
5495 4 0 4190 1450 1569 3820 
5496 4 0 2465 2999 1996 2705 
5497 4 0 2411 2688 4365 525 
5498 4 0 2411 583 3959 3910 
5499 4 0 3692 501 2773 678 
5500 4 0 2515 2554 2544 3461 
5501 4 0 2402 3515 3042 2072 
5502 4 0 4419 2667 3040 3036 
5503 4 0 2488 1398 260 1927 
5504 4 0 3756 2488 1927 1398 
5505 4 0 392 3570 2591 4225 
5506 4 0 2247 3560 3403 3317 
5507 4 0 987 371 844 61 
5508 4 0 4419 4253 3040 2667 
5509 4 0 4130 2491 404 4442 
5510 4 0 2989 2063 3762 1518 
5511 4 0 2295 3925 2013 2167 
5512 4 0 3278 2786 2167 941 
5513 4 0 987 1804 986 2468 
5514 4 0 1526 2736 2265 1108 
5515 4 0 2690 1398 3279 52 
5516 4 0 3839 1340 828 2424 
5517 4 0 2424 1340 3867 3839 
5518 4 0 3601 2886 894 3351 
5519 4 0 2382 368 2899 2283 
5520 4 0 1164 2865 2492 3110 
5521 4 0 2504 2272 2446 1406 
5522 4 0 2714 3148 2686 3041 
5523 4 0 3124 3148 2552 4435 
5524 4 0 1003 2879 1933 494 
5525 4 0 1003 2879 494 1566 
5526 4 0 2237 2573 1264 437 
5527 4 0 1237 1871 3160 672 
5528 4 0 2387 2636 1809 1845 
5529 4 0 3343 2622 566 4390 
5530 4 0 2387 1809 2636 1702 
5531 4 0 2793 1815 3095 2017 
5532 4 0 1257 720 2274 1339 
5533 4 0 2521 2321 2624 3755 
5534 4 0 1242 1275 3093 3803 
5535 4 0 2611 3196 1270 2236 
5536 4 0 2462 1250 2426 2019 
5537 4 0 2849 2182 2816 2395 
5538 4 0 3422 2849 3220 3412 
5539 4 0 1159 2405 2827 369 
5540 4 0 3422 2395 3412 2340 
5541 4 0 532 2354 2010 2260 
5542 4 0 1070 2354 1068 2010 
5543 4 0 3824 3509 3806 3456 
5544 4 0 675 2808 1517 3717 
5545 4 0 2729 1070 1068 2010 
5546 4 0 3102 2574 2695 3168 
5547 4 0 3149 3102 3247 747 
5548 4 0 2695 3102 3168 3247 
5549 4 0 389 1061 2169 1561 
5550 4 0 1969 3440 2127 2141 
5551 4 0 4061 1237 3160 2817 
5552 4 0 3514 2240 3209 3482 
5553 4 0 2943 3539 3363 1126 
5554 4 0 3848 2395 3812 4316 
5555 4 0 3618 422 2036 1937 
5556 4 0 2172 2694 3195 2187 
5557 4 0 4335 4302 3517 395 
5558 4 0 2685 2383 2222 3562 
5559 4 0 38 2365 51 3395 
5560 4 0 3150 4166 424 2798 
5561 4 0 2878 1842 3086 569 
5562 4 0 3357 1235 466 3653 
5563 4 0 3086 1842 2497 569 
5564 4 0 3878 2682 2200 1173 
5565 4 0 2376 2169 2392 1246 
5566 4 0 2376 2392 1247 1246 
5567 4 0 2213 2274 1339 3659 
5568 4 0 2329 2786 2167 3278 
5569 4 0 330 4036 317 2684 
5570 4 0 1240 787 3003 2297 
5571 4 0 2736 2297 2643 1240 
5572 4 0 3779 1977 2140 512 
5573 4 0 781 1977 2156 3779 
5574 4 0 1831 3617 2591 2652 
5575 4 0 2900 2140 3779 1977 
5576 4 0 1977 3779 2900 2156 
5577 4 0 512 1977 781 3779 
5578 4 0 1735 2502 1752 2430 
5579 4 0 2079 387 1685 1122 
5580 4 0 2079 1685 387 3896 
5581 4 0 3658 2269 2343 1598 
5582 4 0 2896 589 2624 799 
5583 4 0 2753 3606 2896 589 
5584 4 0 2332 598 2179 3252 
5585 4 0 3022 800 887 2379 
5586 4 0 2663 1113 3258 711 
5587 4 0 2422 3258 711 2663 
5588 4 0 3084 2409 2317 1928 
5589 4 0 4191 2879 3053 830 
5590 4 0 987 61 844 73 
5591 4 0 2193 2832 3196 1271 
5592 4 0 2709 2699 4231 498 
5593 4 0 2076 3461 521 4371 
5594 4 0 592 3041 2206 1741 
5595 4 0 2461 963 689 2472 
5596 4 0 2327 2511 600 3235 
5597 4 0 2059 2026 1113 2602 
5598 4 0 3951 3739 1599 4067 
5599 4 0 851 1378 2971 2365 
5600 4 0 3903 2591 2652 1831 
5601 4 0 1678 3434 2591 1831 
5602 4 0 1831 1678 3903 2591 
5603 4 0 1558 3765 1599 3739 
5604 4 0 2100 2454 2192 3117 
5605 4 0 3739 1558 3951 1599 
5606 4 0 3739 3218 1599 4067 
5607 4 0 3739 3765 1599 3218 
5608 4 0 1177 3480 779 505 
5609 4 0 3480 3657 779 505 
5610 4 0 2403 3674 4157 2766 
5611 4 0 2948 2529 528 2836 
5612 4 0 2948 2529 2836 210 
5613 4 0 2668 2662 2134 1315 
5614 4 0 377 2285 2111 2639 
5615 4 0 1739 1743 2177 1956 
5616 4 0 4267 2857 645 3258 
5617 4 0 1897 1230 369 1435 
5618 4 0 1506 3069 2261 1858 
5619 4 0 1506 1923 1858 2261 
5620 4 0 4140 2219 2445 3773 
5621 4 0 491 3525 3010 2993 
5622 4 0 2165 2332 2179 2273 
5623 4 0 3408 2830 2626 2206 
5624 4 0 2527 1661 2324 1548 
5625 4 0 328 1661 2527 2304 
5626 4 0 2865 1372 3274 661 
5627 4 0 1405 2173 2516 2842 
5628 4 0 1035 1989 599 662 
5629 4 0 1035 1036 599 1989 
5630 4 0 3688 870 3357 1486 
5631 4 0 2453 3274 2865 1372 
5632 4 0 1275 3337 2653 2983 
5633 4 0 2982 2662 380 3704 
5634 4 0 66 2817 4061 3901 
5635 4 0 2036 1931 461 2408 
5636 4 0 370 66 2817 4061 
5637 4 0 2937 2250 2828 2132 
5638 4 0 2150 2476 2452 2528 
5639 4 0 3741 4260 2982 380 
5640 4 0 4260 2982 380 3704 
5641 4 0 379 3806 3195 2054 
5642 4 0 2835 2245 1973 2281 
5643 4 0 1345 4465 4224 2655 
5644 4 0 2655 4224 1345 4265 
5645 4 0 4087 395 985 4495 
5646 4 0 2670 1986 601 3473 
5647 4 0 3473 1449 969 441 
5648 4 0 2736 2265 2776 2310 
5649 4 0 2795 2745 964 992 
5650 4 0 2709 3774 2745 1174 
5651 4 0 346 3108 434 2756 
5652 4 0 346 2756 434 438 
5653 4 0 353 346 438 2756 
5654 4 0 330 1418 317 4036 
5655 4 0 1418 2871 317 2244 
5656 4 0 3867 776 2159 2352 
5657 4 0 3314 2082 2179 2006 
5658 4 0 1728 1635 705 735 
5659 4 0 2377 2052 845 6 
5660 4 0 2462 4216 774 2432 
5661 4 0 3979 3160 3864 3707 
5662 4 0 2816 448 4078 3991 
5663 4 0 2745 2795 2705 1645 
5664 4 0 3801 687 3383 3947 
5665 4 0 1430 372 3406 2331 
5666 4 0 864 525 4364 1063 
5667 4 0 864 2411 4364 525 
5668 4 0 2256 2085 2406 1601 
5669 4 0 4277 1969 974 493 
5670 4 0 4277 2336 3544 4176 
5671 4 0 4277 3544 2336 493 
5672 4 0 3544 4277 974 493 
5673 4 0 2063 3692 2989 3762 
5674 4 0 878 2226 2247 3692 
5675 4 0 933 2557 1635 2538 
5676 4 0 1024 692 2093 2041 
5677 4 0 697 1776 692 579 
5678 4 0 1890 4426 4415 1644 
5679 4 0 4104 3091 2815 4158 
5680 4 0 1996 2999 3234 2705 
5681 4 0 2308 2263 1985 2403 
5682 4 0 852 1964 3698 1420 
5683 4 0 2989 3762 2923 1518 
5684 4 0 2345 1928 1881 2352 
5685 4 0 2013 2295 2167 1748 
5686 4 0 720 728 2274 2722 
5687 4 0 1454 3968 3531 2902 
5688 4 0 2789 3020 2558 3450 
5689 4 0 3020 3156 2558 3450 
5690 4 0 2956 721 3012 3334 
5691 4 0 3594 612 4325 3828 
5692 4 0 2137 3016 2964 1413 
5693 4 0 1413 1955 1796 2733 
5694 4 0 1413 1796 3016 2733 
5695 4 0 2704 2181 2275 857 
5696 4 0 2275 2222 4363 2181 
5697 4 0 1129 451 1117 2348 
5698 4 0 1117 1129 2348 4226 
5699 4 0 16 2327 2758 3235 
5700 4 0 3720 4033 3893 3021 
5701 4 0 1752 2944 3324 2453 
5702 4 0 2535 1835 622 3486 
5703 4 0 981 1882 3997 621 
5704 4 0 1937 3485 2203 2770 
5705 4 0 29 1143 36 1156 
5706 4 0 1156 29 3714 36 
5707 4 0 3129 3727 3436 2118 
5708 4 0 718 689 2961 2255 
5709 4 0 718 689 2525 3464 
5710 4 0 4050 3595 4093 1351 
5711 4 0 1237 1871 3414 3160 
5712 4 0 860 509 1924 2954 
5713 4 0 3355 3857 448 2652 
5714 4 0 3262 2239 487 2004 
5715 4 0 3185 1996 3274 956 
5716 4 0 1227 3518 2116 70 
5717 4 0 1757 2116 2777 1587 
5718 4 0 2376 652 1277 1278 
5719 4 0 1678 2591 3434 980 
5720 4 0 2493 1959 2062 2392 
5721 4 0 1931 2754 461 1350 
5722 4 0 966 3498 3734 822 
5723 4 0 1207 2247 2226 2559 
5724 4 0 1721 769 2226 2559 
5725 4 0 2281 2245 1946 2149 
5726 4 0 2245 2149 2281 2835 
5727 4 0 2842 1790 729 1260 
5728 4 0 3029 3182 3421 3949 
5729 4 0 3029 3182 1403 3421 
5730 4 0 3270 1368 2583 595 
5731 4 0 1878 3677 4038 1375 
5732 4 0 2934 4517 2455 586 
5733 4 0 586 2455 2934 577 
5734 4 0 549 3113 1692 897 
5735 4 0 2051 2311 1215 749 
5736 4 0 1894 2607 549 3213 
5737 4 0 2607 549 3213 3113 
5738 4 0 2180 2670 601 2012 
5739 4 0 1388 1978 509 2162 
5740 4 0 4128 881 383 1388 
5741 4 0 881 1817 1388 4128 
5742 4 0 881 1817 3788 1388 
5743 4 0 2634 2443 2196 2759 
5744 4 0 2196 2679 2759 2443 
5745 4 0 2928 2897 3612 3145 
5746 4 0 2928 3839 1710 828 
5747 4 0 2269 450 2506 880 
5748 4 0 1164 3110 3002 2865 
5749 4 0 394 1925 455 3009 
5750 4 0 4050 3595 1351 3241 
5751 4 0 2063 2226 1874 2499 
5752 4 0 3473 1539 4453 1986 
5753 4 0 304 414 316 4242 
5754 4 0 2491 3558 2333 2730 
5755 4 0 3518 83 79 1707 
5756 4 0 3461 1555 2544 7 
5757 4 0 3060 1700 3461 1555 
5758 4 0 3518 79 83 2977 
5759 4 0 574 445 360 350 
5760 4 0 351 574 445 360 
5761 4 0 445 1548 574 2139 
5762 4 0 1961 3036 2820 909 
5763 4 0 1713 2548 2585 4243 
5764 4 0 1093 2585 2958 4169 
5765 4 0 2689 445 2744 2394 
5766 4 0 3346 1154 806 3693 
5767 4 0 3443 2929 394 2749 
5768 4 0 4095 3008 4190 3796 
5769 4 0 3796 4095 3960 4190 
5770 4 0 4190 3960 3796 1981 
5771 4 0 373 2002 3551 1628 
5772 4 0 2257 3771 2045 2639 
5773 4 0 1457 1628 3551 2002 
5774 4 0 3018 1357 2685 2222 
5775 4 0 3606 3752 2753 2568 
5776 4 0 2937 3341 3132 393 
5777 4 0 3908 507 2122 3083 
5778 4 0 2122 3932 507 1642 
5779 4 0 2122 3932 1642 1540 
5780 4 0 3328 658 638 542 
5781 4 0 542 783 2110 2125 
5782 4 0 3346 3693 806 1060 
5783 4 0 3095 3045 1232 1327 
5784 4 0 1766 3104 609 908 
5785 4 0 512 781 1157 3779 
5786 4 0 2620 3103 2281 2828 
5787 4 0 1766 908 2959 3201 
5788 4 0 3531 2245 1929 1973 
5789 4 0 1037 2763 1001 487 
5790 4 0 3223 3046 860 450 
5791 4 0 2101 2636 1167 1120 
5792 4 0 546 2193 347 4145 
5793 4 0 453 4408 2789 3699 
5794 4 0 3001 1200 4339 2407 
5795 4 0 1229 75 1228 65 
5796 4 0 4323 1685 3896 387 
5797 4 0 2950 3371 3690 4479 
5798 4 0 1685 1122 387 418 
5799 4 0 4479 3690 4472 3371 
5800 4 0 1980 2245 3146 2675 
5801 4 0 462 2675 1926 2245 
5802 4 0 3001 1801 2915 2811 
5803 4 0 2768 3377 3071 3209 
5804 4 0 2768 2549 1443 3377 
5805 4 0 2768 1443 3071 3377 
5806 4 0 1433 3711 2020 2703 
5807 4 0 835 3376 855 3906 
5808 4 0 1 2211 3864 2377 
5809 4 0 3230 2467 444 1258 
5810 4 0 1452 3573 3987 662 
5811 4 0 1452 1149 3987 3573 
5812 4 0 2735 2277 3030 2071 
5813 4 0 1149 3608 2892 3573 
5814 4 0 2427 1942 1145 1961 
5815 4 0 855 3376 2683 3906 
5816 4 0 3960 1606 3654 4190 
5817 4 0 3820 1569 4190 3087 
5818 4 0 3488 2302 2553 4406 
5819 4 0 2565 3237 1927 3680 
5820 4 0 1927 2081 1737 2094 
5821 4 0 3321 3583 2171 2892 
5822 4 0 3892 1462 4037 2016 
5823 4 0 4037 3892 2016 3640 
5824 4 0 562 840 2554 21 
5825 4 0 2805 2164 2385 1889 
5826 4 0 4093 1351 3595 2563 
5827 4 0 3960 4240 1918 3087 
5828 4 0 2211 2377 1 4370 
5829 4 0 1778 2377 2211 4370 
5830 4 0 3922 1264 2556 3760 
5831 4 0 1155 1923 3036 3040 
5832 4 0 4068 3040 1155 3036 
5833 4 0 651 395 4171 1248 
5834 4 0 3234 2285 1628 793 
5835 4 0 793 1628 3234 1210 
5836 4 0 595 1856 2583 3270 
5837 4 0 1994 1500 1275 3328 
5838 4 0 1275 3328 2524 1994 
5839 4 0 1823 259 3735 272 
5840 4 0 1120 565 1701 4089 
5841 4 0 3401 2563 2158 830 
5842 4 0 2982 2513 2510 3741 
5843 4 0 1958 473 2645 2858 
5844 4 0 1339 2415 2645 2858 
5845 4 0 2711 2513 3741 2510 
5846 4 0 3906 3601 950 2003 
5847 4 0 1231 2051 2116 749 
5848 4 0 2820 2051 2312 909 
5849 4 0 2856 510 2462 3021 
5850 4 0 3861 3835 607 3561 
5851 4 0 4109 413 2445 436 
5852 4 0 3128 1612 2828 1479 
5853 4 0 2828 1612 2132 1479 
5854 4 0 2766 2274 1257 720 
5855 4 0 2647 2766 1214 720 
5856 4 0 4528 2913 2945 1875 
5857 4 0 371 987 1736 991 
5858 4 0 1778 6 2377 845 
5859 4 0 1778 845 2377 4370 
5860 4 0 2164 2655 2019 1256 
5861 4 0 2674 2878 2081 3680 
5862 4 0 2878 4600 2081 2562 
5863 4 0 2865 2430 1752 661 
5864 4 0 3768 2534 3494 2631 
5865 4 0 2221 314 439 328 
5866 4 0 3768 4392 2534 2631 
5867 4 0 3766 3358 4485 3277 
5868 4 0 2109 845 31 2029 
5869 4 0 24 845 2029 31 
5870 4 0 3515 2402 4022 2072 
5871 4 0 3893 3739 3665 3147 
5872 4 0 494 3736 409 495 
5873 4 0 494 1933 409 2953 
5874 4 0 2759 495 409 3736 
5875 4 0 2634 1936 494 495 
5876 4 0 1904 3278 1006 941 
5877 4 0 3576 4414 4422 3007 
5878 4 0 3204 2606 4174 1409 
5879 4 0 1238 2889 1237 3507 
5880 4 0 1733 1237 2115 1847 
5881 4 0 1303 4218 2947 4114 
5882 4 0 4218 4306 2730 2947 
5883 4 0 2662 3569 681 3733 
5884 4 0 2451 3501 487 1001 
5885 4 0 3939 1246 2321 2911 
5886 4 0 3495 3500 4424 2534 
5887 4 0 1374 1973 4006 1302 
5888 4 0 468 3333 3202 2001 
5889 4 0 1556 1555 3098 366 
5890 4 0 3461 1555 7 366 
5891 4 0 1556 1555 366 7 
5892 4 0 1420 2286 1017 1018 
5893 4 0 354 474 333 343 
5894 4 0 3052 1974 710 1377 
5895 4 0 713 1974 3052 1377 
5896 4 0 4285 3087 3343 2594 
5897 4 0 2896 3820 4285 1330 
5898 4 0 4285 3820 3717 3087 
5899 4 0 3382 2983 3835 3678 
5900 4 0 4323 187 2781 482 
5901 4 0 367 2553 1068 2302 
5902 4 0 3978 2080 4357 1610 
5903 4 0 2383 2747 2222 3562 
5904 4 0 3787 1610 1625 4357 
5905 4 0 2694 3190 2105 3836 
5906 4 0 4221 3978 4357 1610 
5907 4 0 2080 1610 3787 4357 
5908 4 0 3806 3456 2694 3190 
5909 4 0 2105 3456 2694 990 
5910 4 0 3779 1282 2900 3934 
5911 4 0 2156 3779 2900 3934 
5912 4 0 2139 1392 685 1264 
5913 4 0 3834 497 397 3934 
5914 4 0 2708 2900 3934 1780 
5915 4 0 1607 1751 2944 1752 
5916 4 0 2900 2344 853 4284 
5917 4 0 4579 673 665 2614 
5918 4 0 858 2292 2208 440 
5919 4 0 858 2208 3162 440 
5920 4 0 575 400 2596 3282 
5921 4 0 1444 1451 3466 2351 
5922 4 0 1451 2767 2440 931 
5923 4 0 3467 3947 3801 2009 
5924 4 0 3467 3172 3801 3109 
5925 4 0 687 3801 4368 3109 
5926 4 0 2159 2352 2361 3867 
5927 4 0 2038 1897 376 2827 
5928 4 0 2038 376 417 2827 
5929 4 0 369 1897 2827 2251 
5930 4 0 2311 2943 2914 2706 
5931 4 0 3323 2688 2992 582 
5932 4 0 513 1482 2790 382 
5933 4 0 1191 3364 602 3842 
5934 4 0 3603 3353 3428 3056 
5935 4 0 2192 849 9 2751 
5936 4 0 1180 3042 2072 381 
5937 4 0 3842 1191 3364 899 
5938 4 0 3168 2574 3424 3058 
5939 4 0 3364 480 4282 602 
5940 4 0 1343 936 3537 391 
5941 4 0 1556 4404 3098 2672 
5942 4 0 3270 1856 2583 3305 
5943 4 0 2713 2583 4229 2152 
5944 4 0 2713 4229 2583 2775 
5945 4 0 1914 4443 760 3352 
5946 4 0 4037 3640 2016 3925 
5947 4 0 803 18 2666 2751 
5948 4 0 2751 803 18 9 
5949 4 0 3739 3720 4067 4049 
5950 4 0 2292 312 2610 303 
5951 4 0 400 2655 2164 2596 
5952 4 0 2466 2942 2656 323 
5953 4 0 2312 3117 2820 909 
5954 4 0 2312 2820 4421 1155 
5955 4 0 3385 1993 2645 4556 
5956 4 0 2409 2259 1197 3084 
5957 4 0 2285 790 2248 2161 
5958 4 0 2161 790 2248 1076 
5959 4 0 3406 2401 3801 4010 
5960 4 0 2798 423 206 936 
5961 4 0 2255 579 2859 1790 
5962 4 0 1597 3060 3326 2999 
5963 4 0 2382 2228 2799 2511 
5964 4 0 2511 2382 2228 4373 
5965 4 0 2260 1266 2382 2799 
5966 4 0 2511 1266 2382 4373 
5967 4 0 3903 922 2243 2591 
5968 4 0 3595 2158 2563 2879 
5969 4 0 2513 2031 681 3614 
5970 4 0 568 2294 4206 2478 
5971 4 0 4206 2478 2294 3340 
5972 4 0 2854 3091 4158 1722 
5973 4 0 2815 1934 858 2191 
5974 4 0 4066 2522 3377 3209 
5975 4 0 2605 1869 3363 734 
5976 4 0 2409 3009 2317 1928 
5977 4 0 2581 2605 3363 734 
5978 4 0 4350 4351 3755 926 
5979 4 0 2991 3438 257 266 
5980 4 0 3351 2022 2528 2452 
5981 4 0 3351 2955 2452 2528 
5982 4 0 2528 2452 2150 2955 
5983 4 0 642 3048 1286 2273 
5984 4 0 1417 2637 2095 3581 
5985 4 0 2637 1967 1417 2095 
5986 4 0 3438 2991 3811 266 
5987 4 0 1718 677 1007 3122 
5988 4 0 1010 677 3122 1007 
5989 4 0 2563 2879 3241 3595 
5990 4 0 2855 2075 3884 2879 
5991 4 0 2481 3149 578 1203 
5992 4 0 2814 2411 2050 571 
5993 4 0 2079 3896 2098 2032 
5994 4 0 2032 2162 3896 2098 
5995 4 0 2032 2162 2098 1684 
5996 4 0 3167 4352 4353 4181 
5997 4 0 2828 2281 2043 3103 
5998 4 0 1097 2411 2050 2814 
5999 4 0 2295 396 3832 4039 
6000 4 0 1197 2163 1785 416 
6001 4 0 3247 706 2205 578 
6002 4 0 2391 1947 1785 634 
6003 4 0 3149 578 3247 2205 
6004 4 0 569 2497 2988 1842 
6005 4 0 2073 2714 1872 2348 
6006 4 0 1324 3954 3671 663 
6007 4 0 2275 2222 2704 3619 
6008 4 0 3044 1474 1933 2953 
6009 4 0 1360 1356 3022 374 
6010 4 0 2031 1315 2662 1745 
6011 4 0 2213 3157 3334 2274 
6012 4 0 4555 2213 3451 2385 
6013 4 0 825 968 1740 1741 
6014 4 0 1766 800 3022 2379 
6015 4 0 2589 1554 2651 2629 
6016 4 0 3353 1712 2068 754 
6017 4 0 1972 1712 2068 3353 
6018 4 0 3711 1066 1538 1619 
6019 4 0 3312 4513 2870 4241 
6020 4 0 1369 596 595 3270 
6021 4 0 509 1978 1925 2098 
6022 4 0 2996 3959 3038 2367 
6023 4 0 1369 3220 595 823 
6024 4 0 3220 2786 595 823 
6025 4 0 3711 1066 2643 1538 
6026 4 0 1354 3296 389 2169 
6027 4 0 1548 2414 1264 3565 
6028 4 0 2874 2597 2208 2292 
6029 4 0 4366 835 491 3010 
6030 4 0 2749 1415 3192 2675 
6031 4 0 851 1754 987 2971 
6032 4 0 2982 2513 3647 2510 
6033 4 0 2998 2955 3351 2528 
6034 4 0 1159 2405 2389 2827 
6035 4 0 4192 528 4149 2948 
6036 4 0 1582 3534 3238 4000 
6037 4 0 1712 4270 4000 3238 
6038 4 0 1712 4270 3238 3056 
6039 4 0 1941 2677 3545 3512 
6040 4 0 1757 1587 2239 2207 
6041 4 0 3304 2613 4519 2961 
6042 4 0 3470 2961 3304 4519 
6043 4 0 3874 513 3134 1195 
6044 4 0 3097 1503 1509 2378 
6045 4 0 2778 4036 3542 2740 
6046 4 0 287 441 280 3473 
6047 4 0 3126 1074 1365 812 
6048 4 0 1074 3126 1538 812 
6049 4 0 1509 1834 3097 2378 
6050 4 0 612 1022 4325 3828 
6051 4 0 1182 2378 1834 1509 
6052 4 0 1646 737 1645 2705 
6053 4 0 2178 2054 2172 2915 
6054 4 0 719 3032 3832 2295 
6055 4 0 719 2295 4039 2190 
6056 4 0 442 2242 1940 443 
6057 4 0 719 3032 1900 3832 
6058 4 0 719 4039 3832 1900 
6059 4 0 448 3693 2816 4078 
6060 4 0 3451 2213 2274 2385 
6061 4 0 870 2085 525 3357 
6062 4 0 426 1660 4278 3716 
6063 4 0 4597 911 3576 2265 
6064 4 0 3243 2417 3007 4089 
6065 4 0 931 2767 2440 3520 
6066 4 0 3000 3865 2682 3776 
6067 4 0 2873 3225 302 1170 
6068 4 0 2682 3776 2117 2703 
6069 4 0 2768 1445 2549 4066 
6070 4 0 3498 3337 965 971 
6071 4 0 965 971 3337 3555 
6072 4 0 3382 3730 3093 3337 
6073 4 0 3092 2721 3095 3050 
6074 4 0 835 2537 2578 3257 
6075 4 0 835 3073 2578 3376 
6076 4 0 1072 1767 1596 2162 
6077 4 0 2973 4089 3184 1448 
6078 4 0 3005 760 2772 4611 
6079 4 0 1914 1650 2772 3713 
6080 4 0 3005 760 1650 2772 
6081 4 0 2008 4440 2074 2889 
6082 4 0 2115 1073 4440 2889 
6083 4 0 2827 3261 2765 376 
6084 4 0 2827 3261 376 2669 
6085 4 0 2566 3204 2457 3164 
6086 4 0 2172 3129 3836 523 
6087 4 0 3836 3129 3859 523 
6088 4 0 2491 1785 2730 2333 
6089 4 0 2273 653 642 2422 
6090 4 0 2422 643 642 1744 
6091 4 0 3308 1333 853 2344 
6092 4 0 1359 528 2529 3438 
6093 4 0 3271 2316 1970 2219 
6094 4 0 2075 2103 3044 2855 
6095 4 0 564 3133 2951 565 
6096 4 0 2004 2565 2271 1756 
6097 4 0 2951 1120 3133 3349 
6098 4 0 2344 853 4284 1333 
6099 4 0 380 3174 874 1883 
6100 4 0 380 874 3704 1883 
6101 4 0 4372 2758 2037 2291 
6102 4 0 48 1143 36 3636 
6103 4 0 2611 3196 477 1270 
6104 4 0 3731 3864 707 3632 
6105 4 0 3975 3731 707 3632 
6106 4 0 420 3055 2408 3882 
6107 4 0 2857 2602 1113 2567 
6108 4 0 2567 2857 3258 1113 
6109 4 0 2347 3286 2602 2464 
6110 4 0 841 8 2327 16 
6111 4 0 1330 865 1243 2568 
6112 4 0 1545 2323 2330 1724 
6113 4 0 2027 2064 3770 2651 
6114 4 0 2077 2603 385 1377 
6115 4 0 385 2603 2221 713 
6116 4 0 594 1508 3069 2777 
6117 4 0 1849 2566 2457 3164 
6118 4 0 2581 378 3426 2393 
6119 4 0 966 3498 971 3734 
6120 4 0 3773 1861 732 2219 
6121 4 0 1861 1474 2219 3773 
6122 4 0 875 1216 2994 4383 
6123 4 0 1482 3134 513 1195 
6124 4 0 1914 3254 1650 3713 
6125 4 0 3333 743 3963 742 
6126 4 0 2440 688 2493 2342 
6127 4 0 579 2255 2460 2366 
6128 4 0 1522 3129 4105 4346 
6129 4 0 654 4172 3616 3916 
6130 4 0 3545 859 2335 2381 
6131 4 0 3536 3616 3916 654 
6132 4 0 660 3205 4084 4085 
6133 4 0 2206 1493 2714 3041 
6134 4 0 3992 4592 3481 756 
6135 4 0 971 3481 3992 4592 
6136 4 0 4143 567 1669 1668 
6137 4 0 4183 2983 1324 1386 
6138 4 0 3965 4131 1536 2927 
6139 4 0 3797 3740 3590 2070 
6140 4 0 3481 971 3734 4592 
6141 4 0 2920 2638 2796 3890 
6142 4 0 642 1744 3048 2422 
6143 4 0 448 2652 2816 2395 
6144 4 0 3056 4023 3145 3612 
6145 4 0 4244 3023 3527 2957 
6146 4 0 1254 3079 3612 2897 
6147 4 0 1792 2957 3527 3023 
6148 4 0 3301 3856 1578 3243 
6149 4 0 3062 3856 3301 3243 
6150 4 0 3062 3301 2107 3243 
6151 4 0 3062 1431 3301 3856 
6152 4 0 2858 2227 1650 2946 
6153 4 0 2572 4250 2482 2836 
6154 4 0 3130 3266 2869 3146 
6155 4 0 847 4589 35 841 
6156 4 0 4590 2719 2874 411 
6157 4 0 4144 3146 2869 3266 
6158 4 0 1188 1507 1184 643 
6159 4 0 1235 1557 466 2061 
6160 4 0 2924 3262 3370 3790 
6161 4 0 2507 2402 2747 2383 
6162 4 0 3265 2729 2302 2010 
6163 4 0 2553 2302 3488 2729 
6164 4 0 2729 1068 2302 2010 
6165 4 0 2553 2302 2729 1068 
6166 4 0 3914 955 2326 4127 
6167 4 0 2695 2368 3149 614 
6168 4 0 3149 2368 4364 614 
6169 4 0 416 1197 2802 422 
6170 4 0 3488 2729 2302 3265 
6171 4 0 422 1197 2802 2475 
6172 4 0 2671 4162 1521 3618 
6173 4 0 2213 2722 2802 422 
6174 4 0 2466 312 2610 2292 
6175 4 0 2626 2830 3331 3409 
6176 4 0 4289 716 2199 2937 
6177 4 0 2246 3409 2626 678 
6178 4 0 2402 3515 1653 2884 
6179 4 0 1177 3480 505 3755 
6180 4 0 3792 3755 3480 1177 
6181 4 0 1932 2216 2157 1484 
6182 4 0 3261 2126 3641 2214 
6183 4 0 1927 3756 1398 2360 
6184 4 0 430 3917 828 1971 
6185 4 0 835 2122 2344 1484 
6186 4 0 1484 2344 835 4366 
6187 4 0 2387 1701 3953 1809 
6188 4 0 2387 4303 1809 3953 
6189 4 0 2879 494 1566 3044 
6190 4 0 3019 3985 2879 1566 
6191 4 0 3985 2879 951 3019 
6192 4 0 4090 3966 2369 2611 
6193 4 0 2605 711 1869 734 
6194 4 0 3808 1498 3399 2536 
6195 4 0 3151 2201 2536 3399 
6196 4 0 4310 4402 4199 1482 
6197 4 0 3960 3717 4181 3796 
6198 4 0 1240 2643 2174 783 
6199 4 0 2297 3003 2736 3500 
6200 4 0 2300 3960 4181 4160 
6201 4 0 2246 2559 1721 678 
6202 4 0 1815 1970 3095 2017 
6203 4 0 2124 709 3960 2300 
6204 4 0 2073 2260 925 3637 
6205 4 0 3867 712 2352 3256 
6206 4 0 33 41 2283 838 
6207 4 0 2851 2194 528 2028 
6208 4 0 3927 3468 900 3364 
6209 4 0 4365 3051 2688 524 
6210 4 0 3152 2585 2543 2375 
6211 4 0 2777 1757 1587 2239 
6212 4 0 4364 3959 3228 2646 
6213 4 0 2777 3518 1757 2239 
6214 4 0 3821 4047 1218 2900 
6215 4 0 4155 3038 2646 3492 
6216 4 0 3822 1986 4532 3819 
6217 4 0 3689 1450 607 2490 
6218 4 0 2786 2243 1747 2252 
6219 4 0 492 3366 2844 3993 
6220 4 0 1972 3056 3353 3603 
6221 4 0 3363 1869 1299 734 
6222 4 0 2082 592 3317 2626 
6223 4 0 2626 2082 592 2179 
6224 4 0 447 3331 2626 3317 
6225 4 0 2651 3130 3798 2589 
6226 4 0 1552 3272 2445 436 
6227 4 0 3095 2445 969 2017 
6228 4 0 3784 4353 3167 4352 
6229 4 0 2578 3376 3073 3401 
6230 4 0 2703 2762 3599 2117 
6231 4 0 482 2781 4323 3450 
6232 4 0 2311 1145 2051 2667 
6233 4 0 1191 4180 3364 899 
6234 4 0 535 3450 482 4323 
6235 4 0 1197 3084 4133 616 
6236 4 0 3320 1699 3537 3727 
6237 4 0 3320 3021 3537 3817 
6238 4 0 3021 3727 3320 3537 
6239 4 0 2630 1460 3425 4041 
6240 4 0 2630 3425 2718 3611 
6241 4 0 2188 2638 1790 2557 
6242 4 0 3179 77 4142 3274 
6243 4 0 2320 3119 2288 1286 
6244 4 0 3773 1474 913 4540 
6245 4 0 2889 617 1237 3507 
6246 4 0 412 4304 282 2908 
6247 4 0 2827 628 369 2251 
6248 4 0 1861 3773 4540 1474 
6249 4 0 359 3907 2888 3272 
6250 4 0 2706 1775 2914 3708 
6251 4 0 212 1318 3026 2635 
6252 4 0 212 1047 2929 3026 
6253 4 0 414 385 1377 1449 
6254 4 0 3443 4200 4246 1520 
6255 4 0 914 624 652 2991 
6256 4 0 3508 526 2169 2991 
6257 4 0 580 4365 2829 529 
6258 4 0 526 2991 1354 2169 
6259 4 0 851 1378 1754 2971 
6260 4 0 2140 2400 3199 2632 
6261 4 0 3443 3624 4200 1520 
6262 4 0 2864 2329 393 3278 
6263 4 0 3797 4007 1434 3776 
6264 4 0 2417 4089 1167 2504 
6265 4 0 1748 3294 3885 1749 
6266 4 0 2132 1748 3885 4039 
6267 4 0 2540 4117 3575 3546 
6268 4 0 4253 4418 2914 4419 
6269 4 0 1291 719 1288 1292 
6270 4 0 4580 665 2414 1930 
6271 4 0 719 723 1292 1291 
6272 4 0 1994 3337 2007 2270 
6273 4 0 3846 2167 2190 1747 
6274 4 0 2807 2976 3846 1250 
6275 4 0 2161 1956 2177 3929 
6276 4 0 2161 3201 1956 3929 
6277 4 0 3616 1410 4188 1423 
6278 4 0 654 4188 3763 444 
6279 4 0 4114 654 1423 3616 
6280 4 0 441 4604 280 3473 
6281 4 0 1980 1401 2848 3700 
6282 4 0 2597 2610 4574 1439 
6283 4 0 4574 977 2610 2597 
6284 4 0 2266 2303 3499 464 
6285 4 0 2832 432 2224 3196 
6286 4 0 2257 2644 3771 2584 
6287 4 0 1567 2584 3771 2644 
6288 4 0 2584 2973 2257 2644 
6289 4 0 3042 381 2402 2072 
6290 4 0 3700 1462 2024 2016 
6291 4 0 4077 1558 4110 4230 
6292 4 0 2561 13 1225 5 
6293 4 0 2321 2373 550 3755 
6294 4 0 3379 2176 2639 2310 
6295 4 0 3824 2925 2850 4359 
6296 4 0 3997 918 2206 1882 
6297 4 0 655 405 1304 2564 
6298 4 0 1011 4379 4186 2182 
6299 4 0 1522 4347 774 3180 
6300 4 0 2900 2092 1523 2344 
6301 4 0 2551 3598 4308 1577 
6302 4 0 3693 1997 2380 2182 
6303 4 0 3693 1915 2816 4078 
6304 4 0 1373 2835 1973 2281 
6305 4 0 1973 3531 2245 2835 
6306 4 0 2092 2122 3083 1323 
6307 4 0 3024 3599 1578 2107 
6308 4 0 1578 3024 2107 1949 
6309 4 0 3244 3765 3665 3893 
6310 4 0 3587 2278 3466 531 
6311 4 0 3230 1983 3186 3373 
6312 4 0 3783 1350 754 3602 
6313 4 0 1740 968 3463 2915 
6314 4 0 3353 1350 3602 754 
6315 4 0 3637 533 2799 3607 
6316 4 0 2252 2243 2591 3412 
6317 4 0 2462 2426 425 2019 
6318 4 0 2974 1934 4104 2455 
6319 4 0 748 768 687 3109 
6320 4 0 143 876 164 3786 
6321 4 0 4417 3156 1789 3476 
6322 4 0 656 1768 405 2531 
6323 4 0 1768 2145 405 2215 
6324 4 0 3382 639 1818 3660 
6325 4 0 3521 1655 3390 704 
6326 4 0 3629 143 3355 1041 
6327 4 0 876 143 3355 3786 
6328 4 0 1197 1929 2642 2259 
6329 4 0 3154 2999 2720 2037 
6330 4 0 1884 2495 1487 2565 
6331 4 0 3342 4292 2388 1013 
6332 4 0 3237 2495 1487 871 
6333 4 0 843 82 3324 2453 
6334 4 0 2321 926 2373 3755 
6335 4 0 3910 4365 2688 3504 
6336 4 0 4365 3910 2411 4364 
6337 4 0 1413 4441 1796 1955 
6338 4 0 4441 882 1796 1955 
6339 4 0 3255 1022 3614 4434 
6340 4 0 3614 1022 3828 4434 
6341 4 0 2828 2132 3103 2043 
6342 4 0 2527 2221 2603 713 
6343 4 0 1142 2762 2200 4269 
6344 4 0 2762 2200 3856 1142 
6345 4 0 1323 3342 2140 1013 
6346 4 0 2140 3342 2388 1013 
6347 4 0 2224 2611 334 3966 
6348 4 0 425 1998 1256 2655 
6349 4 0 2 2100 1544 909 
6350 4 0 1544 2100 3117 909 
6351 4 0 3966 2611 334 344 
6352 4 0 1053 3517 4108 3873 
6353 4 0 418 3665 1317 387 
6354 4 0 3287 2556 3428 785 
6355 4 0 3287 785 3428 1056 
6356 4 0 2810 3338 3118 2813 
6357 4 0 2647 2282 4211 3159 
6358 4 0 1926 2182 2380 2064 
6359 4 0 3096 4545 2953 3044 
6360 4 0 783 2643 2297 1240 
6361 4 0 1233 1337 2953 4545 
6362 4 0 2297 783 787 1243 
6363 4 0 2254 3222 1226 3714 
6364 4 0 355 3043 477 354 
6365 4 0 2837 3918 1973 1875 
6366 4 0 2837 3918 1374 1973 
6367 4 0 3116 3787 1625 638 
6368 4 0 3116 638 542 3328 
6369 4 0 3116 1625 1631 638 
6370 4 0 3116 638 1631 1364 
6371 4 0 3116 542 638 1364 
6372 4 0 1433 3711 3776 1434 
6373 4 0 3776 2703 3711 1433 
6374 4 0 1433 3750 3711 1434 
6375 4 0 4527 1516 2325 2475 
6376 4 0 1061 1561 3861 3939 
6377 4 0 387 1013 2098 1023 
6378 4 0 3763 4188 2467 444 
6379 4 0 779 505 2654 1177 
6380 4 0 3755 2521 2654 2624 
6381 4 0 1766 609 3104 1103 
6382 4 0 920 1766 4363 908 
6383 4 0 4444 1910 1980 3709 
6384 4 0 1041 3355 3812 1046 
6385 4 0 3294 654 444 431 
6386 4 0 1530 3859 1807 2881 
6387 4 0 2881 1534 1530 128 
6388 4 0 3087 2124 3343 979 
6389 4 0 1869 1202 2570 2943 
6390 4 0 1869 2273 2943 2570 
6391 4 0 402 1566 2879 1003 
6392 4 0 417 376 1721 1995 
6393 4 0 2271 3237 1487 3756 
6394 4 0 2317 3627 394 522 
6395 4 0 2548 1713 1092 1572 
6396 4 0 1157 3779 772 421 
6397 4 0 512 421 162 2781 
6398 4 0 772 3779 1029 421 
6399 4 0 2088 1814 4521 1170 
6400 4 0 4197 383 877 876 
6401 4 0 3267 2286 1017 2819 
6402 4 0 4317 3813 1799 709 
6403 4 0 1326 2954 1440 4201 
6404 4 0 2964 2733 2637 3998 
6405 4 0 3595 3956 833 3884 
6406 4 0 1397 3081 4118 389 
6407 4 0 389 4118 3561 3081 
6408 4 0 3477 3280 2821 2073 
6409 4 0 3280 3477 2742 2073 
6410 4 0 3172 2030 610 3801 
6411 4 0 3801 2030 4368 3172 
6412 4 0 2294 4403 3340 2001 
6413 4 0 987 1754 260 2267 
6414 4 0 987 260 1754 844 
6415 4 0 378 1715 3596 2800 
6416 4 0 2905 415 2244 644 
6417 4 0 3846 2807 2295 3211 
6418 4 0 424 3554 2295 3640 
6419 4 0 63 54 3047 2109 
6420 4 0 71 3047 850 2052 
6421 4 0 1933 2634 409 2012 
6422 4 0 1474 2445 2670 1583 
6423 4 0 3934 1543 2276 497 
6424 4 0 1888 3695 3006 3810 
6425 4 0 1403 2588 3182 2946 
6426 4 0 1888 3070 3006 3695 
6427 4 0 2578 3761 2683 3401 
6428 4 0 2789 2884 3474 3699 
6429 4 0 3699 2789 3974 3474 
6430 4 0 1254 2897 3612 3571 
6431 4 0 3612 1254 425 1256 
6432 4 0 4064 4566 3443 3150 
6433 4 0 3026 3858 666 455 
6434 4 0 3476 3156 3620 4417 
6435 4 0 45 31 2812 2029 
6436 4 0 455 666 3026 2929 
6437 4 0 3182 2280 3542 1321 
6438 4 0 2393 378 769 2581 
6439 4 0 2490 1242 1276 3561 
6440 4 0 2475 2399 2520 2036 
6441 4 0 1226 28 3714 3222 
6442 4 0 1226 3714 28 39 
6443 4 0 2260 1683 2217 374 
6444 4 0 2260 374 2217 2010 
6445 4 0 1588 3462 3882 3956 
6446 4 0 1588 3942 3882 3462 
6447 4 0 2218 2697 381 2718 
6448 4 0 2998 2955 2220 3028 
6449 4 0 1890 2987 2540 4427 
6450 4 0 2771 3680 871 3237 
6451 4 0 3606 2753 946 589 
6452 4 0 834 2554 2431 521 
6453 4 0 2554 696 2431 1778 
6454 4 0 834 696 2431 2554 
6455 4 0 4370 2554 2211 1778 
6456 4 0 938 392 1020 2798 
6457 4 0 2205 614 2585 3424 
6458 4 0 3680 2360 871 3237 
6459 4 0 2489 2106 3204 3035 
6460 4 0 550 3189 870 545 
6461 4 0 1568 1565 2212 1169 
6462 4 0 2039 2243 3519 2824 
6463 4 0 3527 407 2805 2609 
6464 4 0 1368 2824 595 2039 
6465 4 0 2382 368 2283 2561 
6466 4 0 3467 3172 617 3507 
6467 4 0 1314 3422 3412 2340 
6468 4 0 3625 4001 3355 2652 
6469 4 0 368 2561 1793 5 
6470 4 0 4581 2042 4601 4586 
6471 4 0 459 2352 427 2042 
6472 4 0 425 2042 2352 2424 
6473 4 0 2019 427 484 425 
6474 4 0 2019 3282 427 425 
6475 4 0 3468 2316 2855 2103 
6476 4 0 1970 1583 2103 3628 
6477 4 0 1249 3924 399 2121 
6478 4 0 3714 70 2254 57 
6479 4 0 1346 2371 3847 1889 
6480 4 0 3130 2869 2143 2828 
6481 4 0 2354 1068 2010 2302 
6482 4 0 3436 3694 1885 1440 
6483 4 0 1817 3694 1440 1885 
6484 4 0 3131 401 3101 2385 
6485 4 0 2354 2302 2010 2231 
6486 4 0 2758 2354 2231 367 
6487 4 0 481 3235 2758 2354 
6488 4 0 1276 3561 2983 2346 
6489 4 0 170 589 1471 947 
6490 4 0 1061 201 3861 4118 
6491 4 0 171 4113 184 1179 
6492 4 0 3113 1692 1690 549 
6493 4 0 2915 2711 3099 2172 
6494 4 0 526 2169 1061 3661 
6495 4 0 2607 3113 1690 549 
6496 4 0 2838 549 2607 1690 
6497 4 0 549 1692 1690 1691 
6498 4 0 403 3602 3238 2754 
6499 4 0 1691 1690 549 2838 
6500 4 0 3552 657 2826 4558 
6501 4 0 2826 410 4558 657 
6502 4 0 4297 2320 3200 642 
6503 4 0 1032 2582 598 3825 
6504 4 0 2009 1609 3172 3467 
6505 4 0 833 3956 2180 3884 
6506 4 0 2582 2474 598 3825 
6507 4 0 825 498 2249 1174 
6508 4 0 988 2705 2197 2795 
6509 4 0 776 2352 1928 2159 
6510 4 0 1575 1249 399 1254 
6511 4 0 3956 3884 3462 2180 
6512 4 0 1933 2180 1474 3884 
6513 4 0 1933 833 2180 3884 
6514 4 0 2758 2327 937 4372 
6515 4 0 3825 598 1032 1002 
6516 4 0 1002 3825 598 2474 
6517 4 0 3895 1474 2670 2180 
6518 4 0 642 3200 2258 2320 
6519 4 0 2694 3456 3509 990 
6520 4 0 2182 2380 448 860 
6521 4 0 3605 3509 990 2694 
6522 4 0 2534 2297 3500 2120 
6523 4 0 3033 3439 3244 4026 
6524 4 0 661 3372 3483 942 
6525 4 0 3625 3617 3434 84 
6526 4 0 4470 403 1350 3602 
6527 4 0 3882 403 1350 4470 
6528 4 0 4470 1584 3602 1350 
6529 4 0 3602 4474 1584 4470 
6530 4 0 4470 4474 403 3602 
6531 4 0 3409 3437 2830 3331 
6532 4 0 774 3180 2086 3021 
6533 4 0 1564 677 2089 376 
6534 4 0 3021 2086 3817 3180 
6535 4 0 1815 1271 2193 2577 
6536 4 0 2314 3628 3772 2316 
6537 4 0 1728 3309 2872 705 
6538 4 0 1749 2190 4039 1748 
6539 4 0 3702 4039 719 1900 
6540 4 0 561 3849 2900 853 
6541 4 0 2110 1365 2083 3116 
6542 4 0 1365 3126 812 2110 
6543 4 0 2110 2083 1365 3126 
6544 4 0 597 1511 1182 1510 
6545 4 0 1466 3257 835 491 
6546 4 0 3010 4184 1466 491 
6547 4 0 3597 3980 3062 2021 
6548 4 0 2094 2126 2207 2565 
6549 4 0 3903 612 590 3594 
6550 4 0 1814 2057 1024 2627 
6551 4 0 2892 1207 2171 1891 
6552 4 0 901 3572 3228 903 
6553 4 0 3228 962 901 903 
6554 4 0 4122 4429 2615 3367 
6555 4 0 2396 1168 2297 1476 
6556 4 0 4429 3419 4122 2615 
6557 4 0 424 2675 2749 4064 
6558 4 0 2009 3947 3801 3383 
6559 4 0 2337 3192 2675 2967 
6560 4 0 3162 433 3095 2017 
6561 4 0 2074 3743 3507 1238 
6562 4 0 2542 2074 1073 1238 
6563 4 0 1530 1907 3859 1179 
6564 4 0 1530 3859 2881 1179 
6565 4 0 1198 4342 1179 1907 
6566 4 0 2637 1179 1907 1198 
6567 4 0 1179 4342 1530 1907 
6568 4 0 366 2037 4404 3550 
6569 4 0 2028 4365 2194 2829 
6570 4 0 2439 4365 2028 2829 
6571 4 0 3955 386 2028 2829 
6572 4 0 2351 4094 3668 2485 
6573 4 0 979 2313 2272 1406 
6574 4 0 2966 3139 342 336 
6575 4 0 2038 1897 369 1435 
6576 4 0 1897 1230 2404 3262 
6577 4 0 1230 1897 2251 3262 
6578 4 0 2793 3095 433 2017 
6579 4 0 324 3095 433 2793 
6580 4 0 3130 2064 2651 3266 
6581 4 0 3441 3266 3710 3770 
6582 4 0 1891 1207 2581 3065 
6583 4 0 4242 710 1377 3052 
6584 4 0 1891 4377 3350 3065 
6585 4 0 3065 1891 4377 2780 
6586 4 0 2828 3682 3442 1301 
6587 4 0 857 2348 3022 2217 
6588 4 0 2075 1866 3462 1474 
6589 4 0 2348 3477 374 2073 
6590 4 0 1323 419 3342 1642 
6591 4 0 2067 3457 1620 3845 
6592 4 0 2299 2364 3486 1217 
6593 4 0 4076 543 2765 2625 
6594 4 0 3044 3096 1549 2953 
6595 4 0 543 2765 2625 2451 
6596 4 0 2964 3016 2733 1413 
6597 4 0 552 2964 2137 3016 
6598 4 0 552 1639 2964 1180 
6599 4 0 602 1191 1193 898 
6600 4 0 48 1227 1143 2116 
6601 4 0 3614 3733 4434 3828 
6602 4 0 3725 3268 3359 4340 
6603 4 0 4368 3109 3172 617 
6604 4 0 3268 1532 3725 3359 
6605 4 0 3484 779 3969 3820 
6606 4 0 2385 2957 3131 2164 
6607 4 0 3252 1367 1371 919 
6608 4 0 598 3252 1367 2474 
6609 4 0 2250 2828 2132 3103 
6610 4 0 4149 3955 1138 1031 
6611 4 0 3665 4475 3244 1013 
6612 4 0 418 4323 1023 387 
6613 4 0 2536 1613 2680 1570 
6614 4 0 2759 2787 495 4248 
6615 4 0 2970 158 3662 2346 
6616 4 0 4136 4257 3157 1822 
6617 4 0 3478 4551 1575 733 
6618 4 0 2200 1399 1142 4269 
6619 4 0 2072 2841 2326 2223 
6620 4 0 707 2431 687 372 
6621 4 0 1433 2703 2020 3600 
6622 4 0 1433 2703 3600 4375 
6623 4 0 2261 2378 1858 3097 
6624 4 0 2232 1503 1858 2667 
6625 4 0 3071 2548 3209 3377 
6626 4 0 3071 2548 1443 1574 
6627 4 0 2261 1858 2378 2667 
6628 4 0 2090 393 3245 2864 
6629 4 0 2346 1275 2983 1276 
6630 4 0 3082 1195 3134 4310 
6631 4 0 3503 1405 3177 2838 
6632 4 0 4286 3177 4281 2607 
6633 4 0 4192 529 4312 235 
6634 4 0 1867 1336 3019 1566 
6635 4 0 3116 2083 542 1364 
6636 4 0 1998 2957 2655 4244 
6637 4 0 3947 3467 3109 1611 
6638 4 0 3467 3947 2009 1611 
6639 4 0 3467 3801 3947 3109 
6640 4 0 3801 3109 3172 4368 
6641 4 0 3993 3440 2157 4161 
6642 4 0 2445 3095 1970 2017 
6643 4 0 2218 2313 1406 2168 
6644 4 0 1406 2313 2446 2168 
6645 4 0 1277 2991 2169 3296 
6646 4 0 3183 4087 2276 3934 
6647 4 0 4033 3862 3778 3893 
6648 4 0 1699 3727 3111 4346 
6649 4 0 3320 1699 3727 3111 
6650 4 0 4472 3882 4470 1085 
6651 4 0 4472 3882 4479 4470 
6652 4 0 929 1951 2169 3508 
6653 4 0 2762 1432 3856 1578 
6654 4 0 2762 1578 3599 1432 
6655 4 0 2846 2354 1070 532 
6656 4 0 1403 2875 2939 2917 
6657 4 0 2691 452 3268 731 
6658 4 0 212 3026 1318 241 
6659 4 0 2927 3486 3965 2779 
6660 4 0 2531 2065 410 620 
6661 4 0 1606 2066 3654 3080 
6662 4 0 3080 2066 3654 1171 
6663 4 0 1612 2132 1748 3742 
6664 4 0 3726 3481 4007 3740 
6665 4 0 3806 2694 3605 3195 
6666 4 0 3337 1324 2983 1386 
6667 4 0 2448 3160 3414 2494 
6668 4 0 1135 518 4187 486 
6669 4 0 3550 366 2291 937 
6670 4 0 3382 3337 2983 1386 
6671 4 0 3550 937 2291 37 
6672 4 0 756 3481 3726 3740 
6673 4 0 3987 811 4141 2892 
6674 4 0 3544 2757 1140 2514 
6675 4 0 2787 1427 3544 2514 
6676 4 0 3376 3213 3073 3401 
6677 4 0 3213 1575 3073 2563 
6678 4 0 3253 3335 4153 3532 
6679 4 0 881 876 383 4197 
6680 4 0 2140 2900 2632 3199 
6681 4 0 1264 2573 2237 3271 
6682 4 0 3625 3617 84 1046 
6683 4 0 2152 2583 1368 3085 
6684 4 0 1792 4018 2805 2957 
6685 4 0 3067 1575 406 2563 
6686 4 0 2563 2158 1591 3067 
6687 4 0 830 2785 3401 2563 
6688 4 0 3361 3929 4231 3715 
6689 4 0 4089 3007 4395 2586 
6690 4 0 4143 3698 567 2512 
6691 4 0 3671 663 4233 3337 
6692 4 0 3856 1142 708 3301 
6693 4 0 1924 2987 3609 2383 
6694 4 0 2605 734 2026 1113 
6695 4 0 4411 3184 1448 1655 
6696 4 0 414 288 3877 294 
6697 4 0 2724 409 3736 2443 
6698 4 0 2443 2759 409 3736 
6699 4 0 2038 1897 2827 369 
6700 4 0 1897 2765 376 2827 
6701 4 0 2827 2765 2251 1897 
6702 4 0 2664 3922 972 1206 
6703 4 0 2432 1179 2637 1198 
6704 4 0 311 321 2873 2055 
6705 4 0 3898 1681 2662 4613 
6706 4 0 2904 2546 543 699 
6707 4 0 2725 3772 4283 1695 
6708 4 0 3468 2316 1253 2855 
6709 4 0 612 3436 3727 611 
6710 4 0 2314 1262 1263 3772 
6711 4 0 2550 2668 2662 1681 
6712 4 0 2907 1585 1428 1144 
6713 4 0 1585 1620 2907 1428 
6714 4 0 1430 372 2907 3843 
6715 4 0 372 1585 1430 2907 
6716 4 0 1227 57 48 2254 
6717 4 0 4067 4049 1139 635 
6718 4 0 2109 45 54 2119 
6719 4 0 2998 1244 550 2604 
6720 4 0 2737 2002 3551 3017 
6721 4 0 1457 2002 3551 2737 
6722 4 0 309 2306 2871 317 
6723 4 0 299 2871 2306 3432 
6724 4 0 309 299 2871 2306 
6725 4 0 3512 2871 299 3432 
6726 4 0 687 2401 372 2431 
6727 4 0 2300 2831 3555 2028 
6728 4 0 4134 2551 1015 4308 
6729 4 0 2093 2236 705 2872 
6730 4 0 3963 2410 3333 2995 
6731 4 0 3520 1663 2440 688 
6732 4 0 3354 1663 3520 688 
6733 4 0 3351 550 2998 2528 
6734 4 0 3351 4029 892 3398 
6735 4 0 3039 2383 2715 603 
6736 4 0 2555 3327 1573 1442 
6737 4 0 3322 3327 1442 4343 
6738 4 0 3609 539 3039 2383 
6739 4 0 2568 954 865 2223 
6740 4 0 1559 781 1157 512 
6741 4 0 1157 1559 512 1560 
6742 4 0 4148 1001 487 1037 
6743 4 0 1001 487 2451 4148 
6744 4 0 4148 2451 2924 487 
6745 4 0 3160 3864 672 1871 
6746 4 0 2900 1028 1780 4047 
6747 4 0 574 3407 445 2139 
6748 4 0 1607 1752 1734 1751 
6749 4 0 1607 1752 1735 1734 
6750 4 0 2856 3517 2462 1888 
6751 4 0 3832 3920 1905 1290 
6752 4 0 3832 2060 1905 3920 
6753 4 0 3286 2857 679 3078 
6754 4 0 606 2059 3770 2027 
6755 4 0 726 3012 3334 722 
6756 4 0 3727 3180 3111 1522 
6757 4 0 3334 2274 726 722 
6758 4 0 1183 2363 2301 2713 
6759 4 0 2670 969 3473 601 
6760 4 0 527 1436 1484 2122 
6761 4 0 3160 3686 4024 2494 
6762 4 0 2448 3160 2494 3686 
6763 4 0 3333 1743 468 787 
6764 4 0 3051 4198 524 3990 
6765 4 0 3124 2686 3015 4260 
6766 4 0 1798 3599 1578 3024 
6767 4 0 3024 1798 1465 1496 
6768 4 0 3465 2414 4071 4580 
6769 4 0 1003 1932 1933 1484 
6770 4 0 833 3884 1933 1003 
6771 4 0 3672 4546 465 429 
6772 4 0 3686 3160 4061 2448 
6773 4 0 2223 2841 3605 2072 
6774 4 0 3741 2510 2982 4154 
6775 4 0 2223 3125 3643 2326 
6776 4 0 3647 4268 4154 2510 
6777 4 0 429 2266 4546 465 
6778 4 0 2910 2306 358 349 
6779 4 0 2248 1076 2639 2161 
6780 4 0 2161 2639 2248 2285 
6781 4 0 2552 615 1493 3148 
6782 4 0 2427 1961 1145 3338 
6783 4 0 1841 4201 4384 383 
6784 4 0 383 4128 4201 4384 
6785 4 0 2682 3865 2117 3776 
6786 4 0 1398 3279 41 2899 
6787 4 0 3697 508 1347 507 
6788 4 0 3924 3028 2955 507 
6789 4 0 2542 1073 2074 1067 
6790 4 0 3177 3703 866 4281 
6791 4 0 3177 3528 866 3703 
6792 4 0 709 3913 3813 1918 
6793 4 0 3326 834 696 2951 
6794 4 0 3337 3481 3555 971 
6795 4 0 2347 3540 2567 648 
6796 4 0 1917 3813 1918 709 
6797 4 0 3813 4317 3913 709 
6798 4 0 1322 3313 2419 2535 
6799 4 0 2641 1939 2203 2770 
6800 4 0 4156 3391 1822 1982 
6801 4 0 2388 3779 512 421 
6802 4 0 3264 2770 1930 2077 
6803 4 0 1601 2528 2022 3528 
6804 4 0 3264 2770 2641 3485 
6805 4 0 606 3169 2153 2209 
6806 4 0 1767 1596 1545 2323 
6807 4 0 1340 828 2424 430 
6808 4 0 1475 2949 2898 659 
6809 4 0 1746 1245 3129 523 
6810 4 0 3101 4134 401 2551 
6811 4 0 881 876 164 4031 
6812 4 0 150 4342 1179 171 
6813 4 0 1246 2169 1277 2376 
6814 4 0 2551 2642 2259 3101 
6815 4 0 1303 1304 3208 655 
6816 4 0 4199 513 1482 4143 
6817 4 0 4199 1195 513 139 
6818 4 0 2636 2387 1702 4089 
6819 4 0 4296 3217 4040 1498 
6820 4 0 2516 2659 1667 4344 
6821 4 0 2516 3246 1667 2659 
6822 4 0 1249 2220 3028 4171 
6823 4 0 2664 3760 3358 3277 
6824 4 0 942 2865 1164 3002 
6825 4 0 2719 2815 2088 2421 
6826 4 0 2884 3515 3042 2402 
6827 4 0 2410 3333 3001 2054 
6828 4 0 336 3432 342 446 
6829 4 0 4397 2994 3455 4383 
6830 4 0 4383 3455 1216 2994 
6831 4 0 2567 3258 2857 2833 
6832 4 0 3252 4129 1512 2332 
6833 4 0 1403 2946 3029 2939 
6834 4 0 4431 2265 4425 3904 
6835 4 0 1745 612 936 2591 
6836 4 0 2528 555 2476 2607 
6837 4 0 2528 2476 2452 2607 
6838 4 0 3579 2406 4005 3177 
6839 4 0 2752 2200 593 2401 
6840 4 0 2465 2999 2705 2005 
6841 4 0 2760 2002 2005 2705 
6842 4 0 1822 1749 2467 1258 
6843 4 0 2928 2897 3571 3612 
6844 4 0 4077 3765 3665 4475 
6845 4 0 3277 2888 2922 4485 
6846 4 0 2827 3722 417 375 
6847 4 0 417 3722 1995 375 
6848 4 0 1153 3214 701 544 
6849 4 0 1160 3722 375 2063 
6850 4 0 2084 1362 608 4356 
6851 4 0 881 177 156 4031 
6852 4 0 1017 2819 2286 1420 
6853 4 0 2955 2452 2150 2476 
6854 4 0 2106 620 363 408 
6855 4 0 1965 1017 1420 2819 
6856 4 0 2523 2800 378 3596 
6857 4 0 487 2004 2214 2765 
6858 4 0 2360 3756 871 3237 
6859 4 0 2651 2519 2149 3130 
6860 4 0 3146 3130 2064 2149 
6861 4 0 2111 952 3626 2285 
6862 4 0 1684 2079 2098 2032 
6863 4 0 1684 2098 2079 1121 
6864 4 0 3196 2193 2224 2832 
6865 4 0 2967 3925 3804 2675 
6866 4 0 2381 4082 620 2106 
6867 4 0 1504 2943 2706 1775 
6868 4 0 1936 1427 1932 492 
6869 4 0 3241 2855 2075 3884 
6870 4 0 1474 2103 2953 3044 
6871 4 0 1763 494 492 495 
6872 4 0 2490 2321 1561 1246 
6873 4 0 1775 2914 2943 2706 
6874 4 0 2609 407 2303 464 
6875 4 0 2728 2981 2543 3972 
6876 4 0 3230 2564 2403 444 
6877 4 0 1983 3230 1848 4157 
6878 4 0 4157 1848 2931 2403 
6879 4 0 2348 2073 498 2699 
6880 4 0 1848 2564 2480 2403 
6881 4 0 1176 1500 619 3936 
6882 4 0 2183 927 2872 2696 
6883 4 0 3491 3711 1066 2643 
6884 4 0 1619 3491 3711 1066 
6885 4 0 1619 3491 3750 3711 
6886 4 0 2681 2260 3413 906 
6887 4 0 2681 3637 2260 906 
6888 4 0 1297 3914 2930 4127 
6889 4 0 1986 4532 3819 913 
6890 4 0 3914 2326 3746 2930 
6891 4 0 3914 2930 3746 1297 
6892 4 0 1482 3746 2326 3513 
6893 4 0 2230 1808 1677 4271 
6894 4 0 2100 3117 2192 1156 
6895 4 0 3117 2100 1544 1156 
6896 4 0 3854 455 394 3443 
6897 4 0 2910 361 358 2306 
6898 4 0 3297 981 3144 621 
6899 4 0 2287 1093 4169 3482 
6900 4 0 4496 3028 4552 4497 
6901 4 0 3542 4036 2858 1958 
6902 4 0 1108 3155 2265 1526 
6903 4 0 2367 746 3959 3228 
6904 4 0 3243 3062 2435 2021 
6905 4 0 2876 974 1437 4614 
6906 4 0 1437 868 2876 4614 
6907 4 0 4343 2548 1573 1443 
6908 4 0 2124 2512 3343 2218 
6909 4 0 3378 3893 3883 2015 
6910 4 0 2015 3893 3883 3889 
6911 4 0 2063 1161 3692 3762 
6912 4 0 4565 2531 3049 2498 
6913 4 0 1575 2563 3213 1894 
6914 4 0 602 3213 2785 2563 
6915 4 0 555 1575 1894 2563 
6916 4 0 917 4551 733 508 
6917 4 0 3980 3986 3062 2021 
6918 4 0 2927 2711 2987 3741 
6919 4 0 4345 2128 3514 3209 
6920 4 0 4243 3514 2128 3209 
6921 4 0 773 88 2881 108 
6922 4 0 171 4348 4113 1179 
6923 4 0 1179 150 171 4348 
6924 4 0 1622 820 1992 4357 
6925 4 0 3328 821 3936 1500 
6926 4 0 2521 2896 799 865 
6927 4 0 3568 1886 1602 3360 
6928 4 0 2428 2704 2379 1766 
6929 4 0 3628 2601 1125 1192 
6930 4 0 3876 3333 3541 743 
6931 4 0 743 3876 3333 2410 
6932 4 0 4581 459 4165 4601 
6933 4 0 842 2528 2373 1601 
6934 4 0 4581 459 826 4165 
6935 4 0 1194 3244 3439 4026 
6936 4 0 2160 451 1644 1129 
6937 4 0 830 2785 2563 3053 
6938 4 0 1392 473 1958 2034 
6939 4 0 2997 2956 4608 3012 
6940 4 0 1913 2997 2956 4608 
6941 4 0 2686 1741 380 2915 
6942 4 0 1098 1127 3365 3540 
6943 4 0 1098 1127 1128 3365 
6944 4 0 2747 1105 2883 2044 
6945 4 0 2780 1098 1128 3365 
6946 4 0 3344 1128 2780 1098 
6947 4 0 405 634 1785 1948 
6948 4 0 2635 455 2929 1925 
6949 4 0 1969 3503 2838 1405 
6950 4 0 2641 1939 2242 2203 
6951 4 0 1549 3044 2103 4202 
6952 4 0 398 1993 2744 329 
6953 4 0 445 3407 2744 2139 
6954 4 0 37 839 25 937 
6955 4 0 119 4298 1789 535 
6956 4 0 535 4298 1789 4323 
6957 4 0 3244 4602 3033 816 
6958 4 0 4550 3177 3503 1405 
6959 4 0 3929 2760 3774 1174 
6960 4 0 1969 3503 1405 973 
6961 4 0 3472 973 975 2444 
6962 4 0 4231 2154 2618 498 
6963 4 0 1087 4552 651 916 
6964 4 0 4542 1591 4534 1436 
6965 4 0 2154 4231 2699 498 
6966 4 0 2154 3446 2699 4231 
6967 4 0 311 2873 2241 302 
6968 4 0 4120 1839 1546 2046 
6969 4 0 2873 302 2262 2241 
6970 4 0 2512 2218 2124 2400 
6971 4 0 1812 2218 567 4271 
6972 4 0 4085 3148 660 3205 
6973 4 0 552 1651 4189 2138 
6974 4 0 552 1639 1180 4053 
6975 4 0 1969 2522 3377 1252 
6976 4 0 2077 457 3578 3064 
6977 4 0 2603 2221 314 305 
6978 4 0 1501 2077 3064 4510 
6979 4 0 3424 2548 2665 614 
6980 4 0 466 2516 2960 2278 
6981 4 0 2278 2960 3587 2516 
6982 4 0 2966 2370 684 3139 
6983 4 0 3035 2370 2966 3139 
6984 4 0 2162 2032 1596 4254 
6985 4 0 4254 2162 2032 1684 
6986 4 0 113 2182 2849 1204 
6987 4 0 1376 1768 3204 2489 
6988 4 0 1376 2531 1768 656 
6989 4 0 3073 1575 3329 3067 
6990 4 0 1254 1575 555 3079 
6991 4 0 2906 2072 3125 379 
6992 4 0 4283 3628 2750 1695 
6993 4 0 390 985 250 1853 
6994 4 0 1237 617 1871 748 
6995 4 0 3689 2490 1242 2125 
6996 4 0 1569 3689 812 2490 
6997 4 0 2490 3689 812 2125 
6998 4 0 3555 2028 386 2300 
6999 4 0 2263 1985 3405 2308 
7000 4 0 1841 2954 3046 4237 
7001 4 0 2091 2835 3146 1910 
7002 4 0 2835 3146 2848 2245 
7003 4 0 2668 1681 3174 2662 
7004 4 0 1587 2777 2051 2116 
7005 4 0 2662 1681 3174 1883 
7006 4 0 3257 1484 2578 835 
7007 4 0 1253 1254 555 406 
7008 4 0 1630 1631 1833 2084 
7009 4 0 1630 1833 1631 638 
7010 4 0 528 3955 1138 4149 
7011 4 0 2482 3955 528 4149 
7012 4 0 173 2786 3278 183 
7013 4 0 1033 2824 3519 3991 
7014 4 0 3836 2105 2694 3510 
7015 4 0 702 1033 3519 4078 
7016 4 0 3744 1622 1624 820 
7017 4 0 2886 4029 894 3351 
7018 4 0 1474 1933 409 2180 
7019 4 0 1474 409 2670 2180 
7020 4 0 110 1639 2964 552 
7021 4 0 3199 2140 2900 1977 
7022 4 0 2754 3353 3238 430 
7023 4 0 3346 3321 2171 3693 
7024 4 0 1617 1186 1839 3243 
7025 4 0 4205 3198 2594 3025 
7026 4 0 4205 2339 3198 3025 
7027 4 0 3147 3720 3378 3893 
7028 4 0 4205 3025 2594 3489 
7029 4 0 3378 3893 2015 3147 
7030 4 0 4205 3025 3489 2339 
7031 4 0 3328 821 4044 3418 
7032 4 0 2570 2311 2273 2943 
7033 4 0 1476 3643 2568 813 
7034 4 0 1524 3481 2479 2831 
7035 4 0 3642 393 3245 3227 
7036 4 0 1565 3643 2568 1476 
7037 4 0 2424 828 2928 3612 
7038 4 0 1340 430 2424 2361 
7039 4 0 3106 4511 2085 2264 
7040 4 0 3815 695 3670 4030 
7041 4 0 1533 2618 498 553 
7042 4 0 1785 1947 2500 634 
7043 4 0 4237 2954 1326 4201 
7044 4 0 3787 3328 3728 3418 
7045 4 0 3952 3375 3153 2274 
7046 4 0 3153 3375 1822 2274 
7047 4 0 562 2029 845 2944 
7048 4 0 562 1607 2029 2944 
7049 4 0 1251 2607 1894 555 
7050 4 0 3321 2483 2780 2171 
7051 4 0 2313 4392 3623 1704 
7052 4 0 2313 1674 3623 2533 
7053 4 0 2080 3936 3418 1610 
7054 4 0 3418 1610 3787 2080 
7055 4 0 1733 1238 3194 1073 
7056 4 0 1879 3194 3155 2542 
7057 4 0 1879 1073 3194 2542 
7058 4 0 1733 3194 1607 1879 
7059 4 0 2318 2798 3150 3302 
7060 4 0 2778 341 4036 2532 
7061 4 0 621 3997 3144 2206 
7062 4 0 2451 2765 2625 2924 
7063 4 0 1030 1543 3934 4081 
7064 4 0 1030 1543 4081 264 
7065 4 0 1030 3934 3868 4081 
7066 4 0 396 1748 4039 2295 
7067 4 0 427 425 2042 2352 
7068 4 0 2042 425 3282 1998 
7069 4 0 777 2939 2335 2852 
7070 4 0 2073 3477 374 2260 
7071 4 0 2483 2397 2026 2581 
7072 4 0 1791 4224 2596 4265 
7073 4 0 3741 2987 2915 2711 
7074 4 0 437 1253 406 1254 
7075 4 0 2752 593 2200 619 
7076 4 0 2762 2752 2200 2682 
7077 4 0 2242 1940 2905 2203 
7078 4 0 2641 2905 3485 2203 
7079 4 0 1129 451 4426 1131 
7080 4 0 3209 2023 2757 2240 
7081 4 0 2779 2927 3486 1835 
7082 4 0 303 1439 2610 2292 
7083 4 0 2908 303 2292 1439 
7084 4 0 480 605 1694 1693 
7085 4 0 774 3021 1522 3180 
7086 4 0 3537 1245 1746 510 
7087 4 0 3727 1245 1746 3537 
7088 4 0 3951 4067 1599 2108 
7089 4 0 2037 788 2727 1996 
7090 4 0 4067 3218 1599 2108 
7091 4 0 382 513 512 2790 
7092 4 0 2381 859 777 861 
7093 4 0 3355 2972 448 860 
7094 4 0 4134 2642 2333 2693 
7095 4 0 1015 4134 2693 2642 
7096 4 0 52 1398 3756 2690 
7097 4 0 1498 3399 2536 2023 
7098 4 0 2690 2360 3756 3866 
7099 4 0 52 60 2690 3756 
7100 4 0 2693 2913 2333 1909 
7101 4 0 2135 3275 958 3415 
7102 4 0 4410 696 4387 562 
7103 4 0 3885 1850 3981 884 
7104 4 0 3885 884 3981 686 
7105 4 0 2028 2194 3955 2829 
7106 4 0 3044 2953 494 4545 
7107 4 0 4545 3044 3985 1566 
7108 4 0 3613 838 2488 1398 
7109 4 0 1010 2450 3122 677 
7110 4 0 3009 455 1489 1925 
7111 4 0 1197 1929 1785 2642 
7112 4 0 1156 48 3714 2254 
7113 4 0 1489 1881 3009 1928 
7114 4 0 2070 3740 3590 4592 
7115 4 0 2138 2600 552 2349 
7116 4 0 382 2138 3874 2600 
7117 4 0 1405 2838 2173 2842 
7118 4 0 3363 3065 2605 2581 
7119 4 0 734 2605 2026 2581 
7120 4 0 2383 2222 2275 3018 
7121 4 0 4097 1341 257 1354 
7122 4 0 2946 2722 720 1339 
7123 4 0 3806 2054 2925 3195 
7124 4 0 3195 2694 2925 3806 
7125 4 0 3199 2790 2400 2140 
7126 4 0 2790 3698 4143 3199 
7127 4 0 2603 2527 314 2221 
7128 4 0 2496 3814 2534 4424 
7129 4 0 3495 2534 4424 2496 
7130 4 0 4575 3579 490 2916 
7131 4 0 1332 4126 1763 492 
7132 4 0 3542 3844 2740 1920 
7133 4 0 705 1758 2093 2872 
7134 4 0 3542 2740 2238 1920 
7135 4 0 2565 3680 2771 3237 
7136 4 0 3258 2713 4267 3535 
7137 4 0 3392 2081 2986 621 
7138 4 0 2522 493 2876 1969 
7139 4 0 495 492 1279 1427 
7140 4 0 4514 495 1279 1427 
7141 4 0 1785 2500 1948 634 
7142 4 0 964 1806 2797 4341 
7143 4 0 3382 4030 3730 639 
7144 4 0 2017 2445 1552 1970 
7145 4 0 3129 523 1245 1179 
7146 4 0 3129 3859 523 1179 
7147 4 0 523 1179 3859 2912 
7148 4 0 1245 2462 774 2432 
7149 4 0 523 2462 1245 2432 
7150 4 0 1436 527 833 2412 
7151 4 0 4189 4053 552 1180 
7152 4 0 2218 381 3732 2718 
7153 4 0 553 2177 3929 1174 
7154 4 0 2002 3929 2161 2177 
7155 4 0 1471 1472 589 148 
7156 4 0 148 1472 589 2624 
7157 4 0 1124 2624 1472 148 
7158 4 0 1679 982 3997 981 
7159 4 0 965 4233 3382 1818 
7160 4 0 965 3337 4233 3555 
7161 4 0 1919 2127 2157 2350 
7162 4 0 965 112 4233 1818 
7163 4 0 965 4233 3851 3555 
7164 4 0 1002 1367 598 1990 
7165 4 0 1371 2474 1367 3252 
7166 4 0 2131 2366 697 4367 
7167 4 0 2474 1367 1002 1371 
7168 4 0 1256 3612 1254 407 
7169 4 0 1346 2805 1889 2609 
7170 4 0 1346 2303 1889 3847 
7171 4 0 4537 3957 1540 4543 
7172 4 0 3957 2158 2122 3073 
7173 4 0 1540 3932 3329 2122 
7174 4 0 3662 2653 3718 2983 
7175 4 0 2344 2900 853 561 
7176 4 0 3849 3891 853 561 
7177 4 0 2426 1888 425 1355 
7178 4 0 284 291 3512 2677 
7179 4 0 2677 3545 3512 284 
7180 4 0 4500 2000 3271 4140 
7181 4 0 3752 1565 3643 2568 
7182 4 0 3893 3862 3778 2386 
7183 4 0 2989 3692 879 3762 
7184 4 0 3762 879 2989 1322 
7185 4 0 918 1182 1738 2546 
7186 4 0 2546 1738 1882 2126 
7187 4 0 1878 1304 3049 1375 
7188 4 0 1959 2062 1953 1960 
7189 4 0 2642 1015 2551 3381 
7190 4 0 2913 2642 3381 4528 
7191 4 0 2082 2247 2559 598 
7192 4 0 1844 373 4303 3479 
7193 4 0 1015 3381 2642 4528 
7194 4 0 2914 3338 1299 1145 
7195 4 0 520 2415 4177 1339 
7196 4 0 4233 3851 3555 4307 
7197 4 0 2892 4141 1009 3583 
7198 4 0 2227 2858 2328 2133 
7199 4 0 2950 3055 1377 710 
7200 4 0 2631 4392 1704 2545 
7201 4 0 4392 3768 2545 2631 
7202 4 0 3576 4431 2741 2265 
7203 4 0 475 357 3300 2793 
7204 4 0 2933 1325 1160 375 
7205 4 0 1160 3722 1384 2933 
7206 4 0 3960 3717 3796 1981 
7207 4 0 2217 2260 4361 1683 
7208 4 0 2313 1594 2533 2168 
7209 4 0 2854 4104 3091 2536 
7210 4 0 1981 3087 4190 3960 
7211 4 0 2446 2294 2168 2533 
7212 4 0 2253 1114 3463 1531 
7213 4 0 1114 2253 3463 3178 
7214 4 0 2653 4183 98 96 
7215 4 0 1961 1145 3036 909 
7216 4 0 4068 4419 3040 3036 
7217 4 0 2653 117 3718 96 
7218 4 0 1145 2051 3036 909 
7219 4 0 4183 2653 3718 96 
7220 4 0 3095 1583 3045 1327 
7221 4 0 4397 4398 2994 4383 
7222 4 0 987 991 2468 1736 
7223 4 0 987 2267 1736 2468 
7224 4 0 2787 3544 1427 4514 
7225 4 0 1427 2514 2757 3544 
7226 4 0 3376 3073 3213 2307 
7227 4 0 3685 1723 2688 582 
7228 4 0 3856 2435 4010 2401 
7229 4 0 2507 1924 3039 2383 
7230 4 0 2928 3145 3612 828 
7231 4 0 2077 3064 2603 1501 
7232 4 0 748 768 3864 687 
7233 4 0 2900 1780 2708 4047 
7234 4 0 599 2676 1744 3314 
7235 4 0 662 599 2006 3314 
7236 4 0 3364 2876 4282 480 
7237 4 0 2960 1235 466 530 
7238 4 0 1400 1110 1404 1525 
7239 4 0 1235 2516 2659 2960 
7240 4 0 2851 663 2482 2572 
7241 4 0 1985 3310 2308 2403 
7242 4 0 3412 2849 3220 2816 
7243 4 0 2098 1013 1925 1023 
7244 4 0 4607 3922 2664 1049 
7245 4 0 2792 4449 3485 2801 
7246 4 0 643 2663 1184 1188 
7247 4 0 4608 721 2956 2802 
7248 4 0 467 3170 1097 4152 
7249 4 0 3213 3113 549 897 
7250 4 0 467 1097 1614 4152 
7251 4 0 1489 1355 2352 3070 
7252 4 0 764 1355 2352 458 
7253 4 0 52 3756 1398 3613 
7254 4 0 898 2785 549 897 
7255 4 0 2569 2545 3072 1706 
7256 4 0 511 2885 1244 2315 
7257 4 0 511 2912 1306 954 
7258 4 0 1306 511 1244 2315 
7259 4 0 2523 2661 2393 2559 
7260 4 0 2393 3332 3221 2559 
7261 4 0 2298 4423 562 696 
7262 4 0 3069 2941 2777 2184 
7263 4 0 4375 2703 2117 3776 
7264 4 0 940 936 392 938 
7265 4 0 940 936 938 935 
7266 4 0 3018 2383 2987 1924 
7267 4 0 4360 935 938 936 
7268 4 0 1427 2336 492 4176 
7269 4 0 4611 760 2772 1914 
7270 4 0 3774 2745 2760 1645 
7271 4 0 4420 1187 4615 2943 
7272 4 0 3820 2808 1981 3586 
7273 4 0 2943 4615 1775 1187 
7274 4 0 3235 2354 2231 2758 
7275 4 0 1266 3235 2231 600 
7276 4 0 2867 745 1652 2072 
7277 4 0 600 2758 2231 4372 
7278 4 0 1919 2268 467 864 
7279 4 0 2191 2455 4104 1934 
7280 4 0 11 2377 3731 3632 
7281 4 0 3975 3988 3731 3632 
7282 4 0 2568 912 3014 1568 
7283 4 0 2591 936 392 4225 
7284 4 0 4225 391 612 936 
7285 4 0 2620 3103 3319 2149 
7286 4 0 3912 1028 2900 4047 
7287 4 0 1226 62 3714 53 
7288 4 0 3243 2973 4089 3904 
7289 4 0 3894 3219 2353 2571 
7290 4 0 2152 2353 1730 1855 
7291 4 0 721 725 3334 3157 
7292 4 0 1815 1271 475 2193 
7293 4 0 3334 721 3157 2802 
7294 4 0 2435 2417 1167 2431 
7295 4 0 1529 3939 3805 3074 
7296 4 0 560 1763 492 1279 
7297 4 0 1209 1529 3074 3939 
7298 4 0 1382 504 450 3223 
7299 4 0 1331 1350 420 2556 
7300 4 0 2556 3760 1264 2414 
7301 4 0 39 28 2404 2666 
7302 4 0 3687 39 2404 2666 
7303 4 0 1170 4521 2055 1814 
7304 4 0 2695 3102 3149 2368 
7305 4 0 1484 1436 833 2158 
7306 4 0 3213 2307 3336 4059 
7307 4 0 593 3801 2401 2200 
7308 4 0 2085 2985 4573 664 
7309 4 0 1524 4007 2479 3481 
7310 4 0 3118 2454 3338 1961 
7311 4 0 1427 493 3544 2757 
7312 4 0 330 4036 341 1418 
7313 4 0 2244 4036 317 1418 
7314 4 0 2684 317 2244 4036 
7315 4 0 2425 493 2522 2757 
7316 4 0 1578 3856 2417 3243 
7317 4 0 3836 1803 2105 3226 
7318 4 0 2531 405 656 1304 
7319 4 0 1878 2531 1304 405 
7320 4 0 3355 2972 3786 4194 
7321 4 0 3428 1255 2556 1264 
7322 4 0 1973 2391 2333 1455 
7323 4 0 3428 1255 3353 2556 
7324 4 0 3226 3836 1803 3448 
7325 4 0 2562 2746 2771 3680 
7326 4 0 3680 2746 2771 871 
7327 4 0 3007 3495 1578 2265 
7328 4 0 3243 1578 2265 3007 
7329 4 0 3495 1496 1578 2265 
7330 4 0 1149 3573 1452 1000 
7331 4 0 1518 2714 1886 3360 
7332 4 0 1452 3573 1035 1000 
7333 4 0 2801 2671 1407 1783 
7334 4 0 2227 2858 2671 2328 
7335 4 0 2422 1744 3048 2179 
7336 4 0 2422 3048 2273 2179 
7337 4 0 1009 544 1891 1153 
7338 4 0 2951 564 3521 4394 
7339 4 0 1009 4141 544 1153 
7340 4 0 2892 544 1891 1009 
7341 4 0 4141 544 2892 1009 
7342 4 0 3100 496 2011 4133 
7343 4 0 3209 2240 3514 1613 
7344 4 0 4004 3548 2660 2711 
7345 4 0 3449 3548 4004 3609 
7346 4 0 3548 3609 2711 4004 
7347 4 0 1488 3975 707 1144 
7348 4 0 835 4366 491 3257 
7349 4 0 835 2547 3010 4366 
7350 4 0 1488 707 3975 3523 
7351 4 0 2547 835 2344 4366 
7352 4 0 389 1276 3296 3561 
7353 4 0 3343 4390 2594 2622 
7354 4 0 3314 1991 2887 3048 
7355 4 0 918 2246 2546 1882 
7356 4 0 2563 3067 3073 2158 
7357 4 0 3957 2158 3073 3067 
7358 4 0 2822 996 2054 4358 
7359 4 0 3131 401 428 3101 
7360 4 0 2582 3221 1032 2559 
7361 4 0 4510 3264 2077 457 
7362 4 0 1032 3639 3221 2582 
7363 4 0 2686 1797 625 660 
7364 4 0 592 3408 2206 3041 
7365 4 0 2524 1994 3328 637 
7366 4 0 619 4357 610 1173 
7367 4 0 3912 1338 3849 3747 
7368 4 0 3381 3598 2551 1577 
7369 4 0 1461 3550 2291 50 
7370 4 0 1461 50 2291 956 
7371 4 0 656 2145 2564 405 
7372 4 0 2337 424 2675 1415 
7373 4 0 833 3114 527 1414 
7374 4 0 3361 3774 1906 4231 
7375 4 0 1997 1099 3441 1101 
7376 4 0 696 834 2431 2951 
7377 4 0 4021 4013 1494 1499 
7378 4 0 1499 4013 1494 3563 
7379 4 0 908 2101 4363 763 
7380 4 0 2492 2865 2430 2298 
7381 4 0 1164 2430 2865 661 
7382 4 0 3553 1385 2633 3239 
7383 4 0 1231 2051 909 2116 
7384 4 0 2081 2073 2362 1842 
7385 4 0 3117 2820 4421 2312 
7386 4 0 1143 4421 3339 2312 
7387 4 0 3972 2543 2728 2961 
7388 4 0 4169 2585 3152 3482 
7389 4 0 2585 3482 2375 3152 
7390 4 0 543 1008 2089 2834 
7391 4 0 3553 3239 2633 2972 
7392 4 0 2465 4362 2999 2005 
7393 4 0 4585 1355 2386 3862 
7394 4 0 3495 2534 2643 2297 
7395 4 0 2057 2627 2093 1024 
7396 4 0 4042 2628 2334 2605 
7397 4 0 3029 1648 3949 3421 
7398 4 0 2218 3732 4271 2718 
7399 4 0 2807 2976 1603 3846 
7400 4 0 1603 2976 2807 4099 
7401 4 0 2527 2221 713 2324 
7402 4 0 488 4099 1603 2807 
7403 4 0 4266 2714 1872 2362 
7404 4 0 2998 2955 3028 479 
7405 4 0 4306 1455 2947 3536 
7406 4 0 2274 2766 4157 3153 
7407 4 0 705 2560 1758 735 
7408 4 0 2393 805 1207 1676 
7409 4 0 1188 3307 643 2833 
7410 4 0 3307 2833 2152 643 
7411 4 0 2701 2393 805 1207 
7412 4 0 2161 3333 787 1956 
7413 4 0 475 318 356 435 
7414 4 0 347 318 331 435 
7415 4 0 323 435 2832 331 
7416 4 0 323 2466 2832 3675 
7417 4 0 4400 3762 3663 1518 
7418 4 0 1518 2063 3762 3663 
7419 4 0 2415 2858 4556 2645 
7420 4 0 51 1640 3395 2971 
7421 4 0 3372 3427 661 377 
7422 4 0 1477 3372 3427 2430 
7423 4 0 2577 3772 2193 1815 
7424 4 0 2844 3993 559 4161 
7425 4 0 3392 2986 3297 621 
7426 4 0 1156 48 36 3714 
7427 4 0 4104 2455 2934 2974 
7428 4 0 4517 2783 2974 2049 
7429 4 0 3664 407 4244 4548 
7430 4 0 1335 2975 2216 3366 
7431 4 0 1164 661 3372 2430 
7432 4 0 1164 3372 1477 2430 
7433 4 0 1164 2865 2430 2492 
7434 4 0 1477 2492 1164 2430 
7435 4 0 385 2603 442 2221 
7436 4 0 337 2922 713 3108 
7437 4 0 2888 2922 3108 1636 
7438 4 0 2197 2705 988 1979 
7439 4 0 2575 2197 988 1979 
7440 4 0 988 2197 2575 3496 
7441 4 0 1914 3352 760 2852 
7442 4 0 1479 2014 1408 2828 
7443 4 0 1576 2014 2828 1408 
7444 4 0 3571 2151 425 1254 
7445 4 0 3531 2837 1973 1875 
7446 4 0 2663 1188 896 1184 
7447 4 0 2063 3263 3692 1161 
7448 4 0 4323 2781 1023 3450 
7449 4 0 4615 1299 2914 3387 
7450 4 0 798 2963 2005 2465 
7451 4 0 3501 487 543 2451 
7452 4 0 2625 543 2451 3501 
7453 4 0 4398 2283 2980 2899 
7454 4 0 3516 4615 2914 3387 
7455 4 0 3232 468 792 791 
7456 4 0 2527 1548 2324 713 
7457 4 0 2035 3102 3251 2368 
7458 4 0 792 468 3232 3431 
7459 4 0 914 624 2991 528 
7460 4 0 830 2879 2158 1003 
7461 4 0 1003 2158 3595 2879 
7462 4 0 2342 2062 2440 2842 
7463 4 0 2440 1954 3466 2062 
7464 4 0 3074 3840 1209 3939 
7465 4 0 3150 2700 4566 4163 
7466 4 0 413 287 3473 441 
7467 4 0 2445 413 913 2670 
7468 4 0 1275 658 3803 1242 
7469 4 0 3328 2125 2110 3803 
7470 4 0 1458 373 2999 3888 
7471 4 0 2005 2999 373 4362 
7472 4 0 2345 459 826 4581 
7473 4 0 479 2003 2955 507 
7474 4 0 568 1845 1708 1813 
7475 4 0 1435 2405 1793 848 
7476 4 0 568 1845 4206 1708 
7477 4 0 1254 1394 3428 3056 
7478 4 0 1458 3888 2999 4405 
7479 4 0 2415 1492 4556 2858 
7480 4 0 2217 2260 2382 4361 
7481 4 0 1824 3125 955 3643 
7482 4 0 3188 322 432 334 
7483 4 0 4038 404 3807 1878 
7484 4 0 1208 2485 4094 2351 
7485 4 0 1979 551 2575 2971 
7486 4 0 738 1979 2971 1640 
7487 4 0 2583 2864 3169 2775 
7488 4 0 711 2605 2628 1113 
7489 4 0 3608 3991 448 2652 
7490 4 0 1998 3282 471 2655 
7491 4 0 3991 3197 2243 2550 
7492 4 0 2303 2609 1889 407 
7493 4 0 2177 825 1956 1743 
7494 4 0 787 2161 3202 3333 
7495 4 0 1376 3204 1478 1480 
7496 4 0 1496 1833 2174 1988 
7497 4 0 22 13 1225 2561 
7498 4 0 2192 9 19 1007 
7499 4 0 803 9 2192 1007 
7500 4 0 2892 3987 3573 662 
7501 4 0 3968 2902 1910 2848 
7502 4 0 3608 450 2171 2892 
7503 4 0 1283 3743 608 1546 
7504 4 0 3589 4139 2214 2732 
7505 4 0 4139 2126 3589 2214 
7506 4 0 3338 2089 3976 1564 
7507 4 0 2875 2939 777 2852 
7508 4 0 2042 1998 3143 2361 
7509 4 0 3169 632 2301 606 
7510 4 0 285 3225 2088 4516 
7511 4 0 2364 878 1598 2374 
7512 4 0 2799 1398 371 2228 
7513 4 0 2299 2364 1217 2374 
7514 4 0 3965 2927 2779 4131 
7515 4 0 285 3225 4516 302 
7516 4 0 2411 4232 1096 1097 
7517 4 0 3618 1650 2722 422 
7518 4 0 1163 2809 4238 2605 
7519 4 0 1163 2809 2605 3175 
7520 4 0 1926 388 2633 2182 
7521 4 0 746 583 3959 3251 
7522 4 0 1813 1845 2636 568 
7523 4 0 1527 2638 2549 2796 
7524 4 0 1013 1489 712 3830 
7525 4 0 1621 406 2573 2855 
7526 4 0 437 1253 2573 406 
7527 4 0 3844 2740 2778 3542 
7528 4 0 2760 3929 2002 1174 
7529 4 0 296 433 313 3095 
7530 4 0 3065 2615 1100 3363 
7531 4 0 3940 2615 1100 3065 
7532 4 0 2575 2197 2971 986 
7533 4 0 1025 2749 3780 2633 
7534 4 0 779 3484 1124 2654 
7535 4 0 2076 3461 2554 521 
7536 4 0 2076 2554 834 521 
7537 4 0 4166 1415 424 2337 
7538 4 0 2276 3183 3083 1087 
7539 4 0 1970 1815 2316 2237 
7540 4 0 3518 2116 2777 1757 
7541 4 0 942 2865 3002 3179 
7542 4 0 3002 82 77 3274 
7543 4 0 1339 2645 3207 3659 
7544 4 0 2885 3471 2753 3231 
7545 4 0 3094 1458 3888 373 
7546 4 0 1187 1504 2943 2273 
7547 4 0 3989 1187 2943 2273 
7548 4 0 1400 2325 1404 1110 
7549 4 0 3989 4251 1187 2273 
7550 4 0 2273 4251 1187 1504 
7551 4 0 2464 2702 2059 2483 
7552 4 0 2675 486 4064 3211 
7553 4 0 4414 3007 3576 3495 
7554 4 0 2272 3495 3007 4414 
7555 4 0 4612 1229 75 3635 
7556 4 0 4062 1100 2338 3363 
7557 4 0 3065 3426 2581 3363 
7558 4 0 1607 1735 2298 1879 
7559 4 0 1483 4315 2300 3250 
7560 4 0 350 1548 574 445 
7561 4 0 2671 3415 1521 2135 
7562 4 0 4506 2139 3407 574 
7563 4 0 2465 2302 4362 2005 
7564 4 0 2671 2135 1521 2801 
7565 4 0 767 907 3284 2860 
7566 4 0 1748 2132 396 4039 
7567 4 0 2204 2132 1772 2250 
7568 4 0 407 2754 3664 430 
7569 4 0 3353 3056 430 407 
7570 4 0 407 3353 2754 430 
7571 4 0 1311 4226 2160 3749 
7572 4 0 406 2855 2563 602 
7573 4 0 787 2949 3202 3003 
7574 4 0 2904 918 2698 598 
7575 4 0 2726 3492 3228 3038 
7576 4 0 3528 2903 4274 2022 
7577 4 0 2524 658 3328 1275 
7578 4 0 4491 1601 2022 2903 
7579 4 0 1329 835 2547 3010 
7580 4 0 2900 4284 853 1338 
7581 4 0 776 2352 712 1489 
7582 4 0 2182 2395 3142 2972 
7583 4 0 651 2276 1248 2220 
7584 4 0 3028 2900 2276 2220 
7585 4 0 3422 2849 1204 113 
7586 4 0 3422 2849 2395 1204 
7587 4 0 2523 3976 2834 1564 
7588 4 0 3864 4321 3731 3523 
7589 4 0 2535 2364 2499 2927 
7590 4 0 1677 567 1670 3732 
7591 4 0 3088 4010 1431 3137 
7592 4 0 1735 2584 1526 2176 
7593 4 0 2535 1644 3313 3205 
7594 4 0 375 2827 2994 417 
7595 4 0 1736 2674 2501 1927 
7596 4 0 579 3152 1999 2366 
7597 4 0 561 2547 3308 2344 
7598 4 0 592 2626 2206 3408 
7599 4 0 4501 651 649 4495 
7600 4 0 651 650 4552 649 
7601 4 0 4335 3517 4171 395 
7602 4 0 4501 651 4552 649 
7603 4 0 651 650 649 4087 
7604 4 0 3246 1667 1444 3327 
7605 4 0 3427 2584 1735 2502 
7606 4 0 2132 3742 2204 1748 
7607 4 0 2204 1748 3742 3278 
7608 4 0 2320 2258 2334 3475 
7609 4 0 359 3272 348 3907 
7610 4 0 4356 608 1622 3507 
7611 4 0 2633 2675 1926 462 
7612 4 0 1736 2249 964 2468 
7613 4 0 1752 2865 2453 3324 
7614 4 0 3274 82 2453 2865 
7615 4 0 4067 1139 774 635 
7616 4 0 3708 1182 2311 2706 
7617 4 0 1418 2394 1958 1268 
7618 4 0 2842 1790 2188 2485 
7619 4 0 1395 4216 1391 4483 
7620 4 0 2448 3414 3160 4061 
7621 4 0 4061 1446 2448 3414 
7622 4 0 3414 1446 1847 4061 
7623 4 0 3257 2578 3761 2537 
7624 4 0 2596 1794 489 428 
7625 4 0 2175 2425 2876 1252 
7626 4 0 4554 489 1794 428 
7627 4 0 3671 663 3337 1324 
7628 4 0 3337 3671 1324 1386 
7629 4 0 2480 1412 1376 1424 
7630 4 0 3256 4322 3695 3905 
7631 4 0 4143 3698 2512 160 
7632 4 0 1142 1432 2762 2978 
7633 4 0 3579 976 490 2870 
7634 4 0 2857 606 3258 1113 
7635 4 0 3312 4241 2870 3472 
7636 4 0 3312 2870 973 3472 
7637 4 0 933 2638 2538 2384 
7638 4 0 3138 2227 4567 4162 
7639 4 0 3510 2105 2694 990 
7640 4 0 3173 3004 3030 2071 
7641 4 0 3013 3201 1643 741 
7642 4 0 2177 1628 2285 2161 
7643 4 0 2541 77 839 2453 
7644 4 0 2348 3022 1311 541 
7645 4 0 1986 2180 2670 601 
7646 4 0 3811 2991 2840 266 
7647 4 0 1311 3477 1784 2348 
7648 4 0 541 2348 2160 1311 
7649 4 0 1311 4226 3477 2348 
7650 4 0 2453 77 839 82 
7651 4 0 2292 2874 858 2208 
7652 4 0 2815 858 2874 1935 
7653 4 0 2786 2090 922 2243 
7654 4 0 4134 2333 3293 2693 
7655 4 0 2213 4505 3451 2731 
7656 4 0 3025 2297 2534 2120 
7657 4 0 553 825 498 968 
7658 4 0 2983 3670 3093 3382 
7659 4 0 3382 3670 4030 639 
7660 4 0 317 2684 2244 309 
7661 4 0 4599 3034 2973 3184 
7662 4 0 4599 3034 2644 2973 
7663 4 0 1222 3887 2482 663 
7664 4 0 2969 1222 3887 2482 
7665 4 0 4589 371 2799 905 
7666 4 0 3163 3887 1222 663 
7667 4 0 4589 730 371 905 
7668 4 0 1262 3772 2193 2577 
7669 4 0 4371 3461 846 366 
7670 4 0 3352 2852 3254 861 
7671 4 0 4395 3904 3007 4089 
7672 4 0 285 411 4448 2088 
7673 4 0 477 2611 3043 355 
7674 4 0 3809 2815 4448 411 
7675 4 0 704 696 3390 3521 
7676 4 0 2323 3476 2330 88 
7677 4 0 1800 1534 2881 4070 
7678 4 0 3352 2852 4288 410 
7679 4 0 2667 2051 2311 2261 
7680 4 0 3352 2852 861 4288 
7681 4 0 1939 2641 442 2077 
7682 4 0 106 630 93 3630 
7683 4 0 4364 2411 2035 3959 
7684 4 0 3022 3265 2010 1356 
7685 4 0 1360 3022 1356 4121 
7686 4 0 1356 3022 3265 4121 
7687 4 0 602 1191 3842 1193 
7688 4 0 1096 2411 2814 571 
7689 4 0 1718 2089 3338 2454 
7690 4 0 2834 1564 3976 2089 
7691 4 0 3053 3842 1193 602 
7692 4 0 423 3838 3537 3846 
7693 4 0 1746 3537 510 3846 
7694 4 0 4017 1980 3944 3709 
7695 4 0 4444 1980 3146 4017 
7696 4 0 4467 429 2303 3847 
7697 4 0 2578 2158 1484 2216 
7698 4 0 2747 2718 2883 2402 
7699 4 0 1310 1360 3022 374 
7700 4 0 2543 1765 2961 2255 
7701 4 0 579 2255 1999 689 
7702 4 0 3123 4041 1482 4402 
7703 4 0 2255 2961 1999 689 
7704 4 0 2836 4250 4149 210 
7705 4 0 37 3550 50 2291 
7706 4 0 2770 3485 3264 2135 
7707 4 0 3264 3485 4449 2135 
7708 4 0 2216 1484 1003 2158 
7709 4 0 2408 2770 1930 958 
7710 4 0 4165 764 458 4247 
7711 4 0 113 4186 698 2182 
7712 4 0 2694 3806 3509 3456 
7713 4 0 3605 3509 2694 3806 
7714 4 0 1966 1223 882 2885 
7715 4 0 2955 2476 2886 2452 
7716 4 0 2407 1199 553 1956 
7717 4 0 2679 1280 2196 2759 
7718 4 0 4544 3389 667 455 
7719 4 0 2530 2240 4103 1613 
7720 4 0 2167 2390 3846 2295 
7721 4 0 2908 2292 2196 1439 
7722 4 0 2666 28 2404 2751 
7723 4 0 2935 209 188 2519 
7724 4 0 3824 3456 3806 4359 
7725 4 0 1936 1935 2759 2208 
7726 4 0 352 2966 446 361 
7727 4 0 361 2966 446 2341 
7728 4 0 3465 3672 4256 2818 
7729 4 0 1743 468 813 379 
7730 4 0 1382 1383 3046 880 
7731 4 0 3157 2866 2802 721 
7732 4 0 2802 721 2866 1016 
7733 4 0 3428 1264 437 1255 
7734 4 0 3039 3020 3609 1924 
7735 4 0 1257 1214 1339 1392 
7736 4 0 2855 3044 2879 3927 
7737 4 0 1853 250 497 1543 
7738 4 0 3501 699 2625 543 
7739 4 0 543 2625 1152 699 
7740 4 0 3365 2628 1113 2663 
7741 4 0 2262 334 322 3188 
7742 4 0 3781 2753 789 3823 
7743 4 0 3025 1330 2297 2212 
7744 4 0 1330 1243 2297 2212 
7745 4 0 4276 4241 2127 3057 
7746 4 0 4241 4161 2127 3057 
7747 4 0 1998 430 3664 3143 
7748 4 0 1957 929 1951 2911 
7749 4 0 2746 4106 3680 2562 
7750 4 0 2283 2382 2799 2899 
7751 4 0 1254 1394 406 3428 
7752 4 0 3218 3021 3893 2856 
7753 4 0 2569 2313 2218 2718 
7754 4 0 2718 2313 2218 2168 
7755 4 0 1039 1213 2252 4287 
7756 4 0 2542 3155 1238 3194 
7757 4 0 3058 2585 2981 2958 
7758 4 0 2998 2315 2220 1244 
7759 4 0 1108 2174 1283 2736 
7760 4 0 3127 85 2359 3850 
7761 4 0 2359 85 102 3850 
7762 4 0 787 3003 3202 2310 
7763 4 0 937 2327 2758 2365 
7764 4 0 1817 3694 3788 1388 
7765 4 0 589 3231 170 2624 
7766 4 0 1586 2281 2828 1301 
7767 4 0 2620 3103 2149 2281 
7768 4 0 2835 2828 2281 1301 
7769 4 0 671 2438 461 829 
7770 4 0 2573 406 3428 437 
7771 4 0 921 984 399 923 
7772 4 0 673 1350 429 2414 
7773 4 0 4341 1806 2640 964 
7774 4 0 2709 2640 964 992 
7775 4 0 3550 2037 2720 1461 
7776 4 0 2291 2037 3550 1461 
7777 4 0 1765 2255 2543 2205 
7778 4 0 3302 2318 2798 3767 
7779 4 0 759 2399 4576 4582 
7780 4 0 440 282 293 412 
7781 4 0 4582 3290 2399 4576 
7782 4 0 3297 1679 4025 3144 
7783 4 0 243 1028 771 3912 
7784 4 0 3912 3199 1028 771 
7785 4 0 803 2666 4076 1897 
7786 4 0 4076 1897 2666 3370 
7787 4 0 3101 2551 428 2259 
7788 4 0 514 3101 4553 1719 
7789 4 0 3734 3337 971 3481 
7790 4 0 881 2929 177 3786 
7791 4 0 164 3786 195 1732 
7792 4 0 3592 4397 2899 2988 
7793 4 0 2988 2899 2994 4397 
7794 4 0 1545 1724 2330 3436 
7795 4 0 1888 2151 425 3571 
7796 4 0 3537 3846 426 510 
7797 4 0 687 3109 768 1175 
7798 4 0 2454 1007 2192 676 
7799 4 0 4345 2768 3071 3209 
7800 4 0 1441 3166 3653 2823 
7801 4 0 1580 3690 1331 3530 
7802 4 0 808 3212 2904 700 
7803 4 0 1721 2904 2523 2559 
7804 4 0 2905 3298 2792 1407 
7805 4 0 4345 3209 3071 2128 
7806 4 0 2718 3827 1594 2202 
7807 4 0 3425 2072 2906 2718 
7808 4 0 2270 3315 2653 2673 
7809 4 0 710 3055 1377 3565 
7810 4 0 858 2719 2815 2874 
7811 4 0 3578 2641 457 2077 
7812 4 0 1690 3177 2607 2838 
7813 4 0 936 3537 3846 423 
7814 4 0 1983 2467 4157 1822 
7815 4 0 2602 1098 2780 3365 
7816 4 0 2786 2252 1213 4287 
7817 4 0 1296 2518 941 3112 
7818 4 0 3112 2518 1021 1296 
7819 4 0 3077 2088 4515 4521 
7820 4 0 3077 2088 3090 4515 
7821 4 0 2645 4594 2139 3385 
7822 4 0 3424 614 2665 2695 
7823 4 0 4158 2815 4104 2088 
7824 4 0 2511 533 1266 3235 
7825 4 0 2354 533 3235 1266 
7826 4 0 3235 2354 2846 533 
7827 4 0 3490 726 3334 3952 
7828 4 0 2141 614 2548 2375 
7829 4 0 726 3012 3490 3334 
7830 4 0 200 782 421 187 
7831 4 0 1743 3333 3001 1956 
7832 4 0 3333 3001 2054 1743 
7833 4 0 3503 4614 2838 4494 
7834 4 0 4614 3503 1969 975 
7835 4 0 2120 3500 1563 2297 
7836 4 0 2120 2297 1563 1168 
7837 4 0 2347 1098 3365 3540 
7838 4 0 1098 2347 2602 2464 
7839 4 0 2468 991 964 1736 
7840 4 0 1098 3365 2602 2347 
7841 4 0 2635 455 3778 3858 
7842 4 0 3917 1971 753 828 
7843 4 0 1503 1858 2667 2378 
7844 4 0 1858 1503 3097 2378 
7845 4 0 3964 4166 2798 1019 
7846 4 0 1495 2798 4166 1019 
7847 4 0 2855 4202 3927 3468 
7848 4 0 1665 689 1666 963 
7849 4 0 963 2525 1665 689 
7850 4 0 3675 2832 432 2466 
7851 4 0 2193 2832 2466 2224 
7852 4 0 2213 3334 2722 2274 
7853 4 0 2918 363 3545 2587 
7854 4 0 301 3545 2587 2918 
7855 4 0 2055 321 2873 333 
7856 4 0 2708 2998 2220 2900 
7857 4 0 629 3701 3193 1771 
7858 4 0 2827 417 2405 2994 
7859 4 0 2405 2994 2389 2827 
7860 4 0 629 1113 632 606 
7861 4 0 2621 3030 2985 2071 
7862 4 0 2621 4573 2071 2985 
7863 4 0 398 2645 4556 2858 
7864 4 0 2985 2085 4573 2071 
7865 4 0 3760 3487 1711 1206 
7866 4 0 410 2381 620 2130 
7867 4 0 410 2381 4082 620 
7868 4 0 1484 2216 2157 3257 
7869 4 0 2664 3358 3760 3487 
7870 4 0 1680 2134 1830 3522 
7871 4 0 3174 3705 2134 874 
7872 4 0 3174 3793 2134 3705 
7873 4 0 3793 3174 2134 1680 
7874 4 0 4285 4389 3921 4412 
7875 4 0 3927 3364 3053 2855 
7876 4 0 3025 2339 3198 2120 
7877 4 0 3806 2843 3509 3824 
7878 4 0 3151 2526 3808 3380 
7879 4 0 2344 479 2900 3083 
7880 4 0 713 2279 337 1974 
7881 4 0 532 2010 1070 1356 
7882 4 0 1356 1070 2729 2010 
7883 4 0 3412 1040 1039 1314 
7884 4 0 4138 2126 3297 4139 
7885 4 0 1367 919 3252 4129 
7886 4 0 4129 3252 1367 2332 
7887 4 0 1303 2947 654 4114 
7888 4 0 2214 3261 2126 487 
7889 4 0 2155 1676 1153 1207 
7890 4 0 1740 3463 2407 2915 
7891 4 0 3001 2407 1740 1956 
7892 4 0 2522 493 1427 2757 
7893 4 0 41 1398 2283 838 
7894 4 0 33 2561 1229 838 
7895 4 0 2468 1805 2797 964 
7896 4 0 33 1229 41 838 
7897 4 0 1779 2737 2002 1457 
7898 4 0 3505 1779 2737 3104 
7899 4 0 2594 3198 4259 2212 
7900 4 0 2304 2788 4549 1661 
7901 4 0 3396 3338 4588 3976 
7902 4 0 580 4365 3504 2688 
7903 4 0 1662 1790 1665 2146 
7904 4 0 4094 1662 2146 1790 
7905 4 0 2409 522 2259 3084 
7906 4 0 2513 2031 2662 681 
7907 4 0 1920 2238 3542 2282 
7908 4 0 2409 3084 2317 522 
7909 4 0 1111 3627 2317 522 
7910 4 0 931 3668 2146 3520 
7911 4 0 3668 3354 2146 3520 
7912 4 0 2621 2735 2071 870 
7913 4 0 3130 2828 2620 2281 
7914 4 0 311 2873 302 1170 
7915 4 0 2281 2043 1586 2828 
7916 4 0 3893 455 3778 2635 
7917 4 0 3659 2371 3207 4177 
7918 4 0 2355 2797 4341 2468 
7919 4 0 3550 4404 3154 2037 
7920 4 0 4038 3807 1456 1878 
7921 4 0 1878 1456 4038 3677 
7922 4 0 2037 3154 3550 2720 
7923 4 0 1333 1329 835 2547 
7924 4 0 3292 1997 1101 1099 
7925 4 0 2758 367 2231 2037 
7926 4 0 600 3235 2758 2327 
7927 4 0 1978 2635 2929 1925 
7928 4 0 1034 3262 3790 2142 
7929 4 0 2754 403 3602 1350 
7930 4 0 4499 3067 3079 406 
7931 4 0 2315 190 2885 3231 
7932 4 0 2368 864 1919 467 
7933 4 0 2381 4558 2413 410 
7934 4 0 3222 3714 9 18 
7935 4 0 2633 1025 2749 462 
7936 4 0 3782 2426 426 3161 
7937 4 0 2929 394 2749 462 
7938 4 0 1025 2749 462 2929 
7939 4 0 2972 1025 2633 462 
7940 4 0 19 3222 3714 9 
7941 4 0 2520 2475 422 2325 
7942 4 0 461 2399 2036 2520 
7943 4 0 422 2520 2325 1400 
7944 4 0 4155 2863 2646 3038 
7945 4 0 1004 2325 2520 1110 
7946 4 0 460 1110 1004 2520 
7947 4 0 3499 3353 1350 2754 
7948 4 0 3243 1108 1546 3155 
7949 4 0 3243 1108 3155 2265 
7950 4 0 2876 2425 974 493 
7951 4 0 1879 2331 3155 2584 
7952 4 0 2584 2331 3390 2298 
7953 4 0 3106 3240 561 4032 
7954 4 0 1406 979 2441 2703 
7955 4 0 4282 4180 602 605 
7956 4 0 4282 602 480 605 
7957 4 0 602 480 605 898 
7958 4 0 1191 898 602 605 
7959 4 0 1191 605 602 4180 
7960 4 0 714 393 3341 2937 
7961 4 0 1003 494 1936 492 
7962 4 0 2023 3210 2757 3217 
7963 4 0 3823 2753 948 943 
7964 4 0 2753 946 948 943 
7965 4 0 2594 4205 4390 4259 
7966 4 0 3201 2002 3104 908 
7967 4 0 3620 3448 2881 1800 
7968 4 0 2881 1800 3448 1534 
7969 4 0 2812 1778 1585 3457 
7970 4 0 1620 1585 3457 2812 
7971 4 0 2202 2294 2533 2168 
7972 4 0 2718 2168 2202 1594 
7973 4 0 2359 102 3770 3850 
7974 4 0 227 2935 2620 209 
7975 4 0 3083 3908 419 2122 
7976 4 0 1323 3083 3342 419 
7977 4 0 426 469 1355 3782 
7978 4 0 426 3716 3862 1355 
7979 4 0 3022 374 2217 2348 
7980 4 0 1400 3229 4523 1404 
7981 4 0 1243 2212 1330 2568 
7982 4 0 2122 2092 2344 1484 
7983 4 0 1323 2092 2122 1484 
7984 4 0 54 2119 3047 2109 
7985 4 0 2124 2512 2400 3447 
7986 4 0 2213 4182 4555 4505 
7987 4 0 4505 3451 4555 2213 
7988 4 0 4361 375 417 1874 
7989 4 0 2023 1261 3217 1498 
7990 4 0 2873 311 2241 321 
7991 4 0 654 4188 3616 4172 
7992 4 0 2918 2606 326 2418 
7993 4 0 3267 3051 1490 2286 
7994 4 0 2020 979 2534 2272 
7995 4 0 2606 336 2918 326 
7996 4 0 2040 3517 2462 1248 
7997 4 0 1450 814 607 2490 
7998 4 0 1450 814 2490 505 
7999 4 0 2246 1353 1042 1882 
8000 4 0 3827 2906 2940 2202 
8001 4 0 702 2893 3875 2816 
8002 4 0 3875 2893 698 2816 
8003 4 0 2896 2521 799 2624 
8004 4 0 2741 2045 1166 3379 
8005 4 0 1824 2658 3125 2949 
8006 4 0 2658 1824 2845 2949 
8007 4 0 2007 3734 619 1524 
8008 4 0 1874 2348 1518 857 
8009 4 0 2099 1591 4534 4542 
8010 4 0 2256 466 3357 2373 
8011 4 0 466 2256 3357 3653 
8012 4 0 3463 553 451 968 
8013 4 0 776 1925 1489 1013 
8014 4 0 2605 3367 3940 2615 
8015 4 0 2809 1127 3365 1128 
8016 4 0 2897 1575 399 1254 
8017 4 0 2514 2597 2723 4574 
8018 4 0 2023 2757 3210 2522 
8019 4 0 1246 2169 1561 1276 
8020 4 0 3742 1612 2013 1748 
8021 4 0 2167 941 3925 2013 
8022 4 0 2521 2896 2654 2624 
8023 4 0 1486 926 2373 3357 
8024 4 0 4190 1981 4195 3820 
8025 4 0 4024 4321 3864 1109 
8026 4 0 2286 3688 870 525 
8027 4 0 875 2994 368 4383 
8028 4 0 4398 4383 368 2994 
8029 4 0 5 875 368 13 
8030 4 0 368 2283 13 4398 
8031 4 0 4383 13 4398 368 
8032 4 0 3007 2272 2417 1578 
8033 4 0 4089 3007 2504 2417 
8034 4 0 3399 2224 2611 2189 
8035 4 0 3399 4090 2891 2449 
8036 4 0 835 4366 3257 1484 
8037 4 0 1116 761 991 3187 
8038 4 0 3542 2280 3949 3844 
8039 4 0 2350 2127 2157 3440 
8040 4 0 4259 2648 4390 3343 
8041 4 0 3863 4571 486 522 
8042 4 0 4259 4390 2594 3343 
8043 4 0 2005 1069 800 4196 
8044 4 0 3399 1236 2803 4185 
8045 4 0 3998 1417 3581 2637 
8046 4 0 3208 1304 2564 655 
8047 4 0 655 654 1423 1303 
8048 4 0 655 405 654 1303 
8049 4 0 2263 1214 473 2647 
8050 4 0 2561 368 2283 13 
8051 4 0 2994 368 4398 2899 
8052 4 0 3193 393 3227 1771 
8053 4 0 2171 1207 2892 450 
8054 4 0 3285 1889 3847 3659 
8055 4 0 2827 2669 376 3722 
8056 4 0 3149 2205 614 2481 
8057 4 0 1628 2285 790 793 
8058 4 0 1586 1851 1422 2132 
8059 4 0 793 790 1628 1457 
8060 4 0 783 2643 812 1330 
8061 4 0 783 1988 542 2643 
8062 4 0 783 2643 2110 812 
8063 4 0 2643 783 2297 1330 
8064 4 0 718 2458 1765 706 
8065 4 0 2736 2643 2297 3495 
8066 4 0 1765 718 706 4520 
8067 4 0 4326 610 888 2053 
8068 4 0 3652 2624 1244 550 
8069 4 0 3415 2408 2036 461 
8070 4 0 1173 610 888 4326 
8071 4 0 2211 2233 687 4368 
8072 4 0 571 2411 2050 3556 
8073 4 0 1096 3556 2411 571 
8074 4 0 3101 2259 428 1719 
8075 4 0 483 1356 2729 3265 
8076 4 0 483 2729 3488 3265 
8077 4 0 2827 2405 2038 369 
8078 4 0 2827 417 2038 2405 
8079 4 0 2883 2718 2072 2402 
8080 4 0 1515 3529 2011 4451 
8081 4 0 2050 1614 2814 1667 
8082 4 0 4460 484 3136 1342 
8083 4 0 3258 2713 3535 2152 
8084 4 0 2833 3258 4267 3535 
8085 4 0 3492 3249 3508 2991 
8086 4 0 317 2871 1418 2306 
8087 4 0 2838 549 480 1894 
8088 4 0 3847 429 1889 3285 
8089 4 0 3495 2736 3500 2297 
8090 4 0 658 1274 637 1273 
8091 4 0 729 2859 1790 691 
8092 4 0 1356 483 4121 3265 
8093 4 0 422 404 760 3005 
8094 4 0 860 2398 881 3786 
8095 4 0 2398 3786 860 462 
8096 4 0 1355 2352 425 427 
8097 4 0 1355 764 427 765 
8098 4 0 1355 1489 2352 458 
8099 4 0 3294 1426 1586 3885 
8100 4 0 1586 2828 2132 1422 
8101 4 0 2328 2671 2227 4162 
8102 4 0 1334 2537 3257 3761 
8103 4 0 2479 4007 979 709 
8104 4 0 4007 979 2441 2479 
8105 4 0 4396 1703 4395 2586 
8106 4 0 1635 2538 2384 933 
8107 4 0 1256 1998 2957 2655 
8108 4 0 3693 2734 2816 1915 
8109 4 0 1878 1785 2730 2491 
8110 4 0 806 3693 2734 2305 
8111 4 0 3601 3906 2955 2003 
8112 4 0 1023 453 382 2558 
8113 4 0 2348 2160 451 2714 
8114 4 0 3313 2499 2160 1644 
8115 4 0 2306 1418 349 2910 
8116 4 0 2932 2760 2959 2005 
8117 4 0 3110 2865 82 3002 
8118 4 0 911 2736 4597 2776 
8119 4 0 3199 3747 3912 2632 
8120 4 0 3432 2306 299 284 
8121 4 0 2801 2671 1783 4162 
8122 4 0 2671 2328 1783 4162 
8123 4 0 879 2299 2364 2535 
8124 4 0 1141 2916 3579 4575 
8125 4 0 1165 4596 3427 3454 
8126 4 0 70 3518 79 2254 
8127 4 0 1165 1477 3454 3427 
8128 4 0 1642 1323 1540 712 
8129 4 0 4332 1479 2828 2014 
8130 4 0 2573 1621 3428 406 
8131 4 0 1871 768 3864 748 
8132 4 0 4024 1109 3864 768 
8133 4 0 768 1871 3864 4024 
8134 4 0 3144 621 2206 3392 
8135 4 0 1153 1676 2155 810 
8136 4 0 1891 1153 1207 2155 
8137 4 0 3156 3284 3620 907 
8138 4 0 1775 2416 2706 1859 
8139 4 0 1442 1667 3327 1444 
8140 4 0 412 2208 3162 2634 
8141 4 0 1330 1538 3087 3025 
8142 4 0 2969 4250 4149 2482 
8143 4 0 3887 2572 2482 663 
8144 4 0 4004 538 2383 2987 
8145 4 0 3100 4133 2011 3529 
8146 4 0 3081 2970 1307 3561 
8147 4 0 2999 4405 3888 3667 
8148 4 0 827 496 2345 4133 
8149 4 0 3667 2999 373 3888 
8150 4 0 3872 2055 1553 321 
8151 4 0 2295 3846 3211 424 
8152 4 0 4130 2491 3577 3649 
8153 4 0 1748 2190 4039 2295 
8154 4 0 2055 321 3872 311 
8155 4 0 610 1399 2200 888 
8156 4 0 1994 3734 1500 619 
8157 4 0 3069 2941 594 2777 
8158 4 0 2263 3394 4211 1985 
8159 4 0 3507 1629 4356 4003 
8160 4 0 428 4553 1719 519 
8161 4 0 4503 519 4553 2596 
8162 4 0 341 349 2306 1418 
8163 4 0 2938 3050 1190 3092 
8164 4 0 1152 807 1008 543 
8165 4 0 3092 3050 1190 2721 
8166 4 0 4586 4576 4581 3143 
8167 4 0 62 74 2794 1226 
8168 4 0 3714 74 62 1226 
8169 4 0 3334 2213 2802 3157 
8170 4 0 2989 3313 1322 2535 
8171 4 0 1444 2351 3466 2173 
8172 4 0 2353 3219 599 2571 
8173 4 0 4303 2101 3017 373 
8174 4 0 2647 3159 4211 3394 
8175 4 0 4303 3017 3479 373 
8176 4 0 373 3017 3479 3551 
8177 4 0 2682 4269 2762 4116 
8178 4 0 2873 2241 2262 333 
8179 4 0 2873 2262 3188 333 
8180 4 0 478 2749 1026 1025 
8181 4 0 4174 2566 3204 1409 
8182 4 0 4082 4564 4174 2106 
8183 4 0 2946 1647 1403 728 
8184 4 0 2946 2772 1403 1647 
8185 4 0 2662 2550 1315 2668 
8186 4 0 4605 565 4089 4391 
8187 4 0 4008 4083 4075 2286 
8188 4 0 1706 4204 2569 2545 
8189 4 0 2852 2130 410 760 
8190 4 0 4398 2283 2899 368 
8191 4 0 4243 2548 2585 3209 
8192 4 0 733 3478 3067 1575 
8193 4 0 444 655 2564 2145 
8194 4 0 2584 2973 2644 3390 
8195 4 0 2943 3363 1869 1299 
8196 4 0 317 1418 330 2306 
8197 4 0 2543 2958 3972 2981 
8198 4 0 407 3499 2303 464 
8199 4 0 1790 2372 3668 691 
8200 4 0 1785 2391 1973 2245 
8201 4 0 4152 1572 2665 1091 
8202 4 0 3125 2906 468 2658 
8203 4 0 389 3296 1276 2169 
8204 4 0 2050 2411 2268 525 
8205 4 0 2402 2072 381 2718 
8206 4 0 124 148 1124 1472 
8207 4 0 589 2624 1472 2896 
8208 4 0 2227 2357 2590 2213 
8209 4 0 3903 2591 2243 2652 
8210 4 0 2591 3625 3412 2395 
8211 4 0 4567 3229 4523 3618 
8212 4 0 2312 48 2116 3303 
8213 4 0 1318 3026 2635 3883 
8214 4 0 2546 4073 918 1182 
8215 4 0 3314 1744 3048 2676 
8216 4 0 3883 2635 3893 3778 
8217 4 0 2654 3484 1124 1472 
8218 4 0 3883 2635 3778 3858 
8219 4 0 203 3081 389 3296 
8220 4 0 527 1540 1436 2122 
8221 4 0 2457 3164 4211 1849 
8222 4 0 2795 2745 992 3236 
8223 4 0 2795 3236 992 4060 
8224 4 0 1207 805 2155 1676 
8225 4 0 1527 4343 2485 2598 
8226 4 0 2638 1527 2549 2485 
8227 4 0 2540 4427 2987 4416 
8228 4 0 4153 700 2904 3212 
8229 4 0 2999 1628 2705 373 
8230 4 0 3335 2698 3584 3212 
8231 4 0 618 681 2982 3569 
8232 4 0 809 2904 808 3212 
8233 4 0 513 1482 4143 2790 
8234 4 0 567 2790 4143 1482 
8235 4 0 2674 569 2899 2988 
8236 4 0 2904 808 804 809 
8237 4 0 3592 2988 2434 4397 
8238 4 0 2490 506 505 814 
8239 4 0 2723 3217 1498 2597 
8240 4 0 480 3364 2876 2175 
8241 4 0 2306 301 3432 310 
8242 4 0 3948 3867 3502 752 
8243 4 0 2887 3314 3048 1036 
8244 4 0 624 2646 2194 4364 
8245 4 0 1907 2964 2912 2637 
8246 4 0 2637 2733 2912 511 
8247 4 0 2983 3670 3382 3835 
8248 4 0 391 3537 3727 1746 
8249 4 0 1565 2212 2568 1568 
8250 4 0 1376 3164 3204 1480 
8251 4 0 3528 2528 2406 1601 
8252 4 0 2904 376 2834 543 
8253 4 0 981 3437 982 3997 
8254 4 0 1922 3997 3437 981 
8255 4 0 366 937 846 4371 
8256 4 0 3956 3882 1588 403 
8257 4 0 4571 518 486 2259 
8258 4 0 4569 2259 4526 4525 
8259 4 0 355 354 2183 3043 
8260 4 0 3184 3034 2973 1655 
8261 4 0 2751 1435 2192 849 
8262 4 0 3408 3331 592 2626 
8263 4 0 3425 3125 930 2906 
8264 4 0 2630 930 2718 3425 
8265 4 0 4191 2975 830 1335 
8266 4 0 3274 2291 1372 2541 
8267 4 0 2481 2255 578 2205 
8268 4 0 2205 1765 2255 578 
8269 4 0 2548 3209 3377 2522 
8270 4 0 3542 4036 1958 2034 
8271 4 0 3542 4036 2034 2740 
8272 4 0 3181 2159 776 527 
8273 4 0 527 2361 3181 2159 
8274 4 0 3181 2361 3867 2159 
8275 4 0 3836 1803 3190 2105 
8276 4 0 2382 2561 1793 368 
8277 4 0 5 2561 1793 848 
8278 4 0 1225 848 2561 5 
8279 4 0 641 3945 611 116 
8280 4 0 641 611 2118 116 
8281 4 0 2087 611 116 2118 
8282 4 0 3334 2802 2722 2956 
8283 4 0 2952 4133 496 3100 
8284 4 0 4524 4133 2952 3100 
8285 4 0 2975 2879 1003 402 
8286 4 0 2216 2975 402 3366 
8287 4 0 2975 1003 2216 402 
8288 4 0 2216 3366 402 3993 
8289 4 0 1733 1073 3194 1879 
8290 4 0 1847 1733 1607 1879 
8291 4 0 1879 1607 1735 3194 
8292 4 0 1284 3741 1797 625 
8293 4 0 1701 1672 1120 3953 
8294 4 0 2054 2822 1801 3001 
8295 4 0 2387 1120 1844 3953 
8296 4 0 2819 852 3698 1420 
8297 4 0 1603 2807 4507 488 
8298 4 0 3915 488 4507 2807 
8299 4 0 2974 1814 2088 1934 
8300 4 0 2641 2242 442 3368 
8301 4 0 333 3188 2873 474 
8302 4 0 2878 2562 2081 3680 
8303 4 0 1059 1123 814 4245 
8304 4 0 814 1158 1123 4190 
8305 4 0 3177 2607 2838 1251 
8306 4 0 3164 2263 1265 2238 
8307 4 0 2688 525 3556 3688 
8308 4 0 831 2345 827 4606 
8309 4 0 2987 2711 3609 4004 
8310 4 0 2722 2802 422 2956 
8311 4 0 422 760 1650 3005 
8312 4 0 3005 2722 2946 1650 
8313 4 0 2714 2073 2081 1737 
8314 4 0 2362 2073 2081 2714 
8315 4 0 498 2073 2714 1737 
8316 4 0 3179 3274 3002 77 
8317 4 0 3258 2663 2422 643 
8318 4 0 4083 1018 4075 2286 
8319 4 0 2463 291 2677 4610 
8320 4 0 2677 291 299 4610 
8321 4 0 2198 2467 2423 1749 
8322 4 0 2932 2760 3273 2959 
8323 4 0 3670 4030 695 607 
8324 4 0 2504 2272 2417 3007 
8325 4 0 4614 3503 2838 1969 
8326 4 0 2788 4463 1548 2139 
8327 4 0 2389 2669 2827 3722 
8328 4 0 2827 2669 2965 3261 
8329 4 0 2453 1372 2865 1752 
8330 4 0 3373 1982 2467 1983 
8331 4 0 2873 1170 311 2055 
8332 4 0 3693 2816 2182 448 
8333 4 0 2055 1170 311 3872 
8334 4 0 3432 2910 446 1418 
8335 4 0 1267 3108 1636 668 
8336 4 0 2922 3108 1636 713 
8337 4 0 2478 2101 3017 1593 
8338 4 0 2510 1326 2954 1440 
8339 4 0 3470 3152 2543 1999 
8340 4 0 3144 1679 3997 981 
8341 4 0 2577 2193 3196 1271 
8342 4 0 825 498 1741 2249 
8343 4 0 3333 1956 1743 787 
8344 4 0 3231 1058 3652 189 
8345 4 0 1742 2206 1737 1741 
8346 4 0 991 761 2821 3187 
8347 4 0 2165 918 1742 2179 
8348 4 0 3018 2987 2540 2499 
8349 4 0 2172 3836 2694 2187 
8350 4 0 2275 1924 3018 2499 
8351 4 0 4233 3955 386 2028 
8352 4 0 3612 3056 407 430 
8353 4 0 1747 3846 1250 2190 
8354 4 0 4060 2197 2468 2795 
8355 4 0 1405 2516 1251 2842 
8356 4 0 4060 3496 2468 2197 
8357 4 0 2991 1354 257 3438 
8358 4 0 3854 3009 757 3683 
8359 4 0 1490 3051 3990 1486 
8360 4 0 4365 3267 3051 524 
8361 4 0 3011 4529 3554 2024 
8362 4 0 4575 976 490 3579 
8363 4 0 1258 1257 1214 2766 
8364 4 0 976 1141 3645 3579 
8365 4 0 3579 976 1141 4575 
8366 4 0 2419 3568 1602 3313 
8367 4 0 995 1199 2825 1956 
8368 4 0 4454 4088 1540 3388 
8369 4 0 1391 4216 774 4483 
8370 4 0 526 1341 275 1632 
8371 4 0 2758 2971 3395 367 
8372 4 0 427 4460 3282 400 
8373 4 0 2238 3164 3035 1265 
8374 4 0 3164 3460 4098 3035 
8375 4 0 3282 4460 575 400 
8376 4 0 1035 3573 662 599 
8377 4 0 4366 2547 3010 3525 
8378 4 0 2381 1589 2761 3076 
8379 4 0 2460 697 2255 579 
8380 4 0 697 1379 2460 2255 
8381 4 0 697 579 2859 2255 
8382 4 0 1379 697 2859 2255 
8383 4 0 1983 1984 3391 4157 
8384 4 0 3391 4157 1984 3153 
8385 4 0 3625 1046 3812 3355 
8386 4 0 3224 3132 271 247 
8387 4 0 2243 2039 3220 595 
8388 4 0 882 511 1966 2885 
8389 4 0 2315 511 1966 949 
8390 4 0 42 77 839 67 
8391 4 0 2256 466 2373 842 
8392 4 0 3653 3357 525 2256 
8393 4 0 2844 3440 492 3993 
8394 4 0 3095 2721 1232 3045 
8395 4 0 2007 2851 3337 2028 
8396 4 0 2851 2007 3337 2270 
8397 4 0 2028 3337 2007 2831 
8398 4 0 1284 3741 2779 1835 
8399 4 0 3146 1980 4261 4017 
8400 4 0 2798 2318 4272 3767 
8401 4 0 3302 2318 3767 1608 
8402 4 0 2462 3021 774 2856 
8403 4 0 3767 3302 3846 2798 
8404 4 0 908 3017 2101 373 
8405 4 0 3084 1197 2409 616 
8406 4 0 1293 1289 2647 1320 
8407 4 0 3801 1142 3856 2200 
8408 4 0 2510 3609 1924 2927 
8409 4 0 2987 2499 1924 2927 
8410 4 0 2927 2987 2711 3609 
8411 4 0 3189 545 4075 870 
8412 4 0 4075 1908 3189 1726 
8413 4 0 445 2394 2139 2744 
8414 4 0 65 75 2271 2296 
8415 4 0 3968 2902 2848 3531 
8416 4 0 3044 4202 3927 2855 
8417 4 0 2130 422 760 1650 
8418 4 0 1092 1093 2585 2958 
8419 4 0 2585 1713 1093 1092 
8420 4 0 1731 2926 2437 2332 
8421 4 0 992 3774 2745 2709 
8422 4 0 1445 2023 4066 4345 
8423 4 0 2023 4066 3890 1445 
8424 4 0 2219 4140 2445 1970 
8425 4 0 519 1826 428 4554 
8426 4 0 2521 3755 505 2321 
8427 4 0 4554 428 519 489 
8428 4 0 2301 2583 2713 2152 
8429 4 0 3463 553 1533 451 
8430 4 0 1005 3278 1006 1902 
8431 4 0 260 1398 2228 371 
8432 4 0 2362 2714 1872 2073 
8433 4 0 1653 740 2883 3031 
8434 4 0 1291 3032 4132 719 
8435 4 0 2601 3628 3050 1190 
8436 4 0 3617 2652 3941 2901 
8437 4 0 3377 2638 2522 4066 
8438 4 0 2798 936 3846 423 
8439 4 0 4463 4461 2139 2788 
8440 4 0 1299 1716 2284 3338 
8441 4 0 3745 3928 1816 1518 
8442 4 0 1532 2711 731 3725 
8443 4 0 599 3608 3197 2592 
8444 4 0 599 2571 2592 3197 
8445 4 0 2603 305 314 3064 
8446 4 0 3064 3696 2603 1501 
8447 4 0 1636 1548 1264 3565 
8448 4 0 2942 1438 1498 977 
8449 4 0 2974 2088 4521 4515 
8450 4 0 2536 2201 2023 3399 
8451 4 0 2900 3028 3083 479 
8452 4 0 2589 2629 2651 2519 
8453 4 0 3942 4531 1085 3769 
8454 4 0 3769 4531 4541 3942 
8455 4 0 3037 3056 3145 4270 
8456 4 0 4270 3145 3612 3056 
8457 4 0 2896 2753 865 2568 
8458 4 0 2636 2586 2101 1167 
8459 4 0 2195 247 271 3132 
8460 4 0 1264 1255 429 1392 
8461 4 0 1270 477 3043 476 
8462 4 0 1270 824 3043 2236 
8463 4 0 1532 3099 1118 2915 
8464 4 0 2439 4365 2829 524 
8465 4 0 3025 2297 2120 2212 
8466 4 0 2627 1024 1776 2093 
8467 4 0 2627 1776 1758 2093 
8468 4 0 2627 1024 1814 1776 
8469 4 0 1128 3065 2780 2605 
8470 4 0 3365 2605 1128 2780 
8471 4 0 2605 3365 2026 2780 
8472 4 0 2680 2023 2201 2576 
8473 4 0 3067 1575 3079 406 
8474 4 0 399 2151 3571 1254 
8475 4 0 2192 3117 3753 19 
8476 4 0 2296 2225 2004 56 
8477 4 0 3118 2667 4419 3036 
8478 4 0 3294 1772 1748 2132 
8479 4 0 3710 165 3266 3441 
8480 4 0 2752 3776 2703 2441 
8481 4 0 2551 4134 401 872 
8482 4 0 4134 872 4136 401 
8483 4 0 2493 3228 624 578 
8484 4 0 2072 3605 745 1180 
8485 4 0 1180 3605 745 998 
8486 4 0 3861 3561 607 1561 
8487 4 0 3835 607 2983 3670 
8488 4 0 2668 2082 2134 3522 
8489 4 0 330 1418 341 2306 
8490 4 0 3808 2874 2536 3091 
8491 4 0 3213 2785 897 549 
8492 4 0 3243 2265 3155 3904 
8493 4 0 1197 3084 2259 4133 
8494 4 0 2803 2891 3399 4185 
8495 4 0 1236 4185 3399 2201 
8496 4 0 3463 968 1740 553 
8497 4 0 1283 1546 608 1833 
8498 4 0 1239 1283 3743 608 
8499 4 0 3162 969 3095 2443 
8500 4 0 451 3463 968 1890 
8501 4 0 1890 3463 1531 451 
8502 4 0 2935 3130 2123 2620 
8503 4 0 2604 190 4215 2315 
8504 4 0 4361 2988 925 2994 
8505 4 0 2994 2988 925 2899 
8506 4 0 3227 393 3193 3642 
8507 4 0 586 587 3152 2455 
8508 4 0 4104 577 2455 2240 
8509 4 0 388 1453 214 196 
8510 4 0 388 3266 3146 1453 
8511 4 0 388 3146 4261 1453 
8512 4 0 2986 3669 3297 2126 
8513 4 0 3146 1926 388 4261 
8514 4 0 2262 2873 3225 302 
8515 4 0 3045 3050 1583 3095 
8516 4 0 382 512 1023 2790 
8517 4 0 4134 2333 2163 3538 
8518 4 0 3095 1583 1327 2443 
8519 4 0 3101 3538 2163 2802 
8520 4 0 448 2380 3693 2397 
8521 4 0 3538 3649 2163 2491 
8522 4 0 3538 2333 2163 3649 
8523 4 0 4087 4101 985 1543 
8524 4 0 1041 143 3355 1046 
8525 4 0 143 3355 1046 3982 
8526 4 0 881 3355 3786 876 
8527 4 0 3648 1543 4087 1030 
8528 4 0 1311 2348 2160 4226 
8529 4 0 1644 4415 1309 3749 
8530 4 0 2643 2020 2534 3495 
8531 4 0 4499 1351 1348 2563 
8532 4 0 1351 2563 4093 1348 
8533 4 0 1515 4527 3100 3529 
8534 4 0 2002 2959 3201 2760 
8535 4 0 2563 602 555 406 
8536 4 0 2752 2703 2682 2762 
8537 4 0 4269 2682 3865 4116 
8538 4 0 2969 4250 2482 3887 
8539 4 0 3714 83 2254 79 
8540 4 0 1244 3231 799 2624 
8541 4 0 2486 2184 1370 2763 
8542 4 0 2171 3608 811 1150 
8543 4 0 2184 1834 2486 1182 
8544 4 0 1969 973 1405 2444 
8545 4 0 975 2127 4276 3472 
8546 4 0 2427 1145 1299 3338 
8547 4 0 4364 2035 2411 2368 
8548 4 0 1170 3872 302 311 
8549 4 0 3095 3050 1583 1970 
8550 4 0 4504 1605 4178 2805 
8551 4 0 3931 2911 1557 928 
8552 4 0 1557 928 2911 1957 
8553 4 0 3271 2237 3272 1970 
8554 4 0 1891 1153 2155 1009 
8555 4 0 2482 3955 4149 1031 
8556 4 0 1009 1891 2112 2155 
8557 4 0 3400 2870 490 4513 
8558 4 0 3490 721 725 3334 
8559 4 0 3334 725 3490 3375 
8560 4 0 3904 4605 4425 3184 
8561 4 0 1249 2040 1248 4171 
8562 4 0 2650 3642 3245 3227 
8563 4 0 3245 3227 3061 2650 
8564 4 0 4595 4467 3847 4466 
8565 4 0 2847 2854 3091 2536 
8566 4 0 674 2905 1938 1650 
8567 4 0 3334 2274 1822 3375 
8568 4 0 2402 381 2697 2718 
8569 4 0 3499 2438 461 673 
8570 4 0 2879 3053 3444 4191 
8571 4 0 2223 954 2930 3643 
8572 4 0 2510 2954 2927 1924 
8573 4 0 446 361 2910 352 
8574 4 0 2547 3308 1329 4032 
8575 4 0 3432 352 446 2910 
8576 4 0 2844 3366 559 3993 
8577 4 0 2751 849 9 3222 
8578 4 0 19 849 3222 9 
8579 4 0 1468 559 3366 3993 
8580 4 0 835 1333 4055 4273 
8581 4 0 3652 545 550 4150 
8582 4 0 4392 3054 2272 3623 
8583 4 0 3768 3814 2534 4388 
8584 4 0 4392 4388 3768 2534 
8585 4 0 2923 2433 3313 1518 
8586 4 0 566 2230 2622 1808 
8587 4 0 2490 607 1561 814 
8588 4 0 2984 3271 2316 2573 
8589 4 0 2984 2219 2316 3271 
8590 4 0 1970 2316 2103 2219 
8591 4 0 2998 891 1696 1687 
8592 4 0 1919 2444 2157 2127 
8593 4 0 424 2798 2390 3846 
8594 4 0 2819 3698 554 1420 
8595 4 0 4134 3644 3293 3538 
8596 4 0 3258 2713 645 4267 
8597 4 0 4244 3527 407 2957 
8598 4 0 4586 3143 4581 2042 
8599 4 0 2914 1145 3118 3338 
8600 4 0 969 601 2670 2012 
8601 4 0 3676 723 4308 3999 
8602 4 0 1145 2667 2914 3118 
8603 4 0 3676 1292 723 3999 
8604 4 0 4137 3798 3266 1071 
8605 4 0 388 1011 4609 134 
8606 4 0 113 4186 2182 134 
8607 4 0 460 1110 2520 1525 
8608 4 0 2520 1110 1400 1525 
8609 4 0 1400 1404 4523 1525 
8610 4 0 4292 1062 4602 3342 
8611 4 0 2645 1958 1392 473 
8612 4 0 4283 2608 3833 2314 
8613 4 0 4040 4283 2608 3833 
8614 4 0 533 2260 1266 2354 
8615 4 0 394 4064 4246 3443 
8616 4 0 2142 62 3063 2239 
8617 4 0 703 1785 1878 2491 
8618 4 0 208 524 1963 3757 
8619 4 0 466 1957 1557 2911 
8620 4 0 2392 2911 466 1246 
8621 4 0 208 3757 4236 186 
8622 4 0 524 2829 3757 186 
8623 4 0 3395 51 2971 2365 
8624 4 0 2758 2971 2365 3395 
8625 4 0 208 3757 186 524 
8626 4 0 462 2972 1025 3786 
8627 4 0 2972 1025 3786 4194 
8628 4 0 3220 2243 2252 3412 
8629 4 0 1225 14 23 848 
8630 4 0 1225 848 34 1229 
8631 4 0 1225 23 34 848 
8632 4 0 3175 3065 3426 3350 
8633 4 0 3350 3065 3426 4381 
8634 4 0 3426 3175 4062 3065 
8635 4 0 2270 3337 2653 1275 
8636 4 0 4169 586 587 3152 
8637 4 0 4322 3070 3695 3837 
8638 4 0 3837 3006 3070 3695 
8639 4 0 2469 2646 4155 2863 
8640 4 0 2469 2646 3249 3564 
8641 4 0 4156 1822 3391 3153 
8642 4 0 3740 4007 1524 3481 
8643 4 0 1524 4007 3797 2441 
8644 4 0 1166 2639 3626 2473 
8645 4 0 4396 2272 3007 4414 
8646 4 0 1076 2639 2473 3626 
8647 4 0 2175 2425 2522 3210 
8648 4 0 1698 3210 2314 869 
8649 4 0 952 1825 786 3234 
8650 4 0 3001 2811 2915 3900 
8651 4 0 1796 2885 3471 2841 
8652 4 0 3471 2841 2885 2753 
8653 4 0 2841 511 1796 2885 
8654 4 0 2915 3001 3900 2407 
8655 4 0 2795 2705 1645 988 
8656 4 0 301 2587 284 3432 
8657 4 0 3390 3034 2644 4598 
8658 4 0 2587 3432 3512 284 
8659 4 0 3349 3133 1671 1120 
8660 4 0 564 2951 3133 3349 
8661 4 0 2842 2516 3466 2173 
8662 4 0 2467 3763 2423 1749 
8663 4 0 1592 393 3245 3642 
8664 4 0 2517 4114 1303 2894 
8665 4 0 2649 3089 4305 3770 
8666 4 0 1554 2649 3770 3089 
8667 4 0 2411 4232 1097 467 
8668 4 0 2522 3209 2757 1427 
8669 4 0 2076 3461 3060 2554 
8670 4 0 2076 3060 834 2554 
8671 4 0 1989 1151 3314 662 
8672 4 0 366 3060 2076 3461 
8673 4 0 3240 4032 556 561 
8674 4 0 2910 2341 349 358 
8675 4 0 2815 4104 1934 2191 
8676 4 0 2076 366 4371 4372 
8677 4 0 4268 4131 2510 1536 
8678 4 0 2759 2536 2240 2757 
8679 4 0 4284 479 2344 1219 
8680 4 0 2344 4284 1219 1333 
8681 4 0 2790 1482 2697 382 
8682 4 0 2722 2946 1647 3005 
8683 4 0 610 1173 2200 619 
8684 4 0 4089 2586 2504 3007 
8685 4 0 2586 2272 2504 3007 
8686 4 0 722 2722 1647 3005 
8687 4 0 606 3061 3245 3227 
8688 4 0 2708 2315 2276 2220 
8689 4 0 2523 2559 804 2661 
8690 4 0 1034 487 2239 2184 
8691 4 0 2142 1034 2239 3063 
8692 4 0 528 2991 3438 526 
8693 4 0 3114 3923 1414 833 
8694 4 0 2711 452 3725 2172 
8695 4 0 3990 224 1638 3735 
8696 4 0 3099 2711 3725 2172 
8697 4 0 2711 1532 2915 3099 
8698 4 0 1766 801 4409 3681 
8699 4 0 1792 3527 2805 3068 
8700 4 0 1792 2805 4178 3068 
8701 4 0 642 1744 643 2676 
8702 4 0 2989 2364 2226 2499 
8703 4 0 1208 3105 4094 2638 
8704 4 0 4094 3105 1790 2638 
8705 4 0 2843 3824 2319 2850 
8706 4 0 4345 1613 2680 2023 
8707 4 0 2240 1613 3209 2023 
8708 4 0 4466 3847 3285 429 
8709 4 0 4595 3847 3285 4466 
8710 4 0 2949 791 468 3202 
8711 4 0 4182 2213 3229 2590 
8712 4 0 454 1657 802 2222 
8713 4 0 1310 3413 374 1784 
8714 4 0 1310 3413 1360 374 
8715 4 0 454 2222 802 801 
8716 4 0 454 1657 2222 2747 
8717 4 0 665 4580 2414 3465 
8718 4 0 881 1978 2929 2398 
8719 4 0 2398 2929 1925 1978 
8720 4 0 2879 3241 3884 2855 
8721 4 0 2760 2002 2745 1174 
8722 4 0 1489 1013 3244 3830 
8723 4 0 618 681 3569 4434 
8724 4 0 3733 3569 681 4434 
8725 4 0 3745 3663 2063 1518 
8726 4 0 2320 2288 3119 3419 
8727 4 0 1141 2743 2916 664 
8728 4 0 2743 2916 4167 1141 
8729 4 0 1706 2569 2230 2990 
8730 4 0 1512 1286 3252 2273 
8731 4 0 1484 1932 2350 2157 
8732 4 0 1706 2569 2990 3072 
8733 4 0 3807 760 1456 1878 
8734 4 0 1370 2546 3253 1001 
8735 4 0 4575 490 976 3312 
8736 4 0 490 4513 2870 3312 
8737 4 0 490 2870 976 3312 
8738 4 0 4575 490 3312 4513 
8739 4 0 3501 1001 3253 2546 
8740 4 0 795 3562 2383 603 
8741 4 0 603 2383 2715 3562 
8742 4 0 709 3960 3087 2124 
8743 4 0 3830 3342 4456 1642 
8744 4 0 2496 2272 2534 4388 
8745 4 0 3843 3406 3088 1430 
8746 4 0 3055 710 1331 3565 
8747 4 0 607 2983 3561 3835 
8748 4 0 1570 2847 2536 2509 
8749 4 0 2338 1100 3402 3363 
8750 4 0 1100 646 3402 3363 
8751 4 0 1462 3554 2024 2016 
8752 4 0 444 2215 431 654 
8753 4 0 1455 4329 2730 3559 
8754 4 0 407 4244 464 3527 
8755 4 0 1438 2723 1498 3706 
8756 4 0 2925 2319 3824 2850 
8757 4 0 3266 2651 3710 3770 
8758 4 0 511 882 1796 2885 
8759 4 0 3063 74 2239 62 
8760 4 0 1645 988 2705 737 
8761 4 0 988 1645 2795 3236 
8762 4 0 1236 2557 1528 2880 
8763 4 0 1236 2576 2023 2880 
8764 4 0 3114 4016 527 2361 
8765 4 0 2301 3770 2857 3078 
8766 4 0 3007 3243 4089 3904 
8767 4 0 249 273 1908 545 
8768 4 0 2754 1414 403 1350 
8769 4 0 2532 349 4036 2341 
8770 4 0 1737 1738 2126 621 
8771 4 0 545 4008 4217 273 
8772 4 0 703 416 1785 2491 
8773 4 0 925 4361 2382 2260 
8774 4 0 1167 4089 2586 2504 
8775 4 0 2925 2054 2172 3195 
8776 4 0 2385 3451 1257 2274 
8777 4 0 1350 2556 2414 420 
8778 4 0 2513 3288 1440 2510 
8779 4 0 2510 3609 2927 2711 
8780 4 0 2659 2516 3246 2960 
8781 4 0 2632 2140 1063 1523 
8782 4 0 16 3235 2758 481 
8783 4 0 3235 10 8 2327 
8784 4 0 487 3262 2765 2924 
8785 4 0 553 3715 1199 4338 
8786 4 0 567 3732 4271 2218 
8787 4 0 1268 1269 2034 1958 
8788 4 0 3420 3414 1237 1871 
8789 4 0 3843 1488 372 1144 
8790 4 0 2943 3363 3539 3989 
8791 4 0 2430 1477 1165 3427 
8792 4 0 3386 2054 4358 1801 
8793 4 0 614 1919 2368 864 
8794 4 0 2559 2393 769 1207 
8795 4 0 557 2157 4241 4161 
8796 4 0 2870 4241 2444 3472 
8797 4 0 2870 2157 2444 4241 
8798 4 0 189 1058 170 3231 
8799 4 0 3231 1058 170 2624 
8800 4 0 1612 2132 3742 2828 
8801 4 0 3149 614 4364 2481 
8802 4 0 1203 3149 4364 2481 
8803 4 0 624 2035 4364 3149 
8804 4 0 2368 4364 2035 3149 
8805 4 0 1440 509 1388 383 
8806 4 0 3789 3288 1440 2513 
8807 4 0 1496 1988 2643 1065 
8808 4 0 2849 92 3422 94 
8809 4 0 92 3869 2849 2893 
8810 4 0 2893 92 113 2849 
8811 4 0 1503 2416 3708 3347 
8812 4 0 2557 1261 3399 1260 
8813 4 0 2416 1503 3708 1511 
8814 4 0 804 809 3221 2559 
8815 4 0 1869 653 2570 711 
8816 4 0 797 3265 4121 483 
8817 4 0 2682 619 3776 2752 
8818 4 0 3265 4196 4121 2005 
8819 4 0 1227 48 1156 2254 
8820 4 0 2614 3415 461 673 
8821 4 0 2408 3415 673 461 
8822 4 0 2467 2423 3763 444 
8823 4 0 3489 4390 2622 2594 
8824 4 0 2154 2699 3446 1117 
8825 4 0 4231 3446 2699 2709 
8826 4 0 2431 2331 696 2951 
8827 4 0 2705 2963 2760 1646 
8828 4 0 4307 4591 4233 3851 
8829 4 0 2932 2963 2760 2005 
8830 4 0 3204 3460 3164 3035 
8831 4 0 4098 4211 1920 3107 
8832 4 0 3460 3035 3139 2370 
8833 4 0 3169 3850 2359 3770 
8834 4 0 2371 3847 1889 3659 
8835 4 0 1350 1580 3690 4479 
8836 4 0 2663 3365 647 896 
8837 4 0 4181 3717 3960 2124 
8838 4 0 1021 3112 939 2518 
8839 4 0 2786 2518 3112 941 
8840 4 0 2252 3112 1213 2909 
8841 4 0 392 2909 3112 2252 
8842 4 0 2167 1747 3112 2786 
8843 4 0 2538 2384 2638 1790 
8844 4 0 4108 3517 1205 4262 
8845 4 0 1279 1763 492 495 
8846 4 0 2973 2257 3379 2584 
8847 4 0 3674 1984 4157 3153 
8848 4 0 428 4554 486 2807 
8849 4 0 3674 2931 4157 1984 
8850 4 0 3639 1148 3221 2582 
8851 4 0 2932 2760 2963 3273 
8852 4 0 4248 1763 1279 495 
8853 4 0 947 174 170 3231 
8854 4 0 3231 189 174 170 
8855 4 0 2522 2023 4066 2557 
8856 4 0 644 2335 2244 2939 
8857 4 0 2574 3170 4445 2368 
8858 4 0 3018 2685 538 2383 
8859 4 0 3181 527 1540 2412 
8860 4 0 2885 954 799 2753 
8861 4 0 954 865 799 2753 
8862 4 0 2361 3114 3917 430 
8863 4 0 2915 4427 1890 1531 
8864 4 0 1116 2073 761 3280 
8865 4 0 251 3870 3682 3971 
8866 4 0 3742 2204 2937 2132 
8867 4 0 3331 982 2830 3408 
8868 4 0 3272 338 4331 4320 
8869 4 0 3331 982 3437 2830 
8870 4 0 2701 2393 3065 4381 
8871 4 0 598 1367 1002 2474 
8872 4 0 3566 840 843 2944 
8873 4 0 55 46 843 3566 
8874 4 0 2905 2858 2244 415 
8875 4 0 1607 562 3457 2298 
8876 4 0 3159 1289 2647 1293 
8877 4 0 2874 2224 2466 432 
8878 4 0 2186 2810 3118 2813 
8879 4 0 2813 1102 2810 3338 
8880 4 0 2810 3118 4419 4068 
8881 4 0 1512 2273 3119 1286 
8882 4 0 2424 2928 3571 3612 
8883 4 0 3612 2424 1998 425 
8884 4 0 1659 427 4460 3282 
8885 4 0 2684 4036 1648 2778 
8886 4 0 3254 1650 3713 2875 
8887 4 0 2641 2242 2792 2905 
8888 4 0 3485 2792 2641 4449 
8889 4 0 4015 4217 4008 258 
8890 4 0 3659 3847 3285 3207 
8891 4 0 3285 3847 4595 3207 
8892 4 0 3284 3020 907 3156 
8893 4 0 1493 2552 3148 3041 
8894 4 0 425 2655 2019 3282 
8895 4 0 986 2197 2971 2468 
8896 4 0 2240 2757 3209 1427 
8897 4 0 4130 3649 3577 778 
8898 4 0 2998 3351 3506 892 
8899 4 0 2390 3879 3925 1281 
8900 4 0 3538 3649 4130 3943 
8901 4 0 4130 3943 3649 778 
8902 4 0 3607 533 847 27 
8903 4 0 3843 372 3406 1430 
8904 4 0 1482 3732 4041 3123 
8905 4 0 2621 2735 3030 2071 
8906 4 0 2439 3447 2400 2819 
8907 4 0 996 2410 2822 2054 
8908 4 0 1192 1190 3628 2601 
8909 4 0 2961 3470 2543 1999 
8910 4 0 4519 3470 2961 1999 
8911 4 0 3125 2326 1387 955 
8912 4 0 1721 2226 678 2559 
8913 4 0 3651 2972 3553 3142 
8914 4 0 2314 1697 3468 1698 
8915 4 0 2399 671 461 829 
8916 4 0 4134 3676 872 2551 
8917 4 0 719 872 4112 3676 
8918 4 0 2551 872 719 3676 
8919 4 0 2253 1533 3463 4338 
8920 4 0 3163 3758 2673 1324 
8921 4 0 1628 2177 2285 2503 
8922 4 0 2306 301 284 3432 
8923 4 0 3297 4025 3392 3144 
8924 4 0 1571 467 2665 3327 
8925 4 0 3327 467 1667 1571 
8926 4 0 3986 1430 3406 2331 
8927 4 0 3406 2401 2435 372 
8928 4 0 2311 485 2570 2273 
8929 4 0 3915 3211 4507 1608 
8930 4 0 2693 2333 3943 3764 
8931 4 0 3538 2333 3943 3293 
8932 4 0 3538 4134 2333 3293 
8933 4 0 322 334 3380 2429 
8934 4 0 3457 2067 2029 1607 
8935 4 0 2067 2447 3457 3845 
8936 4 0 4225 3945 612 391 
8937 4 0 746 3959 2996 2367 
8938 4 0 3976 1564 2523 378 
8939 4 0 4225 612 2591 936 
8940 4 0 3565 3277 1264 1636 
8941 4 0 1264 3277 3565 3760 
8942 4 0 2273 1512 2332 3252 
8943 4 0 4163 276 3150 2700 
8944 4 0 1857 2152 1730 1855 
8945 4 0 3041 1741 380 2686 
8946 4 0 3343 1812 4271 2218 
8947 4 0 2790 567 2400 2218 
8948 4 0 2919 3041 2134 380 
8949 4 0 2211 687 3864 707 
8950 4 0 1545 4298 3156 3476 
8951 4 0 707 3523 687 3864 
8952 4 0 365 2979 3035 2966 
8953 4 0 4502 3131 2385 4018 
8954 4 0 4502 3101 3131 4557 
8955 4 0 1243 2297 1476 813 
8956 4 0 284 2463 291 2677 
8957 4 0 2212 1243 2297 1476 
8958 4 0 1896 261 3378 3778 
8959 4 0 261 3778 3883 3378 
8960 4 0 1896 261 274 3378 
8961 4 0 1896 3778 3858 261 
8962 4 0 3858 3778 3883 261 
8963 4 0 3800 949 2708 736 
8964 4 0 3969 779 3657 3820 
8965 4 0 3051 3688 1486 2286 
8966 4 0 856 131 3471 1416 
8967 4 0 2586 2446 2504 2272 
8968 4 0 3623 2313 2446 2272 
8969 4 0 2584 2331 2973 3390 
8970 4 0 1220 2829 1221 1138 
8971 4 0 1220 1138 222 2829 
8972 4 0 1745 612 2591 3903 
8973 4 0 2600 3134 2349 3082 
8974 4 0 2600 3134 3082 3874 
8975 4 0 2349 3134 2104 3082 
8976 4 0 2090 2329 2864 2786 
8977 4 0 3570 3412 2252 2591 
8978 4 0 2621 463 870 4015 
8979 4 0 463 2735 2621 870 
8980 4 0 577 587 2455 2240 
8981 4 0 1236 2023 3399 2557 
8982 4 0 1236 2557 3399 2803 
8983 4 0 2728 2613 3304 2961 
8984 4 0 3972 2961 2728 3304 
8985 4 0 2924 1034 487 3262 
8986 4 0 2027 2182 2064 2380 
8987 4 0 3137 3406 3986 1430 
8988 4 0 3088 3406 3137 1430 
8989 4 0 339 1661 2527 328 
8990 4 0 1257 2274 3659 1339 
8991 4 0 2456 904 903 688 
8992 4 0 3717 3087 1981 3960 
8993 4 0 1383 1841 2616 3046 
8994 4 0 3038 3959 2646 3228 
8995 4 0 746 583 2996 3959 
8996 4 0 4358 996 2054 2319 
8997 4 0 987 844 851 76 
8998 4 0 844 1754 987 851 
8999 4 0 2836 210 2840 2572 
9000 4 0 3906 2683 3445 3376 
9001 4 0 2023 1261 3399 2557 
9002 4 0 2409 2317 3009 394 
9003 4 0 3531 2913 3381 1875 
9004 4 0 3421 3029 1648 2917 
9005 4 0 1835 3205 4084 1797 
9006 4 0 2005 2959 920 908 
9007 4 0 3171 2216 3401 3761 
9008 4 0 1891 2701 3350 2112 
9009 4 0 3257 1484 2216 2578 
9010 4 0 3151 4185 2201 3399 
9011 4 0 3901 58 66 2817 
9012 4 0 1632 3656 3661 1950 
9013 4 0 3840 3656 1950 3661 
9014 4 0 2424 459 2042 2352 
9015 4 0 377 2111 1077 1567 
9016 4 0 1232 3095 296 313 
9017 4 0 2858 2244 3029 2939 
9018 4 0 2308 2480 3310 2657 
9019 4 0 1953 466 530 2278 
9020 4 0 530 466 2960 2278 
9021 4 0 512 513 3874 1559 
9022 4 0 3264 2641 4449 3485 
9023 4 0 3264 2077 2641 2770 
9024 4 0 2077 1939 2641 2770 
9025 4 0 2434 2988 3455 4397 
9026 4 0 3073 2158 3401 2563 
9027 4 0 2578 2158 3401 3073 
9028 4 0 2122 2158 2578 3073 
9029 4 0 939 3112 1213 2518 
9030 4 0 2518 1213 2786 3112 
9031 4 0 2366 2543 3152 1999 
9032 4 0 1493 2206 2714 3027 
9033 4 0 1650 3005 2722 422 
9034 4 0 2617 4443 760 1456 
9035 4 0 1590 2617 410 2531 
9036 4 0 1768 2145 2215 2129 
9037 4 0 1926 2182 2633 462 
9038 4 0 1252 2522 2188 2175 
9039 4 0 1180 2841 2072 3605 
9040 4 0 1180 2841 2326 2072 
9041 4 0 2059 1997 3816 1099 
9042 4 0 1968 2692 1104 2959 
9043 4 0 1440 3288 1545 3156 
9044 4 0 3468 1697 2505 1698 
9045 4 0 3567 1697 2505 3468 
9046 4 0 3628 4283 2314 3772 
9047 4 0 4283 4040 3772 2725 
9048 4 0 4283 3772 3628 1695 
9049 4 0 2608 4283 4040 3772 
9050 4 0 1489 1013 712 776 
9051 4 0 1642 712 3830 1323 
9052 4 0 1323 3342 3830 1642 
9053 4 0 1355 4585 3716 3862 
9054 4 0 2816 448 3991 2652 
9055 4 0 1698 1697 4283 2314 
9056 4 0 869 4283 2314 1698 
9057 4 0 2688 3323 3504 580 
9058 4 0 3061 3227 136 2650 
9059 4 0 2867 3509 3605 3806 
9060 4 0 2176 2285 2639 1739 
9061 4 0 2822 3001 4339 1801 
9062 4 0 3001 1200 2822 4339 
9063 4 0 1180 2964 998 1641 
9064 4 0 1293 2282 2647 3159 
9065 4 0 3964 3150 276 2700 
9066 4 0 2647 720 473 1287 
9067 4 0 3634 4007 3797 3740 
9068 4 0 2663 896 1188 2833 
9069 4 0 1901 4021 4013 3763 
9070 4 0 1046 84 3812 1041 
9071 4 0 1901 4021 3702 3748 
9072 4 0 1392 2645 3285 2139 
9073 4 0 2872 3043 2093 2236 
9074 4 0 3043 2611 2236 2449 
9075 4 0 120 94 3220 3348 
9076 4 0 2672 4404 3098 3154 
9077 4 0 4008 4083 1420 234 
9078 4 0 3155 1526 3194 1735 
9079 4 0 4424 2534 2120 2339 
9080 4 0 2399 2036 2475 1931 
9081 4 0 2534 3814 2339 4424 
9082 4 0 422 616 2475 1931 
9083 4 0 1022 4325 4327 612 
9084 4 0 2219 2075 2103 1474 
9085 4 0 2103 2219 1583 1970 
9086 4 0 3156 509 1924 2558 
9087 4 0 1578 3007 2272 3495 
9088 4 0 2435 4089 2417 3243 
9089 4 0 3243 2435 3856 2417 
9090 4 0 2417 1578 3243 3007 
9091 4 0 3245 2136 2442 1592 
9092 4 0 3245 2442 2864 1592 
9093 4 0 2158 833 1484 1003 
9094 4 0 3882 3158 1085 4472 
9095 4 0 3135 812 1569 3689 
9096 4 0 3294 444 3763 2423 
9097 4 0 1749 4136 2467 4112 
9098 4 0 656 405 1768 2145 
9099 4 0 2968 3566 3324 2298 
9100 4 0 64 3324 2492 2968 
9101 4 0 1040 3412 2909 3570 
9102 4 0 3570 2252 392 2591 
9103 4 0 2909 3570 3412 2252 
9104 4 0 2909 2710 1040 3570 
9105 4 0 3101 516 4527 1828 
9106 4 0 2325 1828 1516 4527 
9107 4 0 3349 2612 3326 1671 
9108 4 0 3383 3947 687 1175 
9109 4 0 1690 3177 4286 2607 
9110 4 0 513 2790 4143 3199 
9111 4 0 4490 3177 4286 1690 
9112 4 0 2790 513 512 3199 
9113 4 0 513 4143 780 3199 
9114 4 0 2176 2503 2285 2177 
9115 4 0 1998 2361 430 3143 
9116 4 0 1032 3825 3639 2582 
9117 4 0 3771 2045 2639 3626 
9118 4 0 1300 2869 3442 251 
9119 4 0 236 4481 478 213 
9120 4 0 3923 833 3114 2412 
9121 4 0 833 2412 527 3114 
9122 4 0 1554 3384 3770 2649 
9123 4 0 1554 3770 3384 3710 
9124 4 0 4521 2974 836 2627 
9125 4 0 1275 2983 1242 3093 
9126 4 0 2338 3363 3533 378 
9127 4 0 2687 1871 768 4024 
9128 4 0 2687 4024 2494 1871 
9129 4 0 2687 4024 768 1109 
9130 4 0 190 189 174 3231 
9131 4 0 4300 4150 3652 550 
9132 4 0 2001 1779 3505 3104 
9133 4 0 3788 177 881 1978 
9134 4 0 1965 1916 3167 2819 
9135 4 0 1916 3167 2819 3447 
9136 4 0 3251 2411 2368 4232 
9137 4 0 4515 2974 2783 2049 
9138 4 0 124 1472 3484 910 
9139 4 0 124 910 3484 3586 
9140 4 0 1519 3618 4523 1525 
9141 4 0 1064 403 818 4028 
9142 4 0 818 4455 403 1064 
9143 4 0 2745 1628 2795 1174 
9144 4 0 1519 4162 4523 3618 
9145 4 0 1828 2385 516 4555 
9146 4 0 2044 2747 3333 2202 
9147 4 0 793 786 1210 3234 
9148 4 0 4190 814 1158 127 
9149 4 0 4136 4257 1822 2579 
9150 4 0 2467 4136 1822 2579 
9151 4 0 3083 3342 2140 1323 
9152 4 0 4078 1150 448 2171 
9153 4 0 4078 3991 448 1150 
9154 4 0 4153 2904 2546 918 
9155 4 0 3678 103 3382 3723 
9156 4 0 3382 3723 103 90 
9157 4 0 3224 3103 252 271 
9158 4 0 4297 642 3200 1513 
9159 4 0 440 3162 433 412 
9160 4 0 412 3162 433 3095 
9161 4 0 3360 2160 3313 1518 
9162 4 0 3127 2153 2136 3245 
9163 4 0 2188 1252 2173 3377 
9164 4 0 2842 1252 2173 2188 
9165 4 0 2632 3849 1523 3295 
9166 4 0 2085 2916 4167 2743 
9167 4 0 2085 2916 2743 664 
9168 4 0 784 4216 205 1395 
9169 4 0 381 2789 382 3042 
9170 4 0 2917 1403 3029 2939 
9171 4 0 3009 455 2386 1489 
9172 4 0 2946 473 720 1287 
9173 4 0 1992 610 2053 3172 
9174 4 0 2935 3130 2519 2589 
9175 4 0 2935 3130 2620 2519 
9176 4 0 1835 4084 3967 1797 
9177 4 0 687 3406 4382 372 
9178 4 0 3406 372 3843 4382 
9179 4 0 422 2956 404 3005 
9180 4 0 1929 2642 2913 1785 
9181 4 0 361 2966 2678 684 
9182 4 0 3474 3039 2715 603 
9183 4 0 3474 2884 2789 603 
9184 4 0 999 3253 3335 4153 
9185 4 0 700 4153 2904 999 
9186 4 0 2819 3267 2286 1063 
9187 4 0 858 2874 4590 2719 
9188 4 0 817 4311 3181 4336 
9189 4 0 2307 4210 1877 3336 
9190 4 0 3804 4037 2016 3925 
9191 4 0 919 3048 1286 4297 
9192 4 0 2236 2449 2872 3043 
9193 4 0 2268 3579 2256 490 
9194 4 0 3579 2870 490 2268 
9195 4 0 2843 3806 2319 3824 
9196 4 0 2951 3133 1120 565 
9197 4 0 1120 2951 565 4089 
9198 4 0 1969 2336 4277 3440 
9199 4 0 2479 3913 709 2300 
9200 4 0 4612 1229 3635 78 
9201 4 0 4001 1380 3857 1043 
9202 4 0 3512 3432 299 284 
9203 4 0 3752 2753 946 3606 
9204 4 0 3698 2400 3199 2790 
9205 4 0 3698 2632 3199 2400 
9206 4 0 2736 2707 911 3500 
9207 4 0 3537 3021 1245 510 
9208 4 0 2134 1680 3174 3522 
9209 4 0 66 4061 370 1446 
9210 4 0 66 4061 1446 3901 
9211 4 0 2915 1118 4427 1531 
9212 4 0 1890 2915 1531 3463 
9213 4 0 3125 813 2949 468 
9214 4 0 801 3619 1766 2222 
9215 4 0 2906 379 3125 468 
9216 4 0 416 2802 404 422 
9217 4 0 3927 3364 2855 3468 
9218 4 0 629 118 93 3227 
9219 4 0 435 293 3300 318 
9220 4 0 2944 845 562 840 
9221 4 0 652 3508 2169 2991 
9222 4 0 652 929 2169 3508 
9223 4 0 2911 2392 929 2169 
9224 4 0 3675 3300 435 293 
9225 4 0 3969 3820 3657 4195 
9226 4 0 805 3221 810 1676 
9227 4 0 1019 3964 4272 2798 
9228 4 0 1260 705 3309 2557 
9229 4 0 4199 3123 1670 567 
9230 4 0 3123 1482 567 4199 
9231 4 0 4402 1482 3123 4199 
9232 4 0 884 3563 1494 4172 
9233 4 0 1010 4076 2450 1897 
9234 4 0 2669 3263 3722 1384 
9235 4 0 1160 3722 3263 1384 
9236 4 0 1499 3563 1494 884 
9237 4 0 1206 2664 3760 3487 
9238 4 0 1188 2833 643 2663 
9239 4 0 2664 3487 1206 972 
9240 4 0 3833 2608 3210 2314 
9241 4 0 3833 3210 3926 869 
9242 4 0 4296 3833 4040 2608 
9243 4 0 642 3048 2273 2422 
9244 4 0 2175 2425 1252 2522 
9245 4 0 3773 2219 913 1474 
9246 4 0 2759 2787 4248 1280 
9247 4 0 1372 2541 2291 1378 
9248 4 0 2333 2913 1785 1973 
9249 4 0 3224 3132 2250 3103 
9250 4 0 2250 3193 393 3132 
9251 4 0 937 2541 2291 50 
9252 4 0 3893 1489 2386 455 
9253 4 0 879 2989 878 3692 
9254 4 0 510 2462 2426 2856 
9255 4 0 2010 3413 2260 374 
9256 4 0 2821 905 3637 925 
9257 4 0 3274 3185 956 4142 
9258 4 0 2949 3643 3829 1476 
9259 4 0 3151 4185 3808 2526 
9260 4 0 3294 1426 3916 1302 
9261 4 0 76 2971 551 68 
9262 4 0 4261 1980 3944 4017 
9263 4 0 2247 678 2626 3403 
9264 4 0 2247 3403 2626 3317 
9265 4 0 3234 1210 788 786 
9266 4 0 3093 822 1500 3734 
9267 4 0 904 688 932 578 
9268 4 0 629 118 3227 136 
9269 4 0 2506 2954 3046 860 
9270 4 0 1924 2954 2506 860 
9271 4 0 3929 4231 498 3774 
9272 4 0 4281 3345 2307 1689 
9273 4 0 3470 3152 1999 3191 
9274 4 0 690 1999 3152 3191 
9275 4 0 2307 4059 4210 3336 
9276 4 0 889 4059 4210 2307 
9277 4 0 2858 3542 1958 473 
9278 4 0 1526 3379 2176 2584 
9279 4 0 2272 4392 2534 4388 
9280 4 0 3561 2983 607 1242 
9281 4 0 3093 3670 607 4030 
9282 4 0 2944 2029 845 2109 
9283 4 0 4189 796 4053 1180 
9284 4 0 1641 1639 4314 1180 
9285 4 0 4071 2414 1548 2788 
9286 4 0 2273 1512 1504 2332 
9287 4 0 4145 1498 4040 2193 
9288 4 0 690 3191 3152 4517 
9289 4 0 2468 991 1805 964 
9290 4 0 2992 584 1723 2688 
9291 4 0 1496 1108 1578 2265 
9292 4 0 2665 1572 1092 1091 
9293 4 0 2574 3424 1092 2665 
9294 4 0 852 3698 3447 2819 
9295 4 0 2272 4388 4414 3054 
9296 4 0 4134 3676 4136 872 
9297 4 0 4388 2272 4414 2496 
9298 4 0 3343 566 1808 3526 
9299 4 0 3037 3056 4270 1712 
9300 4 0 385 2603 713 1377 
9301 4 0 3261 1882 1921 3641 
9302 4 0 3641 4138 4139 2126 
9303 4 0 2074 2889 1073 1238 
9304 4 0 3194 1238 2542 1073 
9305 4 0 3371 1986 4477 3055 
9306 4 0 2950 1377 3055 4477 
9307 4 0 3565 1331 3055 420 
9308 4 0 498 451 2348 1117 
9309 4 0 1284 4268 3741 625 
9310 4 0 3099 2925 3725 4340 
9311 4 0 2925 3190 3725 4340 
9312 4 0 3565 2922 1636 713 
9313 4 0 102 125 2649 3770 
9314 4 0 3664 2754 4582 2399 
9315 4 0 3384 125 3770 2649 
9316 4 0 894 4029 892 3351 
9317 4 0 3601 894 892 3351 
9318 4 0 1583 2953 409 1474 
9319 4 0 3957 1864 1863 733 
9320 4 0 4543 1864 1863 3957 
9321 4 0 1565 3215 1075 3752 
9322 4 0 2468 2797 4341 964 
9323 4 0 4042 647 3365 2809 
9324 4 0 2578 2683 3376 3401 
9325 4 0 4302 3517 395 784 
9326 4 0 656 4565 3410 2531 
9327 4 0 784 3517 1393 4302 
9328 4 0 784 395 4302 1079 
9329 4 0 1376 1424 3410 656 
9330 4 0 1489 3070 3893 2856 
9331 4 0 1427 2548 2336 493 
9332 4 0 3096 3044 3985 4545 
9333 4 0 1033 3991 2508 3066 
9334 4 0 3857 1383 1045 4301 
9335 4 0 3148 3205 4085 3360 
9336 4 0 1886 623 2714 4057 
9337 4 0 2061 1235 530 466 
9338 4 0 2752 1524 3776 2441 
9339 4 0 1524 3776 2441 3797 
9340 4 0 2236 705 2872 3309 
9341 4 0 4458 1642 4100 4069 
9342 4 0 2851 2194 914 528 
9343 4 0 3834 2276 1895 497 
9344 4 0 1592 3642 3245 2650 
9345 4 0 3245 2650 2136 1592 
9346 4 0 1977 512 1559 3199 
9347 4 0 3015 2686 380 4260 
9348 4 0 3570 4074 1040 3412 
9349 4 0 2436 741 1643 3201 
9350 4 0 3004 2085 2985 2071 
9351 4 0 2743 2985 2085 664 
9352 4 0 1061 2169 526 1354 
9353 4 0 1061 1354 389 2169 
9354 4 0 3004 2085 2743 2985 
9355 4 0 892 3601 3351 3506 
9356 4 0 472 3290 3664 4548 
9357 4 0 2549 2638 3377 4066 
9358 4 0 878 3283 2247 2226 
9359 4 0 2277 550 4124 2712 
9360 4 0 2364 2989 2226 878 
9361 4 0 4124 2277 2735 550 
9362 4 0 2686 3205 1797 660 
9363 4 0 1299 378 734 1943 
9364 4 0 1299 1943 1564 378 
9365 4 0 3132 247 3224 221 
9366 4 0 2765 2251 1897 3262 
9367 4 0 3984 554 4264 3295 
9368 4 0 2199 247 2195 3132 
9369 4 0 1344 3537 3838 4234 
9370 4 0 2781 3777 4334 453 
9371 4 0 453 4334 3699 3777 
9372 4 0 4225 940 936 392 
9373 4 0 4371 3461 840 846 
9374 4 0 329 2689 2356 315 
9375 4 0 2421 2719 2815 858 
9376 4 0 4590 411 285 3225 
9377 4 0 2349 3513 2025 2104 
9378 4 0 1183 85 3850 2363 
9379 4 0 3374 85 2363 3850 
9380 4 0 1542 357 2193 3666 
9381 4 0 1196 1560 140 2781 
9382 4 0 4136 4112 1749 872 
9383 4 0 2062 3466 2440 2842 
9384 4 0 2023 2522 1261 2557 
9385 4 0 722 2274 726 727 
9386 4 0 3500 4424 3059 3495 
9387 4 0 111 3080 4190 1171 
9388 4 0 2365 841 2327 26 
9389 4 0 26 2365 2758 2327 
9390 4 0 3243 2021 2435 2331 
9391 4 0 3244 4602 3342 4292 
9392 4 0 1833 608 1239 1622 
9393 4 0 3881 732 2219 3773 
9394 4 0 732 3881 2219 2000 
9395 4 0 2856 3021 1355 510 
9396 4 0 2994 3455 1216 375 
9397 4 0 2088 1814 3225 2421 
9398 4 0 712 3721 3830 1489 
9399 4 0 3342 3830 1013 1323 
9400 4 0 712 3721 1489 2352 
9401 4 0 2072 2223 379 3605 
9402 4 0 2981 2205 2585 3424 
9403 4 0 3215 1476 3643 1565 
9404 4 0 953 3643 3215 1824 
9405 4 0 2607 2307 3703 4281 
9406 4 0 4281 1877 4286 2607 
9407 4 0 2307 3345 4281 1877 
9408 4 0 1841 2954 4237 4201 
9409 4 0 3648 4101 4087 1543 
9410 4 0 1030 4087 3648 4193 
9411 4 0 373 2999 1628 1210 
9412 4 0 4193 3183 1030 4087 
9413 4 0 1210 1457 793 1628 
9414 4 0 3216 3046 4237 1841 
9415 4 0 1816 1872 3928 2738 
9416 4 0 2738 2764 1816 1872 
9417 4 0 1013 3244 3830 3342 
9418 4 0 3194 3155 1283 1526 
9419 4 0 2542 3743 1238 3155 
9420 4 0 3743 1283 1238 3155 
9421 4 0 1226 74 2794 2254 
9422 4 0 3714 74 1226 2254 
9423 4 0 143 3629 3355 3786 
9424 4 0 2914 1716 1299 3338 
9425 4 0 397 3834 2708 3299 
9426 4 0 1953 530 466 2061 
9427 4 0 1039 4287 3220 3348 
9428 4 0 3422 3348 1039 3220 
9429 4 0 578 3362 904 903 
9430 4 0 3256 1581 3867 712 
9431 4 0 2929 1047 212 194 
9432 4 0 1107 1047 2929 194 
9433 4 0 186 2829 4446 524 
9434 4 0 524 4446 1094 4469 
9435 4 0 2253 3463 3178 4338 
9436 4 0 2412 4336 4016 3114 
9437 4 0 2412 4280 4336 3114 
9438 4 0 432 477 3188 334 
9439 4 0 3188 334 477 344 
9440 4 0 2109 2944 2029 2119 
9441 4 0 696 562 2298 3457 
9442 4 0 3070 1599 3751 751 
9443 4 0 1599 3729 751 3070 
9444 4 0 308 413 4109 436 
9445 4 0 436 3773 4109 325 
9446 4 0 716 3983 2937 4289 
9447 4 0 208 4446 524 186 
9448 4 0 1988 542 1363 638 
9449 4 0 3628 2316 2103 1970 
9450 4 0 2314 3628 2316 893 
9451 4 0 4034 4010 3406 3801 
9452 4 0 2211 2401 687 2431 
9453 4 0 3220 3869 3724 2039 
9454 4 0 1988 783 2174 2643 
9455 4 0 2028 2831 2439 2300 
9456 4 0 386 3555 4233 2028 
9457 4 0 3579 2406 4167 4005 
9458 4 0 4304 286 2895 412 
9459 4 0 412 1327 286 2895 
9460 4 0 4152 467 2368 2665 
9461 4 0 3608 2652 448 3223 
9462 4 0 736 190 4215 218 
9463 4 0 505 3480 3657 1059 
9464 4 0 3910 3323 2646 3504 
9465 4 0 2121 4484 1051 1052 
9466 4 0 4205 2594 4390 3489 
9467 4 0 2805 2609 1346 3068 
9468 4 0 2805 1346 1889 1605 
9469 4 0 4178 2805 1605 3068 
9470 4 0 1051 1052 921 2121 
9471 4 0 3571 4484 2121 1052 
9472 4 0 1728 927 3309 2170 
9473 4 0 2515 1700 2554 4387 
9474 4 0 1528 2861 2170 3309 
9475 4 0 630 3224 271 247 
9476 4 0 630 247 221 3224 
9477 4 0 774 3021 4067 2856 
9478 4 0 2086 3430 774 3021 
9479 4 0 2662 2134 380 3174 
9480 4 0 3618 2722 2213 422 
9481 4 0 850 66 81 2052 
9482 4 0 1034 4148 2924 487 
9483 4 0 1230 3262 2251 2004 
9484 4 0 2052 81 3754 66 
9485 4 0 1034 3790 3262 2924 
9486 4 0 58 66 2052 3754 
9487 4 0 478 2929 2749 1025 
9488 4 0 2453 3274 77 82 
9489 4 0 4428 4426 4415 1890 
9490 4 0 3630 93 106 4147 
9491 4 0 3496 2197 2575 986 
9492 4 0 2786 1211 2518 941 
9493 4 0 1211 1212 941 2786 
9494 4 0 2518 2786 4287 1211 
9495 4 0 1216 2994 2827 2389 
9496 4 0 4170 3202 2310 944 
9497 4 0 3003 2707 4170 2310 
9498 4 0 3061 93 118 3227 
9499 4 0 2758 600 2327 4372 
9500 4 0 3177 548 4281 866 
9501 4 0 1591 4002 4542 2099 
9502 4 0 4428 4415 2148 2540 
9503 4 0 3546 2148 4415 2540 
9504 4 0 2326 2223 2841 2930 
9505 4 0 2223 2326 3643 2930 
9506 4 0 2841 2930 2223 954 
9507 4 0 3016 2841 2326 1180 
9508 4 0 2792 2242 1514 3298 
9509 4 0 1217 3486 3965 2927 
9510 4 0 444 655 3230 2564 
9511 4 0 2417 2435 3856 2401 
9512 4 0 925 4361 2994 2382 
9513 4 0 796 4189 1651 4294 
9514 4 0 796 4189 4053 1651 
9515 4 0 3539 3363 646 3989 
9516 4 0 3539 646 3363 3402 
9517 4 0 17 533 847 2511 
9518 4 0 369 628 3591 2782 
9519 4 0 628 3588 3591 2782 
9520 4 0 3067 1591 4002 1863 
9521 4 0 1863 4002 3067 1348 
9522 4 0 1849 2263 3164 4211 
9523 4 0 3342 1062 4602 816 
9524 4 0 3619 3291 4117 1357 
9525 4 0 2699 2073 1535 762 
9526 4 0 1357 4117 3619 3018 
9527 4 0 3244 816 3342 4602 
9528 4 0 4360 935 936 206 
9529 4 0 2098 2635 1925 3893 
9530 4 0 4514 1427 1279 4176 
9531 4 0 1164 942 3372 661 
9532 4 0 1493 2552 3041 4435 
9533 4 0 2947 1303 654 2391 
9534 4 0 2850 2319 3386 2925 
9535 4 0 3824 2319 2925 3806 
9536 4 0 1592 1308 3306 2864 
9537 4 0 1528 1236 2803 2557 
9538 4 0 2864 3169 2442 3245 
9539 4 0 4167 3528 4489 4005 
9540 4 0 3142 2972 1870 2182 
9541 4 0 307 322 3458 2429 
9542 4 0 307 432 322 2429 
9543 4 0 2251 2225 3588 2004 
9544 4 0 4460 427 1659 470 
9545 4 0 2426 1355 426 510 
9546 4 0 1617 3062 2107 3243 
9547 4 0 3374 3850 2363 3770 
9548 4 0 3612 3079 3056 4023 
9549 4 0 2706 1511 1182 2437 
9550 4 0 2458 2372 1664 2525 
9551 4 0 1731 4129 2332 3120 
9552 4 0 3244 4602 4475 3033 
9553 4 0 2332 3120 1512 1504 
9554 4 0 4039 2060 3832 3920 
9555 4 0 206 230 4272 4360 
9556 4 0 4360 2798 4272 206 
9557 4 0 3440 492 2336 560 
9558 4 0 2781 1023 3450 453 
9559 4 0 3669 3589 2565 2495 
9560 4 0 3929 3013 3715 994 
9561 4 0 1111 3084 2317 758 
9562 4 0 3084 758 2345 1881 
9563 4 0 3369 496 3084 758 
9564 4 0 374 2073 2260 1683 
9565 4 0 611 1022 4327 612 
9566 4 0 3830 3244 3070 1194 
9567 4 0 2665 1969 2444 2127 
9568 4 0 2525 3464 689 963 
9569 4 0 432 3675 2292 858 
9570 4 0 3357 525 2256 2085 
9571 4 0 383 3355 2616 860 
9572 4 0 3149 3247 3362 747 
9573 4 0 3265 1356 2729 2010 
9574 4 0 3880 3106 3525 2993 
9575 4 0 2465 2322 4406 3248 
9576 4 0 2238 4098 2370 3035 
9577 4 0 4098 3164 3035 2238 
9578 4 0 4384 4128 4385 383 
9579 4 0 4385 4384 383 877 
9580 4 0 2307 3113 3213 3336 
9581 4 0 3155 3904 3379 2973 
9582 4 0 3788 881 1388 1978 
9583 4 0 666 1047 3026 2929 
9584 4 0 456 2929 455 3443 
9585 4 0 1047 456 2929 666 
9586 4 0 1377 1539 3473 1986 
9587 4 0 3458 322 3380 2429 
9588 4 0 3473 913 2670 1986 
9589 4 0 4366 3106 561 2547 
9590 4 0 1082 1086 3083 3342 
9591 4 0 1082 1086 3342 4459 
9592 4 0 2689 2244 1418 398 
9593 4 0 2689 329 2744 340 
9594 4 0 2319 2867 2072 3806 
9595 4 0 2511 2799 1266 533 
9596 4 0 2879 3985 951 3044 
9597 4 0 950 3506 3351 3601 
9598 4 0 2366 2255 2543 1999 
9599 4 0 3035 2918 336 2979 
9600 4 0 2879 3444 951 4191 
9601 4 0 3939 2321 926 2911 
9602 4 0 1246 2321 1561 3939 
9603 4 0 506 2321 926 3939 
9604 4 0 3939 2169 1246 2911 
9605 4 0 3507 2889 617 3467 
9606 4 0 3210 2175 1261 2522 
9607 4 0 2926 2698 2437 2332 
9608 4 0 2527 1548 2788 1661 
9609 4 0 1661 1548 2788 4463 
9610 4 0 3623 2446 2313 2533 
9611 4 0 3710 165 3441 3384 
9612 4 0 2477 2858 1783 1407 
9613 4 0 3384 3441 125 165 
9614 4 0 3384 3441 3770 125 
9615 4 0 1331 3775 2556 3760 
9616 4 0 455 2386 3778 3389 
9617 4 0 1735 2298 3427 2430 
9618 4 0 2905 2356 3298 1407 
9619 4 0 2770 2135 3264 958 
9620 4 0 2770 2135 958 3415 
9621 4 0 2578 2683 855 3376 
9622 4 0 835 3376 2578 855 
9623 4 0 2869 2835 2828 3130 
9624 4 0 2645 1392 3285 3659 
9625 4 0 1392 3659 2645 1339 
9626 4 0 2219 1474 2445 913 
9627 4 0 1474 4532 2670 913 
9628 4 0 4540 1474 913 4532 
9629 4 0 2551 3032 1291 719 
9630 4 0 1117 2699 2348 498 
9631 4 0 498 2699 2154 1117 
9632 4 0 2312 48 3303 3339 
9633 4 0 2924 487 2451 2765 
9634 4 0 2739 3946 1358 2379 
9635 4 0 931 2440 3668 3520 
9636 4 0 1515 2475 4527 3529 
9637 4 0 2377 837 3864 1 
9638 4 0 3802 3846 573 3838 
9639 4 0 3367 4429 2615 2605 
9640 4 0 3755 2321 926 506 
9641 4 0 3272 338 348 4331 
9642 4 0 1661 2788 4549 2755 
9643 4 0 3087 1569 1538 1330 
9644 4 0 3197 922 2243 2550 
9645 4 0 2381 859 1589 3545 
9646 4 0 4307 3851 3555 3992 
9647 4 0 2647 3394 2263 2766 
9648 4 0 2263 3394 2647 4211 
9649 4 0 3256 3070 3721 2352 
9650 4 0 2352 3256 1888 3684 
9651 4 0 452 3609 3284 2510 
9652 4 0 452 2711 3609 2510 
9653 4 0 1715 3976 2284 3396 
9654 4 0 3396 3976 2284 3338 
9655 4 0 1399 3172 3801 2009 
9656 4 0 1464 3984 3747 3698 
9657 4 0 2437 1182 2706 918 
9658 4 0 2401 3406 2435 4010 
9659 4 0 3267 1965 3167 2819 
9660 4 0 3389 2386 4583 4247 
9661 4 0 4169 3482 587 2287 
9662 4 0 3329 1864 917 3638 
9663 4 0 2171 811 3608 2892 
9664 4 0 2157 3993 1468 2216 
9665 4 0 558 2157 1468 1467 
9666 4 0 3257 1468 1334 2216 
9667 4 0 604 3468 900 2505 
9668 4 0 2314 2316 3468 893 
9669 4 0 2315 2276 1895 3834 
9670 4 0 4403 2202 2774 2001 
9671 4 0 1895 1853 511 1967 
9672 4 0 3707 4214 3901 58 
9673 4 0 4024 3160 3864 3979 
9674 4 0 2276 511 390 2432 
9675 4 0 2276 2315 511 1306 
9676 4 0 2220 2276 1306 2315 
9677 4 0 728 720 1287 2946 
9678 4 0 728 2946 2588 1403 
9679 4 0 3259 2306 3432 310 
9680 4 0 3157 3644 1463 724 
9681 4 0 3293 3644 1463 3538 
9682 4 0 2511 4373 600 1266 
9683 4 0 3754 11 2052 20 
9684 4 0 30 3754 4212 20 
9685 4 0 1022 3679 612 611 
9686 4 0 1540 3181 1323 527 
9687 4 0 1540 3181 712 1323 
9688 4 0 2101 2387 1120 373 
9689 4 0 2130 2106 363 3545 
9690 4 0 3027 1880 2206 3392 
9691 4 0 3694 95 99 1885 
9692 4 0 3694 1885 99 3852 
9693 4 0 2816 2734 2182 698 
9694 4 0 70 2116 1506 2777 
9695 4 0 3069 1506 2261 2777 
9696 4 0 2573 1264 3428 3922 
9697 4 0 2573 1264 437 3428 
9698 4 0 2248 2639 3626 2285 
9699 4 0 1294 3278 682 220 
9700 4 0 2222 2181 2275 2704 
9701 4 0 2446 763 2101 1167 
9702 4 0 1383 880 3582 3046 
9703 4 0 567 2512 3698 2400 
9704 4 0 3278 1294 682 2937 
9705 4 0 926 2911 2373 3357 
9706 4 0 567 2218 2790 2697 
9707 4 0 2697 567 1482 2790 
9708 4 0 842 2406 2256 1251 
9709 4 0 4066 2638 2522 2557 
9710 4 0 2213 1136 4570 516 
9711 4 0 4361 1683 375 1874 
9712 4 0 1020 392 3112 2390 
9713 4 0 2269 2364 2343 1598 
9714 4 0 4464 3537 1343 1344 
9715 4 0 1343 936 206 1344 
9716 4 0 3294 654 1302 3916 
9717 4 0 2296 75 2271 1884 
9718 4 0 3760 3565 1264 2414 
9719 4 0 524 1094 4446 208 
9720 4 0 2556 1331 3760 420 
9721 4 0 3990 524 1094 4198 
9722 4 0 3287 3922 3428 2556 
9723 4 0 1901 4013 4112 3763 
9724 4 0 3427 3454 2644 1567 
9725 4 0 3454 2644 4598 3427 
9726 4 0 3010 2993 2547 4255 
9727 4 0 4042 3289 4429 2334 
9728 4 0 4429 3289 3475 2334 
9729 4 0 2122 2003 3073 835 
9730 4 0 990 3509 3605 997 
9731 4 0 997 3509 3605 745 
9732 4 0 2276 3934 3083 3183 
9733 4 0 4008 4217 4015 870 
9734 4 0 4502 4265 3131 4018 
9735 4 0 4265 2655 2596 2164 
9736 4 0 90 3723 1386 3382 
9737 4 0 3441 1997 2059 1099 
9738 4 0 1997 3816 3292 4378 
9739 4 0 1972 3353 3841 3603 
9740 4 0 1972 3841 3353 2068 
9741 4 0 2406 4167 2085 2916 
9742 4 0 2256 2406 2085 2916 
9743 4 0 2066 1074 1569 1171 
9744 4 0 4439 1569 1074 1171 
9745 4 0 3294 4172 654 3916 
9746 4 0 1586 1302 3294 2043 
9747 4 0 2043 1302 3294 654 
9748 4 0 2466 2292 2874 432 
9749 4 0 184 4113 2432 1179 
9750 4 0 1597 2999 3326 3667 
9751 4 0 2543 2585 3152 4169 
9752 4 0 550 4168 3398 2712 
9753 4 0 99 116 2087 611 
9754 4 0 1340 753 828 3917 
9755 4 0 3114 2361 3917 4016 
9756 4 0 3287 3428 3922 1390 
9757 4 0 828 1340 3917 430 
9758 4 0 1780 2708 4047 3299 
9759 4 0 1700 3060 3326 2612 
9760 4 0 1597 3326 3060 2612 
9761 4 0 2050 1667 2814 4344 
9762 4 0 1260 2236 3399 3309 
9763 4 0 3301 708 3856 1431 
9764 4 0 3468 3567 900 2505 
9765 4 0 2972 3651 3553 3239 
9766 4 0 2291 3274 1372 1996 
9767 4 0 956 3274 2291 1996 
9768 4 0 2780 3321 2892 3404 
9769 4 0 1179 774 1245 1522 
9770 4 0 2944 1607 2029 2119 
9771 4 0 3236 2745 992 4011 
9772 4 0 555 1894 2175 1253 
9773 4 0 555 602 1894 1253 
9774 4 0 3922 1264 3760 3277 
9775 4 0 2413 4288 410 3459 
9776 4 0 357 1815 3666 345 
9777 4 0 3842 1193 3444 3053 
9778 4 0 1094 224 3990 1615 
9779 4 0 1638 3990 1963 224 
9780 4 0 1383 3046 3582 1841 
9781 4 0 1841 3216 3046 3582 
9782 4 0 3659 1257 1889 3451 
9783 4 0 3016 2137 2025 1413 
9784 4 0 3566 2298 4423 562 
9785 4 0 4423 2968 3566 46 
9786 4 0 1215 1182 2261 2184 
9787 4 0 837 4212 2052 20 
9788 4 0 848 14 23 369 
9789 4 0 1159 2405 369 14 
9790 4 0 14 848 2405 369 
9791 4 0 14 369 1159 23 
9792 4 0 528 529 3955 2194 
9793 4 0 2194 3955 2829 529 
9794 4 0 2512 3447 3698 2400 
9795 4 0 1219 950 479 2003 
9796 4 0 3638 1347 508 507 
9797 4 0 4266 2714 2362 3392 
9798 4 0 430 2424 1998 3612 
9799 4 0 2586 2636 2101 568 
9800 4 0 2101 4363 2446 568 
9801 4 0 3181 2412 4336 4016 
9802 4 0 3328 1275 658 3803 
9803 4 0 3328 1500 1275 3803 
9804 4 0 2344 835 479 2122 
9805 4 0 3307 4229 1855 2152 
9806 4 0 3535 2152 3307 2833 
9807 4 0 3307 3535 4229 2152 
9808 4 0 1197 4527 2475 4133 
9809 4 0 3846 2426 2976 3161 
9810 4 0 1603 3846 3161 2595 
9811 4 0 687 3109 4368 748 
9812 4 0 667 3009 3854 455 
9813 4 0 651 1248 4171 2220 
9814 4 0 2412 4280 4454 817 
9815 4 0 3816 1997 3292 1099 
9816 4 0 4228 4280 4454 2412 
9817 4 0 3990 224 3735 259 
9818 4 0 4293 367 2619 2553 
9819 4 0 383 4197 877 2616 
9820 4 0 1090 2815 3809 300 
9821 4 0 1322 2989 2923 3313 
9822 4 0 2923 2419 1322 3313 
9823 4 0 4357 2056 4221 1625 
9824 4 0 2330 3476 2881 88 
9825 4 0 2645 4556 3207 3385 
9826 4 0 163 4323 187 1134 
9827 4 0 2645 3207 3285 3356 
9828 4 0 10 3235 533 2511 
9829 4 0 841 17 847 2511 
9830 4 0 3946 1312 2379 541 
9831 4 0 541 1786 3946 1312 
9832 4 0 3050 2601 1583 3628 
9833 4 0 2219 1970 2445 1583 
9834 4 0 676 2813 2186 2454 
9835 4 0 2757 2425 493 1140 
9836 4 0 2085 3525 2916 664 
9837 4 0 1453 3146 4261 4017 
9838 4 0 4017 4444 1453 3146 
9839 4 0 3411 3302 2318 2700 
9840 4 0 3302 2318 1608 3411 
9841 4 0 3288 2510 452 3284 
9842 4 0 2569 2218 979 2622 
9843 4 0 4173 3921 91 2808 
9844 4 0 3846 1747 2798 2390 
9845 4 0 1020 392 938 3242 
9846 4 0 3711 3025 2534 979 
9847 4 0 2643 2297 2534 3025 
9848 4 0 91 3921 3586 2808 
9849 4 0 4133 2259 1197 3101 
9850 4 0 100 3476 4298 88 
9851 4 0 696 1700 3326 4394 
9852 4 0 1700 696 4387 4394 
9853 4 0 428 486 2259 2551 
9854 4 0 1700 2554 696 3060 
9855 4 0 1004 2882 2475 4451 
9856 4 0 510 2856 2426 1355 
9857 4 0 737 3248 2705 2962 
9858 4 0 1645 2795 3236 2745 
9859 4 0 3694 3852 99 611 
9860 4 0 4216 390 985 205 
9861 4 0 2778 4036 330 2684 
9862 4 0 2778 341 330 4036 
9863 4 0 3036 2312 2051 1923 
9864 4 0 1155 2312 2820 3036 
9865 4 0 3337 3382 965 4233 
9866 4 0 3338 2284 1102 1716 
9867 4 0 1102 3338 3396 2284 
9868 4 0 1854 2353 1855 3894 
9869 4 0 1917 3654 3206 3087 
9870 4 0 3249 2646 902 3504 
9871 4 0 424 4064 3211 2675 
9872 4 0 3249 902 4220 3504 
9873 4 0 4323 3156 1789 3450 
9874 4 0 814 1561 506 3861 
9875 4 0 3846 573 4462 3161 
9876 4 0 2111 377 2639 2584 
9877 4 0 2798 3964 4272 2318 
9878 4 0 2318 2798 3964 3150 
9879 4 0 586 587 2455 577 
9880 4 0 3323 3504 3910 2688 
9881 4 0 2646 3504 4518 902 
9882 4 0 3323 3504 4518 2646 
9883 4 0 2933 1160 3722 375 
9884 4 0 3410 2531 4562 2826 
9885 4 0 3595 833 2158 1003 
9886 4 0 1890 2686 2987 2915 
9887 4 0 630 227 3319 209 
9888 4 0 227 3319 252 630 
9889 4 0 3319 3224 252 630 
9890 4 0 630 3224 252 271 
9891 4 0 2869 3146 4144 4452 
9892 4 0 3320 3111 3727 3180 
9893 4 0 2861 927 2170 3309 
9894 4 0 2667 1182 2311 3708 
9895 4 0 151 4225 129 934 
9896 4 0 3182 473 2282 3542 
9897 4 0 3182 1321 3542 2282 
9898 4 0 1019 1020 1495 2798 
9899 4 0 592 3793 873 2919 
9900 4 0 3561 2983 1421 3835 
9901 4 0 796 1180 4314 4053 
9902 4 0 2995 1200 2407 2825 
9903 4 0 1639 4314 1180 4053 
9904 4 0 2829 4365 2194 529 
9905 4 0 2708 949 3834 2315 
9906 4 0 1505 107 130 3306 
9907 4 0 3224 3132 221 2250 
9908 4 0 3193 3132 2250 221 
9909 4 0 1015 2642 2693 4528 
9910 4 0 3003 1240 2297 2736 
9911 4 0 2913 1909 2693 4528 
9912 4 0 222 576 1220 2829 
9913 4 0 3025 3711 1538 3087 
9914 4 0 3025 3711 2643 1538 
9915 4 0 2534 3711 2643 3025 
9916 4 0 4396 3054 2272 4414 
9917 4 0 3614 3789 3679 3255 
9918 4 0 3504 4518 902 4220 
9919 4 0 1546 3243 1839 1186 
9920 4 0 4562 1590 2531 2617 
9921 4 0 2760 2745 2705 1645 
9922 4 0 247 3341 221 3132 
9923 4 0 4134 2642 3101 2163 
9924 4 0 1197 3101 2163 2802 
9925 4 0 3341 3193 221 3132 
9926 4 0 2622 2230 4271 1808 
9927 4 0 3131 4502 4557 3417 
9928 4 0 4502 3131 4265 3417 
9929 4 0 3046 3416 880 3582 
9930 4 0 46 840 562 32 
9931 4 0 1483 1918 709 3960 
9932 4 0 3705 2919 2134 874 
9933 4 0 679 2059 3078 2857 
9934 4 0 326 3432 2587 310 
9935 4 0 326 3259 3432 310 
9936 4 0 4490 3177 1690 2838 
9937 4 0 2694 2187 3836 3859 
9938 4 0 3165 3793 592 1680 
9939 4 0 592 1680 1830 3165 
9940 4 0 239 4530 4261 263 
9941 4 0 705 2170 2557 1635 
9942 4 0 1508 1506 2777 70 
9943 4 0 1508 3423 2977 2777 
9944 4 0 2550 2593 2668 1681 
9945 4 0 3922 1206 2664 3760 
9946 4 0 3257 2157 1468 2216 
9947 4 0 3036 2820 2051 2312 
9948 4 0 2996 3959 2646 3038 
9949 4 0 1581 3948 3867 4092 
9950 4 0 2335 859 777 2381 
9951 4 0 1581 3867 3948 1846 
9952 4 0 1846 1581 3867 3684 
9953 4 0 2750 1695 3628 1192 
9954 4 0 893 3628 1125 1192 
9955 4 0 2103 3628 1125 893 
9956 4 0 484 1355 2426 425 
9957 4 0 3290 4582 2399 3664 
9958 4 0 3565 1974 1377 710 
9959 4 0 2732 2214 3641 4139 
9960 4 0 3878 1173 967 2682 
9961 4 0 2682 3878 3865 967 
9962 4 0 3876 3333 2044 3541 
9963 4 0 2877 2493 3973 962 
9964 4 0 688 2493 578 962 
9965 4 0 1330 3087 4285 2594 
9966 4 0 567 1482 3732 381 
9967 4 0 3929 3361 994 3715 
9968 4 0 2355 1805 2797 2468 
9969 4 0 2051 2261 1215 2311 
9970 4 0 3333 2410 3876 2054 
9971 4 0 3490 3952 3334 3375 
9972 4 0 726 3952 2274 3334 
9973 4 0 2445 913 1474 2670 
9974 4 0 1275 2983 3093 3337 
9975 4 0 3189 3755 550 2373 
9976 4 0 1722 1090 2847 3091 
9977 4 0 3987 544 701 662 
9978 4 0 1794 488 4187 2807 
9979 4 0 2838 1691 1690 4494 
9980 4 0 3363 1299 1126 3533 
9981 4 0 1647 2946 2722 728 
9982 4 0 3341 3132 247 2199 
9983 4 0 1979 3248 2705 737 
9984 4 0 1644 3313 2499 2535 
9985 4 0 4530 4261 4017 239 
9986 4 0 2152 2353 1855 643 
9987 4 0 4089 2387 1702 1701 
9988 4 0 4089 1701 1702 4391 
9989 4 0 702 2893 2816 3519 
9990 4 0 2387 1809 1702 1701 
9991 4 0 611 3945 3727 612 
9992 4 0 4140 3272 2445 1970 
9993 4 0 3271 3272 4140 1970 
9994 4 0 2214 3261 487 2765 
9995 4 0 2214 1469 3261 2251 
9996 4 0 3118 2820 3036 4068 
9997 4 0 739 743 3333 742 
9998 4 0 3963 2995 3333 742 
9999 4 0 2415 2858 1339 2133 
10000 4 0 3296 1276 2346 3561 
10001 4 0 426 3161 4462 3782 
10002 4 0 2701 2112 1891 2155 
10003 4 0 1476 1168 2212 1169 
10004 4 0 2396 1476 2297 2949 
10005 4 0 794 2747 3562 2222 
10006 4 0 3415 461 2036 3618 
10007 4 0 2689 644 415 443 
10008 4 0 3076 2717 4558 2381 
10009 4 0 2817 2052 4212 58 
10010 4 0 442 3578 305 2077 
10011 4 0 774 3021 3430 4067 
10012 4 0 4208 3674 2766 3153 
10013 4 0 3674 1985 2403 2931 
10014 4 0 3488 3265 2465 4407 
10015 4 0 1355 484 3782 470 
10016 4 0 4332 2937 3128 682 
10017 4 0 2663 2628 642 1184 
10018 4 0 4430 2663 1184 3961 
10019 4 0 2338 378 1717 3426 
10020 4 0 2937 682 4227 3128 
10021 4 0 3610 3661 1827 1632 
10022 4 0 2803 2861 1528 3309 
10023 4 0 2023 2536 1613 2680 
10024 4 0 3136 484 3782 2976 
10025 4 0 484 470 3136 3782 
10026 4 0 2301 2363 3169 3770 
10027 4 0 2830 2206 918 2626 
10028 4 0 419 4456 3342 1642 
10029 4 0 382 1180 552 3016 
10030 4 0 581 2088 2974 4515 
10031 4 0 3101 2259 4524 4133 
10032 4 0 3101 2802 1197 4527 
10033 4 0 1403 2875 1650 2939 
10034 4 0 2791 579 2461 2560 
10035 4 0 733 3329 917 508 
10036 4 0 3329 1864 733 917 
10037 4 0 4279 2844 3440 560 
10038 4 0 603 2383 2402 3039 
10039 4 0 3388 4088 1540 4458 
10040 4 0 4063 4458 1540 4088 
10041 4 0 165 388 3441 4376 
10042 4 0 3882 3769 3942 1085 
10043 4 0 2122 1540 1436 3957 
10044 4 0 429 3465 4071 2818 
10045 4 0 3333 3104 2995 1956 
10046 4 0 3104 2161 1956 3333 
10047 4 0 732 2219 2075 2984 
10048 4 0 3556 3357 3688 525 
10049 4 0 3139 342 352 2966 
10050 4 0 2268 2157 1919 2870 
10051 4 0 3579 1405 2870 2268 
10052 4 0 3154 3902 2720 2999 
10053 4 0 2443 409 854 2724 
10054 4 0 543 2450 1897 677 
10055 4 0 3534 3917 3238 4000 
10056 4 0 979 3343 2594 2622 
10057 4 0 296 313 3300 318 
10058 4 0 3390 2298 696 4596 
10059 4 0 2404 2666 2751 1897 
10060 4 0 4539 3462 4533 3884 
10061 4 0 2353 1729 3894 1854 
10062 4 0 2673 663 3337 2851 
10063 4 0 1854 1729 643 2353 
10064 4 0 3219 1729 3894 2353 
10065 4 0 2670 2012 409 2443 
10066 4 0 1288 3748 719 3702 
10067 4 0 297 413 441 287 
10068 4 0 2272 2313 2446 1406 
10069 4 0 3087 709 1917 1918 
10070 4 0 1917 4240 3654 3087 
10071 4 0 1917 1918 4240 3087 
10072 4 0 1171 4438 4439 1450 
10073 4 0 2987 4427 2915 1130 
10074 4 0 2414 429 3465 4071 
10075 4 0 1763 3736 1328 494 
10076 4 0 336 342 2966 446 
10077 4 0 3424 2665 2574 2695 
10078 4 0 3355 2395 3625 2652 
10079 4 0 1031 2482 3955 1224 
10080 4 0 179 1964 198 3698 
10081 4 0 1474 1866 3462 3942 
10082 4 0 3628 2750 1192 893 
10083 4 0 1859 2416 2706 1511 
10084 4 0 2121 1051 1053 2293 
10085 4 0 2121 4484 1053 1051 
10086 4 0 2413 3076 2381 4288 
10087 4 0 3459 410 3352 4288 
10088 4 0 1972 1712 3353 3056 
10089 4 0 929 2493 2392 960 
10090 4 0 598 2926 1990 1367 
10091 4 0 2926 2332 598 2698 
10092 4 0 3242 1213 939 2909 
10093 4 0 445 340 3407 351 
10094 4 0 3322 1444 1442 3327 
10095 4 0 1442 3327 1667 1571 
10096 4 0 2029 845 1778 562 
10097 4 0 484 470 4460 3136 
10098 4 0 4460 484 427 470 
10099 4 0 592 3793 2134 1680 
10100 4 0 592 2919 2134 3793 
10101 4 0 4197 876 3355 881 
10102 4 0 799 2753 3231 2885 
10103 4 0 2753 2568 954 865 
10104 4 0 3993 492 3366 402 
10105 4 0 2951 3349 4394 3326 
10106 4 0 1894 2607 3213 2307 
10107 4 0 2607 3213 2307 3113 
10108 4 0 1894 2607 2838 549 
10109 4 0 641 1782 3945 154 
10110 4 0 3334 2956 2722 722 
10111 4 0 4247 1355 4587 765 
10112 4 0 2247 2082 2343 3560 
10113 4 0 2082 3560 2247 3317 
10114 4 0 2316 2103 893 3628 
10115 4 0 2855 2103 4202 3468 
10116 4 0 2103 3567 4202 3468 
10117 4 0 1043 3857 2901 1045 
10118 4 0 1043 4301 3857 1045 
10119 4 0 409 495 2634 494 
10120 4 0 2443 409 2759 2634 
10121 4 0 2182 1011 388 134 
10122 4 0 4349 388 1870 4609 
10123 4 0 3757 386 2829 2439 
10124 4 0 1870 2182 2633 388 
10125 4 0 3327 1667 2516 3246 
10126 4 0 791 3202 1298 468 
10127 4 0 440 2208 3162 412 
10128 4 0 4446 580 4447 524 
10129 4 0 4446 524 4447 4469 
10130 4 0 2272 3054 4392 4388 
10131 4 0 1282 3083 2900 3934 
10132 4 0 2709 2745 964 1174 
10133 4 0 2028 663 3337 4233 
10134 4 0 3205 4084 2419 1835 
10135 4 0 2846 2354 481 1070 
10136 4 0 2419 1835 1322 2535 
10137 4 0 3235 2354 481 2846 
10138 4 0 4444 4452 4144 3146 
10139 4 0 3234 1077 3483 661 
10140 4 0 3300 293 440 282 
10141 4 0 1489 3893 2386 2856 
10142 4 0 3893 2856 3021 2386 
10143 4 0 776 2352 1489 1928 
10144 4 0 952 2285 2111 377 
10145 4 0 3670 3382 3660 639 
10146 4 0 2604 4291 1687 1696 
10147 4 0 2604 1687 4291 4468 
10148 4 0 3205 3313 3360 1644 
10149 4 0 3808 2429 2874 3091 
10150 4 0 3091 3808 1090 3673 
10151 4 0 3091 2429 1090 3808 
10152 4 0 3808 2874 2429 2224 
10153 4 0 3458 3380 3151 3808 
10154 4 0 1937 3618 1938 2671 
10155 4 0 403 3114 3238 1582 
10156 4 0 3243 2265 3904 3007 
10157 4 0 3561 3296 158 2346 
10158 4 0 403 4028 3114 1582 
10159 4 0 1397 3081 389 203 
10160 4 0 2343 2364 3283 1598 
10161 4 0 2993 4184 3010 491 
10162 4 0 3400 2993 491 4184 
10163 4 0 174 2885 3231 1416 
10164 4 0 1743 1740 3001 2178 
10165 4 0 462 2929 3786 1025 
10166 4 0 1980 4017 4444 3709 
10167 4 0 3770 4305 2649 102 
10168 4 0 2088 4104 4158 581 
10169 4 0 3199 780 3747 4143 
10170 4 0 2632 3698 3747 3984 
10171 4 0 3188 333 2262 344 
10172 4 0 1763 1566 492 494 
10173 4 0 492 494 1936 495 
10174 4 0 3463 2407 4338 553 
10175 4 0 1607 1752 2944 2298 
10176 4 0 955 3643 4127 953 
10177 4 0 2655 4265 1345 4018 
10178 4 0 3826 4104 577 2934 
10179 4 0 112 4591 4233 135 
10180 4 0 623 3452 3148 615 
10181 4 0 3227 93 606 3061 
10182 4 0 4085 3452 660 3148 
10183 4 0 4423 562 696 4410 
10184 4 0 2236 2872 3399 3309 
10185 4 0 2379 3919 3022 541 
10186 4 0 2202 3333 2001 2747 
10187 4 0 3919 541 1312 3621 
10188 4 0 3882 3895 3769 1085 
10189 4 0 525 3688 870 3357 
10190 4 0 2785 3213 602 549 
10191 4 0 481 10 8 3235 
10192 4 0 602 1894 549 3213 
10193 4 0 2175 1253 1894 480 
10194 4 0 3896 2098 2162 4323 
10195 4 0 2162 2098 509 4323 
10196 4 0 3468 3364 2425 604 
10197 4 0 1478 1425 3410 1376 
10198 4 0 3664 4586 1998 3143 
10199 4 0 2673 2851 2270 142 
10200 4 0 2673 2851 3337 2270 
10201 4 0 3673 2847 1090 3091 
10202 4 0 3447 2819 3698 2400 
10203 4 0 2543 4169 2958 2585 
10204 4 0 3132 2250 3103 2828 
10205 4 0 3742 2132 2937 2828 
10206 4 0 1305 1878 4038 1375 
10207 4 0 1487 2271 2565 3237 
10208 4 0 2565 1884 2732 2296 
10209 4 0 2408 3055 1986 3882 
10210 4 0 3653 2516 1235 466 
10211 4 0 1930 1377 2077 2408 
10212 4 0 3127 2136 2442 3245 
10213 4 0 2412 817 4454 3181 
10214 4 0 2206 1679 3408 3997 
10215 4 0 1904 941 231 207 
10216 4 0 941 1296 231 207 
10217 4 0 4336 2412 817 4280 
10218 4 0 1848 2484 1411 2564 
10219 4 0 1848 2484 2564 3230 
10220 4 0 1848 1411 2480 2564 
10221 4 0 1797 3967 1835 1284 
10222 4 0 2093 476 3043 474 
10223 4 0 2258 3961 2628 3289 
10224 4 0 2789 2402 3039 603 
10225 4 0 2605 4238 4429 4042 
10226 4 0 1476 3829 3215 3643 
10227 4 0 560 2844 492 4126 
10228 4 0 3829 1824 3215 3643 
10229 4 0 1680 592 1830 2134 
10230 4 0 3314 599 2006 1744 
10231 4 0 3452 2552 3148 615 
10232 4 0 315 439 320 329 
10233 4 0 2565 3237 2495 1487 
10234 4 0 4252 4454 1540 3388 
10235 4 0 2124 979 2479 2218 
10236 4 0 2548 1572 2665 1573 
10237 4 0 1574 2548 1573 1572 
10238 4 0 690 2472 1999 3191 
10239 4 0 804 2102 2834 3976 
10240 4 0 375 1683 1518 1874 
10241 4 0 3276 3280 2742 2073 
10242 4 0 486 3554 394 3381 
10243 4 0 394 3554 486 2675 
10244 4 0 2675 3554 2848 394 
10245 4 0 2028 2851 2482 528 
10246 4 0 1590 2617 3459 410 
10247 4 0 3459 760 410 2617 
10248 4 0 2266 3499 2303 429 
10249 4 0 2303 429 4467 2266 
10250 4 0 2785 1193 602 3053 
10251 4 0 1504 2273 2332 2706 
10252 4 0 2706 1504 1775 1859 
10253 4 0 3924 1249 3028 4171 
10254 4 0 3939 506 1209 926 
10255 4 0 1059 185 506 1057 
10256 4 0 1344 936 423 3537 
10257 4 0 829 2399 671 2882 
10258 4 0 759 2399 829 2882 
10259 4 0 2167 3112 2390 941 
10260 4 0 3635 2488 1756 1927 
10261 4 0 4538 4337 4203 1087 
10262 4 0 3635 2488 1927 3756 
10263 4 0 3381 4528 1015 3598 
10264 4 0 2396 2845 3829 2949 
10265 4 0 2959 920 3022 2005 
10266 4 0 4337 1087 916 4203 
10267 4 0 4119 3911 418 4475 
10268 4 0 1047 456 1107 2929 
10269 4 0 455 2929 1925 394 
10270 4 0 326 336 2918 2979 
10271 4 0 1250 2426 2976 3846 
10272 4 0 2705 3234 2503 1628 
10273 4 0 3005 2956 2722 422 
10274 4 0 3929 2618 4231 3715 
10275 4 0 3676 4112 4136 872 
10276 4 0 4329 1455 2730 4306 
10277 4 0 4067 3430 1139 4049 
10278 4 0 2947 1455 2730 2391 
10279 4 0 1052 2121 399 921 
10280 4 0 1405 2444 2870 1919 
10281 4 0 4488 924 399 3585 
10282 4 0 3210 2608 1262 2314 
10283 4 0 2608 1261 3217 3210 
10284 4 0 1451 3466 2767 531 
10285 4 0 2723 1498 3217 4296 
10286 4 0 4574 2723 3706 2597 
10287 4 0 2991 3296 228 1354 
10288 4 0 2628 642 2288 711 
10289 4 0 3065 2605 2615 3363 
10290 4 0 2414 3465 429 673 
10291 4 0 4064 4246 3443 4566 
10292 4 0 4321 1109 3523 3864 
10293 4 0 4276 4241 3472 2127 
10294 4 0 701 4141 1153 544 
10295 4 0 3987 4141 701 544 
10296 4 0 3412 4074 1040 1314 
10297 4 0 2892 3987 544 4141 
10298 4 0 41 2980 2283 2899 
10299 4 0 41 3279 2980 2899 
10300 4 0 292 300 411 4590 
10301 4 0 3326 2951 1120 763 
10302 4 0 1167 1120 4089 2951 
10303 4 0 1395 4216 184 1391 
10304 4 0 794 1658 2747 1657 
10305 4 0 4615 2914 2943 1775 
10306 4 0 3654 4190 3087 3960 
10307 4 0 233 635 1391 1139 
10308 4 0 2402 2884 1653 795 
10309 4 0 1139 254 233 635 
10310 4 0 1397 4097 203 389 
10311 4 0 390 4216 184 205 
10312 4 0 4172 1410 885 4188 
10313 4 0 184 4216 1395 205 
10314 4 0 502 503 3658 450 
10315 4 0 3594 1678 3903 3898 
10316 4 0 2721 324 3095 313 
10317 4 0 2541 3274 2453 1372 
10318 4 0 2999 1458 2720 788 
10319 4 0 661 3234 1996 3483 
10320 4 0 1996 786 3185 1825 
10321 4 0 2412 3923 833 1436 
10322 4 0 2271 4612 3635 3756 
10323 4 0 3278 2937 682 4227 
10324 4 0 929 1951 3508 1633 
10325 4 0 808 2834 2904 2102 
10326 4 0 3630 2716 2027 606 
10327 4 0 1996 956 2727 2291 
10328 4 0 2541 50 588 2291 
10329 4 0 956 3274 4142 588 
10330 4 0 572 4213 1899 3817 
10331 4 0 588 50 956 2291 
10332 4 0 3381 1014 3598 1577 
10333 4 0 4278 248 572 274 
10334 4 0 572 248 1899 4213 
10335 4 0 1125 1583 2103 1637 
10336 4 0 2848 3531 1929 3381 
10337 4 0 1549 2103 1125 4202 
10338 4 0 893 2103 4202 1125 
10339 4 0 1125 1583 3628 2103 
10340 4 0 1251 2516 1247 2842 
10341 4 0 1637 1549 2103 1125 
10342 4 0 3856 2752 2762 2417 
10343 4 0 3856 2417 2762 1578 
10344 4 0 1467 2157 1468 3257 
10345 4 0 2491 3649 4130 3538 
10346 4 0 1242 1276 2983 1275 
10347 4 0 2364 878 3283 1598 
10348 4 0 1414 1350 2408 3882 
10349 4 0 3957 3329 1864 733 
10350 4 0 4543 3329 1864 3957 
10351 4 0 963 2461 689 1666 
10352 4 0 2461 689 1666 2538 
10353 4 0 1552 668 3272 2756 
10354 4 0 3195 2054 2172 2178 
10355 4 0 2267 2249 1736 2468 
10356 4 0 2081 2126 621 1737 
10357 4 0 2410 996 3876 2054 
10358 4 0 2161 2001 3333 3104 
10359 4 0 3110 3324 2492 64 
10360 4 0 64 3324 72 3110 
10361 4 0 3979 3707 30 40 
10362 4 0 3247 2695 2205 3168 
10363 4 0 3979 4214 3707 40 
10364 4 0 2686 3205 1644 2540 
10365 4 0 3729 3765 1194 3070 
10366 4 0 57 1227 2116 70 
10367 4 0 2077 457 3064 4510 
10368 4 0 794 2222 3562 802 
10369 4 0 4428 2148 4427 2540 
10370 4 0 2540 1890 4427 4428 
10371 4 0 3945 4327 611 116 
10372 4 0 2580 2415 4556 2645 
10373 4 0 1685 4323 3896 163 
10374 4 0 163 3896 141 4323 
10375 4 0 578 962 3228 903 
10376 4 0 2345 2399 3143 827 
10377 4 0 4056 856 789 3471 
10378 4 0 4328 4261 3944 4530 
10379 4 0 959 1759 929 3564 
10380 4 0 3712 1175 687 768 
10381 4 0 3712 3738 1175 768 
10382 4 0 687 2047 1175 3712 
10383 4 0 1627 3670 639 4030 
10384 4 0 3552 657 3410 2826 
10385 4 0 584 4232 2411 583 
10386 4 0 2052 3754 81 71 
10387 4 0 677 2454 2100 2427 
10388 4 0 3007 4396 4395 2586 
10389 4 0 1485 154 3945 4437 
10390 4 0 2936 1907 1201 3859 
10391 4 0 1867 1335 2975 4191 
10392 4 0 3945 4327 116 154 
10393 4 0 154 3945 4327 1485 
10394 4 0 641 3945 116 154 
10395 4 0 4608 2956 404 2802 
10396 4 0 422 2802 404 2956 
10397 4 0 3169 3127 2442 3245 
10398 4 0 4147 3770 3169 2359 
10399 4 0 2243 2591 3412 2816 
10400 4 0 2028 2851 3337 663 
10401 4 0 4169 3482 3152 587 
10402 4 0 2375 2455 3152 3482 
10403 4 0 2028 2851 663 2482 
10404 4 0 744 2883 2867 740 
10405 4 0 2319 2867 744 2883 
10406 4 0 2843 2867 2319 3806 
10407 4 0 3589 2214 2565 2732 
10408 4 0 3443 455 394 2929 
10409 4 0 3289 3961 2628 4042 
10410 4 0 2628 647 3961 2663 
10411 4 0 3943 1016 3538 3293 
10412 4 0 3863 486 4064 394 
10413 4 0 2202 3827 2906 2718 
10414 4 0 450 3608 448 3223 
10415 4 0 3391 1983 1822 1982 
10416 4 0 3800 2708 268 245 
10417 4 0 268 2708 4047 3821 
10418 4 0 3419 4159 2288 3119 
10419 4 0 3022 2010 2217 374 
10420 4 0 99 611 2087 3694 
10421 4 0 2161 3104 3201 2002 
10422 4 0 2161 3201 3929 2002 
10423 4 0 2001 2202 1298 468 
10424 4 0 2087 3694 611 3436 
10425 4 0 2001 2202 2774 1298 
10426 4 0 468 2202 1298 3232 
10427 4 0 2202 3232 1459 2774 
10428 4 0 2879 2075 1474 3044 
10429 4 0 3835 123 146 3670 
10430 4 0 3835 146 1361 3670 
10431 4 0 3331 3408 2830 2626 
10432 4 0 522 1929 3381 394 
10433 4 0 4270 3917 4000 3238 
10434 4 0 1567 377 2584 3427 
10435 4 0 1522 1245 1179 3129 
10436 4 0 1179 4347 1522 4105 
10437 4 0 2175 2425 3364 2876 
10438 4 0 2876 2425 2522 1252 
10439 4 0 672 748 1 2470 
10440 4 0 2452 3528 2022 2528 
10441 4 0 2737 2002 2478 3104 
10442 4 0 730 3187 371 905 
10443 4 0 905 925 3187 371 
10444 4 0 925 2821 905 3187 
10445 4 0 52 838 3613 1398 
10446 4 0 3114 2361 2754 430 
10447 4 0 3772 1815 2577 2316 
10448 4 0 3628 1815 2316 1970 
10449 4 0 1664 3354 1665 2372 
10450 4 0 1664 2372 1665 2525 
10451 4 0 4583 3778 2386 3389 
10452 4 0 4085 1602 623 3360 
10453 4 0 3148 4085 623 3360 
10454 4 0 3148 623 4085 3452 
10455 4 0 455 3009 2386 3389 
10456 4 0 494 1933 3044 2879 
10457 4 0 2482 3955 663 2028 
10458 4 0 4279 2336 4277 4176 
10459 4 0 3440 492 1932 2336 
10460 4 0 3440 2336 4277 4279 
10461 4 0 560 2336 4279 4176 
10462 4 0 233 1139 1391 216 
10463 4 0 4113 184 4216 216 
10464 4 0 2357 2590 2213 520 
10465 4 0 4170 3202 2898 3003 
10466 4 0 3681 1766 2704 2428 
10467 4 0 3385 2645 3356 3207 
10468 4 0 2995 2407 3001 1956 
10469 4 0 3397 615 2714 3027 
10470 4 0 2371 1605 3659 1889 
10471 4 0 2814 571 2050 4344 
10472 4 0 453 4334 4408 3699 
10473 4 0 3495 2736 2265 911 
10474 4 0 1520 3443 394 4246 
10475 4 0 925 4361 2260 1683 
10476 4 0 2939 2244 1648 1012 
10477 4 0 2917 2939 1648 1012 
10478 4 0 2939 2917 2875 4482 
10479 4 0 2926 4129 2332 1731 
10480 4 0 1860 1511 2706 2437 
10481 4 0 2437 597 1511 1182 
10482 4 0 1722 2815 4158 3809 
10483 4 0 80 3433 1804 987 
10484 4 0 80 3433 987 73 
10485 4 0 2023 3890 4066 2557 
10486 4 0 2407 3178 3463 4338 
10487 4 0 3711 1917 3087 709 
10488 4 0 3087 3711 1538 1917 
10489 4 0 1799 1917 3711 709 
10490 4 0 2864 1856 2775 2583 
10491 4 0 3569 3704 2662 2982 
10492 4 0 4613 3569 3704 2662 
10493 4 0 903 688 578 962 
10494 4 0 3932 4543 3329 3638 
10495 4 0 4543 1864 3329 3638 
10496 4 0 1581 4092 3867 712 
10497 4 0 1804 2468 3496 986 
10498 4 0 1581 4092 712 4473 
10499 4 0 4161 559 2157 3993 
10500 4 0 2011 4133 827 3529 
10501 4 0 2345 827 3143 4581 
10502 4 0 2584 2176 2639 3379 
10503 4 0 3020 539 3039 3609 
10504 4 0 4119 418 815 4475 
10505 4 0 4475 1013 815 3244 
10506 4 0 2835 3130 2869 3146 
10507 4 0 3822 4471 1986 1539 
10508 4 0 3406 4034 3958 3088 
10509 4 0 445 3407 340 2744 
10510 4 0 3407 445 351 574 
10511 4 0 3909 2828 3682 4332 
10512 4 0 3622 561 3435 3295 
10513 4 0 3435 561 3891 3295 
10514 4 0 2220 2955 1249 3028 
10515 4 0 3073 2955 507 3924 
10516 4 0 3971 4332 3909 3682 
10517 4 0 3740 3797 1524 4007 
10518 4 0 2632 1063 2140 2400 
10519 4 0 913 413 4109 4207 
10520 4 0 2705 2465 2322 1996 
10521 4 0 3099 1802 4340 3359 
10522 4 0 2915 3099 1118 1802 
10523 4 0 3359 1118 3099 1802 
10524 4 0 654 3616 4188 1423 
10525 4 0 3524 2068 1975 2556 
10526 4 0 755 1350 1975 2556 
10527 4 0 447 2626 3331 3409 
10528 4 0 2626 3409 3403 678 
10529 4 0 4293 16 26 2758 
10530 4 0 4293 2758 26 1654 
10531 4 0 3661 2911 2169 3939 
10532 4 0 1434 4007 3634 3726 
10533 4 0 1696 2315 2708 2998 
10534 4 0 3702 719 4112 3748 
10535 4 0 1292 3748 719 1288 
10536 4 0 627 678 3409 2246 
10537 4 0 3602 2754 1350 3353 
10538 4 0 2469 3249 902 4263 
10539 4 0 2469 1759 3249 4263 
10540 4 0 420 2556 2414 3760 
10541 4 0 3721 3070 3830 1489 
10542 4 0 985 2276 4216 395 
10543 4 0 2266 464 3499 4584 
10544 4 0 369 499 3591 628 
10545 4 0 3412 1213 2252 1039 
10546 4 0 4318 3585 1054 3079 
10547 4 0 1054 2897 3079 3585 
10548 4 0 3711 979 2441 4007 
10549 4 0 2788 4071 4549 2755 
10550 4 0 2788 4071 2755 4461 
10551 4 0 2072 381 2718 3425 
10552 4 0 2760 2963 2705 2005 
10553 4 0 4244 2655 3023 2957 
10554 4 0 471 2655 3023 4244 
10555 4 0 2683 4059 3376 3401 
10556 4 0 2027 2182 1997 3441 
10557 4 0 1651 552 4053 89 
10558 4 0 1348 2563 3067 4499 
10559 4 0 1508 1506 3069 2777 
10560 4 0 2777 2239 3423 2977 
10561 4 0 3204 2106 657 4174 
10562 4 0 4032 561 2547 3308 
10563 4 0 3106 2547 4032 561 
10564 4 0 3032 3554 2295 872 
10565 4 0 3032 2295 719 872 
10566 4 0 4060 988 3496 2197 
10567 4 0 2315 511 949 1895 
10568 4 0 2677 291 3512 299 
10569 4 0 1095 570 3556 571 
10570 4 0 2563 1591 2158 4115 
10571 4 0 1790 2638 2485 4094 
10572 4 0 1097 2050 467 1614 
10573 4 0 572 1899 3537 3817 
10574 4 0 3285 1392 2139 429 
10575 4 0 3738 3947 3109 1547 
10576 4 0 1276 389 1561 3561 
10577 4 0 490 2916 2256 3525 
10578 4 0 2962 2465 4406 3248 
10579 4 0 1468 3257 1334 1467 
10580 4 0 491 2157 1467 3257 
10581 4 0 2157 558 491 1467 
10582 4 0 819 1611 3109 4027 
10583 4 0 403 1582 3238 3602 
10584 4 0 4064 424 3302 3150 
10585 4 0 3168 2574 2695 3424 
10586 4 0 2326 3513 2841 3016 
10587 4 0 2977 2777 3518 70 
10588 4 0 3518 2777 2116 70 
10589 4 0 2393 3065 3426 2581 
10590 4 0 2184 1215 487 2207 
10591 4 0 2759 4248 3736 1280 
10592 4 0 2679 1280 2759 3736 
10593 4 0 3519 1033 3991 4078 
10594 4 0 406 3428 437 1254 
10595 4 0 785 1394 3428 1056 
10596 4 0 696 3521 704 4423 
10597 4 0 3285 2139 4594 4466 
10598 4 0 4455 3956 403 3429 
10599 4 0 4067 3430 4049 3720 
10600 4 0 3038 2646 2996 2863 
10601 4 0 3353 2068 755 754 
10602 4 0 3224 221 3701 2250 
10603 4 0 3701 192 3193 2250 
10604 4 0 2987 2915 2711 1130 
10605 4 0 4580 1930 2414 4071 
10606 4 0 667 757 3854 3009 
10607 4 0 2004 3588 2251 2782 
10608 4 0 3588 2782 628 2251 
10609 4 0 3039 3474 3974 2789 
10610 4 0 2170 2557 3309 705 
10611 4 0 1728 3309 705 2170 
10612 4 0 4273 835 1333 1329 
10613 4 0 3605 998 2694 990 
10614 4 0 2694 3859 3510 990 
10615 4 0 348 338 3272 438 
10616 4 0 2639 3379 2045 2257 
10617 4 0 4442 404 4038 2491 
10618 4 0 4442 404 3807 4038 
10619 4 0 2652 3608 2550 3223 
10620 4 0 3223 2652 3941 2550 
10621 4 0 3576 3007 2265 3495 
10622 4 0 2447 2067 3457 1607 
10623 4 0 1804 2468 2355 3496 
10624 4 0 612 3945 3727 391 
10625 4 0 3435 3295 4264 3497 
10626 4 0 3435 4264 3295 3891 
10627 4 0 3436 3614 3789 3679 
10628 4 0 3614 3727 3436 3129 
10629 4 0 1854 1513 643 1729 
10630 4 0 2353 1729 643 2676 
10631 4 0 2699 2348 762 4226 
10632 4 0 1862 507 3083 4091 
10633 4 0 3083 1862 4091 4203 
10634 4 0 3770 125 1099 102 
10635 4 0 3441 1099 3770 125 
10636 4 0 3015 380 4433 4260 
10637 4 0 4140 2445 3272 436 
10638 4 0 3773 4140 4320 436 
10639 4 0 3046 1383 3223 2616 
10640 4 0 860 448 3355 2616 
10641 4 0 3068 2609 3527 2805 
10642 4 0 3527 407 2609 464 
10643 4 0 3681 2704 3619 886 
10644 4 0 536 3291 3619 886 
10645 4 0 3291 801 3619 886 
10646 4 0 801 3681 3619 886 
10647 4 0 2892 3321 2780 2171 
10648 4 0 1251 2607 2406 3177 
10649 4 0 2705 2999 3234 1628 
10650 4 0 4491 1601 2903 4051 
10651 4 0 4167 2085 3004 2406 
10652 4 0 2406 3004 1601 2085 
10653 4 0 1167 2435 2951 4089 
10654 4 0 4089 2435 2331 3243 
10655 4 0 2435 3062 3986 2021 
10656 4 0 3243 2331 4089 2973 
10657 4 0 299 2335 2244 2677 
10658 4 0 3985 3044 3096 951 
10659 4 0 3200 1184 1507 642 
10660 4 0 3681 3619 2704 1766 
10661 4 0 3619 1766 2222 2704 
10662 4 0 2628 1184 2663 3961 
10663 4 0 642 643 1184 1507 
10664 4 0 3926 2757 1140 2425 
10665 4 0 2242 283 443 442 
10666 4 0 2242 290 443 283 
10667 4 0 3483 1825 3234 1996 
10668 4 0 3228 2493 962 578 
10669 4 0 3533 1126 4235 1299 
10670 4 0 2016 3700 2848 3011 
10671 4 0 2995 1200 3001 2407 
10672 4 0 4339 3001 3900 2811 
10673 4 0 3333 2995 2410 3001 
10674 4 0 404 3005 2956 1913 
10675 4 0 4611 3005 1913 2956 
10676 4 0 3850 3770 3374 102 
10677 4 0 1161 1162 3663 2063 
10678 4 0 1099 3770 102 3374 
10679 4 0 4386 3663 2063 3745 
10680 4 0 4293 16 2758 481 
10681 4 0 3111 1522 4105 4346 
10682 4 0 3069 1834 2941 2184 
10683 4 0 2398 1925 509 1978 
10684 4 0 1545 1724 3436 3694 
10685 4 0 1545 3436 1440 3694 
10686 4 0 1407 2858 2671 2905 
10687 4 0 2915 3900 3463 2407 
10688 4 0 2360 1398 2674 4106 
10689 4 0 3624 456 3443 2929 
10690 4 0 3991 3608 1150 3066 
10691 4 0 2749 1415 1026 3192 
10692 4 0 762 2348 2742 3477 
10693 4 0 2516 1444 3466 2173 
10694 4 0 2493 1960 2062 1959 
10695 4 0 2849 3519 2893 3869 
10696 4 0 2951 1655 3390 3521 
10697 4 0 1518 1872 1816 2714 
10698 4 0 1518 1816 2433 1886 
10699 4 0 3859 1179 1907 2912 
10700 4 0 2432 1179 1198 184 
10701 4 0 2432 1198 2637 390 
10702 4 0 3986 3406 4010 2435 
10703 4 0 2028 2482 3955 528 
10704 4 0 421 240 226 1088 
10705 4 0 421 226 1089 1088 
10706 4 0 528 3438 2991 2836 
10707 4 0 2703 1578 2020 1798 
10708 4 0 3461 1555 1700 2544 
10709 4 0 3618 2520 1525 4450 
10710 4 0 1344 3838 3537 423 
10711 4 0 1480 3204 2566 3164 
10712 4 0 430 3056 3353 3238 
10713 4 0 1376 2263 1480 3405 
10714 4 0 2872 2183 2449 2861 
10715 4 0 3788 1545 2162 1388 
10716 4 0 3804 1912 4319 4239 
10717 4 0 479 507 2955 3028 
10718 4 0 1643 2995 995 742 
10719 4 0 4520 2205 585 3168 
10720 4 0 2767 2440 2599 1954 
10721 4 0 2806 4112 4045 1901 
10722 4 0 4013 1901 4112 2806 
10723 4 0 763 1167 1120 2101 
10724 4 0 4008 2819 2286 3295 
10725 4 0 4260 3124 2686 625 
10726 4 0 2778 3542 4036 3949 
10727 4 0 1330 2212 4259 2896 
10728 4 0 442 439 2221 305 
10729 4 0 3065 3426 4381 2393 
10730 4 0 4211 2647 2263 2282 
10731 4 0 983 921 3924 2293 
10732 4 0 2293 3924 2121 921 
10733 4 0 983 508 3924 984 
10734 4 0 1299 4235 3387 4420 
10735 4 0 992 1906 3774 2709 
10736 4 0 3446 1906 1806 2709 
10737 4 0 1496 1798 1465 2020 
10738 4 0 2446 3623 2294 2533 
10739 4 0 2101 2586 568 2446 
10740 4 0 2014 2828 3682 3442 
10741 4 0 3261 2965 2827 1469 
10742 4 0 1481 3208 1304 2564 
10743 4 0 1481 1304 656 2564 
10744 4 0 1411 1481 2564 3208 
10745 4 0 1481 656 1411 2564 
10746 4 0 4243 2128 2548 3209 
10747 4 0 4243 3482 3514 3209 
10748 4 0 3939 1561 2169 1061 
10749 4 0 4282 3364 1541 2876 
10750 4 0 4180 1541 3364 899 
10751 4 0 2411 2368 467 864 
10752 4 0 2711 452 2513 2510 
10753 4 0 3039 1924 2507 2558 
10754 4 0 1924 3020 3156 2558 
10755 4 0 1930 2527 2414 2788 
10756 4 0 3055 1930 1377 3565 
10757 4 0 1930 3565 420 2414 
10758 4 0 3915 1135 3211 517 
10759 4 0 1135 4064 517 1893 
10760 4 0 1585 1620 3457 1616 
10761 4 0 2224 3808 4090 2526 
10762 4 0 2611 3399 4090 2224 
10763 4 0 1541 604 3364 899 
10764 4 0 3468 2425 1698 604 
10765 4 0 1349 3028 4552 4496 
10766 4 0 1866 3453 4539 3462 
10767 4 0 3462 3453 4539 3831 
10768 4 0 2722 722 2956 3005 
10769 4 0 901 3228 3572 2367 
10770 4 0 2516 3653 2050 2256 
10771 4 0 3905 3256 1581 4054 
10772 4 0 3256 4473 3905 1581 
10773 4 0 4565 656 1481 3049 
10774 4 0 1878 3049 1304 2531 
10775 4 0 394 2848 3381 3554 
10776 4 0 2465 2705 3248 2962 
10777 4 0 1709 2928 3571 3839 
10778 4 0 3449 2860 3548 3609 
10779 4 0 3548 2711 3609 731 
10780 4 0 3548 731 3609 2860 
10781 4 0 2516 2050 4344 1667 
10782 4 0 932 688 3354 3668 
10783 4 0 4075 258 4083 4008 
10784 4 0 273 4075 4008 258 
10785 4 0 2331 1879 3457 2298 
10786 4 0 2298 1879 3457 1607 
10787 4 0 3477 1784 374 906 
10788 4 0 1784 906 3413 374 
10789 4 0 4143 4199 161 1669 
10790 4 0 893 3468 3567 2103 
10791 4 0 2103 893 4202 3567 
10792 4 0 2923 3762 2989 1322 
10793 4 0 2224 4090 2611 3966 
10794 4 0 2526 3966 4090 2224 
10795 4 0 3893 3862 2386 3021 
10796 4 0 550 2712 2604 4468 
10797 4 0 2063 2989 3692 2226 
10798 4 0 1026 1025 2749 3780 
10799 4 0 2415 2580 1339 2645 
10800 4 0 4556 2645 3207 2580 
10801 4 0 1275 2653 2346 2983 
10802 4 0 4557 4553 3101 3131 
10803 4 0 2398 2929 3786 462 
10804 4 0 2134 874 380 3174 
10805 4 0 4415 1890 1644 2540 
10806 4 0 2888 3271 3272 1720 
10807 4 0 1708 3623 1673 2294 
10808 4 0 1673 2533 2294 3623 
10809 4 0 1673 2294 4206 1708 
10810 4 0 2200 1173 2682 619 
10811 4 0 12 840 3461 846 
10812 4 0 3547 1085 3942 4531 
10813 4 0 1524 3590 3734 619 
10814 4 0 619 3590 3734 1500 
10815 4 0 2070 3590 3797 619 
10816 4 0 2925 2319 2054 3806 
10817 4 0 2637 1967 511 390 
10818 4 0 4395 2636 1703 3557 
10819 4 0 1703 2636 1702 3557 
10820 4 0 2899 2674 2988 925 
10821 4 0 3684 1888 2352 2424 
10822 4 0 2285 3234 2503 377 
10823 4 0 2849 2182 698 2816 
10824 4 0 3506 3351 2998 479 
10825 4 0 3528 4489 866 4051 
10826 4 0 1403 2939 1650 2946 
10827 4 0 528 3438 1359 526 
10828 4 0 2023 2536 2240 1613 
10829 4 0 4395 3007 2265 4422 
10830 4 0 3619 536 3575 4117 
10831 4 0 2883 1105 740 744 
10832 4 0 3031 1105 740 2883 
10833 4 0 2487 2834 1008 2102 
10834 4 0 4308 3293 1015 4134 
10835 4 0 4308 3644 3293 4134 
10836 4 0 3175 1128 2605 3065 
10837 4 0 1128 2809 3175 2605 
10838 4 0 1015 4134 3293 2693 
10839 4 0 38 51 841 43 
10840 4 0 1621 1080 3428 1056 
10841 4 0 2072 381 2326 1180 
10842 4 0 544 3214 701 1151 
10843 4 0 1151 662 1676 3314 
10844 4 0 662 544 701 1151 
10845 4 0 30 3707 4212 49 
10846 4 0 2157 2127 4241 4161 
10847 4 0 3954 663 1222 1224 
10848 4 0 3492 960 3564 961 
10849 4 0 1486 1726 4075 3189 
10850 4 0 455 2635 3026 3858 
10851 4 0 3026 455 2929 2635 
10852 4 0 3026 3858 2635 3883 
10853 4 0 3506 3351 479 950 
10854 4 0 479 1219 4284 950 
10855 4 0 3382 3671 3337 1386 
10856 4 0 3671 3382 3337 4233 
10857 4 0 427 766 470 765 
10858 4 0 470 1355 484 427 
10859 4 0 876 877 4197 3982 
10860 4 0 2764 1872 2714 1816 
10861 4 0 3243 1186 3646 1617 
10862 4 0 3243 2107 1617 3646 
10863 4 0 3466 1451 3668 2351 
10864 4 0 3668 1451 931 2351 
10865 4 0 2543 2585 2958 2981 
10866 4 0 2510 3288 3156 3284 
10867 4 0 3156 3288 3620 3284 
10868 4 0 944 2161 957 3202 
10869 4 0 3202 2161 957 2001 
10870 4 0 3665 3244 3893 1013 
10871 4 0 681 4434 618 3789 
10872 4 0 681 3789 3614 4434 
10873 4 0 3820 1330 2896 2521 
10874 4 0 2699 1117 2348 4226 
10875 4 0 424 2295 3554 3211 
10876 4 0 2079 3896 387 2098 
10877 4 0 3896 387 2098 4323 
10878 4 0 2098 387 1023 4323 
10879 4 0 1930 2408 665 2414 
10880 4 0 3440 1969 2127 975 
10881 4 0 3972 2543 4169 2958 
10882 4 0 3225 2719 2088 2421 
10883 4 0 3225 2088 1170 1814 
10884 4 0 3470 2543 3972 2961 
10885 4 0 2749 4064 3150 424 
10886 4 0 687 3947 3109 1175 
10887 4 0 486 3381 2259 2551 
10888 4 0 3271 4140 3272 4331 
10889 4 0 495 1427 1936 492 
10890 4 0 3928 1518 375 1683 
10891 4 0 1883 2662 380 3174 
10892 4 0 2494 1871 1038 2687 
10893 4 0 1483 1918 3913 709 
10894 4 0 1376 2263 3164 1480 
10895 4 0 1245 3021 1522 774 
10896 4 0 3021 3537 1245 3727 
10897 4 0 3152 1999 690 2791 
10898 4 0 690 2791 4517 3152 
10899 4 0 4536 419 3083 3908 
10900 4 0 4071 3465 4256 2818 
10901 4 0 4256 4580 4071 4549 
10902 4 0 419 3083 1082 4536 
10903 4 0 1082 3083 4538 4536 
10904 4 0 412 282 293 2908 
10905 4 0 3004 2071 1601 2085 
10906 4 0 2021 3243 3155 2331 
10907 4 0 3041 591 3408 1493 
10908 4 0 542 1364 1172 1363 
10909 4 0 1364 1363 542 638 
10910 4 0 2236 2611 3399 2449 
10911 4 0 3155 1526 2584 3379 
10912 4 0 3665 1013 3893 2098 
10913 4 0 178 202 391 1343 
10914 4 0 3117 2820 2186 4421 
10915 4 0 2874 1498 3808 2536 
10916 4 0 1857 2152 1855 4229 
10917 4 0 2583 2152 1857 4229 
10918 4 0 4229 1857 2583 2775 
10919 4 0 3190 2694 2172 3836 
10920 4 0 3425 2072 3125 2906 
10921 4 0 2798 938 4360 1020 
10922 4 0 1188 3307 1507 643 
10923 4 0 172 391 4437 4225 
10924 4 0 680 172 4437 4225 
10925 4 0 3551 1628 1457 1210 
10926 4 0 2046 1839 3743 1067 
10927 4 0 1067 4043 3155 2542 
10928 4 0 1067 3743 2542 3155 
10929 4 0 4323 4298 3896 141 
10930 4 0 2167 1747 2390 3112 
10931 4 0 2965 3261 1042 3233 
10932 4 0 887 800 3580 2379 
10933 4 0 1486 3260 3393 1823 
10934 4 0 4122 2615 3419 4159 
10935 4 0 105 2138 1196 1651 
10936 4 0 2573 3922 3428 1080 
10937 4 0 4064 3150 3443 2749 
10938 4 0 3658 503 2082 450 
10939 4 0 2082 2343 3658 450 
10940 4 0 4130 1016 3538 3943 
10941 4 0 2951 565 1448 4411 
10942 4 0 3306 1308 152 2864 
10943 4 0 2377 3731 3632 3864 
10944 4 0 3306 2864 152 130 
10945 4 0 3893 1489 1925 1013 
10946 4 0 2122 419 3083 1323 
10947 4 0 3974 3020 540 1313 
10948 4 0 112 90 4233 1818 
10949 4 0 299 1012 309 2244 
10950 4 0 3748 4045 4112 1901 
10951 4 0 3702 3763 4021 1901 
10952 4 0 3537 4278 219 572 
10953 4 0 3441 2027 3770 2059 
10954 4 0 4464 4234 3537 1344 
10955 4 0 4381 2701 3350 3065 
10956 4 0 3466 1451 1444 3587 
10957 4 0 4261 214 4017 239 
10958 4 0 2263 3405 1849 1480 
10959 4 0 3650 255 231 1281 
10960 4 0 3650 231 1904 1281 
10961 4 0 56 3588 2782 47 
10962 4 0 3591 3588 47 2782 
10963 4 0 855 835 4055 4273 
10964 4 0 3376 2955 3906 2003 
10965 4 0 4087 650 1087 651 
10966 4 0 1607 562 2298 2944 
10967 4 0 791 2898 3176 3202 
10968 4 0 1879 1764 2447 1607 
10969 4 0 3176 1298 791 3202 
10970 4 0 791 2949 2898 3202 
10971 4 0 285 411 2088 3225 
10972 4 0 3225 2719 411 2088 
10973 4 0 3057 4161 3440 2844 
10974 4 0 2126 3669 3297 3589 
10975 4 0 3587 1444 3466 2516 
10976 4 0 4520 3168 3247 2205 
10977 4 0 1996 3483 1825 3185 
10978 4 0 2462 2856 1888 2426 
10979 4 0 2530 1613 3514 2240 
10980 4 0 4336 3181 3502 4311 
10981 4 0 2050 467 2516 2256 
10982 4 0 4179 245 2708 4215 
10983 4 0 1044 2247 2343 3560 
10984 4 0 1470 2082 3560 3658 
10985 4 0 3599 1432 1578 2107 
10986 4 0 2247 2343 3283 1044 
10987 4 0 768 1871 617 748 
10988 4 0 3203 3506 2900 479 
10989 4 0 892 3351 3398 2998 
10990 4 0 3930 1988 1833 1081 
10991 4 0 3500 2297 2534 3495 
10992 4 0 1081 1988 1833 1496 
10993 4 0 1683 1819 1873 3593 
10994 4 0 1683 375 1821 3455 
10995 4 0 3653 2659 3166 1235 
10996 4 0 1557 1235 466 3357 
10997 4 0 2516 2659 3653 1235 
10998 4 0 1761 526 4263 3249 
10999 4 0 1583 1233 2103 1637 
11000 4 0 1637 1549 1233 2103 
11001 4 0 2790 4143 3698 567 
11002 4 0 468 2658 945 2949 
11003 4 0 2954 2927 1536 2510 
11004 4 0 3073 2955 2003 507 
11005 4 0 1377 1539 414 3473 
11006 4 0 3473 601 969 1449 
11007 4 0 2663 3258 2567 2833 
11008 4 0 1201 3510 2936 3859 
11009 4 0 990 3510 1201 3859 
11010 4 0 283 442 3368 289 
11011 4 0 762 2699 4226 1117 
11012 4 0 3028 4552 1087 4091 
11013 4 0 2624 3792 1178 1177 
11014 4 0 1177 1124 1178 2624 
11015 4 0 513 382 3134 1482 
11016 4 0 2543 2375 2366 3152 
11017 4 0 896 2567 4267 2833 
11018 4 0 2663 2567 896 2833 
11019 4 0 2183 354 343 3043 
11020 4 0 333 2093 2696 3043 
11021 4 0 2591 3434 3625 3617 
11022 4 0 3055 420 1930 3565 
11023 4 0 2077 3578 305 3064 
11024 4 0 1158 4190 127 111 
11025 4 0 777 2335 2381 2852 
11026 4 0 814 4245 1158 127 
11027 4 0 3776 619 3797 1524 
11028 4 0 2752 3776 1524 619 
11029 4 0 3846 426 2426 3161 
11030 4 0 3008 111 4190 1981 
11031 4 0 3151 3673 3808 2536 
11032 4 0 3808 3091 2536 3673 
11033 4 0 3650 3879 255 1281 
11034 4 0 3461 3060 2554 1700 
11035 4 0 2020 1496 1578 3495 
11036 4 0 3622 3330 3435 556 
11037 4 0 3622 3330 556 3240 
11038 4 0 1842 2988 569 2674 
11039 4 0 4336 4016 3502 3181 
11040 4 0 3764 1909 2333 3559 
11041 4 0 1419 1326 1536 2510 
11042 4 0 2693 2333 3764 1909 
11043 4 0 2001 1298 2774 4019 
11044 4 0 1992 3744 3507 3172 
11045 4 0 2001 4019 2774 3505 
11046 4 0 534 3777 3450 540 
11047 4 0 4507 3211 2807 3846 
11048 4 0 3846 3211 1608 4507 
11049 4 0 3051 3688 3469 1486 
11050 4 0 1486 3688 1441 3357 
11051 4 0 2216 2578 2158 3401 
11052 4 0 48 1143 3339 2312 
11053 4 0 955 1824 3643 953 
11054 4 0 1685 1134 4323 163 
11055 4 0 2800 3976 804 2523 
11056 4 0 2559 2904 2523 804 
11057 4 0 1872 1873 1683 1819 
11058 4 0 1872 2764 4266 1873 
11059 4 0 725 2866 3157 721 
11060 4 0 897 2785 3213 4059 
11061 4 0 1433 3600 2020 2033 
11062 4 0 3046 3416 3582 3216 
11063 4 0 1149 2892 3987 3573 
11064 4 0 830 2216 3171 1335 
11065 4 0 3604 3240 4032 556 
11066 4 0 3709 1980 1401 1910 
11067 4 0 1980 2848 1401 1910 
11068 4 0 1771 632 2090 3245 
11069 4 0 3536 2947 3616 654 
11070 4 0 3536 2947 654 2391 
11071 4 0 3363 1299 2943 1126 
11072 4 0 1254 3612 3056 407 
11073 4 0 3696 1501 2527 2603 
11074 4 0 3149 2695 3247 3102 
11075 4 0 4332 2828 3128 2937 
11076 4 0 584 2688 2411 3556 
11077 4 0 2411 584 3556 1096 
11078 4 0 4614 2876 867 868 
11079 4 0 1731 3120 2332 2706 
11080 4 0 1459 2202 2906 468 
11081 4 0 1459 2906 3431 468 
11082 4 0 3885 3763 1749 3294 
11083 4 0 2286 1490 3267 1017 
11084 4 0 3351 2955 2886 2452 
11085 4 0 642 2663 1184 643 
11086 4 0 3717 4285 3087 3343 
11087 4 0 3087 979 3343 2594 
11088 4 0 383 881 4197 3355 
11089 4 0 3355 2616 4197 383 
11090 4 0 35 847 3607 2799 
11091 4 0 1103 3333 2995 742 
11092 4 0 1103 739 742 2436 
11093 4 0 1327 412 2443 2895 
11094 4 0 4559 3311 2106 3545 
11095 4 0 2918 2106 2418 3311 
11096 4 0 1670 1595 3732 3123 
11097 4 0 2582 1676 2082 2474 
11098 4 0 5 2405 875 14 
11099 4 0 14 875 1159 2405 
11100 4 0 2816 2652 2591 2395 
11101 4 0 1601 3528 2022 2903 
11102 4 0 2591 3412 2816 2395 
11103 4 0 3004 1601 4491 4051 
11104 4 0 3968 2837 3531 1875 
11105 4 0 2437 2698 918 2332 
11106 4 0 2883 3031 795 1653 
11107 4 0 2584 2298 3390 3427 
11108 4 0 2298 2584 2331 1879 
11109 4 0 2543 2585 2981 2205 
11110 4 0 4420 3539 2943 1126 
11111 4 0 4478 3534 3114 4028 
11112 4 0 1570 2536 1613 2509 
11113 4 0 4103 2509 1613 2536 
11114 4 0 2654 1472 1124 2624 
11115 4 0 2310 1473 2707 4170 
11116 4 0 1460 3425 2326 1387 
11117 4 0 1460 2326 3425 4041 
11118 4 0 1281 3925 2390 941 
11119 4 0 199 4143 3747 780 
11120 4 0 199 2853 3747 1464 
11121 4 0 1520 3854 394 3443 
11122 4 0 956 2727 3185 1996 
11123 4 0 1188 3535 3307 2833 
11124 4 0 2727 2291 2037 1996 
11125 4 0 60 3613 52 1229 
11126 4 0 2308 1412 3405 2480 
11127 4 0 2393 805 1676 3221 
11128 4 0 2192 677 1897 1007 
11129 4 0 2454 677 2192 1007 
11130 4 0 2946 473 3182 2858 
11131 4 0 1302 3536 3916 654 
11132 4 0 3536 3616 4563 3916 
11133 4 0 1302 3536 654 2391 
11134 4 0 4306 4563 4006 3536 
11135 4 0 1455 2391 3536 1973 
11136 4 0 556 3435 561 3891 
11137 4 0 4483 4216 774 3517 
11138 4 0 774 3517 2462 2856 
11139 4 0 4216 774 3517 2462 
11140 4 0 4216 3517 1248 2462 
11141 4 0 774 4067 4483 2856 
11142 4 0 2856 774 3517 4483 
11143 4 0 2927 3609 1924 2987 
11144 4 0 1955 511 882 1796 
11145 4 0 2733 511 1955 1796 
11146 4 0 1955 2733 2095 511 
11147 4 0 3665 2098 3889 1316 
11148 4 0 3665 387 1316 1317 
11149 4 0 390 4216 2432 184 
11150 4 0 1552 3272 1970 2445 
11151 4 0 3027 2714 3392 2206 
11152 4 0 4552 4091 3028 1349 
11153 4 0 3537 4464 219 4234 
11154 4 0 665 958 3415 2408 
11155 4 0 202 219 1899 3537 
11156 4 0 2005 2959 800 3022 
11157 4 0 3537 219 4464 202 
11158 4 0 4421 3339 48 1143 
11159 4 0 1405 1919 2870 2268 
11160 4 0 3182 3949 3542 2280 
11161 4 0 3029 3182 3949 3542 
11162 4 0 1977 781 2156 770 
11163 4 0 1963 524 1094 3990 
11164 4 0 2998 892 891 3398 
11165 4 0 467 2050 1667 1614 
11166 4 0 1097 2814 2050 1614 
11167 4 0 560 492 4176 1279 
11168 4 0 492 1279 1427 4176 
11169 4 0 3754 30 4212 49 
11170 4 0 1929 3381 2913 2642 
11171 4 0 3571 3794 3935 4484 
11172 4 0 1976 3571 3935 3684 
11173 4 0 2063 375 1160 3928 
11174 4 0 3831 3547 3462 3942 
11175 4 0 1489 455 3893 1925 
11176 4 0 4168 4029 3075 2022 
11177 4 0 2591 3617 1831 3434 
11178 4 0 838 1229 41 52 
11179 4 0 2444 973 1405 2870 
11180 4 0 2870 2444 973 3472 
11181 4 0 679 3816 3078 2059 
11182 4 0 1956 3013 3929 3201 
11183 4 0 769 1943 378 1564 
11184 4 0 1778 2029 3549 24 
11185 4 0 1778 4374 24 3549 
11186 4 0 802 801 3619 3291 
11187 4 0 334 2429 432 2224 
11188 4 0 801 3619 3681 1766 
11189 4 0 3910 2992 3323 2688 
11190 4 0 2951 2331 1448 4089 
11191 4 0 1630 608 1622 4356 
11192 4 0 4559 2106 4564 4082 
11193 4 0 2089 1008 4588 2834 
11194 4 0 2913 3531 1929 1973 
11195 4 0 2788 2755 1661 4463 
11196 4 0 34 3591 47 2782 
11197 4 0 4322 3256 3721 4473 
11198 4 0 2889 2058 2008 4027 
11199 4 0 2938 3666 3628 1815 
11200 4 0 4082 2717 3552 4564 
11201 4 0 2793 1815 345 335 
11202 4 0 1453 4444 4144 3146 
11203 4 0 4418 2914 3516 4253 
11204 4 0 4216 4113 2432 184 
11205 4 0 2432 184 1198 390 
11206 4 0 3621 1310 3022 1311 
11207 4 0 1360 3022 3621 1310 
11208 4 0 3919 3022 3621 1360 
11209 4 0 157 3227 3193 3642 
11210 4 0 2650 3227 157 3642 
11211 4 0 3227 1771 629 3193 
11212 4 0 2777 594 2239 4048 
11213 4 0 2239 1034 3262 487 
11214 4 0 1034 2184 2239 4048 
11215 4 0 2239 3063 4048 594 
11216 4 0 3240 3622 3295 561 
11217 4 0 966 1500 1176 821 
11218 4 0 1340 3917 430 2361 
11219 4 0 1084 4533 3462 3956 
11220 4 0 2750 2314 4283 1697 
11221 4 0 1689 4151 895 2476 
11222 4 0 3601 2955 895 4151 
11223 4 0 2665 2459 1573 1572 
11224 4 0 3327 2555 1573 2459 
11225 4 0 1216 3455 1325 375 
11226 4 0 3928 1819 1683 1821 
11227 4 0 1325 3455 1821 375 
11228 4 0 1566 4545 1336 3985 
11229 4 0 2896 2753 799 865 
11230 4 0 3606 2753 2896 2568 
11231 4 0 3416 1217 3965 2927 
11232 4 0 1867 2879 3019 4191 
11233 4 0 1867 2975 2879 4191 
11234 4 0 300 432 4590 307 
11235 4 0 3598 4308 1015 2551 
11236 4 0 2073 3637 3477 2260 
11237 4 0 2260 3637 3477 906 
11238 4 0 4097 228 203 1354 
11239 4 0 2264 3240 2085 3106 
11240 4 0 2346 3561 2983 2970 
11241 4 0 4569 2259 1826 518 
11242 4 0 3620 452 2691 3284 
11243 4 0 3223 2652 2901 3941 
11244 4 0 302 1170 4521 3872 
11245 4 0 3607 533 2799 847 
11246 4 0 2272 3007 2586 4396 
11247 4 0 1398 925 991 2674 
11248 4 0 3287 1056 3428 1390 
11249 4 0 4303 1845 2101 2387 
11250 4 0 2554 3461 12 840 
11251 4 0 2554 2515 12 3461 
11252 4 0 1748 2013 3742 3278 
11253 4 0 4423 3566 562 46 
11254 4 0 2804 1192 1190 3628 
11255 4 0 2804 1192 3628 1695 
11256 4 0 2455 2366 2375 3152 
11257 4 0 3495 2496 4414 2272 
11258 4 0 2512 3921 4173 675 
11259 4 0 3083 507 3028 4091 
11260 4 0 4091 3083 1087 3028 
11261 4 0 2855 3241 406 2563 
11262 4 0 3544 493 1140 2757 
11263 4 0 3204 2606 2106 4174 
11264 4 0 4564 2106 2606 4174 
11265 4 0 2519 2629 2651 2716 
11266 4 0 1229 848 34 1230 
11267 4 0 2426 510 426 3846 
11268 4 0 3752 3643 954 2568 
11269 4 0 3947 3109 3801 687 
11270 4 0 3571 425 2424 3612 
11271 4 0 1709 2928 750 3571 
11272 4 0 1275 1500 3093 3803 
11273 4 0 2548 1573 2665 3327 
11274 4 0 1092 1572 2665 2548 
11275 4 0 2821 2073 3637 3477 
11276 4 0 2454 3117 3753 2192 
11277 4 0 2535 3205 3313 2419 
11278 4 0 3205 2535 1835 2419 
11279 4 0 3636 3117 2186 4421 
11280 4 0 831 2345 758 1881 
11281 4 0 3574 869 3210 1698 
11282 4 0 3619 536 886 3575 
11283 4 0 2704 3619 886 3575 
11284 4 0 2126 3669 3589 2565 
11285 4 0 3675 303 293 435 
11286 4 0 3675 440 3300 293 
11287 4 0 3197 3608 2550 3991 
11288 4 0 3197 922 2550 1315 
11289 4 0 1482 513 4199 1195 
11290 4 0 2273 642 2288 1286 
11291 4 0 4153 2904 999 2546 
11292 4 0 3801 4034 3383 3406 
11293 4 0 2704 2739 2379 3946 
11294 4 0 3578 442 295 289 
11295 4 0 1660 426 4234 4462 
11296 4 0 3537 426 4462 4234 
11297 4 0 792 945 468 2658 
11298 4 0 792 468 3431 2658 
11299 4 0 2658 2949 468 3125 
11300 4 0 3125 379 813 468 
11301 4 0 390 250 985 205 
11302 4 0 1080 1390 3922 3428 
11303 4 0 1080 1390 3428 1056 
11304 4 0 3581 2637 2095 2733 
11305 4 0 1334 1467 3257 2537 
11306 4 0 424 3925 2016 3640 
11307 4 0 2895 2679 2443 2724 
11308 4 0 2724 3736 2679 2443 
11309 4 0 4112 2467 4045 4136 
11310 4 0 3642 175 3193 157 
11311 4 0 3642 715 3193 192 
11312 4 0 2205 2695 3247 3149 
11313 4 0 3424 2695 3168 2205 
11314 4 0 3368 442 3578 289 
11315 4 0 3921 2808 3820 3586 
11316 4 0 3608 2550 1315 3197 
11317 4 0 2381 4559 4082 2106 
11318 4 0 3732 381 2218 567 
11319 4 0 3360 1518 2714 2160 
11320 4 0 2714 4057 1816 1886 
11321 4 0 3844 2678 2532 2740 
11322 4 0 3024 1496 1578 1798 
11323 4 0 2417 2703 2762 1578 
11324 4 0 366 3098 2076 3060 
11325 4 0 366 4404 2037 3098 
11326 4 0 1766 3681 4409 4135 
11327 4 0 4584 2266 4546 3499 
11328 4 0 3140 3830 4476 4026 
11329 4 0 2569 2313 979 2218 
11330 4 0 2569 2313 2631 979 
11331 4 0 3217 3772 4040 1498 
11332 4 0 2112 3404 4377 1891 
11333 4 0 3266 3770 3441 2064 
11334 4 0 505 3755 2654 1177 
11335 4 0 2624 3792 1177 3755 
11336 4 0 1642 712 3140 3830 
11337 4 0 3830 4456 3140 1642 
11338 4 0 2161 1779 1502 957 
11339 4 0 3846 936 2798 1747 
11340 4 0 2798 392 2390 1747 
11341 4 0 1607 1847 370 1733 
11342 4 0 2266 465 429 4467 
11343 4 0 4365 3504 2194 529 
11344 4 0 2685 2222 802 3562 
11345 4 0 2333 2730 3559 1455 
11346 4 0 4005 3645 4492 4167 
11347 4 0 1888 2040 3571 4484 
11348 4 0 4484 3571 1888 3935 
11349 4 0 4239 1912 1402 3804 
11350 4 0 1402 1912 3700 3804 
11351 4 0 3275 2614 665 3415 
11352 4 0 590 1678 3903 3594 
11353 4 0 2389 1159 2827 499 
11354 4 0 2994 2389 1216 875 
11355 4 0 1053 4484 2040 3873 
11356 4 0 2362 2714 2081 3392 
11357 4 0 2081 4432 2986 613 
11358 4 0 2081 2362 4432 4600 
11359 4 0 1921 3233 1042 3261 
11360 4 0 4050 3884 3595 3241 
11361 4 0 3432 2910 2306 3259 
11362 4 0 20 4212 2052 3754 
11363 4 0 4095 4190 87 1606 
11364 4 0 2697 567 381 1482 
11365 4 0 4243 2287 2530 3482 
11366 4 0 3893 3218 2856 3070 
11367 4 0 4317 3726 3913 4007 
11368 4 0 3175 3065 3350 4377 
11369 4 0 3381 4528 3598 3970 
11370 4 0 385 1377 1449 2077 
11371 4 0 3157 2802 2866 1016 
11372 4 0 3157 2802 1016 3538 
11373 4 0 1182 1509 2486 1510 
11374 4 0 3268 3725 1532 731 
11375 4 0 403 3602 4474 1582 
11376 4 0 791 468 1298 3232 
11377 4 0 965 971 3555 3851 
11378 4 0 471 3282 4465 2655 
11379 4 0 1677 567 1812 1811 
11380 4 0 305 320 439 314 
11381 4 0 818 1588 403 4455 
11382 4 0 3991 3608 2550 2652 
11383 4 0 925 2821 3187 991 
11384 4 0 987 73 3433 61 
11385 4 0 3924 508 507 3073 
11386 4 0 3932 507 508 2122 
11387 4 0 2272 2020 1578 3495 
11388 4 0 2417 1406 2703 2272 
11389 4 0 3459 760 4443 3352 
11390 4 0 2493 3492 624 3228 
11391 4 0 3228 3492 2877 2493 
11392 4 0 2823 4344 2659 3653 
11393 4 0 1580 3690 2950 1331 
11394 4 0 2784 958 665 1930 
11395 4 0 2784 4580 1930 665 
11396 4 0 2005 800 2959 2932 
11397 4 0 1175 3109 768 3738 
11398 4 0 2513 1440 3789 626 
11399 4 0 3789 2513 3614 3288 
11400 4 0 2606 3035 2918 336 
11401 4 0 336 1409 3035 3139 
11402 4 0 1521 3415 3618 1112 
11403 4 0 1519 3618 1112 1521 
11404 4 0 1532 1118 1130 2915 
11405 4 0 501 678 2247 3403 
11406 4 0 2247 501 3692 678 
11407 4 0 3403 501 678 2773 
11408 4 0 4131 4268 2927 2779 
11409 4 0 2101 763 908 373 
11410 4 0 3165 592 3317 1830 
11411 4 0 2082 3560 3317 1830 
11412 4 0 2799 3607 35 905 
11413 4 0 2303 407 429 3499 
11414 4 0 3353 429 407 3499 
11415 4 0 3449 2383 539 3609 
11416 4 0 2660 4004 2711 2987 
11417 4 0 2638 2557 3890 2920 
11418 4 0 4066 2638 2557 3890 
11419 4 0 887 1360 1069 3022 
11420 4 0 2881 3859 3836 3129 
11421 4 0 457 4449 2641 3368 
11422 4 0 1851 1850 3981 3885 
11423 4 0 2132 1851 3981 3885 
11424 4 0 1426 1851 3885 1850 
11425 4 0 457 4449 3264 2641 
11426 4 0 3009 394 3854 455 
11427 4 0 23 848 369 34 
11428 4 0 34 23 499 369 
11429 4 0 499 23 1159 369 
11430 4 0 1135 3863 1893 4571 
11431 4 0 1331 3530 1350 2556 
11432 4 0 1331 3530 2556 3775 
11433 4 0 3965 1536 2954 2927 
11434 4 0 857 3022 2181 920 
11435 4 0 2983 3662 2653 2346 
11436 4 0 1370 2546 4073 3253 
11437 4 0 2107 3301 1578 3243 
11438 4 0 1957 1557 2061 466 
11439 4 0 3942 3769 1474 4541 
11440 4 0 1889 407 429 2303 
11441 4 0 1778 2029 2812 3549 
11442 4 0 1873 1872 1683 1842 
11443 4 0 3621 3022 541 1311 
11444 4 0 3919 541 3621 3022 
11445 4 0 2708 2315 3834 2276 
11446 4 0 4410 4423 562 46 
11447 4 0 3585 2897 4488 3615 
11448 4 0 4488 750 3615 2897 
11449 4 0 814 607 169 4438 
11450 4 0 607 3861 1561 814 
11451 4 0 4438 607 169 1361 
11452 4 0 2152 4229 2713 3535 
11453 4 0 612 3614 3436 3679 
11454 4 0 1386 4183 2983 3718 
11455 4 0 4025 3144 1880 3392 
11456 4 0 1519 4162 3618 1521 
11457 4 0 3415 3618 1937 2671 
11458 4 0 4450 3415 1112 3618 
11459 4 0 3262 3370 1897 2765 
11460 4 0 4076 1897 3370 2765 
11461 4 0 2924 3262 2765 3370 
11462 4 0 3382 3730 965 1818 
11463 4 0 1430 1616 1585 2331 
11464 4 0 1879 2021 3457 3845 
11465 4 0 1585 1616 3457 2331 
11466 4 0 930 2906 3125 1777 
11467 4 0 2906 930 3425 2718 
11468 4 0 804 2559 3221 3332 
11469 4 0 3393 244 4351 926 
11470 4 0 3620 767 3448 1800 
11471 4 0 767 3620 4417 1800 
11472 4 0 52 1398 41 838 
11473 4 0 52 3279 41 1398 
11474 4 0 4106 1398 3279 2690 
11475 4 0 2005 800 2932 4196 
11476 4 0 1103 1766 609 454 
11477 4 0 454 801 4409 1766 
11478 4 0 430 1998 3664 407 
11479 4 0 53 2404 3262 3687 
11480 4 0 2219 3271 4140 1970 
11481 4 0 1076 3626 2248 2639 
11482 4 0 630 633 188 209 
11483 4 0 2039 1368 1369 595 
11484 4 0 2781 3450 3777 453 
11485 4 0 3420 617 1237 2889 
11486 4 0 2115 1073 2889 1733 
11487 4 0 2789 2558 2697 382 
11488 4 0 2456 688 903 962 
11489 4 0 2101 2478 3017 908 
11490 4 0 908 2478 2002 3104 
11491 4 0 1968 1766 3201 1103 
11492 4 0 3155 2331 3243 2973 
11493 4 0 2959 800 3022 1766 
11494 4 0 1968 4135 2959 1766 
11495 4 0 2748 2959 1968 4135 
11496 4 0 3405 1376 2480 1412 
11497 4 0 4468 550 4124 4300 
11498 4 0 3398 2712 2998 550 
11499 4 0 2674 3279 1398 2899 
11500 4 0 3443 3624 236 4200 
11501 4 0 3053 602 2563 2855 
11502 4 0 1546 608 4120 1362 
11503 4 0 1023 382 2697 2558 
11504 4 0 2841 2930 954 2753 
11505 4 0 1645 2760 993 741 
11506 4 0 2927 4268 2510 3741 
11507 4 0 2763 2184 1037 1834 
11508 4 0 1309 2160 3575 1644 
11509 4 0 3503 4490 4494 2838 
11510 4 0 2999 4405 3667 1597 
11511 4 0 2246 3263 3722 2669 
11512 4 0 4152 2665 2459 1571 
11513 4 0 396 2013 1903 1612 
11514 4 0 646 2615 3363 1100 
11515 4 0 2098 3665 1013 387 
11516 4 0 2181 857 2379 3022 
11517 4 0 336 3035 2979 2966 
11518 4 0 2638 3105 1790 2384 
11519 4 0 1930 2408 958 665 
11520 4 0 1717 3426 2393 4381 
11521 4 0 1833 1363 1631 638 
11522 4 0 719 4112 1749 3702 
11523 4 0 4510 3264 958 1930 
11524 4 0 2822 2410 3001 2054 
11525 4 0 4043 2021 3980 3155 
11526 4 0 4043 2542 2021 3155 
11527 4 0 1558 3739 4077 3765 
11528 4 0 2811 3001 1801 4339 
11529 4 0 2747 1657 3333 454 
11530 4 0 1790 2557 2638 2538 
11531 4 0 2828 3128 3742 1612 
11532 4 0 2592 1035 599 3573 
11533 4 0 1678 1831 3903 3898 
11534 4 0 2510 3156 509 1924 
11535 4 0 1808 4271 1812 1677 
11536 4 0 2080 3418 3936 3328 
11537 4 0 619 2080 3936 3328 
11538 4 0 1033 3991 4078 2508 
11539 4 0 2935 2620 2123 227 
11540 4 0 2123 227 2620 252 
11541 4 0 2364 879 2989 878 
11542 4 0 2381 2106 3545 4559 
11543 4 0 2331 3406 3986 2435 
11544 4 0 1966 190 1223 2885 
11545 4 0 1223 2885 174 1416 
11546 4 0 609 908 4363 1766 
11547 4 0 4421 2312 1143 3117 
11548 4 0 909 1544 2312 3117 
11549 4 0 4475 3665 3244 3765 
11550 4 0 3719 1558 4077 3765 
11551 4 0 4475 3719 4077 3765 
11552 4 0 2753 3752 954 2568 
11553 4 0 3404 1891 1009 2892 
11554 4 0 2483 2171 1891 2780 
11555 4 0 2297 1563 1168 1475 
11556 4 0 4412 3921 3855 114 
11557 4 0 328 2527 339 2324 
11558 4 0 3932 4063 4543 3638 
11559 4 0 3476 1800 3620 2881 
11560 4 0 3476 1800 2881 4070 
11561 4 0 1402 3700 1980 3804 
11562 4 0 2770 2671 2135 3415 
11563 4 0 2770 2671 3485 2135 
11564 4 0 2671 2135 2801 3485 
11565 4 0 1880 2206 3392 3144 
11566 4 0 2787 2514 1439 2759 
11567 4 0 2787 2514 2759 1427 
11568 4 0 3505 2478 4401 3340 
11569 4 0 4206 4401 2478 3340 
11570 4 0 3505 3104 4401 2478 
11571 4 0 3148 623 2714 3360 
11572 4 0 3854 456 455 3443 
11573 4 0 1718 2089 3122 1714 
11574 4 0 3334 3012 2956 722 
11575 4 0 3005 2956 4611 722 
11576 4 0 2736 2265 1496 3495 
11577 4 0 2128 3209 3071 2548 
11578 4 0 3745 3928 4399 1816 
11579 4 0 3928 2738 4399 1816 
11580 4 0 1173 610 2200 888 
11581 4 0 3854 4480 394 3683 
11582 4 0 3892 3640 3032 3554 
11583 4 0 3482 2530 2240 587 
11584 4 0 1824 1387 955 3125 
11585 4 0 2457 2566 1409 3204 
11586 4 0 722 1647 2722 727 
11587 4 0 1647 2722 727 728 
11588 4 0 7 846 3461 366 
11589 4 0 953 3752 3215 3643 
11590 4 0 1536 1326 2954 2510 
11591 4 0 4268 1536 2510 1419 
11592 4 0 4533 3956 1083 4535 
11593 4 0 4535 3956 1083 3595 
11594 4 0 1848 1411 2657 2480 
11595 4 0 1758 1728 705 735 
11596 4 0 3226 3510 2105 3836 
11597 4 0 1517 4181 4352 3717 
11598 4 0 4420 1126 1299 4235 
11599 4 0 3373 2467 3230 1983 
11600 4 0 349 341 2532 4036 
11601 4 0 2637 390 511 2432 
11602 4 0 383 877 1841 2616 
11603 4 0 877 4301 1383 2616 
11604 4 0 2720 2999 3902 4405 
11605 4 0 3632 1144 4374 1778 
11606 4 0 1144 1585 3632 707 
11607 4 0 409 1583 1233 2953 
11608 4 0 1149 1150 811 3608 
11609 4 0 760 3807 4443 1911 
11610 4 0 3719 1558 3765 3439 
11611 4 0 3741 1797 1835 1284 
11612 4 0 3765 3439 3729 1194 
11613 4 0 95 3788 3493 122 
11614 4 0 2736 2707 3500 3003 
11615 4 0 2984 2103 2075 2855 
11616 4 0 2103 2855 2984 2316 
11617 4 0 2686 3741 380 4260 
11618 4 0 1625 4357 638 3787 
11619 4 0 2227 3618 4567 4162 
11620 4 0 2671 3618 2227 4162 
11621 4 0 3721 1489 2352 3070 
11622 4 0 4162 3618 4567 4523 
11623 4 0 3914 4127 2326 2930 
11624 4 0 3801 687 3406 3383 
11625 4 0 4048 2239 1034 3063 
11626 4 0 594 2777 3423 1508 
11627 4 0 1129 1131 1117 451 
11628 4 0 1117 498 451 1533 
11629 4 0 1533 498 2154 1117 
11630 4 0 2066 3654 3206 1917 
11631 4 0 451 1533 1131 1117 
11632 4 0 1074 1569 3206 2066 
11633 4 0 2982 681 2662 3569 
11634 4 0 966 3590 4592 2070 
11635 4 0 2603 314 2527 3696 
11636 4 0 3696 328 2527 2304 
11637 4 0 1517 4181 3717 3796 
11638 4 0 1762 4352 3447 3717 
11639 4 0 589 2896 2753 799 
11640 4 0 3471 947 589 3231 
11641 4 0 1290 3892 4037 3640 
11642 4 0 4097 257 228 1354 
11643 4 0 2152 2301 3258 2713 
11644 4 0 4504 3451 2385 4555 
11645 4 0 3618 1525 1112 4450 
11646 4 0 3262 2404 2666 3687 
11647 4 0 1917 1606 2066 3654 
11648 4 0 4240 1917 3654 1606 
11649 4 0 4472 3371 3882 4471 
11650 4 0 1217 880 2506 3416 
11651 4 0 3778 1896 3862 4033 
11652 4 0 2876 3364 1541 2425 
11653 4 0 274 3720 1682 4033 
11654 4 0 2200 2682 4269 2762 
11655 4 0 3759 1671 1672 1120 
11656 4 0 3759 373 1671 1120 
11657 4 0 4159 2615 3419 2288 
11658 4 0 1979 738 2322 3248 
11659 4 0 1862 3908 4536 3083 
11660 4 0 3501 3253 999 2546 
11661 4 0 3013 2995 1643 3201 
11662 4 0 536 3546 1309 3575 
11663 4 0 4415 3546 2540 3575 
11664 4 0 802 454 3933 1657 
11665 4 0 2745 2002 2760 2705 
11666 4 0 3188 355 477 354 
11667 4 0 344 355 477 3188 
11668 4 0 477 354 474 3188 
11669 4 0 2023 3210 3217 1261 
11670 4 0 2140 3779 1282 2900 
11671 4 0 2728 585 2205 2981 
11672 4 0 2728 1765 2543 2205 
11673 4 0 2205 2728 2981 2543 
11674 4 0 4357 3978 1173 2080 
11675 4 0 3531 2835 1973 1454 
11676 4 0 3531 2902 2848 2835 
11677 4 0 3557 4605 4089 4391 
11678 4 0 990 1201 989 3859 
11679 4 0 2757 3210 3926 3217 
11680 4 0 2040 2121 4171 1249 
11681 4 0 2126 2214 4139 3641 
11682 4 0 3765 3218 3739 3893 
11683 4 0 2824 2243 3519 3991 
11684 4 0 2824 3085 1368 595 
11685 4 0 32 562 4387 21 
11686 4 0 2974 581 4104 2088 
11687 4 0 3031 1105 2883 2747 
11688 4 0 2745 1645 4011 3236 
11689 4 0 3656 3610 1632 3661 
11690 4 0 1035 3219 2592 599 
11691 4 0 3334 2722 2274 722 
11692 4 0 3741 2535 2927 1835 
11693 4 0 2657 2480 3310 1848 
11694 4 0 2349 3016 3513 3134 
11695 4 0 1716 3338 2914 3115 
11696 4 0 2510 509 3156 1440 
11697 4 0 2430 3427 661 3372 
11698 4 0 860 2954 383 509 
11699 4 0 1496 1465 1065 1618 
11700 4 0 3244 3765 3893 3070 
11701 4 0 3070 3244 1489 3893 
11702 4 0 2811 1118 2915 3900 
11703 4 0 399 3571 1052 4488 
11704 4 0 2679 1280 2908 2196 
11705 4 0 4577 3499 4578 4546 
11706 4 0 1137 3739 3665 4077 
11707 4 0 2927 2535 3486 1835 
11708 4 0 3821 4111 2900 3203 
11709 4 0 2826 1590 2413 410 
11710 4 0 2502 3427 661 2430 
11711 4 0 377 1077 661 3372 
11712 4 0 1114 3178 3463 4339 
11713 4 0 1766 4363 2222 2181 
11714 4 0 1910 2835 3146 2848 
11715 4 0 4444 3146 1910 2091 
11716 4 0 2835 1910 2902 2848 
11717 4 0 2818 429 4466 4071 
11718 4 0 2788 4461 2139 4071 
11719 4 0 3991 2243 3197 3085 
11720 4 0 574 2139 4463 2185 
11721 4 0 4594 2139 4506 2185 
11722 4 0 3801 4010 3856 4034 
11723 4 0 3698 554 3295 2819 
11724 4 0 4152 1572 2459 2665 
11725 4 0 1573 2665 3327 2459 
11726 4 0 3101 2642 4134 2551 
11727 4 0 1218 4284 2900 1338 
11728 4 0 3566 840 562 46 
11729 4 0 3399 2891 2803 2861 
11730 4 0 2727 1461 2037 2291 
11731 4 0 3151 1570 3673 2536 
11732 4 0 3673 3091 2536 2847 
11733 4 0 51 841 851 2365 
11734 4 0 4510 958 2784 1930 
11735 4 0 1957 1953 1634 2392 
11736 4 0 1634 1953 3633 2392 
11737 4 0 2037 788 1461 2727 
11738 4 0 2967 2675 3804 4261 
11739 4 0 2347 648 2567 2602 
11740 4 0 3778 3389 4583 4544 
11741 4 0 1896 3778 4583 4544 
11742 4 0 3552 4174 657 4082 
11743 4 0 4082 4174 657 2106 
11744 4 0 657 4558 3552 4082 
11745 4 0 3552 4174 1478 657 
11746 4 0 2399 461 3499 829 
11747 4 0 1601 4051 3528 2903 
11748 4 0 4167 4051 3528 2406 
11749 4 0 2300 4181 3960 2124 
11750 4 0 1745 2031 3614 681 
11751 4 0 251 1300 2869 232 
11752 4 0 2321 1561 3939 506 
11753 4 0 4265 3131 2596 3417 
11754 4 0 747 3572 3362 3149 
11755 4 0 2184 3097 1834 2378 
11756 4 0 1004 4451 2475 1515 
11757 4 0 190 174 1223 2885 
11758 4 0 1292 719 3676 723 
11759 4 0 1644 4415 2540 3575 
11760 4 0 2247 878 501 1381 
11761 4 0 4293 481 2758 2354 
11762 4 0 4073 3532 4153 2437 
11763 4 0 4269 2978 1142 2762 
11764 4 0 1854 643 1855 2353 
11765 4 0 3078 2857 645 4267 
11766 4 0 648 2567 2857 4267 
11767 4 0 2332 1504 2706 3120 
11768 4 0 1485 3945 4325 4436 
11769 4 0 4327 3945 612 4325 
11770 4 0 4494 1690 2838 4490 
11771 4 0 2244 299 2677 2871 
11772 4 0 2998 2712 1687 2604 
11773 4 0 2604 2998 1696 1687 
11774 4 0 2706 3708 1182 1511 
11775 4 0 2039 2243 3220 3519 
11776 4 0 1368 3085 2583 595 
11777 4 0 595 1368 1369 3270 
11778 4 0 312 3675 323 435 
11779 4 0 158 2970 3561 2346 
11780 4 0 723 719 3676 2551 
11781 4 0 3676 719 1292 3748 
11782 4 0 3748 3676 719 4112 
11783 4 0 3319 3103 252 3224 
11784 4 0 3679 3436 1876 3789 
11785 4 0 2515 2554 21 4387 
11786 4 0 562 21 2554 4387 
11787 4 0 1350 1580 755 3530 
11788 4 0 1350 1580 3530 3690 
11789 4 0 3046 1382 450 3223 
11790 4 0 3857 3223 1045 1383 
11791 4 0 4197 4301 877 2616 
11792 4 0 2156 2900 1028 1780 
11793 4 0 1977 2900 1028 2156 
11794 4 0 2900 3083 3028 2276 
11795 4 0 3324 1752 2865 2298 
11796 4 0 927 2872 3309 2861 
11797 4 0 3399 2872 2861 3309 
11798 4 0 2799 925 371 1398 
11799 4 0 1419 1440 2510 626 
11800 4 0 2954 509 1924 2510 
11801 4 0 2075 1474 3884 2879 
11802 4 0 2075 2103 1474 3044 
11803 4 0 3275 3415 2135 1112 
11804 4 0 3415 1112 1521 2135 
11805 4 0 612 1022 3828 3614 
11806 4 0 4104 577 2240 4103 
11807 4 0 3826 4103 4104 2854 
11808 4 0 3982 3355 4001 4197 
11809 4 0 60 2690 3756 3866 
11810 4 0 645 2363 2713 2301 
11811 4 0 4104 4103 2536 2854 
11812 4 0 2469 4155 2646 3564 
11813 4 0 2282 1920 4098 4211 
11814 4 0 3091 2854 4158 4104 
11815 4 0 1714 3338 3396 1102 
11816 4 0 3839 2424 3684 3867 
11817 4 0 719 2190 1749 872 
11818 4 0 2698 2437 918 4153 
11819 4 0 4494 1691 1693 2838 
11820 4 0 2838 1693 549 1691 
11821 4 0 2404 1435 1897 2751 
11822 4 0 430 1971 828 3612 
11823 4 0 3612 4270 3056 430 
11824 4 0 3460 3204 1409 3035 
11825 4 0 621 2126 2081 2986 
11826 4 0 3846 936 1746 3537 
11827 4 0 2711 1532 1130 2915 
11828 4 0 1506 2261 2777 2051 
11829 4 0 3724 1369 823 3220 
11830 4 0 120 3724 3220 94 
11831 4 0 3268 452 3725 731 
11832 4 0 533 532 2681 2260 
11833 4 0 1627 4030 3689 3815 
11834 4 0 3689 4030 607 695 
11835 4 0 3689 812 3803 3135 
11836 4 0 4355 3815 1627 3689 
11837 4 0 350 1548 1661 4463 
11838 4 0 4463 574 350 1548 
11839 4 0 574 2139 1548 4463 
11840 4 0 93 630 118 629 
11841 4 0 629 630 136 157 
11842 4 0 118 136 629 630 
11843 4 0 3701 157 630 629 
11844 4 0 3118 2820 2186 2454 
11845 4 0 4611 2772 3005 1647 
11846 4 0 1101 1099 3441 165 
11847 4 0 4106 1398 2674 3279 
11848 4 0 424 3211 3554 2675 
11849 4 0 3035 3460 4098 2370 
11850 4 0 1351 4499 4498 2563 
11851 4 0 3511 1777 3431 2906 
11852 4 0 2906 3125 1777 2658 
11853 4 0 2906 1777 3431 2658 
11854 4 0 949 2078 1895 511 
11855 4 0 2315 1895 2276 511 
11856 4 0 2478 2002 2737 3017 
11857 4 0 3451 4504 1605 4505 
11858 4 0 3821 4111 2708 2900 
11859 4 0 2288 2605 1869 2615 
11860 4 0 4042 2334 4429 2605 
11861 4 0 1020 1021 1281 3112 
11862 4 0 1020 1281 2390 3112 
11863 4 0 4607 3922 1049 1390 
11864 4 0 1749 3294 3763 2423 
11865 4 0 2440 3668 3466 1451 
11866 4 0 2479 3913 3481 4007 
11867 4 0 944 1502 2161 1076 
11868 4 0 2310 3202 2161 944 
11869 4 0 2439 2819 2400 1063 
11870 4 0 3985 1566 3044 2879 
11871 4 0 468 2906 3431 2658 
11872 4 0 3671 90 1386 3382 
11873 4 0 90 3382 3671 4233 
11874 4 0 3317 3403 2626 447 
11875 4 0 3064 314 2603 3696 
11876 4 0 314 3696 328 2527 
11877 4 0 2834 3976 4588 2089 
11878 4 0 1466 835 3010 491 
11879 4 0 2610 1439 2597 2292 
11880 4 0 3067 733 1575 3329 
11881 4 0 2468 964 4341 2795 
11882 4 0 3546 4117 537 2540 
11883 4 0 2001 4019 957 3202 
11884 4 0 468 3232 1459 2202 
11885 4 0 1981 4190 4195 111 
11886 4 0 540 3699 3777 3450 
11887 4 0 3934 3183 1282 3083 
11888 4 0 2388 4292 3342 1282 
11889 4 0 2388 3342 2140 1282 
11890 4 0 714 1294 2937 3983 
11891 4 0 3486 2364 2299 2535 
11892 4 0 3701 221 630 192 
11893 4 0 3701 157 175 630 
11894 4 0 3701 175 192 630 
11895 4 0 630 221 3701 3224 
11896 4 0 4435 2919 3015 2686 
11897 4 0 1003 3884 2879 3595 
11898 4 0 2836 2482 528 4149 
11899 4 0 1749 3702 4112 3763 
11900 4 0 1688 4281 3703 1689 
11901 4 0 4281 866 1688 3703 
11902 4 0 4555 2385 516 2213 
11903 4 0 1545 4298 4323 3156 
11904 4 0 878 3692 2247 501 
11905 4 0 4190 505 1450 3820 
11906 4 0 1683 1518 1874 2348 
11907 4 0 3654 4190 1569 3087 
11908 4 0 2573 4009 2984 1080 
11909 4 0 2075 2855 3241 1621 
11910 4 0 1350 1580 3783 755 
11911 4 0 196 3266 388 1453 
11912 4 0 1676 3214 1153 544 
11913 4 0 2443 3736 2679 2759 
11914 4 0 2793 335 324 3095 
11915 4 0 2793 335 3095 1815 
11916 4 0 655 444 3230 4188 
11917 4 0 1815 2938 335 3092 
11918 4 0 4067 3021 3720 3218 
11919 4 0 4216 184 1391 216 
11920 4 0 2856 3751 1205 4262 
11921 4 0 1843 3732 4271 1677 
11922 4 0 2921 910 3855 3586 
11923 4 0 2921 910 3586 2896 
11924 4 0 2918 2106 3035 2606 
11925 4 0 3763 3294 1494 654 
11926 4 0 3263 2063 1820 2246 
11927 4 0 3692 2063 1820 3263 
11928 4 0 3029 4036 2244 2858 
11929 4 0 72 843 3324 64 
11930 4 0 72 843 82 3324 
11931 4 0 633 2716 144 166 
11932 4 0 4296 978 3217 2723 
11933 4 0 534 540 3450 1313 
11934 4 0 4438 695 4439 1450 
11935 4 0 3689 695 607 1450 
11936 4 0 3618 4523 1400 3229 
11937 4 0 4046 4188 3230 2467 
11938 4 0 837 3707 3864 672 
11939 4 0 707 687 1488 372 
11940 4 0 2047 687 1488 3523 
11941 4 0 3640 2013 396 2295 
11942 4 0 53 3262 2404 2794 
11943 4 0 53 39 2404 3687 
11944 4 0 2117 3865 4375 3776 
11945 4 0 2256 3579 1405 3177 
11946 4 0 3499 4546 4584 4578 
11947 4 0 4431 4599 3904 3184 
11948 4 0 56 2004 2782 3588 
11949 4 0 526 1354 2991 3438 
11950 4 0 943 2753 3752 3823 
11951 4 0 3823 3752 2930 2753 
11952 4 0 1486 1441 3688 3469 
11953 4 0 1636 2888 3277 3271 
11954 4 0 1541 4493 868 2876 
11955 4 0 3428 3353 3603 3841 
11956 4 0 2009 1399 4034 3801 
11957 4 0 1437 868 4493 2876 
11958 4 0 2009 3467 3172 3801 
11959 4 0 3381 1875 4529 3531 
11960 4 0 2913 3531 1973 1875 
11961 4 0 3334 725 3375 3157 
11962 4 0 1457 1779 2161 2002 
11963 4 0 2991 1354 228 257 
11964 4 0 3020 3974 3039 539 
11965 4 0 1375 1481 2894 1304 
11966 4 0 1304 3208 1481 2894 
11967 4 0 3110 3324 82 2865 
11968 4 0 3324 2865 2453 82 
11969 4 0 3571 2928 2424 3839 
11970 4 0 1533 2618 2154 498 
11971 4 0 4355 3135 3815 3689 
11972 4 0 3062 4010 3986 1431 
11973 4 0 1346 4467 2609 2303 
11974 4 0 3062 3986 4010 2435 
11975 4 0 316 3108 4604 434 
11976 4 0 4423 4413 696 3521 
11977 4 0 1311 3749 2160 1786 
11978 4 0 2888 2922 1636 3277 
11979 4 0 3140 712 3721 3830 
11980 4 0 2059 1997 3441 2027 
11981 4 0 413 2670 2445 969 
11982 4 0 3473 413 441 969 
11983 4 0 2973 3155 2584 3379 
11984 4 0 1348 2563 1591 3067 
11985 4 0 4093 2563 1591 1348 
11986 4 0 2977 1508 2777 70 
11987 4 0 2653 117 3662 3718 
11988 4 0 3561 3835 1421 1307 
11989 4 0 765 470 1355 469 
11990 4 0 765 4587 469 1355 
11991 4 0 767 3620 2691 3284 
11992 4 0 1878 2617 1456 2498 
11993 4 0 404 3807 1878 760 
11994 4 0 1959 3973 2493 1960 
11995 4 0 3947 3109 1547 1611 
11996 4 0 1959 2392 1953 2062 
11997 4 0 4385 881 4128 4031 
11998 4 0 1479 1408 1422 2828 
11999 4 0 2132 1479 1422 2828 
12000 4 0 3484 3586 910 2896 
12001 4 0 3326 2951 763 834 
12002 4 0 3137 3406 4010 3986 
12003 4 0 3507 608 1239 3743 
12004 4 0 4003 3743 608 3507 
12005 4 0 2110 3116 3328 3728 
12006 4 0 4611 1647 3005 722 
12007 4 0 1891 544 1207 1153 
12008 4 0 3729 3765 1599 1558 
12009 4 0 1558 3439 3729 3765 
12010 4 0 702 1915 1154 4078 
12011 4 0 2631 979 2534 3494 
12012 4 0 998 3859 989 2964 
12013 4 0 3314 1036 2887 1989 
12014 4 0 4293 1068 481 2354 
12015 4 0 1068 2354 4293 367 
12016 4 0 1761 4263 526 1827 
12017 4 0 803 2751 1897 2192 
12018 4 0 3638 508 3329 3932 
12019 4 0 1433 1434 3776 4052 
12020 4 0 1961 3117 2820 2454 
12021 4 0 3123 1595 3732 4041 
12022 4 0 3676 4136 3325 3999 
12023 4 0 808 2904 804 2102 
12024 4 0 1529 926 3805 3939 
12025 4 0 1873 1842 3086 4600 
12026 4 0 4482 1012 299 2244 
12027 4 0 2939 2335 2244 4482 
12028 4 0 3820 1330 2521 1569 
12029 4 0 2244 1012 2939 4482 
12030 4 0 299 4482 2244 2335 
12031 4 0 2310 1473 2776 2707 
12032 4 0 2991 624 652 3492 
12033 4 0 2663 2567 3365 896 
12034 4 0 3005 404 760 1913 
12035 4 0 3005 760 4611 1911 
12036 4 0 1911 4611 1914 760 
12037 4 0 160 2512 563 138 
12038 4 0 4454 817 4252 3181 
12039 4 0 383 1440 509 2954 
12040 4 0 3524 2068 2556 3841 
12041 4 0 1350 3353 755 754 
12042 4 0 1063 561 3240 3295 
12043 4 0 2377 2052 6 11 
12044 4 0 1778 3632 2377 4374 
12045 4 0 24 1778 845 6 
12046 4 0 2225 2732 2214 3641 
12047 4 0 3641 2225 1469 2214 
12048 4 0 1447 244 3393 926 
12049 4 0 1726 4350 3755 1486 
12050 4 0 3300 324 433 2793 
12051 4 0 1648 3029 4036 2244 
12052 4 0 307 300 432 2429 
12053 4 0 3458 300 307 2429 
12054 4 0 102 3770 4305 2359 
12055 4 0 2359 3770 4305 4147 
12056 4 0 1986 2670 4532 913 
12057 4 0 3882 420 3690 1350 
12058 4 0 386 1221 167 1220 
12059 4 0 186 2829 3757 386 
12060 4 0 386 2829 3955 1221 
12061 4 0 3324 2944 2298 3566 
12062 4 0 2829 1221 386 1220 
12063 4 0 4225 4436 612 3945 
12064 4 0 3536 4306 1455 4006 
12065 4 0 3288 3436 3129 3614 
12066 4 0 1524 3481 3734 3590 
12067 4 0 1842 2674 2878 2081 
12068 4 0 3661 3508 2169 1951 
12069 4 0 414 385 4604 3108 
12070 4 0 316 414 4604 3108 
12071 4 0 4289 2937 4295 682 
12072 4 0 2937 4295 682 4332 
12073 4 0 2525 1765 2255 718 
12074 4 0 1790 1665 2372 689 
12075 4 0 2911 926 3931 3357 
12076 4 0 1490 3051 1486 2286 
12077 4 0 3051 525 3688 2286 
12078 4 0 2754 3499 4582 2399 
12079 4 0 3537 3320 1781 1699 
12080 4 0 1071 3130 4209 2123 
12081 4 0 1071 3130 2123 2935 
12082 4 0 2728 1765 718 2961 
12083 4 0 2757 2597 3217 2514 
12084 4 0 2514 2757 978 3217 
12085 4 0 983 984 3924 921 
12086 4 0 921 3924 2121 399 
12087 4 0 2517 1305 1375 1303 
12088 4 0 467 2368 4232 3170 
12089 4 0 3277 2984 2573 3271 
12090 4 0 4333 3271 3950 2984 
12091 4 0 3839 1340 3867 752 
12092 4 0 3893 3665 2098 3889 
12093 4 0 3893 1013 1925 2098 
12094 4 0 2687 768 1038 3738 
12095 4 0 768 2687 3712 3738 
12096 4 0 2068 3353 2556 3841 
12097 4 0 3482 2585 2375 3209 
12098 4 0 404 2491 4130 3538 
12099 4 0 4049 3739 4313 4067 
12100 4 0 2115 1237 2889 3420 
12101 4 0 2725 3666 3772 1695 
12102 4 0 1095 3051 3688 3469 
12103 4 0 3469 3688 570 1441 
12104 4 0 1095 4198 3051 3469 
12105 4 0 3686 3901 3160 3707 
12106 4 0 20 3864 837 30 
12107 4 0 837 30 3864 3707 
12108 4 0 20 30 3731 3864 
12109 4 0 774 4347 4348 1898 
12110 4 0 4347 4348 1179 774 
12111 4 0 4592 1491 2070 3740 
12112 4 0 1491 3726 3634 3740 
12113 4 0 3774 2745 1174 2760 
12114 4 0 3957 2122 3329 3073 
12115 4 0 2040 4171 2121 1053 
12116 4 0 3204 2566 1478 1480 
12117 4 0 4332 1479 3128 2828 
12118 4 0 1569 1538 1074 3206 
12119 4 0 3087 3206 1538 1569 
12120 4 0 835 3376 3906 2003 
12121 4 0 788 786 1996 3234 
12122 4 0 2046 3743 3977 1067 
12123 4 0 1067 3743 3155 1839 
12124 4 0 3744 1624 1622 4356 
12125 4 0 3744 3543 4356 3507 
12126 4 0 3202 2898 3176 944 
12127 4 0 3426 2581 3363 378 
12128 4 0 1575 4551 508 733 
12129 4 0 3478 984 399 1575 
12130 4 0 2028 386 2439 2829 
12131 4 0 1224 1031 1221 3955 
12132 4 0 1460 2326 4041 3746 
12133 4 0 4185 3151 3808 3399 
12134 4 0 3809 292 300 411 
12135 4 0 2869 2835 3146 4452 
12136 4 0 4444 2091 4452 3146 
12137 4 0 1245 774 1179 2432 
12138 4 0 437 1254 3428 1255 
12139 4 0 4326 1992 820 4357 
12140 4 0 3167 2439 3267 2819 
12141 4 0 3167 3267 2439 3757 
12142 4 0 4158 4448 2088 3090 
12143 4 0 1577 4308 2551 723 
12144 4 0 3676 723 2551 4308 
12145 4 0 1799 1619 3750 3711 
12146 4 0 4007 1434 3711 1799 
12147 4 0 2709 1535 3276 1806 
12148 4 0 1359 529 528 526 
12149 4 0 1561 389 1061 4118 
12150 4 0 2858 2905 2356 415 
12151 4 0 2254 1156 3222 3714 
12152 4 0 3436 3129 2330 3288 
12153 4 0 3031 2747 2883 795 
12154 4 0 1386 2983 3382 3723 
12155 4 0 3678 2983 3723 3382 
12156 4 0 4427 1531 4428 1890 
12157 4 0 272 1823 3393 3260 
12158 4 0 272 244 3393 1823 
12159 4 0 3129 3727 4346 1522 
12160 4 0 2964 3859 1907 2912 
12161 4 0 2637 2912 1179 2432 
12162 4 0 1907 2912 1179 2637 
12163 4 0 1965 1916 3784 3167 
12164 4 0 1916 3784 3167 4352 
12165 4 0 1803 3836 2691 3448 
12166 4 0 3244 1194 3765 3070 
12167 4 0 2146 2372 1665 3354 
12168 4 0 3785 4046 3373 2467 
12169 4 0 2016 2675 3804 3925 
12170 4 0 3758 3163 2673 142 
12171 4 0 3249 3508 3564 3492 
12172 4 0 1807 3859 2936 3836 
12173 4 0 2936 3859 3510 3836 
12174 4 0 426 469 3716 1355 
12175 4 0 1331 3565 1711 3760 
12176 4 0 618 4434 3255 3789 
12177 4 0 2578 2683 3761 855 
12178 4 0 2753 946 589 948 
12179 4 0 3231 2753 799 589 
12180 4 0 948 946 589 947 
12181 4 0 2597 2610 1498 977 
12182 4 0 1185 3845 2542 1879 
12183 4 0 3473 1986 1449 1377 
12184 4 0 1986 1539 4471 4477 
12185 4 0 583 3251 4232 2411 
12186 4 0 3357 466 2911 2373 
12187 4 0 2610 2466 1498 977 
12188 4 0 2597 1498 2610 2292 
12189 4 0 53 3687 3262 3790 
12190 4 0 3835 3670 3382 3660 
12191 4 0 3715 3013 553 1199 
12192 4 0 2091 2835 2902 3281 
12193 4 0 2195 252 3132 271 
12194 4 0 3930 1988 1363 1833 
12195 4 0 2897 4023 3079 3612 
12196 4 0 1972 4020 3056 3603 
12197 4 0 1394 3079 4487 3056 
12198 4 0 4474 1584 3783 3602 
12199 4 0 4115 3595 2158 2563 
12200 4 0 2563 4115 3595 4093 
12201 4 0 3105 933 2638 1189 
12202 4 0 3105 933 2384 2638 
12203 4 0 1709 750 3794 3571 
12204 4 0 3794 3571 750 4488 
12205 4 0 657 1376 3410 2531 
12206 4 0 2741 3379 4599 2257 
12207 4 0 3916 1426 1987 1302 
12208 4 0 3536 4563 1302 3916 
12209 4 0 717 256 275 1359 
12210 4 0 3396 3976 4588 2487 
12211 4 0 556 561 3435 3622 
12212 4 0 3337 3730 3093 822 
12213 4 0 3122 4588 1714 2089 
12214 4 0 1299 2284 1564 3338 
12215 4 0 3596 3533 2284 378 
12216 4 0 3596 378 2284 1715 
12217 4 0 2998 550 3351 3398 
12218 4 0 2825 3178 2407 4338 
12219 4 0 3734 1524 3337 3481 
12220 4 0 3025 2594 3489 2622 
12221 4 0 979 2594 3025 2622 
12222 4 0 3494 3489 3768 4204 
12223 4 0 3494 3489 4204 2622 
12224 4 0 4269 2200 3878 2682 
12225 4 0 3494 3489 3814 3768 
12226 4 0 2115 2069 819 1623 
12227 4 0 2889 3109 819 3420 
12228 4 0 4087 395 651 2276 
12229 4 0 3199 3698 3747 2632 
12230 4 0 2943 1299 4615 4420 
12231 4 0 1830 592 2082 2134 
12232 4 0 1833 1108 4120 1081 
12233 4 0 1830 2134 2082 3522 
12234 4 0 455 3389 3778 4544 
12235 4 0 4151 3703 2476 1689 
12236 4 0 2673 3315 2653 4183 
12237 4 0 2673 2983 4183 2653 
12238 4 0 3925 941 1904 1006 
12239 4 0 1071 3130 3798 3266 
12240 4 0 2298 2944 562 3566 
12241 4 0 2944 840 562 3566 
12242 4 0 2298 4423 696 4596 
12243 4 0 1953 466 2392 1957 
12244 4 0 4094 2146 931 3668 
12245 4 0 4094 931 2351 3668 
12246 4 0 1546 608 1833 4120 
12247 4 0 618 2513 3789 626 
12248 4 0 2946 1287 3182 473 
12249 4 0 3779 772 1029 2156 
12250 4 0 4453 287 280 3473 
12251 4 0 713 3565 1974 1377 
12252 4 0 713 2922 2279 3565 
12253 4 0 3018 537 538 2685 
12254 4 0 4440 1073 2074 2889 
12255 4 0 2890 953 4127 3752 
12256 4 0 1353 3997 1922 1882 
12257 4 0 1882 1353 3997 2246 
12258 4 0 418 187 2388 2781 
12259 4 0 421 815 1089 187 
12260 4 0 187 421 2388 2781 
12261 4 0 421 2388 815 187 
12262 4 0 1083 4534 3923 3429 
12263 4 0 2276 3083 3028 1087 
12264 4 0 3183 650 4337 1087 
12265 4 0 2276 1087 3028 651 
12266 4 0 2276 1087 651 4087 
12267 4 0 2440 688 3668 3520 
12268 4 0 293 412 2292 440 
12269 4 0 293 2908 2292 412 
12270 4 0 293 2292 3675 440 
12271 4 0 293 3675 2292 303 
12272 4 0 3295 1523 561 3849 
12273 4 0 4265 4224 2596 2655 
12274 4 0 2164 2596 4265 3131 
12275 4 0 1617 3597 3062 3243 
12276 4 0 1783 2858 2671 1407 
12277 4 0 2075 4009 2573 1621 
12278 4 0 3000 2070 3791 619 
12279 4 0 3000 2682 619 3776 
12280 4 0 3000 3791 3776 619 
12281 4 0 2536 4103 2240 1613 
12282 4 0 2536 4104 2240 4103 
12283 4 0 1424 656 2480 1411 
12284 4 0 2480 1376 656 1424 
12285 4 0 876 3982 4197 3355 
12286 4 0 2520 2325 1400 1110 
12287 4 0 210 2572 2836 4250 
12288 4 0 3861 3561 1561 4118 
12289 4 0 4118 1307 201 3861 
12290 4 0 3861 1307 3561 4118 
12291 4 0 1870 1385 2633 3553 
12292 4 0 4571 486 1135 3863 
12293 4 0 4571 4222 4164 3863 
12294 4 0 2848 4529 862 3531 
12295 4 0 1557 3357 466 2911 
12296 4 0 1557 1235 3357 1234 
12297 4 0 3566 4423 2298 2968 
12298 4 0 3570 4074 3412 3625 
12299 4 0 1081 1949 1496 1108 
12300 4 0 1081 3646 1949 1108 
12301 4 0 1498 3399 2224 3808 
12302 4 0 1430 3986 1616 2331 
12303 4 0 2021 1616 3986 2331 
12304 4 0 1430 2331 1585 372 
12305 4 0 430 2754 3664 3143 
12306 4 0 2973 2584 3155 2331 
12307 4 0 3956 3882 2180 3462 
12308 4 0 881 177 2929 1978 
12309 4 0 4062 2338 3426 3363 
12310 4 0 1891 2483 2780 2581 
12311 4 0 527 3181 4016 2412 
12312 4 0 3383 4034 3958 3406 
12313 4 0 4147 2716 133 3630 
12314 4 0 3805 926 1529 244 
12315 4 0 4050 4539 3884 3241 
12316 4 0 1376 3204 657 1478 
12317 4 0 1377 385 414 713 
12318 4 0 1868 4194 3355 3786 
12319 4 0 3032 3554 872 2551 
12320 4 0 3032 872 719 2551 
12321 4 0 3640 3032 3554 2295 
12322 4 0 2419 3568 3313 2923 
12323 4 0 3720 3218 3021 3893 
12324 4 0 3893 3218 3739 3720 
12325 4 0 987 851 2971 76 
12326 4 0 4093 1591 4115 2099 
12327 4 0 3843 372 2907 1144 
12328 4 0 4065 1440 4072 1817 
12329 4 0 3244 3765 1194 3439 
12330 4 0 3673 3151 3808 3458 
12331 4 0 3288 3156 1440 2510 
12332 4 0 3380 3808 2429 2526 
12333 4 0 4490 3177 4492 4286 
12334 4 0 292 3809 4448 411 
12335 4 0 1421 3662 3678 2983 
12336 4 0 3780 2675 4261 2633 
12337 4 0 3109 3467 617 2889 
12338 4 0 2333 1785 2730 2391 
12339 4 0 2391 2333 1785 1973 
12340 4 0 1779 2737 3104 2002 
12341 4 0 1026 3443 2749 478 
12342 4 0 743 3963 2410 3333 
12343 4 0 3797 3740 1524 3590 
12344 4 0 1524 3590 3740 3481 
12345 4 0 2410 2995 1200 3001 
12346 4 0 2822 2410 1200 3001 
12347 4 0 507 508 2122 3073 
12348 4 0 1621 1056 2309 1080 
12349 4 0 4170 2898 1475 3003 
12350 4 0 435 3300 475 318 
12351 4 0 3282 4224 2655 2596 
12352 4 0 2596 2655 3282 400 
12353 4 0 2054 2915 2178 3001 
12354 4 0 1020 2909 3112 392 
12355 4 0 1747 2252 392 3112 
12356 4 0 423 3802 3838 3846 
12357 4 0 1866 3453 3462 3942 
12358 4 0 3328 2080 3787 4357 
12359 4 0 2664 3487 972 3358 
12360 4 0 4607 2664 972 3358 
12361 4 0 2748 2692 1968 2959 
12362 4 0 1104 2959 3201 1968 
12363 4 0 2959 1968 1766 3201 
12364 4 0 3867 4092 3181 712 
12365 4 0 4311 3948 4092 3867 
12366 4 0 3948 3867 752 1846 
12367 4 0 2538 2560 2461 579 
12368 4 0 186 3757 159 386 
12369 4 0 2348 2742 2073 762 
12370 4 0 1219 2344 1333 835 
12371 4 0 1545 2330 3620 3288 
12372 4 0 2067 2119 2029 1607 
12373 4 0 1020 3242 2909 392 
12374 4 0 1845 2101 2636 568 
12375 4 0 4172 1426 3885 1850 
12376 4 0 4172 1426 3916 3294 
12377 4 0 3481 3555 2831 3337 
12378 4 0 1951 1957 1634 929 
12379 4 0 625 1797 3967 660 
12380 4 0 2059 679 3816 4378 
12381 4 0 3797 3791 3776 4052 
12382 4 0 1301 1422 2828 1586 
12383 4 0 1242 2125 3803 3689 
12384 4 0 2559 809 3212 2904 
12385 4 0 3789 3288 3614 3436 
12386 4 0 2711 1532 3099 3725 
12387 4 0 3016 381 2326 3513 
12388 4 0 1224 1222 2482 663 
12389 4 0 1224 2482 3955 663 
12390 4 0 3207 3847 2371 3659 
12391 4 0 3079 4487 3056 4023 
12392 4 0 3436 2118 611 2087 
12393 4 0 2087 1724 3694 3436 
12394 4 0 2087 2330 1724 3436 
12395 4 0 2216 3993 1468 3366 
12396 4 0 611 3727 2118 3436 
12397 4 0 3877 3473 1539 4453 
12398 4 0 4161 558 2157 559 
12399 4 0 1468 3993 2157 559 
12400 4 0 2272 4396 2586 3623 
12401 4 0 2446 2272 2586 3623 
12402 4 0 1789 3476 4298 100 
12403 4 0 2307 889 3376 4210 
12404 4 0 798 2005 3265 2465 
12405 4 0 3991 2652 2243 2816 
12406 4 0 2243 2550 2652 3991 
12407 4 0 3805 2911 3931 3074 
12408 4 0 4160 3796 4095 3960 
12409 4 0 2300 4160 1429 3960 
12410 4 0 1839 3243 1546 3155 
12411 4 0 3150 3443 1026 4200 
12412 4 0 1026 3443 236 4200 
12413 4 0 262 1026 4163 3150 
12414 4 0 2939 1012 2917 4482 
12415 4 0 2317 669 758 1881 
12416 4 0 3084 2317 758 1881 
12417 4 0 2531 410 1590 2826 
12418 4 0 3811 2840 238 266 
12419 4 0 2630 930 3827 2718 
12420 4 0 1840 3827 2718 2630 
12421 4 0 4137 3266 3130 1071 
12422 4 0 389 1354 203 3296 
12423 4 0 3873 3517 4108 4262 
12424 4 0 1976 3810 3684 3935 
12425 4 0 1538 3126 1066 2643 
12426 4 0 812 1538 2643 3126 
12427 4 0 887 1358 3919 2379 
12428 4 0 2379 3919 541 1312 
12429 4 0 2457 4211 4098 3107 
12430 4 0 2296 65 56 2271 
12431 4 0 1048 4508 458 3389 
12432 4 0 1048 1881 3009 458 
12433 4 0 3765 3070 3218 3893 
12434 4 0 1599 3070 3751 3218 
12435 4 0 275 526 717 1359 
12436 4 0 552 2964 3016 1180 
12437 4 0 1766 1103 1968 4409 
12438 4 0 1061 1341 1354 526 
12439 4 0 4097 1061 1354 389 
12440 4 0 389 1354 4097 203 
12441 4 0 2001 3202 1298 4019 
12442 4 0 2638 1527 2485 1208 
12443 4 0 2638 2485 4094 1208 
12444 4 0 1282 3779 1029 3934 
12445 4 0 2156 3779 3934 1029 
12446 4 0 2082 450 449 2668 
12447 4 0 709 1799 4317 4007 
12448 4 0 449 1830 2082 3522 
12449 4 0 3522 2082 449 2668 
12450 4 0 592 591 3331 3408 
12451 4 0 3408 3041 592 591 
12452 4 0 1362 3977 1546 608 
12453 4 0 2306 1418 2910 3432 
12454 4 0 3689 4439 3135 3815 
12455 4 0 2889 2115 819 1623 
12456 4 0 1333 2344 3308 2547 
12457 4 0 1350 3690 1331 420 
12458 4 0 3809 2815 4158 4448 
12459 4 0 4320 4140 4500 4331 
12460 4 0 4320 4140 3272 436 
12461 4 0 2856 3021 4067 3218 
12462 4 0 4067 3021 3430 3720 
12463 4 0 3280 2073 3276 1116 
12464 4 0 3561 389 1561 4118 
12465 4 0 3818 287 4453 3473 
12466 4 0 2952 4133 2259 3084 
12467 4 0 2259 2952 4525 4133 
12468 4 0 2698 2926 2437 3532 
12469 4 0 4548 3664 407 2754 
12470 4 0 779 3820 3484 2654 
12471 4 0 503 450 449 2082 
12472 4 0 1830 449 2082 1470 
12473 4 0 1470 503 449 2082 
12474 4 0 2276 2900 3083 3934 
12475 4 0 3754 45 2052 31 
12476 4 0 610 3801 1399 3172 
12477 4 0 1973 3918 2913 1875 
12478 4 0 3556 1441 571 570 
12479 4 0 1441 570 3556 3688 
12480 4 0 1221 3955 1138 2829 
12481 4 0 3357 1441 3556 3688 
12482 4 0 1820 627 2769 2246 
12483 4 0 2678 684 2370 3107 
12484 4 0 2678 2370 1920 3107 
12485 4 0 3460 3107 4098 2370 
12486 4 0 2260 2010 532 3413 
12487 4 0 2681 2260 532 3413 
12488 4 0 4284 3203 479 950 
12489 4 0 3203 3506 479 950 
12490 4 0 3355 4001 4197 3857 
12491 4 0 4471 3158 3882 4472 
12492 4 0 2295 3832 719 4039 
12493 4 0 1357 3619 2222 3018 
12494 4 0 1642 2096 4456 4100 
12495 4 0 3839 3571 1976 3684 
12496 4 0 3684 3571 1888 2424 
12497 4 0 1888 3935 3571 3684 
12498 4 0 3839 3571 1709 1976 
12499 4 0 3594 3614 3828 3733 
12500 4 0 3140 3721 4476 3830 
12501 4 0 2596 2976 1794 428 
12502 4 0 4554 4187 486 2807 
12503 4 0 814 1123 505 4190 
12504 4 0 1158 814 1123 4245 
12505 4 0 1099 3770 3374 3078 
12506 4 0 1099 3078 3816 2059 
12507 4 0 3922 2556 1206 3760 
12508 4 0 528 2836 4149 2948 
12509 4 0 3229 3618 4567 2590 
12510 4 0 4130 1913 404 4608 
12511 4 0 396 3832 1905 3640 
12512 4 0 1290 3640 1905 3832 
12513 4 0 187 418 3911 211 
12514 4 0 237 3911 418 211 
12515 4 0 4110 237 3911 4077 
12516 4 0 1628 3234 1210 2999 
12517 4 0 397 2708 3934 1780 
12518 4 0 2055 1553 2093 2627 
12519 4 0 4237 1536 2954 3965 
12520 4 0 4345 2880 1445 2023 
12521 4 0 4603 4252 3181 1540 
12522 4 0 4252 4092 3181 4311 
12523 4 0 797 3488 3265 483 
12524 4 0 797 3488 4407 3265 
12525 4 0 4426 1890 451 1644 
12526 4 0 3690 3055 3882 3371 
12527 4 0 1109 3712 687 768 
12528 4 0 3180 774 1898 4347 
12529 4 0 774 3180 1898 2086 
12530 4 0 3918 1455 1973 2913 
12531 4 0 1414 3956 403 3882 
12532 4 0 3918 2945 2913 1875 
12533 4 0 2546 918 4073 4153 
12534 4 0 4172 4188 1494 654 
12535 4 0 2839 494 1336 1566 
12536 4 0 494 1336 1328 2839 
12537 4 0 494 3044 4545 1566 
12538 4 0 3321 3404 2780 3344 
12539 4 0 3848 2395 4316 3142 
12540 4 0 4613 3704 1883 2662 
12541 4 0 4613 1681 2662 1883 
12542 4 0 3939 506 1561 3861 
12543 4 0 2558 2789 3450 453 
12544 4 0 540 3699 3450 2789 
12545 4 0 453 3699 2789 3450 
12546 4 0 107 85 3127 3850 
12547 4 0 3685 2688 4447 582 
12548 4 0 3885 1426 1586 1851 
12549 4 0 2024 3700 2016 3011 
12550 4 0 2521 3820 505 2654 
12551 4 0 567 4143 2512 1668 
12552 4 0 505 2654 3820 779 
12553 4 0 1373 2835 1454 1973 
12554 4 0 1084 3547 3462 3831 
12555 4 0 2204 393 2250 2329 
12556 4 0 3132 393 2250 2937 
12557 4 0 4351 506 3755 926 
12558 4 0 505 3755 4012 506 
12559 4 0 4103 2509 2536 2854 
12560 4 0 4300 4124 4150 550 
12561 4 0 1879 2447 1764 1185 
12562 4 0 2447 1185 1879 3845 
12563 4 0 2447 1879 3457 3845 
12564 4 0 1722 3091 4158 2815 
12565 4 0 3856 2417 2401 2752 
12566 4 0 3856 2200 2401 3801 
12567 4 0 1449 1377 1986 2408 
12568 4 0 3690 420 3882 3055 
12569 4 0 1986 3055 1377 4477 
12570 4 0 795 603 2402 2884 
12571 4 0 2313 1704 1674 1810 
12572 4 0 1810 1704 2631 2313 
12573 4 0 3010 2993 4255 4184 
12574 4 0 2706 1860 3120 1859 
12575 4 0 4076 1010 803 1897 
12576 4 0 4481 2929 1107 456 
12577 4 0 478 4481 236 3624 
12578 4 0 3754 31 2052 24 
12579 4 0 3763 3885 1749 3702 
12580 4 0 1288 4021 3702 1900 
12581 4 0 1486 1823 1441 3469 
12582 4 0 2972 2395 4316 3355 
12583 4 0 3355 2972 4194 4316 
12584 4 0 1790 3668 2372 2146 
12585 4 0 1790 2372 1665 2146 
12586 4 0 2259 518 4569 4571 
12587 4 0 3649 3577 3558 2491 
12588 4 0 3558 3577 3649 778 
12589 4 0 1986 2408 601 1449 
12590 4 0 1986 2408 2180 601 
12591 4 0 2888 2756 353 359 
12592 4 0 2593 2668 1681 3799 
12593 4 0 2753 3752 2930 954 
12594 4 0 3799 3522 2668 3174 
12595 4 0 55 843 3324 3566 
12596 4 0 55 64 3324 843 
12597 4 0 2984 732 3737 2075 
12598 4 0 2075 1474 2219 1861 
12599 4 0 3860 1893 4064 4246 
12600 4 0 3849 2632 3984 3295 
12601 4 0 3849 2632 3747 3984 
12602 4 0 1135 4064 3211 517 
12603 4 0 3281 2835 2902 1454 
12604 4 0 2902 3531 1454 2835 
12605 4 0 1373 3281 2835 1301 
12606 4 0 3979 3160 3707 3686 
12607 4 0 2654 505 2521 3755 
12608 4 0 3864 3979 3707 30 
12609 4 0 1627 640 3093 4035 
12610 4 0 4035 4030 1627 639 
12611 4 0 526 4263 3508 1827 
12612 4 0 3098 1597 3154 2999 
12613 4 0 3098 1597 2672 3154 
12614 4 0 1597 2672 2612 3060 
12615 4 0 190 174 2885 3231 
12616 4 0 3555 3851 971 3992 
12617 4 0 107 85 3850 1183 
12618 4 0 576 2829 529 580 
12619 4 0 706 578 3362 904 
12620 4 0 2205 1765 578 706 
12621 4 0 3854 456 3443 1520 
12622 4 0 2641 1514 2792 2242 
12623 4 0 2792 1514 2641 4449 
12624 4 0 2730 2491 1305 1878 
12625 4 0 4038 4442 2491 1305 
12626 4 0 2033 3750 3491 3711 
12627 4 0 1433 2033 3711 3750 
12628 4 0 1305 2491 4038 1878 
12629 4 0 1802 3099 1801 2915 
12630 4 0 850 3047 2944 2109 
12631 4 0 3754 2052 6 24 
12632 4 0 95 3788 3694 3493 
12633 4 0 3630 630 93 629 
12634 4 0 2881 3859 3129 1179 
12635 4 0 3288 3156 3620 1545 
12636 4 0 3693 2182 2734 2305 
12637 4 0 3021 4033 3893 3862 
12638 4 0 2876 1969 4614 2838 
12639 4 0 2974 4515 4521 2049 
12640 4 0 4136 3325 4112 3676 
12641 4 0 2728 718 2613 2961 
12642 4 0 2613 2961 718 3464 
12643 4 0 3534 3917 1579 3114 
12644 4 0 1335 3366 2216 1468 
12645 4 0 4164 4571 3863 522 
12646 4 0 4475 4602 815 4119 
12647 4 0 1013 4292 815 3244 
12648 4 0 2352 1888 3256 3070 
12649 4 0 3747 771 780 3199 
12650 4 0 2133 2415 520 1339 
12651 4 0 1474 3884 3462 2075 
12652 4 0 1474 1866 1861 2075 
12653 4 0 2401 3801 4010 3856 
12654 4 0 3062 3856 3243 2435 
12655 4 0 4010 3856 3062 2435 
12656 4 0 1431 3856 4010 708 
12657 4 0 3223 3857 2901 2652 
12658 4 0 928 1952 3074 2911 
12659 4 0 3074 2911 3931 928 
12660 4 0 1792 2957 2805 3527 
12661 4 0 4178 2805 1792 4018 
12662 4 0 3414 3160 1871 2494 
12663 4 0 3926 3217 3210 4296 
12664 4 0 1419 1326 1440 1887 
12665 4 0 3531 2837 1454 1973 
12666 4 0 2827 2251 1469 628 
12667 4 0 4470 1588 3882 403 
12668 4 0 4470 818 1588 403 
12669 4 0 1997 4378 4380 2059 
12670 4 0 2838 2876 867 4614 
12671 4 0 3862 1896 274 4033 
12672 4 0 4287 2518 1213 2786 
12673 4 0 3690 3530 1350 1331 
12674 4 0 1331 3690 3055 420 
12675 4 0 2668 3799 3174 1681 
12676 4 0 44 56 65 1229 
12677 4 0 881 383 4385 4128 
12678 4 0 44 75 1229 65 
12679 4 0 4612 1229 44 75 
12680 4 0 383 4128 1388 4065 
12681 4 0 1440 3436 1887 1885 
12682 4 0 1440 1885 1887 4072 
12683 4 0 3789 1440 3436 1887 
12684 4 0 623 2714 3397 615 
12685 4 0 4265 2957 2655 2164 
12686 4 0 3486 622 2535 2299 
12687 4 0 1962 1905 3640 2013 
12688 4 0 4037 1962 3640 3925 
12689 4 0 1962 2013 3640 3925 
12690 4 0 4188 3763 1494 654 
12691 4 0 1381 1044 3283 1598 
12692 4 0 878 1598 1381 3283 
12693 4 0 554 4008 2819 1420 
12694 4 0 4004 538 2987 1787 
12695 4 0 1301 3442 3281 2835 
12696 4 0 2317 3683 3009 394 
12697 4 0 3009 3683 2317 669 
12698 4 0 2317 3683 1111 669 
12699 4 0 2180 1986 3895 3882 
12700 4 0 2317 3683 3627 1111 
12701 4 0 2317 3683 394 3627 
12702 4 0 3600 2703 2020 1798 
12703 4 0 206 2798 4272 423 
12704 4 0 11 3731 2377 20 
12705 4 0 367 2322 738 2619 
12706 4 0 2322 3248 738 2619 
12707 4 0 3321 3404 3583 2892 
12708 4 0 2479 2300 2124 2439 
12709 4 0 4278 3862 3537 426 
12710 4 0 2517 1303 4114 4218 
12711 4 0 3957 4537 1436 4542 
12712 4 0 527 2412 1436 1540 
12713 4 0 2124 2512 3447 3717 
12714 4 0 3220 2849 94 3869 
12715 4 0 1300 232 4144 2869 
12716 4 0 1012 309 2244 2684 
12717 4 0 3608 3573 2592 599 
12718 4 0 3634 3726 4007 3740 
12719 4 0 3381 3970 1014 4529 
12720 4 0 3381 4529 1875 3970 
12721 4 0 3924 2121 4324 2293 
12722 4 0 2121 1053 4324 2293 
12723 4 0 1053 2040 4171 3517 
12724 4 0 2121 4484 2040 1053 
12725 4 0 533 532 2260 2354 
12726 4 0 2846 532 533 2354 
12727 4 0 3458 3380 3808 2429 
12728 4 0 2086 3853 774 3430 
12729 4 0 2429 2815 1090 300 
12730 4 0 1898 3853 774 2086 
12731 4 0 3673 3808 1090 3458 
12732 4 0 1002 2474 1991 3141 
12733 4 0 1002 3141 3825 2474 
12734 4 0 1002 1991 2474 1371 
12735 4 0 1577 723 2551 1291 
12736 4 0 723 719 2551 1291 
12737 4 0 1577 1291 2551 3554 
12738 4 0 3032 1291 3554 2551 
12739 4 0 898 549 1692 897 
12740 4 0 403 2754 3238 3114 
12741 4 0 3114 3238 430 2754 
12742 4 0 3199 4143 3747 3698 
12743 4 0 1714 1102 1718 3338 
12744 4 0 4044 1500 821 3328 
12745 4 0 4044 640 821 1500 
12746 4 0 2594 4259 4285 1330 
12747 4 0 3590 3740 3481 4592 
12748 4 0 3638 3932 507 508 
12749 4 0 3932 2122 508 3329 
12750 4 0 1039 3220 4287 2252 
12751 4 0 1618 2020 3711 2643 
12752 4 0 1496 1618 2643 2020 
12753 4 0 1762 3717 3447 2512 
12754 4 0 1517 3717 4352 1762 
12755 4 0 1065 1618 1066 2643 
12756 4 0 2390 3925 424 2295 
12757 4 0 3181 2361 1340 3867 
12758 4 0 2085 4167 3004 2743 
12759 4 0 696 4596 704 3390 
12760 4 0 704 3034 3390 4598 
12761 4 0 2560 735 705 2538 
12762 4 0 1546 1108 3243 1186 
12763 4 0 2412 4537 4228 1436 
12764 4 0 4537 4534 1436 4542 
12765 4 0 1387 2326 3125 3425 
12766 4 0 538 2685 4125 2383 
12767 4 0 4125 2383 2685 3562 
12768 4 0 917 1347 508 3638 
12769 4 0 915 3638 3932 507 
12770 4 0 843 3324 2944 2453 
12771 4 0 1987 1586 1426 1422 
12772 4 0 3602 754 1582 3238 
12773 4 0 3238 3353 3602 754 
12774 4 0 413 2670 969 3473 
12775 4 0 3676 3748 1292 3325 
12776 4 0 4249 550 2277 4168 
12777 4 0 3325 1292 3676 3999 
12778 4 0 2542 3743 2074 1238 
12779 4 0 3400 3880 4079 3525 
12780 4 0 3087 3960 709 1918 
12781 4 0 3046 2954 3965 4237 
12782 4 0 156 881 3788 177 
12783 4 0 3609 731 3284 2860 
12784 4 0 3609 452 3284 731 
12785 4 0 3284 452 2691 731 
12786 4 0 3690 1350 4479 3882 
12787 4 0 4472 3690 4479 3882 
12788 4 0 13 5 2561 368 
12789 4 0 1061 1341 4097 1354 
12790 4 0 60 3756 69 3866 
12791 4 0 3296 3081 389 3561 
12792 4 0 2872 2861 927 2183 
12793 4 0 4120 1108 1833 1546 
12794 4 0 3957 1591 2158 3067 
12795 4 0 2538 735 1666 2461 
12796 4 0 735 2384 2538 1666 
12797 4 0 3474 2789 3039 603 
12798 4 0 2538 735 2461 2560 
12799 4 0 3579 973 2870 1405 
12800 4 0 976 3645 4550 3579 
12801 4 0 3924 3697 4496 507 
12802 4 0 3028 507 3924 4496 
12803 4 0 1349 507 4496 3697 
12804 4 0 102 3850 85 3374 
12805 4 0 2682 4269 3865 3878 
12806 4 0 1348 3067 733 4499 
12807 4 0 3213 2563 3073 3401 
12808 4 0 162 2781 187 482 
12809 4 0 1464 554 3984 3698 
12810 4 0 1037 2184 1034 4048 
12811 4 0 2184 2941 4048 1037 
12812 4 0 617 768 748 3109 
12813 4 0 1076 2639 2161 2310 
12814 4 0 3257 1467 1466 2537 
12815 4 0 4140 4500 3881 4320 
12816 4 0 3904 4089 4605 3184 
12817 4 0 1513 1729 3886 2676 
12818 4 0 3886 2676 1729 1036 
12819 4 0 4309 160 2512 1762 
12820 4 0 1152 543 4076 2625 
12821 4 0 1839 3597 1617 3243 
12822 4 0 2330 1545 3436 3288 
12823 4 0 3046 880 450 1382 
12824 4 0 2122 1642 3908 419 
12825 4 0 3216 3416 4237 3046 
12826 4 0 424 2675 3925 2337 
12827 4 0 2950 3371 3055 3690 
12828 4 0 4311 3867 3181 3502 
12829 4 0 3867 4311 3181 4092 
12830 4 0 3412 3422 2849 2395 
12831 4 0 1495 2337 424 3925 
12832 4 0 2390 1281 1495 3879 
12833 4 0 494 4545 1337 1328 
12834 4 0 494 409 1337 2953 
12835 4 0 522 2259 3084 2952 
12836 4 0 1111 522 2952 3627 
12837 4 0 3627 3863 4164 4480 
12838 4 0 2740 2966 2238 2370 
12839 4 0 2888 2922 346 3108 
12840 4 0 1920 2678 2740 2370 
12841 4 0 1920 2740 2238 2370 
12842 4 0 2584 3427 3390 2644 
12843 4 0 3427 2644 4598 3390 
12844 4 0 1494 3885 884 4172 
12845 4 0 1494 4172 3294 3885 
12846 4 0 4172 3885 884 1850 
12847 4 0 4435 2686 3148 3041 
12848 4 0 4250 3887 2572 2482 
12849 4 0 348 359 438 3272 
12850 4 0 359 3272 2756 438 
12851 4 0 51 851 59 2971 
12852 4 0 1640 51 59 2971 
12853 4 0 1962 1290 3640 1905 
12854 4 0 2762 2682 2117 2703 
12855 4 0 3836 2691 3448 3620 
12856 4 0 3689 3093 607 4030 
12857 4 0 3700 1462 2016 1912 
12858 4 0 4037 1462 1912 2016 
12859 4 0 1522 3727 4346 3111 
12860 4 0 4123 2467 4045 2806 
12861 4 0 688 3520 3354 3668 
12862 4 0 396 1903 1905 2060 
12863 4 0 396 2060 3691 1903 
12864 4 0 392 2909 3570 2710 
12865 4 0 3789 3255 3614 4434 
12866 4 0 3808 3399 2224 4090 
12867 4 0 3141 2474 1991 1151 
12868 4 0 1853 985 250 1543 
12869 4 0 2636 1813 1809 1845 
12870 4 0 2101 2636 2387 1845 
12871 4 0 2989 879 2364 2535 
12872 4 0 1322 879 2989 2535 
12873 4 0 1973 2391 3536 1302 
12874 4 0 1302 4006 3536 1973 
12875 4 0 1402 4239 3804 4328 
12876 4 0 1414 3956 833 3923 
12877 4 0 3698 852 160 1964 
12878 4 0 3584 598 3212 2698 
12879 4 0 3811 2529 210 2836 
12880 4 0 3209 1613 4345 2023 
12881 4 0 2848 2016 2675 1980 
12882 4 0 2848 3700 2016 1980 
12883 4 0 296 412 3095 1327 
12884 4 0 1973 2333 2913 1455 
12885 4 0 3536 1455 1973 4006 
12886 4 0 1591 2099 4093 4002 
12887 4 0 4102 4093 4115 2099 
12888 4 0 4093 1591 2563 4115 
12889 4 0 3895 3158 1085 3882 
12890 4 0 3414 1366 1760 2115 
12891 4 0 800 2932 2748 2959 
12892 4 0 3414 1366 1446 1760 
12893 4 0 1255 429 3353 2556 
12894 4 0 3922 1264 3428 2556 
12895 4 0 3341 192 3193 715 
12896 4 0 1665 689 2525 2372 
12897 4 0 1411 2564 2484 3208 
12898 4 0 2564 2480 656 1411 
12899 4 0 4353 386 159 3757 
12900 4 0 137 4315 386 2300 
12901 4 0 2999 1597 3154 3902 
12902 4 0 3078 2059 3770 2857 
12903 4 0 965 3730 3337 3498 
12904 4 0 3382 3093 3730 4030 
12905 4 0 2983 3337 3382 3093 
12906 4 0 1965 3267 1017 2819 
12907 4 0 4296 3210 3833 2608 
12908 4 0 869 3833 3210 2314 
12909 4 0 3926 978 3217 4296 
12910 4 0 1175 687 3383 2047 
12911 4 0 3513 1796 2841 3016 
12912 4 0 1796 2733 2841 3016 
12913 4 0 2025 3016 1796 3513 
12914 4 0 3513 2841 1796 3471 
12915 4 0 2367 3228 2726 901 
12916 4 0 4539 3884 3241 2075 
12917 4 0 2845 1824 3829 2949 
12918 4 0 359 438 2756 353 
12919 4 0 4172 1426 3294 3885 
12920 4 0 1588 4470 3882 1085 
12921 4 0 1085 3942 3882 1588 
12922 4 0 4348 1898 4113 774 
12923 4 0 4574 977 2597 3706 
12924 4 0 977 3706 1498 2597 
12925 4 0 1438 3706 1498 977 
12926 4 0 313 324 3095 433 
12927 4 0 4016 4336 1579 3114 
12928 4 0 1930 2408 3055 1377 
12929 4 0 1609 3543 3507 2058 
12930 4 0 3566 843 3324 2944 
12931 4 0 3530 1975 1350 2556 
12932 4 0 3530 1975 2556 3775 
12933 4 0 619 2070 3590 1176 
12934 4 0 3181 3867 1340 3502 
12935 4 0 753 3502 1340 752 
12936 4 0 2169 1951 929 2911 
12937 4 0 540 2789 3974 3699 
12938 4 0 3974 3039 2789 3020 
12939 4 0 3974 2789 540 3020 
12940 4 0 4266 2362 1873 4600 
12941 4 0 2764 2714 1872 4266 
12942 4 0 3731 2377 20 3864 
12943 4 0 3864 2377 20 837 
12944 4 0 3904 3379 2265 3155 
12945 4 0 4345 1445 2768 4066 
12946 4 0 4189 382 552 2138 
12947 4 0 3734 822 1500 966 
12948 4 0 640 822 821 1500 
12949 4 0 300 4590 2262 307 
12950 4 0 4590 2262 292 300 
12951 4 0 2315 190 736 1966 
12952 4 0 2885 190 2315 1966 
12953 4 0 2469 902 3249 2646 
12954 4 0 1340 752 3502 3867 
12955 4 0 280 3877 4453 3473 
12956 4 0 3450 540 3020 1313 
12957 4 0 3156 1313 3020 907 
12958 4 0 683 1612 2013 3742 
12959 4 0 571 3556 2050 2823 
12960 4 0 1823 3735 3260 272 
12961 4 0 1394 785 3428 3603 
12962 4 0 758 1881 669 670 
12963 4 0 3995 2399 759 4451 
12964 4 0 3995 2399 4576 759 
12965 4 0 4151 4274 3703 1689 
12966 4 0 1688 3703 4274 1689 
12967 4 0 3287 3524 2556 785 
12968 4 0 3524 3841 2556 785 
12969 4 0 2377 11 6 4374 
12970 4 0 2377 11 4374 3632 
12971 4 0 3791 3797 3776 619 
12972 4 0 4415 3749 1644 4426 
12973 4 0 3044 1549 2103 2953 
12974 4 0 1233 4545 2953 3096 
12975 4 0 3908 419 2096 4536 
12976 4 0 2096 4536 4069 3908 
12977 4 0 507 1642 915 3908 
12978 4 0 3909 2143 3682 2828 
12979 4 0 4295 3870 3971 3909 
12980 4 0 1183 2775 2713 2301 
12981 4 0 1183 2775 2301 3169 
12982 4 0 1183 2775 3169 1505 
12983 4 0 4221 2056 4357 820 
12984 4 0 3864 4321 30 3731 
12985 4 0 1679 3144 2206 1880 
12986 4 0 1789 100 4298 119 
12987 4 0 2607 3113 2307 1877 
12988 4 0 2607 1877 1690 3113 
12989 4 0 3428 3056 1255 1254 
12990 4 0 488 4187 2807 3915 
12991 4 0 2550 2652 3941 1831 
12992 4 0 1763 495 3736 494 
12993 4 0 4201 383 4065 4128 
12994 4 0 1841 4201 4237 4384 
12995 4 0 4201 383 1440 4065 
12996 4 0 4201 2954 1440 383 
12997 4 0 3914 2326 1460 3746 
12998 4 0 516 1828 3101 2385 
12999 4 0 2385 3101 515 1828 
13000 4 0 355 2449 3043 2183 
13001 4 0 1630 1622 1833 638 
13002 4 0 1806 3276 964 2797 
13003 4 0 4455 3429 1083 3956 
13004 4 0 366 15 25 1556 
13005 4 0 4007 1799 3711 709 
13006 4 0 2020 1798 1465 1618 
13007 4 0 3324 2968 2298 2492 
13008 4 0 4352 3447 4107 1762 
13009 4 0 4067 2108 4483 2856 
13010 4 0 3720 4067 3218 3739 
13011 4 0 3779 512 421 1157 
13012 4 0 162 1560 512 2781 
13013 4 0 658 3803 2125 3328 
13014 4 0 4354 3803 4355 1626 
13015 4 0 4354 2110 812 3803 
13016 4 0 1679 2206 1493 1880 
13017 4 0 2269 1598 502 880 
13018 4 0 3658 450 2269 502 
13019 4 0 337 434 346 3108 
13020 4 0 1366 2115 3414 1847 
13021 4 0 998 3859 990 989 
13022 4 0 3895 2670 4532 1986 
13023 4 0 3590 966 1500 1176 
13024 4 0 2084 608 1833 1630 
13025 4 0 3956 2180 1414 833 
13026 4 0 785 2556 3428 3841 
13027 4 0 3922 972 1390 4607 
13028 4 0 3884 2180 1474 3462 
13029 4 0 3884 1474 1933 2879 
13030 4 0 665 2614 673 3415 
13031 4 0 1800 3476 100 4070 
13032 4 0 3297 2126 1882 621 
13033 4 0 2126 3297 2986 621 
13034 4 0 4485 2888 4486 3766 
13035 4 0 4592 756 1491 3740 
13036 4 0 3565 2279 1711 3760 
13037 4 0 2279 3277 3760 3565 
13038 4 0 3032 3640 1290 3832 
13039 4 0 3832 3032 3920 1290 
13040 4 0 3871 3129 2118 4346 
13041 4 0 2118 3129 3727 4346 
13042 4 0 1612 1479 883 1851 
13043 4 0 942 2865 3185 661 
13044 4 0 661 3185 3274 2865 
13045 4 0 942 3185 2865 3179 
13046 4 0 661 1996 3274 3185 
13047 4 0 2865 3179 3185 3274 
13048 4 0 1879 1185 1764 1073 
13049 4 0 1185 2542 1073 1879 
13050 4 0 4191 951 2879 3019 
13051 4 0 1854 1507 1855 643 
13052 4 0 1014 3381 3554 1577 
13053 4 0 3381 2551 3554 1577 
13054 4 0 990 2694 3859 998 
13055 4 0 4262 3070 3006 1888 
13056 4 0 1900 4132 719 1288 
13057 4 0 3702 1749 719 4039 
13058 4 0 3702 3885 1749 4039 
13059 4 0 128 1530 775 150 
13060 4 0 1530 1179 775 150 
13061 4 0 4165 458 4508 4247 
13062 4 0 2643 1172 1065 1988 
13063 4 0 1172 1065 1066 2643 
13064 4 0 2810 3118 4068 2186 
13065 4 0 3909 3870 3682 2143 
13066 4 0 4081 497 1543 3934 
13067 4 0 1543 2276 4087 3934 
13068 4 0 2052 845 31 2109 
13069 4 0 67 77 3274 4142 
13070 4 0 3179 4142 3185 3274 
13071 4 0 3629 1732 4194 3786 
13072 4 0 2399 4582 759 829 
13073 4 0 2984 2219 3271 2000 
13074 4 0 3950 2984 3271 2000 
13075 4 0 4023 3145 3612 2897 
13076 4 0 3272 2888 1636 3271 
13077 4 0 4147 93 106 3655 
13078 4 0 3400 3525 4079 490 
13079 4 0 4079 3400 490 4513 
13080 4 0 424 2390 2798 1495 
13081 4 0 975 4276 2127 3440 
13082 4 0 3057 4161 2127 3440 
13083 4 0 3057 3440 2127 4276 
13084 4 0 567 1677 4271 3732 
13085 4 0 4271 567 1812 1677 
13086 4 0 3135 812 1074 1569 
13087 4 0 3933 801 454 802 
13088 4 0 1656 454 1657 3933 
13089 4 0 3959 4364 3910 2646 
13090 4 0 3959 2646 3910 2996 
13091 4 0 926 4350 3393 1486 
13092 4 0 1580 4479 1350 1584 
13093 4 0 1350 3783 1580 1584 
13094 4 0 1486 1447 1823 3393 
13095 4 0 732 3937 2000 2984 
13096 4 0 3950 2984 2000 3937 
13097 4 0 1307 3861 3835 146 
13098 4 0 1351 4050 3241 3938 
13099 4 0 3938 4498 3241 1351 
13100 4 0 245 736 2708 4215 
13101 4 0 2437 918 2706 2332 
13102 4 0 3765 3739 4077 3665 
13103 4 0 418 4077 3665 4475 
13104 4 0 2654 2896 1472 2624 
13105 4 0 258 4008 234 4083 
13106 4 0 2995 3963 1200 2825 
13107 4 0 3963 1200 2410 2995 
13108 4 0 2455 4517 3152 586 
13109 4 0 4517 2455 3152 2791 
13110 4 0 966 1500 3734 3590 
13111 4 0 4326 610 1992 4357 
13112 4 0 380 874 4433 3704 
13113 4 0 2974 836 1776 2049 
13114 4 0 1986 3822 3895 3158 
13115 4 0 3895 4532 3822 1986 
13116 4 0 688 2456 904 932 
13117 4 0 3935 1976 3794 3571 
13118 4 0 3916 1987 4563 1302 
13119 4 0 498 3929 2618 4231 
13120 4 0 1691 549 1692 1694 
13121 4 0 2956 721 3334 2802 
13122 4 0 3490 3012 721 3334 
13123 4 0 3921 4285 3343 4389 
13124 4 0 1609 2009 2058 3467 
13125 4 0 4439 1450 3689 1569 
13126 4 0 3689 3135 4439 1569 
13127 4 0 2307 2607 3703 2476 
13128 4 0 1485 4437 3945 4436 
13129 4 0 3352 2852 410 760 
13130 4 0 4437 391 3945 4225 
13131 4 0 3702 3885 1494 3763 
13132 4 0 2009 3801 4034 3383 
13133 4 0 1693 1694 549 1691 
13134 4 0 1841 2954 4201 383 
13135 4 0 549 480 1694 1693 
13136 4 0 3940 3367 1100 2615 
13137 4 0 3585 3079 3478 1575 
13138 4 0 2688 1723 3685 3051 
13139 4 0 1723 2992 2688 582 
13140 4 0 2084 1363 1631 1833 
13141 4 0 1198 1907 2637 149 
13142 4 0 3685 1095 3051 1723 
13143 4 0 2412 1540 4537 1436 
13144 4 0 3420 3109 768 617 
13145 4 0 3109 617 3420 2889 
13146 4 0 3632 3975 4374 1144 
13147 4 0 2307 4281 2607 1877 
13148 4 0 4288 2381 861 2761 
13149 4 0 1720 3271 3272 4331 
13150 4 0 850 1607 2944 3047 
13151 4 0 4120 1186 1546 1839 
13152 4 0 2988 3455 4397 2994 
13153 4 0 974 4277 975 1969 
13154 4 0 4037 1290 3640 1962 
13155 4 0 1358 3919 2379 1312 
13156 4 0 4198 4469 3685 3051 
13157 4 0 719 3032 4132 1900 
13158 4 0 3032 1290 4132 3920 
13159 4 0 3863 522 394 3627 
13160 4 0 3627 522 4164 3863 
13161 4 0 2219 2000 4140 3271 
13162 4 0 732 2219 2984 2000 
13163 4 0 3595 4093 4115 4102 
13164 4 0 3365 1127 896 3540 
13165 4 0 3272 338 4320 332 
13166 4 0 3861 1361 607 3835 
13167 4 0 3508 526 1827 3661 
13168 4 0 1341 242 275 1632 
13169 4 0 3565 1974 710 1711 
13170 4 0 2754 3602 3238 3353 
13171 4 0 3565 1974 1711 2279 
13172 4 0 1091 2665 2368 2574 
13173 4 0 1157 781 772 3779 
13174 4 0 3741 1835 2927 2779 
13175 4 0 2927 4268 3741 2779 
13176 4 0 524 3267 1963 3757 
13177 4 0 3484 3820 2896 2654 
13178 4 0 2867 745 2072 3605 
13179 4 0 3835 146 3678 1421 
13180 4 0 3835 1421 3678 2983 
13181 4 0 3739 1558 4077 3951 
13182 4 0 773 2330 2881 88 
13183 4 0 128 2881 108 773 
13184 4 0 3968 2848 1910 862 
13185 4 0 657 4174 1478 3204 
13186 4 0 4174 2566 1478 3204 
13187 4 0 4081 497 3934 397 
13188 4 0 3834 2276 3934 2708 
13189 4 0 589 947 170 3231 
13190 4 0 2084 608 1630 4356 
13191 4 0 275 1632 1827 526 
13192 4 0 1343 936 1344 3537 
13193 4 0 3763 654 444 3294 
13194 4 0 2937 2828 2250 3132 
13195 4 0 2999 788 1210 1458 
13196 4 0 2947 4114 3616 654 
13197 4 0 1303 634 654 2391 
13198 4 0 2309 4009 1621 1080 
13199 4 0 1621 4498 4009 2309 
13200 4 0 819 1611 1547 3109 
13201 4 0 3109 3467 4027 1611 
13202 4 0 434 3108 327 316 
13203 4 0 337 434 3108 327 
13204 4 0 1173 2682 3000 967 
13205 4 0 3000 967 2682 3865 
13206 4 0 939 3112 1020 2909 
13207 4 0 888 2200 970 1399 
13208 4 0 3242 2909 939 1020 
13209 4 0 4532 1474 2670 3895 
13210 4 0 553 3715 4338 2618 
13211 4 0 2585 2981 3424 3058 
13212 4 0 585 2205 2981 3424 
13213 4 0 3436 2118 2330 3129 
13214 4 0 4455 1084 1588 3956 
13215 4 0 4455 1084 3956 1083 
13216 4 0 4533 3956 1084 1083 
13217 4 0 2282 1287 2647 473 
13218 4 0 1540 4537 1436 3957 
13219 4 0 1920 3159 2282 1293 
13220 4 0 2647 1287 2282 1293 
13221 4 0 3730 3337 3382 965 
13222 4 0 396 2060 1905 3832 
13223 4 0 2060 4039 3832 396 
13224 4 0 1715 378 2284 3976 
13225 4 0 2343 450 2269 3658 
13226 4 0 4285 2921 3921 2896 
13227 4 0 2597 2757 3217 2023 
13228 4 0 3554 1014 1577 1462 
13229 4 0 1326 4201 1440 4065 
13230 4 0 3849 2632 2900 3912 
13231 4 0 2766 2274 3952 3153 
13232 4 0 4467 2303 1346 3847 
13233 4 0 1067 1839 3155 4043 
13234 4 0 1839 4043 3980 3155 
13235 4 0 3921 4393 4412 4389 
13236 4 0 3406 3958 3843 3088 
13237 4 0 534 3450 1789 1313 
13238 4 0 3660 123 3835 3670 
13239 4 0 3382 3660 123 3835 
13240 4 0 2387 1701 1120 3953 
13241 4 0 1701 3133 565 1120 
13242 4 0 3341 221 3193 192 
13243 4 0 3442 1576 2828 1301 
13244 4 0 3898 2550 2662 1681 
13245 4 0 1488 1144 707 372 
13246 4 0 1730 1855 2353 3894 
13247 4 0 1861 732 2075 3737 
13248 4 0 572 3817 3962 1682 
13249 4 0 1340 3917 4016 753 
13250 4 0 753 4016 1340 3502 
13251 4 0 753 3917 4016 1579 
13252 4 0 414 713 385 3108 
13253 4 0 287 3473 3818 413 
13254 4 0 3473 413 2670 913 
13255 4 0 1886 623 3360 2714 
13256 4 0 2714 4057 623 3397 
13257 4 0 2591 2395 2652 3625 
13258 4 0 3412 2395 3625 2623 
13259 4 0 2563 406 3067 4499 
13260 4 0 2330 2118 3871 3129 
13261 4 0 3378 3778 4033 1896 
13262 4 0 822 4035 3093 640 
13263 4 0 3803 640 1500 3093 
13264 4 0 640 822 1500 3093 
13265 4 0 3782 426 2426 1355 
13266 4 0 1807 2881 3836 3448 
13267 4 0 1534 3448 2881 1807 
13268 4 0 1807 2936 3226 3836 
13269 4 0 2936 3510 3226 3836 
13270 4 0 3842 3364 3053 3927 
13271 4 0 3053 3364 3842 602 
13272 4 0 3954 3163 1222 663 
13273 4 0 1324 3954 663 3163 
13274 4 0 2411 3251 3959 583 
13275 4 0 383 4384 1841 877 
13276 4 0 630 133 3630 106 
13277 4 0 3089 106 3655 4147 
13278 4 0 2872 2093 2696 1758 
13279 4 0 4343 2549 1527 2485 
13280 4 0 3084 496 2345 758 
13281 4 0 4044 1626 640 3803 
13282 4 0 3381 1015 2551 3598 
13283 4 0 4095 3960 4190 1606 
13284 4 0 4451 2882 2475 2399 
13285 4 0 675 2512 3717 1762 
13286 4 0 3964 3150 4166 276 
13287 4 0 4166 276 3150 262 
13288 4 0 3904 4599 4431 3379 
13289 4 0 2741 2045 3379 2257 
13290 4 0 1454 2837 3531 3968 
13291 4 0 1618 3491 2643 3711 
13292 4 0 1618 3491 1066 2643 
13293 4 0 3495 1496 2643 2020 
13294 4 0 822 4035 3730 3093 
13295 4 0 3093 4035 3730 4030 
13296 4 0 3730 4030 4035 639 
13297 4 0 2059 4378 4380 2702 
13298 4 0 3537 391 1699 1781 
13299 4 0 3774 993 3361 4011 
13300 4 0 1130 2660 3548 2711 
13301 4 0 731 1532 1130 2711 
13302 4 0 3344 3321 2483 2780 
13303 4 0 1098 2464 2780 3344 
13304 4 0 4050 1352 3241 3938 
13305 4 0 1419 1887 1440 626 
13306 4 0 3683 394 3627 4480 
13307 4 0 1887 1440 626 3789 
13308 4 0 4480 3863 394 3627 
13309 4 0 3882 3371 1986 4471 
13310 4 0 3243 2107 3646 1578 
13311 4 0 3882 2180 3942 3769 
13312 4 0 4439 695 3689 1450 
13313 4 0 3815 695 3689 4439 
13314 4 0 1394 406 1055 3079 
13315 4 0 3381 1875 4528 3970 
13316 4 0 4351 244 229 926 
13317 4 0 1529 229 244 926 
13318 4 0 3971 3870 278 251 
13319 4 0 3971 4332 4295 3909 
13320 4 0 2278 2062 3466 1954 
13321 4 0 2516 466 2062 2278 
13322 4 0 3942 2180 1474 3769 
13323 4 0 3882 3895 2180 3769 
13324 4 0 4045 3325 3748 4112 
13325 4 0 3325 3676 3748 4112 
13326 4 0 442 320 443 439 
13327 4 0 289 295 320 442 
13328 4 0 443 283 320 442 
13329 4 0 443 283 290 320 
13330 4 0 153 3471 3231 947 
13331 4 0 174 153 3231 947 
13332 4 0 3537 3838 4462 3846 
13333 4 0 2531 1878 2498 2617 
13334 4 0 3700 1401 2848 3011 
13335 4 0 2396 2297 1168 1475 
13336 4 0 633 133 144 2716 
13337 4 0 2913 1455 1909 2945 
13338 4 0 133 144 630 633 
13339 4 0 133 633 630 3630 
13340 4 0 3805 926 244 1447 
13341 4 0 3335 1990 3584 2698 
13342 4 0 933 1189 2796 2638 
13343 4 0 1901 3748 3702 4112 
13344 4 0 3966 2449 2611 344 
13345 4 0 535 4323 1789 3450 
13346 4 0 1067 3743 2074 2542 
13347 4 0 4043 1067 1073 2542 
13348 4 0 3568 1602 3313 3360 
13349 4 0 3313 3568 3360 1886 
13350 4 0 1013 4292 3244 3342 
13351 4 0 3642 192 3193 175 
13352 4 0 2098 387 2079 1121 
13353 4 0 78 3866 3756 1487 
13354 4 0 4208 3952 2766 1289 
13355 4 0 2984 732 3937 3737 
13356 4 0 3789 3255 618 626 
13357 4 0 2944 2109 3047 2119 
13358 4 0 2109 2119 2029 45 
13359 4 0 2067 45 2029 2119 
13360 4 0 4238 3289 4429 4042 
13361 4 0 2069 2494 3414 1871 
13362 4 0 1865 2075 1866 4539 
13363 4 0 2412 4454 1540 3181 
13364 4 0 3091 2429 2815 1090 
13365 4 0 1090 2429 300 3458 
13366 4 0 3734 3481 4592 3590 
13367 4 0 4063 1540 3932 4543 
13368 4 0 1540 4063 4088 4543 
13369 4 0 3167 3757 1965 3267 
13370 4 0 2300 3757 4353 3167 
13371 4 0 2450 1897 4076 543 
13372 4 0 862 3968 3531 1875 
13373 4 0 4043 2021 3845 3980 
13374 4 0 3980 2021 3845 3986 
13375 4 0 1430 2907 1585 1616 
13376 4 0 2796 1527 2638 1189 
13377 4 0 2549 2638 4066 2796 
13378 4 0 3129 3620 3836 2881 
13379 4 0 3620 2881 3448 3836 
13380 4 0 3554 4529 2848 3381 
13381 4 0 2848 4529 3531 3381 
13382 4 0 2046 1546 3743 1839 
13383 4 0 1728 705 2872 1758 
13384 4 0 2182 388 1870 4349 
13385 4 0 3295 3984 3698 2632 
13386 4 0 4349 388 4609 134 
13387 4 0 3413 2010 532 1356 
13388 4 0 3358 3277 3760 2279 
13389 4 0 3340 2001 2774 3505 
13390 4 0 1959 960 2493 3973 
13391 4 0 4412 3921 4285 2921 
13392 4 0 2276 1895 497 1853 
13393 4 0 1853 511 2276 1895 
13394 4 0 785 3841 3428 3603 
13395 4 0 1576 1422 1408 2828 
13396 4 0 1301 1422 1576 2828 
13397 4 0 3043 2449 2872 2183 
13398 4 0 581 2974 2934 2783 
13399 4 0 581 2974 2783 4515 
13400 4 0 1988 638 1363 1833 
13401 4 0 1172 1363 1988 542 
13402 4 0 4585 2386 4583 3778 
13403 4 0 3129 2330 3620 2881 
13404 4 0 3278 1006 941 2013 
13405 4 0 3912 1028 4047 243 
13406 4 0 1545 4298 3476 2323 
13407 4 0 1545 1596 4298 2323 
13408 4 0 3220 94 3724 3869 
13409 4 0 4516 2088 1170 3225 
13410 4 0 2318 3150 3964 2700 
13411 4 0 3787 3116 3328 638 
13412 4 0 3418 3328 3728 4044 
13413 4 0 86 856 789 4056 
13414 4 0 24 2029 3549 31 
13415 4 0 2099 1591 4115 4534 
13416 4 0 3923 4534 4115 1436 
13417 4 0 4228 1436 3923 2412 
13418 4 0 2928 1710 3145 828 
13419 4 0 1796 3471 2025 3513 
13420 4 0 3744 1624 4356 3543 
13421 4 0 3744 1624 3543 820 
13422 4 0 4491 2022 4249 3075 
13423 4 0 213 1026 1025 478 
13424 4 0 2771 3237 2495 2565 
13425 4 0 4067 3218 2108 2856 
13426 4 0 1205 4483 3517 1393 
13427 4 0 2856 2108 4483 1205 
13428 4 0 3864 1109 687 768 
13429 4 0 3160 4024 3864 1871 
13430 4 0 1380 3857 4197 4001 
13431 4 0 2123 2620 3130 2143 
13432 4 0 18 2751 9 3222 
13433 4 0 4209 2123 3130 2143 
13434 4 0 2192 19 9 849 
13435 4 0 767 3284 2691 731 
13436 4 0 2860 731 3284 767 
13437 4 0 1540 3121 712 4603 
13438 4 0 4252 3388 1540 4603 
13439 4 0 4285 2594 3343 4259 
13440 4 0 2492 2298 2430 4596 
13441 4 0 2430 4596 1165 2492 
13442 4 0 1165 2492 1477 2430 
13443 4 0 25 366 3550 937 
13444 4 0 803 2666 1897 2751 
13445 4 0 2703 3599 1798 3600 
13446 4 0 1577 3554 1462 3892 
13447 4 0 4335 1079 651 4501 
13448 4 0 395 4335 1079 651 
13449 4 0 395 1079 4335 4302 
13450 4 0 3845 1616 3986 2021 
13451 4 0 1151 3214 1676 544 
13452 4 0 1971 3612 3145 828 
13453 4 0 3181 817 4252 4311 
13454 4 0 4090 4185 3808 3399 
13455 4 0 2056 4357 638 1625 
13456 4 0 2056 638 1631 1625 
13457 4 0 3617 3625 2652 4001 
13458 4 0 3355 3857 2652 4001 
13459 4 0 3109 819 3420 1547 
13460 4 0 2136 2153 3061 3245 
13461 4 0 606 2153 3245 3061 
13462 4 0 93 3061 2153 606 
13463 4 0 184 171 1179 1198 
13464 4 0 171 1198 4342 1179 
13465 4 0 3056 4020 4487 3603 
13466 4 0 1394 4487 3603 3056 
13467 4 0 3037 4020 3056 1972 
13468 4 0 2140 3083 1282 3342 
13469 4 0 3150 3964 4166 2798 
13470 4 0 2629 2716 144 3089 
13471 4 0 133 144 2716 3089 
13472 4 0 133 2716 633 3630 
13473 4 0 610 2053 1399 888 
13474 4 0 3476 1545 2330 3620 
13475 4 0 3476 3156 1545 3620 
13476 4 0 3776 1434 3797 4052 
13477 4 0 4374 3632 11 3988 
13478 4 0 3543 2058 1629 3507 
13479 4 0 224 259 3990 1615 
13480 4 0 747 3149 746 3572 
13481 4 0 746 3149 747 3102 
13482 4 0 4310 104 2104 3082 
13483 4 0 746 2035 3149 3102 
13484 4 0 1483 2300 3960 709 
13485 4 0 4310 3134 1482 1195 
13486 4 0 3101 2259 4568 4524 
13487 4 0 1719 2259 4568 3101 
13488 4 0 3481 1147 3555 3992 
13489 4 0 2199 3341 3132 2937 
13490 4 0 2298 3427 2430 4596 
13491 4 0 679 2602 2464 2059 
13492 4 0 3286 679 2602 2464 
13493 4 0 2602 679 2857 2059 
13494 4 0 3241 406 4498 1621 
13495 4 0 4452 3281 2835 2091 
13496 4 0 3994 4115 4534 2099 
13497 4 0 1083 4115 4534 3994 
13498 4 0 1061 3939 1209 3840 
13499 4 0 3328 3418 3787 2080 
13500 4 0 2591 1678 3903 590 
13501 4 0 1084 3547 1588 3462 
13502 4 0 1084 3462 1588 3956 
13503 4 0 1124 779 2654 1177 
13504 4 0 3414 1760 1446 2069 
13505 4 0 661 3483 1996 3185 
13506 4 0 3070 2352 1888 1355 
13507 4 0 661 1077 3483 3372 
13508 4 0 3502 4016 1340 3181 
13509 4 0 773 775 2881 4105 
13510 4 0 773 4105 2881 3871 
13511 4 0 2881 3129 3871 4105 
13512 4 0 1179 4105 775 4348 
13513 4 0 4171 651 3028 4497 
13514 4 0 3169 632 2090 2301 
13515 4 0 2301 2090 2152 3258 
13516 4 0 3507 1629 2008 2058 
13517 4 0 682 246 3983 220 
13518 4 0 3983 1294 682 220 
13519 4 0 648 2857 3286 3078 
13520 4 0 2347 3286 648 2602 
13521 4 0 797 4196 4121 3265 
13522 4 0 3665 418 1317 4077 
13523 4 0 3665 1317 1137 4077 
13524 4 0 2050 3653 2823 3556 
13525 4 0 3134 382 3513 1482 
13526 4 0 1446 693 1366 1847 
13527 4 0 370 693 1446 1847 
13528 4 0 1847 4061 1446 370 
13529 4 0 279 4049 4313 254 
13530 4 0 2559 3212 809 1032 
13531 4 0 1032 598 2559 3212 
13532 4 0 1500 640 3803 4044 
13533 4 0 3584 1990 598 2698 
13534 4 0 3789 1887 1876 626 
13535 4 0 3255 1876 626 3789 
13536 4 0 1374 2837 1973 1373 
13537 4 0 3263 2769 2246 1820 
13538 4 0 2334 2605 2288 2615 
13539 4 0 3419 2288 2615 2334 
13540 4 0 2628 2334 2605 2288 
13541 4 0 146 3835 1361 3861 
13542 4 0 3594 612 3828 3614 
13543 4 0 567 3732 1482 3123 
13544 4 0 2563 1351 3241 4498 
13545 4 0 2199 716 3341 2937 
13546 4 0 4215 736 218 245 
13547 4 0 3788 122 1817 156 
13548 4 0 156 1817 3788 881 
13549 4 0 395 2276 4087 985 
13550 4 0 4007 2479 2441 1524 
13551 4 0 2790 2140 3199 512 
13552 4 0 513 3874 382 512 
13553 4 0 4249 550 2022 1601 
13554 4 0 4249 2277 550 1601 
13555 4 0 3129 3871 2330 2881 
13556 4 0 3173 3030 2277 2071 
13557 4 0 1196 382 4189 2138 
13558 4 0 1196 382 2138 3874 
13559 4 0 3914 955 1387 2326 
13560 4 0 4592 3740 3481 756 
13561 4 0 1839 3155 3980 2021 
13562 4 0 3597 1839 3980 2021 
13563 4 0 2789 4408 2884 3699 
13564 4 0 2789 3042 2884 4408 
13565 4 0 4064 3302 4566 3150 
13566 4 0 4010 4034 3088 708 
13567 4 0 3856 4034 4010 708 
13568 4 0 3930 1833 1363 2084 
13569 4 0 578 932 904 706 
13570 4 0 1669 4143 4199 567 
13571 4 0 3921 563 2512 4393 
13572 4 0 1836 1282 3342 4292 
13573 4 0 687 707 1488 3523 
13574 4 0 3744 1609 3507 3172 
13575 4 0 1609 2053 3172 3744 
13576 4 0 1609 2009 3172 2053 
13577 4 0 1977 2900 3199 1028 
13578 4 0 1362 608 4120 2084 
13579 4 0 2084 608 4120 1833 
13580 4 0 3719 4110 3911 4077 
13581 4 0 4412 3855 3921 2921 
13582 4 0 2471 2824 1033 3991 
13583 4 0 2682 2762 2117 4116 
13584 4 0 2762 3599 4116 2978 
13585 4 0 2471 3991 1033 3066 
13586 4 0 3342 1086 3183 1836 
13587 4 0 4605 3904 4425 4395 
13588 4 0 4605 4089 3904 4395 
13589 4 0 4395 4605 4089 3557 
13590 4 0 3904 2265 4425 4395 
13591 4 0 3831 3547 3942 4531 
13592 4 0 3470 2961 3972 3304 
13593 4 0 2708 736 2315 4215 
13594 4 0 3800 736 2708 245 
13595 4 0 4440 2889 1623 2115 
13596 4 0 1623 4440 2115 1366 
13597 4 0 802 2222 1657 794 
13598 4 0 1657 794 2222 2747 
13599 4 0 1491 3791 2070 3797 
13600 4 0 2762 2703 3599 1578 
13601 4 0 468 2001 3202 1298 
13602 4 0 1826 518 2259 486 
13603 4 0 3625 1046 84 3812 
13604 4 0 3595 4115 2158 833 
13605 4 0 1436 4115 833 2158 
13606 4 0 1436 4115 3923 833 
13607 4 0 3789 1887 3436 1876 
13608 4 0 3436 1887 1885 1876 
13609 4 0 3871 2330 2881 773 
13610 4 0 3393 1486 1726 3260 
13611 4 0 2389 2405 1159 875 
13612 4 0 3021 3727 3180 3320 
13613 4 0 2983 1421 3662 2970 
13614 4 0 3554 1014 4529 3381 
13615 4 0 3406 4034 3088 4010 
13616 4 0 2206 1493 3408 1679 
13617 4 0 1171 127 4190 111 
13618 4 0 4529 3531 1875 862 
13619 4 0 3854 1520 394 4480 
13620 4 0 887 3580 1358 2379 
13621 4 0 2911 3661 2169 1951 
13622 4 0 4261 4017 214 1453 
13623 4 0 3143 827 3995 4581 
13624 4 0 3892 1290 1291 3032 
13625 4 0 3228 3572 3149 903 
13626 4 0 3744 820 3543 1609 
13627 4 0 3952 1319 2766 1289 
13628 4 0 602 4180 3364 1191 
13629 4 0 1541 3364 4282 4180 
13630 4 0 3599 2703 2117 3600 
13631 4 0 1111 3084 2952 522 
13632 4 0 3244 816 4026 3830 
13633 4 0 2052 6 11 3754 
13634 4 0 4112 1749 3763 2467 
13635 4 0 3765 3070 3729 1599 
13636 4 0 2654 2624 1177 3755 
13637 4 0 1374 1302 4006 4563 
13638 4 0 3536 4006 1302 4563 
13639 4 0 3595 4115 3994 4102 
13640 4 0 4563 1987 1374 1302 
13641 4 0 4039 686 2060 3920 
13642 4 0 3702 3885 4039 1900 
13643 4 0 4039 686 3920 1900 
13644 4 0 1317 3665 2015 1316 
13645 4 0 3147 3665 2015 1137 
13646 4 0 1349 507 3908 1862 
13647 4 0 1349 507 3028 4496 
13648 4 0 507 3908 915 4086 
13649 4 0 3791 2070 3797 619 
13650 4 0 3428 2556 3353 3841 
13651 4 0 3997 2206 2830 3408 
13652 4 0 2830 982 3997 3408 
13653 4 0 3529 3100 4133 4527 
13654 4 0 3100 4527 4524 4133 
13655 4 0 3211 3302 3411 517 
13656 4 0 3302 3411 1608 3211 
13657 4 0 2219 2000 3881 4140 
13658 4 0 3765 3739 3665 3893 
13659 4 0 4437 3945 4436 4225 
13660 4 0 2066 1569 3654 1171 
13661 4 0 4190 3654 1569 1171 
13662 4 0 4439 1450 1569 1171 
13663 4 0 3244 1013 1489 3893 
13664 4 0 3177 3579 1405 4550 
13665 4 0 4490 2838 3503 3177 
13666 4 0 4490 3177 3503 4550 
13667 4 0 973 3503 1405 4550 
13668 4 0 3694 3788 1767 3493 
13669 4 0 4243 3482 2530 3514 
13670 4 0 1778 4374 3549 1428 
13671 4 0 3775 3760 1711 1206 
13672 4 0 3775 1331 1711 3760 
13673 4 0 1399 2200 1142 3801 
13674 4 0 1061 4118 1396 201 
13675 4 0 3088 3406 4010 3137 
13676 4 0 1585 3632 1778 1144 
13677 4 0 1144 707 3632 3975 
13678 4 0 312 3675 303 2292 
13679 4 0 4492 548 3177 4005 
13680 4 0 2256 2916 3579 2406 
13681 4 0 4100 1642 3121 3140 
13682 4 0 3121 712 4473 3140 
13683 4 0 712 4603 3121 4092 
13684 4 0 3565 713 1974 2279 
13685 4 0 2183 343 2696 3043 
13686 4 0 3910 2996 3323 2992 
13687 4 0 2079 387 1122 1121 
13688 4 0 4470 818 403 4474 
13689 4 0 2892 544 1207 1891 
13690 4 0 3250 2300 3481 1147 
13691 4 0 3118 3036 4419 4068 
13692 4 0 3118 2667 2914 4419 
13693 4 0 775 4105 1179 2881 
13694 4 0 3129 1522 4105 1179 
13695 4 0 2881 1530 775 128 
13696 4 0 2416 3708 2706 1511 
13697 4 0 1022 3614 3679 3255 
13698 4 0 4296 3210 3926 3833 
13699 4 0 4247 765 4165 764 
13700 4 0 4142 588 3274 67 
13701 4 0 4354 812 2110 1365 
13702 4 0 2110 1365 3116 4354 
13703 4 0 1627 4030 3093 3689 
13704 4 0 640 3803 1626 1627 
13705 4 0 3803 640 3093 1627 
13706 4 0 287 441 434 280 
13707 4 0 3016 2964 2841 1180 
13708 4 0 4344 2516 3653 2050 
13709 4 0 708 1142 3856 4034 
13710 4 0 3856 3801 4034 1142 
13711 4 0 3262 3687 2666 3370 
13712 4 0 3790 3687 3262 3370 
13713 4 0 3262 2666 1897 3370 
13714 4 0 2937 2204 2250 2132 
13715 4 0 3498 3337 3734 822 
13716 4 0 334 322 432 2429 
13717 4 0 2433 3568 3313 1886 
13718 4 0 4354 3803 812 3135 
13719 4 0 2001 957 4019 1779 
13720 4 0 1779 2001 2161 3104 
13721 4 0 1779 957 2161 2001 
13722 4 0 1851 883 1612 3981 
13723 4 0 3981 396 2132 4039 
13724 4 0 3827 2940 2906 3511 
13725 4 0 1459 3511 3431 2906 
13726 4 0 3318 504 2668 449 
13727 4 0 4154 4268 3741 2510 
13728 4 0 3476 3620 2330 2881 
13729 4 0 2067 45 2812 2029 
13730 4 0 1090 1722 3809 2815 
13731 4 0 1090 3091 1722 2815 
13732 4 0 1376 1412 3405 1480 
13733 4 0 1376 1425 1412 1480 
13734 4 0 3058 1092 2585 2958 
13735 4 0 1092 2665 3424 2548 
13736 4 0 1670 1669 567 1811 
13737 4 0 3978 2080 3936 1173 
13738 4 0 4012 505 3480 3755 
13739 4 0 4211 1985 3405 2263 
13740 4 0 3698 223 198 1464 
13741 4 0 1464 554 3698 223 
13742 4 0 926 229 4351 1649 
13743 4 0 4213 274 1682 572 
13744 4 0 3720 3962 1682 4033 
13745 4 0 3862 4033 274 572 
13746 4 0 4033 572 3021 3962 
13747 4 0 1682 3962 572 4033 
13748 4 0 63 2052 2109 3047 
13749 4 0 1965 4236 1963 3757 
13750 4 0 3047 2109 850 2052 
13751 4 0 2261 2378 3097 2184 
13752 4 0 2667 1923 3036 2261 
13753 4 0 2896 3484 1472 910 
13754 4 0 124 1472 1124 3484 
13755 4 0 1627 4035 3093 4030 
13756 4 0 1176 821 1500 3936 
13757 4 0 910 4014 1472 2896 
13758 4 0 2742 762 1535 2073 
13759 4 0 533 3637 2260 2681 
13760 4 0 1543 264 4101 250 
13761 4 0 4177 2415 2580 1339 
13762 4 0 4087 1087 3183 2276 
13763 4 0 1269 2966 2341 446 
13764 4 0 4498 406 4499 4318 
13765 4 0 2200 970 1399 4269 
13766 4 0 3942 3453 3831 4531 
13767 4 0 828 3839 1710 1971 
13768 4 0 1971 3839 753 828 
13769 4 0 3285 3356 4594 2645 
13770 4 0 4335 1050 3517 4302 
13771 4 0 3200 1513 642 1507 
13772 4 0 1513 643 2676 642 
13773 4 0 3885 3981 4039 686 
13774 4 0 4039 3981 396 2060 
13775 4 0 957 4019 1298 3202 
13776 4 0 3353 1712 754 3238 
13777 4 0 3056 1712 3353 3238 
13778 4 0 3109 3467 2889 4027 
13779 4 0 1472 2654 3484 2896 
13780 4 0 3517 1248 2040 4171 
13781 4 0 3401 1837 3761 2683 
13782 4 0 3335 4153 3212 700 
13783 4 0 1578 2107 3646 1949 
13784 4 0 4603 4092 712 3181 
13785 4 0 1540 4603 4458 3121 
13786 4 0 773 775 128 2881 
13787 4 0 775 1179 1530 2881 
13788 4 0 1504 3119 1512 2273 
13789 4 0 1994 3734 3337 3093 
13790 4 0 3017 2101 4303 1593 
13791 4 0 3665 3889 2015 1316 
13792 4 0 4394 3349 2951 564 
13793 4 0 683 3742 2013 3278 
13794 4 0 3697 508 507 3924 
13795 4 0 508 917 3697 1347 
13796 4 0 3815 4030 3689 695 
13797 4 0 3935 1888 3810 3684 
13798 4 0 3997 982 1679 3408 
13799 4 0 553 1740 3463 2407 
13800 4 0 1782 391 3727 3945 
13801 4 0 779 3820 505 3657 
13802 4 0 3320 3180 3021 3817 
13803 4 0 3256 3695 1888 3684 
13804 4 0 2881 128 4070 1534 
13805 4 0 2825 3178 1200 2407 
13806 4 0 110 552 2964 2137 
13807 4 0 89 2137 552 110 
13808 4 0 2115 1760 2069 1623 
13809 4 0 2115 1366 1760 1623 
13810 4 0 881 876 4385 383 
13811 4 0 2425 974 1437 2876 
13812 4 0 4493 2425 1437 2876 
13813 4 0 4493 2425 3926 1437 
13814 4 0 2542 1185 4043 3845 
13815 4 0 1073 4043 2542 1185 
13816 4 0 3670 3382 4030 3093 
13817 4 0 4041 3425 2630 3611 
13818 4 0 4395 2265 4425 4422 
13819 4 0 2265 3576 4431 4425 
13820 4 0 1067 3743 3977 2074 
13821 4 0 2114 1006 1005 2013 
13822 4 0 3025 3489 3494 2622 
13823 4 0 3554 1014 1462 2024 
13824 4 0 1284 625 1797 3967 
13825 4 0 4025 1880 3027 3392 
13826 4 0 4025 1679 1880 3144 
13827 4 0 687 4382 3383 2047 
13828 4 0 3383 687 3406 4382 
13829 4 0 687 1488 372 4382 
13830 4 0 1488 4382 687 2047 
13831 4 0 724 4136 4257 3157 
13832 4 0 3436 612 3679 611 
13833 4 0 3679 3852 1876 3436 
13834 4 0 2126 1882 4138 3297 
13835 4 0 3641 1882 4138 2126 
13836 4 0 3261 3641 2126 1882 
13837 4 0 1921 3233 3261 3641 
13838 4 0 952 377 1077 3234 
13839 4 0 2111 377 1077 952 
13840 4 0 2133 3138 2227 2357 
13841 4 0 2357 2227 4567 3138 
13842 4 0 2936 1907 3859 1530 
13843 4 0 1658 1105 3031 2747 
13844 4 0 3031 1658 2747 795 
13845 4 0 2075 1866 4539 3462 
13846 4 0 1865 2075 4539 3241 
13847 4 0 3766 4486 1720 2888 
13848 4 0 88 2881 108 4070 
13849 4 0 88 3476 2881 4070 
13850 4 0 2218 4271 2569 2718 
13851 4 0 2445 2219 913 3773 
13852 4 0 3684 3839 3867 1846 
13853 4 0 3528 3177 4005 2406 
13854 4 0 2999 3234 1210 788 
13855 4 0 1846 4054 1581 3684 
13856 4 0 3839 3684 4054 1846 
13857 4 0 4054 3256 1581 3684 
13858 4 0 3111 1522 3180 4347 
13859 4 0 3179 2865 3002 3274 
13860 4 0 4039 686 1900 3885 
13861 4 0 3602 754 3783 1582 
13862 4 0 2278 2062 2516 3466 
13863 4 0 2936 1530 3859 1807 
13864 4 0 4183 2653 2983 3718 
13865 4 0 3047 370 2113 71 
13866 4 0 2180 3895 1474 3769 
13867 4 0 2075 4498 1352 4009 
13868 4 0 4509 670 458 764 
13869 4 0 670 669 1048 1881 
13870 4 0 670 458 764 1881 
13871 4 0 4058 3513 4056 3781 
13872 4 0 3861 168 1361 146 
13873 4 0 2900 3506 2998 479 
13874 4 0 3923 403 3429 1064 
13875 4 0 3956 3923 403 3429 
13876 4 0 1083 3923 3956 3429 
13877 4 0 2834 808 1008 2102 
13878 4 0 3554 4529 1014 2024 
13879 4 0 2242 290 298 443 
13880 4 0 1609 2058 3507 3467 
13881 4 0 4604 280 414 288 
13882 4 0 2914 3387 1299 1716 
13883 4 0 414 288 280 3877 
13884 4 0 3861 1061 3939 1209 
13885 4 0 3638 4069 3932 4063 
13886 4 0 3638 4069 915 3932 
13887 4 0 966 3590 2070 1176 
13888 4 0 2670 3895 2180 1986 
13889 4 0 1986 3158 3895 3882 
13890 4 0 1986 3822 3158 4471 
13891 4 0 3682 2869 3442 1301 
13892 4 0 3393 4350 1726 1486 
13893 4 0 3032 3640 3892 1290 
13894 4 0 3702 4112 3763 1901 
13895 4 0 1237 3414 3420 2115 
13896 4 0 1116 1805 964 2797 
13897 4 0 3868 3934 397 4081 
13898 4 0 3150 3302 4566 2700 
13899 4 0 4130 3538 1016 2802 
13900 4 0 3923 2412 4280 4228 
13901 4 0 3967 1797 4084 660 
13902 4 0 1362 3977 608 4003 
13903 4 0 4120 1546 1362 3977 
13904 4 0 3684 4054 3810 3839 
13905 4 0 645 2301 3258 2857 
13906 4 0 4267 2857 3258 2833 
13907 4 0 645 2363 2301 3078 
13908 4 0 3508 3661 1827 3610 
13909 4 0 386 1221 3955 1224 
13910 4 0 4533 3884 3462 3956 
13911 4 0 2821 761 2073 3280 
13912 4 0 45 2109 31 2029 
13913 4 0 45 2052 31 2109 
13914 4 0 2056 1622 1630 638 
13915 4 0 2056 1630 1631 638 
13916 4 0 3952 2766 1319 2274 
13917 4 0 2274 1319 728 720 
13918 4 0 720 2946 728 2722 
13919 4 0 2848 862 3011 1910 
13920 4 0 1569 812 1074 1538 
13921 4 0 1365 3135 812 1074 
13922 4 0 3021 3817 3962 572 
13923 4 0 4374 1778 24 6 
13924 4 0 4120 1108 1186 1081 
13925 4 0 1081 1186 3646 1108 
13926 4 0 3016 2025 2137 2349 
13927 4 0 382 3016 552 3134 
13928 4 0 552 3016 2137 2349 
13929 4 0 396 3691 1612 1903 
13930 4 0 1496 1465 1081 1065 
13931 4 0 3930 1988 1081 1065 
13932 4 0 1081 1496 1833 1108 
13933 4 0 870 4075 2286 4008 
13934 4 0 4015 870 2286 4008 
13935 4 0 302 4516 1170 3225 
13936 4 0 3182 1287 2282 473 
13937 4 0 3182 1321 2282 1287 
13938 4 0 387 1122 1121 1316 
13939 4 0 735 1635 705 2538 
13940 4 0 705 1635 2557 2538 
13941 4 0 3240 3106 2264 3604 
13942 4 0 3604 3106 4032 3240 
13943 4 0 4597 2741 1166 2265 
13944 4 0 4597 2265 3576 2741 
13945 4 0 2143 2123 2620 252 
13946 4 0 4333 2984 3950 1049 
13947 4 0 2664 3277 4333 2984 
13948 4 0 2229 461 2438 2614 
13949 4 0 961 2877 2726 3492 
13950 4 0 2726 2877 3228 3492 
13951 4 0 1569 3654 3206 2066 
13952 4 0 2776 2310 2473 1473 
13953 4 0 2098 1978 2635 1684 
13954 4 0 3889 2635 1132 1684 
13955 4 0 1684 2635 1132 1978 
13956 4 0 2098 1684 2635 3889 
13957 4 0 1509 1503 1182 2378 
13958 4 0 3439 3033 3244 4475 
13959 4 0 2378 1182 1834 2184 
13960 4 0 1326 1440 4072 4065 
13961 4 0 1326 1440 1887 4072 
13962 4 0 3106 3525 2085 4511 
13963 4 0 2085 3525 664 4511 
13964 4 0 3106 3525 4511 3880 
13965 4 0 4320 3272 332 436 
13966 4 0 580 524 2829 4365 
13967 4 0 529 3504 4258 580 
13968 4 0 1289 2766 4208 3394 
13969 4 0 1433 3776 2703 4375 
13970 4 0 1969 4277 975 3440 
13971 4 0 4277 4276 3440 3057 
13972 4 0 2186 2820 4068 4421 
13973 4 0 2820 1155 4068 4421 
13974 4 0 3382 3730 1818 639 
13975 4 0 542 1172 2643 1988 
13976 4 0 2601 1550 1190 3050 
13977 4 0 3050 2721 3095 3045 
13978 4 0 2721 3050 1190 1550 
13979 4 0 3063 2239 74 3423 
13980 4 0 3295 4008 4512 4015 
13981 4 0 416 2802 3538 404 
13982 4 0 519 1826 2259 428 
13983 4 0 3934 1780 2900 2156 
13984 4 0 3868 1780 3934 2156 
13985 4 0 3684 2424 3839 3571 
13986 4 0 3101 4553 1719 428 
13987 4 0 4553 3101 3131 428 
13988 4 0 1282 1029 421 240 
13989 4 0 3192 4261 2675 2967 
13990 4 0 1653 795 2883 2402 
13991 4 0 3539 3989 1187 2943 
13992 4 0 3539 1187 4420 2943 
13993 4 0 1540 2122 3329 3957 
13994 4 0 3738 3420 768 1038 
13995 4 0 2016 2848 3554 3011 
13996 4 0 1826 486 428 4554 
13997 4 0 1826 486 2259 428 
13998 4 0 552 3016 2349 3134 
13999 4 0 382 3134 552 2600 
14000 4 0 563 4393 3921 4389 
14001 4 0 1030 4087 3183 3934 
14002 4 0 4087 3934 1030 1543 
14003 4 0 920 3022 2005 3265 
14004 4 0 4039 686 3981 2060 
14005 4 0 3746 2326 4041 1482 
14006 4 0 2703 3599 1578 1798 
14007 4 0 2485 3327 3322 4343 
14008 4 0 2173 3322 2485 3327 
14009 4 0 1072 2162 1978 3788 
14010 4 0 1072 3788 1767 2162 
14011 4 0 1072 3788 3493 1767 
14012 4 0 4050 3595 4533 4535 
14013 4 0 3050 1815 3092 2938 
14014 4 0 1906 3774 3361 992 
14015 4 0 2319 4358 3386 2054 
14016 4 0 2319 2054 3386 2925 
14017 4 0 619 2752 2682 2200 
14018 4 0 2682 2752 3776 2703 
14019 4 0 2807 486 3915 4187 
14020 4 0 3946 2160 1309 1786 
14021 4 0 2379 3946 1358 1312 
14022 4 0 3355 143 876 3982 
14023 4 0 4031 177 164 881 
14024 4 0 3786 876 164 881 
14025 4 0 424 4166 1495 2798 
14026 4 0 3700 2016 3804 1912 
14027 4 0 1980 2016 2675 3804 
14028 4 0 1980 3700 2016 3804 
14029 4 0 1567 377 2111 2584 
14030 4 0 392 940 3242 2710 
14031 4 0 264 250 1543 4081 
14032 4 0 2533 1838 2294 2202 
14033 4 0 1596 4298 3896 1545 
14034 4 0 1498 2942 977 2466 
14035 4 0 3632 3988 3731 11 
14036 4 0 3169 2153 3127 3245 
14037 4 0 1500 619 3590 1176 
14038 4 0 3783 755 754 1350 
14039 4 0 2819 4008 554 3295 
14040 4 0 3462 2180 3942 3882 
14041 4 0 3956 2180 3882 1414 
14042 4 0 4051 4167 3528 4489 
14043 4 0 1507 643 3307 1855 
14044 4 0 2557 3890 1528 2880 
14045 4 0 2557 2920 1528 3890 
14046 4 0 4129 1512 2332 3120 
14047 4 0 2295 486 3211 2807 
14048 4 0 3148 2686 3124 660 
14049 4 0 1049 2664 4333 2984 
14050 4 0 2968 4423 2298 3897 
14051 4 0 2762 4116 3599 2117 
14052 4 0 2492 2968 2298 3897 
14053 4 0 4423 4596 2298 3897 
14054 4 0 1789 4298 3476 3156 
14055 4 0 4298 3156 1789 4323 
14056 4 0 267 1030 3648 4193 
14057 4 0 4580 3465 665 4579 
14058 4 0 4354 812 1365 3135 
14059 4 0 3223 1383 3046 1382 
14060 4 0 3908 4536 4069 4086 
14061 4 0 4265 3131 4018 2957 
14062 4 0 885 4188 4013 3563 
14063 4 0 154 1782 3945 4437 
14064 4 0 3763 4013 1494 4021 
14065 4 0 4013 4188 3763 1494 
14066 4 0 4013 3563 4188 1494 
14067 4 0 2970 1421 1307 3561 
14068 4 0 2970 3662 2983 2346 
14069 4 0 2795 992 4341 4060 
14070 4 0 4310 3134 3513 1482 
14071 4 0 2514 3217 978 2723 
14072 4 0 3467 1609 3172 3507 
14073 4 0 4527 1828 4572 3101 
14074 4 0 3175 1100 4062 3065 
14075 4 0 1108 3243 3646 1578 
14076 4 0 1186 3243 3646 1108 
14077 4 0 2349 2600 552 3134 
14078 4 0 2349 3016 2025 3513 
14079 4 0 2337 2675 3192 1415 
14080 4 0 1179 3129 2881 4105 
14081 4 0 4348 4347 1179 4105 
14082 4 0 2242 3368 1514 290 
14083 4 0 3298 2242 1514 290 
14084 4 0 1030 3868 3934 1029 
14085 4 0 1822 4257 4156 2579 
14086 4 0 3791 1146 3000 3776 
14087 4 0 3776 3000 3865 1146 
14088 4 0 4566 3860 517 4064 
14089 4 0 3860 1893 517 4064 
14090 4 0 1135 486 4064 3863 
14091 4 0 3047 2113 1600 63 
14092 4 0 1600 2119 1607 3047 
14093 4 0 1607 2113 1600 3047 
14094 4 0 1307 3835 1421 146 
14095 4 0 2115 3420 819 2069 
14096 4 0 2796 2638 4066 3890 
14097 4 0 3056 3079 3612 1254 
14098 4 0 2108 4067 4483 4146 
14099 4 0 3951 4146 4067 2108 
14100 4 0 3147 3893 2015 3665 
14101 4 0 3473 414 3877 1539 
14102 4 0 3554 3892 1291 3032 
14103 4 0 4503 2596 489 519 
14104 4 0 3898 2593 2550 1681 
14105 4 0 4506 1993 2139 3385 
14106 4 0 1588 1085 3942 3547 
14107 4 0 1630 1622 2056 1624 
14108 4 0 1838 2202 2533 1594 
14109 4 0 3467 2058 2889 4027 
14110 4 0 3467 3507 2889 2058 
14111 4 0 3297 4139 2126 3589 
14112 4 0 3695 3256 3905 4054 
14113 4 0 1441 1234 1447 3357 
14114 4 0 3931 1447 1234 3357 
14115 4 0 3719 4110 4077 1558 
14116 4 0 2309 1394 406 4318 
14117 4 0 4318 406 1055 1394 
14118 4 0 3734 3337 3498 971 
14119 4 0 3925 2013 941 1006 
14120 4 0 4003 3507 608 4356 
14121 4 0 3839 753 1340 752 
14122 4 0 725 1463 3157 2866 
14123 4 0 3157 2866 1463 1016 
14124 4 0 3157 1016 1463 3538 
14125 4 0 2050 3653 4344 2823 
14126 4 0 3779 772 2156 781 
14127 4 0 2526 3808 2429 2224 
14128 4 0 4316 1868 4194 3355 
14129 4 0 3436 2330 2118 2087 
14130 4 0 2946 2772 1650 1403 
14131 4 0 1839 2021 3597 3243 
14132 4 0 3819 913 4532 4540 
14133 4 0 1801 3099 2054 2915 
14134 4 0 69 3866 3756 78 
14135 4 0 2755 4071 4549 2818 
14136 4 0 4071 4256 4549 2818 
14137 4 0 3481 2300 3913 2479 
14138 4 0 2314 893 1697 2750 
14139 4 0 2631 2313 2272 979 
14140 4 0 1582 4474 3783 3602 
14141 4 0 2987 2540 4416 1787 
14142 4 0 1458 2999 2720 4405 
14143 4 0 3357 3931 1447 926 
14144 4 0 3595 3956 1083 4115 
14145 4 0 1496 1949 1081 1465 
14146 4 0 3563 4188 1494 4172 
14147 4 0 1494 4172 654 3294 
14148 4 0 1383 4301 3857 2616 
14149 4 0 755 3353 2556 2068 
14150 4 0 4343 2549 3377 1443 
14151 4 0 502 450 1382 503 
14152 4 0 4262 3517 1205 2856 
14153 4 0 1903 2114 1005 2013 
14154 4 0 1005 683 1903 2013 
14155 4 0 455 4544 3858 666 
14156 4 0 4544 3778 455 3858 
14157 4 0 1127 896 647 3365 
14158 4 0 3047 370 1607 2113 
14159 4 0 63 71 3047 2113 
14160 4 0 3258 2152 3535 2833 
14161 4 0 2713 2301 3258 645 
14162 4 0 2889 819 3109 4027 
14163 4 0 2541 588 50 839 
14164 4 0 4203 3083 1087 4091 
14165 4 0 3479 3551 3094 373 
14166 4 0 4355 3135 3689 3803 
14167 4 0 3102 4445 2368 2574 
14168 4 0 2368 2665 2695 2574 
14169 4 0 1639 110 4053 552 
14170 4 0 89 1651 552 2138 
14171 4 0 2812 2029 31 3549 
14172 4 0 22 2283 2561 33 
14173 4 0 1620 1585 2812 1428 
14174 4 0 2067 2812 1620 3457 
14175 4 0 33 22 1225 2561 
14176 4 0 2069 3414 3420 1871 
14177 4 0 368 875 5 2405 
14178 4 0 1029 3934 2156 3868 
14179 4 0 1577 1291 3554 3892 
14180 4 0 1960 2062 2599 2493 
14181 4 0 1960 2062 1954 2599 
14182 4 0 4191 2975 2879 830 
14183 4 0 1612 1479 1851 2132 
14184 4 0 4100 1642 2096 4069 
14185 4 0 1488 4382 3843 372 
14186 4 0 504 1382 450 503 
14187 4 0 450 504 503 449 
14188 4 0 4101 4087 4495 3648 
14189 4 0 3602 3783 1350 1584 
14190 4 0 1565 2212 1476 2568 
14191 4 0 3560 2082 2343 3658 
14192 4 0 1470 2082 3658 503 
14193 4 0 1787 3546 537 2540 
14194 4 0 1787 3018 2540 537 
14195 4 0 2540 1787 2987 3018 
14196 4 0 4115 3994 4102 2099 
14197 4 0 4050 3595 3884 4533 
14198 4 0 4134 3644 4136 3999 
14199 4 0 3956 1083 4115 3923 
14200 4 0 3484 2896 3820 3586 
14201 4 0 2964 1641 1180 1639 
14202 4 0 2888 353 3907 359 
14203 4 0 4039 3920 3832 1900 
14204 4 0 1420 2819 852 1965 
14205 4 0 852 1916 3447 4107 
14206 4 0 1965 852 1916 2819 
14207 4 0 852 1916 2819 3447 
14208 4 0 2033 3491 1618 3711 
14209 4 0 2115 1760 3414 2069 
14210 4 0 2115 3420 2069 3414 
14211 4 0 2580 1339 3207 4177 
14212 4 0 1087 3028 651 4552 
14213 4 0 1339 4177 520 3659 
14214 4 0 392 3242 2909 2710 
14215 4 0 1612 3128 3742 683 
14216 4 0 3085 3991 2471 3197 
14217 4 0 2669 2827 500 2389 
14218 4 0 3743 2074 3507 4003 
14219 4 0 3579 4005 3645 3177 
14220 4 0 3177 3645 4492 4005 
14221 4 0 4172 3616 1410 4188 
14222 4 0 3121 4100 4458 1642 
14223 4 0 1347 507 915 1349 
14224 4 0 1347 3697 507 1349 
14225 4 0 3932 1642 915 507 
14226 4 0 915 3638 507 1347 
14227 4 0 3115 3118 4419 2810 
14228 4 0 3115 3118 2914 4419 
14229 4 0 2810 3115 3118 3338 
14230 4 0 2054 1801 2822 4358 
14231 4 0 4463 4461 4594 2139 
14232 4 0 1374 1973 1302 1987 
14233 4 0 1454 1973 2837 1373 
14234 4 0 2947 4114 3996 3616 
14235 4 0 3776 3791 1146 4052 
14236 4 0 2005 3265 4196 798 
14237 4 0 1349 507 915 4086 
14238 4 0 596 2786 595 1856 
14239 4 0 2762 1432 3599 2978 
14240 4 0 529 717 526 1359 
14241 4 0 3939 2911 3805 3074 
14242 4 0 3939 926 3805 2911 
14243 4 0 1163 3367 3940 2605 
14244 4 0 3175 1163 3940 2605 
14245 4 0 1500 821 966 822 
14246 4 0 3440 2844 4161 3993 
14247 4 0 3720 3962 4033 3021 
14248 4 0 1205 3517 4108 1393 
14249 4 0 3357 1235 3166 1234 
14250 4 0 1643 2995 742 3201 
14251 4 0 1957 2392 2911 466 
14252 4 0 2364 878 2374 2299 
14253 4 0 3797 1491 4052 3634 
14254 4 0 4454 4537 4228 2412 
14255 4 0 3392 4432 2986 2081 
14256 4 0 4612 2271 75 1487 
14257 4 0 4612 3756 1487 78 
14258 4 0 2265 4422 3576 4425 
14259 4 0 1209 1529 3939 926 
14260 4 0 2989 3692 2226 878 
14261 4 0 414 294 3877 1562 
14262 4 0 4242 414 1562 294 
14263 4 0 3507 2008 2074 2889 
14264 4 0 301 3545 284 2587 
14265 4 0 3325 4112 4045 4136 
14266 4 0 3326 2999 763 373 
14267 4 0 3326 2999 3060 763 
14268 4 0 1120 1671 3326 373 
14269 4 0 201 1061 3840 217 
14270 4 0 201 1061 3861 1209 
14271 4 0 1791 575 2596 4224 
14272 4 0 3135 4354 3803 4355 
14273 4 0 1299 2284 3533 378 
14274 4 0 3686 3160 3901 4061 
14275 4 0 3312 2870 976 973 
14276 4 0 2308 3310 2480 2403 
14277 4 0 56 47 1229 44 
14278 4 0 4178 2385 2805 4018 
14279 4 0 3199 2900 2632 3912 
14280 4 0 3788 122 1727 3493 
14281 4 0 95 1817 3694 3788 
14282 4 0 2716 3089 4147 133 
14283 4 0 4147 3089 106 133 
14284 4 0 1075 3215 2890 3752 
14285 4 0 4167 3004 4051 2406 
14286 4 0 3018 538 537 1787 
14287 4 0 2586 1703 1813 3623 
14288 4 0 4396 1703 2586 3623 
14289 4 0 3213 3336 3113 897 
14290 4 0 2733 2964 1413 3998 
14291 4 0 1469 628 2965 2827 
14292 4 0 2285 952 793 3234 
14293 4 0 793 786 3234 952 
14294 4 0 4050 4093 3595 4102 
14295 4 0 3665 3889 3893 2015 
14296 4 0 2749 3192 3780 2675 
14297 4 0 4018 3131 2385 2957 
14298 4 0 2701 2393 1207 3065 
14299 4 0 1207 2393 2581 3065 
14300 4 0 4381 2393 805 2701 
14301 4 0 741 1646 2760 3273 
14302 4 0 4185 4090 2891 3399 
14303 4 0 4185 2526 2369 4090 
14304 4 0 1900 3920 3832 3032 
14305 4 0 4090 3808 4185 2526 
14306 4 0 3781 3513 4056 3471 
14307 4 0 1332 2839 1336 1566 
14308 4 0 3462 3453 3831 3942 
14309 4 0 3702 3763 1494 4021 
14310 4 0 1767 1545 1596 2162 
14311 4 0 4385 383 876 877 
14312 4 0 3042 2789 382 453 
14313 4 0 2789 453 3042 4408 
14314 4 0 2667 3040 2232 4253 
14315 4 0 4290 4457 4292 1836 
14316 4 0 1436 4534 4115 1591 
14317 4 0 4115 1591 2158 1436 
14318 4 0 4115 1083 4534 3923 
14319 4 0 4015 3295 3497 4512 
14320 4 0 2085 3525 2256 2916 
14321 4 0 1229 52 838 3613 
14322 4 0 3201 2760 2959 1104 
14323 4 0 741 2760 3201 1104 
14324 4 0 2959 2760 3273 1104 
14325 4 0 3375 4156 3153 1822 
14326 4 0 1600 3047 63 2119 
14327 4 0 3547 3942 1588 3462 
14328 4 0 1058 3792 3652 1725 
14329 4 0 500 2669 2965 2827 
14330 4 0 3420 3738 768 3109 
14331 4 0 3738 1547 3109 3420 
14332 4 0 2530 4103 2240 587 
14333 4 0 2114 1006 2013 1962 
14334 4 0 4103 587 577 2240 
14335 4 0 1979 1640 551 2971 
14336 4 0 3597 3062 3243 2021 
14337 4 0 1971 3145 3612 4270 
14338 4 0 430 1971 4270 3917 
14339 4 0 1485 3945 4327 4325 
14340 4 0 381 3611 4041 3732 
14341 4 0 3027 1493 2206 1880 
14342 4 0 1104 741 2436 3201 
14343 4 0 1104 1968 3201 2436 
14344 4 0 264 1030 3648 267 
14345 4 0 2496 3059 3495 4414 
14346 4 0 256 4192 4312 235 
14347 4 0 3574 1698 2425 1541 
14348 4 0 1541 1698 2425 604 
14349 4 0 1541 604 2425 3364 
14350 4 0 3770 3441 2059 1099 
14351 4 0 1236 2880 2023 2557 
14352 4 0 4115 833 3956 3923 
14353 4 0 3595 3956 4115 833 
14354 4 0 2008 1623 2889 4027 
14355 4 0 3002 82 3274 2865 
14356 4 0 3702 3748 4021 1288 
14357 4 0 3746 1482 4402 3513 
14358 4 0 3746 3513 4402 4058 
14359 4 0 104 4402 4310 4058 
14360 4 0 3743 1546 3155 1839 
14361 4 0 1155 3303 2312 1923 
14362 4 0 2162 4254 1596 1072 
14363 4 0 3147 3739 3665 1137 
14364 4 0 815 4457 1089 4119 
14365 4 0 418 4119 815 187 
14366 4 0 4298 4323 3896 1545 
14367 4 0 1603 4099 4593 2976 
14368 4 0 3198 2212 1168 1169 
14369 4 0 4120 1546 3977 2046 
14370 4 0 1985 2931 3310 2403 
14371 4 0 1086 1062 3342 4459 
14372 4 0 3342 1836 4292 1062 
14373 4 0 1578 1496 3024 1949 
14374 4 0 3024 1465 1949 1496 
14375 4 0 507 3908 4086 1349 
14376 4 0 983 4551 508 984 
14377 4 0 3543 3507 1629 4356 
14378 4 0 2865 2492 3110 3324 
14379 4 0 3150 1415 424 4166 
14380 4 0 869 4283 3833 2314 
14381 4 0 1627 3815 3670 4030 
14382 4 0 196 3266 197 180 
14383 4 0 1560 3874 382 1196 
14384 4 0 1099 3441 165 125 
14385 4 0 3883 3778 3893 3378 
14386 4 0 10 3235 481 2846 
14387 4 0 3284 3020 1788 907 
14388 4 0 550 2277 2735 2071 
14389 4 0 4150 870 545 550 
14390 4 0 4150 2735 870 550 
14391 4 0 835 1466 4273 2537 
14392 4 0 2537 855 4273 835 
14393 4 0 1466 835 4273 1329 
14394 4 0 1416 4441 3471 2147 
14395 4 0 4316 2972 4194 3651 
14396 4 0 4194 2972 3239 3651 
14397 4 0 2735 550 2071 870 
14398 4 0 1329 1333 3308 2547 
14399 4 0 4077 4110 253 279 
14400 4 0 661 942 3483 3185 
14401 4 0 2660 4004 2987 1787 
14402 4 0 4199 4143 1482 567 
14403 4 0 3422 1204 2395 2340 
14404 4 0 3848 2395 1204 2340 
14405 4 0 3800 2708 949 3834 
14406 4 0 3299 2708 3800 3834 
14407 4 0 1232 2721 3095 313 
14408 4 0 1612 3981 883 3691 
14409 4 0 3981 1851 2132 1612 
14410 4 0 3595 3956 4533 4535 
14411 4 0 1137 3665 2015 1317 
14412 4 0 900 899 3364 604 
14413 4 0 1559 512 1560 3874 
14414 4 0 1651 1196 4189 2138 
14415 4 0 2081 1842 4600 2878 
14416 4 0 1842 3086 4600 2878 
14417 4 0 4493 3574 3926 2425 
14418 4 0 2433 1816 1518 4400 
14419 4 0 187 3911 418 4119 
14420 4 0 3324 2865 2492 2298 
14421 4 0 1900 1499 3885 686 
14422 4 0 18 28 2666 2751 
14423 4 0 818 4028 403 4474 
14424 4 0 4028 1582 403 4474 
14425 4 0 4087 1087 650 3183 
14426 4 0 3005 1913 760 1911 
14427 4 0 913 3818 3819 3473 
14428 4 0 3819 3818 4453 3473 
14429 4 0 3819 3473 4453 1986 
14430 4 0 3473 3819 913 1986 
14431 4 0 3861 185 1209 506 
14432 4 0 2819 3698 2400 2632 
14433 4 0 2596 4553 3131 428 
14434 4 0 3417 4553 4557 3131 
14435 4 0 1172 2643 1066 3126 
14436 4 0 542 1172 3126 2643 
14437 4 0 2320 1286 2288 642 
14438 4 0 478 2929 3443 2749 
14439 4 0 4496 3924 3028 4171 
14440 4 0 2872 2449 3399 2861 
14441 4 0 2138 552 89 2097 
14442 4 0 89 2137 2097 552 
14443 4 0 4056 3471 2147 1416 
14444 4 0 2002 373 3551 3017 
14445 4 0 1622 1624 820 2056 
14446 4 0 4378 1997 2289 3292 
14447 4 0 1580 2950 3690 4479 
14448 4 0 2412 4537 1540 4454 
14449 4 0 3702 4021 1494 1499 
14450 4 0 3702 1499 1494 3885 
14451 4 0 2216 1334 1335 1468 
14452 4 0 1900 3920 3032 4132 
14453 4 0 3595 1083 3994 4115 
14454 4 0 2771 2562 3680 3669 
14455 4 0 1213 3112 939 2909 
14456 4 0 4287 3220 2786 2252 
14457 4 0 1213 2252 2909 3412 
14458 4 0 2132 1479 1851 1422 
14459 4 0 212 2929 2635 3026 
14460 4 0 3788 122 95 1817 
14461 4 0 1133 2929 212 194 
14462 4 0 2074 3507 2889 1238 
14463 4 0 2889 3507 2008 2058 
14464 4 0 3991 3085 2471 2824 
14465 4 0 2074 1629 3507 4003 
14466 4 0 1038 819 3420 2069 
14467 4 0 1050 1393 4108 3517 
14468 4 0 3072 2569 2990 1675 
14469 4 0 581 3826 4104 4158 
14470 4 0 4192 529 1359 717 
14471 4 0 4192 717 1359 256 
14472 4 0 4312 4522 4258 529 
14473 4 0 686 1499 3885 884 
14474 4 0 3342 1062 816 4459 
14475 4 0 4194 3786 1732 195 
14476 4 0 3274 2541 588 2291 
14477 4 0 67 3274 2541 588 
14478 4 0 2557 2188 2522 1261 
14479 4 0 4546 3672 4577 673 
14480 4 0 4497 4496 3028 4171 
14481 4 0 3757 4353 3784 4236 
14482 4 0 1965 3784 4236 3757 
14483 4 0 816 4456 3140 3830 
14484 4 0 2928 1710 750 3145 
14485 4 0 2897 750 3615 3145 
14486 4 0 750 2897 2928 3145 
14487 4 0 2645 3285 2139 4594 
14488 4 0 3329 3932 1540 4543 
14489 4 0 1891 3065 2701 1207 
14490 4 0 2581 1891 3065 2780 
14491 4 0 1314 2623 2340 2395 
14492 4 0 2340 2623 3848 2395 
14493 4 0 2138 2349 552 2097 
14494 4 0 870 463 4217 4015 
14495 4 0 1759 3564 3249 3508 
14496 4 0 2469 3249 1759 3564 
14497 4 0 155 1221 386 1224 
14498 4 0 2510 4268 1419 3647 
14499 4 0 4109 297 4207 413 
14500 4 0 2046 1546 3977 3743 
14501 4 0 3743 4003 3977 2074 
14502 4 0 217 1950 242 1061 
14503 4 0 3840 1950 217 1061 
14504 4 0 2747 3562 795 794 
14505 4 0 3694 1885 1817 95 
14506 4 0 2622 4204 566 4390 
14507 4 0 3694 1885 3852 3436 
14508 4 0 3436 611 3852 3694 
14509 4 0 1015 2551 4134 2642 
14510 4 0 608 4003 3977 3743 
14511 4 0 2575 986 2971 551 
14512 4 0 2971 551 986 76 
14513 4 0 2097 2137 2349 552 
14514 4 0 3925 2967 3879 2337 
14515 4 0 3009 458 3389 1048 
14516 4 0 4275 3545 859 2463 
14517 4 0 3545 1589 4275 859 
14518 4 0 3576 2265 911 3495 
14519 4 0 2713 2775 2583 2301 
14520 4 0 657 3410 1478 3552 
14521 4 0 1061 1561 4118 3861 
14522 4 0 3840 3661 1950 1061 
14523 4 0 3939 3661 3840 1061 
14524 4 0 1061 3939 3661 2169 
14525 4 0 353 2888 346 2756 
14526 4 0 1957 928 2911 1952 
14527 4 0 326 2979 2918 2587 
14528 4 0 310 326 2918 2587 
14529 4 0 4089 2636 4395 3557 
14530 4 0 3101 4572 514 1828 
14531 4 0 3182 3029 2946 2858 
14532 4 0 1403 3182 3029 2946 
14533 4 0 3928 1325 1160 4386 
14534 4 0 1519 1112 3618 1525 
14535 4 0 3629 3355 1868 1041 
14536 4 0 4243 3482 1093 2287 
14537 4 0 2585 3482 4169 1093 
14538 4 0 4307 4591 386 4233 
14539 4 0 4307 2300 1147 3555 
14540 4 0 3175 3940 1100 3065 
14541 4 0 2300 3555 3481 1147 
14542 4 0 4059 3376 3401 3213 
14543 4 0 38 2758 1654 26 
14544 4 0 1654 38 3395 2758 
14545 4 0 3236 4060 2795 988 
14546 4 0 2795 988 4060 2197 
14547 4 0 2485 3377 4343 2549 
14548 4 0 2485 3377 2549 2638 
14549 4 0 2759 2597 2514 1439 
14550 4 0 2910 3259 3432 352 
14551 4 0 3650 3925 1281 1904 
14552 4 0 3650 3795 3879 3925 
14553 4 0 537 4117 3018 2540 
14554 4 0 2142 3262 2239 1034 
14555 4 0 3774 3929 4231 3361 
14556 4 0 2858 2328 2477 1783 
14557 4 0 2170 2920 1528 2557 
14558 4 0 823 2786 4287 3220 
14559 4 0 726 727 2274 3952 
14560 4 0 3136 484 2976 1342 
14561 4 0 1815 345 335 2938 
14562 4 0 962 3228 901 2877 
14563 4 0 3533 378 1717 2338 
14564 4 0 3596 2661 1717 2523 
14565 4 0 1902 3278 1904 941 
14566 4 0 4378 2059 1997 3816 
14567 4 0 2645 1339 3207 2580 
14568 4 0 3659 3207 3285 2645 
14569 4 0 2003 2955 3073 3376 
14570 4 0 4348 4113 1179 774 
14571 4 0 2014 3971 3682 4332 
14572 4 0 14 848 1225 5 
14573 4 0 951 3927 3044 4202 
14574 4 0 2265 1166 2776 2310 
14575 4 0 1166 2310 2473 2776 
14576 4 0 1298 3202 3176 957 
14577 4 0 1815 3666 345 2938 
14578 4 0 1359 528 4192 2948 
14579 4 0 4192 529 528 1359 
14580 4 0 4312 4192 717 529 
14581 4 0 2005 3022 800 1069 
14582 4 0 4098 3164 4211 2457 
14583 4 0 1212 2786 4287 823 
14584 4 0 1891 3350 2701 3065 
14585 4 0 4503 4553 3417 2596 
14586 4 0 1219 950 2003 4055 
14587 4 0 3906 950 4055 2003 
14588 4 0 1965 1638 1017 3267 
14589 4 0 1017 1638 1490 3267 
14590 4 0 1285 1505 130 2864 
14591 4 0 2864 1505 130 3306 
14592 4 0 4059 2785 3213 3401 
14593 4 0 4392 3623 2272 2313 
14594 4 0 3526 3343 4390 2648 
14595 4 0 3522 449 3799 2668 
14596 4 0 557 2870 2157 491 
14597 4 0 500 2827 2965 628 
14598 4 0 3182 2588 3949 2280 
14599 4 0 3421 3182 2588 3949 
14600 4 0 3029 4036 3542 3949 
14601 4 0 4155 2726 3038 3492 
14602 4 0 2557 2803 1528 3309 
14603 4 0 1016 3538 3293 1463 
14604 4 0 3538 3644 1463 3157 
14605 4 0 2886 3703 2452 2476 
14606 4 0 2940 1459 2906 3511 
14607 4 0 4251 2273 4159 3119 
14608 4 0 2816 3693 2182 2734 
14609 4 0 159 4307 167 386 
14610 4 0 3495 2534 2496 2272 
14611 4 0 1863 3957 1591 4542 
14612 4 0 3957 3329 3067 3073 
14613 4 0 1591 4542 4002 1863 
14614 4 0 3067 4002 1591 1348 
14615 4 0 2612 2672 1555 3060 
14616 4 0 4504 4178 4018 2385 
14617 4 0 4175 4125 2715 2383 
14618 4 0 560 4126 492 1763 
14619 4 0 581 2974 4104 2934 
14620 4 0 581 4104 3826 2934 
14621 4 0 4127 955 2326 3643 
14622 4 0 663 1224 4233 3955 
14623 4 0 1224 3954 663 4233 
14624 4 0 3671 3954 4233 663 
14625 4 0 3156 907 3620 4417 
14626 4 0 955 2326 3643 3125 
14627 4 0 3275 3415 665 958 
14628 4 0 4435 3148 2552 3041 
14629 4 0 3175 2605 3940 3065 
14630 4 0 767 4417 3620 907 
14631 4 0 206 936 423 1344 
14632 4 0 531 1451 3466 3587 
14633 4 0 713 414 1377 3052 
14634 4 0 414 1562 1377 4242 
14635 4 0 4242 3052 1377 414 
14636 4 0 813 2949 2297 1476 
14637 4 0 3923 1064 3429 4280 
14638 4 0 1064 4280 3923 403 
14639 4 0 1064 4280 403 4028 
14640 4 0 2705 2963 737 2962 
14641 4 0 2005 2963 2705 2465 
14642 4 0 1095 3688 1723 3556 
14643 4 0 1095 3051 1723 3688 
14644 4 0 1723 1096 3556 584 
14645 4 0 4074 4080 2623 3625 
14646 4 0 2623 3412 4074 3625 
14647 4 0 2598 2485 1208 2351 
14648 4 0 3240 4015 3295 3622 
14649 4 0 2947 4306 4114 4218 
14650 4 0 3570 3625 4080 4074 
14651 4 0 2716 4147 3770 606 
14652 4 0 903 904 578 688 
14653 4 0 1665 1662 2384 1790 
14654 4 0 2345 496 3084 4133 
14655 4 0 4451 2399 2475 3529 
14656 4 0 3909 2828 4332 2937 
14657 4 0 3038 2646 3492 3228 
14658 4 0 4144 1453 3266 197 
14659 4 0 4144 3266 215 197 
14660 4 0 4137 215 232 3266 
14661 4 0 718 1765 2458 2525 
14662 4 0 2552 3124 660 3148 
14663 4 0 3148 2686 660 3205 
14664 4 0 2636 1809 1813 1702 
14665 4 0 4240 3960 1795 4095 
14666 4 0 2738 2764 1872 1873 
14667 4 0 2959 2748 800 4135 
14668 4 0 2959 800 1766 4135 
14669 4 0 3278 4227 1005 683 
14670 4 0 1930 2784 4510 1501 
14671 4 0 1801 3099 2925 2054 
14672 4 0 728 1287 2588 2946 
14673 4 0 3756 3237 1487 871 
14674 4 0 2402 1653 3515 4022 
14675 4 0 2883 1653 2402 4022 
14676 4 0 592 3041 873 591 
14677 4 0 4595 3847 4467 1346 
14678 4 0 3725 1532 3099 3359 
14679 4 0 3504 4220 3249 526 
14680 4 0 528 3504 3249 526 
14681 4 0 2748 2932 2692 2959 
14682 4 0 2798 423 3846 3767 
14683 4 0 1635 2557 933 2170 
14684 4 0 933 2920 2170 2557 
14685 4 0 2824 1368 3085 2471 
14686 4 0 537 1357 3018 4117 
14687 4 0 2685 2222 2383 3018 
14688 4 0 3249 1761 526 4220 
14689 4 0 3455 3593 1683 2988 
14690 4 0 3891 561 3849 3295 
14691 4 0 4264 3849 3295 3891 
14692 4 0 1171 814 1450 4190 
14693 4 0 3857 1380 4197 4301 
14694 4 0 1380 4197 4301 877 
14695 4 0 373 1210 1628 3551 
14696 4 0 3303 1923 1506 2312 
14697 4 0 3774 993 1645 2760 
14698 4 0 2760 3774 993 3929 
14699 4 0 19 849 1156 3222 
14700 4 0 582 3323 2688 580 
14701 4 0 2458 932 2372 1765 
14702 4 0 2458 2372 2525 1765 
14703 4 0 2593 2550 1829 3898 
14704 4 0 3065 1100 4062 3363 
14705 4 0 2987 1787 538 3018 
14706 4 0 1007 677 1897 1010 
14707 4 0 803 1007 2192 1897 
14708 4 0 1007 1897 803 1010 
14709 4 0 3249 1759 3508 4263 
14710 4 0 3846 3802 2595 1608 
14711 4 0 4507 3846 2595 1608 
14712 4 0 423 3802 3846 3767 
14713 4 0 3051 1490 3990 524 
14714 4 0 539 3039 2715 3974 
14715 4 0 4145 1438 1498 2942 
14716 4 0 1498 1438 4145 4040 
14717 4 0 3123 3732 1670 567 
14718 4 0 1731 2437 1860 2706 
14719 4 0 1731 2332 2437 2706 
14720 4 0 3580 2428 2739 2379 
14721 4 0 3580 4135 2428 1766 
14722 4 0 1444 3587 3246 2516 
14723 4 0 741 993 994 3929 
14724 4 0 2742 2073 3477 2348 
14725 4 0 1032 598 2582 2559 
14726 4 0 2320 4297 1286 642 
14727 4 0 1425 1412 1424 1376 
14728 4 0 1425 1424 3410 1376 
14729 4 0 3755 4012 3792 3480 
14730 4 0 4350 4012 3792 3755 
14731 4 0 3580 800 4135 1766 
14732 4 0 3099 3725 3359 4340 
14733 4 0 3423 2239 74 2977 
14734 4 0 29 3117 1156 19 
14735 4 0 3117 1143 3636 29 
14736 4 0 3117 3636 3753 29 
14737 4 0 3593 1683 1819 1821 
14738 4 0 3119 1286 2273 2288 
14739 4 0 2702 2464 2059 679 
14740 4 0 3286 2857 2602 679 
14741 4 0 1307 146 168 3861 
14742 4 0 4078 1915 1154 3693 
14743 4 0 69 3613 3756 60 
14744 4 0 60 3613 3756 52 
14745 4 0 69 1229 3613 60 
14746 4 0 2305 4186 2182 2734 
14747 4 0 2023 3399 2201 1236 
14748 4 0 3570 4225 4080 2591 
14749 4 0 4560 301 3311 3545 
14750 4 0 2934 2974 4517 2783 
14751 4 0 2974 2455 2934 4517 
14752 4 0 3051 4198 3990 3469 
14753 4 0 3553 2972 2633 1870 
14754 4 0 3820 3717 1981 2808 
14755 4 0 3921 4285 3820 3717 
14756 4 0 3410 2531 2498 4562 
14757 4 0 2559 809 2904 804 
14758 4 0 3564 960 3492 929 
14759 4 0 3564 960 929 959 
14760 4 0 4219 1870 2633 863 
14761 4 0 4190 3796 3008 1981 
14762 4 0 3223 3857 1045 2901 
14763 4 0 3617 2652 2901 4001 
14764 4 0 2652 3857 2901 4001 
14765 4 0 545 4075 273 1908 
14766 4 0 1224 4233 3955 386 
14767 4 0 4280 3923 3114 2412 
14768 4 0 3669 2771 2495 2565 
14769 4 0 2310 2707 2776 2736 
14770 4 0 4150 2735 463 870 
14771 4 0 2664 3358 4607 3766 
14772 4 0 3277 4333 3271 1720 
14773 4 0 3256 3867 3684 2352 
14774 4 0 4504 4502 2385 4018 
14775 4 0 4502 2385 515 4504 
14776 4 0 4467 2609 2303 464 
14777 4 0 1979 2705 988 737 
14778 4 0 4098 2282 4211 3164 
14779 4 0 2566 1480 3164 1849 
14780 4 0 3713 2772 1403 1650 
14781 4 0 1403 3713 1650 2875 
14782 4 0 3209 3482 2585 4243 
14783 4 0 315 443 415 306 
14784 4 0 2689 415 398 2356 
14785 4 0 315 443 2689 415 
14786 4 0 315 306 415 3298 
14787 4 0 2740 4036 1269 2341 
14788 4 0 2532 2678 2341 2740 
14789 4 0 2740 2678 2341 2966 
14790 4 0 4146 4067 4483 635 
14791 4 0 3951 635 4067 4146 
14792 4 0 4147 2209 4305 2359 
14793 4 0 606 3770 3169 4147 
14794 4 0 3655 2209 4305 4147 
14795 4 0 4147 93 2209 606 
14796 4 0 158 2970 3081 3561 
14797 4 0 3921 2512 563 3343 
14798 4 0 2727 786 3185 1996 
14799 4 0 3825 1148 2474 3141 
14800 4 0 3526 4389 563 3343 
14801 4 0 1812 3343 3526 563 
14802 4 0 4345 4066 2768 3209 
14803 4 0 210 2836 2948 4149 
14804 4 0 3500 2120 4424 2534 
14805 4 0 3773 2445 4140 436 
14806 4 0 4590 3188 307 432 
14807 4 0 4590 3188 2262 307 
14808 4 0 4089 2387 1120 2636 
14809 4 0 3513 3471 3781 2753 
14810 4 0 514 4557 3101 515 
14811 4 0 3035 2606 2106 3204 
14812 4 0 2621 4573 4015 870 
14813 4 0 1726 1908 3189 3316 
14814 4 0 3755 2373 3189 1486 
14815 4 0 1486 3755 1726 3189 
14816 4 0 2696 2872 3043 2093 
14817 4 0 2269 2374 1598 880 
14818 4 0 502 2269 3658 1598 
14819 4 0 646 3363 2615 3989 
14820 4 0 2509 2854 2847 2536 
14821 4 0 3673 2847 2536 1570 
14822 4 0 2364 2299 879 878 
14823 4 0 3972 3470 4169 2543 
14824 4 0 2925 4359 3190 4340 
14825 4 0 3470 1999 4519 3191 
14826 4 0 2472 4519 1999 3191 
14827 4 0 400 484 1342 2976 
14828 4 0 2596 400 1342 2976 
14829 4 0 467 2665 4152 1571 
14830 4 0 467 4152 2368 3170 
14831 4 0 4153 2698 3212 2904 
14832 4 0 3941 3223 2550 3318 
14833 4 0 2550 3223 2668 3318 
14834 4 0 293 2292 2908 303 
14835 4 0 1182 2486 597 1510 
14836 4 0 3398 891 2998 1687 
14837 4 0 3506 891 2998 892 
14838 4 0 1043 3857 4001 2901 
14839 4 0 310 2418 2918 326 
14840 4 0 301 3545 2918 3311 
14841 4 0 2315 190 3231 2604 
14842 4 0 1342 400 4460 484 
14843 4 0 1723 1095 3556 1096 
14844 4 0 2932 798 2963 2005 
14845 4 0 3680 3669 2565 2771 
14846 4 0 663 3163 2673 1324 
14847 4 0 2851 663 2572 142 
14848 4 0 3163 2673 142 663 
14849 4 0 2826 410 2413 4558 
14850 4 0 2618 3929 498 553 
14851 4 0 3929 553 2618 3715 
14852 4 0 182 3081 3296 158 
14853 4 0 1182 2667 1503 3708 
14854 4 0 4595 1346 2371 3847 
14855 4 0 1091 4152 2368 2665 
14856 4 0 3262 2794 53 62 
14857 4 0 3790 3262 53 62 
14858 4 0 4215 736 2315 190 
14859 4 0 2523 2800 3596 2661 
14860 4 0 3596 2523 1717 378 
14861 4 0 2661 2523 2800 804 
14862 4 0 3277 2984 3271 4333 
14863 4 0 4122 646 2615 3989 
14864 4 0 455 666 2929 456 
14865 4 0 2656 323 312 2466 
14866 4 0 3558 1305 2730 2491 
14867 4 0 3558 3577 1305 2491 
14868 4 0 2938 3666 2804 3628 
14869 4 0 2915 2811 1801 1802 
14870 4 0 3164 2457 4098 3460 
14871 4 0 3204 2457 3164 3460 
14872 4 0 2457 3204 1409 3460 
14873 4 0 3460 2457 4098 3107 
14874 4 0 2011 3529 827 4451 
14875 4 0 2253 1531 3463 1533 
14876 4 0 1597 3326 2612 3667 
14877 4 0 160 4309 2512 138 
14878 4 0 1338 3849 3747 2853 
14879 4 0 2877 3973 2493 3492 
14880 4 0 2124 4181 3717 3167 
14881 4 0 3167 4181 4353 2300 
14882 4 0 4353 4181 4160 2300 
14883 4 0 2753 3781 3513 2930 
14884 4 0 2816 4078 3519 3991 
14885 4 0 524 580 4447 2688 
14886 4 0 524 2688 4447 3051 
14887 4 0 4447 3685 3051 2688 
14888 4 0 2839 1328 494 1763 
14889 4 0 889 4210 895 3376 
14890 4 0 895 889 3376 3445 
14891 4 0 4210 895 3376 2307 
14892 4 0 2476 2955 895 3376 
14893 4 0 4575 490 4079 3525 
14894 4 0 4575 2916 490 3525 
14895 4 0 2937 3278 2204 3742 
14896 4 0 3359 1532 3099 1118 
14897 4 0 3425 4041 381 3611 
14898 4 0 60 44 1229 52 
14899 4 0 2520 1525 4450 460 
14900 4 0 1260 3399 2557 3309 
14901 4 0 251 3682 3442 3971 
14902 4 0 3614 3733 3903 681 
14903 4 0 681 2662 3733 3903 
14904 4 0 4590 292 2262 281 
14905 4 0 2987 1130 2711 2660 
14906 4 0 1445 2549 4066 3890 
14907 4 0 2796 4066 2549 3890 
14908 4 0 678 2247 2226 3692 
14909 4 0 3127 2359 2153 3169 
14910 4 0 2359 4147 2209 3169 
14911 4 0 3564 4155 3492 2726 
14912 4 0 2644 1567 2584 3427 
14913 4 0 2749 424 3150 1415 
14914 4 0 1700 1555 3060 2612 
14915 4 0 1953 2061 466 1957 
14916 4 0 2852 1650 2875 2939 
14917 4 0 3940 2605 2615 3065 
14918 4 0 4202 3468 900 3927 
14919 4 0 337 2922 3108 346 
14920 4 0 2478 4401 2737 3104 
14921 4 0 3505 2737 4401 3104 
14922 4 0 4191 3171 1335 830 
14923 4 0 538 3018 2383 2987 
14924 4 0 2892 1149 3987 811 
14925 4 0 1107 2929 195 194 
14926 4 0 1725 545 249 1908 
14927 4 0 3442 3682 251 2869 
14928 4 0 4121 3265 2005 3022 
14929 4 0 4121 1069 3022 2005 
14930 4 0 3497 4015 3330 3622 
14931 4 0 1646 737 2705 2963 
14932 4 0 3452 2552 660 3148 
14933 4 0 2242 3298 415 298 
14934 4 0 378 3363 3533 1299 
14935 4 0 3533 3596 1717 378 
14936 4 0 1026 236 3443 478 
14937 4 0 2631 1704 1705 2545 
14938 4 0 3051 4469 524 4198 
14939 4 0 4133 4525 4524 2952 
14940 4 0 566 2622 3343 1808 
14941 4 0 1031 1138 1221 3955 
14942 4 0 4407 2962 2963 2465 
14943 4 0 3334 2274 3375 3952 
14944 4 0 1595 4041 3611 3732 
14945 4 0 3003 1563 4170 2707 
14946 4 0 2786 3278 2329 2864 
14947 4 0 2574 1091 3170 2368 
14948 4 0 2341 2678 358 361 
14949 4 0 2341 2966 2678 361 
14950 4 0 3398 2022 4168 550 
14951 4 0 2586 3623 568 2446 
14952 4 0 4206 2294 568 1708 
14953 4 0 4092 712 4473 3121 
14954 4 0 4473 712 3721 3140 
14955 4 0 2199 2937 3132 2828 
14956 4 0 2199 3132 2195 2828 
14957 4 0 2546 3253 4153 4073 
14958 4 0 3253 2546 4153 999 
14959 4 0 2737 3017 4401 2478 
14960 4 0 4401 2478 3017 1593 
14961 4 0 4335 651 4497 4501 
14962 4 0 2559 3332 2661 2393 
14963 4 0 4480 1520 394 4246 
14964 4 0 4277 3440 4279 3057 
14965 4 0 2947 3996 3536 3616 
14966 4 0 120 4287 3348 3220 
14967 4 0 3811 2836 210 2840 
14968 4 0 2300 2439 386 3757 
14969 4 0 3811 2840 210 238 
14970 4 0 3619 801 802 2222 
14971 4 0 802 3619 1357 3291 
14972 4 0 1447 1823 1441 1486 
14973 4 0 1447 1441 3357 1486 
14974 4 0 2466 331 4145 323 
14975 4 0 4232 2411 2368 467 
14976 4 0 3976 378 2284 1564 
14977 4 0 1564 378 2284 1299 
14978 4 0 2779 4268 3741 1284 
14979 4 0 3401 2785 1837 4059 
14980 4 0 1837 2785 3401 830 
14981 4 0 3326 373 1671 3667 
14982 4 0 881 177 164 3786 
14983 4 0 1286 919 1512 3252 
14984 4 0 648 2857 3078 4267 
14985 4 0 3078 645 2857 2301 
14986 4 0 4267 2567 2857 2833 
14987 4 0 4289 2199 3909 2937 
14988 4 0 3909 2143 2828 2195 
14989 4 0 4393 114 138 2512 
14990 4 0 2277 550 2712 4168 
14991 4 0 4552 3028 651 4497 
14992 4 0 2486 1182 597 1370 
14993 4 0 1114 3900 4339 3463 
14994 4 0 3463 3900 4339 2407 
14995 4 0 3643 3752 4127 953 
14996 4 0 4127 2326 2930 3643 
14997 4 0 3778 3862 1896 4585 
14998 4 0 3862 4278 1896 4585 
14999 4 0 814 607 3861 169 
15000 4 0 169 607 3861 1361 
15001 4 0 978 3926 3217 2757 
15002 4 0 3926 2425 3210 2757 
15003 4 0 3991 3608 3066 3197 
15004 4 0 1730 3197 3085 2571 
15005 4 0 2152 3085 1730 3197 
15006 4 0 4158 581 3090 2088 
15007 4 0 4189 1180 552 382 
15008 4 0 699 807 543 2904 
15009 4 0 807 2904 2834 543 
15010 4 0 2734 2182 698 4186 
15011 4 0 312 2466 323 3675 
15012 4 0 2610 2656 312 2466 
15013 4 0 2602 3365 2567 2347 
15014 4 0 3365 3540 2567 2347 
15015 4 0 2567 3540 896 648 
15016 4 0 2876 2425 1541 4493 
15017 4 0 3574 2425 4493 1541 
15018 4 0 3198 912 2212 1169 
15019 4 0 3539 3402 3363 1126 
15020 4 0 1126 2338 3363 3533 
15021 4 0 2965 2669 1042 3261 
15022 4 0 2891 2449 4090 2369 
15023 4 0 1204 2182 3142 113 
15024 4 0 4349 113 3142 2182 
15025 4 0 1497 3650 1006 3925 
15026 4 0 1651 140 4294 1196 
15027 4 0 2781 382 453 4189 
15028 4 0 591 3793 592 3165 
15029 4 0 430 3917 4270 3238 
15030 4 0 3114 3238 3917 430 
15031 4 0 2996 3323 2646 3910 
15032 4 0 2282 1920 4211 3159 
15033 4 0 1640 2971 59 68 
15034 4 0 2538 2384 735 1635 
15035 4 0 1048 3009 669 757 
15036 4 0 4013 4112 3763 2467 
15037 4 0 193 210 4250 2572 
15038 4 0 3960 4181 4160 3796 
15039 4 0 784 1079 985 395 
15040 4 0 4495 985 1079 395 
15041 4 0 395 4216 985 784 
15042 4 0 1687 2998 3398 2712 
15043 4 0 2998 2712 2604 550 
15044 4 0 3494 2622 4204 2569 
15045 4 0 1899 1781 202 3537 
15046 4 0 835 1333 1219 4055 
15047 4 0 2395 3812 2623 3848 
15048 4 0 3355 4316 3812 2395 
15049 4 0 3976 3396 1715 2487 
15050 4 0 2587 3545 284 3512 
15051 4 0 3887 2572 142 176 
15052 4 0 176 3887 2572 4250 
15053 4 0 4389 2648 4259 3343 
15054 4 0 3354 2456 932 1664 
15055 4 0 932 2456 904 1664 
15056 4 0 2260 3477 374 906 
15057 4 0 1339 2133 2227 2357 
15058 4 0 1339 2227 2213 2357 
15059 4 0 3229 2213 3618 2590 
15060 4 0 3731 3523 707 3864 
15061 4 0 3975 3731 3523 707 
15062 4 0 1570 2201 2680 2536 
15063 4 0 1093 4243 2585 3482 
15064 4 0 1339 3659 3207 4177 
15065 4 0 1438 4296 4040 1498 
15066 4 0 2723 1498 4296 1438 
15067 4 0 2930 3823 1297 4127 
15068 4 0 1342 2596 2976 1794 
15069 4 0 428 2976 1794 2807 
15070 4 0 1604 1794 2596 1342 
15071 4 0 1019 4360 1020 2798 
15072 4 0 4183 3315 3758 2673 
15073 4 0 4164 2952 4526 522 
15074 4 0 4164 4571 522 4526 
15075 4 0 943 3752 4127 3823 
15076 4 0 3823 4127 2930 3752 
15077 4 0 898 1694 549 480 
15078 4 0 898 1694 1692 549 
15079 4 0 3606 3014 2568 2896 
15080 4 0 2568 1565 1568 3606 
15081 4 0 3774 3361 993 3929 
15082 4 0 3300 335 324 2793 
15083 4 0 3799 3318 2593 2668 
15084 4 0 3318 2550 2593 2668 
15085 4 0 4403 2202 2940 1459 
15086 4 0 3070 1194 3721 3830 
15087 4 0 1149 3608 3573 1000 
15088 4 0 4566 2700 3302 517 
15089 4 0 2684 1648 2244 1012 
15090 4 0 2260 374 3413 906 
15091 4 0 3192 263 4261 2967 
15092 4 0 554 3295 3984 3698 
15093 4 0 155 135 1224 4233 
15094 4 0 1964 223 3698 1420 
15095 4 0 2626 3409 447 3403 
15096 4 0 3793 3705 873 2919 
15097 4 0 592 873 3041 2919 
15098 4 0 2919 873 3041 4435 
15099 4 0 2930 3643 3752 4127 
15100 4 0 1295 715 393 3642 
15101 4 0 393 1308 1295 3642 
15102 4 0 1308 1592 3642 393 
15103 4 0 3500 3495 3059 911 
15104 4 0 1775 2914 3708 3347 
15105 4 0 4124 2735 4150 550 
15106 4 0 472 2210 1998 4586 
15107 4 0 472 3664 4586 1998 
15108 4 0 472 3290 4586 3664 
15109 4 0 312 2292 2466 3675 
15110 4 0 3693 2702 2059 4380 
15111 4 0 2164 3131 4265 2957 
15112 4 0 3664 3290 4586 3143 
15113 4 0 4586 3290 4576 3143 
15114 4 0 3989 4159 4251 2273 
15115 4 0 2362 1842 1873 4600 
15116 4 0 3348 3220 3422 94 
15117 4 0 3220 2849 3422 94 
15118 4 0 2591 4080 3625 3434 
15119 4 0 3449 3609 4004 2383 
15120 4 0 3732 3269 3611 1843 
15121 4 0 1815 3092 3095 3050 
15122 4 0 2938 2804 1190 3050 
15123 4 0 4170 3202 3003 2310 
15124 4 0 3718 2983 1386 3723 
15125 4 0 3678 3662 3723 2983 
15126 4 0 505 3657 1123 1059 
15127 4 0 1075 3606 1565 3752 
15128 4 0 3427 4596 2298 3390 
15129 4 0 1092 2548 2585 1713 
15130 4 0 1173 2200 3878 888 
15131 4 0 663 3887 142 3163 
15132 4 0 663 142 3887 2572 
15133 4 0 2653 4183 3315 98 
15134 4 0 3315 4183 132 98 
15135 4 0 3784 3757 1965 3167 
15136 4 0 3466 1954 531 2278 
15137 4 0 3495 4424 3059 2496 
15138 4 0 1475 1563 4170 3003 
15139 4 0 2239 2142 62 3262 
15140 4 0 702 3519 2816 4078 
15141 4 0 2483 2397 3693 2059 
15142 4 0 67 2541 839 588 
15143 4 0 2541 3274 67 77 
15144 4 0 2970 2983 1421 3561 
15145 4 0 284 2677 3545 2463 
15146 4 0 284 3545 4275 2463 
15147 4 0 1956 995 3013 2995 
15148 4 0 2567 3365 896 3540 
15149 4 0 22 13 2561 2283 
15150 4 0 2314 893 3468 1697 
15151 4 0 1329 1466 3010 4255 
15152 4 0 3827 930 2906 2718 
15153 4 0 2609 407 2805 1889 
15154 4 0 2747 3541 3333 1657 
15155 4 0 1645 3774 2745 4011 
15156 4 0 4192 235 1138 529 
15157 4 0 2829 1138 222 529 
15158 4 0 2111 2285 3626 2639 
15159 4 0 494 4545 1336 1566 
15160 4 0 2661 804 3332 2559 
15161 4 0 2922 4485 2279 3277 
15162 4 0 2914 4418 1716 3115 
15163 4 0 4418 3387 2914 1716 
15164 4 0 4418 2914 3387 3516 
15165 4 0 493 1140 2425 974 
15166 4 0 1784 2348 3477 374 
15167 4 0 1784 1311 374 1310 
15168 4 0 3022 374 1311 1310 
15169 4 0 4206 2101 2478 1593 
15170 4 0 4206 1593 2478 4401 
15171 4 0 2093 2055 2873 333 
15172 4 0 2246 376 2669 3722 
15173 4 0 4492 548 4005 4489 
15174 4 0 4005 866 4489 548 
15175 4 0 4175 538 2383 4004 
15176 4 0 4585 2386 1355 4587 
15177 4 0 3580 1766 2428 2379 
15178 4 0 3580 2739 1358 2379 
15179 4 0 3982 4197 4001 1380 
15180 4 0 1046 3625 3617 4001 
15181 4 0 2962 2705 2963 2465 
15182 4 0 471 1998 472 2210 
15183 4 0 3282 1998 471 2042 
15184 4 0 3565 2922 2279 3277 
15185 4 0 3245 3061 2136 2650 
15186 4 0 3537 219 1899 572 
15187 4 0 3703 1689 4281 2307 
15188 4 0 3321 2171 3583 3346 
15189 4 0 3693 4078 2171 1154 
15190 4 0 3269 3732 2718 4271 
15191 4 0 4307 386 4315 2300 
15192 4 0 4307 3555 386 2300 
15193 4 0 1050 4302 1393 3517 
15194 4 0 3995 2399 3143 4576 
15195 4 0 2399 3995 3143 827 
15196 4 0 796 4189 453 1180 
15197 4 0 796 453 3042 1180 
15198 4 0 1180 382 4189 453 
15199 4 0 1891 3404 2780 2892 
15200 4 0 4377 3404 2780 1891 
15201 4 0 4243 2548 1574 1713 
15202 4 0 333 3043 2696 343 
15203 4 0 3976 2487 1715 2800 
15204 4 0 2998 2900 2708 4111 
15205 4 0 2998 2708 4179 4111 
15206 4 0 2396 659 2845 2949 
15207 4 0 2959 3273 2692 1104 
15208 4 0 3232 1459 3431 468 
15209 4 0 2864 2442 3306 1592 
15210 4 0 393 2864 1592 3245 
15211 4 0 2466 4145 2942 323 
15212 4 0 1498 4145 2942 2466 
15213 4 0 1722 3091 2847 2854 
15214 4 0 3053 2785 1551 830 
15215 4 0 4297 1513 3886 2676 
15216 4 0 4579 3465 665 673 
15217 4 0 3944 1980 1401 3709 
15218 4 0 4243 2128 1574 2548 
15219 4 0 3071 3377 1443 2548 
15220 4 0 3071 1574 2128 2548 
15221 4 0 1218 4284 3821 2900 
15222 4 0 3892 3640 3554 2016 
15223 4 0 4037 1912 3804 2016 
15224 4 0 3573 1452 1035 662 
15225 4 0 1914 2852 1650 3254 
15226 4 0 891 4179 4111 2998 
15227 4 0 4188 3230 2467 444 
15228 4 0 1634 1633 929 959 
15229 4 0 3335 999 4153 700 
15230 4 0 3922 972 3287 1390 
15231 4 0 2946 2588 3182 1287 
15232 4 0 3421 3182 1403 2588 
15233 4 0 984 508 3924 1575 
15234 4 0 675 2808 3921 4173 
15235 4 0 2121 1051 2293 921 
15236 4 0 713 2922 337 2279 
15237 4 0 1643 3201 742 2436 
15238 4 0 3201 742 1103 2995 
15239 4 0 3400 491 2993 3525 
15240 4 0 1856 1285 2864 1505 
15241 4 0 2045 1166 2639 3626 
15242 4 0 1464 3747 199 3698 
15243 4 0 4143 3747 3698 199 
15244 4 0 1166 2639 2473 2310 
15245 4 0 1076 2310 2473 2639 
15246 4 0 79 2977 3518 70 
15247 4 0 4320 3881 4140 3773 
15248 4 0 3402 1126 2338 3363 
15249 4 0 1334 3257 2216 3761 
15250 4 0 1334 2216 3171 3761 
15251 4 0 1334 2216 1335 3171 
15252 4 0 3221 809 1032 2559 
15253 4 0 2476 4151 895 2955 
15254 4 0 2886 4151 3703 2476 
15255 4 0 3426 1717 2393 378 
15256 4 0 1383 1382 3223 1045 
15257 4 0 3608 2592 3573 1000 
15258 4 0 3780 4219 2633 4261 
15259 4 0 3101 4134 3157 401 
15260 4 0 3674 2931 2403 4157 
15261 4 0 594 3423 2239 3063 
15262 4 0 594 2239 3423 2777 
15263 4 0 585 2981 3058 3424 
15264 4 0 4051 3528 2903 866 
15265 4 0 1953 2062 466 2278 
15266 4 0 763 1120 3326 373 
15267 4 0 3349 1671 3326 1120 
15268 4 0 3909 2937 2199 2828 
15269 4 0 3399 2236 2449 2872 
15270 4 0 3912 1028 3199 2900 
15271 4 0 2301 2857 606 3258 
15272 4 0 2931 3310 2403 1848 
15273 4 0 2403 3310 2480 1848 
15274 4 0 1092 3058 2585 3424 
15275 4 0 3297 1679 3144 981 
15276 4 0 4300 3652 4468 550 
15277 4 0 4468 3652 2604 550 
15278 4 0 1728 2170 705 1635 
15279 4 0 2969 1222 2482 1031 
15280 4 0 1031 2969 4149 2482 
15281 4 0 2804 3628 1190 3050 
15282 4 0 4144 2869 232 3266 
15283 4 0 3545 2106 2918 3311 
15284 4 0 1615 3990 1823 259 
15285 4 0 4225 612 4436 590 
15286 4 0 612 590 4225 2591 
15287 4 0 3001 4339 3900 2407 
15288 4 0 3583 3404 1009 2892 
15289 4 0 4305 3089 3655 4147 
15290 4 0 3545 284 4560 301 
15291 4 0 4466 4467 3847 429 
15292 4 0 4466 465 4467 429 
15293 4 0 3745 1518 1816 4400 
15294 4 0 183 1212 2786 941 
15295 4 0 3278 1902 183 941 
15296 4 0 3278 941 183 2786 
15297 4 0 2390 1020 1495 1281 
15298 4 0 930 3125 1387 1777 
15299 4 0 1387 930 3425 3125 
15300 4 0 2863 2646 2996 3323 
15301 4 0 4435 2686 3015 3124 
15302 4 0 4435 2919 2686 3041 
15303 4 0 3497 3295 4264 4512 
15304 4 0 3295 4015 3497 3622 
15305 4 0 3918 1455 2913 2945 
15306 4 0 2213 2731 4182 4505 
15307 4 0 3189 1908 1725 3316 
15308 4 0 456 3443 1520 3624 
15309 4 0 4360 2798 936 938 
15310 4 0 936 938 2798 392 
15311 4 0 2736 911 3495 3500 
15312 4 0 3925 1495 2337 3879 
15313 4 0 4559 4082 2717 2381 
15314 4 0 3579 2916 4167 2406 
15315 4 0 2916 3579 4167 1141 
15316 4 0 2557 3399 2803 3309 
15317 4 0 3797 3634 3740 1491 
15318 4 0 2070 1491 3797 3740 
15319 4 0 989 1907 3859 1201 
15320 4 0 2949 3829 2396 1476 
15321 4 0 2792 2905 2242 3298 
15322 4 0 3409 2246 2830 1353 
15323 4 0 3409 1353 2830 3437 
15324 4 0 3485 1407 2792 2801 
15325 4 0 2671 1407 3485 2801 
15326 4 0 3649 2333 3558 778 
15327 4 0 2333 3558 778 4329 
15328 4 0 3780 1027 4261 263 
15329 4 0 2925 3386 1801 2054 
15330 4 0 2989 1518 2923 3313 
15331 4 0 2849 92 113 3422 
15332 4 0 4339 3178 3463 2407 
15333 4 0 1698 3210 2425 3468 
15334 4 0 2314 3468 3210 1698 
15335 4 0 107 3127 2442 1505 
15336 4 0 1505 107 3127 3850 
15337 4 0 1183 3850 107 1505 
15338 4 0 3601 2886 4151 894 
15339 4 0 3601 2955 4151 2886 
15340 4 0 2595 3161 573 3846 
15341 4 0 1703 2636 2586 1813 
15342 4 0 2586 1813 2636 568 
15343 4 0 1697 3567 893 3468 
15344 4 0 3771 2111 3626 2639 
15345 4 0 744 2319 2044 996 
15346 4 0 2850 2319 996 4358 
15347 4 0 1622 3744 1992 820 
15348 4 0 820 1992 4326 2053 
15349 4 0 4272 230 269 1019 
15350 4 0 3142 2972 3553 1870 
15351 4 0 4492 3177 4490 4550 
15352 4 0 2997 2956 3012 722 
15353 4 0 2216 2578 3401 3761 
15354 4 0 3171 830 1837 3401 
15355 4 0 1309 3575 3946 536 
15356 4 0 3575 886 3946 536 
15357 4 0 2704 3946 3575 886 
15358 4 0 1309 3946 3575 2160 
15359 4 0 855 3761 2578 2537 
15360 4 0 4024 3864 4321 3979 
15361 4 0 3686 3979 4214 3707 
15362 4 0 3686 4214 3901 3707 
15363 4 0 3160 3979 4024 3686 
15364 4 0 3862 3778 2386 4585 
15365 4 0 537 1357 2685 3018 
15366 4 0 2685 2222 1357 802 
15367 4 0 3357 3166 1235 3653 
15368 4 0 1367 4129 2332 2926 
15369 4 0 1194 4476 3721 3830 
15370 4 0 4040 3772 2725 2193 
15371 4 0 745 998 3605 997 
15372 4 0 3379 4599 4431 2741 
15373 4 0 791 659 2898 2949 
15374 4 0 572 3862 4033 3021 
15375 4 0 3722 2827 2389 2933 
15376 4 0 1216 1325 2933 375 
15377 4 0 2933 3722 1384 2389 
15378 4 0 560 2844 3440 492 
15379 4 0 502 450 880 1382 
15380 4 0 3364 3842 900 3927 
15381 4 0 368 13 875 4383 
15382 4 0 1528 3309 2170 2557 
15383 4 0 4384 3216 4237 1841 
15384 4 0 2290 2093 1758 2696 
15385 4 0 71 850 370 81 
15386 4 0 71 370 850 3047 
15387 4 0 3081 158 3561 3296 
15388 4 0 3559 4329 2730 2333 
15389 4 0 66 370 850 81 
15390 4 0 334 2611 477 344 
15391 4 0 2845 659 2658 2949 
15392 4 0 1565 3606 2568 3752 
15393 4 0 981 1922 3997 1882 
15394 4 0 981 3997 3144 621 
15395 4 0 1886 3360 3313 1518 
15396 4 0 1130 3548 731 2711 
15397 4 0 877 1380 4197 3982 
15398 4 0 4013 2467 3785 4123 
15399 4 0 4227 3278 191 682 
15400 4 0 4585 3778 4583 1896 
15401 4 0 4445 4232 3251 2368 
15402 4 0 3170 4445 2368 4232 
15403 4 0 2546 4073 1182 1370 
15404 4 0 1182 4073 597 1370 
15405 4 0 3130 2869 3266 4137 
15406 4 0 567 1812 1668 2512 
15407 4 0 3139 3107 2370 684 
15408 4 0 3107 3460 3139 2370 
15409 4 0 1904 1281 231 941 
15410 4 0 115 1195 4199 139 
15411 4 0 2550 3903 3898 2662 
15412 4 0 2669 2246 1042 3261 
15413 4 0 2923 3568 3313 2433 
15414 4 0 2818 3672 465 429 
15415 4 0 2755 2818 4461 4071 
15416 4 0 1345 3023 4465 2655 
15417 4 0 471 3023 2655 4465 
15418 4 0 2406 3528 1601 4051 
15419 4 0 2263 1376 2480 3405 
15420 4 0 3552 4564 4174 4082 
15421 4 0 4082 4558 3552 2717 
15422 4 0 3745 3663 1518 4400 
15423 4 0 3513 2841 2753 2930 
15424 4 0 2753 3781 2930 3823 
15425 4 0 3927 951 3044 2879 
15426 4 0 3667 3888 373 3759 
15427 4 0 114 3921 91 4173 
15428 4 0 1475 659 2396 2949 
15429 4 0 2396 2949 2297 1475 
15430 4 0 4036 3029 1648 3949 
15431 4 0 2917 3029 1648 2939 
15432 4 0 1048 667 3389 3009 
15433 4 0 2569 3768 2631 2545 
15434 4 0 393 2864 1294 1308 
15435 4 0 714 393 1294 1295 
15436 4 0 1308 393 1295 1294 
15437 4 0 745 989 1641 998 
15438 4 0 3284 1788 2860 907 
15439 4 0 2294 4403 2001 2202 
15440 4 0 2202 2294 4403 1838 
15441 4 0 3870 4209 3682 2143 
15442 4 0 3381 3970 3598 1014 
15443 4 0 935 391 206 178 
15444 4 0 4095 3960 1606 4240 
15445 4 0 2445 3773 913 4109 
15446 4 0 4207 3819 4299 913 
15447 4 0 4109 913 4207 4299 
15448 4 0 4257 3999 4136 724 
15449 4 0 4257 3325 4136 3999 
15450 4 0 2381 2761 1589 859 
15451 4 0 2761 2381 861 859 
15452 4 0 3853 1139 774 3430 
15453 4 0 1898 1139 774 3853 
15454 4 0 2562 2081 3680 3669 
15455 4 0 1375 3677 3049 1878 
15456 4 0 3677 2498 3049 1878 
15457 4 0 3866 3756 871 2360 
15458 4 0 4106 2690 2746 2360 
15459 4 0 2360 2690 2746 3866 
15460 4 0 2563 4498 406 4499 
15461 4 0 2923 2433 1518 4400 
15462 4 0 2923 1518 3762 4400 
15463 4 0 3844 1920 3542 1321 
15464 4 0 995 1643 3013 2995 
15465 4 0 318 324 3300 335 
15466 4 0 2780 1891 2892 2171 
15467 4 0 334 3380 2429 2526 
15468 4 0 3814 3768 2534 3494 
15469 4 0 4392 2272 2534 2631 
15470 4 0 3989 4159 2273 2288 
15471 4 0 4122 3989 2615 4159 
15472 4 0 3663 1161 2063 3762 
15473 4 0 2124 3717 3960 3087 
15474 4 0 3820 3087 4190 1981 
15475 4 0 642 2258 3200 1184 
15476 4 0 2258 642 2628 1184 
15477 4 0 4222 3863 4571 1893 
15478 4 0 165 388 4376 180 
15479 4 0 3545 4275 4560 284 
15480 4 0 4598 4596 3390 704 
15481 4 0 4423 696 4596 704 
15482 4 0 1281 1904 3925 941 
15483 4 0 1281 1296 231 941 
15484 4 0 1848 3230 1983 3186 
15485 4 0 4157 1848 2403 3230 
15486 4 0 4548 4584 3499 464 
15487 4 0 2242 2905 415 3298 
15488 4 0 3192 263 3780 4261 
15489 4 0 4289 2937 3909 4295 
15490 4 0 1322 1835 622 2535 
15491 4 0 622 2299 1322 2535 
15492 4 0 2966 2370 2678 684 
15493 4 0 2740 2678 2966 2370 
15494 4 0 3656 1952 1951 3661 
15495 4 0 4587 1355 4585 469 
15496 4 0 798 4407 2465 3265 
15497 4 0 797 4407 798 3265 
15498 4 0 873 3705 3015 2919 
15499 4 0 510 3537 3021 3862 
15500 4 0 2900 1523 3849 561 
15501 4 0 1008 543 807 2834 
15502 4 0 1401 1402 1980 3944 
15503 4 0 1402 1980 4261 3804 
15504 4 0 4560 1589 4275 3545 
15505 4 0 3079 4023 1054 1055 
15506 4 0 3574 3210 2425 1698 
15507 4 0 1486 3990 1490 3735 
15508 4 0 1490 3735 3990 1638 
15509 4 0 2701 1207 805 2155 
15510 4 0 2063 4386 1160 1162 
15511 4 0 2063 1160 3263 1162 
15512 4 0 69 3756 3613 78 
15513 4 0 69 78 3613 1229 
15514 4 0 453 3699 3450 3777 
15515 4 0 2869 2835 3281 3442 
15516 4 0 4452 2869 2835 3281 
15517 4 0 4548 472 4244 3664 
15518 4 0 234 4008 554 1420 
15519 4 0 583 3910 2996 3959 
15520 4 0 3661 2911 3939 1952 
15521 4 0 940 2710 392 3570 
15522 4 0 2201 1570 3151 2536 
15523 4 0 3766 2664 3358 3277 
15524 4 0 3667 2999 3326 373 
15525 4 0 3298 415 298 306 
15526 4 0 306 415 298 443 
15527 4 0 4046 4188 1852 3230 
15528 4 0 4461 4071 4466 2139 
15529 4 0 2340 2395 3412 1314 
15530 4 0 1827 526 1761 717 
15531 4 0 4522 1761 526 717 
15532 4 0 3504 4220 4522 4258 
15533 4 0 3504 4522 529 4258 
15534 4 0 4285 2896 3921 3820 
15535 4 0 917 4551 508 3697 
15536 4 0 3752 3606 946 1075 
15537 4 0 1554 3770 3710 2651 
15538 4 0 3415 2229 4450 1112 
15539 4 0 2633 4261 863 388 
15540 4 0 1071 3130 4137 4209 
15541 4 0 2769 3263 2246 2669 
15542 4 0 4306 4114 3996 2947 
15543 4 0 4306 3996 3536 2947 
15544 4 0 4210 895 2307 3345 
15545 4 0 2143 4209 2869 3130 
15546 4 0 3813 1917 1799 709 
15547 4 0 3197 2152 2353 1730 
15548 4 0 1730 3894 2353 2571 
15549 4 0 3114 3238 3534 3917 
15550 4 0 3917 3114 4016 1579 
15551 4 0 912 3014 910 2896 
15552 4 0 1646 2963 2760 3273 
15553 4 0 202 1781 1782 391 
15554 4 0 3820 4195 3969 1981 
15555 4 0 4597 1166 2776 2265 
15556 4 0 1720 3907 3272 2888 
15557 4 0 943 2890 4127 3752 
15558 4 0 3752 943 2890 1075 
15559 4 0 3752 946 943 1075 
15560 4 0 2753 946 943 3752 
15561 4 0 1775 2914 3516 4615 
15562 4 0 1775 3516 2914 3347 
15563 4 0 1158 4195 1123 4190 
15564 4 0 1554 2651 2629 3089 
15565 4 0 1554 2651 3089 3770 
15566 4 0 777 2852 3254 2875 
15567 4 0 606 3245 2153 3169 
15568 4 0 3344 3404 2780 4377 
15569 4 0 1128 3344 2780 4377 
15570 4 0 3685 1095 4198 3051 
15571 4 0 3420 819 1038 1547 
15572 4 0 3738 1547 3420 1038 
15573 4 0 3682 2869 2828 2143 
15574 4 0 4209 2869 3682 2143 
15575 4 0 2471 3991 3066 3197 
15576 4 0 2508 3991 4078 1150 
15577 4 0 2508 3991 1150 3066 
15578 4 0 4012 1059 3480 505 
15579 4 0 951 3044 1549 4202 
15580 4 0 951 3044 3096 1549 
15581 4 0 805 1676 810 2155 
15582 4 0 2882 2520 671 1004 
15583 4 0 4303 2101 373 2387 
15584 4 0 1097 2411 2814 1096 
15585 4 0 3756 3866 871 1487 
15586 4 0 2939 2244 3029 1648 
15587 4 0 571 3556 2823 1441 
15588 4 0 2259 4133 4525 4524 
15589 4 0 2988 3593 2497 2434 
15590 4 0 1842 2988 3593 2497 
15591 4 0 576 2829 222 529 
15592 4 0 2052 20 11 2377 
15593 4 0 3219 2353 599 1729 
15594 4 0 3455 2988 375 2994 
15595 4 0 3528 2452 2022 3703 
15596 4 0 866 3528 1688 3703 
15597 4 0 4151 2886 3703 4274 
15598 4 0 1688 3703 3528 4274 
15599 4 0 3528 866 1688 2903 
15600 4 0 529 3504 580 4365 
15601 4 0 3504 4518 4220 3323 
15602 4 0 4522 526 4220 3504 
15603 4 0 2469 2646 2863 902 
15604 4 0 2646 2863 902 4518 
15605 4 0 1795 1918 1483 3960 
15606 4 0 2335 2463 2677 4610 
15607 4 0 3209 1613 3514 4345 
15608 4 0 1385 2633 3239 1389 
15609 4 0 952 793 790 2285 
15610 4 0 570 1095 3688 3469 
15611 4 0 3222 28 3714 18 
15612 4 0 19 1156 3714 3222 
15613 4 0 2714 615 3148 1493 
15614 4 0 2328 2227 3138 4162 
15615 4 0 2022 4274 3528 3703 
15616 4 0 2957 1792 2655 3023 
15617 4 0 1914 2852 3254 3352 
15618 4 0 3613 78 3635 1229 
15619 4 0 1300 2869 4144 4452 
15620 4 0 4452 1300 2869 3281 
15621 4 0 3033 3244 816 4026 
15622 4 0 1664 3354 2372 932 
15623 4 0 4414 3576 3059 3495 
15624 4 0 911 3495 3059 3576 
15625 4 0 4085 3205 1602 3360 
15626 4 0 4085 4084 1602 3205 
15627 4 0 3034 2973 1655 3390 
15628 4 0 3546 1787 2148 2540 
15629 4 0 1045 1382 3223 504 
15630 4 0 2901 1045 3223 504 
15631 4 0 3631 2467 4046 3785 
15632 4 0 4013 3631 3785 2467 
15633 4 0 3906 3445 2955 3376 
15634 4 0 895 3445 3376 2955 
15635 4 0 2940 4403 1838 2202 
15636 4 0 4580 1930 4549 1501 
15637 4 0 4580 1930 4071 4549 
15638 4 0 3931 2911 3357 1557 
15639 4 0 2921 3586 3921 2896 
15640 4 0 2346 117 145 3662 
15641 4 0 3356 3285 4595 3207 
15642 4 0 1646 1645 741 2760 
15643 4 0 374 1784 2348 1311 
15644 4 0 2348 374 1311 3022 
15645 4 0 3513 3781 1297 2930 
15646 4 0 3746 1297 3513 3781 
15647 4 0 3781 2930 3823 1297 
15648 4 0 3746 2930 2326 3513 
15649 4 0 2335 777 2463 4610 
15650 4 0 2335 859 3545 2463 
15651 4 0 3361 992 3774 4011 
15652 4 0 992 4011 2745 3774 
15653 4 0 2531 657 410 2826 
15654 4 0 3795 3879 277 255 
15655 4 0 980 2591 3434 4080 
15656 4 0 2184 2777 4048 2941 
15657 4 0 4048 2941 2777 594 
15658 4 0 3941 1831 1829 2550 
15659 4 0 2922 346 337 4485 
15660 4 0 3943 3764 2333 778 
15661 4 0 3538 2333 3649 3943 
15662 4 0 3918 1973 4006 1374 
15663 4 0 296 313 433 3300 
15664 4 0 482 535 4323 141 
15665 4 0 3298 298 2242 290 
15666 4 0 536 4117 3619 3291 
15667 4 0 3575 4117 3018 3619 
15668 4 0 3239 2633 2972 1025 
15669 4 0 2739 2428 886 2704 
15670 4 0 2739 2428 2704 2379 
15671 4 0 2739 886 3946 2704 
15672 4 0 1625 1610 4221 4357 
15673 4 0 2419 1602 4084 3205 
15674 4 0 1862 1349 507 4091 
15675 4 0 2607 3528 3703 2452 
15676 4 0 3087 4240 3654 3960 
15677 4 0 3654 4240 1606 3960 
15678 4 0 3716 426 3862 4278 
15679 4 0 3716 4585 4278 3862 
15680 4 0 2476 3703 2452 2607 
15681 4 0 881 4031 4385 876 
15682 4 0 1366 1446 1847 3414 
15683 4 0 4398 33 2980 2283 
15684 4 0 4398 22 33 2283 
15685 4 0 121 101 4223 4160 
15686 4 0 953 3752 2890 3215 
15687 4 0 3378 3720 4033 3893 
15688 4 0 3378 3720 274 4033 
15689 4 0 1442 1573 4343 3327 
15690 4 0 3170 4152 2368 1091 
15691 4 0 3078 3374 2363 3770 
15692 4 0 788 786 2727 1996 
15693 4 0 335 2721 324 3095 
15694 4 0 335 3095 3092 2721 
15695 4 0 3427 4596 3390 4598 
15696 4 0 3427 2298 1735 2584 
15697 4 0 1517 3717 2808 3796 
15698 4 0 2808 3717 1981 3796 
15699 4 0 4123 1982 2579 2467 
15700 4 0 1505 3169 2442 2864 
15701 4 0 4183 3315 132 3758 
15702 4 0 3758 142 2673 3315 
15703 4 0 934 4225 129 3570 
15704 4 0 3570 940 934 4225 
15705 4 0 151 129 4225 980 
15706 4 0 2749 1026 3780 3192 
15707 4 0 2904 700 699 808 
15708 4 0 3817 3537 1781 1899 
15709 4 0 91 97 3586 3855 
15710 4 0 3921 3586 3820 2896 
15711 4 0 1032 598 1990 1002 
15712 4 0 1218 270 3912 4047 
15713 4 0 268 270 3821 4047 
15714 4 0 4325 590 4436 612 
15715 4 0 3960 1795 1918 4240 
15716 4 0 2023 2680 4345 2576 
15717 4 0 1281 941 2390 3112 
15718 4 0 1281 1296 3112 1021 
15719 4 0 4350 926 3393 4351 
15720 4 0 1187 1775 2943 1504 
15721 4 0 526 4522 717 529 
15722 4 0 717 4522 4312 529 
15723 4 0 1983 1848 2931 4157 
15724 4 0 2931 1984 1983 4157 
15725 4 0 3009 458 2386 3389 
15726 4 0 3909 2199 2195 2828 
15727 4 0 505 506 4012 1059 
15728 4 0 3770 606 2857 2059 
15729 4 0 881 156 4128 4031 
15730 4 0 4172 885 3563 4188 
15731 4 0 2998 3506 4111 891 
15732 4 0 900 3364 3468 604 
15733 4 0 3468 2425 3364 2175 
15734 4 0 3923 4534 4228 3429 
15735 4 0 4429 2334 3419 2615 
15736 4 0 3034 704 3390 1655 
15737 4 0 2212 912 4259 2896 
15738 4 0 4259 2896 4285 1330 
15739 4 0 3606 3014 1568 2568 
15740 4 0 4380 3693 2305 1997 
15741 4 0 3652 550 3189 2624 
15742 4 0 1908 545 3189 1725 
15743 4 0 545 550 3189 3652 
15744 4 0 3652 1244 2624 3231 
15745 4 0 4173 2512 4309 114 
15746 4 0 3921 3717 3820 2808 
15747 4 0 4173 1762 4309 2512 
15748 4 0 3437 982 3997 2830 
15749 4 0 1353 3437 3997 2830 
15750 4 0 1353 2830 3997 2246 
15751 4 0 2998 891 4179 1696 
15752 4 0 4054 3810 3695 3684 
15753 4 0 3695 3810 1888 3684 
15754 4 0 4077 4230 4110 279 
15755 4 0 1558 4230 4077 3951 
15756 4 0 3444 3927 3053 2879 
15757 4 0 2202 3232 2774 1298 
15758 4 0 3537 3021 3862 572 
15759 4 0 4278 572 3537 3862 
15760 4 0 4278 426 3537 4234 
15761 4 0 3369 758 3084 1111 
15762 4 0 3369 3084 2952 1111 
15763 4 0 1565 3643 3215 3752 
15764 4 0 1295 715 714 393 
15765 4 0 3245 2090 3169 632 
15766 4 0 114 91 3921 3855 
15767 4 0 403 4280 3114 4028 
15768 4 0 1582 4028 3114 3534 
15769 4 0 3767 3802 3846 1608 
15770 4 0 4504 2385 515 4555 
15771 4 0 2385 1828 515 4555 
15772 4 0 1902 3278 1006 1904 
15773 4 0 3070 4322 3695 3256 
15774 4 0 3070 3721 4322 3256 
15775 4 0 4080 84 2623 3625 
15776 4 0 3567 900 4202 3468 
15777 4 0 3950 2984 3937 1078 
15778 4 0 2467 3631 4046 4188 
15779 4 0 4188 2467 3631 4013 
15780 4 0 3951 4313 3739 4067 
15781 4 0 3951 4313 4067 635 
15782 4 0 4313 3739 4077 3951 
15783 4 0 4013 2467 3763 4188 
15784 4 0 667 455 3854 456 
15785 4 0 1321 3542 3844 2280 
15786 4 0 589 948 3471 2753 
15787 4 0 659 945 2658 2949 
15788 4 0 1579 4016 3502 4336 
15789 4 0 1683 1872 1819 3928 
15790 4 0 3455 1821 1683 3593 
15791 4 0 1093 2585 4243 1713 
15792 4 0 3355 2395 3812 3625 
15793 4 0 1868 3812 3355 4316 
15794 4 0 2972 4194 3239 1025 
15795 4 0 3373 4046 3186 3230 
15796 4 0 3926 2425 3574 3210 
15797 4 0 1096 571 1095 3556 
15798 4 0 1095 570 3688 3556 
15799 4 0 4593 2976 1342 3136 
15800 4 0 1794 1342 4593 2976 
15801 4 0 3579 4167 3645 4005 
15802 4 0 1141 4167 3645 3579 
15803 4 0 3389 455 3009 667 
15804 4 0 4512 554 3295 4264 
15805 4 0 4403 2202 1459 2774 
15806 4 0 3321 3693 3346 1060 
15807 4 0 2702 1060 3693 3321 
15808 4 0 1660 426 4278 4234 
15809 4 0 837 20 2052 2377 
15810 4 0 3249 3564 2646 3492 
15811 4 0 2646 4155 3492 3564 
15812 4 0 874 2919 2134 380 
15813 4 0 3705 3793 2134 2919 
15814 4 0 648 2857 2567 2602 
15815 4 0 648 3286 2857 2602 
15816 4 0 1313 3974 3020 539 
15817 4 0 1788 3020 539 1313 
15818 4 0 4560 3311 4559 3545 
15819 4 0 2106 4559 2418 3311 
15820 4 0 2594 4205 4259 3198 
15821 4 0 2212 3198 4259 912 
15822 4 0 3329 733 1575 508 
15823 4 0 3957 733 1863 3067 
15824 4 0 1819 3928 4399 1821 
15825 4 0 3928 4399 1821 1325 
15826 4 0 1370 2546 487 1182 
15827 4 0 2683 889 3445 3376 
15828 4 0 1674 3623 2533 1673 
15829 4 0 1867 1566 3019 2879 
15830 4 0 2604 4215 1696 2315 
15831 4 0 3332 805 2393 3221 
15832 4 0 4381 3332 805 2393 
15833 4 0 2487 3976 4588 2834 
15834 4 0 1046 3355 4001 3982 
15835 4 0 3625 3355 4001 1046 
15836 4 0 1698 2505 3468 604 
15837 4 0 3662 3723 2983 3718 
15838 4 0 1343 178 206 391 
15839 4 0 391 206 1343 936 
15840 4 0 3492 960 3973 2493 
15841 4 0 647 4042 2628 3961 
15842 4 0 2937 2828 3128 3742 
15843 4 0 4136 4257 2579 4045 
15844 4 0 4045 2467 2579 4136 
15845 4 0 3432 301 2587 310 
15846 4 0 393 2864 3278 1294 
15847 4 0 3278 2864 2786 173 
15848 4 0 575 3282 2596 4224 
15849 4 0 3509 2867 3605 745 
15850 4 0 3655 4147 93 2209 
15851 4 0 2604 4468 4291 189 
15852 4 0 1069 3022 1360 4121 
15853 4 0 3780 4219 1389 2633 
15854 4 0 4147 3089 3770 4305 
15855 4 0 2716 3089 3770 4147 
15856 4 0 3455 2988 1683 375 
15857 4 0 3562 2383 2715 4125 
15858 4 0 4290 1282 4292 815 
15859 4 0 815 4457 4292 4290 
15860 4 0 1282 1088 815 4290 
15861 4 0 234 554 223 1420 
15862 4 0 4573 870 3240 4015 
15863 4 0 4573 3330 4015 3240 
15864 4 0 3760 2279 1711 3487 
15865 4 0 3487 3358 3760 2279 
15866 4 0 1100 4122 2615 3367 
15867 4 0 4605 565 2868 4089 
15868 4 0 1726 3316 3189 3755 
15869 4 0 3189 3316 3792 3755 
15870 4 0 2684 1648 4036 2244 
15871 4 0 237 418 3911 4077 
15872 4 0 237 1317 418 4077 
15873 4 0 4195 4190 1158 111 
15874 4 0 1674 3623 1704 2313 
15875 4 0 4573 870 2085 3240 
15876 4 0 714 1294 393 2937 
15877 4 0 3278 2937 393 1294 
15878 4 0 2329 393 3278 2204 
15879 4 0 3795 2967 277 3879 
15880 4 0 3157 3644 724 4136 
15881 4 0 724 4136 3644 3999 
15882 4 0 3411 3302 2700 517 
15883 4 0 2605 2809 3365 1128 
15884 4 0 2925 3386 4340 1801 
15885 4 0 3571 4484 1052 3794 
15886 4 0 3188 322 307 432 
15887 4 0 3188 307 322 2262 
15888 4 0 3997 3437 1353 1922 
15889 4 0 2850 2319 4358 3386 
15890 4 0 474 3043 343 354 
15891 4 0 3652 545 249 1725 
15892 4 0 3652 3792 3189 1725 
15893 4 0 1725 545 3189 3652 
15894 4 0 3771 2111 2639 2584 
15895 4 0 4399 3928 4386 1325 
15896 4 0 3285 3356 4595 4466 
15897 4 0 1219 2003 835 4055 
15898 4 0 3259 352 342 3432 
15899 4 0 342 352 446 3432 
15900 4 0 2591 4080 3570 3625 
15901 4 0 1402 1401 1980 3700 
15902 4 0 2881 108 4070 128 
15903 4 0 1581 3867 3684 3256 
15904 4 0 1097 467 4232 3170 
15905 4 0 3311 301 310 2918 
15906 4 0 232 3266 2869 4137 
15907 4 0 1619 3206 1066 1538 
15908 4 0 215 3266 4144 232 
15909 4 0 4590 2262 285 281 
15910 4 0 4190 1123 505 4195 
15911 4 0 3814 3025 3489 3494 
15912 4 0 4271 1843 1677 3269 
15913 4 0 2909 3412 1040 1213 
15914 4 0 232 251 4137 2869 
15915 4 0 3971 278 4295 4332 
15916 4 0 278 3971 4295 3870 
15917 4 0 3804 2967 4261 4328 
15918 4 0 1775 3347 3708 2416 
15919 4 0 2416 2706 3708 1775 
15920 4 0 2950 4477 3055 3371 
15921 4 0 3371 4477 1986 4471 
15922 4 0 2257 3771 2639 2584 
15923 4 0 4426 3749 1644 1129 
15924 4 0 2147 3471 2025 1796 
15925 4 0 2147 2025 3471 4056 
15926 4 0 4056 3513 2025 3471 
15927 4 0 576 2829 186 1220 
15928 4 0 2913 2642 2693 2333 
15929 4 0 2921 912 2896 4259 
15930 4 0 2921 910 2896 912 
15931 4 0 3661 1951 3656 3610 
15932 4 0 4478 1579 3114 3534 
15933 4 0 4237 3416 3965 3046 
15934 4 0 641 1699 3727 1782 
15935 4 0 3945 1782 641 3727 
15936 4 0 3821 270 1218 4047 
15937 4 0 2325 4570 1400 1404 
15938 4 0 1404 4096 2325 4570 
15939 4 0 4552 4501 4497 651 
15940 4 0 249 1725 204 3652 
15941 4 0 3795 255 3650 3879 
15942 4 0 4398 13 22 2283 
15943 4 0 4327 3945 611 612 
15944 4 0 641 3945 3727 611 
15945 4 0 4014 910 3014 2896 
15946 4 0 2876 4282 867 868 
15947 4 0 1541 2876 868 4282 
15948 4 0 4245 814 1059 147 
15949 4 0 147 4245 814 127 
15950 4 0 114 4173 2512 3921 
15951 4 0 932 1664 904 2458 
15952 4 0 2458 706 904 932 
15953 4 0 3363 2338 3426 378 
15954 4 0 3661 1950 1061 1632 
15955 4 0 2011 3100 3529 1515 
15956 4 0 2512 114 138 4309 
15957 4 0 4164 522 3627 2952 
15958 4 0 1287 1321 2282 1293 
15959 4 0 1321 1293 1920 2282 
15960 4 0 488 1794 4099 2807 
15961 4 0 1788 2860 3609 3284 
15962 4 0 1788 2860 3449 3609 
15963 4 0 1788 3449 539 3609 
15964 4 0 3609 3020 1788 3284 
15965 4 0 1788 3609 539 3020 
15966 4 0 1693 4494 2838 867 
15967 4 0 4614 867 2838 4494 
15968 4 0 2506 3416 880 3046 
15969 4 0 2910 361 2306 3259 
15970 4 0 1234 1441 3166 3357 
15971 4 0 1441 3653 3357 3556 
15972 4 0 2886 894 4274 4151 
15973 4 0 1182 1503 1510 1511 
15974 4 0 1182 3708 1503 1511 
15975 4 0 2834 1008 808 807 
15976 4 0 4137 3130 2869 4209 
15977 4 0 528 1138 4192 4149 
15978 4 0 2623 84 3812 3625 
15979 4 0 2623 3812 2395 3625 
15980 4 0 4049 3739 279 4313 
15981 4 0 4077 4230 4313 3951 
15982 4 0 3504 3323 4220 4258 
15983 4 0 1645 3774 4011 993 
15984 4 0 3669 2081 2126 2986 
15985 4 0 2710 2909 1040 1213 
15986 4 0 3392 2362 4432 2081 
15987 4 0 989 745 997 998 
15988 4 0 3650 3925 1497 3795 
15989 4 0 874 3705 2919 4433 
15990 4 0 4345 2880 2023 2576 
15991 4 0 2852 2381 861 4288 
15992 4 0 3710 1554 2651 3798 
15993 4 0 3798 3710 3266 2651 
15994 4 0 3798 1554 2651 2589 
15995 4 0 3389 4508 458 4247 
15996 4 0 3804 4328 4261 1402 
15997 4 0 3076 2761 2381 4288 
15998 4 0 4073 2437 1182 597 
15999 4 0 4249 2022 4168 3075 
16000 4 0 1148 1676 3221 2582 
16001 4 0 3221 810 1676 1148 
16002 4 0 1254 406 1394 3079 
16003 4 0 3079 1394 4487 1055 
16004 4 0 2449 2611 3399 4090 
16005 4 0 1282 3934 1030 3183 
16006 4 0 4193 1030 3183 1832 
16007 4 0 2133 2227 3138 2328 
16008 4 0 3422 3220 1039 3412 
16009 4 0 2383 539 2715 4175 
16010 4 0 4004 4175 3449 2383 
16011 4 0 414 1562 3877 1539 
16012 4 0 3382 3660 1818 123 
16013 4 0 934 936 4225 940 
16014 4 0 334 3966 2526 2224 
16015 4 0 2392 960 1959 3633 
16016 4 0 334 2526 2429 2224 
16017 4 0 4041 1482 4402 3746 
16018 4 0 4357 820 4326 4221 
16019 4 0 1622 2056 820 4357 
16020 4 0 2289 2305 4379 1997 
16021 4 0 1504 2273 4251 3119 
16022 4 0 3249 1761 902 4263 
16023 4 0 3249 902 1761 4220 
16024 4 0 2911 3661 1951 1952 
16025 4 0 1957 2911 1951 1952 
16026 4 0 4109 308 297 413 
16027 4 0 4163 4200 4566 3150 
16028 4 0 4111 2708 245 3821 
16029 4 0 771 199 225 3747 
16030 4 0 199 771 780 3747 
16031 4 0 225 2853 3747 199 
16032 4 0 1842 3593 1873 2497 
16033 4 0 1842 1683 1873 3593 
16034 4 0 572 4278 219 248 
16035 4 0 2900 4284 3203 479 
16036 4 0 965 4233 112 3851 
16037 4 0 2717 4564 4082 4559 
16038 4 0 3561 4118 1307 3081 
16039 4 0 4389 4259 4285 3343 
16040 4 0 3376 2683 889 4059 
16041 4 0 2307 889 4059 3376 
16042 4 0 2599 2767 3520 2440 
16043 4 0 4008 2286 1420 4083 
16044 4 0 3078 2363 2301 3770 
16045 4 0 1025 2633 1389 3239 
16046 4 0 3780 2675 2633 2749 
16047 4 0 1025 3780 1389 2633 
16048 4 0 1134 187 418 4323 
16049 4 0 1685 1122 418 1134 
16050 4 0 3365 4042 2809 2605 
16051 4 0 929 959 1633 1759 
16052 4 0 1329 4255 3010 2547 
16053 4 0 3260 1486 1490 3735 
16054 4 0 1823 1486 3735 3990 
16055 4 0 1962 1497 1006 3925 
16056 4 0 4013 885 3631 4188 
16057 4 0 885 1410 3631 4188 
16058 4 0 2266 4467 2303 464 
16059 4 0 837 4212 3707 672 
16060 4 0 30 837 4212 3707 
16061 4 0 2259 428 1719 1892 
16062 4 0 3944 1402 1980 4261 
16063 4 0 1402 4261 3944 4328 
16064 4 0 4217 4150 870 545 
16065 4 0 870 4217 463 4150 
16066 4 0 936 934 172 935 
16067 4 0 1336 3985 3019 1566 
16068 4 0 1542 546 2725 2193 
16069 4 0 2725 1542 2193 3666 
16070 4 0 3818 297 413 4207 
16071 4 0 913 3818 413 4207 
16072 4 0 297 287 3818 413 
16073 4 0 413 913 3473 3818 
16074 4 0 3068 2805 1605 1346 
16075 4 0 1551 1837 830 2785 
16076 4 0 1551 4191 830 3171 
16077 4 0 2363 3850 1183 3169 
16078 4 0 3850 2363 3770 3169 
16079 4 0 3347 3516 2914 4253 
16080 4 0 3143 3995 4576 4581 
16081 4 0 2715 3974 3039 3474 
16082 4 0 1951 3508 3610 3661 
16083 4 0 4504 4505 3451 4555 
16084 4 0 1054 2897 4023 3079 
16085 4 0 4412 114 4393 3921 
16086 4 0 242 1632 1341 1061 
16087 4 0 1341 526 275 1359 
16088 4 0 4509 4508 458 1048 
16089 4 0 4509 4508 4165 458 
16090 4 0 4263 3610 3508 1827 
16091 4 0 224 1963 1094 3990 
16092 4 0 3849 2853 3984 3747 
16093 4 0 2849 92 94 3869 
16094 4 0 1759 3564 3508 929 
16095 4 0 1147 3555 3992 4307 
16096 4 0 669 3009 3683 757 
16097 4 0 1493 3041 873 4435 
16098 4 0 3041 873 591 1493 
16099 4 0 3693 1997 2059 2380 
16100 4 0 1026 3150 1415 2749 
16101 4 0 2749 424 1415 2675 
16102 4 0 3904 4431 2265 3379 
16103 4 0 394 3863 4222 4064 
16104 4 0 4222 4246 4064 1893 
16105 4 0 4064 3863 4222 1893 
16106 4 0 4222 4064 4246 394 
16107 4 0 3051 4469 3685 4447 
16108 4 0 4042 647 2809 4238 
16109 4 0 3844 2532 2778 2740 
16110 4 0 1921 1882 4138 3641 
16111 4 0 827 4606 2345 496 
16112 4 0 3399 3151 3808 2536 
16113 4 0 4233 4591 386 155 
16114 4 0 3557 4089 2636 1702 
16115 4 0 3849 3912 2900 1338 
16116 4 0 110 1641 989 2964 
16117 4 0 427 1659 470 4547 
16118 4 0 745 1641 1180 998 
16119 4 0 576 4258 580 529 
16120 4 0 3094 1210 1458 373 
16121 4 0 373 2999 1210 1458 
16122 4 0 3157 725 3375 4257 
16123 4 0 2506 1217 3416 2927 
16124 4 0 3046 2927 3416 3965 
16125 4 0 4217 273 249 545 
16126 4 0 1244 2604 3231 3652 
16127 4 0 3964 1019 269 4166 
16128 4 0 207 941 183 1902 
16129 4 0 1314 4074 2623 3412 
16130 4 0 1207 2155 2701 1891 
16131 4 0 3412 2623 1314 2395 
16132 4 0 410 4558 4082 2381 
16133 4 0 173 3278 1294 191 
16134 4 0 173 3278 2864 1294 
16135 4 0 3648 4087 4495 649 
16136 4 0 962 2493 3973 1960 
16137 4 0 962 2877 2493 3228 
16138 4 0 4580 3465 4256 4071 
16139 4 0 3662 158 145 2346 
16140 4 0 3858 3883 241 261 
16141 4 0 215 3266 3798 197 
16142 4 0 3266 3710 3798 197 
16143 4 0 3798 215 4137 3266 
16144 4 0 4314 1180 745 1641 
16145 4 0 2988 1683 1842 3593 
16146 4 0 2418 310 2918 3311 
16147 4 0 1396 1061 242 4097 
16148 4 0 1061 389 4097 1396 
16149 4 0 2333 4329 778 3559 
16150 4 0 3764 3559 2333 778 
16151 4 0 3903 2662 3733 3898 
16152 4 0 3326 1120 2951 3349 
16153 4 0 4262 3873 2040 4484 
16154 4 0 274 3862 572 4278 
16155 4 0 3925 1497 3795 4239 
16156 4 0 641 3727 2118 611 
16157 4 0 2616 877 1841 1383 
16158 4 0 2901 3223 3318 504 
16159 4 0 2901 3941 3318 3223 
16160 4 0 2604 189 190 3231 
16161 4 0 375 2827 2933 1216 
16162 4 0 2933 2827 2389 1216 
16163 4 0 4137 2869 251 4209 
16164 4 0 1474 4541 1866 3942 
16165 4 0 3939 2911 3074 1952 
16166 4 0 939 3112 1021 1020 
16167 4 0 777 861 3254 2852 
16168 4 0 2604 190 4291 1696 
16169 4 0 1042 1921 3261 1882 
16170 4 0 3249 3508 526 4263 
16171 4 0 1138 235 222 529 
16172 4 0 348 4331 3907 3272 
16173 4 0 580 3323 3504 4258 
16174 4 0 557 558 3400 491 
16175 4 0 716 714 3341 2937 
16176 4 0 716 714 2937 3983 
16177 4 0 3780 4261 2675 3192 
16178 4 0 3780 1027 4219 4261 
16179 4 0 4408 453 3042 796 
16180 4 0 3691 683 3128 1612 
16181 4 0 1612 3691 683 1903 
16182 4 0 1652 3042 2072 1180 
16183 4 0 1652 1180 745 4314 
16184 4 0 1180 745 2072 1652 
16185 4 0 29 1156 3714 19 
16186 4 0 3203 4284 2900 3821 
16187 4 0 129 980 109 4080 
16188 4 0 980 4080 3434 109 
16189 4 0 204 4300 3652 189 
16190 4 0 3912 2900 1218 4047 
16191 4 0 3361 994 993 3929 
16192 4 0 538 4125 4175 2383 
16193 4 0 2835 4452 2091 3146 
16194 4 0 4023 4020 4487 3056 
16195 4 0 1633 1759 3610 3508 
16196 4 0 3926 3210 3574 869 
16197 4 0 3427 4596 4598 3454 
16198 4 0 112 4233 3954 135 
16199 4 0 90 4233 3671 3954 
16200 4 0 518 486 1135 4571 
16201 4 0 4134 4308 3644 3999 
16202 4 0 4134 4308 3676 2551 
16203 4 0 1579 4016 753 3502 
16204 4 0 3945 4436 612 4325 
16205 4 0 3732 1843 4271 3269 
16206 4 0 2104 3134 2349 3513 
16207 4 0 2104 2025 4056 3513 
16208 4 0 1819 3928 2738 4399 
16209 4 0 3928 1819 2738 1872 
16210 4 0 2998 3506 2900 4111 
16211 4 0 4321 3979 3864 30 
16212 4 0 3984 3891 2853 3849 
16213 4 0 2952 3084 3369 496 
16214 4 0 496 2952 3084 4133 
16215 4 0 1338 1218 3912 2900 
16216 4 0 4050 1865 3241 1352 
16217 4 0 4486 2888 3907 1720 
16218 4 0 3026 3858 3883 241 
16219 4 0 1318 3026 3883 241 
16220 4 0 1782 391 3945 4437 
16221 4 0 3693 2702 2483 2059 
16222 4 0 936 940 934 935 
16223 4 0 4223 101 4095 4160 
16224 4 0 4223 4160 4095 3960 
16225 4 0 4502 515 3101 4557 
16226 4 0 436 325 4109 308 
16227 4 0 2829 186 4446 576 
16228 4 0 2642 2693 4528 2913 
16229 4 0 1909 4528 2913 2945 
16230 4 0 1787 2540 4416 2148 
16231 4 0 2540 4427 4416 2148 
16232 4 0 3462 4539 2075 3884 
16233 4 0 1463 725 3157 724 
16234 4 0 725 724 4257 3157 
16235 4 0 2104 3134 4310 3082 
16236 4 0 273 4008 4217 258 
16237 4 0 3086 1873 2497 1842 
16238 4 0 4196 1069 4121 2005 
16239 4 0 2949 1824 3829 3643 
16240 4 0 3272 4140 4320 4331 
16241 4 0 4484 3935 1888 4262 
16242 4 0 3006 4262 1888 3935 
16243 4 0 4262 2040 1888 4484 
16244 4 0 1026 236 478 213 
16245 4 0 4116 4269 2762 2978 
16246 4 0 3919 887 3022 1360 
16247 4 0 2379 887 3022 3919 
16248 4 0 887 3022 1069 800 
16249 4 0 274 3862 4278 1896 
16250 4 0 4259 2896 2921 4285 
16251 4 0 4286 1877 1690 2607 
16252 4 0 1861 2075 1866 3737 
16253 4 0 2798 423 3767 4272 
16254 4 0 554 4008 4512 3295 
16255 4 0 3189 1908 4075 545 
16256 4 0 273 4008 4075 545 
16257 4 0 4492 3177 548 4286 
16258 4 0 3177 4281 548 4286 
16259 4 0 4165 459 766 4601 
16260 4 0 1464 179 198 3698 
16261 4 0 3698 199 179 4143 
16262 4 0 1396 217 1061 201 
16263 4 0 4118 1061 1396 389 
16264 4 0 4357 4326 1173 3978 
16265 4 0 4326 3978 4357 4221 
16266 4 0 4058 4402 4310 3513 
16267 4 0 1474 4541 1861 1866 
16268 4 0 504 450 2668 449 
16269 4 0 4594 2645 3356 3385 
16270 4 0 3285 4594 3356 4466 
16271 4 0 1915 3693 2734 806 
16272 4 0 4299 4540 3773 913 
16273 4 0 3658 1044 1598 2343 
16274 4 0 1598 2343 1044 3283 
16275 4 0 3746 3781 3513 4058 
16276 4 0 4199 1482 1195 4310 
16277 4 0 3128 4227 2937 3742 
16278 4 0 202 1781 391 3537 
16279 4 0 4225 4080 129 3570 
16280 4 0 4225 129 4080 980 
16281 4 0 3754 4212 58 49 
16282 4 0 2023 3890 2880 1445 
16283 4 0 2897 4023 3145 3615 
16284 4 0 179 4143 780 161 
16285 4 0 2294 2533 1673 1838 
16286 4 0 1838 2533 1673 1674 
16287 4 0 220 191 3278 682 
16288 4 0 1170 3225 2057 2873 
16289 4 0 4070 3476 100 88 
16290 4 0 683 4227 3742 3278 
16291 4 0 3742 683 3128 4227 
16292 4 0 2557 3890 2880 2023 
16293 4 0 1079 651 4501 4495 
16294 4 0 3716 1355 469 4585 
16295 4 0 913 3773 4299 4109 
16296 4 0 436 3773 2445 4109 
16297 4 0 2523 2834 804 2904 
16298 4 0 2956 721 4608 3012 
16299 4 0 3399 2891 2861 2449 
16300 4 0 1043 1380 3857 4301 
16301 4 0 461 2229 671 4450 
16302 4 0 461 2438 671 2229 
16303 4 0 4499 4318 3079 3478 
16304 4 0 3649 3943 2333 778 
16305 4 0 160 4143 3698 179 
16306 4 0 596 1285 173 2864 
16307 4 0 3139 352 361 2966 
16308 4 0 1606 3654 4190 3080 
16309 4 0 1030 1029 3934 1282 
16310 4 0 1832 1282 1029 1030 
16311 4 0 3693 2171 2483 3321 
16312 4 0 3693 3321 2483 2702 
16313 4 0 3615 3585 2897 1054 
16314 4 0 4101 1543 250 985 
16315 4 0 505 4195 1123 3657 
16316 4 0 3683 394 3854 3009 
16317 4 0 424 1495 3925 2390 
16318 4 0 267 264 1030 3868 
16319 4 0 1030 3868 264 4081 
16320 4 0 4007 3726 3913 3481 
16321 4 0 994 3929 3013 741 
16322 4 0 202 391 1343 3537 
16323 4 0 264 1030 1543 3648 
16324 4 0 4260 4154 625 3741 
16325 4 0 3394 1985 2403 3674 
16326 4 0 2937 3983 1294 682 
16327 4 0 3634 4007 1434 3797 
16328 4 0 3070 1194 4322 3721 
16329 4 0 3729 4322 3070 1194 
16330 4 0 1027 4261 239 4219 
16331 4 0 3874 1195 3134 3082 
16332 4 0 201 1061 1209 3840 
16333 4 0 2669 2246 2769 1042 
16334 4 0 4219 2633 4261 863 
16335 4 0 2246 1353 3409 627 
16336 4 0 911 2736 2776 2707 
16337 4 0 258 4008 4512 234 
16338 4 0 2449 355 3043 2611 
16339 4 0 182 203 3296 3081 
16340 4 0 1038 2494 2069 1871 
16341 4 0 1038 2069 3420 1871 
16342 4 0 2448 4061 3686 3901 
16343 4 0 3261 1042 1882 2246 
16344 4 0 1964 223 198 3698 
16345 4 0 223 554 3698 1420 
16346 4 0 3182 1287 2280 1321 
16347 4 0 3182 1287 2588 2280 
16348 4 0 2572 4250 193 176 
16349 4 0 929 960 2392 3633 
16350 4 0 1038 3420 768 1871 
16351 4 0 1282 1029 240 1832 
16352 4 0 1832 1029 240 267 
16353 4 0 2014 3682 3971 3442 
16354 4 0 1109 3523 3864 687 
16355 4 0 4496 4171 4497 4324 
16356 4 0 325 4320 332 436 
16357 4 0 3278 1294 191 220 
16358 4 0 4289 246 682 265 
16359 4 0 246 3983 4289 682 
16360 4 0 4333 3950 3271 4330 
16361 4 0 4500 3271 4331 4140 
16362 4 0 4179 1696 4215 2708 
16363 4 0 4111 245 2708 4179 
16364 4 0 912 1568 2212 1169 
16365 4 0 3161 426 4462 3846 
16366 4 0 1660 426 4462 3782 
16367 4 0 3786 1868 4194 3629 
16368 4 0 625 4268 3741 4154 
16369 4 0 3898 1831 2550 1829 
16370 4 0 3855 91 3921 3586 
16371 4 0 2456 688 962 1663 
16372 4 0 688 2493 962 1663 
16373 4 0 1376 1478 1425 1480 
16374 4 0 2381 4558 3076 2413 
16375 4 0 4330 3950 3271 2000 
16376 4 0 3318 3941 2593 2550 
16377 4 0 2200 888 970 3878 
16378 4 0 4269 2200 970 3878 
16379 4 0 1830 1470 2082 3560 
16380 4 0 4062 3426 3065 3363 
16381 4 0 4538 1087 3183 4337 
16382 4 0 4236 3757 159 186 
16383 4 0 1863 1348 3067 733 
16384 4 0 3650 3925 1904 1006 
16385 4 0 2306 2871 1418 3432 
16386 4 0 1922 1042 1353 1882 
16387 4 0 3070 751 4322 3729 
16388 4 0 575 4460 3282 4224 
16389 4 0 3758 1324 4183 2673 
16390 4 0 262 1026 236 4163 
16391 4 0 2973 4089 3904 3184 
16392 4 0 623 2714 615 3148 
16393 4 0 646 4122 2615 1100 
16394 4 0 3373 1982 3785 2467 
16395 4 0 4123 3785 1982 2467 
16396 4 0 4263 1759 3508 3610 
16397 4 0 1888 4262 2856 3517 
16398 4 0 206 4360 2798 936 
16399 4 0 4360 4272 2798 1019 
16400 4 0 4360 230 4272 1019 
16401 4 0 3558 2730 1305 4218 
16402 4 0 3826 577 4104 4103 
16403 4 0 1595 3611 1843 3732 
16404 4 0 1082 3342 419 4456 
16405 4 0 3560 2343 1044 3658 
16406 4 0 3382 123 3678 3835 
16407 4 0 121 4160 4223 137 
16408 4 0 4140 3881 2219 3773 
16409 4 0 3325 4045 4257 4136 
16410 4 0 4328 4239 3804 2967 
16411 4 0 3960 1795 1429 1483 
16412 4 0 4223 3960 1429 4160 
16413 4 0 1429 4223 1795 3960 
16414 4 0 1952 3840 3074 3939 
16415 4 0 3656 3661 3840 1952 
16416 4 0 1852 1423 655 4188 
16417 4 0 4225 590 980 2591 
16418 4 0 670 758 1881 831 
16419 4 0 572 4213 3817 1682 
16420 4 0 771 3912 3199 3747 
16421 4 0 3189 1725 3792 3316 
16422 4 0 3377 1443 2548 4343 
16423 4 0 4042 4238 2809 2605 
16424 4 0 1685 418 387 4323 
16425 4 0 1685 418 4323 1134 
16426 4 0 204 4150 249 3652 
16427 4 0 815 1089 187 4119 
16428 4 0 2264 2085 4573 664 
16429 4 0 2085 4511 664 2264 
16430 4 0 3821 2900 2708 4047 
16431 4 0 268 3821 245 2708 
16432 4 0 3299 3800 2708 268 
16433 4 0 3299 2708 4047 268 
16434 4 0 4262 2856 3751 3070 
16435 4 0 4013 2806 4112 2467 
16436 4 0 2536 2023 2201 2680 
16437 4 0 2576 2023 2201 1236 
16438 4 0 3278 4227 191 1902 
16439 4 0 274 572 4213 248 
16440 4 0 529 222 4258 235 
16441 4 0 4258 576 222 529 
16442 4 0 4248 3736 1763 495 
16443 4 0 3674 3153 4157 2766 
16444 4 0 2212 912 2896 2568 
16445 4 0 2892 811 4141 3583 
16446 4 0 3935 1888 3006 3810 
16447 4 0 589 1472 3606 2896 
16448 4 0 3606 4014 3014 2896 
16449 4 0 3606 1472 4014 2896 
16450 4 0 74 83 2254 3714 
16451 4 0 2675 2337 2967 3925 
16452 4 0 2864 596 2786 173 
16453 4 0 1593 1845 2101 4303 
16454 4 0 3921 3855 3586 2921 
16455 4 0 1194 4026 3830 3244 
16456 4 0 3533 4235 2284 1299 
16457 4 0 3710 197 3266 180 
16458 4 0 2104 3134 3513 4310 
16459 4 0 86 4058 4056 3781 
16460 4 0 2877 3492 961 3973 
16461 4 0 3492 961 3973 960 
16462 4 0 4216 985 784 205 
16463 4 0 3618 1525 1400 4523 
16464 4 0 3679 611 3852 3436 
16465 4 0 3802 2595 573 3846 
16466 4 0 1061 242 217 1396 
16467 4 0 3786 1868 3629 3355 
16468 4 0 4537 4534 4228 1436 
16469 4 0 4228 4534 3923 1436 
16470 4 0 159 4307 386 4315 
16471 4 0 3157 3644 4136 4134 
16472 4 0 4308 3999 4134 3676 
16473 4 0 4136 3676 4134 3999 
16474 4 0 279 3739 4077 4313 
16475 4 0 178 391 4437 172 
16476 4 0 391 172 178 935 
16477 4 0 1505 2442 107 3306 
16478 4 0 4032 561 3308 3891 
16479 4 0 4032 556 561 3891 
16480 4 0 143 3786 164 1732 
16481 4 0 4324 2293 3899 3924 
16482 4 0 3960 1429 2300 1483 
16483 4 0 3960 4095 4223 1795 
16484 4 0 989 990 998 997 
16485 4 0 2390 1495 3925 3879 
16486 4 0 4322 4473 3905 3256 
16487 4 0 3256 712 3721 4473 
16488 4 0 1183 3850 1505 3169 
16489 4 0 3449 4175 539 2383 
16490 4 0 1029 1030 3868 267 
16491 4 0 3517 4171 1053 4335 
16492 4 0 823 120 3220 4287 
16493 4 0 3724 823 120 3220 
16494 4 0 4171 2121 1053 4324 
16495 4 0 4171 2121 4324 3924 
16496 4 0 3766 1720 4333 3277 
16497 4 0 4059 3213 897 3336 
16498 4 0 1686 1727 4254 1978 
16499 4 0 4468 4124 550 2712 
16500 4 0 4310 104 4058 2104 
16501 4 0 774 3430 1139 4067 
16502 4 0 4143 179 780 199 
16503 4 0 3698 1464 179 199 
16504 4 0 2922 4485 2888 346 
16505 4 0 2888 4485 4486 346 
16506 4 0 4261 214 239 4219 
16507 4 0 1088 4457 815 4290 
16508 4 0 3944 4530 4261 4017 
16509 4 0 259 3990 1823 3735 
16510 4 0 1615 3469 1823 3990 
16511 4 0 4198 1615 3990 3469 
16512 4 0 3707 49 30 40 
16513 4 0 3434 4080 84 109 
16514 4 0 84 4080 3434 3625 
16515 4 0 1446 4061 2448 3901 
16516 4 0 3879 3925 1281 3650 
16517 4 0 4307 4233 386 3555 
16518 4 0 4334 2781 482 3777 
16519 4 0 3450 2781 3777 482 
16520 4 0 1505 3127 2442 3169 
16521 4 0 3169 3850 3127 2359 
16522 4 0 3169 1505 3127 3850 
16523 4 0 3478 4318 3079 3585 
16524 4 0 2967 277 4328 3795 
16525 4 0 4239 3925 3804 2967 
16526 4 0 2967 4239 3795 4328 
16527 4 0 3648 4087 649 650 
16528 4 0 4077 237 1317 253 
16529 4 0 3342 3244 3830 816 
16530 4 0 3855 910 97 3586 
16531 4 0 3508 1951 3610 1633 
16532 4 0 1832 1029 267 1030 
16533 4 0 219 4278 3537 4234 
16534 4 0 2624 3652 3231 1058 
16535 4 0 1061 1950 242 1632 
16536 4 0 2922 4485 337 2279 
16537 4 0 4613 3733 3569 2662 
16538 4 0 3898 2662 3733 4613 
16539 4 0 3652 3231 189 2604 
16540 4 0 900 899 3842 3364 
16541 4 0 4446 2829 580 524 
16542 4 0 948 3471 131 153 
16543 4 0 947 153 3471 948 
16544 4 0 3817 3537 3320 1781 
16545 4 0 1799 4317 4007 1434 
16546 4 0 49 3707 58 4214 
16547 4 0 1642 4069 915 3908 
16548 4 0 3908 4069 915 4086 
16549 4 0 2137 2964 110 3998 
16550 4 0 110 89 4053 552 
16551 4 0 3513 4310 4058 2104 
16552 4 0 3652 3792 2624 3189 
16553 4 0 2104 104 4058 86 
16554 4 0 2104 3513 4056 4058 
16555 4 0 4289 682 4295 265 
16556 4 0 4332 4295 682 265 
16557 4 0 123 3835 146 3678 
16558 4 0 4037 3804 4319 3925 
16559 4 0 4037 4319 1962 3925 
16560 4 0 3925 1006 1962 2013 
16561 4 0 1822 3375 4156 4257 
16562 4 0 1822 3157 3375 4257 
16563 4 0 983 3697 508 4551 
16564 4 0 1109 2047 3523 687 
16565 4 0 3203 4111 2900 3506 
16566 4 0 3707 49 58 4212 
16567 4 0 2300 2479 2124 709 
16568 4 0 709 4317 3913 4007 
16569 4 0 2664 4607 4333 3766 
16570 4 0 4333 2664 3766 3277 
16571 4 0 2664 4607 1049 4333 
16572 4 0 1300 2869 3281 3442 
16573 4 0 4462 573 3846 3838 
16574 4 0 4602 4292 4457 1062 
16575 4 0 1836 4457 4292 1062 
16576 4 0 3819 3822 1986 4453 
16577 4 0 1539 1986 3822 4453 
16578 4 0 3766 2888 1720 3277 
16579 4 0 1720 2888 3271 3277 
16580 4 0 160 4143 179 1668 
16581 4 0 1668 4143 179 161 
16582 4 0 87 4190 3008 111 
16583 4 0 161 4143 1669 1668 
16584 4 0 4077 4230 279 4313 
16585 4 0 105 1651 89 2138 
16586 4 0 1651 4189 4053 552 
16587 4 0 1818 3382 90 4233 
16588 4 0 3502 3948 4311 3867 
16589 4 0 112 4233 90 3954 
16590 4 0 393 1592 2864 1308 
16591 4 0 3925 2967 3795 3879 
16592 4 0 346 2888 353 4486 
16593 4 0 2888 4486 3907 353 
16594 4 0 4408 453 4294 4334 
16595 4 0 4335 4171 4497 651 
16596 4 0 1606 3080 4190 111 
16597 4 0 751 3837 3006 3070 
16598 4 0 3070 3837 4322 751 
16599 4 0 4328 2967 4261 263 
16600 4 0 2687 1109 768 3712 
16601 4 0 1109 3712 2047 687 
16602 4 0 596 2786 1856 2864 
16603 4 0 850 2817 66 2052 
16604 4 0 3342 3183 1282 1836 
16605 4 0 1836 1086 3183 4337 
16606 4 0 4312 4258 235 529 
16607 4 0 152 1285 2864 173 
16608 4 0 173 2864 152 1308 
16609 4 0 4485 3277 2888 3766 
16610 4 0 3899 3697 3924 983 
16611 4 0 3382 90 103 1818 
16612 4 0 3678 3382 103 123 
16613 4 0 3382 123 1818 103 
16614 4 0 2781 453 4334 4294 
16615 4 0 4294 2781 453 4189 
16616 4 0 651 916 4552 650 
16617 4 0 1410 1423 1852 4188 
16618 4 0 4188 4046 1852 1410 
16619 4 0 112 4233 4591 3851 
16620 4 0 4316 2972 3651 3142 
16621 4 0 2395 2972 4316 3142 
16622 4 0 4262 3006 3070 3751 
16623 4 0 3070 3006 751 3751 
16624 4 0 983 2293 3924 3899 
16625 4 0 159 4315 386 137 
16626 4 0 4274 894 2886 4029 
16627 4 0 276 3150 262 4163 
16628 4 0 4200 4163 1026 3150 
16629 4 0 262 1026 3150 1415 
16630 4 0 262 1415 3150 4166 
16631 4 0 3436 1885 3852 1876 
16632 4 0 225 3747 3912 771 
16633 4 0 4166 276 269 3964 
16634 4 0 1019 269 4272 3964 
16635 4 0 4319 3804 4239 3925 
16636 4 0 4319 1497 1962 3925 
16637 4 0 201 3861 1307 168 
16638 4 0 3278 4227 1902 1005 
16639 4 0 2817 2052 58 66 
16640 4 0 187 418 211 1134 
16641 4 0 3838 3537 4462 4234 
16642 4 0 1464 3984 2853 3747 
16643 4 0 124 910 3586 97 
16644 4 0 3295 3849 4264 3984 
16645 4 0 1338 3849 2853 853 
16646 4 0 2391 1303 2730 2947 
16647 4 0 1094 3990 4198 1615 
16648 4 0 3079 1055 1054 4318 
16649 4 0 4318 3079 406 4499 
16650 4 0 1137 4077 253 279 
16651 4 0 1317 253 1137 4077 
16652 4 0 1094 524 4469 4198 
16653 4 0 4189 2781 1196 4294 
16654 4 0 756 3726 1491 3740 
16655 4 0 390 205 1853 250 
16656 4 0 251 4209 3682 3870 
16657 4 0 4298 535 119 141 
16658 4 0 535 141 4298 4323 
16659 4 0 3984 4264 3891 3849 
16660 4 0 1720 4330 4333 3271 
16661 4 0 4331 3907 3272 1720 
16662 4 0 4091 4552 1087 916 
16663 4 0 4037 1912 4319 3804 
16664 4 0 1224 155 4233 386 
16665 4 0 1224 3954 4233 135 
16666 4 0 1137 4077 279 3739 
16667 4 0 3941 2550 1829 2593 
16668 4 0 254 4049 4313 635 
16669 4 0 4313 4049 4067 635 
16670 4 0 2897 3615 1054 4023 
16671 4 0 1338 243 3912 270 
16672 4 0 1082 3083 419 3342 
16673 4 0 3140 3830 4026 816 
16674 4 0 399 3585 3478 1575 
16675 4 0 4290 4292 1282 1836 
16676 4 0 4203 4091 1087 916 
16677 4 0 225 1338 3747 2853 
16678 4 0 1196 4294 1651 4189 
16679 4 0 140 2781 4294 1196 
16680 4 0 935 936 206 391 
16681 4 0 4091 1349 507 3028 
16682 4 0 3912 1338 225 243 
16683 4 0 225 1338 3912 3747 
16684 4 0 3082 1195 4310 115 
16685 4 0 4310 104 115 4199 
16686 4 0 4310 115 104 3082 
16687 4 0 4456 816 3342 3830 
16688 4 0 4283 3628 2314 2750 
16689 4 0 4328 277 2967 263 
16690 4 0 3983 2937 4289 682 
16691 4 0 264 1543 4101 3648 
16692 4 0 115 4310 4199 1195 
16693 4 0 1086 1836 3342 1062 
16694 4 0 137 4353 4160 2300 
16695 4 0 254 1139 4049 635 
16696 4 0 796 4189 4294 453 
16697 4 0 3912 1218 1338 270 
16698 4 0 3912 243 4047 270 
16699 4 0 4193 4087 3648 650 
16700 4 0 2014 4332 3682 2828 
16701 4 0 3293 2333 3943 2693 
16702 4 0 4328 263 4261 4530 
16703 4 0 1581 712 3256 4473 
16704 4 0 265 4332 4295 278 
16705 4 0 1841 4384 3582 877 
16706 4 0 1383 3582 877 1841 
16707 4 0 347 1542 356 2193 
16708 4 0 837 30 4212 20 
16709 4 0 178 202 1782 391 
16710 4 0 4323 163 187 482 
16711 4 0 163 482 4323 141 
16712 4 0 2300 4315 1429 137 
16713 4 0 3114 4336 1579 4478 
16714 4 0 4478 4280 3114 4336 
16715 4 0 1082 4459 3342 4456 
16716 4 0 1082 3083 1086 4538 
16717 4 0 3008 101 4095 87 
16718 4 0 3008 4095 4190 87 
16719 4 0 4045 4123 2579 2467 
16720 4 0 4319 4239 1497 3925 
16721 4 0 2937 4227 3278 3742 
16722 4 0 4324 4171 4497 4335 
16723 4 0 3140 4476 3721 4473 
16724 4 0 4322 4473 3721 4476 
16725 4 0 1053 3517 1050 4108 
16726 4 0 4160 4223 137 1429 
16727 4 0 4212 58 2052 3754 
16728 4 0 4214 49 3707 40 
16729 4 0 3796 101 4095 3008 
16730 4 0 3796 101 4160 4095 
16731 4 0 1194 4476 3830 4026 
16732 4 0 3079 4318 406 1055 
16733 4 0 2604 189 4291 190 
16734 4 0 650 3183 4337 1832 
16735 4 0 1836 1832 3183 1282 
16736 4 0 3726 1434 4007 4317 
16737 4 0 4193 1832 3183 650 
16738 4 0 4193 4087 650 3183 
16739 4 0 4337 916 1087 650 
16740 4 0 3721 1194 4322 4476 
16741 4 0 3478 3067 3079 4499 
16742 4 0 4330 2000 3271 4500 
16743 4 0 4330 3271 4331 4500 
16744 4 0 386 4307 167 4591 
16745 4 0 1789 4417 3476 100 
16746 4 0 1053 1050 3517 4335 
16747 4 0 1575 3079 3478 3067 
16748 4 0 535 3777 482 3450 
16749 4 0 3777 3450 535 534 
16750 4 0 4171 4324 1053 4335 
16751 4 0 1030 1282 3183 1832 
16752 4 0 4290 1088 1832 1282 
16753 4 0 1836 1282 4290 1832 
16754 4 0 1836 3183 1832 4337 
16755 4 0 2300 4160 137 1429 
16756 4 0 789 131 3471 856 
16757 4 0 3781 4056 789 3471 
16758 4 0 4056 3471 1416 856 
16759 4 0 1656 1103 454 4409 
16760 4 0 162 140 2781 4294 
16761 4 0 126 140 1651 1196 
16762 4 0 4294 4408 796 453 
16763 4 0 2553 367 2619 4406 
16764 4 0 4293 367 2758 1654 
16765 4 0 558 4184 3400 491 
16766 4 0 3109 3738 1175 3947 
16767 4 0 4350 3792 3316 3755 
16768 4 0 1058 3792 1178 2624 
16769 4 0 1058 3792 2624 3652 
16770 4 0 3558 2730 4329 2333 
16771 4 0 4231 1906 3446 2709 
16772 4 0 3755 4350 1726 3316 
16773 4 0 4348 775 1179 150 
16774 4 0 4353 4236 3757 159 
16775 4 0 3728 2110 4354 4044 
16776 4 0 1524 3734 3337 2007 
16777 4 0 1 3864 2233 748 
16778 4 0 4364 624 1203 914 
16779 4 0 2481 2255 1379 578 
16780 4 0 4367 697 2460 2366 
16781 4 0 3250 3481 756 1147 
16782 4 0 756 3250 3726 3481 
16783 4 0 2063 3928 4386 3745 
16784 4 0 139 4143 513 4199 
16785 4 0 1658 2747 795 794 
16786 4 0 1656 454 3933 4409 
16787 4 0 4135 1766 1968 4409 
16788 4 0 3484 3820 3969 3586 
16789 4 0 4025 4432 3392 3027 
16790 4 0 71 370 2113 693 
16791 4 0 3471 3231 1416 153 
16792 4 0 4441 1416 3471 2885 
16793 4 0 1417 2637 1198 390 
16794 4 0 1004 2325 1110 4096 
16795 4 0 4456 4459 3342 816 
16796 4 0 426 3782 3716 469 
16797 4 0 4480 3863 4164 4222 
16798 4 0 3277 4485 2279 3358 
16799 4 0 1052 3571 3794 4488 
16800 4 0 4488 3571 750 2897 
16801 4 0 1391 4483 774 635 
16802 4 0 546 4145 4040 2193 
16803 4 0 1794 4187 4554 2807 
16804 4 0 3207 3847 4595 2371 
16805 4 0 4507 3846 2807 1603 
16806 4 0 1792 1345 2655 3023 
16807 4 0 3152 586 4517 3191 
16808 4 0 3149 578 3362 3247 
16809 4 0 2543 1765 2728 2961 
16810 4 0 1642 2096 3908 419 
16811 4 0 4577 4578 3499 2438 
16812 4 0 3697 508 3924 983 
16813 4 0 518 4554 4187 486 
16814 4 0 3915 486 1135 4187 
16815 4 0 2807 3915 486 3211 
16816 4 0 519 4553 2596 428 
16817 4 0 4306 4563 3536 3996 
16818 4 0 1301 3442 4561 3281 
16819 4 0 1301 1586 1373 4561 
16820 4 0 657 1478 3410 1376 
16821 4 0 4570 2213 3229 1136 
16822 4 0 486 2259 522 4571 
16823 4 0 831 827 2345 4581 
16824 4 0 4379 1997 3441 1101 
16825 4 0 2661 3332 4381 2393 
16826 4 0 2487 2834 4588 1008 
16827 4 0 1717 2661 2393 2523 
16828 4 0 3441 2182 4376 388 
16829 4 0 2089 4588 1008 3122 
16830 4 0 3693 4380 2059 1997 
16831 4 0 1098 2464 2602 2780 
16832 4 0 3344 2702 2483 3321 
16833 4 0 3344 2464 2780 2483 
16834 4 0 212 1318 2635 1133 
16835 4 0 461 2438 3499 829 
16836 4 0 4509 4165 826 764 
16837 4 0 831 4606 758 2345 
16838 4 0 4583 2386 4587 4247 
16839 4 0 4582 829 3499 4578 
16840 4 0 826 2345 4581 831 
16841 4 0 4165 764 766 459 
16842 4 0 4165 764 459 826 
16843 4 0 1433 4052 3776 4375 
16844 4 0 1778 2029 3457 2812 
16845 4 0 137 386 4353 2300 
16846 4 0 1433 2033 2020 3711 
16847 4 0 3088 4010 708 1431 
16848 4 0 208 1963 4236 3757 
16849 4 0 1161 2063 3263 1162 
16850 4 0 2063 3663 4386 1162 
16851 4 0 1841 3216 3582 4384 
16852 4 0 1160 2063 3928 4386 
16853 4 0 2929 195 3786 478 
16854 4 0 156 881 4128 1817 
16855 4 0 1817 4065 1388 4128 
16856 4 0 1130 2987 4427 4416 
16857 4 0 4416 2660 2987 1787 
16858 4 0 4428 1890 4415 2540 
16859 4 0 3859 2881 3836 1807 
16860 4 0 1533 4338 553 3463 
16861 4 0 1807 3448 3836 3226 
16862 4 0 3448 3620 2691 767 
16863 4 0 3739 3147 3893 3720 
16864 4 0 1644 1129 451 4426 
16865 4 0 1094 524 1963 208 
16866 4 0 2695 3102 2368 2574 
16867 4 0 3149 3572 3362 903 
16868 4 0 4232 584 2411 1096 
16869 4 0 1723 2688 3556 3688 
16870 4 0 1638 1963 524 3267 
16871 4 0 4116 2682 3865 2117 
16872 4 0 1778 1144 4374 1428 
16873 4 0 1144 1585 1428 1778 
16874 4 0 135 4233 155 4591 
16875 4 0 4374 3632 3988 3975 
16876 4 0 2300 3250 4307 1147 
16877 4 0 339 439 320 328 
16878 4 0 442 295 320 305 
16879 4 0 465 429 4466 2818 
16880 4 0 3537 4462 426 3846 
16881 4 0 1342 575 4460 400 
16882 4 0 3782 3136 2976 4593 
16883 4 0 3499 4548 407 2754 
16884 4 0 1418 2394 2689 2744 
16885 4 0 471 4465 3282 4460 
16886 4 0 4506 1993 3407 2139 
16887 4 0 439 351 320 340 
16888 4 0 4437 1782 391 178 
16889 4 0 4423 4413 4410 696 
16890 4 0 32 840 562 21 
16891 4 0 1981 3586 3969 3820 
16892 4 0 4285 4259 4389 4412 
16893 4 0 3526 566 4390 3343 
16894 4 0 4599 2257 3379 2973 
16895 4 0 1812 563 1668 2512 
16896 4 0 3390 696 2951 3521 
16897 4 0 4266 2362 1872 1873 
16898 4 0 4260 380 4433 3704 
16899 4 0 3635 1228 1229 75 
16900 4 0 4266 3392 2362 4432 
16901 4 0 2714 1493 3027 615 
16902 4 0 2362 4266 4432 4600 
16903 4 0 328 314 439 320 
16904 4 0 4548 4244 464 407 
16905 4 0 4548 4582 3664 2754 
16906 4 0 4583 2386 4585 4587 
16907 4 0 4547 766 470 427 
16908 4 0 4544 3778 3858 1896 
16909 4 0 426 3782 1660 3716 
16910 4 0 3446 2699 2709 1535 
16911 4 0 4226 1129 2160 3749 
16912 4 0 3900 2915 3463 1531 
16913 4 0 2881 1534 1807 1530 
16914 4 0 841 4589 43 61 
16915 4 0 841 844 4589 61 
16916 4 0 4589 371 61 844 
16917 4 0 27 17 847 841 
16918 4 0 27 847 17 533 
16919 4 0 1317 1122 418 387 
16920 4 0 2160 1311 1786 541 
16921 4 0 3020 1313 1788 907 
16922 4 0 1789 3450 534 535 
16923 4 0 1789 3156 1313 3450 
16924 4 0 3607 27 847 35 
16925 4 0 27 841 847 35 
16926 4 0 2799 905 35 4589 
16927 4 0 3607 2799 3637 905 
16928 4 0 288 294 414 4604 
16929 4 0 308 441 413 436 
16930 4 0 297 413 308 441 
16931 4 0 4292 4457 815 4602 
16932 4 0 421 512 2388 2781 
16933 4 0 187 782 421 162 
16934 4 0 403 3956 4455 1588 
16935 4 0 3923 4280 3429 4228 
16936 4 0 4454 4252 1540 3181 
16937 4 0 1582 3114 3238 3534 
16938 4 0 3957 4537 4542 4543 
16939 4 0 1832 1088 240 1282 
16940 4 0 1540 4543 4088 4537 
16941 4 0 3300 440 286 282 
16942 4 0 3106 2993 3880 4032 
16943 4 0 2993 3106 2547 4032 
16944 4 0 4366 491 2268 3525 
16945 4 0 3497 3330 3435 3622 
16946 4 0 3010 3525 2547 2993 
16947 4 0 4248 1279 4514 495 
16948 4 0 1427 4514 3544 4176 
16949 4 0 3880 3525 4511 4079 
16950 4 0 1140 3544 974 493 
16951 4 0 2514 2757 1140 978 
16952 4 0 841 43 35 27 
16953 4 0 841 8 43 10 
16954 4 0 841 17 43 27 
16955 4 0 841 10 43 17 
16956 4 0 26 38 2758 2365 
16957 4 0 841 16 43 8 
16958 4 0 1103 1656 1968 4409 
16959 4 0 4407 798 2465 2963 
16960 4 0 1656 2436 739 1103 
16961 4 0 4334 2781 162 482 
16962 4 0 798 2932 4196 2005 
16963 4 0 1103 454 3333 739 
16964 4 0 1657 739 454 1656 
16965 4 0 4407 2465 4406 2962 
16966 4 0 1180 4314 3042 796 
16967 4 0 2553 367 1068 4293 
16968 4 0 8 2327 16 3235 
16969 4 0 3488 2465 4406 4407 
16970 4 0 552 2138 382 2600 
16971 4 0 421 162 2781 187 
16972 4 0 4470 1584 1350 4479 
16973 4 0 4242 1377 4477 1562 
16974 4 0 4604 304 434 294 
16975 4 0 4604 434 288 294 
16976 4 0 304 4604 434 316 
16977 4 0 304 414 4604 316 
16978 4 0 3244 4602 4292 815 
16979 4 0 1317 1119 418 1122 
16980 4 0 815 4602 4475 3244 
16981 4 0 1489 3070 3830 3244 
16982 4 0 237 1119 418 1317 
16983 4 0 434 436 441 308 
16984 4 0 1122 418 1134 1119 
16985 4 0 4475 3719 3765 3439 
16986 4 0 1582 4000 3238 754 
16987 4 0 2352 3867 3684 2424 
16988 4 0 3719 3911 4475 4077 
16989 4 0 4402 4199 104 4310 
16990 4 0 15 7 846 839 
16991 4 0 15 366 846 7 
16992 4 0 4403 2001 2774 3340 
16993 4 0 3550 2037 2291 366 
16994 4 0 839 37 42 50 
16995 4 0 4199 161 139 4143 
16996 4 0 2999 1597 3902 4405 
16997 4 0 3134 3874 382 513 
16998 4 0 1843 1595 3732 1670 
16999 4 0 1810 2313 2569 1675 
17000 4 0 366 1556 7 15 
17001 4 0 373 1671 3667 3759 
17002 4 0 3667 3326 2612 1671 
17003 4 0 1843 1670 3732 1677 
17004 4 0 4206 2294 1673 1838 
17005 4 0 1838 4206 2294 4403 
17006 4 0 433 313 324 3300 
17007 4 0 1977 2156 1028 770 
17008 4 0 2443 854 409 1583 
17009 4 0 1335 1867 2975 3366 
17010 4 0 1327 412 3095 2443 
17011 4 0 286 1327 412 296 
17012 4 0 1550 3045 1583 1637 
17013 4 0 2344 4284 2900 479 
17014 4 0 2895 2443 1327 2724 
17015 4 0 853 561 3891 3308 
17016 4 0 3849 3912 3747 2632 
17017 4 0 4393 114 2512 3921 
17018 4 0 3526 3343 1812 1808 
17019 4 0 4413 696 4387 4410 
17020 4 0 4394 3521 696 4413 
17021 4 0 4413 4394 4387 696 
17022 4 0 3349 3326 1700 4394 
17023 4 0 4392 1704 2313 2631 
17024 4 0 3054 4396 2272 3623 
17025 4 0 179 160 1964 3698 
17026 4 0 442 283 320 289 
17027 4 0 456 666 667 455 
17028 4 0 2614 2229 3415 3275 
17029 4 0 3443 478 236 3624 
17030 4 0 1048 757 667 3009 
17031 4 0 4096 1516 2325 4570 
17032 4 0 3786 2929 177 195 
17033 4 0 4451 3529 2475 1515 
17034 4 0 2325 1516 4096 1004 
17035 4 0 1394 3603 3428 3056 
17036 4 0 2897 3585 1575 3079 
17037 4 0 2897 3585 4488 399 
17038 4 0 2040 3873 3517 1053 
17039 4 0 764 1355 427 2352 
17040 4 0 434 319 316 327 
17041 4 0 434 337 319 327 
17042 4 0 337 327 3108 713 
17043 4 0 1636 3108 2324 713 
17044 4 0 2888 1636 3108 2756 
17045 4 0 4020 4023 3145 3056 
17046 4 0 4483 784 3517 1393 
17047 4 0 1394 1056 2309 1621 
17048 4 0 4483 4216 3517 784 
17049 4 0 399 1052 924 4488 
17050 4 0 4216 774 4113 216 
17051 4 0 2040 4262 3517 3873 
17052 4 0 3037 3145 3056 4020 
17053 4 0 399 921 924 1052 
17054 4 0 784 4216 1395 4483 
17055 4 0 2108 3218 1599 3751 
17056 4 0 3218 2856 3751 2108 
17057 4 0 3751 2856 3218 3070 
17058 4 0 1603 3846 2595 4507 
17059 4 0 4178 2805 2385 4504 
17060 4 0 351 439 360 445 
17061 4 0 4225 4080 2591 980 
17062 4 0 151 4225 680 980 
17063 4 0 1604 2596 1791 575 
17064 4 0 2957 4018 2655 1792 
17065 4 0 2596 1342 575 1604 
17066 4 0 2596 575 1342 400 
17067 4 0 4412 2921 4285 4259 
17068 4 0 46 32 839 840 
17069 4 0 32 21 839 840 
17070 4 0 388 4261 863 214 
17071 4 0 2689 644 2244 415 
17072 4 0 2913 3381 1875 4528 
17073 4 0 4482 2335 777 2939 
17074 4 0 4482 2335 4610 777 
17075 4 0 134 113 4349 2182 
17076 4 0 3417 4553 3131 2596 
17077 4 0 3417 2596 1791 4503 
17078 4 0 514 4572 3101 1719 
17079 4 0 514 3101 4557 4553 
17080 4 0 3101 514 515 1828 
17081 4 0 340 445 439 351 
17082 4 0 4612 78 3635 3756 
17083 4 0 3635 2488 3756 3613 
17084 4 0 680 980 4225 590 
17085 4 0 2986 3297 4025 3392 
17086 4 0 172 936 391 4225 
17087 4 0 3594 3733 3898 3903 
17088 4 0 3635 78 3613 3756 
17089 4 0 1374 1373 1973 1987 
17090 4 0 3281 4561 1301 1373 
17091 4 0 1373 1973 1586 2281 
17092 4 0 1373 1586 1301 2281 
17093 4 0 3410 1424 4565 656 
17094 4 0 4565 3410 2531 2498 
17095 4 0 1481 1411 656 1424 
17096 4 0 3996 3616 4563 3536 
17097 4 0 1455 2391 2947 3536 
17098 4 0 2730 2517 1305 4218 
17099 4 0 1973 1586 1302 1987 
17100 4 0 1426 1302 1586 1987 
17101 4 0 656 1424 4565 1481 
17102 4 0 4562 2531 2498 2617 
17103 4 0 1909 2333 3559 1455 
17104 4 0 180 4609 863 388 
17105 4 0 3266 180 388 165 
17106 4 0 3130 3266 2651 3798 
17107 4 0 2677 299 2335 4610 
17108 4 0 4482 4610 2335 299 
17109 4 0 404 2802 4130 4608 
17110 4 0 3807 1913 760 404 
17111 4 0 180 863 196 388 
17112 4 0 3968 3531 2848 862 
17113 4 0 1373 2835 3281 1454 
17114 4 0 435 318 356 347 
17115 4 0 475 2832 435 356 
17116 4 0 435 323 2832 3675 
17117 4 0 1439 2597 2514 4574 
17118 4 0 4512 4008 554 234 
17119 4 0 974 2425 1437 3926 
17120 4 0 167 1221 386 155 
17121 4 0 167 386 1220 186 
17122 4 0 186 2829 386 1220 
17123 4 0 3992 3481 1147 756 
17124 4 0 3773 4320 325 436 
17125 4 0 1853 1543 2276 985 
17126 4 0 4496 4324 3899 3924 
17127 4 0 3950 1078 1049 2984 
17128 4 0 1080 1078 4009 2984 
17129 4 0 1575 984 4551 3478 
17130 4 0 651 4495 4087 649 
17131 4 0 2000 4140 4500 3881 
17132 4 0 1352 4498 3241 3938 
17133 4 0 3737 2075 1865 1352 
17134 4 0 1080 1078 2984 1049 
17135 4 0 3924 1575 399 984 
17136 4 0 346 319 438 434 
17137 4 0 348 319 438 359 
17138 4 0 149 2637 1417 3998 
17139 4 0 2637 1181 1417 1967 
17140 4 0 390 1181 1417 2637 
17141 4 0 390 184 1417 1181 
17142 4 0 3513 2753 2841 3471 
17143 4 0 1930 4580 2784 1501 
17144 4 0 2386 1355 4587 4247 
17145 4 0 4580 3465 4579 3672 
17146 4 0 4548 4582 3499 4578 
17147 4 0 4601 4581 459 2042 
17148 4 0 2952 2259 4526 522 
17149 4 0 4571 2259 522 4526 
17150 4 0 3368 2242 442 283 
17151 4 0 4524 4133 4527 3101 
17152 4 0 394 4222 4480 4246 
17153 4 0 3368 1514 4449 2641 
17154 4 0 4481 3624 478 2929 
17155 4 0 2259 4569 1892 4525 
17156 4 0 3229 2213 4182 1136 
17157 4 0 4568 2259 1719 1892 
17158 4 0 1516 4527 1515 2475 
17159 4 0 4525 4568 1892 2259 
17160 4 0 1828 516 1136 4555 
17161 4 0 315 2689 443 439 
17162 4 0 4246 4200 3443 4566 
17163 4 0 4572 3101 4568 4524 
17164 4 0 4572 1719 4568 3101 
17165 4 0 2213 520 3451 3659 
17166 4 0 1826 4569 1892 2259 
17167 4 0 1404 1400 3229 4570 
17168 4 0 4567 2227 2590 3618 
17169 4 0 4526 4569 4571 2259 
17170 4 0 1516 4570 1828 2325 
17171 4 0 1229 44 33 41 
17172 4 0 1727 1686 156 3788 
17173 4 0 375 3928 1821 1325 
17174 4 0 1817 1440 4072 1885 
17175 4 0 33 1225 44 1229 
17176 4 0 331 318 323 435 
17177 4 0 249 4150 4217 545 
17178 4 0 189 4468 4300 3652 
17179 4 0 1141 664 2916 4575 
17180 4 0 4519 2613 3464 2961 
17181 4 0 585 2205 3424 3168 
17182 4 0 2205 4520 706 3247 
17183 4 0 706 1765 932 2458 
17184 4 0 903 3362 3149 578 
17185 4 0 4590 411 292 281 
17186 4 0 411 285 281 4590 
17187 4 0 4522 1761 4220 526 
17188 4 0 2854 4104 3826 4158 
17189 4 0 4590 2719 411 3225 
17190 4 0 4274 2022 2886 3703 
17191 4 0 3528 2903 1688 4274 
17192 4 0 4005 3177 866 548 
17193 4 0 1815 2193 357 3666 
17194 4 0 2193 357 356 475 
17195 4 0 2193 1815 357 475 
17196 4 0 4040 2725 546 2193 
17197 4 0 4300 4150 204 3652 
17198 4 0 170 2624 1058 1178 
17199 4 0 2466 4145 2832 2193 
17200 4 0 2604 2712 1687 4468 
17201 4 0 1542 347 546 2193 
17202 4 0 2022 4029 4274 2886 
17203 4 0 2193 356 357 1542 
17204 4 0 555 2607 1894 2307 
17205 4 0 3177 2607 3703 4281 
17206 4 0 3652 2604 189 4468 
17207 4 0 3652 4150 249 545 
17208 4 0 148 170 1178 2624 
17209 4 0 148 170 2624 589 
17210 4 0 3177 4550 4492 3645 
17211 4 0 4005 4489 4167 4492 
17212 4 0 2663 896 647 4430 
17213 4 0 3961 647 4430 2663 
17214 4 0 2663 1184 896 4430 
17215 4 0 3347 4253 3708 2232 
17216 4 0 1088 1282 421 240 
17217 4 0 3769 3895 1474 4532 
17218 4 0 226 421 1029 240 
17219 4 0 3942 4541 3453 4531 
17220 4 0 434 436 332 438 
17221 4 0 226 421 200 782 
17222 4 0 4536 1862 3083 4203 
17223 4 0 3083 507 1862 3908 
17224 4 0 4536 4203 3083 4538 
17225 4 0 1349 3908 4086 1862 
17226 4 0 4050 4539 3241 1865 
17227 4 0 226 421 1089 200 
17228 4 0 1540 4088 4454 4537 
17229 4 0 4538 1087 3083 3183 
17230 4 0 1088 1089 421 815 
17231 4 0 1088 421 1282 815 
17232 4 0 226 772 1029 421 
17233 4 0 1083 3595 3994 4535 
17234 4 0 419 2096 4536 1082 
17235 4 0 226 772 421 782 
17236 4 0 436 434 332 325 
17237 4 0 168 3861 169 185 
17238 4 0 607 4438 695 1361 
17239 4 0 1622 4357 638 2056 
17240 4 0 1629 2008 2074 3507 
17241 4 0 3939 506 3861 1209 
17242 4 0 1171 814 4190 127 
17243 4 0 1607 2113 1764 1600 
17244 4 0 506 926 229 1209 
17245 4 0 169 814 147 1059 
17246 4 0 1450 4190 1569 1171 
17247 4 0 1364 3126 2083 542 
17248 4 0 169 4438 147 814 
17249 4 0 3861 169 1361 168 
17250 4 0 1361 607 3835 3670 
17251 4 0 4355 3803 1627 1626 
17252 4 0 1607 1600 1764 2447 
17253 4 0 3689 1627 3803 3093 
17254 4 0 1607 1764 2113 370 
17255 4 0 4354 2110 3803 4044 
17256 4 0 607 695 3670 1361 
17257 4 0 3116 3328 3728 3787 
17258 4 0 2110 3116 3728 4354 
17259 4 0 4355 3803 3689 1627 
17260 4 0 1764 370 1607 1847 
17261 4 0 1366 694 4440 2115 
17262 4 0 850 2052 81 71 
$EndElements
$ElementData
1
"color"
1
0.0
3
0
1
17262
1 3.6496
2 3.57917
3 3.86269
4 5.0649
5 7.75655
6 6.16368
7 5.94502
8 3.58222
9 5.64767
10 5.3006
11 7.37881
12 4.70921
13 5.56482
14 4.41086
15 4.29119
16 4.26513
17 3.17138
18 5.01844
19 5.10548
20 7.13869
21 3.6391
22 5.27239
23 4.53528
24 4.20125
25 4.63725
26 5.14585
27 4.27746
28 4.88232
29 5.36171
30 4.61067
31 4.28468
32 5.54086
33 4.48448
34 4.28168
35 3.71153
36 4.67132
37 3.60465
38 5.65412
39 3.82443
40 3.71567
41 5.18309
42 5.27577
43 8.52997
44 5.55147
45 3.29667
46 3.59631
47 5.34111
48 4.89138
49 4.06377
50 3.88915
51 3.98927
52 3.83612
53 3.96534
54 4.50376
55 4.47589
56 5.30743
57 6.5394
58 5.28148
59 5.76057
60 5.57677
61 5.24396
62 4.6591
63 5.08179
64 4.65454
65 3.92254
66 5.67831
67 7.88797
68 4.6514
69 4.10526
70 5.96758
71 4.11129
72 5.40893
73 4.72814
74 4.25399
75 3.77237
76 5.57338
77 8.72052
78 4.86298
79 4.38029
80 4.634
81 6.767
82 3.6062
83 4.35354
84 3.55223
85 7.66497
86 4.84872
87 4.21088
88 6.27575
89 4.71779
90 5.40727
91 5.05863
92 5.63632
93 4.67349
94 5.1091
95 6.4868
96 4.44449
97 6.87631
98 5.98188
99 7.57398
100 3.98348
101 3.48576
102 3.99272
103 4.35437
104 4.10197
105 5.82822
106 4.35188
107 3.58368
108 4.7169
109 3.48832
110 3.97854
111 5.7075
112 3.81321
113 5.49645
114 4.00447
115 5.53157
116 5.69878
117 7.59565
118 4.50365
119 5.71067
120 5.74689
121 4.98127
122 5.75615
123 3.75599
124 3.52487
125 7.33826
126 6.31568
127 5.32159
128 3.54696
129 5.58337
130 3.95173
131 5.18326
132 4.33548
133 4.80063
134 3.66406
135 6.48475
136 4.84992
137 8.18765
138 4.41566
139 3.60592
140 3.88386
141 3.39697
142 5.04457
143 5.36555
144 5.91996
145 4.32858
146 6.68047
147 5.05791
148 5.10309
149 4.926
150 8.12018
151 5.48692
152 5.59747
153 7.28329
154 6.64822
155 4.6075
156 5.26955
157 4.11632
158 4.82072
159 6.55301
160 5.51417
161 3.94727
162 4.30752
163 6.39601
164 4.15056
165 3.88708
166 4.6573
167 4.02404
168 9.35368
169 3.59626
170 4.74823
171 7.37753
172 4.77633
173 7.40787
174 7.97056
175 4.77472
176 5.45039
177 5.13775
178 4.47358
179 6.28853
180 5.06085
181 7.85147
182 3.13789
183 6.30028
184 3.93247
185 6.96525
186 6.32474
187 5.63839
188 6.08186
189 7.06942
190 7.55674
191 5.4095
192 3.98691
193 8.73612
194 5.95348
195 4.71924
196 9.53255
197 3.83882
198 4.1637
199 6.21158
200 4.78218
201 4.15721
202 3.4952
203 5.51424
204 5.17243
205 5.72219
206 7.52767
207 6.00512
208 5.38077
209 4.61402
210 5.30323
211 4.55056
212 4.17195
213 4.83953
214 4.35749
215 7.78159
216 7.18946
217 5.04034
218 6.1346
219 4.32977
220 5.75539
221 4.93565
222 5.07426
223 6.72065
224 4.99708
225 5.49883
226 5.23455
227 7.11659
228 5.13959
229 7.68899
230 7.26999
231 4.61448
232 5.64181
233 6.93916
234 4.04544
235 9.01755
236 6.05406
237 5.183
238 4.45274
239 5.24504
240 3.83471
241 4.07588
242 6.37915
243 5.79467
244 4.46562
245 3.88095
246 7.10707
247 8.92677
248 5.99483
249 5.88273
250 5.12283
251 4.31466
252 7.47136
253 4.4708
254 4.08517
255 7.3457
256 7.54439
257 5.9444
258 7.72189
259 3.73968
260 4.38487
261 4.32248
262 5.96389
263 8.20915
264 7.71295
265 8.10805
266 7.8663
267 6.39643
268 8.05149
269 5.84596
270 5.93547
271 4.47269
272 4.82132
273 4.56412
274 4.10268
275 5.1898
276 9.32978
277 4.71373
278 3.52894
279 4.67499
280 4.79298
281 5.4478
282 7.1615
283 7.40804
284 4.21441
285 7.3399
286 3.97424
287 4.30767
288 5.57623
289 3.05273
290 4.34594
291 6.67055
292 4.00425
293 7.33709
294 5.78867
295 5.86713
296 4.22343
297 9.3033
298 6.9345
299 4.37984
300 6.40412
301 5.38358
302 7.72736
303 5.92726
304 8.76884
305 4.24718
306 3.86731
307 9.19933
308 4.74602
309 7.7521
310 8.16575
311 4.36884
312 4.88736
313 3.9591
314 4.28244
315 6.17683
316 5.92566
317 4.84291
318 7.3411
319 3.47183
320 5.20781
321 6.2617
322 4.56659
323 7.70497
324 6.18257
325 4.79377
326 4.2822
327 7.11305
328 3.41652
329 7.92818
330 9.05165
331 6.47539
332 3.93867
333 6.66577
334 5.32332
335 4.12952
336 4.66053
337 4.85562
338 7.94983
339 6.77651
340 6.87774
341 7.14262
342 7.02623
343 4.29038
344 3.63682
345 7.22307
346 6.31579
347 5.67647
348 5.49846
349 7.37586
350 6.90034
351 5.23082
352 8.78722
353 3.97272
354 6.78141
355 3.44993
356 8.40807
357 4.84277
358 9.8125
359 6.62818
360 4.5491
361 5.52355
362 5.09688
363 6.07
364 5.19136
365 6.45004
366 4.1212
367 4.52803
368 8.49328
369 3.33439
370 5.63703
371 5.30909
372 7.32698
373 7.54117
374 6.71451
375 4.75736
376 8.12087
377 7.16929
378 6.79324
379 6.70534
380 5.64967
381 5.25381
382 7.35396
383 7.12541
384 7.68167
385 6.10632
386 4.58129
387 5.37363
388 6.6947
389 5.32344
390 7.49962
391 5.37801
392 4.68349
393 5.5046
394 5.06703
395 6.74803
396 7.59737
397 6.59045
398 4.69401
399 4.68516
400 4.94726
401 3.96544
402 7.94837
403 8.30543
404 9.29216
405 3.67626
406 6.30393
407 4.38293
408 7.69322
409 6.26012
410 4.26747
411 7.18182
412 4.13963
413 4.75161
414 4.21384
415 3.39683
416 5.44912
417 5.8576
418 4.40891
419 5.31781
420 5.28179
421 6.8788
422 5.54948
423 3.81328
424 8.82016
425 5.59653
426 4.61322
427 9.04984
428 6.78433
429 4.2752
430 6.57413
431 3.59104
432 5.20995
433 6.40563
434 4.5735
435 8.24216
436 5.24794
437 3.40168
438 5.43603
439 6.78788
440 7.09064
441 6.09195
442 6.84681
443 5.02866
444 5.0902
445 3.96496
446 3.64014
447 7.09751
448 4.5532
449 6.1392
450 4.8031
451 6.28688
452 5.31229
453 4.67644
454 5.09029
455 8.14865
456 3.92941
457 7.49374
458 4.86623
459 4.7626
460 6.73622
461 4.74086
462 5.13512
463 4.97714
464 3.53121
465 8.26334
466 7.92462
467 4.45837
468 3.25432
469 6.61709
470 6.31263
471 8.6708
472 5.80677
473 4.85459
474 4.2835
475 9.13354
476 5.7017
477 3.52983
478 8.22017
479 3.68712
480 5.77639
481 8.24215
482 4.21622
483 4.2538
484 3.93621
485 3.62501
486 4.06355
487 7.23872
488 5.71995
489 4.91943
490 4.89615
491 5.14949
492 3.61803
493 3.92485
494 4.96601
495 5.45512
496 8.63698
497 5.38622
498 6.01134
499 6.3241
500 4.8119
501 3.57297
502 7.03136
503 5.15462
504 5.44655
505 5.5227
506 4.13121
507 5.58604
508 7.44057
509 4.60564
510 4.92011
511 7.83435
512 4.2896
513 4.35567
514 5.51763
515 5.13777
516 5.59714
517 5.80383
518 5.43265
519 6.46682
520 3.50671
521 3.51932
522 3.93109
523 3.69581
524 5.41561
525 5.42197
526 4.853
527 5.84431
528 3.54451
529 5.04084
530 4.06281
531 5.31475
532 5.13758
533 6.62579
534 6.89723
535 7.29507
536 6.80592
537 3.30733
538 4.5959
539 6.57852
540 5.81548
541 7.93633
542 3.78469
543 6.76853
544 7.27005
545 3.64781
546 4.28842
547 7.51881
548 4.79448
549 3.91991
550 5.23638
551 5.49515
552 3.45371
553 4.0451
554 8.37933
555 5.84465
556 3.98217
557 5.21802
558 5.23576
559 4.56023
560 8.98756
561 4.14856
562 8.30185
563 6.6534
564 6.91378
565 7.49795
566 5.89529
567 9.66305
568 3.7241
569 5.74947
570 7.90071
571 5.8328
572 6.87535
573 4.49143
574 4.7909
575 9.29259
576 4.34471
577 6.19619
578 7.76261
579 4.94145
580 6.47549
581 3.44829
582 3.83428
583 3.69206
584 5.18928
585 3.80235
586 7.17215
587 3.60927
588 3.40743
589 8.03122
590 4.44031
591 6.96946
592 7.22751
593 5.78722
594 9.43444
595 4.49122
596 8.93689
597 4.58168
598 5.17431
599 3.68856
600 7.16548
601 4.4022
602 4.61958
603 6.51122
604 6.47222
605 5.3875
606 4.22577
607 3.66872
608 4.55765
609 4.20928
610 5.0299
611 3.88138
612 4.09387
613 4.46307
614 7.0849
615 8.00638
616 4.12083
617 3.47115
618 5.71909
619 3.97431
620 6.23052
621 4.13862
622 4.27703
623 3.12671
624 4.66799
625 6.41501
626 3.23851
627 6.25059
628 6.43535
629 7.36526
630 6.62034
631 6.90819
632 7.88398
633 4.30524
634 5.82742
635 5.49315
636 5.86802
637 5.30296
638 5.3794
639 5.3303
640 5.62418
641 5.43299
642 6.2339
643 5.92307
644 6.85156
645 6.48027
646 6.84162
647 5.88681
648 6.02097
649 5.62401
650 3.98674
651 5.20625
652 5.52277
653 6.27504
654 6.25286
655 6.00944
656 3.2299
657 5.39633
658 3.73613
659 3.50348
660 5.31921
661 6.10117
662 3.83599
663 4.33694
664 4.45352
665 7.57914
666 3.71355
667 4.51136
668 3.89826
669 4.5996
670 3.86182
671 4.13985
672 3.71786
673 6.45143
674 3.6542
675 7.74528
676 3.52015
677 7.17237
678 3.73438
679 3.90782
680 6.99869
681 3.98242
682 4.90623
683 5.09896
684 5.13102
685 3.61509
686 6.42816
687 4.09874
688 7.79858
689 6.02625
690 3.97811
691 3.43322
692 4.47667
693 4.29728
694 5.78185
695 4.02706
696 3.94378
697 5.36825
698 6.31838
699 6.52775
700 5.4703
701 4.45525
702 4.06566
703 5.79011
704 6.28155
705 3.80706
706 5.02928
707 7.91782
708 7.92421
709 5.09207
710 5.01223
711 6.02199
712 6.07362
713 4.42234
714 7.89633
715 4.59885
716 6.44307
717 4.97327
718 3.89433
719 4.14461
720 6.18147
721 6.58972
722 5.50013
723 5.95936
724 4.93622
725 6.73278
726 7.71708
727 3.18248
728 7.43954
729 3.60462
730 4.2474
731 7.42091
732 7.52269
733 5.95924
734 3.6034
735 3.49827
736 4.12634
737 4.18091
738 3.4928
739 3.81966
740 3.43722
741 3.1452
742 4.66742
743 7.37657
744 3.28648
745 3.34593
746 5.24149
747 4.07149
748 5.5525
749 4.2107
750 5.04149
751 5.70144
752 5.17638
753 7.40877
754 4.83835
755 3.74323
756 4.68665
757 4.16784
758 6.32291
759 5.35577
760 5.43302
761 7.08092
762 7.09572
763 6.1733
764 4.84597
765 4.36946
766 4.35191
767 4.36913
768 4.94104
769 4.63446
770 4.30349
771 4.82605
772 5.19747
773 5.61751
774 5.76927
775 6.07025
776 6.5832
777 5.41238
778 3.8738
779 4.66472
780 5.02181
781 4.61391
782 3.87717
783 4.64182
784 4.15859
785 3.79768
786 3.81431
787 4.91844
788 3.33764
789 5.98078
790 4.05755
791 5.12413
792 3.30557
793 3.9283
794 3.61458
795 5.10386
796 5.51315
797 4.0575
798 4.80882
799 3.93222
800 4.07236
801 5.72225
802 3.64455
803 5.26375
804 4.10811
805 6.26048
806 7.28086
807 6.75241
808 6.75982
809 5.62028
810 4.04662
811 4.05834
812 6.28543
813 4.36687
814 6.27786
815 4.45004
816 3.48816
817 5.01218
818 5.08741
819 4.507
820 4.6959
821 4.73535
822 3.79558
823 4.02213
824 4.55619
825 4.12284
826 3.43427
827 7.836
828 9.0648
829 6.00849
830 6.87309
831 4.39481
832 6.02204
833 4.07592
834 3.80525
835 3.93745
836 3.72453
837 3.96215
838 4.72602
839 4.83175
840 3.60425
841 7.4372
842 6.06716
843 3.53456
844 4.65757
845 4.22138
846 5.58853
847 4.06884
848 5.76689
849 4.16102
850 4.30672
851 6.26943
852 3.63725
853 4.03427
854 4.81103
855 4.78073
856 4.70597
857 3.93646
858 4.82615
859 3.99362
860 4.29108
861 3.86362
862 4.36667
863 3.75187
864 3.68869
865 5.81072
866 4.07048
867 4.88891
868 3.7159
869 3.77521
870 3.78785
871 3.71636
872 6.06979
873 3.64412
874 8.51459
875 4.45346
876 5.99613
877 5.53938
878 7.37449
879 4.86625
880 4.35403
881 4.52851
882 5.38005
883 4.24216
884 4.1035
885 4.3969
886 6.43445
887 6.76987
888 6.46417
889 4.07867
890 7.16578
891 5.78516
892 5.43384
893 6.00897
894 4.33885
895 4.25794
896 4.15076
897 9.18674
898 5.6123
899 5.03597
900 4.06562
901 5.19357
902 4.11645
903 3.32358
904 4.2773
905 4.50222
906 6.1283
907 5.03391
908 4.8171
909 5.45182
910 3.4792
911 6.7833
912 6.55243
913 7.57771
914 7.20863
915 3.5593
916 4.66584
917 4.48688
918 4.23629
919 5.26413
920 5.41993
921 4.5954
922 4.45339
923 6.73154
924 6.96081
925 5.32654
926 6.82078
927 8.31392
928 8.38822
929 3.47427
930 4.92628
931 3.51169
932 4.11948
933 4.98142
934 3.55983
935 3.41863
936 3.7024
937 3.66335
938 5.07105
939 9.90927
940 5.15692
941 5.10541
942 7.46193
943 4.44719
944 5.03795
945 4.35315
946 4.74132
947 9.97304
948 7.36812
949 8.42579
950 3.53315
951 3.59239
952 3.86563
953 5.57173
954 3.90522
955 3.68213
956 4.55707
957 4.13586
958 4.16553
959 4.38279
960 3.77713
961 3.33779
962 6.3192
963 4.57423
964 5.17068
965 5.89594
966 5.8059
967 4.59817
968 4.45953
969 3.23549
970 4.72094
971 3.99323
972 4.33627
973 4.84068
974 4.24465
975 3.36161
976 4.50718
977 3.86195
978 4.75736
979 3.73455
980 8.62757
981 4.71859
982 5.54696
983 4.48482
984 5.50092
985 4.38112
986 6.61888
987 3.83339
988 3.85673
989 3.56974
990 5.44045
991 5.61381
992 4.66933
993 3.91833
994 4.9734
995 3.71299
996 3.75364
997 3.95565
998 4.1863
999 3.29876
1000 4.10434
1001 3.8122
1002 4.22075
1003 3.83244
1004 8.36368
1005 6.23658
1006 4.97372
1007 4.86381
1008 6.0976
1009 5.29371
1010 5.76938
1011 5.69192
1012 7.53432
1013 3.23559
1014 6.96723
1015 5.54235
1016 5.78549
1017 6.94969
1018 4.53255
1019 5.75308
1020 3.63456
1021 4.98115
1022 4.25973
1023 8.58339
1024 4.08233
1025 5.87042
1026 3.9769
1027 6.78416
1028 4.68238
1029 4.48742
1030 6.55419
1031 4.51376
1032 4.02615
1033 4.05823
1034 4.27693
1035 4.21365
1036 3.95898
1037 5.55946
1038 5.84207
1039 5.83916
1040 3.76307
1041 6.0637
1042 5.5366
1043 5.16948
1044 6.42685
1045 4.1331
1046 6.05259
1047 3.82244
1048 5.74668
1049 4.2319
1050 4.4484
1051 6.53612
1052 5.05192
1053 6.09532
1054 4.06773
1055 6.20278
1056 3.77721
1057 4.23365
1058 4.65713
1059 3.58787
1060 5.28201
1061 5.32514
1062 6.09173
1063 3.25438
1064 3.84809
1065 4.70411
1066 4.30372
1067 5.09355
1068 4.76727
1069 6.87165
1070 5.76704
1071 3.85581
1072 4.04369
1073 7.40888
1074 7.1709
1075 6.96359
1076 3.52707
1077 4.32736
1078 4.07415
1079 5.40249
1080 5.55978
1081 4.2627
1082 4.38579
1083 4.78808
1084 4.92939
1085 3.89924
1086 7.16026
1087 5.70706
1088 4.2362
1089 4.28728
1090 3.9467
1091 9.56703
1092 7.74707
1093 4.50689
1094 4.60437
1095 4.05622
1096 5.41314
1097 4.6687
1098 5.17034
1099 4.46293
1100 5.00458
1101 4.88361
1102 7.8547
1103 4.15818
1104 5.57295
1105 6.21626
1106 7.07177
1107 3.95711
1108 7.67879
1109 4.54109
1110 6.36632
1111 5.50558
1112 9.19115
1113 3.26766
1114 6.60755
1115 3.71741
1116 4.04886
1117 4.92881
1118 6.02106
1119 4.20988
1120 3.25456
1121 5.16582
1122 4.78494
1123 4.6291
1124 4.20901
1125 4.25338
1126 4.28113
1127 5.33339
1128 3.38949
1129 4.60698
1130 4.10904
1131 4.09965
1132 4.24366
1133 3.75761
1134 4.09993
1135 4.16536
1136 4.94211
1137 4.65503
1138 7.95588
1139 4.36224
1140 4.01824
1141 4.60227
1142 6.40718
1143 3.43452
1144 4.01509
1145 3.8425
1146 4.12392
1147 3.41429
1148 3.63669
1149 4.24224
1150 5.43021
1151 4.46358
1152 4.86489
1153 4.39947
1154 3.72863
1155 4.26955
1156 7.54731
1157 4.4002
1158 4.27834
1159 4.72148
1160 3.94326
1161 5.21848
1162 9.83919
1163 3.48274
1164 4.42089
1165 5.39533
1166 5.38551
1167 3.52603
1168 3.84732
1169 5.18479
1170 4.84605
1171 4.25342
1172 5.30125
1173 8.89198
1174 9.25461
1175 5.64937
1176 3.2727
1177 3.80537
1178 5.03262
1179 3.64475
1180 9.46838
1181 4.49015
1182 4.1166
1183 3.69212
1184 7.19927
1185 6.16215
1186 5.20985
1187 4.97435
1188 5.09991
1189 4.52589
1190 3.81485
1191 4.41371
1192 3.48562
1193 4.39331
1194 6.05175
1195 3.75047
1196 5.86938
1197 4.41209
1198 3.27586
1199 3.98915
1200 3.82105
1201 3.75661
1202 3.03613
1203 3.80542
1204 3.54334
1205 4.16912
1206 4.08935
1207 3.46857
1208 3.83316
1209 5.1188
1210 4.51466
1211 7.79612
1212 4.00676
1213 3.61271
1214 8.83854
1215 5.9636
1216 4.07157
1217 3.44142
1218 3.66735
1219 5.05912
1220 4.99074
1221 4.59039
1222 5.40585
1223 4.69845
1224 3.70004
1225 4.85399
1226 4.56196
1227 6.32513
1228 4.12163
1229 3.83176
1230 4.09242
1231 7.21301
1232 4.35921
1233 5.2637
1234 3.94604
1235 3.97337
1236 5.91485
1237 3.50306
1238 3.85534
1239 3.95567
1240 4.73632
1241 3.3817
1242 3.35008
1243 6.39488
1244 6.15521
1245 5.4208
1246 5.15838
1247 6.04732
1248 5.77269
1249 3.97045
1250 4.30152
1251 4.10732
1252 4.80395
1253 4.42701
1254 6.23844
1255 4.53981
1256 8.13528
1257 3.52553
1258 4.71531
1259 4.95843
1260 5.6082
1261 4.91231
1262 4.94915
1263 4.95989
1264 4.35236
1265 5.31039
1266 6.28734
1267 4.3081
1268 4.75663
1269 5.04473
1270 4.65715
1271 7.11388
1272 4.38971
1273 4.63375
1274 3.60158
1275 6.99423
1276 6.79023
1277 4.05124
1278 4.70666
1279 4.02898
1280 4.80087
1281 5.00097
1282 4.2787
1283 4.72708
1284 3.7528
1285 4.09098
1286 3.71697
1287 7.28617
1288 4.13244
1289 5.31134
1290 3.53307
1291 6.39601
1292 4.08748
1293 4.22827
1294 3.90975
1295 7.46383
1296 4.63744
1297 5.23435
1298 5.23413
1299 4.17624
1300 4.14664
1301 3.91928
1302 4.00224
1303 6.34634
1304 6.91338
1305 4.39289
1306 4.66858
1307 3.74601
1308 3.91445
1309 6.62819
1310 4.18555
1311 3.60521
1312 4.80054
1313 9.17321
1314 4.26877
1315 5.0614
1316 4.84936
1317 3.49182
1318 3.68025
1319 4.60119
1320 5.61292
1321 4.60303
1322 5.29504
1323 6.01616
1324 4.63517
1325 5.27368
1326 3.61542
1327 4.60959
1328 4.89659
1329 5.05255
1330 5.32195
1331 5.96829
1332 5.42619
1333 5.927
1334 6.1921
1335 5.08815
1336 6.22083
1337 4.07007
1338 6.58317
1339 3.76091
1340 4.74607
1341 4.15752
1342 8.58723
1343 5.73779
1344 4.69869
1345 3.24886
1346 5.32945
1347 5.38424
1348 6.26857
1349 8.21066
1350 4.218
1351 3.42204
1352 5.17545
1353 5.26536
1354 4.9059
1355 8.05999
1356 3.88287
1357 3.82907
1358 5.83056
1359 4.77283
1360 5.14499
1361 5.17311
1362 5.4495
1363 3.69871
1364 5.10633
1365 5.43967
1366 5.52711
1367 6.64637
1368 4.15687
1369 4.95747
1370 6.81703
1371 3.85548
1372 7.4211
1373 5.37778
1374 4.01257
1375 3.72159
1376 5.34061
1377 3.75782
1378 5.4829
1379 5.6325
1380 4.43357
1381 6.02931
1382 6.22926
1383 4.83099
1384 6.2014
1385 6.89125
1386 8.10322
1387 5.65053
1388 6.70555
1389 4.6238
1390 4.43783
1391 4.85489
1392 4.91412
1393 4.37768
1394 9.29024
1395 4.54532
1396 4.13639
1397 6.06517
1398 5.2975
1399 7.91201
1400 3.45195
1401 6.09845
1402 4.49559
1403 6.67975
1404 4.62606
1405 4.35765
1406 3.79741
1407 6.5376
1408 3.59486
1409 4.79573
1410 4.20666
1411 5.94868
1412 5.91715
1413 3.9513
1414 5.3763
1415 3.36633
1416 5.34428
1417 3.73721
1418 4.62826
1419 3.64065
1420 5.97391
1421 3.77581
1422 7.02146
1423 5.48825
1424 3.47727
1425 4.42865
1426 8.73499
1427 8.7551
1428 4.46656
1429 5.32164
1430 5.47819
1431 4.68842
1432 3.22069
1433 6.28292
1434 5.09486
1435 5.38755
1436 4.94031
1437 7.37601
1438 4.15607
1439 5.39741
1440 5.20669
1441 4.26816
1442 5.96519
1443 5.21624
1444 3.69521
1445 5.22706
1446 3.45458
1447 6.43204
1448 3.76641
1449 6.05244
1450 4.75037
1451 5.26913
1452 4.89178
1453 6.66037
1454 3.93551
1455 5.65691
1456 4.29487
1457 5.47954
1458 4.80176
1459 3.97459
1460 4.36836
1461 4.23428
1462 3.35004
1463 5.12541
1464 5.33167
1465 3.49269
1466 3.34815
1467 3.63714
1468 3.64583
1469 5.99289
1470 8.21529
1471 7.69711
1472 5.85828
1473 7.88407
1474 3.37118
1475 6.50501
1476 4.22672
1477 3.73264
1478 3.80972
1479 3.55262
1480 5.33165
1481 6.21506
1482 4.95182
1483 4.47252
1484 5.6883
1485 4.76909
1486 3.37036
1487 4.60474
1488 4.42549
1489 3.75123
1490 5.5524
1491 3.98924
1492 4.20854
1493 4.31585
1494 6.05637
1495 5.90343
1496 4.62356
1497 4.31682
1498 5.07192
1499 4.62673
1500 4.3113
1501 3.85373
1502 5.8781
1503 5.45741
1504 4.84974
1505 8.75038
1506 4.62673
1507 4.08278
1508 4.39572
1509 3.341
1510 3.23673
1511 4.13427
1512 3.55289
1513 6.41958
1514 5.12128
1515 5.71078
1516 4.3431
1517 4.45539
1518 3.85985
1519 5.07646
1520 6.33825
1521 6.11406
1522 3.98644
1523 4.52795
1524 3.68484
1525 4.95565
1526 3.97054
1527 4.33428
1528 5.89461
1529 3.4091
1530 4.32364
1531 5.29795
1532 4.91603
1533 4.43661
1534 4.17736
1535 4.36528
1536 4.49443
1537 5.95634
1538 7.93718
1539 6.58294
1540 5.12737
1541 4.79514
1542 4.49182
1543 5.90852
1544 4.70116
1545 4.16838
1546 4.16664
1547 5.54816
1548 4.39239
1549 4.17821
1550 3.94854
1551 3.90019
1552 3.73509
1553 3.62073
1554 4.03975
1555 5.58796
1556 4.14477
1557 3.66696
1558 5.93727
1559 3.1799
1560 7.90226
1561 3.49523
1562 6.14574
1563 4.10108
1564 6.9266
1565 6.96586
1566 5.44809
1567 4.48208
1568 4.52234
1569 6.56608
1570 4.88529
1571 7.01479
1572 6.35872
1573 4.44144
1574 4.79002
1575 3.74802
1576 5.14899
1577 5.40301
1578 4.52165
1579 4.53094
1580 5.63642
1581 6.25341
1582 3.4847
1583 3.60716
1584 4.93345
1585 4.09808
1586 8.53819
1587 8.18354
1588 6.23298
1589 4.71722
1590 5.40187
1591 4.07796
1592 4.33646
1593 4.1268
1594 5.41212
1595 3.54544
1596 3.44304
1597 4.72229
1598 3.43071
1599 5.05339
1600 4.37497
1601 4.03164
1602 3.61776
1603 6.50618
1604 5.59852
1605 4.03798
1606 4.17956
1607 4.33693
1608 5.47779
1609 6.99366
1610 3.64729
1611 4.53307
1612 4.82026
1613 6.84199
1614 8.32707
1615 7.02084
1616 7.80939
1617 3.68171
1618 3.48381
1619 3.87829
1620 3.63283
1621 3.96127
1622 4.03249
1623 3.24163
1624 6.00117
1625 5.93893
1626 5.46459
1627 4.91745
1628 3.59805
1629 4.54919
1630 4.47603
1631 4.4932
1632 5.74857
1633 5.16998
1634 5.41978
1635 3.78848
1636 5.16794
1637 4.89928
1638 3.91258
1639 4.269
1640 3.76859
1641 4.28758
1642 5.81412
1643 4.25291
1644 6.03773
1645 4.31448
1646 3.98388
1647 4.38182
1648 7.80392
1649 3.85289
1650 3.70861
1651 5.74861
1652 4.56491
1653 4.58095
1654 5.45222
1655 5.46782
1656 5.56014
1657 4.35962
1658 4.6244
1659 4.22455
1660 5.32953
1661 8.0689
1662 3.27733
1663 5.86982
1664 5.17601
1665 4.16338
1666 3.18705
1667 3.86583
1668 3.45266
1669 6.34523
1670 6.03347
1671 5.2611
1672 5.44034
1673 3.47107
1674 6.16144
1675 7.08058
1676 6.61805
1677 7.82963
1678 3.82684
1679 4.04846
1680 6.08379
1681 4.16817
1682 5.29925
1683 5.73268
1684 5.39271
1685 5.29827
1686 4.43224
1687 7.59927
1688 4.41005
1689 7.46587
1690 4.88843
1691 5.70889
1692 4.19961
1693 6.43882
1694 5.95078
1695 5.29595
1696 3.63567
1697 4.73592
1698 5.36196
1699 3.40323
1700 3.77255
1701 4.49464
1702 3.58113
1703 9.44262
1704 4.51928
1705 6.32746
1706 9.01956
1707 7.08581
1708 5.73068
1709 5.82688
1710 6.54448
1711 3.66073
1712 4.36669
1713 5.79018
1714 4.11304
1715 3.22219
1716 5.48867
1717 5.14536
1718 3.71007
1719 3.81507
1720 3.95582
1721 5.38278
1722 7.35825
1723 4.00515
1724 4.94839
1725 5.77362
1726 4.38958
1727 4.27206
1728 6.08718
1729 4.2852
1730 7.00986
1731 3.56999
1732 5.9574
1733 6.47785
1734 5.13632
1735 4.76318
1736 5.61319
1737 3.95772
1738 5.36839
1739 3.43408
1740 4.6003
1741 4.48959
1742 3.67951
1743 6.51615
1744 4.25017
1745 5.00495
1746 4.79496
1747 5.08918
1748 4.75603
1749 3.56046
1750 5.37401
1751 5.5551
1752 5.77616
1753 3.7663
1754 9.89015
1755 4.17263
1756 3.6272
1757 4.80433
1758 3.39477
1759 4.59783
1760 4.34979
1761 5.22948
1762 5.20826
1763 4.47569
1764 8.14065
1765 7.08802
1766 3.94193
1767 3.38203
1768 5.09283
1769 4.09035
1770 5.18932
1771 6.48369
1772 4.54456
1773 4.07022
1774 8.33058
1775 4.27904
1776 4.91235
1777 5.22928
1778 5.57758
1779 4.49046
1780 3.49847
1781 4.52668
1782 4.89631
1783 3.52275
1784 5.62691
1785 8.72665
1786 7.54187
1787 5.57191
1788 4.52373
1789 4.33016
1790 6.37674
1791 6.4636
1792 4.31028
1793 6.26727
1794 6.9419
1795 6.35532
1796 5.78227
1797 6.3527
1798 8.24807
1799 4.55823
1800 3.25708
1801 7.61538
1802 3.39573
1803 3.95527
1804 5.18194
1805 3.55401
1806 3.77442
1807 5.45544
1808 3.65214
1809 3.97316
1810 3.93644
1811 4.48465
1812 4.61954
1813 7.51618
1814 5.77919
1815 3.51281
1816 4.04173
1817 5.91791
1818 6.84032
1819 5.76038
1820 9.24629
1821 4.39125
1822 5.07744
1823 3.36944
1824 3.88697
1825 4.967
1826 5.13753
1827 6.22456
1828 4.59196
1829 3.12381
1830 6.04777
1831 6.13712
1832 3.82208
1833 6.12278
1834 3.81616
1835 5.83166
1836 5.55997
1837 4.28196
1838 5.80618
1839 4.73601
1840 7.37322
1841 3.53431
1842 3.57565
1843 4.33714
1844 4.50435
1845 4.87979
1846 4.2179
1847 8.77389
1848 4.81576
1849 4.52937
1850 3.42332
1851 6.42631
1852 6.12812
1853 5.34045
1854 7.1703
1855 6.19484
1856 3.02366
1857 5.0901
1858 5.86266
1859 4.57306
1860 4.12531
1861 3.92193
1862 4.28759
1863 9.3574
1864 5.23946
1865 7.32468
1866 3.91993
1867 5.02018
1868 4.1948
1869 5.41171
1870 7.82516
1871 4.71889
1872 6.47348
1873 3.73885
1874 3.76157
1875 6.94753
1876 4.92227
1877 4.31795
1878 6.90456
1879 3.36469
1880 4.46049
1881 3.34148
1882 4.6745
1883 4.46387
1884 4.65504
1885 7.01831
1886 7.46145
1887 5.58658
1888 9.66316
1889 5.08463
1890 4.67624
1891 4.17122
1892 4.64
1893 4.93991
1894 6.65282
1895 3.4986
1896 4.18038
1897 3.98689
1898 3.57308
1899 3.89042
1900 3.57799
1901 8.84772
1902 5.98367
1903 5.0943
1904 6.35829
1905 3.9944
1906 5.52503
1907 6.24236
1908 5.01042
1909 3.95816
1910 4.2296
1911 5.76397
1912 3.16921
1913 5.64037
1914 3.88293
1915 6.76437
1916 4.88625
1917 3.92269
1918 6.50474
1919 5.4927
1920 6.40749
1921 8.27105
1922 4.87621
1923 4.36256
1924 4.244
1925 4.41088
1926 3.93929
1927 3.55759
1928 5.76292
1929 4.1548
1930 4.27975
1931 8.08931
1932 3.6445
1933 7.66772
1934 6.9542
1935 4.16932
1936 3.3408
1937 5.00766
1938 5.4552
1939 3.90451
1940 7.14721
1941 3.24682
1942 3.72769
1943 4.13105
1944 8.20967
1945 7.9542
1946 5.88415
1947 5.49303
1948 7.47028
1949 4.07027
1950 4.42926
1951 7.37356
1952 7.40289
1953 3.41049
1954 7.44464
1955 3.14868
1956 5.5655
1957 5.14564
1958 3.6079
1959 7.28852
1960 7.80435
1961 5.54456
1962 3.40524
1963 9.09304
1964 4.55498
1965 6.94229
1966 8.7793
1967 5.30626
1968 5.19143
1969 5.84578
1970 3.90118
1971 5.48524
1972 4.05533
1973 9.14821
1974 3.56219
1975 3.77065
1976 5.3937
1977 4.04655
1978 4.00983
1979 4.16507
1980 4.36525
1981 5.84747
1982 4.4333
1983 9.53853
1984 3.4189
1985 4.64281
1986 6.06749
1987 5.29075
1988 4.55553
1989 4.60551
1990 8.24881
1991 4.76403
1992 4.12843
1993 3.68037
1994 3.1867
1995 4.38417
1996 6.24633
1997 7.83454
1998 4.6798
1999 4.07833
2000 5.41241
2001 4.08613
2002 8.59375
2003 3.47829
2004 4.95808
2005 3.69847
2006 6.62771
2007 7.29242
2008 3.08045
2009 5.47783
2010 6.90676
2011 7.21829
2012 7.05458
2013 7.83765
2014 4.97821
2015 5.1802
2016 4.96729
2017 4.01136
2018 3.21768
2019 3.54866
2020 4.5619
2021 4.04166
2022 3.53143
2023 5.14604
2024 5.83775
2025 8.23791
2026 3.77476
2027 5.42963
2028 5.326
2029 3.55438
2030 3.52042
2031 5.38507
2032 4.49091
2033 3.3827
2034 3.7501
2035 5.75075
2036 4.75681
2037 4.92225
2038 3.95832
2039 3.93851
2040 7.18818
2041 3.36391
2042 6.95908
2043 4.39312
2044 4.65275
2045 4.18497
2046 4.34545
2047 4.15648
2048 4.64951
2049 4.94406
2050 3.83328
2051 6.27239
2052 4.41615
2053 4.2225
2054 3.54688
2055 3.90114
2056 3.90099
2057 7.0164
2058 3.30518
2059 4.95668
2060 4.54621
2061 4.33987
2062 6.73965
2063 4.49654
2064 7.0992
2065 5.51658
2066 4.78353
2067 5.81761
2068 4.19048
2069 4.21549
2070 5.13524
2071 8.11542
2072 3.88141
2073 4.79532
2074 4.53077
2075 4.27125
2076 6.83638
2077 4.18324
2078 5.51278
2079 5.89197
2080 4.82028
2081 4.16492
2082 4.57583
2083 7.66071
2084 4.60325
2085 4.36768
2086 5.57977
2087 3.58564
2088 7.93549
2089 3.81559
2090 8.18742
2091 8.84117
2092 4.33458
2093 5.19619
2094 3.90553
2095 5.27316
2096 4.12968
2097 9.66859
2098 5.38599
2099 4.55599
2100 4.56579
2101 4.4482
2102 4.27913
2103 3.3003
2104 3.79997
2105 4.14188
2106 9.37645
2107 4.19743
2108 5.05436
2109 7.11709
2110 4.84141
2111 4.45557
2112 4.46557
2113 4.74749
2114 6.15147
2115 3.78714
2116 7.74945
2117 4.68528
2118 4.19278
2119 3.95654
2120 3.75233
2121 4.8419
2122 3.80622
2123 6.19473
2124 3.61084
2125 4.449
2126 4.40269
2127 7.03131
2128 6.01096
2129 3.69973
2130 3.8538
2131 4.53262
2132 4.02504
2133 4.01505
2134 4.47245
2135 4.47968
2136 3.99471
2137 3.45822
2138 4.98436
2139 8.10811
2140 6.69453
2141 3.9911
2142 5.11317
2143 5.72976
2144 5.55868
2145 5.09075
2146 3.7775
2147 3.71891
2148 3.26328
2149 4.15067
2150 3.57063
2151 4.00518
2152 5.20242
2153 4.9716
2154 3.16557
2155 4.86998
2156 5.28679
2157 4.7504
2158 3.55083
2159 3.35561
2160 5.34094
2161 4.0835
2162 3.12101
2163 5.40285
2164 5.65698
2165 5.27992
2166 9.96397
2167 5.28102
2168 3.79317
2169 3.2216
2170 4.57191
2171 3.95386
2172 4.2143
2173 4.91145
2174 5.12424
2175 4.26195
2176 4.36566
2177 3.67518
2178 5.79883
2179 4.67639
2180 6.20099
2181 4.81347
2182 3.19541
2183 4.44932
2184 6.15259
2185 4.66178
2186 4.76838
2187 4.35235
2188 3.03033
2189 4.81448
2190 6.65819
2191 5.10436
2192 7.53336
2193 3.58003
2194 3.93991
2195 4.71863
2196 9.11207
2197 5.02123
2198 3.87964
2199 5.15443
2200 4.22651
2201 6.51553
2202 5.1387
2203 6.20741
2204 6.55131
2205 4.09583
2206 3.23918
2207 4.69864
2208 6.66926
2209 4.85854
2210 4.79935
2211 3.89324
2212 4.8542
2213 8.63291
2214 3.9077
2215 3.44084
2216 4.42315
2217 7.65547
2218 5.75277
2219 8.23984
2220 4.8272
2221 4.90832
2222 4.74872
2223 4.6792
2224 7.71868
2225 3.76377
2226 4.93061
2227 7.17244
2228 3.85975
2229 3.69598
2230 4.19067
2231 7.21247
2232 3.6184
2233 4.12995
2234 5.13553
2235 4.48579
2236 3.75891
2237 5.72737
2238 4.66366
2239 3.80061
2240 6.62392
2241 3.50659
2242 3.78122
2243 5.00744
2244 5.01509
2245 5.1077
2246 3.62019
2247 5.07571
2248 3.38264
2249 3.98326
2250 5.84818
2251 5.69073
2252 5.90597
2253 4.75841
2254 4.24202
2255 4.84002
2256 4.69692
2257 4.12224
2258 4.36943
2259 5.03947
2260 3.81226
2261 5.47726
2262 7.35791
2263 4.16499
2264 3.65739
2265 4.97344
2266 3.50915
2267 4.1224
2268 4.48903
2269 4.85654
2270 4.00588
2271 5.19086
2272 5.39588
2273 5.5637
2274 4.54697
2275 7.88417
2276 4.20774
2277 6.3967
2278 4.70823
2279 7.62707
2280 5.24449
2281 3.43331
2282 4.33101
2283 7.19056
2284 4.16524
2285 3.76302
2286 3.86071
2287 4.19475
2288 4.86057
2289 6.92621
2290 6.12101
2291 4.6689
2292 7.61797
2293 3.79894
2294 6.83207
2295 5.77289
2296 6.58833
2297 7.49545
2298 6.83522
2299 3.63104
2300 6.14802
2301 3.77535
2302 4.28733
2303 5.20889
2304 3.91868
2305 6.13496
2306 4.02273
2307 5.1452
2308 3.87975
2309 5.384
2310 5.60644
2311 4.47786
2312 4.07658
2313 7.85454
2314 4.46071
2315 6.67618
2316 3.81645
2317 5.45959
2318 6.27646
2319 5.96793
2320 4.78419
2321 4.75895
2322 4.50731
2323 9.43705
2324 5.26813
2325 3.70269
2326 4.1351
2327 4.42033
2328 5.4593
2329 4.28523
2330 4.16257
2331 3.48724
2332 7.09062
2333 3.44192
2334 3.52587
2335 3.40364
2336 7.57914
2337 6.0599
2338 4.32426
2339 6.67383
2340 4.16426
2341 3.56064
2342 5.74851
2343 3.83119
2344 7.94995
2345 3.93401
2346 7.08646
2347 8.6382
2348 6.25841
2349 4.41534
2350 7.21059
2351 5.48198
2352 6.49049
2353 3.96374
2354 5.17212
2355 8.56734
2356 5.08537
2357 8.90727
2358 4.57103
2359 3.29771
2360 8.6419
2361 5.04902
2362 4.27172
2363 6.50315
2364 4.48031
2365 4.4924
2366 6.18597
2367 7.72297
2368 5.57385
2369 7.22289
2370 6.64439
2371 6.31765
2372 7.1017
2373 5.05636
2374 6.68666
2375 4.66221
2376 4.83978
2377 4.70951
2378 6.68591
2379 4.56743
2380 4.35112
2381 4.01039
2382 4.40824
2383 4.00044
2384 6.36217
2385 4.99512
2386 5.36045
2387 4.39777
2388 3.30721
2389 6.24581
2390 9.89419
2391 4.06652
2392 4.3107
2393 4.52707
2394 5.59869
2395 4.00262
2396 3.79952
2397 3.83526
2398 4.8739
2399 8.19093
2400 4.42853
2401 4.61376
2402 3.86244
2403 6.15818
2404 6.91939
2405 3.84277
2406 3.16753
2407 4.59359
2408 4.93849
2409 5.40739
2410 6.05847
2411 4.63583
2412 3.71448
2413 5.94286
2414 4.20371
2415 5.20507
2416 7.43812
2417 9.6433
2418 4.07997
2419 6.63812
2420 4.23158
2421 3.51903
2422 4.88785
2423 3.47
2424 4.99318
2425 8.4046
2426 5.13428
2427 6.33768
2428 4.69942
2429 6.01242
2430 3.37616
2431 5.86156
2432 8.12092
2433 6.99271
2434 4.9837
2435 6.82873
2436 4.21284
2437 5.28228
2438 3.40755
2439 6.36012
2440 3.27738
2441 6.7314
2442 5.32306
2443 5.42567
2444 6.57111
2445 4.61923
2446 5.86935
2447 5.73251
2448 3.82586
2449 3.79721
2450 7.11067
2451 3.73874
2452 5.62767
2453 4.23673
2454 5.41251
2455 3.29948
2456 4.27659
2457 5.94524
2458 8.5021
2459 5.26837
2460 4.78672
2461 3.77415
2462 3.69444
2463 6.63336
2464 4.37734
2465 5.71015
2466 4.00044
2467 3.94263
2468 4.96697
2469 5.33923
2470 4.91636
2471 5.30403
2472 6.31505
2473 4.19683
2474 3.97239
2475 4.60604
2476 5.09693
2477 5.20827
2478 5.45491
2479 7.17201
2480 7.48744
2481 4.79569
2482 5.32375
2483 7.53308
2484 6.75881
2485 3.88288
2486 5.79607
2487 5.26212
2488 5.96409
2489 3.98777
2490 4.66433
2491 3.91504
2492 6.53422
2493 4.22039
2494 5.86147
2495 6.53623
2496 4.66653
2497 6.55958
2498 5.22544
2499 5.74678
2500 4.39581
2501 5.56809
2502 4.31086
2503 3.52972
2504 6.23221
2505 4.32964
2506 3.31625
2507 5.75367
2508 5.18037
2509 3.90617
2510 3.71496
2511 3.60796
2512 3.53285
2513 8.50085
2514 4.53344
2515 3.78062
2516 3.82301
2517 3.15767
2518 4.92189
2519 6.02212
2520 4.70514
2521 7.51177
2522 6.7022
2523 3.50202
2524 4.58545
2525 4.35246
2526 4.58226
2527 3.5063
2528 6.11752
2529 3.97277
2530 3.83101
2531 3.63586
2532 5.51889
2533 5.84369
2534 6.05128
2535 4.76298
2536 4.81435
2537 7.91551
2538 7.87276
2539 6.18392
2540 5.46689
2541 4.53323
2542 6.04907
2543 5.3918
2544 4.93198
2545 3.43479
2546 5.36604
2547 5.90294
2548 8.9751
2549 4.58268
2550 3.99758
2551 4.93155
2552 4.14653
2553 6.12319
2554 3.84992
2555 3.38882
2556 9.09178
2557 9.52034
2558 5.17339
2559 3.42709
2560 5.02851
2561 6.13913
2562 4.80428
2563 3.84989
2564 8.60201
2565 6.05697
2566 4.64355
2567 3.55016
2568 4.21807
2569 3.99713
2570 3.74054
2571 4.95895
2572 5.43046
2573 4.79609
2574 4.80784
2575 5.56066
2576 4.91913
2577 8.23411
2578 6.32528
2579 3.91995
2580 9.81356
2581 5.68882
2582 4.09107
2583 5.30013
2584 6.67435
2585 3.70739
2586 5.34886
2587 5.22877
2588 8.82412
2589 3.54352
2590 6.83054
2591 3.38354
2592 6.30953
2593 6.0317
2594 3.27166
2595 4.1967
2596 3.79022
2597 3.78304
2598 7.49809
2599 7.00871
2600 6.29895
2601 7.15582
2602 5.76125
2603 4.49937
2604 4.33256
2605 4.63167
2606 6.37146
2607 5.52501
2608 4.91594
2609 5.03876
2610 5.2799
2611 5.10117
2612 4.60832
2613 4.01205
2614 3.65853
2615 6.39173
2616 6.99979
2617 7.23092
2618 3.68489
2619 4.03428
2620 7.2504
2621 5.85526
2622 3.93416
2623 6.37323
2624 3.88486
2625 4.51485
2626 3.53408
2627 6.14308
2628 3.61539
2629 5.70126
2630 4.92863
2631 5.84338
2632 6.08895
2633 7.27418
2634 3.50526
2635 4.84652
2636 3.84602
2637 4.46592
2638 4.40976
2639 3.86775
2640 5.03666
2641 4.70023
2642 5.97673
2643 4.09244
2644 3.42726
2645 6.77881
2646 4.37194
2647 5.5297
2648 4.98443
2649 3.5711
2650 5.29649
2651 3.85978
2652 4.78181
2653 4.1998
2654 4.20655
2655 7.62982
2656 3.7718
2657 3.69773
2658 4.52776
2659 3.95336
2660 4.18493
2661 5.95065
2662 5.41072
2663 5.23069
2664 5.85788
2665 4.88479
2666 3.96183
2667 4.66732
2668 4.88306
2669 5.39471
2670 3.96868
2671 4.17297
2672 3.5738
2673 6.27921
2674 3.18504
2675 5.17031
2676 4.08457
2677 5.43461
2678 4.82924
2679 3.87868
2680 7.41007
2681 6.9932
2682 4.62012
2683 3.43834
2684 8.85287
2685 5.28186
2686 5.08509
2687 3.12039
2688 5.15537
2689 6.6127
2690 5.13537
2691 5.0672
2692 4.65801
2693 5.166
2694 4.18195
2695 3.7001
2696 6.89606
2697 6.14439
2698 3.34597
2699 7.42317
2700 4.82788
2701 5.6884
2702 3.62718
2703 7.67012
2704 4.53822
2705 4.79724
2706 8.81299
2707 5.75743
2708 4.06946
2709 4.50868
2710 3.73553
2711 4.6644
2712 6.05751
2713 4.8663
2714 4.66257
2715 4.16962
2716 3.47968
2717 4.1716
2718 7.05977
2719 3.76317
2720 6.60353
2721 4.58966
2722 4.39009
2723 7.64653
2724 6.73428
2725 6.22199
2726 3.3593
2727 3.41024
2728 4.79453
2729 7.56889
2730 4.10713
2731 6.34411
2732 6.10484
2733 3.59168
2734 3.34849
2735 4.50315
2736 3.5993
2737 6.87478
2738 5.33918
2739 4.89465
2740 5.87917
2741 4.26524
2742 4.99195
2743 6.97682
2744 5.7845
2745 7.74723
2746 5.99085
2747 4.69941
2748 4.16219
2749 3.7109
2750 4.46788
2751 3.24821
2752 6.61712
2753 4.0468
2754 3.88826
2755 8.32923
2756 5.82903
2757 4.47467
2758 4.8201
2759 6.16552
2760 6.09009
2761 4.17792
2762 5.11458
2763 3.52366
2764 4.8357
2765 4.67674
2766 4.18088
2767 3.86292
2768 5.79479
2769 5.09854
2770 4.69537
2771 3.80777
2772 3.53839
2773 7.12568
2774 5.12087
2775 6.47644
2776 3.67104
2777 7.86927
2778 6.05923
2779 3.74283
2780 6.01791
2781 4.56722
2782 4.94035
2783 5.40588
2784 3.91048
2785 3.97693
2786 5.24017
2787 5.39626
2788 4.71242
2789 3.83947
2790 3.75849
2791 8.25372
2792 4.2424
2793 4.78545
2794 5.33033
2795 7.75378
2796 4.57117
2797 5.57444
2798 3.77693
2799 4.41587
2800 6.48756
2801 4.71529
2802 3.95158
2803 4.91159
2804 4.47646
2805 3.24835
2806 6.78735
2807 7.72705
2808 6.40977
2809 4.3312
2810 6.67877
2811 4.12625
2812 3.92784
2813 5.99176
2814 5.76967
2815 5.30189
2816 4.0018
2817 6.95398
2818 3.27826
2819 4.54523
2820 5.92461
2821 4.58638
2822 5.09731
2823 7.06861
2824 4.49849
2825 6.71296
2826 7.6991
2827 5.66528
2828 7.83835
2829 5.87313
2830 4.69985
2831 4.87611
2832 5.94017
2833 6.6191
2834 3.38419
2835 4.28202
2836 5.30185
2837 5.29402
2838 6.60706
2839 5.38362
2840 6.18732
2841 7.15037
2842 4.70391
2843 6.57624
2844 4.07338
2845 4.9916
2846 4.3429
2847 5.50767
2848 6.66823
2849 3.65002
2850 5.65056
2851 5.87051
2852 6.87639
2853 7.8181
2854 5.105
2855 6.66318
2856 6.11545
2857 3.97658
2858 7.03567
2859 7.0626
2860 4.98287
2861 5.68304
2862 7.32055
2863 5.86665
2864 4.5433
2865 4.75809
2866 3.86795
2867 5.09017
2868 7.41478
2869 3.84315
2870 4.82837
2871 6.91609
2872 5.25545
2873 4.80479
2874 6.68278
2875 4.8764
2876 4.31422
2877 6.52787
2878 4.71913
2879 4.08177
2880 3.62626
2881 3.58249
2882 3.70266
2883 7.47799
2884 5.4823
2885 5.84884
2886 7.93231
2887 5.01566
2888 5.97953
2889 4.68714
2890 3.34456
2891 4.85309
2892 3.71941
2893 6.53987
2894 5.49444
2895 6.04317
2896 7.70707
2897 8.8268
2898 3.22215
2899 5.99755
2900 4.46768
2901 4.31985
2902 4.85384
2903 5.21315
2904 5.14197
2905 4.54999
2906 3.42891
2907 5.29732
2908 3.96991
2909 3.80505
2910 3.221
2911 4.97779
2912 3.6886
2913 4.35709
2914 4.1268
2915 3.91976
2916 4.44178
2917 4.06473
2918 3.69682
2919 6.6768
2920 3.78829
2921 4.70877
2922 3.77598
2923 3.4658
2924 6.13319
2925 6.84399
2926 6.66534
2927 5.2364
2928 4.06942
2929 6.00353
2930 5.74997
2931 4.61869
2932 5.11784
2933 4.22805
2934 5.41604
2935 4.4684
2936 6.66643
2937 6.78663
2938 7.87636
2939 4.4913
2940 9.80968
2941 6.90109
2942 9.19227
2943 3.27196
2944 5.04782
2945 3.84305
2946 4.38055
2947 3.76262
2948 8.00803
2949 3.91627
2950 4.37122
2951 5.10331
2952 3.25872
2953 5.20373
2954 4.85968
2955 5.48301
2956 8.03297
2957 3.27297
2958 4.43973
2959 3.78456
2960 8.11231
2961 4.62515
2962 4.13405
2963 3.77525
2964 3.59607
2965 6.46751
2966 7.16112
2967 5.58294
2968 4.55362
2969 4.21565
2970 6.41116
2971 4.28038
2972 5.98442
2973 7.19128
2974 3.59865
2975 3.77333
2976 4.13324
2977 3.85167
2978 3.16946
2979 3.50724
2980 3.25411
2981 3.74523
2982 3.35971
2983 3.09
2984 6.02897
2985 5.77375
2986 5.18804
2987 4.35452
2988 5.08812
2989 4.32303
2990 3.4661
2991 5.31674
2992 3.95755
2993 5.77805
2994 5.94964
2995 7.59792
2996 4.11161
2997 4.43325
2998 6.35713
2999 9.03463
3000 3.91224
3001 4.57878
3002 6.48658
3003 6.18766
3004 6.83971
3005 3.93715
3006 5.39443
3007 3.22659
3008 5.26118
3009 4.13728
3010 7.63027
3011 7.48083
3012 7.44326
3013 5.35908
3014 6.05065
3015 4.325
3016 5.31317
3017 4.59195
3018 6.13692
3019 5.88086
3020 4.0674
3021 5.24464
3022 4.5798
3023 6.67629
3024 3.80036
3025 5.50936
3026 4.09207
3027 3.95017
3028 6.40402
3029 9.25206
3030 4.52217
3031 3.46376
3032 4.31627
3033 5.86154
3034 3.26007
3035 8.26421
3036 3.52061
3037 4.38545
3038 6.21017
3039 3.52293
3040 4.65738
3041 6.96004
3042 3.72436
3043 5.51451
3044 5.06846
3045 5.85426
3046 3.93261
3047 5.40348
3048 3.38449
3049 4.09476
3050 4.22635
3051 3.63714
3052 4.81025
3053 3.48425
3054 5.20214
3055 4.05717
3056 5.41807
3057 4.10965
3058 4.13631
3059 3.86648
3060 6.40609
3061 7.88912
3062 6.21613
3063 4.93921
3064 6.617
3065 3.9251
3066 5.4388
3067 5.02217
3068 4.2743
3069 3.81824
3070 3.85431
3071 3.6915
3072 4.46906
3073 6.97096
3074 4.53989
3075 4.33682
3076 4.79285
3077 4.90073
3078 6.21689
3079 3.91845
3080 4.72828
3081 7.2603
3082 5.8458
3083 4.57606
3084 3.88841
3085 6.10403
3086 8.0885
3087 4.66379
3088 6.38038
3089 4.58345
3090 5.96478
3091 6.12485
3092 3.92176
3093 8.28266
3094 4.88378
3095 6.88155
3096 6.79319
3097 5.55899
3098 4.89823
3099 5.38744
3100 3.60336
3101 7.67647
3102 3.84286
3103 6.39209
3104 6.96038
3105 6.33797
3106 4.23491
3107 5.23035
3108 4.13607
3109 5.30637
3110 3.65516
3111 4.25138
3112 5.77792
3113 9.64966
3114 3.94749
3115 7.49399
3116 7.22137
3117 3.594
3118 4.51481
3119 5.70044
3120 8.33216
3121 7.26174
3122 6.8454
3123 5.06722
3124 7.27051
3125 6.80543
3126 4.81509
3127 7.43774
3128 5.47641
3129 5.56208
3130 4.11294
3131 5.48814
3132 4.41326
3133 5.17402
3134 5.56697
3135 3.56579
3136 3.26685
3137 3.91614
3138 6.43097
3139 6.45518
3140 4.20191
3141 5.78928
3142 8.18453
3143 3.23366
3144 6.47523
3145 5.28574
3146 3.58322
3147 4.60703
3148 8.70685
3149 3.86136
3150 8.43356
3151 7.91918
3152 3.68242
3153 7.63686
3154 4.52463
3155 5.57585
3156 6.90316
3157 5.5348
3158 4.2945
3159 6.45727
3160 4.62705
3161 4.84307
3162 4.07455
3163 4.41558
3164 3.73473
3165 7.07068
3166 4.00627
3167 4.26979
3168 4.90884
3169 3.45343
3170 5.97529
3171 3.58146
3172 5.93307
3173 5.14587
3174 4.21731
3175 4.56706
3176 7.22466
3177 5.34892
3178 5.50647
3179 4.9459
3180 3.13145
3181 3.27629
3182 3.74758
3183 3.39506
3184 3.93515
3185 4.73351
3186 5.5324
3187 3.976
3188 3.76495
3189 4.74153
3190 7.14637
3191 4.59765
3192 3.80941
3193 3.53245
3194 3.72862
3195 5.93522
3196 3.69797
3197 4.23007
3198 5.95476
3199 4.56137
3200 6.28468
3201 4.25376
3202 8.37361
3203 3.25674
3204 5.57591
3205 4.99538
3206 4.7517
3207 3.39449
3208 5.81899
3209 4.35395
3210 4.98822
3211 5.39401
3212 5.73542
3213 3.84044
3214 9.16639
3215 6.51429
3216 6.76187
3217 6.10957
3218 3.6757
3219 8.1651
3220 7.95513
3221 4.49224
3222 5.09861
3223 4.53374
3224 6.74298
3225 3.50672
3226 4.99133
3227 4.41329
3228 5.90383
3229 8.07621
3230 4.26262
3231 5.33039
3232 6.2107
3233 5.42428
3234 3.5372
3235 5.40179
3236 4.94316
3237 4.46975
3238 3.50135
3239 7.11064
3240 5.33194
3241 3.85695
3242 7.94757
3243 5.8827
3244 4.95346
3245 6.70464
3246 7.19765
3247 4.95824
3248 5.14334
3249 6.11154
3250 5.18216
3251 4.14692
3252 4.21024
3253 8.88729
3254 3.7863
3255 5.5866
3256 4.58956
3257 8.9298
3258 7.00919
3259 6.94944
3260 8.01923
3261 4.96335
3262 5.99995
3263 7.57406
3264 6.8867
3265 5.40631
3266 4.55593
3267 4.86026
3268 5.45637
3269 3.35969
3270 4.65743
3271 3.84837
3272 5.41838
3273 6.07627
3274 3.60434
3275 5.82938
3276 3.73348
3277 6.01934
3278 5.01328
3279 6.50183
3280 6.35835
3281 4.04521
3282 3.46488
3283 7.25899
3284 4.67254
3285 7.90072
3286 8.72398
3287 3.21358
3288 3.91182
3289 4.25302
3290 3.81848
3291 6.01865
3292 4.07489
3293 5.25366
3294 5.51243
3295 6.67351
3296 4.63057
3297 3.69997
3298 4.03059
3299 4.11947
3300 4.58704
3301 3.80838
3302 4.21367
3303 9.84947
3304 3.56122
3305 3.83192
3306 4.53209
3307 3.99656
3308 3.06642
3309 6.10094
3310 4.21623
3311 6.51203
3312 4.57017
3313 3.91025
3314 5.34116
3315 6.64063
3316 6.90346
3317 8.0632
3318 5.08524
3319 9.83995
3320 4.73344
3321 6.63068
3322 3.60419
3323 5.09368
3324 6.21951
3325 5.60266
3326 6.1072
3327 8.4538
3328 7.9466
3329 4.26491
3330 6.59873
3331 4.14302
3332 4.94368
3333 3.80168
3334 6.61589
3335 5.26535
3336 4.30665
3337 7.95411
3338 8.50366
3339 5.92547
3340 4.46494
3341 6.92807
3342 5.65135
3343 5.44651
3344 5.90498
3345 4.78593
3346 5.98904
3347 8.7922
3348 5.07586
3349 6.39535
3350 5.83772
3351 5.35567
3352 4.80971
3353 5.37035
3354 3.34334
3355 6.13972
3356 4.84545
3357 4.9417
3358 3.66155
3359 4.004
3360 8.42592
3361 4.21776
3362 4.9001
3363 5.02463
3364 6.41865
3365 5.08326
3366 5.59702
3367 5.88499
3368 5.78028
3369 4.40913
3370 4.86858
3371 4.20048
3372 3.5466
3373 4.82728
3374 4.25235
3375 6.24472
3376 5.89626
3377 5.30892
3378 5.94407
3379 5.78237
3380 5.54683
3381 7.35705
3382 4.81112
3383 6.64135
3384 4.6151
3385 7.51225
3386 3.64688
3387 8.56862
3388 6.50138
3389 3.52766
3390 5.90931
3391 5.49983
3392 5.39975
3393 5.19157
3394 4.64023
3395 4.07598
3396 6.39486
3397 6.55981
3398 3.30709
3399 5.64869
3400 4.11461
3401 4.91824
3402 5.37088
3403 6.1676
3404 4.11266
3405 6.4952
3406 4.20218
3407 3.52774
3408 6.89262
3409 4.75589
3410 4.71955
3411 4.60791
3412 3.53314
3413 3.77059
3414 3.98521
3415 4.02898
3416 3.7135
3417 5.90443
3418 5.31983
3419 4.0782
3420 7.97496
3421 5.37357
3422 4.01778
3423 4.85949
3424 5.27636
3425 4.03528
3426 5.33192
3427 5.57238
3428 3.96029
3429 4.03381
3430 8.21711
3431 4.70822
3432 4.32993
3433 4.22975
3434 6.67522
3435 4.17714
3436 7.671
3437 6.9183
3438 6.85018
3439 5.91398
3440 5.3962
3441 5.84766
3442 5.58533
3443 6.54962
3444 6.19875
3445 5.10353
3446 4.14769
3447 3.84385
3448 3.97784
3449 4.97444
3450 4.24305
3451 3.70141
3452 5.23415
3453 6.06712
3454 4.63823
3455 4.45021
3456 7.93787
3457 5.05735
3458 8.1981
3459 4.06644
3460 5.2295
3461 6.00629
3462 6.5231
3463 8.00635
3464 4.27338
3465 6.48164
3466 3.88512
3467 5.52947
3468 5.48039
3469 3.63939
3470 5.03284
3471 3.37353
3472 4.8142
3473 3.70443
3474 3.83815
3475 6.83608
3476 6.87503
3477 4.38464
3478 3.59815
3479 5.3114
3480 5.48342
3481 3.98511
3482 5.86907
3483 5.61332
3484 5.59591
3485 4.23982
3486 7.39153
3487 6.15605
3488 3.62517
3489 4.19713
3490 4.80071
3491 5.34888
3492 6.62538
3493 4.93555
3494 4.29532
3495 4.99473
3496 5.11967
3497 4.61348
3498 4.81331
3499 8.35817
3500 3.66338
3501 6.60764
3502 6.22953
3503 5.68748
3504 3.0957
3505 4.65098
3506 5.9328
3507 7.87877
3508 6.00551
3509 9.29795
3510 5.34391
3511 4.18211
3512 4.46811
3513 5.71411
3514 4.9999
3515 6.28314
3516 4.95862
3517 4.48755
3518 3.36192
3519 3.64524
3520 5.61226
3521 4.16564
3522 8.10324
3523 5.54593
3524 3.37496
3525 5.9169
3526 4.30917
3527 4.94619
3528 6.89385
3529 3.86154
3530 3.66918
3531 4.62422
3532 3.95087
3533 6.76181
3534 5.1269
3535 5.61854
3536 6.13095
3537 4.94887
3538 4.17796
3539 4.49657
3540 4.38314
3541 3.32584
3542 5.38492
3543 3.22263
3544 3.62484
3545 3.66442
3546 4.67272
3547 3.99417
3548 8.00394
3549 5.85914
3550 6.9266
3551 6.03077
3552 7.16793
3553 3.46096
3554 6.64195
3555 4.20469
3556 5.09154
3557 3.96233
3558 7.3098
3559 3.29852
3560 4.84847
3561 8.80228
3562 4.4013
3563 4.74243
3564 4.72319
3565 5.65141
3566 4.29798
3567 5.8281
3568 4.74169
3569 7.81671
3570 6.2345
3571 6.60032
3572 5.04596
3573 4.99921
3574 6.29207
3575 4.20469
3576 3.86111
3577 5.79951
3578 4.19038
3579 3.27591
3580 4.22609
3581 3.32264
3582 4.29952
3583 3.88901
3584 4.41558
3585 9.64081
3586 8.10541
3587 6.99597
3588 4.43304
3589 3.81438
3590 4.26949
3591 4.02399
3592 3.53272
3593 4.34984
3594 4.57373
3595 4.48522
3596 4.99042
3597 3.97324
3598 6.29209
3599 3.31124
3600 3.42105
3601 3.51659
3602 5.14853
3603 5.57557
3604 6.16957
3605 4.78145
3606 4.63169
3607 3.49781
3608 6.84255
3609 6.02687
3610 7.33951
3611 4.08361
3612 4.37881
3613 4.42052
3614 8.5406
3615 4.04363
3616 6.8189
3617 4.54975
3618 7.53534
3619 5.28451
3620 5.99762
3621 4.43391
3622 4.73873
3623 5.75938
3624 4.83951
3625 3.43288
3626 3.90576
3627 6.88625
3628 4.31763
3629 3.97304
3630 5.16233
3631 3.99668
3632 7.56981
3633 6.70421
3634 8.01846
3635 6.76331
3636 6.14834
3637 4.21885
3638 4.5355
3639 8.45653
3640 5.72924
3641 3.66709
3642 6.04685
3643 6.79712
3644 5.89841
3645 6.14047
3646 6.21368
3647 4.81587
3648 3.34095
3649 4.23883
3650 4.49349
3651 4.95173
3652 6.00252
3653 6.3608
3654 8.03845
3655 4.17648
3656 3.54101
3657 5.28224
3658 3.17394
3659 6.35725
3660 3.38516
3661 3.71047
3662 5.57103
3663 3.88463
3664 3.3612
3665 6.05003
3666 7.86783
3667 4.52881
3668 4.15397
3669 8.8539
3670 8.44319
3671 3.69662
3672 3.75632
3673 4.55508
3674 4.97429
3675 4.52893
3676 4.80997
3677 5.28345
3678 3.40925
3679 5.34
3680 6.07402
3681 3.58726
3682 5.60105
3683 4.25919
3684 8.31388
3685 4.71451
3686 4.82525
3687 3.74309
3688 3.56205
3689 3.9657
3690 4.63885
3691 4.37605
3692 3.58881
3693 3.92254
3694 5.08305
3695 5.25498
3696 4.7468
3697 6.0799
3698 3.89533
3699 6.46888
3700 4.19436
3701 7.00625
3702 4.17602
3703 5.62951
3704 6.4613
3705 4.71059
3706 5.61492
3707 3.94412
3708 4.26198
3709 3.99588
3710 3.78138
3711 5.5407
3712 7.8696
3713 8.37365
3714 8.52769
3715 6.61147
3716 4.11888
3717 5.90551
3718 5.93479
3719 7.56764
3720 3.73634
3721 7.20576
3722 4.65924
3723 4.79923
3724 7.65011
3725 6.73744
3726 4.49078
3727 4.97039
3728 5.13077
3729 5.82996
3730 3.8412
3731 3.65635
3732 5.82377
3733 5.84609
3734 4.85996
3735 3.70023
3736 5.49626
3737 4.35786
3738 7.04307
3739 5.23573
3740 5.40142
3741 6.83194
3742 7.60467
3743 4.76711
3744 3.9191
3745 4.59853
3746 9.16098
3747 4.36543
3748 9.3293
3749 4.55461
3750 4.60478
3751 5.10758
3752 5.23314
3753 6.37272
3754 5.88895
3755 3.57123
3756 3.70433
3757 5.21902
3758 3.12394
3759 5.75478
3760 3.82422
3761 6.59931
3762 3.8189
3763 4.84382
3764 5.61211
3765 3.95322
3766 3.84112
3767 4.28746
3768 4.37131
3769 9.61538
3770 3.86361
3771 4.60939
3772 5.7291
3773 5.03831
3774 3.38585
3775 6.08481
3776 5.49402
3777 3.54463
3778 7.84246
3779 4.18203
3780 9.38005
3781 4.12414
3782 5.39343
3783 5.10301
3784 4.27255
3785 4.86051
3786 5.46888
3787 4.29725
3788 6.01052
3789 3.31828
3790 3.70056
3791 4.58942
3792 5.48545
3793 6.27682
3794 4.80424
3795 8.85742
3796 6.97311
3797 3.63824
3798 4.21524
3799 6.41952
3800 8.85419
3801 8.26544
3802 5.01199
3803 3.46896
3804 3.9892
3805 4.43287
3806 3.42233
3807 5.72081
3808 3.58714
3809 4.24996
3810 5.718
3811 3.76285
3812 3.66131
3813 7.05649
3814 4.5055
3815 4.92882
3816 4.93939
3817 5.53443
3818 3.44148
3819 3.71402
3820 7.96683
3821 4.97767
3822 6.05666
3823 5.03881
3824 5.78099
3825 7.35603
3826 4.98457
3827 9.958
3828 5.73246
3829 3.64499
3830 3.3013
3831 5.87573
3832 5.70584
3833 5.56754
3834 4.30839
3835 6.26841
3836 4.21059
3837 5.51911
3838 6.08602
3839 5.32146
3840 8.12743
3841 4.93163
3842 6.26702
3843 3.33947
3844 4.62519
3845 3.28873
3846 4.05719
3847 3.98796
3848 3.68347
3849 4.9729
3850 3.92416
3851 3.73941
3852 4.02439
3853 8.51934
3854 8.93096
3855 7.26245
3856 6.46625
3857 4.3387
3858 4.98902
3859 6.34055
3860 5.8352
3861 3.63518
3862 4.35983
3863 4.31857
3864 4.29203
3865 5.17645
3866 3.51922
3867 3.8038
3868 4.44029
3869 7.88564
3870 5.85359
3871 4.71556
3872 5.14453
3873 3.31237
3874 6.55606
3875 7.78362
3876 7.98151
3877 3.98723
3878 4.7416
3879 4.35191
3880 6.16184
3881 4.59386
3882 5.50069
3883 4.09365
3884 4.07994
3885 4.21558
3886 6.70607
3887 7.14067
3888 5.04349
3889 3.57199
3890 5.3181
3891 3.68402
3892 4.92147
3893 5.49038
3894 5.7122
3895 5.87077
3896 4.34058
3897 3.81352
3898 6.11204
3899 8.13017
3900 4.00477
3901 3.67946
3902 4.3962
3903 4.04563
3904 6.93038
3905 4.88635
3906 6.39263
3907 8.37614
3908 3.56199
3909 5.97463
3910 5.51165
3911 3.92136
3912 4.41033
3913 5.58469
3914 4.90926
3915 6.26294
3916 7.34323
3917 7.57564
3918 6.53143
3919 6.22312
3920 5.05629
3921 9.22266
3922 3.36842
3923 4.30004
3924 8.41899
3925 3.78804
3926 6.26371
3927 3.68494
3928 9.18414
3929 3.89277
3930 5.90143
3931 5.35036
3932 3.86313
3933 5.38702
3934 5.75583
3935 5.0385
3936 5.80817
3937 7.22222
3938 5.40962
3939 6.58779
3940 4.25572
3941 6.26136
3942 4.89738
3943 3.71325
3944 4.6989
3945 3.81871
3946 5.99824
3947 3.38247
3948 4.70358
3949 4.45648
3950 9.14928
3951 6.04775
3952 4.07524
3953 3.34783
3954 3.7769
3955 9.21495
3956 4.62671
3957 4.53924
3958 4.27343
3959 8.25796
3960 3.52915
3961 3.47835
3962 4.30971
3963 3.38548
3964 6.65918
3965 4.38708
3966 8.57549
3967 5.29739
3968 5.50717
3969 4.03191
3970 4.95971
3971 4.8163
3972 6.41815
3973 6.03451
3974 7.5086
3975 4.3606
3976 4.4438
3977 8.84875
3978 7.703
3979 3.39089
3980 4.15533
3981 3.71422
3982 5.62221
3983 4.44455
3984 3.70461
3985 4.67403
3986 6.62713
3987 3.27347
3988 7.26556
3989 4.54302
3990 4.16269
3991 5.57762
3992 4.39341
3993 3.79962
3994 4.268
3995 5.22449
3996 4.94572
3997 5.60802
3998 3.38248
3999 4.03107
4000 4.71902
4001 4.4826
4002 3.68176
4003 7.36333
4004 5.06739
4005 3.86438
4006 4.02314
4007 4.08008
4008 5.99612
4009 5.10451
4010 5.32408
4011 4.07027
4012 4.37335
4013 5.63019
4014 3.79109
4015 6.81839
4016 3.98168
4017 4.50572
4018 6.30834
4019 5.84195
4020 5.32424
4021 3.77544
4022 3.87013
4023 5.59324
4024 4.33458
4025 3.54673
4026 3.44056
4027 7.95659
4028 5.94329
4029 5.87956
4030 3.74752
4031 6.48538
4032 4.67809
4033 6.7678
4034 4.2188
4035 4.42635
4036 9.31927
4037 4.07505
4038 7.15411
4039 8.14228
4040 4.18784
4041 7.66275
4042 6.91514
4043 5.35992
4044 4.91181
4045 5.8867
4046 4.27714
4047 5.55359
4048 4.1424
4049 7.73361
4050 5.09404
4051 6.73562
4052 5.06774
4053 6.20964
4054 4.06274
4055 6.99038
4056 4.24074
4057 3.13327
4058 4.608
4059 9.57394
4060 4.30437
4061 6.48687
4062 3.65777
4063 4.53595
4064 6.66796
4065 4.08782
4066 5.35209
4067 5.49879
4068 4.71259
4069 3.47394
4070 4.66502
4071 6.5922
4072 5.50904
4073 5.67179
4074 3.51735
4075 3.34399
4076 6.97279
4077 3.61649
4078 6.4174
4079 4.27996
4080 7.56392
4081 5.66196
4082 3.77178
4083 3.91046
4084 6.20083
4085 3.89074
4086 6.66165
4087 4.85005
4088 5.66504
4089 5.64443
4090 4.81621
4091 3.46664
4092 4.74135
4093 4.03866
4094 6.33142
4095 5.86756
4096 4.01011
4097 3.9642
4098 4.79217
4099 5.48712
4100 3.78184
4101 8.94799
4102 4.27008
4103 4.11126
4104 5.07645
4105 4.42238
4106 4.07398
4107 4.61316
4108 6.34938
4109 4.00002
4110 4.38909
4111 4.75305
4112 4.32426
4113 7.35234
4114 6.25792
4115 5.43228
4116 5.13573
4117 6.21655
4118 6.83741
4119 5.64688
4120 3.91014
4121 3.85574
4122 4.60064
4123 4.85848
4124 5.12976
4125 4.98411
4126 5.32708
4127 5.42481
4128 6.96653
4129 3.76999
4130 4.65102
4131 4.72402
4132 5.06508
4133 4.65237
4134 4.15627
4135 6.20359
4136 9.5438
4137 5.33575
4138 3.9045
4139 5.51563
4140 5.41882
4141 4.94817
4142 3.62547
4143 3.16091
4144 4.80972
4145 4.91115
4146 4.85775
4147 4.4299
4148 5.34524
4149 4.26309
4150 5.25624
4151 5.18094
4152 5.85655
4153 5.2372
4154 3.81
4155 7.33953
4156 6.03678
4157 7.53068
4158 7.81348
4159 6.8975
4160 6.08666
4161 3.45201
4162 7.13782
4163 5.91785
4164 3.58156
4165 5.56949
4166 5.66387
4167 7.97318
4168 3.81289
4169 5.03367
4170 3.59838
4171 6.18205
4172 4.0241
4173 6.45335
4174 4.727
4175 4.13639
4176 9.97978
4177 6.29297
4178 4.4292
4179 4.80203
4180 3.82908
4181 5.80964
4182 6.10587
4183 3.46775
4184 7.02702
4185 7.09638
4186 4.54954
4187 4.18845
4188 5.6074
4189 5.99858
4190 5.60117
4191 6.22298
4192 9.18349
4193 5.75951
4194 3.56356
4195 9.86557
4196 9.03452
4197 6.48008
4198 3.67442
4199 5.11766
4200 4.26264
4201 5.90386
4202 4.2754
4203 7.56369
4204 9.54127
4205 3.20218
4206 4.13374
4207 4.82473
4208 4.14513
4209 4.41439
4210 4.04782
4211 5.97126
4212 6.07287
4213 4.78217
4214 3.99952
4215 5.569
4216 4.47788
4217 5.65883
4218 5.10373
4219 7.06221
4220 6.07294
4221 3.63957
4222 5.2521
4223 5.88087
4224 5.24293
4225 4.49195
4226 5.26951
4227 4.53402
4228 3.42963
4229 4.02064
4230 4.84458
4231 7.81608
4232 6.01414
4233 3.71277
4234 5.50109
4235 8.04853
4236 8.92392
4237 3.94864
4238 6.4384
4239 3.91903
4240 5.27071
4241 8.65747
4242 4.95592
4243 5.46332
4244 4.52263
4245 4.59979
4246 3.95305
4247 6.58272
4248 4.53603
4249 7.54635
4250 3.62993
4251 4.11947
4252 7.1935
4253 4.8541
4254 8.71289
4255 5.31619
4256 5.48089
4257 7.74825
4258 5.78432
4259 4.96366
4260 9.6865
4261 5.05323
4262 6.59659
4263 5.35198
4264 5.4338
4265 4.56885
4266 4.18323
4267 4.40058
4268 7.70667
4269 6.03567
4270 5.70736
4271 3.59503
4272 3.87683
4273 4.84676
4274 3.64484
4275 4.12929
4276 9.79365
4277 4.53955
4278 5.90341
4279 3.36955
4280 5.84548
4281 4.83842
4282 4.19597
4283 4.60391
4284 3.64062
4285 5.3534
4286 5.58666
4287 6.69698
4288 4.03364
4289 4.36155
4290 6.41693
4291 3.64129
4292 5.62104
4293 4.68497
4294 4.19073
4295 7.2416
4296 4.19473
4297 3.9656
4298 6.49766
4299 5.8797
4300 5.47043
4301 7.04423
4302 4.57387
4303 4.41733
4304 5.49335
4305 5.96167
4306 3.51575
4307 5.96619
4308 5.59887
4309 4.62971
4310 4.29898
4311 4.15787
4312 3.21952
4313 3.88746
4314 4.47134
4315 4.42355
4316 6.25474
4317 5.70472
4318 4.43931
4319 6.02689
4320 4.04292
4321 4.35337
4322 5.58906
4323 4.75489
4324 5.54426
4325 7.18305
4326 3.62443
4327 9.87206
4328 6.78749
4329 3.43612
4330 3.32628
4331 3.56294
4332 4.88006
4333 7.14704
4334 4.32524
4335 3.76579
4336 4.62289
4337 6.28855
4338 5.51988
4339 3.61689
4340 3.6125
4341 3.32432
4342 5.84908
4343 4.03784
4344 6.00213
4345 7.76501
4346 7.4128
4347 5.69335
4348 7.48092
4349 3.33292
4350 5.45443
4351 7.28751
4352 3.75536
4353 7.63724
4354 6.37506
4355 4.29601
4356 5.07134
4357 5.49775
4358 6.29587
4359 6.54926
4360 6.00599
4361 4.74987
4362 3.61896
4363 7.48208
4364 4.1516
4365 5.21391
4366 6.82299
4367 5.35182
4368 4.81284
4369 6.74341
4370 6.67
4371 4.93139
4372 4.14961
4373 5.63856
4374 4.59518
4375 5.7908
4376 3.49834
4377 3.25191
4378 6.4421
4379 7.62373
4380 5.55268
4381 4.04802
4382 5.04222
4383 3.72704
4384 9.02412
4385 5.87883
4386 5.29049
4387 3.65243
4388 5.84105
4389 3.67947
4390 3.89956
4391 4.366
4392 3.67827
4393 5.23195
4394 5.15501
4395 4.79152
4396 6.12185
4397 4.47247
4398 3.46169
4399 9.72084
4400 7.36064
4401 6.53997
4402 5.10127
4403 3.9431
4404 6.99477
4405 6.89765
4406 4.85909
4407 4.53177
4408 3.79869
4409 5.27835
4410 4.60937
4411 7.08683
4412 6.49014
4413 5.87576
4414 4.78716
4415 4.70637
4416 3.53968
4417 3.79842
4418 8.18464
4419 6.25445
4420 4.64336
4421 7.85212
4422 4.89593
4423 6.02239
4424 5.55018
4425 4.89399
4426 7.24778
4427 4.7735
4428 3.77141
4429 3.31669
4430 4.65553
4431 3.40549
4432 4.09736
4433 5.08124
4434 4.9412
4435 3.70846
4436 4.68235
4437 6.13902
4438 5.18313
4439 5.44288
4440 5.99061
4441 4.22544
4442 6.18254
4443 9.32581
4444 4.00475
4445 3.44517
4446 3.84797
4447 6.55083
4448 6.98003
4449 6.60714
4450 9.61817
4451 6.93696
4452 6.62485
4453 3.69696
4454 3.28756
4455 4.25822
4456 4.9701
4457 8.83877
4458 9.79037
4459 4.69917
4460 5.56013
4461 4.42027
4462 3.33226
4463 3.34228
4464 7.58211
4465 9.19412
4466 8.15117
4467 5.43501
4468 6.59906
4469 4.80911
4470 4.62518
4471 5.49411
4472 3.1776
4473 3.43071
4474 7.00853
4475 7.90833
4476 3.38873
4477 3.71878
4478 5.20006
4479 4.0249
4480 5.05813
4481 5.9861
4482 6.48962
4483 6.54451
4484 5.2789
4485 3.84157
4486 6.20639
4487 7.53932
4488 6.25296
4489 4.45462
4490 4.25721
4491 8.34294
4492 4.19742
4493 5.32083
4494 5.68799
4495 5.66393
4496 3.57275
4497 5.18794
4498 3.29153
4499 6.81993
4500 5.98743
4501 7.52297
4502 5.11132
4503 3.35824
4504 4.17362
4505 5.85618
4506 7.1248
4507 4.32093
4508 4.20168
4509 4.81066
4510 3.25258
4511 5.75713
4512 5.34411
4513 5.31139
4514 4.31118
4515 5.91467
4516 4.47489
4517 5.21043
4518 4.83579
4519 3.95082
4520 5.04843
4521 6.27396
4522 4.91148
4523 7.31065
4524 3.48954
4525 5.78656
4526 4.36333
4527 3.7926
4528 8.40857
4529 4.91747
4530 5.14546
4531 4.36062
4532 4.8359
4533 4.29833
4534 9.35968
4535 3.67887
4536 6.33644
4537 6.38039
4538 3.76111
4539 6.39893
4540 5.81312
4541 4.61432
4542 6.31083
4543 3.71206
4544 5.01551
4545 3.85564
4546 5.01384
4547 3.72245
4548 6.55665
4549 4.10095
4550 3.67855
4551 5.14431
4552 5.1746
4553 6.5757
4554 3.86237
4555 4.87097
4556 3.71907
4557 4.12849
4558 3.8251
4559 3.35903
4560 4.28729
4561 3.96952
4562 5.11418
4563 3.96504
4564 4.55755
4565 5.92144
4566 3.72597
4567 4.99231
4568 3.52196
4569 4.15437
4570 5.11546
4571 4.15561
4572 3.86326
4573 3.70899
4574 5.33909
4575 4.5067
4576 4.63868
4577 5.57428
4578 6.22822
4579 6.96377
4580 4.0742
4581 4.03843
4582 4.78728
4583 6.26544
4584 4.26405
4585 7.38841
4586 7.43108
4587 5.08817
4588 7.20195
4589 5.43051
4590 7.06618
4591 5.73453
4592 5.07102
4593 6.62837
4594 4.49468
4595 3.53568
4596 5.98501
4597 5.59035
4598 7.98716
4599 4.14795
4600 7.37362
4601 3.69452
4602 4.78588
4603 3.78313
4604 3.48222
4605 3.18981
4606 7.54493
4607 3.93852
4608 4.92043
4609 5.43271
4610 5.19445
4611 6.19503
4612 5.38816
4613 3.94376
4614 4.41559
4615 6.12586
4616 3.689
4617 4.2158
4618 5.71219
4619 4.77835
4620 4.27912
4621 5.38441
4622 5.33632
4623 5.34255
4624 5.20426
4625 3.71405
4626 7.62662
4627 7.00614
4628 4.07807
4629 7.43675
4630 3.61737
4631 3.41975
4632 4.41842
4633 5.48312
4634 4.6037
4635 6.89645
4636 5.73638
4637 3.7345
4638 4.4138
4639 5.40795
4640 4.03097
4641 5.407
4642 6.41732
4643 5.16301
4644 5.43267
4645 3.73834
4646 6.8843
4647 4.50255
4648 3.6814
4649 4.98162
4650 3.83338
4651 4.24795
4652 8.1783
4653 4.24249
4654 4.13153
4655 4.58724
4656 6.82727
4657 5.14452
4658 6.19072
4659 8.69371
4660 5.55641
4661 3.4368
4662 4.69135
4663 5.2741
4664 4.45356
4665 4.55306
4666 3.79443
4667 5.28243
4668 7.16024
4669 5.37006
4670 5.39239
4671 4.62665
4672 7.19691
4673 6.18072
4674 5.02074
4675 4.24674
4676 4.27403
4677 8.92579
4678 3.37779
4679 4.28734
4680 3.7049
4681 4.39194
4682 6.70117
4683 4.96459
4684 4.43166
4685 3.65886
4686 4.14418
4687 4.67455
4688 6.265
4689 3.67981
4690 5.55018
4691 3.98433
4692 4.18187
4693 6.06757
4694 3.48232
4695 8.29885
4696 4.12695
4697 4.20776
4698 5.70225
4699 5.58456
4700 5.84718
4701 5.09001
4702 4.44657
4703 7.81161
4704 4.72632
4705 8.90157
4706 6.04402
4707 4.20387
4708 5.03232
4709 4.45084
4710 3.58976
4711 3.73554
4712 6.4155
4713 5.3941
4714 3.6644
4715 3.6735
4716 5.58307
4717 7.87481
4718 4.75889
4719 8.40777
4720 6.47061
4721 5.59325
4722 3.99508
4723 4.34691
4724 6.88197
4725 3.53213
4726 5.33497
4727 4.7725
4728 7.34141
4729 7.29466
4730 7.08912
4731 6.23698
4732 5.12915
4733 4.6037
4734 4.18318
4735 8.27669
4736 4.72821
4737 5.16241
4738 8.35425
4739 7.23901
4740 4.74638
4741 5.41035
4742 6.14948
4743 4.60458
4744 5.37135
4745 6.64588
4746 3.42991
4747 8.40113
4748 3.98911
4749 4.42543
4750 3.77776
4751 4.544
4752 4.87669
4753 4.4967
4754 4.04328
4755 8.48779
4756 4.19089
4757 3.8157
4758 8.15225
4759 5.36395
4760 3.20105
4761 4.30848
4762 3.49222
4763 5.1505
4764 4.72613
4765 4.96872
4766 5.21845
4767 4.18123
4768 9.52028
4769 7.26141
4770 3.61207
4771 7.8261
4772 5.45821
4773 5.3352
4774 7.88774
4775 7.84159
4776 3.93715
4777 8.92766
4778 4.08211
4779 4.39996
4780 4.14147
4781 5.87905
4782 4.68787
4783 5.35569
4784 5.55414
4785 3.93941
4786 4.50043
4787 3.88283
4788 4.50186
4789 3.73408
4790 4.74617
4791 5.12849
4792 6.74193
4793 5.31028
4794 3.96714
4795 4.63087
4796 3.98507
4797 7.88992
4798 3.78085
4799 4.91557
4800 4.47248
4801 4.02207
4802 3.31385
4803 3.88512
4804 3.29403
4805 4.9381
4806 3.89268
4807 3.32102
4808 4.00965
4809 3.95169
4810 4.79952
4811 5.10861
4812 4.66742
4813 4.92774
4814 5.63977
4815 5.14727
4816 5.11823
4817 6.24229
4818 7.82415
4819 4.314
4820 5.19488
4821 5.42311
4822 4.6657
4823 4.583
4824 8.27269
4825 6.97433
4826 4.582
4827 3.92578
4828 5.29402
4829 9.87172
4830 7.44205
4831 5.21923
4832 9.71324
4833 6.4505
4834 4.45851
4835 5.98346
4836 5.7416
4837 4.65788
4838 6.24481
4839 3.39806
4840 9.48724
4841 3.6422
4842 7.52277
4843 4.40986
4844 3.48929
4845 3.52075
4846 5.29257
4847 5.00858
4848 8.10814
4849 8.8755
4850 3.12885
4851 3.3876
4852 3.39605
4853 4.23451
4854 5.28691
4855 4.884
4856 4.66519
4857 3.62675
4858 5.6606
4859 5.78975
4860 5.6331
4861 4.12899
4862 3.22955
4863 3.87866
4864 4.405
4865 7.15354
4866 6.9223
4867 6.17551
4868 7.53796
4869 3.99558
4870 3.93411
4871 4.4308
4872 7.62541
4873 3.79152
4874 8.33716
4875 4.96653
4876 3.7229
4877 4.16662
4878 4.31723
4879 6.08861
4880 5.22313
4881 6.63712
4882 5.87704
4883 3.86295
4884 4.75311
4885 4.35914
4886 4.37383
4887 5.81166
4888 4.91212
4889 4.65499
4890 7.82278
4891 4.68319
4892 3.88021
4893 6.32736
4894 5.17463
4895 4.9931
4896 3.99334
4897 4.35028
4898 8.87336
4899 4.4482
4900 3.42186
4901 5.81354
4902 4.83906
4903 6.46884
4904 7.9977
4905 5.38235
4906 4.09512
4907 3.65373
4908 4.25008
4909 4.20322
4910 3.39127
4911 3.82608
4912 3.62653
4913 4.16724
4914 5.66423
4915 4.27161
4916 5.10726
4917 5.62359
4918 6.56283
4919 4.963
4920 7.48968
4921 9.03836
4922 4.60942
4923 4.54927
4924 4.26141
4925 7.11171
4926 3.86965
4927 7.19731
4928 7.11262
4929 3.98241
4930 3.56418
4931 5.08693
4932 6.49631
4933 6.93231
4934 3.97783
4935 6.16601
4936 8.46824
4937 4.80087
4938 3.86607
4939 4.69559
4940 5.49378
4941 3.45027
4942 5.97626
4943 7.7487
4944 5.60051
4945 3.70959
4946 7.72401
4947 4.03743
4948 3.61315
4949 8.31215
4950 6.69296
4951 4.96584
4952 6.3743
4953 4.79783
4954 4.47317
4955 5.27831
4956 5.44329
4957 4.19937
4958 5.68025
4959 5.12153
4960 3.77412
4961 8.01421
4962 5.06037
4963 7.58811
4964 3.77679
4965 5.59548
4966 5.03874
4967 3.19984
4968 5.05521
4969 8.05498
4970 4.29358
4971 5.57711
4972 4.59361
4973 6.89974
4974 3.83008
4975 6.68883
4976 4.9396
4977 5.08261
4978 4.50789
4979 8.35793
4980 3.80777
4981 4.34592
4982 4.05844
4983 6.95487
4984 5.25004
4985 3.6508
4986 5.55877
4987 9.68318
4988 3.8042
4989 4.86984
4990 5.79208
4991 8.02202
4992 5.27095
4993 5.66449
4994 5.57917
4995 6.32004
4996 4.43537
4997 5.23199
4998 7.28573
4999 3.94331
5000 5.43144
5001 4.79521
5002 4.29401
5003 5.72032
5004 7.90884
5005 4.09607
5006 4.46139
5007 4.55178
5008 3.10886
5009 3.97148
5010 6.45621
5011 3.85393
5012 5.3774
5013 4.81655
5014 6.99413
5015 4.85547
5016 6.17567
5017 7.02313
5018 4.40065
5019 4.09662
5020 5.32526
5021 6.31332
5022 4.69297
5023 8.13203
5024 4.05582
5025 4.01285
5026 5.4804
5027 5.58578
5028 9.5591
5029 3.83304
5030 5.05428
5031 4.00021
5032 4.58396
5033 3.38093
5034 5.12288
5035 3.44731
5036 7.07854
5037 7.0165
5038 4.08959
5039 4.23771
5040 4.76825
5041 4.07321
5042 9.02446
5043 4.4008
5044 3.61336
5045 5.05555
5046 4.13689
5047 3.90701
5048 8.75176
5049 7.85941
5050 6.57712
5051 4.27431
5052 6.16726
5053 7.89243
5054 4.85499
5055 4.56453
5056 6.54434
5057 4.44442
5058 4.01847
5059 4.27833
5060 5.57849
5061 6.80787
5062 4.19924
5063 4.1931
5064 3.69629
5065 5.26731
5066 5.13119
5067 5.10833
5068 5.1992
5069 4.8129
5070 7.01306
5071 6.61944
5072 3.80109
5073 4.37895
5074 3.82628
5075 5.05841
5076 3.47406
5077 3.34942
5078 4.50424
5079 4.23744
5080 4.80716
5081 4.20383
5082 4.09106
5083 8.14423
5084 4.44229
5085 3.77224
5086 3.81869
5087 4.52036
5088 3.3458
5089 6.4475
5090 3.21314
5091 8.14537
5092 4.0025
5093 5.46691
5094 3.50231
5095 5.86095
5096 3.85715
5097 3.92811
5098 4.35848
5099 5.0023
5100 7.32781
5101 3.9234
5102 5.23414
5103 4.18679
5104 4.77188
5105 3.72806
5106 5.25792
5107 3.49682
5108 5.08217
5109 6.53906
5110 4.871
5111 8.75627
5112 3.61184
5113 7.92382
5114 4.84028
5115 3.9914
5116 3.91435
5117 4.20265
5118 4.95863
5119 3.63272
5120 4.95475
5121 4.65004
5122 4.61737
5123 5.00099
5124 4.97331
5125 4.75961
5126 5.11146
5127 6.68312
5128 4.11696
5129 8.18403
5130 3.37217
5131 4.90569
5132 7.3852
5133 4.50816
5134 5.45216
5135 4.2824
5136 4.92325
5137 6.24443
5138 8.48004
5139 5.68133
5140 3.63554
5141 3.76369
5142 5.67818
5143 3.71311
5144 3.10661
5145 3.22446
5146 3.46325
5147 5.59789
5148 5.54601
5149 5.07665
5150 7.0469
5151 4.10206
5152 6.68729
5153 8.97384
5154 4.14692
5155 7.68349
5156 4.71999
5157 3.97166
5158 5.30733
5159 5.09597
5160 5.89078
5161 6.06584
5162 4.83087
5163 4.43
5164 7.30244
5165 4.01665
5166 5.55156
5167 4.04088
5168 7.10547
5169 3.63451
5170 3.37427
5171 4.53307
5172 4.24548
5173 5.07885
5174 4.11014
5175 5.55718
5176 7.43369
5177 6.54862
5178 4.82877
5179 4.59924
5180 6.4529
5181 4.27993
5182 3.76786
5183 5.00071
5184 4.32477
5185 5.6612
5186 3.98373
5187 8.33139
5188 5.6717
5189 3.54229
5190 3.76742
5191 4.38314
5192 4.09754
5193 4.35203
5194 5.58932
5195 5.73984
5196 4.98123
5197 6.89408
5198 6.38575
5199 3.75536
5200 3.36801
5201 4.7605
5202 6.50756
5203 3.57427
5204 5.18666
5205 5.3828
5206 5.6404
5207 3.37515
5208 7.18177
5209 4.89674
5210 4.33062
5211 4.05598
5212 7.65511
5213 5.32576
5214 5.23762
5215 6.89069
5216 5.367
5217 5.11389
5218 3.36921
5219 6.85527
5220 6.19246
5221 6.45935
5222 4.42244
5223 3.81302
5224 5.25203
5225 4.0855
5226 5.47072
5227 6.19229
5228 6.71181
5229 4.86327
5230 3.97532
5231 4.61534
5232 5.15942
5233 5.01849
5234 5.1752
5235 7.40996
5236 4.70433
5237 3.52419
5238 8.03629
5239 4.89319
5240 3.33629
5241 3.36363
5242 7.91965
5243 5.6071
5244 6.56853
5245 5.21375
5246 5.96417
5247 6.57905
5248 6.37789
5249 5.50687
5250 3.24369
5251 4.07301
5252 3.48116
5253 4.006
5254 5.92097
5255 6.55377
5256 4.7262
5257 3.2823
5258 5.3857
5259 3.78156
5260 5.39996
5261 6.68366
5262 4.72199
5263 6.03621
5264 3.89418
5265 7.08928
5266 7.89049
5267 7.19091
5268 5.70766
5269 3.96303
5270 3.79116
5271 7.32868
5272 3.46853
5273 5.30072
5274 4.57579
5275 4.60195
5276 3.61397
5277 7.70611
5278 5.87862
5279 8.79725
5280 4.53246
5281 5.72236
5282 4.89062
5283 6.42286
5284 4.2638
5285 4.79348
5286 4.11178
5287 5.27294
5288 4.50628
5289 4.07426
5290 7.59028
5291 7.42932
5292 5.06973
5293 4.08744
5294 4.97334
5295 4.21216
5296 5.14582
5297 3.14994
5298 9.21155
5299 4.58125
5300 4.76786
5301 4.5094
5302 3.08672
5303 4.76012
5304 6.25196
5305 5.51255
5306 4.65711
5307 4.54504
5308 3.63163
5309 3.82619
5310 6.70265
5311 3.65333
5312 4.75985
5313 4.39844
5314 4.99318
5315 4.3542
5316 5.38996
5317 6.435
5318 4.27821
5319 7.04409
5320 7.43938
5321 4.64569
5322 7.96815
5323 4.99435
5324 6.21946
5325 4.01494
5326 3.90455
5327 4.37606
5328 4.29032
5329 4.66466
5330 4.82163
5331 3.86812
5332 6.54454
5333 4.01499
5334 6.91018
5335 4.68393
5336 3.93308
5337 4.80496
5338 4.14545
5339 6.21302
5340 3.83328
5341 4.72142
5342 4.96087
5343 4.42076
5344 5.90618
5345 5.80039
5346 4.74402
5347 8.18742
5348 3.81152
5349 4.72918
5350 4.33551
5351 5.20415
5352 4.12334
5353 4.75406
5354 3.82397
5355 3.13824
5356 7.4629
5357 4.16216
5358 5.53346
5359 4.99726
5360 7.3477
5361 7.72417
5362 5.84186
5363 6.94538
5364 8.35897
5365 6.64105
5366 5.68216
5367 5.54746
5368 4.82884
5369 4.52453
5370 3.9781
5371 6.62036
5372 8.07053
5373 6.16997
5374 3.91328
5375 5.89869
5376 5.93869
5377 4.00131
5378 4.62002
5379 8.8047
5380 3.96354
5381 4.39354
5382 3.98512
5383 6.30586
5384 6.22702
5385 6.19316
5386 5.17666
5387 4.01607
5388 6.67524
5389 3.99293
5390 4.61018
5391 3.97151
5392 3.57129
5393 5.1448
5394 7.16216
5395 6.67453
5396 3.94408
5397 6.80014
5398 7.51685
5399 8.79157
5400 8.16682
5401 5.61284
5402 8.75165
5403 4.29256
5404 6.25432
5405 6.08944
5406 7.76619
5407 4.51502
5408 4.46124
5409 6.2135
5410 6.28633
5411 4.15725
5412 3.17502
5413 6.16618
5414 5.64886
5415 4.15813
5416 5.30254
5417 5.59055
5418 7.18074
5419 4.1898
5420 5.62042
5421 5.44562
5422 3.82014
5423 3.66396
5424 4.1835
5425 3.77598
5426 3.75505
5427 5.98154
5428 5.48158
5429 4.67046
5430 6.51687
5431 4.51835
5432 4.94162
5433 5.26294
5434 4.63643
5435 4.72722
5436 7.4592
5437 4.47892
5438 3.89268
5439 4.00401
5440 3.89017
5441 6.92032
5442 3.95583
5443 4.78466
5444 5.26704
5445 4.73992
5446 3.67602
5447 6.31604
5448 6.35663
5449 7.0841
5450 9.6159
5451 4.05546
5452 6.35334
5453 4.70987
5454 5.53585
5455 8.5669
5456 5.58058
5457 5.44073
5458 4.5988
5459 8.69025
5460 3.39952
5461 3.36214
5462 4.1676
5463 3.52751
5464 4.56378
5465 3.93758
5466 7.52643
5467 7.01199
5468 5.17209
5469 3.41454
5470 4.72765
5471 5.2456
5472 4.82205
5473 3.56685
5474 4.25892
5475 3.57864
5476 3.75015
5477 3.90039
5478 7.62336
5479 6.54566
5480 5.61762
5481 3.84682
5482 5.99826
5483 5.08953
5484 5.07781
5485 3.60839
5486 3.99663
5487 6.93367
5488 4.51773
5489 4.5387
5490 5.54226
5491 3.97365
5492 4.73777
5493 4.62866
5494 5.48244
5495 4.25774
5496 6.39819
5497 4.74418
5498 4.70612
5499 6.61538
5500 5.63531
5501 5.74246
5502 4.59792
5503 4.37364
5504 4.01753
5505 3.3919
5506 8.08702
5507 3.5947
5508 9.53213
5509 5.74231
5510 3.57311
5511 3.95616
5512 5.65069
5513 6.34575
5514 4.25786
5515 6.91139
5516 3.55715
5517 3.90204
5518 5.78899
5519 5.73299
5520 5.78302
5521 3.29982
5522 6.56812
5523 7.96989
5524 3.94727
5525 5.72747
5526 5.36174
5527 6.1746
5528 7.27422
5529 6.28682
5530 5.72205
5531 4.8684
5532 5.02286
5533 4.7074
5534 5.24817
5535 3.39495
5536 6.64927
5537 3.96219
5538 4.11249
5539 5.05222
5540 3.74626
5541 3.79442
5542 5.90433
5543 6.90178
5544 4.15652
5545 5.75338
5546 7.47116
5547 6.2115
5548 7.52382
5549 3.2251
5550 5.09296
5551 6.32951
5552 7.05677
5553 6.9196
5554 7.00519
5555 3.80207
5556 3.67963
5557 6.52872
5558 6.75852
5559 6.77767
5560 8.81181
5561 6.10459
5562 5.55605
5563 5.62004
5564 9.1399
5565 3.82681
5566 3.46124
5567 5.75768
5568 3.69476
5569 6.95063
5570 6.52135
5571 3.95712
5572 4.47921
5573 5.41006
5574 4.5854
5575 4.54925
5576 5.91249
5577 4.24205
5578 3.65201
5579 4.93785
5580 7.77716
5581 6.24419
5582 4.29601
5583 6.45827
5584 4.24879
5585 8.60198
5586 4.5202
5587 4.79745
5588 4.68985
5589 3.55251
5590 5.89194
5591 4.57415
5592 4.11511
5593 3.57803
5594 5.04055
5595 7.90503
5596 3.91965
5597 4.67842
5598 6.03306
5599 3.2936
5600 6.81818
5601 7.02815
5602 7.60438
5603 7.64052
5604 3.42966
5605 8.78266
5606 6.53668
5607 6.77707
5608 6.9875
5609 5.10812
5610 3.77272
5611 6.49763
5612 8.06415
5613 3.64875
5614 5.06174
5615 5.45055
5616 4.02861
5617 4.48405
5618 6.21977
5619 6.15628
5620 5.56365
5621 9.2361
5622 4.47069
5623 5.12847
5624 3.77262
5625 6.68163
5626 5.00175
5627 6.27147
5628 3.69376
5629 6.03111
5630 4.56434
5631 5.92478
5632 6.33533
5633 6.67633
5634 8.16294
5635 3.61072
5636 4.12012
5637 4.23022
5638 6.48759
5639 4.61501
5640 8.63582
5641 4.00064
5642 4.24027
5643 4.49062
5644 6.11106
5645 5.08784
5646 4.12975
5647 3.95786
5648 4.44138
5649 4.49062
5650 3.81901
5651 4.34869
5652 6.61443
5653 8.64014
5654 7.1637
5655 3.77266
5656 3.5888
5657 4.41246
5658 5.7019
5659 4.79362
5660 4.82223
5661 3.94267
5662 7.62373
5663 6.08156
5664 5.6971
5665 6.00381
5666 4.73859
5667 6.49503
5668 5.50805
5669 7.28773
5670 7.52622
5671 5.66959
5672 7.501
5673 4.68276
5674 6.9861
5675 5.22926
5676 3.94246
5677 3.569
5678 3.99619
5679 3.63841
5680 4.00664
5681 6.9325
5682 7.64504
5683 8.32248
5684 5.33449
5685 3.07231
5686 4.84323
5687 7.19977
5688 3.62817
5689 4.92841
5690 4.43197
5691 5.64723
5692 4.44173
5693 6.81788
5694 3.6734
5695 3.52485
5696 5.40558
5697 5.99404
5698 9.82295
5699 3.4302
5700 4.30159
5701 5.53451
5702 8.0519
5703 3.59862
5704 4.98741
5705 5.41058
5706 6.46272
5707 4.46262
5708 3.82853
5709 8.5078
5710 5.64988
5711 6.94519
5712 3.79428
5713 5.28322
5714 3.84237
5715 7.95501
5716 4.70671
5717 4.24631
5718 3.70612
5719 5.67821
5720 4.02356
5721 3.82282
5722 6.29045
5723 3.48469
5724 3.80521
5725 4.02527
5726 4.81696
5727 3.44111
5728 4.22449
5729 5.80873
5730 3.52309
5731 7.36681
5732 6.70718
5733 6.45101
5734 5.34634
5735 5.69823
5736 6.1288
5737 5.16792
5738 4.45024
5739 6.19535
5740 4.00936
5741 4.71086
5742 3.80964
5743 4.34689
5744 3.76463
5745 4.06991
5746 4.67172
5747 4.5775
5748 4.50149
5749 4.796
5750 3.32556
5751 4.48053
5752 7.91091
5753 6.39251
5754 3.88412
5755 5.44517
5756 7.75431
5757 5.43571
5758 4.99234
5759 7.52496
5760 7.8261
5761 4.87594
5762 6.66101
5763 3.19131
5764 6.05864
5765 4.33997
5766 6.17143
5767 5.04985
5768 5.77442
5769 3.61359
5770 4.92912
5771 3.70139
5772 7.16946
5773 5.28399
5774 4.15905
5775 5.54372
5776 5.39406
5777 3.42512
5778 3.82393
5779 8.27452
5780 4.97281
5781 5.89309
5782 4.70443
5783 7.26003
5784 4.27243
5785 3.35932
5786 4.94548
5787 4.21022
5788 5.4295
5789 8.02145
5790 5.03837
5791 3.90602
5792 6.28848
5793 5.99238
5794 5.78932
5795 5.77138
5796 5.45613
5797 5.80327
5798 5.06576
5799 5.28017
5800 6.80661
5801 8.37104
5802 5.89099
5803 4.60421
5804 4.55788
5805 4.81911
5806 4.49923
5807 3.68746
5808 3.82258
5809 4.03597
5810 5.0586
5811 5.24652
5812 5.41759
5813 5.3003
5814 4.41497
5815 6.20241
5816 4.00598
5817 3.76461
5818 4.29065
5819 7.37501
5820 4.38063
5821 8.83134
5822 7.00741
5823 3.87981
5824 5.80639
5825 4.33147
5826 4.65715
5827 6.03034
5828 5.40899
5829 3.35561
5830 4.43217
5831 4.27565
5832 4.4185
5833 5.38014
5834 3.77832
5835 5.43155
5836 4.9006
5837 4.83497
5838 4.47204
5839 7.82113
5840 4.02817
5841 4.02834
5842 3.52718
5843 4.5533
5844 4.27394
5845 3.61535
5846 4.64552
5847 4.44766
5848 6.35935
5849 3.52935
5850 7.75997
5851 3.67842
5852 3.82127
5853 3.70755
5854 6.1712
5855 5.76518
5856 4.07517
5857 4.89816
5858 3.65317
5859 3.62991
5860 3.58035
5861 4.26623
5862 7.56494
5863 8.71518
5864 5.02665
5865 6.70567
5866 3.88586
5867 5.16999
5868 3.60257
5869 5.5562
5870 5.60743
5871 5.50911
5872 7.64514
5873 4.89539
5874 5.04008
5875 5.95923
5876 5.0554
5877 7.77945
5878 7.16082
5879 7.93458
5880 4.62343
5881 8.35997
5882 4.09104
5883 3.97958
5884 8.68591
5885 4.77452
5886 9.83666
5887 3.35497
5888 4.48619
5889 5.87245
5890 3.9481
5891 7.48548
5892 5.99838
5893 8.33792
5894 8.65377
5895 5.28727
5896 5.24788
5897 4.3928
5898 3.482
5899 4.03184
5900 7.16518
5901 5.391
5902 4.69928
5903 5.56312
5904 7.00708
5905 3.85644
5906 6.07601
5907 6.39021
5908 5.4681
5909 5.46829
5910 5.36807
5911 6.11725
5912 4.8181
5913 6.66253
5914 3.54452
5915 5.28486
5916 6.34769
5917 5.14967
5918 5.12396
5919 6.19602
5920 4.78721
5921 7.11139
5922 4.67547
5923 6.03353
5924 6.1981
5925 4.27221
5926 3.70183
5927 4.4037
5928 3.83421
5929 4.21132
5930 4.08433
5931 6.11092
5932 4.36121
5933 5.18292
5934 4.54604
5935 4.3546
5936 4.54329
5937 4.90026
5938 8.46463
5939 4.45636
5940 4.33121
5941 4.79701
5942 6.45416
5943 7.05164
5944 8.95057
5945 6.88005
5946 4.53058
5947 5.44989
5948 4.64149
5949 8.969
5950 6.41839
5951 5.14323
5952 5.00211
5953 5.77047
5954 3.69146
5955 8.58515
5956 5.07269
5957 8.86158
5958 8.43955
5959 4.75728
5960 3.92239
5961 3.82156
5962 5.30273
5963 5.18052
5964 6.48478
5965 3.76111
5966 5.2116
5967 6.19145
5968 4.71275
5969 4.72119
5970 3.92118
5971 7.50025
5972 6.69095
5973 4.35183
5974 4.04601
5975 4.21556
5976 4.03246
5977 4.07768
5978 7.65329
5979 5.15635
5980 5.18673
5981 7.30179
5982 6.76181
5983 4.57818
5984 6.61914
5985 8.58533
5986 6.71249
5987 6.97042
5988 6.39247
5989 5.67796
5990 5.07705
5991 5.36968
5992 4.37097
5993 7.10102
5994 4.63138
5995 3.31066
5996 9.66788
5997 3.95823
5998 6.80053
5999 7.50674
6000 4.44626
6001 4.09018
6002 4.99797
6003 4.10362
6004 3.82863
6005 4.26115
6006 9.47454
6007 4.1263
6008 5.02659
6009 4.84723
6010 3.62017
6011 7.09569
6012 5.15523
6013 5.60133
6014 4.84102
6015 3.88265
6016 5.42074
6017 5.49989
6018 4.05632
6019 8.23086
6020 5.51287
6021 5.07255
6022 8.80487
6023 4.16427
6024 3.79058
6025 4.4248
6026 5.34017
6027 4.21728
6028 3.85919
6029 6.83084
6030 4.86869
6031 4.02935
6032 4.34883
6033 7.70011
6034 7.28165
6035 5.78244
6036 5.72763
6037 6.61364
6038 4.22781
6039 6.9824
6040 3.46996
6041 4.71985
6042 5.71137
6043 4.38868
6044 9.50146
6045 3.83384
6046 7.15288
6047 7.14595
6048 4.24685
6049 7.572
6050 4.89186
6051 8.1369
6052 6.21031
6053 3.53567
6054 6.77379
6055 5.52062
6056 4.03344
6057 6.32653
6058 6.47161
6059 4.32923
6060 5.03288
6061 3.2817
6062 7.99728
6063 8.14453
6064 3.9972
6065 3.68447
6066 5.33392
6067 4.72484
6068 4.03933
6069 7.10188
6070 7.84109
6071 6.67924
6072 3.89372
6073 3.86105
6074 7.29378
6075 3.88784
6076 7.34658
6077 4.06159
6078 4.05581
6079 7.24434
6080 4.13146
6081 5.85993
6082 9.49786
6083 4.09626
6084 5.56897
6085 4.70614
6086 4.17264
6087 4.78593
6088 4.7924
6089 5.05068
6090 3.38321
6091 7.91141
6092 7.75109
6093 6.37133
6094 5.18559
6095 7.01145
6096 5.06899
6097 6.15795
6098 6.93725
6099 8.71575
6100 7.14627
6101 4.25597
6102 4.82662
6103 4.97081
6104 6.11034
6105 5.98321
6106 6.81517
6107 7.76989
6108 6.63141
6109 3.96606
6110 5.00975
6111 3.49009
6112 6.4347
6113 4.7367
6114 7.94339
6115 4.44479
6116 4.66357
6117 5.98746
6118 4.16125
6119 9.02339
6120 7.61527
6121 5.56649
6122 8.95743
6123 3.26938
6124 6.68633
6125 5.68971
6126 4.14211
6127 4.25153
6128 3.95051
6129 6.2722
6130 3.81553
6131 3.84502
6132 5.02875
6133 4.70012
6134 5.72367
6135 8.76729
6136 6.91582
6137 7.39808
6138 7.79672
6139 4.93807
6140 4.0325
6141 7.0429
6142 5.48345
6143 4.34309
6144 6.83921
6145 6.58556
6146 4.34018
6147 6.00206
6148 5.00279
6149 4.01706
6150 6.95123
6151 7.60564
6152 6.06425
6153 4.20923
6154 7.78924
6155 6.19372
6156 6.31313
6157 4.05018
6158 8.00461
6159 4.94984
6160 6.98484
6161 3.21297
6162 3.28803
6163 4.38679
6164 3.6747
6165 5.77508
6166 6.17854
6167 5.60651
6168 4.63805
6169 3.61349
6170 4.1102
6171 3.39704
6172 7.61169
6173 3.90258
6174 3.52148
6175 6.00771
6176 5.20917
6177 4.8065
6178 3.9215
6179 4.51462
6180 6.48191
6181 4.65007
6182 4.35871
6183 5.2082
6184 7.19579
6185 5.64248
6186 5.34679
6187 4.90549
6188 6.16251
6189 5.4273
6190 3.87898
6191 6.17156
6192 6.75291
6193 3.97424
6194 4.26541
6195 5.01193
6196 3.38675
6197 7.18391
6198 4.93962
6199 5.00557
6200 4.44822
6201 3.75804
6202 4.24717
6203 4.14922
6204 3.45013
6205 3.99414
6206 6.10508
6207 3.53987
6208 8.06835
6209 6.8092
6210 4.39685
6211 5.36878
6212 5.32474
6213 4.59478
6214 6.65438
6215 4.54623
6216 5.81812
6217 4.42507
6218 5.73794
6219 5.09566
6220 5.04051
6221 5.57534
6222 4.95077
6223 5.478
6224 5.69776
6225 4.29863
6226 4.30216
6227 3.65066
6228 8.05123
6229 3.84383
6230 5.62566
6231 9.43012
6232 3.5729
6233 5.56519
6234 8.01356
6235 4.62615
6236 5.19564
6237 7.20261
6238 4.40815
6239 9.01708
6240 3.54039
6241 5.70259
6242 4.3037
6243 8.13604
6244 6.18936
6245 8.10379
6246 8.41382
6247 3.59275
6248 7.27119
6249 3.74643
6250 5.11072
6251 7.04835
6252 8.2102
6253 5.67637
6254 4.66965
6255 5.34309
6256 4.72531
6257 6.21566
6258 6.30845
6259 4.04029
6260 4.64708
6261 3.97226
6262 3.36356
6263 6.7885
6264 4.83348
6265 5.53414
6266 4.89923
6267 5.57233
6268 8.31899
6269 4.2923
6270 5.86257
6271 5.89878
6272 4.15717
6273 4.91609
6274 5.38541
6275 3.74111
6276 4.92702
6277 5.55587
6278 5.19154
6279 7.05343
6280 5.6033
6281 6.37654
6282 5.55049
6283 5.28007
6284 3.83742
6285 4.53708
6286 6.58523
6287 5.54908
6288 3.61149
6289 3.7856
6290 4.47558
6291 4.4813
6292 6.51562
6293 4.4042
6294 4.84339
6295 5.74679
6296 6.89308
6297 3.61599
6298 4.12939
6299 6.36263
6300 3.5245
6301 5.78939
6302 4.68602
6303 4.01676
6304 4.24371
6305 5.28517
6306 3.39622
6307 5.66173
6308 6.60143
6309 6.02333
6310 7.65893
6311 5.73013
6312 6.49547
6313 4.62528
6314 5.30546
6315 7.59499
6316 4.66963
6317 4.93226
6318 3.95643
6319 4.46749
6320 6.87921
6321 4.87108
6322 5.57814
6323 4.82543
6324 4.62618
6325 4.45582
6326 7.3943
6327 6.0777
6328 3.4243
6329 5.24544
6330 8.27505
6331 6.59837
6332 7.06943
6333 6.2078
6334 3.3832
6335 5.42842
6336 3.18903
6337 5.34588
6338 5.89527
6339 5.65317
6340 6.25339
6341 5.44077
6342 3.96864
6343 3.46122
6344 4.60526
6345 3.84065
6346 4.71851
6347 6.06245
6348 4.21309
6349 3.53777
6350 3.84564
6351 5.6056
6352 8.9691
6353 4.65601
6354 4.44027
6355 4.85842
6356 6.0491
6357 8.6433
6358 4.056
6359 5.47959
6360 4.51343
6361 5.27574
6362 4.27079
6363 4.81746
6364 6.8152
6365 4.5545
6366 3.77957
6367 8.64549
6368 4.24514
6369 6.57279
6370 7.47154
6371 4.968
6372 5.55958
6373 5.46569
6374 7.77334
6375 5.57039
6376 3.45533
6377 5.37338
6378 5.14253
6379 6.06699
6380 4.54713
6381 3.99154
6382 3.54513
6383 7.05074
6384 4.36887
6385 4.33464
6386 4.49345
6387 6.48992
6388 3.14154
6389 4.18931
6390 3.39269
6391 3.99982
6392 3.60801
6393 4.09301
6394 3.79872
6395 8.96927
6396 6.10004
6397 6.59006
6398 4.52429
6399 4.52445
6400 4.61028
6401 3.57703
6402 5.29804
6403 4.79518
6404 3.64989
6405 6.36028
6406 6.22468
6407 3.98857
6408 6.26837
6409 6.2321
6410 4.73141
6411 4.33006
6412 3.37366
6413 3.30134
6414 4.36862
6415 5.49394
6416 4.69756
6417 5.67433
6418 5.42192
6419 5.59096
6420 4.38459
6421 3.77074
6422 3.36576
6423 3.96108
6424 7.12769
6425 7.73316
6426 4.41543
6427 5.38207
6428 8.97567
6429 8.03219
6430 4.94563
6431 3.63608
6432 5.13147
6433 8.24112
6434 4.31956
6435 4.67141
6436 5.66056
6437 5.59447
6438 3.42543
6439 3.6419
6440 4.6644
6441 4.68155
6442 4.60176
6443 4.26518
6444 3.69825
6445 6.74453
6446 9.19375
6447 4.93287
6448 3.76973
6449 4.02346
6450 4.68351
6451 4.35788
6452 4.98882
6453 4.65051
6454 5.57913
6455 5.42514
6456 3.39468
6457 4.70965
6458 4.24177
6459 4.53141
6460 4.24028
6461 6.75119
6462 8.96448
6463 5.05292
6464 5.67606
6465 6.13596
6466 4.62343
6467 5.26299
6468 3.75932
6469 4.4156
6470 6.40342
6471 5.74332
6472 3.25359
6473 4.71094
6474 6.17461
6475 4.02237
6476 3.94382
6477 5.49455
6478 3.69046
6479 6.03098
6480 4.45025
6481 3.95709
6482 4.78785
6483 6.74354
6484 4.263
6485 4.69979
6486 3.90781
6487 3.75879
6488 5.20693
6489 7.43875
6490 3.48052
6491 5.37616
6492 7.63759
6493 4.40298
6494 4.28368
6495 7.92275
6496 3.42383
6497 5.3492
6498 5.23016
6499 3.50034
6500 6.70905
6501 4.62135
6502 6.23234
6503 4.1545
6504 6.0133
6505 5.1321
6506 3.87117
6507 3.42683
6508 6.30615
6509 3.27306
6510 4.77134
6511 7.36156
6512 4.10174
6513 3.7598
6514 5.25419
6515 4.67727
6516 4.44993
6517 4.88181
6518 6.51376
6519 6.55221
6520 5.42693
6521 4.04927
6522 3.75156
6523 6.24783
6524 5.12497
6525 7.57281
6526 6.58541
6527 4.99897
6528 7.87561
6529 9.71042
6530 6.11163
6531 5.95818
6532 6.27245
6533 7.6977
6534 7.72594
6535 7.57986
6536 5.31413
6537 5.50395
6538 3.31832
6539 4.63085
6540 5.23031
6541 7.72408
6542 4.69123
6543 8.25608
6544 5.00094
6545 6.07068
6546 6.57794
6547 6.51824
6548 4.82327
6549 4.79411
6550 5.13749
6551 5.59431
6552 8.16803
6553 8.64128
6554 6.28199
6555 6.95061
6556 5.26448
6557 3.71365
6558 5.91365
6559 7.2752
6560 6.33992
6561 5.11695
6562 5.23616
6563 5.74232
6564 4.12564
6565 7.57186
6566 4.52743
6567 5.24335
6568 5.60042
6569 4.35125
6570 3.47804
6571 4.59944
6572 3.91932
6573 3.89603
6574 6.80673
6575 3.46261
6576 5.03489
6577 5.65539
6578 4.75325
6579 4.22226
6580 4.12799
6581 5.92953
6582 4.28907
6583 6.13307
6584 4.5596
6585 3.90856
6586 7.09878
6587 3.25657
6588 4.77731
6589 4.15626
6590 7.33933
6591 6.02966
6592 7.6918
6593 8.63211
6594 5.41246
6595 6.74108
6596 5.79618
6597 4.8245
6598 4.07872
6599 4.80829
6600 4.28722
6601 6.6972
6602 5.75274
6603 3.8155
6604 4.79219
6605 6.05829
6606 3.84168
6607 6.05477
6608 4.50383
6609 6.57233
6610 5.68473
6611 4.18956
6612 6.53082
6613 7.50554
6614 7.43836
6615 5.80237
6616 3.92776
6617 5.69758
6618 6.34346
6619 3.72929
6620 6.36355
6621 3.74957
6622 6.23091
6623 7.56919
6624 6.69068
6625 3.88843
6626 5.18879
6627 5.25922
6628 5.22173
6629 5.07398
6630 7.6586
6631 3.79047
6632 5.13761
6633 4.19134
6634 9.90681
6635 4.56475
6636 3.79941
6637 4.21335
6638 6.70981
6639 7.92262
6640 4.25197
6641 4.259
6642 3.57334
6643 4.68223
6644 4.64418
6645 3.83189
6646 4.15881
6647 4.36585
6648 5.56513
6649 5.19601
6650 4.61171
6651 7.04145
6652 5.75539
6653 6.01128
6654 3.5031
6655 7.47691
6656 7.31448
6657 4.64069
6658 4.68492
6659 6.51361
6660 3.47609
6661 5.46621
6662 7.61313
6663 6.06736
6664 3.72555
6665 6.24375
6666 5.48225
6667 3.97345
6668 5.46732
6669 4.42155
6670 3.66861
6671 5.26361
6672 4.73632
6673 7.78452
6674 6.6532
6675 7.40815
6676 5.15946
6677 4.17808
6678 6.47502
6679 5.82999
6680 3.36274
6681 3.56816
6682 7.21463
6683 4.65377
6684 6.18415
6685 5.08772
6686 5.10132
6687 5.28791
6688 6.85067
6689 3.77577
6690 5.54326
6691 4.61447
6692 6.51509
6693 4.62224
6694 3.95552
6695 5.85673
6696 6.25074
6697 5.44236
6698 4.88338
6699 3.49573
6700 5.31167
6701 5.93069
6702 5.34278
6703 4.97348
6704 4.92407
6705 7.96969
6706 4.85109
6707 6.56176
6708 3.90206
6709 4.47086
6710 3.78752
6711 6.10043
6712 4.99474
6713 4.6961
6714 4.85696
6715 4.32247
6716 7.96828
6717 5.42966
6718 7.57101
6719 3.97899
6720 8.38884
6721 6.69306
6722 6.4458
6723 4.31769
6724 7.3811
6725 3.73213
6726 6.94346
6727 4.15637
6728 6.25543
6729 3.73969
6730 5.72531
6731 8.1371
6732 8.2359
6733 5.45215
6734 6.99524
6735 6.57807
6736 6.32515
6737 7.1575
6738 4.14518
6739 4.25416
6740 6.92176
6741 8.14235
6742 6.31205
6743 6.31492
6744 6.49776
6745 5.42699
6746 6.43466
6747 9.28291
6748 5.93438
6749 5.03792
6750 4.91018
6751 5.74383
6752 7.02768
6753 7.03089
6754 4.24925
6755 7.41687
6756 8.06773
6757 6.89101
6758 4.7476
6759 3.8543
6760 3.87795
6761 6.32219
6762 4.36819
6763 3.99026
6764 5.0828
6765 7.25066
6766 5.10852
6767 4.93706
6768 3.37854
6769 4.32188
6770 3.35015
6771 5.92981
6772 3.13201
6773 3.81733
6774 9.49789
6775 5.58971
6776 7.2635
6777 5.60029
6778 5.82265
6779 5.52299
6780 5.50113
6781 6.11422
6782 4.68658
6783 5.6219
6784 5.37069
6785 5.06187
6786 4.61126
6787 6.28629
6788 5.24778
6789 7.26645
6790 4.62971
6791 5.19974
6792 5.46339
6793 3.99042
6794 5.216
6795 4.95436
6796 4.93189
6797 5.59062
6798 5.51571
6799 4.34605
6800 5.16715
6801 3.92925
6802 4.75332
6803 6.20684
6804 4.22092
6805 8.74277
6806 5.33185
6807 4.40927
6808 9.63099
6809 5.46353
6810 4.82335
6811 9.69646
6812 4.17792
6813 4.33348
6814 4.07577
6815 3.74102
6816 4.46409
6817 6.75519
6818 4.07985
6819 7.072
6820 8.14161
6821 7.70448
6822 3.75907
6823 4.47383
6824 3.97996
6825 5.46783
6826 8.56771
6827 3.51305
6828 7.98305
6829 7.63691
6830 8.41195
6831 4.85258
6832 6.6046
6833 4.28101
6834 8.14506
6835 4.27389
6836 4.52961
6837 5.46271
6838 6.47471
6839 4.43408
6840 5.44258
6841 3.84174
6842 5.63022
6843 6.41221
6844 5.12939
6845 4.53013
6846 4.41142
6847 3.78624
6848 4.11792
6849 5.10042
6850 6.01717
6851 6.33836
6852 4.13477
6853 4.07418
6854 4.23684
6855 8.6862
6856 4.39846
6857 5.75731
6858 4.65849
6859 6.37432
6860 4.52393
6861 8.58356
6862 5.17049
6863 5.24874
6864 4.67312
6865 5.10659
6866 5.28215
6867 4.26552
6868 5.05073
6869 5.0375
6870 8.47272
6871 4.58631
6872 5.31362
6873 4.91897
6874 7.02435
6875 5.20495
6876 6.53166
6877 6.36145
6878 9.60501
6879 4.80384
6880 5.49536
6881 4.77175
6882 8.69486
6883 6.77488
6884 5.66065
6885 4.11235
6886 5.38937
6887 5.88642
6888 5.35794
6889 4.60612
6890 4.98438
6891 6.91802
6892 5.25752
6893 9.79526
6894 3.82651
6895 4.03043
6896 4.05916
6897 6.25426
6898 6.48662
6899 8.18602
6900 8.30971
6901 4.43931
6902 3.64945
6903 3.51257
6904 3.64293
6905 7.36281
6906 4.81108
6907 8.02263
6908 4.53047
6909 7.60901
6910 7.99546
6911 7.21962
6912 6.88709
6913 6.31543
6914 5.87379
6915 5.05792
6916 6.47729
6917 5.19395
6918 6.99472
6919 4.1861
6920 6.65199
6921 5.44637
6922 4.73992
6923 4.40391
6924 4.16704
6925 5.65427
6926 3.49401
6927 4.37804
6928 3.27406
6929 6.76452
6930 4.00204
6931 5.23877
6932 7.47742
6933 4.53033
6934 9.9132
6935 6.84987
6936 6.51744
6937 5.6296
6938 3.95666
6939 5.10911
6940 4.72906
6941 4.8311
6942 4.00467
6943 5.0648
6944 4.01266
6945 3.73833
6946 5.8549
6947 3.63931
6948 3.25429
6949 3.83326
6950 5.02375
6951 4.17007
6952 3.74799
6953 5.06499
6954 5.23031
6955 8.19184
6956 5.97651
6957 8.15252
6958 5.24314
6959 5.83285
6960 8.45364
6961 6.68512
6962 7.62659
6963 6.27743
6964 3.96846
6965 5.8946
6966 6.01085
6967 7.32423
6968 8.89577
6969 5.47297
6970 3.87245
6971 5.2433
6972 4.16245
6973 4.89664
6974 6.85581
6975 3.77221
6976 6.07384
6977 9.11312
6978 7.35165
6979 5.4865
6980 4.30323
6981 6.11011
6982 6.37816
6983 3.53113
6984 5.62662
6985 4.7092
6986 4.16974
6987 3.93557
6988 5.33067
6989 3.99005
6990 5.31535
6991 3.8998
6992 6.69903
6993 4.03265
6994 6.93861
6995 3.2214
6996 5.21355
6997 8.0957
6998 4.40117
6999 5.95145
7000 3.98063
7001 7.11278
7002 3.27916
7003 5.60667
7004 3.79485
7005 9.04552
7006 5.87462
7007 4.409
7008 8.92842
7009 6.04627
7010 4.09018
7011 4.02581
7012 5.39742
7013 7.183
7014 3.76728
7015 5.50023
7016 3.54125
7017 7.5161
7018 4.73672
7019 4.10944
7020 3.61715
7021 4.74172
7022 4.667
7023 6.31091
7024 5.45107
7025 6.33586
7026 6.97997
7027 6.30769
7028 5.46616
7029 6.2101
7030 6.82869
7031 5.94828
7032 3.48456
7033 5.22411
7034 3.28999
7035 4.37803
7036 4.65832
7037 5.361
7038 3.571
7039 4.24938
7040 9.57259
7041 4.57407
7042 3.33683
7043 4.58849
7044 6.57329
7045 8.1524
7046 8.21937
7047 4.73461
7048 3.84122
7049 5.96219
7050 3.51377
7051 9.35267
7052 5.33228
7053 5.51714
7054 5.91237
7055 3.36832
7056 5.89492
7057 6.25177
7058 3.83752
7059 4.18427
7060 5.8268
7061 5.40047
7062 5.99862
7063 3.68475
7064 3.78806
7065 5.43209
7066 3.85856
7067 4.85384
7068 4.2494
7069 4.51707
7070 4.88184
7071 6.69392
7072 9.19762
7073 4.61508
7074 4.75809
7075 3.65874
7076 4.06095
7077 4.44946
7078 4.13047
7079 5.6864
7080 4.28408
7081 8.80076
7082 8.00174
7083 6.69738
7084 4.22947
7085 3.99819
7086 3.66628
7087 3.54102
7088 5.45387
7089 4.40661
7090 5.37932
7091 3.72522
7092 7.1507
7093 3.7574
7094 5.53121
7095 6.21064
7096 5.28861
7097 3.70259
7098 6.48199
7099 8.56989
7100 6.74755
7101 6.79906
7102 6.57473
7103 6.30907
7104 7.01789
7105 4.85408
7106 5.43502
7107 4.91061
7108 5.09531
7109 6.09469
7110 4.26481
7111 5.15147
7112 4.94501
7113 3.39777
7114 3.47749
7115 9.15915
7116 9.4364
7117 6.39709
7118 5.23752
7119 3.94708
7120 3.7963
7121 6.06714
7122 4.14809
7123 5.516
7124 5.82171
7125 3.45996
7126 5.05402
7127 3.56286
7128 5.94785
7129 6.52164
7130 4.07698
7131 4.47442
7132 8.44079
7133 5.04806
7134 6.76289
7135 4.69727
7136 5.48969
7137 4.57568
7138 3.95823
7139 4.19421
7140 3.40047
7141 4.75026
7142 4.78693
7143 6.94941
7144 4.28546
7145 4.37678
7146 3.76714
7147 4.41263
7148 3.69148
7149 4.48345
7150 4.84604
7151 5.64561
7152 4.44991
7153 5.49359
7154 3.77114
7155 5.75785
7156 6.11943
7157 5.78598
7158 8.93716
7159 6.00859
7160 4.06323
7161 5.55207
7162 9.13719
7163 6.84189
7164 4.97716
7165 4.03345
7166 4.36399
7167 7.7104
7168 4.20881
7169 7.02654
7170 3.76433
7171 5.41494
7172 4.06129
7173 7.61984
7174 6.76812
7175 5.73347
7176 6.40369
7177 4.79429
7178 3.87153
7179 4.66903
7180 4.5642
7181 4.08486
7182 4.10327
7183 5.49917
7184 5.43251
7185 4.49103
7186 3.93388
7187 4.96556
7188 6.20838
7189 3.46017
7190 5.97653
7191 5.40254
7192 8.29557
7193 5.6644
7194 5.72414
7195 8.11146
7196 5.69243
7197 6.93867
7198 6.58262
7199 6.35514
7200 4.79656
7201 7.08785
7202 5.0606
7203 4.02462
7204 5.78517
7205 5.105
7206 5.75998
7207 4.53092
7208 3.68871
7209 5.81999
7210 4.39559
7211 4.79975
7212 4.44781
7213 5.91181
7214 6.85155
7215 3.76594
7216 5.93276
7217 6.96008
7218 3.84742
7219 6.87515
7220 6.24783
7221 6.57517
7222 4.02372
7223 3.74733
7224 6.54314
7225 4.20991
7226 5.4759
7227 4.72913
7228 4.17545
7229 6.44308
7230 5.03718
7231 5.27819
7232 5.26331
7233 3.80878
7234 4.7683
7235 3.69378
7236 4.16203
7237 5.86981
7238 7.40577
7239 8.44731
7240 5.37566
7241 5.02978
7242 4.89507
7243 6.36644
7244 6.76741
7245 4.01882
7246 4.12881
7247 6.45753
7248 7.76752
7249 5.50387
7250 6.10282
7251 3.08158
7252 5.04104
7253 5.91693
7254 8.28898
7255 6.92022
7256 5.23705
7257 3.88313
7258 4.40763
7259 3.75962
7260 6.86863
7261 3.70067
7262 5.56863
7263 8.08988
7264 4.55465
7265 5.15779
7266 5.78184
7267 4.87519
7268 3.82425
7269 8.30099
7270 4.47038
7271 4.89968
7272 8.82468
7273 7.38572
7274 4.31832
7275 3.20116
7276 6.89799
7277 3.22562
7278 4.16285
7279 3.55204
7280 7.13686
7281 6.24894
7282 4.92658
7283 6.69333
7284 6.14628
7285 5.97903
7286 6.90676
7287 4.18508
7288 5.85624
7289 6.9129
7290 5.27713
7291 6.63161
7292 4.37649
7293 3.82578
7294 4.68616
7295 5.28285
7296 6.22783
7297 5.22121
7298 7.76916
7299 4.897
7300 5.29198
7301 6.77136
7302 7.84697
7303 4.41021
7304 3.80964
7305 4.71654
7306 9.28381
7307 5.22763
7308 6.41423
7309 3.79128
7310 3.60377
7311 3.79014
7312 5.61208
7313 3.62076
7314 3.90756
7315 3.28486
7316 3.81293
7317 3.87818
7318 4.53942
7319 4.17284
7320 5.26482
7321 3.55518
7322 6.11829
7323 3.68221
7324 8.80038
7325 7.73183
7326 7.58764
7327 4.09613
7328 4.50406
7329 5.27021
7330 4.70781
7331 4.5318
7332 4.69222
7333 6.60229
7334 5.01772
7335 4.61647
7336 3.71085
7337 4.69376
7338 5.77847
7339 5.41566
7340 3.4093
7341 5.66889
7342 5.3345
7343 5.02877
7344 6.1653
7345 5.7486
7346 4.04613
7347 5.0128
7348 5.0845
7349 7.78533
7350 5.74477
7351 6.6456
7352 4.9501
7353 3.97398
7354 3.93493
7355 3.977
7356 4.92302
7357 4.50487
7358 4.95998
7359 4.34975
7360 4.25067
7361 8.7407
7362 6.18008
7363 4.15991
7364 5.40794
7365 3.80808
7366 4.8499
7367 4.55119
7368 3.85892
7369 5.26742
7370 5.59841
7371 3.56088
7372 4.12411
7373 3.73228
7374 6.73211
7375 4.34799
7376 5.00867
7377 8.89394
7378 6.60234
7379 3.95265
7380 4.20758
7381 4.08672
7382 7.91205
7383 4.91837
7384 4.16576
7385 4.19774
7386 4.31465
7387 3.63743
7388 4.65367
7389 4.6689
7390 4.37982
7391 5.61552
7392 4.91671
7393 4.52205
7394 4.05028
7395 6.0398
7396 3.61583
7397 4.52165
7398 4.69763
7399 6.12254
7400 3.92557
7401 5.61202
7402 4.89085
7403 5.36734
7404 3.58702
7405 5.10318
7406 5.30552
7407 9.0159
7408 5.30337
7409 7.0246
7410 4.03982
7411 7.69046
7412 4.59458
7413 4.7763
7414 4.98136
7415 6.15944
7416 4.78052
7417 8.42238
7418 3.50177
7419 5.56976
7420 6.50734
7421 5.87737
7422 8.60214
7423 4.76672
7424 6.31494
7425 4.32945
7426 7.08026
7427 3.75206
7428 5.85675
7429 5.52065
7430 7.56346
7431 3.36433
7432 6.33682
7433 5.67495
7434 7.16768
7435 3.54714
7436 4.36713
7437 6.2027
7438 6.63036
7439 5.75129
7440 4.17423
7441 6.38207
7442 9.80727
7443 6.45521
7444 3.64969
7445 4.24442
7446 5.93873
7447 7.90715
7448 4.00629
7449 5.98289
7450 7.74571
7451 5.31845
7452 8.40188
7453 4.88529
7454 6.18118
7455 4.09074
7456 4.68748
7457 3.92509
7458 6.45097
7459 4.62152
7460 5.00715
7461 4.5296
7462 4.82249
7463 5.19918
7464 5.63027
7465 6.6797
7466 4.5623
7467 3.83117
7468 4.67242
7469 7.66933
7470 7.7
7471 3.86771
7472 3.5121
7473 5.83588
7474 7.21648
7475 4.19497
7476 6.40721
7477 5.97986
7478 7.04598
7479 8.06227
7480 4.36637
7481 3.61122
7482 7.78304
7483 5.70074
7484 6.92183
7485 7.41599
7486 6.24377
7487 5.8891
7488 5.21311
7489 4.77475
7490 4.30377
7491 4.76617
7492 4.87649
7493 4.22407
7494 4.34851
7495 5.33566
7496 4.96263
7497 5.00528
7498 6.62205
7499 6.12447
7500 5.85559
7501 7.35916
7502 5.51447
7503 5.02552
7504 6.80361
7505 5.44278
7506 4.13442
7507 6.99102
7508 4.733
7509 6.04812
7510 6.81533
7511 8.94365
7512 3.87411
7513 7.03323
7514 5.60989
7515 8.04959
7516 6.33001
7517 4.03354
7518 7.8681
7519 8.61651
7520 5.82376
7521 6.92708
7522 6.12831
7523 5.80085
7524 4.2842
7525 6.06009
7526 5.19542
7527 4.31061
7528 4.69644
7529 5.85955
7530 5.2776
7531 5.41182
7532 4.63673
7533 5.18087
7534 7.32773
7535 4.77894
7536 3.2349
7537 6.77867
7538 4.57313
7539 5.75764
7540 4.28299
7541 4.95813
7542 6.18181
7543 4.48262
7544 4.11952
7545 6.18345
7546 8.07175
7547 7.14289
7548 5.23443
7549 9.80323
7550 8.42047
7551 4.80074
7552 4.41055
7553 3.59566
7554 3.12341
7555 5.24207
7556 5.30634
7557 5.55708
7558 3.46918
7559 6.18302
7560 5.0849
7561 6.70574
7562 8.06424
7563 5.49325
7564 8.64562
7565 4.91446
7566 3.76447
7567 3.52037
7568 3.98924
7569 5.20268
7570 4.00837
7571 6.13773
7572 5.11893
7573 4.18271
7574 6.31601
7575 5.13124
7576 5.68268
7577 3.73088
7578 4.2305
7579 4.02049
7580 6.08862
7581 4.77814
7582 6.72525
7583 4.65602
7584 3.99043
7585 4.91527
7586 6.47377
7587 6.73868
7588 7.80713
7589 5.51566
7590 6.97003
7591 6.04145
7592 3.54493
7593 5.16946
7594 4.8037
7595 3.59102
7596 4.68372
7597 3.4984
7598 6.4925
7599 5.32306
7600 6.03575
7601 5.41664
7602 4.09101
7603 5.72985
7604 7.7493
7605 4.81274
7606 3.62955
7607 4.16716
7608 5.17956
7609 4.19398
7610 4.35673
7611 3.40794
7612 4.75566
7613 5.13307
7614 5.44835
7615 4.82771
7616 7.23207
7617 4.78067
7618 3.71223
7619 5.74606
7620 3.35283
7621 4.29891
7622 3.3935
7623 4.26743
7624 6.78563
7625 6.28488
7626 9.21116
7627 4.53752
7628 8.31207
7629 5.10845
7630 8.63425
7631 4.50677
7632 5.98418
7633 3.28154
7634 5.53458
7635 8.18431
7636 8.33685
7637 8.74885
7638 3.56202
7639 6.15322
7640 6.99409
7641 7.92224
7642 4.30697
7643 6.2807
7644 4.93254
7645 3.90471
7646 4.39487
7647 7.45478
7648 6.7568
7649 5.41709
7650 9.3701
7651 4.29711
7652 5.745
7653 5.24981
7654 4.25375
7655 3.36753
7656 3.81955
7657 3.41562
7658 6.39112
7659 4.33144
7660 4.88877
7661 5.03402
7662 8.01864
7663 3.52507
7664 5.60288
7665 3.80894
7666 5.21451
7667 6.75397
7668 6.84406
7669 4.28916
7670 4.21089
7671 4.66109
7672 5.62883
7673 3.31089
7674 6.89088
7675 6.96543
7676 6.98128
7677 4.39887
7678 3.47309
7679 5.46439
7680 6.09766
7681 3.52667
7682 5.6595
7683 4.05931
7684 4.95315
7685 7.23527
7686 4.98989
7687 5.17983
7688 7.8286
7689 3.75976
7690 8.25595
7691 3.52921
7692 5.67048
7693 4.57507
7694 5.61558
7695 3.51697
7696 4.50573
7697 3.23174
7698 6.57313
7699 4.05281
7700 5.16118
7701 4.62648
7702 7.58215
7703 5.38193
7704 5.70799
7705 5.32529
7706 3.88032
7707 6.86903
7708 3.39683
7709 5.15088
7710 7.07841
7711 6.60809
7712 5.24565
7713 4.67517
7714 4.34957
7715 4.69438
7716 3.90223
7717 5.95863
7718 5.74645
7719 4.96027
7720 4.70192
7721 4.26544
7722 5.15226
7723 5.06078
7724 6.11053
7725 3.62685
7726 5.6123
7727 4.42242
7728 8.71083
7729 3.56605
7730 7.09827
7731 4.5338
7732 6.7688
7733 3.45386
7734 5.51012
7735 4.14802
7736 3.92867
7737 6.50678
7738 7.90516
7739 8.63211
7740 6.92419
7741 6.12731
7742 7.22955
7743 5.03692
7744 4.5541
7745 6.71373
7746 4.77784
7747 5.30334
7748 4.51906
7749 7.45659
7750 4.53579
7751 5.06981
7752 4.0798
7753 4.07241
7754 3.36873
7755 5.83957
7756 4.09305
7757 8.74111
7758 4.24852
7759 3.89053
7760 5.00651
7761 6.19453
7762 3.56863
7763 7.80173
7764 4.75248
7765 3.37566
7766 4.4596
7767 4.89258
7768 4.14304
7769 6.0001
7770 4.71945
7771 5.07196
7772 3.48529
7773 4.84782
7774 8.89631
7775 7.71983
7776 5.09795
7777 5.34293
7778 8.68476
7779 5.71633
7780 8.94589
7781 8.51262
7782 6.5205
7783 5.17365
7784 3.5954
7785 5.34936
7786 7.07916
7787 3.57654
7788 6.64337
7789 3.70897
7790 4.03472
7791 5.18157
7792 5.77282
7793 3.73032
7794 5.2771
7795 3.56749
7796 4.66766
7797 4.16968
7798 6.09232
7799 5.20488
7800 4.86179
7801 7.14934
7802 6.86387
7803 4.96276
7804 6.49614
7805 4.32496
7806 4.93574
7807 3.67233
7808 5.41206
7809 4.22654
7810 5.42047
7811 4.08245
7812 3.60427
7813 4.21824
7814 6.44603
7815 4.68122
7816 4.96052
7817 7.15912
7818 5.09001
7819 7.51084
7820 4.3702
7821 6.06419
7822 4.86897
7823 3.91248
7824 5.67251
7825 4.40528
7826 5.98453
7827 7.11916
7828 3.26029
7829 4.26062
7830 8.03922
7831 3.82169
7832 4.16386
7833 6.63521
7834 6.00251
7835 6.91917
7836 5.91974
7837 5.3465
7838 6.39471
7839 4.30852
7840 5.46347
7841 3.49679
7842 6.58616
7843 5.06488
7844 8.12432
7845 5.84638
7846 6.50281
7847 5.97892
7848 5.67567
7849 6.05499
7850 5.6981
7851 5.01112
7852 4.48043
7853 7.91589
7854 4.76717
7855 4.96032
7856 4.79247
7857 8.14468
7858 5.38859
7859 5.11623
7860 4.51285
7861 4.70717
7862 6.0169
7863 4.15079
7864 4.79897
7865 4.4063
7866 4.35383
7867 5.50318
7868 7.16241
7869 3.55614
7870 8.67842
7871 7.13862
7872 8.36324
7873 6.26594
7874 4.54725
7875 3.78711
7876 6.52902
7877 7.98529
7878 8.97568
7879 4.0921
7880 8.31413
7881 7.01387
7882 6.39649
7883 4.75327
7884 6.26516
7885 8.40614
7886 6.556
7887 4.26923
7888 4.93328
7889 6.10961
7890 4.80082
7891 5.11241
7892 4.39891
7893 4.16492
7894 3.8609
7895 6.07179
7896 5.76863
7897 7.85215
7898 6.55656
7899 3.17677
7900 5.75606
7901 7.19668
7902 7.09409
7903 4.92499
7904 6.76929
7905 4.51408
7906 4.50695
7907 7.3471
7908 4.25736
7909 6.00219
7910 5.55875
7911 9.73548
7912 5.26521
7913 5.51836
7914 6.99673
7915 3.87779
7916 3.96857
7917 4.61084
7918 5.51993
7919 7.20208
7920 7.03445
7921 6.9407
7922 6.03457
7923 4.35778
7924 7.37796
7925 4.33177
7926 4.50689
7927 4.90539
7928 7.95495
7929 7.084
7930 4.99062
7931 4.73072
7932 4.68011
7933 7.01447
7934 5.45794
7935 5.69699
7936 7.74757
7937 3.23309
7938 6.13757
7939 4.60157
7940 6.55005
7941 4.40764
7942 6.29902
7943 4.65637
7944 6.4738
7945 5.08462
7946 8.21898
7947 4.22036
7948 4.35951
7949 3.76791
7950 4.63799
7951 3.63658
7952 4.18237
7953 4.63664
7954 3.42562
7955 9.30113
7956 6.46063
7957 4.15737
7958 5.42963
7959 6.20894
7960 3.63136
7961 4.23571
7962 5.21244
7963 5.58055
7964 5.39432
7965 5.32934
7966 3.30966
7967 7.03626
7968 6.55242
7969 5.75003
7970 3.74168
7971 4.65021
7972 3.76794
7973 4.1945
7974 6.50989
7975 4.50402
7976 4.55907
7977 5.22074
7978 5.46205
7979 4.60745
7980 8.2399
7981 4.0083
7982 4.31214
7983 3.97199
7984 6.08359
7985 4.0991
7986 5.87088
7987 5.47502
7988 4.36059
7989 5.27274
7990 8.01315
7991 3.80478
7992 7.17367
7993 3.86924
7994 4.32531
7995 8.70931
7996 4.73471
7997 5.38553
7998 6.02517
7999 3.5625
8000 8.73085
8001 5.43929
8002 6.34129
8003 3.43155
8004 8.96604
8005 6.27917
8006 8.79309
8007 3.2037
8008 3.64798
8009 5.40948
8010 4.07594
8011 6.05856
8012 3.82243
8013 4.23471
8014 7.66139
8015 6.52075
8016 6.16558
8017 5.80952
8018 4.96605
8019 5.06226
8020 7.14288
8021 4.25857
8022 5.23562
8023 4.02838
8024 5.39255
8025 6.67264
8026 4.74934
8027 6.33836
8028 6.6268
8029 6.90555
8030 3.46489
8031 4.83334
8032 4.15852
8033 4.93925
8034 4.02707
8035 6.49138
8036 3.15942
8037 6.59252
8038 4.62839
8039 6.36704
8040 7.27121
8041 3.86418
8042 4.37709
8043 8.54
8044 6.30634
8045 4.52145
8046 3.66176
8047 4.36489
8048 6.18011
8049 5.8715
8050 4.82181
8051 3.31734
8052 6.14947
8053 5.60252
8054 5.03207
8055 5.28423
8056 4.03198
8057 3.96062
8058 6.17605
8059 7.24993
8060 3.40149
8061 4.3421
8062 5.0496
8063 3.40385
8064 6.46485
8065 4.71776
8066 5.49376
8067 8.34588
8068 5.2002
8069 4.24614
8070 9.71417
8071 4.41888
8072 4.74857
8073 5.9833
8074 3.85373
8075 6.49347
8076 5.32848
8077 4.59441
8078 5.17077
8079 6.33983
8080 4.55395
8081 9.45742
8082 6.65772
8083 3.48434
8084 6.70193
8085 7.06288
8086 5.44306
8087 4.15606
8088 5.27587
8089 5.098
8090 3.76445
8091 3.30541
8092 4.75272
8093 7.38596
8094 3.50066
8095 3.69562
8096 3.56535
8097 5.39654
8098 3.5034
8099 4.46339
8100 4.6053
8101 4.63402
8102 9.59365
8103 3.56584
8104 3.10896
8105 6.14889
8106 8.9945
8107 5.69818
8108 4.38553
8109 7.92602
8110 5.84851
8111 4.41461
8112 4.10282
8113 4.5211
8114 4.98875
8115 4.78421
8116 4.14287
8117 5.2963
8118 5.68641
8119 5.60375
8120 4.44795
8121 8.60637
8122 9.03896
8123 3.66922
8124 5.62173
8125 8.02484
8126 5.6768
8127 4.64941
8128 4.28884
8129 5.9798
8130 7.8085
8131 5.1017
8132 5.35485
8133 3.84845
8134 8.07002
8135 7.44799
8136 6.15636
8137 5.91406
8138 5.06877
8139 6.04396
8140 3.5927
8141 3.19639
8142 6.2158
8143 5.74704
8144 5.00339
8145 6.80655
8146 5.88117
8147 7.69178
8148 4.09693
8149 6.20128
8150 4.32495
8151 6.72703
8152 4.96839
8153 5.21474
8154 4.5093
8155 3.22947
8156 4.48289
8157 6.06034
8158 7.66691
8159 8.95298
8160 6.62565
8161 5.62237
8162 8.53031
8163 4.26436
8164 7.88088
8165 4.10692
8166 7.96254
8167 5.08977
8168 4.76781
8169 5.35576
8170 3.78339
8171 4.98777
8172 4.66256
8173 7.26569
8174 9.69105
8175 9.81712
8176 9.29089
8177 5.12637
8178 6.57641
8179 3.3523
8180 5.10434
8181 5.97564
8182 9.41994
8183 8.32798
8184 7.57999
8185 4.615
8186 5.90652
8187 6.68612
8188 5.15964
8189 5.90287
8190 3.10742
8191 4.31111
8192 4.27724
8193 6.15193
8194 3.90537
8195 7.34684
8196 8.08587
8197 6.47194
8198 4.64048
8199 5.75019
8200 6.22892
8201 6.74528
8202 5.08717
8203 5.48636
8204 4.8853
8205 4.42663
8206 5.56576
8207 4.2833
8208 7.79196
8209 4.91956
8210 6.78578
8211 4.92442
8212 5.0323
8213 5.71308
8214 5.03669
8215 5.33216
8216 3.94874
8217 6.25584
8218 4.2118
8219 6.68922
8220 5.32397
8221 5.60576
8222 5.51352
8223 6.41205
8224 4.26
8225 7.53013
8226 8.29961
8227 7.62726
8228 4.2781
8229 4.35854
8230 8.90012
8231 5.10257
8232 6.33895
8233 4.07309
8234 4.21118
8235 3.15282
8236 9.56822
8237 3.94292
8238 7.08092
8239 5.54005
8240 4.59078
8241 7.01213
8242 6.4483
8243 4.11218
8244 3.2712
8245 5.7694
8246 5.28166
8247 6.0508
8248 4.17023
8249 5.55967
8250 5.95686
8251 5.92617
8252 5.02306
8253 6.55241
8254 7.08572
8255 5.75088
8256 6.59037
8257 5.11416
8258 5.77375
8259 8.64495
8260 5.46174
8261 7.51047
8262 7.54909
8263 4.85113
8264 5.5806
8265 4.67615
8266 3.8999
8267 3.9777
8268 5.42672
8269 4.47492
8270 4.17252
8271 5.54978
8272 4.11448
8273 3.7037
8274 4.44724
8275 4.93627
8276 3.93719
8277 5.81982
8278 6.15468
8279 4.65644
8280 6.59148
8281 6.60104
8282 4.2563
8283 5.61939
8284 6.68072
8285 3.49205
8286 7.81093
8287 4.42537
8288 6.18973
8289 5.52101
8290 3.95977
8291 4.52076
8292 5.97965
8293 4.22983
8294 4.81327
8295 6.04806
8296 7.65563
8297 6.36908
8298 6.79589
8299 3.44072
8300 5.1574
8301 3.44977
8302 8.07266
8303 4.96252
8304 5.19829
8305 4.72081
8306 4.84841
8307 6.31435
8308 8.0388
8309 5.05691
8310 5.29357
8311 8.15392
8312 7.79801
8313 5.05486
8314 5.32508
8315 4.00186
8316 5.77762
8317 6.1161
8318 6.05225
8319 5.22812
8320 5.01499
8321 3.53678
8322 5.62747
8323 5.29058
8324 4.41376
8325 3.47536
8326 8.32208
8327 5.61335
8328 7.72033
8329 4.16867
8330 8.90842
8331 4.75958
8332 3.92616
8333 4.05613
8334 6.08623
8335 3.91203
8336 8.75615
8337 5.76732
8338 3.49917
8339 4.87441
8340 3.78297
8341 4.8289
8342 4.76451
8343 4.28178
8344 4.39946
8345 3.58359
8346 6.77211
8347 3.90715
8348 5.16572
8349 6.43134
8350 4.8062
8351 4.43053
8352 4.89489
8353 4.0456
8354 4.48778
8355 3.30735
8356 3.72063
8357 3.48928
8358 6.4404
8359 6.1038
8360 6.22198
8361 6.99463
8362 4.364
8363 3.735
8364 5.04212
8365 4.89435
8366 5.88452
8367 7.14984
8368 6.82369
8369 3.9385
8370 5.14423
8371 5.68992
8372 3.18026
8373 3.63367
8374 6.12442
8375 5.12271
8376 4.38957
8377 5.81006
8378 5.58002
8379 5.49106
8380 4.86799
8381 6.64327
8382 4.57516
8383 6.97239
8384 6.34693
8385 4.77767
8386 4.30628
8387 4.63065
8388 5.25475
8389 6.14928
8390 7.42417
8391 3.10846
8392 5.52858
8393 4.25779
8394 5.45973
8395 3.86406
8396 5.31213
8397 4.06877
8398 7.59189
8399 4.22625
8400 6.84392
8401 5.5603
8402 3.99939
8403 4.17092
8404 3.87834
8405 4.17079
8406 6.09511
8407 5.39004
8408 3.84397
8409 3.64854
8410 6.2779
8411 4.33591
8412 6.30899
8413 4.5945
8414 5.9185
8415 5.13795
8416 5.19647
8417 5.98552
8418 7.11443
8419 7.05909
8420 9.01991
8421 5.18217
8422 6.55052
8423 6.94835
8424 7.14088
8425 7.32288
8426 4.5539
8427 6.59869
8428 5.71295
8429 3.94032
8430 5.65171
8431 4.73037
8432 5.86152
8433 4.12226
8434 4.84269
8435 4.51711
8436 7.35646
8437 7.423
8438 4.87952
8439 4.03679
8440 7.71637
8441 6.35964
8442 4.93623
8443 3.67338
8444 6.81978
8445 6.92844
8446 8.18912
8447 3.93715
8448 6.1271
8449 8.50869
8450 4.48587
8451 4.14025
8452 3.52276
8453 5.12744
8454 6.47084
8455 7.3439
8456 4.99176
8457 3.68961
8458 4.5789
8459 5.57955
8460 4.27474
8461 4.66831
8462 3.22252
8463 5.89169
8464 4.38112
8465 4.56391
8466 6.0751
8467 4.34629
8468 5.23294
8469 4.83111
8470 4.98091
8471 4.13834
8472 7.45148
8473 5.23062
8474 5.20412
8475 4.3004
8476 7.18671
8477 6.82694
8478 4.15733
8479 3.77039
8480 3.39238
8481 5.54578
8482 4.82467
8483 4.98638
8484 5.23202
8485 6.3755
8486 4.66621
8487 8.56635
8488 3.74366
8489 6.86441
8490 4.32903
8491 3.6763
8492 4.5798
8493 4.32152
8494 6.32722
8495 5.96964
8496 3.26315
8497 4.96027
8498 3.84704
8499 5.2444
8500 4.72731
8501 5.3526
8502 4.64399
8503 5.47735
8504 5.96186
8505 5.70108
8506 4.71032
8507 5.27426
8508 3.83365
8509 6.7789
8510 4.36347
8511 4.27721
8512 7.882
8513 4.08462
8514 5.20335
8515 3.87009
8516 3.46673
8517 3.80901
8518 4.69171
8519 5.04486
8520 4.38409
8521 5.2677
8522 6.97321
8523 8.64402
8524 7.36355
8525 5.64481
8526 5.38218
8527 3.70526
8528 5.6653
8529 5.9425
8530 3.80311
8531 7.03346
8532 7.19947
8533 7.83356
8534 3.36342
8535 4.23419
8536 3.98643
8537 6.11611
8538 7.11125
8539 4.89372
8540 3.9654
8541 9.13053
8542 4.41516
8543 7.02289
8544 4.43388
8545 6.14339
8546 3.92919
8547 3.79486
8548 5.95412
8549 5.08801
8550 9.861
8551 5.63525
8552 4.79639
8553 3.34285
8554 6.83338
8555 5.37534
8556 6.02547
8557 6.63668
8558 5.56528
8559 5.50397
8560 7.68295
8561 5.88969
8562 7.34586
8563 4.57516
8564 6.95206
8565 4.61994
8566 3.95967
8567 7.07233
8568 4.12569
8569 4.66977
8570 6.03741
8571 5.40226
8572 4.72414
8573 6.60273
8574 6.19207
8575 4.4237
8576 6.12211
8577 3.51181
8578 5.98091
8579 8.55678
8580 5.48833
8581 5.03539
8582 6.49454
8583 7.61832
8584 7.58386
8585 6.31959
8586 5.63657
8587 4.08997
8588 6.17663
8589 4.88765
8590 4.30331
8591 4.78355
8592 4.86762
8593 5.43828
8594 4.82605
8595 6.05462
8596 7.31764
8597 4.21926
8598 5.06545
8599 5.50798
8600 4.27694
8601 6.07713
8602 4.09419
8603 6.26678
8604 6.90808
8605 4.88661
8606 9.59809
8607 5.30642
8608 4.58159
8609 8.6599
8610 5.98679
8611 4.52392
8612 3.14653
8613 4.68018
8614 3.80248
8615 4.86263
8616 6.94145
8617 7.03137
8618 5.15872
8619 6.36718
8620 3.75645
8621 7.70605
8622 4.5054
8623 5.12275
8624 5.19874
8625 6.10406
8626 4.66213
8627 6.71752
8628 4.09026
8629 6.50493
8630 7.74296
8631 5.69905
8632 6.31284
8633 6.06951
8634 8.11057
8635 7.26875
8636 7.57008
8637 9.25184
8638 8.02902
8639 4.82905
8640 5.47388
8641 7.89192
8642 5.17196
8643 3.99764
8644 8.81002
8645 4.94973
8646 8.33191
8647 4.58917
8648 5.20573
8649 6.42075
8650 5.01699
8651 5.13774
8652 5.01595
8653 5.3066
8654 5.59866
8655 3.34336
8656 4.72753
8657 5.96481
8658 3.84285
8659 9.10159
8660 5.38978
8661 4.90993
8662 5.70369
8663 3.7016
8664 6.07298
8665 8.74688
8666 6.78749
8667 7.73269
8668 5.32119
8669 4.46401
8670 3.59279
8671 3.62843
8672 3.88918
8673 5.43288
8674 6.78053
8675 3.71429
8676 3.73007
8677 8.99706
8678 5.39858
8679 5.76459
8680 8.3171
8681 3.66925
8682 4.09863
8683 4.48582
8684 4.31983
8685 3.33369
8686 3.78877
8687 3.85623
8688 4.87601
8689 3.72265
8690 3.78626
8691 6.05154
8692 4.15341
8693 4.30639
8694 5.1743
8695 4.91497
8696 7.00988
8697 6.55279
8698 8.76872
8699 6.87484
8700 4.75345
8701 3.63517
8702 3.80007
8703 9.60889
8704 5.23478
8705 7.32201
8706 7.73211
8707 4.6757
8708 4.27631
8709 5.4654
8710 4.87355
8711 4.88983
8712 6.33964
8713 6.32983
8714 6.40649
8715 3.76993
8716 4.29866
8717 5.17073
8718 3.79503
8719 3.54342
8720 5.51572
8721 6.50015
8722 5.27734
8723 4.09203
8724 4.54821
8725 6.75173
8726 5.70864
8727 6.2853
8728 5.40989
8729 6.83674
8730 4.31799
8731 3.99063
8732 6.62
8733 4.89117
8734 7.71895
8735 5.16749
8736 5.25174
8737 5.45941
8738 4.55991
8739 7.18918
8740 8.88087
8741 7.5932
8742 6.02361
8743 9.3435
8744 6.29322
8745 7.00263
8746 3.86274
8747 8.27019
8748 4.34922
8749 5.01762
8750 4.95804
8751 4.97597
8752 4.04986
8753 6.85532
8754 6.93739
8755 6.75845
8756 3.74168
8757 6.3267
8758 3.39811
8759 6.67517
8760 6.31664
8761 8.28374
8762 5.73027
8763 6.24885
8764 4.39749
8765 6.47892
8766 5.24651
8767 5.0426
8768 4.53959
8769 5.36942
8770 4.20966
8771 4.91603
8772 3.51081
8773 3.95044
8774 5.0139
8775 4.20388
8776 3.43627
8777 4.80746
8778 4.25437
8779 6.18431
8780 6.75266
8781 7.91511
8782 3.18696
8783 6.1691
8784 4.31166
8785 5.59643
8786 7.17187
8787 6.6023
8788 6.38445
8789 6.21848
8790 7.75423
8791 4.72517
8792 9.80424
8793 5.19105
8794 4.23303
8795 6.75347
8796 6.81073
8797 4.13336
8798 4.96215
8799 4.99057
8800 6.09037
8801 4.44959
8802 3.76552
8803 9.52309
8804 9.13612
8805 4.12331
8806 3.87558
8807 6.25283
8808 5.21085
8809 4.3007
8810 7.38124
8811 6.98481
8812 4.05863
8813 5.76363
8814 4.98924
8815 4.26324
8816 4.07068
8817 3.30903
8818 6.14127
8819 4.94089
8820 4.2698
8821 5.34593
8822 5.81285
8823 3.28606
8824 4.55898
8825 5.36341
8826 4.89127
8827 6.99711
8828 6.94408
8829 4.02177
8830 6.79929
8831 6.51236
8832 3.30534
8833 6.6917
8834 8.99411
8835 8.7678
8836 3.6987
8837 4.54354
8838 4.31406
8839 3.63449
8840 3.36765
8841 6.46256
8842 4.08598
8843 5.0682
8844 6.78844
8845 7.79002
8846 4.47956
8847 5.3755
8848 4.05996
8849 3.81952
8850 7.78116
8851 7.71218
8852 8.29904
8853 5.1002
8854 5.02117
8855 5.36505
8856 6.02283
8857 6.09525
8858 5.93898
8859 4.77279
8860 3.6481
8861 3.37348
8862 4.31561
8863 5.371
8864 6.87681
8865 5.63295
8866 5.55087
8867 8.44305
8868 5.56831
8869 6.88018
8870 4.34279
8871 6.80427
8872 5.67157
8873 6.53709
8874 4.26303
8875 3.90112
8876 5.10617
8877 4.67637
8878 4.9893
8879 7.20428
8880 4.25162
8881 7.01484
8882 7.03672
8883 3.4577
8884 4.37164
8885 4.09318
8886 6.5435
8887 4.02951
8888 4.78293
8889 6.70889
8890 3.74246
8891 7.84975
8892 5.43225
8893 3.62297
8894 5.99914
8895 6.30433
8896 4.83358
8897 8.75081
8898 5.82172
8899 6.47268
8900 3.96234
8901 4.62869
8902 8.57392
8903 5.94159
8904 5.64243
8905 5.39377
8906 4.56814
8907 6.52149
8908 5.52302
8909 5.32599
8910 5.44022
8911 5.93469
8912 4.95349
8913 3.62076
8914 6.37469
8915 7.78583
8916 6.76181
8917 5.04147
8918 4.20575
8919 9.14917
8920 6.67579
8921 4.64013
8922 5.55328
8923 4.81821
8924 4.07104
8925 4.16458
8926 6.4395
8927 5.91168
8928 3.57021
8929 6.4412
8930 4.34397
8931 5.29069
8932 4.21488
8933 4.53423
8934 3.58883
8935 7.27034
8936 6.55907
8937 7.63654
8938 3.77278
8939 5.48317
8940 5.45576
8941 9.68317
8942 3.52384
8943 5.09738
8944 6.28007
8945 4.41087
8946 6.19159
8947 4.29832
8948 5.71816
8949 6.13492
8950 4.25853
8951 4.13936
8952 6.48788
8953 7.35734
8954 4.69451
8955 3.49304
8956 4.44055
8957 4.73635
8958 7.75127
8959 6.25467
8960 5.74038
8961 5.38339
8962 5.75391
8963 6.21467
8964 5.04511
8965 6.32718
8966 3.88138
8967 3.17787
8968 3.52038
8969 4.24426
8970 5.2552
8971 4.00965
8972 4.07762
8973 5.79918
8974 6.19014
8975 5.46599
8976 4.06046
8977 3.99026
8978 6.97029
8979 6.17468
8980 3.33195
8981 3.47617
8982 7.20845
8983 4.94271
8984 6.0294
8985 5.56714
8986 3.92887
8987 8.56002
8988 6.3648
8989 6.21403
8990 5.85768
8991 5.27099
8992 4.69201
8993 4.97451
8994 4.82974
8995 7.76817
8996 4.4045
8997 5.63704
8998 4.21486
8999 3.84003
9000 6.22691
9001 4.59077
9002 4.48201
9003 4.26351
9004 7.40651
9005 6.75607
9006 4.25615
9007 3.72791
9008 5.87208
9009 6.95467
9010 6.82815
9011 6.6037
9012 4.67582
9013 4.39959
9014 7.69731
9015 4.66962
9016 6.36477
9017 5.67837
9018 5.45712
9019 7.65769
9020 8.32414
9021 7.94498
9022 4.52568
9023 3.79262
9024 4.58375
9025 5.97213
9026 3.73844
9027 3.54259
9028 3.58775
9029 5.69784
9030 5.83739
9031 4.84085
9032 3.32358
9033 5.07474
9034 6.83747
9035 4.83912
9036 4.40413
9037 5.40908
9038 3.85595
9039 3.87773
9040 4.08574
9041 5.32651
9042 5.81055
9043 3.79666
9044 6.98457
9045 5.85038
9046 4.85341
9047 6.43412
9048 3.78941
9049 4.39115
9050 3.9075
9051 3.1432
9052 5.62296
9053 7.70353
9054 4.38733
9055 8.06943
9056 8.60581
9057 4.2833
9058 4.13283
9059 6.22727
9060 4.6172
9061 5.93213
9062 5.57153
9063 3.95079
9064 6.51441
9065 5.46719
9066 3.43631
9067 3.7549
9068 5.4834
9069 9.57482
9070 5.35989
9071 4.76235
9072 4.65215
9073 3.63089
9074 4.74087
9075 5.44338
9076 4.68828
9077 6.306
9078 4.85934
9079 8.48592
9080 5.78728
9081 6.20267
9082 4.06267
9083 4.98122
9084 4.66903
9085 3.75028
9086 4.70475
9087 4.58083
9088 3.67165
9089 3.73589
9090 3.48154
9091 4.90144
9092 4.92192
9093 3.45301
9094 4.07819
9095 3.80133
9096 3.16663
9097 6.0534
9098 5.16363
9099 5.15739
9100 6.66447
9101 5.25946
9102 3.74178
9103 5.23552
9104 5.92301
9105 8.05617
9106 7.35506
9107 5.69849
9108 5.6527
9109 5.02044
9110 4.72717
9111 5.70993
9112 4.76357
9113 4.73718
9114 3.42136
9115 5.28695
9116 4.19539
9117 6.38919
9118 7.0745
9119 4.53948
9120 5.12431
9121 4.40818
9122 5.02636
9123 8.31217
9124 4.71753
9125 5.97543
9126 5.57907
9127 5.21103
9128 7.50181
9129 4.8574
9130 5.34743
9131 8.68833
9132 6.09427
9133 5.42196
9134 6.74408
9135 4.76311
9136 8.48318
9137 6.07914
9138 6.10042
9139 6.45557
9140 4.91062
9141 5.13805
9142 5.44203
9143 6.27284
9144 6.37006
9145 3.93605
9146 4.1567
9147 5.60766
9148 4.07856
9149 6.469
9150 4.31394
9151 4.23553
9152 5.9315
9153 7.10446
9154 4.77836
9155 5.96464
9156 4.77737
9157 5.55022
9158 5.33262
9159 4.6109
9160 4.81608
9161 4.90034
9162 4.83549
9163 3.87692
9164 3.6223
9165 3.8463
9166 4.73946
9167 7.4883
9168 7.19127
9169 4.38352
9170 5.47616
9171 3.1575
9172 3.59841
9173 3.35039
9174 4.74102
9175 4.50641
9176 6.73535
9177 4.46991
9178 6.0805
9179 7.05774
9180 5.16007
9181 8.52175
9182 5.9312
9183 8.06805
9184 8.61443
9185 4.34205
9186 3.47618
9187 5.03957
9188 5.95764
9189 4.79774
9190 4.35949
9191 7.51174
9192 4.81448
9193 6.04581
9194 5.388
9195 5.63309
9196 6.6697
9197 5.38556
9198 4.19003
9199 4.6434
9200 4.89429
9201 5.40949
9202 3.89367
9203 9.70857
9204 5.92798
9205 4.73466
9206 9.97091
9207 4.02792
9208 7.10814
9209 4.1143
9210 7.31886
9211 9.89645
9212 6.17165
9213 4.59493
9214 4.38208
9215 4.84134
9216 4.28884
9217 3.86344
9218 5.88687
9219 3.29829
9220 4.94962
9221 3.99576
9222 8.17092
9223 3.97943
9224 5.82129
9225 5.7477
9226 9.4447
9227 4.5285
9228 4.08499
9229 7.82627
9230 3.33777
9231 5.53763
9232 6.80723
9233 6.1472
9234 8.28567
9235 8.38086
9236 4.05356
9237 3.51154
9238 4.52484
9239 6.47248
9240 3.69281
9241 5.08931
9242 4.75715
9243 4.3187
9244 4.949
9245 5.48907
9246 7.24175
9247 3.53361
9248 6.43076
9249 5.82839
9250 3.95487
9251 3.68996
9252 3.16037
9253 7.80053
9254 4.24375
9255 3.4959
9256 8.48408
9257 8.91745
9258 9.52224
9259 7.17242
9260 4.78587
9261 9.90694
9262 5.13059
9263 3.60575
9264 3.6671
9265 5.84919
9266 5.91707
9267 4.52849
9268 5.2716
9269 4.3925
9270 4.5348
9271 4.4906
9272 8.47771
9273 4.19249
9274 5.90014
9275 8.98872
9276 8.95743
9277 4.29208
9278 3.73887
9279 6.93648
9280 3.8913
9281 8.48029
9282 5.05714
9283 6.05297
9284 8.35304
9285 7.56042
9286 4.49726
9287 4.21718
9288 5.34882
9289 4.40824
9290 5.95721
9291 5.72002
9292 5.65311
9293 3.57319
9294 4.33894
9295 5.3218
9296 6.29241
9297 8.09133
9298 8.6214
9299 7.38531
9300 5.8461
9301 5.3171
9302 6.41896
9303 4.92669
9304 5.48076
9305 3.83917
9306 7.78493
9307 4.61289
9308 3.43216
9309 5.4627
9310 3.66383
9311 4.20523
9312 7.11237
9313 8.99164
9314 3.31719
9315 7.96239
9316 6.82272
9317 9.51892
9318 5.88505
9319 6.76136
9320 6.85658
9321 8.43001
9322 4.96623
9323 6.7612
9324 3.70922
9325 5.32435
9326 3.32795
9327 8.95998
9328 5.35516
9329 5.27673
9330 4.98441
9331 5.22349
9332 7.10754
9333 4.07587
9334 7.87316
9335 4.78176
9336 9.188
9337 4.80075
9338 3.13638
9339 4.45219
9340 4.97236
9341 4.48662
9342 4.7294
9343 8.18957
9344 8.43969
9345 5.38576
9346 5.96201
9347 3.45528
9348 8.61492
9349 6.11917
9350 4.74604
9351 7.65455
9352 3.40254
9353 3.58582
9354 5.52388
9355 8.39158
9356 6.50063
9357 5.02927
9358 5.07672
9359 5.725
9360 3.79407
9361 6.20649
9362 3.32727
9363 5.29835
9364 5.08822
9365 6.21491
9366 5.38626
9367 8.77858
9368 6.59351
9369 5.64792
9370 7.01584
9371 6.66989
9372 3.83625
9373 4.69749
9374 7.80206
9375 3.98067
9376 3.54713
9377 5.66002
9378 7.95636
9379 7.54245
9380 7.27446
9381 5.89595
9382 5.61914
9383 5.50777
9384 5.16516
9385 8.08005
9386 8.58391
9387 9.6272
9388 4.71572
9389 3.83583
9390 3.89297
9391 7.10209
9392 4.90922
9393 6.52695
9394 8.01403
9395 3.76398
9396 7.38597
9397 3.44328
9398 7.21886
9399 6.26732
9400 4.36291
9401 4.94568
9402 5.73331
9403 7.86528
9404 6.74305
9405 3.82979
9406 6.4593
9407 5.25914
9408 3.37309
9409 4.84731
9410 3.75571
9411 3.9907
9412 3.586
9413 6.4597
9414 9.71447
9415 4.66539
9416 5.9541
9417 8.14097
9418 3.84031
9419 4.52235
9420 4.29073
9421 4.82423
9422 3.58491
9423 5.96874
9424 4.81892
9425 7.73581
9426 5.41538
9427 6.80174
9428 3.77941
9429 5.77774
9430 4.80946
9431 7.9094
9432 6.17803
9433 4.45367
9434 3.80103
9435 9.28988
9436 6.18669
9437 3.62931
9438 5.53016
9439 8.82017
9440 4.73195
9441 3.79098
9442 7.20075
9443 8.61803
9444 4.62609
9445 9.93536
9446 5.76747
9447 6.98686
9448 5.09633
9449 4.11769
9450 5.69133
9451 6.06329
9452 6.5511
9453 4.31284
9454 6.71599
9455 4.00477
9456 4.72255
9457 4.54817
9458 6.37229
9459 5.85084
9460 3.48172
9461 4.9095
9462 9.70537
9463 5.40456
9464 4.73693
9465 4.72294
9466 4.6481
9467 6.34001
9468 6.75405
9469 6.63277
9470 4.7076
9471 4.3286
9472 7.78013
9473 6.15655
9474 7.44462
9475 4.70037
9476 5.19043
9477 3.96582
9478 5.5744
9479 4.22115
9480 4.77009
9481 4.52523
9482 7.61395
9483 4.88769
9484 3.87219
9485 7.31097
9486 5.29432
9487 9.60355
9488 7.69439
9489 8.47596
9490 6.97068
9491 5.70435
9492 4.54063
9493 3.82468
9494 5.68901
9495 7.22975
9496 5.56439
9497 6.4863
9498 5.58962
9499 5.23591
9500 8.66959
9501 4.906
9502 4.89459
9503 4.05831
9504 5.78947
9505 6.05448
9506 4.0779
9507 3.72923
9508 5.63438
9509 9.31845
9510 4.98961
9511 4.00712
9512 3.49891
9513 6.99757
9514 7.06477
9515 8.15285
9516 6.52851
9517 4.90561
9518 4.37838
9519 6.29327
9520 3.79151
9521 5.45663
9522 8.22622
9523 8.23139
9524 5.90025
9525 7.94341
9526 5.59545
9527 4.42659
9528 4.61306
9529 4.05989
9530 6.16808
9531 4.5433
9532 6.29449
9533 4.91963
9534 5.39476
9535 3.74342
9536 5.55763
9537 8.18017
9538 3.54082
9539 5.75589
9540 6.7314
9541 4.18682
9542 4.71369
9543 3.70341
9544 5.89456
9545 4.90395
9546 5.70175
9547 6.12791
9548 3.79407
9549 6.4513
9550 7.8028
9551 5.08304
9552 8.57936
9553 7.01375
9554 3.4326
9555 7.99943
9556 5.17282
9557 4.55539
9558 4.50982
9559 6.38874
9560 4.5058
9561 5.39868
9562 3.31429
9563 6.16034
9564 4.20252
9565 8.99664
9566 5.33281
9567 6.11675
9568 6.28011
9569 5.64048
9570 4.11391
9571 5.01539
9572 5.1583
9573 3.6719
9574 6.76058
9575 5.12519
9576 5.4426
9577 6.35731
9578 4.68175
9579 5.44569
9580 5.96117
9581 6.177
9582 5.55736
9583 7.88653
9584 4.84728
9585 6.89008
9586 4.10167
9587 4.13601
9588 3.50406
9589 4.35524
9590 6.00389
9591 7.29158
9592 4.88186
9593 6.37618
9594 4.30258
9595 3.24276
9596 5.97605
9597 8.89828
9598 4.038
9599 3.51019
9600 6.17055
9601 5.6361
9602 3.66798
9603 5.60877
9604 3.52354
9605 4.53548
9606 3.57319
9607 4.00193
9608 4.84216
9609 7.48163
9610 5.90436
9611 7.21298
9612 7.49992
9613 4.45597
9614 5.7116
9615 8.31131
9616 5.04593
9617 5.62849
9618 6.82755
9619 7.40365
9620 5.05953
9621 3.58338
9622 3.56821
9623 4.56221
9624 5.30969
9625 9.33228
9626 4.69697
9627 4.97312
9628 5.79744
9629 5.01181
9630 5.92528
9631 7.44196
9632 7.30504
9633 4.58685
9634 5.5274
9635 4.68146
9636 5.55693
9637 4.96358
9638 4.43444
9639 8.37475
9640 4.03594
9641 5.93368
9642 6.13692
9643 3.41297
9644 3.50102
9645 7.65438
9646 5.18793
9647 4.14438
9648 3.86321
9649 6.18492
9650 4.125
9651 4.47171
9652 4.53999
9653 8.29442
9654 6.06644
9655 4.01564
9656 4.91859
9657 5.99332
9658 4.78648
9659 4.5113
9660 5.19696
9661 5.38279
9662 6.15841
9663 4.47958
9664 3.60566
9665 6.8796
9666 4.74919
9667 4.38538
9668 5.95916
9669 6.81719
9670 5.64468
9671 7.31896
9672 7.20382
9673 3.89328
9674 4.8969
9675 3.9098
9676 3.65304
9677 4.33954
9678 6.49674
9679 5.28431
9680 6.82798
9681 7.0549
9682 3.87564
9683 7.50314
9684 6.3601
9685 9.87963
9686 5.71287
9687 5.09469
9688 5.79197
9689 5.0019
9690 8.11635
9691 6.16923
9692 8.40492
9693 4.85333
9694 3.25189
9695 4.75068
9696 3.98962
9697 4.2966
9698 8.2624
9699 6.71032
9700 4.01007
9701 6.12269
9702 6.44887
9703 4.16111
9704 3.83063
9705 4.73826
9706 4.03853
9707 5.19757
9708 3.92751
9709 6.43869
9710 5.89004
9711 3.87329
9712 4.75906
9713 4.56085
9714 5.75333
9715 6.83079
9716 4.08486
9717 5.25264
9718 8.31962
9719 5.35427
9720 4.52827
9721 4.05531
9722 3.93113
9723 4.74975
9724 4.23536
9725 6.47974
9726 6.11913
9727 5.30151
9728 3.8704
9729 4.34927
9730 7.99985
9731 3.54373
9732 4.43185
9733 4.36343
9734 4.55004
9735 6.3489
9736 5.03106
9737 5.44145
9738 6.54531
9739 6.55303
9740 5.7116
9741 5.33094
9742 4.63014
9743 6.4467
9744 7.00803
9745 5.55454
9746 4.07893
9747 5.55919
9748 6.62786
9749 5.79996
9750 5.39175
9751 4.64793
9752 9.10867
9753 6.16011
9754 6.64239
9755 4.81206
9756 7.24507
9757 3.94281
9758 6.73957
9759 5.02408
9760 8.6519
9761 7.5198
9762 4.82126
9763 5.66907
9764 4.36979
9765 3.96727
9766 4.33196
9767 5.14498
9768 3.78917
9769 4.13112
9770 5.85665
9771 5.32499
9772 7.49411
9773 3.80389
9774 5.34184
9775 6.42481
9776 6.62226
9777 4.94447
9778 4.49623
9779 6.79696
9780 6.13465
9781 8.14297
9782 4.85486
9783 7.37378
9784 5.26917
9785 7.98255
9786 3.38159
9787 7.58099
9788 6.36889
9789 3.16921
9790 3.3725
9791 6.86516
9792 4.7948
9793 6.03657
9794 4.53918
9795 6.28197
9796 5.10007
9797 5.21318
9798 3.79562
9799 4.47038
9800 4.97731
9801 4.73701
9802 5.25418
9803 5.37075
9804 4.0033
9805 6.83445
9806 5.41971
9807 8.58525
9808 6.26016
9809 5.13734
9810 7.70429
9811 4.92472
9812 5.88575
9813 4.41076
9814 7.07298
9815 8.27524
9816 6.34647
9817 4.73656
9818 4.91741
9819 3.25627
9820 7.72149
9821 3.27178
9822 7.92121
9823 5.60975
9824 4.80076
9825 7.3032
9826 8.4297
9827 3.82391
9828 5.44405
9829 4.68538
9830 4.19598
9831 5.90919
9832 6.67405
9833 4.40281
9834 7.64604
9835 4.53804
9836 5.71141
9837 6.52248
9838 6.37609
9839 5.01802
9840 4.57433
9841 4.6636
9842 4.14088
9843 5.46399
9844 4.51842
9845 5.15587
9846 3.82885
9847 3.66353
9848 5.7768
9849 3.96725
9850 8.86454
9851 5.47307
9852 7.31556
9853 3.36948
9854 4.22049
9855 5.52393
9856 5.2509
9857 6.96732
9858 7.53249
9859 6.74495
9860 4.0251
9861 4.40298
9862 5.60147
9863 5.22233
9864 4.36623
9865 4.44895
9866 8.09712
9867 6.93461
9868 5.77566
9869 8.15237
9870 4.01926
9871 5.58003
9872 4.95077
9873 5.71101
9874 6.06967
9875 8.6571
9876 4.64003
9877 6.72074
9878 4.6884
9879 6.44304
9880 4.36884
9881 6.75033
9882 8.06174
9883 3.892
9884 5.93571
9885 3.25097
9886 4.13842
9887 5.58666
9888 4.82215
9889 3.48418
9890 5.64725
9891 3.85333
9892 8.54466
9893 8.282
9894 6.20863
9895 4.60567
9896 6.27416
9897 5.45248
9898 5.0739
9899 4.2348
9900 4.16584
9901 6.89165
9902 3.59773
9903 8.5301
9904 5.57002
9905 4.26067
9906 5.16082
9907 4.74763
9908 4.79141
9909 7.23648
9910 5.64955
9911 6.02647
9912 4.02989
9913 4.40365
9914 5.37549
9915 3.93177
9916 5.16417
9917 3.99641
9918 6.38074
9919 3.37436
9920 6.50245
9921 3.85827
9922 6.15783
9923 5.44948
9924 5.96838
9925 5.71388
9926 4.51929
9927 4.12554
9928 4.49245
9929 5.06966
9930 6.24661
9931 7.13579
9932 5.03724
9933 4.07718
9934 6.98562
9935 6.63895
9936 6.79504
9937 5.3783
9938 5.35863
9939 5.63875
9940 5.52794
9941 8.05866
9942 8.09868
9943 6.15018
9944 5.43717
9945 3.89601
9946 3.96242
9947 7.58778
9948 5.89399
9949 6.12548
9950 4.21733
9951 5.61
9952 4.61573
9953 5.17474
9954 8.15589
9955 7.16687
9956 3.7886
9957 6.4071
9958 5.02811
9959 5.99896
9960 6.5021
9961 7.87936
9962 5.12185
9963 7.15685
9964 5.05864
9965 3.25324
9966 5.60169
9967 4.99679
9968 4.59488
9969 5.11589
9970 5.96352
9971 6.64898
9972 9.51265
9973 3.86649
9974 5.80759
9975 6.11124
9976 3.85919
9977 3.69435
9978 4.32389
9979 6.29666
9980 9.57472
9981 8.06204
9982 7.24889
9983 8.95302
9984 4.34358
9985 4.50699
9986 3.70975
9987 4.91362
9988 5.74355
9989 5.80328
9990 5.92248
9991 4.29812
9992 4.0829
9993 4.1987
9994 4.35315
9995 4.20301
9996 4.23451
9997 5.01543
9998 4.39025
9999 5.25168
10000 3.66982
10001 8.74762
10002 6.26698
10003 7.88448
10004 5.87276
10005 6.927
10006 3.10224
10007 4.28912
10008 8.12813
10009 4.1121
10010 5.32755
10011 3.63989
10012 7.50903
10013 4.49172
10014 4.13651
10015 3.9949
10016 4.78181
10017 4.91553
10018 6.7801
10019 9.20596
10020 5.53298
10021 8.394
10022 9.3846
10023 6.49396
10024 4.06686
10025 7.56816
10026 5.22372
10027 5.76748
10028 7.85935
10029 3.59387
10030 5.37238
10031 6.58636
10032 5.60854
10033 6.24534
10034 8.17263
10035 4.02432
10036 6.37949
10037 5.34164
10038 4.53749
10039 4.73652
10040 4.65655
10041 5.11305
10042 4.0156
10043 5.45232
10044 4.4301
10045 7.34802
10046 4.66757
10047 5.48509
10048 7.29073
10049 6.01087
10050 4.58263
10051 4.40109
10052 8.77674
10053 7.34619
10054 4.81106
10055 8.18245
10056 3.88993
10057 3.68528
10058 3.79469
10059 4.23114
10060 4.08007
10061 6.96612
10062 6.86663
10063 4.51925
10064 6.78738
10065 7.94295
10066 3.7572
10067 6.24689
10068 3.11526
10069 3.87667
10070 4.5629
10071 6.73494
10072 4.44771
10073 4.16844
10074 4.60334
10075 9.69214
10076 7.77725
10077 5.17631
10078 3.4222
10079 5.86633
10080 5.02192
10081 7.37516
10082 7.68356
10083 8.05386
10084 4.90738
10085 5.03991
10086 6.45105
10087 6.38016
10088 4.21662
10089 5.10965
10090 6.71191
10091 3.49329
10092 6.98913
10093 7.73298
10094 5.50983
10095 5.66496
10096 6.67529
10097 6.81759
10098 4.35616
10099 5.98142
10100 4.25588
10101 7.17861
10102 3.64107
10103 4.38118
10104 4.18687
10105 3.95694
10106 6.66722
10107 5.31075
10108 3.68701
10109 3.9526
10110 3.21797
10111 6.91277
10112 4.12265
10113 5.61656
10114 6.19891
10115 6.16851
10116 5.14427
10117 6.73059
10118 6.8104
10119 5.76671
10120 3.81188
10121 4.86571
10122 6.91443
10123 5.19712
10124 5.17948
10125 9.53855
10126 4.60424
10127 4.60786
10128 7.69809
10129 5.16981
10130 7.29686
10131 4.39303
10132 3.50676
10133 4.12136
10134 6.59045
10135 6.2121
10136 7.71974
10137 5.26927
10138 7.34499
10139 5.9684
10140 6.44765
10141 3.81234
10142 4.42087
10143 3.46973
10144 7.67608
10145 9.36286
10146 6.54573
10147 5.4945
10148 4.26128
10149 5.76125
10150 4.18758
10151 5.64072
10152 5.55805
10153 8.51515
10154 3.93719
10155 5.82002
10156 3.87881
10157 3.71318
10158 6.1521
10159 6.58956
10160 5.40295
10161 6.592
10162 8.90597
10163 9.16221
10164 6.10351
10165 4.92618
10166 7.92179
10167 6.45573
10168 5.43798
10169 4.09622
10170 3.95674
10171 3.68845
10172 4.16749
10173 4.43333
10174 4.63502
10175 5.30105
10176 6.79654
10177 6.17951
10178 7.75396
10179 4.43123
10180 6.55806
10181 4.38055
10182 7.64685
10183 8.65881
10184 5.71862
10185 3.47979
10186 4.96906
10187 6.06118
10188 7.43931
10189 4.64661
10190 5.02268
10191 5.24495
10192 6.16571
10193 3.94093
10194 6.48239
10195 6.61392
10196 4.55224
10197 7.08937
10198 4.41071
10199 4.51615
10200 6.94147
10201 5.06091
10202 4.20976
10203 3.47771
10204 6.09439
10205 4.65524
10206 7.80864
10207 5.79336
10208 6.18663
10209 5.43261
10210 4.71132
10211 4.04278
10212 5.97104
10213 6.13025
10214 5.01266
10215 4.64054
10216 4.72536
10217 6.62957
10218 4.14589
10219 4.46988
10220 4.79066
10221 9.16765
10222 4.26725
10223 6.22992
10224 4.23905
10225 7.63944
10226 8.65126
10227 5.74216
10228 6.47665
10229 8.02831
10230 4.77925
10231 7.03516
10232 7.41901
10233 5.35795
10234 8.63238
10235 4.83807
10236 7.37438
10237 6.43787
10238 5.75005
10239 5.75298
10240 4.03084
10241 6.36966
10242 4.98011
10243 4.79855
10244 4.97186
10245 4.19481
10246 8.84443
10247 5.40203
10248 4.6361
10249 6.32662
10250 4.08877
10251 3.27872
10252 9.46713
10253 3.75807
10254 4.08366
10255 5.91198
10256 5.98865
10257 6.12249
10258 5.18478
10259 4.86464
10260 4.79758
10261 5.50775
10262 5.42622
10263 5.53632
10264 7.2675
10265 3.92465
10266 4.35904
10267 8.26645
10268 6.40678
10269 4.29291
10270 8.42357
10271 3.57994
10272 4.29872
10273 6.33099
10274 7.88771
10275 5.71915
10276 5.83788
10277 5.31351
10278 4.33335
10279 4.56088
10280 4.3139
10281 6.87148
10282 5.31344
10283 8.26136
10284 4.33482
10285 6.30456
10286 5.58879
10287 4.86191
10288 4.78626
10289 4.78856
10290 5.95305
10291 5.05651
10292 8.89763
10293 4.62393
10294 3.9255
10295 4.75721
10296 5.50347
10297 4.47854
10298 5.59557
10299 6.83162
10300 6.66553
10301 3.51276
10302 4.41159
10303 5.14975
10304 6.51545
10305 5.82174
10306 4.1324
10307 5.3722
10308 4.17848
10309 4.64851
10310 7.92406
10311 4.72252
10312 6.20804
10313 4.30889
10314 7.76164
10315 6.98438
10316 6.76956
10317 4.83943
10318 6.17698
10319 4.21822
10320 7.91729
10321 3.31626
10322 3.99929
10323 4.88732
10324 5.05853
10325 3.93362
10326 8.38243
10327 5.01548
10328 6.80568
10329 7.56639
10330 3.86768
10331 6.46977
10332 4.80131
10333 5.38656
10334 4.54034
10335 6.40841
10336 5.54051
10337 5.76462
10338 7.70348
10339 4.49483
10340 3.17571
10341 5.90403
10342 5.49818
10343 4.37074
10344 3.89355
10345 5.49189
10346 3.70872
10347 4.08429
10348 3.77203
10349 5.99988
10350 4.03302
10351 5.97878
10352 3.64227
10353 5.07253
10354 3.92895
10355 3.40701
10356 3.68572
10357 7.4823
10358 4.12012
10359 6.40283
10360 4.96562
10361 5.51875
10362 4.95715
10363 3.83647
10364 5.55828
10365 6.81145
10366 6.1185
10367 5.94948
10368 7.56944
10369 6.36625
10370 3.91742
10371 6.5527
10372 5.2602
10373 9.6763
10374 9.1067
10375 8.04266
10376 6.8205
10377 4.39797
10378 4.85705
10379 5.86391
10380 4.46206
10381 5.52551
10382 5.6785
10383 5.36874
10384 8.04544
10385 6.46897
10386 4.14633
10387 6.39628
10388 3.08991
10389 3.44545
10390 5.50846
10391 4.01341
10392 4.28179
10393 4.32456
10394 4.03109
10395 3.18343
10396 5.2463
10397 5.50976
10398 5.30229
10399 4.81249
10400 4.21136
10401 4.43146
10402 4.88416
10403 4.48057
10404 5.04013
10405 3.46301
10406 7.59459
10407 3.37045
10408 4.37648
10409 3.55261
10410 6.13723
10411 5.32759
10412 6.75463
10413 6.87413
10414 3.74183
10415 9.02452
10416 7.24583
10417 3.82902
10418 6.59448
10419 4.20356
10420 6.14746
10421 4.06042
10422 5.16667
10423 5.32521
10424 6.21047
10425 6.41267
10426 4.77484
10427 6.12376
10428 5.98121
10429 5.51009
10430 5.23846
10431 7.42451
10432 5.03821
10433 8.83683
10434 3.74686
10435 5.7224
10436 7.04854
10437 5.19557
10438 5.71967
10439 5.2423
10440 4.32085
10441 5.5747
10442 8.64482
10443 6.29406
10444 8.97628
10445 5.64848
10446 3.73752
10447 3.16779
10448 4.2826
10449 8.97143
10450 5.27664
10451 7.82115
10452 4.82837
10453 4.88893
10454 6.16693
10455 4.35927
10456 5.70778
10457 4.813
10458 5.18007
10459 4.82875
10460 5.46821
10461 6.40383
10462 5.36112
10463 6.28879
10464 8.23595
10465 6.90493
10466 4.16228
10467 6.84305
10468 3.48677
10469 6.78975
10470 4.99715
10471 5.25605
10472 6.28023
10473 3.65987
10474 5.29864
10475 4.01912
10476 6.09503
10477 6.73671
10478 5.48497
10479 5.14033
10480 8.63554
10481 6.9412
10482 6.13112
10483 6.22497
10484 5.62411
10485 4.09941
10486 6.37583
10487 6.87747
10488 5.03892
10489 7.13604
10490 5.03259
10491 6.94245
10492 5.58151
10493 5.96997
10494 3.73509
10495 5.43115
10496 5.61278
10497 5.51578
10498 6.79925
10499 7.17257
10500 6.53692
10501 4.66553
10502 4.58291
10503 3.738
10504 6.84846
10505 5.5612
10506 6.14977
10507 5.30132
10508 6.65589
10509 3.83654
10510 8.79241
10511 3.9055
10512 5.15583
10513 6.99238
10514 3.58644
10515 5.14331
10516 6.29926
10517 5.23431
10518 7.58679
10519 8.06903
10520 7.1905
10521 4.10834
10522 8.77718
10523 6.04874
10524 3.9575
10525 7.81689
10526 5.48177
10527 6.04537
10528 3.60844
10529 6.0212
10530 6.11953
10531 3.91699
10532 5.28159
10533 4.17324
10534 4.18337
10535 6.1661
10536 7.1324
10537 3.78976
10538 4.54024
10539 6.02369
10540 3.66443
10541 5.48694
10542 4.9192
10543 8.39667
10544 5.58767
10545 5.77238
10546 6.33056
10547 7.36975
10548 3.70939
10549 6.06082
10550 6.15697
10551 3.50793
10552 3.8221
10553 6.45389
10554 7.09646
10555 5.92211
10556 5.05154
10557 5.93037
10558 6.65237
10559 6.32337
10560 6.00118
10561 4.42982
10562 5.74665
10563 3.90138
10564 3.85113
10565 6.33163
10566 4.38964
10567 3.89087
10568 5.4241
10569 6.79595
10570 4.11898
10571 4.27456
10572 4.85793
10573 4.45022
10574 4.76426
10575 6.31924
10576 5.59911
10577 8.36646
10578 5.06128
10579 6.24608
10580 4.57137
10581 7.35759
10582 6.91758
10583 4.68666
10584 6.41573
10585 4.74733
10586 4.05514
10587 7.86064
10588 4.83724
10589 5.41978
10590 6.35243
10591 4.40911
10592 4.92539
10593 4.7072
10594 3.63767
10595 5.02572
10596 9.25081
10597 6.49143
10598 3.8108
10599 7.8075
10600 4.95074
10601 7.01019
10602 4.79677
10603 5.81554
10604 4.269
10605 3.53395
10606 6.29945
10607 6.09409
10608 6.58375
10609 5.55871
10610 4.48101
10611 4.6101
10612 5.81579
10613 3.43214
10614 6.60447
10615 5.77493
10616 4.93365
10617 5.14847
10618 5.98097
10619 5.29257
10620 4.17624
10621 3.3622
10622 4.33254
10623 4.48419
10624 7.06005
10625 5.28416
10626 8.94571
10627 3.87824
10628 3.94571
10629 7.47961
10630 4.53619
10631 5.98749
10632 6.23719
10633 8.87777
10634 6.53445
10635 3.62199
10636 8.22627
10637 7.05559
10638 8.52888
10639 4.31065
10640 3.89567
10641 6.51299
10642 8.07947
10643 6.49299
10644 3.90332
10645 4.11687
10646 5.44364
10647 3.97527
10648 5.39882
10649 4.01243
10650 6.28749
10651 3.50156
10652 4.99367
10653 3.39941
10654 3.34503
10655 4.65517
10656 4.59184
10657 6.25502
10658 6.97272
10659 7.22121
10660 5.44186
10661 4.28154
10662 7.25135
10663 7.5037
10664 7.37793
10665 4.94972
10666 9.80546
10667 9.82584
10668 3.93106
10669 6.78674
10670 5.02459
10671 3.77061
10672 8.59227
10673 4.68008
10674 4.64805
10675 7.10073
10676 4.15329
10677 5.87296
10678 6.52969
10679 9.02874
10680 5.99647
10681 6.90761
10682 5.26952
10683 4.27218
10684 5.60899
10685 4.19631
10686 3.25986
10687 5.17058
10688 5.88273
10689 7.59176
10690 8.77526
10691 8.25401
10692 8.91825
10693 5.98845
10694 3.41893
10695 6.44696
10696 5.35572
10697 3.60666
10698 6.33552
10699 6.06991
10700 4.78702
10701 4.10502
10702 4.56751
10703 4.25842
10704 4.45364
10705 4.31853
10706 4.78662
10707 5.0587
10708 8.21005
10709 7.94491
10710 7.56398
10711 4.21967
10712 4.16429
10713 4.66576
10714 9.29993
10715 3.85888
10716 5.87069
10717 4.73794
10718 6.00642
10719 4.85455
10720 5.97633
10721 8.28004
10722 6.53812
10723 3.61023
10724 3.79513
10725 7.58062
10726 7.38222
10727 6.38769
10728 4.41831
10729 8.22571
10730 4.96084
10731 5.48708
10732 3.52287
10733 6.11733
10734 5.15492
10735 4.48899
10736 4.58125
10737 6.42838
10738 4.63894
10739 4.17981
10740 6.48978
10741 4.46226
10742 3.50318
10743 3.66741
10744 5.93864
10745 5.04223
10746 8.89306
10747 4.00648
10748 3.60853
10749 4.02227
10750 5.20499
10751 4.13483
10752 4.47574
10753 4.743
10754 3.93429
10755 5.89115
10756 5.44715
10757 5.61286
10758 6.67704
10759 5.99478
10760 3.54631
10761 3.82015
10762 7.37912
10763 4.97511
10764 5.16151
10765 5.8253
10766 9.03091
10767 5.0371
10768 3.47759
10769 5.18084
10770 3.18317
10771 3.93304
10772 3.99149
10773 8.47091
10774 4.04026
10775 5.6554
10776 4.27905
10777 7.06774
10778 3.90966
10779 5.42377
10780 6.01341
10781 3.93546
10782 5.91756
10783 7.52469
10784 8.5092
10785 4.3456
10786 4.18993
10787 6.46751
10788 6.94247
10789 8.31157
10790 6.24968
10791 9.72815
10792 5.52492
10793 4.44093
10794 6.38686
10795 4.79332
10796 4.73732
10797 3.81936
10798 6.38345
10799 4.19007
10800 7.2976
10801 5.96814
10802 3.79851
10803 4.18756
10804 5.35115
10805 3.88852
10806 4.90824
10807 6.34998
10808 5.29657
10809 5.33694
10810 6.68628
10811 5.13109
10812 4.46185
10813 6.99816
10814 7.75615
10815 5.75481
10816 6.49592
10817 4.46378
10818 6.40233
10819 6.23992
10820 4.19567
10821 5.26227
10822 4.65651
10823 3.9322
10824 5.90013
10825 4.35458
10826 3.22362
10827 4.39637
10828 4.69098
10829 6.40333
10830 4.32122
10831 7.07795
10832 6.32442
10833 5.78722
10834 4.19505
10835 4.48432
10836 4.03979
10837 7.96609
10838 5.67464
10839 8.06024
10840 4.06374
10841 3.21564
10842 6.09309
10843 4.10114
10844 3.59756
10845 3.21998
10846 3.97903
10847 8.10626
10848 5.47166
10849 4.59673
10850 6.23832
10851 3.18638
10852 6.77477
10853 4.27321
10854 5.94389
10855 6.03922
10856 4.57213
10857 7.92484
10858 5.10027
10859 6.44052
10860 6.84636
10861 5.81973
10862 5.62325
10863 6.39584
10864 7.36135
10865 6.79338
10866 3.96828
10867 4.70816
10868 7.24395
10869 4.42784
10870 4.74922
10871 4.00985
10872 4.04053
10873 3.65325
10874 7.16456
10875 4.74473
10876 5.21285
10877 5.53258
10878 7.48766
10879 4.36787
10880 3.33762
10881 7.40103
10882 5.03722
10883 5.59869
10884 4.6817
10885 4.18956
10886 6.23584
10887 6.17008
10888 5.67827
10889 4.21614
10890 4.86663
10891 8.38942
10892 6.29507
10893 7.19293
10894 4.41664
10895 3.59094
10896 3.78484
10897 4.95419
10898 3.92445
10899 7.2609
10900 4.96179
10901 4.83835
10902 4.79231
10903 7.42534
10904 9.69921
10905 4.2795
10906 4.06839
10907 6.29477
10908 8.09591
10909 7.11197
10910 5.08406
10911 3.87953
10912 4.80222
10913 3.44845
10914 5.42805
10915 4.1586
10916 5.35203
10917 8.7535
10918 6.23961
10919 7.1293
10920 4.16816
10921 6.26748
10922 7.12355
10923 6.32526
10924 7.79203
10925 6.27954
10926 7.79121
10927 7.05774
10928 5.2126
10929 8.2082
10930 4.91398
10931 5.4565
10932 6.77135
10933 8.62687
10934 5.08885
10935 6.40126
10936 3.41842
10937 4.97365
10938 3.92107
10939 3.87511
10940 5.26536
10941 7.07308
10942 5.7943
10943 5.0557
10944 7.50493
10945 3.3906
10946 4.16116
10947 4.54129
10948 8.8956
10949 6.96317
10950 6.54152
10951 5.25503
10952 3.33871
10953 4.40263
10954 5.29119
10955 6.47023
10956 4.51727
10957 5.43199
10958 7.50689
10959 6.14121
10960 7.70114
10961 5.73397
10962 5.06509
10963 7.79362
10964 3.93559
10965 4.69862
10966 4.076
10967 5.80123
10968 5.75391
10969 5.84468
10970 7.93869
10971 4.71083
10972 4.74862
10973 7.4385
10974 8.05796
10975 6.17085
10976 5.49933
10977 8.88242
10978 3.91371
10979 5.59061
10980 7.53699
10981 3.80837
10982 7.9836
10983 6.64037
10984 6.05646
10985 7.47886
10986 3.46464
10987 4.90105
10988 6.11412
10989 7.3395
10990 5.25594
10991 4.2974
10992 3.94586
10993 4.69775
10994 3.40674
10995 6.89392
10996 4.19957
10997 6.1302
10998 6.72978
10999 6.74988
11000 5.73519
11001 5.92186
11002 4.53028
11003 3.95165
11004 4.25171
11005 6.0397
11006 3.14036
11007 8.56713
11008 6.29556
11009 6.78892
11010 7.44446
11011 6.63817
11012 7.76284
11013 5.47161
11014 6.3059
11015 4.90106
11016 3.34764
11017 4.62877
11018 5.32369
11019 6.17347
11020 3.53539
11021 5.77982
11022 5.748
11023 6.67978
11024 5.61627
11025 3.75494
11026 4.76984
11027 4.2968
11028 3.31937
11029 4.55344
11030 6.94122
11031 5.05639
11032 4.06261
11033 7.04916
11034 4.09216
11035 4.19567
11036 4.40396
11037 3.7607
11038 3.116
11039 7.71787
11040 5.99701
11041 5.50658
11042 5.35233
11043 7.74167
11044 4.01068
11045 7.40296
11046 4.81945
11047 4.39228
11048 3.85519
11049 4.88214
11050 6.5173
11051 3.43748
11052 5.58067
11053 7.51829
11054 7.27194
11055 8.10438
11056 4.00701
11057 4.75765
11058 5.82775
11059 5.84566
11060 4.29251
11061 4.75975
11062 7.08437
11063 5.51913
11064 3.48331
11065 5.62566
11066 4.90709
11067 7.50123
11068 3.39209
11069 4.53105
11070 6.59656
11071 4.8852
11072 3.63469
11073 4.47214
11074 3.75839
11075 5.80613
11076 3.82095
11077 5.99442
11078 6.08266
11079 5.01993
11080 3.20116
11081 3.60866
11082 6.09593
11083 4.66935
11084 4.88193
11085 4.67522
11086 5.33479
11087 3.51956
11088 6.59043
11089 6.2415
11090 6.37702
11091 4.5322
11092 8.15851
11093 5.68383
11094 3.7809
11095 6.41164
11096 4.55033
11097 6.39257
11098 6.15698
11099 6.47162
11100 4.60308
11101 4.25101
11102 6.19593
11103 4.20827
11104 4.53593
11105 4.95733
11106 5.53454
11107 4.78282
11108 4.07461
11109 4.52663
11110 8.69279
11111 5.20374
11112 6.13241
11113 7.98427
11114 4.80862
11115 8.76821
11116 4.38269
11117 7.44163
11118 3.36334
11119 5.68191
11120 3.92188
11121 8.24973
11122 7.03463
11123 5.76154
11124 3.46483
11125 4.31978
11126 5.79714
11127 4.36656
11128 3.45586
11129 3.25617
11130 4.53047
11131 6.28992
11132 5.64825
11133 8.29901
11134 4.5669
11135 4.51886
11136 8.69295
11137 5.41827
11138 3.53206
11139 4.12104
11140 3.14347
11141 5.43229
11142 5.38176
11143 5.07948
11144 3.58628
11145 3.63296
11146 4.99325
11147 5.28168
11148 3.41146
11149 3.86651
11150 5.23486
11151 4.3234
11152 8.90128
11153 5.65099
11154 9.42559
11155 5.48916
11156 7.40408
11157 6.1211
11158 6.61208
11159 4.34935
11160 4.51937
11161 5.04913
11162 6.49718
11163 4.74082
11164 4.88133
11165 7.18864
11166 5.82489
11167 7.85987
11168 3.93877
11169 4.60263
11170 6.56844
11171 8.11196
11172 5.6618
11173 5.55693
11174 5.09548
11175 3.2076
11176 7.45648
11177 7.75731
11178 5.44704
11179 4.75832
11180 6.25021
11181 6.26759
11182 4.90503
11183 4.9931
11184 3.6632
11185 5.51286
11186 5.67508
11187 5.74366
11188 6.05529
11189 4.7049
11190 5.17209
11191 4.46496
11192 5.58322
11193 7.0541
11194 7.29975
11195 5.03867
11196 4.48678
11197 5.30427
11198 6.01309
11199 8.496
11200 5.20523
11201 5.78451
11202 6.57502
11203 4.91317
11204 5.42527
11205 4.99632
11206 8.7027
11207 5.10701
11208 5.47874
11209 3.74436
11210 6.54497
11211 5.78687
11212 5.99934
11213 3.89803
11214 6.28705
11215 6.20975
11216 6.43036
11217 6.28894
11218 4.29882
11219 4.98984
11220 5.93801
11221 9.31334
11222 9.98872
11223 6.92328
11224 7.81349
11225 6.3989
11226 5.97015
11227 6.58673
11228 7.99262
11229 4.10642
11230 4.59999
11231 9.35928
11232 6.45929
11233 6.14426
11234 7.19234
11235 6.58208
11236 3.33127
11237 7.15788
11238 8.47955
11239 5.85332
11240 3.90347
11241 6.80834
11242 4.06157
11243 6.06509
11244 9.21651
11245 6.42609
11246 3.35463
11247 4.93156
11248 6.89563
11249 5.54228
11250 6.59019
11251 3.5521
11252 5.16722
11253 5.91314
11254 5.42253
11255 4.09524
11256 4.09037
11257 3.25724
11258 3.71727
11259 3.58088
11260 5.35963
11261 3.98841
11262 7.36753
11263 4.37317
11264 8.64939
11265 3.22092
11266 4.81066
11267 4.76849
11268 4.77294
11269 6.17402
11270 3.53608
11271 3.47588
11272 5.27495
11273 4.40334
11274 6.9053
11275 8.13101
11276 3.92967
11277 3.77088
11278 3.59537
11279 9.92697
11280 6.85286
11281 6.65847
11282 3.23981
11283 3.69035
11284 6.8123
11285 4.69534
11286 4.48059
11287 5.67855
11288 3.96777
11289 5.69842
11290 4.27924
11291 4.15692
11292 5.68408
11293 6.78065
11294 8.25857
11295 7.47119
11296 8.36406
11297 7.16
11298 6.18244
11299 5.19126
11300 3.18674
11301 5.31296
11302 9.0962
11303 7.10117
11304 4.48405
11305 7.05749
11306 3.90496
11307 5.55523
11308 7.58425
11309 4.34576
11310 5.15699
11311 4.21287
11312 4.71632
11313 3.93848
11314 8.39957
11315 4.91
11316 7.35888
11317 4.10184
11318 4.75554
11319 4.12626
11320 8.54779
11321 8.258
11322 4.11307
11323 4.42069
11324 5.12809
11325 4.52037
11326 6.14593
11327 8.18784
11328 5.85281
11329 4.66047
11330 5.29015
11331 6.25405
11332 4.89122
11333 3.81888
11334 4.77042
11335 5.45017
11336 4.95152
11337 8.50336
11338 7.31913
11339 5.42161
11340 4.15594
11341 4.52779
11342 5.59971
11343 4.54339
11344 8.96717
11345 5.67291
11346 6.7798
11347 5.84426
11348 7.38346
11349 4.00851
11350 4.82812
11351 5.91622
11352 7.94819
11353 9.21251
11354 9.97939
11355 4.02896
11356 5.58544
11357 6.74293
11358 4.69362
11359 5.18877
11360 3.68026
11361 3.06475
11362 4.64957
11363 6.00535
11364 6.03726
11365 5.73166
11366 4.81769
11367 5.76358
11368 5.77055
11369 3.78594
11370 4.63596
11371 6.93509
11372 3.98451
11373 5.66493
11374 5.2868
11375 3.24955
11376 5.59023
11377 8.41274
11378 5.33922
11379 9.1415
11380 7.46676
11381 7.91511
11382 5.18575
11383 5.64663
11384 5.82027
11385 7.27187
11386 4.71341
11387 4.42186
11388 3.44969
11389 8.13311
11390 5.85362
11391 4.04084
11392 7.85298
11393 6.58424
11394 9.18969
11395 8.59514
11396 5.46563
11397 5.97749
11398 4.81792
11399 4.13562
11400 3.9651
11401 6.11694
11402 5.99862
11403 9.1774
11404 7.88925
11405 5.94629
11406 7.01007
11407 4.02475
11408 5.24927
11409 4.20059
11410 5.59752
11411 8.95379
11412 7.27133
11413 4.6526
11414 3.4391
11415 6.68782
11416 5.70851
11417 7.27672
11418 5.05947
11419 5.69311
11420 4.71784
11421 4.16658
11422 6.40193
11423 6.14682
11424 7.26636
11425 5.40427
11426 3.90246
11427 5.07333
11428 5.66757
11429 6.09221
11430 8.27491
11431 4.71278
11432 9.78341
11433 6.86325
11434 3.60838
11435 4.01648
11436 9.80617
11437 6.38579
11438 6.40398
11439 6.06267
11440 3.6629
11441 4.94415
11442 3.92823
11443 8.93194
11444 4.41585
11445 3.60318
11446 8.10557
11447 7.74775
11448 7.27666
11449 3.77657
11450 4.97153
11451 5.82411
11452 7.88314
11453 4.76602
11454 6.15938
11455 5.22002
11456 8.51655
11457 3.16532
11458 4.56148
11459 3.9284
11460 5.28383
11461 5.16296
11462 6.2532
11463 6.87646
11464 4.84705
11465 3.55034
11466 5.56163
11467 4.32953
11468 6.50306
11469 5.57894
11470 8.14817
11471 9.45538
11472 7.9152
11473 7.3364
11474 5.8074
11475 6.30022
11476 3.96625
11477 6.81412
11478 4.83382
11479 5.3856
11480 7.58355
11481 6.39478
11482 7.67131
11483 5.10337
11484 4.26585
11485 3.66315
11486 5.05115
11487 3.72999
11488 6.58968
11489 4.64133
11490 6.60613
11491 4.56465
11492 3.68343
11493 5.31803
11494 4.39125
11495 4.58879
11496 4.68023
11497 7.71434
11498 6.84001
11499 3.75678
11500 6.75906
11501 6.3459
11502 3.55795
11503 3.43874
11504 4.42633
11505 7.72682
11506 3.65662
11507 4.75464
11508 4.34912
11509 6.3441
11510 7.14593
11511 5.62975
11512 8.47868
11513 3.38704
11514 3.61372
11515 5.98973
11516 3.9975
11517 4.05511
11518 6.81663
11519 6.41694
11520 8.36364
11521 6.98971
11522 5.46399
11523 7.38033
11524 6.42952
11525 6.31394
11526 6.28279
11527 5.73933
11528 8.45506
11529 4.10413
11530 7.70513
11531 5.95111
11532 4.1219
11533 4.96572
11534 4.04189
11535 7.99562
11536 3.74673
11537 5.78119
11538 3.13561
11539 5.26496
11540 5.66757
11541 7.18349
11542 3.8425
11543 5.36465
11544 5.55165
11545 6.84755
11546 3.67767
11547 5.5873
11548 4.29693
11549 4.75388
11550 5.53044
11551 9.89951
11552 6.09008
11553 4.54366
11554 4.73822
11555 6.91073
11556 6.29486
11557 6.35049
11558 6.79015
11559 5.2268
11560 3.41586
11561 3.7249
11562 4.06637
11563 3.56681
11564 4.20835
11565 7.7378
11566 9.90619
11567 6.62728
11568 7.58119
11569 7.11253
11570 7.81501
11571 4.27751
11572 4.60668
11573 7.19373
11574 3.98187
11575 7.37743
11576 4.64224
11577 5.92887
11578 9.44871
11579 7.71565
11580 4.50366
11581 7.08456
11582 4.98253
11583 5.52102
11584 6.31865
11585 5.48193
11586 6.58429
11587 7.7568
11588 3.50166
11589 5.94982
11590 3.55638
11591 5.53193
11592 8.91185
11593 5.29344
11594 5.55978
11595 6.50855
11596 5.70895
11597 9.45567
11598 6.13047
11599 6.26849
11600 8.42906
11601 5.15601
11602 3.21133
11603 6.73209
11604 6.51036
11605 3.54014
11606 5.21978
11607 3.75489
11608 5.39206
11609 7.15776
11610 5.29547
11611 5.55171
11612 7.34335
11613 5.71366
11614 5.20872
11615 4.77564
11616 3.54763
11617 4.64312
11618 3.92493
11619 5.26906
11620 5.99089
11621 3.70387
11622 5.87321
11623 5.5939
11624 5.28181
11625 6.81162
11626 4.31815
11627 6.98027
11628 4.02104
11629 7.34416
11630 7.38622
11631 7.2468
11632 5.35456
11633 4.7436
11634 7.00756
11635 3.79171
11636 5.02019
11637 8.64906
11638 4.55728
11639 5.24898
11640 5.663
11641 6.24479
11642 5.84268
11643 6.80267
11644 8.23669
11645 9.67789
11646 7.33136
11647 6.78422
11648 8.95287
11649 6.87984
11650 9.4202
11651 4.7107
11652 4.3801
11653 9.22479
11654 3.58892
11655 9.50981
11656 5.24043
11657 3.72171
11658 5.64946
11659 8.50057
11660 5.78213
11661 8.34707
11662 4.79936
11663 4.7072
11664 4.72664
11665 5.08709
11666 6.8719
11667 6.29447
11668 3.99697
11669 4.25
11670 4.41166
11671 8.05309
11672 5.81937
11673 6.59494
11674 7.57101
11675 6.17343
11676 4.94517
11677 6.43625
11678 6.51383
11679 3.89589
11680 7.47045
11681 6.37115
11682 5.99667
11683 7.56375
11684 5.95625
11685 7.4727
11686 5.13812
11687 4.91623
11688 5.53076
11689 5.17649
11690 6.57293
11691 3.17861
11692 7.28469
11693 6.9013
11694 5.68476
11695 4.75398
11696 4.16427
11697 4.68337
11698 4.47748
11699 7.61248
11700 5.74023
11701 4.00811
11702 6.72605
11703 3.5209
11704 6.04571
11705 6.43232
11706 4.99091
11707 6.20288
11708 6.04973
11709 7.10613
11710 6.41346
11711 6.08352
11712 6.7977
11713 3.66853
11714 4.55997
11715 7.90187
11716 5.02406
11717 7.95539
11718 5.02758
11719 6.29859
11720 7.6001
11721 4.56233
11722 4.55592
11723 4.28799
11724 9.99007
11725 5.09938
11726 4.88169
11727 5.89034
11728 4.19147
11729 6.01554
11730 5.55505
11731 5.44976
11732 4.67786
11733 4.50929
11734 7.06215
11735 6.73763
11736 8.30936
11737 8.52215
11738 3.32835
11739 3.56389
11740 9.79976
11741 6.6956
11742 4.14943
11743 5.27916
11744 4.11412
11745 4.60617
11746 4.30519
11747 4.98119
11748 5.24862
11749 4.48013
11750 4.58638
11751 9.05915
11752 3.77983
11753 5.90912
11754 5.88528
11755 8.98781
11756 5.30455
11757 7.48741
11758 4.7913
11759 4.13787
11760 5.88548
11761 4.09824
11762 8.24624
11763 6.7549
11764 3.2717
11765 6.83348
11766 4.72705
11767 5.733
11768 9.64841
11769 6.43019
11770 6.02596
11771 5.04158
11772 6.19398
11773 4.39759
11774 7.51936
11775 5.52128
11776 3.66694
11777 5.1682
11778 5.8988
11779 5.16493
11780 3.93905
11781 5.38094
11782 3.98001
11783 3.55771
11784 5.7836
11785 7.63781
11786 3.62937
11787 6.0341
11788 5.91769
11789 4.14785
11790 8.27019
11791 7.06589
11792 7.0233
11793 4.2043
11794 3.61703
11795 6.56017
11796 8.22137
11797 4.23246
11798 3.68485
11799 6.65705
11800 4.92685
11801 5.76739
11802 7.42363
11803 5.18492
11804 9.1944
11805 6.40097
11806 5.9688
11807 6.17885
11808 4.58129
11809 4.88783
11810 4.40383
11811 6.43735
11812 6.94539
11813 3.93873
11814 3.8764
11815 4.92654
11816 3.57719
11817 3.60339
11818 5.84951
11819 6.24993
11820 4.07831
11821 3.99629
11822 3.47723
11823 3.71
11824 6.17915
11825 3.67224
11826 4.85271
11827 4.08784
11828 4.18978
11829 6.08092
11830 5.51279
11831 4.32427
11832 8.65234
11833 3.68674
11834 6.2545
11835 3.89007
11836 4.34048
11837 7.7549
11838 7.44485
11839 4.35436
11840 6.40495
11841 6.75258
11842 6.30479
11843 4.12456
11844 4.41454
11845 6.57071
11846 7.81069
11847 5.88144
11848 5.92971
11849 4.85338
11850 7.29268
11851 5.90924
11852 5.88333
11853 6.79495
11854 6.61446
11855 4.51066
11856 5.93995
11857 6.55134
11858 3.8608
11859 4.09897
11860 5.1439
11861 9.52698
11862 3.92109
11863 5.48479
11864 4.51266
11865 5.10055
11866 4.35741
11867 6.23656
11868 4.58656
11869 3.31604
11870 6.13047
11871 6.32528
11872 7.57664
11873 3.22041
11874 5.09604
11875 7.58343
11876 5.84147
11877 6.54062
11878 7.96252
11879 4.89375
11880 3.90571
11881 3.50186
11882 6.12594
11883 5.89072
11884 5.35592
11885 7.21657
11886 6.06775
11887 5.09913
11888 9.76148
11889 6.79372
11890 6.43481
11891 4.09547
11892 5.38645
11893 5.89213
11894 5.60733
11895 3.57338
11896 5.37483
11897 5.34852
11898 3.77656
11899 4.50967
11900 6.43706
11901 7.61895
11902 4.51028
11903 5.54454
11904 8.00321
11905 3.98818
11906 3.4706
11907 5.91492
11908 7.41635
11909 3.42171
11910 6.48411
11911 5.26477
11912 7.29717
11913 5.35897
11914 7.67953
11915 5.44172
11916 3.95041
11917 6.57668
11918 4.97637
11919 5.34643
11920 7.62934
11921 4.37309
11922 6.41534
11923 4.84387
11924 3.75429
11925 4.68806
11926 3.83775
11927 9.27407
11928 4.99053
11929 5.73225
11930 8.41566
11931 5.80008
11932 4.30496
11933 4.4743
11934 5.96017
11935 4.66384
11936 7.51512
11937 4.4392
11938 4.59858
11939 3.46978
11940 7.55553
11941 6.61534
11942 4.076
11943 6.52052
11944 7.38298
11945 3.97924
11946 5.79845
11947 8.65994
11948 5.09222
11949 4.40277
11950 4.92049
11951 3.26525
11952 4.23311
11953 4.82991
11954 5.57745
11955 5.09231
11956 3.43669
11957 4.07387
11958 4.25514
11959 3.92118
11960 3.96085
11961 9.40934
11962 4.03493
11963 7.17136
11964 4.70392
11965 4.58423
11966 6.97095
11967 4.0195
11968 6.1002
11969 4.18273
11970 9.65636
11971 5.86524
11972 9.0849
11973 7.70665
11974 4.46738
11975 4.63481
11976 8.17428
11977 6.65953
11978 5.1842
11979 5.14438
11980 6.66485
11981 4.04138
11982 5.19807
11983 5.45205
11984 4.91072
11985 4.95355
11986 6.82068
11987 7.0816
11988 5.98926
11989 6.66415
11990 6.14191
11991 5.74608
11992 6.6759
11993 3.46509
11994 5.4051
11995 3.70747
11996 6.18566
11997 5.68214
11998 7.63754
11999 4.85674
12000 6.65113
12001 3.66645
12002 8.08843
12003 3.61647
12004 3.92776
12005 3.42028
12006 5.88309
12007 5.35427
12008 4.72777
12009 4.96616
12010 5.85772
12011 7.17459
12012 3.24195
12013 4.90141
12014 6.29649
12015 3.57714
12016 6.67744
12017 4.59757
12018 4.80881
12019 8.14994
12020 4.06155
12021 6.69834
12022 7.19725
12023 9.02394
12024 3.46713
12025 5.1803
12026 6.30697
12027 4.17565
12028 3.57014
12029 8.11226
12030 4.43018
12031 7.25243
12032 3.96223
12033 3.7189
12034 5.00705
12035 5.30134
12036 5.88836
12037 6.64114
12038 6.22515
12039 4.20108
12040 8.10846
12041 5.74863
12042 4.66135
12043 8.61139
12044 3.77261
12045 7.3264
12046 5.76665
12047 8.14398
12048 3.95688
12049 7.47032
12050 4.07727
12051 4.32313
12052 6.98716
12053 7.0383
12054 8.48465
12055 6.45001
12056 3.892
12057 6.13926
12058 4.78066
12059 4.16368
12060 3.38103
12061 4.04608
12062 3.80379
12063 5.2467
12064 8.0506
12065 3.83061
12066 6.3437
12067 4.72368
12068 5.32169
12069 4.84855
12070 5.32196
12071 7.17725
12072 3.2986
12073 8.1056
12074 4.19255
12075 5.00511
12076 4.32814
12077 6.29758
12078 5.37013
12079 9.02371
12080 5.3888
12081 5.27865
12082 8.34977
12083 3.84406
12084 4.43768
12085 6.02815
12086 3.90878
12087 7.6705
12088 3.81836
12089 5.01218
12090 6.43254
12091 7.3609
12092 4.13012
12093 3.43574
12094 5.92231
12095 4.01961
12096 8.05951
12097 5.09221
12098 8.83888
12099 5.31574
12100 5.41646
12101 4.9917
12102 4.23299
12103 7.78154
12104 8.1478
12105 5.68551
12106 6.89976
12107 4.93296
12108 7.64377
12109 7.29345
12110 4.96358
12111 6.34941
12112 8.86297
12113 6.81461
12114 5.74384
12115 5.54691
12116 6.291
12117 7.97064
12118 7.80009
12119 4.77775
12120 4.03856
12121 7.33986
12122 8.60786
12123 4.00786
12124 6.75629
12125 6.11275
12126 5.08292
12127 4.36137
12128 5.5879
12129 4.04904
12130 4.49333
12131 4.81455
12132 7.62476
12133 6.13905
12134 6.21972
12135 4.36907
12136 6.68454
12137 4.51127
12138 4.09097
12139 5.74979
12140 4.80031
12141 4.049
12142 6.73872
12143 6.19973
12144 3.4734
12145 5.42076
12146 4.65419
12147 5.96061
12148 3.64115
12149 3.63534
12150 4.72462
12151 4.34982
12152 3.82187
12153 7.99691
12154 4.75508
12155 7.30322
12156 8.14508
12157 7.70593
12158 7.30593
12159 4.94199
12160 6.23455
12161 4.23572
12162 5.26613
12163 3.94594
12164 3.61125
12165 7.88334
12166 5.32934
12167 7.67735
12168 7.98583
12169 4.92179
12170 5.87405
12171 6.50381
12172 7.63936
12173 8.48216
12174 5.18211
12175 6.03474
12176 7.20157
12177 5.56333
12178 4.76376
12179 4.23255
12180 5.93368
12181 4.78029
12182 6.11512
12183 4.93906
12184 5.87266
12185 8.28763
12186 4.63008
12187 5.92112
12188 5.06147
12189 6.18985
12190 9.89667
12191 5.94212
12192 6.38021
12193 7.02812
12194 9.09524
12195 3.94384
12196 5.13504
12197 7.0403
12198 6.68203
12199 5.31202
12200 3.6778
12201 5.56311
12202 6.99235
12203 4.39361
12204 4.7448
12205 4.50958
12206 7.21911
12207 8.67346
12208 5.07039
12209 6.79736
12210 9.69032
12211 4.87202
12212 4.71865
12213 7.60999
12214 4.65092
12215 7.90351
12216 8.65999
12217 5.07931
12218 6.8477
12219 4.65623
12220 4.19864
12221 4.26814
12222 7.79631
12223 5.75164
12224 5.88926
12225 8.28653
12226 6.40011
12227 3.87913
12228 3.4354
12229 4.22038
12230 3.44422
12231 3.9709
12232 3.18839
12233 4.37093
12234 4.43006
12235 6.41677
12236 4.02463
12237 3.52188
12238 6.31722
12239 7.49948
12240 6.05079
12241 9.16193
12242 4.27081
12243 3.28339
12244 7.59102
12245 8.77166
12246 3.57204
12247 8.35247
12248 4.00632
12249 5.71414
12250 6.87657
12251 4.42612
12252 6.73177
12253 7.02843
12254 9.04266
12255 5.07214
12256 7.0614
12257 6.26373
12258 6.047
12259 5.18418
12260 7.69849
12261 6.53824
12262 8.08704
12263 3.99412
12264 4.75087
12265 4.19415
12266 4.12375
12267 5.60492
12268 4.63957
12269 3.90809
12270 4.81391
12271 4.98229
12272 5.18276
12273 6.67835
12274 5.88092
12275 5.54415
12276 6.69472
12277 5.25766
12278 7.39048
12279 4.3542
12280 7.24489
12281 3.78082
12282 4.47931
12283 3.40186
12284 3.65299
12285 4.73421
12286 4.81392
12287 3.59762
12288 5.29806
12289 7.30249
12290 7.4792
12291 6.71453
12292 3.51636
12293 5.3202
12294 6.30895
12295 3.80879
12296 7.38486
12297 4.92975
12298 8.40733
12299 5.38215
12300 7.49952
12301 4.20374
12302 9.14899
12303 8.40207
12304 5.14339
12305 5.17057
12306 4.0543
12307 5.9838
12308 3.8624
12309 7.56243
12310 5.75652
12311 4.41937
12312 7.44905
12313 4.10773
12314 6.3883
12315 4.82372
12316 3.64341
12317 4.61893
12318 6.08685
12319 3.85647
12320 4.26191
12321 4.99484
12322 6.56755
12323 5.1628
12324 6.29877
12325 5.60012
12326 4.02997
12327 6.21404
12328 7.16313
12329 4.62351
12330 7.79375
12331 4.33345
12332 6.88271
12333 4.44501
12334 3.87574
12335 8.27274
12336 3.2975
12337 5.5482
12338 5.3851
12339 5.12108
12340 8.60849
12341 3.99934
12342 5.09165
12343 4.96686
12344 5.47991
12345 3.39296
12346 6.0426
12347 4.43543
12348 6.20299
12349 6.05855
12350 3.70245
12351 4.69092
12352 4.69645
12353 3.61391
12354 4.6265
12355 3.58961
12356 5.31312
12357 9.63377
12358 5.27432
12359 7.40785
12360 5.3396
12361 5.05679
12362 3.71307
12363 4.14521
12364 3.4791
12365 4.64758
12366 4.38666
12367 5.34952
12368 4.83428
12369 6.74924
12370 6.90939
12371 5.01833
12372 6.12029
12373 5.46307
12374 3.86675
12375 8.05569
12376 8.44082
12377 4.03595
12378 7.71828
12379 5.90345
12380 5.01968
12381 7.30581
12382 5.46051
12383 4.86741
12384 6.22805
12385 4.10567
12386 5.8712
12387 3.65817
12388 4.45905
12389 5.18387
12390 3.91071
12391 4.11327
12392 6.37012
12393 5.86293
12394 9.0308
12395 5.75543
12396 4.4204
12397 6.17626
12398 5.7163
12399 5.93825
12400 4.95909
12401 3.64833
12402 5.30658
12403 8.36809
12404 3.27357
12405 3.74051
12406 3.85059
12407 6.55711
12408 5.73784
12409 4.16144
12410 3.19179
12411 6.48034
12412 6.18083
12413 5.92411
12414 6.16538
12415 4.29303
12416 3.71838
12417 5.92146
12418 7.89211
12419 7.07649
12420 6.65024
12421 7.64516
12422 4.47031
12423 7.73218
12424 4.04198
12425 6.88401
12426 4.14844
12427 6.32243
12428 6.88192
12429 7.04718
12430 8.45498
12431 8.21632
12432 4.31372
12433 7.3308
12434 6.55528
12435 9.52953
12436 4.27491
12437 3.48947
12438 3.7247
12439 3.97132
12440 3.39727
12441 5.5448
12442 7.92334
12443 8.16029
12444 3.60172
12445 3.93668
12446 4.22309
12447 4.92228
12448 8.04415
12449 4.57942
12450 8.80162
12451 5.02907
12452 4.21437
12453 3.8387
12454 5.92797
12455 6.77272
12456 5.87374
12457 5.25809
12458 5.55117
12459 6.1353
12460 5.49689
12461 6.6343
12462 4.36354
12463 6.09165
12464 4.38885
12465 8.61491
12466 3.66053
12467 6.12206
12468 7.49291
12469 3.95758
12470 3.84893
12471 8.45411
12472 7.47786
12473 6.41064
12474 3.73943
12475 5.68726
12476 3.71623
12477 3.67591
12478 8.73461
12479 7.25744
12480 3.88076
12481 4.85674
12482 6.47944
12483 6.34856
12484 6.37621
12485 6.02424
12486 3.70713
12487 6.57398
12488 8.33055
12489 8.27813
12490 5.29655
12491 7.88619
12492 7.16446
12493 4.16398
12494 7.4331
12495 4.80329
12496 5.26666
12497 4.7457
12498 8.31929
12499 8.07956
12500 3.75759
12501 6.69178
12502 4.74155
12503 4.01299
12504 5.26207
12505 8.00911
12506 7.87548
12507 4.09321
12508 5.33927
12509 9.85269
12510 7.57508
12511 3.36252
12512 3.72551
12513 5.87997
12514 4.12707
12515 5.85286
12516 3.92583
12517 6.30402
12518 6.82507
12519 7.64456
12520 6.38753
12521 5.12196
12522 5.66021
12523 4.25145
12524 5.97525
12525 3.36267
12526 4.65288
12527 3.96583
12528 8.31881
12529 6.54
12530 4.07912
12531 4.71532
12532 4.71586
12533 5.76854
12534 4.43009
12535 6.89175
12536 8.4033
12537 5.72149
12538 7.37269
12539 7.02334
12540 8.00884
12541 6.74451
12542 4.04188
12543 3.87958
12544 5.01125
12545 4.47398
12546 4.54779
12547 5.87208
12548 4.35512
12549 6.2476
12550 4.83829
12551 4.00321
12552 3.99536
12553 8.74422
12554 4.439
12555 4.2898
12556 4.42923
12557 4.09842
12558 4.27968
12559 7.96608
12560 8.12272
12561 7.36727
12562 6.04257
12563 3.63479
12564 5.32406
12565 5.84896
12566 5.05325
12567 5.09065
12568 5.23529
12569 3.6571
12570 5.84793
12571 7.12089
12572 5.09002
12573 6.51262
12574 4.33038
12575 4.70121
12576 6.95256
12577 7.75089
12578 6.70667
12579 4.66391
12580 5.30387
12581 6.70314
12582 5.21353
12583 6.64133
12584 4.5739
12585 3.99686
12586 6.71331
12587 7.36067
12588 6.65986
12589 6.23714
12590 5.89662
12591 5.87565
12592 5.76066
12593 6.44759
12594 7.5598
12595 4.63125
12596 6.94097
12597 6.46239
12598 5.25666
12599 5.0337
12600 4.23791
12601 4.51696
12602 4.18202
12603 8.56628
12604 6.79736
12605 5.47597
12606 7.50802
12607 4.29467
12608 4.33394
12609 5.34812
12610 4.63363
12611 4.85708
12612 5.29214
12613 6.24686
12614 6.18212
12615 5.92609
12616 5.1248
12617 6.62257
12618 4.51462
12619 5.90518
12620 4.96858
12621 7.38649
12622 4.1285
12623 4.90025
12624 7.54438
12625 5.50582
12626 5.59153
12627 7.90691
12628 6.93413
12629 4.9906
12630 6.55128
12631 7.9919
12632 6.301
12633 3.85421
12634 4.12702
12635 4.40428
12636 5.41284
12637 4.95307
12638 3.8676
12639 7.71614
12640 4.02446
12641 6.61921
12642 7.4427
12643 6.38657
12644 9.20094
12645 4.9359
12646 6.59773
12647 5.77127
12648 3.43721
12649 4.73745
12650 7.24223
12651 5.12993
12652 4.91866
12653 4.41847
12654 3.57485
12655 4.10349
12656 4.79348
12657 5.76458
12658 5.92449
12659 6.53717
12660 4.4013
12661 7.23401
12662 3.98019
12663 7.5596
12664 4.25742
12665 4.69678
12666 4.28658
12667 8.45734
12668 8.58
12669 7.00701
12670 6.85092
12671 4.75161
12672 7.02654
12673 5.50931
12674 4.60475
12675 5.95349
12676 7.0315
12677 5.33307
12678 5.94187
12679 5.46147
12680 5.03579
12681 4.56029
12682 6.61015
12683 4.36073
12684 5.69999
12685 6.42009
12686 9.67332
12687 5.27724
12688 9.74538
12689 4.61412
12690 4.5629
12691 4.87976
12692 8.03411
12693 6.83146
12694 8.58066
12695 5.27341
12696 3.37803
12697 3.96803
12698 5.59948
12699 4.51955
12700 7.32131
12701 4.84907
12702 4.23925
12703 5.22825
12704 7.45346
12705 4.13571
12706 5.53167
12707 7.93969
12708 4.63801
12709 4.28017
12710 8.41733
12711 4.1937
12712 4.67438
12713 4.33686
12714 3.62139
12715 7.36879
12716 4.892
12717 4.1569
12718 3.54659
12719 5.58806
12720 7.56418
12721 6.22551
12722 7.54021
12723 5.41261
12724 4.13721
12725 3.93331
12726 6.64684
12727 5.54407
12728 6.95934
12729 5.19378
12730 6.50221
12731 8.72292
12732 5.69318
12733 4.97997
12734 8.00433
12735 6.44534
12736 3.9506
12737 6.92658
12738 5.26141
12739 5.42009
12740 3.7984
12741 3.89198
12742 5.48032
12743 5.90577
12744 4.47617
12745 6.44354
12746 5.84562
12747 4.47523
12748 5.05608
12749 5.2434
12750 3.83287
12751 4.64018
12752 4.96969
12753 4.73612
12754 7.41106
12755 8.56731
12756 3.86985
12757 5.18243
12758 4.92889
12759 5.73437
12760 4.97184
12761 8.84879
12762 3.40916
12763 3.25576
12764 5.73275
12765 3.65499
12766 7.72076
12767 8.12094
12768 6.52629
12769 4.74809
12770 6.81285
12771 5.69748
12772 3.63224
12773 3.42621
12774 5.40852
12775 5.50791
12776 7.45427
12777 9.82768
12778 5.681
12779 5.81274
12780 4.94985
12781 4.34395
12782 8.06906
12783 5.95987
12784 4.73613
12785 3.47255
12786 6.11365
12787 4.69167
12788 9.11368
12789 7.20194
12790 6.17186
12791 4.28966
12792 9.08937
12793 3.8009
12794 5.5992
12795 7.64401
12796 7.10419
12797 5.13402
12798 9.32255
12799 4.72899
12800 4.44192
12801 5.17988
12802 3.84397
12803 6.10794
12804 5.25242
12805 5.16545
12806 6.51031
12807 4.60376
12808 8.80237
12809 7.63968
12810 6.74003
12811 5.46388
12812 3.90687
12813 3.7382
12814 9.8197
12815 6.20353
12816 4.76785
12817 4.37973
12818 4.57726
12819 8.58498
12820 9.00119
12821 8.16139
12822 4.18633
12823 4.60305
12824 5.04282
12825 9.14382
12826 3.1764
12827 5.08269
12828 3.78938
12829 3.67505
12830 4.46342
12831 7.93385
12832 7.52226
12833 8.807
12834 3.3972
12835 3.84231
12836 7.36584
12837 7.5711
12838 6.00254
12839 5.57607
12840 4.10653
12841 5.79544
12842 3.50069
12843 4.78871
12844 4.84771
12845 4.21945
12846 6.51293
12847 3.96459
12848 8.10147
12849 4.3878
12850 3.25208
12851 7.92914
12852 7.51418
12853 5.5007
12854 3.9758
12855 4.32599
12856 6.67509
12857 4.67046
12858 6.18062
12859 6.2063
12860 6.54778
12861 6.7827
12862 5.52591
12863 6.13991
12864 6.17142
12865 4.71232
12866 4.85955
12867 5.40764
12868 6.536
12869 6.05059
12870 3.70903
12871 4.00076
12872 5.31237
12873 4.3056
12874 5.5261
12875 6.35936
12876 4.48602
12877 6.11094
12878 8.17531
12879 7.13579
12880 4.80004
12881 4.34237
12882 3.94462
12883 3.68852
12884 5.77185
12885 5.56204
12886 5.36329
12887 5.53722
12888 3.85292
12889 6.14765
12890 4.13616
12891 5.61021
12892 8.11705
12893 3.37322
12894 3.92814
12895 6.48938
12896 6.17315
12897 7.11562
12898 3.5583
12899 8.42531
12900 5.13449
12901 7.61377
12902 5.73335
12903 8.21239
12904 4.87201
12905 3.52927
12906 6.7887
12907 5.72503
12908 3.99383
12909 7.83297
12910 4.99891
12911 3.61765
12912 3.28519
12913 4.41676
12914 3.90616
12915 4.88011
12916 4.14424
12917 9.95406
12918 6.4671
12919 3.65987
12920 6.63762
12921 5.00782
12922 6.7339
12923 5.45477
12924 3.95275
12925 5.81417
12926 6.5362
12927 5.02174
12928 6.05861
12929 7.79698
12930 4.63521
12931 6.77652
12932 7.81613
12933 7.67361
12934 5.22
12935 6.01678
12936 4.60228
12937 8.94077
12938 3.33673
12939 3.63411
12940 6.03582
12941 6.62604
12942 7.21517
12943 4.81059
12944 5.77571
12945 6.0649
12946 4.70694
12947 6.12546
12948 8.20683
12949 6.49902
12950 4.85092
12951 9.24929
12952 4.77764
12953 4.17582
12954 4.16942
12955 7.24048
12956 4.69243
12957 8.37794
12958 4.1024
12959 7.45408
12960 6.76092
12961 6.51521
12962 5.01145
12963 5.73958
12964 7.5888
12965 5.85805
12966 6.80006
12967 8.59836
12968 9.02782
12969 6.94702
12970 5.62687
12971 5.73104
12972 7.58528
12973 3.34386
12974 6.23786
12975 4.62454
12976 4.80447
12977 3.75571
12978 5.98683
12979 6.38399
12980 4.77723
12981 4.60204
12982 4.75717
12983 8.13496
12984 5.8037
12985 7.58749
12986 6.90136
12987 4.57062
12988 6.29412
12989 5.47986
12990 5.63939
12991 5.37112
12992 5.38549
12993 5.12878
12994 7.16443
12995 4.09606
12996 3.18926
12997 5.74842
12998 4.64438
12999 4.89355
13000 8.71556
13001 4.00891
13002 5.18995
13003 8.53155
13004 5.0621
13005 4.14501
13006 5.82256
13007 5.88006
13008 7.98476
13009 7.39553
13010 7.65849
13011 4.06184
13012 4.80262
13013 5.92332
13014 4.23088
13015 3.33818
13016 7.19547
13017 9.87843
13018 4.51765
13019 8.8745
13020 3.34117
13021 3.68528
13022 7.46524
13023 3.68247
13024 7.84149
13025 4.48524
13026 7.40579
13027 4.58433
13028 5.35939
13029 4.0143
13030 3.40017
13031 6.46342
13032 3.69604
13033 5.348
13034 7.38379
13035 5.99061
13036 3.893
13037 4.92262
13038 3.19651
13039 3.32323
13040 8.32667
13041 7.97661
13042 9.89687
13043 5.10678
13044 5.07922
13045 5.94233
13046 4.78491
13047 5.1019
13048 7.38506
13049 5.06622
13050 6.17392
13051 6.32966
13052 5.11466
13053 3.98627
13054 3.7952
13055 8.28134
13056 5.58657
13057 5.28401
13058 5.96382
13059 6.03258
13060 3.52319
13061 7.29871
13062 8.63956
13063 7.38515
13064 4.57186
13065 7.12235
13066 3.59266
13067 3.42624
13068 4.60725
13069 4.25009
13070 6.38224
13071 5.53872
13072 5.92512
13073 5.03012
13074 5.22406
13075 7.51898
13076 4.86461
13077 9.70456
13078 4.02797
13079 6.11149
13080 3.41464
13081 6.27058
13082 6.54618
13083 5.32095
13084 7.18146
13085 9.92951
13086 7.29577
13087 5.47597
13088 4.34976
13089 5.73919
13090 4.73861
13091 5.13093
13092 6.93718
13093 8.18365
13094 7.4575
13095 8.09196
13096 5.83173
13097 3.27757
13098 4.4193
13099 4.6331
13100 8.00566
13101 9.46405
13102 4.08391
13103 4.60496
13104 5.58742
13105 5.96745
13106 6.25577
13107 7.23666
13108 5.35382
13109 4.90991
13110 3.91571
13111 5.20491
13112 6.49674
13113 5.4681
13114 7.39887
13115 7.6259
13116 6.40554
13117 7.7059
13118 5.74731
13119 4.97341
13120 4.29371
13121 3.71802
13122 4.22904
13123 4.54039
13124 6.72737
13125 4.11098
13126 3.76216
13127 3.72237
13128 6.31905
13129 3.80605
13130 5.0305
13131 9.56552
13132 4.51081
13133 5.65252
13134 3.35042
13135 4.76755
13136 5.48469
13137 7.01463
13138 4.3167
13139 5.21613
13140 8.13044
13141 6.12724
13142 5.45917
13143 3.7789
13144 7.42689
13145 4.19235
13146 6.33737
13147 4.36554
13148 6.62398
13149 7.11824
13150 5.50355
13151 6.21995
13152 3.8367
13153 7.82096
13154 8.08498
13155 6.99672
13156 5.9966
13157 6.64816
13158 5.53392
13159 4.61103
13160 4.41589
13161 4.65541
13162 7.33024
13163 6.15779
13164 5.34717
13165 8.61784
13166 3.32592
13167 4.53819
13168 6.66629
13169 5.51941
13170 3.95877
13171 4.88743
13172 6.73537
13173 7.40076
13174 5.63873
13175 3.45167
13176 4.67929
13177 3.83694
13178 5.48788
13179 7.18099
13180 6.44941
13181 6.34388
13182 6.42484
13183 7.79428
13184 7.73485
13185 3.91111
13186 5.44852
13187 6.39347
13188 4.23504
13189 5.1024
13190 8.58464
13191 7.71282
13192 4.47755
13193 3.87532
13194 4.84154
13195 6.7919
13196 4.50095
13197 3.22743
13198 7.31888
13199 6.60023
13200 6.05399
13201 5.34687
13202 8.6366
13203 6.8763
13204 7.67112
13205 6.90409
13206 4.02448
13207 9.10641
13208 6.63589
13209 9.00812
13210 5.38082
13211 7.75589
13212 6.22072
13213 5.76882
13214 5.73027
13215 6.64379
13216 8.13551
13217 3.70487
13218 4.21552
13219 8.15921
13220 6.82547
13221 5.42648
13222 5.25438
13223 5.51451
13224 7.00423
13225 3.80886
13226 4.35992
13227 5.57684
13228 5.80326
13229 5.57919
13230 6.02114
13231 4.2176
13232 4.85655
13233 6.64121
13234 6.64176
13235 5.33081
13236 8.6682
13237 7.27831
13238 5.04016
13239 3.84506
13240 4.60684
13241 4.64991
13242 7.17568
13243 5.22737
13244 3.37515
13245 5.2236
13246 7.08112
13247 9.51427
13248 5.84638
13249 7.28072
13250 4.10761
13251 5.93103
13252 4.85391
13253 3.84944
13254 3.96997
13255 4.51256
13256 7.26772
13257 3.50172
13258 4.62156
13259 4.34525
13260 6.75491
13261 5.01918
13262 7.3193
13263 3.83575
13264 6.31259
13265 3.79714
13266 9.24475
13267 9.99349
13268 9.58027
13269 8.83293
13270 4.26996
13271 5.47005
13272 7.11591
13273 7.72669
13274 5.63462
13275 4.98657
13276 6.92764
13277 6.2141
13278 4.2015
13279 8.27719
13280 3.57223
13281 8.70938
13282 4.38545
13283 3.13388
13284 3.50602
13285 6.12554
13286 4.56889
13287 7.09974
13288 4.73823
13289 6.96635
13290 4.89662
13291 6.77755
13292 9.69131
13293 4.04662
13294 6.80701
13295 5.43866
13296 7.03222
13297 8.51458
13298 5.95461
13299 5.90101
13300 6.63632
13301 9.06971
13302 7.17019
13303 6.86062
13304 4.47251
13305 6.97746
13306 9.11493
13307 3.88481
13308 5.18637
13309 6.42172
13310 5.53971
13311 5.22543
13312 5.529
13313 6.93251
13314 4.68289
13315 5.71546
13316 6.25615
13317 7.26139
13318 4.75811
13319 7.46272
13320 5.63983
13321 4.24013
13322 5.17429
13323 8.99539
13324 6.71898
13325 3.60245
13326 4.49052
13327 8.65121
13328 4.89157
13329 8.52898
13330 5.22422
13331 7.19501
13332 6.69929
13333 4.37045
13334 8.31097
13335 6.15235
13336 7.308
13337 4.3315
13338 8.03144
13339 3.99802
13340 7.16105
13341 8.11432
13342 3.572
13343 4.20718
13344 8.56727
13345 6.91807
13346 6.09028
13347 5.42769
13348 4.30507
13349 5.43255
13350 4.70431
13351 4.9708
13352 4.79134
13353 3.69873
13354 7.22482
13355 7.72855
13356 5.12558
13357 6.98368
13358 4.69609
13359 7.26634
13360 6.81562
13361 3.71577
13362 7.62228
13363 3.93759
13364 7.25249
13365 7.69233
13366 4.21497
13367 4.76153
13368 4.80029
13369 3.78434
13370 5.79579
13371 4.98612
13372 4.88468
13373 5.95013
13374 5.58608
13375 6.52635
13376 5.36234
13377 5.36851
13378 5.47334
13379 6.53227
13380 4.48589
13381 5.13433
13382 6.97231
13383 7.587
13384 7.64052
13385 4.03775
13386 6.68949
13387 6.90929
13388 4.61525
13389 5.52115
13390 7.53879
13391 5.03393
13392 6.38937
13393 3.99091
13394 7.1397
13395 7.76551
13396 5.27652
13397 9.09837
13398 5.838
13399 7.86632
13400 4.51309
13401 4.69435
13402 6.58505
13403 4.9309
13404 5.93873
13405 4.24135
13406 5.68238
13407 7.3275
13408 4.55136
13409 5.93251
13410 4.89119
13411 5.3917
13412 7.12785
13413 5.72219
13414 5.81334
13415 4.84005
13416 4.04973
13417 3.50092
13418 7.0443
13419 3.7469
13420 7.72811
13421 8.0968
13422 3.89334
13423 6.43451
13424 4.90073
13425 6.94512
13426 8.74783
13427 6.72396
13428 5.15221
13429 4.04806
13430 5.6589
13431 5.7725
13432 5.29098
13433 5.42058
13434 6.397
13435 6.11436
13436 5.92966
13437 6.70753
13438 7.45444
13439 5.07015
13440 3.33053
13441 7.90575
13442 7.46949
13443 4.21068
13444 4.81047
13445 6.50249
13446 7.48863
13447 7.10033
13448 4.78756
13449 9.89263
13450 9.93032
13451 5.88025
13452 7.20429
13453 4.97848
13454 4.0539
13455 3.6881
13456 5.77502
13457 6.22837
13458 4.76877
13459 6.04285
13460 4.96795
13461 4.67334
13462 7.10705
13463 5.65582
13464 5.11762
13465 5.1914
13466 8.39327
13467 4.47471
13468 4.61472
13469 3.76962
13470 4.66213
13471 6.37431
13472 4.23367
13473 5.55208
13474 5.47564
13475 3.60659
13476 6.71298
13477 5.92193
13478 5.66566
13479 4.65223
13480 6.64356
13481 6.6902
13482 6.08391
13483 4.98119
13484 4.75702
13485 4.99322
13486 8.88771
13487 8.11324
13488 7.96595
13489 6.03196
13490 3.89094
13491 5.06937
13492 5.37844
13493 3.91733
13494 4.86726
13495 5.59782
13496 3.95059
13497 7.43976
13498 3.09971
13499 4.58528
13500 9.14978
13501 6.09206
13502 5.39132
13503 5.89254
13504 7.34332
13505 3.27811
13506 4.10157
13507 7.62046
13508 4.91106
13509 5.68917
13510 6.45658
13511 4.85023
13512 7.17045
13513 5.02387
13514 4.63519
13515 4.88687
13516 5.61649
13517 4.84644
13518 9.02856
13519 7.89807
13520 4.36877
13521 5.60739
13522 4.81538
13523 5.15913
13524 5.17226
13525 5.63367
13526 6.18861
13527 5.71598
13528 3.61697
13529 3.91486
13530 5.45614
13531 4.48105
13532 3.43889
13533 4.99175
13534 6.22427
13535 4.78962
13536 5.2754
13537 7.30482
13538 3.82789
13539 3.26543
13540 4.15156
13541 3.93186
13542 7.60804
13543 3.80248
13544 8.45362
13545 6.26194
13546 4.5783
13547 6.29933
13548 3.34761
13549 4.49333
13550 3.11071
13551 3.11635
13552 4.29399
13553 7.82758
13554 8.08356
13555 5.1563
13556 5.47507
13557 5.81983
13558 8.49344
13559 5.56926
13560 4.43784
13561 4.95277
13562 9.12449
13563 9.62852
13564 8.34985
13565 5.88339
13566 5.63994
13567 5.69752
13568 8.73778
13569 3.95157
13570 5.19995
13571 3.72281
13572 7.58934
13573 5.34618
13574 3.52744
13575 4.33649
13576 7.53999
13577 4.90096
13578 7.21301
13579 4.31175
13580 6.86026
13581 5.02332
13582 5.06145
13583 4.28905
13584 3.50265
13585 4.00592
13586 5.43622
13587 8.94038
13588 5.30011
13589 9.15938
13590 7.92787
13591 5.13755
13592 7.08008
13593 5.48428
13594 7.62337
13595 6.23089
13596 6.37952
13597 6.11357
13598 3.96103
13599 5.6841
13600 6.14771
13601 4.19144
13602 5.24048
13603 4.25917
13604 4.60949
13605 3.99108
13606 6.09477
13607 6.66963
13608 6.39422
13609 7.45978
13610 6.13643
13611 8.13816
13612 4.59557
13613 7.93632
13614 5.69731
13615 5.13027
13616 8.00817
13617 7.53923
13618 6.67394
13619 6.30557
13620 4.73398
13621 4.38523
13622 6.4636
13623 7.52138
13624 6.92101
13625 5.07102
13626 9.48345
13627 7.63207
13628 7.23291
13629 6.93204
13630 7.04869
13631 3.33697
13632 4.68659
13633 8.02523
13634 5.24557
13635 6.66944
13636 4.59539
13637 4.61073
13638 5.31269
13639 7.78805
13640 5.07932
13641 4.88334
13642 4.17887
13643 6.05255
13644 8.33689
13645 6.71459
13646 5.75267
13647 6.40808
13648 4.77819
13649 5.3492
13650 5.10468
13651 5.70368
13652 6.04541
13653 6.34044
13654 7.91202
13655 5.8001
13656 6.71448
13657 5.81339
13658 4.45059
13659 5.23129
13660 4.68369
13661 5.25031
13662 4.70888
13663 3.56146
13664 6.5127
13665 8.60073
13666 7.0384
13667 8.50826
13668 6.66013
13669 6.36105
13670 5.60689
13671 4.99594
13672 7.24348
13673 6.8967
13674 6.74044
13675 5.36355
13676 4.89566
13677 6.25965
13678 6.00775
13679 4.52123
13680 3.52581
13681 7.86568
13682 5.46945
13683 7.66426
13684 8.15006
13685 7.61018
13686 7.36882
13687 5.7362
13688 8.52817
13689 3.89901
13690 7.57117
13691 4.14014
13692 6.29623
13693 4.75176
13694 4.04607
13695 5.66669
13696 5.67915
13697 6.54105
13698 6.3694
13699 8.16903
13700 5.51594
13701 3.99644
13702 6.18035
13703 4.04783
13704 6.92741
13705 4.35543
13706 4.98317
13707 3.62041
13708 4.23984
13709 9.70732
13710 3.73521
13711 7.15927
13712 5.88291
13713 3.6454
13714 3.52259
13715 7.91849
13716 6.83144
13717 6.41877
13718 3.08677
13719 7.94218
13720 3.59591
13721 3.95207
13722 9.40775
13723 4.50627
13724 6.24092
13725 6.31986
13726 4.81912
13727 6.32428
13728 6.2805
13729 4.98399
13730 5.7602
13731 5.66224
13732 6.22252
13733 5.31209
13734 9.8742
13735 8.73926
13736 6.56819
13737 6.067
13738 5.66495
13739 6.36871
13740 5.34537
13741 5.25354
13742 6.83451
13743 6.81574
13744 9.60117
13745 3.66289
13746 6.15102
13747 5.20648
13748 5.06347
13749 6.80954
13750 3.90176
13751 6.31639
13752 4.93467
13753 4.62597
13754 6.56403
13755 5.57894
13756 7.22464
13757 5.68575
13758 9.74879
13759 8.73379
13760 4.98411
13761 8.50675
13762 4.85615
13763 6.1469
13764 6.88089
13765 5.51725
13766 4.4217
13767 7.26439
13768 6.98412
13769 4.96988
13770 6.58519
13771 6.13505
13772 4.14763
13773 4.18851
13774 6.25822
13775 8.02398
13776 4.49243
13777 3.65065
13778 4.23298
13779 5.08655
13780 6.28667
13781 6.5685
13782 9.2147
13783 8.71121
13784 6.48186
13785 6.82611
13786 6.08677
13787 4.11096
13788 5.52489
13789 4.00718
13790 6.8041
13791 6.70194
13792 4.98606
13793 5.44479
13794 6.33969
13795 6.76437
13796 5.29987
13797 5.65111
13798 7.2188
13799 4.63169
13800 5.74751
13801 4.95755
13802 8.25037
13803 5.48732
13804 4.98346
13805 4.91017
13806 4.53623
13807 6.59647
13808 6.4157
13809 7.51208
13810 6.72937
13811 7.56836
13812 8.10915
13813 7.82489
13814 6.67751
13815 5.04311
13816 7.65919
13817 9.82327
13818 9.44127
13819 6.88057
13820 6.96569
13821 5.26955
13822 4.25353
13823 5.96977
13824 7.37946
13825 5.1411
13826 6.18405
13827 9.33496
13828 5.20516
13829 3.31462
13830 6.51117
13831 3.94767
13832 4.15124
13833 4.8897
13834 5.97586
13835 4.66437
13836 5.85623
13837 6.18489
13838 3.22656
13839 6.37293
13840 5.26693
13841 4.75902
13842 5.56203
13843 6.34122
13844 8.80891
13845 4.80473
13846 9.98276
13847 8.15099
13848 5.76001
13849 3.95672
13850 3.49859
13851 4.0084
13852 4.46344
13853 7.0153
13854 3.97838
13855 5.75786
13856 9.22764
13857 5.16743
13858 5.39548
13859 5.3751
13860 5.28853
13861 5.27081
13862 4.02372
13863 8.80515
13864 5.92688
13865 4.31988
13866 8.08826
13867 9.98053
13868 4.91631
13869 6.5645
13870 3.4301
13871 5.59234
13872 4.1514
13873 7.89133
13874 6.53817
13875 3.56788
13876 6.94293
13877 5.31321
13878 6.84653
13879 8.02499
13880 3.78986
13881 9.51855
13882 4.27803
13883 9.06303
13884 3.85796
13885 5.93126
13886 6.99867
13887 6.18797
13888 3.62076
13889 7.29142
13890 6.24007
13891 6.82124
13892 9.12533
13893 5.08196
13894 3.60739
13895 6.5755
13896 7.92941
13897 6.87145
13898 5.13042
13899 6.42625
13900 6.79885
13901 4.7132
13902 6.55741
13903 7.16928
13904 8.55065
13905 6.61808
13906 4.73579
13907 5.8912
13908 5.5897
13909 4.05188
13910 3.65801
13911 8.14834
13912 6.88223
13913 5.92545
13914 8.19285
13915 8.51084
13916 3.41383
13917 9.18346
13918 4.43776
13919 4.87063
13920 4.71513
13921 6.55828
13922 5.26128
13923 8.7241
13924 5.87458
13925 5.45333
13926 8.50764
13927 4.83323
13928 8.86416
13929 4.9105
13930 5.93529
13931 6.35244
13932 4.28415
13933 3.5425
13934 3.95435
13935 5.46834
13936 3.87251
13937 4.44227
13938 6.04763
13939 5.43268
13940 4.85638
13941 6.43599
13942 5.40532
13943 6.40171
13944 5.21187
13945 7.30413
13946 7.05248
13947 3.67028
13948 5.98842
13949 5.27048
13950 4.47549
13951 4.19152
13952 5.51663
13953 3.26378
13954 5.99571
13955 3.17993
13956 4.24908
13957 5.05704
13958 6.50233
13959 6.18025
13960 5.3078
13961 5.22136
13962 3.98585
13963 7.66846
13964 6.35139
13965 4.86718
13966 5.08535
13967 7.87158
13968 4.77003
13969 4.83755
13970 4.29741
13971 8.67739
13972 7.21402
13973 8.07658
13974 6.82075
13975 4.69472
13976 6.679
13977 4.45839
13978 5.20747
13979 5.80485
13980 5.06736
13981 3.76579
13982 5.57469
13983 5.76234
13984 7.53042
13985 3.56696
13986 6.48414
13987 4.16289
13988 4.18179
13989 5.40902
13990 3.6094
13991 9.01583
13992 5.52166
13993 5.61698
13994 3.12464
13995 4.80711
13996 5.30046
13997 3.30967
13998 5.69292
13999 4.69957
14000 7.29219
14001 3.77944
14002 3.66794
14003 3.71703
14004 3.78426
14005 5.05734
14006 5.8621
14007 4.77005
14008 4.84759
14009 3.41384
14010 6.10954
14011 7.29365
14012 5.40115
14013 5.86823
14014 8.41301
14015 5.99931
14016 4.60781
14017 4.77044
14018 3.27481
14019 3.44977
14020 7.06774
14021 6.14165
14022 5.91825
14023 8.47228
14024 4.43176
14025 3.66392
14026 4.81634
14027 3.9257
14028 4.25529
14029 3.30779
14030 4.71184
14031 6.40934
14032 6.4029
14033 8.28471
14034 8.70032
14035 7.62506
14036 6.14795
14037 4.96599
14038 8.41016
14039 4.44628
14040 7.71335
14041 4.14875
14042 5.92543
14043 6.88076
14044 4.88114
14045 6.4069
14046 5.01011
14047 5.00862
14048 5.62257
14049 3.88956
14050 6.54989
14051 5.36349
14052 6.34087
14053 6.89071
14054 4.79418
14055 6.36615
14056 5.1043
14057 7.8051
14058 4.99075
14059 4.39904
14060 3.54758
14061 5.47046
14062 9.73781
14063 3.8262
14064 6.46046
14065 4.19024
14066 5.93669
14067 8.69995
14068 6.92112
14069 6.29627
14070 3.33148
14071 5.89205
14072 3.49954
14073 9.20623
14074 8.23614
14075 3.67304
14076 4.61363
14077 6.74572
14078 4.92193
14079 7.45588
14080 3.81728
14081 8.754
14082 4.65469
14083 5.93969
14084 6.98267
14085 5.76874
14086 8.2872
14087 9.82205
14088 5.40977
14089 4.37929
14090 4.6716
14091 7.56282
14092 6.1997
14093 6.72463
14094 7.251
14095 3.69944
14096 4.25469
14097 3.67801
14098 4.41004
14099 4.69731
14100 6.22344
14101 4.50812
14102 4.70123
14103 5.51842
14104 5.96387
14105 7.36202
14106 8.66691
14107 5.66587
14108 4.68355
14109 5.42583
14110 4.23407
14111 6.23127
14112 3.94826
14113 5.23876
14114 6.60969
14115 5.35175
14116 6.79899
14117 7.55487
14118 7.24821
14119 4.53343
14120 5.04562
14121 7.65594
14122 6.00914
14123 5.42291
14124 3.63286
14125 5.54685
14126 5.83811
14127 3.85949
14128 8.43371
14129 7.02067
14130 3.75601
14131 8.76026
14132 6.55686
14133 4.66619
14134 3.48887
14135 5.17516
14136 6.69459
14137 3.88298
14138 6.99962
14139 4.92111
14140 5.33292
14141 7.91237
14142 5.7832
14143 5.85818
14144 4.86658
14145 4.73679
14146 9.56538
14147 4.67608
14148 3.88864
14149 6.69052
14150 6.51201
14151 6.40161
14152 4.89025
14153 5.3439
14154 5.28499
14155 5.61957
14156 4.31068
14157 5.67122
14158 3.88643
14159 6.52075
14160 6.56704
14161 9.38136
14162 4.8444
14163 6.84301
14164 8.99234
14165 6.13654
14166 6.06756
14167 6.38691
14168 4.71399
14169 5.19974
14170 4.04316
14171 5.10688
14172 5.32801
14173 6.08238
14174 6.4174
14175 4.98653
14176 6.12193
14177 3.12067
14178 7.43757
14179 7.7624
14180 4.4844
14181 5.81934
14182 4.86252
14183 5.06154
14184 4.39461
14185 5.24817
14186 5.98459
14187 7.08975
14188 5.27554
14189 7.76091
14190 6.26723
14191 4.36679
14192 6.65686
14193 5.41807
14194 4.8729
14195 5.12794
14196 4.46202
14197 5.32591
14198 6.31317
14199 4.96663
14200 6.80967
14201 6.33116
14202 6.43208
14203 7.54295
14204 6.17947
14205 7.16064
14206 9.98504
14207 3.75642
14208 7.83088
14209 5.45088
14210 3.85272
14211 6.6376
14212 4.79312
14213 6.92381
14214 5.39093
14215 9.13003
14216 4.06689
14217 5.69012
14218 4.47584
14219 3.87395
14220 5.63401
14221 7.72381
14222 7.19271
14223 5.61175
14224 6.08098
14225 3.95021
14226 7.66287
14227 8.13024
14228 7.58871
14229 5.50728
14230 6.80141
14231 5.03468
14232 4.39578
14233 7.65994
14234 6.28335
14235 3.93442
14236 6.45951
14237 6.27923
14238 5.30782
14239 4.64277
14240 4.37836
14241 5.90455
14242 4.6588
14243 9.04965
14244 9.45052
14245 7.37782
14246 4.00965
14247 5.60894
14248 3.96643
14249 9.11021
14250 6.12558
14251 3.81438
14252 5.74934
14253 6.6005
14254 5.77646
14255 6.59861
14256 5.91121
14257 6.58363
14258 8.21622
14259 4.90263
14260 6.38127
14261 5.39877
14262 6.14354
14263 6.44539
14264 5.44907
14265 3.6647
14266 4.23606
14267 4.48136
14268 5.35546
14269 6.57895
14270 5.72769
14271 7.11289
14272 6.56666
14273 3.91742
14274 5.14976
14275 7.33748
14276 3.37004
14277 7.20344
14278 4.24871
14279 4.60852
14280 4.75046
14281 4.13524
14282 4.59752
14283 8.8929
14284 5.33797
14285 4.72812
14286 7.9851
14287 7.71093
14288 7.37147
14289 5.30681
14290 6.34617
14291 9.37083
14292 6.42818
14293 6.18505
14294 6.24319
14295 6.51656
14296 6.5754
14297 4.80327
14298 4.55777
14299 3.69383
14300 4.96269
14301 4.00372
14302 5.48184
14303 6.47783
14304 7.21036
14305 3.70112
14306 5.79508
14307 4.04317
14308 5.38349
14309 4.35162
14310 3.10592
14311 6.93834
14312 4.2005
14313 7.14608
14314 7.08112
14315 5.18701
14316 4.09279
14317 4.28187
14318 3.56607
14319 5.40722
14320 7.66733
14321 3.95787
14322 3.90642
14323 7.28479
14324 4.70803
14325 9.27899
14326 6.75779
14327 7.22672
14328 6.65042
14329 7.19156
14330 5.09982
14331 5.96341
14332 5.38042
14333 9.50676
14334 7.22323
14335 5.54686
14336 6.01375
14337 6.32588
14338 7.08122
14339 5.52363
14340 4.96837
14341 8.20783
14342 8.46484
14343 4.91358
14344 5.14835
14345 5.21952
14346 5.16173
14347 8.12032
14348 9.82745
14349 5.69008
14350 5.01079
14351 3.52773
14352 6.04502
14353 5.5786
14354 6.44142
14355 4.18225
14356 4.43926
14357 4.28054
14358 5.58721
14359 6.38753
14360 3.78826
14361 8.87827
14362 5.08283
14363 6.58264
14364 3.70435
14365 4.84838
14366 6.54851
14367 4.63448
14368 6.41317
14369 6.38764
14370 6.72742
14371 7.05407
14372 9.19443
14373 4.10582
14374 4.90704
14375 5.71681
14376 5.69416
14377 6.12148
14378 3.9389
14379 4.84269
14380 8.5597
14381 7.45359
14382 5.77351
14383 8.25567
14384 6.27113
14385 6.83758
14386 4.37984
14387 3.91926
14388 4.42138
14389 4.02423
14390 3.34213
14391 7.77239
14392 8.14182
14393 5.61092
14394 7.7022
14395 6.64427
14396 7.10699
14397 3.23765
14398 6.53724
14399 4.28649
14400 5.67885
14401 6.74567
14402 4.75701
14403 5.48254
14404 4.73322
14405 6.36604
14406 6.13065
14407 6.10889
14408 8.37292
14409 6.81979
14410 4.07597
14411 7.88995
14412 6.034
14413 8.1818
14414 8.06278
14415 4.34022
14416 5.65087
14417 7.07047
14418 5.38704
14419 6.84842
14420 4.46628
14421 8.31401
14422 6.16354
14423 5.88562
14424 6.56913
14425 5.50011
14426 4.91956
14427 5.08915
14428 6.07139
14429 5.52585
14430 4.42702
14431 5.73913
14432 3.84802
14433 4.01561
14434 5.23227
14435 6.81621
14436 3.65693
14437 5.61205
14438 4.95454
14439 4.36988
14440 4.00104
14441 7.25455
14442 5.19369
14443 4.66762
14444 4.54314
14445 4.78858
14446 4.35824
14447 5.52229
14448 5.68328
14449 4.28029
14450 4.90832
14451 5.31198
14452 6.10116
14453 6.07894
14454 6.01769
14455 4.50564
14456 4.58013
14457 3.30859
14458 6.72216
14459 4.61904
14460 4.7465
14461 7.79409
14462 4.39201
14463 6.18164
14464 3.8794
14465 7.54514
14466 7.4122
14467 3.67466
14468 6.64837
14469 5.1104
14470 4.71241
14471 6.16343
14472 4.60597
14473 5.28934
14474 6.4064
14475 6.8184
14476 4.401
14477 6.21054
14478 3.35806
14479 7.3785
14480 4.66126
14481 6.04743
14482 7.881
14483 6.63746
14484 9.92729
14485 9.2385
14486 4.89101
14487 4.34637
14488 6.44332
14489 5.06269
14490 4.50425
14491 5.53786
14492 4.89293
14493 7.23399
14494 6.09719
14495 5.8904
14496 6.82951
14497 4.3839
14498 6.40024
14499 4.99334
14500 5.79928
14501 9.93544
14502 5.83539
14503 7.83801
14504 8.15994
14505 5.65839
14506 5.04416
14507 5.87579
14508 4.88234
14509 4.41987
14510 8.05947
14511 6.39062
14512 7.55568
14513 6.63855
14514 7.96991
14515 3.70786
14516 9.72838
14517 8.60301
14518 4.7664
14519 6.496
14520 7.42497
14521 3.9372
14522 6.56346
14523 4.67243
14524 4.21454
14525 7.89108
14526 5.24327
14527 4.71271
14528 7.39017
14529 7.1134
14530 8.57764
14531 5.84521
14532 4.76273
14533 6.62559
14534 6.78987
14535 6.15948
14536 8.47114
14537 5.91483
14538 6.49425
14539 4.04832
14540 8.57109
14541 5.30605
14542 6.79937
14543 5.24222
14544 7.19815
14545 6.8811
14546 5.36351
14547 4.73663
14548 5.00798
14549 3.63485
14550 5.1568
14551 6.98227
14552 5.31071
14553 5.08641
14554 4.24103
14555 6.44748
14556 7.90179
14557 4.83416
14558 5.63335
14559 6.0628
14560 3.83725
14561 5.6973
14562 6.40071
14563 6.41215
14564 7.6836
14565 4.83114
14566 5.19796
14567 3.78554
14568 4.95584
14569 3.87253
14570 3.7595
14571 5.23252
14572 7.8647
14573 5.76778
14574 4.69783
14575 6.23584
14576 5.15179
14577 7.43468
14578 5.45424
14579 4.71567
14580 5.29029
14581 4.35094
14582 3.84057
14583 6.71622
14584 6.25089
14585 6.70713
14586 5.67882
14587 4.71455
14588 4.67123
14589 6.20782
14590 4.49323
14591 5.48925
14592 4.59405
14593 4.03503
14594 7.12511
14595 5.6569
14596 3.88172
14597 6.75508
14598 8.65413
14599 8.07124
14600 4.05886
14601 4.84647
14602 5.51791
14603 5.42499
14604 4.8968
14605 4.01938
14606 6.21741
14607 9.0919
14608 3.88389
14609 5.91305
14610 3.4152
14611 4.34098
14612 5.75489
14613 5.54483
14614 4.90088
14615 6.59955
14616 9.49995
14617 6.99464
14618 5.37618
14619 4.18326
14620 5.49902
14621 4.43424
14622 5.28463
14623 9.23602
14624 6.26096
14625 4.51387
14626 3.85751
14627 7.22002
14628 4.59173
14629 5.75922
14630 8.52051
14631 5.8406
14632 4.60091
14633 4.13011
14634 5.71534
14635 6.89136
14636 4.34118
14637 7.27646
14638 4.1745
14639 6.7592
14640 4.5353
14641 4.217
14642 4.80557
14643 9.39006
14644 7.39701
14645 5.3021
14646 7.69233
14647 5.7633
14648 6.88873
14649 5.5914
14650 9.64069
14651 7.92581
14652 4.31825
14653 5.52161
14654 4.69737
14655 4.51864
14656 3.411
14657 5.6212
14658 5.2588
14659 4.43769
14660 7.22941
14661 6.6861
14662 7.06537
14663 3.41065
14664 4.53843
14665 4.56073
14666 4.92604
14667 5.17294
14668 4.80913
14669 8.33622
14670 5.3609
14671 5.87947
14672 9.00768
14673 6.27905
14674 5.22015
14675 4.16376
14676 4.15955
14677 7.38288
14678 5.20106
14679 4.27342
14680 4.43667
14681 5.04243
14682 5.18654
14683 7.9415
14684 8.67248
14685 5.39389
14686 5.96499
14687 4.2526
14688 6.8816
14689 5.37779
14690 4.13616
14691 6.77999
14692 4.67808
14693 5.50398
14694 9.42787
14695 3.20675
14696 7.26124
14697 3.91482
14698 4.60769
14699 4.32205
14700 6.40124
14701 4.11713
14702 4.26491
14703 6.69105
14704 6.86647
14705 4.28645
14706 4.16361
14707 4.02389
14708 5.6819
14709 4.58604
14710 4.13904
14711 5.90832
14712 6.11067
14713 7.12209
14714 5.15272
14715 9.06039
14716 8.54109
14717 5.22702
14718 8.93252
14719 4.91218
14720 6.61284
14721 5.1902
14722 7.93417
14723 8.17642
14724 7.26331
14725 4.72653
14726 7.09157
14727 7.05897
14728 7.44145
14729 6.51823
14730 6.66703
14731 6.14776
14732 4.70562
14733 8.14962
14734 6.55485
14735 3.97057
14736 4.88324
14737 5.80296
14738 4.42945
14739 5.96148
14740 3.82631
14741 5.23549
14742 3.72696
14743 6.86738
14744 7.29005
14745 5.70033
14746 6.12097
14747 4.67223
14748 4.68462
14749 5.25639
14750 6.51813
14751 4.131
14752 6.29161
14753 5.72978
14754 3.73851
14755 5.32757
14756 4.77924
14757 8.29612
14758 5.44201
14759 6.90351
14760 6.91071
14761 7.98666
14762 5.47418
14763 6.32782
14764 4.40181
14765 6.16466
14766 5.35181
14767 3.47093
14768 7.70449
14769 3.55902
14770 5.24905
14771 5.06125
14772 3.4343
14773 3.86234
14774 7.14574
14775 5.70198
14776 7.76123
14777 8.06709
14778 7.46163
14779 6.72687
14780 8.29402
14781 6.50883
14782 3.99126
14783 7.47814
14784 5.14981
14785 3.72868
14786 8.08545
14787 6.31716
14788 5.96429
14789 6.0327
14790 4.62331
14791 3.73256
14792 6.30259
14793 7.32923
14794 6.3986
14795 4.39581
14796 6.17764
14797 4.60133
14798 8.02871
14799 5.74184
14800 5.36989
14801 7.40994
14802 4.02672
14803 6.29957
14804 9.44037
14805 5.31502
14806 4.14267
14807 3.25367
14808 4.94125
14809 3.97167
14810 6.25475
14811 3.98922
14812 6.1851
14813 6.61163
14814 4.42149
14815 4.58158
14816 4.4312
14817 9.74933
14818 6.26291
14819 6.34847
14820 6.24584
14821 4.52696
14822 6.77845
14823 8.26034
14824 6.2272
14825 5.53004
14826 4.61093
14827 5.04636
14828 5.21578
14829 6.59411
14830 3.66985
14831 4.67346
14832 3.25854
14833 3.67538
14834 4.97276
14835 4.81668
14836 4.20684
14837 6.16891
14838 8.02811
14839 5.38131
14840 3.51288
14841 4.51508
14842 5.18215
14843 5.82356
14844 7.7474
14845 5.90483
14846 5.07118
14847 4.36015
14848 5.93209
14849 7.32022
14850 5.19322
14851 4.71381
14852 6.61295
14853 5.25644
14854 9.57811
14855 5.71768
14856 7.17063
14857 9.88003
14858 7.78213
14859 5.43249
14860 4.18393
14861 5.84662
14862 3.29693
14863 6.84208
14864 4.83609
14865 5.62504
14866 7.05488
14867 6.18753
14868 7.56008
14869 6.99907
14870 6.2274
14871 6.72026
14872 9.71755
14873 5.6009
14874 5.64756
14875 8.72853
14876 5.79052
14877 7.8654
14878 5.24183
14879 5.16135
14880 5.93871
14881 5.98382
14882 8.3022
14883 4.69325
14884 5.59202
14885 6.58564
14886 4.50513
14887 5.16616
14888 7.91326
14889 7.9086
14890 5.84577
14891 5.86482
14892 3.50626
14893 6.19998
14894 3.33374
14895 4.88169
14896 6.34388
14897 4.88162
14898 4.2951
14899 4.546
14900 5.47808
14901 7.20563
14902 7.90172
14903 5.05953
14904 5.15608
14905 6.7987
14906 8.4403
14907 7.40153
14908 4.41487
14909 6.20081
14910 6.27465
14911 4.65028
14912 6.30661
14913 4.53036
14914 4.29108
14915 7.19807
14916 8.22444
14917 4.63549
14918 7.03424
14919 7.37073
14920 5.83151
14921 7.73329
14922 4.8786
14923 3.84969
14924 8.9516
14925 5.72498
14926 4.68864
14927 5.58508
14928 3.96948
14929 4.13948
14930 9.48549
14931 4.8745
14932 5.74546
14933 3.60517
14934 4.27918
14935 6.60502
14936 4.21984
14937 4.81172
14938 5.08887
14939 8.62107
14940 6.99648
14941 4.0584
14942 5.13194
14943 5.24557
14944 6.50933
14945 5.08438
14946 3.67278
14947 5.78279
14948 6.69458
14949 4.99662
14950 7.93201
14951 3.84279
14952 5.94234
14953 6.07615
14954 4.48672
14955 4.80825
14956 6.35302
14957 9.41342
14958 5.15315
14959 7.25519
14960 5.5539
14961 6.40944
14962 5.95236
14963 5.50566
14964 5.94379
14965 4.60625
14966 6.02951
14967 4.85659
14968 4.60034
14969 6.50746
14970 4.62543
14971 6.43509
14972 6.51018
14973 5.00683
14974 6.24176
14975 3.83745
14976 4.23935
14977 4.80534
14978 5.13128
14979 6.9435
14980 7.03968
14981 7.11721
14982 7.35929
14983 7.97358
14984 7.55869
14985 4.99565
14986 3.50502
14987 5.85248
14988 9.21739
14989 5.75051
14990 6.99912
14991 7.12926
14992 6.3352
14993 7.19362
14994 6.07786
14995 7.39421
14996 3.56898
14997 4.19663
14998 5.18707
14999 4.78867
15000 4.67327
15001 4.71306
15002 5.08179
15003 3.79731
15004 8.44253
15005 3.74837
15006 6.27162
15007 4.43908
15008 7.18963
15009 6.48162
15010 7.3323
15011 7.38182
15012 7.51967
15013 3.82238
15014 5.49191
15015 4.44777
15016 4.91054
15017 5.39454
15018 5.78325
15019 8.38327
15020 9.39806
15021 5.71309
15022 4.43475
15023 9.55593
15024 7.68619
15025 4.59149
15026 6.57325
15027 3.53512
15028 4.25729
15029 5.7221
15030 3.4155
15031 4.08133
15032 8.03575
15033 8.10668
15034 7.15204
15035 6.94321
15036 3.5908
15037 5.80981
15038 6.34236
15039 4.26976
15040 4.60316
15041 4.5648
15042 7.12284
15043 4.22103
15044 4.11715
15045 5.34583
15046 7.83882
15047 6.78469
15048 4.67001
15049 6.0295
15050 4.72236
15051 8.23016
15052 7.16437
15053 5.63755
15054 6.35311
15055 7.9727
15056 5.70481
15057 3.86836
15058 5.64185
15059 6.40479
15060 4.34268
15061 6.65486
15062 5.83639
15063 8.34734
15064 4.87855
15065 8.46834
15066 6.62975
15067 5.39939
15068 7.0744
15069 6.27683
15070 8.49735
15071 4.87022
15072 6.6157
15073 7.94399
15074 4.93672
15075 6.27786
15076 3.38972
15077 6.84246
15078 5.9529
15079 8.62004
15080 5.15901
15081 6.67938
15082 6.98207
15083 5.02187
15084 8.63871
15085 5.45012
15086 6.88201
15087 4.45992
15088 7.33903
15089 7.16827
15090 5.7758
15091 8.98688
15092 7.32319
15093 5.97185
15094 6.29342
15095 6.07838
15096 6.12913
15097 3.81992
15098 5.22651
15099 3.98427
15100 5.44385
15101 6.9266
15102 8.88973
15103 7.29586
15104 4.39991
15105 6.27856
15106 5.06703
15107 4.91602
15108 6.33015
15109 4.36927
15110 3.92407
15111 5.64959
15112 5.35289
15113 7.24099
15114 9.88179
15115 5.5495
15116 3.9562
15117 3.16179
15118 4.35634
15119 4.5985
15120 7.32932
15121 4.13311
15122 4.90482
15123 5.2718
15124 6.34604
15125 7.32609
15126 8.09738
15127 9.37367
15128 3.93831
15129 4.49798
15130 9.22878
15131 8.67643
15132 6.58138
15133 3.61002
15134 5.38357
15135 6.18849
15136 8.72364
15137 7.34403
15138 4.85285
15139 4.86842
15140 5.76849
15141 5.09766
15142 6.39624
15143 6.7149
15144 3.8587
15145 3.46751
15146 9.06333
15147 6.19851
15148 5.43359
15149 6.64241
15150 7.41717
15151 8.6417
15152 5.17037
15153 3.37184
15154 4.79632
15155 8.05768
15156 4.38206
15157 3.69339
15158 4.77579
15159 8.49185
15160 6.57475
15161 5.46214
15162 5.27057
15163 5.75402
15164 4.85153
15165 3.77958
15166 7.43436
15167 5.93657
15168 4.48511
15169 4.71163
15170 5.18954
15171 7.79314
15172 5.81895
15173 5.45536
15174 5.77697
15175 7.9844
15176 3.87849
15177 4.14573
15178 5.0892
15179 5.40002
15180 7.34967
15181 3.58057
15182 6.19631
15183 4.56004
15184 4.10745
15185 5.18281
15186 4.67495
15187 5.56197
15188 6.9565
15189 4.90774
15190 5.39385
15191 4.41074
15192 5.03509
15193 4.80285
15194 6.20459
15195 7.44446
15196 4.14642
15197 4.07011
15198 3.20319
15199 3.33929
15200 3.81832
15201 5.58514
15202 6.53482
15203 5.58207
15204 4.0768
15205 5.17656
15206 6.35025
15207 6.32552
15208 6.04175
15209 6.31418
15210 3.66203
15211 5.35864
15212 9.53257
15213 4.93601
15214 4.90825
15215 5.55514
15216 3.68254
15217 4.13485
15218 6.85148
15219 4.08186
15220 5.96486
15221 6.80436
15222 4.22365
15223 8.25601
15224 5.31409
15225 4.68883
15226 5.77905
15227 3.66551
15228 4.704
15229 6.26582
15230 4.18931
15231 8.67231
15232 8.32646
15233 5.5259
15234 6.61302
15235 4.96086
15236 5.23685
15237 7.24028
15238 4.68724
15239 5.44519
15240 4.77654
15241 7.49755
15242 3.67221
15243 4.55586
15244 7.76893
15245 6.20579
15246 4.69058
15247 5.69613
15248 8.00381
15249 6.13579
15250 6.53829
15251 4.87496
15252 4.60583
15253 6.14955
15254 4.83439
15255 5.48472
15256 9.55897
15257 6.34309
15258 3.70633
15259 4.0581
15260 3.76449
15261 5.4
15262 3.65193
15263 9.09427
15264 5.57188
15265 4.1134
15266 3.33519
15267 9.55431
15268 4.68216
15269 4.5713
15270 5.3564
15271 5.4988
15272 8.23747
15273 4.47369
15274 7.24508
15275 9.27513
15276 8.18636
15277 4.19173
15278 6.24523
15279 4.94083
15280 4.74364
15281 6.93021
15282 5.42948
15283 4.59987
15284 9.41419
15285 5.71801
15286 5.07714
15287 7.69494
15288 7.06111
15289 5.71747
15290 4.84025
15291 4.07175
15292 6.20596
15293 6.41732
15294 5.79083
15295 3.44902
15296 3.6578
15297 6.2046
15298 7.84681
15299 3.91106
15300 5.24836
15301 7.85299
15302 4.1501
15303 4.6915
15304 7.32092
15305 4.51283
15306 4.55773
15307 4.86848
15308 5.61684
15309 3.60471
15310 3.25455
15311 4.6354
15312 8.93834
15313 6.436
15314 4.62113
15315 6.93236
15316 4.3604
15317 4.12413
15318 6.35496
15319 6.42542
15320 9.95352
15321 4.97949
15322 5.7851
15323 4.27509
15324 4.96132
15325 4.5515
15326 6.32567
15327 6.22122
15328 8.56452
15329 5.55528
15330 4.03806
15331 7.51389
15332 3.22557
15333 6.81209
15334 5.66481
15335 7.18519
15336 5.18573
15337 7.43868
15338 6.10418
15339 4.20221
15340 5.83301
15341 5.07576
15342 4.86602
15343 8.57481
15344 8.28692
15345 3.3681
15346 6.03552
15347 4.80314
15348 6.55416
15349 4.1635
15350 7.70816
15351 5.06775
15352 5.33874
15353 3.66341
15354 5.93671
15355 7.34937
15356 7.28977
15357 3.40287
15358 5.59198
15359 5.13491
15360 6.07917
15361 5.82766
15362 8.66182
15363 5.28973
15364 4.53587
15365 6.04307
15366 5.45469
15367 8.52059
15368 5.19312
15369 4.42512
15370 8.12934
15371 7.72372
15372 8.28586
15373 9.11992
15374 5.95097
15375 9.27973
15376 7.54321
15377 7.87925
15378 4.83645
15379 5.18888
15380 6.49299
15381 7.17167
15382 4.15014
15383 7.12137
15384 6.1054
15385 6.25501
15386 4.01955
15387 5.07239
15388 4.47168
15389 5.13509
15390 8.75359
15391 6.53605
15392 3.70419
15393 4.56924
15394 4.74096
15395 5.90596
15396 5.88558
15397 6.99749
15398 5.63882
15399 5.66173
15400 9.46021
15401 8.43388
15402 7.59886
15403 7.51941
15404 7.9209
15405 4.31234
15406 4.42603
15407 5.96152
15408 6.50526
15409 4.73382
15410 4.73823
15411 4.59257
15412 5.67127
15413 6.24001
15414 6.23594
15415 7.22137
15416 4.47144
15417 5.73898
15418 4.10345
15419 3.28651
15420 8.02602
15421 5.65602
15422 8.5164
15423 3.6224
15424 4.66975
15425 6.90816
15426 5.5463
15427 5.11999
15428 7.60104
15429 3.9882
15430 5.73548
15431 3.27215
15432 6.37321
15433 8.38738
15434 5.2293
15435 7.41608
15436 6.9522
15437 7.45642
15438 6.35216
15439 3.65119
15440 5.1744
15441 6.88341
15442 3.92307
15443 5.40315
15444 4.69235
15445 3.94414
15446 4.56585
15447 8.19785
15448 5.97388
15449 8.29139
15450 5.65471
15451 6.80453
15452 6.20993
15453 4.71026
15454 6.70065
15455 9.32238
15456 9.56212
15457 5.84289
15458 6.38918
15459 5.35092
15460 3.38336
15461 7.19292
15462 8.71878
15463 7.09563
15464 8.07946
15465 4.97448
15466 4.49305
15467 5.40035
15468 8.47497
15469 4.80346
15470 5.63617
15471 6.34504
15472 6.08489
15473 4.86468
15474 4.14807
15475 5.98474
15476 3.21155
15477 6.06778
15478 7.50329
15479 5.1228
15480 7.66782
15481 8.08144
15482 3.97626
15483 5.43996
15484 7.76672
15485 8.13472
15486 8.30633
15487 3.68046
15488 9.13683
15489 7.81374
15490 5.84468
15491 7.28674
15492 5.77637
15493 6.75576
15494 8.05057
15495 5.46248
15496 4.09362
15497 6.85281
15498 3.94685
15499 4.03902
15500 5.48789
15501 8.27035
15502 5.06623
15503 4.18085
15504 5.52292
15505 6.90012
15506 7.57584
15507 7.0157
15508 5.70661
15509 9.60938
15510 9.83089
15511 9.39777
15512 4.55341
15513 4.50829
15514 5.64612
15515 6.88272
15516 4.56121
15517 6.71059
15518 8.16955
15519 5.21839
15520 4.96953
15521 5.75099
15522 5.20026
15523 6.21432
15524 5.43869
15525 7.85468
15526 6.56448
15527 5.90331
15528 5.19981
15529 5.12795
15530 4.0728
15531 4.7865
15532 8.38266
15533 5.31249
15534 4.69782
15535 5.50843
15536 9.94889
15537 5.54399
15538 7.74563
15539 5.24123
15540 7.91609
15541 8.05281
15542 4.81941
15543 6.66718
15544 8.18457
15545 4.97229
15546 4.34904
15547 4.41624
15548 7.02207
15549 4.94229
15550 6.18149
15551 5.42238
15552 6.166
15553 3.82539
15554 5.92602
15555 6.91556
15556 5.08673
15557 6.52298
15558 4.52965
15559 6.7498
15560 6.31701
15561 7.32055
15562 5.64369
15563 6.55423
15564 6.46313
15565 3.77566
15566 8.0779
15567 5.20578
15568 7.97315
15569 6.87329
15570 5.65229
15571 6.63353
15572 5.61604
15573 6.55631
15574 6.14402
15575 4.0593
15576 5.36688
15577 5.22198
15578 7.66426
15579 5.40629
15580 6.38925
15581 7.49543
15582 8.31931
15583 5.61306
15584 7.09322
15585 4.98137
15586 5.08537
15587 9.78064
15588 3.93345
15589 5.49144
15590 4.27434
15591 5.10597
15592 8.45023
15593 5.79485
15594 4.45984
15595 5.5014
15596 4.10696
15597 3.29533
15598 3.75188
15599 5.43864
15600 6.36312
15601 4.37752
15602 5.62092
15603 5.35496
15604 5.40286
15605 7.03883
15606 5.32299
15607 6.26805
15608 6.08606
15609 6.66362
15610 5.96433
15611 5.45448
15612 3.91329
15613 6.78505
15614 6.2704
15615 5.32491
15616 7.7728
15617 4.41238
15618 3.33339
15619 6.78202
15620 6.05161
15621 7.50729
15622 4.50453
15623 5.39365
15624 6.88853
15625 7.91345
15626 7.45356
15627 6.29306
15628 4.03665
15629 6.52454
15630 5.78244
15631 7.00119
15632 5.95722
15633 4.39556
15634 9.94031
15635 7.87975
15636 5.86246
15637 5.29218
15638 4.48567
15639 5.59798
15640 5.49788
15641 5.93606
15642 8.56319
15643 4.68392
15644 4.49505
15645 4.48849
15646 9.61451
15647 7.37377
15648 3.57461
15649 5.82598
15650 4.64789
15651 8.2623
15652 5.6272
15653 3.78569
15654 5.33493
15655 4.40339
15656 4.7843
15657 6.95841
15658 8.19494
15659 8.63454
15660 3.4371
15661 4.78887
15662 4.37736
15663 3.78486
15664 4.8361
15665 8.26494
15666 4.42098
15667 4.90186
15668 5.6717
15669 5.94971
15670 6.87736
15671 7.20245
15672 5.24068
15673 7.32962
15674 8.60861
15675 5.9717
15676 6.06781
15677 4.05649
15678 5.60896
15679 7.92883
15680 4.75641
15681 8.14776
15682 3.20256
15683 4.68286
15684 5.19576
15685 4.34806
15686 6.51243
15687 3.58421
15688 9.73882
15689 7.28704
15690 6.38598
15691 9.02484
15692 5.72936
15693 6.5085
15694 6.98631
15695 5.15326
15696 6.03472
15697 7.09527
15698 7.81548
15699 6.84586
15700 3.1613
15701 8.32972
15702 4.86311
15703 5.07627
15704 9.45442
15705 4.17194
15706 9.03561
15707 5.57123
15708 5.53728
15709 5.09431
15710 3.91292
15711 3.49781
15712 4.92974
15713 4.94057
15714 6.74428
15715 5.48938
15716 7.3244
15717 4.20688
15718 7.5815
15719 7.33407
15720 8.59878
15721 3.96296
15722 6.16906
15723 9.14874
15724 5.31277
15725 4.11785
15726 7.82995
15727 4.14554
15728 5.74365
15729 5.90338
15730 7.61317
15731 5.90494
15732 6.23335
15733 4.00354
15734 5.89338
15735 5.00974
15736 5.18205
15737 7.75055
15738 6.19902
15739 5.66105
15740 4.7111
15741 5.17495
15742 4.28083
15743 5.76385
15744 4.42248
15745 4.97902
15746 4.35615
15747 5.13316
15748 4.58767
15749 4.40684
15750 5.79991
15751 6.25422
15752 5.18803
15753 4.494
15754 3.92023
15755 6.30961
15756 4.36703
15757 7.45316
15758 7.03634
15759 4.87411
15760 7.11928
15761 4.78262
15762 6.30566
15763 7.5214
15764 5.78343
15765 6.5617
15766 6.89577
15767 6.10746
15768 7.72867
15769 4.57223
15770 6.89122
15771 6.5035
15772 6.7964
15773 6.59935
15774 6.23698
15775 4.17077
15776 4.98876
15777 5.21832
15778 5.6862
15779 3.64676
15780 6.45345
15781 4.56892
15782 4.81329
15783 3.56209
15784 5.65045
15785 5.10958
15786 4.90254
15787 8.29676
15788 4.34937
15789 3.5845
15790 5.40415
15791 5.86996
15792 4.05821
15793 5.88397
15794 8.3872
15795 5.25905
15796 7.23374
15797 6.5106
15798 4.35892
15799 6.17838
15800 4.97783
15801 4.64311
15802 7.64535
15803 5.70274
15804 5.54981
15805 5.68702
15806 7.1334
15807 8.9547
15808 8.82289
15809 4.81761
15810 5.04888
15811 7.73053
15812 3.14575
15813 5.65695
15814 3.38935
15815 3.70324
15816 6.51331
15817 7.9714
15818 6.363
15819 6.06186
15820 7.14827
15821 6.60984
15822 4.63828
15823 4.36891
15824 6.14648
15825 5.22165
15826 6.59528
15827 5.44035
15828 8.48002
15829 4.09384
15830 5.61979
15831 6.70713
15832 3.90014
15833 6.4911
15834 4.58282
15835 4.10152
15836 7.40823
15837 6.71784
15838 4.88181
15839 6.04508
15840 5.34359
15841 5.2476
15842 4.68095
15843 5.28201
15844 5.16233
15845 5.87197
15846 3.86851
15847 3.58527
15848 4.71606
15849 6.63111
15850 8.35401
15851 7.10068
15852 5.13906
15853 6.04481
15854 5.31194
15855 4.77266
15856 4.66366
15857 7.10199
15858 3.10708
15859 4.91038
15860 3.58979
15861 9.63339
15862 4.80668
15863 9.28159
15864 5.04953
15865 8.22122
15866 4.08365
15867 7.22043
15868 4.46543
15869 4.28821
15870 4.20618
15871 3.36824
15872 3.61223
15873 8.38975
15874 6.92766
15875 4.89617
15876 3.85635
15877 3.73922
15878 3.28262
15879 6.67822
15880 5.25815
15881 5.24927
15882 5.66808
15883 8.91127
15884 6.87413
15885 7.83144
15886 5.95212
15887 6.30002
15888 7.8101
15889 6.80312
15890 5.53447
15891 3.49424
15892 6.27955
15893 4.51914
15894 5.47353
15895 5.25939
15896 5.45343
15897 4.9914
15898 6.77453
15899 6.23411
15900 4.37969
15901 5.22643
15902 9.29728
15903 4.015
15904 8.04699
15905 5.39513
15906 5.35855
15907 7.52203
15908 5.85985
15909 4.81019
15910 5.18751
15911 5.06442
15912 5.47214
15913 3.93896
15914 8.72889
15915 6.83901
15916 5.50619
15917 3.51645
15918 6.23806
15919 6.19667
15920 4.80035
15921 6.38739
15922 7.12522
15923 7.15084
15924 7.17175
15925 8.66585
15926 6.3713
15927 4.15991
15928 4.39867
15929 7.67378
15930 7.26145
15931 7.06752
15932 4.92698
15933 7.51406
15934 6.83744
15935 5.3915
15936 6.51212
15937 6.37243
15938 3.9793
15939 4.66995
15940 4.18021
15941 6.60903
15942 6.46775
15943 8.4602
15944 4.52028
15945 8.03919
15946 6.17382
15947 6.383
15948 4.45696
15949 4.7069
15950 3.6841
15951 7.97324
15952 7.45533
15953 6.71982
15954 5.10624
15955 6.53235
15956 6.51884
15957 6.48084
15958 5.91033
15959 8.22665
15960 7.07621
15961 5.54112
15962 4.06587
15963 4.49469
15964 4.03899
15965 4.86203
15966 8.50132
15967 7.42645
15968 9.69355
15969 4.94069
15970 4.08558
15971 4.29656
15972 4.87955
15973 5.41926
15974 3.88803
15975 7.29395
15976 6.1086
15977 6.11987
15978 5.69634
15979 6.23896
15980 5.81664
15981 6.10391
15982 5.07617
15983 7.85986
15984 3.18557
15985 6.29339
15986 7.647
15987 9.10257
15988 4.90626
15989 7.48692
15990 5.91869
15991 6.02584
15992 7.64621
15993 7.073
15994 4.86851
15995 8.35093
15996 4.91964
15997 5.52154
15998 9.84093
15999 9.54574
16000 6.43994
16001 6.55339
16002 6.25413
16003 8.23576
16004 7.19555
16005 3.58824
16006 4.86773
16007 6.2516
16008 4.2658
16009 6.31536
16010 6.88049
16011 7.67227
16012 6.39599
16013 3.80895
16014 8.10868
16015 7.58116
16016 4.32943
16017 8.63877
16018 6.29391
16019 6.15443
16020 7.1105
16021 8.65771
16022 5.51262
16023 5.97587
16024 5.31222
16025 6.01513
16026 4.58789
16027 8.38321
16028 5.36984
16029 4.75628
16030 5.53734
16031 5.66643
16032 6.8197
16033 3.53394
16034 6.1702
16035 7.07321
16036 6.81553
16037 7.9895
16038 7.68247
16039 3.54601
16040 7.67241
16041 4.71417
16042 4.42546
16043 6.76502
16044 6.50018
16045 7.05926
16046 3.29266
16047 8.49264
16048 5.29324
16049 5.72002
16050 8.09103
16051 4.66978
16052 5.78851
16053 6.4817
16054 6.71799
16055 6.08466
16056 6.88963
16057 3.96712
16058 9.18622
16059 4.61944
16060 3.35586
16061 5.5711
16062 6.35496
16063 6.68436
16064 5.22131
16065 5.80278
16066 7.28773
16067 6.24799
16068 7.19389
16069 7.15089
16070 6.4779
16071 7.73803
16072 6.40056
16073 3.92272
16074 8.30731
16075 7.45602
16076 4.95475
16077 6.03097
16078 5.81376
16079 5.59982
16080 9.62612
16081 5.45295
16082 5.15849
16083 8.0056
16084 7.1855
16085 5.86375
16086 4.44183
16087 5.56806
16088 4.24411
16089 6.49033
16090 5.4818
16091 6.117
16092 5.68481
16093 5.13705
16094 7.17565
16095 6.19763
16096 5.57216
16097 5.94219
16098 5.45076
16099 3.88468
16100 3.59417
16101 5.01566
16102 4.98942
16103 4.37955
16104 5.19277
16105 6.6414
16106 4.56826
16107 5.05285
16108 6.10578
16109 7.27329
16110 7.35266
16111 5.89904
16112 4.48332
16113 4.49905
16114 4.64799
16115 5.26045
16116 6.48366
16117 6.89943
16118 3.77639
16119 6.77426
16120 7.23196
16121 6.35151
16122 8.057
16123 4.03047
16124 6.04193
16125 7.11761
16126 5.36992
16127 5.73822
16128 3.92033
16129 7.52112
16130 6.44308
16131 5.13953
16132 5.85935
16133 6.14786
16134 4.24717
16135 5.31527
16136 4.70144
16137 3.64115
16138 5.03858
16139 6.32859
16140 4.90995
16141 6.86751
16142 6.53546
16143 6.39386
16144 6.59243
16145 3.40075
16146 6.46315
16147 6.79308
16148 5.36095
16149 5.81441
16150 4.77118
16151 9.4874
16152 5.19316
16153 9.83991
16154 4.60029
16155 3.97909
16156 4.35594
16157 4.32576
16158 5.64279
16159 7.11172
16160 5.02775
16161 5.18443
16162 9.83209
16163 6.88668
16164 5.04993
16165 6.82575
16166 5.64032
16167 6.45672
16168 6.94889
16169 3.52857
16170 4.3664
16171 5.75665
16172 4.46682
16173 6.80419
16174 5.85346
16175 8.18101
16176 7.58456
16177 7.77818
16178 6.04446
16179 6.44149
16180 6.65353
16181 4.77182
16182 8.13728
16183 6.97121
16184 6.976
16185 5.82388
16186 6.98182
16187 5.06223
16188 7.47369
16189 7.13899
16190 5.80651
16191 6.75115
16192 7.67515
16193 4.0663
16194 7.34609
16195 5.09521
16196 4.62619
16197 7.47185
16198 4.2454
16199 3.90717
16200 5.83446
16201 7.22972
16202 8.74111
16203 4.8876
16204 8.74332
16205 4.73978
16206 4.41969
16207 5.61359
16208 6.9669
16209 3.89297
16210 4.23239
16211 6.19329
16212 6.02646
16213 6.20824
16214 4.38815
16215 6.08936
16216 6.15983
16217 5.16382
16218 6.92232
16219 6.82475
16220 4.28547
16221 3.18118
16222 5.82763
16223 5.41024
16224 6.94007
16225 7.01181
16226 6.56549
16227 6.97108
16228 4.97921
16229 3.99641
16230 5.54894
16231 8.90163
16232 4.14632
16233 5.75733
16234 6.5278
16235 4.31943
16236 5.83183
16237 5.33958
16238 6.38361
16239 8.58845
16240 6.11164
16241 5.9884
16242 6.89271
16243 3.97799
16244 7.28324
16245 4.52065
16246 6.10384
16247 5.69954
16248 8.56519
16249 4.58348
16250 4.72282
16251 5.6123
16252 5.82973
16253 5.81073
16254 5.31358
16255 4.86268
16256 3.72427
16257 4.55704
16258 5.7179
16259 9.66388
16260 5.07799
16261 4.313
16262 6.54355
16263 6.80998
16264 8.42879
16265 5.28722
16266 5.32854
16267 6.80634
16268 4.09053
16269 6.34223
16270 7.90507
16271 7.87032
16272 6.7342
16273 4.58278
16274 3.37797
16275 6.05725
16276 4.6664
16277 4.84943
16278 4.47499
16279 9.11018
16280 3.65268
16281 6.82949
16282 6.86113
16283 9.7825
16284 3.54158
16285 4.16553
16286 5.4732
16287 8.52495
16288 5.31839
16289 7.42985
16290 5.73494
16291 4.85749
16292 4.48192
16293 5.95212
16294 7.00553
16295 7.79386
16296 6.3348
16297 4.43898
16298 7.30598
16299 6.53855
16300 4.96516
16301 6.6478
16302 5.45212
16303 7.7006
16304 3.37989
16305 5.0439
16306 8.98132
16307 6.38441
16308 6.4096
16309 3.69852
16310 4.02791
16311 3.21631
16312 3.86229
16313 7.75501
16314 5.64578
16315 4.79496
16316 3.19785
16317 3.63641
16318 4.52231
16319 4.23996
16320 4.93695
16321 8.82016
16322 4.60581
16323 3.59793
16324 8.51977
16325 4.12884
16326 6.45399
16327 5.47648
16328 5.69196
16329 9.65875
16330 5.49264
16331 8.9931
16332 8.00412
16333 6.13288
16334 4.55622
16335 9.02008
16336 7.39052
16337 5.93569
16338 4.24684
16339 5.41091
16340 6.71893
16341 6.61999
16342 5.81453
16343 4.1012
16344 6.1329
16345 4.27072
16346 6.49928
16347 6.13567
16348 5.14283
16349 6.60536
16350 3.41435
16351 4.54301
16352 5.77494
16353 4.24671
16354 8.14766
16355 6.07797
16356 8.17062
16357 7.17401
16358 4.23559
16359 5.04276
16360 5.45447
16361 6.99913
16362 6.87038
16363 7.18618
16364 6.74011
16365 4.40206
16366 8.92223
16367 5.85055
16368 6.24366
16369 7.44741
16370 4.71369
16371 7.32627
16372 6.29282
16373 5.7329
16374 7.19224
16375 5.1081
16376 7.10689
16377 7.04559
16378 5.87631
16379 6.31722
16380 8.39572
16381 7.75103
16382 5.5762
16383 6.51348
16384 7.17413
16385 3.73757
16386 8.02933
16387 6.43518
16388 7.30462
16389 7.21798
16390 6.37123
16391 4.13285
16392 6.15151
16393 3.84771
16394 6.73377
16395 6.49625
16396 4.99225
16397 6.56891
16398 4.41246
16399 4.49173
16400 6.34686
16401 7.55664
16402 8.00621
16403 4.87226
16404 3.84947
16405 6.6962
16406 3.32359
16407 6.13909
16408 3.40402
16409 5.96654
16410 6.17946
16411 7.97175
16412 9.08164
16413 8.58124
16414 6.34887
16415 5.40808
16416 4.40716
16417 6.15843
16418 4.51175
16419 3.84867
16420 3.51488
16421 6.09326
16422 4.32223
16423 9.14649
16424 4.46713
16425 4.85864
16426 7.02336
16427 6.24818
16428 8.32985
16429 7.94426
16430 3.20845
16431 6.77055
16432 4.93432
16433 6.45708
16434 3.93953
16435 4.94738
16436 4.24563
16437 7.07675
16438 4.37476
16439 6.79418
16440 6.98901
16441 5.99019
16442 8.52327
16443 5.91411
16444 4.80414
16445 6.30255
16446 5.38105
16447 3.94313
16448 8.45051
16449 7.30749
16450 5.19206
16451 4.31961
16452 5.58959
16453 6.29249
16454 4.87919
16455 6.7358
16456 6.33974
16457 5.04736
16458 4.07493
16459 5.87853
16460 7.29551
16461 6.6236
16462 7.4581
16463 4.16349
16464 4.21226
16465 3.65454
16466 5.28777
16467 5.33285
16468 6.4546
16469 7.12825
16470 8.05056
16471 6.05294
16472 6.37302
16473 4.60822
16474 4.3618
16475 5.47846
16476 4.91991
16477 5.17927
16478 6.50027
16479 7.33835
16480 5.41002
16481 7.63956
16482 4.11899
16483 5.89579
16484 5.3516
16485 4.25346
16486 8.2835
16487 3.64623
16488 3.27966
16489 7.41263
16490 4.83025
16491 4.63435
16492 9.30439
16493 8.01892
16494 5.08622
16495 4.62961
16496 7.26253
16497 4.24037
16498 5.47098
16499 6.0169
16500 5.34824
16501 3.40772
16502 4.27146
16503 4.6846
16504 3.94444
16505 6.61991
16506 5.85592
16507 4.75618
16508 4.41011
16509 6.96068
16510 9.14499
16511 8.14204
16512 4.58809
16513 8.03265
16514 5.38222
16515 4.68939
16516 6.40983
16517 5.21239
16518 9.14594
16519 5.59708
16520 5.8836
16521 5.2964
16522 4.12618
16523 6.49842
16524 5.36538
16525 5.55096
16526 6.03298
16527 6.34356
16528 4.55784
16529 3.47449
16530 4.7543
16531 5.73835
16532 4.39845
16533 6.11165
16534 3.46825
16535 5.19832
16536 9.24053
16537 4.3013
16538 6.27325
16539 4.10265
16540 5.1938
16541 6.92788
16542 4.85686
16543 7.78383
16544 6.06081
16545 5.1657
16546 5.72733
16547 4.13022
16548 4.37212
16549 5.75797
16550 6.80335
16551 5.0225
16552 5.66143
16553 6.08875
16554 5.57657
16555 7.12058
16556 6.9773
16557 6.19301
16558 5.37829
16559 9.65102
16560 4.04657
16561 6.94063
16562 4.82706
16563 5.64792
16564 7.2823
16565 6.60677
16566 6.30634
16567 3.504
16568 5.10745
16569 9.08046
16570 6.06574
16571 8.24361
16572 5.21635
16573 6.4212
16574 4.0231
16575 4.01582
16576 6.09612
16577 6.41821
16578 7.0495
16579 4.54927
16580 8.84965
16581 7.00854
16582 5.687
16583 9.39725
16584 5.71458
16585 6.98827
16586 6.01653
16587 4.00701
16588 6.33925
16589 4.31842
16590 4.17843
16591 7.32306
16592 7.87707
16593 5.58651
16594 5.73896
16595 6.34859
16596 7.00388
16597 4.49646
16598 5.03546
16599 4.61461
16600 3.79046
16601 5.70986
16602 3.7976
16603 4.5429
16604 4.66875
16605 5.07953
16606 6.18075
16607 7.85202
16608 5.39012
16609 6.73561
16610 4.95306
16611 6.16446
16612 5.87289
16613 7.95184
16614 4.84199
16615 4.49648
16616 8.92308
16617 6.77041
16618 7.36318
16619 5.8785
16620 3.9938
16621 4.5645
16622 8.56432
16623 5.42793
16624 5.08522
16625 9.10569
16626 7.63952
16627 7.12386
16628 5.85354
16629 6.63442
16630 4.53438
16631 5.51339
16632 4.04501
16633 4.60078
16634 5.4213
16635 5.25249
16636 7.4022
16637 5.37107
16638 5.45982
16639 6.51412
16640 3.87954
16641 8.67641
16642 4.15663
16643 6.16534
16644 4.49229
16645 7.71934
16646 5.72585
16647 5.18204
16648 5.03802
16649 8.21009
16650 4.93659
16651 4.28887
16652 5.04635
16653 5.93232
16654 7.75716
16655 5.12472
16656 6.96737
16657 6.5769
16658 3.5346
16659 6.12829
16660 5.98338
16661 6.68221
16662 9.19164
16663 7.75741
16664 3.86583
16665 4.94823
16666 4.88799
16667 6.8367
16668 4.46109
16669 4.51776
16670 9.37094
16671 6.17328
16672 4.82072
16673 5.27668
16674 7.23519
16675 4.84227
16676 5.6542
16677 5.27505
16678 6.97274
16679 3.92561
16680 4.80072
16681 5.3049
16682 7.47169
16683 3.88537
16684 8.39546
16685 5.10838
16686 7.34773
16687 4.89689
16688 5.15031
16689 6.94556
16690 6.06823
16691 5.23831
16692 5.28403
16693 9.09043
16694 9.32379
16695 4.27446
16696 4.08853
16697 4.44467
16698 5.70959
16699 7.67363
16700 5.62668
16701 5.68486
16702 5.61542
16703 5.08026
16704 6.73345
16705 6.9049
16706 7.25377
16707 6.69793
16708 6.72174
16709 3.63277
16710 9.33536
16711 5.42154
16712 7.2796
16713 5.86498
16714 5.522
16715 7.59838
16716 9.20444
16717 4.01257
16718 3.45579
16719 7.12373
16720 4.89917
16721 4.1942
16722 5.57528
16723 5.9005
16724 6.20923
16725 7.63008
16726 9.00542
16727 6.19766
16728 3.68855
16729 8.92412
16730 7.38476
16731 4.96743
16732 4.86124
16733 5.84644
16734 6.0845
16735 3.36193
16736 5.06536
16737 6.95894
16738 3.45498
16739 4.56386
16740 6.01571
16741 4.28319
16742 6.09301
16743 8.53271
16744 6.88024
16745 5.60565
16746 9.60833
16747 3.60465
16748 8.79345
16749 6.26772
16750 5.22751
16751 3.51865
16752 5.5647
16753 7.63904
16754 5.04523
16755 5.88089
16756 3.81519
16757 5.44981
16758 3.12737
16759 3.90391
16760 8.8178
16761 7.48963
16762 6.04284
16763 5.43921
16764 5.16479
16765 6.009
16766 8.03465
16767 6.92343
16768 6.0805
16769 3.84005
16770 3.35436
16771 5.44638
16772 7.17531
16773 5.27772
16774 6.19761
16775 5.10121
16776 4.23431
16777 6.16172
16778 3.84225
16779 3.5251
16780 3.4455
16781 7.24363
16782 5.73858
16783 7.73684
16784 5.05343
16785 7.19356
16786 3.85381
16787 5.58187
16788 7.69689
16789 3.86815
16790 6.72676
16791 6.9158
16792 4.46827
16793 6.00353
16794 6.77477
16795 6.00272
16796 6.63352
16797 6.07482
16798 9.07459
16799 4.43729
16800 4.95669
16801 5.67146
16802 8.10333
16803 5.34299
16804 5.89463
16805 6.81188
16806 5.8173
16807 5.10355
16808 3.70452
16809 4.51056
16810 3.61495
16811 6.91437
16812 4.60778
16813 6.06866
16814 6.79652
16815 3.72268
16816 3.47932
16817 4.94308
16818 7.24028
16819 4.60167
16820 4.29178
16821 6.371
16822 3.76776
16823 4.99916
16824 7.28753
16825 4.61675
16826 7.50786
16827 8.1397
16828 4.53095
16829 7.50784
16830 3.60839
16831 6.35088
16832 6.0875
16833 6.63911
16834 8.03957
16835 3.88782
16836 4.50539
16837 6.66027
16838 4.69066
16839 6.52942
16840 5.62995
16841 6.35369
16842 8.53598
16843 4.07755
16844 3.7829
16845 5.74258
16846 5.8059
16847 5.25459
16848 5.48805
16849 6.23813
16850 7.93853
16851 7.73629
16852 7.14049
16853 4.11447
16854 7.45322
16855 6.83771
16856 7.06374
16857 8.34493
16858 4.34353
16859 5.68414
16860 6.60564
16861 8.53839
16862 6.74825
16863 8.18627
16864 3.65389
16865 5.11733
16866 4.03662
16867 7.38965
16868 6.2908
16869 4.52644
16870 5.15166
16871 7.17313
16872 6.16605
16873 5.03089
16874 6.61492
16875 5.42918
16876 6.30073
16877 5.04734
16878 8.10828
16879 7.44846
16880 5.49774
16881 5.71777
16882 6.41928
16883 4.00186
16884 4.90485
16885 4.66812
16886 8.95383
16887 4.66688
16888 4.21535
16889 5.68108
16890 6.0843
16891 7.22394
16892 6.93965
16893 7.23534
16894 6.75601
16895 7.87599
16896 4.15946
16897 3.649
16898 7.30711
16899 3.89466
16900 5.41764
16901 7.6241
16902 5.72264
16903 6.20948
16904 7.95518
16905 7.55081
16906 4.20971
16907 6.81989
16908 3.93189
16909 6.10374
16910 3.36541
16911 8.4847
16912 8.29155
16913 7.83592
16914 5.33109
16915 6.12303
16916 4.62151
16917 5.59435
16918 9.00184
16919 4.92762
16920 7.27615
16921 7.10706
16922 6.87904
16923 4.64597
16924 6.44916
16925 5.06385
16926 6.89491
16927 7.86175
16928 5.80841
16929 3.49958
16930 5.12203
16931 4.27454
16932 5.18193
16933 8.76394
16934 4.96006
16935 6.52418
16936 3.34736
16937 5.82701
16938 7.0372
16939 5.67585
16940 8.47177
16941 5.22198
16942 8.37036
16943 3.95198
16944 3.46458
16945 4.53885
16946 5.78713
16947 6.05104
16948 6.54084
16949 5.99819
16950 7.33977
16951 6.14619
16952 4.52263
16953 5.07862
16954 4.41528
16955 4.11444
16956 6.13617
16957 5.0489
16958 6.79894
16959 7.24648
16960 8.99463
16961 6.43047
16962 6.5112
16963 5.0175
16964 4.90934
16965 4.47326
16966 5.61803
16967 6.47697
16968 4.82669
16969 4.61422
16970 4.73312
16971 7.3184
16972 9.25645
16973 5.91081
16974 5.34156
16975 5.39898
16976 5.67541
16977 6.41244
16978 6.57954
16979 4.26258
16980 6.97847
16981 5.59714
16982 4.23645
16983 4.0486
16984 3.92855
16985 9.45548
16986 6.74122
16987 3.67247
16988 9.32751
16989 4.70998
16990 4.25914
16991 4.77352
16992 5.25813
16993 4.39584
16994 5.62508
16995 8.82474
16996 6.82238
16997 5.23263
16998 3.75271
16999 5.1984
17000 4.97079
17001 9.86331
17002 7.04865
17003 4.84049
17004 4.86179
17005 7.05214
17006 4.81767
17007 6.34486
17008 3.5185
17009 6.81458
17010 4.68157
17011 5.83125
17012 7.3912
17013 5.21048
17014 7.12116
17015 6.14444
17016 6.09876
17017 3.61947
17018 6.62955
17019 5.95344
17020 6.85928
17021 4.86331
17022 6.1091
17023 6.48315
17024 5.69145
17025 5.2147
17026 7.1099
17027 4.70904
17028 6.33746
17029 5.38003
17030 7.24948
17031 3.46509
17032 5.15386
17033 5.3251
17034 3.96403
17035 6.4794
17036 6.40547
17037 5.1404
17038 7.96736
17039 3.59242
17040 7.06618
17041 6.21898
17042 5.13549
17043 5.31382
17044 4.77799
17045 8.11231
17046 9.52583
17047 5.23511
17048 8.59512
17049 5.20861
17050 6.39077
17051 8.14251
17052 7.62018
17053 4.82751
17054 6.07254
17055 4.5754
17056 7.61852
17057 6.66704
17058 9.08718
17059 4.24633
17060 5.70158
17061 4.61767
17062 3.5167
17063 4.93203
17064 5.31154
17065 6.74534
17066 3.47206
17067 7.37174
17068 5.17342
17069 4.60525
17070 5.70602
17071 3.96049
17072 3.36739
17073 3.1031
17074 5.81181
17075 7.66749
17076 5.51104
17077 4.80974
17078 5.42613
17079 5.84661
17080 8.82572
17081 5.47365
17082 6.43099
17083 5.69086
17084 4.64094
17085 7.29471
17086 5.29175
17087 8.76922
17088 3.70842
17089 8.12057
17090 8.23623
17091 5.02638
17092 6.11803
17093 5.30535
17094 5.35362
17095 4.96358
17096 9.64109
17097 4.56684
17098 7.89841
17099 4.63356
17100 4.96389
17101 5.20573
17102 5.3799
17103 8.77334
17104 3.98859
17105 5.70887
17106 4.55781
17107 6.61637
17108 7.96944
17109 3.37696
17110 7.03154
17111 4.69821
17112 9.35665
17113 7.94876
17114 6.24747
17115 3.97381
17116 4.47517
17117 6.66965
17118 6.14617
17119 8.66828
17120 4.17814
17121 5.73955
17122 4.49991
17123 7.73578
17124 9.28641
17125 6.26923
17126 9.08449
17127 5.09307
17128 8.01554
17129 6.55105
17130 5.30353
17131 6.3882
17132 4.56728
17133 9.17757
17134 5.93598
17135 5.42419
17136 4.13591
17137 4.04005
17138 5.70048
17139 8.38981
17140 4.79619
17141 5.37155
17142 4.04733
17143 5.89068
17144 6.99645
17145 8.33171
17146 6.27371
17147 3.78241
17148 5.15732
17149 4.35316
17150 5.51266
17151 6.28644
17152 6.8696
17153 4.30135
17154 6.15355
17155 5.42974
17156 6.87086
17157 9.94697
17158 5.63245
17159 7.26308
17160 8.76525
17161 4.57869
17162 5.8083
17163 9.56226
17164 7.70599
17165 6.34382
17166 6.03671
17167 9.54766
17168 5.86805
17169 6.18535
17170 4.28243
17171 5.84621
17172 5.35043
17173 6.09974
17174 6.56519
17175 3.50348
17176 5.41506
17177 4.89271
17178 8.12934
17179 6.03204
17180 6.4345
17181 3.73337
17182 5.33198
17183 4.84204
17184 5.33812
17185 4.39141
17186 4.84905
17187 6.10473
17188 6.27465
17189 3.56246
17190 5.03963
17191 5.61425
17192 7.19432
17193 4.13919
17194 8.87634
17195 5.68709
17196 7.70742
17197 8.30063
17198 6.50235
17199 5.27114
17200 6.38097
17201 5.14774
17202 4.77953
17203 7.94711
17204 6.30004
17205 3.9384
17206 3.62973
17207 3.7879
17208 7.81729
17209 5.53147
17210 5.90621
17211 8.27121
17212 7.70635
17213 8.10952
17214 6.49384
17215 9.83038
17216 4.81645
17217 8.71093
17218 5.13616
17219 4.96172
17220 3.89898
17221 4.42218
17222 6.89733
17223 3.99042
17224 6.63303
17225 5.84385
17226 9.63124
17227 4.12733
17228 7.97838
17229 6.54739
17230 4.19576
17231 3.22207
17232 4.62847
17233 7.48353
17234 5.7532
17235 3.72999
17236 7.11073
17237 5.99759
17238 5.64287
17239 4.04297
17240 7.17047
17241 3.77392
17242 4.03077
17243 7.16121
17244 4.65799
17245 4.75054
17246 4.13512
17247 7.35943
17248 6.44631
17249 4.48696
17250 3.13005
17251 5.16791
17252 5.8372
17253 4.26138
17254 4.35146
17255 4.55822
17256 6.62015
17257 6.51599
17258 7.26214
17259 5.47636
17260 3.8307
17261 6.46656
17262 4.96186
$EndElementData
