$MeshFormat
2.2 0 8
$EndMeshFormat
$Nodes
4701
1 -0.038675 0 -0.03287
2 -0.038675 0 0.03287
3 -0.038675 0.014 -0.03287
4 -0.038675 0.014 0.03287
5 -0.037675 0.0049125 0.01237
6 -0.037675 0.00493275 -0.0234438
7 -0.037675 0.00492769 -0.0114903
8 -0.037675 0.00493106 0.000540633
9 -0.037675 0.00493106 0.0245406
10 -0.037675 0.00499275 -9.92776e-05
11 -0.037675 0.00494961 0.0240287
12 -0.037675 0.00495993 -0.0120019
13 -0.037675 0.00500442 0.0118661
14 -0.037675 0.00501225 0.0128972
15 -0.037675 0.00505826 -0.0109663
16 -0.037675 0.00514771 -0.0244436
17 -0.037675 0.00514771 -0.000443644
18 -0.037675 0.00514771 0.00118364
19 -0.0376482 0.00513872 0.0251687
20 -0.037675 0.0051532 -0.0228072
21 -0.037675 0.0052362 -0.0125907
22 -0.037675 0.00534528 0.0112941
23 -0.0376173 0.00540926 0.0135134
24 -0.037675 0.00547227 0.00157993
25 -0.0376644 0.00537248 0.0232654
26 -0.037675 0.00561434 -0.0223237
27 -0.0376129 0.00560152 -0.000927566
28 -0.037675 0.00561434 0.0256763
29 -0.037636 0.00544212 -0.0104519
30 -0.037675 0.0057564 0.0109674
31 -0.037675 0.00591585 -0.0130961
32 -0.037675 0.00591585 0.0138361
33 -0.037675 0.00591585 0.0229039
34 -0.037675 0.0060753 -0.0251596
35 -0.037675 0.0060753 -0.0221004
36 -0.037675 0.00608285 -0.00116087
37 -0.037675 0.0060753 0.0258996
38 -0.037675 0.00624468 0.0108126
39 -0.037675 0.00600687 0.00187237
40 -0.037675 0.00641405 0.0139552
41 -0.037675 0.00661103 -0.0235704
42 -0.037675 0.00640644 0.000407894
43 -0.037675 0.00652896 0.0123606
44 -0.037675 0.00658544 -0.0252059
45 -0.0376526 0.00661419 -0.0220557
46 -0.037675 0.00645427 -0.0131695
47 -0.037675 0.00658544 -0.00120588
48 -0.037675 0.00658544 0.0227941
49 -0.037675 0.00675683 0.0108034
50 -0.037675 0.00692221 -0.0101093
51 -0.037675 0.00686779 0.00190578
52 -0.0376311 0.00690743 0.0138948
53 -0.0376617 0.00703108 -0.0131204
54 -0.0376421 0.00718294 0.0229458
55 -0.037675 0.00723924 -0.0250244
56 -0.0376314 0.00721225 -0.0222213
57 -0.037675 0.00723924 -0.00102435
58 -0.0376492 0.00735308 0.011036
59 -0.0376385 0.007147 0.0258133
60 -0.037675 0.00739088 0.013684
61 -0.037675 0.00762228 -0.0127474
62 -0.0376448 0.00750588 -0.0104137
63 -0.037675 0.0075217 0.00157284
64 -0.0376463 0.00760278 0.023236
65 -0.037675 0.00765252 -0.0225383
66 -0.037675 0.00765252 0.0254617
67 -0.037675 0.00774137 -0.0246048
68 -0.037675 0.00775639 -0.000585082
69 -0.037675 0.00775639 0.0114149
70 -0.037675 0.00775639 0.0133251
71 -0.037675 0.00786026 -0.0108116
72 -0.037675 0.00792373 -0.0123113
73 -0.037675 0.00793233 0.00103267
74 -0.037675 0.00791755 0.0236754
75 -0.037675 0.0080044 0.0248769
76 -0.037675 0.0080044 -0.000136891
77 -0.037675 0.00802685 -0.0240349
78 -0.037675 0.0080413 0.0120307
79 -0.037675 0.00804405 0.0126968
80 -0.037675 0.0080644 -0.0114604
81 -0.037675 0.00803595 -0.0118495
82 -0.037675 0.00808284 0.000456036
83 -0.0376559 0.00808232 0.0242745
84 -0.037675 0.00808285 -0.0235442
85 -0.00158517 0.0065 0.00195517
86 -0.00158517 0.00654272 -0.00121517
87 -0.00158517 0.00654272 0.0227848
88 -0.00158517 0.00656428 0.0259552
89 -0.00157588 0.00632861 0.0107941
90 -0.00160412 0.00625802 0.0139382
91 -0.0015734 0.00630581 -0.0220566
92 -0.00158006 0.00687766 0.01083
93 -0.00156883 0.0067362 -0.0251988
94 -0.00156659 0.00675683 0.0139366
95 -0.0015574 0.00624468 -0.03187
96 -0.0015574 0.00624468 0.03187
97 -0.00155709 0.00620005 -0.0100729
98 -0.00155709 0.00679995 -0.0100729
99 -0.00154127 0.00612815 -0.025179
100 -0.00152151 0.00590325 0.0228995
101 -0.00156074 0.00700241 -0.0131335
102 -0.00150001 0.00701262 0.00193599
103 -0.00154296 0.00684214 -0.0318267
104 -0.00154731 0.00682626 0.03187
105 -0.00150602 0.00600522 0.00187602
106 -0.00147006 0.00709774 -0.00110006
107 -0.00153733 0.00710493 -0.0221633
108 -0.00148452 0.0070586 0.0228855
109 -0.00137189 0.0057054 -0.0102581
110 -0.00148067 0.00592997 -0.00111067
111 -0.00144745 0.0071464 0.0258449
112 -0.0014374 0.00583167 0.0109326
113 -0.00137894 0.00571712 0.0138153
114 -0.00145402 0.00574582 0.0257662
115 -0.00138045 0.00728038 -0.0250104
116 -0.00136841 0.00730038 -0.0102168
117 -0.00141031 0.00577582 -0.031846
118 -0.00142568 0.00568937 -0.0222678
119 -0.00140431 0.00723984 0.0138413
120 -0.00139672 0.00565355 -0.0129707
121 -0.00137047 0.00729696 0.0109995
122 -0.00132192 0.0055547 0.00164259
123 -0.00132283 0.00562386 -0.0249528
124 -0.00131396 0.00739088 0.03187
125 -0.00126401 0.00744968 -0.012894
126 -0.00133946 0.00566319 0.0318234
127 -0.00111524 0.00538258 -0.0225129
128 -0.0010787 0.00534797 -0.000791095
129 -0.00119055 0.00748249 -0.03187
130 -0.00115986 0.00761261 -0.000755618
131 -0.00117651 0.0075527 0.0231876
132 -0.00118129 0.00754707 0.0255513
133 -0.00110355 0.00763859 -0.0248186
134 -0.00118295 0.00754512 0.00155295
135 -0.00112497 0.0076909 0.0113288
136 -0.00108532 0.00535424 -0.03187
137 -0.00109504 0.00536344 -0.012725
138 -0.00106258 0.00532963 0.0113107
139 -0.00106247 0.00528902 0.0133865
140 -0.000996346 0.00526995 0.0253663
141 -0.00113067 0.00763417 0.0134773
142 -0.000955082 0.00775639 0.03187
143 -0.000981368 0.00519729 0.00126605
144 -0.00110982 0.00763122 -0.0225088
145 -0.000889051 0.0078803 -0.0124051
146 -0.000752496 0.00789077 -0.0108534
147 -0.000593075 0.00796453 0.0251446
148 -0.00109388 0.00536234 0.0232761
149 -0.000813644 0.00514771 0.03187
150 -0.000681302 0.00506809 -0.03187
151 -0.000696324 0.00506105 -0.0229604
152 -0.000647802 0.0050359 -0.0122274
153 -0.000764161 0.00510773 -0.000377194
154 -0.000662666 0.00793233 -0.03187
155 -0.000735856 0.00789847 -0.024433
156 -0.000599165 0.00796171 -0.000240128
157 -0.000619052 0.00796425 0.000963681
158 -0.000536333 0.00799078 0.0117138
159 -0.000792127 0.00792178 0.0236845
160 -0.000506891 0.0080044 0.03187
161 -0.000446503 0.00498507 -0.0241074
162 -0.00050392 0.00500442 0.0118661
163 -0.000616256 0.00500254 0.0248683
164 -0.000341266 0.00494961 0.023882
165 -0.000341266 0.00494961 0.03187
166 -0.000547405 0.00800898 -0.0231439
167 -0.000360257 0.00805016 -0.011929
168 -0.000181192 0.00807609 -0.0242417
169 -0.000170633 0.00493106 -0.03187
170 0.000118938 0.00491812 -0.0116816
171 8.66098e-05 0.0080828 0.012414
172 4.04048e-05 0.00808531 0.0243619
173 -5.6724e-05 0.00491867 0.000219759
174 2.13566e-05 0.00491482 0.0245489
175 6.49491e-05 0.00647443 0.03187
176 0 0.00807819 -0.03187
177 -0.000141792 0.00808272 0.000281829
178 0 0.00807819 0.03187
179 0.000317911 0.00805735 -0.0233637
180 0.000242489 0.00807819 -0.0114584
181 0.000219164 0.00493634 -0.0232828
182 0.000170633 0.00493106 0.03187
183 0.000341266 0.00494961 -0.03187
184 0.000462732 0.00494773 0.0120461
185 0.000639578 0.00500639 -0.0241398
186 0.000721717 0.00504206 -0.0122456
187 0.000459268 0.00498937 -0.0109979
188 0.000511671 0.00500703 -0.00020246
189 0.000541192 0.00501698 0.000997308
190 0.000648456 0.00499681 0.0248513
191 0.000434261 0.00802039 -0.0241386
192 0.000738897 0.00794714 -0.000260662
193 0.000662666 0.00793233 -0.03187
194 0.000825994 0.00790662 -0.0229118
195 0.000729432 0.00790144 0.00120544
196 0.000739124 0.00796438 0.0117766
197 0.000850711 0.00790738 0.0130866
198 0.000620848 0.00795168 0.025069
199 0.000662666 0.00793233 0.03187
200 0.000738979 0.00510279 0.0235734
201 0.000821456 0.00515241 -0.03187
202 0.000938177 0.00522264 -0.0226618
203 0.000762159 0.00511674 0.0114882
204 0.000813644 0.00514771 0.03187
205 0.000828449 0.00785265 -0.0245398
206 0.000713691 0.00790872 -0.0123657
207 0.000767828 0.00791235 -0.0109241
208 0.00117546 0.00755393 -0.000825087
209 0.000987906 0.00526196 -0.0105966
210 0.000977875 0.00525246 -0.000607875
211 0.00101309 0.00528383 0.00138099
212 0.00102569 0.00529775 0.0253957
213 0.00105407 0.00532463 -0.024726
214 0.00111549 0.00529319 -0.0126509
215 0.00114488 0.00758994 -0.0224851
216 0.00118884 0.00759898 -0.0127672
217 0.00122552 0.00756997 0.0135318
218 0.00111672 0.00770224 0.0233437
219 0.00109564 0.00536401 0.0232744
220 0.0011793 0.00754941 -0.03187
221 0.0011195 0.00762854 -0.0105179
222 0.00120284 0.0075217 0.00157284
223 0.00113016 0.00760726 0.0112398
224 0.00107177 0.00766769 0.0254418
225 0.00120284 0.0075217 0.03187
226 0.00120993 0.00547227 -0.03187
227 0.00124954 0.00542416 0.0112109
228 0.001292 0.00559331 0.03187
229 0.00134316 0.00565766 0.00171316
230 0.00130904 0.00560265 0.025679
231 0.00133748 0.00564822 -0.0250564
232 0.00135675 0.00568023 -0.0129867
233 0.00136381 0.00569196 -0.0222662
234 0.00137513 0.00562533 0.0136937
235 0.00143038 0.00718351 -0.0131256
236 -0.038675 0.00516646 0.03287
237 0.00138566 0.00727171 0.0229843
238 0.00139865 0.00725013 -0.0102169
239 0.00139855 0.00725029 0.0257898
240 0.00145597 0.00587181 0.022914
241 0.00149273 0.00598268 -0.03187
242 0.00147475 0.00708759 -0.03187
243 0.00149665 0.00712811 -0.025086
244 0.00145507 0.00576872 -0.0102218
245 0.00144143 0.00715961 0.00183733
246 0.0014837 0.00712511 -0.00108739
247 0.00150219 0.00700615 0.0108678
248 0.00151479 0.00694338 0.03187
249 0.00145502 0.00586976 0.010915
250 0.00152964 0.0060753 0.0258996
251 0.00153541 0.00610151 -0.0251844
252 0.00153873 0.0061166 -0.0131687
253 0.00153235 0.00608764 -0.00116235
254 0.00156668 0.00700589 -0.0221277
255 0.00158134 0.00677254 0.0139331
256 0.00157385 0.00692119 0.0228396
257 0.0015574 0.00624468 0.03187
258 0.00156103 0.00621793 0.00193103
259 0.00156659 0.00624317 -0.0100634
260 0.00156659 0.00675683 0.00193659
261 0.00157121 0.00628565 -0.0220588
262 0.00157121 0.00628565 0.0139412
263 0.00157121 0.00671435 -0.0252012
264 0.00157448 0.00668421 0.0259445
265 0.00156808 0.0067431 -0.0132557
266 0.00155585 0.00680562 -0.0100435
267 0.00157588 0.00632861 0.0227941
268 0.00157588 0.00658544 -0.03187
269 0.00163896 0.00662633 -0.00121075
270 0.00158517 0.00643629 0.0107848
271 0.0376625 0.00491501 0.000393067
272 0.037675 0.0049125 -0.02363
273 0.037675 0.00493106 0.0121994
274 0.037675 0.00492475 0.0244826
275 0.037675 0.00494961 0.0127113
276 0.037675 0.00500442 -0.0241339
277 0.0376384 0.00494491 -0.011928
278 0.037675 0.00501273 -0.0111014
279 0.037675 0.00499146 -9.54644e-05
280 0.037675 0.00500442 0.00087392
281 0.037675 0.00498762 0.0239159
282 0.0376178 0.00505626 0.0117122
283 0.037675 0.00501556 0.024907
284 0.037675 0.00505922 -0.0229634
285 0.037675 0.00521 0.0132044
286 0.037675 0.0052362 -0.000590714
287 0.037675 0.00529647 0.00131537
288 0.037675 0.00527649 0.0233971
289 0.037675 0.00535424 -0.0247153
290 0.037675 0.0052672 -0.0126234
291 0.037675 0.00535424 -0.0105447
292 0.037675 0.00537846 0.0112591
293 0.037675 0.00541365 0.025518
294 0.037675 0.00561434 -0.0223237
295 0.037675 0.00561434 -0.000936254
296 0.037675 0.00557706 0.0136083
297 0.037675 0.00566953 0.023084
298 0.037675 0.0057564 -0.0250326
299 0.037675 0.0057564 -0.0130326
300 0.037675 0.00575283 0.0109698
301 0.037675 0.00591585 -0.0101639
302 0.037675 0.00591585 0.0258361
303 0.037675 0.0060753 0.0228404
304 0.037675 0.00624468 -0.0251874
305 0.037675 0.00624468 -0.0220726
306 0.037675 0.00624256 -0.0131871
307 0.037675 0.00624468 -0.0011874
308 0.037675 0.00624468 0.0019274
309 0.037675 0.00612273 0.0139074
310 0.037675 0.00641405 -0.0100448
311 0.037675 0.00638752 0.0259508
312 0.037675 0.00653862 -0.0234799
313 0.037675 0.00651219 -0.0116
314 0.037675 0.00639398 0.000402704
315 0.037675 0.00677286 0.012565
316 0.037675 0.00660921 0.0227954
317 0.037675 0.00675683 -0.0131966
318 0.037675 0.00675683 0.0108034
319 0.037675 0.00675683 0.0139366
320 0.037675 0.00692221 -0.0251507
321 0.037675 0.00692221 -0.0221093
322 0.037675 0.00692221 -0.0101093
323 0.037675 0.00692221 -0.00115067
324 0.037675 0.00692221 0.00189067
325 0.037675 0.00692221 0.0258907
326 0.037675 0.00731561 0.0110161
327 0.037675 0.00723924 0.0137644
328 0.0374365 0.00705879 0.0228873
329 0.037675 0.00739088 -0.022316
330 0.037675 0.00739088 0.025684
331 0.037675 0.0075184 -0.0248356
332 0.0376448 0.00750618 -0.012846
333 0.037675 0.0075217 -0.0104272
334 0.037675 0.0075217 -0.00083284
335 0.037675 0.0075217 0.00157284
336 0.037675 0.00765252 0.0134617
337 0.037675 0.00765252 0.0232783
338 0.037675 0.00775639 -0.0226749
339 0.037675 0.00775639 0.0114149
340 0.037675 0.00775639 0.0253251
341 0.037675 0.00793233 -0.0242927
342 0.037675 0.00793233 -0.0122927
343 0.037675 0.00793233 -0.0109673
344 0.037675 0.00793233 -0.000292666
345 0.037675 0.00793233 0.00103267
346 0.037675 0.00792713 0.0130439
347 0.037675 0.00800673 0.0238829
348 0.037675 0.0080044 -0.0231231
349 0.037675 0.0079796 0.0248778
350 0.037675 0.0080413 0.0120307
351 0.037675 0.00807819 -0.0236845
352 0.037675 0.00807819 -0.01163
353 0.037675 0.00807819 0.000352645
354 0.0376643 0.00807819 0.0125332
355 0.0376142 0.00807819 0.0244533
356 0.038675 0 -0.03287
357 0.038675 0 0.03287
358 0.038675 0.014 -0.03287
359 0.038675 0.014 0.03287
360 -0.0364241 0.004483 0.00206456
361 -0.0370255 0.00909457 0.00162369
362 -0.0366516 0.0097014 0.0236256
363 -0.0294463 0.00250075 0.0242875
364 -0.028683 0.00955703 -0.0111417
365 -0.0280486 0.00928152 0.0119745
366 -0.0283354 0.0103457 0.0243343
367 -0.0208385 0.00265601 0.0248896
368 -0.0214428 0.0103525 -0.029496
369 -0.0229576 0.00932045 -0.0102922
370 -0.0150691 0.00956274 -0.0299233
371 -0.0157578 0.00731991 -0.0169684
372 -0.0158302 0.0104889 0.0238443
373 -0.0066872 0.00419719 0.0104999
374 -0.00732775 0.00463263 0.0290828
375 -0.00748453 0.0108267 -0.0180661
376 0.00753798 0.0044082 0.0278194
377 0.000507241 0.00391321 -0.0106538
378 -0.000716301 0.00408534 0.0115846
379 0.000431119 0.00395901 0.024373
380 0.000574027 0.00919864 -0.0235528
381 0.000227906 0.00989767 -0.0161155
382 0.00023742 0.00919568 -0.0106365
383 -0.0016378 0.00929083 0.016568
384 0.00616303 0.00348585 -0.0242182
385 0.00804339 0.00606309 0.0173762
386 0.0322818 0 0.0288949
387 0.0100117 0.010641 -0.024036
388 0.0143521 0.00410677 0.00255453
389 0.0143718 0.00397238 0.0165554
390 0.0136524 0.00883281 0.0144414
391 0.0149246 0.00883564 0.0279149
392 0.0214758 0.00399046 0.00906714
393 0.0226655 0.00954555 -0.0238345
394 0.0223181 0.00922364 0.00202849
395 0.0301951 0.00403208 -0.0105028
396 0.0293398 0.002659 0.00111462
397 0.0316559 0.00445229 0.0105493
398 0.0297024 0.00952883 0.00988903
399 0.0364637 0.00310922 -0.0243772
400 0.037058 0.00949308 -0.0235178
401 0.0362555 0.00961921 0.0230991
402 -0.0183187 0.00804678 0.000684355
403 -0.00418083 0.00931493 -0.000290428
404 0.00184517 0.00881248 0.0261051
405 0.00202209 0.00857606 0.0226093
406 -0.0092204 0.00377795 0.03287
407 0.0267799 0.00830311 0.0261936
408 0.031505 0.0080776 0.0241957
409 0.0335986 0.010406 0.0256925
410 0.00640554 0.00706435 0.0138526
411 0.0137493 0.0070936 0.0138416
412 0.0222514 0.00424013 0.0143
413 -0.0200998 0.00949549 -0.0256332
414 -0.0158942 0.00996601 -0.0253996
415 0.0124491 0.00891662 -0.0010286
416 -0.000763221 0.00367965 0.0206556
417 0.0020044 0.00840448 -0.00970246
418 0.0136224 0.0104492 0.000960265
419 0.0346626 0.00694189 -0.00114521
420 0.00897835 0.00689011 -0.00116725
421 0.0108961 0.00703565 -0.00111917
422 0.0160011 0.00693462 -0.00114843
423 0.0185613 0.00685226 -0.0011748
424 0.0257448 0.00678393 -0.00119062
425 0.0292029 0.00695737 -0.00114091
426 -0.0221978 0.00823423 -0.014955
427 -0.0153064 0.00499833 -0.0145336
428 -0.0294305 0.00993982 -0.022298
429 -0.00645518 0.00365815 -0.0273082
430 0.00496836 0.0106315 -0.027846
431 0.00334408 0.00955866 -0.00439184
432 -0.0226555 0.00676836 -0.0251934
433 -0.0166385 0.00678174 -0.0251897
434 -0.014339 0.00664633 -0.0252086
435 -0.0338058 0.0104271 0.0132444
436 -0.025243 0.00774469 0.00830703
437 -0.00925961 0.0105976 0.0252422
438 -0.00798077 0.00656282 0.00911611
439 0.00318043 0.00542316 -0.0201103
440 0.00362796 0.00519414 -0.0227392
441 0.00434807 0.00444398 -0.0212874
442 -0.0298617 0.00842788 -0.00817846
443 -0.0212696 0.00990023 -0.0121914
444 0.00744613 0.0109024 0.0188501
445 -0.031321 0 -0.0273592
446 -0.0249696 0 -0.0262285
447 -0.0100661 0 -0.0271192
448 -0.015126 0 -0.0202381
449 -0.0158413 0 -0.0114358
450 0.00404944 0 -0.0131519
451 0.00424157 0 0.000880387
452 0.0109121 0 -0.0265886
453 0.0115092 0 -0.00558627
454 0.0192913 0 -0.026328
455 0.0187981 0 -0.0200213
456 0.0173444 0 -0.0134944
457 0.0179714 0 0.000337723
458 0.0189008 0 0.0171045
459 0.0264884 0 -0.0152552
460 0.0279882 0 0.0163665
461 0.033107 0 -0.0133663
462 0.0343149 0 0.00267232
463 0.0288738 0 0.0204191
464 -0.0257721 0.00506306 -0.00226131
465 -0.019509 0.00533215 -0.00212605
466 -0.0174343 0.00558891 -0.00251571
467 -0.0142111 0.00942217 -0.000493581
468 -0.0121955 0.00912081 -0.0016581
469 -0.00162742 0.00441883 -0.0219655
470 0.00124925 0.00372634 -0.0214229
471 0.0348866 0.0111456 0.0123286
472 0.00711775 0.00640871 0.00947337
473 0.00919475 0.00612805 0.00835022
474 0.00682896 0.00941435 0.0124096
475 -0.000960714 0.0052362 0.00780331
476 -0.000984575 0.0052588 0.020181
477 -0.000906932 0.00520384 0.0163042
478 0.0111618 0.00794365 0.00100819
479 0.0319302 0.014 0.0119461
480 0.0214093 0.00738763 0.00351651
481 -0.00435901 0.00311505 -0.0127202
482 -0.0250746 0.00561129 -0.0103258
483 -0.0160328 0.00555372 -0.0103582
484 -0.0126132 0.00547694 -0.0104165
485 -0.00730924 0.00533865 -0.0105611
486 0.00449708 0.00696132 0.0018873
487 0.0332256 0.00684019 0.00191344
488 0.0254618 -2.1684e-19 -0.03287
489 0.029908 0.00483653 0.00352845
490 0.0124341 0.00830632 0.00277306
491 0.0150639 0.00852709 0.00249642
492 -0.00663002 0 -0.0328532
493 -0.0297511 0.00236351 0.0140047
494 -0.0295371 0.00696212 0.0138796
495 -0.0242909 0.00711775 0.0138308
496 -0.0102273 0.00721311 0.0137856
497 -0.00691803 0.00273859 0.0146242
498 -0.0119482 0 0.0181061
499 -0.0234313 0.00650628 0.0139525
500 -0.00498364 0.00764815 -0.0127254
501 -0.0209355 0.00710769 -0.0130941
502 -0.00692151 0.00665838 -0.0132073
503 -0.0033369 0.00913171 -0.0128543
504 -0.00145032 0.00714039 -0.0088509
505 0.03013 0.00320219 -0.0243633
506 -0.0123585 0 0.00347187
507 -0.00158914 0.00891615 -0.0135667
508 0.0294196 0 0.0107732
509 0.00375787 0.00891179 -0.0146177
510 -0.0349886 0.00788629 0.0131322
511 -0.0360052 0.00890913 0.0150059
512 -0.00333239 0.00802521 0.0127824
513 -0.00458197 0.00895073 0.0158099
514 -0.000601783 0.0079605 0.0130607
515 -0.00685102 0.00825442 0.0143379
516 -0.0199616 0.00934938 0.0123451
517 -0.0317421 0.0099508 0.0110121
518 -0.0278506 0.00618649 -0.0082053
519 0.00182494 0.00385837 -0.0118387
520 0.0344843 0.00502915 -0.0110527
521 0.0362814 0.00299004 -0.0286467
522 0.00218556 0.00789361 0.0251164
523 0.0358129 0.00663978 0.0271991
524 0.00777786 0.00653907 0.0273896
525 0.0118722 0.00756124 0.0288018
526 -0.0210511 0 -0.0242181
527 0.0246585 0.0069582 0.027455
528 -0.0304113 0.00392983 0.0111286
529 0.00718923 0.00741682 -0.0103381
530 0.0272899 0.00905893 -0.0149249
531 0.0218993 0.00749194 -0.0103619
532 0.00697769 0.0101374 -0.00570165
533 0.0285574 0.00755436 -0.0104549
534 -0.00434753 0.0039751 0.0019115
535 -0.017299 0.00500164 -0.000125668
536 -0.00442468 0.00614945 -0.00396423
537 0.00676397 0 -0.0296703
538 0.0186055 0.00416161 -0.0153218
539 0.0263444 0.00521046 -0.0143744
540 0.0340277 0.00790441 -0.010907
541 0.00764219 0.00795113 -0.011008
542 0.0228039 0.00800062 -0.0111149
543 0.0207227 0.010089 -0.0138363
544 0.0104083 0.00564183 -0.0249582
545 0.0218729 0.00571149 -0.0250021
546 0.0246399 0.0058082 -0.0250565
547 0.028521 0.00560568 -0.0249304
548 0.000788805 0.00787397 -0.00151246
549 0.00135118 0.00732902 -0.00905951
550 -0.0354411 0.00575842 0.0229666
551 -0.0151652 0.00503522 0.0237747
552 -0.0105593 0.00517041 0.0235186
553 -0.0117535 0 -0.013081
554 -0.00115919 0.00918578 -0.0252775
555 -0.0345334 0.00776882 0.0213322
556 -0.00250615 0.00942847 0.0254705
557 -0.014045 0.00807819 0.0241984
558 2.22058e-17 0.0049125 -0.0130647
559 -0.000540989 0.00359476 0.0262837
560 -0.00337352 0.00600864 -0.00113718
561 0.00110291 0.00371903 -0.00511307
562 0.00298747 0.00536753 0.0254694
563 0.0235026 0.0108663 -0.0298955
564 0.0118224 0.00539637 0.0270185
565 -0.024544 0.00979527 0.023598
566 -0.000123071 0.00492588 0.0162882
567 0.000597967 0.00503611 0.0130771
568 0.00968578 0.00585508 0.0270593
569 0.0184553 0.00807819 0.0242941
570 -0.0140196 0.0098046 0.0250167
571 -0.0335702 0.00321199 0.00217664
572 -0.00231368 0.00419063 0.00184695
573 -0.00125245 0.00493631 0.000151068
574 -0.0143493 0.00508982 -0.000347425
575 -0.0122446 0.00511463 -0.000388655
576 -0.0173013 0.00424699 0.00400077
577 -0.0340462 0.00497567 -4.85933e-05
578 -0.0138756 0.00549133 -0.00085285
579 -0.0322642 0.00517138 -0.000482987
580 -0.00655736 0.00504721 -0.000260905
581 -0.00230103 0.00513834 -0.000428069
582 -0.00093927 0.00650888 -0.03287
583 0.000255258 0.00425127 -0.03287
584 0.011048 0.00442233 -0.03287
585 0.0191797 0.0042013 -0.03287
586 0.0343878 0.00869939 -0.03287
587 -0.0305103 0 -0.03287
588 -0.0254757 1.97933e-05 -0.03287
589 -0.0172718 0 -0.03287
590 0.00463179 0 -0.03287
591 0.0090913 2.38715e-06 -0.03287
592 0.014618 4.65027e-05 -0.03287
593 0.0208382 0 -0.03287
594 0.00111583 0.00538313 0.00904175
595 0.0204054 0.00660753 0.0259455
596 0.0283408 0.00657934 0.0259462
597 -0.0186243 0.00242658 0.0126841
598 -0.0268067 0.00644961 0.0139552
599 -0.0242989 0.00903627 0.00164031
600 -0.0179781 0 -0.0287204
601 -0.0111722 0.00633729 0.00194259
602 0.00533986 0.00793948 0.0130172
603 0.00669676 0.00852102 0.0165335
604 -0.012358 0.00739088 -0.010316
605 0.0166224 0.00786026 0.0131884
606 0.00516626 0.00385045 0.0011396
607 0.0103694 0.00504435 -0.000252434
608 0.0169802 0.00503097 -0.000212721
609 0.0242564 0.0050497 -0.000268301
610 0.0233907 0.00428112 0.00294664
611 -0.00932541 0.00356445 0.0078642
612 -0.0371387 0.00488534 -0.0238798
613 0.038675 0.00982827 0.0192252
614 0.00548545 0 -0.0030838
615 0.0368385 0.00357396 0.0244753
616 -0.00125925 0.00745529 -0.0181502
617 0.0319546 0.00905364 0.00561914
618 0.000180765 0.00493216 0.0229332
619 2.22337e-17 0.0049125 0.0138933
620 0.0246375 0.00493985 0.0241185
621 0.00120285 0.00752169 0.00709317
622 0.00123928 0.0074788 0.00360074
623 0.0313888 0.00578606 0.0257844
624 0.0131493 0.0056844 0.0257293
625 0.0251952 0.00588108 0.0258223
626 0.0164723 0.00560433 0.0256706
627 0.0197932 0.00534873 0.0254495
628 0.0221184 0.00518973 0.0252535
629 0.0215952 0.00555875 0.0256386
630 0.0278729 0.00532869 0.0254284
631 0.038675 0.014 0.0130843
632 0.0207187 0.00600995 0.0258776
633 0.0230138 0.00597015 0.0258593
634 0.0282501 0.00580545 0.0257921
635 -0.00531986 0.00835451 -0.00197477
636 -0.002055 0.00798477 -0.000179311
637 -0.0350952 0.00808393 0.000435766
638 -0.0304141 0.00806396 0.000606303
639 -0.0237786 0.0080875 0.00037
640 -0.0204452 0.00808417 0.000308624
641 -0.0128199 0.00808624 0.000393254
642 -0.0208628 0.0080641 -0.00246876
643 0.00127216 0.00744009 -0.0208125
644 0.0222419 0.00804493 -0.0121703
645 -0.0195726 0.00803701 0.0240113
646 -0.0349603 0.00795076 0.0237472
647 -0.00380634 0.00808321 0.0242908
648 0.0115592 0.00948902 -0.0212529
649 -0.038675 0.0114776 0.0128355
650 0.0313983 0.00791945 -0.0229395
651 -0.0266627 0.0062835 -0.00119377
652 -0.0182954 0.00612494 -0.00116777
653 -0.0116262 0.0065248 -0.00121
654 -0.00683872 0.00519203 -0.00217603
655 -0.0239867 0.00534856 0.0254903
656 0.0324899 0.0111478 -0.00888836
657 -0.0101114 0.00906961 0.00231582
658 -0.00579039 0.00979187 0.00131973
659 -0.0306864 0.00919292 -0.00255512
660 -0.00581868 0.00808484 0.00032092
661 -0.0107914 0.00805662 0.000100366
662 -0.00813301 0.00808631 0.000391922
663 -0.0129424 0.00433954 0.0020444
664 -0.0107671 0.0036319 0.00123316
665 -0.0182686 0.00306349 0.00182074
666 -0.000808119 0.00514439 -0.0023726
667 0.0230107 0.00757707 -0.0127858
668 0.0309298 0.00791058 -0.0123397
669 0.0111453 0.00769805 -0.0126618
670 0.0155737 0.00767704 -0.0126895
671 0.0192099 0.00752721 -0.0128282
672 -0.0006755 0.00792639 -0.0165538
673 -0.000805743 0.00786614 -0.0199257
674 -0.0351673 0.00581441 -0.0102043
675 -0.00293356 0.00593962 -0.0101469
676 -0.00243927 0.00530679 -0.0105948
677 -0.0214516 0.00529241 -0.01061
678 -0.0255691 0.00584996 -0.00871199
679 -0.038675 0.00369711 0.0122796
680 -0.038675 0.00616838 0.0148379
681 -0.038675 0.00583876 0.0102319
682 -0.038675 0.00764784 0.00167452
683 -0.038675 0.00798196 0.0230543
684 -0.038675 0.00409551 0.00213094
685 -0.038675 0.00307203 0.0166426
686 -0.038675 0.00520643 0.0218815
687 -0.038675 0.00472792 0.0270313
688 -0.038675 0.00932747 -0.023196
689 -0.038675 0.00975413 -0.0132437
690 -0.038675 0.00872296 -0.00182843
691 -0.038675 0.00876204 0.0103875
692 0.00631133 0.00508776 -0.00296052
693 0.00248852 0.00494886 3.56486e-05
694 0.00343866 0.00383919 0.000238425
695 0.00423326 0.00499102 -9.41533e-05
696 0.0326612 0.00494961 2.87344e-05
697 0.00731377 0.00503375 -0.000220979
698 0.035146 0.00521852 0.00130132
699 0.0291991 0.00515345 0.00116763
700 0.0238638 0.00510428 0.00111145
701 -0.000363655 0.00803593 -0.00616472
702 -0.0356977 0.00549684 -0.0248566
703 -0.0198971 0.00552966 -0.0248788
704 -0.0072927 0.00604855 -0.0251506
705 -0.00157121 0.00628571 -0.0132511
706 -0.0352855 0.00655623 -0.0132075
707 -0.0151223 0.00662274 -0.0132082
708 -0.0117347 0.00654376 -0.0132099
709 -0.00383781 0.00730007 -0.0102629
710 -0.00267257 0.00774696 -0.0106625
711 -0.0255649 0.00755508 -0.0104555
712 -0.0220224 0.00746326 -0.0103775
713 0.0146374 0.00741861 -0.0249204
714 -0.0037748 0.00734952 0.0257636
715 -0.0251754 0.00797416 0.0249422
716 -0.0223228 0.0079798 0.0249301
717 -0.0180632 0.00788085 0.0251439
718 -0.013674 0.00782617 0.0252333
719 -0.0123847 0.00744311 0.0256396
720 -0.0275253 0.00390016 0.03287
721 0.00793235 0.00570225 -0.0129961
722 -0.0374935 0.00561439 -0.0249363
723 -0.0268806 0.0057564 -0.0250326
724 -0.0147284 0.00572889 -0.0250613
725 0.00242602 0.00494961 0.000711266
726 0.0045344 0.00492701 0.000503423
727 0.00605399 0.00491518 0.000345388
728 0.0316486 0.00494394 0.000659085
729 0.00480616 0.00509272 0.00109225
730 0.00745557 0.0049125 0.00037
731 0.0112442 0.00491504 0.00034666
732 0.0141154 0.00493151 0.000544808
733 0.0166987 0.00493451 0.000572362
734 0.0189306 0.00491571 0.000399482
735 0.0230069 0.00491791 0.000419734
736 0.0257539 0.0049125 0.00037
737 0.0103252 0.00501913 0.000917586
738 0.0182791 0.00501673 0.000910447
739 0.034869 0.00495891 0.000738846
740 -0.0337598 0.00494116 0.000633521
741 -0.0197679 0.00498575 0.000818502
742 0.000977623 0 -0.03287
743 0.0185359 0.00541547 0.01122
744 0.0228657 0 0.0153233
745 0.038675 0.00589246 -0.0232321
746 -0.0169176 0.00675683 -0.0220634
747 0.038675 0.00767716 0.014199
748 0.038675 0.00665688 -0.0248209
749 0.038675 0.00626654 -0.0210941
750 0.038675 0.00631999 -0.0109203
751 0.038675 0.00654892 -0.000305967
752 0.038675 0.00807311 -0.0228912
753 0.038675 0.00856879 0.011524
754 0.038675 0.00575229 -0.0271934
755 0.038675 0.00418397 -0.0246776
756 0.038675 0.00447444 -0.00174958
757 0.038675 0.00921508 -0.0247007
758 0.038675 0.00938357 -0.010056
759 0.038675 0.0095233 -0.00122419
760 0.038675 0.00986432 0.0246417
761 0.038675 0.00431334 -0.0119458
762 0.038675 0.00881924 -0.03287
763 -0.025274 0.00691019 -0.010106
764 0.0234014 0 0.0012322
765 0.0103495 0.00807819 0.0245158
766 0.016364 0.014 -0.03287
767 0.0187392 0.00568786 0.00173134
768 -0.0365918 0.00740798 -0.0208086
769 -0.019857 0.00987047 -0.0222977
770 -0.0124438 0.00537042 -0.0225276
771 -0.00588017 0.00978439 -0.0218719
772 -0.0296132 0.00435732 -0.0218847
773 0.000961865 0.004164 -0.013462
774 0.000866888 0.00367671 -0.0151596
775 -0.000169286 0.00493091 -0.0208279
776 -4.44345e-05 0.00491733 -0.0143238
777 -0.0322355 0.00346066 0.00972656
778 -0.0287998 0.0065814 0.0107939
779 -0.0350296 0.00684502 0.0108279
780 -0.0262227 0.00635846 0.010791
781 -0.0210115 0.00647201 0.010788
782 -0.0142424 0.0061433 0.0108292
783 0.0307495 0.00807819 0.000409177
784 0.0235189 0.00805276 8.28307e-05
785 0.000266387 0.00494147 -0.00109516
786 -0.00894477 0.00760375 0.0232369
787 -0.0096227 0.00701793 0.0228718
788 -0.00729978 0.00695962 0.0228095
789 -0.0358355 0.0080044 -0.0241369
790 -0.00206731 0.00971421 -0.0225687
791 -0.0254681 0.00804483 -0.0233068
792 -0.0224103 0.00803086 -0.0232433
793 -0.0262704 0.00911086 -0.0221693
794 -0.00154156 0.00612948 0.00594719
795 -0.0111674 0.00675951 -0.010064
796 -0.0292965 0.00628267 -0.0100664
797 -0.026173 0.00644654 -0.0100448
798 0.00878635 0.0052673 0.0233765
799 0.0127557 0.0057564 0.0229674
800 0.0207381 0.00576263 0.0229645
801 0.00452494 0.00511711 0.0236072
802 0.0193232 0.00519757 0.0234735
803 0.0264857 0.00991682 -0.03287
804 -0.0346492 0.00638105 0.0107902
805 -0.00809337 0.00634261 0.0107926
806 -0.0290369 0.0060753 0.0108404
807 0.00316853 0.00376329 0.0113279
808 0.0159787 0.00404795 0.0095205
809 0.0236945 0.00381926 0.0115794
810 0.019043 0.00550462 0.0150165
811 0.0259948 0.00542816 0.0150003
812 -0.019632 0.00635176 0.0227916
813 -0.0147276 0.00647624 0.0227882
814 -0.0237828 0.0071191 0.022912
815 -0.0184284 0.00717725 0.0229428
816 -0.00426524 0.00724731 0.0229708
817 -0.0340712 0.00555504 0.00166918
818 -0.00547594 0.0056847 0.00172698
819 -0.0137143 0.00587919 0.00182693
820 -0.00979399 0.00568273 0.00172323
821 -0.0220287 0.00555947 0.00164174
822 -0.00231982 0.00777562 -0.0125598
823 -0.0360431 0.00774629 -0.0125984
824 -0.0218124 0.00705366 -0.00111618
825 -0.0125298 0.00709179 -0.00110252
826 -0.0103495 0.00720925 -0.00104344
827 -0.0298466 0.00753694 -0.000819898
828 -0.00447038 0.00708759 -0.00110475
829 -0.0182632 0.00738601 -0.000946887
830 -0.0331542 0.00504504 0.0237455
831 6.18135e-05 0.00807819 -0.0104022
832 0.000105635 0.00807819 -0.00805469
833 0.000171639 0.00807819 -0.00256988
834 0.000878332 0.00969196 -0.00800521
835 0.00896557 0.00512995 0.0115859
836 0.0143481 0.00551017 0.0111313
837 0.00915469 0.014 -0.03287
838 0.00360375 0.00539215 0.0112447
839 0.00364261 0.00818652 -0.00758033
840 0.00261443 0.00532571 -0.0105748
841 0.00471127 0.0054103 -0.0104855
842 -0.0142517 0 -0.0247548
843 -0.0139461 0.0106298 -0.0227357
844 -0.00137118 0.00925987 0.0134181
845 0.000729751 0.00793505 0.0237132
846 0.0294258 0.00494384 0.0126581
847 0.0179363 0.00494211 0.0120977
848 0.0225306 0.0049276 0.0122312
849 0.0268278 0.00497672 0.0119483
850 0.0047906 0.00491887 0.0123114
851 0.00196768 0.00508738 0.0116566
852 0.000818442 0.00786026 -0.021335
853 0.028247 0.00492532 0.0244878
854 0.000807707 0.00786523 -0.0198243
855 0.000247905 0.00806141 -0.0207038
856 0.031398 0 0.0253527
857 -0.00665169 0.00765252 -0.000721723
858 -0.0339937 0.00801515 -8.8033e-05
859 -0.0140424 0.00762868 -0.000741969
860 0.015854 0.0109568 0.0196682
861 0.0118312 0.00708759 -0.0251047
862 0.00628203 0.00708759 -0.0251047
863 0.0140566 0.00688129 -0.0251675
864 0.0293634 0.00690023 -0.0251568
865 -0.00103094 0.0052481 -0.0246033
866 -0.00410809 0.00493183 -0.0238077
867 0.0234595 0.014 -0.0328187
868 -0.000721389 0.00488793 -0.0238559
869 -0.0144444 0.00506243 -0.0243019
870 -0.0305006 0.00493847 0.0246088
871 -0.0103084 0.00492653 0.024241
872 0.0179841 0.00709825 0.0229002
873 0.00673027 0.00645509 0.0227848
874 -0.00683502 0.014 0.0280186
875 0.033977 0.00535192 -0.0105471
876 -0.0185152 0.00568728 0.0286712
877 0.0115641 0.00565064 -0.0102911
878 0.0170328 0.00587689 -0.0101794
879 0.0222129 0.00726233 0.03287
880 -0.0211154 0 -0.0088825
881 -0.00124348 0.0054919 -0.0214689
882 -0.000736835 0.0051015 -0.0190687
883 -0.000606858 0.0050391 -0.0215452
884 -0.000775919 0.00512501 -0.0133942
885 0.0352969 0.0049698 0.0119688
886 0.0285989 0.00456172 0.00987577
887 0.00448585 0.00506336 0.0116965
888 0.0198672 0.00506556 0.0116929
889 0.0289834 0.0051254 0.0115934
890 -0.0143813 0.00659876 -0.00120858
891 -0.0238072 0.00606217 -0.00115521
892 -0.00213222 0.00911812 0.00944012
893 0.021744 0.014 -0.0102935
894 -0.0180732 0.00560138 0.0110725
895 -0.00366737 0.00603029 0.0108555
896 0.000944159 0 0.0226832
897 -0.00668265 0.00588116 0.0109127
898 -0.0150528 0.00562285 0.0110544
899 -0.00309101 0.00546892 0.0111636
900 -0.0144992 0.0116478 0.0265798
901 0.0133174 0.00564204 0.00170127
902 -0.038675 0.014 -0.0083397
903 0.0222257 0.00515046 0.00118822
904 0.00487788 0.00638819 0.0199849
905 0.0163602 0 0.0277848
906 0.038675 0.014 -0.0205759
907 0.00951248 0.00529483 0.00139261
908 0.0207972 0.014 0.0246415
909 0.0163862 0.00561297 0.00167718
910 0.006279 0.00575776 0.00177312
911 0.0353219 0.0057783 0.0017813
912 0.0208577 0.00555073 0.00163313
913 0.00166975 0.00965817 0.000735979
914 0.00773951 0.00793934 0.00101752
915 0.0314529 0.00793498 0.00102695
916 0.0157987 0.00793233 0.00103267
917 0.0271274 0.00793693 0.00102272
918 0.00437699 0.00798205 0.000925188
919 0.0151053 0.0076142 0.00149427
920 0.0134828 0.00747685 0.00161093
921 0.0137413 0.00793338 0.00103039
922 0.0229253 0.00742144 0.00170473
923 0.0211004 0.00800855 0.000858039
924 0.0223785 0.00781323 0.00125031
925 0.0259432 0.00749674 0.00159404
926 0.00568401 0.00742867 -0.0129119
927 0.0285603 0.00691485 -0.0131527
928 0.0180975 0.00641405 -0.0132152
929 -0.0221128 0.00750087 0.0231495
930 -0.0125901 0.00729268 0.022997
931 0.0361308 0.00789719 0.0251086
932 0.00903019 0.00795714 0.024979
933 0.0122149 0.00785175 0.0251996
934 0.0241961 0.00785008 0.0252018
935 0.00795623 0.00744245 0.0256402
936 0.00906126 0.00742856 0.025652
937 0.0112599 0.0074176 0.0257262
938 0.0162838 0.00742344 0.0257269
939 -0.0257273 0.0092401 -0.00992174
940 -0.0344209 0.00721856 0.0257753
941 -0.0210715 0.00803463 -0.0112604
942 -0.0301646 0.00806341 -0.0113912
943 0.0175363 0.014 -0.00559837
944 0.00058261 0.00503093 0.0190718
945 -0.0324282 0 -0.0119332
946 -0.0301284 0 0.00127974
947 -0.0312737 0 0.0140239
948 0.0251589 0.00536948 -0.0105286
949 -0.0324126 0 0.0269647
950 -0.0241476 0 -0.00555606
951 -0.0234387 0 0.000486856
952 -0.031451 0 0.010324
953 -0.0267905 0 0.0213509
954 -0.0174095 0 0.0218694
955 -0.0160383 0 0.0288412
956 -0.00898678 0 0.0070245
957 -0.002294 0 0.00718229
958 -0.00278911 0 0.0267188
959 0.00382038 0 0.0150477
960 0.00485988 0 0.0225632
961 0.000414794 0.00497439 0.00885443
962 -5.24087e-05 0.0049182 0.00260026
963 0.000436028 0.00498154 0.00388694
964 -0.00279505 0.00493565 0.000157142
965 0.0108737 0.00665042 0.0259482
966 0.0346765 0.00642914 0.0259544
967 0.00837415 0.00616693 0.0259162
968 -0.0332536 0.00548891 -0.0224074
969 0.0317575 0.00925373 -0.0251399
970 -0.00547491 0.00588994 -0.0206889
971 -0.0306384 0.00555088 -0.0223668
972 -0.0267721 0.00569488 -0.0222691
973 -0.00319437 0.00468651 -0.021618
974 -0.034774 0.0074838 0.013605
975 -0.0137351 0.00804322 0.0127005
976 -0.0341011 0.00785272 -0.0228016
977 -0.00207584 0.00791783 -0.022936
978 -0.0347531 0.00808015 -0.0234944
979 -0.0198955 0.00802367 -0.0232107
980 -0.0123264 0.00806615 -0.0234037
981 -0.0321241 0.00491616 -0.0115963
982 -0.00327076 0.00517613 -0.0124909
983 -0.0199837 0.00492233 -0.0115396
984 -0.00386382 0.00500372 -0.0111282
985 0.0312273 0.00568057 -0.000981163
986 0.0289492 0.00506429 -0.000304996
987 0.0337894 0.00513986 -0.000430588
988 0.0320769 0.0052231 -0.000568933
989 0.03114 0.00769438 -0.000666649
990 0.00280808 0.00794599 -0.000263136
991 0.0110036 0.0079572 -0.0002389
992 0.00253473 0.00532757 0.0134272
993 0.0348256 0.00513605 0.0131643
994 0.0155527 0.0051693 0.0132195
995 0.0239921 0.00515394 0.013194
996 0.0213397 0.00524009 0.0133348
997 -0.0200593 0.00492039 0.0244425
998 0.0182445 0.00493197 0.0241909
999 0.0337684 0.00505672 0.0250292
1000 0.00423088 0.00496875 -0.0240281
1001 0.00140244 0.00493257 -0.0234455
1002 0.00323305 0.00493049 -0.0234646
1003 0.0354851 0.00493787 -0.0233967
1004 0.00712669 0.00493334 -0.0234384
1005 0.00917309 0.00493063 -0.0234633
1006 0.0169768 0.00493081 -0.0234616
1007 0.0203883 0.00494657 -0.0233168
1008 0.0236335 0.00499298 -0.02316
1009 0.0280949 0.00494117 -0.0238937
1010 0.0230372 0.00668752 0.0259441
1011 0.038675 0 0.00968899
1012 0.0102439 0.00497022 0.0127724
1013 0.0024914 0.00491804 0.012319
1014 0.0253944 0.00255809 0.00547241
1015 -0.00229599 0.00499325 -0.0111592
1016 -0.000779486 0.00509458 -0.0109047
1017 -0.0164925 0.00512357 -0.0108565
1018 -0.0327355 0.00536097 -0.0105376
1019 0.038675 0.014 -0.00737061
1020 0.0352501 0.00491797 0.0244203
1021 0.00157479 0.00631863 -0.0152642
1022 0.0264517 0.00641192 -0.0132148
1023 0.0324979 0.00643871 -0.0132152
1024 0.0138058 0.00654859 -0.0132129
1025 -0.027245 0.00516544 0.0235269
1026 -0.0192907 0.00502178 0.0238146
1027 -0.0228262 0.00493819 0.0241338
1028 -0.0221726 0.00515199 0.0235493
1029 -0.00722528 0.00498034 0.0239375
1030 -0.00255751 0.00512157 0.0235998
1031 -0.0355352 0.0049472 0.024051
1032 -0.0258945 0.00764994 -0.0224898
1033 -0.0227118 0.00932722 -0.0219093
1034 0.00892035 0.00518087 0.0132388
1035 0.0115365 0.0052362 0.0133307
1036 0.0218655 0.00498234 0.0128084
1037 0.033026 0.0049557 0.0127293
1038 0.0191302 0.00494912 0.0127067
1039 0.0271424 0.0051624 0.0132081
1040 -0.0259707 0.00494214 -0.0113574
1041 -0.0194491 0.00497075 -0.012034
1042 -0.03343 0.00501014 -0.0121509
1043 -0.0167672 0.00503556 -0.0122263
1044 -0.0134596 0.00494356 -0.0119156
1045 -0.00847278 0.00494494 -0.0119283
1046 -0.00290463 0.00492782 -0.0117709
1047 -0.0315671 0.00633263 -0.00120182
1048 -0.0284728 0.00674689 -0.00119767
1049 -0.0248704 0.00684295 -0.00117268
1050 -0.022932 0.00665265 -0.00120418
1051 -0.00955504 0.00641405 -0.00121517
1052 -0.0304813 0.00701143 -0.0011259
1053 -0.00638233 0.00710363 -0.00109625
1054 -0.0049509 0.0065449 -0.00121344
1055 -0.020794 0.00743112 -0.0223502
1056 -0.000600883 0.00503709 0.0130359
1057 -0.00233895 0.00498298 0.0128103
1058 -0.0357028 0.00503893 0.0129763
1059 -0.0288977 0.00499601 0.012849
1060 -0.0242134 0.00494941 0.0127094
1061 -0.0169178 0.0049658 0.0127593
1062 -0.013601 0.00503223 0.0129565
1063 -0.00738128 0.00500173 0.012866
1064 -0.0323536 0.00498006 0.0128016
1065 -0.00469314 0.00502058 0.0129219
1066 0.00584346 0.00759449 0.011229
1067 0.00865333 0.0077312 0.0113818
1068 0.0342055 0.00767909 0.0113132
1069 -0.0351852 0.00548747 0.0255906
1070 0.0177958 0.00875931 0.0266711
1071 -0.0190512 0.00502426 0.0249328
1072 -0.0168088 0.00556316 0.0256471
1073 -0.03406 0.00505922 0.0250366
1074 -0.0296322 0.00510711 0.0251162
1075 0.00227751 0.00544055 -0.0248064
1076 0.00360869 0.00535523 -0.0247164
1077 0.00698307 0.00522978 -0.02458
1078 0.0123566 0.00519089 -0.0245154
1079 0.00923157 0.0049977 -0.024114
1080 0.0154408 0.00517192 -0.0244839
1081 0.0342952 0.0052362 -0.0245907
1082 0.00210429 0.00500115 -0.0241242
1083 0.00150151 0.00599184 -0.0070101
1084 -0.0290885 0.00594488 -0.00110767
1085 0.0359376 0.00700639 0.0301322
1086 0.00659231 0.00497365 -0.0240426
1087 0.0196958 0.00532631 -0.0246858
1088 0.0232102 0.00494266 -0.0239073
1089 -0.00149713 0.00702116 0.00802991
1090 -0.00118311 0.00754493 0.00829623
1091 -0.000881631 0.00787061 0.00584917
1092 0.00310354 0.00782545 -0.0107658
1093 0.00947166 0.00798483 -0.0110808
1094 0.018138 0.007974 -0.0110574
1095 0.030569 0.00792719 -0.0109562
1096 0.00319239 0.00805718 -0.0113629
1097 0.0114331 0.00806405 -0.0113941
1098 0.0357181 0.00807819 -0.0115429
1099 -0.015687 0 0.0112631
1100 0.000465511 0.00499148 -0.0199495
1101 0.000433276 0.00498062 -0.0160283
1102 -0.0300504 0.00567215 0.0110245
1103 -0.00658935 0.0052487 0.0113961
1104 -0.0343597 0.0058356 0.0109359
1105 2.26727e-17 0.0049125 0.0275723
1106 -0.000563626 0.00502454 0.0145727
1107 0.00815021 0.00543365 0.0112008
1108 -0.0357891 0.00405068 0.0221673
1109 0.029867 0.00555348 0.011105
1110 0.0153989 0.00511217 0.0116154
1111 0.0252598 0.00514548 0.0115601
1112 0.0176354 0.00516777 0.011523
1113 0.00140743 0.00576691 -0.0028185
1114 0.000866719 0.00517965 -0.00398999
1115 -0.0203354 0.014 -0.03287
1116 0.00902023 0.00631184 0.0218846
1117 0.00611697 0.00798812 -0.0230879
1118 0.0226552 0.00561002 0.0136733
1119 0.0351679 0.0054777 0.0135836
1120 0.0119641 0.00581977 0.0137978
1121 0.0135048 0.00565531 0.0137112
1122 0.0150143 0.00556629 0.0136437
1123 0.0248247 0.00550484 0.013602
1124 0.027824 0.0056268 0.0136847
1125 0.0304592 0.00571591 0.0137464
1126 -0.000106078 0.00579444 0.03287
1127 0.00131505 0.00828427 0.03287
1128 -0.0282779 0.0100235 0.03287
1129 -0.0150237 0.00437917 0.03287
1130 -0.0147038 0.0103814 0.03287
1131 -0.00848004 0.0100357 0.03287
1132 -0.000287434 0.00294886 0.03287
1133 0.0304159 0.00326743 0.03287
1134 0.0281248 0 0.03287
1135 -0.0294102 0 0.03287
1136 -0.0248293 3.3091e-05 0.03287
1137 -0.016854 4.56985e-05 0.03287
1138 -0.00534754 0 0.03287
1139 0.00462751 0 0.03287
1140 0.012253 0 0.03287
1141 0.0196068 0 0.03287
1142 0.0239294 0 0.03287
1143 0.00243597 0.00802399 -0.0120479
1144 0.0284766 0.00790921 -0.0123426
1145 0.0102067 0.00800867 -0.0121175
1146 0.00366464 0.00806331 -0.0118693
1147 0.00847705 0.00807819 -0.0118016
1148 0.0168045 0.00807819 -0.0116
1149 0.00655619 0.00710131 0.0109016
1150 0.0146797 0.00726772 0.0109899
1151 0.0317804 0.00711295 0.010907
1152 0.000506891 0.0080044 0.0101223
1153 4.22281e-05 0.00807819 0.00500883
1154 0.000642142 0.00794183 0.00356913
1155 -2.03628e-05 0.00807819 0.00251261
1156 -0.00027056 0.00494193 0.00799856
1157 7.61243e-05 0.00492078 0.0102875
1158 -0.00110337 0.00537133 0.0278167
1159 -0.023111 0.00641487 0.0227849
1160 -0.00447086 0.00750101 -0.0224096
1161 -0.00605946 0.00761285 -0.0225046
1162 -0.0302319 0.00789442 -0.0228854
1163 -0.0147852 0.00794856 -0.0230024
1164 -0.033783 0.00502591 -0.0110623
1165 0.00412745 0.00628506 0.03287
1166 -0.022337 0.00498206 -0.0111924
1167 0.012257 0.014 0.03287
1168 -0.0126498 0.00501918 -0.0110823
1169 -0.0061388 0.00501674 -0.0110895
1170 -0.0309627 0.00503753 -0.0110278
1171 -0.0197729 0.00509551 -0.0109031
1172 0.0126832 0.00790541 0.0130909
1173 0.0192747 0.00794503 0.0130052
1174 0.0292002 0.00788516 0.0131346
1175 -0.00125556 0.0055323 0.0219173
1176 0.00552721 0.00575068 -0.0264921
1177 -0.000802708 0.00514113 0.0216193
1178 0.00114244 0.00759281 0.0152243
1179 0.00146637 0.0071057 0.0160317
1180 0.0331133 0.00807819 0.012361
1181 0.0219706 0.0079192 0.013061
1182 0.0261773 0.00800455 0.0128762
1183 0.00840272 0.00795629 0.0129809
1184 0.00771137 0.00807819 0.0123993
1185 0.038675 0.00555227 0.0221292
1186 0.0314734 0.00793327 0.0130306
1187 -0.0027228 0.00612755 0.0228295
1188 0.000958998 0.00775341 0.0210972
1189 0.00096042 0.00937119 0.00844091
1190 0.00587604 0.00505808 -0.0109668
1191 0.00970184 0.00500435 -0.0111263
1192 0.00784973 0.00506068 -0.010961
1193 0.0161838 0.0050461 -0.0110024
1194 0.0246364 0.00503491 -0.0110356
1195 -0.0376538 0.00659581 0.0259588
1196 -0.0276302 0.00601065 0.0258739
1197 -0.01414 0.00609878 0.0259048
1198 0.00108471 0.00535366 -0.0136055
1199 -0.0173554 0.0056268 -0.000947075
1200 -0.0333733 0.00561354 -0.000935713
1201 -0.00428096 0.00547094 -0.000838519
1202 -0.031932 0.00805316 0.0126554
1203 -0.0212619 0.00794444 0.00100649
1204 -0.017035 0.00794225 0.00101123
1205 -0.00908606 0.00799327 0.000900949
1206 -0.00707223 0.00799852 0.000889607
1207 -0.0332923 0.00759653 0.00150928
1208 -0.00131396 0.00560912 0.00670384
1209 -0.00070303 0.00508116 0.00294565
1210 0.00710746 0.007324 -0.0208031
1211 0.0366897 0.00716709 -0.0208244
1212 0.0112347 0.014 0.0165843
1213 0.00784819 0.00740421 -0.0223274
1214 0.0174373 0.00733653 -0.0222833
1215 0.0218993 0.00736587 -0.0222765
1216 0.0257469 0.0072283 -0.0222298
1217 -0.038675 0.00643003 -0.00923805
1218 0.00856243 0.00777962 -0.0245545
1219 -0.000348981 0.00803916 -0.00948573
1220 0.00013806 0.00807819 -0.000856516
1221 0.00781762 0.00807819 0.0244538
1222 0.00426829 0.00791927 0.0250609
1223 0.00158517 0.00658595 -0.00491458
1224 -0.00357356 0.00807819 -0.0238016
1225 -0.0243501 0.00803609 -0.0239929
1226 -0.00588775 0.00658643 0.010787
1227 -0.0174045 0.00670302 0.0107976
1228 -0.0250213 0.00660455 -0.0252048
1229 -0.038675 0.0115582 -0.020715
1230 -0.0261836 0.00555175 -0.0128938
1231 -0.0224381 0.00521499 -0.0125555
1232 -0.0134806 0.0052582 -0.0126139
1233 0.0182505 0.00699796 0.00480931
1234 0.0235021 0.00707543 -0.0221512
1235 0.0271105 0.00701753 0.0228758
1236 0.0299613 0.00684379 0.0228276
1237 0.0246787 0.00645957 0.0227848
1238 0.00528482 0.0069774 0.0228602
1239 0.013792 0.00695185 0.0228562
1240 0.00997297 0.00518475 -0.0125052
1241 0.00755743 0.00526631 -0.0126225
1242 -0.0300254 0.0020763 -0.000785777
1243 0.0161851 0.00794454 -0.000266281
1244 0.0244852 0.00788274 -0.000399854
1245 0.0269525 0.00795975 -0.000233388
1246 0.00531548 0.00520857 0.0132848
1247 0.0174162 0.00520385 0.013277
1248 0.0164576 0.00546351 0.0135481
1249 0.000759802 0.00511532 0.0102595
1250 -0.000532159 0.00799271 -0.0148519
1251 -0.038675 0 0.0234358
1252 -0.000238219 0.00806354 -0.0200124
1253 -0.00046958 0.00801261 -0.0214796
1254 0.0124015 0 0.0248033
1255 0.00982207 0.00518042 0.025238
1256 0.011862 0.00521518 0.0252958
1257 0.00894912 0.00561712 0.0256851
1258 0.0103329 0.00555227 0.0256349
1259 0.0241973 0.00552973 0.0256189
1260 -0.000943431 0.0080875 0.02437
1261 -0.0341426 0.00808465 0.0243175
1262 0.00404849 0 -0.0223694
1263 0.0154715 0.00582525 0.0229356
1264 -0.0351232 0.00213034 0.0130048
1265 0.000587386 0.00796716 0.0142451
1266 -0.000125626 0.00492616 -0.0276018
1267 -0.0372683 0.00801784 -0.0230549
1268 -0.0270752 0.00807492 -0.0234435
1269 -0.027538 0.00557205 0.0110924
1270 -0.0222809 0.00576736 0.0109631
1271 -0.0198712 0.00596539 0.0108812
1272 0.00223529 0.00729601 0.00170873
1273 0.0347828 0.00755573 0.00154393
1274 0.0119221 0.00751965 0.00157458
1275 0.0171419 0.00733591 0.00171703
1276 0.00623598 0.014 0.00606808
1277 0.0193865 0.00750721 0.00158515
1278 0.0212599 0.0075144 0.00157905
1279 0.00294094 0.00770966 0.00138655
1280 0.00498989 0.00753087 0.00156505
1281 0.0292095 0.00743796 0.00164397
1282 0.00719987 0.00752174 0.00157281
1283 0.00223538 0.00508832 0.0250849
1284 0.0229027 0.00498767 0.0248242
1285 0.0361893 0.00505922 0.0250366
1286 0.0201419 0.00499355 0.0248417
1287 0.02663 0.00499842 0.0248561
1288 -0.038675 0.00640931 0.0248159
1289 0.00567776 0.00488502 0.024405
1290 0.00734959 0.00507339 0.0250601
1291 0.0105197 0.00494961 0.0247113
1292 -0.0263684 0.00626773 -0.0131912
1293 0.0289634 0 0.0280447
1294 -0.00344539 0.00996207 0.03287
1295 -0.01801 0.00672904 -0.0131996
1296 -0.00818302 0.00664375 -0.0132089
1297 -0.0297539 0.00648292 -0.0132114
1298 -0.0241324 0.00651988 -0.0132094
1299 0.0307905 0.014 -0.032866
1300 0.0238201 0.00799012 0.0118323
1301 0.0319318 0.00798938 0.0118307
1302 0.0100635 0.00803681 0.0120104
1303 0.00769156 0 -0.0197912
1304 0.01525 0.00807797 0.0125427
1305 0.0228798 0.00807819 0.0124822
1306 0.0292575 0.00807819 0.0124717
1307 -0.00592483 0.014 0.0151332
1308 0.00105785 0.00532821 0.0216123
1309 -0.0218773 0.0080044 0.0128769
1310 -0.0182775 0.00797404 0.0129425
1311 -0.0262005 0.00493306 0.024181
1312 -0.015905 0.0049234 0.0242697
1313 -0.00466739 0.0049239 0.0242652
1314 -0.0306975 0.00606389 0.0258951
1315 -0.0314821 0.00494567 0.024065
1316 -0.00308036 0.00494022 0.0241151
1317 0.0357608 0.00494464 0.0126655
1318 0.00168648 0.00497214 0.0127781
1319 0.00636879 0.004953 0.0127213
1320 0.012702 0.00494703 0.0126875
1321 -0.00897593 0 0.0248072
1322 0.0113791 0.014 -0.00819959
1323 0.0164449 0.00496017 0.0127426
1324 0.0265933 0.00494039 0.0126264
1325 -0.0227827 0.0080044 -0.000136891
1326 -0.0129757 0.00793311 -0.000290979
1327 -0.0247703 0.00791614 -0.00032766
1328 -0.0313328 0.00802967 -2.20672e-05
1329 -0.015419 0.00808371 0.000439856
1330 -0.00483383 0.00798948 -0.000169141
1331 -0.00773607 0.00795961 -0.000233702
1332 0.0184875 0.00680214 0.013924
1333 0.0283889 0.00684241 0.0139128
1334 0.0308589 0.00641046 0.0107551
1335 0.0322635 0.0058719 0.0109214
1336 0.0365893 0.00576009 0.0109657
1337 0.00806553 0.0059534 0.010885
1338 0.0105706 0.00608378 0.0108385
1339 0.00353294 0.00418068 0.00889885
1340 0.00184892 0.00507306 0.0236804
1341 0.0144977 0.00505152 0.0237263
1342 0.000447526 0.00498542 -0.00261113
1343 0.000578973 0.00502971 -0.00941745
1344 0.000627764 0.00504615 -0.00775272
1345 -0.0357054 0.00775336 0.0114109
1346 -0.0218223 0.00765252 0.0112783
1347 -0.0123679 0.00768039 0.0113149
1348 -0.00989114 0.00747678 0.011129
1349 -0.00378515 0.00712474 0.0109137
1350 -0.0238818 0.00711395 0.0109092
1351 -0.0193206 0.00708759 0.0108952
1352 -0.0109075 0.00705222 0.0108833
1353 -0.0186389 0.00985039 0.0038276
1354 0.00528153 0.00674216 -0.0100618
1355 0.0329285 0.00969513 -0.010923
1356 0.0345227 0.00553627 -0.000883319
1357 0.0146401 0.00558649 -0.000922404
1358 -0.0100459 0.00971121 -0.00373452
1359 0.000381047 0 -0.0267338
1360 -0.00916569 0.00237116 0.0226997
1361 -0.0216962 0 0.0109238
1362 -0.0244733 0.00496071 -0.0232558
1363 -0.0108592 0.00491551 -0.0236577
1364 0.00879315 0 0.0128436
1365 0.000960714 0.0052362 -0.026841
1366 0.0202675 0.00695235 -0.0131423
1367 0.0349508 0.00765252 -0.0127217
1368 0.0137895 0.00719899 -0.013052
1369 0.016649 0.00697305 -0.0131366
1370 0.0220561 0.00746076 -0.0248846
1371 0.031754 0.00754446 -0.0248135
1372 0.00221882 0.00765593 -0.0247172
1373 0.0343714 0.00788731 -0.02439
1374 0.0216036 0.00791609 -0.0243278
1375 0.0198338 0.00615033 0.0174187
1376 0.0297015 0.00793743 -0.000281648
1377 -0.00147337 0.00709057 -0.0281019
1378 0.0357148 0.0100092 -0.0123567
1379 0.00990876 0.00706716 0.00185163
1380 0.0180537 0.0069208 0.0018918
1381 0.0224292 0.0068082 0.00192232
1382 0.03522 0.00610704 0.0108352
1383 0.0226853 0.00605712 0.00189351
1384 0.00537782 0.0063383 0.00194693
1385 0.00131396 0.00739088 -0.0273827
1386 0.00593487 0.00561375 -0.0223155
1387 0.00221802 0.00512306 -0.0228573
1388 0.0307691 0.00512412 -0.0228556
1389 0.0071988 0.00522583 -0.0226865
1390 0.0321057 0.00275871 -0.00537184
1391 -0.0343623 0.00528501 -0.0126422
1392 0.0275402 0.00525675 0.028325
1393 -0.0164216 0.00551038 -0.0128658
1394 0.0249857 0.00761538 -0.0105067
1395 -0.0239827 0.00495106 2.44401e-05
1396 -0.00148806 0.00589881 -0.0285091
1397 -0.035309 0.0058345 0.0284885
1398 0.0293329 0.0104031 -0.0109502
1399 -0.0268146 0.00498926 -8.89355e-05
1400 -0.00468209 0.00716315 -0.0272982
1401 -0.00738878 0.00774135 -0.0226551
1402 -0.028109 0.00790323 -0.0229044
1403 -0.00414149 0.00798056 -0.0230716
1404 0.0124229 0.00517762 0.0115066
1405 0.00467286 0.00503355 0.0249604
1406 0.0320341 0.00532394 0.0254233
1407 0.014207 0.00521619 0.0252975
1408 0.0245476 0.00514828 0.0251846
1409 0.0174201 0.00514307 0.0251759
1410 0.0289982 0.00506938 0.0250535
1411 -0.0104378 0.00571588 0.0257451
1412 -0.0227246 0.00607282 0.0258986
1413 -0.0177469 0.00929919 -0.03287
1414 -0.00212007 0.0093965 0.0236836
1415 -0.0343654 0.00505922 -0.0229634
1416 -0.0198616 0.00491402 -0.023616
1417 -0.0020112 0.00494906 -0.0232938
1418 -0.0125853 0.00711834 -0.0221695
1419 -0.00566967 0.00708649 -0.0221549
1420 -0.00360695 0.00698969 -0.0221234
1421 -0.00913323 0.00723687 -0.022228
1422 -0.022988 0.00686773 -0.0220928
1423 -0.0145851 0.00700975 -0.0221336
1424 -0.0180143 0.00525074 -0.0246061
1425 -0.000460327 0.00498973 -0.00118224
1426 -0.000112254 0.00492471 -0.0033199
1427 -8.77533e-05 0.00492204 -0.00504087
1428 -0.00282584 0.00759672 -0.0224909
1429 -0.0269098 0.00703451 -0.0221405
1430 -0.0188776 0.00781366 -0.0227503
1431 -0.0159273 0.00739088 -0.022316
1432 0.00271572 0.00770004 0.0233408
1433 0.0051654 0.0102873 0.0249871
1434 0.00937208 0.00799634 0.0238457
1435 0.0120509 0.00801944 0.0239314
1436 0.0144468 0.00795324 0.0237525
1437 0.0172487 0.00802157 0.0239411
1438 0.0199945 0.00792028 0.0236813
1439 0.02389 0.008012 0.0238977
1440 0.0259593 0.00798772 0.0238271
1441 0.0292656 0.00794056 0.0237251
1442 0.0033992 0.00799655 0.0238461
1443 0.00595225 0.00795206 0.02375
1444 0.00729978 0.00765252 0.0232783
1445 0.0100621 0.00766264 0.0232916
1446 0.0132422 0.0076215 0.0232519
1447 0.0225839 0.00761855 0.0232494
1448 0.0249572 0.00765252 0.0232783
1449 -0.00105641 0.00874185 0.03287
1450 0.000765543 0.00788473 0.0086915
1451 -0.000223438 0.00806679 0.00921639
1452 0.0301234 0.00749041 0.0231406
1453 -2.65745e-07 0.00807819 -0.0124534
1454 0.00161986 0.00520528 0.0132793
1455 0.000127829 0.00807819 -0.0221685
1456 0.0266433 0.00786026 -0.0124484
1457 0.0142221 0.00803159 -0.0120134
1458 0.00363744 0.00783755 -0.0124783
1459 0.00542967 0.00807819 -0.0117417
1460 0.00611784 0.00920912 0.00333731
1461 -0.0102722 0.00834919 0.0278793
1462 0.0357375 0.00905834 -0.0148849
1463 -0.0182053 0 0.00682262
1464 0.0225358 0.00733292 0.0110253
1465 0.0251873 0.00733625 0.0110271
1466 -0.0132529 0.00251404 -0.0148671
1467 -0.00710911 0.00591847 -0.0221563
1468 -0.0145256 0.014 0.0208474
1469 0.0228207 0 -0.0132414
1470 0.0355534 0.014 0.00204082
1471 -0.0141603 0.0056597 -0.022293
1472 -0.011168 0.00587063 -0.0221746
1473 -0.0124764 0.00807819 -0.0114584
1474 -0.0266427 0.014 0.0243564
1475 -0.0302443 0.00212654 -0.0126439
1476 -0.00625288 0.0077345 0.0253539
1477 -0.00232581 0.007717 0.0253769
1478 -0.00293827 0.00797569 0.024939
1479 0.0346946 0.00801207 -0.012102
1480 0.0152575 0.00694929 -0.010113
1481 0.0288592 0.00694182 -0.0101148
1482 -0.0369083 0.00655134 0.00198754
1483 0.0318584 0.00531224 -0.010589
1484 -0.0333005 0.00617294 0.00191564
1485 0.029127 0.007978 0.011806
1486 0.0262976 0.00783397 0.011517
1487 -0.00116356 0.00542835 -0.00525582
1488 -0.0348579 0.00508494 0.0116607
1489 0.0300105 0.00494645 0.0120578
1490 -0.0190311 0.00511655 0.0116081
1491 -0.0128515 0.00519486 0.011478
1492 -0.0268189 0.00518076 0.0115014
1493 -0.0342351 0.014 -0.0180781
1494 -0.0293102 0.00503109 0.0117869
1495 -0.00822281 0.00512053 0.0116015
1496 -0.0337665 0.00541138 0.0112244
1497 -0.0119013 0.00558639 0.0110801
1498 -0.0213683 0.00696889 -0.0101223
1499 -0.0174571 0.00679501 -0.0100718
1500 -0.0144186 0.00683554 -0.0100807
1501 -0.00814342 0.0072823 -0.0102548
1502 -0.00108688 0.00535571 -0.0265982
1503 -0.0343616 0.00702932 0.00186093
1504 -0.01957 0.0049434 8.5883e-05
1505 0.0236955 0.0119708 -0.00923086
1506 0.0139041 0.007696 -0.0105955
1507 -0.0204209 0.00675683 -0.0220634
1508 -0.0260957 0.0072629 0.027438
1509 0.00290008 0.00749243 0.0111423
1510 -0.00541108 0.0120218 -0.00340245
1511 0.0267616 0.00924653 0.00255613
1512 0.0294458 0.00745116 0.0111072
1513 0.0183486 0.00713198 0.0109158
1514 0.0267766 0.00730139 0.0110086
1515 0.0106184 0.00708759 0.0228952
1516 -0.0335153 0.00763707 0.0254748
1517 0.00901743 0.00526534 -0.0106385
1518 0.0181893 0.00537987 -0.0105176
1519 0.0222503 0.0053192 -0.0105817
1520 0.0144396 0.00544275 -0.0104512
1521 0.00716109 0.00546011 -0.0104329
1522 0.0278682 0 0.00138677
1523 0.0288351 0.00541222 -0.0104835
1524 0.00134785 0.00566544 -0.0265175
1525 -0.000490731 0.00499998 0.018914
1526 -0.000504029 0.00500446 0.0204089
1527 -0.000396049 0.00496807 0.0226923
1528 0.0131829 0.00514058 0.00117179
1529 -0.0153153 0.00625688 -0.022069
1530 -0.0250283 0.00808068 -0.0117557
1531 -0.0172207 0.00805703 -0.0118978
1532 0.0314323 0.0049136 -0.0116401
1533 0.0123502 0.00503923 -0.0110228
1534 0.034641 0.00492027 -0.0117015
1535 0.038675 0.00433533 0.00111713
1536 0.038675 0.00621196 0.0254074
1537 -0.0306502 0.00769462 0.0222249
1538 0.00091411 0 0.00291198
1539 0.038675 0.00403364 0.0247926
1540 0.038675 0.00477923 0.0132544
1541 0.038675 0 -0.0128907
1542 0.038675 0 -0.00827428
1543 0.038675 0 -0.00171848
1544 0.0157013 0.00873749 0.00906981
1545 -0.037675 0.0060933 -0.0100974
1546 -0.0264545 0.00577883 -0.010217
1547 -0.0106117 0.00540476 -0.0224913
1548 -0.0140327 0.0080575 -0.0118956
1549 -0.0298474 0.00511256 -0.0228748
1550 7.10415e-05 0.014 -0.00727504
1551 -0.0309705 0.00508771 -0.0229161
1552 0.0191534 0.00787091 -0.000425432
1553 -0.0320226 0.00761879 0.0232496
1554 -0.0128484 0.010728 -0.0250741
1555 -0.0264612 0.00800507 0.0238662
1556 -0.0233902 0.00795362 0.0237534
1557 -0.0157484 0.00792925 0.0237007
1558 0.0298626 0.00643662 -0.0132152
1559 -0.00347701 0.00765252 0.0232783
1560 -0.0151128 0.0075478 0.0231893
1561 -0.0280968 0.00766495 0.0232946
1562 -0.00222266 0.00754528 0.0231872
1563 -0.0249948 0.00767575 0.0233088
1564 0.0284456 0.00807819 0.000429175
1565 0.00207977 0.00794442 0.00100653
1566 -0.0283786 0.00721184 -0.0130389
1567 -0.0255642 0.00704036 -0.0131207
1568 -0.00399903 0.0069033 -0.0131631
1569 -0.0225921 0.00747602 -0.0128716
1570 0.038675 0.00504519 0.00899483
1571 -0.0107113 0.00693904 -0.0251516
1572 -0.00300923 0.0077109 0.0133849
1573 -0.0295127 0.0080477 -0.0239402
1574 -0.0163604 0.00760785 0.0134997
1575 -0.00788138 0.00772737 0.0133633
1576 -0.0279469 0.00765252 0.0134617
1577 -0.0296488 0.00779862 0.0132695
1578 -0.0238429 0.00522746 -0.0125762
1579 -0.0224147 0.0139862 0.03287
1580 0.0327291 0.00883742 0.0222085
1581 -0.0191067 0.00830751 0.00898115
1582 -0.0206903 0.00504438 -0.0122525
1583 -0.0184317 0.00804478 -0.0113065
1584 -0.00157287 0.00630097 0.0200265
1585 0.00379323 0.00603609 -0.0101136
1586 0.0096099 0.00609904 -0.0100965
1587 0.0141994 0.00611597 -0.0100937
1588 0.0215005 0.00594155 -0.0101531
1589 -0.000566026 0.00502535 -0.0265507
1590 -0.001134 0.00760275 -0.0148073
1591 0.0344317 0.00793962 0.00101692
1592 0.0308572 0 -0.00392882
1593 -0.0103776 0.00775895 -0.00058172
1594 0.0242538 0.0042172 -0.00941361
1595 0.00125967 0.00549562 0.00531569
1596 0.00056627 0.00797693 0.0269861
1597 -0.00133048 0.00563658 -0.00245341
1598 0.000701238 0.00508008 0.0150748
1599 0.00120405 0.0054667 0.0156507
1600 0.0167143 0.014 0.000972775
1601 0.025274 0.00603373 0.0108569
1602 0.0279953 0.0059633 0.010885
1603 0.0232034 0.0061847 0.010821
1604 -0.00843034 0.00599325 -0.0101318
1605 0.0248651 0.00788524 0.00113445
1606 0.0117796 0.00674376 0.0108027
1607 0.0265957 0.00661641 0.0107958
1608 -0.00165293 0.00513831 -0.012428
1609 0.00120993 0.00547227 -0.00507873
1610 0.0354723 0.00635256 -0.00120509
1611 -0.0137487 0.00684517 0.0108279
1612 0.0353553 0.00497958 -0.0240602
1613 0.0315793 0.0049481 -0.0239574
1614 0.0270402 0.00638961 -0.0100475
1615 0.0294084 0.00629982 -0.0100636
1616 0.00998861 0.00807819 -0.0235345
1617 0.0112438 0.00760785 -0.0247597
1618 0.0116052 0.00797682 -0.0241965
1619 0.00456356 0.00785365 -0.0244571
1620 0.00608064 0.00766575 -0.0247043
1621 -0.0179306 0.00719251 0.0137934
1622 -0.00218487 0.00432754 0.014835
1623 6.18024e-05 0.00807819 -0.0257485
1624 -8.27288e-05 0.00488864 -0.0245637
1625 -0.0052999 0.00492197 -0.0117171
1626 0.0210286 0.00585748 -0.0221871
1627 0.0249403 0.00588274 -0.0221771
1628 0.0282101 0.00611643 -0.0220936
1629 0.0165739 0.00668733 -0.0220559
1630 -0.0340568 0.00492075 0.0242941
1631 -0.0245087 0.00497663 0.0247914
1632 -0.0118543 0.00496106 0.0247452
1633 0.00464467 0.00604701 0.0258901
1634 -0.0331477 0.00805939 0.0126271
1635 -0.0349779 0.0101142 -0.0139007
1636 -0.010585 0.00604723 -0.0101115
1637 -0.0104478 0.00744002 0.0230978
1638 0.0360909 0.00583407 -0.00106352
1639 -0.0047166 0.00691803 -0.0251594
1640 0.000729048 0.00790162 -0.0276385
1641 0.00501214 0.0080674 -0.0234093
1642 0.0362469 0.00805134 -0.0239236
1643 0.036172 0.00537958 -0.000742071
1644 0.00802004 0.00807819 -0.0235048
1645 0.038675 0.00601484 0.00484901
1646 -0.00423847 0.00804182 -0.0119669
1647 -0.00230217 0.00801717 -0.0120789
1648 -0.0191459 0.00786026 -0.0124484
1649 -0.0315727 0.00799858 -0.0121495
1650 0.0209624 0.00541605 0.0112194
1651 -0.0283955 0.0072968 -0.0249938
1652 -0.0311138 0.00704134 0.00185759
1653 -0.0272669 0.00718916 0.00179091
1654 -0.0243953 0.00713959 0.0018207
1655 -0.00974536 0.00717211 0.00180565
1656 -0.00710065 0.00698005 0.00187795
1657 -0.00580055 0.00761371 0.00149469
1658 -0.0166265 0.00699406 0.00187072
1659 -0.000572886 0.00797387 0.0147621
1660 -0.000735877 0.00789846 0.0207951
1661 -0.00100684 0.00773935 0.0221401
1662 -0.00117906 0.0075497 0.0198852
1663 0.0231923 0.00646136 -0.0132152
1664 0.00838868 0.00673731 -0.0100613
1665 0.0226791 0.00702469 -0.0101341
1666 0.0186877 0.00694082 -0.0101129
1667 -0.00441895 0.00542405 -0.010471
1668 0.0321217 0.007738 0.0253493
1669 0.0174529 0.00777405 0.0253018
1670 0.0218033 0.00727982 0.0257443
1671 0.0261872 0.0076108 0.0254972
1672 0.00394186 0.00688285 -0.00116885
1673 0.00275651 0.00558528 0.0230742
1674 0.00620876 0.00568894 0.0230109
1675 0.0102885 0.00589252 0.0229067
1676 -0.00720405 0.00946715 -0.0241853
1677 -0.0243563 0.00803823 -0.0112768
1678 -0.0273329 0.00800468 -0.0111244
1679 -0.0327277 0.00805979 -0.0113748
1680 -0.00938218 0.00806811 -0.0114125
1681 -0.000530605 0.00806462 -0.0113967
1682 0.00727293 0.00755612 0.0135436
1683 0.0116091 0.00761524 0.0134934
1684 -0.0112973 0.0055797 -0.0249152
1685 0.0326052 0.00557337 0.00164847
1686 0.0243739 0.00710413 0.013836
1687 0.0265052 0.00728257 0.0137414
1688 -0.00418021 0.00247857 0.00973865
1689 0.0241024 0.00552516 0.0111202
1690 0.031622 0.00948396 -0.00117086
1691 0.0219372 0.00508252 0.0116647
1692 0.0322345 0.00518566 0.00124671
1693 0.0318427 0.00755849 -0.0128016
1694 -0.0232552 0.00634204 -0.0100566
1695 -0.0131663 0.00618924 -0.0100753
1696 -0.0187242 0.00618181 -0.010079
1697 -0.0247544 0.00624002 -0.0100734
1698 -0.0216191 0.0057564 -0.0102274
1699 -0.0341782 0.00659571 0.0227947
1700 0.0274627 0.00506189 -0.012301
1701 0.00385626 0.00505922 -0.0122966
1702 0.00763349 0.0049125 -0.01163
1703 0.00630501 0.00507577 -0.0123241
1704 0.0143228 0.00425406 -0.0179924
1705 0.0327615 0.00503066 -0.0122118
1706 0.00863546 0.0050798 -0.0123308
1707 -0.0258111 0.00885658 -0.03287
1708 0.0125511 0.00507669 -0.0123256
1709 0.0173347 0.00505456 -0.0122827
1710 0.0166822 0.00491833 -0.0116836
1711 0.0349785 0.00493996 0.000117465
1712 0.00994863 0.00943639 -0.000945428
1713 -0.00373117 0.00496225 0.0247488
1714 -0.0300775 0.00767198 0.0233039
1715 -0.0270902 0.0050498 0.0250086
1716 -0.0215517 0.00499165 0.024836
1717 0.0113745 0.00544092 0.0111932
1718 -0.0167746 0.00505922 0.0250366
1719 -0.00920974 0.00494961 0.0247113
1720 0.0078119 0.00698991 0.00187766
1721 0.0110317 0.00547303 -0.0128405
1722 -0.00942271 0.00603331 -0.0268035
1723 0.0225384 0.00539634 -0.0127598
1724 -0.00648723 0.0113788 0.0128539
1725 -0.000618003 0.00504286 -0.00705522
1726 -0.0189482 0.00654954 0.0139501
1727 -0.0142523 0.00652561 0.0139552
1728 -0.00755763 0.00650073 0.0139552
1729 -0.00499485 0.00634304 -0.0132074
1730 -0.0327238 0.00631773 0.0139394
1731 -0.0114943 0.00653875 0.0139552
1732 -0.00306874 0.00807621 0.000812045
1733 -0.0369031 0.0083366 0.0257264
1734 -0.0038707 0.00765416 0.00145956
1735 -0.00854001 0.0076036 0.00150327
1736 -0.0035801 0.00512735 -0.0244098
1737 -0.00459185 0.00547227 -0.0248399
1738 -0.033393 0.00504727 -0.0242611
1739 -0.0136444 0.014 -0.0191173
1740 -0.0204168 0.0040313 -0.0211003
1741 -0.00913064 0.00702791 0.0152929
1742 -0.0100494 0.0060753 -0.0251596
1743 0.0142665 0.0080044 -0.0241369
1744 0.0287977 0.00799941 -0.0241477
1745 0.0204495 0.00807819 -0.0235499
1746 -0.0332004 0.00492822 0.0122255
1747 -0.00886394 0.00755719 -0.0264164
1748 -0.0240472 0.004952 0.0120216
1749 -0.0183478 0.00492622 0.0122439
1750 -0.0350278 0.00492345 0.0122694
1751 -0.00179355 0.00491836 0.0123161
1752 -0.00533124 0.00511163 0.0116163
1753 -0.0346828 0 0.00197818
1754 0.0138661 0.00398558 0.0269176
1755 0.0110028 0.00520055 -0.0107285
1756 0.0291857 0.00507776 -0.0109326
1757 0.00114548 0.00758923 -0.0150468
1758 0.000456733 0.00498852 -0.0215187
1759 0.000566962 0.00502566 -0.0136394
1760 0.0354513 0.00559665 -0.0223357
1761 0.0304373 0.00554363 -0.0223717
1762 0.0170572 0.00547227 -0.0224201
1763 0.00309936 0.0057023 -0.02226
1764 0.0321336 0.00739719 0.0016786
1765 0.00259513 0.00745171 0.0256323
1766 0.00647402 0.00675683 0.0259366
1767 0.00876155 0.00675683 0.0259366
1768 0.0263302 0.00708759 0.0258448
1769 0.0183826 0.00708603 0.0258453
1770 0.0137421 0.00680726 0.0259226
1771 0.02484 0.00721564 0.0257769
1772 0.0275368 0.00723351 0.0257674
1773 0.0289734 0.00727423 0.0257458
1774 0.0203758 0.00331773 -0.000256707
1775 -0.000384863 0.0049643 0.00955552
1776 3.85114e-05 0.00491669 0.0199412
1777 -3.48921e-05 0.00491629 0.0213878
1778 -0.0326353 0.00620379 0.0228193
1779 -0.0141736 0.00592586 0.0228962
1780 -0.0152027 0.00539555 0.0232411
1781 -0.0114956 0.00544367 0.0231903
1782 -0.00818477 0.00541691 0.0232185
1783 -0.0302771 0.00539351 0.0232432
1784 -0.0251222 0.00540952 0.0232263
1785 -0.0188376 0.0076704 0.0113018
1786 -0.00724188 0.00758837 0.0112238
1787 -0.0146388 0.00739191 0.0110569
1788 0.000345327 0.00803996 -0.00475925
1789 0.0178839 0.00366129 0.000339056
1790 -0.0171678 0.00739088 -0.024944
1791 -0.014359 0.00739088 -0.024944
1792 -0.0188108 0.014 0.0101987
1793 -0.0315399 0.00724847 -0.0250195
1794 -0.00994807 0.00746706 -0.0248793
1795 -0.038675 0.0109238 0.000415152
1796 0.00158224 0.0066129 -0.00795645
1797 0.0275776 0.00782155 -0.0227606
1798 0.0193038 0.00773176 -0.0226425
1799 0.00613901 0.00770061 -0.0226015
1800 0.0186546 0.00649871 -0.0252152
1801 -0.0021104 0.00498256 -0.024069
1802 -0.0073 0.00505922 -0.0242966
1803 0.0168927 0.00273115 0.00236088
1804 0.0121608 0.00836477 -0.00332436
1805 -0.0151481 0.014 0.0106278
1806 -0.00786293 0.014 0.00409681
1807 -0.00814925 0.014 0.010989
1808 -0.00331628 0.014 0.0202728
1809 -0.0088213 0.014 0.0238715
1810 0.00183355 0.014 0.010669
1811 0.0107685 0.014 -0.000284875
1812 0.00730543 0.014 0.00204028
1813 0.00745651 0.014 0.0241188
1814 0.0178423 0.014 -0.014119
1815 0.0185527 0.014 -0.00125337
1816 0.0147555 0.014 0.0108155
1817 0.0155353 0.014 0.0178341
1818 -0.038675 0.00303007 0.00682673
1819 0.0240554 0.014 0.0261753
1820 0.019588 0.014 -0.0183746
1821 0.0315871 0.014 -0.0284586
1822 0.0305444 0.014 -0.0157232
1823 0.0277676 0.014 0.0244094
1824 0.0346016 0.014 -0.0244554
1825 0.038675 0.014 0.00847467
1826 0.038675 0.014 0.0241778
1827 -0.0308163 0.0139636 0.03287
1828 -0.0125634 0.014 0.03287
1829 -0.00591559 0.014 0.03287
1830 -0.000197371 0.014 0.03287
1831 0.00891127 0.014 0.03287
1832 0.0220679 0.014 0.0328065
1833 0.0286193 0.014 0.0328172
1834 -0.017479 0.00786026 0.0115516
1835 -0.0153952 0.00788533 0.0116057
1836 0.0265067 0.00515442 0.00119478
1837 -0.0212293 0.00739088 0.00168396
1838 -0.0244775 0.00314679 -0.026744
1839 0.0238675 0.00533725 -0.00541133
1840 -0.0242253 0.00782649 -0.0107671
1841 0.0358461 0.00465028 0.0101808
1842 -0.0312355 0.00593929 -0.0251054
1843 -0.00872796 0.00539405 -0.0247574
1844 0.00946181 0.00507176 -0.0258376
1845 -0.00731421 0.00801113 0.0238937
1846 -0.00284645 0.00795041 0.0237464
1847 -0.00178759 0.00793795 0.0237195
1848 -0.0106394 0.00787954 0.0235932
1849 -0.0164908 0.00610931 -0.0251652
1850 0.000644059 0.00794094 0.0165918
1851 0.038675 0.014 -0.000693894
1852 0.0043947 0.00740147 0.013675
1853 0.0179156 0.00748396 0.0136049
1854 0.0205896 0.00753022 0.0135656
1855 0.0277331 0.00753825 0.0135588
1856 0.0305876 0.00765252 0.0134617
1857 0.0366761 0.00416369 -0.0137838
1858 0.00900122 0.00487965 0.000189907
1859 -0.038675 0.00376877 -0.0114453
1860 -0.038675 0.00543681 -0.0211557
1861 -0.038675 0.00588144 -0.0229426
1862 0.00286825 0.0034753 0.027139
1863 -0.038675 0.0079169 -0.0263261
1864 -0.00677379 0 -0.00797785
1865 -0.038675 0.00539135 -0.025888
1866 -0.038675 0.00375656 -0.0243288
1867 -0.0119816 0.00504768 -0.0122623
1868 -0.038675 0.00620414 -0.0141438
1869 -0.038675 0 -0.0242835
1870 -0.038675 0 -0.0197987
1871 -0.038675 -8.67362e-19 -0.00403896
1872 -0.038675 8.67362e-19 0.000370732
1873 -0.038675 0 0.00904255
1874 -0.038675 -1.73472e-18 0.0132431
1875 -0.038675 0.00895358 -0.03287
1876 0.0179501 0.00644934 -0.0100467
1877 0.010223 0.00662684 -0.0100493
1878 0.012387 0.00671796 -0.0100592
1879 0.0209505 0.00678411 -0.010071
1880 0.0257315 0.0069511 -0.0101174
1881 0.0166784 0.00628074 0.0139369
1882 0.0156326 0.00658816 0.0139479
1883 0.0269904 0.00613169 0.0139089
1884 0.0290968 0.00628196 0.0139335
1885 0.00694777 0.00641405 0.0139552
1886 0.0305558 0.00667508 0.013941
1887 -0.00795627 0.00491882 -0.0235719
1888 -0.00615454 0.0049219 -0.0235436
1889 -0.009657 0.00780099 -0.0227336
1890 -0.0292225 0.00493313 -0.0234784
1891 -0.0128409 0.00493753 -0.0238602
1892 -0.031906 0.00491346 -0.0236388
1893 0.00697556 0.00956503 0.0295554
1894 0.0140955 0.00385953 -0.0124608
1895 0.0266848 0.00615839 -0.00117436
1896 0.0227107 0.00670562 -0.00119936
1897 0.0315381 0.00684502 -0.0011721
1898 0.00973984 0.00743193 -0.000909093
1899 0.0327992 0.0066219 0.03287
1900 -0.0252528 0.00774642 -0.00782705
1901 -0.000599767 0 -0.0199356
1902 -0.00445168 0 0.00122367
1903 -0.0294713 0 -0.0134239
1904 -0.00888025 0 0.000264995
1905 -0.0319867 0 -0.0202071
1906 0.00355591 0.00759665 -0.00409586
1907 -0.0150381 0.00786131 -0.0108138
1908 0.0201581 0.00821426 -0.0148197
1909 0.0196638 0.00727975 -0.00100288
1910 -0.0283421 0.014 -0.0285215
1911 0.0163278 0.00840402 -0.03287
1912 0.022295 0.00759305 -0.03287
1913 -0.0110787 0.00787004 -0.0108327
1914 0.0362692 0.00905114 -0.0103158
1915 0.0171446 0.0101337 0.00448365
1916 0.038675 -8.67362e-19 0.0263603
1917 -0.0246872 0.00807819 0.000541639
1918 -0.00980638 0.00549096 -0.0103619
1919 0.0273965 0.00744415 -0.00089871
1920 -0.0191922 0.014 -0.0285239
1921 -0.0214118 0.014 -0.0201653
1922 -0.0183568 0.014 0.0284454
1923 0.012215 0.014 0.029285
1924 -0.00542291 0 -0.0218833
1925 0.0266866 0.00510131 -0.000366526
1926 -0.0135524 0.00430164 -0.00893947
1927 0.00222992 0.0106892 0.0141148
1928 -0.0125363 0.00801843 -0.03287
1929 0.0354832 0 -0.0236034
1930 0.00435309 0.014 -0.0143332
1931 -0.0270346 0 0.0048361
1932 -0.0129461 0 -0.00281863
1933 -0.00198006 0 -0.0122277
1934 -0.0105926 0.00363345 -0.0216159
1935 0.00323076 0 0.0051412
1936 0.0367947 0.00973989 0.00118181
1937 -0.0275802 0.014 -0.0242155
1938 0.00852579 0.014 -0.0279789
1939 0.025788 0.00558833 -0.000918622
1940 -0.00317158 0.00266754 -0.0141928
1941 -0.038675 0.014 0.00600541
1942 0.0350542 0.014 -0.0147651
1943 -0.014842 0.00730897 -0.0268464
1944 -0.0233214 0.00620991 -0.0275181
1945 -0.0110879 0.00878967 0.0109455
1946 0.038675 0.00712673 -0.00255584
1947 -0.012609 0.00579453 -0.0130478
1948 0.0320594 0.00755789 -0.0104579
1949 -0.00364412 0.014 0.0278211
1950 0.0354949 0.00711345 -0.013091
1951 -0.00104543 0.00767853 0.0286879
1952 0.00120993 0.00547227 0.00707858
1953 -0.00467926 0.00614437 -0.0251732
1954 0.0338037 0.00704788 -0.00569609
1955 0.0226209 0.00660147 0.0166332
1956 -0.00953142 0.00496047 -0.0240035
1957 0.0355136 0.014 0.0219373
1958 0.00788718 0.00700024 -0.0264802
1959 0.0166131 0.00815667 -0.0076421
1960 0.026775 0.00574958 0.00963954
1961 -0.0311924 0.0051669 0.0235245
1962 -0.0244514 0.00790275 0.00561514
1963 -0.025668 0.00378325 -0.00472367
1964 0.0189078 0.00505343 -0.000279378
1965 0.038675 0.00802417 0.03287
1966 0.034581 0.00882246 -0.00931701
1967 0.00119189 0.014 -0.0328174
1968 0.0211193 0.014 0.00674922
1969 -0.0345736 0.0108632 0.0272111
1970 -0.0191277 0 0.0144977
1971 -0.0337866 0.00695805 -0.0268704
1972 0.0354995 0.00698252 -0.0101261
1973 0.0204094 0.00807819 0.0243863
1974 -0.00157944 0.00636136 -0.00417119
1975 0.0245064 0 0.0194235
1976 0.0309686 0.00794064 0.00294178
1977 -0.0186032 0.00503898 0.0129765
1978 -0.0233415 0.00864168 0.0201954
1979 0.0138751 0.00721174 -0.00282063
1980 0.02081 0.00786026 -0.000448442
1981 -0.0320786 0.00650348 -0.0132103
1982 0.012636 0.00739088 0.011056
1983 0.0327864 0.00830782 0.0268474
1984 -0.0122105 0.00508858 0.00437257
1985 0.0365356 0.00780067 -0.00217342
1986 0.00972511 0 0.028651
1987 0.0341105 0.00496442 -0.0267209
1988 0.038675 0.00701009 -0.00912136
1989 0.0277595 0.00389233 0.0126803
1990 0.0166385 0.00955394 -0.0278392
1991 -0.0118886 0.007833 -0.0276969
1992 -0.0103447 0.00498847 -0.0111734
1993 0.0101826 0.00788268 -0.0271391
1994 -0.038675 0.0139686 0.0276955
1995 0.0122143 0.00505889 -0.000295575
1996 -0.00149603 0.00702443 -0.00347061
1997 -0.0237464 0.00550484 0.00827163
1998 0.0357463 0.00507046 -0.00031524
1999 0.016797 0.00803387 0.024743
2000 0.0358795 0.007612 -0.0105039
2001 0.0356245 0.00707835 0.00184786
2002 -0.0178897 0.00646487 0.0227876
2003 -0.00518981 0.0079304 0.00103683
2004 -0.0325142 0.00233423 0.0209109
2005 -0.0315682 0.00678727 0.0139296
2006 0.0134936 0.00572496 -0.00660588
2007 0.0319772 0.00731413 -0.000984647
2008 -0.0224935 0.014 -0.00773405
2009 0.0321193 0.00439306 -0.03287
2010 -0.0320782 0.00619766 -0.0180259
2011 0.0161874 0.00951721 -0.001454
2012 -0.0356533 0.00996113 -0.0197951
2013 0.00304608 0.00618476 -0.00118373
2014 0.0329726 0 0.03287
2015 0.0119808 0.00669503 -0.00119994
2016 -0.022693 0.00680135 0.0092933
2017 -0.0259761 0.00583762 0.0138063
2018 -0.0102855 0.00967955 0.00583304
2019 -0.0365418 0.00215291 -0.000141383
2020 0.00385875 0.00563584 -0.000958533
2021 0.00992078 0.0100358 0.0136979
2022 -0.0306381 0.0055375 0.00941121
2023 0.0266944 0.00542219 0.0112129
2024 -0.0114072 0.0105714 -0.0278532
2025 0.038675 0.00343793 -0.0224534
2026 -0.0202123 0.00429774 0.0261579
2027 0.0355266 0.00839139 0.00331832
2028 -0.0206553 0.014 0.0219915
2029 0.0167156 0.0036643 0.0259905
2030 0.0186523 0.014 0.0282614
2031 -0.0272221 0.0112789 -0.000249017
2032 -0.00484716 0.004619 0.0204735
2033 -0.0256321 0.0106569 0.0144856
2034 0.0302998 0 0.00729341
2035 0.0136127 0.014 -0.0166954
2036 0.0275983 0.014 0.00363361
2037 0.0339353 0.00714625 -0.00895736
2038 0.0208898 0.00693468 0.0228527
2039 -0.0065144 0.00926526 -0.00433869
2040 0.00158517 0.00646543 -0.00318449
2041 0.00520942 0.014 0.0283987
2042 0.038675 0.0054213 -0.0182703
2043 0.0282379 0.014 0.0162899
2044 0.035893 0.00807819 0.0244167
2045 0.0074203 0.00785925 -0.0161507
2046 0.0342372 0.00757739 -0.000785534
2047 0.00155926 0.00625602 0.0298944
2048 -0.0132583 0.00541082 0.0232249
2049 -0.0266467 0.0093106 -0.019195
2050 0.0154241 0 -0.0237159
2051 -0.014513 0.00772173 0.0133707
2052 -0.00156659 0.00624317 0.0169838
2053 0.00266078 0.00799324 -0.024161
2054 -0.0294312 0.014 0.0207996
2055 0.0032983 0.00309008 0.00574147
2056 -0.0032025 0.00376842 0.013286
2057 0.0356024 0.00956433 0.015506
2058 0.00356751 0.00411972 -0.013402
2059 0.00252603 0.00319933 0.0138865
2060 0.0183368 0.0113733 0.0110777
2061 0.00126571 0.00554564 0.0285533
2062 -0.000108316 0.00807819 0.00838201
2063 -0.0137026 0.00461952 0.0273577
2064 -0.0010258 0.00450516 0.0139874
2065 0.0126254 0.0103627 0.0235352
2066 0.00795431 0 -0.00999863
2067 0.0227133 0 -0.0218689
2068 0.029531 0 -0.0109217
2069 -0.00347022 0.014 0.00663528
2070 0.0106106 0.014 0.00588308
2071 0.018019 0.014 0.0215875
2072 -0.0264756 0.014 0.00601508
2073 -0.00403638 0.014 -0.0067177
2074 0.0153604 0 -0.0169199
2075 0.0149194 0 -0.00294269
2076 -0.026678 0.00363743 -0.02195
2077 0.0121651 0.00738836 -0.000945296
2078 0.00300661 0.0022337 0.0253748
2079 0.0131052 0 -0.0116554
2080 0.000567577 0 -0.00251989
2081 0.00925158 0 -0.00192372
2082 -0.0283755 0 -0.00260144
2083 -0.0204444 0 -0.00272749
2084 -0.0218667 0 0.0257868
2085 -0.0251836 0.00993056 -0.00178566
2086 1.88906e-05 0 0.03287
2087 -0.0279979 0 0.0101853
2088 -0.0175863 0.00987039 -0.0235618
2089 0.0163628 0.00961518 -0.0244988
2090 -0.0139172 0.014 -0.000121412
2091 0.0162572 0 0.0207412
2092 0.0199181 0.014 0.0169302
2093 0.010494 0.00643972 0.0227848
2094 0.0112618 0 0.0182526
2095 -0.0261972 0.0101195 -0.0128565
2096 -0.00105926 0.00838363 -0.0313182
2097 0.027124 0.0035213 -0.0221923
2098 -0.00419572 0.00492591 0.0122467
2099 -0.037675 0.00626668 -0.0108852
2100 -0.034456 0.0100428 0.03287
2101 -0.0214001 0.0106607 -0.000802273
2102 0.0136227 0.00763247 0.0134788
2103 0.0318294 0.00656561 0.022793
2104 0.00123537 0.00748341 0.0284743
2105 -0.0149633 0.00679784 0.0259276
2106 -0.0244869 0.00643408 -0.0155932
2107 -7.76584e-05 0.00720299 -0.03187
2108 -0.013244 0.00257431 0.00607494
2109 0.0177308 0.00390422 -0.0270312
2110 0.00678126 0.00567629 -0.0249811
2111 -0.0256563 0.00650985 -0.0204817
2112 0.0318043 0.00491145 -0.0287261
2113 -0.0154104 0.00563999 0.00979383
2114 0.0321706 0.00700223 -0.0221315
2115 -0.0045015 0.00659689 0.0259525
2116 0.0104804 0.014 0.0258086
2117 0.027933 0.014 -0.00933077
2118 0.0161453 0 0.0119074
2119 0.0354961 0.00798482 0.0238208
2120 0.0252959 0 -0.00543113
2121 0.033793 0 -0.03287
2122 -0.0106336 0.00542526 -0.00257559
2123 -0.00886972 0.00508165 0.023704
2124 -0.024886 0.014 0.0134775
2125 -0.00158027 0.00657953 0.0277709
2126 -0.0346428 0 -0.0230282
2127 -0.0345859 0 -0.0162549
2128 -0.00121042 0.00751277 0.0163808
2129 -0.0209204 0.00640724 0.03287
2130 -0.0036923 0.0102242 0.0229374
2131 -0.0190513 0 -0.0185073
2132 -0.0258585 0.00322167 -0.00882999
2133 0.00523886 0.00694096 -0.0296927
2134 0.000575408 0.0115595 0.0158464
2135 -0.0132282 0.00630555 0.00781988
2136 0.00115686 0.005422 0.0187165
2137 0.025981 0.00541352 0.0255179
2138 -0.0315923 0.00574248 -0.014446
2139 -0.0135746 0.00501297 0.0118407
2140 -0.0237348 0.00887692 -0.0252655
2141 0.00148738 0.00457725 0.03287
2142 0.00525456 0.0100732 0.0153231
2143 0.035458 0.014 0.0178093
2144 -0.0135638 0 -0.0294393
2145 0.0330048 0.00891525 0.00236822
2146 0.0046308 0.0018531 0.00939751
2147 -0.0325053 0.0061769 -0.0100837
2148 -0.031284 0.00952909 -0.0182708
2149 -0.0361042 0.00494694 -0.0233133
2150 -0.00144992 0.00713443 0.029112
2151 -0.0289935 0 -0.0247981
2152 0.0339371 0.014 0.03287
2153 0.025955 0.00195303 -0.0304047
2154 -0.011685 0.00732704 0.03287
2155 -0.0338299 0.014 0.0153633
2156 0.0334843 0.00755774 -0.0248022
2157 0.0296371 0.014 -0.0207319
2158 -0.0290735 0.014 0.000185121
2159 -0.038675 0.00738183 -0.0118564
2160 -0.0291376 0.0101621 0.0128382
2161 0.038675 0 -0.0282534
2162 -0.0208534 0.00764457 0.0284053
2163 -0.0326714 0.00808626 0.0243471
2164 -0.00457594 0.0108954 0.0122657
2165 -0.00348456 0.00427483 -0.00765594
2166 -0.038675 0.0095934 0.0139042
2167 -0.0290141 0.00909936 -0.0247662
2168 -0.00867805 0.00357997 0.00152813
2169 -0.0347493 0 -0.00141659
2170 0.0108035 0.0042923 0.021042
2171 -0.038675 0.00750111 0.0261206
2172 -0.00469716 0.00656439 0.0139552
2173 -0.00687251 0.00494688 0.0120538
2174 0.00243397 0.0106249 -0.0264869
2175 0.00555866 0.00738424 0.00707997
2176 0.0153863 0.00649405 -0.0132152
2177 -0.0320124 0.00680009 -0.0100749
2178 -0.0239438 0.014 0.0289431
2179 -0.0116461 0.014 0.0131789
2180 0.0361337 0.0111734 0.0194853
2181 0.00157622 0.00666829 -0.0272754
2182 0.0015559 0.00620918 0.028159
2183 0.0278328 0.00693457 0.03287
2184 -0.0363041 0.00834698 -0.00620113
2185 -0.0131747 0.00769277 -0.016769
2186 -0.0338858 0.00674234 -0.0220626
2187 0.0197848 0.00767651 -0.00972636
2188 0.0291543 0.0100251 -0.0251718
2189 -0.0012063 0.00379964 -0.012655
2190 0.00524699 0.00552517 0.0153021
2191 -0.0326832 0.00675683 0.0108034
2192 -0.038675 0.00667185 0.0056176
2193 0.0224532 0.014 -0.00264241
2194 -0.0370548 0.00573508 -0.0152461
2195 0.0343061 0.00636863 -0.0252077
2196 -0.0113063 0.00896566 0.0201433
2197 0.0180316 0.00209401 0.0196244
2198 0.0337242 0 0.0104237
2199 -0.013933 0.00357115 -0.03287
2200 0.0186408 0.00455561 0.03287
2201 0.00949535 0.0116119 -0.0127925
2202 -0.00228976 0.00862656 0.0205734
2203 -0.038675 0.00304016 -0.0280352
2204 -0.00471062 0.00275348 -0.00877203
2205 0.0205559 0.00177433 -0.00989246
2206 -0.0360222 0.00516752 -0.0227834
2207 0.038675 0.00539926 0.0266683
2208 0.0386312 0 0.017261
2209 -0.0355196 0 -0.0295447
2210 0.0297828 0 -0.0258369
2211 0.00991449 0 0.00794729
2212 -0.0262497 0.0016758 -0.0234247
2213 -0.0342061 0.00954329 -0.03287
2214 0.0158178 0.00910262 0.03287
2215 0.0334921 0.00500475 0.0238651
2216 -0.00157484 0.00660469 0.0299199
2217 0.0167507 0.00771409 0.0113593
2218 0.00104131 0.00769084 0.0177679
2219 0.0216103 0.00548119 0.00861401
2220 0.0111003 0.00748053 -0.0200371
2221 0.0211768 0.00320828 0.0231961
2222 -0.00997132 0.00789375 0.0220173
2223 -0.0102689 0.014 -0.0245011
2224 -0.00182676 0 0.0108705
2225 -0.000522897 0.00799699 0.0177233
2226 -0.0319155 0.00473555 -0.0017044
2227 -8.76799e-06 0.00807819 -0.0284976
2228 -0.0212601 0.0049253 0.0122523
2229 -0.0256534 0.00226973 0.011831
2230 -0.0323824 0.0053085 -0.00529172
2231 0.0221062 0.00632662 0.0227992
2232 -0.0368568 0.00806579 -0.0115737
2233 0.0138589 0.00561814 0.021521
2234 -0.0348061 0.00967924 -0.0220543
2235 0.038675 0.0109583 0.0149775
2236 -0.0224356 0.00336259 -0.000421339
2237 -0.0180828 0.0101626 -0.000302357
2238 0.0333314 0.0105587 -0.0217743
2239 0.03337 0.00495176 -0.0239776
2240 0.0310988 0.0102244 0.026219
2241 -0.00156274 0.0067743 -0.00509052
2242 -0.038675 0.00447679 -0.03287
2243 0.038675 0.00436723 -0.0328554
2244 -0.0359558 0.00477413 0.0094147
2245 0.0135869 0.00605743 0.0108475
2246 0.00188775 0.00452789 0.0296259
2247 0.0352634 0.00743105 -0.0249098
2248 -0.0240168 0.0025599 0.0283141
2249 0.0224514 0.00567024 0.0230258
2250 0.0210556 0 0.0103177
2251 0.0161548 0.00561262 0.00891598
2252 0.0273572 0.00494736 0.0240495
2253 0.00637308 0.014 -0.0191714
2254 -0.0344924 0.00296792 0.0248947
2255 -0.0353687 0.00364429 -0.0225748
2256 -0.0182575 0.00427255 -0.00150538
2257 0.0170984 0.00704925 -0.0101423
2258 0.00156659 0.00675683 0.00733716
2259 0.0146385 0.00490894 0.00496712
2260 0.0199073 0 0.00623582
2261 -0.0232677 0.014 -0.0280268
2262 -0.00146109 0.00711711 0.0179981
2263 -0.0279133 0.00627383 -0.0131922
2264 0.0272917 0.00700446 -0.0269075
2265 -0.00158397 0.00640303 -0.00601722
2266 0.0253204 0.0070099 -0.0131263
2267 -0.0369075 0.00217055 0.0115604
2268 -0.00158337 0.00660255 0.00502214
2269 -0.0191537 0.00313816 0.0107885
2270 0.00505009 0 0.0259636
2271 0.0214232 0.00377012 -0.0223565
2272 -0.0179028 0.00900758 -0.0268626
2273 -0.000855254 0.00781208 0.00905239
2274 -0.0361339 0.00729631 -0.0271446
2275 0.0127757 0.00806206 0.0246149
2276 -0.0268712 0.00795741 0.000978459
2277 0.0257298 0.00385051 0.0131979
2278 0.0139605 0.00627059 -0.0265513
2279 0.00156886 0.00626406 0.00614959
2280 -0.0155845 0.0106619 0.0107743
2281 0.019675 0.00534919 -0.01271
2282 -0.0347429 0.0036911 0.0105851
2283 0.0368445 0.0065485 0.0227921
2284 0.0262584 0.00783276 0.0192266
2285 0.0122912 0.014 0.0232985
2286 -0.00468284 0.00681128 0.022817
2287 0.038675 0 -0.0201806
2288 -0.0342912 0.014 -0.03287
2289 -0.029167 0.00913218 0.00823274
2290 -0.0326915 0.0101888 -0.0258848
2291 -0.038675 0 -0.0119815
2292 0.0188482 0.00573908 0.0229391
2293 0.00300657 0.0059058 0.0108983
2294 -0.0200078 0.00447304 0.0213143
2295 -0.00598259 0.00593294 0.00957364
2296 0.0011605 0.00757154 -0.0179261
2297 -0.0346271 0.00737851 0.0110486
2298 -0.0356146 0.014 -0.0239365
2299 -0.00793531 0.0111991 0.0197612
2300 -0.0167328 0.00808156 0.0242604
2301 -0.0296248 0.00527388 -0.000630492
2302 -0.0176667 0.00765168 0.0232776
2303 0.0152867 0.0024722 -0.0214094
2304 -0.0167764 0.0084789 0.0268649
2305 -0.0221613 0.00808494 0.000417222
2306 -0.038675 0.014 -0.0283041
2307 0.038675 0.014 -0.028468
2308 0.038675 0.014 0.0285239
2309 -0.0284296 0.014 0.0288154
2310 0.00698623 0.00497941 0.0239403
2311 0.0254303 0.00820735 -0.0200789
2312 0.0156715 0.00877116 0.0232604
2313 -0.038675 0.006533 -0.0179397
2314 -0.00333815 0.0091732 -0.00943814
2315 -0.0354606 0.00759345 0.0232281
2316 -0.0281844 0.00830414 0.021168
2317 -0.037675 0.00731887 -0.0117643
2318 0.038675 0.00736238 -0.00574697
2319 -0.0344016 0.0101794 0.0234442
2320 -0.00207494 0.00872505 -0.03287
2321 0.0345112 0.00666083 0.0227982
2322 -0.0281954 0.00877521 -0.0148009
2323 0.0249763 0.00806236 -0.0118736
2324 0.023376 0.00764283 -0.02253
2325 0.00162094 0.0029985 0.0183661
2326 0.0337831 0.0072169 -0.0296503
2327 -0.038675 0.006825 -0.00281527
2328 -0.0227425 0.00895833 0.0010632
2329 0.0351649 0.00761073 -0.0225028
2330 -0.0100836 0.00927584 -0.0013632
2331 -0.00486102 0.00264759 -0.0244654
2332 0.00672818 0.00613106 -0.0100908
2333 0.00407144 0.005856 -0.03287
2334 0.00442246 0.00635142 0.0139484
2335 0.036376 0.00369733 -0.0218479
2336 -0.0319293 0.00519046 0.00125468
2337 -0.0324795 0.00609945 0.025905
2338 0.000225406 0.00966116 0.0269561
2339 0.0115163 0.00349747 -0.0248367
2340 0.0217643 0.00922391 0.0091254
2341 -0.0020054 0.00845649 -0.0062354
2342 0.0126634 0.0095292 0.0270501
2343 -0.00113365 0.00760315 -0.0264811
2344 0.026237 0.00357979 0.0108673
2345 0.00414983 0.00696304 0.0108547
2346 -0.0289632 0.00611155 -0.027086
2347 0.038675 0.00637591 0.0152898
2348 0.0143323 0.00503534 -0.0122257
2349 -0.0109768 0.00945511 -0.0203214
2350 -0.0314294 0.00665903 -0.0220581
2351 0.00586339 0.0090185 -0.0135185
2352 0.0197304 0.00251277 -0.0244378
2353 0.00197099 0.00637374 0.03287
2354 0.0313063 0.00406277 0.0229964
2355 0.0244303 0.0094761 0.000571073
2356 -0.0159967 0.00611772 0.0108334
2357 -0.0347314 0.00744728 -0.0103639
2358 -0.0272533 0.00553205 0.0231195
2359 -0.00152583 0.006936 0.00882881
2360 -0.00886145 0.00846582 -0.00186238
2361 -0.0112137 0.014 -0.0133429
2362 -0.00182965 0.014 -0.012578
2363 -0.0257092 0.00808385 0.000302737
2364 -2.67394e-05 0.00196401 0.00727186
2365 -0.0157843 0.00513651 0.011575
2366 0.000522195 0.0075292 -0.03287
2367 -0.0317627 0.004729 -0.03287
2368 -0.0276394 0.00496392 -0.0112463
2369 -0.00329341 0.00619516 -0.0131851
2370 0.0105443 0.00417256 -0.01545
2371 -0.0334371 0.00704198 0.0138942
2372 -0.0230625 0.00966033 0.0251262
2373 0.0342838 0.00641405 -0.0100448
2374 0.000699559 0.00791526 0.0060567
2375 0.0339624 0.00747586 -0.0103882
2376 0.0334643 0.0070333 -0.0251198
2377 -0.0329321 0.0066584 -0.0252019
2378 0.0228718 0 0.0239597
2379 -0.0111452 0.00687378 -0.018809
2380 0.0348728 0.00696989 -0.0221226
2381 -0.0351602 0.00359147 -0.0108309
2382 -0.0344389 0 0.03287
2383 -0.0177023 0.00352687 0.0242858
2384 0.0254248 0.00637168 0.00364711
2385 0.0174439 0.00739888 -0.0249372
2386 -0.00605077 0.00783162 0.0219632
2387 0.0348967 0.00857184 0.0224384
2388 -0.0317331 0.00619757 0.0108203
2389 -0.00363622 0.00293191 0.030051
2390 -0.038675 0.00852613 -0.0217902
2391 0.00962055 0.0063272 0.0139457
2392 -0.038675 0.00362545 -0.0137695
2393 0.0326868 0.00644206 -0.0266921
2394 -0.00593484 0.00685749 0.00789659
2395 0.00483684 0.00188315 -0.014252
2396 0.0163273 0.00549769 0.0169778
2397 0.0189108 0.0080427 -0.0232971
2398 -0.0357611 0.00494191 0.0246404
2399 0.00329189 0.00392057 0.016502
2400 -0.019457 0.0061273 -0.0251682
2401 -0.0351698 0.00692032 -0.0101088
2402 -0.0258865 0.00355557 0.0011286
2403 -0.0359371 0.00768132 -0.0246838
2404 0.00498602 0.014 0.0207238
2405 -0.0312985 0.014 -0.00701513
2406 -0.0109142 0 0.0107865
2407 -0.0312628 0.014 -0.021307
2408 0.0145095 0.00495611 0.0127306
2409 -0.00287426 0.00678974 -0.0294252
2410 0.00480549 0.014 -0.00535094
2411 0.0151681 0.014 -0.0241301
2412 0.00710477 0.00708759 -0.0251047
2413 0.0269374 0.00416973 -0.0251179
2414 -0.00863876 0.00806782 0.0245888
2415 -0.03244 0.0032248 -0.0213732
2416 -0.0150533 0.00936358 -0.0186632
2417 -0.00153615 0.00610489 -0.019684
2418 -0.00138601 0.00727113 -0.00528937
2419 9.85861e-05 0.00807819 0.0283401
2420 0.0167516 0.00612809 -0.00854303
2421 0.00496939 0.00832093 -0.0181417
2422 -0.0163082 0.00434893 0.0155995
2423 0.0320887 0.00754099 0.0231835
2424 0.0239212 0.00859251 0.022309
2425 0.0188605 0.00804939 -0.0239325
2426 0.038675 0.00727914 0.0219819
2427 -0.0325668 0.00909292 -0.00229129
2428 -0.0328034 0.00875736 0.0164165
2429 -0.0350331 0.00356776 -0.0204768
2430 0.0303254 0.00625486 0.0259291
2431 -0.0130049 0.00877862 -0.00410107
2432 0.0070098 0.00654655 -0.0251913
2433 -0.00865368 0.00492867 0.0242213
2434 -0.0328554 0.00550194 0.02314
2435 0.0210185 0.00378323 0.0250669
2436 -0.003167 0.00853681 -0.0149541
2437 0.0187993 0.0049125 -0.02363
2438 0.00282072 0.00876656 0.0113716
2439 -0.0348958 0 -0.00762721
2440 -0.00416363 0.00620952 0.0228122
2441 0.0130123 0 0.00383091
2442 0.0176798 0.00970854 0.00128305
2443 -0.0366306 0.00741744 0.0219555
2444 -0.0347856 0.0058638 -0.0130754
2445 0.038675 0.00664721 0.0126939
2446 -0.00151568 0.00694998 -0.029978
2447 -0.0337024 0.00574382 -0.010236
2448 0.0204399 0.00848764 0.0221726
2449 0.0178242 0.00628208 0.0139366
2450 -0.0324837 0.00399931 -0.0227668
2451 0.0245281 0.00740062 -0.0129357
2452 -0.0309248 0.0075962 0.00150956
2453 -0.0339163 0.00463483 -0.0256514
2454 -0.0134728 0.00453594 0.0107206
2455 -0.0344548 0.00747135 0.00340494
2456 0.00631589 0.00564385 -0.0204304
2457 -0.0183783 0.0043385 0.0142454
2458 -0.00336468 0.00532782 -0.03287
2459 0.0207437 0.00528066 -0.0226224
2460 0.00706121 0.0026984 -0.0142685
2461 0.0192246 0.00752798 -0.0104325
2462 -0.0267057 0.00880101 0.00261098
2463 0.0104239 0.00388448 0.0108781
2464 -0.0314378 0.00791413 -0.0212416
2465 0.0326386 0.00899692 0.0252824
2466 -0.0119712 0.00388161 0.000619802
2467 -0.0265853 0.0048013 0.0147334
2468 0.0237558 0.00899271 -0.0148533
2469 -0.0232285 0.00455247 0.0222664
2470 -0.027552 0.00548389 0.00158876
2471 0.0290819 0.00627823 0.0216035
2472 -0.0253545 0.00397681 0.00516728
2473 0.00470605 0.0056147 0.0230547
2474 -0.0200075 0.00795959 0.0129738
2475 0.0144375 0.00908392 0.0256594
2476 -0.0236133 0.00634903 0.0107919
2477 -0.00148921 0.00595531 0.0273711
2478 0.00121149 0.00547433 -0.0290894
2479 -0.0267265 0.00808714 0.0123634
2480 -0.0280599 0.00795556 0.0237576
2481 0.0202399 0.00571503 0.0203999
2482 0.0119584 0.00722851 -0.0130353
2483 -0.0222357 0.00439735 -0.00989801
2484 -0.0318246 0.00507909 0.0250696
2485 0.0119727 0.00954852 -0.010542
2486 -0.000631294 0.00504734 0.0304849
2487 -0.0208217 0.014 -0.0123701
2488 -0.0359236 0.00555955 -0.0223609
2489 -0.0360949 0.00508697 -0.0243427
2490 -0.031447 0.0074899 -0.000859856
2491 -0.0125211 0.00768322 0.00476434
2492 -0.00849 0 -0.0171551
2493 0.000641774 0.007942 -0.0180807
2494 0.035807 0.00572457 0.010989
2495 0.0147423 0.00583636 -0.0195175
2496 -0.0276185 0.00976794 0.0256873
2497 -0.0256083 0.00339193 0.0244732
2498 -0.00145773 0.00587562 -0.00529105
2499 -0.000976 0.00768582 -0.0311556
2500 -0.021652 0.0095639 -0.00854584
2501 -0.0293979 0.00447944 0.0153532
2502 0.00623463 0.0019437 -0.00934481
2503 0.0092707 0.0074396 0.0218404
2504 -0.0279898 0.00527237 -0.0246289
2505 -0.0014647 0.00710656 0.0273277
2506 -0.0216423 0 -0.013483
2507 -0.0248424 0.00612406 0.00191037
2508 0.00670697 0.00807819 -0.0235383
2509 0.00314334 0.00760044 0.0316618
2510 0.00751788 0.00514634 0.0217633
2511 -0.0229573 0.0075401 -0.0224428
2512 0.0267714 0.00909157 -0.0263329
2513 -0.0103861 0.00764113 0.0014714
2514 0.00624934 0.00841583 0.0089512
2515 -0.0328893 0.00950729 -0.0123861
2516 0.0007503 0.00789179 0.0292383
2517 0.0202541 0.00692089 0.013891
2518 -0.0333608 0.00776716 -0.0125709
2519 -0.0247089 0.00987855 0.00923533
2520 0.0311192 0.00648117 0.0156858
2521 -0.0315549 0.00484807 0.0039957
2522 0.0359201 0.00564612 -0.0282789
2523 0.0171688 0.00807819 -0.0234853
2524 0.00082648 0.00515544 -0.0295933
2525 0.0289607 0.00472854 0.0266823
2526 -0.0168658 0.0060753 -0.00115964
2527 0.00147475 0.00591241 0.0167546
2528 -0.023712 0.0035307 0.0247481
2529 0.038675 0.00798722 0.00938738
2530 -0.0206341 0.00902698 0.0107094
2531 -0.0144718 0.00664028 -0.0200196
2532 0.034611 0.00295202 0.00142638
2533 -0.0295457 0.00743164 0.0136493
2534 -0.0353808 0.00770457 -0.000653253
2535 -0.0230393 0.00517123 -0.0244827
2536 0.0315536 0.00276509 -0.0268392
2537 -0.0238721 0.00539749 -0.00328775
2538 -0.038675 0.00955988 0.0328159
2539 0.00399506 0.00819078 0.0022651
2540 -0.0159001 0.00722131 0.0152813
2541 -0.012897 0.00688757 0.025906
2542 -0.0330006 0.00513107 0.011584
2543 0.00287876 0.00654642 0.0271429
2544 -0.0356392 0.00797128 -0.0230515
2545 -0.0105543 0.0105176 -0.0238393
2546 0.0161739 0.00605287 -0.0221079
2547 0.0367031 0.00765469 -0.0279372
2548 0.00321144 0.00433755 -0.0310446
2549 0.0153118 0.00561626 -0.0223196
2550 0.00702539 0.00869821 -0.0249534
2551 0.0163996 0.00767442 -0.0208563
2552 0.0347737 0.00754224 0.0255554
2553 0.0255602 0.010478 0.03287
2554 0.00520064 0.00739088 0.025684
2555 -0.0087221 0.00633607 0.00194299
2556 -0.0318604 0.0039575 -0.0106414
2557 -0.0115135 0.00798228 0.000924704
2558 -0.0168504 0.00808227 0.0122735
2559 -0.0173236 0.00332118 -0.00886334
2560 0.0223082 0.00597127 -0.0131182
2561 0.0107345 0.00269702 -0.0124454
2562 -0.038675 0.00340983 -0.000367755
2563 0.037675 0.00620128 0.023579
2564 -0.0247638 0.00585422 0.0109285
2565 0.038675 0.00810884 0.00453385
2566 -0.0015963 0.00623866 0.0147141
2567 -0.038675 0.00510128 -0.0125412
2568 -0.033329 0.00803734 -0.0119872
2569 -0.0120333 0.00593195 0.0258456
2570 0.0259955 0.0079805 -0.0241885
2571 -0.0107036 0.0080674 0.0100663
2572 -0.0343098 0.00975296 -0.000125448
2573 -0.0117244 0.0101991 0.0226583
2574 4.71214e-05 0.00491762 0.0183643
2575 -0.038675 0.00640555 -0.0288615
2576 -0.0148122 0.00491702 0.0222282
2577 0.0043252 0.0102124 -0.0112148
2578 0.00988281 0.00548042 0.0111539
2579 0.0275379 0.00239136 -0.00942567
2580 0.0183062 0.00287314 0.0115627
2581 -0.0125204 0.0103451 -0.0121272
2582 0.0200869 0.00505922 -0.0122966
2583 0.012585 0.00231164 0.0132159
2584 0.00699611 0.00603122 -0.0251421
2585 0.0131719 0.00641405 0.0139552
2586 -0.0325407 0.00886151 0.0206119
2587 0.00490365 0.00698145 0.0138805
2588 0.00207318 0.00205492 -0.0245844
2589 0.0218856 0.00805231 0.0272234
2590 -0.038675 0.0103823 0.0268567
2591 0.0369767 0.0087052 0.0261963
2592 -0.0369985 0.00670773 0.015045
2593 -0.0217808 0.00566682 -0.000974669
2594 0.00125886 0.00978844 0.0289114
2595 -0.0291234 0.00359977 0.0020883
2596 0.0323209 0.00804594 0.0246882
2597 0.00237092 0.00597204 0.0139148
2598 -0.031831 0.00739088 -0.010316
2599 0.0119233 0.00674475 -0.0220621
2600 -0.0343832 0.00805659 -0.0113602
2601 -0.0027038 0.00634609 -0.0164797
2602 0.0282057 0.00782807 0.0153224
2603 0.00602725 0.00377314 -0.0119325
2604 0.0277423 0.00669858 -0.0220583
2605 0.0308657 0.00365396 0.0257265
2606 -0.0251355 0.00441703 0.0097125
2607 -0.0245568 0.00626975 -0.0220685
2608 0.00507061 0.00749817 -0.0104072
2609 -0.0191108 0.009917 -0.0128855
2610 0.0125926 0.00803304 0.0119932
2611 0.011981 0.00560317 -0.0223274
2612 -0.0191172 0.00460433 -0.00912352
2613 0.00269862 0.00731601 0.0193502
2614 0.00487133 0.00572192 0.0137518
2615 0.0201802 0.00503521 -0.0110347
2616 0.0270926 0.00945172 0.00754317
2617 0.0058677 0.00906432 0.0219241
2618 0.0304702 0.00681719 0.0259198
2619 0.0260226 0.00616779 -0.00357106
2620 -0.0349641 0.00492538 -0.0237484
2621 -0.0303993 0.00498092 0.0128042
2622 -0.0271296 0.0077563 -0.0245852
2623 0.0313048 0.00810691 -0.0210657
2624 0.0087156 0.00729818 -0.0249953
2625 -0.024353 0.00792172 -0.0123156
2626 -0.0191258 0.00279762 -0.0294011
2627 0.0123325 0.00704968 0.0138575
2628 -0.0288536 0.00329366 -0.00906938
2629 0.0198122 0.00410813 -0.0133128
2630 0.0350628 0.00467249 -0.00335634
2631 -0.0289636 0.010822 -0.00183885
2632 -0.017865 0.00771034 0.0133857
2633 0.023117 0.0085322 -0.0255094
2634 -0.0126411 0.00492634 0.0242427
2635 -0.0348306 0.00535985 -0.000721249
2636 0.0104608 0.00389778 0.03287
2637 -5.21941e-05 0.00491818 0.00505808
2638 0.0210717 0.00759869 -0.0203822
2639 0.0270325 0.00697029 -0.0131373
2640 -0.00619436 0.00873402 -0.0129236
2641 0.00832098 0.00589852 -0.029365
2642 -0.0252832 0.00792828 0.00104142
2643 -0.0155849 0.00834449 0.00242717
2644 0.000207607 0.00322712 -0.0251536
2645 0.0273517 0.00515372 -0.0244536
2646 -0.0357864 0.00612306 -0.0220925
2647 0.00153918 0.0106543 0.0232682
2648 -0.0106233 0.00422308 -0.026414
2649 -0.00139532 0.00725565 0.00468918
2650 -0.0223462 0.00540815 0.0255327
2651 0.038675 0.00596532 0.0188619
2652 0.0104905 0.00602341 -0.013139
2653 -0.0323501 0.0044798 0.0152622
2654 -0.038675 0.00772334 -0.00892386
2655 0.00820312 0.00842183 0.022423
2656 -0.0375665 0.00979614 -0.000964371
2657 0.0193735 0.00397836 0.0109543
2658 0.00822035 0.00383174 0.0111478
2659 0.0174095 0.00304085 0.0241853
2660 -0.0283781 0.00496738 -2.3984e-05
2661 -0.0114083 0.00446807 -0.00139804
2662 -0.0343949 0.0068775 0.00795319
2663 -0.0350115 0.00636586 0.0139473
2664 -0.0110391 0.00529802 0.0220541
2665 -0.0328804 0.00572296 0.0109898
2666 0.038675 0.00943535 -0.0129777
2667 -0.0203342 0.0102089 0.0251854
2668 0.0010877 0.00963808 -0.0205106
2669 -0.0211835 0.0058635 0.0138176
2670 0.0116332 0.0072567 0.0211132
2671 0.0233776 0.00664177 -0.0155837
2672 -0.0141763 0.00354664 0.00137646
2673 -0.0200346 0.00696113 0.0258826
2674 -0.00304526 0.00693153 -0.0251573
2675 -0.00838002 0.00862791 -0.0213399
2676 -0.0305624 0.00910025 0.0236476
2677 -0.000686157 0.00507101 0.0154079
2678 -0.0370906 0.00881127 -0.0215505
2679 0.0154125 0.00822218 0.0221095
2680 -0.0120129 0.00648861 0.0259552
2681 0.02587 0.00755987 -0.0248004
2682 -0.038675 0.00296629 -0.00912503
2683 0.00835331 0.00728682 -0.0130024
2684 -0.025112 0.00653082 0.013949
2685 0.000935877 0.00522126 -0.0171365
2686 -0.0118626 0.00515922 -0.00505564
2687 0.00383977 0.00774488 -0.0204579
2688 -0.0251313 0.00597352 0.0258591
2689 -0.0298603 0 0.0183975
2690 -0.0146262 0.00890775 0.00929919
2691 -0.0160598 0.00573906 -0.0250221
2692 -0.0199793 0.0106927 0.0220904
2693 -0.038675 0.00566228 0.0123272
2694 0.00422404 0.0067024 -0.0132011
2695 0.0287999 0.00511736 -0.0228668
2696 -0.038675 0.0100141 0.00306776
2697 0.012935 0.00992199 -0.0265952
2698 -0.0294893 0.00848862 0.00371158
2699 0.0366341 0.00416035 -0.0261642
2700 -0.015448 0.00671775 0.0107992
2701 0.016206 0.00456293 0.0220689
2702 0.00558543 0.00476225 -0.00905421
2703 -0.0150585 0.00500485 0.0128752
2704 -0.0275491 0.00665076 0.00194234
2705 -0.00148407 0.00594005 -0.00754569
2706 0.00855812 0.00807819 0.000374282
2707 -0.00627336 0.00773597 -0.0126119
2708 -0.0295418 0.0073909 -0.00225352
2709 -0.00905603 0.00754662 0.0190004
2710 0.00842748 0.0093669 0.000399275
2711 0.0173736 0.00188475 -0.0117211
2712 0.0232458 0.00929841 0.0104136
2713 0.0314367 0.00502494 -0.0110652
2714 -0.0217851 0.00447293 0.0105872
2715 -0.0044408 0.0052362 0.0253307
2716 0.0270313 0.00498958 -0.0111701
2717 0.0078379 0.00709568 0.022899
2718 -0.0350101 0.00657599 0.0259464
2719 0.0307966 0.0040942 0.00862133
2720 -0.0173419 0.00799439 0.0216847
2721 0.0240142 0.014 0.016053
2722 0.0239701 0.014 0.0215636
2723 -0.00100039 0.00845536 0.0110161
2724 -0.0143706 0.00375785 0.0134744
2725 0.0200051 0.00498174 -0.0240666
2726 -0.00154059 0.00424448 0.03287
2727 0.001379 0.00571722 -0.0172978
2728 0.0285739 0.00428121 -0.0258505
2729 -0.0337086 0.00795339 0.000987151
2730 0.0251133 0.00493957 0.0246189
2731 -0.0291078 0.0088588 0.0021467
2732 -0.0251313 0.00694232 -0.0221149
2733 0.00393541 0.00704022 -0.0221393
2734 0.0279601 0.0055029 -0.0223993
2735 -0.0324899 0.00494206 9.82292e-05
2736 0.019292 0.00682668 0.00191719
2737 -0.00104523 0.00770561 0.0106083
2738 -0.0324234 0.00721703 0.0109639
2739 -0.0169595 0.00731993 0.0257216
2740 -0.0056551 0.00394596 0.0239613
2741 -0.0249921 0.00760836 0.021622
2742 -0.0283965 0.00432945 -0.0136675
2743 0.0287229 0.00447639 -0.0150368
2744 0.0281219 0.00756213 0.0216297
2745 -0.0272129 0.00613527 0.00347856
2746 -0.00146155 0.00711612 -0.0157991
2747 0.0164303 0.00640949 -0.0143831
2748 -0.00330317 0.00513208 0.00521639
2749 -0.0213995 0.00640767 0.0227855
2750 0.0184045 0.00344849 -0.00708184
2751 0.00153284 0.00608984 -0.0270669
2752 -0.0331755 0.00625439 -0.001189
2753 -0.0378472 0.00375626 -0.00221686
2754 -0.0240758 0.00950892 0.0115452
2755 0.0260342 0.00494821 -0.0239583
2756 -0.0292914 0.00759021 0.00151465
2757 -0.0261764 0.00538632 0.0203856
2758 -0.021642 0.00730091 -0.0198707
2759 -0.037675 0.00722857 0.0239414
2760 -0.0323947 0.00931837 -0.00993417
2761 -0.0223087 0.00308385 0.01418
2762 0.0123613 0.00514119 -0.0228272
2763 0.0111665 0.00786033 0.0115517
2764 0.0162931 0.00734416 0.0137121
2765 -0.000683922 0.00854788 0.0238904
2766 -0.0335984 0.00423641 0.0138891
2767 -0.00084914 0.00658496 -0.0318484
2768 -0.0244351 0.00589723 -0.0250887
2769 -0.0357916 0.00667212 -0.00120118
2770 -0.024801 0.0111512 -0.0238653
2771 0.0326891 0.00291249 0.0112086
2772 0.0187965 0.00765252 0.0112783
2773 0.0319358 0.00631534 -0.010061
2774 -0.0232375 0.00770954 0.00138671
2775 -0.0204301 0.00538062 0.0112568
2776 -0.0175585 0.00746788 0.00161856
2777 -0.0263631 0.00808287 -0.0115447
2778 0.00394035 0.00260151 -0.0225729
2779 -0.0275458 0.00377475 0.0279455
2780 -0.00781768 0.00742768 0.0279039
2781 -0.015935 0.00758928 0.00151544
2782 0.0328645 0.00805555 0.0240955
2783 0.00284068 0 -0.00781517
2784 -0.00841687 0.00598227 -0.0190303
2785 -0.0299472 0.00601413 0.022
2786 -0.00117516 0.00755429 -0.0294608
2787 0.00157065 0.00628055 -0.0166617
2788 -0.0167991 0.00615085 0.0259163
2789 0.0156832 0.00974027 0.0153635
2790 -0.0113343 0.00421524 -0.0137934
2791 0.00943353 0.00930446 0.0110759
2792 -0.000620337 0.00340144 0.0148331
2793 -0.0302861 0.00635075 -0.0260428
2794 -0.0242814 0.00562756 -0.0223148
2795 -0.0340983 0.00735639 -0.0154317
2796 -0.00403142 0.00618858 -0.00728102
2797 0.0143645 0.00505922 -0.000296574
2798 0.0153189 0.0038938 -0.0263866
2799 0.0161546 0.0080044 0.0118631
2800 -0.012728 0.0113523 0.0136706
2801 0.0289006 0.00807819 0.02423
2802 -0.0332446 0.00929203 -0.023937
2803 0.0135818 0.00952343 0.0108782
2804 -0.0123489 0.0062727 0.0108026
2805 0.00410314 0.00818503 0.0265357
2806 -0.0137862 0.00804184 0.0247068
2807 0.0216782 0.0059453 -0.0142701
2808 0.0273064 0.00734878 -0.0222907
2809 0.012841 0.00382783 0.0235561
2810 0.00888561 0.00500995 0.0238497
2811 -0.0357838 0.00559032 -0.000919972
2812 -0.000936996 0.00932447 0.0205617
2813 -0.0213436 0.00531729 0.0134272
2814 -0.0271498 0.00577996 0.00913832
2815 0.0044208 0.0065629 0.0279269
2816 -0.024649 0.00527826 0.0133751
2817 -0.00158974 0.00341098 -0.0175001
2818 -0.0161243 0.00706853 0.01385
2819 -0.0345195 0.00660147 -0.00246803
2820 0.0147446 0.00636639 0.0227926
2821 -0.0172487 0.00366221 -0.0221308
2822 -0.0244864 0.0052916 -0.0246492
2823 -0.0225214 0.00363814 0.00525178
2824 0.0143776 0.00996326 -0.0218788
2825 -0.00897928 0.00901955 0.0234673
2826 -0.00179152 0.00360138 -0.0107586
2827 0.0186627 0.00947026 0.0246107
2828 0.00460132 0.00500049 0.0128623
2829 0.003298 0.00313239 -0.0101132
2830 -0.0348038 0.00834536 -0.00888698
2831 0.00173288 0.0093613 -0.0312576
2832 0.000160593 0.00939635 0.016994
2833 -0.0011397 0.00759603 0.0303773
2834 0.000859516 0.00559616 -0.03287
2835 -0.00797868 0.00577628 0.0257818
2836 -0.0265787 0.00732056 -0.0147413
2837 0.0246675 0.00637768 -0.00818863
2838 0.0109432 0.00205503 -0.0232131
2839 -0.0168125 0.00514979 0.0235529
2840 -0.00116992 0.00543437 0.0046864
2841 -0.0240586 0.00520439 -0.0227222
2842 -0.0193265 0.00787962 -0.0244066
2843 0.0158798 0.00905777 -0.0146985
2844 -0.0285255 0.00709391 -0.0142991
2845 0.0179675 0.00347541 -0.0243997
2846 -0.0242564 0.00673272 -0.00893105
2847 0.0275139 0.0078965 0.0236299
2848 -0.0352893 0.0072452 -0.0222388
2849 0.0341876 0.00544468 0.0231892
2850 0.00321953 0.00220555 0.00157871
2851 -0.0185733 0.00647551 0.00934735
2852 0.00529292 0.00626306 0.0228032
2853 0.0342383 0.00382726 0.0122516
2854 0.0329752 0.00513473 0.0266337
2855 -6.2328e-05 0.00491928 -0.0170929
2856 0.0259586 0.00295932 0.00142378
2857 0.0357911 0.00573529 -0.0250183
2858 -0.0356868 0.00703271 0.02288
2859 0.00149923 0.00598507 0.00843041
2860 -0.0292002 0.00542657 0.0112083
2861 0.0363306 0.00552017 0.021757
2862 0.0249692 0.00503846 -0.0122349
2863 0.0292769 0.00447242 -0.0179041
2864 0.019472 0.00598752 -0.0221307
2865 0.0334452 0.00323403 -0.0236717
2866 0.0362195 0.00459956 0.026638
2867 -0.0196704 0.0028787 -0.0239245
2868 0.0121195 0.00551022 0.00910294
2869 -0.0335593 0.00491979 -0.011563
2870 -0.00543883 0.00486339 -0.00881927
2871 -0.0281423 0.00668609 0.0259404
2872 0.038675 0.00499718 -0.00607652
2873 0.0033426 0.0067698 -0.0270237
2874 -0.0335537 0.0081988 0.0275272
2875 0.00342697 0.0102253 -0.03287
2876 -0.000636698 0.00794434 -0.028833
2877 -0.0190477 0.00418356 0.0230201
2878 0.000718583 0.00509052 0.0286928
2879 -0.0271531 0 0.0276671
2880 0.0306808 0.00747613 -0.0223839
2881 -0.00296598 0.00565518 0.03287
2882 -0.0228174 0.00724291 0.0137624
2883 0.0248671 0.00646511 -0.0132152
2884 0.0162917 0.00439538 -0.0143967
2885 0.0204184 0.00424956 -0.0207134
2886 -0.00963515 0.00743914 0.025643
2887 -0.00587962 0.00266068 -0.0150883
2888 0.0039155 0.00627782 -0.0251991
2889 -0.0259817 0.014 -0.0142045
2890 -0.0233696 0.00544311 0.00334026
2891 -0.0170743 0.014 -0.00297089
2892 -0.0105269 0.014 -0.00379459
2893 0.00116387 0.00542865 0.0171906
2894 -0.038675 0.00486023 0.0137992
2895 0.0169823 0.0109976 -0.012211
2896 -0.0197445 0.00811703 0.0218798
2897 -0.0211217 0.00790312 0.0116442
2898 -0.0319728 0.00781811 -0.0245039
2899 0.022382 0.00634949 -0.0100518
2900 -0.0249832 0.00505593 0.0237132
2901 0.00314804 0.00478556 -0.016973
2902 -0.0354695 0.00696882 0.0152035
2903 0.0281609 0.00844443 -0.00930327
2904 -0.0345434 0.00950431 0.00173194
2905 -0.0263083 0.00922866 -0.0114297
2906 0.00542182 0.00547227 0.0111601
2907 -0.031427 0.005077 -0.0243261
2908 -0.0281061 0.00597259 0.0275526
2909 -0.0124479 0.00913858 -0.00973762
2910 -0.00805502 0.00359226 0.0114564
2911 -0.0120969 0.00331014 -0.0098577
2912 -0.00238844 0.00797176 0.0164756
2913 0.0044124 0.00675683 -0.0251966
2914 0.0276729 0.00480247 -0.0135917
2915 0.0335228 0.00492213 0.0244585
2916 -0.00689334 0.00728835 -0.0130056
2917 -0.014892 0.00371998 -0.0228058
2918 0.036014 0.0064878 0.0227888
2919 -0.011959 0.00746388 0.00162195
2920 -0.0161046 0.0037445 -0.0275525
2921 0.0313178 0.00503892 0.0249763
2922 -0.0303747 0.00421702 -0.0246426
2923 -0.0278639 0.00494709 0.024052
2924 0.0217525 0.00378166 0.0118839
2925 0.0199872 0.00491933 -0.0116928
2926 0.00140485 0.00723867 0.0183029
2927 0.0162839 0.00731838 -0.026352
2928 -0.0230713 0.00517691 0.015844
2929 -0.00118886 0.00545232 -0.0280873
2930 0.0356898 0.00501794 -0.0155043
2931 -0.00801763 0.00597953 -0.00112737
2932 -0.0099991 0.00746484 -0.0144837
2933 0.0180052 0.0052362 -0.0245907
2934 0.0204093 0.00639833 0.0227874
2935 0.0358875 0.00302557 0.0144916
2936 -0.0324245 0.0039052 0.0281582
2937 0.038675 0.00744213 0.0236724
2938 0.0310606 0.00623931 -0.0220735
2939 0.01745 0.00584796 -0.0130744
2940 0.0179697 0.0061601 -0.0267226
2941 -0.00366928 0.00984357 -0.0234017
2942 0.00880281 0.00765459 0.00493326
2943 0.0015713 0.00628648 -0.0184367
2944 -0.0281897 0.00790193 0.0281862
2945 -0.0332049 0.00532961 -0.00887007
2946 0.0206544 0.00786488 -0.0108215
2947 -0.0168107 0.00653647 0.0139527
2948 0.00846094 0.00687244 -0.0251711
2949 0.0212762 0.00548579 0.0266255
2950 -0.0305772 0.00942159 -0.0126355
2951 -0.00607826 0.00652468 0.0259538
2952 -0.0281179 0.00793438 -0.0122882
2953 0.00151842 0.006958 -0.0189225
2954 0.0138257 0.00792677 0.0250447
2955 -0.0366684 0.00902626 0.0204279
2956 0.0226033 0.00548588 0.0205845
2957 -0.00243546 0.00739127 -0.0308013
2958 -0.0100098 0.0050907 0.0116511
2959 -0.0247228 0.00606445 0.0272481
2960 0.0200084 0.00800071 0.0248849
2961 -0.0108737 0.0076523 0.0254619
2962 0.0168492 0.00807819 0.000339185
2963 0.0346026 0.00614644 -0.0208976
2964 -0.0285669 0.00574581 -0.0250262
2965 0.0312462 0.00845073 -0.0138672
2966 -0.0300631 0.00681512 -0.0208382
2967 0.0329839 0.0072045 0.0229572
2968 -0.00330524 0.00732118 0.0316005
2969 0.0158113 0.00614953 0.0214801
2970 -0.0361159 0.0055785 0.0111044
2971 0.00140258 0.0072436 0.020667
2972 0.0264452 0.007571 0.023209
2973 0.000587587 0.00796707 0.0182592
2974 -0.00888936 0.00663138 -0.0220536
2975 0.00152964 0.0069247 -0.0204252
2976 -0.00621038 0.00493117 0.00267518
2977 0.013267 0.00386192 -0.0221241
2978 -0.0316368 0.00504094 -0.0122423
2979 -0.00366493 0.00724539 0.0137701
2980 -0.0131915 0.00505156 0.0237262
2981 0.000498014 0.0100773 -0.00604496
2982 0.00843184 0.0092915 -0.0107666
2983 0.0366309 0.00563811 0.00985346
2984 0.00986711 0.00807819 -0.0114964
2985 -0.0299034 0.00649526 -0.00121077
2986 -0.012694 0.00854385 0.00252443
2987 0.0252451 0.00807819 -0.0236253
2988 -0.0270756 0.00383398 -0.0119345
2989 0.0130412 0.00603129 -0.0221152
2990 -0.027709 0.00743142 -0.000909522
2991 -0.0133189 0.00863851 0.0105414
2992 0.00124828 0.00746821 0.0303273
2993 -0.000811049 0.00514615 0.00572782
2994 -0.00991027 0.00559746 -0.0208839
2995 0.029769 0.0094153 0.0184773
2996 0.0283738 0.00607777 -0.0145071
2997 -0.00749645 0.00490612 -0.0206847
2998 0.00487799 0.0102402 -0.0241853
2999 -0.000437747 0.014 -0.0220815
3000 0.00152 0.0069533 0.00564937
3001 -0.0214082 0.00579589 -0.00696186
3002 -0.0232651 0.00411569 -0.0131617
3003 -0.0207698 0.00924019 -0.0207342
3004 -0.0214758 0.00499366 -0.0264315
3005 -0.0274673 0.00577139 0.0137795
3006 0.0226731 0.00522061 0.0133048
3007 -0.0328452 0.00794992 0.0237454
3008 -0.0181578 0.00733152 -0.0102846
3009 0.00152563 0.00615182 -0.030318
3010 0.0306625 0.00353401 0.0124106
3011 0.0353214 0.00699872 0.0258694
3012 0.0134644 0.00911282 0.012458
3013 -0.0281312 0.00791379 -0.0212264
3014 0.0304089 0.00544105 0.023193
3015 -0.00687217 0.00653269 -0.00121245
3016 0.00139135 0.00928617 0.0116052
3017 0.00560735 0.00620188 -0.0251875
3018 -0.0213561 0.00397161 0.00221238
3019 -0.0340096 0.0060373 0.0228555
3020 -0.00768625 0.0052362 0.0253307
3021 -0.0351798 0.00800848 0.0118816
3022 -0.011061 0.00764005 -0.0127323
3023 -0.0190902 0.00573727 -0.0265112
3024 0.0152806 0.00774378 0.0113983
3025 -0.0156602 0.00936934 0.0131215
3026 0.0157203 0.00535926 0.0232794
3027 -0.0221727 0.00567908 0.0230163
3028 0.0278799 0.00742441 -0.0129155
3029 0.000304441 0.00494561 -0.0302402
3030 -0.00134198 0.00565568 0.00872963
3031 -0.00622353 0.00719712 0.0257941
3032 -0.00152436 0.00605963 0.00354386
3033 0.0197663 0.00544351 -0.0104504
3034 -0.0215801 0.00549163 0.0269965
3035 0.0209273 0.00920646 -0.0233032
3036 -0.0344017 0.00628506 0.0194132
3037 -0.00859271 0.00415107 -0.00988001
3038 -0.000666574 0.00505922 -0.00555559
3039 -0.0142794 0.00743307 -0.0103519
3040 0.000484829 0.00499799 -0.0181739
3041 -0.0368447 0.00509928 -0.0266635
3042 0.00683613 0.00786625 0.0251755
3043 0.00473045 0.00543629 0.0255419
3044 0.0224776 0.00702626 0.0228782
3045 0.0244893 0.00410354 -0.0134274
3046 -0.0122994 0.00590511 0.0229048
3047 -0.00891261 0.00428743 0.01428
3048 -0.0327079 0.00676973 0.022807
3049 0.0239766 0.00799626 0.0128945
3050 -0.00994462 0.00570138 0.0230005
3051 -0.0338544 0.00791085 -0.00262312
3052 0.0319846 0.00792212 0.0236853
3053 0.0173062 0.00537805 -0.0127405
3054 -0.00537543 0.00960309 -0.0120055
3055 0.0244907 0.00798742 -0.0231176
3056 0.026192 0.00561819 0.00167887
3057 0.0186003 0.00807819 -0.0117082
3058 -0.00898998 0.00592647 -0.0221546
3059 0.0153103 0.00670486 0.0259422
3060 -0.00115729 0.00454757 -0.03287
3061 0.00149645 0.00702318 -0.0143995
3062 0.00983507 0.00247388 0.0249411
3063 -0.0324641 0.00901328 0.00262068
3064 -0.0346808 0.00605404 -0.0251515
3065 -0.0335382 0.00548784 0.0255918
3066 0.0369826 0.0080923 0.0144512
3067 0.0156023 0.0062046 0.0259208
3068 0.00307391 0.00585418 -0.0250778
3069 -0.00107377 0.00766617 -0.00484266
3070 -0.00116232 0.00542718 0.0296331
3071 0.000125905 0.00356523 0.000100762
3072 -0.0304076 0.00529786 0.0013958
3073 -0.0239141 0.00661694 0.0259442
3074 0.0128179 0.00498422 0.024814
3075 -0.0302124 0.00401682 0.0238299
3076 0.032051 0.00428122 -0.0217267
3077 -0.000497135 0.00800655 -0.00375157
3078 0.0151329 0.00778074 -0.0245531
3079 0.0015842 0.00659485 0.020531
3080 0.0148157 0.00677664 -0.0220689
3081 -0.0189822 0.0056959 0.0230038
3082 0.0107872 0.00901056 0.0255812
3083 -0.038675 0.00843169 7.92723e-05
3084 0.0309189 0.00807819 -0.011618
3085 0.00145718 0.00587442 0.0200326
3086 -0.0356608 0.00954295 0.0122297
3087 -0.0246416 0.00495941 -0.0240003
3088 0.034544 0.00361135 0.0237404
3089 3.57215e-06 0.00807819 -0.0154853
3090 -0.00158517 0.00658595 -0.00801548
3091 -0.0331479 0.00526372 0.0133395
3092 -0.00306567 0.00674412 0.022802
3093 -0.0193908 0.00607344 0.00334919
3094 -0.0296942 0.00638518 -0.00358735
3095 -0.00151861 0.00695743 0.0155414
3096 -0.0137216 0.00913527 0.00125174
3097 -0.00155 0.00683218 -0.0194812
3098 0.0102429 0.00493828 0.012133
3099 -0.0370791 0.00803166 0.0247531
3100 -0.0206401 0.00504533 0.0237446
3101 0.000156221 0.00492949 0.0295995
3102 -0.0164218 0.00571849 0.0229902
3103 0.00158517 0.00655402 0.0153973
3104 0.0346072 0.00771535 -0.0268691
3105 -0.0361943 0.00582311 0.0137992
3106 0.0338624 0.00552384 0.0136149
3107 -0.0272795 0.00683243 -0.0131756
3108 -0.0310203 0.00761138 -0.0127567
3109 -0.0308376 0.00606407 -0.00887051
3110 0.0072995 0.00353793 0.0245706
3111 -0.000911579 0.00520664 0.018155
3112 0.000818442 0.00786026 -0.0258493
3113 0.0295174 0.00791541 0.0283214
3114 0.000989947 0.00385647 0.0224886
3115 0.0207995 0.00691149 -0.0274675
3116 0.020424 0.00520251 -0.00955497
3117 -0.037675 0.00633713 0.0250879
3118 0.0166037 0.00763712 0.0219343
3119 0.00923611 0.00425176 -0.00972173
3120 0.0189762 0.00650031 -0.00884142
3121 -0.0270158 0.00440649 -0.00146176
3122 0.0295247 0.00759398 -0.0247714
3123 -0.00700057 0.006154 0.0228259
3124 0.0143851 0.00790601 0.0130896
3125 -0.0184749 0.0069194 -0.00858667
3126 0.0143759 0.00635406 -0.0146594
3127 0.012854 0.00555904 0.0110941
3128 0.0163119 0.00531156 0.0113297
3129 0.0164604 0.00790845 -0.0243443
3130 -0.0238722 0.00786026 -0.0228116
3131 -0.0352052 0.00919205 -0.0110831
3132 0.0189758 0.00648941 -0.021048
3133 0.0370921 0.00971039 0.0142609
3134 0.020993 0.00187775 0.00129428
3135 0.00944209 0.00561331 0.0136819
3136 0.0208608 0.00807819 -0.0114584
3137 -0.0177439 0.00925964 0.0243748
3138 0.00603768 0.00807819 0.0123764
3139 -0.0156861 0.00784314 0.025211
3140 0.038675 0.00568022 0.011392
3141 -0.00157253 0.00629786 -0.0152713
3142 -0.038675 0.00360406 0.0248089
3143 0.038675 0.00678526 0.0271039
3144 -0.0318657 0.00802201 0.0247969
3145 -0.00315031 0.00710237 0.0278652
3146 0.0123225 0.00616236 0.0259139
3147 -0.0145956 0.014 0.00661985
3148 -0.0316901 0.014 0.00682951
3149 -0.0222298 0.014 0.0075569
3150 -0.0338786 0.00607443 -0.0221007
3151 0.0163708 0.00714563 0.00307401
3152 -0.0154379 0.0106225 -0.0114193
3153 -0.0263379 0.00497099 -0.0232253
3154 -0.00053446 0.00799164 0.0300313
3155 -0.00397832 0.00617997 0.00662916
3156 -0.00537829 0.00784054 0.00970536
3157 0.00528527 0.00579831 -0.025052
3158 0.0335942 0.00920885 -0.0136974
3159 0.0313037 0.00624917 -0.0251881
3160 0.038675 0 0.0020593
3161 -0.0369627 0.00759951 -0.0095599
3162 -0.023817 0.00564105 0.00169437
3163 -0.0166542 0.00717985 -0.00105584
3164 -0.00131396 0.00739088 -0.020237
3165 -0.0207311 0.004841 -0.0136327
3166 0.0171539 0.0074105 -0.000927296
3167 0.0204494 0.00744016 0.0230979
3168 -0.0104848 0.00804621 -0.0233131
3169 -0.028948 0.00519674 -0.0125251
3170 -0.0199156 0.00321377 -0.000354378
3171 -0.00154171 0.00686984 0.0206004
3172 0.0210927 0.00527397 -0.0126306
3173 0.0358685 0.00801102 0.0128468
3174 -0.00386854 0.00453787 -0.0142666
3175 0.0244057 0.00493353 -0.0212977
3176 -0.0354828 0.0052362 0.0234093
3177 -0.0250657 0.00507567 0.0116761
3178 0.0221231 0.0080653 -0.0113998
3179 -0.0191184 0.00759352 0.0147205
3180 -0.0163939 0.00654776 0.0212908
3181 0.0311859 0.00523085 -0.000581826
3182 -0.0186382 0.00402256 0.00928833
3183 -0.00080044 0.014 -0.000239783
3184 -0.0216971 0.014 0.000338572
3185 -0.0197892 0.00781182 -0.0107478
3186 0.00570379 0.00750783 0.0135846
3187 0.0234627 0.00865334 -0.00991926
3188 -0.0311478 0.0075239 0.011169
3189 0.00722191 0.00610682 -0.0131666
3190 0.00462008 0.00346259 0.0130584
3191 -0.0116882 0.00498428 0.0128142
3192 -0.0193137 0.00788028 -0.000405163
3193 -0.00278479 0.00700833 -0.0268132
3194 -0.0203958 0.00389941 -0.016277
3195 -0.00301847 0.00722296 0.0229607
3196 -0.0104135 0.00866781 0.0138892
3197 -0.0180521 0.00895716 -0.0102814
3198 0.0136933 0.00782968 -0.000488674
3199 0.0126546 0.00632126 -0.0143788
3200 0.0349789 0.00769567 0.023335
3201 0.0281338 0.0074765 -0.0207271
3202 -0.000574408 0.00735773 0.03287
3203 0.0263028 0.00368653 0.0234436
3204 0.0194252 0.00493913 0.0241251
3205 -0.0370522 0.00881811 -0.0123137
3206 -0.0311442 0.00341878 0.0012031
3207 -0.0197005 0.00708304 0.013846
3208 0.0118213 0.0080044 -0.0121369
3209 -0.0346924 0.00960887 -0.0237276
3210 -0.0293669 0.00364346 0.0123714
3211 0.0334289 0.00648572 0.0107887
3212 0.0369873 0.00797698 0.0238038
3213 0.00922531 0.00793879 -0.0229813
3214 6.05523e-05 0.00491909 0.015577
3215 -0.00442998 0.00733251 -0.0213204
3216 0.00989367 0.00765252 0.0134617
3217 -0.0310851 0.00371216 0.0130612
3218 0.000565357 0.00502512 0.00614591
3219 -0.0289648 0.00906815 0.0251253
3220 0.0311178 0.00692413 -0.0251501
3221 0.0215254 0.00787063 -0.022834
3222 -0.00543961 0.00422376 0.0257026
3223 0.0241852 0.00526246 -0.0225659
3224 0.00302599 0.00932365 -0.000219925
3225 -0.0169293 0.00461575 0.0107084
3226 0.00342933 0.00645275 0.0107848
3227 0.0294719 0.00918272 1.3921e-05
3228 -0.0202127 0.00491711 0.0148804
3229 0.0256081 0.00631304 -0.0251986
3230 0.0319752 0.00452772 -0.0149381
3231 -0.0162704 0.00499737 -0.024113
3232 -0.0333975 0.00721105 -0.0130393
3233 0.0338211 0.00452327 0.0150793
3234 -0.0150771 0.00703485 0.00185939
3235 -0.000673961 0.00989586 0.0308378
3236 0.0277355 0.00587302 -0.013079
3237 -0.0144952 0.0038061 0.0111053
3238 0.00837267 0.00400987 0.012884
3239 -0.0183278 0.00807907 0.0245255
3240 -0.0312489 0.00640665 0.00195396
3241 0.0241241 0.00511016 0.0236188
3242 -0.020184 0.00511785 -0.000394006
3243 -0.035556 0.0069821 0.0138924
3244 0.0142712 0.00494099 0.012108
3245 0.0350685 0.00370412 -0.0124562
3246 0.000715192 0.00911372 0.00475715
3247 0.0270328 0.010703 -0.00383725
3248 -0.00487463 0.00793732 0.0237181
3249 0.00115216 0.00758136 -0.0291298
3250 -0.00315954 0.00654273 0.0139552
3251 0.0141589 0.00505339 -0.0109808
3252 0.0140946 0.00721925 -0.0102233
3253 -0.0166705 0.00311572 -0.0242799
3254 -0.0258806 0.00493316 0.01218
3255 -0.00256218 0.00379891 0.00870278
3256 0.010922 0.00676858 -0.00829721
3257 0.0314535 0.00702289 -0.0131227
3258 -0.0340144 0.00923651 0.0119823
3259 -0.0236493 0.00493445 0.000571831
3260 0.0114837 0.00411989 -0.00986167
3261 0.0336928 0.00541885 0.0255235
3262 0.0356065 0.00683872 -0.0251739
3263 -0.0320607 0.00792537 -0.0229523
3264 -0.0358179 0.00465027 -0.0140051
3265 -0.017491 0.0052362 -0.000590714
3266 0.0100528 0.00856657 -0.00765677
3267 0.037231 0.00595377 0.0108888
3268 0.00380291 0.0043425 0.0225083
3269 -0.011926 0.00990409 0.0263028
3270 -0.0205932 0.00759927 -0.012767
3271 -0.00323663 0.00657392 0.0107857
3272 0.0354156 0.00906519 0.0123552
3273 -0.038675 0.00410718 0.0102776
3274 0.00889658 0.00927982 0.024572
3275 -0.0340667 0.00774329 0.0113977
3276 -0.026742 0.00709928 -0.0270749
3277 -0.02186 0.00494349 8.50636e-05
3278 -0.0337965 0.00736491 -0.0223023
3279 0.0216716 0.00805932 0.000112623
3280 0.0303747 0.00762013 0.00982204
3281 0.00116877 0.00394936 -0.0170884
3282 -0.0130826 0.00491505 0.0123935
3283 0.013575 0.00807137 0.0125726
3284 -0.007541 0.00914775 0.0250172
3285 0.00574584 0.00493945 0.0121222
3286 -0.035672 0.00722971 -0.0010294
3287 -0.0116677 0.00578356 0.0164411
3288 -0.0312373 0.00807574 0.0121872
3289 -0.0141516 0.00311437 0.0231782
3290 -0.0121797 0.00940269 0.0128456
3291 -0.0123262 0.00370653 0.0130007
3292 -0.008695 0.00795671 0.01298
3293 0.00886339 0.0049125 0.02437
3294 0.0304586 0.00566573 -0.0249711
3295 0.022163 0.00613059 -0.00855071
3296 -0.0300974 0.00714736 -0.0130731
3297 0.0169262 0.00752363 0.00958131
3298 0.0310857 0.00405822 0.0156264
3299 0.024117 0.00407121 0.0274442
3300 0.0261686 0.00563137 -0.0249478
3301 -0.00925522 0.00641405 0.0259552
3302 -0.0056975 0.0072904 -0.014764
3303 0.0172979 0.00435612 0.0101509
3304 0.0283062 0.00946802 -0.0226585
3305 -0.00115682 0.00798446 0.0250107
3306 -0.0276435 0.00760992 0.0014979
3307 -0.00917504 0.00912531 -0.0124631
3308 0.00193928 0.00864493 -0.025977
3309 0.0284107 0.00494024 -0.0233749
3310 0.0139823 0.00334453 -0.0027303
3311 -0.0221741 0.00698743 0.022865
3312 0.0326099 0.00518101 -0.024499
3313 -0.0214912 0.00807232 0.0241717
3314 -0.0134746 0.00855636 0.0140226
3315 -0.023041 0.00496901 0.0247587
3316 -0.0309644 0.00664794 0.0259425
3317 -0.0173769 0.0080044 0.0238631
3318 0.00585051 0.00754559 0.0231874
3319 0.0183696 0.00494863 0.0247022
3320 0.0131503 0.00470263 -0.0202304
3321 0.0081891 0.00569784 0.0137373
3322 -0.0198457 0.00956736 -0.00502833
3323 -0.0141907 0.00581073 0.0137977
3324 -0.0221395 0.00814654 0.0147558
3325 -0.00613017 0.00725593 -0.0102377
3326 0.00158517 0.00655992 0.00905216
3327 -0.00792874 0.00528223 -0.00856706
3328 -0.0232974 0.00692817 0.00329096
3329 -0.0343532 0.00257879 -0.013604
3330 -0.0238866 0.00581705 0.0229433
3331 0.00153173 0.00688925 0.0306893
3332 0.0244303 0.00782045 -0.0125008
3333 0.0354097 0.0077036 0.015162
3334 -0.0360526 0.00784768 -0.010795
3335 -0.0143632 0.00492109 0.024291
3336 0.0216228 0.00372857 -0.00174018
3337 -0.0294005 0.00773205 0.0113829
3338 -0.010238 0.00521044 0.0012879
3339 0.0163818 0.00694452 -0.0251449
3340 0.00563439 0.0080044 -0.0241369
3341 0.0209601 0.00957825 -0.0105302
3342 -0.0169784 0.00912331 -0.0223049
3343 0.019795 0.00548543 0.0272715
3344 -0.0373138 0.00805577 0.00339694
3345 -0.0279021 0.00699588 0.0138702
3346 6.2558e-06 0.00807819 -0.0307991
3347 0.015915 0.00394875 0.0131699
3348 -0.000947236 0.00407687 -0.020371
3349 -0.0368074 0.00696531 0.0258787
3350 0.0349725 0.00501234 0.0238426
3351 -0.00624792 0.00747904 -0.0248691
3352 -0.00141576 0.00432309 0.0192138
3353 0.0292318 0.0075723 -0.000789858
3354 -0.023568 0.00758404 0.0232201
3355 0.0015009 0.00354977 -0.0292236
3356 -0.00488113 0.00510998 -0.0123809
3357 0.00156939 0.00422573 0.00830554
3358 0.0117712 0.00819554 0.0158897
3359 0.0120673 0.00807819 -0.0234584
3360 -0.00847346 0.00559426 -0.00224443
3361 -0.0117663 0.00577352 0.00177538
3362 0.0214716 0.00493127 -0.0238026
3363 0.00116815 0.00756254 0.00906138
3364 -0.00919671 0.00497369 0.0127827
3365 0.0371614 0.0065656 0.0107974
3366 0.0222677 0.00795341 -0.0110129
3367 0.00156249 0.00677545 0.0272979
3368 -0.0336482 0.0080532 -0.0239152
3369 0.0300668 0.00880009 0.0231066
3370 -0.012048 0.00494115 0.0121066
3371 0.00945438 0.00861053 -0.01575
3372 -0.0320159 0.009362 -0.000726577
3373 0.0217763 0.00521011 -0.0245473
3374 -0.00502898 0.00700975 0.00186906
3375 -0.0258671 0.00539177 0.0254949
3376 -0.00422765 0.00656337 -0.0100448
3377 0.033983 0.00726226 0.0216049
3378 -0.0143703 0.00367527 -0.0248783
3379 0.00969537 0.00616425 -0.0147429
3380 0.0323638 0.00585006 0.0208417
3381 0.0200847 0.00798898 -0.0121702
3382 0.0258253 0.0101201 0.0105103
3383 -0.00909818 0.00351203 0.0261127
3384 0.0353828 0.0080044 -0.000136891
3385 0.0149208 0.00602008 0.0108624
3386 0.00671621 0.0037482 -0.000295987
3387 -0.0302201 0.00735601 0.0257024
3388 -0.0124204 0.00802613 0.0127782
3389 0.0312414 0.00928783 0.0128895
3390 0.0370551 0.0087974 -0.0219175
3391 -0.0274315 0.00900788 0.0106012
3392 -0.0103224 0.00808227 0.0122735
3393 0.00599254 0.00791204 0.00107652
3394 0.0366534 0.00921635 -0.0257414
3395 0.00319137 0.00602225 -0.0131409
3396 -0.0256666 0.00702794 0.0138613
3397 -0.0154594 0.0079312 0.00103511
3398 0.0257082 0.00771261 0.0133827
3399 0.00824927 0.0066493 -0.0132048
3400 0.00135083 0.00567041 -0.0188127
3401 0.0212133 0.00799616 0.0152114
3402 -0.00547331 0.00364403 -0.000478568
3403 0.0343965 0.00495827 0.012003
3404 0.038675 0.00791085 0.00093892
3405 0.0123388 0.00605662 0.0108478
3406 0.0212647 0.00963042 -0.0247738
3407 0.00235185 0.00780833 0.00976781
3408 0.0292462 0.00788959 0.00112505
3409 -0.0107619 0.0052362 0.0253307
3410 -0.0208217 0.0068195 -0.0144331
3411 0.0344645 0.00776021 0.00970107
3412 -0.0306512 0.00713016 0.00999238
3413 0.0127155 0.0052362 0.0234093
3414 0.0028765 0.00337691 -0.03287
3415 0.00208791 0.00900642 -0.0281749
3416 0.0190914 0.00920067 -0.0125862
3417 0.038675 0.00793776 0.0251375
3418 0.0125549 0.00802532 -4.18656e-05
3419 -0.0261762 0.00791615 -0.000327647
3420 0.0339152 0.00501291 0.00364268
3421 0.0245286 0.0036892 -0.0239994
3422 -0.0155445 0.00808328 -0.0237077
3423 -0.0155278 0.00346121 -0.000807099
3424 -0.0266897 0.00767822 0.0233121
3425 -0.0280145 0.00569665 -0.0102679
3426 0.0137211 0.00513927 0.0115704
3427 -0.00309752 0.00651955 0.0259552
3428 -0.0233186 0.00443708 -0.0222252
3429 0.0224286 0.00434174 -0.0259067
3430 -0.0228633 0.0052088 -0.0107148
3431 0.0313596 0.00710937 0.0229154
3432 0.0371534 0.00920638 0.0117546
3433 -0.0319626 0.00857494 0.0269793
3434 -0.0210477 0.00807227 -0.0118286
3435 0.0228967 0.00550676 0.00160332
3436 -0.0135257 0.00764652 0.00146682
3437 0.00342233 0.00683685 0.013918
3438 0.030145 0.0073278 0.0257174
3439 0.00110319 0.00537116 -0.00663931
3440 -0.00060813 0.00503953 0.0277232
3441 -0.022619 0.0086355 0.026583
3442 -0.0289561 0.00353225 0.0220601
3443 0.0141508 0.00573057 0.0265185
3444 -0.0191766 0.00773867 0.00134839
3445 -0.0315257 0.00692099 0.010849
3446 -0.0312283 0.00422147 -0.00915677
3447 0.0225047 0.00964969 0.013135
3448 0.00936781 0.00554398 -0.0128944
3449 0.0306343 0.00774394 0.0253415
3450 -0.000532616 0.0079925 0.00400548
3451 -0.029024 0.0070593 0.00185261
3452 0.0319245 0.00537818 0.0112594
3453 -0.00136504 0.00569401 0.0186405
3454 -0.00493176 0.00558439 0.0148011
3455 -0.0346816 0.0079808 0.0249279
3456 -0.0305081 0.00576141 0.0137749
3457 0.0174059 0.00789277 -0.0228931
3458 0.0250591 0.00807819 0.0244531
3459 -0.00288766 0.00524821 0.0175777
3460 0.00115234 0.00875453 -0.0188704
3461 0.00660555 0.00592829 0.0108927
3462 0.00632777 0.00807819 0.0244057
3463 0.0283064 0.00754908 0.0231904
3464 -0.0209169 0.00778198 -0.0260691
3465 0.00118992 0.00753691 0.00491952
3466 -0.0129054 0.00710987 0.0138344
3467 0.0089697 0.00603327 -0.0251429
3468 0.0135737 0.0057564 -0.0250326
3469 -0.0111124 0.00806509 0.0241388
3470 0.000586415 0.00429354 0.0131616
3471 0.0309583 0.00703382 -0.0101399
3472 0.0365161 0.00519483 0.0132619
3473 0.00719332 0.00529805 0.00371111
3474 0.00703456 0.00807819 -0.0118016
3475 -0.0082556 0.00950847 0.0101865
3476 -0.0323181 0.00414947 0.0234146
3477 0.0271353 0.00519367 -0.0227101
3478 0.00522499 0.00525306 -0.000608512
3479 0.0263022 0.00923528 0.0243776
3480 -0.00422872 0.00511282 0.0236143
3481 -0.00180273 0.00836976 0.00390674
3482 -0.00920726 0.00616252 0.0218579
3483 -0.0343393 0.00719732 0.0229534
3484 -0.0188758 0.00675219 -0.0220632
3485 0.0230503 0.00370335 -0.0122745
3486 0.0112647 0.00641405 -0.0252152
3487 0.0196064 0.00650011 -0.0132152
3488 0.0374625 0.00644641 -0.00889369
3489 -0.0103807 0.00653526 0.0227808
3490 -0.0309877 0.00795532 0.023757
3491 -0.0258335 0.00794386 -0.0109923
3492 0.00961118 0.00487901 -0.0206233
3493 -0.0325695 0.00566908 0.00171337
3494 0.0200652 0.00510914 0.00111954
3495 0.0359878 0.00754682 0.0231885
3496 -0.0283836 0.00913489 -0.0128826
3497 0.00280353 0.00641857 0.0286806
3498 0.0331132 0.00590606 0.0258322
3499 -0.0173183 0.0051304 0.0115851
3500 -0.00252955 0.00389458 0.0256754
3501 -0.00268425 0.00704388 0.0194138
3502 0.0201879 0.00395897 0.0221072
3503 -0.0364297 0.00521928 0.0114374
3504 -0.017221 0.00808607 0.000343546
3505 0.020789 0.00492253 0.0122778
3506 0.0258283 0.00960821 0.0140244
3507 0.00292593 0.00713222 0.0229159
3508 -0.038675 0.00579867 0.00250197
3509 -0.0346232 0.00808653 0.0123521
3510 -0.008582 0.00373152 -0.0239017
3511 -0.00075801 0.00511424 -0.0277855
3512 0.0116402 0.00657933 -0.0132107
3513 -0.00058251 0.00364338 -0.00760568
3514 0.0297862 0.00605098 0.0228501
3515 0.00326737 0.00685902 -0.0100868
3516 -0.0172711 0.00899122 -0.013239
3517 -0.00129079 0.00557865 0.0156841
3518 0.026787 0.00528938 -0.0106131
3519 0.0248004 0.00807819 0.012441
3520 -0.00175789 0.0093969 0.00640129
3521 0.0029519 0.00598862 0.0258689
3522 -0.00750122 0.00280202 7.04593e-05
3523 -0.0191806 0.0077604 0.0234259
3524 0.001548 0.00682376 -0.0301909
3525 0.0177539 0.00590807 0.0109055
3526 0.000591569 0.00503395 0.0169449
3527 -0.0170667 0.00916293 0.013387
3528 -0.017945 0.0049155 0.0243424
3529 0.00302403 0.00691776 -0.0251612
3530 -0.0209859 0.00395253 -0.011023
3531 -0.025447 0.00763409 0.0134774
3532 0.00244082 0.00937895 -0.0116826
3533 0.0178448 0.00503629 -0.0110315
3534 0.0223894 0.00499642 -0.0111498
3535 0.0180731 0.00407249 0.00387383
3536 -0.0218158 0.00499731 -0.0231472
3537 -0.0290567 0.00762338 -0.0225135
3538 -0.0169062 0.0049125 -0.02363
3539 0.0371923 0.00389949 0.0126737
3540 -0.0138357 0.00785242 0.0115412
3541 0.0206223 0.00528594 0.0233568
3542 -0.00157411 0.00668769 0.00358913
3543 0.00709781 0.0079976 0.0128916
3544 -0.00124719 0.00552128 -0.0151455
3545 0.0324596 0.00630709 0.0270056
3546 -0.0212862 0.0076582 0.0134543
3547 0.00147443 0.00591171 0.0181625
3548 -0.00020277 0.00927118 -0.0296069
3549 -0.00851746 0.00711743 -0.00108893
3550 -0.0271657 0.00493225 0.000551574
3551 -0.037323 0.00921004 -0.010335
3552 -0.017831 0.00599941 0.015193
3553 -0.038675 0.00533586 -0.000481594
3554 -0.00864695 0.00886437 -0.00968546
3555 0.0216923 0.00804209 -0.0232943
3556 -0.015946 0.00759821 -0.00213178
3557 -0.0361114 0.0079476 -0.000259663
3558 0.0358059 0.00517694 -0.0227678
3559 0.0167541 0.00608071 0.0273756
3560 -0.032306 0.00492205 0.0244579
3561 0.0205529 0.00504776 0.0237513
3562 -0.0237385 0.00806428 -0.0233951
3563 0.0054031 0.00516643 -0.0227608
3564 -0.0268474 0.00493677 0.0125932
3565 -0.00395712 0.009372 0.00980685
3566 0.0357873 0.00807819 0.000431818
3567 -0.0314195 0.00542098 -0.0247858
3568 -0.000341266 0.00494961 -0.0300097
3569 0.00531945 0.00593487 -0.010151
3570 -0.0364377 0.00661304 -0.0252044
3571 -0.0258434 0.00518959 -0.0107468
3572 0.00513101 0.00732048 -0.0249841
3573 0.0223588 0.00929444 -0.0114995
3574 0.0219648 0.00491593 -0.0116615
3575 -0.000960714 0.0052362 0.00927199
3576 -0.0234842 0.00557359 -0.0103506
3577 -0.00175482 0.00974214 -0.00351708
3578 -0.0059064 0.00543136 -0.000796744
3579 -0.0362699 0.00520173 -0.000533416
3580 -0.0197575 0.00537249 0.0232654
3581 0.00229557 0.00363495 -0.0234974
3582 -0.0143286 0.0040936 -0.0125832
3583 -0.0179296 0.00735457 0.00276035
3584 -0.035634 0.00492012 0.000440064
3585 0.020813 0.00395296 -0.01171
3586 0.0180665 0.00937787 -0.0233713
3587 0.0204356 0.0094822 -7.53883e-05
3588 -0.0320628 0.00665191 -0.0210202
3589 -0.0288553 0.00808601 0.000342492
3590 0.0278257 0.00742271 0.00297646
3591 -0.030435 0.00788782 0.00112887
3592 0.0283865 0.00582737 0.0151946
3593 0.0221052 0.00807819 -0.0237796
3594 -0.0169775 0.00776268 -0.0226832
3595 -0.0121485 0.00739831 -0.00886324
3596 -0.0359307 0.00498115 -6.48672e-05
3597 0.0027028 0.00558789 -0.0129286
3598 -0.00852491 0.00702812 0.00425741
3599 -0.000689869 0.00791974 -0.0304595
3600 0.01332 0.00914399 -0.0124616
3601 -0.0239717 0.00493753 -0.0113999
3602 -0.000215554 0.00894401 0.0145291
3603 0.0344372 0.00807819 -0.0237114
3604 0.0207356 0.00436485 0.013775
3605 0.0135235 0.00807819 0.0242676
3606 0.030001 0.00447145 -0.0216431
3607 0.0128952 0.006323 0.00194527
3608 -0.0244555 0.0049382 0.0241337
3609 0.00835871 0.00642274 0.0227848
3610 0.0255 0.00843465 0.0259785
3611 -0.0160718 0.00532693 -0.0246865
3612 -0.0118941 0.00557002 -0.0204423
3613 -0.0284355 0.00548429 0.0231519
3614 -0.0098422 0.00689677 0.0259045
3615 0.0255429 0.0100618 -0.0229918
3616 -0.0130067 0.00523659 0.0224201
3617 0.0340142 0.00560866 0.00727097
3618 0.00996211 0.00519279 0.0132586
3619 0.00363588 0.00381917 -0.00172889
3620 -0.0153059 0.00538791 0.0254909
3621 -0.0101715 0.0073108 -0.0102731
3622 0.0159526 0.0074324 -0.0249087
3623 0.0135024 0.00806238 0.0121265
3624 0.0176938 0.00494961 0.0127113
3625 -0.0126006 0.0070875 0.0108952
3626 -0.00200327 0.00275686 0.00310508
3627 -0.00388186 0.00587188 0.013826
3628 0.0354597 0.00412222 -0.0098269
3629 0.0313855 0.0052728 0.0133693
3630 0.00959876 0.00614249 -0.0026083
3631 0.0234159 0.00512672 0.0115913
3632 -0.0303556 0.00500073 0.023877
3633 -0.038675 0.00873965 0.0249837
3634 0.0363001 0.00706957 0.0138307
3635 0.0155765 0.00908576 -0.0093702
3636 -0.0330426 0.00778807 -0.0227166
3637 0.0340807 0.00693253 0.0270057
3638 -0.00741363 0.00608762 -0.0131617
3639 -0.0313532 0.00622867 0.0139248
3640 0.0287696 0.00294336 0.0234083
3641 -3.91888e-05 0.00807819 0.020023
3642 -0.016488 0.00493657 0.0121487
3643 -0.00475028 0.00286216 -0.022585
3644 -0.0245439 0.00659093 0.00194558
3645 0.0128956 0.00494155 -0.0233629
3646 -0.0276064 0.00605357 0.0228477
3647 -0.029891 0.00493545 0.012159
3648 -0.0362583 0.00606892 -0.0251575
3649 -0.0119183 0.00687347 0.00191091
3650 0.00281183 0.00699847 0.0108659
3651 -0.00402859 0.00747939 -0.0128688
3652 -0.0342906 0.0062788 -0.010067
3653 0.0268591 0.00406458 -0.011947
3654 -0.0262743 0.00769564 0.0113311
3655 -0.0265483 0.00657079 -0.0252067
3656 0.0239737 0.00499662 0.00975846
3657 0.0158303 0.00520888 -0.0227147
3658 0.0256524 0.007146 0.0229232
3659 0.00860905 0.00802299 0.0119476
3660 0.0217009 0.00703229 -0.0131201
3661 -0.00152176 0.00605192 0.0304106
3662 -0.0124789 0.00760867 -0.00075897
3663 0.036407 0.00572557 0.0257517
3664 -0.00942662 0.00635575 0.0107912
3665 0.00281851 0.00531782 -0.0257685
3666 0.0232855 0.00439048 0.0260034
3667 -0.0201785 0.00559367 -0.0223366
3668 -0.0168434 0.00547227 -0.0224201
3669 -0.00487552 0.00965046 -0.0247005
3670 -0.031079 0.00531557 -0.0105855
3671 -0.0104249 0.00492645 -0.0117583
3672 -0.0370494 0.00908175 -0.0240856
3673 0.0155916 0.00492951 -0.0237864
3674 -0.015817 0.00683257 -0.0100801
3675 0.0183861 0.00877475 -0.0252075
3676 0.0154734 0.0049833 -0.0231888
3677 -0.0284395 0.0064364 0.0139552
3678 -0.00519336 0.00758576 0.0232216
3679 0.00186861 0.00902842 -0.0244037
3680 -0.025798 0.00701833 0.0151754
3681 0.0232354 0.00493993 0.0241178
3682 -0.03615 0.00714139 -0.0250762
3683 0.0217702 0.00873455 -0.00132903
3684 0.033781 0.0058154 0.0109439
3685 -0.037051 0.0080983 0.0141318
3686 -0.0298522 0.00597606 0.0228799
3687 0.0240064 0.00706322 -0.0251115
3688 -0.000544649 0.00344326 -0.0141325
3689 0.0337688 0.00732773 -0.0154716
3690 -0.00660569 0.00576634 0.0257772
3691 0.0229344 0.00931847 0.024534
3692 0.0067032 0.00376331 0.00116011
3693 -0.00104783 0.00768589 0.00387546
3694 0.0288374 0.00502143 -0.0121844
3695 0.0335385 0.00764566 -0.0225325
3696 -0.0147138 0.00542758 0.0027644
3697 -0.000365315 0.00495772 0.0174345
3698 -0.030454 0.00576319 -0.0102243
3699 0.0358571 0.00792995 -0.0109622
3700 -0.0324893 0.00504697 -0.0109998
3701 -0.00504367 0.00805706 0.0126377
3702 0.0304588 0.0052362 0.0253307
3703 0.0240191 0.00339025 0.0225776
3704 0.00717045 0.0080232 0.0239485
3705 -0.00731809 0.00801786 -0.0231842
3706 -0.00967482 0.00695382 0.0108511
3707 0.0175295 0.00458138 -0.0223985
3708 -0.0178191 0.00603016 0.0138817
3709 -0.00153506 0.00609995 0.0214304
3710 0.0174843 0.00751646 -0.0128373
3711 0.0198101 0.0061667 -0.0100854
3712 0.00816008 0.00598756 -0.0101299
3713 -0.0362711 0.00807927 -0.0234782
3714 -0.0179427 0.00501974 -0.0110806
3715 0.0142559 0.005914 -0.0130984
3716 0.0333611 0.00705737 0.0138537
3717 0.0324137 0.00762906 0.0112583
3718 0.00519721 0.00740079 -0.000932569
3719 0.027555 0.00675683 -0.00119659
3720 0.0364972 0.0074609 0.0136245
3721 -0.00328465 0.00661024 -0.00121253
3722 -0.0327468 0.00690718 -0.00115484
3723 0.0340497 0.00925268 0.0115574
3724 0.0187801 0.00584167 -0.0101934
3725 -0.0171442 0.00492205 0.00045778
3726 -0.0335561 0.00566404 0.00998791
3727 -0.0023062 0.00797038 -0.0258347
3728 0.0116508 0.00571329 0.00174664
3729 0.0343421 0.00787684 0.0251526
3730 0.0234577 0.00583512 -0.0130668
3731 -0.0044418 0.00779264 -0.0107226
3732 0.0089155 0.00493348 0.0121771
3733 0.0309837 0.00670923 -0.00908126
3734 0.0307188 0.00563304 0.00168893
3735 0.00805501 0.004586 -0.025452
3736 -0.0356625 0.00500052 -0.0121223
3737 -0.0133281 0.00565553 0.0110285
3738 0.00255391 0.00809737 -0.0234431
3739 -0.00378871 0.00803439 0.0119994
3740 -0.0362268 0.00716381 -0.0130643
3741 -0.0352065 0.00863456 0.0098319
3742 -0.00172331 0.00441243 -0.0287772
3743 -0.0214507 0.00838364 -0.0132844
3744 0.0335441 0.00585709 -0.0130727
3745 0.0204818 0.00779512 -0.0245341
3746 -0.0196442 0.00606041 -0.00114779
3747 0.011174 0.00816204 -0.00167359
3748 -0.0015832 0.006402 -0.0306323
3749 -0.0207392 0.00792956 -0.0122987
3750 0.0333002 0.00494807 0.012043
3751 0.00194541 0.00882239 0.0198051
3752 -0.00316865 0.00412875 0.0231398
3753 -0.0133248 0.00494579 -0.0233239
3754 -0.0156274 0.00585142 0.0258165
3755 -0.0172756 0.00545351 0.00156012
3756 0.0331854 0.00651629 0.0259496
3757 0.00158517 0.00642375 -0.0199295
3758 -0.0272879 0.00666613 0.0227981
3759 0.0183894 0.00499405 -0.0241106
3760 0.0276644 0.0061026 -0.00804742
3761 0.0301521 0.00494068 0.0246291
3762 -0.022623 0.00759603 -0.00250781
3763 -0.0159212 0.00738387 0.0110593
3764 -0.00102812 0.00770087 -0.0214889
3765 0.00986384 0.00713697 0.0138186
3766 -0.0357802 0.00718032 0.0257956
3767 0.0114455 0.00899872 0.000330506
3768 0.0177456 0.00758622 -0.010482
3769 0.02037 0.00736238 -0.0102989
3770 -0.0243805 0.0076587 0.00145359
3771 -0.0236822 0.00805822 -0.0118924
3772 -0.0358271 0.00505922 -0.0109634
3773 -0.018815 0.00632974 0.010794
3774 0.0350569 0.00873143 -0.00119368
3775 0.0012467 0.00747006 -0.0194722
3776 -0.0362536 0.00802908 -0.0120248
3777 0.0319373 0.00564454 -0.0223033
3778 -0.0346601 0.00483865 -0.00970784
3779 -0.0201138 0.00781607 -0.0227534
3780 0.0144499 0.00620385 -0.0251856
3781 0.0226256 0.00746164 -0.00891762
3782 -0.0318145 0.00494142 0.000635899
3783 -0.00518056 0.00498444 0.0248146
3784 0.000580168 0.00503011 0.0205821
3785 0.00233863 0.00727471 0.0147407
3786 -0.00389442 0.00583479 0.0258269
3787 -0.00904152 0.00526627 0.0133625
3788 0.028098 0.00806615 -0.0234037
3789 -0.029365 0.00802283 -0.0232068
3790 -0.0280445 0.00404655 -0.0238622
3791 0.031321 0.00512199 -0.00947961
3792 0.0362714 0.0053553 0.0254564
3793 0.000617052 0.00504254 -0.00563132
3794 0.0182288 0.00650779 0.0259501
3795 0.00731036 0.00514213 0.0115656
3796 0.0236442 0.00505922 -0.0122966
3797 -0.00881509 0.00582496 0.0138043
3798 0.0338519 0.00807819 -0.0116016
3799 -0.00868962 0.00510167 -0.0139134
3800 0.00150161 0.00599211 0.0148446
3801 -0.0197701 0.00367356 -0.0124048
3802 0.0348103 0.00293156 -0.00171156
3803 -0.0197627 0.00449436 -0.0263062
3804 0.0298931 0.00501561 -0.00168823
3805 0.00199719 0.00824615 -0.00458866
3806 0.0306465 0.00836568 -0.00242335
3807 -0.0238752 0.00720497 -0.0130425
3808 7.01937e-05 0.00492013 0.0129724
3809 0.0179342 0.00507756 0.0236729
3810 -0.0204621 0.00502961 0.0117913
3811 0.0110104 0.00802494 0.0127836
3812 -0.0212594 0.00492826 -0.0237749
3813 0.0308209 0.00618047 0.0217669
3814 0.0310255 0.00615766 0.0139131
3815 -0.0266846 0.00702145 -0.0101369
3816 -0.0171415 0.00796104 0.0129706
3817 -0.0281961 0.00494682 -0.0119456
3818 -0.0144158 0.0049236 0.000267903
3819 0.0266612 0.00589665 -0.0221715
3820 -0.0280983 0.00509646 0.00109846
3821 0.0288321 0.005191 0.0132556
3822 -0.0182844 0.00492209 -0.0117182
3823 0.00235983 0.00688854 0.00864825
3824 0.0359507 0.00741005 -0.000927679
3825 0.00441242 0.00751406 0.0111607
3826 0.0107211 0.00555758 0.0147457
3827 0.00807267 0.00365659 -0.0231105
3828 -0.0213047 0.00596601 0.0258561
3829 0.0227929 0.00772889 0.0253613
3830 0.0164561 0.00452283 -0.0223514
3831 -0.0176451 0.00783515 -0.012465
3832 -0.0292988 0.00821348 0.015064
3833 0.0280932 0.00645969 -0.0132152
3834 -0.0284926 0.00668874 -0.0132013
3835 0.00501118 0.00491565 -0.011659
3836 0.0266768 0.00601629 0.0217116
3837 0.00762183 0.00778063 -0.0125532
3838 -0.015631 0.00508694 -0.0229022
3839 -0.0310307 0.00610619 -0.0220936
3840 0.0197755 0.00675529 -0.00271737
3841 -0.00148755 0.0070496 -0.0264475
3842 0.00992312 0.00536898 0.0232691
3843 0.0036045 0.00518125 -0.00460491
3844 0.0268218 0.00662503 0.0259437
3845 -0.0139808 0.00554977 -0.0103612
3846 -0.00346506 0.00755011 -0.00243767
3847 -0.0140505 0.00717538 -0.00105821
3848 0.0013867 0.00857969 0.0305024
3849 -0.00606171 0.00796081 0.0129711
3850 -0.00271152 0.00538172 0.00837577
3851 -0.00189918 0.00455495 -0.00342666
3852 -0.0250706 0.00498808 -0.0120854
3853 0.0363436 0.00635594 0.0139456
3854 0.0165309 0.00580618 0.0137924
3855 -0.0237091 0.0074935 -0.0104032
3856 -0.0245242 0.008164 -0.0142822
3857 -0.0176183 0.00626455 -0.0251928
3858 -0.00210238 0.00457864 -0.0018418
3859 -0.0130011 0.00391506 -0.0227758
3860 0.0177501 0.00567872 0.0137258
3861 -0.00156406 0.00623169 -0.0168806
3862 0.0337346 0.00536563 -0.0127273
3863 -0.00147452 0.005924 -0.0265458
3864 -0.000154415 0.008911 -0.012219
3865 0.0168224 0.00626827 0.00193407
3866 0.0268053 0.00762604 -0.0105158
3867 -0.0272303 0.00746845 -0.00208046
3868 0.0066547 0.00404843 -0.025574
3869 -0.0233964 0.00423405 0.0112563
3870 0.013865 0.00887443 -0.00016024
3871 -0.00637273 0.00689815 -0.0251629
3872 0.038675 0.00333862 0.01116
3873 -0.0246408 0.00649891 0.0227868
3874 -0.0307301 0.00696712 0.0148302
3875 0.00851094 0.00538904 -0.0225079
3876 0.0243711 0.00537078 -0.0127328
3877 -0.00158517 0.00646043 -0.0270903
3878 0.00486937 0.00771026 -0.0226142
3879 0.00043374 0.0080205 -0.00639993
3880 -0.0237101 0.00900643 -0.0124459
3881 0.0362926 0.00360726 0.00126774
3882 0.025689 0.00400245 -0.00185282
3883 0.00192207 0.00826159 0.00221957
3884 -0.00730363 0.00717267 -0.0221946
3885 0.0264655 0.00687044 0.00190504
3886 -0.0331571 0.00412345 -0.000689627
3887 0.0263338 0.00807332 -0.0118238
3888 0.0312714 0.00496544 0.0127582
3889 0.00140596 0.00723628 -0.00475648
3890 -0.00586592 0.00700485 0.0228674
3891 0.0328565 0.00796275 0.0129669
3892 0.0181113 0.00523654 -0.000557685
3893 0.0301479 0.0038789 -0.0120289
3894 0.0275375 0.00713103 -0.0101783
3895 0.0274793 0.00539474 -0.0127581
3896 0.0283308 0.00494339 0.012086
3897 0.0343623 0.00493159 0.0125456
3898 -0.00191626 0.00843585 -0.0275938
3899 0.0260261 0.00492791 0.0242283
3900 0.0120123 0.00781452 -0.000508617
3901 0.0274956 0.00739212 0.00168291
3902 -0.012794 0.00834211 0.0263965
3903 -0.029047 0.00467395 -0.0253087
3904 -0.0317867 0.0062428 0.0217522
3905 0.0276309 0.00491629 0.000404885
3906 0.0201277 0.00770571 0.0253917
3907 -0.0133731 0.00641947 -0.0132149
3908 0.0223211 0.00750685 0.0135855
3909 0.000518911 0.00799884 -0.0290304
3910 0.0362114 0.0079497 0.000995113
3911 0.00293456 0.00452733 -0.0077961
3912 0.0308622 0.00807819 -0.0234843
3913 0.0364079 0.00580761 0.013793
3914 0.00138145 0.0057213 -0.0156817
3915 0.0165301 0.00689746 0.00189775
3916 0.0280313 0.00673643 0.0108023
3917 0.00137062 0.0072967 -0.00777982
3918 -0.0167772 0.0077197 0.0253733
3919 -0.000961777 0.00523721 -0.0307667
3920 -0.00145795 0.00712391 -0.00683691
3921 0.0313198 0.00505783 -0.0122924
3922 -0.010876 0.00735646 -0.0222978
3923 0.00588542 0.00503488 -0.000224331
3924 -0.0172127 0.00602303 -0.0221212
3925 0.0118181 0.00530611 0.00140451
3926 -0.01151 0.00580338 0.0137943
3927 0.0046523 0.00562264 0.00169209
3928 -0.0120313 0.00781393 0.0234906
3929 -0.0163051 0.00771511 -0.0088591
3930 -0.0149594 0.00801423 0.0128322
3931 -0.00128763 0.00917677 -0.0189345
3932 0.0179699 0.00783292 -0.0244844
3933 0.0263289 0.0092957 -0.010423
3934 0.00753226 0.00511312 0.0103248
3935 0.0250669 0.00975501 -0.0118001
3936 -0.0162192 0.00799059 -0.0231279
3937 -0.0278362 0.00728622 0.0257394
3938 0.0129126 0.00701121 0.00187049
3939 -0.0158224 0.00712027 0.0267188
3940 -0.0240631 0.00722914 -0.0250297
3941 0.0132069 0.00709842 -0.00895245
3942 -0.00106905 0.00533883 0.0148049
3943 -0.0358373 0.00543534 -0.0104591
3944 0.028225 0.00539629 0.0112403
3945 -0.0280033 0.00808661 0.0123864
3946 1.38258e-05 0.00807819 -0.0180011
3947 -0.0207931 0.00679591 0.00192798
3948 0.0137836 0.00909752 0.0244416
3949 0.0331899 0.004556 0.0108088
3950 0.00937161 0.00423954 0.00167552
3951 0.0110363 0.004977 -0.0112074
3952 0.0147342 0.00610054 0.0139038
3953 -0.037324 0.00657885 -0.00851171
3954 0.00101143 0.00907201 -0.00248059
3955 -0.0110109 0.00394976 0.0119495
3956 -0.0298852 0.00665441 0.0227979
3957 0.00301264 0.00680632 0.0259249
3958 -0.0144259 0.00754771 -0.0224493
3959 0.0299789 0.00585338 -0.0130712
3960 -0.00806698 0.00807528 -0.0238149
3961 -0.0365321 0.0080353 0.0240035
3962 -0.0194275 0.00654205 -0.0132082
3963 0.00470206 0.00932698 0.000738226
3964 -0.0336532 0.00796371 -0.0212185
3965 -0.038675 0.00813837 0.0136407
3966 -0.00366344 0.00788429 -0.0243965
3967 -0.00539456 0.00701443 -0.0131294
3968 0.0301698 0.00718195 0.0137947
3969 -0.0012814 0.00955316 0.000209977
3970 0.0183702 0.00613766 -0.00117336
3971 0.033166 0.00491825 -0.0115771
3972 -0.0115242 0.00777695 -0.022702
3973 0.0124825 0.00533301 -0.0257013
3974 0.0182692 0.00803249 0.00243472
3975 -0.0188933 0.00682468 -0.0100783
3976 -0.0128233 0.00381015 -0.0113128
3977 0.00772536 0.00794367 -0.0020409
3978 -0.017031 0.00400707 -0.0106929
3979 -0.0364086 0.00777974 0.023498
3980 -0.00988365 0.00505922 -0.0229634
3981 -0.0333129 0.00807639 -0.013955
3982 0.0267409 0.00927589 0.000490138
3983 0.00362587 0.00756173 0.00429739
3984 0.0225907 0.00512295 -0.000402481
3985 0.0329965 0.0066687 -0.00302558
3986 -0.0150077 0.00620991 -0.010074
3987 0.0177152 0.00457857 -0.00127778
3988 0.0151864 0.00745901 -0.00088609
3989 0.0010334 0.00769685 -0.00811691
3990 -0.00497688 0.00808224 -0.023533
3991 -0.0345742 0.00430787 0.00202529
3992 -0.0205877 0.0075032 -0.0104114
3993 -0.00793858 0.00494143 0.024636
3994 -0.025024 0.00361593 -0.012734
3995 -0.00413373 0.00619222 0.00304616
3996 0.0362 0.00654643 -0.0131995
3997 0.0283196 0.00641405 -0.0100448
3998 0.0329606 0.00791237 0.00107581
3999 0.013847 0.0060753 -0.00115964
4000 -0.0186472 0.00537175 -0.0139639
4001 0.0176379 0.00425314 0.0145317
4002 -0.00878928 0.00570758 0.0109968
4003 0.000978365 0.00773869 -0.00530413
4004 0.0172458 0.00630644 -0.0251975
4005 0.0246823 0.00801008 -0.0241008
4006 0.0169587 0.00686411 0.0139068
4007 0.0368217 0.00519955 0.0114702
4008 0.0226091 0.00786026 -0.000448442
4009 0.0317459 0.00424696 -0.013225
4010 -0.00914952 0.00675683 -0.0251966
4011 -0.0116291 0.00806067 -0.0238813
4012 0.0269587 0.00807819 0.00039641
4013 0.0272662 0.00548172 0.0231529
4014 -0.00266807 0.00595875 -0.0027054
4015 -0.012907 0.00718752 -0.0130521
4016 -0.0155384 0.00710532 -0.0142289
4017 -0.00239523 0.00493094 0.0221598
4018 0.024269 0.00581883 -0.0269189
4019 0.00420749 0.00789853 -0.000365727
4020 -0.00157256 0.00670187 -0.0208395
4021 -0.0235398 0.00558303 -0.024915
4022 0.00235457 0.00770585 -0.0126516
4023 -0.0301058 0.00777424 0.0253016
4024 0.0306894 0.00539137 -0.0127545
4025 0.0369765 0.00409447 -0.00105133
4026 -0.0180769 0.00659425 -0.0209157
4027 -0.00894239 0.00798461 -0.0121797
4028 0.0323106 0.00807819 0.00048244
4029 -0.0332921 0.00577529 0.0137813
4030 0.038675 0.00639701 0.001264
4031 -0.015051 0.00499008 -0.0120914
4032 -0.0146647 0.00751447 0.0220345
4033 -0.035307 0.00520787 0.00255843
4034 0.011459 0.00424572 0.0032855
4035 0.035221 0.00599138 -0.00888914
4036 0.00150788 0.00601073 -0.00546428
4037 -0.024726 0.00701564 0.00314084
4038 0.0338668 0.00926973 0.000832006
4039 -0.0314515 0.0078277 -0.000491278
4040 0.0189862 0.00807819 0.0123337
4041 0.038675 0.00613236 -0.0139988
4042 0.0342289 0.00630943 0.00193802
4043 -0.0165777 0.00637837 0.00194932
4044 -0.0231368 0.00502559 0.0118032
4045 0.0196145 0.00789916 0.00110437
4046 1.16829e-05 0.00807819 0.0107295
4047 0.0180836 0.00562834 -0.000945748
4048 0.0292415 0.0051335 0.02358
4049 -0.0159833 0.00477504 0.0262681
4050 0.0336397 0.00375912 -0.0105683
4051 0.0251059 0.00585842 -0.0101868
4052 0.0316957 0.00613891 0.00191006
4053 -0.0171225 0.00804149 -0.0112916
4054 0.0252825 0.00552003 0.0111239
4055 0.038675 0.00529501 -0.00999199
4056 0.0245285 0.0077373 0.0113898
4057 0.00998025 0.00390869 0.0231809
4058 -0.000210621 0.00371078 -0.00425168
4059 0.0112536 0.00414279 -0.000449753
4060 0.0173027 0.00685451 -0.00198961
4061 0.00158302 0.00660577 -0.0060712
4062 0.0176282 0.0064288 0.0227861
4063 0.0110117 0.00540129 -0.000764994
4064 0.0230634 0.00739206 -0.000942956
4065 0.0111736 0.00370153 0.00117209
4066 0.0303183 0.00796517 -0.0242217
4067 0.0103647 0.00494291 -0.0239097
4068 -0.00713401 0.00606753 -0.0101035
4069 0.0129692 0.00495809 -0.0239903
4070 -0.0353018 0.014 -0.00148823
4071 -0.0340099 0.014 0.00317782
4072 0.0308806 0.00514127 0.0115671
4073 -0.0340299 0.014 0.0204745
4074 -0.0295837 0.014 -0.0169747
4075 0.0184496 0.00551929 -0.0223882
4076 -0.0287943 0.014 -0.0103928
4077 0.00722725 0.00788553 -0.00039383
4078 0.000315572 0.00403027 -0.00207302
4079 -0.0152564 0.014 -0.0233972
4080 0.000420076 0.00802351 0.0209636
4081 -0.0146009 0.014 -0.0107102
4082 0.0361969 0.00570575 -0.0102618
4083 -0.00554269 0.0080979 0.0268192
4084 0.00526088 0.0068048 -0.00118603
4085 0.0104767 0.014 -0.0203664
4086 0.0222088 0.00401008 -0.000251726
4087 -0.0113113 0.00791474 -0.0243307
4088 0.00045461 0.0049878 -0.0274022
4089 0.0218839 0.014 -0.0240489
4090 -0.00823037 0.014 -0.03287
4091 -0.0173293 0.00605975 -0.0101066
4092 -0.00405639 0.014 -0.03287
4093 -0.038675 0.014 -0.0241778
4094 -0.038675 0.014 -0.0181862
4095 -0.0386739 0.014 -0.012807
4096 -0.015931 0.00492991 -0.0114699
4097 -0.038675 0.0139963 0.00219489
4098 0.0209761 0.00578942 0.0137857
4099 -0.0386418 0.014 0.0159938
4100 -0.0386737 0.014 0.0220173
4101 -0.0294983 0.014 -0.03287
4102 -0.0128822 0.014 -0.03287
4103 0.0118693 0.00511009 -0.00211013
4104 0.0248616 0.00654014 -0.0220511
4105 0.0363574 0.00505922 -0.0122966
4106 0.00943111 0.00433468 -0.0025523
4107 0.00537941 0.00701758 -0.0221317
4108 0.0304675 0.0052362 -0.0106693
4109 0.0225486 0.005529 0.0111169
4110 0.0317968 0.00401727 -0.000307653
4111 0.00746112 0.00673166 -0.00119795
4112 -0.00840339 0.00547227 -0.0128399
4113 -0.024927 0.00651886 0.0107905
4114 -0.0083974 0.00513571 -0.0124237
4115 -0.0277711 0.00772653 0.0253644
4116 -5.35844e-06 0.00491308 -0.00774462
4117 0.00111961 0.00538671 -0.00927465
4118 -0.0299001 0.00845444 -0.021661
4119 0.00843406 0.00517234 -0.000484581
4120 0.029799 0.00690865 0.00189443
4121 -0.0238129 0.0057564 -0.0130326
4122 0.0241572 0.00805293 0.000656401
4123 0.0329308 0.00684631 -0.00117174
4124 -0.000402687 0.00898407 -0.00839919
4125 0.0178907 0.00755331 0.00154599
4126 -0.0148902 0.00534486 -0.0127054
4127 -6.58176e-05 0.00491966 -0.0101998
4128 0.00158317 0.00660437 0.0168221
4129 0.00340274 0.00789294 0.0116222
4130 0.0376606 0.00519104 0.0102715
4131 0.00432473 0.00620537 -0.00118827
4132 0.011923 0.00502356 0.000930732
4133 0.0116776 0.00746777 -0.0223814
4134 0.0253248 0.00598819 0.0138663
4135 -0.0299954 0.00411896 0.0256202
4136 0.032272 0.00598957 -0.00209694
4137 0.0339121 0.00585431 -0.0101884
4138 -0.00606504 0.0053972 -0.0127607
4139 0.00857111 0.00752323 0.00157154
4140 -0.00887508 0.00787241 -0.0244222
4141 0.0189934 0.00689092 0.00992318
4142 -0.0195876 0.00740876 -0.0223312
4143 0.0236906 0.00730422 0.0110101
4144 -0.0180455 0.00618792 0.025922
4145 -0.0114703 0.00610019 -0.0251637
4146 -0.02213 0.00708974 -0.00922073
4147 -0.0365429 0.00752237 -0.0224277
4148 -0.00385507 0.00803126 -0.0112451
4149 0.0231184 0.00496726 0.0127636
4150 0.00267542 0.0067336 -0.00119854
4151 -0.0337787 0.00808227 0.000466553
4152 -0.0161675 0.0060753 -0.0131596
4153 0.013341 0.0068044 0.0108139
4154 -0.0101546 0.00662328 -0.0220533
4155 0.00736056 0.0089314 -0.02297
4156 0.0214611 0.00690403 0.0138957
4157 0.0277376 0.00807819 0.0243762
4158 -0.00014508 0.00807819 0.00657533
4159 -0.0239799 0.0071618 0.0258083
4160 -0.00838332 0.00724444 -0.0130283
4161 0.00745883 0.00636754 -0.0093698
4162 0.00863831 0.00803093 -0.0240164
4163 -0.00339119 0.00553449 0.0231141
4164 0.0114671 0.00492412 -0.0117369
4165 -0.0302024 0.00593748 -0.00110472
4166 0.0234396 0.0054517 -0.000818208
4167 0.018161 0.00498093 -6.41943e-05
4168 0.0197194 0.00503082 -0.00021227
4169 -0.0320375 0.00442097 -0.0256088
4170 0.0369843 0.0047787 0.0227891
4171 0.0141045 0.00536069 -0.0127221
4172 -0.0119888 0.00518194 -0.0245005
4173 -0.0361648 0.00486136 0.0142662
4174 0.00151853 0.00695767 -0.0159612
4175 -0.00397346 0.00494492 -0.0119281
4176 -0.0297943 0.00782145 -0.0107605
4177 -0.034839 0.0063076 -0.00915993
4178 0.00242082 0.00807819 0.000379064
4179 -0.030701 0.00491908 -0.0115695
4180 -0.00130808 0.0073978 -0.0307557
4181 -0.019766 0.00764052 -0.0094838
4182 -0.00025625 0.0039831 0.0300465
4183 -0.0153197 0.00702049 0.0228726
4184 0.0088327 0.00559691 -0.000932131
4185 -0.00135803 0.00568237 -0.0178964
4186 0.0346255 0.00677099 0.0108065
4187 -0.0254907 0.00767483 0.0254324
4188 -0.0210145 0.00511738 -0.0243932
4189 0.0271729 0.00527141 -0.0260007
4190 0.00234989 0.00772281 -0.0226307
4191 0.00157434 0.00631448 0.00507299
4192 -0.0273661 0.00519906 0.0132998
4193 -0.0310524 0.00717042 -0.0221992
4194 0.0027699 0.00700522 0.0176319
4195 -0.0289735 0.00788846 -0.0003875
4196 -0.0164541 0.00796807 -0.000215423
4197 0.0159537 0.00553185 -0.000885224
4198 0.0309068 0.00494237 -0.0233554
4199 0.0128561 0.00613312 -0.0100909
4200 0.00290563 0.00639775 -0.00253467
4201 -0.0365009 0.00518256 0.00124156
4202 -0.0184882 0.00572922 -0.0250162
4203 0.0102857 0.00558869 -0.0103374
4204 -0.00157969 0.00636361 -0.00261429
4205 -0.0281303 0.0042355 0.0107824
4206 0.0324774 0.00799737 -0.000152092
4207 -0.0184148 0.0080483 -0.0119374
4208 0.00690065 0.00603989 -0.00114553
4209 0.0301168 0.00495344 1.73735e-05
4210 -0.0298363 0.00620211 0.00980781
4211 -0.023557 0.0039229 -0.0243442
4212 -0.0364198 0.00588781 -0.0101751
4213 0.0326343 0.0093139 0.0146129
4214 -0.0355626 0.00445014 -0.00124851
4215 -0.0285436 0.00500274 -0.0241289
4216 -0.00463853 0.0066004 0.0107864
4217 -0.0270314 0.00415308 0.0231747
4218 0.028734 0.00914175 0.0251315
4219 -0.0299696 0.00529665 0.0133945
4220 0.00488946 0.00619285 -0.0251855
4221 0.0132874 0.00468386 0.0105843
4222 0.024815 0.00491546 -0.0116572
4223 -0.0174418 0.00520766 0.0133438
4224 -0.014732 0.00533134 0.0134311
4225 -0.0106564 0.00538937 0.0134924
4226 -0.0171021 0.00766067 -0.000711003
4227 0.0170912 0.00789418 0.00111512
4228 0.0107855 0.00494969 0.0240285
4229 -0.027823 0.00493627 0.0245886
4230 -0.0197389 0.0052879 0.0133853
4231 0.0240205 0.00694615 -0.013144
4232 -0.00613028 0.00539106 0.0134942
4233 -0.0115002 0.0064226 0.0269019
4234 0.0371788 0.00683136 0.00952572
4235 -0.00887393 0.00532724 -0.000686817
4236 -0.0167294 0.00797253 0.0249458
4237 -0.0212002 0.0102921 0.0116721
4238 0.0112871 0.0073175 -0.0102719
4239 0.00497603 0.0050729 -0.0123193
4240 -0.0259006 0.00494961 -0.0239713
4241 -0.027634 0.00719704 0.0229533
4242 0.0254071 0.00793933 0.0250175
4243 -0.0203418 0.0065786 0.0139463
4244 -4.46729e-05 0.00491736 -0.0184828
4245 0.0169116 0.00707952 0.022893
4246 0.0120959 0.00780941 -0.0227447
4247 0.0143039 0.00789389 -0.0228843
4248 -0.0118366 0.00589943 -0.00109287
4249 -0.0371796 0.0068854 0.0266995
4250 0.00358093 0.00505792 0.00337768
4251 -0.00249683 0.00591137 0.0138438
4252 -0.00156223 0.00622338 0.00718763
4253 -0.00212918 0.0047712 -0.0269518
4254 -0.0187329 0.00518673 -0.0107515
4255 0.0336699 0.00512978 0.0131538
4256 -0.0222294 0.00708759 0.0108952
4257 -0.0185148 0.00545354 0.0135602
4258 0.00229503 0.00734205 -0.0320198
4259 -0.0251778 0.00756564 -0.0127955
4260 -0.0011006 0.00764207 -0.00793291
4261 0.0159856 0.00807819 0.0243446
4262 -0.0187607 0.00725524 -0.0130174
4263 -0.0111795 0.00712595 -0.0130844
4264 -0.00221419 0.00674503 0.0100532
4265 0.034426 0.00724301 0.0109776
4266 0.0113797 0.00503229 0.0117834
4267 -0.00140258 0.0057564 -0.0308066
4268 0.0158247 0.00486534 -0.00972671
4269 -0.0100026 0.00798413 0.0249207
4270 -0.00128952 0.00439671 -0.0313671
4271 -0.0224733 0.00756249 -0.000783325
4272 0.0194787 0.00798682 -0.0110851
4273 0.0320088 0.00729006 0.0257374
4274 -0.0342686 0.00514813 0.0235557
4275 -0.00964918 0.0076424 -0.0127303
4276 -0.0335691 0.00578268 -0.013043
4277 -0.0163465 0.00781453 -0.0107537
4278 -0.0256991 0.00502291 0.0249288
4279 0.0228516 0.00518222 0.023499
4280 -0.0240433 0.00691915 -0.0101085
4281 -0.0141371 0.0080414 0.0120312
4282 0.020328 0.00591974 0.0109023
4283 0.0315616 0.00540353 0.0232156
4284 -0.0247165 0.00538503 0.0112602
4285 0.0134686 0.00492663 -0.0116254
4286 0.0363055 0.00699931 0.0228707
4287 0.0175521 0.00681007 0.00264903
4288 0.0215608 0.00696998 -0.0251374
4289 -0.0186097 0.00778803 -0.0107165
4290 -0.00743748 0.00383125 -0.0130885
4291 -1.06733e-05 0.00409684 0.0167787
4292 -0.00941126 0.00770639 0.0133909
4293 -0.026312 0.00513648 -0.012425
4294 -0.0142125 0.00656665 0.00195073
4295 -0.00107035 0.00766876 0.0186234
4296 0.0141175 0.00746757 -0.0223812
4297 0.0111026 0.00807819 0.00041397
4298 -0.00213752 0.00532597 0.0134255
4299 0.0156819 0.00807819 0.000249497
4300 -0.00516746 0.00771192 0.0133836
4301 -0.0298877 0.00652491 -0.0252092
4302 -0.0193766 0.00765252 0.0134617
4303 -0.0125868 0.00770113 0.0133978
4304 0.0187278 0.00719718 -0.0222133
4305 0.0171607 0.00761073 0.0232428
4306 -0.00550192 0.00491898 0.0123104
4307 0.00706602 0.00496467 0.0142295
4308 -0.0364814 0.00543869 0.00154448
4309 -0.00375005 0.00678698 0.0220038
4310 0.00148862 0.00704643 0.00848876
4311 -0.0365444 0.00742374 0.00165605
4312 -0.0319781 0.00806716 -0.0234082
4313 -0.0196742 0.00616683 -0.0220811
4314 0.00387589 0.00745434 -0.0257799
4315 -0.015928 0.00493071 -0.0234625
4316 -0.0227508 0.00664355 0.0259427
4317 0.0199925 0.00396055 0.0124405
4318 -0.0277587 0.00618786 -0.0251781
4319 -0.0069877 0.00542969 -0.022465
4320 -0.00562781 0.00801346 -0.0120957
4321 -0.00466865 0.00772481 0.0113734
4322 -0.0295349 0.00543533 -0.0224591
4323 0.00545757 0.00541596 -0.0127805
4324 -0.0176003 0.00498658 -0.024081
4325 0.00108059 0.00534976 -0.020523
4326 -0.000806022 0.00514313 -0.0160126
4327 -0.0236372 0.00779093 0.0132796
4328 -0.0112136 0.0039982 0.0238799
4329 0.0208011 0.00637907 0.0107906
4330 0.0100358 0.00770464 -0.0106068
4331 -0.00917873 0.00541159 -0.0224841
4332 -0.0301088 0.00585867 0.00181332
4333 -0.0174167 0.00742863 -0.0129119
4334 0.000945195 0.00522686 -0.0182011
4335 -0.0182055 0.00671674 -0.00120095
4336 -0.0315096 0.00784104 0.0115263
4337 0.00330204 0.00412243 -0.0246586
4338 -0.0237732 0.00522294 0.0234313
4339 -0.0348443 0.00548229 0.0111533
4340 0.0126132 0.00782239 -0.0124983
4341 -0.0160556 0.00638547 -0.0261642
4342 0.00443935 0.006482 0.0107848
4343 -0.0299605 0.00716063 0.022934
4344 -0.0318441 0.0071657 0.0229367
4345 -0.00792798 0.00662739 -0.0100526
4346 0.00137466 0.00571001 -0.021119
4347 -0.0283358 0.00517665 -0.0107683
4348 -0.0121913 0.0053183 0.0134174
4349 0.00957576 0.00614956 0.0259118
4350 0.0178937 0.00591827 0.0258382
4351 0.0191092 0.00716744 -0.0250678
4352 -0.00737829 0.00713031 0.013825
4353 -0.0281766 0.00511339 0.0236134
4354 -0.0135448 0.00653007 0.0227788
4355 -0.0115356 0.00661146 0.02279
4356 -0.0273645 0.00496124 0.0119942
4357 0.0277072 0.00773583 0.0253521
4358 -0.0169954 0.00580502 0.00179507
4359 -0.00493541 0.00563346 -0.022311
4360 0.0277178 0.00798016 -0.011057
4361 0.0242266 0.00802045 -0.011196
4362 0.0366199 0.00590703 0.0229074
4363 0.00246334 0.00720376 -0.0130652
4364 -0.0156345 0.00502889 0.0249465
4365 0.00439141 0.00494596 -0.0233223
4366 -0.024386 0.00740104 -0.000935326
4367 0.0338973 0.00625072 0.0139284
4368 0.0342428 0.00763197 0.0134792
4369 0.00243929 0.00545934 0.00633596
4370 0.0204701 0.00641405 -0.0220448
4371 0.0282267 0.0068658 -0.0251663
4372 0.00204405 0.00473526 0.0209299
4373 0.00340429 0.00641035 -0.0220452
4374 -0.00959023 0.0049359 0.0121549
4375 0.0185883 0.0057564 -0.0250326
4376 0.00825254 0.00589152 -0.0221688
4377 0.0331795 0.00639278 -0.0220471
4378 0.0227075 0.0065675 -0.0220531
4379 0.0230656 0.00539004 0.0254931
4380 0.015339 0.00657775 0.010791
4381 0.036728 0.00708759 0.0108952
4382 -0.0218113 0.00644298 -0.0012136
4383 0.0114349 0.00611518 -0.0220938
4384 -0.00792193 0.00631731 -0.0140655
4385 -0.0304549 0.00524574 0.0113992
4386 -0.0221925 0.00619375 -0.0251791
4387 -0.00612187 0.00806178 -0.0113838
4388 0.0274688 0.00802397 0.024788
4389 0.0179422 0.00605828 -0.0221061
4390 -0.000521233 0.00501025 -0.0310902
4391 0.0366383 0.00755906 0.0111989
4392 0.0269845 0.00493331 -0.0118214
4393 0.0251303 0.00539083 0.0232461
4394 -0.0137271 0.00494395 -0.0113409
4395 0.0320503 0.00702371 -0.0101375
4396 -0.0140628 0.00788953 -0.0243852
4397 0.0286329 0.00451572 -0.0100627
4398 -0.00958515 0.00494592 6.26809e-05
4399 0.00647641 0.00628415 -0.022059
4400 0.00778504 0.00669186 -0.0220563
4401 0.0223567 0.00778047 0.0114466
4402 -0.0165624 0.00503038 -0.023049
4403 -0.0136118 0.005119 -0.0108641
4404 0.0293187 0.00680252 -0.0220761
4405 0.0169133 0.00791131 -0.0123381
4406 -0.0185865 0.0059494 -0.0131122
4407 -0.018633 0.00551877 -0.0103847
4408 0.0032739 0.00781831 0.0252436
4409 -0.0368842 0.00652067 -0.0100506
4410 -0.0153645 0.00725982 -0.0130172
4411 0.000979054 0.00525358 0.0268459
4412 0.017618 0.00579852 0.00178936
4413 -0.027766 0.00681313 -0.025181
4414 -0.0307283 0.00757604 -0.0224733
4415 -0.0196634 0.00528019 0.00137715
4416 0.00580567 0.00517348 0.0235135
4417 0.00398697 0.00550283 -0.0256643
4418 -0.00540483 0.00571702 0.0229911
4419 0.0223377 0.00599141 -0.0221305
4420 -0.00777851 0.00513269 0.00115867
4421 0.0176844 0.00683519 -0.0251793
4422 0.0282098 0.00393391 -0.0120443
4423 -0.0314984 0.0053866 -0.0127495
4424 0.0245542 0.00648477 0.0139513
4425 -0.0295137 0.00705649 0.0108848
4426 -0.0215491 0.00781276 -0.0227491
4427 0.024887 0.0059133 0.0229049
4428 -0.0193036 0.00694867 -0.025145
4429 0.0205241 0.00794633 0.0117376
4430 -0.0273349 0.00798777 0.01289
4431 0.0261175 0.00678999 0.0146216
4432 -0.0204932 0.00535818 -0.0127195
4433 0.0226889 0.0062736 0.0139321
4434 0.0287843 0.00492375 -0.0115265
4435 -0.0179049 0.00548222 0.0255875
4436 -0.00568007 0.00548387 0.0111522
4437 -0.00946182 0.00591921 -0.0131034
4438 -0.0201912 0.00496301 0.012751
4439 -0.0164429 0.00496845 -0.025781
4440 -0.00720957 0.00704615 0.0108813
4441 -0.0193511 0.00557641 -0.0223465
4442 -0.0189037 0.00495524 -0.011272
4443 0.0064089 0.00802143 -0.0110664
4444 -0.00322237 0.00503624 0.0117716
4445 0.00920803 0.00573284 0.0229834
4446 -0.0297701 0.00803821 0.0127233
4447 0.00975511 0.00723077 0.0109647
4448 0.0145371 0.00802591 -0.0111002
4449 0.0161531 0.00572609 -0.025012
4450 0.0368156 0.00544889 0.0231848
4451 0.0062321 0.00807819 0.000298664
4452 -0.0238946 0.00795437 0.000985017
4453 -0.023402 0.00531311 0.0113281
4454 -0.0266994 0.00705759 0.0108851
4455 -0.029591 0.0057564 -0.0130326
4456 -0.000586413 0.00503221 -0.00808208
4457 -0.000579685 0.00797072 0.0273316
4458 -0.0210199 0.00538674 -0.0225104
4459 0.0284655 0.00807819 -0.0116417
4460 -0.0229776 0.00494961 -0.0119713
4461 0.0174298 0.0052362 0.00133071
4462 0.00695253 0.00501609 0.000908562
4463 0.0184331 0.00520948 0.0132863
4464 0.0119095 0.00641405 0.00195517
4465 -0.00106613 0.00533606 -0.00759944
4466 0.000552093 0.00798349 -0.00845049
4467 -0.0154296 0.00618718 -0.025178
4468 -0.0289173 0.00550902 0.0256057
4469 0.0173009 0.00675435 0.00193686
4470 -0.0189006 0.00537125 -0.0127333
4471 0.0176822 0.00635024 0.00194823
4472 0.00906195 0.00570547 0.00174193
4473 0.0194037 0.00493259 0.0121853
4474 -0.0149743 0.00808162 -0.0115215
4475 -0.0221187 0.0065714 -0.0132066
4476 0.0288895 0.00584961 -0.0101903
4477 0.00688578 0.00732053 -0.000982975
4478 0.0292071 0.00546689 -0.0128342
4479 0.0298522 0.0056916 -0.0102714
4480 0.020767 0.00640201 0.0139539
4481 0.00183211 0.00748878 -0.000860807
4482 0.00935097 0.00621232 0.00192632
4483 0.0305312 0.00498956 0.0239102
4484 0.0264096 0.00512293 0.0235975
4485 0.034994 0.00798694 -0.0230854
4486 0.0144454 0.00807819 -0.0234584
4487 0.00379501 0.00490463 -0.011343
4488 0.0221132 0.0050506 -0.012271
4489 0.0323659 0.0057564 -0.0250326
4490 0.00911812 0.00537046 -0.0247325
4491 0.02462 0.00521379 -0.0245535
4492 0.0291407 0.00517308 -0.0244858
4493 0.00544221 0.0052362 -0.0245907
4494 -0.0297192 0.0080464 -0.0119461
4495 -0.00672703 0.00801779 -0.0120761
4496 0.0149745 0.00700139 0.0018738
4497 0.0337213 0.00516053 -0.0227951
4498 0.00988687 0.00511966 -0.022863
4499 0.0143437 0.00517602 -0.0227693
4500 0.0192068 0.00509194 -0.0229091
4501 -0.0275666 0.00519996 -0.000530479
4502 -0.0251606 0.0052362 -0.000590714
4503 -0.0218767 0.00520903 -0.000545555
4504 -0.0159247 0.00537127 -0.000733304
4505 -0.0120478 0.00545735 -0.000824174
4506 0.0297886 0.00620449 -0.0251808
4507 0.0215562 0.00638265 -0.02521
4508 -0.0271453 0.00764525 -0.0105321
4509 -0.0218993 0.00784962 -0.0107976
4510 -0.00802651 0.00778672 -0.0107148
4511 -0.0340022 0.00784295 -0.0107888
4512 -0.00737205 0.00492867 0.000518661
4513 -0.000632039 0.00496678 0.000762208
4514 -0.0291487 0.00494961 0.000711266
4515 -0.00344327 0.00496015 0.000742538
4516 -0.0130764 0.00493045 0.000204992
4517 -0.0141891 0.00500488 0.00087529
4518 -0.0264138 0.0051204 0.00113825
4519 -0.023464 0.005157 0.00119909
4520 -0.00509313 0.00520151 0.00127306
4521 -0.0170374 0.00505922 0.00103657
4522 -0.0117817 0.00494961 0.000711266
4523 -0.00950717 0.00494714 0.000688547
4524 -0.00217606 0.00527014 -0.0226335
4525 -0.00692545 0.00504756 -0.022998
4526 -0.0284672 0.0052376 -0.0226678
4527 -0.0117783 0.00503653 -0.0230308
4528 -0.00519722 0.0050687 -0.0229477
4529 -0.0138132 0.00515689 -0.0228011
4530 -0.025562 0.00523413 -0.0226727
4531 -0.0349965 0.00532521 0.0134247
4532 -0.00656964 0.0059255 0.0138464
4533 -0.0117751 0.00522701 0.00131544
4534 -0.0141378 0.00538462 0.0014874
4535 -0.0198069 0.00574062 0.00176188
4536 -0.0308694 0.00552697 -0.000877017
4537 -0.023362 0.00565641 -0.00096573
4538 -0.0201483 0.00551204 -0.000866892
4539 -0.0267181 0.00562149 -0.000941104
4540 -0.0145185 0.00592153 -0.0131016
4541 -0.0208112 0.0057564 -0.0130326
4542 -0.0224862 0.0057564 -0.0130326
4543 -0.0209119 0.00614832 0.00191571
4544 -0.0054893 0.00632197 0.00194313
4545 -0.00253018 0.0057564 0.00177258
4546 -0.0266642 0.00608692 0.00190219
4547 -0.0179405 0.00612237 0.00191
4548 -0.0193677 0.00589203 0.0138282
4549 -0.0228783 0.00586623 0.0138173
4550 -0.0325148 0.00615181 -0.0220878
4551 -0.0267275 0.0063968 -0.0220477
4552 -0.0148481 0.00592355 -0.00110233
4553 -0.0056041 0.00597846 -0.00112701
4554 -0.0349007 0.00606282 -0.00115543
4555 -0.0216461 0.00655158 0.0259485
4556 -0.0342935 0.00604474 0.0258875
4557 -0.0234236 0.00630049 0.00193655
4558 -0.00736825 0.00647609 -0.0220448
4559 -0.00377756 0.00631045 -0.0220572
4560 -0.0133125 0.00642979 -0.0220448
4561 -0.0226148 0.00722239 0.0257733
4562 -0.0172971 0.00673056 0.025938
4563 -0.0263477 0.00649391 0.0259524
4564 -0.019503 0.00678583 0.0019302
4565 -0.019785 0.00746245 -0.0248832
4566 -0.033023 0.00739088 -0.000943956
4567 -0.00312361 0.00765252 -0.000721723
4568 -0.0152267 0.0073963 0.0256794
4569 -0.0186246 0.00748834 0.0256012
4570 -0.0323323 0.00739088 0.025684
4571 -0.0309081 0.00739088 0.013684
4572 -0.00756665 0.00777138 -0.0125654
4573 -0.0292527 0.0075897 -0.0127751
4574 -0.0355456 0.00767988 0.0254257
4575 -0.0213551 0.00762377 0.0254861
4576 -0.0297419 0.0077649 -0.0245739
4577 -0.0033464 0.00748481 -0.0248642
4578 -0.0244984 0.00774569 -0.0245992
4579 -0.03391 0.00780191 -0.0245252
4580 -0.0211719 0.0078171 -0.0245052
4581 -0.0324784 0.00782664 -0.000492675
4582 -0.00621607 0.00708759 0.0138448
4583 -0.0323481 0.00773814 0.0133491
4584 -0.0298846 0.00786026 -0.0124484
4585 -0.025959 0.0080044 -0.0121369
4586 -0.0228016 0.00790248 -0.0123572
4587 -0.0109393 0.0080044 -0.0121369
4588 -0.0140987 0.00779089 -0.0125397
4589 -0.0295354 0.00798552 0.0249177
4590 -0.0269936 0.00798502 0.0249188
4591 -0.0197299 0.00807819 -0.0238016
4592 -0.0226807 0.00806375 -0.0238673
4593 -0.00496447 0.00794655 -0.0242619
4594 -0.0279751 0.00803371 -0.0240037
4595 -0.00122719 0.00808261 -0.0237201
4596 -0.00681928 0.00808248 -0.0237226
4597 -0.0240834 0.00797397 0.0117973
4598 -0.00532766 0.00801297 0.011902
4599 -0.00244394 0.00786773 0.0115677
4600 -0.0335737 0.00802025 0.0119351
4601 -0.0127848 0.00803695 0.012011
4602 -0.019767 0.0079531 0.0117522
4603 -0.0289413 0.00799387 0.0118403
4604 -0.00982853 0.00794833 0.0117419
4605 -0.00689243 0.00797375 0.0117969
4606 -0.018686 0.00808422 0.0123094
4607 -0.0244372 0.00808148 0.0124811
4608 -0.0209957 0.00808122 0.0122541
4609 -0.00880202 0.00808004 0.0122325
4610 -0.00127761 0.00808551 0.0124067
4611 -0.00639497 0.0080875 0.01237
4612 -0.0280808 0.00808622 0.0243936
4613 -0.0304949 0.0080849 0.0243221
4614 -0.0238069 0.0080875 0.02437
4615 -0.0259548 0.00808128 0.0244847
4616 -0.00620621 0.00804049 0.0247129
4617 -0.000479162 0.0080105 0.0227523
4618 0.000407774 0.00802622 0.0226708
4619 -0.000171639 0.00807819 0.0214775
4620 3.45861e-05 0.00807819 0.0152874
4621 0.00327955 0.00807819 0.0122852
4622 0.0121321 0.00807819 0.0125097
4623 0.00157837 0.00807819 0.0124274
4624 0.0093098 0.00807819 0.0124848
4625 0.0354493 0.00798675 0.011825
4626 0.00193203 0.00491995 0.0244385
4627 0.0150271 0.00492034 0.0244421
4628 0.0195222 0.00807819 0.000405481
4629 0.0338345 0.00807819 0.0245416
4630 0.0306576 0.00802831 0.0247683
4631 0.02159 0.00800569 0.024871
4632 0.023399 0.00802672 0.0247755
4633 0.0317379 0.00493501 0.012163
4634 0.0124914 0.0049441 0.0120794
4635 0.0251346 0.00494106 0.0121074
4636 0.0164689 0.00492987 0.0122103
4637 0.0322838 0.00508318 0.0116636
4638 0.00701381 0.0079946 0.0118419
4639 0.00460388 0.00792708 0.011696
4640 0.000818442 0.00786026 -0.0137919
4641 0.000693987 0.00791784 -0.0164249
4642 0.000898992 0.00779903 -0.00373375
4643 0.00688674 0.00535848 -0.000719802
4644 0.00336144 0.00520139 -0.000532853
4645 0.022003 0.00539809 -0.000761613
4646 0.0097562 0.00529773 -0.000655664
4647 0.0279462 0.00559277 -0.00092163
4648 0.0194928 0.00542402 -0.000788994
4649 0.00744112 0.00532783 0.00142744
4650 0.015268 0.00515129 0.00118959
4651 0.00140233 0.00724401 -0.00166784
4652 0.0357462 0.00635984 0.00194628
4653 0.00460961 0.00593419 0.0108896
4654 0.0340613 0.00524763 0.0113972
4655 0.00986427 0.0071994 -0.0102117
4656 0.0207724 0.00694565 0.0108558
4657 0.00874765 0.00610886 -0.013167
4658 0.0123706 0.00604308 -0.0131468
4659 0.0197932 0.00592674 -0.0131004
4660 0.0084811 0.00624334 -0.00119303
4661 0.0220603 0.00592519 -0.00109983
4662 0.0170699 0.00624967 -0.00118927
4663 0.0150937 0.00622714 -0.00118784
4664 0.0105347 0.00641405 -0.00121517
4665 0.0243822 0.00621093 -0.00118187
4666 0.0334739 0.00621142 -0.00118195
4667 0.0300318 0.0061982 -0.00117978
4668 0.00700391 0.00641405 0.00195517
4669 0.0186376 0.00629253 0.00193845
4670 0.0277986 0.00617914 0.00191666
4671 0.0152307 0.00626605 0.00193442
4672 0.0204671 0.00621473 0.00192249
4673 0.0352841 0.00600493 0.0228684
4674 0.0274875 0.00619491 0.0228208
4675 0.0319214 0.00592172 0.0229016
4676 0.00383566 0.00626561 0.0228021
4677 0.0131154 0.00633885 0.0227972
4678 0.00962607 0.0063529 0.0227949
4679 0.0218692 0.00663248 0.0107967
4680 0.0181143 0.00642112 0.0107848
4681 0.023935 0.00679285 0.0108113
4682 -0.00423254 0.00557071 -0.0129129
4683 -0.00948533 0.00544748 -0.0128138
4684 -0.0273343 0.00800807 0.0118798
4685 0.0122568 0.00806876 0.000584513
4686 -0.0139282 0.0054765 -0.00231196
4687 0.0376642 0.00564359 0.00169609
4688 0.0265801 0.00807819 0.0121984
4689 0.0352456 0.00807819 0.0123475
4690 -0.0229442 0.006115 -0.0220916
4691 -0.0291991 0.00593024 -0.0221081
4692 -0.0284658 0.00659449 -0.0220546
4693 0.00277327 0.0080715 0.0245721
4694 -0.0200245 0.00512478 -0.0228545
4695 0.00144805 0.00714532 0.013818
4696 -0.00516436 0.00493099 0.000540059
4697 -0.00341617 0.00530824 0.0134068
4698 0.0075978 0.00658202 0.0107875
4699 0.032817 0.00563558 -0.000950654
4700 0.00137973 0.00566479 -0.000977435
4701 0.0101695 0.00581649 -0.00106038
$EndNodes
$Elements
17589
1 4 0 1978 1474 565 2028 
2 4 0 2468 2311 2157 530 
3 4 0 584 2109 585 1911 
4 4 0 3016 2164 844 1810 
5 4 0 3341 943 1505 893 
6 4 0 3094 442 659 2631 
7 4 0 363 2879 2936 949 
8 4 0 444 2142 3751 2404 
9 4 0 1962 3149 1353 599 
10 4 0 389 2094 2583 2118 
11 4 0 2192 2662 2455 3741 
12 4 0 2087 2229 2689 1361 
13 4 0 3115 585 2109 1911 
14 4 0 1823 2043 2995 2722 
15 4 0 2208 3298 460 463 
16 4 0 1135 720 2936 2382 
17 4 0 2431 4081 2891 2892 
18 4 0 2791 490 1982 2942 
19 4 0 368 2626 1707 1413 
20 4 0 2364 378 2224 2146 
21 4 0 390 2789 3012 1212 
22 4 0 879 2553 2183 527 
23 4 0 803 1912 2264 563 
24 4 0 3327 3522 2165 654 
25 4 0 3142 11 1288 9 
26 4 0 2148 1635 1493 2012 
27 4 0 3733 2037 1948 656 
28 4 0 2771 3617 2198 2034 
29 4 0 2152 1899 1983 1085 
30 4 0 2343 3898 2876 2786 
31 4 0 376 2636 564 525 
32 4 0 896 3752 2032 958 
33 4 0 448 371 2131 1466 
34 4 0 1894 456 2711 2079 
35 4 0 1544 1816 490 2803 
36 4 0 1522 489 462 396 
37 4 0 2213 2290 2306 2274 
38 4 0 906 1462 2238 1211 
39 4 0 585 2153 593 488 
40 4 0 2259 1233 3535 3151 
41 4 0 599 2031 2462 2072 
42 4 0 1902 3402 2165 3522 
43 4 0 490 418 1812 2070 
44 4 0 1505 3781 2837 1839 
45 4 0 4237 1792 2530 3149 
46 4 0 1962 2072 2519 3149 
47 4 0 954 2294 953 2084 
48 4 0 2406 497 498 2224 
49 4 0 2780 874 437 1461 
50 4 0 2097 3175 2271 2067 
51 4 0 750 310 313 301 
52 4 0 892 3016 1189 1810 
53 4 0 1358 2686 2431 3554 
54 4 0 2108 1463 3182 576 
55 4 0 2309 2054 1969 1827 
56 4 0 2158 2698 3063 2731 
57 4 0 452 584 3973 2798 
58 4 0 2250 2277 744 460 
59 4 0 1911 2641 837 584 
60 4 0 2330 468 2892 1358 
61 4 0 1303 3827 3492 2838 
62 4 0 399 1987 521 1929 
63 4 0 3215 970 2601 2784 
64 4 0 2208 3380 3088 2861 
65 4 0 687 236 2 1397 
66 4 0 2030 2214 1070 879 
67 4 0 2941 2999 790 554 
68 4 0 1932 2466 506 664 
69 4 0 385 2094 959 1364 
70 4 0 1810 2142 1927 474 
71 4 0 2135 1353 3583 1581 
72 4 0 376 2270 3110 1986 
73 4 0 1955 2424 2284 3506 
74 4 0 3893 2743 461 2068 
75 4 0 1822 1462 2157 1942 
76 4 0 2129 1922 1130 2162 
77 4 0 2745 2698 2289 1962 
78 4 0 2008 2631 442 1900 
79 4 0 2472 2745 1931 2022 
80 4 0 3355 2588 1359 537 
81 4 0 687 2254 1397 949 
82 4 0 2008 2889 369 939 
83 4 0 1741 1307 513 515 
84 4 0 959 3238 1364 3190 
85 4 0 4018 563 2512 2264 
86 4 0 2649 3520 3155 1089 
87 4 0 1738 4169 2450 2453 
88 4 0 3230 2623 2938 2863 
89 4 0 3194 427 3801 1466 
90 4 0 2686 1904 2661 1932 
91 4 0 2638 393 3035 1820 
92 4 0 537 2641 2548 3868 
93 4 0 1449 3235 160 142 
94 4 0 364 2760 442 4076 
95 4 0 1997 3182 2714 1463 
96 4 0 4086 764 3134 3336 
97 4 0 2750 1959 3120 2420 
98 4 0 479 1470 471 617 
99 4 0 3230 2623 2863 3257 
100 4 0 1581 2690 1353 2280 
101 4 0 387 430 1993 2550 
102 4 0 2179 3196 1307 2299 
103 4 0 2955 4099 511 2166 
104 4 0 530 2965 2623 2157 
105 4 0 2185 2932 4437 2379 
106 4 0 1478 1476 4083 4616 
107 4 0 856 2354 2605 3088 
108 4 0 1364 3190 2146 959 
109 4 0 2422 3616 2196 2576 
110 4 0 3454 513 1728 1741 
111 4 0 2027 1825 2529 2565 
112 4 0 2220 2495 648 3371 
113 4 0 3147 2179 1805 1945 
114 4 0 2686 466 3556 3929 
115 4 0 3391 2814 4454 4425 
116 4 0 399 1929 521 2161 
117 4 0 444 2142 1212 474 
118 4 0 2255 1869 1866 2489 
119 4 0 2469 1978 1159 2294 
120 4 0 1966 656 2318 1914 
121 4 0 1014 489 508 1522 
122 4 0 3843 2702 692 2502 
123 4 0 1418 3612 2379 2531 
124 4 0 2995 2424 2284 2744 
125 4 0 471 398 3389 479 
126 4 0 2315 555 362 2319 
127 4 0 760 1957 409 2308 
128 4 0 3071 1902 572 3402 
129 4 0 1407 1254 2809 2029 
130 4 0 2405 1635 2515 3131 
131 4 0 382 834 1550 2314 
132 4 0 4535 821 4415 3018 
133 4 0 1601 2023 4054 1960 
134 4 0 532 3224 2410 431 
135 4 0 2124 1978 2054 2033 
136 4 0 1862 376 2815 2246 
137 4 0 379 1283 190 1862 
138 4 0 3628 1954 4137 1390 
139 4 0 2133 2875 2333 4258 
140 4 0 3969 403 658 3183 
141 4 0 4337 2588 213 1365 
142 4 0 600 526 3803 446 
143 4 0 2956 2284 1955 2424 
144 4 0 3280 1960 489 886 
145 4 0 2120 3882 1592 1390 
146 4 0 2049 426 3856 2106 
147 4 0 2579 3882 1839 2120 
148 4 0 256 3507 4676 3079 
149 4 0 2492 448 1466 3612 
150 4 0 487 4052 3420 1976 
151 4 0 3183 3246 1812 1276 
152 4 0 3183 913 3246 3969 
153 4 0 3443 3559 391 525 
154 4 0 392 2219 2384 480 
155 4 0 781 1270 1997 1271 
156 4 0 3646 2785 2757 3442 
157 4 0 2006 3256 3630 1804 
158 4 0 2056 1688 4306 2098 
159 4 0 1213 2220 648 1210 
160 4 0 3411 2027 1645 3617 
161 4 0 771 3705 1401 2675 
162 4 0 1246 3190 2190 2059 
163 4 0 4351 2927 2385 3675 
164 4 0 2668 4155 2253 2687 
165 4 0 3995 2649 3155 2268 
166 4 0 3466 1741 3287 1731 
167 4 0 201 3029 183 3355 
168 4 0 904 2617 444 2613 
169 4 0 3597 252 3914 232 
170 4 0 648 3359 1616 387 
171 4 0 391 525 1923 2342 
172 4 0 2028 2372 565 2692 
173 4 0 1901 2887 1940 2817 
174 4 0 3133 4368 2057 3272 
175 4 0 2014 386 1133 357 
176 4 0 3886 1200 2226 2819 
177 4 0 1857 1541 2287 761 
178 4 0 3361 664 663 4533 
179 4 0 377 519 2829 1933 
180 4 0 2789 1882 3358 411 
181 4 0 2640 2932 3307 375 
182 4 0 511 2955 2166 680 
183 4 0 1428 3164 3931 3215 
184 4 0 421 1898 3747 3630 
185 4 0 3735 2641 1958 1844 
186 4 0 2405 902 2830 2184 
187 4 0 2295 4436 1688 3255 
188 4 0 1862 376 2078 1405 
189 4 0 2328 3328 1353 599 
190 4 0 4482 1720 2942 1379 
191 4 0 249 227 594 1339 
192 4 0 2901 2045 2456 2421 
193 4 0 444 603 474 2021 
194 4 0 3363 1189 4310 621 
195 4 0 3595 1636 2686 1926 
196 4 0 1515 1445 2670 2503 
197 4 0 955 876 4049 2026 
198 4 0 4211 3004 446 1838 
199 4 0 3519 3049 3447 1305 
200 4 0 4295 2812 1660 2225 
201 4 0 4259 3880 3856 2095 
202 4 0 2928 2896 1978 2294 
203 4 0 3443 3059 1770 391 
204 4 0 2421 2687 2953 3460 
205 4 0 405 1442 1432 2617 
206 4 0 2331 429 3510 1802 
207 4 0 1729 3302 3174 4384 
208 4 0 1309 3324 4237 2033 
209 4 0 3174 4138 4290 3356 
210 4 0 2703 4224 2422 2724 
211 4 0 405 3507 2971 2613 
212 4 0 2353 228 175 257 
213 4 0 2766 3217 493 952 
214 4 0 3692 2081 3386 1858 
215 4 0 2339 2838 3735 452 
216 4 0 2670 385 2503 444 
217 4 0 2616 3916 1512 1514 
218 4 0 1126 165 175 182 
219 4 0 1518 2205 2750 3533 
220 4 0 1911 2109 2940 2798 
221 4 0 4348 3287 3047 4225 
222 4 0 2549 3830 2495 3320 
223 4 0 1033 2140 2770 769 
224 4 0 2690 2991 1787 1611 
225 4 0 1667 2204 984 676 
226 4 0 2201 1145 2982 1147 
227 4 0 2187 3295 3120 1879 
228 4 0 774 2395 450 1901 
229 4 0 2259 388 4034 901 
230 4 0 2856 396 3882 1925 
231 4 0 3563 384 3827 2778 
232 4 0 2862 3045 3653 4222 
233 4 0 760 931 355 349 
234 4 0 606 3473 729 4250 
235 4 0 2586 3007 2676 2319 
236 4 0 126 96 3661 2881 
237 4 0 4341 1943 724 2920 
238 4 0 986 3882 1925 4647 
239 4 0 2839 2576 2877 3102 
240 4 0 435 1634 510 3509 
241 4 0 3800 2597 262 3785 
242 4 0 3547 2136 2893 2325 
243 4 0 3810 2714 2269 2228 
244 4 0 3337 2160 365 517 
245 4 0 464 2537 1963 3867 
246 4 0 437 4269 2886 1461 
247 4 0 3445 2022 2388 2191 
248 4 0 2264 3687 4371 2512 
249 4 0 3222 3786 374 2389 
250 4 0 2068 395 2579 1390 
251 4 0 1325 642 3762 2101 
252 4 0 2633 3593 1374 4005 
253 4 0 1655 2018 657 3649 
254 4 0 2501 2785 2428 2653 
255 4 0 657 658 1806 2018 
256 4 0 226 3414 241 2548 
257 4 0 219 4372 1308 240 
258 4 0 3608 2900 2469 2497 
259 4 0 3868 1077 3735 2110 
260 4 0 2282 1488 3503 2267 
261 4 0 3826 385 1364 2094 
262 4 0 2220 2495 3371 1704 
263 4 0 3240 2521 2455 1484 
264 4 0 3485 1594 2205 1469 
265 4 0 4386 3004 3023 2400 
266 4 0 2188 2157 3304 969 
267 4 0 3413 4057 2170 2809 
268 4 0 1254 2094 4057 2170 
269 4 0 1865 1866 2203 16 
270 4 0 405 2647 1442 2617 
271 4 0 2814 1997 436 780 
272 4 0 4113 2564 780 2606 
273 4 0 3893 4009 461 2743 
274 4 0 404 2594 1596 2104 
275 4 0 2797 1357 3310 1995 
276 4 0 1140 1986 1139 2636 
277 4 0 755 2287 399 2161 
278 4 0 366 4590 2496 3219 
279 4 0 2279 2258 2859 4369 
280 4 0 3193 3841 1377 3898 
281 4 0 1061 2724 3642 2703 
282 4 0 1857 4041 299 290 
283 4 0 2554 935 1433 2805 
284 4 0 647 1414 1478 1260 
285 4 0 149 165 1126 1132 
286 4 0 3800 2527 1599 2399 
287 4 0 438 3475 2571 3706 
288 4 0 1735 1205 657 658 
289 4 0 3297 4680 3525 4141 
290 4 0 341 351 748 757 
291 4 0 757 341 351 400 
292 4 0 1313 1316 1713 3752 
293 4 0 443 4586 3434 3771 
294 4 0 752 312 329 338 
295 4 0 3771 3434 443 369 
296 4 0 1176 1958 2432 2584 
297 4 0 953 949 363 2004 
298 4 0 1606 473 2868 1338 
299 4 0 4590 2496 4615 366 
300 4 0 1908 928 2747 538 
301 4 0 228 204 2246 2141 
302 4 0 3083 76 82 42 
303 4 0 2543 2182 250 2061 
304 4 0 298 755 745 289 
305 4 0 4113 2606 780 1997 
306 4 0 755 399 276 289 
307 4 0 4145 724 1943 2648 
308 4 0 3081 2877 3580 2294 
309 4 0 120 884 1608 3174 
310 4 0 982 1046 481 1940 
311 4 0 78 2166 3965 79 
312 4 0 3232 1981 706 2795 
313 4 0 540 1098 1914 3699 
314 4 0 1772 3113 407 1392 
315 4 0 149 4182 3070 2486 
316 4 0 4207 3516 1648 2609 
317 4 0 2836 2263 2844 2742 
318 4 0 318 4234 2529 1570 
319 4 0 3404 1936 345 335 
320 4 0 772 972 2076 4526 
321 4 0 809 392 4109 3656 
322 4 0 2589 3906 1070 2960 
323 4 0 3234 3696 2491 2643 
324 4 0 2612 1696 3125 4091 
325 4 0 4162 2508 2550 3340 
326 4 0 2142 3186 1682 603 
327 4 0 1750 1746 1264 1488 
328 4 0 2871 2908 1508 2944 
329 4 0 320 331 754 2547 
330 4 0 534 2748 3995 2976 
331 4 0 1507 4690 4313 2758 
332 4 0 966 3498 523 3637 
333 4 0 1341 2809 2659 4627 
334 4 0 3747 415 1804 1712 
335 4 0 3348 3643 469 1901 
336 4 0 3303 836 3385 808 
337 4 0 787 3489 2222 3482 
338 4 0 2752 4554 3051 2819 
339 4 0 1185 303 4170 297 
340 4 0 1098 352 1914 343 
341 4 0 1689 4054 1111 3656 
342 4 0 1748 2229 3177 3869 
343 4 0 3372 638 2731 3063 
344 4 0 1089 892 3155 2359 
345 4 0 745 312 752 748 
346 4 0 486 1272 260 3983 
347 4 0 1358 2330 2360 1510 
348 4 0 469 1901 181 3348 
349 4 0 748 755 745 298 
350 4 0 3610 1771 934 1671 
351 4 0 3656 2344 1014 1960 
352 4 0 2443 683 686 48 
353 4 0 2953 2975 2687 3757 
354 4 0 3483 555 2586 3048 
355 4 0 3110 3293 1290 3062 
356 4 0 3691 934 3610 3829 
357 4 0 829 3556 4335 642 
358 4 0 2803 1304 2799 2060 
359 4 0 2104 3848 2594 2516 
360 4 0 67 688 77 3672 
361 4 0 477 3111 3352 3697 
362 4 0 1208 2748 3155 794 
363 4 0 4175 481 984 1625 
364 4 0 329 752 1211 749 
365 4 0 408 2240 3369 4218 
366 4 0 321 745 329 749 
367 4 0 2325 416 2574 3352 
368 4 0 1163 3342 1431 3958 
369 4 0 2716 2579 4422 4397 
370 4 0 1023 1558 3257 3230 
371 4 0 1188 405 3751 4080 
372 4 0 2133 3009 2333 2548 
373 4 0 158 171 3016 844 
374 4 0 769 3003 4426 3779 
375 4 0 2282 1104 3726 2244 
376 4 0 461 2930 3230 1857 
377 4 0 4043 576 4358 3696 
378 4 0 4200 3805 1906 3889 
379 4 0 1582 983 4460 3801 
380 4 0 141 383 1659 844 
381 4 0 3086 70 2166 79 
382 4 0 2098 2056 4444 1751 
383 4 0 3248 1559 3678 2130 
384 4 0 1433 2805 2594 404 
385 4 0 393 3593 2633 4005 
386 4 0 1985 1019 2318 1954 
387 4 0 149 4182 1132 2726 
388 4 0 1157 3357 961 1249 
389 4 0 663 2672 506 2108 
390 4 0 1534 3245 4050 1705 
391 4 0 1783 3632 3075 3613 
392 4 0 3855 763 4280 2846 
393 4 0 3392 3196 3290 3388 
394 4 0 398 1306 3389 3382 
395 4 0 3546 3207 4302 3179 
396 4 0 2355 1244 4012 784 
397 4 0 703 2400 3803 3004 
398 4 0 1098 352 342 1378 
399 4 0 2448 2038 2481 2956 
400 4 0 1673 3268 1340 3114 
401 4 0 2132 3571 678 482 
402 4 0 488 2153 2121 2009 
403 4 0 480 922 1278 394 
404 4 0 4270 583 169 183 
405 4 0 1237 2231 3044 2956 
406 4 0 1102 528 2022 2860 
407 4 0 900 2304 1922 372 
408 4 0 3247 1919 2619 3806 
409 4 0 2133 2873 2751 3665 
410 4 0 3640 2252 4048 3203 
411 4 0 4498 2611 3875 3492 
412 4 0 1398 1144 530 668 
413 4 0 1378 1942 656 1019 
414 4 0 2236 2537 464 4537 
415 4 0 1754 3074 1407 1254 
416 4 0 3391 4454 3337 4425 
417 4 0 1311 4217 1025 2900 
418 4 0 388 1528 3925 901 
419 4 0 2422 3552 3708 2457 
420 4 0 1462 2666 332 317 
421 4 0 1383 610 3056 2384 
422 4 0 2089 1743 2697 3078 
423 4 0 3203 2378 3299 2730 
424 4 0 3281 2395 1901 1303 
425 4 0 10 2562 2019 8 
426 4 0 3612 770 1471 1472 
427 4 0 1268 428 2770 4594 
428 4 0 170 377 519 187 
429 4 0 2822 1838 4211 3087 
430 4 0 3385 836 4221 808 
431 4 0 741 3018 4415 4519 
432 4 0 752 351 400 757 
433 4 0 2853 3949 2771 3750 
434 4 0 4690 2111 1422 2607 
435 4 0 3588 2966 2350 2464 
436 4 0 1244 1245 3982 4012 
437 4 0 3043 1862 376 1633 
438 4 0 3496 2322 4585 4573 
439 4 0 4182 1105 3440 3101 
440 4 0 3727 2343 3841 3898 
441 4 0 773 774 1198 3597 
442 4 0 3822 1043 3801 1041 
443 4 0 4113 2564 2606 1997 
444 4 0 2176 1369 2747 3126 
445 4 0 3877 3193 3863 93 
446 4 0 1960 1607 1465 4681 
447 4 0 444 1813 2285 2404 
448 4 0 4670 3885 2384 3590 
449 4 0 4365 2778 4337 384 
450 4 0 2981 4003 3879 834 
451 4 0 310 1988 322 3488 
452 4 0 3073 1412 4316 2959 
453 4 0 3506 1306 4688 3382 
454 4 0 4154 1472 3058 2994 
455 4 0 3619 1342 561 4078 
456 4 0 4124 831 4466 832 
457 4 0 3441 4561 2959 3073 
458 4 0 4144 3828 4435 2026 
459 4 0 515 3292 1575 4292 
460 4 0 3710 3416 4405 671 
461 4 0 1367 1462 1950 3689 
462 4 0 1709 2629 2582 2925 
463 4 0 338 329 752 3390 
464 4 0 3659 4638 1184 474 
465 4 0 2775 3182 2269 2714 
466 4 0 1332 2517 3401 4480 
467 4 0 3002 1578 4542 4121 
468 4 0 104 2968 3202 124 
469 4 0 2988 3817 2368 1040 
470 4 0 2950 2322 3496 4573 
471 4 0 675 2870 3376 4068 
472 4 0 536 3721 3846 828 
473 4 0 2107 582 2366 2834 
474 4 0 291 278 750 4055 
475 4 0 2077 1898 3747 421 
476 4 0 3469 3269 437 2573 
477 4 0 2443 362 555 2955 
478 4 0 3325 3731 4510 3554 
479 4 0 3247 1244 3982 2355 
480 4 0 1582 3002 4460 1231 
481 4 0 2698 2452 3591 2756 
482 4 0 2798 4069 2977 3673 
483 4 0 416 1527 379 3114 
484 4 0 1866 16 1861 6 
485 4 0 1866 612 16 6 
486 4 0 2234 3964 2012 2678 
487 4 0 3950 3692 4462 1858 
488 4 0 1661 131 1562 108 
489 4 0 1847 1562 1846 1414 
490 4 0 819 663 3696 4534 
491 4 0 2048 2576 1780 1779 
492 4 0 750 290 761 277 
493 4 0 2400 4386 3004 4021 
494 4 0 467 2431 859 3556 
495 4 0 760 355 347 2937 
496 4 0 1049 464 891 651 
497 4 0 1733 3099 75 3633 
498 4 0 3071 785 210 4078 
499 4 0 618 200 379 3114 
500 4 0 2488 1860 2429 2646 
501 4 0 558 152 2189 170 
502 4 0 2851 781 1271 3773 
503 4 0 1772 407 1768 3844 
504 4 0 2797 733 732 1803 
505 4 0 3184 2085 2008 2101 
506 4 0 200 3114 3784 219 
507 4 0 4155 3213 1644 1616 
508 4 0 232 3914 3597 1198 
509 4 0 752 348 338 3390 
510 4 0 749 321 305 1211 
511 4 0 1989 3592 3821 1124 
512 4 0 1300 4056 4401 2712 
513 4 0 2697 766 837 2411 
514 4 0 398 1512 1485 1486 
515 4 0 1926 1017 4096 3978 
516 4 0 15 2381 1859 7 
517 4 0 1125 3592 1884 1124 
518 4 0 1906 4200 4084 1672 
519 4 0 1979 2006 2750 3310 
520 4 0 877 1586 3256 4199 
521 4 0 3063 1207 2455 2904 
522 4 0 1040 2132 3571 2368 
523 4 0 32 2693 680 40 
524 4 0 1288 19 3142 9 
525 4 0 3273 22 2693 13 
526 4 0 679 5 13 2693 
527 4 0 14 679 2693 5 
528 4 0 681 30 38 2693 
529 4 0 133 3966 155 554 
530 4 0 3383 3222 2740 3993 
531 4 0 2395 450 1901 1303 
532 4 0 2248 2779 3375 2497 
533 4 0 137 1608 884 152 
534 4 0 2545 1676 2223 771 
535 4 0 1865 722 3041 34 
536 4 0 919 4496 3151 491 
537 4 0 2213 2288 3 2306 
538 4 0 368 1944 3276 1707 
539 4 0 4494 364 3496 2950 
540 4 0 2210 461 1929 3076 
541 4 0 1470 1825 2565 1851 
542 4 0 567 1598 3470 1454 
543 4 0 2152 1833 3113 1899 
544 4 0 1900 2631 2085 2008 
545 4 0 939 2008 4076 442 
546 4 0 879 1142 2200 3299 
547 4 0 387 2824 4085 648 
548 4 0 588 1838 2151 446 
549 4 0 2135 2991 2018 2690 
550 4 0 1150 2251 4153 1544 
551 4 0 3790 3153 2076 2212 
552 4 0 3558 4497 1003 2335 
553 4 0 2394 3374 3520 3155 
554 4 0 368 1115 1413 1707 
555 4 0 1115 368 1413 2272 
556 4 0 1102 528 4385 2542 
557 4 0 1476 2414 3284 4616 
558 4 0 3776 3205 823 61 
559 4 0 2581 2361 3554 3307 
560 4 0 921 490 920 491 
561 4 0 4 1994 4073 1969 
562 4 0 818 4420 4520 2976 
563 4 0 2117 2468 2157 530 
564 4 0 2133 3868 3355 2548 
565 4 0 857 4567 635 403 
566 4 0 3628 1534 520 278 
567 4 0 2340 2219 4656 4141 
568 4 0 1304 2803 2789 2060 
569 4 0 1938 2999 430 387 
570 4 0 2100 1827 1128 2874 
571 4 0 1126 175 228 204 
572 4 0 1299 2009 1821 803 
573 4 0 416 1527 3114 1777 
574 4 0 1823 1833 407 3113 
575 4 0 1681 382 3864 2314 
576 4 0 441 2456 2901 2460 
577 4 0 750 313 322 333 
578 4 0 857 1053 2360 635 
579 4 0 1986 1754 564 2636 
580 4 0 664 2466 4522 4398 
581 4 0 1903 2106 3994 2506 
582 4 0 849 886 1989 2344 
583 4 0 2211 2260 2259 808 
584 4 0 580 4235 654 3522 
585 4 0 515 4300 513 4582 
586 4 0 1357 1979 4663 3310 
587 4 0 2197 3502 2378 744 
588 4 0 1552 3166 1243 2011 
589 4 0 2638 3586 1798 2551 
590 4 0 892 1810 2069 2164 
591 4 0 1861 41 55 67 
592 4 0 2638 3035 1798 3586 
593 4 0 1031 1630 2398 2254 
594 4 0 3615 1820 4089 393 
595 4 0 2594 404 1596 2338 
596 4 0 1063 4306 2910 2173 
597 4 0 619 2064 3470 2792 
598 4 0 3883 913 2539 1565 
599 4 0 1873 1264 2282 2267 
600 4 0 3587 4628 2442 1552 
601 4 0 991 4685 3418 415 
602 4 0 909 4671 2259 3151 
603 4 0 480 394 2384 922 
604 4 0 920 491 490 4496 
605 4 0 515 4352 4582 1728 
606 4 0 182 1126 204 175 
607 4 0 2435 2221 3681 2378 
608 4 0 1111 2344 809 3656 
609 4 0 649 2166 691 78 
610 4 0 900 1130 874 1922 
611 4 0 900 1922 874 1468 
612 4 0 1926 2559 483 1017 
613 4 0 520 875 4050 3628 
614 4 0 4239 2058 2395 3835 
615 4 0 1400 2024 1747 3669 
616 4 0 880 1903 3994 2506 
617 4 0 2036 1511 394 2355 
618 4 0 669 3371 2683 3837 
619 4 0 2018 1353 3147 2090 
620 4 0 1914 2666 758 352 
621 4 0 1146 1459 2577 1096 
622 4 0 742 3355 537 590 
623 4 0 505 2865 3076 2210 
624 4 0 563 803 2512 2264 
625 4 0 593 454 2210 3429 
626 4 0 1078 2798 4069 2339 
627 4 0 447 1991 492 2199 
628 4 0 3289 2877 2576 2422 
629 4 0 2741 1555 565 366 
630 4 0 2162 2667 1922 2304 
631 4 0 2200 1754 2636 525 
632 4 0 524 1165 2636 1893 
633 4 0 3214 2792 1106 619 
634 4 0 498 1970 954 2422 
635 4 0 2761 2294 953 1970 
636 4 0 1478 4083 1476 714 
637 4 0 4236 570 372 2304 
638 4 0 581 128 153 3858 
639 4 0 4411 1283 190 212 
640 4 0 562 1283 1862 4411 
641 4 0 3093 4543 3018 2890 
642 4 0 2113 3182 576 2108 
643 4 0 2298 4093 1229 1493 
644 4 0 4522 4516 2466 2672 
645 4 0 2183 1392 1133 1142 
646 4 0 1134 1142 1133 1293 
647 4 0 3060 136 117 4270 
648 4 0 242 2366 268 2107 
649 4 0 2834 583 183 169 
650 4 0 3060 582 150 169 
651 4 0 2054 4073 2586 2676 
652 4 0 2153 2536 2210 2121 
653 4 0 2199 600 2626 589 
654 4 0 902 1635 4076 2405 
655 4 0 364 4076 939 2095 
656 4 0 364 4076 442 939 
657 4 0 632 595 3343 2949 
658 4 0 595 1769 3343 2589 
659 4 0 3113 2553 2183 1899 
660 4 0 2709 3314 2196 2800 
661 4 0 1574 2540 3179 1621 
662 4 0 2720 1468 2196 2800 
663 4 0 3856 2049 2889 426 
664 4 0 3003 1921 426 3516 
665 4 0 2416 1739 1921 3516 
666 4 0 2789 1304 2060 605 
667 4 0 2370 1303 2074 2561 
668 4 0 4200 3889 1223 4651 
669 4 0 1789 1803 733 2797 
670 4 0 1821 586 1299 358 
671 4 0 537 452 2641 3868 
672 4 0 3667 4694 1740 4458 
673 4 0 284 272 2335 1003 
674 4 0 1965 2591 1085 2152 
675 4 0 1776 3352 1526 1525 
676 4 0 619 3214 3470 567 
677 4 0 3959 2996 3230 2743 
678 4 0 3114 1777 3784 416 
679 4 0 618 1527 1777 3114 
680 4 0 190 4626 379 174 
681 4 0 363 2497 2879 953 
682 4 0 611 2910 2406 1688 
683 4 0 2073 1358 2039 1510 
684 4 0 4597 3654 3391 2519 
685 4 0 634 1392 596 3844 
686 4 0 951 1463 2472 1931 
687 4 0 1470 2036 2145 617 
688 4 0 2145 617 2036 1976 
689 4 0 1899 3113 1392 2183 
690 4 0 967 376 568 524 
691 4 0 635 828 4567 1053 
692 4 0 2260 2344 1014 392 
693 4 0 2129 2959 2162 3034 
694 4 0 1832 2030 1819 2589 
695 4 0 652 465 4335 466 
696 4 0 4505 2122 4235 2661 
697 4 0 2235 471 631 1825 
698 4 0 1449 3202 2881 2968 
699 4 0 839 1906 532 431 
700 4 0 1315 3075 3632 870 
701 4 0 1311 4229 2497 1715 
702 4 0 661 1326 641 468 
703 4 0 658 660 1732 2003 
704 4 0 403 636 1732 1330 
705 4 0 1400 4090 4092 2320 
706 4 0 4196 467 1329 641 
707 4 0 1326 467 641 468 
708 4 0 2431 2090 2892 2891 
709 4 0 1656 1735 657 658 
710 4 0 1831 1167 525 1923 
711 4 0 435 649 4099 1941 
712 4 0 2422 954 2294 1970 
713 4 0 1949 437 1808 2130 
714 4 0 1990 2411 4089 766 
715 4 0 3793 3513 4116 1344 
716 4 0 332 2666 1462 342 
717 4 0 3887 3935 3933 1398 
718 4 0 1470 1825 3411 2027 
719 4 0 2085 2031 2008 2631 
720 4 0 1250 1453 507 145 
721 4 0 2965 3689 2157 1822 
722 4 0 2243 2121 356 2161 
723 4 0 34 16 1861 1865 
724 4 0 867 766 1911 1990 
725 4 0 1819 1833 407 1823 
726 4 0 2199 2920 2626 600 
727 4 0 38 49 681 2693 
728 4 0 682 3344 51 63 
729 4 0 30 3273 22 2693 
730 4 0 2171 1195 3117 59 
731 4 0 1861 41 34 44 
732 4 0 511 649 4099 435 
733 4 0 435 4099 2155 1941 
734 4 0 955 1138 406 1137 
735 4 0 1861 41 6 16 
736 4 0 1861 41 26 20 
737 4 0 6 41 1861 20 
738 4 0 26 41 1861 35 
739 4 0 1861 41 67 77 
740 4 0 599 3149 1353 3184 
741 4 0 1581 3149 1353 1962 
742 4 0 1962 1353 3328 599 
743 4 0 189 3071 2850 962 
744 4 0 727 606 729 726 
745 4 0 727 4462 729 606 
746 4 0 1681 382 146 831 
747 4 0 1742 1722 1843 2648 
748 4 0 2141 1139 2246 1165 
749 4 0 1131 1829 1294 874 
750 4 0 1949 1829 874 1294 
751 4 0 2205 1594 3534 1519 
752 4 0 2861 2426 316 1185 
753 4 0 4589 4613 3144 3219 
754 4 0 1185 2861 2651 2208 
755 4 0 2676 3490 4613 2163 
756 4 0 1378 1019 2666 1942 
757 4 0 3236 3895 539 2914 
758 4 0 702 722 3648 3041 
759 4 0 3698 3109 2945 3446 
760 4 0 3567 1842 2964 3903 
761 4 0 1684 4172 2648 1843 
762 4 0 99 3863 123 4253 
763 4 0 2644 4253 1801 865 
764 4 0 947 1264 1873 1874 
765 4 0 3361 2168 663 664 
766 4 0 694 606 726 729 
767 4 0 726 729 725 694 
768 4 0 726 694 725 695 
769 4 0 693 694 695 725 
770 4 0 3413 4228 3842 4057 
771 4 0 725 3071 694 2850 
772 4 0 2259 491 490 1915 
773 4 0 694 2850 729 725 
774 4 0 4496 3151 3915 919 
775 4 0 3494 1803 4461 738 
776 4 0 949 363 2879 953 
777 4 0 733 1803 738 4461 
778 4 0 1941 691 2192 3741 
779 4 0 912 3134 3494 903 
780 4 0 2710 418 1811 1812 
781 4 0 1413 3023 2920 2272 
782 4 0 2054 366 1474 2309 
783 4 0 4258 2831 2875 2366 
784 4 0 1810 1189 2514 2438 
785 4 0 1869 1860 1870 2255 
786 4 0 2083 880 950 3001 
787 4 0 1276 1189 2514 1810 
788 4 0 1140 905 2200 1141 
789 4 0 1140 905 1754 2200 
790 4 0 2030 2214 391 1070 
791 4 0 391 2475 1923 2030 
792 4 0 391 1923 525 2214 
793 4 0 2386 2709 2196 2299 
794 4 0 874 1130 1131 1828 
795 4 0 4258 2875 2333 2366 
796 4 0 2831 4258 2133 3524 
797 4 0 2780 1131 374 1294 
798 4 0 24 360 684 18 
799 4 0 4415 3755 4535 665 
800 4 0 2668 509 2421 1930 
801 4 0 1893 1165 1127 2509 
802 4 0 950 3001 1963 2083 
803 4 0 435 2160 517 2155 
804 4 0 2124 2160 2054 2155 
805 4 0 2422 3228 1970 2294 
806 4 0 517 2124 2155 2160 
807 4 0 3121 950 1963 2083 
808 4 0 3121 950 2083 951 
809 4 0 2647 1433 2594 404 
810 4 0 3558 1760 4497 2335 
811 4 0 745 289 276 312 
812 4 0 755 289 276 745 
813 4 0 2092 3447 2060 2721 
814 4 0 321 312 329 745 
815 4 0 1211 321 329 749 
816 4 0 748 341 312 351 
817 4 0 331 341 748 757 
818 4 0 748 351 752 757 
819 4 0 752 348 3390 400 
820 4 0 752 348 400 351 
821 4 0 2485 3635 3600 1322 
822 4 0 301 750 310 1988 
823 4 0 2666 352 750 758 
824 4 0 342 352 750 2666 
825 4 0 584 2109 2798 592 
826 4 0 277 750 313 278 
827 4 0 1189 3520 2062 892 
828 4 0 751 334 1946 323 
829 4 0 342 750 332 2666 
830 4 0 959 2146 1364 1935 
831 4 0 2290 2213 2306 1910 
832 4 0 751 323 314 334 
833 4 0 2059 959 378 807 
834 4 0 761 278 750 277 
835 4 0 278 750 313 291 
836 4 0 2670 3358 444 2065 
837 4 0 748 304 754 298 
838 4 0 2670 444 2503 2065 
839 4 0 313 342 750 332 
840 4 0 317 332 313 750 
841 4 0 752 312 348 351 
842 4 0 752 312 338 348 
843 4 0 745 272 284 312 
844 4 0 745 272 312 276 
845 4 0 745 284 294 312 
846 4 0 745 294 305 312 
847 4 0 305 294 745 749 
848 4 0 321 305 745 749 
849 4 0 745 752 329 749 
850 4 0 312 745 321 305 
851 4 0 745 329 752 312 
852 4 0 294 284 745 2025 
853 4 0 748 298 745 312 
854 4 0 298 745 312 289 
855 4 0 304 748 320 312 
856 4 0 304 748 312 298 
857 4 0 1115 1920 2261 368 
858 4 0 1322 3600 2485 2201 
859 4 0 2410 2982 2201 1322 
860 4 0 750 301 313 291 
861 4 0 272 2335 2025 284 
862 4 0 272 284 2025 745 
863 4 0 745 755 272 276 
864 4 0 755 399 272 276 
865 4 0 750 306 313 317 
866 4 0 3114 2325 960 896 
867 4 0 3114 3268 960 2325 
868 4 0 750 290 313 299 
869 4 0 750 306 299 313 
870 4 0 750 277 313 290 
871 4 0 343 313 750 333 
872 4 0 301 291 750 4055 
873 4 0 461 2930 2335 3230 
874 4 0 1874 3273 679 2267 
875 4 0 2890 2823 3018 3093 
876 4 0 4041 290 1857 761 
877 4 0 3182 1463 2823 576 
878 4 0 2285 2475 1923 2116 
879 4 0 3948 2475 2285 2116 
880 4 0 309 2347 296 2445 
881 4 0 751 323 307 314 
882 4 0 751 314 307 295 
883 4 0 1535 280 4030 271 
884 4 0 1539 615 274 281 
885 4 0 350 753 3432 354 
886 4 0 1698 1696 3001 2612 
887 4 0 1846 647 1414 2130 
888 4 0 4091 2559 2612 4407 
889 4 0 1359 1262 2331 1924 
890 4 0 1924 1262 2331 1901 
891 4 0 1846 647 1260 1414 
892 4 0 2180 2043 2995 1823 
893 4 0 365 2124 517 2160 
894 4 0 2299 2709 1307 513 
895 4 0 459 2210 2067 2097 
896 4 0 435 2428 4099 511 
897 4 0 2237 642 2101 3322 
898 4 0 1938 387 2697 2411 
899 4 0 1969 4100 1994 4073 
900 4 0 896 2270 1862 1139 
901 4 0 3527 3324 2124 4237 
902 4 0 1938 387 1993 2697 
903 4 0 477 2677 566 4291 
904 4 0 2390 768 1229 2313 
905 4 0 493 2689 947 2087 
906 4 0 3377 2387 2180 1580 
907 4 0 1580 409 401 2180 
908 4 0 2387 2180 1580 401 
909 4 0 1580 3377 2995 2180 
910 4 0 2909 2431 3554 4081 
911 4 0 773 3597 214 186 
912 4 0 1413 2626 1707 2199 
913 4 0 1707 2626 589 2199 
914 4 0 3299 1142 2200 905 
915 4 0 1220 192 913 177 
916 4 0 1979 1959 2750 2006 
917 4 0 2058 774 773 3597 
918 4 0 3982 917 1564 3408 
919 4 0 1321 2740 1360 3383 
920 4 0 2032 2740 1360 1321 
921 4 0 958 2740 2032 1321 
922 4 0 153 3071 173 573 
923 4 0 3113 2553 407 2183 
924 4 0 3391 2289 517 3148 
925 4 0 3713 2544 2678 1267 
926 4 0 2135 1353 2690 2018 
927 4 0 904 2190 385 2399 
928 4 0 2809 4057 1254 3062 
929 4 0 3803 4188 1424 703 
930 4 0 554 4595 3966 155 
931 4 0 793 791 2770 1033 
932 4 0 281 1539 1185 2563 
933 4 0 2889 3880 2487 369 
934 4 0 687 2171 4249 37 
935 4 0 2236 2083 1963 2537 
936 4 0 2677 2792 1106 3214 
937 4 0 2722 3479 1823 1819 
938 4 0 2723 3565 892 121 
939 4 0 394 1605 2355 1511 
940 4 0 1824 2238 906 2157 
941 4 0 2723 892 3565 2164 
942 4 0 2018 2643 2090 2986 
943 4 0 2090 2986 2643 3096 
944 4 0 409 2591 2308 2152 
945 4 0 4032 2196 2573 930 
946 4 0 3092 4309 816 3195 
947 4 0 788 786 3678 2386 
948 4 0 760 1826 613 2180 
949 4 0 466 880 3001 2559 
950 4 0 1957 409 2308 2152 
951 4 0 760 2426 401 2180 
952 4 0 760 613 2426 2180 
953 4 0 1957 2180 760 401 
954 4 0 1189 2438 1810 3016 
955 4 0 2723 892 2164 3016 
956 4 0 2018 657 3649 2986 
957 4 0 2083 665 951 506 
958 4 0 1795 2696 361 4097 
959 4 0 1833 1832 1819 2553 
960 4 0 793 1033 2049 1032 
961 4 0 2111 1033 1032 2049 
962 4 0 1707 4101 2213 1910 
963 4 0 452 3973 584 2641 
964 4 0 2213 4101 2288 1910 
965 4 0 2566 3250 2052 3095 
966 4 0 768 2012 1229 2313 
967 4 0 1792 3527 2124 4237 
968 4 0 2795 2313 2012 768 
969 4 0 2566 3627 3517 2052 
970 4 0 1872 684 2192 360 
971 4 0 1373 3394 3104 969 
972 4 0 2678 2390 768 1229 
973 4 0 1938 387 4085 2999 
974 4 0 3394 1821 3104 969 
975 4 0 536 635 2039 2360 
976 4 0 536 1974 2241 1996 
977 4 0 1965 1085 2591 3143 
978 4 0 2241 536 2796 2265 
979 4 0 2016 436 1962 1997 
980 4 0 430 3415 2174 2831 
981 4 0 430 1967 2174 2999 
982 4 0 1581 1962 2890 1997 
983 4 0 1967 2174 2831 430 
984 4 0 1468 3324 2028 2124 
985 4 0 1809 2299 437 2573 
986 4 0 1581 1962 1997 2016 
987 4 0 2519 2016 1962 1581 
988 4 0 1681 382 2314 146 
989 4 0 4445 2510 4057 798 
990 4 0 1963 678 2132 518 
991 4 0 209 4487 377 187 
992 4 0 3559 1769 1070 3343 
993 4 0 3142 1108 1251 686 
994 4 0 4618 405 845 218 
995 4 0 2779 2908 720 1508 
996 4 0 2654 3551 71 2159 
997 4 0 1508 2779 2959 720 
998 4 0 4411 190 1862 2878 
999 4 0 2654 62 71 3551 
1000 4 0 597 2724 1099 3237 
1001 4 0 3821 1125 3592 3298 
1002 4 0 2579 3653 1469 1594 
1003 4 0 2282 1746 952 777 
1004 4 0 2766 952 1264 1746 
1005 4 0 2697 766 1911 837 
1006 4 0 2766 493 1264 952 
1007 4 0 414 413 4079 1920 
1008 4 0 1590 507 145 1250 
1009 4 0 2460 2045 2456 2901 
1010 4 0 2370 2460 2045 3492 
1011 4 0 3548 3346 2227 2876 
1012 4 0 3246 1460 1189 3983 
1013 4 0 2514 3823 1189 2175 
1014 4 0 1460 1276 1189 2175 
1015 4 0 2668 194 215 852 
1016 4 0 167 180 3864 1681 
1017 4 0 2041 1949 2594 1830 
1018 4 0 949 2382 2936 1397 
1019 4 0 378 2059 2792 959 
1020 4 0 378 3357 807 2146 
1021 4 0 2224 2146 959 1935 
1022 4 0 2912 2052 3459 3627 
1023 4 0 3250 3627 2052 2912 
1024 4 0 2481 2396 2197 2701 
1025 4 0 2701 2396 2197 389 
1026 4 0 156 3577 3077 130 
1027 4 0 468 1593 3662 825 
1028 4 0 896 958 2032 1321 
1029 4 0 592 2109 454 593 
1030 4 0 468 1593 661 1326 
1031 4 0 1321 2032 896 498 
1032 4 0 3752 3500 2740 958 
1033 4 0 2320 2831 2096 176 
1034 4 0 896 379 3752 3500 
1035 4 0 1930 2421 2253 2351 
1036 4 0 777 2022 528 2087 
1037 4 0 1746 528 3217 777 
1038 4 0 4253 123 1736 865 
1039 4 0 1165 1139 376 2636 
1040 4 0 4159 1508 4563 3073 
1041 4 0 1581 2851 1351 2016 
1042 4 0 1932 466 880 2083 
1043 4 0 1841 3539 885 2853 
1044 4 0 406 2063 3383 955 
1045 4 0 2741 1555 366 2316 
1046 4 0 163 164 379 3500 
1047 4 0 1137 1129 406 955 
1048 4 0 905 3299 2378 2435 
1049 4 0 2184 2656 2427 4070 
1050 4 0 2936 720 2879 2779 
1051 4 0 2936 2779 363 4135 
1052 4 0 958 2740 1321 3222 
1053 4 0 958 3500 2740 3222 
1054 4 0 1192 3119 1517 1521 
1055 4 0 2838 452 2339 2050 
1056 4 0 2512 969 1821 2188 
1057 4 0 2339 2838 2050 2977 
1058 4 0 1838 2346 588 445 
1059 4 0 3218 2364 1156 2637 
1060 4 0 1927 2134 2404 1810 
1061 4 0 2364 1156 3357 3218 
1062 4 0 2 1397 236 2382 
1063 4 0 3736 3264 1859 12 
1064 4 0 4180 2786 2957 2446 
1065 4 0 2446 2786 2957 2409 
1066 4 0 2409 2957 3898 2786 
1067 4 0 881 127 469 118 
1068 4 0 2180 613 2426 2651 
1069 4 0 2957 2786 4180 2096 
1070 4 0 2096 3548 2957 2786 
1071 4 0 665 3423 2672 506 
1072 4 0 2435 2659 2029 3319 
1073 4 0 2187 4272 3341 2946 
1074 4 0 3939 1461 1131 406 
1075 4 0 2197 2091 2659 2701 
1076 4 0 435 517 3741 1941 
1077 4 0 3258 517 3275 3741 
1078 4 0 3201 2157 2311 530 
1079 4 0 1955 412 2956 1375 
1080 4 0 2679 2233 2670 3358 
1081 4 0 292 282 4007 4130 
1082 4 0 1922 2178 2129 1579 
1083 4 0 2540 2422 3287 2196 
1084 4 0 584 537 591 452 
1085 4 0 4140 1676 2545 3960 
1086 4 0 3669 2941 4593 3966 
1087 4 0 2803 2060 1816 2789 
1088 4 0 1353 2328 599 3184 
1089 4 0 2127 1870 3329 2429 
1090 4 0 2851 1581 1997 2016 
1091 4 0 681 2192 2244 1818 
1092 4 0 2028 1922 372 1468 
1093 4 0 2316 3832 2054 2033 
1094 4 0 1463 2714 1997 1361 
1095 4 0 4271 824 3762 642 
1096 4 0 2042 2335 1211 749 
1097 4 0 825 653 2431 826 
1098 4 0 1115 4101 1707 1910 
1099 4 0 1115 1707 2261 1910 
1100 4 0 892 2273 1451 2737 
1101 4 0 2208 3872 1011 2935 
1102 4 0 1910 2288 2213 2306 
1103 4 0 3872 2853 1011 2935 
1104 4 0 1899 2183 1392 1133 
1105 4 0 2431 2090 467 468 
1106 4 0 2431 467 2090 2237 
1107 4 0 1254 2378 2091 2659 
1108 4 0 467 2237 2431 3556 
1109 4 0 2346 1707 2290 3276 
1110 4 0 2709 3196 1307 1741 
1111 4 0 1364 2658 2211 2146 
1112 4 0 506 664 2168 1904 
1113 4 0 363 2254 3075 2004 
1114 4 0 3506 2995 2043 2722 
1115 4 0 69 691 2693 78 
1116 4 0 3082 1893 2116 3274 
1117 4 0 3872 1570 1011 1841 
1118 4 0 2342 1893 2116 3082 
1119 4 0 2170 2233 2670 799 
1120 4 0 799 2670 2170 2093 
1121 4 0 1570 3617 1011 1841 
1122 4 0 799 2170 1675 2093 
1123 4 0 2827 2312 2071 860 
1124 4 0 528 1102 2022 777 
1125 4 0 1103 897 373 4002 
1126 4 0 860 2312 2071 2285 
1127 4 0 2378 3703 2221 3681 
1128 4 0 2236 2083 3170 951 
1129 4 0 951 665 1463 506 
1130 4 0 4166 3984 4645 4086 
1131 4 0 723 1838 3276 1944 
1132 4 0 4076 2889 3496 2950 
1133 4 0 3143 2591 3417 330 
1134 4 0 2963 2335 1211 2042 
1135 4 0 4103 4106 4063 4701 
1136 4 0 1131 874 1461 3269 
1137 4 0 1359 1262 2644 2331 
1138 4 0 2331 2644 1901 1262 
1139 4 0 2428 2316 2054 2586 
1140 4 0 2208 3872 2935 1540 
1141 4 0 2201 3837 2351 2045 
1142 4 0 2237 2431 2891 2090 
1143 4 0 1364 2146 2211 1935 
1144 4 0 896 379 2078 3114 
1145 4 0 2088 4079 414 413 
1146 4 0 390 3358 1212 2021 
1147 4 0 3901 3590 1281 3408 
1148 4 0 4461 3494 3535 1803 
1149 4 0 1537 4344 2586 3904 
1150 4 0 3457 2551 3586 2824 
1151 4 0 430 1993 837 1938 
1152 4 0 430 1993 1958 2641 
1153 4 0 1978 2316 2054 2033 
1154 4 0 3778 2327 2682 1871 
1155 4 0 1871 3778 2230 2439 
1156 4 0 2367 445 2209 587 
1157 4 0 1963 678 2846 2132 
1158 4 0 2085 3762 2500 3322 
1159 4 0 1949 874 1808 437 
1160 4 0 1367 3158 3689 1693 
1161 4 0 665 3423 506 2083 
1162 4 0 3170 665 741 3018 
1163 4 0 2795 2313 3329 2194 
1164 4 0 3329 3264 2795 2194 
1165 4 0 3264 2194 2392 31 
1166 4 0 2316 1714 1561 2480 
1167 4 0 564 1258 1256 1255 
1168 4 0 1291 1255 3062 1256 
1169 4 0 2465 408 2596 4630 
1170 4 0 4261 2475 2312 3948 
1171 4 0 1771 527 1010 3844 
1172 4 0 3548 3909 2227 3346 
1173 4 0 4510 3554 1913 1501 
1174 4 0 2234 2464 2407 1493 
1175 4 0 958 3752 2032 2740 
1176 4 0 950 1963 2132 2628 
1177 4 0 3616 1360 2422 3287 
1178 4 0 3289 1360 954 2422 
1179 4 0 1963 2230 2439 2082 
1180 4 0 874 437 1461 3269 
1181 4 0 1949 1294 874 2780 
1182 4 0 1084 3094 651 464 
1183 4 0 4420 2168 820 3338 
1184 4 0 4415 3755 665 741 
1185 4 0 1963 3121 3094 2082 
1186 4 0 464 1963 3121 3094 
1187 4 0 461 2863 2210 459 
1188 4 0 3374 4544 85 3995 
1189 4 0 2330 2090 2892 468 
1190 4 0 1493 2148 2407 4074 
1191 4 0 3553 24 684 18 
1192 4 0 3118 2448 1375 860 
1193 4 0 3553 42 24 18 
1194 4 0 2448 3401 1375 860 
1195 4 0 2264 2326 969 2393 
1196 4 0 3104 2326 2393 969 
1197 4 0 363 2254 2936 4135 
1198 4 0 1336 2494 2983 1841 
1199 4 0 1336 2494 1382 2983 
1200 4 0 4173 2766 4531 4029 
1201 4 0 4372 240 1673 3085 
1202 4 0 416 4372 3114 2325 
1203 4 0 618 379 200 174 
1204 4 0 1537 2676 2316 2586 
1205 4 0 1462 3689 2157 2238 
1206 4 0 1861 77 84 41 
1207 4 0 1921 3003 2049 1033 
1208 4 0 409 1957 1823 2152 
1209 4 0 1387 2778 470 3581 
1210 4 0 1620 2998 3572 1619 
1211 4 0 3281 2778 470 1387 
1212 4 0 435 2428 2155 4099 
1213 4 0 1070 391 2030 2475 
1214 4 0 3572 4314 1619 2998 
1215 4 0 2140 2622 2770 3276 
1216 4 0 1861 41 16 34 
1217 4 0 2236 3277 4502 1395 
1218 4 0 1299 867 803 1821 
1219 4 0 2118 4001 458 744 
1220 4 0 2211 2463 1364 2583 
1221 4 0 2586 2955 555 2319 
1222 4 0 2260 2251 392 480 
1223 4 0 2431 2892 3554 4081 
1224 4 0 436 2289 1962 2472 
1225 4 0 436 2289 2519 1962 
1226 4 0 1322 1804 943 1600 
1227 4 0 2510 2170 4057 2094 
1228 4 0 2143 613 631 1826 
1229 4 0 2078 1283 379 1862 
1230 4 0 2792 2064 2677 1106 
1231 4 0 329 752 3390 1211 
1232 4 0 477 1622 2792 3352 
1233 4 0 2792 1622 2677 2064 
1234 4 0 2809 2170 1254 4057 
1235 4 0 4057 798 2510 3110 
1236 4 0 462 3160 3420 1011 
1237 4 0 1656 658 2018 3374 
1238 4 0 2641 537 590 584 
1239 4 0 3342 3003 1921 769 
1240 4 0 1921 4079 769 413 
1241 4 0 1126 165 149 175 
1242 4 0 2088 413 769 4079 
1243 4 0 4079 3342 1921 769 
1244 4 0 4079 3342 769 2088 
1245 4 0 837 1938 2999 430 
1246 4 0 96 175 1126 126 
1247 4 0 104 175 1126 96 
1248 4 0 862 2550 1958 1176 
1249 4 0 3017 1176 2584 2110 
1250 4 0 2346 445 2793 2367 
1251 4 0 1958 2412 2432 2948 
1252 4 0 1623 380 168 191 
1253 4 0 4430 3531 4327 2033 
1254 4 0 2207 523 1085 3143 
1255 4 0 2626 589 600 446 
1256 4 0 4517 4516 4522 2672 
1257 4 0 3635 893 1322 943 
1258 4 0 2905 364 2095 3496 
1259 4 0 3197 2487 2500 2008 
1260 4 0 1251 949 687 2 
1261 4 0 951 2083 3170 665 
1262 4 0 2236 3018 3170 741 
1263 4 0 588 1707 2367 2346 
1264 4 0 2466 664 2661 4398 
1265 4 0 954 3289 2383 955 
1266 4 0 701 2981 834 2314 
1267 4 0 15 3943 2682 2381 
1268 4 0 4032 2720 2196 2540 
1269 4 0 3184 599 2031 2085 
1270 4 0 4518 3162 2470 2402 
1271 4 0 2180 760 1826 1957 
1272 4 0 1937 2770 428 2167 
1273 4 0 1910 2261 3276 1707 
1274 4 0 3149 2519 4237 2124 
1275 4 0 2588 2778 3581 470 
1276 4 0 1085 2591 1983 2152 
1277 4 0 3281 2778 1262 470 
1278 4 0 2390 45 1861 56 
1279 4 0 4524 127 118 469 
1280 4 0 2472 2745 2022 2289 
1281 4 0 2062 3520 2273 892 
1282 4 0 2636 376 1986 1139 
1283 4 0 939 3880 2905 2095 
1284 4 0 2831 2320 1967 2875 
1285 4 0 756 295 751 307 
1286 4 0 286 314 751 295 
1287 4 0 4095 2313 4094 1635 
1288 4 0 2119 2387 401 3495 
1289 4 0 2387 3200 3495 2119 
1290 4 0 1545 1217 50 2099 
1291 4 0 2386 2196 2709 3482 
1292 4 0 2237 2090 2891 3184 
1293 4 0 2792 3214 4291 1598 
1294 4 0 4291 2399 959 2059 
1295 4 0 460 3592 811 2471 
1296 4 0 1944 368 3023 2626 
1297 4 0 2272 3023 368 1413 
1298 4 0 1920 368 1115 2272 
1299 4 0 4167 733 1789 734 
1300 4 0 608 2797 1789 733 
1301 4 0 1433 3274 2617 1813 
1302 4 0 1433 2041 3274 1813 
1303 4 0 1828 1922 1130 1579 
1304 4 0 286 4025 1643 295 
1305 4 0 4417 4337 4493 1076 
1306 4 0 438 2394 2018 3475 
1307 4 0 3482 2032 1360 3047 
1308 4 0 3477 2734 2097 2695 
1309 4 0 2011 916 418 3870 
1310 4 0 3309 2695 3477 2097 
1311 4 0 2134 844 383 1307 
1312 4 0 3602 844 383 2134 
1313 4 0 1841 1570 4130 3872 
1314 4 0 1841 4130 282 3872 
1315 4 0 1122 389 1121 994 
1316 4 0 860 1817 1212 2285 
1317 4 0 1955 4098 412 1375 
1318 4 0 844 2164 1307 1810 
1319 4 0 614 2850 3619 2080 
1320 4 0 2178 1128 2129 1579 
1321 4 0 113 1622 4251 4298 
1322 4 0 379 1340 3114 200 
1323 4 0 4092 2223 4090 3669 
1324 4 0 2184 690 2654 2327 
1325 4 0 3551 689 2654 902 
1326 4 0 3250 3095 2979 2912 
1327 4 0 2566 3627 2052 3250 
1328 4 0 1371 3220 969 2393 
1329 4 0 3640 463 2378 1975 
1330 4 0 3640 2471 463 1975 
1331 4 0 1813 1433 2041 2647 
1332 4 0 3362 1088 1008 3421 
1333 4 0 441 2456 439 2901 
1334 4 0 687 19 1288 28 
1335 4 0 3148 2158 2072 2289 
1336 4 0 1387 1001 3581 470 
1337 4 0 2575 2274 2367 2213 
1338 4 0 1933 2826 2204 3513 
1339 4 0 1134 386 1293 1133 
1340 4 0 2224 2364 1935 1538 
1341 4 0 524 1767 935 936 
1342 4 0 2628 2988 1903 1475 
1343 4 0 967 1767 524 568 
1344 4 0 3110 798 4416 2310 
1345 4 0 3110 3293 2810 2310 
1346 4 0 2810 798 3110 2310 
1347 4 0 967 4349 1767 568 
1348 4 0 3559 3067 3794 4350 
1349 4 0 4349 965 564 3146 
1350 4 0 965 4349 564 568 
1351 4 0 905 1141 1142 2200 
1352 4 0 3137 2667 372 2692 
1353 4 0 1846 647 2130 3248 
1354 4 0 3248 1846 1559 2130 
1355 4 0 2233 389 3358 2396 
1356 4 0 2307 754 2547 2243 
1357 4 0 3505 4473 4317 1038 
1358 4 0 4483 3014 4283 2354 
1359 4 0 2692 1978 2028 3324 
1360 4 0 1478 2130 556 1414 
1361 4 0 2692 565 2028 1978 
1362 4 0 565 366 1474 1978 
1363 4 0 1978 565 366 2741 
1364 4 0 642 3556 466 3322 
1365 4 0 2778 3281 1303 441 
1366 4 0 2709 1307 513 1741 
1367 4 0 2130 556 4083 1478 
1368 4 0 3443 391 1770 525 
1369 4 0 2142 603 444 904 
1370 4 0 3751 2617 405 2613 
1371 4 0 4113 1997 436 2016 
1372 4 0 1236 1452 2744 3463 
1373 4 0 970 2887 2784 2997 
1374 4 0 2682 29 3943 15 
1375 4 0 3327 2911 1636 1918 
1376 4 0 3411 1825 3432 2529 
1377 4 0 2260 1014 508 1522 
1378 4 0 1011 2198 3420 462 
1379 4 0 2198 3420 462 2034 
1380 4 0 905 2659 2029 2435 
1381 4 0 3826 3135 1120 1035 
1382 4 0 2391 1120 3826 3135 
1383 4 0 2690 1353 2280 2018 
1384 4 0 2138 2010 1475 3329 
1385 4 0 366 2316 2054 1978 
1386 4 0 1289 2078 4626 1340 
1387 4 0 3513 2826 2204 676 
1388 4 0 2165 676 3513 2204 
1389 4 0 300 318 3140 4130 
1390 4 0 2255 1870 2126 2429 
1391 4 0 1869 2126 2255 1870 
1392 4 0 2335 294 2025 284 
1393 4 0 4642 4651 3889 3805 
1394 4 0 1993 2641 1911 2278 
1395 4 0 2714 1361 2606 1997 
1396 4 0 803 1911 1912 563 
1397 4 0 4032 2540 3180 2720 
1398 4 0 2260 2259 2251 3535 
1399 4 0 4070 2572 4071 4097 
1400 4 0 4070 3372 2158 4071 
1401 4 0 1030 3752 164 1316 
1402 4 0 4097 2572 4071 361 
1403 4 0 2168 2976 2748 534 
1404 4 0 2168 534 2748 1902 
1405 4 0 2204 481 1169 984 
1406 4 0 1933 2826 481 2204 
1407 4 0 3982 2355 1511 2036 
1408 4 0 466 2559 3001 3125 
1409 4 0 2204 675 676 1667 
1410 4 0 4426 1033 3003 769 
1411 4 0 4076 2008 939 2889 
1412 4 0 4426 769 3779 979 
1413 4 0 454 593 2109 3429 
1414 4 0 2458 1991 4090 1928 
1415 4 0 492 1991 2458 1928 
1416 4 0 3867 442 1900 518 
1417 4 0 1054 828 536 1053 
1418 4 0 685 1251 947 2004 
1419 4 0 958 3222 1321 2389 
1420 4 0 2579 4422 2068 459 
1421 4 0 2928 2469 1978 2757 
1422 4 0 992 1454 1598 234 
1423 4 0 3629 1125 3821 3298 
1424 4 0 1390 1543 1592 1542 
1425 4 0 994 1122 389 4001 
1426 4 0 1353 1581 1792 3149 
1427 4 0 2588 2778 470 1262 
1428 4 0 996 1038 1036 3604 
1429 4 0 809 2277 4149 412 
1430 4 0 2290 3209 2274 4579 
1431 4 0 2908 2779 720 2936 
1432 4 0 2814 2289 4210 4425 
1433 4 0 2041 1893 2116 1831 
1434 4 0 2330 1806 2090 657 
1435 4 0 810 2396 4001 1375 
1436 4 0 2330 1806 657 658 
1437 4 0 1656 657 2018 658 
1438 4 0 3412 2289 2022 2662 
1439 4 0 2155 2160 2428 435 
1440 4 0 435 2160 2428 4583 
1441 4 0 3210 3217 2087 493 
1442 4 0 2826 1015 1016 170 
1443 4 0 2969 860 2396 3358 
1444 4 0 467 2090 3096 468 
1445 4 0 468 657 2330 2090 
1446 4 0 2324 3615 393 2638 
1447 4 0 2626 588 589 446 
1448 4 0 1707 2626 588 589 
1449 4 0 588 1707 1838 2626 
1450 4 0 588 2626 1838 446 
1451 4 0 774 773 450 2058 
1452 4 0 3700 1170 2556 981 
1453 4 0 4179 4347 1170 3446 
1454 4 0 2132 482 678 2846 
1455 4 0 223 1509 247 3407 
1456 4 0 450 774 3688 773 
1457 4 0 3700 2556 1170 1018 
1458 4 0 3076 2865 505 4198 
1459 4 0 505 3312 1613 2865 
1460 4 0 1613 505 2865 4198 
1461 4 0 2865 2210 505 3312 
1462 4 0 466 2083 2256 465 
1463 4 0 570 900 1468 372 
1464 4 0 2386 2196 2825 2299 
1465 4 0 2404 2617 444 1813 
1466 4 0 2325 2399 3526 2893 
1467 4 0 3532 509 4022 4640 
1468 4 0 3047 3454 2709 2032 
1469 4 0 543 1814 893 1820 
1470 4 0 1860 26 1861 35 
1471 4 0 1346 2530 2519 2754 
1472 4 0 2538 4 1397 687 
1473 4 0 3334 3131 2232 3551 
1474 4 0 3308 3415 2174 430 
1475 4 0 2966 1429 3013 2111 
1476 4 0 2429 2127 1905 2010 
1477 4 0 2429 1905 2415 2010 
1478 4 0 3110 2810 3062 4057 
1479 4 0 1294 1949 1829 1830 
1480 4 0 3110 3062 2810 3293 
1481 4 0 3147 1792 3149 1353 
1482 4 0 385 2170 2094 3826 
1483 4 0 1899 1085 1965 357 
1484 4 0 950 1963 3001 2132 
1485 4 0 2082 1963 950 2439 
1486 4 0 3564 2467 2229 1060 
1487 4 0 4081 2892 3554 2361 
1488 4 0 1064 3217 2621 4219 
1489 4 0 2290 2793 1971 2367 
1490 4 0 2542 528 3647 1746 
1491 4 0 2793 2367 445 4169 
1492 4 0 3815 4508 442 939 
1493 4 0 4445 2510 1116 2170 
1494 4 0 339 753 3432 350 
1495 4 0 1971 2793 4169 2367 
1496 4 0 1634 435 1202 517 
1497 4 0 2134 844 1810 1927 
1498 4 0 3690 3222 3020 2715 
1499 4 0 2117 656 1942 1019 
1500 4 0 656 1355 1822 1942 
1501 4 0 1812 3963 2410 532 
1502 4 0 532 2710 1811 1812 
1503 4 0 1812 532 2410 1811 
1504 4 0 2827 2448 3118 860 
1505 4 0 532 3963 2710 1812 
1506 4 0 2795 2010 2138 3329 
1507 4 0 772 2415 2922 3790 
1508 4 0 2313 2795 3329 2429 
1509 4 0 1612 1003 399 276 
1510 4 0 1963 3094 464 3867 
1511 4 0 1688 3255 957 2748 
1512 4 0 1003 399 276 272 
1513 4 0 2617 2647 2404 3751 
1514 4 0 1813 2647 2617 1433 
1515 4 0 4504 4552 466 2526 
1516 4 0 639 1917 599 2085 
1517 4 0 2526 466 890 4552 
1518 4 0 2642 4452 1917 599 
1519 4 0 72 2232 3776 3205 
1520 4 0 3553 47 42 36 
1521 4 0 2588 181 2644 470 
1522 4 0 4248 2122 4505 4686 
1523 4 0 80 3551 2232 3205 
1524 4 0 2116 2475 1923 2342 
1525 4 0 2429 768 2795 2010 
1526 4 0 2779 2879 2936 363 
1527 4 0 2761 953 2294 2928 
1528 4 0 2593 4538 465 3746 
1529 4 0 1361 953 1970 2761 
1530 4 0 2316 3680 3832 2033 
1531 4 0 2096 2786 4180 3599 
1532 4 0 3599 3548 2096 2786 
1533 4 0 2240 1833 3113 2152 
1534 4 0 3113 2553 1899 1833 
1535 4 0 2301 579 2226 1242 
1536 4 0 1851 1470 1019 3774 
1537 4 0 568 965 524 525 
1538 4 0 936 3082 524 525 
1539 4 0 965 564 525 568 
1540 4 0 1903 1475 2127 945 
1541 4 0 524 936 525 965 
1542 4 0 3468 1078 2798 4449 
1543 4 0 1613 505 4492 3312 
1544 4 0 2542 1496 3726 2282 
1545 4 0 437 3269 1809 2573 
1546 4 0 2492 1933 1901 2887 
1547 4 0 2536 2728 4492 3294 
1548 4 0 2760 2405 442 4076 
1549 4 0 1812 1460 2942 1276 
1550 4 0 2074 2303 2977 1704 
1551 4 0 3830 2977 2303 1704 
1552 4 0 1009 2097 505 3309 
1553 4 0 3320 1704 2977 3830 
1554 4 0 1002 4365 4337 1000 
1555 4 0 2146 473 2055 472 
1556 4 0 1004 1086 384 1000 
1557 4 0 2146 2211 1935 2055 
1558 4 0 372 2573 2720 1468 
1559 4 0 2279 1952 4369 2859 
1560 4 0 2649 3693 3481 1091 
1561 4 0 3481 1091 3693 3450 
1562 4 0 1136 2084 2879 2248 
1563 4 0 409 1983 3729 2591 
1564 4 0 1635 3131 902 689 
1565 4 0 540 1355 3798 3084 
1566 4 0 2760 2405 3131 2830 
1567 4 0 3551 902 3131 689 
1568 4 0 2327 3953 2682 1217 
1569 4 0 1819 2589 2553 1832 
1570 4 0 1832 2030 879 1167 
1571 4 0 2472 2745 2289 1962 
1572 4 0 532 1804 1322 1811 
1573 4 0 352 2666 1378 1914 
1574 4 0 433 1943 2272 1791 
1575 4 0 3703 3836 3203 1975 
1576 4 0 3203 3703 1975 2378 
1577 4 0 1903 2010 2742 2106 
1578 4 0 2538 2382 236 1397 
1579 4 0 2100 2538 1397 2382 
1580 4 0 775 470 181 1758 
1581 4 0 2169 1753 571 2019 
1582 4 0 2824 1743 2697 2089 
1583 4 0 1759 558 773 186 
1584 4 0 2411 2824 2697 2089 
1585 4 0 2224 2056 1688 497 
1586 4 0 2509 1165 1127 2353 
1587 4 0 3602 4620 171 1265 
1588 4 0 1414 1847 1562 1661 
1589 4 0 1968 1816 1915 2060 
1590 4 0 586 2009 1821 1299 
1591 4 0 1915 1544 2060 1816 
1592 4 0 2060 2217 1544 3297 
1593 4 0 2095 2322 2889 3856 
1594 4 0 2831 3909 3249 3415 
1595 4 0 479 471 1825 631 
1596 4 0 471 1825 3411 1470 
1597 4 0 2362 375 2361 1739 
1598 4 0 1970 2457 3228 2422 
1599 4 0 2085 3184 2008 2031 
1600 4 0 2008 3184 2158 2031 
1601 4 0 3647 4385 528 2542 
1602 4 0 2473 3268 904 1674 
1603 4 0 2910 2406 1688 497 
1604 4 0 3148 2124 517 3391 
1605 4 0 1862 1105 4182 2878 
1606 4 0 956 1688 2224 957 
1607 4 0 2709 3454 3047 1741 
1608 4 0 1688 2406 2224 497 
1609 4 0 1106 619 2792 2064 
1610 4 0 2074 2884 538 1704 
1611 4 0 1099 2108 956 506 
1612 4 0 3115 593 2109 585 
1613 4 0 648 2824 4085 2035 
1614 4 0 648 2035 4085 2253 
1615 4 0 2237 1353 2090 3184 
1616 4 0 3411 4234 4381 3365 
1617 4 0 1945 2991 2280 2018 
1618 4 0 1806 1807 2179 2018 
1619 4 0 3147 1806 2179 2018 
1620 4 0 1807 1945 2179 2018 
1621 4 0 4234 3411 2983 3365 
1622 4 0 450 2502 2783 2066 
1623 4 0 3290 2280 2800 1945 
1624 4 0 975 2280 3025 3290 
1625 4 0 3246 1810 3520 1189 
1626 4 0 1212 2065 2285 444 
1627 4 0 2904 361 4071 2572 
1628 4 0 3303 743 1112 2657 
1629 4 0 537 3827 384 1262 
1630 4 0 2250 2344 508 2260 
1631 4 0 2344 508 2260 1014 
1632 4 0 1968 2060 2721 1816 
1633 4 0 2503 2065 2655 1445 
1634 4 0 3148 2124 2155 517 
1635 4 0 377 4127 1343 187 
1636 4 0 2503 2065 444 2655 
1637 4 0 1893 1831 1923 2116 
1638 4 0 1863 67 1861 55 
1639 4 0 2396 2481 2969 2701 
1640 4 0 1135 2879 949 2936 
1641 4 0 2424 2448 2722 3506 
1642 4 0 4480 4433 1955 4098 
1643 4 0 2469 2294 367 2084 
1644 4 0 2480 2316 2676 366 
1645 4 0 3219 2480 4613 2676 
1646 4 0 2480 2676 3219 366 
1647 4 0 2362 375 1739 2223 
1648 4 0 3202 104 2881 2968 
1649 4 0 126 175 1126 149 
1650 4 0 248 1127 225 3202 
1651 4 0 2022 2289 2814 2472 
1652 4 0 2290 428 2167 1937 
1653 4 0 2234 2802 2298 2407 
1654 4 0 2234 2464 2802 2407 
1655 4 0 1 2209 2242 2203 
1656 4 0 2407 428 2290 1937 
1657 4 0 892 2069 3565 2164 
1658 4 0 2679 860 2065 2312 
1659 4 0 1446 2065 1435 1436 
1660 4 0 4094 4095 1635 1493 
1661 4 0 3679 2053 205 1372 
1662 4 0 1754 905 2029 2200 
1663 4 0 1957 2043 2180 1823 
1664 4 0 1957 401 409 2180 
1665 4 0 4139 2942 2710 1460 
1666 4 0 1140 1986 2636 1754 
1667 4 0 2029 905 2435 3343 
1668 4 0 2169 946 571 1753 
1669 4 0 2169 3886 1242 2230 
1670 4 0 2108 611 2406 956 
1671 4 0 1444 2617 1443 3704 
1672 4 0 3527 3324 2720 1468 
1673 4 0 2056 497 2792 1622 
1674 4 0 3352 498 896 2032 
1675 4 0 368 1920 413 2272 
1676 4 0 1915 1600 418 2070 
1677 4 0 1127 3202 178 199 
1678 4 0 513 4582 1728 515 
1679 4 0 2236 2083 2537 465 
1680 4 0 1466 449 448 2492 
1681 4 0 506 1904 2168 956 
1682 4 0 2168 1984 3598 820 
1683 4 0 1449 3202 124 142 
1684 4 0 1449 3202 142 160 
1685 4 0 2475 2030 908 1923 
1686 4 0 1127 225 3202 199 
1687 4 0 2889 426 2487 3880 
1688 4 0 2660 2402 1242 3121 
1689 4 0 4438 1977 2457 597 
1690 4 0 374 1294 2968 3145 
1691 4 0 1963 2230 2628 2439 
1692 4 0 3589 2031 2631 2731 
1693 4 0 3372 4070 659 2427 
1694 4 0 2116 2342 1923 1893 
1695 4 0 1550 2577 2410 834 
1696 4 0 3798 1479 1378 1098 
1697 4 0 2469 953 2294 2084 
1698 4 0 3024 2799 2217 1544 
1699 4 0 2803 3623 3024 2799 
1700 4 0 2686 4686 1932 2661 
1701 4 0 3710 1908 1369 2843 
1702 4 0 1130 876 1129 2129 
1703 4 0 1130 1129 876 2304 
1704 4 0 2326 1987 3104 2393 
1705 4 0 2291 1870 3329 2127 
1706 4 0 2429 1870 2126 2127 
1707 4 0 4141 4680 3525 4282 
1708 4 0 2052 3517 3459 3627 
1709 4 0 1276 1460 1189 3246 
1710 4 0 2410 2201 2035 1322 
1711 4 0 1468 2299 2196 2800 
1712 4 0 913 3246 3969 1155 
1713 4 0 2426 2180 2651 3377 
1714 4 0 2422 2877 2294 954 
1715 4 0 203 807 227 851 
1716 4 0 3333 3853 2347 3233 
1717 4 0 2825 2299 437 1808 
1718 4 0 1028 2469 2294 367 
1719 4 0 3675 3586 2411 2089 
1720 4 0 844 1307 513 383 
1721 4 0 2134 383 3602 2832 
1722 4 0 2362 381 2668 1930 
1723 4 0 1276 2514 1189 2175 
1724 4 0 41 65 84 1861 
1725 4 0 1212 474 1276 2791 
1726 4 0 792 1033 4426 769 
1727 4 0 4142 769 3003 3342 
1728 4 0 4426 769 979 792 
1729 4 0 2531 2379 1418 2349 
1730 4 0 3151 4671 2259 4496 
1731 4 0 4094 2313 1229 2012 
1732 4 0 2010 2742 1475 1903 
1733 4 0 2010 2742 2138 1475 
1734 4 0 4094 2012 1229 1493 
1735 4 0 2616 1465 1514 3382 
1736 4 0 2138 2742 4423 1475 
1737 4 0 1471 3612 2531 2917 
1738 4 0 2117 3935 893 2468 
1739 4 0 2500 4509 941 3185 
1740 4 0 3961 74 362 3979 
1741 4 0 3598 3995 3155 2748 
1742 4 0 3979 362 64 74 
1743 4 0 861 1617 1993 2624 
1744 4 0 1189 621 3983 3823 
1745 4 0 2892 2330 1510 2090 
1746 4 0 513 1728 1741 515 
1747 4 0 3741 691 649 1941 
1748 4 0 2084 955 2026 2248 
1749 4 0 955 2248 2084 1136 
1750 4 0 3455 3099 362 1261 
1751 4 0 3005 2017 2467 4192 
1752 4 0 2720 2573 4032 2196 
1753 4 0 1783 2785 3442 2004 
1754 4 0 1046 2826 170 1015 
1755 4 0 2950 1493 2148 1635 
1756 4 0 2950 2322 2148 4074 
1757 4 0 2950 2322 3981 2148 
1758 4 0 2950 2148 3981 1635 
1759 4 0 3235 1127 2594 1830 
1760 4 0 2575 3041 1865 2203 
1761 4 0 1322 3600 2201 2035 
1762 4 0 3441 2129 2178 2944 
1763 4 0 1317 2935 993 2853 
1764 4 0 3600 1145 2201 669 
1765 4 0 1145 2984 2485 2982 
1766 4 0 3600 2201 2035 3371 
1767 4 0 465 3001 2083 2537 
1768 4 0 1303 2370 1704 3492 
1769 4 0 3322 642 3001 466 
1770 4 0 3114 2325 896 416 
1771 4 0 2340 480 2616 4681 
1772 4 0 398 479 2036 3382 
1773 4 0 347 401 760 337 
1774 4 0 3115 1911 563 1912 
1775 4 0 3382 1465 4056 2712 
1776 4 0 760 401 2426 337 
1777 4 0 3942 1622 2064 2677 
1778 4 0 1975 3640 3203 2378 
1779 4 0 3703 3836 1975 811 
1780 4 0 2628 2132 950 1903 
1781 4 0 2117 530 2157 1822 
1782 4 0 1364 2658 2463 2211 
1783 4 0 946 1753 2521 571 
1784 4 0 354 753 2445 350 
1785 4 0 2431 2892 468 1358 
1786 4 0 3099 1733 362 3633 
1787 4 0 370 1928 2199 1413 
1788 4 0 2199 1413 2920 370 
1789 4 0 2370 2460 3379 2045 
1790 4 0 2370 2045 3379 3371 
1791 4 0 370 1413 2920 2272 
1792 4 0 2370 3371 3379 3199 
1793 4 0 1413 2626 2199 2920 
1794 4 0 3269 900 570 3939 
1795 4 0 2354 856 3640 463 
1796 4 0 463 856 2208 3088 
1797 4 0 1893 1433 3274 935 
1798 4 0 3485 1469 3653 1594 
1799 4 0 3017 862 1176 4220 
1800 4 0 4220 3017 3157 1176 
1801 4 0 2055 3473 1935 2850 
1802 4 0 444 2021 3358 603 
1803 4 0 455 1469 2067 538 
1804 4 0 2106 1292 2836 2742 
1805 4 0 837 2999 1967 430 
1806 4 0 2836 2106 2010 2049 
1807 4 0 4348 2422 498 3287 
1808 4 0 1912 2153 3115 585 
1809 4 0 2836 2844 2322 2010 
1810 4 0 2901 4323 3597 2058 
1811 4 0 1267 4147 2678 65 
1812 4 0 2821 2917 448 3253 
1813 4 0 718 570 4568 3902 
1814 4 0 3036 2955 680 686 
1815 4 0 2213 1707 2290 2367 
1816 4 0 2424 2284 3506 2995 
1817 4 0 3324 499 3680 495 
1818 4 0 3597 3914 774 1198 
1819 4 0 3047 2032 498 497 
1820 4 0 3506 2043 2721 2722 
1821 4 0 3506 2448 2722 2721 
1822 4 0 1276 2942 1812 2070 
1823 4 0 4009 3245 461 3230 
1824 4 0 2471 3380 2520 2995 
1825 4 0 3813 3380 2471 2995 
1826 4 0 1288 3117 11 2759 
1827 4 0 1978 2054 1474 2124 
1828 4 0 2226 1047 1200 4536 
1829 4 0 1364 2583 2094 2118 
1830 4 0 694 695 4644 693 
1831 4 0 578 4552 4248 4686 
1832 4 0 4686 890 4552 4248 
1833 4 0 66 2171 59 4249 
1834 4 0 2853 1841 3872 1011 
1835 4 0 491 418 1915 2442 
1836 4 0 2442 1600 418 1915 
1837 4 0 1915 2070 418 490 
1838 4 0 1129 3939 2063 876 
1839 4 0 1915 490 418 491 
1840 4 0 4249 2171 1733 66 
1841 4 0 2689 2004 2785 2653 
1842 4 0 536 4553 1054 3015 
1843 4 0 1813 2065 2285 2116 
1844 4 0 2157 1462 2238 906 
1845 4 0 4234 3432 339 2529 
1846 4 0 3197 4081 2008 3322 
1847 4 0 3018 2890 2402 2472 
1848 4 0 1828 1922 874 1130 
1849 4 0 2127 3329 945 1475 
1850 4 0 3335 3289 2980 2634 
1851 4 0 2291 2381 945 3329 
1852 4 0 3528 2877 1026 2839 
1853 4 0 2092 2789 1817 1816 
1854 4 0 2135 2491 611 1984 
1855 4 0 2346 2793 2290 2367 
1856 4 0 1987 3312 2536 2210 
1857 4 0 2018 2491 2643 2986 
1858 4 0 2248 876 3034 2129 
1859 4 0 2248 876 2026 3034 
1860 4 0 3312 2210 505 2536 
1861 4 0 2832 1265 1850 4620 
1862 4 0 3329 3264 2194 2392 
1863 4 0 3380 463 2354 2471 
1864 4 0 1095 1948 540 1355 
1865 4 0 4504 4686 574 3423 
1866 4 0 3001 3762 1900 2537 
1867 4 0 3640 2471 2354 463 
1868 4 0 369 2008 939 1900 
1869 4 0 2164 1307 1807 1724 
1870 4 0 2456 3492 4400 1210 
1871 4 0 2354 2471 3813 3380 
1872 4 0 2052 3459 3517 3453 
1873 4 0 442 2405 659 2631 
1874 4 0 442 3094 659 2427 
1875 4 0 442 2405 2631 2008 
1876 4 0 2220 4400 2599 4383 
1877 4 0 3329 2010 2127 2429 
1878 4 0 1823 1580 409 3369 
1879 4 0 3479 1823 4218 3369 
1880 4 0 1962 2072 599 2462 
1881 4 0 1962 3149 2519 1581 
1882 4 0 1799 3213 4155 1213 
1883 4 0 331 312 748 341 
1884 4 0 351 752 312 748 
1885 4 0 1470 1825 2027 2565 
1886 4 0 3001 2846 2483 2132 
1887 4 0 1358 2073 2892 1510 
1888 4 0 331 312 320 748 
1889 4 0 2892 1510 2330 1358 
1890 4 0 1704 2977 2074 1303 
1891 4 0 2342 2116 2475 3082 
1892 4 0 2475 2342 3082 2275 
1893 4 0 3115 3675 3745 3406 
1894 4 0 3001 3762 4146 1900 
1895 4 0 155 1623 554 168 
1896 4 0 2075 2120 1469 2205 
1897 4 0 4124 831 382 4466 
1898 4 0 1219 832 4124 701 
1899 4 0 831 382 4466 207 
1900 4 0 2223 2545 771 375 
1901 4 0 3152 3516 3197 4081 
1902 4 0 701 834 2981 3879 
1903 4 0 4081 3516 2487 1739 
1904 4 0 3118 2481 2969 2396 
1905 4 0 1984 611 3598 2491 
1906 4 0 386 1085 357 2866 
1907 4 0 953 2879 2084 2497 
1908 4 0 3059 3067 3443 1770 
1909 4 0 4212 3953 4409 1545 
1910 4 0 2965 1822 530 1398 
1911 4 0 1872 1818 1753 360 
1912 4 0 2319 4073 2586 2955 
1913 4 0 4073 2676 2319 2586 
1914 4 0 3712 1586 4161 3119 
1915 4 0 509 2421 3460 2668 
1916 4 0 526 2106 1903 2506 
1917 4 0 687 28 1288 37 
1918 4 0 997 367 1071 1716 
1919 4 0 2577 1550 2410 1930 
1920 4 0 1792 1834 4237 2530 
1921 4 0 617 479 2036 398 
1922 4 0 1716 2650 2026 1071 
1923 4 0 1932 449 2911 553 
1924 4 0 3136 644 543 3573 
1925 4 0 3573 3136 644 3178 
1926 4 0 3762 2537 3867 1900 
1927 4 0 179 191 168 380 
1928 4 0 1468 2800 2720 3527 
1929 4 0 2800 3527 2540 2720 
1930 4 0 2175 473 472 2055 
1931 4 0 3187 1505 3573 3341 
1932 4 0 3047 2709 3482 2032 
1933 4 0 430 1993 2641 837 
1934 4 0 3210 493 2087 2229 
1935 4 0 3943 4212 29 3953 
1936 4 0 2075 3336 457 2120 
1937 4 0 55 41 1861 44 
1938 4 0 3412 517 2289 2662 
1939 4 0 842 2492 1924 1934 
1940 4 0 1808 1949 2130 2647 
1941 4 0 2647 2765 556 1414 
1942 4 0 2224 497 2792 2056 
1943 4 0 2386 1808 2825 2130 
1944 4 0 78 3021 3086 79 
1945 4 0 2212 1903 2076 2151 
1946 4 0 4454 2814 778 4425 
1947 4 0 2825 2386 2299 1808 
1948 4 0 3391 3654 436 2519 
1949 4 0 1195 4249 59 2171 
1950 4 0 1804 943 2011 1959 
1951 4 0 3589 2363 3419 2031 
1952 4 0 4102 4090 370 1928 
1953 4 0 1901 1933 450 3688 
1954 4 0 1940 1933 1901 3688 
1955 4 0 4102 370 1115 1928 
1956 4 0 750 758 343 333 
1957 4 0 2885 2638 538 3175 
1958 4 0 2291 3329 1870 2313 
1959 4 0 2291 3329 945 2127 
1960 4 0 2392 2313 3329 2291 
1961 4 0 2866 1539 2207 1916 
1962 4 0 3556 2431 3322 2237 
1963 4 0 3322 2431 2891 2237 
1964 4 0 2487 4081 2008 3197 
1965 4 0 2885 3132 538 2638 
1966 4 0 1254 1986 3062 960 
1967 4 0 4081 2909 3152 2581 
1968 4 0 2571 611 2135 2018 
1969 4 0 1990 2411 766 2697 
1970 4 0 615 1539 2866 1916 
1971 4 0 2996 2863 3230 2743 
1972 4 0 2594 1127 2041 1830 
1973 4 0 2075 2120 2205 3336 
1974 4 0 1873 1818 1753 1872 
1975 4 0 4399 2456 1210 4107 
1976 4 0 4389 4370 1629 3132 
1977 4 0 1904 1932 3327 1864 
1978 4 0 3958 843 2416 2349 
1979 4 0 1798 1215 3221 2638 
1980 4 0 1135 1136 2879 720 
1981 4 0 1136 2248 2879 720 
1982 4 0 2754 4237 2124 2033 
1983 4 0 3380 463 2208 3088 
1984 4 0 1400 4090 2024 3669 
1985 4 0 4090 2223 2024 3669 
1986 4 0 460 2471 1975 463 
1987 4 0 952 493 947 2087 
1988 4 0 1812 418 1811 2070 
1989 4 0 3183 3577 1510 2073 
1990 4 0 665 4535 3018 576 
1991 4 0 2175 3473 473 2055 
1992 4 0 1690 2036 1470 3247 
1993 4 0 3183 1510 2892 2073 
1994 4 0 537 452 3827 1303 
1995 4 0 3448 3379 721 4657 
1996 4 0 2439 2628 1903 1475 
1997 4 0 1303 452 2838 2050 
1998 4 0 3501 2202 4295 383 
1999 4 0 1303 452 3827 2838 
2000 4 0 2912 383 513 3501 
2001 4 0 497 3352 498 2224 
2002 4 0 383 2912 4295 3501 
2003 4 0 3446 1475 2628 2439 
2004 4 0 3501 2202 513 2386 
2005 4 0 4239 4323 1703 2603 
2006 4 0 3867 3762 2085 1049 
2007 4 0 1542 761 3628 2872 
2008 4 0 1049 891 464 2537 
2009 4 0 2519 1350 436 2016 
2010 4 0 3618 3826 1035 3135 
2011 4 0 1322 2895 2035 1814 
2012 4 0 1322 2895 1814 893 
2013 4 0 1322 3635 2895 893 
2014 4 0 1322 2895 3600 2035 
2015 4 0 1378 1019 1914 2666 
2016 4 0 1050 4366 824 3762 
2017 4 0 2032 2709 2386 3454 
2018 4 0 2033 3324 4237 2124 
2019 4 0 2955 4100 4099 2166 
2020 4 0 1398 2117 3933 2903 
2021 4 0 2229 493 2689 2467 
2022 4 0 4685 3767 3870 415 
2023 4 0 4096 4031 4394 3582 
2024 4 0 4271 4366 3762 824 
2025 4 0 2134 844 1307 1810 
2026 4 0 1145 3600 2201 2485 
2027 4 0 3837 2982 2201 2351 
2028 4 0 2399 2190 2059 992 
2029 4 0 1997 2890 2823 2472 
2030 4 0 1955 2448 2424 3506 
2031 4 0 3231 1424 3611 3253 
2032 4 0 3401 1853 1854 2517 
2033 4 0 2120 1594 1469 2205 
2034 4 0 4001 389 994 3347 
2035 4 0 1039 1124 811 1989 
2036 4 0 588 445 2151 1838 
2037 4 0 2119 401 2044 3212 
2038 4 0 1039 811 2277 1989 
2039 4 0 3320 3492 1704 2220 
2040 4 0 1871 2562 2753 2327 
2041 4 0 3255 3030 3575 475 
2042 4 0 2313 1870 1860 2429 
2043 4 0 2469 2497 4217 953 
2044 4 0 1032 793 3013 2049 
2045 4 0 790 1455 1253 166 
2046 4 0 357 1085 2207 2866 
2047 4 0 376 525 524 2636 
2048 4 0 508 3298 2208 2198 
2049 4 0 3840 2187 1959 943 
2050 4 0 2723 3016 2164 844 
2051 4 0 1307 513 2164 844 
2052 4 0 1986 960 3110 3062 
2053 4 0 3380 2471 3298 463 
2054 4 0 2224 378 959 2146 
2055 4 0 959 2146 378 807 
2056 4 0 2876 3548 3346 3599 
2057 4 0 1620 2624 2550 1218 
2058 4 0 1294 2780 4083 374 
2059 4 0 1218 2550 1620 4162 
2060 4 0 3838 2821 4402 2917 
2061 4 0 394 2616 1968 480 
2062 4 0 449 1466 2131 3801 
2063 4 0 2920 1413 2626 3023 
2064 4 0 103 582 2458 2320 
2065 4 0 632 627 3343 4350 
2066 4 0 582 129 2320 103 
2067 4 0 1635 2313 4094 2012 
2068 4 0 1635 2012 4094 1493 
2069 4 0 2012 2795 1635 2313 
2070 4 0 443 2500 3197 2487 
2071 4 0 2487 443 2609 3197 
2072 4 0 2316 1978 366 2741 
2073 4 0 617 2616 398 2036 
2074 4 0 1976 2616 617 2036 
2075 4 0 1976 2616 2036 1511 
2076 4 0 453 2075 3310 4059 
2077 4 0 3741 649 435 1941 
2078 4 0 1238 3507 2617 904 
2079 4 0 2193 3247 2117 1470 
2080 4 0 1167 2214 2636 525 
2081 4 0 1831 1167 2636 525 
2082 4 0 3018 2823 576 3093 
2083 4 0 3018 665 576 1463 
2084 4 0 506 663 2108 2168 
2085 4 0 2466 663 506 664 
2086 4 0 664 663 506 2168 
2087 4 0 2047 2061 3497 2246 
2088 4 0 2074 538 1469 455 
2089 4 0 968 4550 2415 971 
2090 4 0 2531 2185 2416 371 
2091 4 0 2075 4059 453 2081 
2092 4 0 2041 2594 1433 1893 
2093 4 0 956 611 2406 1688 
2094 4 0 2406 3955 3047 2910 
2095 4 0 1142 2378 905 3299 
2096 4 0 1893 2805 1433 935 
2097 4 0 2439 1475 945 2381 
2098 4 0 1600 1804 1811 1322 
2099 4 0 3287 1360 498 3047 
2100 4 0 2589 1070 2030 2827 
2101 4 0 842 2492 1934 448 
2102 4 0 4095 1635 902 689 
2103 4 0 2312 4261 3948 1436 
2104 4 0 2240 2152 1823 1833 
2105 4 0 2018 611 3598 2394 
2106 4 0 449 1932 1926 2559 
2107 4 0 3953 29 1545 4212 
2108 4 0 2581 2361 2185 3516 
2109 4 0 3886 2226 1242 2230 
2110 4 0 1904 1902 2165 3522 
2111 4 0 479 1825 471 1470 
2112 4 0 123 1502 865 4253 
2113 4 0 617 471 398 3411 
2114 4 0 3929 3322 3125 466 
2115 4 0 1905 772 2076 3790 
2116 4 0 1860 1861 26 20 
2117 4 0 2082 2169 1242 2230 
2118 4 0 946 2169 3206 1242 
2119 4 0 3762 2085 2101 3322 
2120 4 0 1327 3762 2085 1325 
2121 4 0 2386 2222 2196 3482 
2122 4 0 3774 1019 1851 759 
2123 4 0 759 3774 1019 1985 
2124 4 0 3411 1645 2529 4234 
2125 4 0 2394 3520 892 3155 
2126 4 0 3475 2164 3565 2069 
2127 4 0 3155 2394 4264 892 
2128 4 0 2394 2069 3475 3565 
2129 4 0 3156 2394 3475 3565 
2130 4 0 2937 316 337 2426 
2131 4 0 597 2269 1099 1361 
2132 4 0 2273 892 1451 2062 
2133 4 0 2665 1104 3726 1496 
2134 4 0 2619 4647 3804 4667 
2135 4 0 2884 3126 2747 1704 
2136 4 0 2747 3126 2495 1704 
2137 4 0 3885 3901 925 1511 
2138 4 0 2454 611 1497 2958 
2139 4 0 4579 2274 2290 1971 
2140 4 0 920 478 1274 490 
2141 4 0 421 3630 2015 4664 
2142 4 0 2389 2881 3661 374 
2143 4 0 1971 2290 2367 2274 
2144 4 0 1600 418 1811 1804 
2145 4 0 4227 916 919 491 
2146 4 0 2748 3155 1688 3255 
2147 4 0 3094 442 518 2230 
2148 4 0 2011 418 1804 415 
2149 4 0 1378 1355 1914 656 
2150 4 0 1355 1378 3798 3158 
2151 4 0 916 921 919 491 
2152 4 0 2481 2448 3118 872 
2153 4 0 921 920 919 491 
2154 4 0 2065 1813 444 3274 
2155 4 0 490 921 418 491 
2156 4 0 113 4298 139 2064 
2157 4 0 457 3134 1803 2260 
2158 4 0 3355 3414 2548 590 
2159 4 0 902 4097 1795 4070 
2160 4 0 1622 4298 113 2064 
2161 4 0 3151 3974 491 1915 
2162 4 0 2442 916 4227 491 
2163 4 0 924 394 1278 922 
2164 4 0 922 1605 924 394 
2165 4 0 3096 2090 467 2237 
2166 4 0 3669 2223 771 2999 
2167 4 0 2221 3502 2378 2659 
2168 4 0 986 3882 3804 396 
2169 4 0 921 490 478 920 
2170 4 0 491 916 921 418 
2171 4 0 742 3742 492 1359 
2172 4 0 2783 1933 2829 450 
2173 4 0 492 429 1924 1359 
2174 4 0 1359 429 1924 2331 
2175 4 0 2085 2990 4366 3419 
2176 4 0 1469 3175 2067 538 
2177 4 0 1795 690 902 4070 
2178 4 0 1115 1928 370 1413 
2179 4 0 1469 2629 3585 3485 
2180 4 0 2144 589 2199 492 
2181 4 0 370 2920 2199 1991 
2182 4 0 1545 1217 3953 50 
2183 4 0 50 1545 4409 3953 
2184 4 0 2889 4076 2095 939 
2185 4 0 1909 3840 3166 1552 
2186 4 0 1355 1378 1942 656 
2187 4 0 906 1462 2666 1942 
2188 4 0 1864 2911 3037 553 
2189 4 0 2291 2439 2682 1871 
2190 4 0 1942 1019 2666 906 
2191 4 0 1367 342 1378 1479 
2192 4 0 553 3037 3671 2911 
2193 4 0 2158 2289 3063 2698 
2194 4 0 1378 1355 1942 3158 
2195 4 0 3582 449 1466 3976 
2196 4 0 1466 553 2790 3976 
2197 4 0 3183 2410 3963 3224 
2198 4 0 3183 2410 3224 431 
2199 4 0 2057 2651 3333 2347 
2200 4 0 3269 1131 900 3939 
2201 4 0 2264 969 1821 2512 
2202 4 0 1255 1258 568 564 
2203 4 0 4081 3929 2909 2431 
2204 4 0 1870 2313 3329 2429 
2205 4 0 2392 2194 3329 2313 
2206 4 0 2831 3548 2320 2096 
2207 4 0 3342 2416 843 1739 
2208 4 0 2118 2260 2580 2250 
2209 4 0 2260 2657 2580 2250 
2210 4 0 492 447 2199 2144 
2211 4 0 3343 3559 2029 2200 
2212 4 0 2230 3722 3094 2427 
2213 4 0 553 1466 2492 449 
2214 4 0 2230 442 2427 3094 
2215 4 0 2010 1903 1475 2127 
2216 4 0 2269 3182 1099 1463 
2217 4 0 2435 3666 3299 2378 
2218 4 0 2269 3225 1099 3182 
2219 4 0 2657 2250 2260 392 
2220 4 0 4683 4112 4114 3799 
2221 4 0 4465 2165 1487 2498 
2222 4 0 2638 3175 2311 2671 
2223 4 0 1989 846 1489 3896 
2224 4 0 1303 2370 2074 1704 
2225 4 0 2036 3247 2193 1470 
2226 4 0 3389 1174 1306 1186 
2227 4 0 3506 1182 1306 1174 
2228 4 0 2169 2019 4214 2753 
2229 4 0 2671 3175 538 2638 
2230 4 0 2211 4221 2118 808 
2231 4 0 2155 4073 4099 2428 
2232 4 0 2118 3347 808 4221 
2233 4 0 2765 2647 172 4617 
2234 4 0 3057 2895 3341 3416 
2235 4 0 2009 2326 586 1821 
2236 4 0 3134 2856 610 1014 
2237 4 0 845 172 2647 4618 
2238 4 0 1924 3643 2492 1901 
2239 4 0 1908 2671 538 2638 
2240 4 0 2088 843 414 4079 
2241 4 0 1690 3774 1019 1470 
2242 4 0 354 753 3432 747 
2243 4 0 2957 1400 2320 2458 
2244 4 0 1433 2041 1893 3274 
2245 4 0 635 828 1053 536 
2246 4 0 1306 1174 3389 3506 
2247 4 0 1841 3949 3684 3617 
2248 4 0 3096 2237 2643 2090 
2249 4 0 2474 3324 3527 516 
2250 4 0 2277 811 744 460 
2251 4 0 1219 4260 4124 146 
2252 4 0 3158 1822 1398 1355 
2253 4 0 3548 2831 3415 3909 
2254 4 0 2474 3324 3179 3527 
2255 4 0 3599 2096 154 2499 
2256 4 0 2344 392 809 3656 
2257 4 0 1805 3527 1468 2124 
2258 4 0 1805 2800 2179 1468 
2259 4 0 657 2090 2018 1806 
2260 4 0 2487 443 426 2609 
2261 4 0 2312 2065 3948 2285 
2262 4 0 3253 842 448 2131 
2263 4 0 1690 2007 3806 3985 
2264 4 0 3224 3954 913 3183 
2265 4 0 3183 2410 431 1550 
2266 4 0 1550 3577 2981 3954 
2267 4 0 3423 2672 2466 4516 
2268 4 0 4686 1932 2661 3423 
2269 4 0 2661 1932 2466 3423 
2270 4 0 2939 2747 928 538 
2271 4 0 2747 538 2939 2884 
2272 4 0 2130 1808 2647 2812 
2273 4 0 2078 3110 1289 1290 
2274 4 0 2254 2398 1073 1630 
2275 4 0 361 2696 4071 4097 
2276 4 0 57 690 3051 2327 
2277 4 0 2184 2656 4070 690 
2278 4 0 690 57 3051 2534 
2279 4 0 2327 2654 3953 1217 
2280 4 0 2120 3336 764 3882 
2281 4 0 3336 764 457 2120 
2282 4 0 2110 1176 2584 3868 
2283 4 0 2110 3735 3868 2584 
2284 4 0 2679 860 2312 2827 
2285 4 0 443 3743 3880 426 
2286 4 0 2011 1600 943 1804 
2287 4 0 1919 1245 1376 3247 
2288 4 0 532 1804 1811 1712 
2289 4 0 1460 4139 914 2710 
2290 4 0 2710 1712 532 1811 
2291 4 0 3963 3977 532 2710 
2292 4 0 2750 3336 1839 3840 
2293 4 0 3901 1511 3590 3408 
2294 4 0 3851 2498 1597 1487 
2295 4 0 1397 687 4249 37 
2296 4 0 3336 1774 3987 457 
2297 4 0 2532 1711 4025 3802 
2298 4 0 3604 412 744 2924 
2299 4 0 2347 2651 2935 2208 
2300 4 0 4637 3750 4633 2771 
2301 4 0 2771 4633 3010 1037 
2302 4 0 1822 3689 1462 3158 
2303 4 0 2204 3513 2165 1864 
2304 4 0 2204 984 1169 1667 
2305 4 0 1942 1462 1378 3158 
2306 4 0 4097 1941 2696 4071 
2307 4 0 2144 2920 447 2199 
2308 4 0 4082 3628 4035 4137 
2309 4 0 2067 3421 3429 2271 
2310 4 0 1138 1321 2389 2086 
2311 4 0 995 4149 2277 412 
2312 4 0 744 4001 3604 2580 
2313 4 0 4685 921 3767 478 
2314 4 0 921 3767 490 418 
2315 4 0 842 3510 447 2648 
2316 4 0 842 1924 447 3510 
2317 4 0 2959 4316 2162 3034 
2318 4 0 3009 4258 2133 2333 
2319 4 0 876 2162 3034 2129 
2320 4 0 392 2219 480 2251 
2321 4 0 392 2260 480 610 
2322 4 0 2760 2950 942 2515 
2323 4 0 942 2515 1679 2760 
2324 4 0 3110 960 3268 2510 
2325 4 0 3088 615 1916 2208 
2326 4 0 3963 1460 2710 1812 
2327 4 0 1901 3643 2887 2817 
2328 4 0 4092 1400 2320 3898 
2329 4 0 744 412 811 2277 
2330 4 0 3898 2320 4092 3548 
2331 4 0 3104 2393 1371 969 
2332 4 0 439 2456 2687 2421 
2333 4 0 2407 2290 1910 1937 
2334 4 0 1361 2689 953 2761 
2335 4 0 1552 3683 1980 1909 
2336 4 0 1202 517 435 2160 
2337 4 0 1326 1593 3662 468 
2338 4 0 1330 403 658 1732 
2339 4 0 2648 3510 429 1843 
2340 4 0 4092 2223 3669 2999 
2341 4 0 1792 3527 4237 1834 
2342 4 0 2998 3878 3738 1641 
2343 4 0 1641 2998 2053 3738 
2344 4 0 2068 2120 1592 1390 
2345 4 0 2068 1390 1592 1542 
2346 4 0 2360 1331 1593 857 
2347 4 0 2151 2212 526 446 
2348 4 0 1131 2881 374 1294 
2349 4 0 839 3989 3917 4003 
2350 4 0 1949 556 3235 3145 
2351 4 0 3001 2537 1963 2083 
2352 4 0 3001 1900 2846 1963 
2353 4 0 1908 543 2468 1820 
2354 4 0 1804 3256 3630 3266 
2355 4 0 2049 3003 1921 426 
2356 4 0 2411 2697 1990 2089 
2357 4 0 2049 3003 2758 1033 
2358 4 0 2758 3003 2049 426 
2359 4 0 4001 3854 2396 1881 
2360 4 0 386 2854 1085 2866 
2361 4 0 2067 2271 3429 2352 
2362 4 0 954 2422 1360 498 
2363 4 0 2067 3429 454 2352 
2364 4 0 1872 1753 2169 2019 
2365 4 0 1085 2207 2866 523 
2366 4 0 1142 2378 3299 1293 
2367 4 0 1866 1860 1869 2255 
2368 4 0 1979 2011 422 4060 
2369 4 0 1392 1293 1133 1142 
2370 4 0 2525 1392 1293 1133 
2371 4 0 2489 2203 1869 1866 
2372 4 0 1885 2614 3321 2190 
2373 4 0 1804 3630 532 3266 
2374 4 0 3606 3076 2863 2210 
2375 4 0 759 1985 1019 2318 
2376 4 0 3976 2790 1466 3582 
2377 4 0 4307 385 3135 3321 
2378 4 0 2044 401 409 760 
2379 4 0 2790 3582 1232 4540 
2380 4 0 1232 3582 2790 1867 
2381 4 0 385 1885 3321 2190 
2382 4 0 2211 451 3950 2081 
2383 4 0 3183 3246 913 3963 
2384 4 0 457 3336 3134 764 
2385 4 0 3170 665 3018 951 
2386 4 0 1131 374 2881 406 
2387 4 0 4089 1820 2411 3586 
2388 4 0 2260 3535 2251 480 
2389 4 0 3209 4093 1229 2298 
2390 4 0 3804 3882 1390 1592 
2391 4 0 2326 1821 2264 969 
2392 4 0 2187 1666 1879 3120 
2393 4 0 377 209 187 1343 
2394 4 0 2008 2085 2500 3322 
2395 4 0 4145 1684 724 2648 
2396 4 0 724 4172 2648 1684 
2397 4 0 680 2592 2955 3036 
2398 4 0 4054 2023 2344 1960 
2399 4 0 1900 2008 939 442 
2400 4 0 3741 69 58 1345 
2401 4 0 3769 1666 1879 2187 
2402 4 0 2792 1598 3470 3214 
2403 4 0 567 3214 3470 1598 
2404 4 0 3464 3940 1944 432 
2405 4 0 3284 437 1949 2130 
2406 4 0 1346 2519 3654 4597 
2407 4 0 4034 388 3925 901 
2408 4 0 388 1528 4065 3925 
2409 4 0 1914 1966 3699 2000 
2410 4 0 2742 2988 3817 1475 
2411 4 0 4563 1196 2779 2908 
2412 4 0 3179 2294 3552 2540 
2413 4 0 3179 2540 3552 1621 
2414 4 0 1130 1922 2129 1579 
2415 4 0 1922 900 1130 2304 
2416 4 0 3179 2540 1574 3527 
2417 4 0 1165 2353 2509 257 
2418 4 0 3480 2740 3752 1313 
2419 4 0 3480 3752 1316 1313 
2420 4 0 842 2144 2920 447 
2421 4 0 842 2920 2648 447 
2422 4 0 374 2968 2881 3661 
2423 4 0 2701 2233 389 2170 
2424 4 0 2233 389 2170 3358 
2425 4 0 2169 1872 2019 1871 
2426 4 0 2169 1871 2019 2753 
2427 4 0 2134 1810 1808 2404 
2428 4 0 2134 1808 2647 2404 
2429 4 0 2171 1733 3633 2590 
2430 4 0 2260 3134 1803 3535 
2431 4 0 4111 420 4660 3977 
2432 4 0 2503 2617 2655 444 
2433 4 0 1929 521 2161 2210 
2434 4 0 399 2865 1987 1929 
2435 4 0 1987 521 1929 2210 
2436 4 0 1929 2865 1987 2210 
2437 4 0 1479 342 1378 1098 
2438 4 0 2503 2617 2717 2655 
2439 4 0 465 642 466 3001 
2440 4 0 3342 2416 1739 1921 
2441 4 0 3003 769 1033 1921 
2442 4 0 949 2004 953 1251 
2443 4 0 642 4382 3762 465 
2444 4 0 4660 4184 4208 4106 
2445 4 0 3733 1954 2037 656 
2446 4 0 656 1966 1954 2037 
2447 4 0 3016 2438 1810 1927 
2448 4 0 4271 829 642 3192 
2449 4 0 3344 2192 2696 3508 
2450 4 0 688 67 1863 3672 
2451 4 0 688 3672 1863 4093 
2452 4 0 682 3344 2696 3508 
2453 4 0 3606 3076 2938 2863 
2454 4 0 3076 2938 2863 3230 
2455 4 0 307 1985 2630 1610 
2456 4 0 2269 2714 1361 2228 
2457 4 0 2230 2184 3778 2327 
2458 4 0 656 1355 1966 1948 
2459 4 0 2327 3953 3778 2682 
2460 4 0 1769 595 1670 2589 
2461 4 0 2184 3953 3778 2327 
2462 4 0 2439 1871 3778 2682 
2463 4 0 1643 2630 295 4025 
2464 4 0 2396 810 3401 1375 
2465 4 0 695 3619 4644 3478 
2466 4 0 2020 4644 3619 3478 
2467 4 0 1906 692 4084 4200 
2468 4 0 2202 513 1808 383 
2469 4 0 141 383 1572 2912 
2470 4 0 453 4106 2081 4059 
2471 4 0 894 2356 898 2113 
2472 4 0 286 751 756 295 
2473 4 0 2795 768 2429 2313 
2474 4 0 4136 3802 2630 4699 
2475 4 0 3802 987 988 4110 
2476 4 0 489 462 2034 1522 
2477 4 0 2890 1997 1962 2472 
2478 4 0 2797 3310 4059 1995 
2479 4 0 1508 2908 4563 2779 
2480 4 0 2630 295 307 1638 
2481 4 0 2630 1610 1638 307 
2482 4 0 2890 1962 2745 2472 
2483 4 0 386 2854 1899 1085 
2484 4 0 3630 4208 692 4106 
2485 4 0 2346 588 1707 1838 
2486 4 0 1303 2050 2838 2977 
2487 4 0 1303 2838 3492 2977 
2488 4 0 2630 295 1638 1643 
2489 4 0 62 2357 3161 50 
2490 4 0 1985 1610 307 419 
2491 4 0 465 466 2083 3001 
2492 4 0 465 2236 2083 3170 
2493 4 0 3183 3577 2073 1550 
2494 4 0 2259 2441 1803 2260 
2495 4 0 693 694 3619 4644 
2496 4 0 3760 2619 3804 3806 
2497 4 0 4593 771 1676 4596 
2498 4 0 593 3429 2153 3115 
2499 4 0 720 2879 1135 2936 
2500 4 0 585 3115 1912 1911 
2501 4 0 4079 414 1920 1554 
2502 4 0 2651 613 747 2057 
2503 4 0 1866 6 1861 20 
2504 4 0 2812 383 2134 2832 
2505 4 0 3903 2346 1838 445 
2506 4 0 2199 1991 492 1928 
2507 4 0 3467 1958 2948 1993 
2508 4 0 3016 844 1927 1810 
2509 4 0 2199 370 1991 1928 
2510 4 0 1967 3548 2320 2831 
2511 4 0 3467 1993 2948 3486 
2512 4 0 343 352 758 750 
2513 4 0 310 750 313 322 
2514 4 0 1131 374 406 1461 
2515 4 0 352 343 313 750 
2516 4 0 2069 1806 3475 1807 
2517 4 0 2069 3520 3565 2394 
2518 4 0 3222 3500 2389 958 
2519 4 0 1217 2099 29 15 
2520 4 0 2159 1217 2567 2099 
2521 4 0 2805 3848 1893 2594 
2522 4 0 2099 1217 2567 15 
2523 4 0 509 1458 4363 926 
2524 4 0 1793 1971 2290 2793 
2525 4 0 3310 3987 2075 2750 
2526 4 0 390 1212 3012 2021 
2527 4 0 860 1817 2789 1212 
2528 4 0 1901 1262 3281 1303 
2529 4 0 3281 1262 1901 470 
2530 4 0 1108 2443 686 33 
2531 4 0 1370 3745 1374 2633 
2532 4 0 2487 2609 426 3516 
2533 4 0 3516 371 4016 3410 
2534 4 0 3384 2046 1690 3774 
2535 4 0 590 3355 3414 742 
2536 4 0 4096 1017 3714 3978 
2537 4 0 2720 2692 1468 3324 
2538 4 0 3179 3324 2720 3527 
2539 4 0 2046 3824 419 3774 
2540 4 0 1083 3911 4036 3439 
2541 4 0 2011 3198 415 1979 
2542 4 0 2594 1127 1893 2041 
2543 4 0 2720 3324 2928 2896 
2544 4 0 904 603 385 2190 
2545 4 0 466 4686 3423 1932 
2546 4 0 3413 2170 1675 799 
2547 4 0 2578 835 1107 2463 
2548 4 0 1337 1107 3934 2578 
2549 4 0 1361 597 1970 1099 
2550 4 0 2793 3903 445 2346 
2551 4 0 792 1033 769 4592 
2552 4 0 2057 747 2235 613 
2553 4 0 2311 3201 3304 2157 
2554 4 0 2057 2651 2347 747 
2555 4 0 3358 385 3826 2170 
2556 4 0 2905 3880 939 1677 
2557 4 0 1954 656 1019 2318 
2558 4 0 4383 3320 2611 2989 
2559 4 0 2318 656 1019 1914 
2560 4 0 1677 3880 939 369 
2561 4 0 1000 1086 384 4493 
2562 4 0 2053 1372 2998 1619 
2563 4 0 2776 3583 2643 1353 
2564 4 0 1821 2512 2188 4089 
2565 4 0 2969 2820 1263 4062 
2566 4 0 1774 3134 457 3336 
2567 4 0 1946 307 1985 2630 
2568 4 0 4089 2188 3615 2512 
2569 4 0 405 2617 3751 2647 
2570 4 0 3406 4089 393 2633 
2571 4 0 1515 1445 2503 2717 
2572 4 0 2448 2424 2722 3691 
2573 4 0 2648 1571 1722 1991 
2574 4 0 3640 1287 1293 2525 
2575 4 0 3640 2525 1293 2605 
2576 4 0 2448 2722 2827 3691 
2577 4 0 2722 2827 1819 908 
2578 4 0 2091 2809 1254 2659 
2579 4 0 2641 452 537 584 
2580 4 0 842 448 1934 3859 
2581 4 0 2367 3041 2575 2209 
2582 4 0 4019 3718 4481 1906 
2583 4 0 2392 2567 21 31 
2584 4 0 2330 1510 1806 658 
2585 4 0 2274 2290 2367 2213 
2586 4 0 2120 3336 1839 2205 
2587 4 0 3380 3298 2208 463 
2588 4 0 2411 2697 2824 387 
2589 4 0 3155 611 1688 2295 
2590 4 0 1226 897 805 2295 
2591 4 0 3973 2278 2798 584 
2592 4 0 4009 3245 4050 461 
2593 4 0 2686 4345 2039 3327 
2594 4 0 3656 2344 392 1014 
2595 4 0 2856 396 489 1522 
2596 4 0 1212 444 2021 3358 
2597 4 0 1904 2661 3522 2686 
2598 4 0 2153 2112 2009 2264 
2599 4 0 1868 46 2159 31 
2600 4 0 3095 2979 141 119 
2601 4 0 2439 3778 2556 2381 
2602 4 0 2291 2439 945 2381 
2603 4 0 4357 1671 1772 407 
2604 4 0 3161 2654 2184 3551 
2605 4 0 539 459 3045 2671 
2606 4 0 3161 2184 2654 3953 
2607 4 0 1873 1264 947 952 
2608 4 0 539 3175 459 2671 
2609 4 0 487 3420 4052 4042 
2610 4 0 2011 2442 1815 1600 
2611 4 0 525 564 3146 3443 
2612 4 0 2675 2784 2436 375 
2613 4 0 2539 3246 3963 913 
2614 4 0 2209 1869 2489 2203 
2615 4 0 3041 2489 16 2203 
2616 4 0 1989 889 3896 1489 
2617 4 0 360 684 2562 1872 
2618 4 0 1872 2562 360 2019 
2619 4 0 3963 3246 1460 1812 
2620 4 0 2090 657 2986 3096 
2621 4 0 4489 2393 1987 2536 
2622 4 0 4033 817 3991 360 
2623 4 0 4489 3159 2393 2536 
2624 4 0 1466 448 449 2131 
2625 4 0 2536 2393 1987 2112 
2626 4 0 3159 2112 2393 2536 
2627 4 0 3194 2821 371 2131 
2628 4 0 2578 1717 4266 2463 
2629 4 0 4266 3098 835 2463 
2630 4 0 1808 874 1809 437 
2631 4 0 642 2237 3556 3322 
2632 4 0 2101 3184 2237 2891 
2633 4 0 896 3752 416 3352 
2634 4 0 3352 896 3752 2032 
2635 4 0 3893 2068 395 4422 
2636 4 0 824 1050 3762 4382 
2637 4 0 4391 3432 4234 3411 
2638 4 0 4381 4391 326 4234 
2639 4 0 592 2109 2050 454 
2640 4 0 326 339 4234 4391 
2641 4 0 2679 860 3358 2065 
2642 4 0 2802 2290 2298 2407 
2643 4 0 4515 534 4520 4696 
2644 4 0 4234 3411 4381 4391 
2645 4 0 685 1264 1874 2894 
2646 4 0 2797 3987 457 2075 
2647 4 0 3530 880 3994 2506 
2648 4 0 3994 3002 3530 2506 
2649 4 0 3530 2483 3601 880 
2650 4 0 3994 4460 3530 3002 
2651 4 0 1982 473 2942 2868 
2652 4 0 4110 3802 2532 1592 
2653 4 0 2168 611 1984 2108 
2654 4 0 2868 2211 473 4034 
2655 4 0 1126 1132 182 204 
2656 4 0 204 2141 228 1126 
2657 4 0 1229 3672 688 4093 
2658 4 0 3209 3672 1229 4093 
2659 4 0 3672 3209 1229 2678 
2660 4 0 791 1402 1032 793 
2661 4 0 685 1108 686 1251 
2662 4 0 3473 3692 451 2850 
2663 4 0 3672 1229 688 2678 
2664 4 0 2018 2491 2986 3649 
2665 4 0 3130 791 1033 3562 
2666 4 0 2919 3649 657 2986 
2667 4 0 1430 3342 3594 3936 
2668 4 0 2467 2501 2757 3680 
2669 4 0 1268 793 1402 791 
2670 4 0 2170 385 1116 2670 
2671 4 0 376 967 568 1257 
2672 4 0 1256 3062 564 1255 
2673 4 0 3341 543 3136 3416 
2674 4 0 1754 2029 1407 626 
2675 4 0 860 1212 3358 2065 
2676 4 0 3643 2887 2817 970 
2677 4 0 1623 205 3112 3308 
2678 4 0 970 2887 2997 3643 
2679 4 0 3516 2581 4081 3152 
2680 4 0 4333 4262 3516 1295 
2681 4 0 2361 2581 4081 3516 
2682 4 0 4291 2792 959 3352 
2683 4 0 905 2378 2659 2435 
2684 4 0 2193 3247 2036 2355 
2685 4 0 2460 2066 2561 1702 
2686 4 0 3840 3336 3987 2750 
2687 4 0 1212 2803 1816 2789 
2688 4 0 2797 3987 2075 3310 
2689 4 0 860 2789 3358 1212 
2690 4 0 1903 2742 3994 2106 
2691 4 0 457 4059 2797 2075 
2692 4 0 2283 2861 2918 4286 
2693 4 0 3706 4440 3475 1348 
2694 4 0 438 4440 3664 805 
2695 4 0 2283 2861 4362 2918 
2696 4 0 987 2532 3802 1711 
2697 4 0 4620 171 1659 844 
2698 4 0 2626 3004 1944 1838 
2699 4 0 2424 2995 3479 2744 
2700 4 0 2109 2352 454 3429 
2701 4 0 1704 455 538 2074 
2702 4 0 2373 4035 1972 2037 
2703 4 0 2303 455 1704 2074 
2704 4 0 1945 2800 1805 2280 
2705 4 0 1561 2316 4241 1714 
2706 4 0 1468 2124 3527 3324 
2707 4 0 1011 3420 2198 3617 
2708 4 0 3949 397 2719 2771 
2709 4 0 793 2049 428 4118 
2710 4 0 2111 1032 3013 2049 
2711 4 0 884 1940 2189 1608 
2712 4 0 318 2983 4130 3267 
2713 4 0 883 469 127 151 
2714 4 0 1804 1979 415 2077 
2715 4 0 2949 3343 3299 2589 
2716 4 0 1862 2270 896 2078 
2717 4 0 457 3134 1774 1789 
2718 4 0 1493 4074 4076 2950 
2719 4 0 3322 4081 2891 2431 
2720 4 0 3322 4081 2008 2891 
2721 4 0 2129 2944 1128 2178 
2722 4 0 3399 3512 3379 2683 
2723 4 0 1180 3723 3389 3891 
2724 4 0 2529 1645 3411 2027 
2725 4 0 488 2153 593 2210 
2726 4 0 1588 3711 3033 3116 
2727 4 0 2057 2180 3333 2651 
2728 4 0 955 3289 4049 2063 
2729 4 0 955 3383 3289 2063 
2730 4 0 2588 384 537 3868 
2731 4 0 1588 1879 3711 3116 
2732 4 0 2468 543 3660 667 
2733 4 0 1165 376 524 2636 
2734 4 0 2815 376 524 1165 
2735 4 0 1108 2254 1251 2004 
2736 4 0 2010 2127 1475 3329 
2737 4 0 1108 3476 2254 2004 
2738 4 0 584 590 591 537 
2739 4 0 2063 4364 3289 4049 
2740 4 0 4127 170 377 1016 
2741 4 0 1378 1914 1355 1098 
2742 4 0 153 3071 1425 173 
2743 4 0 343 1914 758 352 
2744 4 0 1966 540 3699 2000 
2745 4 0 540 1355 1966 1914 
2746 4 0 1288 19 9 3117 
2747 4 0 2373 2037 4395 2773 
2748 4 0 2384 480 4681 2616 
2749 4 0 2185 2531 2349 2379 
2750 4 0 2536 3294 2112 2728 
2751 4 0 4070 4071 2572 3372 
2752 4 0 2959 4561 3441 2162 
2753 4 0 3360 2122 2360 2039 
2754 4 0 1378 3158 1479 3798 
2755 4 0 2724 2422 1970 498 
2756 4 0 489 1976 2616 617 
2757 4 0 1764 487 2145 1976 
2758 4 0 1438 1439 3691 1973 
2759 4 0 3703 744 2378 3502 
2760 4 0 597 2457 1970 2422 
2761 4 0 2019 1753 571 360 
2762 4 0 845 172 1442 2647 
2763 4 0 2448 1439 1438 1447 
2764 4 0 1753 571 360 1818 
2765 4 0 1740 2821 3194 2131 
2766 4 0 4026 2821 3194 1740 
2767 4 0 2581 2909 3554 4081 
2768 4 0 1432 218 1442 405 
2769 4 0 534 2168 3522 1902 
2770 4 0 4693 172 522 404 
2771 4 0 2565 1645 2529 2027 
2772 4 0 1833 3113 1823 2240 
2773 4 0 3363 1450 1152 1189 
2774 4 0 1449 3235 178 160 
2775 4 0 2471 3640 3836 1975 
2776 4 0 3037 3327 1918 2911 
2777 4 0 1774 3987 457 1789 
2778 4 0 431 2981 3954 1550 
2779 4 0 1167 2214 1923 2030 
2780 4 0 1449 3202 178 1127 
2781 4 0 1449 3202 160 178 
2782 4 0 3568 3029 4270 4390 
2783 4 0 1946 323 307 751 
2784 4 0 1946 307 323 1985 
2785 4 0 1563 565 1556 1978 
2786 4 0 661 468 2330 1593 
2787 4 0 2007 2046 1690 989 
2788 4 0 2122 826 1051 2360 
2789 4 0 826 468 1593 2360 
2790 4 0 1695 3845 484 1926 
2791 4 0 195 1155 1154 913 
2792 4 0 4017 2032 3352 3752 
2793 4 0 1432 237 405 3507 
2794 4 0 3431 1580 2423 2967 
2795 4 0 4120 489 4670 4052 
2796 4 0 2071 2475 2827 908 
2797 4 0 2038 3044 2448 3167 
2798 4 0 3909 193 3346 2831 
2799 4 0 4305 2679 1239 1446 
2800 4 0 2692 3313 2372 1556 
2801 4 0 2259 2251 1233 1915 
2802 4 0 2366 220 2831 193 
2803 4 0 3524 3249 2831 220 
2804 4 0 2783 377 2829 1933 
2805 4 0 193 2831 3249 220 
2806 4 0 4081 3929 3152 2909 
2807 4 0 1455 2668 1253 855 
2808 4 0 756 1946 307 751 
2809 4 0 307 756 2630 1946 
2810 4 0 2616 3280 489 617 
2811 4 0 3411 398 3280 1151 
2812 4 0 3004 2626 1944 3023 
2813 4 0 649 2166 78 3086 
2814 4 0 3882 1522 2120 1592 
2815 4 0 2165 3038 3851 4058 
2816 4 0 1426 3038 1427 4058 
2817 4 0 3600 669 2201 3371 
2818 4 0 3600 4340 1457 3208 
2819 4 0 4016 4152 707 1295 
2820 4 0 509 1930 2577 2351 
2821 4 0 216 206 3532 4640 
2822 4 0 2248 720 2959 2779 
2823 4 0 2079 2075 2711 3260 
2824 4 0 946 2082 1242 951 
2825 4 0 951 3121 1242 2402 
2826 4 0 1143 1458 4022 3532 
2827 4 0 1242 951 2402 946 
2828 4 0 2082 951 3121 1242 
2829 4 0 1904 2168 3522 664 
2830 4 0 4420 4512 2168 4523 
2831 4 0 1808 2202 2130 2386 
2832 4 0 584 452 591 592 
2833 4 0 3867 2631 3094 2708 
2834 4 0 450 1303 2395 2066 
2835 4 0 1906 692 839 532 
2836 4 0 3880 2487 369 443 
2837 4 0 611 3598 2491 2018 
2838 4 0 2464 4118 428 2148 
2839 4 0 2464 428 2407 2148 
2840 4 0 4701 4660 4664 3630 
2841 4 0 2078 3110 376 2270 
2842 4 0 4063 4106 4646 4701 
2843 4 0 4077 1712 3977 2710 
2844 4 0 2679 3358 2670 2065 
2845 4 0 1753 777 1818 952 
2846 4 0 2083 506 1932 3423 
2847 4 0 3423 466 1932 2083 
2848 4 0 2320 154 582 176 
2849 4 0 2435 3204 2221 2659 
2850 4 0 129 2320 2096 154 
2851 4 0 582 154 2320 129 
2852 4 0 2178 1128 1579 2309 
2853 4 0 2309 1579 1827 1128 
2854 4 0 3547 2325 2893 2399 
2855 4 0 1990 4089 563 867 
2856 4 0 477 1622 3459 3517 
2857 4 0 680 2955 2166 683 
2858 4 0 960 2078 3114 896 
2859 4 0 793 2049 4118 3013 
2860 4 0 3459 477 3517 3453 
2861 4 0 1023 3996 3689 1950 
2862 4 0 172 2647 404 4693 
2863 4 0 2340 480 1968 2616 
2864 4 0 1978 1563 565 2741 
2865 4 0 2373 1972 4395 2037 
2866 4 0 2294 2469 1978 2928 
2867 4 0 2741 1978 2757 2316 
2868 4 0 3679 1372 2998 2053 
2869 4 0 2361 3554 2073 2892 
2870 4 0 3184 2085 2101 2328 
2871 4 0 2060 1968 2340 1915 
2872 4 0 172 2647 4618 4617 
2873 4 0 172 159 2765 4617 
2874 4 0 1936 2027 3910 335 
2875 4 0 4217 2497 4229 363 
2876 4 0 2008 1900 369 2500 
2877 4 0 443 2500 2487 369 
2878 4 0 2955 4100 4073 4099 
2879 4 0 2889 369 2487 2008 
2880 4 0 1536 2563 311 325 
2881 4 0 2757 2469 4217 953 
2882 4 0 130 3577 3846 4567 
2883 4 0 2019 2169 3886 571 
2884 4 0 2320 4092 3548 1967 
2885 4 0 4079 843 2223 1739 
2886 4 0 2843 1814 543 1820 
2887 4 0 1826 760 2308 1957 
2888 4 0 4076 2095 364 3496 
2889 4 0 4076 3496 364 2950 
2890 4 0 2174 3415 3308 3548 
2891 4 0 926 509 1458 2351 
2892 4 0 3867 3094 442 518 
2893 4 0 2577 1458 1459 1146 
2894 4 0 3867 2631 442 3094 
2895 4 0 3197 3322 2500 3125 
2896 4 0 2039 3360 2122 3327 
2897 4 0 324 4652 308 1645 
2898 4 0 1821 586 358 2307 
2899 4 0 2307 762 586 358 
2900 4 0 3970 4648 3840 4661 
2901 4 0 1152 2062 1451 1189 
2902 4 0 2375 4395 1972 2037 
2903 4 0 2617 2404 2647 1813 
2904 4 0 4123 2007 3985 1897 
2905 4 0 4059 2441 2081 457 
2906 4 0 2084 2026 367 2528 
2907 4 0 2066 2079 3260 453 
2908 4 0 4097 2572 1795 4070 
2909 4 0 1742 1843 1684 2648 
2910 4 0 2656 690 3083 1795 
2911 4 0 956 611 2748 2168 
2912 4 0 1254 960 4057 2094 
2913 4 0 2347 2935 1540 2208 
2914 4 0 1355 656 1966 1914 
2915 4 0 2318 1954 1966 3488 
2916 4 0 4140 3351 1794 1747 
2917 4 0 2889 2095 3496 2322 
2918 4 0 3856 3880 426 2889 
2919 4 0 2889 2049 3856 2322 
2920 4 0 2375 1966 2037 1972 
2921 4 0 2096 2957 2320 129 
2922 4 0 2957 4180 129 2096 
2923 4 0 2320 129 2957 103 
2924 4 0 1212 2021 474 2791 
2925 4 0 2112 4189 4506 2264 
2926 4 0 2112 2728 2153 2536 
2927 4 0 2728 2536 2210 2153 
2928 4 0 2112 2153 4189 2264 
2929 4 0 2373 310 1972 4035 
2930 4 0 1872 2192 1818 360 
2931 4 0 1293 3640 2378 3203 
2932 4 0 3842 2170 1675 3413 
2933 4 0 2418 1996 3069 3846 
2934 4 0 536 2418 1996 2241 
2935 4 0 539 2743 459 2863 
2936 4 0 367 2084 954 2383 
2937 4 0 2084 955 954 2383 
2938 4 0 2254 1251 3142 1108 
2939 4 0 2073 1550 2314 2362 
2940 4 0 2928 4243 3179 3228 
2941 4 0 2928 3228 3179 2294 
2942 4 0 2254 1108 11 1031 
2943 4 0 2411 2697 1938 837 
2944 4 0 1597 2498 4014 1974 
2945 4 0 3774 1019 1954 1690 
2946 4 0 1832 2589 2553 879 
2947 4 0 879 2214 1167 2030 
2948 4 0 879 2589 3343 1070 
2949 4 0 4120 1976 1764 1281 
2950 4 0 413 2272 3464 368 
2951 4 0 1281 915 1976 1764 
2952 4 0 2261 368 413 2140 
2953 4 0 2575 2306 4093 2274 
2954 4 0 1331 2330 2360 1593 
2955 4 0 1331 1510 2330 658 
2956 4 0 1904 1902 3522 2168 
2957 4 0 1902 3402 3522 534 
2958 4 0 2084 2879 2248 2497 
2959 4 0 3389 4213 3723 471 
2960 4 0 3592 811 2471 2284 
2961 4 0 1830 3235 1949 2594 
2962 4 0 2471 3836 811 1975 
2963 4 0 1816 2092 2060 2721 
2964 4 0 2789 2092 1173 2060 
2965 4 0 3721 536 560 1054 
2966 4 0 2179 2800 1805 1945 
2967 4 0 1971 2793 1842 4169 
2968 4 0 803 867 1911 563 
2969 4 0 1842 2453 3567 3064 
2970 4 0 4206 2046 1690 3384 
2971 4 0 2046 3774 344 3824 
2972 4 0 344 3774 759 1985 
2973 4 0 691 649 78 3741 
2974 4 0 2629 1469 538 2807 
2975 4 0 750 322 310 1988 
2976 4 0 301 1988 4055 750 
2977 4 0 1324 849 1989 2277 
2978 4 0 3010 846 1489 1989 
2979 4 0 2724 1970 597 1099 
2980 4 0 826 825 468 2431 
2981 4 0 1293 3203 3299 1287 
2982 4 0 4305 2448 872 3118 
2983 4 0 598 3677 2467 3680 
2984 4 0 2108 663 3696 1984 
2985 4 0 1985 334 323 1946 
2986 4 0 3269 3939 570 3902 
2987 4 0 2362 503 2314 3054 
2988 4 0 1554 4079 843 2223 
2989 4 0 4642 4651 3954 548 
2990 4 0 3954 1788 3805 4642 
2991 4 0 359 2152 2308 1965 
2992 4 0 1808 437 2825 2130 
2993 4 0 3454 2386 3501 513 
2994 4 0 3681 3666 2435 2378 
2995 4 0 1372 3308 3529 243 
2996 4 0 2338 1949 556 3235 
2997 4 0 1972 2000 3488 322 
2998 4 0 3985 2007 2046 1690 
2999 4 0 1897 3985 4123 4666 
3000 4 0 1920 1554 370 2024 
3001 4 0 1293 3640 856 2378 
3002 4 0 1554 1991 370 2024 
3003 4 0 856 3640 463 2378 
3004 4 0 2362 1550 2577 1930 
3005 4 0 3630 420 4660 4664 
3006 4 0 2362 2577 1550 382 
3007 4 0 2468 543 893 1820 
3008 4 0 2647 2134 2404 3751 
3009 4 0 2360 468 1593 2330 
3010 4 0 2360 468 2330 1358 
3011 4 0 826 2122 653 2431 
3012 4 0 826 468 1358 2431 
3013 4 0 515 4300 2164 513 
3014 4 0 79 2166 3965 70 
3015 4 0 4683 1867 2790 4114 
3016 4 0 1497 1491 3737 2454 
3017 4 0 687 2590 4249 2171 
3018 4 0 4076 1493 2950 1635 
3019 4 0 3977 4660 4208 3630 
3020 4 0 2475 2030 2827 908 
3021 4 0 1866 1861 16 1865 
3022 4 0 1707 3276 1910 2290 
3023 4 0 3447 2712 1968 3382 
3024 4 0 699 3056 2856 489 
3025 4 0 3276 2167 1910 2290 
3026 4 0 2861 2426 1185 2651 
3027 4 0 2107 241 226 2834 
3028 4 0 3880 2889 3856 2095 
3029 4 0 1830 3235 1449 1294 
3030 4 0 1266 1589 4253 2644 
3031 4 0 2074 2884 456 538 
3032 4 0 2074 456 1469 538 
3033 4 0 2322 3856 2095 4259 
3034 4 0 1679 2515 3131 2760 
3035 4 0 4681 2616 1465 1960 
3036 4 0 1140 905 1986 1754 
3037 4 0 1607 1602 1960 3916 
3038 4 0 429 1722 1400 1991 
3039 4 0 3401 2396 1375 860 
3040 4 0 902 1635 2405 3131 
3041 4 0 1911 2940 1990 2927 
3042 4 0 1965 1085 3143 2207 
3043 4 0 2086 1139 896 4182 
3044 4 0 3985 4136 2630 4666 
3045 4 0 4699 988 985 4136 
3046 4 0 4699 4666 2630 4136 
3047 4 0 659 3094 2708 1052 
3048 4 0 2780 1131 1294 874 
3049 4 0 416 3752 4017 3352 
3050 4 0 389 2585 3826 3358 
3051 4 0 3447 2712 2060 1968 
3052 4 0 518 796 797 1546 
3053 4 0 518 2132 3425 1546 
3054 4 0 954 1321 1360 955 
3055 4 0 954 1360 3289 955 
3056 4 0 1872 1753 2019 360 
3057 4 0 3263 3636 2802 4312 
3058 4 0 2210 3076 2863 461 
3059 4 0 1967 3548 2831 2174 
3060 4 0 2367 2209 2575 2242 
3061 4 0 3708 2457 4257 4223 
3062 4 0 1908 2671 2638 2468 
3063 4 0 4374 3364 3191 3955 
3064 4 0 758 1914 343 333 
3065 4 0 2375 540 1966 2000 
3066 4 0 1948 2375 540 1966 
3067 4 0 844 1659 514 171 
3068 4 0 3352 4017 3453 3459 
3069 4 0 2619 1896 424 4064 
3070 4 0 2619 424 1896 4665 
3071 4 0 141 514 844 1659 
3072 4 0 4585 2095 3880 4259 
3073 4 0 3113 4218 1823 2240 
3074 4 0 4599 3739 2164 3565 
3075 4 0 4536 579 1200 2226 
3076 4 0 523 2591 3637 1085 
3077 4 0 2967 1580 3200 3377 
3078 4 0 2998 4155 2253 2668 
3079 4 0 3637 523 2552 2591 
3080 4 0 1132 1139 2086 4182 
3081 4 0 2612 880 3001 2483 
3082 4 0 477 2677 4291 2792 
3083 4 0 3801 449 880 2506 
3084 4 0 316 328 337 2426 
3085 4 0 2697 1911 1993 837 
3086 4 0 1911 2697 1990 766 
3087 4 0 1895 4667 4647 2619 
3088 4 0 460 2277 811 1989 
3089 4 0 3355 2644 1359 2588 
3090 4 0 2471 2995 3592 2284 
3091 4 0 3554 3731 4387 3054 
3092 4 0 3643 2887 2492 1901 
3093 4 0 1860 1861 45 35 
3094 4 0 3355 1365 2644 2588 
3095 4 0 1619 1372 2998 4314 
3096 4 0 1619 1372 4314 3572 
3097 4 0 3843 1113 2040 4036 
3098 4 0 3156 2394 2295 4440 
3099 4 0 1940 884 2189 3688 
3100 4 0 2472 2890 2402 2745 
3101 4 0 755 399 521 2161 
3102 4 0 1622 2792 3352 497 
3103 4 0 611 438 4002 2295 
3104 4 0 4 1994 1969 2590 
3105 4 0 3741 4071 2696 1941 
3106 4 0 4200 3843 2040 1223 
3107 4 0 1262 384 2778 3827 
3108 4 0 2778 3563 441 3827 
3109 4 0 1429 2732 1032 2111 
3110 4 0 2313 689 1635 4095 
3111 4 0 692 4208 4131 2020 
3112 4 0 1131 1461 2780 374 
3113 4 0 1960 1465 1514 2616 
3114 4 0 2299 2800 1468 2179 
3115 4 0 1307 2299 1468 2179 
3116 4 0 3691 3610 1819 2589 
3117 4 0 1819 2589 3610 2553 
3118 4 0 2589 2030 1819 2827 
3119 4 0 2000 1914 3488 333 
3120 4 0 1914 2000 343 333 
3121 4 0 2843 670 3600 1368 
3122 4 0 2325 4291 2399 959 
3123 4 0 3018 2823 1463 576 
3124 4 0 665 1463 506 576 
3125 4 0 615 2208 1185 1916 
3126 4 0 2248 2497 2528 2084 
3127 4 0 2248 3375 2528 2497 
3128 4 0 4401 2340 1464 2772 
3129 4 0 1514 1486 3382 1465 
3130 4 0 386 615 2866 1916 
3131 4 0 1940 1933 3688 2189 
3132 4 0 1874 1873 3273 2267 
3133 4 0 4258 220 2831 2366 
3134 4 0 2170 2094 389 2091 
3135 4 0 679 2894 1874 2267 
3136 4 0 3735 4490 1079 2339 
3137 4 0 1079 3735 2838 3827 
3138 4 0 571 4033 3991 360 
3139 4 0 2802 3263 428 2464 
3140 4 0 2086 1321 2389 958 
3141 4 0 3428 2867 526 4211 
3142 4 0 2613 2218 3751 1927 
3143 4 0 2034 3420 462 489 
3144 4 0 2142 3751 2404 1927 
3145 4 0 3379 2460 3448 721 
3146 4 0 4211 3803 526 446 
3147 4 0 2460 1703 1702 1706 
3148 4 0 3830 1704 3707 2495 
3149 4 0 2303 3707 3830 1704 
3150 4 0 3830 3707 2546 2495 
3151 4 0 2561 1191 3951 4164 
3152 4 0 3086 649 511 435 
3153 4 0 3345 3677 3680 3832 
3154 4 0 3086 510 435 511 
3155 4 0 4445 2510 2170 4057 
3156 4 0 2239 2865 1612 1003 
3157 4 0 446 1838 3004 2626 
3158 4 0 1081 1612 2239 2865 
3159 4 0 1963 518 1900 678 
3160 4 0 3843 561 3619 1114 
3161 4 0 416 1777 1177 1527 
3162 4 0 1177 416 1526 1777 
3163 4 0 164 3500 3752 379 
3164 4 0 2313 2392 2194 1868 
3165 4 0 2194 46 1868 31 
3166 4 0 31 2194 2392 1868 
3167 4 0 476 3352 1525 1526 
3168 4 0 1526 1177 476 416 
3169 4 0 466 3556 3929 3322 
3170 4 0 2260 3303 2251 808 
3171 4 0 392 3303 2251 2260 
3172 4 0 392 3303 4141 2251 
3173 4 0 2296 3775 3460 2953 
3174 4 0 2011 3166 3840 1552 
3175 4 0 4100 4073 1969 2319 
3176 4 0 4073 1827 4 1969 
3177 4 0 571 3584 740 3886 
3178 4 0 2011 3840 3587 1552 
3179 4 0 1254 2659 2029 905 
3180 4 0 3771 369 3880 1677 
3181 4 0 4508 3491 2905 939 
3182 4 0 2097 3421 2067 2271 
3183 4 0 3864 1681 180 382 
3184 4 0 404 4693 2647 1433 
3185 4 0 443 2500 941 3197 
3186 4 0 3054 3307 4495 1680 
3187 4 0 3206 2169 946 571 
3188 4 0 3886 3206 571 2169 
3189 4 0 2420 2006 2750 1959 
3190 4 0 391 1923 2475 2342 
3191 4 0 819 3361 1984 663 
3192 4 0 1984 2491 3696 2135 
3193 4 0 2750 1959 1979 4060 
3194 4 0 2378 2659 2435 2221 
3195 4 0 519 2058 186 1701 
3196 4 0 811 412 2956 1955 
3197 4 0 4366 4271 3762 1327 
3198 4 0 2058 1701 3597 186 
3199 4 0 2956 1375 412 744 
3200 4 0 454 2352 2845 2303 
3201 4 0 3707 2303 2845 2352 
3202 4 0 407 2553 3113 1833 
3203 4 0 2322 2049 2010 2148 
3204 4 0 3790 2076 2151 2212 
3205 4 0 1011 2208 2935 2198 
3206 4 0 2151 2076 3790 1905 
3207 4 0 2256 466 3423 2083 
3208 4 0 1904 2165 3327 3522 
3209 4 0 536 3402 1201 654 
3210 4 0 3132 538 2551 2495 
3211 4 0 278 761 750 4055 
3212 4 0 3136 3381 3057 3416 
3213 4 0 1634 4583 435 510 
3214 4 0 3057 3341 4272 3136 
3215 4 0 467 3556 4226 2237 
3216 4 0 2445 346 336 747 
3217 4 0 570 372 1468 2573 
3218 4 0 2445 336 327 747 
3219 4 0 3939 570 2304 900 
3220 4 0 720 2248 2879 2779 
3221 4 0 2194 2795 2313 1635 
3222 4 0 1924 429 447 3510 
3223 4 0 2445 747 327 319 
3224 4 0 1915 3297 480 2340 
3225 4 0 2070 418 1811 1600 
3226 4 0 1540 275 285 315 
3227 4 0 1540 275 315 273 
3228 4 0 1816 490 2070 1915 
3229 4 0 3882 3760 1390 2579 
3230 4 0 3062 4057 960 3110 
3231 4 0 960 1986 3110 2270 
3232 4 0 879 2589 2553 527 
3233 4 0 879 1070 2200 2214 
3234 4 0 763 1697 2846 678 
3235 4 0 1540 315 3140 273 
3236 4 0 3219 4613 3144 2676 
3237 4 0 1307 3196 1724 515 
3238 4 0 2809 2091 1254 2170 
3239 4 0 521 754 2243 2522 
3240 4 0 3414 742 3355 583 
3241 4 0 1912 488 2153 585 
3242 4 0 742 492 3742 4270 
3243 4 0 4270 3742 742 3355 
3244 4 0 4147 976 2234 2848 
3245 4 0 1212 3012 2803 2789 
3246 4 0 3209 2678 2234 1229 
3247 4 0 2464 3964 2234 3636 
3248 4 0 3124 3012 390 2789 
3249 4 0 2594 1433 2647 2041 
3250 4 0 492 742 2458 4270 
3251 4 0 429 2458 3742 492 
3252 4 0 3355 3665 4417 2133 
3253 4 0 2291 2439 2381 2682 
3254 4 0 3161 50 2401 4409 
3255 4 0 2894 1264 1874 2267 
3256 4 0 1312 2383 3289 4364 
3257 4 0 2552 2591 3729 1983 
3258 4 0 1321 1360 498 954 
3259 4 0 2292 2197 3809 2701 
3260 4 0 1423 2531 1529 4560 
3261 4 0 755 521 754 2161 
3262 4 0 2522 2699 521 754 
3263 4 0 456 2075 2711 2079 
3264 4 0 553 2790 2492 1466 
3265 4 0 3615 2638 1820 393 
3266 4 0 3145 2968 3661 2216 
3267 4 0 2251 1233 3535 2259 
3268 4 0 445 2922 2126 2151 
3269 4 0 4182 2726 2389 2086 
3270 4 0 2086 1138 2726 2389 
3271 4 0 2389 2477 3786 3145 
3272 4 0 2060 3447 1968 2721 
3273 4 0 2389 3145 374 3661 
3274 4 0 3661 2216 2477 3145 
3275 4 0 685 1264 2894 4173 
3276 4 0 1466 449 553 3976 
3277 4 0 3976 449 553 2911 
3278 4 0 1251 2254 3142 687 
3279 4 0 511 2902 2428 3036 
3280 4 0 3948 2065 2116 2285 
3281 4 0 2415 2922 2151 2126 
3282 4 0 687 1251 2254 949 
3283 4 0 685 2894 680 4173 
3284 4 0 2472 2823 3018 2890 
3285 4 0 363 2779 2879 2497 
3286 4 0 2497 363 2779 4135 
3287 4 0 2890 3018 2402 4519 
3288 4 0 3115 3675 3406 1990 
3289 4 0 2940 1990 3675 3115 
3290 4 0 665 576 506 2672 
3291 4 0 414 843 1554 4079 
3292 4 0 1927 3602 171 1265 
3293 4 0 526 2106 2131 1740 
3294 4 0 2255 2450 2415 2126 
3295 4 0 2421 2045 1210 2253 
3296 4 0 44 3041 1863 2274 
3297 4 0 1651 4576 2167 2290 
3298 4 0 3194 371 1466 2131 
3299 4 0 1863 55 44 2274 
3300 4 0 3287 2709 3314 2196 
3301 4 0 2709 3287 3196 1741 
3302 4 0 81 689 3205 72 
3303 4 0 1560 1557 2720 2302 
3304 4 0 1845 3248 3678 2130 
3305 4 0 2016 436 2519 1962 
3306 4 0 2124 3391 2072 2519 
3307 4 0 3763 2851 1581 2690 
3308 4 0 689 61 3205 72 
3309 4 0 207 417 549 221 
3310 4 0 3406 1990 563 3115 
3311 4 0 1821 2009 2264 803 
3312 4 0 2853 2198 1841 1011 
3313 4 0 3214 619 3470 2792 
3314 4 0 2230 2753 2169 4214 
3315 4 0 2230 3886 4214 2169 
3316 4 0 172 1260 147 2765 
3317 4 0 2018 2986 2090 657 
3318 4 0 2901 774 2395 2058 
3319 4 0 774 450 2395 2058 
3320 4 0 3506 2995 2722 2424 
3321 4 0 2546 3707 3132 2495 
3322 4 0 370 2920 1991 1943 
3323 4 0 370 2272 2920 1943 
3324 4 0 3295 3116 1839 3840 
3325 4 0 745 272 755 2025 
3326 4 0 2514 2438 1189 3407 
3327 4 0 2438 3016 1189 1152 
3328 4 0 2979 513 2912 1572 
3329 4 0 1148 2895 4448 1094 
3330 4 0 4122 784 2355 4012 
3331 4 0 3617 1011 3420 1645 
3332 4 0 2979 1572 4300 513 
3333 4 0 3446 2230 2628 518 
3334 4 0 2303 3707 1704 455 
3335 4 0 2289 2455 2521 2662 
3336 4 0 156 1220 3969 177 
3337 4 0 2653 2689 493 2501 
3338 4 0 3199 3379 2652 3512 
3339 4 0 759 1946 1985 2318 
3340 4 0 3371 3199 3512 3379 
3341 4 0 1137 1136 1129 955 
3342 4 0 4100 2166 2955 683 
3343 4 0 1804 415 418 1712 
3344 4 0 1804 418 1811 1712 
3345 4 0 2710 1712 1811 418 
3346 4 0 3767 1712 418 415 
3347 4 0 3767 2710 418 1712 
3348 4 0 3001 2559 2612 3125 
3349 4 0 4275 3307 4572 4160 
3350 4 0 2821 3253 448 2131 
3351 4 0 375 2349 2379 2932 
3352 4 0 2133 2875 2831 430 
3353 4 0 375 2784 2379 2675 
3354 4 0 4301 1842 2377 2793 
3355 4 0 3649 2491 3598 2018 
3356 4 0 1656 2018 3598 3374 
3357 4 0 1189 3363 3407 1152 
3358 4 0 1152 1189 2438 3407 
3359 4 0 223 3407 1152 2438 
3360 4 0 1210 2421 2253 2687 
3361 4 0 2280 3527 1792 1834 
3362 4 0 1805 3527 2124 1792 
3363 4 0 1805 2800 1468 3527 
3364 4 0 2800 3527 1805 2280 
3365 4 0 808 2211 4221 2259 
3366 4 0 4221 2259 2251 808 
3367 4 0 554 1623 380 168 
3368 4 0 3742 2458 4270 492 
3369 4 0 949 2254 363 2004 
3370 4 0 2587 603 904 2190 
3371 4 0 2135 3093 2851 1581 
3372 4 0 3583 3093 1581 1353 
3373 4 0 953 2004 3442 2689 
3374 4 0 2341 701 2314 3577 
3375 4 0 2693 43 70 60 
3376 4 0 1704 455 3707 538 
3377 4 0 904 2587 2190 4194 
3378 4 0 4260 701 2314 2341 
3379 4 0 2693 43 79 70 
3380 4 0 3520 3183 2069 1810 
3381 4 0 1574 3025 3816 3527 
3382 4 0 513 2979 2912 2172 
3383 4 0 410 603 2587 2190 
3384 4 0 4582 4300 513 2979 
3385 4 0 3669 2024 1676 2223 
3386 4 0 3730 3045 2671 539 
3387 4 0 4503 2593 2537 4537 
3388 4 0 3394 2547 1821 2307 
3389 4 0 1582 1231 3165 3002 
3390 4 0 2588 470 2644 1262 
3391 4 0 1868 46 53 2159 
3392 4 0 3545 1085 1983 1899 
3393 4 0 3165 3002 2106 2506 
3394 4 0 2942 2868 490 1982 
3395 4 0 2942 473 1982 2791 
3396 4 0 3304 2157 3615 2311 
3397 4 0 2966 2010 2049 2148 
3398 4 0 3299 1293 1392 1142 
3399 4 0 4366 3419 1327 2085 
3400 4 0 984 481 4175 1046 
3401 4 0 1581 1997 2890 2823 
3402 4 0 3045 459 1469 2671 
3403 4 0 1659 2225 383 2128 
3404 4 0 2225 383 4620 1659 
3405 4 0 3815 518 442 796 
3406 4 0 383 513 1572 2912 
3407 4 0 1515 1239 2093 2670 
3408 4 0 1958 1176 2133 3868 
3409 4 0 1515 1445 1239 2670 
3410 4 0 2122 653 2431 4686 
3411 4 0 4432 3165 1231 4542 
3412 4 0 1584 3501 3171 2262 
3413 4 0 1085 3637 523 2854 
3414 4 0 1522 1014 489 2856 
3415 4 0 2360 635 2039 1510 
3416 4 0 2866 2854 1085 523 
3417 4 0 1764 4120 487 1976 
3418 4 0 2830 2405 442 2760 
3419 4 0 2184 2405 442 2830 
3420 4 0 1397 2590 1969 1733 
3421 4 0 2936 2382 2100 1397 
3422 4 0 1135 2936 949 2382 
3423 4 0 2454 2108 2113 2135 
3424 4 0 1412 2248 2959 2688 
3425 4 0 3343 2200 905 3299 
3426 4 0 2589 879 3343 3299 
3427 4 0 4316 4561 2162 4555 
3428 4 0 326 2529 4234 339 
3429 4 0 1276 2942 2791 2514 
3430 4 0 2942 1276 1460 2175 
3431 4 0 843 2545 2223 1739 
3432 4 0 511 435 2428 974 
3433 4 0 1359 3742 3355 742 
3434 4 0 3369 2465 408 1580 
3435 4 0 409 2465 2782 4629 
3436 4 0 1359 4253 3742 429 
3437 4 0 1668 2465 1983 3729 
3438 4 0 4381 4234 326 318 
3439 4 0 957 3626 1538 2080 
3440 4 0 3883 2539 913 3246 
3441 4 0 1019 758 1914 2666 
3442 4 0 2805 404 1433 1222 
3443 4 0 404 4693 1222 4408 
3444 4 0 2255 2429 1860 1870 
3445 4 0 865 4253 1502 1589 
3446 4 0 515 4292 1741 3196 
3447 4 0 3196 4292 3292 515 
3448 4 0 1106 1056 2064 139 
3449 4 0 3808 1056 2064 1106 
3450 4 0 2159 72 81 2317 
3451 4 0 1594 3116 1839 3295 
3452 4 0 3352 2325 896 959 
3453 4 0 490 1816 2070 2791 
3454 4 0 4525 1888 3643 3510 
3455 4 0 3352 2325 416 896 
3456 4 0 1131 1828 1829 874 
3457 4 0 3001 642 3322 3762 
3458 4 0 2327 2230 2753 1871 
3459 4 0 2039 2686 1358 3554 
3460 4 0 2686 2039 2122 3327 
3461 4 0 2122 1358 2686 2431 
3462 4 0 2185 4016 371 427 
3463 4 0 1046 481 1940 2826 
3464 4 0 1933 2826 2189 1940 
3465 4 0 1933 481 2887 1864 
3466 4 0 2189 2826 1046 1940 
3467 4 0 2129 3441 1922 2162 
3468 4 0 2196 2222 2386 2825 
3469 4 0 2889 426 1921 2487 
3470 4 0 2282 1818 3273 2244 
3471 4 0 2282 2970 2244 3273 
3472 4 0 824 4271 829 642 
3473 4 0 611 2748 3155 1688 
3474 4 0 3413 4057 3842 2170 
3475 4 0 2133 3868 2548 2641 
3476 4 0 2192 49 691 681 
3477 4 0 1958 3868 2133 2641 
3478 4 0 2996 2863 3257 3230 
3479 4 0 2131 3253 842 526 
3480 4 0 2131 1740 2867 526 
3481 4 0 3390 906 400 2238 
3482 4 0 879 2200 3343 3299 
3483 4 0 3299 2589 879 527 
3484 4 0 3390 906 2238 1211 
3485 4 0 4436 897 895 2295 
3486 4 0 3473 3950 2211 451 
3487 4 0 4216 895 897 2295 
3488 4 0 4216 897 1226 2295 
3489 4 0 2342 2475 2954 2275 
3490 4 0 2711 2075 2750 3260 
3491 4 0 563 1912 4018 3115 
3492 4 0 3929 3322 3556 2431 
3493 4 0 1487 2165 3038 3851 
3494 4 0 4005 393 3615 2633 
3495 4 0 3104 1821 2326 969 
3496 4 0 4503 2537 465 2236 
3497 4 0 4503 2537 2236 4537 
3498 4 0 2236 4502 4503 4537 
3499 4 0 1935 3473 2211 451 
3500 4 0 1935 3473 2055 2211 
3501 4 0 1540 296 315 285 
3502 4 0 2936 2382 720 2100 
3503 4 0 807 203 227 1249 
3504 4 0 211 1595 963 2055 
3505 4 0 4348 4225 3926 3287 
3506 4 0 2730 3703 3203 2378 
3507 4 0 889 886 1109 397 
3508 4 0 2836 3856 2322 4259 
3509 4 0 4144 2026 876 3034 
3510 4 0 2232 3551 80 71 
3511 4 0 1359 2644 3355 1266 
3512 4 0 3916 3280 1151 1334 
3513 4 0 755 2699 754 521 
3514 4 0 3036 2592 4173 680 
3515 4 0 4018 563 3115 2633 
3516 4 0 3389 3506 2602 2043 
3517 4 0 4436 895 3850 2295 
3518 4 0 158 171 4046 3016 
3519 4 0 876 2162 1130 2304 
3520 4 0 3016 196 171 4046 
3521 4 0 2159 80 689 3551 
3522 4 0 2224 2792 959 378 
3523 4 0 71 80 2159 3551 
3524 4 0 3357 2055 2146 2364 
3525 4 0 1339 472 2146 2055 
3526 4 0 1294 4083 2780 1949 
3527 4 0 2635 4214 2811 4554 
3528 4 0 3801 1041 4442 3822 
3529 4 0 3255 1688 957 2224 
3530 4 0 1608 2189 170 1046 
3531 4 0 170 1608 152 2189 
3532 4 0 1867 1232 3582 1044 
3533 4 0 984 1046 2826 481 
3534 4 0 1063 2910 497 3047 
3535 4 0 3363 223 247 3407 
3536 4 0 2112 2264 2326 2009 
3537 4 0 3363 223 3407 1152 
3538 4 0 210 785 1342 4078 
3539 4 0 2210 2097 2413 3421 
3540 4 0 4253 1737 2331 1736 
3541 4 0 1331 661 662 2330 
3542 4 0 662 661 1205 2330 
3543 4 0 2804 3625 2571 2135 
3544 4 0 1350 4256 2476 2016 
3545 4 0 960 3114 2078 3268 
3546 4 0 445 2367 2209 2453 
3547 4 0 3974 3151 491 1275 
3548 4 0 2259 1915 3151 491 
3549 4 0 1233 1915 3974 3151 
3550 4 0 1233 1915 3151 2259 
3551 4 0 203 1157 1249 807 
3552 4 0 4169 2367 2453 1971 
3553 4 0 900 1922 1468 372 
3554 4 0 4498 1005 2838 3827 
3555 4 0 1014 610 2260 392 
3556 4 0 4621 474 2438 1927 
3557 4 0 893 2468 1820 2117 
3558 4 0 1288 683 2759 48 
3559 4 0 4339 1496 1488 2282 
3560 4 0 48 2759 1288 33 
3561 4 0 2760 2405 4076 2515 
3562 4 0 4339 38 1104 2244 
3563 4 0 33 1288 48 686 
3564 4 0 1288 683 48 686 
3565 4 0 2920 1943 2272 4341 
3566 4 0 2884 1704 2074 2370 
3567 4 0 2370 3199 1704 3371 
3568 4 0 1089 1090 892 2359 
3569 4 0 1515 2503 2670 2093 
3570 4 0 3627 1622 4697 4251 
3571 4 0 2803 2763 2791 1982 
3572 4 0 2271 4500 2459 1007 
3573 4 0 2180 2057 4213 479 
3574 4 0 3729 2465 1983 409 
3575 4 0 2758 2106 2049 2111 
3576 4 0 351 1642 400 341 
3577 4 0 3729 2465 409 4629 
3578 4 0 2331 3643 1888 3510 
3579 4 0 3210 4205 2087 528 
3580 4 0 2035 2843 2824 1820 
3581 4 0 2035 1814 2843 1820 
3582 4 0 2035 2824 2411 1820 
3583 4 0 1743 4486 2523 2089 
3584 4 0 811 2284 2956 3836 
3585 4 0 811 2284 1955 2956 
3586 4 0 247 3407 4310 3363 
3587 4 0 1288 3117 9 11 
3588 4 0 2458 1400 4090 1991 
3589 4 0 492 429 2458 1991 
3590 4 0 943 3840 1505 2193 
3591 4 0 3376 3327 2039 4345 
3592 4 0 3327 2039 2796 3376 
3593 4 0 2720 2540 2294 3179 
3594 4 0 2253 2351 2201 1930 
3595 4 0 2876 554 155 1623 
3596 4 0 554 155 168 4595 
3597 4 0 1976 1281 3590 3408 
3598 4 0 2616 3590 1511 1976 
3599 4 0 2579 3653 459 1469 
3600 4 0 4307 385 959 3238 
3601 4 0 2050 2303 3673 2977 
3602 4 0 3186 1852 2587 2142 
3603 4 0 3094 518 1963 2230 
3604 4 0 2945 3446 3109 2230 
3605 4 0 3446 2230 518 3109 
3606 4 0 2230 442 3109 2945 
3607 4 0 1375 3401 2448 1955 
3608 4 0 2638 2324 3221 393 
3609 4 0 1015 1046 2826 984 
3610 4 0 1955 3401 2448 3506 
3611 4 0 3140 292 4130 282 
3612 4 0 4107 4400 1210 4399 
3613 4 0 4378 4104 1234 2311 
3614 4 0 1213 4400 1210 4107 
3615 4 0 1234 2324 2638 2311 
3616 4 0 2026 2248 3034 2650 
3617 4 0 3981 1635 2518 2515 
3618 4 0 3791 4050 4137 1390 
3619 4 0 3126 2884 2747 3715 
3620 4 0 1371 969 2156 3104 
3621 4 0 1371 2156 969 4066 
3622 4 0 1474 2178 2667 1922 
3623 4 0 2667 1474 2372 2178 
3624 4 0 2328 2085 2101 1325 
3625 4 0 754 521 2243 2161 
3626 4 0 318 4234 1570 2983 
3627 4 0 2399 904 960 385 
3628 4 0 3289 1632 2634 3335 
3629 4 0 1821 1824 2157 969 
3630 4 0 2399 2893 2527 1599 
3631 4 0 337 2426 4286 2387 
3632 4 0 1688 611 373 2295 
3633 4 0 568 1258 1257 4349 
3634 4 0 373 4436 1688 2295 
3635 4 0 595 4350 3343 3794 
3636 4 0 1258 4349 564 3146 
3637 4 0 568 564 1258 4349 
3638 4 0 378 3357 1775 1157 
3639 4 0 1157 378 3357 807 
3640 4 0 3284 2825 437 2130 
3641 4 0 3520 2649 3155 3374 
3642 4 0 3520 658 3481 3374 
3643 4 0 2851 2135 1581 2690 
3644 4 0 1294 3235 1949 1830 
3645 4 0 1138 3383 374 2389 
3646 4 0 374 1138 2881 406 
3647 4 0 2739 4562 2105 3939 
3648 4 0 955 1321 1360 3383 
3649 4 0 2425 1374 3406 1745 
3650 4 0 1321 1138 3383 955 
3651 4 0 3987 3840 2750 4060 
3652 4 0 603 3358 444 385 
3653 4 0 1264 2653 4173 685 
3654 4 0 3416 2843 543 1908 
3655 4 0 3827 3868 384 1086 
3656 4 0 3983 1460 2539 3246 
3657 4 0 2316 3680 2033 1978 
3658 4 0 621 3983 3246 1189 
3659 4 0 3813 4675 3014 2354 
3660 4 0 771 375 2675 2436 
3661 4 0 457 1803 3134 1789 
3662 4 0 3516 2609 426 3410 
3663 4 0 3215 2436 771 2675 
3664 4 0 3134 2856 1014 764 
3665 4 0 764 2856 1014 1522 
3666 4 0 2022 2665 2388 3726 
3667 4 0 1882 3358 2585 2396 
3668 4 0 2055 2850 1935 1538 
3669 4 0 2850 2055 3626 1538 
3670 4 0 2890 1581 2823 3093 
3671 4 0 2946 2187 4272 2461 
3672 4 0 4369 2055 1339 3357 
3673 4 0 1834 2690 2280 1835 
3674 4 0 1339 227 807 838 
3675 4 0 1792 1353 3147 2280 
3676 4 0 1834 1792 1581 2530 
3677 4 0 1834 1581 1792 2280 
3678 4 0 1975 3640 3836 3203 
3679 4 0 1442 1433 2647 4693 
3680 4 0 3417 2591 349 340 
3681 4 0 760 3417 2591 349 
3682 4 0 2009 2112 2121 521 
3683 4 0 2522 2112 2009 521 
3684 4 0 2969 2233 3358 2396 
3685 4 0 2112 2536 2153 2121 
3686 4 0 2233 3358 2679 2969 
3687 4 0 524 1165 1893 2815 
3688 4 0 3586 3035 4089 1820 
3689 4 0 1242 3121 2082 3094 
3690 4 0 1845 2825 2130 2386 
3691 4 0 3284 2825 2130 1845 
3692 4 0 3187 1505 3935 3573 
3693 4 0 2367 2575 2213 2242 
3694 4 0 800 2956 3703 3502 
3695 4 0 2026 4144 4049 4435 
3696 4 0 3786 3145 374 2389 
3697 4 0 2567 7 2099 15 
3698 4 0 2202 2812 1808 2130 
3699 4 0 4083 2130 3284 1949 
3700 4 0 2573 1468 1809 2299 
3701 4 0 437 2825 2573 2299 
3702 4 0 2221 3502 800 3703 
3703 4 0 4557 4543 3328 2890 
3704 4 0 495 3680 3324 2033 
3705 4 0 4118 2148 2464 2966 
3706 4 0 298 2857 304 2699 
3707 4 0 1813 2116 3274 2065 
3708 4 0 2160 1577 3832 4583 
3709 4 0 2211 808 2118 2260 
3710 4 0 1807 3475 1945 2018 
3711 4 0 576 4521 2672 665 
3712 4 0 576 665 3755 4521 
3713 4 0 94 2566 3095 3250 
3714 4 0 1652 2455 1207 1503 
3715 4 0 1663 3730 2807 2671 
3716 4 0 588 2367 587 445 
3717 4 0 839 3266 532 692 
3718 4 0 2890 3162 2402 2470 
3719 4 0 4564 3093 4543 4547 
3720 4 0 2890 4557 3162 2507 
3721 4 0 1868 689 2194 2313 
3722 4 0 53 1868 2194 46 
3723 4 0 53 1868 689 2194 
3724 4 0 3274 444 2065 2655 
3725 4 0 2082 950 3121 951 
3726 4 0 3121 951 2236 2402 
3727 4 0 3121 2083 1963 2236 
3728 4 0 3554 2039 2314 2073 
3729 4 0 2892 1358 2431 3554 
3730 4 0 4076 2889 2950 4074 
3731 4 0 2950 2889 2322 4074 
3732 4 0 2824 2411 4085 2035 
3733 4 0 1820 2824 2411 3586 
3734 4 0 2056 1751 2064 378 
3735 4 0 2050 2845 454 2109 
3736 4 0 2352 2109 454 2845 
3737 4 0 2933 2845 2798 2109 
3738 4 0 2109 1087 2845 2352 
3739 4 0 2109 1087 2933 2845 
3740 4 0 3357 594 1249 1339 
3741 4 0 594 961 3357 1249 
3742 4 0 2827 1819 908 2030 
3743 4 0 2152 1899 1085 1965 
3744 4 0 409 2591 2152 1983 
3745 4 0 2205 1469 3585 3485 
3746 4 0 2316 1561 3424 2480 
3747 4 0 4241 1561 3424 2316 
3748 4 0 2844 4455 2742 2263 
3749 4 0 2827 2071 2448 860 
3750 4 0 860 2071 2092 1817 
3751 4 0 2448 860 2071 2092 
3752 4 0 385 3826 1364 3238 
3753 4 0 1195 37 4249 2171 
3754 4 0 1422 2111 2511 2732 
3755 4 0 2111 2511 1032 1033 
3756 4 0 2512 2633 3615 4089 
3757 4 0 1405 376 3043 1862 
3758 4 0 1015 984 2826 676 
3759 4 0 3670 1018 1170 3446 
3760 4 0 2344 886 1989 508 
3761 4 0 886 397 3010 2719 
3762 4 0 2826 984 2204 676 
3763 4 0 2512 4005 3615 2633 
3764 4 0 2512 2633 4089 563 
3765 4 0 2957 1400 2458 2409 
3766 4 0 2107 226 201 2834 
3767 4 0 230 1283 4411 212 
3768 4 0 561 2080 4058 3513 
3769 4 0 561 1344 2783 3513 
3770 4 0 2160 1576 4430 2033 
3771 4 0 947 1251 685 1874 
3772 4 0 2160 4430 365 2033 
3773 4 0 1206 658 660 662 
3774 4 0 658 660 662 1331 
3775 4 0 4427 3836 1237 4674 
3776 4 0 660 1331 658 1330 
3777 4 0 1821 2512 4089 563 
3778 4 0 1821 867 563 4089 
3779 4 0 1070 1769 938 1669 
3780 4 0 2108 2672 576 3696 
3781 4 0 525 391 1770 937 
3782 4 0 2475 2342 938 391 
3783 4 0 2431 2909 3595 3929 
3784 4 0 3554 2431 2909 3595 
3785 4 0 3595 2686 3554 2431 
3786 4 0 1212 2142 444 2404 
3787 4 0 1212 1810 2142 2404 
3788 4 0 1927 3751 2404 2134 
3789 4 0 522 224 1765 404 
3790 4 0 4564 3093 4547 3583 
3791 4 0 2838 3492 2977 4498 
3792 4 0 2616 398 3280 617 
3793 4 0 3280 1512 398 2616 
3794 4 0 1510 1331 2360 857 
3795 4 0 2330 2360 1510 1331 
3796 4 0 2122 826 2360 1358 
3797 4 0 4490 1078 1079 2339 
3798 4 0 576 3182 2851 2823 
3799 4 0 2113 3182 2851 576 
3800 4 0 2944 2309 3219 3433 
3801 4 0 3116 1839 2205 1594 
3802 4 0 2120 1594 2205 1839 
3803 4 0 3688 774 450 1901 
3804 4 0 2539 1460 3983 486 
3805 4 0 2854 1085 3545 1899 
3806 4 0 3688 774 2817 2855 
3807 4 0 2805 404 2543 2104 
3808 4 0 2854 3637 3545 1085 
3809 4 0 2104 404 224 1596 
3810 4 0 404 2104 239 2543 
3811 4 0 2854 1899 3545 2525 
3812 4 0 4276 4455 2138 1981 
3813 4 0 1511 2616 394 2384 
3814 4 0 1680 3554 1913 4510 
3815 4 0 1680 3554 4510 4387 
3816 4 0 1983 2240 2465 1668 
3817 4 0 409 2240 2465 1983 
3818 4 0 503 3864 2314 1647 
3819 4 0 3475 2018 2571 1945 
3820 4 0 2427 2184 2405 442 
3821 4 0 4070 2158 2631 2405 
3822 4 0 662 2330 1205 658 
3823 4 0 1176 1958 2584 3868 
3824 4 0 1331 2330 662 658 
3825 4 0 2330 657 1205 658 
3826 4 0 3179 2928 2720 3324 
3827 4 0 4144 4555 876 2673 
3828 4 0 2304 4562 876 2162 
3829 4 0 2112 2326 2264 2393 
3830 4 0 4452 639 1917 599 
3831 4 0 3282 2139 2454 3237 
3832 4 0 1491 2454 3370 2139 
3833 4 0 3642 3225 2365 3237 
3834 4 0 2146 472 3934 473 
3835 4 0 887 2906 1339 838 
3836 4 0 3047 2032 1360 498 
3837 4 0 3473 606 3692 2850 
3838 4 0 3692 606 3386 2850 
3839 4 0 567 1454 3470 1318 
3840 4 0 3872 1540 3140 273 
3841 4 0 3872 3539 1540 273 
3842 4 0 228 2353 1165 257 
3843 4 0 3590 2616 1511 2384 
3844 4 0 2384 2616 4681 1960 
3845 4 0 3872 273 3140 282 
3846 4 0 3532 381 509 4640 
3847 4 0 2072 3149 599 3184 
3848 4 0 4564 1837 3093 1353 
3849 4 0 4447 4698 473 1606 
3850 4 0 2335 2930 2963 3230 
3851 4 0 1077 3735 2110 4490 
3852 4 0 1505 893 2193 2117 
3853 4 0 3955 611 2910 2406 
3854 4 0 2010 1905 1903 2127 
3855 4 0 3868 1077 1086 3735 
3856 4 0 4698 473 472 2514 
3857 4 0 2201 669 3837 3371 
3858 4 0 1145 3837 2201 669 
3859 4 0 2817 3688 1901 774 
3860 4 0 1536 2937 1185 2563 
3861 4 0 297 1185 303 2563 
3862 4 0 3038 3513 4058 2165 
3863 4 0 3513 3038 4465 2165 
3864 4 0 2184 3953 4177 3778 
3865 4 0 203 184 807 851 
3866 4 0 3414 583 3355 183 
3867 4 0 2563 1185 288 297 
3868 4 0 2346 1707 2367 2290 
3869 4 0 4267 4270 3742 2458 
3870 4 0 2977 1704 3320 3492 
3871 4 0 3212 347 401 355 
3872 4 0 2539 1460 3963 3246 
3873 4 0 2146 807 887 1339 
3874 4 0 2905 3496 2095 4585 
3875 4 0 4179 981 2978 2556 
3876 4 0 1689 4109 1603 3656 
3877 4 0 3446 1018 1170 2556 
3878 4 0 4074 2950 1493 2148 
3879 4 0 2261 413 1921 2770 
3880 4 0 2358 3646 2757 3442 
3881 4 0 2850 694 606 3386 
3882 4 0 2901 774 2058 3597 
3883 4 0 479 2143 2057 631 
3884 4 0 471 479 2057 631 
3885 4 0 3422 2088 843 414 
3886 4 0 2498 2165 2796 2705 
3887 4 0 1229 2678 2234 2012 
3888 4 0 4269 3269 2806 2961 
3889 4 0 3920 2418 2796 2241 
3890 4 0 4136 1390 3804 3806 
3891 4 0 2228 2269 597 1361 
3892 4 0 3008 4181 3975 3125 
3893 4 0 518 796 1546 3425 
3894 4 0 678 1697 797 763 
3895 4 0 4176 2760 442 364 
3896 4 0 407 3113 1772 1773 
3897 4 0 942 2760 4176 364 
3898 4 0 2999 3669 4092 554 
3899 4 0 2174 2999 4092 554 
3900 4 0 1701 186 519 170 
3901 4 0 1211 3689 2238 2963 
3902 4 0 519 2058 773 186 
3903 4 0 186 2058 773 3597 
3904 4 0 3336 1839 2619 3882 
3905 4 0 1893 3082 524 935 
3906 4 0 4537 2593 2537 4382 
3907 4 0 3082 524 525 1893 
3908 4 0 2197 2659 3502 3809 
3909 4 0 2867 3536 3428 1740 
3910 4 0 2032 2386 2709 3482 
3911 4 0 3635 1959 2187 943 
3912 4 0 3238 1246 3190 4307 
3913 4 0 661 2330 1331 1593 
3914 4 0 2190 1246 2059 992 
3915 4 0 468 2330 657 661 
3916 4 0 2576 2422 2540 2196 
3917 4 0 3123 2386 2032 3482 
3918 4 0 4073 2054 2586 2428 
3919 4 0 2155 4073 2428 2054 
3920 4 0 2207 1085 357 1965 
3921 4 0 3704 3462 2617 1443 
3922 4 0 958 4182 2389 2086 
3923 4 0 957 2364 2748 3255 
3924 4 0 2415 2922 3790 2151 
3925 4 0 2922 3903 2151 445 
3926 4 0 218 405 845 1442 
3927 4 0 2807 1663 3660 3487 
3928 4 0 2807 3487 1908 538 
3929 4 0 136 2767 582 117 
3930 4 0 582 136 117 3060 
3931 4 0 4017 3459 1584 3453 
3932 4 0 1845 2130 647 3248 
3933 4 0 392 610 2384 1014 
3934 4 0 2384 392 480 610 
3935 4 0 2503 385 2717 2617 
3936 4 0 1116 385 2717 2503 
3937 4 0 689 3740 2194 1635 
3938 4 0 689 3740 61 53 
3939 4 0 2454 3225 2113 2108 
3940 4 0 3209 2403 3672 2274 
3941 4 0 3225 2454 3237 2108 
3942 4 0 2940 1990 2927 3675 
3943 4 0 3675 1990 2927 2089 
3944 4 0 2108 3225 2113 3182 
3945 4 0 405 3751 4080 2647 
3946 4 0 1525 2574 1776 3352 
3947 4 0 2936 2337 1314 3065 
3948 4 0 3544 3174 2817 1940 
3949 4 0 3014 2471 3813 2354 
3950 4 0 3222 2715 3783 3020 
3951 4 0 3406 1990 4089 563 
3952 4 0 4267 3742 2409 2458 
3953 4 0 2254 2398 19 1073 
3954 4 0 2471 3014 3514 4013 
3955 4 0 2458 429 3742 1400 
3956 4 0 1462 906 2042 1211 
3957 4 0 3689 1211 1462 2042 
3958 4 0 1462 4041 3689 2042 
3959 4 0 3689 2042 4041 2930 
3960 4 0 1622 3942 3517 2677 
3961 4 0 1106 3942 2064 2677 
3962 4 0 3500 1316 1713 163 
3963 4 0 1942 1822 1462 3158 
3964 4 0 1462 4041 2042 906 
3965 4 0 2490 3722 659 1052 
3966 4 0 3703 811 1975 744 
3967 4 0 3018 951 665 1463 
3968 4 0 3018 2823 951 1463 
3969 4 0 2122 1358 2039 2686 
3970 4 0 2122 826 1358 2431 
3971 4 0 2571 2018 438 611 
3972 4 0 1987 2536 521 2210 
3973 4 0 1043 427 3582 1466 
3974 4 0 453 2075 3260 3310 
3975 4 0 3294 4506 2112 2728 
3976 4 0 1997 2472 436 1962 
3977 4 0 2308 2152 2591 1965 
3978 4 0 3901 4120 1281 3590 
3979 4 0 1269 806 2814 4205 
3980 4 0 919 920 4496 491 
3981 4 0 806 2814 4205 2022 
3982 4 0 3411 1382 2983 3365 
3983 4 0 2259 3151 4496 491 
3984 4 0 4496 490 2259 491 
3985 4 0 2428 2005 4571 3874 
3986 4 0 480 2736 1233 3974 
3987 4 0 2443 2955 686 683 
3988 4 0 2117 2468 1820 2157 
3989 4 0 1908 2843 1820 2638 
3990 4 0 2274 2367 1971 2453 
3991 4 0 702 2453 3041 3064 
3992 4 0 2061 1862 2543 2246 
3993 4 0 1078 4490 544 2339 
3994 4 0 1927 4621 3016 2438 
3995 4 0 2752 2230 2226 2819 
3996 4 0 1721 2370 2652 4658 
3997 4 0 4 2100 1969 1827 
3998 4 0 2339 1844 4490 544 
3999 4 0 2112 2536 2121 521 
4000 4 0 1176 430 2133 4314 
4001 4 0 447 429 492 1991 
4002 4 0 447 2920 2648 1991 
4003 4 0 3355 742 4270 583 
4004 4 0 3869 2761 1361 2228 
4005 4 0 2421 2296 509 3460 
4006 4 0 2111 2010 2049 2966 
4007 4 0 2687 4155 1210 3878 
4008 4 0 1210 1799 3878 4155 
4009 4 0 1842 2793 1971 2377 
4010 4 0 2253 4155 1210 2687 
4011 4 0 1400 4090 2320 2458 
4012 4 0 2108 2135 1984 3696 
4013 4 0 2966 3013 4118 2049 
4014 4 0 2010 2464 2148 2966 
4015 4 0 2133 2831 3415 430 
4016 4 0 2133 430 3415 4314 
4017 4 0 2133 3415 2831 3524 
4018 4 0 2133 3415 2873 4314 
4019 4 0 3430 3576 3571 2483 
4020 4 0 2894 32 23 2693 
4021 4 0 2080 3626 1902 957 
4022 4 0 2807 1469 538 2671 
4023 4 0 3529 3572 2913 4314 
4024 4 0 418 2442 2011 1600 
4025 4 0 1844 3467 1993 1958 
4026 4 0 1397 236 2538 687 
4027 4 0 3161 62 2654 3551 
4028 4 0 4155 4162 2550 387 
4029 4 0 4071 3741 517 1941 
4030 4 0 3148 4071 517 1941 
4031 4 0 498 1099 2724 3291 
4032 4 0 1644 1616 4162 4155 
4033 4 0 2911 3976 3671 553 
4034 4 0 2812 383 2832 2225 
4035 4 0 4295 383 2812 2225 
4036 4 0 2570 2512 2188 3122 
4037 4 0 3383 1138 374 406 
4038 4 0 3383 1138 406 955 
4039 4 0 2570 2681 2512 3122 
4040 4 0 3481 1732 134 1734 
4041 4 0 1471 2917 3838 4529 
4042 4 0 4639 474 2514 2438 
4043 4 0 2776 1353 1204 3444 
4044 4 0 4384 375 2379 2932 
4045 4 0 134 3969 1732 3481 
4046 4 0 3225 3237 597 1099 
4047 4 0 2756 2731 2698 3451 
4048 4 0 1844 3486 544 3973 
4049 4 0 489 1014 2384 3056 
4050 4 0 3237 597 3642 3225 
4051 4 0 2450 1892 1738 2620 
4052 4 0 869 4315 3378 1891 
4053 4 0 2274 1971 4579 3682 
4054 4 0 2274 4579 2403 3682 
4055 4 0 3051 2656 2427 2184 
4056 4 0 2656 2427 4070 2572 
4057 4 0 1843 2648 1956 4172 
4058 4 0 3137 372 2720 2692 
4059 4 0 3137 2720 372 3317 
4060 4 0 2868 490 1544 2251 
4061 4 0 4550 3150 3588 2186 
4062 4 0 180 207 1092 382 
4063 4 0 2347 1540 296 2445 
4064 4 0 3389 4213 471 479 
4065 4 0 2551 538 3132 2638 
4066 4 0 4314 3572 2913 1176 
4067 4 0 3572 862 2913 1176 
4068 4 0 4303 3314 2051 3466 
4069 4 0 862 2913 1176 4220 
4070 4 0 2051 4303 975 3314 
4071 4 0 2253 387 2998 2999 
4072 4 0 3977 1712 532 2710 
4073 4 0 2060 2712 2340 1968 
4074 4 0 4499 3830 3676 3657 
4075 4 0 1720 2942 1460 2175 
4076 4 0 3473 473 2942 2175 
4077 4 0 228 2353 175 1126 
4078 4 0 4284 3177 2606 4453 
4079 4 0 1126 2141 228 2353 
4080 4 0 2113 2851 2135 576 
4081 4 0 248 3202 2353 1127 
4082 4 0 1126 2353 175 3202 
4083 4 0 1741 3287 3047 2709 
4084 4 0 1211 2963 2238 3695 
4085 4 0 1536 302 311 2563 
4086 4 0 2693 43 23 14 
4087 4 0 4684 365 2479 2754 
4088 4 0 3791 395 1390 3760 
4089 4 0 162 1751 4444 378 
4090 4 0 1746 3647 3217 528 
4091 4 0 4102 4090 2024 370 
4092 4 0 2222 4355 3489 787 
4093 4 0 2644 161 181 1624 
4094 4 0 3210 4205 2229 2087 
4095 4 0 3903 3567 2922 4215 
4096 4 0 2588 2644 181 185 
4097 4 0 1624 185 181 2644 
4098 4 0 537 3827 3868 384 
4099 4 0 2390 2313 1860 768 
4100 4 0 45 1860 768 2390 
4101 4 0 1709 1710 1894 2711 
4102 4 0 2884 1709 1894 2711 
4103 4 0 2561 1191 3119 3260 
4104 4 0 946 2402 1931 951 
4105 4 0 53 2159 689 1868 
4106 4 0 453 3310 4106 4059 
4107 4 0 905 2435 3343 3299 
4108 4 0 627 3343 2435 2949 
4109 4 0 3299 3343 2949 2435 
4110 4 0 2402 2890 4519 3162 
4111 4 0 2356 782 898 2113 
4112 4 0 527 2553 2183 407 
4113 4 0 2589 3610 2553 527 
4114 4 0 3442 2004 363 3075 
4115 4 0 1759 773 774 1198 
4116 4 0 4264 2295 4216 3156 
4117 4 0 2494 1841 1382 2983 
4118 4 0 3548 2957 2320 2096 
4119 4 0 3688 773 774 1759 
4120 4 0 776 1101 1759 774 
4121 4 0 1759 773 214 186 
4122 4 0 2197 744 4001 1375 
4123 4 0 458 4001 2197 744 
4124 4 0 2499 2096 154 129 
4125 4 0 1198 1759 1101 774 
4126 4 0 4243 3324 2882 499 
4127 4 0 4180 2096 2499 129 
4128 4 0 4237 1834 3527 516 
4129 4 0 2850 211 963 2055 
4130 4 0 2465 2240 409 3369 
4131 4 0 542 3187 3573 3366 
4132 4 0 2431 2122 4686 2686 
4133 4 0 4369 2175 3983 3823 
4134 4 0 1813 2041 3274 2116 
4135 4 0 3650 1509 3407 247 
4136 4 0 965 1767 568 524 
4137 4 0 401 355 347 760 
4138 4 0 407 1768 1671 1772 
4139 4 0 355 2937 760 349 
4140 4 0 1839 3840 3247 1505 
4141 4 0 3948 2312 2285 2475 
4142 4 0 3948 2475 2116 3082 
4143 4 0 527 1771 3610 1768 
4144 4 0 596 3113 1772 1392 
4145 4 0 2732 4551 2607 2111 
4146 4 0 2794 2111 2607 4551 
4147 4 0 2423 1580 3200 2967 
4148 4 0 3052 1580 3200 2423 
4149 4 0 2104 2594 3848 2805 
4150 4 0 2189 152 558 884 
4151 4 0 2312 2285 860 2065 
4152 4 0 1893 1127 3848 2509 
4153 4 0 3497 1893 3848 2509 
4154 4 0 1842 2793 2964 3903 
4155 4 0 4301 2346 2964 2793 
4156 4 0 1842 3903 4169 2793 
4157 4 0 2770 1033 2049 793 
4158 4 0 2466 3423 4516 575 
4159 4 0 2049 793 428 2770 
4160 4 0 138 378 162 4444 
4161 4 0 2049 2770 1937 1921 
4162 4 0 1033 2770 2049 1921 
4163 4 0 445 3903 2793 4169 
4164 4 0 3046 3616 4355 2664 
4165 4 0 1776 416 1777 1526 
4166 4 0 1463 2108 1099 506 
4167 4 0 618 3784 3114 1777 
4168 4 0 1746 1264 1488 2282 
4169 4 0 413 368 3464 2140 
4170 4 0 3464 368 1944 2140 
4171 4 0 2138 4423 3329 1475 
4172 4 0 4490 2584 3467 3735 
4173 4 0 2664 3482 3489 3050 
4174 4 0 1233 3535 480 2251 
4175 4 0 111 714 556 1477 
4176 4 0 2817 970 2887 2601 
4177 4 0 4017 100 148 1175 
4178 4 0 2158 4070 2631 3372 
4179 4 0 2068 4050 1390 1542 
4180 4 0 4340 3600 2482 669 
4181 4 0 1611 2991 3625 2135 
4182 4 0 3275 2297 1345 3741 
4183 4 0 3600 1368 4340 2482 
4184 4 0 1346 1785 1351 1581 
4185 4 0 363 4135 3075 2254 
4186 4 0 2194 706 46 31 
4187 4 0 615 281 1539 1185 
4188 4 0 4170 615 2208 1185 
4189 4 0 1185 4170 615 281 
4190 4 0 1916 615 1539 1185 
4191 4 0 4041 1857 2930 2287 
4192 4 0 4041 761 1857 2287 
4193 4 0 3230 3245 461 1857 
4194 4 0 720 2248 2959 2129 
4195 4 0 2248 2129 720 1136 
4196 4 0 1541 3245 761 1857 
4197 4 0 2882 3546 3324 3207 
4198 4 0 1871 2562 1872 2019 
4199 4 0 1309 4237 516 4608 
4200 4 0 2460 2370 3448 2561 
4201 4 0 2915 2215 2354 4483 
4202 4 0 2623 2963 3230 2938 
4203 4 0 4310 3407 3823 1189 
4204 4 0 2667 3441 2372 716 
4205 4 0 2805 1765 2543 404 
4206 4 0 2554 1765 2805 4408 
4207 4 0 1433 1222 2554 2805 
4208 4 0 574 3423 4516 3818 
4209 4 0 2839 1312 2383 3289 
4210 4 0 1339 2055 4369 2175 
4211 4 0 3528 1312 2383 2839 
4212 4 0 2383 3528 1718 1312 
4213 4 0 1991 1794 1571 1722 
4214 4 0 2146 1339 2055 3357 
4215 4 0 472 2055 1339 2175 
4216 4 0 428 3263 2802 4312 
4217 4 0 4555 876 2162 3034 
4218 4 0 1033 3130 3562 792 
4219 4 0 792 3562 1033 4592 
4220 4 0 931 340 2591 2552 
4221 4 0 1838 1707 2346 3276 
4222 4 0 2668 3946 855 854 
4223 4 0 3946 2668 855 1252 
4224 4 0 2817 1901 3348 3281 
4225 4 0 4244 3348 3281 2817 
4226 4 0 2221 3502 3703 2378 
4227 4 0 2221 3681 3561 3204 
4228 4 0 4336 3288 3337 517 
4229 4 0 1210 1799 4107 3878 
4230 4 0 2314 4148 3054 503 
4231 4 0 3593 2633 3406 393 
4232 4 0 4365 441 2778 3563 
4233 4 0 3563 4365 1004 384 
4234 4 0 1885 2190 410 2334 
4235 4 0 1885 603 385 2391 
4236 4 0 2149 2255 1415 2206 
4237 4 0 2074 1894 2884 2370 
4238 4 0 3643 1417 866 4528 
4239 4 0 2443 683 54 64 
4240 4 0 2548 590 3414 2333 
4241 4 0 2644 2331 1417 1801 
4242 4 0 2211 2055 473 3473 
4243 4 0 282 3539 3872 273 
4244 4 0 282 3872 3539 1841 
4245 4 0 1865 3041 1863 44 
4246 4 0 498 2406 3291 3047 
4247 4 0 1865 44 1863 1861 
4248 4 0 612 16 2489 1866 
4249 4 0 1082 1076 4337 1075 
4250 4 0 3345 598 3396 3680 
4251 4 0 3396 3345 3680 1576 
4252 4 0 3333 4213 2057 4368 
4253 4 0 3801 449 2506 2131 
4254 4 0 3801 880 3530 2506 
4255 4 0 3009 241 2548 226 
4256 4 0 3009 268 2333 241 
4257 4 0 3672 4093 3209 2274 
4258 4 0 3287 3196 3314 2709 
4259 4 0 2785 2757 2501 3680 
4260 4 0 949 2382 1397 2 
4261 4 0 2073 1510 2039 3577 
4262 4 0 2039 3577 2314 2073 
4263 4 0 1936 1470 2565 1851 
4264 4 0 2616 2384 3590 489 
4265 4 0 899 3850 4436 895 
4266 4 0 489 2384 3590 4670 
4267 4 0 1370 2633 1374 2681 
4268 4 0 829 2237 642 3192 
4269 4 0 2237 642 3556 829 
4270 4 0 829 2237 4226 3556 
4271 4 0 3289 1360 4328 3383 
4272 4 0 899 3850 3255 4436 
4273 4 0 2580 2118 4001 3347 
4274 4 0 1398 2117 1822 530 
4275 4 0 2671 539 2311 530 
4276 4 0 1978 3324 2033 2124 
4277 4 0 4218 2847 3479 3369 
4278 4 0 2801 4218 4157 4388 
4279 4 0 2376 2156 3104 1371 
4280 4 0 876 2162 2129 1130 
4281 4 0 1131 2154 900 3939 
4282 4 0 4511 2760 1679 3131 
4283 4 0 2041 2647 1949 1808 
4284 4 0 3380 3377 4673 2861 
4285 4 0 2396 860 3118 1375 
4286 4 0 78 3021 3741 3086 
4287 4 0 2018 1353 2090 2643 
4288 4 0 2692 2372 565 1556 
4289 4 0 3380 4673 2849 2861 
4290 4 0 2108 2135 2454 611 
4291 4 0 4391 1068 3411 4265 
4292 4 0 2354 3380 2849 3088 
4293 4 0 1322 532 1811 2410 
4294 4 0 2354 3380 3088 463 
4295 4 0 2594 3235 1949 2338 
4296 4 0 2354 4675 4283 2849 
4297 4 0 3235 2594 2419 2338 
4298 4 0 4457 3235 2419 2338 
4299 4 0 2011 1552 3587 2442 
4300 4 0 2870 3037 1169 2204 
4301 4 0 956 2168 1902 1904 
4302 4 0 956 2168 2748 1902 
4303 4 0 534 2748 1902 572 
4304 4 0 900 3939 2154 2304 
4305 4 0 1130 2154 2304 900 
4306 4 0 3742 1266 1359 3355 
4307 4 0 497 3454 1622 4697 
4308 4 0 2299 513 1307 1808 
4309 4 0 497 1065 4697 2056 
4310 4 0 2778 1387 441 440 
4311 4 0 2185 1466 427 371 
4312 4 0 1821 2188 2157 4089 
4313 4 0 427 4000 3801 1043 
4314 4 0 2235 2057 471 3133 
4315 4 0 441 2778 3281 1387 
4316 4 0 525 524 2636 1893 
4317 4 0 2778 441 4365 440 
4318 4 0 374 1138 2389 2881 
4319 4 0 906 400 1824 757 
4320 4 0 1462 1378 2666 1942 
4321 4 0 1462 2666 4041 906 
4322 4 0 2012 2464 2234 1493 
4323 4 0 761 278 3628 4055 
4324 4 0 3347 3303 2118 808 
4325 4 0 753 2445 350 339 
4326 4 0 2196 2825 2573 2222 
4327 4 0 1115 368 2261 1707 
4328 4 0 2606 2229 2087 1361 
4329 4 0 2035 2201 2410 1930 
4330 4 0 1276 2175 2942 2514 
4331 4 0 2717 2617 3318 1444 
4332 4 0 2439 3446 1475 2556 
4333 4 0 3318 2617 1443 1444 
4334 4 0 409 2152 1823 2240 
4335 4 0 2522 754 2243 2547 
4336 4 0 2274 3209 2403 4579 
4337 4 0 789 4579 2403 3209 
4338 4 0 2519 2754 4237 2124 
4339 4 0 461 3076 2863 3230 
4340 4 0 4597 2754 4607 4608 
4341 4 0 2878 2246 2061 228 
4342 4 0 1127 1831 2041 1830 
4343 4 0 2723 121 135 4599 
4344 4 0 860 2065 2285 1212 
4345 4 0 1251 2689 947 2004 
4346 4 0 2289 2072 2519 1962 
4347 4 0 1938 430 1993 387 
4348 4 0 430 2999 2998 387 
4349 4 0 2741 1159 2469 1978 
4350 4 0 2957 103 2458 2320 
4351 4 0 3748 103 2458 2957 
4352 4 0 464 3094 651 3867 
4353 4 0 4237 2519 2530 2754 
4354 4 0 1963 518 3094 3867 
4355 4 0 2745 2289 2521 2022 
4356 4 0 688 2678 1229 2390 
4357 4 0 2678 1229 768 2012 
4358 4 0 3240 2521 2745 2698 
4359 4 0 2651 3380 2935 2208 
4360 4 0 3559 2029 2200 1754 
4361 4 0 3559 626 3343 2029 
4362 4 0 1302 4624 3811 2021 
4363 4 0 3448 3379 4657 2652 
4364 4 0 3355 2133 4417 3868 
4365 4 0 2588 384 4337 2778 
4366 4 0 1783 2004 3442 3075 
4367 4 0 1397 2337 2936 3065 
4368 4 0 2662 2521 2022 777 
4369 4 0 777 2662 1818 2244 
4370 4 0 1818 2662 777 2521 
4371 4 0 904 1674 3268 2510 
4372 4 0 2238 3304 2623 2157 
4373 4 0 2512 2681 4005 2633 
4374 4 0 953 2757 2469 2928 
4375 4 0 2512 3687 2681 2633 
4376 4 0 2905 2095 3880 4585 
4377 4 0 3707 3132 538 2885 
4378 4 0 3880 2905 4585 1530 
4379 4 0 2129 2959 3441 2162 
4380 4 0 947 2653 685 2004 
4381 4 0 1530 3880 2905 1677 
4382 4 0 3559 525 1754 2200 
4383 4 0 2154 1129 3939 406 
4384 4 0 612 2255 1866 2489 
4385 4 0 1289 3110 4416 2310 
4386 4 0 2370 3379 2652 3199 
4387 4 0 4658 2370 2652 3199 
4388 4 0 1350 2519 3654 1346 
4389 4 0 466 1932 880 2559 
4390 4 0 466 880 2083 3001 
4391 4 0 2454 611 3955 2406 
4392 4 0 2280 2991 1945 3290 
4393 4 0 2612 880 2559 3001 
4394 4 0 1969 3433 2309 1827 
4395 4 0 1291 3062 3074 1256 
4396 4 0 3027 1028 4338 2469 
4397 4 0 2798 2050 3673 2977 
4398 4 0 3646 2785 3686 3758 
4399 4 0 2653 493 947 1264 
4400 4 0 298 754 2699 304 
4401 4 0 304 2699 2522 754 
4402 4 0 3534 3485 1594 2205 
4403 4 0 1314 2337 2936 3316 
4404 4 0 2271 2352 3362 3429 
4405 4 0 1397 3316 2936 2337 
4406 4 0 1007 2271 2352 3362 
4407 4 0 2885 455 2067 538 
4408 4 0 899 3255 4444 4436 
4409 4 0 2768 723 1944 1838 
4410 4 0 1559 3678 2386 816 
4411 4 0 2768 4021 1838 1944 
4412 4 0 1260 1478 556 1414 
4413 4 0 1845 786 2386 3678 
4414 4 0 930 2573 3928 2222 
4415 4 0 2192 1818 2662 2244 
4416 4 0 2202 3195 1562 1559 
4417 4 0 1598 2893 2399 1599 
4418 4 0 1559 816 4309 3195 
4419 4 0 2865 1003 2239 4198 
4420 4 0 2363 2031 2462 599 
4421 4 0 2654 2184 2327 3953 
4422 4 0 50 1217 3953 2654 
4423 4 0 360 2192 1818 4033 
4424 4 0 3342 2416 1921 3003 
4425 4 0 2163 4613 2676 3144 
4426 4 0 1775 162 138 378 
4427 4 0 961 1775 3357 1157 
4428 4 0 3872 2853 2935 3539 
4429 4 0 3872 1841 2853 3539 
4430 4 0 1327 1325 4271 3762 
4431 4 0 2319 3007 2163 1261 
4432 4 0 3455 1261 2319 2163 
4433 4 0 770 3859 1471 4529 
4434 4 0 1340 3268 1289 2078 
4435 4 0 3760 2619 3882 3804 
4436 4 0 1362 3428 2076 2212 
4437 4 0 2942 2868 473 4034 
4438 4 0 2211 3473 473 4034 
4439 4 0 481 4290 1864 2204 
4440 4 0 1460 1812 2942 2710 
4441 4 0 4290 1169 2204 481 
4442 4 0 3037 1169 2204 4290 
4443 4 0 2694 509 2421 2901 
4444 4 0 1544 1915 490 1816 
4445 4 0 2990 4195 3419 2085 
4446 4 0 2076 1890 3790 772 
4447 4 0 772 2415 2450 2922 
4448 4 0 3428 2076 2106 2111 
4449 4 0 2948 861 1993 2624 
4450 4 0 2837 1505 3933 3187 
4451 4 0 3341 3781 3187 1505 
4452 4 0 2138 2795 3329 4276 
4453 4 0 4070 690 902 2184 
4454 4 0 2408 3347 2583 3244 
4455 4 0 2583 389 3347 2408 
4456 4 0 1923 525 2214 1167 
4457 4 0 391 1923 2214 2030 
4458 4 0 4268 2420 2006 2750 
4459 4 0 595 3794 3343 1769 
4460 4 0 781 1997 2016 2851 
4461 4 0 2714 2606 1270 1997 
4462 4 0 2225 2812 3641 2832 
4463 4 0 1629 2551 2546 3132 
4464 4 0 1629 3080 2546 2551 
4465 4 0 3080 2551 2495 2546 
4466 4 0 2110 2584 4490 3735 
4467 4 0 4620 2832 2225 3641 
4468 4 0 1826 2143 613 2180 
4469 4 0 2605 2915 2354 4483 
4470 4 0 856 3088 2605 386 
4471 4 0 1856 1855 2602 1174 
4472 4 0 1955 4156 3401 1686 
4473 4 0 2708 659 4195 2631 
4474 4 0 1740 3194 2106 2131 
4475 4 0 1550 2981 3577 2314 
4476 4 0 2937 337 760 2426 
4477 4 0 2159 72 2317 61 
4478 4 0 217 1927 3785 1852 
4479 4 0 1182 1174 3506 1855 
4480 4 0 3506 1174 2602 1855 
4481 4 0 4026 2758 4313 1740 
4482 4 0 3484 1507 4313 4026 
4483 4 0 3003 1507 4142 4026 
4484 4 0 1173 3401 3447 2092 
4485 4 0 4026 1507 4313 2758 
4486 4 0 2861 4673 2849 4362 
4487 4 0 4362 2918 2861 4673 
4488 4 0 689 61 3740 3205 
4489 4 0 1183 474 1184 3543 
4490 4 0 3826 389 2170 2094 
4491 4 0 649 3086 78 3741 
4492 4 0 530 2965 2157 1822 
4493 4 0 3791 4050 1390 395 
4494 4 0 2230 3722 3051 2752 
4495 4 0 3051 2769 2327 2819 
4496 4 0 396 4209 986 3905 
4497 4 0 1932 506 2466 3423 
4498 4 0 726 727 606 3923 
4499 4 0 694 726 606 3923 
4500 4 0 2289 4425 3337 3412 
4501 4 0 3903 2922 3790 4215 
4502 4 0 4425 2289 3337 3391 
4503 4 0 3337 3188 3412 4425 
4504 4 0 2168 663 2108 1984 
4505 4 0 3501 3454 2032 2386 
4506 4 0 3598 2748 611 2168 
4507 4 0 2278 3486 3973 3468 
4508 4 0 2085 2031 2631 3589 
4509 4 0 2099 2567 12 7 
4510 4 0 1094 3341 2895 3635 
4511 4 0 397 1335 3949 2719 
4512 4 0 3637 2591 2552 1983 
4513 4 0 3264 2392 1859 12 
4514 4 0 15 2381 2682 1859 
4515 4 0 41 56 1861 45 
4516 4 0 3482 2386 788 3123 
4517 4 0 41 65 1861 56 
4518 4 0 2863 2311 3819 3175 
4519 4 0 1861 45 35 41 
4520 4 0 2453 4169 1971 1842 
4521 4 0 3064 1842 2453 1971 
4522 4 0 1361 2269 1099 1463 
4523 4 0 2905 4585 1530 2777 
4524 4 0 2438 3825 2514 4639 
4525 4 0 196 4621 4129 2438 
4526 4 0 2472 1463 2087 1931 
4527 4 0 644 543 667 671 
4528 4 0 667 543 3660 671 
4529 4 0 2776 3583 1353 4564 
4530 4 0 4564 3093 3583 1353 
4531 4 0 2422 3552 2457 3228 
4532 4 0 2285 2475 908 1923 
4533 4 0 2285 2475 2071 908 
4534 4 0 592 593 585 2109 
4535 4 0 431 3954 3183 1550 
4536 4 0 3886 3584 740 577 
4537 4 0 577 4214 3886 3584 
4538 4 0 2807 1663 2671 3660 
4539 4 0 537 452 3868 3827 
4540 4 0 2807 3660 2671 1908 
4541 4 0 2100 2874 1128 2936 
4542 4 0 2396 3952 1122 389 
4543 4 0 2627 3358 411 390 
4544 4 0 1287 3203 3640 1293 
4545 4 0 4480 3860 810 2449 
4546 4 0 3640 1287 853 2252 
4547 4 0 853 3640 1410 1287 
4548 4 0 4071 2904 2572 3063 
4549 4 0 3108 3296 3232 3981 
4550 4 0 1115 4102 1920 370 
4551 4 0 3121 2083 2236 951 
4552 4 0 2648 1363 1956 4172 
4553 4 0 2294 3552 2422 3228 
4554 4 0 1801 4253 2331 1736 
4555 4 0 1930 2577 2351 2201 
4556 4 0 2362 2073 2361 3054 
4557 4 0 3054 2073 2361 3554 
4558 4 0 2982 3837 3474 2351 
4559 4 0 2809 2091 2701 2659 
4560 4 0 3474 2982 1147 3837 
4561 4 0 2124 3149 2519 2072 
4562 4 0 1601 4054 3656 1960 
4563 4 0 386 2605 2525 2854 
4564 4 0 856 2605 1293 386 
4565 4 0 2889 2322 4074 2049 
4566 4 0 14 23 2894 4173 
4567 4 0 386 2605 1293 2525 
4568 4 0 2469 4217 1784 2757 
4569 4 0 3269 900 874 1468 
4570 4 0 3269 874 1809 1468 
4571 4 0 437 874 1809 3269 
4572 4 0 2159 2099 2567 2317 
4573 4 0 2267 679 2894 14 
4574 4 0 3541 2221 4279 3561 
4575 4 0 2045 2460 2456 3492 
4576 4 0 1667 675 2870 2204 
4577 4 0 2796 2165 2870 675 
4578 4 0 2078 960 3110 2270 
4579 4 0 1977 2457 4257 4230 
4580 4 0 896 960 2078 2270 
4581 4 0 3390 906 1211 752 
4582 4 0 3696 819 1984 663 
4583 4 0 1922 2178 3441 2129 
4584 4 0 2393 2376 1371 3220 
4585 4 0 3516 2185 2416 1739 
4586 4 0 2876 1623 3548 554 
4587 4 0 2876 2227 3548 1623 
4588 4 0 3159 3220 2376 2393 
4589 4 0 2571 611 2804 2135 
4590 4 0 2804 611 2454 2135 
4591 4 0 867 1990 1911 563 
4592 4 0 302 2866 293 2207 
4593 4 0 283 2207 2866 1539 
4594 4 0 283 2866 2207 293 
4595 4 0 4250 3473 2175 2055 
4596 4 0 2124 2054 2160 2033 
4597 4 0 3448 3379 2652 2370 
4598 4 0 2339 3973 452 1844 
4599 4 0 2339 452 3973 2798 
4600 4 0 902 1493 4076 1635 
4601 4 0 3148 1941 517 2155 
4602 4 0 226 3009 2478 2548 
4603 4 0 2999 387 4085 2253 
4604 4 0 2545 1554 2223 2024 
4605 4 0 386 2866 357 1916 
4606 4 0 1991 1554 4087 2024 
4607 4 0 426 1921 2487 3516 
4608 4 0 2223 1554 1920 2024 
4609 4 0 2008 3184 2101 2891 
4610 4 0 4097 361 1795 2572 
4611 4 0 2703 2422 1061 2724 
4612 4 0 1720 3473 2942 2175 
4613 4 0 2130 1414 2812 2647 
4614 4 0 3600 2895 2843 2035 
4615 4 0 4079 1921 1920 413 
4616 4 0 4566 2427 2490 3722 
4617 4 0 2427 4566 2490 4581 
4618 4 0 4039 4581 2427 2490 
4619 4 0 2982 532 1322 2410 
4620 4 0 1899 386 2525 2854 
4621 4 0 1212 2791 2070 1816 
4622 4 0 2629 456 2711 538 
4623 4 0 3274 2041 1893 2116 
4624 4 0 2623 4404 2938 3201 
4625 4 0 3681 2221 2435 3204 
4626 4 0 2632 3179 4302 1621 
4627 4 0 2632 1310 4302 3179 
4628 4 0 3454 2912 2172 513 
4629 4 0 2032 3459 3501 1584 
4630 4 0 3666 2435 2949 628 
4631 4 0 2572 858 637 3557 
4632 4 0 955 876 1129 2063 
4633 4 0 858 3557 2572 2534 
4634 4 0 2109 2940 3115 1911 
4635 4 0 1172 2021 1683 390 
4636 4 0 4372 3085 1673 904 
4637 4 0 3114 3784 4372 416 
4638 4 0 386 1899 1133 357 
4639 4 0 386 1293 1133 2525 
4640 4 0 3148 4071 2289 517 
4641 4 0 2158 2072 2031 3184 
4642 4 0 376 1986 3110 3062 
4643 4 0 480 4141 2219 2340 
4644 4 0 3322 4081 2431 3929 
4645 4 0 3322 2008 2101 2891 
4646 4 0 3610 3691 3479 3458 
4647 4 0 1873 2282 1264 952 
4648 4 0 1805 2280 1792 3147 
4649 4 0 1805 3527 1792 2280 
4650 4 0 2281 3172 2807 4659 
4651 4 0 2629 2582 3172 2281 
4652 4 0 25 1108 686 33 
4653 4 0 3760 2579 395 1390 
4654 4 0 2346 2793 1651 2290 
4655 4 0 3380 2208 3298 2935 
4656 4 0 638 3063 4151 3591 
4657 4 0 521 2121 2243 2161 
4658 4 0 1328 638 3372 4151 
4659 4 0 960 4057 2510 3110 
4660 4 0 956 2406 2224 1688 
4661 4 0 4076 2405 442 2008 
4662 4 0 342 2666 1378 352 
4663 4 0 509 2421 2351 926 
4664 4 0 4002 373 2910 611 
4665 4 0 376 564 568 525 
4666 4 0 611 373 2910 1688 
4667 4 0 509 2421 926 2694 
4668 4 0 969 2156 3104 1373 
4669 4 0 2434 4274 3476 830 
4670 4 0 2522 320 304 754 
4671 4 0 3262 320 2547 2247 
4672 4 0 2522 3262 304 320 
4673 4 0 3946 3931 2668 1252 
4674 4 0 2845 2303 3673 2050 
4675 4 0 2798 2050 2845 3673 
4676 4 0 2845 2303 3707 3830 
4677 4 0 1412 2650 2248 655 
4678 4 0 886 1334 397 2719 
4679 4 0 2590 1733 3633 362 
4680 4 0 2364 2993 3255 1156 
4681 4 0 397 1334 1335 2719 
4682 4 0 1807 1307 2164 2069 
4683 4 0 685 1108 3036 686 
4684 4 0 490 2803 2791 1982 
4685 4 0 1462 2666 1378 342 
4686 4 0 3296 2322 2950 4573 
4687 4 0 2194 2795 706 3264 
4688 4 0 1803 909 2259 3535 
4689 4 0 2328 2774 1837 3328 
4690 4 0 2641 584 1911 2278 
4691 4 0 3474 2577 2982 2351 
4692 4 0 2917 842 448 3253 
4693 4 0 1282 1460 486 1720 
4694 4 0 1280 486 1460 2539 
4695 4 0 1280 486 1282 1460 
4696 4 0 1320 1012 2583 1035 
4697 4 0 2782 2119 3200 2387 
4698 4 0 2782 401 2387 1580 
4699 4 0 2072 3391 2289 2519 
4700 4 0 3391 2289 436 2814 
4701 4 0 2119 401 2387 2782 
4702 4 0 1580 2782 3200 2387 
4703 4 0 2844 3834 2263 3107 
4704 4 0 405 1188 3751 2971 
4705 4 0 2150 2968 1951 3145 
4706 4 0 972 772 2111 4691 
4707 4 0 2111 4691 4551 972 
4708 4 0 2814 806 780 778 
4709 4 0 2814 806 1269 780 
4710 4 0 2447 2945 3778 1018 
4711 4 0 3652 2447 2147 2945 
4712 4 0 1735 657 1205 2513 
4713 4 0 2248 2129 1129 876 
4714 4 0 955 2248 1129 876 
4715 4 0 1655 2513 657 1735 
4716 4 0 1097 3600 3208 1145 
4717 4 0 2362 381 1930 509 
4718 4 0 1189 1460 2175 3983 
4719 4 0 2085 3762 1900 2500 
4720 4 0 2500 1900 369 3855 
4721 4 0 2574 4291 3526 2325 
4722 4 0 4243 1726 3179 3552 
4723 4 0 4291 2325 2399 3526 
4724 4 0 3228 3552 3179 2294 
4725 4 0 2187 3635 3341 1094 
4726 4 0 886 2344 1014 508 
4727 4 0 394 2384 2616 480 
4728 4 0 1102 2665 2022 777 
4729 4 0 2112 1987 2326 2393 
4730 4 0 2732 1032 2111 2511 
4731 4 0 810 3401 1375 4480 
4732 4 0 810 4480 1375 4098 
4733 4 0 2355 3982 3247 2036 
4734 4 0 2193 394 3683 2355 
4735 4 0 2361 2581 3554 4081 
4736 4 0 2153 2112 2121 2009 
4737 4 0 2061 2246 2878 1862 
4738 4 0 3429 2109 545 3115 
4739 4 0 576 4535 3755 665 
4740 4 0 3429 593 2109 3115 
4741 4 0 904 2587 2142 603 
4742 4 0 2299 2709 2800 3196 
4743 4 0 2196 1468 2573 2299 
4744 4 0 599 639 2328 4452 
4745 4 0 2774 4452 599 2328 
4746 4 0 371 3003 3516 2416 
4747 4 0 4086 2856 764 3882 
4748 4 0 3134 2856 764 4086 
4749 4 0 1158 2389 2477 3500 
4750 4 0 1158 2389 3500 3440 
4751 4 0 2697 861 1993 2278 
4752 4 0 45 1860 2390 1861 
4753 4 0 2656 690 1795 4070 
4754 4 0 2146 1339 3357 807 
4755 4 0 1308 4372 944 2136 
4756 4 0 4372 1308 3085 2136 
4757 4 0 3815 442 2177 796 
4758 4 0 584 2109 592 585 
4759 4 0 442 3109 2177 796 
4760 4 0 1060 1748 2761 2229 
4761 4 0 2930 2335 2963 2042 
4762 4 0 446 2212 1838 2151 
4763 4 0 82 1795 2572 2656 
4764 4 0 2572 4070 2656 1795 
4765 4 0 1834 1581 2280 2690 
4766 4 0 2468 2451 2266 530 
4767 4 0 2018 2280 3147 1353 
4768 4 0 2451 3332 530 2468 
4769 4 0 2472 2606 2087 1361 
4770 4 0 2100 2936 1128 720 
4771 4 0 2874 3433 2936 3316 
4772 4 0 471 3272 3432 3133 
4773 4 0 2230 1047 3094 3722 
4774 4 0 2074 1303 2977 2050 
4775 4 0 2230 3094 1047 2226 
4776 4 0 2261 2140 2770 3276 
4777 4 0 3276 1707 2261 368 
4778 4 0 1474 2028 2667 2372 
4779 4 0 814 1563 1978 2741 
4780 4 0 3554 1913 2581 1680 
4781 4 0 2118 3303 2260 808 
4782 4 0 2118 2250 2580 744 
4783 4 0 3303 2260 2580 2118 
4784 4 0 3287 2664 2196 3616 
4785 4 0 2605 3640 2525 1410 
4786 4 0 2525 3640 1287 1410 
4787 4 0 3307 3554 2581 1680 
4788 4 0 3702 2525 1410 2605 
4789 4 0 3640 3761 1410 2605 
4790 4 0 3761 3702 1410 2605 
4791 4 0 350 2445 315 339 
4792 4 0 4228 2810 3062 1291 
4793 4 0 3432 1825 747 753 
4794 4 0 2097 2413 505 2210 
4795 4 0 631 2057 2235 613 
4796 4 0 2180 2143 613 2057 
4797 4 0 613 631 2057 2143 
4798 4 0 1859 2291 2381 2682 
4799 4 0 652 1199 466 2526 
4800 4 0 1859 2392 3329 2291 
4801 4 0 2065 1445 1446 1435 
4802 4 0 1436 2065 1435 3948 
4803 4 0 2169 2082 2439 2230 
4804 4 0 3995 2649 3542 3374 
4805 4 0 367 2469 2084 2528 
4806 4 0 2592 511 2955 3036 
4807 4 0 2657 3303 392 2260 
4808 4 0 1019 1690 1470 3247 
4809 4 0 3247 1019 2117 1470 
4810 4 0 405 218 1188 237 
4811 4 0 2141 1132 204 4182 
4812 4 0 1008 2271 3223 2459 
4813 4 0 1600 2011 943 1815 
4814 4 0 3158 668 1398 2965 
4815 4 0 668 1355 1398 3084 
4816 4 0 2750 3310 3260 2075 
4817 4 0 2131 3801 3194 2506 
4818 4 0 973 3643 469 3348 
4819 4 0 2180 4213 2057 3333 
4820 4 0 196 171 4623 3016 
4821 4 0 1951 132 2505 556 
4822 4 0 2796 3327 3376 2870 
4823 4 0 1927 197 171 4623 
4824 4 0 1276 1460 3246 1812 
4825 4 0 2505 556 3145 1951 
4826 4 0 132 4457 556 1951 
4827 4 0 1035 3826 3618 2583 
4828 4 0 1255 376 3062 564 
4829 4 0 1969 2309 366 2054 
4830 4 0 2676 1969 3219 366 
4831 4 0 717 4569 2739 2304 
4832 4 0 2213 2575 1875 2242 
4833 4 0 2575 3 2213 1875 
4834 4 0 3406 4089 2411 3586 
4835 4 0 4447 1067 2763 2791 
4836 4 0 4539 464 4537 4502 
4837 4 0 1254 2378 2659 905 
4838 4 0 543 893 1814 2895 
4839 4 0 2995 3479 1823 2722 
4840 4 0 2428 2501 3874 3832 
4841 4 0 400 757 3394 1824 
4842 4 0 2460 2045 3189 3379 
4843 4 0 3974 2442 491 1915 
4844 4 0 3974 4227 491 2442 
4845 4 0 1077 4493 3868 1086 
4846 4 0 1293 3203 2378 3299 
4847 4 0 3247 656 3733 2903 
4848 4 0 1264 493 2766 2653 
4849 4 0 2653 4219 3217 1064 
4850 4 0 2370 3492 1303 2460 
4851 4 0 571 2521 3493 4033 
4852 4 0 3493 4033 3991 571 
4853 4 0 2721 1968 479 3382 
4854 4 0 1721 3448 2652 2370 
4855 4 0 956 1688 957 2748 
4856 4 0 4258 242 268 3524 
4857 4 0 2589 1070 1769 3343 
4858 4 0 1398 1355 1822 656 
4859 4 0 4228 3062 4057 2809 
4860 4 0 1079 3735 3827 1086 
4861 4 0 2967 2321 3377 4286 
4862 4 0 4183 2002 2720 3180 
4863 4 0 4306 373 2910 2173 
4864 4 0 2235 1825 3432 471 
4865 4 0 3432 2235 471 3133 
4866 4 0 4517 4522 663 2672 
4867 4 0 2364 3357 378 2146 
4868 4 0 2672 663 506 2466 
4869 4 0 1963 950 3121 2082 
4870 4 0 664 663 4522 2466 
4871 4 0 2307 2547 586 2243 
4872 4 0 762 2307 586 2243 
4873 4 0 1470 617 479 2036 
4874 4 0 2115 714 3145 3427 
4875 4 0 3535 1233 4287 3151 
4876 4 0 2115 3427 3145 3786 
4877 4 0 1233 3974 4287 3151 
4878 4 0 2115 714 4083 3145 
4879 4 0 2115 3145 374 3786 
4880 4 0 57 3286 2769 3051 
4881 4 0 444 3751 2142 2613 
4882 4 0 3051 57 2327 2769 
4883 4 0 3617 4234 1570 1645 
4884 4 0 3140 318 1570 4130 
4885 4 0 2316 2785 3832 3680 
4886 4 0 1620 2550 3340 4162 
4887 4 0 3516 1739 1921 2487 
4888 4 0 586 2326 2009 2243 
4889 4 0 2243 2547 586 2326 
4890 4 0 2547 586 1821 2307 
4891 4 0 2243 2009 2522 2326 
4892 4 0 2162 4316 2959 4561 
4893 4 0 4574 1516 3455 2874 
4894 4 0 3501 3459 2032 3454 
4895 4 0 461 2743 2863 459 
4896 4 0 3361 2168 820 1984 
4897 4 0 1900 3867 1963 2537 
4898 4 0 464 1963 2537 2236 
4899 4 0 3428 4211 3536 2867 
4900 4 0 4307 385 3238 3135 
4901 4 0 4344 3048 2586 3904 
4902 4 0 3237 2724 3642 597 
4903 4 0 4306 1688 497 2910 
4904 4 0 3048 3904 1778 1699 
4905 4 0 661 1205 657 2557 
4906 4 0 657 1205 2513 2557 
4907 4 0 3904 555 3036 1699 
4908 4 0 3864 2362 503 2314 
4909 4 0 538 4659 928 2939 
4910 4 0 2641 2875 2133 430 
4911 4 0 2333 2875 2133 2641 
4912 4 0 690 3051 2184 2656 
4913 4 0 2327 3051 2184 690 
4914 4 0 2542 1102 528 777 
4915 4 0 388 1803 2259 2441 
4916 4 0 4065 1803 388 2441 
4917 4 0 3053 4659 538 2939 
4918 4 0 2542 777 528 1746 
4919 4 0 3813 2471 2744 2995 
4920 4 0 3269 1461 1131 3939 
4921 4 0 2184 4070 2427 2405 
4922 4 0 2402 946 2595 1242 
4923 4 0 1704 3199 2495 3371 
4924 4 0 2595 946 3206 1242 
4925 4 0 2573 4032 1560 2720 
4926 4 0 1006 2845 2437 3707 
4927 4 0 930 4032 1560 2573 
4928 4 0 4173 1058 2766 1264 
4929 4 0 2096 2831 3548 3346 
4930 4 0 1389 3875 3492 4498 
4931 4 0 2547 2326 1821 586 
4932 4 0 1006 3830 2845 3707 
4933 4 0 1987 2865 3312 2210 
4934 4 0 4489 3312 2536 1987 
4935 4 0 3727 554 2343 3898 
4936 4 0 14 2894 2267 1264 
4937 4 0 554 3548 3898 4092 
4938 4 0 3727 554 3898 1400 
4939 4 0 554 3548 2876 3898 
4940 4 0 2343 554 2876 3898 
4941 4 0 2395 3281 2901 1303 
4942 4 0 465 3170 2256 4538 
4943 4 0 1957 2180 479 2143 
4944 4 0 465 2236 3170 4503 
4945 4 0 2143 2180 479 2057 
4946 4 0 2316 2757 2785 3680 
4947 4 0 2795 4276 706 3264 
4948 4 0 2741 2757 3758 2316 
4949 4 0 1958 862 2432 2412 
4950 4 0 2495 1704 3320 3830 
4951 4 0 2780 374 4233 2835 
4952 4 0 2636 1140 1754 2200 
4953 4 0 3320 2611 2989 2549 
4954 4 0 3781 3769 1879 2187 
4955 4 0 2932 4015 3022 2185 
4956 4 0 2338 404 2647 2594 
4957 4 0 1949 2338 556 2647 
4958 4 0 172 1596 404 2338 
4959 4 0 892 1090 2273 2737 
4960 4 0 3411 1825 2529 2027 
4961 4 0 1936 1470 2027 2565 
4962 4 0 121 2737 1090 892 
4963 4 0 2785 1537 3956 2316 
4964 4 0 357 2866 2207 1916 
4965 4 0 1622 3517 477 2677 
4966 4 0 2502 3119 692 453 
4967 4 0 4314 3308 2873 3529 
4968 4 0 2873 3308 1385 3529 
4969 4 0 3180 2422 2877 2294 
4970 4 0 1816 2070 1600 1915 
4971 4 0 4522 4398 2466 4516 
4972 4 0 2210 2067 3421 3429 
4973 4 0 3411 3723 471 398 
4974 4 0 2044 931 760 409 
4975 4 0 3279 394 2355 3683 
4976 4 0 376 568 524 525 
4977 4 0 564 1754 3443 525 
4978 4 0 376 1986 564 2636 
4979 4 0 1753 2521 1931 946 
4980 4 0 2462 2031 2363 2276 
4981 4 0 2682 1217 3953 29 
4982 4 0 1217 29 1545 3953 
4983 4 0 2210 2413 3429 3421 
4984 4 0 3633 683 362 83 
4985 4 0 3454 3459 2032 497 
4986 4 0 2590 1733 1397 4249 
4987 4 0 683 74 362 83 
4988 4 0 376 1986 1139 2270 
4989 4 0 614 561 3843 2783 
4990 4 0 711 1840 3491 939 
4991 4 0 2180 2426 401 2387 
4992 4 0 4050 461 3893 4009 
4993 4 0 3893 4050 395 2068 
4994 4 0 1738 4169 1892 2450 
4995 4 0 2106 3428 2758 1740 
4996 4 0 2160 3832 2054 2428 
4997 4 0 2274 2306 4093 2290 
4998 4 0 3646 2757 3330 1784 
4999 4 0 2042 2287 2930 2335 
5000 4 0 3330 2757 3646 3873 
5001 4 0 4234 2529 1570 1645 
5002 4 0 3878 4107 1210 2687 
5003 4 0 2378 2091 2659 2197 
5004 4 0 3920 2341 2314 2796 
5005 4 0 2418 2341 3920 2796 
5006 4 0 2157 3304 2623 3201 
5007 4 0 2296 3460 2421 2953 
5008 4 0 2536 505 2728 2210 
5009 4 0 3401 860 2448 2092 
5010 4 0 904 444 2142 2613 
5011 4 0 4378 2311 2638 3175 
5012 4 0 1892 1415 2620 2450 
5013 4 0 337 328 4286 2426 
5014 4 0 689 2194 2313 1635 
5015 4 0 689 3205 3740 1635 
5016 4 0 2290 2306 4093 1910 
5017 4 0 1555 2480 366 2316 
5018 4 0 1555 2480 4612 366 
5019 4 0 1970 1361 2761 597 
5020 4 0 597 1970 3228 2761 
5021 4 0 2867 526 3253 2131 
5022 4 0 37 1288 3117 28 
5023 4 0 318 4234 326 2529 
5024 4 0 2318 1966 1914 3488 
5025 4 0 3140 318 326 2529 
5026 4 0 1166 2483 3601 3530 
5027 4 0 3352 416 2574 1776 
5028 4 0 416 944 2325 2574 
5029 4 0 3080 4296 2495 2551 
5030 4 0 75 1733 66 4574 
5031 4 0 2421 2351 926 2045 
5032 4 0 1606 1338 2868 3405 
5033 4 0 2868 3405 1338 1717 
5034 4 0 2748 3598 611 3155 
5035 4 0 508 2771 2198 2034 
5036 4 0 2097 1628 3819 2863 
5037 4 0 2070 2942 2791 1276 
5038 4 0 2887 3174 4290 481 
5039 4 0 3819 3201 2863 1628 
5040 4 0 2159 2317 53 61 
5041 4 0 4334 439 2901 3281 
5042 4 0 4220 2913 1176 4417 
5043 4 0 4354 2576 813 4032 
5044 4 0 4511 2760 3131 2357 
5045 4 0 4587 1680 2581 1473 
5046 4 0 1049 3762 1050 891 
5047 4 0 3294 2112 3159 2536 
5048 4 0 3001 2483 1698 2612 
5049 4 0 2483 1698 2612 677 
5050 4 0 4531 14 4173 23 
5051 4 0 2483 677 2612 3530 
5052 4 0 3312 2536 4492 3294 
5053 4 0 23 4173 4531 3105 
5054 4 0 3289 2383 2877 954 
5055 4 0 1321 3383 1138 2389 
5056 4 0 2877 2839 2383 3289 
5057 4 0 3855 711 763 1900 
5058 4 0 3880 426 2487 443 
5059 4 0 2049 426 1921 2889 
5060 4 0 3649 2919 657 2513 
5061 4 0 3815 711 1900 763 
5062 4 0 3374 2394 2018 3598 
5063 4 0 3347 2580 2118 3303 
5064 4 0 3155 3598 2394 3374 
5065 4 0 1239 1446 2679 2670 
5066 4 0 1239 2233 4677 2670 
5067 4 0 2364 3255 957 2224 
5068 4 0 2422 954 3289 2877 
5069 4 0 3228 2294 2761 1970 
5070 4 0 3613 2358 4217 3442 
5071 4 0 842 1934 3510 1363 
5072 4 0 1876 3120 2257 2420 
5073 4 0 2686 3327 3522 1904 
5074 4 0 362 64 74 683 
5075 4 0 683 3633 362 4100 
5076 4 0 2846 4146 1900 3001 
5077 4 0 2944 2908 1508 720 
5078 4 0 3606 505 4198 3076 
5079 4 0 4273 3449 1983 1668 
5080 4 0 1668 2240 4630 3449 
5081 4 0 2349 2185 2361 1739 
5082 4 0 2112 1987 2522 2326 
5083 4 0 1987 521 2112 2522 
5084 4 0 749 294 2025 2335 
5085 4 0 2045 2220 648 3371 
5086 4 0 2025 749 2335 2287 
5087 4 0 2253 3371 2045 648 
5088 4 0 4502 4501 3121 1399 
5089 4 0 1606 473 1982 2868 
5090 4 0 1945 3392 4609 3196 
5091 4 0 3442 2358 4217 2757 
5092 4 0 4539 4502 4501 3121 
5093 4 0 4604 1945 3392 4609 
5094 4 0 3606 2210 505 3076 
5095 4 0 1613 2865 3312 2239 
5096 4 0 2796 2314 3376 2039 
5097 4 0 952 1931 777 2087 
5098 4 0 4489 1081 3312 1987 
5099 4 0 2865 1081 1987 3312 
5100 4 0 664 3522 4398 2168 
5101 4 0 290 277 1857 761 
5102 4 0 2162 876 2673 4562 
5103 4 0 2162 4555 2673 876 
5104 4 0 1052 2490 827 659 
5105 4 0 3233 2347 2651 2935 
5106 4 0 2697 1617 1993 861 
5107 4 0 1136 1129 2248 2129 
5108 4 0 957 3626 2748 2364 
5109 4 0 2364 3626 1538 957 
5110 4 0 2224 2364 1538 957 
5111 4 0 2874 1397 3316 2936 
5112 4 0 2426 316 1185 2937 
5113 4 0 2151 3903 3790 1838 
5114 4 0 3273 681 2244 1818 
5115 4 0 1901 469 181 2644 
5116 4 0 480 1233 2251 1915 
5117 4 0 2697 2278 863 861 
5118 4 0 3297 1544 2060 1915 
5119 4 0 460 811 1975 2471 
5120 4 0 460 811 744 1975 
5121 4 0 2107 241 2834 268 
5122 4 0 2651 3377 3380 2861 
5123 4 0 2050 2798 452 2339 
5124 4 0 3733 2903 3760 3247 
5125 4 0 4690 2111 2794 3428 
5126 4 0 2767 183 2834 201 
5127 4 0 2882 4327 3324 3546 
5128 4 0 4327 3324 3546 1309 
5129 4 0 2767 2107 201 2834 
5130 4 0 3165 2106 3194 2506 
5131 4 0 717 3137 2304 4236 
5132 4 0 1908 543 1820 2843 
5133 4 0 2638 1908 2468 1820 
5134 4 0 2843 1820 2638 2551 
5135 4 0 723 1838 2504 2346 
5136 4 0 3296 2138 1981 2795 
5137 4 0 3406 3593 1374 2633 
5138 4 0 374 1294 2881 2968 
5139 4 0 1099 1970 498 2724 
5140 4 0 2724 2422 597 1970 
5141 4 0 4419 3223 3175 2885 
5142 4 0 2362 1550 2314 382 
5143 4 0 375 1739 2223 2545 
5144 4 0 2230 3051 2819 2752 
5145 4 0 2188 3304 3615 3788 
5146 4 0 3422 3342 2088 3936 
5147 4 0 2596 2465 4629 2782 
5148 4 0 3406 4089 1990 2411 
5149 4 0 1668 2596 2465 4629 
5150 4 0 3773 781 1351 2851 
5151 4 0 2911 2686 1932 3327 
5152 4 0 4080 2973 3641 3751 
5153 4 0 4186 4265 4381 3411 
5154 4 0 2348 1710 1894 1709 
5155 4 0 3935 893 543 3573 
5156 4 0 2658 3934 2211 2146 
5157 4 0 2314 116 504 709 
5158 4 0 530 3935 1398 2117 
5159 4 0 1079 2339 2838 3735 
5160 4 0 1372 3308 3679 2998 
5161 4 0 1092 417 2577 382 
5162 4 0 3656 4681 2384 2219 
5163 4 0 1451 4046 2723 158 
5164 4 0 2093 2670 2170 1116 
5165 4 0 531 1879 1665 3781 
5166 4 0 1990 766 4089 867 
5167 4 0 2038 2934 2481 2956 
5168 4 0 2830 902 3131 3551 
5169 4 0 2830 2184 902 3551 
5170 4 0 3076 2335 3230 461 
5171 4 0 3909 3249 193 2831 
5172 4 0 479 3389 2043 3506 
5173 4 0 3506 3389 3382 479 
5174 4 0 1577 2533 3832 4571 
5175 4 0 4000 371 3194 3410 
5176 4 0 1470 617 2145 2027 
5177 4 0 1821 867 803 563 
5178 4 0 1821 803 2512 563 
5179 4 0 1976 3227 2036 2145 
5180 4 0 3227 3247 2036 1690 
5181 4 0 1073 2254 2484 3065 
5182 4 0 4118 428 3263 2464 
5183 4 0 2408 994 389 3347 
5184 4 0 2429 2126 1905 2127 
5185 4 0 4250 3473 2055 2850 
5186 4 0 3456 2501 3677 3639 
5187 4 0 2480 3490 4613 2676 
5188 4 0 2480 3490 2676 1714 
5189 4 0 882 3348 775 4244 
5190 4 0 4489 2195 2857 1987 
5191 4 0 4489 2393 2195 1987 
5192 4 0 2857 1081 4489 1987 
5193 4 0 882 3348 2817 973 
5194 4 0 2085 4366 1049 3762 
5195 4 0 4366 3762 1050 1049 
5196 4 0 511 2428 2955 3036 
5197 4 0 2477 88 114 3427 
5198 4 0 3427 88 3145 2477 
5199 4 0 3427 111 3145 88 
5200 4 0 1936 1851 759 3774 
5201 4 0 946 2521 3206 571 
5202 4 0 1931 2521 1753 777 
5203 4 0 759 1936 3404 1851 
5204 4 0 3774 3566 759 1936 
5205 4 0 4006 1881 2396 1882 
5206 4 0 880 2559 1932 449 
5207 4 0 2019 4214 3886 2169 
5208 4 0 2602 2284 3592 2995 
5209 4 0 4342 4653 1339 472 
5210 4 0 3281 441 439 2901 
5211 4 0 1262 2778 3281 1303 
5212 4 0 3616 2664 1360 3287 
5213 4 0 1865 2575 1863 3041 
5214 4 0 1865 3041 44 34 
5215 4 0 3289 1360 2422 3616 
5216 4 0 2027 3411 1470 617 
5217 4 0 3380 2967 2103 2321 
5218 4 0 2495 1704 3126 3199 
5219 4 0 3199 3371 3512 2482 
5220 4 0 2817 774 1901 3281 
5221 4 0 40 2592 32 3105 
5222 4 0 2057 3720 3133 3066 
5223 4 0 2410 839 834 2577 
5224 4 0 3377 2426 2180 2387 
5225 4 0 3377 2387 1580 3200 
5226 4 0 2230 3446 2628 2439 
5227 4 0 2908 2936 720 2944 
5228 4 0 4348 2724 4224 1062 
5229 4 0 3433 2944 2936 2908 
5230 4 0 1431 1423 3958 2531 
5231 4 0 1423 2531 746 1529 
5232 4 0 2531 1431 3342 3958 
5233 4 0 896 1862 379 559 
5234 4 0 512 3701 4300 2164 
5235 4 0 805 4002 438 2295 
5236 4 0 1572 513 512 4300 
5237 4 0 1739 2185 2361 3516 
5238 4 0 3497 3367 2047 3331 
5239 4 0 2108 956 2406 1099 
5240 4 0 504 2314 709 3376 
5241 4 0 2047 3497 3331 257 
5242 4 0 2843 2495 2551 538 
5243 4 0 2824 2495 2551 2843 
5244 4 0 2036 394 2616 1968 
5245 4 0 2193 2036 1968 394 
5246 4 0 621 1450 3363 1189 
5247 4 0 2629 456 538 1469 
5248 4 0 2399 992 2059 1598 
5249 4 0 526 2867 3428 1740 
5250 4 0 2448 2092 2722 2721 
5251 4 0 2448 2071 2722 2092 
5252 4 0 3190 807 959 2059 
5253 4 0 1525 3697 2574 3352 
5254 4 0 4449 2798 2927 2940 
5255 4 0 3641 2832 2812 3751 
5256 4 0 447 2648 429 1991 
5257 4 0 4017 1584 3709 1175 
5258 4 0 4017 2032 4309 1584 
5259 4 0 2502 3119 453 2066 
5260 4 0 2502 692 2783 453 
5261 4 0 66 1733 3633 2171 
5262 4 0 1165 2509 3497 257 
5263 4 0 1740 3536 4694 2867 
5264 4 0 3497 2815 1165 2246 
5265 4 0 2027 324 1645 4652 
5266 4 0 3512 2683 2482 3371 
5267 4 0 2424 3691 1439 3479 
5268 4 0 1862 376 2270 2078 
5269 4 0 66 1733 75 3633 
5270 4 0 394 1815 1968 2193 
5271 4 0 4033 39 3344 1482 
5272 4 0 2448 2827 1438 3691 
5273 4 0 3440 3070 2389 4182 
5274 4 0 3606 1628 2097 2863 
5275 4 0 2950 4573 4584 3108 
5276 4 0 2936 1397 2100 2874 
5277 4 0 3401 2448 2721 2092 
5278 4 0 1033 1032 793 791 
5279 4 0 1958 2641 2133 430 
5280 4 0 2875 430 2641 837 
5281 4 0 2641 2333 2875 584 
5282 4 0 2066 1303 2395 2460 
5283 4 0 1276 1189 1810 3246 
5284 4 0 3219 2309 2496 366 
5285 4 0 3624 2580 4001 3347 
5286 4 0 3247 2117 2903 3933 
5287 4 0 2607 1422 2732 2111 
5288 4 0 2165 2796 3327 536 
5289 4 0 474 4624 2791 2021 
5290 4 0 4013 3836 4427 4674 
5291 4 0 2319 3007 2315 2586 
5292 4 0 2295 2394 611 438 
5293 4 0 4430 4607 2479 2033 
5294 4 0 3873 3758 2757 3646 
5295 4 0 369 4509 1840 941 
5296 4 0 804 2662 779 2191 
5297 4 0 3771 443 3880 369 
5298 4 0 4046 3016 2723 158 
5299 4 0 1748 3177 4453 3869 
5300 4 0 2843 2895 1814 2035 
5301 4 0 1556 1978 3354 1563 
5302 4 0 2721 3447 1968 3382 
5303 4 0 2022 2087 777 1931 
5304 4 0 2029 2200 905 3343 
5305 4 0 4235 2122 3522 2661 
5306 4 0 2451 3028 2266 530 
5307 4 0 361 2729 637 2904 
5308 4 0 2648 842 1363 3378 
5309 4 0 2966 2464 4118 4193 
5310 4 0 2812 1414 1661 4617 
5311 4 0 1211 749 752 906 
5312 4 0 3934 2906 472 2146 
5313 4 0 3823 472 1339 2175 
5314 4 0 2765 1414 2647 4617 
5315 4 0 3771 3880 4586 2625 
5316 4 0 4259 4586 3880 2625 
5317 4 0 4617 1847 1414 1661 
5318 4 0 3535 3865 909 3151 
5319 4 0 3054 500 503 1646 
5320 4 0 3054 4320 500 1646 
5321 4 0 2170 385 2094 2510 
5322 4 0 4378 2311 1234 2638 
5323 4 0 4068 3327 1604 485 
5324 4 0 4068 3327 4345 1604 
5325 4 0 561 614 2080 2783 
5326 4 0 2506 3801 3165 3002 
5327 4 0 2383 2877 997 3528 
5328 4 0 3861 3097 2417 2601 
5329 4 0 1505 893 3935 3573 
5330 4 0 2117 1505 893 3935 
5331 4 0 2623 3689 2238 2157 
5332 4 0 2274 2367 2453 3041 
5333 4 0 3322 2101 2237 2891 
5334 4 0 879 1070 2030 2589 
5335 4 0 1115 1413 370 2272 
5336 4 0 686 2443 3036 2955 
5337 4 0 3563 4365 384 2778 
5338 4 0 1869 2489 2126 2209 
5339 4 0 1004 3827 384 1086 
5340 4 0 474 1183 1682 3543 
5341 4 0 2728 2210 2413 2153 
5342 4 0 444 474 1212 2021 
5343 4 0 390 1683 2102 2627 
5344 4 0 474 3543 1682 602 
5345 4 0 3469 3269 4269 437 
5346 4 0 2585 2627 3358 411 
5347 4 0 461 1541 1857 3245 
5348 4 0 2520 1886 3968 3716 
5349 4 0 2464 4414 3636 3263 
5350 4 0 3616 3289 2576 2422 
5351 4 0 2187 3781 3341 943 
5352 4 0 2417 91 881 973 
5353 4 0 3045 1469 2807 2671 
5354 4 0 437 2780 1949 874 
5355 4 0 556 2130 4083 1949 
5356 4 0 4491 1088 3429 3421 
5357 4 0 4506 2112 2264 2393 
5358 4 0 1821 2264 2512 803 
5359 4 0 2264 2393 969 3220 
5360 4 0 1927 2142 1810 2404 
5361 4 0 2042 4041 2930 2287 
5362 4 0 2463 2583 3238 1364 
5363 4 0 1209 3626 2840 572 
5364 4 0 1285 999 615 2866 
5365 4 0 1285 3261 999 2866 
5366 4 0 354 346 2445 747 
5367 4 0 4270 3355 3029 3568 
5368 4 0 4088 3355 3568 3029 
5369 4 0 4270 3355 3568 3742 
5370 4 0 2814 3391 4454 436 
5371 4 0 1612 399 1003 2865 
5372 4 0 1929 2335 399 2865 
5373 4 0 2865 1081 399 1987 
5374 4 0 1003 2865 399 2335 
5375 4 0 1081 399 1612 2865 
5376 4 0 3130 792 1033 4426 
5377 4 0 4454 3654 436 3391 
5378 4 0 4426 2511 1033 3130 
5379 4 0 1878 1480 3941 4199 
5380 4 0 1372 3679 3308 205 
5381 4 0 2151 1838 445 3903 
5382 4 0 2078 1290 1289 1405 
5383 4 0 2268 4252 3155 794 
5384 4 0 2078 1405 376 1290 
5385 4 0 1139 2270 1862 376 
5386 4 0 1957 2180 2143 1826 
5387 4 0 376 1405 3043 1290 
5388 4 0 943 1505 893 2193 
5389 4 0 1778 3904 3956 3686 
5390 4 0 3686 1778 3904 2434 
5391 4 0 600 2920 2626 3803 
5392 4 0 74 2759 683 64 
5393 4 0 668 3028 2965 1693 
5394 4 0 1693 3028 2965 3257 
5395 4 0 3314 2800 3025 2540 
5396 4 0 4013 2471 3836 4674 
5397 4 0 2744 2471 4674 3836 
5398 4 0 4334 3400 439 4346 
5399 4 0 4013 2471 3640 3836 
5400 4 0 389 458 2118 4001 
5401 4 0 2094 389 458 2118 
5402 4 0 3535 3865 3151 4287 
5403 4 0 2364 2055 2146 1935 
5404 4 0 2581 1913 1473 1680 
5405 4 0 2744 2471 3836 2284 
5406 4 0 2687 2253 2668 2421 
5407 4 0 3238 3826 1364 2583 
5408 4 0 4335 642 466 465 
5409 4 0 2944 1128 2178 2309 
5410 4 0 466 4335 3556 642 
5411 4 0 3497 2246 1165 257 
5412 4 0 1449 3235 1127 178 
5413 4 0 702 2489 722 3041 
5414 4 0 3235 1127 1830 1449 
5415 4 0 1707 1910 2213 2290 
5416 4 0 1239 2670 1445 1446 
5417 4 0 2670 1445 1446 2065 
5418 4 0 2679 2670 1446 2065 
5419 4 0 1127 1893 2041 1831 
5420 4 0 2765 1260 159 172 
5421 4 0 498 3047 3291 4348 
5422 4 0 405 218 237 1432 
5423 4 0 3313 1556 4614 2372 
5424 4 0 3313 2372 4614 716 
5425 4 0 570 2573 557 372 
5426 4 0 1022 530 2639 2996 
5427 4 0 479 1968 2036 3382 
5428 4 0 1035 3618 1012 2583 
5429 4 0 1997 1361 2606 2472 
5430 4 0 3004 4021 4386 1944 
5431 4 0 3282 1062 2724 3291 
5432 4 0 2012 2795 2010 2148 
5433 4 0 2148 2010 2012 2464 
5434 4 0 3054 2436 503 500 
5435 4 0 454 455 2303 2074 
5436 4 0 3995 3155 2649 3374 
5437 4 0 4251 1622 4697 4298 
5438 4 0 497 1622 2056 4697 
5439 4 0 3983 3473 2175 4250 
5440 4 0 3047 3454 2032 497 
5441 4 0 747 319 3066 327 
5442 4 0 4547 3093 4535 576 
5443 4 0 4547 4535 3755 576 
5444 4 0 2441 4059 1803 457 
5445 4 0 3227 3247 3982 2036 
5446 4 0 537 2588 1359 1262 
5447 4 0 886 2719 508 489 
5448 4 0 1960 886 1014 489 
5449 4 0 237 1188 405 2971 
5450 4 0 686 2443 1108 3036 
5451 4 0 933 3082 936 937 
5452 4 0 2623 3257 3689 2965 
5453 4 0 374 3222 2389 3383 
5454 4 0 4188 2535 3004 4211 
5455 4 0 1070 3559 3343 2200 
5456 4 0 1976 487 2145 617 
5457 4 0 3506 3382 2721 479 
5458 4 0 1669 1070 3906 2960 
5459 4 0 465 3170 2083 2256 
5460 4 0 3170 3423 665 2083 
5461 4 0 1669 2827 1070 2960 
5462 4 0 5 1058 14 2267 
5463 4 0 282 885 3539 273 
5464 4 0 3274 1893 935 3082 
5465 4 0 3082 932 935 3274 
5466 4 0 3082 2116 2065 3274 
5467 4 0 3016 1451 4046 2723 
5468 4 0 2723 2737 1451 158 
5469 4 0 3321 4307 1034 3135 
5470 4 0 3045 1723 3730 2807 
5471 4 0 2807 2560 3730 1663 
5472 4 0 1493 2464 2407 2148 
5473 4 0 430 2831 1967 2875 
5474 4 0 2723 2737 892 1451 
5475 4 0 4456 3513 4116 1725 
5476 4 0 2080 2783 3513 561 
5477 4 0 2560 3730 1723 2807 
5478 4 0 386 999 2605 2854 
5479 4 0 3018 2472 951 2823 
5480 4 0 3018 2402 951 2472 
5481 4 0 2911 2686 1926 1932 
5482 4 0 2911 1926 449 1932 
5483 4 0 4375 3115 1800 545 
5484 4 0 2670 385 444 3358 
5485 4 0 1893 1831 2636 525 
5486 4 0 1893 2636 1831 1165 
5487 4 0 2089 2385 2927 3675 
5488 4 0 2148 2464 2012 1493 
5489 4 0 2559 3801 880 2612 
5490 4 0 2565 2027 1936 335 
5491 4 0 468 2090 3096 657 
5492 4 0 661 468 3096 657 
5493 4 0 2384 1383 610 480 
5494 4 0 610 1383 912 480 
5495 4 0 1951 556 3145 3235 
5496 4 0 1765 2543 3957 2805 
5497 4 0 839 532 2410 431 
5498 4 0 2184 902 4070 2405 
5499 4 0 4538 3170 4503 465 
5500 4 0 4503 4538 3242 3170 
5501 4 0 1862 562 2543 1633 
5502 4 0 81 80 3205 689 
5503 4 0 1857 3230 3245 3862 
5504 4 0 2930 3744 299 3996 
5505 4 0 1857 299 2930 3862 
5506 4 0 1085 3637 1983 2591 
5507 4 0 1162 4414 4118 3263 
5508 4 0 428 3263 4312 1162 
5509 4 0 3348 1100 3281 470 
5510 4 0 978 976 2234 2544 
5511 4 0 2234 976 4147 2544 
5512 4 0 3592 811 2284 4431 
5513 4 0 811 4431 4424 1955 
5514 4 0 4431 1955 811 2284 
5515 4 0 2901 3189 2694 3395 
5516 4 0 2742 2988 4293 3817 
5517 4 0 2742 4293 3169 3817 
5518 4 0 4187 3937 4159 1508 
5519 4 0 2211 4221 2583 2118 
5520 4 0 587 2367 2242 2209 
5521 4 0 3327 654 536 3360 
5522 4 0 2583 389 2118 3347 
5523 4 0 3366 3187 3573 3341 
5524 4 0 1014 2384 3656 1960 
5525 4 0 4017 1584 4309 3709 
5526 4 0 2845 454 2303 2050 
5527 4 0 2798 2109 2845 2050 
5528 4 0 4068 2870 3327 485 
5529 4 0 2399 4307 3190 2190 
5530 4 0 362 3455 2319 1969 
5531 4 0 1969 3455 2874 1733 
5532 4 0 1929 461 2335 3076 
5533 4 0 4617 131 1847 1661 
5534 4 0 2446 2786 2409 1377 
5535 4 0 370 1991 1928 4090 
5536 4 0 2446 3748 1377 2409 
5537 4 0 3320 4499 2549 3830 
5538 4 0 4499 3830 3657 2549 
5539 4 0 876 4144 4049 2026 
5540 4 0 507 3864 1453 381 
5541 4 0 3931 771 2999 790 
5542 4 0 381 3864 2362 507 
5543 4 0 587 2209 2242 1 
5544 4 0 3864 507 1453 145 
5545 4 0 3183 3520 658 3969 
5546 4 0 2870 2165 2204 675 
5547 4 0 2120 2579 1390 2068 
5548 4 0 1633 967 524 376 
5549 4 0 524 2815 2805 1766 
5550 4 0 1654 3328 1837 2774 
5551 4 0 4037 3328 1654 599 
5552 4 0 2151 1903 2076 1905 
5553 4 0 1304 3623 3012 2803 
5554 4 0 3623 3283 1304 3012 
5555 4 0 1304 3012 3283 3124 
5556 4 0 2425 3406 3035 1745 
5557 4 0 3035 1745 2397 2425 
5558 4 0 3221 1745 2397 3035 
5559 4 0 2686 2122 3522 3327 
5560 4 0 2467 2761 2229 1060 
5561 4 0 2463 4634 3098 2583 
5562 4 0 2709 3196 3314 2800 
5563 4 0 2463 3098 2658 3238 
5564 4 0 1060 2467 2761 2816 
5565 4 0 1539 1536 1185 2563 
5566 4 0 3037 2870 1169 485 
5567 4 0 1185 288 281 2563 
5568 4 0 4506 3220 2393 2264 
5569 4 0 2042 2963 2930 3689 
5570 4 0 2963 3230 2930 3689 
5571 4 0 473 3473 2942 4034 
5572 4 0 1304 3012 3124 2789 
5573 4 0 2292 2197 2701 2481 
5574 4 0 3459 2052 1584 3453 
5575 4 0 1599 234 992 1598 
5576 4 0 3103 2527 2190 4194 
5577 4 0 4458 3536 4694 1740 
5578 4 0 2190 3800 2597 992 
5579 4 0 2399 3190 959 2059 
5580 4 0 1932 664 1904 2661 
5581 4 0 2955 2586 3036 2428 
5582 4 0 2213 2575 2306 3 
5583 4 0 2502 2460 2395 2603 
5584 4 0 3377 2995 3380 1580 
5585 4 0 853 3761 1410 3640 
5586 4 0 1970 954 2294 953 
5587 4 0 679 2693 2894 14 
5588 4 0 1864 2887 1933 2492 
5589 4 0 3204 802 2221 2659 
5590 4 0 34 1865 722 16 
5591 4 0 3097 3215 4020 2417 
5592 4 0 2932 1296 708 4437 
5593 4 0 950 2132 880 1903 
5594 4 0 2856 1014 489 3056 
5595 4 0 2316 2785 2586 2428 
5596 4 0 4069 3645 2977 3673 
5597 4 0 768 56 2848 45 
5598 4 0 1404 4634 4266 4221 
5599 4 0 351 1642 348 400 
5600 4 0 1749 1061 597 3642 
5601 4 0 3215 2436 2601 3097 
5602 4 0 505 1009 4198 1613 
5603 4 0 839 532 2982 2410 
5604 4 0 1613 1009 4492 505 
5605 4 0 1471 2821 2917 2531 
5606 4 0 454 455 2352 2303 
5607 4 0 2352 455 3707 2303 
5608 4 0 1868 31 2159 2567 
5609 4 0 2630 4136 1390 3802 
5610 4 0 1754 1407 2029 1254 
5611 4 0 2159 2317 62 50 
5612 4 0 3643 2644 1901 2331 
5613 4 0 181 3348 1901 470 
5614 4 0 680 2592 3685 511 
5615 4 0 243 263 1385 3529 
5616 4 0 2104 2594 2805 404 
5617 4 0 2335 461 2287 2930 
5618 4 0 1803 457 2797 1789 
5619 4 0 2104 3848 3497 2805 
5620 4 0 2518 3776 2568 2515 
5621 4 0 556 2647 1414 2130 
5622 4 0 1665 3781 2899 2837 
5623 4 0 1164 2556 1018 3778 
5624 4 0 1164 3778 2381 2556 
5625 4 0 2160 2054 2155 2428 
5626 4 0 4264 895 4216 2295 
5627 4 0 1254 960 3062 4057 
5628 4 0 2963 2938 4377 3076 
5629 4 0 1876 3724 3120 2420 
5630 4 0 3838 2821 3668 4402 
5631 4 0 637 2572 361 2904 
5632 4 0 2212 4211 526 446 
5633 4 0 3307 2349 375 2932 
5634 4 0 637 2572 82 361 
5635 4 0 4384 4160 2640 2932 
5636 4 0 1351 2016 4256 1346 
5637 4 0 4160 3307 2640 2932 
5638 4 0 2572 3557 637 82 
5639 4 0 3389 1306 398 1301 
5640 4 0 571 1818 4033 360 
5641 4 0 2446 3748 2409 2957 
5642 4 0 3145 1294 3235 1949 
5643 4 0 2327 57 690 3553 
5644 4 0 3083 690 68 57 
5645 4 0 690 57 3083 3553 
5646 4 0 2184 902 3551 2654 
5647 4 0 3532 2362 2577 509 
5648 4 0 3532 2577 1146 1458 
5649 4 0 449 880 2559 3801 
5650 4 0 2630 1543 756 4025 
5651 4 0 2162 1922 1130 2304 
5652 4 0 399 521 1987 2699 
5653 4 0 2259 909 1803 388 
5654 4 0 3840 2193 1815 3587 
5655 4 0 2917 3612 448 3859 
5656 4 0 1552 3840 3683 1909 
5657 4 0 3840 3587 1815 2011 
5658 4 0 1552 3840 3587 3683 
5659 4 0 46 2194 53 706 
5660 4 0 113 4251 1622 2566 
5661 4 0 4337 384 2588 3868 
5662 4 0 4493 384 4337 3868 
5663 4 0 3517 3627 1622 3459 
5664 4 0 2097 2210 3606 2863 
5665 4 0 2599 2220 3320 2495 
5666 4 0 2599 2220 4383 3320 
5667 4 0 3380 2520 2995 3333 
5668 4 0 1361 2229 2761 3869 
5669 4 0 2717 1238 904 873 
5670 4 0 2170 1675 2093 1116 
5671 4 0 3703 744 1975 2378 
5672 4 0 3309 3477 1008 2097 
5673 4 0 4459 1144 1456 1398 
5674 4 0 1144 530 1456 1398 
5675 4 0 1097 2485 3600 1145 
5676 4 0 2613 3751 2142 1927 
5677 4 0 2868 2942 490 4034 
5678 4 0 960 2094 959 385 
5679 4 0 2193 3683 3587 3840 
5680 4 0 2193 3683 394 3587 
5681 4 0 93 2674 3193 99 
5682 4 0 2717 1444 2655 2617 
5683 4 0 2805 1893 1433 2594 
5684 4 0 2085 1327 1325 639 
5685 4 0 2951 2780 2835 374 
5686 4 0 3066 3333 2057 3720 
5687 4 0 3225 2365 3499 3642 
5688 4 0 1540 3539 285 275 
5689 4 0 3225 898 3499 2365 
5690 4 0 2022 1931 777 2521 
5691 4 0 2689 2467 493 2501 
5692 4 0 473 1337 3934 2578 
5693 4 0 2744 2284 3658 2424 
5694 4 0 1237 2284 2956 2424 
5695 4 0 2793 2346 1651 4301 
5696 4 0 4520 4515 572 534 
5697 4 0 4684 3391 2754 4597 
5698 4 0 2965 3158 3689 1822 
5699 4 0 3158 1822 2965 1398 
5700 4 0 4173 685 2653 3036 
5701 4 0 2578 2463 1107 3934 
5702 4 0 2467 2689 2757 2501 
5703 4 0 2467 2761 2689 2229 
5704 4 0 1254 3062 1986 1754 
5705 4 0 2738 3741 517 2662 
5706 4 0 1254 905 1754 1986 
5707 4 0 802 3502 2221 2659 
5708 4 0 1864 1933 3513 2080 
5709 4 0 2579 4397 3760 395 
5710 4 0 3310 4103 1979 2006 
5711 4 0 4424 1686 1955 4431 
5712 4 0 2106 4121 1298 1292 
5713 4 0 909 2259 3535 3151 
5714 4 0 2106 2131 2506 526 
5715 4 0 1292 1298 2106 1567 
5716 4 0 3823 3983 1189 2175 
5717 4 0 2747 2495 3126 2843 
5718 4 0 2260 3134 1014 764 
5719 4 0 2260 764 1014 1522 
5720 4 0 3000 3983 621 3823 
5721 4 0 3023 4439 433 3857 
5722 4 0 3534 4222 1194 3485 
5723 4 0 3534 1194 1594 3485 
5724 4 0 2436 2601 1568 3302 
5725 4 0 954 367 2294 2084 
5726 4 0 2601 2887 3174 3302 
5727 4 0 771 2999 2941 3669 
5728 4 0 771 2999 790 2941 
5729 4 0 2529 753 1825 3432 
5730 4 0 2445 2529 339 753 
5731 4 0 2531 3668 1529 1471 
5732 4 0 2259 2260 2251 808 
5733 4 0 2917 2821 1471 3838 
5734 4 0 4057 2810 798 3110 
5735 4 0 2049 2770 428 1937 
5736 4 0 1921 2049 2407 1937 
5737 4 0 2415 1905 3790 772 
5738 4 0 14 1058 1264 2267 
5739 4 0 682 361 2696 3344 
5740 4 0 63 361 682 3344 
5741 4 0 63 682 361 73 
5742 4 0 4249 2590 1733 2171 
5743 4 0 479 471 398 617 
5744 4 0 4692 2111 1429 2966 
5745 4 0 4378 2311 3175 4104 
5746 4 0 4118 2966 4193 3013 
5747 4 0 1418 3612 2531 4560 
5748 4 0 1429 2966 4193 4692 
5749 4 0 2711 2925 1710 2615 
5750 4 0 4384 2784 375 3302 
5751 4 0 885 4654 2853 3403 
5752 4 0 1747 1676 2024 4140 
5753 4 0 1836 3905 2856 736 
5754 4 0 777 2087 3217 952 
5755 4 0 3217 528 2087 777 
5756 4 0 2068 461 4050 1541 
5757 4 0 2018 2491 2135 2643 
5758 4 0 387 1617 1618 1218 
5759 4 0 3175 2311 2671 539 
5760 4 0 2362 3054 2314 2073 
5761 4 0 2314 2073 3054 3554 
5762 4 0 2379 2349 2185 2932 
5763 4 0 3120 1959 2750 3840 
5764 4 0 3981 2322 3296 2795 
5765 4 0 3232 3296 2795 3981 
5766 4 0 2906 472 1339 4653 
5767 4 0 1996 3846 4014 106 
5768 4 0 4204 1996 4014 106 
5769 4 0 1714 2316 4343 1537 
5770 4 0 2947 1727 2818 2540 
5771 4 0 2821 3253 2131 2867 
5772 4 0 2277 1123 412 811 
5773 4 0 3315 3608 2528 1631 
5774 4 0 2885 2352 4500 2271 
5775 4 0 3615 3055 2324 393 
5776 4 0 3615 2987 393 4005 
5777 4 0 3615 1797 2311 2324 
5778 4 0 3493 2336 2521 571 
5779 4 0 3022 2185 3307 2932 
5780 4 0 952 1931 1753 777 
5781 4 0 4015 2932 708 2185 
5782 4 0 4263 4015 3022 2932 
5783 4 0 1639 3351 4577 1400 
5784 4 0 3609 2510 2717 1116 
5785 4 0 2068 1541 4050 1542 
5786 4 0 2465 409 2782 1580 
5787 4 0 2240 1823 409 3369 
5788 4 0 2199 2144 600 589 
5789 4 0 600 2144 2920 842 
5790 4 0 2199 2144 2920 600 
5791 4 0 2920 3378 842 2648 
5792 4 0 3145 374 4083 2115 
5793 4 0 3145 4083 556 714 
5794 4 0 1531 3831 3516 4588 
5795 4 0 1109 1602 1334 886 
5796 4 0 3985 1985 1954 3774 
5797 4 0 4382 2593 465 3746 
5798 4 0 105 4545 3032 85 
5799 4 0 383 513 3501 2202 
5800 4 0 2419 2516 1596 2594 
5801 4 0 1220 913 3969 177 
5802 4 0 913 3969 3954 1220 
5803 4 0 2594 2516 1596 2104 
5804 4 0 3256 692 3630 3266 
5805 4 0 4161 3266 692 3256 
5806 4 0 1803 909 3535 4461 
5807 4 0 47 3553 2327 36 
5808 4 0 4295 2912 3095 2262 
5809 4 0 2998 2668 3878 4155 
5810 4 0 2692 1556 565 1978 
5811 4 0 1978 2054 366 1474 
5812 4 0 4412 3535 909 4461 
5813 4 0 3072 4514 2595 3206 
5814 4 0 1451 3016 1152 1189 
5815 4 0 3333 3853 3716 3634 
5816 4 0 3538 1416 4324 2867 
5817 4 0 2268 4252 1089 3155 
5818 4 0 1070 938 391 2475 
5819 4 0 2443 683 48 54 
5820 4 0 499 3680 2684 2928 
5821 4 0 3497 1165 1893 2509 
5822 4 0 1966 540 1914 3699 
5823 4 0 2706 991 1712 4297 
5824 4 0 1333 3592 1884 2602 
5825 4 0 2415 1905 2151 3790 
5826 4 0 429 1953 1737 4253 
5827 4 0 4451 4077 2710 2706 
5828 4 0 4451 914 2706 2710 
5829 4 0 2268 3155 1089 2649 
5830 4 0 3302 2916 500 2640 
5831 4 0 1189 892 2062 1451 
5832 4 0 2261 3276 2770 1910 
5833 4 0 2261 2770 1921 1937 
5834 4 0 1920 1554 2223 4079 
5835 4 0 2707 500 2916 2640 
5836 4 0 736 2856 609 3882 
5837 4 0 736 3882 609 1925 
5838 4 0 3099 83 75 3633 
5839 4 0 2856 3905 1925 736 
5840 4 0 3422 1163 3342 3936 
5841 4 0 3594 3342 1163 3936 
5842 4 0 83 3099 362 3633 
5843 4 0 559 4182 2389 958 
5844 4 0 3115 2153 4018 3429 
5845 4 0 2671 1469 538 3175 
5846 4 0 2671 2807 1908 538 
5847 4 0 4182 2389 3440 559 
5848 4 0 3978 3822 4442 3714 
5849 4 0 3224 532 3963 1906 
5850 4 0 658 662 1206 1205 
5851 4 0 3892 3987 4047 4648 
5852 4 0 2132 3601 880 3994 
5853 4 0 413 4592 769 2140 
5854 4 0 413 2140 769 2770 
5855 4 0 3408 1511 1976 3227 
5856 4 0 917 925 1511 1605 
5857 4 0 917 4012 1605 3982 
5858 4 0 917 3982 1605 1511 
5859 4 0 4161 3256 3119 1586 
5860 4 0 3355 537 590 2548 
5861 4 0 3799 4384 2887 2379 
5862 4 0 3337 365 3391 517 
5863 4 0 3337 2289 3412 517 
5864 4 0 2837 1839 3247 1505 
5865 4 0 2203 2209 2242 2575 
5866 4 0 2489 2203 3041 2209 
5867 4 0 2018 1945 3147 2280 
5868 4 0 2018 1945 2179 3147 
5869 4 0 2867 4188 1424 3803 
5870 4 0 3680 2467 2017 2928 
5871 4 0 2809 2170 2701 2091 
5872 4 0 2091 389 458 2094 
5873 4 0 3443 1754 3559 525 
5874 4 0 658 660 2003 1206 
5875 4 0 2375 1966 1972 2000 
5876 4 0 1972 1966 3488 2000 
5877 4 0 3592 1333 4431 2602 
5878 4 0 1894 2561 2079 3260 
5879 4 0 3255 378 1688 2224 
5880 4 0 3492 1389 3827 441 
5881 4 0 3827 1004 3563 1389 
5882 4 0 2802 2464 428 2407 
5883 4 0 2424 2722 3479 2995 
5884 4 0 1803 4059 732 2797 
5885 4 0 431 839 3805 834 
5886 4 0 3333 3716 4213 4368 
5887 4 0 1197 4233 3939 2063 
5888 4 0 388 4065 732 1803 
5889 4 0 3636 2464 3263 2802 
5890 4 0 3939 1197 2105 2541 
5891 4 0 4106 4184 4208 4643 
5892 4 0 896 416 379 3114 
5893 4 0 3476 1630 3560 830 
5894 4 0 3752 958 896 3500 
5895 4 0 830 1630 4274 3476 
5896 4 0 2950 3108 1649 2515 
5897 4 0 2515 4076 2950 1635 
5898 4 0 3981 1635 2515 2950 
5899 4 0 1933 3513 2080 2783 
5900 4 0 1917 2363 599 2085 
5901 4 0 3742 2409 1396 4267 
5902 4 0 1687 1333 1855 2602 
5903 4 0 1361 2606 2229 3869 
5904 4 0 3145 1294 2968 3235 
5905 4 0 4109 809 3656 3631 
5906 4 0 2080 1902 2165 1864 
5907 4 0 3391 2754 2519 2124 
5908 4 0 3390 2238 400 4485 
5909 4 0 4172 869 724 3378 
5910 4 0 1891 3378 869 4172 
5911 4 0 1883 811 3592 1333 
5912 4 0 1189 1451 3016 892 
5913 4 0 4290 3799 4112 3638 
5914 4 0 3174 3638 4138 4682 
5915 4 0 1980 4628 3279 3587 
5916 4 0 4628 923 3279 3587 
5917 4 0 2267 13 3503 3273 
5918 4 0 2895 1814 543 2843 
5919 4 0 1511 394 2616 2036 
5920 4 0 2697 1993 1911 2278 
5921 4 0 2278 2927 1911 2697 
5922 4 0 2467 2928 2761 2816 
5923 4 0 1990 1911 563 3115 
5924 4 0 1954 3760 3733 3791 
5925 4 0 4344 3483 2586 3048 
5926 4 0 1070 2030 2827 2475 
5927 4 0 555 3904 3048 1699 
5928 4 0 3028 1456 530 3332 
5929 4 0 2671 3175 459 1469 
5930 4 0 1602 1334 886 3916 
5931 4 0 2368 2988 2628 1475 
5932 4 0 676 4465 2165 3513 
5933 4 0 1602 886 1960 3916 
5934 4 0 1334 3280 886 3916 
5935 4 0 1395 2236 2402 4502 
5936 4 0 2837 3187 3933 1394 
5937 4 0 1959 2006 1480 2420 
5938 4 0 2107 2834 2366 268 
5939 4 0 3612 2531 2917 448 
5940 4 0 770 1471 3859 3612 
5941 4 0 1963 2628 950 2439 
5942 4 0 2230 518 1963 2628 
5943 4 0 2223 1676 2545 2024 
5944 4 0 3430 3571 3601 2483 
5945 4 0 3330 1784 2757 2469 
5946 4 0 2603 2502 3835 2395 
5947 4 0 268 2834 2366 2333 
5948 4 0 3201 2604 3819 2311 
5949 4 0 1858 607 4059 4106 
5950 4 0 1129 2154 2304 1130 
5951 4 0 3588 2010 2429 2415 
5952 4 0 3642 2724 1061 597 
5953 4 0 2427 4070 659 2405 
5954 4 0 389 4001 2118 3347 
5955 4 0 3036 2443 555 2955 
5956 4 0 2694 1021 2901 3395 
5957 4 0 1740 2821 4694 4441 
5958 4 0 1359 429 2331 4253 
5959 4 0 3941 1506 2485 3635 
5960 4 0 2421 2351 1930 509 
5961 4 0 480 912 4672 1383 
5962 4 0 1381 4672 1383 480 
5963 4 0 3529 263 1385 2181 
5964 4 0 3115 2633 3406 3745 
5965 4 0 4 2100 2538 1397 
5966 4 0 2407 2049 4074 2148 
5967 4 0 2407 1921 4074 2049 
5968 4 0 4074 2049 2322 2148 
5969 4 0 2249 800 2956 4279 
5970 4 0 3776 3205 61 72 
5971 4 0 3112 1640 3308 1385 
5972 4 0 316 2283 2861 303 
5973 4 0 2904 2455 361 4311 
5974 4 0 2892 1358 3554 2073 
5975 4 0 4001 1248 1247 994 
5976 4 0 3985 1897 3806 4136 
5977 4 0 1358 2039 3554 2073 
5978 4 0 1201 4553 560 536 
5979 4 0 560 536 4553 1054 
5980 4 0 3350 4170 3088 2849 
5981 4 0 3428 4530 1362 2076 
5982 4 0 1123 2277 412 995 
5983 4 0 2344 2277 1989 849 
5984 4 0 1111 809 2344 4635 
5985 4 0 972 2076 4530 2794 
5986 4 0 2069 1807 3475 2164 
5987 4 0 3428 4530 2076 2794 
5988 4 0 2648 1956 3510 1843 
5989 4 0 3475 3565 4598 1786 
5990 4 0 2076 4530 4526 972 
5991 4 0 3190 2146 959 807 
5992 4 0 959 2399 385 4307 
5993 4 0 1493 1229 2234 2012 
5994 4 0 4297 991 3767 4685 
5995 4 0 1493 2234 2298 2407 
5996 4 0 478 4297 3767 4685 
5997 4 0 2545 2349 1739 843 
5998 4 0 1124 3592 811 1989 
5999 4 0 811 1883 3592 1124 
6000 4 0 717 2667 4569 2304 
6001 4 0 2667 716 717 4569 
6002 4 0 2738 3275 517 3741 
6003 4 0 675 2870 4068 1667 
6004 4 0 4044 2714 4453 2775 
6005 4 0 4091 2559 3125 2612 
6006 4 0 3846 130 106 1996 
6007 4 0 606 729 694 2850 
6008 4 0 1355 3158 668 1398 
6009 4 0 3565 3739 4321 4599 
6010 4 0 1350 2016 2519 1346 
6011 4 0 2016 1346 1350 4256 
6012 4 0 4639 3825 4129 2438 
6013 4 0 2818 1621 2947 2540 
6014 4 0 1855 3968 2602 1333 
6015 4 0 4129 1509 2438 3825 
6016 4 0 1509 3407 2438 3825 
6017 4 0 56 2678 65 2390 
6018 4 0 2974 4154 3058 2994 
6019 4 0 2920 724 2648 1943 
6020 4 0 3378 724 2648 2920 
6021 4 0 1974 536 2241 2265 
6022 4 0 2006 1959 3941 1804 
6023 4 0 1210 2253 2045 648 
6024 4 0 648 2253 4155 1210 
6025 4 0 2325 959 960 896 
6026 4 0 1860 768 2429 2646 
6027 4 0 3350 615 1020 3088 
6028 4 0 3028 2266 530 2639 
6029 4 0 1022 530 2266 2639 
6030 4 0 3612 1934 448 3859 
6031 4 0 1402 428 4118 793 
6032 4 0 3104 2326 2522 1987 
6033 4 0 2998 2668 2253 2999 
6034 4 0 3013 1032 1402 793 
6035 4 0 1268 428 1402 793 
6036 4 0 1938 2411 4085 387 
6037 4 0 4672 2736 480 1381 
6038 4 0 534 4696 3402 3522 
6039 4 0 4696 580 3402 3522 
6040 4 0 970 2817 973 2601 
6041 4 0 2531 1471 1529 4560 
6042 4 0 1470 4038 2145 1690 
6043 4 0 4038 4028 2145 1690 
6044 4 0 3280 3617 617 3411 
6045 4 0 524 2805 935 1766 
6046 4 0 1222 1433 2554 3042 
6047 4 0 1362 2841 4530 3428 
6048 4 0 3280 3617 3411 1151 
6049 4 0 2422 2294 2540 3552 
6050 4 0 1480 1959 3941 2006 
6051 4 0 1212 2803 2791 1816 
6052 4 0 474 2514 1276 2791 
6053 4 0 2438 474 1810 1927 
6054 4 0 1212 2021 2791 2803 
6055 4 0 3703 3836 811 2956 
6056 4 0 3653 3485 1594 1194 
6057 4 0 3840 1896 2619 3683 
6058 4 0 3377 4286 2426 2387 
6059 4 0 3720 346 3133 3066 
6060 4 0 1271 3182 1997 2851 
6061 4 0 2170 389 2701 2091 
6062 4 0 2335 399 2287 1929 
6063 4 0 1270 2714 1997 1271 
6064 4 0 4497 2865 1003 2335 
6065 4 0 3211 2719 3949 1335 
6066 4 0 1841 4654 3684 3949 
6067 4 0 3211 2719 3617 3949 
6068 4 0 3684 3949 1335 3211 
6069 4 0 2697 2927 1911 1990 
6070 4 0 1864 2165 2204 3327 
6071 4 0 1367 3689 1950 3257 
6072 4 0 2609 3743 443 426 
6073 4 0 1023 1950 3689 3257 
6074 4 0 3598 4544 1656 3374 
6075 4 0 4192 493 2467 2501 
6076 4 0 3488 4035 4082 3628 
6077 4 0 3289 1360 3383 955 
6078 4 0 1360 2664 3616 4328 
6079 4 0 4059 4106 4103 3310 
6080 4 0 2124 2028 1978 3324 
6081 4 0 2545 2675 771 375 
6082 4 0 2545 2349 375 1739 
6083 4 0 4287 1233 4669 2736 
6084 4 0 493 2467 2229 3564 
6085 4 0 492 429 447 1924 
6086 4 0 4192 3564 2467 493 
6087 4 0 4171 1708 1721 2370 
6088 4 0 3199 4171 4658 2370 
6089 4 0 2696 3344 4071 3741 
6090 4 0 4171 4658 2370 1721 
6091 4 0 2818 2540 1574 1621 
6092 4 0 657 2513 2919 2557 
6093 4 0 2818 1574 2540 2051 
6094 4 0 3946 381 2668 3931 
6095 4 0 2261 1920 1921 413 
6096 4 0 2261 1920 413 368 
6097 4 0 2362 3931 2668 381 
6098 4 0 4026 371 3194 2821 
6099 4 0 449 3976 3582 1926 
6100 4 0 4650 1528 388 901 
6101 4 0 4650 388 1528 732 
6102 4 0 3527 3179 2540 2720 
6103 4 0 4200 3954 4651 4481 
6104 4 0 4019 4481 3224 1906 
6105 4 0 4481 3954 1906 4200 
6106 4 0 4481 3954 3224 1906 
6107 4 0 1558 3257 3230 2996 
6108 4 0 3487 2807 2560 4659 
6109 4 0 789 3672 3209 2403 
6110 4 0 4250 729 606 2850 
6111 4 0 692 2081 3386 614 
6112 4 0 4496 4671 2259 3607 
6113 4 0 3607 2259 901 4671 
6114 4 0 2231 2038 3044 2956 
6115 4 0 2753 1871 2019 2562 
6116 4 0 3114 2325 4372 3268 
6117 4 0 2812 383 4295 2202 
6118 4 0 3281 441 1387 439 
6119 4 0 2785 3832 2428 2316 
6120 4 0 3843 692 839 1906 
6121 4 0 508 3298 460 2208 
6122 4 0 2619 3719 424 1895 
6123 4 0 2619 424 3719 1919 
6124 4 0 424 4665 2619 1895 
6125 4 0 386 1085 1899 357 
6126 4 0 488 2153 2210 2121 
6127 4 0 2774 4452 2328 1203 
6128 4 0 2113 898 894 3225 
6129 4 0 3929 466 2559 1926 
6130 4 0 2722 2448 2827 2071 
6131 4 0 2722 2827 908 2071 
6132 4 0 431 3224 3183 3954 
6133 4 0 4086 3134 1774 3336 
6134 4 0 2942 490 2710 1812 
6135 4 0 839 834 2577 417 
6136 4 0 3256 692 3119 4106 
6137 4 0 2640 2932 375 4384 
6138 4 0 2113 3182 894 2851 
6139 4 0 3069 3577 130 3077 
6140 4 0 2816 2813 4549 2928 
6141 4 0 2950 2889 3496 2322 
6142 4 0 2952 2777 3496 4494 
6143 4 0 2608 1354 839 3515 
6144 4 0 1354 3515 1585 839 
6145 4 0 3920 2314 504 2796 
6146 4 0 3022 2581 3307 2185 
6147 4 0 2885 3223 3175 2271 
6148 4 0 4388 4242 3610 3479 
6149 4 0 3671 4114 1045 4290 
6150 4 0 2997 3058 1467 4319 
6151 4 0 2049 428 2407 1937 
6152 4 0 970 4558 1467 2997 
6153 4 0 2997 1934 4331 4319 
6154 4 0 3776 1635 3205 3131 
6155 4 0 3781 3840 1505 943 
6156 4 0 2997 2492 2994 1934 
6157 4 0 3840 3781 1839 3295 
6158 4 0 3671 2790 4114 4290 
6159 4 0 1574 3816 2632 3527 
6160 4 0 2450 2415 1415 2255 
6161 4 0 2370 1721 3448 1240 
6162 4 0 1925 4647 3882 1939 
6163 4 0 4647 2619 1939 1895 
6164 4 0 968 2429 2415 4550 
6165 4 0 2752 2819 2226 1200 
6166 4 0 2230 2753 2819 2327 
6167 4 0 1070 3343 879 2200 
6168 4 0 2829 1190 841 2702 
6169 4 0 3931 2999 2668 790 
6170 4 0 2932 4384 1296 4437 
6171 4 0 145 3864 507 1647 
6172 4 0 125 507 822 145 
6173 4 0 3523 3317 2302 3137 
6174 4 0 3425 3446 2628 518 
6175 4 0 2349 2416 2531 2185 
6176 4 0 2785 3904 2586 3036 
6177 4 0 2532 739 698 3881 
6178 4 0 4087 2545 1554 4011 
6179 4 0 2950 3296 3108 3981 
6180 4 0 2950 3108 3296 4573 
6181 4 0 2024 1554 4087 2545 
6182 4 0 2619 4647 3882 3804 
6183 4 0 2472 1931 2087 2022 
6184 4 0 4037 2698 1962 2462 
6185 4 0 4290 3799 2492 2790 
6186 4 0 2531 448 2821 2917 
6187 4 0 371 2531 448 2821 
6188 4 0 4520 4512 4696 534 
6189 4 0 4512 534 4520 4420 
6190 4 0 3233 1037 3298 3629 
6191 4 0 3329 3264 3736 1391 
6192 4 0 2444 1391 21 3264 
6193 4 0 1391 3264 3736 21 
6194 4 0 2425 2089 3586 3675 
6195 4 0 1307 513 383 1808 
6196 4 0 513 2202 1808 2386 
6197 4 0 2159 46 53 2317 
6198 4 0 4079 3342 1739 1921 
6199 4 0 3535 1233 4669 4287 
6200 4 0 626 2029 1407 1409 
6201 4 0 3494 912 767 3535 
6202 4 0 3475 3565 1786 3156 
6203 4 0 1540 3872 2935 3539 
6204 4 0 904 3268 960 2510 
6205 4 0 2510 3110 4416 3268 
6206 4 0 2399 959 960 2325 
6207 4 0 3913 4367 1119 3233 
6208 4 0 656 1822 1398 2117 
6209 4 0 2410 3963 1812 3183 
6210 4 0 563 1912 2264 4018 
6211 4 0 4665 2619 3882 3336 
6212 4 0 2211 2583 1364 2118 
6213 4 0 2723 1451 892 3016 
6214 4 0 1036 3006 412 4149 
6215 4 0 1118 412 3006 995 
6216 4 0 335 1273 2027 3910 
6217 4 0 2809 3074 1407 4627 
6218 4 0 1841 2983 1570 3617 
6219 4 0 4130 2983 1570 1841 
6220 4 0 520 875 3628 291 
6221 4 0 4082 291 3628 875 
6222 4 0 4028 4038 3384 4206 
6223 4 0 292 4007 1336 4130 
6224 4 0 1673 3268 801 1340 
6225 4 0 73 637 361 2729 
6226 4 0 2281 2807 538 4659 
6227 4 0 731 1858 607 4059 
6228 4 0 737 4065 1858 731 
6229 4 0 4058 3038 3851 666 
6230 4 0 1978 2896 2928 3324 
6231 4 0 3671 1867 4114 2790 
6232 4 0 3287 2709 2196 3482 
6233 4 0 2234 2298 1229 1493 
6234 4 0 3209 2290 2298 2802 
6235 4 0 3976 2790 1867 3671 
6236 4 0 2468 3935 893 543 
6237 4 0 4089 2157 1820 3615 
6238 4 0 3229 4371 4506 2264 
6239 4 0 3690 3222 374 3383 
6240 4 0 1321 2740 3383 3222 
6241 4 0 1321 3222 3383 2389 
6242 4 0 971 772 4691 2966 
6243 4 0 799 2233 2670 4677 
6244 4 0 692 4106 4208 4643 
6245 4 0 2588 2644 1359 1262 
6246 4 0 1740 4313 4026 4441 
6247 4 0 3449 4388 4357 4218 
6248 4 0 1792 3149 4237 2124 
6249 4 0 2519 3149 2530 1581 
6250 4 0 614 692 3619 3386 
6251 4 0 344 751 759 353 
6252 4 0 751 353 3404 759 
6253 4 0 344 759 751 334 
6254 4 0 1946 751 759 334 
6255 4 0 2729 4151 2904 3063 
6256 4 0 2009 2264 2326 1821 
6257 4 0 903 3494 735 3134 
6258 4 0 892 1810 3520 2069 
6259 4 0 3510 1802 429 1843 
6260 4 0 380 2174 2999 2998 
6261 4 0 4439 2920 3803 3023 
6262 4 0 3803 2920 4439 3253 
6263 4 0 4336 517 3275 4600 
6264 4 0 86 4204 4014 106 
6265 4 0 1424 3803 4439 3253 
6266 4 0 2777 3496 4585 2952 
6267 4 0 4062 2701 2969 2481 
6268 4 0 4287 3535 4412 4669 
6269 4 0 767 4412 3535 4669 
6270 4 0 2166 680 3685 511 
6271 4 0 2952 3496 4585 4573 
6272 4 0 3987 4060 2750 3310 
6273 4 0 3513 1933 2826 377 
6274 4 0 817 4033 3493 1484 
6275 4 0 3991 3493 817 4033 
6276 4 0 2108 1099 2406 3237 
6277 4 0 3538 4402 3253 4315 
6278 4 0 422 2011 3166 4060 
6279 4 0 1949 2594 2647 2041 
6280 4 0 3988 2011 3166 422 
6281 4 0 1968 2442 394 1915 
6282 4 0 1600 2442 1968 1915 
6283 4 0 3258 517 4600 3275 
6284 4 0 1417 2644 3643 2331 
6285 4 0 139 2064 4298 1056 
6286 4 0 2360 1358 1510 2039 
6287 4 0 4176 4511 2598 2760 
6288 4 0 2142 603 1682 474 
6289 4 0 272 399 755 2335 
6290 4 0 2777 3491 1530 2905 
6291 4 0 530 2965 668 3028 
6292 4 0 1398 668 530 2965 
6293 4 0 3933 3935 3187 1505 
6294 4 0 3741 3344 2192 2696 
6295 4 0 2362 3054 375 2436 
6296 4 0 790 1253 2668 3931 
6297 4 0 2668 1253 1252 3931 
6298 4 0 4645 3336 4648 4661 
6299 4 0 307 2630 756 295 
6300 4 0 4025 2630 295 756 
6301 4 0 917 1511 3901 3408 
6302 4 0 3040 2855 3281 1101 
6303 4 0 614 1538 2850 2080 
6304 4 0 3923 3386 606 694 
6305 4 0 3281 2685 3040 1101 
6306 4 0 3237 2724 1099 3291 
6307 4 0 3911 3843 839 4061 
6308 4 0 2253 2351 2421 2045 
6309 4 0 2576 2540 3180 4032 
6310 4 0 1792 1581 1353 2280 
6311 4 0 1378 656 1914 1019 
6312 4 0 506 2108 956 2168 
6313 4 0 4268 3260 1894 2711 
6314 4 0 370 2272 1920 1115 
6315 4 0 4166 4086 3336 3882 
6316 4 0 1154 3465 622 3246 
6317 4 0 2711 2750 4268 3260 
6318 4 0 1774 4168 4645 4648 
6319 4 0 4370 1215 2638 4378 
6320 4 0 4648 3336 4645 1774 
6321 4 0 1215 1234 2638 4378 
6322 4 0 609 4086 2856 735 
6323 4 0 609 3984 4086 735 
6324 4 0 609 4166 4086 3984 
6325 4 0 2564 2606 1270 4453 
6326 4 0 636 4567 3577 130 
6327 4 0 2701 2396 389 2233 
6328 4 0 2197 458 389 4001 
6329 4 0 2740 3500 3752 1713 
6330 4 0 2780 1131 874 1461 
6331 4 0 3583 2643 4043 1658 
6332 4 0 683 64 2759 54 
6333 4 0 2135 2643 3696 3583 
6334 4 0 891 464 4537 4539 
6335 4 0 1661 2202 1562 1414 
6336 4 0 1661 1660 2202 2812 
6337 4 0 1230 1292 4121 2106 
6338 4 0 3994 1230 4121 2106 
6339 4 0 1662 2202 1661 1660 
6340 4 0 1392 2137 1287 3299 
6341 4 0 3152 3516 2581 4588 
6342 4 0 3212 401 2044 355 
6343 4 0 1531 4588 3516 3152 
6344 4 0 3471 2773 4395 3733 
6345 4 0 445 4169 2367 2453 
6346 4 0 2763 2803 1302 2610 
6347 4 0 2209 2367 3041 2453 
6348 4 0 839 2702 3843 3911 
6349 4 0 1995 3310 4103 1357 
6350 4 0 2283 328 2426 4286 
6351 4 0 3358 2170 3826 389 
6352 4 0 316 328 2426 2283 
6353 4 0 3358 3216 603 2021 
6354 4 0 429 1400 4253 3742 
6355 4 0 2362 3931 771 2999 
6356 4 0 3902 2541 3939 4568 
6357 4 0 802 3204 998 2659 
6358 4 0 1827 3433 1128 2874 
6359 4 0 3433 1827 1128 2309 
6360 4 0 427 4016 4000 4152 
6361 4 0 427 1393 4152 4000 
6362 4 0 2722 1819 2827 3691 
6363 4 0 3791 2713 4050 395 
6364 4 0 1337 1606 1338 473 
6365 4 0 498 2724 2422 4348 
6366 4 0 3011 3637 4273 966 
6367 4 0 2178 3441 2667 1922 
6368 4 0 2667 2372 3441 2178 
6369 4 0 3486 2278 1993 861 
6370 4 0 2103 2967 3380 3431 
6371 4 0 3492 2370 1704 2220 
6372 4 0 2731 3372 2631 3589 
6373 4 0 3190 4307 1246 2190 
6374 4 0 110 4014 1597 3858 
6375 4 0 4014 110 1597 4204 
6376 4 0 86 110 4014 4204 
6377 4 0 1791 1794 1571 1991 
6378 4 0 3606 1628 2863 2938 
6379 4 0 2190 3190 2399 2059 
6380 4 0 2399 1598 2059 4291 
6381 4 0 560 1201 3858 110 
6382 4 0 110 4014 3858 560 
6383 4 0 86 110 560 4014 
6384 4 0 3545 3637 1983 1085 
6385 4 0 3772 1164 2381 2869 
6386 4 0 2861 3380 2651 2208 
6387 4 0 3943 2381 1164 3778 
6388 4 0 2620 1415 2149 2255 
6389 4 0 4305 3118 1239 2679 
6390 4 0 4305 2679 2827 3118 
6391 4 0 2001 1273 2027 335 
6392 4 0 4038 1591 2027 2145 
6393 4 0 2180 2651 3377 3333 
6394 4 0 396 3905 2856 699 
6395 4 0 2145 1591 2027 1273 
6396 4 0 2805 524 1893 2815 
6397 4 0 2856 3905 1836 699 
6398 4 0 1754 3062 3074 1254 
6399 4 0 2040 269 4200 4651 
6400 4 0 1904 1902 1864 2165 
6401 4 0 2698 3451 2731 1653 
6402 4 0 2561 4164 3260 1894 
6403 4 0 2364 3255 1775 1156 
6404 4 0 1976 3227 1511 2036 
6405 4 0 3227 3982 1511 2036 
6406 4 0 3826 2094 1364 2583 
6407 4 0 942 1679 2515 1649 
6408 4 0 1305 1173 1181 3447 
6409 4 0 2760 2950 364 942 
6410 4 0 1679 2760 4176 942 
6411 4 0 2006 1804 3630 4103 
6412 4 0 1649 2950 2515 942 
6413 4 0 4103 1804 3630 2015 
6414 4 0 2190 2527 2399 4194 
6415 4 0 992 3800 2399 2190 
6416 4 0 2720 812 2294 3180 
6417 4 0 2783 692 614 2081 
6418 4 0 2783 692 2081 453 
6419 4 0 2502 453 2783 2066 
6420 4 0 1869 2203 2209 1 
6421 4 0 3694 2743 4422 2914 
6422 4 0 4478 2996 2743 2914 
6423 4 0 3959 2996 2743 4478 
6424 4 0 4478 4024 2743 3959 
6425 4 0 4221 2583 2118 3347 
6426 4 0 2091 2197 458 389 
6427 4 0 2871 2944 3937 3387 
6428 4 0 76 3083 82 2656 
6429 4 0 82 1795 2656 3083 
6430 4 0 3683 1909 4064 4008 
6431 4 0 275 885 273 3539 
6432 4 0 3683 1896 4064 1909 
6433 4 0 2768 2822 723 1838 
6434 4 0 4483 2354 2605 3640 
6435 4 0 2747 1908 2843 1369 
6436 4 0 2605 3088 2354 2915 
6437 4 0 3028 1456 1144 530 
6438 4 0 3010 1037 3888 3629 
6439 4 0 2361 3516 4081 1739 
6440 4 0 3955 2454 2406 3291 
6441 4 0 4483 2915 3761 2605 
6442 4 0 4483 2605 3761 3640 
6443 4 0 3689 3257 1367 1693 
6444 4 0 429 2648 447 3510 
6445 4 0 668 1693 3158 1367 
6446 4 0 1273 487 2027 2145 
6447 4 0 476 4017 3453 3352 
6448 4 0 3803 4211 3004 446 
6449 4 0 441 2460 2901 1303 
6450 4 0 1303 3492 441 2460 
6451 4 0 4017 1584 1175 3453 
6452 4 0 889 886 3010 1989 
6453 4 0 3010 889 4072 397 
6454 4 0 1844 4490 3735 2339 
6455 4 0 4017 3453 1175 476 
6456 4 0 3389 2602 3506 1174 
6457 4 0 675 2165 676 4465 
6458 4 0 2705 2796 675 2165 
6459 4 0 2075 3260 2079 453 
6460 4 0 2458 429 1400 1991 
6461 4 0 2024 1747 1991 1400 
6462 4 0 2595 2521 3206 946 
6463 4 0 1856 3389 1174 2602 
6464 4 0 1884 1333 2602 1886 
6465 4 0 2602 1886 1333 3968 
6466 4 0 442 2427 659 2405 
6467 4 0 659 3094 2631 2708 
6468 4 0 1303 2066 2561 2460 
6469 4 0 2396 2585 389 3358 
6470 4 0 4505 2661 575 4686 
6471 4 0 2466 2661 3423 575 
6472 4 0 387 4155 2253 2998 
6473 4 0 2661 2122 4686 4505 
6474 4 0 406 374 3383 4233 
6475 4 0 3562 2770 1225 791 
6476 4 0 2601 2746 3141 3861 
6477 4 0 2255 2126 1869 2489 
6478 4 0 1865 3041 16 2203 
6479 4 0 16 2489 3041 722 
6480 4 0 3840 2193 3247 1505 
6481 4 0 2967 3380 3377 2321 
6482 4 0 767 4461 3494 3535 
6483 4 0 767 3535 4412 4461 
6484 4 0 81 2232 72 3205 
6485 4 0 3705 1889 1401 2675 
6486 4 0 1421 2675 1401 1889 
6487 4 0 800 2221 3703 4279 
6488 4 0 1158 2477 2389 3070 
6489 4 0 800 4279 3703 2956 
6490 4 0 3144 3433 3219 1969 
6491 4 0 3641 1660 2812 2225 
6492 4 0 3587 394 3279 3683 
6493 4 0 1882 411 2585 3358 
6494 4 0 1024 4658 3512 3199 
6495 4 0 2720 372 1468 2692 
6496 4 0 2896 3523 2302 2692 
6497 4 0 4290 4114 4138 4112 
6498 4 0 3199 2482 3512 1024 
6499 4 0 1858 3386 4106 2081 
6500 4 0 2001 2027 324 335 
6501 4 0 1581 1353 3093 1962 
6502 4 0 3531 3680 2033 1576 
6503 4 0 377 170 2189 2826 
6504 4 0 2189 377 2826 1933 
6505 4 0 3429 2153 4018 2413 
6506 4 0 3115 4018 2153 1912 
6507 4 0 2190 2334 3437 2587 
6508 4 0 2460 1241 3448 721 
6509 4 0 1706 2460 1241 3448 
6510 4 0 1493 902 4095 1635 
6511 4 0 3219 3433 4023 2944 
6512 4 0 3387 4023 3433 2944 
6513 4 0 3814 2520 1125 4367 
6514 4 0 4499 2611 2977 3320 
6515 4 0 2873 3529 2181 251 
6516 4 0 2989 2495 2549 2546 
6517 4 0 2495 3830 2549 2546 
6518 4 0 1628 3201 2863 2938 
6519 4 0 4499 3320 2549 2611 
6520 4 0 2873 251 2181 2751 
6521 4 0 2873 251 2751 3665 
6522 4 0 1844 1958 1993 2641 
6523 4 0 3628 1542 2630 1390 
6524 4 0 4137 3628 4035 1954 
6525 4 0 2872 1954 3488 3628 
6526 4 0 3402 3578 580 1201 
6527 4 0 2646 35 1860 45 
6528 4 0 2646 45 768 2186 
6529 4 0 1894 1533 4164 3260 
6530 4 0 3978 4096 3822 3714 
6531 4 0 471 1470 3411 617 
6532 4 0 2238 2329 3695 4485 
6533 4 0 4568 2105 2541 3939 
6534 4 0 3953 3943 4177 3778 
6535 4 0 3175 459 2067 2097 
6536 4 0 2512 3122 969 2188 
6537 4 0 3943 674 4177 3778 
6538 4 0 2237 3192 829 4226 
6539 4 0 3980 1934 4527 1363 
6540 4 0 397 4633 3010 2771 
6541 4 0 2771 397 4633 4637 
6542 4 0 1309 2474 516 3324 
6543 4 0 3920 2796 2265 2241 
6544 4 0 4327 4607 4430 2033 
6545 4 0 4431 1686 1955 3506 
6546 4 0 2076 2010 1903 2106 
6547 4 0 1905 2010 2076 772 
6548 4 0 772 2076 2111 2010 
6549 4 0 2668 1930 2421 2253 
6550 4 0 2999 2362 2668 2253 
6551 4 0 1824 969 2238 2157 
6552 4 0 1066 3825 4639 2514 
6553 4 0 770 4527 1547 1934 
6554 4 0 770 3859 4527 1934 
6555 4 0 4527 1363 1934 3859 
6556 4 0 1934 4527 1547 3980 
6557 4 0 2008 2101 2085 3322 
6558 4 0 1933 481 1940 2887 
6559 4 0 4290 481 1864 2887 
6560 4 0 1512 1151 398 3717 
6561 4 0 3532 382 1092 2577 
6562 4 0 4060 4662 3987 3970 
6563 4 0 3532 1453 381 4640 
6564 4 0 1505 2193 3247 2117 
6565 4 0 4498 1005 3645 2838 
6566 4 0 661 657 3096 2557 
6567 4 0 3803 2626 600 446 
6568 4 0 1005 3645 2838 4067 
6569 4 0 1969 1827 2100 2874 
6570 4 0 614 451 2850 1538 
6571 4 0 918 3963 4178 1565 
6572 4 0 2032 3352 498 497 
6573 4 0 953 2004 2689 1251 
6574 4 0 953 363 3442 2004 
6575 4 0 1553 2676 1714 1537 
6576 4 0 3476 2004 3075 2254 
6577 4 0 4058 2165 3513 2080 
6578 4 0 570 900 3269 1468 
6579 4 0 3007 2676 1553 2586 
6580 4 0 4344 1553 1537 2586 
6581 4 0 570 3269 2573 1468 
6582 4 0 2072 3391 3148 2289 
6583 4 0 2462 2158 2698 2072 
6584 4 0 21 3264 2392 31 
6585 4 0 1383 3885 2384 4670 
6586 4 0 3287 3047 2709 3482 
6587 4 0 3264 2392 12 21 
6588 4 0 4107 2456 1210 2687 
6589 4 0 2687 2456 1210 2421 
6590 4 0 2299 2709 3196 1307 
6591 4 0 2299 2196 2800 2709 
6592 4 0 1468 1808 2299 1307 
6593 4 0 2299 1468 1809 1808 
6594 4 0 126 2726 2881 2389 
6595 4 0 2937 337 2563 355 
6596 4 0 945 2439 1903 1475 
6597 4 0 2814 4205 2606 1269 
6598 4 0 701 2981 2314 3577 
6599 4 0 2658 3795 3732 835 
6600 4 0 749 1211 305 2335 
6601 4 0 2937 347 760 337 
6602 4 0 918 2539 3963 1565 
6603 4 0 2844 2010 2742 2138 
6604 4 0 2010 2844 2322 2138 
6605 4 0 2836 2010 2322 2049 
6606 4 0 2055 3218 963 2364 
6607 4 0 2438 4621 4129 4639 
6608 4 0 2224 378 1688 2056 
6609 4 0 2138 1297 1981 4455 
6610 4 0 3680 3345 3832 1576 
6611 4 0 1577 1576 2160 3832 
6612 4 0 1485 1486 4688 398 
6613 4 0 2033 1576 3680 3832 
6614 4 0 4652 4042 3420 2027 
6615 4 0 2160 1576 2033 3832 
6616 4 0 494 3832 1576 2533 
6617 4 0 3345 494 3832 1576 
6618 4 0 1347 1945 2991 4601 
6619 4 0 2453 2209 445 2126 
6620 4 0 2289 2698 2455 3063 
6621 4 0 2126 4169 2922 445 
6622 4 0 4111 420 3977 1898 
6623 4 0 2187 3781 3840 3295 
6624 4 0 1163 980 3422 843 
6625 4 0 4601 2991 1347 3540 
6626 4 0 1879 2187 3295 3781 
6627 4 0 3295 3120 3116 3840 
6628 4 0 2187 3120 3295 3840 
6629 4 0 4068 3376 3327 2870 
6630 4 0 1386 441 1389 2456 
6631 4 0 2107 129 154 582 
6632 4 0 2279 3000 2258 4369 
6633 4 0 4250 729 211 229 
6634 4 0 4369 2258 3823 3000 
6635 4 0 537 3827 1262 1303 
6636 4 0 2850 729 725 211 
6637 4 0 1452 1580 2744 3369 
6638 4 0 3827 441 2778 1303 
6639 4 0 3497 2509 3331 257 
6640 4 0 4235 654 2931 4553 
6641 4 0 3015 2931 654 4553 
6642 4 0 422 3999 1979 4663 
6643 4 0 3446 1170 4179 2556 
6644 4 0 1942 1462 2157 906 
6645 4 0 510 435 511 974 
6646 4 0 4634 3098 4266 2463 
6647 4 0 2700 2690 2135 2851 
6648 4 0 507 381 1250 2436 
6649 4 0 2063 3754 3620 4049 
6650 4 0 2731 2158 2698 2462 
6651 4 0 2957 1400 3898 2320 
6652 4 0 4569 2162 4562 2304 
6653 4 0 4429 2340 2772 2060 
6654 4 0 4569 4562 2739 2304 
6655 4 0 3912 1744 2188 4066 
6656 4 0 3464 4580 2140 3940 
6657 4 0 2140 1944 3464 3940 
6658 4 0 2354 3088 2215 2915 
6659 4 0 3640 2354 2605 856 
6660 4 0 1225 4578 2622 2140 
6661 4 0 2180 2043 1957 479 
6662 4 0 3187 3935 4361 3573 
6663 4 0 864 4506 2264 3220 
6664 4 0 3122 864 2264 3220 
6665 4 0 532 692 3977 1906 
6666 4 0 4361 3933 3187 1394 
6667 4 0 3148 2289 4071 2158 
6668 4 0 2406 2108 2454 611 
6669 4 0 387 1218 2550 1993 
6670 4 0 3094 1242 2230 2082 
6671 4 0 387 1617 1993 2697 
6672 4 0 387 4162 2550 1218 
6673 4 0 392 809 1691 2924 
6674 4 0 809 848 1691 2924 
6675 4 0 450 773 519 2058 
6676 4 0 4109 809 3631 1691 
6677 4 0 2407 2290 2298 1910 
6678 4 0 1691 809 3631 848 
6679 4 0 2566 1622 3517 3627 
6680 4 0 4018 2413 546 3429 
6681 4 0 2686 4686 2431 3556 
6682 4 0 2862 1700 3045 3895 
6683 4 0 466 4686 2686 3556 
6684 4 0 2686 2431 3595 3929 
6685 4 0 959 3352 2224 498 
6686 4 0 497 3459 2032 3352 
6687 4 0 3352 896 498 959 
6688 4 0 2864 3132 4389 4075 
6689 4 0 953 2084 2469 2497 
6690 4 0 2328 1203 1353 1837 
6691 4 0 3617 1645 1570 1011 
6692 4 0 3042 2554 935 1433 
6693 4 0 2734 1628 3819 2097 
6694 4 0 642 3762 2101 3322 
6695 4 0 2085 2101 1325 3762 
6696 4 0 1212 444 3358 2065 
6697 4 0 1433 935 3042 3274 
6698 4 0 788 2222 3482 787 
6699 4 0 362 1261 3961 646 
6700 4 0 787 788 3123 3482 
6701 4 0 2895 3635 1322 3600 
6702 4 0 450 2395 2058 3835 
6703 4 0 773 1933 450 519 
6704 4 0 4487 2829 2058 3835 
6705 4 0 280 3881 1535 287 
6706 4 0 117 2767 582 95 
6707 4 0 4210 778 2388 806 
6708 4 0 507 3864 2362 503 
6709 4 0 3054 503 2436 2362 
6710 4 0 2436 503 507 2362 
6711 4 0 2436 507 381 2362 
6712 4 0 537 2641 590 2548 
6713 4 0 2295 3155 3850 3255 
6714 4 0 1753 1818 777 2521 
6715 4 0 56 65 1861 2390 
6716 4 0 1993 1617 1218 2624 
6717 4 0 2468 3935 530 2117 
6718 4 0 2550 2624 1993 1218 
6719 4 0 1958 2624 1993 2550 
6720 4 0 802 998 3809 2659 
6721 4 0 2604 3201 4404 2880 
6722 4 0 3201 4404 1628 2604 
6723 4 0 2998 2999 380 2668 
6724 4 0 3327 2122 3522 3360 
6725 4 0 4248 2122 4235 4505 
6726 4 0 2931 3360 4235 2122 
6727 4 0 2021 1183 1682 474 
6728 4 0 452 3735 1844 2641 
6729 4 0 3735 3868 2641 452 
6730 4 0 2339 3735 1844 452 
6731 4 0 1468 2692 2028 3324 
6732 4 0 1132 182 4182 165 
6733 4 0 1685 4042 4052 3420 
6734 4 0 2683 2045 3399 2694 
6735 4 0 2170 2091 1254 2094 
6736 4 0 2938 3076 2963 3230 
6737 4 0 3076 2963 3230 2335 
6738 4 0 4344 3483 1553 2586 
6739 4 0 1985 419 3985 1610 
6740 4 0 2276 2731 2462 2031 
6741 4 0 637 4151 2904 2729 
6742 4 0 3774 1985 419 3985 
6743 4 0 3520 3969 3183 3246 
6744 4 0 3520 3246 3183 1810 
6745 4 0 4250 229 258 3927 
6746 4 0 2276 2462 2731 3306 
6747 4 0 602 1852 3186 2142 
6748 4 0 602 1927 2142 474 
6749 4 0 2164 2069 1307 1810 
6750 4 0 217 1852 602 1927 
6751 4 0 157 3969 1155 177 
6752 4 0 3969 1155 177 913 
6753 4 0 1993 1938 2697 837 
6754 4 0 913 1155 177 195 
6755 4 0 923 394 3587 4045 
6756 4 0 4149 3006 412 995 
6757 4 0 4071 2455 2289 517 
6758 4 0 2756 2698 2731 3591 
6759 4 0 2362 2436 771 3931 
6760 4 0 2362 375 2223 771 
6761 4 0 2686 2661 3522 2122 
6762 4 0 2122 4686 2686 2661 
6763 4 0 2723 844 2164 4610 
6764 4 0 2723 4599 2164 3565 
6765 4 0 388 732 4650 1803 
6766 4 0 3577 636 156 3969 
6767 4 0 636 177 156 3969 
6768 4 0 3142 19 1288 687 
6769 4 0 1794 1747 1722 1991 
6770 4 0 922 3885 925 1511 
6771 4 0 1511 922 394 1605 
6772 4 0 2462 1653 2698 2731 
6773 4 0 2426 3377 2651 2861 
6774 4 0 2731 1653 3306 2462 
6775 4 0 1499 3008 3125 3929 
6776 4 0 2009 521 2121 2243 
6777 4 0 516 3324 4237 1309 
6778 4 0 1309 4608 4607 4237 
6779 4 0 3358 2789 411 390 
6780 4 0 2024 1991 370 4090 
6781 4 0 2024 1400 1991 4090 
6782 4 0 3663 3261 2854 3498 
6783 4 0 3663 2854 523 3498 
6784 4 0 833 1788 3077 3954 
6785 4 0 1788 833 4642 3954 
6786 4 0 2254 3476 1108 4274 
6787 4 0 3176 4274 1031 1108 
6788 4 0 1823 2995 3369 3479 
6789 4 0 4274 2254 1031 1108 
6790 4 0 2200 3559 525 2214 
6791 4 0 391 525 3559 2214 
6792 4 0 3918 2739 4568 2304 
6793 4 0 3929 3674 3039 1500 
6794 4 0 2589 3906 4631 3829 
6795 4 0 3906 2589 1670 3829 
6796 4 0 1422 4690 1507 2758 
6797 4 0 3830 3707 1762 2546 
6798 4 0 576 2108 1463 506 
6799 4 0 917 1511 3408 3982 
6800 4 0 4583 435 974 2428 
6801 4 0 3001 880 2132 2483 
6802 4 0 3054 2640 2436 500 
6803 4 0 4148 3054 503 1646 
6804 4 0 2582 2629 1709 2281 
6805 4 0 3842 4445 2170 4057 
6806 4 0 3470 2059 2792 378 
6807 4 0 1202 2160 1577 4446 
6808 4 0 3842 2810 798 4057 
6809 4 0 2920 1943 2648 1991 
6810 4 0 4017 3459 2032 1584 
6811 4 0 2427 4566 3051 3722 
6812 4 0 1200 4554 2752 2819 
6813 4 0 2086 896 958 4182 
6814 4 0 3600 3635 4448 2895 
6815 4 0 2718 2874 1397 3316 
6816 4 0 450 2395 2502 2066 
6817 4 0 2066 2460 2395 2502 
6818 4 0 2502 450 3835 2395 
6819 4 0 1838 2212 3790 2151 
6820 4 0 50 2099 1217 2159 
6821 4 0 3759 1006 2845 2437 
6822 4 0 2741 3424 1563 1555 
6823 4 0 2158 2289 2698 2072 
6824 4 0 1563 1555 565 2741 
6825 4 0 2159 50 62 2654 
6826 4 0 3334 3551 71 62 
6827 4 0 2741 3424 814 1563 
6828 4 0 3974 394 2442 1915 
6829 4 0 2550 1176 3572 430 
6830 4 0 394 2442 3587 4045 
6831 4 0 2442 3587 1815 394 
6832 4 0 2550 1958 1176 430 
6833 4 0 3689 3257 1693 2965 
6834 4 0 2214 2200 3559 1070 
6835 4 0 1472 3058 2994 4331 
6836 4 0 3334 3551 2232 71 
6837 4 0 1109 397 886 1334 
6838 4 0 755 399 2699 521 
6839 4 0 755 289 298 2699 
6840 4 0 2467 4192 1060 3564 
6841 4 0 1463 3182 1099 2108 
6842 4 0 3197 2500 4181 3125 
6843 4 0 1334 1109 397 1335 
6844 4 0 1109 397 1335 3452 
6845 4 0 1109 4072 397 3452 
6846 4 0 1179 3785 4194 3103 
6847 4 0 1178 2218 1179 3785 
6848 4 0 2795 3329 2429 2010 
6849 4 0 4017 416 476 1177 
6850 4 0 2313 1860 768 2429 
6851 4 0 4250 729 229 3927 
6852 4 0 4017 1177 476 1175 
6853 4 0 1351 2851 781 2016 
6854 4 0 781 2016 4256 1351 
6855 4 0 3077 701 2981 1788 
6856 4 0 3069 3577 3077 701 
6857 4 0 2476 1997 2016 781 
6858 4 0 4256 781 2476 2016 
6859 4 0 1927 1265 217 1178 
6860 4 0 909 3865 3535 4412 
6861 4 0 1178 1927 3785 217 
6862 4 0 1002 4365 440 3581 
6863 4 0 1267 2678 688 65 
6864 4 0 688 2678 2390 65 
6865 4 0 651 1048 3094 1084 
6866 4 0 4652 3420 4042 911 
6867 4 0 688 65 2390 1861 
6868 4 0 84 65 688 1861 
6869 4 0 84 688 65 1267 
6870 4 0 257 2509 248 2353 
6871 4 0 503 2436 3651 500 
6872 4 0 3122 1744 4066 2188 
6873 4 0 1728 3454 2172 513 
6874 4 0 3393 3963 1460 2710 
6875 4 0 2135 1353 1581 2690 
6876 4 0 2108 2135 3696 576 
6877 4 0 3093 3583 2135 576 
6878 4 0 3583 4043 3696 576 
6879 4 0 2135 3093 576 2851 
6880 4 0 4334 439 3281 4325 
6881 4 0 2386 2709 2299 513 
6882 4 0 3400 2943 2901 439 
6883 4 0 456 2074 2079 1894 
6884 4 0 1894 2079 2711 3260 
6885 4 0 456 1469 2205 2075 
6886 4 0 1469 456 2205 3585 
6887 4 0 552 2123 871 1360 
6888 4 0 3275 2738 2297 3741 
6889 4 0 570 900 372 2304 
6890 4 0 997 2383 367 2877 
6891 4 0 3246 622 3883 2539 
6892 4 0 2771 3298 508 2198 
6893 4 0 2719 3010 508 2771 
6894 4 0 508 2719 2771 2034 
6895 4 0 1148 1457 4448 2895 
6896 4 0 4025 3802 1711 1998 
6897 4 0 2633 3615 4089 393 
6898 4 0 1998 1711 4025 279 
6899 4 0 1611 782 2700 2135 
6900 4 0 4086 3882 764 3336 
6901 4 0 735 2856 3134 4086 
6902 4 0 860 2285 2071 1817 
6903 4 0 1799 1213 4155 1210 
6904 4 0 4350 627 3343 626 
6905 4 0 1894 2884 456 2074 
6906 4 0 1894 2079 2561 2074 
6907 4 0 3617 3280 1334 1151 
6908 4 0 2234 2298 3209 1229 
6909 4 0 3655 1651 3276 4413 
6910 4 0 4392 2716 4222 3653 
6911 4 0 2835 374 3383 3690 
6912 4 0 2895 543 3416 2843 
6913 4 0 2720 2896 2294 812 
6914 4 0 909 4650 4461 1803 
6915 4 0 2720 2692 3324 2896 
6916 4 0 2664 2222 3482 2196 
6917 4 0 733 4650 1803 4461 
6918 4 0 3025 2280 2558 3527 
6919 4 0 1832 2030 2589 879 
6920 4 0 2222 4355 2196 2664 
6921 4 0 3930 3025 2558 3816 
6922 4 0 2120 3882 764 1522 
6923 4 0 1609 3793 561 1114 
6924 4 0 1609 3843 1114 561 
6925 4 0 4324 3538 3253 3231 
6926 4 0 429 1737 704 1843 
6927 4 0 2825 2196 2573 2299 
6928 4 0 1303 2079 2561 2066 
6929 4 0 184 807 1013 2059 
6930 4 0 4017 1527 416 1177 
6931 4 0 184 1013 1318 2059 
6932 4 0 3587 2193 1815 394 
6933 4 0 1508 2129 3441 2944 
6934 4 0 2309 2496 2178 2944 
6935 4 0 3577 1510 2039 3846 
6936 4 0 635 3846 2039 1510 
6937 4 0 1742 1722 1571 4010 
6938 4 0 1722 704 3871 4010 
6939 4 0 1153 3246 2374 1154 
6940 4 0 1722 3871 704 429 
6941 4 0 429 3871 704 1953 
6942 4 0 2589 1771 1670 3829 
6943 4 0 3423 2466 2672 506 
6944 4 0 1163 843 3972 980 
6945 4 0 1070 938 1769 3559 
6946 4 0 2261 2770 1937 1910 
6947 4 0 2648 842 3510 1363 
6948 4 0 1817 1816 2789 1212 
6949 4 0 2581 3152 4588 1548 
6950 4 0 407 1392 3113 2183 
6951 4 0 3152 1531 4588 1548 
6952 4 0 30 2693 681 3273 
6953 4 0 458 2197 2378 744 
6954 4 0 2378 2091 2197 458 
6955 4 0 2766 3217 952 1746 
6956 4 0 4178 192 177 913 
6957 4 0 4481 3224 3954 192 
6958 4 0 1808 2647 2404 1813 
6959 4 0 1808 2647 1813 2041 
6960 4 0 2189 1046 2826 170 
6961 4 0 1753 2521 571 1818 
6962 4 0 1873 1818 952 1753 
6963 4 0 4076 2095 3496 2889 
6964 4 0 2254 1630 3560 3476 
6965 4 0 3476 1630 4274 2254 
6966 4 0 1058 14 4173 4531 
6967 4 0 2795 2138 2010 2322 
6968 4 0 4268 1894 1193 2711 
6969 4 0 3851 4058 666 4078 
6970 4 0 1597 3038 666 3851 
6971 4 0 666 4058 1426 4078 
6972 4 0 2599 4383 2989 3320 
6973 4 0 2653 2902 2428 1730 
6974 4 0 2445 326 2529 3140 
6975 4 0 2445 315 326 3140 
6976 4 0 3188 4425 3445 3412 
6977 4 0 839 1354 4161 2702 
6978 4 0 4161 1354 2332 2702 
6979 4 0 862 2432 3017 1176 
6980 4 0 885 1841 2853 4654 
6981 4 0 2853 885 3403 3897 
6982 4 0 4026 3003 2758 371 
6983 4 0 366 4612 3219 2480 
6984 4 0 3181 4110 3804 985 
6985 4 0 985 3181 4110 988 
6986 4 0 3874 2653 2428 1730 
6987 4 0 4444 1752 1688 2098 
6988 4 0 3371 2045 2201 2253 
6989 4 0 3371 2253 2201 2035 
6990 4 0 316 2426 2861 2283 
6991 4 0 1747 1722 3871 4010 
6992 4 0 603 2021 1682 474 
6993 4 0 3871 4010 3351 1747 
6994 4 0 2609 3516 2487 3197 
6995 4 0 2728 505 4492 1009 
6996 4 0 1009 2755 2097 3309 
6997 4 0 2413 505 1009 2097 
6998 4 0 2071 2312 2827 2475 
6999 4 0 4341 3023 2272 2920 
7000 4 0 1232 4683 2790 1947 
7001 4 0 2920 4439 4341 3023 
7002 4 0 385 2391 3826 3135 
7003 4 0 1785 4602 2530 2897 
7004 4 0 1925 1939 3882 609 
7005 4 0 26 2646 1860 2488 
7006 4 0 2248 955 1129 1136 
7007 4 0 4078 1426 666 1425 
7008 4 0 3858 4078 666 1425 
7009 4 0 666 3851 4078 3858 
7010 4 0 2532 739 3881 1711 
7011 4 0 444 603 2142 474 
7012 4 0 3288 4603 3337 2160 
7013 4 0 2160 4603 3337 365 
7014 4 0 2160 3288 4603 3945 
7015 4 0 2160 3945 4603 365 
7016 4 0 3337 2160 517 3288 
7017 4 0 1131 2154 3939 406 
7018 4 0 456 2884 1894 2711 
7019 4 0 4000 4541 3410 3165 
7020 4 0 2032 3752 3480 2740 
7021 4 0 4000 3165 3410 3194 
7022 4 0 3544 884 1940 3688 
7023 4 0 2090 3183 1510 2892 
7024 4 0 2119 2782 409 401 
7025 4 0 3047 497 498 2406 
7026 4 0 1808 383 1307 2134 
7027 4 0 409 2044 2119 401 
7028 4 0 4629 409 2119 2782 
7029 4 0 3269 1809 2573 1468 
7030 4 0 1280 2539 3963 918 
7031 4 0 1280 1460 3963 2539 
7032 4 0 2927 3078 2697 713 
7033 4 0 3479 2424 3691 2722 
7034 4 0 2697 3078 1617 713 
7035 4 0 1641 3878 1117 2998 
7036 4 0 3878 1117 2998 4155 
7037 4 0 2550 2508 4155 2998 
7038 4 0 1964 3987 4648 1774 
7039 4 0 2998 4155 1117 2508 
7040 4 0 2550 2508 2998 3340 
7041 4 0 1704 2370 3371 2220 
7042 4 0 2863 3175 459 539 
7043 4 0 2101 1325 640 2305 
7044 4 0 2305 1203 640 2101 
7045 4 0 1580 3813 2744 2995 
7046 4 0 972 772 2076 2111 
7047 4 0 2180 1580 1823 2995 
7048 4 0 1336 1841 2983 4130 
7049 4 0 1336 2983 3267 4130 
7050 4 0 1108 550 3036 2443 
7051 4 0 900 2154 1131 1130 
7052 4 0 2434 3019 1108 550 
7053 4 0 847 1038 3624 2580 
7054 4 0 3628 1541 3245 761 
7055 4 0 1774 4168 4086 4645 
7056 4 0 4645 3336 4086 1774 
7057 4 0 4525 3510 1887 1888 
7058 4 0 2089 3129 1743 3078 
7059 4 0 2089 3129 3078 3622 
7060 4 0 2176 2747 2939 3715 
7061 4 0 2210 2097 3606 505 
7062 4 0 2532 3881 4025 1711 
7063 4 0 2293 838 1339 4653 
7064 4 0 3412 2738 3445 3188 
7065 4 0 3141 1568 2601 3174 
7066 4 0 3613 2358 1025 4217 
7067 4 0 4217 2358 1025 1784 
7068 4 0 3867 464 1049 651 
7069 4 0 4000 371 3410 4016 
7070 4 0 1043 1466 449 3801 
7071 4 0 928 1908 2747 1369 
7072 4 0 928 2939 2176 2747 
7073 4 0 2176 1369 928 2747 
7074 4 0 2531 2185 1466 2379 
7075 4 0 3381 644 543 3136 
7076 4 0 638 2731 3589 3372 
7077 4 0 2944 1128 720 2129 
7078 4 0 2731 638 3589 3591 
7079 4 0 2974 2784 2379 2994 
7080 4 0 2081 3692 451 3950 
7081 4 0 2187 2946 3769 2461 
7082 4 0 2812 1808 383 2202 
7083 4 0 1784 2757 4217 2358 
7084 4 0 2956 1375 744 2481 
7085 4 0 3653 459 1469 3045 
7086 4 0 1898 3630 420 3977 
7087 4 0 1898 421 420 3630 
7088 4 0 3681 3703 2221 4279 
7089 4 0 3626 2993 2637 1209 
7090 4 0 2956 744 811 3703 
7091 4 0 839 2702 4161 692 
7092 4 0 3486 1993 2948 861 
7093 4 0 2679 860 3118 2969 
7094 4 0 3063 2572 4071 3372 
7095 4 0 3445 2738 3412 2191 
7096 4 0 2388 2022 3726 2191 
7097 4 0 39 817 4033 4308 
7098 4 0 4033 39 1482 817 
7099 4 0 1776 416 1526 3352 
7100 4 0 476 416 3352 1526 
7101 4 0 4200 4131 1672 2013 
7102 4 0 3081 2294 3580 3027 
7103 4 0 2284 3836 811 2471 
7104 4 0 4332 2521 2745 3240 
7105 4 0 2020 4131 4200 2013 
7106 4 0 2112 2326 2522 2009 
7107 4 0 2994 3058 2997 4331 
7108 4 0 2784 2974 2997 2994 
7109 4 0 2230 2752 1047 3722 
7110 4 0 1968 3382 2616 2036 
7111 4 0 398 3382 2036 2616 
7112 4 0 2103 3813 3380 4675 
7113 4 0 1553 1714 4344 1537 
7114 4 0 3303 2580 2260 2657 
7115 4 0 2220 1213 4133 4400 
7116 4 0 441 3492 2456 2460 
7117 4 0 3401 860 2789 2396 
7118 4 0 2716 3653 1194 4222 
7119 4 0 490 1544 2251 1915 
7120 4 0 4060 4662 3310 3987 
7121 4 0 3987 4662 3310 4197 
7122 4 0 2785 2501 2428 3832 
7123 4 0 2785 3680 2501 3832 
7124 4 0 3874 3677 3832 2501 
7125 4 0 2107 129 582 2767 
7126 4 0 2767 103 129 582 
7127 4 0 2366 176 582 2107 
7128 4 0 814 2741 1159 3873 
7129 4 0 1109 3944 1602 886 
7130 4 0 447 2920 1991 2199 
7131 4 0 2222 786 788 2386 
7132 4 0 786 2222 788 787 
7133 4 0 1660 3641 2812 4619 
7134 4 0 689 3740 53 2194 
7135 4 0 2468 2671 2638 2311 
7136 4 0 1820 2311 2638 3615 
7137 4 0 2042 906 749 1211 
7138 4 0 2282 1818 2244 777 
7139 4 0 1808 437 1809 2299 
7140 4 0 999 3088 615 386 
7141 4 0 390 1172 3124 2102 
7142 4 0 3012 1172 3124 390 
7143 4 0 3124 3012 3283 1172 
7144 4 0 1754 3067 626 624 
7145 4 0 624 3067 3443 1754 
7146 4 0 4193 3013 2966 1429 
7147 4 0 689 3205 1635 3131 
7148 4 0 1764 1591 2145 1273 
7149 4 0 1657 3374 1734 658 
7150 4 0 2022 2289 2521 2662 
7151 4 0 3063 2289 4071 2455 
7152 4 0 37 3349 1397 2718 
7153 4 0 461 2743 3230 2863 
7154 4 0 2439 3778 2381 2682 
7155 4 0 978 4312 2802 976 
7156 4 0 3636 2464 2802 2234 
7157 4 0 3349 1397 4249 37 
7158 4 0 560 3721 4014 536 
7159 4 0 1976 3590 4120 489 
7160 4 0 429 1737 2331 4253 
7161 4 0 1040 2988 3994 2132 
7162 4 0 1903 2132 2988 2628 
7163 4 0 1508 2779 4563 2959 
7164 4 0 2779 4563 2959 2688 
7165 4 0 1508 4563 3073 2959 
7166 4 0 4563 3073 2959 2688 
7167 4 0 2212 3428 526 4211 
7168 4 0 1542 1541 3628 761 
7169 4 0 2795 3981 2148 1635 
7170 4 0 4369 4250 2175 2055 
7171 4 0 3377 3380 2967 1580 
7172 4 0 3380 1580 3431 2967 
7173 4 0 4583 3832 4571 1577 
7174 4 0 4667 4136 4666 985 
7175 4 0 1490 3182 2775 894 
7176 4 0 2775 1271 894 3182 
7177 4 0 2260 1803 2259 3535 
7178 4 0 2441 2260 2259 2211 
7179 4 0 3522 4398 2661 664 
7180 4 0 3008 4181 4289 3992 
7181 4 0 4153 2868 1606 1982 
7182 4 0 2 687 1397 949 
7183 4 0 3411 617 3280 398 
7184 4 0 4197 4662 3310 4663 
7185 4 0 4197 2797 1357 3310 
7186 4 0 2580 3303 3347 4636 
7187 4 0 2896 2302 2720 2692 
7188 4 0 3179 2720 2928 2294 
7189 4 0 1957 760 409 401 
7190 4 0 2899 1614 2837 4051 
7191 4 0 3473 4472 4034 3950 
7192 4 0 2899 2837 3295 4051 
7193 4 0 532 3963 2410 3224 
7194 4 0 2618 3545 3113 2430 
7195 4 0 2096 176 2831 3346 
7196 4 0 1374 3745 2425 3406 
7197 4 0 2360 1358 2039 2122 
7198 4 0 4218 1773 3113 407 
7199 4 0 4357 4218 407 1773 
7200 4 0 3893 461 4050 2068 
7201 4 0 946 2595 2521 1931 
7202 4 0 946 2402 2595 1931 
7203 4 0 2106 2010 2049 2111 
7204 4 0 4135 2779 1715 4468 
7205 4 0 2742 2106 2010 2836 
7206 4 0 3579 27 2811 2753 
7207 4 0 3508 51 3344 39 
7208 4 0 2811 3579 4214 2635 
7209 4 0 490 4496 3938 920 
7210 4 0 1896 2619 4665 4661 
7211 4 0 490 3938 4496 3607 
7212 4 0 1078 2339 4067 1079 
7213 4 0 2997 2492 2784 2994 
7214 4 0 5 14 679 2267 
7215 4 0 974 2428 2371 4583 
7216 4 0 4686 3423 575 574 
7217 4 0 2510 904 873 2717 
7218 4 0 574 4516 3423 575 
7219 4 0 3904 1108 3036 2004 
7220 4 0 3904 3036 1108 3019 
7221 4 0 2785 3036 2004 3904 
7222 4 0 2592 2955 511 680 
7223 4 0 578 574 4686 575 
7224 4 0 2194 3740 53 706 
7225 4 0 2605 3702 1406 2921 
7226 4 0 1934 3980 3510 1363 
7227 4 0 24 684 360 3508 
7228 4 0 3365 1336 1382 2983 
7229 4 0 466 4686 1932 2686 
7230 4 0 2854 2605 623 1406 
7231 4 0 4428 3023 1944 2272 
7232 4 0 289 1081 2699 399 
7233 4 0 2791 4638 3659 474 
7234 4 0 426 1569 3856 3807 
7235 4 0 978 2234 2802 3209 
7236 4 0 2792 2224 959 3352 
7237 4 0 978 976 2802 2234 
7238 4 0 4684 365 2754 3391 
7239 4 0 1819 3691 3479 3610 
7240 4 0 2794 3428 4530 2841 
7241 4 0 2813 1060 4438 2761 
7242 4 0 4165 2226 1047 3094 
7243 4 0 2803 2060 2799 1544 
7244 4 0 2415 2010 1905 772 
7245 4 0 4213 2043 2180 479 
7246 4 0 3441 2959 2129 1508 
7247 4 0 2379 2784 2887 2492 
7248 4 0 2997 2887 2784 2492 
7249 4 0 2469 1027 3608 2528 
7250 4 0 2084 2528 2469 2497 
7251 4 0 2842 2272 4565 413 
7252 4 0 367 2469 2528 1027 
7253 4 0 4565 413 4580 2842 
7254 4 0 2744 1235 3463 2972 
7255 4 0 526 1903 2212 2151 
7256 4 0 2212 1903 526 2106 
7257 4 0 955 1129 406 2063 
7258 4 0 406 1129 3939 2063 
7259 4 0 1103 4002 373 1495 
7260 4 0 3380 1580 2995 3813 
7261 4 0 2050 2798 592 452 
7262 4 0 1250 507 1453 381 
7263 4 0 1250 2436 1590 507 
7264 4 0 2833 142 3235 124 
7265 4 0 2833 3235 2968 124 
7266 4 0 1864 3513 2165 2080 
7267 4 0 3823 621 3000 2258 
7268 4 0 1723 3485 2807 3045 
7269 4 0 2807 1723 3172 3485 
7270 4 0 582 583 2834 169 
7271 4 0 1723 4488 3172 3485 
7272 4 0 3626 3071 962 2850 
7273 4 0 3341 3635 943 893 
7274 4 0 1864 1904 2165 3327 
7275 4 0 2813 4230 2669 3228 
7276 4 0 2520 4367 3233 1125 
7277 4 0 2218 1927 3785 1178 
7278 4 0 2448 2424 3691 1439 
7279 4 0 3187 3341 3366 531 
7280 4 0 3479 3691 1819 2722 
7281 4 0 2349 1739 2416 2185 
7282 4 0 3036 686 680 685 
7283 4 0 3369 2801 1441 408 
7284 4 0 2801 4218 4630 408 
7285 4 0 2956 412 811 744 
7286 4 0 3147 1945 1805 2280 
7287 4 0 2021 3811 1172 1683 
7288 4 0 4622 2021 3811 1172 
7289 4 0 4373 2733 2687 4107 
7290 4 0 3605 1436 3948 4261 
7291 4 0 2803 2060 1544 1816 
7292 4 0 3588 2010 2464 3964 
7293 4 0 546 2413 3300 4491 
7294 4 0 546 4507 3229 4018 
7295 4 0 413 2272 4565 3464 
7296 4 0 2134 1810 1307 1808 
7297 4 0 3464 4565 4428 2272 
7298 4 0 2153 593 2210 3429 
7299 4 0 341 3394 331 2247 
7300 4 0 3429 2153 2413 2210 
7301 4 0 1032 1429 2111 3013 
7302 4 0 2814 2289 2022 4210 
7303 4 0 2698 1962 2072 2289 
7304 4 0 3808 1751 378 2064 
7305 4 0 1242 4514 2402 2660 
7306 4 0 147 2765 1260 556 
7307 4 0 2968 96 2881 3661 
7308 4 0 3690 2951 374 2115 
7309 4 0 2056 2064 1057 1622 
7310 4 0 2195 2393 2376 3104 
7311 4 0 2576 2877 3102 3180 
7312 4 0 2472 2289 2814 436 
7313 4 0 4005 2512 2570 2681 
7314 4 0 376 3110 2078 1290 
7315 4 0 1087 4375 545 2109 
7316 4 0 2654 3551 2159 689 
7317 4 0 2309 1969 3219 3433 
7318 4 0 48 1699 550 2443 
7319 4 0 1699 2858 2443 48 
7320 4 0 2443 1699 3036 555 
7321 4 0 3487 1663 2560 2807 
7322 4 0 3586 2824 2411 2089 
7323 4 0 2852 904 873 1674 
7324 4 0 1537 1553 2676 2586 
7325 4 0 480 1968 394 1915 
7326 4 0 904 1238 2852 873 
7327 4 0 1968 480 2340 1915 
7328 4 0 394 4045 480 3974 
7329 4 0 366 565 1474 2496 
7330 4 0 366 2496 1474 2309 
7331 4 0 2496 2309 2178 1474 
7332 4 0 1474 2496 2372 2178 
7333 4 0 1474 565 2372 2496 
7334 4 0 4100 362 2319 1969 
7335 4 0 81 80 2232 3205 
7336 4 0 2342 1893 525 1923 
7337 4 0 4351 3115 1800 2940 
7338 4 0 1979 3310 4060 4663 
7339 4 0 2815 376 1165 2246 
7340 4 0 3497 2246 2543 2815 
7341 4 0 422 1979 4060 4663 
7342 4 0 2035 648 2824 2843 
7343 4 0 2903 3933 2837 3247 
7344 4 0 3329 1042 2869 2556 
7345 4 0 132 2505 556 111 
7346 4 0 2259 490 2251 1915 
7347 4 0 3264 3736 1859 3329 
7348 4 0 2766 2653 4029 4173 
7349 4 0 3531 3396 3680 1576 
7350 4 0 2033 1576 4430 3531 
7351 4 0 2653 4029 2902 1730 
7352 4 0 3880 4259 2625 4585 
7353 4 0 1893 1165 1831 1127 
7354 4 0 1987 2536 2112 521 
7355 4 0 2056 1751 1057 2064 
7356 4 0 2319 362 4100 2955 
7357 4 0 2319 2955 555 362 
7358 4 0 744 1375 2197 2481 
7359 4 0 2113 894 3182 3225 
7360 4 0 2356 2113 2700 782 
7361 4 0 4113 780 436 1997 
7362 4 0 4558 2997 970 2784 
7363 4 0 2700 2113 2851 2135 
7364 4 0 2563 2937 1185 316 
7365 4 0 431 834 1550 2410 
7366 4 0 2563 1185 303 316 
7367 4 0 1752 1688 2098 4306 
7368 4 0 1716 997 367 1027 
7369 4 0 428 4594 1573 2167 
7370 4 0 1688 4306 497 2056 
7371 4 0 4291 959 2325 3352 
7372 4 0 2664 1781 552 3050 
7373 4 0 2862 4222 3653 1700 
7374 4 0 1341 4627 4228 2809 
7375 4 0 2809 3074 4627 4228 
7376 4 0 1626 4075 2885 2864 
7377 4 0 1021 2694 509 3061 
7378 4 0 3063 3372 4071 2158 
7379 4 0 4179 2556 1475 3446 
7380 4 0 1083 3911 4061 4036 
7381 4 0 904 2617 385 444 
7382 4 0 3184 1353 2090 3147 
7383 4 0 2503 2617 444 385 
7384 4 0 1834 1581 2690 3763 
7385 4 0 385 2717 2617 904 
7386 4 0 1834 516 4237 4602 
7387 4 0 4129 1509 196 2438 
7388 4 0 3843 4061 3911 4036 
7389 4 0 3691 2827 2589 1819 
7390 4 0 1438 1439 2448 3691 
7391 4 0 4118 3537 1402 3013 
7392 4 0 1007 2271 1008 2459 
7393 4 0 1412 3034 2650 3828 
7394 4 0 876 4049 2063 955 
7395 4 0 2362 2223 2999 771 
7396 4 0 1344 2783 3911 561 
7397 4 0 2098 4444 2056 1688 
7398 4 0 1344 3911 3439 561 
7399 4 0 449 3582 1466 1043 
7400 4 0 4285 4164 1894 1533 
7401 4 0 2497 2248 2779 2879 
7402 4 0 3698 2945 2447 1018 
7403 4 0 1078 2798 2339 3973 
7404 4 0 2447 3698 2147 2945 
7405 4 0 3973 1078 544 2339 
7406 4 0 2647 2812 2134 3751 
7407 4 0 2588 1082 213 185 
7408 4 0 3581 1082 2588 185 
7409 4 0 611 1984 2108 2135 
7410 4 0 611 2018 2491 2135 
7411 4 0 487 2027 2145 617 
7412 4 0 617 3420 487 2027 
7413 4 0 4499 3645 3676 2977 
7414 4 0 1933 2887 1940 1901 
7415 4 0 2910 4002 1495 373 
7416 4 0 4285 3251 1533 1894 
7417 4 0 543 3341 893 2895 
7418 4 0 1495 373 2173 2910 
7419 4 0 373 1103 1495 2173 
7420 4 0 2790 2379 2492 1466 
7421 4 0 2792 497 2224 3352 
7422 4 0 852 855 2668 1455 
7423 4 0 852 854 643 2668 
7424 4 0 3209 2274 4093 2290 
7425 4 0 852 854 2668 855 
7426 4 0 2213 2306 2575 2274 
7427 4 0 4153 3405 2868 2245 
7428 4 0 4153 2245 2868 3385 
7429 4 0 1445 2655 2503 2717 
7430 4 0 1606 3405 2868 4153 
7431 4 0 3447 2060 1173 2092 
7432 4 0 872 2038 2448 3167 
7433 4 0 2757 2689 3442 2785 
7434 4 0 4092 3669 1400 554 
7435 4 0 3966 554 1400 3669 
7436 4 0 1204 1353 402 3444 
7437 4 0 1040 2132 3601 3571 
7438 4 0 3246 3183 1812 3963 
7439 4 0 3246 3183 1810 1276 
7440 4 0 3601 1040 3994 2132 
7441 4 0 3601 1040 3852 3994 
7442 4 0 2623 650 2880 1797 
7443 4 0 462 1543 2532 3160 
7444 4 0 2532 4110 987 3802 
7445 4 0 2394 3520 3565 892 
7446 4 0 892 3520 3565 2069 
7447 4 0 2833 3154 3235 142 
7448 4 0 158 4599 4610 2723 
7449 4 0 4599 2723 2164 4610 
7450 4 0 3994 2106 3002 2506 
7451 4 0 880 3994 3601 3530 
7452 4 0 3570 3064 3648 2274 
7453 4 0 771 1676 2223 3669 
7454 4 0 2008 2158 2631 2031 
7455 4 0 495 4327 3324 2882 
7456 4 0 2671 2883 1022 2266 
7457 4 0 1969 2100 1397 2874 
7458 4 0 2883 1022 3730 2671 
7459 4 0 4170 3088 2849 2861 
7460 4 0 3160 462 3420 2532 
7461 4 0 3206 740 3886 571 
7462 4 0 2654 62 2159 71 
7463 4 0 471 479 4213 2057 
7464 4 0 3333 4367 3853 3233 
7465 4 0 592 2798 2050 2109 
7466 4 0 584 2798 452 592 
7467 4 0 1138 2726 2389 2881 
7468 4 0 2514 2345 3407 3823 
7469 4 0 3609 1116 4678 4445 
7470 4 0 3823 2514 1189 3407 
7471 4 0 621 4310 3823 1189 
7472 4 0 4073 2054 1827 1969 
7473 4 0 2319 1969 2676 4073 
7474 4 0 2467 2501 3005 4192 
7475 4 0 2219 480 2340 4681 
7476 4 0 3675 3586 2425 3406 
7477 4 0 3115 2153 593 585 
7478 4 0 3299 1142 2183 879 
7479 4 0 3299 1392 2183 1142 
7480 4 0 1392 2183 527 3299 
7481 4 0 1820 2311 3615 2157 
7482 4 0 3219 2944 2496 2309 
7483 4 0 2496 3441 2372 2178 
7484 4 0 658 1806 2394 2069 
7485 4 0 1806 2394 2018 658 
7486 4 0 2140 4592 1033 3562 
7487 4 0 2316 3424 2741 1555 
7488 4 0 2467 2928 2816 2017 
7489 4 0 768 56 4147 2848 
7490 4 0 768 45 2848 2186 
7491 4 0 1525 476 3111 3352 
7492 4 0 476 3111 3352 3453 
7493 4 0 1731 3287 3797 1741 
7494 4 0 1201 3578 654 3402 
7495 4 0 2412 2550 1958 862 
7496 4 0 2383 1718 4435 4049 
7497 4 0 891 464 2537 4537 
7498 4 0 2273 892 3520 1090 
7499 4 0 40 3105 2663 2592 
7500 4 0 2975 2687 643 3775 
7501 4 0 3757 2975 2687 4373 
7502 4 0 891 4537 2537 4382 
7503 4 0 2687 254 2975 643 
7504 4 0 2687 254 643 215 
7505 4 0 215 2668 643 2687 
7506 4 0 2192 3741 691 49 
7507 4 0 2662 49 2192 2244 
7508 4 0 1477 1478 714 556 
7509 4 0 982 3174 4682 120 
7510 4 0 497 3352 1622 3459 
7511 4 0 2857 2195 2522 1987 
7512 4 0 3173 3272 4368 3133 
7513 4 0 611 438 3664 4002 
7514 4 0 3664 4002 438 805 
7515 4 0 262 3785 255 3103 
7516 4 0 4439 4341 2691 724 
7517 4 0 3437 2597 2190 3785 
7518 4 0 4342 4698 3461 472 
7519 4 0 1484 4033 3493 2521 
7520 4 0 3305 1477 556 1478 
7521 4 0 556 1260 3305 1478 
7522 4 0 509 381 3532 2362 
7523 4 0 3827 3492 2838 4498 
7524 4 0 3121 4501 2301 2660 
7525 4 0 2472 1463 1361 2087 
7526 4 0 2998 3878 2668 3738 
7527 4 0 2697 1743 1617 3078 
7528 4 0 1086 3868 384 4493 
7529 4 0 683 2759 83 3633 
7530 4 0 74 2759 83 683 
7531 4 0 3036 1699 3019 3904 
7532 4 0 555 3904 3036 2586 
7533 4 0 3440 3070 1158 2389 
7534 4 0 3529 263 2181 251 
7535 4 0 1689 3656 1603 1601 
7536 4 0 3656 4681 1603 1601 
7537 4 0 2325 2399 904 960 
7538 4 0 1862 559 4182 1105 
7539 4 0 896 1862 559 4182 
7540 4 0 1986 3062 564 1754 
7541 4 0 1986 3062 376 564 
7542 4 0 4369 3218 2055 3357 
7543 4 0 3969 3246 3450 1155 
7544 4 0 2991 2280 2018 2690 
7545 4 0 2612 4407 1698 1696 
7546 4 0 1698 4407 2612 677 
7547 4 0 2237 1353 3184 2101 
7548 4 0 2670 4677 2093 799 
7549 4 0 4359 970 973 2417 
7550 4 0 4038 1690 3384 4206 
7551 4 0 3566 4028 1591 4038 
7552 4 0 1591 2027 3910 1936 
7553 4 0 2874 1827 3433 1969 
7554 4 0 3433 1969 3144 1516 
7555 4 0 2697 1990 2089 2927 
7556 4 0 2927 2089 3078 3622 
7557 4 0 2850 3473 1935 451 
7558 4 0 1538 2850 1935 451 
7559 4 0 3813 4675 3514 3014 
7560 4 0 952 1818 2282 777 
7561 4 0 2282 2267 3273 1873 
7562 4 0 1873 1818 2282 952 
7563 4 0 1519 1588 3116 3295 
7564 4 0 1519 3116 2205 1594 
7565 4 0 2148 2795 1635 2012 
7566 4 0 2101 2328 1203 1353 
7567 4 0 511 2902 974 2428 
7568 4 0 2902 2371 2428 1730 
7569 4 0 480 1915 3974 1233 
7570 4 0 3979 2315 362 646 
7571 4 0 1676 3351 4140 1747 
7572 4 0 511 3685 974 2902 
7573 4 0 3939 570 4568 2304 
7574 4 0 2211 4221 2463 2583 
7575 4 0 3456 3005 2501 4219 
7576 4 0 2316 2586 2676 2054 
7577 4 0 1924 1901 2331 3643 
7578 4 0 4345 2039 3325 3554 
7579 4 0 3615 1797 3788 3304 
7580 4 0 1520 4268 3260 3251 
7581 4 0 454 2067 2210 3429 
7582 4 0 1623 3112 2227 3308 
7583 4 0 2004 2689 947 2653 
7584 4 0 2911 1918 3037 1992 
7585 4 0 4022 509 3532 1458 
7586 4 0 3498 1406 2854 623 
7587 4 0 428 1162 4118 3263 
7588 4 0 428 3789 4118 1162 
7589 4 0 3498 2854 3545 623 
7590 4 0 546 4018 3429 545 
7591 4 0 25 1288 11 2759 
7592 4 0 25 1288 2759 33 
7593 4 0 872 3118 2481 4062 
7594 4 0 361 82 73 682 
7595 4 0 1400 554 3898 4092 
7596 4 0 3548 4092 554 2174 
7597 4 0 2238 650 3304 3912 
7598 4 0 2188 1821 2157 969 
7599 4 0 2537 3867 464 1049 
7600 4 0 553 1864 2492 4290 
7601 4 0 1864 3037 4290 553 
7602 4 0 553 3037 4290 3671 
7603 4 0 3671 2790 4290 553 
7604 4 0 553 4290 2492 2790 
7605 4 0 2647 2812 4618 4617 
7606 4 0 3567 3903 2964 2504 
7607 4 0 4524 1417 3643 4528 
7608 4 0 4618 2812 4619 4617 
7609 4 0 4080 4619 4618 2812 
7610 4 0 2315 2443 362 555 
7611 4 0 594 1339 3357 2859 
7612 4 0 4371 2264 864 4506 
7613 4 0 1371 3122 969 3220 
7614 4 0 1371 3122 4066 969 
7615 4 0 262 2597 255 3785 
7616 4 0 2885 2352 2067 455 
7617 4 0 3356 1625 481 4175 
7618 4 0 559 958 3500 896 
7619 4 0 2067 2352 454 455 
7620 4 0 481 3356 4290 1625 
7621 4 0 3138 4621 474 4639 
7622 4 0 2922 1892 1890 4215 
7623 4 0 4215 3567 2922 2907 
7624 4 0 2907 1892 2922 4215 
7625 4 0 3174 1729 4384 3638 
7626 4 0 2887 2784 4384 3302 
7627 4 0 3720 2057 3133 4368 
7628 4 0 2203 3041 2209 2575 
7629 4 0 2053 2998 3340 1619 
7630 4 0 1641 2998 3340 2053 
7631 4 0 2745 2698 2521 2289 
7632 4 0 2022 2745 1931 2521 
7633 4 0 1195 3349 4249 37 
7634 4 0 2443 64 362 683 
7635 4 0 3969 3577 3183 3954 
7636 4 0 403 1732 3969 658 
7637 4 0 4289 4181 3197 3185 
7638 4 0 4181 3185 2500 3197 
7639 4 0 1293 1287 1392 2525 
7640 4 0 3401 2092 1173 2789 
7641 4 0 3300 2413 2645 4491 
7642 4 0 2645 2755 4491 2413 
7643 4 0 2413 4491 3429 3421 
7644 4 0 2755 4491 2413 3421 
7645 4 0 4142 1430 769 3342 
7646 4 0 1536 293 302 2563 
7647 4 0 3308 205 243 1372 
7648 4 0 3196 1945 1807 3475 
7649 4 0 243 3308 3529 1385 
7650 4 0 1941 517 2155 435 
7651 4 0 4253 2929 3742 1396 
7652 4 0 3511 3919 3742 2929 
7653 4 0 2218 1850 2832 1178 
7654 4 0 3786 2477 2389 3500 
7655 4 0 4604 1945 4609 3475 
7656 4 0 2831 220 4258 3524 
7657 4 0 2685 2727 3914 3281 
7658 4 0 2287 2335 1929 461 
7659 4 0 3711 3116 1879 3120 
7660 4 0 1739 2361 2349 375 
7661 4 0 3646 2757 2785 3758 
7662 4 0 1059 493 3210 3564 
7663 4 0 1059 4192 493 3564 
7664 4 0 2519 1346 1581 2530 
7665 4 0 566 3526 2574 4291 
7666 4 0 1202 3288 517 2160 
7667 4 0 4690 1740 2758 3428 
7668 4 0 305 2380 1211 321 
7669 4 0 804 3726 2662 2191 
7670 4 0 2220 3492 2370 2045 
7671 4 0 2220 2045 2370 3371 
7672 4 0 3492 2456 2045 1210 
7673 4 0 1667 2870 485 1169 
7674 4 0 2728 2413 4189 2153 
7675 4 0 2812 2130 2202 1414 
7676 4 0 2934 800 2481 2956 
7677 4 0 3751 2647 2812 4080 
7678 4 0 4618 4080 2812 2647 
7679 4 0 2697 1618 1743 3359 
7680 4 0 1949 2647 556 2130 
7681 4 0 2500 3197 2008 3322 
7682 4 0 3037 2204 1864 4290 
7683 4 0 2563 2937 316 337 
7684 4 0 1332 2396 2449 810 
7685 4 0 1332 3401 2789 2396 
7686 4 0 810 1332 2396 3401 
7687 4 0 1332 2789 4006 2396 
7688 4 0 2018 1807 3475 1806 
7689 4 0 1806 2069 3475 2394 
7690 4 0 1332 2449 2396 4006 
7691 4 0 4314 3415 3308 430 
7692 4 0 2998 3308 430 4314 
7693 4 0 3691 3829 4632 934 
7694 4 0 685 2004 1108 1251 
7695 4 0 685 2004 3036 1108 
7696 4 0 2410 2577 1930 2201 
7697 4 0 953 2689 2467 2761 
7698 4 0 2467 2928 953 2761 
7699 4 0 3192 642 4271 1325 
7700 4 0 1102 2665 2388 2022 
7701 4 0 3075 4229 363 4217 
7702 4 0 1818 2521 571 4033 
7703 4 0 2138 2742 2844 4455 
7704 4 0 3075 4135 363 4229 
7705 4 0 1525 3697 3352 3111 
7706 4 0 2244 49 2192 681 
7707 4 0 3741 49 2192 2662 
7708 4 0 480 2251 2219 4141 
7709 4 0 4681 2340 4679 1464 
7710 4 0 1824 3394 1821 2307 
7711 4 0 184 1751 378 3808 
7712 4 0 2510 4057 960 2094 
7713 4 0 385 2094 2510 960 
7714 4 0 184 3808 378 3470 
7715 4 0 1708 2370 1894 2561 
7716 4 0 4285 1708 1894 4164 
7717 4 0 4275 2932 3307 4160 
7718 4 0 2348 4285 1708 1894 
7719 4 0 2349 3307 2361 2185 
7720 4 0 603 385 2190 1885 
7721 4 0 2785 3036 2586 2428 
7722 4 0 4487 519 170 1701 
7723 4 0 519 2829 2058 4487 
7724 4 0 2489 2453 2209 3041 
7725 4 0 2126 2453 4169 445 
7726 4 0 3461 3934 1107 2906 
7727 4 0 1337 3934 1107 3461 
7728 4 0 4269 2825 437 3284 
7729 4 0 4269 2414 3284 1476 
7730 4 0 2886 1476 4269 3284 
7731 4 0 2757 2785 3758 2316 
7732 4 0 2699 289 399 755 
7733 4 0 3931 3097 616 2436 
7734 4 0 1724 515 2164 1307 
7735 4 0 1307 515 2164 513 
7736 4 0 2018 1353 2643 2135 
7737 4 0 1945 3290 3196 2800 
7738 4 0 4250 4369 4191 1595 
7739 4 0 2814 2606 2472 1997 
7740 4 0 4075 2885 4500 2459 
7741 4 0 2264 1912 2153 4018 
7742 4 0 1761 3606 1388 3076 
7743 4 0 3777 1761 3076 2938 
7744 4 0 2938 1761 3076 3606 
7745 4 0 1522 396 462 1592 
7746 4 0 2192 3741 2696 1941 
7747 4 0 3344 3741 2455 4071 
7748 4 0 1968 1816 1600 1915 
7749 4 0 4612 4615 366 4590 
7750 4 0 4615 1555 4612 366 
7751 4 0 4261 3948 2954 2475 
7752 4 0 2373 4137 2037 2773 
7753 4 0 2032 1029 1360 2740 
7754 4 0 2089 2523 2824 4486 
7755 4 0 2901 2395 774 3281 
7756 4 0 2162 2673 4575 4569 
7757 4 0 4269 3469 2806 3269 
7758 4 0 2728 4189 4506 2112 
7759 4 0 1912 488 2009 2153 
7760 4 0 2009 1912 2153 2264 
7761 4 0 1945 4601 4604 3392 
7762 4 0 4601 1347 1945 4604 
7763 4 0 4037 2462 1962 599 
7764 4 0 1653 3770 3306 2462 
7765 4 0 4037 599 1654 2462 
7766 4 0 4037 1654 1653 2462 
7767 4 0 2419 2594 1596 2338 
7768 4 0 496 1741 3466 1731 
7769 4 0 496 3196 3466 1741 
7770 4 0 115 3966 3727 4577 
7771 4 0 115 3727 2674 4577 
7772 4 0 3199 3600 2843 3371 
7773 4 0 4017 1527 379 416 
7774 4 0 4155 648 387 2253 
7775 4 0 892 2723 121 2737 
7776 4 0 2623 2114 2963 2938 
7777 4 0 2152 1899 3113 1983 
7778 4 0 2240 2152 3113 1983 
7779 4 0 2754 4597 1346 2897 
7780 4 0 2218 3785 4194 1179 
7781 4 0 3954 192 3224 913 
7782 4 0 2928 1978 3680 2757 
7783 4 0 113 2064 139 3942 
7784 4 0 3222 3786 2389 3500 
7785 4 0 2715 3222 3786 3690 
7786 4 0 139 3942 2064 1106 
7787 4 0 2757 3873 3330 2741 
7788 4 0 4479 3791 3733 3760 
7789 4 0 477 1622 2677 2792 
7790 4 0 3064 2453 3567 702 
7791 4 0 3812 4188 4211 2535 
7792 4 0 1615 4479 3733 3760 
7793 4 0 3464 1944 2272 4428 
7794 4 0 2011 418 1600 1804 
7795 4 0 2775 2714 4453 1270 
7796 4 0 2589 1771 3610 527 
7797 4 0 3086 649 435 3741 
7798 4 0 1214 2551 4304 1798 
7799 4 0 3086 3685 510 511 
7800 4 0 1448 2424 1440 2972 
7801 4 0 3479 2424 2972 1440 
7802 4 0 1214 2551 1798 3457 
7803 4 0 2406 3047 3955 3291 
7804 4 0 1214 2551 3457 4296 
7805 4 0 1622 2056 4697 1057 
7806 4 0 89 4264 92 2359 
7807 4 0 1462 1367 3158 3689 
7808 4 0 2758 1033 3003 2511 
7809 4 0 1253 3931 3764 673 
7810 4 0 3164 3931 673 3764 
7811 4 0 1831 525 1893 1923 
7812 4 0 1171 4407 677 2612 
7813 4 0 2197 4001 389 2396 
7814 4 0 974 3243 2371 2902 
7815 4 0 2902 2663 3243 2371 
7816 4 0 511 2902 3036 2592 
7817 4 0 1171 2612 677 3530 
7818 4 0 2819 4214 2230 3886 
7819 4 0 814 2741 3873 3758 
7820 4 0 3057 1094 2895 1148 
7821 4 0 3341 3635 893 2895 
7822 4 0 2187 3635 943 3341 
7823 4 0 2551 2495 2546 3132 
7824 4 0 2910 4374 3364 1063 
7825 4 0 2588 1365 2644 185 
7826 4 0 3868 4337 4493 4417 
7827 4 0 1841 3617 1382 2983 
7828 4 0 4425 2289 3391 2814 
7829 4 0 49 2662 3741 2297 
7830 4 0 2140 1033 2770 3562 
7831 4 0 1033 769 2770 1921 
7832 4 0 1033 4592 2140 769 
7833 4 0 1841 3617 3684 1382 
7834 4 0 318 300 3140 315 
7835 4 0 517 365 3391 2124 
7836 4 0 531 3769 1879 3781 
7837 4 0 616 3931 673 3164 
7838 4 0 3496 4585 2905 2777 
7839 4 0 939 2905 364 2095 
7840 4 0 1195 59 4249 3349 
7841 4 0 4198 1388 2695 3606 
7842 4 0 2540 3287 3314 2196 
7843 4 0 2695 1388 1761 3606 
7844 4 0 2642 1917 2363 599 
7845 4 0 2675 2784 3215 2436 
7846 4 0 3459 2052 3501 1584 
7847 4 0 3376 3327 4345 4068 
7848 4 0 1230 1292 2742 2263 
7849 4 0 1270 4453 2606 2714 
7850 4 0 4676 3268 2473 1673 
7851 4 0 2657 4282 1650 392 
7852 4 0 3268 801 2473 1673 
7853 4 0 1959 943 2011 3840 
7854 4 0 1959 2011 4060 3840 
7855 4 0 3599 3346 154 2096 
7856 4 0 3599 3548 3346 2096 
7857 4 0 3534 1594 1194 1519 
7858 4 0 3115 563 3406 2633 
7859 4 0 2711 2884 538 456 
7860 4 0 563 4018 2512 2633 
7861 4 0 37 2171 1195 3117 
7862 4 0 2483 1694 3001 1698 
7863 4 0 2846 2483 1694 3001 
7864 4 0 683 54 2759 48 
7865 4 0 687 37 1288 2171 
7866 4 0 2171 3117 37 1288 
7867 4 0 3036 685 2653 2004 
7868 4 0 2653 2689 947 493 
7869 4 0 4384 2887 2379 2784 
7870 4 0 2587 2142 4194 904 
7871 4 0 3186 2587 603 2142 
7872 4 0 1400 4092 4090 3669 
7873 4 0 3158 1822 1355 1942 
7874 4 0 2613 904 4194 2142 
7875 4 0 1822 3689 2157 1462 
7876 4 0 4290 3638 4384 3799 
7877 4 0 2887 3799 4290 4384 
7878 4 0 3482 2196 3287 2664 
7879 4 0 1852 3785 4695 3437 
7880 4 0 2506 2106 3194 2131 
7881 4 0 3428 1740 2106 526 
7882 4 0 3174 4384 3302 2887 
7883 4 0 801 3268 4416 1289 
7884 4 0 4416 3110 1289 3268 
7885 4 0 62 71 2317 2159 
7886 4 0 2191 3726 2662 2022 
7887 4 0 317 4041 1462 2666 
7888 4 0 2988 2132 2368 2628 
7889 4 0 3852 3817 4293 2988 
7890 4 0 686 2955 680 683 
7891 4 0 2495 3080 2989 2599 
7892 4 0 350 4625 354 3432 
7893 4 0 377 1933 2783 3513 
7894 4 0 2135 1945 2018 2991 
7895 4 0 1787 2991 3625 1611 
7896 4 0 2914 2743 459 539 
7897 4 0 2341 2418 4260 3069 
7898 4 0 4260 701 2341 3069 
7899 4 0 1747 1722 1991 1400 
7900 4 0 2992 3497 3331 3367 
7901 4 0 1190 3835 2502 2829 
7902 4 0 2872 756 2630 1542 
7903 4 0 1190 3835 2829 4487 
7904 4 0 2829 4487 841 1190 
7905 4 0 2843 1368 3600 3199 
7906 4 0 3394 400 3603 1642 
7907 4 0 1373 3394 3603 1642 
7908 4 0 2047 2061 2246 228 
7909 4 0 4171 2348 1894 2884 
7910 4 0 960 2399 385 959 
7911 4 0 364 942 2950 4494 
7912 4 0 3841 3727 93 115 
7913 4 0 2674 115 93 3727 
7914 4 0 2977 4499 3320 3830 
7915 4 0 2008 369 2487 2500 
7916 4 0 2889 3880 369 939 
7917 4 0 3372 2572 4151 3063 
7918 4 0 3184 1353 3147 3149 
7919 4 0 2690 1835 2991 2280 
7920 4 0 654 4553 4235 3578 
7921 4 0 1668 3729 1983 2552 
7922 4 0 2804 2454 1497 3737 
7923 4 0 2694 2045 2901 2421 
7924 4 0 2694 509 2901 1021 
7925 4 0 2346 4318 4413 4301 
7926 4 0 1932 1864 2911 3327 
7927 4 0 1368 670 3600 4340 
7928 4 0 1369 1368 670 2843 
7929 4 0 2410 2982 2577 2201 
7930 4 0 2982 532 3266 1322 
7931 4 0 264 3367 2543 239 
7932 4 0 239 2543 2104 3367 
7933 4 0 2969 2701 4062 1263 
7934 4 0 4062 2701 2292 1263 
7935 4 0 1276 474 1810 2514 
7936 4 0 1212 444 2285 2404 
7937 4 0 1239 2820 2233 2969 
7938 4 0 1397 4 2590 687 
7939 4 0 4 2100 1397 1969 
7940 4 0 3066 3634 3333 3720 
7941 4 0 2712 2340 1968 2616 
7942 4 0 2789 1816 2092 2060 
7943 4 0 2721 2448 3401 3506 
7944 4 0 1372 4314 3529 3308 
7945 4 0 283 2866 293 1285 
7946 4 0 1954 3806 3760 1390 
7947 4 0 1954 3247 3760 3806 
7948 4 0 913 1154 3883 3246 
7949 4 0 1396 2409 3742 4253 
7950 4 0 1400 4253 3742 2409 
7951 4 0 3877 2409 4253 3193 
7952 4 0 2261 413 2770 2140 
7953 4 0 2223 2024 1920 4102 
7954 4 0 3466 3287 1727 1731 
7955 4 0 951 2236 3018 3170 
7956 4 0 3466 2540 1727 3287 
7957 4 0 2120 2579 1469 1594 
7958 4 0 1076 3665 4417 4337 
7959 4 0 1075 3068 1076 3665 
7960 4 0 1076 1075 3665 4337 
7961 4 0 2468 2311 1820 2157 
7962 4 0 2185 2581 3516 4588 
7963 4 0 2185 4588 3516 4016 
7964 4 0 2780 1476 2886 3284 
7965 4 0 2647 1414 2812 4617 
7966 4 0 3031 1476 2886 2780 
7967 4 0 4262 3270 1648 2609 
7968 4 0 599 2328 2085 3184 
7969 4 0 2748 3626 572 2840 
7970 4 0 4210 3445 3412 2022 
7971 4 0 2450 1415 2620 2255 
7972 4 0 2304 3939 1129 876 
7973 4 0 2024 370 1920 4102 
7974 4 0 2161 521 2121 2210 
7975 4 0 521 2121 2210 2536 
7976 4 0 392 4141 2219 2251 
7977 4 0 1139 376 2246 1165 
7978 4 0 2542 2665 3726 1496 
7979 4 0 2542 777 1746 2282 
7980 4 0 3736 12 1859 7 
7981 4 0 2567 21 12 2392 
7982 4 0 2435 1286 627 628 
7983 4 0 2837 2903 3760 1614 
7984 4 0 862 1620 2412 2550 
7985 4 0 3093 4543 3328 3947 
7986 4 0 2890 4543 3328 3093 
7987 4 0 3947 4564 1837 3093 
7988 4 0 4564 4543 3093 3947 
7989 4 0 529 4330 2982 3266 
7990 4 0 2220 4400 4383 3492 
7991 4 0 4383 3492 3320 2220 
7992 4 0 3912 3304 2238 969 
7993 4 0 3912 2188 3304 969 
7994 4 0 937 391 1770 938 
7995 4 0 1770 525 937 965 
7996 4 0 3183 3954 913 3969 
7997 4 0 1852 2587 3785 3437 
7998 4 0 4218 3449 2240 3113 
7999 4 0 1060 1748 2229 3254 
8000 4 0 2753 1871 2230 2169 
8001 4 0 2229 3254 3177 1492 
8002 4 0 2235 2057 631 471 
8003 4 0 2316 2480 3424 1555 
8004 4 0 2832 1927 3751 2218 
8005 4 0 2851 1581 2823 1997 
8006 4 0 952 3217 493 2087 
8007 4 0 493 952 947 1264 
8008 4 0 777 3217 1746 952 
8009 4 0 2220 3492 2045 1210 
8010 4 0 2456 2045 1210 2421 
8011 4 0 2366 193 2831 176 
8012 4 0 2366 2831 2320 176 
8013 4 0 682 42 63 51 
8014 4 0 682 42 82 73 
8015 4 0 2798 2933 1080 3673 
8016 4 0 3673 2845 2798 2933 
8017 4 0 2859 2258 3326 3823 
8018 4 0 63 42 682 73 
8019 4 0 2890 821 3018 4519 
8020 4 0 4060 3970 3987 3840 
8021 4 0 3827 3492 441 1303 
8022 4 0 2778 3827 1303 1262 
8023 4 0 929 2692 1556 3523 
8024 4 0 2692 3523 3313 1556 
8025 4 0 1673 904 4676 3268 
8026 4 0 2158 3372 2631 2731 
8027 4 0 1347 1945 4604 1348 
8028 4 0 3118 860 2396 2969 
8029 4 0 1397 4 1969 2590 
8030 4 0 3446 3670 3425 4347 
8031 4 0 1008 1007 3362 2271 
8032 4 0 4160 4263 2932 1296 
8033 4 0 3307 2349 2932 2185 
8034 4 0 4275 3022 3307 2932 
8035 4 0 4160 4263 4275 2932 
8036 4 0 3108 2518 1649 2515 
8037 4 0 3108 3981 2518 2515 
8038 4 0 3691 3458 1439 3479 
8039 4 0 2800 3527 2280 3025 
8040 4 0 4632 3458 1439 3691 
8041 4 0 1294 1949 3145 4083 
8042 4 0 3801 3978 1043 3822 
8043 4 0 2611 2977 2762 4499 
8044 4 0 2762 3645 4499 2977 
8045 4 0 1344 3439 3793 561 
8046 4 0 1043 3822 3978 4096 
8047 4 0 2272 414 1920 413 
8048 4 0 3793 3439 1609 561 
8049 4 0 3355 4270 3029 183 
8050 4 0 2336 571 3206 2521 
8051 4 0 740 2735 3782 3206 
8052 4 0 2687 3878 4190 2668 
8053 4 0 2733 4107 3878 2687 
8054 4 0 950 3001 880 2132 
8055 4 0 2721 2043 3506 479 
8056 4 0 1149 2514 1067 4447 
8057 4 0 2851 2823 3093 576 
8058 4 0 406 374 4233 1461 
8059 4 0 1014 3134 2260 610 
8060 4 0 2024 1794 1991 1747 
8061 4 0 499 495 2684 3680 
8062 4 0 2383 1718 4364 1312 
8063 4 0 2180 613 2651 2057 
8064 4 0 4445 1116 4678 1675 
8065 4 0 900 1130 1131 874 
8066 4 0 3842 1675 2170 4445 
8067 4 0 1131 874 3269 900 
8068 4 0 4445 1675 2170 1116 
8069 4 0 4049 1718 4364 2383 
8070 4 0 3760 2837 1839 3247 
8071 4 0 4405 3381 671 3416 
8072 4 0 3882 3760 3804 1390 
8073 4 0 1839 3760 2579 1594 
8074 4 0 1962 2698 2072 2462 
8075 4 0 3626 2748 2364 2993 
8076 4 0 3057 3381 4405 3416 
8077 4 0 2467 3680 2757 2928 
8078 4 0 3161 2654 50 3953 
8079 4 0 1264 2267 1488 2282 
8080 4 0 2267 13 1488 3503 
8081 4 0 3380 3813 2354 4675 
8082 4 0 3273 3503 2282 2970 
8083 4 0 2267 1750 1488 13 
8084 4 0 4409 3161 50 3953 
8085 4 0 2654 50 62 3161 
8086 4 0 810 3604 4098 1375 
8087 4 0 3604 1375 744 412 
8088 4 0 844 1572 383 513 
8089 4 0 1573 4312 2802 3368 
8090 4 0 576 2672 2108 506 
8091 4 0 2297 2191 2662 2738 
8092 4 0 4460 3601 3530 1166 
8093 4 0 2542 2282 1488 1496 
8094 4 0 2282 1746 2542 1488 
8095 4 0 1862 1139 4182 896 
8096 4 0 2364 963 2637 3218 
8097 4 0 2055 1595 963 3218 
8098 4 0 1282 1720 4139 1460 
8099 4 0 1460 1720 4139 2942 
8100 4 0 2570 3788 2188 3615 
8101 4 0 944 4372 416 2325 
8102 4 0 3784 944 4372 416 
8103 4 0 2647 1808 2134 2812 
8104 4 0 1405 1862 3043 562 
8105 4 0 2340 4429 2712 2060 
8106 4 0 4519 821 3162 2890 
8107 4 0 821 3162 2890 4557 
8108 4 0 3934 1107 2658 2463 
8109 4 0 3201 1797 2880 2808 
8110 4 0 3743 3749 1569 3270 
8111 4 0 1763 4346 1387 439 
8112 4 0 3221 3035 2638 393 
8113 4 0 1215 2324 3221 2638 
8114 4 0 1763 441 439 1387 
8115 4 0 720 2944 2129 1508 
8116 4 0 2936 3433 1128 2944 
8117 4 0 2944 3433 1128 2309 
8118 4 0 2689 2467 2757 953 
8119 4 0 2689 2229 2761 1361 
8120 4 0 2138 2742 4455 4423 
8121 4 0 2407 2049 2148 428 
8122 4 0 2148 2049 4118 428 
8123 4 0 2924 412 744 809 
8124 4 0 2550 1958 430 1993 
8125 4 0 387 2998 430 2550 
8126 4 0 2999 2174 430 2998 
8127 4 0 470 1387 1001 202 
8128 4 0 1712 4077 3977 1898 
8129 4 0 2628 518 1963 2132 
8130 4 0 2439 950 1903 2628 
8131 4 0 2089 2385 3932 3129 
8132 4 0 2525 2605 623 2854 
8133 4 0 3949 2719 3617 2771 
8134 4 0 2498 2265 536 1974 
8135 4 0 2265 2796 2498 536 
8136 4 0 2229 3254 1748 3177 
8137 4 0 4546 2704 2745 2507 
8138 4 0 2745 2704 4037 2507 
8139 4 0 3948 2116 2065 3082 
8140 4 0 3948 1435 3082 2065 
8141 4 0 2948 2624 1958 2412 
8142 4 0 2942 473 2514 2175 
8143 4 0 3800 992 1599 234 
8144 4 0 2422 2947 3323 3708 
8145 4 0 2624 2550 1958 2412 
8146 4 0 3929 3152 3197 4081 
8147 4 0 4081 3929 3322 3197 
8148 4 0 3818 4516 2672 3423 
8149 4 0 3496 4573 4584 2950 
8150 4 0 2578 1338 2463 473 
8151 4 0 4494 1649 2950 4584 
8152 4 0 1242 2226 3094 2230 
8153 4 0 2301 2226 3094 1242 
8154 4 0 2751 251 231 3665 
8155 4 0 3911 1796 244 1083 
8156 4 0 2983 3411 3617 1382 
8157 4 0 2630 1543 1542 756 
8158 4 0 2942 2070 490 1812 
8159 4 0 2165 2870 2204 3327 
8160 4 0 2952 4573 4584 3496 
8161 4 0 2719 2034 508 489 
8162 4 0 1064 3647 3217 1746 
8163 4 0 1741 1728 3454 3047 
8164 4 0 505 2413 2728 2210 
8165 4 0 2011 3840 943 1815 
8166 4 0 943 3840 2193 1815 
8167 4 0 1091 2273 3520 1090 
8168 4 0 2649 1091 3520 1090 
8169 4 0 3520 2273 1091 4158 
8170 4 0 2643 3096 2986 3436 
8171 4 0 3214 566 4291 1598 
8172 4 0 1057 1751 1056 2064 
8173 4 0 659 4070 2631 2405 
8174 4 0 3709 1584 4309 3171 
8175 4 0 1577 1202 4583 2160 
8176 4 0 3794 3059 3067 3559 
8177 4 0 938 3059 3794 3559 
8178 4 0 1675 1116 4678 2093 
8179 4 0 169 582 583 3060 
8180 4 0 4597 2754 4608 2897 
8181 4 0 2188 1744 2570 3122 
8182 4 0 1744 3788 2188 2570 
8183 4 0 3075 2004 3476 1783 
8184 4 0 4034 2441 388 2259 
8185 4 0 2919 3234 3649 2986 
8186 4 0 3436 2919 2986 3234 
8187 4 0 385 2190 3321 4307 
8188 4 0 347 337 2937 355 
8189 4 0 4386 3004 1944 3023 
8190 4 0 1289 3110 2078 3268 
8191 4 0 3314 3287 2540 3466 
8192 4 0 3926 3287 1731 1727 
8193 4 0 4153 4380 2251 1150 
8194 4 0 886 508 1014 489 
8195 4 0 549 839 417 3989 
8196 4 0 2032 3352 3459 4017 
8197 4 0 3269 2573 3469 570 
8198 4 0 3881 3160 1535 1645 
8199 4 0 489 3280 886 2719 
8200 4 0 1960 3280 489 2616 
8201 4 0 1180 3723 3272 4689 
8202 4 0 138 1775 378 3255 
8203 4 0 4689 1180 3723 4625 
8204 4 0 138 3255 4444 899 
8205 4 0 2712 4681 1464 2340 
8206 4 0 1464 2712 2340 4401 
8207 4 0 648 2824 4246 3359 
8208 4 0 4445 3609 1116 2510 
8209 4 0 3842 4445 4057 798 
8210 4 0 2350 2966 3588 3839 
8211 4 0 395 4479 3791 4108 
8212 4 0 2415 772 3588 2010 
8213 4 0 2350 3588 4550 3839 
8214 4 0 2966 2111 3013 2049 
8215 4 0 3760 3791 395 4479 
8216 4 0 2824 2495 2843 648 
8217 4 0 2823 2851 1997 3182 
8218 4 0 2269 3182 1463 2714 
8219 4 0 3182 1463 1997 2823 
8220 4 0 4108 395 2713 3791 
8221 4 0 11 686 25 1108 
8222 4 0 2363 2085 2031 599 
8223 4 0 2448 1375 2481 3118 
8224 4 0 2448 2956 2481 1375 
8225 4 0 2080 4078 3619 561 
8226 4 0 1917 2363 2085 1327 
8227 4 0 4246 4296 2824 648 
8228 4 0 2436 3302 1568 500 
8229 4 0 2640 500 3302 2436 
8230 4 0 1386 1389 441 3563 
8231 4 0 1819 2553 3610 407 
8232 4 0 4619 2812 1660 1661 
8233 4 0 2942 473 2791 2514 
8234 4 0 2803 2610 4622 1302 
8235 4 0 272 2335 755 2025 
8236 4 0 2335 399 755 2287 
8237 4 0 4310 3407 247 3326 
8238 4 0 3326 3407 3823 4310 
8239 4 0 2901 3597 3914 774 
8240 4 0 3836 3640 4013 3203 
8241 4 0 509 2901 4174 2421 
8242 4 0 2901 2787 4174 2421 
8243 4 0 1288 19 3117 28 
8244 4 0 2668 4155 2687 3878 
8245 4 0 3297 2060 2217 2772 
8246 4 0 3688 558 884 2189 
8247 4 0 773 558 2189 170 
8248 4 0 558 3688 773 2189 
8249 4 0 776 558 884 3688 
8250 4 0 1759 558 776 3688 
8251 4 0 2301 2226 4536 4165 
8252 4 0 2301 3121 3094 1084 
8253 4 0 4110 1390 3802 1592 
8254 4 0 2922 3790 2151 3903 
8255 4 0 4045 4628 2442 3587 
8256 4 0 4045 2442 3974 394 
8257 4 0 2468 4231 2671 2266 
8258 4 0 4045 480 3974 1277 
8259 4 0 554 2343 2876 155 
8260 4 0 3929 3039 1907 2909 
8261 4 0 3333 2520 2995 4213 
8262 4 0 3152 3929 1907 2909 
8263 4 0 384 2778 2588 1262 
8264 4 0 3941 1506 3635 3252 
8265 4 0 3075 1961 1315 3632 
8266 4 0 2362 2361 375 3054 
8267 4 0 2668 2362 1930 2253 
8268 4 0 509 2668 3460 381 
8269 4 0 4334 3400 2727 2901 
8270 4 0 3281 2685 2727 4334 
8271 4 0 4334 2727 3281 2901 
8272 4 0 4334 439 3400 2901 
8273 4 0 4230 2457 4257 3228 
8274 4 0 2761 3228 2928 2294 
8275 4 0 4438 597 2457 3228 
8276 4 0 3830 3676 3673 2303 
8277 4 0 4499 3830 2977 3676 
8278 4 0 3830 3676 2303 2977 
8279 4 0 600 842 2920 3253 
8280 4 0 1933 481 2826 1940 
8281 4 0 481 4175 1046 982 
8282 4 0 1962 3149 599 2072 
8283 4 0 2189 1608 1940 1046 
8284 4 0 2049 2758 426 2106 
8285 4 0 2157 2188 3304 3615 
8286 4 0 1372 3529 4314 3572 
8287 4 0 3230 2963 2623 3689 
8288 4 0 2979 1572 2912 141 
8289 4 0 3141 120 2369 3174 
8290 4 0 4641 381 3946 3089 
8291 4 0 2601 3174 1568 3302 
8292 4 0 3140 282 315 292 
8293 4 0 3251 4268 3260 1894 
8294 4 0 3812 1416 2867 4188 
8295 4 0 2867 1416 3812 3536 
8296 4 0 1093 2982 1147 541 
8297 4 0 3175 2885 2067 538 
8298 4 0 3831 4262 1648 3516 
8299 4 0 2526 4335 466 652 
8300 4 0 2133 2333 2641 2548 
8301 4 0 2081 692 4106 453 
8302 4 0 509 1930 2668 381 
8303 4 0 1031 2254 2398 11 
8304 4 0 2581 3152 1548 1473 
8305 4 0 2581 2909 3152 1473 
8306 4 0 3152 4474 1548 1473 
8307 4 0 3141 1568 2436 2601 
8308 4 0 3094 2985 4165 1084 
8309 4 0 3152 1907 4474 1473 
8310 4 0 1473 2909 3152 1907 
8311 4 0 1841 3617 1011 2198 
8312 4 0 902 2654 2184 690 
8313 4 0 3840 3120 1959 2187 
8314 4 0 3120 3295 3116 1879 
8315 4 0 2686 4345 3595 3554 
8316 4 0 4210 3445 4425 3412 
8317 4 0 778 3445 4425 4210 
8318 4 0 4210 778 3445 2388 
8319 4 0 720 1508 2129 2959 
8320 4 0 367 1028 3100 2294 
8321 4 0 657 3096 2557 2986 
8322 4 0 657 2557 2919 2986 
8323 4 0 2877 367 997 3100 
8324 4 0 3604 412 996 4098 
8325 4 0 2924 3604 412 1036 
8326 4 0 1355 3798 668 3158 
8327 4 0 3798 3158 1479 668 
8328 4 0 2483 2846 3576 2132 
8329 4 0 1196 1314 4468 2908 
8330 4 0 1196 2871 1314 2908 
8331 4 0 3501 3459 3454 2912 
8332 4 0 3079 904 4676 1673 
8333 4 0 3225 898 894 3499 
8334 4 0 772 3790 2922 1890 
8335 4 0 2521 2698 2455 2289 
8336 4 0 3741 2455 517 2662 
8337 4 0 517 2455 2289 2662 
8338 4 0 1844 1993 3467 3486 
8339 4 0 3055 2987 393 3615 
8340 4 0 1566 4259 2322 4573 
8341 4 0 2844 2322 1566 2836 
8342 4 0 2566 3627 4251 1622 
8343 4 0 1048 3867 2990 1049 
8344 4 0 3051 2534 2427 2656 
8345 4 0 2793 4301 1793 2377 
8346 4 0 2238 2963 3689 2623 
8347 4 0 4279 3241 3703 4393 
8348 4 0 2238 3695 2963 2623 
8349 4 0 4279 3703 3241 3681 
8350 4 0 2902 3105 4173 2592 
8351 4 0 3454 2386 513 2709 
8352 4 0 3627 2172 2912 3250 
8353 4 0 2515 2600 2568 1679 
8354 4 0 4073 2955 4099 2428 
8355 4 0 2586 4073 2428 2955 
8356 4 0 539 530 2671 1022 
8357 4 0 2914 2996 2743 539 
8358 4 0 2996 539 3236 1022 
8359 4 0 513 2164 844 512 
8360 4 0 1134 386 1133 2014 
8361 4 0 3743 4586 1569 3749 
8362 4 0 645 2667 3137 2692 
8363 4 0 443 3749 3434 4586 
8364 4 0 438 3475 4440 2394 
8365 4 0 2875 837 2641 584 
8366 4 0 1911 1993 837 2641 
8367 4 0 451 3692 3386 2850 
8368 4 0 614 3386 451 2081 
8369 4 0 3386 3692 451 2081 
8370 4 0 614 451 3386 2850 
8371 4 0 572 2840 3032 2748 
8372 4 0 2441 457 1803 2260 
8373 4 0 2994 2492 3612 1934 
8374 4 0 3422 414 1554 4396 
8375 4 0 3201 2808 2604 2311 
8376 4 0 300 292 3140 315 
8377 4 0 4187 2372 716 715 
8378 4 0 715 716 4614 2372 
8379 4 0 2996 3833 3236 3959 
8380 4 0 196 4623 4621 3016 
8381 4 0 197 4621 4623 1927 
8382 4 0 537 384 2588 1262 
8383 4 0 205 1623 3679 3308 
8384 4 0 686 3142 1108 11 
8385 4 0 2190 4194 3785 3103 
8386 4 0 3437 3785 2190 2587 
8387 4 0 2334 2597 2190 3437 
8388 4 0 3470 619 567 3808 
8389 4 0 2903 2837 3760 3247 
8390 4 0 619 3470 2064 3808 
8391 4 0 2490 3722 2427 659 
8392 4 0 2192 3741 2455 3344 
8393 4 0 1536 2563 283 293 
8394 4 0 4463 3604 810 4001 
8395 4 0 4286 3377 2861 2918 
8396 4 0 537 3355 742 1359 
8397 4 0 537 2548 3355 3868 
8398 4 0 2572 3372 2427 4070 
8399 4 0 2771 3298 2198 2853 
8400 4 0 2032 3501 2386 4309 
8401 4 0 3001 1694 4146 1696 
8402 4 0 3001 1963 2846 2132 
8403 4 0 3001 2537 1900 1963 
8404 4 0 1480 2420 1587 1876 
8405 4 0 3392 4609 3196 3292 
8406 4 0 464 1963 2236 3121 
8407 4 0 847 1110 1112 3303 
8408 4 0 2779 2497 4135 1715 
8409 4 0 2497 1715 4229 4135 
8410 4 0 3051 2769 4554 3722 
8411 4 0 4460 3994 1578 3002 
8412 4 0 3516 371 2416 2185 
8413 4 0 3516 2185 4016 371 
8414 4 0 2184 4177 3161 2830 
8415 4 0 374 3383 4233 2835 
8416 4 0 3383 3409 1411 2835 
8417 4 0 2766 1746 1058 1064 
8418 4 0 2766 1064 1058 3091 
8419 4 0 2766 1064 3091 2653 
8420 4 0 1116 4678 2717 3609 
8421 4 0 1116 4678 2503 2717 
8422 4 0 3004 4188 4021 2535 
8423 4 0 703 2400 3004 4021 
8424 4 0 2626 3803 3023 3004 
8425 4 0 3762 3867 2537 1049 
8426 4 0 2168 1984 611 3598 
8427 4 0 767 4669 3535 4672 
8428 4 0 1009 3309 505 4198 
8429 4 0 2097 505 3309 2695 
8430 4 0 4442 2559 4254 2612 
8431 4 0 912 4672 767 3535 
8432 4 0 3187 3366 542 531 
8433 4 0 3306 2756 2731 3591 
8434 4 0 3074 3062 2809 1254 
8435 4 0 1254 3074 1407 2809 
8436 4 0 3393 1280 1460 3963 
8437 4 0 3616 2048 3046 1779 
8438 4 0 2406 2910 3047 497 
8439 4 0 1065 2056 4306 2098 
8440 4 0 1642 3603 4485 400 
8441 4 0 1900 678 518 797 
8442 4 0 1373 341 3394 1642 
8443 4 0 3603 4485 400 2238 
8444 4 0 518 1900 797 3815 
8445 4 0 518 3815 797 796 
8446 4 0 3590 1976 2616 489 
8447 4 0 2530 3149 1792 1581 
8448 4 0 2758 3003 426 371 
8449 4 0 3660 2468 2671 1908 
8450 4 0 92 4264 121 2359 
8451 4 0 1924 3643 2331 3510 
8452 4 0 2431 2892 2090 468 
8453 4 0 3131 2600 2232 3776 
8454 4 0 4511 2600 3334 3131 
8455 4 0 2297 58 1345 3741 
8456 4 0 2641 590 2548 2333 
8457 4 0 58 49 3741 2297 
8458 4 0 3487 538 2807 4659 
8459 4 0 2135 3625 1945 2991 
8460 4 0 552 4328 2664 1360 
8461 4 0 3410 371 426 3516 
8462 4 0 2436 2784 3302 375 
8463 4 0 2204 1933 3513 1864 
8464 4 0 1106 3808 619 2064 
8465 4 0 2167 1910 2290 1937 
8466 4 0 3707 538 2495 1704 
8467 4 0 2776 2781 1204 2643 
8468 4 0 3046 2664 3050 1781 
8469 4 0 376 2246 1862 1139 
8470 4 0 1658 3583 2643 2776 
8471 4 0 424 1919 2619 4064 
8472 4 0 2613 2617 444 3751 
8473 4 0 311 523 3011 966 
8474 4 0 2591 325 523 2552 
8475 4 0 2803 3012 4622 2610 
8476 4 0 4507 3687 4018 3115 
8477 4 0 2951 4083 714 3031 
8478 4 0 2469 1159 3027 2294 
8479 4 0 2050 454 2303 2074 
8480 4 0 2146 473 2211 2055 
8481 4 0 1278 4045 1277 480 
8482 4 0 4045 394 480 1278 
8483 4 0 2736 1277 480 1278 
8484 4 0 2610 3283 3623 3012 
8485 4 0 2610 2803 3012 3623 
8486 4 0 1708 1240 2561 4164 
8487 4 0 1581 1962 3093 2890 
8488 4 0 4291 2792 2677 3214 
8489 4 0 809 2277 2250 2344 
8490 4 0 809 412 744 2277 
8491 4 0 3622 2385 2089 3129 
8492 4 0 2908 2944 2871 3387 
8493 4 0 1196 2871 2908 4563 
8494 4 0 4534 576 4521 2672 
8495 4 0 1516 3144 3455 1969 
8496 4 0 1773 3449 3113 3438 
8497 4 0 3337 365 4603 4684 
8498 4 0 4684 4603 3945 365 
8499 4 0 2659 3502 2378 2197 
8500 4 0 1164 3778 1018 3943 
8501 4 0 4266 2463 1717 4221 
8502 4 0 1717 2463 2868 4221 
8503 4 0 2558 1310 3527 4606 
8504 4 0 1404 4266 1717 4221 
8505 4 0 3110 2510 4416 798 
8506 4 0 29 2099 1217 1545 
8507 4 0 4416 798 2510 1674 
8508 4 0 3157 1176 2110 3868 
8509 4 0 862 1958 2432 1176 
8510 4 0 2472 2087 4205 2022 
8511 4 0 1428 790 3931 3764 
8512 4 0 2057 3133 2235 747 
8513 4 0 2057 747 3066 3133 
8514 4 0 3113 1773 3438 2618 
8515 4 0 1554 1991 1943 370 
8516 4 0 2920 3378 3253 842 
8517 4 0 4205 2229 2087 2606 
8518 4 0 1378 1367 3158 1462 
8519 4 0 3156 2295 1226 4440 
8520 4 0 561 614 3619 2080 
8521 4 0 3843 3619 561 614 
8522 4 0 1349 3156 4216 1226 
8523 4 0 460 508 1989 3298 
8524 4 0 4440 3156 1349 1226 
8525 4 0 4216 2295 1226 3156 
8526 4 0 3598 4544 3374 3995 
8527 4 0 3090 675 2796 504 
8528 4 0 3289 3383 4328 2063 
8529 4 0 4528 4359 3643 4524 
8530 4 0 395 4422 1756 3893 
8531 4 0 2584 3467 3735 1958 
8532 4 0 1848 2825 2222 2573 
8533 4 0 1637 2222 3928 1848 
8534 4 0 3150 2646 768 2186 
8535 4 0 1838 1707 1944 2626 
8536 4 0 2488 2646 2429 3150 
8537 4 0 395 4422 4397 1756 
8538 4 0 3533 2711 2750 4268 
8539 4 0 3308 3679 2998 2174 
8540 4 0 3389 398 3382 479 
8541 4 0 2872 3628 2630 1954 
8542 4 0 3454 513 3501 2912 
8543 4 0 4641 381 3089 4640 
8544 4 0 2234 2848 3964 2678 
8545 4 0 4147 2848 2234 2678 
8546 4 0 3486 1993 3973 1844 
8547 4 0 3964 2678 2848 768 
8548 4 0 2339 3973 1844 544 
8549 4 0 2162 4316 4555 3034 
8550 4 0 1412 4555 4316 3034 
8551 4 0 4641 3460 381 509 
8552 4 0 4641 4640 1757 509 
8553 4 0 1033 2758 2049 2111 
8554 4 0 509 381 4641 4640 
8555 4 0 4508 939 364 442 
8556 4 0 4144 876 4555 3034 
8557 4 0 3063 3372 2158 2731 
8558 4 0 2158 2072 2462 2031 
8559 4 0 1504 535 3170 3242 
8560 4 0 2197 4001 2396 1375 
8561 4 0 1382 3411 3617 3211 
8562 4 0 3411 3211 4186 4265 
8563 4 0 2124 1474 1978 2028 
8564 4 0 1555 4615 565 366 
8565 4 0 565 2372 715 4614 
8566 4 0 2577 839 2982 2410 
8567 4 0 594 1952 3357 3218 
8568 4 0 859 4226 3556 3163 
8569 4 0 3618 3135 1034 3238 
8570 4 0 3618 1034 1012 3238 
8571 4 0 2955 555 3036 2586 
8572 4 0 4016 4015 4588 4410 
8573 4 0 1992 485 3037 1169 
8574 4 0 409 931 760 2591 
8575 4 0 330 2591 3417 340 
8576 4 0 349 2591 931 340 
8577 4 0 305 1760 294 2335 
8578 4 0 1760 3777 4497 3076 
8579 4 0 3076 1760 3777 4377 
8580 4 0 811 1989 3592 460 
8581 4 0 1993 387 1218 1617 
8582 4 0 860 2789 2396 3358 
8583 4 0 3994 1230 2106 2742 
8584 4 0 4244 2855 3281 3040 
8585 4 0 2720 3180 2294 2540 
8586 4 0 2251 1544 3297 1915 
8587 4 0 3174 2887 2601 2817 
8588 4 0 542 3573 3187 4361 
8589 4 0 452 1844 3973 2641 
8590 4 0 1921 3516 3003 2416 
8591 4 0 1009 2755 2645 2413 
8592 4 0 4037 1962 2698 2745 
8593 4 0 2304 2667 1922 372 
8594 4 0 3684 3617 3211 1382 
8595 4 0 1382 3211 4186 3411 
8596 4 0 4176 2760 2598 442 
8597 4 0 4136 4110 3804 1390 
8598 4 0 2120 1839 2579 1594 
8599 4 0 1682 602 2142 474 
8600 4 0 2371 2005 4571 2428 
8601 4 0 844 1927 2134 3602 
8602 4 0 1927 844 171 3602 
8603 4 0 4610 158 844 171 
8604 4 0 844 1572 513 512 
8605 4 0 4064 1244 3247 3683 
8606 4 0 3045 1723 3876 3730 
8607 4 0 3796 2862 3045 3876 
8608 4 0 4155 1616 387 648 
8609 4 0 4583 1202 1634 435 
8610 4 0 3258 1634 4600 517 
8611 4 0 559 3440 174 163 
8612 4 0 174 379 559 163 
8613 4 0 834 701 2314 4124 
8614 4 0 3720 3333 2057 4368 
8615 4 0 4368 346 3133 3720 
8616 4 0 3720 3634 3333 4368 
8617 4 0 1614 3760 2837 4051 
8618 4 0 1298 3856 3807 426 
8619 4 0 4249 66 1733 3349 
8620 4 0 3349 66 59 4249 
8621 4 0 1466 2531 448 371 
8622 4 0 1466 2185 2531 371 
8623 4 0 1741 3196 1307 515 
8624 4 0 859 3163 3556 3847 
8625 4 0 3556 3163 4335 890 
8626 4 0 2475 1999 1669 2954 
8627 4 0 176 154 2096 2320 
8628 4 0 3346 154 2096 176 
8629 4 0 2836 2844 2263 3107 
8630 4 0 1566 2836 4259 3107 
8631 4 0 2475 2954 1669 938 
8632 4 0 1804 3635 943 1959 
8633 4 0 2802 3209 2290 4579 
8634 4 0 4384 375 2640 3302 
8635 4 0 3812 2535 4211 3087 
8636 4 0 1120 2585 2391 3826 
8637 4 0 3950 2441 2081 4065 
8638 4 0 1594 3760 4051 2837 
8639 4 0 1780 2576 551 2839 
8640 4 0 3840 2011 4060 3166 
8641 4 0 1963 1900 2846 678 
8642 4 0 2108 2406 2454 3237 
8643 4 0 3475 2164 1807 1724 
8644 4 0 3696 2643 4043 3583 
8645 4 0 2135 2643 3583 1353 
8646 4 0 2686 1904 1932 3327 
8647 4 0 1016 2826 676 1015 
8648 4 0 95 103 2767 582 
8649 4 0 1043 3582 3978 449 
8650 4 0 3172 2560 2807 4659 
8651 4 0 3778 3953 3943 2682 
8652 4 0 103 2458 582 95 
8653 4 0 1894 2561 2370 2074 
8654 4 0 1724 3196 1307 1807 
8655 4 0 1807 3196 1307 2179 
8656 4 0 3819 3175 2311 4104 
8657 4 0 354 3272 3173 3133 
8658 4 0 2189 1933 519 377 
8659 4 0 4384 4290 3174 3638 
8660 4 0 3663 523 311 966 
8661 4 0 2746 3141 101 2436 
8662 4 0 2120 2579 2068 1469 
8663 4 0 2873 3415 2133 3524 
8664 4 0 1847 1260 1414 1846 
8665 4 0 376 1255 1290 1257 
8666 4 0 2104 3848 2516 2992 
8667 4 0 2104 3497 3848 2992 
8668 4 0 103 129 2957 4180 
8669 4 0 873 2510 2717 3609 
8670 4 0 1235 1237 3658 3836 
8671 4 0 2319 362 1261 3455 
8672 4 0 2319 2315 3007 646 
8673 4 0 1261 3007 646 2319 
8674 4 0 3099 362 1261 3961 
8675 4 0 1261 2319 646 362 
8676 4 0 1934 3643 2997 2492 
8677 4 0 4445 873 3609 2510 
8678 4 0 1674 873 4445 2510 
8679 4 0 2164 3739 4598 3565 
8680 4 0 4598 2164 3701 3739 
8681 4 0 3854 2396 1881 1882 
8682 4 0 2010 2076 1903 1905 
8683 4 0 1726 1621 3179 3552 
8684 4 0 4694 1416 2867 3536 
8685 4 0 4694 2867 3538 2821 
8686 4 0 3620 1197 2063 2569 
8687 4 0 3914 2901 774 3281 
8688 4 0 3094 2082 2230 1963 
8689 4 0 3524 268 4258 3009 
8690 4 0 170 187 519 4487 
8691 4 0 1697 678 482 2846 
8692 4 0 887 807 838 1339 
8693 4 0 2532 1543 462 1592 
8694 4 0 1598 2399 992 1599 
8695 4 0 1165 1893 2815 3497 
8696 4 0 1862 376 1633 2815 
8697 4 0 603 1682 410 3186 
8698 4 0 2033 3680 3324 1978 
8699 4 0 1353 2328 3184 2101 
8700 4 0 2304 2154 1129 3939 
8701 4 0 401 355 760 2044 
8702 4 0 1374 3745 3406 2633 
8703 4 0 4657 3189 3399 3379 
8704 4 0 721 3379 3189 4657 
8705 4 0 1399 2660 2402 3550 
8706 4 0 4690 4458 1740 3428 
8707 4 0 1442 2617 2647 1433 
8708 4 0 172 1442 2647 4693 
8709 4 0 3704 3274 2617 3462 
8710 4 0 860 2092 2789 1817 
8711 4 0 947 2653 1264 685 
8712 4 0 3656 1111 1689 3631 
8713 4 0 4635 3631 1111 809 
8714 4 0 3303 2251 808 3385 
8715 4 0 4615 715 2496 4590 
8716 4 0 715 2496 4590 4187 
8717 4 0 1798 4304 1215 2638 
8718 4 0 2817 882 3544 4326 
8719 4 0 2817 2855 882 4326 
8720 4 0 3209 2290 4093 2298 
8721 4 0 1988 3488 1914 333 
8722 4 0 3488 2318 1988 1914 
8723 4 0 1390 1542 2630 1543 
8724 4 0 3175 2863 459 2097 
8725 4 0 577 3596 4214 3584 
8726 4 0 1321 1360 2032 498 
8727 4 0 2697 863 1617 861 
8728 4 0 3028 3332 530 2451 
8729 4 0 2509 3497 3331 2992 
8730 4 0 2415 2450 2922 2126 
8731 4 0 2104 3497 2992 3367 
8732 4 0 3171 2202 3195 108 
8733 4 0 2202 3195 4309 3171 
8734 4 0 2795 2322 3296 2138 
8735 4 0 2322 3981 2148 2795 
8736 4 0 1097 2485 1145 2984 
8737 4 0 1093 2485 2984 2982 
8738 4 0 1097 2485 2984 1093 
8739 4 0 2122 4235 3522 3360 
8740 4 0 3426 3244 4634 4221 
8741 4 0 3327 3360 3522 654 
8742 4 0 1320 2583 4634 3244 
8743 4 0 3661 2477 3070 2389 
8744 4 0 2015 421 2077 3747 
8745 4 0 4634 2583 4221 3244 
8746 4 0 2728 4189 2112 2153 
8747 4 0 3735 1077 1086 4490 
8748 4 0 1813 2285 2065 444 
8749 4 0 3092 3171 3195 108 
8750 4 0 2944 3219 4115 4023 
8751 4 0 1852 2142 3785 2587 
8752 4 0 2587 2142 3785 4194 
8753 4 0 1927 4194 3785 2142 
8754 4 0 2945 3446 2230 3778 
8755 4 0 3778 3446 2230 2439 
8756 4 0 382 417 2577 834 
8757 4 0 273 282 315 3140 
8758 4 0 2386 2130 1845 3678 
8759 4 0 4092 1967 2174 3548 
8760 4 0 2174 3415 3548 2831 
8761 4 0 2872 3488 2318 1988 
8762 4 0 3140 292 300 4130 
8763 4 0 3062 1291 3074 4228 
8764 4 0 2220 4133 2599 4400 
8765 4 0 2460 4323 2901 2395 
8766 4 0 2460 2395 2603 4323 
8767 4 0 3197 4277 1583 4053 
8768 4 0 1668 2465 3729 4629 
8769 4 0 2926 2971 3079 2613 
8770 4 0 2207 1536 311 3143 
8771 4 0 293 302 2207 1536 
8772 4 0 302 311 2207 1536 
8773 4 0 459 4422 2068 2743 
8774 4 0 3694 4024 2743 4478 
8775 4 0 83 74 362 3961 
8776 4 0 3099 83 362 3961 
8777 4 0 1269 2606 2814 780 
8778 4 0 4068 2870 485 1667 
8779 4 0 2911 3327 1864 3037 
8780 4 0 1864 3037 3327 2204 
8781 4 0 3625 2135 1945 2571 
8782 4 0 2850 2055 963 3626 
8783 4 0 615 283 2866 1539 
8784 4 0 1133 386 2525 1899 
8785 4 0 2755 1088 3421 1008 
8786 4 0 2396 3118 2481 1375 
8787 4 0 2193 2036 394 2355 
8788 4 0 973 2601 4185 2417 
8789 4 0 2522 320 754 2547 
8790 4 0 2195 3104 3262 2522 
8791 4 0 2376 3262 2195 3104 
8792 4 0 2330 2090 1806 1510 
8793 4 0 4375 2109 2933 4449 
8794 4 0 2357 2760 3131 2830 
8795 4 0 2583 4634 3098 1012 
8796 4 0 2583 1320 4634 1012 
8797 4 0 2843 2638 538 2551 
8798 4 0 3275 3021 4600 3258 
8799 4 0 2964 2346 723 2504 
8800 4 0 4600 3258 3021 3509 
8801 4 0 2964 4318 723 2346 
8802 4 0 4547 3093 576 3583 
8803 4 0 1362 4240 3087 2212 
8804 4 0 2643 1353 1204 2776 
8805 4 0 4483 2354 4283 2215 
8806 4 0 3649 2986 3234 2491 
8807 4 0 4294 2491 3649 3234 
8808 4 0 677 1698 3430 2483 
8809 4 0 3610 934 3691 3458 
8810 4 0 380 3679 2174 2998 
8811 4 0 554 1623 2174 380 
8812 4 0 4360 1398 3933 2903 
8813 4 0 2211 2259 2868 4221 
8814 4 0 2824 2411 387 4085 
8815 4 0 3330 2757 2741 2469 
8816 4 0 3055 1797 3788 3615 
8817 4 0 1581 3093 2851 2823 
8818 4 0 1820 2311 2468 2638 
8819 4 0 2302 2720 3137 3317 
8820 4 0 654 536 3402 2165 
8821 4 0 3402 580 654 3522 
8822 4 0 3661 3145 2477 2389 
8823 4 0 1824 400 906 2238 
8824 4 0 400 3394 3603 1824 
8825 4 0 400 3603 2238 1824 
8826 4 0 2402 1931 951 2472 
8827 4 0 2472 2745 2402 1931 
8828 4 0 450 3835 2829 2502 
8829 4 0 2783 2502 450 2829 
8830 4 0 519 2829 450 2058 
8831 4 0 2829 450 2058 3835 
8832 4 0 971 2966 4691 3839 
8833 4 0 2196 930 2222 2573 
8834 4 0 3473 3950 4034 2211 
8835 4 0 4034 2211 3950 2441 
8836 4 0 2196 4355 2222 930 
8837 4 0 2222 930 4355 787 
8838 4 0 1621 3179 3207 1726 
8839 4 0 3207 1621 4302 3179 
8840 4 0 2966 4691 3839 4692 
8841 4 0 3790 1838 3903 2504 
8842 4 0 1588 3033 1519 3116 
8843 4 0 2658 3098 2463 835 
8844 4 0 2878 2246 228 204 
8845 4 0 3303 743 2657 4282 
8846 4 0 332 1462 1367 342 
8847 4 0 1367 1462 1378 342 
8848 4 0 1650 2657 743 4282 
8849 4 0 1077 3157 2110 3868 
8850 4 0 904 1674 2852 2473 
8851 4 0 2599 2495 4296 2220 
8852 4 0 648 2824 2495 4296 
8853 4 0 1674 4416 3268 2510 
8854 4 0 1674 2473 3268 4416 
8855 4 0 1077 4493 3157 3868 
8856 4 0 3333 2995 2180 4213 
8857 4 0 2184 3051 2327 2819 
8858 4 0 2327 2230 2184 2819 
8859 4 0 2416 371 4026 2531 
8860 4 0 371 2821 4026 2531 
8861 4 0 2531 3924 746 1529 
8862 4 0 2798 2278 3468 4449 
8863 4 0 2927 2278 3780 863 
8864 4 0 3380 3377 2321 4673 
8865 4 0 3380 2321 4675 4673 
8866 4 0 2906 887 2146 3795 
8867 4 0 2949 3299 633 1010 
8868 4 0 3380 4675 2849 4673 
8869 4 0 656 1948 3733 2903 
8870 4 0 2949 1010 2589 3299 
8871 4 0 3247 1690 3806 1954 
8872 4 0 3774 4038 1690 3384 
8873 4 0 3479 4242 3610 3458 
8874 4 0 2376 3262 3104 2247 
8875 4 0 3142 2398 19 2254 
8876 4 0 3110 3293 2310 1289 
8877 4 0 3110 3293 1289 1290 
8878 4 0 146 4124 382 2314 
8879 4 0 1726 4548 3552 4243 
8880 4 0 3552 4257 2457 3228 
8881 4 0 4257 3552 3708 4548 
8882 4 0 3552 3228 4548 4257 
8883 4 0 1726 3552 4548 3708 
8884 4 0 2444 706 3264 31 
8885 4 0 4431 2284 3506 1955 
8886 4 0 1658 2643 2781 2776 
8887 4 0 2325 4372 3268 904 
8888 4 0 2074 1303 2079 2561 
8889 4 0 2370 2460 1303 2561 
8890 4 0 567 3470 184 1318 
8891 4 0 3470 1318 2059 184 
8892 4 0 1253 790 3764 3931 
8893 4 0 1838 2504 2346 3903 
8894 4 0 1969 3219 366 2309 
8895 4 0 2045 3837 2351 926 
8896 4 0 926 2351 1458 3837 
8897 4 0 2683 2045 926 3837 
8898 4 0 257 2246 1165 228 
8899 4 0 1665 2899 3781 1879 
8900 4 0 2384 1511 3885 922 
8901 4 0 375 3307 2361 2349 
8902 4 0 760 3417 349 2937 
8903 4 0 1879 3781 3295 2899 
8904 4 0 1719 2433 3993 3383 
8905 4 0 3753 3859 1891 4527 
8906 4 0 428 2770 793 1268 
8907 4 0 3881 3160 1645 3420 
8908 4 0 2532 3160 3881 3420 
8909 4 0 2692 2028 2667 372 
8910 4 0 2692 2028 372 1468 
8911 4 0 1921 413 769 2770 
8912 4 0 2316 2428 2054 3832 
8913 4 0 4180 3599 2499 2096 
8914 4 0 75 1733 4574 3099 
8915 4 0 3282 2139 3370 2454 
8916 4 0 1937 2167 1910 2770 
8917 4 0 2454 3291 3370 3282 
8918 4 0 530 3257 2623 2965 
8919 4 0 361 1795 682 2696 
8920 4 0 361 82 682 1795 
8921 4 0 82 3083 682 1795 
8922 4 0 3308 1623 2174 3548 
8923 4 0 121 2737 2723 135 
8924 4 0 158 2737 135 2723 
8925 4 0 206 1143 3532 180 
8926 4 0 1713 2740 3222 3783 
8927 4 0 216 1143 3532 206 
8928 4 0 3033 3724 3116 3711 
8929 4 0 2742 4293 3994 1230 
8930 4 0 616 3097 3931 3164 
8931 4 0 1100 4325 4334 3281 
8932 4 0 3348 1100 4244 3281 
8933 4 0 1929 3076 2865 2210 
8934 4 0 2364 3255 2993 2748 
8935 4 0 2010 3588 2464 2966 
8936 4 0 1209 3626 2993 2840 
8937 4 0 1123 811 4433 412 
8938 4 0 2616 2384 489 1960 
8939 4 0 1027 3608 2528 3315 
8940 4 0 2934 2292 2481 800 
8941 4 0 1122 389 4001 2396 
8942 4 0 3351 3966 4577 1400 
8943 4 0 2750 4268 3260 2006 
8944 4 0 2823 1463 2472 951 
8945 4 0 394 1915 3974 480 
8946 4 0 4672 1233 480 2736 
8947 4 0 1233 3535 4672 480 
8948 4 0 1864 553 1932 2911 
8949 4 0 1626 2459 3223 2885 
8950 4 0 3978 2559 3801 449 
8951 4 0 3801 2612 4442 3530 
8952 4 0 1212 2791 1276 2070 
8953 4 0 2594 1949 2647 2338 
8954 4 0 1123 1124 1883 811 
8955 4 0 2873 2913 1176 4314 
8956 4 0 4314 2913 3529 2873 
8957 4 0 2795 4276 1981 706 
8958 4 0 1997 2814 436 2472 
8959 4 0 1968 394 2442 1815 
8960 4 0 2476 4113 2016 1997 
8961 4 0 3762 1049 2537 891 
8962 4 0 1707 368 1944 2626 
8963 4 0 2638 538 1908 2843 
8964 4 0 1838 4211 2212 446 
8965 4 0 2146 3934 2906 3795 
8966 4 0 3511 4253 3742 1266 
8967 4 0 1646 503 4148 1647 
8968 4 0 503 1647 1646 500 
8969 4 0 2354 3088 856 463 
8970 4 0 2764 3124 2789 605 
8971 4 0 1304 2789 3124 605 
8972 4 0 3670 3446 3698 1018 
8973 4 0 3425 3446 518 3109 
8974 4 0 4311 2729 2904 1207 
8975 4 0 2008 2158 2405 2631 
8976 4 0 914 3393 1282 1460 
8977 4 0 4451 914 2710 3393 
8978 4 0 3187 3933 4361 3935 
8979 4 0 543 893 3341 3573 
8980 4 0 893 1505 3341 3573 
8981 4 0 1997 3182 1271 2714 
8982 4 0 2714 1271 2775 3182 
8983 4 0 3816 1310 2632 3527 
8984 4 0 2790 2379 1466 2185 
8985 4 0 163 379 559 3500 
8986 4 0 3440 163 559 3500 
8987 4 0 3624 1323 3347 1247 
8988 4 0 2736 1233 4669 4672 
8989 4 0 3616 3289 2980 2576 
8990 4 0 1233 3535 4669 4672 
8991 4 0 3126 3199 1704 2884 
8992 4 0 994 1323 1247 3347 
8993 4 0 3075 4135 870 2484 
8994 4 0 2613 2142 4194 1927 
8995 4 0 2347 2935 296 1540 
8996 4 0 3214 566 2677 4291 
8997 4 0 2394 3156 3475 4440 
8998 4 0 3255 378 2224 2364 
8999 4 0 2364 1775 3357 1156 
9000 4 0 1786 3475 4440 1348 
9001 4 0 616 672 3931 2436 
9002 4 0 2362 3931 381 2436 
9003 4 0 2436 381 672 3931 
9004 4 0 2364 1538 2055 1935 
9005 4 0 3235 142 1449 124 
9006 4 0 3235 1449 2968 124 
9007 4 0 3130 1032 1033 791 
9008 4 0 3232 3740 3981 2795 
9009 4 0 517 4071 2455 3741 
9010 4 0 534 1902 3402 572 
9011 4 0 3228 4438 2761 2813 
9012 4 0 3228 4438 597 2761 
9013 4 0 4438 2761 2228 597 
9014 4 0 2039 2314 2341 2796 
9015 4 0 754 304 748 320 
9016 4 0 3194 1740 2106 2758 
9017 4 0 2771 2198 1841 2853 
9018 4 0 1841 3617 2198 2771 
9019 4 0 1740 2758 3194 4026 
9020 4 0 2758 3428 2111 4690 
9021 4 0 3016 1152 196 4046 
9022 4 0 2865 4497 1003 4198 
9023 4 0 2865 2239 1613 4198 
9024 4 0 3610 3829 2589 3691 
9025 4 0 2028 1922 2667 372 
9026 4 0 1474 1922 2667 2028 
9027 4 0 1474 565 2028 2372 
9028 4 0 1862 1283 1405 2078 
9029 4 0 4291 566 3526 1598 
9030 4 0 2078 4626 1405 1289 
9031 4 0 2744 3479 2847 3369 
9032 4 0 2744 2471 2284 2995 
9033 4 0 518 3425 2132 2628 
9034 4 0 3526 2399 4291 1598 
9035 4 0 3698 3446 3425 3109 
9036 4 0 1598 3526 2399 2893 
9037 4 0 4151 2572 2904 3063 
9038 4 0 2748 956 1902 957 
9039 4 0 2667 3137 372 2304 
9040 4 0 2326 2522 2243 2547 
9041 4 0 3020 3409 1719 3383 
9042 4 0 1821 2326 2547 3104 
9043 4 0 2168 2976 3598 2748 
9044 4 0 2468 543 1908 3660 
9045 4 0 3409 2835 3383 3020 
9046 4 0 3598 2976 2168 820 
9047 4 0 4348 3291 498 2724 
9048 4 0 3886 1242 2226 579 
9049 4 0 2609 3410 3743 426 
9050 4 0 3740 1635 3981 2795 
9051 4 0 3740 2518 3981 1635 
9052 4 0 3886 2735 579 577 
9053 4 0 862 2550 3572 1620 
9054 4 0 3918 3139 4236 2304 
9055 4 0 2573 1560 1557 2720 
9056 4 0 164 1316 3500 163 
9057 4 0 1316 3500 3752 164 
9058 4 0 3187 3781 2837 1505 
9059 4 0 2784 4384 375 2379 
9060 4 0 4558 2784 2974 2997 
9061 4 0 2520 3298 3592 1125 
9062 4 0 4305 3118 4245 1239 
9063 4 0 3926 3323 3287 1727 
9064 4 0 1450 2062 1152 1189 
9065 4 0 2282 1873 3273 1818 
9066 4 0 1932 506 1904 664 
9067 4 0 3582 1232 4126 4031 
9068 4 0 3582 1232 4031 1044 
9069 4 0 4282 392 2219 4109 
9070 4 0 4195 2631 3589 2085 
9071 4 0 4511 2357 3131 3334 
9072 4 0 3068 2888 3157 4417 
9073 4 0 692 3977 3630 532 
9074 4 0 3068 3157 1076 4417 
9075 4 0 4120 489 4052 1976 
9076 4 0 3665 3068 1076 4417 
9077 4 0 1052 3094 2985 1047 
9078 4 0 834 2981 431 1550 
9079 4 0 3094 2985 1047 4165 
9080 4 0 3679 3738 2998 380 
9081 4 0 2505 2150 3145 2125 
9082 4 0 4607 4237 4608 2754 
9083 4 0 973 2601 2817 4185 
9084 4 0 882 973 2817 4185 
9085 4 0 1288 3117 75 66 
9086 4 0 2428 2501 2653 3874 
9087 4 0 1967 4092 2174 2999 
9088 4 0 2429 2126 2415 1905 
9089 4 0 1614 3760 3997 2903 
9090 4 0 1820 2824 2551 2843 
9091 4 0 2580 2924 3604 744 
9092 4 0 1516 4570 4023 3433 
9093 4 0 2201 2351 2253 2045 
9094 4 0 3760 1615 4476 3997 
9095 4 0 2655 3704 1444 1445 
9096 4 0 1903 2132 880 3994 
9097 4 0 1332 810 2449 4480 
9098 4 0 815 812 2720 2002 
9099 4 0 462 2532 1592 396 
9100 4 0 1741 3287 3797 3047 
9101 4 0 1731 1741 1728 496 
9102 4 0 3797 1741 1728 1731 
9103 4 0 3278 976 3964 3636 
9104 4 0 4161 692 3119 3256 
9105 4 0 1664 4161 1586 3256 
9106 4 0 1173 1854 3401 1853 
9107 4 0 3287 4225 3797 3047 
9108 4 0 1945 2991 4601 3290 
9109 4 0 2022 777 3726 2662 
9110 4 0 3823 270 3226 3407 
9111 4 0 2345 3226 3407 3823 
9112 4 0 2345 4342 3226 3823 
9113 4 0 1264 2766 4173 2653 
9114 4 0 3823 1339 3226 2293 
9115 4 0 3823 1339 4342 3226 
9116 4 0 3633 83 75 2759 
9117 4 0 683 1288 2759 3633 
9118 4 0 2064 1622 2056 2792 
9119 4 0 2422 597 1061 2724 
9120 4 0 3584 4214 3886 2019 
9121 4 0 4157 4388 3479 3458 
9122 4 0 4157 3458 3479 1440 
9123 4 0 1308 240 4372 3085 
9124 4 0 3114 1673 219 1340 
9125 4 0 3552 4548 3228 4243 
9126 4 0 1871 3778 2327 2230 
9127 4 0 909 4671 3151 3865 
9128 4 0 3915 4671 3151 4496 
9129 4 0 3174 3356 481 982 
9130 4 0 3607 2259 4034 901 
9131 4 0 2866 615 386 999 
9132 4 0 1477 132 556 111 
9133 4 0 132 3305 1477 556 
9134 4 0 4591 413 4592 769 
9135 4 0 1902 3626 572 2748 
9136 4 0 4438 2228 2761 1060 
9137 4 0 3554 2686 4345 2039 
9138 4 0 3228 2761 2928 2813 
9139 4 0 489 1960 2384 1014 
9140 4 0 3139 4236 570 2806 
9141 4 0 4639 4638 474 3138 
9142 4 0 826 1593 3549 2360 
9143 4 0 2360 3549 857 1593 
9144 4 0 4050 1541 3245 3628 
9145 4 0 1051 826 3549 2360 
9146 4 0 3941 3252 1959 1480 
9147 4 0 1066 4638 2514 4639 
9148 4 0 1878 3252 3941 1480 
9149 4 0 1480 3252 1959 3768 
9150 4 0 579 2226 3886 1200 
9151 4 0 4171 1708 2370 1894 
9152 4 0 4171 2348 1708 1894 
9153 4 0 2551 2824 1820 3586 
9154 4 0 4597 2754 2519 3391 
9155 4 0 527 407 2183 1392 
9156 4 0 2754 365 2124 3391 
9157 4 0 3750 4654 3949 4637 
9158 4 0 1786 3156 4440 3475 
9159 4 0 112 899 3850 3255 
9160 4 0 3255 899 138 112 
9161 4 0 4073 2319 4100 2955 
9162 4 0 3575 3255 112 3030 
9163 4 0 3171 3501 1662 2262 
9164 4 0 1230 4293 3994 4121 
9165 4 0 2460 2901 3189 2045 
9166 4 0 233 4346 1387 1763 
9167 4 0 233 4346 202 1387 
9168 4 0 3456 2501 3005 3677 
9169 4 0 3140 318 2529 1570 
9170 4 0 2715 3222 3500 3786 
9171 4 0 3690 3786 374 3222 
9172 4 0 4130 2983 318 1570 
9173 4 0 3267 300 4130 318 
9174 4 0 89 4252 3030 3850 
9175 4 0 2642 2462 2276 3306 
9176 4 0 4476 3760 4479 1615 
9177 4 0 2044 409 2119 4629 
9178 4 0 550 1699 3036 2443 
9179 4 0 435 517 3258 3741 
9180 4 0 435 3258 3086 3741 
9181 4 0 3580 2877 3100 2294 
9182 4 0 2590 362 4100 1969 
9183 4 0 3633 362 4100 2590 
9184 4 0 2455 2698 3240 1652 
9185 4 0 2518 2568 1649 2515 
9186 4 0 2032 1782 4418 3123 
9187 4 0 2032 3480 4418 1782 
9188 4 0 1359 3742 492 429 
9189 4 0 2492 1864 2887 4290 
9190 4 0 1926 4403 4096 1017 
9191 4 0 4403 1017 1926 483 
9192 4 0 4483 4048 3640 2252 
9193 4 0 3743 3880 426 1569 
9194 4 0 3880 4259 1569 4586 
9195 4 0 525 3082 2342 937 
9196 4 0 1098 352 1378 1914 
9197 4 0 525 3082 937 936 
9198 4 0 815 2720 4183 2002 
9199 4 0 2720 2302 815 4183 
9200 4 0 2670 2170 385 3358 
9201 4 0 2233 2170 2670 3358 
9202 4 0 760 2591 1965 2308 
9203 4 0 2908 3433 2944 3387 
9204 4 0 2526 1199 466 4504 
9205 4 0 4504 1199 466 2256 
9206 4 0 1406 2605 999 2854 
9207 4 0 2845 2303 3830 3673 
9208 4 0 1006 3673 2845 3830 
9209 4 0 3290 2991 4601 975 
9210 4 0 3931 1253 1252 673 
9211 4 0 1252 855 1253 2668 
9212 4 0 3928 930 1560 2573 
9213 4 0 3752 379 896 416 
9214 4 0 2551 2824 4296 2495 
9215 4 0 456 2205 2711 2075 
9216 4 0 2711 2075 2205 2750 
9217 4 0 2562 10 3553 8 
9218 4 0 2101 1203 640 2237 
9219 4 0 3256 3941 2006 4199 
9220 4 0 4065 2441 388 4034 
9221 4 0 2211 2081 3950 2441 
9222 4 0 3164 4020 1428 107 
9223 4 0 3215 790 3931 1428 
9224 4 0 2455 4033 1484 2521 
9225 4 0 147 1260 3305 556 
9226 4 0 3305 132 147 556 
9227 4 0 2448 4305 3167 1438 
9228 4 0 4336 3288 517 4600 
9229 4 0 1199 2256 4504 3265 
9230 4 0 1199 2256 3265 3242 
9231 4 0 2159 81 80 2317 
9232 4 0 3711 3724 3116 3120 
9233 4 0 2197 2659 3809 2701 
9234 4 0 544 3486 3468 3973 
9235 4 0 1078 3468 3973 544 
9236 4 0 2197 3502 744 2481 
9237 4 0 2956 2481 744 3502 
9238 4 0 822 3651 503 507 
9239 4 0 822 125 3651 507 
9240 4 0 1543 3160 756 4025 
9241 4 0 3324 2928 3680 499 
9242 4 0 2029 2435 627 3343 
9243 4 0 2029 905 1754 1254 
9244 4 0 2815 3957 2805 1766 
9245 4 0 3586 2425 2397 2523 
9246 4 0 2425 2089 2523 3586 
9247 4 0 1492 4205 1269 2606 
9248 4 0 3520 658 2394 2069 
9249 4 0 3520 2394 658 3374 
9250 4 0 1510 1331 857 403 
9251 4 0 1510 403 857 635 
9252 4 0 439 2687 2953 2421 
9253 4 0 1940 2817 3688 1901 
9254 4 0 4598 3565 4321 1786 
9255 4 0 3735 1079 4490 1086 
9256 4 0 4605 3475 4598 1786 
9257 4 0 2132 3994 1903 2988 
9258 4 0 3788 3615 2570 2987 
9259 4 0 3055 2987 3615 3788 
9260 4 0 642 465 3762 3001 
9261 4 0 2179 3196 2299 2800 
9262 4 0 2179 1945 3196 2800 
9263 4 0 1093 2984 1147 2982 
9264 4 0 1835 3763 2690 1787 
9265 4 0 530 2623 3201 2157 
9266 4 0 2623 2863 530 3201 
9267 4 0 2362 2577 382 3532 
9268 4 0 180 382 1092 3532 
9269 4 0 2687 2668 643 3460 
9270 4 0 4230 3228 4548 2669 
9271 4 0 3228 4548 2669 4243 
9272 4 0 3191 1062 3282 3291 
9273 4 0 4348 3291 1062 3191 
9274 4 0 2522 521 2009 2243 
9275 4 0 1319 3190 1246 2828 
9276 4 0 1319 2828 850 3190 
9277 4 0 2743 4024 4009 3230 
9278 4 0 3422 3342 843 2088 
9279 4 0 4485 650 3695 2238 
9280 4 0 3416 543 2895 3341 
9281 4 0 2248 2129 3034 2959 
9282 4 0 2670 385 1116 2503 
9283 4 0 3973 584 2641 2278 
9284 4 0 3973 1993 2278 2641 
9285 4 0 3327 3360 536 2039 
9286 4 0 2464 3964 2012 2234 
9287 4 0 2580 1038 3604 4317 
9288 4 0 2963 3695 2380 2114 
9289 4 0 255 2597 3437 3785 
9290 4 0 4695 3785 255 3437 
9291 4 0 2075 3336 2205 2750 
9292 4 0 3277 2236 3170 741 
9293 4 0 2353 248 1127 2509 
9294 4 0 4593 1676 771 3669 
9295 4 0 2760 2405 2515 3131 
9296 4 0 2584 1958 3735 3868 
9297 4 0 3285 2658 3795 3732 
9298 4 0 2640 3054 375 3307 
9299 4 0 1989 508 460 2277 
9300 4 0 3848 225 1127 199 
9301 4 0 2509 225 1127 3848 
9302 4 0 1393 427 4152 4126 
9303 4 0 3250 4251 2566 3627 
9304 4 0 320 2522 3262 2547 
9305 4 0 3182 1099 2108 3225 
9306 4 0 4574 3766 2874 1733 
9307 4 0 656 2117 1942 1822 
9308 4 0 955 876 2026 2248 
9309 4 0 824 4382 3762 642 
9310 4 0 3527 2800 2540 3025 
9311 4 0 3565 4321 1786 3156 
9312 4 0 1574 3930 3816 3025 
9313 4 0 2347 2651 3333 3233 
9314 4 0 319 3066 327 3634 
9315 4 0 2347 319 3333 3066 
9316 4 0 3333 3634 3066 319 
9317 4 0 2529 339 753 3432 
9318 4 0 4391 339 4234 3432 
9319 4 0 2946 531 3781 3769 
9320 4 0 4480 3860 4098 810 
9321 4 0 4463 3860 810 4098 
9322 4 0 3911 2829 1344 1343 
9323 4 0 530 2671 2468 2311 
9324 4 0 539 2863 3175 2311 
9325 4 0 530 2863 2996 539 
9326 4 0 1915 3297 2340 2060 
9327 4 0 2676 2316 2054 366 
9328 4 0 1775 3357 378 2364 
9329 4 0 2411 1990 3406 3675 
9330 4 0 2192 2455 2662 4033 
9331 4 0 1622 113 3517 3942 
9332 4 0 113 1622 3517 2566 
9333 4 0 756 1946 2318 2630 
9334 4 0 2872 756 2318 2630 
9335 4 0 2318 1946 1985 2630 
9336 4 0 4502 2236 464 4537 
9337 4 0 2405 902 3131 2830 
9338 4 0 2360 826 468 1358 
9339 4 0 1290 376 3110 3062 
9340 4 0 3062 1291 2810 3293 
9341 4 0 2305 2328 1203 2101 
9342 4 0 1544 490 2868 1982 
9343 4 0 4286 2321 3377 2918 
9344 4 0 4428 4386 1944 3023 
9345 4 0 104 96 2881 2968 
9346 4 0 3396 598 2684 3680 
9347 4 0 3733 1615 3760 2903 
9348 4 0 598 3680 2017 2684 
9349 4 0 4348 4225 3047 3191 
9350 4 0 2676 1969 366 2054 
9351 4 0 3118 2827 860 2679 
9352 4 0 4073 1969 2676 2054 
9353 4 0 4479 3791 1483 4137 
9354 4 0 4479 4137 2773 3791 
9355 4 0 2711 3585 456 2629 
9356 4 0 3958 3972 843 2349 
9357 4 0 4023 3144 1516 3433 
9358 4 0 4191 258 3983 4250 
9359 4 0 2545 3705 771 2675 
9360 4 0 3404 1936 2565 1851 
9361 4 0 2798 1911 2278 2927 
9362 4 0 2585 2391 3826 3358 
9363 4 0 2024 4087 1991 1794 
9364 4 0 4409 4177 3161 3953 
9365 4 0 3161 4177 2184 3953 
9366 4 0 562 2061 4411 1862 
9367 4 0 1862 2815 2543 2246 
9368 4 0 3665 2888 3068 4417 
9369 4 0 3832 2428 4583 4571 
9370 4 0 3407 223 1509 2438 
9371 4 0 741 3018 4519 3259 
9372 4 0 1899 3113 1983 3545 
9373 4 0 4093 3672 1863 2274 
9374 4 0 2274 2575 1863 4093 
9375 4 0 3672 67 1863 2403 
9376 4 0 3672 2403 1863 2274 
9377 4 0 1863 2403 67 55 
9378 4 0 2250 2924 2580 744 
9379 4 0 3735 2838 3827 452 
9380 4 0 774 3281 2395 1901 
9381 4 0 3768 2461 2187 1666 
9382 4 0 571 3206 740 2336 
9383 4 0 1094 2461 2187 3768 
9384 4 0 2421 2787 2953 2943 
9385 4 0 1078 1080 2798 4449 
9386 4 0 2727 2943 2787 2901 
9387 4 0 611 3155 2394 2295 
9388 4 0 2661 2466 1932 664 
9389 4 0 2340 4679 4656 2219 
9390 4 0 2219 4679 4656 4329 
9391 4 0 3217 528 3210 2087 
9392 4 0 2467 2816 1060 4192 
9393 4 0 2421 439 2456 2901 
9394 4 0 4192 2467 2816 2017 
9395 4 0 1156 1775 3357 961 
9396 4 0 4050 4009 1532 1705 
9397 4 0 1532 4050 2713 395 
9398 4 0 216 4022 4640 3532 
9399 4 0 1310 2474 3179 3527 
9400 4 0 2425 3932 2089 3675 
9401 4 0 3924 3484 4313 4026 
9402 4 0 4026 4313 3924 4441 
9403 4 0 2901 4323 3189 3395 
9404 4 0 2980 3289 4328 2634 
9405 4 0 2142 602 1682 3186 
9406 4 0 3530 4460 3801 3002 
9407 4 0 1903 2742 2988 3994 
9408 4 0 3801 4460 1582 3002 
9409 4 0 1889 2675 2545 2349 
9410 4 0 392 2344 2250 2260 
9411 4 0 2699 2857 2522 1987 
9412 4 0 304 2857 2522 2699 
9413 4 0 1804 1979 2006 1959 
9414 4 0 1721 2370 1708 1240 
9415 4 0 66 3633 1288 2171 
9416 4 0 1865 16 3041 722 
9417 4 0 3212 3495 401 337 
9418 4 0 2869 1164 2381 2556 
9419 4 0 2998 2174 430 3308 
9420 4 0 385 2190 4307 2399 
9421 4 0 2094 2583 3826 389 
9422 4 0 389 3826 1121 1035 
9423 4 0 3025 3290 3314 975 
9424 4 0 2241 536 2418 2796 
9425 4 0 2435 2949 3299 3666 
9426 4 0 3476 830 1315 1961 
9427 4 0 3420 3160 1645 1011 
9428 4 0 2237 2643 2090 1353 
9429 4 0 3397 3096 1329 2643 
9430 4 0 2260 610 912 480 
9431 4 0 4230 4438 3228 2813 
9432 4 0 4230 4438 2457 3228 
9433 4 0 2545 3705 2675 1889 
9434 4 0 2903 3760 3997 1615 
9435 4 0 2166 3685 3086 511 
9436 4 0 3630 3747 1804 1712 
9437 4 0 3266 532 1804 1322 
9438 4 0 1999 2827 2312 2475 
9439 4 0 4060 4663 3310 4662 
9440 4 0 3765 1682 603 3216 
9441 4 0 3391 3148 2124 2072 
9442 4 0 2519 3391 2289 436 
9443 4 0 3253 600 842 526 
9444 4 0 1793 4301 2793 1651 
9445 4 0 2793 1651 2290 1793 
9446 4 0 2463 2211 2658 3934 
9447 4 0 2463 2868 2211 473 
9448 4 0 554 2941 3669 3966 
9449 4 0 973 4185 882 881 
9450 4 0 1952 1595 4369 3218 
9451 4 0 2188 4089 3615 2157 
9452 4 0 2279 1595 4369 1952 
9453 4 0 1807 1945 3196 2179 
9454 4 0 2409 1396 3748 3877 
9455 4 0 3877 3748 2409 1377 
9456 4 0 2126 2429 2415 2255 
9457 4 0 633 2949 3666 3299 
9458 4 0 1688 3155 2295 3255 
9459 4 0 2792 2064 378 2056 
9460 4 0 840 2829 841 2702 
9461 4 0 1661 131 1847 1562 
9462 4 0 92 4264 89 3271 
9463 4 0 67 1861 77 688 
9464 4 0 3789 428 4594 1573 
9465 4 0 428 3789 1402 4118 
9466 4 0 3271 4264 89 895 
9467 4 0 2186 3588 2350 3278 
9468 4 0 3588 2186 2350 4550 
9469 4 0 3616 2048 1781 3046 
9470 4 0 2980 1781 3616 2048 
9471 4 0 1295 3516 3410 4262 
9472 4 0 624 1754 564 1256 
9473 4 0 3062 564 1754 1256 
9474 4 0 468 661 3096 641 
9475 4 0 477 2792 4291 3352 
9476 4 0 3111 3459 477 3352 
9477 4 0 1806 3475 2018 2394 
9478 4 0 2930 461 2287 1857 
9479 4 0 2834 241 3414 2333 
9480 4 0 3224 3963 913 4178 
9481 4 0 3674 1499 3929 3008 
9482 4 0 3175 4378 4104 1627 
9483 4 0 746 3484 3924 4026 
9484 4 0 3728 4034 3607 4464 
9485 4 0 11 3176 1108 25 
9486 4 0 4203 3119 1517 1755 
9487 4 0 2859 3357 594 1952 
9488 4 0 104 175 3202 1126 
9489 4 0 1415 2450 968 2415 
9490 4 0 760 409 2591 2308 
9491 4 0 1823 409 2180 1957 
9492 4 0 1415 1892 1551 2450 
9493 4 0 2099 2317 2159 50 
9494 4 0 3313 2372 716 2667 
9495 4 0 2644 470 1901 1262 
9496 4 0 304 2522 2195 3262 
9497 4 0 2857 2195 304 2522 
9498 4 0 805 897 4002 2295 
9499 4 0 1226 2295 805 4440 
9500 4 0 2055 1595 4369 4250 
9501 4 0 3218 4369 2055 1595 
9502 4 0 2140 1944 3276 368 
9503 4 0 368 2626 1413 3023 
9504 4 0 3023 368 1944 2272 
9505 4 0 4022 1757 3061 235 
9506 4 0 3082 525 2342 1893 
9507 4 0 4361 542 1394 3187 
9508 4 0 1760 2963 305 4377 
9509 4 0 387 2998 2550 4155 
9510 4 0 998 3319 2659 3204 
9511 4 0 542 531 1394 3187 
9512 4 0 3659 1184 4624 474 
9513 4 0 4556 37 1397 2718 
9514 4 0 1069 37 1397 4556 
9515 4 0 2767 2107 2834 582 
9516 4 0 2457 3228 597 1970 
9517 4 0 2211 473 2146 3934 
9518 4 0 2435 627 1286 3319 
9519 4 0 2044 931 355 760 
9520 4 0 3259 2236 3277 741 
9521 4 0 2271 4500 1007 2352 
9522 4 0 2675 375 2349 2379 
9523 4 0 3867 2631 1900 442 
9524 4 0 3867 2085 1900 2631 
9525 4 0 1738 2453 2620 2489 
9526 4 0 3643 2887 2997 2492 
9527 4 0 2453 2489 2209 2126 
9528 4 0 1738 2453 2450 2620 
9529 4 0 2496 2944 4115 4187 
9530 4 0 3867 2708 4195 2631 
9531 4 0 3867 2631 4195 2085 
9532 4 0 2145 3227 915 1976 
9533 4 0 3260 2066 453 3119 
9534 4 0 3119 692 453 4106 
9535 4 0 2561 2079 3260 2066 
9536 4 0 2938 4404 1628 3201 
9537 4 0 4346 4325 202 1387 
9538 4 0 3321 4307 1246 1034 
9539 4 0 4307 3238 1246 1034 
9540 4 0 3765 3216 603 3358 
9541 4 0 2505 3145 2150 1951 
9542 4 0 2859 2258 3823 4369 
9543 4 0 2859 1339 4369 3823 
9544 4 0 392 2344 809 2250 
9545 4 0 2616 1512 398 1514 
9546 4 0 3932 2385 3675 3745 
9547 4 0 1708 1894 4164 2561 
9548 4 0 3696 2672 663 2108 
9549 4 0 2107 154 176 582 
9550 4 0 3394 1821 2547 3104 
9551 4 0 3626 1902 957 2748 
9552 4 0 122 1209 572 143 
9553 4 0 4130 282 4007 1841 
9554 4 0 143 962 1209 572 
9555 4 0 1303 441 3281 2901 
9556 4 0 2429 2646 768 3150 
9557 4 0 2395 1303 2901 2460 
9558 4 0 4210 2388 3445 2022 
9559 4 0 4306 497 1063 2910 
9560 4 0 4057 4228 3842 2810 
9561 4 0 2336 2521 3072 3493 
9562 4 0 3782 3206 4514 2336 
9563 4 0 588 2367 445 2346 
9564 4 0 4305 1438 2827 1437 
9565 4 0 4334 4346 439 4325 
9566 4 0 2442 1968 1815 1600 
9567 4 0 1641 2998 1117 2508 
9568 4 0 648 3359 4246 1616 
9569 4 0 2686 3556 2431 3929 
9570 4 0 4189 2413 4018 2153 
9571 4 0 4189 4018 2264 2153 
9572 4 0 803 2009 2264 1912 
9573 4 0 1592 1390 3802 1543 
9574 4 0 4343 4344 1537 3956 
9575 4 0 1714 4344 1537 4343 
9576 4 0 2599 2495 3320 2989 
9577 4 0 397 3010 2719 2771 
9578 4 0 2719 3617 2034 489 
9579 4 0 268 241 2834 2333 
9580 4 0 2757 3442 2689 953 
9581 4 0 4258 3009 268 2333 
9582 4 0 2415 1905 2126 2151 
9583 4 0 1848 3928 3469 2573 
9584 4 0 3365 4234 4381 318 
9585 4 0 1608 982 3174 1940 
9586 4 0 982 1608 3174 120 
9587 4 0 1471 2821 2531 3668 
9588 4 0 3677 598 3345 3680 
9589 4 0 2275 2475 3948 3082 
9590 4 0 1001 1387 3581 1002 
9591 4 0 1001 1082 1002 3581 
9592 4 0 3581 1387 440 1002 
9593 4 0 3548 3909 3346 2831 
9594 4 0 2436 3054 375 2640 
9595 4 0 3685 974 2902 3243 
9596 4 0 403 3577 1510 3183 
9597 4 0 3183 1806 1510 658 
9598 4 0 1806 3183 1510 2090 
9599 4 0 2689 2004 3442 2785 
9600 4 0 4636 1323 3347 3624 
9601 4 0 4016 427 4000 371 
9602 4 0 1874 1264 685 947 
9603 4 0 2636 1754 564 525 
9604 4 0 3729 409 931 2044 
9605 4 0 3852 3817 2988 1040 
9606 4 0 3963 3393 918 4451 
9607 4 0 3963 918 3393 1280 
9608 4 0 2454 3225 2365 898 
9609 4 0 2454 3237 2139 2365 
9610 4 0 3442 363 953 4217 
9611 4 0 3442 3075 363 4217 
9612 4 0 2324 2311 3615 2638 
9613 4 0 1153 4158 2374 3246 
9614 4 0 112 3850 899 895 
9615 4 0 3634 3716 3333 4368 
9616 4 0 881 883 469 127 
9617 4 0 2395 4323 2901 2058 
9618 4 0 3350 3088 2215 2849 
9619 4 0 3088 2215 2915 3350 
9620 4 0 2159 80 71 2317 
9621 4 0 3119 4106 453 3260 
9622 4 0 2342 2954 2475 938 
9623 4 0 2561 3119 2066 3260 
9624 4 0 1818 2192 2662 4033 
9625 4 0 684 2192 360 3508 
9626 4 0 2996 539 2914 3236 
9627 4 0 4076 1635 2515 2405 
9628 4 0 3352 476 4017 416 
9629 4 0 438 611 2018 2394 
9630 4 0 611 3598 2394 3155 
9631 4 0 3601 3852 4460 3994 
9632 4 0 3994 3852 4460 1578 
9633 4 0 3803 2400 3023 3004 
9634 4 0 3803 446 3004 2626 
9635 4 0 3004 4188 4211 3803 
9636 4 0 1208 2840 2993 2748 
9637 4 0 794 2840 1208 2748 
9638 4 0 2220 4133 4296 2599 
9639 4 0 1824 757 2307 906 
9640 4 0 2675 375 2545 2349 
9641 4 0 4639 2438 4621 474 
9642 4 0 1264 2267 1750 1488 
9643 4 0 2156 969 4066 1373 
9644 4 0 2171 3117 1288 66 
9645 4 0 602 4621 474 3138 
9646 4 0 2314 2981 834 1550 
9647 4 0 3912 4066 969 3603 
9648 4 0 382 834 2577 1550 
9649 4 0 4401 2772 4429 2340 
9650 4 0 4141 2340 480 3297 
9651 4 0 600 526 3253 3803 
9652 4 0 2895 1094 3057 3341 
9653 4 0 365 2033 2754 2124 
9654 4 0 2455 4033 2521 2662 
9655 4 0 1818 2662 2521 4033 
9656 4 0 1148 2895 3057 4405 
9657 4 0 3155 2394 2295 4264 
9658 4 0 2873 2181 3524 2751 
9659 4 0 429 2648 1722 1991 
9660 4 0 3352 4291 2574 2325 
9661 4 0 4174 509 2421 2296 
9662 4 0 1757 509 2296 4641 
9663 4 0 3421 3362 3429 2271 
9664 4 0 3802 1543 2532 1592 
9665 4 0 2006 3256 4106 3630 
9666 4 0 891 464 4539 651 
9667 4 0 3046 2664 3489 3050 
9668 4 0 2317 2567 12 2099 
9669 4 0 457 1803 2797 4059 
9670 4 0 2650 2248 3034 1412 
9671 4 0 624 3146 3443 3067 
9672 4 0 3750 3949 2771 4637 
9673 4 0 3443 3067 3146 1770 
9674 4 0 399 2287 1929 2161 
9675 4 0 2729 4151 3063 3591 
9676 4 0 1207 2729 3063 3591 
9677 4 0 1293 1287 3299 1392 
9678 4 0 2888 2913 4220 4417 
9679 4 0 2888 4220 3157 4417 
9680 4 0 2928 2896 2294 2720 
9681 4 0 1491 2454 2958 3370 
9682 4 0 3291 3370 3955 2454 
9683 4 0 3370 3291 3191 3282 
9684 4 0 369 712 4509 2500 
9685 4 0 3992 4181 2500 1498 
9686 4 0 2500 3992 4509 3185 
9687 4 0 1336 4007 2494 1841 
9688 4 0 3723 3272 3432 471 
9689 4 0 3253 2920 600 3803 
9690 4 0 1210 1213 2220 4400 
9691 4 0 4472 907 3728 4034 
9692 4 0 1697 678 1546 482 
9693 4 0 530 2468 2671 2266 
9694 4 0 2823 1463 1997 2472 
9695 4 0 1697 797 1546 678 
9696 4 0 2257 1666 1959 3120 
9697 4 0 1959 2257 3768 1666 
9698 4 0 2097 2863 3819 3175 
9699 4 0 440 1763 441 3563 
9700 4 0 3902 570 4568 3939 
9701 4 0 3563 4365 441 440 
9702 4 0 3196 4303 3388 4292 
9703 4 0 496 4292 4303 3196 
9704 4 0 2561 3951 3260 4164 
9705 4 0 1755 1520 877 3260 
9706 4 0 1755 3951 1533 3260 
9707 4 0 3470 3808 567 184 
9708 4 0 2460 2603 1703 4323 
9709 4 0 3762 2537 4382 891 
9710 4 0 2135 782 2804 1611 
9711 4 0 2804 2454 782 2135 
9712 4 0 3648 702 3041 3064 
9713 4 0 2543 2104 3497 2805 
9714 4 0 782 2454 2804 3737 
9715 4 0 3777 1761 1388 3076 
9716 4 0 1969 1733 2874 1397 
9717 4 0 378 3470 2064 2792 
9718 4 0 3559 2214 1070 391 
9719 4 0 1407 624 1754 626 
9720 4 0 2076 1903 2212 2106 
9721 4 0 3428 2076 2212 2106 
9722 4 0 2969 2679 2233 1239 
9723 4 0 1303 3492 1704 2977 
9724 4 0 3118 2679 2969 1239 
9725 4 0 2464 2010 2012 3964 
9726 4 0 2678 2012 768 3964 
9727 4 0 3555 3593 393 3055 
9728 4 0 1881 2449 2396 4001 
9729 4 0 2449 4001 1881 3860 
9730 4 0 2449 4001 3860 810 
9731 4 0 459 3045 2914 539 
9732 4 0 4422 2743 459 2914 
9733 4 0 1550 3577 2073 2314 
9734 4 0 1494 4205 3210 528 
9735 4 0 2720 2002 812 3180 
9736 4 0 3643 2492 1934 1924 
9737 4 0 1581 2016 1351 1346 
9738 4 0 2448 1955 2424 2956 
9739 4 0 3045 3730 2671 2807 
9740 4 0 2448 1375 1955 2956 
9741 4 0 463 3298 460 2471 
9742 4 0 3380 3298 3233 2935 
9743 4 0 3371 2045 3837 2201 
9744 4 0 1145 2982 2485 2201 
9745 4 0 4049 4144 1072 4435 
9746 4 0 4049 876 2788 4144 
9747 4 0 3939 4562 2105 1197 
9748 4 0 4562 3939 3754 1197 
9749 4 0 2230 4214 2819 2753 
9750 4 0 2327 36 2753 2819 
9751 4 0 3228 3552 4243 3179 
9752 4 0 2551 2638 3586 1820 
9753 4 0 2638 3035 3586 1820 
9754 4 0 2853 4654 3949 3750 
9755 4 0 3778 2447 3652 2945 
9756 4 0 489 2532 462 396 
9757 4 0 2945 2147 4177 2177 
9758 4 0 1520 2006 2420 1587 
9759 4 0 1520 4199 2006 1587 
9760 4 0 2510 904 1674 873 
9761 4 0 3802 1390 2630 1543 
9762 4 0 3628 2630 1954 1390 
9763 4 0 2251 4153 3385 4380 
9764 4 0 2824 387 2697 3359 
9765 4 0 1264 2894 4173 14 
9766 4 0 90 2566 94 4251 
9767 4 0 90 2566 4251 113 
9768 4 0 2301 3094 4165 1084 
9769 4 0 3816 3527 2558 1310 
9770 4 0 4419 3223 1627 3175 
9771 4 0 554 2174 2999 380 
9772 4 0 1627 4419 3175 4378 
9773 4 0 1315 3476 3075 3560 
9774 4 0 3281 2685 4334 3040 
9775 4 0 2224 378 2056 2792 
9776 4 0 378 807 184 2059 
9777 4 0 638 3589 1328 3372 
9778 4 0 4195 3589 2631 3372 
9779 4 0 3886 3584 2019 571 
9780 4 0 2436 375 2362 771 
9781 4 0 2005 494 4571 3874 
9782 4 0 494 3874 2005 3639 
9783 4 0 3018 2236 3259 741 
9784 4 0 3242 3277 4503 3170 
9785 4 0 975 4303 3290 3314 
9786 4 0 975 3388 4601 3290 
9787 4 0 4653 3461 472 4342 
9788 4 0 4653 3461 2906 472 
9789 4 0 2906 3461 3934 472 
9790 4 0 1397 2590 4249 687 
9791 4 0 839 2702 692 3843 
9792 4 0 4183 4032 3180 2720 
9793 4 0 4183 1560 4032 2720 
9794 4 0 3784 3114 1308 219 
9795 4 0 3114 219 1673 4372 
9796 4 0 32 2592 4173 3105 
9797 4 0 4173 23 2894 32 
9798 4 0 1819 407 3479 1823 
9799 4 0 1980 3279 4008 3683 
9800 4 0 443 369 941 2500 
9801 4 0 941 3434 1677 369 
9802 4 0 369 4509 941 2500 
9803 4 0 4214 2819 4554 1200 
9804 4 0 456 3585 2711 2205 
9805 4 0 2322 2049 3856 2836 
9806 4 0 383 2812 2134 1808 
9807 4 0 3751 2812 2134 2832 
9808 4 0 1906 532 3963 3977 
9809 4 0 3963 4019 3224 1906 
9810 4 0 1576 4430 1577 2160 
9811 4 0 3569 1354 1585 2702 
9812 4 0 4519 3259 3018 2402 
9813 4 0 3935 644 543 3332 
9814 4 0 929 2896 2692 3523 
9815 4 0 3369 3463 1452 1441 
9816 4 0 3291 2724 3282 3237 
9817 4 0 939 2889 3880 2095 
9818 4 0 3115 2940 1990 1911 
9819 4 0 904 2325 4372 3547 
9820 4 0 2162 3441 1922 2667 
9821 4 0 2496 3441 2178 2944 
9822 4 0 450 3688 1933 773 
9823 4 0 1856 2520 3968 3716 
9824 4 0 1845 2414 3284 2825 
9825 4 0 2602 1886 2520 1884 
9826 4 0 2995 2471 3592 2520 
9827 4 0 2198 2935 1011 2853 
9828 4 0 3190 2658 1364 2146 
9829 4 0 509 1458 4022 4363 
9830 4 0 3397 2643 1204 2781 
9831 4 0 354 3432 4689 3272 
9832 4 0 1692 728 396 699 
9833 4 0 4566 3051 3722 3286 
9834 4 0 2319 3144 1969 3455 
9835 4 0 3010 886 2719 508 
9836 4 0 3144 3455 2319 2163 
9837 4 0 1634 517 1202 3288 
9838 4 0 4657 3512 3379 3399 
9839 4 0 3823 472 4342 1339 
9840 4 0 1339 4653 4342 3226 
9841 4 0 508 3010 1989 3298 
9842 4 0 2771 3010 508 3298 
9843 4 0 2771 3010 3298 1037 
9844 4 0 2835 3690 3383 3020 
9845 4 0 2260 480 912 3535 
9846 4 0 2018 658 2394 3374 
9847 4 0 1360 3482 3287 2664 
9848 4 0 2238 650 2623 3304 
9849 4 0 4268 1193 1518 3533 
9850 4 0 4550 971 3588 2415 
9851 4 0 2711 4268 3533 1193 
9852 4 0 1710 2711 3533 1193 
9853 4 0 3238 385 959 1364 
9854 4 0 2800 3290 3196 3314 
9855 4 0 4440 2394 2295 438 
9856 4 0 4440 2295 805 438 
9857 4 0 1341 3026 2701 3413 
9858 4 0 2247 331 2547 3394 
9859 4 0 2547 757 754 2307 
9860 4 0 2472 2606 4205 2087 
9861 4 0 3262 2547 3104 2247 
9862 4 0 2814 2606 4205 2472 
9863 4 0 3266 2982 1322 2485 
9864 4 0 2427 442 2230 2184 
9865 4 0 3440 4182 2486 3070 
9866 4 0 3440 4182 3101 2486 
9867 4 0 1955 4480 1375 3401 
9868 4 0 371 3194 2758 4026 
9869 4 0 2619 3760 3247 3806 
9870 4 0 999 3261 2854 2866 
9871 4 0 386 1916 3088 615 
9872 4 0 525 3146 965 1770 
9873 4 0 547 3294 2728 4506 
9874 4 0 4489 3294 3159 2536 
9875 4 0 1584 3501 4309 3171 
9876 4 0 904 385 603 444 
9877 4 0 713 2927 3622 863 
9878 4 0 1304 3623 2803 2799 
9879 4 0 3657 3830 1762 2549 
9880 4 0 3296 2844 1297 2138 
9881 4 0 2322 2844 3296 2138 
9882 4 0 3529 2873 2913 2888 
9883 4 0 3035 393 3406 4089 
9884 4 0 1212 2142 1810 474 
9885 4 0 3274 1813 444 2617 
9886 4 0 3751 2617 444 2404 
9887 4 0 3529 2873 2888 251 
9888 4 0 1353 3328 2328 1837 
9889 4 0 2346 4318 3276 4413 
9890 4 0 4320 2640 4495 3054 
9891 4 0 1856 3389 4213 1186 
9892 4 0 2230 1047 2752 2226 
9893 4 0 2251 2868 4153 1544 
9894 4 0 556 4083 1478 714 
9895 4 0 2091 2701 2197 389 
9896 4 0 168 166 380 4595 
9897 4 0 1190 1521 2702 2502 
9898 4 0 2502 3835 1190 2603 
9899 4 0 168 554 4595 380 
9900 4 0 2434 1108 2004 3476 
9901 4 0 3131 3776 1635 2515 
9902 4 0 2402 4502 2236 3121 
9903 4 0 2494 4007 4654 1841 
9904 4 0 1841 4654 885 4007 
9905 4 0 4386 1944 2768 1228 
9906 4 0 2836 4259 3107 1567 
9907 4 0 2836 3107 1292 1567 
9908 4 0 431 3805 3954 2981 
9909 4 0 4189 2413 3300 4018 
9910 4 0 2435 627 2949 628 
9911 4 0 3765 603 2391 3358 
9912 4 0 885 2853 1317 3897 
9913 4 0 2771 1037 2853 3750 
9914 4 0 993 2853 3897 1317 
9915 4 0 2809 3413 2701 2170 
9916 4 0 2430 623 2525 634 
9917 4 0 2525 634 623 3702 
9918 4 0 2910 4374 1063 2173 
9919 4 0 1495 2910 2173 4374 
9920 4 0 1019 2318 1914 758 
9921 4 0 1988 333 1914 758 
9922 4 0 1185 4170 2861 2208 
9923 4 0 1580 1823 2995 3369 
9924 4 0 2935 3233 2853 3298 
9925 4 0 1819 2553 407 1833 
9926 4 0 3587 2442 1815 2011 
9927 4 0 4628 2442 1552 2962 
9928 4 0 961 594 3357 3218 
9929 4 0 2408 1320 2583 1035 
9930 4 0 3460 2493 3946 854 
9931 4 0 360 2192 39 3508 
9932 4 0 854 2493 3775 3460 
9933 4 0 3344 4033 2455 2192 
9934 4 0 2408 2583 1320 3244 
9935 4 0 3462 3274 3042 1221 
9936 4 0 1653 2698 3451 2704 
9937 4 0 3703 744 3502 2956 
9938 4 0 2131 3194 3801 1466 
9939 4 0 4231 2451 2266 2468 
9940 4 0 2451 3332 2468 667 
9941 4 0 3447 3382 2721 3506 
9942 4 0 1544 1150 3024 1982 
9943 4 0 2244 804 38 1104 
9944 4 0 1104 804 3726 2244 
9945 4 0 1496 1104 2282 4339 
9946 4 0 3726 2244 804 2662 
9947 4 0 3857 1849 4439 433 
9948 4 0 433 1849 4439 4341 
9949 4 0 4475 4542 3165 4541 
9950 4 0 2548 2478 3355 2133 
9951 4 0 2548 226 2524 2478 
9952 4 0 349 340 2563 3417 
9953 4 0 4432 4542 4541 3165 
9954 4 0 3607 4034 3728 901 
9955 4 0 3334 3131 3551 2357 
9956 4 0 1844 3973 2641 1993 
9957 4 0 2066 3119 2561 1702 
9958 4 0 3486 1993 2278 3973 
9959 4 0 1353 3328 3093 1962 
9960 4 0 2890 3093 3328 1962 
9961 4 0 2579 459 2068 1469 
9962 4 0 4050 1542 3628 1390 
9963 4 0 2080 3626 2850 3071 
9964 4 0 387 2697 3359 1618 
9965 4 0 2108 611 956 2168 
9966 4 0 611 1688 956 2748 
9967 4 0 2590 1969 4100 1994 
9968 4 0 2836 2742 2844 2010 
9969 4 0 4510 3325 3554 1501 
9970 4 0 3325 4345 3554 1501 
9971 4 0 3423 3725 3818 535 
9972 4 0 386 1916 856 3088 
9973 4 0 2165 2796 2870 3327 
9974 4 0 3586 3035 2397 2425 
9975 4 0 1543 3160 4025 2532 
9976 4 0 3802 1543 4025 2532 
9977 4 0 3423 4504 2256 535 
9978 4 0 3255 1775 378 2364 
9979 4 0 1403 790 977 1224 
9980 4 0 2941 1403 1224 790 
9981 4 0 1466 427 3801 1043 
9982 4 0 50 1217 2654 2159 
9983 4 0 2999 554 380 790 
9984 4 0 2999 790 380 2668 
9985 4 0 2413 2755 2097 1009 
9986 4 0 2728 1009 2413 505 
9987 4 0 1276 1212 1810 474 
9988 4 0 802 3502 2659 3809 
9989 4 0 3502 802 2292 3809 
9990 4 0 972 2111 2076 2794 
9991 4 0 2794 2111 2076 3428 
9992 4 0 2300 3317 3239 3137 
9993 4 0 2333 241 2548 3009 
9994 4 0 2534 68 690 57 
9995 4 0 2955 4099 2428 511 
9996 4 0 3199 2843 3126 2495 
9997 4 0 2843 3199 3126 1368 
9998 4 0 2741 4241 3424 2316 
9999 4 0 2741 4241 814 3424 
10000 4 0 2683 2045 2694 926 
10001 4 0 3024 2799 1544 2803 
10002 4 0 206 3532 4640 1453 
10003 4 0 3524 220 4258 242 
10004 4 0 847 1038 2580 4473 
10005 4 0 2580 2657 847 4473 
10006 4 0 2579 2716 1594 3518 
10007 4 0 3603 1373 969 3394 
10008 4 0 122 1209 2840 572 
10009 4 0 122 2840 3032 572 
10010 4 0 1546 3571 2132 3425 
10011 4 0 4495 2707 4572 2640 
10012 4 0 422 4663 4060 4662 
10013 4 0 1256 624 1258 564 
10014 4 0 2515 2600 1679 3131 
10015 4 0 3884 1421 2974 2675 
10016 4 0 1421 2675 3884 1401 
10017 4 0 4127 1344 377 1343 
10018 4 0 2106 3428 526 2212 
10019 4 0 1110 3347 3244 4221 
10020 4 0 4468 3375 1196 2779 
10021 4 0 4468 1196 2908 2779 
10022 4 0 2821 1740 4694 2867 
10023 4 0 3941 3266 1804 3635 
10024 4 0 1555 565 1556 1563 
10025 4 0 3884 4558 1419 970 
10026 4 0 1556 4614 2372 565 
10027 4 0 1556 1555 4614 565 
10028 4 0 4221 836 3426 1110 
10029 4 0 2784 3302 2601 2436 
10030 4 0 181 470 775 3348 
10031 4 0 181 469 3348 883 
10032 4 0 2517 3401 4480 4156 
10033 4 0 205 3112 3308 243 
10034 4 0 2517 4156 1854 3401 
10035 4 0 852 1455 2668 194 
10036 4 0 1455 179 380 194 
10037 4 0 1592 4110 396 2532 
10038 4 0 3219 4612 4589 4613 
10039 4 0 1375 744 4001 3604 
10040 4 0 2527 2190 3800 3103 
10041 4 0 3860 4463 810 4001 
10042 4 0 4001 810 1375 3604 
10043 4 0 1716 2528 1027 367 
10044 4 0 486 1720 1460 3983 
10045 4 0 3328 599 4037 1962 
10046 4 0 618 1527 3114 379 
10047 4 0 416 379 4017 3752 
10048 4 0 4668 486 3983 1720 
10049 4 0 4338 1784 3330 2469 
10050 4 0 3827 3868 1086 3735 
10051 4 0 1469 459 2067 3175 
10052 4 0 1392 630 1287 2137 
10053 4 0 3669 2024 1747 1676 
10054 4 0 2137 630 634 1392 
10055 4 0 4233 3614 2680 2541 
10056 4 0 3902 3614 4233 2541 
10057 4 0 4312 3789 1573 428 
10058 4 0 4497 2865 2335 3076 
10059 4 0 2794 3428 2841 4458 
10060 4 0 386 2866 999 2854 
10061 4 0 471 2057 4213 3272 
10062 4 0 2367 2274 2575 3041 
10063 4 0 3041 2575 1863 2274 
10064 4 0 3696 4534 4358 819 
10065 4 0 4358 3696 819 4043 
10066 4 0 4459 3084 1398 1095 
10067 4 0 668 1398 4459 3084 
10068 4 0 4459 1144 1398 668 
10069 4 0 4051 1614 3760 4476 
10070 4 0 4476 4051 3518 3760 
10071 4 0 2827 569 2960 1999 
10072 4 0 2827 1999 2960 1669 
10073 4 0 3390 400 906 752 
10074 4 0 1070 1669 2475 2827 
10075 4 0 1166 677 3430 2483 
10076 4 0 3864 3532 1453 381 
10077 4 0 176 193 2107 2366 
10078 4 0 3608 2497 2469 2528 
10079 4 0 3882 2856 1522 396 
10080 4 0 3882 2856 764 1522 
10081 4 0 2895 1094 3635 4448 
10082 4 0 3768 4448 3635 1094 
10083 4 0 4384 1296 3638 502 
10084 4 0 771 3215 1160 790 
10085 4 0 2783 2829 3911 2502 
10086 4 0 741 3755 665 4521 
10087 4 0 4521 3725 665 741 
10088 4 0 2595 1931 2745 2521 
10089 4 0 4609 4605 1724 4611 
10090 4 0 3849 4609 1724 4611 
10091 4 0 4605 1724 3475 4609 
10092 4 0 3983 3473 1720 2175 
10093 4 0 3036 550 3019 1699 
10094 4 0 470 1001 3581 181 
10095 4 0 4403 483 1926 3845 
10096 4 0 3506 2602 2043 2995 
10097 4 0 2267 1750 13 5 
10098 4 0 3709 100 1187 4017 
10099 4 0 4017 1175 3709 100 
10100 4 0 4017 1187 4163 100 
10101 4 0 3253 526 2867 3803 
10102 4 0 2920 2626 3803 3023 
10103 4 0 4213 2995 2602 2520 
10104 4 0 3671 3976 1168 1044 
10105 4 0 1867 3976 3671 1044 
10106 4 0 443 941 3434 4207 
10107 4 0 2559 4407 3978 4254 
10108 4 0 641 3096 468 467 
10109 4 0 4254 3714 4407 3978 
10110 4 0 3978 3714 4407 1017 
10111 4 0 2559 4407 1017 3978 
10112 4 0 3534 1519 2615 2205 
10113 4 0 580 3522 4696 4512 
10114 4 0 2615 1519 3116 2205 
10115 4 0 660 1330 658 1732 
10116 4 0 3521 264 250 2543 
10117 4 0 3586 2824 2089 2523 
10118 4 0 2543 264 250 2182 
10119 4 0 2171 3117 66 59 
10120 4 0 403 3183 1510 658 
10121 4 0 2356 2851 1227 2700 
10122 4 0 2700 3763 2851 1227 
10123 4 0 1069 687 2254 1397 
10124 4 0 2383 997 367 1071 
10125 4 0 2084 2026 955 2383 
10126 4 0 2026 955 2383 4049 
10127 4 0 2383 4435 2026 4049 
10128 4 0 1369 1024 1368 3126 
10129 4 0 3546 3207 3179 3324 
10130 4 0 3674 3929 3039 3008 
10131 4 0 480 3297 2251 4141 
10132 4 0 3225 3237 1099 2108 
10133 4 0 1933 481 1864 2204 
10134 4 0 1044 1867 3976 3582 
10135 4 0 1112 2657 847 3303 
10136 4 0 2657 2580 847 3303 
10137 4 0 2454 3237 3291 3282 
10138 4 0 2406 2454 3237 3291 
10139 4 0 4208 3630 692 3977 
10140 4 0 3063 2158 4071 2289 
10141 4 0 2720 2800 2196 2540 
10142 4 0 2800 3314 2196 2540 
10143 4 0 4660 4111 3977 4208 
10144 4 0 1430 769 3342 3936 
10145 4 0 2656 68 3083 690 
10146 4 0 2232 3131 3205 3551 
10147 4 0 632 3343 595 4350 
10148 4 0 220 2366 2107 193 
10149 4 0 2949 3343 2589 595 
10150 4 0 211 4250 2055 2850 
10151 4 0 361 2455 4071 3344 
10152 4 0 2455 3344 361 4311 
10153 4 0 361 4071 2696 3344 
10154 4 0 1741 1728 3047 3797 
10155 4 0 4337 3355 1365 3665 
10156 4 0 3402 3851 2080 2165 
10157 4 0 3327 536 654 2165 
10158 4 0 1902 3402 2080 2165 
10159 4 0 3402 2080 3851 3858 
10160 4 0 1554 414 1791 4396 
10161 4 0 3038 1725 4116 3513 
10162 4 0 3197 3322 3125 3929 
10163 4 0 2760 2515 4076 2950 
10164 4 0 4100 683 2955 362 
10165 4 0 2955 683 2443 362 
10166 4 0 3485 1723 4488 3796 
10167 4 0 4488 3485 3796 4222 
10168 4 0 3911 244 4117 1083 
10169 4 0 457 3134 2260 764 
10170 4 0 2694 1021 3395 252 
10171 4 0 3597 252 3395 1021 
10172 4 0 504 98 675 3376 
10173 4 0 3090 675 98 97 
10174 4 0 1490 3182 894 3225 
10175 4 0 3090 675 504 98 
10176 4 0 2946 3781 2187 3769 
10177 4 0 3401 2721 3447 2092 
10178 4 0 3447 2721 3401 3506 
10179 4 0 2700 2356 2851 2113 
10180 4 0 701 832 4124 834 
10181 4 0 2527 4194 3103 4128 
10182 4 0 1179 3103 4194 4128 
10183 4 0 834 4124 4466 832 
10184 4 0 2045 3399 2694 3189 
10185 4 0 721 2460 3189 3379 
10186 4 0 3850 1208 3255 3155 
10187 4 0 3626 2840 2748 2993 
10188 4 0 2339 3645 2977 4069 
10189 4 0 4227 4628 2442 4045 
10190 4 0 3676 2977 3673 2303 
10191 4 0 4227 2962 2442 4628 
10192 4 0 3125 3322 2500 4146 
10193 4 0 1696 3125 4181 4146 
10194 4 0 3053 2281 538 4659 
10195 4 0 2731 2158 2031 2631 
10196 4 0 1161 771 1401 2675 
10197 4 0 1060 3254 2229 3564 
10198 4 0 412 996 4098 1118 
10199 4 0 1118 412 996 3006 
10200 4 0 2364 2146 2224 1935 
10201 4 0 3210 1494 3647 4356 
10202 4 0 3224 4019 3963 4178 
10203 4 0 511 649 2166 4099 
10204 4 0 4338 2900 1784 2469 
10205 4 0 4478 3895 3236 2914 
10206 4 0 4221 836 1110 808 
10207 4 0 3385 836 2245 4221 
10208 4 0 4478 2996 2914 3236 
10209 4 0 4512 4398 3522 2168 
10210 4 0 385 3135 3321 2391 
10211 4 0 2391 3826 3358 385 
10212 4 0 2024 4090 4102 2223 
10213 4 0 3425 4347 2132 2628 
10214 4 0 2619 3719 3806 1919 
10215 4 0 2958 4002 1495 2910 
10216 4 0 1495 2910 4374 2958 
10217 4 0 2253 648 387 4085 
10218 4 0 3371 2035 648 2253 
10219 4 0 2594 1127 3235 3848 
10220 4 0 2419 2516 2594 3235 
10221 4 0 2764 390 2102 411 
10222 4 0 390 3124 2764 2102 
10223 4 0 1551 1890 1549 772 
10224 4 0 2219 2384 480 4681 
10225 4 0 3656 2384 392 2219 
10226 4 0 1146 1458 1143 3532 
10227 4 0 1096 1143 3532 1146 
10228 4 0 3100 367 997 1027 
10229 4 0 2929 3919 3742 1396 
10230 4 0 1397 1733 2874 3766 
10231 4 0 2112 3159 2393 4506 
10232 4 0 3806 989 1376 3353 
10233 4 0 2007 3353 989 3806 
10234 4 0 2559 3978 4442 4254 
10235 4 0 1513 4329 4680 4141 
10236 4 0 2069 658 1806 3183 
10237 4 0 4282 4141 4680 4329 
10238 4 0 4518 3820 2402 2470 
10239 4 0 1268 428 3789 1402 
10240 4 0 428 1268 3789 4594 
10241 4 0 3170 535 2256 3242 
10242 4 0 3735 3868 452 3827 
10243 4 0 2748 3255 2993 1208 
10244 4 0 443 4207 1583 941 
10245 4 0 3749 443 3434 4207 
10246 4 0 4207 3749 443 2609 
10247 4 0 1926 3929 3595 3986 
10248 4 0 2821 371 2131 448 
10249 4 0 3986 483 1926 2559 
10250 4 0 3840 3683 3247 2193 
10251 4 0 426 371 3410 2758 
10252 4 0 4594 1225 2622 2770 
10253 4 0 497 3454 4697 4232 
10254 4 0 484 1168 2911 1926 
10255 4 0 3627 3454 4697 1622 
10256 4 0 2770 1225 1268 4594 
10257 4 0 1168 484 4403 1926 
10258 4 0 3099 1733 4574 3455 
10259 4 0 2472 1997 1361 1463 
10260 4 0 2606 3869 1361 2714 
10261 4 0 1270 2606 2564 1997 
10262 4 0 4038 3384 3566 4028 
10263 4 0 3867 1048 651 1049 
10264 4 0 3456 2653 3639 4029 
10265 4 0 513 3454 2709 1741 
10266 4 0 4399 2456 4107 4373 
10267 4 0 4394 4031 1044 3582 
10268 4 0 2287 1541 1857 461 
10269 4 0 692 3386 2081 4106 
10270 4 0 3306 1653 2731 3451 
10271 4 0 1754 626 3559 2029 
10272 4 0 4433 4424 811 4134 
10273 4 0 854 3460 2668 3946 
10274 4 0 2927 2697 863 713 
10275 4 0 2697 1617 863 713 
10276 4 0 3775 2493 2296 3460 
10277 4 0 1123 4134 4433 811 
10278 4 0 2506 3801 3194 3165 
10279 4 0 786 2222 1637 1848 
10280 4 0 3050 3482 1782 1360 
10281 4 0 1637 786 787 2222 
10282 4 0 2587 2190 2334 410 
10283 4 0 4235 654 3360 2931 
10284 4 0 1462 4041 3996 3689 
10285 4 0 4698 472 3934 3461 
10286 4 0 2641 2333 584 590 
10287 4 0 4312 3636 2802 976 
10288 4 0 1995 4059 2797 732 
10289 4 0 3567 3903 4169 1842 
10290 4 0 3513 1725 4465 3038 
10291 4 0 490 2942 4464 4034 
10292 4 0 4465 1725 3513 4456 
10293 4 0 1877 1664 1586 3256 
10294 4 0 4655 1877 3256 1664 
10295 4 0 392 809 4109 1691 
10296 4 0 76 3083 2656 68 
10297 4 0 2346 4413 1651 4301 
10298 4 0 3169 4455 2742 4423 
10299 4 0 4276 4455 4423 2138 
10300 4 0 1848 3469 2825 2573 
10301 4 0 1092 2577 417 839 
10302 4 0 1328 3372 3589 4195 
10303 4 0 3495 2387 4286 3200 
10304 4 0 4286 3495 337 2387 
10305 4 0 3972 2349 3922 1889 
10306 4 0 1189 2062 3520 4158 
10307 4 0 4158 2273 2062 3520 
10308 4 0 1889 2675 2349 1421 
10309 4 0 3464 4580 3940 4565 
10310 4 0 2636 525 2214 2200 
10311 4 0 1853 2789 4006 1332 
10312 4 0 2583 4634 4221 2463 
10313 4 0 4060 423 3840 3166 
10314 4 0 423 4060 3840 3970 
10315 4 0 1110 808 3303 3347 
10316 4 0 3303 3347 4636 1110 
10317 4 0 860 2092 3401 2789 
10318 4 0 2089 2411 3675 1990 
10319 4 0 4199 1480 2006 1587 
10320 4 0 239 1765 404 2543 
10321 4 0 239 404 1765 224 
10322 4 0 239 404 224 2104 
10323 4 0 1647 3864 507 503 
10324 4 0 3718 3977 4477 4111 
10325 4 0 2491 1984 3649 3598 
10326 4 0 601 1984 3598 3649 
10327 4 0 4476 1523 4479 4397 
10328 4 0 1756 1523 4397 4479 
10329 4 0 2911 1926 1636 484 
10330 4 0 3845 483 1926 3986 
10331 4 0 49 691 681 2693 
10332 4 0 3601 2132 2483 3571 
10333 4 0 3311 929 1978 814 
10334 4 0 1978 814 1159 3311 
10335 4 0 1502 2929 4253 3863 
10336 4 0 1502 3511 4253 2929 
10337 4 0 4314 3415 2873 3308 
10338 4 0 4314 2998 3308 1372 
10339 4 0 2525 3545 2430 3113 
10340 4 0 2025 2335 755 2287 
10341 4 0 2632 1310 3179 3527 
10342 4 0 655 3315 2650 2528 
10343 4 0 655 3315 2528 1631 
10344 4 0 2688 2248 2779 3375 
10345 4 0 2869 2381 3329 2556 
10346 4 0 2556 3329 1475 2381 
10347 4 0 2328 599 2085 639 
10348 4 0 2085 1917 1327 639 
10349 4 0 1264 952 2282 1746 
10350 4 0 2766 1264 1058 1746 
10351 4 0 2250 2277 508 2344 
10352 4 0 2250 2277 460 508 
10353 4 0 2250 2924 744 809 
10354 4 0 2250 392 2924 809 
10355 4 0 3337 3391 4684 3654 
10356 4 0 1480 2420 1876 2257 
10357 4 0 2531 2379 1466 3612 
10358 4 0 2917 3378 4315 1891 
10359 4 0 2460 3379 3448 2370 
10360 4 0 4658 3199 2652 3512 
10361 4 0 121 92 1349 4264 
10362 4 0 1349 4264 92 3271 
10363 4 0 2222 3489 4355 2664 
10364 4 0 2439 2556 1475 2381 
10365 4 0 973 970 3643 2817 
10366 4 0 3348 973 3643 2817 
10367 4 0 1547 1472 2994 4331 
10368 4 0 3381 644 671 543 
10369 4 0 2080 2850 3619 3071 
10370 4 0 3619 2850 694 3071 
10371 4 0 2080 4078 3071 3619 
10372 4 0 2033 3324 4327 1309 
10373 4 0 2822 2504 1838 4240 
10374 4 0 2822 1838 3087 4240 
10375 4 0 3087 1838 2212 4240 
10376 4 0 2782 1580 3200 3052 
10377 4 0 2980 2576 2048 3616 
10378 4 0 490 478 4139 2710 
10379 4 0 1274 490 478 4139 
10380 4 0 1969 3433 2874 1516 
10381 4 0 3003 371 3516 426 
10382 4 0 3384 2046 3774 344 
10383 4 0 432 1944 3464 4428 
10384 4 0 3094 1048 2985 1084 
10385 4 0 4118 2148 2966 2049 
10386 4 0 4274 1031 2254 1630 
10387 4 0 2577 2351 2201 2982 
10388 4 0 2160 2124 2033 365 
10389 4 0 4597 2754 4684 2479 
10390 4 0 2479 365 2033 2754 
10391 4 0 4062 3118 1239 4245 
10392 4 0 2668 2999 3931 2362 
10393 4 0 1369 2843 3126 1368 
10394 4 0 2819 4214 3886 1200 
10395 4 0 2364 2637 2993 1156 
10396 4 0 1608 884 1940 3174 
10397 4 0 3886 2819 2226 2230 
10398 4 0 3175 3223 2097 2271 
10399 4 0 2885 2271 2067 2352 
10400 4 0 4462 727 3386 606 
10401 4 0 449 3978 2559 1926 
10402 4 0 4320 2707 4495 2640 
10403 4 0 3651 500 2436 1568 
10404 4 0 4320 3054 4495 4387 
10405 4 0 4202 2691 3611 4439 
10406 4 0 4202 1849 2691 4439 
10407 4 0 1424 3611 3253 4439 
10408 4 0 3197 4081 3516 2487 
10409 4 0 1554 414 370 1943 
10410 4 0 527 3610 2553 407 
10411 4 0 1906 431 3954 3224 
10412 4 0 4019 1906 3963 3977 
10413 4 0 3964 2010 768 3588 
10414 4 0 2848 3964 2186 3278 
10415 4 0 4559 91 2417 4359 
10416 4 0 2238 1211 2329 3390 
10417 4 0 2329 4485 2238 3390 
10418 4 0 1094 3341 2187 4272 
10419 4 0 4601 3392 1945 3290 
10420 4 0 1580 2995 2744 3369 
10421 4 0 2289 4210 3412 2022 
10422 4 0 2464 4414 3278 3636 
10423 4 0 3667 4694 4441 1740 
10424 4 0 2126 2450 2922 4169 
10425 4 0 3294 4506 3159 2112 
10426 4 0 3294 4492 547 2728 
10427 4 0 2021 3216 3811 1683 
10428 4 0 2228 2714 1361 3869 
10429 4 0 2360 1053 3549 3015 
10430 4 0 1683 3358 3216 3765 
10431 4 0 341 331 3394 757 
10432 4 0 1824 757 3394 2307 
10433 4 0 2547 3394 757 2307 
10434 4 0 341 757 3394 400 
10435 4 0 4323 3597 3395 2901 
10436 4 0 2623 1797 2880 3201 
10437 4 0 3476 1783 2434 1961 
10438 4 0 1783 2004 3476 2434 
10439 4 0 771 1676 4596 3705 
10440 4 0 4616 3284 2130 1845 
10441 4 0 409 1983 2152 2240 
10442 4 0 4493 4337 1000 1076 
10443 4 0 3578 580 654 3402 
10444 4 0 3606 4198 505 2695 
10445 4 0 3152 4277 4474 1907 
10446 4 0 1907 4277 3929 3152 
10447 4 0 1066 3825 2514 2345 
10448 4 0 1907 3039 3929 4277 
10449 4 0 3241 620 3703 3203 
10450 4 0 3500 1713 2740 3222 
10451 4 0 4236 2300 3137 372 
10452 4 0 4170 3088 2861 2208 
10453 4 0 4508 711 3491 939 
10454 4 0 4253 2644 2331 1359 
10455 4 0 2905 939 3491 1677 
10456 4 0 3266 1664 4655 3256 
10457 4 0 4195 3589 3419 2085 
10458 4 0 4135 2936 4468 2484 
10459 4 0 730 1858 3692 3386 
10460 4 0 1271 2851 3773 894 
10461 4 0 4612 4590 366 3219 
10462 4 0 1023 3689 3230 3257 
10463 4 0 2496 2372 715 565 
10464 4 0 4615 715 565 2496 
10465 4 0 2923 4229 3632 3075 
10466 4 0 2923 4217 4353 1025 
10467 4 0 477 3352 4291 3697 
10468 4 0 4291 3352 2574 3697 
10469 4 0 2565 335 3404 4030 
10470 4 0 4299 3870 3198 3418 
10471 4 0 4034 3728 4482 4464 
10472 4 0 4482 3728 4034 4472 
10473 4 0 870 3075 3632 4229 
10474 4 0 870 4135 4229 1074 
10475 4 0 1575 3849 515 4300 
10476 4 0 3128 836 3303 1110 
10477 4 0 749 294 745 2025 
10478 4 0 3336 1774 4648 3987 
10479 4 0 4146 712 3855 2500 
10480 4 0 2851 894 1271 3182 
10481 4 0 3624 3347 4636 2580 
10482 4 0 4458 3428 3536 1740 
10483 4 0 3336 2619 1839 3840 
10484 4 0 3380 3298 2471 2520 
10485 4 0 3977 4208 4111 4084 
10486 4 0 4084 3977 3718 4111 
10487 4 0 2195 3159 2376 2393 
10488 4 0 4489 3159 2195 2393 
10489 4 0 1779 2576 3102 813 
10490 4 0 3606 2695 505 2097 
10491 4 0 2035 3371 648 2843 
10492 4 0 3969 157 3450 134 
10493 4 0 2103 3380 3813 3431 
10494 4 0 2657 2924 2580 2250 
10495 4 0 2924 392 2250 2657 
10496 4 0 982 3356 481 4175 
10497 4 0 3201 2863 2938 2623 
10498 4 0 1203 1353 2237 2101 
10499 4 0 4482 1720 4668 3473 
10500 4 0 3367 2543 3497 2182 
10501 4 0 1862 2246 4182 1139 
10502 4 0 3342 2531 3958 2416 
10503 4 0 1423 1418 3958 2531 
10504 4 0 2383 1071 2026 4435 
10505 4 0 6 2149 20 2255 
10506 4 0 612 2255 2149 6 
10507 4 0 390 1172 2102 1683 
10508 4 0 3383 2433 3993 1360 
10509 4 0 1719 3020 3383 3993 
10510 4 0 3225 597 3642 1749 
10511 4 0 3416 3381 543 3136 
10512 4 0 3341 3781 1505 943 
10513 4 0 1231 1578 4542 3002 
10514 4 0 3165 2106 3410 3194 
10515 4 0 2326 2522 2547 3104 
10516 4 0 2194 706 2795 3740 
10517 4 0 3740 2795 2194 1635 
10518 4 0 3416 3381 671 543 
10519 4 0 3276 1944 1838 1707 
10520 4 0 2284 2956 3836 1237 
10521 4 0 1008 3421 2755 2097 
10522 4 0 2456 441 1389 3492 
10523 4 0 2763 1982 2803 3024 
10524 4 0 484 4403 1926 3845 
10525 4 0 373 897 2295 4002 
10526 4 0 611 4002 373 2295 
10527 4 0 2481 4062 3118 2969 
10528 4 0 4062 2969 1239 3118 
10529 4 0 261 233 1763 4346 
10530 4 0 3656 1014 392 2384 
10531 4 0 2576 1779 2048 3616 
10532 4 0 1108 2004 3904 2434 
10533 4 0 3516 4262 1648 2609 
10534 4 0 1926 3929 2686 3595 
10535 4 0 1926 1932 466 2559 
10536 4 0 2830 442 2177 2598 
10537 4 0 3520 3183 658 2069 
10538 4 0 4232 3047 3797 3787 
10539 4 0 2795 2012 2010 768 
10540 4 0 2012 2010 768 3964 
10541 4 0 525 936 937 965 
10542 4 0 4113 1350 436 4454 
10543 4 0 1350 436 4454 3654 
10544 4 0 2210 2067 2097 3421 
10545 4 0 2295 4436 3255 3850 
10546 4 0 3155 3850 4264 2295 
10547 4 0 4171 3053 2884 2939 
10548 4 0 1798 3221 2397 3035 
10549 4 0 2397 1798 3586 3457 
10550 4 0 1475 2628 4179 3446 
10551 4 0 4179 2368 4347 2628 
10552 4 0 2021 1172 4622 3012 
10553 4 0 2060 1304 2799 4040 
10554 4 0 2060 4040 605 1304 
10555 4 0 2886 437 1461 2780 
10556 4 0 2780 3284 2886 437 
10557 4 0 1944 3940 2140 3276 
10558 4 0 3175 4419 2885 2638 
10559 4 0 3278 2464 3636 3964 
10560 4 0 535 3170 3725 1504 
10561 4 0 3423 3725 2672 3818 
10562 4 0 2421 2668 2687 3460 
10563 4 0 856 1916 2208 3088 
10564 4 0 2785 2653 3036 2428 
10565 4 0 1345 3021 3275 3741 
10566 4 0 1072 4435 1718 4049 
10567 4 0 1580 2465 408 2782 
10568 4 0 3394 341 400 1642 
10569 4 0 1184 4624 474 1183 
10570 4 0 3156 2394 4264 2295 
10571 4 0 2890 1962 3328 4037 
10572 4 0 2890 1962 4037 2745 
10573 4 0 2706 478 3767 2710 
10574 4 0 2572 3557 2656 2534 
10575 4 0 466 1932 1926 2686 
10576 4 0 4618 2647 405 4080 
10577 4 0 2220 3320 2495 1704 
10578 4 0 134 1734 102 3481 
10579 4 0 4253 3511 3742 2929 
10580 4 0 2481 1375 2197 2396 
10581 4 0 243 3112 3308 1385 
10582 4 0 2744 3463 1452 3369 
10583 4 0 1580 3813 3431 1452 
10584 4 0 49 681 2244 38 
10585 4 0 11 3176 1031 1108 
10586 4 0 3691 1973 1439 4632 
10587 4 0 2074 2303 2050 2977 
10588 4 0 4083 1476 2780 3284 
10589 4 0 3547 904 3079 3085 
10590 4 0 4636 2580 847 3624 
10591 4 0 890 466 4335 3556 
10592 4 0 1110 3303 847 4636 
10593 4 0 847 4636 3303 2580 
10594 4 0 2783 3843 2502 3911 
10595 4 0 1469 3653 3045 3485 
10596 4 0 477 1622 3352 3459 
10597 4 0 275 3472 3539 285 
10598 4 0 275 1317 3539 3472 
10599 4 0 4642 3954 4651 3805 
10600 4 0 285 3472 3539 296 
10601 4 0 4200 3954 1906 3805 
10602 4 0 489 3617 3280 2719 
10603 4 0 2750 2006 3260 3310 
10604 4 0 3207 3324 2882 4243 
10605 4 0 4243 2928 499 4549 
10606 4 0 3296 1566 1297 2844 
10607 4 0 3518 2716 1594 948 
10608 4 0 3559 3794 1769 3343 
10609 4 0 839 2410 834 431 
10610 4 0 3372 4581 4039 1328 
10611 4 0 2663 2902 4029 1730 
10612 4 0 1169 1625 481 4290 
10613 4 0 2078 960 3268 3110 
10614 4 0 2370 2884 1704 3199 
10615 4 0 2531 746 1431 1423 
10616 4 0 3116 3120 2750 3840 
10617 4 0 3841 2343 1377 3898 
10618 4 0 473 3934 2211 2463 
10619 4 0 1657 2003 1206 658 
10620 4 0 1383 3056 610 3435 
10621 4 0 3435 700 3056 610 
10622 4 0 4566 2534 3051 3286 
10623 4 0 2113 576 2135 2108 
10624 4 0 2075 3336 2750 3987 
10625 4 0 387 1617 2697 1618 
10626 4 0 387 4162 1218 1618 
10627 4 0 4176 364 1678 942 
10628 4 0 970 4359 973 3643 
10629 4 0 3093 3947 3328 1837 
10630 4 0 3093 1837 3328 1353 
10631 4 0 4619 2812 1661 4617 
10632 4 0 2399 3190 4307 959 
10633 4 0 2735 1242 2660 4514 
10634 4 0 3206 4514 1242 2735 
10635 4 0 1242 2301 2735 2660 
10636 4 0 2550 430 3572 2998 
10637 4 0 3228 4243 2669 2928 
10638 4 0 4336 517 2738 3275 
10639 4 0 2314 3731 3554 3054 
10640 4 0 2314 3325 3554 3731 
10641 4 0 2608 529 2982 839 
10642 4 0 529 3266 839 4161 
10643 4 0 1171 4442 3530 983 
10644 4 0 4211 3803 2867 526 
10645 4 0 1554 843 2545 2223 
10646 4 0 4183 1560 2720 2302 
10647 4 0 877 3256 3260 2006 
10648 4 0 615 3088 3350 4170 
10649 4 0 381 2436 672 1250 
10650 4 0 4163 1030 4017 148 
10651 4 0 4017 148 1527 1177 
10652 4 0 1594 948 1194 1519 
10653 4 0 948 4051 1519 1594 
10654 4 0 2556 3446 1018 3778 
10655 4 0 2670 1239 2093 4677 
10656 4 0 2718 1397 4556 2337 
10657 4 0 4262 3962 3410 1295 
10658 4 0 2508 4155 1117 3213 
10659 4 0 1117 3213 4155 1799 
10660 4 0 1250 1453 3089 381 
10661 4 0 2362 3532 3864 381 
10662 4 0 4311 3344 63 51 
10663 4 0 51 1482 4311 3344 
10664 4 0 388 3925 4065 4034 
10665 4 0 2783 3843 692 2502 
10666 4 0 3485 3045 1469 2807 
10667 4 0 2800 3025 2280 3290 
10668 4 0 2514 2438 474 1810 
10669 4 0 1927 602 4621 474 
10670 4 0 2228 597 2269 1749 
10671 4 0 2750 2420 3120 3116 
10672 4 0 3397 3436 2643 2781 
10673 4 0 1933 519 2829 450 
10674 4 0 876 4562 2304 3939 
10675 4 0 561 1609 3911 3439 
10676 4 0 3911 1609 4036 3439 
10677 4 0 3855 369 939 1900 
10678 4 0 4146 2500 3855 1900 
10679 4 0 1816 2791 490 2803 
10680 4 0 3472 2935 1317 3539 
10681 4 0 1902 3626 2080 3071 
10682 4 0 1902 3071 2080 3402 
10683 4 0 2785 3904 2004 1783 
10684 4 0 2004 3904 2434 1783 
10685 4 0 2180 3377 2995 3333 
10686 4 0 3333 3380 3377 2995 
10687 4 0 2888 251 2873 3665 
10688 4 0 1246 2597 992 2190 
10689 4 0 3826 385 3135 3238 
10690 4 0 2362 2577 509 1930 
10691 4 0 1092 1096 180 3532 
10692 4 0 2970 4339 1488 2282 
10693 4 0 3317 1557 372 2300 
10694 4 0 2302 1557 2720 3317 
10695 4 0 3317 2720 372 1557 
10696 4 0 1798 2551 3586 3457 
10697 4 0 3158 1693 668 2965 
10698 4 0 3274 2617 444 2655 
10699 4 0 3454 1622 3459 497 
10700 4 0 562 1633 3521 2543 
10701 4 0 3724 3120 2420 3116 
10702 4 0 3911 2702 3843 2502 
10703 4 0 3613 3075 3442 4217 
10704 4 0 4217 4353 3075 2923 
10705 4 0 1368 3126 1024 3199 
10706 4 0 2965 3689 2623 2157 
10707 4 0 1397 2254 2936 949 
10708 4 0 3707 3132 2495 538 
10709 4 0 2254 19 3142 687 
10710 4 0 3980 4525 4319 1934 
10711 4 0 1717 3127 2868 3405 
10712 4 0 4062 2292 2701 2481 
10713 4 0 2764 3124 390 2789 
10714 4 0 3256 1878 1877 4238 
10715 4 0 4689 3432 354 4625 
10716 4 0 2887 3174 1940 2817 
10717 4 0 2189 519 170 377 
10718 4 0 558 773 186 170 
10719 4 0 3983 622 3465 3246 
10720 4 0 1979 2011 1959 1804 
10721 4 0 3537 1032 1402 3013 
10722 4 0 3013 3537 1032 1429 
10723 4 0 1540 285 3539 296 
10724 4 0 2441 2211 2259 4034 
10725 4 0 2259 4034 2211 2868 
10726 4 0 2259 2868 490 4034 
10727 4 0 4686 3423 2661 575 
10728 4 0 834 4003 4466 3989 
10729 4 0 2798 2339 2977 4069 
10730 4 0 4069 1078 2339 4067 
10731 4 0 2838 3645 2977 2339 
10732 4 0 3588 768 2429 2010 
10733 4 0 1039 3821 1124 1989 
10734 4 0 860 3358 2969 2679 
10735 4 0 489 3280 3617 617 
10736 4 0 2230 442 518 3109 
10737 4 0 2637 2364 2993 3626 
10738 4 0 2167 4576 1573 2290 
10739 4 0 1948 3733 2903 3471 
10740 4 0 4369 3357 1339 2859 
10741 4 0 311 1536 325 3143 
10742 4 0 3225 597 2269 1099 
10743 4 0 3378 4172 2648 724 
10744 4 0 2594 1127 3848 1893 
10745 4 0 3497 2805 3848 1893 
10746 4 0 3406 563 4089 2633 
10747 4 0 2806 3269 3469 570 
10748 4 0 3848 225 2992 2509 
10749 4 0 4144 876 4562 2673 
10750 4 0 2162 4569 4562 2673 
10751 4 0 2117 3247 656 1019 
10752 4 0 800 2231 2249 2956 
10753 4 0 2719 3617 2771 2034 
10754 4 0 3617 3420 2198 2034 
10755 4 0 475 1156 3575 3255 
10756 4 0 1755 1533 1520 3260 
10757 4 0 2342 937 933 938 
10758 4 0 2705 2165 675 4465 
10759 4 0 2250 809 744 2277 
10760 4 0 2834 183 3414 201 
10761 4 0 1969 3455 1516 2874 
10762 4 0 2785 2653 2004 3036 
10763 4 0 2501 2785 2653 2689 
10764 4 0 4538 3242 3170 2256 
10765 4 0 3183 3224 3963 913 
10766 4 0 2399 4194 904 2190 
10767 4 0 3547 904 2399 4194 
10768 4 0 960 904 2325 3268 
10769 4 0 325 523 3011 311 
10770 4 0 2070 490 2791 2942 
10771 4 0 4337 3665 1365 213 
10772 4 0 4286 3377 2426 2861 
10773 4 0 2844 2836 1566 3107 
10774 4 0 1062 4224 2703 2724 
10775 4 0 2724 3642 2703 1062 
10776 4 0 3307 3054 2361 3554 
10777 4 0 3054 2361 375 3307 
10778 4 0 2562 2753 2327 3553 
10779 4 0 4026 2531 3342 2416 
10780 4 0 3035 1745 3555 3221 
10781 4 0 2492 2887 2379 3799 
10782 4 0 2918 2321 3377 4673 
10783 4 0 2918 3377 2861 4673 
10784 4 0 3035 3593 3555 1745 
10785 4 0 150 169 4270 3060 
10786 4 0 1128 2874 3433 2936 
10787 4 0 2874 4570 3433 3316 
10788 4 0 2757 2501 2689 2785 
10789 4 0 4252 1208 3155 794 
10790 4 0 2431 3556 890 3847 
10791 4 0 4232 1065 4697 497 
10792 4 0 2515 2568 1649 1679 
10793 4 0 406 3939 4233 2063 
10794 4 0 322 3488 1988 333 
10795 4 0 4233 3939 406 1461 
10796 4 0 626 3559 3067 1754 
10797 4 0 3032 3542 3995 2268 
10798 4 0 466 3322 3125 3001 
10799 4 0 3001 3322 4146 3762 
10800 4 0 4146 3001 3125 3322 
10801 4 0 3612 2379 1466 2492 
10802 4 0 2537 465 3001 3762 
10803 4 0 1373 3394 341 2247 
10804 4 0 2490 4195 827 659 
10805 4 0 3531 3396 495 3680 
10806 4 0 2361 2185 3307 2581 
10807 4 0 3022 2185 4588 2581 
10808 4 0 2585 2391 3358 2627 
10809 4 0 2648 1943 1571 1991 
10810 4 0 3648 2274 3041 44 
10811 4 0 2701 1341 2809 2659 
10812 4 0 3668 2821 4694 4402 
10813 4 0 2770 791 3562 1033 
10814 4 0 1400 1953 1639 3871 
10815 4 0 3871 3351 1639 1400 
10816 4 0 3496 2322 2095 4585 
10817 4 0 3266 532 2982 839 
10818 4 0 3266 529 839 2982 
10819 4 0 1784 2900 1025 4217 
10820 4 0 398 1486 3382 1514 
10821 4 0 4457 2338 147 556 
10822 4 0 4187 2372 3441 716 
10823 4 0 20 1860 1866 2255 
10824 4 0 2541 3939 1197 4233 
10825 4 0 364 3496 2905 4494 
10826 4 0 3939 3902 1461 4233 
10827 4 0 3902 4233 3939 2541 
10828 4 0 2996 530 539 1022 
10829 4 0 539 2311 530 2863 
10830 4 0 1987 2699 521 2522 
10831 4 0 2177 2598 2357 2830 
10832 4 0 3385 3303 3525 3128 
10833 4 0 24 360 39 3508 
10834 4 0 3344 3508 39 2192 
10835 4 0 2192 39 4033 360 
10836 4 0 2039 2341 2314 3577 
10837 4 0 596 3113 1773 1772 
10838 4 0 2081 4059 457 2075 
10839 4 0 2935 2208 3298 2198 
10840 4 0 2198 3298 2935 2853 
10841 4 0 3570 3682 2274 44 
10842 4 0 3570 3648 44 2274 
10843 4 0 2945 3778 2230 4177 
10844 4 0 3136 4272 2946 3341 
10845 4 0 3748 2409 2458 4267 
10846 4 0 3366 3178 3136 3573 
10847 4 0 542 644 3573 4361 
10848 4 0 3341 3136 543 3573 
10849 4 0 3600 2035 2843 3371 
10850 4 0 1403 1160 790 771 
10851 4 0 1823 3479 4218 407 
10852 4 0 4546 2470 2507 2745 
10853 4 0 3741 3021 3258 3086 
10854 4 0 3037 3327 2870 485 
10855 4 0 264 2543 1765 239 
10856 4 0 2184 442 4177 2830 
10857 4 0 4177 2184 2230 442 
10858 4 0 3643 2817 1901 3348 
10859 4 0 2545 4011 4087 3960 
10860 4 0 1880 1394 3933 3866 
10861 4 0 1189 1810 3520 892 
10862 4 0 3115 1370 2633 3745 
10863 4 0 2667 2692 3313 2372 
10864 4 0 4658 3715 3199 1024 
10865 4 0 1786 1349 4440 3156 
10866 4 0 3252 3768 3635 1959 
10867 4 0 1834 1581 1785 2530 
10868 4 0 3489 3123 3050 3482 
10869 4 0 787 3123 3489 3482 
10870 4 0 4140 2024 1747 1794 
10871 4 0 3926 3287 3323 4348 
10872 4 0 33 48 550 2443 
10873 4 0 1899 2525 1133 1392 
10874 4 0 515 1741 4352 1728 
10875 4 0 4392 2716 3653 4422 
10876 4 0 2011 1552 2442 2962 
10877 4 0 2584 2948 1958 2432 
10878 4 0 374 1461 2780 4233 
10879 4 0 1239 2233 2820 4677 
10880 4 0 3276 1910 2167 2770 
10881 4 0 2167 3276 2770 2622 
10882 4 0 799 2233 4677 2820 
10883 4 0 771 3215 3931 2436 
10884 4 0 4307 3238 959 3190 
10885 4 0 3383 2740 1360 3993 
10886 4 0 2740 1360 3993 1029 
10887 4 0 4317 888 4473 3505 
10888 4 0 2740 1029 3480 2032 
10889 4 0 3476 2434 830 1961 
10890 4 0 2936 4135 2254 2484 
10891 4 0 2254 1251 2004 949 
10892 4 0 870 3560 3075 2484 
10893 4 0 4171 2884 3199 3715 
10894 4 0 728 396 4209 4110 
10895 4 0 3199 3715 2884 3126 
10896 4 0 2370 2884 3199 4171 
10897 4 0 2991 3540 4281 1835 
10898 4 0 684 3508 24 3553 
10899 4 0 3259 2402 2236 3018 
10900 4 0 951 2236 2402 3018 
10901 4 0 4304 2551 1214 1629 
10902 4 0 2747 1704 538 2884 
10903 4 0 2377 3682 1971 3570 
10904 4 0 1971 3682 2274 3570 
10905 4 0 3682 1971 4579 1793 
10906 4 0 2377 1793 1971 3682 
10907 4 0 3630 532 3266 692 
10908 4 0 371 4000 3194 427 
10909 4 0 371 3194 1466 427 
10910 4 0 3671 3976 2911 1168 
10911 4 0 4213 3389 2043 479 
10912 4 0 4213 3389 2602 2043 
10913 4 0 2602 2043 2995 4213 
10914 4 0 968 971 2415 2450 
10915 4 0 4281 3025 2280 2558 
10916 4 0 3832 3677 3680 2501 
10917 4 0 1048 3867 2708 2990 
10918 4 0 2725 3362 2352 3429 
10919 4 0 3063 2452 1207 3591 
10920 4 0 1652 2455 3063 1207 
10921 4 0 1652 3063 2455 2698 
10922 4 0 661 657 1205 2330 
10923 4 0 3867 3762 1900 2085 
10924 4 0 2350 3278 2464 4193 
10925 4 0 3827 1389 3563 441 
10926 4 0 171 3016 1927 4623 
10927 4 0 1927 4623 3016 4621 
10928 4 0 1924 1934 3643 3510 
10929 4 0 2521 2336 3072 3206 
10930 4 0 755 298 748 754 
10931 4 0 755 2699 298 754 
10932 4 0 2753 2019 10 2562 
10933 4 0 2019 2562 360 8 
10934 4 0 1397 3065 1069 4556 
10935 4 0 2615 3033 3116 1519 
10936 4 0 2189 1933 773 519 
10937 4 0 3360 654 536 3015 
10938 4 0 3575 1775 138 3255 
10939 4 0 1573 2167 4594 4576 
10940 4 0 3468 1078 3973 2798 
10941 4 0 2856 1925 3882 736 
10942 4 0 3554 2314 2039 3325 
10943 4 0 3376 2314 3325 2039 
10944 4 0 3640 4483 3014 4048 
10945 4 0 2180 4213 2995 2043 
10946 4 0 2481 800 2292 3502 
10947 4 0 3922 2349 3972 1418 
10948 4 0 2738 2662 2297 3741 
10949 4 0 3116 2750 1839 3840 
10950 4 0 3954 1220 192 913 
10951 4 0 2168 4420 820 2976 
10952 4 0 294 3558 284 2335 
10953 4 0 3558 2335 294 1760 
10954 4 0 2599 2495 3080 4296 
10955 4 0 4296 2220 2495 648 
10956 4 0 2653 3036 2428 2902 
10957 4 0 1741 4352 496 4292 
10958 4 0 3196 1741 496 4292 
10959 4 0 4352 4292 515 1575 
10960 4 0 2123 2433 871 1360 
10961 4 0 1719 871 2433 3383 
10962 4 0 2081 4065 2441 4059 
10963 4 0 3037 1169 4290 1045 
10964 4 0 4110 4136 3802 1390 
10965 4 0 1544 1982 3024 2803 
10966 4 0 1150 1544 4153 1982 
10967 4 0 4691 772 2111 2966 
10968 4 0 2966 772 2111 2010 
10969 4 0 4049 2788 1072 4144 
10970 4 0 2236 1395 3259 3277 
10971 4 0 2236 3277 4503 4502 
10972 4 0 2294 1028 3100 3580 
10973 4 0 2345 3825 2514 3407 
10974 4 0 2376 2247 3104 2156 
10975 4 0 2156 2247 3104 1373 
10976 4 0 498 1099 3291 2406 
10977 4 0 3237 3291 1099 2406 
10978 4 0 842 1934 1924 3510 
10979 4 0 2008 2085 1900 2500 
10980 4 0 2795 3264 3329 4276 
10981 4 0 76 3557 2656 82 
10982 4 0 2150 1951 2968 2833 
10983 4 0 549 266 238 3515 
10984 4 0 549 238 417 839 
10985 4 0 2656 76 68 3557 
10986 4 0 4218 3113 1823 407 
10987 4 0 1632 3383 871 1719 
10988 4 0 1632 1719 3409 3383 
10989 4 0 529 839 2608 1354 
10990 4 0 1336 4130 4007 1841 
10991 4 0 2720 2573 2196 1468 
10992 4 0 3372 858 4151 2572 
10993 4 0 1328 4151 3372 858 
10994 4 0 646 3961 362 3979 
10995 4 0 946 2169 1242 2082 
10996 4 0 3287 3047 3482 1360 
10997 4 0 1211 2380 2329 321 
10998 4 0 2329 1211 321 329 
10999 4 0 2872 2630 2318 1954 
11000 4 0 557 2573 570 3469 
11001 4 0 923 394 4122 3279 
11002 4 0 707 4540 4016 3907 
11003 4 0 4410 3907 707 4016 
11004 4 0 580 3522 4398 4235 
11005 4 0 376 1255 568 564 
11006 4 0 3658 1448 2424 3044 
11007 4 0 3762 4146 2500 3322 
11008 4 0 2871 3316 2908 3387 
11009 4 0 4013 3514 2471 4674 
11010 4 0 398 1486 4688 3382 
11011 4 0 870 1315 3075 3560 
11012 4 0 1306 1485 4688 398 
11013 4 0 4343 1714 4241 2316 
11014 4 0 3441 4561 4575 2162 
11015 4 0 844 171 3602 4620 
11016 4 0 3441 4561 4187 4575 
11017 4 0 716 3441 4187 4575 
11018 4 0 530 2671 1022 2266 
11019 4 0 2671 1022 3730 539 
11020 4 0 4273 3545 1983 3113 
11021 4 0 3637 1983 4273 3545 
11022 4 0 3411 3432 1825 471 
11023 4 0 3601 3994 4460 3530 
11024 4 0 2483 2612 880 3530 
11025 4 0 4169 3567 2453 1738 
11026 4 0 2907 1892 1738 4169 
11027 4 0 1892 4169 2922 2450 
11028 4 0 1738 4169 3567 2907 
11029 4 0 2248 2779 2959 2688 
11030 4 0 3954 3183 1550 3577 
11031 4 0 3367 2543 2104 3497 
11032 4 0 1908 538 2747 2843 
11033 4 0 3963 4451 918 4178 
11034 4 0 4451 3963 4019 4178 
11035 4 0 1780 2576 2839 3102 
11036 4 0 2576 551 2839 3289 
11037 4 0 1730 2371 2428 2005 
11038 4 0 525 3146 1770 3443 
11039 4 0 2436 672 1250 1590 
11040 4 0 2484 2936 3065 2254 
11041 4 0 1329 467 2237 3096 
11042 4 0 1329 2643 2237 1204 
11043 4 0 2832 1178 1927 2218 
11044 4 0 3287 3047 498 4348 
11045 4 0 1844 3467 3735 4490 
11046 4 0 1462 3689 2238 1211 
11047 4 0 2882 3324 495 499 
11048 4 0 1519 4051 1588 3295 
11049 4 0 3141 3544 3174 2601 
11050 4 0 2786 3898 3548 2957 
11051 4 0 572 122 143 4545 
11052 4 0 2521 2698 3240 2455 
11053 4 0 4156 4480 4433 1955 
11054 4 0 4458 4690 1740 3667 
11055 4 0 2758 4690 4313 1740 
11056 4 0 461 4009 3230 2743 
11057 4 0 4024 3230 3862 4009 
11058 4 0 4024 3230 3959 3862 
11059 4 0 2755 3421 2413 2097 
11060 4 0 2106 2758 426 3410 
11061 4 0 2106 4475 3410 426 
11062 4 0 1735 1205 658 1206 
11063 4 0 2133 4417 1176 2873 
11064 4 0 3899 3241 3203 620 
11065 4 0 442 2830 2760 2598 
11066 4 0 3333 2520 3233 3380 
11067 4 0 48 2858 2443 54 
11068 4 0 33 686 48 2443 
11069 4 0 102 3542 2649 3374 
11070 4 0 3323 2947 2422 1727 
11071 4 0 2512 2264 969 3122 
11072 4 0 2845 2933 3759 1087 
11073 4 0 4375 1087 2933 2109 
11074 4 0 1013 851 807 184 
11075 4 0 3622 2927 2089 2385 
11076 4 0 2385 3622 2927 3339 
11077 4 0 4373 261 1763 4346 
11078 4 0 4146 2500 1900 3762 
11079 4 0 4088 3355 3029 2524 
11080 4 0 2430 3545 3498 3756 
11081 4 0 3756 3545 4273 2618 
11082 4 0 2118 2580 4001 744 
11083 4 0 4050 461 3245 1541 
11084 4 0 3546 3179 2474 3324 
11085 4 0 1871 2230 2169 2439 
11086 4 0 2383 4364 4049 3289 
11087 4 0 699 1692 3734 489 
11088 4 0 489 3056 4670 3734 
11089 4 0 2423 3431 1452 1580 
11090 4 0 2873 3415 1385 3308 
11091 4 0 1694 1698 1696 3001 
11092 4 0 1694 1696 1498 4146 
11093 4 0 3342 769 2088 3936 
11094 4 0 407 3610 4388 1671 
11095 4 0 2057 747 2347 3066 
11096 4 0 319 747 3066 2347 
11097 4 0 2057 3333 3066 2347 
11098 4 0 4370 4419 2638 2885 
11099 4 0 3949 2771 3617 1841 
11100 4 0 2876 3548 2786 3898 
11101 4 0 3031 2780 2886 3614 
11102 4 0 3301 2780 3031 3614 
11103 4 0 2680 3614 4233 3301 
11104 4 0 3077 3577 1220 833 
11105 4 0 1220 833 3954 548 
11106 4 0 3969 1220 3577 3954 
11107 4 0 2386 2299 1808 513 
11108 4 0 3082 932 765 933 
11109 4 0 933 3082 932 936 
11110 4 0 439 2953 2943 2421 
11111 4 0 3336 3987 2075 457 
11112 4 0 4346 3757 2943 439 
11113 4 0 2402 3550 3820 4518 
11114 4 0 2950 2322 3296 3981 
11115 4 0 2485 2982 1322 2201 
11116 4 0 4270 742 3060 583 
11117 4 0 2172 4532 3627 3454 
11118 4 0 4697 4232 3454 4532 
11119 4 0 818 534 3995 2976 
11120 4 0 4544 4545 3995 818 
11121 4 0 4544 818 3995 3598 
11122 4 0 2976 534 4520 818 
11123 4 0 3760 3806 3804 1390 
11124 4 0 2418 2341 4260 3920 
11125 4 0 3810 2228 2269 1749 
11126 4 0 1231 3002 4542 3165 
11127 4 0 2643 3234 4043 1658 
11128 4 0 2643 1658 2781 3234 
11129 4 0 2106 2758 3410 3194 
11130 4 0 1242 2660 3121 2301 
11131 4 0 82 3557 2656 2572 
11132 4 0 2750 4060 3840 1959 
11133 4 0 3600 2895 670 2843 
11134 4 0 1250 381 3089 672 
11135 4 0 1885 603 410 2190 
11136 4 0 2924 4317 1036 3505 
11137 4 0 4039 2490 2427 659 
11138 4 0 4039 4195 2490 659 
11139 4 0 3372 659 4039 2427 
11140 4 0 3558 2335 1003 284 
11141 4 0 4290 1625 4114 1045 
11142 4 0 367 954 2877 2383 
11143 4 0 367 2026 2084 2383 
11144 4 0 2714 3869 4453 2606 
11145 4 0 4402 4694 3538 2821 
11146 4 0 3538 1416 2867 4694 
11147 4 0 2141 4182 1139 1132 
11148 4 0 4182 1139 2246 2141 
11149 4 0 2293 270 3823 2859 
11150 4 0 3326 270 3823 3407 
11151 4 0 3145 374 3661 2968 
11152 4 0 4083 3031 2780 1476 
11153 4 0 1949 4083 2780 3284 
11154 4 0 1949 3284 2780 437 
11155 4 0 3276 723 3655 4318 
11156 4 0 1936 3566 1591 4038 
11157 4 0 1475 4179 2628 2368 
11158 4 0 2368 3817 1475 4179 
11159 4 0 3247 1505 2117 3933 
11160 4 0 3261 1406 2854 3498 
11161 4 0 4243 3179 3324 2928 
11162 4 0 999 2854 3261 1406 
11163 4 0 305 2963 1211 2380 
11164 4 0 305 4377 2963 2380 
11165 4 0 1804 1322 943 3635 
11166 4 0 1735 658 1656 1657 
11167 4 0 2483 1166 677 3530 
11168 4 0 4212 674 4409 4177 
11169 4 0 1038 2580 4001 3624 
11170 4 0 786 2386 2825 1845 
11171 4 0 1899 3113 2525 1392 
11172 4 0 3689 3744 2930 3996 
11173 4 0 1985 3985 1954 2630 
11174 4 0 3935 3887 1456 1398 
11175 4 0 2830 3161 2184 3551 
11176 4 0 3072 4332 2521 2595 
11177 4 0 3206 3072 2521 2595 
11178 4 0 2831 3415 3249 3524 
11179 4 0 3890 3678 2386 788 
11180 4 0 2386 3890 788 3123 
11181 4 0 3586 4089 3035 3406 
11182 4 0 2237 1203 640 402 
11183 4 0 1435 2065 1445 1434 
11184 4 0 765 2065 1435 1434 
11185 4 0 2861 4286 2283 2426 
11186 4 0 2507 2470 2890 2745 
11187 4 0 3346 176 2831 193 
11188 4 0 4002 2910 2958 611 
11189 4 0 3094 1047 1052 3722 
11190 4 0 1497 2958 611 4002 
11191 4 0 2271 3175 2885 2067 
11192 4 0 459 2863 2210 2097 
11193 4 0 1385 3415 2873 3524 
11194 4 0 2482 3600 3199 3371 
11195 4 0 2764 411 2789 390 
11196 4 0 545 3115 4018 3429 
11197 4 0 3441 1508 3073 2959 
11198 4 0 3441 1508 4187 4159 
11199 4 0 2176 2747 3715 3126 
11200 4 0 3506 2995 2284 2602 
11201 4 0 2846 2483 3576 1694 
11202 4 0 794 2748 2268 3032 
11203 4 0 2378 3681 3666 2730 
11204 4 0 2252 1287 3899 3203 
11205 4 0 2981 3077 3954 3577 
11206 4 0 3032 2840 794 2748 
11207 4 0 3492 4376 4383 2611 
11208 4 0 2611 3320 3492 2977 
11209 4 0 3875 4376 3492 2611 
11210 4 0 2611 4383 3492 3320 
11211 4 0 204 2141 4182 2246 
11212 4 0 1165 228 2246 2141 
11213 4 0 2863 3201 2311 530 
11214 4 0 2789 1853 605 1173 
11215 4 0 1173 2060 605 2789 
11216 4 0 4040 1173 2060 605 
11217 4 0 800 802 2292 3502 
11218 4 0 4618 4080 405 1188 
11219 4 0 4690 2794 2111 2607 
11220 4 0 2360 3549 1053 857 
11221 4 0 2906 2146 1339 472 
11222 4 0 810 2396 2449 4001 
11223 4 0 2588 3581 181 470 
11224 4 0 3095 2052 2262 2912 
11225 4 0 2731 2031 2276 3589 
11226 4 0 2807 3485 2629 1469 
11227 4 0 2277 1989 508 2344 
11228 4 0 3740 61 823 3205 
11229 4 0 1676 3705 771 2545 
11230 4 0 2842 1790 2272 414 
11231 4 0 675 3090 2705 97 
11232 4 0 2873 3524 2133 2751 
11233 4 0 3238 1319 3732 3285 
11234 4 0 2133 2831 2875 4258 
11235 4 0 1095 2903 533 1948 
11236 4 0 2135 576 3583 3696 
11237 4 0 4668 910 4472 3473 
11238 4 0 3018 4415 665 741 
11239 4 0 3277 3170 1504 741 
11240 4 0 4472 3473 910 4649 
11241 4 0 3585 4488 3574 3485 
11242 4 0 1713 3500 3752 1316 
11243 4 0 3783 1313 1713 2740 
11244 4 0 1483 4050 3791 2713 
11245 4 0 4137 875 3628 4050 
11246 4 0 1313 3752 1713 2740 
11247 4 0 4029 2653 3639 1730 
11248 4 0 994 1121 1035 389 
11249 4 0 2408 2583 389 1035 
11250 4 0 2055 2364 3626 1538 
11251 4 0 2077 3198 1979 415 
11252 4 0 807 227 851 838 
11253 4 0 1979 3988 3198 2077 
11254 4 0 1249 3357 1339 807 
11255 4 0 2077 3198 415 3900 
11256 4 0 2817 3688 3544 1940 
11257 4 0 509 1757 3061 4022 
11258 4 0 3188 3412 517 3337 
11259 4 0 2885 4075 4500 3707 
11260 4 0 2864 3132 4370 4389 
11261 4 0 1437 569 2827 1999 
11262 4 0 3196 3292 1724 515 
11263 4 0 1736 1802 2331 866 
11264 4 0 4199 3941 2006 1480 
11265 4 0 4402 3253 2821 3538 
11266 4 0 2860 1494 4385 528 
11267 4 0 1880 1665 2837 1394 
11268 4 0 1269 1492 2860 4205 
11269 4 0 2022 528 2087 4205 
11270 4 0 2814 4205 2022 2472 
11271 4 0 1880 2903 3933 2837 
11272 4 0 3933 1880 2837 1394 
11273 4 0 2417 2601 4185 3861 
11274 4 0 3326 3407 247 270 
11275 4 0 1862 190 559 1105 
11276 4 0 2520 3592 1884 1125 
11277 4 0 4600 3288 517 1634 
11278 4 0 435 517 1634 3258 
11279 4 0 3884 2675 3215 1161 
11280 4 0 576 2672 4534 3696 
11281 4 0 3683 1909 4008 1980 
11282 4 0 723 2822 2504 1838 
11283 4 0 57 47 2327 2769 
11284 4 0 4368 4213 3891 1186 
11285 4 0 2011 418 916 2442 
11286 4 0 916 2011 2442 2962 
11287 4 0 2442 418 916 491 
11288 4 0 1211 2963 2042 3689 
11289 4 0 305 1211 2963 2335 
11290 4 0 718 3902 4568 719 
11291 4 0 1838 2212 4240 3790 
11292 4 0 258 260 3983 486 
11293 4 0 2507 2704 4037 3644 
11294 4 0 1654 2704 3644 4037 
11295 4 0 3280 1960 3916 2616 
11296 4 0 1334 3280 3617 2719 
11297 4 0 3227 1690 783 1376 
11298 4 0 2051 2540 3025 1574 
11299 4 0 2744 2847 3463 3369 
11300 4 0 1005 2838 3827 1079 
11301 4 0 3645 2339 2838 4067 
11302 4 0 1005 4067 2838 1079 
11303 4 0 3929 2686 466 1926 
11304 4 0 258 3000 3983 260 
11305 4 0 1670 595 1010 2589 
11306 4 0 1059 4356 3210 3647 
11307 4 0 3595 3621 4345 795 
11308 4 0 3266 2485 4330 2982 
11309 4 0 2476 1270 2564 1997 
11310 4 0 2476 1270 1997 781 
11311 4 0 2029 1409 3319 4627 
11312 4 0 3582 4394 4096 1926 
11313 4 0 1269 2606 780 2564 
11314 4 0 1926 4394 4096 4403 
11315 4 0 4424 811 1883 1333 
11316 4 0 1333 811 4431 4424 
11317 4 0 3666 3299 2378 2730 
11318 4 0 2730 3299 1408 3666 
11319 4 0 717 2300 3239 3137 
11320 4 0 949 363 2254 2936 
11321 4 0 2635 3579 4214 3596 
11322 4 0 3858 3402 2080 3071 
11323 4 0 431 3805 2981 834 
11324 4 0 1073 19 2254 1069 
11325 4 0 2254 19 687 1069 
11326 4 0 1058 14 1264 4173 
11327 4 0 1264 1058 1750 2267 
11328 4 0 3844 1772 407 1392 
11329 4 0 3276 1651 2290 2346 
11330 4 0 2290 3276 2167 1651 
11331 4 0 2017 598 3005 2467 
11332 4 0 2017 598 2467 3680 
11333 4 0 4588 2185 4015 4016 
11334 4 0 3604 4098 996 4463 
11335 4 0 1038 3604 996 4463 
11336 4 0 980 3422 1554 4011 
11337 4 0 2423 1580 1452 3052 
11338 4 0 3052 2782 1580 408 
11339 4 0 408 1580 3052 3369 
11340 4 0 1452 3813 2744 1580 
11341 4 0 3813 1236 1452 2744 
11342 4 0 1750 1058 1264 1746 
11343 4 0 3024 2803 2763 2610 
11344 4 0 2803 3024 3623 2610 
11345 4 0 1700 4434 4392 4422 
11346 4 0 3653 4422 2914 1700 
11347 4 0 1403 790 2941 771 
11348 4 0 3935 2117 3933 1398 
11349 4 0 1722 1400 3871 429 
11350 4 0 3935 1505 3933 2117 
11351 4 0 392 4141 4282 2219 
11352 4 0 4276 4423 3329 2138 
11353 4 0 3065 2936 1397 2254 
11354 4 0 2254 1069 1397 3065 
11355 4 0 3497 2047 2246 257 
11356 4 0 257 2047 2246 228 
11357 4 0 2951 3301 2780 3031 
11358 4 0 3213 648 4155 1213 
11359 4 0 1459 2577 4443 3474 
11360 4 0 4236 3137 2304 372 
11361 4 0 4213 3333 2520 3716 
11362 4 0 1293 2605 856 3640 
11363 4 0 1373 2247 3104 3394 
11364 4 0 3104 3262 2522 2547 
11365 4 0 2543 2246 3497 2061 
11366 4 0 2247 2547 3104 3394 
11367 4 0 1508 3441 4187 2944 
11368 4 0 2496 4187 3441 2944 
11369 4 0 256 3079 4676 267 
11370 4 0 2016 1581 2519 1346 
11371 4 0 2925 3574 2615 3585 
11372 4 0 4700 4200 2020 3619 
11373 4 0 3619 4700 210 2020 
11374 4 0 302 2866 3663 293 
11375 4 0 1036 996 412 3006 
11376 4 0 2379 2784 2492 2994 
11377 4 0 2994 2492 2379 3612 
11378 4 0 1445 2503 2065 2670 
11379 4 0 1615 3471 2903 3733 
11380 4 0 2773 3733 3471 1615 
11381 4 0 4096 1043 4031 3582 
11382 4 0 3565 3739 4598 4321 
11383 4 0 251 3068 1075 3665 
11384 4 0 251 2888 3068 3665 
11385 4 0 1920 2272 370 414 
11386 4 0 414 2272 370 1943 
11387 4 0 3266 1804 3635 1322 
11388 4 0 3002 4121 4542 2106 
11389 4 0 361 82 637 73 
11390 4 0 4502 2236 3121 464 
11391 4 0 712 4509 3855 369 
11392 4 0 712 2500 369 3855 
11393 4 0 4509 3855 369 1840 
11394 4 0 4560 1418 3612 4154 
11395 4 0 3641 2832 3751 2973 
11396 4 0 1927 2832 3751 2134 
11397 4 0 3543 3138 602 474 
11398 4 0 4361 1394 4360 3933 
11399 4 0 4444 1688 1752 4436 
11400 4 0 373 1688 4306 2910 
11401 4 0 67 3672 77 789 
11402 4 0 789 67 3672 2403 
11403 4 0 2786 3898 2409 1377 
11404 4 0 3596 2019 4214 3584 
11405 4 0 1126 182 1132 165 
11406 4 0 3164 1428 3764 107 
11407 4 0 3209 2802 2298 2234 
11408 4 0 3853 319 3333 2347 
11409 4 0 783 3227 915 1690 
11410 4 0 3411 3617 1645 4234 
11411 4 0 2177 2945 3109 442 
11412 4 0 2747 1704 2495 538 
11413 4 0 1963 3867 1900 518 
11414 4 0 2495 3199 2843 3371 
11415 4 0 3371 2843 2495 648 
11416 4 0 3742 1400 2409 2458 
11417 4 0 2457 1061 597 1977 
11418 4 0 4230 1977 2457 4438 
11419 4 0 1977 1061 4223 2457 
11420 4 0 3679 2053 2998 3738 
11421 4 0 2896 2302 3523 815 
11422 4 0 1959 3941 1804 3635 
11423 4 0 2238 650 3912 3603 
11424 4 0 3931 3097 2436 3215 
11425 4 0 1147 2982 2201 3837 
11426 4 0 975 2280 3290 2991 
11427 4 0 2341 701 3577 3069 
11428 4 0 2981 701 3077 3577 
11429 4 0 2901 2694 3189 2045 
11430 4 0 2045 3399 3189 3379 
11431 4 0 3781 1394 2837 1665 
11432 4 0 2927 3780 3339 863 
11433 4 0 1978 2896 3324 2692 
11434 4 0 44 2274 55 3682 
11435 4 0 3586 2523 2397 3457 
11436 4 0 4483 2354 3640 3014 
11437 4 0 3014 2354 3640 2471 
11438 4 0 2497 1715 4278 1311 
11439 4 0 2779 4468 3375 1715 
11440 4 0 2694 926 509 4363 
11441 4 0 926 2694 2421 2045 
11442 4 0 2422 2540 3180 2576 
11443 4 0 1481 3894 3997 2903 
11444 4 0 533 2903 3894 1481 
11445 4 0 1840 1677 3491 939 
11446 4 0 4106 692 3630 3256 
11447 4 0 382 3864 2314 2362 
11448 4 0 2033 3324 495 4327 
11449 4 0 2579 395 2068 4422 
11450 4 0 2068 4050 395 1390 
11451 4 0 3382 398 1514 2616 
11452 4 0 3111 477 3459 3453 
11453 4 0 3673 3645 2977 3676 
11454 4 0 2117 3247 2903 656 
11455 4 0 1269 1492 2606 3177 
11456 4 0 2130 4616 4083 3284 
11457 4 0 2347 2935 3233 3913 
11458 4 0 658 403 1331 1510 
11459 4 0 4338 1027 2469 1028 
11460 4 0 3985 3806 1954 1390 
11461 4 0 4098 3604 412 1375 
11462 4 0 1537 2785 2586 2316 
11463 4 0 1191 3119 1517 1192 
11464 4 0 2903 3471 1481 533 
11465 4 0 3691 2589 2827 4631 
11466 4 0 3483 555 1699 2858 
11467 4 0 2858 2315 555 2443 
11468 4 0 2315 3483 2858 555 
11469 4 0 1699 555 2443 2858 
11470 4 0 2994 1934 4331 2997 
11471 4 0 3980 1934 4319 4331 
11472 4 0 2264 3687 2512 4018 
11473 4 0 4197 4663 3310 1357 
11474 4 0 1509 223 196 2438 
11475 4 0 3825 2438 2514 3407 
11476 4 0 523 2552 3011 3637 
11477 4 0 3011 523 3637 966 
11478 4 0 3624 4463 4001 1038 
11479 4 0 551 3335 1312 3289 
11480 4 0 3936 2088 3422 4591 
11481 4 0 3936 4591 769 2088 
11482 4 0 769 4591 413 2088 
11483 4 0 2842 414 413 2088 
11484 4 0 4591 2088 3422 2842 
11485 4 0 1862 2543 2815 1633 
11486 4 0 3819 3201 2311 2863 
11487 4 0 2328 2305 1325 2101 
11488 4 0 1482 1484 2455 4033 
11489 4 0 2878 4182 2246 3101 
11490 4 0 1531 1583 3197 2609 
11491 4 0 2878 4182 3101 1105 
11492 4 0 106 3846 828 4567 
11493 4 0 3694 4478 2743 2914 
11494 4 0 3694 1700 2914 4422 
11495 4 0 500 3302 1568 3967 
11496 4 0 3302 3967 1729 1568 
11497 4 0 4387 3731 4148 3054 
11498 4 0 2875 2831 2320 2366 
11499 4 0 2347 2445 319 747 
11500 4 0 2735 1242 3886 579 
11501 4 0 2843 538 2747 2495 
11502 4 0 1888 866 3643 2331 
11503 4 0 3645 4069 2339 4067 
11504 4 0 3192 2101 642 1325 
11505 4 0 3057 2895 3416 4405 
11506 4 0 3057 3416 3341 3136 
11507 4 0 1466 2185 427 2790 
11508 4 0 4540 2790 427 2185 
11509 4 0 2185 4540 4016 427 
11510 4 0 1500 3986 3595 3929 
11511 4 0 1145 1147 2201 3837 
11512 4 0 33 25 1288 686 
11513 4 0 1756 395 1532 2713 
11514 4 0 4227 3974 4125 1277 
11515 4 0 4227 4045 3974 1277 
11516 4 0 2276 2363 2462 2642 
11517 4 0 1238 3318 2717 2617 
11518 4 0 1164 3700 2556 981 
11519 4 0 1164 2556 3700 1018 
11520 4 0 765 3082 1435 2065 
11521 4 0 2974 2994 2379 4154 
11522 4 0 3592 460 3298 2471 
11523 4 0 460 3298 1989 3592 
11524 4 0 3531 495 4327 2033 
11525 4 0 582 176 2366 2320 
11526 4 0 655 2248 2688 3375 
11527 4 0 391 3059 1770 938 
11528 4 0 3145 1294 4083 374 
11529 4 0 545 4375 3115 2109 
11530 4 0 3145 4083 1949 556 
11531 4 0 3318 3507 2617 1238 
11532 4 0 2617 3318 1443 1442 
11533 4 0 2349 1739 843 2416 
11534 4 0 1785 4602 1834 2530 
11535 4 0 1834 4237 2530 4602 
11536 4 0 1275 4227 919 491 
11537 4 0 2643 3234 2986 2491 
11538 4 0 2571 438 3664 611 
11539 4 0 438 4440 3475 3706 
11540 4 0 530 3028 668 1144 
11541 4 0 530 3257 2965 3028 
11542 4 0 2885 3707 4500 2352 
11543 4 0 3664 2571 1352 3706 
11544 4 0 1348 3706 1352 2571 
11545 4 0 4235 2122 4248 2931 
11546 4 0 3657 1006 3707 3830 
11547 4 0 4367 1125 3106 3233 
11548 4 0 2028 2667 2372 2692 
11549 4 0 4363 509 3061 4022 
11550 4 0 2694 509 3061 4363 
11551 4 0 1583 941 3197 443 
11552 4 0 3197 2500 941 3185 
11553 4 0 3185 941 3197 1583 
11554 4 0 3709 1187 3092 4309 
11555 4 0 3664 3706 438 2571 
11556 4 0 3664 4440 438 3706 
11557 4 0 2869 3329 2381 3736 
11558 4 0 2809 3413 4228 1341 
11559 4 0 4317 2580 2657 2924 
11560 4 0 4243 3324 499 2928 
11561 4 0 1906 692 3977 4084 
11562 4 0 4084 1906 3718 3977 
11563 4 0 1635 3776 823 2518 
11564 4 0 1284 3666 1408 4379 
11565 4 0 4379 1259 3666 1408 
11566 4 0 1632 4328 3383 2063 
11567 4 0 1632 2063 3383 3409 
11568 4 0 393 3221 3555 2324 
11569 4 0 2843 2895 4405 3416 
11570 4 0 3710 3416 671 1908 
11571 4 0 4200 269 4150 4651 
11572 4 0 4121 1578 4293 3994 
11573 4 0 1664 1586 4161 3712 
11574 4 0 3235 1294 2968 1449 
11575 4 0 1294 1449 2881 2968 
11576 4 0 124 2968 3202 1449 
11577 4 0 2825 3469 437 2573 
11578 4 0 1695 1926 1636 3595 
11579 4 0 3672 3713 2678 1267 
11580 4 0 2868 2245 3405 3127 
11581 4 0 3843 3911 2783 561 
11582 4 0 1852 1927 2142 602 
11583 4 0 1927 217 197 602 
11584 4 0 3385 2245 2868 4221 
11585 4 0 1852 3785 217 4695 
11586 4 0 269 246 4150 4651 
11587 4 0 1126 2881 96 126 
11588 4 0 96 2881 1126 104 
11589 4 0 4150 4481 4651 246 
11590 4 0 2881 126 1126 2726 
11591 4 0 3291 3191 3047 3955 
11592 4 0 2076 2106 2111 2010 
11593 4 0 835 2578 4266 2463 
11594 4 0 3420 489 2532 462 
11595 4 0 3522 4235 654 3360 
11596 4 0 4205 1494 2860 528 
11597 4 0 1492 2860 4205 1494 
11598 4 0 1494 4356 3210 4205 
11599 4 0 1492 4356 1494 4205 
11600 4 0 928 1908 1369 1366 
11601 4 0 3710 1369 1908 1366 
11602 4 0 3726 2191 804 2388 
11603 4 0 3406 2425 3035 3586 
11604 4 0 812 3180 3081 2294 
11605 4 0 4698 472 473 3934 
11606 4 0 471 2057 3272 3133 
11607 4 0 3469 4269 2825 437 
11608 4 0 490 418 2710 1812 
11609 4 0 4139 2942 490 2710 
11610 4 0 2806 557 570 3469 
11611 4 0 2567 1859 2392 12 
11612 4 0 2793 1793 1971 2377 
11613 4 0 647 2130 1478 1414 
11614 4 0 1397 3065 4556 2337 
11615 4 0 1544 2060 2799 2217 
11616 4 0 3194 4000 3801 427 
11617 4 0 3041 2453 702 2489 
11618 4 0 596 1773 3113 2618 
11619 4 0 2302 2720 2692 3137 
11620 4 0 2667 716 4569 4575 
11621 4 0 3239 2667 716 717 
11622 4 0 3441 4575 2667 2162 
11623 4 0 1860 45 768 2646 
11624 4 0 327 3634 3066 3720 
11625 4 0 3104 2376 1371 2393 
11626 4 0 2430 3545 623 3498 
11627 4 0 4260 701 4124 2314 
11628 4 0 4393 3203 3836 4013 
11629 4 0 1334 2719 3211 1335 
11630 4 0 3617 1151 1334 3211 
11631 4 0 2719 3617 1334 3211 
11632 4 0 3317 3137 2300 372 
11633 4 0 2730 3681 3703 2378 
11634 4 0 2046 4206 1690 989 
11635 4 0 2726 149 1126 1132 
11636 4 0 4345 3376 3325 2039 
11637 4 0 2827 2589 1070 2960 
11638 4 0 4179 2628 4347 3446 
11639 4 0 2966 772 2010 3588 
11640 4 0 1028 2294 3027 3580 
11641 4 0 3457 2523 2824 3586 
11642 4 0 670 2895 4405 2843 
11643 4 0 4333 3516 4588 4016 
11644 4 0 3235 2516 2594 3848 
11645 4 0 3757 2975 4373 261 
11646 4 0 4346 261 3757 4373 
11647 4 0 1951 3154 3235 2833 
11648 4 0 2187 1666 3120 1959 
11649 4 0 3120 1666 1876 2257 
11650 4 0 1951 3235 2968 2833 
11651 4 0 3801 1043 3978 449 
11652 4 0 3801 3978 4442 2559 
11653 4 0 730 727 3386 4462 
11654 4 0 331 748 320 754 
11655 4 0 2247 320 2547 331 
11656 4 0 2547 331 754 757 
11657 4 0 3388 3196 4292 3292 
11658 4 0 887 807 2146 3190 
11659 4 0 850 3285 3190 887 
11660 4 0 3285 2146 2658 3190 
11661 4 0 1400 3727 3193 3898 
11662 4 0 1024 1369 2176 3126 
11663 4 0 1369 2843 2747 3126 
11664 4 0 3497 1893 2815 2805 
11665 4 0 2543 2805 3497 2815 
11666 4 0 3450 134 3693 3481 
11667 4 0 2649 102 3481 3693 
11668 4 0 4021 3004 703 4188 
11669 4 0 4188 3803 3004 703 
11670 4 0 4566 4581 2427 2534 
11671 4 0 858 2534 2427 4581 
11672 4 0 4431 2284 3592 2602 
11673 4 0 4274 1108 2434 3476 
11674 4 0 2945 1018 3446 3778 
11675 4 0 2439 3446 2556 3778 
11676 4 0 1783 3904 2434 3686 
11677 4 0 4326 776 3688 2855 
11678 4 0 4397 395 2579 4422 
11679 4 0 2321 2103 3380 4675 
11680 4 0 4122 2355 784 3279 
11681 4 0 4122 394 2355 3279 
11682 4 0 1064 2621 3217 3647 
11683 4 0 2402 3820 2595 2470 
11684 4 0 348 4485 400 1642 
11685 4 0 3390 348 4485 400 
11686 4 0 4221 2211 2463 2868 
11687 4 0 3281 2727 3914 2901 
11688 4 0 2943 2901 2421 2787 
11689 4 0 4686 653 2431 890 
11690 4 0 4686 653 890 4248 
11691 4 0 890 2431 825 653 
11692 4 0 2651 3380 3377 3333 
11693 4 0 3333 3380 3233 2651 
11694 4 0 2651 3380 3233 2935 
11695 4 0 2805 524 935 1893 
11696 4 0 524 935 3082 936 
11697 4 0 4120 3590 4670 489 
11698 4 0 3856 2049 2106 2836 
11699 4 0 1189 4158 3520 3246 
11700 4 0 3426 4634 1404 4221 
11701 4 0 1914 3699 343 2000 
11702 4 0 3699 1098 1914 343 
11703 4 0 4216 4264 3271 895 
11704 4 0 1349 4264 3271 4216 
11705 4 0 3051 2769 2819 4554 
11706 4 0 2447 3778 3943 1018 
11707 4 0 2857 1081 1987 2699 
11708 4 0 674 2447 3652 3778 
11709 4 0 3778 3652 4177 2945 
11710 4 0 3229 4506 4189 2264 
11711 4 0 3849 2164 515 4300 
11712 4 0 561 1342 1114 3793 
11713 4 0 3312 2536 3294 4489 
11714 4 0 505 4492 3312 2536 
11715 4 0 4475 1298 3807 426 
11716 4 0 2106 4121 4542 4475 
11717 4 0 2497 363 4217 953 
11718 4 0 489 2034 508 1522 
11719 4 0 782 2454 3737 898 
11720 4 0 1791 1571 434 1943 
11721 4 0 1945 2135 2018 2571 
11722 4 0 4309 3171 3092 3709 
11723 4 0 3074 3062 4228 2809 
11724 4 0 3074 3062 1754 1256 
11725 4 0 984 1625 481 1169 
11726 4 0 538 928 4659 3487 
11727 4 0 2826 2204 984 481 
11728 4 0 3071 3626 572 1902 
11729 4 0 606 4250 2850 3473 
11730 4 0 4546 2745 2704 4332 
11731 4 0 748 331 757 754 
11732 4 0 331 3394 757 2547 
11733 4 0 33 550 1108 2443 
11734 4 0 2825 3469 2414 4269 
11735 4 0 2825 2414 3284 4269 
11736 4 0 3627 3454 1622 3459 
11737 4 0 3627 2912 3454 3459 
11738 4 0 2355 784 3279 3683 
11739 4 0 3603 2238 1824 969 
11740 4 0 3603 1824 3394 969 
11741 4 0 2814 4210 778 4425 
11742 4 0 2860 806 1269 4205 
11743 4 0 2860 806 4205 2022 
11744 4 0 4425 2289 4210 3412 
11745 4 0 953 2469 2294 2928 
11746 4 0 2803 3012 2021 4622 
11747 4 0 3992 4181 3185 2500 
11748 4 0 4146 2500 4181 1498 
11749 4 0 3340 2998 2550 1620 
11750 4 0 1338 2578 2463 1717 
11751 4 0 1717 2463 1338 2868 
11752 4 0 3784 416 1776 944 
11753 4 0 1776 944 416 2574 
11754 4 0 3419 2031 2363 2085 
11755 4 0 1559 2386 4309 816 
11756 4 0 889 849 1989 3896 
11757 4 0 679 3273 13 2267 
11758 4 0 2843 3710 1908 3416 
11759 4 0 2973 2218 2832 3751 
11760 4 0 3545 1899 3113 2525 
11761 4 0 3711 1879 1666 3120 
11762 4 0 1362 2212 2076 3153 
11763 4 0 2076 4530 1362 3153 
11764 4 0 1362 4240 2212 3153 
11765 4 0 397 3949 4637 2771 
11766 4 0 3452 397 1335 3949 
11767 4 0 397 3949 3452 4637 
11768 4 0 3728 4034 3925 901 
11769 4 0 2240 4630 2465 1668 
11770 4 0 2416 3003 3342 4026 
11771 4 0 3142 2254 1108 11 
11772 4 0 1551 2450 772 971 
11773 4 0 971 2450 772 2415 
11774 4 0 4393 3703 2956 3836 
11775 4 0 3408 1511 3590 1976 
11776 4 0 3408 1511 3227 3982 
11777 4 0 3675 3586 3406 2411 
11778 4 0 2089 2385 3675 3932 
11779 4 0 4325 1387 3281 470 
11780 4 0 1758 470 202 4325 
11781 4 0 3760 1839 2619 3247 
11782 4 0 3368 978 2802 3209 
11783 4 0 3209 3368 4579 2802 
11784 4 0 2087 493 2689 2229 
11785 4 0 4199 3256 1877 1586 
11786 4 0 3318 3507 1432 2617 
11787 4 0 1433 3462 4693 1442 
11788 4 0 2785 3686 3758 3956 
11789 4 0 3442 2785 1783 3686 
11790 4 0 4164 3951 3260 1533 
11791 4 0 2387 3200 3377 4286 
11792 4 0 4286 2967 3200 3377 
11793 4 0 4538 3746 652 465 
11794 4 0 3746 4335 652 465 
11795 4 0 3815 442 518 1900 
11796 4 0 939 3815 1900 442 
11797 4 0 3840 2619 3247 3683 
11798 4 0 3955 2958 4374 2910 
11799 4 0 2910 4374 3955 3364 
11800 4 0 2327 36 2769 47 
11801 4 0 1446 1436 4305 2679 
11802 4 0 1436 2679 2065 2312 
11803 4 0 4455 1230 2742 2263 
11804 4 0 1317 3539 2853 885 
11805 4 0 272 1003 399 2335 
11806 4 0 1982 4447 2791 473 
11807 4 0 1920 414 370 1554 
11808 4 0 2441 3950 4034 4065 
11809 4 0 4145 434 1571 1943 
11810 4 0 2486 4182 3101 165 
11811 4 0 4163 2032 3752 3480 
11812 4 0 4163 3752 2032 4017 
11813 4 0 106 3846 4014 3721 
11814 4 0 2150 2968 104 124 
11815 4 0 3756 3545 3637 4273 
11816 4 0 4049 3939 3754 2788 
11817 4 0 4547 4358 576 3755 
11818 4 0 1395 4502 2402 1399 
11819 4 0 2402 3259 1395 1399 
11820 4 0 142 3154 3235 160 
11821 4 0 3121 2402 4502 1399 
11822 4 0 2701 2396 2233 2969 
11823 4 0 610 700 735 903 
11824 4 0 2856 610 700 735 
11825 4 0 3170 741 665 3725 
11826 4 0 577 2735 740 3886 
11827 4 0 228 2353 2141 1165 
11828 4 0 1318 2059 2828 992 
11829 4 0 992 2059 1598 1454 
11830 4 0 3447 3401 3908 3506 
11831 4 0 3190 2658 3285 3238 
11832 4 0 3238 2658 1364 3190 
11833 4 0 1309 4607 4327 2033 
11834 4 0 3729 409 2044 4629 
11835 4 0 3995 3598 3155 3374 
11836 4 0 3329 2381 945 1475 
11837 4 0 2868 2251 2259 490 
11838 4 0 3180 2877 3081 2294 
11839 4 0 768 45 2390 56 
11840 4 0 56 2678 2390 768 
11841 4 0 1368 3600 3199 2482 
11842 4 0 1943 1554 1791 1991 
11843 4 0 4058 4078 3851 2080 
11844 4 0 4058 3851 2165 2080 
11845 4 0 4519 4415 821 3018 
11846 4 0 2128 2912 383 141 
11847 4 0 1265 2832 1927 3602 
11848 4 0 513 2172 4582 2979 
11849 4 0 2172 1728 513 4582 
11850 4 0 3660 1366 671 1908 
11851 4 0 1366 3660 3487 1908 
11852 4 0 3734 489 3056 699 
11853 4 0 3518 4051 948 1594 
11854 4 0 2502 3911 2702 2829 
11855 4 0 3584 360 2019 571 
11856 4 0 3584 3991 4201 360 
11857 4 0 740 3991 4201 3584 
11858 4 0 393 3593 4005 2987 
11859 4 0 4161 3266 3256 1664 
11860 4 0 4270 3060 169 583 
11861 4 0 3306 2462 3770 2642 
11862 4 0 3736 7 2381 2869 
11863 4 0 819 1984 4294 3696 
11864 4 0 4487 377 519 2829 
11865 4 0 187 377 519 4487 
11866 4 0 294 749 305 2335 
11867 4 0 651 464 4539 1084 
11868 4 0 2760 2950 4076 364 
11869 4 0 4584 2952 3496 4494 
11870 4 0 3496 2777 2905 4494 
11871 4 0 2872 1542 2630 3628 
11872 4 0 4035 3488 1954 3628 
11873 4 0 3844 407 1768 527 
11874 4 0 4377 3777 3076 2938 
11875 4 0 2045 2220 1210 648 
11876 4 0 2149 2206 20 2255 
11877 4 0 20 1866 6 2255 
11878 4 0 3723 398 3389 471 
11879 4 0 3722 2427 659 3094 
11880 4 0 4262 2609 3516 3410 
11881 4 0 2609 3270 3743 3410 
11882 4 0 3410 3270 3743 501 
11883 4 0 2485 3635 4448 3600 
11884 4 0 1457 3600 1097 4448 
11885 4 0 2602 3592 1884 2520 
11886 4 0 965 564 3146 525 
11887 4 0 391 938 937 2342 
11888 4 0 2749 2896 1978 3311 
11889 4 0 729 4462 4649 606 
11890 4 0 3473 4649 3692 606 
11891 4 0 3287 4348 2422 3323 
11892 4 0 2160 3832 2428 4583 
11893 4 0 680 685 4173 3036 
11894 4 0 2805 1222 4408 404 
11895 4 0 404 522 4408 1765 
11896 4 0 4408 1765 2805 404 
11897 4 0 4693 4408 404 522 
11898 4 0 1789 3987 457 2797 
11899 4 0 2797 3310 2075 4059 
11900 4 0 3690 2115 374 3786 
11901 4 0 4217 4229 2497 1311 
11902 4 0 4217 2497 2900 1311 
11903 4 0 524 376 2815 1633 
11904 4 0 1633 2815 524 1766 
11905 4 0 2807 2629 2281 538 
11906 4 0 3172 2629 2281 2807 
11907 4 0 1534 3628 3245 278 
11908 4 0 2628 3425 4347 3446 
11909 4 0 3775 643 854 3460 
11910 4 0 1868 31 2567 2392 
11911 4 0 557 2806 570 4236 
11912 4 0 4236 372 570 557 
11913 4 0 3355 3742 1266 3568 
11914 4 0 2822 4021 1838 2768 
11915 4 0 4021 3004 1838 1944 
11916 4 0 4021 1838 3004 4211 
11917 4 0 857 2360 1510 635 
11918 4 0 3654 3391 4684 4597 
11919 4 0 1645 4687 1535 3881 
11920 4 0 287 1535 4687 3881 
11921 4 0 2319 362 2315 646 
11922 4 0 3744 3230 3862 3959 
11923 4 0 1023 3744 3689 3996 
11924 4 0 4610 2164 512 844 
11925 4 0 3348 882 2817 4244 
11926 4 0 991 1712 3747 1898 
11927 4 0 2440 4163 4309 1187 
11928 4 0 2032 3501 4309 1584 
11929 4 0 2440 4309 4163 2032 
11930 4 0 1559 1562 2130 1846 
11931 4 0 2812 1661 1414 2202 
11932 4 0 2784 3884 2974 2675 
11933 4 0 3516 2609 1531 3197 
11934 4 0 4053 1583 3197 1531 
11935 4 0 1559 3678 2130 2386 
11936 4 0 4147 2678 768 2848 
11937 4 0 338 329 3390 2329 
11938 4 0 2329 3390 1211 329 
11939 4 0 1861 1863 688 67 
11940 4 0 1530 3880 1677 3771 
11941 4 0 4207 443 1583 2609 
11942 4 0 2609 3749 3743 3270 
11943 4 0 2925 3585 2629 2582 
11944 4 0 3466 3196 3314 3287 
11945 4 0 3585 4488 2582 3574 
11946 4 0 2853 3897 3750 1037 
11947 4 0 4080 3751 2218 2973 
11948 4 0 711 939 3855 1840 
11949 4 0 1840 939 3855 369 
11950 4 0 3327 2796 2039 536 
11951 4 0 4236 557 2300 372 
11952 4 0 557 1557 2300 372 
11953 4 0 2379 2675 2784 2974 
11954 4 0 2650 2026 2528 1716 
11955 4 0 2528 2026 2650 2248 
11956 4 0 367 2026 1716 2528 
11957 4 0 3753 1891 2917 4315 
11958 4 0 4529 4315 3753 2917 
11959 4 0 3361 4294 1984 601 
11960 4 0 4120 1976 4052 487 
11961 4 0 385 2391 603 3358 
11962 4 0 3548 2227 3415 3308 
11963 4 0 3415 3909 2227 3548 
11964 4 0 3460 2687 2953 3775 
11965 4 0 2655 2617 1444 3704 
11966 4 0 3274 3704 2617 2655 
11967 4 0 4562 2739 2304 3939 
11968 4 0 2571 3475 1348 3706 
11969 4 0 1348 3475 1945 4604 
11970 4 0 2480 1714 2676 2316 
11971 4 0 1954 1019 656 3247 
11972 4 0 3247 1954 1019 1690 
11973 4 0 3552 2457 4257 3708 
11974 4 0 769 3003 3779 4142 
11975 4 0 671 1908 543 3660 
11976 4 0 2278 3486 3468 3780 
11977 4 0 2278 3486 3780 863 
11978 4 0 907 737 3925 3950 
11979 4 0 2885 538 3707 455 
11980 4 0 390 2102 411 2627 
11981 4 0 2762 4498 3645 2838 
11982 4 0 4483 3761 2252 3640 
11983 4 0 3707 455 2352 2885 
11984 4 0 3064 1971 2453 2274 
11985 4 0 1971 3064 3570 2274 
11986 4 0 2377 1842 3064 1971 
11987 4 0 2377 3064 3570 1971 
11988 4 0 4535 4415 665 3018 
11989 4 0 1361 2269 1463 2714 
11990 4 0 3222 2740 3993 3783 
11991 4 0 3993 3222 3783 3020 
11992 4 0 3790 4240 3153 2212 
11993 4 0 1890 3790 4240 3153 
11994 4 0 4120 3885 4670 3590 
11995 4 0 3472 993 1317 2935 
11996 4 0 2218 4194 1927 2613 
11997 4 0 3939 4049 3754 2063 
11998 4 0 3010 886 508 1989 
11999 4 0 889 3010 1489 1989 
12000 4 0 2316 4343 1537 3956 
12001 4 0 1290 3062 3293 1291 
12002 4 0 4057 2810 3062 4228 
12003 4 0 1019 3774 1954 1985 
12004 4 0 3102 3180 2002 813 
12005 4 0 344 759 3566 353 
12006 4 0 759 353 3404 1936 
12007 4 0 2477 3786 114 3500 
12008 4 0 3087 2535 4211 2822 
12009 4 0 1390 3985 4136 2630 
12010 4 0 656 2903 1398 1095 
12011 4 0 3464 2272 1944 368 
12012 4 0 3169 2742 3817 1475 
12013 4 0 2976 3995 3598 2748 
12014 4 0 2409 1400 4253 3193 
12015 4 0 36 2811 27 2753 
12016 4 0 678 1546 518 797 
12017 4 0 1546 3571 678 2132 
12018 4 0 2833 2968 2150 124 
12019 4 0 3824 419 3774 1985 
12020 4 0 3824 334 323 1985 
12021 4 0 2614 2190 1246 3321 
12022 4 0 3373 3362 2725 3429 
12023 4 0 3362 2725 2352 1007 
12024 4 0 2792 4291 2059 1598 
12025 4 0 3748 1396 2409 4267 
12026 4 0 3789 428 4312 1162 
12027 4 0 1655 1735 657 1656 
12028 4 0 3941 4238 1506 3252 
12029 4 0 400 757 906 752 
12030 4 0 3671 1045 3037 4290 
12031 4 0 3281 3348 470 1901 
12032 4 0 991 1712 3767 415 
12033 4 0 4297 991 1712 3767 
12034 4 0 4297 3767 1712 2706 
12035 4 0 3105 4173 4531 4029 
12036 4 0 3036 2902 4173 2592 
12037 4 0 2988 2132 1040 2368 
12038 4 0 3790 4215 2922 1890 
12039 4 0 596 1772 3844 1392 
12040 4 0 1820 393 3035 4089 
12041 4 0 2583 3098 2463 3238 
12042 4 0 3327 3037 2870 2204 
12043 4 0 2658 3098 3732 3238 
12044 4 0 584 2278 2798 1911 
12045 4 0 215 2668 2687 4190 
12046 4 0 4190 2687 2733 3878 
12047 4 0 2733 254 2687 215 
12048 4 0 3663 2866 3792 293 
12049 4 0 1466 448 2531 3612 
12050 4 0 3957 1766 2554 2805 
12051 4 0 2579 2120 1390 3882 
12052 4 0 4452 599 3770 2774 
12053 4 0 3187 3781 3341 531 
12054 4 0 2700 3763 2690 2851 
12055 4 0 215 2687 2733 4190 
12056 4 0 4582 4352 515 1575 
12057 4 0 2980 4328 3289 3616 
12058 4 0 1087 3429 2725 2352 
12059 4 0 2436 616 2746 3097 
12060 4 0 1824 3394 969 1821 
12061 4 0 1668 2552 1983 4273 
12062 4 0 7 3772 2381 2869 
12063 4 0 3698 3109 3425 796 
12064 4 0 796 3109 3425 518 
12065 4 0 2865 4497 4198 3076 
12066 4 0 2369 3174 1729 1568 
12067 4 0 3172 1723 2807 2560 
12068 4 0 3063 638 2731 3591 
12069 4 0 4588 2185 3022 4015 
12070 4 0 3018 4535 3093 576 
12071 4 0 4535 3093 4543 3018 
12072 4 0 821 4543 3018 4535 
12073 4 0 4681 1960 3656 2384 
12074 4 0 4621 1927 197 602 
12075 4 0 4621 2438 196 3016 
12076 4 0 3855 711 1900 939 
12077 4 0 3815 711 939 1900 
12078 4 0 2138 4455 2844 1297 
12079 4 0 3415 1640 3308 2227 
12080 4 0 1577 2533 1576 3832 
12081 4 0 494 3832 2533 4571 
12082 4 0 2315 555 2319 2586 
12083 4 0 3918 3139 2304 4568 
12084 4 0 4236 3139 570 2304 
12085 4 0 3329 1475 2978 2556 
12086 4 0 1475 3329 2978 4423 
12087 4 0 1934 3980 1547 4331 
12088 4 0 2026 2248 2528 2084 
12089 4 0 2739 3939 2105 4568 
12090 4 0 4144 4562 876 2788 
12091 4 0 3939 2739 2304 4568 
12092 4 0 3390 348 338 4485 
12093 4 0 2329 4485 3390 338 
12094 4 0 4118 4414 2464 3263 
12095 4 0 3076 2335 1929 2865 
12096 4 0 4043 576 3583 4547 
12097 4 0 4358 576 4534 3696 
12098 4 0 4547 576 4358 4043 
12099 4 0 539 3236 3730 3895 
12100 4 0 1022 3236 3730 539 
12101 4 0 2949 628 4379 3666 
12102 4 0 2949 3666 4379 633 
12103 4 0 255 3785 4695 1179 
12104 4 0 3036 4173 2902 2653 
12105 4 0 3043 1257 376 1290 
12106 4 0 1845 3469 2414 2825 
12107 4 0 3217 4219 493 3210 
12108 4 0 2643 1353 2237 1204 
12109 4 0 540 1355 1914 1098 
12110 4 0 1378 1098 1355 3798 
12111 4 0 540 1355 1098 3798 
12112 4 0 3867 2708 3094 1048 
12113 4 0 3867 3094 651 1048 
12114 4 0 2140 1225 4578 4592 
12115 4 0 3413 4057 2809 4228 
12116 4 0 3190 3285 1319 3238 
12117 4 0 2858 64 2315 2443 
12118 4 0 2281 2629 1709 538 
12119 4 0 4497 3076 2335 1760 
12120 4 0 3247 1245 3982 1244 
12121 4 0 117 3060 4270 2458 
12122 4 0 3060 742 4270 2458 
12123 4 0 299 4041 3996 306 
12124 4 0 299 4041 2930 3996 
12125 4 0 871 3383 1360 2433 
12126 4 0 1395 2402 2236 3259 
12127 4 0 4312 978 2802 3368 
12128 4 0 4108 2713 1483 3791 
12129 4 0 466 2559 3125 3929 
12130 4 0 3929 1926 2559 3986 
12131 4 0 2693 22 43 13 
12132 4 0 2693 5 13 43 
12133 4 0 14 2693 43 5 
12134 4 0 2693 23 2894 14 
12135 4 0 3760 3882 2619 1839 
12136 4 0 3760 3882 1839 2579 
12137 4 0 3527 3324 4237 516 
12138 4 0 3179 1310 4302 2474 
12139 4 0 4606 2474 1310 516 
12140 4 0 1310 2474 3527 516 
12141 4 0 1310 4606 516 3527 
12142 4 0 1834 3527 516 4606 
12143 4 0 3076 4497 4198 1388 
12144 4 0 3630 532 1712 1804 
12145 4 0 4000 3801 4470 3165 
12146 4 0 3194 3801 4000 3165 
12147 4 0 3801 1041 3165 1582 
12148 4 0 4013 3203 4048 4484 
12149 4 0 2744 2972 3658 1235 
12150 4 0 2744 2424 2972 3479 
12151 4 0 4458 2841 3536 3428 
12152 4 0 2665 804 2388 3726 
12153 4 0 2256 3265 535 4504 
12154 4 0 3441 4575 716 2667 
12155 4 0 2483 3601 880 2132 
12156 4 0 3530 1166 983 4460 
12157 4 0 4290 4114 4112 3799 
12158 4 0 4683 3638 4112 3799 
12159 4 0 3799 4683 2790 4114 
12160 4 0 4210 2814 778 806 
12161 4 0 1531 3516 3831 4207 
12162 4 0 2051 3314 3025 2540 
12163 4 0 3758 814 2741 4241 
12164 4 0 3758 2741 2316 4241 
12165 4 0 3382 1465 1486 4056 
12166 4 0 4404 2623 2880 3201 
12167 4 0 478 4297 2706 3767 
12168 4 0 3767 478 490 2710 
12169 4 0 1438 2827 1973 3691 
12170 4 0 4171 3199 4658 3715 
12171 4 0 2884 4171 2370 1894 
12172 4 0 1741 4352 4292 515 
12173 4 0 582 169 2834 2767 
12174 4 0 1084 464 4539 3121 
12175 4 0 3801 3530 3002 2506 
12176 4 0 1041 983 1582 3801 
12177 4 0 3795 3285 2146 2658 
12178 4 0 1414 1562 1846 2130 
12179 4 0 3155 892 1089 3520 
12180 4 0 3233 3629 4255 1037 
12181 4 0 4255 3233 3106 3629 
12182 4 0 2853 1037 3233 4255 
12183 4 0 2935 993 2853 3233 
12184 4 0 408 1441 3369 3052 
12185 4 0 1452 3369 1441 3052 
12186 4 0 3687 2633 2512 4018 
12187 4 0 4380 2251 3297 3525 
12188 4 0 2228 597 2761 1361 
12189 4 0 2051 975 3025 3314 
12190 4 0 3025 3314 3290 2800 
12191 4 0 3094 1048 2708 2985 
12192 4 0 4585 4573 2322 4259 
12193 4 0 3498 3637 3756 3545 
12194 4 0 986 3181 3804 4647 
12195 4 0 986 3181 4110 3804 
12196 4 0 3264 2392 3329 1859 
12197 4 0 21 3264 3736 12 
12198 4 0 3964 3588 768 2186 
12199 4 0 3150 3588 768 2429 
12200 4 0 4211 1362 3536 3087 
12201 4 0 2841 3536 3428 1362 
12202 4 0 2824 1743 2089 4486 
12203 4 0 954 2877 2294 367 
12204 4 0 3805 3954 1906 431 
12205 4 0 3223 2271 2885 2459 
12206 4 0 2963 3695 1211 2380 
12207 4 0 4377 2114 2963 2380 
12208 4 0 3003 4026 4142 3342 
12209 4 0 746 1431 4142 4026 
12210 4 0 1108 4274 550 3176 
12211 4 0 550 1108 2434 4274 
12212 4 0 671 3710 1908 1366 
12213 4 0 610 2260 912 3134 
12214 4 0 896 1862 2078 379 
12215 4 0 559 379 190 1862 
12216 4 0 1804 3256 3266 3941 
12217 4 0 2114 2938 2623 4404 
12218 4 0 498 3287 2422 1360 
12219 4 0 775 1100 3348 470 
12220 4 0 1100 4244 3281 3040 
12221 4 0 1733 362 2590 1969 
12222 4 0 3369 3479 2995 2744 
12223 4 0 3017 1176 2432 2584 
12224 4 0 1014 2856 610 3056 
12225 4 0 3020 3222 3383 3993 
12226 4 0 527 2183 879 3299 
12227 4 0 2255 2453 2450 2126 
12228 4 0 2620 2149 612 2255 
12229 4 0 2450 2255 2620 2453 
12230 4 0 2471 3813 3514 3014 
12231 4 0 624 1407 1754 1256 
12232 4 0 3074 1754 1407 1256 
12233 4 0 4638 1066 2514 1067 
12234 4 0 1201 536 654 4553 
12235 4 0 654 4553 3578 1201 
12236 4 0 2757 953 2467 2928 
12237 4 0 3832 2054 2033 2160 
12238 4 0 691 69 3741 78 
12239 4 0 3021 3741 1345 78 
12240 4 0 69 3741 78 1345 
12241 4 0 836 808 3303 1110 
12242 4 0 3385 2251 3525 3303 
12243 4 0 371 4026 3003 2416 
12244 4 0 3809 2659 4627 1341 
12245 4 0 3026 2701 3809 1341 
12246 4 0 2658 2463 3238 1364 
12247 4 0 4376 2456 1389 3492 
12248 4 0 4376 1386 1389 2456 
12249 4 0 4399 4376 2456 1386 
12250 4 0 2745 2507 4037 2890 
12251 4 0 1654 3644 4557 4037 
12252 4 0 1959 3635 2187 3768 
12253 4 0 633 3666 1259 3299 
12254 4 0 4379 3666 1259 633 
12255 4 0 3135 3238 4307 1034 
12256 4 0 2518 3981 3108 3232 
12257 4 0 3108 2950 3981 2515 
12258 4 0 2688 2959 1412 3073 
12259 4 0 904 3268 2473 4676 
12260 4 0 4484 3203 2252 3899 
12261 4 0 2510 960 904 385 
12262 4 0 1116 2170 2510 385 
12263 4 0 3760 2837 1594 1839 
12264 4 0 480 3535 4672 912 
12265 4 0 2050 2798 2339 2977 
12266 4 0 327 336 3066 747 
12267 4 0 747 3066 346 336 
12268 4 0 346 747 3133 3066 
12269 4 0 529 541 2982 4330 
12270 4 0 3474 3837 1458 2351 
12271 4 0 3827 1086 1005 1079 
12272 4 0 1389 1004 1005 3827 
12273 4 0 396 489 2532 1692 
12274 4 0 3893 2743 4422 3694 
12275 4 0 2698 3591 3063 2731 
12276 4 0 2683 3379 2045 3371 
12277 4 0 2683 3379 3399 2045 
12278 4 0 2683 2045 3837 3371 
12279 4 0 2195 2393 3104 1987 
12280 4 0 2195 3104 2522 1987 
12281 4 0 3731 4148 2314 710 
12282 4 0 3731 2314 709 710 
12283 4 0 3605 4261 3948 2954 
12284 4 0 3657 3830 3707 1762 
12285 4 0 3563 1004 3827 384 
12286 4 0 1678 4508 2905 364 
12287 4 0 4494 2905 364 1678 
12288 4 0 4508 939 2905 364 
12289 4 0 465 652 4538 1199 
12290 4 0 2256 3242 1199 4538 
12291 4 0 2972 1448 2424 3658 
12292 4 0 4284 2606 2564 4453 
12293 4 0 4176 4508 1678 364 
12294 4 0 3170 3242 3277 1504 
12295 4 0 3170 2236 3277 4503 
12296 4 0 47 57 2327 3553 
12297 4 0 2033 365 2479 4430 
12298 4 0 2558 3527 2280 1834 
12299 4 0 3822 3801 3978 4442 
12300 4 0 1658 4547 3583 4564 
12301 4 0 2175 2514 472 473 
12302 4 0 3976 3582 1926 4394 
12303 4 0 1168 4394 3976 1926 
12304 4 0 2625 3880 4585 1530 
12305 4 0 1678 3491 2777 2905 
12306 4 0 2482 3371 2683 669 
12307 4 0 3379 2683 3512 3371 
12308 4 0 3824 1985 344 334 
12309 4 0 1633 3957 2815 1766 
12310 4 0 3442 1783 3075 3613 
12311 4 0 3908 4156 3401 1854 
12312 4 0 298 2699 289 2857 
12313 4 0 2699 1081 289 2857 
12314 4 0 804 779 2662 49 
12315 4 0 804 2244 38 49 
12316 4 0 838 4653 2906 1339 
12317 4 0 3778 3943 2381 2682 
12318 4 0 3523 2692 3313 645 
12319 4 0 661 2557 3096 641 
12320 4 0 3969 3246 3520 3450 
12321 4 0 234 3800 2597 262 
12322 4 0 2190 3785 3800 3103 
12323 4 0 2135 1581 3583 3093 
12324 4 0 2219 4681 4679 1603 
12325 4 0 2219 2340 4679 4681 
12326 4 0 2042 2335 749 2287 
12327 4 0 644 543 3332 667 
12328 4 0 3547 2325 4372 2136 
12329 4 0 2399 3547 4194 2527 
12330 4 0 4301 2964 1842 2793 
12331 4 0 2524 2548 201 226 
12332 4 0 3250 2912 2052 3095 
12333 4 0 3664 4002 1497 611 
12334 4 0 1412 4555 3034 3828 
12335 4 0 1627 2097 3819 3175 
12336 4 0 3420 4652 2027 1645 
12337 4 0 3835 1702 2603 1703 
12338 4 0 3835 2603 1702 1190 
12339 4 0 1211 2329 2380 3695 
12340 4 0 617 489 1976 3420 
12341 4 0 1837 1353 2776 3444 
12342 4 0 793 791 1268 2770 
12343 4 0 4594 428 2770 2167 
12344 4 0 3758 4241 2316 3956 
12345 4 0 4380 3297 2251 1150 
12346 4 0 2368 4347 2628 2132 
12347 4 0 4347 2368 3571 2132 
12348 4 0 3561 2221 4279 3681 
12349 4 0 2559 4407 483 1017 
12350 4 0 1381 480 2384 922 
12351 4 0 480 1381 2384 1383 
12352 4 0 394 1511 2384 922 
12353 4 0 1839 2750 2205 3336 
12354 4 0 3116 2750 2205 1839 
12355 4 0 1283 1862 4411 190 
12356 4 0 812 3180 2002 3081 
12357 4 0 2206 2255 1415 2488 
12358 4 0 1415 2415 2429 2255 
12359 4 0 3380 3431 1580 3813 
12360 4 0 2471 3514 3813 1236 
12361 4 0 1242 2169 3206 3886 
12362 4 0 3206 1242 3886 2735 
12363 4 0 2996 2639 3833 927 
12364 4 0 4468 2936 2908 1314 
12365 4 0 2649 1090 3520 1089 
12366 4 0 2473 801 3268 4416 
12367 4 0 1340 2078 379 3114 
12368 4 0 2078 379 4626 1340 
12369 4 0 4626 1283 379 2078 
12370 4 0 3711 1666 1876 3120 
12371 4 0 2909 3039 3595 3929 
12372 4 0 2909 1913 3554 3595 
12373 4 0 3088 2215 2849 2354 
12374 4 0 2354 2849 4283 2215 
12375 4 0 1841 2853 3949 2771 
12376 4 0 2436 1568 3141 101 
12377 4 0 1958 2948 1993 2624 
12378 4 0 2393 3159 3220 4506 
12379 4 0 679 13 5 2267 
12380 4 0 1978 3324 2928 3680 
12381 4 0 2872 2318 3488 1954 
12382 4 0 2755 1088 4491 3421 
12383 4 0 2894 2693 680 32 
12384 4 0 3588 971 4550 3839 
12385 4 0 3193 99 4253 3863 
12386 4 0 4405 3710 2843 3416 
12387 4 0 4332 2470 4546 2745 
12388 4 0 4332 2595 2745 2521 
12389 4 0 4396 1554 4011 4087 
12390 4 0 2783 614 692 3843 
12391 4 0 494 3677 3345 3832 
12392 4 0 3677 494 3639 3874 
12393 4 0 635 536 3846 828 
12394 4 0 1051 4248 2122 2931 
12395 4 0 53 689 2159 61 
12396 4 0 1650 2657 392 1691 
12397 4 0 3898 1400 2957 2409 
12398 4 0 4609 4605 4604 3475 
12399 4 0 4604 3475 4605 1348 
12400 4 0 2648 1843 429 1722 
12401 4 0 645 3239 3137 2667 
12402 4 0 2667 3239 3137 717 
12403 4 0 1169 1667 2870 2204 
12404 4 0 2478 1365 2524 3355 
12405 4 0 1365 4088 2524 3355 
12406 4 0 3851 2498 1487 2165 
12407 4 0 3858 536 3851 3402 
12408 4 0 1685 489 1692 3420 
12409 4 0 3592 3298 2520 2471 
12410 4 0 4135 4468 1715 1074 
12411 4 0 4229 4135 1715 1074 
12412 4 0 536 635 2360 1053 
12413 4 0 536 2360 3015 1053 
12414 4 0 3855 712 4146 4280 
12415 4 0 535 3423 3170 2256 
12416 4 0 535 3170 3423 3725 
12417 4 0 3274 1433 2617 3462 
12418 4 0 1680 3054 3307 3554 
12419 4 0 2419 178 2516 3235 
12420 4 0 3848 178 2516 199 
12421 4 0 3858 3851 1597 666 
12422 4 0 3858 666 1597 128 
12423 4 0 1425 128 666 3858 
12424 4 0 4021 3004 2535 4211 
12425 4 0 1415 1551 968 2450 
12426 4 0 1934 2492 3612 448 
12427 4 0 1415 2429 2415 968 
12428 4 0 334 1985 759 1946 
12429 4 0 344 1985 759 334 
12430 4 0 912 2260 3535 3134 
12431 4 0 1734 3481 1732 658 
12432 4 0 1657 2003 658 1734 
12433 4 0 3266 3941 2485 3635 
12434 4 0 3635 3266 1322 2485 
12435 4 0 1959 2011 1979 4060 
12436 4 0 3310 2750 1979 4060 
12437 4 0 3685 70 510 60 
12438 4 0 4333 1295 3516 4016 
12439 4 0 3410 3516 1295 4016 
12440 4 0 4000 4016 1295 4152 
12441 4 0 842 2917 3859 3378 
12442 4 0 842 3859 1934 1363 
12443 4 0 639 1203 2305 2328 
12444 4 0 2427 2230 3051 2184 
12445 4 0 3310 2006 4106 4103 
12446 4 0 4106 3310 453 3260 
12447 4 0 3051 2230 2819 2184 
12448 4 0 3824 323 419 1985 
12449 4 0 3299 1287 3203 2730 
12450 4 0 3206 740 2336 3782 
12451 4 0 4200 3619 1113 3843 
12452 4 0 740 3886 2735 3206 
12453 4 0 466 4686 4504 3423 
12454 4 0 3566 1936 3774 4038 
12455 4 0 1470 1851 1936 3774 
12456 4 0 3177 4453 3869 2606 
12457 4 0 3177 2606 3869 2229 
12458 4 0 4142 3484 746 4026 
12459 4 0 2710 2706 1712 3767 
12460 4 0 4026 1431 4142 3342 
12461 4 0 3972 2545 2349 1889 
12462 4 0 980 2545 1554 843 
12463 4 0 2545 4011 3960 3168 
12464 4 0 439 441 1763 4373 
12465 4 0 842 2917 448 3859 
12466 4 0 3612 2917 1471 3859 
12467 4 0 3245 3862 3230 4009 
12468 4 0 2427 4581 3372 858 
12469 4 0 3246 3450 1153 3520 
12470 4 0 3532 382 2362 3864 
12471 4 0 2133 3524 4258 3009 
12472 4 0 535 3265 2256 3242 
12473 4 0 4130 3872 1570 3140 
12474 4 0 2502 1190 1521 1192 
12475 4 0 3559 391 1070 938 
12476 4 0 2475 1070 938 1669 
12477 4 0 4464 490 1379 2942 
12478 4 0 4244 3348 775 1100 
12479 4 0 1380 4287 4471 4669 
12480 4 0 4592 4591 769 792 
12481 4 0 3868 4337 3355 2588 
12482 4 0 3868 3355 537 2588 
12483 4 0 4417 3868 4337 3355 
12484 4 0 2331 1737 1802 1736 
12485 4 0 1924 2331 429 3510 
12486 4 0 3566 353 759 1936 
12487 4 0 3597 1021 3395 2901 
12488 4 0 470 1100 3281 4325 
12489 4 0 775 1100 470 1758 
12490 4 0 3874 494 4571 3832 
12491 4 0 2773 2037 3733 3791 
12492 4 0 4050 3245 4009 1705 
12493 4 0 2670 1239 2233 2679 
12494 4 0 2790 553 3671 3976 
12495 4 0 489 699 1692 396 
12496 4 0 2734 2097 3606 1628 
12497 4 0 2097 2695 2734 3606 
12498 4 0 941 443 3434 369 
12499 4 0 3771 3434 369 1677 
12500 4 0 3880 4586 3743 443 
12501 4 0 1470 4038 1936 2027 
12502 4 0 2145 4038 1470 2027 
12503 4 0 3870 4685 415 3418 
12504 4 0 3870 415 3198 3418 
12505 4 0 3870 418 2011 415 
12506 4 0 415 2011 3870 3198 
12507 4 0 1367 332 1950 1462 
12508 4 0 3230 3744 2930 3689 
12509 4 0 2970 30 2244 3273 
12510 4 0 2970 22 30 3273 
12511 4 0 13 22 3503 3273 
12512 4 0 1040 3852 3994 2988 
12513 4 0 2878 3101 2246 204 
12514 4 0 3966 554 3727 1400 
12515 4 0 134 157 1732 3969 
12516 4 0 3966 3727 4577 1400 
12517 4 0 3378 842 2917 3253 
12518 4 0 1973 2827 4631 3691 
12519 4 0 1436 1446 2065 2679 
12520 4 0 2312 2679 4305 1436 
12521 4 0 3617 617 3420 489 
12522 4 0 305 2335 2963 1760 
12523 4 0 3154 3235 160 178 
12524 4 0 1760 2963 3076 2335 
12525 4 0 561 2080 4078 4058 
12526 4 0 1432 3507 405 2617 
12527 4 0 2863 2743 2996 539 
12528 4 0 2617 1442 1432 3318 
12529 4 0 2617 3507 405 2613 
12530 4 0 3841 3877 3193 1377 
12531 4 0 2027 1591 3910 1273 
12532 4 0 2619 3719 1895 4667 
12533 4 0 2577 2982 4443 3474 
12534 4 0 599 2328 3328 2774 
12535 4 0 921 418 3870 3767 
12536 4 0 3767 921 490 478 
12537 4 0 3870 418 415 3767 
12538 4 0 916 3870 921 418 
12539 4 0 3422 2088 414 2842 
12540 4 0 2789 605 1853 2764 
12541 4 0 1853 2789 2764 4006 
12542 4 0 2667 4575 4569 2162 
12543 4 0 2911 1636 2686 3327 
12544 4 0 2162 4569 2667 2304 
12545 4 0 4189 2413 2728 2645 
12546 4 0 2728 1009 2645 2413 
12547 4 0 1097 1457 3208 3600 
12548 4 0 907 3950 3925 4034 
12549 4 0 3859 1471 4529 2917 
12550 4 0 609 1939 3882 4166 
12551 4 0 1690 3774 1470 4038 
12552 4 0 1470 1936 4038 3774 
12553 4 0 659 4195 2631 3372 
12554 4 0 659 2631 4070 3372 
12555 4 0 1154 3246 622 3883 
12556 4 0 4173 2902 2653 4029 
12557 4 0 3806 425 2007 3353 
12558 4 0 1540 275 273 3539 
12559 4 0 2034 3617 3420 489 
12560 4 0 3630 4660 4208 4106 
12561 4 0 3411 3432 4234 2529 
12562 4 0 3858 3851 4078 2080 
12563 4 0 1655 3598 1656 2018 
12564 4 0 1655 1656 657 2018 
12565 4 0 3901 3885 4120 3590 
12566 4 0 3977 532 1712 3630 
12567 4 0 534 3402 964 572 
12568 4 0 3887 4459 1456 1398 
12569 4 0 4221 1404 3127 1717 
12570 4 0 4221 2868 3127 2245 
12571 4 0 2746 2436 101 1590 
12572 4 0 2384 1014 610 3056 
12573 4 0 1632 4328 871 3383 
12574 4 0 1781 3616 3046 2664 
12575 4 0 1687 1333 2602 4431 
12576 4 0 3762 4382 2537 465 
12577 4 0 3762 4382 1050 891 
12578 4 0 3882 1522 1592 396 
12579 4 0 4457 2419 172 2338 
12580 4 0 172 1596 2338 2419 
12581 4 0 4311 3344 361 63 
12582 4 0 361 63 73 4311 
12583 4 0 3010 846 3888 1489 
12584 4 0 3010 3888 846 3629 
12585 4 0 2908 4468 2779 2936 
12586 4 0 870 3075 4229 4135 
12587 4 0 1906 839 3805 431 
12588 4 0 3143 3417 2591 760 
12589 4 0 1163 3958 3972 843 
12590 4 0 3143 760 2591 1965 
12591 4 0 608 3987 1789 2797 
12592 4 0 3987 1789 1964 4167 
12593 4 0 693 694 725 3071 
12594 4 0 693 3619 694 3071 
12595 4 0 1301 3723 3717 398 
12596 4 0 1460 1720 2175 3983 
12597 4 0 1720 1379 4139 2942 
12598 4 0 3542 85 3032 3995 
12599 4 0 2379 2994 3612 4154 
12600 4 0 3987 3892 4167 1964 
12601 4 0 608 3987 4197 3892 
12602 4 0 459 2743 2068 461 
12603 4 0 1605 4012 2355 3982 
12604 4 0 3846 1510 635 403 
12605 4 0 3286 3051 57 2534 
12606 4 0 2534 690 2656 3051 
12607 4 0 371 3194 3410 2758 
12608 4 0 3789 3537 1402 4118 
12609 4 0 3789 1162 3537 4118 
12610 4 0 2494 1841 3684 1382 
12611 4 0 2494 1841 4654 3684 
12612 4 0 3889 4061 839 1906 
12613 4 0 2478 3665 1524 1365 
12614 4 0 3743 426 501 1569 
12615 4 0 3270 1569 3743 501 
12616 4 0 1989 1324 3896 849 
12617 4 0 3193 3877 2409 1377 
12618 4 0 3193 2409 1400 3898 
12619 4 0 1985 1610 3985 2630 
12620 4 0 1936 3910 353 345 
12621 4 0 3566 3910 353 1936 
12622 4 0 3447 2712 1305 2060 
12623 4 0 3170 3423 2083 2256 
12624 4 0 1594 2716 1194 948 
12625 4 0 2961 3614 3902 719 
12626 4 0 2742 1292 2836 2263 
12627 4 0 1843 1802 429 1737 
12628 4 0 758 1988 333 750 
12629 4 0 1914 2318 1988 758 
12630 4 0 3084 540 1355 1095 
12631 4 0 4558 3058 1467 2997 
12632 4 0 4558 2974 3058 2997 
12633 4 0 2997 3058 2994 2974 
12634 4 0 3664 611 1497 2804 
12635 4 0 1672 1906 3718 4084 
12636 4 0 390 1683 3358 2021 
12637 4 0 2853 1037 4255 3897 
12638 4 0 1710 1894 2711 1193 
12639 4 0 2711 2615 1710 3533 
12640 4 0 438 2571 3475 2018 
12641 4 0 708 3907 2185 1947 
12642 4 0 93 3877 3193 3841 
12643 4 0 3310 4103 4059 1995 
12644 4 0 2770 791 1268 1225 
12645 4 0 938 391 3059 3559 
12646 4 0 4064 2619 3683 3247 
12647 4 0 991 1898 3747 3900 
12648 4 0 3072 2470 4332 2595 
12649 4 0 4181 1696 3975 3125 
12650 4 0 917 925 3901 1511 
12651 4 0 3885 3901 1511 3590 
12652 4 0 386 3088 2605 999 
12653 4 0 2821 3668 1471 3838 
12654 4 0 1834 1785 1581 3763 
12655 4 0 3696 2491 1984 4294 
12656 4 0 3015 654 536 4553 
12657 4 0 4457 2419 3235 3154 
12658 4 0 1951 3154 4457 3235 
12659 4 0 2924 412 809 4149 
12660 4 0 658 1657 3374 1656 
12661 4 0 2165 1487 3038 4465 
12662 4 0 2187 3840 3781 943 
12663 4 0 761 4055 3628 2872 
12664 4 0 3298 3233 3629 1125 
12665 4 0 4367 3106 1119 3233 
12666 4 0 4181 1696 1498 3975 
12667 4 0 4181 3992 3975 1498 
12668 4 0 2554 1766 935 2805 
12669 4 0 3091 2766 2653 4029 
12670 4 0 3861 3544 3141 2601 
12671 4 0 3132 2885 3707 4075 
12672 4 0 3902 3269 3939 1461 
12673 4 0 3768 1666 2187 1959 
12674 4 0 1487 3038 1597 3851 
12675 4 0 3686 1783 3904 2785 
12676 4 0 4065 4059 1803 2441 
12677 4 0 2120 3882 1839 3336 
12678 4 0 3884 4558 970 2784 
12679 4 0 2974 3884 2784 4558 
12680 4 0 3488 310 4082 4035 
12681 4 0 4587 2581 3307 3022 
12682 4 0 4587 3307 2581 1680 
12683 4 0 1521 3712 4161 3119 
12684 4 0 1512 1486 398 1514 
12685 4 0 1010 2589 595 2949 
12686 4 0 3494 1803 3134 3535 
12687 4 0 1789 1774 3494 3134 
12688 4 0 2235 747 3432 1825 
12689 4 0 747 2235 3432 3133 
12690 4 0 354 747 3432 3133 
12691 4 0 3249 1640 3415 3909 
12692 4 0 3415 1640 2227 3909 
12693 4 0 3784 1777 1776 416 
12694 4 0 706 3740 3232 2795 
12695 4 0 3600 669 4340 3208 
12696 4 0 3600 669 3208 1145 
12697 4 0 2402 2745 2890 2470 
12698 4 0 3843 1114 3619 1113 
12699 4 0 3619 1114 210 1113 
12700 4 0 361 1795 2572 82 
12701 4 0 1200 2635 3886 579 
12702 4 0 579 2635 3886 577 
12703 4 0 1485 3717 1512 398 
12704 4 0 3337 3391 3654 4454 
12705 4 0 1655 2018 3649 3598 
12706 4 0 1459 2351 2577 3474 
12707 4 0 1459 3474 1458 2351 
12708 4 0 4039 659 3372 4195 
12709 4 0 3372 4195 1328 4039 
12710 4 0 459 2914 3045 3653 
12711 4 0 3045 2862 3653 1700 
12712 4 0 171 3016 844 1927 
12713 4 0 3310 2006 3260 4106 
12714 4 0 3468 2278 2798 3973 
12715 4 0 2798 1078 4069 1080 
12716 4 0 2444 21 31 3264 
12717 4 0 4313 4690 3667 1740 
12718 4 0 4454 780 778 2814 
12719 4 0 4534 576 3755 4521 
12720 4 0 1412 3034 4316 2959 
12721 4 0 2248 2959 3034 1412 
12722 4 0 560 86 4014 3721 
12723 4 0 4204 4014 1996 1974 
12724 4 0 86 106 4014 3721 
12725 4 0 3721 106 3846 828 
12726 4 0 1068 3723 4625 4391 
12727 4 0 3243 2902 2592 2663 
12728 4 0 3853 4367 3913 3233 
12729 4 0 4464 4034 3607 490 
12730 4 0 3915 3151 4287 1275 
12731 4 0 3865 4671 3151 3915 
12732 4 0 3333 3853 4367 3716 
12733 4 0 2623 2114 3695 2963 
12734 4 0 2702 1521 4161 3119 
12735 4 0 2716 2579 3653 4422 
12736 4 0 4642 3889 4003 3805 
12737 4 0 3028 530 3257 927 
12738 4 0 504 3920 4260 2314 
12739 4 0 3090 504 2796 3920 
12740 4 0 2702 692 2502 3119 
12741 4 0 3121 1242 2301 3094 
12742 4 0 717 2739 3918 2304 
12743 4 0 675 2204 676 2165 
12744 4 0 717 4236 2304 3918 
12745 4 0 310 322 1972 3488 
12746 4 0 2360 3549 1051 3015 
12747 4 0 2037 4137 4035 1954 
12748 4 0 918 1280 2539 1279 
12749 4 0 4154 1418 2379 2349 
12750 4 0 3922 1418 4154 2349 
12751 4 0 3201 1797 3304 2623 
12752 4 0 650 1797 2623 3304 
12753 4 0 2735 3782 3206 4514 
12754 4 0 1760 2963 4377 3076 
12755 4 0 2531 3668 3924 1529 
12756 4 0 3668 3924 2821 2531 
12757 4 0 3950 4065 737 3925 
12758 4 0 2229 1748 2761 3869 
12759 4 0 1705 4009 3921 3862 
12760 4 0 3548 1623 2174 554 
12761 4 0 3548 2227 3308 1623 
12762 4 0 3308 1623 3679 2174 
12763 4 0 1984 820 3361 601 
12764 4 0 1655 601 3598 3649 
12765 4 0 1571 1794 4010 1722 
12766 4 0 3121 2402 1399 2660 
12767 4 0 4501 3121 1399 2660 
12768 4 0 467 859 2431 468 
12769 4 0 859 468 825 2431 
12770 4 0 1326 468 859 467 
12771 4 0 3804 3882 1592 396 
12772 4 0 468 3662 859 825 
12773 4 0 1326 3662 859 468 
12774 4 0 3372 3063 4151 638 
12775 4 0 3349 1733 1397 3766 
12776 4 0 2944 3937 4187 1508 
12777 4 0 1601 4681 1607 1960 
12778 4 0 1601 1960 3656 4681 
12779 4 0 3806 425 3353 1919 
12780 4 0 1919 3353 3806 1376 
12781 4 0 4412 4471 4287 4669 
12782 4 0 4287 3865 3151 3915 
12783 4 0 1190 2502 2702 2829 
12784 4 0 4463 1038 3604 4001 
12785 4 0 635 536 2039 3846 
12786 4 0 2039 2796 2341 536 
12787 4 0 4146 1694 3001 2846 
12788 4 0 4649 3927 3473 910 
12789 4 0 3927 1384 3473 910 
12790 4 0 884 3174 3544 1940 
12791 4 0 3629 3010 3821 846 
12792 4 0 2027 617 3420 3617 
12793 4 0 3411 617 2027 3617 
12794 4 0 3617 2027 1645 3420 
12795 4 0 4620 2832 3641 2973 
12796 4 0 2973 1850 2832 2218 
12797 4 0 2347 3853 3913 3233 
12798 4 0 1906 3224 532 431 
12799 4 0 3287 3797 4225 3926 
12800 4 0 3926 3287 3797 1731 
12801 4 0 2941 3669 2999 554 
12802 4 0 2941 3966 4595 1224 
12803 4 0 790 554 4595 2941 
12804 4 0 3849 1724 515 2164 
12805 4 0 4561 4555 2673 2162 
12806 4 0 2162 4561 4575 2673 
12807 4 0 783 3227 3408 915 
12808 4 0 3411 398 1151 3717 
12809 4 0 258 4250 1595 229 
12810 4 0 3565 892 4264 2394 
12811 4 0 2360 536 3360 2039 
12812 4 0 1597 4014 3851 3858 
12813 4 0 128 1201 110 3858 
12814 4 0 1073 1069 2254 3065 
12815 4 0 1296 708 4263 2932 
12816 4 0 4130 282 3872 3140 
12817 4 0 4174 2787 2953 2421 
12818 4 0 4174 3061 1021 509 
12819 4 0 3666 2435 628 1284 
12820 4 0 2819 4554 2769 36 
12821 4 0 2819 2769 2327 36 
12822 4 0 4554 2819 2753 36 
12823 4 0 3768 4448 1506 3635 
12824 4 0 4289 4181 3185 3992 
12825 4 0 4034 2259 3607 490 
12826 4 0 1425 128 3858 153 
12827 4 0 2447 3778 674 3943 
12828 4 0 2839 3289 2877 2576 
12829 4 0 2576 3180 2422 2877 
12830 4 0 3590 3885 2384 1511 
12831 4 0 2315 3483 555 2586 
12832 4 0 2268 3155 3995 2748 
12833 4 0 3554 4345 3621 1501 
12834 4 0 3577 2039 2341 3846 
12835 4 0 3247 2837 1505 3933 
12836 4 0 3292 3849 4609 1724 
12837 4 0 2274 3041 3064 3648 
12838 4 0 3064 2453 3041 2274 
12839 4 0 3977 2710 3963 4077 
12840 4 0 1709 2629 2711 538 
12841 4 0 4324 4188 1424 2867 
12842 4 0 4181 4146 3125 2500 
12843 4 0 3125 3001 4146 1696 
12844 4 0 3125 2612 3001 1696 
12845 4 0 3930 2051 975 3025 
12846 4 0 1370 3115 4288 4351 
12847 4 0 4288 4351 3115 4507 
12848 4 0 530 3257 2863 2623 
12849 4 0 781 1997 2851 1271 
12850 4 0 530 3257 2996 2863 
12851 4 0 4232 3047 1063 497 
12852 4 0 3966 3669 1400 3351 
12853 4 0 3351 3669 4593 3966 
12854 4 0 673 3931 3946 1252 
12855 4 0 4302 2474 3546 3179 
12856 4 0 1309 516 2474 4608 
12857 4 0 505 4198 3309 2695 
12858 4 0 3607 3938 4464 490 
12859 4 0 3675 3745 2425 3932 
12860 4 0 393 3055 2324 3555 
12861 4 0 414 2272 1943 1791 
12862 4 0 2842 4396 414 3422 
12863 4 0 1552 3587 1980 3683 
12864 4 0 1887 1888 3510 1802 
12865 4 0 2331 3510 1888 1802 
12866 4 0 1896 3840 1909 3683 
12867 4 0 3683 1896 2619 4064 
12868 4 0 3413 3026 2233 799 
12869 4 0 1516 3433 2874 4570 
12870 4 0 940 4570 2874 3316 
12871 4 0 3937 1508 2871 4563 
12872 4 0 1508 2908 2871 4563 
12873 4 0 1132 2726 4182 2086 
12874 4 0 3799 4384 2379 4437 
12875 4 0 2492 3799 2379 2790 
12876 4 0 4105 1705 3245 1534 
12877 4 0 1857 3862 3245 4105 
12878 4 0 641 2557 3096 3397 
12879 4 0 1300 3382 1486 4056 
12880 4 0 3382 3389 3506 1306 
12881 4 0 1878 4238 3941 3252 
12882 4 0 3252 1959 3635 3941 
12883 4 0 473 1606 1982 4447 
12884 4 0 172 1596 198 404 
12885 4 0 3666 3681 2435 1284 
12886 4 0 3681 1284 3204 2435 
12887 4 0 4233 3383 1411 2835 
12888 4 0 1411 4233 3301 2680 
12889 4 0 839 1585 1354 2702 
12890 4 0 3449 3113 1983 2240 
12891 4 0 3160 2532 3881 4025 
12892 4 0 559 1105 3440 4182 
12893 4 0 1682 410 3765 603 
12894 4 0 1530 3880 3771 2625 
12895 4 0 1416 2867 4188 4324 
12896 4 0 2469 2757 2741 1978 
12897 4 0 3506 4688 3519 3382 
12898 4 0 1954 1985 2630 2318 
12899 4 0 3576 482 3571 2132 
12900 4 0 2846 482 3576 2132 
12901 4 0 3576 2132 3571 2483 
12902 4 0 3944 1109 889 886 
12903 4 0 485 3327 1604 1918 
12904 4 0 1636 1604 4345 3327 
12905 4 0 3327 1636 1604 1918 
12906 4 0 3939 876 4049 2063 
12907 4 0 3939 876 2788 4049 
12908 4 0 746 1431 4026 2531 
12909 4 0 964 3071 573 572 
12910 4 0 573 153 3071 581 
12911 4 0 4515 572 964 573 
12912 4 0 1926 2559 1017 3978 
12913 4 0 858 2572 3372 2427 
12914 4 0 968 971 2450 1551 
12915 4 0 4411 2061 2878 1862 
12916 4 0 3804 396 1592 4110 
12917 4 0 3426 3244 4221 1110 
12918 4 0 3643 4524 973 469 
12919 4 0 2413 4491 546 3429 
12920 4 0 1554 843 3422 980 
12921 4 0 3916 886 1960 3280 
12922 4 0 886 1334 2719 3280 
12923 4 0 3336 4661 2619 3840 
12924 4 0 2089 2697 2927 3078 
12925 4 0 4202 3803 3023 4439 
12926 4 0 3996 3689 4041 2930 
12927 4 0 3985 3806 1390 4136 
12928 4 0 4110 1592 3804 1390 
12929 4 0 3197 3125 3008 3929 
12930 4 0 1401 2675 3884 1161 
12931 4 0 138 378 4444 3255 
12932 4 0 4444 3255 1688 4436 
12933 4 0 4177 2147 2401 2177 
12934 4 0 1570 3617 2983 4234 
12935 4 0 3806 2619 3804 4667 
12936 4 0 1701 2058 3835 4487 
12937 4 0 3035 3555 393 3221 
12938 4 0 393 3593 3555 3035 
12939 4 0 964 4696 580 3402 
12940 4 0 1856 3968 2602 1855 
12941 4 0 2520 1886 2602 3968 
12942 4 0 1856 4213 2602 2520 
12943 4 0 1856 2520 2602 3968 
12944 4 0 730 697 1858 3386 
12945 4 0 2711 2205 3585 2615 
12946 4 0 2077 3900 415 3747 
12947 4 0 4235 3522 4398 2661 
12948 4 0 843 1739 4079 3342 
12949 4 0 2088 843 4079 3342 
12950 4 0 3582 2790 1466 427 
12951 4 0 1232 4126 4540 3582 
12952 4 0 4128 2926 3079 2613 
12953 4 0 2710 4451 3393 3963 
12954 4 0 2613 3507 3079 904 
12955 4 0 1608 1046 982 1940 
12956 4 0 982 1940 481 3174 
12957 4 0 2887 481 1940 3174 
12958 4 0 2946 3341 2187 3781 
12959 4 0 365 4430 3945 2479 
12960 4 0 772 2076 1890 4526 
12961 4 0 3898 2320 3548 2957 
12962 4 0 2867 4211 3536 3812 
12963 4 0 286 756 4025 295 
12964 4 0 1984 2491 3649 4294 
12965 4 0 1664 3266 529 4161 
12966 4 0 3342 3958 843 2416 
12967 4 0 927 3257 1558 2996 
12968 4 0 530 2996 3257 927 
12969 4 0 3154 2419 3235 178 
12970 4 0 3168 2545 3972 1889 
12971 4 0 1127 178 3235 3848 
12972 4 0 3235 178 2516 3848 
12973 4 0 1176 4314 2133 2873 
12974 4 0 271 279 1535 3881 
12975 4 0 3881 1535 271 280 
12976 4 0 4036 1609 3843 1113 
12977 4 0 4054 1960 2344 3656 
12978 4 0 1111 2023 2344 4054 
12979 4 0 1126 1132 204 2141 
12980 4 0 912 3134 3535 3494 
12981 4 0 734 735 3494 1774 
12982 4 0 735 3134 3494 1774 
12983 4 0 2930 1857 4041 299 
12984 4 0 2475 3948 2954 2275 
12985 4 0 3605 3948 1435 2275 
12986 4 0 1435 3082 2275 3948 
12987 4 0 727 3923 3386 606 
12988 4 0 3386 3619 694 3923 
12989 4 0 1383 3435 610 912 
12990 4 0 912 903 3435 610 
12991 4 0 912 610 3134 903 
12992 4 0 2716 1756 4422 4434 
12993 4 0 1424 3253 2867 3803 
12994 4 0 4324 1424 3253 2867 
12995 4 0 1695 3986 1926 3595 
12996 4 0 4315 3231 3378 3253 
12997 4 0 3378 3253 3611 4439 
12998 4 0 3577 3954 1220 833 
12999 4 0 933 2342 3082 937 
13000 4 0 3846 3577 130 3069 
13001 4 0 4652 3420 911 4687 
13002 4 0 3761 2921 3702 2605 
13003 4 0 2520 3298 3233 3380 
13004 4 0 3374 1734 658 3481 
13005 4 0 3355 583 4270 183 
13006 4 0 3266 4655 4238 3256 
13007 4 0 583 2834 183 3414 
13008 4 0 4222 3485 3796 3045 
13009 4 0 2165 3522 3402 654 
13010 4 0 3402 536 3851 2165 
13011 4 0 4587 1473 2581 1548 
13012 4 0 3564 4356 3210 1059 
13013 4 0 536 3858 4014 560 
13014 4 0 2958 2454 611 3955 
13015 4 0 2958 2454 3955 3370 
13016 4 0 3740 3981 2518 3232 
13017 4 0 2080 3626 1538 2850 
13018 4 0 572 3626 3071 962 
13019 4 0 264 2543 3957 1765 
13020 4 0 3521 2543 3957 264 
13021 4 0 1757 3061 4174 509 
13022 4 0 3985 1954 2630 1390 
13023 4 0 1757 4174 2296 509 
13024 4 0 2801 4218 408 3369 
13025 4 0 4218 1823 2240 3369 
13026 4 0 3245 3862 4009 1705 
13027 4 0 3369 1580 409 2465 
13028 4 0 4635 848 3631 809 
13029 4 0 1653 2462 2698 4037 
13030 4 0 1433 3462 1442 2617 
13031 4 0 3462 1443 1442 2617 
13032 4 0 3803 4202 3023 2400 
13033 4 0 703 4202 3803 2400 
13034 4 0 3894 533 3866 2903 
13035 4 0 983 3530 1171 1166 
13036 4 0 3823 4369 2175 1339 
13037 4 0 3050 3482 1360 2664 
13038 4 0 1635 3776 2518 2515 
13039 4 0 2515 3776 2568 2600 
13040 4 0 3084 1095 1355 1398 
13041 4 0 1398 1095 1355 656 
13042 4 0 2342 3082 2275 933 
13043 4 0 933 2954 2275 2342 
13044 4 0 4354 2196 930 4355 
13045 4 0 2576 4354 2196 4032 
13046 4 0 4354 4032 4183 930 
13047 4 0 3659 474 4624 2791 
13048 4 0 1067 4638 3659 2791 
13049 4 0 4449 1080 2798 2933 
13050 4 0 317 4041 2666 750 
13051 4 0 317 332 750 2666 
13052 4 0 112 89 3850 895 
13053 4 0 112 89 3030 3850 
13054 4 0 728 739 2532 696 
13055 4 0 520 875 2713 4050 
13056 4 0 1206 1657 658 1735 
13057 4 0 3969 3577 403 3183 
13058 4 0 1472 770 1547 3612 
13059 4 0 2902 2663 2371 1730 
13060 4 0 985 3804 4647 4667 
13061 4 0 624 3146 564 3443 
13062 4 0 4305 2827 2312 1437 
13063 4 0 3749 3743 443 2609 
13064 4 0 3749 1648 3270 2609 
13065 4 0 4207 1648 3749 2609 
13066 4 0 2853 3298 3233 1037 
13067 4 0 3595 604 795 1500 
13068 4 0 3327 1636 2686 4345 
13069 4 0 4345 1636 2686 3595 
13070 4 0 970 2417 3215 2601 
13071 4 0 2784 2887 970 2601 
13072 4 0 3215 2784 2601 2436 
13073 4 0 692 2702 4161 3119 
13074 4 0 1663 3660 4231 2671 
13075 4 0 2216 2125 2477 3145 
13076 4 0 1326 467 4196 641 
13077 4 0 2934 2038 2231 2956 
13078 4 0 2934 800 2956 2231 
13079 4 0 1155 3246 3450 1153 
13080 4 0 3246 1155 1154 1153 
13081 4 0 2592 2902 3105 2663 
13082 4 0 143 572 4515 4513 
13083 4 0 4155 1644 2508 4162 
13084 4 0 2334 2597 2614 2190 
13085 4 0 1246 2614 2597 2190 
13086 4 0 2021 3216 1183 3811 
13087 4 0 2021 4624 3811 1183 
13088 4 0 2021 1682 1183 3216 
13089 4 0 3717 4625 3723 1301 
13090 4 0 3858 1201 581 128 
13091 4 0 1425 153 3858 3071 
13092 4 0 3840 3336 4648 3987 
13093 4 0 3592 2995 2520 2602 
13094 4 0 4227 2442 3974 4045 
13095 4 0 3000 3823 4369 3983 
13096 4 0 4684 365 3945 2479 
13097 4 0 560 536 3858 1201 
13098 4 0 3858 4014 3851 536 
13099 4 0 3008 3992 3975 4181 
13100 4 0 3705 3960 2545 1676 
13101 4 0 1676 3960 4593 4596 
13102 4 0 3705 3960 1676 4596 
13103 4 0 1676 4140 4593 3960 
13104 4 0 2311 1216 2808 4104 
13105 4 0 2796 675 2870 3376 
13106 4 0 4038 3774 3566 3384 
13107 4 0 3964 3588 2186 3278 
13108 4 0 3278 3588 2464 3964 
13109 4 0 3544 882 2817 4185 
13110 4 0 4375 2109 4449 2940 
13111 4 0 599 2462 2363 2642 
13112 4 0 3770 2462 599 2642 
13113 4 0 70 2693 60 3965 
13114 4 0 3086 2166 78 79 
13115 4 0 1530 2905 3491 1677 
13116 4 0 2942 490 1379 4139 
13117 4 0 1926 3582 449 3978 
13118 4 0 2431 859 3556 3847 
13119 4 0 2239 2865 3312 1081 
13120 4 0 681 2244 38 30 
13121 4 0 3760 1614 3997 4476 
13122 4 0 2036 1690 1470 2145 
13123 4 0 2316 3956 2785 3758 
13124 4 0 549 417 238 221 
13125 4 0 3646 3686 3442 3613 
13126 4 0 3908 3506 3401 1686 
13127 4 0 3598 2976 818 3995 
13128 4 0 4544 818 3598 2555 
13129 4 0 2936 1128 720 2944 
13130 4 0 1479 3158 1378 1367 
13131 4 0 668 3158 1479 1367 
13132 4 0 2684 2928 2017 4549 
13133 4 0 2017 2816 4549 2928 
13134 4 0 3680 2928 2017 2684 
13135 4 0 3393 1282 1460 1280 
13136 4 0 429 1400 3871 1953 
13137 4 0 2033 4237 4607 2754 
13138 4 0 2177 442 3815 2598 
13139 4 0 442 2598 4508 3815 
13140 4 0 4508 2598 442 4176 
13141 4 0 3160 4025 1535 756 
13142 4 0 1535 279 756 4025 
13143 4 0 751 756 1535 279 
13144 4 0 2191 3412 2022 2662 
13145 4 0 3412 517 2738 3188 
13146 4 0 2693 30 38 43 
13147 4 0 38 49 2693 43 
13148 4 0 30 2693 22 43 
13149 4 0 2145 3227 2036 1690 
13150 4 0 915 3227 3408 1976 
13151 4 0 842 3859 1363 3378 
13152 4 0 1363 3378 4172 2648 
13153 4 0 1785 2897 2530 1346 
13154 4 0 1541 1542 3628 4050 
13155 4 0 3808 2064 378 3470 
13156 4 0 378 2059 184 3470 
13157 4 0 277 3245 278 1534 
13158 4 0 2465 2240 408 4630 
13159 4 0 2465 3369 408 2240 
13160 4 0 607 4646 4106 1858 
13161 4 0 3408 3982 3227 1564 
13162 4 0 3227 3982 1245 1564 
13163 4 0 1605 3982 2355 1511 
13164 4 0 3247 1245 3227 3982 
13165 4 0 1024 3715 3126 2176 
13166 4 0 962 963 2637 3626 
13167 4 0 3958 2531 2349 2416 
13168 4 0 1418 2531 1423 4560 
13169 4 0 1954 3774 1690 3985 
13170 4 0 3806 1954 1690 3985 
13171 4 0 987 3802 1998 1711 
13172 4 0 3802 1356 987 1998 
13173 4 0 2779 1715 3375 2497 
13174 4 0 520 3628 278 291 
13175 4 0 3679 380 191 179 
13176 4 0 2790 427 3582 4540 
13177 4 0 4126 427 4540 3582 
13178 4 0 4688 3519 3382 1300 
13179 4 0 3240 2745 2704 2698 
13180 4 0 4332 2704 3240 2745 
13181 4 0 2949 595 1010 632 
13182 4 0 3747 1804 2015 3630 
13183 4 0 3815 711 4508 939 
13184 4 0 3274 1434 3704 2655 
13185 4 0 3274 1434 2655 2065 
13186 4 0 2065 2655 1445 1434 
13187 4 0 2570 3615 2188 2512 
13188 4 0 2783 2829 377 1344 
13189 4 0 377 3513 1344 4127 
13190 4 0 398 4688 1306 3382 
13191 4 0 2056 378 4444 1751 
13192 4 0 1751 2056 1057 2098 
13193 4 0 614 2850 3386 3619 
13194 4 0 2505 2125 3145 88 
13195 4 0 2477 3145 2125 88 
13196 4 0 3427 714 3145 111 
13197 4 0 4239 2603 1703 3835 
13198 4 0 2001 2027 4652 324 
13199 4 0 3920 2341 4260 2314 
13200 4 0 771 2941 3990 4593 
13201 4 0 3253 3231 3378 3611 
13202 4 0 277 3245 761 278 
13203 4 0 761 278 3245 3628 
13204 4 0 1857 277 3245 761 
13205 4 0 4651 4200 4481 4150 
13206 4 0 4150 4200 4481 1672 
13207 4 0 1632 3289 4328 2063 
13208 4 0 3289 1632 4328 2634 
13209 4 0 3335 4364 1312 3289 
13210 4 0 3230 2623 3257 3689 
13211 4 0 64 2315 362 3979 
13212 4 0 617 1976 487 3420 
13213 4 0 3420 4052 489 1976 
13214 4 0 800 3541 802 3502 
13215 4 0 3541 3502 2221 802 
13216 4 0 802 3204 2221 3561 
13217 4 0 2887 3799 2492 4290 
13218 4 0 2850 3386 3619 694 
13219 4 0 2160 4430 1577 4446 
13220 4 0 3374 3995 85 3542 
13221 4 0 3032 3995 85 4545 
13222 4 0 3374 85 102 3542 
13223 4 0 4430 3945 4446 2160 
13224 4 0 3331 2509 248 257 
13225 4 0 3506 2602 2284 4431 
13226 4 0 2936 3316 3433 2908 
13227 4 0 2936 3316 2908 1314 
13228 4 0 1839 3840 2619 3247 
13229 4 0 2903 3471 533 1948 
13230 4 0 3705 1161 771 1401 
13231 4 0 985 4136 4110 3804 
13232 4 0 1966 656 1954 2318 
13233 4 0 1966 1914 3488 2000 
13234 4 0 915 1281 1976 3408 
13235 4 0 547 2728 4189 4506 
13236 4 0 4118 4414 4193 2464 
13237 4 0 3232 1981 2795 3296 
13238 4 0 717 4236 2300 3137 
13239 4 0 3626 2055 963 2364 
13240 4 0 3626 963 2637 2364 
13241 4 0 2481 2292 2197 3502 
13242 4 0 3962 4541 4000 4406 
13243 4 0 2284 3658 2424 1237 
13244 4 0 4038 1591 1936 2027 
13245 4 0 3537 3013 4118 4193 
13246 4 0 188 3071 693 725 
13247 4 0 1036 412 2924 4149 
13248 4 0 2924 4149 848 1036 
13249 4 0 2645 2413 3300 4189 
13250 4 0 1235 1236 2744 3463 
13251 4 0 857 1330 403 1331 
13252 4 0 1235 4674 2744 1236 
13253 4 0 1235 3836 2744 4674 
13254 4 0 2687 2975 254 4373 
13255 4 0 1992 3671 3037 2911 
13256 4 0 1918 1168 2911 484 
13257 4 0 3971 4050 520 2713 
13258 4 0 1727 3287 2540 2422 
13259 4 0 4540 1947 1232 2790 
13260 4 0 1716 3315 1027 2528 
13261 4 0 2528 2650 1716 3315 
13262 4 0 700 610 2856 3056 
13263 4 0 1244 4008 784 3683 
13264 4 0 4234 2983 3411 3617 
13265 4 0 4024 2743 3893 3694 
13266 4 0 2315 2443 64 362 
13267 4 0 1804 2006 3256 3941 
13268 4 0 1794 3351 4010 1747 
13269 4 0 3907 1947 4540 2185 
13270 4 0 708 2932 4437 2185 
13271 4 0 2545 980 4011 3168 
13272 4 0 980 1554 2545 4011 
13273 4 0 1845 4616 647 2130 
13274 4 0 4083 2130 1478 4616 
13275 4 0 1478 4616 2130 647 
13276 4 0 730 4462 3386 3692 
13277 4 0 3724 2420 1876 878 
13278 4 0 1518 878 2420 3724 
13279 4 0 878 1520 1518 2420 
13280 4 0 3404 2565 1936 335 
13281 4 0 1518 2420 3116 3724 
13282 4 0 1989 846 3896 1324 
13283 4 0 917 4012 3982 1564 
13284 4 0 3982 4012 1245 1564 
13285 4 0 2027 487 4042 3420 
13286 4 0 546 3373 545 3429 
13287 4 0 2567 1859 12 7 
13288 4 0 1859 7 2567 15 
13289 4 0 1217 15 1859 2567 
13290 4 0 3683 2355 3247 2193 
13291 4 0 3666 1259 3299 1408 
13292 4 0 3962 3410 4000 4541 
13293 4 0 122 3032 105 4545 
13294 4 0 1711 3881 4025 279 
13295 4 0 3047 4348 3191 3291 
13296 4 0 697 4119 3386 4643 
13297 4 0 4106 3386 4643 692 
13298 4 0 3640 3014 2471 4013 
13299 4 0 4140 2024 4087 2545 
13300 4 0 4140 2024 1794 4087 
13301 4 0 700 736 2856 735 
13302 4 0 609 2856 736 735 
13303 4 0 3215 1428 3164 4020 
13304 4 0 3485 1723 3796 3045 
13305 4 0 2672 665 4521 3725 
13306 4 0 4517 2672 4521 3818 
13307 4 0 4521 2672 4517 4534 
13308 4 0 4047 4648 3987 3970 
13309 4 0 4168 734 1774 735 
13310 4 0 3080 2495 2989 2546 
13311 4 0 1123 1883 4134 811 
13312 4 0 4015 4410 4016 3907 
13313 4 0 3824 3774 344 1985 
13314 4 0 3916 2616 1960 1514 
13315 4 0 1948 2375 1966 2037 
13316 4 0 2255 2453 2126 2489 
13317 4 0 2620 2489 2255 612 
13318 4 0 4146 712 2500 1498 
13319 4 0 2850 962 3626 963 
13320 4 0 2621 1059 3210 3647 
13321 4 0 818 4545 3995 534 
13322 4 0 1244 1245 1919 3247 
13323 4 0 1919 1244 3247 4064 
13324 4 0 1711 3881 279 739 
13325 4 0 3269 718 3902 570 
13326 4 0 2961 3614 1461 3902 
13327 4 0 2806 2961 3269 718 
13328 4 0 398 1485 3717 1301 
13329 4 0 1485 1306 1301 398 
13330 4 0 2917 3378 3253 4315 
13331 4 0 1279 1272 2539 3883 
13332 4 0 3983 260 3000 622 
13333 4 0 122 572 3032 4545 
13334 4 0 4177 674 4409 3652 
13335 4 0 4177 2401 3652 4409 
13336 4 0 1350 2476 4113 2016 
13337 4 0 403 636 3969 1732 
13338 4 0 636 177 3969 1732 
13339 4 0 3351 3669 1400 1747 
13340 4 0 1997 2606 780 2814 
13341 4 0 102 134 3481 3693 
13342 4 0 3781 2837 1839 3295 
13343 4 0 692 4161 839 3266 
13344 4 0 4108 3791 1483 4479 
13345 4 0 1431 1163 3594 3342 
13346 4 0 1163 843 3342 3958 
13347 4 0 3722 1052 3094 659 
13348 4 0 1583 3197 2609 443 
13349 4 0 3611 724 869 3378 
13350 4 0 2715 140 3500 163 
13351 4 0 904 2617 1238 2717 
13352 4 0 4438 1977 597 1749 
13353 4 0 3778 2184 2230 4177 
13354 4 0 3802 988 4136 4110 
13355 4 0 4699 988 4136 3802 
13356 4 0 987 988 4699 3802 
13357 4 0 1788 3954 3805 2981 
13358 4 0 4001 994 1247 3347 
13359 4 0 1863 2403 55 2274 
13360 4 0 55 2274 2403 3682 
13361 4 0 4044 3869 2228 1748 
13362 4 0 2331 429 1802 1737 
13363 4 0 4025 1543 3802 2630 
13364 4 0 3780 4004 4449 2927 
13365 4 0 3160 4025 3881 1535 
13366 4 0 3881 279 1535 4025 
13367 4 0 3780 4004 2927 3339 
13368 4 0 286 4025 756 279 
13369 4 0 4137 4082 3628 875 
13370 4 0 1390 3628 4050 4137 
13371 4 0 3850 1208 475 3255 
13372 4 0 3030 1208 475 3850 
13373 4 0 3905 396 1925 986 
13374 4 0 2796 3376 2314 504 
13375 4 0 2796 675 3376 504 
13376 4 0 770 3859 1934 3612 
13377 4 0 1471 3612 1472 4560 
13378 4 0 512 3701 2164 3739 
13379 4 0 4005 2681 1374 2633 
13380 4 0 699 489 2856 396 
13381 4 0 3983 3000 3465 622 
13382 4 0 2449 1881 2396 4006 
13383 4 0 1759 3688 776 774 
13384 4 0 2532 728 396 1692 
13385 4 0 2817 3544 3688 4326 
13386 4 0 3297 2251 4141 3525 
13387 4 0 3010 3888 1037 4633 
13388 4 0 4400 4376 3492 2456 
13389 4 0 4399 4400 2456 4376 
13390 4 0 2836 2322 1566 4259 
13391 4 0 3384 344 3774 3566 
13392 4 0 344 3774 3566 759 
13393 4 0 3027 812 3081 2294 
13394 4 0 4027 4495 3307 1680 
13395 4 0 408 2465 2596 2782 
13396 4 0 1528 4065 732 388 
13397 4 0 4059 732 4065 1803 
13398 4 0 1804 4103 2006 1979 
13399 4 0 3630 4103 4106 2006 
13400 4 0 1979 4103 2015 1804 
13401 4 0 1626 3223 4419 2885 
13402 4 0 923 394 3279 3587 
13403 4 0 1855 3398 1687 3506 
13404 4 0 1855 3398 3506 1182 
13405 4 0 3506 1687 2602 4431 
13406 4 0 980 2545 843 3972 
13407 4 0 2545 3168 3972 980 
13408 4 0 988 4110 4209 3181 
13409 4 0 2932 708 4263 4015 
13410 4 0 2185 708 4015 3907 
13411 4 0 403 3846 1510 3577 
13412 4 0 3656 2219 1603 4681 
13413 4 0 4014 536 1996 1974 
13414 4 0 292 1336 3267 4130 
13415 4 0 4370 4419 2885 1626 
13416 4 0 1094 4272 3057 3341 
13417 4 0 1857 3862 2930 3230 
13418 4 0 3744 3862 3230 2930 
13419 4 0 3726 2244 2662 777 
13420 4 0 3799 4114 2790 4290 
13421 4 0 2992 3848 2516 199 
13422 4 0 1641 2998 2508 3340 
13423 4 0 3235 4457 556 2338 
13424 4 0 1996 130 3069 3846 
13425 4 0 2418 3846 3069 2341 
13426 4 0 3158 2965 3689 1693 
13427 4 0 493 2766 2653 3217 
13428 4 0 1672 4150 4200 2013 
13429 4 0 2766 2653 3217 1064 
13430 4 0 4667 1897 4666 4136 
13431 4 0 425 2007 1897 3806 
13432 4 0 314 353 3404 751 
13433 4 0 314 751 3404 4030 
13434 4 0 4160 3307 4572 2640 
13435 4 0 1558 1023 3959 3230 
13436 4 0 3744 1023 3230 3959 
13437 4 0 692 4131 4084 4200 
13438 4 0 4200 4131 4084 1672 
13439 4 0 390 2789 1212 3358 
13440 4 0 2803 2021 3012 1212 
13441 4 0 3582 4126 1043 4031 
13442 4 0 3012 390 2021 1172 
13443 4 0 624 1258 564 3146 
13444 4 0 3510 1887 1363 3980 
13445 4 0 1934 4525 3510 3980 
13446 4 0 2595 1931 2402 2745 
13447 4 0 1918 1168 1992 2911 
13448 4 0 1352 3625 1945 2571 
13449 4 0 120 3174 4682 2369 
13450 4 0 423 4662 4060 3970 
13451 4 0 2927 3622 3078 713 
13452 4 0 704 1722 1843 1742 
13453 4 0 704 4010 1722 1742 
13454 4 0 429 704 1722 1843 
13455 4 0 3843 692 1906 4200 
13456 4 0 2150 2216 3145 2125 
13457 4 0 2150 2968 3145 2216 
13458 4 0 2780 4083 374 2951 
13459 4 0 1273 487 2145 1764 
13460 4 0 3382 3506 3447 3519 
13461 4 0 1300 3447 3382 2712 
13462 4 0 1460 1282 914 4139 
13463 4 0 3393 1460 914 2710 
13464 4 0 2373 4035 2037 4137 
13465 4 0 2838 2339 1079 4067 
13466 4 0 1676 2024 4140 2545 
13467 4 0 1288 3117 2759 75 
13468 4 0 3976 1168 1926 2911 
13469 4 0 346 354 3173 3133 
13470 4 0 1591 4028 3998 4038 
13471 4 0 4038 1591 2145 3998 
13472 4 0 125 2436 1590 101 
13473 4 0 125 507 1590 2436 
13474 4 0 698 3420 3881 4687 
13475 4 0 2532 698 3420 3881 
13476 4 0 3776 3205 1635 823 
13477 4 0 3760 3791 1954 1390 
13478 4 0 3131 3776 2515 2600 
13479 4 0 4137 1954 2037 3791 
13480 4 0 3969 3450 3520 3481 
13481 4 0 4701 3630 4664 4103 
13482 4 0 3630 4106 4103 4701 
13483 4 0 1758 470 181 202 
13484 4 0 181 470 1001 202 
13485 4 0 892 3016 1810 2164 
13486 4 0 1143 4022 216 3532 
13487 4 0 1462 317 3996 4041 
13488 4 0 332 317 1950 1462 
13489 4 0 1462 3689 3996 1950 
13490 4 0 2798 2109 584 1911 
13491 4 0 4449 2109 2798 2940 
13492 4 0 1911 2798 2940 2927 
13493 4 0 2933 2798 4449 2109 
13494 4 0 2616 1465 3382 2712 
13495 4 0 1968 2616 3382 2712 
13496 4 0 2712 4681 2340 2616 
13497 4 0 2053 3679 179 3738 
13498 4 0 1465 2616 4681 2712 
13499 4 0 4041 750 299 290 
13500 4 0 4041 299 750 306 
13501 4 0 4041 750 317 306 
13502 4 0 3219 4589 4023 3144 
13503 4 0 3010 3821 1989 3298 
13504 4 0 3923 4643 3386 692 
13505 4 0 697 3386 3923 4643 
13506 4 0 697 727 3923 3386 
13507 4 0 3672 2678 688 1267 
13508 4 0 3781 3187 2837 1394 
13509 4 0 3941 1878 3256 4238 
13510 4 0 1919 3806 3247 1376 
13511 4 0 3134 610 735 903 
13512 4 0 2856 3134 610 735 
13513 4 0 3950 2081 1858 4065 
13514 4 0 4065 2081 1858 4059 
13515 4 0 1376 3227 1245 1564 
13516 4 0 575 2466 2661 4398 
13517 4 0 2386 816 3890 4309 
13518 4 0 816 3890 4309 2286 
13519 4 0 2202 1559 2386 4309 
13520 4 0 4145 1943 1571 2648 
13521 4 0 3892 3987 4197 4047 
13522 4 0 3970 3987 4047 4197 
13523 4 0 2230 4177 442 2945 
13524 4 0 2945 4177 442 2177 
13525 4 0 3663 3498 523 966 
13526 4 0 3663 523 2854 2866 
13527 4 0 3572 1176 4314 430 
13528 4 0 1176 1958 2133 430 
13529 4 0 986 3804 3882 4647 
13530 4 0 2365 3237 2139 3642 
13531 4 0 2531 3924 4026 746 
13532 4 0 4527 3859 1891 1363 
13533 4 0 2011 1979 415 1804 
13534 4 0 2077 3900 3747 1898 
13535 4 0 1804 1979 2077 2015 
13536 4 0 4050 1534 520 3628 
13537 4 0 1534 3628 4050 3245 
13538 4 0 2479 2754 4607 4597 
13539 4 0 2479 4607 2754 2033 
13540 4 0 1103 373 897 4436 
13541 4 0 1768 3610 1671 1771 
13542 4 0 1768 1771 3844 527 
13543 4 0 737 3950 1858 4065 
13544 4 0 4360 4459 1398 1095 
13545 4 0 1804 3747 2077 415 
13546 4 0 772 2415 3588 971 
13547 4 0 421 3747 2015 3630 
13548 4 0 2065 2312 3948 1436 
13549 4 0 2922 3903 4169 3567 
13550 4 0 1001 185 3581 181 
13551 4 0 3581 185 2588 181 
13552 4 0 280 3881 698 739 
13553 4 0 3774 419 2046 3985 
13554 4 0 2046 3774 3985 1690 
13555 4 0 2415 2429 3588 4550 
13556 4 0 3588 3150 768 2186 
13557 4 0 4550 3588 3150 2429 
13558 4 0 968 3150 2429 4550 
13559 4 0 3577 3846 2341 3069 
13560 4 0 3465 3983 621 3000 
13561 4 0 3983 3465 621 3246 
13562 4 0 547 4189 2728 2645 
13563 4 0 3464 2140 4580 413 
13564 4 0 4580 2842 413 4591 
13565 4 0 4592 2140 413 4580 
13566 4 0 4580 4591 413 4592 
13567 4 0 4565 3464 4580 413 
13568 4 0 2312 4261 1436 1437 
13569 4 0 2312 1436 4305 1437 
13570 4 0 361 2455 2904 4071 
13571 4 0 361 4311 2729 2904 
13572 4 0 2729 2904 1207 3063 
13573 4 0 115 3727 3966 133 
13574 4 0 3115 3687 2633 1370 
13575 4 0 3858 3071 4078 1425 
13576 4 0 4078 3858 2080 3071 
13577 4 0 1216 2324 1234 2311 
13578 4 0 2324 1797 3055 3615 
13579 4 0 2311 1797 1216 2324 
13580 4 0 1601 1689 3656 4054 
13581 4 0 1111 4054 2344 3656 
13582 4 0 1418 2349 3958 2531 
13583 4 0 4136 1897 4666 3985 
13584 4 0 3488 3628 4055 2872 
13585 4 0 301 1988 3488 4055 
13586 4 0 4670 489 2384 3056 
13587 4 0 1634 3509 435 3258 
13588 4 0 4522 4533 4534 663 
13589 4 0 4059 4106 2081 1858 
13590 4 0 2549 3830 1762 2546 
13591 4 0 2383 955 3289 4049 
13592 4 0 1897 3806 4667 425 
13593 4 0 2040 4200 1223 4651 
13594 4 0 435 3509 510 3086 
13595 4 0 3275 3021 3258 3741 
13596 4 0 3509 3086 3021 79 
13597 4 0 3509 3258 3021 3086 
13598 4 0 3685 3243 2592 52 
13599 4 0 2924 4317 3604 1036 
13600 4 0 4317 1038 1036 3505 
13601 4 0 846 3010 3821 1989 
13602 4 0 4035 310 1972 3488 
13603 4 0 970 1467 4359 2997 
13604 4 0 4193 2966 2350 4692 
13605 4 0 2981 3077 1788 3954 
13606 4 0 4688 3506 1182 1306 
13607 4 0 3742 3919 4270 4267 
13608 4 0 3877 3193 4253 3863 
13609 4 0 3843 4200 1906 1223 
13610 4 0 4168 1774 4086 735 
13611 4 0 3984 4645 4086 4168 
13612 4 0 3202 175 124 142 
13613 4 0 4103 1995 4063 4059 
13614 4 0 3202 175 142 160 
13615 4 0 3202 175 160 178 
13616 4 0 2610 4622 3283 3012 
13617 4 0 1355 1966 1948 540 
13618 4 0 1355 1948 656 1095 
13619 4 0 3988 2011 422 1979 
13620 4 0 3679 380 1623 191 
13621 4 0 2174 3679 380 1623 
13622 4 0 2053 3679 191 179 
13623 4 0 2692 645 3523 3137 
13624 4 0 2989 2549 2495 3320 
13625 4 0 3560 1073 1630 2254 
13626 4 0 3560 2254 2484 1073 
13627 4 0 1653 2704 1654 4037 
13628 4 0 1747 1722 1400 3871 
13629 4 0 3610 934 1771 3829 
13630 4 0 3435 903 700 610 
13631 4 0 4078 1342 561 4058 
13632 4 0 1964 4648 4168 1774 
13633 4 0 3134 1803 3494 1789 
13634 4 0 4687 1535 4030 1645 
13635 4 0 573 3071 964 581 
13636 4 0 3743 426 3410 501 
13637 4 0 426 1569 3807 501 
13638 4 0 4103 1357 4063 1995 
13639 4 0 2801 2847 3369 1441 
13640 4 0 3369 2847 3463 1441 
13641 4 0 2039 536 2341 3846 
13642 4 0 2418 3846 2341 536 
13643 4 0 3579 2019 10 2753 
13644 4 0 3596 10 3579 2019 
13645 4 0 1381 2384 3885 922 
13646 4 0 2384 1381 3885 1383 
13647 4 0 4043 4547 3583 1658 
13648 4 0 13 2693 3273 679 
13649 4 0 4541 4000 4406 4470 
13650 4 0 291 278 4055 3628 
13651 4 0 3378 1891 1363 4172 
13652 4 0 4044 3869 1748 4453 
13653 4 0 2460 2502 2066 1702 
13654 4 0 4164 1702 1706 2561 
13655 4 0 2027 2565 324 335 
13656 4 0 4200 4700 1113 3619 
13657 4 0 3804 4136 4667 985 
13658 4 0 2915 2921 3761 2605 
13659 4 0 3545 2854 3498 3637 
13660 4 0 3756 3637 3498 966 
13661 4 0 3498 2854 523 3637 
13662 4 0 1424 4439 3803 4202 
13663 4 0 4202 4439 3023 3857 
13664 4 0 3612 1472 2994 1547 
13665 4 0 472 4342 2514 3823 
13666 4 0 1981 4276 2795 2138 
13667 4 0 2716 1594 1194 3653 
13668 4 0 3485 3653 4222 1194 
13669 4 0 3213 1616 4155 648 
13670 4 0 3851 536 4014 2498 
13671 4 0 536 1996 2418 3846 
13672 4 0 388 901 2259 909 
13673 4 0 4155 1213 648 1210 
13674 4 0 3386 3692 4462 606 
13675 4 0 4462 3692 4649 606 
13676 4 0 4038 4028 1690 4206 
13677 4 0 4013 3640 3014 4048 
13678 4 0 1602 2023 1601 1960 
13679 4 0 1607 1602 1601 1960 
13680 4 0 4504 2256 466 3423 
13681 4 0 1236 3514 4674 2471 
13682 4 0 2498 2165 536 2796 
13683 4 0 2940 2927 4351 3675 
13684 4 0 3675 4351 3115 3745 
13685 4 0 4058 3513 1427 561 
13686 4 0 3513 1344 3793 561 
13687 4 0 4540 1947 2790 2185 
13688 4 0 1980 3279 3683 3587 
13689 4 0 3754 2788 1072 4049 
13690 4 0 1489 889 4072 3010 
13691 4 0 3010 4072 1489 4633 
13692 4 0 1109 889 397 4072 
13693 4 0 536 3721 4014 3846 
13694 4 0 4183 813 2002 3180 
13695 4 0 3881 1645 4687 3420 
13696 4 0 2924 848 1691 3505 
13697 4 0 369 1840 1677 941 
13698 4 0 1435 2275 3082 765 
13699 4 0 195 1154 3883 913 
13700 4 0 4676 1238 2852 904 
13701 4 0 559 2389 3500 958 
13702 4 0 3440 2389 3500 559 
13703 4 0 3500 379 559 896 
13704 4 0 958 896 559 4182 
13705 4 0 728 2532 739 698 
13706 4 0 3386 3619 3923 692 
13707 4 0 603 1682 2021 3216 
13708 4 0 4200 3805 3889 4651 
13709 4 0 4651 3954 4200 3805 
13710 4 0 1979 3999 1357 4663 
13711 4 0 464 3121 1084 3094 
13712 4 0 4424 4433 811 1955 
13713 4 0 3481 3520 3969 658 
13714 4 0 3683 2355 1244 3247 
13715 4 0 3420 698 1685 911 
13716 4 0 4060 422 4662 423 
13717 4 0 2132 3425 3571 4347 
13718 4 0 543 2468 3332 667 
13719 4 0 410 1885 3765 603 
13720 4 0 888 2924 2657 1691 
13721 4 0 489 3420 1685 4052 
13722 4 0 734 1774 3494 1789 
13723 4 0 1774 1964 1789 734 
13724 4 0 1769 1669 1070 3906 
13725 4 0 1125 3592 1124 3821 
13726 4 0 2007 3806 989 1690 
13727 4 0 3198 2011 3870 4299 
13728 4 0 420 3630 421 4664 
13729 4 0 3999 4103 1979 1357 
13730 4 0 2015 4103 1979 3999 
13731 4 0 3917 839 549 3989 
13732 4 0 2807 3660 1908 3487 
13733 4 0 1934 4525 3643 3510 
13734 4 0 3341 3136 3366 2946 
13735 4 0 3643 2997 4319 1934 
13736 4 0 3366 3341 3573 3136 
13737 4 0 3373 1088 3362 3429 
13738 4 0 3373 1088 3429 4491 
13739 4 0 3362 3421 3429 1088 
13740 4 0 1733 362 1969 3455 
13741 4 0 3311 1159 1978 2749 
13742 4 0 1978 2757 2316 3680 
13743 4 0 2015 3999 1979 422 
13744 4 0 1159 1978 2749 2294 
13745 4 0 2344 2023 886 1960 
13746 4 0 886 2344 849 2023 
13747 4 0 3944 2023 1602 886 
13748 4 0 1602 2023 1960 886 
13749 4 0 3351 4140 4593 1676 
13750 4 0 4082 301 3488 291 
13751 4 0 4082 301 310 3488 
13752 4 0 3411 3432 3723 4391 
13753 4 0 3422 843 3342 1163 
13754 4 0 414 1554 843 3422 
13755 4 0 3324 3207 3179 4243 
13756 4 0 3584 571 3991 360 
13757 4 0 740 571 3991 3584 
13758 4 0 3991 817 3493 2336 
13759 4 0 571 740 3991 2336 
13760 4 0 3684 3617 3949 3211 
13761 4 0 3684 1335 3949 4654 
13762 4 0 490 3938 1274 920 
13763 4 0 728 698 1692 2532 
13764 4 0 2532 696 739 1711 
13765 4 0 542 3573 644 3178 
13766 4 0 542 3178 3366 3573 
13767 4 0 1456 1398 530 3935 
13768 4 0 964 4515 534 572 
13769 4 0 4359 973 3643 4524 
13770 4 0 3010 1037 3629 3298 
13771 4 0 2727 2901 2787 3914 
13772 4 0 2901 2787 1021 4174 
13773 4 0 509 4174 2901 1021 
13774 4 0 1661 108 1562 2202 
13775 4 0 1661 1662 108 2202 
13776 4 0 367 1071 2026 2383 
13777 4 0 1071 2650 2026 4435 
13778 4 0 2669 2928 4243 4549 
13779 4 0 36 3553 2753 27 
13780 4 0 36 3553 2327 2753 
13781 4 0 1417 2644 469 3643 
13782 4 0 151 469 181 883 
13783 4 0 469 2644 1901 3643 
13784 4 0 1706 2561 1240 4164 
13785 4 0 3925 1528 4065 4132 
13786 4 0 4132 1528 4065 732 
13787 4 0 2792 4291 959 2059 
13788 4 0 3515 2608 238 839 
13789 4 0 889 3010 886 397 
13790 4 0 3944 886 889 849 
13791 4 0 3032 2268 3995 2748 
13792 4 0 1791 1554 4087 1991 
13793 4 0 536 2341 2418 2796 
13794 4 0 1611 2690 2135 2700 
13795 4 0 2890 821 4543 3018 
13796 4 0 496 3196 4303 3466 
13797 4 0 4567 635 403 3846 
13798 4 0 635 3846 4567 828 
13799 4 0 1982 4447 2763 2791 
13800 4 0 1534 3245 4105 277 
13801 4 0 3245 1857 4105 277 
13802 4 0 4091 3986 1499 3929 
13803 4 0 3382 3519 3447 1300 
13804 4 0 3519 3049 3506 3447 
13805 4 0 3280 3916 1512 2616 
13806 4 0 3798 1355 668 3084 
13807 4 0 2855 3281 774 2817 
13808 4 0 776 774 3688 2855 
13809 4 0 1926 4096 3582 3978 
13810 4 0 2640 2916 4572 4160 
13811 4 0 4311 2455 1207 2904 
13812 4 0 4071 2455 2904 3063 
13813 4 0 1727 2422 3323 3287 
13814 4 0 3683 4064 1244 4008 
13815 4 0 3227 1690 2145 915 
13816 4 0 2272 1790 1791 414 
13817 4 0 915 2145 4028 1690 
13818 4 0 3735 3868 1958 2641 
13819 4 0 3735 1958 3467 1844 
13820 4 0 2355 784 3683 1244 
13821 4 0 1323 3347 2408 3244 
13822 4 0 3386 727 730 697 
13823 4 0 290 4105 1857 277 
13824 4 0 4105 1857 3862 290 
13825 4 0 1859 3329 2381 2291 
13826 4 0 4336 3188 517 3337 
13827 4 0 2602 1855 1687 3506 
13828 4 0 1686 4431 1687 3506 
13829 4 0 3719 425 3806 1919 
13830 4 0 4667 3719 425 3806 
13831 4 0 4106 4184 4646 4701 
13832 4 0 4660 4184 4106 4701 
13833 4 0 3873 3758 2741 2757 
13834 4 0 700 3056 2856 1836 
13835 4 0 2577 1096 4443 1092 
13836 4 0 1755 3260 877 4203 
13837 4 0 3712 4203 1586 3119 
13838 4 0 4203 1517 3119 3712 
13839 4 0 1586 3256 3119 3260 
13840 4 0 1586 3260 4203 877 
13841 4 0 4246 1616 3213 648 
13842 4 0 3791 4137 1954 1390 
13843 4 0 1954 3733 2037 3791 
13844 4 0 1376 1690 989 3806 
13845 4 0 783 4206 1376 1690 
13846 4 0 1376 4206 989 1690 
13847 4 0 2899 4051 3295 1588 
13848 4 0 1650 392 4282 4109 
13849 4 0 1691 1650 4109 392 
13850 4 0 1976 915 2145 1764 
13851 4 0 1764 915 2145 3998 
13852 4 0 4028 915 3998 2145 
13853 4 0 3295 2837 2899 3781 
13854 4 0 4030 314 751 279 
13855 4 0 751 1535 4030 279 
13856 4 0 427 4540 4016 4152 
13857 4 0 4110 4209 696 988 
13858 4 0 4110 696 4209 728 
13859 4 0 4015 3907 4016 2185 
13860 4 0 1539 2207 1536 283 
13861 4 0 1761 2734 3606 1628 
13862 4 0 2734 2695 1761 3606 
13863 4 0 3161 2401 50 2357 
13864 4 0 3666 2730 3681 1284 
13865 4 0 2435 1284 3204 1286 
13866 4 0 2435 1286 628 1284 
13867 4 0 4477 4111 3977 1898 
13868 4 0 3905 728 396 4209 
13869 4 0 396 699 728 3905 
13870 4 0 769 4142 3779 1430 
13871 4 0 3779 769 1430 979 
13872 4 0 3996 317 1462 1950 
13873 4 0 1173 1853 3401 2789 
13874 4 0 3590 4120 1281 1976 
13875 4 0 367 1028 2469 1027 
13876 4 0 2294 367 2877 3100 
13877 4 0 3027 1028 2469 2294 
13878 4 0 601 4294 1984 3649 
13879 4 0 1705 1534 3971 4050 
13880 4 0 353 345 3404 1936 
13881 4 0 1936 3910 345 335 
13882 4 0 4041 317 3996 306 
13883 4 0 4135 2936 2779 4468 
13884 4 0 403 636 3577 3969 
13885 4 0 4468 2936 3065 2484 
13886 4 0 1314 2936 3065 4468 
13887 4 0 1635 823 3205 3740 
13888 4 0 2278 3780 3468 4449 
13889 4 0 4064 1919 2619 3247 
13890 4 0 3881 271 739 280 
13891 4 0 1393 427 4126 1043 
13892 4 0 4126 427 3582 1043 
13893 4 0 4233 1461 2780 3614 
13894 4 0 2185 1947 2790 4437 
13895 4 0 2790 4683 4437 1947 
13896 4 0 1490 2269 2775 3182 
13897 4 0 1490 3810 2775 2269 
13898 4 0 1490 3810 2269 1749 
13899 4 0 2262 3501 4295 2912 
13900 4 0 3230 1023 3744 3689 
13901 4 0 4303 3196 3290 3314 
13902 4 0 4303 3314 3466 3196 
13903 4 0 3843 614 692 3619 
13904 4 0 3917 1796 549 839 
13905 4 0 4389 4075 3707 1762 
13906 4 0 3313 2667 716 3239 
13907 4 0 4106 4643 4119 4184 
13908 4 0 4643 4106 4119 3386 
13909 4 0 1971 2290 4579 1793 
13910 4 0 3247 3227 1245 1376 
13911 4 0 1984 3598 820 601 
13912 4 0 2496 4187 2372 3441 
13913 4 0 715 2372 2496 4187 
13914 4 0 997 2877 3100 1026 
13915 4 0 2277 4149 995 1324 
13916 4 0 2877 3580 3100 1026 
13917 4 0 3543 474 1184 3138 
13918 4 0 2346 1838 3276 723 
13919 4 0 894 2851 2356 2113 
13920 4 0 2259 2251 2868 4221 
13921 4 0 1418 3972 3958 2349 
13922 4 0 1557 372 557 2573 
13923 4 0 372 2573 1557 2720 
13924 4 0 1042 2869 2556 981 
13925 4 0 2869 1164 2556 981 
13926 4 0 695 3619 3478 3923 
13927 4 0 1042 981 2556 2978 
13928 4 0 695 3923 726 694 
13929 4 0 2532 3420 698 1692 
13930 4 0 2630 1356 3802 1643 
13931 4 0 2630 1643 3802 4025 
13932 4 0 4349 967 1257 568 
13933 4 0 689 72 81 2159 
13934 4 0 3370 3955 4374 3191 
13935 4 0 1800 2940 3115 4375 
13936 4 0 2532 4110 696 987 
13937 4 0 4195 827 659 2708 
13938 4 0 2970 38 2244 30 
13939 4 0 4665 3336 3882 4166 
13940 4 0 820 3338 2168 3361 
13941 4 0 1127 178 3848 199 
13942 4 0 1491 2454 2365 3737 
13943 4 0 1491 2454 2139 2365 
13944 4 0 2887 3302 2601 2784 
13945 4 0 1645 4652 308 4687 
13946 4 0 3067 3559 626 4350 
13947 4 0 572 534 2748 4545 
13948 4 0 2233 3026 1263 799 
13949 4 0 2969 2701 1263 2233 
13950 4 0 2233 3026 2701 1263 
13951 4 0 1791 4087 1794 1991 
13952 4 0 1723 3796 3045 3876 
13953 4 0 1426 3038 4058 666 
13954 4 0 999 2605 2915 3088 
13955 4 0 1885 2614 2190 2334 
13956 4 0 2659 1341 3809 2701 
13957 4 0 301 1988 310 3488 
13958 4 0 1988 2872 3488 4055 
13959 4 0 3088 3380 2849 2861 
13960 4 0 2354 4675 2849 3380 
13961 4 0 1858 4065 4059 731 
13962 4 0 3717 3411 398 3723 
13963 4 0 1180 1306 3389 1301 
13964 4 0 2503 1515 2717 4678 
13965 4 0 3812 2867 4211 4188 
13966 4 0 4123 3985 419 4666 
13967 4 0 210 1342 3619 4078 
13968 4 0 3619 1342 210 1114 
13969 4 0 609 4166 3882 4086 
13970 4 0 2294 1978 2749 2896 
13971 4 0 2749 2896 812 2294 
13972 4 0 2463 4634 4221 4266 
13973 4 0 1219 4124 4260 701 
13974 4 0 2762 2838 3645 2977 
13975 4 0 2409 3193 1377 3898 
13976 4 0 4224 2724 4348 2422 
13977 4 0 3323 4348 2422 4224 
13978 4 0 3564 3254 2229 4356 
13979 4 0 2229 2606 4205 1492 
13980 4 0 3428 2794 4690 4458 
13981 4 0 1357 1979 3310 4103 
13982 4 0 3998 1591 2145 1764 
13983 4 0 3819 3175 4104 1627 
13984 4 0 4056 2712 1465 4143 
13985 4 0 3349 3766 1397 2718 
13986 4 0 1891 3378 3859 2917 
13987 4 0 1514 3916 1607 1960 
13988 4 0 1514 1960 1607 1465 
13989 4 0 406 3383 2063 4233 
13990 4 0 2115 374 4083 2951 
13991 4 0 2951 2780 4083 3031 
13992 4 0 345 353 3404 314 
13993 4 0 2990 2085 1049 3867 
13994 4 0 833 3954 3077 3577 
13995 4 0 1324 1989 846 3821 
13996 4 0 2582 3172 4488 3585 
13997 4 0 3172 3585 2582 2629 
13998 4 0 3172 3585 2629 3485 
13999 4 0 2640 4160 4384 2916 
14000 4 0 907 3950 4472 4649 
14001 4 0 1564 3227 783 1376 
14002 4 0 783 3227 1564 3408 
14003 4 0 280 698 3881 287 
14004 4 0 2373 4082 4035 4137 
14005 4 0 4035 4082 2373 310 
14006 4 0 528 1494 3647 3210 
14007 4 0 173 4513 573 3071 
14008 4 0 4513 573 3071 572 
14009 4 0 3450 3481 3969 134 
14010 4 0 1155 157 3450 3969 
14011 4 0 1284 2730 1408 3666 
14012 4 0 4334 3281 3040 1100 
14013 4 0 609 4086 3882 2856 
14014 4 0 4065 4132 737 3925 
14015 4 0 4269 2961 1461 3269 
14016 4 0 3157 4417 4493 1076 
14017 4 0 4493 3868 4417 3157 
14018 4 0 2570 3615 2512 4005 
14019 4 0 1605 1511 922 925 
14020 4 0 3972 2545 843 2349 
14021 4 0 731 4132 4065 732 
14022 4 0 1756 2716 4397 3518 
14023 4 0 2716 2579 1594 3653 
14024 4 0 4369 4250 3983 2175 
14025 4 0 921 3767 3870 4685 
14026 4 0 4299 4685 3870 3418 
14027 4 0 4299 4685 921 3870 
14028 4 0 3653 4422 459 2914 
14029 4 0 3653 4422 2579 459 
14030 4 0 1992 485 1918 3037 
14031 4 0 485 3327 1918 3037 
14032 4 0 3612 2994 1934 1547 
14033 4 0 1547 2994 1934 4331 
14034 4 0 287 698 3881 4687 
14035 4 0 3868 4417 1176 2133 
14036 4 0 1939 2619 4647 3882 
14037 4 0 3999 4103 4063 4701 
14038 4 0 3640 1287 2252 3203 
14039 4 0 2902 2428 2371 974 
14040 4 0 2063 4233 2569 1197 
14041 4 0 2685 3914 774 3281 
14042 4 0 774 1198 3914 2685 
14043 4 0 774 1198 2685 1101 
14044 4 0 4305 3167 872 2448 
14045 4 0 2379 4437 2185 2790 
14046 4 0 2040 4036 1223 3843 
14047 4 0 2031 3419 3589 2085 
14048 4 0 1858 4119 4106 3386 
14049 4 0 1898 1712 3747 3630 
14050 4 0 3595 3929 3039 1500 
14051 4 0 3227 3247 1690 1376 
14052 4 0 3247 1690 1376 3806 
14053 4 0 782 2454 898 2113 
14054 4 0 3225 2454 2113 898 
14055 4 0 3237 2454 3225 2365 
14056 4 0 3818 2672 4521 3725 
14057 4 0 3253 2821 3538 2867 
14058 4 0 2131 1740 2821 2867 
14059 4 0 396 3882 1925 986 
14060 4 0 1565 2539 3963 913 
14061 4 0 4103 3630 4664 2015 
14062 4 0 731 1995 732 4059 
14063 4 0 4026 1507 2758 3003 
14064 4 0 445 2922 3903 4169 
14065 4 0 4649 729 3473 3927 
14066 4 0 849 886 889 1989 
14067 4 0 2023 3944 849 886 
14068 4 0 1732 1734 658 2003 
14069 4 0 3002 3801 3165 1582 
14070 4 0 4350 3794 3559 3343 
14071 4 0 4517 4522 4534 663 
14072 4 0 1774 3987 1789 1964 
14073 4 0 4044 2775 3810 2714 
14074 4 0 3810 2775 2269 2714 
14075 4 0 3810 4044 2714 2228 
14076 4 0 1953 704 429 1737 
14077 4 0 2845 2933 3673 3759 
14078 4 0 1006 3673 3759 2845 
14079 4 0 1505 3781 1839 3840 
14080 4 0 248 3202 225 175 
14081 4 0 3202 175 178 199 
14082 4 0 3202 225 175 199 
14083 4 0 402 2237 1204 3504 
14084 4 0 4196 1329 2237 3504 
14085 4 0 640 3504 3192 2237 
14086 4 0 640 402 3504 2237 
14087 4 0 3908 3506 1686 3398 
14088 4 0 3223 2097 1627 3175 
14089 4 0 3398 3908 3506 3049 
14090 4 0 3309 1008 2755 2097 
14091 4 0 1906 4061 1223 3889 
14092 4 0 3500 140 2715 114 
14093 4 0 140 3440 1158 3500 
14094 4 0 3298 3010 3821 3629 
14095 4 0 3575 1775 3255 1156 
14096 4 0 1357 4103 4063 3999 
14097 4 0 4649 729 606 3473 
14098 4 0 4305 2827 2679 2312 
14099 4 0 1240 2370 1708 2561 
14100 4 0 3612 2994 1472 4154 
14101 4 0 3612 1547 1934 770 
14102 4 0 4359 4319 4528 3643 
14103 4 0 4359 4319 3643 2997 
14104 4 0 4525 1888 4528 3643 
14105 4 0 3859 1891 1363 3378 
14106 4 0 3725 3423 665 3170 
14107 4 0 3423 535 3818 574 
14108 4 0 4647 3181 3804 985 
14109 4 0 2613 2617 3507 904 
14110 4 0 1383 2384 3056 4670 
14111 4 0 378 4444 1688 2056 
14112 4 0 4109 392 2219 3656 
14113 4 0 1225 2140 2770 3562 
14114 4 0 2770 2140 1225 2622 
14115 4 0 1843 3510 1802 1956 
14116 4 0 1802 3510 1887 1956 
14117 4 0 3630 420 3977 4660 
14118 4 0 3734 489 1685 4052 
14119 4 0 1348 3475 4605 1786 
14120 4 0 2971 2613 3751 405 
14121 4 0 2971 256 3079 3507 
14122 4 0 3702 2605 1406 623 
14123 4 0 4082 3488 3628 291 
14124 4 0 4117 244 3911 209 
14125 4 0 4117 209 3911 1343 
14126 4 0 4290 1169 1625 1045 
14127 4 0 4642 833 548 3954 
14128 4 0 2015 4664 4103 3999 
14129 4 0 4701 4664 3999 4103 
14130 4 0 4306 497 2056 1065 
14131 4 0 1732 157 177 3969 
14132 4 0 156 3077 3577 1220 
14133 4 0 3834 1297 1566 2844 
14134 4 0 2844 1297 2263 3834 
14135 4 0 3843 692 4200 3619 
14136 4 0 4585 2322 2095 4259 
14137 4 0 2886 4269 437 3284 
14138 4 0 1585 841 3569 2702 
14139 4 0 1585 840 841 2702 
14140 4 0 2136 2325 3526 2893 
14141 4 0 1571 4145 2648 1742 
14142 4 0 1742 1571 1722 2648 
14143 4 0 2293 3226 3823 270 
14144 4 0 3326 2859 3823 270 
14145 4 0 1228 1944 3940 432 
14146 4 0 1944 3276 1228 3940 
14147 4 0 987 696 2532 1711 
14148 4 0 3630 1898 1712 3977 
14149 4 0 3137 2667 717 2304 
14150 4 0 3734 1692 1685 489 
14151 4 0 489 3734 4670 4052 
14152 4 0 1457 3600 4448 2895 
14153 4 0 1457 4340 3600 670 
14154 4 0 3728 907 3925 4034 
14155 4 0 3041 3648 44 34 
14156 4 0 286 1643 4025 1998 
14157 4 0 279 1998 286 4025 
14158 4 0 3893 2743 2068 4422 
14159 4 0 2743 4009 4024 3893 
14160 4 0 4437 708 2185 1947 
14161 4 0 4462 3692 3950 4649 
14162 4 0 3950 2081 3692 1858 
14163 4 0 2182 2543 3497 2061 
14164 4 0 2182 2061 3497 2047 
14165 4 0 3497 3367 2182 2047 
14166 4 0 210 3619 2020 4644 
14167 4 0 210 3071 4078 3619 
14168 4 0 4030 280 314 271 
14169 4 0 4030 314 4687 308 
14170 4 0 4030 314 280 287 
14171 4 0 4030 271 314 279 
14172 4 0 4030 3404 314 335 
14173 4 0 4030 314 308 324 
14174 4 0 4030 314 324 335 
14175 4 0 287 314 4687 4030 
14176 4 0 1403 771 3990 3705 
14177 4 0 2436 3651 101 125 
14178 4 0 49 779 2662 2297 
14179 4 0 3600 3371 2482 669 
14180 4 0 6 612 2255 1866 
14181 4 0 4620 383 2832 3602 
14182 4 0 1891 2917 3859 3753 
14183 4 0 4529 2917 3753 3859 
14184 4 0 3301 4233 1411 2835 
14185 4 0 1609 1114 3843 1113 
14186 4 0 1045 1992 3037 1169 
14187 4 0 1591 3910 3566 1936 
14188 4 0 4554 2811 36 2753 
14189 4 0 4540 707 4016 4152 
14190 4 0 1616 4162 387 1618 
14191 4 0 3911 1083 4117 3439 
14192 4 0 3707 1006 4500 2437 
14193 4 0 3657 1006 4500 3707 
14194 4 0 1030 4017 148 164 
14195 4 0 4017 379 1527 164 
14196 4 0 1030 3752 4017 164 
14197 4 0 2523 3129 2089 2425 
14198 4 0 2336 3206 4514 3072 
14199 4 0 3047 4532 1728 3454 
14200 4 0 3047 4232 3454 497 
14201 4 0 3454 3047 4532 4232 
14202 4 0 195 3883 1154 622 
14203 4 0 972 4526 772 4691 
14204 4 0 4061 4036 3843 1223 
14205 4 0 3155 3850 2359 4264 
14206 4 0 1980 3587 1552 4628 
14207 4 0 3531 3680 495 2033 
14208 4 0 311 2207 2866 302 
14209 4 0 3513 377 2826 1016 
14210 4 0 3513 1016 4127 377 
14211 4 0 3420 698 911 4687 
14212 4 0 1794 1747 4010 1722 
14213 4 0 4014 536 3846 1996 
14214 4 0 2440 3092 1187 4309 
14215 4 0 2032 3123 3890 2386 
14216 4 0 114 3786 2715 3500 
14217 4 0 534 2748 4545 3995 
14218 4 0 2647 2338 556 2765 
14219 4 0 581 964 580 3402 
14220 4 0 581 964 3402 3071 
14221 4 0 1201 581 580 3402 
14222 4 0 2817 2855 4244 882 
14223 4 0 4063 1995 607 4059 
14224 4 0 3879 4003 4466 834 
14225 4 0 986 3804 4110 396 
14226 4 0 986 396 4110 4209 
14227 4 0 994 2408 389 1035 
14228 4 0 1597 3851 4014 2498 
14229 4 0 322 2000 3488 333 
14230 4 0 1692 489 2532 3420 
14231 4 0 911 4042 1685 3420 
14232 4 0 1842 4169 3567 2453 
14233 4 0 2322 3296 1566 4573 
14234 4 0 2322 1566 3296 2844 
14235 4 0 964 3402 3071 572 
14236 4 0 106 130 3846 4567 
14237 4 0 3903 2793 2964 2346 
14238 4 0 4687 3420 1645 4652 
14239 4 0 1774 3134 4086 735 
14240 4 0 4136 1897 3806 4667 
14241 4 0 1992 2911 1168 3671 
14242 4 0 1954 4035 2037 1966 
14243 4 0 4035 1966 3488 1972 
14244 4 0 4035 1966 1954 3488 
14245 4 0 4035 1966 1972 2037 
14246 4 0 4063 4106 4103 4059 
14247 4 0 1122 3854 2396 4001 
14248 4 0 1803 3494 1789 738 
14249 4 0 3854 1248 4001 1122 
14250 4 0 2587 603 410 3186 
14251 4 0 4221 2583 3347 3244 
14252 4 0 2924 2657 4317 888 
14253 4 0 2133 3665 4417 2873 
14254 4 0 3833 2639 2996 1022 
14255 4 0 3833 2996 3236 1022 
14256 4 0 3423 4504 535 574 
14257 4 0 3115 3687 4018 2633 
14258 4 0 2159 46 2317 31 
14259 4 0 4328 1360 3289 3616 
14260 4 0 3611 724 3378 4439 
14261 4 0 3881 271 279 739 
14262 4 0 3523 645 3317 3137 
14263 4 0 3950 4649 3692 3473 
14264 4 0 4472 3950 3473 4649 
14265 4 0 2276 2031 2363 3589 
14266 4 0 3101 4182 182 165 
14267 4 0 3101 204 182 4182 
14268 4 0 322 333 1988 750 
14269 4 0 2877 2839 3580 1026 
14270 4 0 2839 3580 3081 2877 
14271 4 0 4038 4028 3998 2145 
14272 4 0 3173 3133 4368 346 
14273 4 0 2551 2824 3457 4296 
14274 4 0 3457 4247 4296 2824 
14275 4 0 2773 2037 4395 3733 
14276 4 0 2773 4137 2037 3791 
14277 4 0 2773 3791 3733 4479 
14278 4 0 1676 3669 3351 1747 
14279 4 0 608 733 1789 4167 
14280 4 0 608 1789 3987 4167 
14281 4 0 2767 2834 183 169 
14282 4 0 1985 419 307 323 
14283 4 0 3827 1004 1005 1086 
14284 4 0 973 2417 91 4359 
14285 4 0 3987 3892 608 4167 
14286 4 0 970 1419 3215 4559 
14287 4 0 783 4206 1690 4028 
14288 4 0 783 1690 915 4028 
14289 4 0 2205 1518 2750 3116 
14290 4 0 1518 3533 2750 4268 
14291 4 0 3533 2615 2205 2711 
14292 4 0 301 291 4055 3488 
14293 4 0 2254 4135 3075 2484 
14294 4 0 1900 678 797 763 
14295 4 0 797 1900 763 3815 
14296 4 0 1426 4078 4058 1342 
14297 4 0 763 2846 1900 678 
14298 4 0 2379 2932 4437 4384 
14299 4 0 3828 3034 2650 2026 
14300 4 0 4555 3828 4144 3034 
14301 4 0 3828 2026 4144 3034 
14302 4 0 964 534 4696 3402 
14303 4 0 3488 291 4055 3628 
14304 4 0 3071 581 153 3858 
14305 4 0 309 319 2347 2445 
14306 4 0 3577 403 3846 4567 
14307 4 0 1858 697 4119 3386 
14308 4 0 731 4059 732 4065 
14309 4 0 2637 1209 962 3626 
14310 4 0 3843 1113 4200 2040 
14311 4 0 3627 4697 3454 4532 
14312 4 0 3256 2006 4106 3260 
14313 4 0 2821 4441 3924 3668 
14314 4 0 561 4058 1342 1427 
14315 4 0 4058 3038 1427 3513 
14316 4 0 561 1342 3793 1427 
14317 4 0 3190 1013 807 2059 
14318 4 0 2251 4153 2868 3385 
14319 4 0 2020 692 4200 4131 
14320 4 0 1989 3592 3298 3821 
14321 4 0 863 2927 3622 3339 
14322 4 0 991 4077 1712 1898 
14323 4 0 4104 1216 1234 2311 
14324 4 0 985 988 4110 4136 
14325 4 0 2001 4042 4652 2027 
14326 4 0 3931 3946 381 672 
14327 4 0 4025 1643 3802 1998 
14328 4 0 435 1202 2160 4583 
14329 4 0 4446 3288 1202 2160 
14330 4 0 2782 1580 409 401 
14331 4 0 1580 1823 409 2180 
14332 4 0 2832 1265 1927 1178 
14333 4 0 2832 1850 1265 1178 
14334 4 0 2830 442 4177 2177 
14335 4 0 4110 2532 696 728 
14336 4 0 1956 3510 1363 2648 
14337 4 0 1363 1887 3510 1956 
14338 4 0 4307 2190 3321 1246 
14339 4 0 3960 4087 2545 4140 
14340 4 0 1339 887 2146 2906 
14341 4 0 4007 1841 282 885 
14342 4 0 3653 1700 4222 4392 
14343 4 0 3840 1896 4661 2619 
14344 4 0 40 680 32 2592 
14345 4 0 52 40 2592 680 
14346 4 0 32 680 4173 2592 
14347 4 0 4013 3203 3640 4048 
14348 4 0 987 4110 696 988 
14349 4 0 2454 2113 782 2135 
14350 4 0 2113 2700 782 2135 
14351 4 0 3577 403 4567 636 
14352 4 0 581 3402 3858 3071 
14353 4 0 536 3402 3858 1201 
14354 4 0 2238 2329 1211 3695 
14355 4 0 4498 2977 2611 3492 
14356 4 0 4106 4119 4646 4184 
14357 4 0 1858 4646 4106 4119 
14358 4 0 3802 4699 1356 2630 
14359 4 0 2630 4666 4699 1356 
14360 4 0 2172 3627 2912 3454 
14361 4 0 731 737 4065 4132 
14362 4 0 4136 3806 3804 4667 
14363 4 0 3222 3500 1713 2715 
14364 4 0 4428 4386 432 1944 
14365 4 0 1249 227 807 1339 
14366 4 0 249 2293 838 1339 
14367 4 0 3181 986 4110 4209 
14368 4 0 4280 712 4146 1498 
14369 4 0 4166 4665 1939 3882 
14370 4 0 2619 4665 1939 1895 
14371 4 0 3853 3634 3333 319 
14372 4 0 319 309 2347 3853 
14373 4 0 65 2678 56 4147 
14374 4 0 2634 1632 4328 871 
14375 4 0 4168 1964 1774 734 
14376 4 0 3858 3402 581 1201 
14377 4 0 2785 1537 2586 3904 
14378 4 0 2013 4200 2020 253 
14379 4 0 1655 2555 3598 601 
14380 4 0 1656 2555 3598 1655 
14381 4 0 820 3598 2555 601 
14382 4 0 1315 830 3476 3560 
14383 4 0 4335 466 890 2526 
14384 4 0 3142 11 686 1288 
14385 4 0 686 11 25 1288 
14386 4 0 3273 2244 681 30 
14387 4 0 700 1836 2856 736 
14388 4 0 907 4034 4472 3950 
14389 4 0 3987 2797 4197 3310 
14390 4 0 2630 1643 1638 1356 
14391 4 0 2630 1610 1356 1638 
14392 4 0 3802 1356 1998 1643 
14393 4 0 1836 3056 2856 699 
14394 4 0 495 2684 3680 3396 
14395 4 0 2619 3882 1939 4665 
14396 4 0 731 607 1995 4059 
14397 4 0 607 4106 4646 4063 
14398 4 0 3683 4008 784 3279 
14399 4 0 3410 426 4475 501 
14400 4 0 465 1199 4538 2256 
14401 4 0 465 466 1199 2256 
14402 4 0 308 4687 4030 1645 
14403 4 0 3457 4247 2824 2523 
14404 4 0 2583 3098 3238 1012 
14405 4 0 3923 695 3619 694 
14406 4 0 835 3098 3732 2658 
14407 4 0 3619 692 4200 2020 
14408 4 0 2311 2808 2604 4104 
14409 4 0 3860 1248 1247 4001 
14410 4 0 1791 1991 1571 1943 
14411 4 0 994 1122 4001 1248 
14412 4 0 3738 2668 380 194 
14413 4 0 194 380 1455 2668 
14414 4 0 380 3738 2998 2668 
14415 4 0 3473 3692 3950 451 
14416 4 0 2486 149 4182 165 
14417 4 0 811 2277 1123 1039 
14418 4 0 995 2277 1039 1123 
14419 4 0 434 724 1943 4145 
14420 4 0 1123 811 1039 1124 
14421 4 0 2738 2662 3412 2191 
14422 4 0 3970 4662 3987 4197 
14423 4 0 1480 1587 2420 2006 
14424 4 0 878 1520 2420 1587 
14425 4 0 3950 4034 4065 3925 
14426 4 0 373 897 4436 2295 
14427 4 0 1964 3987 3892 4648 
14428 4 0 4330 2982 1093 541 
14429 4 0 4171 2939 2884 3715 
14430 4 0 3715 2884 2747 2939 
14431 4 0 2856 396 1925 3905 
14432 4 0 3984 4168 4086 735 
14433 4 0 3854 4001 1248 3860 
14434 4 0 693 210 3071 188 
14435 4 0 419 3985 4123 2046 
14436 4 0 3985 4123 2046 2007 
14437 4 0 1673 4372 3268 3114 
14438 4 0 2389 4182 3070 2726 
14439 4 0 1524 2751 231 3665 
14440 4 0 1890 2450 1892 2922 
14441 4 0 1551 1892 1890 2450 
14442 4 0 3619 692 3478 3923 
14443 4 0 1518 2615 2205 3533 
14444 4 0 1742 2648 1684 4145 
14445 4 0 1496 1104 3726 2282 
14446 4 0 226 3414 201 2834 
14447 4 0 3414 241 2548 2333 
14448 4 0 2705 675 2796 3090 
14449 4 0 4161 1354 1664 2332 
14450 4 0 1664 1354 4161 529 
14451 4 0 4661 3336 4648 3840 
14452 4 0 1787 3763 2690 2700 
14453 4 0 1787 2690 1611 2700 
14454 4 0 693 3619 210 4644 
14455 4 0 4364 2063 3289 1632 
14456 4 0 3620 2063 4364 1632 
14457 4 0 3912 1744 3788 2188 
14458 4 0 4246 3359 2824 4486 
14459 4 0 2824 1743 4486 3359 
14460 4 0 4200 3889 1906 1223 
14461 4 0 3836 2284 3658 2744 
14462 4 0 1979 2015 422 3988 
14463 4 0 3660 667 4231 2468 
14464 4 0 2910 3364 3955 3047 
14465 4 0 4173 32 2894 680 
14466 4 0 2926 4194 4128 1179 
14467 4 0 2218 2926 4194 2613 
14468 4 0 2926 2218 4194 1179 
14469 4 0 2613 2926 4194 4128 
14470 4 0 2032 2440 4418 4163 
14471 4 0 3552 1621 2947 1726 
14472 4 0 3552 2947 3708 1726 
14473 4 0 4013 3836 4393 4427 
14474 4 0 2020 692 3478 3619 
14475 4 0 692 4208 2020 4643 
14476 4 0 8 360 3584 4201 
14477 4 0 487 1273 2027 2001 
14478 4 0 2001 487 4042 2027 
14479 4 0 2407 2802 2290 428 
14480 4 0 3308 1640 3415 1385 
14481 4 0 4204 4014 1974 1597 
14482 4 0 1385 1640 3415 3249 
14483 4 0 1385 3415 3524 3249 
14484 4 0 3473 4668 1384 3983 
14485 4 0 415 4685 3767 991 
14486 4 0 3418 415 3900 991 
14487 4 0 3760 1954 3733 3247 
14488 4 0 1966 2037 656 1948 
14489 4 0 3733 1954 656 3247 
14490 4 0 1087 2352 2725 2845 
14491 4 0 545 1087 2109 3429 
14492 4 0 1087 2725 3759 2845 
14493 4 0 1087 3429 2352 2109 
14494 4 0 2514 472 3823 2175 
14495 4 0 4342 2345 2514 3823 
14496 4 0 3940 432 3464 4565 
14497 4 0 824 4335 4382 642 
14498 4 0 642 4382 465 4335 
14499 4 0 2664 552 1781 4328 
14500 4 0 3854 1882 3952 2396 
14501 4 0 3952 1122 3854 2396 
14502 4 0 2007 3985 1897 3806 
14503 4 0 4165 4536 1047 2226 
14504 4 0 3663 2866 3261 3792 
14505 4 0 1285 2866 3792 3261 
14506 4 0 3663 3261 2866 2854 
14507 4 0 1497 611 2454 2804 
14508 4 0 318 2983 3365 4234 
14509 4 0 4115 4590 3219 2496 
14510 4 0 4023 4589 3219 4590 
14511 4 0 2954 2342 933 938 
14512 4 0 4106 4063 607 4059 
14513 4 0 1906 4061 3843 1223 
14514 4 0 2725 2437 2352 1007 
14515 4 0 692 4131 4208 4084 
14516 4 0 1360 552 1782 3050 
14517 4 0 728 396 4110 2532 
14518 4 0 4127 3513 4116 4456 
14519 4 0 1862 562 1405 1283 
14520 4 0 1400 3871 3351 1747 
14521 4 0 738 1789 1803 733 
14522 4 0 3854 1881 4001 3860 
14523 4 0 4665 3336 4166 4661 
14524 4 0 2711 2629 1709 2925 
14525 4 0 1710 2925 2711 1709 
14526 4 0 1581 1346 1785 2530 
14527 4 0 2769 3286 3722 3051 
14528 4 0 2752 4554 3722 3051 
14529 4 0 3493 3072 4332 2521 
14530 4 0 210 3071 3619 693 
14531 4 0 2233 2701 3026 3413 
14532 4 0 4166 4645 4661 3336 
14533 4 0 3153 1890 2076 4526 
14534 4 0 2861 2849 4170 4362 
14535 4 0 4170 4362 2849 4450 
14536 4 0 51 3344 682 3508 
14537 4 0 1841 3539 282 885 
14538 4 0 3295 2837 1839 1594 
14539 4 0 4051 2837 3295 1594 
14540 4 0 2895 4405 1457 670 
14541 4 0 1457 2895 1148 4405 
14542 4 0 23 32 4173 3105 
14543 4 0 354 747 3133 346 
14544 4 0 441 4373 439 2456 
14545 4 0 1386 4373 441 2456 
14546 4 0 1386 1763 441 4373 
14547 4 0 3376 2314 709 3325 
14548 4 0 1702 1191 3119 2561 
14549 4 0 1702 1192 2502 3119 
14550 4 0 1064 2766 1746 3217 
14551 4 0 2220 4133 648 4296 
14552 4 0 4133 2220 648 1213 
14553 4 0 4296 4133 648 4246 
14554 4 0 1213 4133 3213 648 
14555 4 0 1984 819 4294 3361 
14556 4 0 2832 2134 1927 3602 
14557 4 0 4620 2832 1265 3602 
14558 4 0 383 2832 2225 4620 
14559 4 0 2951 2780 3301 2835 
14560 4 0 4166 4086 4645 3336 
14561 4 0 2668 381 3946 3460 
14562 4 0 3778 3652 674 4177 
14563 4 0 2978 1475 4179 2556 
14564 4 0 4146 1696 1498 4181 
14565 4 0 4579 2898 2802 3368 
14566 4 0 2290 2898 2802 4579 
14567 4 0 2802 2898 2290 1573 
14568 4 0 1862 4182 2246 2878 
14569 4 0 4391 3432 4625 339 
14570 4 0 2801 4157 4218 2847 
14571 4 0 3428 2111 2106 2758 
14572 4 0 1544 2803 490 1982 
14573 4 0 2159 72 61 689 
14574 4 0 3419 2363 1327 2085 
14575 4 0 1121 2585 1120 3826 
14576 4 0 2585 1121 389 3826 
14577 4 0 4309 2286 3890 2440 
14578 4 0 3334 2357 3551 62 
14579 4 0 62 3161 2357 3551 
14580 4 0 671 1908 3416 543 
14581 4 0 2029 3343 627 626 
14582 4 0 84 3672 789 77 
14583 4 0 84 688 3672 77 
14584 4 0 976 3636 2802 2234 
14585 4 0 3209 978 2234 2544 
14586 4 0 2111 4692 4551 4691 
14587 4 0 315 346 336 2445 
14588 4 0 315 336 327 2445 
14589 4 0 315 2445 327 319 
14590 4 0 315 2445 319 309 
14591 4 0 2907 1892 4169 2922 
14592 4 0 2453 4169 2450 2126 
14593 4 0 104 2881 1126 3202 
14594 4 0 2690 3763 1835 1834 
14595 4 0 2558 1835 1834 2280 
14596 4 0 2503 4678 1116 2093 
14597 4 0 2093 1515 2503 4678 
14598 4 0 4420 2168 3338 4523 
14599 4 0 1984 2168 663 3361 
14600 4 0 3338 664 3361 4533 
14601 4 0 3338 664 2168 3361 
14602 4 0 1616 387 3359 1618 
14603 4 0 3861 2601 4185 3544 
14604 4 0 883 881 3348 882 
14605 4 0 1978 814 929 3354 
14606 4 0 2725 3759 2845 2437 
14607 4 0 2437 2845 2725 2352 
14608 4 0 1114 1342 561 3619 
14609 4 0 1469 2629 456 3585 
14610 4 0 2925 3585 2711 2629 
14611 4 0 4523 4398 2168 664 
14612 4 0 4523 2168 3338 664 
14613 4 0 4156 3908 3401 1686 
14614 4 0 1955 1686 4433 4156 
14615 4 0 786 2386 2222 2825 
14616 4 0 2711 2884 1709 538 
14617 4 0 1944 3276 723 1228 
14618 4 0 1228 3276 3655 3940 
14619 4 0 547 3300 4189 2645 
14620 4 0 1553 3483 2315 2586 
14621 4 0 2315 3007 1553 2586 
14622 4 0 2163 3007 2676 3490 
14623 4 0 3844 1392 407 527 
14624 4 0 428 4312 2802 1573 
14625 4 0 1111 3656 809 3631 
14626 4 0 624 564 1754 3443 
14627 4 0 1002 3581 1082 4337 
14628 4 0 2588 4337 3581 2778 
14629 4 0 2588 213 1082 4337 
14630 4 0 2588 4337 1082 3581 
14631 4 0 3509 510 3086 79 
14632 4 0 435 3509 3086 3258 
14633 4 0 2292 2701 3026 1263 
14634 4 0 1877 1878 3256 4199 
14635 4 0 3005 4192 2501 4219 
14636 4 0 4290 3638 4138 3174 
14637 4 0 1553 2676 3490 1714 
14638 4 0 2464 4414 4193 3278 
14639 4 0 2350 3278 3588 2464 
14640 4 0 1862 2061 2543 562 
14641 4 0 1154 2374 3465 3246 
14642 4 0 3465 2374 621 3246 
14643 4 0 904 2613 4194 3547 
14644 4 0 4194 2613 4128 3547 
14645 4 0 523 2552 325 3011 
14646 4 0 4262 2609 3410 3270 
14647 4 0 1329 1204 2237 3504 
14648 4 0 1353 402 2237 1204 
14649 4 0 4146 4280 1694 2846 
14650 4 0 2846 1900 4146 3855 
14651 4 0 4226 4196 467 2237 
14652 4 0 3624 3347 4001 1247 
14653 4 0 3733 2037 4395 1948 
14654 4 0 4395 2375 1948 2037 
14655 4 0 3651 2436 503 507 
14656 4 0 3651 125 2436 507 
14657 4 0 1352 1348 2571 1945 
14658 4 0 3595 604 3621 795 
14659 4 0 2909 604 1913 3595 
14660 4 0 2458 117 582 95 
14661 4 0 1304 2803 3012 2789 
14662 4 0 1243 2011 2962 1552 
14663 4 0 3319 1286 2435 3204 
14664 4 0 3563 1763 441 1386 
14665 4 0 2595 4514 2402 1242 
14666 4 0 3206 4514 2595 1242 
14667 4 0 2595 4514 3820 2402 
14668 4 0 2402 3550 4514 3820 
14669 4 0 2660 4514 2402 3550 
14670 4 0 381 672 3946 3089 
14671 4 0 3716 4367 3333 2520 
14672 4 0 1639 1953 3193 99 
14673 4 0 1639 1400 3193 1953 
14674 4 0 4253 1400 429 1953 
14675 4 0 3193 1953 4253 99 
14676 4 0 3532 2577 1092 1096 
14677 4 0 4018 3229 4189 2264 
14678 4 0 3720 336 3066 327 
14679 4 0 336 3066 346 3720 
14680 4 0 625 2137 1392 3299 
14681 4 0 2137 1392 634 625 
14682 4 0 4276 1391 3264 3329 
14683 4 0 24 4201 360 18 
14684 4 0 309 3853 3913 2347 
14685 4 0 309 2347 3913 296 
14686 4 0 3788 1797 650 3304 
14687 4 0 3912 650 3304 3788 
14688 4 0 2188 3304 3788 3912 
14689 4 0 1420 4020 4559 91 
14690 4 0 3819 3201 1628 2604 
14691 4 0 4393 4013 4484 3203 
14692 4 0 551 3289 2980 3335 
14693 4 0 2980 3289 551 2576 
14694 4 0 3105 2902 4029 2663 
14695 4 0 2902 4029 4173 3105 
14696 4 0 3079 3507 4676 904 
14697 4 0 3507 1238 4676 904 
14698 4 0 2430 3113 2618 596 
14699 4 0 3928 1560 1557 2573 
14700 4 0 557 2573 3928 1557 
14701 4 0 3228 2813 2928 2669 
14702 4 0 3260 3119 4203 1755 
14703 4 0 405 237 2971 3507 
14704 4 0 3507 3079 2971 2613 
14705 4 0 4457 172 147 2338 
14706 4 0 4696 3522 534 4512 
14707 4 0 56 2678 768 4147 
14708 4 0 815 2896 3311 929 
14709 4 0 3311 929 2896 1978 
14710 4 0 3254 2229 4356 1492 
14711 4 0 2229 4356 1492 4205 
14712 4 0 4428 4386 3023 2400 
14713 4 0 3344 39 4033 2192 
14714 4 0 2798 1080 4069 3673 
14715 4 0 3880 4259 3856 1569 
14716 4 0 4259 3807 3856 1569 
14717 4 0 2478 3665 3355 2133 
14718 4 0 2478 2751 3665 2133 
14719 4 0 2474 1309 3546 3324 
14720 4 0 570 4568 2304 3139 
14721 4 0 2990 4195 2085 3867 
14722 4 0 1049 2085 2990 4366 
14723 4 0 3863 3193 99 93 
14724 4 0 2460 2561 3448 1706 
14725 4 0 1706 1702 2460 2561 
14726 4 0 2480 4612 3219 4613 
14727 4 0 2649 3481 3374 3520 
14728 4 0 4321 1349 1786 3156 
14729 4 0 3475 4598 3565 2164 
14730 4 0 3565 121 4264 892 
14731 4 0 121 4264 1349 3565 
14732 4 0 1089 3850 2359 3155 
14733 4 0 2413 546 3300 4018 
14734 4 0 3229 4189 3300 4018 
14735 4 0 1583 4207 2609 1531 
14736 4 0 3291 3370 3191 3955 
14737 4 0 4374 2958 3955 3370 
14738 4 0 531 3187 3781 1394 
14739 4 0 2222 788 3482 2386 
14740 4 0 501 4262 3410 3270 
14741 4 0 3075 3476 1315 1961 
14742 4 0 3054 2640 500 4320 
14743 4 0 4188 2867 4211 3803 
14744 4 0 1091 3520 3481 2649 
14745 4 0 1112 743 888 2657 
14746 4 0 2453 3567 702 1738 
14747 4 0 1738 2453 2489 702 
14748 4 0 4317 888 2657 4473 
14749 4 0 2580 1038 4317 4473 
14750 4 0 3246 3520 1153 4158 
14751 4 0 3785 2218 4194 1927 
14752 4 0 3466 2540 2051 2818 
14753 4 0 2051 3466 3314 2540 
14754 4 0 3891 4213 4368 3272 
14755 4 0 3723 4213 3891 3272 
14756 4 0 942 1678 4494 364 
14757 4 0 4279 2956 4393 3703 
14758 4 0 1882 4006 2764 2789 
14759 4 0 1414 1847 2765 1260 
14760 4 0 2765 1260 556 1414 
14761 4 0 2338 147 556 2765 
14762 4 0 181 470 1901 2644 
14763 4 0 2622 3940 1651 3276 
14764 4 0 1490 3225 3499 1749 
14765 4 0 3225 3499 894 1490 
14766 4 0 2269 597 3225 1749 
14767 4 0 1490 3182 3225 2269 
14768 4 0 3189 721 4323 2460 
14769 4 0 4179 1170 981 2556 
14770 4 0 3914 2787 1021 2901 
14771 4 0 2811 3579 2753 4214 
14772 4 0 1701 2058 4239 3835 
14773 4 0 4323 4239 1701 2058 
14774 4 0 4240 4215 2504 3790 
14775 4 0 1112 3128 743 3303 
14776 4 0 3303 743 4282 3525 
14777 4 0 4457 556 1951 3235 
14778 4 0 1397 3766 2874 2718 
14779 4 0 2364 3218 3357 2055 
14780 4 0 2896 2302 815 2720 
14781 4 0 2720 2896 812 815 
14782 4 0 2692 3523 2302 3137 
14783 4 0 2735 2301 1242 579 
14784 4 0 2301 4165 3094 2226 
14785 4 0 2301 4536 2226 579 
14786 4 0 3736 3329 2381 1859 
14787 4 0 3736 1859 2381 7 
14788 4 0 84 3713 789 3672 
14789 4 0 84 3713 3672 1267 
14790 4 0 84 3672 688 1267 
14791 4 0 2402 2595 2745 2470 
14792 4 0 68 690 2656 2534 
14793 4 0 2783 3911 2829 1344 
14794 4 0 1284 3666 4379 628 
14795 4 0 3174 2369 1729 4682 
14796 4 0 2611 2977 4498 2762 
14797 4 0 3413 1341 2809 2701 
14798 4 0 4214 2019 3579 2753 
14799 4 0 4503 2593 465 2537 
14800 4 0 2537 2593 465 4382 
14801 4 0 4353 4217 3613 1025 
14802 4 0 1311 4217 2923 1025 
14803 4 0 3613 3075 4217 4353 
14804 4 0 3895 3045 3730 539 
14805 4 0 3895 3876 3730 3045 
14806 4 0 3876 2862 3045 3895 
14807 4 0 2130 1562 1559 2202 
14808 4 0 888 2924 1691 3505 
14809 4 0 1691 888 1650 2657 
14810 4 0 2485 1506 4448 3635 
14811 4 0 2140 2622 3276 3940 
14812 4 0 2140 2261 368 3276 
14813 4 0 3097 2601 3861 2746 
14814 4 0 2953 2687 2975 3775 
14815 4 0 2801 3369 2847 4218 
14816 4 0 140 2477 3500 1158 
14817 4 0 1518 2750 3116 2420 
14818 4 0 2205 2711 2750 3533 
14819 4 0 442 796 518 3109 
14820 4 0 2890 2507 3162 2470 
14821 4 0 3959 2743 3230 4024 
14822 4 0 2996 1558 3959 3230 
14823 4 0 3532 1146 2577 1096 
14824 4 0 2577 1459 4443 1096 
14825 4 0 888 2924 3505 4317 
14826 4 0 3401 1853 2517 1332 
14827 4 0 3401 2789 1853 1332 
14828 4 0 1531 3197 4053 3152 
14829 4 0 1531 3516 3197 3152 
14830 4 0 3196 3287 3466 1741 
14831 4 0 978 3209 789 3713 
14832 4 0 31 2194 706 3264 
14833 4 0 1802 866 1888 2331 
14834 4 0 3643 1888 4528 866 
14835 4 0 3709 87 3092 1187 
14836 4 0 493 2653 4219 3217 
14837 4 0 2501 2653 4219 493 
14838 4 0 1263 2233 799 2820 
14839 4 0 2167 1573 428 2290 
14840 4 0 2217 1150 1544 3297 
14841 4 0 58 691 49 2693 
14842 4 0 58 49 691 3741 
14843 4 0 4323 4239 2058 2395 
14844 4 0 2111 1422 2511 2758 
14845 4 0 1559 2202 2386 2130 
14846 4 0 4044 2714 3869 4453 
14847 4 0 2228 3869 4044 2714 
14848 4 0 2835 374 3690 2951 
14849 4 0 880 2612 3801 3530 
14850 4 0 20 2255 2206 2488 
14851 4 0 26 1860 20 2488 
14852 4 0 2488 1860 20 2255 
14853 4 0 3317 645 3239 3137 
14854 4 0 3786 3427 3145 2477 
14855 4 0 2477 3427 114 3786 
14856 4 0 190 1105 1862 2878 
14857 4 0 2351 1458 2577 509 
14858 4 0 3532 509 2577 1458 
14859 4 0 4221 1404 3426 3127 
14860 4 0 4221 3127 836 2245 
14861 4 0 2252 3761 853 3640 
14862 4 0 3175 4378 4419 2638 
14863 4 0 4370 2638 4419 4378 
14864 4 0 3850 3155 1089 4252 
14865 4 0 4491 3373 546 3429 
14866 4 0 2021 2803 4622 1302 
14867 4 0 2021 1302 4622 3811 
14868 4 0 3201 2808 2880 2604 
14869 4 0 637 4151 2572 2904 
14870 4 0 4151 858 637 2572 
14871 4 0 3101 2246 204 4182 
14872 4 0 3481 3450 3520 1091 
14873 4 0 3450 1091 1153 3520 
14874 4 0 2052 2262 3501 1584 
14875 4 0 1362 3087 4211 2212 
14876 4 0 4211 1838 2212 3087 
14877 4 0 1362 2212 4211 3428 
14878 4 0 4630 2240 4218 3449 
14879 4 0 4219 493 3210 1059 
14880 4 0 4219 4192 493 1059 
14881 4 0 3276 3940 1651 3655 
14882 4 0 2913 2888 2873 4417 
14883 4 0 974 3685 511 510 
14884 4 0 2128 2912 141 3095 
14885 4 0 844 512 141 1572 
14886 4 0 2314 709 3325 3731 
14887 4 0 992 1599 2399 3800 
14888 4 0 3800 2527 2399 2190 
14889 4 0 3703 2730 620 3681 
14890 4 0 3681 620 3703 3241 
14891 4 0 3603 4066 969 1373 
14892 4 0 2525 596 3113 2430 
14893 4 0 149 3070 2726 126 
14894 4 0 2726 4182 3070 149 
14895 4 0 3585 2582 2925 3574 
14896 4 0 475 3255 3030 3850 
14897 4 0 3707 4500 1762 4075 
14898 4 0 4309 2386 2202 3501 
14899 4 0 2534 2427 2656 2572 
14900 4 0 4566 2534 2427 3051 
14901 4 0 858 2572 2427 2534 
14902 4 0 4226 829 3556 3163 
14903 4 0 79 70 3965 2693 
14904 4 0 2693 691 3965 78 
14905 4 0 2693 3965 79 78 
14906 4 0 4227 916 2442 2962 
14907 4 0 3246 913 1154 1155 
14908 4 0 2357 3161 2830 3551 
14909 4 0 3711 1876 3724 3120 
14910 4 0 2851 1227 1351 3773 
14911 4 0 2356 3773 1227 2851 
14912 4 0 1581 1227 1351 2851 
14913 4 0 3763 1227 1581 2851 
14914 4 0 2623 2114 2880 3695 
14915 4 0 2623 3695 2880 650 
14916 4 0 1958 3467 2948 2584 
14917 4 0 15 3772 3943 2381 
14918 4 0 15 3772 2381 7 
14919 4 0 2980 2634 4328 871 
14920 4 0 3952 2396 1882 2585 
14921 4 0 3413 2233 2170 799 
14922 4 0 2233 2170 2701 3413 
14923 4 0 929 2896 1978 2692 
14924 4 0 3203 3703 4393 3836 
14925 4 0 3132 4304 1629 2551 
14926 4 0 3295 2899 1588 1879 
14927 4 0 3116 3295 1588 1879 
14928 4 0 407 527 3610 1768 
14929 4 0 1768 407 1671 3610 
14930 4 0 706 3264 4276 2444 
14931 4 0 2370 1240 3448 2561 
14932 4 0 4438 597 2228 1749 
14933 4 0 1298 426 2106 3856 
14934 4 0 1624 2644 1589 1266 
14935 4 0 1509 2345 3407 3825 
14936 4 0 4399 4373 1386 2456 
14937 4 0 3914 2901 1021 3597 
14938 4 0 3597 252 1021 3914 
14939 4 0 1482 39 3344 51 
14940 4 0 816 2286 4309 3092 
14941 4 0 382 207 1092 417 
14942 4 0 1451 3016 4046 1152 
14943 4 0 3660 2671 2468 4231 
14944 4 0 525 391 937 2342 
14945 4 0 2297 779 2662 2191 
14946 4 0 1097 1506 2485 4330 
14947 4 0 1848 1845 2825 3469 
14948 4 0 1848 786 2825 1845 
14949 4 0 2825 2222 786 1848 
14950 4 0 112 3575 138 3255 
14951 4 0 3646 1784 2358 2757 
14952 4 0 88 111 3145 2505 
14953 4 0 556 111 2505 3145 
14954 4 0 39 3508 51 42 
14955 4 0 3530 1166 677 1171 
14956 4 0 3801 983 4460 3530 
14957 4 0 1008 3421 2097 2271 
14958 4 0 546 4018 3229 3300 
14959 4 0 3387 4023 4570 3433 
14960 4 0 4592 4578 2140 4580 
14961 4 0 3637 2552 3011 4273 
14962 4 0 3637 1983 2552 4273 
14963 4 0 969 2264 3220 3122 
14964 4 0 3642 3282 2724 3237 
14965 4 0 1062 2724 3642 3282 
14966 4 0 2139 3237 3282 3642 
14967 4 0 2514 4638 474 4639 
14968 4 0 972 2111 2794 4551 
14969 4 0 1475 1903 2742 2988 
14970 4 0 3055 3593 393 2987 
14971 4 0 3742 4253 1359 1266 
14972 4 0 4088 1266 3568 3355 
14973 4 0 1743 2824 2697 3359 
14974 4 0 2816 1060 2813 2761 
14975 4 0 970 3215 3884 2784 
14976 4 0 3884 3215 2675 2784 
14977 4 0 3215 3884 1419 970 
14978 4 0 2576 2196 2540 4032 
14979 4 0 4523 4522 664 3338 
14980 4 0 1089 1090 3520 892 
14981 4 0 3784 944 1308 4372 
14982 4 0 932 3042 935 3274 
14983 4 0 2623 2114 4404 2880 
14984 4 0 1574 3179 2632 1621 
14985 4 0 2632 3527 3179 1574 
14986 4 0 3820 3072 2595 2470 
14987 4 0 2595 4514 3072 3820 
14988 4 0 3179 4243 3207 1726 
14989 4 0 2089 3129 2523 1743 
14990 4 0 2945 3698 2147 3109 
14991 4 0 2147 3698 796 3109 
14992 4 0 3109 796 2147 2177 
14993 4 0 4186 3411 4381 3365 
14994 4 0 2503 2670 2093 1116 
14995 4 0 2543 3521 3957 1633 
14996 4 0 562 1633 1862 3043 
14997 4 0 3676 3657 3830 1006 
14998 4 0 3676 3673 1006 3830 
14999 4 0 1782 1360 3482 2032 
15000 4 0 3737 2454 2365 898 
15001 4 0 1921 2049 2889 4074 
15002 4 0 2352 3707 4500 2437 
15003 4 0 3707 2845 2437 2352 
15004 4 0 2352 2437 4500 1007 
15005 4 0 2271 3362 1008 3421 
15006 4 0 3210 493 2229 3564 
15007 4 0 4237 3149 2530 2519 
15008 4 0 376 1255 3062 1290 
15009 4 0 1290 1255 3062 1291 
15010 4 0 2819 4214 4554 2753 
15011 4 0 1884 1883 3592 1333 
15012 4 0 3592 1883 1884 1124 
15013 4 0 3444 1203 1837 1353 
15014 4 0 1203 1353 3444 402 
15015 4 0 1257 1258 568 1255 
15016 4 0 376 1257 568 1255 
15017 4 0 1174 3389 1856 1186 
15018 4 0 1856 3389 2602 4213 
15019 4 0 3008 4181 3197 4289 
15020 4 0 3197 3125 4181 3008 
15021 4 0 970 4359 3643 2997 
15022 4 0 2076 3153 3790 1890 
15023 4 0 430 2875 1967 837 
15024 4 0 1787 2991 1347 3625 
15025 4 0 3625 1347 1945 2991 
15026 4 0 814 2741 1978 1159 
15027 4 0 1159 2741 2469 3330 
15028 4 0 3107 3834 1566 2844 
15029 4 0 1800 4375 4004 2940 
15030 4 0 4421 4004 2940 1800 
15031 4 0 2927 4004 4421 3339 
15032 4 0 4498 2838 2762 2977 
15033 4 0 3610 934 4242 1671 
15034 4 0 4331 3058 2997 4319 
15035 4 0 3568 3919 4270 3742 
15036 4 0 3281 4244 2817 2855 
15037 4 0 1518 4268 2750 2420 
15038 4 0 2328 2085 1325 639 
15039 4 0 639 2328 2305 1325 
15040 4 0 2988 3817 1475 2368 
15041 4 0 4478 2996 3236 3959 
15042 4 0 2290 1910 4093 2298 
15043 4 0 4640 381 3089 1453 
15044 4 0 4505 4235 575 2661 
15045 4 0 575 4398 2661 4235 
15046 4 0 3075 1783 3476 1961 
15047 4 0 2574 3526 944 2325 
15048 4 0 4372 2136 3085 3547 
15049 4 0 3850 1208 3155 4252 
15050 4 0 511 2166 649 3086 
15051 4 0 1758 470 4325 1100 
15052 4 0 149 4182 165 1132 
15053 4 0 2164 3849 4611 3701 
15054 4 0 2164 4611 3849 1724 
15055 4 0 1101 774 776 2855 
15056 4 0 622 2539 3246 3983 
15057 4 0 2202 108 1562 3195 
15058 4 0 3097 4020 3215 3164 
15059 4 0 4247 4246 2824 4486 
15060 4 0 2615 3534 3585 3574 
15061 4 0 3534 3485 3585 3574 
15062 4 0 18 8 360 684 
15063 4 0 2412 1620 2624 2550 
15064 4 0 3616 4355 2664 2196 
15065 4 0 2527 3547 4194 4128 
15066 4 0 2293 3823 1339 2859 
15067 4 0 3215 3097 2601 2417 
15068 4 0 3164 3215 3097 3931 
15069 4 0 1229 1493 4093 4094 
15070 4 0 2567 2317 21 31 
15071 4 0 2159 31 2317 2567 
15072 4 0 4372 904 3547 3085 
15073 4 0 1835 2991 3540 1787 
15074 4 0 1108 550 3019 3036 
15075 4 0 2090 1806 3147 2018 
15076 4 0 876 4562 3939 2788 
15077 4 0 1473 2909 1907 1913 
15078 4 0 1907 1913 2909 604 
15079 4 0 1913 3554 3595 3621 
15080 4 0 2581 2909 1913 3554 
15081 4 0 2581 2909 1473 1913 
15082 4 0 1913 3621 3595 604 
15083 4 0 1095 4360 2903 1398 
15084 4 0 2117 656 2903 1398 
15085 4 0 533 4360 2903 1095 
15086 4 0 3736 1042 3329 1391 
15087 4 0 4062 872 2934 2481 
15088 4 0 2038 872 2481 2934 
15089 4 0 2934 4062 2481 2292 
15090 4 0 2253 1930 2201 2035 
15091 4 0 2569 1411 2680 4233 
15092 4 0 3748 2458 2409 2957 
15093 4 0 103 95 3748 2458 
15094 4 0 2927 2278 4449 3780 
15095 4 0 3877 1396 4253 2409 
15096 4 0 3639 2501 3677 3874 
15097 4 0 2501 2467 3677 3680 
15098 4 0 2216 3661 96 2968 
15099 4 0 126 2881 3661 2389 
15100 4 0 2509 248 1127 225 
15101 4 0 3331 225 248 2509 
15102 4 0 2552 2591 931 3729 
15103 4 0 409 2591 3729 931 
15104 4 0 3028 2639 530 927 
15105 4 0 2429 1860 2488 2255 
15106 4 0 2598 4511 2357 2760 
15107 4 0 17 3579 2753 27 
15108 4 0 2033 1309 4607 4237 
15109 4 0 433 1790 1791 2272 
15110 4 0 3398 1686 1687 3506 
15111 4 0 3740 823 2518 1635 
15112 4 0 2580 4317 3604 2924 
15113 4 0 4246 2824 4296 4247 
15114 4 0 2428 4571 2371 4583 
15115 4 0 376 967 3043 1633 
15116 4 0 3180 2002 3081 3102 
15117 4 0 3547 904 2613 3079 
15118 4 0 3547 2613 4128 3079 
15119 4 0 3704 3274 765 1434 
15120 4 0 1221 765 3274 932 
15121 4 0 932 1221 3042 3274 
15122 4 0 2970 4339 2282 2244 
15123 4 0 3525 2251 4141 3303 
15124 4 0 1150 3297 4680 4380 
15125 4 0 1513 3297 4141 4680 
15126 4 0 4564 1837 1353 2776 
15127 4 0 968 2488 2429 3150 
15128 4 0 3400 4346 2943 439 
15129 4 0 2953 2687 439 3757 
15130 4 0 2484 4468 4135 1074 
15131 4 0 993 3233 3106 4255 
15132 4 0 126 3661 3070 2389 
15133 4 0 126 3070 2726 2389 
15134 4 0 1300 2712 4429 1305 
15135 4 0 3646 3686 2785 3442 
15136 4 0 3613 3442 1783 3686 
15137 4 0 2147 2945 3109 2177 
15138 4 0 1977 2457 4223 4257 
15139 4 0 2366 268 4258 242 
15140 4 0 2366 242 4258 220 
15141 4 0 2366 268 2333 4258 
15142 4 0 4159 1508 3073 3441 
15143 4 0 3472 993 2935 1119 
15144 4 0 1119 993 2935 3233 
15145 4 0 4223 2422 3708 2457 
15146 4 0 3276 4318 3655 4413 
15147 4 0 2346 3276 4318 723 
15148 4 0 2219 4329 4282 4679 
15149 4 0 2836 3856 4259 1567 
15150 4 0 2576 551 2980 1780 
15151 4 0 104 175 124 3202 
15152 4 0 3766 4574 2874 940 
15153 4 0 3766 940 2874 2718 
15154 4 0 538 1709 2281 3053 
15155 4 0 2884 1709 538 3053 
15156 4 0 3025 3527 2558 3816 
15157 4 0 4386 1944 1228 432 
15158 4 0 3772 3943 2381 1164 
15159 4 0 3723 4625 3432 4689 
15160 4 0 3272 3432 3133 354 
15161 4 0 3013 3537 1429 4193 
15162 4 0 1686 3401 1955 3506 
15163 4 0 813 4032 2576 3180 
15164 4 0 895 89 3850 4264 
15165 4 0 115 2343 3727 133 
15166 4 0 3727 2343 554 133 
15167 4 0 3557 68 2656 2534 
15168 4 0 840 2829 2702 3911 
15169 4 0 4405 3710 670 2843 
15170 4 0 4253 1737 123 99 
15171 4 0 4253 123 1737 1736 
15172 4 0 4253 1953 1737 99 
15173 4 0 2968 104 96 2216 
15174 4 0 2150 104 2968 2216 
15175 4 0 24 3508 39 42 
15176 4 0 2761 1748 2228 3869 
15177 4 0 3817 2978 3169 1475 
15178 4 0 2978 1475 3817 4179 
15179 4 0 3688 773 2189 1933 
15180 4 0 170 773 519 2189 
15181 4 0 2591 2552 330 325 
15182 4 0 3005 598 3677 2467 
15183 4 0 975 4303 3388 3290 
15184 4 0 3388 3392 4601 3290 
15185 4 0 4303 3388 3290 3196 
15186 4 0 1521 3119 2702 2502 
15187 4 0 1157 3357 1249 807 
15188 4 0 4267 4270 117 136 
15189 4 0 3161 4177 2401 2830 
15190 4 0 3813 3514 2103 1236 
15191 4 0 4675 3514 2103 3813 
15192 4 0 4191 258 4250 1595 
15193 4 0 4239 2395 2603 3835 
15194 4 0 2485 4238 4330 1506 
15195 4 0 216 235 4640 4022 
15196 4 0 3936 979 769 4591 
15197 4 0 1484 4033 1482 817 
15198 4 0 1051 2122 3360 2931 
15199 4 0 1778 3904 3019 1699 
15200 4 0 3019 3904 1778 2434 
15201 4 0 3385 2868 2251 4221 
15202 4 0 2387 2426 401 337 
15203 4 0 1430 3936 979 769 
15204 4 0 4354 3616 4355 3046 
15205 4 0 3713 3209 789 3672 
15206 4 0 2234 3209 2544 2678 
15207 4 0 3672 3713 3209 2678 
15208 4 0 1313 2740 3993 1029 
15209 4 0 1313 1029 3480 2740 
15210 4 0 3976 1926 449 2911 
15211 4 0 4091 4407 483 2559 
15212 4 0 3986 483 2559 4091 
15213 4 0 4270 136 150 3060 
15214 4 0 3919 150 4270 136 
15215 4 0 4390 3919 4270 3568 
15216 4 0 2229 1492 3177 2606 
15217 4 0 1349 3156 4264 4216 
15218 4 0 3156 3565 1349 4264 
15219 4 0 3156 3565 4264 2394 
15220 4 0 2676 2316 1714 1537 
15221 4 0 1659 4620 844 383 
15222 4 0 3602 4620 383 844 
15223 4 0 4253 1801 2331 2644 
15224 4 0 3769 2461 1666 2187 
15225 4 0 3620 4049 4364 2063 
15226 4 0 1769 938 3794 3559 
15227 4 0 4279 800 2221 3541 
15228 4 0 800 2221 3541 3502 
15229 4 0 3541 802 2221 3561 
15230 4 0 2963 4377 2938 2114 
15231 4 0 3246 4158 2374 1189 
15232 4 0 3348 973 882 881 
15233 4 0 973 4185 881 2417 
15234 4 0 682 3083 82 42 
15235 4 0 3553 682 42 3083 
15236 4 0 3760 4479 395 4397 
15237 4 0 4631 3691 2589 3829 
15238 4 0 1973 3691 4631 4632 
15239 4 0 4541 4000 4470 3165 
15240 4 0 552 871 4328 1360 
15241 4 0 871 4328 1360 3383 
15242 4 0 3436 2986 2919 2557 
15243 4 0 2986 3096 2557 3436 
15244 4 0 4177 3652 2401 2147 
15245 4 0 1092 417 221 238 
15246 4 0 3795 887 2146 3285 
15247 4 0 2829 377 1343 209 
15248 4 0 209 4487 2829 377 
15249 4 0 377 1344 3513 2783 
15250 4 0 209 1343 2829 3911 
15251 4 0 209 2829 840 3911 
15252 4 0 4627 2809 2659 2029 
15253 4 0 2029 2809 2659 1254 
15254 4 0 4268 1894 3251 1193 
15255 4 0 2861 4362 4170 303 
15256 4 0 1415 2429 2488 2255 
15257 4 0 1415 2488 2429 968 
15258 4 0 3874 1730 2428 2005 
15259 4 0 4271 642 3762 1325 
15260 4 0 3360 2931 654 3015 
15261 4 0 1051 3015 3360 2360 
15262 4 0 3360 3015 536 2360 
15263 4 0 1051 2931 3360 3015 
15264 4 0 2207 3143 311 523 
15265 4 0 517 2289 3391 3337 
15266 4 0 4240 3790 1890 4215 
15267 4 0 3919 4270 4267 136 
15268 4 0 997 3528 2877 1026 
15269 4 0 1071 3528 2383 997 
15270 4 0 2543 264 2182 3367 
15271 4 0 4127 187 377 170 
15272 4 0 270 3650 3407 247 
15273 4 0 1531 4053 4474 3152 
15274 4 0 3210 3217 3647 528 
15275 4 0 1247 4463 3860 4001 
15276 4 0 1452 1580 3369 3052 
15277 4 0 2021 1683 3358 3216 
15278 4 0 2555 820 818 3598 
15279 4 0 2555 4544 1656 3598 
15280 4 0 3787 3047 3364 1063 
15281 4 0 3047 1063 3787 4232 
15282 4 0 1427 1342 1426 4058 
15283 4 0 441 1387 1763 440 
15284 4 0 3387 3316 2908 3433 
15285 4 0 1314 3316 2908 2871 
15286 4 0 2718 1397 2337 3316 
15287 4 0 2718 940 2874 3316 
15288 4 0 2227 3112 1640 3308 
15289 4 0 1745 3035 3593 3406 
15290 4 0 393 3593 3035 3406 
15291 4 0 1745 3406 3593 1374 
15292 4 0 1183 4624 474 2021 
15293 4 0 1071 367 2026 1716 
15294 4 0 1237 2956 3836 4427 
15295 4 0 1426 4078 1342 785 
15296 4 0 892 121 4264 2359 
15297 4 0 4338 3608 2469 1027 
15298 4 0 2469 3608 4338 2900 
15299 4 0 667 2451 4231 2468 
15300 4 0 2531 2821 4026 3924 
15301 4 0 785 1425 1426 4078 
15302 4 0 1182 3049 3506 3519 
15303 4 0 3398 3049 3506 1182 
15304 4 0 2716 2579 4397 3518 
15305 4 0 763 1900 2846 3855 
15306 4 0 4280 1697 1694 2846 
15307 4 0 1425 3071 785 173 
15308 4 0 4078 3071 785 1425 
15309 4 0 172 2765 147 2338 
15310 4 0 2647 2765 172 2338 
15311 4 0 904 2852 4676 2473 
15312 4 0 3082 935 932 936 
15313 4 0 1033 2511 1032 3130 
15314 4 0 2511 2758 1033 2111 
15315 4 0 2456 4400 4399 1210 
15316 4 0 3906 2589 1070 1769 
15317 4 0 2960 3906 4631 2589 
15318 4 0 4609 1945 3196 3475 
15319 4 0 1056 2064 4298 1057 
15320 4 0 1622 2064 1057 4298 
15321 4 0 4298 1622 4697 1057 
15322 4 0 179 3738 3679 380 
15323 4 0 2601 3544 3174 2817 
15324 4 0 3547 2893 2527 2399 
15325 4 0 2591 1085 523 3143 
15326 4 0 2991 4281 4601 975 
15327 4 0 4219 4192 2501 493 
15328 4 0 888 2657 743 1650 
15329 4 0 3266 4238 4330 2485 
15330 4 0 3088 2915 1020 3350 
15331 4 0 1171 4442 4254 2612 
15332 4 0 3801 2559 4442 2612 
15333 4 0 3795 1107 835 2658 
15334 4 0 3795 3934 1107 2658 
15335 4 0 2463 1107 2658 835 
15336 4 0 3365 1336 2983 3267 
15337 4 0 3411 4186 1382 3365 
15338 4 0 3014 4675 4283 2354 
15339 4 0 615 2866 283 1285 
15340 4 0 1285 2866 293 3792 
15341 4 0 1295 4016 4000 3410 
15342 4 0 4000 3410 3962 1295 
15343 4 0 3115 3687 1370 4288 
15344 4 0 3516 4333 4588 3831 
15345 4 0 1038 2580 3604 4001 
15346 4 0 3604 4463 810 4098 
15347 4 0 1269 3177 2606 4284 
15348 4 0 1269 2606 2564 4284 
15349 4 0 839 4003 3889 3805 
15350 4 0 839 3805 3889 1906 
15351 4 0 1417 866 2331 3643 
15352 4 0 1057 1065 2056 4697 
15353 4 0 4342 2514 4698 472 
15354 4 0 1149 4698 2514 4447 
15355 4 0 1337 4698 473 3934 
15356 4 0 4591 2088 2842 413 
15357 4 0 2272 413 2842 414 
15358 4 0 1948 3733 3471 4395 
15359 4 0 3047 3364 1063 2910 
15360 4 0 4412 3865 3535 4287 
15361 4 0 4080 3751 3641 2812 
15362 4 0 3687 4288 3115 4507 
15363 4 0 1651 4576 2290 1793 
15364 4 0 1793 2290 2898 4576 
15365 4 0 3479 1440 2847 4157 
15366 4 0 2972 2847 3463 2744 
15367 4 0 1440 2847 2972 3479 
15368 4 0 2947 2540 2422 1727 
15369 4 0 3781 2946 3341 531 
15370 4 0 3341 2946 3366 531 
15371 4 0 3479 4388 4242 3458 
15372 4 0 511 2902 2592 3685 
15373 4 0 2562 3553 684 8 
15374 4 0 3553 8 18 684 
15375 4 0 360 8 18 4201 
15376 4 0 3573 644 543 3935 
15377 4 0 3573 644 3935 4361 
15378 4 0 2729 361 73 4311 
15379 4 0 1207 1503 2455 4311 
15380 4 0 2858 54 64 2443 
15381 4 0 1298 2106 1567 3856 
15382 4 0 3856 2836 2106 1567 
15383 4 0 2836 2106 1567 1292 
15384 4 0 482 2846 3576 1697 
15385 4 0 1044 4394 3582 3976 
15386 4 0 2966 3839 2350 4692 
15387 4 0 4153 1544 2868 1982 
15388 4 0 2951 4083 2115 714 
15389 4 0 3606 4198 1388 3076 
15390 4 0 4562 2788 3754 3939 
15391 4 0 2188 969 4066 3122 
15392 4 0 2374 1189 4158 2062 
15393 4 0 3246 2374 621 1189 
15394 4 0 4170 288 3350 281 
15395 4 0 281 4170 288 1185 
15396 4 0 615 4170 3350 281 
15397 4 0 4305 3118 872 4245 
15398 4 0 2605 2921 1406 999 
15399 4 0 582 2767 150 169 
15400 4 0 471 3272 4213 3723 
15401 4 0 2057 4368 4213 3272 
15402 4 0 2665 777 2542 3726 
15403 4 0 815 2896 2749 3311 
15404 4 0 815 812 2749 2896 
15405 4 0 2813 2928 2816 2761 
15406 4 0 2237 1353 1203 402 
15407 4 0 815 3523 2896 929 
15408 4 0 2063 3409 1632 3620 
15409 4 0 2829 4487 209 840 
15410 4 0 3956 3686 3904 2785 
15411 4 0 2785 3956 1537 3904 
15412 4 0 3795 2146 3934 2658 
15413 4 0 2484 2254 3560 3075 
15414 4 0 3045 3895 2914 539 
15415 4 0 2005 3874 1730 3639 
15416 4 0 3639 2653 3874 1730 
15417 4 0 2853 4255 3233 993 
15418 4 0 4157 2847 3479 4218 
15419 4 0 2627 1683 3358 390 
15420 4 0 1629 4296 2551 1214 
15421 4 0 3368 2898 2802 1573 
15422 4 0 230 1283 562 4411 
15423 4 0 562 250 230 2061 
15424 4 0 562 230 4411 2061 
15425 4 0 970 3215 2417 4559 
15426 4 0 4037 3328 2890 4557 
15427 4 0 1654 3328 4037 4557 
15428 4 0 1654 1837 3328 3947 
15429 4 0 1654 3328 4557 3947 
15430 4 0 1412 2248 2688 655 
15431 4 0 1948 2903 656 1095 
15432 4 0 2512 4371 3122 2681 
15433 4 0 2345 1509 3407 3650 
15434 4 0 1151 3617 3411 3211 
15435 4 0 2167 4576 1651 2622 
15436 4 0 4576 2167 4594 2622 
15437 4 0 3201 1797 2311 3304 
15438 4 0 3615 1797 3304 2311 
15439 4 0 2311 1797 3201 2808 
15440 4 0 2682 1859 1217 15 
15441 4 0 1655 3649 657 2513 
15442 4 0 3291 2724 4348 1062 
15443 4 0 1243 4299 2962 2011 
15444 4 0 4299 2011 916 2962 
15445 4 0 2620 2489 2453 2255 
15446 4 0 1402 793 4118 3013 
15447 4 0 2779 1196 4563 2688 
15448 4 0 3698 3446 2945 1018 
15449 4 0 1246 3190 1319 3238 
15450 4 0 2424 3479 1439 1440 
15451 4 0 1448 1440 2424 1439 
15452 4 0 3479 3458 1439 1440 
15453 4 0 32 43 2693 40 
15454 4 0 2693 32 23 43 
15455 4 0 40 2693 52 43 
15456 4 0 17 42 27 3553 
15457 4 0 42 36 27 3553 
15458 4 0 275 1317 885 3539 
15459 4 0 3229 2264 4018 3687 
15460 4 0 3229 2264 3687 4371 
15461 4 0 1978 814 3354 1563 
15462 4 0 150 582 3060 136 
15463 4 0 1981 3296 1297 2138 
15464 4 0 4370 4304 1629 3132 
15465 4 0 3995 4544 85 4545 
15466 4 0 1068 3717 4625 3723 
15467 4 0 2383 1071 4435 1718 
15468 4 0 2383 1071 1718 3528 
15469 4 0 4525 4528 4319 3643 
15470 4 0 4525 3643 4319 1934 
15471 4 0 1856 4213 4368 1186 
15472 4 0 3203 620 3703 2730 
15473 4 0 3618 3135 3238 3826 
15474 4 0 3618 3238 1012 2583 
15475 4 0 1200 2635 4214 3886 
15476 4 0 3886 2635 4214 577 
15477 4 0 4372 904 1673 3268 
15478 4 0 904 3079 3085 1673 
15479 4 0 240 3085 267 1673 
15480 4 0 1673 267 3079 3085 
15481 4 0 3114 1308 219 4372 
15482 4 0 1329 2237 2643 3096 
15483 4 0 641 467 1329 3096 
15484 4 0 2758 1422 2511 1055 
15485 4 0 1055 4426 2511 3003 
15486 4 0 4426 3003 1033 2511 
15487 4 0 2621 3210 3217 3647 
15488 4 0 3103 255 1179 3785 
15489 4 0 3436 3096 2557 3397 
15490 4 0 4229 4135 363 2497 
15491 4 0 2592 52 680 3685 
15492 4 0 990 4019 4481 3224 
15493 4 0 990 4178 4019 3224 
15494 4 0 4221 1717 3127 2868 
15495 4 0 3899 4484 3203 3241 
15496 4 0 3053 538 2884 2939 
15497 4 0 2621 4219 3210 1059 
15498 4 0 1767 1766 967 524 
15499 4 0 2135 2643 2491 3696 
15500 4 0 4221 808 1110 3347 
15501 4 0 1156 3218 961 3357 
15502 4 0 978 2544 3209 3713 
15503 4 0 3713 2544 3209 2678 
15504 4 0 2234 2544 4147 2678 
15505 4 0 3592 811 4431 1333 
15506 4 0 1185 2861 4170 303 
15507 4 0 303 2861 4362 2283 
15508 4 0 2786 3548 2876 3599 
15509 4 0 543 3935 3332 2468 
15510 4 0 2468 3332 530 3935 
15511 4 0 2543 3957 2815 1633 
15512 4 0 433 434 1943 1791 
15513 4 0 969 4066 3912 2188 
15514 4 0 1518 1520 4268 2420 
15515 4 0 2006 4268 1520 2420 
15516 4 0 496 1741 1728 4352 
15517 4 0 24 4308 360 4201 
15518 4 0 39 4308 360 24 
15519 4 0 4305 1438 2448 2827 
15520 4 0 4305 2448 3118 2827 
15521 4 0 311 523 2866 2207 
15522 4 0 311 523 3663 2866 
15523 4 0 311 3663 302 2866 
15524 4 0 2577 2982 839 2608 
15525 4 0 1484 3240 2521 3493 
15526 4 0 1503 2455 3240 1652 
15527 4 0 1618 1617 2697 1743 
15528 4 0 4113 2476 2564 1997 
15529 4 0 1350 4113 436 2016 
15530 4 0 3658 2744 1235 3836 
15531 4 0 2829 841 4487 840 
15532 4 0 3157 3017 2110 1176 
15533 4 0 4026 4441 3924 2821 
15534 4 0 2749 812 3027 2294 
15535 4 0 1159 2749 3027 2294 
15536 4 0 1317 2935 2853 3539 
15537 4 0 2859 2293 249 1339 
15538 4 0 4309 3092 2286 2440 
15539 4 0 3591 3063 2452 2698 
15540 4 0 1652 1207 3063 2452 
15541 4 0 2452 2698 3063 1652 
15542 4 0 1652 2452 2698 3451 
15543 4 0 1959 2257 1480 3768 
15544 4 0 4224 2422 3323 4223 
15545 4 0 2910 2958 611 3955 
15546 4 0 2885 3132 4370 2864 
15547 4 0 4029 4219 2653 3091 
15548 4 0 2653 1064 3091 4219 
15549 4 0 780 436 2814 4454 
15550 4 0 780 4113 436 4454 
15551 4 0 777 2665 2022 3726 
15552 4 0 2542 2665 1102 777 
15553 4 0 1733 3099 362 3455 
15554 4 0 2885 4500 2459 2271 
15555 4 0 818 820 2976 3598 
15556 4 0 4463 3624 4001 1247 
15557 4 0 3560 3476 3075 2254 
15558 4 0 2292 2197 3502 3809 
15559 4 0 2422 3616 3287 2196 
15560 4 0 2196 930 4032 4354 
15561 4 0 2196 3616 4354 2576 
15562 4 0 1193 1518 1520 4268 
15563 4 0 1927 2142 3785 1852 
15564 4 0 3274 2065 765 1434 
15565 4 0 765 3082 3274 932 
15566 4 0 3274 3082 765 2065 
15567 4 0 4517 4516 2672 3818 
15568 4 0 4522 2466 663 2672 
15569 4 0 3165 2106 4475 3410 
15570 4 0 3664 2571 611 2804 
15571 4 0 412 811 4433 1955 
15572 4 0 2163 2319 2676 3007 
15573 4 0 1553 3007 3490 2676 
15574 4 0 1392 3844 634 625 
15575 4 0 527 3844 625 1010 
15576 4 0 648 2824 3359 387 
15577 4 0 3953 3943 4212 4177 
15578 4 0 1188 4618 218 405 
15579 4 0 2971 256 3507 237 
15580 4 0 1560 4183 4032 930 
15581 4 0 2548 201 3414 3355 
15582 4 0 2524 3029 201 3355 
15583 4 0 3838 4402 4315 2917 
15584 4 0 1907 2909 3039 604 
15585 4 0 2909 604 3595 3039 
15586 4 0 3039 604 3595 1500 
15587 4 0 549 3515 839 1796 
15588 4 0 3358 2396 1882 2789 
15589 4 0 1882 2764 411 2789 
15590 4 0 2514 1067 4447 2791 
15591 4 0 2514 4447 473 2791 
15592 4 0 3610 407 3479 1819 
15593 4 0 1480 2420 2257 1959 
15594 4 0 1959 2420 2257 3120 
15595 4 0 385 904 2510 2717 
15596 4 0 2510 385 2717 1116 
15597 4 0 1024 3715 3199 3126 
15598 4 0 875 4050 4137 1483 
15599 4 0 2713 875 1483 4050 
15600 4 0 3339 2927 2385 4421 
15601 4 0 1036 4317 3604 1038 
15602 4 0 2436 375 3302 2640 
15603 4 0 650 2623 3695 2238 
15604 4 0 3223 3477 1627 2097 
15605 4 0 1627 3477 3819 2097 
15606 4 0 4429 2712 4401 2340 
15607 4 0 3863 2929 4253 1396 
15608 4 0 2436 1590 616 672 
15609 4 0 2746 2436 1590 616 
15610 4 0 2434 3904 1108 3019 
15611 4 0 3212 2119 401 3495 
15612 4 0 3495 337 2387 401 
15613 4 0 2589 1771 3829 3610 
15614 4 0 1476 714 4083 3031 
15615 4 0 4004 4375 4449 2940 
15616 4 0 4449 4004 2940 2927 
15617 4 0 4496 3607 2259 490 
15618 4 0 2675 1161 771 3215 
15619 4 0 3884 1161 3215 1419 
15620 4 0 1272 622 260 3983 
15621 4 0 2063 1197 3620 3754 
15622 4 0 1197 3939 3754 2063 
15623 4 0 1452 3431 1236 3813 
15624 4 0 3813 2103 3431 1236 
15625 4 0 3559 3059 3443 391 
15626 4 0 4040 4429 2799 2060 
15627 4 0 3696 4294 4043 3234 
15628 4 0 4337 1075 3665 213 
15629 4 0 996 3604 1036 412 
15630 4 0 4017 148 1177 1175 
15631 4 0 2589 1010 1771 527 
15632 4 0 3299 1010 2589 527 
15633 4 0 2203 1866 2489 16 
15634 4 0 2772 2340 4656 4141 
15635 4 0 623 2525 3545 2430 
15636 4 0 3545 2854 2525 623 
15637 4 0 2605 3702 2525 623 
15638 4 0 3943 674 4212 4177 
15639 4 0 1354 839 4161 529 
15640 4 0 3928 2573 557 3469 
15641 4 0 3928 2222 2573 1848 
15642 4 0 2435 2659 3319 3204 
15643 4 0 4428 2400 3023 3857 
15644 4 0 4202 3857 3023 2400 
15645 4 0 2249 2956 4427 4393 
15646 4 0 4393 2956 4427 3836 
15647 4 0 2708 4195 2990 3867 
15648 4 0 663 3361 4534 819 
15649 4 0 4602 4237 2530 2897 
15650 4 0 4221 3426 836 3127 
15651 4 0 4407 1171 4254 2612 
15652 4 0 1392 527 625 3299 
15653 4 0 1392 3844 625 527 
15654 4 0 2668 790 1455 1253 
15655 4 0 380 166 790 4595 
15656 4 0 790 977 4595 166 
15657 4 0 790 1455 380 2668 
15658 4 0 790 977 166 144 
15659 4 0 3874 3832 4571 2428 
15660 4 0 707 4016 4333 4410 
15661 4 0 4387 3554 3054 1680 
15662 4 0 4495 3054 2640 3307 
15663 4 0 4133 3213 648 4246 
15664 4 0 3392 3292 3196 3388 
15665 4 0 884 4326 776 3688 
15666 4 0 102 3374 3481 1734 
15667 4 0 2059 1013 1318 2828 
15668 4 0 2828 1013 3190 2059 
15669 4 0 1646 3054 4320 4387 
15670 4 0 973 4359 91 118 
15671 4 0 118 881 91 973 
15672 4 0 772 971 4691 4322 
15673 4 0 971 1549 4322 772 
15674 4 0 4387 1646 3054 4148 
15675 4 0 437 4269 1461 3269 
15676 4 0 2806 718 3269 570 
15677 4 0 3368 978 3209 789 
15678 4 0 789 3368 4579 3209 
15679 4 0 1850 2832 4620 2973 
15680 4 0 2964 3903 2346 2504 
15681 4 0 3100 1028 367 1027 
15682 4 0 2570 3615 4005 2987 
15683 4 0 913 3963 1565 4178 
15684 4 0 3718 3977 1906 4019 
15685 4 0 2504 3567 3903 4215 
15686 4 0 1058 5 1750 2267 
15687 4 0 1793 2290 4579 2898 
15688 4 0 2032 4309 4163 4017 
15689 4 0 339 3432 4625 350 
15690 4 0 2398 3142 9 11 
15691 4 0 1801 1736 865 4253 
15692 4 0 967 524 1766 1633 
15693 4 0 3043 376 1257 967 
15694 4 0 2627 3765 3358 1683 
15695 4 0 547 2728 4492 2645 
15696 4 0 4492 1009 2645 2728 
15697 4 0 2251 1544 1150 3297 
15698 4 0 2512 2264 3122 4371 
15699 4 0 1166 3430 3601 2483 
15700 4 0 238 3515 839 549 
15701 4 0 3565 1349 4321 3156 
15702 4 0 2478 2751 1524 3665 
15703 4 0 3988 3166 2011 1243 
15704 4 0 3198 3988 2011 1243 
15705 4 0 2922 3567 4169 2907 
15706 4 0 94 2566 3250 4251 
15707 4 0 1662 1660 4295 2202 
15708 4 0 2202 2812 1660 4295 
15709 4 0 854 643 2668 3460 
15710 4 0 1865 34 44 1861 
15711 4 0 2941 1224 4593 3966 
15712 4 0 3813 2471 1236 2744 
15713 4 0 1052 2708 1048 2985 
15714 4 0 2591 3143 523 325 
15715 4 0 3143 523 325 311 
15716 4 0 3902 3614 1461 4233 
15717 4 0 719 3614 3902 2541 
15718 4 0 719 2541 3902 4568 
15719 4 0 3551 2830 2357 3131 
15720 4 0 3697 2574 4291 566 
15721 4 0 4291 477 3697 566 
15722 4 0 3639 2501 3874 2653 
15723 4 0 3456 2653 2501 3639 
15724 4 0 2386 3890 2032 4309 
15725 4 0 599 1654 3770 2774 
15726 4 0 3770 2462 1654 599 
15727 4 0 2248 655 2650 2528 
15728 4 0 3375 655 2248 2528 
15729 4 0 3375 655 2528 1631 
15730 4 0 4365 384 4337 1000 
15731 4 0 4365 2778 440 3581 
15732 4 0 4590 4589 3219 4612 
15733 4 0 1483 3791 4050 4137 
15734 4 0 4088 2644 1624 1266 
15735 4 0 4088 3355 2644 1266 
15736 4 0 4088 1365 2644 3355 
15737 4 0 3484 1507 4026 4142 
15738 4 0 4235 3578 580 654 
15739 4 0 4519 3162 4518 2402 
15740 4 0 1537 4344 3904 3956 
15741 4 0 3350 4450 4170 2849 
15742 4 0 4402 2917 3253 4315 
15743 4 0 2917 3253 2821 4402 
15744 4 0 2592 52 2663 40 
15745 4 0 2592 52 3243 2663 
15746 4 0 2638 4304 1215 4370 
15747 4 0 2638 2551 4304 3132 
15748 4 0 2638 3132 4304 4370 
15749 4 0 163 3500 2715 1713 
15750 4 0 999 615 1020 1285 
15751 4 0 3088 615 1020 999 
15752 4 0 3841 3193 93 3727 
15753 4 0 115 2343 3841 3727 
15754 4 0 2196 3616 4355 4354 
15755 4 0 4107 1213 1799 1210 
15756 4 0 2958 2454 1491 1497 
15757 4 0 2346 4413 3276 1651 
15758 4 0 2864 3132 4075 2885 
15759 4 0 4163 148 4017 100 
15760 4 0 148 4017 1527 164 
15761 4 0 164 3752 4017 379 
15762 4 0 2791 4624 1302 2021 
15763 4 0 1302 1067 2791 2763 
15764 4 0 1302 3659 4624 2791 
15765 4 0 1067 3659 1302 2791 
15766 4 0 2803 2791 1302 2021 
15767 4 0 2763 2791 1302 2803 
15768 4 0 3387 4023 2944 3937 
15769 4 0 4480 1332 810 3401 
15770 4 0 231 3665 1075 213 
15771 4 0 3190 3285 2146 887 
15772 4 0 1013 807 887 3190 
15773 4 0 2996 530 2639 927 
15774 4 0 1531 3516 4207 2609 
15775 4 0 3790 1838 2504 4240 
15776 4 0 2959 4561 4316 3073 
15777 4 0 4159 4187 3441 4561 
15778 4 0 3073 4159 3441 4561 
15779 4 0 3596 3579 4214 2019 
15780 4 0 4351 1370 3115 3745 
15781 4 0 2674 3727 3193 4577 
15782 4 0 4253 1953 3193 1400 
15783 4 0 4577 3727 3193 1400 
15784 4 0 3174 4682 3356 982 
15785 4 0 2222 3482 3489 2664 
15786 4 0 3046 4355 3489 2664 
15787 4 0 1185 2861 303 316 
15788 4 0 4332 3493 2521 3240 
15789 4 0 4638 2514 2791 1067 
15790 4 0 4638 2791 2514 474 
15791 4 0 2979 3095 94 119 
15792 4 0 3967 500 3302 2916 
15793 4 0 3764 1428 144 107 
15794 4 0 3115 2940 2109 4375 
15795 4 0 642 4335 829 824 
15796 4 0 2992 3497 3848 2509 
15797 4 0 4022 509 1757 4640 
15798 4 0 365 3945 4430 2160 
15799 4 0 630 634 1392 2525 
15800 4 0 630 2525 1392 1287 
15801 4 0 630 2525 1287 1410 
15802 4 0 1185 4170 288 297 
15803 4 0 2545 3168 3960 3705 
15804 4 0 2545 3705 1889 3168 
15805 4 0 1101 774 2855 3281 
15806 4 0 774 2685 3281 1101 
15807 4 0 147 4457 556 132 
15808 4 0 3411 4391 3723 1068 
15809 4 0 4507 3115 4018 545 
15810 4 0 2272 1790 4565 4428 
15811 4 0 1790 2272 4565 2842 
15812 4 0 3572 430 4314 2998 
15813 4 0 4296 1629 2551 3080 
15814 4 0 1585 3911 840 2702 
15815 4 0 4686 466 890 3556 
15816 4 0 2826 1016 377 170 
15817 4 0 4343 4241 3956 2316 
15818 4 0 2941 771 3990 1403 
15819 4 0 3233 1125 3106 3629 
15820 4 0 1626 4370 2864 2885 
15821 4 0 556 714 111 3145 
15822 4 0 4232 1063 1065 497 
15823 4 0 3636 3964 2234 976 
15824 4 0 976 3964 2234 2848 
15825 4 0 2848 976 3964 3278 
15826 4 0 1061 597 1977 1749 
15827 4 0 1749 3642 3225 3499 
15828 4 0 1437 2312 4261 1999 
15829 4 0 1437 2827 2312 1999 
15830 4 0 1385 2181 2873 3529 
15831 4 0 3937 2871 1508 2944 
15832 4 0 4021 2822 1838 4211 
15833 4 0 2535 2822 4021 4211 
15834 4 0 3397 2643 1329 1204 
15835 4 0 1749 1490 3225 2269 
15836 4 0 962 572 3626 1209 
15837 4 0 3002 1578 4121 3994 
15838 4 0 3002 3994 4121 2106 
15839 4 0 1502 4253 123 3863 
15840 4 0 3032 4545 572 2748 
15841 4 0 4545 3032 3995 2748 
15842 4 0 712 3992 2500 1498 
15843 4 0 2500 712 4509 3992 
15844 4 0 4104 2311 3819 2604 
15845 4 0 1475 2978 3169 4423 
15846 4 0 3169 2742 1475 4423 
15847 4 0 1058 2766 4531 4173 
15848 4 0 3352 3459 3453 3111 
15849 4 0 3515 1585 839 1796 
15850 4 0 4325 439 1387 4346 
15851 4 0 640 2101 3192 1325 
15852 4 0 2649 102 3374 3481 
15853 4 0 2512 3687 4371 2681 
15854 4 0 1672 4481 3718 1906 
15855 4 0 3023 4439 4341 433 
15856 4 0 2272 3023 433 4428 
15857 4 0 4493 4337 384 1000 
15858 4 0 3581 4365 2778 4337 
15859 4 0 1788 4003 3879 2981 
15860 4 0 701 2981 1788 3879 
15861 4 0 3805 4003 1788 2981 
15862 4 0 894 2851 3773 2356 
15863 4 0 2576 1780 1779 3102 
15864 4 0 4249 3349 1733 1397 
15865 4 0 1651 2167 2622 3276 
15866 4 0 1326 859 4196 467 
15867 4 0 181 3348 775 883 
15868 4 0 2839 3081 3102 2877 
15869 4 0 1619 2998 3340 1620 
15870 4 0 4027 4275 4587 3307 
15871 4 0 3307 3022 4275 4587 
15872 4 0 4587 4027 3307 1680 
15873 4 0 1703 2460 1702 2603 
15874 4 0 1192 2502 1190 1702 
15875 4 0 2603 1190 2502 1702 
15876 4 0 616 672 673 3931 
15877 4 0 3931 3946 672 673 
15878 4 0 244 840 1585 3911 
15879 4 0 4351 2385 2927 4421 
15880 4 0 4272 2187 1094 2461 
15881 4 0 2766 1058 4531 3091 
15882 4 0 4029 3091 2766 4531 
15883 4 0 3161 2830 2401 2357 
15884 4 0 626 1409 627 2029 
15885 4 0 501 426 4475 3807 
15886 4 0 2106 1298 4475 426 
15887 4 0 868 151 1417 469 
15888 4 0 868 2644 469 1417 
15889 4 0 546 545 4507 4018 
15890 4 0 4141 2772 2340 3297 
15891 4 0 4577 3193 2674 1639 
15892 4 0 2674 1639 3193 99 
15893 4 0 1639 4577 3193 1400 
15894 4 0 2774 2328 1837 1203 
15895 4 0 109 1016 4465 676 
15896 4 0 4456 1016 4127 3513 
15897 4 0 676 3513 2826 1016 
15898 4 0 4372 944 2136 2325 
15899 4 0 3526 2325 2136 944 
15900 4 0 2543 2805 2815 3957 
15901 4 0 3243 2902 3685 2592 
15902 4 0 60 974 3685 3243 
15903 4 0 862 2550 1176 3572 
15904 4 0 1312 2839 551 3289 
15905 4 0 1459 2351 1458 2577 
15906 4 0 659 827 1052 2708 
15907 4 0 1052 3094 2708 2985 
15908 4 0 839 417 3989 834 
15909 4 0 3173 3891 4368 3272 
15910 4 0 1180 3891 3173 3272 
15911 4 0 1761 1628 3606 2938 
15912 4 0 3525 4141 4282 3303 
15913 4 0 2703 4223 1061 2422 
15914 4 0 4170 303 4362 297 
15915 4 0 3571 1546 678 482 
15916 4 0 518 1546 678 2132 
15917 4 0 3919 4267 3742 1396 
15918 4 0 2668 194 3738 4190 
15919 4 0 43 58 49 2693 
15920 4 0 2742 1230 2106 1292 
15921 4 0 1087 545 3373 3429 
15922 4 0 1087 3373 2725 3429 
15923 4 0 1060 1748 2228 2761 
15924 4 0 3174 3356 4290 481 
15925 4 0 3703 3203 4393 3241 
15926 4 0 4417 1176 3157 3868 
15927 4 0 4220 1176 3157 4417 
15928 4 0 3600 1457 670 2895 
15929 4 0 3192 4196 2237 3504 
15930 4 0 3192 4196 4226 2237 
15931 4 0 3664 1352 2571 2804 
15932 4 0 2571 1352 3625 2804 
15933 4 0 4490 1844 3467 544 
15934 4 0 3132 4370 2638 2885 
15935 4 0 149 126 2726 1126 
15936 4 0 3556 3163 890 3847 
15937 4 0 439 4373 4346 3757 
15938 4 0 4420 2976 2168 534 
15939 4 0 4341 4467 433 1849 
15940 4 0 4341 1943 2272 433 
15941 4 0 4341 434 1943 433 
15942 4 0 2111 1422 2758 4690 
15943 4 0 1055 1507 2758 1422 
15944 4 0 3946 2493 3460 4641 
15945 4 0 381 3460 4641 3946 
15946 4 0 3363 3407 4310 1189 
15947 4 0 258 486 3983 1384 
15948 4 0 883 775 882 3348 
15949 4 0 2123 1029 2433 1360 
15950 4 0 3483 555 3048 1699 
15951 4 0 3522 580 4398 4512 
15952 4 0 2032 3123 2440 3890 
15953 4 0 4309 2440 3890 2032 
15954 4 0 3255 2748 3155 1208 
15955 4 0 3994 3852 4293 2988 
15956 4 0 2254 3142 2398 11 
15957 4 0 4091 3929 2559 3986 
15958 4 0 2172 3250 2979 2912 
15959 4 0 3378 2920 3253 4439 
15960 4 0 838 851 807 887 
15961 4 0 1013 887 807 851 
15962 4 0 249 227 1339 838 
15963 4 0 577 2635 4214 3596 
15964 4 0 3238 1012 3732 1319 
15965 4 0 3285 2658 3732 3238 
15966 4 0 3238 1034 1012 1319 
15967 4 0 1319 1246 3238 1034 
15968 4 0 3411 3723 3432 471 
15969 4 0 1192 2502 3119 1521 
15970 4 0 1702 3119 1191 1192 
15971 4 0 3941 4238 2485 1506 
15972 4 0 4261 1999 2475 2954 
15973 4 0 2296 2421 4174 2953 
15974 4 0 2314 3731 3054 4148 
15975 4 0 4051 1594 3295 1519 
15976 4 0 3199 2482 1024 1368 
15977 4 0 3407 3226 3650 270 
15978 4 0 2603 2460 1702 2502 
15979 4 0 117 2458 582 3060 
15980 4 0 4254 3978 4442 3714 
15981 4 0 2742 3994 4293 2988 
15982 4 0 1427 3513 4116 3793 
15983 4 0 3513 3793 1427 561 
15984 4 0 3079 4676 267 1673 
15985 4 0 2332 3712 4161 1521 
15986 4 0 1664 3712 4161 2332 
15987 4 0 2702 2332 4161 1521 
15988 4 0 2877 2839 3528 2383 
15989 4 0 3986 1926 3845 1695 
15990 4 0 2032 4418 3480 4163 
15991 4 0 1197 4233 2680 2541 
15992 4 0 2457 2422 1061 4223 
15993 4 0 597 1061 2457 2422 
15994 4 0 3605 1435 3948 1436 
15995 4 0 2530 2754 1346 2897 
15996 4 0 283 2207 1536 293 
15997 4 0 354 2445 315 350 
15998 4 0 354 315 2445 346 
15999 4 0 2529 2445 339 326 
16000 4 0 2052 3501 2262 2912 
16001 4 0 3459 2912 3501 2052 
16002 4 0 1665 531 3781 1394 
16003 4 0 186 773 519 170 
16004 4 0 3986 3595 1695 1500 
16005 4 0 4162 2508 4155 2550 
16006 4 0 3452 3949 1335 4654 
16007 4 0 3949 4654 3452 4637 
16008 4 0 2128 383 1659 141 
16009 4 0 2353 248 257 175 
16010 4 0 3202 2353 175 248 
16011 4 0 4238 3266 3256 3941 
16012 4 0 172 2338 404 2647 
16013 4 0 4554 4214 2811 2753 
16014 4 0 125 1590 507 145 
16015 4 0 3191 3047 3955 3364 
16016 4 0 3787 3047 3191 3364 
16017 4 0 4146 3855 4280 2846 
16018 4 0 4280 763 1697 2846 
16019 4 0 4337 3355 2588 1365 
16020 4 0 1365 2478 3665 3355 
16021 4 0 4263 3022 4275 2932 
16022 4 0 2629 2807 3172 3485 
16023 4 0 3172 4488 3585 3485 
16024 4 0 1636 3595 795 1695 
16025 4 0 1695 3595 795 1500 
16026 4 0 1338 1337 473 2578 
16027 4 0 2463 473 3934 2578 
16028 4 0 4390 3029 4270 183 
16029 4 0 4390 4270 169 183 
16030 4 0 3411 3211 4265 1151 
16031 4 0 2655 1434 3704 1445 
16032 4 0 1841 4654 3949 2853 
16033 4 0 2853 3403 3750 3897 
16034 4 0 3397 2643 3436 3096 
16035 4 0 3397 641 1329 3096 
16036 4 0 3994 1578 4293 3852 
16037 4 0 1375 4480 1955 4098 
16038 4 0 4156 3401 4480 1955 
16039 4 0 3479 4388 4157 4218 
16040 4 0 4388 4218 3479 407 
16041 4 0 2401 2177 2357 2830 
16042 4 0 2177 2830 2401 4177 
16043 4 0 2481 800 3502 2956 
16044 4 0 3171 4309 2202 3501 
16045 4 0 2455 1503 1484 1482 
16046 4 0 2961 2886 1461 3614 
16047 4 0 3724 3116 1518 3033 
16048 4 0 2615 1518 2205 3116 
16049 4 0 1110 4636 3244 3347 
16050 4 0 1323 3347 3244 4636 
16051 4 0 52 680 3965 2693 
16052 4 0 2927 4004 2940 4421 
16053 4 0 2940 4421 4351 2927 
16054 4 0 629 627 2949 632 
16055 4 0 628 627 2949 629 
16056 4 0 632 2949 3343 627 
16057 4 0 4631 2960 2827 1973 
16058 4 0 2960 2827 2589 4631 
16059 4 0 2991 2280 1835 4281 
16060 4 0 2991 2280 4281 975 
16061 4 0 2830 2760 2598 2357 
16062 4 0 60 3685 974 510 
16063 4 0 144 790 1428 3764 
16064 4 0 790 1428 977 144 
16065 4 0 103 3748 2446 2957 
16066 4 0 103 4180 2957 2446 
16067 4 0 3171 87 3092 3709 
16068 4 0 3098 3732 3238 1012 
16069 4 0 2692 3313 645 2667 
16070 4 0 3313 3239 645 2667 
16071 4 0 52 3965 3685 60 
16072 4 0 52 3685 3965 680 
16073 4 0 258 3927 1384 4250 
16074 4 0 2703 4224 4223 2422 
16075 4 0 2671 1663 2883 4231 
16076 4 0 3745 2425 3406 3675 
16077 4 0 4593 3351 1676 3669 
16078 4 0 4177 2401 4409 3161 
16079 4 0 4605 4611 4598 2164 
16080 4 0 1724 4605 2164 4611 
16081 4 0 4605 2164 3475 1724 
16082 4 0 4598 2164 3475 4605 
16083 4 0 195 3883 622 222 
16084 4 0 4417 3665 3355 4337 
16085 4 0 3462 1433 3042 3274 
16086 4 0 675 2705 109 97 
16087 4 0 109 2705 675 4465 
16088 4 0 109 4465 675 676 
16089 4 0 2066 1702 2502 3119 
16090 4 0 2561 4164 1702 1191 
16091 4 0 2961 3902 1461 3269 
16092 4 0 3269 3902 718 2961 
16093 4 0 718 3902 719 2961 
16094 4 0 3608 1311 2900 2497 
16095 4 0 2469 2497 2900 4217 
16096 4 0 929 1978 1556 2692 
16097 4 0 1724 3196 1807 3475 
16098 4 0 4609 3196 1724 3475 
16099 4 0 2627 3358 3765 2391 
16100 4 0 2923 3075 3632 4353 
16101 4 0 3613 3632 3075 4353 
16102 4 0 3479 2847 2972 2744 
16103 4 0 2424 1439 2448 1447 
16104 4 0 1447 2424 1439 1448 
16105 4 0 2424 2448 3044 1447 
16106 4 0 1598 3470 1454 2059 
16107 4 0 2059 3470 2792 1598 
16108 4 0 3342 1430 3594 4142 
16109 4 0 4142 1431 3594 3342 
16110 4 0 1790 4396 1791 414 
16111 4 0 4388 3610 407 3479 
16112 4 0 1333 1687 4424 4431 
16113 4 0 1067 1066 2514 1149 
16114 4 0 1066 2345 2514 1149 
16115 4 0 1149 4342 2345 2514 
16116 4 0 1149 4698 4342 2514 
16117 4 0 3849 515 3292 1575 
16118 4 0 3849 1724 3292 515 
16119 4 0 562 2543 250 2061 
16120 4 0 562 3521 250 2543 
16121 4 0 3122 864 4371 2264 
16122 4 0 1237 3658 3836 2284 
16123 4 0 3378 3231 869 3611 
16124 4 0 4315 3231 869 3378 
16125 4 0 258 3000 4191 3983 
16126 4 0 3785 2190 2587 4194 
16127 4 0 1147 3474 541 2982 
16128 4 0 1799 1117 3878 4155 
16129 4 0 2738 517 4336 3188 
16130 4 0 3412 2662 2738 517 
16131 4 0 4423 1391 4276 3329 
16132 4 0 4273 3113 1983 3449 
16133 4 0 3449 3113 4218 1773 
16134 4 0 2525 596 634 1392 
16135 4 0 2430 634 2525 596 
16136 4 0 2860 2022 4205 528 
16137 4 0 4309 1187 4163 4017 
16138 4 0 3198 1243 2011 4299 
16139 4 0 3564 4356 2229 3210 
16140 4 0 2229 3210 4356 4205 
16141 4 0 4602 516 4606 1834 
16142 4 0 4602 4606 516 4608 
16143 4 0 4606 2474 516 4608 
16144 4 0 227 1249 594 1339 
16145 4 0 4358 4534 576 3755 
16146 4 0 3766 66 3349 1733 
16147 4 0 2238 969 3304 2157 
16148 4 0 718 4568 570 3139 
16149 4 0 3139 2806 570 718 
16150 4 0 4285 2348 1710 1894 
16151 4 0 1710 4285 1894 1193 
16152 4 0 4285 1894 1193 3251 
16153 4 0 524 935 1767 1766 
16154 4 0 3008 3197 3929 4277 
16155 4 0 2972 3658 2424 2744 
16156 4 0 1728 2172 3454 4532 
16157 4 0 1227 3763 1581 1351 
16158 4 0 1581 1785 1351 3763 
16159 4 0 4091 3929 1499 3125 
16160 4 0 2916 3302 3967 502 
16161 4 0 1926 1636 2686 2911 
16162 4 0 4080 3751 1188 2218 
16163 4 0 1188 2971 2218 3751 
16164 4 0 1184 3138 474 4638 
16165 4 0 4684 3391 3337 365 
16166 4 0 3993 2433 1029 1360 
16167 4 0 3969 1732 3481 658 
16168 4 0 2520 3233 3298 1125 
16169 4 0 1626 2459 2885 4075 
16170 4 0 2941 1224 3990 4593 
16171 4 0 1403 1224 3990 2941 
16172 4 0 2836 2263 1292 3107 
16173 4 0 1159 2741 3330 3873 
16174 4 0 1030 4163 3752 3480 
16175 4 0 1030 3752 4163 4017 
16176 4 0 144 790 3764 1253 
16177 4 0 1253 790 166 144 
16178 4 0 3605 2954 3948 2275 
16179 4 0 2445 339 326 315 
16180 4 0 3035 1798 3221 2638 
16181 4 0 3937 4115 2944 4187 
16182 4 0 3544 3688 4326 884 
16183 4 0 2311 1797 2808 1216 
16184 4 0 1782 3050 3123 3482 
16185 4 0 1350 2519 436 3654 
16186 4 0 3330 1159 3027 2469 
16187 4 0 2469 4338 3027 3330 
16188 4 0 4238 4330 4655 3266 
16189 4 0 1876 1587 878 2420 
16190 4 0 3022 2581 4588 4587 
16191 4 0 1844 3486 3467 544 
16192 4 0 2971 2613 2926 2218 
16193 4 0 3751 2971 2218 2613 
16194 4 0 4349 965 1767 568 
16195 4 0 2524 2478 3355 2548 
16196 4 0 2827 1999 1669 2475 
16197 4 0 930 2222 3928 1637 
16198 4 0 2222 930 787 1637 
16199 4 0 4077 2710 3963 4451 
16200 4 0 4321 1349 3565 121 
16201 4 0 4599 3565 2723 121 
16202 4 0 121 3565 4321 4599 
16203 4 0 3473 1720 4668 3983 
16204 4 0 2921 999 2605 2915 
16205 4 0 3712 1517 3119 1521 
16206 4 0 971 772 2966 3588 
16207 4 0 971 3588 2966 3839 
16208 4 0 970 4559 2417 4359 
16209 4 0 970 4359 1467 4559 
16210 4 0 524 1767 936 965 
16211 4 0 4233 2780 3301 3614 
16212 4 0 52 60 3685 3243 
16213 4 0 4365 1004 384 1000 
16214 4 0 2135 2991 2690 1611 
16215 4 0 2135 2804 3625 1611 
16216 4 0 417 207 1092 221 
16217 4 0 4000 427 1393 1043 
16218 4 0 4253 2644 1589 865 
16219 4 0 4259 1567 3856 3807 
16220 4 0 1298 1567 3807 3856 
16221 4 0 2635 1200 4214 4554 
16222 4 0 1123 412 1118 995 
16223 4 0 1856 4213 2520 3716 
16224 4 0 4091 2559 3929 3125 
16225 4 0 2548 3009 2478 2133 
16226 4 0 4311 1482 2455 3344 
16227 4 0 3273 22 3503 2970 
16228 4 0 1092 2577 839 2608 
16229 4 0 238 1092 839 2608 
16230 4 0 1296 2932 4160 4384 
16231 4 0 1445 2655 2717 1444 
16232 4 0 1733 3455 2874 4574 
16233 4 0 527 1010 625 3299 
16234 4 0 633 3299 1259 625 
16235 4 0 633 3299 625 1010 
16236 4 0 373 1103 2173 1752 
16237 4 0 1752 2173 373 4306 
16238 4 0 1752 4306 373 1688 
16239 4 0 1688 1752 4436 373 
16240 4 0 373 1752 4436 1103 
16241 4 0 25 1108 33 550 
16242 4 0 3176 1108 25 550 
16243 4 0 2168 3522 4512 534 
16244 4 0 839 834 3989 4003 
16245 4 0 3805 4003 834 839 
16246 4 0 2981 4003 834 3805 
16247 4 0 2678 2544 4147 1267 
16248 4 0 2664 552 1360 3050 
16249 4 0 859 467 3556 4226 
16250 4 0 633 2949 1010 632 
16251 4 0 2949 632 633 629 
16252 4 0 3819 2097 3477 2734 
16253 4 0 3190 3285 850 1319 
16254 4 0 3456 4219 2653 4029 
16255 4 0 4219 3456 2653 2501 
16256 4 0 1083 1796 4061 3911 
16257 4 0 839 4061 3843 1906 
16258 4 0 3132 4389 2546 1629 
16259 4 0 2546 3132 3707 4389 
16260 4 0 3707 4075 4389 3132 
16261 4 0 2546 3707 1762 4389 
16262 4 0 3144 3219 2676 1969 
16263 4 0 1069 28 687 37 
16264 4 0 1069 37 687 1397 
16265 4 0 687 28 1069 19 
16266 4 0 689 3205 3551 80 
16267 4 0 2159 81 689 80 
16268 4 0 1523 4476 3518 4397 
16269 4 0 4328 552 1781 2980 
16270 4 0 2980 4328 552 871 
16271 4 0 3995 3542 2649 2268 
16272 4 0 3477 1008 2097 3223 
16273 4 0 4026 2531 1431 3342 
16274 4 0 2128 4295 383 2912 
16275 4 0 4295 2912 2128 3095 
16276 4 0 2615 3534 2205 3585 
16277 4 0 3534 3485 2205 3585 
16278 4 0 439 3281 4325 1387 
16279 4 0 3891 3389 4213 3723 
16280 4 0 1180 1306 1186 3389 
16281 4 0 1180 1301 3389 3723 
16282 4 0 2089 2425 3129 3932 
16283 4 0 4293 4455 2742 3169 
16284 4 0 4293 1230 2742 4455 
16285 4 0 4588 4016 4410 4333 
16286 4 0 1176 4417 2913 2873 
16287 4 0 4417 3665 2888 2873 
16288 4 0 2511 2758 1055 3003 
16289 4 0 2923 4229 3075 4217 
16290 4 0 2923 4229 4217 1311 
16291 4 0 2982 1145 2984 1147 
16292 4 0 2265 2796 3090 2705 
16293 4 0 3090 2796 2265 3920 
16294 4 0 2548 3414 201 226 
16295 4 0 3355 201 2524 2548 
16296 4 0 845 1442 405 2647 
16297 4 0 2448 2038 872 2481 
16298 4 0 4433 1118 412 4098 
16299 4 0 1955 412 4098 4433 
16300 4 0 1713 3783 3222 2715 
16301 4 0 3301 4233 2835 2780 
16302 4 0 2668 3738 3878 4190 
16303 4 0 3908 1181 3447 3049 
16304 4 0 1700 2914 3045 3895 
16305 4 0 3045 1700 3653 2914 
16306 4 0 4276 3264 1391 2444 
16307 4 0 10 8 2019 3584 
16308 4 0 2019 10 3584 3596 
16309 4 0 3618 3826 3238 2583 
16310 4 0 2898 4576 2290 1573 
16311 4 0 3677 2467 2501 3005 
16312 4 0 3576 2483 1698 1694 
16313 4 0 3518 4051 1594 3760 
16314 4 0 1556 1978 929 3354 
16315 4 0 3554 3621 1913 1501 
16316 4 0 1662 2202 4295 3501 
16317 4 0 3171 3501 2202 1662 
16318 4 0 2731 3589 2276 3591 
16319 4 0 3591 2731 3306 2276 
16320 4 0 1266 1359 2644 4253 
16321 4 0 970 973 2417 2601 
16322 4 0 772 2450 1890 2922 
16323 4 0 1551 1890 772 2450 
16324 4 0 2550 2998 3572 1620 
16325 4 0 2456 439 2687 4373 
16326 4 0 4373 2456 4107 2687 
16327 4 0 3102 2877 3081 3180 
16328 4 0 2947 2540 1621 3552 
16329 4 0 3552 2947 2422 3708 
16330 4 0 2540 2947 2422 3552 
16331 4 0 4332 2595 2470 2745 
16332 4 0 2853 4255 993 3897 
16333 4 0 3114 3784 1308 4372 
16334 4 0 2217 3024 1544 1150 
16335 4 0 3913 2935 296 2347 
16336 4 0 2563 340 330 3417 
16337 4 0 2915 1020 999 3088 
16338 4 0 3250 94 2979 3095 
16339 4 0 1438 1447 3167 2448 
16340 4 0 4698 1337 3461 3934 
16341 4 0 629 628 4379 2949 
16342 4 0 629 2949 4379 633 
16343 4 0 3930 1574 2051 3025 
16344 4 0 4432 1582 1231 3165 
16345 4 0 433 3023 2272 4341 
16346 4 0 3568 3919 3742 3511 
16347 4 0 1572 383 141 844 
16348 4 0 2591 931 760 349 
16349 4 0 1798 2551 4304 2638 
16350 4 0 3608 1311 2497 1631 
16351 4 0 1311 4278 2497 1631 
16352 4 0 3608 2497 2528 1631 
16353 4 0 2497 3375 1631 4278 
16354 4 0 2497 3375 4278 1715 
16355 4 0 3375 1631 2528 2497 
16356 4 0 1461 2780 3614 2886 
16357 4 0 3581 1082 185 1001 
16358 4 0 2600 2232 3334 3131 
16359 4 0 3192 640 2237 2101 
16360 4 0 158 2723 4610 844 
16361 4 0 1450 2374 1189 621 
16362 4 0 2374 1450 1189 2062 
16363 4 0 3067 3059 3443 3559 
16364 4 0 3297 2772 1513 4141 
16365 4 0 180 1096 1143 3532 
16366 4 0 1461 4269 2886 2961 
16367 4 0 283 615 1020 274 
16368 4 0 283 1020 615 1285 
16369 4 0 4357 407 1772 1773 
16370 4 0 3173 1180 3272 4689 
16371 4 0 3092 3171 4309 3195 
16372 4 0 1559 4309 2202 3195 
16373 4 0 4135 1074 870 2484 
16374 4 0 3927 1384 4250 3473 
16375 4 0 2781 3234 3436 2643 
16376 4 0 3519 3447 1300 1305 
16377 4 0 3447 1305 2712 1300 
16378 4 0 3743 4586 3880 1569 
16379 4 0 2562 10 2753 3553 
16380 4 0 2753 17 10 3579 
16381 4 0 17 2753 10 3553 
16382 4 0 975 3025 4281 3930 
16383 4 0 4281 3930 3025 2558 
16384 4 0 2280 3025 4281 975 
16385 4 0 1048 2708 827 2990 
16386 4 0 827 4195 2990 2708 
16387 4 0 2937 349 2563 3417 
16388 4 0 2567 21 2317 12 
16389 4 0 4160 1296 4384 2916 
16390 4 0 3651 2436 101 1568 
16391 4 0 2445 309 315 296 
16392 4 0 1540 296 2445 315 
16393 4 0 1540 315 2445 3140 
16394 4 0 1755 1191 3260 3119 
16395 4 0 3048 555 2586 3904 
16396 4 0 3956 3904 1778 3048 
16397 4 0 528 1494 4385 3647 
16398 4 0 1437 2827 569 1438 
16399 4 0 379 618 1527 164 
16400 4 0 3049 3447 3908 3506 
16401 4 0 4574 66 3766 1733 
16402 4 0 3449 4218 4630 4388 
16403 4 0 2801 4218 4388 4630 
16404 4 0 4014 2498 536 1974 
16405 4 0 2498 2165 3851 536 
16406 4 0 1800 2940 4421 4351 
16407 4 0 627 3319 2029 1409 
16408 4 0 2237 2101 642 3192 
16409 4 0 4380 4680 3525 3297 
16410 4 0 2675 2349 1421 2379 
16411 4 0 1421 2675 2379 2974 
16412 4 0 2974 4154 2379 1421 
16413 4 0 3451 2452 2698 2756 
16414 4 0 190 1283 379 4626 
16415 4 0 1520 877 2006 4199 
16416 4 0 4360 3933 3866 2903 
16417 4 0 3458 934 4242 3610 
16418 4 0 150 169 4390 4270 
16419 4 0 150 3919 4270 4390 
16420 4 0 3991 571 2336 3493 
16421 4 0 120 3544 884 3174 
16422 4 0 2644 1624 865 161 
16423 4 0 868 2644 1417 1801 
16424 4 0 2278 863 2927 2697 
16425 4 0 2828 2059 1246 992 
16426 4 0 2621 4219 3217 3210 
16427 4 0 3500 3440 163 140 
16428 4 0 1063 4306 1065 497 
16429 4 0 2559 4407 4254 2612 
16430 4 0 2912 2979 141 3095 
16431 4 0 2219 4141 4282 4329 
16432 4 0 3303 4141 4282 392 
16433 4 0 3600 2485 1097 4448 
16434 4 0 1097 2485 1506 4448 
16435 4 0 4434 2716 4392 4422 
16436 4 0 4277 3197 1583 4289 
16437 4 0 3008 4289 3197 4277 
16438 4 0 1689 3631 4109 3656 
16439 4 0 1454 1318 992 2059 
16440 4 0 2828 2059 3190 1246 
16441 4 0 1215 1234 2324 2638 
16442 4 0 4330 529 4655 3266 
16443 4 0 2853 2771 3298 1037 
16444 4 0 395 3893 1756 1532 
16445 4 0 2589 1670 1771 1010 
16446 4 0 534 4545 572 4520 
16447 4 0 3937 2944 4115 4023 
16448 4 0 266 259 3515 1796 
16449 4 0 3515 259 1585 1796 
16450 4 0 1609 3911 3843 561 
16451 4 0 1609 4036 3843 3911 
16452 4 0 2226 1047 2752 1200 
16453 4 0 2662 2244 804 49 
16454 4 0 3445 3412 2022 2191 
16455 4 0 4495 4027 3307 4572 
16456 4 0 4572 4275 4027 3307 
16457 4 0 3446 3670 4347 1170 
16458 4 0 3425 3670 3446 3698 
16459 4 0 244 3911 1585 1796 
16460 4 0 839 3911 1585 2702 
16461 4 0 259 244 1585 1796 
16462 4 0 1796 1585 839 3911 
16463 4 0 4222 3045 3796 2862 
16464 4 0 4222 3045 3653 3485 
16465 4 0 395 4479 1756 4397 
16466 4 0 4476 3760 4397 4479 
16467 4 0 4586 3749 3743 443 
16468 4 0 3880 4586 443 3771 
16469 4 0 644 3332 3935 2323 
16470 4 0 1698 3576 3430 2483 
16471 4 0 3962 3410 4475 501 
16472 4 0 3962 3410 4541 4475 
16473 4 0 1365 1524 231 3665 
16474 4 0 1365 3665 231 213 
16475 4 0 2867 3538 3253 4324 
16476 4 0 582 2767 136 150 
16477 4 0 3389 1301 398 3723 
16478 4 0 3113 1392 596 2525 
16479 4 0 3119 3256 4106 3260 
16480 4 0 3668 2821 4441 4694 
16481 4 0 70 3965 60 3685 
16482 4 0 3965 2166 3685 70 
16483 4 0 3128 836 3385 3303 
16484 4 0 3385 808 4221 2251 
16485 4 0 816 3678 2386 3890 
16486 4 0 1847 2765 159 4617 
16487 4 0 868 151 469 181 
16488 4 0 868 181 469 2644 
16489 4 0 1880 1665 2899 2837 
16490 4 0 2837 2899 1880 1614 
16491 4 0 3044 3658 1237 2424 
16492 4 0 2992 3848 199 225 
16493 4 0 2019 8 360 3584 
16494 4 0 615 3350 1020 274 
16495 4 0 217 1178 4695 3785 
16496 4 0 2711 2925 2615 3585 
16497 4 0 689 3131 3551 3205 
16498 4 0 3797 1728 3047 4532 
16499 4 0 3797 4532 3047 4232 
16500 4 0 1048 2708 1052 827 
16501 4 0 794 2748 3155 2268 
16502 4 0 1583 4289 3197 3185 
16503 4 0 4400 3492 4376 4383 
16504 4 0 3917 3889 839 4003 
16505 4 0 3917 4061 839 3889 
16506 4 0 1411 4233 3409 3383 
16507 4 0 4233 3383 2063 3409 
16508 4 0 3409 2569 4233 1411 
16509 4 0 4397 1523 1756 3518 
16510 4 0 219 1673 4372 240 
16511 4 0 383 4295 2128 2225 
16512 4 0 3952 2585 389 2396 
16513 4 0 1121 389 3952 2585 
16514 4 0 1094 2187 3635 3768 
16515 4 0 2665 1104 804 3726 
16516 4 0 2063 2569 3409 3620 
16517 4 0 3409 2569 2063 4233 
16518 4 0 2992 3331 2509 225 
16519 4 0 3653 4422 1700 4392 
16520 4 0 3694 4478 2914 3895 
16521 4 0 3694 4434 1700 4422 
16522 4 0 3299 2137 1287 1408 
16523 4 0 1408 1287 3299 2730 
16524 4 0 401 347 3212 337 
16525 4 0 3475 2571 1348 1945 
16526 4 0 118 973 4524 469 
16527 4 0 118 881 973 469 
16528 4 0 118 4524 973 4359 
16529 4 0 120 3544 3174 3141 
16530 4 0 2369 101 705 3141 
16531 4 0 904 3547 2399 2325 
16532 4 0 3295 1594 3116 1519 
16533 4 0 813 4354 4032 4183 
16534 4 0 3941 4238 3266 2485 
16535 4 0 3423 3725 665 2672 
16536 4 0 2279 4191 4369 1595 
16537 4 0 2691 4467 4341 1849 
16538 4 0 434 724 4341 1943 
16539 4 0 743 3525 3303 3128 
16540 4 0 265 1021 3061 2694 
16541 4 0 3142 9 19 2398 
16542 4 0 3332 3935 1456 530 
16543 4 0 4608 4237 516 4602 
16544 4 0 2323 3887 1456 3935 
16545 4 0 2323 3935 1456 3332 
16546 4 0 3739 2164 4610 4599 
16547 4 0 1507 4142 1055 3003 
16548 4 0 1055 3003 2758 1507 
16549 4 0 4460 3002 1578 1231 
16550 4 0 4512 4398 2168 4523 
16551 4 0 1393 4152 4000 4406 
16552 4 0 1295 4406 4000 4152 
16553 4 0 254 4373 2733 2687 
16554 4 0 3190 2828 850 1013 
16555 4 0 1013 3190 887 850 
16556 4 0 549 266 3515 1796 
16557 4 0 4384 2916 3302 2640 
16558 4 0 4267 117 4270 2458 
16559 4 0 2262 3501 1662 4295 
16560 4 0 3648 722 34 3041 
16561 4 0 1275 919 3151 491 
16562 4 0 919 3151 3915 1275 
16563 4 0 2956 2448 3044 2424 
16564 4 0 2448 3044 2038 2956 
16565 4 0 2424 2956 1237 3044 
16566 4 0 3260 2006 4268 1520 
16567 4 0 1352 1347 1348 1945 
16568 4 0 1352 3625 1347 1945 
16569 4 0 2563 2937 3417 1536 
16570 4 0 883 3348 881 469 
16571 4 0 973 3348 469 881 
16572 4 0 4465 1016 4456 3513 
16573 4 0 3180 813 3102 2576 
16574 4 0 274 1536 1539 2563 
16575 4 0 1403 1161 1160 771 
16576 4 0 2520 1886 3814 1884 
16577 4 0 3814 1884 1125 2520 
16578 4 0 895 2295 4264 3850 
16579 4 0 2359 892 3155 4264 
16580 4 0 877 3256 2006 4199 
16581 4 0 2332 2702 1354 3569 
16582 4 0 2789 1882 4006 2396 
16583 4 0 1854 1181 3401 3908 
16584 4 0 3447 3401 1181 3908 
16585 4 0 3850 3255 3030 112 
16586 4 0 4265 1068 3411 3717 
16587 4 0 2944 4115 3219 2496 
16588 4 0 3385 4380 3525 2251 
16589 4 0 4053 4277 4474 3152 
16590 4 0 3152 4277 3929 3197 
16591 4 0 3756 3545 2618 2430 
16592 4 0 2618 3545 4273 3113 
16593 4 0 3921 4009 3893 4024 
16594 4 0 4683 3638 3799 4437 
16595 4 0 3799 3638 4384 4437 
16596 4 0 4437 4683 2790 3799 
16597 4 0 2379 3799 4437 2790 
16598 4 0 2903 4360 533 3866 
16599 4 0 4138 4114 4290 3356 
16600 4 0 1427 3038 4116 3513 
16601 4 0 185 213 2588 1365 
16602 4 0 4088 185 1624 2644 
16603 4 0 185 1365 2644 4088 
16604 4 0 4215 3903 2504 3790 
16605 4 0 1498 4280 1694 4146 
16606 4 0 3035 1798 3586 2397 
16607 4 0 4381 4265 4391 3411 
16608 4 0 682 42 3508 3553 
16609 4 0 42 3508 51 682 
16610 4 0 201 3355 183 3414 
16611 4 0 1943 414 1791 1554 
16612 4 0 2943 2953 439 3757 
16613 4 0 2704 2698 3451 3240 
16614 4 0 3203 2730 1287 3899 
16615 4 0 3203 3899 620 2730 
16616 4 0 114 2477 3500 140 
16617 4 0 4482 3473 4034 2942 
16618 4 0 4034 4464 4482 2942 
16619 4 0 2642 599 3770 4452 
16620 4 0 509 3460 2296 4641 
16621 4 0 529 1664 4655 3266 
16622 4 0 4250 1384 258 3983 
16623 4 0 4250 1384 3983 3473 
16624 4 0 1191 1517 3119 1755 
16625 4 0 2561 1191 3260 3951 
16626 4 0 2514 4698 473 4447 
16627 4 0 4048 3203 2252 4484 
16628 4 0 1727 2818 2540 3466 
16629 4 0 3983 622 2539 1272 
16630 4 0 2558 3527 1834 4606 
16631 4 0 3020 3690 3383 3222 
16632 4 0 4333 3516 4262 3831 
16633 4 0 330 3417 3143 1536 
16634 4 0 330 2563 3417 1536 
16635 4 0 4558 4559 1419 970 
16636 4 0 4203 1586 3119 3260 
16637 4 0 877 3260 3256 1586 
16638 4 0 3442 2757 4217 953 
16639 4 0 2469 1784 4217 2900 
16640 4 0 231 251 1075 3665 
16641 4 0 3113 3438 4273 2618 
16642 4 0 1516 4570 2874 940 
16643 4 0 4627 2659 3319 2029 
16644 4 0 4627 2659 998 3319 
16645 4 0 868 2644 1801 865 
16646 4 0 2644 181 161 868 
16647 4 0 2644 161 865 868 
16648 4 0 676 4465 3513 1016 
16649 4 0 2190 3785 2597 3800 
16650 4 0 3800 3785 262 3103 
16651 4 0 3911 244 840 209 
16652 4 0 4361 644 3935 2323 
16653 4 0 3451 2698 1652 3240 
16654 4 0 3082 933 765 2275 
16655 4 0 626 4350 3559 3343 
16656 4 0 4545 4520 143 572 
16657 4 0 4515 4520 572 143 
16658 4 0 3251 1533 1894 3260 
16659 4 0 3251 1533 3260 1520 
16660 4 0 2964 4301 4318 2346 
16661 4 0 4565 432 3464 4428 
16662 4 0 4506 547 3229 4189 
16663 4 0 966 3637 4273 3756 
16664 4 0 2817 3688 2855 4326 
16665 4 0 2643 3696 4043 3234 
16666 4 0 928 538 1908 3487 
16667 4 0 928 1908 1366 3487 
16668 4 0 3049 1181 3447 1305 
16669 4 0 3233 2935 1119 3913 
16670 4 0 3913 2935 1119 3472 
16671 4 0 1467 970 4559 4558 
16672 4 0 1089 3850 4252 2359 
16673 4 0 4252 3850 89 2359 
16674 4 0 529 2982 4443 2608 
16675 4 0 2982 2577 4443 2608 
16676 4 0 4443 2577 1092 2608 
16677 4 0 528 2860 1102 4385 
16678 4 0 2388 806 1102 2022 
16679 4 0 1880 2837 1614 2903 
16680 4 0 2436 2601 2746 3141 
16681 4 0 2258 3823 4310 3326 
16682 4 0 4310 621 3823 2258 
16683 4 0 2249 2231 4427 2956 
16684 4 0 1237 2956 4427 2231 
16685 4 0 2282 3503 1488 2970 
16686 4 0 2282 3503 3273 2267 
16687 4 0 1513 3297 4680 1150 
16688 4 0 1102 806 2860 2022 
16689 4 0 2814 2022 806 4210 
16690 4 0 2022 2388 806 4210 
16691 4 0 2455 1503 1482 4311 
16692 4 0 428 1573 2802 2290 
16693 4 0 1779 2576 813 4354 
16694 4 0 4354 3616 1779 2576 
16695 4 0 2969 2820 2233 1263 
16696 4 0 2098 2056 1057 1065 
16697 4 0 2106 1298 4121 4475 
16698 4 0 2520 1886 3716 4367 
16699 4 0 1886 2520 3814 4367 
16700 4 0 2612 4407 1696 4091 
16701 4 0 2772 2060 2340 3297 
16702 4 0 3233 3333 4367 2520 
16703 4 0 4391 3432 3723 4625 
16704 4 0 3621 3554 3595 4345 
16705 4 0 1636 795 3595 4345 
16706 4 0 3540 2991 1347 1787 
16707 4 0 2217 2799 2772 2060 
16708 4 0 4261 1999 2312 2475 
16709 4 0 1782 2032 3482 3123 
16710 4 0 4126 427 4152 4540 
16711 4 0 3787 3047 3797 4225 
16712 4 0 4225 3047 3191 3787 
16713 4 0 265 1021 2694 252 
16714 4 0 1193 4268 1520 3251 
16715 4 0 547 3300 3229 4189 
16716 4 0 87 3709 100 1187 
16717 4 0 4017 3709 4309 1187 
16718 4 0 4114 3356 1625 4290 
16719 4 0 1043 3582 4096 3978 
16720 4 0 3329 1042 4423 1391 
16721 4 0 4590 3219 4023 4115 
16722 4 0 2591 330 3143 325 
16723 4 0 1344 4117 3911 1343 
16724 4 0 3911 4117 1344 3439 
16725 4 0 174 190 1105 559 
16726 4 0 1105 559 3440 174 
16727 4 0 1385 2181 3524 2873 
16728 4 0 3302 2916 4384 502 
16729 4 0 2916 1296 4384 502 
16730 4 0 382 4124 834 2314 
16731 4 0 2029 3319 627 2435 
16732 4 0 3677 494 3874 3832 
16733 4 0 4183 3180 4032 813 
16734 4 0 4466 382 834 207 
16735 4 0 834 382 417 207 
16736 4 0 292 4130 3267 300 
16737 4 0 2292 2701 3809 3026 
16738 4 0 4369 4191 3983 4250 
16739 4 0 701 834 3879 832 
16740 4 0 108 2202 1662 3171 
16741 4 0 4155 1616 4162 387 
16742 4 0 2314 4260 504 116 
16743 4 0 2674 3727 93 3193 
16744 4 0 2032 4418 2440 3123 
16745 4 0 4401 2712 4143 1464 
16746 4 0 1729 3174 3302 1568 
16747 4 0 3289 4364 1632 3335 
16748 4 0 1316 3752 3480 1030 
16749 4 0 1271 2714 2775 1270 
16750 4 0 2238 3912 969 3603 
16751 4 0 3097 2436 2601 2746 
16752 4 0 3231 3253 4315 3538 
16753 4 0 2282 4339 1104 2244 
16754 4 0 4177 2147 2945 3652 
16755 4 0 2859 4369 3357 1952 
16756 4 0 3357 4369 3218 1952 
16757 4 0 1156 3255 475 2993 
16758 4 0 1208 3255 2993 475 
16759 4 0 724 4341 2691 4467 
16760 4 0 3165 1582 1041 4432 
16761 4 0 3075 1783 1961 3632 
16762 4 0 2633 3687 2681 1370 
16763 4 0 3411 3717 1068 3723 
16764 4 0 4625 1180 3723 1301 
16765 4 0 865 2644 1589 1624 
16766 4 0 4330 2485 1093 2982 
16767 4 0 1097 2485 1093 4330 
16768 4 0 3646 2358 3613 3442 
16769 4 0 1091 3520 4158 1153 
16770 4 0 934 3458 4632 3691 
16771 4 0 4434 1532 3893 3694 
16772 4 0 3893 4434 1756 1532 
16773 4 0 2996 3833 1558 927 
16774 4 0 2996 3833 3959 1558 
16775 4 0 569 2827 1973 1438 
16776 4 0 1973 2960 2827 569 
16777 4 0 504 3376 709 98 
16778 4 0 3986 3929 3674 1499 
16779 4 0 3990 771 4593 4596 
16780 4 0 1782 1029 2032 3480 
16781 4 0 2032 1782 1360 1029 
16782 4 0 1955 4433 1686 4424 
16783 4 0 3037 3671 1992 1045 
16784 4 0 3989 834 207 4466 
16785 4 0 417 3989 207 549 
16786 4 0 3989 417 207 834 
16787 4 0 3174 2369 3141 1568 
16788 4 0 705 2369 3141 120 
16789 4 0 3141 2369 101 1568 
16790 4 0 3917 1796 839 4061 
16791 4 0 839 3911 4061 1796 
16792 4 0 3779 3003 1055 4142 
16793 4 0 1740 4441 4026 2821 
16794 4 0 2615 3033 1518 3116 
16795 4 0 4470 1041 3165 3801 
16796 4 0 4541 4470 4432 3165 
16797 4 0 3170 1504 741 3725 
16798 4 0 1856 4213 3716 4368 
16799 4 0 3140 315 326 318 
16800 4 0 2391 1885 3321 385 
16801 4 0 3765 1885 2391 603 
16802 4 0 3694 3895 2914 1700 
16803 4 0 1548 4474 3152 1531 
16804 4 0 2493 4641 2296 3460 
16805 4 0 3215 1160 790 1428 
16806 4 0 1420 1160 3215 1428 
16807 4 0 4034 3473 4482 4472 
16808 4 0 3863 1396 4253 3877 
16809 4 0 2740 3993 3783 1313 
16810 4 0 2736 3974 1380 4287 
16811 4 0 3915 4287 4469 1275 
16812 4 0 4469 3865 4287 3915 
16813 4 0 3443 3067 3559 1754 
16814 4 0 87 3171 3092 108 
16815 4 0 4196 467 2237 1329 
16816 4 0 89 2359 3850 4264 
16817 4 0 3971 4050 1532 1705 
16818 4 0 4050 3893 1532 4009 
16819 4 0 1532 4050 3971 2713 
16820 4 0 1532 4050 395 3893 
16821 4 0 3893 4009 3921 1532 
16822 4 0 3736 3329 1042 2869 
16823 4 0 3449 4218 4357 1773 
16824 4 0 377 1343 1344 2829 
16825 4 0 541 4443 529 2982 
16826 4 0 4443 2982 541 3474 
16827 4 0 777 2542 3726 2282 
16828 4 0 2772 4429 2060 2799 
16829 4 0 3316 3433 3387 4570 
16830 4 0 4470 3801 4000 1043 
16831 4 0 3000 4191 3983 4369 
16832 4 0 2279 4191 3000 4369 
16833 4 0 4116 1344 3513 4127 
16834 4 0 1565 177 195 913 
16835 4 0 222 195 3883 1565 
16836 4 0 195 913 3883 1565 
16837 4 0 4559 1419 3215 1420 
16838 4 0 1420 1419 3215 1160 
16839 4 0 2048 2576 2980 1780 
16840 4 0 3943 3953 29 2682 
16841 4 0 29 1217 15 2682 
16842 4 0 4000 1043 1393 4470 
16843 4 0 2569 4233 2680 1197 
16844 4 0 4445 1674 2510 798 
16845 4 0 4218 407 4388 4357 
16846 4 0 4212 4177 4409 3953 
16847 4 0 1041 983 3801 4442 
16848 4 0 4213 3389 3891 1186 
16849 4 0 3891 3389 1180 1186 
16850 4 0 4354 3046 1779 3616 
16851 4 0 3866 1880 2903 3933 
16852 4 0 4282 2219 1603 4109 
16853 4 0 4109 2219 1603 3656 
16854 4 0 3935 2323 3887 4361 
16855 4 0 3553 17 42 10 
16856 4 0 3553 42 8 10 
16857 4 0 4401 2712 4429 1300 
16858 4 0 4429 2712 2060 1305 
16859 4 0 3428 1362 3536 4211 
16860 4 0 3087 4211 3812 3536 
16861 4 0 490 1379 4139 1274 
16862 4 0 4384 3638 1296 4437 
16863 4 0 3694 1532 3893 3921 
16864 4 0 3921 3893 3694 4024 
16865 4 0 4465 2705 2165 2498 
16866 4 0 2796 2498 2705 2265 
16867 4 0 3473 4482 1720 2942 
16868 4 0 4482 2942 4464 1379 
16869 4 0 3165 1041 4470 4432 
16870 4 0 1718 4049 3620 1072 
16871 4 0 3620 1718 4364 4049 
16872 4 0 3418 415 3198 3900 
16873 4 0 211 2055 4250 1595 
16874 4 0 211 729 4250 2850 
16875 4 0 242 2366 2107 220 
16876 4 0 863 2278 3486 861 
16877 4 0 4439 724 3378 2920 
16878 4 0 3611 724 4439 2691 
16879 4 0 2920 4341 4439 724 
16880 4 0 2911 1636 1918 484 
16881 4 0 670 3710 1369 2843 
16882 4 0 3952 1122 389 1121 
16883 4 0 3976 1044 4394 1168 
16884 4 0 1926 1168 4394 4403 
16885 4 0 4290 4112 4138 3638 
16886 4 0 4222 3485 3534 3574 
16887 4 0 3485 4488 3574 4222 
16888 4 0 3616 2664 1781 4328 
16889 4 0 4328 1781 3616 2980 
16890 4 0 4401 2712 4056 4143 
16891 4 0 1763 4373 4346 439 
16892 4 0 4207 3831 1648 3516 
16893 4 0 4512 2168 534 4420 
16894 4 0 4668 1384 910 3473 
16895 4 0 486 4668 3983 1384 
16896 4 0 4049 3754 3620 1072 
16897 4 0 2773 4479 3733 1615 
16898 4 0 2684 2928 4549 499 
16899 4 0 3030 4252 1208 3850 
16900 4 0 1521 841 1190 2702 
16901 4 0 2332 3569 841 2702 
16902 4 0 2332 841 1521 2702 
16903 4 0 3472 2935 296 3913 
16904 4 0 4384 502 1729 3302 
16905 4 0 1221 3274 765 3704 
16906 4 0 4171 1709 2348 2884 
16907 4 0 2348 1709 1894 2884 
16908 4 0 3492 2220 4400 1210 
16909 4 0 69 43 2693 58 
16910 4 0 4681 1464 4143 2712 
16911 4 0 4363 4022 3061 235 
16912 4 0 4363 235 3061 265 
16913 4 0 3167 3044 2448 1447 
16914 4 0 4170 297 4450 288 
16915 4 0 3350 288 4170 4450 
16916 4 0 2657 3303 4282 392 
16917 4 0 470 202 4325 1387 
16918 4 0 1782 552 1360 2123 
16919 4 0 1782 2123 1360 1029 
16920 4 0 4077 4019 4451 3963 
16921 4 0 737 3950 4462 1858 
16922 4 0 907 3950 4462 737 
16923 4 0 3544 4185 2817 2601 
16924 4 0 2328 639 1203 4452 
16925 4 0 3299 1259 2137 1408 
16926 4 0 3299 625 2137 1259 
16927 4 0 2756 3306 2731 3451 
16928 4 0 1275 491 3974 4227 
16929 4 0 3151 3974 4287 1275 
16930 4 0 1380 1275 3974 4125 
16931 4 0 4287 3974 1380 1275 
16932 4 0 2612 4442 3530 1171 
16933 4 0 1729 4384 3638 502 
16934 4 0 877 3260 1520 2006 
16935 4 0 17 3553 27 2753 
16936 4 0 2935 3539 3472 296 
16937 4 0 2359 121 1090 892 
16938 4 0 3809 998 4627 2659 
16939 4 0 4267 117 2458 95 
16940 4 0 4267 2458 3748 95 
16941 4 0 723 1944 1228 2768 
16942 4 0 723 3276 3655 1228 
16943 4 0 983 3530 3801 4442 
16944 4 0 1880 2903 1614 3894 
16945 4 0 3894 3866 1880 2903 
16946 4 0 1969 2319 2676 3144 
16947 4 0 3144 2319 2676 2163 
16948 4 0 4170 297 4362 4450 
16949 4 0 389 3826 1035 2583 
16950 4 0 1120 1035 1121 3826 
16951 4 0 3776 2232 3131 3205 
16952 4 0 1653 1654 3770 2462 
16953 4 0 4294 3696 2491 3234 
16954 4 0 3196 4609 1724 3292 
16955 4 0 872 3118 4062 4245 
16956 4 0 1740 4313 4441 3667 
16957 4 0 234 567 1454 1598 
16958 4 0 2727 3400 2943 2901 
16959 4 0 2901 2943 2421 439 
16960 4 0 52 3965 60 2693 
16961 4 0 60 43 52 2693 
16962 4 0 572 4513 143 962 
16963 4 0 1222 2554 2805 4408 
16964 4 0 4682 4138 3174 3356 
16965 4 0 4344 3904 3956 3048 
16966 4 0 2706 914 478 2710 
16967 4 0 2710 914 478 4139 
16968 4 0 182 204 1132 4182 
16969 4 0 4386 4021 2768 1944 
16970 4 0 2263 2844 4455 1297 
16971 4 0 4335 3746 4382 465 
16972 4 0 3764 3164 3931 1428 
16973 4 0 226 2834 241 3414 
16974 4 0 340 330 2591 2552 
16975 4 0 1279 3883 1565 222 
16976 4 0 3433 3219 4023 3144 
16977 4 0 1729 3174 4682 3638 
16978 4 0 2249 2956 4393 4279 
16979 4 0 1042 3329 2978 2556 
16980 4 0 3329 1042 2978 4423 
16981 4 0 91 4020 4559 2417 
16982 4 0 4020 3215 4559 2417 
16983 4 0 3165 4541 3410 4475 
16984 4 0 4387 3054 4495 1680 
16985 4 0 4495 3307 2640 4572 
16986 4 0 4223 2422 3323 3708 
16987 4 0 1500 3986 3929 3674 
16988 4 0 190 559 174 379 
16989 4 0 1076 1082 4337 1000 
16990 4 0 1002 4337 1082 1000 
16991 4 0 3997 1614 2903 3894 
16992 4 0 1173 3447 3401 1181 
16993 4 0 1615 3471 1481 2903 
16994 4 0 1765 3957 2554 2805 
16995 4 0 2754 4237 4608 2897 
16996 4 0 3675 2385 4351 3745 
16997 4 0 4351 2940 3675 3115 
16998 4 0 3723 3891 1180 3272 
16999 4 0 2970 38 4339 2244 
17000 4 0 990 192 4178 3224 
17001 4 0 3115 1800 545 4507 
17002 4 0 4351 1800 3115 4507 
17003 4 0 3009 2751 2478 2133 
17004 4 0 3922 1889 2349 1421 
17005 4 0 2887 4290 3174 4384 
17006 4 0 3962 4262 3410 501 
17007 4 0 4320 500 2707 2640 
17008 4 0 480 1915 2251 3297 
17009 4 0 1380 4125 3974 2736 
17010 4 0 4287 1233 2736 3974 
17011 4 0 249 270 2293 2859 
17012 4 0 249 594 2859 1339 
17013 4 0 2293 3226 4653 1339 
17014 4 0 2282 3726 777 2244 
17015 4 0 831 4124 382 146 
17016 4 0 1681 831 180 382 
17017 4 0 3954 1220 548 192 
17018 4 0 4481 548 3954 4651 
17019 4 0 3954 192 548 4481 
17020 4 0 2687 4373 439 3757 
17021 4 0 2754 2897 2530 4237 
17022 4 0 423 3840 3166 1909 
17023 4 0 1896 3970 3840 4661 
17024 4 0 423 1896 3840 1909 
17025 4 0 923 4045 1278 394 
17026 4 0 2465 4630 2596 1668 
17027 4 0 630 634 2525 3702 
17028 4 0 630 2525 1410 3702 
17029 4 0 1536 2563 274 283 
17030 4 0 3478 692 2020 4643 
17031 4 0 3923 692 3478 4643 
17032 4 0 3009 3524 2751 2133 
17033 4 0 3887 4361 4360 3933 
17034 4 0 4459 3887 4360 1398 
17035 4 0 1398 3887 4360 3933 
17036 4 0 3933 3935 3887 4361 
17037 4 0 2424 1448 1447 3044 
17038 4 0 2345 3226 3650 3407 
17039 4 0 4277 4053 3197 3152 
17040 4 0 848 2924 809 4149 
17041 4 0 3518 3760 1594 2579 
17042 4 0 4373 2975 254 261 
17043 4 0 3803 1424 4202 703 
17044 4 0 4376 1389 3875 3492 
17045 4 0 3462 3704 3274 1221 
17046 4 0 4481 192 548 208 
17047 4 0 4435 3828 2650 2026 
17048 4 0 4273 3438 3113 3449 
17049 4 0 2668 215 194 4190 
17050 4 0 2085 3762 1327 4366 
17051 4 0 330 1536 3143 325 
17052 4 0 330 2563 1536 325 
17053 4 0 1196 3375 2688 2779 
17054 4 0 1295 4016 4333 707 
17055 4 0 4414 3537 1162 4118 
17056 4 0 3233 3106 1119 993 
17057 4 0 2408 994 3347 1323 
17058 4 0 2640 2916 2707 4572 
17059 4 0 4150 253 4200 2013 
17060 4 0 918 2539 1565 1279 
17061 4 0 1759 3688 773 558 
17062 4 0 146 4260 4124 2314 
17063 4 0 2040 4700 1113 4200 
17064 4 0 4700 3619 210 1113 
17065 4 0 1160 1419 3215 1161 
17066 4 0 771 1161 1160 3215 
17067 4 0 3008 3125 3975 1499 
17068 4 0 4469 4287 1380 1275 
17069 4 0 4471 3865 4287 4469 
17070 4 0 1513 2217 3297 1150 
17071 4 0 3576 2846 1694 1697 
17072 4 0 2060 1173 1305 3447 
17073 4 0 1305 4429 4040 2060 
17074 4 0 4424 4431 1687 1686 
17075 4 0 3962 4406 4000 1295 
17076 4 0 4341 4467 434 433 
17077 4 0 3879 834 4466 832 
17078 4 0 1979 2015 3988 2077 
17079 4 0 3231 4324 1424 3253 
17080 4 0 3988 2011 1979 3198 
17081 4 0 1565 1279 2539 3883 
17082 4 0 265 2694 3061 4363 
17083 4 0 3260 1755 3951 1191 
17084 4 0 2706 4077 1712 991 
17085 4 0 2710 4077 1712 2706 
17086 4 0 490 1379 1274 3938 
17087 4 0 4464 3938 1379 490 
17088 4 0 4317 2657 2580 4473 
17089 4 0 1112 2657 4473 847 
17090 4 0 4406 4000 1393 4470 
17091 4 0 3866 4360 1394 3933 
17092 4 0 3611 4439 1424 4202 
17093 4 0 1219 831 146 4124 
17094 4 0 4412 3865 4287 4471 
17095 4 0 4422 4434 1756 3893 
17096 4 0 1867 4683 2790 1232 
17097 4 0 3976 1867 2790 3582 
17098 4 0 4200 1906 4481 1672 
17099 4 0 4124 382 834 4466 
17100 4 0 3297 2217 1513 2772 
17101 4 0 98 116 709 504 
17102 4 0 3990 771 4596 3705 
17103 4 0 1403 790 1160 1428 
17104 4 0 4009 3921 1532 1705 
17105 4 0 4479 1756 4108 395 
17106 4 0 2349 3922 1421 4154 
17107 4 0 2349 4154 1421 2379 
17108 4 0 3568 3511 3742 1266 
17109 4 0 2539 3883 1272 622 
17110 4 0 222 622 245 3883 
17111 4 0 222 3883 245 1279 
17112 4 0 1279 3883 245 1272 
17113 4 0 1272 245 260 622 
17114 4 0 622 3883 1272 245 
17115 4 0 1589 4253 3511 1266 
17116 4 0 3511 1589 1502 4253 
17117 4 0 4434 3893 4422 3694 
17118 4 0 3302 502 1729 3967 
17119 4 0 2716 4397 4422 1756 
17120 4 0 4397 4476 3518 3760 
17121 4 0 4397 3760 3518 2579 
17122 4 0 1896 423 3840 3970 
17123 4 0 91 4020 107 1420 
17124 4 0 608 4197 3987 2797 
17125 4 0 2539 1272 1279 1280 
17126 4 0 1280 486 2539 1272 
17127 4 0 4477 1898 3977 4077 
17128 4 0 4125 4227 1275 3974 
17129 4 0 4200 2040 4700 253 
17130 4 0 253 4200 2020 4700 
17131 4 0 2903 3997 1481 1615 
17132 4 0 4467 434 724 4341 
17133 4 0 4439 1849 2691 4341 
17134 4 0 1696 4091 1499 3125 
17135 4 0 3125 1696 3975 1499 
17136 4 0 1403 790 1428 977 
17137 4 0 4134 4424 811 1883 
17138 4 0 1428 4020 1420 107 
17139 4 0 1420 1428 3215 4020 
17140 4 0 1420 4020 3215 4559 
17141 4 0 269 2040 4200 253 
17142 4 0 4656 2772 1464 2340 
17143 4 0 4679 4656 1464 2340 
17144 4 0 1380 4471 4287 4469 
17145 4 0 208 548 4481 4651 
17146 4 0 2736 4125 3974 1277 
17147 4 0 2736 480 1277 3974 
17148 4 0 4433 412 1118 1123 
17149 4 0 3039 3008 3929 4277 
17150 4 0 1790 2272 433 4428 
17151 4 0 433 3023 3857 4428 
17152 4 0 422 4060 3166 423 
17153 4 0 1041 3801 4470 1043 
17154 4 0 4108 395 1756 2713 
17155 4 0 3857 1849 4202 4439 
17156 4 0 1219 831 4124 832 
17157 4 0 4077 3977 4019 3963 
17158 4 0 3718 4077 3977 4019 
17159 4 0 4481 208 4651 246 
17160 4 0 4150 269 4200 253 
17161 4 0 1926 1695 1636 484 
17162 4 0 486 1272 3983 2539 
17163 4 0 3718 4477 3977 4077 
17164 4 0 4118 4414 3537 4193 
17165 4 0 4426 3003 1055 3779 
17166 4 0 3255 378 4444 1688 
17167 4 0 4650 388 1803 909 
17168 4 0 738 734 1789 733 
17169 4 0 738 3494 1789 734 
17170 4 0 214 232 3597 1198 
17171 4 0 1198 1759 773 214 
17172 4 0 4323 2395 2603 4239 
17173 4 0 1241 721 2460 4323 
17174 4 0 1539 274 615 283 
17175 4 0 1407 2809 4627 2029 
17176 4 0 3241 4393 4484 3203 
17177 4 0 1340 3268 2078 3114 
17178 4 0 801 3268 1289 1340 
17179 4 0 2508 4155 3213 1644 
17180 4 0 2238 650 3603 4485 
17181 4 0 4486 4247 2523 2824 
17182 4 0 2058 1701 519 4487 
17183 4 0 4050 3971 520 1534 
17184 4 0 1706 3448 1240 2561 
17185 4 0 505 4492 2536 2728 
17186 4 0 1082 4337 213 1075 
17187 4 0 2699 1987 399 1081 
17188 4 0 289 1612 1081 399 
17189 4 0 399 289 1612 276 
17190 4 0 1647 500 503 822 
17191 4 0 3864 1647 145 167 
17192 4 0 1647 822 507 145 
17193 4 0 1681 710 146 2314 
17194 4 0 2259 909 901 4671 
17195 4 0 1380 2736 4287 4669 
17196 4 0 1002 3581 4337 4365 
17197 4 0 3581 440 1387 2778 
17198 4 0 3657 4500 1762 3707 
17199 4 0 3223 2271 1008 2097 
17200 4 0 4498 1389 1005 3827 
17201 4 0 4497 1388 3076 3777 
17202 4 0 1389 3492 3827 4498 
17203 4 0 380 179 166 168 
17204 4 0 979 792 769 4591 
17205 4 0 4396 1554 4087 1791 
17206 4 0 4396 1554 3422 4011 
17207 4 0 3669 2941 771 4593 
17208 4 0 4686 574 578 4504 
17209 4 0 578 575 4686 4505 
17210 4 0 4503 4538 465 2593 
17211 4 0 2927 2278 2798 4449 
17212 4 0 4507 3229 4018 3687 
17213 4 0 4511 1679 2600 3131 
17214 4 0 1840 939 369 1677 
17215 4 0 4494 1649 942 2950 
17216 4 0 2314 1681 710 4148 
17217 4 0 2760 4511 1679 4176 
17218 4 0 3731 3554 4387 4510 
17219 4 0 4508 442 364 4176 
17220 4 0 4201 817 3991 2336 
17221 4 0 4308 360 817 4033 
17222 4 0 4542 3002 2106 3165 
17223 4 0 4294 4043 819 3696 
17224 4 0 1418 4154 2379 3612 
17225 4 0 825 3847 859 2431 
17226 4 0 1863 1861 44 55 
17227 4 0 3685 3086 510 70 
17228 4 0 4582 1575 515 4300 
17229 4 0 4115 4187 4590 2496 
17230 4 0 790 4595 977 1224 
17231 4 0 790 2941 4595 1224 
17232 4 0 688 77 84 1861 
17233 4 0 4598 4611 3701 2164 
17234 4 0 158 3016 2723 844 
17235 4 0 200 379 4626 174 
17236 4 0 1539 1536 274 283 
17237 4 0 1565 177 913 4178 
17238 4 0 1110 3128 1112 3303 
17239 4 0 4635 1111 849 2344 
17240 4 0 1300 4056 2712 3382 
17241 4 0 695 3619 694 4644 
17242 4 0 4660 4106 3630 4701 
17243 4 0 2671 2883 2266 4231 
17244 4 0 2901 3189 4323 2460 
17245 4 0 1857 299 3862 290 
17246 4 0 1235 1237 3836 4674 
17247 4 0 4540 2185 4016 3907 
17248 4 0 3165 2106 4542 4475 
17249 4 0 214 1198 3597 773 
17250 4 0 137 120 884 1608 
17251 4 0 152 1608 884 2189 
17252 4 0 2868 2463 1338 473 
17253 4 0 1152 196 2438 3016 
17254 4 0 849 1324 4635 2277 
17255 4 0 3010 3888 4633 1489 
17256 4 0 2277 849 2344 4635 
17257 4 0 2771 3750 4633 1037 
17258 4 0 3365 2983 318 3267 
17259 4 0 392 2657 2924 1691 
17260 4 0 809 2277 4635 4149 
17261 4 0 4072 4633 3010 397 
17262 4 0 4602 4237 2897 4608 
17263 4 0 135 158 2723 4599 
17264 4 0 4281 2558 2280 1835 
17265 4 0 2991 3540 4601 4281 
17266 4 0 4600 3509 1634 3258 
17267 4 0 69 58 691 3741 
17268 4 0 69 43 78 2693 
17269 4 0 69 2693 691 58 
17270 4 0 512 3739 2164 4610 
17271 4 0 2164 4300 3849 3701 
17272 4 0 512 2164 4300 513 
17273 4 0 159 131 1847 4617 
17274 4 0 1835 2690 2991 1787 
17275 4 0 3392 3196 1945 3290 
17276 4 0 4446 2160 3945 3288 
17277 4 0 514 844 4610 512 
17278 4 0 844 514 4610 171 
17279 4 0 4597 1346 2519 2754 
17280 4 0 750 290 4041 761 
17281 4 0 4657 3379 3512 2652 
17282 4 0 1663 2883 3730 2671 
17283 4 0 2884 1709 3053 4171 
17284 4 0 1705 3245 3862 4105 
17285 4 0 299 3862 3744 2930 
17286 4 0 1703 1241 2460 4323 
17287 4 0 3921 4009 4024 3862 
17288 4 0 4323 2058 1701 3597 
17289 4 0 2460 1241 1703 1706 
17290 4 0 2355 4122 4012 1605 
17291 4 0 3404 345 314 335 
17292 4 0 314 353 751 344 
17293 4 0 344 751 314 334 
17294 4 0 2565 4030 1645 324 
17295 4 0 2565 4030 324 335 
17296 4 0 192 4178 3224 913 
17297 4 0 192 3224 990 4481 
17298 4 0 924 394 4122 923 
17299 4 0 394 923 924 1278 
17300 4 0 991 1712 415 3747 
17301 4 0 991 3747 415 3900 
17302 4 0 1244 4012 3982 2355 
17303 4 0 4628 4045 923 3587 
17304 4 0 916 2011 4299 3870 
17305 4 0 4122 2355 394 1605 
17306 4 0 3767 2710 490 418 
17307 4 0 4122 1605 394 924 
17308 4 0 4299 3870 921 916 
17309 4 0 3121 2301 4501 4539 
17310 4 0 4552 890 4686 466 
17311 4 0 110 128 3858 1597 
17312 4 0 3083 68 42 57 
17313 4 0 3553 3083 42 57 
17314 4 0 3083 76 42 68 
17315 4 0 3553 42 47 57 
17316 4 0 3553 42 18 8 
17317 4 0 2122 826 653 1051 
17318 4 0 1051 653 2122 4248 
17319 4 0 1054 3721 536 828 
17320 4 0 3360 2122 1051 2360 
17321 4 0 2431 3556 4686 890 
17322 4 0 1054 536 3015 1053 
17323 4 0 465 466 652 1199 
17324 4 0 4552 578 4504 4686 
17325 4 0 4248 653 2122 4686 
17326 4 0 2301 3121 1084 4539 
17327 4 0 4505 4248 4686 578 
17328 4 0 4539 4502 3121 464 
17329 4 0 4504 4552 4686 466 
17330 4 0 159 1260 2765 1847 
17331 4 0 4617 2765 1414 1847 
17332 4 0 3641 2812 4619 4080 
17333 4 0 845 4618 2647 405 
17334 4 0 1414 2202 1562 2130 
17335 4 0 1265 1927 217 197 
17336 4 0 1951 3145 2968 3235 
17337 4 0 1288 2759 3633 75 
17338 4 0 198 224 404 1596 
17339 4 0 4159 1508 3937 4563 
17340 4 0 857 4567 1053 635 
17341 4 0 2431 890 825 3847 
17342 4 0 3556 829 4335 3163 
17343 4 0 1593 825 468 826 
17344 4 0 1330 403 1331 658 
17345 4 0 4226 859 467 4196 
17346 4 0 1330 636 4567 403 
17347 4 0 3372 2427 4039 4581 
17348 4 0 858 4581 3372 1328 
17349 4 0 857 4567 403 1330 
17350 4 0 156 636 3577 130 
17351 4 0 156 1220 3577 3969 
17352 4 0 3051 2427 3722 2230 
17353 4 0 1645 2027 2565 324 
17354 4 0 211 189 2850 963 
17355 4 0 4687 4030 1535 287 
17356 4 0 308 4030 324 1645 
17357 4 0 1535 4030 280 287 
17358 4 0 1692 3420 698 1685 
17359 4 0 4482 4668 4472 3473 
17360 4 0 1381 2736 480 1278 
17361 4 0 480 922 1381 1278 
17362 4 0 171 197 1927 1265 
17363 4 0 2924 3505 1036 848 
17364 4 0 354 2445 753 747 
17365 4 0 4688 3382 1486 1300 
17366 4 0 1182 3519 3506 4688 
17367 4 0 3272 354 3173 4689 
17368 4 0 3272 3432 4689 3723 
17369 4 0 1854 3401 1181 1173 
17370 4 0 3283 3012 4622 1172 
17371 4 0 4040 1305 2060 1173 
17372 4 0 1152 223 2438 196 
17373 4 0 189 3071 173 725 
17374 4 0 4522 4533 664 3338 
17375 4 0 173 962 4513 3071 
17376 4 0 2731 2158 2462 2031 
17377 4 0 534 4520 4420 2976 
17378 4 0 2976 818 4420 820 
17379 4 0 2507 3644 4037 4557 
17380 4 0 1399 3550 2402 3259 
17381 4 0 2402 3259 3550 4518 
17382 4 0 4518 4519 2402 3259 
17383 4 0 3991 740 4201 2336 
17384 4 0 3522 2661 1904 664 
17385 4 0 664 4398 4522 4523 
17386 4 0 3256 4655 4238 1877 
17387 4 0 3252 3768 1506 3635 
17388 4 0 750 342 313 352 
17389 4 0 116 146 2314 4260 
17390 4 0 116 710 709 2314 
17391 4 0 1878 4199 3941 3256 
17392 4 0 116 2314 146 710 
17393 4 0 2581 1548 4588 4587 
17394 4 0 2950 1649 3108 4584 
17395 4 0 4494 3496 4584 2950 
17396 4 0 1678 2777 4494 2905 
17397 4 0 206 1453 180 3532 
17398 4 0 1453 145 167 3864 
17399 4 0 1453 167 180 3864 
17400 4 0 2905 4508 1678 3491 
17401 4 0 1647 1681 2314 4148 
17402 4 0 3651 500 822 503 
17403 4 0 2010 2795 2322 2148 
17404 4 0 1681 2314 3864 1647 
17405 4 0 1647 822 503 507 
17406 4 0 1647 2314 503 4148 
17407 4 0 3880 3856 426 1569 
17408 4 0 3864 1681 1647 167 
17409 4 0 215 2668 852 643 
17410 4 0 3805 4642 1788 4003 
17411 4 0 238 1092 417 839 
17412 4 0 821 4557 2890 4543 
17413 4 0 4535 4547 4543 3093 
17414 4 0 729 3473 3927 4250 
17415 4 0 229 4250 1595 211 
17416 4 0 663 3361 4533 4534 
17417 4 0 3696 663 2672 4534 
17418 4 0 3328 4543 4557 3947 
17419 4 0 4037 2507 4557 2890 
17420 4 0 4037 2698 1653 2704 
17421 4 0 1472 3612 4154 4560 
17422 4 0 35 26 2646 1860 
17423 4 0 1429 2111 4551 2732 
17424 4 0 1429 2111 4692 4551 
17425 4 0 2848 3964 768 2186 
17426 4 0 4560 3612 2531 1471 
17427 4 0 2350 2966 4193 2464 
17428 4 0 2285 2071 2475 2312 
17429 4 0 355 2563 2937 349 
17430 4 0 198 522 404 224 
17431 4 0 3691 3829 4631 4632 
17432 4 0 522 404 172 198 
17433 4 0 1668 1983 2240 3449 
17434 4 0 1433 4693 1222 404 
17435 4 0 4357 1671 407 4388 
17436 4 0 3610 4242 4388 1671 
17437 4 0 1222 1433 3462 4693 
17438 4 0 2589 3906 1670 1769 
17439 4 0 3462 1433 1222 3042 
17440 4 0 4630 2240 408 4218 
17441 4 0 380 554 4595 790 
17442 4 0 2842 1790 414 4396 
17443 4 0 4594 2167 2770 2622 
17444 4 0 205 1623 191 3679 
17445 4 0 3940 4578 2140 2622 
17446 4 0 771 790 3931 3215 
17447 4 0 3705 1403 771 1161 
17448 4 0 380 166 179 1455 
17449 4 0 205 3679 191 2053 
17450 4 0 133 155 2343 554 
17451 4 0 1236 4674 2744 2471 
17452 4 0 3088 615 2208 4170 
17453 4 0 4062 2969 2820 1239 
17454 4 0 4037 2704 2745 2698 
17455 4 0 599 2031 2072 3184 
17456 4 0 3436 2643 3234 2986 
17457 4 0 2776 3583 4564 1658 
17458 4 0 818 4520 4545 534 
17459 4 0 599 2774 3328 1654 
17460 4 0 2455 3240 1484 1503 
17461 4 0 1482 4033 2455 3344 
17462 4 0 1803 733 732 4650 
17463 4 0 3692 4462 1858 730 
17464 4 0 1535 271 4030 279 
17465 4 0 907 4649 4462 3950 
17466 4 0 4650 388 909 901 
17467 4 0 189 3071 725 2850 
17468 4 0 189 962 2850 963 
17469 4 0 725 211 189 2850 
17470 4 0 20 1860 1861 1866 
17471 4 0 3153 4526 2076 4530 
17472 4 0 3838 4529 2917 4315 
17473 4 0 4529 3753 4527 3859 
17474 4 0 127 151 469 4524 
17475 4 0 1417 469 151 4524 
17476 4 0 4525 3510 3980 1887 
17477 4 0 770 4529 4527 3859 
17478 4 0 469 4524 1417 3643 
17479 4 0 772 4322 4691 4526 
17480 4 0 971 772 1551 1549 
17481 4 0 4322 1549 4526 772 
17482 4 0 1549 1890 4526 772 
17483 4 0 2331 1801 1736 866 
17484 4 0 2331 1417 1801 866 
17485 4 0 4691 2111 4692 2966 
17486 4 0 4359 4319 2997 1467 
17487 4 0 940 4574 2874 1516 
17488 4 0 4583 974 435 510 
17489 4 0 1574 3527 2540 3025 
17490 4 0 3685 2166 3965 680 
17491 4 0 4695 1178 1179 3785 
17492 4 0 2693 79 43 78 
17493 4 0 691 2166 3965 78 
17494 4 0 3086 79 510 70 
17495 4 0 3086 3685 2166 70 
17496 4 0 141 512 844 514 
17497 4 0 360 817 4201 4308 
17498 4 0 962 4513 3071 572 
17499 4 0 4513 4515 573 572 
17500 4 0 4516 4398 2466 575 
17501 4 0 4696 4515 534 964 
17502 4 0 173 962 3071 189 
17503 4 0 173 3071 188 725 
17504 4 0 4517 2672 663 4534 
17505 4 0 4533 4522 664 663 
17506 4 0 2562 8 684 360 
17507 4 0 3553 42 3508 24 
17508 4 0 360 4033 4308 39 
17509 4 0 360 4201 817 3991 
17510 4 0 1264 1874 2267 1873 
17511 4 0 4230 4548 3228 4257 
17512 4 0 234 992 2597 3800 
17513 4 0 1622 2064 113 3942 
17514 4 0 2294 2540 3180 2422 
17515 4 0 2928 2669 2813 4549 
17516 4 0 40 680 52 2693 
17517 4 0 4149 4635 809 848 
17518 4 0 1157 184 378 807 
17519 4 0 888 2657 4473 1112 
17520 4 0 3452 4072 397 4637 
17521 4 0 1157 184 807 203 
17522 4 0 2277 809 4635 2344 
17523 4 0 1540 3539 2935 296 
17524 4 0 1324 1039 1989 3821 
17525 4 0 2277 995 1039 1324 
17526 4 0 1454 1318 2059 3470 
17527 4 0 2906 3934 1107 3795 
17528 4 0 2277 1324 1039 1989 
17529 4 0 4149 2277 4635 1324 
17530 4 0 3403 4654 2853 3750 
17531 4 0 162 378 1157 184 
17532 4 0 162 1775 1157 378 
17533 4 0 184 162 378 1751 
17534 4 0 3808 1751 2064 1056 
17535 4 0 2023 849 1111 2344 
17536 4 0 397 4072 4633 4637 
17537 4 0 4615 715 4614 565 
17538 4 0 4615 366 2496 565 
17539 4 0 4615 4614 1555 565 
17540 4 0 1288 66 75 3633 
17541 4 0 1845 2414 4616 3284 
17542 4 0 4083 1476 3284 4616 
17543 4 0 235 1757 4640 4022 
17544 4 0 3864 180 3532 382 
17545 4 0 2687 643 3775 3460 
17546 4 0 180 207 382 831 
17547 4 0 1453 3864 180 3532 
17548 4 0 1455 380 166 790 
17549 4 0 194 179 380 3738 
17550 4 0 379 174 164 163 
17551 4 0 164 379 618 174 
17552 4 0 618 200 3114 3784 
17553 4 0 1539 274 2563 281 
17554 4 0 1283 4626 1405 2078 
17555 4 0 4627 1407 2029 1409 
17556 4 0 3350 281 274 615 
17557 4 0 4626 379 200 1340 
17558 4 0 200 1340 3114 219 
17559 4 0 3940 4580 2140 4578 
17560 4 0 3966 3727 554 133 
17561 4 0 1377 2343 2786 3898 
17562 4 0 3727 3841 3193 3898 
17563 4 0 4592 3562 2140 1225 
17564 4 0 554 3966 4595 2941 
17565 4 0 4656 4141 1513 2772 
17566 4 0 3280 1151 1512 3916 
17567 4 0 2344 886 1014 1960 
17568 4 0 4656 4329 1513 4141 
17569 4 0 4656 2219 4329 4141 
17570 4 0 1465 4681 4143 2712 
17571 4 0 1512 3280 398 1151 
17572 4 0 4265 3717 3411 1151 
17573 4 0 4282 4679 1603 2219 
17574 4 0 1337 4698 1606 473 
17575 4 0 4167 1789 1964 734 
17576 4 0 2619 4665 4661 3336 
17577 4 0 188 785 210 3071 
17578 4 0 286 751 314 279 
17579 4 0 4136 985 4699 4666 
17580 4 0 2630 4666 1356 1610 
17581 4 0 4084 692 3977 4208 
17582 4 0 3840 3987 4648 3970 
17583 4 0 987 3802 4699 1356 
17584 4 0 188 785 3071 173 
17585 4 0 3747 2077 2015 1804 
17586 4 0 2619 3719 4667 3806 
17587 4 0 419 1610 4666 3985 
17588 4 0 2630 1610 3985 4666 
17589 4 0 286 756 751 279 
$EndElements
$ElementData
1
"color"
1
0.0
3
0
1
17589
1 4.71801
2 5.00853
3 3.61602
4 6.19488
5 4.5605
6 5.38477
7 3.43366
8 3.78696
9 3.69026
10 3.97303
11 5.11459
12 5.44096
13 3.66486
14 4.08312
15 4.92396
16 4.68511
17 3.2269
18 6.43139
19 3.77641
20 3.5269
21 6.52459
22 3.38291
23 3.63538
24 6.36846
25 6.67036
26 3.14207
27 4.29914
28 4.13559
29 3.86008
30 6.16896
31 4.1647
32 5.81349
33 3.89851
34 4.2351
35 5.53739
36 5.25427
37 3.35498
38 3.38154
39 6.08312
40 3.54661
41 4.5019
42 7.43445
43 4.49252
44 6.09352
45 5.5163
46 3.6737
47 3.85962
48 5.21526
49 4.72066
50 6.2024
51 4.71272
52 3.91798
53 4.40046
54 3.20715
55 9.68038
56 6.77107
57 3.98535
58 4.74649
59 4.64309
60 4.99108
61 3.50265
62 4.44523
63 6.02503
64 5.06851
65 4.15073
66 3.37996
67 5.26564
68 6.22193
69 3.48468
70 5.9317
71 4.95095
72 3.75846
73 5.25426
74 4.23751
75 5.0068
76 4.85186
77 4.63723
78 4.10608
79 4.55169
80 3.84513
81 4.7548
82 4.25253
83 6.5702
84 6.06261
85 5.45519
86 3.38786
87 5.4868
88 6.66407
89 5.0484
90 4.87591
91 6.50524
92 3.24515
93 6.46032
94 4.0391
95 5.82536
96 5.43806
97 4.92909
98 4.57305
99 5.2636
100 5.06229
101 4.01678
102 3.57072
103 4.58717
104 4.11746
105 6.48915
106 9.44803
107 3.73377
108 3.5436
109 7.6314
110 5.31576
111 4.63344
112 5.4543
113 4.70958
114 4.35827
115 3.97467
116 4.43038
117 6.90598
118 6.12991
119 5.02639
120 7.62136
121 3.78984
122 5.59363
123 3.74623
124 5.39481
125 3.99919
126 4.152
127 3.22278
128 4.06889
129 5.99614
130 7.02522
131 4.3805
132 6.36841
133 6.17677
134 4.39549
135 4.85141
136 4.31755
137 6.31973
138 4.61267
139 3.87739
140 6.22593
141 4.05908
142 3.64263
143 4.19653
144 5.04557
145 4.44117
146 5.17774
147 4.18445
148 6.11049
149 3.11349
150 4.46373
151 4.6225
152 4.12537
153 5.00975
154 7.89033
155 8.77269
156 3.72256
157 4.11753
158 5.75284
159 6.10554
160 4.17857
161 6.77256
162 5.6082
163 4.78879
164 5.05
165 7.09896
166 6.02868
167 9.30934
168 4.51863
169 7.73938
170 3.56746
171 5.04358
172 5.20143
173 5.70014
174 5.44856
175 5.20992
176 5.5029
177 6.29696
178 6.3208
179 6.20163
180 6.07697
181 4.55761
182 4.45462
183 5.25029
184 4.20181
185 4.44844
186 4.17392
187 5.28676
188 4.57147
189 6.77145
190 5.33618
191 7.62218
192 3.52509
193 5.2456
194 9.18645
195 3.9021
196 6.14063
197 3.84898
198 5.27883
199 6.97666
200 7.76472
201 3.40611
202 5.18697
203 4.89175
204 4.08984
205 8.85863
206 3.89772
207 4.47532
208 5.49172
209 5.70491
210 6.11073
211 4.88325
212 5.03187
213 5.69801
214 5.98063
215 4.00402
216 4.18858
217 7.31112
218 4.75752
219 8.36498
220 6.65361
221 6.52618
222 4.96258
223 4.52117
224 4.65554
225 6.26985
226 5.07788
227 5.32662
228 5.7136
229 3.80579
230 4.24786
231 4.14594
232 6.5584
233 8.66234
234 4.50171
235 3.51847
236 6.40317
237 4.46694
238 6.60641
239 8.18979
240 5.1341
241 3.71002
242 7.99402
243 5.97287
244 5.54121
245 4.74565
246 6.5948
247 6.93419
248 3.9876
249 4.32683
250 3.92467
251 4.34991
252 9.11964
253 5.32377
254 4.46315
255 4.13465
256 7.45158
257 6.83579
258 6.11683
259 4.56679
260 5.18171
261 3.87952
262 6.62307
263 4.44437
264 4.11397
265 7.16857
266 5.09799
267 4.24706
268 6.41302
269 5.75228
270 4.75329
271 3.62502
272 6.57417
273 4.92795
274 4.20157
275 5.60421
276 3.60023
277 4.49929
278 3.73671
279 6.27218
280 3.2799
281 7.48198
282 7.09355
283 5.79339
284 6.32953
285 7.42687
286 6.23766
287 3.93645
288 6.59564
289 7.63577
290 6.04682
291 5.33231
292 7.02705
293 6.58984
294 5.43636
295 3.60994
296 6.55511
297 4.11411
298 5.16843
299 5.80318
300 3.98619
301 6.87649
302 5.48191
303 6.76105
304 6.97388
305 5.40113
306 5.67798
307 5.01841
308 4.28669
309 7.64602
310 6.11231
311 8.07209
312 5.13994
313 5.87781
314 4.5487
315 8.7731
316 4.61756
317 4.69526
318 3.7724
319 7.92169
320 6.2322
321 3.44976
322 9.3992
323 6.62118
324 3.71959
325 7.97487
326 4.7043
327 7.45713
328 3.31241
329 9.08167
330 3.8734
331 6.47569
332 6.93524
333 8.20974
334 4.71025
335 6.25348
336 7.96358
337 3.79249
338 4.72133
339 6.16214
340 5.62358
341 6.21781
342 6.26362
343 4.64956
344 7.20397
345 3.58396
346 6.55696
347 6.18678
348 6.22932
349 3.89267
350 4.30988
351 4.1991
352 4.99834
353 6.72729
354 6.25328
355 5.75881
356 6.2669
357 8.02568
358 7.02252
359 5.11148
360 6.98292
361 8.18311
362 4.94776
363 5.28129
364 6.31951
365 4.31654
366 7.01384
367 5.38957
368 7.29808
369 3.66742
370 9.18303
371 6.16577
372 3.46569
373 5.15917
374 4.16938
375 3.83912
376 6.01776
377 6.77537
378 5.30642
379 6.87918
380 6.26722
381 6.39306
382 7.67901
383 6.50876
384 4.70538
385 3.39289
386 4.14749
387 5.14427
388 7.34827
389 5.09843
390 3.66475
391 6.19778
392 5.65368
393 3.7567
394 5.40845
395 5.43761
396 7.44527
397 5.22157
398 5.95565
399 4.45737
400 5.38294
401 5.34807
402 5.65432
403 3.28431
404 9.08382
405 5.99
406 4.80115
407 3.90565
408 3.54933
409 7.06294
410 7.00913
411 7.15227
412 4.2435
413 3.67699
414 4.17746
415 7.04356
416 6.37094
417 5.37195
418 6.09035
419 4.09122
420 7.9635
421 3.6555
422 6.08952
423 6.00638
424 4.35623
425 6.33981
426 6.88152
427 6.73801
428 4.70087
429 7.10317
430 8.11741
431 7.76401
432 3.76727
433 4.0459
434 7.70344
435 3.38527
436 6.59285
437 7.22349
438 3.99605
439 7.83662
440 4.52518
441 5.43769
442 8.72759
443 7.38345
444 7.48711
445 5.22568
446 9.80545
447 5.64675
448 4.22239
449 3.29715
450 6.18959
451 4.76215
452 7.61409
453 4.20081
454 4.01353
455 5.04644
456 7.98186
457 7.33184
458 9.01716
459 9.9383
460 8.12709
461 5.06776
462 7.27134
463 6.13832
464 5.46583
465 4.18323
466 8.62534
467 4.81905
468 8.23957
469 5.26827
470 3.77292
471 8.31914
472 4.57223
473 3.54006
474 4.62909
475 6.27431
476 3.26305
477 3.511
478 8.44357
479 5.08275
480 6.23192
481 7.49644
482 4.71447
483 5.36978
484 4.29905
485 5.27591
486 3.55987
487 4.93487
488 4.14885
489 4.91444
490 4.29525
491 4.36926
492 4.94038
493 8.27686
494 3.96067
495 6.62018
496 6.67723
497 7.28574
498 5.11659
499 4.12649
500 7.07758
501 4.23137
502 7.22036
503 6.67328
504 8.59037
505 4.49561
506 8.02986
507 7.81589
508 8.93868
509 5.52587
510 4.70469
511 5.401
512 5.38009
513 4.00694
514 5.72384
515 7.57018
516 7.98116
517 5.13825
518 6.70446
519 3.95959
520 7.92704
521 3.14476
522 7.08691
523 6.46001
524 5.60047
525 5.47249
526 5.05852
527 5.07767
528 5.66108
529 7.13336
530 4.97717
531 5.48434
532 3.81222
533 5.19195
534 5.34487
535 5.2185
536 5.08454
537 3.98573
538 4.21422
539 3.23264
540 4.51094
541 4.10057
542 4.8373
543 4.08135
544 4.19748
545 4.53337
546 3.59341
547 3.99309
548 4.73168
549 4.8258
550 4.77928
551 3.77968
552 5.91771
553 4.67955
554 3.60512
555 4.28218
556 9.24642
557 5.58768
558 4.78221
559 4.689
560 5.18605
561 9.20131
562 5.55144
563 5.06203
564 5.49085
565 3.9656
566 8.14509
567 3.62679
568 4.11782
569 4.4915
570 3.87788
571 4.77691
572 4.3867
573 4.08306
574 4.98437
575 6.31732
576 5.76042
577 4.47348
578 6.43695
579 4.47119
580 5.15534
581 4.91332
582 3.66193
583 3.67223
584 3.56481
585 5.12156
586 7.4917
587 4.59715
588 5.2863
589 5.09402
590 3.44414
591 8.61287
592 5.05033
593 5.70319
594 4.73505
595 3.67805
596 6.63587
597 4.69062
598 4.17803
599 6.90746
600 5.08059
601 5.51049
602 4.71445
603 4.64858
604 5.92688
605 6.79469
606 4.22398
607 4.32847
608 3.34501
609 5.76287
610 4.81955
611 5.12322
612 7.18029
613 4.23795
614 8.63206
615 5.34363
616 4.24155
617 5.48386
618 6.72056
619 3.2636
620 4.03928
621 6.46043
622 5.76777
623 6.26614
624 6.06749
625 4.03227
626 6.7306
627 3.68513
628 5.90171
629 4.74443
630 3.50117
631 3.70542
632 3.8685
633 4.20494
634 3.41657
635 3.96884
636 6.24773
637 4.26281
638 6.02242
639 8.06577
640 4.88663
641 3.96705
642 4.17995
643 5.78595
644 5.51803
645 3.62716
646 4.73041
647 6.09901
648 5.85458
649 5.02504
650 5.83679
651 4.23715
652 4.11627
653 4.27507
654 6.52976
655 3.86715
656 3.96653
657 5.94064
658 4.58846
659 4.61843
660 5.92262
661 7.22182
662 3.50428
663 4.62095
664 4.2578
665 3.96796
666 4.90996
667 4.38157
668 8.52539
669 5.51264
670 3.61408
671 3.36919
672 5.18612
673 5.92013
674 4.56775
675 5.84781
676 8.77111
677 5.13135
678 4.30073
679 5.87374
680 6.51478
681 3.29067
682 3.8728
683 5.56274
684 6.8231
685 5.38748
686 3.85651
687 4.24505
688 5.49691
689 4.19487
690 3.57893
691 7.87351
692 4.51602
693 4.92129
694 3.24134
695 5.82611
696 4.30124
697 4.70282
698 6.07415
699 3.93358
700 3.79783
701 5.92716
702 6.12112
703 5.7393
704 4.38839
705 5.20349
706 7.88786
707 5.34258
708 3.59383
709 6.96875
710 4.69508
711 5.24528
712 3.78672
713 3.75017
714 3.62752
715 6.69009
716 7.05508
717 4.91994
718 4.99671
719 7.89749
720 5.12205
721 6.53007
722 3.58396
723 4.71679
724 3.79652
725 3.76389
726 4.01832
727 6.25663
728 4.96216
729 6.39256
730 5.31852
731 9.05805
732 4.06938
733 4.93381
734 5.82587
735 4.16265
736 4.06646
737 4.33763
738 4.79339
739 8.6539
740 3.19497
741 3.07246
742 4.55014
743 5.21362
744 3.943
745 4.64835
746 5.38857
747 3.57765
748 3.99224
749 3.51086
750 4.52083
751 7.3213
752 4.3096
753 7.51124
754 5.44302
755 5.40867
756 4.43489
757 5.20578
758 4.5478
759 4.05141
760 9.86379
761 6.59757
762 7.82887
763 4.59356
764 5.40826
765 8.35667
766 6.07986
767 6.64003
768 4.79974
769 4.65531
770 5.21712
771 4.74093
772 4.9726
773 4.31206
774 5.0049
775 9.026
776 4.11419
777 5.89211
778 3.76957
779 7.68861
780 4.4428
781 4.81545
782 4.38953
783 4.06029
784 3.84913
785 3.53144
786 3.45647
787 3.67007
788 3.46427
789 3.34319
790 4.35808
791 4.64066
792 3.65887
793 3.89229
794 4.85645
795 5.29058
796 4.08609
797 4.50311
798 5.32949
799 7.62437
800 4.43323
801 8.85868
802 4.04348
803 5.73974
804 3.95267
805 3.6728
806 6.0373
807 5.61913
808 4.40711
809 4.81195
810 6.27457
811 5.05402
812 4.81748
813 4.87639
814 6.53742
815 6.89378
816 6.26793
817 6.00398
818 3.66176
819 4.22972
820 5.87744
821 5.5274
822 5.90728
823 4.31636
824 7.34818
825 6.30398
826 4.80587
827 3.89723
828 5.09774
829 7.31839
830 5.97318
831 3.49453
832 4.30512
833 5.70293
834 4.64165
835 4.6245
836 4.30984
837 6.93687
838 4.63762
839 7.15127
840 6.70077
841 5.04403
842 5.10516
843 4.1757
844 5.33781
845 3.62782
846 4.30707
847 4.92789
848 4.73743
849 3.72468
850 4.8796
851 4.16648
852 5.16082
853 3.63147
854 6.71129
855 4.23842
856 5.30088
857 3.21296
858 5.22798
859 4.88321
860 4.13086
861 5.44486
862 5.30884
863 5.81326
864 6.3689
865 8.83349
866 3.60989
867 3.86793
868 7.06249
869 8.60802
870 5.60266
871 5.092
872 3.75914
873 4.6571
874 5.15987
875 3.55108
876 4.34026
877 3.07595
878 5.01833
879 8.42987
880 6.17537
881 4.14968
882 4.28347
883 6.06182
884 5.03867
885 5.19114
886 4.0379
887 5.29865
888 5.59429
889 5.4648
890 8.08978
891 5.45471
892 3.69426
893 8.6875
894 5.21923
895 4.08528
896 4.84515
897 3.7315
898 3.58917
899 5.59901
900 5.30998
901 5.13055
902 3.65842
903 5.26721
904 4.37587
905 5.3121
906 5.38069
907 4.73546
908 6.26475
909 4.66375
910 4.85061
911 7.83647
912 6.1841
913 5.65267
914 3.23673
915 6.11004
916 3.73772
917 5.04122
918 6.47765
919 3.47357
920 6.23564
921 4.89707
922 4.98521
923 5.20819
924 4.93814
925 8.16527
926 4.23415
927 5.18975
928 5.36585
929 5.91184
930 5.69624
931 3.71998
932 5.87883
933 5.22105
934 4.35312
935 5.46368
936 4.54197
937 3.20076
938 6.07655
939 4.32678
940 3.96349
941 7.12258
942 5.62343
943 8.01772
944 4.61068
945 3.85601
946 4.93492
947 6.65035
948 4.50713
949 3.98392
950 4.79874
951 4.42039
952 4.72223
953 4.71751
954 5.17356
955 6.29963
956 4.80983
957 5.60681
958 4.81118
959 3.62845
960 4.74044
961 3.76949
962 3.7574
963 3.66277
964 4.50006
965 6.17837
966 4.07157
967 4.87492
968 4.31522
969 6.80191
970 8.42973
971 4.18341
972 6.76103
973 4.55802
974 4.99799
975 4.03675
976 6.87124
977 5.0311
978 9.74102
979 4.07469
980 5.40479
981 7.05483
982 4.21502
983 4.4614
984 4.55661
985 3.64636
986 6.67707
987 3.90244
988 9.23697
989 5.44453
990 3.97832
991 9.07992
992 4.19878
993 3.84302
994 5.32384
995 5.76429
996 5.46544
997 5.59881
998 8.80319
999 7.69742
1000 3.8019
1001 4.14131
1002 3.93879
1003 4.70547
1004 5.81541
1005 3.54337
1006 5.7504
1007 4.00068
1008 5.20322
1009 3.38359
1010 3.64867
1011 4.9079
1012 5.64724
1013 5.08626
1014 4.03868
1015 9.7307
1016 4.28051
1017 3.45498
1018 4.93502
1019 5.58545
1020 5.1018
1021 5.80126
1022 4.72969
1023 8.01343
1024 3.12321
1025 4.17897
1026 7.39223
1027 5.94276
1028 5.05082
1029 3.85541
1030 5.58736
1031 4.41659
1032 4.7364
1033 6.61953
1034 4.55952
1035 4.88005
1036 5.60642
1037 4.81107
1038 6.67422
1039 3.10566
1040 6.90794
1041 4.36577
1042 3.67148
1043 4.11141
1044 3.94788
1045 5.10203
1046 6.18747
1047 4.59083
1048 4.35791
1049 3.42655
1050 3.8354
1051 5.08412
1052 5.11333
1053 5.14132
1054 5.77987
1055 3.99395
1056 6.86456
1057 4.11091
1058 3.68751
1059 5.72696
1060 6.1641
1061 3.46939
1062 4.52373
1063 6.2134
1064 4.52394
1065 4.41609
1066 5.0831
1067 4.78429
1068 4.6133
1069 4.49541
1070 5.8523
1071 5.39744
1072 4.48288
1073 3.92819
1074 4.68747
1075 4.06071
1076 5.90816
1077 4.31648
1078 4.24608
1079 4.45226
1080 4.94364
1081 5.86444
1082 3.98935
1083 5.49878
1084 4.25077
1085 6.63119
1086 4.20837
1087 3.31
1088 6.1498
1089 4.69545
1090 8.74545
1091 3.49236
1092 3.68779
1093 3.96849
1094 4.90557
1095 4.67862
1096 3.72192
1097 7.90686
1098 3.83012
1099 4.63528
1100 4.86149
1101 4.72908
1102 4.03757
1103 4.59582
1104 3.62733
1105 5.4047
1106 4.25465
1107 4.77955
1108 4.86845
1109 5.90656
1110 6.22053
1111 3.24109
1112 4.73706
1113 4.55999
1114 3.54218
1115 7.41932
1116 4.36273
1117 4.21835
1118 4.24252
1119 3.48528
1120 3.20062
1121 4.73464
1122 6.7104
1123 5.561
1124 6.14028
1125 5.07851
1126 3.47262
1127 4.32348
1128 4.26604
1129 4.75907
1130 6.64116
1131 4.54869
1132 5.61545
1133 4.25344
1134 4.28747
1135 5.4561
1136 5.48321
1137 4.89402
1138 8.54109
1139 3.84999
1140 4.77579
1141 3.86531
1142 3.38447
1143 6.23078
1144 4.17009
1145 5.05814
1146 4.29892
1147 7.09922
1148 3.91199
1149 4.04637
1150 5.49918
1151 3.76825
1152 4.44524
1153 3.79167
1154 4.09864
1155 4.17172
1156 3.53375
1157 6.43713
1158 5.14849
1159 6.03087
1160 3.23679
1161 4.41811
1162 3.32146
1163 6.22795
1164 7.61249
1165 3.29813
1166 7.7214
1167 7.90191
1168 6.48618
1169 6.2825
1170 6.36366
1171 6.55032
1172 5.48418
1173 6.11555
1174 4.07124
1175 6.78537
1176 4.50791
1177 5.06532
1178 4.98851
1179 4.67914
1180 5.2098
1181 4.51028
1182 5.58809
1183 6.05738
1184 6.10068
1185 3.63866
1186 5.0185
1187 4.14622
1188 8.34173
1189 5.07846
1190 3.07879
1191 7.80776
1192 3.60217
1193 8.02866
1194 4.44382
1195 4.51384
1196 4.34525
1197 5.6484
1198 4.28887
1199 7.32012
1200 5.75539
1201 5.71836
1202 4.81042
1203 4.21006
1204 4.36326
1205 6.12394
1206 9.65699
1207 5.02225
1208 3.9964
1209 4.01902
1210 8.94262
1211 6.09994
1212 4.28069
1213 5.13217
1214 6.60925
1215 5.23371
1216 4.92656
1217 8.55189
1218 4.31599
1219 3.66104
1220 3.6998
1221 3.93849
1222 3.41821
1223 3.27758
1224 4.54988
1225 4.49488
1226 4.04857
1227 5.79185
1228 4.71084
1229 4.04798
1230 5.77126
1231 6.94887
1232 5.35821
1233 3.13579
1234 4.86972
1235 3.93142
1236 4.0175
1237 6.65504
1238 4.42912
1239 6.2969
1240 4.59382
1241 4.81573
1242 5.57448
1243 6.2321
1244 6.3722
1245 7.52983
1246 5.0701
1247 6.06952
1248 6.41751
1249 6.31843
1250 5.8806
1251 4.57159
1252 5.7554
1253 7.53466
1254 5.38097
1255 5.76334
1256 5.8377
1257 4.05545
1258 4.591
1259 4.83089
1260 3.41827
1261 4.77994
1262 3.95969
1263 3.18383
1264 6.34794
1265 3.66647
1266 5.01446
1267 4.95627
1268 6.94941
1269 3.8794
1270 8.20925
1271 5.00817
1272 3.84172
1273 3.36277
1274 3.21546
1275 4.30192
1276 4.21231
1277 6.18379
1278 7.88038
1279 4.46754
1280 4.99046
1281 6.75805
1282 3.20741
1283 6.17047
1284 4.76935
1285 5.74991
1286 5.44887
1287 4.05863
1288 3.87799
1289 4.28011
1290 5.26392
1291 4.09867
1292 3.82171
1293 5.62698
1294 4.03235
1295 4.80369
1296 3.99019
1297 4.01592
1298 4.91435
1299 4.88992
1300 7.10045
1301 3.44492
1302 3.94868
1303 4.38488
1304 5.36552
1305 4.35392
1306 4.21787
1307 3.98846
1308 5.85546
1309 3.81745
1310 5.415
1311 4.30824
1312 4.26438
1313 4.80089
1314 4.05189
1315 9.43217
1316 4.03117
1317 4.07896
1318 4.71549
1319 3.33464
1320 3.82264
1321 4.37077
1322 3.67446
1323 6.01463
1324 6.29495
1325 5.24137
1326 9.40368
1327 8.39653
1328 6.04248
1329 4.9062
1330 4.78407
1331 4.08334
1332 7.34713
1333 5.3595
1334 5.61615
1335 3.74246
1336 3.96627
1337 4.41189
1338 3.98603
1339 4.1545
1340 6.06368
1341 6.09021
1342 4.62679
1343 4.31601
1344 8.39828
1345 6.55814
1346 8.73969
1347 4.69584
1348 5.78206
1349 7.13134
1350 5.55947
1351 4.79332
1352 5.11016
1353 5.39893
1354 5.79522
1355 3.97438
1356 5.82944
1357 4.8777
1358 3.72504
1359 5.66672
1360 4.17994
1361 4.23348
1362 5.29974
1363 6.33682
1364 4.68685
1365 5.05368
1366 4.24814
1367 4.43345
1368 4.57205
1369 4.60365
1370 4.60834
1371 3.29912
1372 5.59574
1373 5.90399
1374 7.49587
1375 6.64419
1376 4.35528
1377 4.55367
1378 4.02515
1379 3.90643
1380 4.90135
1381 5.83197
1382 5.35549
1383 5.89247
1384 4.71154
1385 4.052
1386 7.1642
1387 3.93941
1388 4.07641
1389 5.01456
1390 4.58429
1391 3.3494
1392 4.82912
1393 6.1729
1394 5.27208
1395 5.52481
1396 7.77704
1397 7.26093
1398 4.74407
1399 3.30257
1400 3.22617
1401 7.64026
1402 4.55244
1403 8.34284
1404 4.78167
1405 3.46892
1406 3.32844
1407 5.69025
1408 3.81843
1409 7.23692
1410 3.54454
1411 3.29759
1412 6.53223
1413 3.74979
1414 3.685
1415 4.25043
1416 4.53317
1417 7.32767
1418 4.452
1419 3.89359
1420 4.23405
1421 3.50111
1422 7.17728
1423 5.67733
1424 4.73088
1425 8.86361
1426 3.87885
1427 3.93543
1428 6.14538
1429 4.59252
1430 4.01304
1431 4.39894
1432 4.28028
1433 3.20555
1434 4.14777
1435 6.31544
1436 4.01941
1437 4.44195
1438 5.3349
1439 3.59155
1440 3.53638
1441 6.33183
1442 5.24149
1443 3.64706
1444 5.30356
1445 5.13932
1446 5.08554
1447 4.8677
1448 4.71838
1449 3.32224
1450 4.15754
1451 5.24907
1452 3.94022
1453 9.55832
1454 5.57614
1455 4.2268
1456 6.91009
1457 5.3002
1458 4.1926
1459 5.88578
1460 5.76816
1461 6.52692
1462 8.35963
1463 5.47627
1464 3.73371
1465 3.66509
1466 5.8657
1467 3.95077
1468 3.97177
1469 4.13145
1470 4.83522
1471 4.92112
1472 7.20177
1473 3.76384
1474 4.24243
1475 5.51037
1476 3.51006
1477 4.38268
1478 4.63155
1479 3.18985
1480 7.02516
1481 4.73067
1482 4.23533
1483 4.30157
1484 3.37667
1485 5.0652
1486 3.62277
1487 4.41148
1488 5.71796
1489 5.06256
1490 8.39076
1491 5.62008
1492 6.84891
1493 4.31368
1494 4.11036
1495 4.88743
1496 4.86541
1497 4.27603
1498 7.11496
1499 4.48168
1500 5.1832
1501 4.28227
1502 4.06975
1503 4.74235
1504 3.87425
1505 3.95238
1506 3.90946
1507 6.91148
1508 3.46763
1509 5.10124
1510 5.84152
1511 4.62441
1512 6.16082
1513 3.31275
1514 4.00738
1515 5.72832
1516 5.96317
1517 8.48415
1518 4.44603
1519 3.80626
1520 6.20099
1521 6.53489
1522 7.05334
1523 4.17442
1524 5.61036
1525 4.16586
1526 3.5841
1527 5.07611
1528 5.98401
1529 5.64138
1530 3.98007
1531 5.75384
1532 5.52367
1533 4.89244
1534 3.81841
1535 4.48695
1536 5.51528
1537 5.37647
1538 7.55443
1539 3.67361
1540 4.5516
1541 5.27621
1542 7.50468
1543 6.78312
1544 5.12704
1545 4.28508
1546 4.25784
1547 6.81702
1548 3.86825
1549 4.52958
1550 5.688
1551 3.8044
1552 6.77527
1553 6.51051
1554 5.61313
1555 5.43391
1556 6.42939
1557 4.59726
1558 3.92515
1559 4.61741
1560 4.90391
1561 5.72668
1562 3.91409
1563 3.98495
1564 4.78318
1565 5.84252
1566 6.12735
1567 5.32218
1568 6.56322
1569 3.59874
1570 4.05613
1571 4.08322
1572 3.20306
1573 4.89427
1574 4.60754
1575 5.10513
1576 4.28616
1577 5.35104
1578 6.43501
1579 4.44323
1580 6.17098
1581 3.67052
1582 3.70945
1583 3.94389
1584 3.32338
1585 4.10527
1586 4.729
1587 7.44138
1588 5.02008
1589 3.6742
1590 5.60856
1591 3.90545
1592 5.09224
1593 4.61005
1594 5.33743
1595 4.0498
1596 5.59939
1597 6.27661
1598 5.87782
1599 5.09749
1600 4.83118
1601 5.84674
1602 5.3482
1603 4.22037
1604 4.27872
1605 5.33589
1606 4.87894
1607 4.52147
1608 4.49792
1609 4.12468
1610 4.05363
1611 4.44109
1612 4.56666
1613 4.65065
1614 4.50765
1615 3.72129
1616 9.61977
1617 6.73277
1618 5.71622
1619 3.67092
1620 4.69077
1621 4.7628
1622 4.028
1623 5.68492
1624 4.55943
1625 5.61511
1626 4.46249
1627 5.59869
1628 4.65989
1629 5.76921
1630 5.47789
1631 4.51391
1632 4.64735
1633 6.78021
1634 3.55125
1635 3.98046
1636 5.57711
1637 4.73501
1638 7.98127
1639 4.71083
1640 3.57624
1641 4.60708
1642 7.03124
1643 6.06909
1644 3.52428
1645 3.98723
1646 3.48933
1647 5.83069
1648 5.0125
1649 4.29123
1650 6.08253
1651 4.62202
1652 4.06264
1653 4.02145
1654 4.13865
1655 3.83936
1656 3.33573
1657 5.8937
1658 5.40257
1659 5.48562
1660 3.9948
1661 5.03196
1662 4.34549
1663 5.26467
1664 5.3903
1665 4.86823
1666 3.56995
1667 4.67448
1668 3.53422
1669 3.67739
1670 3.32144
1671 5.8441
1672 4.58683
1673 8.24102
1674 7.15619
1675 3.88461
1676 3.51042
1677 5.97217
1678 7.73533
1679 3.62537
1680 4.39539
1681 3.75137
1682 4.08688
1683 5.23793
1684 4.34874
1685 5.60751
1686 5.08554
1687 4.10253
1688 3.91963
1689 4.17377
1690 5.68141
1691 4.41445
1692 5.0712
1693 7.83214
1694 3.4794
1695 3.887
1696 5.76907
1697 4.71783
1698 7.45978
1699 6.00007
1700 3.79538
1701 6.66369
1702 3.34143
1703 5.0974
1704 3.5646
1705 4.83505
1706 3.32938
1707 8.43153
1708 5.73339
1709 4.61349
1710 8.01004
1711 3.66253
1712 4.78243
1713 3.4878
1714 6.69344
1715 9.84811
1716 4.74033
1717 7.20887
1718 4.18174
1719 7.19179
1720 4.48164
1721 3.57383
1722 5.32882
1723 4.65113
1724 5.45574
1725 5.09288
1726 5.83438
1727 4.26087
1728 6.62893
1729 3.74638
1730 6.93248
1731 4.35323
1732 6.31149
1733 5.42093
1734 5.56514
1735 4.71723
1736 4.4417
1737 4.82324
1738 5.81039
1739 7.5487
1740 5.20986
1741 6.87209
1742 6.75996
1743 6.24563
1744 5.2879
1745 5.39212
1746 6.4004
1747 4.2851
1748 4.04323
1749 4.86538
1750 8.53967
1751 3.92743
1752 6.48969
1753 4.94306
1754 6.04693
1755 4.03099
1756 3.73095
1757 5.22854
1758 4.22757
1759 4.38447
1760 3.35492
1761 3.65645
1762 3.45561
1763 4.31962
1764 7.9441
1765 8.00039
1766 3.38343
1767 3.47302
1768 3.80101
1769 3.64715
1770 3.86447
1771 4.06359
1772 4.22634
1773 7.11287
1774 3.71331
1775 6.56864
1776 4.67387
1777 4.28034
1778 4.98529
1779 5.61868
1780 5.5753
1781 6.98222
1782 4.08964
1783 5.80542
1784 6.17458
1785 4.40668
1786 4.2913
1787 4.00474
1788 3.95369
1789 5.31292
1790 6.59531
1791 3.96536
1792 5.33853
1793 3.82982
1794 4.19031
1795 3.75806
1796 4.68386
1797 4.00825
1798 4.32753
1799 6.02015
1800 5.31672
1801 4.37764
1802 3.99555
1803 4.55097
1804 4.77079
1805 5.1723
1806 5.54187
1807 4.0113
1808 3.37681
1809 7.45056
1810 4.63971
1811 3.97712
1812 4.60471
1813 4.2236
1814 3.59283
1815 3.61823
1816 6.29028
1817 6.08244
1818 4.38704
1819 4.83969
1820 4.18817
1821 5.25863
1822 3.5436
1823 4.46901
1824 4.00659
1825 9.04276
1826 3.76175
1827 4.88569
1828 4.72178
1829 4.24886
1830 5.12827
1831 6.60765
1832 5.83659
1833 6.13149
1834 4.92741
1835 3.91544
1836 3.3647
1837 3.99981
1838 4.86081
1839 5.08564
1840 4.47575
1841 3.77103
1842 7.10483
1843 4.2397
1844 3.90136
1845 4.79507
1846 3.82479
1847 4.23015
1848 4.80157
1849 3.99532
1850 5.56199
1851 3.76592
1852 5.85244
1853 3.58247
1854 4.61401
1855 7.7454
1856 9.65465
1857 6.64394
1858 4.82021
1859 5.06801
1860 7.12225
1861 6.86778
1862 7.04421
1863 4.51498
1864 7.23095
1865 3.59981
1866 3.95669
1867 4.31689
1868 4.90626
1869 4.70739
1870 4.41343
1871 6.64754
1872 5.04353
1873 4.97633
1874 5.61953
1875 3.3662
1876 7.83273
1877 5.44898
1878 5.34033
1879 4.73814
1880 4.42584
1881 3.49379
1882 8.20495
1883 4.98408
1884 3.71713
1885 5.0964
1886 3.67173
1887 4.76113
1888 4.39614
1889 4.2104
1890 4.29169
1891 5.28243
1892 7.63127
1893 3.8125
1894 6.44983
1895 4.65233
1896 6.85329
1897 5.14041
1898 8.11334
1899 5.37025
1900 4.46168
1901 6.79682
1902 5.31321
1903 3.42021
1904 5.11313
1905 4.23546
1906 3.86206
1907 3.25545
1908 8.73477
1909 4.80214
1910 3.34151
1911 3.52621
1912 3.30633
1913 3.94158
1914 5.56445
1915 7.87466
1916 3.68877
1917 6.47052
1918 6.34306
1919 4.0252
1920 6.14756
1921 4.07109
1922 6.73457
1923 4.87342
1924 4.19471
1925 4.17741
1926 3.9329
1927 4.3069
1928 5.13562
1929 5.68401
1930 5.44784
1931 4.28518
1932 4.99227
1933 4.15753
1934 4.15304
1935 8.81078
1936 4.8599
1937 8.13245
1938 3.81281
1939 3.96543
1940 3.49126
1941 5.62927
1942 5.08069
1943 5.6351
1944 6.22152
1945 8.96092
1946 8.61443
1947 4.8043
1948 3.89375
1949 4.8138
1950 3.70063
1951 6.32511
1952 4.99683
1953 3.60952
1954 4.76432
1955 4.52713
1956 6.33516
1957 4.70833
1958 3.58798
1959 3.57782
1960 7.16744
1961 4.65005
1962 4.47719
1963 3.22653
1964 3.5569
1965 4.94649
1966 4.33287
1967 3.99932
1968 3.38001
1969 4.08037
1970 4.559
1971 4.4697
1972 4.04505
1973 3.9619
1974 4.87346
1975 3.69751
1976 8.86831
1977 4.31355
1978 3.2273
1979 6.78089
1980 3.27653
1981 3.41058
1982 4.61386
1983 3.95196
1984 4.56761
1985 3.69462
1986 4.13465
1987 4.26327
1988 4.54962
1989 3.6196
1990 3.97293
1991 3.78102
1992 5.04402
1993 5.32227
1994 4.39767
1995 6.40833
1996 5.67158
1997 4.77255
1998 4.64567
1999 4.48143
2000 5.07062
2001 5.43221
2002 5.70573
2003 4.84217
2004 4.71954
2005 6.55909
2006 4.67234
2007 3.30459
2008 4.27535
2009 3.80703
2010 7.78512
2011 4.58167
2012 4.6857
2013 4.84059
2014 3.64407
2015 5.43122
2016 5.12532
2017 4.71568
2018 5.79678
2019 7.5193
2020 4.66607
2021 4.57145
2022 4.39279
2023 5.40767
2024 5.93139
2025 3.77609
2026 3.63708
2027 4.55343
2028 4.20826
2029 3.74206
2030 6.33089
2031 5.5093
2032 6.48754
2033 3.76508
2034 4.7889
2035 6.31667
2036 5.92633
2037 4.72393
2038 5.26147
2039 5.02992
2040 7.33872
2041 5.18802
2042 3.80023
2043 4.28418
2044 4.34136
2045 6.30358
2046 5.04284
2047 6.53131
2048 6.07889
2049 3.9308
2050 5.80279
2051 4.19383
2052 5.089
2053 3.89504
2054 3.46332
2055 5.00049
2056 4.96815
2057 7.35118
2058 5.44489
2059 6.97543
2060 7.16533
2061 4.64832
2062 3.48625
2063 4.27157
2064 4.32039
2065 4.8311
2066 5.54104
2067 3.40381
2068 3.30505
2069 3.82985
2070 3.82115
2071 4.6717
2072 5.89562
2073 4.47584
2074 4.10136
2075 3.46748
2076 4.53036
2077 4.63392
2078 3.6659
2079 4.96493
2080 3.98134
2081 5.62834
2082 4.09788
2083 4.608
2084 3.77302
2085 6.47771
2086 7.70692
2087 3.29778
2088 3.70134
2089 6.37408
2090 3.19123
2091 3.83421
2092 3.05772
2093 3.68326
2094 4.24105
2095 3.71221
2096 3.42918
2097 4.90074
2098 3.6387
2099 4.08689
2100 4.31425
2101 4.52304
2102 4.29724
2103 3.99359
2104 4.79035
2105 3.67424
2106 4.21922
2107 6.11097
2108 4.40432
2109 6.54303
2110 6.03258
2111 5.35106
2112 7.96298
2113 4.1473
2114 4.70207
2115 5.98602
2116 5.04624
2117 4.0732
2118 4.0185
2119 3.94958
2120 4.08646
2121 6.03165
2122 4.48518
2123 7.46922
2124 6.47687
2125 4.87524
2126 4.21083
2127 4.32375
2128 4.33051
2129 5.44714
2130 3.58706
2131 4.31091
2132 6.78974
2133 4.7479
2134 6.27286
2135 4.86683
2136 5.90432
2137 5.77313
2138 6.72501
2139 4.03095
2140 6.18615
2141 7.31988
2142 4.18871
2143 6.92681
2144 4.29036
2145 6.95218
2146 6.152
2147 3.9609
2148 8.86352
2149 5.12575
2150 3.35375
2151 4.89182
2152 4.61769
2153 4.74076
2154 3.52362
2155 3.25131
2156 3.99619
2157 3.61718
2158 5.78159
2159 5.51375
2160 4.02534
2161 4.03894
2162 5.40352
2163 4.81606
2164 5.76714
2165 4.73342
2166 4.59557
2167 7.87007
2168 4.96703
2169 5.45076
2170 3.78453
2171 3.57595
2172 3.50652
2173 4.09381
2174 6.48029
2175 5.31217
2176 3.91925
2177 5.77206
2178 6.1471
2179 5.3028
2180 4.83875
2181 3.43966
2182 3.69391
2183 4.09678
2184 5.42967
2185 9.03656
2186 5.87947
2187 4.33268
2188 4.25173
2189 3.98916
2190 5.00335
2191 5.94237
2192 4.21573
2193 5.25254
2194 4.4016
2195 4.33975
2196 3.59727
2197 6.39462
2198 4.50537
2199 5.37073
2200 5.43514
2201 6.19543
2202 7.63574
2203 3.81631
2204 3.34647
2205 6.30123
2206 6.78205
2207 4.35873
2208 4.03109
2209 5.72869
2210 5.03587
2211 4.74776
2212 3.7788
2213 8.71234
2214 3.56504
2215 5.45763
2216 5.1287
2217 7.01399
2218 5.3442
2219 4.13074
2220 4.99746
2221 7.78367
2222 3.38694
2223 6.68212
2224 4.05769
2225 6.48942
2226 6.19818
2227 8.80316
2228 4.34064
2229 3.90938
2230 4.59407
2231 3.55605
2232 3.7499
2233 5.90467
2234 4.73773
2235 5.8859
2236 4.00327
2237 6.55483
2238 4.65465
2239 3.48984
2240 3.66566
2241 4.74785
2242 6.30644
2243 7.38309
2244 3.96379
2245 4.00245
2246 9.42797
2247 4.32057
2248 5.70662
2249 5.8825
2250 4.46205
2251 7.31625
2252 5.36927
2253 3.92545
2254 6.05386
2255 4.67876
2256 5.66995
2257 3.66638
2258 5.56918
2259 4.19307
2260 4.90467
2261 8.51695
2262 5.64927
2263 4.10972
2264 6.08881
2265 3.42716
2266 5.22697
2267 4.73283
2268 4.43112
2269 4.12978
2270 5.43909
2271 3.77993
2272 3.64706
2273 7.94001
2274 4.44835
2275 5.19033
2276 5.15213
2277 9.31772
2278 6.65728
2279 9.70187
2280 3.41024
2281 3.85846
2282 7.76107
2283 8.76926
2284 7.36099
2285 4.87194
2286 4.37488
2287 6.97317
2288 4.17163
2289 5.71713
2290 5.20094
2291 4.97894
2292 3.4319
2293 4.07444
2294 8.27093
2295 6.10963
2296 5.65043
2297 3.53116
2298 5.68582
2299 4.49985
2300 5.80683
2301 4.67266
2302 6.52324
2303 8.44901
2304 5.51878
2305 4.13395
2306 3.38091
2307 4.28194
2308 3.27307
2309 4.16153
2310 5.76662
2311 6.50387
2312 4.51958
2313 8.44491
2314 3.17244
2315 3.89177
2316 4.17016
2317 4.15712
2318 3.93832
2319 4.25004
2320 6.97531
2321 4.4476
2322 4.76402
2323 3.67691
2324 3.72146
2325 6.42442
2326 3.56307
2327 4.04954
2328 4.9446
2329 4.57804
2330 5.1761
2331 5.55911
2332 3.67768
2333 5.26841
2334 6.6275
2335 6.51763
2336 3.63645
2337 5.76497
2338 3.84422
2339 3.91579
2340 3.66409
2341 4.61475
2342 6.41691
2343 6.03292
2344 4.40905
2345 4.41202
2346 8.17145
2347 7.66825
2348 4.85372
2349 7.0534
2350 4.55074
2351 4.18896
2352 5.0695
2353 5.40096
2354 5.06365
2355 3.42154
2356 3.65099
2357 6.07133
2358 4.56121
2359 8.39777
2360 4.19644
2361 3.8163
2362 3.86876
2363 4.04483
2364 3.37432
2365 4.54506
2366 3.43865
2367 4.21953
2368 4.23171
2369 3.22579
2370 4.91398
2371 4.26278
2372 6.07873
2373 3.93842
2374 7.54165
2375 5.18686
2376 4.32493
2377 8.23933
2378 4.23082
2379 6.36002
2380 5.51551
2381 5.37838
2382 3.80086
2383 5.69583
2384 4.45144
2385 4.42441
2386 3.33662
2387 3.15499
2388 4.07627
2389 4.27546
2390 5.03685
2391 3.543
2392 4.02095
2393 4.70609
2394 3.98561
2395 8.859
2396 7.94937
2397 7.18096
2398 3.59558
2399 5.53843
2400 7.78474
2401 6.15062
2402 9.0697
2403 9.05277
2404 5.07253
2405 6.01017
2406 7.20055
2407 5.68671
2408 5.74848
2409 5.90675
2410 4.33058
2411 4.96811
2412 7.59295
2413 4.16245
2414 3.67537
2415 3.49102
2416 4.29187
2417 4.88655
2418 6.24478
2419 4.87774
2420 3.91171
2421 4.11822
2422 5.1895
2423 5.52636
2424 3.77431
2425 3.68618
2426 4.87983
2427 4.90616
2428 3.54482
2429 3.58081
2430 4.02896
2431 6.54837
2432 7.1003
2433 4.82808
2434 4.63849
2435 3.93441
2436 4.13102
2437 5.2521
2438 6.24496
2439 4.90282
2440 4.16237
2441 4.81362
2442 6.0924
2443 5.15872
2444 6.64256
2445 3.62186
2446 5.46269
2447 5.18642
2448 7.76683
2449 4.07748
2450 4.71744
2451 5.22165
2452 5.69252
2453 5.0327
2454 6.08951
2455 3.96574
2456 4.61685
2457 4.34158
2458 3.75238
2459 5.09685
2460 7.39262
2461 5.98887
2462 4.72859
2463 4.86023
2464 5.12287
2465 5.32375
2466 4.89176
2467 3.94359
2468 4.07451
2469 5.44216
2470 4.26956
2471 6.99654
2472 5.98176
2473 3.57583
2474 6.42755
2475 6.99114
2476 3.04902
2477 3.82658
2478 7.78204
2479 4.58856
2480 8.32985
2481 7.4554
2482 3.21236
2483 4.2823
2484 4.28546
2485 3.78054
2486 5.38086
2487 4.99023
2488 8.21383
2489 7.79028
2490 9.37484
2491 5.06627
2492 4.20149
2493 3.5502
2494 3.67328
2495 4.31269
2496 4.0365
2497 4.00116
2498 4.88379
2499 3.36097
2500 3.30113
2501 4.88646
2502 3.77546
2503 7.32163
2504 5.29294
2505 4.83537
2506 4.49071
2507 5.32957
2508 3.9869
2509 3.87889
2510 4.2179
2511 6.0362
2512 6.63581
2513 4.84286
2514 3.94427
2515 5.83425
2516 3.66487
2517 4.25055
2518 3.56794
2519 8.25346
2520 4.29116
2521 5.08291
2522 5.19332
2523 4.84797
2524 4.7085
2525 3.77213
2526 5.43313
2527 3.85284
2528 5.45711
2529 3.73293
2530 4.31943
2531 7.19816
2532 9.86153
2533 4.67224
2534 7.34895
2535 3.76236
2536 4.74378
2537 4.48549
2538 7.6416
2539 5.3508
2540 5.69625
2541 3.9282
2542 4.35967
2543 7.71483
2544 3.31174
2545 5.14726
2546 6.04653
2547 6.66372
2548 6.41147
2549 3.5757
2550 7.29142
2551 8.3693
2552 3.43311
2553 5.50391
2554 7.82622
2555 4.14968
2556 4.77864
2557 6.62959
2558 6.33235
2559 3.72084
2560 3.98582
2561 5.20561
2562 8.27265
2563 5.02518
2564 5.81687
2565 5.74828
2566 6.42307
2567 4.38336
2568 5.78865
2569 4.17545
2570 6.60069
2571 5.64293
2572 4.29105
2573 3.70338
2574 4.35485
2575 3.93653
2576 4.49677
2577 4.52273
2578 3.50263
2579 3.55731
2580 4.39529
2581 4.49739
2582 7.71777
2583 5.57999
2584 3.6505
2585 3.89511
2586 3.60118
2587 3.50394
2588 3.36176
2589 3.61176
2590 4.93467
2591 6.58965
2592 3.66194
2593 5.62903
2594 5.23301
2595 4.72694
2596 3.53455
2597 5.90998
2598 4.66723
2599 6.39724
2600 9.34845
2601 4.96001
2602 3.16267
2603 4.08488
2604 4.59164
2605 5.41357
2606 4.49009
2607 6.08363
2608 4.8895
2609 6.65356
2610 4.1624
2611 4.38459
2612 5.51099
2613 6.94044
2614 3.52832
2615 6.80494
2616 8.9899
2617 4.4848
2618 4.25386
2619 4.50035
2620 8.9437
2621 4.09976
2622 4.96716
2623 5.29258
2624 5.66737
2625 3.85162
2626 4.87772
2627 4.45539
2628 4.40108
2629 5.70019
2630 4.49356
2631 3.67259
2632 4.35683
2633 9.25829
2634 5.72853
2635 4.91948
2636 4.89924
2637 4.91182
2638 6.39835
2639 3.99483
2640 8.94386
2641 4.21765
2642 4.42242
2643 4.22729
2644 8.50942
2645 3.41562
2646 3.8781
2647 3.56112
2648 5.09639
2649 6.338
2650 6.12504
2651 6.0554
2652 4.86919
2653 4.11543
2654 3.71448
2655 6.69175
2656 4.53477
2657 5.1108
2658 4.29786
2659 4.59958
2660 4.41021
2661 3.86307
2662 6.41377
2663 4.8432
2664 5.06342
2665 7.16561
2666 6.60864
2667 6.90108
2668 5.06807
2669 7.17666
2670 3.80403
2671 5.18681
2672 4.48403
2673 3.83143
2674 4.74441
2675 3.51382
2676 3.9686
2677 5.2775
2678 5.04092
2679 6.63505
2680 8.01144
2681 4.65821
2682 8.70948
2683 4.42313
2684 3.45186
2685 3.27023
2686 3.67536
2687 3.66209
2688 5.00362
2689 3.53265
2690 5.91356
2691 5.3365
2692 7.50798
2693 7.97752
2694 5.82133
2695 4.27825
2696 4.15162
2697 6.49802
2698 4.58876
2699 5.45339
2700 3.7389
2701 3.4201
2702 3.38575
2703 4.30695
2704 4.19365
2705 6.4297
2706 4.62941
2707 5.08205
2708 5.20386
2709 4.58843
2710 3.5526
2711 5.41046
2712 4.43314
2713 4.02622
2714 3.76746
2715 6.41801
2716 8.55137
2717 4.45516
2718 4.33852
2719 3.30141
2720 3.45218
2721 3.40338
2722 7.67593
2723 8.41642
2724 4.84039
2725 7.592
2726 4.09689
2727 7.77718
2728 4.13514
2729 3.8362
2730 7.19045
2731 5.61546
2732 4.83692
2733 4.85897
2734 5.20145
2735 3.95572
2736 3.88335
2737 3.71998
2738 4.57334
2739 6.36285
2740 4.42208
2741 3.81237
2742 5.28757
2743 5.31595
2744 5.76984
2745 3.896
2746 5.38944
2747 6.16235
2748 4.37679
2749 3.57713
2750 3.71799
2751 4.61323
2752 4.32215
2753 5.41846
2754 4.78168
2755 4.19253
2756 4.71532
2757 4.62681
2758 9.3733
2759 4.3787
2760 5.53954
2761 4.15114
2762 6.49902
2763 8.55789
2764 4.83733
2765 4.11444
2766 4.33665
2767 5.45949
2768 6.34139
2769 4.90285
2770 6.5246
2771 5.0852
2772 4.77627
2773 5.70174
2774 6.27193
2775 6.09721
2776 5.41632
2777 4.82741
2778 5.31792
2779 4.36133
2780 3.68647
2781 4.90421
2782 7.32297
2783 4.82277
2784 5.35723
2785 4.05727
2786 4.85955
2787 8.39477
2788 5.01193
2789 5.77121
2790 4.47676
2791 6.16929
2792 5.82275
2793 4.31926
2794 5.86753
2795 6.75451
2796 4.95834
2797 6.74449
2798 5.95285
2799 7.04211
2800 4.77392
2801 4.00329
2802 7.19378
2803 6.12666
2804 5.42692
2805 5.80029
2806 4.83201
2807 6.04675
2808 3.74871
2809 4.32068
2810 3.5081
2811 6.45199
2812 5.34093
2813 4.17878
2814 3.45781
2815 5.25857
2816 5.84519
2817 4.04224
2818 5.958
2819 7.03403
2820 4.09514
2821 6.96211
2822 3.87849
2823 4.01519
2824 4.77896
2825 4.59287
2826 6.02099
2827 4.9049
2828 4.37554
2829 5.32272
2830 4.66853
2831 4.448
2832 3.34204
2833 5.94919
2834 5.9934
2835 4.08458
2836 5.39536
2837 4.08215
2838 6.38481
2839 4.63528
2840 4.68872
2841 3.88654
2842 5.67448
2843 7.80639
2844 4.73581
2845 4.71104
2846 4.02016
2847 4.87975
2848 6.70921
2849 4.12543
2850 5.08038
2851 5.2623
2852 5.25695
2853 3.77523
2854 4.62082
2855 4.27993
2856 5.27796
2857 7.05564
2858 3.47515
2859 5.02714
2860 6.99984
2861 6.79677
2862 3.43072
2863 3.33151
2864 6.76616
2865 6.57283
2866 3.7413
2867 4.69235
2868 9.09395
2869 3.37627
2870 4.13881
2871 3.26294
2872 5.96781
2873 4.49068
2874 3.59266
2875 4.00546
2876 4.79132
2877 5.53669
2878 3.14982
2879 3.3753
2880 6.47231
2881 3.67555
2882 5.1195
2883 3.6745
2884 3.85467
2885 3.33734
2886 3.46345
2887 4.59635
2888 5.98876
2889 5.85932
2890 5.05485
2891 4.34007
2892 5.1031
2893 6.53308
2894 4.65739
2895 4.0452
2896 5.24715
2897 7.39405
2898 4.04422
2899 4.17285
2900 8.20086
2901 6.85372
2902 7.23896
2903 3.4964
2904 6.54161
2905 3.71227
2906 4.82735
2907 3.10769
2908 4.22283
2909 5.00103
2910 4.0897
2911 3.81409
2912 3.35387
2913 4.61521
2914 5.08796
2915 4.07484
2916 8.62383
2917 5.94644
2918 5.77319
2919 3.45866
2920 3.23772
2921 3.79678
2922 3.84498
2923 5.37914
2924 8.17772
2925 4.72133
2926 4.39759
2927 3.99808
2928 4.9142
2929 7.44816
2930 5.57269
2931 5.84809
2932 5.55035
2933 8.9213
2934 8.80976
2935 4.74166
2936 6.11843
2937 3.35548
2938 3.51426
2939 3.35446
2940 5.61728
2941 5.01501
2942 4.19727
2943 4.82921
2944 6.61473
2945 4.9791
2946 3.74782
2947 7.0866
2948 4.28947
2949 6.06443
2950 4.20928
2951 5.3019
2952 3.66139
2953 5.95551
2954 4.28014
2955 4.87442
2956 4.82299
2957 4.02701
2958 3.23881
2959 4.5067
2960 6.47251
2961 4.32151
2962 5.26686
2963 7.02045
2964 3.59239
2965 6.42939
2966 4.2822
2967 4.943
2968 4.74908
2969 9.36381
2970 7.21433
2971 7.85327
2972 4.01382
2973 4.13739
2974 5.23798
2975 4.88274
2976 3.40928
2977 5.34822
2978 6.42964
2979 3.92794
2980 4.37044
2981 5.26229
2982 7.21143
2983 4.74387
2984 4.22039
2985 4.88803
2986 7.86669
2987 4.39904
2988 4.14701
2989 5.26977
2990 4.63337
2991 3.70777
2992 6.22542
2993 4.39083
2994 4.48235
2995 4.13759
2996 4.34989
2997 7.72622
2998 3.78783
2999 5.62315
3000 5.66588
3001 5.12671
3002 3.71023
3003 3.97277
3004 3.99536
3005 4.6052
3006 3.61026
3007 4.49395
3008 4.46174
3009 5.38134
3010 5.35298
3011 5.11954
3012 3.88404
3013 3.76847
3014 6.14375
3015 7.69142
3016 4.4663
3017 8.02221
3018 4.81001
3019 4.77003
3020 5.69019
3021 3.82778
3022 4.07626
3023 5.97922
3024 4.2491
3025 4.61875
3026 3.83517
3027 5.83138
3028 5.59639
3029 4.38523
3030 5.56785
3031 3.98922
3032 4.57879
3033 3.92208
3034 3.4981
3035 5.97615
3036 3.6561
3037 4.53261
3038 9.12701
3039 4.95837
3040 4.75452
3041 6.67635
3042 7.2853
3043 4.68848
3044 4.73921
3045 6.71353
3046 6.48389
3047 4.74471
3048 3.25488
3049 7.51533
3050 3.69894
3051 5.77259
3052 5.90933
3053 4.29105
3054 5.74645
3055 4.87236
3056 4.07642
3057 9.13248
3058 5.21205
3059 4.53233
3060 3.52605
3061 4.0112
3062 4.32956
3063 6.52251
3064 4.94388
3065 4.57516
3066 5.724
3067 5.7671
3068 5.501
3069 8.50844
3070 7.3305
3071 4.2465
3072 4.96207
3073 5.30845
3074 4.63182
3075 4.97637
3076 4.74579
3077 3.41131
3078 4.24285
3079 5.21013
3080 5.00662
3081 3.90139
3082 5.90689
3083 3.24935
3084 6.92337
3085 4.28588
3086 4.23262
3087 8.12367
3088 5.10878
3089 3.84296
3090 3.47217
3091 5.78291
3092 3.985
3093 5.4153
3094 4.89534
3095 4.8101
3096 8.20247
3097 5.458
3098 4.00153
3099 4.44511
3100 3.19999
3101 4.17574
3102 6.69783
3103 4.1024
3104 4.24995
3105 3.45708
3106 6.14071
3107 5.93953
3108 4.78736
3109 5.40844
3110 5.20832
3111 7.01564
3112 5.13539
3113 4.89113
3114 4.52984
3115 5.34772
3116 4.10011
3117 3.61453
3118 3.65146
3119 4.46087
3120 5.19859
3121 3.90314
3122 4.4935
3123 4.49451
3124 4.21624
3125 5.54105
3126 4.67226
3127 4.33645
3128 7.10771
3129 5.99805
3130 5.00203
3131 4.17104
3132 3.86523
3133 5.37136
3134 3.16249
3135 5.64583
3136 7.15148
3137 4.60779
3138 9.10714
3139 5.59076
3140 6.60378
3141 4.53463
3142 6.81674
3143 4.05909
3144 4.11267
3145 5.16564
3146 3.87622
3147 6.20038
3148 9.85296
3149 8.03463
3150 7.11423
3151 8.22892
3152 4.2557
3153 6.77214
3154 3.42966
3155 3.84071
3156 6.058
3157 6.36595
3158 5.96822
3159 4.4188
3160 3.99375
3161 4.97914
3162 3.84098
3163 5.25308
3164 4.50059
3165 5.67516
3166 3.61457
3167 4.7333
3168 4.8399
3169 4.30768
3170 9.57325
3171 5.72372
3172 5.13522
3173 7.40066
3174 4.67662
3175 4.6074
3176 5.00392
3177 4.31277
3178 4.75309
3179 4.73668
3180 4.94229
3181 3.50059
3182 4.48665
3183 3.71493
3184 3.6814
3185 3.6168
3186 7.08561
3187 4.45318
3188 4.22069
3189 4.93722
3190 6.31153
3191 3.57433
3192 3.96443
3193 4.03169
3194 4.84998
3195 4.7013
3196 4.65745
3197 7.42163
3198 5.25921
3199 4.94212
3200 6.17898
3201 5.64689
3202 5.02781
3203 3.76215
3204 5.52704
3205 4.20164
3206 4.88434
3207 7.06726
3208 6.90308
3209 4.68761
3210 6.45203
3211 3.70107
3212 5.21536
3213 5.16561
3214 6.49871
3215 4.53394
3216 5.72391
3217 6.57027
3218 4.82294
3219 6.63396
3220 3.67923
3221 4.85238
3222 3.49681
3223 5.06921
3224 3.80289
3225 3.49008
3226 5.99593
3227 6.65395
3228 5.17967
3229 3.67585
3230 5.44317
3231 4.9313
3232 4.48546
3233 3.57997
3234 3.76805
3235 3.47555
3236 5.29412
3237 4.99129
3238 4.2201
3239 4.12811
3240 3.41991
3241 5.43767
3242 4.97908
3243 5.1046
3244 6.13986
3245 8.10759
3246 5.89603
3247 4.81254
3248 4.73588
3249 3.78361
3250 5.84672
3251 4.00514
3252 8.18145
3253 3.25493
3254 8.88714
3255 3.89892
3256 6.72477
3257 7.96657
3258 5.02233
3259 6.60281
3260 4.38447
3261 4.39386
3262 3.44184
3263 7.36923
3264 4.06077
3265 4.83581
3266 7.71813
3267 3.76028
3268 3.49268
3269 3.46175
3270 3.59331
3271 4.34819
3272 4.28516
3273 5.01943
3274 7.90269
3275 4.09024
3276 3.25932
3277 4.67748
3278 5.63099
3279 4.61158
3280 7.4659
3281 4.13467
3282 4.2317
3283 3.88901
3284 5.07089
3285 3.18171
3286 4.78209
3287 4.40829
3288 4.55402
3289 3.57824
3290 4.73702
3291 3.51254
3292 4.60613
3293 5.32456
3294 4.63098
3295 4.22069
3296 3.98793
3297 9.45458
3298 4.34224
3299 5.59717
3300 5.21108
3301 4.37971
3302 7.16727
3303 7.31455
3304 8.0142
3305 3.97258
3306 4.06558
3307 5.44811
3308 7.18554
3309 7.73484
3310 3.49587
3311 3.27964
3312 4.81841
3313 5.21856
3314 4.49554
3315 4.20994
3316 5.4838
3317 5.08855
3318 3.67969
3319 4.97922
3320 3.62353
3321 4.48317
3322 4.62289
3323 4.13693
3324 6.93892
3325 3.64904
3326 5.04768
3327 4.45199
3328 5.63032
3329 7.42013
3330 7.32579
3331 4.48406
3332 5.82488
3333 4.63544
3334 3.96146
3335 3.79699
3336 5.39154
3337 4.25087
3338 7.00232
3339 4.43864
3340 4.81253
3341 5.13757
3342 5.26131
3343 7.98146
3344 3.90503
3345 4.65602
3346 5.2847
3347 7.51409
3348 5.49324
3349 7.57424
3350 5.83099
3351 5.77462
3352 3.85928
3353 3.70021
3354 7.11299
3355 4.57366
3356 9.07794
3357 3.76969
3358 3.99976
3359 4.35335
3360 4.78553
3361 4.92162
3362 7.42827
3363 4.35368
3364 4.3671
3365 4.60101
3366 5.10877
3367 4.07541
3368 6.2336
3369 3.95376
3370 6.25577
3371 5.24479
3372 6.4066
3373 5.01953
3374 8.96714
3375 8.87296
3376 3.49039
3377 6.65519
3378 8.40814
3379 7.79165
3380 4.03265
3381 4.90738
3382 5.09569
3383 4.29276
3384 5.09066
3385 5.84268
3386 4.19007
3387 8.55718
3388 4.62961
3389 5.59303
3390 9.64907
3391 6.11238
3392 4.93708
3393 5.56473
3394 5.76847
3395 4.81758
3396 4.54785
3397 4.3721
3398 3.99144
3399 5.60035
3400 6.06284
3401 4.9232
3402 5.30046
3403 4.38004
3404 6.65059
3405 3.58054
3406 4.27615
3407 6.33179
3408 5.3213
3409 7.94547
3410 3.85976
3411 5.63041
3412 5.31549
3413 5.59404
3414 3.45695
3415 3.7629
3416 4.46329
3417 6.73113
3418 4.93572
3419 4.69462
3420 4.12612
3421 4.80522
3422 3.55241
3423 4.14175
3424 5.04366
3425 3.87345
3426 3.64475
3427 8.46596
3428 8.43717
3429 3.7614
3430 4.00178
3431 4.71099
3432 3.28173
3433 3.76599
3434 4.68034
3435 6.73772
3436 5.33394
3437 3.38797
3438 4.64527
3439 7.01882
3440 5.37071
3441 5.70596
3442 4.07654
3443 7.54348
3444 4.27677
3445 6.52994
3446 4.4297
3447 7.70802
3448 4.50637
3449 5.66168
3450 4.35519
3451 5.25421
3452 6.5277
3453 3.61172
3454 6.20348
3455 8.52161
3456 3.46459
3457 5.59561
3458 5.98646
3459 3.91061
3460 5.67295
3461 4.23013
3462 3.85392
3463 4.40557
3464 4.33852
3465 4.90094
3466 4.18101
3467 6.93918
3468 5.81387
3469 3.19551
3470 5.21167
3471 4.0925
3472 7.8907
3473 5.16817
3474 3.83177
3475 4.30261
3476 6.46758
3477 3.69456
3478 5.68485
3479 3.80092
3480 5.22324
3481 4.91706
3482 4.18458
3483 4.48262
3484 6.45307
3485 7.27622
3486 4.15737
3487 6.1137
3488 5.51956
3489 6.11397
3490 4.17731
3491 3.61254
3492 4.7638
3493 8.1552
3494 4.82933
3495 5.29809
3496 4.29734
3497 4.96427
3498 8.81396
3499 3.91521
3500 5.0437
3501 6.14515
3502 3.3525
3503 7.19308
3504 6.60298
3505 8.08103
3506 5.1302
3507 5.49769
3508 4.99297
3509 3.93516
3510 4.76157
3511 5.53115
3512 7.55427
3513 4.92182
3514 7.00383
3515 3.65298
3516 4.03472
3517 6.48183
3518 7.2891
3519 4.63631
3520 4.40168
3521 6.25392
3522 4.27852
3523 7.79465
3524 3.5048
3525 4.44829
3526 5.18965
3527 4.56569
3528 5.29518
3529 3.76847
3530 4.97859
3531 8.3922
3532 5.48432
3533 4.44904
3534 3.56545
3535 4.76523
3536 5.05253
3537 5.51106
3538 5.5728
3539 4.96398
3540 4.96842
3541 7.81782
3542 9.1609
3543 5.65032
3544 4.09035
3545 3.71568
3546 3.31768
3547 4.43481
3548 5.09515
3549 3.29443
3550 4.50313
3551 8.97593
3552 7.06699
3553 4.6821
3554 6.74673
3555 3.62786
3556 5.28459
3557 4.50434
3558 3.9151
3559 4.87217
3560 7.78331
3561 6.35996
3562 7.29643
3563 6.49662
3564 4.07143
3565 5.99226
3566 3.4452
3567 3.99851
3568 8.40587
3569 4.91747
3570 5.07846
3571 8.48493
3572 5.20241
3573 5.52986
3574 3.53608
3575 3.57065
3576 4.7574
3577 5.90596
3578 4.24914
3579 4.94622
3580 3.11866
3581 3.3994
3582 3.5127
3583 6.60949
3584 4.43662
3585 4.13649
3586 4.93707
3587 6.69504
3588 3.82974
3589 4.04939
3590 3.25014
3591 5.09325
3592 4.67407
3593 5.05431
3594 3.68369
3595 7.37641
3596 5.39002
3597 7.35709
3598 4.90127
3599 4.24953
3600 6.76583
3601 4.0091
3602 9.31303
3603 4.33811
3604 4.06678
3605 4.68657
3606 5.10578
3607 5.3888
3608 4.95524
3609 5.48559
3610 5.94117
3611 6.4954
3612 5.24168
3613 8.05985
3614 4.85393
3615 6.84186
3616 4.97207
3617 4.33175
3618 5.03119
3619 3.79718
3620 5.19013
3621 7.36758
3622 4.9086
3623 5.06635
3624 4.21742
3625 3.67943
3626 3.88088
3627 3.97719
3628 9.61217
3629 3.38509
3630 6.13562
3631 5.74397
3632 4.57764
3633 4.02079
3634 4.50012
3635 6.80055
3636 5.75035
3637 7.20839
3638 8.08577
3639 5.7919
3640 6.21755
3641 4.14561
3642 6.33227
3643 7.49178
3644 3.54449
3645 5.51308
3646 3.35669
3647 5.84398
3648 5.80769
3649 5.57031
3650 4.27327
3651 4.94338
3652 4.23103
3653 4.2455
3654 4.87212
3655 3.7971
3656 5.13915
3657 3.90402
3658 4.74541
3659 3.63254
3660 5.49902
3661 3.50788
3662 8.4413
3663 5.66887
3664 3.96579
3665 3.4027
3666 7.55949
3667 5.28157
3668 3.90671
3669 3.6214
3670 4.80053
3671 5.85542
3672 3.59526
3673 4.01809
3674 3.60705
3675 3.43156
3676 4.55292
3677 4.78588
3678 5.01909
3679 5.29862
3680 6.30796
3681 4.28679
3682 4.24835
3683 4.35448
3684 6.34552
3685 4.2302
3686 7.10036
3687 4.07148
3688 4.39496
3689 4.17679
3690 5.45075
3691 6.12205
3692 3.527
3693 3.82854
3694 3.70578
3695 8.1741
3696 3.88558
3697 7.9646
3698 5.73467
3699 4.02626
3700 3.45813
3701 4.31402
3702 5.0263
3703 4.02689
3704 4.4822
3705 4.60611
3706 7.06854
3707 4.41893
3708 4.14812
3709 3.71785
3710 4.14246
3711 3.6245
3712 7.35905
3713 4.66386
3714 6.87261
3715 5.41151
3716 3.98522
3717 3.79067
3718 4.97907
3719 5.05994
3720 4.34264
3721 4.8932
3722 6.32683
3723 5.65643
3724 5.90418
3725 3.23832
3726 4.21904
3727 6.26869
3728 3.36899
3729 4.57279
3730 3.74882
3731 3.99047
3732 3.5918
3733 3.66221
3734 4.07529
3735 3.96085
3736 4.80578
3737 3.77088
3738 3.59492
3739 3.94728
3740 5.37403
3741 4.57155
3742 4.15973
3743 4.11604
3744 5.62127
3745 4.64446
3746 7.87104
3747 5.69995
3748 3.85819
3749 3.95536
3750 3.46648
3751 3.46186
3752 5.03542
3753 7.6924
3754 8.80446
3755 4.58571
3756 4.20251
3757 7.63861
3758 5.45815
3759 6.04809
3760 3.88214
3761 5.44217
3762 5.03621
3763 3.99786
3764 3.69912
3765 9.0979
3766 6.28588
3767 6.28396
3768 5.92499
3769 4.76849
3770 5.96211
3771 4.73634
3772 5.16266
3773 6.12374
3774 7.82498
3775 7.51222
3776 7.78693
3777 3.77585
3778 4.26119
3779 4.11338
3780 3.9535
3781 4.38172
3782 6.70295
3783 4.54264
3784 5.18333
3785 4.36671
3786 4.18615
3787 3.88579
3788 4.85256
3789 3.94799
3790 3.26813
3791 3.71702
3792 4.40832
3793 5.35327
3794 8.21229
3795 7.02926
3796 4.93002
3797 6.89813
3798 4.29422
3799 4.34938
3800 3.88012
3801 3.97788
3802 3.70628
3803 5.89209
3804 4.1128
3805 6.77613
3806 5.04443
3807 4.18435
3808 7.30425
3809 5.34181
3810 3.62897
3811 7.03885
3812 6.12287
3813 3.8966
3814 5.88347
3815 6.00393
3816 4.01399
3817 3.52273
3818 4.53442
3819 6.5008
3820 3.22265
3821 3.88196
3822 7.36941
3823 4.11071
3824 7.6842
3825 4.50381
3826 5.70038
3827 7.35712
3828 4.31059
3829 4.9306
3830 4.69952
3831 6.16338
3832 5.49609
3833 5.18552
3834 6.84561
3835 6.74625
3836 6.70495
3837 7.51403
3838 7.71884
3839 5.01943
3840 3.63787
3841 3.7696
3842 7.99075
3843 4.35162
3844 4.0933
3845 6.23741
3846 3.87195
3847 3.74071
3848 5.05538
3849 7.35521
3850 5.55546
3851 5.74357
3852 4.83712
3853 3.37846
3854 3.43172
3855 6.02849
3856 4.95344
3857 3.07143
3858 7.52836
3859 6.72486
3860 4.25302
3861 7.09186
3862 4.79504
3863 3.78858
3864 7.91777
3865 9.47703
3866 6.09658
3867 7.67103
3868 3.72652
3869 5.01744
3870 8.16537
3871 8.41166
3872 6.04459
3873 4.02745
3874 3.7532
3875 6.31067
3876 4.04272
3877 3.4092
3878 3.59478
3879 3.44572
3880 6.13457
3881 5.47913
3882 4.0583
3883 3.15688
3884 4.67731
3885 3.31823
3886 3.71106
3887 4.02362
3888 5.94393
3889 9.99271
3890 4.8751
3891 3.98649
3892 3.99719
3893 7.48207
3894 4.50618
3895 3.65585
3896 6.73979
3897 6.16913
3898 4.60721
3899 4.47521
3900 9.68341
3901 4.39927
3902 4.4904
3903 5.599
3904 5.19382
3905 4.98375
3906 6.05812
3907 3.45392
3908 4.50597
3909 4.54972
3910 3.55047
3911 5.19465
3912 5.18762
3913 5.54806
3914 4.06126
3915 5.28086
3916 6.45704
3917 4.45327
3918 3.84989
3919 3.6711
3920 4.19007
3921 8.44683
3922 3.65818
3923 3.77472
3924 4.09884
3925 5.62479
3926 7.08628
3927 8.2255
3928 3.74728
3929 4.99327
3930 6.18475
3931 7.39917
3932 8.29862
3933 4.28082
3934 4.20722
3935 5.74602
3936 8.33061
3937 4.08099
3938 9.34606
3939 5.58557
3940 5.05471
3941 7.49753
3942 3.75558
3943 3.25859
3944 7.35399
3945 4.34089
3946 6.11362
3947 7.55411
3948 4.25642
3949 5.18604
3950 6.95683
3951 3.69437
3952 4.2729
3953 7.89793
3954 7.46233
3955 3.59729
3956 4.42713
3957 4.66623
3958 4.32105
3959 4.33487
3960 4.52851
3961 5.28092
3962 6.8214
3963 6.02545
3964 5.44305
3965 6.21989
3966 5.42569
3967 4.36748
3968 4.30011
3969 4.76559
3970 4.11466
3971 4.0469
3972 9.83509
3973 6.11388
3974 5.73694
3975 6.50473
3976 4.21392
3977 3.49629
3978 6.93813
3979 3.59523
3980 4.39311
3981 3.66861
3982 4.35987
3983 5.15831
3984 4.65647
3985 6.93554
3986 4.15955
3987 4.50567
3988 3.60797
3989 3.77748
3990 6.36048
3991 4.87135
3992 4.54886
3993 8.6799
3994 6.09871
3995 7.68681
3996 6.25569
3997 3.43579
3998 4.9613
3999 4.07046
4000 4.85443
4001 3.94635
4002 7.27675
4003 4.22822
4004 3.97014
4005 5.16697
4006 5.09107
4007 5.06791
4008 6.79222
4009 9.16559
4010 4.82596
4011 4.75134
4012 3.82413
4013 5.88741
4014 4.06667
4015 3.54894
4016 3.11845
4017 3.4259
4018 4.9035
4019 9.31747
4020 4.75016
4021 4.80467
4022 6.02832
4023 5.92068
4024 3.4314
4025 4.46806
4026 4.06006
4027 3.68071
4028 3.92726
4029 5.71243
4030 5.77796
4031 5.10121
4032 9.02843
4033 4.76021
4034 4.56255
4035 6.27588
4036 3.96083
4037 4.97578
4038 4.00778
4039 6.30699
4040 6.18006
4041 5.42609
4042 4.7306
4043 6.43181
4044 4.51151
4045 3.87616
4046 5.02424
4047 7.84591
4048 6.07086
4049 4.14933
4050 4.58188
4051 9.8713
4052 5.46106
4053 5.91151
4054 7.45397
4055 5.46768
4056 4.28824
4057 5.76112
4058 3.70235
4059 5.06598
4060 4.37072
4061 6.32932
4062 8.43229
4063 3.75203
4064 4.47648
4065 6.06893
4066 4.99848
4067 9.53335
4068 4.36707
4069 5.03756
4070 3.90604
4071 8.46208
4072 6.10934
4073 5.14768
4074 6.79624
4075 4.24053
4076 3.50663
4077 3.86427
4078 6.6915
4079 3.34809
4080 5.9149
4081 3.93184
4082 3.96016
4083 4.34248
4084 5.60376
4085 6.719
4086 4.34899
4087 8.81183
4088 4.89131
4089 7.34095
4090 4.06273
4091 6.32313
4092 8.10159
4093 7.18011
4094 3.94486
4095 4.89763
4096 6.17901
4097 5.6039
4098 9.00525
4099 3.44836
4100 4.07502
4101 6.2748
4102 3.4162
4103 3.89044
4104 3.41158
4105 4.44078
4106 5.2808
4107 4.94627
4108 4.27455
4109 6.01236
4110 7.0335
4111 4.16622
4112 4.74859
4113 5.59885
4114 4.50415
4115 6.07517
4116 4.80244
4117 4.65863
4118 6.89581
4119 3.88338
4120 5.09181
4121 4.6462
4122 3.49116
4123 4.55442
4124 3.67021
4125 6.32131
4126 6.22997
4127 5.21431
4128 9.08118
4129 6.57971
4130 5.4967
4131 5.1938
4132 3.30507
4133 4.04689
4134 3.69097
4135 4.45222
4136 7.41595
4137 6.20125
4138 4.31781
4139 7.05364
4140 3.70982
4141 7.62339
4142 6.43622
4143 3.6189
4144 4.96222
4145 4.42369
4146 6.23573
4147 6.66619
4148 6.17357
4149 4.88473
4150 3.72823
4151 5.20499
4152 7.75691
4153 4.41872
4154 4.80117
4155 6.81603
4156 4.47827
4157 4.71184
4158 7.03703
4159 4.87168
4160 6.73391
4161 3.76118
4162 3.65785
4163 6.87373
4164 7.26043
4165 4.2797
4166 4.56927
4167 6.35747
4168 4.0966
4169 4.12581
4170 3.45786
4171 4.4048
4172 5.3399
4173 3.59881
4174 6.05035
4175 6.50581
4176 3.49915
4177 4.06614
4178 4.90174
4179 3.66396
4180 8.23846
4181 4.81699
4182 4.97273
4183 6.38844
4184 5.66532
4185 5.55745
4186 6.08063
4187 5.75133
4188 9.35796
4189 6.72573
4190 7.26023
4191 6.87574
4192 7.46844
4193 4.58558
4194 3.57842
4195 3.35795
4196 4.38913
4197 6.03719
4198 3.80249
4199 5.56258
4200 3.13331
4201 9.16144
4202 5.31096
4203 6.18406
4204 3.65321
4205 3.68881
4206 5.71331
4207 4.40342
4208 6.87296
4209 5.25974
4210 3.84338
4211 4.44836
4212 4.479
4213 5.34243
4214 4.44408
4215 5.08694
4216 9.83769
4217 4.91118
4218 5.46845
4219 6.64391
4220 7.13146
4221 5.42179
4222 5.38099
4223 7.95773
4224 3.62915
4225 4.69248
4226 7.0996
4227 8.39865
4228 5.32554
4229 7.00094
4230 3.96308
4231 3.20918
4232 4.55958
4233 7.15187
4234 6.41124
4235 3.82597
4236 4.70344
4237 4.19651
4238 5.30555
4239 6.98923
4240 5.89432
4241 7.3912
4242 3.61448
4243 7.22193
4244 3.83027
4245 3.99358
4246 3.73443
4247 4.55885
4248 7.22948
4249 4.49186
4250 5.36095
4251 6.97538
4252 4.68464
4253 3.61152
4254 5.18586
4255 5.96657
4256 7.43734
4257 5.54172
4258 4.86615
4259 5.09339
4260 4.21364
4261 3.92255
4262 3.10186
4263 4.72198
4264 4.50601
4265 6.79159
4266 4.56188
4267 8.68492
4268 4.84611
4269 4.35586
4270 5.64462
4271 6.07284
4272 4.78946
4273 4.42627
4274 4.24648
4275 3.83853
4276 5.06618
4277 4.96253
4278 7.10134
4279 7.44965
4280 4.39406
4281 8.27512
4282 4.59876
4283 4.60241
4284 5.14998
4285 3.84334
4286 3.66918
4287 4.36917
4288 4.61024
4289 7.26661
4290 3.34001
4291 6.3135
4292 4.95487
4293 3.4844
4294 5.20091
4295 6.54895
4296 9.19928
4297 4.16387
4298 6.2533
4299 4.10943
4300 4.03411
4301 3.66429
4302 3.15452
4303 5.1916
4304 7.48746
4305 4.49638
4306 4.53158
4307 4.9728
4308 3.1744
4309 7.32362
4310 4.65509
4311 5.86649
4312 3.72778
4313 5.26832
4314 5.18008
4315 5.08127
4316 3.74843
4317 4.50354
4318 3.74238
4319 5.19922
4320 4.12799
4321 5.87329
4322 5.25616
4323 6.60848
4324 4.8887
4325 4.80344
4326 5.37294
4327 3.62524
4328 4.26595
4329 6.17174
4330 5.0682
4331 6.39373
4332 6.7532
4333 4.84899
4334 6.17611
4335 5.04116
4336 4.96355
4337 7.11196
4338 4.66583
4339 5.21866
4340 6.7375
4341 6.7496
4342 3.76534
4343 5.24998
4344 4.27381
4345 6.89402
4346 3.306
4347 3.57692
4348 6.77938
4349 5.03844
4350 4.13827
4351 4.87146
4352 5.75264
4353 5.53089
4354 4.04629
4355 4.20151
4356 4.22323
4357 6.23254
4358 3.83374
4359 3.7647
4360 5.34286
4361 4.37914
4362 5.95746
4363 4.95589
4364 3.94864
4365 4.23791
4366 4.79946
4367 4.75618
4368 3.8447
4369 5.00096
4370 3.51423
4371 4.24011
4372 4.81347
4373 6.05451
4374 3.94963
4375 6.88912
4376 3.96296
4377 5.10683
4378 5.66285
4379 7.3569
4380 3.54063
4381 5.63993
4382 4.37194
4383 4.40047
4384 6.61286
4385 5.69061
4386 3.76648
4387 5.445
4388 6.49832
4389 4.03905
4390 4.62304
4391 3.67498
4392 6.14845
4393 5.82697
4394 4.69461
4395 7.86798
4396 4.19123
4397 4.31716
4398 9.81102
4399 5.18727
4400 7.82958
4401 3.52887
4402 4.0297
4403 9.34402
4404 4.74942
4405 6.23224
4406 4.29124
4407 4.74159
4408 6.83749
4409 4.14159
4410 8.4327
4411 4.84832
4412 3.32307
4413 8.51848
4414 5.43212
4415 5.69284
4416 8.12175
4417 7.02413
4418 7.02596
4419 7.33554
4420 3.68361
4421 5.60941
4422 3.19026
4423 6.11749
4424 4.43385
4425 8.10915
4426 5.49669
4427 9.70269
4428 6.83986
4429 6.08984
4430 8.28451
4431 6.33688
4432 7.48996
4433 6.05326
4434 3.71651
4435 5.23659
4436 4.69369
4437 5.25416
4438 3.46945
4439 5.06204
4440 4.15585
4441 4.31767
4442 4.13673
4443 5.0485
4444 4.32284
4445 7.29154
4446 6.41007
4447 6.54006
4448 5.07569
4449 7.88761
4450 4.60171
4451 5.00658
4452 4.16284
4453 3.72522
4454 7.77045
4455 3.98069
4456 4.68556
4457 3.22884
4458 4.19896
4459 7.83079
4460 7.0311
4461 4.4155
4462 5.73931
4463 7.11185
4464 5.84
4465 3.61409
4466 8.07699
4467 9.6783
4468 5.25361
4469 3.91846
4470 3.89907
4471 8.48027
4472 4.18818
4473 4.63626
4474 5.75069
4475 3.92819
4476 5.60605
4477 4.44596
4478 4.31008
4479 6.53201
4480 4.90251
4481 3.87923
4482 6.61691
4483 4.91138
4484 4.69634
4485 7.9714
4486 7.29135
4487 4.13103
4488 6.05043
4489 5.4378
4490 3.37248
4491 4.58226
4492 4.63632
4493 5.0512
4494 7.68327
4495 6.68453
4496 7.14631
4497 3.55729
4498 6.00478
4499 4.58981
4500 7.12531
4501 4.43421
4502 6.42514
4503 5.60345
4504 4.5875
4505 4.30305
4506 3.36234
4507 4.51934
4508 3.71267
4509 6.97844
4510 4.10143
4511 5.60729
4512 5.09772
4513 5.75282
4514 4.18373
4515 5.38404
4516 6.55034
4517 6.31673
4518 4.11259
4519 5.1029
4520 5.46821
4521 3.94999
4522 3.30941
4523 4.56636
4524 7.40674
4525 6.33255
4526 4.18385
4527 5.73777
4528 7.51606
4529 5.27273
4530 4.80773
4531 5.34966
4532 3.46694
4533 4.86769
4534 3.49666
4535 5.07355
4536 7.27838
4537 6.37785
4538 4.29535
4539 7.945
4540 4.11174
4541 4.12096
4542 7.30566
4543 4.99478
4544 6.02382
4545 6.69396
4546 6.89824
4547 8.06336
4548 5.44169
4549 8.94914
4550 3.79446
4551 4.54176
4552 7.72491
4553 5.90883
4554 4.66311
4555 3.73633
4556 3.6054
4557 3.83178
4558 5.58106
4559 3.67936
4560 7.67337
4561 3.45163
4562 5.86978
4563 5.09336
4564 3.37309
4565 3.46872
4566 5.80449
4567 5.55951
4568 4.25742
4569 5.14397
4570 6.96721
4571 4.84373
4572 4.75354
4573 6.64752
4574 6.68254
4575 3.92072
4576 5.19827
4577 3.28153
4578 3.29915
4579 4.03602
4580 4.00117
4581 9.07495
4582 4.14247
4583 3.59886
4584 6.53847
4585 4.78574
4586 6.76842
4587 9.63823
4588 5.23781
4589 3.84528
4590 4.17836
4591 5.15865
4592 5.59501
4593 4.19475
4594 6.63839
4595 3.63431
4596 4.81379
4597 4.41496
4598 5.528
4599 6.31622
4600 3.7872
4601 4.02635
4602 4.83556
4603 9.40359
4604 3.73426
4605 3.36204
4606 4.39981
4607 3.61456
4608 5.18557
4609 3.91654
4610 5.01435
4611 4.99201
4612 4.63324
4613 5.30722
4614 3.88698
4615 3.42986
4616 6.14466
4617 5.06679
4618 7.21836
4619 4.04363
4620 3.58794
4621 4.24874
4622 5.2869
4623 3.93577
4624 6.34214
4625 3.79502
4626 5.17871
4627 8.53304
4628 5.24762
4629 4.15836
4630 3.68397
4631 4.80116
4632 3.07121
4633 6.4161
4634 5.96349
4635 6.13959
4636 4.52807
4637 5.17669
4638 4.69682
4639 3.76325
4640 5.83844
4641 4.11811
4642 4.80894
4643 4.13509
4644 3.48968
4645 3.50199
4646 4.26208
4647 3.9052
4648 3.61116
4649 4.99319
4650 8.0223
4651 4.63868
4652 6.25438
4653 3.643
4654 6.3499
4655 5.67582
4656 9.2377
4657 3.54573
4658 6.85818
4659 4.57609
4660 5.50958
4661 4.10816
4662 5.91562
4663 5.4622
4664 3.97418
4665 6.59913
4666 5.62003
4667 5.63673
4668 5.45328
4669 5.67508
4670 7.14532
4671 6.55747
4672 7.24754
4673 3.75235
4674 4.01977
4675 3.65468
4676 6.28753
4677 8.28781
4678 3.87722
4679 3.72833
4680 3.5051
4681 5.46939
4682 4.48649
4683 4.08729
4684 5.86235
4685 3.60683
4686 4.9236
4687 3.89853
4688 3.43522
4689 4.67607
4690 4.62179
4691 4.67667
4692 4.03515
4693 6.40297
4694 6.55751
4695 6.51775
4696 5.97578
4697 6.10148
4698 5.94989
4699 5.82758
4700 3.38462
4701 5.05425
4702 7.52941
4703 4.91195
4704 5.18995
4705 7.83602
4706 6.25192
4707 7.61524
4708 7.14651
4709 4.77591
4710 4.28035
4711 4.56569
4712 4.44177
4713 4.52985
4714 4.43178
4715 5.30087
4716 8.26405
4717 4.54617
4718 4.74861
4719 4.48626
4720 4.88919
4721 4.22538
4722 5.0308
4723 4.8858
4724 6.18584
4725 5.36536
4726 3.98421
4727 4.97836
4728 3.83507
4729 3.47774
4730 7.15732
4731 5.9149
4732 7.64599
4733 5.10177
4734 4.58931
4735 4.52176
4736 3.94067
4737 6.00091
4738 4.68419
4739 3.33421
4740 4.56605
4741 4.88249
4742 5.94807
4743 4.30936
4744 4.7395
4745 4.27248
4746 4.96068
4747 3.741
4748 5.20667
4749 7.40246
4750 8.20558
4751 3.57322
4752 4.15406
4753 8.58379
4754 4.31664
4755 7.2091
4756 5.95411
4757 8.71983
4758 3.56104
4759 3.70839
4760 6.77653
4761 4.33779
4762 4.07522
4763 4.32334
4764 4.62654
4765 3.85267
4766 9.04504
4767 3.3426
4768 7.40101
4769 3.62745
4770 4.37433
4771 7.45289
4772 3.69092
4773 7.20105
4774 3.55483
4775 4.65941
4776 4.772
4777 3.69354
4778 7.02075
4779 6.14167
4780 5.14392
4781 5.75304
4782 3.99998
4783 5.05986
4784 4.6916
4785 4.50586
4786 4.36944
4787 5.46366
4788 3.92412
4789 4.4069
4790 4.70851
4791 5.37134
4792 5.42715
4793 9.77288
4794 4.07879
4795 6.05068
4796 4.42814
4797 3.35742
4798 3.62212
4799 4.3722
4800 3.85125
4801 5.71074
4802 4.51703
4803 3.23108
4804 9.23729
4805 5.3648
4806 4.69418
4807 6.26099
4808 5.0695
4809 5.74476
4810 5.39797
4811 6.25778
4812 7.38821
4813 5.04802
4814 5.39957
4815 6.86679
4816 4.15072
4817 4.70421
4818 6.22521
4819 6.18841
4820 4.12537
4821 7.00672
4822 4.58419
4823 7.45982
4824 4.44333
4825 4.77372
4826 6.63295
4827 5.5326
4828 3.73679
4829 3.60451
4830 7.48267
4831 5.05917
4832 3.71816
4833 4.48834
4834 6.4413
4835 5.23958
4836 6.86017
4837 5.1518
4838 3.41608
4839 3.53256
4840 6.29498
4841 6.31355
4842 3.88536
4843 3.3085
4844 3.76107
4845 4.52385
4846 3.30298
4847 4.35368
4848 6.88687
4849 3.47554
4850 4.5193
4851 3.52672
4852 7.31978
4853 3.9171
4854 6.31605
4855 3.54287
4856 5.87775
4857 4.96863
4858 5.0888
4859 4.04221
4860 3.65705
4861 7.19461
4862 3.34313
4863 5.41389
4864 4.00767
4865 4.761
4866 4.33433
4867 3.95723
4868 5.51502
4869 5.28903
4870 3.96093
4871 4.11207
4872 6.17952
4873 3.34125
4874 4.32659
4875 4.47213
4876 5.29345
4877 4.22338
4878 4.06167
4879 6.81057
4880 9.82465
4881 5.39766
4882 6.72731
4883 4.30069
4884 4.12932
4885 5.58717
4886 6.26387
4887 3.727
4888 3.53241
4889 4.39685
4890 3.43302
4891 4.81953
4892 8.46703
4893 7.25362
4894 5.0111
4895 4.22177
4896 5.51849
4897 3.73245
4898 4.46473
4899 4.91447
4900 6.46183
4901 5.14884
4902 4.1952
4903 3.75713
4904 6.80431
4905 5.85366
4906 4.53323
4907 4.13242
4908 3.62193
4909 6.65475
4910 5.08865
4911 5.27796
4912 5.80536
4913 4.21058
4914 4.19133
4915 4.05387
4916 5.59923
4917 6.70496
4918 7.13026
4919 7.62499
4920 6.63617
4921 3.26933
4922 3.9864
4923 6.9019
4924 3.62613
4925 7.37371
4926 3.62094
4927 5.50986
4928 3.91647
4929 4.53726
4930 9.70231
4931 4.74138
4932 5.12685
4933 5.24574
4934 5.75797
4935 3.58453
4936 6.17178
4937 7.7725
4938 8.37838
4939 6.31469
4940 5.29993
4941 5.59235
4942 4.62633
4943 9.62046
4944 5.01489
4945 8.69894
4946 5.28121
4947 3.61318
4948 3.28242
4949 6.33975
4950 4.56644
4951 3.57874
4952 3.5987
4953 6.70207
4954 8.62693
4955 9.34801
4956 6.70314
4957 4.24331
4958 3.5757
4959 6.51158
4960 3.67804
4961 4.75018
4962 6.69226
4963 5.02394
4964 4.86051
4965 5.15546
4966 3.64102
4967 3.87789
4968 4.03407
4969 7.33192
4970 4.14576
4971 7.36002
4972 5.52557
4973 7.60674
4974 7.12836
4975 5.43406
4976 6.20805
4977 5.31736
4978 3.2076
4979 4.4799
4980 5.11805
4981 4.51921
4982 6.4376
4983 7.1974
4984 3.99391
4985 5.73863
4986 6.86334
4987 7.01954
4988 3.24534
4989 4.32468
4990 4.52846
4991 4.24215
4992 4.13948
4993 4.82606
4994 4.29268
4995 4.66538
4996 5.29725
4997 4.13405
4998 6.89565
4999 3.94157
5000 6.34054
5001 4.79625
5002 5.74855
5003 4.13668
5004 4.23261
5005 4.6187
5006 4.85863
5007 5.70551
5008 3.61095
5009 3.4023
5010 5.00476
5011 4.52237
5012 6.76336
5013 8.26097
5014 4.2125
5015 4.60573
5016 5.32134
5017 4.15071
5018 5.9804
5019 3.22762
5020 4.04087
5021 5.04492
5022 5.26942
5023 5.86169
5024 5.34121
5025 7.11652
5026 6.0976
5027 5.26725
5028 4.95105
5029 5.57396
5030 5.72051
5031 5.30941
5032 4.66303
5033 4.5301
5034 5.28681
5035 3.64021
5036 5.59596
5037 3.45059
5038 3.60248
5039 5.8436
5040 4.59784
5041 5.16602
5042 4.77391
5043 4.85842
5044 6.01256
5045 5.98677
5046 6.37754
5047 6.63303
5048 3.8861
5049 6.96192
5050 6.93818
5051 4.3473
5052 6.1521
5053 5.50391
5054 4.86423
5055 5.37494
5056 5.70042
5057 5.27683
5058 5.35265
5059 3.07055
5060 7.2963
5061 5.55263
5062 4.94008
5063 4.02734
5064 9.7179
5065 5.6317
5066 4.90266
5067 3.3862
5068 3.65417
5069 4.74288
5070 6.53068
5071 5.23457
5072 5.1335
5073 5.94842
5074 7.66138
5075 5.44003
5076 5.53494
5077 6.09891
5078 3.97918
5079 5.88968
5080 5.93081
5081 4.02613
5082 4.88108
5083 4.0905
5084 4.45362
5085 7.2594
5086 4.89138
5087 5.12893
5088 5.96072
5089 8.62084
5090 5.87518
5091 4.30263
5092 5.13206
5093 7.79052
5094 7.83694
5095 6.12137
5096 5.80143
5097 4.91745
5098 5.86531
5099 3.95399
5100 4.43825
5101 5.78064
5102 4.81703
5103 4.65644
5104 5.73387
5105 4.73716
5106 5.41413
5107 4.39203
5108 3.88006
5109 3.58022
5110 7.29157
5111 6.83898
5112 3.66661
5113 4.48405
5114 4.33528
5115 5.84397
5116 7.01708
5117 4.23288
5118 5.21423
5119 3.60275
5120 3.46911
5121 6.13235
5122 6.02736
5123 3.60411
5124 5.02362
5125 5.61088
5126 6.62283
5127 4.64434
5128 6.06227
5129 5.14246
5130 4.13936
5131 3.82625
5132 5.08458
5133 3.64554
5134 3.58865
5135 6.15286
5136 5.55151
5137 4.50435
5138 7.78601
5139 3.75468
5140 4.63958
5141 7.0026
5142 3.3862
5143 3.92671
5144 4.94975
5145 4.1483
5146 6.99704
5147 5.02085
5148 5.01537
5149 4.42553
5150 5.05401
5151 4.44347
5152 8.00529
5153 6.32584
5154 8.89917
5155 4.49453
5156 5.52334
5157 4.0626
5158 4.77014
5159 4.97881
5160 5.1428
5161 5.05156
5162 6.10956
5163 9.53885
5164 3.61791
5165 4.5216
5166 4.07083
5167 7.45284
5168 6.20989
5169 5.09321
5170 5.30137
5171 5.91463
5172 4.33085
5173 4.3614
5174 5.67869
5175 4.17102
5176 4.40787
5177 4.25133
5178 4.18046
5179 5.20074
5180 5.41597
5181 7.2682
5182 6.08146
5183 6.33863
5184 3.87245
5185 3.81491
5186 6.66959
5187 6.64255
5188 7.37288
5189 5.44562
5190 5.51412
5191 3.29465
5192 5.57693
5193 4.99789
5194 6.41458
5195 5.73623
5196 4.02961
5197 4.15518
5198 4.61337
5199 6.28468
5200 4.22848
5201 4.5485
5202 3.42485
5203 5.89952
5204 4.39275
5205 8.73539
5206 4.20924
5207 4.9548
5208 4.78757
5209 7.75927
5210 6.71497
5211 4.90074
5212 6.4695
5213 3.63616
5214 6.56031
5215 5.7462
5216 4.60903
5217 6.37887
5218 6.64201
5219 7.85446
5220 5.57328
5221 5.87107
5222 5.21216
5223 3.84924
5224 4.7739
5225 3.99549
5226 4.87825
5227 5.07938
5228 5.83995
5229 6.3209
5230 7.29907
5231 5.25372
5232 5.38989
5233 4.52134
5234 6.55901
5235 5.98398
5236 6.91775
5237 3.46407
5238 6.81541
5239 6.48269
5240 7.31355
5241 8.04111
5242 4.21425
5243 4.879
5244 3.10011
5245 3.33734
5246 6.0741
5247 4.65609
5248 3.46197
5249 4.41585
5250 4.26868
5251 3.28835
5252 5.05672
5253 7.43426
5254 4.00063
5255 4.34679
5256 7.08515
5257 7.2305
5258 3.28856
5259 4.59259
5260 4.03619
5261 4.54231
5262 4.30681
5263 3.58726
5264 5.81465
5265 4.16629
5266 6.98111
5267 4.12351
5268 5.56592
5269 4.78025
5270 4.15908
5271 6.55023
5272 4.57078
5273 4.40306
5274 3.86638
5275 6.77779
5276 4.76734
5277 3.84936
5278 5.98428
5279 5.04452
5280 3.40598
5281 4.84291
5282 5.88637
5283 5.54794
5284 8.64356
5285 3.65712
5286 4.7609
5287 5.76439
5288 4.67298
5289 3.43317
5290 5.47129
5291 3.37516
5292 4.83482
5293 8.43921
5294 6.58707
5295 8.25798
5296 7.1968
5297 4.68765
5298 5.25641
5299 4.46393
5300 4.90512
5301 9.15971
5302 4.02407
5303 5.11738
5304 5.26749
5305 6.01532
5306 8.48935
5307 7.09079
5308 4.42301
5309 3.21609
5310 5.34846
5311 7.14137
5312 5.49329
5313 4.08088
5314 5.37276
5315 4.20999
5316 7.329
5317 5.10843
5318 7.21677
5319 3.90352
5320 4.57891
5321 4.38178
5322 9.48106
5323 4.03518
5324 4.74326
5325 3.2937
5326 5.2926
5327 3.94941
5328 8.99678
5329 4.75318
5330 4.60021
5331 4.60056
5332 5.89254
5333 3.55242
5334 4.17846
5335 4.58264
5336 4.682
5337 4.31289
5338 3.34614
5339 8.75399
5340 6.87365
5341 5.03017
5342 5.1758
5343 5.33946
5344 6.73992
5345 4.49054
5346 6.80291
5347 5.2431
5348 7.41401
5349 8.01402
5350 8.98957
5351 6.76609
5352 4.43063
5353 6.68085
5354 5.4481
5355 4.12977
5356 3.80523
5357 5.57266
5358 5.6468
5359 5.11634
5360 5.84221
5361 5.2179
5362 3.66426
5363 4.63861
5364 4.42998
5365 8.30623
5366 7.6964
5367 7.67248
5368 6.83701
5369 4.75173
5370 4.10442
5371 5.54055
5372 3.35398
5373 3.85305
5374 3.41486
5375 5.62497
5376 5.18704
5377 5.40551
5378 5.58305
5379 6.34678
5380 3.20173
5381 4.17135
5382 9.26623
5383 8.15734
5384 5.52021
5385 3.45719
5386 5.2289
5387 8.49254
5388 5.61519
5389 6.92632
5390 6.90447
5391 3.82973
5392 4.73358
5393 7.98045
5394 8.5132
5395 5.76268
5396 5.43842
5397 3.65791
5398 8.1131
5399 5.00378
5400 3.41413
5401 3.40829
5402 5.71043
5403 3.34763
5404 7.50497
5405 4.64534
5406 5.31815
5407 5.50367
5408 4.77971
5409 3.58377
5410 4.99776
5411 4.21117
5412 4.30755
5413 5.52026
5414 4.80614
5415 3.74397
5416 7.48585
5417 3.59425
5418 3.84963
5419 3.79684
5420 3.41914
5421 6.40691
5422 4.41733
5423 6.31298
5424 4.5305
5425 4.08012
5426 6.19341
5427 4.41418
5428 9.78875
5429 5.26103
5430 3.90989
5431 5.98596
5432 3.57861
5433 3.42453
5434 4.63621
5435 7.57422
5436 6.76126
5437 4.27702
5438 5.71545
5439 4.29754
5440 4.92029
5441 5.60005
5442 4.50285
5443 5.82373
5444 3.98519
5445 4.53956
5446 4.7135
5447 5.60687
5448 5.03002
5449 5.42679
5450 3.96221
5451 7.51809
5452 8.30027
5453 5.0984
5454 4.53989
5455 4.91501
5456 4.29748
5457 4.45552
5458 7.55286
5459 5.51058
5460 4.87972
5461 3.55422
5462 8.06245
5463 7.99269
5464 5.01858
5465 6.03493
5466 4.34655
5467 5.89474
5468 5.86893
5469 7.89729
5470 5.18589
5471 6.0117
5472 4.88707
5473 4.27774
5474 4.45943
5475 3.89743
5476 4.2176
5477 6.09879
5478 6.05582
5479 4.99913
5480 3.60885
5481 6.07703
5482 5.6974
5483 6.94506
5484 3.12323
5485 4.09894
5486 4.08933
5487 3.93646
5488 5.1146
5489 4.16411
5490 3.61415
5491 3.7897
5492 5.05831
5493 4.04339
5494 4.02959
5495 5.10031
5496 4.85488
5497 3.79093
5498 3.07552
5499 4.76328
5500 7.11479
5501 3.73781
5502 9.71181
5503 5.01469
5504 5.60936
5505 4.02307
5506 4.59982
5507 5.95266
5508 9.06959
5509 4.82136
5510 4.77294
5511 5.3823
5512 5.39423
5513 5.30013
5514 4.92245
5515 7.91269
5516 3.49574
5517 6.09922
5518 7.75989
5519 3.74975
5520 4.90329
5521 9.07532
5522 3.99991
5523 3.70252
5524 4.20875
5525 4.76268
5526 7.21015
5527 4.84865
5528 4.51974
5529 5.41825
5530 3.59583
5531 3.79965
5532 4.7296
5533 5.72152
5534 5.21477
5535 4.25737
5536 6.9335
5537 5.90751
5538 6.76819
5539 3.66554
5540 6.64866
5541 4.02538
5542 4.66051
5543 4.39317
5544 5.19843
5545 3.76912
5546 3.771
5547 4.03791
5548 4.15458
5549 5.27235
5550 7.90143
5551 4.30375
5552 6.29286
5553 4.15709
5554 5.99589
5555 5.52021
5556 5.18597
5557 6.84673
5558 5.84458
5559 7.55558
5560 3.52231
5561 4.16235
5562 5.24591
5563 5.08133
5564 9.14632
5565 4.5335
5566 5.33005
5567 8.18399
5568 7.80656
5569 4.83957
5570 4.08452
5571 3.70936
5572 5.55281
5573 5.07865
5574 5.82377
5575 7.18021
5576 5.07435
5577 5.25456
5578 8.75114
5579 3.68545
5580 4.7496
5581 3.39875
5582 4.11258
5583 4.8842
5584 6.24442
5585 7.46762
5586 3.60211
5587 3.30023
5588 4.52077
5589 6.25039
5590 7.95556
5591 7.61122
5592 7.21734
5593 4.58472
5594 3.80456
5595 4.74561
5596 8.72341
5597 5.41505
5598 7.57527
5599 4.69964
5600 6.73163
5601 5.68782
5602 6.51933
5603 4.01225
5604 6.08265
5605 6.61763
5606 4.16788
5607 4.26422
5608 3.67623
5609 3.6287
5610 4.78841
5611 6.03862
5612 6.55245
5613 5.23786
5614 7.75557
5615 7.23254
5616 3.80754
5617 4.7221
5618 4.48761
5619 4.67589
5620 7.3751
5621 7.28077
5622 6.34835
5623 4.84941
5624 4.31199
5625 3.45639
5626 7.04915
5627 5.84899
5628 6.19501
5629 5.05043
5630 5.19784
5631 3.82198
5632 3.6678
5633 7.13611
5634 5.09037
5635 5.34921
5636 8.64939
5637 4.71562
5638 6.52238
5639 3.64045
5640 7.02809
5641 3.85444
5642 3.67643
5643 4.70073
5644 6.29451
5645 4.6891
5646 4.62688
5647 6.2884
5648 6.64695
5649 3.1683
5650 5.14395
5651 3.52254
5652 4.71465
5653 3.60512
5654 4.7547
5655 5.74197
5656 7.28184
5657 4.61449
5658 7.97827
5659 6.39209
5660 3.74407
5661 6.7385
5662 4.40178
5663 4.04534
5664 6.20964
5665 4.28284
5666 5.48367
5667 3.70113
5668 3.37381
5669 7.40241
5670 6.42268
5671 6.59005
5672 7.81236
5673 7.94109
5674 4.5392
5675 5.17761
5676 6.51568
5677 3.51204
5678 3.09892
5679 6.52187
5680 5.33033
5681 5.36645
5682 6.07514
5683 4.01426
5684 7.06625
5685 3.59833
5686 5.32765
5687 5.03882
5688 5.31275
5689 6.58948
5690 4.68683
5691 4.93756
5692 4.67385
5693 5.35565
5694 3.62387
5695 8.37372
5696 6.64078
5697 6.90904
5698 5.8168
5699 4.46781
5700 4.59209
5701 7.03588
5702 4.44051
5703 4.56331
5704 3.29999
5705 4.35415
5706 3.35054
5707 4.41144
5708 3.99192
5709 6.27114
5710 3.68362
5711 7.66868
5712 5.29803
5713 3.63725
5714 5.99753
5715 5.28034
5716 4.36111
5717 4.82515
5718 3.92489
5719 6.29514
5720 7.15599
5721 6.16772
5722 7.71371
5723 3.79154
5724 3.44675
5725 6.05775
5726 4.18513
5727 8.21427
5728 6.9369
5729 6.86247
5730 4.66652
5731 6.3212
5732 6.57599
5733 5.69474
5734 7.29381
5735 4.17932
5736 4.43223
5737 6.92072
5738 5.49777
5739 3.10682
5740 4.14409
5741 5.29333
5742 4.84795
5743 4.2454
5744 9.39276
5745 4.25917
5746 5.11705
5747 4.8304
5748 9.57512
5749 7.68577
5750 4.28979
5751 5.78379
5752 5.41668
5753 4.27445
5754 4.02629
5755 5.61108
5756 6.27537
5757 6.68524
5758 7.65144
5759 4.46576
5760 4.04098
5761 4.4205
5762 4.42779
5763 4.18318
5764 7.01972
5765 6.36067
5766 5.80681
5767 3.24469
5768 5.44352
5769 6.96438
5770 5.31731
5771 6.04886
5772 4.4968
5773 4.1919
5774 4.57137
5775 5.41142
5776 9.67173
5777 3.28318
5778 4.74527
5779 6.38718
5780 4.22182
5781 6.3964
5782 7.80386
5783 5.68921
5784 5.47625
5785 4.33519
5786 7.49376
5787 5.00902
5788 3.93861
5789 3.1135
5790 3.54138
5791 4.0131
5792 4.40079
5793 3.74348
5794 7.67144
5795 5.52352
5796 5.49241
5797 6.42322
5798 5.47377
5799 4.88123
5800 5.08638
5801 4.24843
5802 3.83233
5803 5.12057
5804 6.18691
5805 5.31012
5806 4.55717
5807 7.77789
5808 7.53028
5809 5.74889
5810 3.84278
5811 3.83948
5812 6.63269
5813 3.77279
5814 7.22293
5815 6.11641
5816 7.92243
5817 5.33698
5818 3.83997
5819 7.50971
5820 5.85856
5821 4.84299
5822 5.80239
5823 5.70847
5824 4.84685
5825 5.14747
5826 6.49568
5827 5.16716
5828 5.06823
5829 7.01294
5830 3.34077
5831 5.55543
5832 3.6602
5833 3.81916
5834 4.92412
5835 5.96126
5836 4.188
5837 5.6402
5838 7.46392
5839 6.08364
5840 6.56975
5841 6.95652
5842 5.17054
5843 4.37742
5844 5.26466
5845 3.7211
5846 5.01975
5847 4.82512
5848 6.83606
5849 7.05035
5850 9.11743
5851 5.21683
5852 4.755
5853 5.42068
5854 4.88566
5855 4.84129
5856 4.81073
5857 5.49084
5858 3.40588
5859 4.09917
5860 4.718
5861 6.47563
5862 4.97079
5863 3.5345
5864 5.1585
5865 5.17383
5866 6.59922
5867 5.73057
5868 4.73342
5869 3.13992
5870 4.51011
5871 4.31429
5872 3.96517
5873 5.32547
5874 4.27631
5875 4.70533
5876 5.8086
5877 3.33154
5878 3.36221
5879 4.1483
5880 4.88321
5881 5.91527
5882 4.18358
5883 3.95376
5884 9.90028
5885 4.08952
5886 4.4824
5887 4.75507
5888 5.97977
5889 6.09002
5890 8.14718
5891 6.49847
5892 4.8478
5893 4.9532
5894 4.73739
5895 6.67496
5896 5.74707
5897 8.66195
5898 5.70673
5899 4.3205
5900 5.99217
5901 3.87098
5902 4.65925
5903 4.58785
5904 4.75986
5905 4.68895
5906 4.18661
5907 4.61253
5908 4.27335
5909 5.05029
5910 5.88983
5911 9.27002
5912 4.21573
5913 3.91294
5914 8.29732
5915 4.14768
5916 4.62567
5917 4.3505
5918 3.57753
5919 3.82054
5920 4.55811
5921 4.68738
5922 4.12519
5923 3.82039
5924 5.77707
5925 7.64371
5926 4.71002
5927 5.69299
5928 8.05739
5929 4.67486
5930 7.67713
5931 4.77546
5932 3.86547
5933 5.93679
5934 4.31169
5935 5.61564
5936 4.28494
5937 3.77403
5938 3.51698
5939 4.46027
5940 4.14453
5941 5.28664
5942 3.67025
5943 3.78366
5944 8.32942
5945 5.32469
5946 5.795
5947 4.99104
5948 7.50663
5949 5.37939
5950 3.99534
5951 3.88725
5952 6.88539
5953 6.68249
5954 4.77694
5955 3.88519
5956 6.1882
5957 5.20558
5958 4.4662
5959 3.78033
5960 4.55701
5961 8.33785
5962 5.228
5963 6.17093
5964 4.10721
5965 5.3021
5966 3.38299
5967 3.95313
5968 3.15419
5969 7.89118
5970 5.49653
5971 4.60913
5972 7.38796
5973 4.73764
5974 4.1092
5975 6.68477
5976 6.50737
5977 4.21386
5978 6.7575
5979 6.05032
5980 5.16696
5981 6.17854
5982 6.37894
5983 3.31008
5984 5.64616
5985 6.49547
5986 3.52624
5987 8.37074
5988 4.56818
5989 6.0062
5990 5.65019
5991 5.02451
5992 4.85002
5993 4.54901
5994 4.14993
5995 3.26727
5996 4.08165
5997 3.9765
5998 4.8055
5999 4.96547
6000 6.30752
6001 8.62336
6002 4.70395
6003 6.69661
6004 7.21252
6005 4.33869
6006 6.76785
6007 5.47268
6008 4.28235
6009 5.54564
6010 4.00559
6011 6.71093
6012 6.57394
6013 5.16951
6014 4.72931
6015 5.30734
6016 4.12153
6017 5.12472
6018 4.45865
6019 4.00695
6020 4.29741
6021 8.79619
6022 4.29234
6023 3.46443
6024 4.22783
6025 4.58232
6026 4.1358
6027 6.26244
6028 8.44062
6029 8.58753
6030 4.85991
6031 4.84576
6032 3.31966
6033 3.37736
6034 3.68883
6035 5.8634
6036 3.58279
6037 6.03468
6038 4.87556
6039 4.48104
6040 5.68253
6041 4.9
6042 6.14136
6043 4.97066
6044 3.41642
6045 5.84953
6046 6.17594
6047 6.49558
6048 5.40417
6049 6.81953
6050 4.46323
6051 4.50185
6052 4.94262
6053 3.77448
6054 7.02153
6055 4.90049
6056 4.3941
6057 5.41919
6058 6.14358
6059 4.73329
6060 4.85027
6061 3.27681
6062 4.63191
6063 5.2236
6064 4.06862
6065 6.20683
6066 5.47104
6067 4.15482
6068 9.22841
6069 4.86015
6070 5.77801
6071 7.32391
6072 5.8318
6073 6.60014
6074 8.61698
6075 4.50268
6076 4.15821
6077 5.49516
6078 5.92317
6079 4.55608
6080 4.50257
6081 4.40212
6082 4.12314
6083 7.0438
6084 3.954
6085 4.3844
6086 7.38006
6087 8.61705
6088 5.90767
6089 5.28756
6090 6.66279
6091 5.72164
6092 4.76216
6093 5.46726
6094 4.06624
6095 3.88267
6096 3.41411
6097 7.88192
6098 4.14379
6099 5.125
6100 4.53757
6101 5.10989
6102 6.36495
6103 5.44489
6104 4.21274
6105 6.57834
6106 3.69389
6107 6.90862
6108 7.48017
6109 6.83428
6110 5.42921
6111 4.00313
6112 6.88622
6113 6.19595
6114 6.5516
6115 4.5693
6116 5.18706
6117 4.93493
6118 6.44715
6119 5.4116
6120 4.76166
6121 4.23481
6122 5.44468
6123 6.72805
6124 5.24394
6125 3.85569
6126 5.45307
6127 7.15331
6128 5.01396
6129 3.79782
6130 4.44146
6131 3.87259
6132 4.74197
6133 5.16922
6134 3.96314
6135 4.08904
6136 5.46298
6137 4.83337
6138 3.50423
6139 6.15138
6140 5.5477
6141 6.39994
6142 6.74483
6143 5.41718
6144 6.07127
6145 3.97023
6146 4.74166
6147 7.87434
6148 3.88686
6149 8.39633
6150 5.2852
6151 3.90653
6152 5.53272
6153 6.04362
6154 4.6002
6155 5.25206
6156 6.37287
6157 6.65729
6158 6.13737
6159 4.3961
6160 5.65049
6161 7.69215
6162 4.79283
6163 6.29012
6164 6.24706
6165 6.1919
6166 5.09968
6167 4.28897
6168 4.47887
6169 3.81478
6170 4.45686
6171 4.15095
6172 4.09796
6173 7.54139
6174 3.85626
6175 3.29656
6176 6.89913
6177 5.34894
6178 6.99709
6179 6.8511
6180 8.40269
6181 3.63192
6182 4.6049
6183 4.26038
6184 5.45506
6185 5.96204
6186 4.23254
6187 4.89232
6188 6.54768
6189 8.89777
6190 6.70812
6191 3.97612
6192 5.80676
6193 7.24972
6194 5.00457
6195 4.72501
6196 3.53007
6197 5.81984
6198 3.4784
6199 4.35648
6200 5.99114
6201 6.66682
6202 5.48636
6203 6.76154
6204 4.96876
6205 4.51098
6206 5.04625
6207 5.97305
6208 3.8926
6209 3.28724
6210 4.71851
6211 4.23875
6212 4.55482
6213 5.02906
6214 4.82598
6215 5.61138
6216 5.60561
6217 9.52842
6218 6.15368
6219 5.83994
6220 7.23695
6221 8.2806
6222 7.72026
6223 4.4128
6224 4.79118
6225 8.90633
6226 6.76139
6227 6.07934
6228 5.16256
6229 4.00132
6230 4.77046
6231 8.48086
6232 4.12488
6233 3.13837
6234 7.37654
6235 4.1287
6236 6.3167
6237 4.07318
6238 6.90345
6239 3.70481
6240 5.42374
6241 4.66932
6242 3.87684
6243 5.48413
6244 5.73954
6245 8.26327
6246 5.95314
6247 7.436
6248 3.51886
6249 5.05402
6250 3.54115
6251 6.58048
6252 4.24639
6253 6.24562
6254 4.02778
6255 7.44944
6256 4.79576
6257 6.60142
6258 4.25919
6259 4.76127
6260 3.93678
6261 5.42843
6262 3.79462
6263 6.47616
6264 7.42274
6265 3.94669
6266 6.99022
6267 4.82368
6268 4.95918
6269 7.32371
6270 5.60566
6271 9.46383
6272 4.26362
6273 4.67626
6274 8.91855
6275 6.7465
6276 3.34614
6277 6.86234
6278 4.66382
6279 3.39641
6280 7.26482
6281 5.27162
6282 4.73339
6283 6.71396
6284 5.9077
6285 6.04362
6286 4.35812
6287 6.88039
6288 6.74202
6289 5.18542
6290 4.03552
6291 9.04922
6292 5.07027
6293 3.69261
6294 5.87537
6295 3.76049
6296 3.56353
6297 4.44646
6298 6.37786
6299 8.25799
6300 4.80686
6301 4.78801
6302 5.2109
6303 4.7827
6304 4.54196
6305 4.60451
6306 4.65998
6307 3.35948
6308 4.68762
6309 6.90374
6310 3.86626
6311 4.69228
6312 3.46739
6313 4.70151
6314 4.85265
6315 4.93927
6316 5.8985
6317 4.93311
6318 6.1428
6319 4.06417
6320 3.6997
6321 6.13054
6322 6.2164
6323 4.48666
6324 7.14799
6325 6.25502
6326 7.18446
6327 5.42802
6328 4.16848
6329 4.22975
6330 4.12681
6331 7.35983
6332 5.08784
6333 4.89151
6334 8.80207
6335 3.989
6336 3.86977
6337 6.46713
6338 3.88582
6339 5.56151
6340 6.4703
6341 5.29535
6342 4.98647
6343 3.79164
6344 4.07271
6345 5.68345
6346 9.2836
6347 4.18128
6348 3.62223
6349 4.02194
6350 9.76902
6351 3.85697
6352 8.29266
6353 3.76213
6354 4.44006
6355 4.07453
6356 5.61065
6357 7.461
6358 7.6215
6359 3.67191
6360 4.3528
6361 6.08069
6362 4.00627
6363 4.26634
6364 8.46014
6365 5.46562
6366 6.71729
6367 5.40216
6368 5.5112
6369 5.77665
6370 6.55017
6371 3.72617
6372 4.13372
6373 3.9991
6374 3.33032
6375 4.16332
6376 5.47078
6377 7.55968
6378 4.45368
6379 5.491
6380 4.07735
6381 7.65503
6382 3.16434
6383 4.82268
6384 6.15339
6385 6.53415
6386 5.21794
6387 3.28199
6388 4.18355
6389 5.85651
6390 7.98003
6391 5.69624
6392 4.22771
6393 3.21805
6394 5.41472
6395 7.05651
6396 3.87904
6397 5.69318
6398 4.30609
6399 4.81758
6400 5.5524
6401 4.22138
6402 3.64323
6403 4.24908
6404 4.01104
6405 5.40645
6406 3.52462
6407 5.47799
6408 8.22662
6409 3.90874
6410 7.41519
6411 4.00733
6412 5.39363
6413 3.82601
6414 4.69975
6415 4.11298
6416 6.56956
6417 5.45141
6418 4.01906
6419 5.59839
6420 4.39784
6421 5.00235
6422 3.30928
6423 4.9309
6424 7.29966
6425 3.49728
6426 4.02505
6427 5.58419
6428 5.73952
6429 4.5835
6430 6.55747
6431 6.79518
6432 9.26135
6433 6.13063
6434 3.7624
6435 4.66289
6436 4.34289
6437 5.4624
6438 6.97786
6439 4.67673
6440 4.75068
6441 7.96172
6442 5.71393
6443 8.29031
6444 3.35097
6445 8.51717
6446 4.06331
6447 6.23844
6448 6.98035
6449 6.33983
6450 3.29318
6451 7.62268
6452 4.01406
6453 4.44613
6454 5.60551
6455 9.6461
6456 5.25275
6457 5.46791
6458 3.25227
6459 4.92234
6460 4.21289
6461 8.22435
6462 4.64857
6463 5.50205
6464 7.24828
6465 7.30805
6466 5.48424
6467 7.05858
6468 5.09555
6469 4.4644
6470 6.67359
6471 5.39808
6472 4.6175
6473 4.53069
6474 4.73779
6475 6.44637
6476 3.64624
6477 5.65323
6478 4.886
6479 5.77072
6480 3.30351
6481 4.23086
6482 5.41595
6483 6.30437
6484 4.61354
6485 6.20393
6486 4.26935
6487 5.52082
6488 8.7877
6489 4.90094
6490 5.43509
6491 6.02217
6492 4.66736
6493 8.5532
6494 4.74757
6495 4.07019
6496 5.28649
6497 6.08504
6498 5.15272
6499 4.16387
6500 6.26086
6501 3.42098
6502 3.81838
6503 4.24692
6504 4.38016
6505 4.21808
6506 4.88236
6507 6.84081
6508 8.84511
6509 7.86877
6510 6.68024
6511 4.28227
6512 7.5544
6513 9.94575
6514 3.40473
6515 6.02252
6516 7.19683
6517 5.52339
6518 4.29682
6519 6.35116
6520 5.81984
6521 3.73285
6522 3.3004
6523 3.86527
6524 6.75945
6525 3.72903
6526 6.84787
6527 8.95963
6528 8.26897
6529 5.53542
6530 5.5839
6531 6.00052
6532 7.02839
6533 8.1224
6534 4.99577
6535 4.18353
6536 6.45721
6537 5.25607
6538 7.94925
6539 5.27848
6540 3.47332
6541 4.94426
6542 4.69565
6543 7.09171
6544 5.87653
6545 4.51593
6546 3.20174
6547 5.1111
6548 6.89316
6549 3.66327
6550 3.72733
6551 3.5628
6552 7.69591
6553 5.23162
6554 4.92756
6555 5.19428
6556 4.58462
6557 4.31622
6558 5.03229
6559 5.82486
6560 7.48953
6561 5.57099
6562 4.62602
6563 5.25482
6564 3.85998
6565 6.7392
6566 6.46511
6567 4.86162
6568 7.34091
6569 5.01046
6570 6.73918
6571 7.30182
6572 7.5297
6573 7.03305
6574 4.05466
6575 3.63962
6576 5.41168
6577 5.98281
6578 5.92184
6579 5.31568
6580 7.09401
6581 5.81529
6582 5.07563
6583 3.91434
6584 5.03707
6585 7.68655
6586 5.54792
6587 6.33092
6588 3.70747
6589 3.86949
6590 6.6318
6591 4.59821
6592 5.01508
6593 5.70795
6594 4.40003
6595 3.65245
6596 9.14134
6597 3.95393
6598 4.4609
6599 4.41468
6600 4.78194
6601 8.32499
6602 4.21574
6603 4.52104
6604 6.83851
6605 4.63743
6606 3.9434
6607 5.09025
6608 3.41562
6609 5.88611
6610 6.14666
6611 3.51246
6612 8.69571
6613 3.86109
6614 4.29415
6615 3.73462
6616 5.32779
6617 4.59814
6618 4.30295
6619 3.21243
6620 6.9125
6621 4.73032
6622 7.90353
6623 7.13841
6624 5.73824
6625 4.03718
6626 5.1488
6627 7.72546
6628 6.90389
6629 7.13304
6630 5.0105
6631 5.30387
6632 5.94471
6633 9.35376
6634 6.80574
6635 4.68597
6636 6.40129
6637 5.74936
6638 4.1205
6639 5.28642
6640 6.74528
6641 5.43617
6642 8.19299
6643 8.29894
6644 3.67713
6645 6.49851
6646 7.99526
6647 3.97828
6648 4.10253
6649 6.37045
6650 7.36498
6651 7.33877
6652 5.41802
6653 4.45697
6654 5.30689
6655 6.20511
6656 4.55386
6657 4.19592
6658 7.00136
6659 3.63335
6660 7.65819
6661 5.77162
6662 3.64622
6663 9.76157
6664 9.80984
6665 4.12325
6666 4.53547
6667 4.79124
6668 3.1448
6669 4.09645
6670 4.96597
6671 3.33987
6672 7.88154
6673 4.05089
6674 4.66328
6675 4.89947
6676 5.98481
6677 3.7448
6678 4.89514
6679 6.00488
6680 4.40606
6681 6.07335
6682 9.28132
6683 5.74749
6684 3.76758
6685 5.84793
6686 6.0714
6687 4.78905
6688 6.02868
6689 3.60699
6690 8.42334
6691 4.12571
6692 8.83572
6693 8.85673
6694 4.74377
6695 3.36326
6696 3.28962
6697 8.24648
6698 4.3639
6699 7.03199
6700 6.88641
6701 3.99986
6702 5.48187
6703 4.75569
6704 4.71957
6705 6.45732
6706 4.57147
6707 7.82168
6708 6.03862
6709 6.35503
6710 6.18215
6711 4.7693
6712 4.77732
6713 5.12891
6714 3.79663
6715 6.89653
6716 6.65136
6717 6.9252
6718 8.50658
6719 4.21043
6720 6.77939
6721 8.69951
6722 5.00931
6723 3.7655
6724 6.8746
6725 7.46658
6726 7.18223
6727 5.40678
6728 5.7457
6729 5.90628
6730 6.90576
6731 5.04991
6732 6.29803
6733 5.21593
6734 7.23767
6735 3.37813
6736 5.37226
6737 4.93347
6738 6.56522
6739 5.81041
6740 3.83108
6741 5.7079
6742 4.30497
6743 5.13489
6744 5.07907
6745 7.05072
6746 5.07617
6747 6.46704
6748 4.33019
6749 4.1052
6750 7.33825
6751 6.1669
6752 3.54002
6753 4.66712
6754 4.66266
6755 4.5181
6756 5.78049
6757 4.23823
6758 4.66453
6759 4.82413
6760 6.45545
6761 7.90397
6762 5.00682
6763 6.93158
6764 4.69179
6765 5.56677
6766 4.88922
6767 5.86635
6768 3.78237
6769 3.97148
6770 8.78419
6771 6.73163
6772 4.10129
6773 4.41462
6774 7.05399
6775 4.52646
6776 3.29598
6777 5.0773
6778 7.42277
6779 5.48303
6780 6.27078
6781 6.16569
6782 8.90505
6783 5.85281
6784 6.4349
6785 5.19858
6786 3.81279
6787 5.38024
6788 4.05761
6789 3.81965
6790 4.25654
6791 4.09689
6792 5.04342
6793 6.46661
6794 7.32716
6795 5.44717
6796 5.36867
6797 9.99396
6798 3.73796
6799 4.16805
6800 3.23672
6801 3.83508
6802 4.91047
6803 4.78859
6804 6.66559
6805 5.79075
6806 5.66004
6807 7.22848
6808 5.15714
6809 5.73418
6810 5.95131
6811 5.96681
6812 5.85348
6813 4.62862
6814 5.09381
6815 4.04755
6816 5.06244
6817 5.15205
6818 5.82836
6819 3.75679
6820 4.79438
6821 4.90016
6822 9.50092
6823 6.94807
6824 4.28157
6825 5.99052
6826 5.29061
6827 7.64085
6828 4.42776
6829 4.60221
6830 4.2813
6831 5.05706
6832 4.218
6833 6.48141
6834 4.9479
6835 5.26496
6836 3.71964
6837 5.07222
6838 5.88795
6839 7.25319
6840 9.67672
6841 3.15194
6842 5.29928
6843 6.29757
6844 5.98041
6845 5.29668
6846 6.23323
6847 8.84004
6848 4.16916
6849 3.85727
6850 3.51723
6851 6.76264
6852 6.04596
6853 7.28332
6854 7.15496
6855 5.07648
6856 5.42513
6857 4.94778
6858 4.55827
6859 6.22516
6860 7.8064
6861 4.74437
6862 6.44868
6863 4.45112
6864 3.44588
6865 5.9672
6866 6.22904
6867 4.81234
6868 5.40776
6869 6.348
6870 5.21869
6871 5.06626
6872 4.9513
6873 4.69376
6874 3.76347
6875 4.56766
6876 3.7302
6877 7.5309
6878 5.34952
6879 5.209
6880 6.04755
6881 3.38074
6882 5.44722
6883 3.48294
6884 4.36148
6885 8.00354
6886 3.58669
6887 5.94054
6888 6.68055
6889 3.56756
6890 3.79691
6891 5.38562
6892 4.80212
6893 3.58463
6894 3.93797
6895 6.2347
6896 8.73217
6897 5.36104
6898 8.13342
6899 6.84216
6900 4.9227
6901 6.26599
6902 3.50806
6903 3.8363
6904 8.79336
6905 3.90606
6906 3.974
6907 7.17098
6908 5.60359
6909 9.149
6910 6.12278
6911 5.05906
6912 4.58775
6913 4.78771
6914 6.27916
6915 6.8798
6916 5.41516
6917 4.98564
6918 4.70319
6919 4.93773
6920 4.89525
6921 4.76962
6922 3.45366
6923 4.38042
6924 4.19375
6925 5.29011
6926 5.98133
6927 3.80505
6928 4.85926
6929 4.13725
6930 4.41233
6931 6.81708
6932 5.30049
6933 8.4947
6934 4.36265
6935 4.76722
6936 4.70269
6937 4.10983
6938 6.13334
6939 4.60759
6940 5.83824
6941 7.43503
6942 6.41537
6943 5.67857
6944 6.17118
6945 3.3523
6946 4.2003
6947 4.8784
6948 3.4869
6949 6.65145
6950 4.37448
6951 7.01438
6952 3.81129
6953 5.99057
6954 4.84968
6955 5.6244
6956 5.83815
6957 3.82383
6958 6.64737
6959 5.34724
6960 3.48043
6961 6.39739
6962 4.34392
6963 4.92635
6964 4.50755
6965 5.47633
6966 9.06977
6967 4.01275
6968 4.76941
6969 5.13875
6970 6.59725
6971 4.76332
6972 6.79039
6973 3.80345
6974 5.04463
6975 4.21817
6976 4.84401
6977 4.34073
6978 4.91041
6979 5.0452
6980 3.90077
6981 4.46941
6982 5.01581
6983 7.63211
6984 7.77757
6985 7.84215
6986 3.92015
6987 7.28633
6988 5.58448
6989 3.51455
6990 7.95748
6991 4.47517
6992 3.89401
6993 7.76238
6994 7.16199
6995 3.99059
6996 8.46841
6997 3.85363
6998 4.83348
6999 5.31922
7000 7.17958
7001 4.38169
7002 7.40495
7003 6.72243
7004 4.16119
7005 9.79574
7006 4.35384
7007 6.8439
7008 3.96597
7009 4.22888
7010 5.69953
7011 5.5
7012 8.27151
7013 8.38002
7014 7.00749
7015 4.80743
7016 3.68358
7017 5.56298
7018 4.21945
7019 4.12101
7020 4.37862
7021 3.45486
7022 4.14851
7023 8.73565
7024 4.86342
7025 4.29273
7026 3.8515
7027 6.68096
7028 7.27645
7029 4.04833
7030 4.22449
7031 3.6977
7032 7.10342
7033 4.17016
7034 8.18986
7035 7.23996
7036 7.02713
7037 4.44547
7038 5.36223
7039 6.5792
7040 4.40781
7041 4.46994
7042 3.50368
7043 7.26
7044 7.06804
7045 3.94337
7046 4.75752
7047 4.14542
7048 3.55767
7049 4.41089
7050 4.51746
7051 4.42564
7052 9.07214
7053 5.68096
7054 4.11333
7055 7.50259
7056 3.70905
7057 7.44016
7058 7.4743
7059 5.84495
7060 6.54956
7061 6.40967
7062 4.44604
7063 5.62999
7064 5.65335
7065 3.98452
7066 5.46648
7067 6.46978
7068 3.98679
7069 5.48407
7070 4.5664
7071 6.22753
7072 5.8715
7073 5.78321
7074 4.14999
7075 6.04446
7076 5.9225
7077 3.46684
7078 6.77962
7079 4.33042
7080 6.32101
7081 4.67895
7082 5.2191
7083 3.89002
7084 6.71261
7085 4.31324
7086 4.86382
7087 7.38958
7088 5.27425
7089 5.99909
7090 4.73746
7091 4.27206
7092 6.11735
7093 6.99376
7094 4.66562
7095 8.86188
7096 6.68598
7097 9.03899
7098 8.76623
7099 4.19542
7100 6.1159
7101 4.41227
7102 7.3268
7103 5.94325
7104 6.78084
7105 5.48721
7106 4.07207
7107 5.51638
7108 3.66673
7109 9.52554
7110 5.58035
7111 5.49599
7112 4.86465
7113 5.78092
7114 6.75793
7115 7.89298
7116 6.63282
7117 3.55044
7118 8.91555
7119 4.54561
7120 7.84998
7121 7.42142
7122 4.21234
7123 4.21498
7124 4.51234
7125 3.55636
7126 3.92289
7127 4.76525
7128 5.33976
7129 4.54662
7130 3.20761
7131 7.51737
7132 5.66594
7133 3.82601
7134 5.57593
7135 4.42889
7136 4.65289
7137 6.87669
7138 7.59081
7139 4.50233
7140 6.3766
7141 4.81868
7142 3.1046
7143 4.83059
7144 7.27707
7145 5.57242
7146 6.06368
7147 6.18853
7148 5.39473
7149 8.91422
7150 3.43891
7151 5.06719
7152 5.81313
7153 5.09221
7154 4.62325
7155 6.3139
7156 4.54848
7157 7.27246
7158 6.82683
7159 3.82054
7160 3.37695
7161 4.20534
7162 4.60469
7163 4.32697
7164 5.86735
7165 4.0455
7166 4.79101
7167 4.20641
7168 3.82412
7169 5.07444
7170 3.96959
7171 3.87894
7172 3.80897
7173 7.52248
7174 7.95804
7175 5.46428
7176 5.6235
7177 4.9656
7178 4.03817
7179 4.21875
7180 6.82197
7181 8.2403
7182 3.97065
7183 4.50701
7184 8.2783
7185 6.52767
7186 5.84468
7187 4.52033
7188 6.89123
7189 4.08893
7190 8.15778
7191 4.61701
7192 7.53722
7193 6.45141
7194 6.95725
7195 5.64758
7196 7.20231
7197 4.29957
7198 3.66457
7199 4.61831
7200 3.61709
7201 4.19231
7202 3.73684
7203 3.96974
7204 4.39372
7205 5.71817
7206 6.46218
7207 7.10237
7208 4.25691
7209 6.53275
7210 9.18616
7211 7.95122
7212 8.0097
7213 5.95959
7214 8.18335
7215 5.66624
7216 4.55096
7217 5.90872
7218 8.26898
7219 3.31268
7220 4.65784
7221 6.87098
7222 7.74987
7223 7.2788
7224 8.40163
7225 4.9942
7226 4.25238
7227 4.41764
7228 4.09998
7229 4.91727
7230 4.77775
7231 5.01017
7232 3.39485
7233 5.40999
7234 7.31033
7235 3.66702
7236 6.05466
7237 3.93306
7238 5.36529
7239 4.76671
7240 6.6383
7241 5.58174
7242 4.30608
7243 3.64319
7244 4.42892
7245 3.84888
7246 6.20681
7247 5.88476
7248 5.23875
7249 3.5639
7250 6.30738
7251 5.45373
7252 4.25708
7253 4.84887
7254 4.88265
7255 7.47771
7256 4.68456
7257 3.61615
7258 6.15004
7259 5.40384
7260 4.33376
7261 3.92117
7262 4.53496
7263 6.27236
7264 9.65377
7265 4.3388
7266 6.08342
7267 8.28062
7268 5.45323
7269 5.09031
7270 4.03159
7271 6.99912
7272 3.86735
7273 5.04723
7274 4.39614
7275 4.38371
7276 3.9952
7277 5.66344
7278 4.86749
7279 4.49954
7280 3.56925
7281 4.29345
7282 4.00662
7283 6.90725
7284 7.87488
7285 3.80759
7286 4.55188
7287 6.82038
7288 9.02311
7289 5.85142
7290 6.34901
7291 4.4658
7292 4.85025
7293 7.88282
7294 7.44125
7295 3.96837
7296 5.62683
7297 6.50507
7298 5.19177
7299 5.19404
7300 4.89468
7301 4.65248
7302 6.57881
7303 3.20604
7304 4.07773
7305 5.77331
7306 7.53818
7307 4.46418
7308 8.91146
7309 4.38139
7310 3.91189
7311 5.12924
7312 4.31458
7313 6.53612
7314 5.48463
7315 8.5949
7316 5.38293
7317 5.56518
7318 8.99428
7319 9.10563
7320 3.99538
7321 7.94923
7322 4.48162
7323 7.05236
7324 3.92694
7325 4.85249
7326 6.44606
7327 3.50505
7328 4.82821
7329 4.51657
7330 5.78984
7331 3.32055
7332 3.38492
7333 4.47054
7334 4.93658
7335 5.52246
7336 4.97438
7337 7.80921
7338 4.38235
7339 3.99241
7340 5.79144
7341 6.41973
7342 4.42747
7343 4.69403
7344 7.97619
7345 8.35576
7346 4.76761
7347 4.4494
7348 4.8677
7349 6.43896
7350 6.51267
7351 6.18879
7352 6.47651
7353 5.28172
7354 3.84389
7355 5.43158
7356 4.41544
7357 4.26794
7358 4.70638
7359 4.66244
7360 4.46714
7361 4.79403
7362 3.7657
7363 6.09227
7364 4.30035
7365 4.65899
7366 6.93851
7367 8.4215
7368 5.71772
7369 3.94317
7370 3.77298
7371 9.36842
7372 4.64102
7373 8.29969
7374 8.56257
7375 9.04469
7376 7.4528
7377 5.07881
7378 4.15844
7379 5.06466
7380 8.43258
7381 5.11834
7382 3.65324
7383 3.5643
7384 6.23245
7385 4.24118
7386 7.82469
7387 6.44122
7388 6.02347
7389 4.16916
7390 5.33053
7391 4.83093
7392 5.62265
7393 3.86701
7394 4.55048
7395 4.47286
7396 4.35297
7397 5.29886
7398 4.6464
7399 5.01904
7400 8.41621
7401 3.12726
7402 7.67401
7403 5.47881
7404 7.5673
7405 3.65671
7406 4.66938
7407 7.2414
7408 5.56927
7409 3.24915
7410 4.3067
7411 4.05714
7412 3.61192
7413 5.92377
7414 5.69096
7415 5.3926
7416 7.05649
7417 3.47376
7418 3.48286
7419 4.51373
7420 4.1024
7421 6.78559
7422 4.86245
7423 5.34521
7424 4.50827
7425 4.35191
7426 4.00095
7427 5.32118
7428 7.79429
7429 3.50731
7430 4.75851
7431 3.93085
7432 7.14423
7433 5.27018
7434 5.02999
7435 3.85244
7436 7.81237
7437 6.80041
7438 3.67577
7439 3.79842
7440 4.06341
7441 4.61758
7442 8.48531
7443 4.26146
7444 3.35323
7445 5.59992
7446 5.73975
7447 5.73795
7448 5.42607
7449 6.42783
7450 6.71893
7451 6.31291
7452 6.82696
7453 5.98956
7454 7.13775
7455 5.2423
7456 9.0418
7457 5.11542
7458 9.49361
7459 5.79412
7460 4.96175
7461 4.15932
7462 7.83937
7463 5.32509
7464 4.02023
7465 5.2388
7466 3.31341
7467 4.84403
7468 5.01123
7469 3.57583
7470 5.53517
7471 5.49696
7472 6.63022
7473 4.64612
7474 5.61911
7475 5.27679
7476 4.22314
7477 5.13511
7478 3.18927
7479 5.09823
7480 4.89025
7481 4.45764
7482 6.03654
7483 5.00071
7484 3.64359
7485 3.82146
7486 4.90728
7487 8.34697
7488 5.71301
7489 6.85567
7490 7.25871
7491 4.78488
7492 4.73381
7493 4.13882
7494 4.46977
7495 5.18422
7496 4.61835
7497 6.37546
7498 6.92441
7499 6.42071
7500 6.22006
7501 5.81773
7502 6.27267
7503 6.04231
7504 6.81365
7505 3.98401
7506 4.19302
7507 3.82132
7508 4.82914
7509 5.68424
7510 6.33164
7511 4.55363
7512 4.78661
7513 5.96839
7514 5.23575
7515 5.96948
7516 3.85034
7517 5.26726
7518 6.20169
7519 6.94568
7520 4.99522
7521 5.45106
7522 6.12257
7523 3.63225
7524 6.87343
7525 6.05103
7526 4.15147
7527 7.52402
7528 3.39199
7529 5.1059
7530 5.45322
7531 7.14505
7532 3.43293
7533 9.38282
7534 5.57538
7535 4.16727
7536 5.69807
7537 4.8158
7538 4.28725
7539 6.20806
7540 4.38966
7541 3.32804
7542 3.57388
7543 7.21393
7544 7.17953
7545 5.96314
7546 7.53075
7547 4.17405
7548 7.10253
7549 6.07432
7550 4.80365
7551 6.52237
7552 3.86627
7553 7.99236
7554 4.95012
7555 3.35432
7556 5.69417
7557 4.58067
7558 3.57794
7559 5.43647
7560 6.16439
7561 4.24528
7562 4.96412
7563 4.48074
7564 4.85109
7565 3.69954
7566 4.9367
7567 3.86733
7568 5.88077
7569 3.93403
7570 7.07588
7571 3.85034
7572 3.39141
7573 7.84007
7574 4.29633
7575 5.71287
7576 3.56091
7577 5.91182
7578 6.13324
7579 5.91398
7580 9.31403
7581 4.0563
7582 7.30858
7583 5.3479
7584 5.35436
7585 4.06653
7586 4.46771
7587 4.93922
7588 4.76856
7589 3.43178
7590 4.03422
7591 5.76621
7592 7.24096
7593 7.48407
7594 7.07986
7595 7.86222
7596 5.44341
7597 8.99963
7598 4.33876
7599 4.25682
7600 3.97635
7601 3.90255
7602 4.11873
7603 4.30646
7604 3.62235
7605 6.08653
7606 8.25718
7607 6.89773
7608 7.16736
7609 7.0696
7610 4.01338
7611 5.18006
7612 8.23431
7613 6.93081
7614 5.28692
7615 6.87662
7616 3.14159
7617 4.87917
7618 4.5844
7619 3.8669
7620 5.35371
7621 8.30163
7622 9.35901
7623 8.00092
7624 7.85926
7625 7.88745
7626 3.76975
7627 4.88301
7628 5.325
7629 8.55108
7630 5.06461
7631 3.81813
7632 3.46393
7633 4.84532
7634 5.03223
7635 3.73902
7636 5.18613
7637 4.65053
7638 4.95344
7639 4.82464
7640 4.86546
7641 5.75193
7642 5.98399
7643 4.8621
7644 4.14734
7645 7.0735
7646 5.95528
7647 3.85504
7648 4.59624
7649 3.66954
7650 6.4419
7651 4.9691
7652 7.04828
7653 8.26207
7654 4.0136
7655 8.361
7656 3.89176
7657 5.85202
7658 4.83592
7659 4.17435
7660 4.9204
7661 7.17207
7662 5.50826
7663 7.5175
7664 5.67226
7665 4.70293
7666 6.07947
7667 5.91173
7668 6.03092
7669 4.22981
7670 3.74407
7671 4.13285
7672 4.48482
7673 6.32395
7674 7.71515
7675 5.30067
7676 6.53526
7677 4.16268
7678 4.88907
7679 7.42155
7680 4.23371
7681 4.06994
7682 4.08665
7683 4.13083
7684 7.59373
7685 3.93382
7686 5.23495
7687 4.99634
7688 5.35881
7689 4.08479
7690 9.32348
7691 4.30432
7692 3.5134
7693 5.69508
7694 3.92515
7695 3.85376
7696 3.82092
7697 5.69996
7698 5.45901
7699 7.61283
7700 6.07435
7701 4.30093
7702 5.33507
7703 4.0496
7704 3.46125
7705 5.5971
7706 5.43513
7707 4.50248
7708 5.52082
7709 6.67572
7710 3.41052
7711 5.0096
7712 4.15697
7713 4.27508
7714 4.45952
7715 4.16359
7716 6.13649
7717 4.07361
7718 4.17503
7719 4.10121
7720 3.39922
7721 4.09796
7722 7.0536
7723 3.87222
7724 6.42494
7725 5.32626
7726 6.49561
7727 4.3933
7728 3.22878
7729 8.26341
7730 8.69776
7731 3.45501
7732 3.62283
7733 7.74242
7734 4.97263
7735 3.85337
7736 4.79858
7737 5.54494
7738 5.3426
7739 4.32228
7740 6.10932
7741 4.09971
7742 4.95662
7743 5.96193
7744 5.57373
7745 3.91268
7746 5.75852
7747 4.21267
7748 3.74216
7749 7.07987
7750 6.53367
7751 3.74664
7752 7.63643
7753 4.41912
7754 3.77737
7755 5.86785
7756 5.78629
7757 6.5148
7758 5.49994
7759 4.72757
7760 3.42283
7761 7.91277
7762 5.79416
7763 3.88457
7764 7.12186
7765 4.52566
7766 4.35867
7767 4.23773
7768 8.49656
7769 5.28666
7770 6.66103
7771 4.72336
7772 4.04536
7773 5.12355
7774 4.26981
7775 7.14489
7776 5.95194
7777 4.13417
7778 5.7176
7779 9.24064
7780 7.3978
7781 4.10454
7782 3.61683
7783 6.29491
7784 4.43405
7785 6.25103
7786 4.28031
7787 7.00424
7788 4.943
7789 4.68608
7790 8.50454
7791 7.32944
7792 6.6499
7793 7.2749
7794 5.34566
7795 6.26196
7796 4.86132
7797 7.34416
7798 9.64662
7799 3.6624
7800 7.18898
7801 6.90925
7802 7.21998
7803 5.14611
7804 7.00256
7805 3.42092
7806 6.26593
7807 3.11336
7808 4.91013
7809 8.33234
7810 7.12281
7811 4.38952
7812 6.28845
7813 4.01555
7814 6.05566
7815 4.87012
7816 6.36299
7817 4.1031
7818 4.52874
7819 7.48275
7820 7.03036
7821 4.58507
7822 5.958
7823 4.04359
7824 7.15125
7825 4.05983
7826 4.41781
7827 5.03041
7828 3.20088
7829 3.89888
7830 4.66783
7831 4.46082
7832 5.44114
7833 5.11784
7834 4.06162
7835 7.49699
7836 6.01606
7837 5.27153
7838 6.14773
7839 6.7379
7840 3.56917
7841 7.06342
7842 4.18877
7843 4.36145
7844 5.59463
7845 4.53386
7846 4.33259
7847 8.74595
7848 8.15712
7849 6.32223
7850 5.24595
7851 4.88964
7852 4.16833
7853 3.69257
7854 5.14736
7855 4.54416
7856 4.41518
7857 6.62068
7858 4.21774
7859 4.39056
7860 3.53117
7861 6.76894
7862 4.31848
7863 5.36676
7864 5.47564
7865 4.098
7866 4.66883
7867 3.40002
7868 3.92718
7869 6.05427
7870 4.38158
7871 5.55143
7872 5.85126
7873 4.30701
7874 6.25229
7875 6.4374
7876 6.43799
7877 5.83676
7878 4.60562
7879 7.36274
7880 5.46299
7881 6.92188
7882 5.88646
7883 6.82129
7884 6.37584
7885 5.81737
7886 4.46805
7887 4.93104
7888 4.34946
7889 8.29634
7890 6.84086
7891 5.88447
7892 6.17913
7893 3.72833
7894 4.77185
7895 7.69792
7896 6.28796
7897 7.22417
7898 5.19922
7899 8.68872
7900 9.01639
7901 6.95511
7902 4.33657
7903 7.57525
7904 5.1982
7905 4.83415
7906 4.40169
7907 7.70838
7908 6.70267
7909 7.43526
7910 4.13304
7911 4.67369
7912 4.68136
7913 5.22892
7914 4.60274
7915 4.87136
7916 5.53373
7917 3.66203
7918 3.47609
7919 3.46699
7920 7.23234
7921 7.39968
7922 6.7705
7923 4.07323
7924 3.97934
7925 5.32914
7926 3.9052
7927 7.65259
7928 4.96318
7929 4.8758
7930 3.63077
7931 5.74718
7932 5.91575
7933 3.33783
7934 7.71947
7935 4.3825
7936 3.81457
7937 5.204
7938 5.78501
7939 4.38016
7940 6.89942
7941 5.81842
7942 3.53796
7943 4.51621
7944 6.11023
7945 5.6184
7946 3.45782
7947 5.01735
7948 6.64254
7949 4.46955
7950 7.11542
7951 4.18367
7952 4.4488
7953 4.00282
7954 7.01791
7955 3.98982
7956 6.19092
7957 3.76514
7958 3.93332
7959 3.74729
7960 3.39845
7961 3.8006
7962 3.97398
7963 4.95385
7964 3.88434
7965 3.50294
7966 7.4162
7967 5.76928
7968 5.19532
7969 3.9587
7970 5.17831
7971 5.28618
7972 6.84419
7973 3.88529
7974 4.10667
7975 5.7026
7976 7.25498
7977 3.2975
7978 5.57927
7979 6.6803
7980 8.88601
7981 6.06227
7982 5.35641
7983 3.81129
7984 7.05282
7985 6.90684
7986 5.36962
7987 9.04575
7988 5.59564
7989 3.68361
7990 3.45169
7991 3.23594
7992 4.29618
7993 6.81726
7994 7.55857
7995 5.35661
7996 3.69883
7997 9.23088
7998 3.24136
7999 6.10699
8000 3.95745
8001 6.11174
8002 6.35635
8003 8.50389
8004 5.59721
8005 6.0407
8006 5.24045
8007 3.7246
8008 5.24831
8009 3.79156
8010 4.5134
8011 8.02566
8012 6.23669
8013 4.53841
8014 5.73496
8015 6.73219
8016 3.75392
8017 4.66523
8018 4.68933
8019 3.7424
8020 4.59115
8021 3.55508
8022 5.02335
8023 7.41123
8024 7.28043
8025 5.90041
8026 3.63985
8027 5.34253
8028 7.1181
8029 4.15142
8030 7.8005
8031 7.31382
8032 6.6231
8033 6.61165
8034 4.27291
8035 5.85989
8036 5.79787
8037 3.61045
8038 7.1229
8039 7.97455
8040 4.59583
8041 4.54897
8042 5.27737
8043 5.48024
8044 4.5047
8045 6.63357
8046 6.6334
8047 4.80646
8048 4.66014
8049 5.29189
8050 3.35527
8051 7.09611
8052 5.24625
8053 4.60962
8054 3.31956
8055 5.10791
8056 6.88828
8057 3.99642
8058 4.85801
8059 5.13202
8060 4.40648
8061 6.11158
8062 6.98512
8063 4.68408
8064 4.67154
8065 5.9526
8066 7.16675
8067 4.8368
8068 5.15211
8069 5.24841
8070 4.65129
8071 5.67889
8072 4.23266
8073 3.87164
8074 4.2741
8075 4.05971
8076 6.25083
8077 4.11842
8078 3.36606
8079 4.09897
8080 8.55189
8081 3.73296
8082 7.8225
8083 6.68145
8084 3.59494
8085 4.48333
8086 5.30673
8087 5.95879
8088 4.67354
8089 9.75089
8090 4.43934
8091 8.1475
8092 8.30903
8093 5.56946
8094 5.6474
8095 4.77249
8096 8.84672
8097 5.39959
8098 8.16922
8099 5.25807
8100 4.08197
8101 3.3293
8102 4.94032
8103 3.8826
8104 6.27663
8105 4.65119
8106 5.51477
8107 4.07591
8108 5.22912
8109 8.08034
8110 5.13798
8111 5.50537
8112 5.83777
8113 7.16308
8114 4.88744
8115 6.61568
8116 4.32825
8117 3.78314
8118 4.78211
8119 5.47176
8120 5.09363
8121 3.72775
8122 4.48231
8123 4.91038
8124 4.88233
8125 4.46132
8126 7.32229
8127 4.90783
8128 3.7823
8129 3.80538
8130 4.06536
8131 6.1869
8132 4.75622
8133 5.37106
8134 7.49411
8135 7.61028
8136 7.23024
8137 7.23013
8138 4.86969
8139 5.71831
8140 3.67306
8141 5.45021
8142 4.28575
8143 6.49855
8144 7.31095
8145 3.58496
8146 6.37184
8147 4.7784
8148 4.49656
8149 8.6572
8150 5.63205
8151 4.96384
8152 4.45216
8153 4.01558
8154 5.55689
8155 6.42912
8156 4.51524
8157 4.2161
8158 3.7463
8159 6.77207
8160 5.31751
8161 7.53771
8162 6.85318
8163 4.75814
8164 5.27187
8165 4.11907
8166 3.83122
8167 8.53898
8168 6.16027
8169 5.50497
8170 3.7403
8171 8.99159
8172 7.30133
8173 4.49402
8174 6.23369
8175 7.65556
8176 6.975
8177 5.49529
8178 6.25848
8179 4.03076
8180 8.65528
8181 6.78181
8182 6.194
8183 5.25199
8184 3.83875
8185 7.2743
8186 7.09096
8187 6.12637
8188 8.99396
8189 4.83815
8190 4.56853
8191 5.00716
8192 5.62049
8193 8.69337
8194 3.89193
8195 5.2623
8196 5.78497
8197 3.59811
8198 4.2562
8199 4.81958
8200 3.61092
8201 5.76495
8202 4.60243
8203 6.3465
8204 6.25642
8205 5.16253
8206 6.23132
8207 6.20645
8208 3.87369
8209 6.49134
8210 5.03024
8211 4.23045
8212 3.73446
8213 4.34895
8214 4.97448
8215 5.25747
8216 4.44325
8217 5.02679
8218 5.88628
8219 6.08748
8220 3.56796
8221 6.61626
8222 3.82531
8223 4.35795
8224 4.60167
8225 3.36024
8226 6.73233
8227 5.28407
8228 4.06837
8229 4.02317
8230 7.05203
8231 7.25638
8232 4.45396
8233 3.96078
8234 9.45067
8235 5.5789
8236 4.89984
8237 6.49795
8238 4.2586
8239 3.76498
8240 5.06186
8241 4.06622
8242 7.69946
8243 4.77755
8244 6.83804
8245 4.40302
8246 3.84855
8247 4.04215
8248 4.34519
8249 3.9267
8250 5.15256
8251 7.47062
8252 5.98563
8253 3.79737
8254 5.62002
8255 5.98379
8256 5.07527
8257 4.38266
8258 8.12923
8259 9.42926
8260 6.06039
8261 4.41112
8262 3.85449
8263 4.06679
8264 6.58301
8265 4.9852
8266 3.53342
8267 6.48748
8268 7.70808
8269 5.92419
8270 5.25861
8271 4.27451
8272 8.4317
8273 4.728
8274 5.6517
8275 4.31547
8276 8.90775
8277 7.53128
8278 7.40058
8279 3.7575
8280 3.95462
8281 5.65602
8282 4.10656
8283 5.64782
8284 3.92432
8285 4.6134
8286 6.19129
8287 4.42513
8288 7.76005
8289 3.63084
8290 4.64541
8291 3.47412
8292 5.38233
8293 5.58148
8294 5.76826
8295 7.01601
8296 3.65388
8297 4.75991
8298 4.99178
8299 4.79494
8300 4.73682
8301 4.95076
8302 4.19088
8303 7.57398
8304 6.07077
8305 3.8579
8306 8.70212
8307 3.99869
8308 6.60834
8309 6.33249
8310 3.9079
8311 4.39209
8312 4.33302
8313 6.55531
8314 3.6969
8315 5.38956
8316 4.23784
8317 8.59899
8318 7.008
8319 5.96266
8320 4.45787
8321 4.83346
8322 4.98113
8323 4.65537
8324 4.51545
8325 3.76943
8326 3.37806
8327 8.62445
8328 4.93714
8329 6.52499
8330 5.69725
8331 5.11858
8332 6.38726
8333 5.89246
8334 4.38602
8335 3.99584
8336 6.57183
8337 6.01033
8338 4.0791
8339 5.54423
8340 8.19001
8341 3.84619
8342 5.37106
8343 6.70265
8344 5.91899
8345 8.01636
8346 3.98863
8347 7.16246
8348 4.22881
8349 5.33727
8350 4.28433
8351 4.34182
8352 9.15773
8353 4.81948
8354 3.21711
8355 3.45041
8356 4.5787
8357 3.61167
8358 4.05205
8359 3.44425
8360 3.40906
8361 5.06711
8362 3.29826
8363 5.67054
8364 4.00239
8365 4.27728
8366 4.26185
8367 5.84052
8368 3.41222
8369 5.71571
8370 4.83072
8371 4.69642
8372 3.68054
8373 7.04825
8374 5.42258
8375 6.95835
8376 5.70385
8377 8.51635
8378 5.46754
8379 4.92166
8380 5.88094
8381 7.83145
8382 4.01193
8383 4.74161
8384 4.3613
8385 5.00319
8386 6.76563
8387 7.46787
8388 3.65745
8389 4.60953
8390 4.55497
8391 6.73118
8392 5.85044
8393 5.72071
8394 3.78137
8395 7.73342
8396 3.32065
8397 4.30136
8398 6.08614
8399 5.91025
8400 3.77166
8401 5.32919
8402 3.92893
8403 3.85877
8404 6.3558
8405 7.69343
8406 5.59008
8407 6.95168
8408 4.22032
8409 8.47133
8410 6.69157
8411 4.49545
8412 4.69716
8413 5.32683
8414 3.71295
8415 3.5143
8416 7.12421
8417 8.45203
8418 6.97854
8419 4.79346
8420 5.69135
8421 3.59456
8422 7.99258
8423 7.8991
8424 5.81048
8425 4.57247
8426 3.31297
8427 7.27208
8428 7.82086
8429 6.42277
8430 8.80688
8431 7.3569
8432 7.741
8433 7.99627
8434 5.052
8435 7.7946
8436 4.00139
8437 4.35498
8438 4.57608
8439 6.7257
8440 6.43759
8441 3.65161
8442 7.78884
8443 6.26629
8444 5.20148
8445 6.17028
8446 4.39606
8447 4.66219
8448 4.83441
8449 3.4643
8450 8.98802
8451 4.38962
8452 4.6328
8453 6.49731
8454 4.92384
8455 6.10682
8456 4.55259
8457 7.94101
8458 7.14016
8459 4.60984
8460 4.86053
8461 5.55631
8462 5.03368
8463 4.90742
8464 8.00071
8465 3.94
8466 5.53045
8467 5.30036
8468 5.67433
8469 4.45564
8470 4.699
8471 7.75157
8472 5.33286
8473 6.01229
8474 3.55361
8475 7.43466
8476 4.748
8477 5.67339
8478 6.58553
8479 6.31261
8480 3.75709
8481 9.28918
8482 4.35806
8483 6.11268
8484 4.86735
8485 4.26495
8486 5.01
8487 6.81088
8488 4.46422
8489 6.55065
8490 4.01801
8491 5.55336
8492 4.11321
8493 4.66809
8494 4.14865
8495 6.63629
8496 9.29045
8497 7.33481
8498 4.08114
8499 3.86139
8500 6.72309
8501 5.305
8502 3.67556
8503 5.13744
8504 7.53552
8505 3.98235
8506 6.55073
8507 6.33132
8508 3.67706
8509 4.74183
8510 4.44895
8511 4.38643
8512 4.94865
8513 7.39235
8514 7.39225
8515 3.39488
8516 3.67214
8517 3.87737
8518 3.05839
8519 3.74261
8520 3.43511
8521 4.20679
8522 7.72461
8523 3.41768
8524 7.17745
8525 3.51175
8526 8.2882
8527 6.05672
8528 6.1955
8529 6.18022
8530 4.04001
8531 3.62443
8532 3.53848
8533 6.41079
8534 9.57949
8535 5.02456
8536 6.94691
8537 3.8022
8538 3.70183
8539 4.59904
8540 4.37228
8541 3.96377
8542 4.21131
8543 5.02203
8544 4.37062
8545 6.0218
8546 4.36428
8547 4.42302
8548 4.28794
8549 5.02245
8550 5.90622
8551 4.19036
8552 7.68971
8553 3.97188
8554 3.66738
8555 3.90873
8556 6.52935
8557 3.97576
8558 6.30834
8559 7.13441
8560 3.5387
8561 4.05941
8562 4.85962
8563 3.55995
8564 6.13779
8565 3.79527
8566 3.83657
8567 6.41152
8568 6.94571
8569 9.64109
8570 8.49739
8571 4.10887
8572 7.69961
8573 7.6688
8574 5.07303
8575 6.3817
8576 5.18979
8577 8.04771
8578 7.29421
8579 8.34347
8580 4.36038
8581 3.38461
8582 3.40097
8583 4.25403
8584 5.87267
8585 5.79927
8586 6.70638
8587 4.6243
8588 3.78348
8589 4.40185
8590 4.08584
8591 4.81139
8592 5.11962
8593 3.42428
8594 7.53676
8595 6.32793
8596 3.77508
8597 4.10568
8598 4.20509
8599 3.66478
8600 6.97675
8601 4.77196
8602 4.65278
8603 6.37455
8604 6.51801
8605 8.89974
8606 5.89429
8607 4.0625
8608 3.63219
8609 6.6199
8610 5.70582
8611 6.82619
8612 8.17038
8613 9.04754
8614 3.91837
8615 6.61308
8616 6.16231
8617 6.43163
8618 6.11054
8619 4.03382
8620 5.92007
8621 5.08261
8622 4.33618
8623 7.08742
8624 7.64723
8625 8.01506
8626 8.95343
8627 7.40642
8628 5.19924
8629 5.67673
8630 6.2735
8631 7.7848
8632 4.98638
8633 4.19819
8634 4.79605
8635 6.46036
8636 8.04465
8637 5.29491
8638 4.04363
8639 6.14099
8640 6.38996
8641 6.67158
8642 5.69746
8643 4.56174
8644 4.99744
8645 5.48665
8646 5.18604
8647 4.59936
8648 3.9294
8649 5.77621
8650 5.27776
8651 4.76847
8652 7.02807
8653 4.19274
8654 4.42828
8655 3.57489
8656 4.20464
8657 4.19239
8658 5.15781
8659 6.08584
8660 5.72206
8661 5.55295
8662 4.22502
8663 3.38955
8664 5.68941
8665 6.09165
8666 5.57904
8667 5.14984
8668 4.34446
8669 7.44461
8670 8.15967
8671 7.30547
8672 6.80488
8673 5.13839
8674 5.75931
8675 6.15672
8676 4.21313
8677 6.564
8678 5.17827
8679 3.66868
8680 5.774
8681 9.18984
8682 3.31535
8683 3.46061
8684 5.7099
8685 3.64226
8686 5.75766
8687 3.706
8688 4.76406
8689 7.72224
8690 8.4456
8691 7.99397
8692 4.7693
8693 3.97544
8694 5.83062
8695 6.09853
8696 3.70692
8697 7.2436
8698 3.54562
8699 4.34557
8700 7.41244
8701 5.35926
8702 5.41723
8703 6.97293
8704 9.06813
8705 7.47225
8706 4.80888
8707 3.44201
8708 6.3253
8709 6.55277
8710 3.54574
8711 4.55551
8712 5.21549
8713 5.48168
8714 3.80509
8715 7.67556
8716 7.24962
8717 6.97395
8718 8.96731
8719 4.8368
8720 6.21265
8721 5.61679
8722 5.33365
8723 4.19444
8724 4.54893
8725 8.35381
8726 5.93646
8727 8.34532
8728 8.02158
8729 5.62838
8730 6.77572
8731 8.98178
8732 4.35245
8733 4.27315
8734 5.59572
8735 6.82698
8736 7.46071
8737 8.43861
8738 9.55156
8739 5.60314
8740 6.25101
8741 8.41363
8742 6.49759
8743 6.78787
8744 4.8535
8745 4.28806
8746 5.85506
8747 7.50675
8748 4.07729
8749 7.26716
8750 4.02922
8751 7.64722
8752 3.87133
8753 4.1516
8754 7.21878
8755 3.50891
8756 4.46932
8757 5.72805
8758 4.69527
8759 5.09119
8760 5.51638
8761 4.95028
8762 4.83482
8763 6.41487
8764 6.5197
8765 4.03626
8766 4.05706
8767 6.87817
8768 4.92963
8769 5.17651
8770 3.3556
8771 4.20115
8772 4.85526
8773 4.57101
8774 6.72978
8775 5.04231
8776 5.08481
8777 3.68129
8778 5.1521
8779 5.89342
8780 5.19718
8781 7.5552
8782 3.96609
8783 4.32742
8784 3.98047
8785 5.2598
8786 5.34235
8787 4.74188
8788 7.74689
8789 3.69205
8790 4.3149
8791 5.00267
8792 3.7071
8793 5.33271
8794 3.60145
8795 7.33416
8796 6.33847
8797 3.71988
8798 4.72811
8799 8.23321
8800 4.66674
8801 7.20437
8802 4.08927
8803 8.1566
8804 6.0568
8805 4.89011
8806 3.72965
8807 8.29925
8808 4.18494
8809 4.68836
8810 6.35755
8811 4.11485
8812 3.47432
8813 5.11186
8814 3.25271
8815 6.03967
8816 6.9793
8817 5.77217
8818 3.78382
8819 8.55087
8820 6.30066
8821 3.79571
8822 4.00619
8823 3.35207
8824 4.41809
8825 4.34981
8826 3.88243
8827 4.22751
8828 3.55012
8829 3.32613
8830 4.23271
8831 4.3958
8832 7.65199
8833 3.23036
8834 5.86914
8835 5.04527
8836 6.20834
8837 7.42789
8838 4.29937
8839 4.11351
8840 6.18275
8841 6.96086
8842 5.4579
8843 5.21286
8844 7.94993
8845 5.32396
8846 6.3968
8847 3.14888
8848 6.99827
8849 5.49516
8850 7.14711
8851 4.60657
8852 4.23316
8853 7.64171
8854 6.83783
8855 4.99538
8856 4.73598
8857 5.80423
8858 5.0691
8859 3.57042
8860 4.73548
8861 7.17074
8862 3.52998
8863 4.97255
8864 7.44527
8865 6.49114
8866 7.44033
8867 7.31994
8868 7.28688
8869 4.78214
8870 4.42367
8871 6.87766
8872 6.48691
8873 6.13495
8874 4.83475
8875 8.61526
8876 7.03215
8877 5.25007
8878 4.31702
8879 6.71437
8880 3.54708
8881 5.24065
8882 4.62637
8883 4.63039
8884 6.66032
8885 3.69501
8886 5.23524
8887 4.70046
8888 5.1705
8889 5.07004
8890 3.67874
8891 7.20465
8892 6.35375
8893 6.06949
8894 6.3214
8895 4.10091
8896 7.05546
8897 7.31973
8898 7.51382
8899 4.69095
8900 3.88498
8901 4.0229
8902 4.05494
8903 3.44004
8904 7.97166
8905 4.37475
8906 4.52682
8907 4.56708
8908 6.45692
8909 4.03294
8910 5.04873
8911 4.89672
8912 4.01975
8913 4.49975
8914 9.13787
8915 8.45607
8916 3.72701
8917 4.3032
8918 7.22032
8919 3.37861
8920 4.12223
8921 5.27454
8922 5.51499
8923 6.53485
8924 4.21517
8925 5.51734
8926 4.20628
8927 8.06059
8928 4.45441
8929 6.67388
8930 9.03712
8931 9.44244
8932 5.91159
8933 5.34056
8934 4.29567
8935 4.83218
8936 7.27045
8937 5.1759
8938 3.64004
8939 4.32703
8940 5.29751
8941 3.52849
8942 9.37069
8943 5.23541
8944 6.89138
8945 4.78666
8946 5.67348
8947 5.02535
8948 4.18659
8949 6.68969
8950 4.61508
8951 5.4067
8952 4.71054
8953 6.7067
8954 5.99493
8955 5.99214
8956 4.09053
8957 5.77157
8958 3.8844
8959 3.71245
8960 5.4263
8961 3.91166
8962 4.02916
8963 3.75649
8964 4.32613
8965 6.35272
8966 6.61642
8967 5.06944
8968 5.24179
8969 4.54015
8970 5.30562
8971 6.82705
8972 5.87262
8973 4.68016
8974 6.19941
8975 4.36236
8976 5.79626
8977 6.71433
8978 3.94512
8979 4.75028
8980 5.06467
8981 4.70915
8982 7.21594
8983 4.9372
8984 4.77014
8985 4.45426
8986 3.50997
8987 5.80523
8988 7.31193
8989 3.87262
8990 3.97075
8991 5.58617
8992 4.68132
8993 4.51065
8994 6.63079
8995 5.28142
8996 5.88515
8997 4.01007
8998 3.40042
8999 4.314
9000 6.54223
9001 5.1001
9002 4.95771
9003 3.87425
9004 3.72467
9005 9.19548
9006 4.36479
9007 7.34507
9008 5.06962
9009 4.6568
9010 4.58388
9011 4.10794
9012 3.61827
9013 5.66122
9014 3.62573
9015 6.21665
9016 4.86264
9017 4.84828
9018 4.28785
9019 3.49687
9020 4.91689
9021 5.16391
9022 8.12094
9023 7.83287
9024 4.27336
9025 3.28115
9026 3.69141
9027 4.79308
9028 3.41273
9029 4.69144
9030 7.03164
9031 5.36906
9032 4.93072
9033 3.49104
9034 4.68949
9035 4.81954
9036 6.33984
9037 4.21328
9038 3.17107
9039 5.19294
9040 5.09192
9041 4.9183
9042 6.14635
9043 7.38343
9044 3.61611
9045 6.09851
9046 5.39147
9047 7.7322
9048 5.6116
9049 5.02758
9050 3.66771
9051 4.21691
9052 4.58124
9053 7.42492
9054 6.59426
9055 8.84963
9056 6.43701
9057 4.40603
9058 6.75845
9059 3.72768
9060 4.60215
9061 3.22918
9062 8.22255
9063 6.66003
9064 4.04633
9065 3.56615
9066 3.27387
9067 4.24263
9068 3.93249
9069 3.6617
9070 7.21733
9071 6.98442
9072 6.24187
9073 4.30342
9074 5.62062
9075 3.59071
9076 3.75288
9077 6.25398
9078 5.13848
9079 6.45259
9080 6.62946
9081 4.66194
9082 8.97998
9083 5.05798
9084 5.25078
9085 5.42473
9086 5.75221
9087 5.52973
9088 3.71279
9089 3.65797
9090 4.2101
9091 4.49597
9092 7.57184
9093 4.17638
9094 7.30257
9095 6.29272
9096 4.11339
9097 7.84474
9098 5.95109
9099 4.01092
9100 6.08939
9101 6.49022
9102 7.34724
9103 4.26476
9104 4.87048
9105 6.99917
9106 7.77653
9107 4.55058
9108 3.7355
9109 4.57927
9110 3.51612
9111 5.89493
9112 9.43116
9113 6.01179
9114 6.02613
9115 5.30545
9116 6.24204
9117 3.63689
9118 4.40223
9119 3.6583
9120 3.8483
9121 7.75448
9122 5.26329
9123 5.39859
9124 4.94648
9125 4.71043
9126 3.58589
9127 6.74409
9128 4.37437
9129 3.26561
9130 5.79212
9131 5.20403
9132 8.88741
9133 5.85209
9134 3.54141
9135 5.46977
9136 8.6991
9137 4.64415
9138 3.36938
9139 3.3669
9140 8.74474
9141 5.74449
9142 5.01427
9143 5.72342
9144 7.0594
9145 5.67859
9146 8.46132
9147 6.58151
9148 7.68694
9149 8.10419
9150 3.34065
9151 6.2578
9152 5.05714
9153 4.49589
9154 4.53199
9155 4.64485
9156 6.69158
9157 4.63293
9158 6.76933
9159 4.31805
9160 6.53154
9161 3.38054
9162 5.68193
9163 5.31223
9164 7.0825
9165 4.19872
9166 5.70927
9167 5.81275
9168 5.6699
9169 4.25822
9170 6.27593
9171 4.54017
9172 4.41019
9173 5.42328
9174 6.17292
9175 6.07724
9176 9.74835
9177 8.11054
9178 4.3234
9179 6.83349
9180 7.9254
9181 4.4468
9182 3.92478
9183 5.21162
9184 8.80564
9185 4.69533
9186 6.98671
9187 6.67826
9188 3.90609
9189 5.67016
9190 9.59198
9191 7.20205
9192 6.96735
9193 3.86764
9194 6.95574
9195 4.60564
9196 3.39569
9197 4.44349
9198 5.92694
9199 5.69508
9200 4.53344
9201 4.70282
9202 5.81572
9203 5.52445
9204 5.08059
9205 4.21777
9206 4.53025
9207 4.3155
9208 4.87142
9209 4.40041
9210 6.7683
9211 5.78532
9212 7.56138
9213 3.64495
9214 4.32017
9215 7.64059
9216 5.79604
9217 5.311
9218 7.28371
9219 4.21466
9220 3.93235
9221 4.33332
9222 6.0419
9223 4.96492
9224 3.85379
9225 9.57002
9226 9.16015
9227 6.65252
9228 5.00331
9229 6.64946
9230 7.08877
9231 4.97579
9232 3.97542
9233 4.60092
9234 6.91419
9235 6.72436
9236 5.65931
9237 6.81313
9238 4.85104
9239 6.76116
9240 5.15342
9241 3.78187
9242 4.65753
9243 3.92631
9244 3.59913
9245 4.42447
9246 4.29175
9247 5.75597
9248 3.58776
9249 4.38763
9250 7.29184
9251 5.35863
9252 3.78233
9253 5.43922
9254 6.90836
9255 6.08201
9256 7.80536
9257 5.19142
9258 6.23249
9259 7.53069
9260 4.80705
9261 5.89679
9262 4.84904
9263 5.37042
9264 5.42438
9265 4.24332
9266 4.05826
9267 8.50189
9268 4.47955
9269 3.63761
9270 3.84024
9271 4.52465
9272 4.69241
9273 4.55372
9274 3.95808
9275 5.35704
9276 5.08417
9277 4.99786
9278 4.11519
9279 6.30082
9280 4.47941
9281 4.04984
9282 6.36732
9283 7.13256
9284 5.82934
9285 3.38224
9286 5.99603
9287 6.88679
9288 9.63745
9289 4.29028
9290 6.62593
9291 4.95249
9292 7.89659
9293 3.54936
9294 3.50117
9295 6.50127
9296 4.90916
9297 6.05624
9298 7.11079
9299 5.03744
9300 5.11405
9301 3.87466
9302 4.52776
9303 7.23697
9304 4.07416
9305 4.41763
9306 7.57808
9307 5.68162
9308 4.33463
9309 5.5264
9310 8.64848
9311 4.97104
9312 4.79008
9313 4.17347
9314 5.41009
9315 5.13072
9316 5.13275
9317 4.32456
9318 5.59345
9319 8.75393
9320 7.07136
9321 6.88496
9322 7.16527
9323 4.30199
9324 3.90023
9325 4.67427
9326 3.42303
9327 3.98259
9328 4.97791
9329 5.46302
9330 4.15462
9331 5.32803
9332 4.9323
9333 4.27002
9334 3.93399
9335 4.24264
9336 4.8352
9337 4.80542
9338 5.42998
9339 4.67501
9340 7.052
9341 5.55405
9342 6.28297
9343 8.16757
9344 6.27272
9345 6.93833
9346 4.25398
9347 3.77185
9348 4.70302
9349 9.75135
9350 5.041
9351 5.65739
9352 4.57876
9353 8.53502
9354 9.30262
9355 6.14172
9356 3.83279
9357 6.19726
9358 3.21379
9359 4.19968
9360 5.41688
9361 5.75211
9362 4.31743
9363 4.98957
9364 3.97315
9365 4.12121
9366 4.29242
9367 3.93013
9368 6.28021
9369 8.81072
9370 3.38104
9371 8.48602
9372 4.75971
9373 5.97264
9374 8.36925
9375 4.83632
9376 5.43067
9377 6.88916
9378 3.68867
9379 5.74504
9380 5.95299
9381 5.93721
9382 4.36881
9383 8.62789
9384 8.71613
9385 6.5501
9386 5.18409
9387 5.74998
9388 6.97253
9389 4.63089
9390 7.84688
9391 6.77019
9392 8.96705
9393 3.57245
9394 4.60291
9395 7.2003
9396 4.56049
9397 7.32287
9398 5.86614
9399 5.25346
9400 5.23962
9401 5.05934
9402 7.4188
9403 7.43232
9404 7.23254
9405 6.93092
9406 6.74596
9407 5.20304
9408 7.02272
9409 3.69477
9410 4.70267
9411 3.44956
9412 3.70426
9413 4.79045
9414 7.44912
9415 3.54951
9416 5.53308
9417 4.8031
9418 6.80255
9419 3.98746
9420 5.56325
9421 3.45417
9422 6.40364
9423 4.20465
9424 8.73091
9425 5.6668
9426 5.00239
9427 3.51802
9428 3.99306
9429 9.54789
9430 5.41539
9431 5.626
9432 5.53067
9433 4.0482
9434 4.49428
9435 3.96069
9436 5.37329
9437 3.5998
9438 4.50892
9439 7.73934
9440 8.79581
9441 3.70884
9442 4.09323
9443 3.5834
9444 6.83172
9445 5.86084
9446 6.61137
9447 4.25989
9448 4.06034
9449 7.38828
9450 5.62221
9451 4.43236
9452 3.39144
9453 4.22019
9454 7.60157
9455 6.5633
9456 3.9221
9457 4.51123
9458 5.31699
9459 4.45647
9460 4.98996
9461 5.72062
9462 4.93656
9463 8.7094
9464 5.83179
9465 3.93686
9466 6.90022
9467 6.93618
9468 5.47797
9469 4.8126
9470 6.36749
9471 7.568
9472 3.9665
9473 4.57786
9474 5.06993
9475 5.86357
9476 5.49615
9477 4.12819
9478 5.41038
9479 4.68798
9480 4.34563
9481 6.60802
9482 6.65388
9483 4.22494
9484 7.25314
9485 5.21756
9486 5.35698
9487 5.10583
9488 3.46049
9489 4.99932
9490 4.67956
9491 4.71715
9492 6.07854
9493 4.5413
9494 5.55162
9495 3.47555
9496 7.1157
9497 6.21687
9498 7.54114
9499 6.27333
9500 4.04654
9501 5.03748
9502 3.94581
9503 4.69578
9504 7.3395
9505 7.60205
9506 5.13831
9507 5.44513
9508 7.69578
9509 4.43125
9510 7.18045
9511 4.88215
9512 7.69464
9513 6.67845
9514 6.35662
9515 4.65226
9516 5.39526
9517 5.25394
9518 6.51886
9519 7.61285
9520 7.1759
9521 4.73754
9522 3.7589
9523 4.59218
9524 4.34647
9525 9.11215
9526 4.14902
9527 4.51296
9528 5.36086
9529 3.68684
9530 3.61338
9531 4.27607
9532 4.82287
9533 5.09066
9534 5.15535
9535 3.63429
9536 7.09806
9537 7.39972
9538 7.83264
9539 5.71479
9540 8.31761
9541 5.45154
9542 4.37133
9543 4.05294
9544 4.90485
9545 5.9355
9546 6.93457
9547 7.39125
9548 5.12696
9549 6.81015
9550 6.77177
9551 4.40857
9552 4.75353
9553 7.01789
9554 5.84676
9555 5.70593
9556 4.72609
9557 4.69308
9558 7.88559
9559 3.79637
9560 3.59537
9561 6.78846
9562 5.68247
9563 3.2238
9564 8.44655
9565 9.58939
9566 4.76476
9567 8.4479
9568 5.71953
9569 3.75782
9570 5.86591
9571 5.12652
9572 4.00272
9573 5.27909
9574 6.11233
9575 4.7665
9576 5.67551
9577 4.70973
9578 3.95244
9579 7.77908
9580 3.84165
9581 5.74146
9582 3.48113
9583 5.9001
9584 4.99508
9585 5.20563
9586 7.0623
9587 4.93537
9588 7.99609
9589 5.62996
9590 4.2807
9591 3.87796
9592 4.88546
9593 3.68556
9594 6.33591
9595 4.81245
9596 3.26464
9597 3.70988
9598 8.31533
9599 5.5982
9600 5.92017
9601 3.79621
9602 5.06808
9603 5.63731
9604 6.99192
9605 5.96688
9606 4.74438
9607 5.39277
9608 6.52599
9609 4.55245
9610 3.9208
9611 3.81209
9612 4.82211
9613 4.6466
9614 5.90575
9615 5.45981
9616 3.33374
9617 4.15782
9618 4.20715
9619 4.64713
9620 4.31862
9621 5.32357
9622 5.81275
9623 4.55949
9624 3.34877
9625 5.30635
9626 3.60818
9627 6.69155
9628 4.36971
9629 4.65221
9630 4.43579
9631 5.52382
9632 5.13848
9633 4.23357
9634 6.55423
9635 5.49955
9636 6.36267
9637 4.77402
9638 5.81669
9639 3.36139
9640 4.44795
9641 7.42864
9642 8.45962
9643 8.08379
9644 4.54051
9645 7.62372
9646 4.56442
9647 8.18686
9648 4.43299
9649 8.57825
9650 6.08846
9651 3.18343
9652 6.36191
9653 3.81988
9654 4.01031
9655 4.29485
9656 5.80603
9657 5.32265
9658 7.68258
9659 9.0106
9660 4.13606
9661 5.30906
9662 8.27584
9663 5.3252
9664 4.88708
9665 6.2426
9666 5.84774
9667 4.62507
9668 5.29051
9669 5.92575
9670 7.82002
9671 9.01756
9672 4.10817
9673 8.67748
9674 4.09703
9675 9.24407
9676 6.18975
9677 3.76478
9678 6.45774
9679 7.71371
9680 6.05658
9681 9.43783
9682 4.1533
9683 4.13342
9684 6.83522
9685 5.93088
9686 7.08235
9687 4.59248
9688 4.94147
9689 3.49306
9690 7.67032
9691 6.78912
9692 4.55995
9693 3.84276
9694 7.70107
9695 4.26326
9696 6.36303
9697 6.62254
9698 4.51849
9699 5.3629
9700 5.79929
9701 5.45424
9702 7.48989
9703 6.8885
9704 6.43631
9705 7.52788
9706 4.89402
9707 3.94168
9708 5.99183
9709 3.6971
9710 5.88034
9711 3.77528
9712 5.57602
9713 4.65964
9714 7.07117
9715 4.79991
9716 5.09521
9717 4.66408
9718 4.548
9719 5.91589
9720 8.27062
9721 8.46832
9722 5.2353
9723 4.12476
9724 6.46286
9725 5.44288
9726 4.04007
9727 6.4408
9728 4.8302
9729 6.74914
9730 7.23248
9731 6.09351
9732 6.39496
9733 3.26304
9734 3.34376
9735 5.82888
9736 4.74648
9737 4.6076
9738 4.06112
9739 4.20645
9740 4.32378
9741 5.01085
9742 7.5162
9743 4.86493
9744 3.3912
9745 7.81298
9746 6.26748
9747 8.58163
9748 9.48222
9749 5.70183
9750 4.00588
9751 5.95811
9752 3.88718
9753 4.69536
9754 3.5306
9755 4.05498
9756 4.52603
9757 7.24174
9758 6.58775
9759 8.33757
9760 5.32902
9761 5.56858
9762 3.70496
9763 6.95721
9764 3.48938
9765 5.76689
9766 4.86856
9767 4.11492
9768 7.6637
9769 4.51195
9770 4.7148
9771 4.19864
9772 7.9674
9773 6.45913
9774 5.1684
9775 3.64969
9776 5.02673
9777 8.90293
9778 6.25168
9779 3.3123
9780 5.20581
9781 4.73916
9782 5.27093
9783 3.82365
9784 6.22965
9785 3.32476
9786 4.22017
9787 9.06173
9788 9.34968
9789 5.247
9790 6.47574
9791 4.31588
9792 4.22509
9793 6.4671
9794 8.56448
9795 4.22282
9796 3.88629
9797 6.45859
9798 5.33185
9799 4.50932
9800 3.88563
9801 8.71803
9802 5.77938
9803 4.237
9804 4.84695
9805 5.27305
9806 4.02009
9807 5.07032
9808 3.90172
9809 7.28392
9810 7.15006
9811 5.8333
9812 8.3066
9813 5.7111
9814 4.07819
9815 4.55776
9816 3.68024
9817 5.38084
9818 4.51563
9819 3.77174
9820 5.56303
9821 4.00198
9822 6.61384
9823 9.22548
9824 3.32354
9825 4.89096
9826 4.27195
9827 4.49117
9828 3.33029
9829 6.067
9830 4.75099
9831 6.4908
9832 7.21671
9833 6.54396
9834 3.49489
9835 3.60319
9836 8.48283
9837 9.76608
9838 6.96121
9839 3.96686
9840 9.90582
9841 4.74337
9842 5.6202
9843 4.88842
9844 7.85399
9845 5.52938
9846 5.47246
9847 5.45154
9848 4.21718
9849 9.33615
9850 4.45865
9851 5.29427
9852 6.61242
9853 4.6024
9854 4.10601
9855 4.23717
9856 4.17963
9857 9.57095
9858 3.35569
9859 5.7375
9860 4.35608
9861 7.08046
9862 5.26703
9863 3.655
9864 3.29714
9865 8.51458
9866 5.33169
9867 3.6013
9868 4.08364
9869 3.41478
9870 8.60472
9871 7.42519
9872 6.57279
9873 6.17754
9874 9.04053
9875 6.00452
9876 3.98863
9877 8.04787
9878 7.14664
9879 5.29399
9880 5.93422
9881 5.75355
9882 5.00021
9883 6.03359
9884 4.62868
9885 3.82674
9886 3.51992
9887 4.53658
9888 4.60061
9889 5.61923
9890 4.00611
9891 4.89334
9892 5.25794
9893 4.13018
9894 8.70432
9895 3.80205
9896 4.74483
9897 4.55887
9898 6.48347
9899 3.99769
9900 5.08781
9901 4.37379
9902 4.53974
9903 4.84175
9904 6.51674
9905 5.61919
9906 6.40773
9907 4.14568
9908 3.7257
9909 5.03047
9910 3.65626
9911 7.33665
9912 4.4672
9913 5.20434
9914 5.33517
9915 5.13121
9916 8.34286
9917 5.84461
9918 5.2555
9919 5.30094
9920 4.41682
9921 4.62197
9922 9.3993
9923 4.89956
9924 5.50373
9925 3.93268
9926 3.71363
9927 6.29131
9928 5.59701
9929 7.30134
9930 5.24401
9931 6.9858
9932 4.51681
9933 4.53403
9934 6.8795
9935 7.04371
9936 7.9343
9937 5.03919
9938 4.56535
9939 8.01552
9940 6.06513
9941 4.0482
9942 7.28647
9943 7.57471
9944 6.1082
9945 7.38497
9946 3.63055
9947 7.61283
9948 8.60456
9949 6.24346
9950 5.56378
9951 7.12187
9952 7.1955
9953 6.06272
9954 6.00152
9955 5.70541
9956 4.21054
9957 3.67037
9958 6.26943
9959 5.37298
9960 6.09115
9961 5.40126
9962 5.86419
9963 4.0636
9964 6.01531
9965 3.54307
9966 3.97246
9967 3.73156
9968 6.06261
9969 5.79828
9970 8.3528
9971 6.92692
9972 4.38768
9973 7.08501
9974 5.70426
9975 4.38298
9976 4.06087
9977 4.22213
9978 4.1326
9979 4.94857
9980 4.82875
9981 6.30139
9982 4.58432
9983 4.49821
9984 3.64717
9985 3.70268
9986 4.40285
9987 3.98821
9988 6.26379
9989 5.60329
9990 3.69197
9991 5.03737
9992 4.37485
9993 4.63641
9994 6.9538
9995 4.28174
9996 6.10802
9997 5.45042
9998 5.68097
9999 7.91456
10000 7.636
10001 5.26408
10002 7.27263
10003 6.1794
10004 6.08514
10005 4.27762
10006 7.35292
10007 8.09969
10008 5.66777
10009 6.84192
10010 6.46047
10011 4.12555
10012 5.86754
10013 6.27451
10014 5.94438
10015 5.93837
10016 4.40418
10017 8.86656
10018 5.87667
10019 6.47704
10020 5.77245
10021 4.37015
10022 3.41576
10023 4.82879
10024 5.97661
10025 7.40392
10026 4.77429
10027 5.75816
10028 5.73195
10029 6.33683
10030 4.72261
10031 5.92259
10032 5.92951
10033 3.72235
10034 4.24751
10035 5.79656
10036 4.44338
10037 4.52529
10038 5.17334
10039 4.40241
10040 7.83604
10041 3.68453
10042 5.96789
10043 5.87974
10044 4.66563
10045 4.40401
10046 5.93158
10047 5.02763
10048 9.54638
10049 4.58042
10050 3.88785
10051 4.55676
10052 8.98326
10053 6.22632
10054 7.17887
10055 8.4696
10056 4.7341
10057 5.97559
10058 4.13814
10059 8.70872
10060 6.14768
10061 3.53419
10062 6.05679
10063 3.29668
10064 7.57285
10065 8.39493
10066 5.3412
10067 6.29217
10068 6.51483
10069 6.68505
10070 7.33089
10071 6.14426
10072 7.35706
10073 6.69615
10074 4.3871
10075 4.02771
10076 6.55439
10077 3.6813
10078 4.13597
10079 4.06824
10080 3.8929
10081 3.45176
10082 6.88146
10083 3.75565
10084 4.88441
10085 3.57513
10086 5.60017
10087 6.08465
10088 4.18335
10089 7.7688
10090 7.56385
10091 3.81172
10092 4.5974
10093 8.27236
10094 5.17641
10095 6.17256
10096 6.86321
10097 7.0331
10098 3.30873
10099 4.02229
10100 4.87255
10101 4.9599
10102 5.01597
10103 3.47115
10104 5.28872
10105 9.075
10106 7.04632
10107 8.37243
10108 5.22114
10109 8.7344
10110 5.21789
10111 4.66436
10112 7.36767
10113 4.83746
10114 4.34969
10115 6.67665
10116 5.10971
10117 4.5494
10118 5.45938
10119 4.90575
10120 4.65745
10121 8.69032
10122 9.03749
10123 4.17472
10124 5.9108
10125 3.91126
10126 4.22174
10127 4.52226
10128 6.51453
10129 9.19427
10130 6.58663
10131 7.31322
10132 4.23574
10133 4.39708
10134 4.41591
10135 7.38251
10136 3.16921
10137 4.90025
10138 5.7984
10139 3.74467
10140 3.71484
10141 4.59533
10142 6.15013
10143 7.75517
10144 8.8705
10145 3.29614
10146 3.7927
10147 5.91294
10148 3.80706
10149 4.17926
10150 4.12067
10151 5.80192
10152 3.98038
10153 6.3095
10154 4.71641
10155 6.45993
10156 4.40739
10157 5.44421
10158 6.14391
10159 6.56578
10160 6.93219
10161 6.50173
10162 4.75577
10163 5.50552
10164 4.18258
10165 3.56423
10166 5.06387
10167 7.00602
10168 6.32
10169 4.24155
10170 7.44996
10171 7.12593
10172 6.38713
10173 5.68578
10174 4.718
10175 8.04574
10176 7.90133
10177 5.03387
10178 4.34557
10179 7.32385
10180 4.44781
10181 6.39138
10182 6.83415
10183 5.22305
10184 8.04612
10185 6.73323
10186 4.61224
10187 5.0752
10188 8.99013
10189 5.5554
10190 8.00139
10191 4.72135
10192 4.35959
10193 5.4924
10194 5.87328
10195 3.94364
10196 5.69733
10197 6.8716
10198 4.4818
10199 4.52636
10200 4.43327
10201 8.07368
10202 3.7376
10203 5.19073
10204 6.88981
10205 4.66091
10206 5.9834
10207 6.14311
10208 3.34249
10209 3.40787
10210 8.84147
10211 4.29014
10212 4.30166
10213 6.51718
10214 7.89251
10215 5.3352
10216 5.8838
10217 4.45143
10218 3.06919
10219 7.73892
10220 4.42352
10221 6.44722
10222 6.17889
10223 6.50833
10224 5.85529
10225 7.45602
10226 5.63629
10227 4.38929
10228 5.91314
10229 6.5323
10230 4.79678
10231 9.21568
10232 5.83535
10233 6.73676
10234 8.69211
10235 5.80744
10236 3.77125
10237 9.34388
10238 7.47411
10239 6.90582
10240 6.45061
10241 3.91855
10242 6.17999
10243 5.33223
10244 8.06591
10245 7.25248
10246 5.39124
10247 4.53709
10248 3.87902
10249 8.59046
10250 5.71343
10251 5.92366
10252 7.96192
10253 4.66518
10254 5.46435
10255 7.13939
10256 7.7602
10257 5.65063
10258 6.84272
10259 4.49724
10260 5.87204
10261 4.16033
10262 8.34518
10263 9.08272
10264 6.68038
10265 4.03799
10266 6.44226
10267 5.0494
10268 3.58889
10269 4.24152
10270 6.88652
10271 3.99638
10272 9.98028
10273 5.33465
10274 6.59898
10275 7.13691
10276 4.51518
10277 7.78957
10278 5.39759
10279 4.88075
10280 4.8355
10281 3.84478
10282 7.39399
10283 4.58304
10284 4.90647
10285 3.18125
10286 3.80521
10287 8.84012
10288 8.88305
10289 6.6874
10290 7.6482
10291 5.65734
10292 5.0861
10293 6.56792
10294 6.48306
10295 4.80458
10296 6.17179
10297 5.96709
10298 6.2918
10299 9.24992
10300 6.02064
10301 4.32598
10302 8.16726
10303 6.59589
10304 7.59281
10305 6.11465
10306 4.27561
10307 7.19657
10308 5.93228
10309 9.20399
10310 3.91844
10311 9.59361
10312 3.90737
10313 8.23795
10314 4.91411
10315 5.11533
10316 5.26923
10317 3.61564
10318 5.60556
10319 8.32794
10320 4.00977
10321 5.09356
10322 7.46335
10323 4.97318
10324 7.58902
10325 3.35591
10326 6.50953
10327 5.62014
10328 4.32032
10329 4.60809
10330 5.77632
10331 4.52027
10332 6.74138
10333 7.4102
10334 7.03218
10335 3.99811
10336 4.88877
10337 4.95101
10338 4.26906
10339 4.12059
10340 7.02086
10341 5.82402
10342 4.90383
10343 4.20079
10344 6.84347
10345 3.95845
10346 7.57691
10347 5.10174
10348 7.53888
10349 4.01106
10350 3.62841
10351 5.0965
10352 3.66632
10353 4.47342
10354 4.15278
10355 5.56444
10356 6.8422
10357 5.26849
10358 3.5872
10359 4.5211
10360 5.70248
10361 8.70671
10362 6.53314
10363 4.90513
10364 4.90645
10365 4.73914
10366 6.1815
10367 6.59534
10368 6.18248
10369 3.29558
10370 5.10049
10371 3.81584
10372 5.87441
10373 6.53703
10374 7.84179
10375 4.89987
10376 6.93657
10377 7.11966
10378 5.55517
10379 7.99648
10380 4.09022
10381 5.36179
10382 7.12049
10383 5.5342
10384 5.31219
10385 4.0874
10386 5.71741
10387 3.95714
10388 5.95206
10389 9.24993
10390 4.13394
10391 9.175
10392 5.89518
10393 3.42172
10394 5.89444
10395 6.13649
10396 5.09391
10397 5.54163
10398 6.19864
10399 4.86844
10400 3.98
10401 4.08025
10402 3.44686
10403 7.90096
10404 4.5326
10405 6.51443
10406 7.66727
10407 3.65116
10408 3.76108
10409 3.66939
10410 9.22183
10411 4.00688
10412 5.67968
10413 6.19783
10414 4.54828
10415 8.94598
10416 4.93032
10417 6.89924
10418 5.54269
10419 3.45267
10420 5.59675
10421 7.30121
10422 7.98093
10423 5.67346
10424 5.82965
10425 9.34233
10426 4.67287
10427 5.01215
10428 5.48474
10429 9.19811
10430 6.8471
10431 5.16383
10432 4.64767
10433 5.5564
10434 3.15046
10435 8.74515
10436 6.9452
10437 8.79322
10438 5.14246
10439 5.52207
10440 6.25368
10441 6.85735
10442 4.89459
10443 4.33414
10444 3.59427
10445 6.40973
10446 4.844
10447 7.54782
10448 8.65318
10449 7.54654
10450 4.76099
10451 5.92653
10452 8.41055
10453 4.43484
10454 4.06691
10455 3.7489
10456 4.60497
10457 8.9708
10458 5.01507
10459 4.90957
10460 5.01715
10461 4.92668
10462 4.80029
10463 4.29443
10464 5.65138
10465 9.30376
10466 4.77798
10467 6.13875
10468 5.61482
10469 5.47346
10470 6.91316
10471 5.93982
10472 7.67297
10473 6.21985
10474 6.28562
10475 7.21172
10476 8.68983
10477 4.02913
10478 4.62633
10479 4.59339
10480 3.27104
10481 4.50059
10482 6.21619
10483 4.27064
10484 5.19516
10485 8.64937
10486 7.88565
10487 5.14149
10488 6.0813
10489 6.13628
10490 3.72833
10491 3.2636
10492 7.28986
10493 6.81652
10494 5.42735
10495 3.5245
10496 5.01829
10497 4.18842
10498 3.85384
10499 6.30247
10500 5.4644
10501 6.01535
10502 4.54274
10503 6.94688
10504 4.55557
10505 7.09276
10506 8.19645
10507 5.7914
10508 6.11686
10509 5.37276
10510 4.26887
10511 5.92885
10512 5.03027
10513 4.34658
10514 4.13092
10515 3.44361
10516 4.83007
10517 4.53904
10518 4.81459
10519 5.02252
10520 4.48511
10521 4.33114
10522 5.71953
10523 7.3055
10524 4.6944
10525 4.42414
10526 3.84644
10527 5.245
10528 4.47092
10529 4.6428
10530 4.60356
10531 4.79565
10532 4.71615
10533 6.43625
10534 3.64992
10535 3.95042
10536 7.71013
10537 3.45584
10538 6.26257
10539 4.35147
10540 4.16353
10541 6.21691
10542 5.75045
10543 5.5907
10544 4.27926
10545 6.87787
10546 4.48034
10547 6.9413
10548 7.14882
10549 5.21918
10550 4.02166
10551 6.62073
10552 7.06636
10553 7.44452
10554 7.82512
10555 3.59132
10556 3.90506
10557 4.13177
10558 4.16559
10559 6.32069
10560 7.96949
10561 3.69004
10562 5.4894
10563 4.00679
10564 3.72359
10565 5.65551
10566 5.21959
10567 4.54828
10568 3.27593
10569 7.10056
10570 4.46276
10571 4.67401
10572 4.2812
10573 8.0472
10574 6.53061
10575 3.65661
10576 4.53157
10577 4.75912
10578 5.56329
10579 4.4823
10580 4.31673
10581 3.80383
10582 4.29053
10583 5.4179
10584 9.93841
10585 5.68216
10586 5.95533
10587 6.13572
10588 4.28924
10589 7.03756
10590 6.18798
10591 4.48217
10592 9.66184
10593 3.74681
10594 4.12903
10595 5.32105
10596 5.06902
10597 5.38426
10598 4.81932
10599 4.45884
10600 9.08089
10601 4.91427
10602 3.7306
10603 4.502
10604 8.45131
10605 5.98971
10606 4.57045
10607 9.13606
10608 7.27938
10609 4.20506
10610 5.11563
10611 9.34755
10612 6.49266
10613 3.11861
10614 4.16682
10615 7.00875
10616 5.48723
10617 5.07517
10618 4.33344
10619 5.093
10620 7.25852
10621 5.85785
10622 6.28185
10623 4.03231
10624 3.90498
10625 6.2164
10626 7.25268
10627 5.81552
10628 4.04575
10629 9.93563
10630 4.15187
10631 5.80668
10632 4.07662
10633 6.44869
10634 3.69876
10635 6.10399
10636 3.60449
10637 5.86043
10638 5.86217
10639 4.52226
10640 8.58711
10641 6.68934
10642 5.45514
10643 6.37875
10644 4.09188
10645 4.1258
10646 6.46518
10647 5.12741
10648 4.03242
10649 3.9459
10650 5.30255
10651 5.90026
10652 5.81363
10653 6.36071
10654 4.7214
10655 7.21848
10656 8.3977
10657 8.18988
10658 7.90251
10659 8.93561
10660 8.26153
10661 4.11845
10662 4.4644
10663 4.67083
10664 3.74785
10665 5.28622
10666 5.21093
10667 3.92339
10668 4.0868
10669 5.66748
10670 3.49906
10671 5.69217
10672 5.76248
10673 4.57435
10674 4.4166
10675 4.99259
10676 7.64181
10677 3.76615
10678 3.90422
10679 4.77786
10680 4.36291
10681 6.38993
10682 4.00757
10683 5.70522
10684 4.15404
10685 3.26589
10686 4.66043
10687 3.71101
10688 8.04524
10689 6.13361
10690 3.84995
10691 7.32688
10692 5.14689
10693 6.86034
10694 7.13494
10695 3.87027
10696 4.81781
10697 5.76413
10698 5.60486
10699 4.21813
10700 7.27359
10701 5.91824
10702 4.96101
10703 3.78476
10704 7.4953
10705 4.97766
10706 5.91833
10707 5.13103
10708 4.53381
10709 4.90648
10710 9.28713
10711 4.89856
10712 5.27208
10713 6.40778
10714 4.54505
10715 6.70591
10716 4.13366
10717 4.12411
10718 5.42424
10719 4.35103
10720 4.99765
10721 8.75725
10722 5.8256
10723 8.89134
10724 3.88049
10725 4.1585
10726 3.71136
10727 4.8165
10728 7.71338
10729 4.4939
10730 5.19718
10731 7.94885
10732 3.5439
10733 8.41181
10734 6.66668
10735 3.36776
10736 4.08742
10737 5.49124
10738 9.15113
10739 8.25588
10740 3.55658
10741 4.76672
10742 4.32178
10743 4.86581
10744 9.62237
10745 4.21112
10746 5.37373
10747 4.64295
10748 3.82704
10749 6.15448
10750 7.08336
10751 5.4983
10752 5.44659
10753 4.09517
10754 5.45891
10755 5.33579
10756 7.95686
10757 7.41045
10758 5.81879
10759 6.99159
10760 9.31982
10761 6.37671
10762 3.52662
10763 4.07049
10764 8.25067
10765 9.75019
10766 3.65936
10767 4.14392
10768 4.4852
10769 6.97681
10770 4.27758
10771 4.77451
10772 5.2023
10773 6.41202
10774 4.01233
10775 9.10097
10776 4.82941
10777 3.8964
10778 8.46408
10779 3.68139
10780 4.61042
10781 4.73809
10782 7.00278
10783 5.05632
10784 5.0822
10785 5.09611
10786 6.57384
10787 5.25931
10788 3.57229
10789 6.34199
10790 7.67302
10791 7.55807
10792 4.22509
10793 6.78915
10794 6.26348
10795 6.17284
10796 5.121
10797 6.65737
10798 3.48674
10799 5.04902
10800 3.69198
10801 5.1222
10802 3.69608
10803 5.50973
10804 8.07501
10805 5.09719
10806 3.97473
10807 3.71392
10808 6.42294
10809 3.99294
10810 3.42143
10811 4.79273
10812 6.06603
10813 4.62676
10814 4.94734
10815 6.27222
10816 3.80853
10817 4.72022
10818 4.96251
10819 7.06087
10820 8.0211
10821 3.51462
10822 3.81896
10823 5.28913
10824 7.36645
10825 4.4842
10826 6.74602
10827 5.76443
10828 4.49038
10829 3.61791
10830 3.2823
10831 7.90997
10832 5.06772
10833 6.72568
10834 7.22225
10835 6.11991
10836 6.09269
10837 6.40182
10838 5.09095
10839 4.77331
10840 4.29111
10841 6.40926
10842 6.93575
10843 7.41826
10844 4.70801
10845 7.83205
10846 6.49159
10847 4.4285
10848 3.91644
10849 4.00911
10850 6.12881
10851 5.82273
10852 7.79173
10853 3.48277
10854 4.10193
10855 6.15189
10856 5.41654
10857 3.53619
10858 3.85312
10859 8.04088
10860 6.58671
10861 4.91558
10862 5.05926
10863 3.79497
10864 4.96151
10865 7.48697
10866 3.70827
10867 5.71823
10868 6.53641
10869 8.27258
10870 6.86197
10871 7.33915
10872 8.73079
10873 5.8897
10874 9.28873
10875 4.90915
10876 3.57793
10877 5.57109
10878 6.25016
10879 4.97781
10880 3.58554
10881 4.68237
10882 5.2364
10883 4.85456
10884 5.75375
10885 4.02156
10886 6.73513
10887 4.36953
10888 4.66385
10889 4.65152
10890 4.28844
10891 3.90442
10892 8.93779
10893 7.50999
10894 4.52265
10895 5.90664
10896 5.14402
10897 6.84011
10898 4.25082
10899 4.2594
10900 3.51919
10901 6.35454
10902 4.52421
10903 8.32874
10904 6.67896
10905 8.22401
10906 8.02811
10907 4.4909
10908 4.50655
10909 5.33926
10910 4.27711
10911 4.67231
10912 4.6756
10913 3.43473
10914 4.07227
10915 3.45591
10916 4.15076
10917 4.95188
10918 4.55545
10919 7.78919
10920 3.98077
10921 4.67133
10922 4.21572
10923 3.99136
10924 6.86068
10925 6.65018
10926 4.87043
10927 4.31257
10928 5.436
10929 3.72595
10930 3.90697
10931 3.32273
10932 3.4152
10933 5.71506
10934 7.10696
10935 6.87949
10936 5.85523
10937 6.04426
10938 6.53921
10939 4.31881
10940 6.28746
10941 4.83906
10942 4.75563
10943 5.76898
10944 6.39741
10945 3.67651
10946 3.27882
10947 6.05072
10948 4.36045
10949 4.3213
10950 6.7423
10951 4.50388
10952 4.43192
10953 5.24034
10954 7.31602
10955 5.36675
10956 3.16967
10957 6.64128
10958 4.0503
10959 6.59494
10960 6.99804
10961 7.55865
10962 7.66728
10963 3.99989
10964 3.73015
10965 3.74259
10966 8.32689
10967 5.88451
10968 4.90439
10969 7.30527
10970 5.71471
10971 6.69485
10972 7.79942
10973 6.89432
10974 5.42789
10975 6.30356
10976 3.55457
10977 4.3044
10978 4.66969
10979 4.45229
10980 4.78937
10981 5.62392
10982 9.70935
10983 6.08116
10984 7.23863
10985 5.73387
10986 5.62624
10987 8.57215
10988 5.96743
10989 6.99857
10990 3.87427
10991 4.04089
10992 5.54835
10993 7.00666
10994 5.55905
10995 4.10248
10996 5.49248
10997 6.01
10998 6.97569
10999 4.69445
11000 4.00471
11001 6.69831
11002 6.5057
11003 6.02874
11004 6.02688
11005 5.32974
11006 6.24636
11007 5.84632
11008 7.79761
11009 6.45854
11010 6.73765
11011 6.96217
11012 8.5089
11013 6.17247
11014 4.39582
11015 5.96249
11016 8.18383
11017 7.53586
11018 5.40311
11019 4.36714
11020 4.37058
11021 3.8191
11022 4.36273
11023 6.75874
11024 4.55549
11025 5.88601
11026 6.09107
11027 4.64818
11028 5.24976
11029 4.79666
11030 3.97029
11031 5.62681
11032 7.92843
11033 6.84653
11034 6.99655
11035 5.73458
11036 4.51676
11037 7.46432
11038 5.06786
11039 6.39802
11040 3.77294
11041 5.28082
11042 4.77891
11043 5.19083
11044 4.32769
11045 3.82386
11046 4.66817
11047 6.23433
11048 7.67517
11049 6.18282
11050 4.58916
11051 6.98233
11052 3.70054
11053 6.54209
11054 7.4687
11055 3.34228
11056 5.35185
11057 4.20314
11058 8.01316
11059 3.84127
11060 4.62032
11061 4.33514
11062 8.39717
11063 8.97933
11064 8.20573
11065 4.38391
11066 3.87112
11067 5.16823
11068 7.64427
11069 8.74849
11070 7.02441
11071 5.83449
11072 5.57909
11073 6.2942
11074 6.24804
11075 3.98168
11076 4.49789
11077 5.60921
11078 4.54793
11079 5.84009
11080 6.75077
11081 6.11828
11082 4.31986
11083 4.96377
11084 6.81139
11085 3.8582
11086 5.18742
11087 5.95058
11088 8.13788
11089 7.55973
11090 3.27462
11091 7.40605
11092 9.72721
11093 6.1082
11094 4.88085
11095 8.24859
11096 3.75164
11097 6.06092
11098 3.58865
11099 5.28843
11100 5.04597
11101 7.43315
11102 7.1682
11103 8.42945
11104 9.12568
11105 4.4438
11106 4.62869
11107 3.37668
11108 6.17694
11109 6.39082
11110 6.20833
11111 4.33984
11112 5.89839
11113 5.70498
11114 4.1747
11115 3.75467
11116 7.46681
11117 5.21994
11118 8.3049
11119 3.52804
11120 7.05775
11121 9.66638
11122 7.10033
11123 4.10695
11124 6.69552
11125 7.1529
11126 5.21378
11127 8.08321
11128 4.01337
11129 3.46318
11130 4.85387
11131 5.12152
11132 4.31158
11133 3.4404
11134 5.28939
11135 5.55107
11136 4.65233
11137 6.85973
11138 6.75685
11139 3.69201
11140 5.06087
11141 7.51465
11142 4.26754
11143 6.17076
11144 5.04521
11145 7.2695
11146 6.25318
11147 4.88356
11148 5.18203
11149 4.715
11150 5.70381
11151 4.55635
11152 6.30612
11153 5.81823
11154 5.5594
11155 5.67822
11156 5.87244
11157 3.34108
11158 7.07692
11159 3.44199
11160 3.8607
11161 5.09973
11162 5.8695
11163 4.50929
11164 8.76521
11165 3.09313
11166 9.98881
11167 3.29134
11168 7.79066
11169 3.99977
11170 4.72297
11171 5.69191
11172 3.24761
11173 3.38471
11174 8.20858
11175 4.31923
11176 5.597
11177 3.42667
11178 5.69222
11179 5.52511
11180 5.3434
11181 5.67659
11182 8.17759
11183 7.69496
11184 7.06137
11185 7.02094
11186 6.50559
11187 5.90811
11188 4.4601
11189 7.03356
11190 6.03269
11191 4.58784
11192 5.14623
11193 3.63132
11194 5.17552
11195 8.16689
11196 3.90254
11197 5.17906
11198 4.93023
11199 6.18695
11200 4.22651
11201 6.44759
11202 6.02334
11203 5.3858
11204 4.75508
11205 3.57444
11206 4.38707
11207 7.91103
11208 4.20845
11209 7.23383
11210 6.70901
11211 5.32503
11212 4.71415
11213 4.59288
11214 7.63226
11215 4.24753
11216 7.92943
11217 4.33861
11218 6.40196
11219 7.59666
11220 6.78417
11221 4.43252
11222 3.8172
11223 4.64574
11224 5.30557
11225 3.85648
11226 5.07581
11227 5.75127
11228 8.86894
11229 4.85148
11230 3.96877
11231 6.96655
11232 8.23352
11233 8.85654
11234 4.22899
11235 8.99446
11236 4.24723
11237 4.86906
11238 5.80389
11239 5.03237
11240 6.23732
11241 5.1167
11242 5.37891
11243 6.45596
11244 6.64745
11245 7.60997
11246 6.12842
11247 6.89673
11248 6.94248
11249 3.27989
11250 3.58771
11251 3.67413
11252 6.34009
11253 7.90523
11254 5.51156
11255 4.63084
11256 3.44894
11257 6.38272
11258 4.57605
11259 5.71305
11260 8.70182
11261 5.2126
11262 4.80423
11263 6.53125
11264 4.78925
11265 5.94021
11266 4.59933
11267 6.81903
11268 6.01905
11269 5.52024
11270 5.64385
11271 4.7313
11272 5.74175
11273 8.91303
11274 6.39738
11275 3.64809
11276 5.12934
11277 6.07017
11278 3.91702
11279 6.65929
11280 7.94297
11281 6.96158
11282 7.50635
11283 6.55538
11284 7.56979
11285 3.34452
11286 4.4635
11287 4.02731
11288 5.06511
11289 6.19924
11290 6.12094
11291 4.02236
11292 7.72667
11293 8.63888
11294 7.79602
11295 5.13793
11296 4.99377
11297 4.23208
11298 3.81449
11299 5.78094
11300 7.37345
11301 3.55974
11302 8.82157
11303 4.37123
11304 8.77905
11305 4.8911
11306 4.54263
11307 9.35254
11308 3.48154
11309 5.78424
11310 6.07266
11311 6.27507
11312 5.25959
11313 5.8585
11314 9.91571
11315 8.57221
11316 6.3266
11317 5.76127
11318 8.24378
11319 4.31316
11320 3.12763
11321 4.15111
11322 4.6914
11323 5.12271
11324 7.99973
11325 5.07328
11326 4.521
11327 5.37673
11328 6.67845
11329 5.95009
11330 7.2508
11331 4.5256
11332 3.88913
11333 6.33502
11334 6.72833
11335 6.95311
11336 8.93669
11337 6.0492
11338 7.37426
11339 8.55162
11340 4.5483
11341 6.96452
11342 6.72787
11343 7.31224
11344 7.3349
11345 4.54833
11346 3.68966
11347 4.44829
11348 5.27797
11349 3.80551
11350 4.79616
11351 5.41855
11352 4.52056
11353 3.54957
11354 4.61978
11355 5.25394
11356 8.73044
11357 5.95525
11358 6.33435
11359 7.01072
11360 4.24199
11361 3.92001
11362 3.60604
11363 4.51021
11364 3.56317
11365 5.61625
11366 3.93437
11367 7.39353
11368 4.62498
11369 6.02343
11370 4.10915
11371 4.76745
11372 3.45199
11373 8.36396
11374 5.65084
11375 4.41666
11376 5.923
11377 7.09252
11378 5.59778
11379 4.98964
11380 4.6139
11381 6.79434
11382 5.87562
11383 4.02784
11384 7.24795
11385 3.95978
11386 3.50081
11387 3.38694
11388 4.90005
11389 6.36905
11390 6.10084
11391 5.94688
11392 4.66241
11393 5.93453
11394 6.85031
11395 4.58782
11396 5.56101
11397 4.77513
11398 5.82914
11399 7.74485
11400 5.03181
11401 5.17146
11402 6.27923
11403 3.80789
11404 8.27666
11405 6.8235
11406 5.79159
11407 6.97841
11408 5.67008
11409 6.8027
11410 5.89378
11411 5.47391
11412 4.99508
11413 3.82826
11414 3.77482
11415 3.69889
11416 5.41221
11417 3.84547
11418 5.62768
11419 5.42951
11420 6.74005
11421 5.33553
11422 5.82503
11423 7.25618
11424 4.53127
11425 7.34567
11426 3.95082
11427 4.6377
11428 4.28605
11429 4.18648
11430 5.51102
11431 4.62354
11432 6.21444
11433 5.37221
11434 5.62142
11435 4.59767
11436 5.30886
11437 4.91803
11438 4.23022
11439 5.9884
11440 5.84449
11441 8.96948
11442 7.50995
11443 6.38904
11444 4.20384
11445 5.84878
11446 5.87374
11447 5.11089
11448 5.67208
11449 3.47783
11450 3.74635
11451 3.2807
11452 6.41812
11453 8.86655
11454 3.27382
11455 8.91969
11456 5.08588
11457 4.88222
11458 4.40874
11459 5.10193
11460 4.87709
11461 5.5748
11462 5.19705
11463 5.07127
11464 6.48749
11465 4.65974
11466 4.77237
11467 5.12357
11468 4.87641
11469 8.06642
11470 3.62702
11471 8.96983
11472 5.49107
11473 8.1174
11474 7.8306
11475 4.76809
11476 7.08966
11477 4.21608
11478 5.73548
11479 6.16461
11480 7.53025
11481 4.49387
11482 3.43958
11483 4.34529
11484 8.21031
11485 3.86141
11486 4.35328
11487 6.00701
11488 4.09454
11489 5.40336
11490 4.32411
11491 7.3929
11492 5.33674
11493 6.6519
11494 3.43447
11495 4.96871
11496 4.91004
11497 6.88439
11498 5.27749
11499 3.83582
11500 8.72973
11501 6.24752
11502 3.34019
11503 6.48161
11504 3.17346
11505 5.07178
11506 4.24688
11507 4.32959
11508 4.10561
11509 4.60974
11510 8.28427
11511 6.92577
11512 6.26905
11513 6.12839
11514 7.62004
11515 6.56998
11516 6.68266
11517 5.68739
11518 5.76545
11519 5.94329
11520 4.94859
11521 6.06652
11522 4.012
11523 3.98588
11524 7.38455
11525 4.3166
11526 8.09874
11527 6.89561
11528 4.34415
11529 4.09692
11530 4.69196
11531 7.2075
11532 5.6806
11533 3.13247
11534 8.7106
11535 6.54602
11536 5.51127
11537 4.7009
11538 4.64985
11539 3.29953
11540 7.73015
11541 9.33565
11542 4.09523
11543 7.6325
11544 4.41234
11545 6.66071
11546 5.48952
11547 6.55534
11548 4.53559
11549 6.58784
11550 4.4051
11551 5.41402
11552 6.72024
11553 7.39087
11554 6.33927
11555 9.5244
11556 5.69127
11557 3.41887
11558 7.63475
11559 5.54832
11560 3.65608
11561 3.53871
11562 7.32074
11563 6.30114
11564 3.848
11565 4.92475
11566 6.37147
11567 6.42403
11568 7.60852
11569 3.47249
11570 4.22202
11571 4.9312
11572 6.82373
11573 5.85913
11574 3.42261
11575 4.53415
11576 6.08655
11577 3.45254
11578 4.02815
11579 4.38849
11580 5.59182
11581 4.26959
11582 5.14609
11583 8.30643
11584 5.61222
11585 9.61706
11586 5.08439
11587 5.87467
11588 6.70457
11589 5.17461
11590 3.85512
11591 4.87397
11592 4.69207
11593 4.65778
11594 4.87273
11595 6.07398
11596 4.66263
11597 5.27319
11598 3.51293
11599 6.38152
11600 8.587
11601 7.78022
11602 8.1021
11603 4.80165
11604 5.82005
11605 4.16817
11606 3.98924
11607 4.26931
11608 4.81315
11609 4.64634
11610 7.30439
11611 3.98136
11612 5.95658
11613 8.78337
11614 7.92631
11615 6.3039
11616 4.86072
11617 6.08475
11618 5.34155
11619 5.70432
11620 8.83452
11621 7.62511
11622 3.71679
11623 4.27432
11624 4.83479
11625 4.62933
11626 9.18604
11627 5.65299
11628 3.90716
11629 7.56977
11630 8.33595
11631 5.27101
11632 6.65174
11633 5.36797
11634 5.59547
11635 4.27145
11636 9.27558
11637 5.23064
11638 4.84489
11639 4.34338
11640 6.08908
11641 8.04545
11642 4.64802
11643 4.2255
11644 3.60049
11645 6.22948
11646 5.35657
11647 6.37495
11648 5.41582
11649 5.55682
11650 5.17516
11651 4.83834
11652 5.41876
11653 5.21357
11654 9.52935
11655 6.29484
11656 4.43823
11657 8.73231
11658 4.30743
11659 6.58041
11660 4.51121
11661 4.56989
11662 9.30149
11663 4.19619
11664 5.54491
11665 4.507
11666 7.17474
11667 5.97729
11668 6.70233
11669 4.64496
11670 6.1681
11671 7.20756
11672 4.5192
11673 6.01104
11674 4.76403
11675 5.43766
11676 9.49253
11677 5.82838
11678 3.86058
11679 5.58114
11680 7.64623
11681 4.14679
11682 5.78541
11683 5.70148
11684 4.45906
11685 3.55685
11686 5.4058
11687 3.28462
11688 4.34122
11689 4.02036
11690 7.19267
11691 7.46545
11692 5.3438
11693 3.77684
11694 6.38357
11695 4.13734
11696 8.55525
11697 3.77745
11698 4.91464
11699 3.8577
11700 5.38394
11701 4.94791
11702 5.21468
11703 8.91609
11704 8.47786
11705 5.75552
11706 7.91927
11707 4.26063
11708 5.40427
11709 3.48089
11710 4.3708
11711 6.17481
11712 8.07604
11713 6.40315
11714 3.88181
11715 6.02783
11716 7.5252
11717 4.12675
11718 7.04617
11719 6.88164
11720 7.34247
11721 6.91625
11722 6.75891
11723 4.40571
11724 5.93978
11725 6.72964
11726 8.29976
11727 3.39566
11728 4.83074
11729 5.19683
11730 6.50191
11731 5.61671
11732 4.5043
11733 4.27942
11734 8.15746
11735 4.835
11736 5.61408
11737 5.05357
11738 5.24839
11739 3.90727
11740 4.29604
11741 9.51598
11742 5.52891
11743 5.81132
11744 5.23417
11745 4.88626
11746 5.77382
11747 6.60388
11748 5.4733
11749 8.26756
11750 5.95251
11751 4.2266
11752 7.16334
11753 8.72276
11754 5.91255
11755 7.09565
11756 8.2874
11757 3.52723
11758 3.85342
11759 6.07497
11760 4.32786
11761 4.62402
11762 4.49453
11763 5.47837
11764 6.20151
11765 3.56172
11766 4.6457
11767 4.86069
11768 6.00024
11769 5.11
11770 3.70062
11771 4.77671
11772 6.57134
11773 5.4691
11774 4.31801
11775 4.46099
11776 5.01295
11777 6.15877
11778 5.26673
11779 8.72792
11780 4.29421
11781 4.31177
11782 9.42579
11783 5.36605
11784 5.17333
11785 6.7096
11786 7.69048
11787 6.43884
11788 7.20648
11789 7.4621
11790 6.14367
11791 4.01029
11792 6.27258
11793 5.25933
11794 6.27447
11795 3.90017
11796 3.8486
11797 6.11912
11798 6.22993
11799 6.29779
11800 8.06213
11801 8.14657
11802 5.19199
11803 7.22715
11804 5.99288
11805 3.0686
11806 4.73008
11807 4.51574
11808 6.00733
11809 8.92163
11810 5.11998
11811 5.26118
11812 4.50769
11813 3.40076
11814 6.20512
11815 4.23144
11816 4.36972
11817 8.30311
11818 9.7138
11819 9.00375
11820 6.2785
11821 3.96747
11822 5.58642
11823 6.1955
11824 5.63067
11825 3.40545
11826 4.89545
11827 5.05717
11828 4.90532
11829 4.79481
11830 4.78667
11831 5.02407
11832 4.35433
11833 7.41012
11834 5.84684
11835 8.869
11836 3.88077
11837 4.71771
11838 5.01231
11839 6.55497
11840 4.09933
11841 5.32588
11842 4.30363
11843 4.92347
11844 6.05539
11845 7.22771
11846 4.94948
11847 4.54626
11848 6.08356
11849 8.34618
11850 6.38197
11851 8.98287
11852 7.54755
11853 6.87604
11854 3.94199
11855 3.58529
11856 6.28329
11857 6.7327
11858 8.52075
11859 5.82985
11860 4.41121
11861 7.09868
11862 8.20624
11863 6.60639
11864 4.53648
11865 6.04854
11866 9.26953
11867 6.90875
11868 4.32921
11869 5.52807
11870 6.20955
11871 3.64445
11872 6.91538
11873 6.88571
11874 6.30429
11875 4.93738
11876 6.01947
11877 8.75056
11878 5.28124
11879 5.59779
11880 5.60231
11881 4.9532
11882 5.53499
11883 4.94992
11884 5.99063
11885 3.73143
11886 4.43347
11887 6.06598
11888 7.06846
11889 7.77891
11890 5.00505
11891 5.73883
11892 3.99195
11893 3.99719
11894 7.06812
11895 4.58839
11896 4.55738
11897 5.39223
11898 5.69101
11899 5.19673
11900 7.48531
11901 3.84785
11902 3.82737
11903 4.06245
11904 6.67347
11905 4.48101
11906 4.35668
11907 3.96285
11908 6.38331
11909 6.45449
11910 4.15119
11911 6.89338
11912 3.9743
11913 4.05377
11914 7.91463
11915 3.22547
11916 3.81302
11917 7.09985
11918 7.16732
11919 5.0341
11920 8.73264
11921 6.22225
11922 7.311
11923 7.06312
11924 5.64732
11925 5.38511
11926 3.19259
11927 6.65392
11928 4.1621
11929 5.89702
11930 6.9322
11931 3.9788
11932 4.00954
11933 6.2714
11934 6.17344
11935 5.49541
11936 4.22157
11937 6.56758
11938 3.34955
11939 4.45713
11940 5.33786
11941 8.73892
11942 6.71362
11943 5.76578
11944 4.66603
11945 5.60785
11946 4.17321
11947 8.55955
11948 6.77154
11949 6.39393
11950 4.10701
11951 5.94544
11952 5.73751
11953 3.7766
11954 5.21996
11955 4.23601
11956 4.6445
11957 8.32324
11958 5.55014
11959 5.9249
11960 7.18841
11961 3.63742
11962 6.4125
11963 5.08302
11964 6.30154
11965 5.45259
11966 4.52512
11967 4.84604
11968 6.71861
11969 5.27739
11970 4.1592
11971 4.6365
11972 4.56619
11973 5.5567
11974 5.61568
11975 3.40991
11976 7.30528
11977 6.41139
11978 6.2853
11979 3.89133
11980 5.05105
11981 8.03019
11982 5.78535
11983 3.39864
11984 4.52818
11985 9.98839
11986 6.21413
11987 6.60333
11988 7.60701
11989 4.35556
11990 4.33232
11991 7.26744
11992 5.55939
11993 8.07482
11994 6.18997
11995 5.6245
11996 7.63573
11997 5.24681
11998 3.4606
11999 7.07672
12000 8.23618
12001 6.50016
12002 3.79378
12003 6.18484
12004 5.03971
12005 7.37196
12006 4.45704
12007 3.70041
12008 4.55662
12009 5.23303
12010 3.84501
12011 5.92276
12012 5.72568
12013 4.81984
12014 3.88526
12015 7.3192
12016 5.00194
12017 5.20109
12018 8.40653
12019 3.82583
12020 4.52978
12021 7.42613
12022 7.12661
12023 5.9592
12024 4.04481
12025 6.29539
12026 7.31904
12027 7.64247
12028 7.98275
12029 6.42696
12030 5.15059
12031 3.61786
12032 3.57652
12033 6.52046
12034 6.18889
12035 7.38996
12036 6.25895
12037 4.56642
12038 4.71859
12039 7.94937
12040 6.56456
12041 4.57653
12042 6.54196
12043 4.66689
12044 4.70034
12045 5.76689
12046 4.48568
12047 7.27163
12048 5.09548
12049 4.0972
12050 7.18862
12051 3.88743
12052 4.4006
12053 4.12942
12054 6.29096
12055 7.84685
12056 4.83156
12057 3.92035
12058 5.92721
12059 9.79464
12060 3.61407
12061 6.04257
12062 7.32473
12063 7.17735
12064 6.52203
12065 3.44392
12066 8.2203
12067 5.22264
12068 7.94553
12069 7.57783
12070 4.80946
12071 4.28571
12072 7.11449
12073 5.97354
12074 6.05845
12075 5.57648
12076 3.67464
12077 4.21866
12078 6.21456
12079 7.88126
12080 5.45669
12081 5.45258
12082 7.16061
12083 5.64859
12084 5.60609
12085 3.76078
12086 7.79886
12087 5.11009
12088 3.12189
12089 5.29574
12090 8.0987
12091 3.68491
12092 6.99681
12093 6.35639
12094 4.68303
12095 4.83713
12096 4.52721
12097 6.69354
12098 7.66554
12099 9.16025
12100 8.15046
12101 4.78184
12102 6.23496
12103 7.19501
12104 4.25018
12105 6.26617
12106 7.89063
12107 3.58293
12108 4.46171
12109 5.21825
12110 5.46173
12111 6.00748
12112 4.56112
12113 5.12899
12114 4.92261
12115 5.6394
12116 7.55471
12117 5.37079
12118 4.6555
12119 7.18306
12120 5.08047
12121 3.8037
12122 8.39341
12123 9.29834
12124 5.20337
12125 3.70837
12126 6.53907
12127 6.22404
12128 6.02718
12129 4.72385
12130 4.70319
12131 4.29605
12132 4.73799
12133 4.65591
12134 4.08798
12135 5.30356
12136 4.46784
12137 9.59808
12138 8.07372
12139 5.16736
12140 7.35916
12141 7.12568
12142 5.47099
12143 7.84964
12144 3.65775
12145 4.13514
12146 4.04381
12147 3.8499
12148 7.74153
12149 7.18245
12150 4.91753
12151 6.94968
12152 6.22865
12153 6.90297
12154 4.34394
12155 5.32585
12156 6.51501
12157 7.28738
12158 6.37318
12159 6.42822
12160 6.6346
12161 4.6809
12162 3.9619
12163 9.28842
12164 7.17027
12165 6.28548
12166 8.68225
12167 8.36376
12168 6.0896
12169 7.73082
12170 7.25011
12171 5.31884
12172 4.09758
12173 4.39158
12174 5.56445
12175 4.3316
12176 4.05768
12177 8.46052
12178 5.76712
12179 3.78774
12180 8.36294
12181 6.24252
12182 5.90953
12183 3.63913
12184 7.32654
12185 5.09023
12186 4.54903
12187 3.06112
12188 3.55646
12189 4.13956
12190 4.25274
12191 4.27384
12192 7.01728
12193 5.02328
12194 7.2226
12195 4.76411
12196 4.79644
12197 7.96098
12198 6.35507
12199 4.39124
12200 6.7268
12201 6.56088
12202 7.60722
12203 4.80933
12204 3.96859
12205 4.75796
12206 6.67942
12207 6.9073
12208 3.74487
12209 7.96261
12210 5.08622
12211 5.73114
12212 7.57222
12213 4.53931
12214 7.86536
12215 4.87579
12216 5.55393
12217 6.55177
12218 4.91763
12219 4.22722
12220 8.61224
12221 3.54343
12222 4.93614
12223 6.01105
12224 3.67304
12225 5.90868
12226 4.18293
12227 3.67823
12228 6.03156
12229 4.78018
12230 6.01956
12231 4.98841
12232 6.39636
12233 6.96565
12234 5.33496
12235 6.42311
12236 4.34949
12237 5.17141
12238 7.38161
12239 7.33526
12240 8.3388
12241 8.61685
12242 3.64109
12243 4.65351
12244 6.72582
12245 7.24107
12246 4.58682
12247 4.89317
12248 5.79441
12249 4.84941
12250 4.45707
12251 4.69302
12252 6.05811
12253 4.41746
12254 4.60446
12255 8.55274
12256 5.35569
12257 4.53156
12258 5.06383
12259 4.90447
12260 3.95107
12261 4.68278
12262 4.34342
12263 4.03872
12264 7.91468
12265 3.47382
12266 4.59066
12267 6.35666
12268 3.74651
12269 5.74256
12270 6.63905
12271 6.34777
12272 4.36631
12273 4.30966
12274 4.41467
12275 4.8455
12276 3.47664
12277 6.64695
12278 6.79496
12279 3.26721
12280 4.66254
12281 4.9498
12282 4.49706
12283 5.20396
12284 7.54915
12285 4.53067
12286 6.21852
12287 6.00518
12288 3.86844
12289 6.00971
12290 6.88692
12291 7.50945
12292 5.80073
12293 6.52886
12294 5.58993
12295 5.57185
12296 6.48734
12297 6.34759
12298 6.71882
12299 5.856
12300 5.61753
12301 4.42255
12302 5.60155
12303 4.30151
12304 6.58723
12305 4.30427
12306 7.1619
12307 3.56668
12308 5.92713
12309 5.0513
12310 3.86886
12311 3.95906
12312 5.77682
12313 5.98946
12314 8.83049
12315 9.60294
12316 6.23223
12317 5.48482
12318 7.42188
12319 7.83696
12320 5.66595
12321 3.60581
12322 8.17144
12323 5.69532
12324 7.11601
12325 3.7911
12326 4.73779
12327 8.4749
12328 7.07487
12329 4.26967
12330 5.53965
12331 7.04624
12332 4.75867
12333 6.86034
12334 4.31807
12335 6.38323
12336 3.81187
12337 4.66404
12338 5.27937
12339 8.90444
12340 3.87764
12341 8.13742
12342 4.67419
12343 4.76249
12344 6.1609
12345 6.3014
12346 8.00417
12347 7.67711
12348 5.96199
12349 5.53141
12350 6.75216
12351 7.43303
12352 5.54758
12353 5.13635
12354 3.8351
12355 4.6483
12356 8.88666
12357 5.52938
12358 4.06933
12359 5.89176
12360 3.7111
12361 4.41807
12362 6.07646
12363 5.60916
12364 5.53351
12365 9.19841
12366 5.04173
12367 4.1209
12368 6.76718
12369 6.88328
12370 4.11222
12371 4.68338
12372 4.10722
12373 5.64372
12374 6.49288
12375 4.47637
12376 3.4565
12377 8.8737
12378 7.42993
12379 7.43697
12380 3.64737
12381 3.9015
12382 5.23934
12383 3.9714
12384 8.3483
12385 4.29592
12386 5.50574
12387 7.42851
12388 3.57462
12389 7.28057
12390 6.36361
12391 6.14635
12392 6.72082
12393 3.8705
12394 7.90697
12395 7.54639
12396 4.94747
12397 6.30678
12398 7.02916
12399 5.55142
12400 3.82183
12401 5.90787
12402 6.96573
12403 4.04168
12404 6.91811
12405 6.73383
12406 8.92494
12407 6.04567
12408 8.556
12409 4.98029
12410 6.73184
12411 9.40273
12412 4.9092
12413 7.79912
12414 7.36086
12415 4.77854
12416 7.79003
12417 3.56029
12418 5.81232
12419 7.20428
12420 7.59666
12421 3.8939
12422 3.99493
12423 4.78944
12424 6.25185
12425 7.00945
12426 4.59495
12427 4.80703
12428 3.4223
12429 6.37788
12430 5.02851
12431 5.75284
12432 6.32332
12433 4.55873
12434 3.90558
12435 4.01968
12436 4.17929
12437 8.32385
12438 6.43665
12439 5.47471
12440 5.03979
12441 4.46034
12442 5.59632
12443 7.26323
12444 5.34607
12445 4.88672
12446 3.54341
12447 4.71976
12448 6.08457
12449 5.66121
12450 5.88332
12451 3.62263
12452 4.7831
12453 3.78508
12454 3.67816
12455 4.30197
12456 4.1389
12457 3.38536
12458 7.01956
12459 4.56027
12460 4.50457
12461 3.51095
12462 3.33304
12463 6.45642
12464 4.82908
12465 4.33777
12466 5.44402
12467 4.77442
12468 4.12032
12469 5.16353
12470 6.06151
12471 7.11476
12472 7.25196
12473 3.7677
12474 7.05024
12475 3.38002
12476 5.58782
12477 4.91966
12478 7.19929
12479 3.98894
12480 8.15588
12481 4.91456
12482 3.48525
12483 5.14806
12484 7.57173
12485 5.66023
12486 4.37488
12487 7.70131
12488 7.56259
12489 4.92687
12490 3.72025
12491 4.96828
12492 4.50231
12493 4.14811
12494 4.40005
12495 3.37928
12496 9.17172
12497 4.93812
12498 7.97809
12499 8.50473
12500 4.58755
12501 4.09935
12502 5.28545
12503 5.57234
12504 3.62939
12505 5.21523
12506 5.88567
12507 5.64439
12508 3.20044
12509 5.48541
12510 7.53735
12511 6.32187
12512 7.30226
12513 8.04475
12514 7.86353
12515 7.63229
12516 7.83445
12517 3.88451
12518 9.23344
12519 4.63382
12520 4.04142
12521 3.5708
12522 4.16789
12523 5.68196
12524 4.68301
12525 5.12271
12526 8.43823
12527 5.15722
12528 7.39608
12529 3.98806
12530 3.99989
12531 5.82232
12532 7.76943
12533 6.24822
12534 5.00911
12535 3.59461
12536 4.16215
12537 4.57734
12538 4.05221
12539 3.82906
12540 6.56831
12541 8.70224
12542 3.38099
12543 3.92014
12544 3.71636
12545 3.34943
12546 4.8564
12547 6.35766
12548 5.44928
12549 6.28285
12550 4.97894
12551 5.22159
12552 4.95349
12553 3.53502
12554 6.24024
12555 5.76669
12556 4.13368
12557 5.50269
12558 5.61948
12559 4.20144
12560 5.78081
12561 5.28802
12562 5.75739
12563 5.58327
12564 5.68864
12565 6.64526
12566 4.48469
12567 6.57927
12568 9.06222
12569 5.53069
12570 4.5282
12571 5.02766
12572 3.97742
12573 4.89676
12574 4.81007
12575 4.61474
12576 4.60599
12577 7.08623
12578 3.77975
12579 6.78703
12580 7.74203
12581 3.44729
12582 4.66444
12583 4.20902
12584 5.96966
12585 4.47844
12586 4.18746
12587 4.00508
12588 5.54298
12589 7.14837
12590 6.75723
12591 6.18788
12592 4.45213
12593 6.44242
12594 4.65234
12595 6.84528
12596 4.10785
12597 6.81213
12598 5.7747
12599 4.1178
12600 5.3266
12601 5.04605
12602 3.60058
12603 7.57407
12604 4.55339
12605 9.94032
12606 5.55645
12607 3.45064
12608 5.14373
12609 4.37847
12610 7.61593
12611 5.51978
12612 5.76568
12613 8.70982
12614 3.74378
12615 5.40102
12616 4.88066
12617 5.34693
12618 3.87872
12619 3.79719
12620 4.53481
12621 4.67608
12622 5.98848
12623 5.43782
12624 6.38777
12625 7.75197
12626 4.74634
12627 6.98878
12628 4.20239
12629 4.7051
12630 6.64679
12631 5.45478
12632 6.17397
12633 5.3896
12634 7.63806
12635 8.14969
12636 3.54509
12637 5.36027
12638 5.88502
12639 8.36868
12640 3.57418
12641 8.9226
12642 4.83842
12643 4.72878
12644 7.55494
12645 4.16389
12646 6.92048
12647 5.69822
12648 6.34825
12649 6.45677
12650 4.02234
12651 3.99584
12652 5.68127
12653 6.58724
12654 8.70019
12655 5.13237
12656 5.07407
12657 7.41413
12658 8.66454
12659 4.34627
12660 9.45609
12661 7.77751
12662 4.72424
12663 7.22389
12664 7.05873
12665 4.57937
12666 9.44306
12667 5.37083
12668 9.41652
12669 5.59705
12670 5.03723
12671 5.54325
12672 9.98522
12673 6.35848
12674 8.14495
12675 6.88965
12676 7.58232
12677 3.34534
12678 6.69666
12679 7.20793
12680 9.35169
12681 6.75824
12682 5.85084
12683 5.23617
12684 7.87379
12685 3.75003
12686 3.9232
12687 3.77532
12688 7.20169
12689 4.09594
12690 7.92763
12691 4.3932
12692 6.11942
12693 5.42977
12694 5.53042
12695 7.34018
12696 9.58842
12697 6.11909
12698 4.69978
12699 5.55986
12700 4.29525
12701 7.06771
12702 5.19343
12703 5.31934
12704 5.80066
12705 5.48959
12706 4.37235
12707 9.15882
12708 4.37419
12709 7.58202
12710 4.55547
12711 5.52247
12712 4.99653
12713 4.87644
12714 4.26151
12715 8.48403
12716 5.5846
12717 6.97603
12718 5.59847
12719 7.33361
12720 6.87698
12721 5.43344
12722 4.75375
12723 4.73867
12724 6.2925
12725 6.23384
12726 6.52038
12727 4.9639
12728 8.9574
12729 6.40717
12730 4.21904
12731 4.31109
12732 6.66468
12733 4.89905
12734 4.25415
12735 4.89216
12736 3.55452
12737 9.53842
12738 6.87601
12739 6.55992
12740 4.58182
12741 3.80891
12742 5.10153
12743 7.02677
12744 6.50334
12745 6.34906
12746 7.34968
12747 6.7402
12748 4.46804
12749 3.28903
12750 6.70687
12751 4.74554
12752 4.95467
12753 8.31619
12754 4.33868
12755 8.96498
12756 9.10654
12757 4.71405
12758 4.52968
12759 7.01267
12760 4.25886
12761 6.7863
12762 4.56542
12763 6.512
12764 7.98279
12765 6.67109
12766 4.76832
12767 5.30736
12768 4.2603
12769 4.23301
12770 4.07512
12771 3.51451
12772 5.86956
12773 5.3493
12774 3.67393
12775 6.95658
12776 5.99342
12777 6.61381
12778 5.43855
12779 7.17525
12780 9.80731
12781 6.15954
12782 4.24175
12783 3.54273
12784 7.37363
12785 4.79589
12786 3.52307
12787 5.31617
12788 8.32171
12789 6.52616
12790 4.37599
12791 6.43475
12792 3.49879
12793 3.92842
12794 3.4409
12795 8.85542
12796 6.89326
12797 9.78803
12798 5.11539
12799 8.34788
12800 5.83623
12801 6.73252
12802 6.81025
12803 4.3602
12804 6.25706
12805 5.75989
12806 5.87139
12807 6.48727
12808 7.28113
12809 6.7646
12810 5.28208
12811 6.13091
12812 3.10816
12813 6.36735
12814 6.64351
12815 7.14628
12816 3.63973
12817 7.08012
12818 7.62003
12819 4.75803
12820 7.20994
12821 8.22585
12822 5.33755
12823 6.73949
12824 8.87952
12825 4.28879
12826 6.87266
12827 6.8138
12828 6.03368
12829 4.99307
12830 3.70283
12831 7.82901
12832 3.92944
12833 7.61705
12834 3.75924
12835 3.8163
12836 6.78127
12837 3.92825
12838 4.78638
12839 5.36273
12840 3.6744
12841 8.15745
12842 5.63687
12843 4.90684
12844 5.20241
12845 5.86114
12846 7.40556
12847 5.94805
12848 3.60919
12849 8.68946
12850 4.53735
12851 4.79153
12852 3.42551
12853 6.48776
12854 5.20569
12855 9.38559
12856 4.87495
12857 8.37522
12858 7.48635
12859 5.50158
12860 6.77277
12861 5.09122
12862 7.37765
12863 4.88113
12864 5.40621
12865 5.72872
12866 3.89294
12867 9.73161
12868 7.38096
12869 5.36411
12870 6.7
12871 5.59114
12872 4.21838
12873 6.73568
12874 8.68437
12875 4.01168
12876 6.63486
12877 4.02062
12878 7.73082
12879 7.51839
12880 5.25767
12881 5.76841
12882 5.33192
12883 9.16562
12884 8.2349
12885 7.07974
12886 8.03124
12887 5.51605
12888 5.80583
12889 4.20042
12890 3.2116
12891 5.84459
12892 7.01481
12893 7.16093
12894 4.45249
12895 5.438
12896 4.15203
12897 3.54199
12898 3.36977
12899 7.9769
12900 4.66136
12901 8.02347
12902 4.86021
12903 4.79588
12904 6.79666
12905 6.57094
12906 4.23793
12907 4.55561
12908 8.34853
12909 5.73954
12910 7.30454
12911 9.54412
12912 6.56638
12913 3.80379
12914 7.09846
12915 5.8229
12916 4.12381
12917 7.65155
12918 5.87607
12919 7.19594
12920 3.35566
12921 4.79849
12922 4.28998
12923 4.89077
12924 3.89412
12925 4.53634
12926 5.04819
12927 6.72205
12928 4.46238
12929 3.80378
12930 5.79858
12931 4.3953
12932 4.04511
12933 8.99338
12934 5.68263
12935 7.06941
12936 5.73748
12937 7.19355
12938 6.52582
12939 6.61929
12940 7.22308
12941 9.9494
12942 3.83082
12943 7.09473
12944 5.80926
12945 4.81958
12946 4.40405
12947 5.66469
12948 4.04348
12949 6.4257
12950 3.65822
12951 6.35922
12952 6.67485
12953 6.1784
12954 5.00495
12955 6.36732
12956 3.82878
12957 3.3223
12958 4.10766
12959 5.33619
12960 5.26909
12961 6.7451
12962 6.72363
12963 5.53147
12964 3.3755
12965 6.44794
12966 3.25774
12967 8.35884
12968 4.90021
12969 6.1174
12970 6.83869
12971 4.13131
12972 3.83018
12973 5.01225
12974 9.08828
12975 6.47544
12976 5.8071
12977 3.42754
12978 5.57244
12979 4.07601
12980 5.57708
12981 7.37209
12982 3.69192
12983 5.41441
12984 4.92399
12985 5.511
12986 5.6703
12987 5.32949
12988 4.48536
12989 6.1487
12990 6.25933
12991 4.64433
12992 6.62056
12993 3.79855
12994 6.66116
12995 4.6571
12996 4.95341
12997 3.80741
12998 4.84516
12999 4.31238
13000 3.43549
13001 8.2676
13002 4.11546
13003 4.48762
13004 5.53679
13005 5.61086
13006 4.26136
13007 4.9772
13008 3.67876
13009 8.32994
13010 4.6918
13011 5.68919
13012 6.33462
13013 5.07179
13014 5.26033
13015 5.59534
13016 6.55035
13017 3.7575
13018 3.70168
13019 4.66114
13020 3.67307
13021 6.04632
13022 3.55552
13023 6.28183
13024 4.39716
13025 4.35334
13026 5.58281
13027 5.53313
13028 4.86282
13029 4.97781
13030 3.15747
13031 8.32954
13032 4.00287
13033 4.9321
13034 4.50848
13035 5.73414
13036 3.27255
13037 5.06669
13038 4.40013
13039 7.13699
13040 5.95386
13041 4.28308
13042 5.64453
13043 6.82602
13044 6.96012
13045 6.5166
13046 5.90815
13047 5.36992
13048 5.94914
13049 5.28887
13050 4.45557
13051 7.99043
13052 6.59216
13053 8.15026
13054 6.79962
13055 6.26619
13056 6.00369
13057 3.78059
13058 5.62658
13059 6.4784
13060 7.15195
13061 5.65781
13062 7.3794
13063 3.93843
13064 6.68507
13065 6.18783
13066 5.32668
13067 5.71108
13068 7.56491
13069 5.72916
13070 5.21176
13071 4.40381
13072 4.82026
13073 5.37672
13074 5.91052
13075 6.55744
13076 6.97856
13077 7.92548
13078 6.581
13079 7.32076
13080 5.55598
13081 9.6838
13082 6.82014
13083 7.50546
13084 6.14341
13085 8.39798
13086 4.83302
13087 6.44389
13088 6.39312
13089 7.4258
13090 7.34941
13091 5.17696
13092 4.23553
13093 5.18684
13094 3.40185
13095 4.34215
13096 4.62767
13097 4.98047
13098 5.4855
13099 5.57778
13100 7.52376
13101 9.4352
13102 4.59543
13103 7.35154
13104 7.36221
13105 4.08822
13106 7.03701
13107 5.57521
13108 4.41549
13109 6.77557
13110 3.42669
13111 5.51233
13112 5.18699
13113 7.44767
13114 6.94669
13115 5.38265
13116 6.19555
13117 3.36089
13118 7.79703
13119 5.71713
13120 7.82711
13121 6.33733
13122 3.78687
13123 4.67586
13124 5.16757
13125 6.28856
13126 6.11223
13127 5.7304
13128 9.08206
13129 3.9085
13130 5.00058
13131 7.05026
13132 6.24473
13133 6.06588
13134 5.62279
13135 5.20833
13136 3.8899
13137 5.04906
13138 9.16456
13139 8.36807
13140 8.81233
13141 5.38616
13142 4.56613
13143 3.77518
13144 4.76104
13145 4.91578
13146 6.22697
13147 6.99026
13148 5.4717
13149 5.61528
13150 4.7417
13151 5.15114
13152 5.70044
13153 6.83973
13154 6.15229
13155 4.54214
13156 7.51394
13157 7.8892
13158 7.21804
13159 6.68045
13160 6.651
13161 5.86713
13162 5.24347
13163 3.71231
13164 4.76189
13165 4.02576
13166 9.61302
13167 3.77826
13168 5.27
13169 4.51603
13170 5.97889
13171 6.28858
13172 5.33565
13173 4.43351
13174 7.45898
13175 5.24728
13176 4.25173
13177 5.24276
13178 7.50861
13179 4.41607
13180 8.97313
13181 7.31558
13182 3.86413
13183 5.71783
13184 3.51318
13185 5.53402
13186 7.52959
13187 4.12568
13188 4.13481
13189 5.1847
13190 7.52582
13191 4.88655
13192 5.93987
13193 3.37824
13194 5.23979
13195 5.52393
13196 4.28392
13197 4.44549
13198 6.10836
13199 6.5422
13200 7.67486
13201 6.16113
13202 8.24754
13203 6.14356
13204 5.77661
13205 8.95851
13206 6.10472
13207 6.27983
13208 9.50293
13209 7.28049
13210 5.32048
13211 8.63953
13212 4.97054
13213 3.92603
13214 5.2049
13215 4.28867
13216 6.45745
13217 6.07803
13218 5.21363
13219 6.09426
13220 6.81689
13221 4.99583
13222 8.72279
13223 6.3393
13224 4.90191
13225 4.04079
13226 4.23393
13227 8.37107
13228 5.21907
13229 9.35614
13230 6.31767
13231 4.30564
13232 5.30742
13233 4.53217
13234 6.77898
13235 5.13355
13236 6.62446
13237 7.04536
13238 4.71271
13239 4.61138
13240 6.29375
13241 4.19959
13242 5.62006
13243 5.167
13244 4.0252
13245 5.16773
13246 6.66822
13247 3.85948
13248 5.33123
13249 3.20208
13250 4.91959
13251 9.57691
13252 5.36833
13253 3.97833
13254 4.41507
13255 8.62154
13256 5.28011
13257 6.25859
13258 4.14253
13259 7.50585
13260 5.59412
13261 5.87468
13262 3.63403
13263 8.23758
13264 4.81358
13265 3.93606
13266 3.73449
13267 4.9312
13268 5.97659
13269 9.67787
13270 7.22247
13271 6.47888
13272 6.06378
13273 7.88389
13274 4.65173
13275 7.96417
13276 5.0819
13277 5.41067
13278 7.57322
13279 8.65968
13280 4.88917
13281 7.68998
13282 5.93134
13283 4.69221
13284 4.99334
13285 4.95104
13286 5.90253
13287 6.24218
13288 6.28825
13289 4.86681
13290 3.66696
13291 5.68757
13292 3.79004
13293 6.2226
13294 3.59838
13295 6.89976
13296 6.02293
13297 3.95478
13298 4.08064
13299 3.88153
13300 8.28674
13301 6.05036
13302 7.51095
13303 5.78747
13304 3.95834
13305 7.30103
13306 6.59347
13307 6.30011
13308 6.86005
13309 7.0632
13310 5.02985
13311 6.26058
13312 6.35224
13313 3.99023
13314 5.2618
13315 4.091
13316 5.89708
13317 9.25893
13318 6.17413
13319 5.38568
13320 3.89837
13321 3.71351
13322 7.30739
13323 7.77057
13324 7.01578
13325 6.24348
13326 6.57655
13327 7.01267
13328 7.34671
13329 7.40822
13330 3.26023
13331 5.36103
13332 5.61035
13333 3.77584
13334 6.31716
13335 6.17152
13336 5.57257
13337 4.08961
13338 4.62484
13339 4.27053
13340 3.99112
13341 7.17572
13342 5.39956
13343 3.88198
13344 5.9891
13345 5.41629
13346 6.35233
13347 3.74848
13348 4.85133
13349 4.37929
13350 8.83202
13351 3.63302
13352 5.40919
13353 7.60737
13354 7.03405
13355 7.59138
13356 7.96895
13357 3.8405
13358 4.48178
13359 5.38638
13360 6.23004
13361 9.90935
13362 3.16459
13363 5.0739
13364 9.08621
13365 4.3468
13366 4.56616
13367 5.47321
13368 5.44037
13369 6.37917
13370 5.74283
13371 4.9483
13372 5.65969
13373 6.97658
13374 3.2782
13375 4.61794
13376 4.24193
13377 5.25399
13378 5.5644
13379 8.56152
13380 3.92736
13381 6.64107
13382 9.13796
13383 4.12947
13384 8.53674
13385 6.07618
13386 3.90953
13387 5.87381
13388 6.25007
13389 5.29145
13390 4.15582
13391 8.30426
13392 6.11065
13393 5.66776
13394 5.96654
13395 5.08786
13396 5.48257
13397 8.32036
13398 3.88409
13399 5.61773
13400 3.95696
13401 9.65132
13402 4.39046
13403 7.26236
13404 5.11797
13405 4.55407
13406 5.47812
13407 6.40408
13408 7.83928
13409 7.49861
13410 7.15142
13411 3.9001
13412 6.13679
13413 5.44039
13414 4.1842
13415 7.83938
13416 8.9462
13417 5.24808
13418 6.79932
13419 4.38004
13420 5.00157
13421 4.98127
13422 5.18558
13423 4.67687
13424 6.35759
13425 8.05418
13426 3.86819
13427 6.05727
13428 4.09016
13429 3.97773
13430 7.22701
13431 7.01157
13432 3.91345
13433 3.42269
13434 6.70264
13435 7.27345
13436 6.4577
13437 5.78178
13438 6.4496
13439 6.07915
13440 7.15262
13441 5.97582
13442 4.59348
13443 5.61684
13444 6.37907
13445 4.48156
13446 3.75799
13447 5.34412
13448 4.21049
13449 5.62109
13450 4.98551
13451 8.11461
13452 5.2691
13453 4.88531
13454 4.30785
13455 3.6842
13456 5.52976
13457 6.91681
13458 4.73212
13459 5.74135
13460 3.50834
13461 3.94537
13462 7.43087
13463 4.88917
13464 5.01513
13465 5.76007
13466 4.33314
13467 3.7198
13468 4.22084
13469 6.14271
13470 5.93647
13471 3.49452
13472 6.62355
13473 3.9399
13474 4.30714
13475 4.32053
13476 7.95319
13477 3.59567
13478 4.90931
13479 6.33117
13480 8.11294
13481 4.71335
13482 3.43343
13483 4.80729
13484 5.20066
13485 4.08537
13486 7.19668
13487 6.87766
13488 5.84701
13489 5.74914
13490 6.9211
13491 4.96633
13492 5.67762
13493 5.54838
13494 3.99139
13495 5.4203
13496 5.14336
13497 5.5198
13498 6.32503
13499 7.72081
13500 7.61883
13501 7.58974
13502 8.54584
13503 4.53175
13504 4.54282
13505 4.56195
13506 4.16798
13507 3.79195
13508 5.55095
13509 5.08364
13510 5.57543
13511 5.05817
13512 3.57084
13513 6.31933
13514 5.19381
13515 5.63636
13516 3.89441
13517 5.2091
13518 8.11868
13519 4.20119
13520 7.73162
13521 5.929
13522 8.71007
13523 4.89247
13524 6.01902
13525 7.29413
13526 4.48306
13527 5.43169
13528 3.82926
13529 6.62593
13530 6.47177
13531 6.90105
13532 5.13882
13533 4.59123
13534 5.67142
13535 5.34178
13536 5.34922
13537 3.60536
13538 6.06407
13539 4.06346
13540 4.22506
13541 4.95575
13542 8.7459
13543 4.33263
13544 5.52438
13545 3.74823
13546 5.01773
13547 5.15918
13548 5.70443
13549 4.96922
13550 5.90831
13551 6.68946
13552 5.90851
13553 6.08938
13554 4.38155
13555 5.40211
13556 8.99666
13557 7.57179
13558 8.84549
13559 4.07475
13560 6.53171
13561 4.5024
13562 3.46013
13563 4.0793
13564 4.94006
13565 6.62605
13566 5.60893
13567 3.35123
13568 6.97638
13569 6.07429
13570 5.80654
13571 7.45835
13572 7.10946
13573 7.06491
13574 4.70814
13575 4.10286
13576 4.44002
13577 6.21238
13578 7.6927
13579 6.41332
13580 5.34798
13581 6.53047
13582 4.62903
13583 4.03437
13584 4.06597
13585 4.19458
13586 5.99773
13587 4.45027
13588 5.74378
13589 4.14395
13590 7.39966
13591 4.03977
13592 6.1669
13593 7.54155
13594 4.77044
13595 3.62666
13596 6.40677
13597 4.8345
13598 3.44668
13599 4.36765
13600 6.63457
13601 6.91345
13602 5.73243
13603 4.65938
13604 6.77176
13605 5.15157
13606 7.89725
13607 6.51721
13608 5.25683
13609 3.12262
13610 8.41336
13611 9.16047
13612 4.80955
13613 3.40043
13614 4.74076
13615 4.9772
13616 4.54302
13617 3.55086
13618 5.18045
13619 4.99944
13620 4.3851
13621 4.78932
13622 5.66916
13623 5.82245
13624 4.02388
13625 5.0882
13626 6.83946
13627 9.61558
13628 5.39065
13629 6.77727
13630 4.91027
13631 5.63776
13632 7.36673
13633 4.00404
13634 5.16232
13635 9.35337
13636 6.86726
13637 7.23815
13638 7.85021
13639 7.56521
13640 7.08151
13641 3.62812
13642 4.96459
13643 3.76198
13644 7.47629
13645 9.32096
13646 7.66298
13647 5.77854
13648 3.73194
13649 5.35511
13650 9.43042
13651 8.16822
13652 3.53557
13653 4.58915
13654 6.576
13655 6.1707
13656 3.82958
13657 4.76005
13658 8.16854
13659 3.73203
13660 5.40029
13661 6.03319
13662 6.05533
13663 4.76691
13664 6.03314
13665 4.68057
13666 4.29404
13667 5.6205
13668 8.59621
13669 7.81606
13670 4.04926
13671 5.30185
13672 3.83592
13673 5.83142
13674 3.6354
13675 7.23183
13676 5.84348
13677 7.43868
13678 5.11526
13679 5.03068
13680 4.42092
13681 4.86886
13682 3.95311
13683 5.75014
13684 4.39687
13685 4.47861
13686 4.92164
13687 5.80823
13688 3.49855
13689 4.84339
13690 6.41895
13691 4.96239
13692 6.78855
13693 4.18674
13694 6.48648
13695 4.68088
13696 3.96264
13697 7.17282
13698 7.55833
13699 4.76716
13700 6.02734
13701 3.93669
13702 4.99424
13703 5.73897
13704 5.59501
13705 7.18805
13706 3.86212
13707 4.46714
13708 4.79651
13709 6.62485
13710 8.47857
13711 6.08604
13712 6.01602
13713 6.11881
13714 4.95191
13715 5.59579
13716 5.2868
13717 6.33268
13718 6.03301
13719 6.89026
13720 6.07591
13721 6.57584
13722 5.30513
13723 5.06564
13724 4.48726
13725 7.11944
13726 4.06415
13727 4.69631
13728 5.23309
13729 6.51741
13730 3.52867
13731 7.40933
13732 3.43925
13733 5.08548
13734 4.35979
13735 4.87065
13736 3.72744
13737 5.4874
13738 5.93524
13739 5.31946
13740 3.56615
13741 8.56982
13742 3.52324
13743 6.04609
13744 5.64734
13745 3.60957
13746 4.82864
13747 4.91654
13748 3.68244
13749 8.00664
13750 7.21443
13751 5.57119
13752 5.19283
13753 5.00369
13754 3.84923
13755 7.6578
13756 6.59506
13757 5.40927
13758 8.72619
13759 4.81066
13760 8.79324
13761 5.18852
13762 4.3339
13763 8.2485
13764 6.04535
13765 4.13214
13766 6.42043
13767 3.71204
13768 7.31429
13769 4.38575
13770 4.14346
13771 4.9967
13772 8.09117
13773 6.00358
13774 7.82803
13775 5.86359
13776 4.93279
13777 7.30868
13778 7.71069
13779 7.4821
13780 4.08055
13781 5.24274
13782 6.28351
13783 3.72168
13784 6.57411
13785 6.4726
13786 8.49397
13787 5.18725
13788 6.40017
13789 4.30698
13790 5.8901
13791 4.2759
13792 3.08966
13793 4.45386
13794 3.88797
13795 4.36993
13796 8.04988
13797 5.02686
13798 3.89151
13799 7.00836
13800 7.14841
13801 4.8147
13802 6.696
13803 5.05252
13804 6.31204
13805 7.22425
13806 7.20987
13807 4.1239
13808 4.30009
13809 5.08824
13810 7.13912
13811 3.32148
13812 5.88966
13813 7.21076
13814 6.25143
13815 4.74589
13816 4.46375
13817 5.70269
13818 5.13666
13819 4.08976
13820 5.42104
13821 6.51181
13822 4.1079
13823 4.94927
13824 8.72846
13825 4.15996
13826 7.9127
13827 4.48913
13828 4.60828
13829 9.48289
13830 9.04612
13831 5.10708
13832 5.34959
13833 3.53952
13834 6.45205
13835 6.71382
13836 4.48921
13837 7.56098
13838 4.3934
13839 4.06693
13840 9.21431
13841 6.67453
13842 4.29462
13843 4.85464
13844 3.65039
13845 5.47453
13846 5.55323
13847 8.50328
13848 6.48277
13849 5.86706
13850 3.84067
13851 4.06568
13852 5.97542
13853 3.9614
13854 3.72873
13855 4.49169
13856 3.1381
13857 5.31021
13858 5.41834
13859 6.04943
13860 3.92162
13861 6.66604
13862 5.36646
13863 9.6066
13864 8.25381
13865 7.29798
13866 6.87758
13867 5.67716
13868 7.08724
13869 5.76922
13870 6.34298
13871 5.80844
13872 8.84291
13873 6.6341
13874 5.7245
13875 6.15609
13876 4.36191
13877 6.06479
13878 7.96518
13879 7.2463
13880 6.26792
13881 5.62044
13882 8.39429
13883 4.98286
13884 3.9362
13885 7.13488
13886 7.23518
13887 7.2603
13888 6.75247
13889 3.42605
13890 7.21806
13891 5.99215
13892 3.97794
13893 4.47991
13894 4.54357
13895 7.98877
13896 4.07863
13897 5.77382
13898 5.56264
13899 5.47498
13900 4.13174
13901 4.2508
13902 6.81347
13903 3.83567
13904 5.78769
13905 6.79863
13906 6.30371
13907 6.67527
13908 4.75001
13909 3.22268
13910 5.8815
13911 4.69122
13912 5.5201
13913 8.77954
13914 5.39333
13915 8.49047
13916 4.37558
13917 4.44938
13918 4.40008
13919 5.81413
13920 6.24309
13921 6.43277
13922 6.04971
13923 4.73242
13924 8.66243
13925 7.65787
13926 7.22741
13927 7.59651
13928 6.4875
13929 3.18527
13930 3.57749
13931 3.99139
13932 4.4509
13933 7.45863
13934 5.3008
13935 6.49418
13936 6.44544
13937 5.21295
13938 6.89549
13939 7.47508
13940 9.29173
13941 6.95655
13942 6.35921
13943 9.21141
13944 3.44081
13945 7.98932
13946 5.35288
13947 4.23123
13948 7.86735
13949 3.4702
13950 7.24866
13951 7.64644
13952 5.16726
13953 6.13475
13954 8.3958
13955 4.84199
13956 3.67222
13957 5.75404
13958 4.76043
13959 4.5965
13960 3.70349
13961 4.11351
13962 4.65939
13963 8.30664
13964 4.96683
13965 6.68784
13966 4.63872
13967 4.82062
13968 8.35036
13969 5.537
13970 4.10318
13971 4.18709
13972 6.67689
13973 6.29444
13974 6.29318
13975 3.70488
13976 5.30027
13977 8.85327
13978 7.35683
13979 3.69868
13980 9.18381
13981 3.44893
13982 5.52204
13983 6.72865
13984 6.59615
13985 8.53616
13986 4.38059
13987 6.60395
13988 7.69836
13989 4.39703
13990 5.67329
13991 5.89945
13992 4.38921
13993 4.50233
13994 5.4088
13995 6.31999
13996 8.89583
13997 3.57747
13998 4.22197
13999 6.55414
14000 6.45869
14001 4.15949
14002 5.10627
14003 6.95123
14004 5.17743
14005 5.85703
14006 4.04586
14007 4.796
14008 4.91721
14009 5.74497
14010 8.71672
14011 6.61213
14012 8.09803
14013 4.15003
14014 4.93292
14015 4.69083
14016 6.05445
14017 6.2038
14018 4.63667
14019 7.40951
14020 3.16749
14021 7.00814
14022 6.92027
14023 4.59444
14024 3.8551
14025 6.86464
14026 8.96675
14027 9.41999
14028 6.84996
14029 6.07689
14030 5.13371
14031 3.35141
14032 3.26423
14033 3.4432
14034 8.36446
14035 8.41083
14036 3.59904
14037 7.35304
14038 5.66909
14039 5.0612
14040 4.64275
14041 6.13751
14042 9.10644
14043 6.63742
14044 8.92688
14045 4.85275
14046 6.49951
14047 6.13918
14048 5.5933
14049 5.18165
14050 6.99679
14051 6.20288
14052 5.2065
14053 4.14956
14054 4.62291
14055 6.292
14056 8.47917
14057 3.67494
14058 4.05932
14059 5.52101
14060 4.52607
14061 5.16524
14062 6.96316
14063 3.69853
14064 7.01376
14065 7.87198
14066 4.05841
14067 5.82337
14068 6.69747
14069 4.56708
14070 5.57342
14071 5.4274
14072 3.95623
14073 6.54268
14074 5.78189
14075 8.70728
14076 6.42983
14077 6.28091
14078 6.5962
14079 5.10678
14080 6.83839
14081 4.76043
14082 5.65835
14083 6.67914
14084 6.83132
14085 5.19347
14086 8.61534
14087 8.13815
14088 5.79409
14089 6.64226
14090 8.6118
14091 6.55135
14092 7.9706
14093 6.74186
14094 3.42755
14095 5.91935
14096 8.00856
14097 4.7447
14098 7.88947
14099 3.25977
14100 4.71435
14101 3.44977
14102 6.05683
14103 4.28863
14104 6.28116
14105 5.68259
14106 3.92444
14107 6.00379
14108 8.34686
14109 3.66793
14110 9.81896
14111 3.7965
14112 3.71533
14113 5.89701
14114 4.33075
14115 5.23927
14116 4.53253
14117 4.55454
14118 6.89644
14119 6.02652
14120 4.5511
14121 6.84027
14122 5.5044
14123 4.40017
14124 9.12855
14125 9.48481
14126 8.78642
14127 4.04896
14128 9.97179
14129 8.44286
14130 7.20854
14131 6.15009
14132 7.65278
14133 4.88958
14134 6.16517
14135 3.30302
14136 5.30441
14137 5.70445
14138 4.79705
14139 6.10532
14140 6.06641
14141 7.48103
14142 4.9691
14143 5.88851
14144 8.07696
14145 6.20936
14146 5.615
14147 9.15567
14148 4.65365
14149 4.47561
14150 8.34554
14151 6.85747
14152 7.87699
14153 5.90525
14154 5.93176
14155 6.14969
14156 5.34666
14157 5.04353
14158 5.01368
14159 4.14334
14160 8.3906
14161 7.41095
14162 5.31769
14163 6.06322
14164 4.57387
14165 6.61961
14166 6.63226
14167 3.94619
14168 6.77213
14169 4.09917
14170 5.53202
14171 7.38066
14172 3.41522
14173 3.96512
14174 4.33867
14175 4.96043
14176 7.5116
14177 6.78098
14178 8.65713
14179 6.56916
14180 7.03341
14181 4.21659
14182 6.80912
14183 5.00427
14184 9.64998
14185 6.38853
14186 8.62076
14187 5.95854
14188 8.44641
14189 5.04235
14190 5.78927
14191 4.79003
14192 7.75265
14193 7.69719
14194 6.78846
14195 7.42337
14196 4.97807
14197 4.93325
14198 6.45234
14199 8.0437
14200 4.96434
14201 7.55325
14202 5.69029
14203 5.91535
14204 6.98313
14205 5.52112
14206 3.9398
14207 5.15063
14208 7.66045
14209 4.10823
14210 7.32959
14211 7.76524
14212 4.32918
14213 3.73273
14214 4.36955
14215 5.73005
14216 7.57909
14217 3.75966
14218 4.32197
14219 9.81465
14220 9.69499
14221 8.77071
14222 6.19808
14223 4.58461
14224 8.07856
14225 5.10169
14226 6.95831
14227 9.62766
14228 4.0536
14229 7.46348
14230 4.35319
14231 4.89257
14232 7.98746
14233 6.60244
14234 4.40609
14235 5.55325
14236 6.92126
14237 3.74612
14238 5.50056
14239 7.04406
14240 4.20522
14241 7.01503
14242 4.98237
14243 4.33165
14244 4.09334
14245 5.0091
14246 3.90961
14247 4.74198
14248 5.51323
14249 9.14026
14250 7.80772
14251 5.77281
14252 3.87062
14253 8.9694
14254 6.18229
14255 4.97521
14256 5.44268
14257 5.63444
14258 7.26704
14259 5.10908
14260 4.14899
14261 8.75919
14262 7.23043
14263 3.69722
14264 4.04272
14265 6.29453
14266 7.64875
14267 8.09456
14268 4.61334
14269 6.36591
14270 7.74694
14271 4.53542
14272 7.23525
14273 3.55814
14274 6.88533
14275 5.7739
14276 4.89269
14277 3.41288
14278 5.08445
14279 4.39066
14280 3.35638
14281 7.28556
14282 7.58394
14283 6.53852
14284 4.68483
14285 4.51447
14286 3.4166
14287 5.93614
14288 9.25245
14289 3.55286
14290 8.29066
14291 5.49877
14292 7.45168
14293 5.29734
14294 4.80348
14295 6.6416
14296 7.15272
14297 3.4089
14298 7.13452
14299 3.92827
14300 9.28776
14301 5.09144
14302 3.7671
14303 5.56157
14304 5.08956
14305 5.24109
14306 4.73894
14307 6.74083
14308 4.9901
14309 6.01097
14310 5.36878
14311 7.71697
14312 4.5899
14313 8.07328
14314 3.89748
14315 7.51155
14316 5.86973
14317 3.67841
14318 6.28445
14319 6.29561
14320 4.99872
14321 5.83852
14322 5.8056
14323 5.40415
14324 5.55421
14325 6.22266
14326 4.07676
14327 6.76117
14328 7.20382
14329 7.88552
14330 4.07155
14331 4.57263
14332 4.90513
14333 9.13329
14334 6.24732
14335 6.08427
14336 5.18285
14337 7.72774
14338 5.68855
14339 7.79216
14340 5.43837
14341 8.58689
14342 8.66266
14343 8.43451
14344 5.22831
14345 5.11054
14346 4.51208
14347 8.51576
14348 5.3794
14349 4.02138
14350 5.66555
14351 5.15067
14352 5.59525
14353 4.16827
14354 6.42222
14355 4.64869
14356 5.66363
14357 6.07063
14358 4.07226
14359 6.50305
14360 6.42625
14361 3.93991
14362 5.32854
14363 6.08272
14364 7.95314
14365 6.35396
14366 7.07597
14367 8.30188
14368 6.53891
14369 5.70594
14370 5.58596
14371 6.00472
14372 6.18776
14373 4.97459
14374 6.06476
14375 6.50887
14376 5.07145
14377 6.30861
14378 6.75537
14379 5.00869
14380 4.55833
14381 6.85558
14382 4.48099
14383 7.55559
14384 4.08241
14385 6.51203
14386 4.50912
14387 4.43521
14388 7.74605
14389 6.50934
14390 6.65771
14391 5.56287
14392 6.31385
14393 8.37223
14394 4.70072
14395 3.93117
14396 3.97831
14397 7.14823
14398 5.65083
14399 4.05437
14400 4.1758
14401 3.53126
14402 8.65565
14403 7.76006
14404 8.08833
14405 4.94201
14406 5.69022
14407 3.76224
14408 5.93774
14409 4.41011
14410 7.85249
14411 8.47919
14412 4.2738
14413 5.43732
14414 4.41904
14415 6.80029
14416 8.45487
14417 3.38575
14418 8.11968
14419 6.6698
14420 7.2513
14421 9.45707
14422 9.49991
14423 6.18346
14424 7.39879
14425 3.44126
14426 3.44584
14427 5.94115
14428 6.63323
14429 6.81388
14430 3.5823
14431 6.48877
14432 6.48667
14433 6.64224
14434 7.64037
14435 5.83511
14436 5.71787
14437 3.49653
14438 3.77839
14439 6.59445
14440 5.35614
14441 7.28702
14442 6.41723
14443 8.4207
14444 5.83476
14445 4.73185
14446 8.4908
14447 3.24977
14448 5.58085
14449 7.5655
14450 9.01603
14451 3.55199
14452 5.9167
14453 5.59418
14454 5.91158
14455 3.96721
14456 8.18574
14457 5.49808
14458 6.14622
14459 7.6243
14460 5.7935
14461 3.79607
14462 7.21812
14463 5.37739
14464 4.11851
14465 4.60385
14466 5.06405
14467 6.26178
14468 6.44112
14469 9.60397
14470 5.58099
14471 5.09239
14472 4.69091
14473 8.01408
14474 4.3039
14475 5.41941
14476 4.89388
14477 5.30593
14478 6.92504
14479 4.52363
14480 4.4042
14481 4.26685
14482 4.04108
14483 6.27747
14484 6.03252
14485 3.31949
14486 5.01415
14487 5.58829
14488 5.2336
14489 3.638
14490 6.08624
14491 8.8325
14492 5.94201
14493 3.52013
14494 4.24125
14495 7.52852
14496 9.25
14497 8.197
14498 4.01095
14499 4.13097
14500 6.54349
14501 8.06065
14502 5.32361
14503 5.44447
14504 7.39959
14505 7.31435
14506 8.26474
14507 8.87241
14508 6.11378
14509 5.10956
14510 9.4804
14511 8.96589
14512 5.09966
14513 4.56621
14514 5.41141
14515 5.83395
14516 6.96683
14517 5.1796
14518 6.0978
14519 6.27365
14520 7.11438
14521 4.04069
14522 7.53005
14523 7.49405
14524 3.9156
14525 6.63237
14526 4.11724
14527 6.9582
14528 7.22314
14529 5.58677
14530 4.6668
14531 5.51637
14532 6.2589
14533 5.53235
14534 4.62787
14535 9.71657
14536 4.02236
14537 4.04662
14538 3.551
14539 3.7202
14540 7.82494
14541 5.99656
14542 5.75213
14543 9.05235
14544 3.65063
14545 3.70879
14546 6.0381
14547 7.89084
14548 4.2859
14549 9.17158
14550 5.31249
14551 3.84048
14552 3.85322
14553 6.76603
14554 6.36255
14555 6.91811
14556 3.90976
14557 6.82139
14558 3.22912
14559 6.33594
14560 3.97514
14561 6.7838
14562 3.46317
14563 4.58315
14564 6.78288
14565 5.00837
14566 3.69666
14567 4.93872
14568 4.98389
14569 6.8911
14570 6.73989
14571 4.30611
14572 6.76013
14573 6.867
14574 6.11438
14575 8.74376
14576 6.48898
14577 8.90077
14578 7.20096
14579 4.82313
14580 5.88046
14581 4.52791
14582 5.38268
14583 5.5714
14584 4.55395
14585 4.57854
14586 9.94355
14587 5.37544
14588 5.16059
14589 5.18064
14590 4.7221
14591 5.0635
14592 5.18228
14593 4.37872
14594 6.24171
14595 5.70115
14596 5.15346
14597 6.10792
14598 4.91935
14599 4.35509
14600 6.83776
14601 7.95989
14602 5.68241
14603 6.05045
14604 5.61712
14605 7.83522
14606 6.05099
14607 6.49175
14608 5.88664
14609 5.01556
14610 5.32246
14611 5.78884
14612 4.54371
14613 6.44474
14614 5.16837
14615 5.02222
14616 3.74816
14617 5.03074
14618 8.44063
14619 5.01069
14620 7.75976
14621 7.48009
14622 7.00639
14623 4.18737
14624 5.65921
14625 3.36599
14626 4.02929
14627 3.08205
14628 3.54905
14629 6.30647
14630 4.68669
14631 5.7689
14632 4.18544
14633 7.24913
14634 6.54041
14635 5.68087
14636 5.72545
14637 5.39481
14638 7.82544
14639 4.02782
14640 4.74884
14641 5.53395
14642 7.30411
14643 4.71467
14644 6.06338
14645 8.64897
14646 4.29892
14647 7.25761
14648 4.73864
14649 4.65342
14650 4.99994
14651 7.70274
14652 5.14867
14653 7.69224
14654 7.16456
14655 3.76617
14656 4.44736
14657 3.58233
14658 4.93724
14659 3.66377
14660 6.93519
14661 6.43565
14662 6.47649
14663 6.55897
14664 5.36579
14665 3.88208
14666 3.65338
14667 6.66188
14668 9.23238
14669 8.89726
14670 4.93408
14671 6.06161
14672 6.234
14673 5.19736
14674 3.4417
14675 3.37514
14676 6.33488
14677 3.70479
14678 4.21255
14679 5.30885
14680 5.62836
14681 7.17779
14682 5.45712
14683 5.32713
14684 9.12416
14685 8.11428
14686 7.02456
14687 9.28072
14688 3.6044
14689 6.24197
14690 6.09668
14691 5.87407
14692 4.99034
14693 3.22065
14694 7.47306
14695 4.67356
14696 5.72018
14697 5.25818
14698 6.95441
14699 9.3724
14700 7.63851
14701 5.91327
14702 6.06475
14703 3.63523
14704 6.35954
14705 8.29477
14706 5.25101
14707 3.31759
14708 8.99454
14709 7.12066
14710 7.1171
14711 6.09089
14712 6.50507
14713 3.99195
14714 6.79803
14715 3.34942
14716 6.6901
14717 4.27382
14718 6.07767
14719 6.71683
14720 5.66747
14721 8.17302
14722 8.62804
14723 6.43938
14724 5.55732
14725 5.37036
14726 7.67187
14727 6.95231
14728 6.60604
14729 3.42003
14730 5.06861
14731 4.63347
14732 7.8804
14733 6.03825
14734 6.63298
14735 7.2571
14736 3.69787
14737 6.21716
14738 4.16776
14739 5.77158
14740 7.35777
14741 4.64173
14742 4.16109
14743 4.10588
14744 7.0371
14745 5.67868
14746 7.51862
14747 6.53549
14748 4.06867
14749 6.19507
14750 4.64474
14751 5.1238
14752 6.62244
14753 4.52035
14754 4.30108
14755 4.6895
14756 5.8519
14757 3.45391
14758 8.92707
14759 4.90345
14760 6.81671
14761 4.37247
14762 6.59872
14763 8.83128
14764 7.21928
14765 5.16697
14766 3.71461
14767 3.44851
14768 8.44692
14769 4.76073
14770 6.16702
14771 7.04656
14772 6.64693
14773 7.12027
14774 7.66819
14775 6.53518
14776 7.06412
14777 6.8588
14778 4.91697
14779 3.20956
14780 5.31614
14781 5.37832
14782 4.95199
14783 7.78769
14784 5.58856
14785 7.14899
14786 4.09482
14787 6.7293
14788 4.97472
14789 5.22775
14790 4.82391
14791 4.0434
14792 5.1515
14793 4.53633
14794 3.85581
14795 4.44253
14796 7.26953
14797 6.01683
14798 4.08769
14799 8.7845
14800 6.37131
14801 5.87104
14802 3.96966
14803 7.32775
14804 4.59837
14805 9.9871
14806 6.69258
14807 4.55558
14808 4.94622
14809 6.5112
14810 5.76354
14811 4.26777
14812 4.22637
14813 6.54352
14814 6.25352
14815 4.79234
14816 5.51727
14817 4.32654
14818 3.54688
14819 3.50031
14820 9.00029
14821 6.79396
14822 7.90085
14823 5.52355
14824 5.92699
14825 4.51143
14826 8.6636
14827 9.30743
14828 7.73452
14829 4.50203
14830 6.3963
14831 4.71145
14832 3.28483
14833 6.22901
14834 4.58998
14835 5.11129
14836 3.80041
14837 3.31735
14838 5.44015
14839 5.00124
14840 4.04905
14841 8.28661
14842 8.17978
14843 7.76796
14844 6.90097
14845 3.31388
14846 5.0251
14847 5.3809
14848 7.79107
14849 4.84974
14850 7.39796
14851 8.2493
14852 5.02385
14853 4.89438
14854 4.91367
14855 5.32466
14856 7.26864
14857 3.55486
14858 3.834
14859 3.71166
14860 4.53513
14861 9.80499
14862 7.53008
14863 7.23687
14864 4.31129
14865 6.10015
14866 4.66821
14867 6.80187
14868 6.08387
14869 3.30463
14870 4.71146
14871 4.08785
14872 5.51099
14873 5.72831
14874 5.426
14875 7.16487
14876 4.30507
14877 4.72626
14878 5.66669
14879 5.39059
14880 6.50197
14881 6.14607
14882 6.13756
14883 5.95174
14884 6.39746
14885 6.31831
14886 5.93479
14887 8.4563
14888 4.35301
14889 9.20764
14890 5.62227
14891 8.79645
14892 3.65531
14893 7.25742
14894 5.67696
14895 5.10239
14896 4.28674
14897 7.16678
14898 4.48709
14899 4.44215
14900 4.29824
14901 4.28594
14902 6.81373
14903 6.30783
14904 4.32998
14905 7.78965
14906 4.94394
14907 6.74465
14908 3.99859
14909 4.98278
14910 4.19331
14911 6.88982
14912 3.69271
14913 7.43988
14914 5.31413
14915 6.0424
14916 4.07959
14917 6.99888
14918 8.37281
14919 8.49433
14920 9.46448
14921 7.10609
14922 5.56417
14923 3.78883
14924 4.01032
14925 4.55809
14926 4.19941
14927 3.91115
14928 4.49682
14929 4.59833
14930 8.89295
14931 7.78574
14932 7.01982
14933 3.38492
14934 7.65948
14935 6.18281
14936 5.66385
14937 7.47801
14938 8.07108
14939 7.17826
14940 4.93351
14941 5.43248
14942 8.03091
14943 3.27741
14944 4.03742
14945 6.58618
14946 5.20931
14947 9.17668
14948 6.60603
14949 3.30525
14950 6.85023
14951 7.24239
14952 6.60431
14953 5.04253
14954 5.13105
14955 6.05381
14956 4.71129
14957 5.84942
14958 5.63796
14959 6.26067
14960 5.90702
14961 8.47818
14962 3.77508
14963 5.95392
14964 3.64944
14965 7.03644
14966 7.82279
14967 4.06598
14968 5.7632
14969 4.91641
14970 7.44877
14971 5.54525
14972 7.91264
14973 3.83395
14974 5.81728
14975 5.41636
14976 4.35117
14977 6.47834
14978 5.16112
14979 4.45312
14980 6.90003
14981 8.78958
14982 7.77907
14983 5.24139
14984 8.0848
14985 5.25164
14986 5.81991
14987 4.87032
14988 4.8548
14989 4.97946
14990 5.29837
14991 6.76505
14992 6.75498
14993 8.86274
14994 4.50986
14995 4.23084
14996 6.65882
14997 4.60976
14998 7.66414
14999 4.49962
15000 7.66157
15001 3.86696
15002 6.09778
15003 4.69787
15004 6.8344
15005 4.57275
15006 4.73335
15007 5.11983
15008 3.60476
15009 7.36885
15010 7.69292
15011 4.71437
15012 4.50044
15013 6.95618
15014 7.20088
15015 6.86404
15016 5.86594
15017 7.31831
15018 5.15399
15019 4.50611
15020 3.80444
15021 4.93711
15022 4.53525
15023 3.6626
15024 5.11867
15025 5.548
15026 6.68072
15027 5.90752
15028 4.32323
15029 3.9767
15030 4.86201
15031 5.00238
15032 6.30023
15033 5.37596
15034 5.56961
15035 5.37478
15036 3.87778
15037 3.79289
15038 5.98921
15039 5.58068
15040 8.56792
15041 6.9714
15042 8.51558
15043 6.50724
15044 8.29327
15045 7.30384
15046 7.29339
15047 5.64
15048 8.54286
15049 5.02945
15050 4.77732
15051 4.19826
15052 7.08505
15053 8.66253
15054 7.38272
15055 6.36088
15056 4.50109
15057 7.00528
15058 7.27888
15059 6.3913
15060 6.22686
15061 5.7884
15062 5.46626
15063 8.01115
15064 5.4206
15065 5.14995
15066 4.28702
15067 7.27747
15068 5.85782
15069 4.30967
15070 5.47752
15071 5.75488
15072 5.48253
15073 5.17622
15074 5.12649
15075 3.43516
15076 6.46005
15077 6.72384
15078 6.15469
15079 5.16684
15080 4.27981
15081 3.90631
15082 6.07699
15083 3.35267
15084 4.0656
15085 5.66585
15086 5.88918
15087 7.13199
15088 7.00963
15089 5.62436
15090 5.80668
15091 5.13321
15092 5.02773
15093 8.12132
15094 4.81132
15095 4.50966
15096 4.08294
15097 4.67768
15098 7.18793
15099 5.59604
15100 5.96847
15101 4.77022
15102 8.05209
15103 7.41672
15104 6.89201
15105 4.49331
15106 6.49727
15107 5.42976
15108 4.80019
15109 7.28315
15110 6.03935
15111 6.24308
15112 9.49415
15113 5.90413
15114 5.67028
15115 7.28197
15116 5.82663
15117 4.43291
15118 8.1269
15119 7.22331
15120 5.44327
15121 5.40316
15122 4.17738
15123 4.45967
15124 7.53293
15125 4.50107
15126 6.57562
15127 6.11485
15128 5.87641
15129 4.72755
15130 7.28851
15131 5.39442
15132 7.36901
15133 6.45332
15134 6.88834
15135 4.82557
15136 5.74023
15137 7.13975
15138 3.73814
15139 6.99283
15140 6.17479
15141 6.2358
15142 8.26631
15143 6.32327
15144 5.59424
15145 4.44215
15146 5.50618
15147 5.71838
15148 9.90167
15149 6.97343
15150 6.08824
15151 4.70812
15152 7.45428
15153 6.83367
15154 7.63077
15155 7.92408
15156 5.41635
15157 6.32212
15158 5.72522
15159 6.42975
15160 3.76668
15161 7.74327
15162 4.62516
15163 5.16173
15164 4.73433
15165 5.21531
15166 3.20658
15167 7.20052
15168 3.18649
15169 6.14343
15170 6.68134
15171 6.92681
15172 6.40017
15173 5.53799
15174 7.34344
15175 5.99234
15176 4.46243
15177 6.94735
15178 6.23801
15179 6.16048
15180 4.13042
15181 9.21237
15182 5.82279
15183 4.94215
15184 4.77044
15185 5.89895
15186 4.88715
15187 7.65914
15188 5.94569
15189 3.90661
15190 4.4506
15191 5.07246
15192 5.52568
15193 9.89079
15194 9.53232
15195 4.99828
15196 8.18033
15197 7.4666
15198 9.11351
15199 8.84367
15200 6.3383
15201 4.83361
15202 5.64155
15203 8.23686
15204 6.67567
15205 4.7147
15206 4.63937
15207 3.93346
15208 7.56572
15209 6.59673
15210 5.81077
15211 6.38223
15212 7.35967
15213 4.359
15214 4.03266
15215 4.77861
15216 3.55622
15217 6.12417
15218 4.50337
15219 4.91014
15220 4.87452
15221 6.48828
15222 6.16471
15223 3.67601
15224 4.87876
15225 7.93894
15226 6.74983
15227 7.08358
15228 7.51337
15229 7.34772
15230 9.70964
15231 5.64969
15232 4.46453
15233 7.67614
15234 3.93119
15235 4.56934
15236 6.79609
15237 4.17752
15238 9.45457
15239 4.98989
15240 6.34181
15241 4.41679
15242 4.29377
15243 3.43108
15244 8.55607
15245 5.10882
15246 8.88057
15247 4.87101
15248 6.08299
15249 4.74699
15250 5.85996
15251 4.12126
15252 5.46844
15253 4.70912
15254 5.59843
15255 3.63346
15256 3.82206
15257 5.14328
15258 7.92018
15259 7.78839
15260 4.74818
15261 3.91131
15262 4.57929
15263 5.94683
15264 4.58312
15265 3.96651
15266 7.92012
15267 4.35803
15268 5.58634
15269 6.26776
15270 5.88104
15271 4.46884
15272 5.09728
15273 6.41801
15274 3.20649
15275 4.18032
15276 4.82533
15277 3.95544
15278 7.8659
15279 6.11656
15280 4.93281
15281 6.4008
15282 6.826
15283 5.44004
15284 5.95024
15285 7.86877
15286 9.3816
15287 7.07091
15288 9.85777
15289 3.6031
15290 3.25614
15291 4.48879
15292 5.36858
15293 3.46211
15294 7.80327
15295 5.82996
15296 4.15223
15297 5.37864
15298 7.71217
15299 6.02445
15300 4.97444
15301 5.36054
15302 6.77647
15303 5.17424
15304 6.256
15305 4.36141
15306 3.66472
15307 4.52485
15308 4.57054
15309 6.9487
15310 5.35775
15311 6.55854
15312 8.84941
15313 7.96073
15314 4.07259
15315 4.01567
15316 5.51479
15317 9.67032
15318 4.92027
15319 4.83475
15320 5.05304
15321 5.03939
15322 4.96572
15323 3.46017
15324 6.85703
15325 3.90104
15326 8.85932
15327 3.46098
15328 4.96331
15329 4.14558
15330 4.37171
15331 7.38662
15332 5.31323
15333 4.81316
15334 3.49501
15335 6.2143
15336 4.45006
15337 7.9453
15338 6.98107
15339 3.61172
15340 5.67649
15341 6.271
15342 5.62389
15343 8.4662
15344 7.95499
15345 3.85808
15346 3.75017
15347 6.60719
15348 6.27643
15349 7.59847
15350 5.24621
15351 4.50631
15352 4.65
15353 4.20763
15354 7.58277
15355 6.34073
15356 5.43212
15357 4.43323
15358 6.59133
15359 3.76326
15360 6.39238
15361 4.54125
15362 7.23304
15363 9.16656
15364 6.59265
15365 5.13223
15366 7.21774
15367 7.11071
15368 3.55752
15369 6.38242
15370 4.7365
15371 6.18732
15372 4.84124
15373 4.04608
15374 7.12369
15375 5.74238
15376 5.16185
15377 4.96944
15378 6.80944
15379 6.13888
15380 6.13518
15381 3.5873
15382 3.37817
15383 4.49782
15384 6.06729
15385 4.55147
15386 6.761
15387 6.84702
15388 6.85434
15389 6.91178
15390 8.55863
15391 5.39298
15392 6.2246
15393 9.20871
15394 8.3536
15395 8.09926
15396 3.96148
15397 4.39695
15398 7.0033
15399 6.67259
15400 4.07943
15401 3.61557
15402 6.31445
15403 8.63583
15404 7.61593
15405 3.13406
15406 3.78171
15407 6.49877
15408 9.14241
15409 6.22245
15410 5.97346
15411 4.70961
15412 6.73132
15413 7.72374
15414 5.93443
15415 6.31916
15416 4.81442
15417 4.24794
15418 6.46048
15419 4.30865
15420 5.49587
15421 9.19367
15422 6.7192
15423 7.46919
15424 9.25463
15425 4.73352
15426 3.36154
15427 4.50444
15428 8.52666
15429 5.79144
15430 6.87838
15431 6.15263
15432 5.67426
15433 5.27547
15434 4.9818
15435 6.31069
15436 5.23631
15437 4.20808
15438 4.04018
15439 7.19436
15440 4.73581
15441 5.67658
15442 5.12335
15443 6.16367
15444 9.2722
15445 5.50815
15446 4.7862
15447 8.80929
15448 4.09221
15449 8.18442
15450 4.7302
15451 5.26873
15452 6.07187
15453 6.71499
15454 5.16357
15455 8.09489
15456 4.16736
15457 4.89632
15458 6.50247
15459 4.68254
15460 7.0808
15461 8.06521
15462 5.63525
15463 6.86853
15464 7.60077
15465 7.6059
15466 9.18148
15467 7.30289
15468 4.70493
15469 7.67982
15470 9.50777
15471 6.95903
15472 9.74302
15473 6.8691
15474 9.39142
15475 6.32782
15476 6.04822
15477 3.92849
15478 5.72477
15479 8.34449
15480 8.16063
15481 4.5519
15482 4.77094
15483 3.35225
15484 5.59028
15485 6.4286
15486 4.88049
15487 6.03641
15488 5.81906
15489 7.82429
15490 5.74281
15491 4.85419
15492 6.86522
15493 4.97652
15494 4.38497
15495 5.03128
15496 6.78718
15497 5.69539
15498 4.88254
15499 4.67111
15500 4.54892
15501 7.1501
15502 6.17252
15503 5.47116
15504 7.96399
15505 5.80932
15506 3.84913
15507 4.56624
15508 6.27055
15509 4.31935
15510 3.72015
15511 6.04794
15512 4.5845
15513 5.38269
15514 5.13983
15515 5.31782
15516 6.13227
15517 5.19083
15518 6.00662
15519 4.18591
15520 6.1132
15521 4.37196
15522 4.00897
15523 8.248
15524 4.05886
15525 5.58279
15526 9.08134
15527 6.82869
15528 6.37824
15529 5.09426
15530 4.61273
15531 3.95889
15532 5.02486
15533 4.15477
15534 6.88368
15535 7.96968
15536 4.05483
15537 4.6483
15538 4.088
15539 6.46693
15540 5.64388
15541 5.73931
15542 5.57628
15543 7.21658
15544 7.48928
15545 4.65234
15546 4.54485
15547 6.29964
15548 7.06159
15549 5.17727
15550 6.71294
15551 4.1473
15552 5.2497
15553 4.46449
15554 4.01116
15555 5.15652
15556 5.1449
15557 5.95779
15558 6.61935
15559 4.57936
15560 7.40601
15561 7.75603
15562 7.95013
15563 4.06445
15564 6.56428
15565 3.88223
15566 4.60701
15567 4.7514
15568 5.51404
15569 4.61644
15570 4.63315
15571 3.63687
15572 6.7561
15573 6.73749
15574 4.97577
15575 5.88506
15576 3.78733
15577 9.14842
15578 4.62597
15579 7.82421
15580 6.67303
15581 3.97545
15582 6.17214
15583 6.13205
15584 8.06992
15585 3.67601
15586 6.91818
15587 4.15103
15588 3.47722
15589 7.00009
15590 5.86366
15591 5.20491
15592 8.3788
15593 3.56911
15594 3.41688
15595 4.34148
15596 6.38924
15597 4.67144
15598 7.89402
15599 7.87864
15600 4.88515
15601 4.18302
15602 4.45376
15603 3.72558
15604 7.62623
15605 6.79263
15606 5.61743
15607 5.37081
15608 6.96756
15609 7.01642
15610 6.42597
15611 4.13116
15612 6.6938
15613 5.59888
15614 5.22278
15615 5.29503
15616 4.2585
15617 4.08025
15618 4.40881
15619 9.17343
15620 6.65287
15621 6.08793
15622 4.4914
15623 7.26528
15624 5.9904
15625 4.0227
15626 7.2764
15627 9.26542
15628 5.44479
15629 4.49154
15630 4.94393
15631 4.66299
15632 4.45207
15633 6.72175
15634 4.61059
15635 6.21532
15636 6.05192
15637 4.53978
15638 8.69601
15639 6.00271
15640 5.28487
15641 4.39401
15642 5.70074
15643 4.30381
15644 4.85941
15645 7.70958
15646 8.34897
15647 7.64154
15648 6.64379
15649 4.25442
15650 3.77743
15651 6.03856
15652 3.48153
15653 4.08463
15654 5.18456
15655 4.98374
15656 4.69683
15657 3.7184
15658 5.13252
15659 5.01082
15660 5.82307
15661 5.31924
15662 5.62387
15663 6.37296
15664 8.90649
15665 4.46825
15666 6.07835
15667 6.79726
15668 4.97815
15669 4.59162
15670 9.18446
15671 6.03533
15672 5.07914
15673 4.07871
15674 4.83484
15675 3.22312
15676 8.17843
15677 4.76549
15678 5.60577
15679 7.73308
15680 6.5019
15681 8.70352
15682 6.67495
15683 6.04669
15684 7.85896
15685 8.45007
15686 6.26264
15687 6.1441
15688 4.17548
15689 5.23635
15690 8.24534
15691 9.1524
15692 6.93321
15693 7.06669
15694 5.20299
15695 4.16855
15696 5.35362
15697 3.848
15698 5.58337
15699 5.5927
15700 7.96028
15701 3.87657
15702 8.22474
15703 4.08732
15704 5.26073
15705 4.88478
15706 4.30703
15707 6.47489
15708 3.63637
15709 5.94246
15710 7.97828
15711 6.18557
15712 5.68284
15713 5.36994
15714 3.79175
15715 6.22112
15716 3.5846
15717 7.90864
15718 6.80476
15719 3.94943
15720 7.01439
15721 4.1812
15722 4.37659
15723 7.41097
15724 4.70852
15725 6.15811
15726 9.09356
15727 4.62826
15728 4.54991
15729 5.86613
15730 6.66973
15731 4.67393
15732 5.83773
15733 4.37829
15734 7.344
15735 7.44937
15736 6.80866
15737 6.85347
15738 7.50451
15739 8.37045
15740 3.59415
15741 7.65344
15742 5.0725
15743 3.16288
15744 7.09042
15745 6.88618
15746 4.46884
15747 5.61744
15748 4.10328
15749 7.94708
15750 7.19689
15751 5.84048
15752 3.64975
15753 3.95693
15754 5.89062
15755 5.5262
15756 8.65912
15757 5.55122
15758 4.67136
15759 4.97341
15760 7.24687
15761 8.2496
15762 4.72668
15763 4.9858
15764 5.21138
15765 4.40616
15766 4.31539
15767 9.61916
15768 7.68892
15769 4.04227
15770 8.03657
15771 5.15978
15772 3.35708
15773 4.10707
15774 6.38533
15775 5.53437
15776 9.64213
15777 9.61675
15778 7.70657
15779 7.46722
15780 7.67488
15781 5.52355
15782 4.08309
15783 5.18637
15784 4.54494
15785 4.48082
15786 6.5431
15787 6.38876
15788 5.03551
15789 4.82165
15790 4.18573
15791 6.3031
15792 4.92233
15793 4.89942
15794 4.27357
15795 7.66126
15796 4.89554
15797 5.96548
15798 6.55175
15799 5.89352
15800 7.10444
15801 7.18784
15802 5.75442
15803 7.56258
15804 8.00823
15805 5.27549
15806 8.35208
15807 4.97637
15808 3.98815
15809 7.58105
15810 6.44911
15811 5.88361
15812 4.85898
15813 6.62451
15814 4.90976
15815 5.03388
15816 4.45714
15817 6.89778
15818 4.68362
15819 8.5967
15820 6.69519
15821 3.43466
15822 5.41376
15823 4.58866
15824 3.46875
15825 4.5155
15826 5.4216
15827 5.99601
15828 7.4917
15829 5.26745
15830 5.74891
15831 5.46393
15832 4.90373
15833 6.48705
15834 8.0116
15835 4.52185
15836 6.01174
15837 6.01047
15838 4.66282
15839 4.84472
15840 4.6247
15841 5.00403
15842 7.07574
15843 6.73067
15844 7.26264
15845 7.35656
15846 4.66977
15847 5.62827
15848 4.33079
15849 5.40147
15850 6.70002
15851 5.88933
15852 5.11225
15853 6.63296
15854 6.39291
15855 4.70423
15856 3.55827
15857 5.36036
15858 3.81197
15859 5.24792
15860 4.35417
15861 4.97126
15862 6.03226
15863 5.03806
15864 7.94954
15865 4.59773
15866 6.99409
15867 8.21688
15868 7.25275
15869 6.76114
15870 4.70975
15871 6.46497
15872 4.31745
15873 4.68624
15874 7.3868
15875 4.51187
15876 6.06267
15877 5.56781
15878 5.19915
15879 7.56794
15880 6.81359
15881 7.5182
15882 4.75856
15883 5.62699
15884 6.98577
15885 5.65753
15886 4.43257
15887 5.70508
15888 6.69115
15889 7.16751
15890 5.61999
15891 5.62719
15892 7.07154
15893 5.96154
15894 6.27014
15895 7.0862
15896 7.89271
15897 4.47595
15898 5.04994
15899 4.95494
15900 4.72873
15901 3.81881
15902 8.75546
15903 6.86358
15904 7.21261
15905 3.38003
15906 4.75206
15907 5.93095
15908 3.37116
15909 9.78632
15910 9.16827
15911 6.1651
15912 4.72676
15913 8.74139
15914 6.04939
15915 5.75342
15916 3.67212
15917 6.78091
15918 6.33553
15919 7.06927
15920 7.15123
15921 5.90941
15922 7.77325
15923 7.76029
15924 3.76346
15925 5.05664
15926 4.22778
15927 4.6795
15928 7.12735
15929 5.40851
15930 6.96984
15931 6.76816
15932 6.66724
15933 3.53537
15934 3.59
15935 4.46602
15936 6.4371
15937 3.91759
15938 5.41878
15939 3.74452
15940 5.87146
15941 4.63815
15942 6.2109
15943 5.10831
15944 6.97567
15945 4.31376
15946 5.25648
15947 6.3524
15948 5.82479
15949 7.71585
15950 5.35897
15951 5.09492
15952 6.14613
15953 4.8774
15954 3.81546
15955 4.70496
15956 8.11891
15957 4.49331
15958 6.86899
15959 3.53401
15960 5.5357
15961 4.79983
15962 7.32475
15963 4.21229
15964 8.32875
15965 4.35928
15966 9.06431
15967 9.72413
15968 6.2151
15969 6.32823
15970 7.09472
15971 3.71806
15972 8.04783
15973 6.36692
15974 5.0393
15975 3.60205
15976 5.708
15977 5.34362
15978 4.82755
15979 3.7481
15980 7.79647
15981 4.18815
15982 7.28631
15983 5.07976
15984 5.7561
15985 5.25795
15986 4.48039
15987 5.07146
15988 3.71647
15989 4.91767
15990 5.89263
15991 7.48991
15992 6.57344
15993 4.11996
15994 6.51867
15995 7.22679
15996 5.43667
15997 5.96108
15998 5.46673
15999 7.64026
16000 4.7901
16001 3.9984
16002 6.67078
16003 5.05486
16004 8.79776
16005 3.61607
16006 5.61097
16007 5.94217
16008 6.10156
16009 4.83721
16010 4.94234
16011 4.10902
16012 3.71201
16013 9.54698
16014 6.00536
16015 4.76661
16016 7.03867
16017 6.48519
16018 3.6131
16019 4.60092
16020 4.94181
16021 5.69152
16022 4.16995
16023 6.1196
16024 6.06541
16025 6.74612
16026 6.11021
16027 3.93047
16028 5.76767
16029 9.1338
16030 5.56232
16031 7.94457
16032 4.04233
16033 4.04281
16034 3.70612
16035 6.68616
16036 5.53059
16037 7.2215
16038 5.75073
16039 5.96865
16040 3.57924
16041 6.60158
16042 4.50087
16043 3.43045
16044 3.45129
16045 5.8041
16046 5.82619
16047 7.43497
16048 4.64489
16049 8.76186
16050 6.51944
16051 3.69259
16052 4.38912
16053 5.36294
16054 4.51119
16055 7.57854
16056 4.39252
16057 8.98775
16058 6.50964
16059 4.86301
16060 7.69329
16061 4.72308
16062 8.71354
16063 4.13255
16064 5.56121
16065 4.81996
16066 4.26514
16067 5.42463
16068 6.97953
16069 3.57356
16070 8.42027
16071 7.11509
16072 4.70235
16073 6.04215
16074 7.00853
16075 6.30228
16076 4.76079
16077 4.87991
16078 4.72361
16079 8.65336
16080 8.08473
16081 4.41848
16082 6.78452
16083 6.11231
16084 7.83292
16085 5.54037
16086 7.09124
16087 8.4765
16088 7.07703
16089 4.44243
16090 7.52571
16091 3.44181
16092 4.489
16093 6.71132
16094 5.79263
16095 4.63219
16096 4.87801
16097 3.76437
16098 4.97987
16099 6.04169
16100 9.35245
16101 8.18998
16102 5.75685
16103 7.83016
16104 4.33568
16105 6.25401
16106 3.57089
16107 3.48275
16108 8.9053
16109 8.54706
16110 6.39594
16111 4.93706
16112 9.04101
16113 5.70433
16114 5.39177
16115 7.85755
16116 6.5528
16117 7.87901
16118 4.11138
16119 4.43572
16120 6.92688
16121 7.97525
16122 5.52828
16123 5.65034
16124 5.60031
16125 7.52701
16126 5.45416
16127 4.08563
16128 9.32592
16129 7.20203
16130 4.31219
16131 7.65963
16132 5.84773
16133 3.82479
16134 6.37856
16135 5.79062
16136 3.7898
16137 4.14903
16138 6.29887
16139 6.5883
16140 4.16653
16141 6.19342
16142 5.03043
16143 4.24574
16144 7.76171
16145 8.52785
16146 7.11262
16147 4.25138
16148 7.35897
16149 5.57997
16150 6.70879
16151 9.44912
16152 9.37974
16153 4.81362
16154 3.38729
16155 7.27669
16156 7.47153
16157 7.03937
16158 6.35159
16159 5.16828
16160 4.81479
16161 4.63961
16162 7.22818
16163 6.25901
16164 4.23594
16165 3.46777
16166 9.0731
16167 4.20715
16168 3.57932
16169 5.10559
16170 5.20702
16171 4.58253
16172 5.2324
16173 8.47328
16174 3.97853
16175 3.21549
16176 6.47113
16177 4.69704
16178 3.76557
16179 6.17566
16180 4.12088
16181 7.80115
16182 7.41548
16183 7.8547
16184 7.85846
16185 3.35174
16186 5.14792
16187 3.89831
16188 6.85195
16189 7.62121
16190 7.10609
16191 5.41905
16192 8.21128
16193 3.50815
16194 4.80072
16195 5.76341
16196 7.30714
16197 7.20699
16198 8.30824
16199 8.39265
16200 6.28883
16201 5.96122
16202 6.20936
16203 7.71678
16204 8.40276
16205 4.95912
16206 5.00042
16207 7.81181
16208 8.36184
16209 6.25624
16210 7.44722
16211 7.2001
16212 7.55499
16213 6.35835
16214 4.35809
16215 6.59193
16216 6.28386
16217 6.63796
16218 4.04123
16219 4.45093
16220 4.71341
16221 5.88006
16222 6.40126
16223 3.22029
16224 4.54864
16225 4.69025
16226 4.54722
16227 9.58902
16228 3.63363
16229 6.64544
16230 8.75634
16231 5.46697
16232 7.53617
16233 3.31979
16234 6.32086
16235 6.95238
16236 4.53361
16237 6.15836
16238 7.00002
16239 7.83361
16240 5.07874
16241 6.3562
16242 5.00046
16243 4.32935
16244 3.47145
16245 5.04359
16246 5.48222
16247 4.018
16248 5.88557
16249 4.29108
16250 7.06193
16251 5.69112
16252 5.59763
16253 6.64813
16254 7.50171
16255 6.16725
16256 6.8073
16257 3.6417
16258 8.82241
16259 6.13213
16260 6.29611
16261 8.08882
16262 6.13467
16263 8.81015
16264 4.58778
16265 7.33724
16266 4.56876
16267 9.64185
16268 7.01909
16269 8.60226
16270 6.20309
16271 7.82248
16272 8.98046
16273 4.34223
16274 3.93697
16275 7.92997
16276 4.85613
16277 4.57075
16278 7.53035
16279 3.70804
16280 6.624
16281 4.76739
16282 7.57033
16283 6.49952
16284 7.52975
16285 9.47619
16286 3.37488
16287 4.17111
16288 3.46358
16289 9.14588
16290 6.70991
16291 7.14349
16292 5.35775
16293 5.4318
16294 8.04015
16295 4.22961
16296 3.92166
16297 3.65613
16298 5.93983
16299 3.82345
16300 4.89698
16301 7.58096
16302 7.1137
16303 5.28923
16304 9.6854
16305 5.93555
16306 6.20809
16307 6.08707
16308 7.46684
16309 5.93645
16310 8.25813
16311 7.48847
16312 6.23049
16313 4.47247
16314 8.54753
16315 6.9216
16316 4.05678
16317 3.52024
16318 6.59774
16319 7.15528
16320 4.66256
16321 6.078
16322 6.81934
16323 5.94604
16324 8.22256
16325 3.4404
16326 3.77201
16327 5.40626
16328 3.95564
16329 4.92558
16330 3.69351
16331 3.72546
16332 4.91597
16333 3.85857
16334 6.49246
16335 5.46714
16336 7.28455
16337 5.91901
16338 5.90731
16339 5.23159
16340 5.16124
16341 7.69749
16342 6.26586
16343 4.85521
16344 5.90153
16345 4.3923
16346 6.74268
16347 4.25029
16348 5.05499
16349 7.9865
16350 4.6311
16351 4.53766
16352 4.53063
16353 7.08829
16354 6.7973
16355 5.851
16356 5.89956
16357 4.64325
16358 4.61472
16359 5.44376
16360 6.24354
16361 6.54877
16362 4.64848
16363 6.18108
16364 6.03927
16365 5.43264
16366 6.29335
16367 7.01392
16368 6.31917
16369 5.9206
16370 8.34138
16371 8.18669
16372 6.70606
16373 5.43055
16374 6.23256
16375 4.97348
16376 6.39816
16377 5.34723
16378 6.23961
16379 3.87701
16380 8.74881
16381 9.39552
16382 5.89808
16383 4.96052
16384 7.88444
16385 4.44401
16386 7.26997
16387 5.07641
16388 6.15663
16389 5.58843
16390 5.62117
16391 4.96394
16392 5.91153
16393 3.98498
16394 6.30704
16395 4.48776
16396 7.0105
16397 4.19746
16398 6.58046
16399 6.68234
16400 5.22837
16401 6.80228
16402 7.75815
16403 6.45351
16404 7.04864
16405 3.83651
16406 5.35863
16407 6.7288
16408 4.1646
16409 8.84362
16410 4.44042
16411 8.55388
16412 9.91663
16413 5.81685
16414 6.30998
16415 7.02483
16416 3.66434
16417 5.72527
16418 4.63542
16419 4.16639
16420 8.48287
16421 5.7579
16422 7.80727
16423 8.4664
16424 4.31334
16425 7.35072
16426 4.83131
16427 6.93985
16428 7.1121
16429 7.85995
16430 4.49815
16431 5.93999
16432 4.3009
16433 3.64299
16434 6.41972
16435 5.32356
16436 4.98942
16437 5.29754
16438 4.96607
16439 6.51689
16440 7.38234
16441 7.90789
16442 6.83025
16443 5.57648
16444 3.40604
16445 6.48346
16446 8.17331
16447 7.15082
16448 5.69989
16449 5.23868
16450 3.69895
16451 6.0297
16452 6.32749
16453 3.58004
16454 6.4279
16455 7.14526
16456 5.10496
16457 7.63567
16458 7.82812
16459 3.43932
16460 3.50216
16461 7.43407
16462 3.51329
16463 5.5453
16464 5.06079
16465 3.54412
16466 5.98781
16467 3.57798
16468 6.81701
16469 6.7024
16470 4.54422
16471 5.24366
16472 4.73253
16473 5.98641
16474 6.738
16475 7.13739
16476 6.1352
16477 4.33814
16478 3.75736
16479 5.80175
16480 8.01813
16481 4.7033
16482 5.67648
16483 7.67591
16484 4.60597
16485 4.83083
16486 4.6606
16487 7.39268
16488 5.38969
16489 6.99492
16490 7.94361
16491 8.6401
16492 5.08077
16493 3.55803
16494 7.03428
16495 5.73537
16496 9.75045
16497 6.34445
16498 9.75556
16499 8.91902
16500 4.13659
16501 4.80562
16502 5.10333
16503 6.69956
16504 7.08118
16505 5.90126
16506 7.90537
16507 4.83566
16508 8.90105
16509 6.17549
16510 5.65169
16511 4.74536
16512 5.89442
16513 7.11894
16514 7.93145
16515 5.43808
16516 6.44622
16517 5.39346
16518 4.8434
16519 5.27312
16520 4.70431
16521 3.93439
16522 7.11176
16523 9.83488
16524 7.40204
16525 4.46209
16526 4.54471
16527 4.45888
16528 7.65388
16529 5.11026
16530 5.10003
16531 3.78077
16532 4.52322
16533 6.23532
16534 3.4744
16535 3.91313
16536 4.02557
16537 4.86153
16538 6.01899
16539 4.52497
16540 6.89481
16541 6.84145
16542 4.05823
16543 4.83458
16544 6.0167
16545 5.25386
16546 7.63802
16547 6.32389
16548 6.1539
16549 3.70951
16550 6.01019
16551 7.68225
16552 6.19741
16553 5.49054
16554 5.70718
16555 6.53798
16556 5.31694
16557 5.98619
16558 5.19642
16559 6.97238
16560 5.09778
16561 4.1794
16562 5.06319
16563 3.95076
16564 4.84892
16565 3.71069
16566 5.33833
16567 6.43811
16568 6.20492
16569 4.81436
16570 4.02068
16571 3.93451
16572 9.41464
16573 3.28121
16574 4.94676
16575 5.47498
16576 5.78305
16577 6.50516
16578 5.38599
16579 4.92593
16580 5.65753
16581 5.42538
16582 4.51955
16583 5.40556
16584 5.74251
16585 4.51766
16586 6.25843
16587 4.0179
16588 5.76044
16589 5.84858
16590 4.03568
16591 8.15854
16592 4.97855
16593 4.02112
16594 5.52313
16595 3.87448
16596 6.71179
16597 6.46399
16598 4.30785
16599 8.08418
16600 6.87898
16601 8.4514
16602 5.69319
16603 8.4876
16604 4.10263
16605 6.37104
16606 6.06571
16607 7.33884
16608 4.3817
16609 3.807
16610 8.16268
16611 3.9881
16612 6.48336
16613 7.57591
16614 5.95252
16615 6.8631
16616 6.15252
16617 3.56438
16618 3.91366
16619 4.06847
16620 6.99198
16621 6.80582
16622 3.34117
16623 3.60658
16624 5.299
16625 4.31168
16626 3.94013
16627 7.36644
16628 7.11508
16629 5.72276
16630 7.54741
16631 7.02453
16632 5.05214
16633 3.54122
16634 3.76924
16635 6.36401
16636 8.44574
16637 3.9196
16638 3.99427
16639 7.39731
16640 5.55868
16641 7.26273
16642 5.90134
16643 3.42345
16644 7.42653
16645 5.84444
16646 8.53744
16647 9.49939
16648 5.21075
16649 5.60977
16650 7.01882
16651 7.21688
16652 5.40083
16653 6.99798
16654 5.67333
16655 7.73259
16656 7.29876
16657 8.40561
16658 5.33645
16659 8.8648
16660 4.90646
16661 7.06099
16662 8.06868
16663 7.51143
16664 4.85271
16665 4.77484
16666 4.68418
16667 9.98462
16668 4.88174
16669 5.29477
16670 5.89617
16671 7.88354
16672 8.29485
16673 7.5279
16674 7.8048
16675 7.06733
16676 7.20759
16677 6.21281
16678 5.72485
16679 5.0539
16680 4.666
16681 4.98351
16682 5.6511
16683 5.65599
16684 7.25245
16685 6.02417
16686 3.99874
16687 6.84248
16688 6.33728
16689 7.21776
16690 5.77837
16691 5.41793
16692 4.56364
16693 6.74317
16694 6.59889
16695 4.42086
16696 4.9981
16697 5.43579
16698 6.5168
16699 7.72956
16700 5.05959
16701 3.82013
16702 4.19684
16703 6.32091
16704 5.77702
16705 9.93746
16706 4.98673
16707 9.6999
16708 7.04957
16709 6.35259
16710 4.055
16711 4.72381
16712 7.39402
16713 6.10584
16714 5.99119
16715 6.47809
16716 4.14128
16717 3.96248
16718 7.31326
16719 5.42543
16720 6.51409
16721 9.18448
16722 8.48439
16723 6.93275
16724 5.84948
16725 7.06278
16726 6.86181
16727 6.29754
16728 5.85257
16729 5.61839
16730 7.41019
16731 5.756
16732 5.02943
16733 4.62734
16734 6.66941
16735 6.07983
16736 4.94053
16737 5.69518
16738 3.68978
16739 5.43777
16740 6.13883
16741 4.90962
16742 7.01786
16743 3.27996
16744 6.66155
16745 5.8869
16746 4.55128
16747 7.96095
16748 4.201
16749 6.18953
16750 3.54426
16751 5.38658
16752 5.28528
16753 5.802
16754 6.44306
16755 4.02524
16756 4.55518
16757 6.80783
16758 7.27092
16759 5.56586
16760 5.62002
16761 4.61478
16762 8.77054
16763 3.77245
16764 7.09073
16765 4.75623
16766 7.9023
16767 6.29649
16768 8.17222
16769 4.62283
16770 6.24462
16771 6.07142
16772 6.89948
16773 5.49683
16774 5.65254
16775 5.27561
16776 5.61956
16777 6.97608
16778 7.22749
16779 8.24807
16780 9.17296
16781 5.31316
16782 6.62987
16783 9.36187
16784 7.40657
16785 5.52438
16786 4.15333
16787 5.64481
16788 5.72021
16789 5.50407
16790 5.28014
16791 3.66411
16792 6.34272
16793 3.71584
16794 7.62699
16795 4.4342
16796 6.03988
16797 6.01891
16798 6.19121
16799 6.45003
16800 6.06388
16801 7.81326
16802 5.14185
16803 7.93113
16804 6.51059
16805 6.04862
16806 4.87973
16807 7.48188
16808 6.62957
16809 9.00831
16810 4.4078
16811 4.40422
16812 4.39549
16813 5.73681
16814 6.10648
16815 6.20893
16816 5.07353
16817 7.95051
16818 4.71075
16819 7.56543
16820 5.24816
16821 5.18262
16822 6.7559
16823 8.58253
16824 6.89528
16825 5.76175
16826 5.33174
16827 3.23113
16828 7.36381
16829 4.89123
16830 4.66412
16831 4.97537
16832 6.09901
16833 7.27864
16834 4.99962
16835 4.19607
16836 3.4253
16837 5.16742
16838 4.87374
16839 6.59354
16840 4.38421
16841 9.68155
16842 8.35291
16843 7.41391
16844 6.49213
16845 4.87742
16846 5.55265
16847 4.57662
16848 4.1478
16849 6.37243
16850 5.80849
16851 4.85167
16852 5.48509
16853 4.65796
16854 5.48863
16855 5.7724
16856 4.67581
16857 8.01214
16858 5.83425
16859 3.97044
16860 8.28671
16861 9.68901
16862 4.68933
16863 5.9739
16864 6.83333
16865 5.61435
16866 6.60211
16867 3.66007
16868 6.18644
16869 5.43663
16870 3.86428
16871 4.92386
16872 4.42878
16873 4.43556
16874 3.2353
16875 4.82332
16876 7.9424
16877 4.43067
16878 5.196
16879 4.5861
16880 8.39729
16881 5.08996
16882 7.72868
16883 3.93718
16884 9.2038
16885 6.1523
16886 7.48877
16887 6.05457
16888 4.1721
16889 4.29982
16890 4.90141
16891 4.73065
16892 5.60539
16893 7.45321
16894 5.1928
16895 9.42317
16896 4.23603
16897 7.02917
16898 6.51252
16899 4.76933
16900 5.21954
16901 6.21241
16902 4.6296
16903 6.64566
16904 5.76715
16905 8.76896
16906 8.1861
16907 4.99304
16908 4.6024
16909 8.14697
16910 9.29522
16911 6.4574
16912 4.74666
16913 6.24653
16914 4.20787
16915 8.1641
16916 4.44619
16917 3.81044
16918 7.12187
16919 6.61171
16920 7.36502
16921 6.98888
16922 7.48198
16923 3.87538
16924 6.22276
16925 6.20021
16926 6.63623
16927 5.08486
16928 5.62215
16929 3.85853
16930 4.0221
16931 3.39173
16932 5.29077
16933 8.30392
16934 4.31815
16935 5.80767
16936 4.64081
16937 6.04341
16938 6.78462
16939 8.30073
16940 7.64211
16941 6.89058
16942 5.66332
16943 4.63638
16944 7.64641
16945 5.93403
16946 4.82206
16947 9.13349
16948 4.59709
16949 5.21244
16950 7.75724
16951 4.91834
16952 7.31161
16953 6.75878
16954 8.00934
16955 4.99759
16956 7.07043
16957 5.71403
16958 5.88707
16959 3.48765
16960 8.62673
16961 7.8135
16962 6.02381
16963 5.15128
16964 5.61373
16965 8.35292
16966 6.82059
16967 9.96447
16968 6.59825
16969 6.85144
16970 6.00701
16971 8.2098
16972 5.88791
16973 8.4722
16974 7.34968
16975 4.25974
16976 4.81762
16977 7.20872
16978 7.66855
16979 4.6764
16980 9.12637
16981 6.50161
16982 6.33317
16983 4.30977
16984 7.74491
16985 6.10128
16986 4.95395
16987 6.62035
16988 5.36145
16989 4.03502
16990 5.01432
16991 6.66128
16992 3.9398
16993 9.52872
16994 5.54791
16995 6.67899
16996 6.97373
16997 4.08407
16998 9.6413
16999 9.0205
17000 5.18715
17001 6.99772
17002 5.67945
17003 7.7695
17004 6.15322
17005 4.15022
17006 5.33406
17007 3.79388
17008 5.64478
17009 4.3799
17010 3.95419
17011 6.05048
17012 5.35238
17013 7.14323
17014 4.63203
17015 5.2638
17016 3.74999
17017 6.38004
17018 5.57529
17019 5.27379
17020 3.38609
17021 4.89617
17022 7.38649
17023 8.51108
17024 8.97626
17025 5.64227
17026 4.66048
17027 5.29981
17028 7.18711
17029 8.88322
17030 9.33427
17031 8.88646
17032 7.0347
17033 5.90165
17034 6.80648
17035 5.17343
17036 3.27642
17037 5.71625
17038 6.35379
17039 5.41065
17040 5.41719
17041 3.35648
17042 4.64344
17043 5.65799
17044 7.31193
17045 8.53739
17046 6.60379
17047 9.5764
17048 8.06143
17049 7.7856
17050 8.57807
17051 5.71003
17052 7.08406
17053 6.22629
17054 6.30143
17055 4.4103
17056 5.70851
17057 4.59395
17058 4.88348
17059 4.36038
17060 7.33015
17061 4.66023
17062 3.68854
17063 5.57793
17064 7.36809
17065 5.83778
17066 4.61045
17067 4.54162
17068 3.90107
17069 3.9597
17070 6.58436
17071 5.00416
17072 5.74725
17073 7.99069
17074 6.7051
17075 4.39899
17076 5.42231
17077 5.78144
17078 6.37
17079 6.41947
17080 4.12398
17081 7.83079
17082 7.23611
17083 5.92649
17084 6.22508
17085 4.54186
17086 6.2174
17087 7.6432
17088 4.05032
17089 6.29325
17090 5.70894
17091 6.76246
17092 6.87658
17093 8.20785
17094 5.54831
17095 6.45954
17096 7.66911
17097 4.26734
17098 4.42081
17099 3.79264
17100 5.77714
17101 6.6241
17102 7.39886
17103 6.87199
17104 4.98601
17105 4.35394
17106 6.94954
17107 5.61308
17108 6.7538
17109 4.58447
17110 5.96514
17111 5.07253
17112 8.55079
17113 7.06637
17114 4.86703
17115 7.9299
17116 4.86878
17117 4.35858
17118 4.55466
17119 3.75408
17120 3.70548
17121 3.71721
17122 8.10814
17123 4.60111
17124 7.21325
17125 7.29044
17126 6.40636
17127 5.45553
17128 4.99632
17129 8.286
17130 8.36359
17131 9.63137
17132 5.67632
17133 4.26895
17134 4.5732
17135 4.18243
17136 5.66092
17137 6.74992
17138 6.94241
17139 5.95066
17140 6.33587
17141 5.62281
17142 6.67198
17143 7.13145
17144 3.34865
17145 4.89804
17146 4.21921
17147 6.07997
17148 7.36098
17149 7.38833
17150 6.02615
17151 6.93146
17152 6.33329
17153 6.08749
17154 5.86762
17155 8.46836
17156 6.99367
17157 6.25368
17158 8.79977
17159 4.12602
17160 5.92905
17161 5.84734
17162 3.79289
17163 5.9928
17164 6.21388
17165 5.84387
17166 3.94177
17167 4.93814
17168 5.5546
17169 6.15915
17170 6.02112
17171 4.16623
17172 7.20169
17173 7.27184
17174 5.58094
17175 5.76334
17176 7.20319
17177 3.75768
17178 8.71964
17179 9.24459
17180 6.56957
17181 6.87409
17182 6.71968
17183 4.58692
17184 9.22917
17185 4.93808
17186 5.98438
17187 5.15877
17188 6.28911
17189 5.71114
17190 6.61902
17191 6.51575
17192 5.07771
17193 9.72017
17194 5.86046
17195 5.53473
17196 4.81945
17197 6.24361
17198 9.46254
17199 9.50702
17200 5.36752
17201 4.75656
17202 3.69973
17203 3.92047
17204 6.80872
17205 6.86754
17206 6.38555
17207 3.76843
17208 7.45138
17209 8.81478
17210 8.70039
17211 4.01668
17212 6.45645
17213 6.46722
17214 5.77644
17215 4.78636
17216 6.07252
17217 6.94147
17218 8.95752
17219 3.55173
17220 9.04817
17221 5.48568
17222 4.62547
17223 6.67369
17224 3.8001
17225 8.63072
17226 7.80845
17227 4.81088
17228 4.69784
17229 5.80563
17230 4.14792
17231 5.74802
17232 8.68983
17233 6.74219
17234 4.83227
17235 3.72845
17236 6.7018
17237 5.07103
17238 7.98537
17239 5.08578
17240 6.10014
17241 3.81576
17242 3.37861
17243 7.88354
17244 4.78381
17245 7.96207
17246 5.51608
17247 7.75936
17248 6.54747
17249 4.20618
17250 5.21666
17251 3.23093
17252 3.40552
17253 4.03043
17254 5.3188
17255 4.15567
17256 3.27269
17257 5.49958
17258 6.78381
17259 3.93541
17260 3.85766
17261 3.71658
17262 5.76448
17263 5.51114
17264 6.05712
17265 5.43163
17266 3.85827
17267 7.3124
17268 7.796
17269 8.02995
17270 6.57992
17271 8.78567
17272 3.7176
17273 5.06981
17274 4.72189
17275 7.61459
17276 6.78141
17277 5.5284
17278 4.53891
17279 4.85393
17280 3.98878
17281 7.34698
17282 5.73898
17283 7.47869
17284 7.69116
17285 7.97583
17286 7.27776
17287 6.35826
17288 4.61864
17289 8.61879
17290 6.50115
17291 4.50315
17292 5.35933
17293 4.70984
17294 5.51861
17295 8.09532
17296 3.98482
17297 6.16808
17298 6.0085
17299 4.27482
17300 3.48873
17301 3.97406
17302 7.54468
17303 5.4548
17304 8.16892
17305 5.52393
17306 5.78886
17307 6.85636
17308 7.82254
17309 7.47128
17310 7.06426
17311 4.29726
17312 6.21746
17313 4.03655
17314 6.29907
17315 6.2976
17316 5.55865
17317 5.8275
17318 5.4489
17319 7.03147
17320 4.30096
17321 4.66311
17322 8.04295
17323 4.96876
17324 5.56448
17325 6.25729
17326 7.11374
17327 7.73118
17328 3.59185
17329 6.76403
17330 3.89292
17331 3.96782
17332 5.52494
17333 4.57693
17334 4.31731
17335 8.2288
17336 5.02695
17337 4.63372
17338 4.84905
17339 5.53958
17340 6.76744
17341 8.61999
17342 7.06531
17343 5.91184
17344 5.29616
17345 8.23236
17346 6.04664
17347 4.31002
17348 5.79509
17349 7.08029
17350 8.59049
17351 6.96613
17352 4.99054
17353 3.89116
17354 7.89447
17355 6.63058
17356 8.10337
17357 5.81591
17358 7.34053
17359 6.43596
17360 4.84496
17361 4.67674
17362 7.3896
17363 4.52658
17364 3.9507
17365 5.5114
17366 5.67356
17367 6.97966
17368 5.97105
17369 6.3227
17370 4.6934
17371 9.22395
17372 5.65333
17373 5.55484
17374 4.64957
17375 6.08174
17376 5.76434
17377 5.3396
17378 7.80546
17379 5.63181
17380 7.41273
17381 6.42178
17382 6.97766
17383 8.70698
17384 4.00099
17385 5.72568
17386 5.06103
17387 7.60965
17388 6.55857
17389 5.19281
17390 5.19885
17391 5.71447
17392 5.79248
17393 6.33527
17394 4.57502
17395 5.15582
17396 8.79741
17397 7.79134
17398 3.82827
17399 3.6727
17400 5.82949
17401 9.1949
17402 9.56002
17403 3.72317
17404 5.77403
17405 5.24261
17406 4.35
17407 3.6588
17408 6.52945
17409 6.92729
17410 4.7904
17411 5.12045
17412 5.15489
17413 6.96122
17414 6.93264
17415 9.25606
17416 5.47317
17417 3.6742
17418 7.60896
17419 3.57361
17420 8.385
17421 5.18327
17422 8.30721
17423 4.84975
17424 6.85273
17425 5.58259
17426 4.40927
17427 4.51648
17428 5.17448
17429 6.78527
17430 4.95653
17431 5.27269
17432 7.43214
17433 4.82663
17434 4.9049
17435 4.53325
17436 5.20637
17437 6.18853
17438 7.13227
17439 4.91819
17440 6.79241
17441 3.40531
17442 7.31993
17443 7.81071
17444 5.82801
17445 8.48
17446 3.81238
17447 4.81362
17448 4.15044
17449 6.44161
17450 6.82819
17451 3.54344
17452 7.84584
17453 9.06152
17454 4.88225
17455 3.4195
17456 6.38872
17457 5.96142
17458 6.21769
17459 3.88471
17460 6.96273
17461 5.28523
17462 6.41329
17463 7.87569
17464 6.95173
17465 8.15909
17466 5.18867
17467 5.34266
17468 9.35315
17469 8.93428
17470 4.91778
17471 5.28235
17472 5.51127
17473 4.88374
17474 4.57734
17475 4.07643
17476 6.60686
17477 5.37568
17478 7.69743
17479 4.50251
17480 4.36787
17481 4.3737
17482 4.35669
17483 7.02695
17484 7.32375
17485 8.13891
17486 6.19604
17487 5.8278
17488 7.47173
17489 4.6251
17490 5.79729
17491 5.48045
17492 8.11409
17493 5.63583
17494 8.22384
17495 4.50898
17496 6.01894
17497 8.41465
17498 3.94643
17499 8.23968
17500 8.90714
17501 8.00582
17502 5.72826
17503 6.15043
17504 5.10741
17505 5.03276
17506 4.32263
17507 4.85512
17508 5.07755
17509 7.37943
17510 5.97345
17511 4.73899
17512 5.45938
17513 3.57728
17514 5.56126
17515 6.2632
17516 7.11094
17517 6.34626
17518 5.1207
17519 5.41845
17520 4.334
17521 9.37288
17522 3.48679
17523 5.16579
17524 6.58743
17525 6.32488
17526 5.6843
17527 7.77852
17528 4.36379
17529 7.52417
17530 4.67571
17531 4.03714
17532 6.74281
17533 7.18409
17534 8.1878
17535 3.87751
17536 5.12385
17537 6.54504
17538 4.80744
17539 6.31027
17540 5.14627
17541 4.60125
17542 6.92813
17543 5.83791
17544 4.14652
17545 5.11063
17546 3.74689
17547 6.04819
17548 4.1905
17549 6.39736
17550 4.81385
17551 5.52677
17552 6.23597
17553 8.372
17554 6.08839
17555 5.33417
17556 6.54193
17557 5.8913
17558 5.41413
17559 6.74992
17560 4.02013
17561 6.08823
17562 3.22443
17563 7.09503
17564 3.63616
17565 6.92626
17566 6.96359
17567 4.85376
17568 7.51136
17569 7.17893
17570 9.13244
17571 4.37948
17572 7.20161
17573 5.60346
17574 6.85311
17575 5.37082
17576 6.6428
17577 6.35157
17578 5.74576
17579 6.28316
17580 4.79551
17581 3.70954
17582 4.55114
17583 6.51466
17584 4.7737
17585 5.68878
17586 5.18904
17587 5.85591
17588 4.19031
17589 6.36711
$EndElementData
